[{"$i":"select","$v":"বাছনি কৰক"},{"$i":"tcl-select","$v":"বাছনি কৰক"},{"$i":"invalid-image","$v":"অবৈধ চিত্ৰ"},{"$i":"image-too-big","$v":"গেলাৰীত দেখুৱাবলৈ চিত্ৰৰ ফাইলৰ আকাৰ বহুত ডাঙৰ হৈছে"},{"$i":"tcl-selected-items-count","$v":["(",{"t":"idOrVar","v":"n"},") বাছনি কৰিছে"]},{"$i":"delete-photo?","$v":"ফটো বিলোপ কৰিব?"},{"$i":"delete-video?","$v":"ভিডিঅ’ বিলোপ কৰিব?"},{"$i":"delete-n-items?","$v":{"zero":"একোৱেই বাছনি কৰা নাই","one":"বাছনি কৰা আইটেম বিলোপ কৰিব?","two":[{"t":"idOrVar","v":"n"}," আইটেম বিলোপ কৰিব?"],"few":[{"t":"idOrVar","v":"n"}," আইটেম বিলোপ কৰিব?"],"many":[{"t":"idOrVar","v":"n"}," আইটেম বিলোপ কৰিব?"],"other":[{"t":"idOrVar","v":"n"}," আইটেম বিলোপ কৰিব?"]},"$x":[{"t":"idOrVar","v":"plural"},"n"]},{"$i":"tcl-contact-set-ok","$v":"কনটেক্ট চিত্ৰ যোগ কৰা হৈছে"},{"$i":"tcl-contact-set-fail","$v":"কনটেক্ট চিত্ৰ চেট কৰাত বিফল হ’ল"},{"$i":"tcl-exposure-done","$v":"এক্সপ’জাৰ প্ৰয়োগ কৰা হৈছে"},{"$i":"tcl-rotation-done","$v":"চিত্ৰ ঘূৰিছে"},{"$i":"tcl-crop-done","$v":"চিত্ৰ ক্ৰপ কৰা হৈছে"},{"$i":"tcl-filters-done","$v":"ফিল্টাৰ প্ৰয়োগ হৈছে"},{"$i":"tcl-autocorrection-done","$v":"স্বতঃ-শুধৰণি প্ৰযোজ্য হৈছে"},{"$i":"tcl-changes-saved","$v":"পৰিৱৰ্তনসমূহ চেভ কৰা হৈছে"},{"$i":"wallpaper-set","$v":"ৱালপেপাৰ ছেট"},{"$i":"tcl-single-image-locked","$v":"বাছনি কৰা চিত্ৰ লক হৈছে"},{"$i":"tcl-single-image-unlocked","$v":"বাছনি কৰা চিত্ৰ আনলক কৰা হৈছে"},{"$i":"tcl-single-image-deleted","$v":"ফটো বিলোপ কৰা হ’ল ৷"},{"$i":"tcl-multiple-images-locked","$v":{"zero":"চিত্ৰ লক হোৱা নাই","one":[{"t":"idOrVar","v":"n"},"চিত্ৰ লক কৰা হৈছে"],"other":[{"t":"idOrVar","v":"n"},"চিত্ৰসমূহ লক কৰা হৈছে"]},"$x":[{"t":"idOrVar","v":"plural"},"n"]},{"$i":"tcl-multiple-images-unlocked","$v":{"zero":"চিত্ৰ লক হোৱা নাই","one":[{"t":"idOrVar","v":"n"},"চিত্ৰ আনলক কৰা হৈছে"],"other":[{"t":"idOrVar","v":"n"}," চিত্ৰসমূহ আনলক কৰা হৈছে"]},"$x":[{"t":"idOrVar","v":"plural"},"n"]},{"$i":"tcl-deleted-n-photos","$v":{"zero":"চিত্ৰ বিলোপ হোৱা নাই","one":[{"t":"idOrVar","v":"n"},"চিত্ৰ বিলোপ কৰা হৈছে"],"other":[{"t":"idOrVar","v":"n"},"চিত্ৰসমূহ বিলোপ কৰা হৈছে"]},"$x":[{"t":"idOrVar","v":"plural"},"n"]},{"$i":"tcl-undo","$v":"আনডু কৰক"},{"$i":"pickoneimage2","$v":"বাছনি কৰক"},{"$i":"cropimage","$v":"ক্ৰপ কৰক"},{"$i":"tcl-no","$v":"নহয়"},{"$i":"tcl-on","$v":"অন"},{"$i":"tcl-off","$v":"অফ"},{"$i":"tcl-return","$v":"ঘূৰক"},{"$i":"cancel","$v":"বাতিল কৰক"},{"$i":"delete","$v":"বিলোপ কৰক"},{"$i":"ok","$v":"ঠিক আছে"},{"$i":"edit","$v":"সম্পাদনা কৰক"},{"$i":"save","$v":"ছেভ কৰক"},{"$i":"done","$v":"কৰা হল"},{"$i":"exposure","$v":"এক্সপ’জাৰ"},{"$i":"crop","$v":"ক্ৰপ কৰক"},{"$i":"effects","$v":"প্ৰভাৱসমূহ"},{"$i":"borders","$v":"ব’ৰ্ডাৰ"},{"$i":"enhance-on","$v":"স্বতঃ-বৰ্ধন অন কৰক"},{"$i":"enhance-off","$v":"স্বতঃ-বৰ্ধন অফ কৰক"},{"$i":"tcl-exit","$v":"প্ৰস্থান কৰক"},{"$i":"tcl-set","$v":"ছেট কৰক"},{"$i":"tcl-takephoto","$v":"ফটো লওক"},{"$i":"tcl-options","$v":"বিকল্পসমূহ"},{"$i":"tcl-select-all","$v":"সকলোবোৰ বাছনি কৰক"},{"$i":"tcl-deselect-all","$v":"সকলোবোৰ অ-বাছনি কৰক"},{"$i":"tcl-lock","$v":"লক কৰক"},{"$i":"tcl-unlock","$v":"আনলক কৰক"},{"$i":"tcl-rename","$v":"পুনঃনামাকৰণ কৰক"},{"$i":"tcl-rotate","$v":"ঘূৰাওক"},{"$i":"tcl-share","$v":"শ্বেয়াৰ কৰক"},{"$i":"tcl-settings","$v":"ছেটিংছ"},{"$i":"tcl-set-as","$v":"ৰূপে ছেট কৰক"},{"$i":"tcl-wallpaper","$v":"ৱালপেপাৰ"},{"$i":"tcl-existing-contact-image","$v":"বৰ্তি থকা কনটেক্টৰ বাবে চিত্ৰ"},{"$i":"tcl-zoom","$v":"জুম কৰক"},{"$i":"tcl-zoom-in","$v":"জুম ইন কৰক"},{"$i":"tcl-zoom-out","$v":"জুম আউট কৰক"},{"$i":"tcl-file-info","$v":"ফাইলৰ তথ্য"},{"$i":"tcl-select-multiple","$v":"একাধিক বাছনি কৰক"},{"$i":"tcl-invalid-name","$v":"অবৈধ নাম"},{"$i":"tcl-name-already-exists","$v":"এই নামটো ইতিমধ্যে মজুত আছে"},{"$i":"tcl-override-warning-msg","$v":"আপুনি বিদ্যমান চিত্ৰখন অ’ভাৰৰাইড কৰিব বিচাৰে নেকি?"},{"$i":"tcl-override","$v":"অ’ভাৰৰাইড"},{"$i":"tcl-edit-title","$v":"চিত্ৰ সম্পাদনা কৰক"},{"$i":"tcl-edit-exposure","$v":"এক্সপ’জাৰ"},{"$i":"tcl-edit-crop","$v":"ক্ৰপ কৰক"},{"$i":"tcl-edit-rotate","$v":"ঘূৰাওক"},{"$i":"tcl-edit-filters","$v":"ফিল্টাৰসমূহ"},{"$i":"tcl-edit-auto-correct","$v":"স্বতঃ-শুদ্ধকৰণ"},{"$i":"edit-exposure","ariaLabel":"এক্সপ’জাৰ"},{"$i":"edit-crop","ariaLabel":"ক্ৰপ কৰক"},{"$i":"edit-rotate","ariaLabel":"ঘূৰাওক"},{"$i":"edit-filters","ariaLabel":"ফিল্টাৰসমূহ"},{"$i":"edit-auto-correct","ariaLabel":"স্বতঃ-শুদ্ধকৰণ"},{"$i":"tcl-crop-none","$v":"ক্ৰপিং আনডু কৰক"},{"$i":"tcl-crop-aspect-free","$v":"ডিফ’ল্ট"},{"$i":"tcl-crop-aspect-portrait","$v":"2:3"},{"$i":"tcl-crop-aspect-landscape","$v":"3:2"},{"$i":"tcl-crop-aspect-square","$v":"1:1"},{"$i":"crop-none","ariaLabel":"ক্ৰপিং আনডু কৰক"},{"$i":"crop-aspect-free","ariaLabel":"ডিফ’ল্ট"},{"$i":"crop-aspect-portrait","ariaLabel":"2:3"},{"$i":"crop-aspect-landscape","ariaLabel":"3:2"},{"$i":"crop-aspect-square","ariaLabel":"1:1"},{"$i":"tcl-edit-filters-none","$v":"ফিল্টাৰ 1"},{"$i":"tcl-edit-filters-bw","$v":"ফিল্টাৰ 2"},{"$i":"tcl-edit-filters-sepia","$v":"ফিল্টাৰ 3"},{"$i":"tcl-edit-filters-bluesteel","$v":"ফিল্টাৰ 4"},{"$i":"tcl-edit-filters-faded","$v":"ফিল্টাৰ 5"},{"$i":"edit-filters-none","ariaLabel":"ফিল্টাৰ 1"},{"$i":"edit-filters-bw","ariaLabel":"ফিল্টাৰ 2"},{"$i":"edit-filters-sepia","ariaLabel":"ফিল্টাৰ 3"},{"$i":"edit-filters-bluesteel","ariaLabel":"ফিল্টাৰ 4"},{"$i":"edit-filters-faded","ariaLabel":"ফিল্টাৰ 5"},{"$i":"tcl-rotate-cw","$v":"CW"},{"$i":"tcl-rotate-ccw","$v":"CCW"},{"$i":"original","$v":"প্ৰকৃত"},{"$i":"blackandwhite","$v":{"$o":"B&W"}},{"$i":"sepia","$v":"চেপিয়া"},{"$i":"freeform","$v":"ফ্ৰীফৰ্ম"},{"$i":"portrait","$v":"প’ৰ্ট্ৰেইট"},{"$i":"landscape","$v":"লেণ্ডস্কেপ"},{"$i":"square","$v":"বৰ্গাকাৰ"},{"$i":"emptygallery2-title","$v":"কোনো ফটো বা ভিডিঅ’ নাই"},{"$i":"emptygallery2-text","$v":"গেলাৰী খালী । ফটোসমূহ ক্লিক কৰিবলৈ কেমেৰা ব্যৱহাৰ কৰক ।"},{"$i":"emptygallery2-title-pick","$v":"কোনো ফটো নাই"},{"$i":"emptygallery-text-pick","$v":"কোনো ফটো উপলব্ধ নাই ৷"},{"$i":"nocard3-title","$v":"কোনো মেম’ৰী কাৰ্ড নাই"},{"$i":"nocard4-text","$v":"এই এপটো ব্যৱহাৰ কৰিবলৈ এখন মেম’ৰী কাৰ্ড ভৰাওক ।"},{"$i":"pluggedin2-title","$v":"মেম’ৰী কাৰ্ড ব্যৱহাৰ হৈ আছে"},{"$i":"pluggedin2-text","$v":"ষ্টোৰেজ ব্যৱহাৰ হৈ আছে ৷ অনুগ্ৰহ কৰি এই এপটো ব্যৱহাৰ কৰিবলৈ ফোনটো আনপ্লাগ কৰক ৷"},{"$i":"scanning-title","$v":"স্কেন হৈ আছে"},{"$i":"tcl-scanning-text","$v":"ফটোসমূহৰ বাবে সন্ধান কৰি আছে"},{"$i":"scanning-text","$v":"ফটোসমূহৰ বাবে স্কেন হৈ আছে..."},{"$i":"upgrade-title","$v":"ডাটাবেচ উন্নীতকৰণ"},{"$i":"upgrade-text","$v":"গেলাৰীয়ে ডাটাবেচ আপডেট কৰা সময়লৈ অনুগ্ৰহ কৰি  অপেক্ষা কৰক ।"},{"$i":"share-noprovider","$v":"এই চিত্ৰৰ ফাইল প্ৰকাৰ শ্বেয়াৰ কৰিব পৰা নাযাব।"},{"$i":"memorycardfull","$v":"ষ্টোৰেজ ভৰ্তি হৈছে, ফটোসমূহ সম্পাদনা কৰিব নোৱাৰে ৷"},{"$i":"imagetoobig","$v":"এই ডিভাইচটোত প্ৰদৰ্শনৰ বাবে  চিত্ৰ বহুত ডাঙৰ হৈছে ।"},{"$i":"imageinvalid","$v":"চিত্ৰ অবৈধ বা বেয়া হৈছে আৰু প্ৰদৰ্শিত কৰিব পৰা নাযাব ।"},{"$i":"saved","$v":[{"t":"idOrVar","v":"filename"}," গেলাৰীলৈ চেভ কৰা হৈছে"]},{"$i":"edit-copy-saved","$v":"নতুন প্ৰতিলিপি চেভ কৰা হৈছে ৷"},{"$i":"overlay-camera-button","$v":"কেমেৰালৈ যাওক"},{"$i":"name-label","$v":"নাম"},{"$i":"size-label","$v":"আকাৰ"},{"$i":"image-type-label","$v":"চিত্ৰৰ প্ৰকাৰ"},{"$i":"tcl-date-and-time-label","$v":"তাৰিখ আৰু সময়"},{"$i":"date-taken-label","$v":"তাৰিখ লোৱা হৈছে"},{"$i":"resolution-label","$v":"ৰিজ’লুচন"},{"$i":"close-button","$v":"বন্ধ কৰক"},{"$i":"byteUnit-B","$v":"বাইট্চ"},{"$i":"byteUnit-KB","$v":"KB"},{"$i":"byteUnit-MB","$v":"MB"},{"$i":"byteUnit-GB","$v":"GB"},{"$i":"gallery","$v":"গেলাৰী"},{"$i":"preview","$v":"প্ৰিভিউ কৰক"},{"$i":"tcl-confirmation","$v":"নিশ্চিতিকৰণ"},{"$i":"tcl-delete-this-image","$v":"এইখন ফটো বিলোপ কৰিব?"},{"$i":"tcl-delete-selected-image","$v":"বাছনি কৰা ফটো বিলোপ কৰিব?"},{"$i":"tcl-delete-selected-images","$v":"বাছনি কৰা ফটোসমূহ বিলোপ কৰিব?"},{"$i":"tcl-delete-photos","$v":{"one":["আপুনি ",{"t":"idOrVar","v":"n"}," বাছনি কৰি থোৱা ফটো বিলোপ কৰিবলৈ বিচাৰেনে?"],"other":["আপুনি ",{"t":"idOrVar","v":"n"}," বাছনি কৰি থোৱা ফটো বিলোপ কৰিবলৈ বিচাৰেনে?"]},"$x":[{"t":"idOrVar","v":"plural"},"n"]},{"$i":"tcl-lost-warning","$v":"সকলোবোৰ পৰিৱৰ্তন নোহোৱা হ’ব।"},{"$i":"tcl-save-changes?","$v":"আপুনি পৰিৱৰ্তনসমূহ চেভ কৰিব বিচাৰে নেকি?"},{"$i":"tcl-close-warning","$v":"এপ্লিকেশ্বন বন্ধ হোৱাৰ লগতে ডাটাও নোহোৱা হ’ব ।"},{"$i":"tcl-back-to-editing?","$v":"আপুনি সম্পাদনালৈ উভতি যাব বিচাৰে নেকি ?"},{"$i":"tcl-gallery-settings","$v":"গেলাৰী ছেটিংছ"},{"$i":"tcl-sort-by","$v":"অনুসৰি ক্ৰমবন্ধ কৰক"},{"$i":"tcl-group-by-date-and-location","$v":"তাৰিখৰ দ্বাৰা গোট কৰক"},{"$i":"tcl-error","$v":"ত্ৰুটি"},{"$i":"tcl-error-delete-locked-image","$v":"বাছনি কৰা চিত্ৰখন লক হৈছে আৰু বিলোপ কৰিব পৰা নাযাব !"},{"$i":"tcl-error-delete-locked-images","$v":"বাছনি কৰি থোৱা চিত্ৰসমূহত লক কৰি থোৱা চিত্ৰ(সমূহ) আছে আৰু বিলোপ কৰিব পৰা নাযাব !"},{"$i":"tcl-enter-new-name","$v":"নতুন নাম লিখক"},{"$i":"sort-and-group","$v":"ক্ৰমবন্ধ আৰু গোট কৰক"},{"$i":"tcl-orientationLandscape","$v":"লেণ্ডস্কেপ"},{"$i":"tcl-videoDescriptionNoTimestamp","$v":[{"t":"idOrVar","v":"orientation"}," ভিডিঅ’"]},{"$i":"tcl-orientationPortrait","$v":"প’ৰ্ট্ৰেইট"},{"$i":"tcl-imageDescription","$v":[{"t":"idOrVar","v":"orientation"},"চিত্ৰ, %I:%M %p, %B %e, %Y"]},{"$i":"time_am","$v":"AM"},{"$i":"time_pm","$v":"PM"},{"$i":"date-group-header","$v":"%B %Y"},{"$i":"videoDescriptionShort","$v":"ভিডিঅ’ তাৰিখ %I:%M %p, %B %e, %Y"},{"$i":"imageDescriptionShort","$v":"চিত্ৰ তাৰিখ %I:%M %p, %B %e, %Y"},{"$i":"editImagePreview","ariaLabel":"চিত্ৰ প্ৰিভিউ সম্পাদনা কৰক"},{"$i":"tcl-pickoneimage","$v":"এখন ফটো বাছনি কৰক"},{"$i":"discard-changes-warning","$v":"সকলোবোৰ পৰিৱৰ্তন নোহোৱা হ’ব ৷ আপুনি পৰিৱৰ্তনসমূহ আঁতৰাব বিচাৰে নেকি?"},{"$i":"save-changes-warning","$v":"সকলোবোৰ পৰিৱৰ্তন নোহোৱা হ’ব ৷ আপুনি পৰিৱৰ্তনসমূহ চেভ কৰিব বিচাৰে নেকি?"},{"$i":"discard","$v":"আতৰাওঁক"},{"$i":"weekday-0-long","$v":"দেওবাৰ"},{"$i":"weekday-1-long","$v":"সোমবাৰ"},{"$i":"weekday-2-long","$v":"মঙ্গলবাৰ"},{"$i":"weekday-3-long","$v":"বুধবাৰ"},{"$i":"weekday-4-long","$v":"বৃহস্পতিবাৰ"},{"$i":"weekday-5-long","$v":"শুক্ৰবাৰ"},{"$i":"weekday-6-long","$v":"শনিবাৰ"},{"$i":"weekday-0-short","$v":"দেও"},{"$i":"weekday-1-short","$v":"সোম"},{"$i":"weekday-2-short","$v":"মঙ্গল"},{"$i":"weekday-3-short","$v":"বুধ"},{"$i":"weekday-4-short","$v":"বৃহস্পতি"},{"$i":"weekday-5-short","$v":"শুক্ৰ"},{"$i":"weekday-6-short","$v":"শনি"},{"$i":"month-0-long","$v":"জানুৱাৰী"},{"$i":"month-1-long","$v":"ফেব্ৰুৱাৰী"},{"$i":"month-2-long","$v":"মাৰ্চ"},{"$i":"month-3-long","$v":"এপ্ৰিল"},{"$i":"month-4-long","$v":"মে"},{"$i":"month-5-long","$v":"জুন"},{"$i":"month-6-long","$v":"জুলাই"},{"$i":"month-7-long","$v":"আগষ্ট"},{"$i":"month-8-long","$v":"ছেপ্টেম্বৰ"},{"$i":"month-9-long","$v":"অক্টোবৰ"},{"$i":"month-10-long","$v":"নৱেম্বৰ"},{"$i":"month-11-long","$v":"ডিচেম্বৰ"},{"$i":"month-0-genitive","$v":"জানুৱাৰী"},{"$i":"month-1-genitive","$v":"ফেব্ৰুৱাৰী"},{"$i":"month-2-genitive","$v":"মাৰ্চ"},{"$i":"month-3-genitive","$v":"এপ্ৰিল"},{"$i":"month-4-genitive","$v":"মে"},{"$i":"month-5-genitive","$v":"জুন"},{"$i":"month-6-genitive","$v":"জুলাই"},{"$i":"month-7-genitive","$v":"আগষ্ট"},{"$i":"month-8-genitive","$v":"ছেপ্টেম্বৰ"},{"$i":"month-9-genitive","$v":"অক্টোবৰ"},{"$i":"month-10-genitive","$v":"নৱেম্বৰ"},{"$i":"month-11-genitive","$v":"ডিচেম্বৰ"},{"$i":"month-0-short","$v":"জানুৱাৰী"},{"$i":"month-1-short","$v":"ফেব্ৰুৱাৰী"},{"$i":"month-2-short","$v":"মাৰ্চ"},{"$i":"month-3-short","$v":"এপ্ৰিল"},{"$i":"month-4-short","$v":"মে"},{"$i":"month-5-short","$v":"জুন"},{"$i":"month-6-short","$v":"জুলাই"},{"$i":"month-7-short","$v":"আগষ্ট"},{"$i":"month-8-short","$v":"ছেপ্টেম্বৰ"},{"$i":"month-9-short","$v":"অক্টোবৰ"},{"$i":"month-10-short","$v":"নৱেম্বৰ"},{"$i":"month-11-short","$v":"ডিচেম্বৰ"},{"$i":"minutes-ago-long","$v":{"zero":"এইমাত্ৰ","one":"এক মিনিট আগতে","two":[{"t":"idOrVar","v":"value"}," মিনিট আগত"],"few":[{"t":"idOrVar","v":"value"}," মিনিট আগত"],"many":[{"t":"idOrVar","v":"value"}," মিনিট আগত"],"other":[{"t":"idOrVar","v":"value"}," মিনিট আগত"]},"$x":[{"t":"idOrVar","v":"plural"},"value"]},{"$i":"hours-ago-long","$v":{"zero":"এইমাত্ৰ","one":"এঘণ্টা আগতে","two":[{"t":"idOrVar","v":"value"}," ঘণ্টা আগত"],"few":[{"t":"idOrVar","v":"value"}," ঘণ্টা আগত"],"many":[{"t":"idOrVar","v":"value"}," ঘণ্টা আগত"],"other":[{"t":"idOrVar","v":"value"}," ঘণ্টা আগত"]},"$x":[{"t":"idOrVar","v":"plural"},"value"]},{"$i":"days-ago-long","$v":{"zero":"আজি","one":"যোৱাকালি","two":[{"t":"idOrVar","v":"value"}," দিন আগত"],"few":[{"t":"idOrVar","v":"value"}," দিন আগত"],"many":[{"t":"idOrVar","v":"value"}," দিন আগত"],"other":[{"t":"idOrVar","v":"value"}," দিন আগত"]},"$x":[{"t":"idOrVar","v":"plural"},"value"]},{"$i":"weeks-ago-long","$v":{"zero":"এইটো সপ্তাহ","one":"যোৱা সপ্তাহ","two":[{"t":"idOrVar","v":"value"}," সপ্তাহ আগত"],"few":[{"t":"idOrVar","v":"value"}," সপ্তাহ আগত"],"many":[{"t":"idOrVar","v":"value"}," সপ্তাহ আগত"],"other":[{"t":"idOrVar","v":"value"}," সপ্তাহ আগত"]},"$x":[{"t":"idOrVar","v":"plural"},"value"]},{"$i":"months-ago-long","$v":{"zero":"এইটো মাহ","one":"যোৱা মাহ","two":[{"t":"idOrVar","v":"value"}," মাহ আগত"],"few":[{"t":"idOrVar","v":"value"}," মাহ আগত"],"many":[{"t":"idOrVar","v":"value"}," মাহ আগত"],"other":[{"t":"idOrVar","v":"value"}," মাহ আগত"]},"$x":[{"t":"idOrVar","v":"plural"},"value"]},{"$i":"years-ago-long","$v":{"zero":"এইটো বছৰ","one":"যোৱা বছৰ","two":[{"t":"idOrVar","v":"value"}," বছৰ আগত"],"few":[{"t":"idOrVar","v":"value"}," বছৰ আগত"],"many":[{"t":"idOrVar","v":"value"}," বছৰ আগত"],"other":[{"t":"idOrVar","v":"value"}," বছৰ আগত"]},"$x":[{"t":"idOrVar","v":"plural"},"value"]},{"$i":"minutes-until-long","$v":{"zero":"এতিয়া","one":"এক মিনিটত","two":[{"t":"idOrVar","v":"value"}," মিনিটত"],"few":[{"t":"idOrVar","v":"value"}," মিনিটত"],"many":[{"t":"idOrVar","v":"value"}," মিনিটত"],"other":[{"t":"idOrVar","v":"value"}," মিনিটত"]},"$x":[{"t":"idOrVar","v":"plural"},"value"]},{"$i":"hours-until-long","$v":{"zero":"এতিয়া","one":"এক ঘণ্টাত","two":[{"t":"idOrVar","v":"value"}," ঘণ্টাত"],"few":[{"t":"idOrVar","v":"value"}," ঘণ্টাত"],"many":[{"t":"idOrVar","v":"value"}," ঘণ্টাত"],"other":[{"t":"idOrVar","v":"value"}," ঘণ্টাত"]},"$x":[{"t":"idOrVar","v":"plural"},"value"]},{"$i":"days-until-long","$v":{"zero":"আজি","one":"অহাকলি","two":[{"t":"idOrVar","v":"value"}," দিনত"],"few":[{"t":"idOrVar","v":"value"}," দিনত"],"many":[{"t":"idOrVar","v":"value"}," দিনত"],"other":[{"t":"idOrVar","v":"value"}," দিনত"]},"$x":[{"t":"idOrVar","v":"plural"},"value"]},{"$i":"weeks-until-long","$v":{"zero":"এইটো সপ্তাহ","one":"পৰৱৰ্তী সপ্তাহ","two":[{"t":"idOrVar","v":"value"}," সপ্তাহত"],"few":[{"t":"idOrVar","v":"value"}," সপ্তাহত"],"many":[{"t":"idOrVar","v":"value"}," সপ্তাহত"],"other":[{"t":"idOrVar","v":"value"}," সপ্তাহত"]},"$x":[{"t":"idOrVar","v":"plural"},"value"]},{"$i":"months-until-long","$v":{"zero":"এইটো মাহ","one":"পৰৱৰ্তী মাহ","two":[{"t":"idOrVar","v":"value"}," মাহত"],"few":[{"t":"idOrVar","v":"value"}," মাহত"],"many":[{"t":"idOrVar","v":"value"}," মাহত"],"other":[{"t":"idOrVar","v":"value"}," মাহত"]},"$x":[{"t":"idOrVar","v":"plural"},"value"]},{"$i":"years-until-long","$v":{"zero":"এইটো বছৰ","one":"পৰৱৰ্তী বছৰ","two":[{"t":"idOrVar","v":"value"}," বছৰত"],"few":[{"t":"idOrVar","v":"value"}," বছৰত"],"many":[{"t":"idOrVar","v":"value"}," বছৰত"],"other":[{"t":"idOrVar","v":"value"}," বছৰত"]},"$x":[{"t":"idOrVar","v":"plural"},"value"]},{"$i":"minutes-ago-short","$v":{"zero":"এইমাত্ৰ","other":[{"t":"idOrVar","v":"value"}," মিনিট আগত"]},"$x":[{"t":"idOrVar","v":"plural"},"value"]},{"$i":"hours-ago-short","$v":{"zero":"এইমাত্ৰ","other":[{"t":"idOrVar","v":"value"}," ঘণ্টা আগত"]},"$x":[{"t":"idOrVar","v":"plural"},"value"]},{"$i":"days-ago-short","$v":{"zero":"আজি","other":[{"t":"idOrVar","v":"value"}," দিন আগত"]},"$x":[{"t":"idOrVar","v":"plural"},"value"]},{"$i":"minutes-until-short","$v":{"zero":"এতিয়া","other":[{"t":"idOrVar","v":"value"}," মিনিটত"]},"$x":[{"t":"idOrVar","v":"plural"},"value"]},{"$i":"hours-until-short","$v":{"zero":"এতিয়া","other":[{"t":"idOrVar","v":"value"}," ঘণ্টাত"]},"$x":[{"t":"idOrVar","v":"plural"},"value"]},{"$i":"days-until-short","$v":{"zero":"আজি","other":[{"t":"idOrVar","v":"value"}," দিনত"]},"$x":[{"t":"idOrVar","v":"plural"},"value"]},{"$i":"incorrectDate","$v":"(অশুদ্ধ তাৰিখ)"},{"$i":"dateTimeFormat_%c","$v":"%a %b %e %Y %I:%M:%S %p"},{"$i":"dateTimeFormat_%x","$v":"%m/%d/%Y"},{"$i":"dateTimeFormat_%X","$v":"%I:%M:%S %p"},{"$i":"shortTimeFormat","$v":"%I:%M %p"},{"$i":"shortTimeFormat12","$v":"%I:%M %p"},{"$i":"shortTimeFormat24","$v":"%H:%M"},{"$i":"shortDateTimeFormat","$v":"%x %I:%M %p"},{"$i":"weekStartsOnMonday","$v":"0"},{"$i":"firstDayOfTheWeek","$v":"0"},{"$i":"imageDescription","$v":[{"t":"idOrVar","v":"orientation"},"চিত্ৰ, %I:%M %p, %B %e, %Y"]},{"$i":"imageDescriptionNoTimestamp","$v":[{"t":"idOrVar","v":"orientation"}," চিত্ৰ"]},{"$i":"videoDescription","$v":[{"t":"idOrVar","v":"orientation"}," ভিডিঅ’, %I:%M %p, %B %e, %Y"]},{"$i":"videoDescriptionNoTimestamp","$v":[{"t":"idOrVar","v":"orientation"}," ভিডিঅ’"]},{"$i":"orientationPortrait","$v":"প’ৰ্ট্ৰেইট"},{"$i":"orientationLandscape","$v":"লেণ্ডস্কেপ"},{"$i":"playbackPlay","ariaLabel":"বজাওঁক"},{"$i":"playbackPause","ariaLabel":"ৰখক"},{"$i":"playbackNext","ariaLabel":"পৰৱৰ্তী"},{"$i":"playbackPrevious","ariaLabel":"আগৰ"},{"$i":"playbackFullscreen","ariaLabel":"ফুলস্ক্ৰীন"},{"$i":"playbackSeekBar","ariaLabel":["ছিক বাৰ, অৱধি ",{"t":"idOrVar","v":"duration"}]},{"$i":"softkey-options","$v":"বিকল্পসমূহ"}]