[{"$i":"select","$v":"নির্বাচন করুন"},{"$i":"tcl-select","$v":"নির্বাচন করুন"},{"$i":"invalid-image","$v":"অবৈধ ছবি"},{"$i":"image-too-big","$v":"গ্যালারীতে দেখানোর জন্য ছবির ফাইলের আকার অনেক বড়"},{"$i":"tcl-selected-items-count","$v":[{"t":"idOrVar","v":"n"},"টি নির্বাচিত"]},{"$i":"delete-photo?","$v":"ফটো মুছুন ?"},{"$i":"delete-video?","$v":"ভিডিও মুছুন ?"},{"$i":"delete-n-items?","$v":{"zero":"কিছু নির্বাচন করা হয় নি","one":"নির্বাচিত আইটেম মুছুন ?","two":[{"t":"idOrVar","v":"n"},"টি আইটেম মুছুন ?"],"few":[{"t":"idOrVar","v":"n"},"টি আইটেম মুছুন ?"],"many":[{"t":"idOrVar","v":"n"},"টি আইটেম মুছুন ?"],"other":[{"t":"idOrVar","v":"n"},"টি আইটেম মুছুন ?"]},"$x":[{"t":"idOrVar","v":"plural"},"n"]},{"$i":"tcl-contact-set-ok","$v":"পরিচিতির ছবি যোগ করা হয়েছে"},{"$i":"tcl-contact-set-fail","$v":"পরিচিতির ছবিটি সেট করতে ব্যর্থ হয়েছে"},{"$i":"tcl-exposure-done","$v":"এক্সপোজার প্রয়োগ করা হয়েছে"},{"$i":"tcl-rotation-done","$v":"চিত্র রোটেট হয়েছে"},{"$i":"tcl-crop-done","$v":"ছবি ক্রপ করা হয়েছে"},{"$i":"tcl-filters-done","$v":"ফিল্টার প্রয়োগ করা হয়েছে"},{"$i":"tcl-autocorrection-done","$v":"স্বতঃ-সংশোধন প্রয়োগ করা হয়েছে"},{"$i":"tcl-changes-saved","$v":"পরিবর্তনগুলি সেভ করা হয়েছে"},{"$i":"wallpaper-set","$v":"ওয়ালপেপার সেট করা হয়েছে"},{"$i":"tcl-single-image-locked","$v":"নির্বাচিত ছবিকে লক করা হয়েছে"},{"$i":"tcl-single-image-unlocked","$v":"নির্বাচিত চিত্রকে আনলক করা হয়েছে"},{"$i":"tcl-single-image-deleted","$v":"ফটো মোছা হয়েছে ।"},{"$i":"tcl-multiple-images-locked","$v":{"zero":"চিত্র লক হয়নি","one":[{"t":"idOrVar","v":"n"},"টি ছবি লক করা আছে"],"other":[{"t":"idOrVar","v":"n"},"টি ছবি লক করা আছে"]},"$x":[{"t":"idOrVar","v":"plural"},"n"]},{"$i":"tcl-multiple-images-unlocked","$v":{"zero":"চিত্র লক হয়নি","one":[{"t":"idOrVar","v":"n"},"টি ছবি আনলক করা হয়েছে"],"other":[{"t":"idOrVar","v":"n"},"টি ছবি আনলক করা হয়েছে"]},"$x":[{"t":"idOrVar","v":"plural"},"n"]},{"$i":"tcl-deleted-n-photos","$v":{"zero":"চিত্র মোছা হয়নি","one":[{"t":"idOrVar","v":"n"},"টি ছবি মোছা হয়েছে"],"other":[{"t":"idOrVar","v":"n"},"টি ছবি মোছা হয়েছে"]},"$x":[{"t":"idOrVar","v":"plural"},"n"]},{"$i":"tcl-undo","$v":"আনডু"},{"$i":"pickoneimage2","$v":"নির্বাচন করুন"},{"$i":"cropimage","$v":"ক্রপ করুন"},{"$i":"tcl-no","$v":"না"},{"$i":"tcl-on","$v":"অন"},{"$i":"tcl-off","$v":"অফ"},{"$i":"tcl-return","$v":"ফেরত আসুন"},{"$i":"cancel","$v":"বাতিল করুন"},{"$i":"delete","$v":"মুছুন"},{"$i":"ok","$v":"ঠিক আছে"},{"$i":"edit","$v":"সম্পাদনা করুন"},{"$i":"save","$v":"সেভ করুন"},{"$i":"done","$v":"সম্পন্ন"},{"$i":"exposure","$v":"এক্সপোজার"},{"$i":"crop","$v":"ক্রপ করুন"},{"$i":"effects","$v":"প্রভাবগুলি"},{"$i":"borders","$v":"বর্ডার"},{"$i":"enhance-on","$v":"স্বতঃ-বর্ধিত অন"},{"$i":"enhance-off","$v":"স্বতঃ-বর্ধিত অফ"},{"$i":"tcl-exit","$v":"প্রস্থান করুন"},{"$i":"tcl-set","$v":"সেট করুন"},{"$i":"tcl-takephoto","$v":"ফটো তুলুন"},{"$i":"tcl-options","$v":"বিকল্পগুলি"},{"$i":"tcl-select-all","$v":"সব নির্বাচন করুন"},{"$i":"tcl-deselect-all","$v":"সব অনির্বাচন করুন"},{"$i":"tcl-lock","$v":"লক করুন"},{"$i":"tcl-unlock","$v":"আনলক করুন"},{"$i":"tcl-rename","$v":"পুনঃনামকরণ"},{"$i":"tcl-rotate","$v":"রোটেট"},{"$i":"tcl-share","$v":"শেয়ার করুন"},{"$i":"tcl-settings","$v":"সেটিংস"},{"$i":"tcl-set-as","$v":"সেট করুন এই হিসাবে"},{"$i":"tcl-wallpaper","$v":"ওয়ালপেপার"},{"$i":"tcl-existing-contact-image","$v":"বিদ্যমান পরিচিতির জন্য ছবি"},{"$i":"tcl-zoom","$v":"জুম করুন"},{"$i":"tcl-zoom-in","$v":"জুম ইন"},{"$i":"tcl-zoom-out","$v":"জুম আউট"},{"$i":"tcl-file-info","$v":"ফাইলের তথ্য"},{"$i":"tcl-select-multiple","$v":"একাধিক নির্বাচন করুন"},{"$i":"tcl-invalid-name","$v":"অবৈধ নাম"},{"$i":"tcl-name-already-exists","$v":"এই নামটি ইতিমধ্যেই বিদ্যমান"},{"$i":"tcl-override-warning-msg","$v":"আপনি কি বিদ্যমান ছবি ওভাররাইড করতে চান ?"},{"$i":"tcl-override","$v":"ওভাররাইড"},{"$i":"tcl-edit-title","$v":"ছবি সম্পাদনা করুন"},{"$i":"tcl-edit-exposure","$v":"এক্সপোজার"},{"$i":"tcl-edit-crop","$v":"ক্রপ করুন"},{"$i":"tcl-edit-rotate","$v":"রোটেট"},{"$i":"tcl-edit-filters","$v":"ফিল্টারস"},{"$i":"tcl-edit-auto-correct","$v":"স্বতঃ সংশোধন"},{"$i":"edit-exposure","ariaLabel":"এক্সপোজার"},{"$i":"edit-crop","ariaLabel":"ক্রপ করুন"},{"$i":"edit-rotate","ariaLabel":"রোটেট"},{"$i":"edit-filters","ariaLabel":"ফিল্টারস"},{"$i":"edit-auto-correct","ariaLabel":"স্বতঃ সংশোধন"},{"$i":"tcl-crop-none","$v":"ক্রপিং আনডু করুন"},{"$i":"tcl-crop-aspect-free","$v":"ডিফল্ট"},{"$i":"tcl-crop-aspect-portrait","$v":"2:3"},{"$i":"tcl-crop-aspect-landscape","$v":"3:2"},{"$i":"tcl-crop-aspect-square","$v":"1:1"},{"$i":"crop-none","ariaLabel":"ক্রপিং আনডু করুন"},{"$i":"crop-aspect-free","ariaLabel":"ডিফল্ট"},{"$i":"crop-aspect-portrait","ariaLabel":"2:3"},{"$i":"crop-aspect-landscape","ariaLabel":"3:2"},{"$i":"crop-aspect-square","ariaLabel":"1:1"},{"$i":"tcl-edit-filters-none","$v":"ফিল্টার 1"},{"$i":"tcl-edit-filters-bw","$v":"ফিল্টার 2"},{"$i":"tcl-edit-filters-sepia","$v":"ফিল্টার 3"},{"$i":"tcl-edit-filters-bluesteel","$v":"ফিল্টার 4"},{"$i":"tcl-edit-filters-faded","$v":"ফিল্টার 5"},{"$i":"edit-filters-none","ariaLabel":"ফিল্টার 1"},{"$i":"edit-filters-bw","ariaLabel":"ফিল্টার 2"},{"$i":"edit-filters-sepia","ariaLabel":"ফিল্টার 3"},{"$i":"edit-filters-bluesteel","ariaLabel":"ফিল্টার 4"},{"$i":"edit-filters-faded","ariaLabel":"ফিল্টার 5"},{"$i":"tcl-rotate-cw","$v":"CW"},{"$i":"tcl-rotate-ccw","$v":"CCW"},{"$i":"original","$v":"আসল"},{"$i":"blackandwhite","$v":{"$o":"B&W"}},{"$i":"sepia","$v":"সেপিয়া"},{"$i":"freeform","$v":"ফ্রীফর্ম"},{"$i":"portrait","$v":"পোর্ট্রেট"},{"$i":"landscape","$v":"ল্যান্ডস্কেপ"},{"$i":"square","$v":"বর্গাকার"},{"$i":"emptygallery2-title","$v":"কোনো ফটো বা ভিডিও নেই"},{"$i":"emptygallery2-text","$v":"গ্যালারি খালি I ফটো ক্লিক করার জন্য ক্যামেরা ব্যবহার করুন"},{"$i":"emptygallery2-title-pick","$v":"কোনো ফটো নেই"},{"$i":"emptygallery-text-pick","$v":"কোনো ফটো উপলব্ধ নয় ।"},{"$i":"nocard3-title","$v":"কোনো মেমোরি কার্ড নেই"},{"$i":"nocard4-text","$v":"এই অ্যাপটি ব্যবহার করতে একটি মেমোরি কার্ড ঢোকান ।"},{"$i":"pluggedin2-title","$v":"মেমোরি কার্ড ব্যবহার হচ্ছে"},{"$i":"pluggedin2-text","$v":"স্টোরেজ ব্যবহার হচ্ছে। এই অ্যাপটি ব্যবহার করতে অনুগ্রহ করে ফোনটি প্লাগ থেকে খুলুন ।"},{"$i":"scanning-title","$v":"স্ক্যান করা হচ্ছে"},{"$i":"tcl-scanning-text","$v":"ফটোগুলি খুঁজছে"},{"$i":"scanning-text","$v":"ফটোগুলির জন্য স্ক্যান করছে..."},{"$i":"upgrade-title","$v":"ডেটাবেস আপগ্রেড"},{"$i":"upgrade-text","$v":"অনুগ্রহ করে অপেক্ষা করুন যতক্ষণ গ্যালারি ডাটাবেস তারিখ পর্যন্ত করছে I"},{"$i":"share-noprovider","$v":"এই ছবির ফাইলের ধরণটি শেয়ার করা যাচ্ছে না ।"},{"$i":"memorycardfull","$v":"স্টোরেজ পূর্ণ। ফটোগুলি সম্পাদনা করা যাবে না।"},{"$i":"imagetoobig","$v":"ছবিটি এই ডিভাইসে দেখানোর পক্ষে অনেক বড় ।"},{"$i":"imageinvalid","$v":"ছবি অবৈধ বা নষ্ট হয়ে গেছে এবং দেখানো যাবে না ।"},{"$i":"saved","$v":[{"t":"idOrVar","v":"filename"}," গ্যালারিতে সেভ করা হয়েছে"]},{"$i":"edit-copy-saved","$v":"নতুন কপি সেভ করা হয়েছে ।"},{"$i":"overlay-camera-button","$v":"ক্যামেরাতে যান"},{"$i":"name-label","$v":"নাম"},{"$i":"size-label","$v":"আকার"},{"$i":"image-type-label","$v":"ছবির প্রকার"},{"$i":"tcl-date-and-time-label","$v":"তারিখ এবং সময়"},{"$i":"date-taken-label","$v":"তারিখ নেওয়া হয়েছে"},{"$i":"resolution-label","$v":"রিজোলিউশন"},{"$i":"close-button","$v":"বন্ধ করুন"},{"$i":"byteUnit-B","$v":"বাইট"},{"$i":"byteUnit-KB","$v":"KB"},{"$i":"byteUnit-MB","$v":"MB"},{"$i":"byteUnit-GB","$v":"GB"},{"$i":"gallery","$v":"গ্যালারি"},{"$i":"preview","$v":"প্রিভিউ"},{"$i":"tcl-confirmation","$v":"নিশ্চিতকরণ"},{"$i":"tcl-delete-this-image","$v":"এই ফটোটি মুছুন ?"},{"$i":"tcl-delete-selected-image","$v":"নির্বাচিত ফটো মুছুন ?"},{"$i":"tcl-delete-selected-images","$v":"নির্বাচিত ফটোগুলি মুছুন ?"},{"$i":"tcl-delete-photos","$v":{"one":["আপনি কি বেছে নেওয়া ",{"t":"idOrVar","v":"n"},"টি ফটোকে মুছে ফেলতে চান ?"],"other":["আপনি কি বেছে নেওয়া ",{"t":"idOrVar","v":"n"},"টি ফটোকে মুছে ফেলতে চান ?"]},"$x":[{"t":"idOrVar","v":"plural"},"n"]},{"$i":"tcl-lost-warning","$v":"সমস্ত পরিবর্তন হারিয়ে হবে ।"},{"$i":"tcl-save-changes?","$v":"আপনি কি পরিবর্তনগুলি সেভ করতে চান ?"},{"$i":"tcl-close-warning","$v":"ডেটা লস সহ অ্যাপ্লিকেশন অফ করা হবে ।"},{"$i":"tcl-back-to-editing?","$v":"আপনি কি সম্পাদনায়  ফিরে যেতে চান ?"},{"$i":"tcl-gallery-settings","$v":"গ্যালারি সেটিংস"},{"$i":"tcl-sort-by","$v":"দ্বারা ক্রমানুসারে সাজান"},{"$i":"tcl-group-by-date-and-location","$v":"তারিখ অনুসারে গ্রুপ করুন"},{"$i":"tcl-error","$v":"ত্রুটি"},{"$i":"tcl-error-delete-locked-image","$v":"নির্বাচিত ছবিটি লক করা আছে এবং মুছে ফেলা যাবে না!"},{"$i":"tcl-error-delete-locked-images","$v":"নির্বাচিত ছবিগুলিতে লক করা ছবি(গুলি‌) আছে এবং মুছে ফেলা যাবে না!"},{"$i":"tcl-enter-new-name","$v":"নতুন নাম লিখুন"},{"$i":"sort-and-group","$v":"ক্রমানুসারে সাজান এবং গ্রুপ করুন"},{"$i":"tcl-orientationLandscape","$v":"ল্যান্ডস্কেপ"},{"$i":"tcl-videoDescriptionNoTimestamp","$v":[{"t":"idOrVar","v":"orientation"}," ভিডিও"]},{"$i":"tcl-orientationPortrait","$v":"পোর্ট্রেট"},{"$i":"tcl-imageDescription","$v":[{"t":"idOrVar","v":"orientation"}," ছবি, %I:%M %p, %B %e, %Y"]},{"$i":"time_am","$v":"AM"},{"$i":"time_pm","$v":"PM"},{"$i":"date-group-header","$v":"%B %Y"},{"$i":"videoDescriptionShort","$v":"ভিডিওয়ের তারিখ %I:%M %p, %B %e, %Y"},{"$i":"imageDescriptionShort","$v":"ছবির তারিখ %I:%M %p, %B %e, %Y"},{"$i":"editImagePreview","ariaLabel":"ছবির প্রিভিউ সম্পাদনা করুন"},{"$i":"tcl-pickoneimage","$v":"একটি ফটো নির্বাচন করুন"},{"$i":"discard-changes-warning","$v":"সমস্ত পরিবর্তন হারিয়ে হবে। আপনি কি পরিবর্তনগুলি বাতিল করতে চান ?"},{"$i":"save-changes-warning","$v":"সমস্ত পরিবর্তন হারিয়ে হবে। আপনি কি পরিবর্তনগুলি সেভ করতে চান ?"},{"$i":"discard","$v":"খারিজ করুন"},{"$i":"weekday-0-long","$v":"রবিবার"},{"$i":"weekday-1-long","$v":"সোমবার"},{"$i":"weekday-2-long","$v":"মঙ্গলবার"},{"$i":"weekday-3-long","$v":"বুধবার"},{"$i":"weekday-4-long","$v":"বৃহস্পতিবার"},{"$i":"weekday-5-long","$v":"শুক্রবার"},{"$i":"weekday-6-long","$v":"শনিবার"},{"$i":"weekday-0-short","$v":"রবি"},{"$i":"weekday-1-short","$v":"সোম"},{"$i":"weekday-2-short","$v":"মঙ্গল"},{"$i":"weekday-3-short","$v":"বুধ"},{"$i":"weekday-4-short","$v":"বৃহস্পতি"},{"$i":"weekday-5-short","$v":"শুক্র"},{"$i":"weekday-6-short","$v":"শনি"},{"$i":"month-0-long","$v":"জানুয়ারি"},{"$i":"month-1-long","$v":"ফেব্রুয়ারি"},{"$i":"month-2-long","$v":"মার্চ"},{"$i":"month-3-long","$v":"এপ্রিল"},{"$i":"month-4-long","$v":"মে"},{"$i":"month-5-long","$v":"জুন"},{"$i":"month-6-long","$v":"জুলাই"},{"$i":"month-7-long","$v":"আগস্ট"},{"$i":"month-8-long","$v":"সেপ্টেম্বর"},{"$i":"month-9-long","$v":"অক্টোবর"},{"$i":"month-10-long","$v":"নভেম্বর"},{"$i":"month-11-long","$v":"ডিসেম্বর"},{"$i":"month-0-genitive","$v":"জানুয়ারি"},{"$i":"month-1-genitive","$v":"ফেব্রুয়ারি"},{"$i":"month-2-genitive","$v":"মার্চ"},{"$i":"month-3-genitive","$v":"এপ্রিল"},{"$i":"month-4-genitive","$v":"মে"},{"$i":"month-5-genitive","$v":"জুন"},{"$i":"month-6-genitive","$v":"জুলাই"},{"$i":"month-7-genitive","$v":"আগস্ট"},{"$i":"month-8-genitive","$v":"সেপ্টেম্বর"},{"$i":"month-9-genitive","$v":"অক্টোবর"},{"$i":"month-10-genitive","$v":"নভেম্বর"},{"$i":"month-11-genitive","$v":"ডিসেম্বর"},{"$i":"month-0-short","$v":"জানুয়ারী"},{"$i":"month-1-short","$v":"ফেব্রুয়ারি"},{"$i":"month-2-short","$v":"মার্চ"},{"$i":"month-3-short","$v":"এপ্রিল"},{"$i":"month-4-short","$v":"মে"},{"$i":"month-5-short","$v":"জুন"},{"$i":"month-6-short","$v":"জুলাই"},{"$i":"month-7-short","$v":"আগস্ট"},{"$i":"month-8-short","$v":"সেপ্টেম্বর"},{"$i":"month-9-short","$v":"অক্টোবর"},{"$i":"month-10-short","$v":"নভেম্বর"},{"$i":"month-11-short","$v":"ডিসেম্বর"},{"$i":"minutes-ago-long","$v":{"zero":"এখনই","one":"এক মিনিট আগে","two":[{"t":"idOrVar","v":"value"}," মিনিট আগে"],"few":[{"t":"idOrVar","v":"value"}," মিনিট আগে"],"many":[{"t":"idOrVar","v":"value"}," মিনিট আগে"],"other":[{"t":"idOrVar","v":"value"}," মিনিট আগে"]},"$x":[{"t":"idOrVar","v":"plural"},"value"]},{"$i":"hours-ago-long","$v":{"zero":"এখনই","one":"এক ঘন্টা আগে","two":[{"t":"idOrVar","v":"value"}," ঘন্টা আগে"],"few":[{"t":"idOrVar","v":"value"}," ঘন্টা আগে"],"many":[{"t":"idOrVar","v":"value"}," ঘন্টা আগে"],"other":[{"t":"idOrVar","v":"value"}," ঘন্টা আগে"]},"$x":[{"t":"idOrVar","v":"plural"},"value"]},{"$i":"days-ago-long","$v":{"zero":"আজ","one":"গতকাল","two":[{"t":"idOrVar","v":"value"}," দিন আগে"],"few":[{"t":"idOrVar","v":"value"}," দিন আগে"],"many":[{"t":"idOrVar","v":"value"}," দিন আগে"],"other":[{"t":"idOrVar","v":"value"}," দিন আগে"]},"$x":[{"t":"idOrVar","v":"plural"},"value"]},{"$i":"weeks-ago-long","$v":{"zero":"এই সপ্তাহ","one":"গত সপ্তাহ","two":[{"t":"idOrVar","v":"value"}," সপ্তাহ আগে"],"few":[{"t":"idOrVar","v":"value"}," সপ্তাহ আগে"],"many":[{"t":"idOrVar","v":"value"}," সপ্তাহ আগে"],"other":[{"t":"idOrVar","v":"value"}," সপ্তাহ আগে"]},"$x":[{"t":"idOrVar","v":"plural"},"value"]},{"$i":"months-ago-long","$v":{"zero":"এই মাস","one":"গত মাস","two":[{"t":"idOrVar","v":"value"}," মাস আগে"],"few":[{"t":"idOrVar","v":"value"}," মাস আগে"],"many":[{"t":"idOrVar","v":"value"}," মাস আগে"],"other":[{"t":"idOrVar","v":"value"}," মাস আগে"]},"$x":[{"t":"idOrVar","v":"plural"},"value"]},{"$i":"years-ago-long","$v":{"zero":"এই বছর","one":"গত বছর","two":[{"t":"idOrVar","v":"value"}," বছর আগে"],"few":[{"t":"idOrVar","v":"value"}," বছর আগে"],"many":[{"t":"idOrVar","v":"value"}," বছর আগে"],"other":[{"t":"idOrVar","v":"value"}," বছর আগে"]},"$x":[{"t":"idOrVar","v":"plural"},"value"]},{"$i":"minutes-until-long","$v":{"zero":"এখন","one":"এক মিনিটে","two":[{"t":"idOrVar","v":"value"}," মিনিটে"],"few":[{"t":"idOrVar","v":"value"}," মিনিটে"],"many":[{"t":"idOrVar","v":"value"}," মিনিটে"],"other":[{"t":"idOrVar","v":"value"}," মিনিটে"]},"$x":[{"t":"idOrVar","v":"plural"},"value"]},{"$i":"hours-until-long","$v":{"zero":"এখন","one":"এক ঘন্টায়","two":[{"t":"idOrVar","v":"value"}," ঘন্টায়"],"few":[{"t":"idOrVar","v":"value"}," ঘন্টায়"],"many":[{"t":"idOrVar","v":"value"}," ঘন্টায়"],"other":[{"t":"idOrVar","v":"value"}," ঘন্টায়"]},"$x":[{"t":"idOrVar","v":"plural"},"value"]},{"$i":"days-until-long","$v":{"zero":"আজ","one":"আগামীকাল","two":[{"t":"idOrVar","v":"value"}," দিনে"],"few":[{"t":"idOrVar","v":"value"}," দিনে"],"many":[{"t":"idOrVar","v":"value"}," দিনে"],"other":[{"t":"idOrVar","v":"value"}," দিনে"]},"$x":[{"t":"idOrVar","v":"plural"},"value"]},{"$i":"weeks-until-long","$v":{"zero":"এই সপ্তাহ","one":"পরের সপ্তাহ","two":[{"t":"idOrVar","v":"value"}," সপ্তাহে"],"few":[{"t":"idOrVar","v":"value"}," সপ্তাহে"],"many":[{"t":"idOrVar","v":"value"}," সপ্তাহে"],"other":[{"t":"idOrVar","v":"value"}," সপ্তাহে"]},"$x":[{"t":"idOrVar","v":"plural"},"value"]},{"$i":"months-until-long","$v":{"zero":"এই মাস","one":"পরের মাস","two":[{"t":"idOrVar","v":"value"}," মাসে"],"few":[{"t":"idOrVar","v":"value"}," মাসে"],"many":[{"t":"idOrVar","v":"value"}," মাসে"],"other":[{"t":"idOrVar","v":"value"}," মাসে"]},"$x":[{"t":"idOrVar","v":"plural"},"value"]},{"$i":"years-until-long","$v":{"zero":"এই বছর","one":"পরের বছর","two":[{"t":"idOrVar","v":"value"}," বছরে"],"few":[{"t":"idOrVar","v":"value"}," বছরে"],"many":[{"t":"idOrVar","v":"value"}," বছরে"],"other":[{"t":"idOrVar","v":"value"}," বছরে"]},"$x":[{"t":"idOrVar","v":"plural"},"value"]},{"$i":"minutes-ago-short","$v":{"zero":"এখনই","other":[{"t":"idOrVar","v":"value"},"মিনিট আগে"]},"$x":[{"t":"idOrVar","v":"plural"},"value"]},{"$i":"hours-ago-short","$v":{"zero":"এখনই","other":[{"t":"idOrVar","v":"value"},"ঘন্টা আগে"]},"$x":[{"t":"idOrVar","v":"plural"},"value"]},{"$i":"days-ago-short","$v":{"zero":"আজ","other":[{"t":"idOrVar","v":"value"},"দিন আগে"]},"$x":[{"t":"idOrVar","v":"plural"},"value"]},{"$i":"minutes-until-short","$v":{"zero":"এখন","other":[{"t":"idOrVar","v":"value"},"মাসে"]},"$x":[{"t":"idOrVar","v":"plural"},"value"]},{"$i":"hours-until-short","$v":{"zero":"এখন","other":[{"t":"idOrVar","v":"value"},"ঘন্টায়"]},"$x":[{"t":"idOrVar","v":"plural"},"value"]},{"$i":"days-until-short","$v":{"zero":"আজ","other":[{"t":"idOrVar","v":"value"},"দিনে"]},"$x":[{"t":"idOrVar","v":"plural"},"value"]},{"$i":"incorrectDate","$v":"(ভুল তারিখ)"},{"$i":"dateTimeFormat_%c","$v":"%a %b %e %Y %I:%M:%S %p"},{"$i":"dateTimeFormat_%x","$v":"%m/%d/%Y"},{"$i":"dateTimeFormat_%X","$v":"%I:%M:%S %p"},{"$i":"shortTimeFormat","$v":"%I:%M %p"},{"$i":"shortTimeFormat12","$v":"%I:%M %p"},{"$i":"shortTimeFormat24","$v":"%H:%M"},{"$i":"shortDateTimeFormat","$v":"%x %I:%M %p"},{"$i":"weekStartsOnMonday","$v":"0"},{"$i":"firstDayOfTheWeek","$v":"0"},{"$i":"imageDescription","$v":[{"t":"idOrVar","v":"orientation"}," ছবি, %I:%M %p, %B %e, %Y"]},{"$i":"imageDescriptionNoTimestamp","$v":[{"t":"idOrVar","v":"orientation"}," ছবি"]},{"$i":"videoDescription","$v":[{"t":"idOrVar","v":"orientation"}," ভিডিও, %I:%M %p, %B %e, %Y"]},{"$i":"videoDescriptionNoTimestamp","$v":[{"t":"idOrVar","v":"orientation"}," ভিডিও"]},{"$i":"orientationPortrait","$v":"পোর্ট্রেট"},{"$i":"orientationLandscape","$v":"ল্যান্ডস্কেপ"},{"$i":"playbackPlay","ariaLabel":"বাজান"},{"$i":"playbackPause","ariaLabel":"বিরাম দিন"},{"$i":"playbackNext","ariaLabel":"পরবর্তী"},{"$i":"playbackPrevious","ariaLabel":"পূর্ববর্তী"},{"$i":"playbackFullscreen","ariaLabel":"ফূলস্ক্রীন"},{"$i":"playbackSeekBar","ariaLabel":["বার খুঁজুন, সময় মেয়াদ ",{"t":"idOrVar","v":"duration"}]},{"$i":"softkey-options","$v":"বিকল্পগুলি"}]