[{"$i":"select","$v":"चुनो"},{"$i":"tcl-select","$v":"चुनो"},{"$i":"invalid-image","$v":"अमान्य इमेज"},{"$i":"image-too-big","$v":"गैलरी च दस्सने लेई इमेज फाइल दा साइज बड़ा बड्डा ऐ"},{"$i":"tcl-selected-items-count","$v":[{"t":"idOrVar","v":"n"}," चुनिंदा"]},{"$i":"delete-photo?","$v":"फोटो डिलीट करो?"},{"$i":"delete-video?","$v":"वीडियो डिलीट करो?"},{"$i":"delete-n-items?","$v":{"zero":"किश बी चुनिंदा नेईं","one":"चुनिंदा आइटम डिलीट करो?","two":[{"t":"idOrVar","v":"n"}," आइटमां डिलीट करो?"],"few":[{"t":"idOrVar","v":"n"}," आइटमां डिलीट करो?"],"many":[{"t":"idOrVar","v":"n"}," आइटमां डिलीट करो?"],"other":[{"t":"idOrVar","v":"n"}," आइटमां डिलीट करो?"]},"$x":[{"t":"idOrVar","v":"plural"},"n"]},{"$i":"tcl-contact-set-ok","$v":"रावता इमेज जोड़ी गेई"},{"$i":"tcl-contact-set-fail","$v":"रावता इमेज सेट करने च असफल"},{"$i":"tcl-exposure-done","$v":"एक्सपोजर लागू ऐ"},{"$i":"tcl-rotation-done","$v":"इमेज घुमाई गेई"},{"$i":"tcl-crop-done","$v":"इमेज कतरी गेई"},{"$i":"tcl-filters-done","$v":"फिल्टर लागू"},{"$i":"tcl-autocorrection-done","$v":"आपूं-सुधार लागू"},{"$i":"tcl-changes-saved","$v":"बदलाव सहेजेआ गेआ"},{"$i":"wallpaper-set","$v":"वालपेपर सेट"},{"$i":"tcl-single-image-locked","$v":"चुनिंदा इमेज लाक ऐ"},{"$i":"tcl-single-image-unlocked","$v":"चुनिंदा इमेज अनलाक ऐ"},{"$i":"tcl-single-image-deleted","$v":"फोटो डिलीट कीता गेआ।"},{"$i":"tcl-multiple-images-locked","$v":{"zero":"इमेज लाकनेईं ऐ","one":[{"t":"idOrVar","v":"n"}," इमेज लाक ऐ"],"other":[{"t":"idOrVar","v":"n"}," इमेजां लाक न"]},"$x":[{"t":"idOrVar","v":"plural"},"n"]},{"$i":"tcl-multiple-images-unlocked","$v":{"zero":"इमेज लाकनेईं ऐ","one":[{"t":"idOrVar","v":"n"}," इमेज अनलाक ऐ"],"other":[{"t":"idOrVar","v":"n"}," इमेजां अनलाक न"]},"$x":[{"t":"idOrVar","v":"plural"},"n"]},{"$i":"tcl-deleted-n-photos","$v":{"zero":"इमेज डिलीट नेईं कीती गेई","one":[{"t":"idOrVar","v":"n"}," इमेज डिलीट कीती गेई"],"other":[{"t":"idOrVar","v":"n"}," इमेजां डिलीट कीतियां गेइयां"]},"$x":[{"t":"idOrVar","v":"plural"},"n"]},{"$i":"tcl-undo","$v":"पैह्ले आह्ला लेखा करो"},{"$i":"pickoneimage2","$v":"चुनो"},{"$i":"cropimage","$v":"कट्टो"},{"$i":"tcl-no","$v":"नां"},{"$i":"tcl-on","$v":"चालू"},{"$i":"tcl-off","$v":"बंद"},{"$i":"tcl-return","$v":"वापसी"},{"$i":"cancel","$v":"रद्द करो"},{"$i":"delete","$v":"हटाना"},{"$i":"ok","$v":"ठीक ऐ"},{"$i":"edit","$v":"एडिट"},{"$i":"save","$v":"बचाओ"},{"$i":"done","$v":"होई गेआ"},{"$i":"exposure","$v":"ऐक्सपोजर"},{"$i":"crop","$v":"कट्टो"},{"$i":"effects","$v":"प्रभाऽ"},{"$i":"borders","$v":"बार्डर"},{"$i":"enhance-on","$v":"आटो-बधाना चालू"},{"$i":"enhance-off","$v":"आटो-बधाना बंद"},{"$i":"tcl-exit","$v":"बाहर जाओ"},{"$i":"tcl-set","$v":"सेट करो"},{"$i":"tcl-takephoto","$v":"फोटू लैओ"},{"$i":"tcl-options","$v":"विकल्प"},{"$i":"tcl-select-all","$v":"सब्भै चुनो"},{"$i":"tcl-deselect-all","$v":"सब्भै अन-चुने करो"},{"$i":"tcl-lock","$v":"लाक करो"},{"$i":"tcl-unlock","$v":"अनलाक करो"},{"$i":"tcl-rename","$v":"नांऽ परतियै लिक्खो"},{"$i":"tcl-rotate","$v":"घुमाओ"},{"$i":"tcl-share","$v":"साझा करो"},{"$i":"tcl-settings","$v":"सेटिंग्स"},{"$i":"tcl-set-as","$v":"“दे रूप च सेट करो”"},{"$i":"tcl-wallpaper","$v":"वालपेपर"},{"$i":"tcl-existing-contact-image","$v":"मौजूदा रावते लेई इमेज"},{"$i":"tcl-zoom","$v":"जूम"},{"$i":"tcl-zoom-in","$v":"जूम इन"},{"$i":"tcl-zoom-out","$v":"जूम आउट"},{"$i":"tcl-file-info","$v":"फाइल जानकारी"},{"$i":"tcl-select-multiple","$v":"मल्टीपल चुनो"},{"$i":"tcl-invalid-name","$v":"अमान्य नांऽ"},{"$i":"tcl-name-already-exists","$v":"एह् नांऽ पैह्‌ले थमां गै मौजूद ऐ"},{"$i":"tcl-override-warning-msg","$v":"क्या तुस मौजूदा इमेज गी ओवरराइड करना चांह्‌दे ओ?"},{"$i":"tcl-override","$v":"ओवरराइड"},{"$i":"tcl-edit-title","$v":"संपादत इमेज"},{"$i":"tcl-edit-exposure","$v":"ऐक्सपोजर"},{"$i":"tcl-edit-crop","$v":"कट्टो"},{"$i":"tcl-edit-rotate","$v":"घुमाओ"},{"$i":"tcl-edit-filters","$v":"फिल्टर"},{"$i":"tcl-edit-auto-correct","$v":"आपूं-सुधार"},{"$i":"edit-exposure","ariaLabel":"ऐक्सपोजर"},{"$i":"edit-crop","ariaLabel":"कट्टो"},{"$i":"edit-rotate","ariaLabel":"घुमाओ"},{"$i":"edit-filters","ariaLabel":"फिल्टर"},{"$i":"edit-auto-correct","ariaLabel":"आपूं-सुधार"},{"$i":"tcl-crop-none","$v":"कतरना अनडू करो"},{"$i":"tcl-crop-aspect-free","$v":"डिफाल्ट"},{"$i":"tcl-crop-aspect-portrait","$v":"2:3"},{"$i":"tcl-crop-aspect-landscape","$v":"3:2"},{"$i":"tcl-crop-aspect-square","$v":"1:1"},{"$i":"crop-none","ariaLabel":"कतरना अनडू करो"},{"$i":"crop-aspect-free","ariaLabel":"डिफाल्ट"},{"$i":"crop-aspect-portrait","ariaLabel":"2:3"},{"$i":"crop-aspect-landscape","ariaLabel":"3:2"},{"$i":"crop-aspect-square","ariaLabel":"1:1"},{"$i":"tcl-edit-filters-none","$v":"फिल्टर 1"},{"$i":"tcl-edit-filters-bw","$v":"फिल्टर 2"},{"$i":"tcl-edit-filters-sepia","$v":"फिल्टर 3"},{"$i":"tcl-edit-filters-bluesteel","$v":"फिल्टर 4"},{"$i":"tcl-edit-filters-faded","$v":"फिल्टर 5"},{"$i":"edit-filters-none","ariaLabel":"फिल्टर 1"},{"$i":"edit-filters-bw","ariaLabel":"फिल्टर 2"},{"$i":"edit-filters-sepia","ariaLabel":"फिल्टर 3"},{"$i":"edit-filters-bluesteel","ariaLabel":"फिल्टर 4"},{"$i":"edit-filters-faded","ariaLabel":"फिल्टर 5"},{"$i":"tcl-rotate-cw","$v":"CW"},{"$i":"tcl-rotate-ccw","$v":"CCW"},{"$i":"original","$v":"मूल"},{"$i":"blackandwhite","$v":{"$o":"B&W"}},{"$i":"sepia","$v":"सेपिया"},{"$i":"freeform","$v":"फ्रीफार्म"},{"$i":"portrait","$v":"पोर्ट्रेट"},{"$i":"landscape","$v":"लैंडस्केप"},{"$i":"square","$v":"चनुक्करा"},{"$i":"emptygallery2-title","$v":"कोई फोटो जां वीडियो नेईं"},{"$i":"emptygallery2-text","$v":"गैलरीखाली ऐ। फोटोक्लिककरने लेई कैमरे दी बरतून करो।"},{"$i":"emptygallery2-title-pick","$v":"कोई फोटो नेईं"},{"$i":"emptygallery-text-pick","$v":"कोई फोटो उपलब्ध नेईं ऐ।"},{"$i":"nocard3-title","$v":"कोई मेमोरी कार्ड नेईं"},{"$i":"nocard4-text","$v":"इस ऐप दी बरतून करने लेई मेमोरी कार्ड पाओ।"},{"$i":"pluggedin2-title","$v":"मेमोरी कार्ड बरतून च"},{"$i":"pluggedin2-text","$v":"स्टोरज बरतून च ऐ। किरपा करियै इस ऐप दी बरतून करने लेई फोन अनप्लग करो।"},{"$i":"scanning-title","$v":"स्कैनिंग"},{"$i":"tcl-scanning-text","$v":"तस्वीरों दी तलाश च"},{"$i":"scanning-text","$v":"फोटो लेई स्कैनिंग…"},{"$i":"upgrade-title","$v":"डाटाबेस अपग्रेड"},{"$i":"upgrade-text","$v":"किरपा करियै इंतजार करो जिसलैगैलरीडेटाबेसअपडेट करा करदी होई।"},{"$i":"share-noprovider","$v":"इस इमेज फाइल किस्म गी सांझा नेईं कीता जाई सकदा।"},{"$i":"memorycardfull","$v":"स्टोरेज भरोची दी ऐ। फोटो संपादत नेईं करी सकदे।"},{"$i":"imagetoobig","$v":"इस डिवाइस पर डिस्पले करने लेई इमेज बड़ी बड्डी ऐ।"},{"$i":"imageinvalid","$v":"तस्वीर अमान्य जां खराब ऐ ते डिस्पले नेईं कीती जाई सकदी ऐ।"},{"$i":"saved","$v":[{"t":"idOrVar","v":"filename"}," गैलरी च सहेजी गेई"]},{"$i":"edit-copy-saved","$v":"नमीं कापी सहेजी गेई।"},{"$i":"overlay-camera-button","$v":"कैमरे पर जाओ"},{"$i":"name-label","$v":"नांऽ"},{"$i":"size-label","$v":"साइज"},{"$i":"image-type-label","$v":"इमेज किस्म"},{"$i":"tcl-date-and-time-label","$v":"तरीक ते समां"},{"$i":"date-taken-label","$v":"तरीक लैती जाई चुकी ऐ"},{"$i":"resolution-label","$v":"रेजलूशन"},{"$i":"close-button","$v":"बंद करो"},{"$i":"byteUnit-B","$v":"बाइट्स"},{"$i":"byteUnit-KB","$v":"KB"},{"$i":"byteUnit-MB","$v":"MB"},{"$i":"byteUnit-GB","$v":"GB"},{"$i":"gallery","$v":"गेलरी"},{"$i":"preview","$v":"प्रव्यू"},{"$i":"tcl-confirmation","$v":"पुश्टिकरण"},{"$i":"tcl-delete-this-image","$v":"इस तस्वीर गी डिलीट करो?"},{"$i":"tcl-delete-selected-image","$v":"चुनिंदा फोटो डिलीट करो?"},{"$i":"tcl-delete-selected-images","$v":"चुनिंदा फोटो डिलीट करो?"},{"$i":"tcl-delete-photos","$v":{"one":["क्या तुस जकीनी तौर पर ",{"t":"idOrVar","v":"n"}," चुनिंदा फोटो डिलीट करना चांह्​दे ओ?"],"other":["क्या तुस जकीनी तौर पर ",{"t":"idOrVar","v":"n"}," चुनिंदा फोटो डिलीट करना चांह्​दे ओ?"]},"$x":[{"t":"idOrVar","v":"plural"},"n"]},{"$i":"tcl-lost-warning","$v":"सब्भै बदलाव नश्ट होई जाङन।"},{"$i":"tcl-save-changes?","$v":"क्या तुस बदलावें गी सहेजना चांह्​दे ओ?"},{"$i":"tcl-close-warning","$v":"एप्लिकेशन गी डेटा नुकसान कन्नै बंद करी दित्ता जाह्‌ग।"},{"$i":"tcl-back-to-editing?","$v":"क्या तुस संपादन पर वापस जाना चांह्‌दे ओ?"},{"$i":"tcl-gallery-settings","$v":"गैलरी सेटिंगां"},{"$i":"tcl-sort-by","$v":"इसदे अनुसार क्रमबद्ध करो"},{"$i":"tcl-group-by-date-and-location","$v":"तरीक आसेआ ग्रुप"},{"$i":"tcl-error","$v":"त्रुटि"},{"$i":"tcl-error-delete-locked-image","$v":"चुनिंदा इमेज लाक ऐ ते डिलीट नेईं कीती जाई सकी!"},{"$i":"tcl-error-delete-locked-images","$v":"चुनिंदा इमेजें च लाक इमेजां न ते डिलीट नेईं कीतियां जाई सकियां!"},{"$i":"tcl-enter-new-name","$v":"नमां नांऽ दर्ज करो"},{"$i":"sort-and-group","$v":"क्रमबद्ध ते ग्रुप"},{"$i":"tcl-orientationLandscape","$v":"लैंडस्केप"},{"$i":"tcl-videoDescriptionNoTimestamp","$v":[{"t":"idOrVar","v":"orientation"}," वीडियो"]},{"$i":"tcl-orientationPortrait","$v":"पोर्ट्रेट"},{"$i":"tcl-imageDescription","$v":[{"t":"idOrVar","v":"orientation"}," इमेज, %I:%M %p, %B %e, %Y"]},{"$i":"time_am","$v":"AM"},{"$i":"time_pm","$v":"PM"},{"$i":"date-group-header","$v":"%B %Y"},{"$i":"videoDescriptionShort","$v":"वीडियो तरीक %I:%M %p, %B %e, %Y"},{"$i":"imageDescriptionShort","$v":"इमेज तरीक %I:%M %p, %B %e, %Y"},{"$i":"editImagePreview","ariaLabel":"इमेज पूर्वावलोकन संपादत करो"},{"$i":"tcl-pickoneimage","$v":"फोटो चुनो"},{"$i":"discard-changes-warning","$v":"सब्भै बदलाव नश्ट जाङन। क्या तुस बदलावें गी खारज करना चांह्​दे ओ?"},{"$i":"save-changes-warning","$v":"सब्भै बदलाव नश्ट जाङन। क्या तुस बदलावें गी सहेजना चांह्​दे ओ?"},{"$i":"discard","$v":"रद्द"},{"$i":"weekday-0-long","$v":"ऐतवार"},{"$i":"weekday-1-long","$v":"सोमवार"},{"$i":"weekday-2-long","$v":"मंगलवार"},{"$i":"weekday-3-long","$v":"बुधवार"},{"$i":"weekday-4-long","$v":"बीरवार"},{"$i":"weekday-5-long","$v":"शुक्रवार"},{"$i":"weekday-6-long","$v":"शनिवार"},{"$i":"weekday-0-short","$v":"ऐत"},{"$i":"weekday-1-short","$v":"सोम"},{"$i":"weekday-2-short","$v":"मंगल"},{"$i":"weekday-3-short","$v":"वेब"},{"$i":"weekday-4-short","$v":"वीर"},{"$i":"weekday-5-short","$v":"शुक्र"},{"$i":"weekday-6-short","$v":"शनि"},{"$i":"month-0-long","$v":"जनवरी"},{"$i":"month-1-long","$v":"फरवरी"},{"$i":"month-2-long","$v":"मार्च"},{"$i":"month-3-long","$v":"अप्रैल"},{"$i":"month-4-long","$v":"मई"},{"$i":"month-5-long","$v":"जून"},{"$i":"month-6-long","$v":"जुलाई"},{"$i":"month-7-long","$v":"अगस्त"},{"$i":"month-8-long","$v":"सितंबर"},{"$i":"month-9-long","$v":"अक्टूबर"},{"$i":"month-10-long","$v":"नवंबर"},{"$i":"month-11-long","$v":"दिसंबर"},{"$i":"month-0-genitive","$v":"जनवरी"},{"$i":"month-1-genitive","$v":"फरवरी"},{"$i":"month-2-genitive","$v":"मार्च"},{"$i":"month-3-genitive","$v":"अप्रैल"},{"$i":"month-4-genitive","$v":"मई"},{"$i":"month-5-genitive","$v":"जून"},{"$i":"month-6-genitive","$v":"जुलाई"},{"$i":"month-7-genitive","$v":"अगस्त"},{"$i":"month-8-genitive","$v":"सितंबर"},{"$i":"month-9-genitive","$v":"अक्टूबर"},{"$i":"month-10-genitive","$v":"नवंबर"},{"$i":"month-11-genitive","$v":"दिसंबर"},{"$i":"month-0-short","$v":"जनवरी"},{"$i":"month-1-short","$v":"फरवरी"},{"$i":"month-2-short","$v":"मार्च"},{"$i":"month-3-short","$v":"अप्रैल"},{"$i":"month-4-short","$v":"मई"},{"$i":"month-5-short","$v":"जून"},{"$i":"month-6-short","$v":"जुलाई"},{"$i":"month-7-short","$v":"अगस्त"},{"$i":"month-8-short","$v":"सितम्बर"},{"$i":"month-9-short","$v":"अक्टूबर"},{"$i":"month-10-short","$v":"नवंबर"},{"$i":"month-11-short","$v":"दिसंबर"},{"$i":"minutes-ago-long","$v":{"zero":"हूनै","one":"इक मिनट पैह्‌ले","two":[{"t":"idOrVar","v":"value"}," मिनट पैह्‌ले"],"few":[{"t":"idOrVar","v":"value"}," मिनट पैह्‌ले"],"many":[{"t":"idOrVar","v":"value"}," मिनट पैह्‌ले"],"other":[{"t":"idOrVar","v":"value"}," मिनट पैह्‌ले"]},"$x":[{"t":"idOrVar","v":"plural"},"value"]},{"$i":"hours-ago-long","$v":{"zero":"हूनै","one":"इक घैंटा पैह्‌ले","two":[{"t":"idOrVar","v":"value"}," घैंटे पैह्‌ले"],"few":[{"t":"idOrVar","v":"value"}," घैंटे पैह्‌ले"],"many":[{"t":"idOrVar","v":"value"}," घैंटे पैह्‌ले"],"other":[{"t":"idOrVar","v":"value"}," घैंटे पैह्‌ले"]},"$x":[{"t":"idOrVar","v":"plural"},"value"]},{"$i":"days-ago-long","$v":{"zero":"अज्ज","one":"कल","two":[{"t":"idOrVar","v":"value"}," दिन पैह्‌ले"],"few":[{"t":"idOrVar","v":"value"}," दिन पैह्‌ले"],"many":[{"t":"idOrVar","v":"value"}," दिन पैह्‌ले"],"other":[{"t":"idOrVar","v":"value"}," दिन पैह्‌ले"]},"$x":[{"t":"idOrVar","v":"plural"},"value"]},{"$i":"weeks-ago-long","$v":{"zero":"इस हफ्ते","one":"पिछले हफ्ते","two":[{"t":"idOrVar","v":"value"}," हफ्ते पैह्‌ले"],"few":[{"t":"idOrVar","v":"value"}," हफ्ते पैह्‌ले"],"many":[{"t":"idOrVar","v":"value"}," हफ्ते पैह्‌ले"],"other":[{"t":"idOrVar","v":"value"}," हफ्ते पैह्‌ले"]},"$x":[{"t":"idOrVar","v":"plural"},"value"]},{"$i":"months-ago-long","$v":{"zero":"इस म्हीने","one":"पिछले म्हीने","two":[{"t":"idOrVar","v":"value"}," म्हीने पैह्‌ले"],"few":[{"t":"idOrVar","v":"value"}," म्हीने पैह्‌ले"],"many":[{"t":"idOrVar","v":"value"}," म्हीने पैह्‌ले"],"other":[{"t":"idOrVar","v":"value"}," म्हीने पैह्‌ले"]},"$x":[{"t":"idOrVar","v":"plural"},"value"]},{"$i":"years-ago-long","$v":{"zero":"इस ब'रे","one":"पिछले ब'रे","two":[{"t":"idOrVar","v":"value"}," ब'रे पैह्‌ले"],"few":[{"t":"idOrVar","v":"value"}," ब'रे पैह्‌ले"],"many":[{"t":"idOrVar","v":"value"}," ब'रे पैह्‌ले"],"other":[{"t":"idOrVar","v":"value"}," ब'रे पैह्‌ले"]},"$x":[{"t":"idOrVar","v":"plural"},"value"]},{"$i":"minutes-until-long","$v":{"zero":"हून","one":"इक मिनट च","two":[{"t":"idOrVar","v":"value"}," मिनटें च"],"few":[{"t":"idOrVar","v":"value"}," मिनटें च"],"many":[{"t":"idOrVar","v":"value"}," मिनटें च"],"other":[{"t":"idOrVar","v":"value"}," मिनटें च"]},"$x":[{"t":"idOrVar","v":"plural"},"value"]},{"$i":"hours-until-long","$v":{"zero":"हून","one":"इक घैंटे च","two":[{"t":"idOrVar","v":"value"}," घैंटें च"],"few":[{"t":"idOrVar","v":"value"}," घैंटें च"],"many":[{"t":"idOrVar","v":"value"}," घैंटें च"],"other":[{"t":"idOrVar","v":"value"}," घैंटें च"]},"$x":[{"t":"idOrVar","v":"plural"},"value"]},{"$i":"days-until-long","$v":{"zero":"अज्ज","one":"कल","two":[{"t":"idOrVar","v":"value"}," दिनें च"],"few":[{"t":"idOrVar","v":"value"}," दिनें च"],"many":[{"t":"idOrVar","v":"value"}," दिनें च"],"other":[{"t":"idOrVar","v":"value"}," दिनें च"]},"$x":[{"t":"idOrVar","v":"plural"},"value"]},{"$i":"weeks-until-long","$v":{"zero":"इस हफ्ते","one":"अगले हफ्ते","two":[{"t":"idOrVar","v":"value"},"हफ्तें च"],"few":[{"t":"idOrVar","v":"value"},"हफ्तें च"],"many":[{"t":"idOrVar","v":"value"},"हफ्तें च"],"other":[{"t":"idOrVar","v":"value"},"हफ्तें च"]},"$x":[{"t":"idOrVar","v":"plural"},"value"]},{"$i":"months-until-long","$v":{"zero":"इस म्हीने","one":"अगले म्हीने","two":[{"t":"idOrVar","v":"value"}," म्हीनें च"],"few":[{"t":"idOrVar","v":"value"}," म्हीनें च"],"many":[{"t":"idOrVar","v":"value"}," म्हीनें च"],"other":[{"t":"idOrVar","v":"value"}," म्हीनें च"]},"$x":[{"t":"idOrVar","v":"plural"},"value"]},{"$i":"years-until-long","$v":{"zero":"इस ब'रे","one":"अगले ब'रे","two":[{"t":"idOrVar","v":"value"},"ब'रें च"],"few":[{"t":"idOrVar","v":"value"},"ब'रें च"],"many":[{"t":"idOrVar","v":"value"},"ब'रें च"],"other":[{"t":"idOrVar","v":"value"},"ब'रें च"]},"$x":[{"t":"idOrVar","v":"plural"},"value"]},{"$i":"minutes-ago-short","$v":{"zero":"हूनै","other":[{"t":"idOrVar","v":"value"}," मिनट पैह्‌ले"]},"$x":[{"t":"idOrVar","v":"plural"},"value"]},{"$i":"hours-ago-short","$v":{"zero":"हूनै","other":[{"t":"idOrVar","v":"value"}," घैंटे पैह्‌ले"]},"$x":[{"t":"idOrVar","v":"plural"},"value"]},{"$i":"days-ago-short","$v":{"zero":"अज्ज","other":[{"t":"idOrVar","v":"value"}," दिन पैह्‌ले"]},"$x":[{"t":"idOrVar","v":"plural"},"value"]},{"$i":"minutes-until-short","$v":{"zero":"हून","other":[{"t":"idOrVar","v":"value"},"मिनटें च"]},"$x":[{"t":"idOrVar","v":"plural"},"value"]},{"$i":"hours-until-short","$v":{"zero":"हून","other":[{"t":"idOrVar","v":"value"}," घैंटें च"]},"$x":[{"t":"idOrVar","v":"plural"},"value"]},{"$i":"days-until-short","$v":{"zero":"अज्ज","other":[{"t":"idOrVar","v":"value"},"दिनें च"]},"$x":[{"t":"idOrVar","v":"plural"},"value"]},{"$i":"incorrectDate","$v":"(गलत तरीक)"},{"$i":"dateTimeFormat_%c","$v":"%a %b %e %Y %I:%M:%S %p"},{"$i":"dateTimeFormat_%x","$v":"%m/%d/%Y"},{"$i":"dateTimeFormat_%X","$v":"%I:%M:%S %p"},{"$i":"shortTimeFormat","$v":"%I:%M %p"},{"$i":"shortTimeFormat12","$v":"%I:%M %p"},{"$i":"shortTimeFormat24","$v":"%H:%M"},{"$i":"shortDateTimeFormat","$v":"%x %I:%M %p"},{"$i":"weekStartsOnMonday","$v":"0"},{"$i":"firstDayOfTheWeek","$v":"0"},{"$i":"imageDescription","$v":[{"t":"idOrVar","v":"orientation"}," इमेज, %I:%M %p, %B %e, %Y"]},{"$i":"imageDescriptionNoTimestamp","$v":[{"t":"idOrVar","v":"orientation"}," इमेज"]},{"$i":"videoDescription","$v":[{"t":"idOrVar","v":"orientation"}," वीडियो, %I:%M %p, %B %e, %Y"]},{"$i":"videoDescriptionNoTimestamp","$v":[{"t":"idOrVar","v":"orientation"}," वीडियो"]},{"$i":"orientationPortrait","$v":"पोर्ट्रेट"},{"$i":"orientationLandscape","$v":"लैंडस्केप"},{"$i":"playbackPlay","ariaLabel":"चलाओ"},{"$i":"playbackPause","ariaLabel":"विराम"},{"$i":"playbackNext","ariaLabel":"अगला"},{"$i":"playbackPrevious","ariaLabel":"पिछला"},{"$i":"playbackFullscreen","ariaLabel":"पूर्णस्क्रीन"},{"$i":"playbackSeekBar","ariaLabel":["दिक्खना बार, मन्याद ",{"t":"idOrVar","v":"duration"}]},{"$i":"softkey-options","$v":"विकल्प"}]