[{"$i":"select","$v":"Select"},{"$i":"tcl-select","$v":"Select"},{"$i":"invalid-image","$v":"Invalid Image"},{"$i":"image-too-big","$v":"Image file size is too big to show in gallery."},{"$i":"tcl-selected-items-count","$v":[{"t":"idOrVar","v":"n"}," Selected"]},{"$i":"delete-photo?","$v":"Delete photo?"},{"$i":"delete-video?","$v":"Delete video?"},{"$i":"delete-n-items?","$v":{"zero":"Nothing selected","one":"Delete selected item?","two":["Delete ",{"t":"idOrVar","v":"n"}," items?"],"few":["Delete ",{"t":"idOrVar","v":"n"}," items?"],"many":["Delete ",{"t":"idOrVar","v":"n"}," items?"],"other":["Delete ",{"t":"idOrVar","v":"n"}," items?"]},"$x":[{"t":"idOrVar","v":"plural"},"n"]},{"$i":"tcl-contact-set-ok","$v":"Contact image added"},{"$i":"tcl-contact-set-fail","$v":"Failed to set contact image"},{"$i":"tcl-exposure-done","$v":"Exposure applied"},{"$i":"tcl-rotation-done","$v":"Image rotated"},{"$i":"tcl-crop-done","$v":"Image cropped"},{"$i":"tcl-filters-done","$v":"Filter applied"},{"$i":"tcl-autocorrection-done","$v":"Auto-Correction applied"},{"$i":"tcl-changes-saved","$v":"Changes saved"},{"$i":"wallpaper-set","$v":"Wallpaper set"},{"$i":"tcl-single-image-locked","$v":"Selected image locked"},{"$i":"tcl-single-image-unlocked","$v":"Selected Image unlocked"},{"$i":"tcl-single-image-deleted","$v":"Image deleted."},{"$i":"tcl-multiple-images-locked","$v":{"zero":"Image not locked","one":[{"t":"idOrVar","v":"n"}," image locked"],"other":[{"t":"idOrVar","v":"n"}," images locked"]},"$x":[{"t":"idOrVar","v":"plural"},"n"]},{"$i":"tcl-multiple-images-unlocked","$v":{"zero":"Image not unlocked","one":[{"t":"idOrVar","v":"n"}," image unlocked"],"other":[{"t":"idOrVar","v":"n"}," images unlocked"]},"$x":[{"t":"idOrVar","v":"plural"},"n"]},{"$i":"tcl-deleted-n-photos","$v":{"zero":"Image not deleted","one":[{"t":"idOrVar","v":"n"}," image deleted"],"other":[{"t":"idOrVar","v":"n"}," images deleted"]},"$x":[{"t":"idOrVar","v":"plural"},"n"]},{"$i":"tcl-undo","$v":"Undo"},{"$i":"pickoneimage2","$v":"Select"},{"$i":"cropimage","$v":"Crop"},{"$i":"tcl-no","$v":"NO"},{"$i":"tcl-on","$v":"On"},{"$i":"tcl-off","$v":"Off"},{"$i":"tcl-return","$v":"Return"},{"$i":"cancel","$v":"Cancel"},{"$i":"delete","$v":"Delete"},{"$i":"ok","$v":"OK"},{"$i":"edit","$v":"Edit"},{"$i":"save","$v":"Save"},{"$i":"done","$v":"Done"},{"$i":"exposure","$v":"Exposure"},{"$i":"crop","$v":"Crop"},{"$i":"effects","$v":"Effects"},{"$i":"borders","$v":"Borders"},{"$i":"enhance-on","$v":"Auto-enhance on"},{"$i":"enhance-off","$v":"Auto-enhance off"},{"$i":"tcl-exit","$v":"Exit"},{"$i":"tcl-set","$v":"Set"},{"$i":"tcl-takephoto","$v":"Take Photo"},{"$i":"tcl-options","$v":"Options"},{"$i":"tcl-select-all","$v":"Select All"},{"$i":"tcl-deselect-all","$v":"Deselect All"},{"$i":"tcl-lock","$v":"Lock"},{"$i":"tcl-unlock","$v":"Unlock"},{"$i":"tcl-rename","$v":"Rename"},{"$i":"tcl-rotate","$v":"Rotate"},{"$i":"tcl-share","$v":"Share"},{"$i":"tcl-settings","$v":"Settings"},{"$i":"tcl-set-as","$v":"Set as"},{"$i":"tcl-wallpaper","$v":"Wallpaper"},{"$i":"tcl-existing-contact-image","$v":"Image for existing contact"},{"$i":"tcl-zoom","$v":"Zoom"},{"$i":"tcl-zoom-in","$v":"Zoom In"},{"$i":"tcl-zoom-out","$v":"Zoom Out"},{"$i":"tcl-file-info","$v":"File Info"},{"$i":"tcl-select-multiple","$v":"Select Multiple"},{"$i":"tcl-invalid-name","$v":"Invalid Name"},{"$i":"tcl-name-already-exists","$v":"This name already exists."},{"$i":"tcl-override-warning-msg","$v":"Would you like to override the existing image?"},{"$i":"tcl-override","$v":"Override"},{"$i":"tcl-edit-title","$v":"Edit Image"},{"$i":"tcl-edit-exposure","$v":"Exposure"},{"$i":"tcl-edit-crop","$v":"Crop"},{"$i":"tcl-edit-rotate","$v":"Rotate"},{"$i":"tcl-edit-filters","$v":"Filters"},{"$i":"tcl-edit-auto-correct","$v":"Auto-correction"},{"$i":"edit-exposure","ariaLabel":"Exposure"},{"$i":"edit-crop","ariaLabel":"Crop"},{"$i":"edit-rotate","ariaLabel":"Rotate"},{"$i":"edit-filters","ariaLabel":"Filters"},{"$i":"edit-auto-correct","ariaLabel":"Auto-correction"},{"$i":"tcl-crop-none","$v":"Undo cropping"},{"$i":"tcl-crop-aspect-free","$v":"Default"},{"$i":"tcl-crop-aspect-portrait","$v":"2:3"},{"$i":"tcl-crop-aspect-landscape","$v":"3:2"},{"$i":"tcl-crop-aspect-square","$v":"1:1"},{"$i":"crop-none","ariaLabel":"Undo cropping"},{"$i":"crop-aspect-free","ariaLabel":"Default"},{"$i":"crop-aspect-portrait","ariaLabel":"2:3"},{"$i":"crop-aspect-landscape","ariaLabel":"3:2"},{"$i":"crop-aspect-square","ariaLabel":"1:1"},{"$i":"tcl-edit-filters-none","$v":"Filter 1"},{"$i":"tcl-edit-filters-bw","$v":"Filter 2"},{"$i":"tcl-edit-filters-sepia","$v":"Filter 3"},{"$i":"tcl-edit-filters-bluesteel","$v":"Filter 4"},{"$i":"tcl-edit-filters-faded","$v":"Filter 5"},{"$i":"edit-filters-none","ariaLabel":"Filter 1"},{"$i":"edit-filters-bw","ariaLabel":"Filter 2"},{"$i":"edit-filters-sepia","ariaLabel":"Filter 3"},{"$i":"edit-filters-bluesteel","ariaLabel":"Filter 4"},{"$i":"edit-filters-faded","ariaLabel":"Filter 5"},{"$i":"tcl-rotate-cw","$v":"CW"},{"$i":"tcl-rotate-ccw","$v":"CCW"},{"$i":"original","$v":"Original"},{"$i":"blackandwhite","$v":{"$o":"B&W"}},{"$i":"sepia","$v":"Sepia"},{"$i":"freeform","$v":"Freeform"},{"$i":"portrait","$v":"Portrait"},{"$i":"landscape","$v":"Landscape"},{"$i":"square","$v":"Square"},{"$i":"emptygallery2-title","$v":"No photos or videos"},{"$i":"emptygallery2-text","$v":"Gallery is empty. Use camera to click photos."},{"$i":"emptygallery2-title-pick","$v":"No photos"},{"$i":"emptygallery-text-pick","$v":"No photos available."},{"$i":"nocard3-title","$v":"No memory card"},{"$i":"nocard4-text","$v":"Insert a memory card to use this app."},{"$i":"pluggedin2-title","$v":"Memory card in use"},{"$i":"pluggedin2-text","$v":"Memory card is in use. Please unplug the phone to use this app."},{"$i":"scanning-title","$v":"Scanning"},{"$i":"tcl-scanning-text","$v":"Looking for photos"},{"$i":"scanning-text","$v":"Scanning for photos ..."},{"$i":"upgrade-title","$v":"Database Upgrade"},{"$i":"upgrade-text","$v":"Please wait while Gallery updates the database."},{"$i":"share-noprovider","$v":"Cannot share this image file type."},{"$i":"memorycardfull","$v":"Storage is full, cannot edit photos."},{"$i":"imagetoobig","$v":"Image is too large to display on this device."},{"$i":"imageinvalid","$v":"Image is invalid or corrupt and cannot be displayed."},{"$i":"saved","$v":[{"t":"idOrVar","v":"filename"}," saved to Gallery"]},{"$i":"edit-copy-saved","$v":"New copy saved."},{"$i":"overlay-camera-button","$v":"Go to Camera"},{"$i":"name-label","$v":"Name"},{"$i":"size-label","$v":"Size"},{"$i":"image-type-label","$v":"Image Type"},{"$i":"tcl-date-and-time-label","$v":"Date and Time"},{"$i":"date-taken-label","$v":"Date Taken"},{"$i":"resolution-label","$v":"Resolution"},{"$i":"close-button","$v":"Close"},{"$i":"byteUnit-B","$v":"Bytes"},{"$i":"byteUnit-KB","$v":"KB"},{"$i":"byteUnit-MB","$v":"MB"},{"$i":"byteUnit-GB","$v":"GB"},{"$i":"gallery","$v":"Gallery"},{"$i":"preview","$v":"Preview"},{"$i":"tcl-confirmation","$v":"Confirmation"},{"$i":"tcl-delete-this-image","$v":"Delete this photo?"},{"$i":"tcl-delete-selected-image","$v":"Delete selected photo?"},{"$i":"tcl-delete-selected-images","$v":"Delete selected photos?"},{"$i":"tcl-delete-photos","$v":{"one":["Are you sure you want to delete ",{"t":"idOrVar","v":"n"}," selected photo?"],"other":["Are you sure you want to delete ",{"t":"idOrVar","v":"n"}," selected photos?"]},"$x":[{"t":"idOrVar","v":"plural"},"n"]},{"$i":"tcl-lost-warning","$v":"All changes will be lost."},{"$i":"tcl-save-changes?","$v":"Would you like to save changes?"},{"$i":"tcl-close-warning","$v":"Application will be closed with data loss."},{"$i":"tcl-back-to-editing?","$v":"Do you want to return to editing?"},{"$i":"tcl-gallery-settings","$v":"Gallery Settings"},{"$i":"tcl-sort-by","$v":"Sort by"},{"$i":"tcl-group-by-date-and-location","$v":"Group by Date"},{"$i":"tcl-error","$v":"Error"},{"$i":"tcl-error-delete-locked-image","$v":"The selected image is locked and could not be deleted!"},{"$i":"tcl-error-delete-locked-images","$v":"The selected images contain locked image(s) and could not be deleted!"},{"$i":"tcl-enter-new-name","$v":"Enter New Name"},{"$i":"sort-and-group","$v":"Sort and Group"},{"$i":"tcl-orientationLandscape","$v":"landscape"},{"$i":"tcl-videoDescriptionNoTimestamp","$v":[{"t":"idOrVar","v":"orientation"}," video"]},{"$i":"tcl-orientationPortrait","$v":"portrait"},{"$i":"tcl-imageDescription","$v":[{"t":"idOrVar","v":"orientation"}," image, %I:%M %p, %B %e, %Y"]},{"$i":"time_am","$v":"AM"},{"$i":"time_pm","$v":"PM"},{"$i":"date-group-header","$v":"%B %Y"},{"$i":"videoDescriptionShort","$v":"Video dated %I:%M %p, %B %e, %Y"},{"$i":"imageDescriptionShort","$v":"Image dated %I:%M %p, %B %e, %Y"},{"$i":"editImagePreview","ariaLabel":"Edit image preview"},{"$i":"tcl-pickoneimage","$v":"Select A Photo"},{"$i":"discard-changes-warning","$v":"All changes will be lost. Would you like to discard changes?"},{"$i":"save-changes-warning","$v":"All changes will be lost. Would you like to save changes?"},{"$i":"discard","$v":"Discard"},{"$i":"weekday-0-long","$v":"Sunday"},{"$i":"weekday-1-long","$v":"Monday"},{"$i":"weekday-2-long","$v":"Tuesday"},{"$i":"weekday-3-long","$v":"Wednesday"},{"$i":"weekday-4-long","$v":"Thursday"},{"$i":"weekday-5-long","$v":"Friday"},{"$i":"weekday-6-long","$v":"Saturday"},{"$i":"weekday-0-short","$v":"Sun"},{"$i":"weekday-1-short","$v":"Mon"},{"$i":"weekday-2-short","$v":"Tue"},{"$i":"weekday-3-short","$v":"Wed"},{"$i":"weekday-4-short","$v":"Thu"},{"$i":"weekday-5-short","$v":"Fri"},{"$i":"weekday-6-short","$v":"Sat"},{"$i":"month-0-long","$v":"January"},{"$i":"month-1-long","$v":"February"},{"$i":"month-2-long","$v":"March"},{"$i":"month-3-long","$v":"April"},{"$i":"month-4-long","$v":"May"},{"$i":"month-5-long","$v":"June"},{"$i":"month-6-long","$v":"July"},{"$i":"month-7-long","$v":"August"},{"$i":"month-8-long","$v":"September"},{"$i":"month-9-long","$v":"October"},{"$i":"month-10-long","$v":"November"},{"$i":"month-11-long","$v":"December"},{"$i":"month-0-genitive","$v":"January"},{"$i":"month-1-genitive","$v":"February"},{"$i":"month-2-genitive","$v":"March"},{"$i":"month-3-genitive","$v":"April"},{"$i":"month-4-genitive","$v":"May"},{"$i":"month-5-genitive","$v":"June"},{"$i":"month-6-genitive","$v":"July"},{"$i":"month-7-genitive","$v":"August"},{"$i":"month-8-genitive","$v":"September"},{"$i":"month-9-genitive","$v":"October"},{"$i":"month-10-genitive","$v":"November"},{"$i":"month-11-genitive","$v":"December"},{"$i":"month-0-short","$v":"Jan"},{"$i":"month-1-short","$v":"Feb"},{"$i":"month-2-short","$v":"Mar"},{"$i":"month-3-short","$v":"Apr"},{"$i":"month-4-short","$v":"May"},{"$i":"month-5-short","$v":"Jun"},{"$i":"month-6-short","$v":"Jul"},{"$i":"month-7-short","$v":"Aug"},{"$i":"month-8-short","$v":"Sep"},{"$i":"month-9-short","$v":"Oct"},{"$i":"month-10-short","$v":"Nov"},{"$i":"month-11-short","$v":"Dec"},{"$i":"minutes-ago-long","$v":{"zero":"just now","one":"a minute ago","two":[{"t":"idOrVar","v":"value"}," minutes ago"],"few":[{"t":"idOrVar","v":"value"}," minutes ago"],"many":[{"t":"idOrVar","v":"value"}," minutes ago"],"other":[{"t":"idOrVar","v":"value"}," minutes ago"]},"$x":[{"t":"idOrVar","v":"plural"},"value"]},{"$i":"hours-ago-long","$v":{"zero":"just now","one":"an hour ago","two":[{"t":"idOrVar","v":"value"}," hours ago"],"few":[{"t":"idOrVar","v":"value"}," hours ago"],"many":[{"t":"idOrVar","v":"value"}," hours ago"],"other":[{"t":"idOrVar","v":"value"}," hours ago"]},"$x":[{"t":"idOrVar","v":"plural"},"value"]},{"$i":"days-ago-long","$v":{"zero":"today","one":"yesterday","two":[{"t":"idOrVar","v":"value"}," days ago"],"few":[{"t":"idOrVar","v":"value"}," days ago"],"many":[{"t":"idOrVar","v":"value"}," days ago"],"other":[{"t":"idOrVar","v":"value"}," days ago"]},"$x":[{"t":"idOrVar","v":"plural"},"value"]},{"$i":"weeks-ago-long","$v":{"zero":"this week","one":"last week","two":[{"t":"idOrVar","v":"value"}," weeks ago"],"few":[{"t":"idOrVar","v":"value"}," weeks ago"],"many":[{"t":"idOrVar","v":"value"}," weeks ago"],"other":[{"t":"idOrVar","v":"value"}," weeks ago"]},"$x":[{"t":"idOrVar","v":"plural"},"value"]},{"$i":"months-ago-long","$v":{"zero":"this month","one":"last month","two":[{"t":"idOrVar","v":"value"}," months ago"],"few":[{"t":"idOrVar","v":"value"}," months ago"],"many":[{"t":"idOrVar","v":"value"}," months ago"],"other":[{"t":"idOrVar","v":"value"}," months ago"]},"$x":[{"t":"idOrVar","v":"plural"},"value"]},{"$i":"years-ago-long","$v":{"zero":"this year","one":"last year","two":[{"t":"idOrVar","v":"value"}," years ago"],"few":[{"t":"idOrVar","v":"value"}," years ago"],"many":[{"t":"idOrVar","v":"value"}," years ago"],"other":[{"t":"idOrVar","v":"value"}," years ago"]},"$x":[{"t":"idOrVar","v":"plural"},"value"]},{"$i":"minutes-until-long","$v":{"zero":"now","one":"in a minute","two":["in ",{"t":"idOrVar","v":"value"}," minutes"],"few":["in ",{"t":"idOrVar","v":"value"}," minutes"],"many":["in ",{"t":"idOrVar","v":"value"}," minutes"],"other":["in ",{"t":"idOrVar","v":"value"}," minutes"]},"$x":[{"t":"idOrVar","v":"plural"},"value"]},{"$i":"hours-until-long","$v":{"zero":"now","one":"in an hour","two":["in ",{"t":"idOrVar","v":"value"}," hours"],"few":["in ",{"t":"idOrVar","v":"value"}," hours"],"many":["in ",{"t":"idOrVar","v":"value"}," hours"],"other":["in ",{"t":"idOrVar","v":"value"}," hours"]},"$x":[{"t":"idOrVar","v":"plural"},"value"]},{"$i":"days-until-long","$v":{"zero":"today","one":"tomorrow","two":["in ",{"t":"idOrVar","v":"value"}," days"],"few":["in ",{"t":"idOrVar","v":"value"}," days"],"many":["in ",{"t":"idOrVar","v":"value"}," days"],"other":["in ",{"t":"idOrVar","v":"value"}," days"]},"$x":[{"t":"idOrVar","v":"plural"},"value"]},{"$i":"weeks-until-long","$v":{"zero":"this week","one":"next week","two":["in ",{"t":"idOrVar","v":"value"}," weeks"],"few":["in ",{"t":"idOrVar","v":"value"}," weeks"],"many":["in ",{"t":"idOrVar","v":"value"}," weeks"],"other":["in ",{"t":"idOrVar","v":"value"}," weeks"]},"$x":[{"t":"idOrVar","v":"plural"},"value"]},{"$i":"months-until-long","$v":{"zero":"this month","one":"next month","two":["in ",{"t":"idOrVar","v":"value"}," months"],"few":["in ",{"t":"idOrVar","v":"value"}," months"],"many":["in ",{"t":"idOrVar","v":"value"}," months"],"other":["in ",{"t":"idOrVar","v":"value"}," months"]},"$x":[{"t":"idOrVar","v":"plural"},"value"]},{"$i":"years-until-long","$v":{"zero":"this year","one":"next year","two":["in ",{"t":"idOrVar","v":"value"}," years"],"few":["in ",{"t":"idOrVar","v":"value"}," years"],"many":["in ",{"t":"idOrVar","v":"value"}," years"],"other":["in ",{"t":"idOrVar","v":"value"}," years"]},"$x":[{"t":"idOrVar","v":"plural"},"value"]},{"$i":"minutes-ago-short","$v":{"zero":"just now","other":[{"t":"idOrVar","v":"value"},"m ago"]},"$x":[{"t":"idOrVar","v":"plural"},"value"]},{"$i":"hours-ago-short","$v":{"zero":"just now","other":[{"t":"idOrVar","v":"value"},"h ago"]},"$x":[{"t":"idOrVar","v":"plural"},"value"]},{"$i":"days-ago-short","$v":{"zero":"today","other":[{"t":"idOrVar","v":"value"},"d ago"]},"$x":[{"t":"idOrVar","v":"plural"},"value"]},{"$i":"minutes-until-short","$v":{"zero":"now","other":["in ",{"t":"idOrVar","v":"value"},"m"]},"$x":[{"t":"idOrVar","v":"plural"},"value"]},{"$i":"hours-until-short","$v":{"zero":"now","other":["in ",{"t":"idOrVar","v":"value"},"h"]},"$x":[{"t":"idOrVar","v":"plural"},"value"]},{"$i":"days-until-short","$v":{"zero":"today","other":["in ",{"t":"idOrVar","v":"value"},"d"]},"$x":[{"t":"idOrVar","v":"plural"},"value"]},{"$i":"incorrectDate","$v":"(incorrect date)"},{"$i":"dateTimeFormat_%c","$v":"%a %b %e %Y %I:%M:%S %p"},{"$i":"dateTimeFormat_%x","$v":"%m/%d/%Y"},{"$i":"dateTimeFormat_%X","$v":"%I:%M:%S %p"},{"$i":"shortTimeFormat","$v":"%I:%M %p"},{"$i":"shortTimeFormat12","$v":"%I:%M %p"},{"$i":"shortTimeFormat24","$v":"%H:%M"},{"$i":"shortDateTimeFormat","$v":"%x %I:%M %p"},{"$i":"weekStartsOnMonday","$v":"0"},{"$i":"firstDayOfTheWeek","$v":"0"},{"$i":"imageDescription","$v":[{"t":"idOrVar","v":"orientation"}," image, %I:%M %p, %B %e, %Y"]},{"$i":"imageDescriptionNoTimestamp","$v":[{"t":"idOrVar","v":"orientation"}," image"]},{"$i":"videoDescription","$v":[{"t":"idOrVar","v":"orientation"}," video, %I:%M %p, %B %e, %Y"]},{"$i":"videoDescriptionNoTimestamp","$v":[{"t":"idOrVar","v":"orientation"}," video"]},{"$i":"orientationPortrait","$v":"portrait"},{"$i":"orientationLandscape","$v":"landscape"},{"$i":"playbackPlay","ariaLabel":"Play"},{"$i":"playbackPause","ariaLabel":"Pause"},{"$i":"playbackNext","ariaLabel":"Next"},{"$i":"playbackPrevious","ariaLabel":"Previous"},{"$i":"playbackFullscreen","ariaLabel":"Fullscreen"},{"$i":"playbackSeekBar","ariaLabel":["Seek bar, duration ",{"t":"idOrVar","v":"duration"}]},{"$i":"softkey-options","$v":"Options"}]