[{"$i":"select","$v":"પસંદ કરો"},{"$i":"tcl-select","$v":"પસંદ કરો"},{"$i":"invalid-image","$v":"અમાન્ય ઈમેજ"},{"$i":"image-too-big","$v":"ગેલેરીમાં બતાવવા માટે ઇમેજ ફાઇલ સાઈઝ ખૂબ મોટું છે"},{"$i":"tcl-selected-items-count","$v":[{"t":"idOrVar","v":"n"}," પસંદ કરેલ"]},{"$i":"delete-photo?","$v":"ફોટો દૂર કરવા માંગો છો?"},{"$i":"delete-video?","$v":"વિડિયો દૂર કરવા માંગો છો?"},{"$i":"delete-n-items?","$v":{"zero":"કંઇ પણ પસંદ કરેલ નથી","one":"પસંદ કરેલ આઇટમ દૂર કરવા માંગો છો?","two":[{"t":"idOrVar","v":"n"}," આઇટમ્સ દૂર કરવા માંગો છો?"],"few":[{"t":"idOrVar","v":"n"}," આઇટમ્સ દૂર કરવા માંગો છો?"],"many":[{"t":"idOrVar","v":"n"}," આઇટમ્સ દૂર કરવા માંગો છો?"],"other":[{"t":"idOrVar","v":"n"}," આઇટમ્સ દૂર કરવા માંગો છો?"]},"$x":[{"t":"idOrVar","v":"plural"},"n"]},{"$i":"tcl-contact-set-ok","$v":"સંપર્ક ઇમેજ ઉમેરવામાં આવી"},{"$i":"tcl-contact-set-fail","$v":"સંપર્ક છબી સેટ કરવામાં નિષ્ફળ"},{"$i":"tcl-exposure-done","$v":"એક્સપોઝર લાગુ કરવામાં આવ્યું"},{"$i":"tcl-rotation-done","$v":"ઇમેજને રોટેટ કરેલ છે"},{"$i":"tcl-crop-done","$v":"ઇમેજ ક્રૉપ કરવામાં આવી"},{"$i":"tcl-filters-done","$v":"ફિલ્ટર લાગુ કરવામાં આવ્યું"},{"$i":"tcl-autocorrection-done","$v":"સ્વતઃ સુધાર લાગુ"},{"$i":"tcl-changes-saved","$v":"ફેરફારો સાચવ્યાં"},{"$i":"wallpaper-set","$v":"વૉલપેપર સેટ"},{"$i":"tcl-single-image-locked","$v":"પસંદ કરેલી ઇમેજ લૉક કરવામાં આવી"},{"$i":"tcl-single-image-unlocked","$v":"પસંદ કરેલી ઇમેજ અનલૉક કરવામાં આવેલ છે"},{"$i":"tcl-single-image-deleted","$v":"ફોટો દૂર કરવામાં આવ્યો"},{"$i":"tcl-multiple-images-locked","$v":{"zero":"ઇમેજ લોક કરેલ નથી","one":[{"t":"idOrVar","v":"n"}," ઇમેજ લૉક કરવામાં આવી"],"other":[{"t":"idOrVar","v":"n"}," ઇમેજ લૉક કરવામાં આવી"]},"$x":[{"t":"idOrVar","v":"plural"},"n"]},{"$i":"tcl-multiple-images-unlocked","$v":{"zero":"ઇમેજ લોક કરેલ નથી","one":[{"t":"idOrVar","v":"n"}," ઇમેજ અનલૉક કરવામાં આવી"],"other":[{"t":"idOrVar","v":"n"}," ઇમેજ અનલૉક કરવામાં આવી"]},"$x":[{"t":"idOrVar","v":"plural"},"n"]},{"$i":"tcl-deleted-n-photos","$v":{"zero":"ઇમેજ દૂર કરાવામાં આવી નથી","one":[{"t":"idOrVar","v":"n"}," ઇમેજ દૂર કરવામાં આવી"],"other":[{"t":"idOrVar","v":"n"}," ઇમેજ દૂર કરવામાં આવી"]},"$x":[{"t":"idOrVar","v":"plural"},"n"]},{"$i":"tcl-undo","$v":"અનડૂ કરો"},{"$i":"pickoneimage2","$v":"પસંદ કરો"},{"$i":"cropimage","$v":"ક્રોપ કરો"},{"$i":"tcl-no","$v":"નહીં"},{"$i":"tcl-on","$v":"ચાલુ"},{"$i":"tcl-off","$v":"બંધ"},{"$i":"tcl-return","$v":"પાછા જાઓ"},{"$i":"cancel","$v":"રદ કરો"},{"$i":"delete","$v":"કાઢો"},{"$i":"ok","$v":"ઑકે"},{"$i":"edit","$v":"સંપાદિત કરો"},{"$i":"save","$v":"સેવ કરો"},{"$i":"done","$v":"થઈ ગયું"},{"$i":"exposure","$v":"એક્સપોઝર"},{"$i":"crop","$v":"ક્રોપ કરો"},{"$i":"effects","$v":"પ્રભાવ"},{"$i":"borders","$v":"સીમા"},{"$i":"enhance-on","$v":"સ્વતઃ-વધારો ચાલુ"},{"$i":"enhance-off","$v":"સ્વતઃ-વધારો બંધ"},{"$i":"tcl-exit","$v":"બહાર નીકળો"},{"$i":"tcl-set","$v":"સેટ કરો"},{"$i":"tcl-takephoto","$v":"ફોટો લો"},{"$i":"tcl-options","$v":"વિકલ્પ"},{"$i":"tcl-select-all","$v":"તમામ પસંદ કરો"},{"$i":"tcl-deselect-all","$v":"તમામ પસંદ રદ કરો"},{"$i":"tcl-lock","$v":"લોક કરો"},{"$i":"tcl-unlock","$v":"અનલૉક કરો"},{"$i":"tcl-rename","$v":"નામ બદલો"},{"$i":"tcl-rotate","$v":"રોટેટ"},{"$i":"tcl-share","$v":"શેઅર કરો"},{"$i":"tcl-settings","$v":"સેટિંગ્સ"},{"$i":"tcl-set-as","$v":"તરીકે સેટ કરો"},{"$i":"tcl-wallpaper","$v":"વૉલપેપર"},{"$i":"tcl-existing-contact-image","$v":"મૌજુદ સંપર્ક માટે તસવીર"},{"$i":"tcl-zoom","$v":"ઝુમ કરો"},{"$i":"tcl-zoom-in","$v":"ઝૂમ ઈન કરો"},{"$i":"tcl-zoom-out","$v":"ઝૂમ આઉટ કરો"},{"$i":"tcl-file-info","$v":"ફાઇલ માહિતી"},{"$i":"tcl-select-multiple","$v":"બહુવિધ પસંદ કરો"},{"$i":"tcl-invalid-name","$v":"અમાન્ય નામ"},{"$i":"tcl-name-already-exists","$v":"આ નામ પહેલાંથી જ મોજૂદ છે"},{"$i":"tcl-override-warning-msg","$v":"શું તમે મોજૂદ ઇમેજ ઓવરરાઇડ કરવા માંગો છો?"},{"$i":"tcl-override","$v":"ઓવરરાઇડ કરો"},{"$i":"tcl-edit-title","$v":"ઇમેજ સંપાદિત કરો"},{"$i":"tcl-edit-exposure","$v":"એક્સપોઝર"},{"$i":"tcl-edit-crop","$v":"ક્રોપ કરો"},{"$i":"tcl-edit-rotate","$v":"રોટેટ"},{"$i":"tcl-edit-filters","$v":"ફિલ્ટર્સ"},{"$i":"tcl-edit-auto-correct","$v":"સ્વતઃ-સુધાર"},{"$i":"edit-exposure","ariaLabel":"એક્સપોઝર"},{"$i":"edit-crop","ariaLabel":"ક્રોપ કરો"},{"$i":"edit-rotate","ariaLabel":"રોટેટ"},{"$i":"edit-filters","ariaLabel":"ફિલ્ટર્સ"},{"$i":"edit-auto-correct","ariaLabel":"સ્વતઃ-સુધાર"},{"$i":"tcl-crop-none","$v":"ક્રોપીંગ અનડૂ કરો"},{"$i":"tcl-crop-aspect-free","$v":"ડિફોલ્ટ"},{"$i":"tcl-crop-aspect-portrait","$v":"2:3"},{"$i":"tcl-crop-aspect-landscape","$v":"3:2"},{"$i":"tcl-crop-aspect-square","$v":"1:1"},{"$i":"crop-none","ariaLabel":"ક્રોપીંગ અનડૂ કરો"},{"$i":"crop-aspect-free","ariaLabel":"ડિફોલ્ટ"},{"$i":"crop-aspect-portrait","ariaLabel":"2:3"},{"$i":"crop-aspect-landscape","ariaLabel":"3:2"},{"$i":"crop-aspect-square","ariaLabel":"1:1"},{"$i":"tcl-edit-filters-none","$v":"ફિલ્ટર 1"},{"$i":"tcl-edit-filters-bw","$v":"ફિલ્ટર 2"},{"$i":"tcl-edit-filters-sepia","$v":"ફિલ્ટર 3"},{"$i":"tcl-edit-filters-bluesteel","$v":"ફિલ્ટર 4"},{"$i":"tcl-edit-filters-faded","$v":"ફિલ્ટર 5"},{"$i":"edit-filters-none","ariaLabel":"ફિલ્ટર 1"},{"$i":"edit-filters-bw","ariaLabel":"ફિલ્ટર 2"},{"$i":"edit-filters-sepia","ariaLabel":"ફિલ્ટર 3"},{"$i":"edit-filters-bluesteel","ariaLabel":"ફિલ્ટર 4"},{"$i":"edit-filters-faded","ariaLabel":"ફિલ્ટર 5"},{"$i":"tcl-rotate-cw","$v":"CW"},{"$i":"tcl-rotate-ccw","$v":"CCW"},{"$i":"original","$v":"મૂળ"},{"$i":"blackandwhite","$v":{"$o":"B&W"}},{"$i":"sepia","$v":"સેપિયા"},{"$i":"freeform","$v":"ફ્રીફૉર્મ"},{"$i":"portrait","$v":"પોર્ટરેટ"},{"$i":"landscape","$v":"લેન્ડસ્કેપ"},{"$i":"square","$v":"ચોરસ"},{"$i":"emptygallery2-title","$v":"કોઈ ફોટા અથવા વિડિયો નથી"},{"$i":"emptygallery2-text","$v":"ગેલેરી ખાલી છે. ફોટો ક્લિક કરવા માટે કેમેરાનો ઉપયોગ કરો"},{"$i":"emptygallery2-title-pick","$v":"કોઇ ફોટા નથી"},{"$i":"emptygallery-text-pick","$v":"કોઈ ફોટા ઉપલબ્ધ નથી."},{"$i":"nocard3-title","$v":"કોઈ મેમરી કાર્ડ નથી"},{"$i":"nocard4-text","$v":"આ એપનો ઉપયોગ કરવા માટે એક મેમરી કાર્ડ સામેલ કરો."},{"$i":"pluggedin2-title","$v":"મેમરી કાર્ડ ઉપયોગમાં છે"},{"$i":"pluggedin2-text","$v":"સ્ટોરેજ ઉપયોગમાં છે. આ એપનો ઉપયોગ કરવા માટે કૃપા કરી ફોનને અનપ્લગ કરો."},{"$i":"scanning-title","$v":"સ્કેન કરી રહ્યું છે"},{"$i":"tcl-scanning-text","$v":"ફોટા શોધી રહ્યાં છીએ"},{"$i":"scanning-text","$v":"ફોટા માટે સ્કૅન કરી રહ્યાં છે..."},{"$i":"upgrade-title","$v":"ડેટાબેઝ અપગ્રેડ"},{"$i":"upgrade-text","$v":"ગેલેરી ડેટાબેઝને અપડેટ કરે ત્યાં સુધી કૃપા કરી પ્રતીક્ષા કરો"},{"$i":"share-noprovider","$v":"આ ઇમેજ ફાઇલ શેર કરી શકાતી નથી."},{"$i":"memorycardfull","$v":"સ્ટોરેજ ભરેલું છે. ફોટા સંપાદિત કરી શકાતા નથી."},{"$i":"imagetoobig","$v":"આ ડિવાઇસ પર પ્રદર્શિત કરવા માટે ઇમેજ ખૂબ મોટી છે."},{"$i":"imageinvalid","$v":"ઇમેજ અમાન્ય અથવા દૂષિત છે અને પ્રદર્શિત કરી શકાતી નથી."},{"$i":"saved","$v":[{"t":"idOrVar","v":"FileName"}," ગેલેરીમાં સેવ કરવામાં આવ્યું"]},{"$i":"edit-copy-saved","$v":"નવી કૉપી સેવ કરવામાં આવી."},{"$i":"overlay-camera-button","$v":"કેમેરા પર જાઓ"},{"$i":"name-label","$v":"નામ"},{"$i":"size-label","$v":"કદ"},{"$i":"image-type-label","$v":"ઇમેજ પ્રકાર"},{"$i":"tcl-date-and-time-label","$v":"તારીખ અને સમય"},{"$i":"date-taken-label","$v":"તારીખ લીધી"},{"$i":"resolution-label","$v":"રિઝોલ્યુશન"},{"$i":"close-button","$v":"બંધ કરો"},{"$i":"byteUnit-B","$v":"બાઇટ"},{"$i":"byteUnit-KB","$v":"KB"},{"$i":"byteUnit-MB","$v":"MB"},{"$i":"byteUnit-GB","$v":"GB"},{"$i":"gallery","$v":"ગેલેરી"},{"$i":"preview","$v":"પ્રિવ્યુ"},{"$i":"tcl-confirmation","$v":"ખાતરી"},{"$i":"tcl-delete-this-image","$v":"આ ફોટો દૂર કરવા માંગો છો?"},{"$i":"tcl-delete-selected-image","$v":"પસંદ કરેલ ફોટો દૂર કરવા માંગો છો?"},{"$i":"tcl-delete-selected-images","$v":"પસંદ કરેલા ફોટા દૂર કરવા માંગો છો?"},{"$i":"tcl-delete-photos","$v":{"one":["શું તમે ",{"t":"idOrVar","v":"n"}," પસંદ કરેલ ફોટો દૂર કરવા માંગો છો?"],"other":["શું તમે ",{"t":"idOrVar","v":"n"}," પસંદ કરેલ ફોટો દૂર કરવા માગો છો?"]},"$x":[{"t":"idOrVar","v":"plural"},"n"]},{"$i":"tcl-lost-warning","$v":"બધા ફેરફારો ખોવાઈ જશે."},{"$i":"tcl-save-changes?","$v":"શું તમે ફેરફારો સેવ કરવા માંગો છો?"},{"$i":"tcl-close-warning","$v":"ડેટા લોસ સાથે એપ્લિકેશન બંધ કરવામાં આવશે."},{"$i":"tcl-back-to-editing?","$v":"શું તમે સંપાદન પર પાછા જવા માંગો છો?"},{"$i":"tcl-gallery-settings","$v":"ગેલેરી સેટિંગ્સ"},{"$i":"tcl-sort-by","$v":"ના દ્વારા ગોઠવો"},{"$i":"tcl-group-by-date-and-location","$v":"તારીખ અનુસાર સમૂહિકૃત કરો"},{"$i":"tcl-error","$v":"ત્રુટિ"},{"$i":"tcl-error-delete-locked-image","$v":"પસંદ કરેલી ઇમેજ લૉક કરવામાં આવી છે અને કાઢી શકાઈ નહીં!"},{"$i":"tcl-error-delete-locked-images","$v":"પસંદ કરેલી ઇમેજમાં લૉક કરેલ ઇમેજ (ઓ) સામેલ છે અને કાઢી શકાઈ નહીં!"},{"$i":"tcl-enter-new-name","$v":"નવું નામ દાખલ કરો"},{"$i":"sort-and-group","$v":"સૉર્ટ અને સમૂહિકૃત કરો"},{"$i":"tcl-orientationLandscape","$v":"લેન્ડસ્કેપ"},{"$i":"tcl-videoDescriptionNoTimestamp","$v":[{"t":"idOrVar","v":"orientation"}," વિડિયો"]},{"$i":"tcl-orientationPortrait","$v":"પોર્ટરેટ"},{"$i":"tcl-imageDescription","$v":[{"t":"idOrVar","v":"orientation"}," ઇમેજ, %I:%M %p, %B %e, %Y"]},{"$i":"time_am","$v":"AM"},{"$i":"time_pm","$v":"PM"},{"$i":"date-group-header","$v":"%B %Y"},{"$i":"videoDescriptionShort","$v":"વિડિયો તારીખ %I:%M %p, %B %e, %Y"},{"$i":"imageDescriptionShort","$v":"ઇમેજ તારીખ %I:%M %p, %B %e, %Y"},{"$i":"editImagePreview","ariaLabel":"ઇમેજ પ્રિવ્યુ સંપાદિત કરો"},{"$i":"tcl-pickoneimage","$v":"એક ફોટો પસંદ કરો"},{"$i":"discard-changes-warning","$v":"બધા ફેરફારો ખોવાઈ જશે. શું તમે ફેરફારો દૂર કરવા માંગો છો?"},{"$i":"save-changes-warning","$v":"બધા ફેરફારો ખોવાઈ જશે. શું તમે ફેરફારો સેવ કરવા માંગો છો?"},{"$i":"discard","$v":"દુર કરો"},{"$i":"weekday-0-long","$v":"રવિવાર"},{"$i":"weekday-1-long","$v":"સોમવાર"},{"$i":"weekday-2-long","$v":"મંગળવાર"},{"$i":"weekday-3-long","$v":"બુધવાર"},{"$i":"weekday-4-long","$v":"ગુરૂવાર"},{"$i":"weekday-5-long","$v":"શુક્રવાર"},{"$i":"weekday-6-long","$v":"શનિવાર"},{"$i":"weekday-0-short","$v":"રવિ"},{"$i":"weekday-1-short","$v":"સોમ"},{"$i":"weekday-2-short","$v":"મંગળ"},{"$i":"weekday-3-short","$v":"બુધ"},{"$i":"weekday-4-short","$v":"ગુરુ"},{"$i":"weekday-5-short","$v":"શુક્રવાર"},{"$i":"weekday-6-short","$v":"શનિ"},{"$i":"month-0-long","$v":"જાન્યુઆરી"},{"$i":"month-1-long","$v":"ફેબ્રુઆરી"},{"$i":"month-2-long","$v":"માર્ચ"},{"$i":"month-3-long","$v":"એપ્રિલ"},{"$i":"month-4-long","$v":"મે"},{"$i":"month-5-long","$v":"જૂન"},{"$i":"month-6-long","$v":"જુલાઈ"},{"$i":"month-7-long","$v":"ઓગસ્ટ"},{"$i":"month-8-long","$v":"સપ્ટેમ્બર"},{"$i":"month-9-long","$v":"ઓક્ટોબર"},{"$i":"month-10-long","$v":"નવેમ્બર"},{"$i":"month-11-long","$v":"ડિસેમ્બર"},{"$i":"month-0-genitive","$v":"જાન્યુઆરી"},{"$i":"month-1-genitive","$v":"ફેબ્રુઆરી"},{"$i":"month-2-genitive","$v":"માર્ચ"},{"$i":"month-3-genitive","$v":"એપ્રિલ"},{"$i":"month-4-genitive","$v":"મે"},{"$i":"month-5-genitive","$v":"જૂન"},{"$i":"month-6-genitive","$v":"જુલાઈ"},{"$i":"month-7-genitive","$v":"ઓગસ્ટ"},{"$i":"month-8-genitive","$v":"સપ્ટેમ્બર"},{"$i":"month-9-genitive","$v":"ઓક્ટોબર"},{"$i":"month-10-genitive","$v":"નવેમ્બર"},{"$i":"month-11-genitive","$v":"ડિસેમ્બર"},{"$i":"month-0-short","$v":"જાન્યુઆરી"},{"$i":"month-1-short","$v":"ફેબ્રુઆરી"},{"$i":"month-2-short","$v":"માર્ચ"},{"$i":"month-3-short","$v":"એપ્રિલ"},{"$i":"month-4-short","$v":"મે"},{"$i":"month-5-short","$v":"જૂન"},{"$i":"month-6-short","$v":"જુલાઈ"},{"$i":"month-7-short","$v":"ઓગસ્ટ"},{"$i":"month-8-short","$v":"સપ્ટેમ્બર"},{"$i":"month-9-short","$v":"ઓક્ટોબર"},{"$i":"month-10-short","$v":"નવેમ્બર"},{"$i":"month-11-short","$v":"ડિસેમ્બર"},{"$i":"minutes-ago-long","$v":{"zero":"અત્યારે જ","one":"એક મિનિટ પહેલાં","two":[{"t":"idOrVar","v":"value"}," મિનિટ પહેલા"],"few":[{"t":"idOrVar","v":"value"}," મિનિટ પહેલા"],"many":[{"t":"idOrVar","v":"value"}," મિનિટ પહેલા"],"other":[{"t":"idOrVar","v":"value"}," મિનિટ પહેલા"]},"$x":[{"t":"idOrVar","v":"plural"},"value"]},{"$i":"hours-ago-long","$v":{"zero":"અત્યારે જ","one":"એક કલાક પહેલાં","two":[{"t":"idOrVar","v":"value"}," કલાક પહેલા"],"few":[{"t":"idOrVar","v":"value"}," કલાક પહેલા"],"many":[{"t":"idOrVar","v":"value"}," કલાક પહેલા"],"other":[{"t":"idOrVar","v":"value"}," કલાક પહેલા"]},"$x":[{"t":"idOrVar","v":"plural"},"value"]},{"$i":"days-ago-long","$v":{"zero":"આજે","one":"ગઈકાલ","two":[{"t":"idOrVar","v":"value"}," દિવસ પહેલા"],"few":[{"t":"idOrVar","v":"value"}," દિવસ પહેલા"],"many":[{"t":"idOrVar","v":"value"}," દિવસ પહેલા"],"other":[{"t":"idOrVar","v":"value"}," દિવસ પહેલા"]},"$x":[{"t":"idOrVar","v":"plural"},"value"]},{"$i":"weeks-ago-long","$v":{"zero":"આ અઠવાડિયું","one":"ગયા અઠવાડિયે","two":[{"t":"idOrVar","v":"value"}," અઠવાડિયા પહેલા"],"few":[{"t":"idOrVar","v":"value"}," અઠવાડિયા પહેલા"],"many":[{"t":"idOrVar","v":"value"}," અઠવાડિયા પહેલા"],"other":[{"t":"idOrVar","v":"value"}," અઠવાડિયા પહેલા"]},"$x":[{"t":"idOrVar","v":"plural"},"value"]},{"$i":"months-ago-long","$v":{"zero":"આ મહિનો","one":"ગયા મહિને","two":[{"t":"idOrVar","v":"value"}," મહિના પહેલા"],"few":[{"t":"idOrVar","v":"value"}," મહિના પહેલા"],"many":[{"t":"idOrVar","v":"value"}," મહિના પહેલા"],"other":[{"t":"idOrVar","v":"value"}," મહિના પહેલા"]},"$x":[{"t":"idOrVar","v":"plural"},"value"]},{"$i":"years-ago-long","$v":{"zero":"આ વર્ષ","one":"ગયા વર્ષે","two":[{"t":"idOrVar","v":"value"}," વર્ષ પહેલા"],"few":[{"t":"idOrVar","v":"value"}," વર્ષ પહેલા"],"many":[{"t":"idOrVar","v":"value"}," વર્ષ પહેલા"],"other":[{"t":"idOrVar","v":"value"}," વર્ષ પહેલા"]},"$x":[{"t":"idOrVar","v":"plural"},"value"]},{"$i":"minutes-until-long","$v":{"zero":"હમણાં","one":"એક મિનિટમાં","two":[{"t":"idOrVar","v":"value"}," મિનિટમાં"],"few":[{"t":"idOrVar","v":"value"}," મિનિટમાં"],"many":[{"t":"idOrVar","v":"value"}," મિનિટમાં"],"other":[{"t":"idOrVar","v":"value"}," મિનિટમાં"]},"$x":[{"t":"idOrVar","v":"plural"},"value"]},{"$i":"hours-until-long","$v":{"zero":"હમણાં","one":"એક કલાકમાં","two":[{"t":"idOrVar","v":"value"}," કલાકમાં"],"few":[{"t":"idOrVar","v":"value"}," કલાકમાં"],"many":[{"t":"idOrVar","v":"value"}," કલાકમાં"],"other":[{"t":"idOrVar","v":"value"}," કલાકમાં"]},"$x":[{"t":"idOrVar","v":"plural"},"value"]},{"$i":"days-until-long","$v":{"zero":"આજે","one":"આવતીકાલ","two":[{"t":"idOrVar","v":"value"}," દિવસમાં"],"few":[{"t":"idOrVar","v":"value"}," દિવસમાં"],"many":[{"t":"idOrVar","v":"value"}," દિવસમાં"],"other":[{"t":"idOrVar","v":"value"}," દિવસમાં"]},"$x":[{"t":"idOrVar","v":"plural"},"value"]},{"$i":"weeks-until-long","$v":{"zero":"આ અઠવાડિયું","one":"આગળનું અઠવાડિયું","two":[{"t":"idOrVar","v":"value"}," અઠવાડિયામાં"],"few":[{"t":"idOrVar","v":"value"}," અઠવાડિયામાં"],"many":[{"t":"idOrVar","v":"value"}," અઠવાડિયામાં"],"other":[{"t":"idOrVar","v":"value"}," અઠવાડિયામાં"]},"$x":[{"t":"idOrVar","v":"plural"},"value"]},{"$i":"months-until-long","$v":{"zero":"આ મહિનો","one":"આગળનો મહિનો","two":[{"t":"idOrVar","v":"value"}," મહિનામાં"],"few":[{"t":"idOrVar","v":"value"}," મહિનામાં"],"many":[{"t":"idOrVar","v":"value"}," મહિનામાં"],"other":[{"t":"idOrVar","v":"value"}," મહિનામાં"]},"$x":[{"t":"idOrVar","v":"plural"},"value"]},{"$i":"years-until-long","$v":{"zero":"આ વર્ષ","one":"આગળનું વર્ષ","two":[{"t":"idOrVar","v":"value"}," વર્ષમાં"],"few":[{"t":"idOrVar","v":"value"}," વર્ષમાં"],"many":[{"t":"idOrVar","v":"value"}," વર્ષમાં"],"other":[{"t":"idOrVar","v":"value"}," વર્ષમાં"]},"$x":[{"t":"idOrVar","v":"plural"},"value"]},{"$i":"minutes-ago-short","$v":{"zero":"અત્યારે જ","other":[{"t":"idOrVar","v":"value"},"મિનિટ પહેલા"]},"$x":[{"t":"idOrVar","v":"plural"},"value"]},{"$i":"hours-ago-short","$v":{"zero":"અત્યારે જ","other":[{"t":"idOrVar","v":"value"},"કલાક પહેલા"]},"$x":[{"t":"idOrVar","v":"plural"},"value"]},{"$i":"days-ago-short","$v":{"zero":"આજે","other":[{"t":"idOrVar","v":"value"},"દિવસ પહેલા"]},"$x":[{"t":"idOrVar","v":"plural"},"value"]},{"$i":"minutes-until-short","$v":{"zero":"હમણાં","other":[{"t":"idOrVar","v":"value"},"મિનિટ માં"]},"$x":[{"t":"idOrVar","v":"plural"},"value"]},{"$i":"hours-until-short","$v":{"zero":"હમણાં","other":[{"t":"idOrVar","v":"value"},"કલાક માં"]},"$x":[{"t":"idOrVar","v":"plural"},"value"]},{"$i":"days-until-short","$v":{"zero":"આજે","other":[{"t":"idOrVar","v":"value"},"દિવસ માં"]},"$x":[{"t":"idOrVar","v":"plural"},"value"]},{"$i":"incorrectDate","$v":"(ખોટી તારીખ)"},{"$i":"dateTimeFormat_%c","$v":"%a %b %e %Y %I:%M:%S %p"},{"$i":"dateTimeFormat_%x","$v":"%m/%d/%Y"},{"$i":"dateTimeFormat_%X","$v":"%I:%M:%S %p"},{"$i":"shortTimeFormat","$v":"%I:%M %p"},{"$i":"shortTimeFormat12","$v":"%I:%M %p"},{"$i":"shortTimeFormat24","$v":"%H:%M"},{"$i":"shortDateTimeFormat","$v":"%x %I:%M %p"},{"$i":"weekStartsOnMonday","$v":"0"},{"$i":"firstDayOfTheWeek","$v":"0"},{"$i":"imageDescription","$v":[{"t":"idOrVar","v":"orientation"}," ઇમેજ, %I:%M %p, %B %e, %Y"]},{"$i":"imageDescriptionNoTimestamp","$v":[{"t":"idOrVar","v":"orientation"}," ઇમેજ"]},{"$i":"videoDescription","$v":[{"t":"idOrVar","v":"orientation"}," વિડિયો, %I:%M %p, %B %e, %Y"]},{"$i":"videoDescriptionNoTimestamp","$v":[{"t":"idOrVar","v":"orientation"}," વિડિયો"]},{"$i":"orientationPortrait","$v":"પોર્ટરેટ"},{"$i":"orientationLandscape","$v":"લેન્ડસ્કેપ"},{"$i":"playbackPlay","ariaLabel":"વગાડો"},{"$i":"playbackPause","ariaLabel":"થોભો"},{"$i":"playbackNext","ariaLabel":"આગલું"},{"$i":"playbackPrevious","ariaLabel":"અગાઉનું"},{"$i":"playbackFullscreen","ariaLabel":"ફૂલસ્ક્રીન"},{"$i":"playbackSeekBar","ariaLabel":["સિક બાર, સમયગાળો ",{"t":"idOrVar","v":"duration"}]},{"$i":"softkey-options","$v":"વિકલ્પ"}]