[{"$i":"select","$v":"चुनिए"},{"$i":"tcl-select","$v":"चुनिए"},{"$i":"invalid-image","$v":"अमान्य छवि"},{"$i":"image-too-big","$v":"गैलरी में दिखाने के लिए छवि का आकार बहुत बड़ा हैं"},{"$i":"tcl-selected-items-count","$v":[{"t":"idOrVar","v":"n"}," चयनित"]},{"$i":"delete-photo?","$v":"फ़ोटो हटाएँ?"},{"$i":"delete-video?","$v":"वीडियो हटाएँ?"},{"$i":"delete-n-items?","$v":{"zero":"कुछ भी चयनित नहीं","one":"चयनित आइटम हटाएँ?","two":[{"t":"idOrVar","v":"n"}," आइटम हटाएँ?"],"few":[{"t":"idOrVar","v":"n"}," आइटम हटाएँ?"],"many":[{"t":"idOrVar","v":"n"}," आइटम हटाएँ?"],"other":[{"t":"idOrVar","v":"n"}," आइटम हटाएँ?"]},"$x":[{"t":"idOrVar","v":"plural"},"n"]},{"$i":"tcl-contact-set-ok","$v":"संपर्क की छवि जोड़ी गई"},{"$i":"tcl-contact-set-fail","$v":"संपर्क में छवि सेट करने में विफल"},{"$i":"tcl-exposure-done","$v":"एक्सपोज़र लागू"},{"$i":"tcl-rotation-done","$v":"छवि घुमाई गईं है"},{"$i":"tcl-crop-done","$v":"छवि क्रॉप की गई"},{"$i":"tcl-filters-done","$v":"फ़िल्टर लागू"},{"$i":"tcl-autocorrection-done","$v":"स्वतः-सुधार लागू"},{"$i":"tcl-changes-saved","$v":"परिवर्तन सेव हुए"},{"$i":"wallpaper-set","$v":"वॉलपेपर सेट"},{"$i":"tcl-single-image-locked","$v":"चयनित छवि लॉक की गई"},{"$i":"tcl-single-image-unlocked","$v":"चयनित छवि अनलॉक की गई"},{"$i":"tcl-single-image-deleted","$v":"फ़ोटो हटाया गया।"},{"$i":"tcl-multiple-images-locked","$v":{"zero":"छवि लॉक नही की गईं","one":[{"t":"idOrVar","v":"n"}," छवि लॉक की गई"],"other":[{"t":"idOrVar","v":"n"}," छवियों को लॉक किया गया"]},"$x":[{"t":"idOrVar","v":"plural"},"n"]},{"$i":"tcl-multiple-images-unlocked","$v":{"zero":"छवि लॉक नही की गईं","one":[{"t":"idOrVar","v":"n"}," छवि अनलॉक की गई"],"other":[{"t":"idOrVar","v":"n"}," छवियों को अनलॉक किया गया"]},"$x":[{"t":"idOrVar","v":"plural"},"n"]},{"$i":"tcl-deleted-n-photos","$v":{"zero":"छवि को हटाया नहीं गया","one":[{"t":"idOrVar","v":"n"}," छवि हटा दी गई थीं"],"other":[{"t":"idOrVar","v":"n"}," छवियों को हटाया गया"]},"$x":[{"t":"idOrVar","v":"plural"},"n"]},{"$i":"tcl-undo","$v":"अनडू करें"},{"$i":"pickoneimage2","$v":"चुनिए"},{"$i":"cropimage","$v":"क्रॉप करें"},{"$i":"tcl-no","$v":"नहीं"},{"$i":"tcl-on","$v":"ऑन"},{"$i":"tcl-off","$v":"ऑफ"},{"$i":"tcl-return","$v":"वापस लौटें"},{"$i":"cancel","$v":"रद्द करना"},{"$i":"delete","$v":"हटाएँ"},{"$i":"ok","$v":"ठीक हैं"},{"$i":"edit","$v":"संपादित करें"},{"$i":"save","$v":"सेव करें"},{"$i":"done","$v":"हो गया"},{"$i":"exposure","$v":"एक्सपोज़र"},{"$i":"crop","$v":"क्रॉप करें"},{"$i":"effects","$v":"प्रभाव"},{"$i":"borders","$v":"बॉर्डर"},{"$i":"enhance-on","$v":"स्वतः-संवर्धन ऑन करें"},{"$i":"enhance-off","$v":"स्वतः-संवर्धन ऑफ करें"},{"$i":"tcl-exit","$v":"बाहर निकलें"},{"$i":"tcl-set","$v":"सेट करें"},{"$i":"tcl-takephoto","$v":"फ़ोटो लें"},{"$i":"tcl-options","$v":"विकल्प"},{"$i":"tcl-select-all","$v":"सभी चुनें"},{"$i":"tcl-deselect-all","$v":"सभी का चयन हटाएं"},{"$i":"tcl-lock","$v":"लॉक करें"},{"$i":"tcl-unlock","$v":"अनलॉक करें"},{"$i":"tcl-rename","$v":"नाम बदलें"},{"$i":"tcl-rotate","$v":"घुमाएँ"},{"$i":"tcl-share","$v":"साझा करें"},{"$i":"tcl-settings","$v":"सेटिंग्स"},{"$i":"tcl-set-as","$v":"के रूप में सेट करें"},{"$i":"tcl-wallpaper","$v":"वॉलपेपर"},{"$i":"tcl-existing-contact-image","$v":"मौजूदा संपर्क के लिए तस्वीर"},{"$i":"tcl-zoom","$v":"ज़ूम करें"},{"$i":"tcl-zoom-in","$v":"ज़ूम इन करें"},{"$i":"tcl-zoom-out","$v":"ज़ूम आउट करें"},{"$i":"tcl-file-info","$v":"फ़ाइल की जानकारी"},{"$i":"tcl-select-multiple","$v":"एकाधिक चुनें"},{"$i":"tcl-invalid-name","$v":"अमान्य नाम"},{"$i":"tcl-name-already-exists","$v":"यह नाम पहले से ही मौजूद हैं"},{"$i":"tcl-override-warning-msg","$v":"क्या आप मौजूदा छवि को ओवरराइड करना चाहते हैं?"},{"$i":"tcl-override","$v":"ओवरराइड करें"},{"$i":"tcl-edit-title","$v":"छवि संपादित करें"},{"$i":"tcl-edit-exposure","$v":"एक्सपोज़र"},{"$i":"tcl-edit-crop","$v":"क्रॉप करें"},{"$i":"tcl-edit-rotate","$v":"घुमाएँ"},{"$i":"tcl-edit-filters","$v":"फिल्टर्स"},{"$i":"tcl-edit-auto-correct","$v":"स्वतः सुधार"},{"$i":"edit-exposure","ariaLabel":"एक्सपोज़र"},{"$i":"edit-crop","ariaLabel":"क्रॉप करें"},{"$i":"edit-rotate","ariaLabel":"घुमाएँ"},{"$i":"edit-filters","ariaLabel":"फिल्टर्स"},{"$i":"edit-auto-correct","ariaLabel":"स्वतः सुधार"},{"$i":"tcl-crop-none","$v":"क्रॉपिंग अनडू करें"},{"$i":"tcl-crop-aspect-free","$v":"डिफ़ॉल्ट"},{"$i":"tcl-crop-aspect-portrait","$v":"2:3"},{"$i":"tcl-crop-aspect-landscape","$v":"3:2"},{"$i":"tcl-crop-aspect-square","$v":"1:1"},{"$i":"crop-none","ariaLabel":"क्रॉपिंग अनडू करें"},{"$i":"crop-aspect-free","ariaLabel":"डिफ़ॉल्ट"},{"$i":"crop-aspect-portrait","ariaLabel":"2:3"},{"$i":"crop-aspect-landscape","ariaLabel":"3:2"},{"$i":"crop-aspect-square","ariaLabel":"1:1"},{"$i":"tcl-edit-filters-none","$v":"फ़िल्टर 1"},{"$i":"tcl-edit-filters-bw","$v":"फ़िल्टर 2"},{"$i":"tcl-edit-filters-sepia","$v":"फ़िल्टर 3"},{"$i":"tcl-edit-filters-bluesteel","$v":"फ़िल्टर 4"},{"$i":"tcl-edit-filters-faded","$v":"फ़िल्टर 5"},{"$i":"edit-filters-none","ariaLabel":"फ़िल्टर 1"},{"$i":"edit-filters-bw","ariaLabel":"फ़िल्टर 2"},{"$i":"edit-filters-sepia","ariaLabel":"फ़िल्टर 3"},{"$i":"edit-filters-bluesteel","ariaLabel":"फ़िल्टर 4"},{"$i":"edit-filters-faded","ariaLabel":"फ़िल्टर 5"},{"$i":"tcl-rotate-cw","$v":"CW"},{"$i":"tcl-rotate-ccw","$v":"CCW"},{"$i":"original","$v":"असली"},{"$i":"blackandwhite","$v":{"$o":"B&W"}},{"$i":"sepia","$v":"सेपिया"},{"$i":"freeform","$v":"फ्रीफॉर्म"},{"$i":"portrait","$v":"पोर्ट्रेट"},{"$i":"landscape","$v":"लैंडस्केप"},{"$i":"square","$v":"वर्गाकार"},{"$i":"emptygallery2-title","$v":"कोई फ़ोटो या वीडियो नहीं हैं"},{"$i":"emptygallery2-text","$v":"गैलरी खाली है। फोटो क्लिक करने के लिए कैमरा का उपयोग करें"},{"$i":"emptygallery2-title-pick","$v":"कोई फ़ोटो नहीं हैं"},{"$i":"emptygallery-text-pick","$v":"कोई फ़ोटो उपलब्ध नहीं हैं।"},{"$i":"nocard3-title","$v":"कोई मेमोरी कार्ड नहीं"},{"$i":"nocard4-text","$v":"इस ऐप का उपयोग करने के लिए मेमोरी कार्ड डालें।"},{"$i":"pluggedin2-title","$v":"मेमोरी कार्ड उपयोग में हैं"},{"$i":"pluggedin2-text","$v":"स्टोरेज उपयोग में हैं। कृपया इस ऐप का उपयोग करने के लिए फ़ोन को अनप्लग करें।"},{"$i":"scanning-title","$v":"स्‍कैन हो रहा हैं"},{"$i":"tcl-scanning-text","$v":"फ़ोटो ढूँढ रहे हैं"},{"$i":"scanning-text","$v":"फ़ोटो के लिए स्कैन कर रहा हैं..."},{"$i":"upgrade-title","$v":"डेटाबेस अपग्रेड"},{"$i":"upgrade-text","$v":"गैलरी डेटाबेस को अपडेट करें तब तक कृपया प्रतीक्षा कीजिए।"},{"$i":"share-noprovider","$v":"इस छवि फ़ाइल के प्रकार को साझा नहीं किया जा सकता।"},{"$i":"memorycardfull","$v":"स्टोरेज भर गया हैं। फ़ोटो संपादित नहीं कर सकते।"},{"$i":"imagetoobig","$v":"इस डिवाइस पर डिस्प्ले के लिए छवि बहुत बड़ी हैं।"},{"$i":"imageinvalid","$v":"छवि अमान्य या खराब हैं और डिस्प्ले नहीं की जा सकती हैं।"},{"$i":"saved","$v":[{"t":"idOrVar","v":"filename"}," गैलरी में सेव हुई"]},{"$i":"edit-copy-saved","$v":"नई कॉपी सेव की गई।"},{"$i":"overlay-camera-button","$v":"कैमरे पर जाएं"},{"$i":"name-label","$v":"नाम"},{"$i":"size-label","$v":"आकार"},{"$i":"image-type-label","$v":"छवि प्रकार"},{"$i":"tcl-date-and-time-label","$v":"दिनांक और समय"},{"$i":"date-taken-label","$v":"दिनांक को लिया"},{"$i":"resolution-label","$v":"रेज़ॉल्यूशन"},{"$i":"close-button","$v":"बंद करें"},{"$i":"byteUnit-B","$v":"बाइट"},{"$i":"byteUnit-KB","$v":"KB"},{"$i":"byteUnit-MB","$v":"MB"},{"$i":"byteUnit-GB","$v":"GB"},{"$i":"gallery","$v":"गैलरी"},{"$i":"preview","$v":"प्रीव्यू"},{"$i":"tcl-confirmation","$v":"पुष्टिकरण"},{"$i":"tcl-delete-this-image","$v":"यह फ़ोटो हटाएँ?"},{"$i":"tcl-delete-selected-image","$v":"चयनित फ़ोटो हटाएँ?"},{"$i":"tcl-delete-selected-images","$v":"चयनित फ़ोटो हटाएँ?"},{"$i":"tcl-delete-photos","$v":{"one":["क्या आप ",{"t":"idOrVar","v":"n"}," चयनित फ़ोटो को हटाना चाहते हैं?"],"other":["क्या आप ",{"t":"idOrVar","v":"n"}," चयनित फ़ोटो को हटाना चाहते हैं?"]},"$x":[{"t":"idOrVar","v":"plural"},"n"]},{"$i":"tcl-lost-warning","$v":"सभी परिवर्तन हट जाएंगे।"},{"$i":"tcl-save-changes?","$v":"क्या आप परिवर्तनों को सेव करना चाहते हैं?"},{"$i":"tcl-close-warning","$v":"एप्लिकेशन बंध होने के साथ डेटा हट जायेगा"},{"$i":"tcl-back-to-editing?","$v":"क्या आप संपादित करने के लिए वापस जाना चाहतें हैं?"},{"$i":"tcl-gallery-settings","$v":"गैलरी सेटिंग्स"},{"$i":"tcl-sort-by","$v":"के अनुसार क्रमबद्ध करें"},{"$i":"tcl-group-by-date-and-location","$v":"दिनांक के अनुसार समूहबद्ध करें"},{"$i":"tcl-error","$v":"त्रुटि"},{"$i":"tcl-error-delete-locked-image","$v":"चयनित छवि लॉक हैं और हटाई नहीं जा सकी!"},{"$i":"tcl-error-delete-locked-images","$v":"चयनित छवियों में लॉक छवि(याँ) हैं और हटाई नहीं जा सकीं!"},{"$i":"tcl-enter-new-name","$v":"नया नाम दर्ज करें"},{"$i":"sort-and-group","$v":"क्रमबद्ध और समूहबद्ध करें"},{"$i":"tcl-orientationLandscape","$v":"लैंडस्केप"},{"$i":"tcl-videoDescriptionNoTimestamp","$v":[{"t":"idOrVar","v":"orientation"}," वीडियो"]},{"$i":"tcl-orientationPortrait","$v":"पोर्ट्रेट"},{"$i":"tcl-imageDescription","$v":[{"t":"idOrVar","v":"orientation"}," छवि, %I:%M %p, %B %e, %Y"]},{"$i":"time_am","$v":"AM"},{"$i":"time_pm","$v":"PM"},{"$i":"date-group-header","$v":"%B %Y"},{"$i":"videoDescriptionShort","$v":"वीडियो दिनांक %I:%M %p, %B %e, %Y"},{"$i":"imageDescriptionShort","$v":"छवि दिनांक %I:%M %p, %B %e, %Y"},{"$i":"editImagePreview","ariaLabel":"छवि का प्रीव्यू संपादित करें"},{"$i":"tcl-pickoneimage","$v":"एक फ़ोटो चुनें"},{"$i":"discard-changes-warning","$v":"सभी परिवर्तन हट जाएंगे। क्या आप परिवर्तनों को हटाना चाहते हैं?"},{"$i":"save-changes-warning","$v":"सभी परिवर्तन हट जाएंगे। क्या आप परिवर्तनों को सेव करना चाहते हैं?"},{"$i":"discard","$v":"हटाएं"},{"$i":"weekday-0-long","$v":"रविवार"},{"$i":"weekday-1-long","$v":"सोमवार"},{"$i":"weekday-2-long","$v":"मंगलवार"},{"$i":"weekday-3-long","$v":"बुधवार"},{"$i":"weekday-4-long","$v":"गुरुवार"},{"$i":"weekday-5-long","$v":"शुक्रवार"},{"$i":"weekday-6-long","$v":"शनिवार"},{"$i":"weekday-0-short","$v":"रवि"},{"$i":"weekday-1-short","$v":"सोम"},{"$i":"weekday-2-short","$v":"मंगल"},{"$i":"weekday-3-short","$v":"बुध"},{"$i":"weekday-4-short","$v":"गुरु"},{"$i":"weekday-5-short","$v":"शुक्र"},{"$i":"weekday-6-short","$v":"शनि"},{"$i":"month-0-long","$v":"जनवरी"},{"$i":"month-1-long","$v":"फरवरी"},{"$i":"month-2-long","$v":"मार्च"},{"$i":"month-3-long","$v":"अप्रैल"},{"$i":"month-4-long","$v":"मई"},{"$i":"month-5-long","$v":"जून"},{"$i":"month-6-long","$v":"जुलाई"},{"$i":"month-7-long","$v":"अगस्त"},{"$i":"month-8-long","$v":"सितंबर"},{"$i":"month-9-long","$v":"अक्टूबर"},{"$i":"month-10-long","$v":"नवंबर"},{"$i":"month-11-long","$v":"दिसंबर"},{"$i":"month-0-genitive","$v":"जनवरी"},{"$i":"month-1-genitive","$v":"फरवरी"},{"$i":"month-2-genitive","$v":"मार्च"},{"$i":"month-3-genitive","$v":"अप्रैल"},{"$i":"month-4-genitive","$v":"मई"},{"$i":"month-5-genitive","$v":"जून"},{"$i":"month-6-genitive","$v":"जुलाई"},{"$i":"month-7-genitive","$v":"अगस्त"},{"$i":"month-8-genitive","$v":"सितंबर"},{"$i":"month-9-genitive","$v":"अक्टूबर"},{"$i":"month-10-genitive","$v":"नवंबर"},{"$i":"month-11-genitive","$v":"दिसंबर"},{"$i":"month-0-short","$v":"जनवरी"},{"$i":"month-1-short","$v":"फरवरी"},{"$i":"month-2-short","$v":"मार्च"},{"$i":"month-3-short","$v":"अप्रैल"},{"$i":"month-4-short","$v":"मई"},{"$i":"month-5-short","$v":"जून"},{"$i":"month-6-short","$v":"जुलाई"},{"$i":"month-7-short","$v":"अगस्त"},{"$i":"month-8-short","$v":"सितंबर"},{"$i":"month-9-short","$v":"अक्टूबर"},{"$i":"month-10-short","$v":"नवंबर"},{"$i":"month-11-short","$v":"दिसंबर"},{"$i":"minutes-ago-long","$v":{"zero":"अभी","one":"एक मिनट पहले","two":[{"t":"idOrVar","v":"value"}," मिनट पहले"],"few":[{"t":"idOrVar","v":"value"}," मिनट पहले"],"many":[{"t":"idOrVar","v":"value"}," मिनट पहले"],"other":[{"t":"idOrVar","v":"value"}," मिनट पहले"]},"$x":[{"t":"idOrVar","v":"plural"},"value"]},{"$i":"hours-ago-long","$v":{"zero":"अभी","one":"एक घंटे पहले","two":[{"t":"idOrVar","v":"value"}," घंटे पहले"],"few":[{"t":"idOrVar","v":"value"}," घंटे पहले"],"many":[{"t":"idOrVar","v":"value"}," घंटे पहले"],"other":[{"t":"idOrVar","v":"value"}," घंटे पहले"]},"$x":[{"t":"idOrVar","v":"plural"},"value"]},{"$i":"days-ago-long","$v":{"zero":"आज","one":"बीता कल","two":[{"t":"idOrVar","v":"value"}," दिनों पहले"],"few":[{"t":"idOrVar","v":"value"}," दिनों पहले"],"many":[{"t":"idOrVar","v":"value"}," दिनों पहले"],"other":[{"t":"idOrVar","v":"value"}," दिनों पहले"]},"$x":[{"t":"idOrVar","v":"plural"},"value"]},{"$i":"weeks-ago-long","$v":{"zero":"इस सप्ताह","one":"पिछले सप्ताह","two":[{"t":"idOrVar","v":"value"}," सप्ताह पहले"],"few":[{"t":"idOrVar","v":"value"}," सप्ताह पहले"],"many":[{"t":"idOrVar","v":"value"}," सप्ताह पहले"],"other":[{"t":"idOrVar","v":"value"}," सप्ताह पहले"]},"$x":[{"t":"idOrVar","v":"plural"},"value"]},{"$i":"months-ago-long","$v":{"zero":"इस महीने","one":"पिछले महीने","two":[{"t":"idOrVar","v":"value"}," महीनों पहले"],"few":[{"t":"idOrVar","v":"value"}," महीनों पहले"],"many":[{"t":"idOrVar","v":"value"}," महीनों पहले"],"other":[{"t":"idOrVar","v":"value"}," महीनों पहले"]},"$x":[{"t":"idOrVar","v":"plural"},"value"]},{"$i":"years-ago-long","$v":{"zero":"इस वर्ष","one":"पिछले वर्ष","two":[{"t":"idOrVar","v":"value"}," वर्ष पहले"],"few":[{"t":"idOrVar","v":"value"}," वर्ष पहले"],"many":[{"t":"idOrVar","v":"value"}," वर्ष पहले"],"other":[{"t":"idOrVar","v":"value"}," वर्ष पहले"]},"$x":[{"t":"idOrVar","v":"plural"},"value"]},{"$i":"minutes-until-long","$v":{"zero":"अभी","one":"एक मिनट में","two":[{"t":"idOrVar","v":"value"}," मिनट में"],"few":[{"t":"idOrVar","v":"value"}," मिनट में"],"many":[{"t":"idOrVar","v":"value"}," मिनट में"],"other":[{"t":"idOrVar","v":"value"}," मिनट में"]},"$x":[{"t":"idOrVar","v":"plural"},"value"]},{"$i":"hours-until-long","$v":{"zero":"अभी","one":"एक घंटे में","two":[{"t":"idOrVar","v":"value"}," घंटों में"],"few":[{"t":"idOrVar","v":"value"}," घंटों में"],"many":[{"t":"idOrVar","v":"value"}," घंटों में"],"other":[{"t":"idOrVar","v":"value"}," घंटों में"]},"$x":[{"t":"idOrVar","v":"plural"},"value"]},{"$i":"days-until-long","$v":{"zero":"आज","one":"कल","two":[{"t":"idOrVar","v":"value"}," दिनों में"],"few":[{"t":"idOrVar","v":"value"}," दिनों में"],"many":[{"t":"idOrVar","v":"value"}," दिनों में"],"other":[{"t":"idOrVar","v":"value"}," दिनों में"]},"$x":[{"t":"idOrVar","v":"plural"},"value"]},{"$i":"weeks-until-long","$v":{"zero":"इस सप्ताह","one":"अगले सप्ताह","two":[{"t":"idOrVar","v":"value"}," सप्ताह में"],"few":[{"t":"idOrVar","v":"value"}," सप्ताह में"],"many":[{"t":"idOrVar","v":"value"}," सप्ताह में"],"other":[{"t":"idOrVar","v":"value"}," सप्ताह में"]},"$x":[{"t":"idOrVar","v":"plural"},"value"]},{"$i":"months-until-long","$v":{"zero":"इस महीने","one":"अगले महीने","two":[{"t":"idOrVar","v":"value"}," महीनो में"],"few":[{"t":"idOrVar","v":"value"}," महीनो में"],"many":[{"t":"idOrVar","v":"value"}," महीनो में"],"other":[{"t":"idOrVar","v":"value"}," महीनो में"]},"$x":[{"t":"idOrVar","v":"plural"},"value"]},{"$i":"years-until-long","$v":{"zero":"इस वर्ष","one":"अगले वर्ष","two":[{"t":"idOrVar","v":"value"}," वर्षों में"],"few":[{"t":"idOrVar","v":"value"}," वर्षों में"],"many":[{"t":"idOrVar","v":"value"}," वर्षों में"],"other":[{"t":"idOrVar","v":"value"}," वर्षों में"]},"$x":[{"t":"idOrVar","v":"plural"},"value"]},{"$i":"minutes-ago-short","$v":{"zero":"अभी","other":[{"t":"idOrVar","v":"value"}," मिनट पहले"]},"$x":[{"t":"idOrVar","v":"plural"},"value"]},{"$i":"hours-ago-short","$v":{"zero":"अभी","other":[{"t":"idOrVar","v":"value"}," घंटे पहले"]},"$x":[{"t":"idOrVar","v":"plural"},"value"]},{"$i":"days-ago-short","$v":{"zero":"आज","other":[{"t":"idOrVar","v":"value"}," दिनों पहले"]},"$x":[{"t":"idOrVar","v":"plural"},"value"]},{"$i":"minutes-until-short","$v":{"zero":"अभी","other":[{"t":"idOrVar","v":"value"},"मिनिट में"]},"$x":[{"t":"idOrVar","v":"plural"},"value"]},{"$i":"hours-until-short","$v":{"zero":"अभी","other":[{"t":"idOrVar","v":"value"},"घंटे में"]},"$x":[{"t":"idOrVar","v":"plural"},"value"]},{"$i":"days-until-short","$v":{"zero":"आज","other":[{"t":"idOrVar","v":"value"},"दिन में"]},"$x":[{"t":"idOrVar","v":"plural"},"value"]},{"$i":"incorrectDate","$v":"(गलत दिनांक)"},{"$i":"dateTimeFormat_%c","$v":"%a %b %e %Y %I:%M:%S %p"},{"$i":"dateTimeFormat_%x","$v":"%m/%d/%Y"},{"$i":"dateTimeFormat_%X","$v":"%I:%M:%S %p"},{"$i":"shortTimeFormat","$v":"%I:%M %p"},{"$i":"shortTimeFormat12","$v":"%I:%M %p"},{"$i":"shortTimeFormat24","$v":"%H:%M"},{"$i":"shortDateTimeFormat","$v":"%x %I:%M %p"},{"$i":"weekStartsOnMonday","$v":"0"},{"$i":"firstDayOfTheWeek","$v":"0"},{"$i":"imageDescription","$v":[{"t":"idOrVar","v":"orientation"}," छवि, %I:%M %p, %B %e, %Y"]},{"$i":"imageDescriptionNoTimestamp","$v":[{"t":"idOrVar","v":"orientation"}," छवि"]},{"$i":"videoDescription","$v":[{"t":"idOrVar","v":"orientation"}," वीडियो, %I:%M %p, %B %e, %Y"]},{"$i":"videoDescriptionNoTimestamp","$v":[{"t":"idOrVar","v":"orientation"}," वीडियो"]},{"$i":"orientationPortrait","$v":"पोर्ट्रेट"},{"$i":"orientationLandscape","$v":"लैंडस्केप"},{"$i":"playbackPlay","ariaLabel":"बजाए"},{"$i":"playbackPause","ariaLabel":"रोकें"},{"$i":"playbackNext","ariaLabel":"अगला"},{"$i":"playbackPrevious","ariaLabel":"पिछला"},{"$i":"playbackFullscreen","ariaLabel":"फुलस्क्रिन"},{"$i":"playbackSeekBar","ariaLabel":["सीक बार, अवधि ",{"t":"idOrVar","v":"duration"}]},{"$i":"softkey-options","$v":"विकल्प"}]