[{"$i":"select","$v":"ಆಯ್ಕೆ ಮಾಡಿ"},{"$i":"tcl-select","$v":"ಆಯ್ಕೆ ಮಾಡಿ"},{"$i":"invalid-image","$v":"ಅಮಾನ್ಯ ಚಿತ್ರ"},{"$i":"image-too-big","$v":"ಗ್ಯಾಲರಿಯಲ್ಲಿ ತೋರಿಸಲು ಚಿತ್ರದ ಫೈಲ್ ಗಾತ್ರ ತುಂಬಾ ದೊಡ್ಡದಾಗಿದೆ"},{"$i":"tcl-selected-items-count","$v":[{"t":"idOrVar","v":"n"}," ಆಯ್ಕೆ ಮಾಡಲಾಗಿದೆ"]},{"$i":"delete-photo?","$v":"ಫೋಟೋ ಅಳಿಸಿ?"},{"$i":"delete-video?","$v":"ವೀಡಿಯೊ ಅಳಿಸಿ?"},{"$i":"delete-n-items?","$v":{"zero":"ಯಾವುದನ್ನೂ ಆಯ್ಕೆ ಮಾಡಿಲ್ಲ","one":"ಆಯ್ಕೆಮಾಡಿದ ಸರಕನ್ನು ಅಳಿಸಿ?","two":[{"t":"idOrVar","v":"n"}," ಡಿಲೀಟ್ ಅಳಿಸಿ?"],"few":[{"t":"idOrVar","v":"n"}," ಡಿಲೀಟ್ ಅಳಿಸಿ?"],"many":[{"t":"idOrVar","v":"n"}," ಡಿಲೀಟ್ ಅಳಿಸಿ?"],"other":[{"t":"idOrVar","v":"n"}," ಡಿಲೀಟ್ ಅಳಿಸಿ?"]},"$x":[{"t":"idOrVar","v":"plural"},"n"]},{"$i":"tcl-contact-set-ok","$v":"ಸಂಪರ್ಕಗಳನ್ನು ವಿವರಗಳನ್ನು ಸೇರಿಸಲಾಗಿದೆ"},{"$i":"tcl-contact-set-fail","$v":"ಸಂಪರ್ಕದ ಚಿತ್ರವನ್ನು ಹೊಂದಿಸಲು ವಿಫಲವಾಗಿದೆ"},{"$i":"tcl-exposure-done","$v":"ಎಕ್ಸ್‌ಪೋಶರ್ ಅನ್ವಯಿಸಿದೆ"},{"$i":"tcl-rotation-done","$v":"ಚಿತ್ರವನ್ನು ತಿರುಗಿಸಲಾಗಿದೆ"},{"$i":"tcl-crop-done","$v":"ಚಿತ್ರವನ್ನು ಕತ್ತರಿಸಲಾಗಿದೆ"},{"$i":"tcl-filters-done","$v":"ಫಿಲ್ಟರ್ ಅನ್ವಯಿಸಲಾಗಿದೆ"},{"$i":"tcl-autocorrection-done","$v":"ಸ್ವಯಂ ಸರಿಪಡಿಸುವಿಕೆ ವಿಫಲ"},{"$i":"tcl-changes-saved","$v":"ಉಳಿಸಲಾದ ಬದಲಾವಣೆಗಳು"},{"$i":"wallpaper-set","$v":"ವಾಲ್‌ಪೇಪರ್ ಹೊಂದಿಸಿ"},{"$i":"tcl-single-image-locked","$v":"ಆಯ್ಕೆ ಮಾಡಿದ ಚಿತ್ರ ಲಾಕ್ ಆಗಿದೆ"},{"$i":"tcl-single-image-unlocked","$v":"ಆಯ್ಕೆ ಮಾಡಿದ ಚಿತ್ರವನ್ನು ಅನ್‌ಲಾಕ್ ಮಾಡಲಾಗಿದೆ"},{"$i":"tcl-single-image-deleted","$v":"ಫೋಟೋ ಅಳಿಸಲಾಗಿದೆ."},{"$i":"tcl-multiple-images-locked","$v":{"zero":"ಚಿತ್ರವನ್ನು ಲಾಕ್ ಮಾಡಿಲ್ಲ","one":[{"t":"idOrVar","v":"n"}," ಚಿತ್ರ ಲಾಕ್ ಆಗಿದೆ"],"other":[{"t":"idOrVar","v":"n"}," ಚಿತ್ರಗಳು ಲಾಕ್ ಆಗಿವೆ"]},"$x":[{"t":"idOrVar","v":"plural"},"n"]},{"$i":"tcl-multiple-images-unlocked","$v":{"zero":"ಚಿತ್ರವನ್ನು ಲಾಕ್ ಮಾಡಿಲ್ಲ","one":[{"t":"idOrVar","v":"n"}," ಚಿತ್ರ ಅನ್‌ಲಾಕ್ ಆಗಿದೆ"],"other":[{"t":"idOrVar","v":"n"}," ಚಿತ್ರಗಳು ಅನ್‌ಲಾಕ್ ಆಗಿವೆ"]},"$x":[{"t":"idOrVar","v":"plural"},"n"]},{"$i":"tcl-deleted-n-photos","$v":{"zero":"ಚಿತ್ರವನ್ನು ಅಳಿಸಿಲ್ಲ","one":[{"t":"idOrVar","v":"n"},"ಚಿತ್ರ ಅಳಿಸಲಾಗಿದೆ"],"other":[{"t":"idOrVar","v":"n"}," ಚಿತ್ರ ಅಳಿಸಲಾಗಿದೆ"]},"$x":[{"t":"idOrVar","v":"plural"},"n"]},{"$i":"tcl-undo","$v":"ಅಂಡು ಮಾಡಿ"},{"$i":"pickoneimage2","$v":"ಆಯ್ಕೆ ಮಾಡಿ"},{"$i":"cropimage","$v":"ಕ್ರಾಪ್ ಮಾಡಿ"},{"$i":"tcl-no","$v":"ಇಲ್ಲ"},{"$i":"tcl-on","$v":"ರಂದು"},{"$i":"tcl-off","$v":"ಆಫ್"},{"$i":"tcl-return","$v":"ವಾಪಸು ಮಾಡಿ"},{"$i":"cancel","$v":"ರದ್ದು ಮಾಡಿ"},{"$i":"delete","$v":"ಅಳಿಸಿ"},{"$i":"ok","$v":"ಸರಿ"},{"$i":"edit","$v":"ಸಂಪಾದಿಸಿ"},{"$i":"save","$v":"ಸೇವ್ ಮಾಡಿ"},{"$i":"done","$v":"ಮುಗಿದಿದೆ"},{"$i":"exposure","$v":"ಎಕ್ಸ್‌ಪೋಶರ್"},{"$i":"crop","$v":"ಕ್ರಾಪ್ ಮಾಡಿ"},{"$i":"effects","$v":"ಪರಿಣಾಮಗಳು"},{"$i":"borders","$v":"ಬಾರ್ಡರ್"},{"$i":"enhance-on","$v":"ಸ್ವಯಂ-ವರ್ಧನೆ ಆನ್"},{"$i":"enhance-off","$v":"ಸ್ವಯಂ-ವರ್ಧನೆ ಆಫ್"},{"$i":"tcl-exit","$v":"ನಿರ್ಗಮಿಸಿ"},{"$i":"tcl-set","$v":"ಹೊಂದಿಸಿ"},{"$i":"tcl-takephoto","$v":"ಫೋಟೋ ತೆಗೆಯಿರಿ"},{"$i":"tcl-options","$v":"ಆಯ್ಕೆಗಳು"},{"$i":"tcl-select-all","$v":"ಎಲ್ಲ ಆಯ್ಕೆ ಮಾಡಿ"},{"$i":"tcl-deselect-all","$v":"ಎಲ್ಲ ಆಯ್ಕೆ ತೆಗೆಯಿರಿ"},{"$i":"tcl-lock","$v":"ಲಾಕ್ ಮಾಡಿ"},{"$i":"tcl-unlock","$v":"ಅನ್‌ಲಾಕ್"},{"$i":"tcl-rename","$v":"ಮರುಹೆಸರಿಸಿ"},{"$i":"tcl-rotate","$v":"ರೊಟೇಟ್"},{"$i":"tcl-share","$v":"ಹಂಚು"},{"$i":"tcl-settings","$v":"ಸೆಟ್ಟಿಂಗ್ಸ್"},{"$i":"tcl-set-as","$v":"ಹೀಗೆ ಹೊಂದಿಸಿ"},{"$i":"tcl-wallpaper","$v":"ವಾಲ್‌ಪೇಪರ್"},{"$i":"tcl-existing-contact-image","$v":"ಅಸ್ತಿತ್ವದಲ್ಲಿರುವ ಸಂಪರ್ಕದ ಚಿತ್ರ"},{"$i":"tcl-zoom","$v":"ಝೂಮ್"},{"$i":"tcl-zoom-in","$v":"ಝೂಮ್ ಇನ್"},{"$i":"tcl-zoom-out","$v":"ಝೂಮ್ ಔಟ್"},{"$i":"tcl-file-info","$v":"ಫೈಲ್ ಮಾಹಿತಿ"},{"$i":"tcl-select-multiple","$v":"ಹಲವು ಆಯ್ಕೆ ಮಾಡಿ"},{"$i":"tcl-invalid-name","$v":"ಅಮಾನ್ಯ ಹೆಸರು"},{"$i":"tcl-name-already-exists","$v":"ಈ ಹೆಸರು ಈಗಾಗಲೇ ಅಸ್ತಿತ್ವದಲ್ಲಿದೆ"},{"$i":"tcl-override-warning-msg","$v":"ಪ್ರಸ್ತುತ ಚಿತ್ರವನ್ನು ಓವರ್‌ರೈಡ್ ಮಾಡಲು ಬಯಸುವಿರಾ?"},{"$i":"tcl-override","$v":"ಓವರ್‌ರೈಡ್"},{"$i":"tcl-edit-title","$v":"ಚಿತ್ರವನ್ನು ಸಂಕಲಿಸಿ"},{"$i":"tcl-edit-exposure","$v":"ಎಕ್ಸ್‌ಪೋಶರ್"},{"$i":"tcl-edit-crop","$v":"ಕ್ರಾಪ್ ಮಾಡಿ"},{"$i":"tcl-edit-rotate","$v":"ರೊಟೇಟ್"},{"$i":"tcl-edit-filters","$v":"ಫಿಲ್ಟರ್ಸ್"},{"$i":"tcl-edit-auto-correct","$v":"ಸ್ವಯಂ-ತಿದ್ದುಪಡಿ"},{"$i":"edit-exposure","ariaLabel":"ಎಕ್ಸ್‌ಪೋಶರ್"},{"$i":"edit-crop","ariaLabel":"ಕ್ರಾಪ್ ಮಾಡಿ"},{"$i":"edit-rotate","ariaLabel":"ರೊಟೇಟ್"},{"$i":"edit-filters","ariaLabel":"ಫಿಲ್ಟರ್ಸ್"},{"$i":"edit-auto-correct","ariaLabel":"ಸ್ವಯಂ-ತಿದ್ದುಪಡಿ"},{"$i":"tcl-crop-none","$v":"ಕ್ರಾಪಿಂಗ್ ಅಂಡು ಮಾಡಿ"},{"$i":"tcl-crop-aspect-free","$v":"ಡೀಫಾಲ್ಟ್"},{"$i":"tcl-crop-aspect-portrait","$v":"2:3"},{"$i":"tcl-crop-aspect-landscape","$v":"3:2"},{"$i":"tcl-crop-aspect-square","$v":"1:1"},{"$i":"crop-none","ariaLabel":"ಕ್ರಾಪಿಂಗ್ ಅಂಡು ಮಾಡಿ"},{"$i":"crop-aspect-free","ariaLabel":"ಡೀಫಾಲ್ಟ್"},{"$i":"crop-aspect-portrait","ariaLabel":"2:3"},{"$i":"crop-aspect-landscape","ariaLabel":"3:2"},{"$i":"crop-aspect-square","ariaLabel":"1:1"},{"$i":"tcl-edit-filters-none","$v":"ಫಿಲ್ಟರ್ 1"},{"$i":"tcl-edit-filters-bw","$v":"ಫಿಲ್ಟರ್ 2"},{"$i":"tcl-edit-filters-sepia","$v":"ಫಿಲ್ಟರ್ 3"},{"$i":"tcl-edit-filters-bluesteel","$v":"ಫಿಲ್ಟರ್ 4"},{"$i":"tcl-edit-filters-faded","$v":"ಫಿಲ್ಟರ್ 5"},{"$i":"edit-filters-none","ariaLabel":"ಫಿಲ್ಟರ್ 1"},{"$i":"edit-filters-bw","ariaLabel":"ಫಿಲ್ಟರ್ 2"},{"$i":"edit-filters-sepia","ariaLabel":"ಫಿಲ್ಟರ್ 3"},{"$i":"edit-filters-bluesteel","ariaLabel":"ಫಿಲ್ಟರ್ 4"},{"$i":"edit-filters-faded","ariaLabel":"ಫಿಲ್ಟರ್ 5"},{"$i":"tcl-rotate-cw","$v":"CW"},{"$i":"tcl-rotate-ccw","$v":"CCW"},{"$i":"original","$v":"ಮೂಲ"},{"$i":"blackandwhite","$v":{"$o":"B&W"}},{"$i":"sepia","$v":"ಸೆಪಿಯಾ"},{"$i":"freeform","$v":"ಫ್ರೀಫಾರ್ಮ್"},{"$i":"portrait","$v":"ಪೋರ್ಟ್ರೇಟ್"},{"$i":"landscape","$v":"ಲ್ಯಾಂಡ್‌ಸ್ಕೇಪ್"},{"$i":"square","$v":"ಸ್ಕ್ವೇರ್"},{"$i":"emptygallery2-title","$v":"ಯಾವುದೇ ಫೋಟೋಗಳು ಅಥವಾ ವೀಡಿಯೋಗಳಿಲ್ಲ"},{"$i":"emptygallery2-text","$v":"ಗ್ಯಾಲರಿ ಖಾಲಿಯಾಗಿದೆ. ಫೋಟೋಗಳನ್ನು ಕ್ಲಿಕ್ ಮಾಡಲು ಕ್ಯಾಮೆರಾ ಬಳಸಿ"},{"$i":"emptygallery2-title-pick","$v":"ಯಾವುದೇ ಫೋಟೋಗಳಿಲ್ಲ"},{"$i":"emptygallery-text-pick","$v":"ಯಾವುದೇ ಫೋಟೋಗಳು ಲಭ್ಯವಿಲ್ಲ."},{"$i":"nocard3-title","$v":"ಯಾವುದೇ ಮೆಮೊರಿ ಕಾರ್ಡ್‌ ಇಲ್ಲ"},{"$i":"nocard4-text","$v":"ಈ ಆಪ್ ಬಳಸಲು ಒಂದು ಮೆಮೊರಿ ಕಾರ್ಡ್ ಅನ್ನು ಸೇರಿಸಿ."},{"$i":"pluggedin2-title","$v":"ಮೆಮೊರಿ ಕಾರ್ಡ್ ಬಳಕೆಯಲ್ಲಿದೆ."},{"$i":"pluggedin2-text","$v":"ಸ್ಟೊರೇಜ್ ಬಳಕೆಯಲ್ಲಿದೆ. ಈ ಆಪ್ ಬಳಸಲು ದಯವಿಟ್ಟು ಫೋನ್ ಅನ್‌ಪ್ಲಗ್ ಮಾಡಿ."},{"$i":"scanning-title","$v":"ಸ್ಕ್ಯಾನ್ ಮಾಡಲಾಗುತ್ತಿದೆ"},{"$i":"tcl-scanning-text","$v":"ಫೋಟೋಗಳಿಗಾಗಿ ಹುಡುಕುತ್ತಿದ್ದೀರಾ"},{"$i":"scanning-text","$v":"ಫೋಟೋಗಳಿಗಾಗಿ ಸ್ಕ್ಯಾನ್ ಮಾಡಲಾಗುತ್ತದೆ..."},{"$i":"upgrade-title","$v":"ಡೇಟಾಬೇಸ್ ಅಪ್ಗ್ರೇಡ್"},{"$i":"upgrade-text","$v":"ಗ್ಯಾಲರಿಯು ಡೇಟಾಬೇಸ್ ಅನ್ನು ಅಪ್ಡೇಟ್ ಮಾಡುವಾಗ ದಯವಿಟ್ಟು ನಿರೀಕ್ಷಿಸಿ."},{"$i":"share-noprovider","$v":"ಈ ಇಮೇಜ್ ಫೈಲ್ ಪ್ರಕಾರವನ್ನು ಹಂಚಿಕೊಳ್ಳಲು ಸಾಧ್ಯವಿಲ್ಲ."},{"$i":"memorycardfull","$v":"ಸ್ಟೊರೇಜ್ ಫುಲ್ ಆಗಿದೆ. ಫೋಟೋಗಳನ್ನು ಎಡಿಟ್ ಮಾಡಲಾಗದು."},{"$i":"imagetoobig","$v":"ಈ ಡಿವೈಸ್‌ನಲ್ಲಿ ತೋರಿಸಲು ಚಿತ್ರ ತುಂಬಾ ದೊಡ್ಡದಾಗಿದೆ."},{"$i":"imageinvalid","$v":"ಚಿತ್ರ ಅಮಾನ್ಯವಾಗಿದೆ ಹಾಗೂ ದೋಷಪೂರಿತವಾಗಿದೆ ಹಾಗೂ ಇದನ್ನು ಪ್ರದರ್ಶಿಸಲಾಗುತ್ತಿಲ್ಲ."},{"$i":"saved","$v":[{"t":"idOrVar","v":"filename"}," ಗ್ಯಾಲರಿಗೆ ಉಳಿಸಿ"]},{"$i":"edit-copy-saved","$v":"ಹೊಸ ಕಾಪಿ ಉಳಿಸಲಾಗಿದೆ."},{"$i":"overlay-camera-button","$v":"ಕ್ಯಾಮರಾಕ್ಕೆ ಹೋಗಿ"},{"$i":"name-label","$v":"ಹೆಸರು"},{"$i":"size-label","$v":"ಗಾತ್ರ"},{"$i":"image-type-label","$v":"ಚಿತ್ರದ ಪ್ರಕಾರ"},{"$i":"tcl-date-and-time-label","$v":"ದಿನಾಂಕ ಮತ್ತು ಸಮಯ"},{"$i":"date-taken-label","$v":"ತೆಗೆದುಕೊಂಡ ದಿನಾಂಕ"},{"$i":"resolution-label","$v":"ರಿಸೊಲ್ಯುಶನ್"},{"$i":"close-button","$v":"ಮುಚ್ಚಿರಿ"},{"$i":"byteUnit-B","$v":"ಬೈಟ್‌"},{"$i":"byteUnit-KB","$v":"KB"},{"$i":"byteUnit-MB","$v":"MB"},{"$i":"byteUnit-GB","$v":"GB"},{"$i":"gallery","$v":"ಗ್ಯಾಲರಿ"},{"$i":"preview","$v":"ಪ್ರಿವ್ಯೂ"},{"$i":"tcl-confirmation","$v":"ದೃಢೀಕರಣ"},{"$i":"tcl-delete-this-image","$v":"ಈ ಫೋಟೋ ಅಳಿಸಿ?"},{"$i":"tcl-delete-selected-image","$v":"ಆಯ್ಕೆಮಾಡಿದ ಫೋಟೋ ಅಳಿಸಿ?"},{"$i":"tcl-delete-selected-images","$v":"ಆಯ್ಕೆಮಾಡಿದ ಫೋಟೋಗಳನ್ನು ಅಳಿಸಿ?"},{"$i":"tcl-delete-photos","$v":{"one":["ನೀವು ",{"t":"idOrVar","v":"n"}," ಆರಿಸಿದ ಫೋಟೋವನ್ನು ಅಳಿಸಲು ಖಚಿತವಾಗಿ ಬಯಸುವಿರಾ?"],"other":["ನೀವು ",{"t":"idOrVar","v":"n"}," ಆರಿಸಿದ ಫೋಟೋಗಳನ್ನು ಅಳಿಸಲು ಖಚಿತವಾಗಿ ಬಯಸುವಿರಾ?"]},"$x":[{"t":"idOrVar","v":"plural"},"n"]},{"$i":"tcl-lost-warning","$v":"ಎಲ್ಲಾ ಬದಲಾವಣೆಗಳು ಕಳೆದುಹೋಗುತ್ತವೆ."},{"$i":"tcl-save-changes?","$v":"ಬದಲಾವಣೆಗಳನ್ನು ಉಳಿಸಬಯಸುವಿರಾ?"},{"$i":"tcl-close-warning","$v":"ಡೇಟಾ ನಷ್ಟದಿಂದ ಅಪ್ಲಿಕೇಷನ್ ಅನ್ನು ಮುಚ್ಚಲಾಗುತ್ತದೆ."},{"$i":"tcl-back-to-editing?","$v":"ನೀವು ಸಂಪಾದನೆಗೆ ಮರಳಲು ಬಯಸುವಿರಾ?"},{"$i":"tcl-gallery-settings","$v":"ಗ್ಯಾಲರಿ ಸೆಟ್ಟಿಂಗ್ಸ್"},{"$i":"tcl-sort-by","$v":"ಹೀಗೆ ವಿಂಗಡಿಸಿ"},{"$i":"tcl-group-by-date-and-location","$v":"ದಿನಾಂಕದಿಂದ ಗುಂಪು"},{"$i":"tcl-error","$v":"ದೋಷ"},{"$i":"tcl-error-delete-locked-image","$v":"ಆಯ್ಕೆ ಮಾಡಿದ ಚಿತ್ರವನ್ನು ಲಾಕ್ ಮಾಡಲಾಗಿದೆ ಮತ್ತು ಅಳಿಸಲಾಗದು!"},{"$i":"tcl-error-delete-locked-images","$v":"ಆಯ್ಕೆ ಮಾಡಿದ ಚಿತ್ರಗಳು ಲಾಕ್ ಮಾಡಿದ ಚಿತ್ರ(ಗಳ)ವನ್ನು ಹೊಂದಿವೆ ಮತ್ತು ಇದನ್ನು ಅಳಿಸಲಾಗದು!"},{"$i":"tcl-enter-new-name","$v":"ಹೊಸ ಹೆಸರನ್ನು ನಮೂದಿಸಿ"},{"$i":"sort-and-group","$v":"ಆಯೋಜಿಸಿ ಮತ್ತು ಗುಂಪು ಮಾಡಿ"},{"$i":"tcl-orientationLandscape","$v":"ಲ್ಯಾಂಡ್‌ಸ್ಕೇಪ್"},{"$i":"tcl-videoDescriptionNoTimestamp","$v":[{"t":"idOrVar","v":"orientation"}," ವೀಡಿಯೋ"]},{"$i":"tcl-orientationPortrait","$v":"ಪೋರ್ಟ್ರೇಟ್"},{"$i":"tcl-imageDescription","$v":[{"t":"idOrVar","v":"orientation"}," ಚಿತ್ರ, %I:%M %p, %B %e, %Y"]},{"$i":"time_am","$v":"AM"},{"$i":"time_pm","$v":"PM"},{"$i":"date-group-header","$v":"%B %Y"},{"$i":"videoDescriptionShort","$v":"ವೀಡಿಯೊ ದಿನಾಂಕ %I:%M %p, %B %e, %Y"},{"$i":"imageDescriptionShort","$v":"ಚಿತ್ರದ ದಿನಾಂಕ %I:%M %p, %B %e, %Y"},{"$i":"editImagePreview","ariaLabel":"ಚಿತ್ರ ಪ್ರಿವ್ಯೂ ಅನ್ನು ಸಂಪಾದಿಸಿ"},{"$i":"tcl-pickoneimage","$v":"ಒಂದು ಫೋಟೋ ಆಯ್ಕೆ ಮಾಡಿ"},{"$i":"discard-changes-warning","$v":"ಎಲ್ಲಾ ಬದಲಾವಣೆಗಳು ಕಳೆದುಹೋಗುತ್ತವೆ. ಬದಲಾವಣೆಗಳನ್ನು ತ್ಯಜಿಸಬಯಸುವಿರಾ?"},{"$i":"save-changes-warning","$v":"ಎಲ್ಲಾ ಬದಲಾವಣೆಗಳು ಕಳೆದುಹೋಗುತ್ತವೆ. ಬದಲಾವಣೆಗಳನ್ನು ಉಳಿಸಬಯಸುವಿರಾ?"},{"$i":"discard","$v":"ತೆಗೆಯಿರಿ"},{"$i":"weekday-0-long","$v":"ಭಾನುವಾರ"},{"$i":"weekday-1-long","$v":"ಸೋಮವಾರ"},{"$i":"weekday-2-long","$v":"ಮಂಗಳವಾರ"},{"$i":"weekday-3-long","$v":"ಬುಧವಾರ"},{"$i":"weekday-4-long","$v":"ಗುರುವಾರ"},{"$i":"weekday-5-long","$v":"ಶುಕ್ರವಾರ"},{"$i":"weekday-6-long","$v":"ಶನಿವಾರ"},{"$i":"weekday-0-short","$v":"ಭಾನು"},{"$i":"weekday-1-short","$v":"ಸೋಮ"},{"$i":"weekday-2-short","$v":"ಮಂಗಳ"},{"$i":"weekday-3-short","$v":"ಬುಧ"},{"$i":"weekday-4-short","$v":"ಗುರು"},{"$i":"weekday-5-short","$v":"ಶುಕ್ರ"},{"$i":"weekday-6-short","$v":"ಶನಿವಾರ"},{"$i":"month-0-long","$v":"ಜನವರಿ"},{"$i":"month-1-long","$v":"ಫೆಬ್ರವರಿ"},{"$i":"month-2-long","$v":"ಮಾರ್ಚ್"},{"$i":"month-3-long","$v":"ಏಪ್ರಿಲ್"},{"$i":"month-4-long","$v":"ಮೇ"},{"$i":"month-5-long","$v":"ಜೂನ್"},{"$i":"month-6-long","$v":"ಜುಲೈ"},{"$i":"month-7-long","$v":"ಆಗಸ್ಟ್"},{"$i":"month-8-long","$v":"ಸಪ್ಟೆಂಬರ್"},{"$i":"month-9-long","$v":"ಅಕ್ಟೋಬರ್"},{"$i":"month-10-long","$v":"ನವೆಂಬರ್"},{"$i":"month-11-long","$v":"ಡಿಸೆಂಬರ್"},{"$i":"month-0-genitive","$v":"ಜನವರಿ"},{"$i":"month-1-genitive","$v":"ಫೆಬ್ರವರಿ"},{"$i":"month-2-genitive","$v":"ಮಾರ್ಚ್"},{"$i":"month-3-genitive","$v":"ಏಪ್ರಿಲ್"},{"$i":"month-4-genitive","$v":"ಮೇ"},{"$i":"month-5-genitive","$v":"ಜೂನ್"},{"$i":"month-6-genitive","$v":"ಜುಲೈ"},{"$i":"month-7-genitive","$v":"ಆಗಸ್ಟ್"},{"$i":"month-8-genitive","$v":"ಸಪ್ಟೆಂಬರ್"},{"$i":"month-9-genitive","$v":"ಅಕ್ಟೋಬರ್"},{"$i":"month-10-genitive","$v":"ನವೆಂಬರ್"},{"$i":"month-11-genitive","$v":"ಡಿಸೆಂಬರ್"},{"$i":"month-0-short","$v":"ಜನವರಿ"},{"$i":"month-1-short","$v":"ಫೆಬ್ರವರಿ"},{"$i":"month-2-short","$v":"ಮಾರ್ಚ್"},{"$i":"month-3-short","$v":"ಏಪ್ರಿಲ್"},{"$i":"month-4-short","$v":"ಮೇ"},{"$i":"month-5-short","$v":"ಜೂನ್"},{"$i":"month-6-short","$v":"ಜುಲೈ"},{"$i":"month-7-short","$v":"ಆಗಸ್ಟ್"},{"$i":"month-8-short","$v":"ಸೆಪ್ಟೆಂಬರ್"},{"$i":"month-9-short","$v":"ಅಕ್ಟೋಬರ್"},{"$i":"month-10-short","$v":"ನವೆಂಬರ್"},{"$i":"month-11-short","$v":"ಡಿಸೆಂಬರ್"},{"$i":"minutes-ago-long","$v":{"zero":"ಈಗಷ್ಟೇ","one":"ಒಂದು ನಿಮಿಷದ ಹಿಂದೆ","two":[{"t":"idOrVar","v":"value"}," ನಿಮಿಷಗಳ ಹಿಂದೆ"],"few":[{"t":"idOrVar","v":"value"}," ನಿಮಿಷಗಳ ಹಿಂದೆ"],"many":[{"t":"idOrVar","v":"value"}," ನಿಮಿಷಗಳ ಹಿಂದೆ"],"other":[{"t":"idOrVar","v":"value"}," ನಿಮಿಷಗಳ ಹಿಂದೆ"]},"$x":[{"t":"idOrVar","v":"plural"},"value"]},{"$i":"hours-ago-long","$v":{"zero":"ಈಗಷ್ಟೇ","one":"ಒಂದು ಗಂಟೆ ಹಿಂದೆ","two":[{"t":"idOrVar","v":"value"}," ಗಂಟೆಗಳ ಹಿಂದೆ"],"few":[{"t":"idOrVar","v":"value"}," ಗಂಟೆಗಳ ಹಿಂದೆ"],"many":[{"t":"idOrVar","v":"value"}," ಗಂಟೆಗಳ ಹಿಂದೆ"],"other":[{"t":"idOrVar","v":"value"}," ಗಂಟೆಗಳ ಹಿಂದೆ"]},"$x":[{"t":"idOrVar","v":"plural"},"value"]},{"$i":"days-ago-long","$v":{"zero":"ಇಂದು","one":"ನಿನ್ನೆ","two":[{"t":"idOrVar","v":"value"}," ದಿನಗಳ ಹಿಂದೆ"],"few":[{"t":"idOrVar","v":"value"}," ದಿನಗಳ ಹಿಂದೆ"],"many":[{"t":"idOrVar","v":"value"}," ದಿನಗಳ ಹಿಂದೆ"],"other":[{"t":"idOrVar","v":"value"}," ದಿನಗಳ ಹಿಂದೆ"]},"$x":[{"t":"idOrVar","v":"plural"},"value"]},{"$i":"weeks-ago-long","$v":{"zero":"ಈ ವಾರ","one":"ಕಳೆದ ವಾರ","two":[{"t":"idOrVar","v":"value"}," ವಾರಗಳ ಹಿಂದೆ"],"few":[{"t":"idOrVar","v":"value"}," ವಾರಗಳ ಹಿಂದೆ"],"many":[{"t":"idOrVar","v":"value"}," ವಾರಗಳ ಹಿಂದೆ"],"other":[{"t":"idOrVar","v":"value"}," ವಾರಗಳ ಹಿಂದೆ"]},"$x":[{"t":"idOrVar","v":"plural"},"value"]},{"$i":"months-ago-long","$v":{"zero":"ಈ ತಿಂಗಳು","one":"ಕಳೆದ ತಿಂಗಳು","two":[{"t":"idOrVar","v":"value"}," ತಿಂಗಳುಗಳ ಹಿಂದೆ"],"few":[{"t":"idOrVar","v":"value"}," ತಿಂಗಳುಗಳ ಹಿಂದೆ"],"many":[{"t":"idOrVar","v":"value"}," ತಿಂಗಳುಗಳ ಹಿಂದೆ"],"other":[{"t":"idOrVar","v":"value"}," ತಿಂಗಳುಗಳ ಹಿಂದೆ"]},"$x":[{"t":"idOrVar","v":"plural"},"value"]},{"$i":"years-ago-long","$v":{"zero":"ಈ ವರ್ಷ","one":"ಕಳೆದ ವರ್ಷ","two":[{"t":"idOrVar","v":"Value"}," ವರ್ಷಗಳ ಹಿಂದೆ"],"few":[{"t":"idOrVar","v":"Value"}," ವರ್ಷಗಳ ಹಿಂದೆ"],"many":[{"t":"idOrVar","v":"Value"}," ವರ್ಷಗಳ ಹಿಂದೆ"],"other":[{"t":"idOrVar","v":"Value"}," ವರ್ಷಗಳ ಹಿಂದೆ"]},"$x":[{"t":"idOrVar","v":"plural"},"value"]},{"$i":"minutes-until-long","$v":{"zero":"ಇದೀಗ","one":"ಒಂದು ನಿಮಿಷದಲ್ಲಿ","two":[{"t":"idOrVar","v":"value"}," ನಿಮಿಷಗಳಲ್ಲಿ"],"few":[{"t":"idOrVar","v":"value"}," ನಿಮಿಷಗಳಲ್ಲಿ"],"many":[{"t":"idOrVar","v":"value"}," ನಿಮಿಷಗಳಲ್ಲಿ"],"other":[{"t":"idOrVar","v":"value"}," ನಿಮಿಷಗಳಲ್ಲಿ"]},"$x":[{"t":"idOrVar","v":"plural"},"value"]},{"$i":"hours-until-long","$v":{"zero":"ಇದೀಗ","one":"ಒಂದು ಗಂಟೆಯಲ್ಲಿ","two":[{"t":"idOrVar","v":"value"}," ಗಂಟೆಗಳಲ್ಲಿ"],"few":[{"t":"idOrVar","v":"value"}," ಗಂಟೆಗಳಲ್ಲಿ"],"many":[{"t":"idOrVar","v":"value"}," ಗಂಟೆಗಳಲ್ಲಿ"],"other":[{"t":"idOrVar","v":"value"}," ಗಂಟೆಗಳಲ್ಲಿ"]},"$x":[{"t":"idOrVar","v":"plural"},"value"]},{"$i":"days-until-long","$v":{"zero":"ಇಂದು","one":"ನಾಳೆ","two":[{"t":"idOrVar","v":"value"}," ದಿನಗಳಲ್ಲಿ"],"few":[{"t":"idOrVar","v":"value"}," ದಿನಗಳಲ್ಲಿ"],"many":[{"t":"idOrVar","v":"value"}," ದಿನಗಳಲ್ಲಿ"],"other":[{"t":"idOrVar","v":"value"}," ದಿನಗಳಲ್ಲಿ"]},"$x":[{"t":"idOrVar","v":"plural"},"value"]},{"$i":"weeks-until-long","$v":{"zero":"ಈ ವಾರ","one":"ಮುಂದಿನ ವಾರ","two":[{"t":"idOrVar","v":"value"}," ವಾರಗಳಲ್ಲಿ"],"few":[{"t":"idOrVar","v":"value"}," ವಾರಗಳಲ್ಲಿ"],"many":[{"t":"idOrVar","v":"value"}," ವಾರಗಳಲ್ಲಿ"],"other":[{"t":"idOrVar","v":"value"}," ವಾರಗಳಲ್ಲಿ"]},"$x":[{"t":"idOrVar","v":"plural"},"value"]},{"$i":"months-until-long","$v":{"zero":"ಈ ತಿಂಗಳು","one":"ಮುಂದಿನ ತಿಂಗಳು","two":[{"t":"idOrVar","v":"value"}," ತಿಂಗಳುಗಳಲ್ಲಿ"],"few":[{"t":"idOrVar","v":"value"}," ತಿಂಗಳುಗಳಲ್ಲಿ"],"many":[{"t":"idOrVar","v":"value"}," ತಿಂಗಳುಗಳಲ್ಲಿ"],"other":[{"t":"idOrVar","v":"value"}," ತಿಂಗಳುಗಳಲ್ಲಿ"]},"$x":[{"t":"idOrVar","v":"plural"},"value"]},{"$i":"years-until-long","$v":{"zero":"ಈ ವರ್ಷ","one":"ಮುಂದಿನ ವರ್ಷ","two":[{"t":"idOrVar","v":"value"}," ವರ್ಷಗಳಲ್ಲಿ"],"few":[{"t":"idOrVar","v":"value"}," ವರ್ಷಗಳಲ್ಲಿ"],"many":[{"t":"idOrVar","v":"value"}," ವರ್ಷಗಳಲ್ಲಿ"],"other":[{"t":"idOrVar","v":"value"}," ವರ್ಷಗಳಲ್ಲಿ"]},"$x":[{"t":"idOrVar","v":"plural"},"value"]},{"$i":"minutes-ago-short","$v":{"zero":"ಈಗಷ್ಟೇ","other":[{"t":"idOrVar","v":"value"},"ನಿಮಿಷಗಳ ಹಿಂದೆ"]},"$x":[{"t":"idOrVar","v":"plural"},"value"]},{"$i":"hours-ago-short","$v":{"zero":"ಈಗಷ್ಟೇ","other":[{"t":"idOrVar","v":"value"},"ಗಂಟೆಗಳ ಹಿಂದೆ"]},"$x":[{"t":"idOrVar","v":"plural"},"value"]},{"$i":"days-ago-short","$v":{"zero":"ಇಂದು","other":[{"t":"idOrVar","v":"value"},"ದಿನದ ಹಿಂದೆ"]},"$x":[{"t":"idOrVar","v":"plural"},"value"]},{"$i":"minutes-until-short","$v":{"zero":"ಇದೀಗ","other":[{"t":"idOrVar","v":"value"},"ನಿಮಿಷಗಳಲ್ಲಿ"]},"$x":[{"t":"idOrVar","v":"plural"},"value"]},{"$i":"hours-until-short","$v":{"zero":"ಇದೀಗ","other":[{"t":"idOrVar","v":"value"},"ಗಂಟೆಗಳಲ್ಲಿ"]},"$x":[{"t":"idOrVar","v":"plural"},"value"]},{"$i":"days-until-short","$v":{"zero":"ಇಂದು","other":[{"t":"idOrVar","v":"value"},"ದಿನದಲ್ಲಿ"]},"$x":[{"t":"idOrVar","v":"plural"},"value"]},{"$i":"incorrectDate","$v":"(ತಪ್ಪಾದ ದಿನಾಂಕ)"},{"$i":"dateTimeFormat_%c","$v":"%a %b %e %Y %I:%M:%S %p"},{"$i":"dateTimeFormat_%x","$v":"%m/%d/%Y"},{"$i":"dateTimeFormat_%X","$v":"%I:%M:%S %p"},{"$i":"shortTimeFormat","$v":"%I:%M %p"},{"$i":"shortTimeFormat12","$v":"%I:%M %p"},{"$i":"shortTimeFormat24","$v":"%H:%M"},{"$i":"shortDateTimeFormat","$v":"%x %I:%M %p"},{"$i":"weekStartsOnMonday","$v":"0"},{"$i":"firstDayOfTheWeek","$v":"0"},{"$i":"imageDescription","$v":[{"t":"idOrVar","v":"orientation"}," ಚಿತ್ರ, %I:%M %p, %B %e, %Y"]},{"$i":"imageDescriptionNoTimestamp","$v":[{"t":"idOrVar","v":"orientation"}," ಚಿತ್ರ"]},{"$i":"videoDescription","$v":[{"t":"idOrVar","v":"orientation"}," ವೀಡಿಯೋ, %I:%M %p, %B %e, %Y"]},{"$i":"videoDescriptionNoTimestamp","$v":[{"t":"idOrVar","v":"orientation"}," ವೀಡಿಯೋ"]},{"$i":"orientationPortrait","$v":"ಪೋರ್ಟ್ರೇಟ್"},{"$i":"orientationLandscape","$v":"ಲ್ಯಾಂಡ್‌ಸ್ಕೇಪ್"},{"$i":"playbackPlay","ariaLabel":"ಪ್ಲೇ ಮಾಡಿ"},{"$i":"playbackPause","ariaLabel":"ವಿರಾಮಗೊಳಿಸು"},{"$i":"playbackNext","ariaLabel":"ಮುಂದಿನದು"},{"$i":"playbackPrevious","ariaLabel":"ಹಿಂದಿನದು"},{"$i":"playbackFullscreen","ariaLabel":"ಫುಲ್‌ಸ್ಕ್ರೀನ್"},{"$i":"playbackSeekBar","ariaLabel":["ಸೀಕ್ ಬಾರ್, ಅವಧಿ ",{"t":"idOrVar","v":"duration"}]},{"$i":"softkey-options","$v":"ಆಯ್ಕೆಗಳು"}]