[{"$i":"select","$v":"वेंच्चें"},{"$i":"tcl-select","$v":"वेंच्चें"},{"$i":"invalid-image","$v":"अवैध प्रतिमा"},{"$i":"image-too-big","$v":"गॅलरींत दाखोवंक प्रतिमा फायलीचो आकार अति व्हड आसा"},{"$i":"tcl-selected-items-count","$v":[{"t":"idOrVar","v":"n"}," वेंचलां"]},{"$i":"delete-photo?","$v":"फोटो वगळावचो"},{"$i":"delete-video?","$v":"व्हिडियो वगळावचो"},{"$i":"delete-n-items?","$v":{"zero":"कांयच वेंचूक ना","one":"वेंचीक आयटम वगळावचो","two":[{"t":"idOrVar","v":"n"}," आयटम वगळावचे"],"few":[{"t":"idOrVar","v":"n"}," आयटम वगळावचे"],"many":[{"t":"idOrVar","v":"n"}," आयटम वगळावचे"],"other":[{"t":"idOrVar","v":"n"}," आयटम वगळावचे"]},"$x":[{"t":"idOrVar","v":"plural"},"n"]},{"$i":"tcl-contact-set-ok","$v":"संपर्काची प्रतिमा जोडल्या"},{"$i":"tcl-contact-set-fail","$v":"संपर्क प्रतिमा मांडूक अपेस"},{"$i":"tcl-exposure-done","$v":"प्रकटन लागू केलें"},{"$i":"tcl-rotation-done","$v":"प्रतिमा घुवंडायल्या"},{"$i":"tcl-crop-done","$v":"प्रतिमा सान करची"},{"$i":"tcl-filters-done","$v":"फिल्टर लागू केलें"},{"$i":"tcl-autocorrection-done","$v":"स्वयं-सुदारणा लागू"},{"$i":"tcl-changes-saved","$v":"बदल सांबाळ्ळे"},{"$i":"wallpaper-set","$v":"वॉलपेपर मांडला"},{"$i":"tcl-single-image-locked","$v":"वेंचिक प्रतिमेक लॉक घालें"},{"$i":"tcl-single-image-unlocked","$v":"वेंचिक प्रतिमेचें लॉक काडलें"},{"$i":"tcl-single-image-deleted","$v":"फोटो वगळायले"},{"$i":"tcl-multiple-images-locked","$v":{"zero":"प्रतिमा लॉक करूंक ना","one":[{"t":"idOrVar","v":"n"}," प्रतिमा लॉक केली"],"other":[{"t":"idOrVar","v":"n"}," प्रतिमा लॉक केली"]},"$x":[{"t":"idOrVar","v":"plural"},"n"]},{"$i":"tcl-multiple-images-unlocked","$v":{"zero":"प्रतिमा लॉक करूंक ना","one":[{"t":"idOrVar","v":"n"}," प्रतिमा अनलॉक केली"],"other":[{"t":"idOrVar","v":"n"}," प्रतिमा अनलॉक केली"]},"$x":[{"t":"idOrVar","v":"plural"},"n"]},{"$i":"tcl-deleted-n-photos","$v":{"zero":"प्रतिमा वगळावंक ना","one":[{"t":"idOrVar","v":"n"}," प्रतिमा वगळायली"],"other":[{"t":"idOrVar","v":"n"}," प्रतिमा वगळायली"]},"$x":[{"t":"idOrVar","v":"plural"},"n"]},{"$i":"tcl-undo","$v":"केल्लें ना करात"},{"$i":"pickoneimage2","$v":"वेंच्चें"},{"$i":"cropimage","$v":"काप"},{"$i":"tcl-no","$v":"ना"},{"$i":"tcl-on","$v":"चालू"},{"$i":"tcl-off","$v":"कुशीक"},{"$i":"tcl-return","$v":"फाटीं यो"},{"$i":"cancel","$v":"रद्द करचें"},{"$i":"delete","$v":"पुसून उडयात"},{"$i":"ok","$v":"बरें आसा"},{"$i":"edit","$v":"संपादन"},{"$i":"save","$v":"सांबाळ"},{"$i":"done","$v":"केलें"},{"$i":"exposure","$v":"एक्पोजर"},{"$i":"crop","$v":"काप"},{"$i":"effects","$v":"परिणाम"},{"$i":"borders","$v":"शीमो"},{"$i":"enhance-on","$v":"स्वयं-प्रगत चालू"},{"$i":"enhance-off","$v":"स्वयं-प्रगत बंद"},{"$i":"tcl-exit","$v":"भायर सरात"},{"$i":"tcl-set","$v":"थारय"},{"$i":"tcl-takephoto","$v":"फोटो घे"},{"$i":"tcl-options","$v":"पर्याय"},{"$i":"tcl-select-all","$v":"सगळें वेंच्चें"},{"$i":"tcl-deselect-all","$v":"सगळ्याची वेंचणी रद्द करची"},{"$i":"tcl-lock","$v":"कुलूप"},{"$i":"tcl-unlock","$v":"अनलॉक"},{"$i":"tcl-rename","$v":"पुनर्नामकरण"},{"$i":"tcl-rotate","$v":"फिरय"},{"$i":"tcl-share","$v":"वांटून घेयात"},{"$i":"tcl-settings","$v":"सेटिंग्स"},{"$i":"tcl-set-as","$v":"म्हूण थारय"},{"$i":"tcl-wallpaper","$v":"वॉलपेपर"},{"$i":"tcl-existing-contact-image","$v":"अस्तित्वांतल्या संपर्का खातीर प्रतिमा"},{"$i":"tcl-zoom","$v":"झूम"},{"$i":"tcl-zoom-in","$v":"झूम इन"},{"$i":"tcl-zoom-out","$v":"झूम आवट"},{"$i":"tcl-file-info","$v":"फायल म्हायती"},{"$i":"tcl-select-multiple","$v":"तरेकवार वेंच्चें"},{"$i":"tcl-invalid-name","$v":"अवैध नांव"},{"$i":"tcl-name-already-exists","$v":"हें नांव आदींच आसा"},{"$i":"tcl-override-warning-msg","$v":"तुमकां सद्याची प्रतिमा ओवररायड करची आसा"},{"$i":"tcl-override","$v":"ओवररायड"},{"$i":"tcl-edit-title","$v":"प्रतिमा संपादन करच्यो"},{"$i":"tcl-edit-exposure","$v":"एक्पोजर"},{"$i":"tcl-edit-crop","$v":"काप"},{"$i":"tcl-edit-rotate","$v":"फिरय"},{"$i":"tcl-edit-filters","$v":"फिल्टर्स"},{"$i":"tcl-edit-auto-correct","$v":"स्वयं-सुदारणा"},{"$i":"edit-exposure","ariaLabel":"एक्पोजर"},{"$i":"edit-crop","ariaLabel":"काप"},{"$i":"edit-rotate","ariaLabel":"फिरय"},{"$i":"edit-filters","ariaLabel":"फिल्टर्स"},{"$i":"edit-auto-correct","ariaLabel":"स्वयं-सुदारणा"},{"$i":"tcl-crop-none","$v":"घटायिल्लें काडचें"},{"$i":"tcl-crop-aspect-free","$v":"डिफॉल्ट"},{"$i":"tcl-crop-aspect-portrait","$v":"2:3"},{"$i":"tcl-crop-aspect-landscape","$v":"3:2"},{"$i":"tcl-crop-aspect-square","$v":"1:1"},{"$i":"crop-none","ariaLabel":"घटायिल्लें काडचें"},{"$i":"crop-aspect-free","ariaLabel":"डिफॉल्ट"},{"$i":"crop-aspect-portrait","ariaLabel":"2:3"},{"$i":"crop-aspect-landscape","ariaLabel":"3:2"},{"$i":"crop-aspect-square","ariaLabel":"1:1"},{"$i":"tcl-edit-filters-none","$v":"फिल्टर 1"},{"$i":"tcl-edit-filters-bw","$v":"फिल्टर 2"},{"$i":"tcl-edit-filters-sepia","$v":"फिल्टर 3"},{"$i":"tcl-edit-filters-bluesteel","$v":"फिल्टर 4"},{"$i":"tcl-edit-filters-faded","$v":"फिल्टर 5"},{"$i":"edit-filters-none","ariaLabel":"फिल्टर 1"},{"$i":"edit-filters-bw","ariaLabel":"फिल्टर 2"},{"$i":"edit-filters-sepia","ariaLabel":"फिल्टर 3"},{"$i":"edit-filters-bluesteel","ariaLabel":"फिल्टर 4"},{"$i":"edit-filters-faded","ariaLabel":"फिल्टर 5"},{"$i":"tcl-rotate-cw","$v":"CW"},{"$i":"tcl-rotate-ccw","$v":"CCW"},{"$i":"original","$v":"मूळ"},{"$i":"blackandwhite","$v":{"$o":"B&W"}},{"$i":"sepia","$v":"सेपीया"},{"$i":"freeform","$v":"स्वंतत्र"},{"$i":"portrait","$v":"तसबीर"},{"$i":"landscape","$v":"परिदृश्य"},{"$i":"square","$v":"चवकोन"},{"$i":"emptygallery2-title","$v":"फोटो वा व्हिडियो नात"},{"$i":"emptygallery2-text","$v":"गॅलरीरिकामी आसा. फोटोक्लिककरूंक कॅमेरा वापरचो"},{"$i":"emptygallery2-title-pick","$v":"फोटो नात"},{"$i":"emptygallery-text-pick","$v":"खंयचेच फोटो उपलब्ध नात"},{"$i":"nocard3-title","$v":"खंयचेंच मेमरी कार्ड ना"},{"$i":"nocard4-text","$v":"हें ऍप्लिकेशन वापरूंक मेमरी कार्ड रिगोवचें"},{"$i":"pluggedin2-title","$v":"वापरांत आशिल्लें मेमरी कार्ड"},{"$i":"pluggedin2-text","$v":"सांठवण वापरांत आसा. उपकार करून हें ऍप्लिकेशन वापरूंक फोन अनप्लग करचो"},{"$i":"scanning-title","$v":"स्कॅन जाता"},{"$i":"tcl-scanning-text","$v":"फोटो पळयता"},{"$i":"scanning-text","$v":"फोटों खातीर स्कॅन जाता"},{"$i":"upgrade-title","$v":"डेटाबेस अपग्रेड"},{"$i":"upgrade-text","$v":"उपकार करून गॅलरीडेटाबेसअपडेट करता मेरेन रावचें."},{"$i":"share-noprovider","$v":"हो प्रतिमा फायल प्रकार वांटूक शकना"},{"$i":"memorycardfull","$v":"सांठवण पुराय भरल्या. फोटो संपादन करूंक शकना"},{"$i":"imagetoobig","$v":"ह्या डिव्हायसाचेर दाखोवंक प्रतिमा अति व्हड आसा"},{"$i":"imageinvalid","$v":"प्रतिमा अवैध आसा वा भ्रश्ट जाल्या आनी दाखोवंक मेळना"},{"$i":"saved","$v":[{"t":"idOrVar","v":"filename"}," गॅलरीकडेन सांबाळ्ळा"]},{"$i":"edit-copy-saved","$v":"नवी प्रत सांबाळ्ळी"},{"$i":"overlay-camera-button","$v":"कॅमे-यात वच्चें"},{"$i":"name-label","$v":"नांव"},{"$i":"size-label","$v":"आकार"},{"$i":"image-type-label","$v":"प्रतिमा प्रकार"},{"$i":"tcl-date-and-time-label","$v":"तारीख आनी वेळ"},{"$i":"date-taken-label","$v":"घेतिल्ली तारीख"},{"$i":"resolution-label","$v":"रिजोल्युशन"},{"$i":"close-button","$v":"बंद कर"},{"$i":"byteUnit-B","$v":"बायट्स"},{"$i":"byteUnit-KB","$v":"KB"},{"$i":"byteUnit-MB","$v":"MB"},{"$i":"byteUnit-GB","$v":"GB"},{"$i":"gallery","$v":"गॅलरी"},{"$i":"preview","$v":"पूर्वावलोकन"},{"$i":"tcl-confirmation","$v":"खात्री"},{"$i":"tcl-delete-this-image","$v":"हो फोटो वगळावचो"},{"$i":"tcl-delete-selected-image","$v":"वेंचीक फोटो वगळावचो"},{"$i":"tcl-delete-selected-images","$v":"वेंचीक फोटो वगळावचे"},{"$i":"tcl-delete-photos","$v":{"one":["तुमकां ",{"t":"idOrVar","v":"n"}," वेंचीक फोटो वगळावचो आसा हाची तुमकां खात्री आसा"],"other":["तुमकां ",{"t":"idOrVar","v":"n"}," वेंचीक फोटे वगळावचे आसात हाची तुमकां खात्री आसा"]},"$x":[{"t":"idOrVar","v":"plural"},"n"]},{"$i":"tcl-lost-warning","$v":"सगळे बदल वतले"},{"$i":"tcl-save-changes?","$v":"तुमकां बदल सांबाळचे आसात"},{"$i":"tcl-close-warning","$v":"डेटा हानी वरवीं ऍप्लिकेशन धांपतले"},{"$i":"tcl-back-to-editing?","$v":"तुमकां संपादनात परतुचें आसा?"},{"$i":"tcl-gallery-settings","$v":"गॅलरी मांडावळी"},{"$i":"tcl-sort-by","$v":"वर्गीकरणकरात हातून"},{"$i":"tcl-group-by-date-and-location","$v":"तारखे वरवीं गट"},{"$i":"tcl-error","$v":"त्रृटी"},{"$i":"tcl-error-delete-locked-image","$v":"वेंचिल्ली प्रतिमा लॉक जाल्या आनी वगळावंक शकले नात!"},{"$i":"tcl-error-delete-locked-images","$v":"वेंचिल्ल्या प्रतिमेंत लॉक केल्ल्यो प्रतिमा (प्रतिमो) आसात आनी वगळावंक शकले ना!"},{"$i":"tcl-enter-new-name","$v":"नवें नांव नोंद करचें"},{"$i":"sort-and-group","$v":"वर्गीकरण करचें आनी गट करचो"},{"$i":"tcl-orientationLandscape","$v":"परिदृश्य"},{"$i":"tcl-videoDescriptionNoTimestamp","$v":[{"t":"idOrVar","v":"orientation"}," व्हिडियो"]},{"$i":"tcl-orientationPortrait","$v":"तसबीर"},{"$i":"tcl-imageDescription","$v":[{"t":"idOrVar","v":"orientation"}," प्रतिमा, %I:%M %p, %B %e, %Y"]},{"$i":"time_am","$v":"AM"},{"$i":"time_pm","$v":"PM"},{"$i":"date-group-header","$v":"%B %Y"},{"$i":"videoDescriptionShort","$v":"व्हिडियोची तारीख %I:%M %p, %B %e, %Y"},{"$i":"imageDescriptionShort","$v":"प्रतिमेची तारीख %I:%M %p, %B %e, %Y"},{"$i":"editImagePreview","ariaLabel":"प्रतिमा पूर्वप्रदर्शन संपादन करचें"},{"$i":"tcl-pickoneimage","$v":"एक फोटो वेंच्चो"},{"$i":"discard-changes-warning","$v":"सगळे बदल वतले. तुमकां बदल काडचे आसात"},{"$i":"save-changes-warning","$v":"सगळे बदल वतले. तुमकां बदल सांबाळचे आसात"},{"$i":"discard","$v":"काडून उडोवप"},{"$i":"weekday-0-long","$v":"आयतार"},{"$i":"weekday-1-long","$v":"सोमार"},{"$i":"weekday-2-long","$v":"मंगळार"},{"$i":"weekday-3-long","$v":"बुधवार"},{"$i":"weekday-4-long","$v":"बिरेस्तार"},{"$i":"weekday-5-long","$v":"शुक्रार"},{"$i":"weekday-6-long","$v":"शेनवार"},{"$i":"weekday-0-short","$v":"सुर्य"},{"$i":"weekday-1-short","$v":"सोमार"},{"$i":"weekday-2-short","$v":"मं"},{"$i":"weekday-3-short","$v":"बुध"},{"$i":"weekday-4-short","$v":"बिरे"},{"$i":"weekday-5-short","$v":"शुक्र"},{"$i":"weekday-6-short","$v":"शे"},{"$i":"month-0-long","$v":"जानेवारी"},{"$i":"month-1-long","$v":"फेब्रुवारी"},{"$i":"month-2-long","$v":"मार्च"},{"$i":"month-3-long","$v":"एप्रिल"},{"$i":"month-4-long","$v":"माय"},{"$i":"month-5-long","$v":"जून"},{"$i":"month-6-long","$v":"जुलाय"},{"$i":"month-7-long","$v":"आगोस्त"},{"$i":"month-8-long","$v":"सप्टेंबर"},{"$i":"month-9-long","$v":"ऑक्टोबर"},{"$i":"month-10-long","$v":"नोव्हेंबर"},{"$i":"month-11-long","$v":"डिसेंबर"},{"$i":"month-0-genitive","$v":"जानेवारी"},{"$i":"month-1-genitive","$v":"फेब्रुवारी"},{"$i":"month-2-genitive","$v":"मार्च"},{"$i":"month-3-genitive","$v":"एप्रिल"},{"$i":"month-4-genitive","$v":"माय"},{"$i":"month-5-genitive","$v":"जून"},{"$i":"month-6-genitive","$v":"जुलाय"},{"$i":"month-7-genitive","$v":"आगोस्त"},{"$i":"month-8-genitive","$v":"सप्टेंबर"},{"$i":"month-9-genitive","$v":"ऑक्टोबर"},{"$i":"month-10-genitive","$v":"नोव्हेंबर"},{"$i":"month-11-genitive","$v":"डिसेंबर"},{"$i":"month-0-short","$v":"जान"},{"$i":"month-1-short","$v":"फेब्रु"},{"$i":"month-2-short","$v":"मार"},{"$i":"month-3-short","$v":"एप्री"},{"$i":"month-4-short","$v":"माय"},{"$i":"month-5-short","$v":"जू"},{"$i":"month-6-short","$v":"जुला"},{"$i":"month-7-short","$v":"आगो"},{"$i":"month-8-short","$v":"सप्ट"},{"$i":"month-9-short","$v":"ऑक्टो"},{"$i":"month-10-short","$v":"नो"},{"$i":"month-11-short","$v":"डिसें"},{"$i":"minutes-ago-long","$v":{"zero":"आतांच","one":"एक मिनीट आदीं","two":[{"t":"idOrVar","v":"value"}," मिन्टां आदीं"],"few":[{"t":"idOrVar","v":"value"}," मिन्टां आदीं"],"many":[{"t":"idOrVar","v":"value"}," मिन्टां आदीं"],"other":[{"t":"idOrVar","v":"value"}," मिन्टां आदीं"]},"$x":[{"t":"idOrVar","v":"plural"},"value"]},{"$i":"hours-ago-long","$v":{"zero":"आतांच","one":"एक वरा आदीं","two":[{"t":"idOrVar","v":"value"}," वरां आदीं"],"few":[{"t":"idOrVar","v":"value"}," वरां आदीं"],"many":[{"t":"idOrVar","v":"value"}," वरां आदीं"],"other":[{"t":"idOrVar","v":"value"}," वरां आदीं"]},"$x":[{"t":"idOrVar","v":"plural"},"value"]},{"$i":"days-ago-long","$v":{"zero":"आयज","one":"काल","two":[{"t":"idOrVar","v":"value"}," दीसां आदीं"],"few":[{"t":"idOrVar","v":"value"}," दीसां आदीं"],"many":[{"t":"idOrVar","v":"value"}," दीसां आदीं"],"other":[{"t":"idOrVar","v":"value"}," दीसां आदीं"]},"$x":[{"t":"idOrVar","v":"plural"},"value"]},{"$i":"weeks-ago-long","$v":{"zero":"हो सप्तक","one":"निमाणो सप्तक","two":[{"t":"idOrVar","v":"value"}," सप्तकां आदीं"],"few":[{"t":"idOrVar","v":"value"}," सप्तकां आदीं"],"many":[{"t":"idOrVar","v":"value"}," सप्तकां आदीं"],"other":[{"t":"idOrVar","v":"value"}," सप्तकां आदीं"]},"$x":[{"t":"idOrVar","v":"plural"},"value"]},{"$i":"months-ago-long","$v":{"zero":"हो म्हयनो","one":"निमाणो म्हयनो","two":[{"t":"idOrVar","v":"value"}," म्हयन्यां आदीं"],"few":[{"t":"idOrVar","v":"value"}," म्हयन्यां आदीं"],"many":[{"t":"idOrVar","v":"value"}," म्हयन्यां आदीं"],"other":[{"t":"idOrVar","v":"value"}," म्हयन्यां आदीं"]},"$x":[{"t":"idOrVar","v":"plural"},"value"]},{"$i":"years-ago-long","$v":{"zero":"हें वर्स","one":"निमाणें वर्स","two":[{"t":"idOrVar","v":"value"}," वर्सां आदीं"],"few":[{"t":"idOrVar","v":"value"}," वर्सां आदीं"],"many":[{"t":"idOrVar","v":"value"}," वर्सां आदीं"],"other":[{"t":"idOrVar","v":"value"}," वर्सां आदीं"]},"$x":[{"t":"idOrVar","v":"plural"},"value"]},{"$i":"minutes-until-long","$v":{"zero":"आतां","one":"एका मिन्टान","two":[{"t":"idOrVar","v":"value"}," मिन्टांनी"],"few":[{"t":"idOrVar","v":"value"}," मिन्टांनी"],"many":[{"t":"idOrVar","v":"value"}," मिन्टांनी"],"other":[{"t":"idOrVar","v":"value"}," मिन्टांनी"]},"$x":[{"t":"idOrVar","v":"plural"},"value"]},{"$i":"hours-until-long","$v":{"zero":"आतां","one":"एका वरान","two":[{"t":"idOrVar","v":"value"}," वरांनी"],"few":[{"t":"idOrVar","v":"value"}," वरांनी"],"many":[{"t":"idOrVar","v":"value"}," वरांनी"],"other":[{"t":"idOrVar","v":"value"}," वरांनी"]},"$x":[{"t":"idOrVar","v":"plural"},"value"]},{"$i":"days-until-long","$v":{"zero":"आयज","one":"फाल्यां","two":[{"t":"idOrVar","v":"value"}," दिसांनी"],"few":[{"t":"idOrVar","v":"value"}," दिसांनी"],"many":[{"t":"idOrVar","v":"value"}," दिसांनी"],"other":[{"t":"idOrVar","v":"value"}," दिसांनी"]},"$x":[{"t":"idOrVar","v":"plural"},"value"]},{"$i":"weeks-until-long","$v":{"zero":"हो सप्तक","one":"नवो सप्तक","two":[{"t":"idOrVar","v":"value"}," सप्तकांनी"],"few":[{"t":"idOrVar","v":"value"}," सप्तकांनी"],"many":[{"t":"idOrVar","v":"value"}," सप्तकांनी"],"other":[{"t":"idOrVar","v":"value"}," सप्तकांनी"]},"$x":[{"t":"idOrVar","v":"plural"},"value"]},{"$i":"months-until-long","$v":{"zero":"हो म्हयनो","one":"फुडलो म्हयनो","two":[{"t":"idOrVar","v":"value"}," म्हयन्यांनीं"],"few":[{"t":"idOrVar","v":"value"}," म्हयन्यांनीं"],"many":[{"t":"idOrVar","v":"value"}," म्हयन्यांनीं"],"other":[{"t":"idOrVar","v":"value"}," म्हयन्यांनीं"]},"$x":[{"t":"idOrVar","v":"plural"},"value"]},{"$i":"years-until-long","$v":{"zero":"हें वर्स","one":"नवें वर्स","two":[{"t":"idOrVar","v":"value"}," वर्सांनी"],"few":[{"t":"idOrVar","v":"value"}," वर्सांनी"],"many":[{"t":"idOrVar","v":"value"}," वर्सांनी"],"other":[{"t":"idOrVar","v":"value"}," वर्सांनी"]},"$x":[{"t":"idOrVar","v":"plural"},"value"]},{"$i":"minutes-ago-short","$v":{"zero":"आतांच","other":[{"t":"idOrVar","v":"value"},"म्ह आदीं"]},"$x":[{"t":"idOrVar","v":"plural"},"value"]},{"$i":"hours-ago-short","$v":{"zero":"आतांच","other":[{"t":"idOrVar","v":"value"}," व आदीं"]},"$x":[{"t":"idOrVar","v":"plural"},"value"]},{"$i":"days-ago-short","$v":{"zero":"आयज","other":[{"t":"idOrVar","v":"value"},"दी आदीं"]},"$x":[{"t":"idOrVar","v":"plural"},"value"]},{"$i":"minutes-until-short","$v":{"zero":"आतां","other":[{"t":"idOrVar","v":"value"}," मि"]},"$x":[{"t":"idOrVar","v":"plural"},"value"]},{"$i":"hours-until-short","$v":{"zero":"आतां","other":[{"t":"idOrVar","v":"value"}," वर"]},"$x":[{"t":"idOrVar","v":"plural"},"value"]},{"$i":"days-until-short","$v":{"zero":"आयज","other":[{"t":"idOrVar","v":"value"}," दी"]},"$x":[{"t":"idOrVar","v":"plural"},"value"]},{"$i":"incorrectDate","$v":"(चुकीची तारीख)"},{"$i":"dateTimeFormat_%c","$v":"%a %b %e %Y %I:%M:%S %p"},{"$i":"dateTimeFormat_%x","$v":"%m/%d/%Y"},{"$i":"dateTimeFormat_%X","$v":"%I:%M:%S %p"},{"$i":"shortTimeFormat","$v":"%I:%M %p"},{"$i":"shortTimeFormat12","$v":"%I:%M %p"},{"$i":"shortTimeFormat24","$v":"%H:%M"},{"$i":"shortDateTimeFormat","$v":"%x %I:%M %p"},{"$i":"weekStartsOnMonday","$v":"0"},{"$i":"firstDayOfTheWeek","$v":"0"},{"$i":"imageDescription","$v":[{"t":"idOrVar","v":"orientation"}," प्रतिमा, %I:%M %p, %B %e, %Y"]},{"$i":"imageDescriptionNoTimestamp","$v":[{"t":"idOrVar","v":"orientation"}," प्रतिमा"]},{"$i":"videoDescription","$v":[{"t":"idOrVar","v":"orientation"}," व्हिडियो, %I:%M %p, %B %e, %Y"]},{"$i":"videoDescriptionNoTimestamp","$v":[{"t":"idOrVar","v":"orientation"}," व्हिडियो"]},{"$i":"orientationPortrait","$v":"तसबीर"},{"$i":"orientationLandscape","$v":"परिदृश्य"},{"$i":"playbackPlay","ariaLabel":"चालू कर"},{"$i":"playbackPause","ariaLabel":"थांबोवचें"},{"$i":"playbackNext","ariaLabel":"उपरांत"},{"$i":"playbackPrevious","ariaLabel":"आदले"},{"$i":"playbackFullscreen","ariaLabel":"पूर्णस्क्रीन"},{"$i":"playbackSeekBar","ariaLabel":["पटी पळोवची, कालमान ",{"t":"idOrVar","v":"duration"}]},{"$i":"softkey-options","$v":"पर्याय"}]