[{"$i":"select","$v":"چُنیو"},{"$i":"tcl-select","$v":"چُنیو"},{"$i":"invalid-image","$v":"غیر درست شکل"},{"$i":"image-too-big","$v":"شکل فائل سائز چھِ واریاہ بُڑھ گیلری منز ھاونس"},{"$i":"tcl-selected-items-count","$v":["چُنیتھ ",{"t":"idOrVar","v":"n"}]},{"$i":"delete-photo?","$v":"خٲرج کریو فوٹو"},{"$i":"delete-video?","$v":"خٲرج کریو ویڈیو"},{"$i":"delete-n-items?","$v":{"zero":"کیہ نِہ چُنیتھ","one":"خٲرج کریو چُننِہ آمِت آئٹم","two":["آئٹم ",{"t":"idOrVar","v":"n"}," خٲرج کریو"],"few":["آئٹم ",{"t":"idOrVar","v":"n"}," خٲرج کریو"],"many":["آئٹم ",{"t":"idOrVar","v":"n"}," خٲرج کریو"],"other":["آئٹم ",{"t":"idOrVar","v":"n"}," خٲرج کریو"]},"$x":[{"t":"idOrVar","v":"plural"},"n"]},{"$i":"tcl-contact-set-ok","$v":"رٲبطہ شکل کر شٲمل"},{"$i":"tcl-contact-set-fail","$v":"ناکام سپُد رٲبطہ شکل تھاونس"},{"$i":"tcl-exposure-done","$v":"ایکسپوجر لاگو"},{"$i":"tcl-rotation-done","$v":"شکِل آئے نَژناؤنہٕ"},{"$i":"tcl-crop-done","$v":"شکل ژٹیتھ"},{"$i":"tcl-filters-done","$v":"فِلٹر کُر لاگو"},{"$i":"tcl-autocorrection-done","$v":"آٹو۔درستگی کر لاگو"},{"$i":"tcl-changes-saved","$v":"بدلاو کر محفوظ"},{"$i":"wallpaper-set","$v":"والپیپر تھو"},{"$i":"tcl-single-image-locked","$v":"چُننِہ آمِژ شکل چھِ لاک"},{"$i":"tcl-single-image-unlocked","$v":"چُننِہ آمِژ شکل چھِ ان لاک"},{"$i":"tcl-single-image-deleted","$v":"فوٹو خٲرج کرمِت"},{"$i":"tcl-multiple-images-locked","$v":{"zero":"شکلٕ چھہٕ نہٕ کُلف کریتھۍ","one":["شکلِ آے خٲرج کرنِہ ",{"t":"idOrVar","v":"n"}],"other":["شکلِ آے لاک کرنِہ ",{"t":"idOrVar","v":"n"}]},"$x":[{"t":"idOrVar","v":"plural"},"n"]},{"$i":"tcl-multiple-images-unlocked","$v":{"zero":"شکلٕ چھہٕ نہٕ کُلف کریتھۍ","one":["شکلِ آے ان لاک کرنِہ ",{"t":"idOrVar","v":"n"}],"other":["شکلِ آے ان لاک کرنِہ ",{"t":"idOrVar","v":"n"}]},"$x":[{"t":"idOrVar","v":"plural"},"n"]},{"$i":"tcl-deleted-n-photos","$v":{"zero":"شکِل آئے نہٕ خأرج کرنہٕ","one":["شکلِ آے خٲرج کرنِہ ",{"t":"idOrVar","v":"n"}],"other":["شکلِ آے خٲرج کرنِہ ",{"t":"idOrVar","v":"n"}]},"$x":[{"t":"idOrVar","v":"plural"},"n"]},{"$i":"tcl-undo","$v":"واپس کر"},{"$i":"pickoneimage2","$v":"چُنیو"},{"$i":"cropimage","$v":"ژٹیو"},{"$i":"tcl-no","$v":"نَہ"},{"$i":"tcl-on","$v":"یلِہ"},{"$i":"tcl-off","$v":"بند"},{"$i":"tcl-return","$v":"واپس"},{"$i":"cancel","$v":"رد کر"},{"$i":"delete","$v":"خٲرج"},{"$i":"ok","$v":"ٹھیک"},{"$i":"edit","$v":"درست"},{"$i":"save","$v":"محفوظ"},{"$i":"done","$v":"مکمل"},{"$i":"exposure","$v":"ایکسپوجر"},{"$i":"crop","$v":"ژٹیو"},{"$i":"effects","$v":"اثرات"},{"$i":"borders","$v":"سرحد"},{"$i":"enhance-on","$v":"آٹو زیادِ کرُن آن"},{"$i":"enhance-off","$v":"آٹو۔زیادِ کرُن آف"},{"$i":"tcl-exit","$v":"بند"},{"$i":"tcl-set","$v":"تھاو"},{"$i":"tcl-takephoto","$v":"تُلیو فوٹو"},{"$i":"tcl-options","$v":"انتخابات"},{"$i":"tcl-select-all","$v":"چُنیو تمام"},{"$i":"tcl-deselect-all","$v":"مَہ چُنیو کاہ"},{"$i":"tcl-lock","$v":"کُلف"},{"$i":"tcl-unlock","$v":"ان لاک"},{"$i":"tcl-rename","$v":"نَے سر ناۅ"},{"$i":"tcl-rotate","$v":"نژناۅ"},{"$i":"tcl-share","$v":"بانٹ"},{"$i":"tcl-settings","$v":"سیٹِنگس"},{"$i":"tcl-set-as","$v":"تھاو از"},{"$i":"tcl-wallpaper","$v":"والپیپر"},{"$i":"tcl-existing-contact-image","$v":"موجودہ رٲبطہ خٲطر شکل"},{"$i":"tcl-zoom","$v":"زوم"},{"$i":"tcl-zoom-in","$v":"زوم ان"},{"$i":"tcl-zoom-out","$v":"زوم آوٹ"},{"$i":"tcl-file-info","$v":"فائل تفصیل"},{"$i":"tcl-select-multiple","$v":"چُنیو بکثرت"},{"$i":"tcl-invalid-name","$v":"غیر درست ناو"},{"$i":"tcl-name-already-exists","$v":"یِہ ناو چھِ گوڈاے موجود"},{"$i":"tcl-override-warning-msg","$v":"توہ کروا پسند موجودہ شکل اوَر رائڈ کرُن"},{"$i":"tcl-override","$v":"اوَر رائڈ"},{"$i":"tcl-edit-title","$v":"ترمیم کریو شکل"},{"$i":"tcl-edit-exposure","$v":"ایکسپوجر"},{"$i":"tcl-edit-crop","$v":"ژٹیو"},{"$i":"tcl-edit-rotate","$v":"نژناۅ"},{"$i":"tcl-edit-filters","$v":"مقطرِ"},{"$i":"tcl-edit-auto-correct","$v":"آٹو۔درستگی"},{"$i":"edit-exposure","ariaLabel":"ایکسپوجر"},{"$i":"edit-crop","ariaLabel":"ژٹیو"},{"$i":"edit-rotate","ariaLabel":"نژناۅ"},{"$i":"edit-filters","ariaLabel":"مقطرِ"},{"$i":"edit-auto-correct","ariaLabel":"آٹو۔درستگی"},{"$i":"tcl-crop-none","$v":"مَہ کریو ژٹُن"},{"$i":"tcl-crop-aspect-free","$v":"ڈِفالٹ"},{"$i":"tcl-crop-aspect-portrait","$v":"2:3"},{"$i":"tcl-crop-aspect-landscape","$v":"3:2"},{"$i":"tcl-crop-aspect-square","$v":"1:1"},{"$i":"crop-none","ariaLabel":"مَہ کریو ژٹُن"},{"$i":"crop-aspect-free","ariaLabel":"ڈِفالٹ"},{"$i":"crop-aspect-portrait","ariaLabel":"2:3"},{"$i":"crop-aspect-landscape","ariaLabel":"3:2"},{"$i":"crop-aspect-square","ariaLabel":"1:1"},{"$i":"tcl-edit-filters-none","$v":"1 فِلٹر"},{"$i":"tcl-edit-filters-bw","$v":"2 فِلٹر"},{"$i":"tcl-edit-filters-sepia","$v":"3 فِلٹر"},{"$i":"tcl-edit-filters-bluesteel","$v":"4 فِلٹر"},{"$i":"tcl-edit-filters-faded","$v":"5 فِلٹر"},{"$i":"edit-filters-none","ariaLabel":"1 فِلٹر"},{"$i":"edit-filters-bw","ariaLabel":"2 فِلٹر"},{"$i":"edit-filters-sepia","ariaLabel":"3 فِلٹر"},{"$i":"edit-filters-bluesteel","ariaLabel":"4 فِلٹر"},{"$i":"edit-filters-faded","ariaLabel":"5 فِلٹر"},{"$i":"tcl-rotate-cw","$v":"CW"},{"$i":"tcl-rotate-ccw","$v":"CCW"},{"$i":"original","$v":"اصلی"},{"$i":"blackandwhite","$v":{"$o":"B&W"}},{"$i":"sepia","$v":"سیپیا"},{"$i":"freeform","$v":"فری فارم"},{"$i":"portrait","$v":"پوٹریٹ"},{"$i":"landscape","$v":"لینڈسکیپ"},{"$i":"square","$v":"چکور"},{"$i":"emptygallery2-title","$v":"کاہ فوٹو یا ویڈیو نِہ"},{"$i":"emptygallery2-text","$v":"گیلری چھہٕ خألی۔ فوٹو کِلک کرنہٕ باپتھ کریو کیمرہ استعمال"},{"$i":"emptygallery2-title-pick","$v":"کاہ فوٹو نِہ"},{"$i":"emptygallery-text-pick","$v":"کاہ فوٹو نِہ دستیاب"},{"$i":"nocard3-title","$v":"کاہ میمری کاڈ نِہ"},{"$i":"nocard4-text","$v":"لٲگیو اکھ میمری کاڈ یِہ ایپ استعمال کرنِہ خٲطر"},{"$i":"pluggedin2-title","$v":"میمری کاڈ چھِ استعمالس منز"},{"$i":"pluggedin2-text","$v":"سٹوریج چھِ استعمالس منز۔ مہربٲنی کریتھ کریو فون ان پُلغ یِہ ایپ استعمال کرنِہ خٲطر"},{"$i":"scanning-title","$v":"سکین کران"},{"$i":"tcl-scanning-text","$v":"ژھارن فوٹو"},{"$i":"scanning-text","$v":"سکین کران فوٹو باپت…"},{"$i":"upgrade-title","$v":"ڈیٹا بیس اپ گریڈ"},{"$i":"upgrade-text","$v":"مہربأنی کریتھۍ پرأریو یَتام گیلری ڈیٹابیس اپ ڈیٹ کرٕ"},{"$i":"share-noprovider","$v":"ھیکِہ نِہ بٲنٹیتھ یِہ شکلِ فائل قسم"},{"$i":"memorycardfull","$v":"سٹوریج چھِ بھریتھ، ھیکِہ نِہ فوٹو ترمیم کریتھ"},{"$i":"imagetoobig","$v":"شکل چھِ واریاہ بُڑھ ڈِوائس پیٹھ ھاونس"},{"$i":"imageinvalid","$v":"شکل چھِ غیر درست یا خراب تِہ ھیکو نِہ ھٲویتھ"},{"$i":"saved","$v":["محفوظ گیلری منز ",{"t":"idOrVar","v":"filename"}]},{"$i":"edit-copy-saved","$v":"نو نقل محفوظ"},{"$i":"overlay-camera-button","$v":"گژھیو کیمرہ کُن"},{"$i":"name-label","$v":"ناؤ"},{"$i":"size-label","$v":"سائز"},{"$i":"image-type-label","$v":"شکل قسم"},{"$i":"tcl-date-and-time-label","$v":"تٲریخ تِہ وقت"},{"$i":"date-taken-label","$v":"تٲریخ آو تُلنِہ"},{"$i":"resolution-label","$v":"ریزلوشن"},{"$i":"close-button","$v":"بند"},{"$i":"byteUnit-B","$v":"بائٹز"},{"$i":"byteUnit-KB","$v":"KB"},{"$i":"byteUnit-MB","$v":"MB"},{"$i":"byteUnit-GB","$v":"GB"},{"$i":"gallery","$v":"گیلری"},{"$i":"preview","$v":"گوڈاے منظر"},{"$i":"tcl-confirmation","$v":"تصدیق"},{"$i":"tcl-delete-this-image","$v":"خٲرج کریو یِہ فوٹو"},{"$i":"tcl-delete-selected-image","$v":"خٲرج کریو چُننِہ آمِت فوٹو"},{"$i":"tcl-delete-selected-images","$v":"خٲرج کریو چُننِہ آمِت فوٹو"},{"$i":"tcl-delete-photos","$v":{"one":["چُننِہ آمِت فوٹو ",{"t":"idOrVar","v":"n"}," توہ چھوا یقین توہ چھو یژھان خٲرج کرِن"],"other":["چُننِہ آمِت فوٹو ",{"t":"idOrVar","v":"n"}," توہ چھوا یقین توہ چھو یژھان خٲرج کرِن"]},"$x":[{"t":"idOrVar","v":"plural"},"n"]},{"$i":"tcl-lost-warning","$v":"تمام تبدیلی راوَن"},{"$i":"tcl-save-changes?","$v":"توہ کروا پسند تبدیلی محفوظ کرنِہ"},{"$i":"tcl-close-warning","$v":"ایپلکیشن یی بند کرنِہ ڈیٹا راے"},{"$i":"tcl-back-to-editing?","$v":"توہ چھُوا یژھان واپس ترمیم کرنَس پیٹھ گژھُن؟"},{"$i":"tcl-gallery-settings","$v":"گیلری سیٹنگس"},{"$i":"tcl-sort-by","$v":"ترتیب از"},{"$i":"tcl-group-by-date-and-location","$v":"گروپ از تٲریخ"},{"$i":"tcl-error","$v":"سھو"},{"$i":"tcl-error-delete-locked-image","$v":"!چُننِہ آمِژ شکل چھِ لاک تِہ ھیکو نِہ خٲرج کریتھ"},{"$i":"tcl-error-delete-locked-images","$v":"!چُننِہ آمِژ شکلن منز چھِ لاک کرمِژ شکلِ تِہ ھیکو نِہ خٲرج کریتھ"},{"$i":"tcl-enter-new-name","$v":"دِیو نو ناو"},{"$i":"sort-and-group","$v":"ترتیب تِہ گروپ"},{"$i":"tcl-orientationLandscape","$v":"لینڈسکیپ"},{"$i":"tcl-videoDescriptionNoTimestamp","$v":["ویڈیو ",{"t":"idOrVar","v":"orientation"}]},{"$i":"tcl-orientationPortrait","$v":"پوٹریٹ"},{"$i":"tcl-imageDescription","$v":["%I:%M %p, %B %e, %Y،شکل ",{"t":"idOrVar","v":"orientation"}]},{"$i":"time_am","$v":"AM"},{"$i":"time_pm","$v":"PM"},{"$i":"date-group-header","$v":"%B %Y"},{"$i":"videoDescriptionShort","$v":"%I:%M %p, %B %e, %Y ویڈیو تٲریخ"},{"$i":"imageDescriptionShort","$v":"%I:%M %p, %B %e, %Y شکل تٲریخ"},{"$i":"editImagePreview","ariaLabel":"ترمیم کریو شکل پری ویو"},{"$i":"tcl-pickoneimage","$v":"فوٹو A چُنیو"},{"$i":"discard-changes-warning","$v":"تمام تبدیلی راوَن۔ توہ کروا پسند تبدیلی ضائع کرنِہ"},{"$i":"save-changes-warning","$v":"تمام تبدیلی راوَن۔ توہ کروا پسند تبدیلی محفوظ کرنِہ"},{"$i":"discard","$v":"برطرف"},{"$i":"weekday-0-long","$v":"آتھوار"},{"$i":"weekday-1-long","$v":"ژیندوار"},{"$i":"weekday-2-long","$v":"بوموار"},{"$i":"weekday-3-long","$v":"بُدھوار"},{"$i":"weekday-4-long","$v":"بریسوار"},{"$i":"weekday-5-long","$v":"جُمع"},{"$i":"weekday-6-long","$v":"بٹوار"},{"$i":"weekday-0-short","$v":"آتھوار"},{"$i":"weekday-1-short","$v":"ژیندوار"},{"$i":"weekday-2-short","$v":"بوموار"},{"$i":"weekday-3-short","$v":"بُدھوار"},{"$i":"weekday-4-short","$v":"بریسوار"},{"$i":"weekday-5-short","$v":"جُمع"},{"$i":"weekday-6-short","$v":"بٹوار"},{"$i":"month-0-long","$v":"جنوری"},{"$i":"month-1-long","$v":"فروری"},{"$i":"month-2-long","$v":"مارچ"},{"$i":"month-3-long","$v":"اپریل"},{"$i":"month-4-long","$v":"مئی"},{"$i":"month-5-long","$v":"جون"},{"$i":"month-6-long","$v":"جولائی"},{"$i":"month-7-long","$v":"اگست"},{"$i":"month-8-long","$v":"ستمبر"},{"$i":"month-9-long","$v":"اکتومبر"},{"$i":"month-10-long","$v":"نومبر"},{"$i":"month-11-long","$v":"دسمبر"},{"$i":"month-0-genitive","$v":"جنوری"},{"$i":"month-1-genitive","$v":"فروری"},{"$i":"month-2-genitive","$v":"مارچ"},{"$i":"month-3-genitive","$v":"اپریل"},{"$i":"month-4-genitive","$v":"مئی"},{"$i":"month-5-genitive","$v":"جون"},{"$i":"month-6-genitive","$v":"جولائی"},{"$i":"month-7-genitive","$v":"اگست"},{"$i":"month-8-genitive","$v":"ستمبر"},{"$i":"month-9-genitive","$v":"اکتومبر"},{"$i":"month-10-genitive","$v":"نومبر"},{"$i":"month-11-genitive","$v":"دسمبر"},{"$i":"month-0-short","$v":"جنوری"},{"$i":"month-1-short","$v":"فروری"},{"$i":"month-2-short","$v":"مارچ"},{"$i":"month-3-short","$v":"اپریل"},{"$i":"month-4-short","$v":"مئی"},{"$i":"month-5-short","$v":"جون"},{"$i":"month-6-short","$v":"جولائی"},{"$i":"month-7-short","$v":"اگست"},{"$i":"month-8-short","$v":"ستمبر"},{"$i":"month-9-short","$v":"اکتومبر"},{"$i":"month-10-short","$v":"نومبر"},{"$i":"month-11-short","$v":"دسمبر"},{"$i":"minutes-ago-long","$v":{"zero":"صرف وین","one":"اکھ منٹ برونٹھ","two":["منٹ برونٹھ ",{"t":"idOrVar","v":"value"}],"few":["منٹ برونٹھ ",{"t":"idOrVar","v":"value"}],"many":["منٹ برونٹھ ",{"t":"idOrVar","v":"value"}],"other":["منٹ برونٹھ ",{"t":"idOrVar","v":"value"}]},"$x":[{"t":"idOrVar","v":"plural"},"value"]},{"$i":"hours-ago-long","$v":{"zero":"صرف وین","one":"اکھ گھنٹہ برونٹھ","two":["گھنٹہ برونٹھ ",{"t":"idOrVar","v":"value"}],"few":["گھنٹہ برونٹھ ",{"t":"idOrVar","v":"value"}],"many":["گھنٹہ برونٹھ ",{"t":"idOrVar","v":"value"}],"other":["گھنٹہ برونٹھ ",{"t":"idOrVar","v":"value"}]},"$x":[{"t":"idOrVar","v":"plural"},"value"]},{"$i":"days-ago-long","$v":{"zero":"از","one":"راتھ","two":["دوہ برونٹھ ",{"t":"idOrVar","v":"value"}],"few":["دوہ برونٹھ ",{"t":"idOrVar","v":"value"}],"many":["دوہ برونٹھ ",{"t":"idOrVar","v":"value"}],"other":["دوہ برونٹھ ",{"t":"idOrVar","v":"value"}]},"$x":[{"t":"idOrVar","v":"plural"},"value"]},{"$i":"weeks-ago-long","$v":{"zero":"یِہ ہفتہ","one":"پیتِم ہفتہ","two":["ہفتہ برونٹھ ",{"t":"idOrVar","v":"value"}],"few":["ہفتہ برونٹھ ",{"t":"idOrVar","v":"value"}],"many":["ہفتہ برونٹھ ",{"t":"idOrVar","v":"value"}],"other":["ہفتہ برونٹھ ",{"t":"idOrVar","v":"value"}]},"$x":[{"t":"idOrVar","v":"plural"},"value"]},{"$i":"months-ago-long","$v":{"zero":"یِہ ریتھ","one":"پیتِم ریتھ","two":["ریتھ برونٹھ ",{"t":"idOrVar","v":"value"}],"few":["ریتھ برونٹھ ",{"t":"idOrVar","v":"value"}],"many":["ریتھ برونٹھ ",{"t":"idOrVar","v":"value"}],"other":["ریتھ برونٹھ ",{"t":"idOrVar","v":"value"}]},"$x":[{"t":"idOrVar","v":"plural"},"value"]},{"$i":"years-ago-long","$v":{"zero":"یِہ وریح","one":"پیتِم وریح","two":["وریح برونٹھ ",{"t":"idOrVar","v":"value"}],"few":["وریح برونٹھ ",{"t":"idOrVar","v":"value"}],"many":["وریح برونٹھ ",{"t":"idOrVar","v":"value"}],"other":["وریح برونٹھ ",{"t":"idOrVar","v":"value"}]},"$x":[{"t":"idOrVar","v":"plural"},"value"]},{"$i":"minutes-until-long","$v":{"zero":"وین","one":"اکِس منٹس منز","two":["منز ",{"t":"idOrVar","v":"value"}," منٹن"],"few":["منز ",{"t":"idOrVar","v":"value"}," منٹن"],"many":["منز ",{"t":"idOrVar","v":"value"}," منٹن"],"other":["منز ",{"t":"idOrVar","v":"value"}," منٹن"]},"$x":[{"t":"idOrVar","v":"plural"},"value"]},{"$i":"hours-until-long","$v":{"zero":"وین","one":"اکِس گھنٹس منز","two":["منز ",{"t":"idOrVar","v":"value"}," گھنٹن"],"few":["منز ",{"t":"idOrVar","v":"value"}," گھنٹن"],"many":["منز ",{"t":"idOrVar","v":"value"}," گھنٹن"],"other":["منز ",{"t":"idOrVar","v":"value"}," گھنٹن"]},"$x":[{"t":"idOrVar","v":"plural"},"value"]},{"$i":"days-until-long","$v":{"zero":"از","one":"پگاہ","two":["منز ",{"t":"idOrVar","v":"value"}," دوہن"],"few":["منز ",{"t":"idOrVar","v":"value"}," دوہن"],"many":["منز ",{"t":"idOrVar","v":"value"}," دوہن"],"other":["منز ",{"t":"idOrVar","v":"value"}," دوہن"]},"$x":[{"t":"idOrVar","v":"plural"},"value"]},{"$i":"weeks-until-long","$v":{"zero":"یِہ ہفتہ","one":"نو ہفتہ","two":["منز ",{"t":"idOrVar","v":"value"}," ہفتن"],"few":["منز ",{"t":"idOrVar","v":"value"}," ہفتن"],"many":["منز ",{"t":"idOrVar","v":"value"}," ہفتن"],"other":["منز ",{"t":"idOrVar","v":"value"}," ہفتن"]},"$x":[{"t":"idOrVar","v":"plural"},"value"]},{"$i":"months-until-long","$v":{"zero":"یِہ ریتھ","one":"نو ریتھ","two":["منز ",{"t":"idOrVar","v":"value"}," ریتھن"],"few":["منز ",{"t":"idOrVar","v":"value"}," ریتھن"],"many":["منز ",{"t":"idOrVar","v":"value"}," ریتھن"],"other":["منز ",{"t":"idOrVar","v":"value"}," ریتھن"]},"$x":[{"t":"idOrVar","v":"plural"},"value"]},{"$i":"years-until-long","$v":{"zero":"یِہ وریح","one":"نو وریح","two":["منز ",{"t":"idOrVar","v":"value"}," وریہن"],"few":["منز ",{"t":"idOrVar","v":"value"}," وریہن"],"many":["منز ",{"t":"idOrVar","v":"value"}," وریہن"],"other":["منز ",{"t":"idOrVar","v":"value"}," وریہن"]},"$x":[{"t":"idOrVar","v":"plural"},"value"]},{"$i":"minutes-ago-short","$v":{"zero":"صرف وین","other":["برونٹھ m",{"t":"idOrVar","v":"value"}]},"$x":[{"t":"idOrVar","v":"plural"},"value"]},{"$i":"hours-ago-short","$v":{"zero":"صرف وین","other":["برونٹھ h",{"t":"idOrVar","v":"value"}]},"$x":[{"t":"idOrVar","v":"plural"},"value"]},{"$i":"days-ago-short","$v":{"zero":"از","other":["برونٹھ d",{"t":"idOrVar","v":"value"}]},"$x":[{"t":"idOrVar","v":"plural"},"value"]},{"$i":"minutes-until-short","$v":{"zero":"وین","other":["منز ",{"t":"idOrVar","v":"value"},"m"]},"$x":[{"t":"idOrVar","v":"plural"},"value"]},{"$i":"hours-until-short","$v":{"zero":"وین","other":["منز ",{"t":"idOrVar","v":"value"},"h"]},"$x":[{"t":"idOrVar","v":"plural"},"value"]},{"$i":"days-until-short","$v":{"zero":"از","other":["منز ",{"t":"idOrVar","v":"value"},"d"]},"$x":[{"t":"idOrVar","v":"plural"},"value"]},{"$i":"incorrectDate","$v":"﴾غیر درست تٲریخ﴿"},{"$i":"dateTimeFormat_%c","$v":"%a %b %e %Y %I:%M:%S %p"},{"$i":"dateTimeFormat_%x","$v":"%m/%d/%Y"},{"$i":"dateTimeFormat_%X","$v":"%I:%M:%S %p"},{"$i":"shortTimeFormat","$v":"%I:%M %p"},{"$i":"shortTimeFormat12","$v":"%I:%M %p"},{"$i":"shortTimeFormat24","$v":"%H:%M"},{"$i":"shortDateTimeFormat","$v":"%x %I:%M %p"},{"$i":"weekStartsOnMonday","$v":"0"},{"$i":"firstDayOfTheWeek","$v":"0"},{"$i":"imageDescription","$v":["%I:%M %p, %B %e, %Y،شکل ",{"t":"idOrVar","v":"orientation"}]},{"$i":"imageDescriptionNoTimestamp","$v":["شکل ",{"t":"idOrVar","v":"orientation"}]},{"$i":"videoDescription","$v":["%I:%M %p, %B %e, %Y،ویڈیو",{"t":"idOrVar","v":"orientation"}]},{"$i":"videoDescriptionNoTimestamp","$v":["ویڈیو ",{"t":"idOrVar","v":"orientation"}]},{"$i":"orientationPortrait","$v":"پوٹریٹ"},{"$i":"orientationLandscape","$v":"لینڈسکیپ"},{"$i":"playbackPlay","ariaLabel":"چلاۅ"},{"$i":"playbackPause","ariaLabel":"تیھر"},{"$i":"playbackNext","ariaLabel":"برونٹھ"},{"$i":"playbackPrevious","ariaLabel":"پتِم"},{"$i":"playbackFullscreen","ariaLabel":"پور سکرین"},{"$i":"playbackSeekBar","ariaLabel":[{"t":"idOrVar","v":"duration"}," سیک بار، مُدت"]},{"$i":"softkey-options","$v":"انتخابات"}]