[{"$i":"select","$v":"सलेक्‍ट करू"},{"$i":"tcl-select","$v":"सलेक्‍ट करू"},{"$i":"invalid-image","$v":"अमान्य इमेज"},{"$i":"image-too-big","$v":"इमेज केर फाइल साइज़ बड्ड पैघ छै गॅलरी केर वास्ते."},{"$i":"tcl-selected-items-count","$v":[{"t":"idOrVar","v":"n"}," चयनित"]},{"$i":"delete-photo?","$v":"डिलीट फोटो?"},{"$i":"delete-video?","$v":"विडियो डिलीट करू?"},{"$i":"delete-n-items?","$v":{"zero":"किछ चयनित नै","one":"चयनित आइटम डिलीट करू?","two":[{"t":"idOrVar","v":"n"}," आइटम डिलीट करू?"],"few":[{"t":"idOrVar","v":"n"}," आइटम डिलीट करू?"],"many":[{"t":"idOrVar","v":"n"}," आइटम डिलीट करू?"],"other":[{"t":"idOrVar","v":"n"}," आइटम डिलीट करू?"]},"$x":[{"t":"idOrVar","v":"plural"},"n"]},{"$i":"tcl-contact-set-ok","$v":"कांटेक्ट इमेज जोरल गेल्लै"},{"$i":"tcl-contact-set-fail","$v":"कॉंटॅक्ट इमेज सेट करेय में विफ़ल रहल।"},{"$i":"tcl-exposure-done","$v":"एक्सपोज़र एप्लाइड"},{"$i":"tcl-rotation-done","$v":"चित्र घुमा देल गेल"},{"$i":"tcl-crop-done","$v":"इमेज क्रॉप्ड"},{"$i":"tcl-filters-done","$v":"फ़िल्टर एप्लाइड"},{"$i":"tcl-autocorrection-done","$v":"ऑटो करेक्शन एप्लाइड"},{"$i":"tcl-changes-saved","$v":"बदलाव सेव भ गेल"},{"$i":"wallpaper-set","$v":"वॉलपेपर सेट भ गेल"},{"$i":"tcl-single-image-locked","$v":"चयनित इमेज लॉक भ गेल"},{"$i":"tcl-single-image-unlocked","$v":"चयनित फोटो क अनलॉक करू"},{"$i":"tcl-single-image-deleted","$v":"फोटो डिलीट भ गेल्लइ."},{"$i":"tcl-multiple-images-locked","$v":{"zero":"चित्र लॉकनहि अछि","one":[{"t":"idOrVar","v":"n"}," इमेज लॉक्ड"],"other":[{"t":"idOrVar","v":"n"}," इमेजेज लॉक भ गेल"]},"$x":[{"t":"idOrVar","v":"plural"},"n"]},{"$i":"tcl-multiple-images-unlocked","$v":{"zero":"चित्र लॉकनहि अछि","one":[{"t":"idOrVar","v":"n"}," इमेज अनलॉक्ड"],"other":[{"t":"idOrVar","v":"n"}," इमेजेज अनलॉक भ गेल"]},"$x":[{"t":"idOrVar","v":"plural"},"n"]},{"$i":"tcl-deleted-n-photos","$v":{"zero":"चित्र मिटाउल नहि अछि","one":[{"t":"idOrVar","v":"n"}," इमेज डिलीटेड"],"other":[{"t":"idOrVar","v":"n"}," इमेजेज मिटा गेल"]},"$x":[{"t":"idOrVar","v":"plural"},"n"]},{"$i":"tcl-undo","$v":"अनडू"},{"$i":"pickoneimage2","$v":"सलेक्‍ट करू"},{"$i":"cropimage","$v":"क्रॉप"},{"$i":"tcl-no","$v":"नाहिं"},{"$i":"tcl-on","$v":"ऑन"},{"$i":"tcl-off","$v":"ऑफ"},{"$i":"tcl-return","$v":"वापसी"},{"$i":"cancel","$v":"रद्द करू"},{"$i":"delete","$v":"मिटाउ"},{"$i":"ok","$v":"ओके"},{"$i":"edit","$v":"संपादन"},{"$i":"save","$v":"सेव"},{"$i":"done","$v":"भ गेल"},{"$i":"exposure","$v":"एक्‍सपोजर"},{"$i":"crop","$v":"क्रॉप"},{"$i":"effects","$v":"इफेक्ट्स"},{"$i":"borders","$v":"बॉर्डर्स"},{"$i":"enhance-on","$v":"ऑटो-एन्हांस ऑन"},{"$i":"enhance-off","$v":"ऑटो-एन्हांस ऑफ"},{"$i":"tcl-exit","$v":"बाहर जाउ"},{"$i":"tcl-set","$v":"सेट"},{"$i":"tcl-takephoto","$v":"फोटो लियोक"},{"$i":"tcl-options","$v":"विकल्प"},{"$i":"tcl-select-all","$v":"सब चयनित करू"},{"$i":"tcl-deselect-all","$v":"सब क अचयनित करी"},{"$i":"tcl-lock","$v":"लॉक"},{"$i":"tcl-unlock","$v":"अनलॉक"},{"$i":"tcl-rename","$v":"रीनेम"},{"$i":"tcl-rotate","$v":"घुमाऊ"},{"$i":"tcl-share","$v":"साझाकरण"},{"$i":"tcl-settings","$v":"सेटिंग्स"},{"$i":"tcl-set-as","$v":"सेट कैइल"},{"$i":"tcl-wallpaper","$v":"वालपेपर"},{"$i":"tcl-existing-contact-image","$v":"तस्वीर मौजूदा संपर्क के लेल"},{"$i":"tcl-zoom","$v":"ज़ूम"},{"$i":"tcl-zoom-in","$v":"ज़ूम इन"},{"$i":"tcl-zoom-out","$v":"ज़ूम आउट"},{"$i":"tcl-file-info","$v":"फाइल इन्फो"},{"$i":"tcl-select-multiple","$v":"मल्टीप्ल चयनित करू"},{"$i":"tcl-invalid-name","$v":"अमान्य name"},{"$i":"tcl-name-already-exists","$v":"इ नाम पहिने से छै"},{"$i":"tcl-override-warning-msg","$v":"अहॉं मौजूदा फाइल के ओवरराइड करअ चाहब?"},{"$i":"tcl-override","$v":"ओवरराइड"},{"$i":"tcl-edit-title","$v":"इमेज सम्पादित करू"},{"$i":"tcl-edit-exposure","$v":"एक्‍सपोजर"},{"$i":"tcl-edit-crop","$v":"क्रॉप"},{"$i":"tcl-edit-rotate","$v":"घुमाऊ"},{"$i":"tcl-edit-filters","$v":"फिल्‍टर्स"},{"$i":"tcl-edit-auto-correct","$v":"ऑटो करेक्शन"},{"$i":"edit-exposure","ariaLabel":"एक्‍सपोजर"},{"$i":"edit-crop","ariaLabel":"क्रॉप"},{"$i":"edit-rotate","ariaLabel":"घुमाऊ"},{"$i":"edit-filters","ariaLabel":"फिल्‍टर्स"},{"$i":"edit-auto-correct","ariaLabel":"ऑटो करेक्शन"},{"$i":"tcl-crop-none","$v":"अनडू क्रोपींग"},{"$i":"tcl-crop-aspect-free","$v":"चूक"},{"$i":"tcl-crop-aspect-portrait","$v":"2:3"},{"$i":"tcl-crop-aspect-landscape","$v":"3:2"},{"$i":"tcl-crop-aspect-square","$v":"1:1"},{"$i":"crop-none","ariaLabel":"अनडू क्रोपींग"},{"$i":"crop-aspect-free","ariaLabel":"चूक"},{"$i":"crop-aspect-portrait","ariaLabel":"2:3"},{"$i":"crop-aspect-landscape","ariaLabel":"3:2"},{"$i":"crop-aspect-square","ariaLabel":"1:1"},{"$i":"tcl-edit-filters-none","$v":"फ़िल्टर 1"},{"$i":"tcl-edit-filters-bw","$v":"फ़िल्टर 2"},{"$i":"tcl-edit-filters-sepia","$v":"फ़िल्टर 3"},{"$i":"tcl-edit-filters-bluesteel","$v":"फ़िल्टर 4"},{"$i":"tcl-edit-filters-faded","$v":"फ़िल्टर 5"},{"$i":"edit-filters-none","ariaLabel":"फ़िल्टर 1"},{"$i":"edit-filters-bw","ariaLabel":"फ़िल्टर 2"},{"$i":"edit-filters-sepia","ariaLabel":"फ़िल्टर 3"},{"$i":"edit-filters-bluesteel","ariaLabel":"फ़िल्टर 4"},{"$i":"edit-filters-faded","ariaLabel":"फ़िल्टर 5"},{"$i":"tcl-rotate-cw","$v":"CW"},{"$i":"tcl-rotate-ccw","$v":"CCW"},{"$i":"original","$v":"असली"},{"$i":"blackandwhite","$v":{"$o":"B&W"}},{"$i":"sepia","$v":"सेपिया"},{"$i":"freeform","$v":"फ्रीफोर्म"},{"$i":"portrait","$v":"पोरट्रेट"},{"$i":"landscape","$v":"लैंड्सकेप"},{"$i":"square","$v":"स्क्वायर"},{"$i":"emptygallery2-title","$v":"कोनो विडियो या फोटो नै"},{"$i":"emptygallery2-text","$v":"गैलरीखाली अछि. फोटोक्लिककरबा लेल कैमरा के इस्‍तेमाल करू"},{"$i":"emptygallery2-title-pick","$v":"कोनो फोटो नै"},{"$i":"emptygallery-text-pick","$v":"कोनो फोटो मौजूद नै."},{"$i":"nocard3-title","$v":"मेमोरी कार्ड नै"},{"$i":"nocard4-text","$v":"इ एप्प इस्‍तेमाल करबाक लेल मेमोरी कार्ड लगाऊ"},{"$i":"pluggedin2-title","$v":"मेमोरी कार्ड प्रयोग भ रहल छै"},{"$i":"pluggedin2-text","$v":"स्टोरेज प्रयोग में छै एप्प प्रयोग करेई लेल फ़ोन क अनप्लग करू."},{"$i":"scanning-title","$v":"स्‍कैन भ रहल अछि"},{"$i":"tcl-scanning-text","$v":"फोटोज खोजल जा रहल छै"},{"$i":"scanning-text","$v":"फोटो लेल स्कैन भ रहल अछि..."},{"$i":"upgrade-title","$v":"डेटाबेस अपग्रेड"},{"$i":"upgrade-text","$v":"जा धरि गैलरीडेटाबेसअपडेट करैत कृपया अछि इंतजार करू"},{"$i":"share-noprovider","$v":"इ इमेज फाइल टाइप साझा नै कैल जा सकै या."},{"$i":"memorycardfull","$v":"स्टोरेज फुल. फोटो एडिट नैई क सकैई छि."},{"$i":"imagetoobig","$v":"ई डिवाइस पर देखाबैक लेल इमेज केर साइज़ बेसी पैघ अछि."},{"$i":"imageinvalid","$v":"या त इमेज अमान्य छै या देखैइल नै जा सकै या."},{"$i":"saved","$v":[{"t":"idOrVar","v":"filename"}," गैलरी में सेव"]},{"$i":"edit-copy-saved","$v":"नया कॉपी सेव."},{"$i":"overlay-camera-button","$v":"कैमरा में जाऊ"},{"$i":"name-label","$v":"नाम"},{"$i":"size-label","$v":"आकार"},{"$i":"image-type-label","$v":"इमेज प्रकार"},{"$i":"tcl-date-and-time-label","$v":"तारीख और समय"},{"$i":"date-taken-label","$v":"तारीख लेल गेल्लै"},{"$i":"resolution-label","$v":"रेज़ल्यूशन"},{"$i":"close-button","$v":"बंद"},{"$i":"byteUnit-B","$v":"बाइट्स"},{"$i":"byteUnit-KB","$v":"KB"},{"$i":"byteUnit-MB","$v":"MB"},{"$i":"byteUnit-GB","$v":"GB"},{"$i":"gallery","$v":"गैलरी"},{"$i":"preview","$v":"प्रीव्यू"},{"$i":"tcl-confirmation","$v":"कन्फर्मेशन"},{"$i":"tcl-delete-this-image","$v":"इ फोटो डिलीट करू?"},{"$i":"tcl-delete-selected-image","$v":"चयनित फोटो डिलीट करू"},{"$i":"tcl-delete-selected-images","$v":"चयनित फोटो डिलीट करू?"},{"$i":"tcl-delete-photos","$v":{"one":["आहां चयनित फोटोज ",{"t":"idOrVar","v":"n"}," डिलीट करा चाहै छियै"],"other":["आहां चयनित फोटोज ",{"t":"idOrVar","v":"n"}," डिलीट करा चाहै छियै?"]},"$x":[{"t":"idOrVar","v":"plural"},"n"]},{"$i":"tcl-lost-warning","$v":"सब बदलाव हरा जेत्तई."},{"$i":"tcl-save-changes?","$v":"बदलाव सेव करअअ चाहै छियै"},{"$i":"tcl-close-warning","$v":"डाटा लॉस सने एप्प बंद भ जेत्तई."},{"$i":"tcl-back-to-editing?","$v":"अहॉं संपादन पर लौटै चाहैत छी ?"},{"$i":"tcl-gallery-settings","$v":"गैलरी सेटिंग्स"},{"$i":"tcl-sort-by","$v":"सँ छांट"},{"$i":"tcl-group-by-date-and-location","$v":"तारीखक अनुसार समूह"},{"$i":"tcl-error","$v":"त्रुटि"},{"$i":"tcl-error-delete-locked-image","$v":"चयनित फोटो लॉक्ड छै. डिलीट नैई भ सकैई या"},{"$i":"tcl-error-delete-locked-images","$v":"चयनित फोटो लॉक्ड फोटो छै. डिलीट नैई भ सकैई या"},{"$i":"tcl-enter-new-name","$v":"नवका नाम दियोक"},{"$i":"sort-and-group","$v":"सॉर्ट एंड ग्रुप"},{"$i":"tcl-orientationLandscape","$v":"लैंड्सकेप"},{"$i":"tcl-videoDescriptionNoTimestamp","$v":[{"t":"idOrVar","v":"orientation"}," विडियो"]},{"$i":"tcl-orientationPortrait","$v":"पोरट्रेट"},{"$i":"tcl-imageDescription","$v":[{"t":"idOrVar","v":"orientation"},"इमेज, %I:%M %p, %B %e, %Y"]},{"$i":"time_am","$v":"AM"},{"$i":"time_pm","$v":"PM"},{"$i":"date-group-header","$v":"%B %Y"},{"$i":"videoDescriptionShort","$v":"विडियो डेट %I:%M %p, %B %e, %Y"},{"$i":"imageDescriptionShort","$v":"इमेज तिथि %I:%M %p, %B %e, %Y"},{"$i":"editImagePreview","ariaLabel":"इमेज प्रीव्यू सम्पादित करू"},{"$i":"tcl-pickoneimage","$v":"A फोटो चयनित करू"},{"$i":"discard-changes-warning","$v":"सब बदलाव हरा जेत्तई. बदलाव डिस्कार्ड करअअ चाहै छियै?"},{"$i":"save-changes-warning","$v":"सब बदलाव हरा जेत्तई. बदलाव सेव करअअ चाहै छियै?"},{"$i":"discard","$v":"नामंजूर"},{"$i":"weekday-0-long","$v":"रवि"},{"$i":"weekday-1-long","$v":"सोम दिन"},{"$i":"weekday-2-long","$v":"मंगल दिन"},{"$i":"weekday-3-long","$v":"बुध दिन"},{"$i":"weekday-4-long","$v":"वृहस्‍पति दिन"},{"$i":"weekday-5-long","$v":"शुक्र दिन"},{"$i":"weekday-6-long","$v":"शनि दिन"},{"$i":"weekday-0-short","$v":"सुन"},{"$i":"weekday-1-short","$v":"मन"},{"$i":"weekday-2-short","$v":"ट्यू"},{"$i":"weekday-3-short","$v":"वेद"},{"$i":"weekday-4-short","$v":"थू"},{"$i":"weekday-5-short","$v":"फ्राइडे"},{"$i":"weekday-6-short","$v":"सैट"},{"$i":"month-0-long","$v":"जनुअरी"},{"$i":"month-1-long","$v":"फेब्रुअरी"},{"$i":"month-2-long","$v":"मार्च"},{"$i":"month-3-long","$v":"अप्रैल"},{"$i":"month-4-long","$v":"मई"},{"$i":"month-5-long","$v":"जून"},{"$i":"month-6-long","$v":"जुलाई"},{"$i":"month-7-long","$v":"अगस्त"},{"$i":"month-8-long","$v":"सितम्बर"},{"$i":"month-9-long","$v":"अक्टूबर"},{"$i":"month-10-long","$v":"नवम्बर"},{"$i":"month-11-long","$v":"दिसम्बर"},{"$i":"month-0-genitive","$v":"जनुअरी"},{"$i":"month-1-genitive","$v":"फेब्रुअरी"},{"$i":"month-2-genitive","$v":"मार्च"},{"$i":"month-3-genitive","$v":"अप्रैल"},{"$i":"month-4-genitive","$v":"मई"},{"$i":"month-5-genitive","$v":"जून"},{"$i":"month-6-genitive","$v":"जुलाई"},{"$i":"month-7-genitive","$v":"अगस्त"},{"$i":"month-8-genitive","$v":"सितम्बर"},{"$i":"month-9-genitive","$v":"अक्टूबर"},{"$i":"month-10-genitive","$v":"नवम्बर"},{"$i":"month-11-genitive","$v":"दिसम्बर"},{"$i":"month-0-short","$v":"जन"},{"$i":"month-1-short","$v":"फेब्रुअरी"},{"$i":"month-2-short","$v":"मर"},{"$i":"month-3-short","$v":"एप्र"},{"$i":"month-4-short","$v":"मई"},{"$i":"month-5-short","$v":"जून"},{"$i":"month-6-short","$v":"जुल"},{"$i":"month-7-short","$v":"औग"},{"$i":"month-8-short","$v":"सेप"},{"$i":"month-9-short","$v":"ओक्ट"},{"$i":"month-10-short","$v":"नोव"},{"$i":"month-11-short","$v":"दिसम्बर"},{"$i":"minutes-ago-long","$v":{"zero":"एखन तुरंत","one":"एक मिनट पहिने","two":[{"t":"idOrVar","v":"value"}," मिनट पहिने"],"few":[{"t":"idOrVar","v":"value"}," मिनट पहिने"],"many":[{"t":"idOrVar","v":"value"}," मिनट पहिने"],"other":[{"t":"idOrVar","v":"value"}," मिनट पहिने"]},"$x":[{"t":"idOrVar","v":"plural"},"value"]},{"$i":"hours-ago-long","$v":{"zero":"एखन तुरंत","one":"एक घंटा पहिने","two":[{"t":"idOrVar","v":"value"}," घंटा पहिने"],"few":[{"t":"idOrVar","v":"value"}," घंटा पहिने"],"many":[{"t":"idOrVar","v":"value"}," घंटा पहिने"],"other":[{"t":"idOrVar","v":"value"}," घंटा पहिने"]},"$x":[{"t":"idOrVar","v":"plural"},"value"]},{"$i":"days-ago-long","$v":{"zero":"आई","one":"काल्हि","two":[{"t":"idOrVar","v":"value"}," दिन पहिने"],"few":[{"t":"idOrVar","v":"value"}," दिन पहिने"],"many":[{"t":"idOrVar","v":"value"}," दिन पहिने"],"other":[{"t":"idOrVar","v":"value"}," दिन पहिने"]},"$x":[{"t":"idOrVar","v":"plural"},"value"]},{"$i":"weeks-ago-long","$v":{"zero":"इ हफ्ता","one":"पिछला हफ्ता","two":[{"t":"idOrVar","v":"value"}," हफ्ता पहिने"],"few":[{"t":"idOrVar","v":"value"}," हफ्ता पहिने"],"many":[{"t":"idOrVar","v":"value"}," हफ्ता पहिने"],"other":[{"t":"idOrVar","v":"value"}," हफ्ता पहिने"]},"$x":[{"t":"idOrVar","v":"plural"},"value"]},{"$i":"months-ago-long","$v":{"zero":"इ महिना","one":"पिछला महिना","two":[{"t":"idOrVar","v":"value"}," मास बाद"],"few":[{"t":"idOrVar","v":"value"}," मास बाद"],"many":[{"t":"idOrVar","v":"value"}," मास बाद"],"other":[{"t":"idOrVar","v":"value"}," मास बाद"]},"$x":[{"t":"idOrVar","v":"plural"},"value"]},{"$i":"years-ago-long","$v":{"zero":"इ साल","one":"पिछला साल","two":[{"t":"idOrVar","v":"value"}," साल पहिने"],"few":[{"t":"idOrVar","v":"value"}," साल पहिने"],"many":[{"t":"idOrVar","v":"value"}," साल पहिने"],"other":[{"t":"idOrVar","v":"value"}," साल पहिने"]},"$x":[{"t":"idOrVar","v":"plural"},"value"]},{"$i":"minutes-until-long","$v":{"zero":"एखन","one":"एक मिनट में","two":[{"t":"idOrVar","v":"value"}," मिनट में"],"few":[{"t":"idOrVar","v":"value"}," मिनट में"],"many":[{"t":"idOrVar","v":"value"}," मिनट में"],"other":[{"t":"idOrVar","v":"value"}," मिनट में"]},"$x":[{"t":"idOrVar","v":"plural"},"value"]},{"$i":"hours-until-long","$v":{"zero":"एखन","one":"एक घंटा में","two":[{"t":"idOrVar","v":"value"}," घंटा में"],"few":[{"t":"idOrVar","v":"value"}," घंटा में"],"many":[{"t":"idOrVar","v":"value"}," घंटा में"],"other":[{"t":"idOrVar","v":"value"}," घंटा में"]},"$x":[{"t":"idOrVar","v":"plural"},"value"]},{"$i":"days-until-long","$v":{"zero":"आई","one":"काल्हि","two":[{"t":"idOrVar","v":"value"}," दिन में"],"few":[{"t":"idOrVar","v":"value"}," दिन में"],"many":[{"t":"idOrVar","v":"value"}," दिन में"],"other":[{"t":"idOrVar","v":"value"}," दिन में"]},"$x":[{"t":"idOrVar","v":"plural"},"value"]},{"$i":"weeks-until-long","$v":{"zero":"इ हफ्ता","one":"आगु क सप्‍ताह","two":[{"t":"idOrVar","v":"value"}," हफ्ता में"],"few":[{"t":"idOrVar","v":"value"}," हफ्ता में"],"many":[{"t":"idOrVar","v":"value"}," हफ्ता में"],"other":[{"t":"idOrVar","v":"value"}," हफ्ता में"]},"$x":[{"t":"idOrVar","v":"plural"},"value"]},{"$i":"months-until-long","$v":{"zero":"इ महिना","one":"अगला महिना","two":[{"t":"idOrVar","v":"value"}," मास मे"],"few":[{"t":"idOrVar","v":"value"}," मास मे"],"many":[{"t":"idOrVar","v":"value"}," मास मे"],"other":[{"t":"idOrVar","v":"value"}," मास मे"]},"$x":[{"t":"idOrVar","v":"plural"},"value"]},{"$i":"years-until-long","$v":{"zero":"इ साल","one":"अगला साल","two":[{"t":"idOrVar","v":"value"}," साल मे"],"few":[{"t":"idOrVar","v":"value"}," साल मे"],"many":[{"t":"idOrVar","v":"value"}," साल मे"],"other":[{"t":"idOrVar","v":"value"}," साल मे"]},"$x":[{"t":"idOrVar","v":"plural"},"value"]},{"$i":"minutes-ago-short","$v":{"zero":"एखन तुरंत","other":[{"t":"idOrVar","v":"value"}," म पहिने"]},"$x":[{"t":"idOrVar","v":"plural"},"value"]},{"$i":"hours-ago-short","$v":{"zero":"एखन तुरंत","other":[{"t":"idOrVar","v":"value"}," h पहिने"]},"$x":[{"t":"idOrVar","v":"plural"},"value"]},{"$i":"days-ago-short","$v":{"zero":"आई","other":[{"t":"idOrVar","v":"value"},"d पहिने"]},"$x":[{"t":"idOrVar","v":"plural"},"value"]},{"$i":"minutes-until-short","$v":{"zero":"एखन","other":[{"t":"idOrVar","v":"value"}," m"]},"$x":[{"t":"idOrVar","v":"plural"},"value"]},{"$i":"hours-until-short","$v":{"zero":"एखन","other":[{"t":"idOrVar","v":"value"},"h"]},"$x":[{"t":"idOrVar","v":"plural"},"value"]},{"$i":"days-until-short","$v":{"zero":"आई","other":[{"t":"idOrVar","v":"value"}," d"]},"$x":[{"t":"idOrVar","v":"plural"},"value"]},{"$i":"incorrectDate","$v":"( गलत तारीख)"},{"$i":"dateTimeFormat_%c","$v":"%a %b %e %Y %I:%M:%S %p"},{"$i":"dateTimeFormat_%x","$v":"%m/%d/%Y"},{"$i":"dateTimeFormat_%X","$v":"%I:%M:%S %p"},{"$i":"shortTimeFormat","$v":"%I:%M %p"},{"$i":"shortTimeFormat12","$v":"%I:%M %p"},{"$i":"shortTimeFormat24","$v":"%H:%M"},{"$i":"shortDateTimeFormat","$v":"%x %I:%M %p"},{"$i":"weekStartsOnMonday","$v":"0"},{"$i":"firstDayOfTheWeek","$v":"0"},{"$i":"imageDescription","$v":[{"t":"idOrVar","v":"orientation"},"इमेज, %I:%M %p, %B %e, %Y"]},{"$i":"imageDescriptionNoTimestamp","$v":[{"t":"idOrVar","v":"orientation"}," इमेज"]},{"$i":"videoDescription","$v":[{"t":"idOrVar","v":"orientation"}," विडियो, %I:%M %p, %B %e, %Y"]},{"$i":"videoDescriptionNoTimestamp","$v":[{"t":"idOrVar","v":"orientation"}," विडियो"]},{"$i":"orientationPortrait","$v":"पोरट्रेट"},{"$i":"orientationLandscape","$v":"लैंड्सकेप"},{"$i":"playbackPlay","ariaLabel":"प्‍ले"},{"$i":"playbackPause","ariaLabel":"पॉज"},{"$i":"playbackNext","ariaLabel":"आगू"},{"$i":"playbackPrevious","ariaLabel":"पहिलुक"},{"$i":"playbackFullscreen","ariaLabel":"पूर्णसक्रीन"},{"$i":"playbackSeekBar","ariaLabel":["सीक बार, दौरान ",{"t":"idOrVar","v":"duration"}]},{"$i":"softkey-options","$v":"विकल्प"}]