[{"$i":"select","$v":"തിരഞ്ഞെടുക്കുക"},{"$i":"tcl-select","$v":"തിരഞ്ഞെടുക്കുക"},{"$i":"invalid-image","$v":"ചിത്രം അസാധുവാണ്"},{"$i":"image-too-big","$v":"ഗാലറിയില്‍  കാണിക്കാൻ വേണ്ടി  ചിത്ര ഫയലിന്‍റെ വലുപ്പം വളരെ  വലുതാണ്."},{"$i":"tcl-selected-items-count","$v":[{"t":"idOrVar","v":"n"}," തിരഞ്ഞെടുത്തു"]},{"$i":"delete-photo?","$v":"ഫോട്ടോ ഇല്ലാതാക്കുക?"},{"$i":"delete-video?","$v":"വീഡിയോ ഇല്ലാതാക്കുക?"},{"$i":"delete-n-items?","$v":{"zero":"ഒന്നും തിരഞ്ഞെടുത്തില്ല","one":"തിരഞ്ഞെടുത്ത ഇനം ഇല്ലാതാക്കുക?","two":[{"t":"idOrVar","v":"n"}," ഇനങ്ങൾ ഇല്ലാതാക്കുക?"],"few":[{"t":"idOrVar","v":"n"}," ഇനങ്ങൾ ഇല്ലാതാക്കുക?"],"many":[{"t":"idOrVar","v":"n"}," ഇനങ്ങൾ ഇല്ലാതാക്കുക?"],"other":[{"t":"idOrVar","v":"n"}," ഇനങ്ങൾ ഇല്ലാതാക്കുക?"]},"$x":[{"t":"idOrVar","v":"plural"},"n"]},{"$i":"tcl-contact-set-ok","$v":"കോൺടാക്റ്റ് ചിത്രം ചേർത്തു"},{"$i":"tcl-contact-set-fail","$v":"കോൺടാക്റ്റ് ചിത്രം സെറ്റ് ചെയ്യുന്നതില്‍  പരാജയപ്പെട്ടു"},{"$i":"tcl-exposure-done","$v":"എക്സ്പോഷർ പ്രയോഗിച്ചു"},{"$i":"tcl-rotation-done","$v":"ചിത്രം തിരിച്ചിരിക്കുന്നു"},{"$i":"tcl-crop-done","$v":"ചിത്രം ക്രോപ്പുചെയ്തു"},{"$i":"tcl-filters-done","$v":"ഫിൽട്ടർ പ്രയോഗിച്ചു"},{"$i":"tcl-autocorrection-done","$v":"സ്വയമേവയുള്ള-തിരുത്തൽ പ്രയോഗിച്ചു"},{"$i":"tcl-changes-saved","$v":"മാറ്റങ്ങൾ സേവ് ചെയ്തു"},{"$i":"wallpaper-set","$v":"വാൾപേപ്പർ സെറ്റ് ചെയ്തു"},{"$i":"tcl-single-image-locked","$v":"തിരഞ്ഞെടുത്ത ചിത്രം ലോക്കുചെയ്തു"},{"$i":"tcl-single-image-unlocked","$v":"തിരഞ്ഞെടുത്ത ചിത്രം അൺലോക്കുചെയ്തു"},{"$i":"tcl-single-image-deleted","$v":"ഫോട്ടോ ഇല്ലാതാക്കി."},{"$i":"tcl-multiple-images-locked","$v":{"zero":"ചിത്രം ലോക്ക് ചെയ്തിട്ടില്ല","one":[{"t":"idOrVar","v":"n"}," ചിത്രം ലോക്കുചെയ്തു"],"other":[{"t":"idOrVar","v":"n"}," ചിത്രങ്ങൾ ലോക്കുചെയ്തു"]},"$x":[{"t":"idOrVar","v":"plural"},"n"]},{"$i":"tcl-multiple-images-unlocked","$v":{"zero":"ചിത്രം ലോക്ക് ചെയ്തിട്ടില്ല","one":[{"t":"idOrVar","v":"n"}," ചിത്രം അൺലോക്കുചെയ്തു"],"other":[{"t":"idOrVar","v":"n"}," ചിത്രങ്ങൾ അൺലോക്കുചെയ്തു"]},"$x":[{"t":"idOrVar","v":"plural"},"n"]},{"$i":"tcl-deleted-n-photos","$v":{"zero":"ചിത്രം ഇല്ലാതാക്കിയിട്ടില്ല","one":[{"t":"idOrVar","v":"n"}," ചിത്രം ഇല്ലാതാക്കി"],"other":[{"t":"idOrVar","v":"n"}," ചിത്രങ്ങൾ ഇല്ലാതാക്കി"]},"$x":[{"t":"idOrVar","v":"plural"},"n"]},{"$i":"tcl-undo","$v":"പഴയപടിയാക്കുക"},{"$i":"pickoneimage2","$v":"തിരഞ്ഞെടുക്കുക"},{"$i":"cropimage","$v":"മുറിക്കുക"},{"$i":"tcl-no","$v":"ഇല്ല"},{"$i":"tcl-on","$v":"ഓൺ"},{"$i":"tcl-off","$v":"ഓഫ്"},{"$i":"tcl-return","$v":"തിരിച്ച് വരിക"},{"$i":"cancel","$v":"റദ്ദാക്കുക"},{"$i":"delete","$v":"ഇല്ലാതാക്കുക"},{"$i":"ok","$v":"ശരി"},{"$i":"edit","$v":"തിരുത്തുക"},{"$i":"save","$v":"സേവ് ചെയ്യുക"},{"$i":"done","$v":"പൂർത്തിയാക്കി"},{"$i":"exposure","$v":"എക്സ്പോഷർ"},{"$i":"crop","$v":"മുറിക്കുക"},{"$i":"effects","$v":"ഇഫക്ട്സ്"},{"$i":"borders","$v":"ബോർഡര്‍"},{"$i":"enhance-on","$v":"സ്വയമേവയുള്ള-മെച്ചപ്പെടുത്തൽ ഓൺ"},{"$i":"enhance-off","$v":"സ്വയമേവയുള്ള-മെച്ചപ്പെടുത്തൽ ഓഫ്"},{"$i":"tcl-exit","$v":"പുറത്തുകടക്കുക"},{"$i":"tcl-set","$v":"സെറ്റ് ചെയ്യുക"},{"$i":"tcl-takephoto","$v":"ഫോട്ടോ എടുക്കുക"},{"$i":"tcl-options","$v":"ഓപ്ഷന്‍"},{"$i":"tcl-select-all","$v":"എല്ലാം തിരഞ്ഞെടുക്കുക"},{"$i":"tcl-deselect-all","$v":"തിരഞ്ഞെടുത്തത് എല്ലാം മാറ്റുക"},{"$i":"tcl-lock","$v":"ലോക്ക്"},{"$i":"tcl-unlock","$v":"അൺലോക്കുചെയ്യുക"},{"$i":"tcl-rename","$v":"പുനർനാമകരണം"},{"$i":"tcl-rotate","$v":"തിരിക്കുക"},{"$i":"tcl-share","$v":"പങ്കിടുക"},{"$i":"tcl-settings","$v":"സെറ്റിംഗ്സ്"},{"$i":"tcl-set-as","$v":"രൂപത്തില്‍  സെറ്റ് ചെയ്യുക"},{"$i":"tcl-wallpaper","$v":"വാൾപേപ്പർ"},{"$i":"tcl-existing-contact-image","$v":"നിലവിലുള്ള കോൺടാക്റ്റിനായുള്ള ചിത്രം"},{"$i":"tcl-zoom","$v":"സൂം"},{"$i":"tcl-zoom-in","$v":"സൂം ഇൻ"},{"$i":"tcl-zoom-out","$v":"സൂം ഔട്ട്"},{"$i":"tcl-file-info","$v":"ഫയൽ വിവരം"},{"$i":"tcl-select-multiple","$v":"ഒന്നിലധികം തിരഞ്ഞെടുക്കുക"},{"$i":"tcl-invalid-name","$v":"പേര് അസാധുവാണ്"},{"$i":"tcl-name-already-exists","$v":"ഈ പേര് ഇതിനകം നിലവിലുണ്ട്"},{"$i":"tcl-override-warning-msg","$v":"നിലവിലുള്ള ചിത്രം അസാധുവാക്കാൻ നിങ്ങൾ താൽപ്പര്യപ്പെടുന്നുണ്ടോ?"},{"$i":"tcl-override","$v":"ഓവര്‍റൈഡ്‌ ചെയ്യുക"},{"$i":"tcl-edit-title","$v":"ചിത്രം തിരുത്തുക"},{"$i":"tcl-edit-exposure","$v":"എക്സ്പോഷർ"},{"$i":"tcl-edit-crop","$v":"മുറിക്കുക"},{"$i":"tcl-edit-rotate","$v":"തിരിക്കുക"},{"$i":"tcl-edit-filters","$v":"ഫിൽട്ടറുകള്‍"},{"$i":"tcl-edit-auto-correct","$v":"സ്വയം-തിരുത്തൽ"},{"$i":"edit-exposure","ariaLabel":"എക്സ്പോഷർ"},{"$i":"edit-crop","ariaLabel":"മുറിക്കുക"},{"$i":"edit-rotate","ariaLabel":"തിരിക്കുക"},{"$i":"edit-filters","ariaLabel":"ഫിൽട്ടറുകള്‍"},{"$i":"edit-auto-correct","ariaLabel":"സ്വയം-തിരുത്തൽ"},{"$i":"tcl-crop-none","$v":"ക്രോപ്പിംഗ് പഴയപടിയാക്കുക"},{"$i":"tcl-crop-aspect-free","$v":"ഡിഫോൾട്ട്"},{"$i":"tcl-crop-aspect-portrait","$v":"2:3"},{"$i":"tcl-crop-aspect-landscape","$v":"3:2"},{"$i":"tcl-crop-aspect-square","$v":"1:1"},{"$i":"crop-none","ariaLabel":"ക്രോപ്പിംഗ് പഴയപടിയാക്കുക"},{"$i":"crop-aspect-free","ariaLabel":"ഡിഫോൾട്ട്"},{"$i":"crop-aspect-portrait","ariaLabel":"2:3"},{"$i":"crop-aspect-landscape","ariaLabel":"3:2"},{"$i":"crop-aspect-square","ariaLabel":"1:1"},{"$i":"tcl-edit-filters-none","$v":"ഫിൽട്ടർ 1"},{"$i":"tcl-edit-filters-bw","$v":"ഫിൽട്ടർ 2"},{"$i":"tcl-edit-filters-sepia","$v":"ഫിൽട്ടർ 3"},{"$i":"tcl-edit-filters-bluesteel","$v":"ഫിൽട്ടർ 4"},{"$i":"tcl-edit-filters-faded","$v":"ഫിൽട്ടർ 5"},{"$i":"edit-filters-none","ariaLabel":"ഫിൽട്ടർ 1"},{"$i":"edit-filters-bw","ariaLabel":"ഫിൽട്ടർ 2"},{"$i":"edit-filters-sepia","ariaLabel":"ഫിൽട്ടർ 3"},{"$i":"edit-filters-bluesteel","ariaLabel":"ഫിൽട്ടർ 4"},{"$i":"edit-filters-faded","ariaLabel":"ഫിൽട്ടർ 5"},{"$i":"tcl-rotate-cw","$v":"CW"},{"$i":"tcl-rotate-ccw","$v":"CCW"},{"$i":"original","$v":"യഥാർത്ഥം"},{"$i":"blackandwhite","$v":{"$o":"B&W"}},{"$i":"sepia","$v":"സിപിയ"},{"$i":"freeform","$v":"ഫ്രീ‌ഫോം"},{"$i":"portrait","$v":"പോർട്രെയിറ്റ്"},{"$i":"landscape","$v":"തിരശ്ചീനദിശ"},{"$i":"square","$v":"ചതുരം"},{"$i":"emptygallery2-title","$v":"ഫോട്ടോകളോ വീഡിയോകളോ ഇല്ല"},{"$i":"emptygallery2-text","$v":"ഗാലറി ശൂന്യമാണ്. ഫോട്ടോകൾ ക്ലിക്ക് ചെയ്യാൻ ക്യാമറ ഉപയോഗിക്കുക"},{"$i":"emptygallery2-title-pick","$v":"ഫോട്ടോകൾ ഒന്നുമില്ല"},{"$i":"emptygallery-text-pick","$v":"ഫോട്ടോകളൊന്നും ലഭ്യമല്ല."},{"$i":"nocard3-title","$v":"മെമ്മറി കാർഡില്ല"},{"$i":"nocard4-text","$v":"ഈ ആപ്പ് ഉപയോഗിക്കുന്നതിന് ഒരു മെമ്മറി കാർഡ് ചേർക്കുക."},{"$i":"pluggedin2-title","$v":"മെമ്മറി കാർഡ് ഉപയോഗത്തിലാണ്"},{"$i":"pluggedin2-text","$v":"സ്റ്റോറേജ് ഉപയോഗത്തിലാണ്. ഈ ആപ്പ് ഉപയോഗിക്കുന്നതിന് ഫോൺ അൺപ്ലഗ് ചെയ്യുക."},{"$i":"scanning-title","$v":"സ്കാൻ ചെയ്യുന്നു"},{"$i":"tcl-scanning-text","$v":"ഫോട്ടോകൾക്കായി തിരയുന്നു"},{"$i":"scanning-text","$v":"ഫോട്ടോകൾക്കായി സ്കാൻ ചെയ്യുന്നു..."},{"$i":"upgrade-title","$v":"ഡാറ്റാബേസ് അപ്ഗ്രേഡ്"},{"$i":"upgrade-text","$v":"ഗാലറി ഡാറ്റാബേസ് അപ്ഡേറ്റ് ചെയ്യുന്ന സമയത്ത് ദയവായി കാത്തിരിക്കുക."},{"$i":"share-noprovider","$v":"ഈ ചിത്ര ഫയൽ തരം പങ്കിടാൻ കഴിയില്ല."},{"$i":"memorycardfull","$v":"സ്റ്റോറേജ് നിറഞ്ഞിരിക്കുന്നു. ഫോട്ടോകൾ തിരുത്താന്‍  കഴിയില്ല."},{"$i":"imagetoobig","$v":"ഈ ഉപകരണത്തിൽ പ്രദർശിപ്പിക്കാൻ വേണ്ടി ചിത്രത്തിന്‍റെ വലുപ്പം വളരെ  വലുതാണ്"},{"$i":"imageinvalid","$v":"ചിത്രം അസാധുവോ കേടായതോ ആണ്, പ്രദർശിപ്പിക്കാൻ കഴിയില്ല."},{"$i":"saved","$v":["ഗാലറിയിൽ ",{"t":"idOrVar","v":"filename"},"സേവ് ചെയ്തു"]},{"$i":"edit-copy-saved","$v":"പുതിയ പകർപ്പ് സേവ് ചെയ്തു ."},{"$i":"overlay-camera-button","$v":"ക്യാമറയിലേക്ക് പോകുക"},{"$i":"name-label","$v":"പേര്"},{"$i":"size-label","$v":"വലുപ്പം"},{"$i":"image-type-label","$v":"ചിത്ര തരം"},{"$i":"tcl-date-and-time-label","$v":"തീയ്യതിയും സമയവും"},{"$i":"date-taken-label","$v":"തീയ്യതി എടുത്തു"},{"$i":"resolution-label","$v":"റെസല്യൂഷൻ"},{"$i":"close-button","$v":"അടയ്‌ക്കുക"},{"$i":"byteUnit-B","$v":"ബൈറ്റ്സ്"},{"$i":"byteUnit-KB","$v":"KB"},{"$i":"byteUnit-MB","$v":"MB"},{"$i":"byteUnit-GB","$v":"GB"},{"$i":"gallery","$v":"ഗാലറി"},{"$i":"preview","$v":"പ്രിവ്യൂ"},{"$i":"tcl-confirmation","$v":"സ്ഥിരീകരണം"},{"$i":"tcl-delete-this-image","$v":"ഈ ഫോട്ടോ ഇല്ലാതാക്കുക?"},{"$i":"tcl-delete-selected-image","$v":"തിരഞ്ഞെടുത്ത ഫോട്ടോ ഇല്ലാതാക്കുക?"},{"$i":"tcl-delete-selected-images","$v":"തിരഞ്ഞെടുത്ത ഫോട്ടോകൾ ഇല്ലാതാക്കുക?"},{"$i":"tcl-delete-photos","$v":{"one":["തിരഞ്ഞെടുത്ത ",{"t":"idOrVar","v":"n"}," ഫോട്ടോ നിങ്ങള്‍ക്ക്  നീക്കംചെയ്യണമെന്ന് തീർച്ചയാണോ?"],"other":["തിരഞ്ഞെടുത്ത ",{"t":"idOrVar","v":"n"}," ഫോട്ടോ നിങ്ങള്‍ക്ക്  നീക്കംചെയ്യണമെന്ന് തീർച്ചയാണോ?"]},"$x":[{"t":"idOrVar","v":"plural"},"n"]},{"$i":"tcl-lost-warning","$v":"എല്ലാ മാറ്റങ്ങളും നഷ്ടപ്പെടും."},{"$i":"tcl-save-changes?","$v":"മാറ്റങ്ങൾ സേവ് ചെയ്യാന്‍  നിങ്ങൾ ആഗ്രഹിക്കുന്നുണ്ടോ?"},{"$i":"tcl-close-warning","$v":"ആപ്ലിക്കേഷൻ അടയ്ക്കും, ഒപ്പം ഡാറ്റ നഷ്ടവും ഉണ്ടാകും."},{"$i":"tcl-back-to-editing?","$v":"എഡിറ്റ് ചെയ്യുന്നതിലേക്ക്  നിങ്ങൾക്ക് തിരികെ പോകണോ?"},{"$i":"tcl-gallery-settings","$v":"ഗാലറി സെറ്റിംഗ്സ്"},{"$i":"tcl-sort-by","$v":"ഇതുപ്രകാരം അടുക്കുക"},{"$i":"tcl-group-by-date-and-location","$v":"തീയ്യതി പ്രകാരമുള്ള ഗ്രൂപ്പ്"},{"$i":"tcl-error","$v":"പിശക്"},{"$i":"tcl-error-delete-locked-image","$v":"തിരഞ്ഞെടുത്ത ചിത്രം ലോക്കുചെയ്തിരിക്കുന്നു, ഇല്ലാതാക്കാൻ കഴിഞ്ഞില്ല!"},{"$i":"tcl-error-delete-locked-images","$v":"തിരഞ്ഞെടുത്ത ചിത്രങ്ങളിൽ ലോക്കുചെയ്ത ചിത്രം(ങ്ങൾ) ഉൾക്കൊള്ളുന്നു, ഇല്ലാതാക്കാൻ കഴിഞ്ഞില്ല!"},{"$i":"tcl-enter-new-name","$v":"പുതിയ പേര് നൽകുക"},{"$i":"sort-and-group","$v":"അടുക്കുക ഒപ്പം ഗ്രൂപ്പുചെയ്യുക"},{"$i":"tcl-orientationLandscape","$v":"തിരശ്ചീനദിശ"},{"$i":"tcl-videoDescriptionNoTimestamp","$v":[{"t":"idOrVar","v":"orientation"}," വീഡിയോ"]},{"$i":"tcl-orientationPortrait","$v":"പോർട്രെയിറ്റ്"},{"$i":"tcl-imageDescription","$v":[{"t":"idOrVar","v":"orientation"}," ചിത്രം, %I:%M %p, %B %e, %Y"]},{"$i":"time_am","$v":"AM"},{"$i":"time_pm","$v":"PM"},{"$i":"date-group-header","$v":"%B %Y"},{"$i":"videoDescriptionShort","$v":"വീഡിയോയുടെ തീയ്യതി %I:%M %p, %B %e, %Y"},{"$i":"imageDescriptionShort","$v":"%I:%M %p, %B %e, %Y എന്ന തീയ്യതിയിലെ ചിത്രം"},{"$i":"editImagePreview","ariaLabel":"ചിത്രത്തിന്‍റെ  പ്രിവ്യൂ തിരുത്തുക"},{"$i":"tcl-pickoneimage","$v":"ഒരു ഫോട്ടോ തിരഞ്ഞെടുക്കുക"},{"$i":"discard-changes-warning","$v":"എല്ലാ മാറ്റങ്ങളും നഷ്ടപ്പെടും. മാറ്റങ്ങൾ തള്ളിക്കളയാൻ നിങ്ങൾ ആഗ്രഹിക്കുന്നുണ്ടോ?"},{"$i":"save-changes-warning","$v":"എല്ലാ മാറ്റങ്ങളും നഷ്ടപ്പെടും. മാറ്റങ്ങൾ സേവ് ചെയ്യാന്‍  നിങ്ങൾ ആഗ്രഹിക്കുന്നുണ്ടോ?"},{"$i":"discard","$v":"നിരസിക്കുക"},{"$i":"weekday-0-long","$v":"ഞായറാഴ്ച"},{"$i":"weekday-1-long","$v":"തിങ്കളാഴ്ച"},{"$i":"weekday-2-long","$v":"ചൊവ്വാഴ്ച"},{"$i":"weekday-3-long","$v":"ബുധനാഴ്ച"},{"$i":"weekday-4-long","$v":"വ്യാഴാഴ്ച"},{"$i":"weekday-5-long","$v":"വെള്ളിയാഴ്ച"},{"$i":"weekday-6-long","$v":"ശനിയാഴ്ച"},{"$i":"weekday-0-short","$v":"ഞായർ"},{"$i":"weekday-1-short","$v":"തിങ്കൾ"},{"$i":"weekday-2-short","$v":"ചൊവ്വ"},{"$i":"weekday-3-short","$v":"ബുധൻ"},{"$i":"weekday-4-short","$v":"വ്യാഴം"},{"$i":"weekday-5-short","$v":"വെള്ളി"},{"$i":"weekday-6-short","$v":"ശനി"},{"$i":"month-0-long","$v":"ജനുവരി"},{"$i":"month-1-long","$v":"ഫെബ്രുവരി"},{"$i":"month-2-long","$v":"മാർച്ച്"},{"$i":"month-3-long","$v":"ഏപ്രിൽ"},{"$i":"month-4-long","$v":"മെയ്"},{"$i":"month-5-long","$v":"ജൂൺ"},{"$i":"month-6-long","$v":"ജൂലൈ"},{"$i":"month-7-long","$v":"ആഗസ്റ്റ്"},{"$i":"month-8-long","$v":"സെപ്റ്റംബർ"},{"$i":"month-9-long","$v":"ഒക്ടോബർ"},{"$i":"month-10-long","$v":"നവംബർ"},{"$i":"month-11-long","$v":"ഡിസംബർ"},{"$i":"month-0-genitive","$v":"ജനുവരി"},{"$i":"month-1-genitive","$v":"ഫെബ്രുവരി"},{"$i":"month-2-genitive","$v":"മാർച്ച്"},{"$i":"month-3-genitive","$v":"ഏപ്രിൽ"},{"$i":"month-4-genitive","$v":"മെയ്"},{"$i":"month-5-genitive","$v":"ജൂൺ"},{"$i":"month-6-genitive","$v":"ജൂലൈ"},{"$i":"month-7-genitive","$v":"ആഗസ്റ്റ്"},{"$i":"month-8-genitive","$v":"സെപ്റ്റംബർ"},{"$i":"month-9-genitive","$v":"ഒക്ടോബർ"},{"$i":"month-10-genitive","$v":"നവംബർ"},{"$i":"month-11-genitive","$v":"ഡിസംബർ"},{"$i":"month-0-short","$v":"ജനുവരി"},{"$i":"month-1-short","$v":"ഫെബ്രുവരി"},{"$i":"month-2-short","$v":"മാർച്ച്"},{"$i":"month-3-short","$v":"ഏപ്രിൽ"},{"$i":"month-4-short","$v":"മെയ്"},{"$i":"month-5-short","$v":"ജൂൺ"},{"$i":"month-6-short","$v":"ജൂലൈ"},{"$i":"month-7-short","$v":"ആഗസ്റ്റ്"},{"$i":"month-8-short","$v":"സെപ്റ്റംബർ"},{"$i":"month-9-short","$v":"ഒക്ടോബർ"},{"$i":"month-10-short","$v":"നവംബർ"},{"$i":"month-11-short","$v":"ഡിസംബർ"},{"$i":"minutes-ago-long","$v":{"zero":"ഇപ്പോൾ തന്നെ","one":"ഒരു മിനിറ്റ് മുമ്പ്","two":[{"t":"idOrVar","v":"value"}," മിനിറ്റുകൾക്ക് മുമ്പ്"],"few":[{"t":"idOrVar","v":"value"}," മിനിറ്റുകൾക്ക് മുമ്പ്"],"many":[{"t":"idOrVar","v":"value"}," മിനിറ്റുകൾക്ക് മുമ്പ്"],"other":[{"t":"idOrVar","v":"value"}," മിനിറ്റുകൾക്ക് മുമ്പ്"]},"$x":[{"t":"idOrVar","v":"plural"},"value"]},{"$i":"hours-ago-long","$v":{"zero":"ഇപ്പോൾ തന്നെ","one":"ഒരു മണിക്കൂർ മുമ്പ്","two":[{"t":"idOrVar","v":"value"}," മണിക്കൂറുകൾക്ക് മുമ്പ്"],"few":[{"t":"idOrVar","v":"value"}," മണിക്കൂറുകൾക്ക് മുമ്പ്"],"many":[{"t":"idOrVar","v":"value"}," മണിക്കൂറുകൾക്ക് മുമ്പ്"],"other":[{"t":"idOrVar","v":"value"}," മണിക്കൂറുകൾക്ക് മുമ്പ്"]},"$x":[{"t":"idOrVar","v":"plural"},"value"]},{"$i":"days-ago-long","$v":{"zero":"ഇന്ന്","one":"ഇന്നലെ","two":[{"t":"idOrVar","v":"value"}," ദിവസങ്ങൾക്ക് മുമ്പ്"],"few":[{"t":"idOrVar","v":"value"}," ദിവസങ്ങൾക്ക് മുമ്പ്"],"many":[{"t":"idOrVar","v":"value"}," ദിവസങ്ങൾക്ക് മുമ്പ്"],"other":[{"t":"idOrVar","v":"value"}," ദിവസങ്ങൾക്ക് മുമ്പ്"]},"$x":[{"t":"idOrVar","v":"plural"},"value"]},{"$i":"weeks-ago-long","$v":{"zero":"ഈ ആഴ്ച","one":"കഴിഞ്ഞ ആഴ്ച","two":[{"t":"idOrVar","v":"value"}," ആഴ്ചകൾക്ക് മുമ്പ്"],"few":[{"t":"idOrVar","v":"value"}," ആഴ്ചകൾക്ക് മുമ്പ്"],"many":[{"t":"idOrVar","v":"value"}," ആഴ്ചകൾക്ക് മുമ്പ്"],"other":[{"t":"idOrVar","v":"value"}," ആഴ്ചകൾക്ക് മുമ്പ്"]},"$x":[{"t":"idOrVar","v":"plural"},"value"]},{"$i":"months-ago-long","$v":{"zero":"ഈ മാസം","one":"കഴിഞ്ഞ മാസം","two":[{"t":"idOrVar","v":"value"}," മാസങ്ങൾക്ക് മുമ്പ്"],"few":[{"t":"idOrVar","v":"value"}," മാസങ്ങൾക്ക് മുമ്പ്"],"many":[{"t":"idOrVar","v":"value"}," മാസങ്ങൾക്ക് മുമ്പ്"],"other":[{"t":"idOrVar","v":"value"}," മാസങ്ങൾക്ക് മുമ്പ്"]},"$x":[{"t":"idOrVar","v":"plural"},"value"]},{"$i":"years-ago-long","$v":{"zero":"ഈ വർഷം","one":"കഴിഞ്ഞ വർഷം","two":[{"t":"idOrVar","v":"value"}," വർഷങ്ങൾക്ക് മുമ്പ്"],"few":[{"t":"idOrVar","v":"value"}," വർഷങ്ങൾക്ക് മുമ്പ്"],"many":[{"t":"idOrVar","v":"value"}," വർഷങ്ങൾക്ക് മുമ്പ്"],"other":[{"t":"idOrVar","v":"value"}," വർഷങ്ങൾക്ക് മുമ്പ്"]},"$x":[{"t":"idOrVar","v":"plural"},"value"]},{"$i":"minutes-until-long","$v":{"zero":"ഇപ്പോൾ","one":"ഒരു മിനിറ്റിൽ","two":[{"t":"idOrVar","v":"value"}," മിനിറ്റുകളിൽ"],"few":[{"t":"idOrVar","v":"value"}," മിനിറ്റുകളിൽ"],"many":[{"t":"idOrVar","v":"value"}," മിനിറ്റുകളിൽ"],"other":[{"t":"idOrVar","v":"value"}," മിനിറ്റുകളിൽ"]},"$x":[{"t":"idOrVar","v":"plural"},"value"]},{"$i":"hours-until-long","$v":{"zero":"ഇപ്പോൾ","one":"ഒരു മണിക്കൂറിൽ","two":[{"t":"idOrVar","v":"value"}," മണിക്കൂറുകളിൽ"],"few":[{"t":"idOrVar","v":"value"}," മണിക്കൂറുകളിൽ"],"many":[{"t":"idOrVar","v":"value"}," മണിക്കൂറുകളിൽ"],"other":[{"t":"idOrVar","v":"value"}," മണിക്കൂറുകളിൽ"]},"$x":[{"t":"idOrVar","v":"plural"},"value"]},{"$i":"days-until-long","$v":{"zero":"ഇന്ന്","one":"നാളെ","two":[{"t":"idOrVar","v":"value"}," ദിവസങ്ങളിൽ"],"few":[{"t":"idOrVar","v":"value"}," ദിവസങ്ങളിൽ"],"many":[{"t":"idOrVar","v":"value"}," ദിവസങ്ങളിൽ"],"other":[{"t":"idOrVar","v":"value"}," ദിവസങ്ങളിൽ"]},"$x":[{"t":"idOrVar","v":"plural"},"value"]},{"$i":"weeks-until-long","$v":{"zero":"ഈ ആഴ്ച","one":"അടുത്ത ആഴ്ച","two":[{"t":"idOrVar","v":"value"}," ആഴ്ചകളിൽ"],"few":[{"t":"idOrVar","v":"value"}," ആഴ്ചകളിൽ"],"many":[{"t":"idOrVar","v":"value"}," ആഴ്ചകളിൽ"],"other":[{"t":"idOrVar","v":"value"}," ആഴ്ചകളിൽ"]},"$x":[{"t":"idOrVar","v":"plural"},"value"]},{"$i":"months-until-long","$v":{"zero":"ഈ മാസം","one":"അടുത്ത മാസം","two":[{"t":"idOrVar","v":"value"}," മാസങ്ങളിൽ"],"few":[{"t":"idOrVar","v":"value"}," മാസങ്ങളിൽ"],"many":[{"t":"idOrVar","v":"value"}," മാസങ്ങളിൽ"],"other":[{"t":"idOrVar","v":"value"}," മാസങ്ങളിൽ"]},"$x":[{"t":"idOrVar","v":"plural"},"value"]},{"$i":"years-until-long","$v":{"zero":"ഈ വർഷം","one":"അടുത്ത വർഷം","two":[{"t":"idOrVar","v":"value"}," വർഷങ്ങളിൽ"],"few":[{"t":"idOrVar","v":"value"}," വർഷങ്ങളിൽ"],"many":[{"t":"idOrVar","v":"value"}," വർഷങ്ങളിൽ"],"other":[{"t":"idOrVar","v":"value"}," വർഷങ്ങളിൽ"]},"$x":[{"t":"idOrVar","v":"plural"},"value"]},{"$i":"minutes-ago-short","$v":{"zero":"ഇപ്പോൾ തന്നെ","other":[{"t":"idOrVar","v":"value"}," മിനിറ്റ്  മുമ്പ്"]},"$x":[{"t":"idOrVar","v":"plural"},"value"]},{"$i":"hours-ago-short","$v":{"zero":"ഇപ്പോൾ തന്നെ","other":[{"t":"idOrVar","v":"value"}," മണിക്കൂറുകള്‍ക്ക്  മുമ്പ്"]},"$x":[{"t":"idOrVar","v":"plural"},"value"]},{"$i":"days-ago-short","$v":{"zero":"ഇന്ന്","other":[{"t":"idOrVar","v":"value"}," ദിവസങ്ങള്‍ക്ക്  മുമ്പ്"]},"$x":[{"t":"idOrVar","v":"plural"},"value"]},{"$i":"minutes-until-short","$v":{"zero":"ഇപ്പോൾ","other":[{"t":"idOrVar","v":"value"},"മിനിറ്റില്‍"]},"$x":[{"t":"idOrVar","v":"plural"},"value"]},{"$i":"hours-until-short","$v":{"zero":"ഇപ്പോൾ","other":[{"t":"idOrVar","v":"value"},"മണിക്കൂറില്‍"]},"$x":[{"t":"idOrVar","v":"plural"},"value"]},{"$i":"days-until-short","$v":{"zero":"ഇന്ന്","other":[{"t":"idOrVar","v":"value"},"ദിവസത്തില്‍"]},"$x":[{"t":"idOrVar","v":"plural"},"value"]},{"$i":"incorrectDate","$v":"(തെറ്റായ തീയ്യതി)"},{"$i":"dateTimeFormat_%c","$v":"%a %b %e %Y %I:%M:%S %p"},{"$i":"dateTimeFormat_%x","$v":"%m/%d/%Y"},{"$i":"dateTimeFormat_%X","$v":"%I:%M:%S %p"},{"$i":"shortTimeFormat","$v":"%I:%M %p"},{"$i":"shortTimeFormat12","$v":"%I:%M %p"},{"$i":"shortTimeFormat24","$v":"%H:%M"},{"$i":"shortDateTimeFormat","$v":"%x %I:%M %p"},{"$i":"weekStartsOnMonday","$v":"0"},{"$i":"firstDayOfTheWeek","$v":"0"},{"$i":"imageDescription","$v":[{"t":"idOrVar","v":"orientation"}," ചിത്രം, %I:%M %p, %B %e, %Y"]},{"$i":"imageDescriptionNoTimestamp","$v":[{"t":"idOrVar","v":"orientation"}," ചിത്രം"]},{"$i":"videoDescription","$v":[{"t":"idOrVar","v":"orientation"}," വീഡിയോ, %I:%M %p, %B %e, %Y"]},{"$i":"videoDescriptionNoTimestamp","$v":[{"t":"idOrVar","v":"orientation"}," വീഡിയോ"]},{"$i":"orientationPortrait","$v":"പോർട്രെയിറ്റ്"},{"$i":"orientationLandscape","$v":"തിരശ്ചീനദിശ"},{"$i":"playbackPlay","ariaLabel":"പ്ലേ ചെയ്യുക"},{"$i":"playbackPause","ariaLabel":"പോസ്"},{"$i":"playbackNext","ariaLabel":"അടുത്തത്"},{"$i":"playbackPrevious","ariaLabel":"മുന്‍പുള്ള"},{"$i":"playbackFullscreen","ariaLabel":"പൂര്‍ണ്ണസ്ക്രീന്‍"},{"$i":"playbackSeekBar","ariaLabel":["തേടൽ ബാർ, ദൈർഘ്യം ",{"t":"idOrVar","v":"duration"}]},{"$i":"softkey-options","$v":"ഓപ്ഷന്‍"}]