[{"$i":"select","$v":"খল্লু"},{"$i":"tcl-select","$v":"খল্লু"},{"$i":"invalid-image","$v":"চৎনদবা লাই"},{"$i":"image-too-big","$v":"লাইগী ফাইল চাওবা-পিকপা অদু গেল্লরিদা উহনবদা য়াম্না চাওমল্লি"},{"$i":"tcl-selected-items-count","$v":[{"t":"idOrVar","v":"n"}," খল্লে"]},{"$i":"delete-photo?","$v":"ফোটো মুথৎলু?"},{"$i":"delete-video?","$v":"ভিদিও মুথৎলু?"},{"$i":"delete-n-items?","$v":{"zero":"করিমত্তা খন্দে","one":"খল্লবা আইটেম মুথৎলু?","two":[{"t":"idOrVar","v":"n"}," আইটেমশীং মুথৎলু?"],"few":[{"t":"idOrVar","v":"n"}," আইটেমশীং মুথৎলু?"],"many":[{"t":"idOrVar","v":"n"}," আইটেমশীং মুথৎলু?"],"other":[{"t":"idOrVar","v":"n"}," আইটেমশীং মুথৎলু?"]},"$x":[{"t":"idOrVar","v":"plural"},"n"]},{"$i":"tcl-contact-set-ok","$v":"কন্টেক্ত লাই হাপচিল্লে"},{"$i":"tcl-contact-set-fail","$v":"কন্টেক্ত লাই সেট তৌবা ঙমদরে"},{"$i":"tcl-exposure-done","$v":"মখুম হাংদোকপা পানশিল্লে"},{"$i":"tcl-rotation-done","$v":"মমি উংলে"},{"$i":"tcl-crop-done","$v":"লাই ক্রোপ তৌরে"},{"$i":"tcl-filters-done","$v":"ফিল্টর পানশিল্লে"},{"$i":"tcl-autocorrection-done","$v":"মশা মথন্তা-চুমথোকপা পানশিল্লে"},{"$i":"tcl-changes-saved","$v":"হোংবশীং সেব তৌরে"},{"$i":"wallpaper-set","$v":"ৱালপেপর শেম্লে"},{"$i":"tcl-single-image-locked","$v":"খল্লবা লাই লোক তৌরে"},{"$i":"tcl-single-image-unlocked","$v":"খল্লবা লাই অনলোক তৌরে"},{"$i":"tcl-single-image-deleted","$v":"ফোটো মুথৎলে."},{"$i":"tcl-multiple-images-locked","$v":{"zero":"মমি লোক তৌদে","one":["লাই ",{"t":"idOrVar","v":"n"}," লোক তৌরে"],"other":["লাই ",{"t":"idOrVar","v":"n"}," লোক তৌরে"]},"$x":[{"t":"idOrVar","v":"plural"},"n"]},{"$i":"tcl-multiple-images-unlocked","$v":{"zero":"মমি লোক তৌদে","one":["লাই ",{"t":"idOrVar","v":"n"}," অনলোক তৌরে"],"other":["লাই ",{"t":"idOrVar","v":"n"}," অনলোক তৌরে"]},"$x":[{"t":"idOrVar","v":"plural"},"n"]},{"$i":"tcl-deleted-n-photos","$v":{"zero":"মমি মুথৎতে","one":["লাই ",{"t":"idOrVar","v":"n"}," মুথৎখ্রে"],"other":["লাই ",{"t":"idOrVar","v":"n"}," মুথৎলে"]},"$x":[{"t":"idOrVar","v":"plural"},"n"]},{"$i":"tcl-undo","$v":"অন্দু"},{"$i":"pickoneimage2","$v":"খল্লু"},{"$i":"cropimage","$v":"পিক্না ককথৎপা"},{"$i":"tcl-no","$v":"ফংনীংদে"},{"$i":"tcl-on","$v":"ওন তৌ"},{"$i":"tcl-off","$v":"মুত্থৎপা"},{"$i":"tcl-return","$v":"হল্লকউ"},{"$i":"cancel","$v":"ককথৎলু"},{"$i":"delete","$v":"মুত্থৎলু"},{"$i":"ok","$v":"ওকে"},{"$i":"edit","$v":"ইদিত তৌ"},{"$i":"save","$v":"সেব তৌ"},{"$i":"done","$v":"তৌরে"},{"$i":"exposure","$v":"উৎথোকপা"},{"$i":"crop","$v":"পিক্না ককথৎপা"},{"$i":"effects","$v":"ফলশীং"},{"$i":"borders","$v":"ঙমখৈশীং"},{"$i":"enhance-on","$v":"মশা মথন্তা-হেনগৎহনবা থাই"},{"$i":"enhance-off","$v":"মশা মথন্তা-হেনগৎহনবা থাদে"},{"$i":"tcl-exit","$v":"থোকখিবা"},{"$i":"tcl-set","$v":"হাপ্পু"},{"$i":"tcl-takephoto","$v":"ফোটো লৌ"},{"$i":"tcl-options","$v":"ওপসনশিং"},{"$i":"tcl-select-all","$v":"লোইনমক হায়বদু খল্লু"},{"$i":"tcl-deselect-all","$v":"লোইনমক খনবা তোকউ"},{"$i":"tcl-lock","$v":"লোক তৌ"},{"$i":"tcl-unlock","$v":"অনলোক"},{"$i":"tcl-rename","$v":"হন্না মিংথোল্লু"},{"$i":"tcl-rotate","$v":"উংবা"},{"$i":"tcl-share","$v":"শীজিন্নমিন্নৌ"},{"$i":"tcl-settings","$v":"সেটিংশিং"},{"$i":"tcl-set-as","$v":"ওইনা পানখৎলি"},{"$i":"tcl-wallpaper","$v":"ৱালপেপর"},{"$i":"tcl-existing-contact-image","$v":"লৈরিবা কন্টেক্তকি লাই"},{"$i":"tcl-zoom","$v":"জূম"},{"$i":"tcl-zoom-in","$v":"জূম ইন"},{"$i":"tcl-zoom-out","$v":"জূম আওট"},{"$i":"tcl-file-info","$v":"ফাইলগী পাও"},{"$i":"tcl-select-multiple","$v":"ময়াম খল্লু"},{"$i":"tcl-invalid-name","$v":"চৎনদবা মমিং"},{"$i":"tcl-name-already-exists","$v":"মমিং অসি হান্নদগী লৈ"},{"$i":"tcl-override-warning-msg","$v":"নহাক হৌজিক লৈবা লাই অদু মথক থোংবা পাম্ব্রা?"},{"$i":"tcl-override","$v":"মথক থোংদুনা ঙম্বা"},{"$i":"tcl-edit-title","$v":"লাই এদিত তৌ"},{"$i":"tcl-edit-exposure","$v":"উৎথোকপা"},{"$i":"tcl-edit-crop","$v":"পিক্না ককথৎপা"},{"$i":"tcl-edit-rotate","$v":"উংবা"},{"$i":"tcl-edit-filters","$v":"শেংদোকপা"},{"$i":"tcl-edit-auto-correct","$v":"মশা মথন্তা-চুমথোকপা"},{"$i":"edit-exposure","ariaLabel":"উৎথোকপা"},{"$i":"edit-crop","ariaLabel":"পিক্না ককথৎপা"},{"$i":"edit-rotate","ariaLabel":"উংবা"},{"$i":"edit-filters","ariaLabel":"শেংদোকপা"},{"$i":"edit-auto-correct","ariaLabel":"মশা মথন্তা-চুমথোকপা"},{"$i":"tcl-crop-none","$v":"ক্রোপিং তৌবা হন্দোকউ"},{"$i":"tcl-crop-aspect-free","$v":"দিফাওল্ট"},{"$i":"tcl-crop-aspect-portrait","$v":"2:3"},{"$i":"tcl-crop-aspect-landscape","$v":"3:2"},{"$i":"tcl-crop-aspect-square","$v":"1:1"},{"$i":"crop-none","ariaLabel":"ক্রোপিং তৌবা হন্দোকউ"},{"$i":"crop-aspect-free","ariaLabel":"দিফাওল্ট"},{"$i":"crop-aspect-portrait","ariaLabel":"2:3"},{"$i":"crop-aspect-landscape","ariaLabel":"3:2"},{"$i":"crop-aspect-square","ariaLabel":"1:1"},{"$i":"tcl-edit-filters-none","$v":"ফিল্টর 1"},{"$i":"tcl-edit-filters-bw","$v":"ফিল্টর 2"},{"$i":"tcl-edit-filters-sepia","$v":"ফিল্টর 3"},{"$i":"tcl-edit-filters-bluesteel","$v":"ফিল্টর 4"},{"$i":"tcl-edit-filters-faded","$v":"ফিল্টর 5"},{"$i":"edit-filters-none","ariaLabel":"ফিল্টর 1"},{"$i":"edit-filters-bw","ariaLabel":"ফিল্টর 2"},{"$i":"edit-filters-sepia","ariaLabel":"ফিল্টর 3"},{"$i":"edit-filters-bluesteel","ariaLabel":"ফিল্টর 4"},{"$i":"edit-filters-faded","ariaLabel":"ফিল্টর 5"},{"$i":"tcl-rotate-cw","$v":"CW"},{"$i":"tcl-rotate-ccw","$v":"CCW"},{"$i":"original","$v":"অহৌবা হান্নগী"},{"$i":"blackandwhite","$v":{"$o":"B&W"}},{"$i":"sepia","$v":"ঙাংলৈ-ৱাওরপ্পা"},{"$i":"freeform","$v":"ফ্রীফোর্ম"},{"$i":"portrait","$v":"অয়েকপা লাই"},{"$i":"landscape","$v":"লমদা"},{"$i":"square","$v":"সক্বার"},{"$i":"emptygallery2-title","$v":"ফোটোশীং নত্ত্রগা ভিদিওশীং লৈতে"},{"$i":"emptygallery2-text","$v":"গেল্লরিহাংঙি. ফোটোশীং নম্নবা কেমেরা শীজিন্নৌ"},{"$i":"emptygallery2-title-pick","$v":"ফোটোশীং লৈতে"},{"$i":"emptygallery-text-pick","$v":"ফোটো অমত্তা ফংদে."},{"$i":"nocard3-title","$v":"মেমোরি কার্দ য়াওদে"},{"$i":"nocard4-text","$v":"এপ অসি শীজিন্ননবা মেমোরি কার্দ অমা থিংজিল্লু."},{"$i":"pluggedin2-title","$v":"শীজিন্নরিবা মেমোরি কার্দ"},{"$i":"pluggedin2-text","$v":"স্টোরেজ শীজিন্নরি. এপ অসি শীজিন্ননবা ফোন অদু অনপ্লগ তৌবিয়ু."},{"$i":"scanning-title","$v":"স্কেন তৌরি"},{"$i":"tcl-scanning-text","$v":"ফোটোশীংগী য়েংলি"},{"$i":"scanning-text","$v":"ফোটোশীংগী স্কেন তৌরি..."},{"$i":"upgrade-title","$v":"দাতাবেজ অপগ্রেদ"},{"$i":"upgrade-text","$v":"গেল্লরিনা দাতাবেজ অদু অপদেত তৌবা মতমদা ঙাইবিয়ু."},{"$i":"share-noprovider","$v":"মসিগী লাইগী ফাইল মখল শরুক য়ামিন্নবা ঙমদে."},{"$i":"memorycardfull","$v":"স্টোরেজ পিক থল্লি. ফোটোশীং এদিত তৌবা য়াদে."},{"$i":"imagetoobig","$v":"লাই অদু দিভাইস অসিদা উৎপদা য়াম্না চাওমল্লি."},{"$i":"imageinvalid","$v":"লাই অদু চৎনদে নত্ত্রগা করপ্ট ওই অমসুং উৎপা য়াদে."},{"$i":"saved","$v":[{"t":"idOrVar","v":"filename"}," গেল্লরিদা সেব তৌই"]},{"$i":"edit-copy-saved","$v":"অনৌবা কোপি সেব তৌরে."},{"$i":"overlay-camera-button","$v":"কেমেরাদা চৎলু"},{"$i":"name-label","$v":"মমিং"},{"$i":"size-label","$v":"মচাউ-মরাক"},{"$i":"image-type-label","$v":"লাই মখল"},{"$i":"tcl-date-and-time-label","$v":"তাং অমসুং মতম"},{"$i":"date-taken-label","$v":"তাং লৌখ্রে"},{"$i":"resolution-label","$v":"রিজোলুসন"},{"$i":"close-button","$v":"থিংজিল্লু"},{"$i":"byteUnit-B","$v":"বাইটশীং"},{"$i":"byteUnit-KB","$v":"KB"},{"$i":"byteUnit-MB","$v":"MB"},{"$i":"byteUnit-GB","$v":"GB"},{"$i":"gallery","$v":"গেল্লেরী"},{"$i":"preview","$v":"মাংজৌনবা শক্তম"},{"$i":"tcl-confirmation","$v":"চুম্মি হায়বা"},{"$i":"tcl-delete-this-image","$v":"ফোটো অসি মুথৎলু?"},{"$i":"tcl-delete-selected-image","$v":"খল্লবা ফোটো মুথৎলু?"},{"$i":"tcl-delete-selected-images","$v":"খল্লবা ফোটোশীং মুথৎলু?"},{"$i":"tcl-delete-photos","$v":{"one":["নহাক খল্লবা ফোটো ",{"t":"idOrVar","v":"n"}," মুথৎপা পাম্মি হায়বা নহাক শোয়দ্রব্রা?"],"other":["নহাক খল্লবা ফোটো ",{"t":"idOrVar","v":"n"}," মুথৎপা পাম্মি হায়বা নহাক শোয়দ্রব্রা?"]},"$x":[{"t":"idOrVar","v":"plural"},"n"]},{"$i":"tcl-lost-warning","$v":"অহোংবশীং লোইনমক মাংলগনি."},{"$i":"tcl-save-changes?","$v":"নহাক অহোংবশীং সেব তৌবা পামগদ্রা?"},{"$i":"tcl-close-warning","$v":"এপ্লিকেশন দাতা মাংবগা লোয়ননা খুমজিনগনি."},{"$i":"tcl-back-to-editing?","$v":"নহাক এদিতিং তৌবদা হল্লকপা পাম্ব্রা?"},{"$i":"tcl-gallery-settings","$v":"গেল্লরি সেটিংশীং"},{"$i":"tcl-sort-by","$v":"মখল খায়দোকপা"},{"$i":"tcl-group-by-date-and-location","$v":"তাং য়েংনা গ্রুপ শেম্মু"},{"$i":"tcl-error","$v":"অশোয়বা"},{"$i":"tcl-error-delete-locked-image","$v":"খল্লবা লাই অদু লোক তৌই অমসুং মুথৎপা ঙমখিদে!"},{"$i":"tcl-error-delete-locked-images","$v":"খল্লবা লাইশীং অদুদা লোক তৌবা লাই (শীং) য়াওই অমসুং মুথৎপা ঙমখিদে!"},{"$i":"tcl-enter-new-name","$v":"অনৌবা মমিং অমা মেনশিল্লু"},{"$i":"sort-and-group","$v":"শীল্লু অমসুং গ্রুপ শেম্মু"},{"$i":"tcl-orientationLandscape","$v":"লমদা"},{"$i":"tcl-videoDescriptionNoTimestamp","$v":[{"t":"idOrVar","v":"orientation"}," ভিদিও"]},{"$i":"tcl-orientationPortrait","$v":"অয়েকপা লাই"},{"$i":"tcl-imageDescription","$v":[{"t":"idOrVar","v":"orientation"}," লাই, %I:%M %p, %B %e, %Y"]},{"$i":"time_am","$v":"AM"},{"$i":"time_pm","$v":"PM"},{"$i":"date-group-header","$v":"%B %Y"},{"$i":"videoDescriptionShort","$v":"ভিদিও তাং থাবা %I:%M %p, %B %e, %Y"},{"$i":"imageDescriptionShort","$v":"তাং %I:%M %p, %B %e, %Y গী লাই"},{"$i":"editImagePreview","ariaLabel":"লাইগী প্রীভ্যু এদিত তৌ"},{"$i":"tcl-pickoneimage","$v":"ফোটো অমা খল্লু"},{"$i":"discard-changes-warning","$v":"অহোংবশীং লোইনমক মাংলগনি. নহাক অহোংবশীং লংথোকখিবা পামগদ্রা?"},{"$i":"save-changes-warning","$v":"অহোংবশীং লোইনমক মাংলগনি. নহাক অহোংবশীং সেব তৌবা পামগদ্রা?"},{"$i":"discard","$v":"লংশেকপা"},{"$i":"weekday-0-long","$v":"নোংমাইজিং"},{"$i":"weekday-1-long","$v":"নিংথৌকাবা"},{"$i":"weekday-2-long","$v":"লৈবাকপোকপা"},{"$i":"weekday-3-long","$v":"য়ুমশকৈশ"},{"$i":"weekday-4-long","$v":"শগোলশেল"},{"$i":"weekday-5-long","$v":"ইরাই"},{"$i":"weekday-6-long","$v":"থাংজ"},{"$i":"weekday-0-short","$v":"নুমিৎ"},{"$i":"weekday-1-short","$v":"নিংথৌকাবা"},{"$i":"weekday-2-short","$v":"লৈবাকপোকপা"},{"$i":"weekday-3-short","$v":"য়ুমশকৈশা"},{"$i":"weekday-4-short","$v":"শগোলশেন"},{"$i":"weekday-5-short","$v":"ইরাই"},{"$i":"weekday-6-short","$v":"থাংজ"},{"$i":"month-0-long","$v":"জানুৱারি"},{"$i":"month-1-long","$v":"ফেব্রুৱারি"},{"$i":"month-2-long","$v":"মার্চ"},{"$i":"month-3-long","$v":"এপ্রিল"},{"$i":"month-4-long","$v":"মে"},{"$i":"month-5-long","$v":"জুন"},{"$i":"month-6-long","$v":"জুলাই"},{"$i":"month-7-long","$v":"ওগস্ট"},{"$i":"month-8-long","$v":"সেপ্টেম্বর"},{"$i":"month-9-long","$v":"ওক্তোবর"},{"$i":"month-10-long","$v":"নোবেম্বর"},{"$i":"month-11-long","$v":"দিসেম্বর"},{"$i":"month-0-genitive","$v":"জানুৱারি"},{"$i":"month-1-genitive","$v":"ফেব্রুৱারি"},{"$i":"month-2-genitive","$v":"মার্চ"},{"$i":"month-3-genitive","$v":"এপ্রিল"},{"$i":"month-4-genitive","$v":"মে"},{"$i":"month-5-genitive","$v":"জুন"},{"$i":"month-6-genitive","$v":"জুলাই"},{"$i":"month-7-genitive","$v":"ওগস্ট"},{"$i":"month-8-genitive","$v":"সেপ্টেম্বর"},{"$i":"month-9-genitive","$v":"ওক্তোবর"},{"$i":"month-10-genitive","$v":"নোবেম্বর"},{"$i":"month-11-genitive","$v":"দিসেম্বর"},{"$i":"month-0-short","$v":"জানুৱারি"},{"$i":"month-1-short","$v":"ফেব্রুৱারি"},{"$i":"month-2-short","$v":"মার্চ"},{"$i":"month-3-short","$v":"এপ্রিল"},{"$i":"month-4-short","$v":"মে"},{"$i":"month-5-short","$v":"জুন"},{"$i":"month-6-short","$v":"জুলাই"},{"$i":"month-7-short","$v":"ওগস্ট"},{"$i":"month-8-short","$v":"সেপ্টেম্বর"},{"$i":"month-9-short","$v":"ওক্তোবর"},{"$i":"month-10-short","$v":"নোবেম্বর"},{"$i":"month-11-short","$v":"দিসেম্বর"},{"$i":"minutes-ago-long","$v":{"zero":"হৌজিক্তা","one":"মিনট অমা মমাংদা","two":["মিনট ",{"t":"idOrVar","v":"value"}," মমাংদা"],"few":["মিনট ",{"t":"idOrVar","v":"value"}," মমাংদা"],"many":["মিনট ",{"t":"idOrVar","v":"value"}," মমাংদা"],"other":["মিনট ",{"t":"idOrVar","v":"value"}," মমাংদা"]},"$x":[{"t":"idOrVar","v":"plural"},"value"]},{"$i":"hours-ago-long","$v":{"zero":"হৌজিক্তা","one":"পুং অমা মমাংদা","two":["পুং ",{"t":"idOrVar","v":"value"}," মমাংদা"],"few":["পুং ",{"t":"idOrVar","v":"value"}," মমাংদা"],"many":["পুং ",{"t":"idOrVar","v":"value"}," মমাংদা"],"other":["পুং ",{"t":"idOrVar","v":"value"}," মমাংদা"]},"$x":[{"t":"idOrVar","v":"plural"},"value"]},{"$i":"days-ago-long","$v":{"zero":"ঙসি","one":"ঙরাং","two":["নুমিৎ ",{"t":"idOrVar","v":"value"}," মমাংদা"],"few":["নুমিৎ ",{"t":"idOrVar","v":"value"}," মমাংদা"],"many":["নুমিৎ ",{"t":"idOrVar","v":"value"}," মমাংদা"],"other":["নুমিৎ ",{"t":"idOrVar","v":"value"}," মমাংদা"]},"$x":[{"t":"idOrVar","v":"plural"},"value"]},{"$i":"weeks-ago-long","$v":{"zero":"চয়োল অসি","one":"ইকোন কোনবা চয়োল","two":["চয়োল ",{"t":"idOrVar","v":"value"}," মমাংদা"],"few":["চয়োল ",{"t":"idOrVar","v":"value"}," মমাংদা"],"many":["চয়োল ",{"t":"idOrVar","v":"value"}," মমাংদা"],"other":["চয়োল ",{"t":"idOrVar","v":"value"}," মমাংদা"]},"$x":[{"t":"idOrVar","v":"plural"},"value"]},{"$i":"months-ago-long","$v":{"zero":"থা অসি","one":"ইকোন কোনবা থা","two":["থা ",{"t":"idOrVar","v":"value"}," মামংদা"],"few":["থা ",{"t":"idOrVar","v":"value"}," মামংদা"],"many":["থা ",{"t":"idOrVar","v":"value"}," মামংদা"],"other":["থা ",{"t":"idOrVar","v":"value"}," মামংদা"]},"$x":[{"t":"idOrVar","v":"plural"},"value"]},{"$i":"years-ago-long","$v":{"zero":"চহী অসি","one":"ইকোন কোনবা চহী","two":["চহী ",{"t":"idOrVar","v":"value"}," মমাংদা"],"few":["চহী ",{"t":"idOrVar","v":"value"}," মমাংদা"],"many":["চহী ",{"t":"idOrVar","v":"value"}," মমাংদা"],"other":["চহী ",{"t":"idOrVar","v":"value"}," মমাংদা"]},"$x":[{"t":"idOrVar","v":"plural"},"value"]},{"$i":"minutes-until-long","$v":{"zero":"হৌজিক্তা","one":"মিনট অমদা","two":["মিনট ",{"t":"idOrVar","v":"value"}," দা"],"few":["মিনট ",{"t":"idOrVar","v":"value"}," দা"],"many":["মিনট ",{"t":"idOrVar","v":"value"}," দা"],"other":["মিনট ",{"t":"idOrVar","v":"value"}," দা"]},"$x":[{"t":"idOrVar","v":"plural"},"value"]},{"$i":"hours-until-long","$v":{"zero":"হৌজিক্তা","one":"পুং অমদা","two":["পুং ",{"t":"idOrVar","v":"value"}," দা"],"few":["পুং ",{"t":"idOrVar","v":"value"}," দা"],"many":["পুং ",{"t":"idOrVar","v":"value"}," দা"],"other":["পুং ",{"t":"idOrVar","v":"value"}," দা"]},"$x":[{"t":"idOrVar","v":"plural"},"value"]},{"$i":"days-until-long","$v":{"zero":"ঙসি","one":"হয়েং","two":["নুমিৎ ",{"t":"idOrVar","v":"value"}," তা"],"few":["নুমিৎ ",{"t":"idOrVar","v":"value"}," তা"],"many":["নুমিৎ ",{"t":"idOrVar","v":"value"}," তা"],"other":["নুমিৎ ",{"t":"idOrVar","v":"value"}," তা"]},"$x":[{"t":"idOrVar","v":"plural"},"value"]},{"$i":"weeks-until-long","$v":{"zero":"চয়োল অসি","one":"মথংগী চয়োল","two":["চয়োল ",{"t":"idOrVar","v":"value"}," দা"],"few":["চয়োল ",{"t":"idOrVar","v":"value"}," দা"],"many":["চয়োল ",{"t":"idOrVar","v":"value"}," দা"],"other":["চয়োল ",{"t":"idOrVar","v":"value"}," দা"]},"$x":[{"t":"idOrVar","v":"plural"},"value"]},{"$i":"months-until-long","$v":{"zero":"থা অসি","one":"মথংগী থা","two":["থা ",{"t":"idOrVar","v":"value"}," দা"],"few":["থা ",{"t":"idOrVar","v":"value"}," দা"],"many":["থা ",{"t":"idOrVar","v":"value"}," দা"],"other":["থা ",{"t":"idOrVar","v":"value"}," দা"]},"$x":[{"t":"idOrVar","v":"plural"},"value"]},{"$i":"years-until-long","$v":{"zero":"চহী অসি","one":"মথংগী চহী","two":["চহী ",{"t":"idOrVar","v":"value"}," দা"],"few":["চহী ",{"t":"idOrVar","v":"value"}," দা"],"many":["চহী ",{"t":"idOrVar","v":"value"}," দা"],"other":["চহী ",{"t":"idOrVar","v":"value"}," দা"]},"$x":[{"t":"idOrVar","v":"plural"},"value"]},{"$i":"minutes-ago-short","$v":{"zero":"হৌজিক্তা","other":["থা ",{"t":"idOrVar","v":"value"}," মমাংদা"]},"$x":[{"t":"idOrVar","v":"plural"},"value"]},{"$i":"hours-ago-short","$v":{"zero":"হৌজিক্তা","other":["পুং ",{"t":"idOrVar","v":"value"}," মমাংদা"]},"$x":[{"t":"idOrVar","v":"plural"},"value"]},{"$i":"days-ago-short","$v":{"zero":"ঙসি","other":["নুমিৎ ",{"t":"idOrVar","v":"value"}," মমাংদা"]},"$x":[{"t":"idOrVar","v":"plural"},"value"]},{"$i":"minutes-until-short","$v":{"zero":"হৌজিক্তা","other":["থা ",{"t":"idOrVar","v":"value"}," দা"]},"$x":[{"t":"idOrVar","v":"plural"},"value"]},{"$i":"hours-until-short","$v":{"zero":"হৌজিক্তা","other":["পুং ",{"t":"idOrVar","v":"value"}," দা"]},"$x":[{"t":"idOrVar","v":"plural"},"value"]},{"$i":"days-until-short","$v":{"zero":"ঙসি","other":["নুমিৎ ",{"t":"idOrVar","v":"value"}," তা"]},"$x":[{"t":"idOrVar","v":"plural"},"value"]},{"$i":"incorrectDate","$v":"(চুমদবা তাং)"},{"$i":"dateTimeFormat_%c","$v":"%a %b %e %Y %I:%M:%S %p"},{"$i":"dateTimeFormat_%x","$v":"%m/%d/%Y"},{"$i":"dateTimeFormat_%X","$v":"%I:%M:%S %p"},{"$i":"shortTimeFormat","$v":"%I:%M %p"},{"$i":"shortTimeFormat12","$v":"%I:%M %p"},{"$i":"shortTimeFormat24","$v":"%H:%M"},{"$i":"shortDateTimeFormat","$v":"%x %I:%M %p"},{"$i":"weekStartsOnMonday","$v":"0"},{"$i":"firstDayOfTheWeek","$v":"0"},{"$i":"imageDescription","$v":[{"t":"idOrVar","v":"orientation"}," লাই, %I:%M %p, %B %e, %Y"]},{"$i":"imageDescriptionNoTimestamp","$v":[{"t":"idOrVar","v":"orientation"}," লাই"]},{"$i":"videoDescription","$v":[{"t":"idOrVar","v":"orientation"}," ভিদিও, %I:%M %p, %B %e, %Y"]},{"$i":"videoDescriptionNoTimestamp","$v":[{"t":"idOrVar","v":"orientation"}," ভিদিও"]},{"$i":"orientationPortrait","$v":"অয়েকপা লাই"},{"$i":"orientationLandscape","$v":"লমদা"},{"$i":"playbackPlay","ariaLabel":"প্লে তৌ"},{"$i":"playbackPause","ariaLabel":"ঙাইহাক লেপ্পু"},{"$i":"playbackNext","ariaLabel":"মথং"},{"$i":"playbackPrevious","ariaLabel":"মমাংগী"},{"$i":"playbackFullscreen","ariaLabel":"অথনবা স্ক্রীন"},{"$i":"playbackSeekBar","ariaLabel":["সীক বার, চংবা মতম ",{"t":"idOrVar","v":"duration"}]},{"$i":"softkey-options","$v":"ওপসনশিং"}]