[{"$i":"select","$v":"निवडा"},{"$i":"tcl-select","$v":"निवडा"},{"$i":"invalid-image","$v":"अवैध प्रतिमा"},{"$i":"image-too-big","$v":"गॅलरीमध्ये दर्शविण्यासाठी प्रतिमेच्या फाईलचा आकार खूप मोठा आहे"},{"$i":"tcl-selected-items-count","$v":[{"t":"idOrVar","v":"n"}," निवडलेले"]},{"$i":"delete-photo?","$v":"फोटो हटवा?"},{"$i":"delete-video?","$v":"व्हिडिओ हटवा?"},{"$i":"delete-n-items?","$v":{"zero":"काही सुद्धा निवडले नाही","one":"निवडलेला आयटम हटवा?","two":[{"t":"idOrVar","v":"n"}," आयटम हटवा?"],"few":[{"t":"idOrVar","v":"n"}," आयटम हटवा?"],"many":[{"t":"idOrVar","v":"n"}," आयटम हटवा?"],"other":[{"t":"idOrVar","v":"n"}," आयटम हटवा?"]},"$x":[{"t":"idOrVar","v":"plural"},"n"]},{"$i":"tcl-contact-set-ok","$v":"संपर्क प्रतिमा जोडली गेली"},{"$i":"tcl-contact-set-fail","$v":"संपर्क फोटो सेट करण्यात अपयश"},{"$i":"tcl-exposure-done","$v":"एक्सपोजर लागू"},{"$i":"tcl-rotation-done","$v":"प्रतिमा फिरवण्यात आली आहे"},{"$i":"tcl-crop-done","$v":"प्रतिमा क्रॉप केली आहे"},{"$i":"tcl-filters-done","$v":"फिल्टर लागू"},{"$i":"tcl-autocorrection-done","$v":"स्वतः-सुधार लागू"},{"$i":"tcl-changes-saved","$v":"बदल जतन केले"},{"$i":"wallpaper-set","$v":"वॉलपेपर सेट"},{"$i":"tcl-single-image-locked","$v":"निवडलेली प्रतिमा लॉक केली आहे"},{"$i":"tcl-single-image-unlocked","$v":"निवडलेली प्रतिमा अनलॉक केली आहे"},{"$i":"tcl-single-image-deleted","$v":"प्रतिमा हटवली गेली."},{"$i":"tcl-multiple-images-locked","$v":{"zero":"प्रतिमा लॉक केलेली नाही","one":[{"t":"idOrVar","v":"n"}," प्रतिमा लॉक केल्या आहे"],"other":[{"t":"idOrVar","v":"n"}," प्रतिमा लॉक केल्या आहे"]},"$x":[{"t":"idOrVar","v":"plural"},"n"]},{"$i":"tcl-multiple-images-unlocked","$v":{"zero":"प्रतिमा लॉक केलेली नाही","one":[{"t":"idOrVar","v":"n"}," प्रतिमा अनलॉक केल्या आहे"],"other":[{"t":"idOrVar","v":"n"}," प्रतिमा अनलॉक केल्या आहे"]},"$x":[{"t":"idOrVar","v":"plural"},"n"]},{"$i":"tcl-deleted-n-photos","$v":{"zero":"प्रतिमा हटवली नाही आहे","one":[{"t":"idOrVar","v":"n"}," प्रतिमा हटवल्या आहे"],"other":[{"t":"idOrVar","v":"n"}," प्रतिमा हटवल्या आहे"]},"$x":[{"t":"idOrVar","v":"plural"},"n"]},{"$i":"tcl-undo","$v":"अन्डू करा"},{"$i":"pickoneimage2","$v":"निवडा"},{"$i":"cropimage","$v":"क्रॉप करा"},{"$i":"tcl-no","$v":"नाही"},{"$i":"tcl-on","$v":"ऑन"},{"$i":"tcl-off","$v":"आॅफ"},{"$i":"tcl-return","$v":"परत या"},{"$i":"cancel","$v":"रद्द करा"},{"$i":"delete","$v":"हटवा"},{"$i":"ok","$v":"ठीक आहे"},{"$i":"edit","$v":"संपादित करा"},{"$i":"save","$v":"जतन करा"},{"$i":"done","$v":"पूर्ण झाले"},{"$i":"exposure","$v":"एक्सपोजर"},{"$i":"crop","$v":"क्रॉप करा"},{"$i":"effects","$v":"प्रभाव"},{"$i":"borders","$v":"बॉर्डर"},{"$i":"enhance-on","$v":"स्वतः-संवर्धन ऑन करा"},{"$i":"enhance-off","$v":"स्वतः-संवर्धन ऑफ करा"},{"$i":"tcl-exit","$v":"बाहेर पडा"},{"$i":"tcl-set","$v":"सेट करा"},{"$i":"tcl-takephoto","$v":"फोटो घ्या"},{"$i":"tcl-options","$v":"पर्याय"},{"$i":"tcl-select-all","$v":"सर्व निवडा"},{"$i":"tcl-deselect-all","$v":"सर्व निवड रद्द करा"},{"$i":"tcl-lock","$v":"लॉक करा"},{"$i":"tcl-unlock","$v":"अनलॉक करा"},{"$i":"tcl-rename","$v":"नाव बदला"},{"$i":"tcl-rotate","$v":"फिरवा"},{"$i":"tcl-share","$v":"सामायिक करा"},{"$i":"tcl-settings","$v":"सेटिंग्स"},{"$i":"tcl-set-as","$v":"असे सेट करा"},{"$i":"tcl-wallpaper","$v":"वॉलपेपर"},{"$i":"tcl-existing-contact-image","$v":"अस्तिवात असलेल्या संपर्कासाठी प्रतिमा"},{"$i":"tcl-zoom","$v":"झूम करा"},{"$i":"tcl-zoom-in","$v":"झूम इन करा"},{"$i":"tcl-zoom-out","$v":"झूम आउट करा"},{"$i":"tcl-file-info","$v":"फाईलची माहिती"},{"$i":"tcl-select-multiple","$v":"एका पेक्षा अधिक निवडा"},{"$i":"tcl-invalid-name","$v":"अवैध नाव"},{"$i":"tcl-name-already-exists","$v":"हे नाव आधीच अस्तित्वात आहे"},{"$i":"tcl-override-warning-msg","$v":"आपल्याला वर्तमान प्रतिमा ओवरराइड करायची आहे का?"},{"$i":"tcl-override","$v":"ओवरराइड करा"},{"$i":"tcl-edit-title","$v":"प्रतिमा संपादित करा"},{"$i":"tcl-edit-exposure","$v":"एक्सपोजर"},{"$i":"tcl-edit-crop","$v":"क्रॉप करा"},{"$i":"tcl-edit-rotate","$v":"फिरवा"},{"$i":"tcl-edit-filters","$v":"फिल्टर्स"},{"$i":"tcl-edit-auto-correct","$v":"स्वतः सुधार"},{"$i":"edit-exposure","ariaLabel":"एक्सपोजर"},{"$i":"edit-crop","ariaLabel":"क्रॉप करा"},{"$i":"edit-rotate","ariaLabel":"फिरवा"},{"$i":"edit-filters","ariaLabel":"फिल्टर्स"},{"$i":"edit-auto-correct","ariaLabel":"स्वतः सुधार"},{"$i":"tcl-crop-none","$v":"क्रॉपिंग अन्डू करा"},{"$i":"tcl-crop-aspect-free","$v":"डिफॉल्ट"},{"$i":"tcl-crop-aspect-portrait","$v":"2:3"},{"$i":"tcl-crop-aspect-landscape","$v":"3:2"},{"$i":"tcl-crop-aspect-square","$v":"1:1"},{"$i":"crop-none","ariaLabel":"क्रॉपिंग अन्डू करा"},{"$i":"crop-aspect-free","ariaLabel":"डिफॉल्ट"},{"$i":"crop-aspect-portrait","ariaLabel":"2:3"},{"$i":"crop-aspect-landscape","ariaLabel":"3:2"},{"$i":"crop-aspect-square","ariaLabel":"1:1"},{"$i":"tcl-edit-filters-none","$v":"फिल्टर 1"},{"$i":"tcl-edit-filters-bw","$v":"फिल्टर 2"},{"$i":"tcl-edit-filters-sepia","$v":"फिल्टर 3"},{"$i":"tcl-edit-filters-bluesteel","$v":"फिल्टर 4"},{"$i":"tcl-edit-filters-faded","$v":"फिल्टर 5"},{"$i":"edit-filters-none","ariaLabel":"फिल्टर 1"},{"$i":"edit-filters-bw","ariaLabel":"फिल्टर 2"},{"$i":"edit-filters-sepia","ariaLabel":"फिल्टर 3"},{"$i":"edit-filters-bluesteel","ariaLabel":"फिल्टर 4"},{"$i":"edit-filters-faded","ariaLabel":"फिल्टर 5"},{"$i":"tcl-rotate-cw","$v":"CW"},{"$i":"tcl-rotate-ccw","$v":"CCW"},{"$i":"original","$v":"मूळ"},{"$i":"blackandwhite","$v":{"$o":"B&W"}},{"$i":"sepia","$v":"सेपिया"},{"$i":"freeform","$v":"फ्रीफॉर्म"},{"$i":"portrait","$v":"पोर्ट्रेट"},{"$i":"landscape","$v":"लँडस्केप"},{"$i":"square","$v":"चौरस"},{"$i":"emptygallery2-title","$v":"फोटो किंवा व्हिडिओ नाही"},{"$i":"emptygallery2-text","$v":"गॅलरी रिकामी आहे. फोटो क्लिक करण्यासाठी कॅमेराचा उपयोग करा"},{"$i":"emptygallery2-title-pick","$v":"कोणताही फोटो नाही आहे"},{"$i":"emptygallery-text-pick","$v":"कोणतेही प्रतिमा उपलब्ध नाहीत."},{"$i":"nocard3-title","$v":"कोणतेही मेमरी कार्ड नाही आहे"},{"$i":"nocard4-text","$v":"या अॅपचा उपयोग करण्यासाठी मेमरी कार्ड प्रविष्ट करा."},{"$i":"pluggedin2-title","$v":"मेमरी कार्ड उपयोग होत आहे"},{"$i":"pluggedin2-text","$v":"स्टोरेज उपयोगात आहे. हे अॅप वापरण्यासाठी कृपया फोन अनप्लग करा."},{"$i":"scanning-title","$v":"स्कॅन होत आहे"},{"$i":"tcl-scanning-text","$v":"फोटो शोधत आहे"},{"$i":"scanning-text","$v":"प्रतिमा स्कॅन करीत आहे..."},{"$i":"upgrade-title","$v":"डेटाबेस अपग्रेड"},{"$i":"upgrade-text","$v":"कृपया गॅलरी डेटाबेसला अपडेट करे पर्यंत प्रतीक्षा करा."},{"$i":"share-noprovider","$v":"हा प्रतिमा फाईल प्रकार शेअर करू शकत नाही."},{"$i":"memorycardfull","$v":"स्टोरेज भरले आहे. फोटो संपादित करू शकत नाही."},{"$i":"imagetoobig","$v":"या डिवाइस वर डिस्प्ले करण्यासाठी प्रतिमा खूप मोठी आहे."},{"$i":"imageinvalid","$v":"प्रतिमा अवैध किंवा  खराब आहे आणि डिस्प्ले केली जाऊ शकत नाही."},{"$i":"saved","$v":[{"t":"idOrVar","v":"filename"}," गॅलरी मध्ये जतन केले"]},{"$i":"edit-copy-saved","$v":"नवीन कॉपी जतन केली आहे."},{"$i":"overlay-camera-button","$v":"कॅमेऱ्या वर जा"},{"$i":"name-label","$v":"नाव"},{"$i":"size-label","$v":"आकार"},{"$i":"image-type-label","$v":"प्रतिमा प्रकार"},{"$i":"tcl-date-and-time-label","$v":"तारीख आणि वेळ"},{"$i":"date-taken-label","$v":"तारखेला आणले आहे"},{"$i":"resolution-label","$v":"रिझोल्यूशन"},{"$i":"close-button","$v":"बंद करा"},{"$i":"byteUnit-B","$v":"बाइट"},{"$i":"byteUnit-KB","$v":"KB"},{"$i":"byteUnit-MB","$v":"MB"},{"$i":"byteUnit-GB","$v":"GB"},{"$i":"gallery","$v":"गॅलरी"},{"$i":"preview","$v":"प्रीव्यू"},{"$i":"tcl-confirmation","$v":"पुष्टीकरण"},{"$i":"tcl-delete-this-image","$v":"हे फोटो हटवा?"},{"$i":"tcl-delete-selected-image","$v":"निवडलेला फोटो हटवा?"},{"$i":"tcl-delete-selected-images","$v":"निवडलेला फोटो हटवा?"},{"$i":"tcl-delete-photos","$v":{"one":["आपणा  निवडलेले ",{"t":"idOrVar","v":"n"}," प्रतिमा हटवण्‍यास तयार आहात का?"],"other":["आपण निवडलेली ",{"t":"idOrVar","v":"n"},"प्रतिमा हटवण्‍यास तयार आहात का?"]},"$x":[{"t":"idOrVar","v":"plural"},"n"]},{"$i":"tcl-lost-warning","$v":"सर्व बदल गमावले जातील."},{"$i":"tcl-save-changes?","$v":"आपल्याला केलेले बदल जतन करायचे आहे का?"},{"$i":"tcl-close-warning","$v":"डेटा हानी बरोबर अॅप्लिकेशन  ऑफ होईल."},{"$i":"tcl-back-to-editing?","$v":"आपल्याला संपादित करा वर परत जायचे आहे का?"},{"$i":"tcl-gallery-settings","$v":"गॅलरी सेटिंग्स"},{"$i":"tcl-sort-by","$v":"नुसार क्रमबद्ध करा"},{"$i":"tcl-group-by-date-and-location","$v":"तारखे नुसार समूहबद्ध करा"},{"$i":"tcl-error","$v":"त्रुटी"},{"$i":"tcl-error-delete-locked-image","$v":"निवडलेली प्रतिमा लॉक केली आहे आणि हटवू शकत नाही"},{"$i":"tcl-error-delete-locked-images","$v":"निवडलेल्या प्रतिमांमध्ये लॉक केलेल्या प्रतिमा आहेत आणि हटवू शकत नाही"},{"$i":"tcl-enter-new-name","$v":"नवीन नाव प्रविष्ट करा"},{"$i":"sort-and-group","$v":"क्रमबद्ध आणि समूहबद्ध करा"},{"$i":"tcl-orientationLandscape","$v":"लँडस्केप"},{"$i":"tcl-videoDescriptionNoTimestamp","$v":[{"t":"idOrVar","v":"orientation"}," व्हिडिओ"]},{"$i":"tcl-orientationPortrait","$v":"पोर्ट्रेट"},{"$i":"tcl-imageDescription","$v":[{"t":"idOrVar","v":"orientation"}," प्रतिमा, %I:%M %p, %B %e, %Y"]},{"$i":"time_am","$v":"AM"},{"$i":"time_pm","$v":"PM"},{"$i":"date-group-header","$v":"%B %Y"},{"$i":"videoDescriptionShort","$v":"व्हिडिओ तारीख %I:%M %p, %B %e, %Y"},{"$i":"imageDescriptionShort","$v":"प्रतिमा तारीख %I:%M %p, %B %e, %Y"},{"$i":"editImagePreview","ariaLabel":"प्रतिमेची समीक्षा संपादित करा"},{"$i":"tcl-pickoneimage","$v":"एक प्रतिमा निवडा"},{"$i":"discard-changes-warning","$v":"सर्व बदल गमावले जातील. आपण बदल टाकून देऊ इच्छिता?"},{"$i":"save-changes-warning","$v":"सर्व बदल गमावले जातील. आपण बदल जतन करू इच्छिता?"},{"$i":"discard","$v":"हटवा"},{"$i":"weekday-0-long","$v":"रविवार"},{"$i":"weekday-1-long","$v":"सोमवार"},{"$i":"weekday-2-long","$v":"मंगळवार"},{"$i":"weekday-3-long","$v":"बुधवार"},{"$i":"weekday-4-long","$v":"गुरुवार"},{"$i":"weekday-5-long","$v":"शुक्रवार"},{"$i":"weekday-6-long","$v":"शनिवार"},{"$i":"weekday-0-short","$v":"रवि"},{"$i":"weekday-1-short","$v":"सोम"},{"$i":"weekday-2-short","$v":"मंगळ"},{"$i":"weekday-3-short","$v":"बुध"},{"$i":"weekday-4-short","$v":"गुरु"},{"$i":"weekday-5-short","$v":"शुक्र"},{"$i":"weekday-6-short","$v":"शनि"},{"$i":"month-0-long","$v":"जानेवारी"},{"$i":"month-1-long","$v":"फेब्रुवारी"},{"$i":"month-2-long","$v":"मार्च"},{"$i":"month-3-long","$v":"एप्रिल"},{"$i":"month-4-long","$v":"मे"},{"$i":"month-5-long","$v":"जून"},{"$i":"month-6-long","$v":"जुलै"},{"$i":"month-7-long","$v":"ऑगस्ट"},{"$i":"month-8-long","$v":"सप्टेंबर"},{"$i":"month-9-long","$v":"ऑक्टोबर"},{"$i":"month-10-long","$v":"नोव्हेंबर"},{"$i":"month-11-long","$v":"डिसेंबर"},{"$i":"month-0-genitive","$v":"जानेवारी"},{"$i":"month-1-genitive","$v":"फेब्रुवारी"},{"$i":"month-2-genitive","$v":"मार्च"},{"$i":"month-3-genitive","$v":"एप्रिल"},{"$i":"month-4-genitive","$v":"मे"},{"$i":"month-5-genitive","$v":"जून"},{"$i":"month-6-genitive","$v":"जुलै"},{"$i":"month-7-genitive","$v":"ऑगस्ट"},{"$i":"month-8-genitive","$v":"सप्टेंबर"},{"$i":"month-9-genitive","$v":"ऑक्टोबर"},{"$i":"month-10-genitive","$v":"नोव्हेंबर"},{"$i":"month-11-genitive","$v":"डिसेंबर"},{"$i":"month-0-short","$v":"जानेवारी"},{"$i":"month-1-short","$v":"फेब्रुवारी"},{"$i":"month-2-short","$v":"मार्च"},{"$i":"month-3-short","$v":"एप्रिल"},{"$i":"month-4-short","$v":"मे"},{"$i":"month-5-short","$v":"जून"},{"$i":"month-6-short","$v":"जुलै"},{"$i":"month-7-short","$v":"ऑगस्‍ट"},{"$i":"month-8-short","$v":"सप्टेंबर"},{"$i":"month-9-short","$v":"ऑक्टोबर"},{"$i":"month-10-short","$v":"नोव्हेंबर"},{"$i":"month-11-short","$v":"डिसेंबर"},{"$i":"minutes-ago-long","$v":{"zero":"आत्ताच","one":"एक मिनिटापूर्वी","two":[{"t":"idOrVar","v":"value"}," मिनिटा पूर्वी"],"few":[{"t":"idOrVar","v":"value"}," मिनिटा पूर्वी"],"many":[{"t":"idOrVar","v":"value"}," मिनिटा पूर्वी"],"other":[{"t":"idOrVar","v":"value"}," मिनिटा पूर्वी"]},"$x":[{"t":"idOrVar","v":"plural"},"value"]},{"$i":"hours-ago-long","$v":{"zero":"आत्ताच","one":"एका तासापूर्वी","two":[{"t":"idOrVar","v":"value"}," तासा पूर्वी"],"few":[{"t":"idOrVar","v":"value"}," तासा पूर्वी"],"many":[{"t":"idOrVar","v":"value"}," तासा पूर्वी"],"other":[{"t":"idOrVar","v":"value"}," तासा पूर्वी"]},"$x":[{"t":"idOrVar","v":"plural"},"value"]},{"$i":"days-ago-long","$v":{"zero":"आज","one":"काल","two":[{"t":"idOrVar","v":"value"}," दिवसा पूर्वी"],"few":[{"t":"idOrVar","v":"value"}," दिवसा पूर्वी"],"many":[{"t":"idOrVar","v":"value"}," दिवसा पूर्वी"],"other":[{"t":"idOrVar","v":"value"}," दिवसा पूर्वी"]},"$x":[{"t":"idOrVar","v":"plural"},"value"]},{"$i":"weeks-ago-long","$v":{"zero":"हा आठवडा","one":"शेवटचा आठवडा","two":[{"t":"idOrVar","v":"value"}," आठवड्या पूर्वी"],"few":[{"t":"idOrVar","v":"value"}," आठवड्या पूर्वी"],"many":[{"t":"idOrVar","v":"value"}," आठवड्या पूर्वी"],"other":[{"t":"idOrVar","v":"value"}," आठवड्या पूर्वी"]},"$x":[{"t":"idOrVar","v":"plural"},"value"]},{"$i":"months-ago-long","$v":{"zero":"हा महिना","one":"शेवटचा महिना","two":[{"t":"idOrVar","v":"value"}," महिने पूर्वी"],"few":[{"t":"idOrVar","v":"value"}," महिने पूर्वी"],"many":[{"t":"idOrVar","v":"value"}," महिने पूर्वी"],"other":[{"t":"idOrVar","v":"value"}," महिने पूर्वी"]},"$x":[{"t":"idOrVar","v":"plural"},"value"]},{"$i":"years-ago-long","$v":{"zero":"हे वर्ष","one":"शेवटचे वर्ष","two":[{"t":"idOrVar","v":"value"}," वर्षां पूर्वी"],"few":[{"t":"idOrVar","v":"value"}," वर्षां पूर्वी"],"many":[{"t":"idOrVar","v":"value"}," वर्षां पूर्वी"],"other":[{"t":"idOrVar","v":"value"}," वर्षां पूर्वी"]},"$x":[{"t":"idOrVar","v":"plural"},"value"]},{"$i":"minutes-until-long","$v":{"zero":"आत्ता","one":"एका मिनिटा मध्ये","two":[{"t":"idOrVar","v":"value"}," मिनिटा मध्ये"],"few":[{"t":"idOrVar","v":"value"}," मिनिटा मध्ये"],"many":[{"t":"idOrVar","v":"value"}," मिनिटा मध्ये"],"other":[{"t":"idOrVar","v":"value"}," मिनिटा मध्ये"]},"$x":[{"t":"idOrVar","v":"plural"},"value"]},{"$i":"hours-until-long","$v":{"zero":"आत्ता","one":"एका तासा मध्ये","two":[{"t":"idOrVar","v":"value"}," तासा मध्ये"],"few":[{"t":"idOrVar","v":"value"}," तासा मध्ये"],"many":[{"t":"idOrVar","v":"value"}," तासा मध्ये"],"other":[{"t":"idOrVar","v":"value"}," तासा मध्ये"]},"$x":[{"t":"idOrVar","v":"plural"},"value"]},{"$i":"days-until-long","$v":{"zero":"आज","one":"उद्या","two":[{"t":"idOrVar","v":"value"}," दिवसां मध्ये"],"few":[{"t":"idOrVar","v":"value"}," दिवसां मध्ये"],"many":[{"t":"idOrVar","v":"value"}," दिवसां मध्ये"],"other":[{"t":"idOrVar","v":"value"}," दिवसां मध्ये"]},"$x":[{"t":"idOrVar","v":"plural"},"value"]},{"$i":"weeks-until-long","$v":{"zero":"हा आठवडा","one":"पुढील आठवडा","two":[{"t":"idOrVar","v":"value"}," आठवड्यां मध्ये"],"few":[{"t":"idOrVar","v":"value"}," आठवड्यां मध्ये"],"many":[{"t":"idOrVar","v":"value"}," आठवड्यां मध्ये"],"other":[{"t":"idOrVar","v":"value"}," आठवड्यां मध्ये"]},"$x":[{"t":"idOrVar","v":"plural"},"value"]},{"$i":"months-until-long","$v":{"zero":"हा महिना","one":"पुढील महिना","two":[{"t":"idOrVar","v":"value"}," महिन्यां मध्ये"],"few":[{"t":"idOrVar","v":"value"}," महिन्यां मध्ये"],"many":[{"t":"idOrVar","v":"value"}," महिन्यां मध्ये"],"other":[{"t":"idOrVar","v":"value"}," महिन्यां मध्ये"]},"$x":[{"t":"idOrVar","v":"plural"},"value"]},{"$i":"years-until-long","$v":{"zero":"हे वर्ष","one":"पुढील वर्ष","two":[{"t":"idOrVar","v":"value"}," वर्षां मध्ये"],"few":[{"t":"idOrVar","v":"value"}," वर्षां मध्ये"],"many":[{"t":"idOrVar","v":"value"}," वर्षां मध्ये"],"other":[{"t":"idOrVar","v":"value"}," वर्षां मध्ये"]},"$x":[{"t":"idOrVar","v":"plural"},"value"]},{"$i":"minutes-ago-short","$v":{"zero":"आत्ताच","other":[{"t":"idOrVar","v":"value"}," महिन्या पूर्वी"]},"$x":[{"t":"idOrVar","v":"plural"},"value"]},{"$i":"hours-ago-short","$v":{"zero":"आत्ताच","other":[{"t":"idOrVar","v":"value"}," तासा पूर्वी"]},"$x":[{"t":"idOrVar","v":"plural"},"value"]},{"$i":"days-ago-short","$v":{"zero":"आज","other":[{"t":"idOrVar","v":"value"}," दिवसा पूर्वी"]},"$x":[{"t":"idOrVar","v":"plural"},"value"]},{"$i":"minutes-until-short","$v":{"zero":"आत्ता","other":[{"t":"idOrVar","v":"value"},"मिनिटा मध्ये"]},"$x":[{"t":"idOrVar","v":"plural"},"value"]},{"$i":"hours-until-short","$v":{"zero":"आत्ता","other":[{"t":"idOrVar","v":"value"},"तासा मध्ये"]},"$x":[{"t":"idOrVar","v":"plural"},"value"]},{"$i":"days-until-short","$v":{"zero":"आज","other":[{"t":"idOrVar","v":"value"},"दिवसां मध्ये"]},"$x":[{"t":"idOrVar","v":"plural"},"value"]},{"$i":"incorrectDate","$v":"(चुकीची तारीख)"},{"$i":"dateTimeFormat_%c","$v":"%a %b %e %Y %I:%M:%S %p"},{"$i":"dateTimeFormat_%x","$v":"%m/%d/%Y"},{"$i":"dateTimeFormat_%X","$v":"%I:%M:%S %p"},{"$i":"shortTimeFormat","$v":"%I:%M %p"},{"$i":"shortTimeFormat12","$v":"%I:%M %p"},{"$i":"shortTimeFormat24","$v":"%H:%M"},{"$i":"shortDateTimeFormat","$v":"%x %I:%M %p"},{"$i":"weekStartsOnMonday","$v":"0"},{"$i":"firstDayOfTheWeek","$v":"0"},{"$i":"imageDescription","$v":[{"t":"idOrVar","v":"orientation"}," प्रतिमा, %I:%M %p, %B %e, %Y"]},{"$i":"imageDescriptionNoTimestamp","$v":[{"t":"idOrVar","v":"orientation"}," प्रतिमा"]},{"$i":"videoDescription","$v":[{"t":"idOrVar","v":"orientation"}," व्हिडिओ, %I:%M %p, %B %e, %Y"]},{"$i":"videoDescriptionNoTimestamp","$v":[{"t":"idOrVar","v":"orientation"}," व्हिडिओ"]},{"$i":"orientationPortrait","$v":"पोर्ट्रेट"},{"$i":"orientationLandscape","$v":"लँडस्केप"},{"$i":"playbackPlay","ariaLabel":"वाजवा"},{"$i":"playbackPause","ariaLabel":"थांबवा"},{"$i":"playbackNext","ariaLabel":"पुढील"},{"$i":"playbackPrevious","ariaLabel":"मागील"},{"$i":"playbackFullscreen","ariaLabel":"फुलस्क्रीन"},{"$i":"playbackSeekBar","ariaLabel":["सीक बार, कालावधी  ",{"t":"idOrVar","v":"duration"}]},{"$i":"softkey-options","$v":"पर्याय"}]