[{"$i":"select","$v":"चयन गर्नुहोस्"},{"$i":"tcl-select","$v":"चयन गर्नुहोस्"},{"$i":"invalid-image","$v":"अमान्य प्रतिबिम्ब"},{"$i":"image-too-big","$v":"ग्यालरीमा प्रतिबिम्ब फाइलको आकार धेरै ठूलो छ हेर्नुहोस्"},{"$i":"tcl-selected-items-count","$v":[{"t":"idOrVar","v":"n"}," चयन गरियो"]},{"$i":"delete-photo?","$v":"फोटो मेटाउनुहोस् ?"},{"$i":"delete-video?","$v":"भिडियो मेटाउनुहोस् ?"},{"$i":"delete-n-items?","$v":{"zero":"केहीपनि चयन गरिएन","one":"चयन गरिएको वस्तुलाई मेटाउनुहोस् ?","two":[{"t":"idOrVar","v":"n"}," वस्तुहरू हटाउनुहोस् ?"],"few":[{"t":"idOrVar","v":"n"}," वस्तुहरू हटाउनुहोस् ?"],"many":[{"t":"idOrVar","v":"n"}," वस्तुहरू हटाउनुहोस् ?"],"other":[{"t":"idOrVar","v":"n"}," वस्तुहरू हटाउनुहोस् ?"]},"$x":[{"t":"idOrVar","v":"plural"},"n"]},{"$i":"tcl-contact-set-ok","$v":"सम्पर्क छवि थप्नुहोस्"},{"$i":"tcl-contact-set-fail","$v":"सम्पर्क छवि सेट गर्न असफल भयो"},{"$i":"tcl-exposure-done","$v":"प्रभावित लागु गरियो"},{"$i":"tcl-rotation-done","$v":"छवि घुमाइयो"},{"$i":"tcl-crop-done","$v":"प्रतिबिम्ब काँटछाँट गरियो"},{"$i":"tcl-filters-done","$v":"फिल्टर लागू गरियो"},{"$i":"tcl-autocorrection-done","$v":"स्वत-सुधार लागू गर्नुहोस्"},{"$i":"tcl-changes-saved","$v":"परिवर्तनहरू बचत गरियो"},{"$i":"wallpaper-set","$v":"वालपेपर सेट गर्नुहोस्"},{"$i":"tcl-single-image-locked","$v":"चयन गरिएको छवि लक भयो"},{"$i":"tcl-single-image-unlocked","$v":"चयन गरिएको छवि अनलक भयो"},{"$i":"tcl-single-image-deleted","$v":"फोटो मेाटइयो।"},{"$i":"tcl-multiple-images-locked","$v":{"zero":"छविमा ताल्चा लगाइएको छैन","one":[{"t":"idOrVar","v":"n"}," छविलाई लक गरियो"],"other":[{"t":"idOrVar","v":"n"}," छविहरू लक गरिए"]},"$x":[{"t":"idOrVar","v":"plural"},"n"]},{"$i":"tcl-multiple-images-unlocked","$v":{"zero":"छविमा ताल्चा लगाइएको छैन","one":[{"t":"idOrVar","v":"n"}," छविलाई अनलक गरियो"],"other":[{"t":"idOrVar","v":"n"}," छविहरू अनलक गरिए"]},"$x":[{"t":"idOrVar","v":"plural"},"n"]},{"$i":"tcl-deleted-n-photos","$v":{"zero":"छवि मेटाइएन","one":[{"t":"idOrVar","v":"n"}," छवि मेटाइयो"],"other":[{"t":"idOrVar","v":"n"}," छविहरू मेटाइए"]},"$x":[{"t":"idOrVar","v":"plural"},"n"]},{"$i":"tcl-undo","$v":"अनडू गर्नुहोस्"},{"$i":"pickoneimage2","$v":"चयन गर्नुहोस्"},{"$i":"cropimage","$v":"क्रप गर्नुहोस्"},{"$i":"tcl-no","$v":"होइन"},{"$i":"tcl-on","$v":"खुला"},{"$i":"tcl-off","$v":"निष्क्रिय"},{"$i":"tcl-return","$v":"फर्कनुहोस्"},{"$i":"cancel","$v":"रद्द गर्नुहोस्"},{"$i":"delete","$v":"मेट्नुहोस्"},{"$i":"ok","$v":"ठीक छ"},{"$i":"edit","$v":"सम्पादन गर्नुहोस्"},{"$i":"save","$v":"सुरक्षित गर्नुहोस्"},{"$i":"done","$v":"भयो"},{"$i":"exposure","$v":"एक्स्पोजर"},{"$i":"crop","$v":"क्रप गर्नुहोस्"},{"$i":"effects","$v":"प्रभावहरू"},{"$i":"borders","$v":"सीमाहरू"},{"$i":"enhance-on","$v":"स्वत-सुधार खुला गर्नुहोस्"},{"$i":"enhance-off","$v":"स्वत-सुधार बन्द गर्नुहोस्"},{"$i":"tcl-exit","$v":"बाहिर"},{"$i":"tcl-set","$v":"सेट गर्नुहोस्"},{"$i":"tcl-takephoto","$v":"फोटो खिच्नुहोस्"},{"$i":"tcl-options","$v":"विकल्पहरू"},{"$i":"tcl-select-all","$v":"सबै चयन गर्नुहोस्"},{"$i":"tcl-deselect-all","$v":"सबै चयनलाई रद्द गर्नुहोस्"},{"$i":"tcl-lock","$v":"लक गर्नुहोस्"},{"$i":"tcl-unlock","$v":"खोल्नुहोस्"},{"$i":"tcl-rename","$v":"पुनःनामाकरण गर्नुहोस्"},{"$i":"tcl-rotate","$v":"घुमाउनुहोस्"},{"$i":"tcl-share","$v":"साझेदारी"},{"$i":"tcl-settings","$v":"सेटिङ्हरू"},{"$i":"tcl-set-as","$v":"को रूपमा सेट गर्नुहोस्"},{"$i":"tcl-wallpaper","$v":"वालपेपर"},{"$i":"tcl-existing-contact-image","$v":"विद्यमान सम्पर्कको लागि छवि"},{"$i":"tcl-zoom","$v":"जुम"},{"$i":"tcl-zoom-in","$v":"जुम इन"},{"$i":"tcl-zoom-out","$v":"जुम आउट"},{"$i":"tcl-file-info","$v":"फाइल जानकारी"},{"$i":"tcl-select-multiple","$v":"विविध चयन गर्नुहोस्"},{"$i":"tcl-invalid-name","$v":"अमान्य नाम"},{"$i":"tcl-name-already-exists","$v":"यो नाम पहिले नै अवस्थित छ"},{"$i":"tcl-override-warning-msg","$v":"तपाईं विद्यमान छविलाई रद्द गर्न चाहनुहुन्छ ?"},{"$i":"tcl-override","$v":"उल्लङ्घन"},{"$i":"tcl-edit-title","$v":"तस्विर सम्पादन गर्नुहोस्"},{"$i":"tcl-edit-exposure","$v":"एक्स्पोजर"},{"$i":"tcl-edit-crop","$v":"क्रप गर्नुहोस्"},{"$i":"tcl-edit-rotate","$v":"घुमाउनुहोस्"},{"$i":"tcl-edit-filters","$v":"फिल्टरहरू"},{"$i":"tcl-edit-auto-correct","$v":"स्वतः सुधार"},{"$i":"edit-exposure","ariaLabel":"एक्स्पोजर"},{"$i":"edit-crop","ariaLabel":"क्रप गर्नुहोस्"},{"$i":"edit-rotate","ariaLabel":"घुमाउनुहोस्"},{"$i":"edit-filters","ariaLabel":"फिल्टरहरू"},{"$i":"edit-auto-correct","ariaLabel":"स्वतः सुधार"},{"$i":"tcl-crop-none","$v":"क्रपिङ अनडु गर्नुहोस्"},{"$i":"tcl-crop-aspect-free","$v":"पूर्वनिर्धारित"},{"$i":"tcl-crop-aspect-portrait","$v":"2:3"},{"$i":"tcl-crop-aspect-landscape","$v":"3:2"},{"$i":"tcl-crop-aspect-square","$v":"1:1"},{"$i":"crop-none","ariaLabel":"क्रपिङ अनडु गर्नुहोस्"},{"$i":"crop-aspect-free","ariaLabel":"पूर्वनिर्धारित"},{"$i":"crop-aspect-portrait","ariaLabel":"2:3"},{"$i":"crop-aspect-landscape","ariaLabel":"3:2"},{"$i":"crop-aspect-square","ariaLabel":"1:1"},{"$i":"tcl-edit-filters-none","$v":"फिल्टर 1"},{"$i":"tcl-edit-filters-bw","$v":"फिल्टर 2"},{"$i":"tcl-edit-filters-sepia","$v":"फिल्टर 3"},{"$i":"tcl-edit-filters-bluesteel","$v":"फिल्टर 4"},{"$i":"tcl-edit-filters-faded","$v":"फिल्टर 5"},{"$i":"edit-filters-none","ariaLabel":"फिल्टर 1"},{"$i":"edit-filters-bw","ariaLabel":"फिल्टर 2"},{"$i":"edit-filters-sepia","ariaLabel":"फिल्टर 3"},{"$i":"edit-filters-bluesteel","ariaLabel":"फिल्टर 4"},{"$i":"edit-filters-faded","ariaLabel":"फिल्टर 5"},{"$i":"tcl-rotate-cw","$v":"CW"},{"$i":"tcl-rotate-ccw","$v":"CCW"},{"$i":"original","$v":"वास्तविक"},{"$i":"blackandwhite","$v":{"$o":"B&W"}},{"$i":"sepia","$v":"सेपिया"},{"$i":"freeform","$v":"फ्रिफर्म"},{"$i":"portrait","$v":"पोट्रेट"},{"$i":"landscape","$v":"परिदृश्य"},{"$i":"square","$v":"वर्गाकार"},{"$i":"emptygallery2-title","$v":"फोटोहरू वा भिडियोहरू छैनन्"},{"$i":"emptygallery2-text","$v":"ग्यालरी खाली छ। फोटोहरू क्लिक गर्न क्यामेरा प्रयोग गर्नुहोस्"},{"$i":"emptygallery2-title-pick","$v":"फोटोहरू छैनन्"},{"$i":"emptygallery-text-pick","$v":"फोटोहरू उपलब्ध छैन।"},{"$i":"nocard3-title","$v":"मेमोरी कार्ड छैन"},{"$i":"nocard4-text","$v":"एप्लिकेसन प्रयोग गर्न मेमोरी कार्ड घुसाउनुहोस्।"},{"$i":"pluggedin2-title","$v":"मेमेरी कार्ड प्रयोगमा छ"},{"$i":"pluggedin2-text","$v":"भण्डारण प्रयोगमा छ। कृपया फोनबाट एप्लिकेसन प्रयोग गर्न अनप्लग गर्नुहोस्।"},{"$i":"scanning-title","$v":"स्क्यान गर्दै"},{"$i":"tcl-scanning-text","$v":"फोटोहरूको लागि हेर्दै गर्नुहोस्"},{"$i":"scanning-text","$v":"फोटोहरूको लागि स्क्यानिङ..."},{"$i":"upgrade-title","$v":"डेटाबेस स्तरवृद्धि"},{"$i":"upgrade-text","$v":"कृपया ग्यालरीले डाटाबेस अद्यावधिक गर्दा प्रतिक्षा गर्नुहोस्।"},{"$i":"share-noprovider","$v":"यो तस्विर फाइलको प्रकार साझा गर्न सकिएन।"},{"$i":"memorycardfull","$v":"भण्डार भरिएको छ। फोटोहरू सम्पादन गर्न सकिदैन।"},{"$i":"imagetoobig","$v":"यस यन्त्रमा प्रदर्शन गर्न प्रतिबिम्ब धेरै ठूलो छ।"},{"$i":"imageinvalid","$v":"प्रतिबिम्ब अमान्य वा भ्रष्ट छ र प्रदर्शन गरिएको छैन।"},{"$i":"saved","$v":[{"t":"idOrVar","v":"filename"}," ग्यालरीमा बचत गरियो"]},{"$i":"edit-copy-saved","$v":"नयाँ प्रतिलिपि बचत गरियो।"},{"$i":"overlay-camera-button","$v":"क्यामेरामा जानुहोस्"},{"$i":"name-label","$v":"नाम"},{"$i":"size-label","$v":"आकार"},{"$i":"image-type-label","$v":"प्रतिबिम्ब प्रकार"},{"$i":"tcl-date-and-time-label","$v":"मिति र समय"},{"$i":"date-taken-label","$v":"मिति लिइयो"},{"$i":"resolution-label","$v":"रिजोल्यूसन"},{"$i":"close-button","$v":"बन्द गर्नुहोस्"},{"$i":"byteUnit-B","$v":"बाइट"},{"$i":"byteUnit-KB","$v":"KB"},{"$i":"byteUnit-MB","$v":"MB"},{"$i":"byteUnit-GB","$v":"GB"},{"$i":"gallery","$v":"ग्यालरी"},{"$i":"preview","$v":"पूर्वावलोकन"},{"$i":"tcl-confirmation","$v":"पुष्टिकरण"},{"$i":"tcl-delete-this-image","$v":"फोटो हटाउनुहोस् ?"},{"$i":"tcl-delete-selected-image","$v":"चयन गरिएको फोटो हटाउनुहोस् ?"},{"$i":"tcl-delete-selected-images","$v":"चयन गरिएको फोटोहरू मेटाउनुहोस् ?"},{"$i":"tcl-delete-photos","$v":{"one":["तपाईं निश्चित रूपमा ",{"t":"idOrVar","v":"n"}," चयन गरिएको फोटोलाई मेटाउन चाहनुहुन्छ ?"],"other":["तपाईं निश्चित रूपमा ",{"t":"idOrVar","v":"n"}," चयन गरिएको फोटोहरूलाई मेटाउन चाहनुहुन्छ ?"]},"$x":[{"t":"idOrVar","v":"plural"},"n"]},{"$i":"tcl-lost-warning","$v":"सबै परिवर्तन हरायो।"},{"$i":"tcl-save-changes?","$v":"तपाईं परिवर्तनहरू बचत गर्न चाहनुहुन्छ"},{"$i":"tcl-close-warning","$v":"एप्लिकेसन डेटा क्षतिसँग बन्द गरियो।"},{"$i":"tcl-back-to-editing?","$v":"तपाईं सम्पादन गर्नेमा फर्कन चाहनुहुन्छ?"},{"$i":"tcl-gallery-settings","$v":"ग्यालरी सेटिङहरू"},{"$i":"tcl-sort-by","$v":"यसद्वारा क्रमवद्घ गर्नुहोस्"},{"$i":"tcl-group-by-date-and-location","$v":"मितिद्वारा ग्रुप गर्नुहोस्"},{"$i":"tcl-error","$v":"त्रुटि"},{"$i":"tcl-error-delete-locked-image","$v":"चयन भएको छवि लक छ र मेट्न सकिदैन!"},{"$i":"tcl-error-delete-locked-images","$v":"चयन भएको तस्वीरहरूले सुरक्षित तस्विर आवृत गर्छ र त्यसलाई मेट्न सकिदैन!"},{"$i":"tcl-enter-new-name","$v":"नयाँ नाम प्रविष्ट गर्नुहोस्"},{"$i":"sort-and-group","$v":"क्रमबद्ध गरेर समूह बनाउनुहोस्"},{"$i":"tcl-orientationLandscape","$v":"परिदृश्य"},{"$i":"tcl-videoDescriptionNoTimestamp","$v":[{"t":"idOrVar","v":"orientation"}," भिडियो"]},{"$i":"tcl-orientationPortrait","$v":"पोट्रेट"},{"$i":"tcl-imageDescription","$v":[{"t":"idOrVar","v":"orientation"}," छवि, %I:%M %p, %B %e, %Y"]},{"$i":"time_am","$v":"AM"},{"$i":"time_pm","$v":"PM"},{"$i":"date-group-header","$v":"%B %Y"},{"$i":"videoDescriptionShort","$v":"मितिको भिडियो %I:%M %p, %B %e, %Y"},{"$i":"imageDescriptionShort","$v":"प्रतिबिम्ब मितिको %I:%M %p, %B %e, %Y"},{"$i":"editImagePreview","ariaLabel":"छविको पूर्वावलोकन सम्पादन गर्नुहोस्"},{"$i":"tcl-pickoneimage","$v":"फोटो चयन गर्नुहोस"},{"$i":"discard-changes-warning","$v":"सबै परिवर्तन हरायो। तपाईं परिवर्तनहरू हटाउन चाहनुहुन्छ ?"},{"$i":"save-changes-warning","$v":"सबै परिवर्तन हरायो। तपाईं परिवर्तनहरू बचत गर्न चाहनुहुन्छ ?"},{"$i":"discard","$v":"त्याग्नुहोस्"},{"$i":"weekday-0-long","$v":"आइतबार"},{"$i":"weekday-1-long","$v":"सोमबार"},{"$i":"weekday-2-long","$v":"मङ्गलबार"},{"$i":"weekday-3-long","$v":"बुधबार"},{"$i":"weekday-4-long","$v":"बिहिबार"},{"$i":"weekday-5-long","$v":"शुक्रबार"},{"$i":"weekday-6-long","$v":"शनिबार"},{"$i":"weekday-0-short","$v":"सूर्य"},{"$i":"weekday-1-short","$v":"सोमबार"},{"$i":"weekday-2-short","$v":"मङ्गलबार"},{"$i":"weekday-3-short","$v":"बुधबार"},{"$i":"weekday-4-short","$v":"बिहीबार"},{"$i":"weekday-5-short","$v":"शुक्रबार"},{"$i":"weekday-6-short","$v":"शनिबार"},{"$i":"month-0-long","$v":"जनवरी"},{"$i":"month-1-long","$v":"फेब्रुअरी"},{"$i":"month-2-long","$v":"मार्च"},{"$i":"month-3-long","$v":"अप्रिल"},{"$i":"month-4-long","$v":"मे"},{"$i":"month-5-long","$v":"जुन"},{"$i":"month-6-long","$v":"जुलाइ"},{"$i":"month-7-long","$v":"अगस्ट"},{"$i":"month-8-long","$v":"सेप्टेम्बर"},{"$i":"month-9-long","$v":"अक्टुबर"},{"$i":"month-10-long","$v":"नोभेम्बर"},{"$i":"month-11-long","$v":"डिसेम्बर"},{"$i":"month-0-genitive","$v":"जनवरी"},{"$i":"month-1-genitive","$v":"फेब्रुअरी"},{"$i":"month-2-genitive","$v":"मार्च"},{"$i":"month-3-genitive","$v":"अप्रिल"},{"$i":"month-4-genitive","$v":"मे"},{"$i":"month-5-genitive","$v":"जुन"},{"$i":"month-6-genitive","$v":"जुलाइ"},{"$i":"month-7-genitive","$v":"अगस्ट"},{"$i":"month-8-genitive","$v":"सेप्टेम्बर"},{"$i":"month-9-genitive","$v":"अक्टुबर"},{"$i":"month-10-genitive","$v":"नोभेम्बर"},{"$i":"month-11-genitive","$v":"डिसेम्बर"},{"$i":"month-0-short","$v":"जनवरी"},{"$i":"month-1-short","$v":"फेब्रुअरी"},{"$i":"month-2-short","$v":"मार्च"},{"$i":"month-3-short","$v":"अप्रिल"},{"$i":"month-4-short","$v":"मे"},{"$i":"month-5-short","$v":"जुन"},{"$i":"month-6-short","$v":"जुलाई"},{"$i":"month-7-short","$v":"अगस्ट"},{"$i":"month-8-short","$v":"सेप्टेम्बर"},{"$i":"month-9-short","$v":"अक्टोबर"},{"$i":"month-10-short","$v":"नोभेम्बर"},{"$i":"month-11-short","$v":"डिसेम्बर"},{"$i":"minutes-ago-long","$v":{"zero":"अहिले भर्खर","one":"एक मिनेट अघि","two":[{"t":"idOrVar","v":"value"}," मिनेट पहिला"],"few":[{"t":"idOrVar","v":"value"}," मिनेट पहिला"],"many":[{"t":"idOrVar","v":"value"}," मिनेट पहिला"],"other":[{"t":"idOrVar","v":"value"}," मिनेट पहिला"]},"$x":[{"t":"idOrVar","v":"plural"},"value"]},{"$i":"hours-ago-long","$v":{"zero":"अहिले भर्खर","one":"एक घण्टा अघि","two":[{"t":"idOrVar","v":"value"}," घण्टा पहिला"],"few":[{"t":"idOrVar","v":"value"}," घण्टा पहिला"],"many":[{"t":"idOrVar","v":"value"}," घण्टा पहिला"],"other":[{"t":"idOrVar","v":"value"}," घण्टा पहिला"]},"$x":[{"t":"idOrVar","v":"plural"},"value"]},{"$i":"days-ago-long","$v":{"zero":"आज","one":"हिजो","two":[{"t":"idOrVar","v":"value"}," दिन पहिला"],"few":[{"t":"idOrVar","v":"value"}," दिन पहिला"],"many":[{"t":"idOrVar","v":"value"}," दिन पहिला"],"other":[{"t":"idOrVar","v":"value"}," दिन पहिला"]},"$x":[{"t":"idOrVar","v":"plural"},"value"]},{"$i":"weeks-ago-long","$v":{"zero":"यो हप्ता","one":"गत हप्ता","two":[{"t":"idOrVar","v":"value"}," हप्ता पहिला"],"few":[{"t":"idOrVar","v":"value"}," हप्ता पहिला"],"many":[{"t":"idOrVar","v":"value"}," हप्ता पहिला"],"other":[{"t":"idOrVar","v":"value"}," हप्ता पहिला"]},"$x":[{"t":"idOrVar","v":"plural"},"value"]},{"$i":"months-ago-long","$v":{"zero":"यो महिना","one":"गत महिना","two":[{"t":"idOrVar","v":"value"}," महिना पहिला"],"few":[{"t":"idOrVar","v":"value"}," महिना पहिला"],"many":[{"t":"idOrVar","v":"value"}," महिना पहिला"],"other":[{"t":"idOrVar","v":"value"}," महिना पहिला"]},"$x":[{"t":"idOrVar","v":"plural"},"value"]},{"$i":"years-ago-long","$v":{"zero":"यो वर्ष","one":"गएको वर्ष","two":[{"t":"idOrVar","v":"value"}," वर्ष पहिला"],"few":[{"t":"idOrVar","v":"value"}," वर्ष पहिला"],"many":[{"t":"idOrVar","v":"value"}," वर्ष पहिला"],"other":[{"t":"idOrVar","v":"value"}," वर्ष पहिला"]},"$x":[{"t":"idOrVar","v":"plural"},"value"]},{"$i":"minutes-until-long","$v":{"zero":"अहिले","one":"एक मिनेटमा","two":[{"t":"idOrVar","v":"value"}," मिनेटमा"],"few":[{"t":"idOrVar","v":"value"}," मिनेटमा"],"many":[{"t":"idOrVar","v":"value"}," मिनेटमा"],"other":[{"t":"idOrVar","v":"value"}," मिनेटमा"]},"$x":[{"t":"idOrVar","v":"plural"},"value"]},{"$i":"hours-until-long","$v":{"zero":"अहिले","one":"एक घण्टामा","two":[{"t":"idOrVar","v":"value"}," घण्टामा"],"few":[{"t":"idOrVar","v":"value"}," घण्टामा"],"many":[{"t":"idOrVar","v":"value"}," घण्टामा"],"other":[{"t":"idOrVar","v":"value"}," घण्टामा"]},"$x":[{"t":"idOrVar","v":"plural"},"value"]},{"$i":"days-until-long","$v":{"zero":"आज","one":"भोली","two":[{"t":"idOrVar","v":"value"}," दिनमा"],"few":[{"t":"idOrVar","v":"value"}," दिनमा"],"many":[{"t":"idOrVar","v":"value"}," दिनमा"],"other":[{"t":"idOrVar","v":"value"}," दिनमा"]},"$x":[{"t":"idOrVar","v":"plural"},"value"]},{"$i":"weeks-until-long","$v":{"zero":"यो हप्ता","one":"अर्को हप्ता","two":[{"t":"idOrVar","v":"value"}," हप्तामा"],"few":[{"t":"idOrVar","v":"value"}," हप्तामा"],"many":[{"t":"idOrVar","v":"value"}," हप्तामा"],"other":[{"t":"idOrVar","v":"value"}," हप्तामा"]},"$x":[{"t":"idOrVar","v":"plural"},"value"]},{"$i":"months-until-long","$v":{"zero":"यो महिना","one":"अर्को महिना","two":[{"t":"idOrVar","v":"value"}," महिनामा"],"few":[{"t":"idOrVar","v":"value"}," महिनामा"],"many":[{"t":"idOrVar","v":"value"}," महिनामा"],"other":[{"t":"idOrVar","v":"value"}," महिनामा"]},"$x":[{"t":"idOrVar","v":"plural"},"value"]},{"$i":"years-until-long","$v":{"zero":"यो वर्ष","one":"अर्को वर्ष","two":[{"t":"idOrVar","v":"value"}," वर्षमा"],"few":[{"t":"idOrVar","v":"value"}," वर्षमा"],"many":[{"t":"idOrVar","v":"value"}," वर्षमा"],"other":[{"t":"idOrVar","v":"value"}," वर्षमा"]},"$x":[{"t":"idOrVar","v":"plural"},"value"]},{"$i":"minutes-ago-short","$v":{"zero":"अहिले भर्खर","other":[{"t":"idOrVar","v":"value"}," मिनेट पहिला"]},"$x":[{"t":"idOrVar","v":"plural"},"value"]},{"$i":"hours-ago-short","$v":{"zero":"अहिले भर्खर","other":[{"t":"idOrVar","v":"value"},"घण्टा पहिला"]},"$x":[{"t":"idOrVar","v":"plural"},"value"]},{"$i":"days-ago-short","$v":{"zero":"आज","other":[{"t":"idOrVar","v":"value"},"दिन पहिला"]},"$x":[{"t":"idOrVar","v":"plural"},"value"]},{"$i":"minutes-until-short","$v":{"zero":"अहिले","other":[{"t":"idOrVar","v":"value"}," मिनेटमा"]},"$x":[{"t":"idOrVar","v":"plural"},"value"]},{"$i":"hours-until-short","$v":{"zero":"अहिले","other":[{"t":"idOrVar","v":"value"}," घण्टामा"]},"$x":[{"t":"idOrVar","v":"plural"},"value"]},{"$i":"days-until-short","$v":{"zero":"आज","other":[{"t":"idOrVar","v":"value"}," दिनमा"]},"$x":[{"t":"idOrVar","v":"plural"},"value"]},{"$i":"incorrectDate","$v":"(गलत मिति)"},{"$i":"dateTimeFormat_%c","$v":"%a %b %e %Y %I:%M:%S %p"},{"$i":"dateTimeFormat_%x","$v":"%m/%d/%Y"},{"$i":"dateTimeFormat_%X","$v":"%I:%M:%S %p"},{"$i":"shortTimeFormat","$v":"%I:%M %p"},{"$i":"shortTimeFormat12","$v":"%I:%M %p"},{"$i":"shortTimeFormat24","$v":"%H:%M"},{"$i":"shortDateTimeFormat","$v":"%x %I:%M %p"},{"$i":"weekStartsOnMonday","$v":"0"},{"$i":"firstDayOfTheWeek","$v":"0"},{"$i":"imageDescription","$v":[{"t":"idOrVar","v":"orientation"}," छवि, %I:%M %p, %B %e, %Y"]},{"$i":"imageDescriptionNoTimestamp","$v":[{"t":"idOrVar","v":"orientation"}," छवि"]},{"$i":"videoDescription","$v":[{"t":"idOrVar","v":"orientation"}," भिडियो, %I:%M %p, %B %e, %Y"]},{"$i":"videoDescriptionNoTimestamp","$v":[{"t":"idOrVar","v":"orientation"}," भिडियो"]},{"$i":"orientationPortrait","$v":"पोट्रेट"},{"$i":"orientationLandscape","$v":"परिदृश्य"},{"$i":"playbackPlay","ariaLabel":"चलाउनुहोस्"},{"$i":"playbackPause","ariaLabel":"पज गर्नुहोस्"},{"$i":"playbackNext","ariaLabel":"अर्को"},{"$i":"playbackPrevious","ariaLabel":"अघिल्लो"},{"$i":"playbackFullscreen","ariaLabel":"पूर्ण स्क्रिन"},{"$i":"playbackSeekBar","ariaLabel":["खोज्ने पट्टी, अवधि ",{"t":"idOrVar","v":"duration"}]},{"$i":"softkey-options","$v":"विकल्पहरू"}]