[{"$i":"select","$v":"ଚୟନ କରନ୍ତୁ"},{"$i":"tcl-select","$v":"ଚୟନ କରନ୍ତୁ"},{"$i":"invalid-image","$v":"ଅବୈଧ ଫଟୋ"},{"$i":"image-too-big","$v":"ଗ୍ୟାଲେରୀରେ ଦେଖାଇବାକୁ ଫଟୋ ଫାଇଲ୍ ଆକାର ବହୁତ ବଡ ଅଛି |"},{"$i":"tcl-selected-items-count","$v":[{"t":"idOrVar","v":"n"}," ଚୟନିତ"]},{"$i":"delete-photo?","$v":"ଫଟୋ ବିଲୋପ କରିବେ ?"},{"$i":"delete-video?","$v":"ଭିଡିଓ ବିଲୋପ କରିବେ ?"},{"$i":"delete-n-items?","$v":{"zero":"କିଛି ବି ଚୟନିତ ହୋଇନାହିଁ","one":"ଚୟନିତ ଆଇଟମ୍‌ ବିଲୋପ କରିବେ ?","two":[{"t":"idOrVar","v":"n"}," ଆଇଟମଗୁଡିକ ବିଲୋପ କରିବେ ?"],"few":[{"t":"idOrVar","v":"n"}," ଆଇଟମଗୁଡିକ ବିଲୋପ କରିବେ ?"],"many":[{"t":"idOrVar","v":"n"}," ଆଇଟମଗୁଡିକ ବିଲୋପ କରିବେ ?"],"other":[{"t":"idOrVar","v":"n"}," ଆଇଟମଗୁଡିକ ବିଲୋପ କରିବେ ?"]},"$x":[{"t":"idOrVar","v":"plural"},"n"]},{"$i":"tcl-contact-set-ok","$v":"ସମ୍ପର୍କ ଫଟୋ ଯୋଡାଯାଇଛି"},{"$i":"tcl-contact-set-fail","$v":"ସମ୍ପର୍କ ଫଟୋ ସେଟ୍ କରିବା ବିଫଳ"},{"$i":"tcl-exposure-done","$v":"ଏକ୍ସପୋଜର୍ ପ୍ରୟୋଗ ହୋଇଛି"},{"$i":"tcl-rotation-done","$v":"ଫଟୋ ଘୁର୍ଣ୍ଣନ ହୋଇଛି"},{"$i":"tcl-crop-done","$v":"ଫଟୋ କ୍ରପ୍‌ ହୋଇଛି"},{"$i":"tcl-filters-done","$v":"ଫିଲ୍ଟର୍ ପ୍ରୟୋଗ ହୋଇଛି"},{"$i":"tcl-autocorrection-done","$v":"ସ୍ଵତଃ-ସଂଶୋଧନ ପ୍ରୟୋଗ ହୋଇଛି"},{"$i":"tcl-changes-saved","$v":"ପରିବର୍ତ୍ତନଗୁଡିକ ସେଭ୍ ହୋଇଛି"},{"$i":"wallpaper-set","$v":"ୱାଲ୍‌ପେପର୍ ସେଟ୍"},{"$i":"tcl-single-image-locked","$v":"ଚୟନିତ ଫଟୋ ଲକ୍ ହୋଇଛି"},{"$i":"tcl-single-image-unlocked","$v":"ଚୟନିତ ଫଟୋ ଅନ୍‌ଲକ୍ ହୋଇଛି"},{"$i":"tcl-single-image-deleted","$v":"ଫଟୋ ବିଲୋପ ହୋ‌ଇଛି |"},{"$i":"tcl-multiple-images-locked","$v":{"zero":"ଫଟୋ ଲକ୍ ହୋଇନାହିଁ","one":[{"t":"idOrVar","v":"n"}," ଫଟୋ ଲକ୍ ହୋଇଛି"],"other":[{"t":"idOrVar","v":"n"}," ଫଟୋଗୁଡିକ ଲକ୍ ହୋଇଛି"]},"$x":[{"t":"idOrVar","v":"plural"},"n"]},{"$i":"tcl-multiple-images-unlocked","$v":{"zero":"ଫଟୋ ଲକ୍ ହୋଇନାହିଁ","one":[{"t":"idOrVar","v":"n"}," ଫଟୋ ଅନଲକ୍ ହୋଇଛି"],"other":[{"t":"idOrVar","v":"n"}," ଫଟୋଗୁଡିକ ଅନ୍‌ଲକ୍ ହୋଇଛି"]},"$x":[{"t":"idOrVar","v":"plural"},"n"]},{"$i":"tcl-deleted-n-photos","$v":{"zero":"ଫଟୋ ବିଲୋପନ ହୋଇନାହିଁ","one":[{"t":"idOrVar","v":"n"}," ଫଟୋ ବିଲୋପିତ"],"other":[{"t":"idOrVar","v":"n"}," ଫଟୋଗୁଡିକ ବିଲୋପିତ"]},"$x":[{"t":"idOrVar","v":"plural"},"n"]},{"$i":"tcl-undo","$v":"ପୂର୍ବବତ୍ କରନ୍ତୁ"},{"$i":"pickoneimage2","$v":"ଚୟନ କରନ୍ତୁ"},{"$i":"cropimage","$v":"କ୍ରପ୍ କରନ୍ତୁ"},{"$i":"tcl-no","$v":"ନାହିଁ"},{"$i":"tcl-on","$v":"ଅନ୍"},{"$i":"tcl-off","$v":"ଅଫ୍"},{"$i":"tcl-return","$v":"ଫେରନ୍ତୁ"},{"$i":"cancel","$v":"ବାତିଲ କରନ୍ତୁ"},{"$i":"delete","$v":"ବିଲୋପ କରନ୍ତୁ"},{"$i":"ok","$v":"ଓକେ"},{"$i":"edit","$v":"ସମ୍ପାଦନ କରନ୍ତୁ"},{"$i":"save","$v":"ସେଭ୍ କରନ୍ତୁ"},{"$i":"done","$v":"ସମ୍ପୁର୍ଣ୍ଣ"},{"$i":"exposure","$v":"ଏକ୍ସପୋଜର୍"},{"$i":"crop","$v":"କ୍ରପ୍ କରନ୍ତୁ"},{"$i":"effects","$v":"ପ୍ରଭାବ"},{"$i":"borders","$v":"ବର୍ଡର୍ସ"},{"$i":"enhance-on","$v":"ସ୍ଵତଃ-ବର୍ଦ୍ଧନ ଅନ୍‌"},{"$i":"enhance-off","$v":"ସ୍ଵତଃ-ବର୍ଦ୍ଧନ ଅଫ୍"},{"$i":"tcl-exit","$v":"ପ୍ରସ୍ଥାନ କରନ୍ତୁ"},{"$i":"tcl-set","$v":"ସେଟ୍ କରନ୍ତୁ"},{"$i":"tcl-takephoto","$v":"ଫଟୋ ଉଠାନ୍ତୁ"},{"$i":"tcl-options","$v":"ବିକଳ୍ପଗୁଡିକ"},{"$i":"tcl-select-all","$v":"ସମସ୍ତ ଚୟନ କରନ୍ତୁ"},{"$i":"tcl-deselect-all","$v":"ସମସ୍ତ ଅଣଚୟନ କରନ୍ତୁ"},{"$i":"tcl-lock","$v":"ଲକ୍ କରନ୍ତୁ"},{"$i":"tcl-unlock","$v":"ଅନ୍‌ଲକ୍ କରନ୍ତୁ"},{"$i":"tcl-rename","$v":"ନାମ ବଦଳାନ୍ତୁ"},{"$i":"tcl-rotate","$v":"ଘୁର୍ଣ୍ଣନ କରନ୍ତୁ"},{"$i":"tcl-share","$v":"ଅଂଶୀଦାର କରନ୍ତୁ"},{"$i":"tcl-settings","$v":"ସେଟିଂସ୍"},{"$i":"tcl-set-as","$v":"ଏହି ଭାବେ ସେଟ୍ କରନ୍ତୁ"},{"$i":"tcl-wallpaper","$v":"ୱାଲ୍‌ପେପର୍"},{"$i":"tcl-existing-contact-image","$v":"ପୁର୍ବରୁ ବିଦ୍ୟମାନ ଥିବା ସମ୍ପର୍କ ପାଇଁ ଇମେଜ୍"},{"$i":"tcl-zoom","$v":"ଜୁମ୍ କରନ୍ତୁ"},{"$i":"tcl-zoom-in","$v":"ଜୁମ୍ ଇନ୍"},{"$i":"tcl-zoom-out","$v":"ଜୁମ୍ ଆଉଟ୍ କରନ୍ତୁ"},{"$i":"tcl-file-info","$v":"ଫାଇଲ୍ ସୂଚନା"},{"$i":"tcl-select-multiple","$v":"ଏକାଧିକ ଚୟନ କରନ୍ତୁ"},{"$i":"tcl-invalid-name","$v":"ଅବୈଧ ନାମ"},{"$i":"tcl-name-already-exists","$v":"ଏହି ନାମ ପୂର୍ବରୁ ବିଦ୍ୟମାନ"},{"$i":"tcl-override-warning-msg","$v":"ଆପଣ ବିଦ୍ୟମାନ ଫଟୋଗୁଡିକୁ ଅଧିଲିଖନ କରିବାକୁ ଚାହାଁନ୍ତି ?"},{"$i":"tcl-override","$v":"ଅଧିଲିଖନ କରନ୍ତୁ"},{"$i":"tcl-edit-title","$v":"ଫଟୋ ସମ୍ପାଦନ କରନ୍ତୁ"},{"$i":"tcl-edit-exposure","$v":"ଏକ୍ସପୋଜର୍"},{"$i":"tcl-edit-crop","$v":"କ୍ରପ୍ କରନ୍ତୁ"},{"$i":"tcl-edit-rotate","$v":"ଘୁର୍ଣ୍ଣନ କରନ୍ତୁ"},{"$i":"tcl-edit-filters","$v":"ଫିଲ୍ଟରସ"},{"$i":"tcl-edit-auto-correct","$v":"ସ୍ଵତଃ-ସଂଶୋଧନ"},{"$i":"edit-exposure","ariaLabel":"ଏକ୍ସପୋଜର୍"},{"$i":"edit-crop","ariaLabel":"କ୍ରପ୍ କରନ୍ତୁ"},{"$i":"edit-rotate","ariaLabel":"ଘୁର୍ଣ୍ଣନ କରନ୍ତୁ"},{"$i":"edit-filters","ariaLabel":"ଫିଲ୍ଟରସ"},{"$i":"edit-auto-correct","ariaLabel":"ସ୍ଵତଃ-ସଂଶୋଧନ"},{"$i":"tcl-crop-none","$v":"କ୍ରପିଂ ପୂର୍ବବତ୍ କରନ୍ତୁ"},{"$i":"tcl-crop-aspect-free","$v":"ଡିଫଲ୍ଟ"},{"$i":"tcl-crop-aspect-portrait","$v":"2:3"},{"$i":"tcl-crop-aspect-landscape","$v":"3:2"},{"$i":"tcl-crop-aspect-square","$v":"1:1"},{"$i":"crop-none","ariaLabel":"କ୍ରପିଂ ପୂର୍ବବତ୍ କରନ୍ତୁ"},{"$i":"crop-aspect-free","ariaLabel":"ଡିଫଲ୍ଟ"},{"$i":"crop-aspect-portrait","ariaLabel":"2:3"},{"$i":"crop-aspect-landscape","ariaLabel":"3:2"},{"$i":"crop-aspect-square","ariaLabel":"1:1"},{"$i":"tcl-edit-filters-none","$v":"ଫିଲଟର 1"},{"$i":"tcl-edit-filters-bw","$v":"ଫିଲଟର 2"},{"$i":"tcl-edit-filters-sepia","$v":"ଫିଲଟର 3"},{"$i":"tcl-edit-filters-bluesteel","$v":"ଫିଲଟର 4"},{"$i":"tcl-edit-filters-faded","$v":"ଫିଲଟର 5"},{"$i":"edit-filters-none","ariaLabel":"ଫିଲଟର 1"},{"$i":"edit-filters-bw","ariaLabel":"ଫିଲଟର 2"},{"$i":"edit-filters-sepia","ariaLabel":"ଫିଲଟର 3"},{"$i":"edit-filters-bluesteel","ariaLabel":"ଫିଲଟର 4"},{"$i":"edit-filters-faded","ariaLabel":"ଫିଲଟର 5"},{"$i":"tcl-rotate-cw","$v":"CW"},{"$i":"tcl-rotate-ccw","$v":"CCW"},{"$i":"original","$v":"ମୂଳ"},{"$i":"blackandwhite","$v":{"$o":"B&W"}},{"$i":"sepia","$v":"ସେପିଆ"},{"$i":"freeform","$v":"ଫ୍ରିଫର୍ମ"},{"$i":"portrait","$v":"ପୋର୍ଟ୍ରେଟ୍"},{"$i":"landscape","$v":"ଲ୍ୟାଣ୍ଡସ୍କେପ୍"},{"$i":"square","$v":"ବର୍ଗକ୍ଷେତ୍ର"},{"$i":"emptygallery2-title","$v":"କୌଣସି ଫଟୋ କିମ୍ୱା ଭିଡିଓ ନାହିଁ"},{"$i":"emptygallery2-text","$v":"ଗ୍ୟାଲେରୀ ଖାଲି ଅଛି | ଫଟୋ ନେବା ପାଇଁ କ୍ୟାମେରା ବ୍ୟବହାର କରନ୍ତୁ"},{"$i":"emptygallery2-title-pick","$v":"କୌଣସି ଫଟୋ ନାହିଁ"},{"$i":"emptygallery-text-pick","$v":"କୌଣସି ଫଟୋ ଉପଲବ୍ଧ ନାହିଁ |"},{"$i":"nocard3-title","$v":"କୌଣସି ମେମୋରୀ କାର୍ଡ୍‌ ନାହିଁ"},{"$i":"nocard4-text","$v":"ଏହି ଆପ୍ ବ୍ୟବହାର କରିବାକୁ ଏକ ମେମୋରୀ କାର୍ଡ୍‌ ପ୍ରବେଶ କରନ୍ତୁ |"},{"$i":"pluggedin2-title","$v":"ମେମୋରୀ କାର୍ଡ଼ ବ୍ୟବହାରରେ ଅଛି"},{"$i":"pluggedin2-text","$v":"ଷ୍ଟୋରେଜ୍ ବ୍ୟବହାରରେ ଅଛି। ଏହି ଆପ୍ ବ୍ୟବହାର କରିବାକୁ ଦୟାକରି ଫୋନ୍ ଅନପ୍ଲଗ୍ କରନ୍ତୁ |"},{"$i":"scanning-title","$v":"ସ୍କାନ୍ ହେଉଛି"},{"$i":"tcl-scanning-text","$v":"ଫଟୋଗୁଡିକ ଖୋଜୁଛନ୍ତି"},{"$i":"scanning-text","$v":"ଫଟୋଗୁଡିକ ପାଇଁ ସ୍କାନ୍‌ ହେଉଛି.."},{"$i":"upgrade-title","$v":"ଡାଟାବେସ୍ ଅପ୍‌ଗ୍ରେଡ୍"},{"$i":"upgrade-text","$v":"ଗ୍ୟାଲେରୀ ଡାଟାବେସ୍ ଅପ୍‌ଡେଟ୍ କରିବା ସମୟରେ ଦୟାକରି ଅପେକ୍ଷା କରନ୍ତୁ |"},{"$i":"share-noprovider","$v":"ଏହି ପ୍ରକାରର ଇମେଜ୍ ଫାଇଲ୍ ଅଂଶୀଦାର କରିପାରିବେ ନାହିଁ |"},{"$i":"memorycardfull","$v":"ଷ୍ଟୋରେଜ୍ ପୂର୍ଣ୍ଣ। ଫଟୋଗୁଡିକ ସମ୍ପାଦନ କରିପାରିବେ ନାହିଁ |"},{"$i":"imagetoobig","$v":"ଏହି ଡିଭାଇସରେ ପ୍ରଦର୍ଶନ କରିବାକୁ ଫଟୋ ଆକାର ବହୁତ ବଡ ଅଛି |"},{"$i":"imageinvalid","$v":"ଫଟୋ ଅବୈଧ କିମ୍ୱା ତ୍ରୁଟିଯୁକ୍ତ ହୋଇଛି ଏବଂ ପ୍ରଦର୍ଶିତ ହୋଇପାରିବ ନାହିଁ |"},{"$i":"saved","$v":[{"t":"idOrVar","v":"filename"}," ଗ୍ୟାଲେରୀରେ ସେଭ୍ ହୋଇଛି"]},{"$i":"edit-copy-saved","$v":"ନୂତନ କପି ସେଭ୍ ହୋଇଛି |"},{"$i":"overlay-camera-button","$v":"କ୍ୟାମେରାକୁ ଯାଆନ୍ତୁ"},{"$i":"name-label","$v":"ନାମ"},{"$i":"size-label","$v":"ଆକାର"},{"$i":"image-type-label","$v":"ଫଟୋ ପ୍ରକାର"},{"$i":"tcl-date-and-time-label","$v":"ତାରିଖ ଏବଂ ସମୟ"},{"$i":"date-taken-label","$v":"ନିଆଯାଇଥିବା ତାରିଖ"},{"$i":"resolution-label","$v":"ରିଜୋଲ୍ୟୁସନ"},{"$i":"close-button","$v":"ବନ୍ଦ କରନ୍ତୁ"},{"$i":"byteUnit-B","$v":"ବାଇଟ୍‌"},{"$i":"byteUnit-KB","$v":"KB"},{"$i":"byteUnit-MB","$v":"MB"},{"$i":"byteUnit-GB","$v":"GB"},{"$i":"gallery","$v":"ଗ୍ୟାଲେରୀ"},{"$i":"preview","$v":"ପୂର୍ବାବଲୋକନ"},{"$i":"tcl-confirmation","$v":"ନିଶ୍ଚିତକରଣ"},{"$i":"tcl-delete-this-image","$v":"ଏହି ଫଟୋ ବିଲୋପ କରିବେ ?"},{"$i":"tcl-delete-selected-image","$v":"ଚୟନିତ ଫଟୋ ବିଲୋପ କରିବେ ?"},{"$i":"tcl-delete-selected-images","$v":"ଚୟନିତ ଫଟୋଗୁଡିକ ବିଲୋପ କରିବେ ?"},{"$i":"tcl-delete-photos","$v":{"one":["ଆପଣ ",{"t":"idOrVar","v":"n"}," ଟି ଚୟନିତ ଫଟୋ ବିଲୋପ କରିବାକୁ ଚାହାଁନ୍ତି କି ?"],"other":["ଆପଣ ",{"t":"idOrVar","v":"n"}," ଟି ଚୟନିତ ଫଟୋଗୁଡିକ ବିଲୋପ କରିବାକୁ ଚାହାଁନ୍ତି କି ?"]},"$x":[{"t":"idOrVar","v":"plural"},"n"]},{"$i":"tcl-lost-warning","$v":"ସମସ୍ତ ପରିବର୍ତ୍ତନ ବିଲୁପ୍ତ ହୋଇଯିବ |"},{"$i":"tcl-save-changes?","$v":"ଆପଣ ପରିବର୍ତ୍ତନଗୁଡିକ ସେଭ୍ କରିବାକୁ ଚାହାଁନ୍ତି  ?"},{"$i":"tcl-close-warning","$v":"ଡାଟା ବିଲୁପ୍ତ ସହ ଆପ୍ଲିକେସନ୍ ବନ୍ଦ ହେବ |"},{"$i":"tcl-back-to-editing?","$v":"ଆପଣ ସମ୍ପାଦନା କରିବାକୁ ଫେରିବାକୁ ଚାହାଁନ୍ତି କି ?"},{"$i":"tcl-gallery-settings","$v":"ଗ୍ୟାଲେରୀ ସେଟିଂସ୍"},{"$i":"tcl-sort-by","$v":"ଅନୁସାରେ କ୍ରମବଦ୍ଧ କରନ୍ତୁ"},{"$i":"tcl-group-by-date-and-location","$v":"ତାରିଖ ଅନୁଯାୟୀ ଗୋଷ୍ଠୀ କରନ୍ତୁ"},{"$i":"tcl-error","$v":"ତ୍ରୁଟି"},{"$i":"tcl-error-delete-locked-image","$v":"ଚୟନିତ ଫଟୋ ଲକ୍ ହୋଇଛି ଏବଂ ବିଲୋପ କରାଯାଇ ପାରିବ ନାହିଁ!"},{"$i":"tcl-error-delete-locked-images","$v":"ଚୟନିତ ଫଟୋଗୁଡିକରେ ଲକ୍ ହୋଇଥିବା ଫଟୋ(ଗୁଡିକ) ରହିଛି ଏବଂ ବିଲୋପ କରାଯାଇ ପାରିବ ନାହିଁ!"},{"$i":"tcl-enter-new-name","$v":"ନୂତନ ନାମ ପ୍ରବେଶ କରନ୍ତୁ"},{"$i":"sort-and-group","$v":"କ୍ରମବଦ୍ଧ ଏବଂ ଗୋଷ୍ଠୀ କରନ୍ତୁ"},{"$i":"tcl-orientationLandscape","$v":"ଲ୍ୟାଣ୍ଡସ୍କେପ୍"},{"$i":"tcl-videoDescriptionNoTimestamp","$v":[{"t":"idOrVar","v":"orientation"}," ଭିଡିଓ"]},{"$i":"tcl-orientationPortrait","$v":"ପୋର୍ଟ୍ରେଟ୍"},{"$i":"tcl-imageDescription","$v":[{"t":"idOrVar","v":"orientation"}," ଫଟୋ, %I:%M %p, %B %e, %Y"]},{"$i":"time_am","$v":"AM"},{"$i":"time_pm","$v":"PM"},{"$i":"date-group-header","$v":"%B %Y"},{"$i":"videoDescriptionShort","$v":"ଭିଡିଓ ତାରିଖ %I:%M %p, %B %e, %Y"},{"$i":"imageDescriptionShort","$v":"ଫଟୋ ତାରିଖ %I:%M %p, %B %e, %Y"},{"$i":"editImagePreview","ariaLabel":"ଫଟୋ ପ୍ରିଭିୟୁ ସମ୍ପାଦନ କରନ୍ତୁ"},{"$i":"tcl-pickoneimage","$v":"ଏକ ଫଟୋ ଚୟନ କରନ୍ତୁ"},{"$i":"discard-changes-warning","$v":"ସମସ୍ତ ପରିବର୍ତ୍ତନ ବିଲୁପ୍ତ ହୋଇଯିବ । ଆପଣ କଣ ପରିବର୍ତ୍ତନ ବାତିଲ‌ କରିବାକୁ ଚାହାଁନ୍ତି ?"},{"$i":"save-changes-warning","$v":"ସମସ୍ତ ପରିବର୍ତ୍ତନ ବିଲୁପ୍ତ ହୋଇଯିବ। ଆପଣ ପରିବର୍ତ୍ତନଗୁଡିକ ସେଭ୍ କରିବାକୁ ଚାହାଁନ୍ତି  ?"},{"$i":"discard","$v":"ପ୍ରତ୍ୟାଖ୍ୟାନ କରନ୍ତୁ"},{"$i":"weekday-0-long","$v":"ରବିବାର"},{"$i":"weekday-1-long","$v":"ସୋମବାର"},{"$i":"weekday-2-long","$v":"ମଙ୍ଗଳବାର"},{"$i":"weekday-3-long","$v":"ବୁଧବାର"},{"$i":"weekday-4-long","$v":"ଗୁରୁବାର"},{"$i":"weekday-5-long","$v":"ଶୁକ୍ରବାର"},{"$i":"weekday-6-long","$v":"ଶନିବାର"},{"$i":"weekday-0-short","$v":"ରବି"},{"$i":"weekday-1-short","$v":"ସୋମ"},{"$i":"weekday-2-short","$v":"ମଙ୍ଗଳବାର"},{"$i":"weekday-3-short","$v":"ବୁଧ"},{"$i":"weekday-4-short","$v":"ଗୁରୁବାର"},{"$i":"weekday-5-short","$v":"ଶୁକ୍ର"},{"$i":"weekday-6-short","$v":"ଶନି"},{"$i":"month-0-long","$v":"ଜାନୁଆରୀ"},{"$i":"month-1-long","$v":"ଫେବୃଆରୀ"},{"$i":"month-2-long","$v":"ମାର୍ଚ୍ଚ"},{"$i":"month-3-long","$v":"ଏପ୍ରିଲ୍"},{"$i":"month-4-long","$v":"ମେ"},{"$i":"month-5-long","$v":"ଜୁନ୍"},{"$i":"month-6-long","$v":"ଜୁଲାଇ"},{"$i":"month-7-long","$v":"ଅଗଷ୍ଟ"},{"$i":"month-8-long","$v":"ସେପ୍ଟେମ୍ୱର୍"},{"$i":"month-9-long","$v":"ଅକ୍ଟୋବର"},{"$i":"month-10-long","$v":"ନଭେମ୍ୱର୍"},{"$i":"month-11-long","$v":"ଡିସେମ୍ଵର"},{"$i":"month-0-genitive","$v":"ଜାନୁଆରୀ"},{"$i":"month-1-genitive","$v":"ଫେବୃଆରୀ"},{"$i":"month-2-genitive","$v":"ମାର୍ଚ୍ଚ"},{"$i":"month-3-genitive","$v":"ଏପ୍ରିଲ୍"},{"$i":"month-4-genitive","$v":"ମେ"},{"$i":"month-5-genitive","$v":"ଜୁନ୍"},{"$i":"month-6-genitive","$v":"ଜୁଲାଇ"},{"$i":"month-7-genitive","$v":"ଅଗଷ୍ଟ"},{"$i":"month-8-genitive","$v":"ସେପ୍ଟେମ୍ୱର୍"},{"$i":"month-9-genitive","$v":"ଅକ୍ଟୋବର"},{"$i":"month-10-genitive","$v":"ନଭେମ୍ୱର୍"},{"$i":"month-11-genitive","$v":"ଡିସେମ୍ଵର"},{"$i":"month-0-short","$v":"ଜାନୁଆରୀ"},{"$i":"month-1-short","$v":"ଫେବୃଆରୀ"},{"$i":"month-2-short","$v":"ମାର୍ଚ୍ଚ"},{"$i":"month-3-short","$v":"ଏପ୍ରିଲ୍"},{"$i":"month-4-short","$v":"ମେ"},{"$i":"month-5-short","$v":"ଜୁନ୍"},{"$i":"month-6-short","$v":"ଜୁଲାଇ"},{"$i":"month-7-short","$v":"ଅଗଷ୍ଟ"},{"$i":"month-8-short","$v":"ସେପ୍ଟେମ୍ବର୍‌"},{"$i":"month-9-short","$v":"ଅକ୍ଟୋବର"},{"$i":"month-10-short","$v":"ନଭେମ୍ବର"},{"$i":"month-11-short","$v":"ଡିସେମ୍ବର"},{"$i":"minutes-ago-long","$v":{"zero":"ସାଙ୍ଗେସାଙ୍ଗେ","one":"ଏକ ମିନିଟ୍‌ ପୂର୍ବେ","two":[{"t":"idOrVar","v":"value"}," ମିନିଟ୍ ପୂର୍ବେ"],"few":[{"t":"idOrVar","v":"value"}," ମିନିଟ୍ ପୂର୍ବେ"],"many":[{"t":"idOrVar","v":"value"}," ମିନିଟ୍ ପୂର୍ବେ"],"other":[{"t":"idOrVar","v":"value"}," ମିନିଟ୍ ପୂର୍ବେ"]},"$x":[{"t":"idOrVar","v":"plural"},"value"]},{"$i":"hours-ago-long","$v":{"zero":"ସାଙ୍ଗେସାଙ୍ଗେ","one":"ଏକ ଘଣ୍ଟା ପୂର୍ବେ","two":[{"t":"idOrVar","v":"value"}," ଘଣ୍ଟା ପୂର୍ବେ"],"few":[{"t":"idOrVar","v":"value"}," ଘଣ୍ଟା ପୂର୍ବେ"],"many":[{"t":"idOrVar","v":"value"}," ଘଣ୍ଟା ପୂର୍ବେ"],"other":[{"t":"idOrVar","v":"value"}," ଘଣ୍ଟା ପୂର୍ବେ"]},"$x":[{"t":"idOrVar","v":"plural"},"value"]},{"$i":"days-ago-long","$v":{"zero":"ଆଜି","one":"ଗତକାଲି","two":[{"t":"idOrVar","v":"value"}," ଦିନ ପୂର୍ବେ"],"few":[{"t":"idOrVar","v":"value"}," ଦିନ ପୂର୍ବେ"],"many":[{"t":"idOrVar","v":"value"}," ଦିନ ପୂର୍ବେ"],"other":[{"t":"idOrVar","v":"value"}," ଦିନ ପୂର୍ବେ"]},"$x":[{"t":"idOrVar","v":"plural"},"value"]},{"$i":"weeks-ago-long","$v":{"zero":"ଏହି ସପ୍ତାହ","one":"ଗତ ସପ୍ତାହ","two":[{"t":"idOrVar","v":"value"}," ସପ୍ତାହ ପୂର୍ବେ"],"few":[{"t":"idOrVar","v":"value"}," ସପ୍ତାହ ପୂର୍ବେ"],"many":[{"t":"idOrVar","v":"value"}," ସପ୍ତାହ ପୂର୍ବେ"],"other":[{"t":"idOrVar","v":"value"}," ସପ୍ତାହ ପୂର୍ବେ"]},"$x":[{"t":"idOrVar","v":"plural"},"value"]},{"$i":"months-ago-long","$v":{"zero":"ଏହି ମାସ","one":"ଗତ ମାସ","two":[{"t":"idOrVar","v":"value"}," ମାସ ପୂର୍ବେ"],"few":[{"t":"idOrVar","v":"value"}," ମାସ ପୂର୍ବେ"],"many":[{"t":"idOrVar","v":"value"}," ମାସ ପୂର୍ବେ"],"other":[{"t":"idOrVar","v":"value"}," ମାସ ପୂର୍ବେ"]},"$x":[{"t":"idOrVar","v":"plural"},"value"]},{"$i":"years-ago-long","$v":{"zero":"ଏହି ବର୍ଷ","one":"ଗତ ବର୍ଷ","two":[{"t":"idOrVar","v":"value"}," ବର୍ଷ ପୂର୍ବେ"],"few":[{"t":"idOrVar","v":"value"}," ବର୍ଷ ପୂର୍ବେ"],"many":[{"t":"idOrVar","v":"value"}," ବର୍ଷ ପୂର୍ବେ"],"other":[{"t":"idOrVar","v":"value"}," ବର୍ଷ ପୂର୍ବେ"]},"$x":[{"t":"idOrVar","v":"plural"},"value"]},{"$i":"minutes-until-long","$v":{"zero":"ବର୍ତ୍ତମାନ","one":"ଏକ ମିନିଟ୍‌ ରେ","two":[{"t":"idOrVar","v":"value"}," ମିନିଟ୍‌ରେ"],"few":[{"t":"idOrVar","v":"value"}," ମିନିଟ୍‌ରେ"],"many":[{"t":"idOrVar","v":"value"}," ମିନିଟ୍‌ରେ"],"other":[{"t":"idOrVar","v":"value"}," ମିନିଟ୍‌ରେ"]},"$x":[{"t":"idOrVar","v":"plural"},"value"]},{"$i":"hours-until-long","$v":{"zero":"ବର୍ତ୍ତମାନ","one":"ଏକ ଘଣ୍ଟାରେ","two":[{"t":"idOrVar","v":"value"}," ଘଣ୍ଟାରେ"],"few":[{"t":"idOrVar","v":"value"}," ଘଣ୍ଟାରେ"],"many":[{"t":"idOrVar","v":"value"}," ଘଣ୍ଟାରେ"],"other":[{"t":"idOrVar","v":"value"}," ଘଣ୍ଟାରେ"]},"$x":[{"t":"idOrVar","v":"plural"},"value"]},{"$i":"days-until-long","$v":{"zero":"ଆଜି","one":"ଆସନ୍ତାକାଲି","two":[{"t":"idOrVar","v":"value"}," ଦିନରେ"],"few":[{"t":"idOrVar","v":"value"}," ଦିନରେ"],"many":[{"t":"idOrVar","v":"value"}," ଦିନରେ"],"other":[{"t":"idOrVar","v":"value"}," ଦିନରେ"]},"$x":[{"t":"idOrVar","v":"plural"},"value"]},{"$i":"weeks-until-long","$v":{"zero":"ଏହି ସପ୍ତାହ","one":"ପରବର୍ତ୍ତୀ ସପ୍ତାହ","two":[{"t":"idOrVar","v":"value"}," ସପ୍ତାହରେ"],"few":[{"t":"idOrVar","v":"value"}," ସପ୍ତାହରେ"],"many":[{"t":"idOrVar","v":"value"}," ସପ୍ତାହରେ"],"other":[{"t":"idOrVar","v":"value"}," ସପ୍ତାହରେ"]},"$x":[{"t":"idOrVar","v":"plural"},"value"]},{"$i":"months-until-long","$v":{"zero":"ଏହି ମାସ","one":"ପରବର୍ତ୍ତୀ ମାସ","two":[{"t":"idOrVar","v":"value"}," ମାସରେ"],"few":[{"t":"idOrVar","v":"value"}," ମାସରେ"],"many":[{"t":"idOrVar","v":"value"}," ମାସରେ"],"other":[{"t":"idOrVar","v":"value"}," ମାସରେ"]},"$x":[{"t":"idOrVar","v":"plural"},"value"]},{"$i":"years-until-long","$v":{"zero":"ଏହି ବର୍ଷ","one":"ପରବର୍ତ୍ତୀ ବର୍ଷ","two":[{"t":"idOrVar","v":"value"}," ବର୍ଷରେ"],"few":[{"t":"idOrVar","v":"value"}," ବର୍ଷରେ"],"many":[{"t":"idOrVar","v":"value"}," ବର୍ଷରେ"],"other":[{"t":"idOrVar","v":"value"}," ବର୍ଷରେ"]},"$x":[{"t":"idOrVar","v":"plural"},"value"]},{"$i":"minutes-ago-short","$v":{"zero":"ସାଙ୍ଗେସାଙ୍ଗେ","other":[{"t":"idOrVar","v":"value"},"m ପୂର୍ବେ"]},"$x":[{"t":"idOrVar","v":"plural"},"value"]},{"$i":"hours-ago-short","$v":{"zero":"ସାଙ୍ଗେସାଙ୍ଗେ","other":[{"t":"idOrVar","v":"value"},"h ପୂର୍ବେ"]},"$x":[{"t":"idOrVar","v":"plural"},"value"]},{"$i":"days-ago-short","$v":{"zero":"ଆଜି","other":[{"t":"idOrVar","v":"value"},"d ପୂର୍ବେ"]},"$x":[{"t":"idOrVar","v":"plural"},"value"]},{"$i":"minutes-until-short","$v":{"zero":"ବର୍ତ୍ତମାନ","other":[{"t":"idOrVar","v":"value"}," ମାସରେ"]},"$x":[{"t":"idOrVar","v":"plural"},"value"]},{"$i":"hours-until-short","$v":{"zero":"ବର୍ତ୍ତମାନ","other":[{"t":"idOrVar","v":"value"}," ଘଣ୍ଟାରେ"]},"$x":[{"t":"idOrVar","v":"plural"},"value"]},{"$i":"days-until-short","$v":{"zero":"ଆଜି","other":[{"t":"idOrVar","v":"value"}," ଦିନରେ"]},"$x":[{"t":"idOrVar","v":"plural"},"value"]},{"$i":"incorrectDate","$v":"(ଭୁଲ୍ ତାରିଖ)"},{"$i":"dateTimeFormat_%c","$v":"%a %b %e %Y %I:%M:%S %p"},{"$i":"dateTimeFormat_%x","$v":"%m/%d/%Y"},{"$i":"dateTimeFormat_%X","$v":"%I:%M:%S %p"},{"$i":"shortTimeFormat","$v":"%I:%M %p"},{"$i":"shortTimeFormat12","$v":"%I:%M %p"},{"$i":"shortTimeFormat24","$v":"%H:%M"},{"$i":"shortDateTimeFormat","$v":"%x %I:%M %p"},{"$i":"weekStartsOnMonday","$v":"0"},{"$i":"firstDayOfTheWeek","$v":"0"},{"$i":"imageDescription","$v":[{"t":"idOrVar","v":"orientation"}," ଫଟୋ, %I:%M %p, %B %e, %Y"]},{"$i":"imageDescriptionNoTimestamp","$v":[{"t":"idOrVar","v":"orientation"}," ଫଟୋ"]},{"$i":"videoDescription","$v":[{"t":"idOrVar","v":"orientation"}," ଭିଡିଓ, %I:%M %p, %B %e, %Y"]},{"$i":"videoDescriptionNoTimestamp","$v":[{"t":"idOrVar","v":"orientation"}," ଭିଡିଓ"]},{"$i":"orientationPortrait","$v":"ପୋର୍ଟ୍ରେଟ୍"},{"$i":"orientationLandscape","$v":"ଲ୍ୟାଣ୍ଡସ୍କେପ୍"},{"$i":"playbackPlay","ariaLabel":"ବଜାନ୍ତୁ"},{"$i":"playbackPause","ariaLabel":"ବିରତ କରନ୍ତୁ"},{"$i":"playbackNext","ariaLabel":"ପରବର୍ତ୍ତୀ"},{"$i":"playbackPrevious","ariaLabel":"ପୂର୍ବବର୍ତ୍ତୀ"},{"$i":"playbackFullscreen","ariaLabel":"ଫୁଲ୍‌ସ୍କ୍ରିନ୍"},{"$i":"playbackSeekBar","ariaLabel":["ସିକ୍ ବାର୍ , ଅବଧି ",{"t":"idOrVar","v":"duration"}]},{"$i":"softkey-options","$v":"ବିକଳ୍ପଗୁଡିକ"}]