[{"$i":"select","$v":"ਚੁਣੋ"},{"$i":"tcl-select","$v":"ਚੁਣੋ"},{"$i":"invalid-image","$v":"ਅਵੈਧ ਤਸਵੀਰ"},{"$i":"image-too-big","$v":"ਗੈਲਰੀ ਵਿੱਚ ਦਿਖਾਉਣ ਲਈ ਤਸਵੀਰ ਫਾਈਲ ਦਾ ਆਕਾਰ ਬਹੁਤ ਵੱਡਾ ਹੈ"},{"$i":"tcl-selected-items-count","$v":[{"t":"idOrVar","v":"n"}," ਚੁਣਿਆ ਗਿਆ"]},{"$i":"delete-photo?","$v":"ਫੋਟੋ ਮਿਟਾਓ?"},{"$i":"delete-video?","$v":"ਵੀਡੀਓ ਨੂੰ ਮਿਟਾਓ?"},{"$i":"delete-n-items?","$v":{"zero":"ਕੋਈ ਵੀ ਨਹੀਂ ਚੁਣਿਆ","one":"ਚੁਣਿੰਦਾ ਆਈਟਮ ਨੂੰ ਮਿਟਾਓ?","two":[{"t":"idOrVar","v":"n"}," ਆਈਟਮਾਂ ਨੂੰ ਮਿਟਾਓ?"],"few":[{"t":"idOrVar","v":"n"}," ਆਈਟਮਾਂ ਨੂੰ ਮਿਟਾਓ?"],"many":[{"t":"idOrVar","v":"n"}," ਆਈਟਮਾਂ ਨੂੰ ਮਿਟਾਓ?"],"other":[{"t":"idOrVar","v":"n"}," ਆਈਟਮਾਂ ਨੂੰ ਮਿਟਾਓ?"]},"$x":[{"t":"idOrVar","v":"plural"},"n"]},{"$i":"tcl-contact-set-ok","$v":"ਸੰਪਰਕ ਦੀ ਤਸਵੀਰ ਜੋੜੀ ਗਈ"},{"$i":"tcl-contact-set-fail","$v":"ਸੰਪਰਕ ਦੀ ਤਸਵੀਰ ਸੈੱਟ ਕਰਨ ਵਿੱਚ ਅਸਫਲ ਹੋਇਆ"},{"$i":"tcl-exposure-done","$v":"ਐਕਸਪੋਜ਼ਰ ਲਾਗੂ"},{"$i":"tcl-rotation-done","$v":"ਤਸਵੀਰ ਰੋਟੇਟ ਕੀਤੀ ਗਈ ਹੈ"},{"$i":"tcl-crop-done","$v":"ਤਸਵੀਰ ਕਰੌਪ ਕੀਤੀ ਗਈ"},{"$i":"tcl-filters-done","$v":"ਫਿਲਟਰ ਲਾਗੂ"},{"$i":"tcl-autocorrection-done","$v":"ਸਵੈ-ਸੋਧ ਲਾਗੂ ਹੈ"},{"$i":"tcl-changes-saved","$v":"ਬਦਲਾਵ ਸੇਵ ਕੀਤੇ ਗਏ"},{"$i":"wallpaper-set","$v":"ਵਾਲਪੇਪਰ ਸੈਟ ਕਰੋ"},{"$i":"tcl-single-image-locked","$v":"ਚੁਣੀ ਹੋਈ ਤਸਵੀਰ ਲੌਕ ਕੀਤੀ ਗਈ"},{"$i":"tcl-single-image-unlocked","$v":"ਚੁਣੀ ਹੋਈ ਤਸਵੀਰ ਅਨਲੌਕ ਕੀਤੀ ਗਈ"},{"$i":"tcl-single-image-deleted","$v":"ਫੋਟੋ ਮਿਟਾਈ ਗਈ:"},{"$i":"tcl-multiple-images-locked","$v":{"zero":"ਤਸਵੀਰ ਲੌਕ ਨਹੀਂ ਹੈ","one":[{"t":"idOrVar","v":"n"}," ਤਸਵੀਰ ਲੌਕ ਕੀਤੀ ਗਈ"],"other":[{"t":"idOrVar","v":"n"}," ਤਸਵੀਰਾਂ ਲੌਕ ਹੋਈਆਂ"]},"$x":[{"t":"idOrVar","v":"plural"},"n"]},{"$i":"tcl-multiple-images-unlocked","$v":{"zero":"ਤਸਵੀਰ ਲੌਕ ਨਹੀਂ ਹੈ","one":[{"t":"idOrVar","v":"n"}," ਤਸਵੀਰ ਅਨਲੌਕ ਕੀਤੀ ਗਈ"],"other":[{"t":"idOrVar","v":"n"}," ਤਸਵੀਰਾਂ ਅਨਲੌਕ ਹੋਈਆਂ"]},"$x":[{"t":"idOrVar","v":"plural"},"n"]},{"$i":"tcl-deleted-n-photos","$v":{"zero":"ਤਸਵੀਰ ਮਿਟਾਈ ਨਹੀਂ ਗਈ","one":[{"t":"idOrVar","v":"n"}," ਤਸਵੀਰ ਮਿਟਾਈ ਗਈ"],"other":[{"t":"idOrVar","v":"n"}," ਤਸਵੀਰਾਂ ਮਿਟਾਈਆਂ ਗਈਆਂ"]},"$x":[{"t":"idOrVar","v":"plural"},"n"]},{"$i":"tcl-undo","$v":"ਅਨਡੂ ਕਰੋ"},{"$i":"pickoneimage2","$v":"ਚੁਣੋ"},{"$i":"cropimage","$v":"ਕ੍ਰੋਪ ਕਰੋ"},{"$i":"tcl-no","$v":"ਨਹੀਂ"},{"$i":"tcl-on","$v":"ਔਨ"},{"$i":"tcl-off","$v":"ਔਫ"},{"$i":"tcl-return","$v":"ਵਾਪਿਸ ਜਾਓ"},{"$i":"cancel","$v":"ਰੱਦ ਕਰੋ"},{"$i":"delete","$v":"ਮਿਟਾਓ"},{"$i":"ok","$v":"ਠੀਕ ਹੈ"},{"$i":"edit","$v":"ਸੰਪਾਦਿਤ ਕਰੋ"},{"$i":"save","$v":"ਸੇਵ ਕਰੋ"},{"$i":"done","$v":"ਪੂਰਾ ਹੋਇਆ"},{"$i":"exposure","$v":"ਐਕਸਪੋਜ਼ਰ"},{"$i":"crop","$v":"ਕ੍ਰੋਪ ਕਰੋ"},{"$i":"effects","$v":"ਪ੍ਰਭਾਵ"},{"$i":"borders","$v":"ਬਾਰਡਰ"},{"$i":"enhance-on","$v":"ਸਵੈ-ਸੰਸ਼ੋਧਨ ਔਨ ਹੈ"},{"$i":"enhance-off","$v":"ਸਵੈ-ਸੰਸ਼ੋਧਨ ਔਫ ਹੈ"},{"$i":"tcl-exit","$v":"ਬਾਹਰ ਨਿਕਲੋ"},{"$i":"tcl-set","$v":"ਸੈਟ ਕਰੋ"},{"$i":"tcl-takephoto","$v":"ਫੋਟੋ ਲਓ"},{"$i":"tcl-options","$v":"ਵਿਕਲਪ"},{"$i":"tcl-select-all","$v":"ਸਾਰੇ ਚੁਣੋ"},{"$i":"tcl-deselect-all","$v":"ਸਾਰਿਆਂ ਨੂੰ ਅਣਚੁਣਿਆ ਕਰੋ"},{"$i":"tcl-lock","$v":"ਲੌਕ ਕਰੋ"},{"$i":"tcl-unlock","$v":"ਅਨਲੌਕ ਕਰੋ"},{"$i":"tcl-rename","$v":"ਨਾਮ ਬਦਲੋ"},{"$i":"tcl-rotate","$v":"ਰੋਟੇਟ ਕਰੋ"},{"$i":"tcl-share","$v":"ਸਾਂਝਾ ਕਰੋ"},{"$i":"tcl-settings","$v":"ਸੈਟਿੰਗਸ"},{"$i":"tcl-set-as","$v":"ਦੇ ਤੌਰ ਤੇ ਸੈੱਟ ਕਰੋ"},{"$i":"tcl-wallpaper","$v":"ਵਾਲਪੇਪਰ"},{"$i":"tcl-existing-contact-image","$v":"ਮੌਜੂਦਾ ਸੰਪਰਕ ਦੇ ਲਈ ਤਸਵੀਰ"},{"$i":"tcl-zoom","$v":"ਜ਼ੂਮ ਕਰੋ"},{"$i":"tcl-zoom-in","$v":"ਜੂਮ ਇਨ ਕਰੋ"},{"$i":"tcl-zoom-out","$v":"ਜੂਮ ਆਊਟ ਕਰੋ"},{"$i":"tcl-file-info","$v":"ਫਾਈਲ ਦੀ ਜਾਣਕਾਰੀ"},{"$i":"tcl-select-multiple","$v":"ਅਨੇਕ ਚੁਣੋ"},{"$i":"tcl-invalid-name","$v":"ਅਵੈਧ ਨਾਮ"},{"$i":"tcl-name-already-exists","$v":"ਇਹ ਨਾਮ ਪਹਿਲਾਂ ਤੋਂ ਹੀ ਮੌਜੂਦ ਹੈ"},{"$i":"tcl-override-warning-msg","$v":"ਕੀ ਤੁਸੀਂ ਮੌਜੂਦਾ ਤਸਵੀਰ ਨੂੰ ਓਵਰਰਾਇਡ ਕਰਨਾ ਚਾਹੁੰਦੇ ਹੋ?"},{"$i":"tcl-override","$v":"ਓਵਰਰਾਈਡ ਕਰੋ"},{"$i":"tcl-edit-title","$v":"ਤਸਵੀਰ ਸੰਪਾਦਿਤ ਕਰੋ"},{"$i":"tcl-edit-exposure","$v":"ਐਕਸਪੋਜ਼ਰ"},{"$i":"tcl-edit-crop","$v":"ਕ੍ਰੋਪ ਕਰੋ"},{"$i":"tcl-edit-rotate","$v":"ਰੋਟੇਟ ਕਰੋ"},{"$i":"tcl-edit-filters","$v":"ਫਿਲਟਰ"},{"$i":"tcl-edit-auto-correct","$v":"ਸਵੈ -ਸੋਧ"},{"$i":"edit-exposure","ariaLabel":"ਐਕਸਪੋਜ਼ਰ"},{"$i":"edit-crop","ariaLabel":"ਕ੍ਰੋਪ ਕਰੋ"},{"$i":"edit-rotate","ariaLabel":"ਰੋਟੇਟ ਕਰੋ"},{"$i":"edit-filters","ariaLabel":"ਫਿਲਟਰ"},{"$i":"edit-auto-correct","ariaLabel":"ਸਵੈ -ਸੋਧ"},{"$i":"tcl-crop-none","$v":"ਕ੍ਰਾਪਿੰਗ ਅਨਡੂ ਕਰੋ"},{"$i":"tcl-crop-aspect-free","$v":"ਡਿਫੌਲਟ"},{"$i":"tcl-crop-aspect-portrait","$v":"2:3"},{"$i":"tcl-crop-aspect-landscape","$v":"3:2"},{"$i":"tcl-crop-aspect-square","$v":"1:1"},{"$i":"crop-none","ariaLabel":"ਕ੍ਰਾਪਿੰਗ ਅਨਡੂ ਕਰੋ"},{"$i":"crop-aspect-free","ariaLabel":"ਡਿਫੌਲਟ"},{"$i":"crop-aspect-portrait","ariaLabel":"2:3"},{"$i":"crop-aspect-landscape","ariaLabel":"3:2"},{"$i":"crop-aspect-square","ariaLabel":"1:1"},{"$i":"tcl-edit-filters-none","$v":"ਫਿਲਟਰ 1"},{"$i":"tcl-edit-filters-bw","$v":"ਫਿਲਟਰ 2"},{"$i":"tcl-edit-filters-sepia","$v":"ਫਿਲਟਰ 3"},{"$i":"tcl-edit-filters-bluesteel","$v":"ਫਿਲਟਰ 4"},{"$i":"tcl-edit-filters-faded","$v":"ਫਿਲਟਰ 5"},{"$i":"edit-filters-none","ariaLabel":"ਫਿਲਟਰ 1"},{"$i":"edit-filters-bw","ariaLabel":"ਫਿਲਟਰ 2"},{"$i":"edit-filters-sepia","ariaLabel":"ਫਿਲਟਰ 3"},{"$i":"edit-filters-bluesteel","ariaLabel":"ਫਿਲਟਰ 4"},{"$i":"edit-filters-faded","ariaLabel":"ਫਿਲਟਰ 5"},{"$i":"tcl-rotate-cw","$v":"CW"},{"$i":"tcl-rotate-ccw","$v":"CCW"},{"$i":"original","$v":"ਅਸਲੀ"},{"$i":"blackandwhite","$v":{"$o":"B&W"}},{"$i":"sepia","$v":"ਸੇਪਿਆ"},{"$i":"freeform","$v":"ਫ੍ਰੀਫੋਰਮ"},{"$i":"portrait","$v":"ਪੋਰਟਰੇਟ"},{"$i":"landscape","$v":"ਲੈਂਡਸਕੇਪ"},{"$i":"square","$v":"ਵਰਗ"},{"$i":"emptygallery2-title","$v":"ਕੋਈ ਵੀ ਫੋਟੋਆਂ ਜਾਂ ਵੀਡੀਓ ਨਹੀਂ ਹਨ"},{"$i":"emptygallery2-text","$v":"ਗੈਲਰੀ ਖਾਲੀ ਹੈ। ਫੋਟੋ ਕਲਿਕ ਕਰਨ ਲਈ ਕੈਮਰੇ ਦੀ ਵਰਤੋਂ ਕਰੋ"},{"$i":"emptygallery2-title-pick","$v":"ਕੋਈ ਫੋਟੋ ਨਹੀਂ ਹੈ"},{"$i":"emptygallery-text-pick","$v":"ਕੋਈ ਵੀ ਫੋਟੋਆਂ ਉਪਲਬਧ ਨਹੀਂ ਹਨ।"},{"$i":"nocard3-title","$v":"ਕੋਈ ਮੈਮਰੀ ਕਾਰਡ ਨਹੀਂ"},{"$i":"nocard4-text","$v":"ਇਸ ਐਪ ਦੀ ਵਰਤੋਂ ਕਰਨ ਲਈ ਇੱਕ ਮੈਮਰੀ ਕਾਰਡ ਪਾਓ ।"},{"$i":"pluggedin2-title","$v":"ਮੈਮਰੀ ਕਾਰਡ ਵਰਤੋਂ ਵਿੱਚ ਹੈ"},{"$i":"pluggedin2-text","$v":"ਸਟੋਰੇਜ਼ ਵਰਤੋਂ ਵਿੱਚ ਹੈ। ਇਸ ਐਪ ਦੀ ਵਰਤੋਂ ਕਰਨ ਲਈ ਕਿਰਪਾ ਕਰਕੇ ਫੋਨ ਨੂੰ ਅਨਪਲੱਗ ਕਰੋ।"},{"$i":"scanning-title","$v":"ਸਕੈਨ ਕਰ ਰਿਹਾ ਹੈ"},{"$i":"tcl-scanning-text","$v":"ਫੋਟੋ ਲੱਭ ਰਹੇ ਹਾਂ"},{"$i":"scanning-text","$v":"ਫੋਟੋਆਂ ਲਈ ਸਕੈਨ ਕਰ ਰਿਹਾ ਹੈ ..."},{"$i":"upgrade-title","$v":"ਡੇਟਾਬੇਸ ਅਪਗ੍ਰੇਡ"},{"$i":"upgrade-text","$v":"ਗੈਲਰੀ ਡਾਟਾਬੇਸ ਨੂੰ ਅਪਡੇਟ ਕਰਨ ਤੱਕ ਕਿਰਪਾ ਕਰਕੇ ਉਡੀਕ ਕਰੋ।"},{"$i":"share-noprovider","$v":"ਇਸ ਕਿਸਮ ਦੀ ਇਮੇਜ਼ ਫਾਇਲ ਨੂੰ ਸਾਂਝਾ ਨਹੀਂ ਕਰ ਸਕਦੇ।"},{"$i":"memorycardfull","$v":"ਸਟੋਰੇਜ਼ ਭਰ ਗਈ ਹੈ। ਫੋਟੋਆਂ ਨੂੰ ਸੰਪਾਦਿਤ ਨਹੀਂ ਕੀਤਾ ਜਾ ਸਕਦਾ।"},{"$i":"imagetoobig","$v":"ਇਸ ਡਿਵਾਈਸ ਤੇ ਦਰਸਾਉਣ ਲਈ ਚਿੱਤਰ ਬਹੁਤ ਵੱਡਾ ਹੈ।"},{"$i":"imageinvalid","$v":"ਤਸਵੀਰ ਅਵੈਧ ਹੈ ਜਾਂ ਖਰਾਬ ਹੈ ਅਤੇ ਦਿਖਾਈ ਨਹੀਂ ਜਾ ਸਕਦੀ ।"},{"$i":"saved","$v":[{"t":"idOrVar","v":"filename"}," ਗੈਲਰੀ ਵਿੱਚ ਸੇਵ ਹੋਇਆ"]},{"$i":"edit-copy-saved","$v":"ਨਵੀਂ ਕਾਪੀ ਸੇਵ ਕੀਤੀ ਗਈ।"},{"$i":"overlay-camera-button","$v":"ਕੈਮਰੇ ਤੇ ਜਾਓ"},{"$i":"name-label","$v":"ਨਾਮ"},{"$i":"size-label","$v":"ਆਕਾਰ"},{"$i":"image-type-label","$v":"ਤਸਵੀਰ ਦੀ ਕਿਸਮ"},{"$i":"tcl-date-and-time-label","$v":"ਮਿਤੀ ਅਤੇ ਸਮਾਂ"},{"$i":"date-taken-label","$v":"ਮਿਤੀ ਨੂੰ ਲਿਆ"},{"$i":"resolution-label","$v":"ਰੈਜੋਲੂਸ਼ਨ"},{"$i":"close-button","$v":"ਬੰਦ ਕਰੋ"},{"$i":"byteUnit-B","$v":"ਬਾਈਟ"},{"$i":"byteUnit-KB","$v":"KB"},{"$i":"byteUnit-MB","$v":"MB"},{"$i":"byteUnit-GB","$v":"GB"},{"$i":"gallery","$v":"ਗੈਲਰੀ"},{"$i":"preview","$v":"ਪ੍ਰੀਵਿਊ"},{"$i":"tcl-confirmation","$v":"ਪੁਸ਼ਟੀਕਰਨ"},{"$i":"tcl-delete-this-image","$v":"ਇਸ ਫੋਟੋ ਨੂੰ ਮਿਟਾਓ?"},{"$i":"tcl-delete-selected-image","$v":"ਚੁਣਿੰਦਾ ਫੋਟੋ ਨੂੰ ਮਿਟਾਓ?"},{"$i":"tcl-delete-selected-images","$v":"ਚੁਣਿੰਦਾ ਫੋਟੋਆਂ ਨੂੰ ਮਿਟਾਓ?"},{"$i":"tcl-delete-photos","$v":{"one":["ਕੀ ਤੁਸੀਂ ",{"t":"idOrVar","v":"n"}," ਚੁਣਿੰਦਾ ਫੋਟੋ ਨੂੰ ਮਿਟਾਉਣਾ ਚਾਹੁੰਦੇ ਹੋ?"],"other":["ਕੀ ਤੁਸੀਂ ",{"t":"idOrVar","v":"n"}," ਚੁਣਿੰਦਾ ਫੋਟੋਆਂ ਨੂੰ ਮਿਟਾਉਣਾ ਚਾਹੁੰਦੇ ਹੋ?"]},"$x":[{"t":"idOrVar","v":"plural"},"n"]},{"$i":"tcl-lost-warning","$v":"ਸਾਰੇ ਬਦਲਾਵ ਹਟ ਜਾਣਗੇ।"},{"$i":"tcl-save-changes?","$v":"ਕੀ ਤੁਸੀਂ ਬਦਲਾਵਾਂ ਨੂੰ ਸੇਵ ਕਰਨਾ ਚਾਹੁੰਦੇ ਹੋ ?"},{"$i":"tcl-close-warning","$v":"ਐਪਲੀਕੇਸ਼ਨ ਬੰਦ ਹੋਣ ਦੇ ਨਾਲ ਡੇਟਾ ਹਟ ਜਾਵੇਗਾ।"},{"$i":"tcl-back-to-editing?","$v":"ਕੀ ਤੁਸੀਂ ਸੰਪਾਦਨ ਤੇ ਵਾਪਿਸ ਜਾਣਾ ਚਾਹੁੰਦੇ ਹੋ?"},{"$i":"tcl-gallery-settings","$v":"ਗੈਲਰੀ ਸੈਟਿੰਗਸ"},{"$i":"tcl-sort-by","$v":"ਦੇ ਅਨੁਸਾਰ ਕ੍ਰਮਬੱਧ ਕਰੋ"},{"$i":"tcl-group-by-date-and-location","$v":"ਮਿਤੀ ਦੇ ਅਨੁਸਾਰ ਗਰੁੱਪ ਬਣਾਓ"},{"$i":"tcl-error","$v":"ਤਰੁੱਟੀ"},{"$i":"tcl-error-delete-locked-image","$v":"ਚੁਣੀ ਹੋਈ ਤਸਵੀਰ ਲੌਕ ਹੈ ਅਤੇ ਮਿਟਾਈ ਨਹੀਂ ਜਾ ਸਕੀ !"},{"$i":"tcl-error-delete-locked-images","$v":"ਚੁਣੀਆਂ ਹੋਈਆਂ ਤਸਵੀਰਾਂ ਵਿੱਚ ਲੌਕ ਕੀਤੀਆਂ ਤਸਵੀਰ (ਰਾਂ) ਸ਼ਾਮਿਲ ਹਨ ਅਤੇ ਮਿਟਾਈਆਂ ਨਹੀਂ ਜਾ ਸਕੀਆਂ"},{"$i":"tcl-enter-new-name","$v":"ਨਵਾਂ ਨਾਮ ਦਾਖਲ ਕਰੋ"},{"$i":"sort-and-group","$v":"ਕ੍ਰਮਬੱਧ ਅਤੇ ਸਮੂਹ ਬਣਾਓ"},{"$i":"tcl-orientationLandscape","$v":"ਲੈਂਡਸਕੇਪ"},{"$i":"tcl-videoDescriptionNoTimestamp","$v":[{"t":"idOrVar","v":"orientation"}," ਵੀਡਿਓ"]},{"$i":"tcl-orientationPortrait","$v":"ਪੋਰਟਰੇਟ"},{"$i":"tcl-imageDescription","$v":[{"t":"idOrVar","v":"orientation"}," ਤਸਵੀਰ, %I:%M %p, %B %e, %Y"]},{"$i":"time_am","$v":"AM"},{"$i":"time_pm","$v":"PM"},{"$i":"date-group-header","$v":"%B %Y"},{"$i":"videoDescriptionShort","$v":"ਵੀਡਿਓ ਮਿਤੀ %I:%M %p, %B %e, %Y"},{"$i":"imageDescriptionShort","$v":"ਤਸਵੀਰ ਮਿਤੀ %I:%M %p, %B %e, %Y"},{"$i":"editImagePreview","ariaLabel":"ਤਸਵੀਰ ਪ੍ਰੀਵਿਊ ਸੰਪਾਦਿਤ ਕਰੋ"},{"$i":"tcl-pickoneimage","$v":"ਇੱਕ ਫੋਟੋ ਚੁਣੋ"},{"$i":"discard-changes-warning","$v":"ਸਾਰੇ ਬਦਲਾਵ ਹਟ ਜਾਣਗੇ। ਕੀ ਤੁਸੀਂ ਬਦਲਾਵਾਂ ਨੂੰ ਰੱਦ ਕਰਨਾ ਚਾਹੁੰਦੇ ਹੋ ?"},{"$i":"save-changes-warning","$v":"ਸਾਰੇ ਬਦਲਾਵ ਹਟ ਜਾਣਗੇ। ਕੀ ਤੁਸੀ ਬਦਲਾਵਾਂ ਨੂੰ ਸੇਵ ਕਰਨਾ ਚਾਹੁੰਦੇ ਹੋ?"},{"$i":"discard","$v":"ਰੱਦ ਕਰੋ"},{"$i":"weekday-0-long","$v":"ਐਤਵਾਰ"},{"$i":"weekday-1-long","$v":"ਸੋਮਵਾਰ"},{"$i":"weekday-2-long","$v":"ਮੰਗਲਵਾਰ"},{"$i":"weekday-3-long","$v":"ਬੁੱਧਵਾਰ"},{"$i":"weekday-4-long","$v":"ਵੀਰਵਾਰ"},{"$i":"weekday-5-long","$v":"ਸ਼ੁੱਕਰਵਾਰ"},{"$i":"weekday-6-long","$v":"ਸ਼ਨੀਵਾਰ"},{"$i":"weekday-0-short","$v":"ਐਤ"},{"$i":"weekday-1-short","$v":"ਸੋਮ"},{"$i":"weekday-2-short","$v":"ਮੰਗਲ"},{"$i":"weekday-3-short","$v":"ਬੁੱਧ"},{"$i":"weekday-4-short","$v":"ਵੀਰ"},{"$i":"weekday-5-short","$v":"ਸ਼ੁੱਕਰਵਾਰ"},{"$i":"weekday-6-short","$v":"ਸ਼ਨੀ"},{"$i":"month-0-long","$v":"ਜਨਵਰੀ"},{"$i":"month-1-long","$v":"ਫਰਵਰੀ"},{"$i":"month-2-long","$v":"ਮਾਰਚ"},{"$i":"month-3-long","$v":"ਅਪ੍ਰੈਲ"},{"$i":"month-4-long","$v":"ਮਈ"},{"$i":"month-5-long","$v":"ਜੂਨ"},{"$i":"month-6-long","$v":"ਜੁਲਾਈ"},{"$i":"month-7-long","$v":"ਅਗਸਤ"},{"$i":"month-8-long","$v":"ਸਤੰਬਰ"},{"$i":"month-9-long","$v":"ਅਕਤੂਬਰ"},{"$i":"month-10-long","$v":"ਨਵੰਬਰ"},{"$i":"month-11-long","$v":"ਦਸੰਬਰ"},{"$i":"month-0-genitive","$v":"ਜਨਵਰੀ"},{"$i":"month-1-genitive","$v":"ਫਰਵਰੀ"},{"$i":"month-2-genitive","$v":"ਮਾਰਚ"},{"$i":"month-3-genitive","$v":"ਅਪ੍ਰੈਲ"},{"$i":"month-4-genitive","$v":"ਮਈ"},{"$i":"month-5-genitive","$v":"ਜੂਨ"},{"$i":"month-6-genitive","$v":"ਜੁਲਾਈ"},{"$i":"month-7-genitive","$v":"ਅਗਸਤ"},{"$i":"month-8-genitive","$v":"ਸਤੰਬਰ"},{"$i":"month-9-genitive","$v":"ਅਕਤੂਬਰ"},{"$i":"month-10-genitive","$v":"ਨਵੰਬਰ"},{"$i":"month-11-genitive","$v":"ਦਸੰਬਰ"},{"$i":"month-0-short","$v":"ਜਨਵਰੀ"},{"$i":"month-1-short","$v":"ਫਰਵਰੀ"},{"$i":"month-2-short","$v":"ਮਾਰਚ"},{"$i":"month-3-short","$v":"ਅਪ੍ਰੈਲ"},{"$i":"month-4-short","$v":"ਮਈ"},{"$i":"month-5-short","$v":"ਜੂਨ"},{"$i":"month-6-short","$v":"ਜੁਲਾਈ"},{"$i":"month-7-short","$v":"ਅਗਸਤ"},{"$i":"month-8-short","$v":"ਸਤੰਬਰ"},{"$i":"month-9-short","$v":"ਅਕਤੂਬਰ"},{"$i":"month-10-short","$v":"ਨਵੰਬਰ"},{"$i":"month-11-short","$v":"ਦਸੰਬਰ"},{"$i":"minutes-ago-long","$v":{"zero":"ਸਿਰਫ਼ ਹੁਣ","one":"ਇੱਕ ਮਿੰਟ ਪਹਿਲਾਂ","two":[{"t":"idOrVar","v":"value"}," ਮਿੰਟ ਪਹਿਲਾਂ"],"few":[{"t":"idOrVar","v":"value"}," ਮਿੰਟ ਪਹਿਲਾਂ"],"many":[{"t":"idOrVar","v":"value"}," ਮਿੰਟ ਪਹਿਲਾਂ"],"other":[{"t":"idOrVar","v":"value"}," ਮਿੰਟ ਪਹਿਲਾਂ"]},"$x":[{"t":"idOrVar","v":"plural"},"value"]},{"$i":"hours-ago-long","$v":{"zero":"ਸਿਰਫ਼ ਹੁਣ","one":"ਇੱਕ ਘੰਟਾ ਪਹਿਲਾਂ","two":[{"t":"idOrVar","v":"value"}," ਘੰਟੇ ਪਹਿਲਾਂ"],"few":[{"t":"idOrVar","v":"value"}," ਘੰਟੇ ਪਹਿਲਾਂ"],"many":[{"t":"idOrVar","v":"value"}," ਘੰਟੇ ਪਹਿਲਾਂ"],"other":[{"t":"idOrVar","v":"value"}," ਘੰਟੇ ਪਹਿਲਾਂ"]},"$x":[{"t":"idOrVar","v":"plural"},"value"]},{"$i":"days-ago-long","$v":{"zero":"ਅੱਜ","one":"ਗੁਜ਼ਰਿਆ ਹੋਇਆ ਕੱਲ","two":[{"t":"idOrVar","v":"value"}," ਦਿਨ ਪਹਿਲਾਂ"],"few":[{"t":"idOrVar","v":"value"}," ਦਿਨ ਪਹਿਲਾਂ"],"many":[{"t":"idOrVar","v":"value"}," ਦਿਨ ਪਹਿਲਾਂ"],"other":[{"t":"idOrVar","v":"value"}," ਦਿਨ ਪਹਿਲਾਂ"]},"$x":[{"t":"idOrVar","v":"plural"},"value"]},{"$i":"weeks-ago-long","$v":{"zero":"ਇਹ ਹਫ਼ਤਾ","one":"ਪਿਛਲਾ ਹਫ਼ਤਾ","two":[{"t":"idOrVar","v":"value"}," ਹਫ਼ਤੇ ਪਹਿਲਾਂ"],"few":[{"t":"idOrVar","v":"value"}," ਹਫ਼ਤੇ ਪਹਿਲਾਂ"],"many":[{"t":"idOrVar","v":"value"}," ਹਫ਼ਤੇ ਪਹਿਲਾਂ"],"other":[{"t":"idOrVar","v":"value"}," ਹਫ਼ਤੇ ਪਹਿਲਾਂ"]},"$x":[{"t":"idOrVar","v":"plural"},"value"]},{"$i":"months-ago-long","$v":{"zero":"ਇਹ ਮਹੀਨਾ","one":"ਪਿਛਲਾ ਮਹੀਨਾ","two":[{"t":"idOrVar","v":"value"}," ਮਹੀਨੇ ਮਹੀਨਾ"],"few":[{"t":"idOrVar","v":"value"}," ਮਹੀਨੇ ਮਹੀਨਾ"],"many":[{"t":"idOrVar","v":"value"}," ਮਹੀਨੇ ਮਹੀਨਾ"],"other":[{"t":"idOrVar","v":"value"}," ਮਹੀਨੇ ਮਹੀਨਾ"]},"$x":[{"t":"idOrVar","v":"plural"},"value"]},{"$i":"years-ago-long","$v":{"zero":"ਇਹ ਸਾਲ","one":"ਪਿਛਲਾ ਸਾਲ","two":[{"t":"idOrVar","v":"value"}," ਸਾਲ ਪਹਿਲਾਂ"],"few":[{"t":"idOrVar","v":"value"}," ਸਾਲ ਪਹਿਲਾਂ"],"many":[{"t":"idOrVar","v":"value"}," ਸਾਲ ਪਹਿਲਾਂ"],"other":[{"t":"idOrVar","v":"value"}," ਸਾਲ ਪਹਿਲਾਂ"]},"$x":[{"t":"idOrVar","v":"plural"},"value"]},{"$i":"minutes-until-long","$v":{"zero":"ਹੁਣ","one":"ਇੱਕ ਮਿੰਟ ਵਿੱਚ","two":[{"t":"idOrVar","v":"value"}," ਮਿੰਟਾਂ ਵਿੱਚ"],"few":[{"t":"idOrVar","v":"value"}," ਮਿੰਟਾਂ ਵਿੱਚ"],"many":[{"t":"idOrVar","v":"value"}," ਮਿੰਟਾਂ ਵਿੱਚ"],"other":[{"t":"idOrVar","v":"value"}," ਮਿੰਟਾਂ ਵਿੱਚ"]},"$x":[{"t":"idOrVar","v":"plural"},"value"]},{"$i":"hours-until-long","$v":{"zero":"ਹੁਣ","one":"ਇੱਕ ਘੰਟੇ ਵਿੱਚ","two":[{"t":"idOrVar","v":"value"}," ਘੰਟਿਆਂ ਵਿੱਚ"],"few":[{"t":"idOrVar","v":"value"}," ਘੰਟਿਆਂ ਵਿੱਚ"],"many":[{"t":"idOrVar","v":"value"}," ਘੰਟਿਆਂ ਵਿੱਚ"],"other":[{"t":"idOrVar","v":"value"}," ਘੰਟਿਆਂ ਵਿੱਚ"]},"$x":[{"t":"idOrVar","v":"plural"},"value"]},{"$i":"days-until-long","$v":{"zero":"ਅੱਜ","one":"ਆਉਣ ਵਾਲਾ ਕੱਲ","two":[{"t":"idOrVar","v":"value"}," ਦਿਨਾਂ ਵਿੱਚ"],"few":[{"t":"idOrVar","v":"value"}," ਦਿਨਾਂ ਵਿੱਚ"],"many":[{"t":"idOrVar","v":"value"}," ਦਿਨਾਂ ਵਿੱਚ"],"other":[{"t":"idOrVar","v":"value"}," ਦਿਨਾਂ ਵਿੱਚ"]},"$x":[{"t":"idOrVar","v":"plural"},"value"]},{"$i":"weeks-until-long","$v":{"zero":"ਇਹ ਹਫ਼ਤਾ","one":"ਅਗਲਾ ਹਫ਼ਤਾ","two":[{"t":"idOrVar","v":"value"}," ਹਫ਼ਤਿਆਂ ਵਿੱਚ"],"few":[{"t":"idOrVar","v":"value"}," ਹਫ਼ਤਿਆਂ ਵਿੱਚ"],"many":[{"t":"idOrVar","v":"value"}," ਹਫ਼ਤਿਆਂ ਵਿੱਚ"],"other":[{"t":"idOrVar","v":"value"}," ਹਫ਼ਤਿਆਂ ਵਿੱਚ"]},"$x":[{"t":"idOrVar","v":"plural"},"value"]},{"$i":"months-until-long","$v":{"zero":"ਇਹ ਮਹੀਨਾ","one":"ਅਗਲਾ ਮਹੀਨਾ","two":[{"t":"idOrVar","v":"value"}," ਮਹੀਨਿਆਂ ਵਿੱਚ"],"few":[{"t":"idOrVar","v":"value"}," ਮਹੀਨਿਆਂ ਵਿੱਚ"],"many":[{"t":"idOrVar","v":"value"}," ਮਹੀਨਿਆਂ ਵਿੱਚ"],"other":[{"t":"idOrVar","v":"value"}," ਮਹੀਨਿਆਂ ਵਿੱਚ"]},"$x":[{"t":"idOrVar","v":"plural"},"value"]},{"$i":"years-until-long","$v":{"zero":"ਇਹ ਸਾਲ","one":"ਅਗਲਾ ਸਾਲ","two":[{"t":"idOrVar","v":"value"}," ਸਾਲਾਂ ਵਿੱਚ"],"few":[{"t":"idOrVar","v":"value"}," ਸਾਲਾਂ ਵਿੱਚ"],"many":[{"t":"idOrVar","v":"value"}," ਸਾਲਾਂ ਵਿੱਚ"],"other":[{"t":"idOrVar","v":"value"}," ਸਾਲਾਂ ਵਿੱਚ"]},"$x":[{"t":"idOrVar","v":"plural"},"value"]},{"$i":"minutes-ago-short","$v":{"zero":"ਸਿਰਫ਼ ਹੁਣ","other":[{"t":"idOrVar","v":"value"}," ਮਿੰਟ ਪਹਿਲਾਂ"]},"$x":[{"t":"idOrVar","v":"plural"},"value"]},{"$i":"hours-ago-short","$v":{"zero":"ਸਿਰਫ਼ ਹੁਣ","other":[{"t":"idOrVar","v":"value"}," ਘੰਟਾ ਪਹਿਲਾਂ"]},"$x":[{"t":"idOrVar","v":"plural"},"value"]},{"$i":"days-ago-short","$v":{"zero":"ਅੱਜ","other":[{"t":"idOrVar","v":"value"}," ਦਿਨ ਪਹਿਲਾਂ"]},"$x":[{"t":"idOrVar","v":"plural"},"value"]},{"$i":"minutes-until-short","$v":{"zero":"ਹੁਣ","other":[{"t":"idOrVar","v":"value"}," ਮਿੰਟ ਵਿੱਚ"]},"$x":[{"t":"idOrVar","v":"plural"},"value"]},{"$i":"hours-until-short","$v":{"zero":"ਹੁਣ","other":[{"t":"idOrVar","v":"value"}," ਘੰਟੇ ਵਿੱਚ"]},"$x":[{"t":"idOrVar","v":"plural"},"value"]},{"$i":"days-until-short","$v":{"zero":"ਅੱਜ","other":[{"t":"idOrVar","v":"value"}," ਦਿਨ ਵਿੱਚ"]},"$x":[{"t":"idOrVar","v":"plural"},"value"]},{"$i":"incorrectDate","$v":"(ਗਲਤ ਮਿਤੀ)"},{"$i":"dateTimeFormat_%c","$v":"%a %b %e %Y %I:%M:%S %p"},{"$i":"dateTimeFormat_%x","$v":"%m/%d/%Y"},{"$i":"dateTimeFormat_%X","$v":"%I:%M:%S %p"},{"$i":"shortTimeFormat","$v":"%I:%M %p"},{"$i":"shortTimeFormat12","$v":"%I:%M %p"},{"$i":"shortTimeFormat24","$v":"%H:%M"},{"$i":"shortDateTimeFormat","$v":"%x %I:%M %p"},{"$i":"weekStartsOnMonday","$v":"0"},{"$i":"firstDayOfTheWeek","$v":"0"},{"$i":"imageDescription","$v":[{"t":"idOrVar","v":"orientation"}," ਤਸਵੀਰ, %I:%M %p, %B %e, %Y"]},{"$i":"imageDescriptionNoTimestamp","$v":[{"t":"idOrVar","v":"orientation"}," ਤਸਵੀਰ"]},{"$i":"videoDescription","$v":[{"t":"idOrVar","v":"orientation"}," ਵੀਡਿਓ, %I:%M %p, %B %e, %Y"]},{"$i":"videoDescriptionNoTimestamp","$v":[{"t":"idOrVar","v":"orientation"}," ਵੀਡਿਓ"]},{"$i":"orientationPortrait","$v":"ਪੋਰਟਰੇਟ"},{"$i":"orientationLandscape","$v":"ਲੈਂਡਸਕੇਪ"},{"$i":"playbackPlay","ariaLabel":"ਚਲਾਓ"},{"$i":"playbackPause","ariaLabel":"ਰੋਕੋ"},{"$i":"playbackNext","ariaLabel":"ਅਗਲਾ"},{"$i":"playbackPrevious","ariaLabel":"ਪਿਛਲਾ"},{"$i":"playbackFullscreen","ariaLabel":"ਫੁਲਸਕਰੀਨ"},{"$i":"playbackSeekBar","ariaLabel":["ਸੀਕ ਬਾਰ , ਅਵਧੀ ",{"t":"idOrVar","v":"duration"}]},{"$i":"softkey-options","$v":"ਵਿਕਲਪ"}]