[{"$i":"select","$v":"चिनोतु"},{"$i":"tcl-select","$v":"चिनोतु"},{"$i":"invalid-image","$v":"अवैधचित्रम्"},{"$i":"image-too-big","$v":"गैलरीमध्ये दर्शयितुं चित्रफाइलस्याकारः बृहदासीत्"},{"$i":"tcl-selected-items-count","$v":[{"t":"idOrVar","v":"n"}," चयनितम्"]},{"$i":"delete-photo?","$v":"चित्रं अपमर्जतु?"},{"$i":"delete-video?","$v":"वीडियो अपमर्जतु?"},{"$i":"delete-n-items?","$v":{"zero":"किमपि चयनितं नास्ति","one":"चयनितवस्तु अपमर्जतु?","two":[{"t":"idOrVar","v":"n"}," विषयम् अपमर्जतु?"],"few":[{"t":"idOrVar","v":"n"}," विषयम् अपमर्जतु?"],"many":[{"t":"idOrVar","v":"n"}," विषयम् अपमर्जतु?"],"other":[{"t":"idOrVar","v":"n"}," विषयम् अपमर्जतु?"]},"$x":[{"t":"idOrVar","v":"plural"},"n"]},{"$i":"tcl-contact-set-ok","$v":"सम्पर्कचित्रम् योजितम्"},{"$i":"tcl-contact-set-fail","$v":"सम्पर्कचित्रस्य स्थापने विफलः"},{"$i":"tcl-exposure-done","$v":"एक्सपोजर संयुक्तम्"},{"$i":"tcl-rotation-done","$v":"चित्रं परिभ्रामितम्"},{"$i":"tcl-crop-done","$v":"चित्रं कॉपीकृतम्"},{"$i":"tcl-filters-done","$v":"फिल्टरसंयुक्तम्"},{"$i":"tcl-autocorrection-done","$v":"स्वतः संशोधनं नियुक्तम्"},{"$i":"tcl-changes-saved","$v":"परिवर्तनानि सुरक्षितानि"},{"$i":"wallpaper-set","$v":"वॉलपेपरं व्यवस्थितम्"},{"$i":"tcl-single-image-locked","$v":"चयनितं चित्रं लॉक"},{"$i":"tcl-single-image-unlocked","$v":"चयनितं चित्रम् अनलॉक"},{"$i":"tcl-single-image-deleted","$v":"चित्रं अपमर्जितम्।"},{"$i":"tcl-multiple-images-locked","$v":{"zero":"चित्रं कीलितं नास्ति","one":[{"t":"idOrVar","v":"n"}," चित्रं पिधानम्"],"other":[{"t":"idOrVar","v":"n"}," चित्रं पिधानम्"]},"$x":[{"t":"idOrVar","v":"plural"},"n"]},{"$i":"tcl-multiple-images-unlocked","$v":{"zero":"चित्रं कीलितं नास्ति","one":[{"t":"idOrVar","v":"n"}," चित्रमुन्मुक्तम्"],"other":[{"t":"idOrVar","v":"n"}," चित्रमुन्मुक्तम्"]},"$x":[{"t":"idOrVar","v":"plural"},"n"]},{"$i":"tcl-deleted-n-photos","$v":{"zero":"चित्रं न अपाकृतम्","one":[{"t":"idOrVar","v":"n"}," चित्रम् अपसारितम्"],"other":[{"t":"idOrVar","v":"n"}," चित्रम् अपसारितम्"]},"$x":[{"t":"idOrVar","v":"plural"},"n"]},{"$i":"tcl-undo","$v":"पूर्ववत्कुर्यताम्"},{"$i":"pickoneimage2","$v":"चिनोतु"},{"$i":"cropimage","$v":"कर्तनम्"},{"$i":"tcl-no","$v":"मा भवतु"},{"$i":"tcl-on","$v":"सक्रियम्"},{"$i":"tcl-off","$v":"निष्क्रमणम्"},{"$i":"tcl-return","$v":"प्रतिगच्छतु"},{"$i":"cancel","$v":"निरस्यताम्"},{"$i":"delete","$v":"लुप्यताम्"},{"$i":"ok","$v":"नुदताम्"},{"$i":"edit","$v":"संपाद्यताम्"},{"$i":"save","$v":"संरक्षितम्"},{"$i":"done","$v":"कृतम्"},{"$i":"exposure","$v":"अनावरणम्"},{"$i":"crop","$v":"कर्तनम्"},{"$i":"effects","$v":"द्रव्यादीनि"},{"$i":"borders","$v":"सीमाः"},{"$i":"enhance-on","$v":"स्वयंक्रियभावेन उन्मुक्तम्"},{"$i":"enhance-off","$v":"स्वयंक्रियभावेनपिधानम्"},{"$i":"tcl-exit","$v":"निष्क्राम्यताम्"},{"$i":"tcl-set","$v":"स्थापयतु"},{"$i":"tcl-takephoto","$v":"चित्रं गृह्णातु"},{"$i":"tcl-options","$v":"विकल्पाः"},{"$i":"tcl-select-all","$v":"सर्वं चिनोतु"},{"$i":"tcl-deselect-all","$v":"सकलान् अचिह्नितान् करोतु"},{"$i":"tcl-lock","$v":"कीलतु"},{"$i":"tcl-unlock","$v":"उद्घाटनम्"},{"$i":"tcl-rename","$v":"नामपरिवर्तनम्"},{"$i":"tcl-rotate","$v":"भ्रमणम्"},{"$i":"tcl-share","$v":"सभाज्यताम्"},{"$i":"tcl-settings","$v":"व्यवस्थापनम्"},{"$i":"tcl-set-as","$v":"रूपेण स्थाप्यताम्"},{"$i":"tcl-wallpaper","$v":"पटलपत्रम्"},{"$i":"tcl-existing-contact-image","$v":"विद्यमानसम्पर्कस्य कृते चित्रम्"},{"$i":"tcl-zoom","$v":"ज़ूम"},{"$i":"tcl-zoom-in","$v":"ज़ूममध्ये प्रवेशः"},{"$i":"tcl-zoom-out","$v":"ज़ूमतः बहिर्गमनम्"},{"$i":"tcl-file-info","$v":"फाइलतथ्यम्"},{"$i":"tcl-select-multiple","$v":"विभिन्नं चिनोतु"},{"$i":"tcl-invalid-name","$v":"अवैधनाम"},{"$i":"tcl-name-already-exists","$v":"इदं नाम पूर्वमेव विद्यमानमस्ति"},{"$i":"tcl-override-warning-msg","$v":"किं भवान् विद्यमानं चित्रम् ओवरराइडकर्तुमिच्छति?"},{"$i":"tcl-override","$v":"अवहेलना"},{"$i":"tcl-edit-title","$v":"चित्रं सम्पादनीयम्"},{"$i":"tcl-edit-exposure","$v":"अनावरणम्"},{"$i":"tcl-edit-crop","$v":"कर्तनम्"},{"$i":"tcl-edit-rotate","$v":"भ्रमणम्"},{"$i":"tcl-edit-filters","$v":"शोधन्यः"},{"$i":"tcl-edit-auto-correct","$v":"स्वतः संशोधनम्"},{"$i":"edit-exposure","ariaLabel":"अनावरणम्"},{"$i":"edit-crop","ariaLabel":"कर्तनम्"},{"$i":"edit-rotate","ariaLabel":"भ्रमणम्"},{"$i":"edit-filters","ariaLabel":"शोधन्यः"},{"$i":"edit-auto-correct","ariaLabel":"स्वतः संशोधनम्"},{"$i":"tcl-crop-none","$v":"पूर्ववत् क्रॉपिंग"},{"$i":"tcl-crop-aspect-free","$v":"डेफल्ट"},{"$i":"tcl-crop-aspect-portrait","$v":"2:3"},{"$i":"tcl-crop-aspect-landscape","$v":"3:2"},{"$i":"tcl-crop-aspect-square","$v":"1:1"},{"$i":"crop-none","ariaLabel":"पूर्ववत् क्रॉपिंग"},{"$i":"crop-aspect-free","ariaLabel":"डेफल्ट"},{"$i":"crop-aspect-portrait","ariaLabel":"2:3"},{"$i":"crop-aspect-landscape","ariaLabel":"3:2"},{"$i":"crop-aspect-square","ariaLabel":"1:1"},{"$i":"tcl-edit-filters-none","$v":"फ़िल्टर 1"},{"$i":"tcl-edit-filters-bw","$v":"फ़िल्टर 2"},{"$i":"tcl-edit-filters-sepia","$v":"फ़िल्टर 3"},{"$i":"tcl-edit-filters-bluesteel","$v":"फ़िल्टर 4"},{"$i":"tcl-edit-filters-faded","$v":"फ़िल्टर 5"},{"$i":"edit-filters-none","ariaLabel":"फ़िल्टर 1"},{"$i":"edit-filters-bw","ariaLabel":"फ़िल्टर 2"},{"$i":"edit-filters-sepia","ariaLabel":"फ़िल्टर 3"},{"$i":"edit-filters-bluesteel","ariaLabel":"फ़िल्टर 4"},{"$i":"edit-filters-faded","ariaLabel":"फ़िल्टर 5"},{"$i":"tcl-rotate-cw","$v":"CW"},{"$i":"tcl-rotate-ccw","$v":"CCW"},{"$i":"original","$v":"मूलम्"},{"$i":"blackandwhite","$v":{"$o":"B&W"}},{"$i":"sepia","$v":"विशेषः"},{"$i":"freeform","$v":"मुक्तफार्मम्"},{"$i":"portrait","$v":"छायाचित्रम्"},{"$i":"landscape","$v":"परिदृश्यम्"},{"$i":"square","$v":"वर्गः"},{"$i":"emptygallery2-title","$v":"किमपि चित्रं यद्वा वीडियो नास्ति"},{"$i":"emptygallery2-text","$v":"चित्रवीथिका रिक्ता अस्ति।"},{"$i":"emptygallery2-title-pick","$v":"किमपि चित्रं नास्ति"},{"$i":"emptygallery-text-pick","$v":"किमपि चित्रमुपलब्धं नास्ति।"},{"$i":"nocard3-title","$v":"मेमोरिकार्ड नास्ति"},{"$i":"nocard4-text","$v":"अस्य ऐपस्य उपयोगं कर्तुं मेमोरीकार्ड स्थापयतु।"},{"$i":"pluggedin2-title","$v":"उपयोगे मेमोरी कार्ड"},{"$i":"pluggedin2-text","$v":"भण्डारः उपयोगे अस्ति । कृपया अस्य ऎपस्य उपयोगकर्तुं दूरभाषम् अनप्लग करोतु।"},{"$i":"scanning-title","$v":"स्कैनिंग"},{"$i":"tcl-scanning-text","$v":"चित्राणां नीरिक्षणम्"},{"$i":"scanning-text","$v":"चित्रस्य कृते स्कैनिंग..."},{"$i":"upgrade-title","$v":"डाटाबेस अपग्रेडः"},{"$i":"upgrade-text","$v":"चित्राणि कर्षयितुं चित्रग्राहकम् उपयुज्यताम्"},{"$i":"share-noprovider","$v":"इत्थं चित्रफाइल शेयरकर्तुं न शक्यते।"},{"$i":"memorycardfull","$v":"भण्डारः पूर्णः अस्ति। चित्रं सम्पादितुं न शक्यते।"},{"$i":"imagetoobig","$v":"अस्मिन्नुपकरणे प्रदर्शितुं चित्रं बृहदस्ति।"},{"$i":"imageinvalid","$v":"चित्रममान्यं यद्वा भ्रष्टमस्ति प्रदर्शितुं न शक्यते।"},{"$i":"saved","$v":[{"t":"idOrVar","v":"filename"}," गैलरीमध्ये संरक्षितम्"]},{"$i":"edit-copy-saved","$v":"नूतनकॉपी सुरक्षितम्।"},{"$i":"overlay-camera-button","$v":"कैमरामध्ये गच्छतु"},{"$i":"name-label","$v":"नाम"},{"$i":"size-label","$v":"आकारः"},{"$i":"image-type-label","$v":"चित्रं प्रकारम्"},{"$i":"tcl-date-and-time-label","$v":"तिथिः समयः च"},{"$i":"date-taken-label","$v":"ग्रहणतिथिः"},{"$i":"resolution-label","$v":"सिद्धान्तम्"},{"$i":"close-button","$v":"निवर्त्यताम्"},{"$i":"byteUnit-B","$v":"बाइट्स"},{"$i":"byteUnit-KB","$v":"KB"},{"$i":"byteUnit-MB","$v":"MB"},{"$i":"byteUnit-GB","$v":"GB"},{"$i":"gallery","$v":"विथिका"},{"$i":"preview","$v":"प्राग्दृश्यम्"},{"$i":"tcl-confirmation","$v":"अनुमोदनम्"},{"$i":"tcl-delete-this-image","$v":"चित्रमिदम् अपमर्जतु?"},{"$i":"tcl-delete-selected-image","$v":"चयनितं चित्रम् अपमर्जतु?"},{"$i":"tcl-delete-selected-images","$v":"चयनितानि चित्राणि अपमर्जन्तु?"},{"$i":"tcl-delete-photos","$v":{"one":["किं भवान् निश्चयेन ",{"t":"idOrVar","v":"n"}," चयनितं चित्रं डिलिटकर्तुमिच्छति?"],"other":["किं भवान् निश्चयेन ",{"t":"idOrVar","v":"n"}," चयनितचित्राणि डिलिटकर्तुमिच्छति?"]},"$x":[{"t":"idOrVar","v":"plural"},"n"]},{"$i":"tcl-lost-warning","$v":"सर्वं परिवर्तनं विलीनं भविष्यति।"},{"$i":"tcl-save-changes?","$v":"किं भवान् परिवर्तनानि सुरक्षितुमिच्छति?"},{"$i":"tcl-close-warning","$v":"एप्लिकेशन डेटाहानिसहितं पिधानं भविष्यति।"},{"$i":"tcl-back-to-editing?","$v":"कृपया चित्रवीथिका दत्ताशं नवीकुर्यात् तावत् प्रतीक्षतु। किं सम्पादनाय प्रत्यावर्तयितुम् इच्छति?"},{"$i":"tcl-gallery-settings","$v":"गैलरी सेटिंगस"},{"$i":"tcl-sort-by","$v":"एवंविधं परिवर्त्यताम्"},{"$i":"tcl-group-by-date-and-location","$v":"दिनांकद्वारा समूहः"},{"$i":"tcl-error","$v":"दोषः"},{"$i":"tcl-error-delete-locked-image","$v":"चयनितं चित्रं लॉक अस्ति अपसारितुं च न शक्यते!"},{"$i":"tcl-error-delete-locked-images","$v":"चयनितचित्रेषु लॉक चित्राणि सन्ति अपसारितुं च न शक्यते!"},{"$i":"tcl-enter-new-name","$v":"नूतनं नाम लिख्यताम्"},{"$i":"sort-and-group","$v":"संक्षिप्तः समूहः च"},{"$i":"tcl-orientationLandscape","$v":"परिदृश्यम्"},{"$i":"tcl-videoDescriptionNoTimestamp","$v":[{"t":"idOrVar","v":"orientation"},"वीडियो"]},{"$i":"tcl-orientationPortrait","$v":"छायाचित्रम्"},{"$i":"tcl-imageDescription","$v":[{"t":"idOrVar","v":"orientation"}," चित्रम्, %I:%M %p, %B %e, %Y"]},{"$i":"time_am","$v":"AM"},{"$i":"time_pm","$v":"PM"},{"$i":"date-group-header","$v":"%B %Y"},{"$i":"videoDescriptionShort","$v":"वीडियो दिनांक %I:%M %p, %B %e, %Y"},{"$i":"imageDescriptionShort","$v":"चित्रतिथिः %I:%M %p, %B %e, %Y"},{"$i":"editImagePreview","ariaLabel":"पूर्वावलोकनं चित्रं सम्पादनीयम्"},{"$i":"tcl-pickoneimage","$v":"चित्रमेकं चिनोतु"},{"$i":"discard-changes-warning","$v":"सर्वं परिवर्तनं विलीनं भविष्यति । किं भवान् परिवर्तनानि त्याक्तुमिच्छति?"},{"$i":"save-changes-warning","$v":"सर्वं परिवर्तनं विलीनं भविष्यति । किं भवान् परिवर्तनानि सुरक्षितुमिच्छति?"},{"$i":"discard","$v":"विसर्ज्यताम्"},{"$i":"weekday-0-long","$v":"रविवासरः"},{"$i":"weekday-1-long","$v":"सोमवासरः"},{"$i":"weekday-2-long","$v":"मङ्गलवासरः"},{"$i":"weekday-3-long","$v":"बुधवासरः"},{"$i":"weekday-4-long","$v":"गुरुवासरः"},{"$i":"weekday-5-long","$v":"शुक्रवासरः"},{"$i":"weekday-6-long","$v":"शनिवासरः"},{"$i":"weekday-0-short","$v":"रविः"},{"$i":"weekday-1-short","$v":"सोम"},{"$i":"weekday-2-short","$v":"मंगलवारः"},{"$i":"weekday-3-short","$v":"मेल करनम्"},{"$i":"weekday-4-short","$v":"गुरुवारः"},{"$i":"weekday-5-short","$v":"शुक्र"},{"$i":"weekday-6-short","$v":"उपवेशितम्"},{"$i":"month-0-long","$v":"जनवरी"},{"$i":"month-1-long","$v":"फरवरी"},{"$i":"month-2-long","$v":"मार्च"},{"$i":"month-3-long","$v":"अप्रैल"},{"$i":"month-4-long","$v":"मई"},{"$i":"month-5-long","$v":"जून"},{"$i":"month-6-long","$v":"जुलाई"},{"$i":"month-7-long","$v":"अगस्त"},{"$i":"month-8-long","$v":"सितम्बरः"},{"$i":"month-9-long","$v":"अक्टूबरः"},{"$i":"month-10-long","$v":"नवम्बरः"},{"$i":"month-11-long","$v":"दिसम्बरः"},{"$i":"month-0-genitive","$v":"जनवरी"},{"$i":"month-1-genitive","$v":"फरवरी"},{"$i":"month-2-genitive","$v":"मार्च"},{"$i":"month-3-genitive","$v":"अप्रैल"},{"$i":"month-4-genitive","$v":"मई"},{"$i":"month-5-genitive","$v":"जून"},{"$i":"month-6-genitive","$v":"जुलाई"},{"$i":"month-7-genitive","$v":"अगस्त"},{"$i":"month-8-genitive","$v":"सितम्बरः"},{"$i":"month-9-genitive","$v":"अक्टूबरः"},{"$i":"month-10-genitive","$v":"नवम्बरः"},{"$i":"month-11-genitive","$v":"दिसम्बरः"},{"$i":"month-0-short","$v":"जनवरी"},{"$i":"month-1-short","$v":"फेव"},{"$i":"month-2-short","$v":"मार्च"},{"$i":"month-3-short","$v":"अप्रैल"},{"$i":"month-4-short","$v":"मई"},{"$i":"month-5-short","$v":"जनवरी"},{"$i":"month-6-short","$v":"जुलाई"},{"$i":"month-7-short","$v":"अगस्त"},{"$i":"month-8-short","$v":"सितम्बरः"},{"$i":"month-9-short","$v":"अक्टूबरः"},{"$i":"month-10-short","$v":"नवम्बरः"},{"$i":"month-11-short","$v":"डीईसी"},{"$i":"minutes-ago-long","$v":{"zero":"अधुना","one":"एकमिनट पूर्वम्","two":[{"t":"idOrVar","v":"value"}," मिनिटपूर्वम्"],"few":[{"t":"idOrVar","v":"value"}," मिनिटपूर्वम्"],"many":[{"t":"idOrVar","v":"value"}," मिनिटपूर्वम्"],"other":[{"t":"idOrVar","v":"value"}," मिनिटपूर्वम्"]},"$x":[{"t":"idOrVar","v":"plural"},"value"]},{"$i":"hours-ago-long","$v":{"zero":"अधुना","one":"एकघंटा पूर्वम्","two":[{"t":"idOrVar","v":"value"}," घटिकापूर्वम्"],"few":[{"t":"idOrVar","v":"value"}," घटिकापूर्वम्"],"many":[{"t":"idOrVar","v":"value"}," घटिकापूर्वम्"],"other":[{"t":"idOrVar","v":"value"}," घटिकापूर्वम्"]},"$x":[{"t":"idOrVar","v":"plural"},"value"]},{"$i":"days-ago-long","$v":{"zero":"अद्य","one":"ह्यः","two":[{"t":"idOrVar","v":"value"}," दिनपूर्वम्"],"few":[{"t":"idOrVar","v":"value"}," दिनपूर्वम्"],"many":[{"t":"idOrVar","v":"value"}," दिनपूर्वम्"],"other":[{"t":"idOrVar","v":"value"}," दिनपूर्वम्"]},"$x":[{"t":"idOrVar","v":"plural"},"value"]},{"$i":"weeks-ago-long","$v":{"zero":"अस्मिन् सप्ताहे","one":"ह्यः सप्ताहे","two":[{"t":"idOrVar","v":"value"}," सप्ताहपूर्वम्"],"few":[{"t":"idOrVar","v":"value"}," सप्ताहपूर्वम्"],"many":[{"t":"idOrVar","v":"value"}," सप्ताहपूर्वम्"],"other":[{"t":"idOrVar","v":"value"}," सप्ताहपूर्वम्"]},"$x":[{"t":"idOrVar","v":"plural"},"value"]},{"$i":"months-ago-long","$v":{"zero":"अस्मिन् मासे","one":"ह्यः मासे","two":[{"t":"idOrVar","v":"value"}," मासपूर्वम्"],"few":[{"t":"idOrVar","v":"value"}," मासपूर्वम्"],"many":[{"t":"idOrVar","v":"value"}," मासपूर्वम्"],"other":[{"t":"idOrVar","v":"value"}," मासपूर्वम्"]},"$x":[{"t":"idOrVar","v":"plural"},"value"]},{"$i":"years-ago-long","$v":{"zero":"अस्मिन् वर्षे","one":"ह्यः वर्षे","two":[{"t":"idOrVar","v":"value"}," वर्षपूर्वम्"],"few":[{"t":"idOrVar","v":"value"}," वर्षपूर्वम्"],"many":[{"t":"idOrVar","v":"value"}," वर्षपूर्वम्"],"other":[{"t":"idOrVar","v":"value"}," वर्षपूर्वम्"]},"$x":[{"t":"idOrVar","v":"plural"},"value"]},{"$i":"minutes-until-long","$v":{"zero":"अधुना","one":"एकमिनटमध्ये","two":[{"t":"idOrVar","v":"value"}," निमेषात्मके"],"few":[{"t":"idOrVar","v":"value"}," निमेषात्मके"],"many":[{"t":"idOrVar","v":"value"}," निमेषात्मके"],"other":[{"t":"idOrVar","v":"value"}," निमेषात्मके"]},"$x":[{"t":"idOrVar","v":"plural"},"value"]},{"$i":"hours-until-long","$v":{"zero":"अधुना","one":"एकघंटात्मके","two":[{"t":"idOrVar","v":"value"}," घंटात्मके"],"few":[{"t":"idOrVar","v":"value"}," घंटात्मके"],"many":[{"t":"idOrVar","v":"value"}," घंटात्मके"],"other":[{"t":"idOrVar","v":"value"}," घंटात्मके"]},"$x":[{"t":"idOrVar","v":"plural"},"value"]},{"$i":"days-until-long","$v":{"zero":"अद्य","one":"श्वः","two":[{"t":"idOrVar","v":"value"}," दिनात्मके"],"few":[{"t":"idOrVar","v":"value"}," दिनात्मके"],"many":[{"t":"idOrVar","v":"value"}," दिनात्मके"],"other":[{"t":"idOrVar","v":"value"}," दिनात्मके"]},"$x":[{"t":"idOrVar","v":"plural"},"value"]},{"$i":"weeks-until-long","$v":{"zero":"अस्मिन् सप्ताहे","one":"श्वः सप्ताहे","two":[{"t":"idOrVar","v":"value"}," सप्ताहात्मके"],"few":[{"t":"idOrVar","v":"value"}," सप्ताहात्मके"],"many":[{"t":"idOrVar","v":"value"}," सप्ताहात्मके"],"other":[{"t":"idOrVar","v":"value"}," सप्ताहात्मके"]},"$x":[{"t":"idOrVar","v":"plural"},"value"]},{"$i":"months-until-long","$v":{"zero":"अस्मिन् मासे","one":"श्वः मासे","two":[{"t":"idOrVar","v":"value"}," मासात्मके"],"few":[{"t":"idOrVar","v":"value"}," मासात्मके"],"many":[{"t":"idOrVar","v":"value"}," मासात्मके"],"other":[{"t":"idOrVar","v":"value"}," मासात्मके"]},"$x":[{"t":"idOrVar","v":"plural"},"value"]},{"$i":"years-until-long","$v":{"zero":"अस्मिन् वर्षे","one":"श्वः वर्षे","two":[{"t":"idOrVar","v":"value"}," वर्षात्मके"],"few":[{"t":"idOrVar","v":"value"}," वर्षात्मके"],"many":[{"t":"idOrVar","v":"value"}," वर्षात्मके"],"other":[{"t":"idOrVar","v":"value"}," वर्षात्मके"]},"$x":[{"t":"idOrVar","v":"plural"},"value"]},{"$i":"minutes-ago-short","$v":{"zero":"अधुना","other":[{"t":"idOrVar","v":"value"},"m पूर्वम्"]},"$x":[{"t":"idOrVar","v":"plural"},"value"]},{"$i":"hours-ago-short","$v":{"zero":"अधुना","other":[{"t":"idOrVar","v":"value"},"h पूर्वम्"]},"$x":[{"t":"idOrVar","v":"plural"},"value"]},{"$i":"days-ago-short","$v":{"zero":"अद्य","other":[{"t":"idOrVar","v":"value"},"d पूर्वम्"]},"$x":[{"t":"idOrVar","v":"plural"},"value"]},{"$i":"minutes-until-short","$v":{"zero":"अधुना","other":[{"t":"idOrVar","v":"value"}," m"]},"$x":[{"t":"idOrVar","v":"plural"},"value"]},{"$i":"hours-until-short","$v":{"zero":"अधुना","other":[{"t":"idOrVar","v":"value"}," h"]},"$x":[{"t":"idOrVar","v":"plural"},"value"]},{"$i":"days-until-short","$v":{"zero":"अद्य","other":[{"t":"idOrVar","v":"value"}," d"]},"$x":[{"t":"idOrVar","v":"plural"},"value"]},{"$i":"incorrectDate","$v":"(त्रुटिदिनांकः)"},{"$i":"dateTimeFormat_%c","$v":"%a %b %e %Y %I:%M:%S %p"},{"$i":"dateTimeFormat_%x","$v":"%m/%d/%Y"},{"$i":"dateTimeFormat_%X","$v":"%I:%M:%S %p"},{"$i":"shortTimeFormat","$v":"%I:%M %p"},{"$i":"shortTimeFormat12","$v":"%I:%M %p"},{"$i":"shortTimeFormat24","$v":"%H:%M"},{"$i":"shortDateTimeFormat","$v":"%x %I:%M %p"},{"$i":"weekStartsOnMonday","$v":"0"},{"$i":"firstDayOfTheWeek","$v":"0"},{"$i":"imageDescription","$v":[{"t":"idOrVar","v":"orientation"}," चित्रम्, %I:%M %p, %B %e, %Y"]},{"$i":"imageDescriptionNoTimestamp","$v":[{"t":"idOrVar","v":"orientation"}," चित्रम्"]},{"$i":"videoDescription","$v":[{"t":"idOrVar","v":"orientation"}," वीडियो, %I:%M %p, %B %e, %Y"]},{"$i":"videoDescriptionNoTimestamp","$v":[{"t":"idOrVar","v":"orientation"},"वीडियो"]},{"$i":"orientationPortrait","$v":"छायाचित्रम्"},{"$i":"orientationLandscape","$v":"परिदृश्यम्"},{"$i":"playbackPlay","ariaLabel":"चाल्यताम्"},{"$i":"playbackPause","ariaLabel":"विरमति"},{"$i":"playbackNext","ariaLabel":"अग्रिमम्"},{"$i":"playbackPrevious","ariaLabel":"पूर्वतनम्"},{"$i":"playbackFullscreen","ariaLabel":"सम्पूर्णपटलम्"},{"$i":"playbackSeekBar","ariaLabel":["बारस्य अन्वेषणं करोतु, अवधिः ",{"t":"idOrVar","v":"duration"}]},{"$i":"softkey-options","$v":"विकल्पाः"}]