[{"$i":"select","$v":"ᱵᱟᱪᱷᱟᱣ"},{"$i":"tcl-select","$v":"ᱵᱟᱪᱷᱟᱣ"},{"$i":"invalid-image","$v":"ᱪᱟᱤᱛᱹᱨ ᱵᱟᱝ ᱜᱟᱱᱚᱜ"},{"$i":"image-too-big","$v":"ᱪᱤᱛᱟᱹᱨ ᱨᱮᱫ ᱫᱚ ᱞᱟᱴᱩ ᱜᱮᱭᱟ ᱜᱮᱞᱮᱨᱤ ᱨᱮ ᱥᱚᱫᱚᱨ ᱞᱟᱜᱤᱫ"},{"$i":"tcl-selected-items-count","$v":[{"t":"idOrVar","v":"n"}," ᱵᱟᱪᱷᱟᱣ ᱟᱠᱟᱱᱟᱜ"]},{"$i":"delete-photo?","$v":"ᱪᱤᱛᱟᱹᱨ ᱢᱮᱴᱟᱣ?"},{"$i":"delete-video?","$v":"ᱣᱤᱰᱤᱭᱳ ᱢᱮᱴᱟᱣ?"},{"$i":"delete-n-items?","$v":{"zero":"ᱵᱟᱝ ᱵᱟᱪᱷᱟ ᱟᱠᱟᱱᱟ","one":"ᱵᱟᱪᱷᱟᱣ ᱟᱠᱟᱱ ᱡᱤᱱᱤᱥ ᱢᱮᱴᱟᱣ?","two":[{"t":"idOrVar","v":"n"}," ᱡᱤᱱᱤᱥ ᱠᱚ ᱢᱮᱴᱟᱣ?"],"few":[{"t":"idOrVar","v":"n"}," ᱡᱤᱱᱤᱥ ᱠᱚ ᱢᱮᱴᱟᱣ?"],"many":[{"t":"idOrVar","v":"n"}," ᱡᱤᱱᱤᱥ ᱠᱚ ᱢᱮᱴᱟᱣ?"],"other":[{"t":"idOrVar","v":"n"}," ᱡᱤᱱᱤᱥ ᱠᱚ ᱢᱮᱴᱟᱣ?"]},"$x":[{"t":"idOrVar","v":"plural"},"n"]},{"$i":"tcl-contact-set-ok","$v":"ᱡᱚᱜᱟᱡᱳᱜ ᱪᱤᱛᱟᱹᱨ ᱥᱮᱞᱮᱫ ᱟᱠᱟᱱᱟ"},{"$i":"tcl-contact-set-fail","$v":"ᱡᱚᱜᱟᱡᱳᱜᱽ ᱪᱤᱛᱟᱹᱨ ᱵᱮᱭᱥᱮᱣ ᱫᱚ ᱰᱤᱜᱷᱮᱣ ᱟᱠᱟᱱᱟ"},{"$i":"tcl-exposure-done","$v":"ᱮᱠᱯᱞᱳᱡᱚᱨ ᱞᱟᱜᱩ ᱟᱠᱟᱱᱟ"},{"$i":"tcl-rotation-done","$v":"ᱪᱤᱛᱟᱹᱨ ᱟᱹᱪᱩᱨᱟᱠᱟᱱᱟ"},{"$i":"tcl-crop-done","$v":"ᱪᱤᱛᱟᱹᱨ ᱜᱮᱫ ᱟᱠᱟᱱᱟ"},{"$i":"tcl-filters-done","$v":"ᱪᱷᱟᱠᱟᱣ ᱞᱟᱜᱩ ᱟᱠᱟᱱᱟ"},{"$i":"tcl-autocorrection-done","$v":"ᱟᱡ~ᱟᱡ ᱛᱮ-ᱥᱩᱦᱤ-ᱟᱜ ᱞᱟᱜᱩᱜ ᱟᱠᱟᱱᱟ"},{"$i":"tcl-changes-saved","$v":"ᱡᱚᱜᱟᱣᱟᱜ ᱵᱚᱫᱚᱞ"},{"$i":"wallpaper-set","$v":"ᱣᱟᱞᱯᱮᱯᱚᱨ ᱵᱮᱭᱥᱮᱣ"},{"$i":"tcl-single-image-locked","$v":"ᱪᱤᱛᱟᱹᱨ ᱠᱩᱞᱩᱯ ᱡᱷᱤᱡ ᱵᱟᱪᱷᱟᱣ ᱟᱠᱟᱱᱟ"},{"$i":"tcl-single-image-unlocked","$v":"ᱪᱤᱛᱟᱹᱨ ᱠᱩᱞᱩᱯ ᱡᱷᱤᱡ ᱵᱟᱪᱷᱟᱣ ᱟᱠᱟᱱᱟ"},{"$i":"tcl-single-image-deleted","$v":"ᱪᱤᱛᱟᱹᱨ ᱢᱮᱴᱟᱣ ᱟᱠᱟᱱᱟ."},{"$i":"tcl-multiple-images-locked","$v":{"zero":"ᱪᱤᱛᱟᱹᱨ ᱵᱟᱭ ᱠᱩᱞᱩᱯᱟ","one":[{"t":"idOrVar","v":"n"}," ᱪᱤᱛᱟᱹᱨ ᱠᱩᱞᱩᱯ ᱟᱠᱟᱱᱟ"],"other":[{"t":"idOrVar","v":"n"}," ᱪᱤᱛᱟᱹᱨ ᱠᱚ ᱠᱩᱞᱩᱯ ᱟᱠᱟᱱᱟ"]},"$x":[{"t":"idOrVar","v":"plural"},"n"]},{"$i":"tcl-multiple-images-unlocked","$v":{"zero":"ᱪᱤᱛᱟᱹᱨ ᱵᱟᱭ ᱠᱩᱞᱩᱯᱟ","one":[{"t":"idOrVar","v":"n"}," ᱪᱤᱛᱟᱹᱨ ᱠᱩᱞᱩᱯ ᱡᱷᱤᱡ ᱟᱠᱟᱱᱟ"],"other":[{"t":"idOrVar","v":"n"}," ᱪᱤᱛᱟᱹᱨ ᱠᱚ ᱠᱩᱞᱩᱯ ᱡᱷᱤᱡ ᱟᱠᱟᱱᱟ"]},"$x":[{"t":"idOrVar","v":"plural"},"n"]},{"$i":"tcl-deleted-n-photos","$v":{"zero":"ᱪᱤᱛᱟᱹᱨ ᱵᱟᱭ ᱢᱮᱴᱟᱣᱟ","one":[{"t":"idOrVar","v":"n"}," ᱪᱤᱛᱟᱹᱨ ᱢᱮᱴᱟᱣ ᱟᱠᱟᱱᱟ"],"other":[{"t":"idOrVar","v":"n"},"ᱪᱤᱛᱟᱹᱨ ᱠᱚ ᱢᱮᱴᱟᱣ ᱟᱠᱟᱱᱟ"]},"$x":[{"t":"idOrVar","v":"plural"},"n"]},{"$i":"tcl-undo","$v":"ᱨᱩᱣᱮᱲᱟᱜᱩ"},{"$i":"pickoneimage2","$v":"ᱵᱟᱪᱷᱟᱣ"},{"$i":"cropimage","$v":"ᱜᱮᱫ"},{"$i":"tcl-no","$v":"ᱵᱟᱝ"},{"$i":"tcl-on","$v":"ᱨᱮ"},{"$i":"tcl-off","$v":"ᱵᱚᱱᱫᱚ"},{"$i":"tcl-return","$v":"ᱨᱩᱣᱮᱲ"},{"$i":"cancel","$v":"ᱢᱩᱪᱮᱫ"},{"$i":"delete","$v":"ᱢᱮᱴᱟᱣ"},{"$i":"ok","$v":"ᱴᱤᱠ"},{"$i":"edit","$v":"ᱟᱨᱩ"},{"$i":"save","$v":"ᱡᱚᱜᱟᱣᱡᱟᱜᱟ ᱫᱚ ᱵᱟᱝ ᱮᱥᱠᱮᱱ ᱫᱟᱲᱤᱭᱟᱜ-ᱟ."},{"$i":"done","$v":"ᱦᱚᱭᱱᱟ"},{"$i":"exposure","$v":"ᱚᱛᱚᱞ"},{"$i":"crop","$v":"ᱜᱮᱫ"},{"$i":"effects","$v":"ᱩᱰᱩᱜ ᱠᱚ"},{"$i":"borders","$v":"ᱵᱳᱨᱰᱚᱨ"},{"$i":"enhance-on","$v":"ᱟᱡ~ᱟᱡ ᱛᱮ-ᱵᱟᱲᱛᱤᱜ-ᱟᱜ ᱪᱟᱞᱩ"},{"$i":"enhance-off","$v":"ᱟᱡ~ᱟᱡ ᱛᱮ-ᱵᱟᱲᱛᱤᱜ-ᱟᱜ ᱵᱚᱱᱫᱚ"},{"$i":"tcl-exit","$v":"ᱵᱟᱦᱨᱮ"},{"$i":"tcl-set","$v":"ᱵᱮᱭᱥᱮᱣ"},{"$i":"tcl-takephoto","$v":"ᱯᱷᱚᱱ ᱥᱟᱵᱽ"},{"$i":"tcl-options","$v":"ᱵᱤᱠᱟᱞᱚᱯ"},{"$i":"tcl-select-all","$v":"ᱡᱚᱛᱚ ᱵᱟᱪᱷᱟᱣ"},{"$i":"tcl-deselect-all","$v":"ᱡᱚᱛᱚ ᱚᱵᱟᱪᱷᱟᱣ"},{"$i":"tcl-lock","$v":"ᱠᱩᱞᱩᱯ"},{"$i":"tcl-unlock","$v":"ᱠᱩᱞᱩᱯ ᱡᱷᱤ"},{"$i":"tcl-rename","$v":"ᱧᱩᱛᱩᱢ ᱟᱨᱩ"},{"$i":"tcl-rotate","$v":"ᱟᱹᱪᱩᱨ"},{"$i":"tcl-share","$v":"ᱦᱟᱴᱤᱧ"},{"$i":"tcl-settings","$v":"ᱥᱮᱴᱤᱸᱜ"},{"$i":"tcl-set-as","$v":"ᱞᱮᱠᱟ ᱥᱟᱡᱟᱣ"},{"$i":"tcl-wallpaper","$v":"ᱣᱟᱞᱯᱮᱯᱚᱨ"},{"$i":"tcl-existing-contact-image","$v":"ᱯᱟᱦᱤᱞ ᱠᱷᱚᱱ ᱢᱮᱱᱟᱜ ᱡᱚᱜᱟᱡᱳᱜ ᱞᱟᱜᱤᱫ ᱪᱤᱛᱟᱨ"},{"$i":"tcl-zoom","$v":"ᱡᱩᱢ"},{"$i":"tcl-zoom-in","$v":"ᱡᱩᱢ ᱟᱫᱮᱨ"},{"$i":"tcl-zoom-out","$v":"ᱡᱩᱢ ᱩᱰᱩᱜ"},{"$i":"tcl-file-info","$v":"ᱨᱮᱫ ᱠᱷᱚᱵᱚᱨ"},{"$i":"tcl-select-multiple","$v":"ᱟᱭᱢᱟ ᱨᱚᱠᱚᱢ ᱵᱟᱪᱷᱟᱣ ᱢᱮ"},{"$i":"tcl-invalid-name","$v":"ᱧᱩᱛᱩᱢ ᱵᱟᱝ ᱜᱟᱱᱚᱜ"},{"$i":"tcl-name-already-exists","$v":"ᱱᱚᱣᱟ ᱧᱩᱛᱩᱢ ᱫᱚ ᱞᱟᱦᱟ ᱠᱷᱚᱱ ᱜᱮ ᱢᱮᱱᱟᱜ-ᱟ"},{"$i":"tcl-override-warning-msg","$v":"ᱪᱤᱫ ᱟᱢ ᱯᱟᱦᱤᱞ ᱠᱷᱚᱱ ᱢᱮᱱᱟᱜ ᱪᱤᱛᱟᱨ ᱪᱮᱛᱟᱱ ᱨᱮ ᱫᱚᱦᱚᱭ?"},{"$i":"tcl-override","$v":"ᱢᱮᱱᱟᱜ ᱪᱮᱛᱟᱱ ᱨᱮ ᱫᱚᱦᱚ"},{"$i":"tcl-edit-title","$v":"ᱪᱤᱛᱟᱹᱨ ᱟᱹᱨᱩ"},{"$i":"tcl-edit-exposure","$v":"ᱚᱛᱚᱞ"},{"$i":"tcl-edit-crop","$v":"ᱜᱮᱫ"},{"$i":"tcl-edit-rotate","$v":"ᱟᱹᱪᱩᱨ"},{"$i":"tcl-edit-filters","$v":"ᱪᱷᱟᱠᱟᱣ"},{"$i":"tcl-edit-auto-correct","$v":"ᱟᱡ~ᱟᱡ ᱛᱮ-ᱥᱩᱦᱤᱜ"},{"$i":"edit-exposure","ariaLabel":"ᱚᱛᱚᱞ"},{"$i":"edit-crop","ariaLabel":"ᱜᱮᱫ"},{"$i":"edit-rotate","ariaLabel":"ᱟᱹᱪᱩᱨ"},{"$i":"edit-filters","ariaLabel":"ᱪᱷᱟᱠᱟᱣ"},{"$i":"edit-auto-correct","ariaLabel":"ᱟᱡ~ᱟᱡ ᱛᱮ-ᱥᱩᱦᱤᱜ"},{"$i":"tcl-crop-none","$v":"ᱜᱮᱫᱟᱜ ᱨᱩᱣᱮᱲ ᱟᱜᱩ"},{"$i":"tcl-crop-aspect-free","$v":"ᱟᱥᱚᱞ"},{"$i":"tcl-crop-aspect-portrait","$v":"2:3"},{"$i":"tcl-crop-aspect-landscape","$v":"3:2"},{"$i":"tcl-crop-aspect-square","$v":"1:1"},{"$i":"crop-none","ariaLabel":"ᱜᱮᱫᱟᱜ ᱨᱩᱣᱮᱲ ᱟᱜᱩ"},{"$i":"crop-aspect-free","ariaLabel":"ᱟᱥᱚᱞ"},{"$i":"crop-aspect-portrait","ariaLabel":"2:3"},{"$i":"crop-aspect-landscape","ariaLabel":"3:2"},{"$i":"crop-aspect-square","ariaLabel":"1:1"},{"$i":"tcl-edit-filters-none","$v":"ᱪᱷᱟᱠᱟᱣ 1"},{"$i":"tcl-edit-filters-bw","$v":"ᱪᱷᱟᱠᱟᱣ 2"},{"$i":"tcl-edit-filters-sepia","$v":"ᱪᱷᱟᱠᱟᱣ 3"},{"$i":"tcl-edit-filters-bluesteel","$v":"ᱪᱷᱟᱠᱟᱣ 4"},{"$i":"tcl-edit-filters-faded","$v":"ᱪᱷᱟᱠᱟᱣ 5"},{"$i":"edit-filters-none","ariaLabel":"ᱪᱷᱟᱠᱟᱣ 1"},{"$i":"edit-filters-bw","ariaLabel":"ᱪᱷᱟᱠᱟᱣ 2"},{"$i":"edit-filters-sepia","ariaLabel":"ᱪᱷᱟᱠᱟᱣ 3"},{"$i":"edit-filters-bluesteel","ariaLabel":"ᱪᱷᱟᱠᱟᱣ 4"},{"$i":"edit-filters-faded","ariaLabel":"ᱪᱷᱟᱠᱟᱣ 5"},{"$i":"tcl-rotate-cw","$v":"CW"},{"$i":"tcl-rotate-ccw","$v":"CCW"},{"$i":"original","$v":"ᱟᱥᱚᱞ"},{"$i":"blackandwhite","$v":{"$o":"B&W"}},{"$i":"sepia","$v":"ᱥᱮᱯᱤᱭᱟ"},{"$i":"freeform","$v":"ᱵᱮᱜᱚᱨ ᱯᱚᱭᱥᱟ ᱛᱮᱭᱟᱜ ᱠᱷᱚᱱ"},{"$i":"portrait","$v":"ᱯᱚᱨᱴᱨᱮᱴ"},{"$i":"landscape","$v":"ᱜᱟᱸᱰᱤ ᱛᱮ"},{"$i":"square","$v":"ᱯᱩᱱᱠᱚᱱᱟ"},{"$i":"emptygallery2-title","$v":"ᱪᱤᱛᱟᱹᱨ ᱟᱨᱵᱟᱝᱠᱷᱟᱱ ᱣᱤᱰᱤᱭᱳ ᱠᱚ ᱵᱟᱱᱩᱜ-ᱟ"},{"$i":"emptygallery2-text","$v":"ᱜᱮᱞᱮᱨᱤ ᱫᱚ ᱮᱠᱮᱱᱟᱜ ᱜᱮᱭᱟ. ᱯᱷᱚᱴᱚ ᱚᱛᱟ ᱞᱟᱹᱜᱤᱫ ᱠᱮᱢᱨᱟ ᱵᱮᱵᱷᱟᱨ ᱢᱮ"},{"$i":"emptygallery2-title-pick","$v":"ᱪᱤᱛᱟᱹᱨ ᱠᱚ ᱵᱟᱱᱩᱜ-ᱟ"},{"$i":"emptygallery-text-pick","$v":"ᱪᱤᱛᱟᱹᱨ ᱠᱚ ᱵᱟᱝ ᱧᱟᱢᱚᱜ ᱠᱟᱱᱟ."},{"$i":"nocard3-title","$v":"ᱢᱮᱢᱚᱨᱤ ᱠᱟᱨᱰ ᱵᱟᱱᱩᱜ-ᱟ"},{"$i":"nocard4-text","$v":"ᱟᱫᱮᱨ ᱢᱮ ᱢᱮᱢᱚᱨᱤ ᱠᱟᱨᱰ ᱱᱚᱣᱟ ᱮᱯᱞᱤᱠᱮᱥᱚᱱ ᱵᱮᱵᱷᱟᱨ ᱞᱟᱜᱤᱫ."},{"$i":"pluggedin2-title","$v":"ᱢᱮᱢᱚᱨᱤ ᱠᱟᱨᱰ ᱫᱚ ᱵᱮᱵᱷᱟᱨ ᱨᱮ ᱢᱮᱱᱟᱜ-ᱟ"},{"$i":"pluggedin2-text","$v":"ᱵᱟᱭᱡᱟᱭᱜᱟ ᱫᱚ ᱵᱮᱵᱷᱟᱨ ᱨᱮ ᱢᱮᱱᱟᱜ-ᱟ ᱱᱮᱦᱚᱨ ᱚᱱᱯᱚᱞᱚᱜ ᱢᱮ ᱯᱷᱹᱚᱱ ᱱᱚᱣᱟ ᱮᱯᱞᱤᱠᱮᱥᱚᱱ ᱵᱮᱵᱷᱟᱨ ᱞᱟᱜᱤᱫ."},{"$i":"scanning-title","$v":"ᱮᱠᱮᱱᱚᱜ ᱠᱟᱱᱟ"},{"$i":"tcl-scanning-text","$v":"ᱪᱤᱛᱟᱹᱨ ᱠᱚ ᱞᱟᱜᱤᱫ ᱧᱮᱞ"},{"$i":"scanning-text","$v":"ᱪᱤᱛᱟᱹᱨ ᱠᱚ ᱞᱟᱜᱤᱫ ᱮᱠᱮᱱᱚᱜ ᱠᱟᱱᱟ …"},{"$i":"upgrade-title","$v":"ᱰᱮᱴᱟᱵᱮᱥ ᱱᱟᱣᱟᱱᱟᱜ"},{"$i":"upgrade-text","$v":"ᱜᱮᱞᱮᱨᱤ ᱰᱟᱴᱟᱵᱮᱥ ᱦᱟᱹᱞᱤ ᱡᱚᱦᱚᱜ ᱛᱟᱸᱜᱤ ᱢᱮ"},{"$i":"share-noprovider","$v":"ᱱᱚᱣᱟ ᱪᱤᱛᱟᱨ ᱨᱮᱫ ᱨᱚᱠᱚᱢ ᱫᱚ ᱵᱟᱝ ᱮᱢ ᱦᱟᱴᱤᱧ ᱫᱟᱲᱤᱭᱟᱜ-ᱟ."},{"$i":"memorycardfull","$v":"ᱵᱟᱭᱡᱟᱭᱜᱟ ᱫᱚ ᱯᱮᱨᱮᱡ ᱜᱮᱭᱟ. ᱵᱟᱝ ᱮᱢ ᱟᱹᱨᱩ ᱫᱟᱲᱤᱭᱟ-ᱟ ᱪᱤᱛᱟᱹᱨ ᱠᱚ."},{"$i":"imagetoobig","$v":"ᱪᱤᱛᱟᱹᱨ ᱫᱚ ᱟᱭᱢᱟ ᱞᱟᱴᱩ ᱜᱮᱭᱟ ᱱᱚᱣᱟ ᱭᱚᱱᱛᱨᱚ ᱨᱮ ᱰᱤᱥᱯᱞᱮ ᱞᱟᱜᱤᱫ."},{"$i":"imageinvalid","$v":"ᱪᱤᱛᱟᱹᱨ ᱫᱚ ᱵᱟᱝ ᱜᱟᱱᱚᱜ-ᱟ ᱟᱨᱵᱟᱝᱠᱷᱟᱱ ᱵᱟᱲᱤᱜ ᱜᱮᱭᱟ ᱟᱨ ᱵᱟᱝ ᱮᱢ ᱰᱤᱥᱯᱞᱮ ᱫᱟᱲᱤᱭᱟᱜ-ᱟ."},{"$i":"saved","$v":[{"t":"idOrVar","v":"filename"}," ᱜᱮᱞᱮᱨᱤ ᱨᱮ ᱡᱚᱜᱟᱣ ᱟᱠᱟᱱᱟ"]},{"$i":"edit-copy-saved","$v":"ᱱᱟᱣᱟ ᱱᱚᱠᱚᱞᱟᱜ ᱡᱚᱜᱟᱣ ᱟᱠᱟᱱᱟ."},{"$i":"overlay-camera-button","$v":"ᱠᱮᱢᱮᱨᱟ ᱨᱮ ᱪᱟᱞᱟᱜ"},{"$i":"name-label","$v":"ᱧᱩᱛᱩᱢ"},{"$i":"size-label","$v":"ᱥᱟᱭᱤᱡ"},{"$i":"image-type-label","$v":"ᱪᱤᱛᱟᱹᱨ ᱨᱚᱠᱚᱢ"},{"$i":"tcl-date-and-time-label","$v":"ᱰᱮᱴᱟ ᱟᱨ ᱚᱠᱛᱮ"},{"$i":"date-taken-label","$v":"ᱰᱮᱴᱟ ᱦᱟᱛᱟᱣᱜ"},{"$i":"resolution-label","$v":"ᱨᱮᱡᱩᱞᱩᱥᱚᱱ"},{"$i":"close-button","$v":"ᱵᱟᱪᱷᱟᱣ"},{"$i":"byteUnit-B","$v":"ᱵᱟᱭᱤᱴ"},{"$i":"byteUnit-KB","$v":"KB"},{"$i":"byteUnit-MB","$v":"MB"},{"$i":"byteUnit-GB","$v":"GB"},{"$i":"gallery","$v":"ᱜᱮᱞᱮᱨᱤ"},{"$i":"preview","$v":"ᱯᱟᱦᱤᱞ ᱧᱮᱞ"},{"$i":"tcl-confirmation","$v":"ᱜᱚᱴᱟᱜ ᱠᱟᱱᱟ"},{"$i":"tcl-delete-this-image","$v":"ᱱᱚᱣᱟ ᱪᱤᱛᱟᱹᱨ ᱢᱮᱴᱟᱣ?"},{"$i":"tcl-delete-selected-image","$v":"ᱵᱟᱪᱷᱟᱣ ᱟᱠᱟᱱ ᱪᱤᱛᱟᱹᱨ ᱢᱮᱴᱟᱣ?"},{"$i":"tcl-delete-selected-images","$v":"ᱵᱟᱪᱷᱟᱣ ᱟᱠᱟᱱ ᱪᱤᱛᱟᱹᱨ ᱠᱚ ᱢᱮᱴᱟᱣ?"},{"$i":"tcl-delete-photos","$v":{"one":["ᱪᱤᱫ ᱟᱢ ᱥᱟᱨᱤ ᱛᱮ ᱵᱟᱪᱷᱟᱣ ᱟᱠᱟᱫ ",{"t":"idOrVar","v":"n"}," ᱪᱤᱛᱟᱨ ᱢᱮᱴᱟᱣ ᱥᱟᱱᱟᱭᱮᱜ ᱢᱮᱭᱟ?"],"other":["ᱪᱤᱫ ᱟᱢ ᱥᱟᱨᱤ ᱛᱮ ᱵᱟᱪᱷᱟᱣ ᱟᱠᱟᱫ ",{"t":"idOrVar","v":"n"}," ᱪᱤᱛᱟᱨ ᱠᱚ ᱢᱮᱴᱟᱣ ᱥᱟᱱᱟᱭᱮᱜ ᱢᱮᱭᱟ?"]},"$x":[{"t":"idOrVar","v":"plural"},"n"]},{"$i":"tcl-lost-warning","$v":"ᱡᱚᱛᱚ ᱵᱚᱫᱚᱞᱟᱜ ᱫᱚ ᱟᱫ ᱟᱠᱟᱱᱟ."},{"$i":"tcl-save-changes?","$v":"ᱪᱮᱫ ᱟᱢ ᱱᱚᱣᱟ ᱵᱚᱫᱚᱞᱟᱜ ᱡᱚᱜᱟᱣ ᱥᱟᱱᱟᱭᱮᱜ ᱢᱮᱭᱟ?"},{"$i":"tcl-close-warning","$v":"ᱮᱯᱞᱤᱠᱮᱥᱚᱱ ᱫᱚ ᱵᱚᱱᱫᱚᱜ-ᱟ ᱰᱮᱴᱟ ᱟᱞ ᱥᱟᱛᱮᱜ."},{"$i":"tcl-back-to-editing?","$v":"ᱪᱮᱫ ᱟᱢ ᱥᱟᱥᱟᱯᱲᱟᱣ ᱞᱟᱹᱜᱤᱫ ᱨᱩᱣᱟᱹᱲ ᱥᱟᱱᱟᱢ ᱠᱟᱱᱟ?"},{"$i":"tcl-gallery-settings","$v":"ᱜᱮᱞᱮᱨᱤ ᱥᱮᱴᱤᱸᱜ"},{"$i":"tcl-sort-by","$v":"ᱫᱟᱨᱟᱭ ᱛᱮ ᱠᱷᱟᱴᱚ"},{"$i":"tcl-group-by-date-and-location","$v":"ᱛᱟᱨᱤᱠᱷ ᱫᱟᱨᱟᱭ ᱛᱮ ᱜᱷᱩᱥᱴᱤ"},{"$i":"tcl-error","$v":"ᱵᱷᱩᱞ"},{"$i":"tcl-error-delete-locked-image","$v":"ᱵᱟᱪᱷᱟᱣ ᱟᱠᱟᱱ ᱪᱤᱛᱟᱹᱨ ᱠᱚ ᱫᱚ ᱠᱩᱞᱩᱯ ᱜᱮᱭᱟ ᱟᱨ ᱵᱟᱝ ᱢᱮ ᱢᱮᱴᱟᱣ ᱫᱟᱲᱤᱭᱟᱜ-ᱟ!"},{"$i":"tcl-error-delete-locked-images","$v":"ᱵᱟᱪᱷᱟᱣ ᱟᱠᱟᱱ ᱪᱤᱛᱟᱹᱨ ᱠᱚ ᱨᱮ ᱫᱚ ᱢᱮᱱᱟᱜ-ᱟ ᱠᱩᱞᱩᱯ ᱪᱤᱛᱟᱹᱨ (ᱠᱚ) ᱟᱨ ᱵᱟᱝ ᱮᱢ ᱢᱮᱴᱟᱣ ᱫᱟᱲᱤᱭᱟᱜ-ᱟ!"},{"$i":"tcl-enter-new-name","$v":"ᱟᱫᱮᱨ ᱢᱮ ᱱᱟᱣᱟ ᱧᱩᱛᱩᱢ"},{"$i":"sort-and-group","$v":"ᱜᱩᱥᱴᱤ ᱟᱨ ᱠᱷᱟᱴᱚ"},{"$i":"tcl-orientationLandscape","$v":"ᱜᱟᱸᱰᱤ ᱛᱮ"},{"$i":"tcl-videoDescriptionNoTimestamp","$v":[{"t":"idOrVar","v":"orientation"}," ᱣᱤᱰᱤᱭᱳ"]},{"$i":"tcl-orientationPortrait","$v":"ᱯᱚᱨᱴᱨᱮᱴ"},{"$i":"tcl-imageDescription","$v":[{"t":"idOrVar","v":"orientation"}," ᱪᱤᱛᱟᱹᱨ, %I:%M %p, %B %e, %Y"]},{"$i":"time_am","$v":"AM"},{"$i":"time_pm","$v":"PM"},{"$i":"date-group-header","$v":"%B %Y"},{"$i":"videoDescriptionShort","$v":"ᱣᱤᱰᱤᱭᱳ ᱛᱟᱨᱤᱠᱷ %I:%M %p, %B %e, %Y"},{"$i":"imageDescriptionShort","$v":"ᱪᱤᱛᱟᱹᱨ ᱛᱟᱨᱤᱠᱷ %I:%M %p, %B %e, %Y"},{"$i":"editImagePreview","ariaLabel":"ᱪᱤᱛᱟᱹᱨ ᱯᱟᱦᱤᱞ ᱧᱮᱞ ᱟᱹᱨᱩ"},{"$i":"tcl-pickoneimage","$v":"ᱵᱟᱪᱷᱟᱣ ᱢᱮ A ᱪᱤᱛᱟᱹᱨ"},{"$i":"discard-changes-warning","$v":"ᱡᱚᱛᱚ ᱵᱚᱫᱚᱞᱟᱜ ᱫᱚ ᱟᱫ ᱟᱠᱟᱱᱟ. ᱪᱮᱫ ᱟᱢ ᱱᱚᱣᱟ ᱵᱚᱫᱚᱞᱟᱜ ᱵᱟᱜᱤ ᱥᱟᱱᱟᱭᱮᱜ ᱢᱮᱭᱟ?"},{"$i":"save-changes-warning","$v":"ᱡᱚᱛᱚ ᱵᱚᱫᱚᱞᱟᱜ ᱫᱚ ᱟᱫ ᱟᱠᱟᱱᱟ. ᱪᱮᱫ ᱟᱢ ᱱᱚᱣᱟ ᱵᱚᱫᱚᱞᱟᱜ ᱡᱚᱜᱟᱣ ᱥᱟᱱᱟᱭᱮᱜ ᱢᱮᱭᱟ?"},{"$i":"discard","$v":"ᱵᱟᱜᱤ"},{"$i":"weekday-0-long","$v":"ᱥᱤᱸᱜᱮᱢᱟᱦᱟ"},{"$i":"weekday-1-long","$v":"ᱚᱛᱮᱢᱟᱦᱟ"},{"$i":"weekday-2-long","$v":"ᱵᱟᱞᱮᱢᱟᱦᱟ"},{"$i":"weekday-3-long","$v":"ᱥᱟᱹᱜᱩᱱᱢᱟᱦᱟ"},{"$i":"weekday-4-long","$v":"ᱥᱟᱨᱫᱤᱢᱟᱦᱟ"},{"$i":"weekday-5-long","$v":"ᱡᱟᱨᱩᱢᱢᱟᱦᱟ"},{"$i":"weekday-6-long","$v":"ᱧᱩᱦᱩᱢᱢᱟᱦᱟ"},{"$i":"weekday-0-short","$v":"ᱪᱟᱸᱫᱩ"},{"$i":"weekday-1-short","$v":"ᱢᱳᱱ"},{"$i":"weekday-2-short","$v":"ᱥᱟᱜᱩᱱ"},{"$i":"weekday-3-short","$v":"ᱥᱟᱜᱩᱱ"},{"$i":"weekday-4-short","$v":"ᱛᱷᱩ"},{"$i":"weekday-5-short","$v":"ᱜᱟᱛᱤ"},{"$i":"weekday-6-short","$v":"ᱥᱮᱴ"},{"$i":"month-0-long","$v":"ᱯᱩᱥ"},{"$i":"month-1-long","$v":"ᱢᱟᱜ"},{"$i":"month-2-long","$v":"ᱯᱷᱹᱟᱜᱩᱱ"},{"$i":"month-3-long","$v":"ᱪᱮᱛ"},{"$i":"month-4-long","$v":"ᱵᱮᱭᱥᱮᱠᱷ"},{"$i":"month-5-long","$v":"ᱡᱩᱥᱴᱤ"},{"$i":"month-6-long","$v":"ᱟᱥᱟᱲ"},{"$i":"month-7-long","$v":"ᱥᱚᱨᱟᱵᱚᱱ"},{"$i":"month-8-long","$v":"ᱵᱷᱟᱨᱫᱚᱨ"},{"$i":"month-9-long","$v":"ᱟᱥᱤᱱ"},{"$i":"month-10-long","$v":"ᱠᱟᱨᱛᱤᱠ"},{"$i":"month-11-long","$v":"ᱟᱜᱷᱟᱸᱲ"},{"$i":"month-0-genitive","$v":"ᱯᱩᱥ"},{"$i":"month-1-genitive","$v":"ᱢᱟᱜ"},{"$i":"month-2-genitive","$v":"ᱯᱷᱹᱟᱜᱩᱱ"},{"$i":"month-3-genitive","$v":"ᱪᱮᱛ"},{"$i":"month-4-genitive","$v":"ᱵᱮᱭᱥᱮᱠᱷ"},{"$i":"month-5-genitive","$v":"ᱡᱩᱥᱴᱤ"},{"$i":"month-6-genitive","$v":"ᱟᱥᱟᱲ"},{"$i":"month-7-genitive","$v":"ᱥᱚᱨᱟᱵᱚᱱ"},{"$i":"month-8-genitive","$v":"ᱵᱷᱟᱨᱫᱚᱨ"},{"$i":"month-9-genitive","$v":"ᱟᱥᱤᱱ"},{"$i":"month-10-genitive","$v":"ᱠᱟᱨᱛᱤᱠ"},{"$i":"month-11-genitive","$v":"ᱟᱜᱷᱟᱸᱲ"},{"$i":"month-0-short","$v":"ᱯᱩᱥ"},{"$i":"month-1-short","$v":"ᱢᱟᱜ"},{"$i":"month-2-short","$v":"ᱢᱟᱨ"},{"$i":"month-3-short","$v":"ᱪᱮᱛ"},{"$i":"month-4-short","$v":"ᱵᱮᱭᱥᱮᱠᱷ"},{"$i":"month-5-short","$v":"ᱡᱩᱥᱴᱤ"},{"$i":"month-6-short","$v":"ᱟᱥᱟᱲ"},{"$i":"month-7-short","$v":"ᱥᱚᱨᱟᱵᱚᱱ"},{"$i":"month-8-short","$v":"ᱥᱮᱯ"},{"$i":"month-9-short","$v":"ᱟᱥᱤᱱ"},{"$i":"month-10-short","$v":"ᱠᱟᱨᱛᱤᱠ"},{"$i":"month-11-short","$v":"ᱟᱜᱷᱟᱸᱲ"},{"$i":"minutes-ago-long","$v":{"zero":"ᱧᱤᱛ ᱜᱮ","one":"ᱢᱤᱛ ᱴᱤᱯᱤᱡ ᱞᱟᱦᱟ","two":[{"t":"idOrVar","v":"value"}," ᱪᱟᱞᱟᱣᱮᱱ ᱴᱤᱯᱤᱡ ᱠᱚ"],"few":[{"t":"idOrVar","v":"value"}," ᱪᱟᱞᱟᱣᱮᱱ ᱴᱤᱯᱤᱡ ᱠᱚ"],"many":[{"t":"idOrVar","v":"value"}," ᱪᱟᱞᱟᱣᱮᱱ ᱴᱤᱯᱤᱡ ᱠᱚ"],"other":[{"t":"idOrVar","v":"value"}," ᱪᱟᱞᱟᱣᱮᱱ ᱴᱤᱯᱤᱡ ᱠᱚ"]},"$x":[{"t":"idOrVar","v":"plural"},"value"]},{"$i":"hours-ago-long","$v":{"zero":"ᱧᱤᱛ ᱜᱮ","one":"ᱢᱤᱛ ᱜᱷᱚᱱᱴᱟ ᱞᱟᱦᱟ","two":[{"t":"idOrVar","v":"value"}," ᱪᱟᱞᱟᱣᱮᱱ ᱢᱟᱦᱟ ᱠᱚ"],"few":[{"t":"idOrVar","v":"value"}," ᱪᱟᱞᱟᱣᱮᱱ ᱢᱟᱦᱟ ᱠᱚ"],"many":[{"t":"idOrVar","v":"value"}," ᱪᱟᱞᱟᱣᱮᱱ ᱢᱟᱦᱟ ᱠᱚ"],"other":[{"t":"idOrVar","v":"value"}," ᱪᱟᱞᱟᱣᱮᱱ ᱢᱟᱦᱟ ᱠᱚ"]},"$x":[{"t":"idOrVar","v":"plural"},"value"]},{"$i":"days-ago-long","$v":{"zero":"ᱛᱤᱦᱤᱧ","one":"ᱦᱚᱞᱟ","two":[{"t":"idOrVar","v":"value"}," ᱢᱟᱦᱟ ᱠᱚ ᱞᱟᱦᱟ"],"few":[{"t":"idOrVar","v":"value"}," ᱢᱟᱦᱟ ᱠᱚ ᱞᱟᱦᱟ"],"many":[{"t":"idOrVar","v":"value"}," ᱢᱟᱦᱟ ᱠᱚ ᱞᱟᱦᱟ"],"other":[{"t":"idOrVar","v":"value"}," ᱢᱟᱦᱟ ᱠᱚ ᱞᱟᱦᱟ"]},"$x":[{"t":"idOrVar","v":"plural"},"value"]},{"$i":"weeks-ago-long","$v":{"zero":"ᱱᱚᱣᱟ ᱦᱚᱯᱛᱟ","one":"ᱢᱩᱪᱮᱫ ᱦᱚᱯᱛᱟ","two":[{"t":"idOrVar","v":"value"}," ᱪᱟᱞᱟᱣᱮᱱ ᱦᱚᱯᱛᱟ"],"few":[{"t":"idOrVar","v":"value"}," ᱪᱟᱞᱟᱣᱮᱱ ᱦᱚᱯᱛᱟ"],"many":[{"t":"idOrVar","v":"value"}," ᱪᱟᱞᱟᱣᱮᱱ ᱦᱚᱯᱛᱟ"],"other":[{"t":"idOrVar","v":"value"}," ᱪᱟᱞᱟᱣᱮᱱ ᱦᱚᱯᱛᱟ"]},"$x":[{"t":"idOrVar","v":"plural"},"value"]},{"$i":"months-ago-long","$v":{"zero":"ᱱᱚᱣᱟ ᱪᱟᱸᱫᱩ","one":"ᱢᱩᱪᱮᱫ ᱪᱟᱸᱫᱩ","two":[{"t":"idOrVar","v":"value"}," ᱪᱟᱞᱟᱣᱮᱱ ᱪᱟᱸᱫᱩ ᱠᱚ"],"few":[{"t":"idOrVar","v":"value"}," ᱪᱟᱞᱟᱣᱮᱱ ᱪᱟᱸᱫᱩ ᱠᱚ"],"many":[{"t":"idOrVar","v":"value"}," ᱪᱟᱞᱟᱣᱮᱱ ᱪᱟᱸᱫᱩ ᱠᱚ"],"other":[{"t":"idOrVar","v":"value"}," ᱪᱟᱞᱟᱣᱮᱱ ᱪᱟᱸᱫᱩ ᱠᱚ"]},"$x":[{"t":"idOrVar","v":"plural"},"value"]},{"$i":"years-ago-long","$v":{"zero":"ᱱᱚᱣᱟ ᱥᱮᱨᱢᱟ","one":"ᱢᱩᱪᱮᱫ ᱵᱚᱪᱷᱚᱨ","two":[{"t":"idOrVar","v":"value"}," ᱪᱟᱞᱟᱣᱮᱱ ᱥᱮᱨᱢᱟ"],"few":[{"t":"idOrVar","v":"value"}," ᱪᱟᱞᱟᱣᱮᱱ ᱥᱮᱨᱢᱟ"],"many":[{"t":"idOrVar","v":"value"}," ᱪᱟᱞᱟᱣᱮᱱ ᱥᱮᱨᱢᱟ"],"other":[{"t":"idOrVar","v":"value"}," ᱪᱟᱞᱟᱣᱮᱱ ᱥᱮᱨᱢᱟ"]},"$x":[{"t":"idOrVar","v":"plural"},"value"]},{"$i":"minutes-until-long","$v":{"zero":"ᱧᱤᱛ","one":"ᱴᱤᱯᱤᱡ ᱨᱮ","two":["ᱨᱮ ",{"t":"idOrVar","v":"value"}," ᱴᱤᱯᱤᱡ ᱠᱚ"],"few":["ᱨᱮ ",{"t":"idOrVar","v":"value"}," ᱴᱤᱯᱤᱡ ᱠᱚ"],"many":["ᱨᱮ ",{"t":"idOrVar","v":"value"}," ᱴᱤᱯᱤᱡ ᱠᱚ"],"other":["ᱨᱮ ",{"t":"idOrVar","v":"value"}," ᱴᱤᱯᱤᱡ ᱠᱚ"]},"$x":[{"t":"idOrVar","v":"plural"},"value"]},{"$i":"hours-until-long","$v":{"zero":"ᱧᱤᱛ","one":"ᱜᱷᱚᱱᱴᱟ ᱨᱮ","two":["ᱨᱮ ",{"t":"idOrVar","v":"value"}," ᱜᱷᱚᱱᱴᱟ ᱠᱚ"],"few":["ᱨᱮ ",{"t":"idOrVar","v":"value"}," ᱜᱷᱚᱱᱴᱟ ᱠᱚ"],"many":["ᱨᱮ ",{"t":"idOrVar","v":"value"}," ᱜᱷᱚᱱᱴᱟ ᱠᱚ"],"other":["ᱨᱮ ",{"t":"idOrVar","v":"value"}," ᱜᱷᱚᱱᱴᱟ ᱠᱚ"]},"$x":[{"t":"idOrVar","v":"plural"},"value"]},{"$i":"days-until-long","$v":{"zero":"ᱛᱤᱦᱤᱧ","one":"ᱜᱟᱯᱟ","two":["ᱨᱮ ",{"t":"idOrVar","v":"value"}," ᱢᱟᱦᱟ ᱠᱚ"],"few":["ᱨᱮ ",{"t":"idOrVar","v":"value"}," ᱢᱟᱦᱟ ᱠᱚ"],"many":["ᱨᱮ ",{"t":"idOrVar","v":"value"}," ᱢᱟᱦᱟ ᱠᱚ"],"other":["ᱨᱮ ",{"t":"idOrVar","v":"value"}," ᱢᱟᱦᱟ ᱠᱚ"]},"$x":[{"t":"idOrVar","v":"plural"},"value"]},{"$i":"weeks-until-long","$v":{"zero":"ᱱᱚᱣᱟ ᱦᱚᱯᱛᱟ","one":"ᱫᱟᱨᱟᱭ ᱠᱟᱱ ᱦᱚᱯᱛᱟ","two":["ᱨᱮ ",{"t":"idOrVar","v":"value"}," ᱦᱚᱯᱛᱟ ᱠᱚ"],"few":["ᱨᱮ ",{"t":"idOrVar","v":"value"}," ᱦᱚᱯᱛᱟ ᱠᱚ"],"many":["ᱨᱮ ",{"t":"idOrVar","v":"value"}," ᱦᱚᱯᱛᱟ ᱠᱚ"],"other":["ᱨᱮ ",{"t":"idOrVar","v":"value"}," ᱦᱚᱯᱛᱟ ᱠᱚ"]},"$x":[{"t":"idOrVar","v":"plural"},"value"]},{"$i":"months-until-long","$v":{"zero":"ᱱᱚᱣᱟ ᱪᱟᱸᱫᱩ","one":"ᱫᱟᱨᱟᱭ ᱠᱟᱱ ᱪᱟᱸᱫᱩ","two":["ᱨᱮ ",{"t":"idOrVar","v":"value"}," ᱪᱟᱸᱫᱩ ᱠᱚ"],"few":["ᱨᱮ ",{"t":"idOrVar","v":"value"}," ᱪᱟᱸᱫᱩ ᱠᱚ"],"many":["ᱨᱮ ",{"t":"idOrVar","v":"value"}," ᱪᱟᱸᱫᱩ ᱠᱚ"],"other":["ᱨᱮ ",{"t":"idOrVar","v":"value"}," ᱪᱟᱸᱫᱩ ᱠᱚ"]},"$x":[{"t":"idOrVar","v":"plural"},"value"]},{"$i":"years-until-long","$v":{"zero":"ᱱᱚᱣᱟ ᱥᱮᱨᱢᱟ","one":"ᱫᱟᱨᱟᱭ ᱠᱟᱱ ᱥᱮᱨᱢᱟ","two":["ᱨᱮ ",{"t":"idOrVar","v":"value"}," ᱥᱮᱨᱢᱟ ᱠᱚ"],"few":["ᱨᱮ ",{"t":"idOrVar","v":"value"}," ᱥᱮᱨᱢᱟ ᱠᱚ"],"many":["ᱨᱮ ",{"t":"idOrVar","v":"value"}," ᱥᱮᱨᱢᱟ ᱠᱚ"],"other":["ᱨᱮ ",{"t":"idOrVar","v":"value"}," ᱥᱮᱨᱢᱟ ᱠᱚ"]},"$x":[{"t":"idOrVar","v":"plural"},"value"]},{"$i":"minutes-ago-short","$v":{"zero":"ᱧᱤᱛ ᱜᱮ","other":[{"t":"idOrVar","v":"value"}," ᱪᱟᱞᱟᱣ ᱴ"]},"$x":[{"t":"idOrVar","v":"plural"},"value"]},{"$i":"hours-ago-short","$v":{"zero":"ᱧᱤᱛ ᱜᱮ","other":[{"t":"idOrVar","v":"value"}," ᱪᱟᱞᱟᱣᱮᱱ ᱜ"]},"$x":[{"t":"idOrVar","v":"plural"},"value"]},{"$i":"days-ago-short","$v":{"zero":"ᱛᱤᱦᱤᱧ","other":[{"t":"idOrVar","v":"value"}," ᱪᱟᱞᱟᱣᱮᱱ ᱢ"]},"$x":[{"t":"idOrVar","v":"plural"},"value"]},{"$i":"minutes-until-short","$v":{"zero":"ᱧᱤᱛ","other":["ᱨᱮ ",{"t":"idOrVar","v":"value"},"ᱴ"]},"$x":[{"t":"idOrVar","v":"plural"},"value"]},{"$i":"hours-until-short","$v":{"zero":"ᱧᱤᱛ","other":["ᱨᱮ ",{"t":"idOrVar","v":"value"},"ᱜ"]},"$x":[{"t":"idOrVar","v":"plural"},"value"]},{"$i":"days-until-short","$v":{"zero":"ᱛᱤᱦᱤᱧ","other":["ᱨᱮ ",{"t":"idOrVar","v":"value"},"ᱢ"]},"$x":[{"t":"idOrVar","v":"plural"},"value"]},{"$i":"incorrectDate","$v":"(ᱛᱨᱤᱠᱷ ᱫᱚ ᱵᱷᱩᱞ ᱜᱮᱭᱟ)"},{"$i":"dateTimeFormat_%c","$v":"%a %b %e %Y %I:%M:%S %p"},{"$i":"dateTimeFormat_%x","$v":"%m/%d/%Y"},{"$i":"dateTimeFormat_%X","$v":"%I:%M:%S %p"},{"$i":"shortTimeFormat","$v":"%I:%M %p"},{"$i":"shortTimeFormat12","$v":"%I:%M %p"},{"$i":"shortTimeFormat24","$v":"%H:%M"},{"$i":"shortDateTimeFormat","$v":"%x %I:%M %p"},{"$i":"weekStartsOnMonday","$v":"0"},{"$i":"firstDayOfTheWeek","$v":"0"},{"$i":"imageDescription","$v":[{"t":"idOrVar","v":"orientation"}," ᱪᱤᱛᱟᱹᱨ, %I:%M %p, %B %e, %Y"]},{"$i":"imageDescriptionNoTimestamp","$v":[{"t":"idOrVar","v":"orientation"}," ᱪᱤᱛᱟᱹᱨ"]},{"$i":"videoDescription","$v":[{"t":"idOrVar","v":"orientation"}," ᱣᱤᱰᱤᱭᱳ, %I:%M %p, %B %e, %Y"]},{"$i":"videoDescriptionNoTimestamp","$v":[{"t":"idOrVar","v":"orientation"}," ᱣᱤᱰᱤᱭᱳ"]},{"$i":"orientationPortrait","$v":"ᱯᱚᱨᱴᱨᱮᱴ"},{"$i":"orientationLandscape","$v":"ᱜᱟᱸᱰᱤ ᱛᱮ"},{"$i":"playbackPlay","ariaLabel":"ᱪᱟᱞᱩ"},{"$i":"playbackPause","ariaLabel":"ᱛᱷᱤᱨ"},{"$i":"playbackNext","ariaLabel":"ᱫᱟᱨᱟᱭᱟᱜ"},{"$i":"playbackPrevious","ariaLabel":"ᱛᱟᱭᱚᱢᱟᱜ"},{"$i":"playbackFullscreen","ariaLabel":"ᱤᱥᱠᱤᱨᱤᱱ ᱯᱨᱮᱡ"},{"$i":"playbackSeekBar","ariaLabel":["ᱵᱟᱨ ᱧᱮᱞ ᱢᱮ, ᱚᱠᱛᱮ ",{"t":"idOrVar","v":"duration"}]},{"$i":"softkey-options","$v":"ᱵᱤᱠᱟᱞᱚᱯ"}]