[{"$i":"select","$v":"चूंडियो"},{"$i":"tcl-select","$v":"चूंडियो"},{"$i":"invalid-image","$v":"ग़लति तस्वीर"},{"$i":"image-too-big","$v":"गैलिरी में ॾेखारण लाइ तस्वीर जे साईज़ तमामु वॾी आहे"},{"$i":"tcl-selected-items-count","$v":[{"t":"idOrVar","v":"n"}," चूंड कयल"]},{"$i":"delete-photo?","$v":"फ़ोटो हज़फ़ कर्यो?"},{"$i":"delete-video?","$v":"विडियो हज़फ़ कर्यो?"},{"$i":"delete-n-items?","$v":{"zero":"कुझु बि चुंडियल नाहे","one":"चुंडियल शई हज़फ़ कर्यो?","two":[{"t":"idOrVar","v":"n"}," शयूं हज़फ़ कर्यो?"],"few":[{"t":"idOrVar","v":"n"}," शयूं हज़फ़ कर्यो?"],"many":[{"t":"idOrVar","v":"n"}," शयूं हज़फ़ कर्यो?"],"other":[{"t":"idOrVar","v":"n"}," शयूं हज़फ़ कर्यो?"]},"$x":[{"t":"idOrVar","v":"plural"},"n"]},{"$i":"tcl-contact-set-ok","$v":"राबते जी तस्वीर इज़ाफ़ो थी"},{"$i":"tcl-contact-set-fail","$v":"राबते जी तस्वीर सीट करणु नाकामु थियो."},{"$i":"tcl-exposure-done","$v":"एक्सपोजर लाॻू थियो"},{"$i":"tcl-rotation-done","$v":"तस्वीर घुमाई वई"},{"$i":"tcl-crop-done","$v":"तस्वीर क्रॉप थी"},{"$i":"tcl-filters-done","$v":"फ़लटर लाॻू थियो"},{"$i":"tcl-autocorrection-done","$v":"ख़ुदकार-तसीह लाॻू थियल"},{"$i":"tcl-changes-saved","$v":"तब्दीलियूं महफूज़ु थ्यूं"},{"$i":"wallpaper-set","$v":"वाल पेपर सीट"},{"$i":"tcl-single-image-locked","$v":"चुंडियल तस्वीर बंदु कई वई"},{"$i":"tcl-single-image-unlocked","$v":"चुंडियल तस्वीर उन लॉक कई वई हुई"},{"$i":"tcl-single-image-deleted","$v":"फ़ोटो हज़फ़ थियो:"},{"$i":"tcl-multiple-images-locked","$v":{"zero":"तस्वीर लॉक न थी","one":[{"t":"idOrVar","v":"n"}," तस्वीर खे तालो ॾिनो व्यो"],"other":[{"t":"idOrVar","v":"n"}," तस्वीर बंदु कयो व्यो"]},"$x":[{"t":"idOrVar","v":"plural"},"n"]},{"$i":"tcl-multiple-images-unlocked","$v":{"zero":"तस्वीर लॉक न थी","one":[{"t":"idOrVar","v":"n"}," तस्वीर खोलियो व्यो"],"other":[{"t":"idOrVar","v":"n"}," तस्वीर बंदु कयो यू"]},"$x":[{"t":"idOrVar","v":"plural"},"n"]},{"$i":"tcl-deleted-n-photos","$v":{"zero":"तस्वीर हज़फ़ न थी","one":[{"t":"idOrVar","v":"n"}," तस्वीर ख़तमु कयो व्यो"],"other":[{"t":"idOrVar","v":"n"}," तस्वीर ख़तमु कयो व्यो"]},"$x":[{"t":"idOrVar","v":"plural"},"n"]},{"$i":"tcl-undo","$v":"अण-कयो"},{"$i":"pickoneimage2","$v":"चूंडियो"},{"$i":"cropimage","$v":"क्रोप"},{"$i":"tcl-no","$v":"न"},{"$i":"tcl-on","$v":"मथे"},{"$i":"tcl-off","$v":"बंद"},{"$i":"tcl-return","$v":"मोट"},{"$i":"cancel","$v":"मंसूख़ कर्यो"},{"$i":"delete","$v":"रदि"},{"$i":"ok","$v":"ठीक"},{"$i":"edit","$v":"फेरबदल"},{"$i":"save","$v":"साघो"},{"$i":"done","$v":"पुरो थियो"},{"$i":"exposure","$v":"पधिरो"},{"$i":"crop","$v":"क्रोप"},{"$i":"effects","$v":"असरात"},{"$i":"borders","$v":"बॉर्डर्स"},{"$i":"enhance-on","$v":"ख़ुदकार-वधायो आन"},{"$i":"enhance-off","$v":"ख़ुदकार-वधायो ऑफ़"},{"$i":"tcl-exit","$v":"बा॒हर"},{"$i":"tcl-set","$v":"तरतीब"},{"$i":"tcl-takephoto","$v":"तस्वीर वठो"},{"$i":"tcl-options","$v":"इख़्तियारु"},{"$i":"tcl-select-all","$v":"सभई चूंडियो"},{"$i":"tcl-deselect-all","$v":"सभई अण चूंडियो"},{"$i":"tcl-lock","$v":"बंद"},{"$i":"tcl-unlock","$v":"खोलण (अनलॉक)"},{"$i":"tcl-rename","$v":"बि॒हर नालो"},{"$i":"tcl-rotate","$v":"फेरणु"},{"$i":"tcl-share","$v":"वर्च"},{"$i":"tcl-settings","$v":"सेटिंगयूं"},{"$i":"tcl-set-as","$v":"तरतीब आ जिअं"},{"$i":"tcl-wallpaper","$v":"वाल पेपर"},{"$i":"tcl-existing-contact-image","$v":"मोजूदह राबते लाइ तस्वीर"},{"$i":"tcl-zoom","$v":"ज़ूम"},{"$i":"tcl-zoom-in","$v":"ज़ूम उन"},{"$i":"tcl-zoom-out","$v":"ज़ूम आऊट"},{"$i":"tcl-file-info","$v":"फाईल जे मालूमात"},{"$i":"tcl-select-multiple","$v":"मुख़्तलिफ़ चूंडियो"},{"$i":"tcl-invalid-name","$v":"ग़लति नालो"},{"$i":"tcl-name-already-exists","$v":"ही नालो अॻु में मौजूदु आहे"},{"$i":"tcl-override-warning-msg","$v":"छा तवहां मोजूदह तस्वीर ओवर राइड करणु चाहियो था?"},{"$i":"tcl-override","$v":"ओवर राइड"},{"$i":"tcl-edit-title","$v":"तसॿीहर तदवीन कर्यो"},{"$i":"tcl-edit-exposure","$v":"पधिरो"},{"$i":"tcl-edit-crop","$v":"क्रोप"},{"$i":"tcl-edit-rotate","$v":"फेरणु"},{"$i":"tcl-edit-filters","$v":"फिलटर"},{"$i":"tcl-edit-auto-correct","$v":"ख़ुदकार-तसीह"},{"$i":"edit-exposure","ariaLabel":"पधिरो"},{"$i":"edit-crop","ariaLabel":"क्रोप"},{"$i":"edit-rotate","ariaLabel":"फेरणु"},{"$i":"edit-filters","ariaLabel":"फिलटर"},{"$i":"edit-auto-correct","ariaLabel":"ख़ुदकार-तसीह"},{"$i":"tcl-crop-none","$v":"क्रॉपिंग अंडो कर्यो"},{"$i":"tcl-crop-aspect-free","$v":"मुल"},{"$i":"tcl-crop-aspect-portrait","$v":"2:3"},{"$i":"tcl-crop-aspect-landscape","$v":"3:2"},{"$i":"tcl-crop-aspect-square","$v":"1:1"},{"$i":"crop-none","ariaLabel":"क्रॉपिंग अंडो कर्यो"},{"$i":"crop-aspect-free","ariaLabel":"मुल"},{"$i":"crop-aspect-portrait","ariaLabel":"2:3"},{"$i":"crop-aspect-landscape","ariaLabel":"3:2"},{"$i":"crop-aspect-square","ariaLabel":"1:1"},{"$i":"tcl-edit-filters-none","$v":"फ़लटर1"},{"$i":"tcl-edit-filters-bw","$v":"फ़लटर2"},{"$i":"tcl-edit-filters-sepia","$v":"फ़लटर3"},{"$i":"tcl-edit-filters-bluesteel","$v":"फ़लटर4"},{"$i":"tcl-edit-filters-faded","$v":"फ़लटर5"},{"$i":"edit-filters-none","ariaLabel":"फ़लटर1"},{"$i":"edit-filters-bw","ariaLabel":"फ़लटर2"},{"$i":"edit-filters-sepia","ariaLabel":"फ़लटर3"},{"$i":"edit-filters-bluesteel","ariaLabel":"फ़लटर4"},{"$i":"edit-filters-faded","ariaLabel":"फ़लटर5"},{"$i":"tcl-rotate-cw","$v":"CW"},{"$i":"tcl-rotate-ccw","$v":"CCW"},{"$i":"original","$v":"असुली"},{"$i":"blackandwhite","$v":{"$o":"B&W"}},{"$i":"sepia","$v":"सेपिया"},{"$i":"freeform","$v":"आज़ादी"},{"$i":"portrait","$v":"तस्वीर"},{"$i":"landscape","$v":"लेंडस्केप"},{"$i":"square","$v":"चौरस"},{"$i":"emptygallery2-title","$v":"के बि फ़ोटो या विडीयोज़ न"},{"$i":"emptygallery2-text","$v":"गैलिरी ख़ाली आहे तसवीरुनि ते किल्क करणु लाइ कैमेरा इस्तेमाल कर्यो"},{"$i":"emptygallery2-title-pick","$v":"के बि फ़ोटो न"},{"$i":"emptygallery-text-pick","$v":"के बि फ़ोटो दस्तयाब नाहिनि ."},{"$i":"nocard3-title","$v":"को बि मीमॿीहर कार्डु न"},{"$i":"nocard4-text","$v":"ही अइप इस्तेमाल करणु लाइ हिकु मीमॿीहर कार्डु दाख़िलु कर्यो ."},{"$i":"pluggedin2-title","$v":"इस्तेमाल में मीमॿीहर कार्डु"},{"$i":"pluggedin2-text","$v":"ज़ख़ीरो इस्तेमाल में आहे  . ही अइप इस्तेमाल करणु लाइ महिरबानी करे फ़ोनु उन प्लग कर्यो ."},{"$i":"scanning-title","$v":"स्कींनिग"},{"$i":"tcl-scanning-text","$v":"तसवीरुनि लाइ ॾिसी प्यो"},{"$i":"scanning-text","$v":"फ़ोटनि लाइ इसकें किरी प्यो..."},{"$i":"upgrade-title","$v":"अपग्रेड ग़ैरु फ़आल कर्यो"},{"$i":"upgrade-text","$v":"महिरबानी करे इंतिज़ार कर्यो जेसताईं गैलिरी डेटाबेस खे अपडेट करे"},{"$i":"share-noprovider","$v":"ही तस्वीर फाईल क़िस्मु हिसेदारी नथो करे सघे ."},{"$i":"memorycardfull","$v":"ज़ख़ीरो भरियल आहे .  फ़ोटो तदवीन नथो करे सघे ."},{"$i":"imagetoobig","$v":"हुन डिवाइस ते ॾेखारण लाइ तस्वीर तमामु वॾी आहे ."},{"$i":"imageinvalid","$v":"तस्वीर नाजाइज़ या ख़राबु आहे ऐं डिस्प्ले नथी करे सघिजे ."},{"$i":"saved","$v":[{"t":"idOrVar","v":"filename"},"गैलरी में महफूज़ु कयो व्यो"]},{"$i":"edit-copy-saved","$v":"नई नक़ुल महफूज़ु थी ."},{"$i":"overlay-camera-button","$v":"कैमेरा ॾांहुं वञो"},{"$i":"name-label","$v":"नालो"},{"$i":"size-label","$v":"माप"},{"$i":"image-type-label","$v":"तस्वीर जो क़िस्मु"},{"$i":"tcl-date-and-time-label","$v":"तारीख़ ऐं वक़्ति"},{"$i":"date-taken-label","$v":"वरतल तारीख़"},{"$i":"resolution-label","$v":"रिज़व्ल्यूशन"},{"$i":"close-button","$v":"बंद"},{"$i":"byteUnit-B","$v":"बाइट्स"},{"$i":"byteUnit-KB","$v":"KB"},{"$i":"byteUnit-MB","$v":"MB"},{"$i":"byteUnit-GB","$v":"GB"},{"$i":"gallery","$v":"गेलिरी"},{"$i":"preview","$v":"नमुनाईतो नजारो"},{"$i":"tcl-confirmation","$v":"तसिदीक़"},{"$i":"tcl-delete-this-image","$v":"ही फ़ोटो हज़फ़ कर्यो?"},{"$i":"tcl-delete-selected-image","$v":"चुंडियल फ़ोटो हज़फ़ कर्यो?"},{"$i":"tcl-delete-selected-images","$v":"चुंडियल फ़ोटोज़ हज़फ़ कर्यो?"},{"$i":"tcl-delete-photos","$v":{"one":["छा तव्हांखे पिक आहे त तवहां ",{"t":"idOrVar","v":"n"}," चुंडियल तस्वीर हज़फ़ करणु चाहियो था?"],"other":["छा तव्हांखे पिक आहे त तवहां ",{"t":"idOrVar","v":"n"}," चुंडियल तस्वीरूं हज़फ़ करणु चाहियो था?"]},"$x":[{"t":"idOrVar","v":"plural"},"n"]},{"$i":"tcl-lost-warning","$v":"सभई तब्दीलियूं विञायूं वेंदियूं ."},{"$i":"tcl-save-changes?","$v":"चा तवहां तब्दीलियूं महफूज़ु करणु चाहींदा?"},{"$i":"tcl-close-warning","$v":"डेटा जे नुक़्सान सां अइपली केशन बंदु कई वेंदी ."},{"$i":"tcl-back-to-editing?","$v":"छा तवहां तदवीन कारी ॾांहुं वापस वञणु चाहियो था"},{"$i":"tcl-gallery-settings","$v":"गैलिरी जूनि सीटनगूं"},{"$i":"tcl-sort-by","$v":"छाटल पारां"},{"$i":"tcl-group-by-date-and-location","$v":"तारीख़ सां ग्रूपु कर्यो"},{"$i":"tcl-error","$v":"गडबडी"},{"$i":"tcl-error-delete-locked-image","$v":"चुंडियल तस्वीर लॉक थियल आहे ऐं हज़फ़ नथी करे सघिजे"},{"$i":"tcl-error-delete-locked-images","$v":"चुंडियल तसवीरुनि में लॉक थियल तस्वीरूं शामिलु आहिनि ऐं हिज़ न थी सघियूं"},{"$i":"tcl-enter-new-name","$v":"नओं नालो दाख़िलु कर्यो"},{"$i":"sort-and-group","$v":"तरतीब ऐं ग्रूपु"},{"$i":"tcl-orientationLandscape","$v":"लेंडस्केप"},{"$i":"tcl-videoDescriptionNoTimestamp","$v":[{"t":"idOrVar","v":"orientation"}," विडियो"]},{"$i":"tcl-orientationPortrait","$v":"तस्वीर"},{"$i":"tcl-imageDescription","$v":[{"t":"idOrVar","v":"orientation"}," तस्वीर %I:%M %p, %B %e, %Y"]},{"$i":"time_am","$v":"AM"},{"$i":"time_pm","$v":"PM"},{"$i":"date-group-header","$v":"%B %Y"},{"$i":"videoDescriptionShort","$v":"विडियो बतारीख़ %I:%M %p, %B %e, %Y"},{"$i":"imageDescriptionShort","$v":"तारीख़ सां तस्वीर %I:%M %p, %B %e, %Y"},{"$i":"editImagePreview","ariaLabel":"तस्वीर पिसु मन्ज़रु तदवीन कर्यो"},{"$i":"tcl-pickoneimage","$v":"हिक फ़ोटो चूंडियो"},{"$i":"discard-changes-warning","$v":"सभई तब्दीलियूं विञायूं वेंदियूं छा तवहां तब्दीलियूं बर्ख़ास्त करणु चाहींदा?"},{"$i":"save-changes-warning","$v":"सभई तब्दीलियूं विञायूं वेंदियूं . चा तवहां तब्दीलियूं महफूज़ु करणु चाहींदा?"},{"$i":"discard","$v":"रदि"},{"$i":"weekday-0-long","$v":"आर्तवारु"},{"$i":"weekday-1-long","$v":"सुमर"},{"$i":"weekday-2-long","$v":"मंगल"},{"$i":"weekday-3-long","$v":"बु॒धर"},{"$i":"weekday-4-long","$v":"विशपत"},{"$i":"weekday-5-long","$v":"जुमो"},{"$i":"weekday-6-long","$v":"छंछरु"},{"$i":"weekday-0-short","$v":"आचरु"},{"$i":"weekday-1-short","$v":"सूमरु"},{"$i":"weekday-2-short","$v":"अङारो"},{"$i":"weekday-3-short","$v":"अर्बा"},{"$i":"weekday-4-short","$v":"ख़मीस"},{"$i":"weekday-5-short","$v":"जमावं"},{"$i":"weekday-6-short","$v":"छंछरु"},{"$i":"month-0-long","$v":"जनॿीहर"},{"$i":"month-1-long","$v":"फ़ीबरॿीहर"},{"$i":"month-2-long","$v":"मार्चु"},{"$i":"month-3-long","$v":"अप्रेलु"},{"$i":"month-4-long","$v":"मुई"},{"$i":"month-5-long","$v":"जूनि"},{"$i":"month-6-long","$v":"जूलाइ"},{"$i":"month-7-long","$v":"आगस्टु"},{"$i":"month-8-long","$v":"सेप्टेम्बरु"},{"$i":"month-9-long","$v":"आक्टोबरु"},{"$i":"month-10-long","$v":"नवम्बरु"},{"$i":"month-11-long","$v":"डिसम्बरु"},{"$i":"month-0-genitive","$v":"जनॿीहर"},{"$i":"month-1-genitive","$v":"फ़ीबरॿीहर"},{"$i":"month-2-genitive","$v":"मार्चु"},{"$i":"month-3-genitive","$v":"अप्रेलु"},{"$i":"month-4-genitive","$v":"मुई"},{"$i":"month-5-genitive","$v":"जूनि"},{"$i":"month-6-genitive","$v":"जूलाइ"},{"$i":"month-7-genitive","$v":"आगस्टु"},{"$i":"month-8-genitive","$v":"सेप्टेम्बरु"},{"$i":"month-9-genitive","$v":"आक्टोबरु"},{"$i":"month-10-genitive","$v":"नवम्बरु"},{"$i":"month-11-genitive","$v":"डिसम्बरु"},{"$i":"month-0-short","$v":"जनॿीहर"},{"$i":"month-1-short","$v":"फ़ीबरॿीहर"},{"$i":"month-2-short","$v":"मार्चु"},{"$i":"month-3-short","$v":"अप्रेलु"},{"$i":"month-4-short","$v":"मुई"},{"$i":"month-5-short","$v":"जनॿीहर"},{"$i":"month-6-short","$v":"जूलाइ"},{"$i":"month-7-short","$v":"आगस्टु"},{"$i":"month-8-short","$v":"सेप्टेम्बरु"},{"$i":"month-9-short","$v":"आक्टोबरु"},{"$i":"month-10-short","$v":"नवम्बरु"},{"$i":"month-11-short","$v":"डिसम्बरु"},{"$i":"minutes-ago-long","$v":{"zero":"बिलकुल हाणे","one":"हिक मिंटु अॻु","two":[{"t":"idOrVar","v":"value"}," मिंटु अॻु"],"few":[{"t":"idOrVar","v":"value"}," मिंटु अॻु"],"many":[{"t":"idOrVar","v":"value"}," मिंटु अॻु"],"other":[{"t":"idOrVar","v":"value"}," मिंटु अॻु"]},"$x":[{"t":"idOrVar","v":"plural"},"value"]},{"$i":"hours-ago-long","$v":{"zero":"बिलकुल हाणे","one":"हिक कलाकु अॻु","two":[{"t":"idOrVar","v":"value"}," कलाकु अॻु"],"few":[{"t":"idOrVar","v":"value"}," कलाकु अॻु"],"many":[{"t":"idOrVar","v":"value"}," कलाकु अॻु"],"other":[{"t":"idOrVar","v":"value"}," कलाकु अॻु"]},"$x":[{"t":"idOrVar","v":"plural"},"value"]},{"$i":"days-ago-long","$v":{"zero":"अजु॒","one":"कुल्हा","two":[{"t":"idOrVar","v":"value"}," ॾींहुं अॻु"],"few":[{"t":"idOrVar","v":"value"}," ॾींहुं अॻु"],"many":[{"t":"idOrVar","v":"value"}," ॾींहुं अॻु"],"other":[{"t":"idOrVar","v":"value"}," ॾींहुं अॻु"]},"$x":[{"t":"idOrVar","v":"plural"},"value"]},{"$i":"weeks-ago-long","$v":{"zero":"हुन हफ़्ते","one":"गुज़िरियल हफ़्ते","two":[{"t":"idOrVar","v":"value"}," हफ़ता अॻु"],"few":[{"t":"idOrVar","v":"value"}," हफ़ता अॻु"],"many":[{"t":"idOrVar","v":"value"}," हफ़ता अॻु"],"other":[{"t":"idOrVar","v":"value"}," हफ़ता अॻु"]},"$x":[{"t":"idOrVar","v":"plural"},"value"]},{"$i":"months-ago-long","$v":{"zero":"हुन महीने","one":"गुज़िरियल महीने","two":[{"t":"idOrVar","v":"value"}," महीना अॻु"],"few":[{"t":"idOrVar","v":"value"}," महीना अॻु"],"many":[{"t":"idOrVar","v":"value"}," महीना अॻु"],"other":[{"t":"idOrVar","v":"value"}," महीना अॻु"]},"$x":[{"t":"idOrVar","v":"plural"},"value"]},{"$i":"years-ago-long","$v":{"zero":"हुन सालु","one":"गुज़िरियल सालु","two":[{"t":"idOrVar","v":"value"}," सालु अॻु"],"few":[{"t":"idOrVar","v":"value"}," सालु अॻु"],"many":[{"t":"idOrVar","v":"value"}," सालु अॻु"],"other":[{"t":"idOrVar","v":"value"}," सालु अॻु"]},"$x":[{"t":"idOrVar","v":"plural"},"value"]},{"$i":"minutes-until-long","$v":{"zero":"हाणि","one":"हिक मिंटु में","two":[{"t":"idOrVar","v":"value"}," मिन्टनि में"],"few":[{"t":"idOrVar","v":"value"}," मिन्टनि में"],"many":[{"t":"idOrVar","v":"value"}," मिन्टनि में"],"other":[{"t":"idOrVar","v":"value"}," मिन्टनि में"]},"$x":[{"t":"idOrVar","v":"plural"},"value"]},{"$i":"hours-until-long","$v":{"zero":"हाणि","one":"हिक कलाकु में","two":[{"t":"idOrVar","v":"value"}," कलाकनि में"],"few":[{"t":"idOrVar","v":"value"}," कलाकनि में"],"many":[{"t":"idOrVar","v":"value"}," कलाकनि में"],"other":[{"t":"idOrVar","v":"value"}," कलाकनि में"]},"$x":[{"t":"idOrVar","v":"plural"},"value"]},{"$i":"days-until-long","$v":{"zero":"अजु॒","one":"सुभाणे","two":[{"t":"idOrVar","v":"value"}," ॾींहुं में"],"few":[{"t":"idOrVar","v":"value"}," ॾींहुं में"],"many":[{"t":"idOrVar","v":"value"}," ॾींहुं में"],"other":[{"t":"idOrVar","v":"value"}," ॾींहुं में"]},"$x":[{"t":"idOrVar","v":"plural"},"value"]},{"$i":"weeks-until-long","$v":{"zero":"हुन हफ़्ते","one":"ईंदड़ सालु","two":[{"t":"idOrVar","v":"value"}," हफ़्तनि में"],"few":[{"t":"idOrVar","v":"value"}," हफ़्तनि में"],"many":[{"t":"idOrVar","v":"value"}," हफ़्तनि में"],"other":[{"t":"idOrVar","v":"value"}," हफ़्तनि में"]},"$x":[{"t":"idOrVar","v":"plural"},"value"]},{"$i":"months-until-long","$v":{"zero":"हुन महीने","one":"ईंदड़ महीने","two":[{"t":"idOrVar","v":"value"}," महीननि में"],"few":[{"t":"idOrVar","v":"value"}," महीननि में"],"many":[{"t":"idOrVar","v":"value"}," महीननि में"],"other":[{"t":"idOrVar","v":"value"}," महीननि में"]},"$x":[{"t":"idOrVar","v":"plural"},"value"]},{"$i":"years-until-long","$v":{"zero":"हुन सालु","one":"ईंदड़ सालु","two":[{"t":"idOrVar","v":"value"}," सालनि में"],"few":[{"t":"idOrVar","v":"value"}," सालनि में"],"many":[{"t":"idOrVar","v":"value"}," सालनि में"],"other":[{"t":"idOrVar","v":"value"}," सालनि में"]},"$x":[{"t":"idOrVar","v":"plural"},"value"]},{"$i":"minutes-ago-short","$v":{"zero":"बिलकुल हाणे","other":[{"t":"idOrVar","v":"value"}," मिंटु अॻु"]},"$x":[{"t":"idOrVar","v":"plural"},"value"]},{"$i":"hours-ago-short","$v":{"zero":"बिलकुल हाणे","other":[{"t":"idOrVar","v":"value"}," कलाकु अॻु"]},"$x":[{"t":"idOrVar","v":"plural"},"value"]},{"$i":"days-ago-short","$v":{"zero":"अजु॒","other":[{"t":"idOrVar","v":"value"}," ॾींहुं अॻु"]},"$x":[{"t":"idOrVar","v":"plural"},"value"]},{"$i":"minutes-until-short","$v":{"zero":"हाणि","other":[{"t":"idOrVar","v":"value"},"m में"]},"$x":[{"t":"idOrVar","v":"plural"},"value"]},{"$i":"hours-until-short","$v":{"zero":"हाणि","other":[{"t":"idOrVar","v":"value"},"h में"]},"$x":[{"t":"idOrVar","v":"plural"},"value"]},{"$i":"days-until-short","$v":{"zero":"अजु॒","other":[{"t":"idOrVar","v":"value"},"d में"]},"$x":[{"t":"idOrVar","v":"plural"},"value"]},{"$i":"incorrectDate","$v":"( ग़लति तारीख़)"},{"$i":"dateTimeFormat_%c","$v":"%a %b %e %Y %I:%M:%S %p"},{"$i":"dateTimeFormat_%x","$v":"%m/%d/%Y"},{"$i":"dateTimeFormat_%X","$v":"%I:%M:%S %p"},{"$i":"shortTimeFormat","$v":"%I:%M %p"},{"$i":"shortTimeFormat12","$v":"%I:%M %p"},{"$i":"shortTimeFormat24","$v":"%H:%M"},{"$i":"shortDateTimeFormat","$v":"%x %I:%M %p"},{"$i":"weekStartsOnMonday","$v":"0"},{"$i":"firstDayOfTheWeek","$v":"0"},{"$i":"imageDescription","$v":[{"t":"idOrVar","v":"orientation"}," तस्वीर %I:%M %p, %B %e, %Y"]},{"$i":"imageDescriptionNoTimestamp","$v":[{"t":"idOrVar","v":"orientation"}," तस्वीर"]},{"$i":"videoDescription","$v":[{"t":"idOrVar","v":"orientation"}," विडियो, %I:%M %p, %B %e, %Y"]},{"$i":"videoDescriptionNoTimestamp","$v":[{"t":"idOrVar","v":"orientation"}," विडियो"]},{"$i":"orientationPortrait","$v":"तस्वीर"},{"$i":"orientationLandscape","$v":"लेंडस्केप"},{"$i":"playbackPlay","ariaLabel":"प्ले"},{"$i":"playbackPause","ariaLabel":"वक़फ़ो"},{"$i":"playbackNext","ariaLabel":"ॿियो"},{"$i":"playbackPrevious","ariaLabel":"अगो॒णा"},{"$i":"playbackFullscreen","ariaLabel":"पुरी स्क्रिन"},{"$i":"playbackSeekBar","ariaLabel":["तलाश बारु, मुदो ",{"t":"idOrVar","v":"duration"}]},{"$i":"softkey-options","$v":"इख़्तियारु"}]