[{"$i":"select","$v":"தேர்ந்தெடுக்கவும்"},{"$i":"tcl-select","$v":"தேர்ந்தெடுக்கவும்"},{"$i":"invalid-image","$v":"செல்லாத படம்"},{"$i":"image-too-big","$v":"படமானது, கேலரியில் காட்ட முடியாத அளவிற்குப் பெரியதாக உள்ளது."},{"$i":"tcl-selected-items-count","$v":[{"t":"idOrVar","v":"n"}," தேர்ந்தெடுக்கப்பட்டது"]},{"$i":"delete-photo?","$v":"போட்டோவை நீக்கவா?"},{"$i":"delete-video?","$v":"வீடியோவை நீக்கவா?"},{"$i":"delete-n-items?","$v":{"zero":"ஒன்றும் தேர்வுசெய்யப்படவில்லை","one":"தேர்ந்தெடுத்த ஐட்டத்தை நீக்கவா?","two":[{"t":"idOrVar","v":"n"}," ஐட்டம்-களை நீக்கவா?"],"few":[{"t":"idOrVar","v":"n"}," ஐட்டம்-களை நீக்கவா?"],"many":[{"t":"idOrVar","v":"n"}," ஐட்டம்-களை நீக்கவா?"],"other":[{"t":"idOrVar","v":"n"}," ஐட்டம்-களை நீக்கவா?"]},"$x":[{"t":"idOrVar","v":"plural"},"n"]},{"$i":"tcl-contact-set-ok","$v":"தொடர்புப் படம் சேர்க்கப்பட்டது"},{"$i":"tcl-contact-set-fail","$v":"தொடர்பு படத்தை அமைப்பது தோல்வியுற்றது"},{"$i":"tcl-exposure-done","$v":"எக்ஸ்போஷர் பயன்படுத்தப்பட்டது"},{"$i":"tcl-rotation-done","$v":"படம் சுழற்றப்பட்டுள்ளது"},{"$i":"tcl-crop-done","$v":"படம் வெட்டப்பட்டது"},{"$i":"tcl-filters-done","$v":"ஃபில்டர் பயன்படுத்தப்பட்டது"},{"$i":"tcl-autocorrection-done","$v":"தானாக சரிசெய்தல் பயன்படுத்தப்பட்டது"},{"$i":"tcl-changes-saved","$v":"மாற்றங்கள் சேமிக்கப்பட்டது"},{"$i":"wallpaper-set","$v":"வால்பேப்பர் அமைப்பு"},{"$i":"tcl-single-image-locked","$v":"தேர்தெடுக்கப்பட்ட படம் பூட்டப்பட்டது"},{"$i":"tcl-single-image-unlocked","$v":"தேர்தெடுக்கப்பட்ட படம் அன்லாக் செய்யப்பட்டது"},{"$i":"tcl-single-image-deleted","$v":"போட்டோ நீக்கப்பட்டது."},{"$i":"tcl-multiple-images-locked","$v":{"zero":"படம் லாக் செய்யப்படவில்லை","one":[{"t":"idOrVar","v":"n"}," படம் லாக் செய்யப்பட்டது"],"other":[{"t":"idOrVar","v":"n"}," படங்கள் லாக் செய்யப்பட்டது"]},"$x":[{"t":"idOrVar","v":"plural"},"n"]},{"$i":"tcl-multiple-images-unlocked","$v":{"zero":"படம் லாக் செய்யப்படவில்லை","one":[{"t":"idOrVar","v":"n"}," படம் அன்லாக் செய்யப்பட்டது"],"other":[{"t":"idOrVar","v":"n"}," படங்கள் அன்லாக் செய்யப்பட்டது"]},"$x":[{"t":"idOrVar","v":"plural"},"n"]},{"$i":"tcl-deleted-n-photos","$v":{"zero":"படம் நீக்கப்படவில்லை","one":[{"t":"idOrVar","v":"n"}," படம் நீக்கப்பட்டது"],"other":[{"t":"idOrVar","v":"n"}," படங்கள் நீக்கப்பட்டது"]},"$x":[{"t":"idOrVar","v":"plural"},"n"]},{"$i":"tcl-undo","$v":"அன்டு"},{"$i":"pickoneimage2","$v":"தேர்ந்தெடுக்கவும்"},{"$i":"cropimage","$v":"கிராப்"},{"$i":"tcl-no","$v":"அனுமதிக்கப்படவில்லை"},{"$i":"tcl-on","$v":"ஆன்"},{"$i":"tcl-off","$v":"ஆஃப்"},{"$i":"tcl-return","$v":"திரும்பு"},{"$i":"cancel","$v":"ரத்து செய்க"},{"$i":"delete","$v":"நீக்கு"},{"$i":"ok","$v":"சரி"},{"$i":"edit","$v":"திருத்து"},{"$i":"save","$v":"சேமி"},{"$i":"done","$v":"முடிந்தது"},{"$i":"exposure","$v":"எக்ஸ்போஷர்"},{"$i":"crop","$v":"கிராப்"},{"$i":"effects","$v":"விளைவுகள்"},{"$i":"borders","$v":"பார்டர்"},{"$i":"enhance-on","$v":"தானாக-மேம்படுத்துதல் ஆன்"},{"$i":"enhance-off","$v":"தானாக-மேம்படுத்துதல் ஆஃப்"},{"$i":"tcl-exit","$v":"வெளியேறு"},{"$i":"tcl-set","$v":"அமை"},{"$i":"tcl-takephoto","$v":"போட்டோ எடுக்கவும்"},{"$i":"tcl-options","$v":"விருப்பங்கள்"},{"$i":"tcl-select-all","$v":"அனைத்தையும் தேர்ந்தெடு"},{"$i":"tcl-deselect-all","$v":"அனைத்தையும் தேர்வுநீக்கு"},{"$i":"tcl-lock","$v":"லாக் செய்க"},{"$i":"tcl-unlock","$v":"அன்லாக் செய்க"},{"$i":"tcl-rename","$v":"மறுபெயரிடு"},{"$i":"tcl-rotate","$v":"சுழற்று"},{"$i":"tcl-share","$v":"பகிர்"},{"$i":"tcl-settings","$v":"செட்டிங்ஸ்"},{"$i":"tcl-set-as","$v":"இதுவாக அமை"},{"$i":"tcl-wallpaper","$v":"வால்பேப்பர்"},{"$i":"tcl-existing-contact-image","$v":"ஏற்கனவே உள்ள தொடர்புக்கான படம்"},{"$i":"tcl-zoom","$v":"ஜூம் செய்க"},{"$i":"tcl-zoom-in","$v":"ஜூம் இன் செய்க"},{"$i":"tcl-zoom-out","$v":"ஜூம் அவுட் செய்க"},{"$i":"tcl-file-info","$v":"ஃபைல் தகவல்"},{"$i":"tcl-select-multiple","$v":"ஒன்றுக்கு மேற்பட்டதை தேர்ந்தெடு"},{"$i":"tcl-invalid-name","$v":"செல்லாத  பெயர்"},{"$i":"tcl-name-already-exists","$v":"இந்த பெயர் ஏற்கனவே உள்ளது"},{"$i":"tcl-override-warning-msg","$v":"ஏற்கனவே இருக்கும் படத்தில் நீங்கள் ஓவர்ரைட் செய்ய  விரும்புகிறீர்களா?"},{"$i":"tcl-override","$v":"ஓவர்ரைடு"},{"$i":"tcl-edit-title","$v":"படத்தைத் திருத்து"},{"$i":"tcl-edit-exposure","$v":"எக்ஸ்போஷர்"},{"$i":"tcl-edit-crop","$v":"கிராப்"},{"$i":"tcl-edit-rotate","$v":"சுழற்று"},{"$i":"tcl-edit-filters","$v":"ஃபில்டர்ஸ்"},{"$i":"tcl-edit-auto-correct","$v":"தானாக-சரிசெய்தல்"},{"$i":"edit-exposure","ariaLabel":"எக்ஸ்போஷர்"},{"$i":"edit-crop","ariaLabel":"கிராப்"},{"$i":"edit-rotate","ariaLabel":"சுழற்று"},{"$i":"edit-filters","ariaLabel":"ஃபில்டர்ஸ்"},{"$i":"edit-auto-correct","ariaLabel":"தானாக-சரிசெய்தல்"},{"$i":"tcl-crop-none","$v":"கிராப்பிங்-ஐ அன்டு செய்"},{"$i":"tcl-crop-aspect-free","$v":"டீஃபால்ட்"},{"$i":"tcl-crop-aspect-portrait","$v":"2:3"},{"$i":"tcl-crop-aspect-landscape","$v":"3:2"},{"$i":"tcl-crop-aspect-square","$v":"1:1"},{"$i":"crop-none","ariaLabel":"கிராப்பிங்-ஐ அன்டு செய்"},{"$i":"crop-aspect-free","ariaLabel":"டீஃபால்ட்"},{"$i":"crop-aspect-portrait","ariaLabel":"2:3"},{"$i":"crop-aspect-landscape","ariaLabel":"3:2"},{"$i":"crop-aspect-square","ariaLabel":"1:1"},{"$i":"tcl-edit-filters-none","$v":"ஃபில்டர் 1"},{"$i":"tcl-edit-filters-bw","$v":"ஃபில்டர் 2"},{"$i":"tcl-edit-filters-sepia","$v":"ஃபில்டர் 3"},{"$i":"tcl-edit-filters-bluesteel","$v":"ஃபில்டர் 4"},{"$i":"tcl-edit-filters-faded","$v":"ஃபில்டர் 5"},{"$i":"edit-filters-none","ariaLabel":"ஃபில்டர் 1"},{"$i":"edit-filters-bw","ariaLabel":"ஃபில்டர் 2"},{"$i":"edit-filters-sepia","ariaLabel":"ஃபில்டர் 3"},{"$i":"edit-filters-bluesteel","ariaLabel":"ஃபில்டர் 4"},{"$i":"edit-filters-faded","ariaLabel":"ஃபில்டர் 5"},{"$i":"tcl-rotate-cw","$v":"CW"},{"$i":"tcl-rotate-ccw","$v":"CCW"},{"$i":"original","$v":"அசல்"},{"$i":"blackandwhite","$v":{"$o":"B&W"}},{"$i":"sepia","$v":"சேஃபியா"},{"$i":"freeform","$v":"ப்ரீஃபாம்"},{"$i":"portrait","$v":"போர்ட்ரேட்"},{"$i":"landscape","$v":"லேண்ட்ஸ்கேப்"},{"$i":"square","$v":"சதுரம்"},{"$i":"emptygallery2-title","$v":"போட்டோக்கள் அல்லது வீடியோக்கள் இல்லை"},{"$i":"emptygallery2-text","$v":"கேலரி காலியாக உள்ளது. புகைப்படங்களைக் கிளிக் செய்ய கேமராவை பயன்படுத்தவும்"},{"$i":"emptygallery2-title-pick","$v":"போட்டோக்கள் இல்லை"},{"$i":"emptygallery-text-pick","$v":"போட்டோக்கள் எதுவும் கிடைக்கவில்லை."},{"$i":"nocard3-title","$v":"மெமரி கார்டு இல்லை"},{"$i":"nocard4-text","$v":"இந்தப் ஆப்-ஐ பயன்படுத்த, மெமரி கார்டைச் செருகவும்."},{"$i":"pluggedin2-title","$v":"மெமரி கார்டு பயன்பாட்டில் உள்ளது"},{"$i":"pluggedin2-text","$v":"ஸ்டோரேஜ் பயனில் உள்ளது. இந்த ஆப்-ஐ பயன்படுத்த தயவுசெய்து ஃபோன்-ஐ அன்பிளக் செய்யவும்."},{"$i":"scanning-title","$v":"ஸ்கேன் செய்கிறது"},{"$i":"tcl-scanning-text","$v":"போட்டோக்களை தேடுகிறது"},{"$i":"scanning-text","$v":"போட்டோக்களுக்காக ஸ்கேன் செய்கிறது..."},{"$i":"upgrade-title","$v":"டேட்டாபேஸ் அப்கிரேட்"},{"$i":"upgrade-text","$v":"கேலரி டேட்டபேஸ்-இல் மேம்படுத்தும் வரை தயவுசெய்து காத்திருக்கவும்."},{"$i":"share-noprovider","$v":"இந்தப் படக் ஃபைல் வகையைப் பகிர முடியாது."},{"$i":"memorycardfull","$v":"ஸ்டோரேஜ் தற்போது பயனில் உள்ளது. நிகழ்படங்களை எடுக்க தயவுசெய்து ஃபோன்-ஐ துண்டிக்கவும்."},{"$i":"imagetoobig","$v":"படம், இந்தச் சாதனத்தில் காட்ட முடியாத அளவிற்குப் பெரியது."},{"$i":"imageinvalid","$v":"படம் தவறானது அல்லது சிதைந்துள்ளது, மேலும் காட்ட முடியாதது."},{"$i":"saved","$v":["கேலரியில் ",{"t":"idOrVar","v":"filename"}," சேமிக்கப்பட்டது"]},{"$i":"edit-copy-saved","$v":"புதிய காப்பி சேமிக்கப்பட்டது."},{"$i":"overlay-camera-button","$v":"கேமராவுக்குச் செல்க"},{"$i":"name-label","$v":"பெயர்"},{"$i":"size-label","$v":"அளவு"},{"$i":"image-type-label","$v":"பட வகை"},{"$i":"tcl-date-and-time-label","$v":"தேதி மற்றும் நேரம்"},{"$i":"date-taken-label","$v":"எடுக்கப்பட்ட தேதி"},{"$i":"resolution-label","$v":"ரெசல்யூசன்"},{"$i":"close-button","$v":"மூடு"},{"$i":"byteUnit-B","$v":"பைட்"},{"$i":"byteUnit-KB","$v":"KB"},{"$i":"byteUnit-MB","$v":"MB"},{"$i":"byteUnit-GB","$v":"GB"},{"$i":"gallery","$v":"கேலரி"},{"$i":"preview","$v":"ப்ரிவ்யூ"},{"$i":"tcl-confirmation","$v":"உறுதிப்படுத்துதல்"},{"$i":"tcl-delete-this-image","$v":"இந்தப் போட்டோவை நீக்கவா?"},{"$i":"tcl-delete-selected-image","$v":"தேர்ந்தெடுத்த போட்டோவை நீக்கவா?"},{"$i":"tcl-delete-selected-images","$v":"தேர்ந்தெடுத்த போட்டோக்களை நீக்கவா?"},{"$i":"tcl-delete-photos","$v":{"one":["நீங்கள் நிச்சியமாக ",{"t":"idOrVar","v":"n"}," தேர்ந்தெடுத்த போட்டோவை நீக்க விரும்புகிறீர்களா?"],"other":["நீங்கள் நிச்சியமாக ",{"t":"idOrVar","v":"n"}," தேர்ந்தெடுத்த போட்டோ-களை நீக்க விரும்புகிறீர்களா?"]},"$x":[{"t":"idOrVar","v":"plural"},"n"]},{"$i":"tcl-lost-warning","$v":"எல்லா மாற்றங்களும் கைவிடப்படும்."},{"$i":"tcl-save-changes?","$v":"மாற்றங்களைச் சேமிக்க விரும்புகிறீர்களா?"},{"$i":"tcl-close-warning","$v":"அப்ளிகேஷன், டேட்டா இழப்புடன் மூடப்படும்."},{"$i":"tcl-back-to-editing?","$v":"எடிட்டிங் செய்ய நீங்கள் திரும்ப வேண்டுமா?"},{"$i":"tcl-gallery-settings","$v":"கேலரி செட்டிங்ஸ்"},{"$i":"tcl-sort-by","$v":"இதன்படி வரிசைப்படுத்தவும்"},{"$i":"tcl-group-by-date-and-location","$v":"தேதிபடி குழுவாக்கு"},{"$i":"tcl-error","$v":"பிழை"},{"$i":"tcl-error-delete-locked-image","$v":"தேர்ந்தெடுக்கப்பட்ட படம் லாக் செய்யப்பட்டுள்ளது நீக்க முடியாது!"},{"$i":"tcl-error-delete-locked-images","$v":"தேர்ந்தெடுக்கப்பட்ட படங்களில் லாக் செய்யப்பட்ட படங்(கள்) உள்ளன ஆதலால் அவற்றை நீக்க முடியாது!"},{"$i":"tcl-enter-new-name","$v":"புதிய பெயரை உள்ளிடுக"},{"$i":"sort-and-group","$v":"வரிசைப்படுத்தி பின்னர் குழுவாக செய்க"},{"$i":"tcl-orientationLandscape","$v":"லேண்ட்ஸ்கேப்"},{"$i":"tcl-videoDescriptionNoTimestamp","$v":[{"t":"idOrVar","v":"orientation"}," வீடியோ"]},{"$i":"tcl-orientationPortrait","$v":"போர்ட்ரேட்"},{"$i":"tcl-imageDescription","$v":[{"t":"idOrVar","v":"orientation"}," படம், %I:%M %p, %B %e, %Y"]},{"$i":"time_am","$v":"AM"},{"$i":"time_pm","$v":"PM"},{"$i":"date-group-header","$v":"%B %Y"},{"$i":"videoDescriptionShort","$v":"வீடியோ தேதியிட்டது %I:%M %p, %B %e, %Y"},{"$i":"imageDescriptionShort","$v":"படத் தேதி %I:%M %p, %B %e, %Y"},{"$i":"editImagePreview","ariaLabel":"பட ப்ரிவ்யூவை திருத்து"},{"$i":"tcl-pickoneimage","$v":"ஒரு போட்டோவை தேர்ந்தெடு"},{"$i":"discard-changes-warning","$v":"எல்லா மாற்றங்களும் கைவிடப்படும். மாற்றங்களை நிராகரிக்க விரும்புகிறீர்களா?"},{"$i":"save-changes-warning","$v":"எல்லா மாற்றங்களும் கைவிடப்படும். மாற்றங்களைச் சேமிக்க விரும்புகிறீர்களா?"},{"$i":"discard","$v":"நிராகரி"},{"$i":"weekday-0-long","$v":"ஞாயிறுக்கிழமை"},{"$i":"weekday-1-long","$v":"திங்கள்"},{"$i":"weekday-2-long","$v":"செவ்வாய்க்கிழமை"},{"$i":"weekday-3-long","$v":"புதன்கிழமை"},{"$i":"weekday-4-long","$v":"வியாழக்கிழமை"},{"$i":"weekday-5-long","$v":"வெள்ளி"},{"$i":"weekday-6-long","$v":"சனிக்கிழமை"},{"$i":"weekday-0-short","$v":"ஞாயிறுக்கிழமை"},{"$i":"weekday-1-short","$v":"திங்கள்"},{"$i":"weekday-2-short","$v":"செவ்வாய்க்கிழமை"},{"$i":"weekday-3-short","$v":"புதன்கிழமை"},{"$i":"weekday-4-short","$v":"வியாழன்"},{"$i":"weekday-5-short","$v":"வெள்ளி"},{"$i":"weekday-6-short","$v":"சனிக்கிழமை"},{"$i":"month-0-long","$v":"ஜனவரி"},{"$i":"month-1-long","$v":"பிப்ரவரி"},{"$i":"month-2-long","$v":"மார்ச்"},{"$i":"month-3-long","$v":"ஏப்ரல்"},{"$i":"month-4-long","$v":"மே"},{"$i":"month-5-long","$v":"ஜூன்"},{"$i":"month-6-long","$v":"ஜூலை"},{"$i":"month-7-long","$v":"ஆகஸ்ட்"},{"$i":"month-8-long","$v":"செப்டம்பர்"},{"$i":"month-9-long","$v":"அக்டோபர்"},{"$i":"month-10-long","$v":"நவம்பர்"},{"$i":"month-11-long","$v":"டிசம்பர்"},{"$i":"month-0-genitive","$v":"ஜனவரி"},{"$i":"month-1-genitive","$v":"பிப்ரவரி"},{"$i":"month-2-genitive","$v":"மார்ச்"},{"$i":"month-3-genitive","$v":"ஏப்ரல்"},{"$i":"month-4-genitive","$v":"மே"},{"$i":"month-5-genitive","$v":"ஜூன்"},{"$i":"month-6-genitive","$v":"ஜூலை"},{"$i":"month-7-genitive","$v":"ஆகஸ்ட்"},{"$i":"month-8-genitive","$v":"செப்டம்பர்"},{"$i":"month-9-genitive","$v":"அக்டோபர்"},{"$i":"month-10-genitive","$v":"நவம்பர்"},{"$i":"month-11-genitive","$v":"டிசம்பர்"},{"$i":"month-0-short","$v":"ஜனவரி"},{"$i":"month-1-short","$v":"பிப்ரவரி"},{"$i":"month-2-short","$v":"மார்ச்"},{"$i":"month-3-short","$v":"ஏப்ரல்"},{"$i":"month-4-short","$v":"மே"},{"$i":"month-5-short","$v":"ஜூன்"},{"$i":"month-6-short","$v":"ஜூலை"},{"$i":"month-7-short","$v":"ஆகஸ்ட்"},{"$i":"month-8-short","$v":"செப்டம்பர்"},{"$i":"month-9-short","$v":"அக்டோபர்"},{"$i":"month-10-short","$v":"நவம்பர்"},{"$i":"month-11-short","$v":"டிசம்பர்"},{"$i":"minutes-ago-long","$v":{"zero":"இப்போது தான்","one":"ஒரு நிமிடம் முன்பாக","two":[{"t":"idOrVar","v":"value"}," நிமிடங்களுக்கு முன்பு"],"few":[{"t":"idOrVar","v":"value"}," நிமிடங்களுக்கு முன்பு"],"many":[{"t":"idOrVar","v":"value"}," நிமிடங்களுக்கு முன்பு"],"other":[{"t":"idOrVar","v":"value"}," நிமிடங்களுக்கு முன்பு"]},"$x":[{"t":"idOrVar","v":"plural"},"value"]},{"$i":"hours-ago-long","$v":{"zero":"இப்போது தான்","one":"ஒரு மணிநேரம் முன்பாக","two":[{"t":"idOrVar","v":"value"}," மணிநேரங்களுக்கு முன்பு"],"few":[{"t":"idOrVar","v":"value"}," மணிநேரங்களுக்கு முன்பு"],"many":[{"t":"idOrVar","v":"value"}," மணிநேரங்களுக்கு முன்பு"],"other":[{"t":"idOrVar","v":"value"}," மணிநேரங்களுக்கு முன்பு"]},"$x":[{"t":"idOrVar","v":"plural"},"value"]},{"$i":"days-ago-long","$v":{"zero":"இன்று","one":"நேற்று","two":[{"t":"idOrVar","v":"value"}," நாட்களுக்கு முன்பு"],"few":[{"t":"idOrVar","v":"value"}," நாட்களுக்கு முன்பு"],"many":[{"t":"idOrVar","v":"value"}," நாட்களுக்கு முன்பு"],"other":[{"t":"idOrVar","v":"value"}," நாட்களுக்கு முன்பு"]},"$x":[{"t":"idOrVar","v":"plural"},"value"]},{"$i":"weeks-ago-long","$v":{"zero":"இந்த வாரம்","one":"கடந்த வாரம்","two":[{"t":"idOrVar","v":"value"}," வாரங்களுக்கு முன்பு"],"few":[{"t":"idOrVar","v":"value"}," வாரங்களுக்கு முன்பு"],"many":[{"t":"idOrVar","v":"value"}," வாரங்களுக்கு முன்பு"],"other":[{"t":"idOrVar","v":"value"}," வாரங்களுக்கு முன்பு"]},"$x":[{"t":"idOrVar","v":"plural"},"value"]},{"$i":"months-ago-long","$v":{"zero":"இந்த மாதம்","one":"கடந்த மாதம்","two":[{"t":"idOrVar","v":"value"}," மாதங்களுக்கு முன்பு"],"few":[{"t":"idOrVar","v":"value"}," மாதங்களுக்கு முன்பு"],"many":[{"t":"idOrVar","v":"value"}," மாதங்களுக்கு முன்பு"],"other":[{"t":"idOrVar","v":"value"}," மாதங்களுக்கு முன்பு"]},"$x":[{"t":"idOrVar","v":"plural"},"value"]},{"$i":"years-ago-long","$v":{"zero":"இந்த வருடம்","one":"கடந்த வருடம்","two":[{"t":"idOrVar","v":"value"}," வருடங்களுக்கு முன்பு"],"few":[{"t":"idOrVar","v":"value"}," வருடங்களுக்கு முன்பு"],"many":[{"t":"idOrVar","v":"value"}," வருடங்களுக்கு முன்பு"],"other":[{"t":"idOrVar","v":"value"}," வருடங்களுக்கு முன்பு"]},"$x":[{"t":"idOrVar","v":"plural"},"value"]},{"$i":"minutes-until-long","$v":{"zero":"இப்போதே","one":"ஒரு நிமிடத்தில்","two":[{"t":"idOrVar","v":"value"}," நிமிடங்களில்"],"few":[{"t":"idOrVar","v":"value"}," நிமிடங்களில்"],"many":[{"t":"idOrVar","v":"value"}," நிமிடங்களில்"],"other":[{"t":"idOrVar","v":"value"}," நிமிடங்களில்"]},"$x":[{"t":"idOrVar","v":"plural"},"value"]},{"$i":"hours-until-long","$v":{"zero":"இப்போதே","one":"ஒரு மணிநேரத்தில்","two":[{"t":"idOrVar","v":"value"}," மணிநேரங்களில்"],"few":[{"t":"idOrVar","v":"value"}," மணிநேரங்களில்"],"many":[{"t":"idOrVar","v":"value"}," மணிநேரங்களில்"],"other":[{"t":"idOrVar","v":"value"}," மணிநேரங்களில்"]},"$x":[{"t":"idOrVar","v":"plural"},"value"]},{"$i":"days-until-long","$v":{"zero":"இன்று","one":"நாளை","two":[{"t":"idOrVar","v":"value"}," நாட்களில்"],"few":[{"t":"idOrVar","v":"value"}," நாட்களில்"],"many":[{"t":"idOrVar","v":"value"}," நாட்களில்"],"other":[{"t":"idOrVar","v":"value"}," நாட்களில்"]},"$x":[{"t":"idOrVar","v":"plural"},"value"]},{"$i":"weeks-until-long","$v":{"zero":"இந்த வாரம்","one":"அடுத்த வாரம்","two":[{"t":"idOrVar","v":"value"}," வாரங்களில்"],"few":[{"t":"idOrVar","v":"value"}," வாரங்களில்"],"many":[{"t":"idOrVar","v":"value"}," வாரங்களில்"],"other":[{"t":"idOrVar","v":"value"}," வாரங்களில்"]},"$x":[{"t":"idOrVar","v":"plural"},"value"]},{"$i":"months-until-long","$v":{"zero":"இந்த மாதம்","one":"அடுத்த மாதம்","two":[{"t":"idOrVar","v":"value"}," மாதங்களில்"],"few":[{"t":"idOrVar","v":"value"}," மாதங்களில்"],"many":[{"t":"idOrVar","v":"value"}," மாதங்களில்"],"other":[{"t":"idOrVar","v":"value"}," மாதங்களில்"]},"$x":[{"t":"idOrVar","v":"plural"},"value"]},{"$i":"years-until-long","$v":{"zero":"இந்த வருடம்","one":"அடுத்த ஆண்டு","two":[{"t":"idOrVar","v":"value"}," வருடங்களில்"],"few":[{"t":"idOrVar","v":"value"}," வருடங்களில்"],"many":[{"t":"idOrVar","v":"value"}," வருடங்களில்"],"other":[{"t":"idOrVar","v":"value"}," வருடங்களில்"]},"$x":[{"t":"idOrVar","v":"plural"},"value"]},{"$i":"minutes-ago-short","$v":{"zero":"இப்போது தான்","other":[{"t":"idOrVar","v":"value"},"நிமிடம் முன்பு"]},"$x":[{"t":"idOrVar","v":"plural"},"value"]},{"$i":"hours-ago-short","$v":{"zero":"இப்போது தான்","other":[{"t":"idOrVar","v":"value"},"மணிநேரம் முன்பு"]},"$x":[{"t":"idOrVar","v":"plural"},"value"]},{"$i":"days-ago-short","$v":{"zero":"இன்று","other":[{"t":"idOrVar","v":"value"},"நாள் முன்பு"]},"$x":[{"t":"idOrVar","v":"plural"},"value"]},{"$i":"minutes-until-short","$v":{"zero":"இப்போதே","other":[{"t":"idOrVar","v":"value"},"நிமிடத்தில்"]},"$x":[{"t":"idOrVar","v":"plural"},"value"]},{"$i":"hours-until-short","$v":{"zero":"இப்போதே","other":[{"t":"idOrVar","v":"value"},"மணிநேரத்தில்"]},"$x":[{"t":"idOrVar","v":"plural"},"value"]},{"$i":"days-until-short","$v":{"zero":"இன்று","other":[{"t":"idOrVar","v":"value"},"நாள் இல்"]},"$x":[{"t":"idOrVar","v":"plural"},"value"]},{"$i":"incorrectDate","$v":"(தவறான தேதி)"},{"$i":"dateTimeFormat_%c","$v":"%a %b %e %Y %I:%M:%S %p"},{"$i":"dateTimeFormat_%x","$v":"%m/%d/%Y"},{"$i":"dateTimeFormat_%X","$v":"%I:%M:%S %p"},{"$i":"shortTimeFormat","$v":"%I:%M %p"},{"$i":"shortTimeFormat12","$v":"%I:%M %p"},{"$i":"shortTimeFormat24","$v":"%H:%M"},{"$i":"shortDateTimeFormat","$v":"%x %I:%M %p"},{"$i":"weekStartsOnMonday","$v":"0"},{"$i":"firstDayOfTheWeek","$v":"0"},{"$i":"imageDescription","$v":[{"t":"idOrVar","v":"orientation"}," படம், %I:%M %p, %B %e, %Y"]},{"$i":"imageDescriptionNoTimestamp","$v":[{"t":"idOrVar","v":"orientation"}," படம்"]},{"$i":"videoDescription","$v":[{"t":"idOrVar","v":"orientation"}," வீடியோ, %I:%M %p, %B %e, %Y"]},{"$i":"videoDescriptionNoTimestamp","$v":[{"t":"idOrVar","v":"orientation"}," வீடியோ"]},{"$i":"orientationPortrait","$v":"போர்ட்ரேட்"},{"$i":"orientationLandscape","$v":"லேண்ட்ஸ்கேப்"},{"$i":"playbackPlay","ariaLabel":"இயக்கு"},{"$i":"playbackPause","ariaLabel":"இடைநிறுத்து"},{"$i":"playbackNext","ariaLabel":"அடுத்த"},{"$i":"playbackPrevious","ariaLabel":"முந்தையது"},{"$i":"playbackFullscreen","ariaLabel":"ஃபுல்ஸ்கிரீன்"},{"$i":"playbackSeekBar","ariaLabel":["சீக் பார், கால அளவு",{"t":"idOrVar","v":"duration"}]},{"$i":"softkey-options","$v":"விருப்பங்கள்"}]