[{"$i":"select","$v":"ఎంచుకోండి"},{"$i":"tcl-select","$v":"ఎంచుకోండి"},{"$i":"invalid-image","$v":"చెల్లని చిత్రం"},{"$i":"image-too-big","$v":"చిత్రం ఫైల్ సైజు గ్యాలరీలో చూపలేనంత పెద్దదిగా ఉంది"},{"$i":"tcl-selected-items-count","$v":[{"t":"idOrVar","v":"n"}," ఎంచుకోబడింది"]},{"$i":"delete-photo?","$v":"ఫోటోను తొలగించాలా?"},{"$i":"delete-video?","$v":"వీడియోను తొలగించాలా?"},{"$i":"delete-n-items?","$v":{"zero":"ఏదీ ఎంచుకోలేదు","one":"ఎంచుకున్న ఐటమ్‌ని తొలగించాలా?","two":[{"t":"idOrVar","v":"n"}," ఐటమ్స్ తొలగించాలా?"],"few":[{"t":"idOrVar","v":"n"}," ఐటమ్స్ తొలగించాలా?"],"many":[{"t":"idOrVar","v":"n"}," ఐటమ్స్ తొలగించాలా?"],"other":[{"t":"idOrVar","v":"n"}," ఐటమ్స్ తొలగించాలా?"]},"$x":[{"t":"idOrVar","v":"plural"},"n"]},{"$i":"tcl-contact-set-ok","$v":"పరిచయ చిత్రం జోడించబడింది"},{"$i":"tcl-contact-set-fail","$v":"పరిచయ చిత్రాన్ని సెట్ చేయడం విఫలమైంది"},{"$i":"tcl-exposure-done","$v":"ఎక్స్‌పోజర్ వర్తించబడింది"},{"$i":"tcl-rotation-done","$v":"చిత్రం రొటేట్ అయ్యింది"},{"$i":"tcl-crop-done","$v":"చిత్రం క్రాప్ చేయబడింది"},{"$i":"tcl-filters-done","$v":"ఫిల్టర్ వర్తించబడింది"},{"$i":"tcl-autocorrection-done","$v":"స్వయం సవరణ వర్తించబడింది"},{"$i":"tcl-changes-saved","$v":"మార్పులు సేవ్ చేయబడ్డాయి"},{"$i":"wallpaper-set","$v":"వాల్‌పేపర్ సెట్ చేయి"},{"$i":"tcl-single-image-locked","$v":"ఎంచుకున్న చిత్రం లాక్ అయ్యింది"},{"$i":"tcl-single-image-unlocked","$v":"ఎంచుకున్న చిత్రం అన్‌లాక్ చేయబడింది"},{"$i":"tcl-single-image-deleted","$v":"ఫోటో తొలగించబడింది."},{"$i":"tcl-multiple-images-locked","$v":{"zero":"చిత్రం లాక్ కాలేదు","one":[{"t":"idOrVar","v":"n"}," చిత్రం లాక్ చేయబడింది"],"other":[{"t":"idOrVar","v":"n"}," చిత్రాలు లాక్ చేయబడ్డాయి"]},"$x":[{"t":"idOrVar","v":"plural"},"n"]},{"$i":"tcl-multiple-images-unlocked","$v":{"zero":"చిత్రం లాక్ కాలేదు","one":[{"t":"idOrVar","v":"n"}," చిత్రం అన్‌లాక్ చేయబడింది"],"other":[{"t":"idOrVar","v":"n"}," చిత్రాలు అన్‌లాక్ చేయబడ్డాయి"]},"$x":[{"t":"idOrVar","v":"plural"},"n"]},{"$i":"tcl-deleted-n-photos","$v":{"zero":"చిత్రం తొలిగించలేదు","one":[{"t":"idOrVar","v":"n"}," చిత్రం తొలగించబడింది"],"other":[{"t":"idOrVar","v":"n"}," చిత్రాలు తొలగించబడ్డాయి"]},"$x":[{"t":"idOrVar","v":"plural"},"n"]},{"$i":"tcl-undo","$v":"అన్‌డూ చేయి"},{"$i":"pickoneimage2","$v":"ఎంచుకోండి"},{"$i":"cropimage","$v":"క్రాప్"},{"$i":"tcl-no","$v":"లేదు"},{"$i":"tcl-on","$v":"ఆన్"},{"$i":"tcl-off","$v":"ఆఫ్"},{"$i":"tcl-return","$v":"వెనక్కి వెళ్లు"},{"$i":"cancel","$v":"రద్దు చేయి"},{"$i":"delete","$v":"తొలగించు"},{"$i":"ok","$v":"సరే"},{"$i":"edit","$v":"సవరించు"},{"$i":"save","$v":"సేవ్ చేయి"},{"$i":"done","$v":"పూర్తయింది"},{"$i":"exposure","$v":"ఎక్స్‌పోజర్"},{"$i":"crop","$v":"క్రాప్"},{"$i":"effects","$v":"ప్రభావాలు"},{"$i":"borders","$v":"బార్డర్"},{"$i":"enhance-on","$v":"స్వయం మెరుగుదల ఆన్‌లో ఉంది"},{"$i":"enhance-off","$v":"స్వయం- మెరుగుదల ఆఫ్‌లో ఉంది"},{"$i":"tcl-exit","$v":"నిష్క్రమించండి"},{"$i":"tcl-set","$v":"సెట్ చేయి"},{"$i":"tcl-takephoto","$v":"ఫోటో తీయు"},{"$i":"tcl-options","$v":"ఎంపికలు"},{"$i":"tcl-select-all","$v":"అన్నీ ఎంచుకోండి"},{"$i":"tcl-deselect-all","$v":"అన్నీ ఎంపికలను తీసివేయి"},{"$i":"tcl-lock","$v":"లాక్ చేయి"},{"$i":"tcl-unlock","$v":"అన్‌లాక్ చేయండి"},{"$i":"tcl-rename","$v":"పేరు మార్చు"},{"$i":"tcl-rotate","$v":"తిప్పుము"},{"$i":"tcl-share","$v":"పంచుకోండి"},{"$i":"tcl-settings","$v":"సెట్టింగ్స్"},{"$i":"tcl-set-as","$v":"ఇలా సెట్ చేయి"},{"$i":"tcl-wallpaper","$v":"వాల్‌పేపర్"},{"$i":"tcl-existing-contact-image","$v":"ఇప్పటికే ఉన్న పరిచయం కోసం చిత్రం"},{"$i":"tcl-zoom","$v":"జూమ్"},{"$i":"tcl-zoom-in","$v":"జూమ్ చేయి"},{"$i":"tcl-zoom-out","$v":"జూమ్ తీసేయి"},{"$i":"tcl-file-info","$v":"ఫైల్ సమాచారం"},{"$i":"tcl-select-multiple","$v":"అనేకవాటిని ఎంచుకోండి"},{"$i":"tcl-invalid-name","$v":"చెల్లని పేరు"},{"$i":"tcl-name-already-exists","$v":"ఈ పేరు ఇప్పటికే ఉనికిలో ఉంది"},{"$i":"tcl-override-warning-msg","$v":"మీరు ఇప్పటికే ఉన్న చిత్రాన్ని ఓవర్‌రైడ్ చేయాలనుకుంటున్నారా?"},{"$i":"tcl-override","$v":"ఓవర్‌రైడ్ చేయి"},{"$i":"tcl-edit-title","$v":"చిత్రాన్ని సవరించు"},{"$i":"tcl-edit-exposure","$v":"ఎక్స్‌పోజర్"},{"$i":"tcl-edit-crop","$v":"క్రాప్"},{"$i":"tcl-edit-rotate","$v":"తిప్పుము"},{"$i":"tcl-edit-filters","$v":"ఫిల్టర్స్"},{"$i":"tcl-edit-auto-correct","$v":"స్వయం-సవరణ"},{"$i":"edit-exposure","ariaLabel":"ఎక్స్‌పోజర్"},{"$i":"edit-crop","ariaLabel":"క్రాప్"},{"$i":"edit-rotate","ariaLabel":"తిప్పుము"},{"$i":"edit-filters","ariaLabel":"ఫిల్టర్స్"},{"$i":"edit-auto-correct","ariaLabel":"స్వయం-సవరణ"},{"$i":"tcl-crop-none","$v":"క్రాప్పింగ్ అన్‌డూ చేయి"},{"$i":"tcl-crop-aspect-free","$v":"డీఫాల్ట్"},{"$i":"tcl-crop-aspect-portrait","$v":"2:3"},{"$i":"tcl-crop-aspect-landscape","$v":"3:2"},{"$i":"tcl-crop-aspect-square","$v":"1:1"},{"$i":"crop-none","ariaLabel":"క్రాప్పింగ్ అన్‌డూ చేయి"},{"$i":"crop-aspect-free","ariaLabel":"డీఫాల్ట్"},{"$i":"crop-aspect-portrait","ariaLabel":"2:3"},{"$i":"crop-aspect-landscape","ariaLabel":"3:2"},{"$i":"crop-aspect-square","ariaLabel":"1:1"},{"$i":"tcl-edit-filters-none","$v":"ఫిల్టర్ 1"},{"$i":"tcl-edit-filters-bw","$v":"ఫిల్టర్ 2"},{"$i":"tcl-edit-filters-sepia","$v":"ఫిల్టర్ 3"},{"$i":"tcl-edit-filters-bluesteel","$v":"ఫిల్టర్ 4"},{"$i":"tcl-edit-filters-faded","$v":"ఫిల్టర్ 5"},{"$i":"edit-filters-none","ariaLabel":"ఫిల్టర్ 1"},{"$i":"edit-filters-bw","ariaLabel":"ఫిల్టర్ 2"},{"$i":"edit-filters-sepia","ariaLabel":"ఫిల్టర్ 3"},{"$i":"edit-filters-bluesteel","ariaLabel":"ఫిల్టర్ 4"},{"$i":"edit-filters-faded","ariaLabel":"ఫిల్టర్ 5"},{"$i":"tcl-rotate-cw","$v":"CW"},{"$i":"tcl-rotate-ccw","$v":"CCW"},{"$i":"original","$v":"ఒరిజనల్"},{"$i":"blackandwhite","$v":{"$o":"B&W"}},{"$i":"sepia","$v":"సేపియా"},{"$i":"freeform","$v":"ఫ్రీఫారమ్"},{"$i":"portrait","$v":"పోర్ట్‌రైట్"},{"$i":"landscape","$v":"ల్యాండ్‌స్కేప్"},{"$i":"square","$v":"స్క్వేర్"},{"$i":"emptygallery2-title","$v":"ఫోటోలు లేదా వీడియోలు లేవు"},{"$i":"emptygallery2-text","$v":"గ్యాలరీ ఖాళీగా ఉంది. ఫోటోలు క్లిక్ చేయడానికి కెమెరాను ఉపయోగించండి"},{"$i":"emptygallery2-title-pick","$v":"ఫోటోలు లేవు"},{"$i":"emptygallery-text-pick","$v":"ఫోటోలు అందుబాటులో లేవు."},{"$i":"nocard3-title","$v":"మెమరీ కార్డ్ లేదు"},{"$i":"nocard4-text","$v":"ఈ యాప్‌ను ఉపయోగించడానికి మెమరీ కార్డ్‌ను పెట్టండి."},{"$i":"pluggedin2-title","$v":"ఉపయోగంలో ఉన్న మెమరీ కార్డ్"},{"$i":"pluggedin2-text","$v":"స్టోరేజ్ ఉపయోగంలో ఉంది. దయచేసి ఈ యాప్‌ను ఉపయోగించడానికి ఫోన్‌ను అన్‌ప్లగ్ చేయండి."},{"$i":"scanning-title","$v":"స్కానింగ్"},{"$i":"tcl-scanning-text","$v":"ఫోటోల కోసం వెతుకుతుంది"},{"$i":"scanning-text","$v":"ఫోటోల కోసం స్కాన్ చేస్తోంది..."},{"$i":"upgrade-title","$v":"డేటాబేస్ అప్‌గ్రేడ్"},{"$i":"upgrade-text","$v":"గ్యాలరీ డేటాబేస్‌ని అప్‌డేట్ చేస్తున్నప్పుడు దయచేసి వేచి ఉండండి."},{"$i":"share-noprovider","$v":"ఈ చిత్రం ఫైల్ రకాన్ని పంచుకోలేరు."},{"$i":"memorycardfull","$v":"స్టోరేజ్ నిండింది. ఫోటోలు సవరించలేరు."},{"$i":"imagetoobig","$v":"చిత్రం ఈ పరికరంలో చూపలేనంత పెద్దదిగా ఉంది."},{"$i":"imageinvalid","$v":"చిత్రం చెల్లదు లేదా పాడైంది మరియు చూపబడదు."},{"$i":"saved","$v":[{"t":"idOrVar","v":"filename"}," గ్యాలరీకి సేవ్ చేయబడింది"]},{"$i":"edit-copy-saved","$v":"కొత్త కాపీ సేవ్ చేయబడింది."},{"$i":"overlay-camera-button","$v":"కెమెరాకు వెళ్లు"},{"$i":"name-label","$v":"పేరు"},{"$i":"size-label","$v":"సైజు"},{"$i":"image-type-label","$v":"చిత్రం రకం"},{"$i":"tcl-date-and-time-label","$v":"తేదీ మరియు సమయం"},{"$i":"date-taken-label","$v":"తీసుకున్న తేదీ"},{"$i":"resolution-label","$v":"రిజల్యూషన్"},{"$i":"close-button","$v":"మూసివేయి"},{"$i":"byteUnit-B","$v":"బైట్స్"},{"$i":"byteUnit-KB","$v":"KB"},{"$i":"byteUnit-MB","$v":"MB"},{"$i":"byteUnit-GB","$v":"GB"},{"$i":"gallery","$v":"గ్యాలరీ"},{"$i":"preview","$v":"ప్రివ్యూ"},{"$i":"tcl-confirmation","$v":"నిర్ధారణ"},{"$i":"tcl-delete-this-image","$v":"ఈ ఫోటోను తొలగించాలా?"},{"$i":"tcl-delete-selected-image","$v":"ఎంచుకున్న ఫోటోను తొలగించాలా?"},{"$i":"tcl-delete-selected-images","$v":"ఎంచుకున్న ఫోటోలను తొలగించాలా?"},{"$i":"tcl-delete-photos","$v":{"one":["మీరు ",{"t":"idOrVar","v":"n"}," ఎంచుకున్న ఫోటోను తొలగించాలనుకుంటున్నారా?"],"other":["మీరు ",{"t":"idOrVar","v":"n"}," ఎంచుకున్న ఫోటోలను తొలగించాలనుకుంటున్నారా?"]},"$x":[{"t":"idOrVar","v":"plural"},"n"]},{"$i":"tcl-lost-warning","$v":"అన్ని మార్పులను కోల్పోతారు."},{"$i":"tcl-save-changes?","$v":"మీరు మార్పులను సేవ్ చేయాలనుకుంటున్నారా?"},{"$i":"tcl-close-warning","$v":"డేటా నష్టం వలన యాప్ మూసివేయబడుతుంది."},{"$i":"tcl-back-to-editing?","$v":"మీరు సవరించడానికి తిరిగి వెళ్లాలనుకుంటున్నారా?"},{"$i":"tcl-gallery-settings","$v":"గ్యాలరీ సెట్టింగ్స్"},{"$i":"tcl-sort-by","$v":"దీని ద్వారా క్రమబద్ధీకరణ"},{"$i":"tcl-group-by-date-and-location","$v":"తేదీ వారీగా సమూహపరుచు"},{"$i":"tcl-error","$v":"లోపం"},{"$i":"tcl-error-delete-locked-image","$v":"ఎంచుకున్న చిత్రం లాక్ చేయబడింది మరియు తొలగించడం సాధ్యపడలేదు!"},{"$i":"tcl-error-delete-locked-images","$v":"ఎంచుకున్న చిత్రాలలో లాక్ చేయబడిన చిత్రం(లు) ఉన్నాయి మరియు తొలగించడం సాధ్యపడలేదు!"},{"$i":"tcl-enter-new-name","$v":"కొత్త పేరుని నమోదు చేయి"},{"$i":"sort-and-group","$v":"క్రమబద్ధీకరించి మరియు సమూహం చేయి"},{"$i":"tcl-orientationLandscape","$v":"ల్యాండ్‌స్కేప్"},{"$i":"tcl-videoDescriptionNoTimestamp","$v":[{"t":"idOrVar","v":"orientation"}," వీడియో"]},{"$i":"tcl-orientationPortrait","$v":"పోర్ట్‌రైట్"},{"$i":"tcl-imageDescription","$v":[{"t":"idOrVar","v":"orientation"}," చిత్రం, %I:%M %p, %B %e, %Y"]},{"$i":"time_am","$v":"AM"},{"$i":"time_pm","$v":"PM"},{"$i":"date-group-header","$v":"%B %Y"},{"$i":"videoDescriptionShort","$v":"వీడియో తేదీ %I:%M %p, %B %e, %Y"},{"$i":"imageDescriptionShort","$v":"చిత్రం తీయబడిన తేదీ %I:%M %p, %B %e, %Y"},{"$i":"editImagePreview","ariaLabel":"చిత్ర పరిదృశ్యాన్ని సవరించు"},{"$i":"tcl-pickoneimage","$v":"ఫోటోని ఎంచుకోండి"},{"$i":"discard-changes-warning","$v":"అన్ని మార్పులను కోల్పోతారు. మీరు మార్పులను తీసివేయాలనుకుంటున్నారా?"},{"$i":"save-changes-warning","$v":"అన్ని మార్పులను కోల్పోతారు. మీరు మార్పులను సేవ్ చేయాలనుకుంటున్నారా?"},{"$i":"discard","$v":"విస్మరించు"},{"$i":"weekday-0-long","$v":"ఆదివారం"},{"$i":"weekday-1-long","$v":"సోమవారం"},{"$i":"weekday-2-long","$v":"మంగళవారం"},{"$i":"weekday-3-long","$v":"బుధవారం"},{"$i":"weekday-4-long","$v":"గురువారం"},{"$i":"weekday-5-long","$v":"శుక్రవారం"},{"$i":"weekday-6-long","$v":"శనివారం"},{"$i":"weekday-0-short","$v":"ఆది"},{"$i":"weekday-1-short","$v":"సోమ"},{"$i":"weekday-2-short","$v":"మంగళ"},{"$i":"weekday-3-short","$v":"బుధ"},{"$i":"weekday-4-short","$v":"గురు"},{"$i":"weekday-5-short","$v":"శుక్ర"},{"$i":"weekday-6-short","$v":"శని"},{"$i":"month-0-long","$v":"జనవరి"},{"$i":"month-1-long","$v":"ఫిబ్రవరి"},{"$i":"month-2-long","$v":"మార్చి"},{"$i":"month-3-long","$v":"ఏప్రిల్"},{"$i":"month-4-long","$v":"మే"},{"$i":"month-5-long","$v":"జూన్"},{"$i":"month-6-long","$v":"జూలై"},{"$i":"month-7-long","$v":"ఆగష్టు"},{"$i":"month-8-long","$v":"సెప్టెంబరు"},{"$i":"month-9-long","$v":"అక్టోబర్"},{"$i":"month-10-long","$v":"నవంబర్"},{"$i":"month-11-long","$v":"డిసెంబర్"},{"$i":"month-0-genitive","$v":"జనవరి"},{"$i":"month-1-genitive","$v":"ఫిబ్రవరి"},{"$i":"month-2-genitive","$v":"మార్చి"},{"$i":"month-3-genitive","$v":"ఏప్రిల్"},{"$i":"month-4-genitive","$v":"మే"},{"$i":"month-5-genitive","$v":"జూన్"},{"$i":"month-6-genitive","$v":"జూలై"},{"$i":"month-7-genitive","$v":"ఆగష్టు"},{"$i":"month-8-genitive","$v":"సెప్టెంబరు"},{"$i":"month-9-genitive","$v":"అక్టోబర్"},{"$i":"month-10-genitive","$v":"నవంబర్"},{"$i":"month-11-genitive","$v":"డిసెంబర్"},{"$i":"month-0-short","$v":"జనవరి"},{"$i":"month-1-short","$v":"ఫిబ్రవరి"},{"$i":"month-2-short","$v":"మార్చి"},{"$i":"month-3-short","$v":"ఏప్రిల్"},{"$i":"month-4-short","$v":"మే"},{"$i":"month-5-short","$v":"జూన్"},{"$i":"month-6-short","$v":"జూలై"},{"$i":"month-7-short","$v":"ఆగష్టు"},{"$i":"month-8-short","$v":"సెప్టెంబరు"},{"$i":"month-9-short","$v":"అక్టోబర్"},{"$i":"month-10-short","$v":"నవంబర్"},{"$i":"month-11-short","$v":"డిసెంబర్"},{"$i":"minutes-ago-long","$v":{"zero":"ఇప్పుడే","one":"నిమిషం క్రితం","two":[{"t":"idOrVar","v":"value"}," నిమిషాల క్రితం"],"few":[{"t":"idOrVar","v":"value"}," నిమిషాల క్రితం"],"many":[{"t":"idOrVar","v":"value"}," నిమిషాల క్రితం"],"other":[{"t":"idOrVar","v":"value"}," నిమిషాల క్రితం"]},"$x":[{"t":"idOrVar","v":"plural"},"value"]},{"$i":"hours-ago-long","$v":{"zero":"ఇప్పుడే","one":"గంట క్రితం","two":[{"t":"idOrVar","v":"value"}," గంటల క్రితం"],"few":[{"t":"idOrVar","v":"value"}," గంటల క్రితం"],"many":[{"t":"idOrVar","v":"value"}," గంటల క్రితం"],"other":[{"t":"idOrVar","v":"value"}," గంటల క్రితం"]},"$x":[{"t":"idOrVar","v":"plural"},"value"]},{"$i":"days-ago-long","$v":{"zero":"ఈరోజు","one":"నిన్న","two":[{"t":"idOrVar","v":"value"}," రోజుల క్రితం"],"few":[{"t":"idOrVar","v":"value"}," రోజుల క్రితం"],"many":[{"t":"idOrVar","v":"value"}," రోజుల క్రితం"],"other":[{"t":"idOrVar","v":"value"}," రోజుల క్రితం"]},"$x":[{"t":"idOrVar","v":"plural"},"value"]},{"$i":"weeks-ago-long","$v":{"zero":"ఈ వారం","one":"గత వారం","two":[{"t":"idOrVar","v":"value"}," వారాల క్రితం"],"few":[{"t":"idOrVar","v":"value"}," వారాల క్రితం"],"many":[{"t":"idOrVar","v":"value"}," వారాల క్రితం"],"other":[{"t":"idOrVar","v":"value"}," వారాల క్రితం"]},"$x":[{"t":"idOrVar","v":"plural"},"value"]},{"$i":"months-ago-long","$v":{"zero":"ఈ నెల","one":"గత నెల","two":[{"t":"idOrVar","v":"value"}," నెలల క్రితం"],"few":[{"t":"idOrVar","v":"value"}," నెలల క్రితం"],"many":[{"t":"idOrVar","v":"value"}," నెలల క్రితం"],"other":[{"t":"idOrVar","v":"value"}," నెలల క్రితం"]},"$x":[{"t":"idOrVar","v":"plural"},"value"]},{"$i":"years-ago-long","$v":{"zero":"ఈ సంవత్సరం","one":"గత సంవత్సరం","two":[{"t":"idOrVar","v":"value"}," సంవత్సరాల క్రితం"],"few":[{"t":"idOrVar","v":"value"}," సంవత్సరాల క్రితం"],"many":[{"t":"idOrVar","v":"value"}," సంవత్సరాల క్రితం"],"other":[{"t":"idOrVar","v":"value"}," సంవత్సరాల క్రితం"]},"$x":[{"t":"idOrVar","v":"plural"},"value"]},{"$i":"minutes-until-long","$v":{"zero":"ఇప్పుడు","one":"నిమిషంలో","two":[{"t":"idOrVar","v":"value"}," నిమిషాల్లో"],"few":[{"t":"idOrVar","v":"value"}," నిమిషాల్లో"],"many":[{"t":"idOrVar","v":"value"}," నిమిషాల్లో"],"other":[{"t":"idOrVar","v":"value"}," నిమిషాల్లో"]},"$x":[{"t":"idOrVar","v":"plural"},"value"]},{"$i":"hours-until-long","$v":{"zero":"ఇప్పుడు","one":"గంటలో","two":[{"t":"idOrVar","v":"value"}," గంటల్లో"],"few":[{"t":"idOrVar","v":"value"}," గంటల్లో"],"many":[{"t":"idOrVar","v":"value"}," గంటల్లో"],"other":[{"t":"idOrVar","v":"value"}," గంటల్లో"]},"$x":[{"t":"idOrVar","v":"plural"},"value"]},{"$i":"days-until-long","$v":{"zero":"ఈరోజు","one":"రేపు","two":[{"t":"idOrVar","v":"value"}," రోజుల్లో"],"few":[{"t":"idOrVar","v":"value"}," రోజుల్లో"],"many":[{"t":"idOrVar","v":"value"}," రోజుల్లో"],"other":[{"t":"idOrVar","v":"value"}," రోజుల్లో"]},"$x":[{"t":"idOrVar","v":"plural"},"value"]},{"$i":"weeks-until-long","$v":{"zero":"ఈ వారం","one":"తదుపరి వారం","two":[{"t":"idOrVar","v":"value"}," వారాల్లో"],"few":[{"t":"idOrVar","v":"value"}," వారాల్లో"],"many":[{"t":"idOrVar","v":"value"}," వారాల్లో"],"other":[{"t":"idOrVar","v":"value"}," వారాల్లో"]},"$x":[{"t":"idOrVar","v":"plural"},"value"]},{"$i":"months-until-long","$v":{"zero":"ఈ నెల","one":"తదుపరి నెల","two":[{"t":"idOrVar","v":"value"}," నెలల్లో"],"few":[{"t":"idOrVar","v":"value"}," నెలల్లో"],"many":[{"t":"idOrVar","v":"value"}," నెలల్లో"],"other":[{"t":"idOrVar","v":"value"}," నెలల్లో"]},"$x":[{"t":"idOrVar","v":"plural"},"value"]},{"$i":"years-until-long","$v":{"zero":"ఈ సంవత్సరం","one":"తదుపరి సంవత్సరం","two":"{value}} సంవత్సరాల్లో","few":"{value}} సంవత్సరాల్లో","many":"{value}} సంవత్సరాల్లో","other":"{value}} సంవత్సరాల్లో"},"$x":[{"t":"idOrVar","v":"plural"},"value"]},{"$i":"minutes-ago-short","$v":{"zero":"ఇప్పుడే","other":[{"t":"idOrVar","v":"value"},"నిమిషం క్రితం"]},"$x":[{"t":"idOrVar","v":"plural"},"value"]},{"$i":"hours-ago-short","$v":{"zero":"ఇప్పుడే","other":[{"t":"idOrVar","v":"value"},"గంట క్రితం"]},"$x":[{"t":"idOrVar","v":"plural"},"value"]},{"$i":"days-ago-short","$v":{"zero":"ఈరోజు","other":[{"t":"idOrVar","v":"value"},"రోజు క్రితం"]},"$x":[{"t":"idOrVar","v":"plural"},"value"]},{"$i":"minutes-until-short","$v":{"zero":"ఇప్పుడు","other":[{"t":"idOrVar","v":"value"},"నిమిషాల్లో"]},"$x":[{"t":"idOrVar","v":"plural"},"value"]},{"$i":"hours-until-short","$v":{"zero":"ఇప్పుడు","other":[{"t":"idOrVar","v":"value"},"గంటలో"]},"$x":[{"t":"idOrVar","v":"plural"},"value"]},{"$i":"days-until-short","$v":{"zero":"ఈరోజు","other":[{"t":"idOrVar","v":"value"},"తేదీలో"]},"$x":[{"t":"idOrVar","v":"plural"},"value"]},{"$i":"incorrectDate","$v":"(తప్పుగా ఉన్న తేదీ)"},{"$i":"dateTimeFormat_%c","$v":"%a %b %e %Y %I:%M:%S %p"},{"$i":"dateTimeFormat_%x","$v":"%m/%d/%Y"},{"$i":"dateTimeFormat_%X","$v":"%I:%M:%S %p"},{"$i":"shortTimeFormat","$v":"%I:%M %p"},{"$i":"shortTimeFormat12","$v":"%I:%M %p"},{"$i":"shortTimeFormat24","$v":"%H:%M"},{"$i":"shortDateTimeFormat","$v":"%x %I:%M %p"},{"$i":"weekStartsOnMonday","$v":"0"},{"$i":"firstDayOfTheWeek","$v":"0"},{"$i":"imageDescription","$v":[{"t":"idOrVar","v":"orientation"}," చిత్రం, %I:%M %p, %B %e, %Y"]},{"$i":"imageDescriptionNoTimestamp","$v":[{"t":"idOrVar","v":"orientation"}," చిత్రం"]},{"$i":"videoDescription","$v":[{"t":"idOrVar","v":"orientation"}," వీడియో, %I:%M %p, %B %e, %Y"]},{"$i":"videoDescriptionNoTimestamp","$v":[{"t":"idOrVar","v":"orientation"}," వీడియో"]},{"$i":"orientationPortrait","$v":"పోర్ట్‌రైట్"},{"$i":"orientationLandscape","$v":"ల్యాండ్‌స్కేప్"},{"$i":"playbackPlay","ariaLabel":"ప్లే చేయి"},{"$i":"playbackPause","ariaLabel":"పాజ్ చేయి"},{"$i":"playbackNext","ariaLabel":"తదుపరి"},{"$i":"playbackPrevious","ariaLabel":"మునుపటి"},{"$i":"playbackFullscreen","ariaLabel":"పూర్తి స్క్రీన్"},{"$i":"playbackSeekBar","ariaLabel":["బార్‌ను వెతుకు, వ్యవధి ",{"t":"idOrVar","v":"duration"}]},{"$i":"softkey-options","$v":"ఎంపికలు"}]