[{"$i":"select","$v":"सायख'"},{"$i":"tcl-select","$v":"सायख'"},{"$i":"invalid-image","$v":"खान्थि गैयै सावगारि"},{"$i":"image-too-big","$v":"गेलारियाव दिन्थिनो सावगारि फाइलनि महरा जोबोर गेदेर"},{"$i":"tcl-selected-items-count","$v":[{"t":"idOrVar","v":"n"}," सायखजाबाय"]},{"$i":"delete-photo?","$v":"फट खोमोर ?"},{"$i":"delete-video?","$v":"भिडियखौ खोमोर ?"},{"$i":"delete-n-items?","$v":{"zero":"सायखनाङा","one":"सायख'जानाय आइटेमफोरखौ खोमोर ?","two":[{"t":"idOrVar","v":"n"}," आइटेमखौ खोमोर ?"],"few":[{"t":"idOrVar","v":"n"}," आइटेमखौ खोमोर ?"],"many":[{"t":"idOrVar","v":"n"}," आइटेमखौ खोमोर ?"],"other":[{"t":"idOrVar","v":"n"}," आइटेमखौ खोमोर ?"]},"$x":[{"t":"idOrVar","v":"plural"},"n"]},{"$i":"tcl-contact-set-ok","$v":"कनटेक्ट फट दाजाबबाय"},{"$i":"tcl-contact-set-fail","$v":"जगाजगनि सावगारिखौ दानो नाजानाया फेलें जाबाय"},{"$i":"tcl-exposure-done","$v":"एक्सपजार बाहायबाय"},{"$i":"tcl-rotation-done","$v":"इमेज फिदिंनाय"},{"$i":"tcl-crop-done","$v":"सावगारि क्रप खालामनाय"},{"$i":"tcl-filters-done","$v":"फिलटार बाहायजाबाय"},{"$i":"tcl-autocorrection-done","$v":"अट-कारेकसन बाहायबाय"},{"$i":"tcl-changes-saved","$v":"सोलायनायखौ सेभ खालामबाय"},{"$i":"wallpaper-set","$v":"वालपेपारा सेट जाबाय"},{"$i":"tcl-single-image-locked","$v":"इमेज लक सायख'"},{"$i":"tcl-single-image-unlocked","$v":"इमेज आनलक सायख'"},{"$i":"tcl-single-image-deleted","$v":"सावगारि दान्नाय।"},{"$i":"tcl-multiple-images-locked","$v":{"zero":"इमेज लक जायाखै","one":[{"t":"idOrVar","v":"n"}," इमेजा मारिथेजाबाय"],"other":[{"t":"idOrVar","v":"n"}," इमेजफोरा मारिथेजाबाय"]},"$x":[{"t":"idOrVar","v":"plural"},"n"]},{"$i":"tcl-multiple-images-unlocked","$v":{"zero":"इमेज लक जायाखै","one":[{"t":"idOrVar","v":"n"}," इमेज मारिथेनाया खुलिबाय"],"other":[{"t":"idOrVar","v":"n"}," इमेजफोर मारिथेनाया खुलिबाय"]},"$x":[{"t":"idOrVar","v":"plural"},"n"]},{"$i":"tcl-deleted-n-photos","$v":{"zero":"इमेजा डिलिट जायाखै","one":[{"t":"idOrVar","v":"n"}," इमेजा दानगारजाबाय"],"other":[{"t":"idOrVar","v":"n"}," इमेजफोरा दानगारजाबाय"]},"$x":[{"t":"idOrVar","v":"plural"},"n"]},{"$i":"tcl-undo","$v":"आन्डु खालाम"},{"$i":"pickoneimage2","$v":"सायख'"},{"$i":"cropimage","$v":"क्रप"},{"$i":"tcl-no","$v":"ओहो"},{"$i":"tcl-on","$v":"अन"},{"$i":"tcl-off","$v":"अफ खालाम"},{"$i":"tcl-return","$v":"थांफिन"},{"$i":"cancel","$v":"दान"},{"$i":"delete","$v":"दान"},{"$i":"ok","$v":"जागोन"},{"$i":"edit","$v":"इडिट खालाम"},{"$i":"save","$v":"चेब खालाम"},{"$i":"done","$v":"मावफुंबाय"},{"$i":"exposure","$v":"दिन्थिनाय"},{"$i":"crop","$v":"क्रप"},{"$i":"effects","$v":"इफेक्ट"},{"$i":"borders","$v":"बरडारस"},{"$i":"enhance-on","$v":"अट-इनहेन्स खुला"},{"$i":"enhance-off","$v":"अट-इनहेन्स बन्द"},{"$i":"tcl-exit","$v":"इकजिथ खालाम"},{"$i":"tcl-set","$v":"सेट"},{"$i":"tcl-takephoto","$v":"फट’ ला"},{"$i":"tcl-options","$v":"राहाफोर"},{"$i":"tcl-select-all","$v":"गासैखौबो सायख'"},{"$i":"tcl-deselect-all","$v":"गासैखौबो सायख'नाङा"},{"$i":"tcl-lock","$v":"बन्द’"},{"$i":"tcl-unlock","$v":"आनलक खालाम"},{"$i":"tcl-rename","$v":"मुं लिरफिन"},{"$i":"tcl-rotate","$v":"फिदिं"},{"$i":"tcl-share","$v":"चेयार खालाम"},{"$i":"tcl-settings","$v":"चेटिंफोर"},{"$i":"tcl-set-as","$v":"बायदियै सेत खालाम"},{"$i":"tcl-wallpaper","$v":"अवालफेफार"},{"$i":"tcl-existing-contact-image","$v":"थाखानाय जगाजगनि सावगारि"},{"$i":"tcl-zoom","$v":"जुम"},{"$i":"tcl-zoom-in","$v":"जुम खालामनाय"},{"$i":"tcl-zoom-out","$v":"जुम बोखारनाय"},{"$i":"tcl-file-info","$v":"फाइल इनफ"},{"$i":"tcl-select-multiple","$v":"गोबां सायख'"},{"$i":"tcl-invalid-name","$v":"खान्थि गैयै मुं"},{"$i":"tcl-name-already-exists","$v":"बे मुङा दखायो"},{"$i":"tcl-override-warning-msg","$v":"नोंथाङा थाखानाय इमेजनि सायाव लिरदेरनो लुबैयो नामा ?"},{"$i":"tcl-override","$v":"नेवसि"},{"$i":"tcl-edit-title","$v":"सावगारिखौ इडिट खालाम"},{"$i":"tcl-edit-exposure","$v":"दिन्थिनाय"},{"$i":"tcl-edit-crop","$v":"क्रप"},{"$i":"tcl-edit-rotate","$v":"फिदिं"},{"$i":"tcl-edit-filters","$v":"फिल्टार"},{"$i":"tcl-edit-auto-correct","$v":"अट-कारेकसन"},{"$i":"edit-exposure","ariaLabel":"दिन्थिनाय"},{"$i":"edit-crop","ariaLabel":"क्रप"},{"$i":"edit-rotate","ariaLabel":"फिदिं"},{"$i":"edit-filters","ariaLabel":"फिल्टार"},{"$i":"edit-auto-correct","ariaLabel":"अट-कारेकसन"},{"$i":"tcl-crop-none","$v":"बोख्रबनायखौ खालामि"},{"$i":"tcl-crop-aspect-free","$v":"डिफाउल्ट"},{"$i":"tcl-crop-aspect-portrait","$v":"2:3"},{"$i":"tcl-crop-aspect-landscape","$v":"3:2"},{"$i":"tcl-crop-aspect-square","$v":"1:1"},{"$i":"crop-none","ariaLabel":"बोख्रबनायखौ खालामि"},{"$i":"crop-aspect-free","ariaLabel":"डिफाउल्ट"},{"$i":"crop-aspect-portrait","ariaLabel":"2:3"},{"$i":"crop-aspect-landscape","ariaLabel":"3:2"},{"$i":"crop-aspect-square","ariaLabel":"1:1"},{"$i":"tcl-edit-filters-none","$v":"फिलटार 1"},{"$i":"tcl-edit-filters-bw","$v":"फिलटार 2"},{"$i":"tcl-edit-filters-sepia","$v":"फिलटार 3"},{"$i":"tcl-edit-filters-bluesteel","$v":"फिलटार 4"},{"$i":"tcl-edit-filters-faded","$v":"फिलटार 5"},{"$i":"edit-filters-none","ariaLabel":"फिलटार 1"},{"$i":"edit-filters-bw","ariaLabel":"फिलटार 2"},{"$i":"edit-filters-sepia","ariaLabel":"फिलटार 3"},{"$i":"edit-filters-bluesteel","ariaLabel":"फिलटार 4"},{"$i":"edit-filters-faded","ariaLabel":"फिलटार 5"},{"$i":"tcl-rotate-cw","$v":"CW"},{"$i":"tcl-rotate-ccw","$v":"CCW"},{"$i":"original","$v":"गुबैथि"},{"$i":"blackandwhite","$v":{"$o":"B&W"}},{"$i":"sepia","$v":"सेपिया"},{"$i":"freeform","$v":"उदां महर"},{"$i":"portrait","$v":"फरट्रैट"},{"$i":"landscape","$v":"लेन्डस्केप"},{"$i":"square","$v":"बर्ग"},{"$i":"emptygallery2-title","$v":"सावगारिफोर आरो भिदिअफोर गैया"},{"$i":"emptygallery2-text","$v":"गेलारिया लंदां । फट खेबनो केमेरा बाहाय ।"},{"$i":"emptygallery2-title-pick","$v":"सावगारिफोर गैया"},{"$i":"emptygallery-text-pick","$v":"सावगारिफ्रा थोजासे नङा।"},{"$i":"nocard3-title","$v":"लाखिथुमग्रा गैया"},{"$i":"nocard4-text","$v":"बे एपखौ बाहायनो गंसे मेमरि कार्ड सो।"},{"$i":"pluggedin2-title","$v":"लाखिथुमग्रा बाहायगासिनो"},{"$i":"pluggedin2-text","$v":"स्टरेजा बाहायजाबाय थादों बे एपखौ बाहायनो अननानै फनखौ आपलाङ खालाम।"},{"$i":"scanning-title","$v":"स्केन खालामगासिनो"},{"$i":"tcl-scanning-text","$v":"सावगारिफोरनि थाखाय नायगासिनो"},{"$i":"scanning-text","$v":"फट’फोरनि थाखाय स्केन खालामगासिनो..."},{"$i":"upgrade-title","$v":"डेटाबेस आपग्रेड"},{"$i":"upgrade-text","$v":"गेलारिया डेटाबेस आपडेट खालामनायखौ दसे नेदो ।"},{"$i":"share-noprovider","$v":"बे रोखोमनि फट फाइलफोरखौ सेयार खालामनो हाया।"},{"$i":"memorycardfull","$v":"स्टरेजा आबुं जाबाय । फटफोरखौ इडिट खालामनो हाया।"},{"$i":"imagetoobig","$v":"बे डिभाइसाव दिन्थिनो सावगारिया जोबोर गेदेर।"},{"$i":"imageinvalid","$v":"सावगारिया मानिजाथाव नङा एबा काराप्ट आरो दिन्थिनो हाया।"},{"$i":"saved","$v":[{"t":"idOrVar","v":"filename"}," गेलारियाव सेफ जाबाय"]},{"$i":"edit-copy-saved","$v":"गोदान नमुना लाखिनो।"},{"$i":"overlay-camera-button","$v":"केमेरायाव थां"},{"$i":"name-label","$v":"मुं"},{"$i":"size-label","$v":"महर"},{"$i":"image-type-label","$v":"सावगारिनि रोखोम"},{"$i":"tcl-date-and-time-label","$v":"अक्त आरो सम"},{"$i":"date-taken-label","$v":"लाखानाय सम"},{"$i":"resolution-label","$v":"थिरांथालाखानाय"},{"$i":"close-button","$v":"बन्द’ खालाम"},{"$i":"byteUnit-B","$v":"बाइटस"},{"$i":"byteUnit-KB","$v":"KB"},{"$i":"byteUnit-MB","$v":"MB"},{"$i":"byteUnit-GB","$v":"GB"},{"$i":"gallery","$v":"गेलारी"},{"$i":"preview","$v":"प्रेभिउ"},{"$i":"tcl-confirmation","$v":"थि मिथिथाइ"},{"$i":"tcl-delete-this-image","$v":"बे फटखौ खोमोर ?"},{"$i":"tcl-delete-selected-image","$v":"सायख'जानाय फटखौ खोमोर ?"},{"$i":"tcl-delete-selected-images","$v":"सायख'जानाय फटफोरखौ खोमोर ?"},{"$i":"tcl-delete-photos","$v":{"one":["मा नों थारैनो सायख'नाय ",{"t":"idOrVar","v":"n"}," फटखौ खोमोरनो नागिरदों ?"],"other":["मा नों थारैनो सायख'नाय ",{"t":"idOrVar","v":"n"}," फटफोरखौ खोमोरनो नागिरदों ?"]},"$x":[{"t":"idOrVar","v":"plural"},"n"]},{"$i":"tcl-lost-warning","$v":"गासै सोलायथाइफोरा गोमालांगोन।"},{"$i":"tcl-save-changes?","$v":"नों सोलायथाइफोरखौ सेभ खालामगोन ना ?"},{"$i":"tcl-close-warning","$v":"एप्लिकेसनखौ डेटा खोमानानै बन्द खालामनाय जागोन।"},{"$i":"tcl-back-to-editing?","$v":"नों इडिटिङाव थांफिननो नागिरो नामा ?"},{"$i":"tcl-gallery-settings","$v":"गेलारि सेटिंस"},{"$i":"tcl-sort-by","$v":"जों थि(सर्ट) खालाम"},{"$i":"tcl-group-by-date-and-location","$v":"अक्त महरै साजाय"},{"$i":"tcl-error","$v":"गोरोन्थि"},{"$i":"tcl-error-delete-locked-image","$v":"सायखजानाय सावगारिया लक आरो दान्नो हायासै!"},{"$i":"tcl-error-delete-locked-images","$v":"सायखजानाय सावगारिफोराव ताला सावगारि (फोर) दोन्नाय जादों आरो बेखौ बेखौ दान्नो हायासै!"},{"$i":"tcl-enter-new-name","$v":"गोदान मुं सो"},{"$i":"sort-and-group","$v":"सर्ट आरो ग्रुप"},{"$i":"tcl-orientationLandscape","$v":"लेन्डस्केप"},{"$i":"tcl-videoDescriptionNoTimestamp","$v":[{"t":"idOrVar","v":"orientation"}," भिडिअ'"]},{"$i":"tcl-orientationPortrait","$v":"फरट्रैट"},{"$i":"tcl-imageDescription","$v":[{"t":"idOrVar","v":"orientation"}," इमेज, %I:%M %p, %B %e, %Y"]},{"$i":"time_am","$v":"AM"},{"$i":"time_pm","$v":"PM"},{"$i":"date-group-header","$v":"%B %Y"},{"$i":"videoDescriptionShort","$v":"भिडिअनि खालार %I:%M %p, %B %e, %Y"},{"$i":"imageDescriptionShort","$v":"%I:%M %p, %B %e, %Y अक्तनि सावगारि"},{"$i":"editImagePreview","ariaLabel":"मावगारि नायनायखौ इडिट खालाम"},{"$i":"tcl-pickoneimage","$v":"ए फटखौ सायख'"},{"$i":"discard-changes-warning","$v":"गासै सोलायथाइफोरा गोमालांगोन। नों सोलायथाइफोरखौ गारगोन ना ?"},{"$i":"save-changes-warning","$v":"गासै सोलायथाइफोरा गोमालांगोन । नों सोलायथाइफोरखौ सेभ खालामगोन ना ?"},{"$i":"discard","$v":"खोमोर"},{"$i":"weekday-0-long","$v":"रुबिबार"},{"$i":"weekday-1-long","$v":"समबार"},{"$i":"weekday-2-long","$v":"मंगलबार"},{"$i":"weekday-3-long","$v":"बुधबार"},{"$i":"weekday-4-long","$v":"बिस्थिबार"},{"$i":"weekday-5-long","$v":"सक्रुबार"},{"$i":"weekday-6-long","$v":"सनिबार"},{"$i":"weekday-0-short","$v":"सान"},{"$i":"weekday-1-short","$v":"मन"},{"$i":"weekday-2-short","$v":"मंगल"},{"$i":"weekday-3-short","$v":"वेब"},{"$i":"weekday-4-short","$v":"टिएइचइउ"},{"$i":"weekday-5-short","$v":"फ्रि"},{"$i":"weekday-6-short","$v":"सेट"},{"$i":"month-0-long","$v":"जानुवारि"},{"$i":"month-1-long","$v":"फेब्रुवारि"},{"$i":"month-2-long","$v":"मार्च"},{"$i":"month-3-long","$v":"एप्रिल"},{"$i":"month-4-long","$v":"मे"},{"$i":"month-5-long","$v":"जुन"},{"$i":"month-6-long","$v":"जुलाइ"},{"$i":"month-7-long","$v":"आगष्ट"},{"$i":"month-8-long","$v":"सेप्तेम्बार"},{"$i":"month-9-long","$v":"अक्ट'बर"},{"$i":"month-10-long","$v":"नभेमबर"},{"$i":"month-11-long","$v":"दिसेम्बार"},{"$i":"month-0-genitive","$v":"जानुवारि"},{"$i":"month-1-genitive","$v":"फेब्रुवारि"},{"$i":"month-2-genitive","$v":"मार्च"},{"$i":"month-3-genitive","$v":"एप्रिल"},{"$i":"month-4-genitive","$v":"मे"},{"$i":"month-5-genitive","$v":"जुन"},{"$i":"month-6-genitive","$v":"जुलाइ"},{"$i":"month-7-genitive","$v":"आगष्ट"},{"$i":"month-8-genitive","$v":"सेप्तेम्बार"},{"$i":"month-9-genitive","$v":"अक्ट'बर"},{"$i":"month-10-genitive","$v":"नभेमबर"},{"$i":"month-11-genitive","$v":"दिसेम्बार"},{"$i":"month-0-short","$v":"जान"},{"$i":"month-1-short","$v":"फेब"},{"$i":"month-2-short","$v":"गाज्रि"},{"$i":"month-3-short","$v":"एप्रि"},{"$i":"month-4-short","$v":"मे"},{"$i":"month-5-short","$v":"जुन"},{"$i":"month-6-short","$v":"जुल"},{"$i":"month-7-short","$v":"आग"},{"$i":"month-8-short","$v":"सेप"},{"$i":"month-9-short","$v":"अक्ट'बर"},{"$i":"month-10-short","$v":"नभ"},{"$i":"month-11-short","$v":"दिस"},{"$i":"minutes-ago-long","$v":{"zero":"दाबावैसो","one":"से मिनिट सिगङाव","two":[{"t":"idOrVar","v":"value"}," मिनिट सिगां"],"few":[{"t":"idOrVar","v":"value"}," मिनिट सिगां"],"many":[{"t":"idOrVar","v":"value"}," मिनिट सिगां"],"other":[{"t":"idOrVar","v":"value"}," मिनिट सिगां"]},"$x":[{"t":"idOrVar","v":"plural"},"value"]},{"$i":"hours-ago-long","$v":{"zero":"दाबावैसो","one":"घन्टासे सिगाङाव","two":[{"t":"idOrVar","v":"value"}," घन्टा सिगां"],"few":[{"t":"idOrVar","v":"value"}," घन्टा सिगां"],"many":[{"t":"idOrVar","v":"value"}," घन्टा सिगां"],"other":[{"t":"idOrVar","v":"value"}," घन्टा सिगां"]},"$x":[{"t":"idOrVar","v":"plural"},"value"]},{"$i":"days-ago-long","$v":{"zero":"दिनै","one":"मैया","two":[{"t":"idOrVar","v":"value"}," सान सिगां"],"few":[{"t":"idOrVar","v":"value"}," सान सिगां"],"many":[{"t":"idOrVar","v":"value"}," सान सिगां"],"other":[{"t":"idOrVar","v":"value"}," सान सिगां"]},"$x":[{"t":"idOrVar","v":"plural"},"value"]},{"$i":"weeks-ago-long","$v":{"zero":"बे हबथा","one":"थांनाय हबथा","two":[{"t":"idOrVar","v":"value"}," हाबथा सिगां"],"few":[{"t":"idOrVar","v":"value"}," हाबथा सिगां"],"many":[{"t":"idOrVar","v":"value"}," हाबथा सिगां"],"other":[{"t":"idOrVar","v":"value"}," हाबथा सिगां"]},"$x":[{"t":"idOrVar","v":"plural"},"value"]},{"$i":"months-ago-long","$v":{"zero":"बे दान","one":"थांनाय दान","two":[{"t":"idOrVar","v":"value"}," दान सिगां"],"few":[{"t":"idOrVar","v":"value"}," दान सिगां"],"many":[{"t":"idOrVar","v":"value"}," दान सिगां"],"other":[{"t":"idOrVar","v":"value"}," दान सिगां"]},"$x":[{"t":"idOrVar","v":"plural"},"value"]},{"$i":"years-ago-long","$v":{"zero":"बे बोसोर","one":"थांनाय बोसोर","two":[{"t":"idOrVar","v":"value"}," बोसोर सिगां"],"few":[{"t":"idOrVar","v":"value"}," बोसोर सिगां"],"many":[{"t":"idOrVar","v":"value"}," बोसोर सिगां"],"other":[{"t":"idOrVar","v":"value"}," बोसोर सिगां"]},"$x":[{"t":"idOrVar","v":"plural"},"value"]},{"$i":"minutes-until-long","$v":{"zero":"दायो","one":"से मिनिटआव","two":[{"t":"idOrVar","v":"value"}," मिनिटआव"],"few":[{"t":"idOrVar","v":"value"}," मिनिटआव"],"many":[{"t":"idOrVar","v":"value"}," मिनिटआव"],"other":[{"t":"idOrVar","v":"value"}," मिनिटआव"]},"$x":[{"t":"idOrVar","v":"plural"},"value"]},{"$i":"hours-until-long","$v":{"zero":"दायो","one":"से घन्टायाव","two":[{"t":"idOrVar","v":"value"}," घन्टायाव"],"few":[{"t":"idOrVar","v":"value"}," घन्टायाव"],"many":[{"t":"idOrVar","v":"value"}," घन्टायाव"],"other":[{"t":"idOrVar","v":"value"}," घन्टायाव"]},"$x":[{"t":"idOrVar","v":"plural"},"value"]},{"$i":"days-until-long","$v":{"zero":"दिनै","one":"गाबोन","two":[{"t":"idOrVar","v":"value"}," सानफोराव"],"few":[{"t":"idOrVar","v":"value"}," सानफोराव"],"many":[{"t":"idOrVar","v":"value"}," सानफोराव"],"other":[{"t":"idOrVar","v":"value"}," सानफोराव"]},"$x":[{"t":"idOrVar","v":"plural"},"value"]},{"$i":"weeks-until-long","$v":{"zero":"बे हबथा","one":"फैगौ हबथा","two":[{"t":"idOrVar","v":"value"}," हबथाफोराव"],"few":[{"t":"idOrVar","v":"value"}," हबथाफोराव"],"many":[{"t":"idOrVar","v":"value"}," हबथाफोराव"],"other":[{"t":"idOrVar","v":"value"}," हबथाफोराव"]},"$x":[{"t":"idOrVar","v":"plural"},"value"]},{"$i":"months-until-long","$v":{"zero":"बे दान","one":"फैगौ दान","two":[{"t":"idOrVar","v":"value"}," दानफोराव"],"few":[{"t":"idOrVar","v":"value"}," दानफोराव"],"many":[{"t":"idOrVar","v":"value"}," दानफोराव"],"other":[{"t":"idOrVar","v":"value"}," दानफोराव"]},"$x":[{"t":"idOrVar","v":"plural"},"value"]},{"$i":"years-until-long","$v":{"zero":"बे बोसोर","one":"फैगौ बोसोर","two":[{"t":"idOrVar","v":"value"}," बोसोरफोराव"],"few":[{"t":"idOrVar","v":"value"}," बोसोरफोराव"],"many":[{"t":"idOrVar","v":"value"}," बोसोरफोराव"],"other":[{"t":"idOrVar","v":"value"}," बोसोरफोराव"]},"$x":[{"t":"idOrVar","v":"plural"},"value"]},{"$i":"minutes-ago-short","$v":{"zero":"दाबावैसो","other":[{"t":"idOrVar","v":"value"},"मिनिट सिगां"]},"$x":[{"t":"idOrVar","v":"plural"},"value"]},{"$i":"hours-ago-short","$v":{"zero":"दाबावैसो","other":[{"t":"idOrVar","v":"value"},"घन्टा सिगां"]},"$x":[{"t":"idOrVar","v":"plural"},"value"]},{"$i":"days-ago-short","$v":{"zero":"दिनै","other":[{"t":"idOrVar","v":"value"},"सान सिगां"]},"$x":[{"t":"idOrVar","v":"plural"},"value"]},{"$i":"minutes-until-short","$v":{"zero":"दायो","other":[{"t":"idOrVar","v":"value"},"मिनिटआव"]},"$x":[{"t":"idOrVar","v":"plural"},"value"]},{"$i":"hours-until-short","$v":{"zero":"दायो","other":[{"t":"idOrVar","v":"value"},"घन्टायाव"]},"$x":[{"t":"idOrVar","v":"plural"},"value"]},{"$i":"days-until-short","$v":{"zero":"दिनै","other":[{"t":"idOrVar","v":"value"},"सानाव"]},"$x":[{"t":"idOrVar","v":"plural"},"value"]},{"$i":"incorrectDate","$v":"(गोरोनथि अक्त)"},{"$i":"dateTimeFormat_%c","$v":"%a %b %e %Y %I:%M:%S %p"},{"$i":"dateTimeFormat_%x","$v":"%m/%d/%Y"},{"$i":"dateTimeFormat_%X","$v":"%I:%M:%S %p"},{"$i":"shortTimeFormat","$v":"%I:%M %p"},{"$i":"shortTimeFormat12","$v":"%I:%M %p"},{"$i":"shortTimeFormat24","$v":"%H:%M"},{"$i":"shortDateTimeFormat","$v":"%x %I:%M %p"},{"$i":"weekStartsOnMonday","$v":"0"},{"$i":"firstDayOfTheWeek","$v":"0"},{"$i":"imageDescription","$v":[{"t":"idOrVar","v":"orientation"}," इमेज, %I:%M %p, %B %e, %Y"]},{"$i":"imageDescriptionNoTimestamp","$v":[{"t":"idOrVar","v":"orientation"}," इमेज"]},{"$i":"videoDescription","$v":[{"t":"idOrVar","v":"orientation"}," भिडिअ', %I:%M %p, %B %e, %Y"]},{"$i":"videoDescriptionNoTimestamp","$v":[{"t":"idOrVar","v":"orientation"}," भिडिअ'"]},{"$i":"orientationPortrait","$v":"फरट्रैट"},{"$i":"orientationLandscape","$v":"लेन्डस्केप"},{"$i":"playbackPlay","ariaLabel":"प्ले खालाम"},{"$i":"playbackPause","ariaLabel":"थाद'"},{"$i":"playbackNext","ariaLabel":"नेक्स खालाम"},{"$i":"playbackPrevious","ariaLabel":"सिगांनि"},{"$i":"playbackFullscreen","ariaLabel":"आबुं स्क्रिन"},{"$i":"playbackSeekBar","ariaLabel":["बारखौ नाय, सम ",{"t":"idOrVar","v":"duration"}]},{"$i":"softkey-options","$v":"राहाफोर"}]