[{"$i":"select","$v":"منتخب کریں"},{"$i":"tcl-select","$v":"منتخب کریں"},{"$i":"invalid-image","$v":"غیر مجاز تصویر"},{"$i":"image-too-big","$v":"گیلری میں دکھائے جانے کیلئے تصویر کا سائز بہت بڑا ہے۔"},{"$i":"tcl-selected-items-count","$v":[{"t":"idOrVar","v":"n"}," منتخب شدہ"]},{"$i":"delete-photo?","$v":"تصویر حذف کریں"},{"$i":"delete-video?","$v":"ویڈیو کو حذف کریں؟"},{"$i":"delete-n-items?","$v":{"zero":"منتخب کچھ بھی نہیں","one":"منتخبہ آئٹم کو حذف کریں؟","two":[{"t":"idOrVar","v":"n"}," آئٹمز حذف کریں؟"],"few":[{"t":"idOrVar","v":"n"}," آئٹمز حذف کریں؟"],"many":[{"t":"idOrVar","v":"n"}," آئٹمز حذف کریں؟"],"other":[{"t":"idOrVar","v":"n"}," آئٹمز حذف کریں؟"]},"$x":[{"t":"idOrVar","v":"plural"},"n"]},{"$i":"tcl-contact-set-ok","$v":"رابطہ کی تصویر شامل کی گئی"},{"$i":"tcl-contact-set-fail","$v":"رابطہ کی تصویر سیٹ کرنے میں ناکام ہوگیا"},{"$i":"tcl-exposure-done","$v":"انکشاف کا اطلاق کیا گیا"},{"$i":"tcl-rotation-done","$v":"تصویر گھمائی گئی"},{"$i":"tcl-crop-done","$v":"تصویر تراشی گئی"},{"$i":"tcl-filters-done","$v":"فلٹر کا اطلاق کیا گیا"},{"$i":"tcl-autocorrection-done","$v":"خودکار-اصلاح کا اطلاق"},{"$i":"tcl-changes-saved","$v":"تبدیلیاں محفوظ ہوگئی"},{"$i":"wallpaper-set","$v":"وال پیپر سیٹ ہوگیا"},{"$i":"tcl-single-image-locked","$v":"منتخـہ تصویر لاک ہوگئی"},{"$i":"tcl-single-image-unlocked","$v":"منتخبہ تصویر انلاک ہوگئی"},{"$i":"tcl-single-image-deleted","$v":"تصویر حذف کی گئی۔"},{"$i":"tcl-multiple-images-locked","$v":{"zero":"تصویر لاک نہیں کی گئی","one":[{"t":"idOrVar","v":"n"}," تصویر لاک کی گئی"],"other":[{"t":"idOrVar","v":"n"}," تصاویر لاک کی گئی"]},"$x":[{"t":"idOrVar","v":"plural"},"n"]},{"$i":"tcl-multiple-images-unlocked","$v":{"zero":"تصویر لاک نہیں کی گئی","one":[{"t":"idOrVar","v":"n"}," تصویر انلاک کی گئی"],"other":[{"t":"idOrVar","v":"n"}," تصاویر انلاک کی گئی"]},"$x":[{"t":"idOrVar","v":"plural"},"n"]},{"$i":"tcl-deleted-n-photos","$v":{"zero":"تصویر حذف نہیں کی گئی","one":[{"t":"idOrVar","v":"n"}," تصویر حذف کی گئی"],"other":[{"t":"idOrVar","v":"n"}," تصاویر حذف کی گئی"]},"$x":[{"t":"idOrVar","v":"plural"},"n"]},{"$i":"tcl-undo","$v":"کالعدم کریں"},{"$i":"pickoneimage2","$v":"منتخب کریں"},{"$i":"cropimage","$v":"تراشیں"},{"$i":"tcl-no","$v":"نہیں"},{"$i":"tcl-on","$v":"آن"},{"$i":"tcl-off","$v":"آف"},{"$i":"tcl-return","$v":"واپسی"},{"$i":"cancel","$v":"منسوخ کریں"},{"$i":"delete","$v":"حذف کریں"},{"$i":"ok","$v":"ٹھیک ہے"},{"$i":"edit","$v":"ترمیم کریں"},{"$i":"save","$v":"محفوظ کریں"},{"$i":"done","$v":"ہو گیا"},{"$i":"exposure","$v":"نمائش"},{"$i":"crop","$v":"تراشیں"},{"$i":"effects","$v":"اثرات"},{"$i":"borders","$v":"بارڈرز"},{"$i":"enhance-on","$v":"خودکار افزوں آن"},{"$i":"enhance-off","$v":"خودکار افزوں آف"},{"$i":"tcl-exit","$v":"باہر نکلیں"},{"$i":"tcl-set","$v":"سیٹ کریں"},{"$i":"tcl-takephoto","$v":"تصویر لیں"},{"$i":"tcl-options","$v":"اختیارات"},{"$i":"tcl-select-all","$v":"تمام منتخب کریں"},{"$i":"tcl-deselect-all","$v":"سبھی کو غیرمنتخب کریں"},{"$i":"tcl-lock","$v":"لاک"},{"$i":"tcl-unlock","$v":"غیر مقفل کریں"},{"$i":"tcl-rename","$v":"نام تبدیل کریں"},{"$i":"tcl-rotate","$v":"گردش"},{"$i":"tcl-share","$v":"اشتراک کریں"},{"$i":"tcl-settings","$v":"ترتیبات"},{"$i":"tcl-set-as","$v":"سیٹ کریں بطور"},{"$i":"tcl-wallpaper","$v":"وال پیپر"},{"$i":"tcl-existing-contact-image","$v":"موجودہ رابطہ کیلئے تصویر"},{"$i":"tcl-zoom","$v":"زوم کریں"},{"$i":"tcl-zoom-in","$v":"زوم ان"},{"$i":"tcl-zoom-out","$v":"زوم آؤٹ"},{"$i":"tcl-file-info","$v":"فائل کی معلومات"},{"$i":"tcl-select-multiple","$v":"متعدد منتخب کریں"},{"$i":"tcl-invalid-name","$v":"غیر مجاز نام"},{"$i":"tcl-name-already-exists","$v":"یہ نام پہلے سے موجود ہے"},{"$i":"tcl-override-warning-msg","$v":"کیا آپ موجودہ تصویر پر اوور رائيڈ کرنا چاہیں گے"},{"$i":"tcl-override","$v":"اوور رائڈ"},{"$i":"tcl-edit-title","$v":"تصویر کی تدوین کریں"},{"$i":"tcl-edit-exposure","$v":"نمائش"},{"$i":"tcl-edit-crop","$v":"تراشیں"},{"$i":"tcl-edit-rotate","$v":"گردش"},{"$i":"tcl-edit-filters","$v":"فلٹرز"},{"$i":"tcl-edit-auto-correct","$v":"خودکار-اصلاح"},{"$i":"edit-exposure","ariaLabel":"نمائش"},{"$i":"edit-crop","ariaLabel":"تراشیں"},{"$i":"edit-rotate","ariaLabel":"گردش"},{"$i":"edit-filters","ariaLabel":"فلٹرز"},{"$i":"edit-auto-correct","ariaLabel":"خودکار-اصلاح"},{"$i":"tcl-crop-none","$v":"کراپنگ کالعدم کریں"},{"$i":"tcl-crop-aspect-free","$v":"ٖڈیفالٹ"},{"$i":"tcl-crop-aspect-portrait","$v":"2:3"},{"$i":"tcl-crop-aspect-landscape","$v":"3:2"},{"$i":"tcl-crop-aspect-square","$v":"1:1"},{"$i":"crop-none","ariaLabel":"کراپنگ کالعدم کریں"},{"$i":"crop-aspect-free","ariaLabel":"ٖڈیفالٹ"},{"$i":"crop-aspect-portrait","ariaLabel":"2:3"},{"$i":"crop-aspect-landscape","ariaLabel":"3:2"},{"$i":"crop-aspect-square","ariaLabel":"1:1"},{"$i":"tcl-edit-filters-none","$v":"فلٹر 1"},{"$i":"tcl-edit-filters-bw","$v":"فلٹر 2"},{"$i":"tcl-edit-filters-sepia","$v":"فلٹر 3"},{"$i":"tcl-edit-filters-bluesteel","$v":"فلٹر 4"},{"$i":"tcl-edit-filters-faded","$v":"فلٹر 5"},{"$i":"edit-filters-none","ariaLabel":"فلٹر 1"},{"$i":"edit-filters-bw","ariaLabel":"فلٹر 2"},{"$i":"edit-filters-sepia","ariaLabel":"فلٹر 3"},{"$i":"edit-filters-bluesteel","ariaLabel":"فلٹر 4"},{"$i":"edit-filters-faded","ariaLabel":"فلٹر 5"},{"$i":"tcl-rotate-cw","$v":"CW"},{"$i":"tcl-rotate-ccw","$v":"CCW"},{"$i":"original","$v":"اصلی"},{"$i":"blackandwhite","$v":{"$o":"B&W"}},{"$i":"sepia","$v":"سیپیا"},{"$i":"freeform","$v":"فری فارم"},{"$i":"portrait","$v":"پورٹریٹ"},{"$i":"landscape","$v":"لینڈ سکیپ"},{"$i":"square","$v":"مربع"},{"$i":"emptygallery2-title","$v":"کوئی تصویریں یا ویڈیوز نہیں ہیں"},{"$i":"emptygallery2-text","$v":"گیلری خالی ہے۔ تصاویر پر کلک کرنے کیلئے کیمرہ استعمال کریں"},{"$i":"emptygallery2-title-pick","$v":"کوئی تصویر نہیں"},{"$i":"emptygallery-text-pick","$v":"کوئی تصویر دستیاب نہیں۔"},{"$i":"nocard3-title","$v":"کوئی میموری کارڈ نہیں"},{"$i":"nocard4-text","$v":"اس ایپ کا استعمال کرنے کیلئے میوری کارڈ داخل کریں۔"},{"$i":"pluggedin2-title","$v":"میموری کارڈ زیر استعمال"},{"$i":"pluggedin2-text","$v":"اسٹوریج زیر استعمال ہے۔ براہ کرم اس ایپ کو استعمال کرنے کیلئے فون ان پلگ کریں۔"},{"$i":"scanning-title","$v":"اسکیننگ"},{"$i":"tcl-scanning-text","$v":"تصاویر تلاش کررہا ہے"},{"$i":"scanning-text","$v":"تصایر کیلئے اسکین کررہا ہے…"},{"$i":"upgrade-title","$v":"ڈیٹا بیس اپگریڈ"},{"$i":"upgrade-text","$v":"براہ کرم گیلری کے ڈیٹا بیس اپ ڈیٹ کرنے تک انتظار کریں۔"},{"$i":"share-noprovider","$v":"اس قسم کی فائل کی تصویر کا اشتراک نہیں کیا جاسکتا"},{"$i":"memorycardfull","$v":"اسٹوریج بھر گیا ہے، تصاویر کی تدوین نہیں کی جاسکتی۔"},{"$i":"imagetoobig","$v":"اس آلہ پر دکھائے جانے کیلئے تصویر بہت بڑی ہے۔"},{"$i":"imageinvalid","$v":"تصویر غیر مجاز یا خراب ہے اور ڈسپلے نہیں کی جاسکتی۔"},{"$i":"saved","$v":[{"t":"idOrVar","v":"filename"}," گیلری میں محفوظ ہوگیا"]},{"$i":"edit-copy-saved","$v":"نئی نقل محفوظ ہوگئی۔"},{"$i":"overlay-camera-button","$v":"کیمرہ پر جائیں"},{"$i":"name-label","$v":"نام"},{"$i":"size-label","$v":"سائز"},{"$i":"image-type-label","$v":"تصویر کی قسم"},{"$i":"tcl-date-and-time-label","$v":"تاریخ اور وقت"},{"$i":"date-taken-label","$v":"لیے جانے کی تاریخ"},{"$i":"resolution-label","$v":"ریزولیوشن"},{"$i":"close-button","$v":"بند کریں"},{"$i":"byteUnit-B","$v":"بائٹس"},{"$i":"byteUnit-KB","$v":"KB"},{"$i":"byteUnit-MB","$v":"MB"},{"$i":"byteUnit-GB","$v":"GB"},{"$i":"gallery","$v":"گیلری"},{"$i":"preview","$v":"پیش منظر"},{"$i":"tcl-confirmation","$v":"توثیق کاری"},{"$i":"tcl-delete-this-image","$v":"اس تصویر کو حذف کریں؟"},{"$i":"tcl-delete-selected-image","$v":"منتخبہ تصاویر کو حذف کریں"},{"$i":"tcl-delete-selected-images","$v":"منتخبہ تصاویر کو حذف کریں؟"},{"$i":"tcl-delete-photos","$v":{"one":["کیا آپ یقیناً ",{"t":"idOrVar","v":"n"}," منتخبہ تصاویر حذف کرنا چاہتے ہیں"],"other":["کیا آپ یقیناً ",{"t":"idOrVar","v":"n"}," منتخبہ تصاویر حذف کرنا چاہتے ہیں؟"]},"$x":[{"t":"idOrVar","v":"plural"},"n"]},{"$i":"tcl-lost-warning","$v":"تمام تبدیلیاں ضائع ہوجائے گی۔"},{"$i":"tcl-save-changes?","$v":"کیا آپ تبدیلیاں محفوظ کرنا چاہیں گے"},{"$i":"tcl-close-warning","$v":"ایپلیکیشن ڈیٹا ضائع کرتے ہوئے بند جائے گا۔"},{"$i":"tcl-back-to-editing?","$v":"کیا آپ ترمیم کرنے پر واپس جانا چاہتے ہیں؟"},{"$i":"tcl-gallery-settings","$v":"گیلری سیٹنگز"},{"$i":"tcl-sort-by","$v":"ترتیب دیں بذریعے"},{"$i":"tcl-group-by-date-and-location","$v":"تاریخ کے مطابق گروپ"},{"$i":"tcl-error","$v":"خرابی"},{"$i":"tcl-error-delete-locked-image","$v":"منتخبہ تصویر لاک کی گئی ہے اور حذف نہیں کی جاسکتی!"},{"$i":"tcl-error-delete-locked-images","$v":"منتخبہ تصاویر میں لاک کی گئی ہے تصویر(تصاویر) ہیں اور حذف نہیں کی جاسکتی!"},{"$i":"tcl-enter-new-name","$v":"نیا نام درج کریں"},{"$i":"sort-and-group","$v":"ترتیب اور گروپ"},{"$i":"tcl-orientationLandscape","$v":"لینڈ سکیپ"},{"$i":"tcl-videoDescriptionNoTimestamp","$v":[{"t":"idOrVar","v":"orientation"}," ویڈیو"]},{"$i":"tcl-orientationPortrait","$v":"پورٹریٹ"},{"$i":"tcl-imageDescription","$v":[{"t":"idOrVar","v":"orientation"}," تصویر، %I:%M %p, %B %e, %Y"]},{"$i":"time_am","$v":"AM"},{"$i":"time_pm","$v":"PM"},{"$i":"date-group-header","$v":"%B %Y"},{"$i":"videoDescriptionShort","$v":"ویڈیو بتاریخ %I:%M %p, %B %e, %Y"},{"$i":"imageDescriptionShort","$v":"تصویر بتاریخ %I:%M %p, %B %e, %Y"},{"$i":"editImagePreview","ariaLabel":"تصویر کی پیش منظر کی تدوین کریں"},{"$i":"tcl-pickoneimage","$v":"اے تصویر منتخب کریں"},{"$i":"discard-changes-warning","$v":"تمام تبدیلیاں ضائع ہوجائے گی۔ کیا آپ تبدیلیاں مسترد کرنا چاہیں گے؟"},{"$i":"save-changes-warning","$v":"تمام تبدیلیاں ضائع ہوجائے گی۔ کیا آپ تبدیلیاں محفوظ کرنا چاہیں گے؟"},{"$i":"discard","$v":"رد کریں"},{"$i":"weekday-0-long","$v":"اتوار"},{"$i":"weekday-1-long","$v":"پیر"},{"$i":"weekday-2-long","$v":"منگل"},{"$i":"weekday-3-long","$v":"بدھ"},{"$i":"weekday-4-long","$v":"جمعرات"},{"$i":"weekday-5-long","$v":"جمعہ"},{"$i":"weekday-6-long","$v":"سنیچر"},{"$i":"weekday-0-short","$v":"اتوار"},{"$i":"weekday-1-short","$v":"پیر"},{"$i":"weekday-2-short","$v":"منگل"},{"$i":"weekday-3-short","$v":"بدھ"},{"$i":"weekday-4-short","$v":"جمعرات"},{"$i":"weekday-5-short","$v":"جمعہ"},{"$i":"weekday-6-short","$v":"ہفتہ"},{"$i":"month-0-long","$v":"جنوری"},{"$i":"month-1-long","$v":"فروری"},{"$i":"month-2-long","$v":"مارچ"},{"$i":"month-3-long","$v":"اپریل"},{"$i":"month-4-long","$v":"مئی"},{"$i":"month-5-long","$v":"جون"},{"$i":"month-6-long","$v":"جولائی"},{"$i":"month-7-long","$v":"اگست"},{"$i":"month-8-long","$v":"ستمبر"},{"$i":"month-9-long","$v":"اکتوبر"},{"$i":"month-10-long","$v":"نومبر"},{"$i":"month-11-long","$v":"دسمبر"},{"$i":"month-0-genitive","$v":"جنوری"},{"$i":"month-1-genitive","$v":"فروری"},{"$i":"month-2-genitive","$v":"مارچ"},{"$i":"month-3-genitive","$v":"اپریل"},{"$i":"month-4-genitive","$v":"مئی"},{"$i":"month-5-genitive","$v":"جون"},{"$i":"month-6-genitive","$v":"جولائی"},{"$i":"month-7-genitive","$v":"اگست"},{"$i":"month-8-genitive","$v":"ستمبر"},{"$i":"month-9-genitive","$v":"اکتوبر"},{"$i":"month-10-genitive","$v":"نومبر"},{"$i":"month-11-genitive","$v":"دسمبر"},{"$i":"month-0-short","$v":"جنوری"},{"$i":"month-1-short","$v":"فروری"},{"$i":"month-2-short","$v":"مارچ"},{"$i":"month-3-short","$v":"اپریل"},{"$i":"month-4-short","$v":"مئی"},{"$i":"month-5-short","$v":"جون"},{"$i":"month-6-short","$v":"جولائی"},{"$i":"month-7-short","$v":"اگست"},{"$i":"month-8-short","$v":"ستمبر"},{"$i":"month-9-short","$v":"اکتوبر"},{"$i":"month-10-short","$v":"نومبر"},{"$i":"month-11-short","$v":"دسمبر"},{"$i":"minutes-ago-long","$v":{"zero":"ابھی ابھی","one":"ایک منٹ قبل","two":[{"t":"idOrVar","v":"value"}," منٹس قبل"],"few":[{"t":"idOrVar","v":"value"}," منٹس قبل"],"many":[{"t":"idOrVar","v":"value"}," منٹس قبل"],"other":[{"t":"idOrVar","v":"value"}," منٹس قبل"]},"$x":[{"t":"idOrVar","v":"plural"},"value"]},{"$i":"hours-ago-long","$v":{"zero":"ابھی ابھی","one":"ایک گھنٹہ قبل","two":[{"t":"idOrVar","v":"value"}," گھنٹوں قبل"],"few":[{"t":"idOrVar","v":"value"}," گھنٹوں قبل"],"many":[{"t":"idOrVar","v":"value"}," گھنٹوں قبل"],"other":[{"t":"idOrVar","v":"value"}," گھنٹوں قبل"]},"$x":[{"t":"idOrVar","v":"plural"},"value"]},{"$i":"days-ago-long","$v":{"zero":"آج","one":"گزشتہ کل","two":[{"t":"idOrVar","v":"value"}," دن قبل"],"few":[{"t":"idOrVar","v":"value"}," دن قبل"],"many":[{"t":"idOrVar","v":"value"}," دن قبل"],"other":[{"t":"idOrVar","v":"value"}," دن قبل"]},"$x":[{"t":"idOrVar","v":"plural"},"value"]},{"$i":"weeks-ago-long","$v":{"zero":"اس ہفتہ","one":"آخری ہفتہ","two":[{"t":"idOrVar","v":"value"}," ہفتے قبل"],"few":[{"t":"idOrVar","v":"value"}," ہفتے قبل"],"many":[{"t":"idOrVar","v":"value"}," ہفتے قبل"],"other":[{"t":"idOrVar","v":"value"}," ہفتے قبل"]},"$x":[{"t":"idOrVar","v":"plural"},"value"]},{"$i":"months-ago-long","$v":{"zero":"اس ماہ","one":"آخری مہینہ","two":[{"t":"idOrVar","v":"value"}," مہینہ قبل"],"few":[{"t":"idOrVar","v":"value"}," مہینہ قبل"],"many":[{"t":"idOrVar","v":"value"}," مہینہ قبل"],"other":[{"t":"idOrVar","v":"value"}," مہینہ قبل"]},"$x":[{"t":"idOrVar","v":"plural"},"value"]},{"$i":"years-ago-long","$v":{"zero":"اس سال","one":"آخری سال","two":[{"t":"idOrVar","v":"value"}," سال قبل"],"few":[{"t":"idOrVar","v":"value"}," سال قبل"],"many":[{"t":"idOrVar","v":"value"}," سال قبل"],"other":[{"t":"idOrVar","v":"value"}," سال قبل"]},"$x":[{"t":"idOrVar","v":"plural"},"value"]},{"$i":"minutes-until-long","$v":{"zero":"ابھی","one":"ایک منٹ میں","two":[{"t":"idOrVar","v":"value"}," منٹوں میں"],"few":[{"t":"idOrVar","v":"value"}," منٹوں میں"],"many":[{"t":"idOrVar","v":"value"}," منٹوں میں"],"other":[{"t":"idOrVar","v":"value"}," منٹوں میں"]},"$x":[{"t":"idOrVar","v":"plural"},"value"]},{"$i":"hours-until-long","$v":{"zero":"ابھی","one":"ایک گھٹے میں","two":[{"t":"idOrVar","v":"value"}," گھنٹوں میں"],"few":[{"t":"idOrVar","v":"value"}," گھنٹوں میں"],"many":[{"t":"idOrVar","v":"value"}," گھنٹوں میں"],"other":[{"t":"idOrVar","v":"value"}," گھنٹوں میں"]},"$x":[{"t":"idOrVar","v":"plural"},"value"]},{"$i":"days-until-long","$v":{"zero":"آج","one":"tomorrow","two":[{"t":"idOrVar","v":"value"}," دنوں میں"],"few":[{"t":"idOrVar","v":"value"}," دنوں میں"],"many":[{"t":"idOrVar","v":"value"}," دنوں میں"],"other":[{"t":"idOrVar","v":"value"}," دنوں میں"]},"$x":[{"t":"idOrVar","v":"plural"},"value"]},{"$i":"weeks-until-long","$v":{"zero":"اس ہفتہ","one":"اگلے ہفتے","two":[{"t":"idOrVar","v":"value"}," ہفتوں میں"],"few":[{"t":"idOrVar","v":"value"}," ہفتوں میں"],"many":[{"t":"idOrVar","v":"value"}," ہفتوں میں"],"other":[{"t":"idOrVar","v":"value"}," ہفتوں میں"]},"$x":[{"t":"idOrVar","v":"plural"},"value"]},{"$i":"months-until-long","$v":{"zero":"اس ماہ","one":"اگلے ماہ","two":[{"t":"idOrVar","v":"value"}," مہینوں میں"],"few":[{"t":"idOrVar","v":"value"}," مہینوں میں"],"many":[{"t":"idOrVar","v":"value"}," مہینوں میں"],"other":[{"t":"idOrVar","v":"value"}," مہینوں میں"]},"$x":[{"t":"idOrVar","v":"plural"},"value"]},{"$i":"years-until-long","$v":{"zero":"اس سال","one":"اگلے سال","two":[{"t":"idOrVar","v":"value"}," سالوں میں"],"few":[{"t":"idOrVar","v":"value"}," سالوں میں"],"many":[{"t":"idOrVar","v":"value"}," سالوں میں"],"other":[{"t":"idOrVar","v":"value"}," سالوں میں"]},"$x":[{"t":"idOrVar","v":"plural"},"value"]},{"$i":"minutes-ago-short","$v":{"zero":"ابھی ابھی","other":[{"t":"idOrVar","v":"value"}," منٹ قبل"]},"$x":[{"t":"idOrVar","v":"plural"},"value"]},{"$i":"hours-ago-short","$v":{"zero":"ابھی ابھی","other":[{"t":"idOrVar","v":"value"}," گھنٹہ قبل"]},"$x":[{"t":"idOrVar","v":"plural"},"value"]},{"$i":"days-ago-short","$v":{"zero":"آج","other":[{"t":"idOrVar","v":"value"}," دن قبل"]},"$x":[{"t":"idOrVar","v":"plural"},"value"]},{"$i":"minutes-until-short","$v":{"zero":"ابھی","other":[{"t":"idOrVar","v":"value"}," منٹ میں"]},"$x":[{"t":"idOrVar","v":"plural"},"value"]},{"$i":"hours-until-short","$v":{"zero":"ابھی","other":[{"t":"idOrVar","v":"value"}," گھنٹے میں"]},"$x":[{"t":"idOrVar","v":"plural"},"value"]},{"$i":"days-until-short","$v":{"zero":"آج","other":[{"t":"idOrVar","v":"value"}," دن میں"]},"$x":[{"t":"idOrVar","v":"plural"},"value"]},{"$i":"incorrectDate","$v":"(غلط تاریخ)"},{"$i":"dateTimeFormat_%c","$v":"%a %b %e %Y %I:%M:%S %p"},{"$i":"dateTimeFormat_%x","$v":"%m/%d/%Y"},{"$i":"dateTimeFormat_%X","$v":"%I:%M:%S %p"},{"$i":"shortTimeFormat","$v":"%I:%M %p"},{"$i":"shortTimeFormat12","$v":"%I:%M %p"},{"$i":"shortTimeFormat24","$v":"%H:%M"},{"$i":"shortDateTimeFormat","$v":"%x %I:%M %p"},{"$i":"weekStartsOnMonday","$v":"0"},{"$i":"firstDayOfTheWeek","$v":"0"},{"$i":"imageDescription","$v":[{"t":"idOrVar","v":"orientation"}," تصویر، %I:%M %p, %B %e, %Y"]},{"$i":"imageDescriptionNoTimestamp","$v":[{"t":"idOrVar","v":"orientation"}," تصویر"]},{"$i":"videoDescription","$v":[{"t":"idOrVar","v":"orientation"}," ویڈیو، %I:%M %p, %B %e, %Y"]},{"$i":"videoDescriptionNoTimestamp","$v":[{"t":"idOrVar","v":"orientation"}," ویڈیو"]},{"$i":"orientationPortrait","$v":"پورٹریٹ"},{"$i":"orientationLandscape","$v":"لینڈ سکیپ"},{"$i":"playbackPlay","ariaLabel":"چلائیں"},{"$i":"playbackPause","ariaLabel":"موقوف کریں"},{"$i":"playbackNext","ariaLabel":"اگلا"},{"$i":"playbackPrevious","ariaLabel":"گزشتہ"},{"$i":"playbackFullscreen","ariaLabel":"مکمل اسکرین"},{"$i":"playbackSeekBar","ariaLabel":["تلاش بار، دورانیہ ",{"t":"idOrVar","v":"duration"}]},{"$i":"softkey-options","$v":"اختیارات"}]