[{"$i":"tcl-cmas-ok","$v":"ಸರಿ"},{"$i":"tcl-emergency-alert-title","$v":"CMAS ಅಲರ್ಟ್"},{"$i":"alert-inbox","$v":"ಅಲರ್ಟ್ ಇನ್‌ಬಾಕ್ಸ್"},{"$i":"emergency-alerts","$v":"ತುರ್ತು ಪರಿಸ್ಥಿತಿಯ ಎಚ್ಚರಿಕೆಗಳು"},{"$i":"presidential-alert","$v":"ಪ್ರೆಸಿಡೆನ್ಷಿಯಲ್ ಅಲರ್ಟ್‌"},{"$i":"extreme-alert","$v":"ತೀವ್ರ ಅಲರ್ಟ್"},{"$i":"severe-alert","$v":"ತೀವ್ರ ಅಲರ್ಟ್‌"},{"$i":"amber-alert","$v":"AMBER ಅಲರ್ಟ್"},{"$i":"required-monthly-test","$v":"ಮಾಸಿಕ ಪರೀಕ್ಷೆ ಅಗತ್ಯವಿದೆ"},{"$i":"cmas","$v":"cmas"},{"$i":"delete","$v":"ಅಳಿಸಿ"},{"$i":"cancel","$v":"ರದ್ದು ಮಾಡಿ"},{"$i":"delete-all","$v":"ಎಲ್ಲ ಅಳಿಸಿ"},{"$i":"no-alert","$v":"ಅಲರ್ಟ್‌ ಇಲ್ಲ"},{"$i":"warning","$v":"ಎಚ್ಚರಿಕೆ"},{"$i":"delete-all-alerts","$v":"ಎಲ್ಲಾ ಎಚ್ಚರಿಕೆಗಳನ್ನು ಅಳಿಸಿ?"},{"$i":"delete-this-alerts","$v":"ಈ ಅಲರ್ಟ್ ಅನ್ನು ಅಳಿಸಿ?"},{"$i":"back","$v":"ಹಿಂದೆ"},{"$i":"select","$v":"ಆಯ್ಕೆ ಮಾಡಿ"},{"$i":"go","$v":"ಹೋಗಿ"},{"$i":"call","$v":"ಕಾಲ್ ಮಾಡಿ"},{"$i":"alert-deleted","$v":"ಎಚ್ಚರಿಕೆಯನ್ನು ಅಳಿಸಲಾಗಿದೆ."},{"$i":"today","$v":"ಇಂದು"},{"$i":"weekday-0-long","$v":"ಭಾನುವಾರ"},{"$i":"weekday-1-long","$v":"ಸೋಮವಾರ"},{"$i":"weekday-2-long","$v":"ಮಂಗಳವಾರ"},{"$i":"weekday-3-long","$v":"ಬುಧವಾರ"},{"$i":"weekday-4-long","$v":"ಗುರುವಾರ"},{"$i":"weekday-5-long","$v":"ಶುಕ್ರವಾರ"},{"$i":"weekday-6-long","$v":"ಶನಿವಾರ"},{"$i":"weekday-0-short","$v":"ಭಾನು"},{"$i":"weekday-1-short","$v":"ಸೋಮ"},{"$i":"weekday-2-short","$v":"ಮಂಗಳ"},{"$i":"weekday-3-short","$v":"ಬುಧ"},{"$i":"weekday-4-short","$v":"ಗುರು"},{"$i":"weekday-5-short","$v":"ಶುಕ್ರ"},{"$i":"weekday-6-short","$v":"ಶನಿವಾರ"},{"$i":"month-0-long","$v":"ಜನವರಿ"},{"$i":"month-1-long","$v":"ಫೆಬ್ರವರಿ"},{"$i":"month-2-long","$v":"ಮಾರ್ಚ್"},{"$i":"month-3-long","$v":"ಏಪ್ರಿಲ್"},{"$i":"month-4-long","$v":"ಮೇ"},{"$i":"month-5-long","$v":"ಜೂನ್"},{"$i":"month-6-long","$v":"ಜುಲೈ"},{"$i":"month-7-long","$v":"ಆಗಸ್ಟ್"},{"$i":"month-8-long","$v":"ಸಪ್ಟೆಂಬರ್"},{"$i":"month-9-long","$v":"ಅಕ್ಟೋಬರ್"},{"$i":"month-10-long","$v":"ನವೆಂಬರ್"},{"$i":"month-11-long","$v":"ಡಿಸೆಂಬರ್"},{"$i":"month-0-genitive","$v":"ಜನವರಿ"},{"$i":"month-1-genitive","$v":"ಫೆಬ್ರವರಿ"},{"$i":"month-2-genitive","$v":"ಮಾರ್ಚ್"},{"$i":"month-3-genitive","$v":"ಏಪ್ರಿಲ್"},{"$i":"month-4-genitive","$v":"ಮೇ"},{"$i":"month-5-genitive","$v":"ಜೂನ್"},{"$i":"month-6-genitive","$v":"ಜುಲೈ"},{"$i":"month-7-genitive","$v":"ಆಗಸ್ಟ್"},{"$i":"month-8-genitive","$v":"ಸಪ್ಟೆಂಬರ್"},{"$i":"month-9-genitive","$v":"ಅಕ್ಟೋಬರ್"},{"$i":"month-10-genitive","$v":"ನವೆಂಬರ್"},{"$i":"month-11-genitive","$v":"ಡಿಸೆಂಬರ್"},{"$i":"month-0-short","$v":"ಜನವರಿ"},{"$i":"month-1-short","$v":"ಫೆಬ್ರವರಿ"},{"$i":"month-2-short","$v":"ಮಾರ್ಚ್"},{"$i":"month-3-short","$v":"ಏಪ್ರಿಲ್"},{"$i":"month-4-short","$v":"ಮೇ"},{"$i":"month-5-short","$v":"ಜೂನ್"},{"$i":"month-6-short","$v":"ಜುಲೈ"},{"$i":"month-7-short","$v":"ಆಗಸ್ಟ್"},{"$i":"month-8-short","$v":"ಸೆಪ್ಟೆಂಬರ್"},{"$i":"month-9-short","$v":"ಅಕ್ಟೋಬರ್"},{"$i":"month-10-short","$v":"ನವೆಂಬರ್"},{"$i":"month-11-short","$v":"ಡಿಸೆಂಬರ್"},{"$i":"minutes-ago-long","$v":{"zero":"ಈಗಷ್ಟೇ","one":"ಒಂದು ನಿಮಿಷದ ಹಿಂದೆ","two":[{"t":"idOrVar","v":"value"}," ನಿಮಿಷಗಳ ಹಿಂದೆ"],"few":[{"t":"idOrVar","v":"value"}," ನಿಮಿಷಗಳ ಹಿಂದೆ"],"many":[{"t":"idOrVar","v":"value"}," ನಿಮಿಷಗಳ ಹಿಂದೆ"],"other":[{"t":"idOrVar","v":"value"}," ನಿಮಿಷಗಳ ಹಿಂದೆ"]},"$x":[{"t":"idOrVar","v":"plural"},"value"]},{"$i":"hours-ago-long","$v":{"zero":"ಈಗಷ್ಟೇ","one":"ಒಂದು ಗಂಟೆ ಹಿಂದೆ","two":[{"t":"idOrVar","v":"value"}," ಗಂಟೆಗಳ ಹಿಂದೆ"],"few":[{"t":"idOrVar","v":"value"}," ಗಂಟೆಗಳ ಹಿಂದೆ"],"many":[{"t":"idOrVar","v":"value"}," ಗಂಟೆಗಳ ಹಿಂದೆ"],"other":[{"t":"idOrVar","v":"value"}," ಗಂಟೆಗಳ ಹಿಂದೆ"]},"$x":[{"t":"idOrVar","v":"plural"},"value"]},{"$i":"days-ago-long","$v":{"zero":"ಇಂದು","one":"ನಿನ್ನೆ","two":[{"t":"idOrVar","v":"value"}," ದಿನಗಳ ಹಿಂದೆ"],"few":[{"t":"idOrVar","v":"value"}," ದಿನಗಳ ಹಿಂದೆ"],"many":[{"t":"idOrVar","v":"value"}," ದಿನಗಳ ಹಿಂದೆ"],"other":[{"t":"idOrVar","v":"value"}," ದಿನಗಳ ಹಿಂದೆ"]},"$x":[{"t":"idOrVar","v":"plural"},"value"]},{"$i":"weeks-ago-long","$v":{"zero":"ಈ ವಾರ","one":"ಕಳೆದ ವಾರ","two":[{"t":"idOrVar","v":"value"}," ವಾರಗಳ ಹಿಂದೆ"],"few":[{"t":"idOrVar","v":"value"}," ವಾರಗಳ ಹಿಂದೆ"],"many":[{"t":"idOrVar","v":"value"}," ವಾರಗಳ ಹಿಂದೆ"],"other":[{"t":"idOrVar","v":"value"}," ವಾರಗಳ ಹಿಂದೆ"]},"$x":[{"t":"idOrVar","v":"plural"},"value"]},{"$i":"months-ago-long","$v":{"zero":"ಈ ತಿಂಗಳು","one":"ಕಳೆದ ತಿಂಗಳು","two":[{"t":"idOrVar","v":"value"}," ತಿಂಗಳುಗಳ ಹಿಂದೆ"],"few":[{"t":"idOrVar","v":"value"}," ತಿಂಗಳುಗಳ ಹಿಂದೆ"],"many":[{"t":"idOrVar","v":"value"}," ತಿಂಗಳುಗಳ ಹಿಂದೆ"],"other":[{"t":"idOrVar","v":"value"}," ತಿಂಗಳುಗಳ ಹಿಂದೆ"]},"$x":[{"t":"idOrVar","v":"plural"},"value"]},{"$i":"years-ago-long","$v":{"zero":"ಈ ವರ್ಷ","one":"ಕಳೆದ ವರ್ಷ","two":[{"t":"idOrVar","v":"Value"}," ವರ್ಷಗಳ ಹಿಂದೆ"],"few":[{"t":"idOrVar","v":"Value"}," ವರ್ಷಗಳ ಹಿಂದೆ"],"many":[{"t":"idOrVar","v":"Value"}," ವರ್ಷಗಳ ಹಿಂದೆ"],"other":[{"t":"idOrVar","v":"Value"}," ವರ್ಷಗಳ ಹಿಂದೆ"]},"$x":[{"t":"idOrVar","v":"plural"},"value"]},{"$i":"minutes-until-long","$v":{"zero":"ಇದೀಗ","one":"ಒಂದು ನಿಮಿಷದಲ್ಲಿ","two":[{"t":"idOrVar","v":"value"}," ನಿಮಿಷಗಳಲ್ಲಿ"],"few":[{"t":"idOrVar","v":"value"}," ನಿಮಿಷಗಳಲ್ಲಿ"],"many":[{"t":"idOrVar","v":"value"}," ನಿಮಿಷಗಳಲ್ಲಿ"],"other":[{"t":"idOrVar","v":"value"}," ನಿಮಿಷಗಳಲ್ಲಿ"]},"$x":[{"t":"idOrVar","v":"plural"},"value"]},{"$i":"hours-until-long","$v":{"zero":"ಇದೀಗ","one":"ಒಂದು ಗಂಟೆಯಲ್ಲಿ","two":[{"t":"idOrVar","v":"value"}," ಗಂಟೆಗಳಲ್ಲಿ"],"few":[{"t":"idOrVar","v":"value"}," ಗಂಟೆಗಳಲ್ಲಿ"],"many":[{"t":"idOrVar","v":"value"}," ಗಂಟೆಗಳಲ್ಲಿ"],"other":[{"t":"idOrVar","v":"value"}," ಗಂಟೆಗಳಲ್ಲಿ"]},"$x":[{"t":"idOrVar","v":"plural"},"value"]},{"$i":"days-until-long","$v":{"zero":"ಇಂದು","one":"ನಾಳೆ","two":[{"t":"idOrVar","v":"value"}," ದಿನಗಳಲ್ಲಿ"],"few":[{"t":"idOrVar","v":"value"}," ದಿನಗಳಲ್ಲಿ"],"many":[{"t":"idOrVar","v":"value"}," ದಿನಗಳಲ್ಲಿ"],"other":[{"t":"idOrVar","v":"value"}," ದಿನಗಳಲ್ಲಿ"]},"$x":[{"t":"idOrVar","v":"plural"},"value"]},{"$i":"weeks-until-long","$v":{"zero":"ಈ ವಾರ","one":"ಮುಂದಿನ ವಾರ","two":[{"t":"idOrVar","v":"value"}," ವಾರಗಳಲ್ಲಿ"],"few":[{"t":"idOrVar","v":"value"}," ವಾರಗಳಲ್ಲಿ"],"many":[{"t":"idOrVar","v":"value"}," ವಾರಗಳಲ್ಲಿ"],"other":[{"t":"idOrVar","v":"value"}," ವಾರಗಳಲ್ಲಿ"]},"$x":[{"t":"idOrVar","v":"plural"},"value"]},{"$i":"months-until-long","$v":{"zero":"ಈ ತಿಂಗಳು","one":"ಮುಂದಿನ ತಿಂಗಳು","two":[{"t":"idOrVar","v":"value"}," ತಿಂಗಳುಗಳಲ್ಲಿ"],"few":[{"t":"idOrVar","v":"value"}," ತಿಂಗಳುಗಳಲ್ಲಿ"],"many":[{"t":"idOrVar","v":"value"}," ತಿಂಗಳುಗಳಲ್ಲಿ"],"other":[{"t":"idOrVar","v":"value"}," ತಿಂಗಳುಗಳಲ್ಲಿ"]},"$x":[{"t":"idOrVar","v":"plural"},"value"]},{"$i":"years-until-long","$v":{"zero":"ಈ ವರ್ಷ","one":"ಮುಂದಿನ ವರ್ಷ","two":[{"t":"idOrVar","v":"value"}," ವರ್ಷಗಳಲ್ಲಿ"],"few":[{"t":"idOrVar","v":"value"}," ವರ್ಷಗಳಲ್ಲಿ"],"many":[{"t":"idOrVar","v":"value"}," ವರ್ಷಗಳಲ್ಲಿ"],"other":[{"t":"idOrVar","v":"value"}," ವರ್ಷಗಳಲ್ಲಿ"]},"$x":[{"t":"idOrVar","v":"plural"},"value"]},{"$i":"minutes-ago-short","$v":{"zero":"ಈಗಷ್ಟೇ","other":[{"t":"idOrVar","v":"value"},"ನಿಮಿಷಗಳ ಹಿಂದೆ"]},"$x":[{"t":"idOrVar","v":"plural"},"value"]},{"$i":"hours-ago-short","$v":{"zero":"ಈಗಷ್ಟೇ","other":[{"t":"idOrVar","v":"value"},"ಗಂಟೆಗಳ ಹಿಂದೆ"]},"$x":[{"t":"idOrVar","v":"plural"},"value"]},{"$i":"days-ago-short","$v":{"zero":"ಇಂದು","other":[{"t":"idOrVar","v":"value"},"ದಿನದ ಹಿಂದೆ"]},"$x":[{"t":"idOrVar","v":"plural"},"value"]},{"$i":"minutes-until-short","$v":{"zero":"ಇದೀಗ","other":[{"t":"idOrVar","v":"value"},"ನಿಮಿಷಗಳಲ್ಲಿ"]},"$x":[{"t":"idOrVar","v":"plural"},"value"]},{"$i":"hours-until-short","$v":{"zero":"ಇದೀಗ","other":[{"t":"idOrVar","v":"value"},"ಗಂಟೆಗಳಲ್ಲಿ"]},"$x":[{"t":"idOrVar","v":"plural"},"value"]},{"$i":"days-until-short","$v":{"zero":"ಇಂದು","other":[{"t":"idOrVar","v":"value"},"ದಿನದಲ್ಲಿ"]},"$x":[{"t":"idOrVar","v":"plural"},"value"]},{"$i":"incorrectDate","$v":"(ತಪ್ಪಾದ ದಿನಾಂಕ)"},{"$i":"dateTimeFormat_%c","$v":"%a %b %e %Y %I:%M:%S %p"},{"$i":"dateTimeFormat_%x","$v":"%m/%d/%Y"},{"$i":"dateTimeFormat_%X","$v":"%I:%M:%S %p"},{"$i":"shortTimeFormat","$v":"%I:%M %p"},{"$i":"shortTimeFormat12","$v":"%I:%M %p"},{"$i":"shortTimeFormat24","$v":"%H:%M"},{"$i":"shortDateTimeFormat","$v":"%x %I:%M %p"},{"$i":"weekStartsOnMonday","$v":"0"},{"$i":"firstDayOfTheWeek","$v":"0"},{"$i":"time_am","$v":"AM"},{"$i":"time_pm","$v":"PM"}]