[{"$i":"tcl-cmas-ok","$v":"ٹھیک"},{"$i":"tcl-emergency-alert-title","$v":"چوکسی CMAS"},{"$i":"alert-inbox","$v":"چوکس ان بکُس"},{"$i":"emergency-alerts","$v":"ھینگٲمی چوکسی"},{"$i":"presidential-alert","$v":"صدریٲتی چوکسی"},{"$i":"extreme-alert","$v":"انتہٲئی چوکسی"},{"$i":"severe-alert","$v":"شدید چوکسی"},{"$i":"amber-alert","$v":"AMBER چوکسی"},{"$i":"required-monthly-test","$v":"ضورتھ چھِ ریتھ پٲٹھ جانچ"},{"$i":"cmas","$v":"cmas"},{"$i":"delete","$v":"خٲرج"},{"$i":"cancel","$v":"رد کر"},{"$i":"delete-all","$v":"خٲرج کر سٲری"},{"$i":"no-alert","$v":"کاہ چوکسی نِہ"},{"$i":"warning","$v":"تنبیہ"},{"$i":"delete-all-alerts","$v":"خٲرج کریو تمام چوکسی"},{"$i":"delete-this-alerts","$v":"خٲرج کریو یِہ چوکسی"},{"$i":"back","$v":"پتھ"},{"$i":"select","$v":"چُنیو"},{"$i":"go","$v":"پکھ"},{"$i":"call","$v":"کال"},{"$i":"alert-deleted","$v":"چوکسی کر خٲرج"},{"$i":"today","$v":"از"},{"$i":"weekday-0-long","$v":"آتھوار"},{"$i":"weekday-1-long","$v":"ژیندوار"},{"$i":"weekday-2-long","$v":"بوموار"},{"$i":"weekday-3-long","$v":"بُدھوار"},{"$i":"weekday-4-long","$v":"بریسوار"},{"$i":"weekday-5-long","$v":"جُمع"},{"$i":"weekday-6-long","$v":"بٹوار"},{"$i":"weekday-0-short","$v":"آتھوار"},{"$i":"weekday-1-short","$v":"ژیندوار"},{"$i":"weekday-2-short","$v":"بوموار"},{"$i":"weekday-3-short","$v":"بُدھوار"},{"$i":"weekday-4-short","$v":"بریسوار"},{"$i":"weekday-5-short","$v":"جُمع"},{"$i":"weekday-6-short","$v":"بٹوار"},{"$i":"month-0-long","$v":"جنوری"},{"$i":"month-1-long","$v":"فروری"},{"$i":"month-2-long","$v":"مارچ"},{"$i":"month-3-long","$v":"اپریل"},{"$i":"month-4-long","$v":"مئی"},{"$i":"month-5-long","$v":"جون"},{"$i":"month-6-long","$v":"جولائی"},{"$i":"month-7-long","$v":"اگست"},{"$i":"month-8-long","$v":"ستمبر"},{"$i":"month-9-long","$v":"اکتومبر"},{"$i":"month-10-long","$v":"نومبر"},{"$i":"month-11-long","$v":"دسمبر"},{"$i":"month-0-genitive","$v":"جنوری"},{"$i":"month-1-genitive","$v":"فروری"},{"$i":"month-2-genitive","$v":"مارچ"},{"$i":"month-3-genitive","$v":"اپریل"},{"$i":"month-4-genitive","$v":"مئی"},{"$i":"month-5-genitive","$v":"جون"},{"$i":"month-6-genitive","$v":"جولائی"},{"$i":"month-7-genitive","$v":"اگست"},{"$i":"month-8-genitive","$v":"ستمبر"},{"$i":"month-9-genitive","$v":"اکتومبر"},{"$i":"month-10-genitive","$v":"نومبر"},{"$i":"month-11-genitive","$v":"دسمبر"},{"$i":"month-0-short","$v":"جنوری"},{"$i":"month-1-short","$v":"فروری"},{"$i":"month-2-short","$v":"مارچ"},{"$i":"month-3-short","$v":"اپریل"},{"$i":"month-4-short","$v":"مئی"},{"$i":"month-5-short","$v":"جون"},{"$i":"month-6-short","$v":"جولائی"},{"$i":"month-7-short","$v":"اگست"},{"$i":"month-8-short","$v":"ستمبر"},{"$i":"month-9-short","$v":"اکتومبر"},{"$i":"month-10-short","$v":"نومبر"},{"$i":"month-11-short","$v":"دسمبر"},{"$i":"minutes-ago-long","$v":{"zero":"صرف وین","one":"اکھ منٹ برونٹھ","two":["منٹ برونٹھ ",{"t":"idOrVar","v":"value"}],"few":["منٹ برونٹھ ",{"t":"idOrVar","v":"value"}],"many":["منٹ برونٹھ ",{"t":"idOrVar","v":"value"}],"other":["منٹ برونٹھ ",{"t":"idOrVar","v":"value"}]},"$x":[{"t":"idOrVar","v":"plural"},"value"]},{"$i":"hours-ago-long","$v":{"zero":"صرف وین","one":"اکھ گھنٹہ برونٹھ","two":["گھنٹہ برونٹھ ",{"t":"idOrVar","v":"value"}],"few":["گھنٹہ برونٹھ ",{"t":"idOrVar","v":"value"}],"many":["گھنٹہ برونٹھ ",{"t":"idOrVar","v":"value"}],"other":["گھنٹہ برونٹھ ",{"t":"idOrVar","v":"value"}]},"$x":[{"t":"idOrVar","v":"plural"},"value"]},{"$i":"days-ago-long","$v":{"zero":"از","one":"راتھ","two":["دوہ برونٹھ ",{"t":"idOrVar","v":"value"}],"few":["دوہ برونٹھ ",{"t":"idOrVar","v":"value"}],"many":["دوہ برونٹھ ",{"t":"idOrVar","v":"value"}],"other":["دوہ برونٹھ ",{"t":"idOrVar","v":"value"}]},"$x":[{"t":"idOrVar","v":"plural"},"value"]},{"$i":"weeks-ago-long","$v":{"zero":"یِہ ہفتہ","one":"پیتِم ہفتہ","two":["ہفتہ برونٹھ ",{"t":"idOrVar","v":"value"}],"few":["ہفتہ برونٹھ ",{"t":"idOrVar","v":"value"}],"many":["ہفتہ برونٹھ ",{"t":"idOrVar","v":"value"}],"other":["ہفتہ برونٹھ ",{"t":"idOrVar","v":"value"}]},"$x":[{"t":"idOrVar","v":"plural"},"value"]},{"$i":"months-ago-long","$v":{"zero":"یِہ ریتھ","one":"پیتِم ریتھ","two":["ریتھ برونٹھ ",{"t":"idOrVar","v":"value"}],"few":["ریتھ برونٹھ ",{"t":"idOrVar","v":"value"}],"many":["ریتھ برونٹھ ",{"t":"idOrVar","v":"value"}],"other":["ریتھ برونٹھ ",{"t":"idOrVar","v":"value"}]},"$x":[{"t":"idOrVar","v":"plural"},"value"]},{"$i":"years-ago-long","$v":{"zero":"یِہ وریح","one":"پیتِم وریح","two":["وریح برونٹھ ",{"t":"idOrVar","v":"value"}],"few":["وریح برونٹھ ",{"t":"idOrVar","v":"value"}],"many":["وریح برونٹھ ",{"t":"idOrVar","v":"value"}],"other":["وریح برونٹھ ",{"t":"idOrVar","v":"value"}]},"$x":[{"t":"idOrVar","v":"plural"},"value"]},{"$i":"minutes-until-long","$v":{"zero":"وین","one":"اکِس منٹس منز","two":["منز ",{"t":"idOrVar","v":"value"}," منٹن"],"few":["منز ",{"t":"idOrVar","v":"value"}," منٹن"],"many":["منز ",{"t":"idOrVar","v":"value"}," منٹن"],"other":["منز ",{"t":"idOrVar","v":"value"}," منٹن"]},"$x":[{"t":"idOrVar","v":"plural"},"value"]},{"$i":"hours-until-long","$v":{"zero":"وین","one":"اکِس گھنٹس منز","two":["منز ",{"t":"idOrVar","v":"value"}," گھنٹن"],"few":["منز ",{"t":"idOrVar","v":"value"}," گھنٹن"],"many":["منز ",{"t":"idOrVar","v":"value"}," گھنٹن"],"other":["منز ",{"t":"idOrVar","v":"value"}," گھنٹن"]},"$x":[{"t":"idOrVar","v":"plural"},"value"]},{"$i":"days-until-long","$v":{"zero":"از","one":"پگاہ","two":["منز ",{"t":"idOrVar","v":"value"}," دوہن"],"few":["منز ",{"t":"idOrVar","v":"value"}," دوہن"],"many":["منز ",{"t":"idOrVar","v":"value"}," دوہن"],"other":["منز ",{"t":"idOrVar","v":"value"}," دوہن"]},"$x":[{"t":"idOrVar","v":"plural"},"value"]},{"$i":"weeks-until-long","$v":{"zero":"یِہ ہفتہ","one":"نو ہفتہ","two":["منز ",{"t":"idOrVar","v":"value"}," ہفتن"],"few":["منز ",{"t":"idOrVar","v":"value"}," ہفتن"],"many":["منز ",{"t":"idOrVar","v":"value"}," ہفتن"],"other":["منز ",{"t":"idOrVar","v":"value"}," ہفتن"]},"$x":[{"t":"idOrVar","v":"plural"},"value"]},{"$i":"months-until-long","$v":{"zero":"یِہ ریتھ","one":"نو ریتھ","two":["منز ",{"t":"idOrVar","v":"value"}," ریتھن"],"few":["منز ",{"t":"idOrVar","v":"value"}," ریتھن"],"many":["منز ",{"t":"idOrVar","v":"value"}," ریتھن"],"other":["منز ",{"t":"idOrVar","v":"value"}," ریتھن"]},"$x":[{"t":"idOrVar","v":"plural"},"value"]},{"$i":"years-until-long","$v":{"zero":"یِہ وریح","one":"نو وریح","two":["منز ",{"t":"idOrVar","v":"value"}," وریہن"],"few":["منز ",{"t":"idOrVar","v":"value"}," وریہن"],"many":["منز ",{"t":"idOrVar","v":"value"}," وریہن"],"other":["منز ",{"t":"idOrVar","v":"value"}," وریہن"]},"$x":[{"t":"idOrVar","v":"plural"},"value"]},{"$i":"minutes-ago-short","$v":{"zero":"صرف وین","other":["برونٹھ m",{"t":"idOrVar","v":"value"}]},"$x":[{"t":"idOrVar","v":"plural"},"value"]},{"$i":"hours-ago-short","$v":{"zero":"صرف وین","other":["برونٹھ h",{"t":"idOrVar","v":"value"}]},"$x":[{"t":"idOrVar","v":"plural"},"value"]},{"$i":"days-ago-short","$v":{"zero":"از","other":["برونٹھ d",{"t":"idOrVar","v":"value"}]},"$x":[{"t":"idOrVar","v":"plural"},"value"]},{"$i":"minutes-until-short","$v":{"zero":"وین","other":["منز ",{"t":"idOrVar","v":"value"},"m"]},"$x":[{"t":"idOrVar","v":"plural"},"value"]},{"$i":"hours-until-short","$v":{"zero":"وین","other":["منز ",{"t":"idOrVar","v":"value"},"h"]},"$x":[{"t":"idOrVar","v":"plural"},"value"]},{"$i":"days-until-short","$v":{"zero":"از","other":["منز ",{"t":"idOrVar","v":"value"},"d"]},"$x":[{"t":"idOrVar","v":"plural"},"value"]},{"$i":"incorrectDate","$v":"﴾غیر درست تٲریخ﴿"},{"$i":"dateTimeFormat_%c","$v":"%a %b %e %Y %I:%M:%S %p"},{"$i":"dateTimeFormat_%x","$v":"%m/%d/%Y"},{"$i":"dateTimeFormat_%X","$v":"%I:%M:%S %p"},{"$i":"shortTimeFormat","$v":"%I:%M %p"},{"$i":"shortTimeFormat12","$v":"%I:%M %p"},{"$i":"shortTimeFormat24","$v":"%H:%M"},{"$i":"shortDateTimeFormat","$v":"%x %I:%M %p"},{"$i":"weekStartsOnMonday","$v":"0"},{"$i":"firstDayOfTheWeek","$v":"0"},{"$i":"time_am","$v":"AM"},{"$i":"time_pm","$v":"PM"}]