[{"$i":"tcl-cmas-ok","$v":"ठीक आहे"},{"$i":"tcl-emergency-alert-title","$v":"CMAS अलर्ट"},{"$i":"alert-inbox","$v":"अलर्ट इनबॉक्स"},{"$i":"emergency-alerts","$v":"आपातकालीन अलर्ट"},{"$i":"presidential-alert","$v":"प्रेसिडेंशियल अलर्ट"},{"$i":"extreme-alert","$v":"एक्स्ट्रीम अलर्ट"},{"$i":"severe-alert","$v":"गंभीर अलर्ट"},{"$i":"amber-alert","$v":"AMBER अलर्ट"},{"$i":"required-monthly-test","$v":"मासिक परीक्षण आवश्यक आहे"},{"$i":"cmas","$v":"cmas"},{"$i":"delete","$v":"हटवा"},{"$i":"cancel","$v":"रद्द करा"},{"$i":"delete-all","$v":"सर्व हटवा"},{"$i":"no-alert","$v":"कोणतेही अलार्म नाही"},{"$i":"warning","$v":"सूचना"},{"$i":"delete-all-alerts","$v":"सर्व अलर्ट हटवा?"},{"$i":"delete-this-alerts","$v":"हा अलर्ट हटवा?"},{"$i":"back","$v":"मागे जा"},{"$i":"select","$v":"निवडा"},{"$i":"go","$v":"जा"},{"$i":"call","$v":"कॉल"},{"$i":"alert-deleted","$v":"अलार्म हटवला आहे."},{"$i":"today","$v":"आज"},{"$i":"weekday-0-long","$v":"रविवार"},{"$i":"weekday-1-long","$v":"सोमवार"},{"$i":"weekday-2-long","$v":"मंगळवार"},{"$i":"weekday-3-long","$v":"बुधवार"},{"$i":"weekday-4-long","$v":"गुरुवार"},{"$i":"weekday-5-long","$v":"शुक्रवार"},{"$i":"weekday-6-long","$v":"शनिवार"},{"$i":"weekday-0-short","$v":"रवि"},{"$i":"weekday-1-short","$v":"सोम"},{"$i":"weekday-2-short","$v":"मंगळ"},{"$i":"weekday-3-short","$v":"बुध"},{"$i":"weekday-4-short","$v":"गुरु"},{"$i":"weekday-5-short","$v":"शुक्र"},{"$i":"weekday-6-short","$v":"शनि"},{"$i":"month-0-long","$v":"जानेवारी"},{"$i":"month-1-long","$v":"फेब्रुवारी"},{"$i":"month-2-long","$v":"मार्च"},{"$i":"month-3-long","$v":"एप्रिल"},{"$i":"month-4-long","$v":"मे"},{"$i":"month-5-long","$v":"जून"},{"$i":"month-6-long","$v":"जुलै"},{"$i":"month-7-long","$v":"ऑगस्ट"},{"$i":"month-8-long","$v":"सप्टेंबर"},{"$i":"month-9-long","$v":"ऑक्टोबर"},{"$i":"month-10-long","$v":"नोव्हेंबर"},{"$i":"month-11-long","$v":"डिसेंबर"},{"$i":"month-0-genitive","$v":"जानेवारी"},{"$i":"month-1-genitive","$v":"फेब्रुवारी"},{"$i":"month-2-genitive","$v":"मार्च"},{"$i":"month-3-genitive","$v":"एप्रिल"},{"$i":"month-4-genitive","$v":"मे"},{"$i":"month-5-genitive","$v":"जून"},{"$i":"month-6-genitive","$v":"जुलै"},{"$i":"month-7-genitive","$v":"ऑगस्ट"},{"$i":"month-8-genitive","$v":"सप्टेंबर"},{"$i":"month-9-genitive","$v":"ऑक्टोबर"},{"$i":"month-10-genitive","$v":"नोव्हेंबर"},{"$i":"month-11-genitive","$v":"डिसेंबर"},{"$i":"month-0-short","$v":"जानेवारी"},{"$i":"month-1-short","$v":"फेब्रुवारी"},{"$i":"month-2-short","$v":"मार्च"},{"$i":"month-3-short","$v":"एप्रिल"},{"$i":"month-4-short","$v":"मे"},{"$i":"month-5-short","$v":"जून"},{"$i":"month-6-short","$v":"जुलै"},{"$i":"month-7-short","$v":"ऑगस्‍ट"},{"$i":"month-8-short","$v":"सप्टेंबर"},{"$i":"month-9-short","$v":"ऑक्टोबर"},{"$i":"month-10-short","$v":"नोव्हेंबर"},{"$i":"month-11-short","$v":"डिसेंबर"},{"$i":"minutes-ago-long","$v":{"zero":"आत्ताच","one":"एक मिनिटापूर्वी","two":[{"t":"idOrVar","v":"value"}," मिनिटा पूर्वी"],"few":[{"t":"idOrVar","v":"value"}," मिनिटा पूर्वी"],"many":[{"t":"idOrVar","v":"value"}," मिनिटा पूर्वी"],"other":[{"t":"idOrVar","v":"value"}," मिनिटा पूर्वी"]},"$x":[{"t":"idOrVar","v":"plural"},"value"]},{"$i":"hours-ago-long","$v":{"zero":"आत्ताच","one":"एका तासापूर्वी","two":[{"t":"idOrVar","v":"value"}," तासा पूर्वी"],"few":[{"t":"idOrVar","v":"value"}," तासा पूर्वी"],"many":[{"t":"idOrVar","v":"value"}," तासा पूर्वी"],"other":[{"t":"idOrVar","v":"value"}," तासा पूर्वी"]},"$x":[{"t":"idOrVar","v":"plural"},"value"]},{"$i":"days-ago-long","$v":{"zero":"आज","one":"काल","two":[{"t":"idOrVar","v":"value"}," दिवसा पूर्वी"],"few":[{"t":"idOrVar","v":"value"}," दिवसा पूर्वी"],"many":[{"t":"idOrVar","v":"value"}," दिवसा पूर्वी"],"other":[{"t":"idOrVar","v":"value"}," दिवसा पूर्वी"]},"$x":[{"t":"idOrVar","v":"plural"},"value"]},{"$i":"weeks-ago-long","$v":{"zero":"हा आठवडा","one":"शेवटचा आठवडा","two":[{"t":"idOrVar","v":"value"}," आठवड्या पूर्वी"],"few":[{"t":"idOrVar","v":"value"}," आठवड्या पूर्वी"],"many":[{"t":"idOrVar","v":"value"}," आठवड्या पूर्वी"],"other":[{"t":"idOrVar","v":"value"}," आठवड्या पूर्वी"]},"$x":[{"t":"idOrVar","v":"plural"},"value"]},{"$i":"months-ago-long","$v":{"zero":"हा महिना","one":"शेवटचा महिना","two":[{"t":"idOrVar","v":"value"}," महिने पूर्वी"],"few":[{"t":"idOrVar","v":"value"}," महिने पूर्वी"],"many":[{"t":"idOrVar","v":"value"}," महिने पूर्वी"],"other":[{"t":"idOrVar","v":"value"}," महिने पूर्वी"]},"$x":[{"t":"idOrVar","v":"plural"},"value"]},{"$i":"years-ago-long","$v":{"zero":"हे वर्ष","one":"शेवटचे वर्ष","two":[{"t":"idOrVar","v":"value"}," वर्षां पूर्वी"],"few":[{"t":"idOrVar","v":"value"}," वर्षां पूर्वी"],"many":[{"t":"idOrVar","v":"value"}," वर्षां पूर्वी"],"other":[{"t":"idOrVar","v":"value"}," वर्षां पूर्वी"]},"$x":[{"t":"idOrVar","v":"plural"},"value"]},{"$i":"minutes-until-long","$v":{"zero":"आत्ता","one":"एका मिनिटा मध्ये","two":[{"t":"idOrVar","v":"value"}," मिनिटा मध्ये"],"few":[{"t":"idOrVar","v":"value"}," मिनिटा मध्ये"],"many":[{"t":"idOrVar","v":"value"}," मिनिटा मध्ये"],"other":[{"t":"idOrVar","v":"value"}," मिनिटा मध्ये"]},"$x":[{"t":"idOrVar","v":"plural"},"value"]},{"$i":"hours-until-long","$v":{"zero":"आत्ता","one":"एका तासा मध्ये","two":[{"t":"idOrVar","v":"value"}," तासा मध्ये"],"few":[{"t":"idOrVar","v":"value"}," तासा मध्ये"],"many":[{"t":"idOrVar","v":"value"}," तासा मध्ये"],"other":[{"t":"idOrVar","v":"value"}," तासा मध्ये"]},"$x":[{"t":"idOrVar","v":"plural"},"value"]},{"$i":"days-until-long","$v":{"zero":"आज","one":"उद्या","two":[{"t":"idOrVar","v":"value"}," दिवसां मध्ये"],"few":[{"t":"idOrVar","v":"value"}," दिवसां मध्ये"],"many":[{"t":"idOrVar","v":"value"}," दिवसां मध्ये"],"other":[{"t":"idOrVar","v":"value"}," दिवसां मध्ये"]},"$x":[{"t":"idOrVar","v":"plural"},"value"]},{"$i":"weeks-until-long","$v":{"zero":"हा आठवडा","one":"पुढील आठवडा","two":[{"t":"idOrVar","v":"value"}," आठवड्यां मध्ये"],"few":[{"t":"idOrVar","v":"value"}," आठवड्यां मध्ये"],"many":[{"t":"idOrVar","v":"value"}," आठवड्यां मध्ये"],"other":[{"t":"idOrVar","v":"value"}," आठवड्यां मध्ये"]},"$x":[{"t":"idOrVar","v":"plural"},"value"]},{"$i":"months-until-long","$v":{"zero":"हा महिना","one":"पुढील महिना","two":[{"t":"idOrVar","v":"value"}," महिन्यां मध्ये"],"few":[{"t":"idOrVar","v":"value"}," महिन्यां मध्ये"],"many":[{"t":"idOrVar","v":"value"}," महिन्यां मध्ये"],"other":[{"t":"idOrVar","v":"value"}," महिन्यां मध्ये"]},"$x":[{"t":"idOrVar","v":"plural"},"value"]},{"$i":"years-until-long","$v":{"zero":"हे वर्ष","one":"पुढील वर्ष","two":[{"t":"idOrVar","v":"value"}," वर्षां मध्ये"],"few":[{"t":"idOrVar","v":"value"}," वर्षां मध्ये"],"many":[{"t":"idOrVar","v":"value"}," वर्षां मध्ये"],"other":[{"t":"idOrVar","v":"value"}," वर्षां मध्ये"]},"$x":[{"t":"idOrVar","v":"plural"},"value"]},{"$i":"minutes-ago-short","$v":{"zero":"आत्ताच","other":[{"t":"idOrVar","v":"value"}," महिन्या पूर्वी"]},"$x":[{"t":"idOrVar","v":"plural"},"value"]},{"$i":"hours-ago-short","$v":{"zero":"आत्ताच","other":[{"t":"idOrVar","v":"value"}," तासा पूर्वी"]},"$x":[{"t":"idOrVar","v":"plural"},"value"]},{"$i":"days-ago-short","$v":{"zero":"आज","other":[{"t":"idOrVar","v":"value"}," दिवसा पूर्वी"]},"$x":[{"t":"idOrVar","v":"plural"},"value"]},{"$i":"minutes-until-short","$v":{"zero":"आत्ता","other":[{"t":"idOrVar","v":"value"},"मिनिटा मध्ये"]},"$x":[{"t":"idOrVar","v":"plural"},"value"]},{"$i":"hours-until-short","$v":{"zero":"आत्ता","other":[{"t":"idOrVar","v":"value"},"तासा मध्ये"]},"$x":[{"t":"idOrVar","v":"plural"},"value"]},{"$i":"days-until-short","$v":{"zero":"आज","other":[{"t":"idOrVar","v":"value"},"दिवसां मध्ये"]},"$x":[{"t":"idOrVar","v":"plural"},"value"]},{"$i":"incorrectDate","$v":"(चुकीची तारीख)"},{"$i":"dateTimeFormat_%c","$v":"%a %b %e %Y %I:%M:%S %p"},{"$i":"dateTimeFormat_%x","$v":"%m/%d/%Y"},{"$i":"dateTimeFormat_%X","$v":"%I:%M:%S %p"},{"$i":"shortTimeFormat","$v":"%I:%M %p"},{"$i":"shortTimeFormat12","$v":"%I:%M %p"},{"$i":"shortTimeFormat24","$v":"%H:%M"},{"$i":"shortDateTimeFormat","$v":"%x %I:%M %p"},{"$i":"weekStartsOnMonday","$v":"0"},{"$i":"firstDayOfTheWeek","$v":"0"},{"$i":"time_am","$v":"AM"},{"$i":"time_pm","$v":"PM"}]