[{"$i":"tcl-cmas-ok","$v":"नुदताम्"},{"$i":"tcl-emergency-alert-title","$v":"CMAS सतर्कता"},{"$i":"alert-inbox","$v":"अलार्ट इनबॉक्स"},{"$i":"emergency-alerts","$v":"आपातकालीन सूचनाः"},{"$i":"presidential-alert","$v":"राष्ट्रपतेः सतर्कवार्ता"},{"$i":"extreme-alert","$v":"चरम अलर्ट"},{"$i":"severe-alert","$v":"गंभीरसतर्कवार्ता"},{"$i":"amber-alert","$v":"AMBER सतर्कता"},{"$i":"required-monthly-test","$v":"आवश्यकं मासिकपरीक्षणम्"},{"$i":"cmas","$v":"CMAS"},{"$i":"delete","$v":"लुप्यताम्"},{"$i":"cancel","$v":"निरस्यताम्"},{"$i":"delete-all","$v":"सर्वान् लुप्यन्ताम्"},{"$i":"no-alert","$v":"न सतर्कवार्ता"},{"$i":"warning","$v":"सतर्कवार्ता"},{"$i":"delete-all-alerts","$v":"सकल अलर्ट अपमर्जतु?"},{"$i":"delete-this-alerts","$v":"अयमलर्ट अपमर्जतु?"},{"$i":"back","$v":"पृष्ठे"},{"$i":"select","$v":"चिनोतु"},{"$i":"go","$v":"गम्यताम्"},{"$i":"call","$v":"वार्ता"},{"$i":"alert-deleted","$v":"अलार्ट निष्क्रियः।"},{"$i":"today","$v":"अद्य"},{"$i":"weekday-0-long","$v":"रविवासरः"},{"$i":"weekday-1-long","$v":"सोमवासरः"},{"$i":"weekday-2-long","$v":"मङ्गलवासरः"},{"$i":"weekday-3-long","$v":"बुधवासरः"},{"$i":"weekday-4-long","$v":"गुरुवासरः"},{"$i":"weekday-5-long","$v":"शुक्रवासरः"},{"$i":"weekday-6-long","$v":"शनिवासरः"},{"$i":"weekday-0-short","$v":"रविः"},{"$i":"weekday-1-short","$v":"सोम"},{"$i":"weekday-2-short","$v":"मंगलवारः"},{"$i":"weekday-3-short","$v":"मेल करनम्"},{"$i":"weekday-4-short","$v":"गुरुवारः"},{"$i":"weekday-5-short","$v":"शुक्र"},{"$i":"weekday-6-short","$v":"उपवेशितम्"},{"$i":"month-0-long","$v":"जनवरी"},{"$i":"month-1-long","$v":"फरवरी"},{"$i":"month-2-long","$v":"मार्च"},{"$i":"month-3-long","$v":"अप्रैल"},{"$i":"month-4-long","$v":"मई"},{"$i":"month-5-long","$v":"जून"},{"$i":"month-6-long","$v":"जुलाई"},{"$i":"month-7-long","$v":"अगस्त"},{"$i":"month-8-long","$v":"सितम्बरः"},{"$i":"month-9-long","$v":"अक्टूबरः"},{"$i":"month-10-long","$v":"नवम्बरः"},{"$i":"month-11-long","$v":"दिसम्बरः"},{"$i":"month-0-genitive","$v":"जनवरी"},{"$i":"month-1-genitive","$v":"फरवरी"},{"$i":"month-2-genitive","$v":"मार्च"},{"$i":"month-3-genitive","$v":"अप्रैल"},{"$i":"month-4-genitive","$v":"मई"},{"$i":"month-5-genitive","$v":"जून"},{"$i":"month-6-genitive","$v":"जुलाई"},{"$i":"month-7-genitive","$v":"अगस्त"},{"$i":"month-8-genitive","$v":"सितम्बरः"},{"$i":"month-9-genitive","$v":"अक्टूबरः"},{"$i":"month-10-genitive","$v":"नवम्बरः"},{"$i":"month-11-genitive","$v":"दिसम्बरः"},{"$i":"month-0-short","$v":"जनवरी"},{"$i":"month-1-short","$v":"फेव"},{"$i":"month-2-short","$v":"मार्च"},{"$i":"month-3-short","$v":"अप्रैल"},{"$i":"month-4-short","$v":"मई"},{"$i":"month-5-short","$v":"जनवरी"},{"$i":"month-6-short","$v":"जुलाई"},{"$i":"month-7-short","$v":"अगस्त"},{"$i":"month-8-short","$v":"सितम्बरः"},{"$i":"month-9-short","$v":"अक्टूबरः"},{"$i":"month-10-short","$v":"नवम्बरः"},{"$i":"month-11-short","$v":"डीईसी"},{"$i":"minutes-ago-long","$v":{"zero":"अधुना","one":"एकमिनट पूर्वम्","two":[{"t":"idOrVar","v":"value"}," मिनिटपूर्वम्"],"few":[{"t":"idOrVar","v":"value"}," मिनिटपूर्वम्"],"many":[{"t":"idOrVar","v":"value"}," मिनिटपूर्वम्"],"other":[{"t":"idOrVar","v":"value"}," मिनिटपूर्वम्"]},"$x":[{"t":"idOrVar","v":"plural"},"value"]},{"$i":"hours-ago-long","$v":{"zero":"अधुना","one":"एकघंटा पूर्वम्","two":[{"t":"idOrVar","v":"value"}," घटिकापूर्वम्"],"few":[{"t":"idOrVar","v":"value"}," घटिकापूर्वम्"],"many":[{"t":"idOrVar","v":"value"}," घटिकापूर्वम्"],"other":[{"t":"idOrVar","v":"value"}," घटिकापूर्वम्"]},"$x":[{"t":"idOrVar","v":"plural"},"value"]},{"$i":"days-ago-long","$v":{"zero":"अद्य","one":"ह्यः","two":[{"t":"idOrVar","v":"value"}," दिनपूर्वम्"],"few":[{"t":"idOrVar","v":"value"}," दिनपूर्वम्"],"many":[{"t":"idOrVar","v":"value"}," दिनपूर्वम्"],"other":[{"t":"idOrVar","v":"value"}," दिनपूर्वम्"]},"$x":[{"t":"idOrVar","v":"plural"},"value"]},{"$i":"weeks-ago-long","$v":{"zero":"अस्मिन् सप्ताहे","one":"ह्यः सप्ताहे","two":[{"t":"idOrVar","v":"value"}," सप्ताहपूर्वम्"],"few":[{"t":"idOrVar","v":"value"}," सप्ताहपूर्वम्"],"many":[{"t":"idOrVar","v":"value"}," सप्ताहपूर्वम्"],"other":[{"t":"idOrVar","v":"value"}," सप्ताहपूर्वम्"]},"$x":[{"t":"idOrVar","v":"plural"},"value"]},{"$i":"months-ago-long","$v":{"zero":"अस्मिन् मासे","one":"ह्यः मासे","two":[{"t":"idOrVar","v":"value"}," मासपूर्वम्"],"few":[{"t":"idOrVar","v":"value"}," मासपूर्वम्"],"many":[{"t":"idOrVar","v":"value"}," मासपूर्वम्"],"other":[{"t":"idOrVar","v":"value"}," मासपूर्वम्"]},"$x":[{"t":"idOrVar","v":"plural"},"value"]},{"$i":"years-ago-long","$v":{"zero":"अस्मिन् वर्षे","one":"ह्यः वर्षे","two":[{"t":"idOrVar","v":"value"}," वर्षपूर्वम्"],"few":[{"t":"idOrVar","v":"value"}," वर्षपूर्वम्"],"many":[{"t":"idOrVar","v":"value"}," वर्षपूर्वम्"],"other":[{"t":"idOrVar","v":"value"}," वर्षपूर्वम्"]},"$x":[{"t":"idOrVar","v":"plural"},"value"]},{"$i":"minutes-until-long","$v":{"zero":"अधुना","one":"एकमिनटमध्ये","two":[{"t":"idOrVar","v":"value"}," निमेषात्मके"],"few":[{"t":"idOrVar","v":"value"}," निमेषात्मके"],"many":[{"t":"idOrVar","v":"value"}," निमेषात्मके"],"other":[{"t":"idOrVar","v":"value"}," निमेषात्मके"]},"$x":[{"t":"idOrVar","v":"plural"},"value"]},{"$i":"hours-until-long","$v":{"zero":"अधुना","one":"एकघंटात्मके","two":[{"t":"idOrVar","v":"value"}," घंटात्मके"],"few":[{"t":"idOrVar","v":"value"}," घंटात्मके"],"many":[{"t":"idOrVar","v":"value"}," घंटात्मके"],"other":[{"t":"idOrVar","v":"value"}," घंटात्मके"]},"$x":[{"t":"idOrVar","v":"plural"},"value"]},{"$i":"days-until-long","$v":{"zero":"अद्य","one":"श्वः","two":[{"t":"idOrVar","v":"value"}," दिनात्मके"],"few":[{"t":"idOrVar","v":"value"}," दिनात्मके"],"many":[{"t":"idOrVar","v":"value"}," दिनात्मके"],"other":[{"t":"idOrVar","v":"value"}," दिनात्मके"]},"$x":[{"t":"idOrVar","v":"plural"},"value"]},{"$i":"weeks-until-long","$v":{"zero":"अस्मिन् सप्ताहे","one":"श्वः सप्ताहे","two":[{"t":"idOrVar","v":"value"}," सप्ताहात्मके"],"few":[{"t":"idOrVar","v":"value"}," सप्ताहात्मके"],"many":[{"t":"idOrVar","v":"value"}," सप्ताहात्मके"],"other":[{"t":"idOrVar","v":"value"}," सप्ताहात्मके"]},"$x":[{"t":"idOrVar","v":"plural"},"value"]},{"$i":"months-until-long","$v":{"zero":"अस्मिन् मासे","one":"श्वः मासे","two":[{"t":"idOrVar","v":"value"}," मासात्मके"],"few":[{"t":"idOrVar","v":"value"}," मासात्मके"],"many":[{"t":"idOrVar","v":"value"}," मासात्मके"],"other":[{"t":"idOrVar","v":"value"}," मासात्मके"]},"$x":[{"t":"idOrVar","v":"plural"},"value"]},{"$i":"years-until-long","$v":{"zero":"अस्मिन् वर्षे","one":"श्वः वर्षे","two":[{"t":"idOrVar","v":"value"}," वर्षात्मके"],"few":[{"t":"idOrVar","v":"value"}," वर्षात्मके"],"many":[{"t":"idOrVar","v":"value"}," वर्षात्मके"],"other":[{"t":"idOrVar","v":"value"}," वर्षात्मके"]},"$x":[{"t":"idOrVar","v":"plural"},"value"]},{"$i":"minutes-ago-short","$v":{"zero":"अधुना","other":[{"t":"idOrVar","v":"value"},"m पूर्वम्"]},"$x":[{"t":"idOrVar","v":"plural"},"value"]},{"$i":"hours-ago-short","$v":{"zero":"अधुना","other":[{"t":"idOrVar","v":"value"},"h पूर्वम्"]},"$x":[{"t":"idOrVar","v":"plural"},"value"]},{"$i":"days-ago-short","$v":{"zero":"अद्य","other":[{"t":"idOrVar","v":"value"},"d पूर्वम्"]},"$x":[{"t":"idOrVar","v":"plural"},"value"]},{"$i":"minutes-until-short","$v":{"zero":"अधुना","other":[{"t":"idOrVar","v":"value"}," m"]},"$x":[{"t":"idOrVar","v":"plural"},"value"]},{"$i":"hours-until-short","$v":{"zero":"अधुना","other":[{"t":"idOrVar","v":"value"}," h"]},"$x":[{"t":"idOrVar","v":"plural"},"value"]},{"$i":"days-until-short","$v":{"zero":"अद्य","other":[{"t":"idOrVar","v":"value"}," d"]},"$x":[{"t":"idOrVar","v":"plural"},"value"]},{"$i":"incorrectDate","$v":"(त्रुटिदिनांकः)"},{"$i":"dateTimeFormat_%c","$v":"%a %b %e %Y %I:%M:%S %p"},{"$i":"dateTimeFormat_%x","$v":"%m/%d/%Y"},{"$i":"dateTimeFormat_%X","$v":"%I:%M:%S %p"},{"$i":"shortTimeFormat","$v":"%I:%M %p"},{"$i":"shortTimeFormat12","$v":"%I:%M %p"},{"$i":"shortTimeFormat24","$v":"%H:%M"},{"$i":"shortDateTimeFormat","$v":"%x %I:%M %p"},{"$i":"weekStartsOnMonday","$v":"0"},{"$i":"firstDayOfTheWeek","$v":"0"},{"$i":"time_am","$v":"AM"},{"$i":"time_pm","$v":"PM"}]