[{"$i":"tcl-cmas-ok","$v":"ᱴᱤᱠ"},{"$i":"tcl-emergency-alert-title","$v":"CMAS ᱥᱚᱸᱛᱚᱨ"},{"$i":"alert-inbox","$v":"ᱥᱚᱝᱛᱚᱨ ᱤᱱᱵᱟᱥᱚ"},{"$i":"emergency-alerts","$v":"ᱦᱚᱴᱟᱡ ᱥᱚᱸᱛᱚᱨ ᱠᱚ"},{"$i":"presidential-alert","$v":"ᱯᱟᱦᱤᱞ ᱠᱷᱚᱱ ᱢᱮᱱᱟᱜ ᱥᱚᱸᱱᱛᱚᱨ"},{"$i":"extreme-alert","$v":"ᱪᱮᱴᱟᱱ ᱩᱛᱚᱨ ᱥᱚᱸᱛᱚᱨ"},{"$i":"severe-alert","$v":"ᱥᱚᱸᱛᱚᱨ ᱠᱮᱴᱮᱡ"},{"$i":"amber-alert","$v":"AMBER ᱥᱚᱸᱛᱚᱨ"},{"$i":"required-monthly-test","$v":"ᱞᱟᱜᱛᱤᱭᱟᱜ ᱪᱟᱸᱫᱩ ᱛᱤᱭᱟᱜ ᱯᱚᱨᱤᱪᱷᱟ"},{"$i":"cmas","$v":"cmas"},{"$i":"delete","$v":"ᱢᱮᱴᱟᱣ"},{"$i":"cancel","$v":"ᱢᱩᱪᱮᱫ"},{"$i":"delete-all","$v":"ᱡᱚᱛᱚᱢᱮᱴᱟᱣ"},{"$i":"no-alert","$v":"ᱵᱟᱱᱩᱜ-ᱟ ᱥᱚᱝᱛᱚᱨᱟᱜ"},{"$i":"warning","$v":"ᱥᱚᱸᱛᱚᱨ"},{"$i":"delete-all-alerts","$v":"ᱡᱚᱛᱚ ᱥᱚᱝᱛᱚᱨ ᱠᱚ ᱢᱮᱴᱟᱣ?"},{"$i":"delete-this-alerts","$v":"ᱱᱚᱣᱟ ᱥᱚᱝᱛᱚᱨᱟᱜ ᱢᱮᱴᱟᱣ?"},{"$i":"back","$v":"ᱨᱩᱣᱮᱲ"},{"$i":"select","$v":"ᱵᱟᱪᱷᱟᱣ"},{"$i":"go","$v":"ᱪᱟᱞᱟᱜ ᱢᱮ"},{"$i":"call","$v":"ᱠᱚᱞ"},{"$i":"alert-deleted","$v":"ᱦᱚᱝᱛᱚᱨ ᱢᱮᱴᱟᱣ ᱟᱠᱟᱱᱟ."},{"$i":"today","$v":"ᱛᱤᱦᱤᱧ"},{"$i":"weekday-0-long","$v":"ᱥᱤᱸᱜᱮᱢᱟᱦᱟ"},{"$i":"weekday-1-long","$v":"ᱚᱛᱮᱢᱟᱦᱟ"},{"$i":"weekday-2-long","$v":"ᱵᱟᱞᱮᱢᱟᱦᱟ"},{"$i":"weekday-3-long","$v":"ᱥᱟᱹᱜᱩᱱᱢᱟᱦᱟ"},{"$i":"weekday-4-long","$v":"ᱥᱟᱨᱫᱤᱢᱟᱦᱟ"},{"$i":"weekday-5-long","$v":"ᱡᱟᱨᱩᱢᱢᱟᱦᱟ"},{"$i":"weekday-6-long","$v":"ᱧᱩᱦᱩᱢᱢᱟᱦᱟ"},{"$i":"weekday-0-short","$v":"ᱪᱟᱸᱫᱩ"},{"$i":"weekday-1-short","$v":"ᱢᱳᱱ"},{"$i":"weekday-2-short","$v":"ᱥᱟᱜᱩᱱ"},{"$i":"weekday-3-short","$v":"ᱥᱟᱜᱩᱱ"},{"$i":"weekday-4-short","$v":"ᱛᱷᱩ"},{"$i":"weekday-5-short","$v":"ᱜᱟᱛᱤ"},{"$i":"weekday-6-short","$v":"ᱥᱮᱴ"},{"$i":"month-0-long","$v":"ᱯᱩᱥ"},{"$i":"month-1-long","$v":"ᱢᱟᱜ"},{"$i":"month-2-long","$v":"ᱯᱷᱹᱟᱜᱩᱱ"},{"$i":"month-3-long","$v":"ᱪᱮᱛ"},{"$i":"month-4-long","$v":"ᱵᱮᱭᱥᱮᱠᱷ"},{"$i":"month-5-long","$v":"ᱡᱩᱥᱴᱤ"},{"$i":"month-6-long","$v":"ᱟᱥᱟᱲ"},{"$i":"month-7-long","$v":"ᱥᱚᱨᱟᱵᱚᱱ"},{"$i":"month-8-long","$v":"ᱵᱷᱟᱨᱫᱚᱨ"},{"$i":"month-9-long","$v":"ᱟᱥᱤᱱ"},{"$i":"month-10-long","$v":"ᱠᱟᱨᱛᱤᱠ"},{"$i":"month-11-long","$v":"ᱟᱜᱷᱟᱸᱲ"},{"$i":"month-0-genitive","$v":"ᱯᱩᱥ"},{"$i":"month-1-genitive","$v":"ᱢᱟᱜ"},{"$i":"month-2-genitive","$v":"ᱯᱷᱹᱟᱜᱩᱱ"},{"$i":"month-3-genitive","$v":"ᱪᱮᱛ"},{"$i":"month-4-genitive","$v":"ᱵᱮᱭᱥᱮᱠᱷ"},{"$i":"month-5-genitive","$v":"ᱡᱩᱥᱴᱤ"},{"$i":"month-6-genitive","$v":"ᱟᱥᱟᱲ"},{"$i":"month-7-genitive","$v":"ᱥᱚᱨᱟᱵᱚᱱ"},{"$i":"month-8-genitive","$v":"ᱵᱷᱟᱨᱫᱚᱨ"},{"$i":"month-9-genitive","$v":"ᱟᱥᱤᱱ"},{"$i":"month-10-genitive","$v":"ᱠᱟᱨᱛᱤᱠ"},{"$i":"month-11-genitive","$v":"ᱟᱜᱷᱟᱸᱲ"},{"$i":"month-0-short","$v":"ᱯᱩᱥ"},{"$i":"month-1-short","$v":"ᱢᱟᱜ"},{"$i":"month-2-short","$v":"ᱢᱟᱨ"},{"$i":"month-3-short","$v":"ᱪᱮᱛ"},{"$i":"month-4-short","$v":"ᱵᱮᱭᱥᱮᱠᱷ"},{"$i":"month-5-short","$v":"ᱡᱩᱥᱴᱤ"},{"$i":"month-6-short","$v":"ᱟᱥᱟᱲ"},{"$i":"month-7-short","$v":"ᱥᱚᱨᱟᱵᱚᱱ"},{"$i":"month-8-short","$v":"ᱥᱮᱯ"},{"$i":"month-9-short","$v":"ᱟᱥᱤᱱ"},{"$i":"month-10-short","$v":"ᱠᱟᱨᱛᱤᱠ"},{"$i":"month-11-short","$v":"ᱟᱜᱷᱟᱸᱲ"},{"$i":"minutes-ago-long","$v":{"zero":"ᱧᱤᱛ ᱜᱮ","one":"ᱢᱤᱛ ᱴᱤᱯᱤᱡ ᱞᱟᱦᱟ","two":[{"t":"idOrVar","v":"value"}," ᱪᱟᱞᱟᱣᱮᱱ ᱴᱤᱯᱤᱡ ᱠᱚ"],"few":[{"t":"idOrVar","v":"value"}," ᱪᱟᱞᱟᱣᱮᱱ ᱴᱤᱯᱤᱡ ᱠᱚ"],"many":[{"t":"idOrVar","v":"value"}," ᱪᱟᱞᱟᱣᱮᱱ ᱴᱤᱯᱤᱡ ᱠᱚ"],"other":[{"t":"idOrVar","v":"value"}," ᱪᱟᱞᱟᱣᱮᱱ ᱴᱤᱯᱤᱡ ᱠᱚ"]},"$x":[{"t":"idOrVar","v":"plural"},"value"]},{"$i":"hours-ago-long","$v":{"zero":"ᱧᱤᱛ ᱜᱮ","one":"ᱢᱤᱛ ᱜᱷᱚᱱᱴᱟ ᱞᱟᱦᱟ","two":[{"t":"idOrVar","v":"value"}," ᱪᱟᱞᱟᱣᱮᱱ ᱢᱟᱦᱟ ᱠᱚ"],"few":[{"t":"idOrVar","v":"value"}," ᱪᱟᱞᱟᱣᱮᱱ ᱢᱟᱦᱟ ᱠᱚ"],"many":[{"t":"idOrVar","v":"value"}," ᱪᱟᱞᱟᱣᱮᱱ ᱢᱟᱦᱟ ᱠᱚ"],"other":[{"t":"idOrVar","v":"value"}," ᱪᱟᱞᱟᱣᱮᱱ ᱢᱟᱦᱟ ᱠᱚ"]},"$x":[{"t":"idOrVar","v":"plural"},"value"]},{"$i":"days-ago-long","$v":{"zero":"ᱛᱤᱦᱤᱧ","one":"ᱦᱚᱞᱟ","two":[{"t":"idOrVar","v":"value"}," ᱢᱟᱦᱟ ᱠᱚ ᱞᱟᱦᱟ"],"few":[{"t":"idOrVar","v":"value"}," ᱢᱟᱦᱟ ᱠᱚ ᱞᱟᱦᱟ"],"many":[{"t":"idOrVar","v":"value"}," ᱢᱟᱦᱟ ᱠᱚ ᱞᱟᱦᱟ"],"other":[{"t":"idOrVar","v":"value"}," ᱢᱟᱦᱟ ᱠᱚ ᱞᱟᱦᱟ"]},"$x":[{"t":"idOrVar","v":"plural"},"value"]},{"$i":"weeks-ago-long","$v":{"zero":"ᱱᱚᱣᱟ ᱦᱚᱯᱛᱟ","one":"ᱢᱩᱪᱮᱫ ᱦᱚᱯᱛᱟ","two":[{"t":"idOrVar","v":"value"}," ᱪᱟᱞᱟᱣᱮᱱ ᱦᱚᱯᱛᱟ"],"few":[{"t":"idOrVar","v":"value"}," ᱪᱟᱞᱟᱣᱮᱱ ᱦᱚᱯᱛᱟ"],"many":[{"t":"idOrVar","v":"value"}," ᱪᱟᱞᱟᱣᱮᱱ ᱦᱚᱯᱛᱟ"],"other":[{"t":"idOrVar","v":"value"}," ᱪᱟᱞᱟᱣᱮᱱ ᱦᱚᱯᱛᱟ"]},"$x":[{"t":"idOrVar","v":"plural"},"value"]},{"$i":"months-ago-long","$v":{"zero":"ᱱᱚᱣᱟ ᱪᱟᱸᱫᱩ","one":"ᱢᱩᱪᱮᱫ ᱪᱟᱸᱫᱩ","two":[{"t":"idOrVar","v":"value"}," ᱪᱟᱞᱟᱣᱮᱱ ᱪᱟᱸᱫᱩ ᱠᱚ"],"few":[{"t":"idOrVar","v":"value"}," ᱪᱟᱞᱟᱣᱮᱱ ᱪᱟᱸᱫᱩ ᱠᱚ"],"many":[{"t":"idOrVar","v":"value"}," ᱪᱟᱞᱟᱣᱮᱱ ᱪᱟᱸᱫᱩ ᱠᱚ"],"other":[{"t":"idOrVar","v":"value"}," ᱪᱟᱞᱟᱣᱮᱱ ᱪᱟᱸᱫᱩ ᱠᱚ"]},"$x":[{"t":"idOrVar","v":"plural"},"value"]},{"$i":"years-ago-long","$v":{"zero":"ᱱᱚᱣᱟ ᱥᱮᱨᱢᱟ","one":"ᱢᱩᱪᱮᱫ ᱵᱚᱪᱷᱚᱨ","two":[{"t":"idOrVar","v":"value"}," ᱪᱟᱞᱟᱣᱮᱱ ᱥᱮᱨᱢᱟ"],"few":[{"t":"idOrVar","v":"value"}," ᱪᱟᱞᱟᱣᱮᱱ ᱥᱮᱨᱢᱟ"],"many":[{"t":"idOrVar","v":"value"}," ᱪᱟᱞᱟᱣᱮᱱ ᱥᱮᱨᱢᱟ"],"other":[{"t":"idOrVar","v":"value"}," ᱪᱟᱞᱟᱣᱮᱱ ᱥᱮᱨᱢᱟ"]},"$x":[{"t":"idOrVar","v":"plural"},"value"]},{"$i":"minutes-until-long","$v":{"zero":"ᱧᱤᱛ","one":"ᱴᱤᱯᱤᱡ ᱨᱮ","two":["ᱨᱮ ",{"t":"idOrVar","v":"value"}," ᱴᱤᱯᱤᱡ ᱠᱚ"],"few":["ᱨᱮ ",{"t":"idOrVar","v":"value"}," ᱴᱤᱯᱤᱡ ᱠᱚ"],"many":["ᱨᱮ ",{"t":"idOrVar","v":"value"}," ᱴᱤᱯᱤᱡ ᱠᱚ"],"other":["ᱨᱮ ",{"t":"idOrVar","v":"value"}," ᱴᱤᱯᱤᱡ ᱠᱚ"]},"$x":[{"t":"idOrVar","v":"plural"},"value"]},{"$i":"hours-until-long","$v":{"zero":"ᱧᱤᱛ","one":"ᱜᱷᱚᱱᱴᱟ ᱨᱮ","two":["ᱨᱮ ",{"t":"idOrVar","v":"value"}," ᱜᱷᱚᱱᱴᱟ ᱠᱚ"],"few":["ᱨᱮ ",{"t":"idOrVar","v":"value"}," ᱜᱷᱚᱱᱴᱟ ᱠᱚ"],"many":["ᱨᱮ ",{"t":"idOrVar","v":"value"}," ᱜᱷᱚᱱᱴᱟ ᱠᱚ"],"other":["ᱨᱮ ",{"t":"idOrVar","v":"value"}," ᱜᱷᱚᱱᱴᱟ ᱠᱚ"]},"$x":[{"t":"idOrVar","v":"plural"},"value"]},{"$i":"days-until-long","$v":{"zero":"ᱛᱤᱦᱤᱧ","one":"ᱜᱟᱯᱟ","two":["ᱨᱮ ",{"t":"idOrVar","v":"value"}," ᱢᱟᱦᱟ ᱠᱚ"],"few":["ᱨᱮ ",{"t":"idOrVar","v":"value"}," ᱢᱟᱦᱟ ᱠᱚ"],"many":["ᱨᱮ ",{"t":"idOrVar","v":"value"}," ᱢᱟᱦᱟ ᱠᱚ"],"other":["ᱨᱮ ",{"t":"idOrVar","v":"value"}," ᱢᱟᱦᱟ ᱠᱚ"]},"$x":[{"t":"idOrVar","v":"plural"},"value"]},{"$i":"weeks-until-long","$v":{"zero":"ᱱᱚᱣᱟ ᱦᱚᱯᱛᱟ","one":"ᱫᱟᱨᱟᱭ ᱠᱟᱱ ᱦᱚᱯᱛᱟ","two":["ᱨᱮ ",{"t":"idOrVar","v":"value"}," ᱦᱚᱯᱛᱟ ᱠᱚ"],"few":["ᱨᱮ ",{"t":"idOrVar","v":"value"}," ᱦᱚᱯᱛᱟ ᱠᱚ"],"many":["ᱨᱮ ",{"t":"idOrVar","v":"value"}," ᱦᱚᱯᱛᱟ ᱠᱚ"],"other":["ᱨᱮ ",{"t":"idOrVar","v":"value"}," ᱦᱚᱯᱛᱟ ᱠᱚ"]},"$x":[{"t":"idOrVar","v":"plural"},"value"]},{"$i":"months-until-long","$v":{"zero":"ᱱᱚᱣᱟ ᱪᱟᱸᱫᱩ","one":"ᱫᱟᱨᱟᱭ ᱠᱟᱱ ᱪᱟᱸᱫᱩ","two":["ᱨᱮ ",{"t":"idOrVar","v":"value"}," ᱪᱟᱸᱫᱩ ᱠᱚ"],"few":["ᱨᱮ ",{"t":"idOrVar","v":"value"}," ᱪᱟᱸᱫᱩ ᱠᱚ"],"many":["ᱨᱮ ",{"t":"idOrVar","v":"value"}," ᱪᱟᱸᱫᱩ ᱠᱚ"],"other":["ᱨᱮ ",{"t":"idOrVar","v":"value"}," ᱪᱟᱸᱫᱩ ᱠᱚ"]},"$x":[{"t":"idOrVar","v":"plural"},"value"]},{"$i":"years-until-long","$v":{"zero":"ᱱᱚᱣᱟ ᱥᱮᱨᱢᱟ","one":"ᱫᱟᱨᱟᱭ ᱠᱟᱱ ᱥᱮᱨᱢᱟ","two":["ᱨᱮ ",{"t":"idOrVar","v":"value"}," ᱥᱮᱨᱢᱟ ᱠᱚ"],"few":["ᱨᱮ ",{"t":"idOrVar","v":"value"}," ᱥᱮᱨᱢᱟ ᱠᱚ"],"many":["ᱨᱮ ",{"t":"idOrVar","v":"value"}," ᱥᱮᱨᱢᱟ ᱠᱚ"],"other":["ᱨᱮ ",{"t":"idOrVar","v":"value"}," ᱥᱮᱨᱢᱟ ᱠᱚ"]},"$x":[{"t":"idOrVar","v":"plural"},"value"]},{"$i":"minutes-ago-short","$v":{"zero":"ᱧᱤᱛ ᱜᱮ","other":[{"t":"idOrVar","v":"value"}," ᱪᱟᱞᱟᱣ ᱴ"]},"$x":[{"t":"idOrVar","v":"plural"},"value"]},{"$i":"hours-ago-short","$v":{"zero":"ᱧᱤᱛ ᱜᱮ","other":[{"t":"idOrVar","v":"value"}," ᱪᱟᱞᱟᱣᱮᱱ ᱜ"]},"$x":[{"t":"idOrVar","v":"plural"},"value"]},{"$i":"days-ago-short","$v":{"zero":"ᱛᱤᱦᱤᱧ","other":[{"t":"idOrVar","v":"value"}," ᱪᱟᱞᱟᱣᱮᱱ ᱢ"]},"$x":[{"t":"idOrVar","v":"plural"},"value"]},{"$i":"minutes-until-short","$v":{"zero":"ᱧᱤᱛ","other":["ᱨᱮ ",{"t":"idOrVar","v":"value"},"ᱴ"]},"$x":[{"t":"idOrVar","v":"plural"},"value"]},{"$i":"hours-until-short","$v":{"zero":"ᱧᱤᱛ","other":["ᱨᱮ ",{"t":"idOrVar","v":"value"},"ᱜ"]},"$x":[{"t":"idOrVar","v":"plural"},"value"]},{"$i":"days-until-short","$v":{"zero":"ᱛᱤᱦᱤᱧ","other":["ᱨᱮ ",{"t":"idOrVar","v":"value"},"ᱢ"]},"$x":[{"t":"idOrVar","v":"plural"},"value"]},{"$i":"incorrectDate","$v":"(ᱛᱨᱤᱠᱷ ᱫᱚ ᱵᱷᱩᱞ ᱜᱮᱭᱟ)"},{"$i":"dateTimeFormat_%c","$v":"%a %b %e %Y %I:%M:%S %p"},{"$i":"dateTimeFormat_%x","$v":"%m/%d/%Y"},{"$i":"dateTimeFormat_%X","$v":"%I:%M:%S %p"},{"$i":"shortTimeFormat","$v":"%I:%M %p"},{"$i":"shortTimeFormat12","$v":"%I:%M %p"},{"$i":"shortTimeFormat24","$v":"%H:%M"},{"$i":"shortDateTimeFormat","$v":"%x %I:%M %p"},{"$i":"weekStartsOnMonday","$v":"0"},{"$i":"firstDayOfTheWeek","$v":"0"},{"$i":"time_am","$v":"AM"},{"$i":"time_pm","$v":"PM"}]