[{"$i":"tcl-cmas-ok","$v":"சரி"},{"$i":"tcl-emergency-alert-title","$v":"CMAS அலர்ட்"},{"$i":"alert-inbox","$v":"அலர்ட் இன்பாக்ஸ்"},{"$i":"emergency-alerts","$v":"அவசர அலர்ட்கள்"},{"$i":"presidential-alert","$v":"பிரெசிடென்சியல் அலர்ட்"},{"$i":"extreme-alert","$v":"எக்ஸ்ட்ரீம் அலர்ட்"},{"$i":"severe-alert","$v":"தீவிர அலர்ட்"},{"$i":"amber-alert","$v":"AMBER அலர்ட்"},{"$i":"required-monthly-test","$v":"தேவைப்படும் மாதாந்திர சோதனை"},{"$i":"cmas","$v":"cmas"},{"$i":"delete","$v":"நீக்கு"},{"$i":"cancel","$v":"ரத்து செய்க"},{"$i":"delete-all","$v":"அனைத்தையும் நீக்கு"},{"$i":"no-alert","$v":"அலர்ட் இல்லை"},{"$i":"warning","$v":"எச்சரிக்கை"},{"$i":"delete-all-alerts","$v":"எல்லா அலர்ட்-களையும் நீக்கவா?"},{"$i":"delete-this-alerts","$v":"இந்த அலர்ட்-ஐ நீக்கவா?"},{"$i":"back","$v":"பின் செல்"},{"$i":"select","$v":"தேர்ந்தெடுக்கவும்"},{"$i":"go","$v":"செல்க"},{"$i":"call","$v":"கால்"},{"$i":"alert-deleted","$v":"அலர்ட் நீக்கப்பட்டது."},{"$i":"today","$v":"இன்று"},{"$i":"weekday-0-long","$v":"ஞாயிறுக்கிழமை"},{"$i":"weekday-1-long","$v":"திங்கள்"},{"$i":"weekday-2-long","$v":"செவ்வாய்க்கிழமை"},{"$i":"weekday-3-long","$v":"புதன்கிழமை"},{"$i":"weekday-4-long","$v":"வியாழக்கிழமை"},{"$i":"weekday-5-long","$v":"வெள்ளி"},{"$i":"weekday-6-long","$v":"சனிக்கிழமை"},{"$i":"weekday-0-short","$v":"ஞாயிறுக்கிழமை"},{"$i":"weekday-1-short","$v":"திங்கள்"},{"$i":"weekday-2-short","$v":"செவ்வாய்க்கிழமை"},{"$i":"weekday-3-short","$v":"புதன்கிழமை"},{"$i":"weekday-4-short","$v":"வியாழன்"},{"$i":"weekday-5-short","$v":"வெள்ளி"},{"$i":"weekday-6-short","$v":"சனிக்கிழமை"},{"$i":"month-0-long","$v":"ஜனவரி"},{"$i":"month-1-long","$v":"பிப்ரவரி"},{"$i":"month-2-long","$v":"மார்ச்"},{"$i":"month-3-long","$v":"ஏப்ரல்"},{"$i":"month-4-long","$v":"மே"},{"$i":"month-5-long","$v":"ஜூன்"},{"$i":"month-6-long","$v":"ஜூலை"},{"$i":"month-7-long","$v":"ஆகஸ்ட்"},{"$i":"month-8-long","$v":"செப்டம்பர்"},{"$i":"month-9-long","$v":"அக்டோபர்"},{"$i":"month-10-long","$v":"நவம்பர்"},{"$i":"month-11-long","$v":"டிசம்பர்"},{"$i":"month-0-genitive","$v":"ஜனவரி"},{"$i":"month-1-genitive","$v":"பிப்ரவரி"},{"$i":"month-2-genitive","$v":"மார்ச்"},{"$i":"month-3-genitive","$v":"ஏப்ரல்"},{"$i":"month-4-genitive","$v":"மே"},{"$i":"month-5-genitive","$v":"ஜூன்"},{"$i":"month-6-genitive","$v":"ஜூலை"},{"$i":"month-7-genitive","$v":"ஆகஸ்ட்"},{"$i":"month-8-genitive","$v":"செப்டம்பர்"},{"$i":"month-9-genitive","$v":"அக்டோபர்"},{"$i":"month-10-genitive","$v":"நவம்பர்"},{"$i":"month-11-genitive","$v":"டிசம்பர்"},{"$i":"month-0-short","$v":"ஜனவரி"},{"$i":"month-1-short","$v":"பிப்ரவரி"},{"$i":"month-2-short","$v":"மார்ச்"},{"$i":"month-3-short","$v":"ஏப்ரல்"},{"$i":"month-4-short","$v":"மே"},{"$i":"month-5-short","$v":"ஜூன்"},{"$i":"month-6-short","$v":"ஜூலை"},{"$i":"month-7-short","$v":"ஆகஸ்ட்"},{"$i":"month-8-short","$v":"செப்டம்பர்"},{"$i":"month-9-short","$v":"அக்டோபர்"},{"$i":"month-10-short","$v":"நவம்பர்"},{"$i":"month-11-short","$v":"டிசம்பர்"},{"$i":"minutes-ago-long","$v":{"zero":"இப்போது தான்","one":"ஒரு நிமிடம் முன்பாக","two":[{"t":"idOrVar","v":"value"}," நிமிடங்களுக்கு முன்பு"],"few":[{"t":"idOrVar","v":"value"}," நிமிடங்களுக்கு முன்பு"],"many":[{"t":"idOrVar","v":"value"}," நிமிடங்களுக்கு முன்பு"],"other":[{"t":"idOrVar","v":"value"}," நிமிடங்களுக்கு முன்பு"]},"$x":[{"t":"idOrVar","v":"plural"},"value"]},{"$i":"hours-ago-long","$v":{"zero":"இப்போது தான்","one":"ஒரு மணிநேரம் முன்பாக","two":[{"t":"idOrVar","v":"value"}," மணிநேரங்களுக்கு முன்பு"],"few":[{"t":"idOrVar","v":"value"}," மணிநேரங்களுக்கு முன்பு"],"many":[{"t":"idOrVar","v":"value"}," மணிநேரங்களுக்கு முன்பு"],"other":[{"t":"idOrVar","v":"value"}," மணிநேரங்களுக்கு முன்பு"]},"$x":[{"t":"idOrVar","v":"plural"},"value"]},{"$i":"days-ago-long","$v":{"zero":"இன்று","one":"நேற்று","two":[{"t":"idOrVar","v":"value"}," நாட்களுக்கு முன்பு"],"few":[{"t":"idOrVar","v":"value"}," நாட்களுக்கு முன்பு"],"many":[{"t":"idOrVar","v":"value"}," நாட்களுக்கு முன்பு"],"other":[{"t":"idOrVar","v":"value"}," நாட்களுக்கு முன்பு"]},"$x":[{"t":"idOrVar","v":"plural"},"value"]},{"$i":"weeks-ago-long","$v":{"zero":"இந்த வாரம்","one":"கடந்த வாரம்","two":[{"t":"idOrVar","v":"value"}," வாரங்களுக்கு முன்பு"],"few":[{"t":"idOrVar","v":"value"}," வாரங்களுக்கு முன்பு"],"many":[{"t":"idOrVar","v":"value"}," வாரங்களுக்கு முன்பு"],"other":[{"t":"idOrVar","v":"value"}," வாரங்களுக்கு முன்பு"]},"$x":[{"t":"idOrVar","v":"plural"},"value"]},{"$i":"months-ago-long","$v":{"zero":"இந்த மாதம்","one":"கடந்த மாதம்","two":[{"t":"idOrVar","v":"value"}," மாதங்களுக்கு முன்பு"],"few":[{"t":"idOrVar","v":"value"}," மாதங்களுக்கு முன்பு"],"many":[{"t":"idOrVar","v":"value"}," மாதங்களுக்கு முன்பு"],"other":[{"t":"idOrVar","v":"value"}," மாதங்களுக்கு முன்பு"]},"$x":[{"t":"idOrVar","v":"plural"},"value"]},{"$i":"years-ago-long","$v":{"zero":"இந்த வருடம்","one":"கடந்த வருடம்","two":[{"t":"idOrVar","v":"value"}," வருடங்களுக்கு முன்பு"],"few":[{"t":"idOrVar","v":"value"}," வருடங்களுக்கு முன்பு"],"many":[{"t":"idOrVar","v":"value"}," வருடங்களுக்கு முன்பு"],"other":[{"t":"idOrVar","v":"value"}," வருடங்களுக்கு முன்பு"]},"$x":[{"t":"idOrVar","v":"plural"},"value"]},{"$i":"minutes-until-long","$v":{"zero":"இப்போதே","one":"ஒரு நிமிடத்தில்","two":[{"t":"idOrVar","v":"value"}," நிமிடங்களில்"],"few":[{"t":"idOrVar","v":"value"}," நிமிடங்களில்"],"many":[{"t":"idOrVar","v":"value"}," நிமிடங்களில்"],"other":[{"t":"idOrVar","v":"value"}," நிமிடங்களில்"]},"$x":[{"t":"idOrVar","v":"plural"},"value"]},{"$i":"hours-until-long","$v":{"zero":"இப்போதே","one":"ஒரு மணிநேரத்தில்","two":[{"t":"idOrVar","v":"value"}," மணிநேரங்களில்"],"few":[{"t":"idOrVar","v":"value"}," மணிநேரங்களில்"],"many":[{"t":"idOrVar","v":"value"}," மணிநேரங்களில்"],"other":[{"t":"idOrVar","v":"value"}," மணிநேரங்களில்"]},"$x":[{"t":"idOrVar","v":"plural"},"value"]},{"$i":"days-until-long","$v":{"zero":"இன்று","one":"நாளை","two":[{"t":"idOrVar","v":"value"}," நாட்களில்"],"few":[{"t":"idOrVar","v":"value"}," நாட்களில்"],"many":[{"t":"idOrVar","v":"value"}," நாட்களில்"],"other":[{"t":"idOrVar","v":"value"}," நாட்களில்"]},"$x":[{"t":"idOrVar","v":"plural"},"value"]},{"$i":"weeks-until-long","$v":{"zero":"இந்த வாரம்","one":"அடுத்த வாரம்","two":[{"t":"idOrVar","v":"value"}," வாரங்களில்"],"few":[{"t":"idOrVar","v":"value"}," வாரங்களில்"],"many":[{"t":"idOrVar","v":"value"}," வாரங்களில்"],"other":[{"t":"idOrVar","v":"value"}," வாரங்களில்"]},"$x":[{"t":"idOrVar","v":"plural"},"value"]},{"$i":"months-until-long","$v":{"zero":"இந்த மாதம்","one":"அடுத்த மாதம்","two":[{"t":"idOrVar","v":"value"}," மாதங்களில்"],"few":[{"t":"idOrVar","v":"value"}," மாதங்களில்"],"many":[{"t":"idOrVar","v":"value"}," மாதங்களில்"],"other":[{"t":"idOrVar","v":"value"}," மாதங்களில்"]},"$x":[{"t":"idOrVar","v":"plural"},"value"]},{"$i":"years-until-long","$v":{"zero":"இந்த வருடம்","one":"அடுத்த ஆண்டு","two":[{"t":"idOrVar","v":"value"}," வருடங்களில்"],"few":[{"t":"idOrVar","v":"value"}," வருடங்களில்"],"many":[{"t":"idOrVar","v":"value"}," வருடங்களில்"],"other":[{"t":"idOrVar","v":"value"}," வருடங்களில்"]},"$x":[{"t":"idOrVar","v":"plural"},"value"]},{"$i":"minutes-ago-short","$v":{"zero":"இப்போது தான்","other":[{"t":"idOrVar","v":"value"},"நிமிடம் முன்பு"]},"$x":[{"t":"idOrVar","v":"plural"},"value"]},{"$i":"hours-ago-short","$v":{"zero":"இப்போது தான்","other":[{"t":"idOrVar","v":"value"},"மணிநேரம் முன்பு"]},"$x":[{"t":"idOrVar","v":"plural"},"value"]},{"$i":"days-ago-short","$v":{"zero":"இன்று","other":[{"t":"idOrVar","v":"value"},"நாள் முன்பு"]},"$x":[{"t":"idOrVar","v":"plural"},"value"]},{"$i":"minutes-until-short","$v":{"zero":"இப்போதே","other":[{"t":"idOrVar","v":"value"},"நிமிடத்தில்"]},"$x":[{"t":"idOrVar","v":"plural"},"value"]},{"$i":"hours-until-short","$v":{"zero":"இப்போதே","other":[{"t":"idOrVar","v":"value"},"மணிநேரத்தில்"]},"$x":[{"t":"idOrVar","v":"plural"},"value"]},{"$i":"days-until-short","$v":{"zero":"இன்று","other":[{"t":"idOrVar","v":"value"},"நாள் இல்"]},"$x":[{"t":"idOrVar","v":"plural"},"value"]},{"$i":"incorrectDate","$v":"(தவறான தேதி)"},{"$i":"dateTimeFormat_%c","$v":"%a %b %e %Y %I:%M:%S %p"},{"$i":"dateTimeFormat_%x","$v":"%m/%d/%Y"},{"$i":"dateTimeFormat_%X","$v":"%I:%M:%S %p"},{"$i":"shortTimeFormat","$v":"%I:%M %p"},{"$i":"shortTimeFormat12","$v":"%I:%M %p"},{"$i":"shortTimeFormat24","$v":"%H:%M"},{"$i":"shortDateTimeFormat","$v":"%x %I:%M %p"},{"$i":"weekStartsOnMonday","$v":"0"},{"$i":"firstDayOfTheWeek","$v":"0"},{"$i":"time_am","$v":"AM"},{"$i":"time_pm","$v":"PM"}]