[{"$i":"sign-in","$v":"ছাইন ইন কৰক"},{"$i":"NewAccount","$v":"নতুন পৰিমাণ"},{"$i":"options","$v":"বিকল্পসমূহ"},{"$i":"cancel","$v":"বাতিল কৰক"},{"$i":"update","$v":"আপডেট কৰক"},{"$i":"back","$v":"পিছ"},{"$i":"uninstall","$v":"আনইনষ্টল কৰক"},{"$i":"update-found","$v":"আপডেট পোৱা গৈছে"},{"$i":"update-found-content","$v":"জিঅ’স্টোৰ স্বয়ংক্ৰিয়ভাৱে বন্ধ আৰু আপডেট হ’ব । অনুগ্ৰহ কৰি কিছু মূহুৰ্তৰ ভিতৰত উভতি আহক ।"},{"$i":"no-internet","$v":"কোনো ইণ্টাৰনেট নাই"},{"$i":"connection-error","$v":"সংযোগ বিজুতী"},{"$i":"enable","$v":"সক্ষম কৰক"},{"$i":"open-service","$v":"অ’পেন চাৰ্ভিচ"},{"$i":"downloading","$v":"ডাউনলোড হৈ আছে"},{"$i":"loading","$v":"Loading..."},{"$i":"CAT-all","$v":"All"},{"$i":"CAT-10","$v":"Games"},{"$i":"CAT-20","$v":"Entertainment"},{"$i":"CAT-30","$v":"Social"},{"$i":"CAT-40","$v":"Shopping"},{"$i":"CAT-50","$v":"News"},{"$i":"CAT-60","$v":"Utilities"},{"$i":"CAT-70","$v":"Lifestyle"},{"$i":"CAT-80","$v":"Health"},{"$i":"CAT-90","$v":"Sports"},{"$i":"CAT-100","$v":{"$o":"Books & Reference"}},{"$i":"ok","$v":"OK"},{"$i":"get","$v":"GET"},{"$i":"go","$v":"GO"},{"$i":"open","$v":"খোলক"},{"$i":"install","$v":"ইনষ্টল কৰক"}]