[{"$i":"sign-in","$v":"সাইন ইন করুণ"},{"$i":"NewAccount","$v":"নতুন অ্যাকাউন্ট "},{"$i":"options","$v":"বিকল্পগুলি"},{"$i":"cancel","$v":"বাতিল করুণ"},{"$i":"update","$v":"আপডেট করুণ"},{"$i":"back","$v":"ফিরুন"},{"$i":"uninstall","$v":"আনইনস্টল"},{"$i":"update-found","$v":"আপডেট পাওয়া গেছে  "},{"$i":"update-found-content","$v":"জিওস্টোর স্বয়ংক্রিয়ভাবে বন্ধ এবং আপডেট হবে। দয়া করে কয়েক মুহূর্তের মধ্যে ফিরে আসুন।"},{"$i":"no-internet","$v":"কোনো ইন্টারনেট নেই I "},{"$i":"connection-error","$v":"সংযোগ ত্রুটি I"},{"$i":"enable","$v":"সক্ষম করুণ "},{"$i":"open-service","$v":"ওপেন সার্ভিস"},{"$i":"downloading","$v":"ডাউনলোড হচ্ছে "},{"$i":"loading","$v":"Loading..."},{"$i":"CAT-all","$v":"All"},{"$i":"CAT-10","$v":"Games"},{"$i":"CAT-20","$v":"Entertainment"},{"$i":"CAT-30","$v":"Social"},{"$i":"CAT-40","$v":"Shopping"},{"$i":"CAT-50","$v":"News"},{"$i":"CAT-60","$v":"Utilities"},{"$i":"CAT-70","$v":"Lifestyle"},{"$i":"CAT-80","$v":"Health"},{"$i":"CAT-90","$v":"Sports"},{"$i":"CAT-100","$v":{"$o":"Books & Reference"}},{"$i":"ok","$v":"OK"},{"$i":"get","$v":"GET"},{"$i":"go","$v":"GO"},{"$i":"open","$v":"খুলুন"},{"$i":"install","$v":"ইনস্টল করুন"}]