[{"$i":"sign-in","$v":"साइन इन करो"},{"$i":"NewAccount","$v":"नमां खाता"},{"$i":"options","$v":"विकल्प"},{"$i":"cancel","$v":"रद्द करना"},{"$i":"update","$v":"अपडेट करो"},{"$i":"back","$v":"वापस"},{"$i":"uninstall","$v":"अनइंस्टॉल"},{"$i":"update-found","$v":"अपडेट मिली।"},{"$i":"update-found-content","$v":"जियोस्टोर अपने-आप बंद होई जाह्​ग ते अपडेट करग। किरपा करियै किश खिनें च वापस आओ।"},{"$i":"no-internet","$v":"कोई इंटरनेट नेईं।"},{"$i":"connection-error","$v":"कनेक्शन त्रुटि।"},{"$i":"enable","$v":"समर्थ करो"},{"$i":"open-service","$v":"ओपन सर्विस"},{"$i":"downloading","$v":"डाउनलोडिंग"},{"$i":"loading","$v":"लोड होआ करदा ऐ"},{"$i":"CAT-all","$v":"सब्भै"},{"$i":"CAT-10","$v":"गेम्स"},{"$i":"CAT-20","$v":"मनोरंजन"},{"$i":"CAT-30","$v":"सोशल"},{"$i":"CAT-40","$v":"खरीददारी"},{"$i":"CAT-50","$v":"खबरां"},{"$i":"CAT-60","$v":"उपयोगितां"},{"$i":"CAT-70","$v":"जीवनशैली"},{"$i":"CAT-80","$v":"सेह्​त"},{"$i":"CAT-90","$v":"खेढ"},{"$i":"CAT-100","$v":"कताबां ते संदर्भ"},{"$i":"ok","$v":"OK"},{"$i":"get","$v":"GET"},{"$i":"go","$v":"GO"},{"$i":"open","$v":"खुल्ला"},{"$i":"install","$v":"इन्स्टाल"}]