[{"$i":"sign-in","$v":"Sign In"},{"$i":"NewAccount","$v":"New Account"},{"$i":"options","$v":"Options"},{"$i":"cancel","$v":"Cancel"},{"$i":"update","$v":"Update"},{"$i":"back","$v":"Back"},{"$i":"uninstall","$v":"Uninstall"},{"$i":"update-found","$v":"Update found."},{"$i":"update-found-content","$v":"JioStore will close and update automatically. Please come back in a few moments."},{"$i":"no-internet","$v":"No Internet."},{"$i":"connection-error","$v":"Connection error."},{"$i":"enable","$v":"Enable"},{"$i":"open-service","$v":"Open Service"},{"$i":"downloading","$v":"Downloading"},{"$i":"loading","$v":"Loading..."},{"$i":"CAT-all","$v":"All"},{"$i":"CAT-10","$v":"Games"},{"$i":"CAT-20","$v":"Entertainment"},{"$i":"CAT-30","$v":"Social"},{"$i":"CAT-40","$v":"Shopping"},{"$i":"CAT-50","$v":"News"},{"$i":"CAT-60","$v":"Utilities"},{"$i":"CAT-70","$v":"Lifestyle"},{"$i":"CAT-80","$v":"Health"},{"$i":"CAT-90","$v":"Sports"},{"$i":"CAT-100","$v":{"$o":"Books & Reference"}},{"$i":"ok","$v":"OK"},{"$i":"get","$v":"GET"},{"$i":"go","$v":"GO"},{"$i":"open","$v":"OPEN"},{"$i":"install","$v":"INSTALL"}]