[{"$i":"sign-in","$v":"સાઇન ઇન કરો"},{"$i":"NewAccount","$v":"નવું એકાઉન્ટ "},{"$i":"options","$v":"વિકલ્પો"},{"$i":"cancel","$v":"રદ કરો"},{"$i":"update","$v":"અપડેટ કરો"},{"$i":"back","$v":"પાછળ"},{"$i":"uninstall","$v":"અનઇન્સ્ટોલ કરો"},{"$i":"update-found","$v":"અપડેટ મળેલ છે "},{"$i":"update-found-content","$v":"જિયોસ્ટોર આપમેળે બંધ થશે અને અપડેટ કરશે. કૃપા કરીને થોડીવારમાં પાછા આવો."},{"$i":"no-internet","$v":"ઇન્ટરનેટ નથી."},{"$i":"connection-error","$v":"કનેક્શન ત્રુટિ."},{"$i":"enable","$v":"સક્ષમ કરો"},{"$i":"open-service","$v":"ઓપન સર્વિસ"},{"$i":"downloading","$v":"ડાઉનલોડ કરી રહ્યું છે"},{"$i":"loading","$v":"Loading..."},{"$i":"CAT-all","$v":"All"},{"$i":"CAT-10","$v":"Games"},{"$i":"CAT-20","$v":"Entertainment"},{"$i":"CAT-30","$v":"Social"},{"$i":"CAT-40","$v":"Shopping"},{"$i":"CAT-50","$v":"News"},{"$i":"CAT-60","$v":"Utilities"},{"$i":"CAT-70","$v":"Lifestyle"},{"$i":"CAT-80","$v":"Health"},{"$i":"CAT-90","$v":"Sports"},{"$i":"CAT-100","$v":{"$o":"Books & Reference"}},{"$i":"ok","$v":"OK"},{"$i":"get","$v":"GET"},{"$i":"go","$v":"GO"},{"$i":"open","$v":"ખોલો"},{"$i":"install","$v":"ઇન્સ્ટોલ કરો"}]