[{"$i":"sign-in","$v":"साइन इन करें"},{"$i":"NewAccount","$v":"नया खाता"},{"$i":"options","$v":"विकल्प"},{"$i":"cancel","$v":"रद्द करें "},{"$i":"update","$v":"अपडेट "},{"$i":"back","$v":"वापस"},{"$i":"uninstall","$v":"इंस्टॉल किये हुए को हटाएं"},{"$i":"update-found","$v":"अपडेट मिला।"},{"$i":"update-found-content","$v":"जियोस्टोर स्वचालित रूप से बंद हो जाएगा और अपडेट होगा। कृपया कुछ ही क्षणों में वापस आएं।"},{"$i":"no-internet","$v":"इंटरनेट नहीं है।"},{"$i":"connection-error","$v":"कनेक्शन त्रुटि।"},{"$i":"enable","$v":"सक्षम करें"},{"$i":"open-service","$v":"ओपन सर्विस"},{"$i":"downloading","$v":"डाउनलोड हो रहा है"},{"$i":"loading","$v":"Loading..."},{"$i":"CAT-all","$v":"All"},{"$i":"CAT-10","$v":"Games"},{"$i":"CAT-20","$v":"Entertainment"},{"$i":"CAT-30","$v":"Social"},{"$i":"CAT-40","$v":"Shopping"},{"$i":"CAT-50","$v":"News"},{"$i":"CAT-60","$v":"Utilities"},{"$i":"CAT-70","$v":"Lifestyle"},{"$i":"CAT-80","$v":"Health"},{"$i":"CAT-90","$v":"Sports"},{"$i":"CAT-100","$v":{"$o":"Books & Reference"}},{"$i":"ok","$v":"OK"},{"$i":"get","$v":"GET"},{"$i":"go","$v":"GO"},{"$i":"open","$v":"खोलें"},{"$i":"install","$v":"इंस्टॉल करें"}]