[{"$i":"sign-in","$v":"ಸೈನ್ ಇನ್"},{"$i":"NewAccount","$v":"ಹೊಸ ಖಾತೆ"},{"$i":"options","$v":"ಆಯ್ಕೆಗಳು"},{"$i":"cancel","$v":"ರದ್ದುಮಾಡು"},{"$i":"update","$v":"ನವೀಕರಿಸು"},{"$i":"back","$v":"ಹಿಂದೆ"},{"$i":"uninstall","$v":"ಅಸ್ಥಾಪಿಸು"},{"$i":"update-found","$v":"ನವೀಕರಣ ಕಂಡುಬಂದಿದೆ."},{"$i":"update-found-content","$v":"ಜಿಯೋಸ್ಟೋರ್ ಸ್ವಯಂಚಾಲಿತವಾಗಿ ಮುಚ್ಚಿ ಮತ್ತು ಅಪ್‌ಡೇಟ್ ಆಗುತ್ತದೆ. ದಯವಿಟ್ಟು ಕೆಲವು ಕ್ಷಣಗಳಲ್ಲಿ ಮರಳಿ ಬನ್ನಿ."},{"$i":"no-internet","$v":"ಇಂಟರ್ನೆಟ್ ಇಲ್ಲ"},{"$i":"connection-error","$v":"ಸಂಪರ್ಕ ದೋಷ."},{"$i":"enable","$v":"ಸಕ್ರಿಯಗೊಳಿಸಿ"},{"$i":"open-service","$v":"ಸರ್ವಿಸ್ ತೆರೆಯಿರಿ"},{"$i":"downloading","$v":"ಡೌನ್‌ಲೋಡ್ ಆಗುತ್ತಿದೆ"},{"$i":"loading","$v":"Loading..."},{"$i":"CAT-all","$v":"All"},{"$i":"CAT-10","$v":"Games"},{"$i":"CAT-20","$v":"Entertainment"},{"$i":"CAT-30","$v":"Social"},{"$i":"CAT-40","$v":"Shopping"},{"$i":"CAT-50","$v":"News"},{"$i":"CAT-60","$v":"Utilities"},{"$i":"CAT-70","$v":"Lifestyle"},{"$i":"CAT-80","$v":"Health"},{"$i":"CAT-90","$v":"Sports"},{"$i":"CAT-100","$v":{"$o":"Books & Reference"}},{"$i":"ok","$v":"OK"},{"$i":"get","$v":"GET"},{"$i":"go","$v":"GO"},{"$i":"open","$v":"ತೆರೆಯಿರಿ"},{"$i":"install","$v":"ಇನ್ಸ್ಟಾಲ್ ಮಾಡಿ"}]