[{"$i":"sign-in","$v":"सायन इन"},{"$i":"NewAccount","$v":"नवें खातें"},{"$i":"options","$v":"पर्याय"},{"$i":"cancel","$v":"रद्द करात"},{"$i":"update","$v":"अद्यतन"},{"$i":"back","$v":"फाटीं"},{"$i":"uninstall","$v":"स्थापणूक काडची"},{"$i":"update-found","$v":"अपडेट मेळ्ळी."},{"$i":"update-found-content","$v":"जियोस्टोर स्वयंचलीत बंद जातलो आनी अपडेट जातलो. उपकार करून कांय खिणानीं परत येवचें."},{"$i":"no-internet","$v":"माजाळें ना."},{"$i":"connection-error","$v":"कनॅक्शन चूक."},{"$i":"enable","$v":"सक्रीय करात"},{"$i":"open-service","$v":"ओपन सर्विस"},{"$i":"downloading","$v":"डाउनलोडिंग"},{"$i":"loading","$v":"लोडिंग"},{"$i":"CAT-all","$v":"सगळें"},{"$i":"CAT-10","$v":"खेळ"},{"$i":"CAT-20","$v":"मनरिजवण"},{"$i":"CAT-30","$v":"समाजीक"},{"$i":"CAT-40","$v":"खरेदी"},{"$i":"CAT-50","$v":"खबरो"},{"$i":"CAT-60","$v":"उपयुक्ततायो"},{"$i":"CAT-70","$v":"जीवनशैली"},{"$i":"CAT-80","$v":"भलायकी"},{"$i":"CAT-90","$v":"क्रिडा"},{"$i":"CAT-100","$v":"पुस्तकां आनी संदर्भ"},{"$i":"ok","$v":"OK"},{"$i":"get","$v":"GET"},{"$i":"go","$v":"GO"},{"$i":"open","$v":"उकतें"},{"$i":"install","$v":"जाग्यार बसयात"}]