[{"$i":"sign-in","$v":"سائن ان"},{"$i":"NewAccount","$v":"نو خاتہ"},{"$i":"options","$v":"انتخاب"},{"$i":"cancel","$v":"رد"},{"$i":"update","$v":"اپ ڈیٹ"},{"$i":"back","$v":"پتھ"},{"$i":"uninstall","$v":"ان انسٹال"},{"$i":"update-found","$v":"اپ ڈیٹ لوب۔"},{"$i":"update-found-content","$v":"جیواسٹور کرِ اپ ڈیٹ آٹومیٹکلی بند۔ مہربٲنی کریتھ وٲتیو واپس کیہ مرحلہ پتِہ۔"},{"$i":"no-internet","$v":"کاہ انٹرنیٹ نِہ"},{"$i":"connection-error","$v":"کنکشن سھو۔"},{"$i":"enable","$v":"کارگر"},{"$i":"open-service","$v":"اوپن سروس"},{"$i":"downloading","$v":"ڈاونلوڈ کران"},{"$i":"loading","$v":"لوڈنگ"},{"$i":"CAT-all","$v":"تمام"},{"$i":"CAT-10","$v":"گیمِ"},{"$i":"CAT-20","$v":"تفریح"},{"$i":"CAT-30","$v":"سمأجی"},{"$i":"CAT-40","$v":"خریدأری"},{"$i":"CAT-50","$v":"خبرٕ"},{"$i":"CAT-60","$v":"افادیت"},{"$i":"CAT-70","$v":"طرز زندگی"},{"$i":"CAT-80","$v":"صحت"},{"$i":"CAT-90","$v":"کھیلِ"},{"$i":"CAT-100","$v":"کتابِ تہٕ حوالہ"},{"$i":"ok","$v":"OK"},{"$i":"get","$v":"GET"},{"$i":"go","$v":"GO"},{"$i":"open","$v":"کھول"},{"$i":"install","$v":"انسٹال"}]