[{"$i":"sign-in","$v":"साइन इन"},{"$i":"NewAccount","$v":"नई एकाउंट"},{"$i":"options","$v":"विकल्प"},{"$i":"cancel","$v":"रद्द करू"},{"$i":"update","$v":"अपडेट"},{"$i":"back","$v":"पीछा"},{"$i":"uninstall","$v":"स्थापित ने भले"},{"$i":"update-found","$v":"अपडेट भेटल"},{"$i":"update-found-content","$v":"जिओस्टोर बन्द रहत आ स्वत: अद्यतन होएत। कृपा कए दृश्यपर आउ।"},{"$i":"no-internet","$v":"इंटरनेट ने ऐछ"},{"$i":"connection-error","$v":"कनेक्शन एरर"},{"$i":"enable","$v":"सक्षम"},{"$i":"open-service","$v":"ओपन सर्विस"},{"$i":"downloading","$v":"डॉउनलोड भए रहल"},{"$i":"loading","$v":"लोड भ रहल अछि"},{"$i":"CAT-all","$v":"सब"},{"$i":"CAT-10","$v":"गेम्‍स"},{"$i":"CAT-20","$v":"मनोरंजन"},{"$i":"CAT-30","$v":"शोसल"},{"$i":"CAT-40","$v":"शॉपिंग"},{"$i":"CAT-50","$v":"समाचार"},{"$i":"CAT-60","$v":"उपयोगिता"},{"$i":"CAT-70","$v":"जीवनशैली"},{"$i":"CAT-80","$v":"स्‍वास्‍थ्‍य"},{"$i":"CAT-90","$v":"खेलकूद"},{"$i":"CAT-100","$v":"पुस्‍तक आ संदर्भ"},{"$i":"ok","$v":"OK"},{"$i":"get","$v":"GET"},{"$i":"go","$v":"GO"},{"$i":"open","$v":"खोलू"},{"$i":"install","$v":"इंस्टॉल"}]