[{"$i":"sign-in","$v":"സൈൻ ഇൻ ചെയ്യുക"},{"$i":"NewAccount","$v":"പുതിയ അക്കൗണ്ട്"},{"$i":"options","$v":"ഓപ്ഷനുകൾ"},{"$i":"cancel","$v":"റദ്ദാക്കുക"},{"$i":"update","$v":"അപ്‌ഡേറ്റ് "},{"$i":"back","$v":"മടങ്ങുക"},{"$i":"uninstall","$v":"അണ്‍ഇസ്റ്റാളുചെയ്യുക"},{"$i":"update-found","$v":"അപ്ഡേറ്റ് കണ്ടെത്തി."},{"$i":"update-found-content","$v":"ജിയോസ്റ്റോര്‍ സ്വയം അടയ്ക്കുകയും അപ്ഡേറ്റ് ചെയ്യുകയും ചെയ്യും. കുറച്ച് നിമിഷങ്ങൾക്കുശേഷം തിരികെ വരൂ."},{"$i":"no-internet","$v":"ഇന്റർനെറ്റ് ഇല്ല."},{"$i":"connection-error","$v":"കണക്ഷൻ തകരാര്‍ ."},{"$i":"enable","$v":"പ്രാപ്തമാക്കുക"},{"$i":"open-service","$v":"ഓപ്പണ്‍ സര്‍വീസ്"},{"$i":"downloading","$v":"ഡൗൺലോഡുചെയ്യുന്നു"},{"$i":"loading","$v":"Loading..."},{"$i":"CAT-all","$v":"All"},{"$i":"CAT-10","$v":"Games"},{"$i":"CAT-20","$v":"Entertainment"},{"$i":"CAT-30","$v":"Social"},{"$i":"CAT-40","$v":"Shopping"},{"$i":"CAT-50","$v":"News"},{"$i":"CAT-60","$v":"Utilities"},{"$i":"CAT-70","$v":"Lifestyle"},{"$i":"CAT-80","$v":"Health"},{"$i":"CAT-90","$v":"Sports"},{"$i":"CAT-100","$v":{"$o":"Books & Reference"}},{"$i":"ok","$v":"OK"},{"$i":"get","$v":"GET"},{"$i":"go","$v":"GO"},{"$i":"open","$v":"തുറക്കുക"},{"$i":"install","$v":"ഇൻസ്റ്റാള്‍  ചെയ്യുക"}]