[{"$i":"sign-in","$v":"সাইন ইন"},{"$i":"NewAccount","$v":"অনৌবা একাউন্ট"},{"$i":"options","$v":"ওপসনশীং"},{"$i":"cancel","$v":"ককথৎলু"},{"$i":"update","$v":"অপদেত তৌ"},{"$i":"back","$v":"হল্লু"},{"$i":"uninstall","$v":"ইনস্টোল তৌবা লৌথোকউ"},{"$i":"update-found","$v":"অপডেট তৌবা ফংলে৷"},{"$i":"update-found-content","$v":"জিওস্টোর খুমজিনগনি অমসুং মশা মথন্তা অপদেত তৌগনি. মিকুপ খরা লৈরগা হন্না লাকপিয়ু."},{"$i":"no-internet","$v":"ইন্টর্নেট ফংদ্রে"},{"$i":"connection-error","$v":"শম্নবা লাল্লে৷"},{"$i":"enable","$v":"য়াহল্লু"},{"$i":"open-service","$v":"ওপন সার্ভিস"},{"$i":"downloading","$v":"দাওনলোদ তৌরি"},{"$i":"loading","$v":"লোদ তৌরি"},{"$i":"CAT-all","$v":"লোইনমক"},{"$i":"CAT-10","$v":"গেমশীং"},{"$i":"CAT-20","$v":"হরাও নুংঙাইবা"},{"$i":"CAT-30","$v":"সমাজগী"},{"$i":"CAT-40","$v":"পোৎ লৈবা"},{"$i":"CAT-50","$v":"ই-পাও"},{"$i":"CAT-60","$v":"কান্নবা পোৎশীং"},{"$i":"CAT-70","$v":"হিংবগী মওং"},{"$i":"CAT-80","$v":"হকচাংগী মরমদা"},{"$i":"CAT-90","$v":"শান্ন-খোৎনবা"},{"$i":"CAT-100","$v":{"$o":"লাইরিকশীং & রিফরেন্স"}},{"$i":"ok","$v":"OK"},{"$i":"get","$v":"GET"},{"$i":"go","$v":"GO"},{"$i":"open","$v":"হাংউ"},{"$i":"install","$v":"ইন্সটোল"}]