[{"$i":"sign-in","$v":"साइन इन करा"},{"$i":"NewAccount","$v":"नवीन खाते "},{"$i":"options","$v":"पर्याय"},{"$i":"cancel","$v":"रद्द करा"},{"$i":"update","$v":"अपडेट"},{"$i":"back","$v":"मागे"},{"$i":"uninstall","$v":"अनइन्स्टॉल"},{"$i":"update-found","$v":"अपडेट सापडले आहे."},{"$i":"update-found-content","$v":"जियोस्टोर आपोआप बंद आणि अद्यतनित होईल. कृपया काही वेळे नंतर परत या."},{"$i":"no-internet","$v":"इंटरनेट नाही आहे."},{"$i":"connection-error","$v":"कनेक्शन मध्ये त्रुटी."},{"$i":"enable","$v":"सक्षम करा "},{"$i":"open-service","$v":"ओपन सर्विस "},{"$i":"downloading","$v":"डाउनलोड होत आहे "},{"$i":"loading","$v":"Loading..."},{"$i":"CAT-all","$v":"All"},{"$i":"CAT-10","$v":"Games"},{"$i":"CAT-20","$v":"Entertainment"},{"$i":"CAT-30","$v":"Social"},{"$i":"CAT-40","$v":"Shopping"},{"$i":"CAT-50","$v":"News"},{"$i":"CAT-60","$v":"Utilities"},{"$i":"CAT-70","$v":"Lifestyle"},{"$i":"CAT-80","$v":"Health"},{"$i":"CAT-90","$v":"Sports"},{"$i":"CAT-100","$v":{"$o":"Books & Reference"}},{"$i":"ok","$v":"OK"},{"$i":"get","$v":"GET"},{"$i":"go","$v":"GO"},{"$i":"open","$v":"उघडा"},{"$i":"install","$v":"इन्स्टॉल करा"}]