[{"$i":"sign-in","$v":"साइन इन गर्नुहोस्"},{"$i":"NewAccount","$v":"नयाँ खाता"},{"$i":"options","$v":"विकल्पहरू"},{"$i":"cancel","$v":"रद्द गर्नुहोस्"},{"$i":"update","$v":"अपडेट गर्नुहोस्"},{"$i":"back","$v":"पछाडि"},{"$i":"uninstall","$v":"अस्थापना गर्नुहोस्"},{"$i":"update-found","$v":"अद्यावधिक फेला पर्‍यो।"},{"$i":"update-found-content","$v":"जियोस्टोर बन्द हुनेछ र स्वत: अद्यावधिक हुनेछ। कृपया केही छणमा आउनुहोस्।"},{"$i":"no-internet","$v":"इन्टरनेट छैन।"},{"$i":"connection-error","$v":"जडान त्रुटि।"},{"$i":"enable","$v":"सक्षम गर्नुहोस्"},{"$i":"open-service","$v":"ओपन सर्भिस"},{"$i":"downloading","$v":"डाउनलोड गर्दै"},{"$i":"loading","$v":"लोड हुँदै"},{"$i":"CAT-all","$v":"सबै"},{"$i":"CAT-10","$v":"खेलहरू"},{"$i":"CAT-20","$v":"मनोरञ्जन"},{"$i":"CAT-30","$v":"सामाजिक"},{"$i":"CAT-40","$v":"किनमेल"},{"$i":"CAT-50","$v":"समाचार"},{"$i":"CAT-60","$v":"उपयोगिताहरू"},{"$i":"CAT-70","$v":"जीवनशैली"},{"$i":"CAT-80","$v":"स्वास्थ्य"},{"$i":"CAT-90","$v":"खेलकूद"},{"$i":"CAT-100","$v":"पुस्तक र सन्दर्भ"},{"$i":"ok","$v":"OK"},{"$i":"get","$v":"GET"},{"$i":"go","$v":"GO"},{"$i":"open","$v":"खोल्नुहोस्"},{"$i":"install","$v":"स्थापना गर्नुहोस्"}]