[{"$i":"sign-in","$v":"ସାଇନ୍‌ ଇନ୍‌"},{"$i":"NewAccount","$v":"ନୂଆ ଆକାଉଣ୍ଟ "},{"$i":"options","$v":"ବିକଳ୍ପଗୁଡିକ"},{"$i":"cancel","$v":"ବାତିଲ କରନ୍ତୁ"},{"$i":"update","$v":"ଅପ୍‌ଡେଟ୍"},{"$i":"back","$v":"ପଛ"},{"$i":"uninstall","$v":"ଅଣସଂସ୍ଥାପନ କରନ୍ତୁ"},{"$i":"update-found","$v":"ଅପ୍‌ଡେଟ୍ ମିଳିଲା |"},{"$i":"update-found-content","$v":"ଜିଓଷ୍ଟୋର୍ ସ୍ବତଃ ବନ୍ଦ ଏବଂ ଅପ୍‌ଡେଟ୍ ହେବ | ଦୟାକରି କିଛି କ୍ଷଣ ମଧ୍ୟରେ ଫେରନ୍ତୁ |"},{"$i":"no-internet","$v":"କୌଣସି ଇଣ୍ଟର୍‌ନେଟ୍ ନାହିଁ |"},{"$i":"connection-error","$v":"ସଂଯୋଗ ତ୍ରୁଟି"},{"$i":"enable","$v":"ସକ୍ଷମ କରନ୍ତୁ"},{"$i":"open-service","$v":"ଓପନ୍ ସର୍ଭିସ୍"},{"$i":"downloading","$v":"ଡାଉନ୍‌ଲୋଡିଙ୍ଗ୍ ହେଉଛି"},{"$i":"loading","$v":"Loading..."},{"$i":"CAT-all","$v":"All"},{"$i":"CAT-10","$v":"Games"},{"$i":"CAT-20","$v":"Entertainment"},{"$i":"CAT-30","$v":"Social"},{"$i":"CAT-40","$v":"Shopping"},{"$i":"CAT-50","$v":"News"},{"$i":"CAT-60","$v":"Utilities"},{"$i":"CAT-70","$v":"Lifestyle"},{"$i":"CAT-80","$v":"Health"},{"$i":"CAT-90","$v":"Sports"},{"$i":"CAT-100","$v":{"$o":"Books & Reference"}},{"$i":"ok","$v":"OK"},{"$i":"get","$v":"GET"},{"$i":"go","$v":"GO"},{"$i":"open","$v":"ଖୋଲନ୍ତୁ"},{"$i":"install","$v":"ସଂସ୍ଥାପନ କରନ୍ତୁ"}]