[{"$i":"sign-in","$v":"ਸਾਈਨ ਇਨ ਕਰੋ "},{"$i":"NewAccount","$v":"ਨਵਾਂ  ਖਾਤਾ"},{"$i":"options","$v":"ਵਿਕਲਪ "},{"$i":"cancel","$v":"ਰੱਦ ਕਰੋ"},{"$i":"update","$v":"ਅਪਡੇਟ"},{"$i":"back","$v":"ਪਿੱਛੇ"},{"$i":"uninstall","$v":"ਅਨਇੰਸਟਾਲ ਕਰੋ"},{"$i":"update-found","$v":"ਅਪਡੇਟ  ਮਿਲਿਆ ਹੈ। "},{"$i":"update-found-content","$v":"ਜੀਓਸਟੋਰ ਆਪਣੇ ਆਪ ਬੰਦ ਅਤੇ ਅਪਡੇਟ ਕਰੇਗਾ। ਕਿਰਪਾ ਕਰਕੇ ਕੁਝ ਪਲਾਂ ਵਿੱਚ  ਵਾਪਿਸ ਆਓ। "},{"$i":"no-internet","$v":"ਇੰਟਰਨੈੱਟ  ਨਹੀਂ ਹੈ। "},{"$i":"connection-error","$v":"ਕਨੈਕਸ਼ਨ ਗਲਤੀ। "},{"$i":"enable","$v":"ਕਾਰਜਸ਼ੀਲ ਕਰੋ"},{"$i":"open-service","$v":"ਓਪਨ  ਸਰਵਿਸ"},{"$i":"downloading","$v":"ਡਾਊਨਲੋਡ  ਕਰ ਰਿਹਾ ਹੈ"},{"$i":"loading","$v":"Loading..."},{"$i":"CAT-all","$v":"All"},{"$i":"CAT-10","$v":"Games"},{"$i":"CAT-20","$v":"Entertainment"},{"$i":"CAT-30","$v":"Social"},{"$i":"CAT-40","$v":"Shopping"},{"$i":"CAT-50","$v":"News"},{"$i":"CAT-60","$v":"Utilities"},{"$i":"CAT-70","$v":"Lifestyle"},{"$i":"CAT-80","$v":"Health"},{"$i":"CAT-90","$v":"Sports"},{"$i":"CAT-100","$v":{"$o":"Books & Reference"}},{"$i":"ok","$v":"OK"},{"$i":"get","$v":"GET"},{"$i":"go","$v":"GO"},{"$i":"open","$v":"ਖੋਲ੍ਹੋ"},{"$i":"install","$v":"ਇੰਸਟਾਲ ਕਰੋ"}]