[{"$i":"sign-in","$v":"अन्तः प्रवेशतु"},{"$i":"NewAccount","$v":"नवीना लेखा"},{"$i":"options","$v":"विकल्पम्"},{"$i":"cancel","$v":"निरस्यताम्"},{"$i":"update","$v":"अद्यतनीक्रियताम्"},{"$i":"back","$v":"पुनरावर्त्यताम्"},{"$i":"uninstall","$v":"अव्यवस्थापनम्"},{"$i":"update-found","$v":"अद्यतनं प्राप्तम्।"},{"$i":"update-found-content","$v":"जियोस्टोर प्लस् स्वतः पिरितः, अध्यतनः च भविष्यति। कृपया स्वल्पेषु निमेषेषु प्रत्यागच्छतु।"},{"$i":"no-internet","$v":"अन्तर्जालं नास्ति।"},{"$i":"connection-error","$v":"संयोजनस्य दोषः।"},{"$i":"enable","$v":"सक्रियम्"},{"$i":"open-service","$v":"ओपन सर्विस"},{"$i":"downloading","$v":"अवारोपयति"},{"$i":"loading","$v":"आरोपयति"},{"$i":"CAT-all","$v":"सर्वाः"},{"$i":"CAT-10","$v":"क्रीडाः"},{"$i":"CAT-20","$v":"मनोरञ्जनम्"},{"$i":"CAT-30","$v":"सामाजिकम्"},{"$i":"CAT-40","$v":"क्रयणम्"},{"$i":"CAT-50","$v":"समाचारः"},{"$i":"CAT-60","$v":"उपयोगिताः"},{"$i":"CAT-70","$v":"जीवनशैली"},{"$i":"CAT-80","$v":"स्वास्थ्यम्"},{"$i":"CAT-90","$v":"क्रीडाः"},{"$i":"CAT-100","$v":{"$o":"पुस्तकानि, सन्दर्भः च&"}},{"$i":"ok","$v":"OK"},{"$i":"get","$v":"GET"},{"$i":"go","$v":"GO"},{"$i":"open","$v":"उद्घाट्यताम्"},{"$i":"install","$v":"निक्षिप्यताम्"}]