[{"$i":"sign-in","$v":"ᱥᱟᱭᱤᱱ ᱤᱱ"},{"$i":"NewAccount","$v":"ᱱᱟᱣᱟ ᱠᱷᱟᱛᱟ"},{"$i":"options","$v":"ᱵᱤᱠᱟᱞᱚᱯ ᱠᱚ"},{"$i":"cancel","$v":"ᱢᱩᱪᱮᱫ"},{"$i":"update","$v":"ᱱᱟᱣᱟᱣᱟᱜ"},{"$i":"back","$v":"ᱨᱩᱣᱮᱲ"},{"$i":"uninstall","$v":"ᱵᱮᱵᱟᱹᱦᱟᱞ"},{"$i":"update-found","$v":"ᱱᱟᱣᱟᱱᱟᱜᱽ ᱧᱟᱢ ᱟᱠᱟᱱᱟ᱾"},{"$i":"update-found-content","$v":"ᱡᱤᱭᱳ ᱮᱥᱴᱳᱨ ᱫᱚ ᱵᱚᱱᱫᱚ-ᱟ ᱟᱨ ᱱᱟᱣᱟᱜ-ᱟ ᱟᱡ~ᱟᱡ ᱛᱮᱜᱮ᱾ ᱱᱮᱦᱚᱨ ᱢᱩᱛ ᱚᱠᱛᱮ ᱯᱚᱨᱮ ᱨᱩᱣᱮᱲᱚᱜ-ᱟ᱾"},{"$i":"no-internet","$v":"ᱤᱱᱴᱚᱨᱱᱮᱴ ᱵᱟᱱᱩᱜ-ᱟ᱾"},{"$i":"connection-error","$v":"ᱡᱩᱲᱟᱣ ᱨᱮ ᱵᱷᱩᱞ᱾"},{"$i":"enable","$v":"ᱥᱚᱠᱪᱷᱚᱢ"},{"$i":"open-service","$v":"ᱚᱯᱮᱱ ᱥᱮᱨᱣᱤᱥ"},{"$i":"downloading","$v":"ᱰᱟᱩᱱᱞᱳᱰᱚᱜ ᱠᱟᱱᱟ"},{"$i":"loading","$v":"Loading..."},{"$i":"CAT-all","$v":"All"},{"$i":"CAT-10","$v":"Games"},{"$i":"CAT-20","$v":"Entertainment"},{"$i":"CAT-30","$v":"Social"},{"$i":"CAT-40","$v":"Shopping"},{"$i":"CAT-50","$v":"News"},{"$i":"CAT-60","$v":"Utilities"},{"$i":"CAT-70","$v":"Lifestyle"},{"$i":"CAT-80","$v":"Health"},{"$i":"CAT-90","$v":"Sports"},{"$i":"CAT-100","$v":{"$o":"Books & Reference"}},{"$i":"ok","$v":"OK"},{"$i":"get","$v":"GET"},{"$i":"go","$v":"GO"},{"$i":"open","$v":"ᱡᱷᱤᱡ"},{"$i":"install","$v":"ᱵᱟᱦᱟᱹᱞ"}]