[{"$i":"sign-in","$v":"साइन उन कर्यो"},{"$i":"NewAccount","$v":"नओं अकाऊंट"},{"$i":"options","$v":"इख़्तियारु"},{"$i":"cancel","$v":"रदि"},{"$i":"update","$v":"अपडेट कयो"},{"$i":"back","$v":"पोइते"},{"$i":"uninstall","$v":"अण- अस्तापित"},{"$i":"update-found","$v":"अपडेट मिली."},{"$i":"update-found-content","$v":"जीवु इस्टोर ख़ुदकार तौर ते बंदु ऐं अपडेट थींदो. महिरबानी करे कुझु लमहनि में वापस उचो"},{"$i":"no-internet","$v":"को बि इन्टरनेट नाहे."},{"$i":"connection-error","$v":"कनेकशन नुक़्सु."},{"$i":"enable","$v":"फ़आल कर्यो"},{"$i":"open-service","$v":"ओपन सर्विस"},{"$i":"downloading","$v":"डाऊनलोड किरी प्यो"},{"$i":"loading","$v":"लोड किरी प्यो"},{"$i":"CAT-all","$v":"सभई"},{"$i":"CAT-10","$v":"रानदीयूं"},{"$i":"CAT-20","$v":"फ़नु"},{"$i":"CAT-30","$v":"सोशल"},{"$i":"CAT-40","$v":"शापिंग"},{"$i":"CAT-50","$v":"ख़बिरूं"},{"$i":"CAT-60","$v":"यवटीलटीज़ि"},{"$i":"CAT-70","$v":"लाईफ़ इस्टाईल"},{"$i":"CAT-80","$v":"सिहत"},{"$i":"CAT-90","$v":"असपोरटसि"},{"$i":"CAT-100","$v":"किताब ऐं हवाला"},{"$i":"ok","$v":"OK"},{"$i":"get","$v":"GET"},{"$i":"go","$v":"GO"},{"$i":"open","$v":"खोल्यो"},{"$i":"install","$v":"इंस्टाल"}]