[{"$i":"sign-in","$v":"உள்நுழையவும்"},{"$i":"NewAccount","$v":"புதிய கணக்கு"},{"$i":"options","$v":"விருப்பங்கள்"},{"$i":"cancel","$v":"ரத்துசெய்"},{"$i":"update","$v":"புதுப்பி"},{"$i":"back","$v":"பின் செல்"},{"$i":"uninstall","$v":"நிறுவல்நீக்கு"},{"$i":"update-found","$v":"புதுப்பித்தல் காணப்பட்டது"},{"$i":"update-found-content","$v":"ஜியோஸ்டோர் தானாக மூடப்பட்டு புதுப்பிக்கப்படும்.தயவுசெய்து ஒரு சில நிமிடங்களில் திரும்பி வாருங்கள்."},{"$i":"no-internet","$v":"இணையம் இல்லை."},{"$i":"connection-error","$v":"இணைப்பு பிழை."},{"$i":"enable","$v":"இயக்கு"},{"$i":"open-service","$v":"ஓபன் சர்வீஸ்"},{"$i":"downloading","$v":"பதிவிறக்குகிறது"},{"$i":"loading","$v":"Loading..."},{"$i":"CAT-all","$v":"All"},{"$i":"CAT-10","$v":"Games"},{"$i":"CAT-20","$v":"Entertainment"},{"$i":"CAT-30","$v":"Social"},{"$i":"CAT-40","$v":"Shopping"},{"$i":"CAT-50","$v":"News"},{"$i":"CAT-60","$v":"Utilities"},{"$i":"CAT-70","$v":"Lifestyle"},{"$i":"CAT-80","$v":"Health"},{"$i":"CAT-90","$v":"Sports"},{"$i":"CAT-100","$v":{"$o":"Books & Reference"}},{"$i":"ok","$v":"OK"},{"$i":"get","$v":"GET"},{"$i":"go","$v":"GO"},{"$i":"open","$v":"திற"},{"$i":"install","$v":"இன்ஸ்டால் செய்க"}]