[{"$i":"sign-in","$v":"సైన్ ఇన్ చేయి"},{"$i":"NewAccount","$v":"కొత్త ఖాతా"},{"$i":"options","$v":"ఎంపికలు"},{"$i":"cancel","$v":"రద్దు చేయి"},{"$i":"update","$v":"నవీకరించండి"},{"$i":"back","$v":"వెనుకకు"},{"$i":"uninstall","$v":"అన్‌ఇన్‌స్టాల్"},{"$i":"update-found","$v":"నవీకరణ కనబడింది."},{"$i":"update-found-content","$v":"జియోస్టోర్ దానంతట అదే స్వయంగా ముసివేయబడి మరియు అప్‌డేట్ అవుతుంది. దయచేసి కొంత సమయం తర్వాత తిరిగి ప్రయత్నించండి."},{"$i":"no-internet","$v":"ఇంటర్నెట్ లేదు."},{"$i":"connection-error","$v":"కనెక్షన్ లోపం."},{"$i":"enable","$v":"ప్రారంభించండి"},{"$i":"open-service","$v":"ఓపెన్ సర్వీస్"},{"$i":"downloading","$v":"డౌన్‌లోడ్ అవుతోంది"},{"$i":"loading","$v":"Loading..."},{"$i":"CAT-all","$v":"All"},{"$i":"CAT-10","$v":"Games"},{"$i":"CAT-20","$v":"Entertainment"},{"$i":"CAT-30","$v":"Social"},{"$i":"CAT-40","$v":"Shopping"},{"$i":"CAT-50","$v":"News"},{"$i":"CAT-60","$v":"Utilities"},{"$i":"CAT-70","$v":"Lifestyle"},{"$i":"CAT-80","$v":"Health"},{"$i":"CAT-90","$v":"Sports"},{"$i":"CAT-100","$v":{"$o":"Books & Reference"}},{"$i":"ok","$v":"OK"},{"$i":"get","$v":"GET"},{"$i":"go","$v":"GO"},{"$i":"open","$v":"తెరువు"},{"$i":"install","$v":"ఇన్‌స్టాల్ చేయి"}]