[{"$i":"sign-in","$v":"साइन इन खालाम"},{"$i":"NewAccount","$v":"गोदान एकाउन्ट"},{"$i":"options","$v":"सायख'"},{"$i":"cancel","$v":"केनचेल खालाम"},{"$i":"update","$v":"आपडेट खालाम"},{"$i":"back","$v":"बेक खालाम"},{"$i":"uninstall","$v":"आनइन्सटल खालाम"},{"$i":"update-found","$v":"फोदाननाय मोनदों।"},{"$i":"update-found-content","$v":"जिउस्टरा गावनो गाव बन्द आरो आपडेट जागोन । अननानै दसे नेथ"},{"$i":"no-internet","$v":"जेबो इन्टारनेट गैया।"},{"$i":"connection-error","$v":"फोनांजाबनायाव गोरोन्थि दं।"},{"$i":"enable","$v":"इनेबल"},{"$i":"open-service","$v":"अपेन सारभिस"},{"$i":"downloading","$v":"डाउनलदिं"},{"$i":"loading","$v":"लड जागासिनो दं"},{"$i":"CAT-all","$v":"गासैबो"},{"$i":"CAT-10","$v":"खेला / गेम"},{"$i":"CAT-20","$v":"रंजाथाइ"},{"$i":"CAT-30","$v":"समाजारि"},{"$i":"CAT-40","$v":"बाजार खालामनाय"},{"$i":"CAT-50","$v":"रादाब"},{"$i":"CAT-60","$v":"बाहायथिफोर"},{"$i":"CAT-70","$v":"जिउराहा"},{"$i":"CAT-80","$v":"सावस्रि"},{"$i":"CAT-90","$v":"सपर्ट्स"},{"$i":"CAT-100","$v":"बिजाब आरो हेफाजाबफोर"},{"$i":"ok","$v":"OK"},{"$i":"get","$v":"GET"},{"$i":"go","$v":"GO"},{"$i":"open","$v":"खुलि"},{"$i":"install","$v":"इन्सटल खालाम"}]