[{"$i":"sign-in","$v":"سائن ان کریں"},{"$i":"NewAccount","$v":"نیا اکاؤنٹ"},{"$i":"options","$v":"اختیارات"},{"$i":"cancel","$v":"منسوخ کریں"},{"$i":"update","$v":"تازہ معلومات"},{"$i":"back","$v":"واپس جائیں"},{"$i":"uninstall","$v":"اَن انسٹال کریں"},{"$i":"update-found","$v":"اپ ڈیٹ ملی۔"},{"$i":"update-found-content","$v":"جیواسٹور خودکار بند ہوگا اور اپ ڈیٹ ہوگا۔ براہ کرم کچھ لمحوں میں واپس آئیں۔"},{"$i":"no-internet","$v":"انٹرنیٹ نہیں ہے۔"},{"$i":"connection-error","$v":"کنیکشن کی نقص۔"},{"$i":"enable","$v":"فعال کریں"},{"$i":"open-service","$v":"اوپن سروس"},{"$i":"downloading","$v":"ڈاونلوڈ کران"},{"$i":"loading","$v":"لوڈ ہورہا ہے"},{"$i":"CAT-all","$v":"تمام"},{"$i":"CAT-10","$v":"گیمز"},{"$i":"CAT-20","$v":"تفریح"},{"$i":"CAT-30","$v":"سماجی"},{"$i":"CAT-40","$v":"خریداری"},{"$i":"CAT-50","$v":"خبریں"},{"$i":"CAT-60","$v":"افادیت"},{"$i":"CAT-70","$v":"طرز زندگی"},{"$i":"CAT-80","$v":"صحت"},{"$i":"CAT-90","$v":"کھیل کود"},{"$i":"CAT-100","$v":"کتابیں اور حوالہ"},{"$i":"ok","$v":"OK"},{"$i":"get","$v":"GET"},{"$i":"go","$v":"GO"},{"$i":"open","$v":"کھولیں"},{"$i":"install","$v":"انسٹال کریں"}]