[{"$i":"unitconverter","$v":"ইউনিট কনভাৰ্টাৰ"},{"$i":"clear-all","$v":"সকলোবোৰ চাফা কৰক"},{"$i":"ok","$v":"ঠিক আছে"},{"$i":"select","$v":"বাছনি কৰক"},{"$i":"+/-","$v":"+/-"},{"$i":"area","$v":"ক্ষেত্ৰ"},{"$i":"length","$v":"দৈৰ্ঘ্য"},{"$i":"speed","$v":"গতি"},{"$i":"temperature","$v":"উষ্ণতা"},{"$i":"volume","$v":"ভলিউম"},{"$i":"weight","$v":"ওজন"},{"$i":"squaremillimeters","$v":"স্কুৱেৰ মিলিমিটাৰ"},{"$i":"squarecentimeters","$v":"স্কুৱেৰ চেণ্টিমিটাৰ"},{"$i":"squaremeters","$v":"স্কুৱেৰ মিটাৰ"},{"$i":"ares","$v":"এৰেস"},{"$i":"hectares","$v":"হেক্টৰ্চ"},{"$i":"squarekilometers","$v":"স্কুৱেৰ কিল’মিটাৰ"},{"$i":"squareinches","$v":"স্কুৱেৰ ইঞ্চ"},{"$i":"squarefeet","$v":"স্কুৱেৰ ফুট"},{"$i":"squareyards","$v":"স্কুৱেৰ য়াৰ্ড"},{"$i":"squaremiles","$v":"স্কুৱেৰ মাইল"},{"$i":"acres","$v":"একৰ্স"},{"$i":"millimeter","$v":"মিলিমিটাৰ"},{"$i":"centimeter","$v":"চেণ্টিমিটাৰ"},{"$i":"meter","$v":"মিটাৰ"},{"$i":"kilometer","$v":"কিল’মিটাৰ"},{"$i":"inch","$v":"ইঞ্চ"},{"$i":"feet","$v":"ফীট"},{"$i":"yard","$v":"য়াৰ্ড"},{"$i":"mile","$v":"মাইল"},{"$i":"meters/second","$v":"মিটাৰ্চ/ছেকেণ্ড"},{"$i":"kilometer/hour","$v":"কিল’মিটাৰ/আৱাৰ"},{"$i":"miles/hour","$v":"মাইল্চ/আৱাৰ"},{"$i":"feet/second","$v":"ফীট/ছেকেণ্ড"},{"$i":"knots","$v":"নট্চ"},{"$i":"mach","$v":"মেচ"},{"$i":"celsius","$v":"ছেলছিয়াছ"},{"$i":"fahrenheit","$v":"ফাৰেনহাইট"},{"$i":"kelvin","$v":"কেল্ভিন"},{"$i":"newton","$v":"নিউটন"},{"$i":"delisle","$v":"ডেলিসল"},{"$i":"rankine","$v":"ৰেঙ্কিন"},{"$i":"réaumur","$v":"ৰিউমাৰ"},{"$i":"cubicmillimeter","$v":"কিউবিক মিলিমিটাৰ"},{"$i":"cubiccentimeter","$v":"কিউবিক চেণ্টিমিটাৰ"},{"$i":"cubicmeter","$v":"কিউবিক মিটাৰ"},{"$i":"milliliter","$v":"মিলিলিটাৰ"},{"$i":"centiliter","$v":"চেণ্টিলিটাৰ"},{"$i":"liter","$v":"লিটাৰ"},{"$i":"cubicinch","$v":"কিউবিক ইঞ্চ"},{"$i":"cubicfoot","$v":"কিউবিক ফুট"},{"$i":"cubicyard","$v":"কিউবিক য়াৰ্ড"},{"$i":"teaspoon,uk","$v":"টী স্পুন,UK"},{"$i":"tablespoon,uk","$v":"টেবল স্পুন,UK"},{"$i":"fluidounce,uk","$v":"ফ্লুইড ওউন্স, UK"},{"$i":"cup,uk","$v":"কাপ, UK"},{"$i":"pint,uk","$v":"প্ৰিণ্ট, UK"},{"$i":"quart,uk","$v":"কুৱাৰ্ট, UK"},{"$i":"gallon,uk","$v":"গেলন, UK"},{"$i":"barrel,uk","$v":"বাৰেল, UK"},{"$i":"teaspoon,us","$v":"টী স্পুন,US"},{"$i":"tablespoon,us","$v":"টেবল স্পুন,US"},{"$i":"fluidounce,us","$v":"ফ্লুইড ওউন্স, US"},{"$i":"cup,us","$v":"কাপ, US"},{"$i":"pint,us","$v":"প্ৰিণ্ট, US"},{"$i":"quart,us","$v":"কুৱাৰ্ট, US"},{"$i":"gallon,us","$v":"গেলন, US"},{"$i":"barrel,us","$v":"বাৰেল,US"},{"$i":"milligrams","$v":"মিলিগ্ৰাম্চ"},{"$i":"grams","$v":"গ্ৰাম্চ"},{"$i":"kilograms","$v":"কিল’গ্ৰাম"},{"$i":"tonnes","$v":"ট’ন্চ"},{"$i":"ounces","$v":"ওউন্সেচ"},{"$i":"pounds","$v":"পাউণ্ডচ্"},{"$i":"stone,uk","$v":"ষ্ট’ন, UK"},{"$i":"longton,uk","$v":"লং টন, UK"},{"$i":"shortton,us","$v":"চৰ্ট টন, US"}]