[{"$i":"unitconverter","$v":"ইউনিট কনভাৰ্টার"},{"$i":"clear-all","$v":"সব সাফ করুন"},{"$i":"ok","$v":"ঠিক আছে"},{"$i":"select","$v":"নির্বাচন করুন"},{"$i":"+/-","$v":"+/-"},{"$i":"area","$v":"ক্ষেত্র"},{"$i":"length","$v":"দৈর্ঘ্য"},{"$i":"speed","$v":"গতি"},{"$i":"temperature","$v":"তাপমাত্রা"},{"$i":"volume","$v":"ভলিউম"},{"$i":"weight","$v":"ওজন"},{"$i":"squaremillimeters","$v":"স্কয়ার মিলিমিটার"},{"$i":"squarecentimeters","$v":"স্কয়ার সেন্টিমিটার"},{"$i":"squaremeters","$v":"স্কয়ার মিটার"},{"$i":"ares","$v":"অ্যারেস্"},{"$i":"hectares","$v":"হেক্টর"},{"$i":"squarekilometers","$v":"স্কয়ার কিলোমিটার"},{"$i":"squareinches","$v":"স্কয়ার ইঞ্চ"},{"$i":"squarefeet","$v":"স্কয়ার ফুট"},{"$i":"squareyards","$v":"স্কয়ার ইয়ার্ড"},{"$i":"squaremiles","$v":"স্কয়ার মাইল"},{"$i":"acres","$v":"একর্স"},{"$i":"millimeter","$v":"মিলিমিটার"},{"$i":"centimeter","$v":"সেন্টিমিটার"},{"$i":"meter","$v":"মিটার"},{"$i":"kilometer","$v":"কিলোমিটার"},{"$i":"inch","$v":"ইঞ্চ"},{"$i":"feet","$v":"ফীট"},{"$i":"yard","$v":"ইয়াৰ্ড"},{"$i":"mile","$v":"মাইল"},{"$i":"meters/second","$v":"মিটার /সেকেন্ড"},{"$i":"kilometer/hour","$v":"কিলোমিটার/আওয়ার"},{"$i":"miles/hour","$v":"মাইল/আওয়ার"},{"$i":"feet/second","$v":"ফীট/সেকেন্ড"},{"$i":"knots","$v":"নট্স"},{"$i":"mach","$v":"ম্যাচ"},{"$i":"celsius","$v":"সেলসিয়াস"},{"$i":"fahrenheit","$v":"ফারেনহাইট"},{"$i":"kelvin","$v":"কেল্ভিন"},{"$i":"newton","$v":"নিউটন"},{"$i":"delisle","$v":"ডেলিস্লে"},{"$i":"rankine","$v":"রেঙ্কিন"},{"$i":"réaumur","$v":"রিউমার"},{"$i":"cubicmillimeter","$v":"কিউবিক মিলিমিটার"},{"$i":"cubiccentimeter","$v":"ঘন সেন্টিমিটার"},{"$i":"cubicmeter","$v":"কিউবিক মিটার"},{"$i":"milliliter","$v":"মিলিমিটার"},{"$i":"centiliter","$v":"সেন্টিলিটার"},{"$i":"liter","$v":"লিটার"},{"$i":"cubicinch","$v":"কিউবিক ইঞ্চ"},{"$i":"cubicfoot","$v":"কিউবিক ফুট"},{"$i":"cubicyard","$v":"কিউবিক ইয়ার্ড"},{"$i":"teaspoon,uk","$v":"টী স্পুন,UK"},{"$i":"tablespoon,uk","$v":"টেবল স্পুন,UK"},{"$i":"fluidounce,uk","$v":"ফ্লুইড আউন্স ,UK"},{"$i":"cup,uk","$v":"কাপ, UK"},{"$i":"pint,uk","$v":"প্ৰিণ্ট, UK"},{"$i":"quart,uk","$v":"কোয়ার্ট ,UK"},{"$i":"gallon,uk","$v":"গ্যালন,UK"},{"$i":"barrel,uk","$v":"ব্যারেল,UK"},{"$i":"teaspoon,us","$v":"টী স্পুন,US"},{"$i":"tablespoon,us","$v":"টেবল স্পুন,US"},{"$i":"fluidounce,us","$v":"ফ্লুইড আউন্স ,UK"},{"$i":"cup,us","$v":"কাপ, US"},{"$i":"pint,us","$v":"প্ৰিণ্ট, US"},{"$i":"quart,us","$v":"কোয়ার্ট ,US"},{"$i":"gallon,us","$v":"গ্যালন,US"},{"$i":"barrel,us","$v":"ব্যারেল,US"},{"$i":"milligrams","$v":"মিলিগ্রাম"},{"$i":"grams","$v":"গ্রাম"},{"$i":"kilograms","$v":"কিলোগ্রাম"},{"$i":"tonnes","$v":"টন্স"},{"$i":"ounces","$v":"আউন্স"},{"$i":"pounds","$v":"পাউন্ড"},{"$i":"stone,uk","$v":"স্টোন, UK"},{"$i":"longton,uk","$v":"লং টন, UK"},{"$i":"shortton,us","$v":"শর্ট টন ,US"}]