[{"$i":"unitconverter","$v":"युनिट रूपांतरण"},{"$i":"clear-all","$v":"सब्भै साफ करो"},{"$i":"ok","$v":"ठीक ऐ"},{"$i":"select","$v":"चुनो"},{"$i":"+/-","$v":"+/-"},{"$i":"area","$v":"खेत्तर"},{"$i":"length","$v":"लंबाई"},{"$i":"speed","$v":"स्पीड"},{"$i":"temperature","$v":"तापमान"},{"$i":"volume","$v":"वाल्यूम"},{"$i":"weight","$v":"भार"},{"$i":"squaremillimeters","$v":"वर्ग मिलीमीटर"},{"$i":"squarecentimeters","$v":"वर्ग सेंटीमीटर"},{"$i":"squaremeters","$v":"वर्ग मीटर"},{"$i":"ares","$v":"एरेस"},{"$i":"hectares","$v":"हेक्टेयर"},{"$i":"squarekilometers","$v":"वर्ग किलोमीटर"},{"$i":"squareinches","$v":"वर्ग इंच"},{"$i":"squarefeet","$v":"वर्ग फुट"},{"$i":"squareyards","$v":"वर्ग गज"},{"$i":"squaremiles","$v":"वर्ग मील"},{"$i":"acres","$v":"एकड़"},{"$i":"millimeter","$v":"मिलीमीटर"},{"$i":"centimeter","$v":"सेंटीमीटर"},{"$i":"meter","$v":"मीटर"},{"$i":"kilometer","$v":"किलोमीटर"},{"$i":"inch","$v":"इंच"},{"$i":"feet","$v":"फीट"},{"$i":"yard","$v":"यार्ड"},{"$i":"mile","$v":"मील"},{"$i":"meters/second","$v":"मीटर सेकेंड"},{"$i":"kilometer/hour","$v":"किलोमीटर/घैंटे"},{"$i":"miles/hour","$v":"मील/घैंटा"},{"$i":"feet/second","$v":"फीट/सेकेंड"},{"$i":"knots","$v":"नाट्स"},{"$i":"mach","$v":"मच"},{"$i":"celsius","$v":"सेल्सीयस"},{"$i":"fahrenheit","$v":"फारेनहाइट"},{"$i":"kelvin","$v":"केल्विन"},{"$i":"newton","$v":"न्यूटन"},{"$i":"delisle","$v":"डीलसिले"},{"$i":"rankine","$v":"रैंकिन"},{"$i":"réaumur","$v":"रयूमर"},{"$i":"cubicmillimeter","$v":"घन मिलीमीटर"},{"$i":"cubiccentimeter","$v":"घन सेंटीमीटर"},{"$i":"cubicmeter","$v":"घन मीटर"},{"$i":"milliliter","$v":"मिलीलीटर"},{"$i":"centiliter","$v":"सेंटीलीटर"},{"$i":"liter","$v":"लीटर"},{"$i":"cubicinch","$v":"घन इंच"},{"$i":"cubicfoot","$v":"घन फुट"},{"$i":"cubicyard","$v":"क्यूबिक यार्ड"},{"$i":"teaspoon,uk","$v":"टी स्पून, UK"},{"$i":"tablespoon,uk","$v":"टेबल स्पून, UK"},{"$i":"fluidounce,uk","$v":"फ्लूयड औंस, UK"},{"$i":"cup,uk","$v":"कप, UK"},{"$i":"pint,uk","$v":"पिंट, UK"},{"$i":"quart,uk","$v":"क्वार्ट, UK"},{"$i":"gallon,uk","$v":"गैलन, UK"},{"$i":"barrel,uk","$v":"बैरल, UK"},{"$i":"teaspoon,us","$v":"टी स्पून, US"},{"$i":"tablespoon,us","$v":"टेबल स्पून, US"},{"$i":"fluidounce,us","$v":"फ्लूयड औंस, US"},{"$i":"cup,us","$v":"कप, US"},{"$i":"pint,us","$v":"पिंट, US"},{"$i":"quart,us","$v":"क्वार्ट, US"},{"$i":"gallon,us","$v":"गैलन, US"},{"$i":"barrel,us","$v":"बैरल, US"},{"$i":"milligrams","$v":"मिलीग्राम"},{"$i":"grams","$v":"ग्राम"},{"$i":"kilograms","$v":"किलोग्राम"},{"$i":"tonnes","$v":"टन"},{"$i":"ounces","$v":"औंस"},{"$i":"pounds","$v":"पाउंड"},{"$i":"stone,uk","$v":"स्टोन, UK"},{"$i":"longton,uk","$v":"लांग टैन, UK"},{"$i":"shortton,us","$v":"शार्ट टन, US"}]