[{"$i":"unitconverter","$v":"Unit Conv."},{"$i":"clear-all","$v":"Clear All"},{"$i":"ok","$v":"OK"},{"$i":"select","$v":"Select"},{"$i":"+/-","$v":"+/-"},{"$i":"area","$v":"Area"},{"$i":"length","$v":"Length"},{"$i":"speed","$v":"Speed"},{"$i":"temperature","$v":"Temperature"},{"$i":"volume","$v":"Volume"},{"$i":"weight","$v":"Weight"},{"$i":"squaremillimeters","$v":"Square Millimeters"},{"$i":"squarecentimeters","$v":"Square Centimeters"},{"$i":"squaremeters","$v":"Square Meters"},{"$i":"ares","$v":"Ares"},{"$i":"hectares","$v":"Hectares"},{"$i":"squarekilometers","$v":"Square Kilometers"},{"$i":"squareinches","$v":"Square Inches"},{"$i":"squarefeet","$v":"Square Feet"},{"$i":"squareyards","$v":"Square Yards"},{"$i":"squaremiles","$v":"Square Miles"},{"$i":"acres","$v":"Acres"},{"$i":"millimeter","$v":"Millimeter"},{"$i":"centimeter","$v":"Centimeter"},{"$i":"meter","$v":"Meter"},{"$i":"kilometer","$v":"Kilometer"},{"$i":"inch","$v":"Inch"},{"$i":"feet","$v":"Feet"},{"$i":"yard","$v":"Yard"},{"$i":"mile","$v":"Mile"},{"$i":"meters/second","$v":"Meters/Second"},{"$i":"kilometer/hour","$v":"Kilometer/Hour"},{"$i":"miles/hour","$v":"Miles/Hour"},{"$i":"feet/second","$v":"Feet/Second"},{"$i":"knots","$v":"Knots"},{"$i":"mach","$v":"Mach"},{"$i":"celsius","$v":"Celsius"},{"$i":"fahrenheit","$v":"Fahrenheit"},{"$i":"kelvin","$v":"Kelvin"},{"$i":"newton","$v":"Newton"},{"$i":"delisle","$v":"Delisle"},{"$i":"rankine","$v":"Rankine"},{"$i":"réaumur","$v":"Réaumur"},{"$i":"cubicmillimeter","$v":"Cubic Millimeter"},{"$i":"cubiccentimeter","$v":"Cubic Centimeter"},{"$i":"cubicmeter","$v":"Cubic Meter"},{"$i":"milliliter","$v":"Milliliter"},{"$i":"centiliter","$v":"Centiliter"},{"$i":"liter","$v":"Liter"},{"$i":"cubicinch","$v":"Cubic Inch"},{"$i":"cubicfoot","$v":"Cubic Foot"},{"$i":"cubicyard","$v":"Cubic Yard"},{"$i":"teaspoon,uk","$v":"Tea Spoon,UK"},{"$i":"tablespoon,uk","$v":"Table Spoon,UK"},{"$i":"fluidounce,uk","$v":"Fluid Ounce,UK"},{"$i":"cup,uk","$v":"Cup,UK"},{"$i":"pint,uk","$v":"Pint,UK"},{"$i":"quart,uk","$v":"Quart,UK"},{"$i":"gallon,uk","$v":"Gallon,UK"},{"$i":"barrel,uk","$v":"Barrel,UK"},{"$i":"teaspoon,us","$v":"Tea Spoon,US"},{"$i":"tablespoon,us","$v":"Table Spoon,US"},{"$i":"fluidounce,us","$v":"Fluid Ounce,US"},{"$i":"cup,us","$v":"Cup,US"},{"$i":"pint,us","$v":"Pint,US"},{"$i":"quart,us","$v":"Quart,US"},{"$i":"gallon,us","$v":"Gallon,US"},{"$i":"barrel,us","$v":"Barrel,US"},{"$i":"milligrams","$v":"Milligrams"},{"$i":"grams","$v":"Grams"},{"$i":"kilograms","$v":"Kilograms"},{"$i":"tonnes","$v":"Tonnes"},{"$i":"ounces","$v":"Ounces"},{"$i":"pounds","$v":"Pounds"},{"$i":"stone,uk","$v":"Stone,UK"},{"$i":"longton,uk","$v":"Long Ton,UK"},{"$i":"shortton,us","$v":"Short Ton,US"}]