[{"$i":"unitconverter","$v":"યુનિટ કન્વર્ટર"},{"$i":"clear-all","$v":"તમામ સાફ કરો"},{"$i":"ok","$v":"ઑકે"},{"$i":"select","$v":"પસંદ કરો"},{"$i":"+/-","$v":"+/-"},{"$i":"area","$v":"વિસ્તાર"},{"$i":"length","$v":"લંબાઈ"},{"$i":"speed","$v":"સ્પીડ"},{"$i":"temperature","$v":"તાપમાન"},{"$i":"volume","$v":"વૉલ્યૂમ"},{"$i":"weight","$v":"વજન"},{"$i":"squaremillimeters","$v":"સ્કવેર મિલીમીટર્સ"},{"$i":"squarecentimeters","$v":"સ્કવેર સેન્ટિમીટર"},{"$i":"squaremeters","$v":"સ્કવેર મીટર્સ"},{"$i":"ares","$v":"એરેસ"},{"$i":"hectares","$v":"હેકટર્સ"},{"$i":"squarekilometers","$v":"સ્કવેર કિલોમીટર્સ"},{"$i":"squareinches","$v":"સ્કવેર ઇંચ"},{"$i":"squarefeet","$v":"સ્કવેર ફિટ"},{"$i":"squareyards","$v":"સ્કવેર યાર્ડસ"},{"$i":"squaremiles","$v":"સ્કવેર માઇલ્સ"},{"$i":"acres","$v":"એકર્સ"},{"$i":"millimeter","$v":"મીલીમીટર"},{"$i":"centimeter","$v":"સેન્ટિમીટર"},{"$i":"meter","$v":"મીટર"},{"$i":"kilometer","$v":"કિલોમીટર"},{"$i":"inch","$v":"ઇંચ"},{"$i":"feet","$v":"ફિટ"},{"$i":"yard","$v":"યાર્ડ"},{"$i":"mile","$v":"માઈલ"},{"$i":"meters/second","$v":"મીટર્સ/સેકન્ડ"},{"$i":"kilometer/hour","$v":"કિલોમીટર/કલાક"},{"$i":"miles/hour","$v":"માઇલ્સ /કલાક"},{"$i":"feet/second","$v":"ફિટ/સેકન્ડ"},{"$i":"knots","$v":"નોટ્સ"},{"$i":"mach","$v":"મૅચ"},{"$i":"celsius","$v":"સેલ્સિયસ"},{"$i":"fahrenheit","$v":"ફરેનહિટ"},{"$i":"kelvin","$v":"કેલ્વિન"},{"$i":"newton","$v":"ન્યુટન"},{"$i":"delisle","$v":"ડેલિસલે"},{"$i":"rankine","$v":"રંકીન"},{"$i":"réaumur","$v":"રિએમુર"},{"$i":"cubicmillimeter","$v":"ક્યુબિક મીલીમીટર"},{"$i":"cubiccentimeter","$v":"ક્યુબિક સેન્ટિમીટર"},{"$i":"cubicmeter","$v":"ક્યુબિક મીટર"},{"$i":"milliliter","$v":"મીલીલીટર"},{"$i":"centiliter","$v":"સેન્ટિલિટર"},{"$i":"liter","$v":"લીટર"},{"$i":"cubicinch","$v":"ક્યુબિક ઇંચ"},{"$i":"cubicfoot","$v":"ક્યુબિક ફૂટ"},{"$i":"cubicyard","$v":"ક્યુબિક યાર્ડ"},{"$i":"teaspoon,uk","$v":"ટી સ્પૂન,UK"},{"$i":"tablespoon,uk","$v":"ટેબલ સ્પૂન,UK"},{"$i":"fluidounce,uk","$v":"ફ્લ્યુડ ઓન્સ,UK"},{"$i":"cup,uk","$v":"કપ,UK"},{"$i":"pint,uk","$v":"પિન્ટ,UK"},{"$i":"quart,uk","$v":"ક્વાર્ટ,UK"},{"$i":"gallon,uk","$v":"ગૈલન,UK"},{"$i":"barrel,uk","$v":"બેરલ,UK"},{"$i":"teaspoon,us","$v":"ટી સ્પૂન,US"},{"$i":"tablespoon,us","$v":"ટેબલ સ્પૂન,US"},{"$i":"fluidounce,us","$v":"ફ્લ્યુડ ઓન્સ,US"},{"$i":"cup,us","$v":"કપ,US"},{"$i":"pint,us","$v":"પિન્ટ,US"},{"$i":"quart,us","$v":"ક્વાર્ટ,US"},{"$i":"gallon,us","$v":"ગૈલન,US"},{"$i":"barrel,us","$v":"બેરલ,US"},{"$i":"milligrams","$v":"મિલીગ્રામ્સ"},{"$i":"grams","$v":"ગ્રામ્સ"},{"$i":"kilograms","$v":"કિલોગ્રામ્સ"},{"$i":"tonnes","$v":"ટોન્સ"},{"$i":"ounces","$v":"ઔંસ"},{"$i":"pounds","$v":"પાઉન્ડ"},{"$i":"stone,uk","$v":"સ્ટોન,UK"},{"$i":"longton,uk","$v":"લોન્ગ ટન,UK"},{"$i":"shortton,us","$v":"શોર્ટ ટન,US"}]