[{"$i":"unitconverter","$v":"युनिट कनवर्टर"},{"$i":"clear-all","$v":"सब साफ़ करें"},{"$i":"ok","$v":"ठीक हैं"},{"$i":"select","$v":"चुनिए"},{"$i":"+/-","$v":"+/-"},{"$i":"area","$v":"क्षेत्र"},{"$i":"length","$v":"लंबाई"},{"$i":"speed","$v":"गति"},{"$i":"temperature","$v":"तापमान"},{"$i":"volume","$v":"वॉल्यूम"},{"$i":"weight","$v":"वजन"},{"$i":"squaremillimeters","$v":"स्क्वेर मीटर"},{"$i":"squarecentimeters","$v":"स्क्वेर सेंटीमीटर"},{"$i":"squaremeters","$v":"स्क्वेर मीटर"},{"$i":"ares","$v":"एरेस"},{"$i":"hectares","$v":"हेक्टर्स"},{"$i":"squarekilometers","$v":"स्क्वेर किलोमीटर"},{"$i":"squareinches","$v":"स्क्वेर इंच"},{"$i":"squarefeet","$v":"स्क्वेर फुट"},{"$i":"squareyards","$v":"स्क्वेर यार्ड"},{"$i":"squaremiles","$v":"स्क्वेर माइल्स"},{"$i":"acres","$v":"एकर्स"},{"$i":"millimeter","$v":"मिलीमीटर"},{"$i":"centimeter","$v":"सेंटीमीटर"},{"$i":"meter","$v":"मीटर"},{"$i":"kilometer","$v":"किलोमीटर"},{"$i":"inch","$v":"इंच"},{"$i":"feet","$v":"फ़ीट"},{"$i":"yard","$v":"यार्ड"},{"$i":"mile","$v":"माइल"},{"$i":"meters/second","$v":"मीटर्स/सेकंड"},{"$i":"kilometer/hour","$v":"किलोमीटर/घंटा"},{"$i":"miles/hour","$v":"माइल्स/घंटा"},{"$i":"feet/second","$v":"फ़ीट/सेकेंड"},{"$i":"knots","$v":"नॉट्स"},{"$i":"mach","$v":"मॅच"},{"$i":"celsius","$v":"सेल्सियस"},{"$i":"fahrenheit","$v":"फरेनहाइट"},{"$i":"kelvin","$v":"केल्विन"},{"$i":"newton","$v":"न्यूटन"},{"$i":"delisle","$v":"देलिस्ले"},{"$i":"rankine","$v":"रंकिन"},{"$i":"réaumur","$v":"रीएमुर"},{"$i":"cubicmillimeter","$v":"क्यूबिक मिलीमीटर"},{"$i":"cubiccentimeter","$v":"क्यूबिक सेंटीमीटर"},{"$i":"cubicmeter","$v":"क्यूबिक मीटर"},{"$i":"milliliter","$v":"मिलीलीटर"},{"$i":"centiliter","$v":"सेंटिलिटर"},{"$i":"liter","$v":"लिटर"},{"$i":"cubicinch","$v":"क्यूबिक इंच"},{"$i":"cubicfoot","$v":"क्यूबिक फुट"},{"$i":"cubicyard","$v":"क्यूबिक यार्ड"},{"$i":"teaspoon,uk","$v":"टी स्पून, UK"},{"$i":"tablespoon,uk","$v":"टेबल स्पून, UK"},{"$i":"fluidounce,uk","$v":"फ्लूइड औंस,UK"},{"$i":"cup,uk","$v":"कप,UK"},{"$i":"pint,uk","$v":"पिंट,UK"},{"$i":"quart,uk","$v":"क्वार्ट, UK"},{"$i":"gallon,uk","$v":"गैलन,UK"},{"$i":"barrel,uk","$v":"बैरल,UK"},{"$i":"teaspoon,us","$v":"टी स्पून, US"},{"$i":"tablespoon,us","$v":"टेबल स्पून, US"},{"$i":"fluidounce,us","$v":"फ्लूइड औंस,US"},{"$i":"cup,us","$v":"कप,US"},{"$i":"pint,us","$v":"पिंट,US"},{"$i":"quart,us","$v":"क्वार्ट, US"},{"$i":"gallon,us","$v":"गैलन,US"},{"$i":"barrel,us","$v":"बैरल,US"},{"$i":"milligrams","$v":"मिलीग्राम्स"},{"$i":"grams","$v":"ग्राम्स"},{"$i":"kilograms","$v":"किलोग्राम"},{"$i":"tonnes","$v":"टोन्स"},{"$i":"ounces","$v":"औन्स"},{"$i":"pounds","$v":"पाउंड"},{"$i":"stone,uk","$v":"स्टोन, UK"},{"$i":"longton,uk","$v":"लॉन्ग टन,UK"},{"$i":"shortton,us","$v":"शॉर्ट टन,US"}]