[{"$i":"unitconverter","$v":"ಯೂನಿಟ್ ಕನ್ವರ್ಟರ್"},{"$i":"clear-all","$v":"ಎಲ್ಲ ಕ್ಲಿಯರ್ ಮಾಡಿ"},{"$i":"ok","$v":"ಸರಿ"},{"$i":"select","$v":"ಆಯ್ಕೆ ಮಾಡಿ"},{"$i":"+/-","$v":"+/-"},{"$i":"area","$v":"ಏರಿಯಾ"},{"$i":"length","$v":"ಉದ್ದ"},{"$i":"speed","$v":"ವೇಗ"},{"$i":"temperature","$v":"ತಾಪಮಾನ"},{"$i":"volume","$v":"ವಾಲ್ಯೂಮ್"},{"$i":"weight","$v":"ತೂಕ"},{"$i":"squaremillimeters","$v":"ಸ್ಕ್ವೇರ್ ಮಿಲಿಮೀಟರ್‌ಗಳು"},{"$i":"squarecentimeters","$v":"ಸ್ಕ್ವೇರ್ ಸೆಂಟಿಮೀಟರ್‌ಗಳು"},{"$i":"squaremeters","$v":"ಸ್ಕ್ವೇರ್ ಮೀಟರ್"},{"$i":"ares","$v":"ಅರೆಸ್"},{"$i":"hectares","$v":"ಹೆಕ್ಟೇರ್ಸ್"},{"$i":"squarekilometers","$v":"ಸ್ಕ್ವೇರ್ ಕಿಲೋಮೀಟರ್"},{"$i":"squareinches","$v":"ಸ್ಕ್ವೇರ್ ಇಂಚುಗಳು"},{"$i":"squarefeet","$v":"ಸ್ಕ್ವೇರ್ ಅಡಿ"},{"$i":"squareyards","$v":"ಸ್ಕ್ವೇರ್ ಯಾರ್ಡ್ಸ್"},{"$i":"squaremiles","$v":"ಸ್ಕ್ವೇರ್ ಮೈಲಿಗಳು"},{"$i":"acres","$v":"ಎಕರೆಸ್"},{"$i":"millimeter","$v":"ಮಿಲಿಮೀಟರ್"},{"$i":"centimeter","$v":"ಸೆಂಟಿಮೀಟರ್"},{"$i":"meter","$v":"ಮೀಟರ್"},{"$i":"kilometer","$v":"ಕಿಲೋಮೀಟರ್"},{"$i":"inch","$v":"ಇಂಚ್"},{"$i":"feet","$v":"ಫೀಟ್"},{"$i":"yard","$v":"ಯಾರ್ಡ್"},{"$i":"mile","$v":"ಮೈಲಿ"},{"$i":"meters/second","$v":"ಮೀಟರ್/ಸೆಕೆಂಡ್"},{"$i":"kilometer/hour","$v":"ಕಿಲೋಮೀಟರ್/ಅವರ್"},{"$i":"miles/hour","$v":"ಮೈಲ್ಸ್/ಅವರ್"},{"$i":"feet/second","$v":"ಫೀಟ್/ಸೆಕೆಂಡ್"},{"$i":"knots","$v":"ನಾಟ್ಸ್"},{"$i":"mach","$v":"ಮಚ್"},{"$i":"celsius","$v":"ಸೆಲ್ಸಿಯಸ್"},{"$i":"fahrenheit","$v":"ಫ್ಯಾರನ್ಹೀಟ್"},{"$i":"kelvin","$v":"ಕೆಲ್ವಿನ್"},{"$i":"newton","$v":"ನ್ಯೂಟನ್"},{"$i":"delisle","$v":"ಡೆಲಿಸ್ಲೇ"},{"$i":"rankine","$v":"ರಂಕಿನ್"},{"$i":"réaumur","$v":"ರೇಮೂರ್"},{"$i":"cubicmillimeter","$v":"ಕ್ಯೂಬಿಕ್ ಮಿಲಿಮೀಟರ್"},{"$i":"cubiccentimeter","$v":"ಕ್ಯೂಬಿಕ್ ಸೆಂಟಿಮೀಟರ್"},{"$i":"cubicmeter","$v":"ಕ್ಯೂಬಿಕ್ ಮೀಟರ್"},{"$i":"milliliter","$v":"ಮಿಲಿಲೀಟರ್"},{"$i":"centiliter","$v":"ಸೆಂಟಿಲಿಟರ್"},{"$i":"liter","$v":"ಲೀಟರ್"},{"$i":"cubicinch","$v":"ಕ್ಯೂಬಿಕ್ ಇಂಚ್"},{"$i":"cubicfoot","$v":"ಕ್ಯೂಬಿಕ್ ಫುಟ್"},{"$i":"cubicyard","$v":"ಕ್ಯೂಬಿಕ್ ಯಾರ್ಡ್"},{"$i":"teaspoon,uk","$v":"ಟೀ ಸ್ಪೂನ್,UK"},{"$i":"tablespoon,uk","$v":"ಟೇಬಲ್ ಸ್ಪೂನ್,UK"},{"$i":"fluidounce,uk","$v":"ಫ್ಲೂಯಿಡ್ ಔನ್ಸ್ ,UK"},{"$i":"cup,uk","$v":"ಕಪ್,UK"},{"$i":"pint,uk","$v":"ಪಿಂಟ್,UK"},{"$i":"quart,uk","$v":"ಕ್ವಾರ್ಟ್, UK"},{"$i":"gallon,uk","$v":"ಗ್ಯಾಲನ್,UK"},{"$i":"barrel,uk","$v":"ಬ್ಯಾರೆಲ್,UK"},{"$i":"teaspoon,us","$v":"ಟೀ ಸ್ಪೂನ್,US"},{"$i":"tablespoon,us","$v":"ಟೇಬಲ್ ಸ್ಪೂನ್,US"},{"$i":"fluidounce,us","$v":"ಫ್ಲೂಯಿಡ್ ಔನ್ಸ್ ,US"},{"$i":"cup,us","$v":"ಕಪ್,US"},{"$i":"pint,us","$v":"ಪಿಂಟ್,US"},{"$i":"quart,us","$v":"ಕ್ವಾರ್ಟ್, US"},{"$i":"gallon,us","$v":"ಗ್ಯಾಲನ್,US"},{"$i":"barrel,us","$v":"ಬ್ಯಾರೆಲ್,US"},{"$i":"milligrams","$v":"ಮಿಲಿಗ್ರಾಮ್ಸ್"},{"$i":"grams","$v":"ಗ್ರಾಮ್ಸ್"},{"$i":"kilograms","$v":"ಕಿಲೋಗ್ರಾಮ್ಸ್"},{"$i":"tonnes","$v":"ಟೋನ್ಸ್"},{"$i":"ounces","$v":"ಔನ್ಸೆಸ್"},{"$i":"pounds","$v":"ಪೌಂಡ್ಸ್"},{"$i":"stone,uk","$v":"ಸ್ಟೋನ್,UK"},{"$i":"longton,uk","$v":"ಲಾಂಗ್ ಟನ್,UK"},{"$i":"shortton,us","$v":"ಶಾರ್ಟ್ ಟನ್,US"}]