[{"$i":"unitconverter","$v":"युनिट रुपांतरक."},{"$i":"clear-all","$v":"सगले खोड"},{"$i":"ok","$v":"बरें आसा"},{"$i":"select","$v":"वेंच्चें"},{"$i":"+/-","$v":"+/-"},{"$i":"area","$v":"क्षेत्र"},{"$i":"length","$v":"लांबाय"},{"$i":"speed","$v":"वेग"},{"$i":"temperature","$v":"तापमान"},{"$i":"volume","$v":"आवाज"},{"$i":"weight","$v":"वजन"},{"$i":"squaremillimeters","$v":"स्केअर मिलीमिटर्स"},{"$i":"squarecentimeters","$v":"स्केअर सेंटिमिटर्स"},{"$i":"squaremeters","$v":"स्केअर मिटर्स"},{"$i":"ares","$v":"एकर्स"},{"$i":"hectares","$v":"हेक्टर्स"},{"$i":"squarekilometers","$v":"स्केअर किलोमिटर्स"},{"$i":"squareinches","$v":"स्केअर इंचीस"},{"$i":"squarefeet","$v":"स्केअर फीट"},{"$i":"squareyards","$v":"स्केअर यार्ड्स"},{"$i":"squaremiles","$v":"स्केअर मायल्स"},{"$i":"acres","$v":"एकर्स"},{"$i":"millimeter","$v":"मिलिमिटर"},{"$i":"centimeter","$v":"सेंटिमिटर"},{"$i":"meter","$v":"मिटर"},{"$i":"kilometer","$v":"किलोमिटर"},{"$i":"inch","$v":"इंच"},{"$i":"feet","$v":"फीट"},{"$i":"yard","$v":"यार्ड"},{"$i":"mile","$v":"मायल"},{"$i":"meters/second","$v":"मिटर्स/सेकंड"},{"$i":"kilometer/hour","$v":"किलोमिटर/हावर"},{"$i":"miles/hour","$v":"मायल्स/हावर"},{"$i":"feet/second","$v":"फीट/सेकंड"},{"$i":"knots","$v":"नोट्स"},{"$i":"mach","$v":"माच"},{"$i":"celsius","$v":"सेल्सियस"},{"$i":"fahrenheit","$v":"फारेनहायट"},{"$i":"kelvin","$v":"केल्विन"},{"$i":"newton","$v":"न्युटन"},{"$i":"delisle","$v":"डेलिस्ले"},{"$i":"rankine","$v":"रँकायन"},{"$i":"réaumur","$v":"रियाउमुर"},{"$i":"cubicmillimeter","$v":"क्युबिक मिलीमिटर"},{"$i":"cubiccentimeter","$v":"क्युबिक सेंटिमिटर"},{"$i":"cubicmeter","$v":"क्युबिक मिटर"},{"$i":"milliliter","$v":"मिलिलिटर"},{"$i":"centiliter","$v":"सेंटिलिटर"},{"$i":"liter","$v":"लिटर"},{"$i":"cubicinch","$v":"क्युबिक इंच"},{"$i":"cubicfoot","$v":"क्युबिक फूट"},{"$i":"cubicyard","$v":"क्युबिक यार्ड"},{"$i":"teaspoon,uk","$v":"टी स्पून,UK"},{"$i":"tablespoon,uk","$v":"टेबल स्पून,UK"},{"$i":"fluidounce,uk","$v":"फ्लुयीड औंस,UK"},{"$i":"cup,uk","$v":"कप,UK"},{"$i":"pint,uk","$v":"पिंट,UK"},{"$i":"quart,uk","$v":"क्वार्ट,UK"},{"$i":"gallon,uk","$v":"गॅलोन,UK"},{"$i":"barrel,uk","$v":"बॅरल,UK"},{"$i":"teaspoon,us","$v":"टी स्पून,US"},{"$i":"tablespoon,us","$v":"टेबल स्पूनn,US"},{"$i":"fluidounce,us","$v":"फ्लुयीड औंस,US"},{"$i":"cup,us","$v":"कप,US"},{"$i":"pint,us","$v":"पिंट,US"},{"$i":"quart,us","$v":"क्वार्ट,US"},{"$i":"gallon,us","$v":"गॅलोन,US"},{"$i":"barrel,us","$v":"बॅरल,US"},{"$i":"milligrams","$v":"मिलिग्राम्स"},{"$i":"grams","$v":"ग्राम्स"},{"$i":"kilograms","$v":"किलोग्राम्स"},{"$i":"tonnes","$v":"टन्स"},{"$i":"ounces","$v":"औंस"},{"$i":"pounds","$v":"पावंड"},{"$i":"stone,uk","$v":"स्टोन,UK"},{"$i":"longton,uk","$v":"लाँग टन,UK"},{"$i":"shortton,us","$v":"शॉर्ट टन,US"}]