[{"$i":"unitconverter","$v":"یونٹ کنویرجن"},{"$i":"clear-all","$v":"صاف کر تمام"},{"$i":"ok","$v":"ٹھیک"},{"$i":"select","$v":"چُنیو"},{"$i":"+/-","$v":"+/-"},{"$i":"area","$v":"رقبہ"},{"$i":"length","$v":"لمبٲئی"},{"$i":"speed","$v":"رفتار"},{"$i":"temperature","$v":"درجہ حرارت"},{"$i":"volume","$v":"آواز حد"},{"$i":"weight","$v":"وزَن"},{"$i":"squaremillimeters","$v":"مربع ملی میٹر"},{"$i":"squarecentimeters","$v":"مربع سینٹی میٹر"},{"$i":"squaremeters","$v":"مربع میٹر"},{"$i":"ares","$v":"ایرس"},{"$i":"hectares","$v":"ہیکٹر"},{"$i":"squarekilometers","$v":"مربع کلو میٹر"},{"$i":"squareinches","$v":"مربع آنچہ"},{"$i":"squarefeet","$v":"مربع فُٹ"},{"$i":"squareyards","$v":"مربع گز"},{"$i":"squaremiles","$v":"مربع میل"},{"$i":"acres","$v":"ایکڑ"},{"$i":"millimeter","$v":"ملی میٹر"},{"$i":"centimeter","$v":"سینٹی میٹر"},{"$i":"meter","$v":"میٹر"},{"$i":"kilometer","$v":"کلو میٹر"},{"$i":"inch","$v":"آنچہ"},{"$i":"feet","$v":"فُٹ"},{"$i":"yard","$v":"گز"},{"$i":"mile","$v":"میل"},{"$i":"meters/second","$v":"میٹر/سیکنڈ"},{"$i":"kilometer/hour","$v":"کلو میٹر/گھنٹہ"},{"$i":"miles/hour","$v":"میل/گھنٹہ"},{"$i":"feet/second","$v":"فُٹ/سیکنڈ"},{"$i":"knots","$v":"ناٹس"},{"$i":"mach","$v":"میچ"},{"$i":"celsius","$v":"سیلشس"},{"$i":"fahrenheit","$v":"فہرنہائٹ"},{"$i":"kelvin","$v":"کیلوِن"},{"$i":"newton","$v":"نیوٹن"},{"$i":"delisle","$v":"ڈلیسل"},{"$i":"rankine","$v":"رینکائن"},{"$i":"réaumur","$v":"ریامور"},{"$i":"cubicmillimeter","$v":"مکعبی ملی میٹر"},{"$i":"cubiccentimeter","$v":"مکعبی سینٹی میٹر"},{"$i":"cubicmeter","$v":"مکعبی میٹر"},{"$i":"milliliter","$v":"ملی لیٹر"},{"$i":"centiliter","$v":"سینٹی لیٹر"},{"$i":"liter","$v":"لیٹر"},{"$i":"cubicinch","$v":"مکعبی اینٹ"},{"$i":"cubicfoot","$v":"مکعبی فُٹ"},{"$i":"cubicyard","$v":"مکعبی گز"},{"$i":"teaspoon,uk","$v":"ٹی سپون،UK"},{"$i":"tablespoon,uk","$v":"ٹیبل سپون،UK"},{"$i":"fluidounce,uk","$v":"فلوڈ اونس،UK"},{"$i":"cup,uk","$v":"بیرَل،UK"},{"$i":"pint,uk","$v":"پینٹ،UK"},{"$i":"quart,uk","$v":"قوارٹ،UK"},{"$i":"gallon,uk","$v":"گیلن،UK"},{"$i":"barrel,uk","$v":"بیرَل،UK"},{"$i":"teaspoon,us","$v":"ٹی سپون،US"},{"$i":"tablespoon,us","$v":"ٹیبل سپون،US"},{"$i":"fluidounce,us","$v":"فلوڈ اونس،US"},{"$i":"cup,us","$v":"کپ،US"},{"$i":"pint,us","$v":"پینٹ،US"},{"$i":"quart,us","$v":"قوارٹ،US"},{"$i":"gallon,us","$v":"گیلن،US"},{"$i":"barrel,us","$v":"بیرَل،US"},{"$i":"milligrams","$v":"ملی گرام"},{"$i":"grams","$v":"گرام"},{"$i":"kilograms","$v":"کلو گرام"},{"$i":"tonnes","$v":"ٹنز"},{"$i":"ounces","$v":"اونس"},{"$i":"pounds","$v":"پونڈ"},{"$i":"stone,uk","$v":"سٹون،UK"},{"$i":"longton,uk","$v":"لانگ ٹن،UK"},{"$i":"shortton,us","$v":"شاٹ ٹن،US"}]