[{"$i":"unitconverter","$v":"यूनिट कांव."},{"$i":"clear-all","$v":"सब के साफ करू"},{"$i":"ok","$v":"ओके"},{"$i":"select","$v":"सलेक्‍ट करू"},{"$i":"+/-","$v":"+/-"},{"$i":"area","$v":"एरिया"},{"$i":"length","$v":"लंबाई"},{"$i":"speed","$v":"गति"},{"$i":"temperature","$v":"तापमान"},{"$i":"volume","$v":"वाल्‍यूम"},{"$i":"weight","$v":"वजन"},{"$i":"squaremillimeters","$v":"स्क्वायर मिलीमीटर्स"},{"$i":"squarecentimeters","$v":"स्क्वायर सेन्टीमीटर्स"},{"$i":"squaremeters","$v":"स्क्वायर मीटर्स"},{"$i":"ares","$v":"एरेस"},{"$i":"hectares","$v":"हेक्टेर्स"},{"$i":"squarekilometers","$v":"वर्ग किलोमीटर"},{"$i":"squareinches","$v":"स्क्वायर इन्चेस"},{"$i":"squarefeet","$v":"स्क्वायर फ़ीट"},{"$i":"squareyards","$v":"स्क्वायर यार्ड्स"},{"$i":"squaremiles","$v":"स्क्वायर माइल्स"},{"$i":"acres","$v":"एकर्स"},{"$i":"millimeter","$v":"मिलीमीटर"},{"$i":"centimeter","$v":"सेंटीमीटर"},{"$i":"meter","$v":"मीटर"},{"$i":"kilometer","$v":"किलोमीटर"},{"$i":"inch","$v":"इंच"},{"$i":"feet","$v":"फ़ीट"},{"$i":"yard","$v":"यार्ड"},{"$i":"mile","$v":"मील"},{"$i":"meters/second","$v":"मीटर/सेकिंड"},{"$i":"kilometer/hour","$v":"किलोमीटर/ऑवर"},{"$i":"miles/hour","$v":"माइल्स/ऑवर"},{"$i":"feet/second","$v":"फ़ीट/सेकंड"},{"$i":"knots","$v":"नाट्स"},{"$i":"mach","$v":"मैच"},{"$i":"celsius","$v":"सेल्शियस"},{"$i":"fahrenheit","$v":"फ़ारेनहाइट"},{"$i":"kelvin","$v":"केल्विन"},{"$i":"newton","$v":"न्यूटन"},{"$i":"delisle","$v":"देलिसले"},{"$i":"rankine","$v":"रैनकिन"},{"$i":"réaumur","$v":"रोमर"},{"$i":"cubicmillimeter","$v":"क्यूबिक मिलीमीटर"},{"$i":"cubiccentimeter","$v":"क्यूबिक सेंटीमीटर"},{"$i":"cubicmeter","$v":"क्यूबिक मीटर"},{"$i":"milliliter","$v":"मिलीलीटर"},{"$i":"centiliter","$v":"सेंटिलिटर"},{"$i":"liter","$v":"लीटर"},{"$i":"cubicinch","$v":"क्यूबिक इंच"},{"$i":"cubicfoot","$v":"क्यूबिक फुट"},{"$i":"cubicyard","$v":"क्यूबिक यार्ड"},{"$i":"teaspoon,uk","$v":"टी स्पून, UK"},{"$i":"tablespoon,uk","$v":"टेबल स्पून, UK"},{"$i":"fluidounce,uk","$v":"फ्लूइड औंस,UK"},{"$i":"cup,uk","$v":"कप, UK"},{"$i":"pint,uk","$v":"पिंट, UK"},{"$i":"quart,uk","$v":"कर्ट, UK"},{"$i":"gallon,uk","$v":"गैलन, UK"},{"$i":"barrel,uk","$v":"बैरल, UK"},{"$i":"teaspoon,us","$v":"टी स्पून, US"},{"$i":"tablespoon,us","$v":"टेबल स्पून, US"},{"$i":"fluidounce,us","$v":"फ्लूइड औंस, US"},{"$i":"cup,us","$v":"कप,US"},{"$i":"pint,us","$v":"पिंट, US"},{"$i":"quart,us","$v":"कर्ट, US"},{"$i":"gallon,us","$v":"गैलन, US"},{"$i":"barrel,us","$v":"बैरल, US"},{"$i":"milligrams","$v":"मिलिग्राम्स"},{"$i":"grams","$v":"ग्राम"},{"$i":"kilograms","$v":"किलोग्राम्स"},{"$i":"tonnes","$v":"टोंन्स"},{"$i":"ounces","$v":"ओउन्सेस"},{"$i":"pounds","$v":"पाउंड्स"},{"$i":"stone,uk","$v":"स्टोन, UK"},{"$i":"longton,uk","$v":"लांग टन, UK"},{"$i":"shortton,us","$v":"शार्ट टन, US"}]