[{"$i":"unitconverter","$v":"യൂണിറ്റ് കൺവേർഷൻ."},{"$i":"clear-all","$v":"എല്ലാം മായ്‌ക്കുക"},{"$i":"ok","$v":"ശരി"},{"$i":"select","$v":"തിരഞ്ഞെടുക്കുക"},{"$i":"+/-","$v":"+/-"},{"$i":"area","$v":"ഏരിയ"},{"$i":"length","$v":"ദൈർഘ്യം"},{"$i":"speed","$v":"വേഗത"},{"$i":"temperature","$v":"താപനില"},{"$i":"volume","$v":"വോളിയം"},{"$i":"weight","$v":"ഭാരം"},{"$i":"squaremillimeters","$v":"സ്ക്വയര്‍ മില്ലിമീറ്റര്‍"},{"$i":"squarecentimeters","$v":"സ്ക്വയര്‍  സെന്റിമീറ്റർ"},{"$i":"squaremeters","$v":"സ്ക്വയര്‍ മീറ്റർസ്"},{"$i":"ares","$v":"അരേസ്"},{"$i":"hectares","$v":"ഹെക്ടർസ്"},{"$i":"squarekilometers","$v":"സ്ക്വയര്‍ കിലോമീറ്റർ"},{"$i":"squareinches","$v":"സ്ക്വയര്‍  ഇഞ്ച്"},{"$i":"squarefeet","$v":"സ്ക്വയര്‍  ഫീറ്റ്‌"},{"$i":"squareyards","$v":"സ്ക്വയര്‍ യാര്‍ഡ്സ്"},{"$i":"squaremiles","$v":"സ്ക്വയര്‍  മൈല്‍സ്"},{"$i":"acres","$v":"ഏക്കർസ്"},{"$i":"millimeter","$v":"മില്ലിമീറ്റർ"},{"$i":"centimeter","$v":"സെന്റീമീറ്റർ"},{"$i":"meter","$v":"മീറ്റര്‍"},{"$i":"kilometer","$v":"കിലോമീറ്റര്‍"},{"$i":"inch","$v":"ഇഞ്ച്"},{"$i":"feet","$v":"ഫീറ്റ്‌"},{"$i":"yard","$v":"യാർഡ്"},{"$i":"mile","$v":"മൈൽ"},{"$i":"meters/second","$v":"മീറ്റർ / സെക്കന്റ്"},{"$i":"kilometer/hour","$v":"കിലോമീറ്റർ / മണിക്കൂര്‍"},{"$i":"miles/hour","$v":"മൈൽസ് /മണിക്കൂര്‍"},{"$i":"feet/second","$v":"ഫീറ്റ്‌ /സെക്കന്റ്‌"},{"$i":"knots","$v":"നോട്സ്"},{"$i":"mach","$v":"മാച്ച്"},{"$i":"celsius","$v":"സെൽഷ്യസ്"},{"$i":"fahrenheit","$v":"ഫാരൻഹീറ്റ്"},{"$i":"kelvin","$v":"കെൽവിൻ"},{"$i":"newton","$v":"ന്യൂട്ടണ്‍"},{"$i":"delisle","$v":"ടെലിസിള്‍"},{"$i":"rankine","$v":"റങ്കീൻ"},{"$i":"réaumur","$v":"റീയാമുർ"},{"$i":"cubicmillimeter","$v":"ക്യൂബിക് മില്ലിമീറ്റർ"},{"$i":"cubiccentimeter","$v":"ക്യൂബിക് സെന്റീമീറ്റർ"},{"$i":"cubicmeter","$v":"ക്യുബിക് മീറ്റർ"},{"$i":"milliliter","$v":"മില്ലിലിറ്റർ"},{"$i":"centiliter","$v":"സെന്റിലിറ്റർ"},{"$i":"liter","$v":"ലിറ്റര്‍"},{"$i":"cubicinch","$v":"ക്യുബിക് ഇഞ്ച്"},{"$i":"cubicfoot","$v":"ക്യുബിക് ഫൂട്ട്"},{"$i":"cubicyard","$v":"ക്യുബിക് യാർഡ്"},{"$i":"teaspoon,uk","$v":"ടീ സ്പൂൺ, UK"},{"$i":"tablespoon,uk","$v":"ടേബിൾ സ്പൂൺ, UK"},{"$i":"fluidounce,uk","$v":"ഫ്ലൂയിഡ് ഔൺസ്, UK"},{"$i":"cup,uk","$v":"കപ്പ്, UK"},{"$i":"pint,uk","$v":"പ്രിന്റ്‌,UK"},{"$i":"quart,uk","$v":"ക്വാർട്ട്, UK"},{"$i":"gallon,uk","$v":"ഗലോൺ,UK"},{"$i":"barrel,uk","$v":"ബാരെല്‍,UK"},{"$i":"teaspoon,us","$v":"ടീ സ്പൂൺ, US"},{"$i":"tablespoon,us","$v":"ടേബിൾ സ്പൂൺ, US"},{"$i":"fluidounce,us","$v":"ഫ്ലൂയിഡ് ഔൺസ്, US"},{"$i":"cup,us","$v":"കപ്പ്, US"},{"$i":"pint,us","$v":"പ്രിന്റ്‌,US"},{"$i":"quart,us","$v":"ക്വാർട്ട്,US"},{"$i":"gallon,us","$v":"ഗലോൺ,US"},{"$i":"barrel,us","$v":"ബാരെല്‍,US"},{"$i":"milligrams","$v":"മില്ലിഗ്രാംസ്"},{"$i":"grams","$v":"ഗ്രാംസ്"},{"$i":"kilograms","$v":"കിലോഗ്രാംസ്"},{"$i":"tonnes","$v":"ടൺസ്"},{"$i":"ounces","$v":"ഔൺസ്"},{"$i":"pounds","$v":"പൗണ്ട്സ്"},{"$i":"stone,uk","$v":"സ്റ്റോണ്‍ ,UK"},{"$i":"longton,uk","$v":"ലോങ്ങ്‌ ടോണ്‍ ,UK"},{"$i":"shortton,us","$v":"ഷോര്‍ട്ട് ടണ്‍ ,UK"}]