[{"$i":"unitconverter","$v":"য়ুনিট কনভেনসন"},{"$i":"clear-all","$v":"খুদিংমক শেংদোকখ্রো"},{"$i":"ok","$v":"ওকে"},{"$i":"select","$v":"খল্লু"},{"$i":"+/-","$v":"+/-"},{"$i":"area","$v":"মফম"},{"$i":"length","$v":"অশাংবা"},{"$i":"speed","$v":"খোঞ্জেল"},{"$i":"temperature","$v":"অইং-অশা"},{"$i":"volume","$v":"ভোল্যুম"},{"$i":"weight","$v":"অরুম্বা"},{"$i":"squaremillimeters","$v":"সক্বার মিলিমিটরস"},{"$i":"squarecentimeters","$v":"সক্বার সেন্টিমিটরস"},{"$i":"squaremeters","$v":"সক্বার মিটরশিং"},{"$i":"ares","$v":"এরিস"},{"$i":"hectares","$v":"হেক্টর্স"},{"$i":"squarekilometers","$v":"সক্বার কিলোমিটরস"},{"$i":"squareinches","$v":"সক্বার ইঞ্চিশিং"},{"$i":"squarefeet","$v":"সক্বার ফীট"},{"$i":"squareyards","$v":"সক্বার য়ার্ডস"},{"$i":"squaremiles","$v":"সক্বার মাইলশিং"},{"$i":"acres","$v":"একর্স"},{"$i":"millimeter","$v":"মিলিমিটর"},{"$i":"centimeter","$v":"সেন্টিমিটর"},{"$i":"meter","$v":"মিটর"},{"$i":"kilometer","$v":"কিলোমিটর"},{"$i":"inch","$v":"ইঞ্চ"},{"$i":"feet","$v":"ফীট"},{"$i":"yard","$v":"য়ার্ড"},{"$i":"mile","$v":"মাইল"},{"$i":"meters/second","$v":"মিটরস/সেকেণ্ড"},{"$i":"kilometer/hour","$v":"কিলোমিটর/অৱার"},{"$i":"miles/hour","$v":"মাইলস/অৱার"},{"$i":"feet/second","$v":"ফীট/সেকেণ্ড"},{"$i":"knots","$v":"নোটস"},{"$i":"mach","$v":"মার্চ"},{"$i":"celsius","$v":"সেলসিয়স"},{"$i":"fahrenheit","$v":"ফরেনহৈট"},{"$i":"kelvin","$v":"কেলভিন"},{"$i":"newton","$v":"নিউটোন"},{"$i":"delisle","$v":"ডিলিজল"},{"$i":"rankine","$v":"রেনকাইন"},{"$i":"réaumur","$v":"রিউমুর"},{"$i":"cubicmillimeter","$v":"ক্যুবিক মিলিমিটর"},{"$i":"cubiccentimeter","$v":"ক্যুবিক সেন্টিমিটর"},{"$i":"cubicmeter","$v":"ক্যুবিক মিটর"},{"$i":"milliliter","$v":"মিলিলিটর"},{"$i":"centiliter","$v":"সেন্টিলিটর"},{"$i":"liter","$v":"লিটর"},{"$i":"cubicinch","$v":"ক্যুবিক ইঞ্চ"},{"$i":"cubicfoot","$v":"ক্যুবিক ফূট"},{"$i":"cubicyard","$v":"ক্যুবিক য়ার্ড"},{"$i":"teaspoon,uk","$v":"টি স্পূন,UK"},{"$i":"tablespoon,uk","$v":"টেবল স্পূন,UK"},{"$i":"fluidounce,uk","$v":"ফ্লুইদ আউন্স,UK"},{"$i":"cup,uk","$v":"কপ, UK"},{"$i":"pint,uk","$v":"পিন্ট,UK"},{"$i":"quart,uk","$v":"ক্বার্ট,UK"},{"$i":"gallon,uk","$v":"গেল্লোন,UK"},{"$i":"barrel,uk","$v":"বারেল,UK"},{"$i":"teaspoon,us","$v":"টি স্পূন,US"},{"$i":"tablespoon,us","$v":"টেবল স্পূন,US"},{"$i":"fluidounce,us","$v":"ফ্লুইদ আউন্স,US"},{"$i":"cup,us","$v":"কপ,US"},{"$i":"pint,us","$v":"পিন্ট,US"},{"$i":"quart,us","$v":"ক্বার্ট,US"},{"$i":"gallon,us","$v":"গেল্লোন,US"},{"$i":"barrel,us","$v":"বারেল,US"},{"$i":"milligrams","$v":"মিলিগ্রামস"},{"$i":"grams","$v":"গ্রামস"},{"$i":"kilograms","$v":"কিলোগ্রামস"},{"$i":"tonnes","$v":"টোনশিং"},{"$i":"ounces","$v":"আউন্সশিং"},{"$i":"pounds","$v":"পাউণ্ডশিং"},{"$i":"stone,uk","$v":"ষ্টোন,UK"},{"$i":"longton,uk","$v":"লোং টোন,UK"},{"$i":"shortton,us","$v":"সোর্ট টোন, US"}]