[{"$i":"unitconverter","$v":"एकाइ कन्भ गर्नुहोस्।"},{"$i":"clear-all","$v":"सबै खाली गर्नुहोस्"},{"$i":"ok","$v":"ठीक छ"},{"$i":"select","$v":"चयन गर्नुहोस्"},{"$i":"+/-","$v":"+/-"},{"$i":"area","$v":"क्षेत्र"},{"$i":"length","$v":"लम्बाई"},{"$i":"speed","$v":"गति"},{"$i":"temperature","$v":"तापक्रम"},{"$i":"volume","$v":"मात्रा"},{"$i":"weight","$v":"वजन"},{"$i":"squaremillimeters","$v":"स्क्वायर मिलिमिटर"},{"$i":"squarecentimeters","$v":"स्क्वायर सेन्टिमिटर"},{"$i":"squaremeters","$v":"स्क्वायर मिटर"},{"$i":"ares","$v":"एरेस"},{"$i":"hectares","$v":"हेक्टर्स"},{"$i":"squarekilometers","$v":"स्क्वायर किलोमिटर"},{"$i":"squareinches","$v":"स्क्वायर इन्च"},{"$i":"squarefeet","$v":"स्क्वायर फिट"},{"$i":"squareyards","$v":"स्क्वायर यार्ड"},{"$i":"squaremiles","$v":"स्क्वायर माइल्स"},{"$i":"acres","$v":"एकर्स"},{"$i":"millimeter","$v":"मिलिमिटर"},{"$i":"centimeter","$v":"सेन्टिमिटर"},{"$i":"meter","$v":"मिटर"},{"$i":"kilometer","$v":"किलोमिटर"},{"$i":"inch","$v":"इन्च"},{"$i":"feet","$v":"फिट"},{"$i":"yard","$v":"यार्ड"},{"$i":"mile","$v":"माइल"},{"$i":"meters/second","$v":"मितर्स/सेकेन्ड"},{"$i":"kilometer/hour","$v":"किलोमिटर/आवर"},{"$i":"miles/hour","$v":"माइल्स/आवर"},{"$i":"feet/second","$v":"फिट/सेकेन्ड"},{"$i":"knots","$v":"नोट्स"},{"$i":"mach","$v":"माच"},{"$i":"celsius","$v":"सेल्सियस"},{"$i":"fahrenheit","$v":"फरेनहाइट"},{"$i":"kelvin","$v":"केल्भिन"},{"$i":"newton","$v":"न्यूटन"},{"$i":"delisle","$v":"डेलिस्ले"},{"$i":"rankine","$v":"रैंकिन"},{"$i":"réaumur","$v":"रयूमर"},{"$i":"cubicmillimeter","$v":"घन मिलिमिटर"},{"$i":"cubiccentimeter","$v":"घन सेन्टिमिटर"},{"$i":"cubicmeter","$v":"घन मिटर"},{"$i":"milliliter","$v":"मिलिलिटर"},{"$i":"centiliter","$v":"सेन्टिलाइटर"},{"$i":"liter","$v":"लिटर"},{"$i":"cubicinch","$v":"घन इन्च"},{"$i":"cubicfoot","$v":"घन फुट"},{"$i":"cubicyard","$v":"घन यार्ड"},{"$i":"teaspoon,uk","$v":"चिया स्पोन,UK"},{"$i":"tablespoon,uk","$v":"टेबल स्पोन,UK"},{"$i":"fluidounce,uk","$v":"फ्ल्युड अन्स,UK"},{"$i":"cup,uk","$v":"कप,UK"},{"$i":"pint,uk","$v":"पिन्ट,UK"},{"$i":"quart,uk","$v":"क्वार्ट,UK"},{"$i":"gallon,uk","$v":"ग्यालोन,UK"},{"$i":"barrel,uk","$v":"बरेल,UK"},{"$i":"teaspoon,us","$v":"चिया स्पोन,US"},{"$i":"tablespoon,us","$v":"टेबल स्पोन,US"},{"$i":"fluidounce,us","$v":"फ्ल्युड अन्स,US"},{"$i":"cup,us","$v":"कप,US"},{"$i":"pint,us","$v":"पिन्ट,US"},{"$i":"quart,us","$v":"क्वार्ट,US"},{"$i":"gallon,us","$v":"ग्यालोन,US"},{"$i":"barrel,us","$v":"बरेल,US"},{"$i":"milligrams","$v":"मिलिग्राम"},{"$i":"grams","$v":"ग्राम्स"},{"$i":"kilograms","$v":"किलोग्राम्स"},{"$i":"tonnes","$v":"टोन्स"},{"$i":"ounces","$v":"आउन्स"},{"$i":"pounds","$v":"पाउण्‍ड"},{"$i":"stone,uk","$v":"स्टोन,UK"},{"$i":"longton,uk","$v":"लोंग टन,UK"},{"$i":"shortton,us","$v":"शॉर्ट टन,US"}]