[{"$i":"unitconverter","$v":"ୟୁନିଟ୍ କନଭର୍ଟର୍"},{"$i":"clear-all","$v":"ସମସ୍ତ ଖାଲି କରନ୍ତୁ"},{"$i":"ok","$v":"ଓକେ"},{"$i":"select","$v":"ଚୟନ କରନ୍ତୁ"},{"$i":"+/-","$v":"+/-"},{"$i":"area","$v":"ଅଞ୍ଚଳ"},{"$i":"length","$v":"ଲମ୍ବ"},{"$i":"speed","$v":"ଗତି"},{"$i":"temperature","$v":"ଉତ୍ତାପ"},{"$i":"volume","$v":"ଭଲ୍ୟୁମ୍"},{"$i":"weight","$v":"ଓଜନ"},{"$i":"squaremillimeters","$v":"ବର୍ଗ ମିଲିମିଟର"},{"$i":"squarecentimeters","$v":"ବର୍ଗ ସେଣ୍ଟିମିଟର"},{"$i":"squaremeters","$v":"ବର୍ଗ ମିଟର"},{"$i":"ares","$v":"ଏରେସ୍"},{"$i":"hectares","$v":"ହେକ୍ଟର"},{"$i":"squarekilometers","$v":"ବର୍ଗ କିଲୋମିଟର"},{"$i":"squareinches","$v":"ବର୍ଗ ଇଞ୍ଚ"},{"$i":"squarefeet","$v":"ବର୍ଗ ଫୁଟ"},{"$i":"squareyards","$v":"ବର୍ଗ ଗଜ"},{"$i":"squaremiles","$v":"ବର୍ଗ ମାଇଲ୍"},{"$i":"acres","$v":"ଏକର୍ସ"},{"$i":"millimeter","$v":"ମିଲିମିଟର"},{"$i":"centimeter","$v":"ସେଣ୍ଟିମିଟର"},{"$i":"meter","$v":"ମିଟର"},{"$i":"kilometer","$v":"କିଲୋମିଟର"},{"$i":"inch","$v":"ଇଞ୍ଚ"},{"$i":"feet","$v":"ଫିଟ୍"},{"$i":"yard","$v":"ୟାର୍ଡ୍"},{"$i":"mile","$v":"ମାଇଲ୍"},{"$i":"meters/second","$v":"ମିଟର / ସେକେଣ୍ଡ"},{"$i":"kilometer/hour","$v":"କିଲୋମିଟର / ଘଣ୍ଟା"},{"$i":"miles/hour","$v":"ମାଇଲ୍ / ଘଣ୍ଟା"},{"$i":"feet/second","$v":"ଫିଟ୍ / ସେକେଣ୍ଡ୍"},{"$i":"knots","$v":"ନଟ୍‌ସ୍"},{"$i":"mach","$v":"ମ୍ୟାଚ୍"},{"$i":"celsius","$v":"ସେଲ୍‌ସିଅସ୍"},{"$i":"fahrenheit","$v":"ଫାରେନ୍‌ହାଇଟ୍"},{"$i":"kelvin","$v":"କେଲ୍‌ଭିନ୍"},{"$i":"newton","$v":"ନିୟୁଟନ୍"},{"$i":"delisle","$v":"ଡେଲିସଲ୍"},{"$i":"rankine","$v":"ରେଙ୍କିନ୍"},{"$i":"réaumur","$v":"ରିୟୁମୁର୍"},{"$i":"cubicmillimeter","$v":"ଘନ ମିଲିମିଟର"},{"$i":"cubiccentimeter","$v":"ଘନ ସେଣ୍ଟିମିଟର"},{"$i":"cubicmeter","$v":"ଘନ ମିଟର"},{"$i":"milliliter","$v":"ମିଲିଲିଟର"},{"$i":"centiliter","$v":"ସେଣ୍ଟିଲିଟର"},{"$i":"liter","$v":"ଲିଟର"},{"$i":"cubicinch","$v":"ଘନ ଇଞ୍ଚ"},{"$i":"cubicfoot","$v":"ଘନ ଫୁଟ"},{"$i":"cubicyard","$v":"ଘନ ଗଜ"},{"$i":"teaspoon,uk","$v":"ଟି ସ୍ପୁନ୍ , UK"},{"$i":"tablespoon,uk","$v":"ଟେବଲ୍ ସ୍ପୁନ୍ , UK"},{"$i":"fluidounce,uk","$v":"ଫଲୁଇଡ଼ ଆଉନ୍ସ , UK"},{"$i":"cup,uk","$v":"କପ୍ , UK"},{"$i":"pint,uk","$v":"ପ୍ରିଣ୍ଟ୍ , UK"},{"$i":"quart,uk","$v":"କ୍ୱାର୍ଟ୍ , UK"},{"$i":"gallon,uk","$v":"ଗ୍ୟାଲନ୍ , UK"},{"$i":"barrel,uk","$v":"ବ୍ୟାରେଲ୍ , UK"},{"$i":"teaspoon,us","$v":"ଟି ସ୍ପୁନ୍ , US"},{"$i":"tablespoon,us","$v":"ଟେବଲ୍ ସ୍ପୁନ୍ , US"},{"$i":"fluidounce,us","$v":"ଫଲୁଇଡ଼ ଆଉନ୍ସ , US"},{"$i":"cup,us","$v":"କପ୍ , US"},{"$i":"pint,us","$v":"ପ୍ରିଣ୍ଟ୍ , US"},{"$i":"quart,us","$v":"କ୍ୱାର୍ଟ୍ , US"},{"$i":"gallon,us","$v":"ଗ୍ୟାଲନ୍ , US"},{"$i":"barrel,us","$v":"ବ୍ୟାରେଲ୍ , US"},{"$i":"milligrams","$v":"ମିଲିଗ୍ରାମ୍‌ସ୍"},{"$i":"grams","$v":"ଗ୍ରାମ୍‌ସ୍"},{"$i":"kilograms","$v":"କିଲୋଗ୍ରାମ୍‌ସ୍"},{"$i":"tonnes","$v":"ଟୋନ୍‌ସ୍"},{"$i":"ounces","$v":"ଆଉନ୍ସେସ୍"},{"$i":"pounds","$v":"ପାଉଣ୍ଡ୍‌ସ୍"},{"$i":"stone,uk","$v":"ଷ୍ଟୋନ୍ , UK"},{"$i":"longton,uk","$v":"ଲଂଗ୍ ଟନ୍ , UK"},{"$i":"shortton,us","$v":"ଶର୍ଟ୍ ଟନ୍ , US"}]