[{"$i":"unitconverter","$v":"ਯੂਨਿਟ ਕਨਵਰਟਰ ।"},{"$i":"clear-all","$v":"ਸਭ ਮਿਟਾਓ"},{"$i":"ok","$v":"ਠੀਕ ਹੈ"},{"$i":"select","$v":"ਚੁਣੋ"},{"$i":"+/-","$v":"+/-"},{"$i":"area","$v":"ਏਰੀਆ"},{"$i":"length","$v":"ਲੰਬਾਈ"},{"$i":"speed","$v":"ਗਤੀ"},{"$i":"temperature","$v":"ਤਾਪਮਾਨ"},{"$i":"volume","$v":"ਵੋਲਿਊਮ"},{"$i":"weight","$v":"ਭਾਰ"},{"$i":"squaremillimeters","$v":"ਸਕਵੇਰ ਮਿਲੀਮੀਟਰ"},{"$i":"squarecentimeters","$v":"ਸਕਵੇਰ ਸੈਂਟੀਮੀਟਰ"},{"$i":"squaremeters","$v":"ਸਕਵੇਰ ਮੀਟਰ"},{"$i":"ares","$v":"ਏਰੇਸ"},{"$i":"hectares","$v":"ਹੈਕਟਰਸ"},{"$i":"squarekilometers","$v":"ਸਕਵੇਰ ਕਿਲੋਮੀਟਰ"},{"$i":"squareinches","$v":"ਸਕਵੇਰ ਇੰਚ"},{"$i":"squarefeet","$v":"ਸਕਵੇਰ ਫੀਟ"},{"$i":"squareyards","$v":"ਸਕਵੇਰ ਯਾਰਡ"},{"$i":"squaremiles","$v":"ਸਕਵੇਰ ਮਾਇਲਸ"},{"$i":"acres","$v":"ਏਕਰਜ਼"},{"$i":"millimeter","$v":"ਮਿਲੀਮੀਟਰ"},{"$i":"centimeter","$v":"ਸੈਂਟੀਮੀਟਰ"},{"$i":"meter","$v":"ਮੀਟਰ"},{"$i":"kilometer","$v":"ਕਿਲੋਮੀਟਰ"},{"$i":"inch","$v":"ਇੰਚ"},{"$i":"feet","$v":"ਫੀਟ"},{"$i":"yard","$v":"ਯਾਰਡ"},{"$i":"mile","$v":"ਮਾਇਲ"},{"$i":"meters/second","$v":"ਮੀਟਰ/ ਸੈਕੇਂਡ"},{"$i":"kilometer/hour","$v":"ਕਿਲੋਮੀਟਰ /ਘੰਟਾ"},{"$i":"miles/hour","$v":"ਮਾਇਲ/ ਘੰਟਾ"},{"$i":"feet/second","$v":"ਫੀਟ/ਸੈਕੇਂਡ"},{"$i":"knots","$v":"ਨੋਟਸ"},{"$i":"mach","$v":"ਮੈਚ"},{"$i":"celsius","$v":"ਸੇਲਸੀਅਸ"},{"$i":"fahrenheit","$v":"ਫਰੇਨਹਾਈਟ"},{"$i":"kelvin","$v":"ਕੇਲਵਿਨ"},{"$i":"newton","$v":"ਨਿਊਟਨ"},{"$i":"delisle","$v":"ਡੇਲੀਸਲੇ"},{"$i":"rankine","$v":"ਰੈਂਕਿਨ"},{"$i":"réaumur","$v":"ਰਿਏਮੁਰ"},{"$i":"cubicmillimeter","$v":"ਕਿਊਬਿਕ ਮਿਲੀਮੀਟਰ"},{"$i":"cubiccentimeter","$v":"ਕਿਊਬਿਕ ਸੈਂਟੀਮੀਟਰ"},{"$i":"cubicmeter","$v":"ਕਿਊਬਿਕ ਮੀਟਰ"},{"$i":"milliliter","$v":"ਮਿਲੀਲੀਟਰ"},{"$i":"centiliter","$v":"ਸੈਂਟੀਲੀਟਰ"},{"$i":"liter","$v":"ਲੀਟਰ"},{"$i":"cubicinch","$v":"ਕਿਊਬਿਕ ਇੰਚ"},{"$i":"cubicfoot","$v":"ਕਿਊਬਿਕ ਫੁਟ"},{"$i":"cubicyard","$v":"ਕਿਊਬਿਕ ਯਾਰਡ"},{"$i":"teaspoon,uk","$v":"ਟੀ ਸਪੂਨ,UK"},{"$i":"tablespoon,uk","$v":"ਟੇਬਲ ਸਪੂਨ,UK"},{"$i":"fluidounce,uk","$v":"ਫਲੂਇਡ ਔਨਸ,UK"},{"$i":"cup,uk","$v":"ਕਪ,UK"},{"$i":"pint,uk","$v":"ਪਿੰਟ,UK"},{"$i":"quart,uk","$v":"ਕੁਆਰਟ,UK"},{"$i":"gallon,uk","$v":"ਗੈਲਨ,UK"},{"$i":"barrel,uk","$v":"ਬੈਰਲ,UK"},{"$i":"teaspoon,us","$v":"ਟੀ ਸਪੂਨ,US"},{"$i":"tablespoon,us","$v":"ਟੇਬਲ ਸਪੂਨ,US"},{"$i":"fluidounce,us","$v":"ਫਲੂਇਡ ਔਨਸ,US"},{"$i":"cup,us","$v":"ਕਪ,US"},{"$i":"pint,us","$v":"ਪਿੰਟ,US"},{"$i":"quart,us","$v":"ਕੁਆਰਟ,US"},{"$i":"gallon,us","$v":"ਗੈਲਨ,US"},{"$i":"barrel,us","$v":"ਬੈਰਲ,US"},{"$i":"milligrams","$v":"ਮਿਲੀਗ੍ਰਾਮ"},{"$i":"grams","$v":"ਗ੍ਰਾਮਸ"},{"$i":"kilograms","$v":"ਕਿਲੋਗ੍ਰਾਮ"},{"$i":"tonnes","$v":"ਟੋਨਸ"},{"$i":"ounces","$v":"ਔਨਸ"},{"$i":"pounds","$v":"ਪਾਉਂਡ"},{"$i":"stone,uk","$v":"ਸਟੋਨ,UK"},{"$i":"longton,uk","$v":"ਲੌਂਗ ਟਨ, UK"},{"$i":"shortton,us","$v":"ਸ਼ੋਰਟ ਟਨ,US"}]