[{"$i":"unitconverter","$v":"घटकस्य परिवर्तनम्."},{"$i":"clear-all","$v":"सर्वं प्रोञ्छतु"},{"$i":"ok","$v":"नुदताम्"},{"$i":"select","$v":"चिनोतु"},{"$i":"+/-","$v":"+/-"},{"$i":"area","$v":"क्षेत्रम्"},{"$i":"length","$v":"लम्बा"},{"$i":"speed","$v":"गतिः"},{"$i":"temperature","$v":"तापमानम्"},{"$i":"volume","$v":"ध्वनिः"},{"$i":"weight","$v":"भारः"},{"$i":"squaremillimeters","$v":"स्क्वेर मिलिमिटर्स्"},{"$i":"squarecentimeters","$v":"स्क्वेर सेन्टिमिटर्स्"},{"$i":"squaremeters","$v":"स्क्वेर मिटर्स्"},{"$i":"ares","$v":"एरेस्"},{"$i":"hectares","$v":"हेक्टर्स्"},{"$i":"squarekilometers","$v":"स्क्वेर किलोमिटर्स्"},{"$i":"squareinches","$v":"स्क्वेर इन्चिस्"},{"$i":"squarefeet","$v":"स्क्वेर फिट"},{"$i":"squareyards","$v":"स्क्वेर यार्ड्स्"},{"$i":"squaremiles","$v":"स्क्वेर माइल्स्"},{"$i":"acres","$v":"एक्रेस्"},{"$i":"millimeter","$v":"मिलिमिटर"},{"$i":"centimeter","$v":"सेन्टिमिटर"},{"$i":"meter","$v":"मिटर्"},{"$i":"kilometer","$v":"किलिमिटरस्"},{"$i":"inch","$v":"इन्च"},{"$i":"feet","$v":"फिट"},{"$i":"yard","$v":"यार्ड"},{"$i":"mile","$v":"माइल"},{"$i":"meters/second","$v":"मिटर्/सेकन्ड"},{"$i":"kilometer/hour","$v":"किलिमिटर/आवर्"},{"$i":"miles/hour","$v":"माइल्स/आवर"},{"$i":"feet/second","$v":"फिट/सेकण्ड"},{"$i":"knots","$v":"केनोट्स्"},{"$i":"mach","$v":"मेच"},{"$i":"celsius","$v":"सेल्सियस्"},{"$i":"fahrenheit","$v":"फेरेन्हिट्"},{"$i":"kelvin","$v":"केल्विन्"},{"$i":"newton","$v":"न्यूटन"},{"$i":"delisle","$v":"डाइलिस्लाइ"},{"$i":"rankine","$v":"रेन्काइन्"},{"$i":"réaumur","$v":"रेअम्युअर"},{"$i":"cubicmillimeter","$v":"क्यूबिक् मिलिमिटर"},{"$i":"cubiccentimeter","$v":"क्यूबिक् सेन्टिमिटर"},{"$i":"cubicmeter","$v":"क्यूबिक् मिटर्"},{"$i":"milliliter","$v":"मिलिलिटर"},{"$i":"centiliter","$v":"सेन्टिलिटर्"},{"$i":"liter","$v":"लिटर"},{"$i":"cubicinch","$v":"क्यूबिक् इन्च"},{"$i":"cubicfoot","$v":"क्यूबिक् फूट"},{"$i":"cubicyard","$v":"क्यूबिक् यार्ड्"},{"$i":"teaspoon,uk","$v":"टि स्पून्,UK"},{"$i":"tablespoon,uk","$v":"टेबल स्पून्,UK"},{"$i":"fluidounce,uk","$v":"फ्लूइड् ओन्स्,UK"},{"$i":"cup,uk","$v":"कप,UK"},{"$i":"pint,uk","$v":"प्रिन्ट,UK"},{"$i":"quart,uk","$v":"क्वोर्ट्,UK"},{"$i":"gallon,uk","$v":"गोलोन,UK"},{"$i":"barrel,uk","$v":"बैरल,UK"},{"$i":"teaspoon,us","$v":"टि स्पून्,US"},{"$i":"tablespoon,us","$v":"टेबल स्पून्,US"},{"$i":"fluidounce,us","$v":"फ्लूइड् ओन्स्,US"},{"$i":"cup,us","$v":"कप,US"},{"$i":"pint,us","$v":"प्रिन्ट,US"},{"$i":"quart,us","$v":"क्वोर्ट्,US"},{"$i":"gallon,us","$v":"गोलोन,US"},{"$i":"barrel,us","$v":"बैरल,US"},{"$i":"milligrams","$v":"मिलिग्रामस्"},{"$i":"grams","$v":"ग्राम्स्"},{"$i":"kilograms","$v":"किलोग्राम्स्"},{"$i":"tonnes","$v":"टोन्नेस्"},{"$i":"ounces","$v":"ओन्सेस"},{"$i":"pounds","$v":"पाउन्डस्"},{"$i":"stone,uk","$v":"स्टोन,UK"},{"$i":"longton,uk","$v":"लोन्ग टोन,UK"},{"$i":"shortton,us","$v":"शोर्ट टोन्,US"}]