[{"$i":"unitconverter","$v":"ᱤᱠᱟᱸᱭ ᱚᱫᱚᱞ~ᱵᱚᱫᱚᱞ"},{"$i":"clear-all","$v":"ᱡᱚᱛᱚ ᱥᱟᱯᱷᱹᱟ"},{"$i":"ok","$v":"ᱴᱤᱠ"},{"$i":"select","$v":"ᱵᱟᱪᱷᱟᱣ"},{"$i":"+/-","$v":"+/-"},{"$i":"area","$v":"ᱴᱚᱴᱟ"},{"$i":"length","$v":"ᱡᱷᱮᱞ"},{"$i":"speed","$v":"ᱛᱟᱯᱤᱥ"},{"$i":"temperature","$v":"ᱛᱟᱯᱢᱟᱱ"},{"$i":"volume","$v":"ᱣᱚᱞᱤᱭᱚᱢ"},{"$i":"weight","$v":"ᱚᱡᱚᱱ"},{"$i":"squaremillimeters","$v":"ᱣᱚᱨᱜ ᱢᱤᱞᱤᱢᱤᱴᱚᱨᱥ"},{"$i":"squarecentimeters","$v":"ᱣᱚᱨᱜ ᱥᱮᱸᱴᱤᱢᱤᱴᱚᱨᱥ"},{"$i":"squaremeters","$v":"ᱣᱚᱨᱜ ᱢᱮᱴᱚᱨᱥ"},{"$i":"ares","$v":"ᱮᱨᱮᱥ"},{"$i":"hectares","$v":"ᱦᱮᱠᱴᱚᱨᱥ"},{"$i":"squarekilometers","$v":"ᱣᱚᱨᱜ ᱠᱤᱞᱳᱢᱤᱴᱚᱨᱥ"},{"$i":"squareinches","$v":"ᱣᱚᱨᱜ ᱤᱸᱪᱥ"},{"$i":"squarefeet","$v":"ᱣᱚᱨᱜ ᱯᱷᱹᱤᱴ"},{"$i":"squareyards","$v":"ᱣᱚᱨᱜ ᱭᱟᱨᱰᱥ"},{"$i":"squaremiles","$v":"ᱣᱚᱨᱜ ᱢᱟᱭᱤᱞᱥ"},{"$i":"acres","$v":"ᱮᱠᱚᱲ"},{"$i":"millimeter","$v":"ᱢᱤᱞᱤᱢᱤᱴᱚᱨ"},{"$i":"centimeter","$v":"ᱥᱮᱸᱴᱤᱢᱤᱴᱚᱨ"},{"$i":"meter","$v":"ᱢᱤᱴᱚᱨ"},{"$i":"kilometer","$v":"ᱠᱤᱞᱳᱢᱤᱴᱚᱨ"},{"$i":"inch","$v":"ᱤᱸᱪ"},{"$i":"feet","$v":"ᱯᱷᱹᱤᱴ"},{"$i":"yard","$v":"ᱭᱟᱨᱰ"},{"$i":"mile","$v":"ᱢᱟᱭᱤᱞ"},{"$i":"meters/second","$v":"ᱢᱤᱴᱚᱨᱥ/ᱥᱮᱠᱮᱸᱰ"},{"$i":"kilometer/hour","$v":"ᱠᱤᱞᱳᱢᱤᱴᱚᱨ/ᱚᱣᱟᱨ"},{"$i":"miles/hour","$v":"ᱢᱟᱭᱤᱞᱥ/ᱚᱣᱟᱨ"},{"$i":"feet/second","$v":"ᱯᱷᱹᱤᱴ/ᱥᱮᱠᱮᱸᱰ"},{"$i":"knots","$v":"ᱠᱮᱱᱳᱴᱥ"},{"$i":"mach","$v":"ᱢᱮᱪ"},{"$i":"celsius","$v":"ᱥᱮᱞᱥᱤᱭᱚᱥ"},{"$i":"fahrenheit","$v":"ᱯᱷᱹᱮᱨᱮᱱᱦᱟᱭᱤᱴ"},{"$i":"kelvin","$v":"ᱠᱮᱞᱣᱤᱱ"},{"$i":"newton","$v":"ᱱᱤᱭᱩᱴᱚᱱ"},{"$i":"delisle","$v":"ᱰᱮᱞᱤᱞᱮ"},{"$i":"rankine","$v":"ᱨᱟᱸᱠᱤᱱ"},{"$i":"réaumur","$v":"ᱨᱮᱭᱩᱢᱨ"},{"$i":"cubicmillimeter","$v":"ᱜᱷᱚᱱ ᱢᱤᱞᱤᱢᱤᱴᱚᱨ"},{"$i":"cubiccentimeter","$v":"ᱜᱷᱚᱱ ᱥᱮᱸᱴᱤᱢᱤᱴᱚᱨ"},{"$i":"cubicmeter","$v":"ᱜᱷᱚᱱ ᱢᱤᱴᱚᱨ"},{"$i":"milliliter","$v":"ᱢᱤᱞᱤᱞᱤᱴᱚᱨ"},{"$i":"centiliter","$v":"ᱥᱮᱸᱴᱤᱞᱤᱴᱚᱨ"},{"$i":"liter","$v":"ᱞᱤᱴᱚᱨ"},{"$i":"cubicinch","$v":"ᱜᱷᱚᱱ ᱤᱸᱪᱤ"},{"$i":"cubicfoot","$v":"ᱜᱷᱚᱱ ᱯᱷᱹᱩᱴ"},{"$i":"cubicyard","$v":"ᱜᱷᱚᱱ ᱭᱟᱨᱰ"},{"$i":"teaspoon,uk","$v":"ᱴᱤ ᱮᱥᱯᱩᱱ, UK"},{"$i":"tablespoon,uk","$v":"ᱴᱮᱵᱚᱞ ᱮᱥᱯᱩᱱ, UK"},{"$i":"fluidounce,uk","$v":"ᱯᱷᱹᱞᱩᱤᱰ ᱳᱱᱥ, UK"},{"$i":"cup,uk","$v":"ᱠᱚᱯ, UK"},{"$i":"pint,uk","$v":"ᱯᱤᱸᱴ, UK"},{"$i":"quart,uk","$v":"ᱠᱳᱨᱴ, UK"},{"$i":"gallon,uk","$v":"ᱜᱮᱞᱮᱱ,UK"},{"$i":"barrel,uk","$v":"ᱵᱟᱨᱮᱞ,UK"},{"$i":"teaspoon,us","$v":"ᱴᱤ ᱮᱥᱯᱩᱱ, US"},{"$i":"tablespoon,us","$v":"ᱴᱮᱵᱚᱞ ᱮᱥᱯᱩᱱ, US"},{"$i":"fluidounce,us","$v":"ᱯᱷᱹᱞᱩᱤᱰ ᱳᱱᱥ, US"},{"$i":"cup,us","$v":"ᱠᱚᱯ, US"},{"$i":"pint,us","$v":"ᱯᱤᱸᱴ, US"},{"$i":"quart,us","$v":"ᱠᱳᱨᱴ, US"},{"$i":"gallon,us","$v":"ᱜᱮᱞᱮᱱ,US"},{"$i":"barrel,us","$v":"ᱵᱟᱨᱮᱞ, US"},{"$i":"milligrams","$v":"ᱢᱤᱞᱤᱜᱨᱟᱢᱥ"},{"$i":"grams","$v":"ᱜᱨᱟᱢᱥ"},{"$i":"kilograms","$v":"ᱠᱤᱞᱳᱜᱨᱟᱢᱥ"},{"$i":"tonnes","$v":"ᱴᱚᱱᱥ"},{"$i":"ounces","$v":"ᱳᱱᱥ"},{"$i":"pounds","$v":"ᱯᱟᱩᱱᱰᱥ"},{"$i":"stone,uk","$v":"ᱮᱥᱴᱚᱱ,UK"},{"$i":"longton,uk","$v":"ᱞᱳᱝ ᱴᱚᱱ,UK"},{"$i":"shortton,us","$v":"ᱥᱚᱨᱴ ᱴᱚᱱ, US"}]