[{"$i":"unitconverter","$v":"यूनिट कन्वर्टर."},{"$i":"clear-all","$v":"सभु साफ कयो"},{"$i":"ok","$v":"ठीक"},{"$i":"select","$v":"चूंडियो"},{"$i":"+/-","$v":"+/-"},{"$i":"area","$v":"एरिया"},{"$i":"length","$v":"डेघि"},{"$i":"speed","$v":"स्पीड"},{"$i":"temperature","$v":"गर्मी पद"},{"$i":"volume","$v":"वालयूंम"},{"$i":"weight","$v":"वज़न"},{"$i":"squaremillimeters","$v":"स्कूवायर मिलीमीटर"},{"$i":"squarecentimeters","$v":"स्कूवायर सेंटी मीटरु"},{"$i":"squaremeters","$v":"स्कूवायर मीटरु"},{"$i":"ares","$v":"एकड़"},{"$i":"hectares","$v":"हेक्टर"},{"$i":"squarekilometers","$v":"स्कूवायर किलोमीटर"},{"$i":"squareinches","$v":"स्कूवायर इंच"},{"$i":"squarefeet","$v":"स्कूवायर फेटि"},{"$i":"squareyards","$v":"स्कूवायर यार्ड"},{"$i":"squaremiles","$v":"स्कूवायर मैलु"},{"$i":"acres","$v":"एकड़"},{"$i":"millimeter","$v":"मिलीमीटर"},{"$i":"centimeter","$v":"सेंटी मीटरु"},{"$i":"meter","$v":"मीटरु"},{"$i":"kilometer","$v":"किलोमीटर"},{"$i":"inch","$v":"इंच"},{"$i":"feet","$v":"फेटि"},{"$i":"yard","$v":"यार्ड"},{"$i":"mile","$v":"माइल"},{"$i":"meters/second","$v":"मीटरु/सेकंडु"},{"$i":"kilometer/hour","$v":"किलोमीटर/कलाकु"},{"$i":"miles/hour","$v":"माइल/कलाकु"},{"$i":"feet/second","$v":"फेटि/सेकंडु"},{"$i":"knots","$v":"कनोटस"},{"$i":"mach","$v":"माच"},{"$i":"celsius","$v":"सेल्सियस"},{"$i":"fahrenheit","$v":"फ़ारनहाईट"},{"$i":"kelvin","$v":"कीलों"},{"$i":"newton","$v":"न्यूटन"},{"$i":"delisle","$v":"डीलीसल?"},{"$i":"rankine","$v":"रैंकिन"},{"$i":"réaumur","$v":"रीवमोर"},{"$i":"cubicmillimeter","$v":"क्यूबिक मिली मीटरु"},{"$i":"cubiccentimeter","$v":"क्यूबिक सेंटी मीटरु"},{"$i":"cubicmeter","$v":"क्यूबिक मीटरु"},{"$i":"milliliter","$v":"मिलीलीटर"},{"$i":"centiliter","$v":"सेंटी लीटरु"},{"$i":"liter","$v":"लिटर"},{"$i":"cubicinch","$v":"क्यूबिक इंच"},{"$i":"cubicfoot","$v":"क्यूबिक फ़ूटि"},{"$i":"cubicyard","$v":"क्यूबिक यार्ड"},{"$i":"teaspoon,uk","$v":"टे स्पून,UK"},{"$i":"tablespoon,uk","$v":"टेबुल स्पून,UK"},{"$i":"fluidounce,uk","$v":"फ़लीवड आउंस,UK"},{"$i":"cup,uk","$v":"कपु,UK"},{"$i":"pint,uk","$v":"पिंट,UK"},{"$i":"quart,uk","$v":"कवारट,UK"},{"$i":"gallon,uk","$v":"गैलन,UK"},{"$i":"barrel,uk","$v":"बेरेल,UK"},{"$i":"teaspoon,us","$v":"टे स्पून,US"},{"$i":"tablespoon,us","$v":"टेबुल स्पून,US"},{"$i":"fluidounce,us","$v":"फ़लीवड आउंस,US"},{"$i":"cup,us","$v":"कपु,US"},{"$i":"pint,us","$v":"पिंट,US"},{"$i":"quart,us","$v":"कवारट,US"},{"$i":"gallon,us","$v":"गैलन,US"},{"$i":"barrel,us","$v":"बेरेल,US"},{"$i":"milligrams","$v":"मिलीग्राम"},{"$i":"grams","$v":"ग्राम"},{"$i":"kilograms","$v":"किलोग्राम"},{"$i":"tonnes","$v":"टनीस"},{"$i":"ounces","$v":"आओंसज़"},{"$i":"pounds","$v":"पाऊंड"},{"$i":"stone,uk","$v":"स्टोन,UK"},{"$i":"longton,uk","$v":"लांग टिनि,UK"},{"$i":"shortton,us","$v":"शार्ट टिनि,US"}]