[{"$i":"unitconverter","$v":"யூனிட் கன்வட்டர்"},{"$i":"clear-all","$v":"அனைத்தையும் அழி"},{"$i":"ok","$v":"சரி"},{"$i":"select","$v":"தேர்ந்தெடுக்கவும்"},{"$i":"+/-","$v":"+/-"},{"$i":"area","$v":"பகுதி"},{"$i":"length","$v":"நீளம்"},{"$i":"speed","$v":"வேகம்"},{"$i":"temperature","$v":"வெப்ப நிலை"},{"$i":"volume","$v":"வால்யூம்"},{"$i":"weight","$v":"எடை"},{"$i":"squaremillimeters","$v":"ஸ்கோயர் மில்லிமீட்டர்"},{"$i":"squarecentimeters","$v":"ஸ்கோயர் சென்டிமீட்டர்"},{"$i":"squaremeters","$v":"ஸ்கோயர் மீட்டர்"},{"$i":"ares","$v":"ஆர்ஸ்"},{"$i":"hectares","$v":"ஹெக்டேர்ஸ்"},{"$i":"squarekilometers","$v":"ஸ்கோயர் கிலோமீட்டர்"},{"$i":"squareinches","$v":"ஸ்கோயர் இன்ச்"},{"$i":"squarefeet","$v":"ஸ்கோயர் ஃபீட்"},{"$i":"squareyards","$v":"ஸ்கோயர் யார்டு"},{"$i":"squaremiles","$v":"ஸ்கோயர் மைல்ஸ்"},{"$i":"acres","$v":"ஏக்கர்ஸ்"},{"$i":"millimeter","$v":"மில்லிமீட்டர்"},{"$i":"centimeter","$v":"சென்டிமீட்டர்"},{"$i":"meter","$v":"மீட்டர்"},{"$i":"kilometer","$v":"கிலோமீட்டர்"},{"$i":"inch","$v":"இஞ்ச்"},{"$i":"feet","$v":"ஃபீட்"},{"$i":"yard","$v":"யார்ட்"},{"$i":"mile","$v":"மைல்"},{"$i":"meters/second","$v":"மீட்டர்ஸ்/செக்கெண்டு"},{"$i":"kilometer/hour","$v":"கிலோமீட்டர்/ஹெர்"},{"$i":"miles/hour","$v":"மைல்ஸ்/ஹெர்"},{"$i":"feet/second","$v":"ஃபீட்/செக்கெண்டு"},{"$i":"knots","$v":"நாட்ஸ்"},{"$i":"mach","$v":"மச்"},{"$i":"celsius","$v":"செல்சியஸ்"},{"$i":"fahrenheit","$v":"பாரன்ஹீட்"},{"$i":"kelvin","$v":"கெல்வின்"},{"$i":"newton","$v":"நியூட்டன்"},{"$i":"delisle","$v":"டெலிஸ்லே"},{"$i":"rankine","$v":"ரேங்கினே"},{"$i":"réaumur","$v":"ரீயமூர்"},{"$i":"cubicmillimeter","$v":"க்யூபிக் மில்லிமீட்டர்"},{"$i":"cubiccentimeter","$v":"க்யூபிக் சென்டிமீட்டர்"},{"$i":"cubicmeter","$v":"க்யூபிக் மீட்டர்"},{"$i":"milliliter","$v":"மில்லிலிட்டர்"},{"$i":"centiliter","$v":"சென்டிலிட்டர்"},{"$i":"liter","$v":"லிட்டர்"},{"$i":"cubicinch","$v":"க்யூபிக் அங்குலம்"},{"$i":"cubicfoot","$v":"க்யூபிக் அடி"},{"$i":"cubicyard","$v":"க்யூபிக் யார்ட்"},{"$i":"teaspoon,uk","$v":"டீ ஸ்பூன்,UK"},{"$i":"tablespoon,uk","$v":"டேபிள் ஸ்பூன்,UK"},{"$i":"fluidounce,uk","$v":"ஃபுளுயுட் அவுன்ஸ்,UK"},{"$i":"cup,uk","$v":"கப்,UK"},{"$i":"pint,uk","$v":"பிண்ட்,UK"},{"$i":"quart,uk","$v":"குவார்ட்,UK"},{"$i":"gallon,uk","$v":"கேலன்,UK"},{"$i":"barrel,uk","$v":"பேரல்,UK"},{"$i":"teaspoon,us","$v":"டீ ஸ்பூன்,US"},{"$i":"tablespoon,us","$v":"டேபிள் ஸ்பூன்,US"},{"$i":"fluidounce,us","$v":"ஃபுளுயுட் அவுன்ஸ்,US"},{"$i":"cup,us","$v":"கப்,US"},{"$i":"pint,us","$v":"பிண்ட்,US"},{"$i":"quart,us","$v":"குவார்ட்,US"},{"$i":"gallon,us","$v":"கேலன்,US"},{"$i":"barrel,us","$v":"பேரல்,US"},{"$i":"milligrams","$v":"மில்லிகிராம்ஸ்"},{"$i":"grams","$v":"கிராம்ஸ்"},{"$i":"kilograms","$v":"கிலோகிராம்ஸ்"},{"$i":"tonnes","$v":"டன்ஸ்"},{"$i":"ounces","$v":"அவுன்ஸ்"},{"$i":"pounds","$v":"பவுண்டுஸ்"},{"$i":"stone,uk","$v":"ஸ்டோன்,UK"},{"$i":"longton,uk","$v":"லாங் டன்,UK"},{"$i":"shortton,us","$v":"ஷோர்ட் டன்,US"}]