[{"$i":"unitconverter","$v":"యూనిట్ కన్వర్టర్"},{"$i":"clear-all","$v":"అన్నీ క్లియర్ చేయి"},{"$i":"ok","$v":"సరే"},{"$i":"select","$v":"ఎంచుకోండి"},{"$i":"+/-","$v":"+/-"},{"$i":"area","$v":"ప్రాంతం"},{"$i":"length","$v":"పొడవు"},{"$i":"speed","$v":"స్పీడ్"},{"$i":"temperature","$v":"ఉష్ణోగ్రత"},{"$i":"volume","$v":"వాల్యూమ్"},{"$i":"weight","$v":"బరువు"},{"$i":"squaremillimeters","$v":"స్క్వేర్ మిల్లీమీటర్లు"},{"$i":"squarecentimeters","$v":"స్క్వేర్ సెంటీమీటర్లు"},{"$i":"squaremeters","$v":"స్క్వేర్ మీటర్లు"},{"$i":"ares","$v":"ఆరేస్"},{"$i":"hectares","$v":"హెక్టార్స్"},{"$i":"squarekilometers","$v":"స్క్వేర్ కిలోమీటరులు"},{"$i":"squareinches","$v":"స్క్వేర్ ఇంచెస్"},{"$i":"squarefeet","$v":"స్క్వేర్ ఫీట్"},{"$i":"squareyards","$v":"స్క్వేర్ యార్డ్స్"},{"$i":"squaremiles","$v":"స్క్వేర్ మైళ్ళు"},{"$i":"acres","$v":"ఏకర్స్"},{"$i":"millimeter","$v":"మిల్లిమీటర్"},{"$i":"centimeter","$v":"సెంటిమీటర్"},{"$i":"meter","$v":"మీటర్"},{"$i":"kilometer","$v":"కిలోమీటర్"},{"$i":"inch","$v":"ఇంచ్"},{"$i":"feet","$v":"ఫీట్"},{"$i":"yard","$v":"యార్డ్"},{"$i":"mile","$v":"మైల్"},{"$i":"meters/second","$v":"మీటర్స్/సెకండ్"},{"$i":"kilometer/hour","$v":"కిలోమీటర్/అవర్"},{"$i":"miles/hour","$v":"మైల్స్/అవర్"},{"$i":"feet/second","$v":"ఫీట్/సెకండ్"},{"$i":"knots","$v":"నాట్స్"},{"$i":"mach","$v":"మాచ్"},{"$i":"celsius","$v":"సెల్సియస్"},{"$i":"fahrenheit","$v":"ఫారెన్‌హీట్"},{"$i":"kelvin","$v":"కెల్విన్"},{"$i":"newton","$v":"న్యూటన్"},{"$i":"delisle","$v":"డెలిస్లే"},{"$i":"rankine","$v":"ర్యాంకిన్"},{"$i":"réaumur","$v":"రేమూర్"},{"$i":"cubicmillimeter","$v":"క్యూబిక్ మిల్లిమీటర్"},{"$i":"cubiccentimeter","$v":"క్యూబిక్ సెంటీమీటర్"},{"$i":"cubicmeter","$v":"క్యూబిక్ మీటర్"},{"$i":"milliliter","$v":"మిల్లిలీటర్"},{"$i":"centiliter","$v":"సెంటిలీటర్"},{"$i":"liter","$v":"లీటర్"},{"$i":"cubicinch","$v":"క్యూబిక్ ఇంచ్"},{"$i":"cubicfoot","$v":"క్యూబిక్ ఫుట్"},{"$i":"cubicyard","$v":"క్యూబిక్ యార్డ్"},{"$i":"teaspoon,uk","$v":"టీ స్పూన్, UK"},{"$i":"tablespoon,uk","$v":"టేబుల్ స్పూన్, UK"},{"$i":"fluidounce,uk","$v":"ఫ్లూయిడ్ ఔన్స్ ,UK"},{"$i":"cup,uk","$v":"కప్, UK"},{"$i":"pint,uk","$v":"పింట్,UK"},{"$i":"quart,uk","$v":"క్వార్ట్, UK"},{"$i":"gallon,uk","$v":"గ్యాలన్, UK"},{"$i":"barrel,uk","$v":"బ్యారెల్, UK"},{"$i":"teaspoon,us","$v":"టీ స్పూన్, US"},{"$i":"tablespoon,us","$v":"టేబుల్ స్పూన్, US"},{"$i":"fluidounce,us","$v":"ఫ్లూయిడ్ ఔన్స్,US"},{"$i":"cup,us","$v":"కప్, US"},{"$i":"pint,us","$v":"పింట్,US"},{"$i":"quart,us","$v":"క్వార్ట్, US"},{"$i":"gallon,us","$v":"గ్యాలన్, US"},{"$i":"barrel,us","$v":"బ్యారెల్, U"},{"$i":"milligrams","$v":"మిల్లిగ్రామ్స్"},{"$i":"grams","$v":"గ్రామ్స్"},{"$i":"kilograms","$v":"కిలోగ్రామ్స్"},{"$i":"tonnes","$v":"టోన్స్"},{"$i":"ounces","$v":"ఔన్స్‌లు"},{"$i":"pounds","$v":"పౌండ్స్"},{"$i":"stone,uk","$v":"స్టోన్, UK"},{"$i":"longton,uk","$v":"లాంగ్ టన్, UK"},{"$i":"shortton,us","$v":"చిన్న టన్, US"}]