[{"$i":"unitconverter","$v":"इउनिट बारस्लायहोग्रा"},{"$i":"clear-all","$v":"गासैखौबो बोस्रां"},{"$i":"ok","$v":"जागोन"},{"$i":"select","$v":"सायख'"},{"$i":"+/-","$v":"+/-"},{"$i":"area","$v":"ओनसोल"},{"$i":"length","$v":"गोलाव"},{"$i":"speed","$v":"गोख्रैथि"},{"$i":"temperature","$v":"बिदुं"},{"$i":"volume","$v":"साउन्ड बिबां"},{"$i":"weight","$v":"गिलिरथि"},{"$i":"squaremillimeters","$v":"बर्ग मिलिमिटार"},{"$i":"squarecentimeters","$v":"बर्ग सेन्टिमिटार"},{"$i":"squaremeters","$v":"बर्ग मिटार"},{"$i":"ares","$v":"एरोस"},{"$i":"hectares","$v":"हेकटर्स"},{"$i":"squarekilometers","$v":"बर्ग किलमिटार"},{"$i":"squareinches","$v":"बर्ग इनसि"},{"$i":"squarefeet","$v":"बर्ग फुट"},{"$i":"squareyards","$v":"बर्ग दब्लाइ"},{"$i":"squaremiles","$v":"बर्ग माइल"},{"$i":"acres","$v":"एक्रेस"},{"$i":"millimeter","$v":"मिलिमिटार"},{"$i":"centimeter","$v":"सेन्टिमिटार"},{"$i":"meter","$v":"मेटार"},{"$i":"kilometer","$v":"किलमिटार"},{"$i":"inch","$v":"इनसि"},{"$i":"feet","$v":"फिट"},{"$i":"yard","$v":"यार्ड"},{"$i":"mile","$v":"माइल"},{"$i":"meters/second","$v":"मेटार/सेकेन्ड"},{"$i":"kilometer/hour","$v":"किलमिटार/आवार"},{"$i":"miles/hour","$v":"माइल्स/आवार"},{"$i":"feet/second","$v":"फिट/सेकेन्ड"},{"$i":"knots","$v":"कनट्स"},{"$i":"mach","$v":"मेस"},{"$i":"celsius","$v":"चेलसियास"},{"$i":"fahrenheit","$v":"फाहरेनहैट"},{"$i":"kelvin","$v":"केलविन"},{"$i":"newton","$v":"निउटन"},{"$i":"delisle","$v":"डेलाइस्लि"},{"$i":"rankine","$v":"रेंकाइन"},{"$i":"réaumur","$v":"रेउमार"},{"$i":"cubicmillimeter","$v":"किउबिग मिलिमिटार"},{"$i":"cubiccentimeter","$v":"किउबिग सेन्टिमिटार"},{"$i":"cubicmeter","$v":"किउबिग मिटार"},{"$i":"milliliter","$v":"मिलिमिटार"},{"$i":"centiliter","$v":"सेनटिलाइजार"},{"$i":"liter","$v":"लिटार"},{"$i":"cubicinch","$v":"किउबिग इनसि"},{"$i":"cubicfoot","$v":"किउबिग फुट"},{"$i":"cubicyard","$v":"किउबिग दब्लाय"},{"$i":"teaspoon,uk","$v":"टि स्पुन,UK"},{"$i":"tablespoon,uk","$v":"टेबोल स्पुन,UK"},{"$i":"fluidounce,uk","$v":"फ्लुइड आउन्स,UK"},{"$i":"cup,uk","$v":"काप,UK"},{"$i":"pint,uk","$v":"पिन्ट,UK"},{"$i":"quart,uk","$v":"कुवार्ट,UK"},{"$i":"gallon,uk","$v":"गेलन,UK"},{"$i":"barrel,uk","$v":"बेरेल,UK"},{"$i":"teaspoon,us","$v":"टि स्पुन,US"},{"$i":"tablespoon,us","$v":"टेबोल स्पुन,US"},{"$i":"fluidounce,us","$v":"फ्लुइड आउन्स,US"},{"$i":"cup,us","$v":"काप,US"},{"$i":"pint,us","$v":"पिन्ट,US"},{"$i":"quart,us","$v":"कुवार्ट,US"},{"$i":"gallon,us","$v":"गेलन,US"},{"$i":"barrel,us","$v":"बेरेल,US"},{"$i":"milligrams","$v":"मिलिग्राम"},{"$i":"grams","$v":"ग्राम्स"},{"$i":"kilograms","$v":"किलग्राम"},{"$i":"tonnes","$v":"टन्स"},{"$i":"ounces","$v":"आउन्स"},{"$i":"pounds","$v":"पाउन्ड्स"},{"$i":"stone,uk","$v":"स्टन,UK"},{"$i":"longton,uk","$v":"लं टन,UK"},{"$i":"shortton,us","$v":"सर्ट टन,US"}]