[{"$i":"unitconverter","$v":"یونٹ کنورٹر"},{"$i":"clear-all","$v":"تمام کو صاف کریں"},{"$i":"ok","$v":"ٹھیک ہے"},{"$i":"select","$v":"منتخب کریں"},{"$i":"+/-","$v":"+/-"},{"$i":"area","$v":"رقبہ"},{"$i":"length","$v":"کی طوالت"},{"$i":"speed","$v":"رفتار"},{"$i":"temperature","$v":"درجہ حرارت"},{"$i":"volume","$v":"والیوم"},{"$i":"weight","$v":"وزن"},{"$i":"squaremillimeters","$v":"مربع ملی میٹر"},{"$i":"squarecentimeters","$v":"مربع سینٹی میٹرز"},{"$i":"squaremeters","$v":"مربع میٹر"},{"$i":"ares","$v":"ایریز"},{"$i":"hectares","$v":"ہیکڑ"},{"$i":"squarekilometers","$v":"مربع کلومیٹر"},{"$i":"squareinches","$v":"مربع انچ"},{"$i":"squarefeet","$v":"مربع فیٹ"},{"$i":"squareyards","$v":"مربع گز"},{"$i":"squaremiles","$v":"مربع میل"},{"$i":"acres","$v":"ایکڑ"},{"$i":"millimeter","$v":"ملی میٹر"},{"$i":"centimeter","$v":"سینٹی میٹر"},{"$i":"meter","$v":"میٹر"},{"$i":"kilometer","$v":"کلومیٹر"},{"$i":"inch","$v":"انچ"},{"$i":"feet","$v":"فیٹ"},{"$i":"yard","$v":"یارڈ"},{"$i":"mile","$v":"میل"},{"$i":"meters/second","$v":"میٹر/سیکنڈ"},{"$i":"kilometer/hour","$v":"کلومیٹر/گھنٹہ"},{"$i":"miles/hour","$v":"میل/گھنٹہ"},{"$i":"feet/second","$v":"فیٹ/سیکنڈ"},{"$i":"knots","$v":"ناٹس"},{"$i":"mach","$v":"میکھ"},{"$i":"celsius","$v":"سیلی اس"},{"$i":"fahrenheit","$v":"فرننیٹ"},{"$i":"kelvin","$v":"کیلون"},{"$i":"newton","$v":"نیوٹن"},{"$i":"delisle","$v":"ڈی لائل"},{"$i":"rankine","$v":"رینکین"},{"$i":"réaumur","$v":"ریممور"},{"$i":"cubicmillimeter","$v":"کیوبک ملی میٹر"},{"$i":"cubiccentimeter","$v":"کیوبک سینٹی میٹر"},{"$i":"cubicmeter","$v":"کیوبک میٹر"},{"$i":"milliliter","$v":"ملی لیٹر"},{"$i":"centiliter","$v":"سینٹی لیٹر"},{"$i":"liter","$v":"لیٹر"},{"$i":"cubicinch","$v":"کیوبک انچ"},{"$i":"cubicfoot","$v":"کیوبک فوٹ"},{"$i":"cubicyard","$v":"کیوبک یارڈ"},{"$i":"teaspoon,uk","$v":"چائے کا چمچ،UK"},{"$i":"tablespoon,uk","$v":"چمچ،UK"},{"$i":"fluidounce,uk","$v":"فلوڈ اونس،UK"},{"$i":"cup,uk","$v":"کپ،UK"},{"$i":"pint,uk","$v":"پنٹ،UK"},{"$i":"quart,uk","$v":"کوارٹ،UK"},{"$i":"gallon,uk","$v":"گیلون،UK"},{"$i":"barrel,uk","$v":"بیرل،UK"},{"$i":"teaspoon,us","$v":"چائے کا چمچ،US"},{"$i":"tablespoon,us","$v":"چمچ،US"},{"$i":"fluidounce,us","$v":"فلوڈ اونس،US"},{"$i":"cup,us","$v":"کپ،US"},{"$i":"pint,us","$v":"پنٹ،US"},{"$i":"quart,us","$v":"کوارٹ،US"},{"$i":"gallon,us","$v":"گیلون،US"},{"$i":"barrel,us","$v":"بیرل،US"},{"$i":"milligrams","$v":"ملی گرامز"},{"$i":"grams","$v":"گرام"},{"$i":"kilograms","$v":"کلوگرامز"},{"$i":"tonnes","$v":"ٹونز"},{"$i":"ounces","$v":"اونس"},{"$i":"pounds","$v":"پاؤنڈز"},{"$i":"stone,uk","$v":"اسٹون،UK"},{"$i":"longton,uk","$v":"لانگ ٹن،UK"},{"$i":"shortton,us","$v":"شارٹ ٹن،US"}]