[{"$i":"wifi","$v":"এটা নেটৱৰ্ক বাছনি কৰক"},{"$i":"ssid","$v":"SSID"},{"$i":"no-wifi-found","$v":"কোনো উপলব্ধ নেটৱৰ্ক নাই"},{"$i":"wifi-searching","$v":"নেটৱৰ্কসমূহ অনুসন্ধান কৰি আছে…"},{"$i":"security-open","$v":"খোলক"},{"$i":"shortStatus-connecting","$v":"সংযোগ হৈ আছে…"},{"$i":"shortStatus-associated","$v":"এটা IP এড্ৰেছ আহৰণ কৰি আছে…"},{"$i":"shortStatus-authenticating","$v":"প্ৰমাণিত হৈ আছে…"},{"$i":"shortStatus-connected","$v":"সংযোগ কৰা হল"},{"$i":"shortStatus-connectingfailed","$v":"সংযোগ বিফল হৈছে"},{"$i":"shortStatus-disconnected","$v":"অফলাইন"},{"$i":"securityWEP","$v":"WEP"},{"$i":"securityWPA-PSK","$v":"WPA-PSK"},{"$i":"securityWPA-EAP","$v":"WPA-EAP"},{"$i":"securityWPA2-PSK","$v":"WPA2-PSK"},{"$i":"securityWPA/WPA2-PSK","$v":"WPA/WPA2-PSK"},{"$i":"securedBy","$v":[{"t":"idOrVar","v":"capabilities"}]},{"$i":"wifi-rescan","$v":"পুনঃস্কেন কৰক"},{"$i":"wifi-join-fail","$v":[{"t":"idOrVar","v":"n"}," নেটৱৰ্কৰ সৈতে যোগ কৰিবলৈ অক্ষম ৷"]},{"$i":"wifi-connect-fail","$v":[{"t":"idOrVar","v":"n"},"ৰ বাবে অশুদ্ধ পাছৱৰ্ড ।"]},{"$i":"wifi-ip-set-fail","$v":"IP ছেটিংছ বিফল হ’ল ৷"},{"$i":"wifi-pw-length-error","$v":"পাছৱৰ্ডৰ দৈৰ্ঘ্য 8 টা বৰ্ণতকৈ বেছি হ’বই লাগিব"},{"$i":"password","$v":"পাছৱৰ্ড"},{"$i":"showPassword","$v":"পাছৱৰ্ড দেখুৱাওক"},{"$i":"connect","$v":"সংযোগ কৰক"},{"$i":"select","$v":"বাছনি কৰক"},{"$i":"skip","$v":"স্কিপ"},{"$i":"next","$v":"পৰৱৰ্তী"},{"$i":"accept","$v":"স্বীকাৰ"},{"$i":"cancel","$v":"বাতিল কৰক"},{"$i":"ok","$v":"ঠিক আছে"},{"$i":"hfa","$v":"HFA"},{"$i":"setup-account","$v":"KaiOS একাউণ্ট ছেট কৰক"},{"$i":"create-account-li","$v":"একাউণ্ট বনাওক"},{"$i":"login-account-li","$v":"চাইন ইন কৰক"},{"$i":"account-setup-message","$v":"এটা KaiOS একাউণ্টৰ সৈতে আপোনাৰ তথ্য নিৰাপদে ৰাখক ৷ যদি আপুনি কেতিয়াবা আপোনাৰ ফোনটো হেৰুৱায়, তেন্তে আপোনাৰ KaiOS একাউণ্টে আপোনাক আপোনাৰ ফোনত থকা সকলো ডাটা ৰিম’টযোগে লক কৰিবলৈ বা মোহাৰিবলৈ অনুমতি দিব ৷ আপুনি পিছতো ছেটিংছত আপোনাৰ KaiOS একাউণ্ট ছেট কৰিব পাৰিব"},{"$i":"sign-in-success","$v":"চাইন ইন সফল হ’ল"},{"$i":"account-welcome","$v":"স্বাগতম"},{"$i":"logged-in-message","$v":[{"t":"idOrVar","v":"email"}]},{"$i":"anti-theft","$v":"এণ্টি-থেফ্ট"},{"$i":"anti-theft-info","$v":"আমি আশা কৰো আপুনি কেতিয়াও আপোনাৰ ফোন নেহেৰুৱায়, কিন্তু যদি হেৰুৱায়, তেন্তে আপুনি আমাৰ ৰিম’ট লক আৰু মচা সুবিধাসমূহৰ সৈতে আপোনাৰ ডাটা সুৰক্ষিত কৰিব পাৰে ৷ আপুনি যেতিয়া সাজু হয়, আপোনাৰ KaiOS একাউণ্ট ছেট কৰিবলৈ ছেটিংছলৈ যাওক ৷"},{"$i":"select-language","$v":"ভাষা বাছনি কৰক"},{"$i":"language-current","$v":"বৰ্তমান"},{"$i":"language-readout-on","$v":"ৰীডআউট অন"},{"$i":"language-readout-off","$v":"ৰীডআউট অফ"},{"$i":"decline-info","$v":"এই ডিভাইচটো ব্যৱহাৰ কৰিবলৈ নিয়ম আৰু চৰ্তাৱলী স্বীকাৰ কৰাৰ প্ৰয়োজনীয়তা আছে ।"},{"$i":"kaios-license","$v":"KaiOS লাইচেন্স চৰ্তাৱলী"},{"$i":"decline","$v":"অস্বীকাৰ কৰক"},{"$i":"lyf-license","$v":"LYF লাইচেন্স নিয়মাৱলী"},{"$i":"pin-error","$v":"অশুদ্ধ পিন ৷"},{"$i":"pin-retry","$v":["চিম কাৰ্ডখন লক হোৱাৰ পূৰ্বে শুদ্ধ পিন প্ৰবিষ্ট কৰিবলৈ আপোনাৰ ",{"t":"idOrVar","v":"n"}," প্ৰচেষ্টা বাকী আছে ৷"]},{"$i":"pin-label","$v":"চিম পিন"},{"$i":"enter-pin","$v":"চিম পিন লিখক"},{"$i":"done","$v":"কৰা হল"},{"$i":"enter-puk","$v":"PUK লিখক"},{"$i":"puk-label","$v":"PUK"},{"$i":"puk-label-left","$v":["PUK(",{"t":"idOrVar","v":"n"}," বাৰ বাকী আছে)"]},{"$i":"new-pin-label","$v":"নতুন চিম পিন(4-8 অঙ্ক)"},{"$i":"confirm-new-pin-label","$v":"নতুন চিম পিন নিশ্চিত কৰক"},{"$i":"pincode-length-error","$v":"চিম পিন 4-8 টা অঙ্কৰ হোৱা উচিত ৷"},{"$i":"pin-final-locked","$v":"চিম কাৰ্ডখন লক হয়।"},{"$i":"pin-final-failed-text","$v":"আপুনি চিম কাৰ্ড আনলক কৰিবলৈ PUK ক’ড প্ৰবিষ্ট কৰিব বিচাৰে নেকি?"},{"$i":"sim-locked","$v":"চিম লক হৈছে"},{"$i":"new-pin-confirm-error","$v":"নতুন চিম পিন নিশ্চিতিকৰণ বিফল হ’ল ৷"},{"$i":"puk-unlock-error","$v":["PUK আনলক বিফল হ’ল, আপোনাৰ ",{"t":"idOrVar","v":"n"}," প্ৰচেষ্টা বাকী আছে ৷"]}]