[{"$i":"wifi","$v":"একটি নেটওয়ার্ক নির্বাচন করুন"},{"$i":"ssid","$v":"SSID"},{"$i":"no-wifi-found","$v":"কোনো নেটওয়ার্ক উপলব্ধ নেই"},{"$i":"wifi-searching","$v":"নেটওয়ার্কগুলি অনুসন্ধান করছে..."},{"$i":"security-open","$v":"খুলুন"},{"$i":"shortStatus-connecting","$v":"সংযুক্ত হচ্ছে..."},{"$i":"shortStatus-associated","$v":"একটি IP অ্যাড্রেস প্রাপ্ত হচ্ছে .."},{"$i":"shortStatus-authenticating","$v":"প্রমাণীকরণ করা হচ্ছে..."},{"$i":"shortStatus-connected","$v":"সংযুক্ত হয়েছে"},{"$i":"shortStatus-connectingfailed","$v":"সংযোগ ব্যর্থ হয়েছে"},{"$i":"shortStatus-disconnected","$v":"অফলাইন"},{"$i":"securityWEP","$v":"WEP"},{"$i":"securityWPA-PSK","$v":"WPA-PSK"},{"$i":"securityWPA-EAP","$v":"WPA-EAP"},{"$i":"securityWPA2-PSK","$v":"WPA2-PSK"},{"$i":"securityWPA/WPA2-PSK","$v":"WPA/WPA2-PSK"},{"$i":"securedBy","$v":[{"t":"idOrVar","v":"capabilities"}]},{"$i":"wifi-rescan","$v":"আবার স্ক্যান করুন"},{"$i":"wifi-join-fail","$v":[{"t":"idOrVar","v":"n"}," নেটওয়ার্ক যুক্ত করা যাবে না ।"]},{"$i":"wifi-connect-fail","$v":[{"t":"idOrVar","v":"n"}," -এর জন্য ভুল পাসওয়ার্ড ।"]},{"$i":"wifi-ip-set-fail","$v":"IP সেটিংস ব্যর্থ হয়েছে।"},{"$i":"wifi-pw-length-error","$v":"পাসওয়ার্ডের দৈর্ঘ্য 8 অক্ষরের বেশি হতে হবে।"},{"$i":"password","$v":"পাসওয়ার্ড"},{"$i":"showPassword","$v":"পাসওয়ার্ড দেখান"},{"$i":"connect","$v":"সংযুক্ত করুন"},{"$i":"select","$v":"নির্বাচন করুন"},{"$i":"skip","$v":"স্কিপ"},{"$i":"next","$v":"পরবর্তী"},{"$i":"accept","$v":"স্বীকার"},{"$i":"cancel","$v":"বাতিল করুন"},{"$i":"ok","$v":"ঠিক আছে"},{"$i":"hfa","$v":"HFA"},{"$i":"setup-account","$v":"KaiOS অ্যাকাউন্ট সেটআপ করছে"},{"$i":"create-account-li","$v":"অ্যাকাউন্ট তৈরি করুন"},{"$i":"login-account-li","$v":"সাইন ইন করুন"},{"$i":"account-setup-message","$v":"একটি KaiOS অ্যাকাউন্টের সাহায্যে আপনার তথ্য সুরক্ষিত রাখুন। আপনি যদি কোনো সময় আপনার ফোন হারিয়ে ফেলেন KaiOS অ্যাকাউন্ট রিমোটলী আপনার ফোন লক করতে বা আপনার ফোনের সব ডেটা মুছে ফেলবে। আপনি পরেও সেটিংসে আপনার KaiOS অ্যাকাউন্ট সেট আপ করতে পারবেন ।"},{"$i":"sign-in-success","$v":"সাইন ইন করা সফল হয়েছে"},{"$i":"account-welcome","$v":"স্বাগতম"},{"$i":"logged-in-message","$v":[{"t":"idOrVar","v":"email"}]},{"$i":"anti-theft","$v":"অ্যান্টি-থেফ্ট"},{"$i":"anti-theft-info","$v":"আমরা আশা করছি যে আপনি কখনই আপনার ফোন হারাবেন না কিন্তু আপনি ফোন হারালে আপনি আমাদের রিমোট লক ও মুছে দেয়ার বৈশিষ্ট্যের মাধ্যমে আপনার ডেটা সুরক্ষিত করতে পারেন। যখন আপনি প্রস্তুত থাকবেন তখন আপনার KaiOS অ্যাকাউন্ট সেটআপ করতে সেটিংসে যান ।"},{"$i":"select-language","$v":"ভাষা নির্বাচন করুন"},{"$i":"language-current","$v":"বর্তমান"},{"$i":"language-readout-on","$v":"রিডআউট অন"},{"$i":"language-readout-off","$v":"রিডআউট অফ"},{"$i":"decline-info","$v":"এই ডিভাইসটি ব্যবহার করতে নিয়ম ও শর্তাবলীর স্বীকৃতির আবশ্যক ।"},{"$i":"kaios-license","$v":"KaiOS লাইসেন্সের শর্তাবলী"},{"$i":"decline","$v":"অস্বীকার করুন"},{"$i":"lyf-license","$v":"LYF লাইসেন্স শর্ত"},{"$i":"pin-error","$v":"ভুল পিন।"},{"$i":"pin-retry","$v":["সিম কার্ড লক হয়ে যাওয়ার আগে সঠিক পিন লেখার জন্য আপনি আর ",{"t":"idOrVar","v":"n"}," বার চেষ্টা করতে পারবেন ।"]},{"$i":"pin-label","$v":"সিম পিন"},{"$i":"enter-pin","$v":"সিম পিন লিখুন"},{"$i":"done","$v":"সম্পন্ন"},{"$i":"enter-puk","$v":"PUK লিখুন"},{"$i":"puk-label","$v":"PUK"},{"$i":"puk-label-left","$v":["PUK(",{"t":"idOrVar","v":"n"}," বার অবশিষ্ট)"]},{"$i":"new-pin-label","$v":"নতুন সিম পিন (4-8 সংখ্যার)"},{"$i":"confirm-new-pin-label","$v":"নতুন সিম পিনটি নিশ্চিত করুন"},{"$i":"pincode-length-error","$v":"সিম পিন 4-8 সংখ্যার হতে হবে ।"},{"$i":"pin-final-locked","$v":"সিম কার্ড লক করা আছে৷"},{"$i":"pin-final-failed-text","$v":"সিম কার্ড আনলক করতে আপনি কি PUK কোড লিখতে চান?"},{"$i":"sim-locked","$v":"সিম লক করা হয়েছে"},{"$i":"new-pin-confirm-error","$v":"নতুন সিম পিন নিশ্চিতকরণ ব্যর্থ হয়েছে ।"},{"$i":"puk-unlock-error","$v":["PUK আনলক করা ব্যর্থ হয়েছে, আপনার ",{"t":"idOrVar","v":"n"},"টি প্রচেষ্টা অবশিষ্ট আছে ।"]}]