[{"$i":"wifi","$v":"नेटवर्क चुनो"},{"$i":"ssid","$v":"SSID"},{"$i":"no-wifi-found","$v":"कोई उपलब्ध नेटवर्क नेईं"},{"$i":"wifi-searching","$v":"नेटवर्क दी तपाश होआ करदी ऐ..."},{"$i":"security-open","$v":"खुल्ला"},{"$i":"shortStatus-connecting","$v":"कनेक्ट होआ करदा ऐ ..."},{"$i":"shortStatus-associated","$v":"IP पता हासल होआ करदा ऐ..."},{"$i":"shortStatus-authenticating","$v":"प्रमाणत होआ करदा ऐ ..."},{"$i":"shortStatus-connected","$v":"जुड़े दा"},{"$i":"shortStatus-connectingfailed","$v":"कनेक्शन असफल रेहा"},{"$i":"shortStatus-disconnected","$v":"आफलाइन"},{"$i":"securityWEP","$v":"WEP"},{"$i":"securityWPA-PSK","$v":"WPA-PSK"},{"$i":"securityWPA-EAP","$v":"WPA-EAP"},{"$i":"securityWPA2-PSK","$v":"WPA2-PSK"},{"$i":"securityWPA/WPA2-PSK","$v":"WPA/WPA2-PSK"},{"$i":"securedBy","$v":[{"t":"idOrVar","v":"capabilities"}]},{"$i":"wifi-rescan","$v":"मुड़-स्कैन"},{"$i":"wifi-join-fail","$v":[{"t":"idOrVar","v":"n"}," नेटवर्क च शामल होने च असमर्थ।"]},{"$i":"wifi-connect-fail","$v":[{"t":"idOrVar","v":"n"},"लेई गलत पासवर्ड।"]},{"$i":"wifi-ip-set-fail","$v":"IP ​​सेटिंगां असफल।"},{"$i":"wifi-pw-length-error","$v":"पासवर्ड दी लंबाई 8 थमां मते वर्णें दी होनी चाहिदी।"},{"$i":"password","$v":"पासवर्ड"},{"$i":"showPassword","$v":"पासवर्ड दस्सो"},{"$i":"connect","$v":"कनेक्ट"},{"$i":"select","$v":"चुनो"},{"$i":"skip","$v":"छोड़ो"},{"$i":"next","$v":"अगला"},{"$i":"accept","$v":"मंजूर"},{"$i":"cancel","$v":"रद्द करो"},{"$i":"ok","$v":"ठीक ऐ"},{"$i":"hfa","$v":"HFA"},{"$i":"setup-account","$v":"KaiOS खाता सेटअप करो"},{"$i":"create-account-li","$v":"खाता बनाओ"},{"$i":"login-account-li","$v":"साइन इन"},{"$i":"account-setup-message","$v":"KaiOS खाता कन्नै अपनी जानकारी सुरक्षत रक्खो जेकर तुस कदें बी अपना फोन गोआही ओड़ो तां थुआढ़ा KaiOS खाता तुसेंगी अपने फोन पर सबूरे डेटा गी दूर थमां लाक कर जां पूझंन देग। तुस सेटिंगें च अपने KaiOS खाते गी बाद च बी सेटअप करी सकदे ओ।"},{"$i":"sign-in-success","$v":"साइन इन सफलता"},{"$i":"account-welcome","$v":"सुआगत ऐ"},{"$i":"logged-in-message","$v":[{"t":"idOrVar","v":"email"}]},{"$i":"anti-theft","$v":"चोरी-रीकू"},{"$i":"anti-theft-info","$v":"अस मेद करनेआं जे तुस कदें बी अपना फोन नेईं गुम करगेओ, पर जेकर तुस ऐसा करगेओ, तां तुस अपने डेटा गी स्हाड़े दूरस्थ लाक कन्नै सुरक्षत करी सकदे ओ ते फीचरें गी मिटाई सकदे ओ। जदूं तुस त्यार होवो, तां अपने KaiOS खाते गी सेट अप करने लेई सेटिंगें आह्‌ली बक्खी जाओ।"},{"$i":"select-language","$v":"भाशा चुनो"},{"$i":"language-current","$v":"मौजूदा"},{"$i":"language-readout-on","$v":"पढ़ियै सनाना चालू"},{"$i":"language-readout-off","$v":"पढ़ियै सनाना बंद"},{"$i":"decline-info","$v":"इस डिवाइस दी बरतून करने लेई नियम ते शर्तें दा मंजूर करना जरूरी ऐ।"},{"$i":"kaios-license","$v":"KaiOS लाइसेंस शर्तां"},{"$i":"decline","$v":"मनाही"},{"$i":"lyf-license","$v":"LYF लाइसेंस शर्तां"},{"$i":"pin-error","$v":"गलत PIN।"},{"$i":"pin-retry","$v":["थुआढ़े कोल सिम कार्ड लाक होने थमां पैह्‌ले स्हेई पिन दर्ज करने लेई ",{"t":"idOrVar","v":"n"}," कोशिशा बाकी ऐ।"]},{"$i":"pin-label","$v":"SIM PIN"},{"$i":"enter-pin","$v":"SIM PIN दर्ज करो"},{"$i":"done","$v":"होई गेआ"},{"$i":"enter-puk","$v":"PUK दर्ज करो"},{"$i":"puk-label","$v":"PUK"},{"$i":"puk-label-left","$v":["PUK(",{"t":"idOrVar","v":"n"},"  बार बाकी)"]},{"$i":"new-pin-label","$v":"नमां सिम पिन (4-8 अंकी)"},{"$i":"confirm-new-pin-label","$v":"नमें सिम पिन दी पुश्टि करो"},{"$i":"pincode-length-error","$v":"सिम पिन 4-8 अंकी होना चाहिदा।"},{"$i":"pin-final-locked","$v":"SIM कार्ड लाक ऐ।"},{"$i":"pin-final-failed-text","$v":"क्या तुस सिम कार्ड अनलाक करने लेई PUK कोड दर्ज करना चांह्‌दे ओ?"},{"$i":"sim-locked","$v":"सिम लाक ऐ"},{"$i":"new-pin-confirm-error","$v":"नमां सिम पिन पुश्टि असफल होई।"},{"$i":"puk-unlock-error","$v":["PUK अनलाक असफल, थुआढ़े कोल ",{"t":"idOrVar","v":"n"}," कोशिश बाकी ऐ।"]}]