[{"$i":"wifi","$v":"Select a network"},{"$i":"ssid","$v":"SSID"},{"$i":"no-wifi-found","$v":"No available networks."},{"$i":"wifi-searching","$v":"Searching networks…"},{"$i":"security-open","$v":"Open"},{"$i":"shortStatus-connecting","$v":"Connecting…"},{"$i":"shortStatus-associated","$v":"Obtaining an IP address…"},{"$i":"shortStatus-authenticating","$v":"Authenticating…"},{"$i":"shortStatus-connected","$v":"Connected"},{"$i":"shortStatus-connectingfailed","$v":"Connection failed"},{"$i":"shortStatus-disconnected","$v":"Offline"},{"$i":"securityWEP","$v":"WEP"},{"$i":"securityWPA-PSK","$v":"WPA-PSK"},{"$i":"securityWPA-EAP","$v":"WPA-EAP"},{"$i":"securityWPA2-PSK","$v":"WPA2-PSK"},{"$i":"securityWPA/WPA2-PSK","$v":"WPA/WPA2-PSK"},{"$i":"securedBy","$v":[{"t":"idOrVar","v":"capabilities"}]},{"$i":"wifi-rescan","$v":"Rescan"},{"$i":"wifi-join-fail","$v":["Unable to join the network ",{"t":"idOrVar","v":"n"},"."]},{"$i":"wifi-connect-fail","$v":["Incorrect password for ",{"t":"idOrVar","v":"n"},"."]},{"$i":"wifi-ip-set-fail","$v":"IP settings failed."},{"$i":"wifi-pw-length-error","$v":"Password length must be more than 8 characters."},{"$i":"password","$v":"Password"},{"$i":"showPassword","$v":"Show Password"},{"$i":"connect","$v":"Connect"},{"$i":"select","$v":"Select"},{"$i":"skip","$v":"Skip"},{"$i":"next","$v":"Next"},{"$i":"accept","$v":"Accept"},{"$i":"cancel","$v":"Cancel"},{"$i":"ok","$v":"OK"},{"$i":"hfa","$v":"HFA"},{"$i":"setup-account","$v":"Setup KaiOS Account"},{"$i":"create-account-li","$v":"Create Account"},{"$i":"login-account-li","$v":"Sign In"},{"$i":"account-setup-message","$v":"Keep your information safe with a KaiOS account. If you ever lose your phone, your KaiOS account will allow you to remotely lock or wipe all the data on your phone. You can also setup your KaiOS account later in Settings."},{"$i":"sign-in-success","$v":"Sign In Success"},{"$i":"account-welcome","$v":"Welcome"},{"$i":"logged-in-message","$v":[{"t":"idOrVar","v":"email"}]},{"$i":"anti-theft","$v":"Anti-Theft"},{"$i":"anti-theft-info","$v":"We hope you never lose your phone, but if you do, you can protect your data with our remote lock and wipe features. When you're ready, go to Settings to set up your KaiOS account."},{"$i":"select-language","$v":"Select Language"},{"$i":"language-current","$v":"Current"},{"$i":"language-readout-on","$v":"Readout On"},{"$i":"language-readout-off","$v":"Readout Off"},{"$i":"decline-info","$v":"Acceptance of the Terms and Conditions is required to use this device."},{"$i":"kaios-license","$v":"KaiOS License Terms"},{"$i":"decline","$v":"Decline"},{"$i":"lyf-license","$v":"LYF License Terms"},{"$i":"pin-error","$v":"Incorrect PIN."},{"$i":"pin-retry","$v":["You have ",{"t":"idOrVar","v":"n"}," try left to enter the correct PIN before SIM card is locked."]},{"$i":"pin-label","$v":"SIM PIN"},{"$i":"enter-pin","$v":"Enter SIM PIN"},{"$i":"done","$v":"Done"},{"$i":"enter-puk","$v":"Enter PUK"},{"$i":"puk-label","$v":"PUK"},{"$i":"puk-label-left","$v":["PUK(",{"t":"idOrVar","v":"n"}," times left)"]},{"$i":"new-pin-label","$v":"New SIM PIN(4-8 digits)"},{"$i":"confirm-new-pin-label","$v":"Confirm new SIM PIN"},{"$i":"pincode-length-error","$v":"SIM PIN must 4-8 digits."},{"$i":"pin-final-locked","$v":"SIM card is locked."},{"$i":"pin-final-failed-text","$v":"Would you like to enter PUK code to unlock SIM card?"},{"$i":"sim-locked","$v":"SIM Locked"},{"$i":"new-pin-confirm-error","$v":"New SIM PIN confirmation failed."},{"$i":"puk-unlock-error","$v":["PUK unlock failed, you have ",{"t":"idOrVar","v":"n"}," try left."]}]