[{"$i":"wifi","$v":"નેટવર્ક પસંદ કરો"},{"$i":"ssid","$v":"SSID"},{"$i":"no-wifi-found","$v":"કોઈ નેટવર્ક ઉપલબ્ધ નથી"},{"$i":"wifi-searching","$v":"નેટવર્ક્સ શોધી રહ્યાં છીએ..."},{"$i":"security-open","$v":"ખોલો"},{"$i":"shortStatus-connecting","$v":"કનેક્ટ કરી રહ્યું છે..."},{"$i":"shortStatus-associated","$v":"IP એડ્રેસ મેળવી રહ્યાં છીએ ..."},{"$i":"shortStatus-authenticating","$v":"પ્રમાણિત કરી રહ્યું છે ..."},{"$i":"shortStatus-connected","$v":"કનેક્ટ થયું"},{"$i":"shortStatus-connectingfailed","$v":"કનેક્શન નિષ્ફળ"},{"$i":"shortStatus-disconnected","$v":"ઑફલાઇન"},{"$i":"securityWEP","$v":"WEP"},{"$i":"securityWPA-PSK","$v":"WPA-PSK"},{"$i":"securityWPA-EAP","$v":"WPA-EAP"},{"$i":"securityWPA2-PSK","$v":"WPA2-PSK"},{"$i":"securityWPA/WPA2-PSK","$v":"WPA/WPA2-PSK"},{"$i":"securedBy","$v":[{"t":"idOrVar","v":"capabilities"}]},{"$i":"wifi-rescan","$v":"ફરી સ્કૅન કરો"},{"$i":"wifi-join-fail","$v":[{"t":"idOrVar","v":"n"}," નેટવર્કમાં જોડાવવામાં અસમર્થ."]},{"$i":"wifi-connect-fail","$v":[{"t":"idOrVar","v":"n"}," માટે ખોટો પાસવર્ડ."]},{"$i":"wifi-ip-set-fail","$v":"IP સેટિંગ્સ નિષ્ફળ."},{"$i":"wifi-pw-length-error","$v":"પાસવર્ડની લંબાઈ 8 અક્ષરો કરતાં વધુ હોવી જોઈએ."},{"$i":"password","$v":"પાસવર્ડ"},{"$i":"showPassword","$v":"પાસવર્ડ બતાવો"},{"$i":"connect","$v":"કનેક્ટ કરો"},{"$i":"select","$v":"પસંદ કરો"},{"$i":"skip","$v":"સ્કીપ"},{"$i":"next","$v":"આગલું"},{"$i":"accept","$v":"સ્વીકાર"},{"$i":"cancel","$v":"રદ કરો"},{"$i":"ok","$v":"ઑકે"},{"$i":"hfa","$v":"HFA"},{"$i":"setup-account","$v":"KaiOS એકાઉન્ટ સેટ કરો"},{"$i":"create-account-li","$v":"એકાઉન્ટ બનાવો"},{"$i":"login-account-li","$v":"સાઇન ઇન કરો"},{"$i":"account-setup-message","$v":"KaiOS એકાઉન્ટ સાથે તમારી માહિતી સુરક્ષિત રાખો. જો તમારો ફોન ક્યારેય ખોવાઈ જાય તો તમારું KaiOS એકાઉન્ટ તમને તમારા ફોન પરનો તમામ ડેટા રિમોટ રીતે લૉક કરવાની પરવાનગી આપશે. તમે પછીથી સેટિંગ્સમાં તમારું KaiOS એકાઉન્ટ સેટ પણ કરી શકો છો."},{"$i":"sign-in-success","$v":"સાઇન ઇન સફળ રહ્યું"},{"$i":"account-welcome","$v":"સ્વાગત છે"},{"$i":"logged-in-message","$v":[{"t":"idOrVar","v":"email"}]},{"$i":"anti-theft","$v":"એન્ટિ-થેફ્ટ"},{"$i":"anti-theft-info","$v":"અમે આશા કરીએ છીએ કે તમે તમારો ફોન ક્યારેય ગુમાવશો નહીં, પરંતુ જો તમે ગુમાવો, તો તમે અમારી રિમોટ લૉક કરો અને સાફ કરો  સુવિધાઓ સાથે તમારો ડેટા સુરક્ષિત કરી શકો છો. તમે તૈયાર હો ત્યારે, તમારું KaiOS એકાઉન્ટ સેટ કરવા માટે સેટિંગ્સ તરફ જાઓ."},{"$i":"select-language","$v":"ભાષા પસંદ કરો"},{"$i":"language-current","$v":"વર્તમાન"},{"$i":"language-readout-on","$v":"રીડઆઉટ ચાલુ"},{"$i":"language-readout-off","$v":"રીડઆઉટ બંધ"},{"$i":"decline-info","$v":"આ ડિવાઇસનો ઉપયોગ કરવા માટે નિયમો અને શરતોની સ્વીકૃતિ જરૂરી છે."},{"$i":"kaios-license","$v":"KaiOS લાઇસન્સ નિયમો"},{"$i":"decline","$v":"નકારો"},{"$i":"lyf-license","$v":"LYF લાઈસન્સની શરતો"},{"$i":"pin-error","$v":"ખોટો પિન."},{"$i":"pin-retry","$v":["સિમ કાર્ડ લૉક થાય તે પહેલા તમારી પાસે સાચો પિન દાખલ કરવાનો ",{"t":"idOrVar","v":"n"}," પ્રયાસ બાકી છે."]},{"$i":"pin-label","$v":"સિમ પિન:"},{"$i":"enter-pin","$v":"સિમ પિન દાખલ કરો"},{"$i":"done","$v":"થઈ ગયું"},{"$i":"enter-puk","$v":"PUK દાખલ કરો"},{"$i":"puk-label","$v":"PUK"},{"$i":"puk-label-left","$v":["PUK(",{"t":"idOrVar","v":"n"}," વખત બાકી)"]},{"$i":"new-pin-label","$v":"નવો સિમ પિન(4-8 અંકો)"},{"$i":"confirm-new-pin-label","$v":"નવા સિમ પિનની પુષ્ટિ કરો"},{"$i":"pincode-length-error","$v":"સિમ પિન 4-8 અંકોનો હોવો જોઈએ."},{"$i":"pin-final-locked","$v":"સિમ કાર્ડ લૉક કરેલ છે."},{"$i":"pin-final-failed-text","$v":"શું તમે સિમ કાર્ડ અનલૉક કરવા માટે PUK કોડ દાખલ કરવા માંગો છો?"},{"$i":"sim-locked","$v":"સિમ લૉક કરેલ છે"},{"$i":"new-pin-confirm-error","$v":"નવા સિમ પિન ની પુષ્ટિ નિષ્ફળ."},{"$i":"puk-unlock-error","$v":["PUK અનલૉક નિષ્ફળ, તમારી પાસે ",{"t":"idOrVar","v":"n"}," પ્રયાસ બાકી."]}]