[{"$i":"wifi","$v":"नेटवर्क चुनें"},{"$i":"ssid","$v":"SSID"},{"$i":"no-wifi-found","$v":"कोई नेटवर्क उपलब्ध नहीं हैं"},{"$i":"wifi-searching","$v":"नेटवर्क खोजे जा रहे हैं..."},{"$i":"security-open","$v":"खोलें"},{"$i":"shortStatus-connecting","$v":"कनेक्ट हो रहा हैं..."},{"$i":"shortStatus-associated","$v":"IP एड्रेस प्राप्त किया जा रहा हैं..."},{"$i":"shortStatus-authenticating","$v":"प्रमाणित हो रहा हैं ..."},{"$i":"shortStatus-connected","$v":"कनेक्ट हुआ"},{"$i":"shortStatus-connectingfailed","$v":"कनेक्शन विफल रहा"},{"$i":"shortStatus-disconnected","$v":"ऑफ़लाइन"},{"$i":"securityWEP","$v":"WEP"},{"$i":"securityWPA-PSK","$v":"WPA-PSK"},{"$i":"securityWPA-EAP","$v":"WPA-EAP"},{"$i":"securityWPA2-PSK","$v":"WPA2-PSK"},{"$i":"securityWPA/WPA2-PSK","$v":"WPA/WPA2-PSK"},{"$i":"securedBy","$v":[{"t":"idOrVar","v":"capabilities"}]},{"$i":"wifi-rescan","$v":"पुनः स्कैन करें"},{"$i":"wifi-join-fail","$v":[{"t":"idOrVar","v":"n"}," नेटवर्क में शामिल होने में असमर्थ।"]},{"$i":"wifi-connect-fail","$v":[{"t":"idOrVar","v":"n"}," के लिए पासवर्ड गलत हैं।"]},{"$i":"wifi-ip-set-fail","$v":"IP ​​सेटिंगस विफल रही।"},{"$i":"wifi-pw-length-error","$v":"पासवर्ड 8 अक्षरों से अधिक होना चाहिए"},{"$i":"password","$v":"पासवर्ड"},{"$i":"showPassword","$v":"पासवर्ड दिखाएं"},{"$i":"connect","$v":"कनेक्ट करें"},{"$i":"select","$v":"चुनिए"},{"$i":"skip","$v":"स्किप"},{"$i":"next","$v":"अगला"},{"$i":"accept","$v":"स्वीकार"},{"$i":"cancel","$v":"रद्द करना"},{"$i":"ok","$v":"ठीक हैं"},{"$i":"hfa","$v":"HFA"},{"$i":"setup-account","$v":"KaiOS अकाउंट सेट करें"},{"$i":"create-account-li","$v":"अकाउंट बनाएँ"},{"$i":"login-account-li","$v":"साइन इन"},{"$i":"account-setup-message","$v":"KaiOS अकाउंट के साथ अपनी जानकारी सुरक्षित रखें। यदि आपका फ़ोन कभी खो जाता हैं, तो आपका KaiOS अकाउंट आपके अपने फ़ोन पर सभी डेटा को रिमोटली लॉक करने या हटाने की सुविधा देगा। आप बाद में सेटिंग्स पर जाकरKaiOS अकाउंट को सेट कर सकते हैं।"},{"$i":"sign-in-success","$v":"साइन इन सफल रहा"},{"$i":"account-welcome","$v":"स्वागत हैं"},{"$i":"logged-in-message","$v":[{"t":"idOrVar","v":"email"}]},{"$i":"anti-theft","$v":"एंटी-थेफ्ट"},{"$i":"anti-theft-info","$v":"हम आशा करते हैं कि आप कभी भी अपना फ़ोन नहीं गुमायेंगे, लेकिन यदि ऐसा होता हैं, तो आप अपने डेटा को हमारे रिमोट लॉक और वाइप सुविधा से सुरक्षित रख सकते हैं।जब आप तैयार हों, तो अपने KaiOS अकाउंट को सेट करने के लिए सेटिंग्स पर जाएँ।"},{"$i":"select-language","$v":"भाषा चुनें"},{"$i":"language-current","$v":"वर्तमान में"},{"$i":"language-readout-on","$v":"रीडआउट ऑन"},{"$i":"language-readout-off","$v":"रीडआउट ऑफ"},{"$i":"decline-info","$v":"इस डिवाइस का उपयोग करने के लिए नियमों और शर्तों को स्वीकार करना आवश्यक हैं।"},{"$i":"kaios-license","$v":"KaiOS लाइसेंस की शर्तें"},{"$i":"decline","$v":"अस्वीकार"},{"$i":"lyf-license","$v":"LYF लाइसेंस की शर्तें"},{"$i":"pin-error","$v":"गलत पिन।"},{"$i":"pin-retry","$v":["सिम कार्ड लॉक होने से पहले सही पिन दर्ज करने के लिए आपके पास ",{"t":"idOrVar","v":"n"}," प्रयास शेष हैं।"]},{"$i":"pin-label","$v":"सिम पिन"},{"$i":"enter-pin","$v":"सिम पिन दर्ज करें"},{"$i":"done","$v":"हो गया"},{"$i":"enter-puk","$v":"PUK दर्ज करें"},{"$i":"puk-label","$v":"PUK"},{"$i":"puk-label-left","$v":["PUK(",{"t":"idOrVar","v":"n"}," बार शेष हैं)"]},{"$i":"new-pin-label","$v":"नया सिम पिन (4-8 अंक)"},{"$i":"confirm-new-pin-label","$v":"नए सिम पिन की पुष्टि करें"},{"$i":"pincode-length-error","$v":"सिम पिन 4-8 अंको का होना चाहिए।"},{"$i":"pin-final-locked","$v":"सिम कार्ड लॉक हैं।"},{"$i":"pin-final-failed-text","$v":"क्या आप सिम कार्ड अनलॉक करने के लिए PUK कोड दर्ज करना चाहते हैं?"},{"$i":"sim-locked","$v":"सिम लॉक हैं"},{"$i":"new-pin-confirm-error","$v":"नए सिम पिन की पुष्टि विफल रही।"},{"$i":"puk-unlock-error","$v":["PUK अनलॉक विफल रहा, आपके पास ",{"t":"idOrVar","v":"n"}," प्रयास शेष हैं।"]}]