[{"$i":"wifi","$v":"ಒಂದು ನೆಟ್‌ವರ್ಕ್‌ ಆಯ್ಕೆ ಮಾಡಿ"},{"$i":"ssid","$v":"SSID"},{"$i":"no-wifi-found","$v":"ಯಾವುದೇ ನೆಟ್‌ವರ್ಕ್‌ ಲಭ್ಯವಿಲ್ಲ"},{"$i":"wifi-searching","$v":"ನೆಟ್‌ವರ್ಕ್‌ಗಳನ್ನು ಹುಡುಕಲಾಗುತ್ತಿದೆ.."},{"$i":"security-open","$v":"ತೆರೆಯಿರಿ"},{"$i":"shortStatus-connecting","$v":"ಕನೆಕ್ಟ್ ಆಗುತ್ತಿದೆ"},{"$i":"shortStatus-associated","$v":"IP ವಿಳಾಸವನ್ನು ಪಡೆಯಲಾಗುತ್ತಿದೆ..."},{"$i":"shortStatus-authenticating","$v":"ಧೃಢೀಕರಿಸಲಾಗುತ್ತಿದೆ..."},{"$i":"shortStatus-connected","$v":"ಕನೆಕ್ಟ್ ಆಗಿದೆ"},{"$i":"shortStatus-connectingfailed","$v":"ಕನೆಕ್ಷನ್ ವಿಫಲವಾಗಿದೆ"},{"$i":"shortStatus-disconnected","$v":"ಆಫ್‌ಲೈನ್"},{"$i":"securityWEP","$v":"WEP"},{"$i":"securityWPA-PSK","$v":"WPA-PSK"},{"$i":"securityWPA-EAP","$v":"WPA-EAP"},{"$i":"securityWPA2-PSK","$v":"WPA2-PSK"},{"$i":"securityWPA/WPA2-PSK","$v":"WPA/WPA2-PSK"},{"$i":"securedBy","$v":[{"t":"idOrVar","v":"capabilities"}]},{"$i":"wifi-rescan","$v":"ಪುನಃ ಸ್ಕ್ಯಾನ್ ಮಾಡಿ"},{"$i":"wifi-join-fail","$v":["ನೆಟ್‌ವರ್ಕ್‌ ಸೇರಲು ಅಸಾಧ್ಯ ",{"t":"idOrVar","v":"n"},"."]},{"$i":"wifi-connect-fail","$v":[{"t":"idOrVar","v":"n"}," ಗಾಗಿ ತಪ್ಪಾದ ಪಾಸ್‌ವರ್ಡ್‌."]},{"$i":"wifi-ip-set-fail","$v":"IP ಸೆಟ್ಟಿಂಗ್‌ಗಳು ವಿಫಲವಾಗಿವೆ."},{"$i":"wifi-pw-length-error","$v":"ಪಾಸ್‌ವರ್ಡ್‌ ಉದ್ದವು 8 ಅಂಕಿಗಳಿಗಿಂತ ಹೆಚ್ಚಿರಬೇಕು."},{"$i":"password","$v":"ಪಾಸ್‌ವರ್ಡ್"},{"$i":"showPassword","$v":"ಪಾಸ್‌ವರ್ಡ್‌ ತೋರಿಸಿ"},{"$i":"connect","$v":"ಕನೆಕ್ಟ್ ಮಾಡಿ"},{"$i":"select","$v":"ಆಯ್ಕೆ ಮಾಡಿ"},{"$i":"skip","$v":"ಸ್ಕಿಪ್‌ ಮಾಡಿ"},{"$i":"next","$v":"ಮುಂದಿನದು"},{"$i":"accept","$v":"ಸ್ವೀಕರಿಸಿ"},{"$i":"cancel","$v":"ರದ್ದು ಮಾಡಿ"},{"$i":"ok","$v":"ಸರಿ"},{"$i":"hfa","$v":"HFA"},{"$i":"setup-account","$v":"KaiOS ಅಕೌಂಟ್ ಹೊಂದಿಸಿ"},{"$i":"create-account-li","$v":"ಅಕೌಂಟ್ ರಚಿಸಿ"},{"$i":"login-account-li","$v":"ಸೈನ್ ಇನ್ ಮಾಡಿ"},{"$i":"account-setup-message","$v":"KaiOS ಅಕೌಂಟ್‌ಗಳೊಂದಿಗೆ ನಿಮ್ಮ ಮಾಹಿತಿಯನ್ನು ಸುರಕ್ಷಿತವಾಗಿರಿಸಿಕೊಳ್ಳಿ. ನೀವು ಯಾವತ್ತಾದರೂ ನಿಮ್ಮ ಫೋನ್ ಕಳೆದುಕೊಂಡಲ್ಲಿ ನಿಮ್ಮ KaiOS ಅಕೌಂಟ್ ನಿಮ್ಮ ಫೋನ್‌ನಲ್ಲಿರುವ ಎಲ್ಲಾ ಡೇಟಾ ರಿಮೋಟ್ ಆಗಿ ಲಾಕ್ ಮಾಡಲು ಅನುಮತಿಸುತ್ತದೆ. ನೀವು ನಂತರ ಸೆಟ್ಟಿಂಗ್‌ಗಳಲ್ಲೂ ನಿಮ್ಮ KaiOS ಅಕೌಂಟ್ ಹೊಂದಿಸಬಹುದು."},{"$i":"sign-in-success","$v":"ಯಶಸ್ವಿಯಾಗಿ ಸೈನ್ ಇನ್ ಆಗಿದೆ"},{"$i":"account-welcome","$v":"ಸುಸ್ವಾಗತ"},{"$i":"logged-in-message","$v":[{"t":"idOrVar","v":"email"}]},{"$i":"anti-theft","$v":"ಆಂಟಿ-ಥೆಫ್ಟ್"},{"$i":"anti-theft-info","$v":"ನೀವು ಎಂದೂ ನಿಮ್ಮ ಫೋನ್‌ ಕಳೆದುಕೊಳ್ಳಬಾರದು ಎಂದು ಬಯಸುತ್ತೇವೆ, ಆದರೆ ನೀವು ಕಳೆದುಕೊಂಡರೆ ನಮ್ಮ ರಿಮೋಟ್ ಲಾಕ್ ಮತ್ತು ವೈಪ್ ವೈಶಿಷ್ಟ್ಯಗಳಿಂದ ನಿಮ್ಮ ಡೇಟಾವನ್ನು ನೀವು ರಕ್ಷಿಸಬಹುದಾಗಿದೆ. ನೀವು ತಯಾರಾದಾಗ, ನಿಮ್ಮ KaiOS ಖಾತೆಯನ್ನು ಸೆಟ್ ಅಪ್ ಮಾಡಲು ಸೆಟ್ಟಿಂಗ್ಸ್‌ಗೆ ತೆರಳಿ."},{"$i":"select-language","$v":"ಭಾಷೆ ಆಯ್ಕೆ ಮಾಡಿ"},{"$i":"language-current","$v":"ಪ್ರಸ್ತುತದಲ್ಲಿ"},{"$i":"language-readout-on","$v":"ರೀಡ್‌ಔಟ್ ಆನ್"},{"$i":"language-readout-off","$v":"ರೀಡ್‌ಔಟ್ ಆಫ್‌"},{"$i":"decline-info","$v":"ಈ ಡಿವೈಸ್ ಬಳಸಲು ನಿಯಮಗಳು ಮತ್ತು ಷರತ್ತುಗಳಿಗೆ ಒಪ್ಪಿಕೊಳ್ಳಬೇಕು."},{"$i":"kaios-license","$v":"KaiOS ಪರವಾನಗಿ ನಿಯಮಗಳು"},{"$i":"decline","$v":"ನಿರಾಕರಿಸಿ"},{"$i":"lyf-license","$v":"LYF ಲೈಸನ್ಸ್ ನಿಯಮಗಳು"},{"$i":"pin-error","$v":"ತಪ್ಪಾದ ಪಿನ್."},{"$i":"pin-retry","$v":["ಸಿಮ್ ಕಾರ್ಡ್‌ ಲಾಕ್ ಆಗುವ ಮುನ್ನ ಸರಿಯಾದ ಪಿನ್ ನಮೂದಿಸಲು ",{"t":"idOrVar","v":"n"}," ಪ್ರಯತ್ನಿಸಿ"]},{"$i":"pin-label","$v":"ಸಿಮ್‌ ಪಿನ್‌"},{"$i":"enter-pin","$v":"ಸಿಮ್ ಪಿನ್ ನಮೂದಿಸಿ"},{"$i":"done","$v":"ಮುಗಿದಿದೆ"},{"$i":"enter-puk","$v":"PUK ನಮೂದಿಸಿ"},{"$i":"puk-label","$v":"PUK"},{"$i":"puk-label-left","$v":["PUK (",{"t":"idOrVar","v":"n"}," ಪ್ರಯತ್ನ ಬಾಕಿ ಇದೆ)"]},{"$i":"new-pin-label","$v":"ಹೊಸ ಸಿಮ್ ಪಿನ್(4-8 ಅಂಕಿಗಳು)"},{"$i":"confirm-new-pin-label","$v":"ಹೊಸ ಸಿಮ್ ಪಿನ್ ದೃಢೀಕರಿಸಿ"},{"$i":"pincode-length-error","$v":"ಸಿಮ್ ಪಿನ್‌ 4-8 ಅಂಕಿಗಳಾಗಿರಬೇಕು."},{"$i":"pin-final-locked","$v":"ಸಿಮ್ ಕಾರ್ಡ್ ಲಾಕ್ ಆಗಿದೆ."},{"$i":"pin-final-failed-text","$v":"ಸಿಮ್ ಕಾರ್ಡ್‌ ಅನ್‌ಲಾಕ್ ಮಾಡಲು PUK ಕೋಡ್‌ ನಮೂದಿಸಲು ಬಯಸುವಿರಾ?"},{"$i":"sim-locked","$v":"ಸಿಮ್ ಲಾಕ್ ಆಗಿದೆ"},{"$i":"new-pin-confirm-error","$v":"ಹೊಸ ಸಿಮ್ ಪಿನ್ ದೃಢೀಕರಣ ವಿಫಲವಾಗಿದೆ."},{"$i":"puk-unlock-error","$v":["PUK ಅನ್‌ಲಾಕ್ ವಿಫಲವಾಗಿದೆ, ನಿಮ್ಮ ಬಳಿ ",{"t":"idOrVar","v":"n"}," ಪ್ರಯತ್ನ ಬಾಕಿ ಇದೆ."]}]