[{"$i":"wifi","$v":"नॅटवर्क वेंच्चो"},{"$i":"ssid","$v":"SSID"},{"$i":"no-wifi-found","$v":"नॅटवर्क उपलब्ध नात"},{"$i":"wifi-searching","$v":"नॅटवर्क सोदता..."},{"$i":"security-open","$v":"उकतें"},{"$i":"shortStatus-connecting","$v":"कनॅक्ट करता..."},{"$i":"shortStatus-associated","$v":"IP नामो मेळयता..."},{"$i":"shortStatus-authenticating","$v":"प्रमाणित करता..."},{"$i":"shortStatus-connected","$v":"कनॅक्ट केलें"},{"$i":"shortStatus-connectingfailed","$v":"कनॅक्शनाक अपेस आयलें"},{"$i":"shortStatus-disconnected","$v":"ऑफलायन"},{"$i":"securityWEP","$v":"WEP"},{"$i":"securityWPA-PSK","$v":"WPA-PSK"},{"$i":"securityWPA-EAP","$v":"WPA-EAP"},{"$i":"securityWPA2-PSK","$v":"WPA2-PSK"},{"$i":"securityWPA/WPA2-PSK","$v":"WPA/WPA2-PSK"},{"$i":"securedBy","$v":[{"t":"idOrVar","v":"capabilities"}]},{"$i":"wifi-rescan","$v":"परत स्कॅन करचें"},{"$i":"wifi-join-fail","$v":["नॅटवर्क ",{"t":"idOrVar","v":"n"}," संयोग करूंक असमर्थ"]},{"$i":"wifi-connect-fail","$v":[{"t":"idOrVar","v":"n"}," खातीर पासवर्ड चुकीचो आसा"]},{"$i":"wifi-ip-set-fail","$v":"IP मांडावळींक अपेस."},{"$i":"wifi-pw-length-error","$v":"पासवर्डाची लांबाय 8 वर्णां परस चड आसा"},{"$i":"password","$v":"पासवर्ड"},{"$i":"showPassword","$v":"पासवर्ड दाखोवचो"},{"$i":"connect","$v":"जोड"},{"$i":"select","$v":"वेंच्चें"},{"$i":"skip","$v":"फुडें चलात"},{"$i":"next","$v":"उपरांत"},{"$i":"accept","$v":"स्वीकारप"},{"$i":"cancel","$v":"रद्द करचें"},{"$i":"ok","$v":"बरें आसा"},{"$i":"hfa","$v":"HFA"},{"$i":"setup-account","$v":"KaiOS खातें स्थापन करचें"},{"$i":"create-account-li","$v":"खातें निर्माण करचें"},{"$i":"login-account-li","$v":"सायन इन करचें"},{"$i":"account-setup-message","$v":"KaiOS खात्या वांगडा तुमची म्हायती सुरक्षीत दवरता. तुमी तुमचो फोन चुकून घाळ केलो जाल्यार KaiOS खातें तुमकां पयसुल्ल्यान तुमचो फोन लॉक करूंक वा ताचे वयलो सगळो डेटा पुसूंक मान्यताय दिता. तुमी मागीर मांडावळीनीं तुमचें KaiOS खातें सुध्दां स्थापन करूंक शकतात"},{"$i":"sign-in-success","$v":"सायन इन येसस्वी"},{"$i":"account-welcome","$v":"येवकार"},{"$i":"logged-in-message","$v":[{"t":"idOrVar","v":"email"}]},{"$i":"anti-theft","$v":"एँटी-थॅफ्ट"},{"$i":"anti-theft-info","$v":"तुमी तुमचो फोन केन्नाच शेणोवचे नात अशी आस्त बाळगिता, पूण तशें घडत जाल्यार, रिमोट लॉक आनी वायप खाशेलपणां वरवीं तुमी तुमचो डेटा राखूंक शकतात. तुमचें जातकीच, तुमचें KaiOS खातें स्थापन करूंक मांडावळींत वचचें"},{"$i":"select-language","$v":"भास वेंच्ची"},{"$i":"language-current","$v":"चालंत"},{"$i":"language-readout-on","$v":"वाचन चालू"},{"$i":"language-readout-off","$v":"वाचन बंद"},{"$i":"decline-info","$v":"ह्या डिव्हायसाचो वापर करूंक अटी आनी शर्तींचो स्विकार करूंक जाय"},{"$i":"kaios-license","$v":"KaiOS परवान्याच्यो अटी"},{"$i":"decline","$v":"न्हयकारप"},{"$i":"lyf-license","$v":"LYF परवान्याच्यो अटी"},{"$i":"pin-error","$v":"PIN चुकीचो आसा."},{"$i":"pin-retry","$v":["SIM कार्ड लॉक जावच्या आदीं अचूक PIN नोंद करूंक तुमचे ",{"t":"idOrVar","v":"n"}," यत्न उरल्यात"]},{"$i":"pin-label","$v":"SIM PIN"},{"$i":"enter-pin","$v":"SIM PIN घाल"},{"$i":"done","$v":"केलें"},{"$i":"enter-puk","$v":"PUK घाल"},{"$i":"puk-label","$v":"PUK"},{"$i":"puk-label-left","$v":["PUK (",{"t":"idOrVar","v":"n"}," वेळां उरल्यात)"]},{"$i":"new-pin-label","$v":"नवो SIM PIN (4-8 अंकी)"},{"$i":"confirm-new-pin-label","$v":"नव्या SIM PIN ची खात्री करची"},{"$i":"pincode-length-error","$v":"SIM PIN 4-8 अंकी आसूंक फावो"},{"$i":"pin-final-locked","$v":"SIM कार्डाक कुलूप घाला."},{"$i":"pin-final-failed-text","$v":"तुमकां SIM कार्ड अनलॉक करूंक  PUK कोड नोंद करचो आसा"},{"$i":"sim-locked","$v":"SIM लॉक केलें"},{"$i":"new-pin-confirm-error","$v":"नव्या SIM PIN खात्रेक अपेस"},{"$i":"puk-unlock-error","$v":["PUK उगडूंक अपेस, तुमचे कडेन ",{"t":"idOrVar","v":"n"}," परत यत्न उरल्यात"]}]