[{"$i":"wifi","$v":"چُنیو اکھ نیٹورک"},{"$i":"ssid","$v":"SSID"},{"$i":"no-wifi-found","$v":"کاہ دستیاب نیٹورک نِہ"},{"$i":"wifi-searching","$v":"ژھاران نیٹورکس۔۔۔"},{"$i":"security-open","$v":"کھول"},{"$i":"shortStatus-connecting","$v":"جوڑان۔ ۔ ۔"},{"$i":"shortStatus-associated","$v":"ایڈریس حٲصل کران۔۔۔ IP"},{"$i":"shortStatus-authenticating","$v":"تصدیق کران۔۔۔"},{"$i":"shortStatus-connected","$v":"جوڑیتھ"},{"$i":"shortStatus-connectingfailed","$v":"کنکشن ناکٲمی"},{"$i":"shortStatus-disconnected","$v":"آفلائن"},{"$i":"securityWEP","$v":"WEP"},{"$i":"securityWPA-PSK","$v":"WPA-PSK"},{"$i":"securityWPA-EAP","$v":"WPA-EAP"},{"$i":"securityWPA2-PSK","$v":"WPA2-PSK"},{"$i":"securityWPA/WPA2-PSK","$v":"WPA/WPA2-PSK"},{"$i":"securedBy","$v":[{"t":"idOrVar","v":"capabilities"}]},{"$i":"wifi-rescan","$v":"ری سکین"},{"$i":"wifi-join-fail","$v":[{"t":"idOrVar","v":"n"}," ناکام نیٹورکس سیتھ شٲمل گژھنس"]},{"$i":"wifi-connect-fail","$v":["خٲطر ",{"t":"idOrVar","v":"n"}," غیر درست شناختی لفظ"]},{"$i":"wifi-ip-set-fail","$v":"سیٹنگس گَے ناکام۔ IP"},{"$i":"wifi-pw-length-error","$v":"کیریکٹر خوت زیادِ 8 شناختی لفظ لمبٲئی گژھ آسُن"},{"$i":"password","$v":"شناختی لفظ"},{"$i":"showPassword","$v":"ھاو شناختی لفظ"},{"$i":"connect","$v":"جوڑ"},{"$i":"select","$v":"چُنیو"},{"$i":"skip","$v":"یلِہ تراو"},{"$i":"next","$v":"برونٹھ"},{"$i":"accept","$v":"قبول"},{"$i":"cancel","$v":"رد کر"},{"$i":"ok","$v":"ٹھیک"},{"$i":"hfa","$v":"HFA"},{"$i":"setup-account","$v":"خاتہ Kaiاو ایس تھاوان"},{"$i":"create-account-li","$v":"بناو خاتہ"},{"$i":"login-account-li","$v":"سائن اِن"},{"$i":"account-setup-message","$v":"خاتہ خٲطر۔ Kaiاو ایس تھٲیو تہِنز معلومات بچٲویتھ خاتہ دی توہ اختیار لاک یا وائپ کرنس کرنس تمام Kaiاو ایس اگر توہ زاہ راے تُہند فون تُہندڈیٹا تہندیس فونس پیٹھ۔ خاتہ سیٹ اپ کریتھ سیٹنگس منز Kaiاو ایس توہ ھیکو بیِہ تُہند"},{"$i":"sign-in-success","$v":"سائن ان سپُد کامیاب"},{"$i":"account-welcome","$v":"خوش آمدید"},{"$i":"logged-in-message","$v":[{"t":"idOrVar","v":"email"}]},{"$i":"anti-theft","$v":"اینٹی۔تھیفٹ"},{"$i":"anti-theft-info","$v":"ٲیس چھِ امید تھاوان توہ راے نِہ پنُن فون، مگر اگر توہ راے، توہ ھیکو پنُن ڈیٹا بچٲویتھ سانِ ریموٹ لاک تِہ وائس خصوصیت سیتھ۔ خاتہ سیٹ اپ کرنِہ خٲطر Kaiاو ایس یلِہ توہ تیار ٲسیو، گژھیو سیٹنگس منز تُہند"},{"$i":"select-language","$v":"چُنیو زبان"},{"$i":"language-current","$v":"حالیہ"},{"$i":"language-readout-on","$v":"ریڈ آوٹ آن"},{"$i":"language-readout-off","$v":"ریڈ آوٹ آف"},{"$i":"decline-info","$v":"یِہ ڈِوائس استعمال کرنِہ خٲطر چھِ ضورتھ حد تِہ حالت قبول کرن"},{"$i":"kaios-license","$v":"لاسن حد Kaiاو ایس"},{"$i":"decline","$v":"انکار"},{"$i":"lyf-license","$v":"لاسن ضوٲبط LYF"},{"$i":"pin-error","$v":"غیر درست PIN۔"},{"$i":"pin-retry","$v":["کاڈ لاک سپدن برونٹھ سِم دٲخل کرنس پِن کوشش بٲقی درست ",{"t":"idOrVar","v":"n"}," توہ چھِ"]},{"$i":"pin-label","$v":"SIM PIN"},{"$i":"enter-pin","$v":"دِیو SIM PIN"},{"$i":"done","$v":"مکمل"},{"$i":"enter-puk","$v":"۔PUK دِیوٗ"},{"$i":"puk-label","$v":"PUK"},{"$i":"puk-label-left","$v":["﴾لٹِہ بٲقی ",{"t":"idOrVar","v":"n"},"﴿ پی یو کے"]},{"$i":"new-pin-label","$v":"(عدد 4-8) پِن سِم نو"},{"$i":"confirm-new-pin-label","$v":"پِن سِم تصدیق کریو نو"},{"$i":"pincode-length-error","$v":"عدد 8۔4 گژھ آسُن پِن سِم"},{"$i":"pin-final-locked","$v":"۔SIM کاڈ چھِ مقفل۔"},{"$i":"pin-final-failed-text","$v":"کاڈ ان لاک کرنِہ خٲطر SIM کوڈ دٲخل کرُن PUK توہ کروا پسند"},{"$i":"sim-locked","$v":"چھِ لاک سِم"},{"$i":"new-pin-confirm-error","$v":"تصدیق سپُد ناکام پِن سِم نو"},{"$i":"puk-unlock-error","$v":["کوشش بٲقی ",{"t":"idOrVar","v":"n"}," ان لاک سپُد ناکام، توہ چھِ پی یو کے"]}]