[{"$i":"wifi","$v":"नेटवर्क चयनित करू"},{"$i":"ssid","$v":"SSID"},{"$i":"no-wifi-found","$v":"कोनो मौजूदा नेटवर्क नै"},{"$i":"wifi-searching","$v":"नेटवर्क खोजल जा रहल छै"},{"$i":"security-open","$v":"खोलू"},{"$i":"shortStatus-connecting","$v":"कनेक्ट भ रहल अछि"},{"$i":"shortStatus-associated","$v":"आइपी एड्रेस प्राप्त क रहल छी"},{"$i":"shortStatus-authenticating","$v":"ऑथेंटिकेशन भ रहल छै"},{"$i":"shortStatus-connected","$v":"जुडल अछि"},{"$i":"shortStatus-connectingfailed","$v":"कनेक्‍शन विफल भ गेल"},{"$i":"shortStatus-disconnected","$v":"ऑफलाइन"},{"$i":"securityWEP","$v":"WEP"},{"$i":"securityWPA-PSK","$v":"WPA-PSK"},{"$i":"securityWPA-EAP","$v":"WPA-EAP"},{"$i":"securityWPA2-PSK","$v":"WPA2-PSK"},{"$i":"securityWPA/WPA2-PSK","$v":"WPA/WPA2-PSK"},{"$i":"securedBy","$v":[{"t":"idOrVar","v":"capabilities"}]},{"$i":"wifi-rescan","$v":"रीस्कैन"},{"$i":"wifi-join-fail","$v":["नेटवर्क ",{"t":"idOrVar","v":"n"}," ज्वाइन नै भ सकल."]},{"$i":"wifi-connect-fail","$v":[{"t":"idOrVar","v":"n"}," लेल गलत पासवर्ड."]},{"$i":"wifi-ip-set-fail","$v":"IP सेटिंग्स विफल."},{"$i":"wifi-pw-length-error","$v":"पासवर्ड क लम्बाई 8 करैक्टर से बेसी हेब्बाक चाही"},{"$i":"password","$v":"पासवर्ड"},{"$i":"showPassword","$v":"पासवर्ड देखाउ"},{"$i":"connect","$v":"कनेक्‍ट"},{"$i":"select","$v":"सलेक्‍ट करू"},{"$i":"skip","$v":"स्‍कीप"},{"$i":"next","$v":"आगू"},{"$i":"accept","$v":"स्वीकार करू"},{"$i":"cancel","$v":"रद्द करू"},{"$i":"ok","$v":"ओके"},{"$i":"hfa","$v":"HFA"},{"$i":"setup-account","$v":"KaiOS अकाउंट सेट भ रहल छै"},{"$i":"create-account-li","$v":"अकाउंट क्रियेट करू"},{"$i":"login-account-li","$v":"साइन इन"},{"$i":"account-setup-message","$v":"KaiOS अकाउंट सने अप्पन जानकारी सुरक्षित राखु. कखनो फ़ोन हरा जैई से KaiOS अकाउंट आहां क रिमोटली लॉक करइ में और डाटा साफ़ करइ में सहायता करइ छै. आहां बाद में सेटिंग्स में जा क KaiOS अकाउंट बना सकै छी."},{"$i":"sign-in-success","$v":"साइन इन सफल"},{"$i":"account-welcome","$v":"स्वागत"},{"$i":"logged-in-message","$v":[{"t":"idOrVar","v":"email"}]},{"$i":"anti-theft","$v":"एंटी-थेफ़्ट"},{"$i":"anti-theft-info","$v":"हम आशा करए छी जे अहॉंक फोन कहियो नहि हेरायत, मुदा एहेन होएत अछि त अहॉं अप्पन डेटा रिमोट लॉक और वाइप फीचर से सुरक्षित क सकै छी. तैयार होए पर , KaiOS बन्बेइ लेल सेटिंग्स मे जाऊ."},{"$i":"select-language","$v":"भाषा चयनित करू"},{"$i":"language-current","$v":"करंट"},{"$i":"language-readout-on","$v":"रीडआउट ऑन"},{"$i":"language-readout-off","$v":"रीडआउट ऑफ"},{"$i":"decline-info","$v":"इ डिवाइस क इस्‍तेमाल करअ लेल नियम आ शर्त माननाइ ज़रूरी अछि."},{"$i":"kaios-license","$v":"KaiOS लाइसेंस टर्म्स"},{"$i":"decline","$v":"अस्‍वीकार"},{"$i":"lyf-license","$v":"LYF लाइसेंस टर्म्स"},{"$i":"pin-error","$v":"गलत पिन."},{"$i":"pin-retry","$v":["आहां लग सही कोड देई लेल ",{"t":"idOrVar","v":"n"}," प्रयास बाकी अइछ."]},{"$i":"pin-label","$v":"सिम पिन"},{"$i":"enter-pin","$v":"सिम के पिन Enter करू"},{"$i":"done","$v":"भ गेल"},{"$i":"enter-puk","$v":"PUK भरू"},{"$i":"puk-label","$v":"PUK"},{"$i":"puk-label-left","$v":["PUK (",{"t":"idOrVar","v":"n"},"बेर बाकी अइछ)"]},{"$i":"new-pin-label","$v":"नया पिन (4-8 अंक)"},{"$i":"confirm-new-pin-label","$v":"नया सिम पिन कन्फर्म करू"},{"$i":"pincode-length-error","$v":"सिम पिन कम से कम 4-8 अंक क हेब्बाक चाही"},{"$i":"pin-final-locked","$v":"सिम कार्ड लॉक अछि."},{"$i":"pin-final-failed-text","$v":"सिम कार्ड अनलॉक करेई लेल आहन PUK कोड देबबअ चाह्बई"},{"$i":"sim-locked","$v":"सिम लॉक्ड"},{"$i":"new-pin-confirm-error","$v":"नया सिम पिन कन्फर्म विफल"},{"$i":"puk-unlock-error","$v":["PUK अनब्लॉक विफल, आहां लग ",{"t":"idOrVar","v":"n"}," प्रयास बाकी अइछ."]}]