[{"$i":"wifi","$v":"ഒരു നെറ്റ്‌വർക്ക് തിരഞ്ഞെടുക്കുക"},{"$i":"ssid","$v":"SSID"},{"$i":"no-wifi-found","$v":"ലഭ്യമായ നെറ്റ്‌വർക്കുകളില്ല"},{"$i":"wifi-searching","$v":"നെറ്റ്‌വർക്കുകൾ തിരയുന്നു..."},{"$i":"security-open","$v":"തുറക്കുക"},{"$i":"shortStatus-connecting","$v":"കണക്‌റ്റുചെയ്യുന്നു..."},{"$i":"shortStatus-associated","$v":"ഒരു IP അഡ്രസ്‌  നേടുന്നു..."},{"$i":"shortStatus-authenticating","$v":"പ്രാമാണീകരിക്കുന്നു..."},{"$i":"shortStatus-connected","$v":"കണക്റ്റുചെയ്‌തു"},{"$i":"shortStatus-connectingfailed","$v":"കണക്ഷൻ പരാജയപ്പെട്ടു"},{"$i":"shortStatus-disconnected","$v":"ഓഫ്‌ലൈൻ"},{"$i":"securityWEP","$v":"WEP"},{"$i":"securityWPA-PSK","$v":"WPA-PSK"},{"$i":"securityWPA-EAP","$v":"WPA-EAP"},{"$i":"securityWPA2-PSK","$v":"WPA2-PSK"},{"$i":"securityWPA/WPA2-PSK","$v":"WPA / WPA2-PSK"},{"$i":"securedBy","$v":[{"t":"idOrVar","v":"capabilities"}]},{"$i":"wifi-rescan","$v":"റീസ്കാൻ"},{"$i":"wifi-join-fail","$v":["നെറ്റ്‌വർക്കിൽ ചേരാനാവുന്നില്ല ",{"t":"idOrVar","v":"n"},"."]},{"$i":"wifi-connect-fail","$v":[{"t":"idOrVar","v":"n"}," പാസ്‌വേഡ് തെറ്റാണ്."]},{"$i":"wifi-ip-set-fail","$v":"IP സെറ്റിംഗ്സ്  പരാജയപ്പെട്ടു."},{"$i":"wifi-pw-length-error","$v":"പാസ്‌വേഡ് ദൈർഘ്യം 8 പ്രതീകങ്ങളിൽ കൂടുതൽ ഉണ്ടായിരിക്കണം."},{"$i":"password","$v":"പാസ്‌വേഡ്"},{"$i":"showPassword","$v":"പാസ്‌വേഡ് കാണിക്കുക"},{"$i":"connect","$v":"കണക്ട് ചെയ്യുക"},{"$i":"select","$v":"തിരഞ്ഞെടുക്കുക"},{"$i":"skip","$v":"ഒഴിവാക്കുക"},{"$i":"next","$v":"അടുത്തത്"},{"$i":"accept","$v":"സ്വീകരിക്കുക"},{"$i":"cancel","$v":"റദ്ദാക്കുക"},{"$i":"ok","$v":"ശരി"},{"$i":"hfa","$v":"HFA"},{"$i":"setup-account","$v":"KaiOS അക്കൗണ്ട് സെറ്റപ്പ് ചെയ്യുക"},{"$i":"create-account-li","$v":"അക്കൗണ്ട് സൃഷ്ടിക്കുക"},{"$i":"login-account-li","$v":"സൈന്‍ ഇന്‍"},{"$i":"account-setup-message","$v":"ഒരു KaiOS അക്കൗണ്ട് ഉപയോഗിച്ച് നിങ്ങളുടെ വിവരങ്ങൾ സുരക്ഷിതമായി സൂക്ഷിക്കുക. നിങ്ങൾ എപ്പോഴെങ്കിലും ഫോൺ നഷ്ടപ്പെടുകയാണെങ്കിൽ നിങ്ങളുടെ ഫോണിൽ എല്ലാ ഡാറ്റയും റിമോട്ട്ലി  ലോക്കുചെയ്യാനോ തുടച്ചുമാറ്റാനോ നിങ്ങളുടെ KaiOS അക്കൗണ്ട് നിങ്ങളെ അനുവദിക്കും. നിങ്ങൾക്ക് സെറ്റിംഗ്സില്‍  പിന്നീട് നിങ്ങളുടെ KaiOS അക്കൗണ്ട് സെറ്റപ്പ്  ചെയ്യുക ."},{"$i":"sign-in-success","$v":"സൈൻ ഇൻ വിജയകരം"},{"$i":"account-welcome","$v":"സ്വാഗതം"},{"$i":"logged-in-message","$v":[{"t":"idOrVar","v":"email"}]},{"$i":"anti-theft","$v":"ആൻറി തെഫ്റ്റ്"},{"$i":"anti-theft-info","$v":"നിങ്ങളുടെ ഫോൺ ഒരിക്കലും നഷ്ടപ്പെടില്ലെന്ന് ഞങ്ങൾ പ്രതീക്ഷിക്കുന്നു, എന്നാൽ അങ്ങനെ സംഭവിക്കുകയാണെങ്കിൽ, ഞങ്ങളുടെ റിമോട്ട് ലോക്ക് ഉപയോഗിച്ച്, നിങ്ങളുടെ ഡാറ്റ നിങ്ങൾക്ക് പരിരക്ഷിക്കാൻ കഴിയും, കൂടാതെ സവിശേഷതകൾ മായ്ക്കാനും കഴിയും. നിങ്ങൾ തയ്യാറാകുമ്പോൾ, നിങ്ങളുടെ KaiOS അക്കൗണ്ട് സെറ്റ് അപ്പ്‌ ചെയ്യുന്നതിന് സെറ്റിംഗ്സിലേക്ക്   പോകുക."},{"$i":"select-language","$v":"ഭാഷ തിരഞ്ഞെടുക്കുക"},{"$i":"language-current","$v":"നിലവിൽ"},{"$i":"language-readout-on","$v":"റീഡൗട്ട് ഓണ്‍"},{"$i":"language-readout-off","$v":"റീഡൗട്ട് ഓഫ്"},{"$i":"decline-info","$v":"ഈ ഉപകരണം ഉപയോഗിക്കുന്നതിന് വ്യവസ്ഥകളും നിബന്ധനകളും അംഗീകരിക്കേണ്ടതുണ്ട്."},{"$i":"kaios-license","$v":"KaiOS ലൈസൻസ് നിബന്ധനകൾ"},{"$i":"decline","$v":"നിരസിക്കുക"},{"$i":"lyf-license","$v":"LYF ലൈസൻസ് നിബന്ധനകൾ"},{"$i":"pin-error","$v":"തെറ്റായ പിന്‍."},{"$i":"pin-retry","$v":["സിം കാര്‍ഡ്‌ ലോക്ക് ആകുന്നതിനു മുന്‍പ് ശരിയായ പിന്‍ നല്കാന്‍ നിങ്ങള്‍ക്ക് ",{"t":"idOrVar","v":"n"}," ശ്രമം ബാക്കി ഉണ്ട്"]},{"$i":"pin-label","$v":"സിം പിൻ"},{"$i":"enter-pin","$v":"സിം പിൻ നൽകുക"},{"$i":"done","$v":"പൂർത്തിയാക്കി"},{"$i":"enter-puk","$v":"PUK നല്‍കുക"},{"$i":"puk-label","$v":"PUK"},{"$i":"puk-label-left","$v":["PUK(",{"t":"idOrVar","v":"n"}," തവണകൾ ശേഷിക്കുന്നു)"]},{"$i":"new-pin-label","$v":"പുതിയ സിം പിന്‍ (4-8 അക്കങ്ങൾ)"},{"$i":"confirm-new-pin-label","$v":"പുതിയ സിം പിന്‍ സ്ഥിരീകരിക്കുക"},{"$i":"pincode-length-error","$v":"സിം പിന്‍ 4-8 അക്കങ്ങൾ വേണം."},{"$i":"pin-final-locked","$v":"സിം കാർഡ് ലോക്കുചെയ്‌തു."},{"$i":"pin-final-failed-text","$v":"സിം കാർഡ് അൺലോക്കുചെയ്യാൻ PUK കോഡ് നൽകാൻ നിങ്ങൾ ആഗ്രഹിക്കുന്നുണ്ടോ?"},{"$i":"sim-locked","$v":"സിം ലോക്കുചെയ്തു"},{"$i":"new-pin-confirm-error","$v":"പുതിയ സിം പിന്‍ സ്ഥിരീകരിക്കുന്നത് പരാജയപ്പെട്ടു."},{"$i":"puk-unlock-error","$v":["PUK അൺലോക്കുചെയ്യൽ പരാജയപ്പെട്ടു, നിങ്ങൾക്ക് ",{"t":"idOrVar","v":"n"}," ശ്രമങ്ങൾ ശേഷിക്കുന്നു."]}]