[{"$i":"wifi","$v":"নেটৱার্ক অমা খল্লু"},{"$i":"ssid","$v":"SSID"},{"$i":"no-wifi-found","$v":"অফংবা নেটৱার্ক অমত্তা লৈতে"},{"$i":"wifi-searching","$v":"নেটৱার্কশীং থিরি…"},{"$i":"security-open","$v":"হাংউ"},{"$i":"shortStatus-connecting","$v":"শম্নরি…"},{"$i":"shortStatus-associated","$v":"IP এদ্রেশ অমা ফংনবা তৌরি…"},{"$i":"shortStatus-authenticating","$v":"অচুম্বনি প্রমান পীরি…"},{"$i":"shortStatus-connected","$v":"শম্নরে"},{"$i":"shortStatus-connectingfailed","$v":"শম্নবা মায় পাক্তে"},{"$i":"shortStatus-disconnected","$v":"ওফলাইন"},{"$i":"securityWEP","$v":"WEP"},{"$i":"securityWPA-PSK","$v":"WPA-PSK"},{"$i":"securityWPA-EAP","$v":"WPA-EAP"},{"$i":"securityWPA2-PSK","$v":"WPA2-PSK"},{"$i":"securityWPA/WPA2-PSK","$v":"WPA/WPA2-PSK"},{"$i":"securedBy","$v":[{"t":"idOrVar","v":"capabilities"}]},{"$i":"wifi-rescan","$v":"হন্না স্কেন তৌ"},{"$i":"wifi-join-fail","$v":["নেটৱার্ক ",{"t":"idOrVar","v":"n"}," অদুদা য়াওবা ঙমদ্রে."]},{"$i":"wifi-connect-fail","$v":[{"t":"idOrVar","v":"n"}," গী চুমদবা ইমেল এদ্রেশ."]},{"$i":"wifi-ip-set-fail","$v":"IP সেটিংশীং মাই পাক্তে."},{"$i":"wifi-pw-length-error","$v":"পাসৱার্দ কেরেক্তর 8 দগী হেন্না শাংগদবনি."},{"$i":"password","$v":"পাসৱর্ড"},{"$i":"showPassword","$v":"পাসৱার্দ উহল্লু"},{"$i":"connect","$v":"শম্মু"},{"$i":"select","$v":"খল্লু"},{"$i":"skip","$v":"তোকথোকপা"},{"$i":"next","$v":"মথং"},{"$i":"accept","$v":"লৌশিনবা"},{"$i":"cancel","$v":"ককথৎলু"},{"$i":"ok","$v":"ওকে"},{"$i":"hfa","$v":"HFA"},{"$i":"setup-account","$v":"KaiOS একাওন্ট সেট অপ তৌ"},{"$i":"create-account-li","$v":"একাওন্ট শেম্মু"},{"$i":"login-account-li","$v":"কমপ্যুটরদা চংশিনবা"},{"$i":"account-setup-message","$v":"নহাক্কি পাও KaiOS একাওন্ট অমদা তেক্ত-কায়দনা থম্মু. নহাক নহাক্কি ফোন করিগুম্বদা মাংলবা নহাক্কি KaiOS একাওন্টনা নহাকপু লাপ্না লোক তৌবা নত্ত্রগা নহাক্কি ফোনদা য়াওবা দাতা লোইনমক মাংহনখিবা য়াহনগনি.  নহাক নহাক্কি KaiOS একাওন্ট কোন্না সেটিংশীংদা সেটঅপ তৌবসু য়াই."},{"$i":"sign-in-success","$v":"সাইন ইন মায় পাকপা"},{"$i":"account-welcome","$v":"তরাম্না ওকচরি"},{"$i":"logged-in-message","$v":[{"t":"idOrVar","v":"email"}]},{"$i":"anti-theft","$v":"হুরানবখিবদগী-ঙাকথোক্নবা"},{"$i":"anti-theft-info","$v":"ঐখোয় নহাক্কি ফোন কৈদৌঙৈদা মাংলোই হায়না আশা তৌই, তৌইগুম্বশুং নহাক মাংবা থোক্লবা, নহাক ঐখোয়গী রিমোট লোক অমসুং ৱাইপ ফিচরশীংগী মতেংনা নহাক্কি দাতা ঙাক-শেন্না থম্বা ঙমগনি. নহাক শেম শারবা মতমদা, নহাক্কি KaiOS একাওন্ট শেম্নবা সেটিংশীং দা নকোক ওল্লু."},{"$i":"select-language","$v":"লোন খল্লু"},{"$i":"language-current","$v":"হৌজিক লৈরিবা"},{"$i":"language-readout-on","$v":"রীদআওট থাই"},{"$i":"language-readout-off","$v":"রীদআওট থাদে"},{"$i":"decline-info","$v":"দিভাইস অসি শীজিন্ননবা টার্মশীং অমসুং কন্দিসনশীং অদু লৌ হায়বা য়াবা দরকার ওই."},{"$i":"kaios-license","$v":"KaiOS লাইসেন্স টার্মশীং"},{"$i":"decline","$v":"ককথৎলু"},{"$i":"lyf-license","$v":"LYF লাইসেন্স মমল"},{"$i":"pin-error","$v":"চুমদবা পিন."},{"$i":"pin-retry","$v":["সিম কার্দ লোক তৌদ্রিঙৈ মমাংদা নহাক অচুম্বা পিন মেনশিন্নবা হোৎনগদবা ",{"t":"idOrVar","v":"n"}," তা ঙাইরে."]},{"$i":"pin-label","$v":"SIM PIN"},{"$i":"enter-pin","$v":"SIM PIN এন্টর তৌ"},{"$i":"done","$v":"তৌরে"},{"$i":"enter-puk","$v":"PUK এন্টর তৌ"},{"$i":"puk-label","$v":"PUK"},{"$i":"puk-label-left","$v":["PUK (",{"t":"idOrVar","v":"n"}," রক লেম্লি)"]},{"$i":"new-pin-label","$v":"অনোবা সিম পিন (দিজিতশীং 4-8)"},{"$i":"confirm-new-pin-label","$v":"অনৌবা সিম পিন চুম্মি হায়য়ু"},{"$i":"pincode-length-error","$v":"সিম পিন দিজিত 4-8 ওইগদবনি."},{"$i":"pin-final-locked","$v":"SIM কার্ড লোক তৌরে."},{"$i":"pin-final-failed-text","$v":"সিম কার্দ অনলোক তৌনবা নহাক  PUK কোদ মেনশিনবা পামগদ্রা?"},{"$i":"sim-locked","$v":"সিম লোক তৌই"},{"$i":"new-pin-confirm-error","$v":"অনোবা সিম পিন চুম্মি তাকপা মায় পাক্তে."},{"$i":"puk-unlock-error","$v":["PUK অনব্লোক তৌবা মায় পাক্তে, নহাক ",{"t":"idOrVar","v":"n"}," হোৎনগদবা লেমদুনা লৈরি."]}]