[{"$i":"wifi","$v":"नेटवर्क निवडा"},{"$i":"ssid","$v":"SSID"},{"$i":"no-wifi-found","$v":"कोणतेही नेटवर्क उपलब्ध नाहीत"},{"$i":"wifi-searching","$v":"नेटवर्क शोधत आहे..."},{"$i":"security-open","$v":"उघडा"},{"$i":"shortStatus-connecting","$v":"कनेक्ट होत आहे..."},{"$i":"shortStatus-associated","$v":"IP अॅड्रेस प्राप्त करीत आहे ..."},{"$i":"shortStatus-authenticating","$v":"प्रमाणित करत आहे..."},{"$i":"shortStatus-connected","$v":"कनेक्ट झाले"},{"$i":"shortStatus-connectingfailed","$v":"कनेक्शन अयशस्वी झाले"},{"$i":"shortStatus-disconnected","$v":"ऑफलाइन"},{"$i":"securityWEP","$v":"WEP"},{"$i":"securityWPA-PSK","$v":"WPA-PSK"},{"$i":"securityWPA-EAP","$v":"WPA-EAP"},{"$i":"securityWPA2-PSK","$v":"WPA2-PSK"},{"$i":"securityWPA/WPA2-PSK","$v":"WPA/WPA2-PSK"},{"$i":"securedBy","$v":[{"t":"idOrVar","v":"capabilities"}]},{"$i":"wifi-rescan","$v":"पुन्हा स्कॅन करा"},{"$i":"wifi-join-fail","$v":[{"t":"idOrVar","v":"n"}," नेटवर्कमध्ये सामील होण्यास असमर्थ."]},{"$i":"wifi-connect-fail","$v":[{"t":"idOrVar","v":"n"}," च्यासाठी पासवर्ड चुकीचा आहे."]},{"$i":"wifi-ip-set-fail","$v":"IP सेटिंग्स अयशस्वी झाली."},{"$i":"wifi-pw-length-error","$v":"पासवर्डची लांबी 8 अंका- वर्णा पेक्षा जास्त असणे आवश्यक आहे."},{"$i":"password","$v":"पासवर्ड"},{"$i":"showPassword","$v":"पासवर्ड दाखवा"},{"$i":"connect","$v":"कनेक्ट करा"},{"$i":"select","$v":"निवडा"},{"$i":"skip","$v":"वगळा"},{"$i":"next","$v":"पुढील"},{"$i":"accept","$v":"स्वीकार"},{"$i":"cancel","$v":"रद्द करा"},{"$i":"ok","$v":"ठीक आहे"},{"$i":"hfa","$v":"HFA"},{"$i":"setup-account","$v":"KaiOS अकाउन्ट सेट करा"},{"$i":"create-account-li","$v":"अकाउन्ट तयार करा"},{"$i":"login-account-li","$v":"साइन इन"},{"$i":"account-setup-message","$v":"KaiOS अकाउन्ट सोबत आपली माहिती सुरक्षित ठेवा. आपला फोन कधीही हरवल्यास KaiOS अकाउन्ट आपल्याला फोनवरील सर्व डेटा रिमोटली लॉक किंवा हटवण्याची अनुमती देईल. आपण नंतर सेटिंग्स मध्ये आपले Kaios अकाउन्ट सेट करू शकता."},{"$i":"sign-in-success","$v":"साइन इन करण्यात यश"},{"$i":"account-welcome","$v":"स्वागत आहे"},{"$i":"logged-in-message","$v":[{"t":"idOrVar","v":"email"}]},{"$i":"anti-theft","$v":"अॅन्‍टी-थेफ्ट"},{"$i":"anti-theft-info","$v":"आम्हाला आशा आहे की आपण आपला फोन कधीही हरवणार नाहीत, पण तसे काही झाल्यास आमच्या रिमोट लॉक आणि वाइप सुविधा उपयोग करून आपण डेटा सुरक्षित ठेवू शकता. KaiOS अकाउन्ट सेट करण्यासाठी सेटिंग्स वर जा"},{"$i":"select-language","$v":"भाषा निवडा"},{"$i":"language-current","$v":"वर्तमानात"},{"$i":"language-readout-on","$v":"रिडआउट आॅन"},{"$i":"language-readout-off","$v":"रिडआउट आॅफ"},{"$i":"decline-info","$v":"या डिवाइसचा उपयोग करण्यासाठी अटी आणि शर्तींचा स्वीकार करणे आवश्यक आहे."},{"$i":"kaios-license","$v":"KaiOS लायसन्स अटी"},{"$i":"decline","$v":"अस्वीकार"},{"$i":"lyf-license","$v":"LYF लायसन्स अटी"},{"$i":"pin-error","$v":"चुकीचा पिन."},{"$i":"pin-retry","$v":["सिम कार्ड लॉक करण्यापूर्वी अचूक पिन नोंदविण्यासाठी आपल्याकडे ",{"t":"idOrVar","v":"n"}," प्रयत्न बाकी आहेत."]},{"$i":"pin-label","$v":"सिम पिन"},{"$i":"enter-pin","$v":"सिम पिन प्रविष्ट करा"},{"$i":"done","$v":"पूर्ण झाले"},{"$i":"enter-puk","$v":"PUK प्रविष्ट करा"},{"$i":"puk-label","$v":"PUK"},{"$i":"puk-label-left","$v":["PUK (",{"t":"idOrVar","v":"n"}," वेळा बाकी आहेत)"]},{"$i":"new-pin-label","$v":"नवीन सिम पिन (4-8 अंक)"},{"$i":"confirm-new-pin-label","$v":"नवीन सिम पिन ची पुष्टी करा"},{"$i":"pincode-length-error","$v":"सिम पिन चे 4-8 अंक असणे आवश्यक आहे."},{"$i":"pin-final-locked","$v":"सिम कार्ड लॉक केले आहे."},{"$i":"pin-final-failed-text","$v":"आपल्याला सिम कार्ड अनलॉक करण्यासाठी  PUK कोडची नोंद करायची आहे का?"},{"$i":"sim-locked","$v":"सिम लॉक आहे"},{"$i":"new-pin-confirm-error","$v":"नवीन सिम पिनची पुष्टी अयशस्वी झाली."},{"$i":"puk-unlock-error","$v":["PUK अनलॉक अयशस्वी, आपल्याकडे ",{"t":"idOrVar","v":"n"}," प्रयत्न बाकी आहेत."]}]