[{"$i":"wifi","$v":"नेटवर्क चयन गर्नुहोस्"},{"$i":"ssid","$v":"SSID"},{"$i":"no-wifi-found","$v":"कुनै उपलब्ध नेटवर्कहरू छैनन्"},{"$i":"wifi-searching","$v":"नेटवर्कहरू खोज्दै..."},{"$i":"security-open","$v":"खोल्नुहोस्"},{"$i":"shortStatus-connecting","$v":"जडान हुँदैछ..."},{"$i":"shortStatus-associated","$v":"IP ठेगाना प्राप्त गर्दै..."},{"$i":"shortStatus-authenticating","$v":"प्रमाणित गर्दै..."},{"$i":"shortStatus-connected","$v":"जडान गरिएको"},{"$i":"shortStatus-connectingfailed","$v":"जडान असफल भयो"},{"$i":"shortStatus-disconnected","$v":"अफलाइन"},{"$i":"securityWEP","$v":"WEP"},{"$i":"securityWPA-PSK","$v":"WPA-PSK"},{"$i":"securityWPA-EAP","$v":"WPA-EAP"},{"$i":"securityWPA2-PSK","$v":"WPA2-PSK"},{"$i":"securityWPA/WPA2-PSK","$v":"WPA/WPA2-PSK"},{"$i":"securedBy","$v":[{"t":"idOrVar","v":"capabilities"}]},{"$i":"wifi-rescan","$v":"पुन: स्क्यान गर्नुहोस्"},{"$i":"wifi-join-fail","$v":["नेटवर्क ",{"t":"idOrVar","v":"n"}," मा सहभागी हुन सकेन।"]},{"$i":"wifi-connect-fail","$v":[{"t":"idOrVar","v":"n"},"को लागि गलत पासवर्ड।"]},{"$i":"wifi-ip-set-fail","$v":"IP सेटिङहरू असफल भयो।"},{"$i":"wifi-pw-length-error","$v":"पासवर्ड 8 वर्णहरूभन्दा बढीको हुन्छ।"},{"$i":"password","$v":"पासवर्ड"},{"$i":"showPassword","$v":"पासवर्ड देखाउनु"},{"$i":"connect","$v":"जडान गर्नुहोस्"},{"$i":"select","$v":"चयन गर्नुहोस्"},{"$i":"skip","$v":"छोड्नुहोस्"},{"$i":"next","$v":"अर्को"},{"$i":"accept","$v":"स्वीकार्नुहोस्"},{"$i":"cancel","$v":"रद्द गर्नुहोस्"},{"$i":"ok","$v":"ठीक छ"},{"$i":"hfa","$v":"HFA"},{"$i":"setup-account","$v":"KaiOS खाता सेटअप गर्नुहोस्"},{"$i":"create-account-li","$v":"खाता सिर्जना गर्नुहोस्"},{"$i":"login-account-li","$v":"साइन इन गर्नुहोस्"},{"$i":"account-setup-message","$v":"तपाईंले KaiOS खातासँग सुरक्षित जानकारी राख्नुहोस्। यदि तपाईंले आफ्नो फोन गुमाउनुभयो भने KaiOS खातामा अनुमति दिन फोनमा सबै डेटा वाइप गर्नुहोस् वा टाढाबाटै लक गर्नुहोस्। तपाईंले सेटिङहरूमा आफ्नो KaiOS खाता पछि सेटअप गर्नुहोस्।"},{"$i":"sign-in-success","$v":"साइन इन सफल भयो"},{"$i":"account-welcome","$v":"स्वागतम"},{"$i":"logged-in-message","$v":[{"t":"idOrVar","v":"email"}]},{"$i":"anti-theft","$v":"विरोधी-चोर"},{"$i":"anti-theft-info","$v":"हामी तपाईंले आफ्नो फोन कहिल्यै पनि गुमाउनुहुन्न भन्ने आशा गर्छौं तर तपाईंले गुमाउनुहुन्छ भने हाम्रो रिमोट लक तथा वाइप सुविधाहरू मार्फत आफ्नो डेटा सुरक्षित गर्न सक्नुहुन्छ। तपाईं तयार हुँदा आफ्नो KaiOS खाता सेट अप गर्नको लागि सेटिङहरू तर्फ जानुहोस्।"},{"$i":"select-language","$v":"भाषा चयन गर्नुहोस्"},{"$i":"language-current","$v":"हालको"},{"$i":"language-readout-on","$v":"रिडआउट अन"},{"$i":"language-readout-off","$v":"रिडआउट अफ"},{"$i":"decline-info","$v":"स्वीकृतिकरण सर्त र परिस्थितिहरू यन्त्र प्रयोग गर्नको लागि आवश्यक हुन्छ।"},{"$i":"kaios-license","$v":"KaiOS इजाजतपत्रका सर्तहरू"},{"$i":"decline","$v":"अस्वीकार गर्नुहोस्"},{"$i":"lyf-license","$v":"LYF इजाजतपत्रका सर्तहरू"},{"$i":"pin-error","$v":"गलत PIN"},{"$i":"pin-retry","$v":["तपाईंसँग सिमकार्डलाई लक गरिनुभन्दा अगाडि सही पिनप्रविष्ट गर्नको लागि ",{"t":"idOrVar","v":"n"}," प्रयास बाँकी छ।"]},{"$i":"pin-label","$v":"SIM PIN"},{"$i":"enter-pin","$v":"SIM PIN प्रविष्टि गर्नुहोस्"},{"$i":"done","$v":"भयो"},{"$i":"enter-puk","$v":"PUK प्रविष्टि गर्नुहोस्"},{"$i":"puk-label","$v":"PUK"},{"$i":"puk-label-left","$v":["PUK (",{"t":"idOrVar","v":"n"}," समयहरू बायाँतिर)"]},{"$i":"new-pin-label","$v":"नयाँ SIM PIN (4-8 अंकहरू)"},{"$i":"confirm-new-pin-label","$v":"नयाँ SIM PIN निश्चित गर्नुहोस्"},{"$i":"pincode-length-error","$v":"सिमको पिन4-8 संख्याहरूमा हुनुपर्दछ"},{"$i":"pin-final-locked","$v":"SIM कार्ड लक गरिएको छ।"},{"$i":"pin-final-failed-text","$v":"तपाईंले SIM कार्ड अनलक गर्नको लागि PUK कोड प्रविष्ट गर्न चाहनुहुन्छ"},{"$i":"sim-locked","$v":"SIM लक गरियो"},{"$i":"new-pin-confirm-error","$v":"नयाँ सिम पिन पुष्टि असफल भयो।"},{"$i":"puk-unlock-error","$v":["PUK अनलक असफल भयो,तपाईंसँगको ",{"t":"idOrVar","v":"n"}," बायाँतिर प्रयास गर्नुहोस्।"]}]