[{"$i":"wifi","$v":"ଏକ ନେଟୱାର୍କ ଚୟନ କରନ୍ତୁ"},{"$i":"ssid","$v":"SSID"},{"$i":"no-wifi-found","$v":"କୌଣସି ଉପଲବ୍ଧ ନେଟ୍‌ୱାର୍କ୍‌ ନାହିଁ"},{"$i":"wifi-searching","$v":"ନେଟୱାର୍କ ସନ୍ଧାନ ହେଉଛି..."},{"$i":"security-open","$v":"ଖୋଲନ୍ତୁ"},{"$i":"shortStatus-connecting","$v":"ସଂଯୋଗ ହେଉଛି…"},{"$i":"shortStatus-associated","$v":"ଏକ IP ଠିକଣା ପ୍ରାପ୍ତ ହେଉଛି…"},{"$i":"shortStatus-authenticating","$v":"ପ୍ରମାଣିକରଣ ହେଉଛି..."},{"$i":"shortStatus-connected","$v":"ସଂଯୋଜିତ ହୋଇଛି"},{"$i":"shortStatus-connectingfailed","$v":"ସଂଯୋଜନା ବିଫଳ ହୋଇଛି"},{"$i":"shortStatus-disconnected","$v":"ଅଫ୍‌ଲାଇନ୍‌"},{"$i":"securityWEP","$v":"WEP"},{"$i":"securityWPA-PSK","$v":"WPA-PSK"},{"$i":"securityWPA-EAP","$v":"WPA-EAP"},{"$i":"securityWPA2-PSK","$v":"WPA2-PSK"},{"$i":"securityWPA/WPA2-PSK","$v":"WPA/WPA2-PSK"},{"$i":"securedBy","$v":[{"t":"idOrVar","v":"capabilities"}]},{"$i":"wifi-rescan","$v":"ପୁନଃସ୍କାନ୍ କରନ୍ତୁ"},{"$i":"wifi-join-fail","$v":["ନେଟ୍‌ୱାର୍କ୍ ",{"t":"idOrVar","v":"n"}," କୁ ଯୋଗ ଦେବାକୁ ଅସମର୍ଥ |"]},{"$i":"wifi-connect-fail","$v":[{"t":"idOrVar","v":"n"}," ପାଇଁ ଭୁଲ୍ ପାସ୍‌ୱାର୍ଡ୍ |"]},{"$i":"wifi-ip-set-fail","$v":"IP ସେଟିଂସ୍ ବିଫଳ ହୋଇଛି।"},{"$i":"wifi-pw-length-error","$v":"ପାସ୍‌ୱାର୍ଡ୍ ଦୈର୍ଘ୍ୟ 8ଟି ବର୍ଣ୍ଣରୁ ଅଧିକ ହେବା ଉଚିତ |"},{"$i":"password","$v":"ପାସ୍‌ୱାର୍ଡ୍"},{"$i":"showPassword","$v":"ପାସ୍‌ୱାର୍ଡଗୁଡିକ ଦେଖାନ୍ତୁ"},{"$i":"connect","$v":"ସଂଯୋଗ କରନ୍ତୁ"},{"$i":"select","$v":"ଚୟନ କରନ୍ତୁ"},{"$i":"skip","$v":"ସ୍କିପ୍"},{"$i":"next","$v":"ପରବର୍ତ୍ତୀ"},{"$i":"accept","$v":"ସ୍ଵୀକାର"},{"$i":"cancel","$v":"ବାତିଲ କରନ୍ତୁ"},{"$i":"ok","$v":"ଓକେ"},{"$i":"hfa","$v":"HFA"},{"$i":"setup-account","$v":"KaiOS ଆକାଉଣ୍ଟ ସେଟ୍ କରନ୍ତୁ"},{"$i":"create-account-li","$v":"ଆକାଉଣ୍ଟ ସୃଷ୍ଟି କରନ୍ତୁ"},{"$i":"login-account-li","$v":"ସାଇନ୍ ଇନ୍"},{"$i":"account-setup-message","$v":"ଏକ KaiOS ଆକାଉଣ୍ଟ ସହ ଆପଣ ସୂଚନା ସୁରକ୍ଷିତ ରଖନ୍ତୁ। ଯଦି ଆପଣ ଆପଣଙ୍କ ଫୋନ୍ କେବେ ହରାନ୍ତି ଆପଣଙ୍କ KaiOS ଆକାଉଣ୍ଟ ଆପଣଙ୍କୁ ଆପଣଙ୍କ ଫୋନରେ ଆପଣ ରିମୋଟ୍‌ଲି  ଲକ୍ କିମ୍ୱା  ଡାଟା ୱାଇପ୍ କରିବାକୁ ଅନୁମତି ଦିଏ। ଆପଣ ସେଟିଂସରେ ପରେ ଆପଣଙ୍କ KaiOS ଆକାଉଣ୍ଟ ମଧ୍ୟ ସେଟ୍ଅପ୍ କରିପାରିବେ |"},{"$i":"sign-in-success","$v":"ସାଇନ୍ ଇନ୍ ସଫଳ"},{"$i":"account-welcome","$v":"ସ୍ଵାଗତ"},{"$i":"logged-in-message","$v":[{"t":"idOrVar","v":"email"}]},{"$i":"anti-theft","$v":"ଆଣ୍ଟି-ଥେଫ୍ଟ"},{"$i":"anti-theft-info","$v":"ଆମେ ଆଶା କରୁଛୁ ଆପଣଙ୍କ ଫୋନ୍ କେବେ ହରାନ୍ତୁ ନାହିଁ, କିନ୍ତୁ ଯଦି ଆପଣ ଏପରି ହୁଏ, ଆପଣ ଆପଣଙ୍କ ଡାଟାକୁ ଆମର ରିମୋଟ୍ ଲକ୍ ଏବଂ ୱାଇପ୍ ବୈଶିଷ୍ଟ୍ୟଗୁଡିକ ସହିତ ସୁରକ୍ଷିତ କରିପାରିବେ। ଆପଣ ପ୍ରସ୍ତୁତ ହୋଇଥିବା ବେଳେ, ଆପଣଙ୍କ KaiOS ଆକାଉଣ୍ଟକୁ ସେଟ୍ ଅପ୍ କରିବାକୁ ସେଟିଂସ୍ ଯାଆନ୍ତୁ |"},{"$i":"select-language","$v":"ଭାଷା ଚୟନ କରନ୍ତୁ"},{"$i":"language-current","$v":"ସମ୍ପ୍ରତି"},{"$i":"language-readout-on","$v":"ରିଡ୍‌ଆଉଟ୍ ଅନ୍"},{"$i":"language-readout-off","$v":"ରିଡ୍‌ଆଉଟ୍ ଅଫ୍"},{"$i":"decline-info","$v":"ଏହି ଡିଭାଇସ୍‌କୁ ବ୍ୟବହାର କରିବାକୁ ଚୁକ୍ତି ଏବଂ ସର୍ତ୍ତାବଳୀ ସ୍ଵୀକାର କରିବା ଆବଶ୍ୟକ |"},{"$i":"kaios-license","$v":"KaiOS ଲାଇସେନ୍ସର ସର୍ତ୍ତଗୁଡିକ"},{"$i":"decline","$v":"ଅସ୍ବୀକାର"},{"$i":"lyf-license","$v":"LYF ଲାଇସେନ୍ସ୍ ନିୟମାବଳୀ"},{"$i":"pin-error","$v":"ଭୁଲ୍ ପିନ୍।"},{"$i":"pin-retry","$v":["ସିମ୍‌ କାର୍ଡ୍ ଲକ୍ ହେବା ପୂର୍ବରୁ ସଠିକ୍ ପିନ୍‌ ପ୍ରବେଶ କରିବାକୁ ଆପଣଙ୍କ ପାଖରେ ",{"t":"idOrVar","v":"n"},"ଟି ଚେଷ୍ଟା ଅବଶିଷ୍ଟ  |"]},{"$i":"pin-label","$v":"ସିମ୍ ପିନ୍"},{"$i":"enter-pin","$v":"ସିମ୍ ପିନ୍ ପ୍ରବେଶ କରନ୍ତୁ"},{"$i":"done","$v":"ସମ୍ପୁର୍ଣ୍ଣ"},{"$i":"enter-puk","$v":"PUK ପ୍ରବେଶ କରନ୍ତୁ"},{"$i":"puk-label","$v":"PUK"},{"$i":"puk-label-left","$v":["PUK(",{"t":"idOrVar","v":"n"}," ଥର ବାକି)"]},{"$i":"new-pin-label","$v":"ନୂତନ ସିମ୍‌ ପିନ୍‌(4-8ଟି ଅଙ୍କ)"},{"$i":"confirm-new-pin-label","$v":"ନୂତନ ସିମ୍‌ ପିନ୍‌ ନିଶ୍ଚିତ କରନ୍ତୁ"},{"$i":"pincode-length-error","$v":"ସିମ୍‌ ପିନ୍‌ ନିଶ୍ଚିତ ଭାବରେ 4-8 ଅଙ୍କ ହେବା ଉଚିତ |"},{"$i":"pin-final-locked","$v":"ସିମ୍ କାର୍ଡ୍ ଲକ୍ ହୋଇଛି।"},{"$i":"pin-final-failed-text","$v":"ସିମ୍‌ କାର୍ଡ୍ ଅନଲକ୍ କରିବାକୁ ଆପଣ PUK କୋଡ୍ ପ୍ରବେଶ କରିବାକୁ ଚାହାଁନ୍ତି ?"},{"$i":"sim-locked","$v":"ସିମ୍‌ ଲକ୍ ହୋଇଛି"},{"$i":"new-pin-confirm-error","$v":"ନୂତନ ସିମ୍ ପିନ୍ ନିଶ୍ଚିତକରଣ ବିଫଳ ହୋଇଛି |"},{"$i":"puk-unlock-error","$v":["PUK ଅନ୍‌ଲକ୍ ବିଫଳ ହୋଇଛି, ଆପଣଙ୍କର ",{"t":"idOrVar","v":"n"}," ଟି ଚେଷ୍ଟା ବାକି ଅଛି |"]}]