[{"$i":"wifi","$v":"ਨੈਟਵਰਕ ਚੁਣੋ"},{"$i":"ssid","$v":"SSID"},{"$i":"no-wifi-found","$v":"ਕੋਈ ਨੈਟਵਰਕ ਉਪਲਬਧ ਨਹੀਂ ਹੈ"},{"$i":"wifi-searching","$v":"ਨੈਟਵਰਕ ਦੀ ਖੋਜ ਹੋ ਰਹੀ ਹੈ..."},{"$i":"security-open","$v":"ਖੋਲ੍ਹੋ"},{"$i":"shortStatus-connecting","$v":"ਕਨੈਕਟ ਹੋ ਰਿਹਾ ਹੈ…"},{"$i":"shortStatus-associated","$v":"IP ਐਡਰੈਸ ਪ੍ਰਾਪਤ ਕਰ ਰਿਹਾ ਹੈ..."},{"$i":"shortStatus-authenticating","$v":"ਪ੍ਰਮਾਣਿਤ ਹੋ ਰਿਹਾ ਹੈ..."},{"$i":"shortStatus-connected","$v":"ਕਨੈਕਟ ਕੀਤਾ"},{"$i":"shortStatus-connectingfailed","$v":"ਕਨੈਕਸ਼ਨ ਅਸਫਲ ਹੋਇਆ"},{"$i":"shortStatus-disconnected","$v":"ਔਫ਼ਲਾਈਨ"},{"$i":"securityWEP","$v":"WEP"},{"$i":"securityWPA-PSK","$v":"WPA-PSK"},{"$i":"securityWPA-EAP","$v":"WPA-EAP"},{"$i":"securityWPA2-PSK","$v":"WPA2-PSK"},{"$i":"securityWPA/WPA2-PSK","$v":"WPA/WPA2-PSK"},{"$i":"securedBy","$v":[{"t":"idOrVar","v":"capabilities"}]},{"$i":"wifi-rescan","$v":"ਦੁਬਾਰਾ ਸਕੈਨ ਕਰੋ"},{"$i":"wifi-join-fail","$v":["ਨੈੱਟਵਰਕ ",{"t":"idOrVar","v":"n"}," ਨਾਲ ਜੁੜਣ ਵਿੱਚ ਅਸਮੱਰਥ।"]},{"$i":"wifi-connect-fail","$v":[{"t":"idOrVar","v":"n"}," ਲਈ ਗਲਤ ਪਾਸਵਰਡ।"]},{"$i":"wifi-ip-set-fail","$v":"IP ਸੈਟਿੰਗਸ ਅਸਫਲ ਰਹੀ ।"},{"$i":"wifi-pw-length-error","$v":"ਪਾਸਵਰਡ ਦੀ ਲੰਬਾਈ 8 ਅੱਖਰ ਨਾਲੋਂ ਵੱਧ ਹੋਣੀ ਚਾਹੀਦੀ ਹੈ।"},{"$i":"password","$v":"ਪਾਸਵਰਡ"},{"$i":"showPassword","$v":"ਪਾਸਵਰਡ ਦਿਖਾਓ"},{"$i":"connect","$v":"ਕਨੈਕਟ ਕਰੋ"},{"$i":"select","$v":"ਚੁਣੋ"},{"$i":"skip","$v":"ਸਕਿਪ"},{"$i":"next","$v":"ਅਗਲਾ"},{"$i":"accept","$v":"ਸਵੀਕਾਰ"},{"$i":"cancel","$v":"ਰੱਦ ਕਰੋ"},{"$i":"ok","$v":"ਠੀਕ ਹੈ"},{"$i":"hfa","$v":"HFA"},{"$i":"setup-account","$v":"KaiOS ਅਕਾਊਂਟ ਸੈੱਟ ਕਰੋ"},{"$i":"create-account-li","$v":"ਅਕਾਊਂਟ ਬਣਾਓ"},{"$i":"login-account-li","$v":"ਸਾਈਨ ਇਨ"},{"$i":"account-setup-message","$v":"KaiOS ਅਕਾਊਂਟ ਦੇ ਨਾਲ ਆਪਣੀ ਜਾਣਕਾਰੀ ਨੂੰ ਸੁਰੱਖਿਅਤ ਰੱਖੋ। ਜੇਕਰ ਕਦੇ ਤੁਹਾਡਾ ਫੋਨ ਗੁੰਮ ਹੋ ਜਾਂਦਾ ਹੈ ਤਾਂ ਤੁਹਾਡਾ KaiOS ਅਕਾਊਂਟ ਤੁਹਾਡੇ ਫੋਨ ਨੂੰ ਰਿਮੋਟਲੀ ਲੌਕ ਕਰਨ ਜਾਂ ਇਸ ਤੇ ਸਾਰੇ ਡੇਟਾ ਨੂੰ ਹਟਾਉਣ ਵਿੱਚ ਮਦਦ ਕਰੇਗਾ। ਤੁਸੀਂ ਸੈਟਿੰਗਸ ਵਿੱਚ ਜਾ ਕੇ ਬਾਅਦ ਵਿੱਚ ਵੀ ਆਪਣੇ KaiOS ਅਕਾਊਂਟ ਨੂੰ ਸੈੱਟ ਕਰ ਸਕਦੇ ਹੋ।"},{"$i":"sign-in-success","$v":"ਸਾਈਨ ਇਨ ਸਫਲ ਰਿਹਾ"},{"$i":"account-welcome","$v":"ਸੁਆਗਤ ਹੈ"},{"$i":"logged-in-message","$v":[{"t":"idOrVar","v":"email"}]},{"$i":"anti-theft","$v":"ਐਂਟੀ-ਥੇਫਟ"},{"$i":"anti-theft-info","$v":"ਅਸੀਂ ਉਮੀਦ ਕਰਦੇ ਹਾਂ ਕਿ ਤੁਸੀਂ ਕਦੇ ਆਪਣਾ ਫੋਨ ਗੁੰਮ ਨਹੀਂ ਕਰੋਗੇ, ਪਰ ਜੇ ਤੁਸੀਂ ਅਜਿਹਾ ਕਰਦੇ ਹੋ, ਤਾਂ ਤੁਸੀਂ ਸਾਡੇ ਰਿਮੋਰਟ ਲੌਕ ਅਤੇ ਵਾਇਪ ਫੀਚਰ ਨਾਲ ਆਪਣਾ ਡਾਟਾ ਸੁਰੱਖਿਅਤ ਰੱਖ ਸਕਦੇ ਹੋ। ਜਦੋਂ ਤੁਸੀਂ ਤਿਆਰ ਹੋਵ, ਤਾ ਆਪਣਾ KaiOS ਅਕਾਊਂਟ ਸੈੱਟ ਕਰਨ ਲਈ ਸੈਟਿੰਗਸ ਤੇ ਜਾਓ।"},{"$i":"select-language","$v":"ਭਾਸ਼ਾ ਚੁਣੋ"},{"$i":"language-current","$v":"ਵਰਤਮਾਨ"},{"$i":"language-readout-on","$v":"ਰੀਡਆਊਟ ਔਨ"},{"$i":"language-readout-off","$v":"ਰੀਡਆਊਟ ਔਫ"},{"$i":"decline-info","$v":"ਇਸ ਡਿਵਾਇਸ ਦੀ ਵਰਤੋਂ ਕਰਨ ਲਈ ਨਿਯਮਾਂ ਅਤੇ ਸ਼ਰਤਾਂ ਨੂੰ ਸਵੀਕਾਰ ਕਰਨਾ ਜ਼ਰੂਰੀ ਹੈ।"},{"$i":"kaios-license","$v":"KaiOS ਲਾਇਸੈਂਸ ਦੀਆਂ ਸ਼ਰਤਾਂ"},{"$i":"decline","$v":"ਅਸਵੀਕਾਰ"},{"$i":"lyf-license","$v":"LYF ਲਾਇਸੈਂਸ ਦੀਆਂ ਸ਼ਰਤਾਂ"},{"$i":"pin-error","$v":"ਗਲਤ ਪਿਨ ।"},{"$i":"pin-retry","$v":["ਸਿਮ ਕਾਰਡ ਲੌਕ ਕਰਨ ਤੋਂ ਪਹਿਲਾਂ ਸਹੀ ਪਿਨ ਦਾਖਲ ਕਰਨ ਲਈ ਤੁਹਾਡੇ ਕੋਲ ",{"t":"idOrVar","v":"n"}," ਕੋਸ਼ਿਸ਼ ਬਾਕੀ ਹੈ।"]},{"$i":"pin-label","$v":"ਸਿਮ ਪਿਨ"},{"$i":"enter-pin","$v":"ਸਿਮ ਪਿਨ ਦਾਖਲ ਕਰੋ"},{"$i":"done","$v":"ਪੂਰਾ ਹੋਇਆ"},{"$i":"enter-puk","$v":"PUK ਦਾਖਲ ਕਰੋ"},{"$i":"puk-label","$v":"PUK"},{"$i":"puk-label-left","$v":["PUK(",{"t":"idOrVar","v":"n"}," ਸਮਾਂ ਬਾਕੀ ਹੈ )"]},{"$i":"new-pin-label","$v":"ਨਵਾਂ ਸਿਮ ਪਿਨ (4-8 ਅੰਕ)"},{"$i":"confirm-new-pin-label","$v":"ਨਵੇਂ ਸਿਮ ਪਿਨ ਦੀ ਪੁਸ਼ਟੀ ਕਰੋ"},{"$i":"pincode-length-error","$v":"ਸਿਮ ਪਿਨ 4-8 ਅੰਕਾਂ ਦੀ ਹੋਣੀ ਚਾਹੀਦੀ ਹੈ।"},{"$i":"pin-final-locked","$v":"ਸਿਮ ਕਾਰਡ ਲੌਕ ਹੈ।"},{"$i":"pin-final-failed-text","$v":"ਕੀ ਤੁਸੀਂ ਸਿਮ ਕਾਰਡ ਅਨਲੌਕ ਕਰਨ ਲਈ PUK ਕੋਡ ਦਾਖਲ ਕਰਨਾ ਚਾਹੁੰਦੇ ਹੋ?"},{"$i":"sim-locked","$v":"ਸਿਮ ਲੌਕ ਹੈ"},{"$i":"new-pin-confirm-error","$v":"ਨਵੀਂ ਸਿਮ ਪਿਨ ਦੀ ਪੁਸ਼ਟੀ ਅਸਫ਼ਲ ਹੋ ਗਈ ਹੈ।"},{"$i":"puk-unlock-error","$v":["PUK ਅਨਲੌਕ ਕਰਨਾ ਅਸਫ਼ਲ ਰਿਹਾ, ਤੁਹਾਡੇ ਕੋਲ ",{"t":"idOrVar","v":"n"}," ਕੋਸ਼ਿਸ਼ ਬਾਕੀ ਹੈ।"]}]