[{"$i":"wifi","$v":"एकनेटवर्कं चिनोतु"},{"$i":"ssid","$v":"SSID"},{"$i":"no-wifi-found","$v":"नेटवर्क उपलब्धो नास्ति"},{"$i":"wifi-searching","$v":"नेटवर्कस्य अन्वेषणं भवति…"},{"$i":"security-open","$v":"उद्घाट्यताम्"},{"$i":"shortStatus-connecting","$v":"संयुक्तं भवति …"},{"$i":"shortStatus-associated","$v":"IP संकेतः प्राप्तकरणम् …"},{"$i":"shortStatus-authenticating","$v":"प्रमाणीक्रियते…"},{"$i":"shortStatus-connected","$v":"संयोजितम्"},{"$i":"shortStatus-connectingfailed","$v":"संयोगः विच्छिन्नः जातः"},{"$i":"shortStatus-disconnected","$v":"ऑफलाइन"},{"$i":"securityWEP","$v":"WEP"},{"$i":"securityWPA-PSK","$v":"WPA-PSK"},{"$i":"securityWPA-EAP","$v":"WPA-EAP"},{"$i":"securityWPA2-PSK","$v":"WPA2-PSK"},{"$i":"securityWPA/WPA2-PSK","$v":"WPA/WPA2-PSK"},{"$i":"securedBy","$v":[{"t":"idOrVar","v":"capabilities"}]},{"$i":"wifi-rescan","$v":"पुन: स्कैनम्"},{"$i":"wifi-join-fail","$v":["नेटवर्क ",{"t":"idOrVar","v":"n"}," इत्यस्मिन् योजितुम् असमर्थम्।"]},{"$i":"wifi-connect-fail","$v":["त्रुटियुक्तकूटस्य कृते ",{"t":"idOrVar","v":"n"}," ।"]},{"$i":"wifi-ip-set-fail","$v":"IP अभविन्यासाः विफलाः।"},{"$i":"wifi-pw-length-error","$v":"पासवर्डस्य लम्बा 8 तः अधिक वर्णात्मको भवेत्।"},{"$i":"password","$v":"कूटसंकेतः"},{"$i":"showPassword","$v":"कूटः दर्शनम्"},{"$i":"connect","$v":"संयोजयतु"},{"$i":"select","$v":"चिनोतु"},{"$i":"skip","$v":"त्यक्तः"},{"$i":"next","$v":"अग्रिमम्"},{"$i":"accept","$v":"स्वीक्रियताम्"},{"$i":"cancel","$v":"निरस्यताम्"},{"$i":"ok","$v":"नुदताम्"},{"$i":"hfa","$v":"HFA"},{"$i":"setup-account","$v":"KaiOS अकाउंट व्यवस्थापयतु"},{"$i":"create-account-li","$v":"अकाउंट निर्माणं करोतु"},{"$i":"login-account-li","$v":"सदस्यता प्राप्यताम्"},{"$i":"account-setup-message","$v":"KaiOS अकाउंटसहितं भवातः तथ्यं सुरक्षितं स्थापयतु । यदि भवान् कदाचित् भवतः दूरभाषं विलोपयति तर्हि भवतः KaiOS अकाउंट भवन्तं भवतः दूरभाषे सर्वडेटां दूरवस्थानात् लॉककर्तुं अपसातितुं च शक्यते । भवाम् सेटिंग्समध्ये स्वकीयं KaiOS अकाउंटं पश्चात् सेटअप अपि कर्तुं शक्यते।"},{"$i":"sign-in-success","$v":"प्रवेशनं सफलम्"},{"$i":"account-welcome","$v":"स्वागतम्"},{"$i":"logged-in-message","$v":[{"t":"idOrVar","v":"email"}]},{"$i":"anti-theft","$v":"चोरी-विरोधी"},{"$i":"anti-theft-info","$v":"वयम् आशास्महे यत् भवान् कदापि स्वदूरभाषं न विलोपयिष्यति, किन्तु यदि भवान् एवं करिष्यति, तर्हि भवान् स्वतथ्यं अस्माकं दूरस्थलॉकेन सह सुरक्षितुं शक्यते सुविधां उपमर्जितुं शक्यते। यदा भवान् प्रस्तुतं भवति, तदा स्वकीय KaiOS अकाउंट व्यवस्थितुं व्यवस्थापनं प्रति गच्छति।"},{"$i":"select-language","$v":"भाषा चिनोतु"},{"$i":"language-current","$v":"साम्प्रतम्"},{"$i":"language-readout-on","$v":"पठनं जागृतः"},{"$i":"language-readout-off","$v":"पठनं निभृतः"},{"$i":"decline-info","$v":"अस्य डिवाइसस्य व्यवहर्तुं नियमानां शर्तानां च स्वीकारः आवश्यकोऽस्ति।"},{"$i":"kaios-license","$v":"KaiOS लाइसेंस शर्तावली"},{"$i":"decline","$v":"अस्वीकृतम्"},{"$i":"lyf-license","$v":"LYF अधिकारपत्रस्य नियमाः"},{"$i":"pin-error","$v":"PIN अयोग्यः।"},{"$i":"pin-retry","$v":["भवतः पार्श्वे ",{"t":"idOrVar","v":"n"}," सिम कार्ड लॉकात् पूर्वं सम्यक् पिन लिखनस्य प्रयासं करोतु।"]},{"$i":"pin-label","$v":"SIM PIN"},{"$i":"enter-pin","$v":"SIM PIN प्रवेश्यताम्"},{"$i":"done","$v":"कृतम्"},{"$i":"enter-puk","$v":"PUK प्रवेश्यताम्"},{"$i":"puk-label","$v":"PUK"},{"$i":"puk-label-left","$v":["PUK (",{"t":"idOrVar","v":"n"}," समयः वामतः)"]},{"$i":"new-pin-label","$v":"नूतनं सिम पिन (४-८ संख्यात्मकः)"},{"$i":"confirm-new-pin-label","$v":"नूतनं सिकपिन निश्चितं करोतु"},{"$i":"pincode-length-error","$v":"सिम पिन 4-8 अंकात्मको भवेत्।"},{"$i":"pin-final-locked","$v":"SIM कार्ड अवरुद्धः।"},{"$i":"pin-final-failed-text","$v":"SIM पत्रं विपाशितं कर्तुं भवान्/भवती PUK कूटं निवेशयितुम् इच्छति?"},{"$i":"sim-locked","$v":"सिम पिधानम्"},{"$i":"new-pin-confirm-error","$v":"नूतनं सिम पिनस्य पुष्टीकरणम् असफलम्।"},{"$i":"puk-unlock-error","$v":["PUK अनलॉक विफलम्, भवान् ",{"t":"idOrVar","v":"n"}," परित्यज्य प्रयासं कृतवान्।"]}]