[{"$i":"wifi","$v":"ᱱᱮᱴᱣᱟᱨᱠ ᱵᱟᱪᱷᱟᱣ ᱢᱮ"},{"$i":"ssid","$v":"SSID"},{"$i":"no-wifi-found","$v":"ᱵᱟᱱᱩᱜ-ᱟ ᱧᱟᱢᱚᱜ ᱠᱟᱱᱟ ᱱᱮᱴᱣᱟᱠ ᱠᱚ"},{"$i":"wifi-searching","$v":"ᱱᱮᱴᱣᱟᱨ ᱠᱚ ᱥᱮᱸᱫᱨᱟᱜ..."},{"$i":"security-open","$v":"ᱡᱷᱤᱡ"},{"$i":"shortStatus-connecting","$v":"ᱡᱩᱲᱟᱜ ᱠᱟᱱᱟ…"},{"$i":"shortStatus-associated","$v":"IP ᱴᱟᱸᱣ ᱧᱟᱢᱚᱜ ᱠᱟᱱᱟ…"},{"$i":"shortStatus-authenticating","$v":"ᱯᱚᱨᱢᱟᱱᱤᱛᱚᱜ ᱠᱟᱱᱟ…"},{"$i":"shortStatus-connected","$v":"ᱡᱩᱲᱟᱣ ᱱᱟ"},{"$i":"shortStatus-connectingfailed","$v":"ᱡᱩᱲᱟᱣ ᱫᱚ ᱰᱤᱜᱷᱮᱣ ᱟᱠᱟᱱᱟ"},{"$i":"shortStatus-disconnected","$v":"ᱚᱯᱷᱹᱟᱭᱤᱱ"},{"$i":"securityWEP","$v":"WEP"},{"$i":"securityWPA-PSK","$v":"WPA-PSK"},{"$i":"securityWPA-EAP","$v":"WPA-EAP"},{"$i":"securityWPA2-PSK","$v":"WPA2-PSK"},{"$i":"securityWPA/WPA2-PSK","$v":"WPA/WPA2-PSK"},{"$i":"securedBy","$v":[{"t":"idOrVar","v":"capabilities"}]},{"$i":"wifi-rescan","$v":"ᱫᱚᱦᱚᱲᱟ ᱮᱠᱮᱱ"},{"$i":"wifi-join-fail","$v":[{"t":"idOrVar","v":"n"}," ᱵᱟᱝ ᱮᱢ ᱜᱟᱵᱟᱞ ᱫᱟᱲᱤᱭᱟᱜ-ᱟ."]},{"$i":"wifi-connect-fail","$v":[{"t":"idOrVar","v":"n"},"ᱞᱟᱜᱤᱫ ᱯᱟᱥᱣᱟᱨᱰ ᱵᱷᱩᱞᱟᱜ ᱜᱮᱭᱟ."]},{"$i":"wifi-ip-set-fail","$v":"IP ᱥᱮᱴᱤᱸᱜ ᱰᱤᱜᱷᱮᱣ ᱟᱠᱟᱱᱟ."},{"$i":"wifi-pw-length-error","$v":"ᱯᱟᱥᱣᱟᱨᱰ ᱨᱮᱭᱟᱜ ᱡᱤᱞᱤᱸᱧ ᱫᱚ ᱵᱟᱲᱛᱤ ᱠᱷᱚᱱ ᱵᱟᱲᱛᱤ ᱫᱚ 8 ᱟᱠᱷᱚᱨ ᱠᱚ ᱠᱟᱱᱟ."},{"$i":"password","$v":"ᱯᱟᱥᱣᱟᱨᱰ"},{"$i":"showPassword","$v":"ᱯᱟᱥᱣᱟᱨᱰ ᱥᱚᱫᱚᱨ"},{"$i":"connect","$v":"ᱡᱩᱲᱟᱣ"},{"$i":"select","$v":"ᱵᱟᱪᱷᱟᱣ"},{"$i":"skip","$v":"ᱵᱟᱜᱤ"},{"$i":"next","$v":"ᱫᱟᱨᱟᱭᱟᱜ"},{"$i":"accept","$v":"ᱦᱟᱛᱟᱣ"},{"$i":"cancel","$v":"ᱢᱩᱪᱮᱫ"},{"$i":"ok","$v":"ᱴᱤᱠ"},{"$i":"hfa","$v":"HFA"},{"$i":"setup-account","$v":"KaiOS ᱠᱷᱟᱛᱟ ᱵᱮᱭᱥᱮᱣ ᱢᱮ"},{"$i":"create-account-li","$v":"ᱠᱷᱟᱛᱟ ᱵᱤᱱᱟᱣ"},{"$i":"login-account-li","$v":"ᱥᱟᱭᱤᱱ ᱤᱱ"},{"$i":"account-setup-message","$v":"KaiOS ᱠᱷᱟᱛᱟ ᱥᱚᱛᱮᱜ ᱡᱚᱜᱟᱣ ᱫᱚᱦᱚᱭ ᱢᱮ ᱟᱢᱟᱜ ᱠᱷᱚᱵᱚᱨ ᱡᱩᱫᱤ ᱟᱢ ᱡᱮ ᱠᱚᱱᱚᱜ ᱚᱠᱛᱮ ᱨᱮ ᱯᱷᱹᱚᱱ ᱟᱫ ᱞᱮᱱ ᱨᱮ ᱟᱢᱟᱜ KaiOS ᱠᱷᱟᱛᱟ ᱫᱚ ᱟᱢᱟᱜ ᱯᱷᱹᱚᱱ ᱨᱮ ᱡᱚᱛᱚ ᱰᱮᱴᱟ ᱥᱟᱢᱲᱟᱣ ᱞᱟᱜᱤᱫ ᱠᱩᱞᱩᱯ ᱟᱨᱵᱟᱢ ᱠᱷᱟᱱ ᱡᱚᱫ ᱩᱪᱩᱣᱟᱢᱟᱭ ᱡᱚᱛᱚ ᱰᱮᱴᱟ ᱟᱢᱟᱜ. ᱯᱷᱹᱚᱱ ᱨᱮ. ᱟᱢ ᱫᱚ ᱥᱮᱴᱤᱸᱜ ᱨᱮ ᱟᱢᱟᱜ KaiOS ᱠᱷᱟᱛᱟ ᱵᱚᱫᱚᱞ ᱞᱟᱜᱤᱫ ᱵᱮᱥᱮᱣ ᱫᱟᱲᱤᱭᱜ-ᱟ ᱟᱢ."},{"$i":"sign-in-success","$v":"ᱥᱟᱭᱤᱱ ᱤᱱ ᱥᱮᱛᱱᱟ"},{"$i":"account-welcome","$v":"ᱟᱛᱟᱝ ᱫᱟᱨᱟᱢ"},{"$i":"logged-in-message","$v":[{"t":"idOrVar","v":"email"}]},{"$i":"anti-theft","$v":"ᱠᱩᱢᱲᱩ ᱵᱟᱱᱪᱟᱣ"},{"$i":"anti-theft-info","$v":"ᱟᱞᱮ ᱞᱮ ᱟᱥᱟᱭᱟ ᱟᱢ ᱫᱚ ᱵᱟᱝ ᱮᱢ ᱟᱫᱟ ᱟᱢᱟᱜ ᱯᱷᱹᱚᱱ, ᱢᱮᱱᱠᱷᱟᱱ ᱡᱩᱫᱤᱢ ᱟᱫ ᱠᱮᱫᱟ, ᱟᱢ ᱫᱚᱢ ᱵᱟᱸᱪᱟᱣ ᱫᱟᱲᱤᱭᱟᱜ-ᱟ ᱟᱢᱟᱜ ᱰᱮᱴᱟ ᱟᱞᱮᱭᱟᱜ ᱥᱟᱜᱤᱸᱜ ᱠᱩᱞᱩ ᱥᱚᱛᱮᱜ ᱟᱨ ᱯᱚᱸᱪᱷ ᱜᱩᱱ. ᱡᱚᱠᱷᱚᱱ ᱟᱢ ᱥᱟᱯᱲᱟᱣ ᱮᱢ ᱛᱟᱦᱮᱱᱟ, ᱵᱚᱦᱚᱜ ᱥᱮᱴᱤᱸᱜ ᱞᱟᱜᱤᱫ ᱵᱮᱭᱥᱮᱣ ᱢᱮ ᱟᱢᱟᱜ KaiOS ᱠᱷᱟᱛᱟ."},{"$i":"select-language","$v":"ᱯᱟᱨᱥᱤ ᱵᱟᱪᱷᱟᱣ ᱢᱮ"},{"$i":"language-current","$v":"ᱦᱟᱞᱤ"},{"$i":"language-readout-on","$v":"ᱯᱟᱲᱦᱟᱣ ᱪᱟᱵᱟ ᱪᱟᱞᱩ"},{"$i":"language-readout-off","$v":"ᱯᱟᱲᱦᱟᱣ ᱪᱟᱵᱟ ᱵᱚᱱᱫᱚ"},{"$i":"decline-info","$v":"ᱱᱚᱣᱟ ᱭᱚᱱᱛᱨᱚ ᱵᱮᱵᱷᱟᱨ ᱞᱟᱜᱤᱫ ᱫᱚ ᱞᱟᱜᱛᱤᱭᱟ ᱥᱚᱨᱚᱛ ᱟᱨ ᱱᱤᱛᱤ ᱠᱚ ᱨᱮ ᱢᱟᱱᱟᱣ ᱞᱟᱜᱤᱫ."},{"$i":"kaios-license","$v":"KaiOS ᱞᱟᱭᱥᱮᱸᱥ ᱱᱤᱛᱤ"},{"$i":"decline","$v":"ᱢᱟᱞᱩᱛ"},{"$i":"lyf-license","$v":"LYF ᱞᱟᱭᱥᱮᱸᱥ ᱥᱚᱨᱛ"},{"$i":"pin-error","$v":"ᱵᱷᱤᱞ PIN."},{"$i":"pin-retry","$v":["ᱟᱢ ᱴᱮᱱ ᱫᱚ ",{"t":"idOrVar","v":"n"}," ᱞᱮᱜᱟ ᱵᱟᱱᱪᱟᱣ ᱢᱮᱟᱜ-ᱟ ᱥᱩᱦᱤ PIN ᱟᱫᱮᱨ ᱞᱟᱜᱤᱫ SIM ᱠᱟᱨᱰ ᱠᱩᱞᱩᱯᱚᱜ ᱞᱟᱦᱟ ᱨᱮ."]},{"$i":"pin-label","$v":"SIM PIN"},{"$i":"enter-pin","$v":"ᱟᱫᱮᱨ ᱢᱮ SIM PIN"},{"$i":"done","$v":"ᱦᱚᱭᱱᱟ"},{"$i":"enter-puk","$v":"PUK ᱟᱫᱮᱨ"},{"$i":"puk-label","$v":"PUK"},{"$i":"puk-label-left","$v":["PUK (",{"t":"idOrVar","v":"n"}," ᱚᱠᱛᱮ ᱵᱟᱱᱪᱟᱣ ᱟᱠᱟᱱᱟ)"]},{"$i":"new-pin-label","$v":"ᱱᱟᱣᱟ SIM PIN (4-8 ᱰᱤᱜᱤᱴ ᱠᱚ)"},{"$i":"confirm-new-pin-label","$v":"ᱱᱟᱣᱟ SIM PIN ᱜᱚᱴᱟ"},{"$i":"pincode-length-error","$v":"SIM PIN ᱞᱟᱜᱤᱫ ᱫᱚ 4-8 ᱰᱤᱜᱤᱴ ᱠᱚ ᱞᱟᱜᱤᱛᱤᱭᱟ."},{"$i":"pin-final-locked","$v":"SIM ᱠᱟᱨᱰ ᱫᱚ ᱠᱩᱞᱩᱯ ᱠᱮᱜᱭᱟ."},{"$i":"pin-final-failed-text","$v":"ᱪᱤᱫ ᱟᱢ ᱟᱫᱮᱨ ᱥᱟᱱᱟᱭᱮᱜ ᱢᱮᱭᱟ PUK ᱠᱳᱰ SIM ᱠᱟᱨᱰ ᱠᱩᱞᱩᱯ ᱡᱷᱤᱡ ᱞᱟᱜᱤᱫ?"},{"$i":"sim-locked","$v":"SIM ᱠᱩᱞᱩ ᱟᱠᱟᱱᱟ"},{"$i":"new-pin-confirm-error","$v":"ᱱᱟᱣᱟ SIM PIN ᱜᱚᱴᱟᱭ ᱫᱚ ᱰᱤᱜᱷᱮᱣ ᱟᱠᱟᱱᱟ."},{"$i":"puk-unlock-error","$v":["PUK ᱠᱩᱞᱩᱯ ᱡᱷᱤᱡ ᱫᱚ ᱰᱤᱜᱷᱮᱣ ᱟᱠᱟᱱᱟ, ᱟᱢ ᱴᱮᱱ ᱫᱚ ",{"t":"idOrVar","v":"n"}," ᱞᱮᱜᱟ ᱵᱟᱱᱪᱟᱣ ᱟᱠᱟᱱᱟ."]}]