[{"$i":"wifi","$v":"हिक नेट वर्क चूंडियो"},{"$i":"ssid","$v":"SSID"},{"$i":"no-wifi-found","$v":"के बि नेट वर्क मौजूदु नाहिनि"},{"$i":"wifi-searching","$v":"नेट वर्क ॻोला किरी प्यो..."},{"$i":"security-open","$v":"खोल्यो"},{"$i":"shortStatus-connecting","$v":"कनेक्ट किरी प्यो..."},{"$i":"shortStatus-associated","$v":"हिकुIP पतो हासिलु किरी प्यो..."},{"$i":"shortStatus-authenticating","$v":"तसिदीक़ किरी प्यो..."},{"$i":"shortStatus-connected","$v":"Connected"},{"$i":"shortStatus-connectingfailed","$v":"कनेकशन नाकामु थियो"},{"$i":"shortStatus-disconnected","$v":"ऑफ़ लाइअन"},{"$i":"securityWEP","$v":"WEP"},{"$i":"securityWPA-PSK","$v":"WPA-PSK"},{"$i":"securityWPA-EAP","$v":"WPA-EAP"},{"$i":"securityWPA2-PSK","$v":"WPA2-PSK"},{"$i":"securityWPA/WPA2-PSK","$v":"WPA/WPA2-PSK"},{"$i":"securedBy","$v":[{"t":"idOrVar","v":"capabilities"}]},{"$i":"wifi-rescan","$v":"ॿीहर इसकें कर्यो"},{"$i":"wifi-join-fail","$v":["नेट वर्क ",{"t":"idOrVar","v":"n"}," में शामिलु थियणु जे क़ाबिलु नाहे ."]},{"$i":"wifi-connect-fail","$v":[{"t":"idOrVar","v":"n"}," लाइ ग़लति पास वर्ड ."]},{"$i":"wifi-ip-set-fail","$v":"IP सीटनगूं नाकामु थ्यूं."},{"$i":"wifi-pw-length-error","$v":"पिसु वर्ड जे डेगहह8 कअरीकटरन खां मथे हुजण घुरिजे ."},{"$i":"password","$v":"पासवर्ड"},{"$i":"showPassword","$v":"पास वर्ड ॾिसो"},{"$i":"connect","$v":"गंढयो"},{"$i":"select","$v":"चूंडियो"},{"$i":"skip","$v":"छॾियो"},{"$i":"next","$v":"ॿियो"},{"$i":"accept","$v":"मञण"},{"$i":"cancel","$v":"मंसूख़ कर्यो"},{"$i":"ok","$v":"ठीक"},{"$i":"hfa","$v":"HFA"},{"$i":"setup-account","$v":"KaiOS अकाऊंट सीट अप कर्यो"},{"$i":"create-account-li","$v":"अकाऊंट ठाहियो"},{"$i":"login-account-li","$v":"साइन उन कर्यो"},{"$i":"account-setup-message","$v":"हिकु KaiOS अकाऊंट सां पंहिंजे मालूमात महफूज़ु रुखो .  जेकॾहिं तवहां कॾहिं पंहिंजो फ़ोनु विञायो था त KaiOS अकाऊंट बईद तरीक़े सां तवहां ते डेटा खे लॉक करणु ीअ सॼी डेटा साफ़ु करणु जी इजाज़त ॾिए थो  . तवहां पोइ सेटिंग में पिणु पहुजो KaiOS अकाऊंट सीट अप करे सगहो था ."},{"$i":"sign-in-success","$v":"साइन उन कामयाबु"},{"$i":"account-welcome","$v":"भलीकार"},{"$i":"logged-in-message","$v":[{"t":"idOrVar","v":"email"}]},{"$i":"anti-theft","$v":"एंटी-थेफ्ट"},{"$i":"anti-theft-info","$v":"असां उमेद करियूं था त तवहां पंहिंजो फ़ोनु कॾहिं बि न विञायो, पर जेकॾहिं तवहां विञायो था, तवहां असां जी बईद लॉक ऐं वाइप फ़ीचरज़ सां पंहिंजे डेटा खे महफूज़ु करे सगहो था .  जॾहिं तवहां त्यारु आहियो, पंहिंजो KaiOS अकाऊंट सीट अप करणु लाइ सीटनगन ॾांहुं वञो ."},{"$i":"select-language","$v":"ॿोली चूंडियो"},{"$i":"language-current","$v":"मोजूदह"},{"$i":"language-readout-on","$v":"रेड आऊट आन"},{"$i":"language-readout-off","$v":"रेड आऊट ऑफ़"},{"$i":"decline-info","$v":"हुन डिवाइस इस्तेमाल करणु लाइ शर्तनि ऐं ज़ाब्तनि जे मनज़ॿीहर जी ज़रूरत आहे ."},{"$i":"kaios-license","$v":"KaiOS लाइसंस शर्तूं"},{"$i":"decline","$v":"नह क़बूलण"},{"$i":"lyf-license","$v":"LYF लाइसंस शर्तूं"},{"$i":"pin-error","$v":"ग़लति PIN."},{"$i":"pin-retry","$v":["चीम कार्डु लॉक थिए उन खां पहिरियां तवहां वटि सहीह पीन दाख़िलु करणु लाइ ",{"t":"idOrVar","v":"n"}," कोशिश बाक़ी आहे ."]},{"$i":"pin-label","$v":"SIM PIN"},{"$i":"enter-pin","$v":"SIM PIN विझो"},{"$i":"done","$v":"पुरो थियो"},{"$i":"enter-puk","$v":"PUK विझो"},{"$i":"puk-label","$v":"PUK"},{"$i":"puk-label-left","$v":["PUK(",{"t":"idOrVar","v":"n"}," दफ़ा बाक़ी"]},{"$i":"new-pin-label","$v":"नओं SIM PIN (4-8 डिजिट)"},{"$i":"confirm-new-pin-label","$v":"नओं SIM PIN तसिदीक़ कर्यो"},{"$i":"pincode-length-error","$v":"चीम पीन  खे 4-8 डिजिट हुजण घुरिजुनि ."},{"$i":"pin-final-locked","$v":"SIM कार्ड लॉक थियल आ."},{"$i":"pin-final-failed-text","$v":"छा तवहां SIM कार्डु अनलॉक करणु जे लाइ PUK कोड दाख़िलु करणु चाहियो था?"},{"$i":"sim-locked","$v":"SIM लॉक थी"},{"$i":"new-pin-confirm-error","$v":"नओं चीम पीन  तसिदीक़ नाकामु थी ."},{"$i":"puk-unlock-error","$v":["PUK अनलॉक नाकामु थियो, तवहां वटि ",{"t":"idOrVar","v":"n"}," कोशिश बाक़ी आहे ."]}]