[{"$i":"wifi","$v":"ஒரு நெட்வொர்க்கைத் தேர்ந்தெடு"},{"$i":"ssid","$v":"SSID"},{"$i":"no-wifi-found","$v":"கிடைக்கும் நெட்வொர்க்குகள் இல்லை"},{"$i":"wifi-searching","$v":"நெட்வொர்க்குகளைத் தேடுகிறது…"},{"$i":"security-open","$v":"திற"},{"$i":"shortStatus-connecting","$v":"கனெக்ட் செய்கிறது..."},{"$i":"shortStatus-associated","$v":"IP அட்ரஸ்-ஐ பெறுகிறது…"},{"$i":"shortStatus-authenticating","$v":"அங்கீகரிக்கிறது..."},{"$i":"shortStatus-connected","$v":"கனெக்ட்டெட்"},{"$i":"shortStatus-connectingfailed","$v":"கனெக்ஷன் தோல்வியுற்றது"},{"$i":"shortStatus-disconnected","$v":"ஆஃப்லைன்"},{"$i":"securityWEP","$v":"WEP"},{"$i":"securityWPA-PSK","$v":"WPA-PSK"},{"$i":"securityWPA-EAP","$v":"WPA-EAP"},{"$i":"securityWPA2-PSK","$v":"WPA2-PSK"},{"$i":"securityWPA/WPA2-PSK","$v":"WPA/WPA2-PSK"},{"$i":"securedBy","$v":[{"t":"idOrVar","v":"capabilities"}]},{"$i":"wifi-rescan","$v":"மீண்டும் ஸ்கேன் செய்க"},{"$i":"wifi-join-fail","$v":["நெட்வொர்க் ",{"t":"idOrVar","v":"n"}," உடன் இணைய இயலவில்லை."]},{"$i":"wifi-connect-fail","$v":[{"t":"idOrVar","v":"n"},"-க்கான பாஸ்வெர்ட் தவறானது."]},{"$i":"wifi-ip-set-fail","$v":"IP செட்டிங்ஸ் தோல்வியிந்தது."},{"$i":"wifi-pw-length-error","$v":"பாஸ்வெர்ட் நீளம் 8 எழுத்துக்களுக்கும் மேல் இருக்க வேண்டும்"},{"$i":"password","$v":"பாஸ்வெர்ட்"},{"$i":"showPassword","$v":"பாஸ்வெர்ட்-ஐ காட்டவும்"},{"$i":"connect","$v":"கனெக்ட்"},{"$i":"select","$v":"தேர்ந்தெடுக்கவும்"},{"$i":"skip","$v":"தவிர்"},{"$i":"next","$v":"அடுத்த"},{"$i":"accept","$v":"ஏற்கிறேன்"},{"$i":"cancel","$v":"ரத்து செய்க"},{"$i":"ok","$v":"சரி"},{"$i":"hfa","$v":"HFA"},{"$i":"setup-account","$v":"KaiOS அக்கவுண்ட்-ஐ அமை"},{"$i":"create-account-li","$v":"அக்கவுண்ட்-ஐ உருவாக்கு"},{"$i":"login-account-li","$v":"சைன் இன்"},{"$i":"account-setup-message","$v":"KaiOS அக்கவுண்ட்-வுடன் உங்கள் தகவல்களைப் பாதுகாப்பாக வைக்கலாம். நீங்கள் எப்போதாவது உங்கள் ஃபோனைத் தொலைத்துவிட்டால் KaiOS அக்கவுண்ட், உங்கள் ஃபோனை ரிமோட்டில் லாக் செய்யலாம் அல்லது எல்லா டேட்டாவைவ அழிக்கவும் அனுமதிக்கிறது. பின்னர் செட்டிங்ஸ் மூலமும் உங்கள் KaiOS அக்கவுண்ட்-ஐ அமைக்கலாம்."},{"$i":"sign-in-success","$v":"சைன் இன் வெற்றி"},{"$i":"account-welcome","$v":"நல்வரவு"},{"$i":"logged-in-message","$v":[{"t":"idOrVar","v":"email"}]},{"$i":"anti-theft","$v":"ஆன்டி-தெஃப்ட்"},{"$i":"anti-theft-info","$v":"நீங்கள் உங்கள் ஃபோனை தொலைத்ததில்லை என்று நாங்கள் நம்புகிறோம் ஆனால், அப்படி இருந்தால், உங்கள் டேட்டாவை எங்களின் ரிமோட் லாக் மற்றும் ஸ்வைப் அம்சங்கள் கொண்டு நீங்கள் பாதுகாக்கலாம். நீங்கள் தயாராக இருக்கும் போது செட்டிங்ஸ்-க்கு சென்று KaiOS அக்கவுண்ட்-ஐ அமைக்கவும்."},{"$i":"select-language","$v":"மொழியைத் தேர்ந்தெடு"},{"$i":"language-current","$v":"தற்போதைய"},{"$i":"language-readout-on","$v":"ரீட்அவுட் ஆன்"},{"$i":"language-readout-off","$v":"ரீட்அவுட் ஆஃப்"},{"$i":"decline-info","$v":"இந்தச் சாதனத்தைப் பயன்படுத்த விதிமுறைகளையும் நிபந்தனைகளையும் ஏற்க வேண்டும்."},{"$i":"kaios-license","$v":"KaiOS லைசென்ஸ் விதிமுறைகள்"},{"$i":"decline","$v":"நிராகரி"},{"$i":"lyf-license","$v":"LYF லைசென்ஸ் விதிமுறைகள்"},{"$i":"pin-error","$v":"தவறான பின்."},{"$i":"pin-retry","$v":["சிம் கார்டு லாக் ஆகுவதற்கு முன்பாக சரியான பின்னை உள்ளிட உங்களுக்கு ",{"t":"idOrVar","v":"n"}," மீதமுள்ளது."]},{"$i":"pin-label","$v":"சிம் பின்"},{"$i":"enter-pin","$v":"சிம் பின்னை உள்ளிடுக"},{"$i":"done","$v":"முடிந்தது"},{"$i":"enter-puk","$v":"PUK உள்ளிடுக"},{"$i":"puk-label","$v":"PUK"},{"$i":"puk-label-left","$v":["PUK(",{"t":"idOrVar","v":"n"}," முயற்சிகள் மீதமுள்ளது)"]},{"$i":"new-pin-label","$v":"புதிய சிம் பின் (4-8 இலக்கங்கள்)"},{"$i":"confirm-new-pin-label","$v":"புதிய சிம் பின்னை உறுதிசெய்க"},{"$i":"pincode-length-error","$v":"சிம் பின்னுக்கு 4இலிருந்து-8 இலக்குகள் இருக்க வேண்டும்."},{"$i":"pin-final-locked","$v":"சிம் கார்டு லாக் செய்யப்பட்டுள்ளது."},{"$i":"pin-final-failed-text","$v":"சிம் கார்டு-ஐ அன்லாக் செய்ய நீங்கள் PUK கோட்-ஐ உள்ளிட விரும்புகிறீர்களா?"},{"$i":"sim-locked","$v":"சிம் லாக் செய்யப்பட்டது"},{"$i":"new-pin-confirm-error","$v":"புதிய சிம் பின்னை உறுதிப்படுத்த முடியவில்லை."},{"$i":"puk-unlock-error","$v":["PUK-ஐ அன்லாக் தோல்வியடைந்தது, ",{"t":"idOrVar","v":"n"}," முயற்சி மீதமுள்ளது."]}]