[{"$i":"wifi","$v":"ఒక నెట్‌వర్క్‌ని ఎంచుకోండి"},{"$i":"ssid","$v":"SSID"},{"$i":"no-wifi-found","$v":"నెట్‌వర్క్‌లు ఏవీ లభ్యం కాలేదు"},{"$i":"wifi-searching","$v":"నెట్‌వర్క్‌లు శోధిస్తోంది..."},{"$i":"security-open","$v":"తెరువు"},{"$i":"shortStatus-connecting","$v":"కనెక్ట్ చేస్తోంది..."},{"$i":"shortStatus-associated","$v":"IP అడ్రస్ పొందుతోంది…"},{"$i":"shortStatus-authenticating","$v":"ప్రమాణీకరిస్తోంది…"},{"$i":"shortStatus-connected","$v":"కనెక్ట్ అయ్యింది"},{"$i":"shortStatus-connectingfailed","$v":"కనెక్షన్ విఫలమైంది"},{"$i":"shortStatus-disconnected","$v":"ఆఫ్‌లైన్"},{"$i":"securityWEP","$v":"WEP"},{"$i":"securityWPA-PSK","$v":"WPA-PSK"},{"$i":"securityWPA-EAP","$v":"WPA-EAP"},{"$i":"securityWPA2-PSK","$v":"WPA2-PSK"},{"$i":"securityWPA/WPA2-PSK","$v":"WPA/WPA2-PSK"},{"$i":"securedBy","$v":[{"t":"idOrVar","v":"capabilities"}]},{"$i":"wifi-rescan","$v":"మళ్లీ స్కాన్ చేయి"},{"$i":"wifi-join-fail","$v":["నెట్‌వర్క్ ",{"t":"idOrVar","v":"n"},"ను జతపరచలేకపోయింది."]},{"$i":"wifi-connect-fail","$v":[{"t":"idOrVar","v":"n"}," కొరకు పాస్‌వర్డ్ తప్పు."]},{"$i":"wifi-ip-set-fail","$v":"IP సెట్టింగ్స్ విఫలమయ్యాయి."},{"$i":"wifi-pw-length-error","$v":"పాస్‌వర్డ్ తప్పనిసరిగా 8 కంటే ఎక్కువ అక్షరాల పొడవు ఉండాలి."},{"$i":"password","$v":"పాస్‌వర్డ్"},{"$i":"showPassword","$v":"పాస్‌వర్డ్‌ను చూపు"},{"$i":"connect","$v":"కనెక్ట్ చేయి"},{"$i":"select","$v":"ఎంచుకోండి"},{"$i":"skip","$v":"స్కిప్"},{"$i":"next","$v":"తదుపరి"},{"$i":"accept","$v":"అంగీకరించు"},{"$i":"cancel","$v":"రద్దు చేయి"},{"$i":"ok","$v":"సరే"},{"$i":"hfa","$v":"HFA"},{"$i":"setup-account","$v":"KaiOS అకౌంట్‌ను సెటప్ చేయి"},{"$i":"create-account-li","$v":"అకౌంట్‌ను సృష్టించు"},{"$i":"login-account-li","$v":"సైన్ ఇన్ చేయి"},{"$i":"account-setup-message","$v":"KaiOS అకౌంట్‌తో మీ సమాచారాన్ని సురక్షితంగా ఉంచుకోండి. మీరు మీ ఫోన్‌ను ఎప్పుడైనా పోగొట్టుకుంటే మీ KaiOS అకౌంట్ మీ ఫోన్‌ను రిమోట్లీ లాక్ చేయడానికి లేదా దానిలోని మొత్తం డేటాను తొలగించుటకు మిమ్మల్ని అనుమతిస్తుంది. మీరు సెట్టింగ్స్‌లో తర్వాత కూడా మీ KaiOS అకౌంట్‌ను సెటప్ చేయవచ్చు."},{"$i":"sign-in-success","$v":"సైన్ ఇన్ విజయవంతంగా అయ్యింది"},{"$i":"account-welcome","$v":"స్వాగతం"},{"$i":"logged-in-message","$v":[{"t":"idOrVar","v":"email"}]},{"$i":"anti-theft","$v":"యాంటీ-థెఫ్ట్"},{"$i":"anti-theft-info","$v":"మీరు మీ ఫోన్‌ను ఎప్పుడూ కోల్పోరని ఆశిస్తున్నాము, కానీ ఒకవేళ కోల్పోయినా, మా రిమోట్ లాక్ మరియు వైప్ ఫీచర్లతో మీరు మీ డేటాను రక్షించవచ్చు. మీరు సిద్ధంగా ఉన్నప్పుడు, మీరు మీ KaiOS అకౌంట్ సెటప్ చేయడానికి సెట్టింగ్స్‌లకు వెళ్లండి."},{"$i":"select-language","$v":"భాషను ఎంచుకోండి"},{"$i":"language-current","$v":"ప్రస్తుత"},{"$i":"language-readout-on","$v":"రీడ్‌అవుట్ ఆన్‌లో ఉంది"},{"$i":"language-readout-off","$v":"రీడ్‌అవుట్ ఆఫ్‌లో ఉంది"},{"$i":"decline-info","$v":"ఈ పరికరాన్ని ఉపయోగించడానికి నిబంధనలు మరియు షరతులను ఆమోదించాలి."},{"$i":"kaios-license","$v":"KaiOS లైసెన్స్ నిబంధనలు"},{"$i":"decline","$v":"తిరస్కరిస్తున్నాను"},{"$i":"lyf-license","$v":"LYF లైసెన్స్ నిబంధనలు"},{"$i":"pin-error","$v":"తప్పు పిన్."},{"$i":"pin-retry","$v":["సిమ్ కార్డ్‌ను లాక్ చేసే ముందు సరైన పిన్‌ను నమోదు చేయడానికి మీ వద్ద ",{"t":"idOrVar","v":"n"}," ప్రయత్నం మిగిలి ఉంది."]},{"$i":"pin-label","$v":"సిమ్ పిన్"},{"$i":"enter-pin","$v":"సిమ్ పిన్‌ను నమోదు చేయి"},{"$i":"done","$v":"పూర్తయింది"},{"$i":"enter-puk","$v":"PUK నమోదు చేయి"},{"$i":"puk-label","$v":"PUK"},{"$i":"puk-label-left","$v":["PUK (",{"t":"idOrVar","v":"n"}," సార్లు మిగిలి ఉన్నాయి)"]},{"$i":"new-pin-label","$v":"కొత్త సిమ్ పిన్ (4-8 అంకెలు)"},{"$i":"confirm-new-pin-label","$v":"కొత్త సిమ్ పిన్‌ను నిర్ధారించండి"},{"$i":"pincode-length-error","$v":"సిమ్ పిన్ కనీసం 4-8 అంకెలు ఉండాలి."},{"$i":"pin-final-locked","$v":"సిమ్ కార్డు లాక్ అయ్యింది."},{"$i":"pin-final-failed-text","$v":"మీరు సిమ్ కార్డ్‌ను అన్‌లాక్ చేయడానికి PUK కోడ్‌ని నమోదు చేయాలనుకుంటున్నారా?"},{"$i":"sim-locked","$v":"సిమ్ లాక్ చేయబడింది"},{"$i":"new-pin-confirm-error","$v":"కొత్త సిమ్ పిన్ నిర్ధారణ విఫలమైంది."},{"$i":"puk-unlock-error","$v":["PUK అన్‌లాక్ విఫలమైంది, మీకు ",{"t":"idOrVar","v":"n"}," ప్రయత్నం మిగిలి ఉంది."]}]