[{"$i":"wifi","$v":"मेनसे नेटवर्क सायख'"},{"$i":"ssid","$v":"SSID"},{"$i":"no-wifi-found","$v":"थोजासे जेखन गैया"},{"$i":"wifi-searching","$v":"नेटवार्कफोर नागिरगासिनो..."},{"$i":"security-open","$v":"खुलि"},{"$i":"shortStatus-connecting","$v":"फोनांजाबबाय थादों..."},{"$i":"shortStatus-associated","$v":"मोनसे IP बिथंनि मुलामफा"},{"$i":"shortStatus-authenticating","$v":"फोरमान खालामबैय थादों"},{"$i":"shortStatus-connected","$v":"फोनांजाबजाबाय"},{"$i":"shortStatus-connectingfailed","$v":"फोनांजाबनाया फेलें जाबाय"},{"$i":"shortStatus-disconnected","$v":"बेखेवाखै"},{"$i":"securityWEP","$v":"WEP"},{"$i":"securityWPA-PSK","$v":"WPA-PSK"},{"$i":"securityWPA-EAP","$v":"WPA-EAP"},{"$i":"securityWPA2-PSK","$v":"WPA2-PSK"},{"$i":"securityWPA/WPA2-PSK","$v":"WPA/WPA2-PSK"},{"$i":"securedBy","$v":[{"t":"idOrVar","v":"capabilities"}]},{"$i":"wifi-rescan","$v":"स्केन खालामफिन"},{"$i":"wifi-join-fail","$v":["नेटवार्कजों लोगो नांहोनो हायाखै ",{"t":"idOrVar","v":"n"}," ."]},{"$i":"wifi-connect-fail","$v":[{"t":"idOrVar","v":"n"}," नि थाखाय गोरोन्थि पासवर्ड।"]},{"$i":"wifi-ip-set-fail","$v":"IP सेटिंग्सआ फेलें जाबाय।"},{"$i":"wifi-pw-length-error","$v":"खेंस्ला इसारानि लावथाया 8 अनजिमानि बांसिन जाथारनांगौ।"},{"$i":"password","$v":"फासवार्ड"},{"$i":"showPassword","$v":"पासवर्डखौ दिन्थि"},{"$i":"connect","$v":"कानेक्ट"},{"$i":"select","$v":"सायख'"},{"$i":"skip","$v":"खोमा/खोमोर"},{"$i":"next","$v":"नेक्स खालाम"},{"$i":"accept","$v":"नाजाव"},{"$i":"cancel","$v":"दान"},{"$i":"ok","$v":"जागोन"},{"$i":"hfa","$v":"HFA"},{"$i":"setup-account","$v":"KaiOS एकाउन्टखौ सेट खालाम"},{"$i":"create-account-li","$v":"एकाउन्ट खुलि"},{"$i":"login-account-li","$v":"साइन खालाम"},{"$i":"account-setup-message","$v":"मोनसे KaiOS सानरिखिजों नों खौरांखौ खैफोद गैयाजासे लाखि जुदि नोंथाङा नोंथांनि फनखौ अरायनि थाखाय खोमाबाय नोंथांनि काइ अ एस सानरिखिया गोजाननिफ्राय लक एबा नोंथांनि फननि गासै खारिथिखौ खोमोरजोबनायाव नोंथांखौ खाबु होगोन। काइ. अ. एस. सानरिखि साजायनायनि उनाव नोंथाङाबो आगान बारायनो हागोन।"},{"$i":"sign-in-success","$v":"साइन इन खालामनाया जाफुंसारबाय"},{"$i":"account-welcome","$v":"बरायबाय"},{"$i":"logged-in-message","$v":[{"t":"idOrVar","v":"email"}]},{"$i":"anti-theft","$v":"एन्टि-थेफ्ट"},{"$i":"anti-theft-info","$v":"जों आसाफारियो नोंथाङा नोंथांनि फनखौ माब्लाबाबो खोमानाय नङा नाथाय नोंथाङा मावोब्ला जोंनि रिमड लकजों नोंथांनि डेताखौ रैखाथि होनो हागोन आरो आखुथाइफोरखौ खोमानो हागोन नोंथाङा थियारि जाबायब्ला, नोंथांनि KaiOS एकाउन्टखौ दानो थाखाय दावगालां।"},{"$i":"select-language","$v":"रावखौ सायख'"},{"$i":"language-current","$v":"आथिखाल"},{"$i":"language-readout-on","$v":"रिडआउट अन"},{"$i":"language-readout-off","$v":"रिडआउट अफ"},{"$i":"decline-info","$v":"बे डिभाइखौ बाहायनो थाखाय थिखानाय रादायफोरखौ गनायनायनांगोन।"},{"$i":"kaios-license","$v":"KaiOS फोरमायथि बिलाइ"},{"$i":"decline","$v":"खम जालांनाय"},{"$i":"lyf-license","$v":"LYF मोनथाइलाइनि समसिमा"},{"$i":"pin-error","$v":"PIN आ गोरोन्थि दं।"},{"$i":"pin-retry","$v":["सिम कार्डआ मारिथेनायनि सिगाङावनो नोंथाङा ",{"t":"idOrVar","v":"n"}," खेब थार पिन बुनो हाबावगोन।"]},{"$i":"pin-label","$v":"SIM PIN"},{"$i":"enter-pin","$v":"SIM PIN खौ हो"},{"$i":"done","$v":"मावफुंबाय"},{"$i":"enter-puk","$v":"PUK खौ हो"},{"$i":"puk-label","$v":"PUK"},{"$i":"puk-label-left","$v":["PUK (",{"t":"idOrVar","v":"n"},"समफोरा नागारबाय)"]},{"$i":"new-pin-label","$v":"गोदान सिम फांथे (4 निफ्राय 8 अनजिमा)"},{"$i":"confirm-new-pin-label","$v":"गोदान सिम पिनखौ थि खालाम"},{"$i":"pincode-length-error","$v":"सिम पिन आ 4-8 फारिअनजिमाफोर थानाय जाथारनांगौ।"},{"$i":"pin-final-locked","$v":"SIM कार्डआ लक जाबाय"},{"$i":"pin-final-failed-text","$v":"नोंथाङा SIM कार्डखौ खुलिनो थाखाय PUK कडखौ होनो नामा?"},{"$i":"sim-locked","$v":"SIM लक जाबाय"},{"$i":"new-pin-confirm-error","$v":"गोदान सिम पिन फांथेमिलाय जायाखै।"},{"$i":"puk-unlock-error","$v":["PUK खेवनाया जायासै, नोंहा ",{"t":"idOrVar","v":"n"}," नाजानायखौ नागारबाय।"]}]