[{"$i":"wifi","$v":"نیٹ ورک منتخب کریں"},{"$i":"ssid","$v":"SSID"},{"$i":"no-wifi-found","$v":"کوئی نیٹ ورک دستیاب نہیں"},{"$i":"wifi-searching","$v":"نیٹ ورکس تلاش کررہا ہے…"},{"$i":"security-open","$v":"کھولیں"},{"$i":"shortStatus-connecting","$v":"مربوط ہو رہا ہے…"},{"$i":"shortStatus-associated","$v":"آئی پی پتہ حاصل کررہا ہے…"},{"$i":"shortStatus-authenticating","$v":"توثیق کاری ہورہی ہے…"},{"$i":"shortStatus-connected","$v":"مربوط ہو گیا"},{"$i":"shortStatus-connectingfailed","$v":"کنیکشن ناکام ہوگیا"},{"$i":"shortStatus-disconnected","$v":"آف لائن"},{"$i":"securityWEP","$v":"WEP"},{"$i":"securityWPA-PSK","$v":"WPA-PSK"},{"$i":"securityWPA-EAP","$v":"WPA-EAP"},{"$i":"securityWPA2-PSK","$v":"WPA2-PSK"},{"$i":"securityWPA/WPA2-PSK","$v":"WPA/WPA2-PSK"},{"$i":"securedBy","$v":[{"t":"idOrVar","v":"capabilities"}]},{"$i":"wifi-rescan","$v":"دوبارہ اسکین"},{"$i":"wifi-join-fail","$v":["نیٹ ورک ",{"t":"idOrVar","v":"n"}," شامل کرنے سے قاصر۔"]},{"$i":"wifi-connect-fail","$v":[{"t":"idOrVar","v":"n"}," کیلئے غلط پاس ورڈ۔"]},{"$i":"wifi-ip-set-fail","$v":"IP سیٹنگز ناکام ہوگئی۔"},{"$i":"wifi-pw-length-error","$v":"پاس ورڈ کی لمبائی 8 حرف سے زائد ہونی چاہیے"},{"$i":"password","$v":"پاس ورڈ"},{"$i":"showPassword","$v":"پاس ورڈ دکھائیں"},{"$i":"connect","$v":"مربوط کریں"},{"$i":"select","$v":"منتخب کریں"},{"$i":"skip","$v":"نظر انداز کریں"},{"$i":"next","$v":"اگلا"},{"$i":"accept","$v":"قبول کریں"},{"$i":"cancel","$v":"منسوخ کریں"},{"$i":"ok","$v":"ٹھیک ہے"},{"$i":"hfa","$v":"HFA"},{"$i":"setup-account","$v":"KaiOS اکاؤنٹ سیٹ اپ کریں"},{"$i":"create-account-li","$v":"اکاؤنٹ بنائيں"},{"$i":"login-account-li","$v":"سائن ان کریں"},{"$i":"account-setup-message","$v":"KaiOS اکاؤنٹ کے ساتھ اپنی معلومات محفوظ رکھیں۔ اگر کبھی آپ اپنا فون کھو دیتے ہیں تو KaiOS اکاؤنٹ آپ کو اپنے فون کو ریموٹ کے ذریعے لاک کرنے یا اس کے تمام ڈیٹا کو صاف کرنے کا اہل بناتا ہے۔ آپ بعد میں سیٹنگز میں اپنا KaiOS اکاؤںٹ بناسکتے ہیں۔"},{"$i":"sign-in-success","$v":"سائن ان کامیاب"},{"$i":"account-welcome","$v":"خوش آمدید"},{"$i":"logged-in-message","$v":[{"t":"idOrVar","v":"email"}]},{"$i":"anti-theft","$v":"چوری کی روک تھام"},{"$i":"anti-theft-info","$v":"ہم امید کرتے ہیں کہ آپ کا فون کبھی گم نہ ہو، لیکن اگر ایسا ہوجاتا ہے، تو آپ ہمارے ریموٹ لاک اور وائپ خصوصیات کا استعمال کرکے اپنے ڈییا کا تحفظ کر سکتے ہیں۔ جب آپ تیار ہوجائیں، تو اپنا KaiOS اکاؤنٹ سیٹ اپ کرنے کیلئے سیٹنگز پر جائيں۔"},{"$i":"select-language","$v":"زبان منتخب کریں"},{"$i":"language-current","$v":"موجودہ"},{"$i":"language-readout-on","$v":"ریڈ آؤٹ آن"},{"$i":"language-readout-off","$v":"ریڈ آؤٹ آف"},{"$i":"decline-info","$v":"اس آلہ کو استعمال کرنے کیلئے شرائط و ضوابط کو قبول کرنا ضروری ہے"},{"$i":"kaios-license","$v":"KaiOS لائسنس کی شرائط"},{"$i":"decline","$v":"مسترد کریں"},{"$i":"lyf-license","$v":"LYF لائسنس کی شرائط"},{"$i":"pin-error","$v":"غلط PIN۔"},{"$i":"pin-retry","$v":["سم کارڈ کے لاک ہوجانے سے قبل آپ کے پاس درست پن درج کرنے کی ",{"t":"idOrVar","v":"n"}," کوشش باقی ہے۔"]},{"$i":"pin-label","$v":"سم پن"},{"$i":"enter-pin","$v":"‏سم پن درج کریں"},{"$i":"done","$v":"ہو گیا"},{"$i":"enter-puk","$v":"PUK درج کریں"},{"$i":"puk-label","$v":"PUK"},{"$i":"puk-label-left","$v":["PUK (",{"t":"idOrVar","v":"n"}," کوشش باقی)"]},{"$i":"new-pin-label","$v":"نئی سم پن (4 سے 8 عددی)"},{"$i":"confirm-new-pin-label","$v":"نیا سم پن سیٹ کریں"},{"$i":"pincode-length-error","$v":"نئی سم پن 4 سے 8 عددی ہونی چاہیے۔"},{"$i":"pin-final-locked","$v":"سم کارڈ مقفل ہے۔"},{"$i":"pin-final-failed-text","$v":"کیا آپ سم کارڈ ان لاک کرنے کیلئے PUK کوڈ درج کرنا جاہیں گے؟"},{"$i":"sim-locked","$v":"سم لاک ہوگیا"},{"$i":"new-pin-confirm-error","$v":"نئی سم پن کی تصدیق ناکام"},{"$i":"puk-unlock-error","$v":["PUK انلاک ناکام، آپ کے پاس ",{"t":"idOrVar","v":"n"}," کوشش باقی ہے۔"]}]