[{"$i":"title","$v":"কীবোৰ্ড"},{"$i":"settingsPageTitle","$v":"অন্তৰ্নিৰ্মিত কীব’ৰ্ড"},{"$i":"ok","$v":"ঠিক আছে"},{"$i":"keyboardSettings","$v":"কীব’ৰ্ড ছেটিংছ"},{"$i":"cancel","$v":"বাতিল কৰক"},{"$i":"delete","$v":"বিলোপ কৰক"},{"$i":"done","$v":"কৰা হল"},{"$i":"previous","$v":"আগৰ"},{"$i":"next","$v":"পৰৱৰ্তী"},{"$i":"select","$v":"বাছনি কৰক"},{"$i":"symbols","$v":{"zero":"প্ৰতীক 1/3","one":"প্ৰতীকসমূহ 2/3","two":"প্ৰতীকসমূহ 3/3"},"$x":[{"t":"idOrVar","v":"plural"},"n"]},{"$i":"symbols-lnd","$v":{"zero":"চিহ্ন 1/4","one":"চিহ্ন 2/4","two":"চিহ্ন 3/4","other":"চিহ্ন 4/4"},"$x":[{"t":"idOrVar","v":"plural"},"n"]},{"$i":"vibration","$v":"কম্পন"},{"$i":"clickSound","$v":"ধ্বনিত ক্লিক কৰক"},{"$i":"autoCorrect","$v":"স্বতঃ শুধৰণি"},{"$i":"wordSuggestion","$v":"শব্দৰ পৰামৰ্শ"},{"$i":"userDictionary","$v":"ইউজাৰ অভিধান"},{"$i":"handwritingKeyboard","$v":"হাতৰ আখৰ"},{"$i":"strokeWidth","$v":"ষ্ট্ৰ’কৰ প্ৰস্থ"},{"$i":"responseSpeed","$v":"সঁহাৰি গতি"},{"$i":"wordSuggestions2","ariaLabel":"শব্দৰ পৰামৰ্শাৱলী"},{"$i":"dismiss2","ariaLabel":"খাৰিজ কৰক"},{"$i":"alternateLayoutKey2","ariaLabel":"অধিক নম্বৰ আৰু প্ৰতীকসমূহ"},{"$i":"basicLayoutKey2","ariaLabel":"বৰ্ণসমূহ"},{"$i":"upperCaseKey2","ariaLabel":"চিফ্ট"},{"$i":"backSpaceKey2","ariaLabel":"বিলোপ কৰক"},{"$i":"spaceKey2","ariaLabel":"স্পেচ"},{"$i":"returnKey2","ariaLabel":"ঘূৰক"},{"$i":"periodKey2","ariaLabel":"অৱধি"},{"$i":"commaKey2","ariaLabel":"ক’মা"},{"$i":"colonKey2","ariaLabel":"কলন"},{"$i":"semicolonKey2","ariaLabel":"ছেমিকলন"},{"$i":"questionMarkKey2","ariaLabel":"প্ৰশ্নবোধক চিহ্ন"},{"$i":"exclamationPointKey2","ariaLabel":"এক্সক্লামেশ্বন পইণ্ট"},{"$i":"leftBracketKey2","ariaLabel":"বাঁও বন্ধনী"},{"$i":"rightBracketKey2","ariaLabel":"সোঁ বন্ধনী"},{"$i":"doubleQuoteKey2","ariaLabel":"দ্বৈত উদ্ধৃতি"},{"$i":"leftDoubleAngleQuoteKey2","ariaLabel":"বাঁও দ্বৈত কোণৰ উদ্ধৃতি"},{"$i":"rightDoubleAngleQuoteKey2","ariaLabel":"সোঁ দ্বৈত কোণৰ উদ্ধৃতি"},{"$i":"userDictionaryNoWord","$v":"ইউজাৰ অভিধানত কোনো শব্দ নাই ৷"},{"$i":"userDictionaryAddNow","$v":"এতিয়া এটা শব্দ যোগ কৰক।"},{"$i":"userDictionaryAddButton","ariaLabel":"শব্দ যোগ কৰক"},{"$i":"userDictionaryAdd","$v":"শব্দ যোগ কৰক"},{"$i":"userDictionaryEdit","$v":"শব্দ সম্পাদনা কৰক"},{"$i":"userDictionarySaveButton","$v":"ছেভ কৰক"},{"$i":"userDictionaryDeleteButton","$v":"বিলোপ কৰক"},{"$i":"userDictionaryDeletePrompt","$v":["শব্দ “",{"t":"idOrVar","v":"word"},"” বিলোপ কৰিব ?"]}]