[{"$i":"title","$v":"কিবোর্ড"},{"$i":"settingsPageTitle","$v":"অন্তর্নির্মিত কীবোর্ড"},{"$i":"ok","$v":"ঠিক আছে"},{"$i":"keyboardSettings","$v":"কিবোর্ড সেটিংস"},{"$i":"cancel","$v":"বাতিল করুন"},{"$i":"delete","$v":"মুছুন"},{"$i":"done","$v":"সম্পন্ন"},{"$i":"previous","$v":"পূর্ববর্তী"},{"$i":"next","$v":"পরবর্তী"},{"$i":"select","$v":"নির্বাচন করুন"},{"$i":"symbols","$v":{"zero":"চিহ্ন 1/3","one":"চিহ্ন 2/3","two":"চিহ্ন 3/3"},"$x":[{"t":"idOrVar","v":"plural"},"n"]},{"$i":"symbols-lnd","$v":{"zero":"চিহ্ন 1/4","one":"চিহ্ন 2/4","two":"চিহ্ন 3/4","other":"চিহ্ন 4/4"},"$x":[{"t":"idOrVar","v":"plural"},"n"]},{"$i":"vibration","$v":"কম্পন"},{"$i":"clickSound","$v":"শব্দে ক্লিক করুন"},{"$i":"autoCorrect","$v":"স্বতঃ সংশোধন করুন"},{"$i":"wordSuggestion","$v":"শব্দের পরামর্শ"},{"$i":"userDictionary","$v":"ইউজার অভিধান"},{"$i":"handwritingKeyboard","$v":"হাতেলেখা"},{"$i":"strokeWidth","$v":"স্ট্রোকের প্রস্থ"},{"$i":"responseSpeed","$v":"প্রতিক্রিয়ার গতি"},{"$i":"wordSuggestions2","ariaLabel":"শব্দের পরামর্শ"},{"$i":"dismiss2","ariaLabel":"খারিজ করুন"},{"$i":"alternateLayoutKey2","ariaLabel":"আরো সংখ্যা এবং চিহ্ন"},{"$i":"basicLayoutKey2","ariaLabel":"অক্ষর"},{"$i":"upperCaseKey2","ariaLabel":"শিফ্ট"},{"$i":"backSpaceKey2","ariaLabel":"মুছুন"},{"$i":"spaceKey2","ariaLabel":"স্পেস"},{"$i":"returnKey2","ariaLabel":"ফেরত আসুন"},{"$i":"periodKey2","ariaLabel":"সময়সীমা"},{"$i":"commaKey2","ariaLabel":"কমা"},{"$i":"colonKey2","ariaLabel":"কোলন"},{"$i":"semicolonKey2","ariaLabel":"সেমিকোলোন"},{"$i":"questionMarkKey2","ariaLabel":"প্রশ্ন চিহ্ন"},{"$i":"exclamationPointKey2","ariaLabel":"বিস্ময়বোধক বিন্দু"},{"$i":"leftBracketKey2","ariaLabel":"বাম ব্র্যাকেট"},{"$i":"rightBracketKey2","ariaLabel":"ডান ব্র্যাকেট"},{"$i":"doubleQuoteKey2","ariaLabel":"ডবল কোট"},{"$i":"leftDoubleAngleQuoteKey2","ariaLabel":"বাম ডাবল অ্যাঙ্গেল কোট"},{"$i":"rightDoubleAngleQuoteKey2","ariaLabel":"ডান ডাবল অ্যাঙ্গেল কোট"},{"$i":"userDictionaryNoWord","$v":"ইউজার অভিধানে কোনো শব্দ নেই ।"},{"$i":"userDictionaryAddNow","$v":"এখনই একটি শব্দ যোগ করুন ।"},{"$i":"userDictionaryAddButton","ariaLabel":"শব্দ যোগ করুন"},{"$i":"userDictionaryAdd","$v":"শব্দ যোগ করুন"},{"$i":"userDictionaryEdit","$v":"শব্দ সম্পাদনা করুন"},{"$i":"userDictionarySaveButton","$v":"সেভ করুন"},{"$i":"userDictionaryDeleteButton","$v":"মুছুন"},{"$i":"userDictionaryDeletePrompt","$v":["“",{"t":"idOrVar","v":"word"},"” শব্দ মুছুন ?"]}]