[{"$i":"title","$v":"कीबोर्ड"},{"$i":"settingsPageTitle","$v":"बिल्ट-इन कीबोर्ड"},{"$i":"ok","$v":"ठीक ऐ"},{"$i":"keyboardSettings","$v":"कीबोर्ड सेटिंगां"},{"$i":"cancel","$v":"रद्द करो"},{"$i":"delete","$v":"हटाना"},{"$i":"done","$v":"होई गेआ"},{"$i":"previous","$v":"पिछला"},{"$i":"next","$v":"अगला"},{"$i":"select","$v":"चुनो"},{"$i":"symbols","$v":{"zero":"प्रतीक 1/3","one":"प्रतीक 2/3","two":"प्रतीक 3/3"},"$x":[{"t":"idOrVar","v":"plural"},"n"]},{"$i":"symbols-lnd","$v":{"zero":"प्रतीक 1/4","one":"प्रतीक 2/4","two":"प्रतीक 3/4","other":"प्रतीक 4/4"},"$x":[{"t":"idOrVar","v":"plural"},"n"]},{"$i":"vibration","$v":"वाइब्रेशन"},{"$i":"clickSound","$v":"साउंड क्लिक करो"},{"$i":"autoCorrect","$v":"आपूं सुधार"},{"$i":"wordSuggestion","$v":"शब्द सुझाऽ"},{"$i":"userDictionary","$v":"बरतूनक डिक्शनरी"},{"$i":"handwritingKeyboard","$v":"लिखावट"},{"$i":"strokeWidth","$v":"रेखा दी चौड़ाई"},{"$i":"responseSpeed","$v":"प्रतिक्रिया गति"},{"$i":"wordSuggestions2","ariaLabel":"शब्द सुझाऽ"},{"$i":"dismiss2","ariaLabel":"खारिज"},{"$i":"alternateLayoutKey2","ariaLabel":"मते नंबर ते प्रतीक"},{"$i":"basicLayoutKey2","ariaLabel":"अक्खर"},{"$i":"upperCaseKey2","ariaLabel":"शिफ्ट"},{"$i":"backSpaceKey2","ariaLabel":"हटाना"},{"$i":"spaceKey2","ariaLabel":"स्पेस"},{"$i":"returnKey2","ariaLabel":"वापसी"},{"$i":"periodKey2","ariaLabel":"अवधि"},{"$i":"commaKey2","ariaLabel":"अल्प-विराम"},{"$i":"colonKey2","ariaLabel":"अपूर्ण विराम"},{"$i":"semicolonKey2","ariaLabel":"सेमीकोलन"},{"$i":"questionMarkKey2","ariaLabel":"सुआलिया निशान"},{"$i":"exclamationPointKey2","ariaLabel":"र्‌हानगीसूचक पाइंट"},{"$i":"leftBracketKey2","ariaLabel":"खब्बी ब्रैकेट"},{"$i":"rightBracketKey2","ariaLabel":"सज्जी ब्रैकेट"},{"$i":"doubleQuoteKey2","ariaLabel":"दोह्‌रे उद्धरण"},{"$i":"leftDoubleAngleQuoteKey2","ariaLabel":"खब्बा डबल कोण उद्धरण"},{"$i":"rightDoubleAngleQuoteKey2","ariaLabel":"सज्जा डबल कोण उद्धरण"},{"$i":"userDictionaryNoWord","$v":"बरतूनक शब्दकोश च कोई शब्द नेईं।"},{"$i":"userDictionaryAddNow","$v":"हूनै शब्द जोड़ो।"},{"$i":"userDictionaryAddButton","ariaLabel":"शब्द जोड़ो"},{"$i":"userDictionaryAdd","$v":"शब्द जोड़ो"},{"$i":"userDictionaryEdit","$v":"संपादत शब्द"},{"$i":"userDictionarySaveButton","$v":"बचाओ"},{"$i":"userDictionaryDeleteButton","$v":"हटाना"},{"$i":"userDictionaryDeletePrompt","$v":["“",{"t":"idOrVar","v":"word"},"” शब्द डिलीट करो?"]}]