[{"$i":"title","$v":"કીબોર્ડ"},{"$i":"settingsPageTitle","$v":"આંતરિક કીબોર્ડ"},{"$i":"ok","$v":"ઑકે"},{"$i":"keyboardSettings","$v":"કીબોર્ડ સેટિંગ્સ"},{"$i":"cancel","$v":"રદ કરો"},{"$i":"delete","$v":"કાઢો"},{"$i":"done","$v":"થઈ ગયું"},{"$i":"previous","$v":"અગાઉનું"},{"$i":"next","$v":"આગલું"},{"$i":"select","$v":"પસંદ કરો"},{"$i":"symbols","$v":{"zero":"પ્રતીક 1/3","one":"પ્રતીકો 2/3","two":"પ્રતીકો 3/3"},"$x":[{"t":"idOrVar","v":"plural"},"n"]},{"$i":"symbols-lnd","$v":{"zero":"ચિન્હ 1/4","one":"ચિન્હ 2/4","two":"ચિન્હ 3/4","other":"ચિન્હ 4/4"},"$x":[{"t":"idOrVar","v":"plural"},"n"]},{"$i":"vibration","$v":"કંપન"},{"$i":"clickSound","$v":"ધ્વનિ પર ક્લિક કરો"},{"$i":"autoCorrect","$v":"સ્વતઃ સુધારણા"},{"$i":"wordSuggestion","$v":"શબ્દનું સૂચન"},{"$i":"userDictionary","$v":"યુઝર શબ્દકોષ"},{"$i":"handwritingKeyboard","$v":"હસ્તલેખન"},{"$i":"strokeWidth","$v":"સ્ટ્રોકની પહોળાઈ"},{"$i":"responseSpeed","$v":"પ્રતિભાવની ગતિ"},{"$i":"wordSuggestions2","ariaLabel":"શબ્દોનું સૂચનો"},{"$i":"dismiss2","ariaLabel":"બરતરફ કરો"},{"$i":"alternateLayoutKey2","ariaLabel":"વધુ નંબરો અને પ્રતીકો"},{"$i":"basicLayoutKey2","ariaLabel":"અક્ષરો"},{"$i":"upperCaseKey2","ariaLabel":"શિફ્ટ"},{"$i":"backSpaceKey2","ariaLabel":"કાઢો"},{"$i":"spaceKey2","ariaLabel":"સ્પેસ"},{"$i":"returnKey2","ariaLabel":"પાછા જાઓ"},{"$i":"periodKey2","ariaLabel":"સમયગાળો"},{"$i":"commaKey2","ariaLabel":"કોમા"},{"$i":"colonKey2","ariaLabel":"કોલન"},{"$i":"semicolonKey2","ariaLabel":"સેમીકોલન"},{"$i":"questionMarkKey2","ariaLabel":"પ્રશ્નચિહ્ન"},{"$i":"exclamationPointKey2","ariaLabel":"એક્સક્લેમેશન બિંદુ"},{"$i":"leftBracketKey2","ariaLabel":"ડાબો બ્રેકેટ"},{"$i":"rightBracketKey2","ariaLabel":"જમણું બ્રેકેટ"},{"$i":"doubleQuoteKey2","ariaLabel":"ડબલ ઉદ્ધરણ"},{"$i":"leftDoubleAngleQuoteKey2","ariaLabel":"ડાબું બેવડા ખૂણાનું અવતરણ"},{"$i":"rightDoubleAngleQuoteKey2","ariaLabel":"જમણું બેવડા ખૂણાનો ઉદ્ધરણ"},{"$i":"userDictionaryNoWord","$v":"વપરાશકર્તા શબ્દકોશમાં કોઈ શબ્દો નથી."},{"$i":"userDictionaryAddNow","$v":"હવે એક શબ્દ ઉમેરો."},{"$i":"userDictionaryAddButton","ariaLabel":"શબ્દ ઉમેરો"},{"$i":"userDictionaryAdd","$v":"શબ્દ ઉમેરો"},{"$i":"userDictionaryEdit","$v":"શબ્દ સંપાદિત કરો"},{"$i":"userDictionarySaveButton","$v":"સેવ કરો"},{"$i":"userDictionaryDeleteButton","$v":"કાઢો"},{"$i":"userDictionaryDeletePrompt","$v":["શબ્દ “",{"t":"idOrVar","v":"word"},"” દૂર કરવા માંગો છો?"]}]