[{"$i":"title","$v":"ಕೀಬೋರ್ಡ್"},{"$i":"settingsPageTitle","$v":"ಅಂತರ್ನಿರ್ಮಿತ ಕೀಬೋರ್ಡ್"},{"$i":"ok","$v":"ಸರಿ"},{"$i":"keyboardSettings","$v":"ಕೀಬೋರ್ಡ್ ಸೆಟ್ಟಿಂಗ್‌ಗಳು"},{"$i":"cancel","$v":"ರದ್ದು ಮಾಡಿ"},{"$i":"delete","$v":"ಅಳಿಸಿ"},{"$i":"done","$v":"ಮುಗಿದಿದೆ"},{"$i":"previous","$v":"ಹಿಂದಿನದು"},{"$i":"next","$v":"ಮುಂದಿನದು"},{"$i":"select","$v":"ಆಯ್ಕೆ ಮಾಡಿ"},{"$i":"symbols","$v":{"zero":"ಚಿಹ್ನೆಗಳು 1/3","one":"ಚಿಹ್ನೆಗಳು 2/3","two":"ಚಿಹ್ನೆಗಳು 3/3"},"$x":[{"t":"idOrVar","v":"plural"},"n"]},{"$i":"symbols-lnd","$v":{"zero":"ಚಿಹ್ನೆಗಳು 1/4","one":"ಚಿಹ್ನೆಗಳು 2/4","two":"ಚಿಹ್ನೆಗಳು 3/4","other":"ಚಿಹ್ನೆಗಳು 4/4"},"$x":[{"t":"idOrVar","v":"plural"},"n"]},{"$i":"vibration","$v":"ವೈಬ್ರೇಶನ್"},{"$i":"clickSound","$v":"ಶಬ್ದ ಕ್ಲಿಕ್ ಮಾಡಿ"},{"$i":"autoCorrect","$v":"ಸ್ವಯಂ ಸರಿಪಡಿಸುವಿಕೆ"},{"$i":"wordSuggestion","$v":"ಶಬ್ದ ಸಲಹೆ"},{"$i":"userDictionary","$v":"ಬಳಕೆದಾರರ ನಿಘಂಟು"},{"$i":"handwritingKeyboard","$v":"ಕೈಬರಹ"},{"$i":"strokeWidth","$v":"ಸ್ಟ್ರೋಕ್ ಅಗಲ"},{"$i":"responseSpeed","$v":"ಪ್ರತಿಕ್ರಿಯೆ ವೇಗ"},{"$i":"wordSuggestions2","ariaLabel":"ಶಬ್ದ ಸಲಹೆಗಳು"},{"$i":"dismiss2","ariaLabel":"ವಜಾಗೊಳಿಸಿ"},{"$i":"alternateLayoutKey2","ariaLabel":"ಇನ್ನಷ್ಟು ಸಂಖ್ಯೆಗಳು ಮತ್ತು ಚಿಹ್ನೆಗಳು"},{"$i":"basicLayoutKey2","ariaLabel":"ಅಕ್ಷರಗಳು"},{"$i":"upperCaseKey2","ariaLabel":"ಶಿಫ್ಟ್‌"},{"$i":"backSpaceKey2","ariaLabel":"ಅಳಿಸಿ"},{"$i":"spaceKey2","ariaLabel":"ಸ್ಪೇಸ್"},{"$i":"returnKey2","ariaLabel":"ವಾಪಸು ಮಾಡಿ"},{"$i":"periodKey2","ariaLabel":"ಅವಧಿ"},{"$i":"commaKey2","ariaLabel":"ಕಾಮಾ"},{"$i":"colonKey2","ariaLabel":"ಕೊಲನ್"},{"$i":"semicolonKey2","ariaLabel":"ಅಲ್ಪವಿರಾಮ"},{"$i":"questionMarkKey2","ariaLabel":"ಪ್ರಶ್ನಾರ್ಥಕ ಗುರುತು"},{"$i":"exclamationPointKey2","ariaLabel":"ಆಶ್ಚರ್ಯಸೂಚಕ ಬಿಂದು"},{"$i":"leftBracketKey2","ariaLabel":"ಎಡ ಬ್ರಾಕೆಟ್"},{"$i":"rightBracketKey2","ariaLabel":"ಬಲ ಬ್ರಾಕೆಟ್"},{"$i":"doubleQuoteKey2","ariaLabel":"ದುಪ್ಪಟ್ಟು ಉದ್ಧರಣಾ"},{"$i":"leftDoubleAngleQuoteKey2","ariaLabel":"ಎಡ ದ್ವಿ ಕೋನ ಉಲ್ಲೇಖ"},{"$i":"rightDoubleAngleQuoteKey2","ariaLabel":"ಬಲ ಡಬಲ್ ಆಂಗಲ್ ಕೋಟ್"},{"$i":"userDictionaryNoWord","$v":"ಯೂಸರ್ ಡಿಕ್ಷನರಿಯಲ್ಲಿ ಯಾವುದೇ ಶಬ್ದಗಳಿಲ್ಲ."},{"$i":"userDictionaryAddNow","$v":"ಈಗ ಒಂದು ಶಬ್ದ ಸೇರಿಸಿ."},{"$i":"userDictionaryAddButton","ariaLabel":"ಶಬ್ದ ಸೇರಿಸಿ"},{"$i":"userDictionaryAdd","$v":"ಶಬ್ದ ಸೇರಿಸಿ"},{"$i":"userDictionaryEdit","$v":"ಶಬ್ದವನ್ನು ಸಂಪಾದಿಸಿ"},{"$i":"userDictionarySaveButton","$v":"ಸೇವ್ ಮಾಡಿ"},{"$i":"userDictionaryDeleteButton","$v":"ಅಳಿಸಿ"},{"$i":"userDictionaryDeletePrompt","$v":["“",{"t":"idOrVar","v":"word"},"” ಶಬ್ದ ಅಳಿಸಿ?"]}]