[{"$i":"title","$v":"कीबोर्ड"},{"$i":"settingsPageTitle","$v":"अंतर्भूत किबोर्ड"},{"$i":"ok","$v":"बरें आसा"},{"$i":"keyboardSettings","$v":"कीबोर्ड मांडावळी"},{"$i":"cancel","$v":"रद्द करचें"},{"$i":"delete","$v":"पुसून उडयात"},{"$i":"done","$v":"केलें"},{"$i":"previous","$v":"आदले"},{"$i":"next","$v":"उपरांत"},{"$i":"select","$v":"वेंच्चें"},{"$i":"symbols","$v":{"zero":"चिन्न 1/3","one":"चिन्न 2/3","two":"चिन्न 3/3"},"$x":[{"t":"idOrVar","v":"plural"},"n"]},{"$i":"symbols-lnd","$v":{"zero":"चिन्नां 1/4","one":"चिन्नां 2/4","two":"चिन्नां 3/4","other":"चिन्नां 4/4"},"$x":[{"t":"idOrVar","v":"plural"},"n"]},{"$i":"vibration","$v":"कंपन"},{"$i":"clickSound","$v":"आवाज क्लिक करचो"},{"$i":"autoCorrect","$v":"स्वयं सुदारणा"},{"$i":"wordSuggestion","$v":"शब्द सुचोवणी"},{"$i":"userDictionary","$v":"उपेगकर्ता शब्दकोश"},{"$i":"handwritingKeyboard","$v":"हातबरप"},{"$i":"strokeWidth","$v":"स्ट्रोक रुंदी"},{"$i":"responseSpeed","$v":"प्रतिसाद वेग"},{"$i":"wordSuggestions2","ariaLabel":"शब्द सुचोवण्यो"},{"$i":"dismiss2","ariaLabel":"काडून उडयात"},{"$i":"alternateLayoutKey2","ariaLabel":"चड नंबर आनी चिन्नां"},{"$i":"basicLayoutKey2","ariaLabel":"अक्षरां"},{"$i":"upperCaseKey2","ariaLabel":"शिफ्ट"},{"$i":"backSpaceKey2","ariaLabel":"पुसून उडयात"},{"$i":"spaceKey2","ariaLabel":"जागा सोड"},{"$i":"returnKey2","ariaLabel":"फाटीं यो"},{"$i":"periodKey2","ariaLabel":"पूर्णविराम"},{"$i":"commaKey2","ariaLabel":"कॉमा"},{"$i":"colonKey2","ariaLabel":"कॉलॉन"},{"$i":"semicolonKey2","ariaLabel":"सेमिकॉलन"},{"$i":"questionMarkKey2","ariaLabel":"प्रस्न चिन्न"},{"$i":"exclamationPointKey2","ariaLabel":"उद्गार बिंदू"},{"$i":"leftBracketKey2","ariaLabel":"निमाणो कंस"},{"$i":"rightBracketKey2","ariaLabel":"उजवो कंस"},{"$i":"doubleQuoteKey2","ariaLabel":"दोनदां अवतरण"},{"$i":"leftDoubleAngleQuoteKey2","ariaLabel":"दावो दोट्टी कोन उतारो"},{"$i":"rightDoubleAngleQuoteKey2","ariaLabel":"उजवो दोट्टी कोन उतारो"},{"$i":"userDictionaryNoWord","$v":"उपेगकर्त्याच्या शब्दकोशांत शब्द नात"},{"$i":"userDictionaryAddNow","$v":"आतां एक शब्द जोडचो"},{"$i":"userDictionaryAddButton","ariaLabel":"शब्द जोडचो"},{"$i":"userDictionaryAdd","$v":"शब्द जोडचो"},{"$i":"userDictionaryEdit","$v":"शब्द संपादन करचो"},{"$i":"userDictionarySaveButton","$v":"सांबाळ"},{"$i":"userDictionaryDeleteButton","$v":"पुसून उडयात"},{"$i":"userDictionaryDeletePrompt","$v":["शब्द “",{"t":"idOrVar","v":"word"},"” वगळावचो"]}]