[{"$i":"title","$v":"کی بوڑ"},{"$i":"settingsPageTitle","$v":"بیولٹ۔ان کی بوڑ"},{"$i":"ok","$v":"ٹھیک"},{"$i":"keyboardSettings","$v":"کی بوڑ سیٹنگس"},{"$i":"cancel","$v":"رد کر"},{"$i":"delete","$v":"خٲرج"},{"$i":"done","$v":"مکمل"},{"$i":"previous","$v":"پتِم"},{"$i":"next","$v":"برونٹھ"},{"$i":"select","$v":"چُنیو"},{"$i":"symbols","$v":{"zero":"1/3 نشان","one":"2/3 نشان","two":"3/3 نشان"},"$x":[{"t":"idOrVar","v":"plural"},"n"]},{"$i":"symbols-lnd","$v":{"zero":"نِشان 1/4","one":"نِشان 2/4","two":"نِشان 3/4","other":"نِشان 4/4"},"$x":[{"t":"idOrVar","v":"plural"},"n"]},{"$i":"vibration","$v":"وائبریشن"},{"$i":"clickSound","$v":"کِلک آواز"},{"$i":"autoCorrect","$v":"آٹو درستگی"},{"$i":"wordSuggestion","$v":"لفظن ہینز تجویز"},{"$i":"userDictionary","$v":"یوزر ڈکشنری"},{"$i":"handwritingKeyboard","$v":"ہینڈ رائٹنگ"},{"$i":"strokeWidth","$v":"سٹروک چوڑائی"},{"$i":"responseSpeed","$v":"جواب رفتار"},{"$i":"wordSuggestions2","ariaLabel":"لفظ تجاویز"},{"$i":"dismiss2","ariaLabel":"بر طرف"},{"$i":"alternateLayoutKey2","ariaLabel":"مزید نمبر تِہ نشان"},{"$i":"basicLayoutKey2","ariaLabel":"حروف"},{"$i":"upperCaseKey2","ariaLabel":"شیفٹ"},{"$i":"backSpaceKey2","ariaLabel":"خٲرج"},{"$i":"spaceKey2","ariaLabel":"جاے"},{"$i":"returnKey2","ariaLabel":"واپس"},{"$i":"periodKey2","ariaLabel":"مرحلہ"},{"$i":"commaKey2","ariaLabel":"کاما"},{"$i":"colonKey2","ariaLabel":"کولن"},{"$i":"semicolonKey2","ariaLabel":"سیمی کولن"},{"$i":"questionMarkKey2","ariaLabel":"سوالیہ نشان"},{"$i":"exclamationPointKey2","ariaLabel":"ایکسکلامیشن پوئنٹ"},{"$i":"leftBracketKey2","ariaLabel":"خووُر بریکٹ"},{"$i":"rightBracketKey2","ariaLabel":"دیچھُن براکٹ"},{"$i":"doubleQuoteKey2","ariaLabel":"دوگِن قوٹ"},{"$i":"leftDoubleAngleQuoteKey2","ariaLabel":"خووُر دوگِن انگل قوٹ"},{"$i":"rightDoubleAngleQuoteKey2","ariaLabel":"دیچھُن دوگِن اینگل قوٹ"},{"$i":"userDictionaryNoWord","$v":"کاہ لفظ نِہ یوزر ڈائریکٹری منز"},{"$i":"userDictionaryAddNow","$v":"وین کر شٲمل اکھ لفظ"},{"$i":"userDictionaryAddButton","ariaLabel":"شٲمل کر لفظ"},{"$i":"userDictionaryAdd","$v":"شٲمل کر لفظ"},{"$i":"userDictionaryEdit","$v":"ترمیم کریو لفظ"},{"$i":"userDictionarySaveButton","$v":"محفوظ"},{"$i":"userDictionaryDeleteButton","$v":"خٲرج"},{"$i":"userDictionaryDeletePrompt","$v":["“",{"t":"idOrVar","v":"word"},"” خٲرج کریو لفظ"]}]