[{"$i":"title","$v":"कीबोर्ड"},{"$i":"settingsPageTitle","$v":"बिल्ट इन कीबोर्ड"},{"$i":"ok","$v":"ओके"},{"$i":"keyboardSettings","$v":"कीबोर्ड सेटिंग्स"},{"$i":"cancel","$v":"रद्द करू"},{"$i":"delete","$v":"मिटाउ"},{"$i":"done","$v":"भ गेल"},{"$i":"previous","$v":"पहिलुक"},{"$i":"next","$v":"आगू"},{"$i":"select","$v":"सलेक्‍ट करू"},{"$i":"symbols","$v":{"zero":"सिम्बल्स 1/3","one":"सिम्बल्स 2/3","two":"सिम्बल्स 3/3"},"$x":[{"t":"idOrVar","v":"plural"},"n"]},{"$i":"symbols-lnd","$v":{"zero":"सिम्‍बॉल 1/4","one":"सिम्‍बॉल 2/4","two":"सिम्‍बॉल 3/4","other":"सिम्‍बॉल 4/4"},"$x":[{"t":"idOrVar","v":"plural"},"n"]},{"$i":"vibration","$v":"कंपन"},{"$i":"clickSound","$v":"क्लिक साउंड"},{"$i":"autoCorrect","$v":"ऑटो करेक्शन"},{"$i":"wordSuggestion","$v":"शब्द सुझाव"},{"$i":"userDictionary","$v":"यूजर डिक्शनरी"},{"$i":"handwritingKeyboard","$v":"हस्‍तलेखन"},{"$i":"strokeWidth","$v":"स्ट्रोक विड्थ"},{"$i":"responseSpeed","$v":"रेस्पॉन्स स्पीड"},{"$i":"wordSuggestions2","ariaLabel":"शब्द सुझाव"},{"$i":"dismiss2","ariaLabel":"खारिज"},{"$i":"alternateLayoutKey2","ariaLabel":"बेसी नंबर आ सिम्बल्स"},{"$i":"basicLayoutKey2","ariaLabel":"लेटर्स"},{"$i":"upperCaseKey2","ariaLabel":"शिफ्ट"},{"$i":"backSpaceKey2","ariaLabel":"मिटाउ"},{"$i":"spaceKey2","ariaLabel":"स्‍पेस"},{"$i":"returnKey2","ariaLabel":"वापसी"},{"$i":"periodKey2","ariaLabel":"पीरियड"},{"$i":"commaKey2","ariaLabel":"कॉमा"},{"$i":"colonKey2","ariaLabel":"कोलन"},{"$i":"semicolonKey2","ariaLabel":"सेमीकोलन"},{"$i":"questionMarkKey2","ariaLabel":"सवाल केर निसान"},{"$i":"exclamationPointKey2","ariaLabel":"विस्मयादिबोधक पॉइंट"},{"$i":"leftBracketKey2","ariaLabel":"बायाँ वाला ब्रैकेट"},{"$i":"rightBracketKey2","ariaLabel":"राईट ब्रैकेट"},{"$i":"doubleQuoteKey2","ariaLabel":"डबल क़ौट"},{"$i":"leftDoubleAngleQuoteKey2","ariaLabel":"बयाँ डबल एंगल कोट"},{"$i":"rightDoubleAngleQuoteKey2","ariaLabel":"दाहिना डबल एंगल कोट"},{"$i":"userDictionaryNoWord","$v":"यूज़र शब्‍दकोश मे कोनो शब्द नहि अछि ."},{"$i":"userDictionaryAddNow","$v":"आब शब्द जोरू"},{"$i":"userDictionaryAddButton","ariaLabel":"शब्द जोरू"},{"$i":"userDictionaryAdd","$v":"शब्द जोरू"},{"$i":"userDictionaryEdit","$v":"वर्ड सम्पादित करू"},{"$i":"userDictionarySaveButton","$v":"सेव"},{"$i":"userDictionaryDeleteButton","$v":"मिटाउ"},{"$i":"userDictionaryDeletePrompt","$v":["इ शब्द \"",{"t":"idOrVar","v":"word"},"\" डिलीट करू?"]}]