[{"$i":"title","$v":"കീബോർഡ്"},{"$i":"settingsPageTitle","$v":"ബിൽട്ട്-ഇൻ കീബോർഡ്"},{"$i":"ok","$v":"ശരി"},{"$i":"keyboardSettings","$v":"കീബോർഡ് സെറ്റിംഗ്സ്"},{"$i":"cancel","$v":"റദ്ദാക്കുക"},{"$i":"delete","$v":"ഇല്ലാതാക്കുക"},{"$i":"done","$v":"പൂർത്തിയാക്കി"},{"$i":"previous","$v":"മുന്‍പുള്ള"},{"$i":"next","$v":"അടുത്തത്"},{"$i":"select","$v":"തിരഞ്ഞെടുക്കുക"},{"$i":"symbols","$v":{"zero":"ചിഹ്നങ്ങൾ 1/3","one":"ചിഹ്നങ്ങൾ 2/3","two":"ചിഹ്നങ്ങൾ 3/3"},"$x":[{"t":"idOrVar","v":"plural"},"n"]},{"$i":"symbols-lnd","$v":{"zero":"ചിഹ്നങ്ങൾ 1/4","one":"ചിഹ്നങ്ങൾ 2/4","two":"ചിഹ്നങ്ങൾ 3/4","other":"ചിഹ്നങ്ങൾ 4/4"},"$x":[{"t":"idOrVar","v":"plural"},"n"]},{"$i":"vibration","$v":"വൈബ്രേഷൻ"},{"$i":"clickSound","$v":"ശബ്ദത്തില്‍ ക്ലിക്ക് ചെയ്യുക"},{"$i":"autoCorrect","$v":"സ്വയമേവയുള്ള തിരുത്തൽ"},{"$i":"wordSuggestion","$v":"പദ നിർദ്ദേശം"},{"$i":"userDictionary","$v":"യൂസര്‍  നിഘണ്ടു"},{"$i":"handwritingKeyboard","$v":"കൈയക്ഷരം"},{"$i":"strokeWidth","$v":"സ്ട്രോക്ക് വീതി"},{"$i":"responseSpeed","$v":"പ്രതികരണ വേഗത"},{"$i":"wordSuggestions2","ariaLabel":"പദ നിർദ്ദേശങ്ങൾ"},{"$i":"dismiss2","ariaLabel":"നിരസിക്കുക"},{"$i":"alternateLayoutKey2","ariaLabel":"കൂടുതൽ അക്കങ്ങളും ചിഹ്നങ്ങളും"},{"$i":"basicLayoutKey2","ariaLabel":"അക്ഷരങ്ങൾ"},{"$i":"upperCaseKey2","ariaLabel":"ഷിഫ്റ്റ്"},{"$i":"backSpaceKey2","ariaLabel":"ഇല്ലാതാക്കുക"},{"$i":"spaceKey2","ariaLabel":"ഇടം"},{"$i":"returnKey2","ariaLabel":"തിരിച്ച് വരിക"},{"$i":"periodKey2","ariaLabel":"കാലയളവ്"},{"$i":"commaKey2","ariaLabel":"കോമ"},{"$i":"colonKey2","ariaLabel":"കോളൻ"},{"$i":"semicolonKey2","ariaLabel":"സെമികോളന്‍"},{"$i":"questionMarkKey2","ariaLabel":"ചോദ്യചിഹ്നം"},{"$i":"exclamationPointKey2","ariaLabel":"ആശ്ചര്യചിഹ്ന ബിന്ദു"},{"$i":"leftBracketKey2","ariaLabel":"ഇടത് ബ്രാക്കറ്റ്"},{"$i":"rightBracketKey2","ariaLabel":"വലത് ബ്രാക്കറ്റ്"},{"$i":"doubleQuoteKey2","ariaLabel":"ഇരട്ട ഉദ്ധരണി"},{"$i":"leftDoubleAngleQuoteKey2","ariaLabel":"ഇടത് ഇരട്ട കോൺ ഉദ്ധരണി"},{"$i":"rightDoubleAngleQuoteKey2","ariaLabel":"വലത് ഇരട്ട കോൺ ഉദ്ധരണി"},{"$i":"userDictionaryNoWord","$v":"യൂസര്‍ നിഘണ്ടുവിൽ പദങ്ങളില്ല."},{"$i":"userDictionaryAddNow","$v":"ഒരു വാക്ക് ഇപ്പോൾ ചേർക്കുക."},{"$i":"userDictionaryAddButton","ariaLabel":"വാക്ക് ചേർക്കുക"},{"$i":"userDictionaryAdd","$v":"വാക്ക് ചേർക്കുക"},{"$i":"userDictionaryEdit","$v":"പദം തിരുത്തുക"},{"$i":"userDictionarySaveButton","$v":"സേവ് ചെയ്യുക"},{"$i":"userDictionaryDeleteButton","$v":"ഇല്ലാതാക്കുക"},{"$i":"userDictionaryDeletePrompt","$v":["“",{"t":"idOrVar","v":"word"},"” എന്ന പദം ഇല്ലാതാക്കുക?"]}]