[{"$i":"title","$v":"কীবোর্দ"},{"$i":"settingsPageTitle","$v":"বিল্ট-ইন কীবোর্দ"},{"$i":"ok","$v":"ওকে"},{"$i":"keyboardSettings","$v":"কীবোর্দ সেটিংশীং"},{"$i":"cancel","$v":"ককথৎলু"},{"$i":"delete","$v":"মুত্থৎলু"},{"$i":"done","$v":"তৌরে"},{"$i":"previous","$v":"মমাংগী"},{"$i":"next","$v":"মথং"},{"$i":"select","$v":"খল্লু"},{"$i":"symbols","$v":{"zero":"সিম্বোলশীং 1/3","one":"সিম্বোলশীং 2/3","two":"সিম্বোলশীং 3/3"},"$x":[{"t":"idOrVar","v":"plural"},"n"]},{"$i":"symbols-lnd","$v":{"zero":"সিম্বোলশীং1/4","one":"সিম্বোলশীং 2/4","two":"সিম্বোলশীং 3/4","other":"সিম্বোলশীং 4/4"},"$x":[{"t":"idOrVar","v":"plural"},"n"]},{"$i":"vibration","$v":"ভাইব্রেত তৌবা"},{"$i":"clickSound","$v":"মখোল ক্লিক তৌ"},{"$i":"autoCorrect","$v":"মশা মথন্তা চুমথোকপা"},{"$i":"wordSuggestion","$v":"ৱাহৈ হৌদোকপা"},{"$i":"userDictionary","$v":"য়ুজর দিক্সনরি"},{"$i":"handwritingKeyboard","$v":"খুৎই"},{"$i":"strokeWidth","$v":"স্ট্রোক্কি অপাকপা"},{"$i":"responseSpeed","$v":"পাওখুম পীবা স্পীদ"},{"$i":"wordSuggestions2","ariaLabel":"ৱাহৈ হৌদোকপশীং"},{"$i":"dismiss2","ariaLabel":"ফম থদৎপা"},{"$i":"alternateLayoutKey2","ariaLabel":"নম্বরশীং অমসুং সিম্বোলশীং হেন্না"},{"$i":"basicLayoutKey2","ariaLabel":"ময়েকশীং"},{"$i":"upperCaseKey2","ariaLabel":"হোংবা"},{"$i":"backSpaceKey2","ariaLabel":"মুত্থৎলু"},{"$i":"spaceKey2","ariaLabel":"অহাংবা মফম"},{"$i":"returnKey2","ariaLabel":"হল্লকউ"},{"$i":"periodKey2","ariaLabel":"চংবা মতম"},{"$i":"commaKey2","ariaLabel":"কোম্মা"},{"$i":"colonKey2","ariaLabel":"কোলোন"},{"$i":"semicolonKey2","ariaLabel":"সেমিকোলোন"},{"$i":"questionMarkKey2","ariaLabel":"অহংবা খঙনবা খুদম"},{"$i":"exclamationPointKey2","ariaLabel":"এক্সক্লেমেসন পোইন্ট"},{"$i":"leftBracketKey2","ariaLabel":"ওইথংবা ব্রেকেত"},{"$i":"rightBracketKey2","ariaLabel":"য়েৎথংবা ব্রেকেত"},{"$i":"doubleQuoteKey2","ariaLabel":"কোট অনি"},{"$i":"leftDoubleAngleQuoteKey2","ariaLabel":"ওইথংবা এঙ্গল অনিগী কোট"},{"$i":"rightDoubleAngleQuoteKey2","ariaLabel":"য়েৎথংবা এঙ্গল অনিগী কোট"},{"$i":"userDictionaryNoWord","$v":"য়ুজর দিক্সনরিদা ৱাহৈ অমত্তা লৈতে."},{"$i":"userDictionaryAddNow","$v":"হৌজিক ৱাহৈ অমা হাপচিল্লু."},{"$i":"userDictionaryAddButton","ariaLabel":"ৱাহৈ হাপচিল্লু"},{"$i":"userDictionaryAdd","$v":"ৱাহৈ হাপচিল্লু"},{"$i":"userDictionaryEdit","$v":"ৱাহৈ এদিত তৌ"},{"$i":"userDictionarySaveButton","$v":"সেব তৌ"},{"$i":"userDictionaryDeleteButton","$v":"মুত্থৎলু"},{"$i":"userDictionaryDeletePrompt","$v":["ৱাহৈ “",{"t":"idOrVar","v":"word"},"” মুথৎলু?"]}]