[{"$i":"title","$v":"कीबोर्ड"},{"$i":"settingsPageTitle","$v":"बिल्ट-इन कीबोर्ड"},{"$i":"ok","$v":"ठीक आहे"},{"$i":"keyboardSettings","$v":"कीबोर्ड सेटिंग्स"},{"$i":"cancel","$v":"रद्द करा"},{"$i":"delete","$v":"हटवा"},{"$i":"done","$v":"पूर्ण झाले"},{"$i":"previous","$v":"मागील"},{"$i":"next","$v":"पुढील"},{"$i":"select","$v":"निवडा"},{"$i":"symbols","$v":{"zero":"चिन्हे 1/3","one":"चिन्हे 2/3","two":"चिन्हे 3/3"},"$x":[{"t":"idOrVar","v":"plural"},"n"]},{"$i":"symbols-lnd","$v":{"zero":"चिन्ह 1/4","one":"चिन्ह 2/4","two":"चिन्ह 3/4","other":"चिन्ह 4/4"},"$x":[{"t":"idOrVar","v":"plural"},"n"]},{"$i":"vibration","$v":"कंपन"},{"$i":"clickSound","$v":"ध्वनी वर  क्लिक करा"},{"$i":"autoCorrect","$v":"स्वतः सुधार"},{"$i":"wordSuggestion","$v":"शब्द सूचना"},{"$i":"userDictionary","$v":"यूजर शब्दकोश"},{"$i":"handwritingKeyboard","$v":"हस्ताक्षर"},{"$i":"strokeWidth","$v":"स्ट्रोकची लांबी"},{"$i":"responseSpeed","$v":"प्रतिसाद गती"},{"$i":"wordSuggestions2","ariaLabel":"शब्दांची सूचना"},{"$i":"dismiss2","ariaLabel":"काढून टाका"},{"$i":"alternateLayoutKey2","ariaLabel":"अधिक नंबर आणि चिन्हे"},{"$i":"basicLayoutKey2","ariaLabel":"अक्षर"},{"$i":"upperCaseKey2","ariaLabel":"शिफ्ट"},{"$i":"backSpaceKey2","ariaLabel":"हटवा"},{"$i":"spaceKey2","ariaLabel":"स्थान"},{"$i":"returnKey2","ariaLabel":"परत या"},{"$i":"periodKey2","ariaLabel":"कालावधी"},{"$i":"commaKey2","ariaLabel":"कॉमा"},{"$i":"colonKey2","ariaLabel":"कोलन"},{"$i":"semicolonKey2","ariaLabel":"सेमीकोलन"},{"$i":"questionMarkKey2","ariaLabel":"प्रश्न चिन्ह"},{"$i":"exclamationPointKey2","ariaLabel":"एक्स्क्लमेशन बिंदु"},{"$i":"leftBracketKey2","ariaLabel":"डावे ब्रॅकेट"},{"$i":"rightBracketKey2","ariaLabel":"उजवा ब्रॅकेट"},{"$i":"doubleQuoteKey2","ariaLabel":"दुहेरी कोट"},{"$i":"leftDoubleAngleQuoteKey2","ariaLabel":"डावे दुहेरी कोन कोट"},{"$i":"rightDoubleAngleQuoteKey2","ariaLabel":"डावा दुहेरी कोन कोट"},{"$i":"userDictionaryNoWord","$v":"यूजर शब्दकोशात कोणतेही शब्द नाही."},{"$i":"userDictionaryAddNow","$v":"आता एक शब्द जोडा."},{"$i":"userDictionaryAddButton","ariaLabel":"शब्द जोडा"},{"$i":"userDictionaryAdd","$v":"शब्द जोडा"},{"$i":"userDictionaryEdit","$v":"शब्द संपादित करा"},{"$i":"userDictionarySaveButton","$v":"जतन करा"},{"$i":"userDictionaryDeleteButton","$v":"हटवा"},{"$i":"userDictionaryDeletePrompt","$v":[{"t":"idOrVar","v":"word"},"\" शब्द हटवा?"]}]