[{"$i":"title","$v":"କୀବୋର୍ଡ"},{"$i":"settingsPageTitle","$v":"ବିଲ୍ଟ-ଇନ୍ କୀବୋର୍ଡ"},{"$i":"ok","$v":"ଓକେ"},{"$i":"keyboardSettings","$v":"କୀବୋର୍ଡ ସେଟିଂସ୍"},{"$i":"cancel","$v":"ବାତିଲ କରନ୍ତୁ"},{"$i":"delete","$v":"ବିଲୋପ କରନ୍ତୁ"},{"$i":"done","$v":"ସମ୍ପୁର୍ଣ୍ଣ"},{"$i":"previous","$v":"ପୂର୍ବବର୍ତ୍ତୀ"},{"$i":"next","$v":"ପରବର୍ତ୍ତୀ"},{"$i":"select","$v":"ଚୟନ କରନ୍ତୁ"},{"$i":"symbols","$v":{"zero":"ସଙ୍କେତଗୁଡିକ 1/3","one":"ସଙ୍କେତଗୁଡିକ 2/3","two":"ସଙ୍କେତଗୁଡିକ 3/3"},"$x":[{"t":"idOrVar","v":"plural"},"n"]},{"$i":"symbols-lnd","$v":{"zero":"ସଙ୍କେତ 1/4","one":"ସଙ୍କେତ 2/4","two":"ସଙ୍କେତ 3/4","other":"ସଙ୍କେତ 4/4"},"$x":[{"t":"idOrVar","v":"plural"},"n"]},{"$i":"vibration","$v":"କମ୍ପନ"},{"$i":"clickSound","$v":"ଧ୍ଵନିରେ କ୍ଲିକ୍ କରନ୍ତୁ"},{"$i":"autoCorrect","$v":"ସ୍ଵତଃ ସଂଶୋଧନ"},{"$i":"wordSuggestion","$v":"ଶବ୍ଦ ପ୍ରସ୍ତାବ"},{"$i":"userDictionary","$v":"ୟୁଜର୍‌ ଶବ୍ଦକୋଷ"},{"$i":"handwritingKeyboard","$v":"ହସ୍ତଲିଖନ"},{"$i":"strokeWidth","$v":"ଷ୍ଟ୍ରୋକ୍‌ର ପ୍ରସ୍ଥ"},{"$i":"responseSpeed","$v":"ପ୍ରତିକ୍ରିୟା ବେଗ"},{"$i":"wordSuggestions2","ariaLabel":"ଶବ୍ଦ ପ୍ରସ୍ତାବଗୁଡିକ"},{"$i":"dismiss2","ariaLabel":"ବରଖାସ୍ତ କରନ୍ତୁ"},{"$i":"alternateLayoutKey2","ariaLabel":"ଅଧିକ ନମ୍ବର ଏବଂ ସଙ୍କେତଗୁଡିକ"},{"$i":"basicLayoutKey2","ariaLabel":"ଅକ୍ଷରଗୁଡିକ"},{"$i":"upperCaseKey2","ariaLabel":"ସିଫ୍ଟ"},{"$i":"backSpaceKey2","ariaLabel":"ବିଲୋପ କରନ୍ତୁ"},{"$i":"spaceKey2","ariaLabel":"ସ୍ଥାନ"},{"$i":"returnKey2","ariaLabel":"ଫେରନ୍ତୁ"},{"$i":"periodKey2","ariaLabel":"ଅବଧି"},{"$i":"commaKey2","ariaLabel":"କମା"},{"$i":"colonKey2","ariaLabel":"କୋଲନ୍"},{"$i":"semicolonKey2","ariaLabel":"ସେମିକୋଲନ"},{"$i":"questionMarkKey2","ariaLabel":"ପ୍ରଶ୍ନ ଚିହ୍ନ"},{"$i":"exclamationPointKey2","ariaLabel":"ବିସ୍ମୟସୂଚକ ବିନ୍ଦୁ"},{"$i":"leftBracketKey2","ariaLabel":"ବାମ ବନ୍ଧନୀ"},{"$i":"rightBracketKey2","ariaLabel":"ଡାହାଣ ବନ୍ଧନୀ"},{"$i":"doubleQuoteKey2","ariaLabel":"ଡବଲ୍ କୋଟ୍"},{"$i":"leftDoubleAngleQuoteKey2","ariaLabel":"ବାମ ଦ୍ୱିତୀୟ ଏଂଗଲ୍ କୋଟ୍‌"},{"$i":"rightDoubleAngleQuoteKey2","ariaLabel":"ଦୁଇଥର ଡାହାଣ ଏଂଗଲ୍ କୋଟ୍‌"},{"$i":"userDictionaryNoWord","$v":"ୟୁଜର୍ ଶବ୍ଦକୋଷରେ କୌଣସି ଶବ୍ଦ ନାହିଁ |"},{"$i":"userDictionaryAddNow","$v":"ବର୍ତ୍ତମାନ ଏକ ଶବ୍ଦ ଯୋଡ଼ନ୍ତୁ |"},{"$i":"userDictionaryAddButton","ariaLabel":"ଶବ୍ଦ ଯୋଡ଼ନ୍ତୁ"},{"$i":"userDictionaryAdd","$v":"ଶବ୍ଦ ଯୋଡ଼ନ୍ତୁ"},{"$i":"userDictionaryEdit","$v":"ଶବ୍ଦ ସମ୍ପାଦନ କରନ୍ତୁ"},{"$i":"userDictionarySaveButton","$v":"ସେଭ୍ କରନ୍ତୁ"},{"$i":"userDictionaryDeleteButton","$v":"ବିଲୋପ କରନ୍ତୁ"},{"$i":"userDictionaryDeletePrompt","$v":["ଶବ୍ଦ “",{"t":"idOrVar","v":"word"},"” ବିଲୋପ କରିବେ ?"]}]