[{"$i":"title","$v":"ਕੀਬੋਰਡ"},{"$i":"settingsPageTitle","$v":"ਬਿਲਟ-ਇਨ ਕੀਬੋਰਡ"},{"$i":"ok","$v":"ਠੀਕ ਹੈ"},{"$i":"keyboardSettings","$v":"ਕੀਬੋਰਡ ਸੈਟਿੰਗਸ"},{"$i":"cancel","$v":"ਰੱਦ ਕਰੋ"},{"$i":"delete","$v":"ਮਿਟਾਓ"},{"$i":"done","$v":"ਪੂਰਾ ਹੋਇਆ"},{"$i":"previous","$v":"ਪਿਛਲਾ"},{"$i":"next","$v":"ਅਗਲਾ"},{"$i":"select","$v":"ਚੁਣੋ"},{"$i":"symbols","$v":{"zero":"ਸਿੰਬਲ 1/3","one":"ਚਿੰਨ੍ਹ 2/3","two":"ਚਿੰਨ੍ਹ 3/3"},"$x":[{"t":"idOrVar","v":"plural"},"n"]},{"$i":"symbols-lnd","$v":{"zero":"ਸਿੰਬਲ 1/4","one":"ਸਿੰਬਲ 2/4","two":"ਸਿੰਬਲ 3/4","other":"ਸਿੰਬਲ 4/4"},"$x":[{"t":"idOrVar","v":"plural"},"n"]},{"$i":"vibration","$v":"ਕੰਪਨ"},{"$i":"clickSound","$v":"ਆਵਾਜ਼ 'ਤੇ ਕਲਿਕ ਕਰੋ"},{"$i":"autoCorrect","$v":"ਸਵੈ ਸੋਧ"},{"$i":"wordSuggestion","$v":"ਸ਼ਬਦ ਦਾ ਸੁਝਾਅ"},{"$i":"userDictionary","$v":"ਯੂਜ਼ਰ ਸ਼ਬਦਕੋਸ਼"},{"$i":"handwritingKeyboard","$v":"ਲਿਖਾਈ"},{"$i":"strokeWidth","$v":"ਸਟਰੋਕ ਦੀ ਚੌੜਾਈ"},{"$i":"responseSpeed","$v":"ਪ੍ਰਤੀਕਿਰਿਆ ਦੀ ਗਤੀ"},{"$i":"wordSuggestions2","ariaLabel":"ਸ਼ਬਦ ਦਾ ਸੁਝਾਅ"},{"$i":"dismiss2","ariaLabel":"ਖਾਰਿਜ ਕਰੋ"},{"$i":"alternateLayoutKey2","ariaLabel":"ਹੋਰ ਨੰਬਰ ਅਤੇ ਚਿੰਨ੍ਹ"},{"$i":"basicLayoutKey2","ariaLabel":"ਅੱਖਰ"},{"$i":"upperCaseKey2","ariaLabel":"ਸਿਫ਼ਟ"},{"$i":"backSpaceKey2","ariaLabel":"ਮਿਟਾਓ"},{"$i":"spaceKey2","ariaLabel":"ਸਪੇਸ"},{"$i":"returnKey2","ariaLabel":"ਵਾਪਿਸ ਜਾਓ"},{"$i":"periodKey2","ariaLabel":"ਸਮਾਂ"},{"$i":"commaKey2","ariaLabel":"ਕੋਮਾ"},{"$i":"colonKey2","ariaLabel":"ਕੋਲਨ"},{"$i":"semicolonKey2","ariaLabel":"ਸੇਮੀਕੋਲਨ"},{"$i":"questionMarkKey2","ariaLabel":"ਪ੍ਰਸ਼ਨ ਚਿੰਨ੍ਹ"},{"$i":"exclamationPointKey2","ariaLabel":"ਏਕਸਕਲਾਮੇਸ਼ਨ ਪੋਇੰਟ"},{"$i":"leftBracketKey2","ariaLabel":"ਖੱਬਾ ਬ੍ਰੈਕਟ"},{"$i":"rightBracketKey2","ariaLabel":"ਸੱਜੀ ਬ੍ਰੈਕਟ"},{"$i":"doubleQuoteKey2","ariaLabel":"ਡਬਲ ਕੋਟ"},{"$i":"leftDoubleAngleQuoteKey2","ariaLabel":"ਖੱਬਾ ਡਬਲ ਐਂਗਲ ਕੋਟ"},{"$i":"rightDoubleAngleQuoteKey2","ariaLabel":"ਸੱਜਾ ਡਬਲ ਐਂਗਲ ਕੋਟ"},{"$i":"userDictionaryNoWord","$v":"ਯੂਜ਼ਰ ਸ਼ਬਦਕੋਸ਼ ਵਿੱਚ ਕੋਈ ਵੀ ਸ਼ਬਦ ਨਹੀਂ ਹੈ।"},{"$i":"userDictionaryAddNow","$v":"ਹੁਣ ਇੱਕ ਸ਼ਬਦ ਜੋੜੋ।"},{"$i":"userDictionaryAddButton","ariaLabel":"ਸ਼ਬਦ ਜੋੜੋ"},{"$i":"userDictionaryAdd","$v":"ਸ਼ਬਦ ਜੋੜੋ"},{"$i":"userDictionaryEdit","$v":"ਸ਼ਬਦ ਸੰਪਾਦਿਤ ਕਰੋ"},{"$i":"userDictionarySaveButton","$v":"ਸੇਵ ਕਰੋ"},{"$i":"userDictionaryDeleteButton","$v":"ਮਿਟਾਓ"},{"$i":"userDictionaryDeletePrompt","$v":[{"t":"idOrVar","v":"Word"}," ਸ਼ਬਦ ਨੂੰ ਮਿਟਾਓ?"]}]