[{"$i":"title","$v":"कीवॉर्ड"},{"$i":"settingsPageTitle","$v":"अंतर्निहित कीबोर्ड"},{"$i":"ok","$v":"नुदताम्"},{"$i":"keyboardSettings","$v":"कीवॉर्ड सेटिंग्स"},{"$i":"cancel","$v":"निरस्यताम्"},{"$i":"delete","$v":"लुप्यताम्"},{"$i":"done","$v":"कृतम्"},{"$i":"previous","$v":"पूर्वतनम्"},{"$i":"next","$v":"अग्रिमम्"},{"$i":"select","$v":"चिनोतु"},{"$i":"symbols","$v":{"zero":"प्रतीकः 1/3","one":"प्रतीकः 2/3","two":"प्रतीकः 3/3"},"$x":[{"t":"idOrVar","v":"plural"},"n"]},{"$i":"symbols-lnd","$v":{"zero":"चिह्नानि 1/4","one":"चिह्नानि 2/4","two":"चिह्नानि 3/4","other":"चिह्नानि 4/4"},"$x":[{"t":"idOrVar","v":"plural"},"n"]},{"$i":"vibration","$v":"कम्पनम्"},{"$i":"clickSound","$v":"ध्वनिः क्लिक करोतु"},{"$i":"autoCorrect","$v":"स्वतः संशोधनम्"},{"$i":"wordSuggestion","$v":"शब्दपरामर्शम्"},{"$i":"userDictionary","$v":"प्रयोगकर्तुः शब्दकोषः"},{"$i":"handwritingKeyboard","$v":"हस्तेन लिखितम्"},{"$i":"strokeWidth","$v":"आघातस्य व्यासः"},{"$i":"responseSpeed","$v":"प्रतिक्रियायाः गतिः"},{"$i":"wordSuggestions2","ariaLabel":"शब्दपरामर्शम्"},{"$i":"dismiss2","ariaLabel":"अपनीयताम्"},{"$i":"alternateLayoutKey2","ariaLabel":"अधिकसंख्याः प्रतीकाः च"},{"$i":"basicLayoutKey2","ariaLabel":"पत्रम्"},{"$i":"upperCaseKey2","ariaLabel":"परिवर्तनम्"},{"$i":"backSpaceKey2","ariaLabel":"लुप्यताम्"},{"$i":"spaceKey2","ariaLabel":"अंतरिक्षः"},{"$i":"returnKey2","ariaLabel":"प्रतिगच्छतु"},{"$i":"periodKey2","ariaLabel":"अवधिः"},{"$i":"commaKey2","ariaLabel":"अल्पविरामम्"},{"$i":"colonKey2","ariaLabel":"कॉलन"},{"$i":"semicolonKey2","ariaLabel":"सेमीकोलनम्"},{"$i":"questionMarkKey2","ariaLabel":"प्रश्नचिन्हम्"},{"$i":"exclamationPointKey2","ariaLabel":"विस्मयादिबोधक बिंदुः"},{"$i":"leftBracketKey2","ariaLabel":"वामब्रैकेट"},{"$i":"rightBracketKey2","ariaLabel":"दक्षिणब्रैकेट"},{"$i":"doubleQuoteKey2","ariaLabel":"द्विगुणोद्‍धरणम्"},{"$i":"leftDoubleAngleQuoteKey2","ariaLabel":"त्यक्तं डबलकोणोद्धरणम्"},{"$i":"rightDoubleAngleQuoteKey2","ariaLabel":"दक्षिणडबलकोणोद्धरणम्"},{"$i":"userDictionaryNoWord","$v":"उपयोगकर्ता शब्दकोशे कोऽपि शब्दो नास्ति।"},{"$i":"userDictionaryAddNow","$v":"सम्प्रति शब्दं योजयतु।"},{"$i":"userDictionaryAddButton","ariaLabel":"शब्दं योजयतु"},{"$i":"userDictionaryAdd","$v":"शब्दं योजयतु"},{"$i":"userDictionaryEdit","$v":"शब्दः सम्पादनीयः"},{"$i":"userDictionarySaveButton","$v":"संरक्षितम्"},{"$i":"userDictionaryDeleteButton","$v":"लुप्यताम्"},{"$i":"userDictionaryDeletePrompt","$v":["शब्दं “",{"t":"idOrVar","v":"word"},"” अपमर्जतु?"]}]