[{"$i":"title","$v":"ᱠᱤᱵᱳᱨᱰ"},{"$i":"settingsPageTitle","$v":"ᱠᱤᱵᱳᱨᱰ ᱨᱮ ᱛᱚᱞᱟᱜ"},{"$i":"ok","$v":"ᱴᱤᱠ"},{"$i":"keyboardSettings","$v":"ᱠᱤᱵᱳᱨᱰ ᱥᱮᱴᱤᱸᱜ"},{"$i":"cancel","$v":"ᱢᱩᱪᱮᱫ"},{"$i":"delete","$v":"ᱢᱮᱴᱟᱣ"},{"$i":"done","$v":"ᱦᱚᱭᱱᱟ"},{"$i":"previous","$v":"ᱛᱟᱭᱚᱢᱟᱜ"},{"$i":"next","$v":"ᱫᱟᱨᱟᱭᱟᱜ"},{"$i":"select","$v":"ᱵᱟᱪᱷᱟᱣ"},{"$i":"symbols","$v":{"zero":"ᱪᱤᱸᱦᱮ 1/3","one":"ᱪᱤᱸᱦᱮ 2/3","two":"ᱪᱤᱸᱦᱮ 3/3"},"$x":[{"t":"idOrVar","v":"plural"},"n"]},{"$i":"symbols-lnd","$v":{"zero":"ᱪᱤᱱᱦᱟᱹ ᱠᱚ 1/4","one":"ᱪᱤᱱᱦᱟᱹ ᱠᱚ 2/4","two":"ᱪᱤᱱᱦᱟᱹ ᱠᱚ 3/4","other":"ᱪᱤᱱᱦᱟᱹ 4/4"},"$x":[{"t":"idOrVar","v":"plural"},"n"]},{"$i":"vibration","$v":"ᱛᱷᱟᱨ~ᱛᱷᱟᱨᱟᱜ ᱠᱟᱱᱟ"},{"$i":"clickSound","$v":"ᱥᱟᱰᱤ ᱨᱮ ᱠᱩᱞᱩᱯ ᱢᱮ"},{"$i":"autoCorrect","$v":"ᱟᱡ~ᱟᱡ ᱛᱮ ᱥᱩᱦᱤᱜ ᱠᱟᱱᱟ"},{"$i":"wordSuggestion","$v":"ᱥᱟᱵᱟᱫ ᱵᱟᱛᱞᱟᱣᱟᱜ"},{"$i":"userDictionary","$v":"ᱵᱮᱵᱷᱟᱨᱤᱡ ᱡᱟᱜ ᱛᱚᱨᱡᱚᱢᱟ"},{"$i":"handwritingKeyboard","$v":"ᱛᱤᱛᱮ ᱚᱞ"},{"$i":"strokeWidth","$v":"ᱨᱮᱠᱷᱟ ᱨᱮᱭᱟᱜ ᱩᱥᱟᱨ"},{"$i":"responseSpeed","$v":"ᱛᱮᱞᱟ ᱨᱩᱣᱮᱲ ᱛᱟᱯᱤᱥ"},{"$i":"wordSuggestions2","ariaLabel":"ᱥᱟᱵᱟᱫ ᱵᱟᱛᱞᱟᱣᱟᱜ ᱠᱚ"},{"$i":"dismiss2","ariaLabel":"ᱰᱤᱜᱷᱮᱣ"},{"$i":"alternateLayoutKey2","ariaLabel":"ᱟᱭᱢᱟ ᱞᱮᱠᱷᱟ ᱠᱚ ᱟᱨ ᱪᱤᱸᱦᱮ ᱠᱚ"},{"$i":"basicLayoutKey2","ariaLabel":"ᱪᱤᱴᱤ ᱠᱚ"},{"$i":"upperCaseKey2","ariaLabel":"ᱥᱤᱯᱷᱹᱴ"},{"$i":"backSpaceKey2","ariaLabel":"ᱢᱮᱴᱟᱣ"},{"$i":"spaceKey2","ariaLabel":"ᱠᱷᱟᱞᱤ ᱡᱟᱭᱜᱟ"},{"$i":"returnKey2","ariaLabel":"ᱨᱩᱣᱮᱲ"},{"$i":"periodKey2","ariaLabel":"ᱚᱠᱛᱮ"},{"$i":"commaKey2","ariaLabel":"ᱠᱚᱢᱟ"},{"$i":"colonKey2","ariaLabel":"ᱠᱳᱞᱳᱱ"},{"$i":"semicolonKey2","ariaLabel":"ᱥᱮᱢᱤᱠᱳᱞᱳᱱ"},{"$i":"questionMarkKey2","ariaLabel":"ᱠᱩᱠᱞᱤ ᱪᱤᱸᱦᱮ"},{"$i":"exclamationPointKey2","ariaLabel":"ᱵᱤᱥᱚᱢᱫᱤᱵᱳᱫᱷᱟᱠ ᱴᱩᱰᱮᱜ"},{"$i":"leftBracketKey2","ariaLabel":"ᱮᱛᱚᱢ ᱵᱨᱟᱠᱮᱴ"},{"$i":"rightBracketKey2","ariaLabel":"ᱠᱚᱧᱮᱸ ᱵᱨᱟᱭᱠᱮᱴ"},{"$i":"doubleQuoteKey2","ariaLabel":"ᱵᱟᱨᱤᱭᱟ ᱛᱚᱨᱡᱚᱢᱟ"},{"$i":"leftDoubleAngleQuoteKey2","ariaLabel":"ᱮᱛᱚᱢ ᱵᱟᱨᱤᱭᱟ ᱜᱚ ᱛᱚᱨᱡᱚᱢᱟ"},{"$i":"rightDoubleAngleQuoteKey2","ariaLabel":"ᱠᱚᱧᱮᱸ ᱵᱟᱨᱤᱭᱟ ᱠᱚᱱᱟ ᱛᱚᱨᱡᱚᱢᱟ"},{"$i":"userDictionaryNoWord","$v":"ᱵᱮᱵᱷᱟᱨᱤᱡᱟᱜ ᱛᱚᱨᱡᱚᱢᱟ ᱨᱮ ᱵᱟᱱᱩᱜ-ᱟ ᱥᱟᱵᱟᱫ."},{"$i":"userDictionaryAddNow","$v":"ᱧᱤᱛ ᱥᱟᱵᱟᱫ ᱥᱮᱞᱮᱫ."},{"$i":"userDictionaryAddButton","ariaLabel":"ᱥᱟᱵᱟᱫ ᱥᱮᱞᱮᱫ"},{"$i":"userDictionaryAdd","$v":"ᱥᱟᱵᱟᱫ ᱥᱮᱞᱮᱫ"},{"$i":"userDictionaryEdit","$v":"ᱥᱟᱵᱟᱫ ᱟᱹᱨᱩ"},{"$i":"userDictionarySaveButton","$v":"ᱡᱚᱜᱟᱣᱡᱟᱜᱟ ᱫᱚ ᱵᱟᱝ ᱮᱥᱠᱮᱱ ᱫᱟᱲᱤᱭᱟᱜ-ᱟ."},{"$i":"userDictionaryDeleteButton","$v":"ᱢᱮᱴᱟᱣ"},{"$i":"userDictionaryDeletePrompt","$v":["ᱥᱟᱵᱟᱫ ᱢᱮᱴᱟᱣ \"",{"t":"idOrVar","v":"word"},"\"?"]}]