[{"$i":"title","$v":"के बोर्डु"},{"$i":"settingsPageTitle","$v":"बिल्ट-इन के बोर्डु"},{"$i":"ok","$v":"ठीक"},{"$i":"keyboardSettings","$v":"के बोर्डु सीटनगूं"},{"$i":"cancel","$v":"मंसूख़ कर्यो"},{"$i":"delete","$v":"रदि"},{"$i":"done","$v":"पुरो थियो"},{"$i":"previous","$v":"अगो॒णा"},{"$i":"next","$v":"ॿियो"},{"$i":"select","$v":"चूंडियो"},{"$i":"symbols","$v":{"zero":"नशानयो 1/3","one":"नशानयो 2/3","two":"नशानयो 3/3"},"$x":[{"t":"idOrVar","v":"plural"},"n"]},{"$i":"symbols-lnd","$v":{"zero":"निशान्यूं 1/4","one":"निशान्यूं 2/4","two":"निशान्यूं 3/4","other":"निशान्यूं 4/4"},"$x":[{"t":"idOrVar","v":"plural"},"n"]},{"$i":"vibration","$v":"वाइब्रेशन"},{"$i":"clickSound","$v":"किल्क जो आवाज़ु"},{"$i":"autoCorrect","$v":"ख़ुदकार तसीह"},{"$i":"wordSuggestion","$v":"लफ़्ज़ु तजवीज़"},{"$i":"userDictionary","$v":"सारिफ़ डिक्शनरी"},{"$i":"handwritingKeyboard","$v":"हैंड राइटिंग"},{"$i":"strokeWidth","$v":"असटरोक वेकरि"},{"$i":"responseSpeed","$v":"जवाबु जी रफ़्तार"},{"$i":"wordSuggestions2","ariaLabel":"लफ़्ज़ु तजवीज़ूं"},{"$i":"dismiss2","ariaLabel":"नाकारो"},{"$i":"alternateLayoutKey2","ariaLabel":"वधीक नम्बरु ऐं निशान्यूं"},{"$i":"basicLayoutKey2","ariaLabel":"अखर"},{"$i":"upperCaseKey2","ariaLabel":"शिफ़्ट"},{"$i":"backSpaceKey2","ariaLabel":"रदि"},{"$i":"spaceKey2","ariaLabel":"स्पेस"},{"$i":"returnKey2","ariaLabel":"मोट"},{"$i":"periodKey2","ariaLabel":"अर्सो"},{"$i":"commaKey2","ariaLabel":"कामा"},{"$i":"colonKey2","ariaLabel":"कोलोन"},{"$i":"semicolonKey2","ariaLabel":"सेमी कोलोन"},{"$i":"questionMarkKey2","ariaLabel":"सवालीह निशानी"},{"$i":"exclamationPointKey2","ariaLabel":"ताजुब जो नुक़्तो"},{"$i":"leftBracketKey2","ariaLabel":"खाॿे ब्रैकेट"},{"$i":"rightBracketKey2","ariaLabel":"साॼी ॾंगे"},{"$i":"doubleQuoteKey2","ariaLabel":"डबल कोट"},{"$i":"leftDoubleAngleQuoteKey2","ariaLabel":"खाॿो डबल एंगल कोट"},{"$i":"rightDoubleAngleQuoteKey2","ariaLabel":"साॼी डबल एंगल ॾंगे"},{"$i":"userDictionaryNoWord","$v":"सारिफ़ डिक्शनरी में के बि लफ़्ज़ु नाहिनि ."},{"$i":"userDictionaryAddNow","$v":"हाणे हिक लफ़्ज़ु शामिलु कर्यो ."},{"$i":"userDictionaryAddButton","ariaLabel":"लफ़्ज़ु शामिलु कर्यो"},{"$i":"userDictionaryAdd","$v":"लफ़्ज़ु शामिलु कर्यो"},{"$i":"userDictionaryEdit","$v":"लफ़्ज़ु तदवीन कर्यो"},{"$i":"userDictionarySaveButton","$v":"साघो"},{"$i":"userDictionaryDeleteButton","$v":"रदि"},{"$i":"userDictionaryDeletePrompt","$v":["लफ़्ज़ु \"",{"t":"idOrVar","v":"word"},"” हज़फ़ कर्यो?"]}]