[{"$i":"title","$v":"కీబోర్డ్"},{"$i":"settingsPageTitle","$v":"అంతర్‌నిర్మిత కీబోర్డ్"},{"$i":"ok","$v":"సరే"},{"$i":"keyboardSettings","$v":"కీబోర్డ్ సెట్టింగ్స్"},{"$i":"cancel","$v":"రద్దు చేయి"},{"$i":"delete","$v":"తొలగించు"},{"$i":"done","$v":"పూర్తయింది"},{"$i":"previous","$v":"మునుపటి"},{"$i":"next","$v":"తదుపరి"},{"$i":"select","$v":"ఎంచుకోండి"},{"$i":"symbols","$v":{"zero":"1/3 చిహ్నాలు","one":"2/3 చిహ్నాలు","two":"3/3 చిహ్నాలు"},"$x":[{"t":"idOrVar","v":"plural"},"n"]},{"$i":"symbols-lnd","$v":{"zero":"చిహ్నాలు 1/4","one":"చిహ్నాలు 2/4","two":"చిహ్నాలు 3/4","other":"చిహ్నాలు 4/4"},"$x":[{"t":"idOrVar","v":"plural"},"n"]},{"$i":"vibration","$v":"వైబ్రేషన్"},{"$i":"clickSound","$v":"సౌండ్ క్లిక్ చేయి"},{"$i":"autoCorrect","$v":"స్వయం సవరణ"},{"$i":"wordSuggestion","$v":"పదం సూచన"},{"$i":"userDictionary","$v":"యూసర్ నిఘంటువు"},{"$i":"handwritingKeyboard","$v":"చేతివ్రాత"},{"$i":"strokeWidth","$v":"స్ట్రోక్ వెడల్పు"},{"$i":"responseSpeed","$v":"ప్రతిస్పందన వేగం"},{"$i":"wordSuggestions2","ariaLabel":"పదం సూచనలు"},{"$i":"dismiss2","ariaLabel":"తొలగించండి"},{"$i":"alternateLayoutKey2","ariaLabel":"మరిన్ని నంబర్లు మరియు చిహ్నాలు"},{"$i":"basicLayoutKey2","ariaLabel":"అక్షరాలు"},{"$i":"upperCaseKey2","ariaLabel":"మార్చు"},{"$i":"backSpaceKey2","ariaLabel":"తొలగించు"},{"$i":"spaceKey2","ariaLabel":"స్థలం"},{"$i":"returnKey2","ariaLabel":"వెనక్కి వెళ్లు"},{"$i":"periodKey2","ariaLabel":"వ్యవధి"},{"$i":"commaKey2","ariaLabel":"కామా"},{"$i":"colonKey2","ariaLabel":"కోలన్"},{"$i":"semicolonKey2","ariaLabel":"సెమీకోలన్"},{"$i":"questionMarkKey2","ariaLabel":"ప్రశ్న గుర్తు"},{"$i":"exclamationPointKey2","ariaLabel":"ఎక్స్క్లమేషన్ పాయింట్"},{"$i":"leftBracketKey2","ariaLabel":"ఎడమ బ్రాకెట్"},{"$i":"rightBracketKey2","ariaLabel":"కుడి బ్రాకెట్"},{"$i":"doubleQuoteKey2","ariaLabel":"డబుల్ కోట్"},{"$i":"leftDoubleAngleQuoteKey2","ariaLabel":"ఎడమ డబుల్ యాంగిల్ కోట్"},{"$i":"rightDoubleAngleQuoteKey2","ariaLabel":"కుడి డబుల్ యాంగిల్ కోట్"},{"$i":"userDictionaryNoWord","$v":"యూసర్ నిఘంటువులో పదాలు లేవు."},{"$i":"userDictionaryAddNow","$v":"ఇప్పుడు పదాన్ని జోడించు."},{"$i":"userDictionaryAddButton","ariaLabel":"పదాన్ని జోడించు"},{"$i":"userDictionaryAdd","$v":"పదాన్ని జోడించు"},{"$i":"userDictionaryEdit","$v":"పదాన్ని సవరించు"},{"$i":"userDictionarySaveButton","$v":"సేవ్ చేయి"},{"$i":"userDictionaryDeleteButton","$v":"తొలగించు"},{"$i":"userDictionaryDeletePrompt","$v":["“",{"t":"idOrVar","v":"word"},"” పదాన్ని తొలగించాలా?"]}]