[{"$i":"title","$v":"थुग्रा"},{"$i":"settingsPageTitle","$v":"इसिङारि किबर्ड"},{"$i":"ok","$v":"जागोन"},{"$i":"keyboardSettings","$v":"थुग्रा साजायनायफोर"},{"$i":"cancel","$v":"दान"},{"$i":"delete","$v":"दान"},{"$i":"done","$v":"मावफुंबाय"},{"$i":"previous","$v":"सिगांनि"},{"$i":"next","$v":"नेक्स खालाम"},{"$i":"select","$v":"सायख'"},{"$i":"symbols","$v":{"zero":"नेरसोनफोर 1/3","one":"नेरसोनफोर 2/3","two":"नेरसोनफोर 3/3"},"$x":[{"t":"idOrVar","v":"plural"},"n"]},{"$i":"symbols-lnd","$v":{"zero":"नेरसोनफोर 1/4","one":"नेरसोनफोर 2/4","two":"नेरसोनफोर 3/4","other":"नेरसोनफोर 4/4"},"$x":[{"t":"idOrVar","v":"plural"},"n"]},{"$i":"vibration","$v":"मावग्लुंनाय"},{"$i":"clickSound","$v":"क्लिक खालामनाय सोदोब"},{"$i":"autoCorrect","$v":"गावनो गाव फाहामफिननाय"},{"$i":"wordSuggestion","$v":"सोदोब साजेसन"},{"$i":"userDictionary","$v":"बाहायग्रानि सोदोबबाख्रि"},{"$i":"handwritingKeyboard","$v":"आखाइनि हांखो"},{"$i":"strokeWidth","$v":"स्ट्रक उइड"},{"$i":"responseSpeed","$v":"गोख्रैथि फिननाय"},{"$i":"wordSuggestions2","ariaLabel":"सोदोब साजेसनफोर"},{"$i":"dismiss2","ariaLabel":"गाज्रि जादों"},{"$i":"alternateLayoutKey2","ariaLabel":"गोबांसिन अनजिमा आरो नेरसोनफोर"},{"$i":"basicLayoutKey2","ariaLabel":"हांखोफोर"},{"$i":"upperCaseKey2","ariaLabel":"सिफ्ट"},{"$i":"backSpaceKey2","ariaLabel":"दान"},{"$i":"spaceKey2","ariaLabel":"स्पेस"},{"$i":"returnKey2","ariaLabel":"थांफिन"},{"$i":"periodKey2","ariaLabel":"सम-खोन्दो"},{"$i":"commaKey2","ariaLabel":"कमा"},{"$i":"colonKey2","ariaLabel":"कलन"},{"$i":"semicolonKey2","ariaLabel":"सेमिकलन"},{"$i":"questionMarkKey2","ariaLabel":"सोंलु सिन"},{"$i":"exclamationPointKey2","ariaLabel":"सोमोनां बिन्दो"},{"$i":"leftBracketKey2","ariaLabel":"आगसिथिंनि बेन्दों"},{"$i":"rightBracketKey2","ariaLabel":"आगदा बेंन्दों"},{"$i":"doubleQuoteKey2","ariaLabel":"फाननै बुंफिन"},{"$i":"leftDoubleAngleQuoteKey2","ariaLabel":"आगसि खेबनै एंगेल कुवाटेट"},{"$i":"rightDoubleAngleQuoteKey2","ariaLabel":"थार खेबनै एंगल कुवेट"},{"$i":"userDictionaryNoWord","$v":"बाहायनाय सोदोब बाख्रियाव सोदोबफोर मोनाखै।"},{"$i":"userDictionaryAddNow","$v":"दानो मोनसे सोदोब दाजाब।"},{"$i":"userDictionaryAddButton","ariaLabel":"सोदोब दाजाब"},{"$i":"userDictionaryAdd","$v":"सोदोब दाजाब"},{"$i":"userDictionaryEdit","$v":"वर्डखौ इडिट खालाम"},{"$i":"userDictionarySaveButton","$v":"चेब खालाम"},{"$i":"userDictionaryDeleteButton","$v":"दान"},{"$i":"userDictionaryDeletePrompt","$v":["“",{"t":"idOrVar","v":"word"},"” सोदोबखौ खोमोर ?"]}]