[{"$i":"weekday-0-long","$v":"দেওবাৰ"},{"$i":"weekday-1-long","$v":"সোমবাৰ"},{"$i":"weekday-2-long","$v":"মঙ্গলবাৰ"},{"$i":"weekday-3-long","$v":"বুধবাৰ"},{"$i":"weekday-4-long","$v":"বৃহস্পতিবাৰ"},{"$i":"weekday-5-long","$v":"শুক্ৰবাৰ"},{"$i":"weekday-6-long","$v":"শনিবাৰ"},{"$i":"weekday-0-short","$v":"দেও"},{"$i":"weekday-1-short","$v":"সোম"},{"$i":"weekday-2-short","$v":"মঙ্গল"},{"$i":"weekday-3-short","$v":"বুধ"},{"$i":"weekday-4-short","$v":"বৃহস্পতি"},{"$i":"weekday-5-short","$v":"শুক্ৰ"},{"$i":"weekday-6-short","$v":"শনি"},{"$i":"month-0-long","$v":"জানুৱাৰী"},{"$i":"month-1-long","$v":"ফেব্ৰুৱাৰী"},{"$i":"month-2-long","$v":"মাৰ্চ"},{"$i":"month-3-long","$v":"এপ্ৰিল"},{"$i":"month-4-long","$v":"মে"},{"$i":"month-5-long","$v":"জুন"},{"$i":"month-6-long","$v":"জুলাই"},{"$i":"month-7-long","$v":"আগষ্ট"},{"$i":"month-8-long","$v":"ছেপ্টেম্বৰ"},{"$i":"month-9-long","$v":"অক্টোবৰ"},{"$i":"month-10-long","$v":"নৱেম্বৰ"},{"$i":"month-11-long","$v":"ডিচেম্বৰ"},{"$i":"month-0-genitive","$v":"জানুৱাৰী"},{"$i":"month-1-genitive","$v":"ফেব্ৰুৱাৰী"},{"$i":"month-2-genitive","$v":"মাৰ্চ"},{"$i":"month-3-genitive","$v":"এপ্ৰিল"},{"$i":"month-4-genitive","$v":"মে"},{"$i":"month-5-genitive","$v":"জুন"},{"$i":"month-6-genitive","$v":"জুলাই"},{"$i":"month-7-genitive","$v":"আগষ্ট"},{"$i":"month-8-genitive","$v":"ছেপ্টেম্বৰ"},{"$i":"month-9-genitive","$v":"অক্টোবৰ"},{"$i":"month-10-genitive","$v":"নৱেম্বৰ"},{"$i":"month-11-genitive","$v":"ডিচেম্বৰ"},{"$i":"month-0-short","$v":"জানুৱাৰী"},{"$i":"month-1-short","$v":"ফেব্ৰুৱাৰী"},{"$i":"month-2-short","$v":"মাৰ্চ"},{"$i":"month-3-short","$v":"এপ্ৰিল"},{"$i":"month-4-short","$v":"মে"},{"$i":"month-5-short","$v":"জুন"},{"$i":"month-6-short","$v":"জুলাই"},{"$i":"month-7-short","$v":"আগষ্ট"},{"$i":"month-8-short","$v":"ছেপ্টেম্বৰ"},{"$i":"month-9-short","$v":"অক্টোবৰ"},{"$i":"month-10-short","$v":"নৱেম্বৰ"},{"$i":"month-11-short","$v":"ডিচেম্বৰ"},{"$i":"minutes-ago-long","$v":{"zero":"এইমাত্ৰ","one":"এক মিনিট আগতে","two":[{"t":"idOrVar","v":"value"}," মিনিট আগত"],"few":[{"t":"idOrVar","v":"value"}," মিনিট আগত"],"many":[{"t":"idOrVar","v":"value"}," মিনিট আগত"],"other":[{"t":"idOrVar","v":"value"}," মিনিট আগত"]},"$x":[{"t":"idOrVar","v":"plural"},"value"]},{"$i":"hours-ago-long","$v":{"zero":"এইমাত্ৰ","one":"এঘণ্টা আগতে","two":[{"t":"idOrVar","v":"value"}," ঘণ্টা আগত"],"few":[{"t":"idOrVar","v":"value"}," ঘণ্টা আগত"],"many":[{"t":"idOrVar","v":"value"}," ঘণ্টা আগত"],"other":[{"t":"idOrVar","v":"value"}," ঘণ্টা আগত"]},"$x":[{"t":"idOrVar","v":"plural"},"value"]},{"$i":"days-ago-long","$v":{"zero":"আজি","one":"যোৱাকালি","two":[{"t":"idOrVar","v":"value"}," দিন আগত"],"few":[{"t":"idOrVar","v":"value"}," দিন আগত"],"many":[{"t":"idOrVar","v":"value"}," দিন আগত"],"other":[{"t":"idOrVar","v":"value"}," দিন আগত"]},"$x":[{"t":"idOrVar","v":"plural"},"value"]},{"$i":"weeks-ago-long","$v":{"zero":"এইটো সপ্তাহ","one":"যোৱা সপ্তাহ","two":[{"t":"idOrVar","v":"value"}," সপ্তাহ আগত"],"few":[{"t":"idOrVar","v":"value"}," সপ্তাহ আগত"],"many":[{"t":"idOrVar","v":"value"}," সপ্তাহ আগত"],"other":[{"t":"idOrVar","v":"value"}," সপ্তাহ আগত"]},"$x":[{"t":"idOrVar","v":"plural"},"value"]},{"$i":"months-ago-long","$v":{"zero":"এইটো মাহ","one":"যোৱা মাহ","two":[{"t":"idOrVar","v":"value"}," মাহ আগত"],"few":[{"t":"idOrVar","v":"value"}," মাহ আগত"],"many":[{"t":"idOrVar","v":"value"}," মাহ আগত"],"other":[{"t":"idOrVar","v":"value"}," মাহ আগত"]},"$x":[{"t":"idOrVar","v":"plural"},"value"]},{"$i":"years-ago-long","$v":{"zero":"এইটো বছৰ","one":"যোৱা বছৰ","two":[{"t":"idOrVar","v":"value"}," বছৰ আগত"],"few":[{"t":"idOrVar","v":"value"}," বছৰ আগত"],"many":[{"t":"idOrVar","v":"value"}," বছৰ আগত"],"other":[{"t":"idOrVar","v":"value"}," বছৰ আগত"]},"$x":[{"t":"idOrVar","v":"plural"},"value"]},{"$i":"minutes-until-long","$v":{"zero":"এতিয়া","one":"এক মিনিটত","two":[{"t":"idOrVar","v":"value"}," মিনিটত"],"few":[{"t":"idOrVar","v":"value"}," মিনিটত"],"many":[{"t":"idOrVar","v":"value"}," মিনিটত"],"other":[{"t":"idOrVar","v":"value"}," মিনিটত"]},"$x":[{"t":"idOrVar","v":"plural"},"value"]},{"$i":"hours-until-long","$v":{"zero":"এতিয়া","one":"এক ঘণ্টাত","two":[{"t":"idOrVar","v":"value"}," ঘণ্টাত"],"few":[{"t":"idOrVar","v":"value"}," ঘণ্টাত"],"many":[{"t":"idOrVar","v":"value"}," ঘণ্টাত"],"other":[{"t":"idOrVar","v":"value"}," ঘণ্টাত"]},"$x":[{"t":"idOrVar","v":"plural"},"value"]},{"$i":"days-until-long","$v":{"zero":"আজি","one":"অহাকলি","two":[{"t":"idOrVar","v":"value"}," দিনত"],"few":[{"t":"idOrVar","v":"value"}," দিনত"],"many":[{"t":"idOrVar","v":"value"}," দিনত"],"other":[{"t":"idOrVar","v":"value"}," দিনত"]},"$x":[{"t":"idOrVar","v":"plural"},"value"]},{"$i":"weeks-until-long","$v":{"zero":"এইটো সপ্তাহ","one":"পৰৱৰ্তী সপ্তাহ","two":[{"t":"idOrVar","v":"value"}," সপ্তাহত"],"few":[{"t":"idOrVar","v":"value"}," সপ্তাহত"],"many":[{"t":"idOrVar","v":"value"}," সপ্তাহত"],"other":[{"t":"idOrVar","v":"value"}," সপ্তাহত"]},"$x":[{"t":"idOrVar","v":"plural"},"value"]},{"$i":"months-until-long","$v":{"zero":"এইটো মাহ","one":"পৰৱৰ্তী মাহ","two":[{"t":"idOrVar","v":"value"}," মাহত"],"few":[{"t":"idOrVar","v":"value"}," মাহত"],"many":[{"t":"idOrVar","v":"value"}," মাহত"],"other":[{"t":"idOrVar","v":"value"}," মাহত"]},"$x":[{"t":"idOrVar","v":"plural"},"value"]},{"$i":"years-until-long","$v":{"zero":"এইটো বছৰ","one":"পৰৱৰ্তী বছৰ","two":[{"t":"idOrVar","v":"value"}," বছৰত"],"few":[{"t":"idOrVar","v":"value"}," বছৰত"],"many":[{"t":"idOrVar","v":"value"}," বছৰত"],"other":[{"t":"idOrVar","v":"value"}," বছৰত"]},"$x":[{"t":"idOrVar","v":"plural"},"value"]},{"$i":"minutes-ago-short","$v":{"zero":"এইমাত্ৰ","other":[{"t":"idOrVar","v":"value"}," মিনিট আগত"]},"$x":[{"t":"idOrVar","v":"plural"},"value"]},{"$i":"hours-ago-short","$v":{"zero":"এইমাত্ৰ","other":[{"t":"idOrVar","v":"value"}," ঘণ্টা আগত"]},"$x":[{"t":"idOrVar","v":"plural"},"value"]},{"$i":"days-ago-short","$v":{"zero":"আজি","other":[{"t":"idOrVar","v":"value"}," দিন আগত"]},"$x":[{"t":"idOrVar","v":"plural"},"value"]},{"$i":"minutes-until-short","$v":{"zero":"এতিয়া","other":[{"t":"idOrVar","v":"value"}," মিনিটত"]},"$x":[{"t":"idOrVar","v":"plural"},"value"]},{"$i":"hours-until-short","$v":{"zero":"এতিয়া","other":[{"t":"idOrVar","v":"value"}," ঘণ্টাত"]},"$x":[{"t":"idOrVar","v":"plural"},"value"]},{"$i":"days-until-short","$v":{"zero":"আজি","other":[{"t":"idOrVar","v":"value"}," দিনত"]},"$x":[{"t":"idOrVar","v":"plural"},"value"]},{"$i":"incorrectDate","$v":"(অশুদ্ধ তাৰিখ)"},{"$i":"dateTimeFormat_%c","$v":"%a %b %e %Y %I:%M:%S %p"},{"$i":"dateTimeFormat_%x","$v":"%m/%d/%Y"},{"$i":"dateTimeFormat_%X","$v":"%I:%M:%S %p"},{"$i":"shortTimeFormat","$v":"%I:%M %p"},{"$i":"shortTimeFormat12","$v":"%I:%M %p"},{"$i":"shortTimeFormat24","$v":"%H:%M"},{"$i":"shortDateTimeFormat","$v":"%x %I:%M %p"},{"$i":"weekStartsOnMonday","$v":"0"},{"$i":"firstDayOfTheWeek","$v":"0"},{"$i":"time_am","$v":"AM"},{"$i":"time_pm","$v":"PM"},{"$i":"softkey-options","$v":"বিকল্পসমূহ"},{"$i":"reset","$v":"পুনঃছেট  কৰক"},{"$i":"start","$v":"আৰম্ভ"},{"$i":"stop","$v":"ৰখক"},{"$i":"cancel","$v":"বাতিল কৰক"},{"$i":"hour","$v":"ঘণ্টা"},{"$i":"hours","$v":"ঘণ্টা"},{"$i":"minute","$v":"মিনিট"},{"$i":"minutes","$v":"মিনিট"},{"$i":"second","$v":"ছেকেণ্ড"},{"$i":"alarm","$v":"এলাৰ্ম"},{"$i":"alarm-name","placeholder":"এলাৰ্ম"},{"$i":"timer","$v":"টাইমাৰ"},{"$i":"stopwatch","$v":"ষ্টপৱাট্চ"},{"$i":"alarmName","$v":"এলাৰ্মৰ নাম"},{"$i":"newAlarm","$v":"নতুন এলাৰ্ম"},{"$i":"editAlarm","$v":"এলাৰ্ম সম্পাদনা কৰক"},{"$i":"tclSettings","$v":"ছেটিংছ"},{"$i":"clock-settings","$v":"ঘড়ী ছেটিংছ"},{"$i":"alarms-maximum","$v":"আপুনি সৰ্বোচ্চ সংখ্যক এলাৰ্মত উপনীত হৈছে৷"},{"$i":"laps-maximum","$v":"আপুনি লেপ্ছৰ সৰ্বাধিক সংখ্যাত উপনীত হৈছে ৷"},{"$i":"changes-saved","$v":"পৰিৱৰ্তনসমূহ চেভ কৰা হৈছে ৷"},{"$i":"pause","$v":"ৰখক"},{"$i":"resume","$v":"পুনৰ আৰম্ভ কৰক"},{"$i":"lap","$v":"লেপ"},{"$i":"lap-number","$v":["লেপ ",{"t":"idOrVar","v":"n"}]},{"$i":"timer-hour","$v":"ঘণ্টা"},{"$i":"timer-min","$v":"মিনিট"},{"$i":"timer-sec","$v":"ছেকেণ্ড"},{"$i":"delete","$v":"বিলোপ কৰক"},{"$i":"time","$v":"সময়"},{"$i":"snooze-label","$v":"স্নুজ কৰক"},{"$i":"snooze-button","$v":"স্নুজ কৰক"},{"$i":"repeat","$v":"পুনৰাবৃত্তি কৰক"},{"$i":"vibrate","$v":"কম্পন কৰক"},{"$i":"close","$v":"বন্ধ কৰক"},{"$i":"save","$v":"ছেভ কৰক"},{"$i":"done","$v":"কৰা হল"},{"$i":"tcl-select-time","$v":"সময় বাছনি কৰক"},{"$i":"closeButton","ariaLabel":"বন্ধ কৰক"},{"$i":"newAlarmButton","ariaLabel":"নতুন এলাৰ্ম"},{"$i":"alarm-volume-label","$v":"ছিষ্টেম এলাৰ্ম ভলিউম"},{"$i":"tcl-volume","$v":"ভলিউম:"},{"$i":"volume-level-display","$v":[{"t":"idOrVar","v":"n"}," / ",{"t":"idOrVar","v":"c"}]},{"$i":"sound","$v":"ধ্বনি"},{"$i":"noSound","$v":"কোনো ধ্বনি নাই"},{"$i":"tcl-ringtones","$v":"ৰিংট’নসমূহ"},{"$i":"everyday","$v":"প্ৰতিদিন"},{"$i":"weekdays","$v":"সাপ্তাহিক দিনবোৰ"},{"$i":"weekends","$v":"সপ্তাহান্তবোৰ"},{"$i":"never","$v":"কেতিয়াও নকৰিব"},{"$i":"vibrateOn","$v":"অন"},{"$i":"vibrateOff","$v":"অফ"},{"$i":"tcl-on","$v":"অন"},{"$i":"tcl-off","$v":"অফ"},{"$i":"plusMinute","$v":"+1 মিনিট"},{"$i":"dateFormat","$v":"%A, %b %e"},{"$i":"countdown-lessThanAnHour","$v":["এতিয়াৰে পৰা এলাৰ্মটো ",{"t":"idOrVar","v":"minutes"},"ৰ বাবে ছেট কৰা হৈছে ৷"]},{"$i":"countdown-moreThanAnHour","$v":["এতিয়াৰে পৰা এলাৰ্মটো ",{"t":"idOrVar","v":"hours"}," ",{"t":"idOrVar","v":"minutes"},"ৰ বাবে ছেট কৰা হৈছে ৷"]},{"$i":"countdown-moreThanADay","$v":["এতিয়াৰে পৰা এলাৰ্মটো ",{"t":"idOrVar","v":"days"}," ",{"t":"idOrVar","v":"hours"},"ৰ বাবে ছেট কৰা হৈছে ৷"]},{"$i":"tcl-alarm-off","$v":"এলাৰ্ম অফ কৰা হৈছে ৷"},{"$i":"tcl-alarm-deleted","$v":"এলাৰ্ম বিলোপ কৰা হৈছে ৷"},{"$i":"nMinutes","$v":{"zero":"এক মিনিটতকৈ কম","one":"এক মিনিট","two":[{"t":"idOrVar","v":"n"}," মিনিট"],"few":[{"t":"idOrVar","v":"n"}," মিনিট"],"many":[{"t":"idOrVar","v":"n"}," মিনিট"],"other":[{"t":"idOrVar","v":"n"}," মিনিট"]},"$x":[{"t":"idOrVar","v":"plural"},"n"]},{"$i":"nHours","$v":{"zero":"","one":[{"t":"idOrVar","v":"n"}," ঘণ্টা"],"two":[{"t":"idOrVar","v":"n"}," ঘণ্টা"],"few":[{"t":"idOrVar","v":"n"}," ঘণ্টা"],"many":[{"t":"idOrVar","v":"n"}," ঘণ্টা"],"other":[{"t":"idOrVar","v":"n"}," ঘণ্টা"]},"$x":[{"t":"idOrVar","v":"plural"},"n"]},{"$i":"nAndRemainHours","$v":{"zero":"","one":["আৰু ",{"t":"idOrVar","v":"n"}," ঘণ্টা"],"two":["আৰু ",{"t":"idOrVar","v":"n"}," ঘণ্টা"],"few":["আৰু ",{"t":"idOrVar","v":"n"}," ঘণ্টা"],"many":["আৰু ",{"t":"idOrVar","v":"n"}," ঘণ্টা"],"other":["আৰু ",{"t":"idOrVar","v":"n"}," ঘণ্টা"]},"$x":[{"t":"idOrVar","v":"plural"},"n"]},{"$i":"nRemainDays","$v":{"zero":"","one":[{"t":"idOrVar","v":"n"}," দিন"],"two":[{"t":"idOrVar","v":"n"}," দিন"],"few":[{"t":"idOrVar","v":"n"}," দিন"],"many":[{"t":"idOrVar","v":"n"}," দিন"],"other":[{"t":"idOrVar","v":"n"}," দিন"]},"$x":[{"t":"idOrVar","v":"plural"},"n"]},{"$i":"nRemainMinutes","$v":{"zero":"","one":["আৰু ",{"t":"idOrVar","v":"n"}," মিনিট"],"two":["আৰু ",{"t":"idOrVar","v":"n"}," মিনিট"],"few":["আৰু ",{"t":"idOrVar","v":"n"}," মিনিট"],"many":["আৰু ",{"t":"idOrVar","v":"n"}," মিনিট"],"other":["আৰু ",{"t":"idOrVar","v":"n"}," মিনিট"]},"$x":[{"t":"idOrVar","v":"plural"},"n"]},{"$i":"nSpinnerSeconds","$v":{"zero":"শূণ্য ছেকেণ্ড","one":"এক ছেকেণ্ড","two":[{"t":"idOrVar","v":"n"}," ছেকেণ্ড"],"few":[{"t":"idOrVar","v":"n"}," ছেকেণ্ড"],"many":[{"t":"idOrVar","v":"n"}," ছেকেণ্ড"],"other":[{"t":"idOrVar","v":"n"}," ছেকেণ্ড"]},"$x":[{"t":"idOrVar","v":"plural"},"n"]},{"$i":"nSpinnerMinutes","$v":{"zero":"শূণ্য মিনিট","one":"এক মিনিট","two":[{"t":"idOrVar","v":"n"}," মিনিট"],"few":[{"t":"idOrVar","v":"n"}," মিনিট"],"many":[{"t":"idOrVar","v":"n"}," মিনিট"],"other":[{"t":"idOrVar","v":"n"}," মিনিট"]},"$x":[{"t":"idOrVar","v":"plural"},"n"]},{"$i":"nSpinnerHours","$v":{"zero":"শূণ্য ঘণ্টা","one":[{"t":"idOrVar","v":"n"}," ঘণ্টা"],"two":[{"t":"idOrVar","v":"n"}," ঘণ্টা"],"few":[{"t":"idOrVar","v":"n"}," ঘণ্টা"],"many":[{"t":"idOrVar","v":"n"}," ঘণ্টা"],"other":[{"t":"idOrVar","v":"n"}," ঘণ্টা"]},"$x":[{"t":"idOrVar","v":"plural"},"n"]},{"$i":"tcl-stop","$v":"ৰখক"},{"$i":"tcl-snooze","$v":"স্নুজ কৰক"},{"$i":"ac_awake_opus","$v":"সজাগ"},{"$i":"ac_crystalize_opus","$v":"ক্ৰিস্টেলাইজ"},{"$i":"ac_cycle_opus","$v":"চাইকেল"},{"$i":"ac_digicloud_opus","$v":"ডিজিক্লাউড"},{"$i":"ac_humming_waves_opus","$v":"হামিং তৰংগবোৰ"},{"$i":"ac_into_the_void_opus","$v":"ভইডত"},{"$i":"ac_lightly_opus","$v":"পাতলভাৱে"},{"$i":"ac_mobile_opus","$v":"ম’বাইল"},{"$i":"ac_pinger_opus","$v":"পিঙাৰ"},{"$i":"ac_skip_opus","$v":"স্কিপ"},{"$i":"ac_tri_opus","$v":"ট্ৰাই"},{"$i":"ac_universal_opus","$v":"বিশ্বজনীন"},{"$i":"tcl-options","$v":"বিকল্পসমূহ"},{"$i":"tcl-clock-title","$v":"ঘড়ী"},{"$i":"alarm-title","$v":"এলাৰ্ম"},{"$i":"no-alarms-body","$v":"কোনো এলাৰ্ম ছেট কৰা হোৱা নাই ৷ আৰম্ভ কৰিবলৈ নতুন এলাৰ্ম টিপক ৷"},{"$i":"tcl-new-alarm","$v":"নতুন এলাৰ্ম"},{"$i":"tcl-settings","$v":"ছেটিংছ"},{"$i":"tcl-cancel","$v":"বাতিল কৰক"},{"$i":"tcl-save","$v":"ছেভ কৰক"},{"$i":"tcl-turnOn","$v":"অন কৰক"},{"$i":"tcl-turnOff","$v":"অফ কৰক"},{"$i":"edit","$v":"সম্পাদনা কৰক"},{"$i":"select","$v":"বাছনি কৰক"},{"$i":"tcl-delete","$v":"বিলোপ কৰক"},{"$i":"tcl-selected-alarm","$v":"বাছনি কৰা এলাৰ্ম"},{"$i":"tcl-set","$v":"ছেট কৰক"},{"$i":"tcl-start","$v":"আৰম্ভ"},{"$i":"tcl-reset","$v":"পুনঃছেট  কৰক"},{"$i":"tcl-min-plus","$v":"+1 মিনিট"},{"$i":"tcl-resume","$v":"পুনৰ আৰম্ভ কৰক"},{"$i":"tcl-lap","$v":"লেপ"},{"$i":"play","$v":"বজাওঁক"},{"$i":"tcl-no-repeat","$v":"কোনো পুনৰাবৃত্তি নাই"},{"$i":"tcl-confirm-title","$v":"নিশ্চিতিকৰণ"},{"$i":"tcl-confirm-delete-body","$v":"বাছনি কৰা এলাৰ্ম বিলোপ কৰিব?"},{"$i":"tcl-confirm-end-key-body","$v":{"$o":"এপ্লিকেশ্বন বন্ধ হোৱাৰ লগতে ডাটাও নোহোৱা হ’ব ৷ <br><br> আপুনি সম্পাদনালৈ ঘূৰি যাব বিচাৰেনে?"}},{"$i":"tcl-confirm-exit-button","$v":"প্ৰস্থান কৰক"},{"$i":"tcl-confirm-return-button","$v":"ঘূৰক"}]