[{"$i":"weekday-0-long","$v":"রবিবার"},{"$i":"weekday-1-long","$v":"সোমবার"},{"$i":"weekday-2-long","$v":"মঙ্গলবার"},{"$i":"weekday-3-long","$v":"বুধবার"},{"$i":"weekday-4-long","$v":"বৃহস্পতিবার"},{"$i":"weekday-5-long","$v":"শুক্রবার"},{"$i":"weekday-6-long","$v":"শনিবার"},{"$i":"weekday-0-short","$v":"রবি"},{"$i":"weekday-1-short","$v":"সোম"},{"$i":"weekday-2-short","$v":"মঙ্গল"},{"$i":"weekday-3-short","$v":"বুধ"},{"$i":"weekday-4-short","$v":"বৃহস্পতি"},{"$i":"weekday-5-short","$v":"শুক্র"},{"$i":"weekday-6-short","$v":"শনি"},{"$i":"month-0-long","$v":"জানুয়ারি"},{"$i":"month-1-long","$v":"ফেব্রুয়ারি"},{"$i":"month-2-long","$v":"মার্চ"},{"$i":"month-3-long","$v":"এপ্রিল"},{"$i":"month-4-long","$v":"মে"},{"$i":"month-5-long","$v":"জুন"},{"$i":"month-6-long","$v":"জুলাই"},{"$i":"month-7-long","$v":"আগস্ট"},{"$i":"month-8-long","$v":"সেপ্টেম্বর"},{"$i":"month-9-long","$v":"অক্টোবর"},{"$i":"month-10-long","$v":"নভেম্বর"},{"$i":"month-11-long","$v":"ডিসেম্বর"},{"$i":"month-0-genitive","$v":"জানুয়ারি"},{"$i":"month-1-genitive","$v":"ফেব্রুয়ারি"},{"$i":"month-2-genitive","$v":"মার্চ"},{"$i":"month-3-genitive","$v":"এপ্রিল"},{"$i":"month-4-genitive","$v":"মে"},{"$i":"month-5-genitive","$v":"জুন"},{"$i":"month-6-genitive","$v":"জুলাই"},{"$i":"month-7-genitive","$v":"আগস্ট"},{"$i":"month-8-genitive","$v":"সেপ্টেম্বর"},{"$i":"month-9-genitive","$v":"অক্টোবর"},{"$i":"month-10-genitive","$v":"নভেম্বর"},{"$i":"month-11-genitive","$v":"ডিসেম্বর"},{"$i":"month-0-short","$v":"জানুয়ারী"},{"$i":"month-1-short","$v":"ফেব্রুয়ারি"},{"$i":"month-2-short","$v":"মার্চ"},{"$i":"month-3-short","$v":"এপ্রিল"},{"$i":"month-4-short","$v":"মে"},{"$i":"month-5-short","$v":"জুন"},{"$i":"month-6-short","$v":"জুলাই"},{"$i":"month-7-short","$v":"আগস্ট"},{"$i":"month-8-short","$v":"সেপ্টেম্বর"},{"$i":"month-9-short","$v":"অক্টোবর"},{"$i":"month-10-short","$v":"নভেম্বর"},{"$i":"month-11-short","$v":"ডিসেম্বর"},{"$i":"minutes-ago-long","$v":{"zero":"এখনই","one":"এক মিনিট আগে","two":[{"t":"idOrVar","v":"value"}," মিনিট আগে"],"few":[{"t":"idOrVar","v":"value"}," মিনিট আগে"],"many":[{"t":"idOrVar","v":"value"}," মিনিট আগে"],"other":[{"t":"idOrVar","v":"value"}," মিনিট আগে"]},"$x":[{"t":"idOrVar","v":"plural"},"value"]},{"$i":"hours-ago-long","$v":{"zero":"এখনই","one":"এক ঘন্টা আগে","two":[{"t":"idOrVar","v":"value"}," ঘন্টা আগে"],"few":[{"t":"idOrVar","v":"value"}," ঘন্টা আগে"],"many":[{"t":"idOrVar","v":"value"}," ঘন্টা আগে"],"other":[{"t":"idOrVar","v":"value"}," ঘন্টা আগে"]},"$x":[{"t":"idOrVar","v":"plural"},"value"]},{"$i":"days-ago-long","$v":{"zero":"আজ","one":"গতকাল","two":[{"t":"idOrVar","v":"value"}," দিন আগে"],"few":[{"t":"idOrVar","v":"value"}," দিন আগে"],"many":[{"t":"idOrVar","v":"value"}," দিন আগে"],"other":[{"t":"idOrVar","v":"value"}," দিন আগে"]},"$x":[{"t":"idOrVar","v":"plural"},"value"]},{"$i":"weeks-ago-long","$v":{"zero":"এই সপ্তাহ","one":"গত সপ্তাহ","two":[{"t":"idOrVar","v":"value"}," সপ্তাহ আগে"],"few":[{"t":"idOrVar","v":"value"}," সপ্তাহ আগে"],"many":[{"t":"idOrVar","v":"value"}," সপ্তাহ আগে"],"other":[{"t":"idOrVar","v":"value"}," সপ্তাহ আগে"]},"$x":[{"t":"idOrVar","v":"plural"},"value"]},{"$i":"months-ago-long","$v":{"zero":"এই মাস","one":"গত মাস","two":[{"t":"idOrVar","v":"value"}," মাস আগে"],"few":[{"t":"idOrVar","v":"value"}," মাস আগে"],"many":[{"t":"idOrVar","v":"value"}," মাস আগে"],"other":[{"t":"idOrVar","v":"value"}," মাস আগে"]},"$x":[{"t":"idOrVar","v":"plural"},"value"]},{"$i":"years-ago-long","$v":{"zero":"এই বছর","one":"গত বছর","two":[{"t":"idOrVar","v":"value"}," বছর আগে"],"few":[{"t":"idOrVar","v":"value"}," বছর আগে"],"many":[{"t":"idOrVar","v":"value"}," বছর আগে"],"other":[{"t":"idOrVar","v":"value"}," বছর আগে"]},"$x":[{"t":"idOrVar","v":"plural"},"value"]},{"$i":"minutes-until-long","$v":{"zero":"এখন","one":"এক মিনিটে","two":[{"t":"idOrVar","v":"value"}," মিনিটে"],"few":[{"t":"idOrVar","v":"value"}," মিনিটে"],"many":[{"t":"idOrVar","v":"value"}," মিনিটে"],"other":[{"t":"idOrVar","v":"value"}," মিনিটে"]},"$x":[{"t":"idOrVar","v":"plural"},"value"]},{"$i":"hours-until-long","$v":{"zero":"এখন","one":"এক ঘন্টায়","two":[{"t":"idOrVar","v":"value"}," ঘন্টায়"],"few":[{"t":"idOrVar","v":"value"}," ঘন্টায়"],"many":[{"t":"idOrVar","v":"value"}," ঘন্টায়"],"other":[{"t":"idOrVar","v":"value"}," ঘন্টায়"]},"$x":[{"t":"idOrVar","v":"plural"},"value"]},{"$i":"days-until-long","$v":{"zero":"আজ","one":"আগামীকাল","two":[{"t":"idOrVar","v":"value"}," দিনে"],"few":[{"t":"idOrVar","v":"value"}," দিনে"],"many":[{"t":"idOrVar","v":"value"}," দিনে"],"other":[{"t":"idOrVar","v":"value"}," দিনে"]},"$x":[{"t":"idOrVar","v":"plural"},"value"]},{"$i":"weeks-until-long","$v":{"zero":"এই সপ্তাহ","one":"পরের সপ্তাহ","two":[{"t":"idOrVar","v":"value"}," সপ্তাহে"],"few":[{"t":"idOrVar","v":"value"}," সপ্তাহে"],"many":[{"t":"idOrVar","v":"value"}," সপ্তাহে"],"other":[{"t":"idOrVar","v":"value"}," সপ্তাহে"]},"$x":[{"t":"idOrVar","v":"plural"},"value"]},{"$i":"months-until-long","$v":{"zero":"এই মাস","one":"পরের মাস","two":[{"t":"idOrVar","v":"value"}," মাসে"],"few":[{"t":"idOrVar","v":"value"}," মাসে"],"many":[{"t":"idOrVar","v":"value"}," মাসে"],"other":[{"t":"idOrVar","v":"value"}," মাসে"]},"$x":[{"t":"idOrVar","v":"plural"},"value"]},{"$i":"years-until-long","$v":{"zero":"এই বছর","one":"পরের বছর","two":[{"t":"idOrVar","v":"value"}," বছরে"],"few":[{"t":"idOrVar","v":"value"}," বছরে"],"many":[{"t":"idOrVar","v":"value"}," বছরে"],"other":[{"t":"idOrVar","v":"value"}," বছরে"]},"$x":[{"t":"idOrVar","v":"plural"},"value"]},{"$i":"minutes-ago-short","$v":{"zero":"এখনই","other":[{"t":"idOrVar","v":"value"},"মিনিট আগে"]},"$x":[{"t":"idOrVar","v":"plural"},"value"]},{"$i":"hours-ago-short","$v":{"zero":"এখনই","other":[{"t":"idOrVar","v":"value"},"ঘন্টা আগে"]},"$x":[{"t":"idOrVar","v":"plural"},"value"]},{"$i":"days-ago-short","$v":{"zero":"আজ","other":[{"t":"idOrVar","v":"value"},"দিন আগে"]},"$x":[{"t":"idOrVar","v":"plural"},"value"]},{"$i":"minutes-until-short","$v":{"zero":"এখন","other":[{"t":"idOrVar","v":"value"},"মাসে"]},"$x":[{"t":"idOrVar","v":"plural"},"value"]},{"$i":"hours-until-short","$v":{"zero":"এখন","other":[{"t":"idOrVar","v":"value"},"ঘন্টায়"]},"$x":[{"t":"idOrVar","v":"plural"},"value"]},{"$i":"days-until-short","$v":{"zero":"আজ","other":[{"t":"idOrVar","v":"value"},"দিনে"]},"$x":[{"t":"idOrVar","v":"plural"},"value"]},{"$i":"incorrectDate","$v":"(ভুল তারিখ)"},{"$i":"dateTimeFormat_%c","$v":"%a %b %e %Y %I:%M:%S %p"},{"$i":"dateTimeFormat_%x","$v":"%m/%d/%Y"},{"$i":"dateTimeFormat_%X","$v":"%I:%M:%S %p"},{"$i":"shortTimeFormat","$v":"%I:%M %p"},{"$i":"shortTimeFormat12","$v":"%I:%M %p"},{"$i":"shortTimeFormat24","$v":"%H:%M"},{"$i":"shortDateTimeFormat","$v":"%x %I:%M %p"},{"$i":"weekStartsOnMonday","$v":"0"},{"$i":"firstDayOfTheWeek","$v":"0"},{"$i":"time_am","$v":"AM"},{"$i":"time_pm","$v":"PM"},{"$i":"softkey-options","$v":"বিকল্পগুলি"},{"$i":"reset","$v":"পুনঃসেট করুন"},{"$i":"start","$v":"আরম্ভ"},{"$i":"stop","$v":"বন্ধ"},{"$i":"cancel","$v":"বাতিল করুন"},{"$i":"hour","$v":"ঘন্টা"},{"$i":"hours","$v":"ঘন্টা"},{"$i":"minute","$v":"মিনিট"},{"$i":"minutes","$v":"মিনিট"},{"$i":"second","$v":"সেকেন্ড"},{"$i":"alarm","$v":"অ্যালার্ম"},{"$i":"alarm-name","placeholder":"অ্যালার্ম"},{"$i":"timer","$v":"টাইমার"},{"$i":"stopwatch","$v":"স্টপওয়াচ"},{"$i":"alarmName","$v":"অ্যালার্মের নাম"},{"$i":"newAlarm","$v":"নতুন অ্যালার্ম"},{"$i":"editAlarm","$v":"এলার্ম সম্পাদনা করুন"},{"$i":"tclSettings","$v":"সেটিংস"},{"$i":"clock-settings","$v":"ঘড়ির সেটিংস"},{"$i":"alarms-maximum","$v":"আপনি অ্যালার্মের সর্বোচ্চ সীমায় পৌঁছে গেছেন।"},{"$i":"laps-maximum","$v":"আপনি ল্যাপের সর্বোচ্চ সীমায় পৌঁছে গেছেন।"},{"$i":"changes-saved","$v":"পরিবর্তনগুলি সেভ করা হয়েছে।"},{"$i":"pause","$v":"বিরাম দিন"},{"$i":"resume","$v":"পুনঃআরম্ভ"},{"$i":"lap","$v":"ল্যাপ"},{"$i":"lap-number","$v":["ল্যাপ ",{"t":"idOrVar","v":"n"}]},{"$i":"timer-hour","$v":"ঘন্টা"},{"$i":"timer-min","$v":"মিনিট"},{"$i":"timer-sec","$v":"সেকেন্ড"},{"$i":"delete","$v":"মুছুন"},{"$i":"time","$v":"সময়"},{"$i":"snooze-label","$v":"স্নুজ করুন"},{"$i":"snooze-button","$v":"স্নুজ করুন"},{"$i":"repeat","$v":"রিপিট করুন"},{"$i":"vibrate","$v":"কম্পন"},{"$i":"close","$v":"বন্ধ করুন"},{"$i":"save","$v":"সেভ করুন"},{"$i":"done","$v":"সম্পন্ন"},{"$i":"tcl-select-time","$v":"সময় নির্বাচন করুন"},{"$i":"closeButton","ariaLabel":"বন্ধ করুন"},{"$i":"newAlarmButton","ariaLabel":"নতুন অ্যালার্ম"},{"$i":"alarm-volume-label","$v":"সিস্টেম অ্যালার্মের ভলিউম"},{"$i":"tcl-volume","$v":"ভলিউম:"},{"$i":"volume-level-display","$v":[{"t":"idOrVar","v":"n"}," / ",{"t":"idOrVar","v":"c"}]},{"$i":"sound","$v":"ধ্বনি"},{"$i":"noSound","$v":"কোনো শব্দ নেই"},{"$i":"tcl-ringtones","$v":"রিংটোন্স"},{"$i":"everyday","$v":"প্রতিদিন"},{"$i":"weekdays","$v":"সপ্তাহের দিন"},{"$i":"weekends","$v":"সপ্তাহান্ত"},{"$i":"never","$v":"কখনও নয়"},{"$i":"vibrateOn","$v":"অন"},{"$i":"vibrateOff","$v":"অফ"},{"$i":"tcl-on","$v":"অন"},{"$i":"tcl-off","$v":"অফ"},{"$i":"plusMinute","$v":"+1 মিনিট"},{"$i":"dateFormat","$v":"%A, %b %e"},{"$i":"countdown-lessThanAnHour","$v":["অ্যালার্ম এখন থেকে ",{"t":"idOrVar","v":"minutes"}," -এর জন্য সেট করা হয়েছে।"]},{"$i":"countdown-moreThanAnHour","$v":["অ্যালার্ম এখন থেকে ",{"t":"idOrVar","v":"hours"}," ",{"t":"idOrVar","v":"minutes"}," -এর জন্য সেট করা হয়েছে।"]},{"$i":"countdown-moreThanADay","$v":["অ্যালার্মটি এখন থেকে ",{"t":"idOrVar","v":"days"}," ",{"t":"idOrVar","v":"hours"},"-এর জন্য সেট করা হয়েছে।"]},{"$i":"tcl-alarm-off","$v":"অ্যালার্ম অফ করা হয়েছে।"},{"$i":"tcl-alarm-deleted","$v":"অ্যালার্ম মোছা হয়েছে।"},{"$i":"nMinutes","$v":{"zero":"এক মিনিটের কম সময়ে","one":"এক মিনিট","two":[{"t":"idOrVar","v":"n"}," মিনিট"],"few":[{"t":"idOrVar","v":"n"}," মিনিট"],"many":[{"t":"idOrVar","v":"n"}," মিনিট"],"other":[{"t":"idOrVar","v":"n"}," মিনিট"]},"$x":[{"t":"idOrVar","v":"plural"},"n"]},{"$i":"nHours","$v":{"zero":"","one":[{"t":"idOrVar","v":"n"}," ঘন্টা"],"two":[{"t":"idOrVar","v":"n"}," ঘন্টা"],"few":[{"t":"idOrVar","v":"n"}," ঘন্টা"],"many":[{"t":"idOrVar","v":"n"}," ঘন্টা"],"other":[{"t":"idOrVar","v":"n"}," ঘন্টা"]},"$x":[{"t":"idOrVar","v":"plural"},"n"]},{"$i":"nAndRemainHours","$v":{"zero":"","one":["এবং ",{"t":"idOrVar","v":"n"}," ঘন্টা"],"two":["এবং ",{"t":"idOrVar","v":"n"}," ঘন্টা"],"few":["এবং ",{"t":"idOrVar","v":"n"}," ঘন্টা"],"many":["এবং ",{"t":"idOrVar","v":"n"}," ঘন্টা"],"other":["এবং ",{"t":"idOrVar","v":"n"}," ঘন্টা"]},"$x":[{"t":"idOrVar","v":"plural"},"n"]},{"$i":"nRemainDays","$v":{"zero":"","one":[{"t":"idOrVar","v":"n"}," দিন"],"two":[{"t":"idOrVar","v":"n"}," দিন"],"few":[{"t":"idOrVar","v":"n"}," দিন"],"many":[{"t":"idOrVar","v":"n"}," দিন"],"other":[{"t":"idOrVar","v":"n"}," দিন"]},"$x":[{"t":"idOrVar","v":"plural"},"n"]},{"$i":"nRemainMinutes","$v":{"zero":"","one":["এবং ",{"t":"idOrVar","v":"n"}," মিনিট"],"two":["এবং ",{"t":"idOrVar","v":"n"}," মিনিট"],"few":["এবং ",{"t":"idOrVar","v":"n"}," মিনিট"],"many":["এবং ",{"t":"idOrVar","v":"n"}," মিনিট"],"other":["এবং ",{"t":"idOrVar","v":"n"}," মিনিট"]},"$x":[{"t":"idOrVar","v":"plural"},"n"]},{"$i":"nSpinnerSeconds","$v":{"zero":"শূন্য সেকেন্ড","one":"এক সেকেন্ড","two":[{"t":"idOrVar","v":"n"}," সেকেন্ড"],"few":[{"t":"idOrVar","v":"n"}," সেকেন্ড"],"many":[{"t":"idOrVar","v":"n"}," সেকেন্ড"],"other":[{"t":"idOrVar","v":"n"}," সেকেন্ড"]},"$x":[{"t":"idOrVar","v":"plural"},"n"]},{"$i":"nSpinnerMinutes","$v":{"zero":"শূন্য মিনিট","one":"এক মিনিট","two":[{"t":"idOrVar","v":"n"}," মিনিট"],"few":[{"t":"idOrVar","v":"n"}," মিনিট"],"many":[{"t":"idOrVar","v":"n"}," মিনিট"],"other":[{"t":"idOrVar","v":"n"}," মিনিট"]},"$x":[{"t":"idOrVar","v":"plural"},"n"]},{"$i":"nSpinnerHours","$v":{"zero":"শূন্য ঘন্টা","one":[{"t":"idOrVar","v":"n"}," ঘন্টা"],"two":[{"t":"idOrVar","v":"n"}," ঘন্টা"],"few":[{"t":"idOrVar","v":"n"}," ঘন্টা"],"many":[{"t":"idOrVar","v":"n"}," ঘন্টা"],"other":[{"t":"idOrVar","v":"n"}," ঘন্টা"]},"$x":[{"t":"idOrVar","v":"plural"},"n"]},{"$i":"tcl-stop","$v":"বন্ধ"},{"$i":"tcl-snooze","$v":"স্নুজ করুন"},{"$i":"ac_awake_opus","$v":"অ্যাওয়েক"},{"$i":"ac_crystalize_opus","$v":"ক্রিস্টালাইজ"},{"$i":"ac_cycle_opus","$v":"সাইকেল"},{"$i":"ac_digicloud_opus","$v":"ডিজিক্লাউড"},{"$i":"ac_humming_waves_opus","$v":"গোঙানির তরঙ্গ"},{"$i":"ac_into_the_void_opus","$v":"ইনটু দ্য ভয়েড"},{"$i":"ac_lightly_opus","$v":"হালকাভাবে"},{"$i":"ac_mobile_opus","$v":"মোবাইল"},{"$i":"ac_pinger_opus","$v":"পিংগার"},{"$i":"ac_skip_opus","$v":"স্কিপ"},{"$i":"ac_tri_opus","$v":"ট্রি"},{"$i":"ac_universal_opus","$v":"ইউনিভার্সাল"},{"$i":"tcl-options","$v":"বিকল্পগুলি"},{"$i":"tcl-clock-title","$v":"ঘড়ি"},{"$i":"alarm-title","$v":"অ্যালার্ম"},{"$i":"no-alarms-body","$v":"কোনো অ্যালার্ম সেট করা হয় নি। শুরু করতে নতুন অ্যালার্ম টিপুন ।"},{"$i":"tcl-new-alarm","$v":"নতুন অ্যালার্ম"},{"$i":"tcl-settings","$v":"সেটিংস"},{"$i":"tcl-cancel","$v":"বাতিল করুন"},{"$i":"tcl-save","$v":"সেভ করুন"},{"$i":"tcl-turnOn","$v":"অন করুন"},{"$i":"tcl-turnOff","$v":"অফ করুন"},{"$i":"edit","$v":"সম্পাদনা করুন"},{"$i":"select","$v":"নির্বাচন করুন"},{"$i":"tcl-delete","$v":"মুছুন"},{"$i":"tcl-selected-alarm","$v":"নির্বাচিত অ্যালার্ম"},{"$i":"tcl-set","$v":"সেট করুন"},{"$i":"tcl-start","$v":"আরম্ভ"},{"$i":"tcl-reset","$v":"পুনঃসেট করুন"},{"$i":"tcl-min-plus","$v":"+1 মিনিট"},{"$i":"tcl-resume","$v":"পুনঃআরম্ভ"},{"$i":"tcl-lap","$v":"ল্যাপ"},{"$i":"play","$v":"বাজান"},{"$i":"tcl-no-repeat","$v":"কোনো পুনরাবৃত্তি নেই"},{"$i":"tcl-confirm-title","$v":"নিশ্চিতকরণ"},{"$i":"tcl-confirm-delete-body","$v":"নির্বাচিত অ্যালার্ম মুছুন ?"},{"$i":"tcl-confirm-end-key-body","$v":{"$o":"ডেটা লস সহ অ্যাপ্লিকেশন অফ করা হবে। <br><br> আপনি কি সম্পাদনায় ফিরে যেতে চান ?"}},{"$i":"tcl-confirm-exit-button","$v":"প্রস্থান করুন"},{"$i":"tcl-confirm-return-button","$v":"ফেরত আসুন"}]