[{"$i":"weekday-0-long","$v":"ऐतवार"},{"$i":"weekday-1-long","$v":"सोमवार"},{"$i":"weekday-2-long","$v":"मंगलवार"},{"$i":"weekday-3-long","$v":"बुधवार"},{"$i":"weekday-4-long","$v":"बीरवार"},{"$i":"weekday-5-long","$v":"शुक्रवार"},{"$i":"weekday-6-long","$v":"शनिवार"},{"$i":"weekday-0-short","$v":"ऐत"},{"$i":"weekday-1-short","$v":"सोम"},{"$i":"weekday-2-short","$v":"मंगल"},{"$i":"weekday-3-short","$v":"वेब"},{"$i":"weekday-4-short","$v":"वीर"},{"$i":"weekday-5-short","$v":"शुक्र"},{"$i":"weekday-6-short","$v":"शनि"},{"$i":"month-0-long","$v":"जनवरी"},{"$i":"month-1-long","$v":"फरवरी"},{"$i":"month-2-long","$v":"मार्च"},{"$i":"month-3-long","$v":"अप्रैल"},{"$i":"month-4-long","$v":"मई"},{"$i":"month-5-long","$v":"जून"},{"$i":"month-6-long","$v":"जुलाई"},{"$i":"month-7-long","$v":"अगस्त"},{"$i":"month-8-long","$v":"सितंबर"},{"$i":"month-9-long","$v":"अक्टूबर"},{"$i":"month-10-long","$v":"नवंबर"},{"$i":"month-11-long","$v":"दिसंबर"},{"$i":"month-0-genitive","$v":"जनवरी"},{"$i":"month-1-genitive","$v":"फरवरी"},{"$i":"month-2-genitive","$v":"मार्च"},{"$i":"month-3-genitive","$v":"अप्रैल"},{"$i":"month-4-genitive","$v":"मई"},{"$i":"month-5-genitive","$v":"जून"},{"$i":"month-6-genitive","$v":"जुलाई"},{"$i":"month-7-genitive","$v":"अगस्त"},{"$i":"month-8-genitive","$v":"सितंबर"},{"$i":"month-9-genitive","$v":"अक्टूबर"},{"$i":"month-10-genitive","$v":"नवंबर"},{"$i":"month-11-genitive","$v":"दिसंबर"},{"$i":"month-0-short","$v":"जनवरी"},{"$i":"month-1-short","$v":"फरवरी"},{"$i":"month-2-short","$v":"मार्च"},{"$i":"month-3-short","$v":"अप्रैल"},{"$i":"month-4-short","$v":"मई"},{"$i":"month-5-short","$v":"जून"},{"$i":"month-6-short","$v":"जुलाई"},{"$i":"month-7-short","$v":"अगस्त"},{"$i":"month-8-short","$v":"सितम्बर"},{"$i":"month-9-short","$v":"अक्टूबर"},{"$i":"month-10-short","$v":"नवंबर"},{"$i":"month-11-short","$v":"दिसंबर"},{"$i":"minutes-ago-long","$v":{"zero":"हूनै","one":"इक मिनट पैह्‌ले","two":[{"t":"idOrVar","v":"value"}," मिनट पैह्‌ले"],"few":[{"t":"idOrVar","v":"value"}," मिनट पैह्‌ले"],"many":[{"t":"idOrVar","v":"value"}," मिनट पैह्‌ले"],"other":[{"t":"idOrVar","v":"value"}," मिनट पैह्‌ले"]},"$x":[{"t":"idOrVar","v":"plural"},"value"]},{"$i":"hours-ago-long","$v":{"zero":"हूनै","one":"इक घैंटा पैह्‌ले","two":[{"t":"idOrVar","v":"value"}," घैंटे पैह्‌ले"],"few":[{"t":"idOrVar","v":"value"}," घैंटे पैह्‌ले"],"many":[{"t":"idOrVar","v":"value"}," घैंटे पैह्‌ले"],"other":[{"t":"idOrVar","v":"value"}," घैंटे पैह्‌ले"]},"$x":[{"t":"idOrVar","v":"plural"},"value"]},{"$i":"days-ago-long","$v":{"zero":"अज्ज","one":"कल","two":[{"t":"idOrVar","v":"value"}," दिन पैह्‌ले"],"few":[{"t":"idOrVar","v":"value"}," दिन पैह्‌ले"],"many":[{"t":"idOrVar","v":"value"}," दिन पैह्‌ले"],"other":[{"t":"idOrVar","v":"value"}," दिन पैह्‌ले"]},"$x":[{"t":"idOrVar","v":"plural"},"value"]},{"$i":"weeks-ago-long","$v":{"zero":"इस हफ्ते","one":"पिछले हफ्ते","two":[{"t":"idOrVar","v":"value"}," हफ्ते पैह्‌ले"],"few":[{"t":"idOrVar","v":"value"}," हफ्ते पैह्‌ले"],"many":[{"t":"idOrVar","v":"value"}," हफ्ते पैह्‌ले"],"other":[{"t":"idOrVar","v":"value"}," हफ्ते पैह्‌ले"]},"$x":[{"t":"idOrVar","v":"plural"},"value"]},{"$i":"months-ago-long","$v":{"zero":"इस म्हीने","one":"पिछले म्हीने","two":[{"t":"idOrVar","v":"value"}," म्हीने पैह्‌ले"],"few":[{"t":"idOrVar","v":"value"}," म्हीने पैह्‌ले"],"many":[{"t":"idOrVar","v":"value"}," म्हीने पैह्‌ले"],"other":[{"t":"idOrVar","v":"value"}," म्हीने पैह्‌ले"]},"$x":[{"t":"idOrVar","v":"plural"},"value"]},{"$i":"years-ago-long","$v":{"zero":"इस ब'रे","one":"पिछले ब'रे","two":[{"t":"idOrVar","v":"value"}," ब'रे पैह्‌ले"],"few":[{"t":"idOrVar","v":"value"}," ब'रे पैह्‌ले"],"many":[{"t":"idOrVar","v":"value"}," ब'रे पैह्‌ले"],"other":[{"t":"idOrVar","v":"value"}," ब'रे पैह्‌ले"]},"$x":[{"t":"idOrVar","v":"plural"},"value"]},{"$i":"minutes-until-long","$v":{"zero":"हून","one":"इक मिनट च","two":[{"t":"idOrVar","v":"value"}," मिनटें च"],"few":[{"t":"idOrVar","v":"value"}," मिनटें च"],"many":[{"t":"idOrVar","v":"value"}," मिनटें च"],"other":[{"t":"idOrVar","v":"value"}," मिनटें च"]},"$x":[{"t":"idOrVar","v":"plural"},"value"]},{"$i":"hours-until-long","$v":{"zero":"हून","one":"इक घैंटे च","two":[{"t":"idOrVar","v":"value"}," घैंटें च"],"few":[{"t":"idOrVar","v":"value"}," घैंटें च"],"many":[{"t":"idOrVar","v":"value"}," घैंटें च"],"other":[{"t":"idOrVar","v":"value"}," घैंटें च"]},"$x":[{"t":"idOrVar","v":"plural"},"value"]},{"$i":"days-until-long","$v":{"zero":"अज्ज","one":"कल","two":[{"t":"idOrVar","v":"value"}," दिनें च"],"few":[{"t":"idOrVar","v":"value"}," दिनें च"],"many":[{"t":"idOrVar","v":"value"}," दिनें च"],"other":[{"t":"idOrVar","v":"value"}," दिनें च"]},"$x":[{"t":"idOrVar","v":"plural"},"value"]},{"$i":"weeks-until-long","$v":{"zero":"इस हफ्ते","one":"अगले हफ्ते","two":[{"t":"idOrVar","v":"value"},"हफ्तें च"],"few":[{"t":"idOrVar","v":"value"},"हफ्तें च"],"many":[{"t":"idOrVar","v":"value"},"हफ्तें च"],"other":[{"t":"idOrVar","v":"value"},"हफ्तें च"]},"$x":[{"t":"idOrVar","v":"plural"},"value"]},{"$i":"months-until-long","$v":{"zero":"इस म्हीने","one":"अगले म्हीने","two":[{"t":"idOrVar","v":"value"}," म्हीनें च"],"few":[{"t":"idOrVar","v":"value"}," म्हीनें च"],"many":[{"t":"idOrVar","v":"value"}," म्हीनें च"],"other":[{"t":"idOrVar","v":"value"}," म्हीनें च"]},"$x":[{"t":"idOrVar","v":"plural"},"value"]},{"$i":"years-until-long","$v":{"zero":"इस ब'रे","one":"अगले ब'रे","two":[{"t":"idOrVar","v":"value"},"ब'रें च"],"few":[{"t":"idOrVar","v":"value"},"ब'रें च"],"many":[{"t":"idOrVar","v":"value"},"ब'रें च"],"other":[{"t":"idOrVar","v":"value"},"ब'रें च"]},"$x":[{"t":"idOrVar","v":"plural"},"value"]},{"$i":"minutes-ago-short","$v":{"zero":"हूनै","other":[{"t":"idOrVar","v":"value"}," मिनट पैह्‌ले"]},"$x":[{"t":"idOrVar","v":"plural"},"value"]},{"$i":"hours-ago-short","$v":{"zero":"हूनै","other":[{"t":"idOrVar","v":"value"}," घैंटे पैह्‌ले"]},"$x":[{"t":"idOrVar","v":"plural"},"value"]},{"$i":"days-ago-short","$v":{"zero":"अज्ज","other":[{"t":"idOrVar","v":"value"}," दिन पैह्‌ले"]},"$x":[{"t":"idOrVar","v":"plural"},"value"]},{"$i":"minutes-until-short","$v":{"zero":"हून","other":[{"t":"idOrVar","v":"value"},"मिनटें च"]},"$x":[{"t":"idOrVar","v":"plural"},"value"]},{"$i":"hours-until-short","$v":{"zero":"हून","other":[{"t":"idOrVar","v":"value"}," घैंटें च"]},"$x":[{"t":"idOrVar","v":"plural"},"value"]},{"$i":"days-until-short","$v":{"zero":"अज्ज","other":[{"t":"idOrVar","v":"value"},"दिनें च"]},"$x":[{"t":"idOrVar","v":"plural"},"value"]},{"$i":"incorrectDate","$v":"(गलत तरीक)"},{"$i":"dateTimeFormat_%c","$v":"%a %b %e %Y %I:%M:%S %p"},{"$i":"dateTimeFormat_%x","$v":"%m/%d/%Y"},{"$i":"dateTimeFormat_%X","$v":"%I:%M:%S %p"},{"$i":"shortTimeFormat","$v":"%I:%M %p"},{"$i":"shortTimeFormat12","$v":"%I:%M %p"},{"$i":"shortTimeFormat24","$v":"%H:%M"},{"$i":"shortDateTimeFormat","$v":"%x %I:%M %p"},{"$i":"weekStartsOnMonday","$v":"0"},{"$i":"firstDayOfTheWeek","$v":"0"},{"$i":"time_am","$v":"AM"},{"$i":"time_pm","$v":"PM"},{"$i":"softkey-options","$v":"विकल्प"},{"$i":"reset","$v":"रीसेट कर"},{"$i":"start","$v":"शुरू"},{"$i":"stop","$v":"रूको"},{"$i":"cancel","$v":"रद्द करो"},{"$i":"hour","$v":"घैंटा"},{"$i":"hours","$v":"घैंटे"},{"$i":"minute","$v":"मिनट"},{"$i":"minutes","$v":"मिनट"},{"$i":"second","$v":"दूआ"},{"$i":"alarm","$v":"अलार्म"},{"$i":"alarm-name","placeholder":"अलार्म"},{"$i":"timer","$v":"टाइमर"},{"$i":"stopwatch","$v":"स्टापवाच"},{"$i":"alarmName","$v":"अलार्म नांऽ"},{"$i":"newAlarm","$v":"नमां अलार्म"},{"$i":"editAlarm","$v":"अलार्म संपादत करो"},{"$i":"tclSettings","$v":"सेटिंग्स"},{"$i":"clock-settings","$v":"घड़ी सेटिंगां"},{"$i":"alarms-maximum","$v":"तुस अलार्म दी बद्धो-बद्ध संख्या तगर पुज्जी गे ओ।"},{"$i":"laps-maximum","$v":"तुस लैप दी बद्धो-बद्ध संख्या तगर पुज्जी गे ओ।"},{"$i":"changes-saved","$v":"बदलाव सहेजेआ गेआ।"},{"$i":"pause","$v":"विराम"},{"$i":"resume","$v":"बायोडाटा"},{"$i":"lap","$v":"लैप"},{"$i":"lap-number","$v":["लैप ",{"t":"idOrVar","v":"n"}]},{"$i":"timer-hour","$v":"घैंटा"},{"$i":"timer-min","$v":"मिनट"},{"$i":"timer-sec","$v":"दूआ"},{"$i":"delete","$v":"हटाना"},{"$i":"time","$v":"समां"},{"$i":"snooze-label","$v":"स्नूज़ करो"},{"$i":"snooze-button","$v":"स्नूज़ करो"},{"$i":"repeat","$v":"दोहराओ"},{"$i":"vibrate","$v":"वाइब्रेट"},{"$i":"close","$v":"बंद करो"},{"$i":"save","$v":"बचाओ"},{"$i":"done","$v":"होई गेआ"},{"$i":"tcl-select-time","$v":"समां चुनो"},{"$i":"closeButton","ariaLabel":"बंद करो"},{"$i":"newAlarmButton","ariaLabel":"नमां अलार्म"},{"$i":"alarm-volume-label","$v":"सिस्टम अलार्म वाल्यूम"},{"$i":"tcl-volume","$v":"वाल्यूम:"},{"$i":"volume-level-display","$v":[{"t":"idOrVar","v":"n"}," / ",{"t":"idOrVar","v":"c"}]},{"$i":"sound","$v":"अवाज़"},{"$i":"noSound","$v":"कोई साउंड नेईं"},{"$i":"tcl-ringtones","$v":"रिंगटोनां"},{"$i":"everyday","$v":"हर दिन"},{"$i":"weekdays","$v":"हफ्तेबार"},{"$i":"weekends","$v":"हफ्ता-अखीर"},{"$i":"never","$v":"कदें बी नेईं"},{"$i":"vibrateOn","$v":"चालू"},{"$i":"vibrateOff","$v":"बंद"},{"$i":"tcl-on","$v":"चालू"},{"$i":"tcl-off","$v":"बंद"},{"$i":"plusMinute","$v":"+1 मिनिट"},{"$i":"dateFormat","$v":"%A, %b %e"},{"$i":"countdown-lessThanAnHour","$v":["हून थमां ",{"t":"idOrVar","v":"minutes"}," लेई अलार्म सेट ऐ"]},{"$i":"countdown-moreThanAnHour","$v":["हून थमां ",{"t":"idOrVar","v":"hours"}," ",{"t":"idOrVar","v":"minutes"}," लेई अलार्म सेट कीता गेआ ऐ।"]},{"$i":"countdown-moreThanADay","$v":["हून थमां ",{"t":"idOrVar","v":"days"}," ",{"t":"idOrVar","v":"hours"}," लेई अलार्म सेट कीता गेआ ऐ।"]},{"$i":"tcl-alarm-off","$v":"अलार्म बंद৷"},{"$i":"tcl-alarm-deleted","$v":"अलार्म डिलीट कीता गेआ৷"},{"$i":"nMinutes","$v":{"zero":"इक मिनट थमां घट्ट","one":"इक मिनट","two":[{"t":"idOrVar","v":"n"}," मिनट"],"few":[{"t":"idOrVar","v":"n"}," मिनट"],"many":[{"t":"idOrVar","v":"n"}," मिनट"],"other":[{"t":"idOrVar","v":"n"}," मिनट"]},"$x":[{"t":"idOrVar","v":"plural"},"n"]},{"$i":"nHours","$v":{"zero":"","one":[{"t":"idOrVar","v":"n"}," घैंटा"],"two":[{"t":"idOrVar","v":"n"}," घैंटे"],"few":[{"t":"idOrVar","v":"n"}," घैंटे"],"many":[{"t":"idOrVar","v":"n"}," घैंटे"],"other":[{"t":"idOrVar","v":"n"}," घैंटे"]},"$x":[{"t":"idOrVar","v":"plural"},"n"]},{"$i":"nAndRemainHours","$v":{"zero":"","one":["ते ",{"t":"idOrVar","v":"n"}," घैंटा"],"two":["ते ",{"t":"idOrVar","v":"n"}," घैंटे"],"few":["ते ",{"t":"idOrVar","v":"n"}," घैंटे"],"many":["ते ",{"t":"idOrVar","v":"n"}," घैंटे"],"other":["ते ",{"t":"idOrVar","v":"n"}," घैंटे"]},"$x":[{"t":"idOrVar","v":"plural"},"n"]},{"$i":"nRemainDays","$v":{"zero":"","one":[{"t":"idOrVar","v":"n"}," दिन"],"two":[{"t":"idOrVar","v":"n"}," दिन"],"few":[{"t":"idOrVar","v":"n"}," दिन"],"many":[{"t":"idOrVar","v":"n"}," दिन"],"other":[{"t":"idOrVar","v":"n"}," दिन"]},"$x":[{"t":"idOrVar","v":"plural"},"n"]},{"$i":"nRemainMinutes","$v":{"zero":"","one":["ते ",{"t":"idOrVar","v":"n"}," मिनट"],"two":["ते ",{"t":"idOrVar","v":"n"}," मिनट"],"few":["ते ",{"t":"idOrVar","v":"n"}," मिनट"],"many":["ते ",{"t":"idOrVar","v":"n"}," मिनट"],"other":["ते ",{"t":"idOrVar","v":"n"}," मिनट"]},"$x":[{"t":"idOrVar","v":"plural"},"n"]},{"$i":"nSpinnerSeconds","$v":{"zero":"सिफर सेकंड","one":"इक सेकंड","two":[{"t":"idOrVar","v":"n"}," सेकंड"],"few":[{"t":"idOrVar","v":"n"}," सेकंड"],"many":[{"t":"idOrVar","v":"n"}," सेकंड"],"other":[{"t":"idOrVar","v":"n"}," सेकंड"]},"$x":[{"t":"idOrVar","v":"plural"},"n"]},{"$i":"nSpinnerMinutes","$v":{"zero":"सिफर मिनट","one":"इक मिनट","two":[{"t":"idOrVar","v":"n"}," मिनट"],"few":[{"t":"idOrVar","v":"n"}," मिनट"],"many":[{"t":"idOrVar","v":"n"}," मिनट"],"other":[{"t":"idOrVar","v":"n"}," मिनट"]},"$x":[{"t":"idOrVar","v":"plural"},"n"]},{"$i":"nSpinnerHours","$v":{"zero":"सिफर घैंटे","one":[{"t":"idOrVar","v":"n"}," घैंटा"],"two":[{"t":"idOrVar","v":"n"}," घैंटे"],"few":[{"t":"idOrVar","v":"n"}," घैंटे"],"many":[{"t":"idOrVar","v":"n"}," घैंटे"],"other":[{"t":"idOrVar","v":"n"}," घैंटे"]},"$x":[{"t":"idOrVar","v":"plural"},"n"]},{"$i":"tcl-stop","$v":"रूको"},{"$i":"tcl-snooze","$v":"स्नूज़ करो"},{"$i":"ac_awake_opus","$v":"जागना"},{"$i":"ac_crystalize_opus","$v":"स्पश्ट करना"},{"$i":"ac_cycle_opus","$v":"चक्र"},{"$i":"ac_digicloud_opus","$v":"Digicloud"},{"$i":"ac_humming_waves_opus","$v":"घुमक्कड़ लैहरां"},{"$i":"ac_into_the_void_opus","$v":"बेकार च"},{"$i":"ac_lightly_opus","$v":"सैह्‌जें"},{"$i":"ac_mobile_opus","$v":"मोबाइल"},{"$i":"ac_pinger_opus","$v":"पिंगर"},{"$i":"ac_skip_opus","$v":"छोड़ो"},{"$i":"ac_tri_opus","$v":"ट्राई"},{"$i":"ac_universal_opus","$v":"सर्व-व्यापक"},{"$i":"tcl-options","$v":"विकल्प"},{"$i":"tcl-clock-title","$v":"घड़ी"},{"$i":"alarm-title","$v":"अलार्म"},{"$i":"no-alarms-body","$v":"कोई अलार्म सेट नेईं कीता गेआ ऐ। शुरू करने लेई नमां अलार्म दबाओ।"},{"$i":"tcl-new-alarm","$v":"नमां अलार्म"},{"$i":"tcl-settings","$v":"सेटिंग्स"},{"$i":"tcl-cancel","$v":"रद्द करो"},{"$i":"tcl-save","$v":"बचाओ"},{"$i":"tcl-turnOn","$v":"चालू करो"},{"$i":"tcl-turnOff","$v":"बंद करो"},{"$i":"edit","$v":"एडिट"},{"$i":"select","$v":"चुनो"},{"$i":"tcl-delete","$v":"हटाना"},{"$i":"tcl-selected-alarm","$v":"चुनिंदा अलार्म"},{"$i":"tcl-set","$v":"सेट करो"},{"$i":"tcl-start","$v":"शुरू"},{"$i":"tcl-reset","$v":"रीसेट कर"},{"$i":"tcl-min-plus","$v":"+1 मिनिट"},{"$i":"tcl-resume","$v":"बायोडाटा"},{"$i":"tcl-lap","$v":"लैप"},{"$i":"play","$v":"चलाओ"},{"$i":"tcl-no-repeat","$v":"कोई दोहराव नेईं"},{"$i":"tcl-confirm-title","$v":"पुश्टिकरण"},{"$i":"tcl-confirm-delete-body","$v":"चुनिंदा अलार्म डिलीट करो?"},{"$i":"tcl-confirm-end-key-body","$v":{"$o":"एप्लिकेशन गी डेटा नुकसान कन्नै बंद करी दित्ता जाह्‌ग। <br> <br> क्या तुस संपादन पर वापस मुड़ना चांह्​दे ओ?"}},{"$i":"tcl-confirm-exit-button","$v":"बाहर जाओ"},{"$i":"tcl-confirm-return-button","$v":"वापसी"}]