[{"$i":"weekday-0-long","$v":"રવિવાર"},{"$i":"weekday-1-long","$v":"સોમવાર"},{"$i":"weekday-2-long","$v":"મંગળવાર"},{"$i":"weekday-3-long","$v":"બુધવાર"},{"$i":"weekday-4-long","$v":"ગુરૂવાર"},{"$i":"weekday-5-long","$v":"શુક્રવાર"},{"$i":"weekday-6-long","$v":"શનિવાર"},{"$i":"weekday-0-short","$v":"રવિ"},{"$i":"weekday-1-short","$v":"સોમ"},{"$i":"weekday-2-short","$v":"મંગળ"},{"$i":"weekday-3-short","$v":"બુધ"},{"$i":"weekday-4-short","$v":"ગુરુ"},{"$i":"weekday-5-short","$v":"શુક્રવાર"},{"$i":"weekday-6-short","$v":"શનિ"},{"$i":"month-0-long","$v":"જાન્યુઆરી"},{"$i":"month-1-long","$v":"ફેબ્રુઆરી"},{"$i":"month-2-long","$v":"માર્ચ"},{"$i":"month-3-long","$v":"એપ્રિલ"},{"$i":"month-4-long","$v":"મે"},{"$i":"month-5-long","$v":"જૂન"},{"$i":"month-6-long","$v":"જુલાઈ"},{"$i":"month-7-long","$v":"ઓગસ્ટ"},{"$i":"month-8-long","$v":"સપ્ટેમ્બર"},{"$i":"month-9-long","$v":"ઓક્ટોબર"},{"$i":"month-10-long","$v":"નવેમ્બર"},{"$i":"month-11-long","$v":"ડિસેમ્બર"},{"$i":"month-0-genitive","$v":"જાન્યુઆરી"},{"$i":"month-1-genitive","$v":"ફેબ્રુઆરી"},{"$i":"month-2-genitive","$v":"માર્ચ"},{"$i":"month-3-genitive","$v":"એપ્રિલ"},{"$i":"month-4-genitive","$v":"મે"},{"$i":"month-5-genitive","$v":"જૂન"},{"$i":"month-6-genitive","$v":"જુલાઈ"},{"$i":"month-7-genitive","$v":"ઓગસ્ટ"},{"$i":"month-8-genitive","$v":"સપ્ટેમ્બર"},{"$i":"month-9-genitive","$v":"ઓક્ટોબર"},{"$i":"month-10-genitive","$v":"નવેમ્બર"},{"$i":"month-11-genitive","$v":"ડિસેમ્બર"},{"$i":"month-0-short","$v":"જાન્યુઆરી"},{"$i":"month-1-short","$v":"ફેબ્રુઆરી"},{"$i":"month-2-short","$v":"માર્ચ"},{"$i":"month-3-short","$v":"એપ્રિલ"},{"$i":"month-4-short","$v":"મે"},{"$i":"month-5-short","$v":"જૂન"},{"$i":"month-6-short","$v":"જુલાઈ"},{"$i":"month-7-short","$v":"ઓગસ્ટ"},{"$i":"month-8-short","$v":"સપ્ટેમ્બર"},{"$i":"month-9-short","$v":"ઓક્ટોબર"},{"$i":"month-10-short","$v":"નવેમ્બર"},{"$i":"month-11-short","$v":"ડિસેમ્બર"},{"$i":"minutes-ago-long","$v":{"zero":"અત્યારે જ","one":"એક મિનિટ પહેલાં","two":[{"t":"idOrVar","v":"value"}," મિનિટ પહેલા"],"few":[{"t":"idOrVar","v":"value"}," મિનિટ પહેલા"],"many":[{"t":"idOrVar","v":"value"}," મિનિટ પહેલા"],"other":[{"t":"idOrVar","v":"value"}," મિનિટ પહેલા"]},"$x":[{"t":"idOrVar","v":"plural"},"value"]},{"$i":"hours-ago-long","$v":{"zero":"અત્યારે જ","one":"એક કલાક પહેલાં","two":[{"t":"idOrVar","v":"value"}," કલાક પહેલા"],"few":[{"t":"idOrVar","v":"value"}," કલાક પહેલા"],"many":[{"t":"idOrVar","v":"value"}," કલાક પહેલા"],"other":[{"t":"idOrVar","v":"value"}," કલાક પહેલા"]},"$x":[{"t":"idOrVar","v":"plural"},"value"]},{"$i":"days-ago-long","$v":{"zero":"આજે","one":"ગઈકાલ","two":[{"t":"idOrVar","v":"value"}," દિવસ પહેલા"],"few":[{"t":"idOrVar","v":"value"}," દિવસ પહેલા"],"many":[{"t":"idOrVar","v":"value"}," દિવસ પહેલા"],"other":[{"t":"idOrVar","v":"value"}," દિવસ પહેલા"]},"$x":[{"t":"idOrVar","v":"plural"},"value"]},{"$i":"weeks-ago-long","$v":{"zero":"આ અઠવાડિયું","one":"ગયા અઠવાડિયે","two":[{"t":"idOrVar","v":"value"}," અઠવાડિયા પહેલા"],"few":[{"t":"idOrVar","v":"value"}," અઠવાડિયા પહેલા"],"many":[{"t":"idOrVar","v":"value"}," અઠવાડિયા પહેલા"],"other":[{"t":"idOrVar","v":"value"}," અઠવાડિયા પહેલા"]},"$x":[{"t":"idOrVar","v":"plural"},"value"]},{"$i":"months-ago-long","$v":{"zero":"આ મહિનો","one":"ગયા મહિને","two":[{"t":"idOrVar","v":"value"}," મહિના પહેલા"],"few":[{"t":"idOrVar","v":"value"}," મહિના પહેલા"],"many":[{"t":"idOrVar","v":"value"}," મહિના પહેલા"],"other":[{"t":"idOrVar","v":"value"}," મહિના પહેલા"]},"$x":[{"t":"idOrVar","v":"plural"},"value"]},{"$i":"years-ago-long","$v":{"zero":"આ વર્ષ","one":"ગયા વર્ષે","two":[{"t":"idOrVar","v":"value"}," વર્ષ પહેલા"],"few":[{"t":"idOrVar","v":"value"}," વર્ષ પહેલા"],"many":[{"t":"idOrVar","v":"value"}," વર્ષ પહેલા"],"other":[{"t":"idOrVar","v":"value"}," વર્ષ પહેલા"]},"$x":[{"t":"idOrVar","v":"plural"},"value"]},{"$i":"minutes-until-long","$v":{"zero":"હમણાં","one":"એક મિનિટમાં","two":[{"t":"idOrVar","v":"value"}," મિનિટમાં"],"few":[{"t":"idOrVar","v":"value"}," મિનિટમાં"],"many":[{"t":"idOrVar","v":"value"}," મિનિટમાં"],"other":[{"t":"idOrVar","v":"value"}," મિનિટમાં"]},"$x":[{"t":"idOrVar","v":"plural"},"value"]},{"$i":"hours-until-long","$v":{"zero":"હમણાં","one":"એક કલાકમાં","two":[{"t":"idOrVar","v":"value"}," કલાકમાં"],"few":[{"t":"idOrVar","v":"value"}," કલાકમાં"],"many":[{"t":"idOrVar","v":"value"}," કલાકમાં"],"other":[{"t":"idOrVar","v":"value"}," કલાકમાં"]},"$x":[{"t":"idOrVar","v":"plural"},"value"]},{"$i":"days-until-long","$v":{"zero":"આજે","one":"આવતીકાલ","two":[{"t":"idOrVar","v":"value"}," દિવસમાં"],"few":[{"t":"idOrVar","v":"value"}," દિવસમાં"],"many":[{"t":"idOrVar","v":"value"}," દિવસમાં"],"other":[{"t":"idOrVar","v":"value"}," દિવસમાં"]},"$x":[{"t":"idOrVar","v":"plural"},"value"]},{"$i":"weeks-until-long","$v":{"zero":"આ અઠવાડિયું","one":"આગળનું અઠવાડિયું","two":[{"t":"idOrVar","v":"value"}," અઠવાડિયામાં"],"few":[{"t":"idOrVar","v":"value"}," અઠવાડિયામાં"],"many":[{"t":"idOrVar","v":"value"}," અઠવાડિયામાં"],"other":[{"t":"idOrVar","v":"value"}," અઠવાડિયામાં"]},"$x":[{"t":"idOrVar","v":"plural"},"value"]},{"$i":"months-until-long","$v":{"zero":"આ મહિનો","one":"આગળનો મહિનો","two":[{"t":"idOrVar","v":"value"}," મહિનામાં"],"few":[{"t":"idOrVar","v":"value"}," મહિનામાં"],"many":[{"t":"idOrVar","v":"value"}," મહિનામાં"],"other":[{"t":"idOrVar","v":"value"}," મહિનામાં"]},"$x":[{"t":"idOrVar","v":"plural"},"value"]},{"$i":"years-until-long","$v":{"zero":"આ વર્ષ","one":"આગળનું વર્ષ","two":[{"t":"idOrVar","v":"value"}," વર્ષમાં"],"few":[{"t":"idOrVar","v":"value"}," વર્ષમાં"],"many":[{"t":"idOrVar","v":"value"}," વર્ષમાં"],"other":[{"t":"idOrVar","v":"value"}," વર્ષમાં"]},"$x":[{"t":"idOrVar","v":"plural"},"value"]},{"$i":"minutes-ago-short","$v":{"zero":"અત્યારે જ","other":[{"t":"idOrVar","v":"value"},"મિનિટ પહેલા"]},"$x":[{"t":"idOrVar","v":"plural"},"value"]},{"$i":"hours-ago-short","$v":{"zero":"અત્યારે જ","other":[{"t":"idOrVar","v":"value"},"કલાક પહેલા"]},"$x":[{"t":"idOrVar","v":"plural"},"value"]},{"$i":"days-ago-short","$v":{"zero":"આજે","other":[{"t":"idOrVar","v":"value"},"દિવસ પહેલા"]},"$x":[{"t":"idOrVar","v":"plural"},"value"]},{"$i":"minutes-until-short","$v":{"zero":"હમણાં","other":[{"t":"idOrVar","v":"value"},"મિનિટ માં"]},"$x":[{"t":"idOrVar","v":"plural"},"value"]},{"$i":"hours-until-short","$v":{"zero":"હમણાં","other":[{"t":"idOrVar","v":"value"},"કલાક માં"]},"$x":[{"t":"idOrVar","v":"plural"},"value"]},{"$i":"days-until-short","$v":{"zero":"આજે","other":[{"t":"idOrVar","v":"value"},"દિવસ માં"]},"$x":[{"t":"idOrVar","v":"plural"},"value"]},{"$i":"incorrectDate","$v":"(ખોટી તારીખ)"},{"$i":"dateTimeFormat_%c","$v":"%a %b %e %Y %I:%M:%S %p"},{"$i":"dateTimeFormat_%x","$v":"%m/%d/%Y"},{"$i":"dateTimeFormat_%X","$v":"%I:%M:%S %p"},{"$i":"shortTimeFormat","$v":"%I:%M %p"},{"$i":"shortTimeFormat12","$v":"%I:%M %p"},{"$i":"shortTimeFormat24","$v":"%H:%M"},{"$i":"shortDateTimeFormat","$v":"%x %I:%M %p"},{"$i":"weekStartsOnMonday","$v":"0"},{"$i":"firstDayOfTheWeek","$v":"0"},{"$i":"time_am","$v":"AM"},{"$i":"time_pm","$v":"PM"},{"$i":"softkey-options","$v":"વિકલ્પ"},{"$i":"reset","$v":"ફરીથી સેટ કરો"},{"$i":"start","$v":"પ્રારંભ કરો"},{"$i":"stop","$v":"રોકો"},{"$i":"cancel","$v":"રદ કરો"},{"$i":"hour","$v":"કલાક"},{"$i":"hours","$v":"કલાક"},{"$i":"minute","$v":"મિનિટ"},{"$i":"minutes","$v":"મિનિટ"},{"$i":"second","$v":"સેકન્ડ"},{"$i":"alarm","$v":"એલાર્મ"},{"$i":"alarm-name","placeholder":"એલાર્મ"},{"$i":"timer","$v":"ટાઇમર"},{"$i":"stopwatch","$v":"સ્ટોપવોચ"},{"$i":"alarmName","$v":"એલાર્મનું નામ"},{"$i":"newAlarm","$v":"નવું એલાર્મ"},{"$i":"editAlarm","$v":"એલાર્મ સંપાદિત કરો"},{"$i":"tclSettings","$v":"સેટિંગ્સ"},{"$i":"clock-settings","$v":"ઘડિયાળની સેટિંગ્સ"},{"$i":"alarms-maximum","$v":"તમે એલાર્મની મહત્તમ સંખ્યા સુધી પહોંચી ગયા છો."},{"$i":"laps-maximum","$v":"તમે લૅપ્સની મહત્તમ સંખ્યા સુધી પહોંચી ગયા છો."},{"$i":"changes-saved","$v":"ફેરફારો સેવ કરેલ છે."},{"$i":"pause","$v":"થોભો"},{"$i":"resume","$v":"ફરીથી શરૂ કરો"},{"$i":"lap","$v":"લેપ"},{"$i":"lap-number","$v":["લેપ ",{"t":"idOrVar","v":"n"}]},{"$i":"timer-hour","$v":"કલાક"},{"$i":"timer-min","$v":"મિનિટ"},{"$i":"timer-sec","$v":"સેકન્ડ"},{"$i":"delete","$v":"કાઢો"},{"$i":"time","$v":"સમય"},{"$i":"snooze-label","$v":"સ્નુઝ કરો"},{"$i":"snooze-button","$v":"સ્નુઝ કરો"},{"$i":"repeat","$v":"પુનરાવર્તન કરો"},{"$i":"vibrate","$v":"કંપન"},{"$i":"close","$v":"બંધ કરો"},{"$i":"save","$v":"સેવ કરો"},{"$i":"done","$v":"થઈ ગયું"},{"$i":"tcl-select-time","$v":"સમય પસંદ કરો"},{"$i":"closeButton","ariaLabel":"બંધ કરો"},{"$i":"newAlarmButton","ariaLabel":"નવું એલાર્મ"},{"$i":"alarm-volume-label","$v":"અલાર્મ સિસ્ટમ વૉલ્યુમ"},{"$i":"tcl-volume","$v":"વૉલ્યુમ:"},{"$i":"volume-level-display","$v":[{"t":"idOrVar","v":"n"}," / ",{"t":"idOrVar","v":"c"}]},{"$i":"sound","$v":"ધ્વનિ"},{"$i":"noSound","$v":"કોઈ ધ્વનિ નથી"},{"$i":"tcl-ringtones","$v":"રિંગટોન"},{"$i":"everyday","$v":"દરરોજ"},{"$i":"weekdays","$v":"સાપ્તાહિક દિવસો"},{"$i":"weekends","$v":"વિકેન્ડ"},{"$i":"never","$v":"ક્યારેય નહીં"},{"$i":"vibrateOn","$v":"ચાલુ"},{"$i":"vibrateOff","$v":"બંધ"},{"$i":"tcl-on","$v":"ચાલુ"},{"$i":"tcl-off","$v":"બંધ"},{"$i":"plusMinute","$v":"+1 મિનિટ"},{"$i":"dateFormat","$v":"%A, %b %e"},{"$i":"countdown-lessThanAnHour","$v":["એલાર્મ હવેથી ",{"t":"idOrVar","v":"minutes"}," માટે સેટ કરવામાં આવ્યો છે."]},{"$i":"countdown-moreThanAnHour","$v":["એલાર્મ હવેથી ",{"t":"idOrVar","v":"hours"}," ",{"t":"idOrVar","v":"minutes"}," માટે સેટ કરવામાં આવ્યો છે."]},{"$i":"countdown-moreThanADay","$v":["એલાર્મ હવેથી ",{"t":"idOrVar","v":"days"}," ",{"t":"idOrVar","v":"hours"}," માટે સેટ કરવામાં આવ્યો છે."]},{"$i":"tcl-alarm-off","$v":"એલાર્મ બંધ કરવામાં આવ્યું."},{"$i":"tcl-alarm-deleted","$v":"એલાર્મ દૂર કરવામાં આવ્યું છે."},{"$i":"nMinutes","$v":{"zero":"એક મિનિટ કરતા ઓછો","one":"એક મિનિટ","two":[{"t":"idOrVar","v":"n"}," મિનિટ"],"few":[{"t":"idOrVar","v":"n"}," મિનિટ"],"many":[{"t":"idOrVar","v":"n"}," મિનિટ"],"other":[{"t":"idOrVar","v":"n"}," મિનિટ"]},"$x":[{"t":"idOrVar","v":"plural"},"n"]},{"$i":"nHours","$v":{"zero":"","one":[{"t":"idOrVar","v":"n"}," કલાક"],"two":[{"t":"idOrVar","v":"n"}," કલાક"],"few":[{"t":"idOrVar","v":"n"}," કલાક"],"many":[{"t":"idOrVar","v":"n"}," કલાક"],"other":[{"t":"idOrVar","v":"n"}," કલાક"]},"$x":[{"t":"idOrVar","v":"plural"},"n"]},{"$i":"nAndRemainHours","$v":{"zero":"","one":["અને ",{"t":"idOrVar","v":"n"}," કલાક"],"two":["અને ",{"t":"idOrVar","v":"n"}," કલાક"],"few":["અને ",{"t":"idOrVar","v":"n"}," કલાક"],"many":["અને ",{"t":"idOrVar","v":"n"}," કલાક"],"other":["અને ",{"t":"idOrVar","v":"n"}," કલાક"]},"$x":[{"t":"idOrVar","v":"plural"},"n"]},{"$i":"nRemainDays","$v":{"zero":"","one":[{"t":"idOrVar","v":"n"}," દિવસ"],"two":[{"t":"idOrVar","v":"n"}," દિવસ"],"few":[{"t":"idOrVar","v":"n"}," દિવસ"],"many":[{"t":"idOrVar","v":"n"}," દિવસ"],"other":[{"t":"idOrVar","v":"n"}," દિવસ"]},"$x":[{"t":"idOrVar","v":"plural"},"n"]},{"$i":"nRemainMinutes","$v":{"zero":"","one":["અને ",{"t":"idOrVar","v":"n"}," મિનિટ"],"two":["અને ",{"t":"idOrVar","v":"n"}," મિનિટ"],"few":["અને ",{"t":"idOrVar","v":"n"}," મિનિટ"],"many":["અને ",{"t":"idOrVar","v":"n"}," મિનિટ"],"other":["અને ",{"t":"idOrVar","v":"n"}," મિનિટ"]},"$x":[{"t":"idOrVar","v":"plural"},"n"]},{"$i":"nSpinnerSeconds","$v":{"zero":"શૂન્ય સેકન્ડ","one":"એક સેકન્ડ","two":[{"t":"idOrVar","v":"n"}," સેકન્ડ"],"few":[{"t":"idOrVar","v":"n"}," સેકન્ડ"],"many":[{"t":"idOrVar","v":"n"}," સેકન્ડ"],"other":[{"t":"idOrVar","v":"n"}," સેકન્ડ"]},"$x":[{"t":"idOrVar","v":"plural"},"n"]},{"$i":"nSpinnerMinutes","$v":{"zero":"શૂન્ય મિનિટ","one":"એક મિનિટ","two":[{"t":"idOrVar","v":"n"}," મિનિટ"],"few":[{"t":"idOrVar","v":"n"}," મિનિટ"],"many":[{"t":"idOrVar","v":"n"}," મિનિટ"],"other":[{"t":"idOrVar","v":"n"}," મિનિટ"]},"$x":[{"t":"idOrVar","v":"plural"},"n"]},{"$i":"nSpinnerHours","$v":{"zero":"શૂન્ય કલાક","one":[{"t":"idOrVar","v":"n"}," કલાક"],"two":[{"t":"idOrVar","v":"n"}," કલાક"],"few":[{"t":"idOrVar","v":"n"}," કલાક"],"many":[{"t":"idOrVar","v":"n"}," કલાક"],"other":[{"t":"idOrVar","v":"n"}," કલાક"]},"$x":[{"t":"idOrVar","v":"plural"},"n"]},{"$i":"tcl-stop","$v":"રોકો"},{"$i":"tcl-snooze","$v":"સ્નુઝ કરો"},{"$i":"ac_awake_opus","$v":"જાગૃત"},{"$i":"ac_crystalize_opus","$v":"ક્રિસ્ટલાઈઝ"},{"$i":"ac_cycle_opus","$v":"સાયકલ"},{"$i":"ac_digicloud_opus","$v":"ડિજીક્લાઉડ"},{"$i":"ac_humming_waves_opus","$v":"હમીંગ વેવ્ઝ"},{"$i":"ac_into_the_void_opus","$v":"ઇનટુ દ વોઈડ"},{"$i":"ac_lightly_opus","$v":"લાઈટલી"},{"$i":"ac_mobile_opus","$v":"મોબાઇલ"},{"$i":"ac_pinger_opus","$v":"પિંગર"},{"$i":"ac_skip_opus","$v":"સ્કીપ"},{"$i":"ac_tri_opus","$v":"ટ્રાઇ"},{"$i":"ac_universal_opus","$v":"સાર્વત્રિક"},{"$i":"tcl-options","$v":"વિકલ્પ"},{"$i":"tcl-clock-title","$v":"ઘડિયાળ"},{"$i":"alarm-title","$v":"એલાર્મ"},{"$i":"no-alarms-body","$v":"કોઈ એલાર્મ સેટ કરવામાં આવ્યા નથી. પ્રારંભ કરવા માટે નવું અલાર્મ દબાવો."},{"$i":"tcl-new-alarm","$v":"નવું એલાર્મ"},{"$i":"tcl-settings","$v":"સેટિંગ્સ"},{"$i":"tcl-cancel","$v":"રદ કરો"},{"$i":"tcl-save","$v":"સેવ કરો"},{"$i":"tcl-turnOn","$v":"ચાલુ કરો"},{"$i":"tcl-turnOff","$v":"બંધ કરો"},{"$i":"edit","$v":"સંપાદિત કરો"},{"$i":"select","$v":"પસંદ કરો"},{"$i":"tcl-delete","$v":"કાઢો"},{"$i":"tcl-selected-alarm","$v":"પસંદ કરેલ એલાર્મ"},{"$i":"tcl-set","$v":"સેટ કરો"},{"$i":"tcl-start","$v":"પ્રારંભ કરો"},{"$i":"tcl-reset","$v":"ફરીથી સેટ કરો"},{"$i":"tcl-min-plus","$v":"+1 મિનિટ"},{"$i":"tcl-resume","$v":"ફરીથી શરૂ કરો"},{"$i":"tcl-lap","$v":"લેપ"},{"$i":"play","$v":"વગાડો"},{"$i":"tcl-no-repeat","$v":"કોઈ પુનરાવર્તન નથી"},{"$i":"tcl-confirm-title","$v":"ખાતરી"},{"$i":"tcl-confirm-delete-body","$v":"પસંદ કરેલ એલાર્મ દૂર કરવા માંગો છો?"},{"$i":"tcl-confirm-end-key-body","$v":{"$o":"ડેટા લોસ સાથે એપ્લિકેશન બંધ કરવામાં આવશે. <br><br> શું તમે પાછા સંપાદન પર જવા માંગો છો?"}},{"$i":"tcl-confirm-exit-button","$v":"બહાર નીકળો"},{"$i":"tcl-confirm-return-button","$v":"પાછા જાઓ"}]