[{"$i":"weekday-0-long","$v":"रविवार"},{"$i":"weekday-1-long","$v":"सोमवार"},{"$i":"weekday-2-long","$v":"मंगलवार"},{"$i":"weekday-3-long","$v":"बुधवार"},{"$i":"weekday-4-long","$v":"गुरुवार"},{"$i":"weekday-5-long","$v":"शुक्रवार"},{"$i":"weekday-6-long","$v":"शनिवार"},{"$i":"weekday-0-short","$v":"रवि"},{"$i":"weekday-1-short","$v":"सोम"},{"$i":"weekday-2-short","$v":"मंगल"},{"$i":"weekday-3-short","$v":"बुध"},{"$i":"weekday-4-short","$v":"गुरु"},{"$i":"weekday-5-short","$v":"शुक्र"},{"$i":"weekday-6-short","$v":"शनि"},{"$i":"month-0-long","$v":"जनवरी"},{"$i":"month-1-long","$v":"फरवरी"},{"$i":"month-2-long","$v":"मार्च"},{"$i":"month-3-long","$v":"अप्रैल"},{"$i":"month-4-long","$v":"मई"},{"$i":"month-5-long","$v":"जून"},{"$i":"month-6-long","$v":"जुलाई"},{"$i":"month-7-long","$v":"अगस्त"},{"$i":"month-8-long","$v":"सितंबर"},{"$i":"month-9-long","$v":"अक्टूबर"},{"$i":"month-10-long","$v":"नवंबर"},{"$i":"month-11-long","$v":"दिसंबर"},{"$i":"month-0-genitive","$v":"जनवरी"},{"$i":"month-1-genitive","$v":"फरवरी"},{"$i":"month-2-genitive","$v":"मार्च"},{"$i":"month-3-genitive","$v":"अप्रैल"},{"$i":"month-4-genitive","$v":"मई"},{"$i":"month-5-genitive","$v":"जून"},{"$i":"month-6-genitive","$v":"जुलाई"},{"$i":"month-7-genitive","$v":"अगस्त"},{"$i":"month-8-genitive","$v":"सितंबर"},{"$i":"month-9-genitive","$v":"अक्टूबर"},{"$i":"month-10-genitive","$v":"नवंबर"},{"$i":"month-11-genitive","$v":"दिसंबर"},{"$i":"month-0-short","$v":"जनवरी"},{"$i":"month-1-short","$v":"फरवरी"},{"$i":"month-2-short","$v":"मार्च"},{"$i":"month-3-short","$v":"अप्रैल"},{"$i":"month-4-short","$v":"मई"},{"$i":"month-5-short","$v":"जून"},{"$i":"month-6-short","$v":"जुलाई"},{"$i":"month-7-short","$v":"अगस्त"},{"$i":"month-8-short","$v":"सितंबर"},{"$i":"month-9-short","$v":"अक्टूबर"},{"$i":"month-10-short","$v":"नवंबर"},{"$i":"month-11-short","$v":"दिसंबर"},{"$i":"minutes-ago-long","$v":{"zero":"अभी","one":"एक मिनट पहले","two":[{"t":"idOrVar","v":"value"}," मिनट पहले"],"few":[{"t":"idOrVar","v":"value"}," मिनट पहले"],"many":[{"t":"idOrVar","v":"value"}," मिनट पहले"],"other":[{"t":"idOrVar","v":"value"}," मिनट पहले"]},"$x":[{"t":"idOrVar","v":"plural"},"value"]},{"$i":"hours-ago-long","$v":{"zero":"अभी","one":"एक घंटे पहले","two":[{"t":"idOrVar","v":"value"}," घंटे पहले"],"few":[{"t":"idOrVar","v":"value"}," घंटे पहले"],"many":[{"t":"idOrVar","v":"value"}," घंटे पहले"],"other":[{"t":"idOrVar","v":"value"}," घंटे पहले"]},"$x":[{"t":"idOrVar","v":"plural"},"value"]},{"$i":"days-ago-long","$v":{"zero":"आज","one":"बीता कल","two":[{"t":"idOrVar","v":"value"}," दिनों पहले"],"few":[{"t":"idOrVar","v":"value"}," दिनों पहले"],"many":[{"t":"idOrVar","v":"value"}," दिनों पहले"],"other":[{"t":"idOrVar","v":"value"}," दिनों पहले"]},"$x":[{"t":"idOrVar","v":"plural"},"value"]},{"$i":"weeks-ago-long","$v":{"zero":"इस सप्ताह","one":"पिछले सप्ताह","two":[{"t":"idOrVar","v":"value"}," सप्ताह पहले"],"few":[{"t":"idOrVar","v":"value"}," सप्ताह पहले"],"many":[{"t":"idOrVar","v":"value"}," सप्ताह पहले"],"other":[{"t":"idOrVar","v":"value"}," सप्ताह पहले"]},"$x":[{"t":"idOrVar","v":"plural"},"value"]},{"$i":"months-ago-long","$v":{"zero":"इस महीने","one":"पिछले महीने","two":[{"t":"idOrVar","v":"value"}," महीनों पहले"],"few":[{"t":"idOrVar","v":"value"}," महीनों पहले"],"many":[{"t":"idOrVar","v":"value"}," महीनों पहले"],"other":[{"t":"idOrVar","v":"value"}," महीनों पहले"]},"$x":[{"t":"idOrVar","v":"plural"},"value"]},{"$i":"years-ago-long","$v":{"zero":"इस वर्ष","one":"पिछले वर्ष","two":[{"t":"idOrVar","v":"value"}," वर्ष पहले"],"few":[{"t":"idOrVar","v":"value"}," वर्ष पहले"],"many":[{"t":"idOrVar","v":"value"}," वर्ष पहले"],"other":[{"t":"idOrVar","v":"value"}," वर्ष पहले"]},"$x":[{"t":"idOrVar","v":"plural"},"value"]},{"$i":"minutes-until-long","$v":{"zero":"अभी","one":"एक मिनट में","two":[{"t":"idOrVar","v":"value"}," मिनट में"],"few":[{"t":"idOrVar","v":"value"}," मिनट में"],"many":[{"t":"idOrVar","v":"value"}," मिनट में"],"other":[{"t":"idOrVar","v":"value"}," मिनट में"]},"$x":[{"t":"idOrVar","v":"plural"},"value"]},{"$i":"hours-until-long","$v":{"zero":"अभी","one":"एक घंटे में","two":[{"t":"idOrVar","v":"value"}," घंटों में"],"few":[{"t":"idOrVar","v":"value"}," घंटों में"],"many":[{"t":"idOrVar","v":"value"}," घंटों में"],"other":[{"t":"idOrVar","v":"value"}," घंटों में"]},"$x":[{"t":"idOrVar","v":"plural"},"value"]},{"$i":"days-until-long","$v":{"zero":"आज","one":"कल","two":[{"t":"idOrVar","v":"value"}," दिनों में"],"few":[{"t":"idOrVar","v":"value"}," दिनों में"],"many":[{"t":"idOrVar","v":"value"}," दिनों में"],"other":[{"t":"idOrVar","v":"value"}," दिनों में"]},"$x":[{"t":"idOrVar","v":"plural"},"value"]},{"$i":"weeks-until-long","$v":{"zero":"इस सप्ताह","one":"अगले सप्ताह","two":[{"t":"idOrVar","v":"value"}," सप्ताह में"],"few":[{"t":"idOrVar","v":"value"}," सप्ताह में"],"many":[{"t":"idOrVar","v":"value"}," सप्ताह में"],"other":[{"t":"idOrVar","v":"value"}," सप्ताह में"]},"$x":[{"t":"idOrVar","v":"plural"},"value"]},{"$i":"months-until-long","$v":{"zero":"इस महीने","one":"अगले महीने","two":[{"t":"idOrVar","v":"value"}," महीनो में"],"few":[{"t":"idOrVar","v":"value"}," महीनो में"],"many":[{"t":"idOrVar","v":"value"}," महीनो में"],"other":[{"t":"idOrVar","v":"value"}," महीनो में"]},"$x":[{"t":"idOrVar","v":"plural"},"value"]},{"$i":"years-until-long","$v":{"zero":"इस वर्ष","one":"अगले वर्ष","two":[{"t":"idOrVar","v":"value"}," वर्षों में"],"few":[{"t":"idOrVar","v":"value"}," वर्षों में"],"many":[{"t":"idOrVar","v":"value"}," वर्षों में"],"other":[{"t":"idOrVar","v":"value"}," वर्षों में"]},"$x":[{"t":"idOrVar","v":"plural"},"value"]},{"$i":"minutes-ago-short","$v":{"zero":"अभी","other":[{"t":"idOrVar","v":"value"}," मिनट पहले"]},"$x":[{"t":"idOrVar","v":"plural"},"value"]},{"$i":"hours-ago-short","$v":{"zero":"अभी","other":[{"t":"idOrVar","v":"value"}," घंटे पहले"]},"$x":[{"t":"idOrVar","v":"plural"},"value"]},{"$i":"days-ago-short","$v":{"zero":"आज","other":[{"t":"idOrVar","v":"value"}," दिनों पहले"]},"$x":[{"t":"idOrVar","v":"plural"},"value"]},{"$i":"minutes-until-short","$v":{"zero":"अभी","other":[{"t":"idOrVar","v":"value"},"मिनिट में"]},"$x":[{"t":"idOrVar","v":"plural"},"value"]},{"$i":"hours-until-short","$v":{"zero":"अभी","other":[{"t":"idOrVar","v":"value"},"घंटे में"]},"$x":[{"t":"idOrVar","v":"plural"},"value"]},{"$i":"days-until-short","$v":{"zero":"आज","other":[{"t":"idOrVar","v":"value"},"दिन में"]},"$x":[{"t":"idOrVar","v":"plural"},"value"]},{"$i":"incorrectDate","$v":"(गलत दिनांक)"},{"$i":"dateTimeFormat_%c","$v":"%a %b %e %Y %I:%M:%S %p"},{"$i":"dateTimeFormat_%x","$v":"%m/%d/%Y"},{"$i":"dateTimeFormat_%X","$v":"%I:%M:%S %p"},{"$i":"shortTimeFormat","$v":"%I:%M %p"},{"$i":"shortTimeFormat12","$v":"%I:%M %p"},{"$i":"shortTimeFormat24","$v":"%H:%M"},{"$i":"shortDateTimeFormat","$v":"%x %I:%M %p"},{"$i":"weekStartsOnMonday","$v":"0"},{"$i":"firstDayOfTheWeek","$v":"0"},{"$i":"time_am","$v":"AM"},{"$i":"time_pm","$v":"PM"},{"$i":"softkey-options","$v":"विकल्प"},{"$i":"reset","$v":"रीसेट करें"},{"$i":"start","$v":"आरंभ"},{"$i":"stop","$v":"रोकें"},{"$i":"cancel","$v":"रद्द करना"},{"$i":"hour","$v":"घंटा"},{"$i":"hours","$v":"घंटे"},{"$i":"minute","$v":"मिनट"},{"$i":"minutes","$v":"मिनट"},{"$i":"second","$v":"सेकेंड"},{"$i":"alarm","$v":"अलार्म"},{"$i":"alarm-name","placeholder":"अलार्म"},{"$i":"timer","$v":"टाइमर"},{"$i":"stopwatch","$v":"स्टॉपवाच"},{"$i":"alarmName","$v":"अलार्म का नाम"},{"$i":"newAlarm","$v":"नया अलार्म"},{"$i":"editAlarm","$v":"अलार्म संपादित करें"},{"$i":"tclSettings","$v":"सेटिंग्स"},{"$i":"clock-settings","$v":"घड़ी की सेटिंग्स"},{"$i":"alarms-maximum","$v":"आप अलार्म की अधिकतम संख्या तक पहुँच चुके हैं।"},{"$i":"laps-maximum","$v":"आप लैप की अधिकतम संख्या तक पहुँच चुके हैं।"},{"$i":"changes-saved","$v":"परिवर्तन सेव किया गया।"},{"$i":"pause","$v":"रोकें"},{"$i":"resume","$v":"दोबारा शुरू करें"},{"$i":"lap","$v":"लैप"},{"$i":"lap-number","$v":["लैप ",{"t":"idOrVar","v":"n"}]},{"$i":"timer-hour","$v":"घंटा"},{"$i":"timer-min","$v":"मिनट"},{"$i":"timer-sec","$v":"सेकेंड"},{"$i":"delete","$v":"हटाएँ"},{"$i":"time","$v":"समय"},{"$i":"snooze-label","$v":"स्नूज़ करें"},{"$i":"snooze-button","$v":"स्नूज़ करें"},{"$i":"repeat","$v":"दोहराएं"},{"$i":"vibrate","$v":"कंपन"},{"$i":"close","$v":"बंद करें"},{"$i":"save","$v":"सेव करें"},{"$i":"done","$v":"हो गया"},{"$i":"tcl-select-time","$v":"समय चुनें"},{"$i":"closeButton","ariaLabel":"बंद करें"},{"$i":"newAlarmButton","ariaLabel":"नया अलार्म"},{"$i":"alarm-volume-label","$v":"सिस्टम अलार्म वॉल्यूम"},{"$i":"tcl-volume","$v":"वॉल्यूम:"},{"$i":"volume-level-display","$v":[{"t":"idOrVar","v":"n"}," / ",{"t":"idOrVar","v":"c"}]},{"$i":"sound","$v":"ध्वनि"},{"$i":"noSound","$v":"कोई ध्वनि नहीं हैं"},{"$i":"tcl-ringtones","$v":"रिंगटोन"},{"$i":"everyday","$v":"प्रत्येक दिन"},{"$i":"weekdays","$v":"साप्ताहिक दिन"},{"$i":"weekends","$v":"वीकेंड"},{"$i":"never","$v":"कभी नहीं"},{"$i":"vibrateOn","$v":"ऑन"},{"$i":"vibrateOff","$v":"ऑफ"},{"$i":"tcl-on","$v":"ऑन"},{"$i":"tcl-off","$v":"ऑफ"},{"$i":"plusMinute","$v":"+1 मिनिट"},{"$i":"dateFormat","$v":"%A, %b %e"},{"$i":"countdown-lessThanAnHour","$v":["अलार्म अब से ",{"t":"idOrVar","v":"minutes"}," बाद के लिए सेट किया गया हैं।"]},{"$i":"countdown-moreThanAnHour","$v":["अलार्म अब से ",{"t":"idOrVar","v":"hours"}," ",{"t":"idOrVar","v":"minutes"}," बाद के लिए सेट किया गया हैं।"]},{"$i":"countdown-moreThanADay","$v":["अलार्म अब से ",{"t":"idOrVar","v":"days"}," ",{"t":"idOrVar","v":"hours"}," बाद के लिए सेट किया गया हैं।"]},{"$i":"tcl-alarm-off","$v":"अलार्म ऑफ किया गया।"},{"$i":"tcl-alarm-deleted","$v":"अलार्म हटाया गया।"},{"$i":"nMinutes","$v":{"zero":"एक मिनट से कम","one":"एक मिनट","two":[{"t":"idOrVar","v":"n"}," मिनट"],"few":[{"t":"idOrVar","v":"n"}," मिनट"],"many":[{"t":"idOrVar","v":"n"}," मिनट"],"other":[{"t":"idOrVar","v":"n"}," मिनट"]},"$x":[{"t":"idOrVar","v":"plural"},"n"]},{"$i":"nHours","$v":{"zero":"","one":[{"t":"idOrVar","v":"n"}," घंटा"],"two":[{"t":"idOrVar","v":"n"}," घंटे"],"few":[{"t":"idOrVar","v":"n"}," घंटे"],"many":[{"t":"idOrVar","v":"n"}," घंटे"],"other":[{"t":"idOrVar","v":"n"}," घंटे"]},"$x":[{"t":"idOrVar","v":"plural"},"n"]},{"$i":"nAndRemainHours","$v":{"zero":"","one":["और ",{"t":"idOrVar","v":"n"}," घंटा"],"two":["और ",{"t":"idOrVar","v":"n"}," घंटे"],"few":["और ",{"t":"idOrVar","v":"n"}," घंटे"],"many":["और ",{"t":"idOrVar","v":"n"}," घंटे"],"other":["और ",{"t":"idOrVar","v":"n"}," घंटे"]},"$x":[{"t":"idOrVar","v":"plural"},"n"]},{"$i":"nRemainDays","$v":{"zero":"","one":[{"t":"idOrVar","v":"n"}," दिन"],"two":[{"t":"idOrVar","v":"n"}," दिन"],"few":[{"t":"idOrVar","v":"n"}," दिन"],"many":[{"t":"idOrVar","v":"n"}," दिन"],"other":[{"t":"idOrVar","v":"n"}," दिन"]},"$x":[{"t":"idOrVar","v":"plural"},"n"]},{"$i":"nRemainMinutes","$v":{"zero":"","one":["और ",{"t":"idOrVar","v":"n"}," मिनट"],"two":["और ",{"t":"idOrVar","v":"n"}," मिनट"],"few":["और ",{"t":"idOrVar","v":"n"}," मिनट"],"many":["और ",{"t":"idOrVar","v":"n"}," मिनट"],"other":["और ",{"t":"idOrVar","v":"n"}," मिनट"]},"$x":[{"t":"idOrVar","v":"plural"},"n"]},{"$i":"nSpinnerSeconds","$v":{"zero":"शून्य सेकंड","one":"एक सेकंड","two":[{"t":"idOrVar","v":"n"}," सेंकड"],"few":[{"t":"idOrVar","v":"n"}," सेंकड"],"many":[{"t":"idOrVar","v":"n"}," सेंकड"],"other":[{"t":"idOrVar","v":"n"}," सेंकड"]},"$x":[{"t":"idOrVar","v":"plural"},"n"]},{"$i":"nSpinnerMinutes","$v":{"zero":"शून्य मिनट","one":"एक मिनट","two":[{"t":"idOrVar","v":"n"}," मिनट"],"few":[{"t":"idOrVar","v":"n"}," मिनट"],"many":[{"t":"idOrVar","v":"n"}," मिनट"],"other":[{"t":"idOrVar","v":"n"}," मिनट"]},"$x":[{"t":"idOrVar","v":"plural"},"n"]},{"$i":"nSpinnerHours","$v":{"zero":"शून्य घंटे","one":[{"t":"idOrVar","v":"n"}," घंटा"],"two":[{"t":"idOrVar","v":"n"}," घंटे"],"few":[{"t":"idOrVar","v":"n"}," घंटे"],"many":[{"t":"idOrVar","v":"n"}," घंटे"],"other":[{"t":"idOrVar","v":"n"}," घंटे"]},"$x":[{"t":"idOrVar","v":"plural"},"n"]},{"$i":"tcl-stop","$v":"रोकें"},{"$i":"tcl-snooze","$v":"स्नूज़ करें"},{"$i":"ac_awake_opus","$v":"अवेक"},{"$i":"ac_crystalize_opus","$v":"क्रिस्टलाइज़"},{"$i":"ac_cycle_opus","$v":"साइकल"},{"$i":"ac_digicloud_opus","$v":"डीजीक्लाउड"},{"$i":"ac_humming_waves_opus","$v":"हमिंग वेव्स"},{"$i":"ac_into_the_void_opus","$v":"ईंटो द वोइड"},{"$i":"ac_lightly_opus","$v":"लाइटली"},{"$i":"ac_mobile_opus","$v":"मोबाइल"},{"$i":"ac_pinger_opus","$v":"पिंगर"},{"$i":"ac_skip_opus","$v":"स्किप"},{"$i":"ac_tri_opus","$v":"ट्राई"},{"$i":"ac_universal_opus","$v":"यूनिवर्सल"},{"$i":"tcl-options","$v":"विकल्प"},{"$i":"tcl-clock-title","$v":"घड़ी"},{"$i":"alarm-title","$v":"अलार्म"},{"$i":"no-alarms-body","$v":"कोई अलार्म सेट नहीं किए गए हैं। शुरुआत करने के लिए नया अलार्म दबाएँ।"},{"$i":"tcl-new-alarm","$v":"नया अलार्म"},{"$i":"tcl-settings","$v":"सेटिंग्स"},{"$i":"tcl-cancel","$v":"रद्द करना"},{"$i":"tcl-save","$v":"सेव करें"},{"$i":"tcl-turnOn","$v":"ऑन करें"},{"$i":"tcl-turnOff","$v":"ऑफ करें"},{"$i":"edit","$v":"संपादित करें"},{"$i":"select","$v":"चुनिए"},{"$i":"tcl-delete","$v":"हटाएँ"},{"$i":"tcl-selected-alarm","$v":"चयनित अलार्म"},{"$i":"tcl-set","$v":"सेट करें"},{"$i":"tcl-start","$v":"आरंभ"},{"$i":"tcl-reset","$v":"रीसेट करें"},{"$i":"tcl-min-plus","$v":"+1 मिनिट"},{"$i":"tcl-resume","$v":"दोबारा शुरू करें"},{"$i":"tcl-lap","$v":"लैप"},{"$i":"play","$v":"बजाए"},{"$i":"tcl-no-repeat","$v":"कोई दोहराव नहीं"},{"$i":"tcl-confirm-title","$v":"पुष्टिकरण"},{"$i":"tcl-confirm-delete-body","$v":"चयनित अलार्म हटाएँ?"},{"$i":"tcl-confirm-end-key-body","$v":{"$o":"एप्लिकेशन बंध होने के साथ डेटा हट जायेगा <br><br> क्या आप संपादन पर वापस लौटना चाहते हैं?"}},{"$i":"tcl-confirm-exit-button","$v":"बाहर निकलें"},{"$i":"tcl-confirm-return-button","$v":"वापस लौटें"}]