[{"$i":"weekday-0-long","$v":"ಭಾನುವಾರ"},{"$i":"weekday-1-long","$v":"ಸೋಮವಾರ"},{"$i":"weekday-2-long","$v":"ಮಂಗಳವಾರ"},{"$i":"weekday-3-long","$v":"ಬುಧವಾರ"},{"$i":"weekday-4-long","$v":"ಗುರುವಾರ"},{"$i":"weekday-5-long","$v":"ಶುಕ್ರವಾರ"},{"$i":"weekday-6-long","$v":"ಶನಿವಾರ"},{"$i":"weekday-0-short","$v":"ಭಾನು"},{"$i":"weekday-1-short","$v":"ಸೋಮ"},{"$i":"weekday-2-short","$v":"ಮಂಗಳ"},{"$i":"weekday-3-short","$v":"ಬುಧ"},{"$i":"weekday-4-short","$v":"ಗುರು"},{"$i":"weekday-5-short","$v":"ಶುಕ್ರ"},{"$i":"weekday-6-short","$v":"ಶನಿವಾರ"},{"$i":"month-0-long","$v":"ಜನವರಿ"},{"$i":"month-1-long","$v":"ಫೆಬ್ರವರಿ"},{"$i":"month-2-long","$v":"ಮಾರ್ಚ್"},{"$i":"month-3-long","$v":"ಏಪ್ರಿಲ್"},{"$i":"month-4-long","$v":"ಮೇ"},{"$i":"month-5-long","$v":"ಜೂನ್"},{"$i":"month-6-long","$v":"ಜುಲೈ"},{"$i":"month-7-long","$v":"ಆಗಸ್ಟ್"},{"$i":"month-8-long","$v":"ಸಪ್ಟೆಂಬರ್"},{"$i":"month-9-long","$v":"ಅಕ್ಟೋಬರ್"},{"$i":"month-10-long","$v":"ನವೆಂಬರ್"},{"$i":"month-11-long","$v":"ಡಿಸೆಂಬರ್"},{"$i":"month-0-genitive","$v":"ಜನವರಿ"},{"$i":"month-1-genitive","$v":"ಫೆಬ್ರವರಿ"},{"$i":"month-2-genitive","$v":"ಮಾರ್ಚ್"},{"$i":"month-3-genitive","$v":"ಏಪ್ರಿಲ್"},{"$i":"month-4-genitive","$v":"ಮೇ"},{"$i":"month-5-genitive","$v":"ಜೂನ್"},{"$i":"month-6-genitive","$v":"ಜುಲೈ"},{"$i":"month-7-genitive","$v":"ಆಗಸ್ಟ್"},{"$i":"month-8-genitive","$v":"ಸಪ್ಟೆಂಬರ್"},{"$i":"month-9-genitive","$v":"ಅಕ್ಟೋಬರ್"},{"$i":"month-10-genitive","$v":"ನವೆಂಬರ್"},{"$i":"month-11-genitive","$v":"ಡಿಸೆಂಬರ್"},{"$i":"month-0-short","$v":"ಜನವರಿ"},{"$i":"month-1-short","$v":"ಫೆಬ್ರವರಿ"},{"$i":"month-2-short","$v":"ಮಾರ್ಚ್"},{"$i":"month-3-short","$v":"ಏಪ್ರಿಲ್"},{"$i":"month-4-short","$v":"ಮೇ"},{"$i":"month-5-short","$v":"ಜೂನ್"},{"$i":"month-6-short","$v":"ಜುಲೈ"},{"$i":"month-7-short","$v":"ಆಗಸ್ಟ್"},{"$i":"month-8-short","$v":"ಸೆಪ್ಟೆಂಬರ್"},{"$i":"month-9-short","$v":"ಅಕ್ಟೋಬರ್"},{"$i":"month-10-short","$v":"ನವೆಂಬರ್"},{"$i":"month-11-short","$v":"ಡಿಸೆಂಬರ್"},{"$i":"minutes-ago-long","$v":{"zero":"ಈಗಷ್ಟೇ","one":"ಒಂದು ನಿಮಿಷದ ಹಿಂದೆ","two":[{"t":"idOrVar","v":"value"}," ನಿಮಿಷಗಳ ಹಿಂದೆ"],"few":[{"t":"idOrVar","v":"value"}," ನಿಮಿಷಗಳ ಹಿಂದೆ"],"many":[{"t":"idOrVar","v":"value"}," ನಿಮಿಷಗಳ ಹಿಂದೆ"],"other":[{"t":"idOrVar","v":"value"}," ನಿಮಿಷಗಳ ಹಿಂದೆ"]},"$x":[{"t":"idOrVar","v":"plural"},"value"]},{"$i":"hours-ago-long","$v":{"zero":"ಈಗಷ್ಟೇ","one":"ಒಂದು ಗಂಟೆ ಹಿಂದೆ","two":[{"t":"idOrVar","v":"value"}," ಗಂಟೆಗಳ ಹಿಂದೆ"],"few":[{"t":"idOrVar","v":"value"}," ಗಂಟೆಗಳ ಹಿಂದೆ"],"many":[{"t":"idOrVar","v":"value"}," ಗಂಟೆಗಳ ಹಿಂದೆ"],"other":[{"t":"idOrVar","v":"value"}," ಗಂಟೆಗಳ ಹಿಂದೆ"]},"$x":[{"t":"idOrVar","v":"plural"},"value"]},{"$i":"days-ago-long","$v":{"zero":"ಇಂದು","one":"ನಿನ್ನೆ","two":[{"t":"idOrVar","v":"value"}," ದಿನಗಳ ಹಿಂದೆ"],"few":[{"t":"idOrVar","v":"value"}," ದಿನಗಳ ಹಿಂದೆ"],"many":[{"t":"idOrVar","v":"value"}," ದಿನಗಳ ಹಿಂದೆ"],"other":[{"t":"idOrVar","v":"value"}," ದಿನಗಳ ಹಿಂದೆ"]},"$x":[{"t":"idOrVar","v":"plural"},"value"]},{"$i":"weeks-ago-long","$v":{"zero":"ಈ ವಾರ","one":"ಕಳೆದ ವಾರ","two":[{"t":"idOrVar","v":"value"}," ವಾರಗಳ ಹಿಂದೆ"],"few":[{"t":"idOrVar","v":"value"}," ವಾರಗಳ ಹಿಂದೆ"],"many":[{"t":"idOrVar","v":"value"}," ವಾರಗಳ ಹಿಂದೆ"],"other":[{"t":"idOrVar","v":"value"}," ವಾರಗಳ ಹಿಂದೆ"]},"$x":[{"t":"idOrVar","v":"plural"},"value"]},{"$i":"months-ago-long","$v":{"zero":"ಈ ತಿಂಗಳು","one":"ಕಳೆದ ತಿಂಗಳು","two":[{"t":"idOrVar","v":"value"}," ತಿಂಗಳುಗಳ ಹಿಂದೆ"],"few":[{"t":"idOrVar","v":"value"}," ತಿಂಗಳುಗಳ ಹಿಂದೆ"],"many":[{"t":"idOrVar","v":"value"}," ತಿಂಗಳುಗಳ ಹಿಂದೆ"],"other":[{"t":"idOrVar","v":"value"}," ತಿಂಗಳುಗಳ ಹಿಂದೆ"]},"$x":[{"t":"idOrVar","v":"plural"},"value"]},{"$i":"years-ago-long","$v":{"zero":"ಈ ವರ್ಷ","one":"ಕಳೆದ ವರ್ಷ","two":[{"t":"idOrVar","v":"Value"}," ವರ್ಷಗಳ ಹಿಂದೆ"],"few":[{"t":"idOrVar","v":"Value"}," ವರ್ಷಗಳ ಹಿಂದೆ"],"many":[{"t":"idOrVar","v":"Value"}," ವರ್ಷಗಳ ಹಿಂದೆ"],"other":[{"t":"idOrVar","v":"Value"}," ವರ್ಷಗಳ ಹಿಂದೆ"]},"$x":[{"t":"idOrVar","v":"plural"},"value"]},{"$i":"minutes-until-long","$v":{"zero":"ಇದೀಗ","one":"ಒಂದು ನಿಮಿಷದಲ್ಲಿ","two":[{"t":"idOrVar","v":"value"}," ನಿಮಿಷಗಳಲ್ಲಿ"],"few":[{"t":"idOrVar","v":"value"}," ನಿಮಿಷಗಳಲ್ಲಿ"],"many":[{"t":"idOrVar","v":"value"}," ನಿಮಿಷಗಳಲ್ಲಿ"],"other":[{"t":"idOrVar","v":"value"}," ನಿಮಿಷಗಳಲ್ಲಿ"]},"$x":[{"t":"idOrVar","v":"plural"},"value"]},{"$i":"hours-until-long","$v":{"zero":"ಇದೀಗ","one":"ಒಂದು ಗಂಟೆಯಲ್ಲಿ","two":[{"t":"idOrVar","v":"value"}," ಗಂಟೆಗಳಲ್ಲಿ"],"few":[{"t":"idOrVar","v":"value"}," ಗಂಟೆಗಳಲ್ಲಿ"],"many":[{"t":"idOrVar","v":"value"}," ಗಂಟೆಗಳಲ್ಲಿ"],"other":[{"t":"idOrVar","v":"value"}," ಗಂಟೆಗಳಲ್ಲಿ"]},"$x":[{"t":"idOrVar","v":"plural"},"value"]},{"$i":"days-until-long","$v":{"zero":"ಇಂದು","one":"ನಾಳೆ","two":[{"t":"idOrVar","v":"value"}," ದಿನಗಳಲ್ಲಿ"],"few":[{"t":"idOrVar","v":"value"}," ದಿನಗಳಲ್ಲಿ"],"many":[{"t":"idOrVar","v":"value"}," ದಿನಗಳಲ್ಲಿ"],"other":[{"t":"idOrVar","v":"value"}," ದಿನಗಳಲ್ಲಿ"]},"$x":[{"t":"idOrVar","v":"plural"},"value"]},{"$i":"weeks-until-long","$v":{"zero":"ಈ ವಾರ","one":"ಮುಂದಿನ ವಾರ","two":[{"t":"idOrVar","v":"value"}," ವಾರಗಳಲ್ಲಿ"],"few":[{"t":"idOrVar","v":"value"}," ವಾರಗಳಲ್ಲಿ"],"many":[{"t":"idOrVar","v":"value"}," ವಾರಗಳಲ್ಲಿ"],"other":[{"t":"idOrVar","v":"value"}," ವಾರಗಳಲ್ಲಿ"]},"$x":[{"t":"idOrVar","v":"plural"},"value"]},{"$i":"months-until-long","$v":{"zero":"ಈ ತಿಂಗಳು","one":"ಮುಂದಿನ ತಿಂಗಳು","two":[{"t":"idOrVar","v":"value"}," ತಿಂಗಳುಗಳಲ್ಲಿ"],"few":[{"t":"idOrVar","v":"value"}," ತಿಂಗಳುಗಳಲ್ಲಿ"],"many":[{"t":"idOrVar","v":"value"}," ತಿಂಗಳುಗಳಲ್ಲಿ"],"other":[{"t":"idOrVar","v":"value"}," ತಿಂಗಳುಗಳಲ್ಲಿ"]},"$x":[{"t":"idOrVar","v":"plural"},"value"]},{"$i":"years-until-long","$v":{"zero":"ಈ ವರ್ಷ","one":"ಮುಂದಿನ ವರ್ಷ","two":[{"t":"idOrVar","v":"value"}," ವರ್ಷಗಳಲ್ಲಿ"],"few":[{"t":"idOrVar","v":"value"}," ವರ್ಷಗಳಲ್ಲಿ"],"many":[{"t":"idOrVar","v":"value"}," ವರ್ಷಗಳಲ್ಲಿ"],"other":[{"t":"idOrVar","v":"value"}," ವರ್ಷಗಳಲ್ಲಿ"]},"$x":[{"t":"idOrVar","v":"plural"},"value"]},{"$i":"minutes-ago-short","$v":{"zero":"ಈಗಷ್ಟೇ","other":[{"t":"idOrVar","v":"value"},"ನಿಮಿಷಗಳ ಹಿಂದೆ"]},"$x":[{"t":"idOrVar","v":"plural"},"value"]},{"$i":"hours-ago-short","$v":{"zero":"ಈಗಷ್ಟೇ","other":[{"t":"idOrVar","v":"value"},"ಗಂಟೆಗಳ ಹಿಂದೆ"]},"$x":[{"t":"idOrVar","v":"plural"},"value"]},{"$i":"days-ago-short","$v":{"zero":"ಇಂದು","other":[{"t":"idOrVar","v":"value"},"ದಿನದ ಹಿಂದೆ"]},"$x":[{"t":"idOrVar","v":"plural"},"value"]},{"$i":"minutes-until-short","$v":{"zero":"ಇದೀಗ","other":[{"t":"idOrVar","v":"value"},"ನಿಮಿಷಗಳಲ್ಲಿ"]},"$x":[{"t":"idOrVar","v":"plural"},"value"]},{"$i":"hours-until-short","$v":{"zero":"ಇದೀಗ","other":[{"t":"idOrVar","v":"value"},"ಗಂಟೆಗಳಲ್ಲಿ"]},"$x":[{"t":"idOrVar","v":"plural"},"value"]},{"$i":"days-until-short","$v":{"zero":"ಇಂದು","other":[{"t":"idOrVar","v":"value"},"ದಿನದಲ್ಲಿ"]},"$x":[{"t":"idOrVar","v":"plural"},"value"]},{"$i":"incorrectDate","$v":"(ತಪ್ಪಾದ ದಿನಾಂಕ)"},{"$i":"dateTimeFormat_%c","$v":"%a %b %e %Y %I:%M:%S %p"},{"$i":"dateTimeFormat_%x","$v":"%m/%d/%Y"},{"$i":"dateTimeFormat_%X","$v":"%I:%M:%S %p"},{"$i":"shortTimeFormat","$v":"%I:%M %p"},{"$i":"shortTimeFormat12","$v":"%I:%M %p"},{"$i":"shortTimeFormat24","$v":"%H:%M"},{"$i":"shortDateTimeFormat","$v":"%x %I:%M %p"},{"$i":"weekStartsOnMonday","$v":"0"},{"$i":"firstDayOfTheWeek","$v":"0"},{"$i":"time_am","$v":"AM"},{"$i":"time_pm","$v":"PM"},{"$i":"softkey-options","$v":"ಆಯ್ಕೆಗಳು"},{"$i":"reset","$v":"ರಿಸೆಟ್ ಮಾಡಿ"},{"$i":"start","$v":"ಪ್ರಾರಂಭಿಸಿ"},{"$i":"stop","$v":"ನಿಲ್ಲಿಸಿ"},{"$i":"cancel","$v":"ರದ್ದು ಮಾಡಿ"},{"$i":"hour","$v":"ಗಂಟೆ"},{"$i":"hours","$v":"ಗಂಟೆಗಳು"},{"$i":"minute","$v":"ನಿಮಿಷ"},{"$i":"minutes","$v":"ನಿಮಿಷಗಳು"},{"$i":"second","$v":"ಸೆಕೆಂಡ್‌"},{"$i":"alarm","$v":"ಅಲಾರಂ"},{"$i":"alarm-name","placeholder":"ಅಲಾರಂ"},{"$i":"timer","$v":"ಟೈಮರ್"},{"$i":"stopwatch","$v":"ಸ್ಟಾಪ್‌ವಾಚ್"},{"$i":"alarmName","$v":"ಅಲಾರಂ ಹೆಸರು"},{"$i":"newAlarm","$v":"ಹೊಸ ಅಲಾರ್ಮ್‌"},{"$i":"editAlarm","$v":"ಅಲಾರಂ ಸಂಪಾದಿಸಿ"},{"$i":"tclSettings","$v":"ಸೆಟ್ಟಿಂಗ್ಸ್"},{"$i":"clock-settings","$v":"ಗಡಿಯಾರದ ಸೆಟ್ಟಿಂಗ್ಸ್"},{"$i":"alarms-maximum","$v":"ಅಲಾರಂಗಳ ಗರಿಷ್ಠ ಸಂಖ್ಯೆಯನ್ನು ನೀವು ತಲುಪಿದ್ದೀರಿ."},{"$i":"laps-maximum","$v":"ನೀವು ಗರಿಷ್ಠ ಸಂಖ್ಯೆಯ ತಪ್ಪುಗಳನ್ನು ತಲುಪಿದ್ದೀರಿ."},{"$i":"changes-saved","$v":"ಬದಲಾವಣೆಗಳನ್ನು ಉಳಿಸಲಾಗಿದೆ."},{"$i":"pause","$v":"ವಿರಾಮಗೊಳಿಸು"},{"$i":"resume","$v":"ಮುಂದುವರಿಸಿ"},{"$i":"lap","$v":"ಲ್ಯಾಪ್"},{"$i":"lap-number","$v":["ಲ್ಯಾಪ್ ",{"t":"idOrVar","v":"n"}]},{"$i":"timer-hour","$v":"ಗಂಟೆ"},{"$i":"timer-min","$v":"ನಿಮಿಷ"},{"$i":"timer-sec","$v":"ಸೆಕೆಂಡ್‌"},{"$i":"delete","$v":"ಅಳಿಸಿ"},{"$i":"time","$v":"ಸಮಯ"},{"$i":"snooze-label","$v":"ಸ್ನೂಜ್ ಮಾಡಿ"},{"$i":"snooze-button","$v":"ಸ್ನೂಜ್ ಮಾಡಿ"},{"$i":"repeat","$v":"ಪುನರಾವರ್ತನೆ"},{"$i":"vibrate","$v":"ವೈಬ್ರೇಟ್‌‌"},{"$i":"close","$v":"ಮುಚ್ಚಿರಿ"},{"$i":"save","$v":"ಸೇವ್ ಮಾಡಿ"},{"$i":"done","$v":"ಮುಗಿದಿದೆ"},{"$i":"tcl-select-time","$v":"ಸಮಯ ಆಯ್ಕೆ ಮಾಡಿ"},{"$i":"closeButton","ariaLabel":"ಮುಚ್ಚಿರಿ"},{"$i":"newAlarmButton","ariaLabel":"ಹೊಸ ಅಲಾರ್ಮ್‌"},{"$i":"alarm-volume-label","$v":"ಸಿಸ್ಟಂ ಅಲಾರಂ ವಾಲ್ಯೂಮ್"},{"$i":"tcl-volume","$v":"ಧ್ವನಿಮಟ್ಟ:"},{"$i":"volume-level-display","$v":[{"t":"idOrVar","v":"n"}," / ",{"t":"idOrVar","v":"c"}]},{"$i":"sound","$v":"ಶಬ್ದ"},{"$i":"noSound","$v":"ಧ್ವನಿ ಇಲ್ಲ"},{"$i":"tcl-ringtones","$v":"ರಿಂಗ್‌ಟೋನ್‌ಗಳು"},{"$i":"everyday","$v":"ಪ್ರತಿ ದಿನ"},{"$i":"weekdays","$v":"ವಾರದ ದಿನಗಳು"},{"$i":"weekends","$v":"ವಾರದ ರಜಾ ದಿನಗಳು"},{"$i":"never","$v":"ಎಂದಿಗೂ ಬೇಡ"},{"$i":"vibrateOn","$v":"ರಂದು"},{"$i":"vibrateOff","$v":"ಆಫ್"},{"$i":"tcl-on","$v":"ರಂದು"},{"$i":"tcl-off","$v":"ಆಫ್"},{"$i":"plusMinute","$v":"+1 ನಿಮಿಷ"},{"$i":"dateFormat","$v":"%A, %b %e"},{"$i":"countdown-lessThanAnHour","$v":["ಅಲಾರಂ ಅನ್ನು ಈಗಿನಿಂದ ",{"t":"idOrVar","v":"minutes"}," ಕ್ಕೆ ಹೊಂದಿಸಲಾಗಿದೆ."]},{"$i":"countdown-moreThanAnHour","$v":["ಅಲಾರಂ ಅನ್ನು ಈಗಿನಿಂದ ",{"t":"idOrVar","v":"hours"}," ",{"t":"idOrVar","v":"minutes"}," ಕ್ಕೆ ಹೊಂದಿಸಲಾಗಿದೆ."]},{"$i":"countdown-moreThanADay","$v":["ಅಲಾರಂ ಅನ್ನು ಈಗಿನಿಂದ ",{"t":"idOrVar","v":"days"}," ",{"t":"idOrVar","v":"hours"}," ಕ್ಕೆ ಹೊಂದಿಸಲಾಗಿದೆ."]},{"$i":"tcl-alarm-off","$v":"ಆಲಾರ್ಮ್ ಟರ್ನ್ ಆಫ್ ಆಗಿದೆ."},{"$i":"tcl-alarm-deleted","$v":"ಆಲಾರ್ಮ್ ಅಳಿಸಲಾಗಿದೆ."},{"$i":"nMinutes","$v":{"zero":"ಒಂದು ನಿಮಿಷಕ್ಕಿಂತ ಕಡಿಮೆ","one":"ಒಂದು ನಿಮಿಷ","two":[{"t":"idOrVar","v":"n"}," ನಿಮಿಷಗಳು"],"few":[{"t":"idOrVar","v":"n"}," ನಿಮಿಷಗಳು"],"many":[{"t":"idOrVar","v":"n"}," ನಿಮಿಷಗಳು"],"other":[{"t":"idOrVar","v":"n"}," ನಿಮಿಷಗಳು"]},"$x":[{"t":"idOrVar","v":"plural"},"n"]},{"$i":"nHours","$v":{"zero":"","one":[{"t":"idOrVar","v":"n"}," ಗಂಟೆ"],"two":[{"t":"idOrVar","v":"n"}," ಗಂಟೆಗಳು"],"few":[{"t":"idOrVar","v":"n"}," ಗಂಟೆಗಳು"],"many":[{"t":"idOrVar","v":"n"}," ಗಂಟೆಗಳು"],"other":[{"t":"idOrVar","v":"n"}," ಗಂಟೆಗಳು"]},"$x":[{"t":"idOrVar","v":"plural"},"n"]},{"$i":"nAndRemainHours","$v":{"zero":"","one":["ಮತ್ತು ",{"t":"idOrVar","v":"n"}," ಗಂಟೆ"],"two":["ಮತ್ತು ",{"t":"idOrVar","v":"n"}," ಗಂಟೆಗಳು"],"few":["ಮತ್ತು ",{"t":"idOrVar","v":"n"}," ಗಂಟೆಗಳು"],"many":["ಮತ್ತು ",{"t":"idOrVar","v":"n"}," ಗಂಟೆಗಳು"],"other":["ಮತ್ತು ",{"t":"idOrVar","v":"n"}," ಗಂಟೆಗಳು"]},"$x":[{"t":"idOrVar","v":"plural"},"n"]},{"$i":"nRemainDays","$v":{"zero":"","one":[{"t":"idOrVar","v":"n"}," ದಿನ"],"two":[{"t":"idOrVar","v":"n"}," ದಿನಗಳು"],"few":[{"t":"idOrVar","v":"n"}," ದಿನಗಳು"],"many":[{"t":"idOrVar","v":"n"}," ದಿನಗಳು"],"other":[{"t":"idOrVar","v":"n"}," ದಿನಗಳು"]},"$x":[{"t":"idOrVar","v":"plural"},"n"]},{"$i":"nRemainMinutes","$v":{"zero":"","one":["ಮತ್ತು ",{"t":"idOrVar","v":"n"}," ನಿಮಿಷ"],"two":["ಮತ್ತು ",{"t":"idOrVar","v":"n"}," ನಿಮಿಷಗಳು"],"few":["ಮತ್ತು ",{"t":"idOrVar","v":"n"}," ನಿಮಿಷಗಳು"],"many":["ಮತ್ತು ",{"t":"idOrVar","v":"n"}," ನಿಮಿಷಗಳು"],"other":["ಮತ್ತು ",{"t":"idOrVar","v":"n"}," ನಿಮಿಷಗಳು"]},"$x":[{"t":"idOrVar","v":"plural"},"n"]},{"$i":"nSpinnerSeconds","$v":{"zero":"ಸೊನ್ನೆ ಸೆಕೆಂಡುಗಳು","one":"ಒಂದು ಸೆಕೆಂಡ್","two":[{"t":"idOrVar","v":"n"}," ಸೆಕೆಂಡ್‌ಗಳು"],"few":[{"t":"idOrVar","v":"n"}," ಸೆಕೆಂಡ್‌ಗಳು"],"many":[{"t":"idOrVar","v":"n"}," ಸೆಕೆಂಡ್‌ಗಳು"],"other":[{"t":"idOrVar","v":"n"}," ಸೆಕೆಂಡ್‌ಗಳು"]},"$x":[{"t":"idOrVar","v":"plural"},"n"]},{"$i":"nSpinnerMinutes","$v":{"zero":"ಸೊನ್ನೆ ನಿಮಿಷಗಳು","one":"ಒಂದು ನಿಮಿಷ","two":[{"t":"idOrVar","v":"n"}," ನಿಮಿಷಗಳು"],"few":[{"t":"idOrVar","v":"n"}," ನಿಮಿಷಗಳು"],"many":[{"t":"idOrVar","v":"n"}," ನಿಮಿಷಗಳು"],"other":[{"t":"idOrVar","v":"n"}," ನಿಮಿಷಗಳು"]},"$x":[{"t":"idOrVar","v":"plural"},"n"]},{"$i":"nSpinnerHours","$v":{"zero":"ಸೊನ್ನೆ ಗಂಟೆಗಳು","one":[{"t":"idOrVar","v":"n"}," ಗಂಟೆ"],"two":[{"t":"idOrVar","v":"n"}," ಗಂಟೆಗಳು"],"few":[{"t":"idOrVar","v":"n"}," ಗಂಟೆಗಳು"],"many":[{"t":"idOrVar","v":"n"}," ಗಂಟೆಗಳು"],"other":[{"t":"idOrVar","v":"n"}," ಗಂಟೆಗಳು"]},"$x":[{"t":"idOrVar","v":"plural"},"n"]},{"$i":"tcl-stop","$v":"ನಿಲ್ಲಿಸಿ"},{"$i":"tcl-snooze","$v":"ಸ್ನೂಜ್ ಮಾಡಿ"},{"$i":"ac_awake_opus","$v":"ಅವೇಕ್"},{"$i":"ac_crystalize_opus","$v":"ಸ್ಫಟಿಕೀಕರಣಗೊಳಿಸಿ"},{"$i":"ac_cycle_opus","$v":"ಸೈಕಲ್"},{"$i":"ac_digicloud_opus","$v":"ಡಿಜಿಕ್ಲೌಡ್"},{"$i":"ac_humming_waves_opus","$v":"ಗುನುಗುಟ್ಟುವ ಅಲೆಗಳು"},{"$i":"ac_into_the_void_opus","$v":"ಇಂಟು ದಿ ವೋಯಿಡ್"},{"$i":"ac_lightly_opus","$v":"ಲೈಟ್ಲಿ"},{"$i":"ac_mobile_opus","$v":"ಮೊಬೈಲ್"},{"$i":"ac_pinger_opus","$v":"ಪಿಂಗರ್"},{"$i":"ac_skip_opus","$v":"ಸ್ಕಿಪ್‌ ಮಾಡಿ"},{"$i":"ac_tri_opus","$v":"ಟ್ರಿ"},{"$i":"ac_universal_opus","$v":"ಯೂನಿವರ್ಸಲ್"},{"$i":"tcl-options","$v":"ಆಯ್ಕೆಗಳು"},{"$i":"tcl-clock-title","$v":"ಗಡಿಯಾರ"},{"$i":"alarm-title","$v":"ಅಲಾರಂ"},{"$i":"no-alarms-body","$v":"ಅಲಾರಂಗಳನ್ನು ಸೆಟ್ ಮಾಡಿಲ್ಲ ಆರಂಭಿಸಲು ಹೊಸ ಅಲಾರ್ಮ್‌ ಒತ್ತಿ."},{"$i":"tcl-new-alarm","$v":"ಹೊಸ ಅಲಾರ್ಮ್‌"},{"$i":"tcl-settings","$v":"ಸೆಟ್ಟಿಂಗ್ಸ್"},{"$i":"tcl-cancel","$v":"ರದ್ದು ಮಾಡಿ"},{"$i":"tcl-save","$v":"ಸೇವ್ ಮಾಡಿ"},{"$i":"tcl-turnOn","$v":"ಆನ್ ಮಾಡಿ"},{"$i":"tcl-turnOff","$v":"ಆಫ್‌ ಮಾಡಿ"},{"$i":"edit","$v":"ಸಂಪಾದಿಸಿ"},{"$i":"select","$v":"ಆಯ್ಕೆ ಮಾಡಿ"},{"$i":"tcl-delete","$v":"ಅಳಿಸಿ"},{"$i":"tcl-selected-alarm","$v":"ಆಯ್ಕೆ ಮಾಡಿದ ಅಲಾರಂ"},{"$i":"tcl-set","$v":"ಹೊಂದಿಸಿ"},{"$i":"tcl-start","$v":"ಪ್ರಾರಂಭಿಸಿ"},{"$i":"tcl-reset","$v":"ರಿಸೆಟ್ ಮಾಡಿ"},{"$i":"tcl-min-plus","$v":"+1 ನಿಮಿಷ"},{"$i":"tcl-resume","$v":"ಮುಂದುವರಿಸಿ"},{"$i":"tcl-lap","$v":"ಲ್ಯಾಪ್"},{"$i":"play","$v":"ಪ್ಲೇ ಮಾಡಿ"},{"$i":"tcl-no-repeat","$v":"ಯಾವುದೇ ಪುನರಾವರ್ತನೆ ಇಲ್ಲ"},{"$i":"tcl-confirm-title","$v":"ದೃಢೀಕರಣ"},{"$i":"tcl-confirm-delete-body","$v":"ಆಯ್ಕೆಮಾಡಿದ ಆಲಾರ್ಮ್ ಅಳಿಸಿ?"},{"$i":"tcl-confirm-end-key-body","$v":{"$o":"ಡೇಟಾ ನಷ್ಟದಿಂದ ಅಪ್ಲಿಕೇಷನ್ ಅನ್ನು ಮುಚ್ಚಲಾಗುತ್ತದೆ. <br><br> ನೀವು ಮತ್ತೆ ಸಂಕಲನಕ್ಕೆ ಮರಳಬಯಸುತ್ತಿರೇ?"}},{"$i":"tcl-confirm-exit-button","$v":"ನಿರ್ಗಮಿಸಿ"},{"$i":"tcl-confirm-return-button","$v":"ವಾಪಸು ಮಾಡಿ"}]