[{"$i":"weekday-0-long","$v":"आयतार"},{"$i":"weekday-1-long","$v":"सोमार"},{"$i":"weekday-2-long","$v":"मंगळार"},{"$i":"weekday-3-long","$v":"बुधवार"},{"$i":"weekday-4-long","$v":"बिरेस्तार"},{"$i":"weekday-5-long","$v":"शुक्रार"},{"$i":"weekday-6-long","$v":"शेनवार"},{"$i":"weekday-0-short","$v":"सुर्य"},{"$i":"weekday-1-short","$v":"सोमार"},{"$i":"weekday-2-short","$v":"मं"},{"$i":"weekday-3-short","$v":"बुध"},{"$i":"weekday-4-short","$v":"बिरे"},{"$i":"weekday-5-short","$v":"शुक्र"},{"$i":"weekday-6-short","$v":"शे"},{"$i":"month-0-long","$v":"जानेवारी"},{"$i":"month-1-long","$v":"फेब्रुवारी"},{"$i":"month-2-long","$v":"मार्च"},{"$i":"month-3-long","$v":"एप्रिल"},{"$i":"month-4-long","$v":"माय"},{"$i":"month-5-long","$v":"जून"},{"$i":"month-6-long","$v":"जुलाय"},{"$i":"month-7-long","$v":"आगोस्त"},{"$i":"month-8-long","$v":"सप्टेंबर"},{"$i":"month-9-long","$v":"ऑक्टोबर"},{"$i":"month-10-long","$v":"नोव्हेंबर"},{"$i":"month-11-long","$v":"डिसेंबर"},{"$i":"month-0-genitive","$v":"जानेवारी"},{"$i":"month-1-genitive","$v":"फेब्रुवारी"},{"$i":"month-2-genitive","$v":"मार्च"},{"$i":"month-3-genitive","$v":"एप्रिल"},{"$i":"month-4-genitive","$v":"माय"},{"$i":"month-5-genitive","$v":"जून"},{"$i":"month-6-genitive","$v":"जुलाय"},{"$i":"month-7-genitive","$v":"आगोस्त"},{"$i":"month-8-genitive","$v":"सप्टेंबर"},{"$i":"month-9-genitive","$v":"ऑक्टोबर"},{"$i":"month-10-genitive","$v":"नोव्हेंबर"},{"$i":"month-11-genitive","$v":"डिसेंबर"},{"$i":"month-0-short","$v":"जान"},{"$i":"month-1-short","$v":"फेब्रु"},{"$i":"month-2-short","$v":"मार"},{"$i":"month-3-short","$v":"एप्री"},{"$i":"month-4-short","$v":"माय"},{"$i":"month-5-short","$v":"जू"},{"$i":"month-6-short","$v":"जुला"},{"$i":"month-7-short","$v":"आगो"},{"$i":"month-8-short","$v":"सप्ट"},{"$i":"month-9-short","$v":"ऑक्टो"},{"$i":"month-10-short","$v":"नो"},{"$i":"month-11-short","$v":"डिसें"},{"$i":"minutes-ago-long","$v":{"zero":"आतांच","one":"एक मिनीट आदीं","two":[{"t":"idOrVar","v":"value"}," मिन्टां आदीं"],"few":[{"t":"idOrVar","v":"value"}," मिन्टां आदीं"],"many":[{"t":"idOrVar","v":"value"}," मिन्टां आदीं"],"other":[{"t":"idOrVar","v":"value"}," मिन्टां आदीं"]},"$x":[{"t":"idOrVar","v":"plural"},"value"]},{"$i":"hours-ago-long","$v":{"zero":"आतांच","one":"एक वरा आदीं","two":[{"t":"idOrVar","v":"value"}," वरां आदीं"],"few":[{"t":"idOrVar","v":"value"}," वरां आदीं"],"many":[{"t":"idOrVar","v":"value"}," वरां आदीं"],"other":[{"t":"idOrVar","v":"value"}," वरां आदीं"]},"$x":[{"t":"idOrVar","v":"plural"},"value"]},{"$i":"days-ago-long","$v":{"zero":"आयज","one":"काल","two":[{"t":"idOrVar","v":"value"}," दीसां आदीं"],"few":[{"t":"idOrVar","v":"value"}," दीसां आदीं"],"many":[{"t":"idOrVar","v":"value"}," दीसां आदीं"],"other":[{"t":"idOrVar","v":"value"}," दीसां आदीं"]},"$x":[{"t":"idOrVar","v":"plural"},"value"]},{"$i":"weeks-ago-long","$v":{"zero":"हो सप्तक","one":"निमाणो सप्तक","two":[{"t":"idOrVar","v":"value"}," सप्तकां आदीं"],"few":[{"t":"idOrVar","v":"value"}," सप्तकां आदीं"],"many":[{"t":"idOrVar","v":"value"}," सप्तकां आदीं"],"other":[{"t":"idOrVar","v":"value"}," सप्तकां आदीं"]},"$x":[{"t":"idOrVar","v":"plural"},"value"]},{"$i":"months-ago-long","$v":{"zero":"हो म्हयनो","one":"निमाणो म्हयनो","two":[{"t":"idOrVar","v":"value"}," म्हयन्यां आदीं"],"few":[{"t":"idOrVar","v":"value"}," म्हयन्यां आदीं"],"many":[{"t":"idOrVar","v":"value"}," म्हयन्यां आदीं"],"other":[{"t":"idOrVar","v":"value"}," म्हयन्यां आदीं"]},"$x":[{"t":"idOrVar","v":"plural"},"value"]},{"$i":"years-ago-long","$v":{"zero":"हें वर्स","one":"निमाणें वर्स","two":[{"t":"idOrVar","v":"value"}," वर्सां आदीं"],"few":[{"t":"idOrVar","v":"value"}," वर्सां आदीं"],"many":[{"t":"idOrVar","v":"value"}," वर्सां आदीं"],"other":[{"t":"idOrVar","v":"value"}," वर्सां आदीं"]},"$x":[{"t":"idOrVar","v":"plural"},"value"]},{"$i":"minutes-until-long","$v":{"zero":"आतां","one":"एका मिन्टान","two":[{"t":"idOrVar","v":"value"}," मिन्टांनी"],"few":[{"t":"idOrVar","v":"value"}," मिन्टांनी"],"many":[{"t":"idOrVar","v":"value"}," मिन्टांनी"],"other":[{"t":"idOrVar","v":"value"}," मिन्टांनी"]},"$x":[{"t":"idOrVar","v":"plural"},"value"]},{"$i":"hours-until-long","$v":{"zero":"आतां","one":"एका वरान","two":[{"t":"idOrVar","v":"value"}," वरांनी"],"few":[{"t":"idOrVar","v":"value"}," वरांनी"],"many":[{"t":"idOrVar","v":"value"}," वरांनी"],"other":[{"t":"idOrVar","v":"value"}," वरांनी"]},"$x":[{"t":"idOrVar","v":"plural"},"value"]},{"$i":"days-until-long","$v":{"zero":"आयज","one":"फाल्यां","two":[{"t":"idOrVar","v":"value"}," दिसांनी"],"few":[{"t":"idOrVar","v":"value"}," दिसांनी"],"many":[{"t":"idOrVar","v":"value"}," दिसांनी"],"other":[{"t":"idOrVar","v":"value"}," दिसांनी"]},"$x":[{"t":"idOrVar","v":"plural"},"value"]},{"$i":"weeks-until-long","$v":{"zero":"हो सप्तक","one":"नवो सप्तक","two":[{"t":"idOrVar","v":"value"}," सप्तकांनी"],"few":[{"t":"idOrVar","v":"value"}," सप्तकांनी"],"many":[{"t":"idOrVar","v":"value"}," सप्तकांनी"],"other":[{"t":"idOrVar","v":"value"}," सप्तकांनी"]},"$x":[{"t":"idOrVar","v":"plural"},"value"]},{"$i":"months-until-long","$v":{"zero":"हो म्हयनो","one":"फुडलो म्हयनो","two":[{"t":"idOrVar","v":"value"}," म्हयन्यांनीं"],"few":[{"t":"idOrVar","v":"value"}," म्हयन्यांनीं"],"many":[{"t":"idOrVar","v":"value"}," म्हयन्यांनीं"],"other":[{"t":"idOrVar","v":"value"}," म्हयन्यांनीं"]},"$x":[{"t":"idOrVar","v":"plural"},"value"]},{"$i":"years-until-long","$v":{"zero":"हें वर्स","one":"नवें वर्स","two":[{"t":"idOrVar","v":"value"}," वर्सांनी"],"few":[{"t":"idOrVar","v":"value"}," वर्सांनी"],"many":[{"t":"idOrVar","v":"value"}," वर्सांनी"],"other":[{"t":"idOrVar","v":"value"}," वर्सांनी"]},"$x":[{"t":"idOrVar","v":"plural"},"value"]},{"$i":"minutes-ago-short","$v":{"zero":"आतांच","other":[{"t":"idOrVar","v":"value"},"म्ह आदीं"]},"$x":[{"t":"idOrVar","v":"plural"},"value"]},{"$i":"hours-ago-short","$v":{"zero":"आतांच","other":[{"t":"idOrVar","v":"value"}," व आदीं"]},"$x":[{"t":"idOrVar","v":"plural"},"value"]},{"$i":"days-ago-short","$v":{"zero":"आयज","other":[{"t":"idOrVar","v":"value"},"दी आदीं"]},"$x":[{"t":"idOrVar","v":"plural"},"value"]},{"$i":"minutes-until-short","$v":{"zero":"आतां","other":[{"t":"idOrVar","v":"value"}," मि"]},"$x":[{"t":"idOrVar","v":"plural"},"value"]},{"$i":"hours-until-short","$v":{"zero":"आतां","other":[{"t":"idOrVar","v":"value"}," वर"]},"$x":[{"t":"idOrVar","v":"plural"},"value"]},{"$i":"days-until-short","$v":{"zero":"आयज","other":[{"t":"idOrVar","v":"value"}," दी"]},"$x":[{"t":"idOrVar","v":"plural"},"value"]},{"$i":"incorrectDate","$v":"(चुकीची तारीख)"},{"$i":"dateTimeFormat_%c","$v":"%a %b %e %Y %I:%M:%S %p"},{"$i":"dateTimeFormat_%x","$v":"%m/%d/%Y"},{"$i":"dateTimeFormat_%X","$v":"%I:%M:%S %p"},{"$i":"shortTimeFormat","$v":"%I:%M %p"},{"$i":"shortTimeFormat12","$v":"%I:%M %p"},{"$i":"shortTimeFormat24","$v":"%H:%M"},{"$i":"shortDateTimeFormat","$v":"%x %I:%M %p"},{"$i":"weekStartsOnMonday","$v":"0"},{"$i":"firstDayOfTheWeek","$v":"0"},{"$i":"time_am","$v":"AM"},{"$i":"time_pm","$v":"PM"},{"$i":"softkey-options","$v":"पर्याय"},{"$i":"reset","$v":"परत थारय"},{"$i":"start","$v":"सुरवात"},{"$i":"stop","$v":"बंद कर"},{"$i":"cancel","$v":"रद्द करचें"},{"$i":"hour","$v":"वर"},{"$i":"hours","$v":"वरां"},{"$i":"minute","$v":"मिनीट"},{"$i":"minutes","$v":"मिन्टां"},{"$i":"second","$v":"सेकंद"},{"$i":"alarm","$v":"अलार्म"},{"$i":"alarm-name","placeholder":"अलार्म"},{"$i":"timer","$v":"वेळ मेजणी"},{"$i":"stopwatch","$v":"स्टॉपवॉच"},{"$i":"alarmName","$v":"आलेटाचें नांव"},{"$i":"newAlarm","$v":"नवो अलार्म"},{"$i":"editAlarm","$v":"गजर संपादीत कर"},{"$i":"tclSettings","$v":"सेटिंग्स"},{"$i":"clock-settings","$v":"घड्याळाच्यो मांडावळी"},{"$i":"alarms-maximum","$v":"तुमी अलार्मांच्या कमाल संख्ये कडेन पावल्यात."},{"$i":"laps-maximum","$v":"तुमी यत्नांच्या कमाल संख्ये कडेन पावल्यात."},{"$i":"changes-saved","$v":"बदल सांबाळ्ळे."},{"$i":"pause","$v":"थांबोवचें"},{"$i":"resume","$v":"परत सुरू"},{"$i":"lap","$v":"लॅप"},{"$i":"lap-number","$v":["लाप ",{"t":"idOrVar","v":"n"}]},{"$i":"timer-hour","$v":"वर"},{"$i":"timer-min","$v":"मिनीट"},{"$i":"timer-sec","$v":"सेकंद"},{"$i":"delete","$v":"पुसून उडयात"},{"$i":"time","$v":"वेळ"},{"$i":"snooze-label","$v":"स्नूज"},{"$i":"snooze-button","$v":"स्नूज"},{"$i":"repeat","$v":"पुनरावृत्ती"},{"$i":"vibrate","$v":"थरथरप"},{"$i":"close","$v":"बंद कर"},{"$i":"save","$v":"सांबाळ"},{"$i":"done","$v":"केलें"},{"$i":"tcl-select-time","$v":"वेळ वेंच्चो"},{"$i":"closeButton","ariaLabel":"बंद कर"},{"$i":"newAlarmButton","ariaLabel":"नवो अलार्म"},{"$i":"alarm-volume-label","$v":"प्रणाली अलार्म वॉल्युम"},{"$i":"tcl-volume","$v":"वॉल्युम:"},{"$i":"volume-level-display","$v":[{"t":"idOrVar","v":"n"}," / ",{"t":"idOrVar","v":"c"}]},{"$i":"sound","$v":"आवाज"},{"$i":"noSound","$v":"आवाज ना"},{"$i":"tcl-ringtones","$v":"रिंगटोन"},{"$i":"everyday","$v":"दर दिसां"},{"$i":"weekdays","$v":"सप्तक"},{"$i":"weekends","$v":"शेनवार-आयतार"},{"$i":"never","$v":"केन्नाच नाका"},{"$i":"vibrateOn","$v":"चालू"},{"$i":"vibrateOff","$v":"कुशीक"},{"$i":"tcl-on","$v":"चालू"},{"$i":"tcl-off","$v":"कुशीक"},{"$i":"plusMinute","$v":"+1 मिनिट"},{"$i":"dateFormat","$v":"%A, %b %e"},{"$i":"countdown-lessThanAnHour","$v":["अलार्म आतां सावन ",{"t":"idOrVar","v":"minutes"}," खातीर लायला"]},{"$i":"countdown-moreThanAnHour","$v":["अलार्म आतां सावन ",{"t":"idOrVar","v":"hours"}," ",{"t":"idOrVar","v":"minutes"}," खातीर लायला"]},{"$i":"countdown-moreThanADay","$v":["अलार्म आतां सावन ",{"t":"idOrVar","v":"days"}," ",{"t":"idOrVar","v":"hours"}," खातीर लायला"]},{"$i":"tcl-alarm-off","$v":"आलेट बंद केला."},{"$i":"tcl-alarm-deleted","$v":"आलेट वगळायलो."},{"$i":"nMinutes","$v":{"zero":"एका मिन्टा परस कमी","one":"एक मिनीट","two":[{"t":"idOrVar","v":"n"}," मिनिट्स"],"few":[{"t":"idOrVar","v":"n"}," मिनिट्स"],"many":[{"t":"idOrVar","v":"n"}," मिनिट्स"],"other":[{"t":"idOrVar","v":"n"}," मिनिट्स"]},"$x":[{"t":"idOrVar","v":"plural"},"n"]},{"$i":"nHours","$v":{"zero":"","one":[{"t":"idOrVar","v":"n"}," वर"],"two":[{"t":"idOrVar","v":"n"}," वरां"],"few":[{"t":"idOrVar","v":"n"}," वरां"],"many":[{"t":"idOrVar","v":"n"}," वरां"],"other":[{"t":"idOrVar","v":"n"}," वरां"]},"$x":[{"t":"idOrVar","v":"plural"},"n"]},{"$i":"nAndRemainHours","$v":{"zero":"","one":["आनी ",{"t":"idOrVar","v":"n"}," वरां"],"two":["आनी ",{"t":"idOrVar","v":"n"}," वरां"],"few":["आनी ",{"t":"idOrVar","v":"n"}," वरां"],"many":["आनी ",{"t":"idOrVar","v":"n"}," वरां"],"other":["आनी ",{"t":"idOrVar","v":"n"}," वरां"]},"$x":[{"t":"idOrVar","v":"plural"},"n"]},{"$i":"nRemainDays","$v":{"zero":"","one":[{"t":"idOrVar","v":"n"}," दीस"],"two":[{"t":"idOrVar","v":"n"}," दीस"],"few":[{"t":"idOrVar","v":"n"}," दीस"],"many":[{"t":"idOrVar","v":"n"}," दीस"],"other":[{"t":"idOrVar","v":"n"}," दीस"]},"$x":[{"t":"idOrVar","v":"plural"},"n"]},{"$i":"nRemainMinutes","$v":{"zero":"","one":["आनी ",{"t":"idOrVar","v":"n"}," मिनिट"],"two":["आनी ",{"t":"idOrVar","v":"n"}," मिन्टां"],"few":["आनी ",{"t":"idOrVar","v":"n"}," मिन्टां"],"many":["आनी ",{"t":"idOrVar","v":"n"}," मिन्टां"],"other":["आनी ",{"t":"idOrVar","v":"n"}," मिन्टां"]},"$x":[{"t":"idOrVar","v":"plural"},"n"]},{"$i":"nSpinnerSeconds","$v":{"zero":"शुन्य सेकंद","one":"एक सेकंद","two":[{"t":"idOrVar","v":"n"}," सेकंद"],"few":[{"t":"idOrVar","v":"n"}," सेकंद"],"many":[{"t":"idOrVar","v":"n"}," सेकंद"],"other":[{"t":"idOrVar","v":"n"}," सेकंद"]},"$x":[{"t":"idOrVar","v":"plural"},"n"]},{"$i":"nSpinnerMinutes","$v":{"zero":"शुन्य मिन्टां","one":"एक मिनीट","two":[{"t":"idOrVar","v":"n"}," मिनिट्स"],"few":[{"t":"idOrVar","v":"n"}," मिनिट्स"],"many":[{"t":"idOrVar","v":"n"}," मिनिट्स"],"other":[{"t":"idOrVar","v":"n"}," मिनिट्स"]},"$x":[{"t":"idOrVar","v":"plural"},"n"]},{"$i":"nSpinnerHours","$v":{"zero":"शुन्य वरां","one":[{"t":"idOrVar","v":"n"}," वर"],"two":[{"t":"idOrVar","v":"n"}," वरां"],"few":[{"t":"idOrVar","v":"n"}," वरां"],"many":[{"t":"idOrVar","v":"n"}," वरां"],"other":[{"t":"idOrVar","v":"n"}," वरां"]},"$x":[{"t":"idOrVar","v":"plural"},"n"]},{"$i":"tcl-stop","$v":"बंद कर"},{"$i":"tcl-snooze","$v":"स्नूज"},{"$i":"ac_awake_opus","$v":"जागृती"},{"$i":"ac_crystalize_opus","$v":"आकार दिवचो"},{"$i":"ac_cycle_opus","$v":"सायकल"},{"$i":"ac_digicloud_opus","$v":"डीजीक्लावड"},{"$i":"ac_humming_waves_opus","$v":"हमिंग वेव्स"},{"$i":"ac_into_the_void_opus","$v":"वॉय्डांत"},{"$i":"ac_lightly_opus","$v":"विरळ"},{"$i":"ac_mobile_opus","$v":"मोबायल"},{"$i":"ac_pinger_opus","$v":"पिंजर"},{"$i":"ac_skip_opus","$v":"फुडें चलात"},{"$i":"ac_tri_opus","$v":"ट्राय"},{"$i":"ac_universal_opus","$v":"वैश्वीक"},{"$i":"tcl-options","$v":"पर्याय"},{"$i":"tcl-clock-title","$v":"घडयाळ (क्लॉक)"},{"$i":"alarm-title","$v":"अलार्म"},{"$i":"no-alarms-body","$v":"अलार्म लायिल्लो ना. सुरू करूंक नवो अलार्म दामचो"},{"$i":"tcl-new-alarm","$v":"नवो अलार्म"},{"$i":"tcl-settings","$v":"सेटिंग्स"},{"$i":"tcl-cancel","$v":"रद्द करचें"},{"$i":"tcl-save","$v":"सांबाळ"},{"$i":"tcl-turnOn","$v":"चालू करचें"},{"$i":"tcl-turnOff","$v":"बंद करचें"},{"$i":"edit","$v":"संपादन"},{"$i":"select","$v":"वेंच्चें"},{"$i":"tcl-delete","$v":"पुसून उडयात"},{"$i":"tcl-selected-alarm","$v":"वेंचीक अलार्म"},{"$i":"tcl-set","$v":"थारय"},{"$i":"tcl-start","$v":"सुरवात"},{"$i":"tcl-reset","$v":"परत थारय"},{"$i":"tcl-min-plus","$v":"+1 मिनिट"},{"$i":"tcl-resume","$v":"परत सुरू"},{"$i":"tcl-lap","$v":"लॅप"},{"$i":"play","$v":"चालू कर"},{"$i":"tcl-no-repeat","$v":"पुनरावृत्ती ना"},{"$i":"tcl-confirm-title","$v":"खात्री"},{"$i":"tcl-confirm-delete-body","$v":"वेंचीक अलार्म वगळावचो"},{"$i":"tcl-confirm-end-key-body","$v":{"$o":"डेटा हानी वरवीं ऍप्लिकेशन धांपतले. <br><br> तमकां संपादना कडेन परतूंक मानवतलें"}},{"$i":"tcl-confirm-exit-button","$v":"भायर सरात"},{"$i":"tcl-confirm-return-button","$v":"फाटीं यो"}]