[{"$i":"weekday-0-long","$v":"آتھوار"},{"$i":"weekday-1-long","$v":"ژیندوار"},{"$i":"weekday-2-long","$v":"بوموار"},{"$i":"weekday-3-long","$v":"بُدھوار"},{"$i":"weekday-4-long","$v":"بریسوار"},{"$i":"weekday-5-long","$v":"جُمع"},{"$i":"weekday-6-long","$v":"بٹوار"},{"$i":"weekday-0-short","$v":"آتھوار"},{"$i":"weekday-1-short","$v":"ژیندوار"},{"$i":"weekday-2-short","$v":"بوموار"},{"$i":"weekday-3-short","$v":"بُدھوار"},{"$i":"weekday-4-short","$v":"بریسوار"},{"$i":"weekday-5-short","$v":"جُمع"},{"$i":"weekday-6-short","$v":"بٹوار"},{"$i":"month-0-long","$v":"جنوری"},{"$i":"month-1-long","$v":"فروری"},{"$i":"month-2-long","$v":"مارچ"},{"$i":"month-3-long","$v":"اپریل"},{"$i":"month-4-long","$v":"مئی"},{"$i":"month-5-long","$v":"جون"},{"$i":"month-6-long","$v":"جولائی"},{"$i":"month-7-long","$v":"اگست"},{"$i":"month-8-long","$v":"ستمبر"},{"$i":"month-9-long","$v":"اکتومبر"},{"$i":"month-10-long","$v":"نومبر"},{"$i":"month-11-long","$v":"دسمبر"},{"$i":"month-0-genitive","$v":"جنوری"},{"$i":"month-1-genitive","$v":"فروری"},{"$i":"month-2-genitive","$v":"مارچ"},{"$i":"month-3-genitive","$v":"اپریل"},{"$i":"month-4-genitive","$v":"مئی"},{"$i":"month-5-genitive","$v":"جون"},{"$i":"month-6-genitive","$v":"جولائی"},{"$i":"month-7-genitive","$v":"اگست"},{"$i":"month-8-genitive","$v":"ستمبر"},{"$i":"month-9-genitive","$v":"اکتومبر"},{"$i":"month-10-genitive","$v":"نومبر"},{"$i":"month-11-genitive","$v":"دسمبر"},{"$i":"month-0-short","$v":"جنوری"},{"$i":"month-1-short","$v":"فروری"},{"$i":"month-2-short","$v":"مارچ"},{"$i":"month-3-short","$v":"اپریل"},{"$i":"month-4-short","$v":"مئی"},{"$i":"month-5-short","$v":"جون"},{"$i":"month-6-short","$v":"جولائی"},{"$i":"month-7-short","$v":"اگست"},{"$i":"month-8-short","$v":"ستمبر"},{"$i":"month-9-short","$v":"اکتومبر"},{"$i":"month-10-short","$v":"نومبر"},{"$i":"month-11-short","$v":"دسمبر"},{"$i":"minutes-ago-long","$v":{"zero":"صرف وین","one":"اکھ منٹ برونٹھ","two":["منٹ برونٹھ ",{"t":"idOrVar","v":"value"}],"few":["منٹ برونٹھ ",{"t":"idOrVar","v":"value"}],"many":["منٹ برونٹھ ",{"t":"idOrVar","v":"value"}],"other":["منٹ برونٹھ ",{"t":"idOrVar","v":"value"}]},"$x":[{"t":"idOrVar","v":"plural"},"value"]},{"$i":"hours-ago-long","$v":{"zero":"صرف وین","one":"اکھ گھنٹہ برونٹھ","two":["گھنٹہ برونٹھ ",{"t":"idOrVar","v":"value"}],"few":["گھنٹہ برونٹھ ",{"t":"idOrVar","v":"value"}],"many":["گھنٹہ برونٹھ ",{"t":"idOrVar","v":"value"}],"other":["گھنٹہ برونٹھ ",{"t":"idOrVar","v":"value"}]},"$x":[{"t":"idOrVar","v":"plural"},"value"]},{"$i":"days-ago-long","$v":{"zero":"از","one":"راتھ","two":["دوہ برونٹھ ",{"t":"idOrVar","v":"value"}],"few":["دوہ برونٹھ ",{"t":"idOrVar","v":"value"}],"many":["دوہ برونٹھ ",{"t":"idOrVar","v":"value"}],"other":["دوہ برونٹھ ",{"t":"idOrVar","v":"value"}]},"$x":[{"t":"idOrVar","v":"plural"},"value"]},{"$i":"weeks-ago-long","$v":{"zero":"یِہ ہفتہ","one":"پیتِم ہفتہ","two":["ہفتہ برونٹھ ",{"t":"idOrVar","v":"value"}],"few":["ہفتہ برونٹھ ",{"t":"idOrVar","v":"value"}],"many":["ہفتہ برونٹھ ",{"t":"idOrVar","v":"value"}],"other":["ہفتہ برونٹھ ",{"t":"idOrVar","v":"value"}]},"$x":[{"t":"idOrVar","v":"plural"},"value"]},{"$i":"months-ago-long","$v":{"zero":"یِہ ریتھ","one":"پیتِم ریتھ","two":["ریتھ برونٹھ ",{"t":"idOrVar","v":"value"}],"few":["ریتھ برونٹھ ",{"t":"idOrVar","v":"value"}],"many":["ریتھ برونٹھ ",{"t":"idOrVar","v":"value"}],"other":["ریتھ برونٹھ ",{"t":"idOrVar","v":"value"}]},"$x":[{"t":"idOrVar","v":"plural"},"value"]},{"$i":"years-ago-long","$v":{"zero":"یِہ وریح","one":"پیتِم وریح","two":["وریح برونٹھ ",{"t":"idOrVar","v":"value"}],"few":["وریح برونٹھ ",{"t":"idOrVar","v":"value"}],"many":["وریح برونٹھ ",{"t":"idOrVar","v":"value"}],"other":["وریح برونٹھ ",{"t":"idOrVar","v":"value"}]},"$x":[{"t":"idOrVar","v":"plural"},"value"]},{"$i":"minutes-until-long","$v":{"zero":"وین","one":"اکِس منٹس منز","two":["منز ",{"t":"idOrVar","v":"value"}," منٹن"],"few":["منز ",{"t":"idOrVar","v":"value"}," منٹن"],"many":["منز ",{"t":"idOrVar","v":"value"}," منٹن"],"other":["منز ",{"t":"idOrVar","v":"value"}," منٹن"]},"$x":[{"t":"idOrVar","v":"plural"},"value"]},{"$i":"hours-until-long","$v":{"zero":"وین","one":"اکِس گھنٹس منز","two":["منز ",{"t":"idOrVar","v":"value"}," گھنٹن"],"few":["منز ",{"t":"idOrVar","v":"value"}," گھنٹن"],"many":["منز ",{"t":"idOrVar","v":"value"}," گھنٹن"],"other":["منز ",{"t":"idOrVar","v":"value"}," گھنٹن"]},"$x":[{"t":"idOrVar","v":"plural"},"value"]},{"$i":"days-until-long","$v":{"zero":"از","one":"پگاہ","two":["منز ",{"t":"idOrVar","v":"value"}," دوہن"],"few":["منز ",{"t":"idOrVar","v":"value"}," دوہن"],"many":["منز ",{"t":"idOrVar","v":"value"}," دوہن"],"other":["منز ",{"t":"idOrVar","v":"value"}," دوہن"]},"$x":[{"t":"idOrVar","v":"plural"},"value"]},{"$i":"weeks-until-long","$v":{"zero":"یِہ ہفتہ","one":"نو ہفتہ","two":["منز ",{"t":"idOrVar","v":"value"}," ہفتن"],"few":["منز ",{"t":"idOrVar","v":"value"}," ہفتن"],"many":["منز ",{"t":"idOrVar","v":"value"}," ہفتن"],"other":["منز ",{"t":"idOrVar","v":"value"}," ہفتن"]},"$x":[{"t":"idOrVar","v":"plural"},"value"]},{"$i":"months-until-long","$v":{"zero":"یِہ ریتھ","one":"نو ریتھ","two":["منز ",{"t":"idOrVar","v":"value"}," ریتھن"],"few":["منز ",{"t":"idOrVar","v":"value"}," ریتھن"],"many":["منز ",{"t":"idOrVar","v":"value"}," ریتھن"],"other":["منز ",{"t":"idOrVar","v":"value"}," ریتھن"]},"$x":[{"t":"idOrVar","v":"plural"},"value"]},{"$i":"years-until-long","$v":{"zero":"یِہ وریح","one":"نو وریح","two":["منز ",{"t":"idOrVar","v":"value"}," وریہن"],"few":["منز ",{"t":"idOrVar","v":"value"}," وریہن"],"many":["منز ",{"t":"idOrVar","v":"value"}," وریہن"],"other":["منز ",{"t":"idOrVar","v":"value"}," وریہن"]},"$x":[{"t":"idOrVar","v":"plural"},"value"]},{"$i":"minutes-ago-short","$v":{"zero":"صرف وین","other":["برونٹھ m",{"t":"idOrVar","v":"value"}]},"$x":[{"t":"idOrVar","v":"plural"},"value"]},{"$i":"hours-ago-short","$v":{"zero":"صرف وین","other":["برونٹھ h",{"t":"idOrVar","v":"value"}]},"$x":[{"t":"idOrVar","v":"plural"},"value"]},{"$i":"days-ago-short","$v":{"zero":"از","other":["برونٹھ d",{"t":"idOrVar","v":"value"}]},"$x":[{"t":"idOrVar","v":"plural"},"value"]},{"$i":"minutes-until-short","$v":{"zero":"وین","other":["منز ",{"t":"idOrVar","v":"value"},"m"]},"$x":[{"t":"idOrVar","v":"plural"},"value"]},{"$i":"hours-until-short","$v":{"zero":"وین","other":["منز ",{"t":"idOrVar","v":"value"},"h"]},"$x":[{"t":"idOrVar","v":"plural"},"value"]},{"$i":"days-until-short","$v":{"zero":"از","other":["منز ",{"t":"idOrVar","v":"value"},"d"]},"$x":[{"t":"idOrVar","v":"plural"},"value"]},{"$i":"incorrectDate","$v":"﴾غیر درست تٲریخ﴿"},{"$i":"dateTimeFormat_%c","$v":"%a %b %e %Y %I:%M:%S %p"},{"$i":"dateTimeFormat_%x","$v":"%m/%d/%Y"},{"$i":"dateTimeFormat_%X","$v":"%I:%M:%S %p"},{"$i":"shortTimeFormat","$v":"%I:%M %p"},{"$i":"shortTimeFormat12","$v":"%I:%M %p"},{"$i":"shortTimeFormat24","$v":"%H:%M"},{"$i":"shortDateTimeFormat","$v":"%x %I:%M %p"},{"$i":"weekStartsOnMonday","$v":"0"},{"$i":"firstDayOfTheWeek","$v":"0"},{"$i":"time_am","$v":"AM"},{"$i":"time_pm","$v":"PM"},{"$i":"softkey-options","$v":"انتخابات"},{"$i":"reset","$v":"نَے سر تھاو"},{"$i":"start","$v":"شروع"},{"$i":"stop","$v":"رُک"},{"$i":"cancel","$v":"رد کر"},{"$i":"hour","$v":"گھنٹہ"},{"$i":"hours","$v":"گھنٹہ"},{"$i":"minute","$v":"منٹ"},{"$i":"minutes","$v":"منٹ"},{"$i":"second","$v":"سیکنڈ"},{"$i":"alarm","$v":"الارام"},{"$i":"alarm-name","placeholder":"الارام"},{"$i":"timer","$v":"ٹائمر"},{"$i":"stopwatch","$v":"سٹاپ واچ"},{"$i":"alarmName","$v":"الارم ناو"},{"$i":"newAlarm","$v":"نو الارم"},{"$i":"editAlarm","$v":"درست کریو الارام"},{"$i":"tclSettings","$v":"سیٹِنگس"},{"$i":"clock-settings","$v":"کلاک سیٹنگس"},{"$i":"alarms-maximum","$v":"توہ پو زیادِ خوت زیادِ تعداد الارم ہوند"},{"$i":"laps-maximum","$v":"توہ پو زیادِ خوت زیادِ تعداد لیپن ہیند۔"},{"$i":"changes-saved","$v":"بدلاو کر محفوظ"},{"$i":"pause","$v":"تیھر"},{"$i":"resume","$v":"ریزوم"},{"$i":"lap","$v":"وٹھ"},{"$i":"lap-number","$v":[{"t":"idOrVar","v":"n"}," لیپ"]},{"$i":"timer-hour","$v":"گھنٹہ"},{"$i":"timer-min","$v":"منٹ"},{"$i":"timer-sec","$v":"سیکنڈ"},{"$i":"delete","$v":"خٲرج"},{"$i":"time","$v":"وقت"},{"$i":"snooze-label","$v":"سنوز"},{"$i":"snooze-button","$v":"سنوز"},{"$i":"repeat","$v":"دُہراو"},{"$i":"vibrate","$v":"وائبریٹ"},{"$i":"close","$v":"بند"},{"$i":"save","$v":"محفوظ"},{"$i":"done","$v":"مکمل"},{"$i":"tcl-select-time","$v":"چُنیو وقت"},{"$i":"closeButton","ariaLabel":"بند"},{"$i":"newAlarmButton","ariaLabel":"نو الارم"},{"$i":"alarm-volume-label","$v":"سیسٹم الارم حُجم"},{"$i":"tcl-volume","$v":":حُجم"},{"$i":"volume-level-display","$v":[{"t":"idOrVar","v":"n"}," / ",{"t":"idOrVar","v":"c"}]},{"$i":"sound","$v":"آواز"},{"$i":"noSound","$v":"کاہ آواز نِہ"},{"$i":"tcl-ringtones","$v":"رینگ ٹون"},{"$i":"everyday","$v":"پرتھ دوہ"},{"$i":"weekdays","$v":"ہفتہ دوہ"},{"$i":"weekends","$v":"ہفتہ دوہ"},{"$i":"never","$v":"زاہ نِہ"},{"$i":"vibrateOn","$v":"یلِہ"},{"$i":"vibrateOff","$v":"بند"},{"$i":"tcl-on","$v":"یلِہ"},{"$i":"tcl-off","$v":"بند"},{"$i":"plusMinute","$v":"+1 منٹ"},{"$i":"dateFormat","$v":"%A, %b %e"},{"$i":"countdown-lessThanAnHour","$v":["وین پیٹھ ",{"t":"idOrVar","v":"minutes"}," الارم چھِ تھٲویتھ"]},{"$i":"countdown-moreThanAnHour","$v":["وین پیٹھ ",{"t":"idOrVar","v":"minutes"}," ",{"t":"idOrVar","v":"hours"}," الارم چھِ تھٲویتھ"]},{"$i":"countdown-moreThanADay","$v":["وینِہ پیٹھ ",{"t":"idOrVar","v":"hours"}," ",{"t":"idOrVar","v":"days"}," الارم چھِ تھٲویتھ"]},{"$i":"tcl-alarm-off","$v":"الارم آو آف کرنِہ"},{"$i":"tcl-alarm-deleted","$v":"الارم خٲرج"},{"$i":"nMinutes","$v":{"zero":"اکھ منٹ خوت کم","one":"اکھ منٹ","two":["منٹ ",{"t":"idOrVar","v":"n"}],"few":["منٹ ",{"t":"idOrVar","v":"n"}],"many":["منٹ ",{"t":"idOrVar","v":"n"}],"other":["منٹ ",{"t":"idOrVar","v":"n"}]},"$x":[{"t":"idOrVar","v":"plural"},"n"]},{"$i":"nHours","$v":{"zero":"","one":["گھنٹہ ",{"t":"idOrVar","v":"n"}],"two":["گھنٹہ ",{"t":"idOrVar","v":"n"}],"few":["گھنٹہ ",{"t":"idOrVar","v":"n"}],"many":["گھنٹہ ",{"t":"idOrVar","v":"n"}],"other":["گھنٹہ ",{"t":"idOrVar","v":"n"}]},"$x":[{"t":"idOrVar","v":"plural"},"n"]},{"$i":"nAndRemainHours","$v":{"zero":"","one":["گھنٹہ ",{"t":"idOrVar","v":"n"}," تِہ"],"two":["گھنٹہ ",{"t":"idOrVar","v":"n"}," تِہ"],"few":["گھنٹہ ",{"t":"idOrVar","v":"n"}," تِہ"],"many":["گھنٹہ ",{"t":"idOrVar","v":"n"}," تِہ"],"other":["گھنٹہ ",{"t":"idOrVar","v":"n"}," تِہ"]},"$x":[{"t":"idOrVar","v":"plural"},"n"]},{"$i":"nRemainDays","$v":{"zero":"","one":["دوہ ",{"t":"idOrVar","v":"n"}],"two":["دوہ ",{"t":"idOrVar","v":"n"}],"few":["دوہ ",{"t":"idOrVar","v":"n"}],"many":["دوہ ",{"t":"idOrVar","v":"n"}],"other":["دوہ ",{"t":"idOrVar","v":"n"}]},"$x":[{"t":"idOrVar","v":"plural"},"n"]},{"$i":"nRemainMinutes","$v":{"zero":"","one":["منٹ ",{"t":"idOrVar","v":"n"}," تِہ"],"two":["منٹ ",{"t":"idOrVar","v":"n"}," تِہ"],"few":["منٹ ",{"t":"idOrVar","v":"n"}," تِہ"],"many":["منٹ ",{"t":"idOrVar","v":"n"}," تِہ"],"other":["منٹ ",{"t":"idOrVar","v":"n"}," تِہ"]},"$x":[{"t":"idOrVar","v":"plural"},"n"]},{"$i":"nSpinnerSeconds","$v":{"zero":"صفر سیکنڈ","one":"اکھ سیکنڈ","two":["سیکنڈ ",{"t":"idOrVar","v":"n"}],"few":["سیکنڈ ",{"t":"idOrVar","v":"n"}],"many":["سیکنڈ ",{"t":"idOrVar","v":"n"}],"other":["سیکنڈ ",{"t":"idOrVar","v":"n"}]},"$x":[{"t":"idOrVar","v":"plural"},"n"]},{"$i":"nSpinnerMinutes","$v":{"zero":"صفر منٹ","one":"اکھ منٹ","two":["منٹ ",{"t":"idOrVar","v":"n"}],"few":["منٹ ",{"t":"idOrVar","v":"n"}],"many":["منٹ ",{"t":"idOrVar","v":"n"}],"other":["منٹ ",{"t":"idOrVar","v":"n"}]},"$x":[{"t":"idOrVar","v":"plural"},"n"]},{"$i":"nSpinnerHours","$v":{"zero":"صفر گھنٹہ","one":["گھنٹہ ",{"t":"idOrVar","v":"n"}],"two":["گھنٹہ ",{"t":"idOrVar","v":"n"}],"few":["گھنٹہ ",{"t":"idOrVar","v":"n"}],"many":["گھنٹہ ",{"t":"idOrVar","v":"n"}],"other":["گھنٹہ ",{"t":"idOrVar","v":"n"}]},"$x":[{"t":"idOrVar","v":"plural"},"n"]},{"$i":"tcl-stop","$v":"رُک"},{"$i":"tcl-snooze","$v":"سنوز"},{"$i":"ac_awake_opus","$v":"ھوشیار"},{"$i":"ac_crystalize_opus","$v":"بلور بناوُن"},{"$i":"ac_cycle_opus","$v":"سائکل"},{"$i":"ac_digicloud_opus","$v":"ڈجی کلاوڈ"},{"$i":"ac_humming_waves_opus","$v":"ہمنگ ویوِ"},{"$i":"ac_into_the_void_opus","$v":"بٲطل کُن"},{"$i":"ac_lightly_opus","$v":"کم"},{"$i":"ac_mobile_opus","$v":"موبائل"},{"$i":"ac_pinger_opus","$v":"پینگر"},{"$i":"ac_skip_opus","$v":"یلِہ تراو"},{"$i":"ac_tri_opus","$v":"ٹراے"},{"$i":"ac_universal_opus","$v":"عالمی"},{"$i":"tcl-options","$v":"انتخابات"},{"$i":"tcl-clock-title","$v":"گھیٔر"},{"$i":"alarm-title","$v":"الارام"},{"$i":"no-alarms-body","$v":"کاہ الارم چھِ نِہ تھٲویتھ۔ پریس کریو نو الار، شروع کرنِہ خٲطر"},{"$i":"tcl-new-alarm","$v":"نو الارم"},{"$i":"tcl-settings","$v":"سیٹِنگس"},{"$i":"tcl-cancel","$v":"رد کر"},{"$i":"tcl-save","$v":"محفوظ"},{"$i":"tcl-turnOn","$v":"کریو آن"},{"$i":"tcl-turnOff","$v":"کریو آف"},{"$i":"edit","$v":"درست"},{"$i":"select","$v":"چُنیو"},{"$i":"tcl-delete","$v":"خٲرج"},{"$i":"tcl-selected-alarm","$v":"چُننِہ آمُت الارم"},{"$i":"tcl-set","$v":"تھاو"},{"$i":"tcl-start","$v":"شروع"},{"$i":"tcl-reset","$v":"نَے سر تھاو"},{"$i":"tcl-min-plus","$v":"+1 منٹ"},{"$i":"tcl-resume","$v":"ریزوم"},{"$i":"tcl-lap","$v":"وٹھ"},{"$i":"play","$v":"چلاۅ"},{"$i":"tcl-no-repeat","$v":"کاہ دُہراوُن نِہ"},{"$i":"tcl-confirm-title","$v":"تصدیق"},{"$i":"tcl-confirm-delete-body","$v":"خٲرج کریو چُننِہ آمِت الارم"},{"$i":"tcl-confirm-end-key-body","$v":{"$o":"ایپلکیشن یی بند کرنِہ تِہ ڈیٹا راے۔ توہ کروا پسنی واپس درستگی پیٹھ گژھُن <br><br>"}},{"$i":"tcl-confirm-exit-button","$v":"بند"},{"$i":"tcl-confirm-return-button","$v":"واپس"}]