[{"$i":"weekday-0-long","$v":"रवि"},{"$i":"weekday-1-long","$v":"सोम दिन"},{"$i":"weekday-2-long","$v":"मंगल दिन"},{"$i":"weekday-3-long","$v":"बुध दिन"},{"$i":"weekday-4-long","$v":"वृहस्‍पति दिन"},{"$i":"weekday-5-long","$v":"शुक्र दिन"},{"$i":"weekday-6-long","$v":"शनि दिन"},{"$i":"weekday-0-short","$v":"सुन"},{"$i":"weekday-1-short","$v":"मन"},{"$i":"weekday-2-short","$v":"ट्यू"},{"$i":"weekday-3-short","$v":"वेद"},{"$i":"weekday-4-short","$v":"थू"},{"$i":"weekday-5-short","$v":"फ्राइडे"},{"$i":"weekday-6-short","$v":"सैट"},{"$i":"month-0-long","$v":"जनुअरी"},{"$i":"month-1-long","$v":"फेब्रुअरी"},{"$i":"month-2-long","$v":"मार्च"},{"$i":"month-3-long","$v":"अप्रैल"},{"$i":"month-4-long","$v":"मई"},{"$i":"month-5-long","$v":"जून"},{"$i":"month-6-long","$v":"जुलाई"},{"$i":"month-7-long","$v":"अगस्त"},{"$i":"month-8-long","$v":"सितम्बर"},{"$i":"month-9-long","$v":"अक्टूबर"},{"$i":"month-10-long","$v":"नवम्बर"},{"$i":"month-11-long","$v":"दिसम्बर"},{"$i":"month-0-genitive","$v":"जनुअरी"},{"$i":"month-1-genitive","$v":"फेब्रुअरी"},{"$i":"month-2-genitive","$v":"मार्च"},{"$i":"month-3-genitive","$v":"अप्रैल"},{"$i":"month-4-genitive","$v":"मई"},{"$i":"month-5-genitive","$v":"जून"},{"$i":"month-6-genitive","$v":"जुलाई"},{"$i":"month-7-genitive","$v":"अगस्त"},{"$i":"month-8-genitive","$v":"सितम्बर"},{"$i":"month-9-genitive","$v":"अक्टूबर"},{"$i":"month-10-genitive","$v":"नवम्बर"},{"$i":"month-11-genitive","$v":"दिसम्बर"},{"$i":"month-0-short","$v":"जन"},{"$i":"month-1-short","$v":"फेब्रुअरी"},{"$i":"month-2-short","$v":"मर"},{"$i":"month-3-short","$v":"एप्र"},{"$i":"month-4-short","$v":"मई"},{"$i":"month-5-short","$v":"जून"},{"$i":"month-6-short","$v":"जुल"},{"$i":"month-7-short","$v":"औग"},{"$i":"month-8-short","$v":"सेप"},{"$i":"month-9-short","$v":"ओक्ट"},{"$i":"month-10-short","$v":"नोव"},{"$i":"month-11-short","$v":"दिसम्बर"},{"$i":"minutes-ago-long","$v":{"zero":"एखन तुरंत","one":"एक मिनट पहिने","two":[{"t":"idOrVar","v":"value"}," मिनट पहिने"],"few":[{"t":"idOrVar","v":"value"}," मिनट पहिने"],"many":[{"t":"idOrVar","v":"value"}," मिनट पहिने"],"other":[{"t":"idOrVar","v":"value"}," मिनट पहिने"]},"$x":[{"t":"idOrVar","v":"plural"},"value"]},{"$i":"hours-ago-long","$v":{"zero":"एखन तुरंत","one":"एक घंटा पहिने","two":[{"t":"idOrVar","v":"value"}," घंटा पहिने"],"few":[{"t":"idOrVar","v":"value"}," घंटा पहिने"],"many":[{"t":"idOrVar","v":"value"}," घंटा पहिने"],"other":[{"t":"idOrVar","v":"value"}," घंटा पहिने"]},"$x":[{"t":"idOrVar","v":"plural"},"value"]},{"$i":"days-ago-long","$v":{"zero":"आई","one":"काल्हि","two":[{"t":"idOrVar","v":"value"}," दिन पहिने"],"few":[{"t":"idOrVar","v":"value"}," दिन पहिने"],"many":[{"t":"idOrVar","v":"value"}," दिन पहिने"],"other":[{"t":"idOrVar","v":"value"}," दिन पहिने"]},"$x":[{"t":"idOrVar","v":"plural"},"value"]},{"$i":"weeks-ago-long","$v":{"zero":"इ हफ्ता","one":"पिछला हफ्ता","two":[{"t":"idOrVar","v":"value"}," हफ्ता पहिने"],"few":[{"t":"idOrVar","v":"value"}," हफ्ता पहिने"],"many":[{"t":"idOrVar","v":"value"}," हफ्ता पहिने"],"other":[{"t":"idOrVar","v":"value"}," हफ्ता पहिने"]},"$x":[{"t":"idOrVar","v":"plural"},"value"]},{"$i":"months-ago-long","$v":{"zero":"इ महिना","one":"पिछला महिना","two":[{"t":"idOrVar","v":"value"}," मास बाद"],"few":[{"t":"idOrVar","v":"value"}," मास बाद"],"many":[{"t":"idOrVar","v":"value"}," मास बाद"],"other":[{"t":"idOrVar","v":"value"}," मास बाद"]},"$x":[{"t":"idOrVar","v":"plural"},"value"]},{"$i":"years-ago-long","$v":{"zero":"इ साल","one":"पिछला साल","two":[{"t":"idOrVar","v":"value"}," साल पहिने"],"few":[{"t":"idOrVar","v":"value"}," साल पहिने"],"many":[{"t":"idOrVar","v":"value"}," साल पहिने"],"other":[{"t":"idOrVar","v":"value"}," साल पहिने"]},"$x":[{"t":"idOrVar","v":"plural"},"value"]},{"$i":"minutes-until-long","$v":{"zero":"एखन","one":"एक मिनट में","two":[{"t":"idOrVar","v":"value"}," मिनट में"],"few":[{"t":"idOrVar","v":"value"}," मिनट में"],"many":[{"t":"idOrVar","v":"value"}," मिनट में"],"other":[{"t":"idOrVar","v":"value"}," मिनट में"]},"$x":[{"t":"idOrVar","v":"plural"},"value"]},{"$i":"hours-until-long","$v":{"zero":"एखन","one":"एक घंटा में","two":[{"t":"idOrVar","v":"value"}," घंटा में"],"few":[{"t":"idOrVar","v":"value"}," घंटा में"],"many":[{"t":"idOrVar","v":"value"}," घंटा में"],"other":[{"t":"idOrVar","v":"value"}," घंटा में"]},"$x":[{"t":"idOrVar","v":"plural"},"value"]},{"$i":"days-until-long","$v":{"zero":"आई","one":"काल्हि","two":[{"t":"idOrVar","v":"value"}," दिन में"],"few":[{"t":"idOrVar","v":"value"}," दिन में"],"many":[{"t":"idOrVar","v":"value"}," दिन में"],"other":[{"t":"idOrVar","v":"value"}," दिन में"]},"$x":[{"t":"idOrVar","v":"plural"},"value"]},{"$i":"weeks-until-long","$v":{"zero":"इ हफ्ता","one":"आगु क सप्‍ताह","two":[{"t":"idOrVar","v":"value"}," हफ्ता में"],"few":[{"t":"idOrVar","v":"value"}," हफ्ता में"],"many":[{"t":"idOrVar","v":"value"}," हफ्ता में"],"other":[{"t":"idOrVar","v":"value"}," हफ्ता में"]},"$x":[{"t":"idOrVar","v":"plural"},"value"]},{"$i":"months-until-long","$v":{"zero":"इ महिना","one":"अगला महिना","two":[{"t":"idOrVar","v":"value"}," मास मे"],"few":[{"t":"idOrVar","v":"value"}," मास मे"],"many":[{"t":"idOrVar","v":"value"}," मास मे"],"other":[{"t":"idOrVar","v":"value"}," मास मे"]},"$x":[{"t":"idOrVar","v":"plural"},"value"]},{"$i":"years-until-long","$v":{"zero":"इ साल","one":"अगला साल","two":[{"t":"idOrVar","v":"value"}," साल मे"],"few":[{"t":"idOrVar","v":"value"}," साल मे"],"many":[{"t":"idOrVar","v":"value"}," साल मे"],"other":[{"t":"idOrVar","v":"value"}," साल मे"]},"$x":[{"t":"idOrVar","v":"plural"},"value"]},{"$i":"minutes-ago-short","$v":{"zero":"एखन तुरंत","other":[{"t":"idOrVar","v":"value"}," म पहिने"]},"$x":[{"t":"idOrVar","v":"plural"},"value"]},{"$i":"hours-ago-short","$v":{"zero":"एखन तुरंत","other":[{"t":"idOrVar","v":"value"}," h पहिने"]},"$x":[{"t":"idOrVar","v":"plural"},"value"]},{"$i":"days-ago-short","$v":{"zero":"आई","other":[{"t":"idOrVar","v":"value"},"d पहिने"]},"$x":[{"t":"idOrVar","v":"plural"},"value"]},{"$i":"minutes-until-short","$v":{"zero":"एखन","other":[{"t":"idOrVar","v":"value"}," m"]},"$x":[{"t":"idOrVar","v":"plural"},"value"]},{"$i":"hours-until-short","$v":{"zero":"एखन","other":[{"t":"idOrVar","v":"value"},"h"]},"$x":[{"t":"idOrVar","v":"plural"},"value"]},{"$i":"days-until-short","$v":{"zero":"आई","other":[{"t":"idOrVar","v":"value"}," d"]},"$x":[{"t":"idOrVar","v":"plural"},"value"]},{"$i":"incorrectDate","$v":"( गलत तारीख)"},{"$i":"dateTimeFormat_%c","$v":"%a %b %e %Y %I:%M:%S %p"},{"$i":"dateTimeFormat_%x","$v":"%m/%d/%Y"},{"$i":"dateTimeFormat_%X","$v":"%I:%M:%S %p"},{"$i":"shortTimeFormat","$v":"%I:%M %p"},{"$i":"shortTimeFormat12","$v":"%I:%M %p"},{"$i":"shortTimeFormat24","$v":"%H:%M"},{"$i":"shortDateTimeFormat","$v":"%x %I:%M %p"},{"$i":"weekStartsOnMonday","$v":"0"},{"$i":"firstDayOfTheWeek","$v":"0"},{"$i":"time_am","$v":"AM"},{"$i":"time_pm","$v":"PM"},{"$i":"softkey-options","$v":"विकल्प"},{"$i":"reset","$v":"रिसेट"},{"$i":"start","$v":"चालू"},{"$i":"stop","$v":"रूकू"},{"$i":"cancel","$v":"रद्द करू"},{"$i":"hour","$v":"घंटा"},{"$i":"hours","$v":"घंटे"},{"$i":"minute","$v":"मिनट"},{"$i":"minutes","$v":"मिनट्स"},{"$i":"second","$v":"सेकंड"},{"$i":"alarm","$v":"अलार्म"},{"$i":"alarm-name","placeholder":"अलार्म"},{"$i":"timer","$v":"टाइमर"},{"$i":"stopwatch","$v":"स्‍टॉपवाच"},{"$i":"alarmName","$v":"अलार्म केर नाम"},{"$i":"newAlarm","$v":"नया अलार्म"},{"$i":"editAlarm","$v":"अलार्म संपादन"},{"$i":"tclSettings","$v":"सेटिंग्स"},{"$i":"clock-settings","$v":"क्लॉक सेटिंग्स"},{"$i":"alarms-maximum","$v":"अहां अलार्म के अधिकतर नम्बर पा पहुँच गेल छिये."},{"$i":"laps-maximum","$v":"अहां लैप के अधिकतर नम्बर पा पहुँच गेल छिये."},{"$i":"changes-saved","$v":"बदलाव संग्रक्षित."},{"$i":"pause","$v":"पॉज"},{"$i":"resume","$v":"रेज़्यूमे"},{"$i":"lap","$v":"लैप"},{"$i":"lap-number","$v":["लैप",{"t":"idOrVar","v":"n"}]},{"$i":"timer-hour","$v":"घंटा"},{"$i":"timer-min","$v":"मिनट"},{"$i":"timer-sec","$v":"सेकंड"},{"$i":"delete","$v":"मिटाउ"},{"$i":"time","$v":"समय"},{"$i":"snooze-label","$v":"स्‍नूज"},{"$i":"snooze-button","$v":"स्‍नूज"},{"$i":"repeat","$v":"दोहराव"},{"$i":"vibrate","$v":"कंपन"},{"$i":"close","$v":"बंद"},{"$i":"save","$v":"सेव"},{"$i":"done","$v":"भ गेल"},{"$i":"tcl-select-time","$v":"टाइम चयनित करू"},{"$i":"closeButton","ariaLabel":"बंद"},{"$i":"newAlarmButton","ariaLabel":"नया अलार्म"},{"$i":"alarm-volume-label","$v":"सिस्टम अलार्म वॉल्यूम"},{"$i":"tcl-volume","$v":"ध्वनि:"},{"$i":"volume-level-display","$v":[{"t":"idOrVar","v":"n"}," / ",{"t":"idOrVar","v":"c"}]},{"$i":"sound","$v":"साउण्‍ड"},{"$i":"noSound","$v":"ध्‍वनि नहि"},{"$i":"tcl-ringtones","$v":"रिंगटोन्‍स"},{"$i":"everyday","$v":"प्रत्‍येक दिन"},{"$i":"weekdays","$v":"सप्‍ताह के दिन"},{"$i":"weekends","$v":"सप्‍ताहांत"},{"$i":"never","$v":"कखनो नाहिं"},{"$i":"vibrateOn","$v":"ऑन"},{"$i":"vibrateOff","$v":"ऑफ"},{"$i":"tcl-on","$v":"ऑन"},{"$i":"tcl-off","$v":"ऑफ"},{"$i":"plusMinute","$v":"+1 मिनिट"},{"$i":"dateFormat","$v":"%A, %B %e"},{"$i":"countdown-lessThanAnHour","$v":["अलार्म एखन से ",{"t":"idOrVar","v":"minutes"}," बाद लेल सेट छै."]},{"$i":"countdown-moreThanAnHour","$v":["अलार्म एखन से ",{"t":"idOrVar","v":"hours"}," ",{"t":"idOrVar","v":"minutes"}," बाद लेल सेट छै."]},{"$i":"countdown-moreThanADay","$v":["अलार्म एखन से ",{"t":"idOrVar","v":"days"}," ",{"t":"idOrVar","v":"hours"}," बाद लेल सेट छै."]},{"$i":"tcl-alarm-off","$v":"अलार्म बंद कैल गेल"},{"$i":"tcl-alarm-deleted","$v":"अलार्म डेलीटेड"},{"$i":"nMinutes","$v":{"zero":"एक मिनट से कम","one":"एक मिनट","two":[{"t":"idOrVar","v":"n"},"मिनट"],"few":[{"t":"idOrVar","v":"n"},"मिनट"],"many":[{"t":"idOrVar","v":"n"},"मिनट"],"other":[{"t":"idOrVar","v":"n"},"मिनट"]},"$x":[{"t":"idOrVar","v":"plural"},"n"]},{"$i":"nHours","$v":{"zero":"","one":[{"t":"idOrVar","v":"n"}," घंटा"],"two":[{"t":"idOrVar","v":"n"}," घंटा"],"few":[{"t":"idOrVar","v":"n"}," घंटा"],"many":[{"t":"idOrVar","v":"n"}," घंटा"],"other":[{"t":"idOrVar","v":"n"}," घंटा"]},"$x":[{"t":"idOrVar","v":"plural"},"n"]},{"$i":"nAndRemainHours","$v":{"zero":"","one":["और ",{"t":"idOrVar","v":"n"}," घंटा"],"two":["और ",{"t":"idOrVar","v":"n"}," घंटा"],"few":["और ",{"t":"idOrVar","v":"n"}," घंटा"],"many":["और ",{"t":"idOrVar","v":"n"}," घंटा"],"other":["और ",{"t":"idOrVar","v":"n"}," घंटा"]},"$x":[{"t":"idOrVar","v":"plural"},"n"]},{"$i":"nRemainDays","$v":{"zero":"","one":[{"t":"idOrVar","v":"n"}," दिन"],"two":[{"t":"idOrVar","v":"n"}," दिन"],"few":[{"t":"idOrVar","v":"n"}," दिन"],"many":[{"t":"idOrVar","v":"n"}," दिन"],"other":[{"t":"idOrVar","v":"n"}," दिन"]},"$x":[{"t":"idOrVar","v":"plural"},"n"]},{"$i":"nRemainMinutes","$v":{"zero":"","one":["और ",{"t":"idOrVar","v":"n"}," मिनट"],"two":["और ",{"t":"idOrVar","v":"n"}," मिनट"],"few":["और ",{"t":"idOrVar","v":"n"}," मिनट"],"many":["और ",{"t":"idOrVar","v":"n"}," मिनट"],"other":["और ",{"t":"idOrVar","v":"n"}," मिनट"]},"$x":[{"t":"idOrVar","v":"plural"},"n"]},{"$i":"nSpinnerSeconds","$v":{"zero":"जीरो सेकेंड्स","one":"एक सेकंड","two":[{"t":"idOrVar","v":"n"}," सेकंड"],"few":[{"t":"idOrVar","v":"n"}," सेकंड"],"many":[{"t":"idOrVar","v":"n"}," सेकंड"],"other":[{"t":"idOrVar","v":"n"}," सेकंड"]},"$x":[{"t":"idOrVar","v":"plural"},"n"]},{"$i":"nSpinnerMinutes","$v":{"zero":"जीरो मिनिट्स","one":"एक मिनट","two":[{"t":"idOrVar","v":"n"},"मिनट"],"few":[{"t":"idOrVar","v":"n"},"मिनट"],"many":[{"t":"idOrVar","v":"n"},"मिनट"],"other":[{"t":"idOrVar","v":"n"},"मिनट"]},"$x":[{"t":"idOrVar","v":"plural"},"n"]},{"$i":"nSpinnerHours","$v":{"zero":"जीरो आवर्स","one":[{"t":"idOrVar","v":"n"}," घंटा"],"two":[{"t":"idOrVar","v":"n"}," घंटा"],"few":[{"t":"idOrVar","v":"n"}," घंटा"],"many":[{"t":"idOrVar","v":"n"}," घंटा"],"other":[{"t":"idOrVar","v":"n"}," घंटा"]},"$x":[{"t":"idOrVar","v":"plural"},"n"]},{"$i":"tcl-stop","$v":"रूकू"},{"$i":"tcl-snooze","$v":"स्‍नूज"},{"$i":"ac_awake_opus","$v":"जागल छे"},{"$i":"ac_crystalize_opus","$v":"क्रिस्टलाइज़"},{"$i":"ac_cycle_opus","$v":"साइकिल"},{"$i":"ac_digicloud_opus","$v":"डीजी क्लाउड"},{"$i":"ac_humming_waves_opus","$v":"हुम्मिन्ग वेव्स"},{"$i":"ac_into_the_void_opus","$v":"इनटू द वोयड"},{"$i":"ac_lightly_opus","$v":"हलके से"},{"$i":"ac_mobile_opus","$v":"मोबाइल"},{"$i":"ac_pinger_opus","$v":"पिंगर"},{"$i":"ac_skip_opus","$v":"स्‍कीप"},{"$i":"ac_tri_opus","$v":"त्रि"},{"$i":"ac_universal_opus","$v":"यूनिवर्सल"},{"$i":"tcl-options","$v":"विकल्प"},{"$i":"tcl-clock-title","$v":"घड़ी"},{"$i":"alarm-title","$v":"अलार्म"},{"$i":"no-alarms-body","$v":"कोनो अलार्म सेट नहि अछि. शुरू करबाक लेल नवका अलार्म प्रेस करू."},{"$i":"tcl-new-alarm","$v":"नया अलार्म"},{"$i":"tcl-settings","$v":"सेटिंग्स"},{"$i":"tcl-cancel","$v":"रद्द करू"},{"$i":"tcl-save","$v":"सेव"},{"$i":"tcl-turnOn","$v":"टर्न ऑन"},{"$i":"tcl-turnOff","$v":"टर्न ऑफ"},{"$i":"edit","$v":"संपादन"},{"$i":"select","$v":"सलेक्‍ट करू"},{"$i":"tcl-delete","$v":"मिटाउ"},{"$i":"tcl-selected-alarm","$v":"चयनित अलार्म"},{"$i":"tcl-set","$v":"सेट"},{"$i":"tcl-start","$v":"चालू"},{"$i":"tcl-reset","$v":"रिसेट"},{"$i":"tcl-min-plus","$v":"+1 मिनिट"},{"$i":"tcl-resume","$v":"रेज़्यूमे"},{"$i":"tcl-lap","$v":"लैप"},{"$i":"play","$v":"प्‍ले"},{"$i":"tcl-no-repeat","$v":"नो रिपीट"},{"$i":"tcl-confirm-title","$v":"कन्फर्मेशन"},{"$i":"tcl-confirm-delete-body","$v":"चयनित अलार्म डिलीट करू?"},{"$i":"tcl-confirm-end-key-body","$v":{"$o":"डाटा लॉस सने एप्प बंद भ जेत्तई. <br><br> आहां एडिटिंग में वापस जै चाहै छियै?"}},{"$i":"tcl-confirm-exit-button","$v":"बाहर जाउ"},{"$i":"tcl-confirm-return-button","$v":"वापसी"}]