[{"$i":"weekday-0-long","$v":"ഞായറാഴ്ച"},{"$i":"weekday-1-long","$v":"തിങ്കളാഴ്ച"},{"$i":"weekday-2-long","$v":"ചൊവ്വാഴ്ച"},{"$i":"weekday-3-long","$v":"ബുധനാഴ്ച"},{"$i":"weekday-4-long","$v":"വ്യാഴാഴ്ച"},{"$i":"weekday-5-long","$v":"വെള്ളിയാഴ്ച"},{"$i":"weekday-6-long","$v":"ശനിയാഴ്ച"},{"$i":"weekday-0-short","$v":"ഞായർ"},{"$i":"weekday-1-short","$v":"തിങ്കൾ"},{"$i":"weekday-2-short","$v":"ചൊവ്വ"},{"$i":"weekday-3-short","$v":"ബുധൻ"},{"$i":"weekday-4-short","$v":"വ്യാഴം"},{"$i":"weekday-5-short","$v":"വെള്ളി"},{"$i":"weekday-6-short","$v":"ശനി"},{"$i":"month-0-long","$v":"ജനുവരി"},{"$i":"month-1-long","$v":"ഫെബ്രുവരി"},{"$i":"month-2-long","$v":"മാർച്ച്"},{"$i":"month-3-long","$v":"ഏപ്രിൽ"},{"$i":"month-4-long","$v":"മെയ്"},{"$i":"month-5-long","$v":"ജൂൺ"},{"$i":"month-6-long","$v":"ജൂലൈ"},{"$i":"month-7-long","$v":"ആഗസ്റ്റ്"},{"$i":"month-8-long","$v":"സെപ്റ്റംബർ"},{"$i":"month-9-long","$v":"ഒക്ടോബർ"},{"$i":"month-10-long","$v":"നവംബർ"},{"$i":"month-11-long","$v":"ഡിസംബർ"},{"$i":"month-0-genitive","$v":"ജനുവരി"},{"$i":"month-1-genitive","$v":"ഫെബ്രുവരി"},{"$i":"month-2-genitive","$v":"മാർച്ച്"},{"$i":"month-3-genitive","$v":"ഏപ്രിൽ"},{"$i":"month-4-genitive","$v":"മെയ്"},{"$i":"month-5-genitive","$v":"ജൂൺ"},{"$i":"month-6-genitive","$v":"ജൂലൈ"},{"$i":"month-7-genitive","$v":"ആഗസ്റ്റ്"},{"$i":"month-8-genitive","$v":"സെപ്റ്റംബർ"},{"$i":"month-9-genitive","$v":"ഒക്ടോബർ"},{"$i":"month-10-genitive","$v":"നവംബർ"},{"$i":"month-11-genitive","$v":"ഡിസംബർ"},{"$i":"month-0-short","$v":"ജനുവരി"},{"$i":"month-1-short","$v":"ഫെബ്രുവരി"},{"$i":"month-2-short","$v":"മാർച്ച്"},{"$i":"month-3-short","$v":"ഏപ്രിൽ"},{"$i":"month-4-short","$v":"മെയ്"},{"$i":"month-5-short","$v":"ജൂൺ"},{"$i":"month-6-short","$v":"ജൂലൈ"},{"$i":"month-7-short","$v":"ആഗസ്റ്റ്"},{"$i":"month-8-short","$v":"സെപ്റ്റംബർ"},{"$i":"month-9-short","$v":"ഒക്ടോബർ"},{"$i":"month-10-short","$v":"നവംബർ"},{"$i":"month-11-short","$v":"ഡിസംബർ"},{"$i":"minutes-ago-long","$v":{"zero":"ഇപ്പോൾ തന്നെ","one":"ഒരു മിനിറ്റ് മുമ്പ്","two":[{"t":"idOrVar","v":"value"}," മിനിറ്റുകൾക്ക് മുമ്പ്"],"few":[{"t":"idOrVar","v":"value"}," മിനിറ്റുകൾക്ക് മുമ്പ്"],"many":[{"t":"idOrVar","v":"value"}," മിനിറ്റുകൾക്ക് മുമ്പ്"],"other":[{"t":"idOrVar","v":"value"}," മിനിറ്റുകൾക്ക് മുമ്പ്"]},"$x":[{"t":"idOrVar","v":"plural"},"value"]},{"$i":"hours-ago-long","$v":{"zero":"ഇപ്പോൾ തന്നെ","one":"ഒരു മണിക്കൂർ മുമ്പ്","two":[{"t":"idOrVar","v":"value"}," മണിക്കൂറുകൾക്ക് മുമ്പ്"],"few":[{"t":"idOrVar","v":"value"}," മണിക്കൂറുകൾക്ക് മുമ്പ്"],"many":[{"t":"idOrVar","v":"value"}," മണിക്കൂറുകൾക്ക് മുമ്പ്"],"other":[{"t":"idOrVar","v":"value"}," മണിക്കൂറുകൾക്ക് മുമ്പ്"]},"$x":[{"t":"idOrVar","v":"plural"},"value"]},{"$i":"days-ago-long","$v":{"zero":"ഇന്ന്","one":"ഇന്നലെ","two":[{"t":"idOrVar","v":"value"}," ദിവസങ്ങൾക്ക് മുമ്പ്"],"few":[{"t":"idOrVar","v":"value"}," ദിവസങ്ങൾക്ക് മുമ്പ്"],"many":[{"t":"idOrVar","v":"value"}," ദിവസങ്ങൾക്ക് മുമ്പ്"],"other":[{"t":"idOrVar","v":"value"}," ദിവസങ്ങൾക്ക് മുമ്പ്"]},"$x":[{"t":"idOrVar","v":"plural"},"value"]},{"$i":"weeks-ago-long","$v":{"zero":"ഈ ആഴ്ച","one":"കഴിഞ്ഞ ആഴ്ച","two":[{"t":"idOrVar","v":"value"}," ആഴ്ചകൾക്ക് മുമ്പ്"],"few":[{"t":"idOrVar","v":"value"}," ആഴ്ചകൾക്ക് മുമ്പ്"],"many":[{"t":"idOrVar","v":"value"}," ആഴ്ചകൾക്ക് മുമ്പ്"],"other":[{"t":"idOrVar","v":"value"}," ആഴ്ചകൾക്ക് മുമ്പ്"]},"$x":[{"t":"idOrVar","v":"plural"},"value"]},{"$i":"months-ago-long","$v":{"zero":"ഈ മാസം","one":"കഴിഞ്ഞ മാസം","two":[{"t":"idOrVar","v":"value"}," മാസങ്ങൾക്ക് മുമ്പ്"],"few":[{"t":"idOrVar","v":"value"}," മാസങ്ങൾക്ക് മുമ്പ്"],"many":[{"t":"idOrVar","v":"value"}," മാസങ്ങൾക്ക് മുമ്പ്"],"other":[{"t":"idOrVar","v":"value"}," മാസങ്ങൾക്ക് മുമ്പ്"]},"$x":[{"t":"idOrVar","v":"plural"},"value"]},{"$i":"years-ago-long","$v":{"zero":"ഈ വർഷം","one":"കഴിഞ്ഞ വർഷം","two":[{"t":"idOrVar","v":"value"}," വർഷങ്ങൾക്ക് മുമ്പ്"],"few":[{"t":"idOrVar","v":"value"}," വർഷങ്ങൾക്ക് മുമ്പ്"],"many":[{"t":"idOrVar","v":"value"}," വർഷങ്ങൾക്ക് മുമ്പ്"],"other":[{"t":"idOrVar","v":"value"}," വർഷങ്ങൾക്ക് മുമ്പ്"]},"$x":[{"t":"idOrVar","v":"plural"},"value"]},{"$i":"minutes-until-long","$v":{"zero":"ഇപ്പോൾ","one":"ഒരു മിനിറ്റിൽ","two":[{"t":"idOrVar","v":"value"}," മിനിറ്റുകളിൽ"],"few":[{"t":"idOrVar","v":"value"}," മിനിറ്റുകളിൽ"],"many":[{"t":"idOrVar","v":"value"}," മിനിറ്റുകളിൽ"],"other":[{"t":"idOrVar","v":"value"}," മിനിറ്റുകളിൽ"]},"$x":[{"t":"idOrVar","v":"plural"},"value"]},{"$i":"hours-until-long","$v":{"zero":"ഇപ്പോൾ","one":"ഒരു മണിക്കൂറിൽ","two":[{"t":"idOrVar","v":"value"}," മണിക്കൂറുകളിൽ"],"few":[{"t":"idOrVar","v":"value"}," മണിക്കൂറുകളിൽ"],"many":[{"t":"idOrVar","v":"value"}," മണിക്കൂറുകളിൽ"],"other":[{"t":"idOrVar","v":"value"}," മണിക്കൂറുകളിൽ"]},"$x":[{"t":"idOrVar","v":"plural"},"value"]},{"$i":"days-until-long","$v":{"zero":"ഇന്ന്","one":"നാളെ","two":[{"t":"idOrVar","v":"value"}," ദിവസങ്ങളിൽ"],"few":[{"t":"idOrVar","v":"value"}," ദിവസങ്ങളിൽ"],"many":[{"t":"idOrVar","v":"value"}," ദിവസങ്ങളിൽ"],"other":[{"t":"idOrVar","v":"value"}," ദിവസങ്ങളിൽ"]},"$x":[{"t":"idOrVar","v":"plural"},"value"]},{"$i":"weeks-until-long","$v":{"zero":"ഈ ആഴ്ച","one":"അടുത്ത ആഴ്ച","two":[{"t":"idOrVar","v":"value"}," ആഴ്ചകളിൽ"],"few":[{"t":"idOrVar","v":"value"}," ആഴ്ചകളിൽ"],"many":[{"t":"idOrVar","v":"value"}," ആഴ്ചകളിൽ"],"other":[{"t":"idOrVar","v":"value"}," ആഴ്ചകളിൽ"]},"$x":[{"t":"idOrVar","v":"plural"},"value"]},{"$i":"months-until-long","$v":{"zero":"ഈ മാസം","one":"അടുത്ത മാസം","two":[{"t":"idOrVar","v":"value"}," മാസങ്ങളിൽ"],"few":[{"t":"idOrVar","v":"value"}," മാസങ്ങളിൽ"],"many":[{"t":"idOrVar","v":"value"}," മാസങ്ങളിൽ"],"other":[{"t":"idOrVar","v":"value"}," മാസങ്ങളിൽ"]},"$x":[{"t":"idOrVar","v":"plural"},"value"]},{"$i":"years-until-long","$v":{"zero":"ഈ വർഷം","one":"അടുത്ത വർഷം","two":[{"t":"idOrVar","v":"value"}," വർഷങ്ങളിൽ"],"few":[{"t":"idOrVar","v":"value"}," വർഷങ്ങളിൽ"],"many":[{"t":"idOrVar","v":"value"}," വർഷങ്ങളിൽ"],"other":[{"t":"idOrVar","v":"value"}," വർഷങ്ങളിൽ"]},"$x":[{"t":"idOrVar","v":"plural"},"value"]},{"$i":"minutes-ago-short","$v":{"zero":"ഇപ്പോൾ തന്നെ","other":[{"t":"idOrVar","v":"value"}," മിനിറ്റ്  മുമ്പ്"]},"$x":[{"t":"idOrVar","v":"plural"},"value"]},{"$i":"hours-ago-short","$v":{"zero":"ഇപ്പോൾ തന്നെ","other":[{"t":"idOrVar","v":"value"}," മണിക്കൂറുകള്‍ക്ക്  മുമ്പ്"]},"$x":[{"t":"idOrVar","v":"plural"},"value"]},{"$i":"days-ago-short","$v":{"zero":"ഇന്ന്","other":[{"t":"idOrVar","v":"value"}," ദിവസങ്ങള്‍ക്ക്  മുമ്പ്"]},"$x":[{"t":"idOrVar","v":"plural"},"value"]},{"$i":"minutes-until-short","$v":{"zero":"ഇപ്പോൾ","other":[{"t":"idOrVar","v":"value"},"മിനിറ്റില്‍"]},"$x":[{"t":"idOrVar","v":"plural"},"value"]},{"$i":"hours-until-short","$v":{"zero":"ഇപ്പോൾ","other":[{"t":"idOrVar","v":"value"},"മണിക്കൂറില്‍"]},"$x":[{"t":"idOrVar","v":"plural"},"value"]},{"$i":"days-until-short","$v":{"zero":"ഇന്ന്","other":[{"t":"idOrVar","v":"value"},"ദിവസത്തില്‍"]},"$x":[{"t":"idOrVar","v":"plural"},"value"]},{"$i":"incorrectDate","$v":"(തെറ്റായ തീയ്യതി)"},{"$i":"dateTimeFormat_%c","$v":"%a %b %e %Y %I:%M:%S %p"},{"$i":"dateTimeFormat_%x","$v":"%m/%d/%Y"},{"$i":"dateTimeFormat_%X","$v":"%I:%M:%S %p"},{"$i":"shortTimeFormat","$v":"%I:%M %p"},{"$i":"shortTimeFormat12","$v":"%I:%M %p"},{"$i":"shortTimeFormat24","$v":"%H:%M"},{"$i":"shortDateTimeFormat","$v":"%x %I:%M %p"},{"$i":"weekStartsOnMonday","$v":"0"},{"$i":"firstDayOfTheWeek","$v":"0"},{"$i":"time_am","$v":"AM"},{"$i":"time_pm","$v":"PM"},{"$i":"softkey-options","$v":"ഓപ്ഷന്‍"},{"$i":"reset","$v":"റീസെറ്റ് ചെയ്യുക"},{"$i":"start","$v":"ആരംഭിക്കുക"},{"$i":"stop","$v":"നിര്‍ത്തുക"},{"$i":"cancel","$v":"റദ്ദാക്കുക"},{"$i":"hour","$v":"മണിക്കൂര്‍"},{"$i":"hours","$v":"മണിക്കൂറുകൾ"},{"$i":"minute","$v":"മിനിറ്റ്"},{"$i":"minutes","$v":"മിനിറ്റ്"},{"$i":"second","$v":"സെക്കന്റ്"},{"$i":"alarm","$v":"അലാറം"},{"$i":"alarm-name","placeholder":"അലാറം"},{"$i":"timer","$v":"ടൈമർ"},{"$i":"stopwatch","$v":"സ്റ്റോപ്പ്‌വാച്ച്"},{"$i":"alarmName","$v":"അലാറം പേര്"},{"$i":"newAlarm","$v":"പുതിയ അലാറം"},{"$i":"editAlarm","$v":"അലാറം തിരുത്തുക"},{"$i":"tclSettings","$v":"സെറ്റിംഗ്സ്"},{"$i":"clock-settings","$v":"ക്ലോക്ക് സെറ്റിംഗ്സ്"},{"$i":"alarms-maximum","$v":"അലാറുകളുടെ പരമാവധി എണ്ണത്തിൽ നിങ്ങൾ എത്തി."},{"$i":"laps-maximum","$v":"ലാപ്പുകളുടെ പരമാവധി എണ്ണത്തിൽ നിങ്ങൾ എത്തി."},{"$i":"changes-saved","$v":"മാറ്റങ്ങൾ സേവ് ചെയ്തു."},{"$i":"pause","$v":"പോസ്"},{"$i":"resume","$v":"പുനരാരംഭിക്കുക"},{"$i":"lap","$v":"ലാപ്"},{"$i":"lap-number","$v":["ലാപ് ",{"t":"idOrVar","v":"n"}]},{"$i":"timer-hour","$v":"മണിക്കൂര്‍"},{"$i":"timer-min","$v":"മിനിറ്റ്"},{"$i":"timer-sec","$v":"സെക്കന്റ്"},{"$i":"delete","$v":"ഇല്ലാതാക്കുക"},{"$i":"time","$v":"സമയം"},{"$i":"snooze-label","$v":"സ്നൂസ്"},{"$i":"snooze-button","$v":"സ്നൂസ്"},{"$i":"repeat","$v":"ആവർത്തിക്കുക"},{"$i":"vibrate","$v":"വൈബ്രേറ്റുചെയ്യുക"},{"$i":"close","$v":"അടയ്‌ക്കുക"},{"$i":"save","$v":"സേവ് ചെയ്യുക"},{"$i":"done","$v":"പൂർത്തിയാക്കി"},{"$i":"tcl-select-time","$v":"സമയം തിരഞ്ഞെടുക്കുക"},{"$i":"closeButton","ariaLabel":"അടയ്‌ക്കുക"},{"$i":"newAlarmButton","ariaLabel":"പുതിയ അലാറം"},{"$i":"alarm-volume-label","$v":"സിസ്റ്റം അലാറം വോളിയം"},{"$i":"tcl-volume","$v":"വോളിയം:"},{"$i":"volume-level-display","$v":[{"t":"idOrVar","v":"n"}," / ",{"t":"idOrVar","v":"c"}]},{"$i":"sound","$v":"ശബ്‌ദം"},{"$i":"noSound","$v":"ശബ്ദമില്ല"},{"$i":"tcl-ringtones","$v":"റിംഗ്ടോണ്‍"},{"$i":"everyday","$v":"എല്ലാ ദിവസവും"},{"$i":"weekdays","$v":"പ്രവൃത്തിദിനങ്ങൾ"},{"$i":"weekends","$v":"വാരാന്ത്യം"},{"$i":"never","$v":"ഒരിക്കലുമില്ല"},{"$i":"vibrateOn","$v":"ഓൺ"},{"$i":"vibrateOff","$v":"ഓഫ്"},{"$i":"tcl-on","$v":"ഓൺ"},{"$i":"tcl-off","$v":"ഓഫ്"},{"$i":"plusMinute","$v":"+1 മിനിറ്റ്"},{"$i":"dateFormat","$v":"%A, %b %e"},{"$i":"countdown-lessThanAnHour","$v":["ഇപ്പോൾ തുടങ്ങി, ",{"t":"idOrVar","v":"minutes"}," സമയത്തേക്ക് അലാറം  സെറ്റ് ചെയ്തിരിക്കുന്നു ."]},{"$i":"countdown-moreThanAnHour","$v":["ഇപ്പോൾ തുടങ്ങി, ",{"t":"idOrVar","v":"hours"}," ",{"t":"idOrVar","v":"minutes"}," സമയത്തേക്ക് അലാറം സെറ്റ് ചെയ്തിരിക്കുന്നു ."]},{"$i":"countdown-moreThanADay","$v":["ഇപ്പോൾ തുടങ്ങി ",{"t":"idOrVar","v":"days"}," ",{"t":"idOrVar","v":"hours"}," സമയത്തേക്ക് അലാറം സെറ്റ് ചെയ്തിരിക്കുന്നു ."]},{"$i":"tcl-alarm-off","$v":"അലാറം ഓഫാക്കി."},{"$i":"tcl-alarm-deleted","$v":"അലാറം ഇല്ലാതാക്കി."},{"$i":"nMinutes","$v":{"zero":"ഒരു മിനിറ്റിൽ താഴെ","one":"ഒരു മിനിറ്റ്","two":[{"t":"idOrVar","v":"n"}," മിനിറ്റ്"],"few":[{"t":"idOrVar","v":"n"}," മിനിറ്റ്"],"many":[{"t":"idOrVar","v":"n"}," മിനിറ്റ്"],"other":[{"t":"idOrVar","v":"n"}," മിനിറ്റ്"]},"$x":[{"t":"idOrVar","v":"plural"},"n"]},{"$i":"nHours","$v":{"zero":"","one":[{"t":"idOrVar","v":"n"}," മണിക്കൂർ"],"two":[{"t":"idOrVar","v":"n"}," മണിക്കൂർ"],"few":[{"t":"idOrVar","v":"n"}," മണിക്കൂർ"],"many":[{"t":"idOrVar","v":"n"}," മണിക്കൂർ"],"other":[{"t":"idOrVar","v":"n"}," മണിക്കൂർ"]},"$x":[{"t":"idOrVar","v":"plural"},"n"]},{"$i":"nAndRemainHours","$v":{"zero":"","one":["ഒപ്പം ",{"t":"idOrVar","v":"n"}," മണിക്കൂർ"],"two":["ഒപ്പം ",{"t":"idOrVar","v":"n"}," മണിക്കൂര്‍"],"few":["ഒപ്പം ",{"t":"idOrVar","v":"n"}," മണിക്കൂര്‍"],"many":["ഒപ്പം ",{"t":"idOrVar","v":"n"}," മണിക്കൂര്‍"],"other":["ഒപ്പം ",{"t":"idOrVar","v":"n"}," മണിക്കൂര്‍"]},"$x":[{"t":"idOrVar","v":"plural"},"n"]},{"$i":"nRemainDays","$v":{"zero":"","one":[{"t":"idOrVar","v":"n"}," ദിവസം"],"two":[{"t":"idOrVar","v":"n"}," ദിവസം"],"few":[{"t":"idOrVar","v":"n"}," ദിവസം"],"many":[{"t":"idOrVar","v":"n"}," ദിവസം"],"other":[{"t":"idOrVar","v":"n"}," ദിവസം"]},"$x":[{"t":"idOrVar","v":"plural"},"n"]},{"$i":"nRemainMinutes","$v":{"zero":"","one":["ഒപ്പം ",{"t":"idOrVar","v":"n"}," മിനിറ്റ്"],"two":["ഒപ്പം ",{"t":"idOrVar","v":"n"}," മിനിറ്റുകൾ"],"few":["ഒപ്പം ",{"t":"idOrVar","v":"n"}," മിനിറ്റുകൾ"],"many":["ഒപ്പം ",{"t":"idOrVar","v":"n"}," മിനിറ്റുകൾ"],"other":["ഒപ്പം ",{"t":"idOrVar","v":"n"}," മിനിറ്റുകൾ"]},"$x":[{"t":"idOrVar","v":"plural"},"n"]},{"$i":"nSpinnerSeconds","$v":{"zero":"പൂജ്യം സെക്കന്റ്","one":"ഒരു സെക്കന്റ്","two":[{"t":"idOrVar","v":"n"}," സെക്കന്റ്"],"few":[{"t":"idOrVar","v":"n"}," സെക്കന്റ്"],"many":[{"t":"idOrVar","v":"n"}," സെക്കന്റ്"],"other":[{"t":"idOrVar","v":"n"}," സെക്കന്റ്"]},"$x":[{"t":"idOrVar","v":"plural"},"n"]},{"$i":"nSpinnerMinutes","$v":{"zero":"പൂജ്യം മിനിറ്റ്","one":"ഒരു മിനിറ്റ്","two":[{"t":"idOrVar","v":"n"}," മിനിറ്റ്"],"few":[{"t":"idOrVar","v":"n"}," മിനിറ്റ്"],"many":[{"t":"idOrVar","v":"n"}," മിനിറ്റ്"],"other":[{"t":"idOrVar","v":"n"}," മിനിറ്റ്"]},"$x":[{"t":"idOrVar","v":"plural"},"n"]},{"$i":"nSpinnerHours","$v":{"zero":"പൂജ്യം മണിക്കൂർ","one":[{"t":"idOrVar","v":"n"}," മണിക്കൂർ"],"two":[{"t":"idOrVar","v":"n"}," മണിക്കൂർ"],"few":[{"t":"idOrVar","v":"n"}," മണിക്കൂർ"],"many":[{"t":"idOrVar","v":"n"}," മണിക്കൂർ"],"other":[{"t":"idOrVar","v":"n"}," മണിക്കൂർ"]},"$x":[{"t":"idOrVar","v":"plural"},"n"]},{"$i":"tcl-stop","$v":"നിര്‍ത്തുക"},{"$i":"tcl-snooze","$v":"സ്നൂസ്"},{"$i":"ac_awake_opus","$v":"അവേക്ക്"},{"$i":"ac_crystalize_opus","$v":"ക്രിസ്റ്റലൈസ്"},{"$i":"ac_cycle_opus","$v":"സൈക്കിൾ"},{"$i":"ac_digicloud_opus","$v":"ഡിജി‌ക്ലൗഡ്"},{"$i":"ac_humming_waves_opus","$v":"ഹമ്മിംഗ് വേവ്സ്"},{"$i":"ac_into_the_void_opus","$v":"റദ്ദാക്കലിലേക്ക്"},{"$i":"ac_lightly_opus","$v":"നേരിയ തോതിൽ"},{"$i":"ac_mobile_opus","$v":"മൊബൈൽ"},{"$i":"ac_pinger_opus","$v":"പിങ്ങര്‍"},{"$i":"ac_skip_opus","$v":"ഒഴിവാക്കുക"},{"$i":"ac_tri_opus","$v":"ട്രൈ"},{"$i":"ac_universal_opus","$v":"യൂണിവേഴ്സൽ"},{"$i":"tcl-options","$v":"ഓപ്ഷന്‍"},{"$i":"tcl-clock-title","$v":"ക്ലോക്ക്"},{"$i":"alarm-title","$v":"അലാറം"},{"$i":"no-alarms-body","$v":"അലാറമൊന്നും സെറ്റ് ചെയ്തിട്ടില്ല . ആരംഭിക്കാൻ പുതിയ അലാറം എന്നതില്‍  അമർത്തുക."},{"$i":"tcl-new-alarm","$v":"പുതിയ അലാറം"},{"$i":"tcl-settings","$v":"സെറ്റിംഗ്സ്"},{"$i":"tcl-cancel","$v":"റദ്ദാക്കുക"},{"$i":"tcl-save","$v":"സേവ് ചെയ്യുക"},{"$i":"tcl-turnOn","$v":"ഓണാക്കുക"},{"$i":"tcl-turnOff","$v":"ഓഫാക്കുക"},{"$i":"edit","$v":"തിരുത്തുക"},{"$i":"select","$v":"തിരഞ്ഞെടുക്കുക"},{"$i":"tcl-delete","$v":"ഇല്ലാതാക്കുക"},{"$i":"tcl-selected-alarm","$v":"അലാറം തിരഞ്ഞെടുത്തു"},{"$i":"tcl-set","$v":"സെറ്റ് ചെയ്യുക"},{"$i":"tcl-start","$v":"ആരംഭിക്കുക"},{"$i":"tcl-reset","$v":"റീസെറ്റ് ചെയ്യുക"},{"$i":"tcl-min-plus","$v":"+1 മിനിറ്റ്"},{"$i":"tcl-resume","$v":"പുനരാരംഭിക്കുക"},{"$i":"tcl-lap","$v":"ലാപ്"},{"$i":"play","$v":"പ്ലേ ചെയ്യുക"},{"$i":"tcl-no-repeat","$v":"ആവർത്തിക്കരുത്"},{"$i":"tcl-confirm-title","$v":"സ്ഥിരീകരണം"},{"$i":"tcl-confirm-delete-body","$v":"തിരഞ്ഞെടുത്ത അലാറം ഇല്ലാതാക്കുക?"},{"$i":"tcl-confirm-end-key-body","$v":{"$o":"ആപ്ലിക്കേഷൻ അടയ്ക്കും, ഒപ്പം ഡാറ്റ നഷ്ടവും ഉണ്ടാകും. <br> <br> തിരുത്തലിലേക്ക്  തിരിച്ച് പോകാൻ നിങ്ങൾക്ക് താൽപ്പര്യമുണ്ടോ?"}},{"$i":"tcl-confirm-exit-button","$v":"പുറത്തുകടക്കുക"},{"$i":"tcl-confirm-return-button","$v":"തിരിച്ച് വരിക"}]