[{"$i":"weekday-0-long","$v":"নোংমাইজিং"},{"$i":"weekday-1-long","$v":"নিংথৌকাবা"},{"$i":"weekday-2-long","$v":"লৈবাকপোকপা"},{"$i":"weekday-3-long","$v":"য়ুমশকৈশ"},{"$i":"weekday-4-long","$v":"শগোলশেল"},{"$i":"weekday-5-long","$v":"ইরাই"},{"$i":"weekday-6-long","$v":"থাংজ"},{"$i":"weekday-0-short","$v":"নুমিৎ"},{"$i":"weekday-1-short","$v":"নিংথৌকাবা"},{"$i":"weekday-2-short","$v":"লৈবাকপোকপা"},{"$i":"weekday-3-short","$v":"য়ুমশকৈশা"},{"$i":"weekday-4-short","$v":"শগোলশেন"},{"$i":"weekday-5-short","$v":"ইরাই"},{"$i":"weekday-6-short","$v":"থাংজ"},{"$i":"month-0-long","$v":"জানুৱারি"},{"$i":"month-1-long","$v":"ফেব্রুৱারি"},{"$i":"month-2-long","$v":"মার্চ"},{"$i":"month-3-long","$v":"এপ্রিল"},{"$i":"month-4-long","$v":"মে"},{"$i":"month-5-long","$v":"জুন"},{"$i":"month-6-long","$v":"জুলাই"},{"$i":"month-7-long","$v":"ওগস্ট"},{"$i":"month-8-long","$v":"সেপ্টেম্বর"},{"$i":"month-9-long","$v":"ওক্তোবর"},{"$i":"month-10-long","$v":"নোবেম্বর"},{"$i":"month-11-long","$v":"দিসেম্বর"},{"$i":"month-0-genitive","$v":"জানুৱারি"},{"$i":"month-1-genitive","$v":"ফেব্রুৱারি"},{"$i":"month-2-genitive","$v":"মার্চ"},{"$i":"month-3-genitive","$v":"এপ্রিল"},{"$i":"month-4-genitive","$v":"মে"},{"$i":"month-5-genitive","$v":"জুন"},{"$i":"month-6-genitive","$v":"জুলাই"},{"$i":"month-7-genitive","$v":"ওগস্ট"},{"$i":"month-8-genitive","$v":"সেপ্টেম্বর"},{"$i":"month-9-genitive","$v":"ওক্তোবর"},{"$i":"month-10-genitive","$v":"নোবেম্বর"},{"$i":"month-11-genitive","$v":"দিসেম্বর"},{"$i":"month-0-short","$v":"জানুৱারি"},{"$i":"month-1-short","$v":"ফেব্রুৱারি"},{"$i":"month-2-short","$v":"মার্চ"},{"$i":"month-3-short","$v":"এপ্রিল"},{"$i":"month-4-short","$v":"মে"},{"$i":"month-5-short","$v":"জুন"},{"$i":"month-6-short","$v":"জুলাই"},{"$i":"month-7-short","$v":"ওগস্ট"},{"$i":"month-8-short","$v":"সেপ্টেম্বর"},{"$i":"month-9-short","$v":"ওক্তোবর"},{"$i":"month-10-short","$v":"নোবেম্বর"},{"$i":"month-11-short","$v":"দিসেম্বর"},{"$i":"minutes-ago-long","$v":{"zero":"হৌজিক্তা","one":"মিনট অমা মমাংদা","two":["মিনট ",{"t":"idOrVar","v":"value"}," মমাংদা"],"few":["মিনট ",{"t":"idOrVar","v":"value"}," মমাংদা"],"many":["মিনট ",{"t":"idOrVar","v":"value"}," মমাংদা"],"other":["মিনট ",{"t":"idOrVar","v":"value"}," মমাংদা"]},"$x":[{"t":"idOrVar","v":"plural"},"value"]},{"$i":"hours-ago-long","$v":{"zero":"হৌজিক্তা","one":"পুং অমা মমাংদা","two":["পুং ",{"t":"idOrVar","v":"value"}," মমাংদা"],"few":["পুং ",{"t":"idOrVar","v":"value"}," মমাংদা"],"many":["পুং ",{"t":"idOrVar","v":"value"}," মমাংদা"],"other":["পুং ",{"t":"idOrVar","v":"value"}," মমাংদা"]},"$x":[{"t":"idOrVar","v":"plural"},"value"]},{"$i":"days-ago-long","$v":{"zero":"ঙসি","one":"ঙরাং","two":["নুমিৎ ",{"t":"idOrVar","v":"value"}," মমাংদা"],"few":["নুমিৎ ",{"t":"idOrVar","v":"value"}," মমাংদা"],"many":["নুমিৎ ",{"t":"idOrVar","v":"value"}," মমাংদা"],"other":["নুমিৎ ",{"t":"idOrVar","v":"value"}," মমাংদা"]},"$x":[{"t":"idOrVar","v":"plural"},"value"]},{"$i":"weeks-ago-long","$v":{"zero":"চয়োল অসি","one":"ইকোন কোনবা চয়োল","two":["চয়োল ",{"t":"idOrVar","v":"value"}," মমাংদা"],"few":["চয়োল ",{"t":"idOrVar","v":"value"}," মমাংদা"],"many":["চয়োল ",{"t":"idOrVar","v":"value"}," মমাংদা"],"other":["চয়োল ",{"t":"idOrVar","v":"value"}," মমাংদা"]},"$x":[{"t":"idOrVar","v":"plural"},"value"]},{"$i":"months-ago-long","$v":{"zero":"থা অসি","one":"ইকোন কোনবা থা","two":["থা ",{"t":"idOrVar","v":"value"}," মামংদা"],"few":["থা ",{"t":"idOrVar","v":"value"}," মামংদা"],"many":["থা ",{"t":"idOrVar","v":"value"}," মামংদা"],"other":["থা ",{"t":"idOrVar","v":"value"}," মামংদা"]},"$x":[{"t":"idOrVar","v":"plural"},"value"]},{"$i":"years-ago-long","$v":{"zero":"চহী অসি","one":"ইকোন কোনবা চহী","two":["চহী ",{"t":"idOrVar","v":"value"}," মমাংদা"],"few":["চহী ",{"t":"idOrVar","v":"value"}," মমাংদা"],"many":["চহী ",{"t":"idOrVar","v":"value"}," মমাংদা"],"other":["চহী ",{"t":"idOrVar","v":"value"}," মমাংদা"]},"$x":[{"t":"idOrVar","v":"plural"},"value"]},{"$i":"minutes-until-long","$v":{"zero":"হৌজিক্তা","one":"মিনট অমদা","two":["মিনট ",{"t":"idOrVar","v":"value"}," দা"],"few":["মিনট ",{"t":"idOrVar","v":"value"}," দা"],"many":["মিনট ",{"t":"idOrVar","v":"value"}," দা"],"other":["মিনট ",{"t":"idOrVar","v":"value"}," দা"]},"$x":[{"t":"idOrVar","v":"plural"},"value"]},{"$i":"hours-until-long","$v":{"zero":"হৌজিক্তা","one":"পুং অমদা","two":["পুং ",{"t":"idOrVar","v":"value"}," দা"],"few":["পুং ",{"t":"idOrVar","v":"value"}," দা"],"many":["পুং ",{"t":"idOrVar","v":"value"}," দা"],"other":["পুং ",{"t":"idOrVar","v":"value"}," দা"]},"$x":[{"t":"idOrVar","v":"plural"},"value"]},{"$i":"days-until-long","$v":{"zero":"ঙসি","one":"হয়েং","two":["নুমিৎ ",{"t":"idOrVar","v":"value"}," তা"],"few":["নুমিৎ ",{"t":"idOrVar","v":"value"}," তা"],"many":["নুমিৎ ",{"t":"idOrVar","v":"value"}," তা"],"other":["নুমিৎ ",{"t":"idOrVar","v":"value"}," তা"]},"$x":[{"t":"idOrVar","v":"plural"},"value"]},{"$i":"weeks-until-long","$v":{"zero":"চয়োল অসি","one":"মথংগী চয়োল","two":["চয়োল ",{"t":"idOrVar","v":"value"}," দা"],"few":["চয়োল ",{"t":"idOrVar","v":"value"}," দা"],"many":["চয়োল ",{"t":"idOrVar","v":"value"}," দা"],"other":["চয়োল ",{"t":"idOrVar","v":"value"}," দা"]},"$x":[{"t":"idOrVar","v":"plural"},"value"]},{"$i":"months-until-long","$v":{"zero":"থা অসি","one":"মথংগী থা","two":["থা ",{"t":"idOrVar","v":"value"}," দা"],"few":["থা ",{"t":"idOrVar","v":"value"}," দা"],"many":["থা ",{"t":"idOrVar","v":"value"}," দা"],"other":["থা ",{"t":"idOrVar","v":"value"}," দা"]},"$x":[{"t":"idOrVar","v":"plural"},"value"]},{"$i":"years-until-long","$v":{"zero":"চহী অসি","one":"মথংগী চহী","two":["চহী ",{"t":"idOrVar","v":"value"}," দা"],"few":["চহী ",{"t":"idOrVar","v":"value"}," দা"],"many":["চহী ",{"t":"idOrVar","v":"value"}," দা"],"other":["চহী ",{"t":"idOrVar","v":"value"}," দা"]},"$x":[{"t":"idOrVar","v":"plural"},"value"]},{"$i":"minutes-ago-short","$v":{"zero":"হৌজিক্তা","other":["থা ",{"t":"idOrVar","v":"value"}," মমাংদা"]},"$x":[{"t":"idOrVar","v":"plural"},"value"]},{"$i":"hours-ago-short","$v":{"zero":"হৌজিক্তা","other":["পুং ",{"t":"idOrVar","v":"value"}," মমাংদা"]},"$x":[{"t":"idOrVar","v":"plural"},"value"]},{"$i":"days-ago-short","$v":{"zero":"ঙসি","other":["নুমিৎ ",{"t":"idOrVar","v":"value"}," মমাংদা"]},"$x":[{"t":"idOrVar","v":"plural"},"value"]},{"$i":"minutes-until-short","$v":{"zero":"হৌজিক্তা","other":["থা ",{"t":"idOrVar","v":"value"}," দা"]},"$x":[{"t":"idOrVar","v":"plural"},"value"]},{"$i":"hours-until-short","$v":{"zero":"হৌজিক্তা","other":["পুং ",{"t":"idOrVar","v":"value"}," দা"]},"$x":[{"t":"idOrVar","v":"plural"},"value"]},{"$i":"days-until-short","$v":{"zero":"ঙসি","other":["নুমিৎ ",{"t":"idOrVar","v":"value"}," তা"]},"$x":[{"t":"idOrVar","v":"plural"},"value"]},{"$i":"incorrectDate","$v":"(চুমদবা তাং)"},{"$i":"dateTimeFormat_%c","$v":"%a %b %e %Y %I:%M:%S %p"},{"$i":"dateTimeFormat_%x","$v":"%m/%d/%Y"},{"$i":"dateTimeFormat_%X","$v":"%I:%M:%S %p"},{"$i":"shortTimeFormat","$v":"%I:%M %p"},{"$i":"shortTimeFormat12","$v":"%I:%M %p"},{"$i":"shortTimeFormat24","$v":"%H:%M"},{"$i":"shortDateTimeFormat","$v":"%x %I:%M %p"},{"$i":"weekStartsOnMonday","$v":"0"},{"$i":"firstDayOfTheWeek","$v":"0"},{"$i":"time_am","$v":"AM"},{"$i":"time_pm","$v":"PM"},{"$i":"softkey-options","$v":"ওপসনশিং"},{"$i":"reset","$v":"হন্না পানখৎলু"},{"$i":"start","$v":"হৌবা"},{"$i":"stop","$v":"লেপ্পু"},{"$i":"cancel","$v":"ককথৎলু"},{"$i":"hour","$v":"পুং"},{"$i":"hours","$v":"পুংশীং"},{"$i":"minute","$v":"মিনট"},{"$i":"minutes","$v":"মিনটশীং"},{"$i":"second","$v":"অনিশুবা"},{"$i":"alarm","$v":"অলার্ম"},{"$i":"alarm-name","placeholder":"অলার্ম"},{"$i":"timer","$v":"মতম তাকপা"},{"$i":"stopwatch","$v":"স্টোপৱাতচ"},{"$i":"alarmName","$v":"অলার্ম মমিং"},{"$i":"newAlarm","$v":"অনৌবা অলার্ম"},{"$i":"editAlarm","$v":"এদিত অলার্ম তৌ"},{"$i":"tclSettings","$v":"সেটিংশিং"},{"$i":"clock-settings","$v":"ঘড়িগী সেটিংশীং"},{"$i":"alarms-maximum","$v":"নহাক খ্বাইদগী য়াম্বা অলার্মশীংগী মশীং য়ৌখ্রে."},{"$i":"laps-maximum","$v":"নহাক অকোয়বা লম্বী মপুং ফাবা খ্বাইদগী য়াম্বা মশীং য়ৌখ্রে."},{"$i":"changes-saved","$v":"অহোংবশীং সেব তৌরে."},{"$i":"pause","$v":"ঙাইহাক লেপ্পু"},{"$i":"resume","$v":"হান্নগীদা হঞ্জিনবা"},{"$i":"lap","$v":"কোয়বা"},{"$i":"lap-number","$v":["তম্পাক ",{"t":"idOrVar","v":"n"}]},{"$i":"timer-hour","$v":"পুং"},{"$i":"timer-min","$v":"মিনট"},{"$i":"timer-sec","$v":"অনিশুবা"},{"$i":"delete","$v":"মুত্থৎলু"},{"$i":"time","$v":"মতম"},{"$i":"snooze-label","$v":"তুম্মু"},{"$i":"snooze-button","$v":"তুম্মু"},{"$i":"repeat","$v":"হঞ্জল্লু"},{"$i":"vibrate","$v":"নীকপা"},{"$i":"close","$v":"থিংজিল্লু"},{"$i":"save","$v":"সেব তৌ"},{"$i":"done","$v":"তৌরে"},{"$i":"tcl-select-time","$v":"মতম খল্লু"},{"$i":"closeButton","ariaLabel":"থিংজিল্লু"},{"$i":"newAlarmButton","ariaLabel":"অনৌবা অলার্ম"},{"$i":"alarm-volume-label","$v":"সিস্টেম অলার্মগী ভোল্যুম"},{"$i":"tcl-volume","$v":"ভোল্যুম:"},{"$i":"volume-level-display","$v":[{"t":"idOrVar","v":"n"}," / ",{"t":"idOrVar","v":"c"}]},{"$i":"sound","$v":"মখোল"},{"$i":"noSound","$v":"মখোল থোক্তে"},{"$i":"tcl-ringtones","$v":"রিঙটোনশিং"},{"$i":"everyday","$v":"নুমীৎ খুদিংগী"},{"$i":"weekdays","$v":"চয়োলগী থবক্কব মতম"},{"$i":"weekends","$v":"চয়োলগী থবক লেপ্পা মতমশিং"},{"$i":"never","$v":"কৈদৌঙৈদসু"},{"$i":"vibrateOn","$v":"ওন তৌ"},{"$i":"vibrateOff","$v":"মুত্থৎপা"},{"$i":"tcl-on","$v":"ওন তৌ"},{"$i":"tcl-off","$v":"মুত্থৎপা"},{"$i":"plusMinute","$v":"+1 মিনিট"},{"$i":"dateFormat","$v":"%A, %b %e"},{"$i":"countdown-lessThanAnHour","$v":["অলার্ম অদু হৌজিক্তগী ",{"t":"idOrVar","v":"minutes"}," গী মতুংদা মতম থাই."]},{"$i":"countdown-moreThanAnHour","$v":["অলার্ম অদু হৌজিক্তগী ",{"t":"idOrVar","v":"hours"}," ",{"t":"idOrVar","v":"minutes"}," গী মতুংদা মতম থাই."]},{"$i":"countdown-moreThanADay","$v":["অলার্ম অদু হৌজিক্তগী ",{"t":"idOrVar","v":"days"}," ",{"t":"idOrVar","v":"hours"}," গী মতুংদা মতম থাই."]},{"$i":"tcl-alarm-off","$v":"অলার্ম থাদে."},{"$i":"tcl-alarm-deleted","$v":"অলার্ম মুথৎলে."},{"$i":"nMinutes","$v":{"zero":"মিনট অমদগী হন্থনা","one":"মিনট অমা","two":["মিনট ",{"t":"idOrVar","v":"n"}],"few":["মিনট ",{"t":"idOrVar","v":"n"}],"many":["মিনট ",{"t":"idOrVar","v":"n"}],"other":["মিনট ",{"t":"idOrVar","v":"n"}]},"$x":[{"t":"idOrVar","v":"plural"},"n"]},{"$i":"nHours","$v":{"zero":"","one":["পুং ",{"t":"idOrVar","v":"n"}],"two":["পুং ",{"t":"idOrVar","v":"n"}],"few":["পুং ",{"t":"idOrVar","v":"n"}],"many":["পুং ",{"t":"idOrVar","v":"n"}],"other":["পুং ",{"t":"idOrVar","v":"n"}]},"$x":[{"t":"idOrVar","v":"plural"},"n"]},{"$i":"nAndRemainHours","$v":{"zero":"","one":["অমসুং পুং ",{"t":"idOrVar","v":"n"}],"two":["অমসুং পুং ",{"t":"idOrVar","v":"n"}],"few":["অমসুং পুং ",{"t":"idOrVar","v":"n"}],"many":["অমসুং পুং ",{"t":"idOrVar","v":"n"}],"other":["অমসুং পুং ",{"t":"idOrVar","v":"n"}]},"$x":[{"t":"idOrVar","v":"plural"},"n"]},{"$i":"nRemainDays","$v":{"zero":"","one":["নুমিৎ ",{"t":"idOrVar","v":"n"}],"two":["নুমিৎ ",{"t":"idOrVar","v":"n"}],"few":["নুমিৎ ",{"t":"idOrVar","v":"n"}],"many":["নুমিৎ ",{"t":"idOrVar","v":"n"}],"other":["নুমিৎ ",{"t":"idOrVar","v":"n"}]},"$x":[{"t":"idOrVar","v":"plural"},"n"]},{"$i":"nRemainMinutes","$v":{"zero":"","one":["অমসুং মিনট ",{"t":"idOrVar","v":"n"}],"two":["অমসুং মিনট ",{"t":"idOrVar","v":"n"}],"few":["অমসুং মিনট ",{"t":"idOrVar","v":"n"}],"many":["অমসুং মিনট ",{"t":"idOrVar","v":"n"}],"other":["অমসুং মিনট ",{"t":"idOrVar","v":"n"}]},"$x":[{"t":"idOrVar","v":"plural"},"n"]},{"$i":"nSpinnerSeconds","$v":{"zero":"সেকেন্দ শুন্য","one":"সেকেন্দ অমা","two":["সেকেন্দ ",{"t":"idOrVar","v":"n"}],"few":["সেকেন্দ ",{"t":"idOrVar","v":"n"}],"many":["সেকেন্দ ",{"t":"idOrVar","v":"n"}],"other":["সেকেন্দ ",{"t":"idOrVar","v":"n"}]},"$x":[{"t":"idOrVar","v":"plural"},"n"]},{"$i":"nSpinnerMinutes","$v":{"zero":"মিনট শুন্য","one":"মিনট অমা","two":["মিনট ",{"t":"idOrVar","v":"n"}],"few":["মিনট ",{"t":"idOrVar","v":"n"}],"many":["মিনট ",{"t":"idOrVar","v":"n"}],"other":["মিনট ",{"t":"idOrVar","v":"n"}]},"$x":[{"t":"idOrVar","v":"plural"},"n"]},{"$i":"nSpinnerHours","$v":{"zero":"পুং শুন্য","one":["পুং ",{"t":"idOrVar","v":"n"}],"two":["পুং ",{"t":"idOrVar","v":"n"}],"few":["পুং ",{"t":"idOrVar","v":"n"}],"many":["পুং ",{"t":"idOrVar","v":"n"}],"other":["পুং ",{"t":"idOrVar","v":"n"}]},"$x":[{"t":"idOrVar","v":"plural"},"n"]},{"$i":"tcl-stop","$v":"লেপ্পু"},{"$i":"tcl-snooze","$v":"তুম্মু"},{"$i":"ac_awake_opus","$v":"হৌগৎলি"},{"$i":"ac_crystalize_opus","$v":"ক্রিস্টেল শেম্বা"},{"$i":"ac_cycle_opus","$v":"সাইকল"},{"$i":"ac_digicloud_opus","$v":"দিজিক্লাওদ"},{"$i":"ac_humming_waves_opus","$v":"ঙরং ঙরং ঙংবা ঈথকশীং"},{"$i":"ac_into_the_void_opus","$v":"অহাঙবা অদুদা"},{"$i":"ac_lightly_opus","$v":"য়াংনা"},{"$i":"ac_mobile_opus","$v":"মোবাইল"},{"$i":"ac_pinger_opus","$v":"পিঙ্গর"},{"$i":"ac_skip_opus","$v":"তোকথোকপা"},{"$i":"ac_tri_opus","$v":"অহুম"},{"$i":"ac_universal_opus","$v":"জগৎ সংসারগী ওইবা"},{"$i":"tcl-options","$v":"ওপসনশিং"},{"$i":"tcl-clock-title","$v":"ঘড়ী"},{"$i":"alarm-title","$v":"অলার্ম"},{"$i":"no-alarms-body","$v":"অলার্ম অমত্তা সেট তৌদে.  স্টার্ট তৌনবা অনৌবা অলার্ম নম্মু."},{"$i":"tcl-new-alarm","$v":"অনৌবা অলার্ম"},{"$i":"tcl-settings","$v":"সেটিংশিং"},{"$i":"tcl-cancel","$v":"ককথৎলু"},{"$i":"tcl-save","$v":"সেব তৌ"},{"$i":"tcl-turnOn","$v":"থাও"},{"$i":"tcl-turnOff","$v":"মুথৎলু"},{"$i":"edit","$v":"ইদিত তৌ"},{"$i":"select","$v":"খল্লু"},{"$i":"tcl-delete","$v":"মুত্থৎলু"},{"$i":"tcl-selected-alarm","$v":"খল্লবা অলার্ম"},{"$i":"tcl-set","$v":"হাপ্পু"},{"$i":"tcl-start","$v":"হৌবা"},{"$i":"tcl-reset","$v":"হন্না পানখৎলু"},{"$i":"tcl-min-plus","$v":"+1 মিনিট"},{"$i":"tcl-resume","$v":"হান্নগীদা হঞ্জিনবা"},{"$i":"tcl-lap","$v":"কোয়বা"},{"$i":"play","$v":"প্লে তৌ"},{"$i":"tcl-no-repeat","$v":"হন্না তৌদে"},{"$i":"tcl-confirm-title","$v":"চুম্মি হায়বা"},{"$i":"tcl-confirm-delete-body","$v":"খল্লবা অলার্ম মুথৎলু?"},{"$i":"tcl-confirm-end-key-body","$v":{"$o":"এপ্লিকেশন দাতা মাংবগা লোয়ননা খুমজিনগনি. <br><br> নহাক এদিতিং তৌবদা হন্না হনবা পামগদ্রা?"}},{"$i":"tcl-confirm-exit-button","$v":"থোকখিবা"},{"$i":"tcl-confirm-return-button","$v":"হল্লকউ"}]