[{"$i":"weekday-0-long","$v":"रविवार"},{"$i":"weekday-1-long","$v":"सोमवार"},{"$i":"weekday-2-long","$v":"मंगळवार"},{"$i":"weekday-3-long","$v":"बुधवार"},{"$i":"weekday-4-long","$v":"गुरुवार"},{"$i":"weekday-5-long","$v":"शुक्रवार"},{"$i":"weekday-6-long","$v":"शनिवार"},{"$i":"weekday-0-short","$v":"रवि"},{"$i":"weekday-1-short","$v":"सोम"},{"$i":"weekday-2-short","$v":"मंगळ"},{"$i":"weekday-3-short","$v":"बुध"},{"$i":"weekday-4-short","$v":"गुरु"},{"$i":"weekday-5-short","$v":"शुक्र"},{"$i":"weekday-6-short","$v":"शनि"},{"$i":"month-0-long","$v":"जानेवारी"},{"$i":"month-1-long","$v":"फेब्रुवारी"},{"$i":"month-2-long","$v":"मार्च"},{"$i":"month-3-long","$v":"एप्रिल"},{"$i":"month-4-long","$v":"मे"},{"$i":"month-5-long","$v":"जून"},{"$i":"month-6-long","$v":"जुलै"},{"$i":"month-7-long","$v":"ऑगस्ट"},{"$i":"month-8-long","$v":"सप्टेंबर"},{"$i":"month-9-long","$v":"ऑक्टोबर"},{"$i":"month-10-long","$v":"नोव्हेंबर"},{"$i":"month-11-long","$v":"डिसेंबर"},{"$i":"month-0-genitive","$v":"जानेवारी"},{"$i":"month-1-genitive","$v":"फेब्रुवारी"},{"$i":"month-2-genitive","$v":"मार्च"},{"$i":"month-3-genitive","$v":"एप्रिल"},{"$i":"month-4-genitive","$v":"मे"},{"$i":"month-5-genitive","$v":"जून"},{"$i":"month-6-genitive","$v":"जुलै"},{"$i":"month-7-genitive","$v":"ऑगस्ट"},{"$i":"month-8-genitive","$v":"सप्टेंबर"},{"$i":"month-9-genitive","$v":"ऑक्टोबर"},{"$i":"month-10-genitive","$v":"नोव्हेंबर"},{"$i":"month-11-genitive","$v":"डिसेंबर"},{"$i":"month-0-short","$v":"जानेवारी"},{"$i":"month-1-short","$v":"फेब्रुवारी"},{"$i":"month-2-short","$v":"मार्च"},{"$i":"month-3-short","$v":"एप्रिल"},{"$i":"month-4-short","$v":"मे"},{"$i":"month-5-short","$v":"जून"},{"$i":"month-6-short","$v":"जुलै"},{"$i":"month-7-short","$v":"ऑगस्‍ट"},{"$i":"month-8-short","$v":"सप्टेंबर"},{"$i":"month-9-short","$v":"ऑक्टोबर"},{"$i":"month-10-short","$v":"नोव्हेंबर"},{"$i":"month-11-short","$v":"डिसेंबर"},{"$i":"minutes-ago-long","$v":{"zero":"आत्ताच","one":"एक मिनिटापूर्वी","two":[{"t":"idOrVar","v":"value"}," मिनिटा पूर्वी"],"few":[{"t":"idOrVar","v":"value"}," मिनिटा पूर्वी"],"many":[{"t":"idOrVar","v":"value"}," मिनिटा पूर्वी"],"other":[{"t":"idOrVar","v":"value"}," मिनिटा पूर्वी"]},"$x":[{"t":"idOrVar","v":"plural"},"value"]},{"$i":"hours-ago-long","$v":{"zero":"आत्ताच","one":"एका तासापूर्वी","two":[{"t":"idOrVar","v":"value"}," तासा पूर्वी"],"few":[{"t":"idOrVar","v":"value"}," तासा पूर्वी"],"many":[{"t":"idOrVar","v":"value"}," तासा पूर्वी"],"other":[{"t":"idOrVar","v":"value"}," तासा पूर्वी"]},"$x":[{"t":"idOrVar","v":"plural"},"value"]},{"$i":"days-ago-long","$v":{"zero":"आज","one":"काल","two":[{"t":"idOrVar","v":"value"}," दिवसा पूर्वी"],"few":[{"t":"idOrVar","v":"value"}," दिवसा पूर्वी"],"many":[{"t":"idOrVar","v":"value"}," दिवसा पूर्वी"],"other":[{"t":"idOrVar","v":"value"}," दिवसा पूर्वी"]},"$x":[{"t":"idOrVar","v":"plural"},"value"]},{"$i":"weeks-ago-long","$v":{"zero":"हा आठवडा","one":"शेवटचा आठवडा","two":[{"t":"idOrVar","v":"value"}," आठवड्या पूर्वी"],"few":[{"t":"idOrVar","v":"value"}," आठवड्या पूर्वी"],"many":[{"t":"idOrVar","v":"value"}," आठवड्या पूर्वी"],"other":[{"t":"idOrVar","v":"value"}," आठवड्या पूर्वी"]},"$x":[{"t":"idOrVar","v":"plural"},"value"]},{"$i":"months-ago-long","$v":{"zero":"हा महिना","one":"शेवटचा महिना","two":[{"t":"idOrVar","v":"value"}," महिने पूर्वी"],"few":[{"t":"idOrVar","v":"value"}," महिने पूर्वी"],"many":[{"t":"idOrVar","v":"value"}," महिने पूर्वी"],"other":[{"t":"idOrVar","v":"value"}," महिने पूर्वी"]},"$x":[{"t":"idOrVar","v":"plural"},"value"]},{"$i":"years-ago-long","$v":{"zero":"हे वर्ष","one":"शेवटचे वर्ष","two":[{"t":"idOrVar","v":"value"}," वर्षां पूर्वी"],"few":[{"t":"idOrVar","v":"value"}," वर्षां पूर्वी"],"many":[{"t":"idOrVar","v":"value"}," वर्षां पूर्वी"],"other":[{"t":"idOrVar","v":"value"}," वर्षां पूर्वी"]},"$x":[{"t":"idOrVar","v":"plural"},"value"]},{"$i":"minutes-until-long","$v":{"zero":"आत्ता","one":"एका मिनिटा मध्ये","two":[{"t":"idOrVar","v":"value"}," मिनिटा मध्ये"],"few":[{"t":"idOrVar","v":"value"}," मिनिटा मध्ये"],"many":[{"t":"idOrVar","v":"value"}," मिनिटा मध्ये"],"other":[{"t":"idOrVar","v":"value"}," मिनिटा मध्ये"]},"$x":[{"t":"idOrVar","v":"plural"},"value"]},{"$i":"hours-until-long","$v":{"zero":"आत्ता","one":"एका तासा मध्ये","two":[{"t":"idOrVar","v":"value"}," तासा मध्ये"],"few":[{"t":"idOrVar","v":"value"}," तासा मध्ये"],"many":[{"t":"idOrVar","v":"value"}," तासा मध्ये"],"other":[{"t":"idOrVar","v":"value"}," तासा मध्ये"]},"$x":[{"t":"idOrVar","v":"plural"},"value"]},{"$i":"days-until-long","$v":{"zero":"आज","one":"उद्या","two":[{"t":"idOrVar","v":"value"}," दिवसां मध्ये"],"few":[{"t":"idOrVar","v":"value"}," दिवसां मध्ये"],"many":[{"t":"idOrVar","v":"value"}," दिवसां मध्ये"],"other":[{"t":"idOrVar","v":"value"}," दिवसां मध्ये"]},"$x":[{"t":"idOrVar","v":"plural"},"value"]},{"$i":"weeks-until-long","$v":{"zero":"हा आठवडा","one":"पुढील आठवडा","two":[{"t":"idOrVar","v":"value"}," आठवड्यां मध्ये"],"few":[{"t":"idOrVar","v":"value"}," आठवड्यां मध्ये"],"many":[{"t":"idOrVar","v":"value"}," आठवड्यां मध्ये"],"other":[{"t":"idOrVar","v":"value"}," आठवड्यां मध्ये"]},"$x":[{"t":"idOrVar","v":"plural"},"value"]},{"$i":"months-until-long","$v":{"zero":"हा महिना","one":"पुढील महिना","two":[{"t":"idOrVar","v":"value"}," महिन्यां मध्ये"],"few":[{"t":"idOrVar","v":"value"}," महिन्यां मध्ये"],"many":[{"t":"idOrVar","v":"value"}," महिन्यां मध्ये"],"other":[{"t":"idOrVar","v":"value"}," महिन्यां मध्ये"]},"$x":[{"t":"idOrVar","v":"plural"},"value"]},{"$i":"years-until-long","$v":{"zero":"हे वर्ष","one":"पुढील वर्ष","two":[{"t":"idOrVar","v":"value"}," वर्षां मध्ये"],"few":[{"t":"idOrVar","v":"value"}," वर्षां मध्ये"],"many":[{"t":"idOrVar","v":"value"}," वर्षां मध्ये"],"other":[{"t":"idOrVar","v":"value"}," वर्षां मध्ये"]},"$x":[{"t":"idOrVar","v":"plural"},"value"]},{"$i":"minutes-ago-short","$v":{"zero":"आत्ताच","other":[{"t":"idOrVar","v":"value"}," महिन्या पूर्वी"]},"$x":[{"t":"idOrVar","v":"plural"},"value"]},{"$i":"hours-ago-short","$v":{"zero":"आत्ताच","other":[{"t":"idOrVar","v":"value"}," तासा पूर्वी"]},"$x":[{"t":"idOrVar","v":"plural"},"value"]},{"$i":"days-ago-short","$v":{"zero":"आज","other":[{"t":"idOrVar","v":"value"}," दिवसा पूर्वी"]},"$x":[{"t":"idOrVar","v":"plural"},"value"]},{"$i":"minutes-until-short","$v":{"zero":"आत्ता","other":[{"t":"idOrVar","v":"value"},"मिनिटा मध्ये"]},"$x":[{"t":"idOrVar","v":"plural"},"value"]},{"$i":"hours-until-short","$v":{"zero":"आत्ता","other":[{"t":"idOrVar","v":"value"},"तासा मध्ये"]},"$x":[{"t":"idOrVar","v":"plural"},"value"]},{"$i":"days-until-short","$v":{"zero":"आज","other":[{"t":"idOrVar","v":"value"},"दिवसां मध्ये"]},"$x":[{"t":"idOrVar","v":"plural"},"value"]},{"$i":"incorrectDate","$v":"(चुकीची तारीख)"},{"$i":"dateTimeFormat_%c","$v":"%a %b %e %Y %I:%M:%S %p"},{"$i":"dateTimeFormat_%x","$v":"%m/%d/%Y"},{"$i":"dateTimeFormat_%X","$v":"%I:%M:%S %p"},{"$i":"shortTimeFormat","$v":"%I:%M %p"},{"$i":"shortTimeFormat12","$v":"%I:%M %p"},{"$i":"shortTimeFormat24","$v":"%H:%M"},{"$i":"shortDateTimeFormat","$v":"%x %I:%M %p"},{"$i":"weekStartsOnMonday","$v":"0"},{"$i":"firstDayOfTheWeek","$v":"0"},{"$i":"time_am","$v":"AM"},{"$i":"time_pm","$v":"PM"},{"$i":"softkey-options","$v":"पर्याय"},{"$i":"reset","$v":"रिसेट करा"},{"$i":"start","$v":"सुरवात"},{"$i":"stop","$v":"थांबवा"},{"$i":"cancel","$v":"रद्द करा"},{"$i":"hour","$v":"तास"},{"$i":"hours","$v":"तास"},{"$i":"minute","$v":"मिनिट"},{"$i":"minutes","$v":"मिनिट"},{"$i":"second","$v":"सेकंद"},{"$i":"alarm","$v":"अलार्म"},{"$i":"alarm-name","placeholder":"अलार्म"},{"$i":"timer","$v":"टाइमर"},{"$i":"stopwatch","$v":"स्टॉपवॉच"},{"$i":"alarmName","$v":"अलार्मचे नाव"},{"$i":"newAlarm","$v":"नवीन अलार्म"},{"$i":"editAlarm","$v":"अलार्म संपादित करा"},{"$i":"tclSettings","$v":"सेटिंग्स"},{"$i":"clock-settings","$v":"घड्याळाची सेटिंग"},{"$i":"alarms-maximum","$v":"आपण अलार्मच्या कमाल संख्ये पर्यंत पोहोचला आहात."},{"$i":"laps-maximum","$v":"आपण लॅपच्या कमाल संख्येपर्यंत पोहोचला आहात."},{"$i":"changes-saved","$v":"बदल जतन केले."},{"$i":"pause","$v":"थांबवा"},{"$i":"resume","$v":"पुन्हा सुरु करा"},{"$i":"lap","$v":"लॅप"},{"$i":"lap-number","$v":["लॅप ",{"t":"idOrVar","v":"n"}]},{"$i":"timer-hour","$v":"तास"},{"$i":"timer-min","$v":"मिनिट"},{"$i":"timer-sec","$v":"सेकंद"},{"$i":"delete","$v":"हटवा"},{"$i":"time","$v":"वेळ"},{"$i":"snooze-label","$v":"स्नूझ करा"},{"$i":"snooze-button","$v":"स्नूझ करा"},{"$i":"repeat","$v":"पुन्हा करा"},{"$i":"vibrate","$v":"कंपन"},{"$i":"close","$v":"बंद करा"},{"$i":"save","$v":"जतन करा"},{"$i":"done","$v":"पूर्ण झाले"},{"$i":"tcl-select-time","$v":"वेळ निवडा"},{"$i":"closeButton","ariaLabel":"बंद करा"},{"$i":"newAlarmButton","ariaLabel":"नवीन अलार्म"},{"$i":"alarm-volume-label","$v":"सिस्टम अलार्म वॉल्यूम"},{"$i":"tcl-volume","$v":"व्‍हॉल्‍यूम:"},{"$i":"volume-level-display","$v":[{"t":"idOrVar","v":"n"}," / ",{"t":"idOrVar","v":"c"}]},{"$i":"sound","$v":"ध्वनी"},{"$i":"noSound","$v":"कोणतेही ध्वनी नाही"},{"$i":"tcl-ringtones","$v":"रिंगटोन"},{"$i":"everyday","$v":"दररोज"},{"$i":"weekdays","$v":"आठवड्यातील दिवस"},{"$i":"weekends","$v":"आठवड्यातील शेवटचे दिवस"},{"$i":"never","$v":"कधीही नाही"},{"$i":"vibrateOn","$v":"ऑन"},{"$i":"vibrateOff","$v":"आॅफ"},{"$i":"tcl-on","$v":"ऑन"},{"$i":"tcl-off","$v":"आॅफ"},{"$i":"plusMinute","$v":"+1 मिनिट"},{"$i":"dateFormat","$v":"%A, %b %e"},{"$i":"countdown-lessThanAnHour","$v":["आतापासून ",{"t":"idOrVar","v":"minutes"}," नंतर साठी अलार्म सेट केला आहे."]},{"$i":"countdown-moreThanAnHour","$v":["अलार्म आतापासून  ",{"t":"idOrVar","v":"days"}," ",{"t":"idOrVar","v":"hours"}," नंतर साठी सेट केले गेले आहे."]},{"$i":"countdown-moreThanADay","$v":["अलार्म आतापासून  ",{"t":"idOrVar","v":"days"}," ",{"t":"idOrVar","v":"hours"}," नंतर साठी सेट केले गेले आहे."]},{"$i":"tcl-alarm-off","$v":"अलार्म ऑफ केला आहे."},{"$i":"tcl-alarm-deleted","$v":"अलार्म हटवला गेला."},{"$i":"nMinutes","$v":{"zero":"एका मिनिटा पेक्षा कमी","one":"एक मिनिट","two":[{"t":"idOrVar","v":"n"}," मिनिटे"],"few":[{"t":"idOrVar","v":"n"}," मिनिटे"],"many":[{"t":"idOrVar","v":"n"}," मिनिटे"],"other":[{"t":"idOrVar","v":"n"}," मिनिटे"]},"$x":[{"t":"idOrVar","v":"plural"},"n"]},{"$i":"nHours","$v":{"zero":"","one":[{"t":"idOrVar","v":"n"}," तास"],"two":[{"t":"idOrVar","v":"n"}," तास"],"few":[{"t":"idOrVar","v":"n"}," तास"],"many":[{"t":"idOrVar","v":"n"}," तास"],"other":[{"t":"idOrVar","v":"n"}," तास"]},"$x":[{"t":"idOrVar","v":"plural"},"n"]},{"$i":"nAndRemainHours","$v":{"zero":"","one":["आणि ",{"t":"idOrVar","v":"n"}," तास"],"two":["आणि ",{"t":"idOrVar","v":"n"}," तास"],"few":["आणि ",{"t":"idOrVar","v":"n"}," तास"],"many":["आणि ",{"t":"idOrVar","v":"n"}," तास"],"other":["आणि ",{"t":"idOrVar","v":"n"}," तास"]},"$x":[{"t":"idOrVar","v":"plural"},"n"]},{"$i":"nRemainDays","$v":{"zero":"","one":[{"t":"idOrVar","v":"n"}," दिवस"],"two":[{"t":"idOrVar","v":"n"}," दिवस"],"few":[{"t":"idOrVar","v":"n"}," दिवस"],"many":[{"t":"idOrVar","v":"n"}," दिवस"],"other":[{"t":"idOrVar","v":"n"}," दिवस"]},"$x":[{"t":"idOrVar","v":"plural"},"n"]},{"$i":"nRemainMinutes","$v":{"zero":"","one":["आणि ",{"t":"idOrVar","v":"n"}," मिनिट"],"two":["आणि ",{"t":"idOrVar","v":"n"}," मिनिटे"],"few":["आणि ",{"t":"idOrVar","v":"n"}," मिनिटे"],"many":["आणि ",{"t":"idOrVar","v":"n"}," मिनिटे"],"other":["आणि ",{"t":"idOrVar","v":"n"}," मिनिटे"]},"$x":[{"t":"idOrVar","v":"plural"},"n"]},{"$i":"nSpinnerSeconds","$v":{"zero":"शून्य सेकंद","one":"एक सेकंद","two":[{"t":"idOrVar","v":"n"}," सेकंद"],"few":[{"t":"idOrVar","v":"n"}," सेकंद"],"many":[{"t":"idOrVar","v":"n"}," सेकंद"],"other":[{"t":"idOrVar","v":"n"}," सेकंद"]},"$x":[{"t":"idOrVar","v":"plural"},"n"]},{"$i":"nSpinnerMinutes","$v":{"zero":"शून्य मिनिट","one":"एक मिनिट","two":[{"t":"idOrVar","v":"n"}," मिनिटे"],"few":[{"t":"idOrVar","v":"n"}," मिनिटे"],"many":[{"t":"idOrVar","v":"n"}," मिनिटे"],"other":[{"t":"idOrVar","v":"n"}," मिनिटे"]},"$x":[{"t":"idOrVar","v":"plural"},"n"]},{"$i":"nSpinnerHours","$v":{"zero":"शून्य तास","one":[{"t":"idOrVar","v":"n"}," तास"],"two":[{"t":"idOrVar","v":"n"}," तास"],"few":[{"t":"idOrVar","v":"n"}," तास"],"many":[{"t":"idOrVar","v":"n"}," तास"],"other":[{"t":"idOrVar","v":"n"}," तास"]},"$x":[{"t":"idOrVar","v":"plural"},"n"]},{"$i":"tcl-stop","$v":"थांबवा"},{"$i":"tcl-snooze","$v":"स्नूझ करा"},{"$i":"ac_awake_opus","$v":"सक्रिय"},{"$i":"ac_crystalize_opus","$v":"क्रिस्टलाइज"},{"$i":"ac_cycle_opus","$v":"सायकल"},{"$i":"ac_digicloud_opus","$v":"डिजिक्लाउड"},{"$i":"ac_humming_waves_opus","$v":"हमिंग वेव्स"},{"$i":"ac_into_the_void_opus","$v":"इनटू द व्हॉइड"},{"$i":"ac_lightly_opus","$v":"लाइटली"},{"$i":"ac_mobile_opus","$v":"मोबाईल"},{"$i":"ac_pinger_opus","$v":"पिंगर"},{"$i":"ac_skip_opus","$v":"वगळा"},{"$i":"ac_tri_opus","$v":"ट्राय"},{"$i":"ac_universal_opus","$v":"युनिव्हर्सल"},{"$i":"tcl-options","$v":"पर्याय"},{"$i":"tcl-clock-title","$v":"घड्याळ"},{"$i":"alarm-title","$v":"अलार्म"},{"$i":"no-alarms-body","$v":"कोणतेही अलार्म सेट केले गेले नाहीत. सुरवात करण्यासाठी नवीन अलार्म दाबा"},{"$i":"tcl-new-alarm","$v":"नवीन अलार्म"},{"$i":"tcl-settings","$v":"सेटिंग्स"},{"$i":"tcl-cancel","$v":"रद्द करा"},{"$i":"tcl-save","$v":"जतन करा"},{"$i":"tcl-turnOn","$v":"ऑन करा"},{"$i":"tcl-turnOff","$v":"ऑफ करा"},{"$i":"edit","$v":"संपादित करा"},{"$i":"select","$v":"निवडा"},{"$i":"tcl-delete","$v":"हटवा"},{"$i":"tcl-selected-alarm","$v":"निवडलेला अलार्म"},{"$i":"tcl-set","$v":"सेट करा"},{"$i":"tcl-start","$v":"सुरवात"},{"$i":"tcl-reset","$v":"रिसेट करा"},{"$i":"tcl-min-plus","$v":"+1 मिनिट"},{"$i":"tcl-resume","$v":"पुन्हा सुरु करा"},{"$i":"tcl-lap","$v":"लॅप"},{"$i":"play","$v":"वाजवा"},{"$i":"tcl-no-repeat","$v":"कोणतीही पुनरावृत्ती नाही"},{"$i":"tcl-confirm-title","$v":"पुष्टीकरण"},{"$i":"tcl-confirm-delete-body","$v":"निवडलेला अलार्म हटवा?"},{"$i":"tcl-confirm-end-key-body","$v":{"$o":"डेटा हानी बरोबर अॅप्लिकेशन ऑफ होईल. <br><br> आपणास संपादनावर परत जायचे आहे का?"}},{"$i":"tcl-confirm-exit-button","$v":"बाहेर पडा"},{"$i":"tcl-confirm-return-button","$v":"परत या"}]