[{"$i":"weekday-0-long","$v":"आइतबार"},{"$i":"weekday-1-long","$v":"सोमबार"},{"$i":"weekday-2-long","$v":"मङ्गलबार"},{"$i":"weekday-3-long","$v":"बुधबार"},{"$i":"weekday-4-long","$v":"बिहिबार"},{"$i":"weekday-5-long","$v":"शुक्रबार"},{"$i":"weekday-6-long","$v":"शनिबार"},{"$i":"weekday-0-short","$v":"सूर्य"},{"$i":"weekday-1-short","$v":"सोमबार"},{"$i":"weekday-2-short","$v":"मङ्गलबार"},{"$i":"weekday-3-short","$v":"बुधबार"},{"$i":"weekday-4-short","$v":"बिहीबार"},{"$i":"weekday-5-short","$v":"शुक्रबार"},{"$i":"weekday-6-short","$v":"शनिबार"},{"$i":"month-0-long","$v":"जनवरी"},{"$i":"month-1-long","$v":"फेब्रुअरी"},{"$i":"month-2-long","$v":"मार्च"},{"$i":"month-3-long","$v":"अप्रिल"},{"$i":"month-4-long","$v":"मे"},{"$i":"month-5-long","$v":"जुन"},{"$i":"month-6-long","$v":"जुलाइ"},{"$i":"month-7-long","$v":"अगस्ट"},{"$i":"month-8-long","$v":"सेप्टेम्बर"},{"$i":"month-9-long","$v":"अक्टुबर"},{"$i":"month-10-long","$v":"नोभेम्बर"},{"$i":"month-11-long","$v":"डिसेम्बर"},{"$i":"month-0-genitive","$v":"जनवरी"},{"$i":"month-1-genitive","$v":"फेब्रुअरी"},{"$i":"month-2-genitive","$v":"मार्च"},{"$i":"month-3-genitive","$v":"अप्रिल"},{"$i":"month-4-genitive","$v":"मे"},{"$i":"month-5-genitive","$v":"जुन"},{"$i":"month-6-genitive","$v":"जुलाइ"},{"$i":"month-7-genitive","$v":"अगस्ट"},{"$i":"month-8-genitive","$v":"सेप्टेम्बर"},{"$i":"month-9-genitive","$v":"अक्टुबर"},{"$i":"month-10-genitive","$v":"नोभेम्बर"},{"$i":"month-11-genitive","$v":"डिसेम्बर"},{"$i":"month-0-short","$v":"जनवरी"},{"$i":"month-1-short","$v":"फेब्रुअरी"},{"$i":"month-2-short","$v":"मार्च"},{"$i":"month-3-short","$v":"अप्रिल"},{"$i":"month-4-short","$v":"मे"},{"$i":"month-5-short","$v":"जुन"},{"$i":"month-6-short","$v":"जुलाई"},{"$i":"month-7-short","$v":"अगस्ट"},{"$i":"month-8-short","$v":"सेप्टेम्बर"},{"$i":"month-9-short","$v":"अक्टोबर"},{"$i":"month-10-short","$v":"नोभेम्बर"},{"$i":"month-11-short","$v":"डिसेम्बर"},{"$i":"minutes-ago-long","$v":{"zero":"अहिले भर्खर","one":"एक मिनेट अघि","two":[{"t":"idOrVar","v":"value"}," मिनेट पहिला"],"few":[{"t":"idOrVar","v":"value"}," मिनेट पहिला"],"many":[{"t":"idOrVar","v":"value"}," मिनेट पहिला"],"other":[{"t":"idOrVar","v":"value"}," मिनेट पहिला"]},"$x":[{"t":"idOrVar","v":"plural"},"value"]},{"$i":"hours-ago-long","$v":{"zero":"अहिले भर्खर","one":"एक घण्टा अघि","two":[{"t":"idOrVar","v":"value"}," घण्टा पहिला"],"few":[{"t":"idOrVar","v":"value"}," घण्टा पहिला"],"many":[{"t":"idOrVar","v":"value"}," घण्टा पहिला"],"other":[{"t":"idOrVar","v":"value"}," घण्टा पहिला"]},"$x":[{"t":"idOrVar","v":"plural"},"value"]},{"$i":"days-ago-long","$v":{"zero":"आज","one":"हिजो","two":[{"t":"idOrVar","v":"value"}," दिन पहिला"],"few":[{"t":"idOrVar","v":"value"}," दिन पहिला"],"many":[{"t":"idOrVar","v":"value"}," दिन पहिला"],"other":[{"t":"idOrVar","v":"value"}," दिन पहिला"]},"$x":[{"t":"idOrVar","v":"plural"},"value"]},{"$i":"weeks-ago-long","$v":{"zero":"यो हप्ता","one":"गत हप्ता","two":[{"t":"idOrVar","v":"value"}," हप्ता पहिला"],"few":[{"t":"idOrVar","v":"value"}," हप्ता पहिला"],"many":[{"t":"idOrVar","v":"value"}," हप्ता पहिला"],"other":[{"t":"idOrVar","v":"value"}," हप्ता पहिला"]},"$x":[{"t":"idOrVar","v":"plural"},"value"]},{"$i":"months-ago-long","$v":{"zero":"यो महिना","one":"गत महिना","two":[{"t":"idOrVar","v":"value"}," महिना पहिला"],"few":[{"t":"idOrVar","v":"value"}," महिना पहिला"],"many":[{"t":"idOrVar","v":"value"}," महिना पहिला"],"other":[{"t":"idOrVar","v":"value"}," महिना पहिला"]},"$x":[{"t":"idOrVar","v":"plural"},"value"]},{"$i":"years-ago-long","$v":{"zero":"यो वर्ष","one":"गएको वर्ष","two":[{"t":"idOrVar","v":"value"}," वर्ष पहिला"],"few":[{"t":"idOrVar","v":"value"}," वर्ष पहिला"],"many":[{"t":"idOrVar","v":"value"}," वर्ष पहिला"],"other":[{"t":"idOrVar","v":"value"}," वर्ष पहिला"]},"$x":[{"t":"idOrVar","v":"plural"},"value"]},{"$i":"minutes-until-long","$v":{"zero":"अहिले","one":"एक मिनेटमा","two":[{"t":"idOrVar","v":"value"}," मिनेटमा"],"few":[{"t":"idOrVar","v":"value"}," मिनेटमा"],"many":[{"t":"idOrVar","v":"value"}," मिनेटमा"],"other":[{"t":"idOrVar","v":"value"}," मिनेटमा"]},"$x":[{"t":"idOrVar","v":"plural"},"value"]},{"$i":"hours-until-long","$v":{"zero":"अहिले","one":"एक घण्टामा","two":[{"t":"idOrVar","v":"value"}," घण्टामा"],"few":[{"t":"idOrVar","v":"value"}," घण्टामा"],"many":[{"t":"idOrVar","v":"value"}," घण्टामा"],"other":[{"t":"idOrVar","v":"value"}," घण्टामा"]},"$x":[{"t":"idOrVar","v":"plural"},"value"]},{"$i":"days-until-long","$v":{"zero":"आज","one":"भोली","two":[{"t":"idOrVar","v":"value"}," दिनमा"],"few":[{"t":"idOrVar","v":"value"}," दिनमा"],"many":[{"t":"idOrVar","v":"value"}," दिनमा"],"other":[{"t":"idOrVar","v":"value"}," दिनमा"]},"$x":[{"t":"idOrVar","v":"plural"},"value"]},{"$i":"weeks-until-long","$v":{"zero":"यो हप्ता","one":"अर्को हप्ता","two":[{"t":"idOrVar","v":"value"}," हप्तामा"],"few":[{"t":"idOrVar","v":"value"}," हप्तामा"],"many":[{"t":"idOrVar","v":"value"}," हप्तामा"],"other":[{"t":"idOrVar","v":"value"}," हप्तामा"]},"$x":[{"t":"idOrVar","v":"plural"},"value"]},{"$i":"months-until-long","$v":{"zero":"यो महिना","one":"अर्को महिना","two":[{"t":"idOrVar","v":"value"}," महिनामा"],"few":[{"t":"idOrVar","v":"value"}," महिनामा"],"many":[{"t":"idOrVar","v":"value"}," महिनामा"],"other":[{"t":"idOrVar","v":"value"}," महिनामा"]},"$x":[{"t":"idOrVar","v":"plural"},"value"]},{"$i":"years-until-long","$v":{"zero":"यो वर्ष","one":"अर्को वर्ष","two":[{"t":"idOrVar","v":"value"}," वर्षमा"],"few":[{"t":"idOrVar","v":"value"}," वर्षमा"],"many":[{"t":"idOrVar","v":"value"}," वर्षमा"],"other":[{"t":"idOrVar","v":"value"}," वर्षमा"]},"$x":[{"t":"idOrVar","v":"plural"},"value"]},{"$i":"minutes-ago-short","$v":{"zero":"अहिले भर्खर","other":[{"t":"idOrVar","v":"value"}," मिनेट पहिला"]},"$x":[{"t":"idOrVar","v":"plural"},"value"]},{"$i":"hours-ago-short","$v":{"zero":"अहिले भर्खर","other":[{"t":"idOrVar","v":"value"},"घण्टा पहिला"]},"$x":[{"t":"idOrVar","v":"plural"},"value"]},{"$i":"days-ago-short","$v":{"zero":"आज","other":[{"t":"idOrVar","v":"value"},"दिन पहिला"]},"$x":[{"t":"idOrVar","v":"plural"},"value"]},{"$i":"minutes-until-short","$v":{"zero":"अहिले","other":[{"t":"idOrVar","v":"value"}," मिनेटमा"]},"$x":[{"t":"idOrVar","v":"plural"},"value"]},{"$i":"hours-until-short","$v":{"zero":"अहिले","other":[{"t":"idOrVar","v":"value"}," घण्टामा"]},"$x":[{"t":"idOrVar","v":"plural"},"value"]},{"$i":"days-until-short","$v":{"zero":"आज","other":[{"t":"idOrVar","v":"value"}," दिनमा"]},"$x":[{"t":"idOrVar","v":"plural"},"value"]},{"$i":"incorrectDate","$v":"(गलत मिति)"},{"$i":"dateTimeFormat_%c","$v":"%a %b %e %Y %I:%M:%S %p"},{"$i":"dateTimeFormat_%x","$v":"%m/%d/%Y"},{"$i":"dateTimeFormat_%X","$v":"%I:%M:%S %p"},{"$i":"shortTimeFormat","$v":"%I:%M %p"},{"$i":"shortTimeFormat12","$v":"%I:%M %p"},{"$i":"shortTimeFormat24","$v":"%H:%M"},{"$i":"shortDateTimeFormat","$v":"%x %I:%M %p"},{"$i":"weekStartsOnMonday","$v":"0"},{"$i":"firstDayOfTheWeek","$v":"0"},{"$i":"time_am","$v":"AM"},{"$i":"time_pm","$v":"PM"},{"$i":"softkey-options","$v":"विकल्पहरू"},{"$i":"reset","$v":"पुनःसेट गर्नु"},{"$i":"start","$v":"सुरु गर्नुहोस्"},{"$i":"stop","$v":"रोक्नुहोस्"},{"$i":"cancel","$v":"रद्द गर्नुहोस्"},{"$i":"hour","$v":"घण्टा"},{"$i":"hours","$v":"घण्टा"},{"$i":"minute","$v":"मिनेट"},{"$i":"minutes","$v":"मिनेट"},{"$i":"second","$v":"सेकेण्ड"},{"$i":"alarm","$v":"अलार्म"},{"$i":"alarm-name","placeholder":"अलार्म"},{"$i":"timer","$v":"समय"},{"$i":"stopwatch","$v":"स्टपवाच"},{"$i":"alarmName","$v":"अलार्मको नाम"},{"$i":"newAlarm","$v":"नयाँ अलार्म"},{"$i":"editAlarm","$v":"र्आलार्म सम्पादन गर्नुहोस्"},{"$i":"tclSettings","$v":"सेटिङ्हरू"},{"$i":"clock-settings","$v":"घडी सेटिङहरू"},{"$i":"alarms-maximum","$v":"तपाईं अलार्महरूको अधिकतम संख्या सीमामा पुग्नुभएको छ।"},{"$i":"laps-maximum","$v":"तपाईं अलार्महरूको अधिकतम संख्या सीमामा पुग्नुभएको छ।"},{"$i":"changes-saved","$v":"परिवर्तनहरू बचत गरियो।"},{"$i":"pause","$v":"पज गर्नुहोस्"},{"$i":"resume","$v":"पुनः सुरु गर्नुहोस्"},{"$i":"lap","$v":"ल्याप"},{"$i":"lap-number","$v":["ल्याप ",{"t":"idOrVar","v":"n"}]},{"$i":"timer-hour","$v":"घण्टा"},{"$i":"timer-min","$v":"मिनेट"},{"$i":"timer-sec","$v":"सेकेण्ड"},{"$i":"delete","$v":"मेट्नुहोस्"},{"$i":"time","$v":"समय"},{"$i":"snooze-label","$v":"स्नुज गर्नुहोस्"},{"$i":"snooze-button","$v":"स्नुज गर्नुहोस्"},{"$i":"repeat","$v":"दोहोर्‍याउनुहोस्"},{"$i":"vibrate","$v":"भाइब्रेट"},{"$i":"close","$v":"बन्द गर्नुहोस्"},{"$i":"save","$v":"सुरक्षित गर्नुहोस्"},{"$i":"done","$v":"भयो"},{"$i":"tcl-select-time","$v":"समय चयन गर्नुहोस्"},{"$i":"closeButton","ariaLabel":"बन्द गर्नुहोस्"},{"$i":"newAlarmButton","ariaLabel":"नयाँ अलार्म"},{"$i":"alarm-volume-label","$v":"प्रणाली आलार्म भोल्यूम"},{"$i":"tcl-volume","$v":"भोल्युम:"},{"$i":"volume-level-display","$v":[{"t":"idOrVar","v":"n"}," / ",{"t":"idOrVar","v":"c"}]},{"$i":"sound","$v":"आवाज"},{"$i":"noSound","$v":"कुनै आवाज छैन"},{"$i":"tcl-ringtones","$v":"रिङटोनहरू"},{"$i":"everyday","$v":"प्रत्येक दिन"},{"$i":"weekdays","$v":"कार्य दिनहरू"},{"$i":"weekends","$v":"सप्तान्तर"},{"$i":"never","$v":"कहिल्यै पनि होइन"},{"$i":"vibrateOn","$v":"खुला"},{"$i":"vibrateOff","$v":"निष्क्रिय"},{"$i":"tcl-on","$v":"खुला"},{"$i":"tcl-off","$v":"निष्क्रिय"},{"$i":"plusMinute","$v":"+1 मिनिट"},{"$i":"dateFormat","$v":"%A, %b %e"},{"$i":"countdown-lessThanAnHour","$v":["अहिलेबाट ",{"t":"idOrVar","v":"minutes"}," का लागि अलार्म सेट गरियो"]},{"$i":"countdown-moreThanAnHour","$v":["अहिलेबाट ",{"t":"idOrVar","v":"hours"}," ",{"t":"idOrVar","v":"minutes"},"को लागि अलार्म सेट गरियो।"]},{"$i":"countdown-moreThanADay","$v":["अहिलेबाट ",{"t":"idOrVar","v":"days"}," ",{"t":"idOrVar","v":"hours"},"को लागि अलार्म सेट गरियो।"]},{"$i":"tcl-alarm-off","$v":"अलार्म बन्द गरियो।"},{"$i":"tcl-alarm-deleted","$v":"अलार्म मेटाइयो।"},{"$i":"nMinutes","$v":{"zero":"एक मिनेट भन्दा कम","one":"एक मिनेट","two":[{"t":"idOrVar","v":"n"}," मिनेट"],"few":[{"t":"idOrVar","v":"n"}," मिनेट"],"many":[{"t":"idOrVar","v":"n"}," मिनेट"],"other":[{"t":"idOrVar","v":"n"}," मिनेट"]},"$x":[{"t":"idOrVar","v":"plural"},"n"]},{"$i":"nHours","$v":{"zero":"","one":[{"t":"idOrVar","v":"n"}," घण्टा"],"two":[{"t":"idOrVar","v":"n"}," घण्टा"],"few":[{"t":"idOrVar","v":"n"}," घण्टा"],"many":[{"t":"idOrVar","v":"n"}," घण्टा"],"other":[{"t":"idOrVar","v":"n"}," घण्टा"]},"$x":[{"t":"idOrVar","v":"plural"},"n"]},{"$i":"nAndRemainHours","$v":{"zero":"","one":["र ",{"t":"idOrVar","v":"n"}," घण्टा"],"two":["र ",{"t":"idOrVar","v":"n"}," घण्टा"],"few":["र ",{"t":"idOrVar","v":"n"}," घण्टा"],"many":["र ",{"t":"idOrVar","v":"n"}," घण्टा"],"other":["र ",{"t":"idOrVar","v":"n"}," घण्टा"]},"$x":[{"t":"idOrVar","v":"plural"},"n"]},{"$i":"nRemainDays","$v":{"zero":"","one":[{"t":"idOrVar","v":"n"}," चयन गरियो"],"two":[{"t":"idOrVar","v":"n"}," चयन गरियो"],"few":[{"t":"idOrVar","v":"n"}," चयन गरियो"],"many":[{"t":"idOrVar","v":"n"}," चयन गरियो"],"other":[{"t":"idOrVar","v":"n"}," चयन गरियो"]},"$x":[{"t":"idOrVar","v":"plural"},"n"]},{"$i":"nRemainMinutes","$v":{"zero":"","one":["र ",{"t":"idOrVar","v":"n"}," मिनेट"],"two":["र ",{"t":"idOrVar","v":"n"}," मिनेट"],"few":["र ",{"t":"idOrVar","v":"n"}," मिनेट"],"many":["र ",{"t":"idOrVar","v":"n"}," मिनेट"],"other":["र ",{"t":"idOrVar","v":"n"}," मिनेट"]},"$x":[{"t":"idOrVar","v":"plural"},"n"]},{"$i":"nSpinnerSeconds","$v":{"zero":"शून्य सेकेण्ड","one":"एक सेकेण्ड","two":[{"t":"idOrVar","v":"n"}," सेकेण्ड"],"few":[{"t":"idOrVar","v":"n"}," सेकेण्ड"],"many":[{"t":"idOrVar","v":"n"}," सेकेण्ड"],"other":[{"t":"idOrVar","v":"n"}," सेकेण्ड"]},"$x":[{"t":"idOrVar","v":"plural"},"n"]},{"$i":"nSpinnerMinutes","$v":{"zero":"शुन्य मिनेट","one":"एक मिनेट","two":[{"t":"idOrVar","v":"n"}," मिनेट"],"few":[{"t":"idOrVar","v":"n"}," मिनेट"],"many":[{"t":"idOrVar","v":"n"}," मिनेट"],"other":[{"t":"idOrVar","v":"n"}," मिनेट"]},"$x":[{"t":"idOrVar","v":"plural"},"n"]},{"$i":"nSpinnerHours","$v":{"zero":"शून्य घण्टा","one":[{"t":"idOrVar","v":"n"}," घण्टा"],"two":[{"t":"idOrVar","v":"n"}," घण्टा"],"few":[{"t":"idOrVar","v":"n"}," घण्टा"],"many":[{"t":"idOrVar","v":"n"}," घण्टा"],"other":[{"t":"idOrVar","v":"n"}," घण्टा"]},"$x":[{"t":"idOrVar","v":"plural"},"n"]},{"$i":"tcl-stop","$v":"रोक्नुहोस्"},{"$i":"tcl-snooze","$v":"स्नुज गर्नुहोस्"},{"$i":"ac_awake_opus","$v":"ब्युँझनुहोस्"},{"$i":"ac_crystalize_opus","$v":"निश्चित रूप दिनुहोस्"},{"$i":"ac_cycle_opus","$v":"साइकल"},{"$i":"ac_digicloud_opus","$v":"डिजिक्लाउड"},{"$i":"ac_humming_waves_opus","$v":"हमिङ् वेवहरू"},{"$i":"ac_into_the_void_opus","$v":"रिक्त छ"},{"$i":"ac_lightly_opus","$v":"प्रकाशित"},{"$i":"ac_mobile_opus","$v":"मोबाइल"},{"$i":"ac_pinger_opus","$v":"पिङ्गर"},{"$i":"ac_skip_opus","$v":"छोड्नुहोस्"},{"$i":"ac_tri_opus","$v":"ट्राइ"},{"$i":"ac_universal_opus","$v":"विश्वव्यापी"},{"$i":"tcl-options","$v":"विकल्पहरू"},{"$i":"tcl-clock-title","$v":"घडी"},{"$i":"alarm-title","$v":"अलार्म"},{"$i":"no-alarms-body","$v":"कुनै अलार्महरू सेट भएका छैनन्। सुरू गर्न नयाँ अलार्म थिच्नुहोस्।"},{"$i":"tcl-new-alarm","$v":"नयाँ अलार्म"},{"$i":"tcl-settings","$v":"सेटिङ्हरू"},{"$i":"tcl-cancel","$v":"रद्द गर्नुहोस्"},{"$i":"tcl-save","$v":"सुरक्षित गर्नुहोस्"},{"$i":"tcl-turnOn","$v":"सक्रिय गर्नुहोस्"},{"$i":"tcl-turnOff","$v":"अफ गर्नुहोस्"},{"$i":"edit","$v":"सम्पादन गर्नुहोस्"},{"$i":"select","$v":"चयन गर्नुहोस्"},{"$i":"tcl-delete","$v":"मेट्नुहोस्"},{"$i":"tcl-selected-alarm","$v":"अलार्म चयन गर्नुहोस्"},{"$i":"tcl-set","$v":"सेट गर्नुहोस्"},{"$i":"tcl-start","$v":"सुरु गर्नुहोस्"},{"$i":"tcl-reset","$v":"पुनःसेट गर्नु"},{"$i":"tcl-min-plus","$v":"+1 मिनिट"},{"$i":"tcl-resume","$v":"पुनः सुरु गर्नुहोस्"},{"$i":"tcl-lap","$v":"ल्याप"},{"$i":"play","$v":"चलाउनुहोस्"},{"$i":"tcl-no-repeat","$v":"नदोहोरिएको"},{"$i":"tcl-confirm-title","$v":"पुष्टिकरण"},{"$i":"tcl-confirm-delete-body","$v":"चयन गरिएको अलार्म हटाउनुहोस् ?"},{"$i":"tcl-confirm-end-key-body","$v":{"$o":"एप्लिकेसन डेटा क्षतिसँग बन्द गरियो। <br><br> तपाईंलाई सिर्जना गर्नको लागि पछि जान चाहनुहुन्छ ?"}},{"$i":"tcl-confirm-exit-button","$v":"बाहिर"},{"$i":"tcl-confirm-return-button","$v":"फर्कनुहोस्"}]