[{"$i":"weekday-0-long","$v":"ରବିବାର"},{"$i":"weekday-1-long","$v":"ସୋମବାର"},{"$i":"weekday-2-long","$v":"ମଙ୍ଗଳବାର"},{"$i":"weekday-3-long","$v":"ବୁଧବାର"},{"$i":"weekday-4-long","$v":"ଗୁରୁବାର"},{"$i":"weekday-5-long","$v":"ଶୁକ୍ରବାର"},{"$i":"weekday-6-long","$v":"ଶନିବାର"},{"$i":"weekday-0-short","$v":"ରବି"},{"$i":"weekday-1-short","$v":"ସୋମ"},{"$i":"weekday-2-short","$v":"ମଙ୍ଗଳବାର"},{"$i":"weekday-3-short","$v":"ବୁଧ"},{"$i":"weekday-4-short","$v":"ଗୁରୁବାର"},{"$i":"weekday-5-short","$v":"ଶୁକ୍ର"},{"$i":"weekday-6-short","$v":"ଶନି"},{"$i":"month-0-long","$v":"ଜାନୁଆରୀ"},{"$i":"month-1-long","$v":"ଫେବୃଆରୀ"},{"$i":"month-2-long","$v":"ମାର୍ଚ୍ଚ"},{"$i":"month-3-long","$v":"ଏପ୍ରିଲ୍"},{"$i":"month-4-long","$v":"ମେ"},{"$i":"month-5-long","$v":"ଜୁନ୍"},{"$i":"month-6-long","$v":"ଜୁଲାଇ"},{"$i":"month-7-long","$v":"ଅଗଷ୍ଟ"},{"$i":"month-8-long","$v":"ସେପ୍ଟେମ୍ୱର୍"},{"$i":"month-9-long","$v":"ଅକ୍ଟୋବର"},{"$i":"month-10-long","$v":"ନଭେମ୍ୱର୍"},{"$i":"month-11-long","$v":"ଡିସେମ୍ଵର"},{"$i":"month-0-genitive","$v":"ଜାନୁଆରୀ"},{"$i":"month-1-genitive","$v":"ଫେବୃଆରୀ"},{"$i":"month-2-genitive","$v":"ମାର୍ଚ୍ଚ"},{"$i":"month-3-genitive","$v":"ଏପ୍ରିଲ୍"},{"$i":"month-4-genitive","$v":"ମେ"},{"$i":"month-5-genitive","$v":"ଜୁନ୍"},{"$i":"month-6-genitive","$v":"ଜୁଲାଇ"},{"$i":"month-7-genitive","$v":"ଅଗଷ୍ଟ"},{"$i":"month-8-genitive","$v":"ସେପ୍ଟେମ୍ୱର୍"},{"$i":"month-9-genitive","$v":"ଅକ୍ଟୋବର"},{"$i":"month-10-genitive","$v":"ନଭେମ୍ୱର୍"},{"$i":"month-11-genitive","$v":"ଡିସେମ୍ଵର"},{"$i":"month-0-short","$v":"ଜାନୁଆରୀ"},{"$i":"month-1-short","$v":"ଫେବୃଆରୀ"},{"$i":"month-2-short","$v":"ମାର୍ଚ୍ଚ"},{"$i":"month-3-short","$v":"ଏପ୍ରିଲ୍"},{"$i":"month-4-short","$v":"ମେ"},{"$i":"month-5-short","$v":"ଜୁନ୍"},{"$i":"month-6-short","$v":"ଜୁଲାଇ"},{"$i":"month-7-short","$v":"ଅଗଷ୍ଟ"},{"$i":"month-8-short","$v":"ସେପ୍ଟେମ୍ବର୍‌"},{"$i":"month-9-short","$v":"ଅକ୍ଟୋବର"},{"$i":"month-10-short","$v":"ନଭେମ୍ବର"},{"$i":"month-11-short","$v":"ଡିସେମ୍ବର"},{"$i":"minutes-ago-long","$v":{"zero":"ସାଙ୍ଗେସାଙ୍ଗେ","one":"ଏକ ମିନିଟ୍‌ ପୂର୍ବେ","two":[{"t":"idOrVar","v":"value"}," ମିନିଟ୍ ପୂର୍ବେ"],"few":[{"t":"idOrVar","v":"value"}," ମିନିଟ୍ ପୂର୍ବେ"],"many":[{"t":"idOrVar","v":"value"}," ମିନିଟ୍ ପୂର୍ବେ"],"other":[{"t":"idOrVar","v":"value"}," ମିନିଟ୍ ପୂର୍ବେ"]},"$x":[{"t":"idOrVar","v":"plural"},"value"]},{"$i":"hours-ago-long","$v":{"zero":"ସାଙ୍ଗେସାଙ୍ଗେ","one":"ଏକ ଘଣ୍ଟା ପୂର୍ବେ","two":[{"t":"idOrVar","v":"value"}," ଘଣ୍ଟା ପୂର୍ବେ"],"few":[{"t":"idOrVar","v":"value"}," ଘଣ୍ଟା ପୂର୍ବେ"],"many":[{"t":"idOrVar","v":"value"}," ଘଣ୍ଟା ପୂର୍ବେ"],"other":[{"t":"idOrVar","v":"value"}," ଘଣ୍ଟା ପୂର୍ବେ"]},"$x":[{"t":"idOrVar","v":"plural"},"value"]},{"$i":"days-ago-long","$v":{"zero":"ଆଜି","one":"ଗତକାଲି","two":[{"t":"idOrVar","v":"value"}," ଦିନ ପୂର୍ବେ"],"few":[{"t":"idOrVar","v":"value"}," ଦିନ ପୂର୍ବେ"],"many":[{"t":"idOrVar","v":"value"}," ଦିନ ପୂର୍ବେ"],"other":[{"t":"idOrVar","v":"value"}," ଦିନ ପୂର୍ବେ"]},"$x":[{"t":"idOrVar","v":"plural"},"value"]},{"$i":"weeks-ago-long","$v":{"zero":"ଏହି ସପ୍ତାହ","one":"ଗତ ସପ୍ତାହ","two":[{"t":"idOrVar","v":"value"}," ସପ୍ତାହ ପୂର୍ବେ"],"few":[{"t":"idOrVar","v":"value"}," ସପ୍ତାହ ପୂର୍ବେ"],"many":[{"t":"idOrVar","v":"value"}," ସପ୍ତାହ ପୂର୍ବେ"],"other":[{"t":"idOrVar","v":"value"}," ସପ୍ତାହ ପୂର୍ବେ"]},"$x":[{"t":"idOrVar","v":"plural"},"value"]},{"$i":"months-ago-long","$v":{"zero":"ଏହି ମାସ","one":"ଗତ ମାସ","two":[{"t":"idOrVar","v":"value"}," ମାସ ପୂର୍ବେ"],"few":[{"t":"idOrVar","v":"value"}," ମାସ ପୂର୍ବେ"],"many":[{"t":"idOrVar","v":"value"}," ମାସ ପୂର୍ବେ"],"other":[{"t":"idOrVar","v":"value"}," ମାସ ପୂର୍ବେ"]},"$x":[{"t":"idOrVar","v":"plural"},"value"]},{"$i":"years-ago-long","$v":{"zero":"ଏହି ବର୍ଷ","one":"ଗତ ବର୍ଷ","two":[{"t":"idOrVar","v":"value"}," ବର୍ଷ ପୂର୍ବେ"],"few":[{"t":"idOrVar","v":"value"}," ବର୍ଷ ପୂର୍ବେ"],"many":[{"t":"idOrVar","v":"value"}," ବର୍ଷ ପୂର୍ବେ"],"other":[{"t":"idOrVar","v":"value"}," ବର୍ଷ ପୂର୍ବେ"]},"$x":[{"t":"idOrVar","v":"plural"},"value"]},{"$i":"minutes-until-long","$v":{"zero":"ବର୍ତ୍ତମାନ","one":"ଏକ ମିନିଟ୍‌ ରେ","two":[{"t":"idOrVar","v":"value"}," ମିନିଟ୍‌ରେ"],"few":[{"t":"idOrVar","v":"value"}," ମିନିଟ୍‌ରେ"],"many":[{"t":"idOrVar","v":"value"}," ମିନିଟ୍‌ରେ"],"other":[{"t":"idOrVar","v":"value"}," ମିନିଟ୍‌ରେ"]},"$x":[{"t":"idOrVar","v":"plural"},"value"]},{"$i":"hours-until-long","$v":{"zero":"ବର୍ତ୍ତମାନ","one":"ଏକ ଘଣ୍ଟାରେ","two":[{"t":"idOrVar","v":"value"}," ଘଣ୍ଟାରେ"],"few":[{"t":"idOrVar","v":"value"}," ଘଣ୍ଟାରେ"],"many":[{"t":"idOrVar","v":"value"}," ଘଣ୍ଟାରେ"],"other":[{"t":"idOrVar","v":"value"}," ଘଣ୍ଟାରେ"]},"$x":[{"t":"idOrVar","v":"plural"},"value"]},{"$i":"days-until-long","$v":{"zero":"ଆଜି","one":"ଆସନ୍ତାକାଲି","two":[{"t":"idOrVar","v":"value"}," ଦିନରେ"],"few":[{"t":"idOrVar","v":"value"}," ଦିନରେ"],"many":[{"t":"idOrVar","v":"value"}," ଦିନରେ"],"other":[{"t":"idOrVar","v":"value"}," ଦିନରେ"]},"$x":[{"t":"idOrVar","v":"plural"},"value"]},{"$i":"weeks-until-long","$v":{"zero":"ଏହି ସପ୍ତାହ","one":"ପରବର୍ତ୍ତୀ ସପ୍ତାହ","two":[{"t":"idOrVar","v":"value"}," ସପ୍ତାହରେ"],"few":[{"t":"idOrVar","v":"value"}," ସପ୍ତାହରେ"],"many":[{"t":"idOrVar","v":"value"}," ସପ୍ତାହରେ"],"other":[{"t":"idOrVar","v":"value"}," ସପ୍ତାହରେ"]},"$x":[{"t":"idOrVar","v":"plural"},"value"]},{"$i":"months-until-long","$v":{"zero":"ଏହି ମାସ","one":"ପରବର୍ତ୍ତୀ ମାସ","two":[{"t":"idOrVar","v":"value"}," ମାସରେ"],"few":[{"t":"idOrVar","v":"value"}," ମାସରେ"],"many":[{"t":"idOrVar","v":"value"}," ମାସରେ"],"other":[{"t":"idOrVar","v":"value"}," ମାସରେ"]},"$x":[{"t":"idOrVar","v":"plural"},"value"]},{"$i":"years-until-long","$v":{"zero":"ଏହି ବର୍ଷ","one":"ପରବର୍ତ୍ତୀ ବର୍ଷ","two":[{"t":"idOrVar","v":"value"}," ବର୍ଷରେ"],"few":[{"t":"idOrVar","v":"value"}," ବର୍ଷରେ"],"many":[{"t":"idOrVar","v":"value"}," ବର୍ଷରେ"],"other":[{"t":"idOrVar","v":"value"}," ବର୍ଷରେ"]},"$x":[{"t":"idOrVar","v":"plural"},"value"]},{"$i":"minutes-ago-short","$v":{"zero":"ସାଙ୍ଗେସାଙ୍ଗେ","other":[{"t":"idOrVar","v":"value"},"m ପୂର୍ବେ"]},"$x":[{"t":"idOrVar","v":"plural"},"value"]},{"$i":"hours-ago-short","$v":{"zero":"ସାଙ୍ଗେସାଙ୍ଗେ","other":[{"t":"idOrVar","v":"value"},"h ପୂର୍ବେ"]},"$x":[{"t":"idOrVar","v":"plural"},"value"]},{"$i":"days-ago-short","$v":{"zero":"ଆଜି","other":[{"t":"idOrVar","v":"value"},"d ପୂର୍ବେ"]},"$x":[{"t":"idOrVar","v":"plural"},"value"]},{"$i":"minutes-until-short","$v":{"zero":"ବର୍ତ୍ତମାନ","other":[{"t":"idOrVar","v":"value"}," ମାସରେ"]},"$x":[{"t":"idOrVar","v":"plural"},"value"]},{"$i":"hours-until-short","$v":{"zero":"ବର୍ତ୍ତମାନ","other":[{"t":"idOrVar","v":"value"}," ଘଣ୍ଟାରେ"]},"$x":[{"t":"idOrVar","v":"plural"},"value"]},{"$i":"days-until-short","$v":{"zero":"ଆଜି","other":[{"t":"idOrVar","v":"value"}," ଦିନରେ"]},"$x":[{"t":"idOrVar","v":"plural"},"value"]},{"$i":"incorrectDate","$v":"(ଭୁଲ୍ ତାରିଖ)"},{"$i":"dateTimeFormat_%c","$v":"%a %b %e %Y %I:%M:%S %p"},{"$i":"dateTimeFormat_%x","$v":"%m/%d/%Y"},{"$i":"dateTimeFormat_%X","$v":"%I:%M:%S %p"},{"$i":"shortTimeFormat","$v":"%I:%M %p"},{"$i":"shortTimeFormat12","$v":"%I:%M %p"},{"$i":"shortTimeFormat24","$v":"%H:%M"},{"$i":"shortDateTimeFormat","$v":"%x %I:%M %p"},{"$i":"weekStartsOnMonday","$v":"0"},{"$i":"firstDayOfTheWeek","$v":"0"},{"$i":"time_am","$v":"AM"},{"$i":"time_pm","$v":"PM"},{"$i":"softkey-options","$v":"ବିକଳ୍ପଗୁଡିକ"},{"$i":"reset","$v":"ପୁନଃସେଟ୍ କରନ୍ତୁ"},{"$i":"start","$v":"ଆରମ୍ଭ"},{"$i":"stop","$v":"ବନ୍ଦ କରନ୍ତୁ"},{"$i":"cancel","$v":"ବାତିଲ କରନ୍ତୁ"},{"$i":"hour","$v":"ଘଣ୍ଟା"},{"$i":"hours","$v":"ଘଣ୍ଟା"},{"$i":"minute","$v":"ମିନିଟ୍‍"},{"$i":"minutes","$v":"ମିନିଟ୍"},{"$i":"second","$v":"ସେକେଣ୍ଡ"},{"$i":"alarm","$v":"ଆଲାରାମ୍"},{"$i":"alarm-name","placeholder":"ଆଲାରାମ୍"},{"$i":"timer","$v":"ଟାଇମର୍"},{"$i":"stopwatch","$v":"ଷ୍ଟପୱାଚ୍"},{"$i":"alarmName","$v":"ଆଲାରାମ୍ ନାମ"},{"$i":"newAlarm","$v":"ନୂତନ ଆଲାରାମ୍"},{"$i":"editAlarm","$v":"ଆଲାରାମ୍ ସମ୍ପାଦନ କରନ୍ତୁ"},{"$i":"tclSettings","$v":"ସେଟିଂସ୍"},{"$i":"clock-settings","$v":"ଘଣ୍ଟାର ସେଟିଂସ୍"},{"$i":"alarms-maximum","$v":"ଆପଣ ଆଲରାମ୍‌ର ସର୍ବାଧିକ ସଂଖ୍ୟାରେ ପହଞ୍ଚିଛନ୍ତି |"},{"$i":"laps-maximum","$v":"ଆପଣ ଲ୍ୟାପର ସର୍ବାଧିକ ସଂଖ୍ୟାରେ ପହଞ୍ଚିଛନ୍ତି।"},{"$i":"changes-saved","$v":"ପରିବର୍ତ୍ତନଗୁଡିକ ସେଭ୍ ହୋଇଛି।"},{"$i":"pause","$v":"ବିରତ କରନ୍ତୁ"},{"$i":"resume","$v":"ପୁନଃ ଆରମ୍ଭ କରନ୍ତୁ"},{"$i":"lap","$v":"ଲ୍ୟାପ୍"},{"$i":"lap-number","$v":["ଲ୍ୟାପ୍‌ ",{"t":"idOrVar","v":"n"}]},{"$i":"timer-hour","$v":"ଘଣ୍ଟା"},{"$i":"timer-min","$v":"ମିନିଟ୍‍"},{"$i":"timer-sec","$v":"ସେକେଣ୍ଡ"},{"$i":"delete","$v":"ବିଲୋପ କରନ୍ତୁ"},{"$i":"time","$v":"ସମୟ"},{"$i":"snooze-label","$v":"ସ୍ନୁଜ୍ କରନ୍ତୁ"},{"$i":"snooze-button","$v":"ସ୍ନୁଜ୍ କରନ୍ତୁ"},{"$i":"repeat","$v":"ପୁନରାବୃତ୍ତି କରନ୍ତୁ"},{"$i":"vibrate","$v":"କମ୍ପନ"},{"$i":"close","$v":"ବନ୍ଦ କରନ୍ତୁ"},{"$i":"save","$v":"ସେଭ୍ କରନ୍ତୁ"},{"$i":"done","$v":"ସମ୍ପୁର୍ଣ୍ଣ"},{"$i":"tcl-select-time","$v":"ସମୟ ଚୟନ କରନ୍ତୁ"},{"$i":"closeButton","ariaLabel":"ବନ୍ଦ କରନ୍ତୁ"},{"$i":"newAlarmButton","ariaLabel":"ନୂତନ ଆଲାରାମ୍"},{"$i":"alarm-volume-label","$v":"ସିଷ୍ଟମ୍ ଆଲାରାମ୍ ଭଲ୍ୟୁମ୍"},{"$i":"tcl-volume","$v":"ଭଲ୍ୟୁମ୍‌:"},{"$i":"volume-level-display","$v":[{"t":"idOrVar","v":"n"}," / ",{"t":"idOrVar","v":"c"}]},{"$i":"sound","$v":"ଧ୍ଵନି"},{"$i":"noSound","$v":"କୌଣସି ଧ୍ଵନି ନାହିଁ"},{"$i":"tcl-ringtones","$v":"ରିଂଟୋନ୍‌ଗୁଡିକ"},{"$i":"everyday","$v":"ପ୍ରତ୍ୟେକ ଦିନ"},{"$i":"weekdays","$v":"ସପ୍ତାହର କାର୍ଯ୍ୟଦିବସଗୁଡିକ"},{"$i":"weekends","$v":"ସପ୍ତାହର ଶେଷ ଦିନଗୁଡିକ"},{"$i":"never","$v":"କେବେବି ନୁହେଁ"},{"$i":"vibrateOn","$v":"ଅନ୍"},{"$i":"vibrateOff","$v":"ଅଫ୍"},{"$i":"tcl-on","$v":"ଅନ୍"},{"$i":"tcl-off","$v":"ଅଫ୍"},{"$i":"plusMinute","$v":"+1 ମିନିଟ୍"},{"$i":"dateFormat","$v":"%A, %b %e"},{"$i":"countdown-lessThanAnHour","$v":["ଆଲାରାମ୍ ବର୍ତ୍ତମାନ ଠାରୁ ",{"t":"idOrVar","v":"minutes"}," ପାଇଁ ସେଟ୍ କରନ୍ତୁ।"]},{"$i":"countdown-moreThanAnHour","$v":["ଆଲାରାମ୍ ବର୍ତ୍ତମାନ ଠାରୁ ",{"t":"idOrVar","v":"hours"}," ",{"t":"idOrVar","v":"minutes"}," ପାଇଁ ସେଟ୍ କରନ୍ତୁ।"]},{"$i":"countdown-moreThanADay","$v":["ଆଲାରାମ୍ ବର୍ତ୍ତମାନ ଠାରୁ ",{"t":"idOrVar","v":"days"}," ",{"t":"idOrVar","v":"hours"}," ପାଇଁ ସେଟ୍ କରନ୍ତୁ।"]},{"$i":"tcl-alarm-off","$v":"ଆଲାରାମ୍ ଅଫ୍ ହୋଇଛି।"},{"$i":"tcl-alarm-deleted","$v":"ଆଲାରାମ୍ ବିଲୋପିତ ହୋଇଛି।"},{"$i":"nMinutes","$v":{"zero":"ଏକ ମିନିଟରୁ କମ୍‌","one":"ଏକ ମିନିଟ୍‌","two":[{"t":"idOrVar","v":"n"}," ମିନିଟ୍"],"few":[{"t":"idOrVar","v":"n"}," ମିନିଟ୍"],"many":[{"t":"idOrVar","v":"n"}," ମିନିଟ୍"],"other":[{"t":"idOrVar","v":"n"}," ମିନିଟ୍"]},"$x":[{"t":"idOrVar","v":"plural"},"n"]},{"$i":"nHours","$v":{"zero":"","one":[{"t":"idOrVar","v":"n"}," ଘଣ୍ଟା"],"two":[{"t":"idOrVar","v":"n"}," ଘଣ୍ଟା"],"few":[{"t":"idOrVar","v":"n"}," ଘଣ୍ଟା"],"many":[{"t":"idOrVar","v":"n"}," ଘଣ୍ଟା"],"other":[{"t":"idOrVar","v":"n"}," ଘଣ୍ଟା"]},"$x":[{"t":"idOrVar","v":"plural"},"n"]},{"$i":"nAndRemainHours","$v":{"zero":"","one":["ଏବଂ ",{"t":"idOrVar","v":"n"}," ଘଣ୍ଟା"],"two":["ଏବଂ ",{"t":"idOrVar","v":"n"}," ଘଣ୍ଟା"],"few":["ଏବଂ ",{"t":"idOrVar","v":"n"}," ଘଣ୍ଟା"],"many":["ଏବଂ ",{"t":"idOrVar","v":"n"}," ଘଣ୍ଟା"],"other":["ଏବଂ ",{"t":"idOrVar","v":"n"}," ଘଣ୍ଟା"]},"$x":[{"t":"idOrVar","v":"plural"},"n"]},{"$i":"nRemainDays","$v":{"zero":"","one":[{"t":"idOrVar","v":"n"}," ଦିନ"],"two":[{"t":"idOrVar","v":"n"}," ଦିନ"],"few":[{"t":"idOrVar","v":"n"}," ଦିନ"],"many":[{"t":"idOrVar","v":"n"}," ଦିନ"],"other":[{"t":"idOrVar","v":"n"}," ଦିନ"]},"$x":[{"t":"idOrVar","v":"plural"},"n"]},{"$i":"nRemainMinutes","$v":{"zero":"","one":["ଏବଂ ",{"t":"idOrVar","v":"n"}," ମିନିଟ୍‌"],"two":["ଏବଂ ",{"t":"idOrVar","v":"n"}," ମିନିଟ୍"],"few":["ଏବଂ ",{"t":"idOrVar","v":"n"}," ମିନିଟ୍"],"many":["ଏବଂ ",{"t":"idOrVar","v":"n"}," ମିନିଟ୍"],"other":["ଏବଂ ",{"t":"idOrVar","v":"n"}," ମିନିଟ୍"]},"$x":[{"t":"idOrVar","v":"plural"},"n"]},{"$i":"nSpinnerSeconds","$v":{"zero":"ଶୂନ୍ୟ ସେକେଣ୍ଡ","one":"ଏକ ସେକେଣ୍ଡ","two":[{"t":"idOrVar","v":"n"}," ସେକେଣ୍ଡ"],"few":[{"t":"idOrVar","v":"n"}," ସେକେଣ୍ଡ"],"many":[{"t":"idOrVar","v":"n"}," ସେକେଣ୍ଡ"],"other":[{"t":"idOrVar","v":"n"}," ସେକେଣ୍ଡ"]},"$x":[{"t":"idOrVar","v":"plural"},"n"]},{"$i":"nSpinnerMinutes","$v":{"zero":"ଶୂନ୍ୟ ମିନିଟ୍","one":"ଏକ ମିନିଟ୍‌","two":[{"t":"idOrVar","v":"n"}," ମିନିଟ୍"],"few":[{"t":"idOrVar","v":"n"}," ମିନିଟ୍"],"many":[{"t":"idOrVar","v":"n"}," ମିନିଟ୍"],"other":[{"t":"idOrVar","v":"n"}," ମିନିଟ୍"]},"$x":[{"t":"idOrVar","v":"plural"},"n"]},{"$i":"nSpinnerHours","$v":{"zero":"ଶୂନ୍ୟ ଘଣ୍ଟା","one":[{"t":"idOrVar","v":"n"}," ଘଣ୍ଟା"],"two":[{"t":"idOrVar","v":"n"}," ଘଣ୍ଟା"],"few":[{"t":"idOrVar","v":"n"}," ଘଣ୍ଟା"],"many":[{"t":"idOrVar","v":"n"}," ଘଣ୍ଟା"],"other":[{"t":"idOrVar","v":"n"}," ଘଣ୍ଟା"]},"$x":[{"t":"idOrVar","v":"plural"},"n"]},{"$i":"tcl-stop","$v":"ବନ୍ଦ କରନ୍ତୁ"},{"$i":"tcl-snooze","$v":"ସ୍ନୁଜ୍ କରନ୍ତୁ"},{"$i":"ac_awake_opus","$v":"ଆୱେକ୍"},{"$i":"ac_crystalize_opus","$v":"କ୍ରିଷ୍ଟାଲାଇଜ୍"},{"$i":"ac_cycle_opus","$v":"ସାଇକଲ୍"},{"$i":"ac_digicloud_opus","$v":"ଡିଜିକ୍ଲାଉଡ୍"},{"$i":"ac_humming_waves_opus","$v":"ହମିଂ ୱେଭ୍‌ସ୍"},{"$i":"ac_into_the_void_opus","$v":"ଇନ୍ ଟୁ ଦି ଭଏଡ୍"},{"$i":"ac_lightly_opus","$v":"ଲାଇଟ୍‌ଲି"},{"$i":"ac_mobile_opus","$v":"ମୋବାଇଲ୍"},{"$i":"ac_pinger_opus","$v":"ପିଙ୍ଗର୍"},{"$i":"ac_skip_opus","$v":"ସ୍କିପ୍"},{"$i":"ac_tri_opus","$v":"ଟ୍ରାଇ"},{"$i":"ac_universal_opus","$v":"ୟୁନିଭର୍ସାଲ୍"},{"$i":"tcl-options","$v":"ବିକଳ୍ପଗୁଡିକ"},{"$i":"tcl-clock-title","$v":"ଘଣ୍ଟା"},{"$i":"alarm-title","$v":"ଆଲାରାମ୍"},{"$i":"no-alarms-body","$v":"କୌଣସି ଆଲାରାମ୍‌ ସେଟ୍ ହୋଇନାହିଁ। ଆରମ୍ଭ କରିବାକୁ ନୂତନ ଆଲାରାମ୍ ଦବାନ୍ତୁ |"},{"$i":"tcl-new-alarm","$v":"ନୂତନ ଆଲାରାମ୍"},{"$i":"tcl-settings","$v":"ସେଟିଂସ୍"},{"$i":"tcl-cancel","$v":"ବାତିଲ କରନ୍ତୁ"},{"$i":"tcl-save","$v":"ସେଭ୍ କରନ୍ତୁ"},{"$i":"tcl-turnOn","$v":"ଅନ୍‌ କରନ୍ତୁ"},{"$i":"tcl-turnOff","$v":"ଅଫ୍‌ କରନ୍ତୁ"},{"$i":"edit","$v":"ସମ୍ପାଦନ କରନ୍ତୁ"},{"$i":"select","$v":"ଚୟନ କରନ୍ତୁ"},{"$i":"tcl-delete","$v":"ବିଲୋପ କରନ୍ତୁ"},{"$i":"tcl-selected-alarm","$v":"ଚୟନିତ ଆଲାରାମ୍"},{"$i":"tcl-set","$v":"ସେଟ୍ କରନ୍ତୁ"},{"$i":"tcl-start","$v":"ଆରମ୍ଭ"},{"$i":"tcl-reset","$v":"ପୁନଃସେଟ୍ କରନ୍ତୁ"},{"$i":"tcl-min-plus","$v":"+1 ମିନିଟ୍"},{"$i":"tcl-resume","$v":"ପୁନଃ ଆରମ୍ଭ କରନ୍ତୁ"},{"$i":"tcl-lap","$v":"ଲ୍ୟାପ୍"},{"$i":"play","$v":"ବଜାନ୍ତୁ"},{"$i":"tcl-no-repeat","$v":"କୌଣସି ପୁନରାବୃତ୍ତି ନାହିଁ"},{"$i":"tcl-confirm-title","$v":"ନିଶ୍ଚିତକରଣ"},{"$i":"tcl-confirm-delete-body","$v":"ଚୟନିତ ଆଲାରାମ୍ ବିଲୋପ କରିବେ ?"},{"$i":"tcl-confirm-end-key-body","$v":{"$o":"ଡାଟା ବିଲୁପ୍ତ ସହ ଆପ୍ଲିକେସନ୍ ବନ୍ଦ ହେବ। <br><br> ଆପଣ ସମ୍ପାଦନା କରିବାକୁ ଫେରିବାକୁ ଚାହାଁନ୍ତି  ?"}},{"$i":"tcl-confirm-exit-button","$v":"ପ୍ରସ୍ଥାନ କରନ୍ତୁ"},{"$i":"tcl-confirm-return-button","$v":"ଫେରନ୍ତୁ"}]