[{"$i":"weekday-0-long","$v":"ਐਤਵਾਰ"},{"$i":"weekday-1-long","$v":"ਸੋਮਵਾਰ"},{"$i":"weekday-2-long","$v":"ਮੰਗਲਵਾਰ"},{"$i":"weekday-3-long","$v":"ਬੁੱਧਵਾਰ"},{"$i":"weekday-4-long","$v":"ਵੀਰਵਾਰ"},{"$i":"weekday-5-long","$v":"ਸ਼ੁੱਕਰਵਾਰ"},{"$i":"weekday-6-long","$v":"ਸ਼ਨੀਵਾਰ"},{"$i":"weekday-0-short","$v":"ਐਤ"},{"$i":"weekday-1-short","$v":"ਸੋਮ"},{"$i":"weekday-2-short","$v":"ਮੰਗਲ"},{"$i":"weekday-3-short","$v":"ਬੁੱਧ"},{"$i":"weekday-4-short","$v":"ਵੀਰ"},{"$i":"weekday-5-short","$v":"ਸ਼ੁੱਕਰਵਾਰ"},{"$i":"weekday-6-short","$v":"ਸ਼ਨੀ"},{"$i":"month-0-long","$v":"ਜਨਵਰੀ"},{"$i":"month-1-long","$v":"ਫਰਵਰੀ"},{"$i":"month-2-long","$v":"ਮਾਰਚ"},{"$i":"month-3-long","$v":"ਅਪ੍ਰੈਲ"},{"$i":"month-4-long","$v":"ਮਈ"},{"$i":"month-5-long","$v":"ਜੂਨ"},{"$i":"month-6-long","$v":"ਜੁਲਾਈ"},{"$i":"month-7-long","$v":"ਅਗਸਤ"},{"$i":"month-8-long","$v":"ਸਤੰਬਰ"},{"$i":"month-9-long","$v":"ਅਕਤੂਬਰ"},{"$i":"month-10-long","$v":"ਨਵੰਬਰ"},{"$i":"month-11-long","$v":"ਦਸੰਬਰ"},{"$i":"month-0-genitive","$v":"ਜਨਵਰੀ"},{"$i":"month-1-genitive","$v":"ਫਰਵਰੀ"},{"$i":"month-2-genitive","$v":"ਮਾਰਚ"},{"$i":"month-3-genitive","$v":"ਅਪ੍ਰੈਲ"},{"$i":"month-4-genitive","$v":"ਮਈ"},{"$i":"month-5-genitive","$v":"ਜੂਨ"},{"$i":"month-6-genitive","$v":"ਜੁਲਾਈ"},{"$i":"month-7-genitive","$v":"ਅਗਸਤ"},{"$i":"month-8-genitive","$v":"ਸਤੰਬਰ"},{"$i":"month-9-genitive","$v":"ਅਕਤੂਬਰ"},{"$i":"month-10-genitive","$v":"ਨਵੰਬਰ"},{"$i":"month-11-genitive","$v":"ਦਸੰਬਰ"},{"$i":"month-0-short","$v":"ਜਨਵਰੀ"},{"$i":"month-1-short","$v":"ਫਰਵਰੀ"},{"$i":"month-2-short","$v":"ਮਾਰਚ"},{"$i":"month-3-short","$v":"ਅਪ੍ਰੈਲ"},{"$i":"month-4-short","$v":"ਮਈ"},{"$i":"month-5-short","$v":"ਜੂਨ"},{"$i":"month-6-short","$v":"ਜੁਲਾਈ"},{"$i":"month-7-short","$v":"ਅਗਸਤ"},{"$i":"month-8-short","$v":"ਸਤੰਬਰ"},{"$i":"month-9-short","$v":"ਅਕਤੂਬਰ"},{"$i":"month-10-short","$v":"ਨਵੰਬਰ"},{"$i":"month-11-short","$v":"ਦਸੰਬਰ"},{"$i":"minutes-ago-long","$v":{"zero":"ਸਿਰਫ਼ ਹੁਣ","one":"ਇੱਕ ਮਿੰਟ ਪਹਿਲਾਂ","two":[{"t":"idOrVar","v":"value"}," ਮਿੰਟ ਪਹਿਲਾਂ"],"few":[{"t":"idOrVar","v":"value"}," ਮਿੰਟ ਪਹਿਲਾਂ"],"many":[{"t":"idOrVar","v":"value"}," ਮਿੰਟ ਪਹਿਲਾਂ"],"other":[{"t":"idOrVar","v":"value"}," ਮਿੰਟ ਪਹਿਲਾਂ"]},"$x":[{"t":"idOrVar","v":"plural"},"value"]},{"$i":"hours-ago-long","$v":{"zero":"ਸਿਰਫ਼ ਹੁਣ","one":"ਇੱਕ ਘੰਟਾ ਪਹਿਲਾਂ","two":[{"t":"idOrVar","v":"value"}," ਘੰਟੇ ਪਹਿਲਾਂ"],"few":[{"t":"idOrVar","v":"value"}," ਘੰਟੇ ਪਹਿਲਾਂ"],"many":[{"t":"idOrVar","v":"value"}," ਘੰਟੇ ਪਹਿਲਾਂ"],"other":[{"t":"idOrVar","v":"value"}," ਘੰਟੇ ਪਹਿਲਾਂ"]},"$x":[{"t":"idOrVar","v":"plural"},"value"]},{"$i":"days-ago-long","$v":{"zero":"ਅੱਜ","one":"ਗੁਜ਼ਰਿਆ ਹੋਇਆ ਕੱਲ","two":[{"t":"idOrVar","v":"value"}," ਦਿਨ ਪਹਿਲਾਂ"],"few":[{"t":"idOrVar","v":"value"}," ਦਿਨ ਪਹਿਲਾਂ"],"many":[{"t":"idOrVar","v":"value"}," ਦਿਨ ਪਹਿਲਾਂ"],"other":[{"t":"idOrVar","v":"value"}," ਦਿਨ ਪਹਿਲਾਂ"]},"$x":[{"t":"idOrVar","v":"plural"},"value"]},{"$i":"weeks-ago-long","$v":{"zero":"ਇਹ ਹਫ਼ਤਾ","one":"ਪਿਛਲਾ ਹਫ਼ਤਾ","two":[{"t":"idOrVar","v":"value"}," ਹਫ਼ਤੇ ਪਹਿਲਾਂ"],"few":[{"t":"idOrVar","v":"value"}," ਹਫ਼ਤੇ ਪਹਿਲਾਂ"],"many":[{"t":"idOrVar","v":"value"}," ਹਫ਼ਤੇ ਪਹਿਲਾਂ"],"other":[{"t":"idOrVar","v":"value"}," ਹਫ਼ਤੇ ਪਹਿਲਾਂ"]},"$x":[{"t":"idOrVar","v":"plural"},"value"]},{"$i":"months-ago-long","$v":{"zero":"ਇਹ ਮਹੀਨਾ","one":"ਪਿਛਲਾ ਮਹੀਨਾ","two":[{"t":"idOrVar","v":"value"}," ਮਹੀਨੇ ਮਹੀਨਾ"],"few":[{"t":"idOrVar","v":"value"}," ਮਹੀਨੇ ਮਹੀਨਾ"],"many":[{"t":"idOrVar","v":"value"}," ਮਹੀਨੇ ਮਹੀਨਾ"],"other":[{"t":"idOrVar","v":"value"}," ਮਹੀਨੇ ਮਹੀਨਾ"]},"$x":[{"t":"idOrVar","v":"plural"},"value"]},{"$i":"years-ago-long","$v":{"zero":"ਇਹ ਸਾਲ","one":"ਪਿਛਲਾ ਸਾਲ","two":[{"t":"idOrVar","v":"value"}," ਸਾਲ ਪਹਿਲਾਂ"],"few":[{"t":"idOrVar","v":"value"}," ਸਾਲ ਪਹਿਲਾਂ"],"many":[{"t":"idOrVar","v":"value"}," ਸਾਲ ਪਹਿਲਾਂ"],"other":[{"t":"idOrVar","v":"value"}," ਸਾਲ ਪਹਿਲਾਂ"]},"$x":[{"t":"idOrVar","v":"plural"},"value"]},{"$i":"minutes-until-long","$v":{"zero":"ਹੁਣ","one":"ਇੱਕ ਮਿੰਟ ਵਿੱਚ","two":[{"t":"idOrVar","v":"value"}," ਮਿੰਟਾਂ ਵਿੱਚ"],"few":[{"t":"idOrVar","v":"value"}," ਮਿੰਟਾਂ ਵਿੱਚ"],"many":[{"t":"idOrVar","v":"value"}," ਮਿੰਟਾਂ ਵਿੱਚ"],"other":[{"t":"idOrVar","v":"value"}," ਮਿੰਟਾਂ ਵਿੱਚ"]},"$x":[{"t":"idOrVar","v":"plural"},"value"]},{"$i":"hours-until-long","$v":{"zero":"ਹੁਣ","one":"ਇੱਕ ਘੰਟੇ ਵਿੱਚ","two":[{"t":"idOrVar","v":"value"}," ਘੰਟਿਆਂ ਵਿੱਚ"],"few":[{"t":"idOrVar","v":"value"}," ਘੰਟਿਆਂ ਵਿੱਚ"],"many":[{"t":"idOrVar","v":"value"}," ਘੰਟਿਆਂ ਵਿੱਚ"],"other":[{"t":"idOrVar","v":"value"}," ਘੰਟਿਆਂ ਵਿੱਚ"]},"$x":[{"t":"idOrVar","v":"plural"},"value"]},{"$i":"days-until-long","$v":{"zero":"ਅੱਜ","one":"ਆਉਣ ਵਾਲਾ ਕੱਲ","two":[{"t":"idOrVar","v":"value"}," ਦਿਨਾਂ ਵਿੱਚ"],"few":[{"t":"idOrVar","v":"value"}," ਦਿਨਾਂ ਵਿੱਚ"],"many":[{"t":"idOrVar","v":"value"}," ਦਿਨਾਂ ਵਿੱਚ"],"other":[{"t":"idOrVar","v":"value"}," ਦਿਨਾਂ ਵਿੱਚ"]},"$x":[{"t":"idOrVar","v":"plural"},"value"]},{"$i":"weeks-until-long","$v":{"zero":"ਇਹ ਹਫ਼ਤਾ","one":"ਅਗਲਾ ਹਫ਼ਤਾ","two":[{"t":"idOrVar","v":"value"}," ਹਫ਼ਤਿਆਂ ਵਿੱਚ"],"few":[{"t":"idOrVar","v":"value"}," ਹਫ਼ਤਿਆਂ ਵਿੱਚ"],"many":[{"t":"idOrVar","v":"value"}," ਹਫ਼ਤਿਆਂ ਵਿੱਚ"],"other":[{"t":"idOrVar","v":"value"}," ਹਫ਼ਤਿਆਂ ਵਿੱਚ"]},"$x":[{"t":"idOrVar","v":"plural"},"value"]},{"$i":"months-until-long","$v":{"zero":"ਇਹ ਮਹੀਨਾ","one":"ਅਗਲਾ ਮਹੀਨਾ","two":[{"t":"idOrVar","v":"value"}," ਮਹੀਨਿਆਂ ਵਿੱਚ"],"few":[{"t":"idOrVar","v":"value"}," ਮਹੀਨਿਆਂ ਵਿੱਚ"],"many":[{"t":"idOrVar","v":"value"}," ਮਹੀਨਿਆਂ ਵਿੱਚ"],"other":[{"t":"idOrVar","v":"value"}," ਮਹੀਨਿਆਂ ਵਿੱਚ"]},"$x":[{"t":"idOrVar","v":"plural"},"value"]},{"$i":"years-until-long","$v":{"zero":"ਇਹ ਸਾਲ","one":"ਅਗਲਾ ਸਾਲ","two":[{"t":"idOrVar","v":"value"}," ਸਾਲਾਂ ਵਿੱਚ"],"few":[{"t":"idOrVar","v":"value"}," ਸਾਲਾਂ ਵਿੱਚ"],"many":[{"t":"idOrVar","v":"value"}," ਸਾਲਾਂ ਵਿੱਚ"],"other":[{"t":"idOrVar","v":"value"}," ਸਾਲਾਂ ਵਿੱਚ"]},"$x":[{"t":"idOrVar","v":"plural"},"value"]},{"$i":"minutes-ago-short","$v":{"zero":"ਸਿਰਫ਼ ਹੁਣ","other":[{"t":"idOrVar","v":"value"}," ਮਿੰਟ ਪਹਿਲਾਂ"]},"$x":[{"t":"idOrVar","v":"plural"},"value"]},{"$i":"hours-ago-short","$v":{"zero":"ਸਿਰਫ਼ ਹੁਣ","other":[{"t":"idOrVar","v":"value"}," ਘੰਟਾ ਪਹਿਲਾਂ"]},"$x":[{"t":"idOrVar","v":"plural"},"value"]},{"$i":"days-ago-short","$v":{"zero":"ਅੱਜ","other":[{"t":"idOrVar","v":"value"}," ਦਿਨ ਪਹਿਲਾਂ"]},"$x":[{"t":"idOrVar","v":"plural"},"value"]},{"$i":"minutes-until-short","$v":{"zero":"ਹੁਣ","other":[{"t":"idOrVar","v":"value"}," ਮਿੰਟ ਵਿੱਚ"]},"$x":[{"t":"idOrVar","v":"plural"},"value"]},{"$i":"hours-until-short","$v":{"zero":"ਹੁਣ","other":[{"t":"idOrVar","v":"value"}," ਘੰਟੇ ਵਿੱਚ"]},"$x":[{"t":"idOrVar","v":"plural"},"value"]},{"$i":"days-until-short","$v":{"zero":"ਅੱਜ","other":[{"t":"idOrVar","v":"value"}," ਦਿਨ ਵਿੱਚ"]},"$x":[{"t":"idOrVar","v":"plural"},"value"]},{"$i":"incorrectDate","$v":"(ਗਲਤ ਮਿਤੀ)"},{"$i":"dateTimeFormat_%c","$v":"%a %b %e %Y %I:%M:%S %p"},{"$i":"dateTimeFormat_%x","$v":"%m/%d/%Y"},{"$i":"dateTimeFormat_%X","$v":"%I:%M:%S %p"},{"$i":"shortTimeFormat","$v":"%I:%M %p"},{"$i":"shortTimeFormat12","$v":"%I:%M %p"},{"$i":"shortTimeFormat24","$v":"%H:%M"},{"$i":"shortDateTimeFormat","$v":"%x %I:%M %p"},{"$i":"weekStartsOnMonday","$v":"0"},{"$i":"firstDayOfTheWeek","$v":"0"},{"$i":"time_am","$v":"AM"},{"$i":"time_pm","$v":"PM"},{"$i":"softkey-options","$v":"ਵਿਕਲਪ"},{"$i":"reset","$v":"ਰੀਸੈਟ ਕਰੋ"},{"$i":"start","$v":"ਸ਼ੁਰੂ"},{"$i":"stop","$v":"ਰੋਕੋ"},{"$i":"cancel","$v":"ਰੱਦ ਕਰੋ"},{"$i":"hour","$v":"ਘੰਟਾ"},{"$i":"hours","$v":"ਘੰਟੇ"},{"$i":"minute","$v":"ਮਿੰਟ"},{"$i":"minutes","$v":"ਮਿੰਟ"},{"$i":"second","$v":"ਸੈਕਿੰਡ"},{"$i":"alarm","$v":"ਅਲਾਰਮ"},{"$i":"alarm-name","placeholder":"ਅਲਾਰਮ"},{"$i":"timer","$v":"ਟਾਇਮਰ"},{"$i":"stopwatch","$v":"ਸਟਾਪਵਾਚ"},{"$i":"alarmName","$v":"ਅਲਾਰਮ ਦਾ ਨਾਮ"},{"$i":"newAlarm","$v":"ਨਵਾਂ ਅਲਾਰਮ"},{"$i":"editAlarm","$v":"ਅਲਾਰਮ ਸੰਪਾਦਿਤ ਕਰੋ"},{"$i":"tclSettings","$v":"ਸੈਟਿੰਗਸ"},{"$i":"clock-settings","$v":"ਘੜੀ ਦੀ ਸੈਟਿੰਗਸ"},{"$i":"alarms-maximum","$v":"ਤੁਸੀਂ ਅਲਾਰਮ ਦੀ ਅਧਿਕਤਮ ਸੰਖਿਆ ਤੇ ਪਹੁੰਚ ਗਏ ਹੋ।"},{"$i":"laps-maximum","$v":"ਤੁਸੀਂ ਲੈਪਸ ਦੀ ਅਧਿਕਤਮ ਸੰਖਿਆ ਤੇ ਪਹੁੰਚ ਗਏ ਹੋ।"},{"$i":"changes-saved","$v":"ਬਦਲਾਵ ਸੇਵ ਕੀਤਾ ਗਿਆ।"},{"$i":"pause","$v":"ਰੋਕੋ"},{"$i":"resume","$v":"ਦੁਬਾਰਾ ਸ਼ੁਰੂ ਕਰੋ"},{"$i":"lap","$v":"ਲੈਪ"},{"$i":"lap-number","$v":["ਲੈਪ ",{"t":"idOrVar","v":"n"}]},{"$i":"timer-hour","$v":"ਘੰਟਾ"},{"$i":"timer-min","$v":"ਮਿੰਟ"},{"$i":"timer-sec","$v":"ਸੈਕਿੰਡ"},{"$i":"delete","$v":"ਮਿਟਾਓ"},{"$i":"time","$v":"ਸਮਾਂ"},{"$i":"snooze-label","$v":"ਸਨੂਜ਼ ਕਰੋ"},{"$i":"snooze-button","$v":"ਸਨੂਜ਼ ਕਰੋ"},{"$i":"repeat","$v":"ਦੁਹਰਾਓ"},{"$i":"vibrate","$v":"ਕੰਪਨ"},{"$i":"close","$v":"ਬੰਦ ਕਰੋ"},{"$i":"save","$v":"ਸੇਵ ਕਰੋ"},{"$i":"done","$v":"ਪੂਰਾ ਹੋਇਆ"},{"$i":"tcl-select-time","$v":"ਸਮਾਂ ਚੁਣੋ"},{"$i":"closeButton","ariaLabel":"ਬੰਦ ਕਰੋ"},{"$i":"newAlarmButton","ariaLabel":"ਨਵਾਂ ਅਲਾਰਮ"},{"$i":"alarm-volume-label","$v":"ਸਿਸਟਮ ਅਲਾਰਮ ਵੌਲਿਉਮ"},{"$i":"tcl-volume","$v":"ਵੋਲਿਊਮ:"},{"$i":"volume-level-display","$v":[{"t":"idOrVar","v":"n"}," / ",{"t":"idOrVar","v":"c"}]},{"$i":"sound","$v":"ਅਵਾਜ਼"},{"$i":"noSound","$v":"ਕੋਈ ਆਵਾਜ਼ ਨਹੀਂ ਹੈ"},{"$i":"tcl-ringtones","$v":"ਰਿੰਗਟੋਨ"},{"$i":"everyday","$v":"ਰੋਜ਼ਾਨਾ"},{"$i":"weekdays","$v":"ਹਫਤੇ ਦੇ ਕੰਮਕਾਜੀ ਦਿਨ"},{"$i":"weekends","$v":"ਹਫਤੇ ਦੇ ਅਖੀਰਲੇ ਦਿਨ"},{"$i":"never","$v":"ਕਦੇ ਵੀ ਨਹੀਂ"},{"$i":"vibrateOn","$v":"ਔਨ"},{"$i":"vibrateOff","$v":"ਔਫ"},{"$i":"tcl-on","$v":"ਔਨ"},{"$i":"tcl-off","$v":"ਔਫ"},{"$i":"plusMinute","$v":"+1 ਮਿੰਟ"},{"$i":"dateFormat","$v":"%A, %b %e"},{"$i":"countdown-lessThanAnHour","$v":["ਹੁਣ ਤੋਂ ",{"t":"idOrVar","v":"minutes"}," ਲਈ ਅਲਾਰਮ ਸੈੱਟ ਕੀਤਾ ਗਿਆ ਹੈ।"]},{"$i":"countdown-moreThanAnHour","$v":["ਹੁਣ ਤੋਂ ",{"t":"idOrVar","v":"hours"}," ",{"t":"idOrVar","v":"minutes"}," ਲਈ ਅਲਾਰਮ ਸੈੱਟ ਕੀਤਾ ਗਿਆ ਹੈ।"]},{"$i":"countdown-moreThanADay","$v":["ਹੁਣ ਤੋਂ ",{"t":"idOrVar","v":"days"}," ",{"t":"idOrVar","v":"hours"}," ਲਈ ਅਲਾਰਮ ਸੈੱਟ ਕੀਤਾ ਗਿਆ ਹੈ।"]},{"$i":"tcl-alarm-off","$v":"ਅਲਾਰਮ ਔਫ ਕੀਤਾ ਗਿਆ।"},{"$i":"tcl-alarm-deleted","$v":"ਅਲਾਰਮ ਮਿਟਾਇਆ ਗਿਆ।"},{"$i":"nMinutes","$v":{"zero":"ਇੱਕ ਮਿੰਟ ਤੋਂ ਘੱਟ","one":"ਇੱਕ ਮਿੰਟ","two":[{"t":"idOrVar","v":"n"}," ਮਿੰਟ"],"few":[{"t":"idOrVar","v":"n"}," ਮਿੰਟ"],"many":[{"t":"idOrVar","v":"n"}," ਮਿੰਟ"],"other":[{"t":"idOrVar","v":"n"}," ਮਿੰਟ"]},"$x":[{"t":"idOrVar","v":"plural"},"n"]},{"$i":"nHours","$v":{"zero":"","one":[{"t":"idOrVar","v":"n"}," ਘੰਟਾ"],"two":[{"t":"idOrVar","v":"n"}," ਘੰਟੇ"],"few":[{"t":"idOrVar","v":"n"}," ਘੰਟੇ"],"many":[{"t":"idOrVar","v":"n"}," ਘੰਟੇ"],"other":[{"t":"idOrVar","v":"n"}," ਘੰਟੇ"]},"$x":[{"t":"idOrVar","v":"plural"},"n"]},{"$i":"nAndRemainHours","$v":{"zero":"","one":["ਅਤੇ ",{"t":"idOrVar","v":"n"}," ਘੰਟਾ"],"two":["ਅਤੇ ",{"t":"idOrVar","v":"n"}," ਘੰਟੇ"],"few":["ਅਤੇ ",{"t":"idOrVar","v":"n"}," ਘੰਟੇ"],"many":["ਅਤੇ ",{"t":"idOrVar","v":"n"}," ਘੰਟੇ"],"other":["ਅਤੇ ",{"t":"idOrVar","v":"n"}," ਘੰਟੇ"]},"$x":[{"t":"idOrVar","v":"plural"},"n"]},{"$i":"nRemainDays","$v":{"zero":"","one":[{"t":"idOrVar","v":"n"}," ਦਿਨ"],"two":[{"t":"idOrVar","v":"n"}," ਦਿਨ"],"few":[{"t":"idOrVar","v":"n"}," ਦਿਨ"],"many":[{"t":"idOrVar","v":"n"}," ਦਿਨ"],"other":[{"t":"idOrVar","v":"n"}," ਦਿਨ"]},"$x":[{"t":"idOrVar","v":"plural"},"n"]},{"$i":"nRemainMinutes","$v":{"zero":"","one":["ਅਤੇ ",{"t":"idOrVar","v":"n"}," ਮਿੰਟ"],"two":["ਅਤੇ ",{"t":"idOrVar","v":"n"}," ਮਿੰਟ"],"few":["ਅਤੇ ",{"t":"idOrVar","v":"n"}," ਮਿੰਟ"],"many":["ਅਤੇ ",{"t":"idOrVar","v":"n"}," ਮਿੰਟ"],"other":["ਅਤੇ ",{"t":"idOrVar","v":"n"}," ਮਿੰਟ"]},"$x":[{"t":"idOrVar","v":"plural"},"n"]},{"$i":"nSpinnerSeconds","$v":{"zero":"ਜ਼ੀਰੋ ਸੈਕਿੰਡ","one":"ਇੱਕ ਸੈਕਿੰਡ","two":[{"t":"idOrVar","v":"n"}," ਸੈਕਿੰਡ"],"few":[{"t":"idOrVar","v":"n"}," ਸੈਕਿੰਡ"],"many":[{"t":"idOrVar","v":"n"}," ਸੈਕਿੰਡ"],"other":[{"t":"idOrVar","v":"n"}," ਸੈਕਿੰਡ"]},"$x":[{"t":"idOrVar","v":"plural"},"n"]},{"$i":"nSpinnerMinutes","$v":{"zero":"ਜ਼ੀਰੋ ਮਿੰਟ","one":"ਇੱਕ ਮਿੰਟ","two":[{"t":"idOrVar","v":"n"}," ਮਿੰਟ"],"few":[{"t":"idOrVar","v":"n"}," ਮਿੰਟ"],"many":[{"t":"idOrVar","v":"n"}," ਮਿੰਟ"],"other":[{"t":"idOrVar","v":"n"}," ਮਿੰਟ"]},"$x":[{"t":"idOrVar","v":"plural"},"n"]},{"$i":"nSpinnerHours","$v":{"zero":"ਜ਼ੀਰੋ ਘੰਟੇ","one":[{"t":"idOrVar","v":"n"}," ਘੰਟਾ"],"two":[{"t":"idOrVar","v":"n"}," ਘੰਟੇ"],"few":[{"t":"idOrVar","v":"n"}," ਘੰਟੇ"],"many":[{"t":"idOrVar","v":"n"}," ਘੰਟੇ"],"other":[{"t":"idOrVar","v":"n"}," ਘੰਟੇ"]},"$x":[{"t":"idOrVar","v":"plural"},"n"]},{"$i":"tcl-stop","$v":"ਰੋਕੋ"},{"$i":"tcl-snooze","$v":"ਸਨੂਜ਼ ਕਰੋ"},{"$i":"ac_awake_opus","$v":"ਅਵੇਕ"},{"$i":"ac_crystalize_opus","$v":"ਕ੍ਰਿਸਟਲਾਇਜ਼"},{"$i":"ac_cycle_opus","$v":"ਸਾਈਕਲ"},{"$i":"ac_digicloud_opus","$v":"ਡਿਜੀਕਲਾਊਡ"},{"$i":"ac_humming_waves_opus","$v":"ਹਮਿੰਗ ਵੇਵਜ਼"},{"$i":"ac_into_the_void_opus","$v":"ਇੰਟੂ ਦਾ ਵੌਇਡ"},{"$i":"ac_lightly_opus","$v":"ਲਾਇਟਲੀ"},{"$i":"ac_mobile_opus","$v":"ਮੋਬਾਈਲ"},{"$i":"ac_pinger_opus","$v":"ਪਿੰਗਰ"},{"$i":"ac_skip_opus","$v":"ਸਕਿਪ"},{"$i":"ac_tri_opus","$v":"ਟ੍ਰਾਈ"},{"$i":"ac_universal_opus","$v":"ਯੂਨੀਵਰਸਲ"},{"$i":"tcl-options","$v":"ਵਿਕਲਪ"},{"$i":"tcl-clock-title","$v":"ਘੜੀ"},{"$i":"alarm-title","$v":"ਅਲਾਰਮ"},{"$i":"no-alarms-body","$v":"ਕੋਈ ਵੀ ਅਲਾਰਮ ਸੈੱਟ ਨਹੀਂ ਕੀਤੇ ਗਏ ਹਨ। ਸ਼ੁਰੂ ਕਰਨ ਲਈ ਨਵਾਂ ਅਲਾਰਮ ਦਬਾਓ।"},{"$i":"tcl-new-alarm","$v":"ਨਵਾਂ ਅਲਾਰਮ"},{"$i":"tcl-settings","$v":"ਸੈਟਿੰਗਸ"},{"$i":"tcl-cancel","$v":"ਰੱਦ ਕਰੋ"},{"$i":"tcl-save","$v":"ਸੇਵ ਕਰੋ"},{"$i":"tcl-turnOn","$v":"ਔਨ ਕਰੋ"},{"$i":"tcl-turnOff","$v":"ਔਫ ਕਰੋ"},{"$i":"edit","$v":"ਸੰਪਾਦਿਤ ਕਰੋ"},{"$i":"select","$v":"ਚੁਣੋ"},{"$i":"tcl-delete","$v":"ਮਿਟਾਓ"},{"$i":"tcl-selected-alarm","$v":"ਚੁਣਿਆ ਅਲਾਰਮ"},{"$i":"tcl-set","$v":"ਸੈਟ ਕਰੋ"},{"$i":"tcl-start","$v":"ਸ਼ੁਰੂ"},{"$i":"tcl-reset","$v":"ਰੀਸੈਟ ਕਰੋ"},{"$i":"tcl-min-plus","$v":"+1 ਮਿੰਟ"},{"$i":"tcl-resume","$v":"ਦੁਬਾਰਾ ਸ਼ੁਰੂ ਕਰੋ"},{"$i":"tcl-lap","$v":"ਲੈਪ"},{"$i":"play","$v":"ਚਲਾਓ"},{"$i":"tcl-no-repeat","$v":"ਕੋਈ ਦੁਹਰਾਈ ਨਹੀਂ"},{"$i":"tcl-confirm-title","$v":"ਪੁਸ਼ਟੀਕਰਨ"},{"$i":"tcl-confirm-delete-body","$v":"ਚੁਣਿੰਦਾ ਅਲਾਰਮ ਮਿਟਾਓ?"},{"$i":"tcl-confirm-end-key-body","$v":{"$o":"ਐਪਲੀਕੇਸ਼ਨ ਬੰਦ ਹੋਣ ਦੇ ਨਾਲ ਡੇਟਾ ਹਟ ਜਾਵੇਗਾ। <br><br> ਕੀ ਤੁਸੀ ਐਡੀਟਿੰਗ ਤੇ ਵਾਪਸ ਆਉਣਾ ਪਸੰਦ ਕਰੋਗੇ?"}},{"$i":"tcl-confirm-exit-button","$v":"ਬਾਹਰ ਨਿਕਲੋ"},{"$i":"tcl-confirm-return-button","$v":"ਵਾਪਿਸ ਜਾਓ"}]