[{"$i":"weekday-0-long","$v":"रविवासरः"},{"$i":"weekday-1-long","$v":"सोमवासरः"},{"$i":"weekday-2-long","$v":"मङ्गलवासरः"},{"$i":"weekday-3-long","$v":"बुधवासरः"},{"$i":"weekday-4-long","$v":"गुरुवासरः"},{"$i":"weekday-5-long","$v":"शुक्रवासरः"},{"$i":"weekday-6-long","$v":"शनिवासरः"},{"$i":"weekday-0-short","$v":"रविः"},{"$i":"weekday-1-short","$v":"सोम"},{"$i":"weekday-2-short","$v":"मंगलवारः"},{"$i":"weekday-3-short","$v":"मेल करनम्"},{"$i":"weekday-4-short","$v":"गुरुवारः"},{"$i":"weekday-5-short","$v":"शुक्र"},{"$i":"weekday-6-short","$v":"उपवेशितम्"},{"$i":"month-0-long","$v":"जनवरी"},{"$i":"month-1-long","$v":"फरवरी"},{"$i":"month-2-long","$v":"मार्च"},{"$i":"month-3-long","$v":"अप्रैल"},{"$i":"month-4-long","$v":"मई"},{"$i":"month-5-long","$v":"जून"},{"$i":"month-6-long","$v":"जुलाई"},{"$i":"month-7-long","$v":"अगस्त"},{"$i":"month-8-long","$v":"सितम्बरः"},{"$i":"month-9-long","$v":"अक्टूबरः"},{"$i":"month-10-long","$v":"नवम्बरः"},{"$i":"month-11-long","$v":"दिसम्बरः"},{"$i":"month-0-genitive","$v":"जनवरी"},{"$i":"month-1-genitive","$v":"फरवरी"},{"$i":"month-2-genitive","$v":"मार्च"},{"$i":"month-3-genitive","$v":"अप्रैल"},{"$i":"month-4-genitive","$v":"मई"},{"$i":"month-5-genitive","$v":"जून"},{"$i":"month-6-genitive","$v":"जुलाई"},{"$i":"month-7-genitive","$v":"अगस्त"},{"$i":"month-8-genitive","$v":"सितम्बरः"},{"$i":"month-9-genitive","$v":"अक्टूबरः"},{"$i":"month-10-genitive","$v":"नवम्बरः"},{"$i":"month-11-genitive","$v":"दिसम्बरः"},{"$i":"month-0-short","$v":"जनवरी"},{"$i":"month-1-short","$v":"फेव"},{"$i":"month-2-short","$v":"मार्च"},{"$i":"month-3-short","$v":"अप्रैल"},{"$i":"month-4-short","$v":"मई"},{"$i":"month-5-short","$v":"जनवरी"},{"$i":"month-6-short","$v":"जुलाई"},{"$i":"month-7-short","$v":"अगस्त"},{"$i":"month-8-short","$v":"सितम्बरः"},{"$i":"month-9-short","$v":"अक्टूबरः"},{"$i":"month-10-short","$v":"नवम्बरः"},{"$i":"month-11-short","$v":"डीईसी"},{"$i":"minutes-ago-long","$v":{"zero":"अधुना","one":"एकमिनट पूर्वम्","two":[{"t":"idOrVar","v":"value"}," मिनिटपूर्वम्"],"few":[{"t":"idOrVar","v":"value"}," मिनिटपूर्वम्"],"many":[{"t":"idOrVar","v":"value"}," मिनिटपूर्वम्"],"other":[{"t":"idOrVar","v":"value"}," मिनिटपूर्वम्"]},"$x":[{"t":"idOrVar","v":"plural"},"value"]},{"$i":"hours-ago-long","$v":{"zero":"अधुना","one":"एकघंटा पूर्वम्","two":[{"t":"idOrVar","v":"value"}," घटिकापूर्वम्"],"few":[{"t":"idOrVar","v":"value"}," घटिकापूर्वम्"],"many":[{"t":"idOrVar","v":"value"}," घटिकापूर्वम्"],"other":[{"t":"idOrVar","v":"value"}," घटिकापूर्वम्"]},"$x":[{"t":"idOrVar","v":"plural"},"value"]},{"$i":"days-ago-long","$v":{"zero":"अद्य","one":"ह्यः","two":[{"t":"idOrVar","v":"value"}," दिनपूर्वम्"],"few":[{"t":"idOrVar","v":"value"}," दिनपूर्वम्"],"many":[{"t":"idOrVar","v":"value"}," दिनपूर्वम्"],"other":[{"t":"idOrVar","v":"value"}," दिनपूर्वम्"]},"$x":[{"t":"idOrVar","v":"plural"},"value"]},{"$i":"weeks-ago-long","$v":{"zero":"अस्मिन् सप्ताहे","one":"ह्यः सप्ताहे","two":[{"t":"idOrVar","v":"value"}," सप्ताहपूर्वम्"],"few":[{"t":"idOrVar","v":"value"}," सप्ताहपूर्वम्"],"many":[{"t":"idOrVar","v":"value"}," सप्ताहपूर्वम्"],"other":[{"t":"idOrVar","v":"value"}," सप्ताहपूर्वम्"]},"$x":[{"t":"idOrVar","v":"plural"},"value"]},{"$i":"months-ago-long","$v":{"zero":"अस्मिन् मासे","one":"ह्यः मासे","two":[{"t":"idOrVar","v":"value"}," मासपूर्वम्"],"few":[{"t":"idOrVar","v":"value"}," मासपूर्वम्"],"many":[{"t":"idOrVar","v":"value"}," मासपूर्वम्"],"other":[{"t":"idOrVar","v":"value"}," मासपूर्वम्"]},"$x":[{"t":"idOrVar","v":"plural"},"value"]},{"$i":"years-ago-long","$v":{"zero":"अस्मिन् वर्षे","one":"ह्यः वर्षे","two":[{"t":"idOrVar","v":"value"}," वर्षपूर्वम्"],"few":[{"t":"idOrVar","v":"value"}," वर्षपूर्वम्"],"many":[{"t":"idOrVar","v":"value"}," वर्षपूर्वम्"],"other":[{"t":"idOrVar","v":"value"}," वर्षपूर्वम्"]},"$x":[{"t":"idOrVar","v":"plural"},"value"]},{"$i":"minutes-until-long","$v":{"zero":"अधुना","one":"एकमिनटमध्ये","two":[{"t":"idOrVar","v":"value"}," निमेषात्मके"],"few":[{"t":"idOrVar","v":"value"}," निमेषात्मके"],"many":[{"t":"idOrVar","v":"value"}," निमेषात्मके"],"other":[{"t":"idOrVar","v":"value"}," निमेषात्मके"]},"$x":[{"t":"idOrVar","v":"plural"},"value"]},{"$i":"hours-until-long","$v":{"zero":"अधुना","one":"एकघंटात्मके","two":[{"t":"idOrVar","v":"value"}," घंटात्मके"],"few":[{"t":"idOrVar","v":"value"}," घंटात्मके"],"many":[{"t":"idOrVar","v":"value"}," घंटात्मके"],"other":[{"t":"idOrVar","v":"value"}," घंटात्मके"]},"$x":[{"t":"idOrVar","v":"plural"},"value"]},{"$i":"days-until-long","$v":{"zero":"अद्य","one":"श्वः","two":[{"t":"idOrVar","v":"value"}," दिनात्मके"],"few":[{"t":"idOrVar","v":"value"}," दिनात्मके"],"many":[{"t":"idOrVar","v":"value"}," दिनात्मके"],"other":[{"t":"idOrVar","v":"value"}," दिनात्मके"]},"$x":[{"t":"idOrVar","v":"plural"},"value"]},{"$i":"weeks-until-long","$v":{"zero":"अस्मिन् सप्ताहे","one":"श्वः सप्ताहे","two":[{"t":"idOrVar","v":"value"}," सप्ताहात्मके"],"few":[{"t":"idOrVar","v":"value"}," सप्ताहात्मके"],"many":[{"t":"idOrVar","v":"value"}," सप्ताहात्मके"],"other":[{"t":"idOrVar","v":"value"}," सप्ताहात्मके"]},"$x":[{"t":"idOrVar","v":"plural"},"value"]},{"$i":"months-until-long","$v":{"zero":"अस्मिन् मासे","one":"श्वः मासे","two":[{"t":"idOrVar","v":"value"}," मासात्मके"],"few":[{"t":"idOrVar","v":"value"}," मासात्मके"],"many":[{"t":"idOrVar","v":"value"}," मासात्मके"],"other":[{"t":"idOrVar","v":"value"}," मासात्मके"]},"$x":[{"t":"idOrVar","v":"plural"},"value"]},{"$i":"years-until-long","$v":{"zero":"अस्मिन् वर्षे","one":"श्वः वर्षे","two":[{"t":"idOrVar","v":"value"}," वर्षात्मके"],"few":[{"t":"idOrVar","v":"value"}," वर्षात्मके"],"many":[{"t":"idOrVar","v":"value"}," वर्षात्मके"],"other":[{"t":"idOrVar","v":"value"}," वर्षात्मके"]},"$x":[{"t":"idOrVar","v":"plural"},"value"]},{"$i":"minutes-ago-short","$v":{"zero":"अधुना","other":[{"t":"idOrVar","v":"value"},"m पूर्वम्"]},"$x":[{"t":"idOrVar","v":"plural"},"value"]},{"$i":"hours-ago-short","$v":{"zero":"अधुना","other":[{"t":"idOrVar","v":"value"},"h पूर्वम्"]},"$x":[{"t":"idOrVar","v":"plural"},"value"]},{"$i":"days-ago-short","$v":{"zero":"अद्य","other":[{"t":"idOrVar","v":"value"},"d पूर्वम्"]},"$x":[{"t":"idOrVar","v":"plural"},"value"]},{"$i":"minutes-until-short","$v":{"zero":"अधुना","other":[{"t":"idOrVar","v":"value"}," m"]},"$x":[{"t":"idOrVar","v":"plural"},"value"]},{"$i":"hours-until-short","$v":{"zero":"अधुना","other":[{"t":"idOrVar","v":"value"}," h"]},"$x":[{"t":"idOrVar","v":"plural"},"value"]},{"$i":"days-until-short","$v":{"zero":"अद्य","other":[{"t":"idOrVar","v":"value"}," d"]},"$x":[{"t":"idOrVar","v":"plural"},"value"]},{"$i":"incorrectDate","$v":"(त्रुटिदिनांकः)"},{"$i":"dateTimeFormat_%c","$v":"%a %b %e %Y %I:%M:%S %p"},{"$i":"dateTimeFormat_%x","$v":"%m/%d/%Y"},{"$i":"dateTimeFormat_%X","$v":"%I:%M:%S %p"},{"$i":"shortTimeFormat","$v":"%I:%M %p"},{"$i":"shortTimeFormat12","$v":"%I:%M %p"},{"$i":"shortTimeFormat24","$v":"%H:%M"},{"$i":"shortDateTimeFormat","$v":"%x %I:%M %p"},{"$i":"weekStartsOnMonday","$v":"0"},{"$i":"firstDayOfTheWeek","$v":"0"},{"$i":"time_am","$v":"AM"},{"$i":"time_pm","$v":"PM"},{"$i":"softkey-options","$v":"विकल्पाः"},{"$i":"reset","$v":"पुनःस्थापननम्"},{"$i":"start","$v":"आरभ्यताम्"},{"$i":"stop","$v":"विरम्यताम्"},{"$i":"cancel","$v":"निरस्यताम्"},{"$i":"hour","$v":"घटिका"},{"$i":"hours","$v":"घटिकाः"},{"$i":"minute","$v":"मिनिटम्"},{"$i":"minutes","$v":"मिनिटस"},{"$i":"second","$v":"निमेषः"},{"$i":"alarm","$v":"संकेतसूचना"},{"$i":"alarm-name","placeholder":"संकेतसूचना"},{"$i":"timer","$v":"समयसूचकः"},{"$i":"stopwatch","$v":"घटिस्थगयता"},{"$i":"alarmName","$v":"अलार्मनाम"},{"$i":"newAlarm","$v":"नूतनालार्म"},{"$i":"editAlarm","$v":"क्वणनं सम्पाद्यताम्"},{"$i":"tclSettings","$v":"व्यवस्थापनम्"},{"$i":"clock-settings","$v":"घटिका सेटिंग्स"},{"$i":"alarms-maximum","$v":"क्वणघट्याः अधिकतमा सीमा सम्प्राप्ता।"},{"$i":"laps-maximum","$v":"अङ्कनस्य अधिकतमा सीमा सम्प्राप्ता।"},{"$i":"changes-saved","$v":"परिवर्तनानि रक्षितानि।"},{"$i":"pause","$v":"विरमति"},{"$i":"resume","$v":"पुनरारभतु"},{"$i":"lap","$v":"क्रोडः"},{"$i":"lap-number","$v":["लैप ",{"t":"idOrVar","v":"n"}]},{"$i":"timer-hour","$v":"घटिका"},{"$i":"timer-min","$v":"मिनिटम्"},{"$i":"timer-sec","$v":"निमेषः"},{"$i":"delete","$v":"लुप्यताम्"},{"$i":"time","$v":"समयः"},{"$i":"snooze-label","$v":"आलस्यम्"},{"$i":"snooze-button","$v":"आलस्यम्"},{"$i":"repeat","$v":"पुनरावृत्तिः"},{"$i":"vibrate","$v":"कंपनम्"},{"$i":"close","$v":"निवर्त्यताम्"},{"$i":"save","$v":"संरक्षितम्"},{"$i":"done","$v":"कृतम्"},{"$i":"tcl-select-time","$v":"समयं चिनोतु"},{"$i":"closeButton","ariaLabel":"निवर्त्यताम्"},{"$i":"newAlarmButton","ariaLabel":"नूतनालार्म"},{"$i":"alarm-volume-label","$v":"सिस्टम अलार्म वॉल्यूम"},{"$i":"tcl-volume","$v":"ध्वनिः :"},{"$i":"volume-level-display","$v":[{"t":"idOrVar","v":"n"}," / ",{"t":"idOrVar","v":"c"}]},{"$i":"sound","$v":"ध्वनिः"},{"$i":"noSound","$v":"ध्वनिः नास्ति"},{"$i":"tcl-ringtones","$v":"रवाः"},{"$i":"everyday","$v":"प्रतिदिनम्"},{"$i":"weekdays","$v":"सप्ताहदिनानि"},{"$i":"weekends","$v":"सप्ताहान्ताः"},{"$i":"never","$v":"न कदापि"},{"$i":"vibrateOn","$v":"सक्रियम्"},{"$i":"vibrateOff","$v":"निष्क्रमणम्"},{"$i":"tcl-on","$v":"सक्रियम्"},{"$i":"tcl-off","$v":"निष्क्रमणम्"},{"$i":"plusMinute","$v":"+1 मिनिट"},{"$i":"dateFormat","$v":"%A, %b %e"},{"$i":"countdown-lessThanAnHour","$v":["साम्प्रतलात् ",{"t":"idOrVar","v":"minutes"}," कृते क्वणनघटिः निर्धारिता अस्ति।"]},{"$i":"countdown-moreThanAnHour","$v":["साम्प्रतलात् ",{"t":"idOrVar","v":"hours"}," ",{"t":"idOrVar","v":"minutes"}," कृते क्वणनघटिः निर्धारिता अस्ति।"]},{"$i":"countdown-moreThanADay","$v":["साम्प्रतलात् ",{"t":"idOrVar","v":"days"}," ",{"t":"idOrVar","v":"hours"}," कृते क्वणनघटिः निर्धारिता अस्ति।"]},{"$i":"tcl-alarm-off","$v":"अलार्म पिधानमस्ति।"},{"$i":"tcl-alarm-deleted","$v":"अलार्म निष्क्रियः।"},{"$i":"nMinutes","$v":{"zero":"एकमिनटतः न्यूनम्","one":"एकमिनिटम्","two":[{"t":"idOrVar","v":"n"}," मिनटम्"],"few":[{"t":"idOrVar","v":"n"}," मिनटम्"],"many":[{"t":"idOrVar","v":"n"}," मिनटम्"],"other":[{"t":"idOrVar","v":"n"}," मिनटम्"]},"$x":[{"t":"idOrVar","v":"plural"},"n"]},{"$i":"nHours","$v":{"zero":"","one":[{"t":"idOrVar","v":"n"}," घटिका"],"two":[{"t":"idOrVar","v":"n"}," घटिकाः"],"few":[{"t":"idOrVar","v":"n"}," घटिकाः"],"many":[{"t":"idOrVar","v":"n"}," घटिकाः"],"other":[{"t":"idOrVar","v":"n"}," घटिकाः"]},"$x":[{"t":"idOrVar","v":"plural"},"n"]},{"$i":"nAndRemainHours","$v":{"zero":"","one":["इतोऽपि ",{"t":"idOrVar","v":"n"}," घटिकाः"],"two":["इतोऽपि ",{"t":"idOrVar","v":"n"}," घटिकाः"],"few":["इतोऽपि ",{"t":"idOrVar","v":"n"}," घटिकाः"],"many":["इतोऽपि ",{"t":"idOrVar","v":"n"}," घटिकाः"],"other":["इतोऽपि ",{"t":"idOrVar","v":"n"}," घटिकाः"]},"$x":[{"t":"idOrVar","v":"plural"},"n"]},{"$i":"nRemainDays","$v":{"zero":"","one":[{"t":"idOrVar","v":"n"}," दिनम्"],"two":[{"t":"idOrVar","v":"n"}," दिनानि"],"few":[{"t":"idOrVar","v":"n"}," दिनानि"],"many":[{"t":"idOrVar","v":"n"}," दिनानि"],"other":[{"t":"idOrVar","v":"n"}," दिनानि"]},"$x":[{"t":"idOrVar","v":"plural"},"n"]},{"$i":"nRemainMinutes","$v":{"zero":"","one":["इतोऽपि",{"t":"idOrVar","v":"n"}," मिनटम्"],"two":["इतोऽपि ",{"t":"idOrVar","v":"n"}," मिनटम्"],"few":["इतोऽपि ",{"t":"idOrVar","v":"n"}," मिनटम्"],"many":["इतोऽपि ",{"t":"idOrVar","v":"n"}," मिनटम्"],"other":["इतोऽपि ",{"t":"idOrVar","v":"n"}," मिनटम्"]},"$x":[{"t":"idOrVar","v":"plural"},"n"]},{"$i":"nSpinnerSeconds","$v":{"zero":"शून्यनिमेषम्","one":"एकनिमेषः","two":[{"t":"idOrVar","v":"n"}," निमेषाः"],"few":[{"t":"idOrVar","v":"n"}," निमेषाः"],"many":[{"t":"idOrVar","v":"n"}," निमेषाः"],"other":[{"t":"idOrVar","v":"n"}," निमेषाः"]},"$x":[{"t":"idOrVar","v":"plural"},"n"]},{"$i":"nSpinnerMinutes","$v":{"zero":"शून्यमिनटम्","one":"एकमिनिटम्","two":[{"t":"idOrVar","v":"n"}," मिनटम्"],"few":[{"t":"idOrVar","v":"n"}," मिनटम्"],"many":[{"t":"idOrVar","v":"n"}," मिनटम्"],"other":[{"t":"idOrVar","v":"n"}," मिनटम्"]},"$x":[{"t":"idOrVar","v":"plural"},"n"]},{"$i":"nSpinnerHours","$v":{"zero":"शून्यघंटिका","one":[{"t":"idOrVar","v":"n"}," घटिका"],"two":[{"t":"idOrVar","v":"n"}," घटिकाः"],"few":[{"t":"idOrVar","v":"n"}," घटिकाः"],"many":[{"t":"idOrVar","v":"n"}," घटिकाः"],"other":[{"t":"idOrVar","v":"n"}," घटिकाः"]},"$x":[{"t":"idOrVar","v":"plural"},"n"]},{"$i":"tcl-stop","$v":"विरम्यताम्"},{"$i":"tcl-snooze","$v":"आलस्यम्"},{"$i":"ac_awake_opus","$v":"जागर्तु"},{"$i":"ac_crystalize_opus","$v":"स्पष्टम्"},{"$i":"ac_cycle_opus","$v":"चक्रः"},{"$i":"ac_digicloud_opus","$v":"डिजीक्लॉड"},{"$i":"ac_humming_waves_opus","$v":"भ्रमणतरंगानि"},{"$i":"ac_into_the_void_opus","$v":"व्यर्थतायाम्"},{"$i":"ac_lightly_opus","$v":"मन्देन"},{"$i":"ac_mobile_opus","$v":"चलभाषः"},{"$i":"ac_pinger_opus","$v":"पिनजरः"},{"$i":"ac_skip_opus","$v":"त्यक्तः"},{"$i":"ac_tri_opus","$v":"त्रि"},{"$i":"ac_universal_opus","$v":"सार्वभौमम्"},{"$i":"tcl-options","$v":"विकल्पाः"},{"$i":"tcl-clock-title","$v":"घटिका"},{"$i":"alarm-title","$v":"संकेतसूचना"},{"$i":"no-alarms-body","$v":"अलार्म व्यवस्था न कृता । प्रारम्भकर्णाय नूतनमलार्म नोदयतु।"},{"$i":"tcl-new-alarm","$v":"नूतनालार्म"},{"$i":"tcl-settings","$v":"व्यवस्थापनम्"},{"$i":"tcl-cancel","$v":"निरस्यताम्"},{"$i":"tcl-save","$v":"संरक्षितम्"},{"$i":"tcl-turnOn","$v":"प्रारभ्यताम्"},{"$i":"tcl-turnOff","$v":"पिधायतु"},{"$i":"edit","$v":"संपाद्यताम्"},{"$i":"select","$v":"चिनोतु"},{"$i":"tcl-delete","$v":"लुप्यताम्"},{"$i":"tcl-selected-alarm","$v":"चयनितम् अलार्मः"},{"$i":"tcl-set","$v":"स्थापयतु"},{"$i":"tcl-start","$v":"आरभ्यताम्"},{"$i":"tcl-reset","$v":"पुनःस्थापननम्"},{"$i":"tcl-min-plus","$v":"+1 मिनिट"},{"$i":"tcl-resume","$v":"पुनरारभतु"},{"$i":"tcl-lap","$v":"क्रोडः"},{"$i":"play","$v":"चाल्यताम्"},{"$i":"tcl-no-repeat","$v":"पुनरावृत्ति न करणीया"},{"$i":"tcl-confirm-title","$v":"अनुमोदनम्"},{"$i":"tcl-confirm-delete-body","$v":"चयनितमलार्म अपमर्जतु?"},{"$i":"tcl-confirm-end-key-body","$v":{"$o":"एप्लिकेशन डेटाहानिसहितं पिधानं भविष्यति । <br> <br> किं भवान् सम्पादने पुनरागन्तुमिच्छति?"}},{"$i":"tcl-confirm-exit-button","$v":"निष्क्राम्यताम्"},{"$i":"tcl-confirm-return-button","$v":"प्रतिगच्छतु"}]