[{"$i":"weekday-0-long","$v":"ᱥᱤᱸᱜᱮᱢᱟᱦᱟ"},{"$i":"weekday-1-long","$v":"ᱚᱛᱮᱢᱟᱦᱟ"},{"$i":"weekday-2-long","$v":"ᱵᱟᱞᱮᱢᱟᱦᱟ"},{"$i":"weekday-3-long","$v":"ᱥᱟᱹᱜᱩᱱᱢᱟᱦᱟ"},{"$i":"weekday-4-long","$v":"ᱥᱟᱨᱫᱤᱢᱟᱦᱟ"},{"$i":"weekday-5-long","$v":"ᱡᱟᱨᱩᱢᱢᱟᱦᱟ"},{"$i":"weekday-6-long","$v":"ᱧᱩᱦᱩᱢᱢᱟᱦᱟ"},{"$i":"weekday-0-short","$v":"ᱪᱟᱸᱫᱩ"},{"$i":"weekday-1-short","$v":"ᱢᱳᱱ"},{"$i":"weekday-2-short","$v":"ᱥᱟᱜᱩᱱ"},{"$i":"weekday-3-short","$v":"ᱥᱟᱜᱩᱱ"},{"$i":"weekday-4-short","$v":"ᱛᱷᱩ"},{"$i":"weekday-5-short","$v":"ᱜᱟᱛᱤ"},{"$i":"weekday-6-short","$v":"ᱥᱮᱴ"},{"$i":"month-0-long","$v":"ᱯᱩᱥ"},{"$i":"month-1-long","$v":"ᱢᱟᱜ"},{"$i":"month-2-long","$v":"ᱯᱷᱹᱟᱜᱩᱱ"},{"$i":"month-3-long","$v":"ᱪᱮᱛ"},{"$i":"month-4-long","$v":"ᱵᱮᱭᱥᱮᱠᱷ"},{"$i":"month-5-long","$v":"ᱡᱩᱥᱴᱤ"},{"$i":"month-6-long","$v":"ᱟᱥᱟᱲ"},{"$i":"month-7-long","$v":"ᱥᱚᱨᱟᱵᱚᱱ"},{"$i":"month-8-long","$v":"ᱵᱷᱟᱨᱫᱚᱨ"},{"$i":"month-9-long","$v":"ᱟᱥᱤᱱ"},{"$i":"month-10-long","$v":"ᱠᱟᱨᱛᱤᱠ"},{"$i":"month-11-long","$v":"ᱟᱜᱷᱟᱸᱲ"},{"$i":"month-0-genitive","$v":"ᱯᱩᱥ"},{"$i":"month-1-genitive","$v":"ᱢᱟᱜ"},{"$i":"month-2-genitive","$v":"ᱯᱷᱹᱟᱜᱩᱱ"},{"$i":"month-3-genitive","$v":"ᱪᱮᱛ"},{"$i":"month-4-genitive","$v":"ᱵᱮᱭᱥᱮᱠᱷ"},{"$i":"month-5-genitive","$v":"ᱡᱩᱥᱴᱤ"},{"$i":"month-6-genitive","$v":"ᱟᱥᱟᱲ"},{"$i":"month-7-genitive","$v":"ᱥᱚᱨᱟᱵᱚᱱ"},{"$i":"month-8-genitive","$v":"ᱵᱷᱟᱨᱫᱚᱨ"},{"$i":"month-9-genitive","$v":"ᱟᱥᱤᱱ"},{"$i":"month-10-genitive","$v":"ᱠᱟᱨᱛᱤᱠ"},{"$i":"month-11-genitive","$v":"ᱟᱜᱷᱟᱸᱲ"},{"$i":"month-0-short","$v":"ᱯᱩᱥ"},{"$i":"month-1-short","$v":"ᱢᱟᱜ"},{"$i":"month-2-short","$v":"ᱢᱟᱨ"},{"$i":"month-3-short","$v":"ᱪᱮᱛ"},{"$i":"month-4-short","$v":"ᱵᱮᱭᱥᱮᱠᱷ"},{"$i":"month-5-short","$v":"ᱡᱩᱥᱴᱤ"},{"$i":"month-6-short","$v":"ᱟᱥᱟᱲ"},{"$i":"month-7-short","$v":"ᱥᱚᱨᱟᱵᱚᱱ"},{"$i":"month-8-short","$v":"ᱥᱮᱯ"},{"$i":"month-9-short","$v":"ᱟᱥᱤᱱ"},{"$i":"month-10-short","$v":"ᱠᱟᱨᱛᱤᱠ"},{"$i":"month-11-short","$v":"ᱟᱜᱷᱟᱸᱲ"},{"$i":"minutes-ago-long","$v":{"zero":"ᱧᱤᱛ ᱜᱮ","one":"ᱢᱤᱛ ᱴᱤᱯᱤᱡ ᱞᱟᱦᱟ","two":[{"t":"idOrVar","v":"value"}," ᱪᱟᱞᱟᱣᱮᱱ ᱴᱤᱯᱤᱡ ᱠᱚ"],"few":[{"t":"idOrVar","v":"value"}," ᱪᱟᱞᱟᱣᱮᱱ ᱴᱤᱯᱤᱡ ᱠᱚ"],"many":[{"t":"idOrVar","v":"value"}," ᱪᱟᱞᱟᱣᱮᱱ ᱴᱤᱯᱤᱡ ᱠᱚ"],"other":[{"t":"idOrVar","v":"value"}," ᱪᱟᱞᱟᱣᱮᱱ ᱴᱤᱯᱤᱡ ᱠᱚ"]},"$x":[{"t":"idOrVar","v":"plural"},"value"]},{"$i":"hours-ago-long","$v":{"zero":"ᱧᱤᱛ ᱜᱮ","one":"ᱢᱤᱛ ᱜᱷᱚᱱᱴᱟ ᱞᱟᱦᱟ","two":[{"t":"idOrVar","v":"value"}," ᱪᱟᱞᱟᱣᱮᱱ ᱢᱟᱦᱟ ᱠᱚ"],"few":[{"t":"idOrVar","v":"value"}," ᱪᱟᱞᱟᱣᱮᱱ ᱢᱟᱦᱟ ᱠᱚ"],"many":[{"t":"idOrVar","v":"value"}," ᱪᱟᱞᱟᱣᱮᱱ ᱢᱟᱦᱟ ᱠᱚ"],"other":[{"t":"idOrVar","v":"value"}," ᱪᱟᱞᱟᱣᱮᱱ ᱢᱟᱦᱟ ᱠᱚ"]},"$x":[{"t":"idOrVar","v":"plural"},"value"]},{"$i":"days-ago-long","$v":{"zero":"ᱛᱤᱦᱤᱧ","one":"ᱦᱚᱞᱟ","two":[{"t":"idOrVar","v":"value"}," ᱢᱟᱦᱟ ᱠᱚ ᱞᱟᱦᱟ"],"few":[{"t":"idOrVar","v":"value"}," ᱢᱟᱦᱟ ᱠᱚ ᱞᱟᱦᱟ"],"many":[{"t":"idOrVar","v":"value"}," ᱢᱟᱦᱟ ᱠᱚ ᱞᱟᱦᱟ"],"other":[{"t":"idOrVar","v":"value"}," ᱢᱟᱦᱟ ᱠᱚ ᱞᱟᱦᱟ"]},"$x":[{"t":"idOrVar","v":"plural"},"value"]},{"$i":"weeks-ago-long","$v":{"zero":"ᱱᱚᱣᱟ ᱦᱚᱯᱛᱟ","one":"ᱢᱩᱪᱮᱫ ᱦᱚᱯᱛᱟ","two":[{"t":"idOrVar","v":"value"}," ᱪᱟᱞᱟᱣᱮᱱ ᱦᱚᱯᱛᱟ"],"few":[{"t":"idOrVar","v":"value"}," ᱪᱟᱞᱟᱣᱮᱱ ᱦᱚᱯᱛᱟ"],"many":[{"t":"idOrVar","v":"value"}," ᱪᱟᱞᱟᱣᱮᱱ ᱦᱚᱯᱛᱟ"],"other":[{"t":"idOrVar","v":"value"}," ᱪᱟᱞᱟᱣᱮᱱ ᱦᱚᱯᱛᱟ"]},"$x":[{"t":"idOrVar","v":"plural"},"value"]},{"$i":"months-ago-long","$v":{"zero":"ᱱᱚᱣᱟ ᱪᱟᱸᱫᱩ","one":"ᱢᱩᱪᱮᱫ ᱪᱟᱸᱫᱩ","two":[{"t":"idOrVar","v":"value"}," ᱪᱟᱞᱟᱣᱮᱱ ᱪᱟᱸᱫᱩ ᱠᱚ"],"few":[{"t":"idOrVar","v":"value"}," ᱪᱟᱞᱟᱣᱮᱱ ᱪᱟᱸᱫᱩ ᱠᱚ"],"many":[{"t":"idOrVar","v":"value"}," ᱪᱟᱞᱟᱣᱮᱱ ᱪᱟᱸᱫᱩ ᱠᱚ"],"other":[{"t":"idOrVar","v":"value"}," ᱪᱟᱞᱟᱣᱮᱱ ᱪᱟᱸᱫᱩ ᱠᱚ"]},"$x":[{"t":"idOrVar","v":"plural"},"value"]},{"$i":"years-ago-long","$v":{"zero":"ᱱᱚᱣᱟ ᱥᱮᱨᱢᱟ","one":"ᱢᱩᱪᱮᱫ ᱵᱚᱪᱷᱚᱨ","two":[{"t":"idOrVar","v":"value"}," ᱪᱟᱞᱟᱣᱮᱱ ᱥᱮᱨᱢᱟ"],"few":[{"t":"idOrVar","v":"value"}," ᱪᱟᱞᱟᱣᱮᱱ ᱥᱮᱨᱢᱟ"],"many":[{"t":"idOrVar","v":"value"}," ᱪᱟᱞᱟᱣᱮᱱ ᱥᱮᱨᱢᱟ"],"other":[{"t":"idOrVar","v":"value"}," ᱪᱟᱞᱟᱣᱮᱱ ᱥᱮᱨᱢᱟ"]},"$x":[{"t":"idOrVar","v":"plural"},"value"]},{"$i":"minutes-until-long","$v":{"zero":"ᱧᱤᱛ","one":"ᱴᱤᱯᱤᱡ ᱨᱮ","two":["ᱨᱮ ",{"t":"idOrVar","v":"value"}," ᱴᱤᱯᱤᱡ ᱠᱚ"],"few":["ᱨᱮ ",{"t":"idOrVar","v":"value"}," ᱴᱤᱯᱤᱡ ᱠᱚ"],"many":["ᱨᱮ ",{"t":"idOrVar","v":"value"}," ᱴᱤᱯᱤᱡ ᱠᱚ"],"other":["ᱨᱮ ",{"t":"idOrVar","v":"value"}," ᱴᱤᱯᱤᱡ ᱠᱚ"]},"$x":[{"t":"idOrVar","v":"plural"},"value"]},{"$i":"hours-until-long","$v":{"zero":"ᱧᱤᱛ","one":"ᱜᱷᱚᱱᱴᱟ ᱨᱮ","two":["ᱨᱮ ",{"t":"idOrVar","v":"value"}," ᱜᱷᱚᱱᱴᱟ ᱠᱚ"],"few":["ᱨᱮ ",{"t":"idOrVar","v":"value"}," ᱜᱷᱚᱱᱴᱟ ᱠᱚ"],"many":["ᱨᱮ ",{"t":"idOrVar","v":"value"}," ᱜᱷᱚᱱᱴᱟ ᱠᱚ"],"other":["ᱨᱮ ",{"t":"idOrVar","v":"value"}," ᱜᱷᱚᱱᱴᱟ ᱠᱚ"]},"$x":[{"t":"idOrVar","v":"plural"},"value"]},{"$i":"days-until-long","$v":{"zero":"ᱛᱤᱦᱤᱧ","one":"ᱜᱟᱯᱟ","two":["ᱨᱮ ",{"t":"idOrVar","v":"value"}," ᱢᱟᱦᱟ ᱠᱚ"],"few":["ᱨᱮ ",{"t":"idOrVar","v":"value"}," ᱢᱟᱦᱟ ᱠᱚ"],"many":["ᱨᱮ ",{"t":"idOrVar","v":"value"}," ᱢᱟᱦᱟ ᱠᱚ"],"other":["ᱨᱮ ",{"t":"idOrVar","v":"value"}," ᱢᱟᱦᱟ ᱠᱚ"]},"$x":[{"t":"idOrVar","v":"plural"},"value"]},{"$i":"weeks-until-long","$v":{"zero":"ᱱᱚᱣᱟ ᱦᱚᱯᱛᱟ","one":"ᱫᱟᱨᱟᱭ ᱠᱟᱱ ᱦᱚᱯᱛᱟ","two":["ᱨᱮ ",{"t":"idOrVar","v":"value"}," ᱦᱚᱯᱛᱟ ᱠᱚ"],"few":["ᱨᱮ ",{"t":"idOrVar","v":"value"}," ᱦᱚᱯᱛᱟ ᱠᱚ"],"many":["ᱨᱮ ",{"t":"idOrVar","v":"value"}," ᱦᱚᱯᱛᱟ ᱠᱚ"],"other":["ᱨᱮ ",{"t":"idOrVar","v":"value"}," ᱦᱚᱯᱛᱟ ᱠᱚ"]},"$x":[{"t":"idOrVar","v":"plural"},"value"]},{"$i":"months-until-long","$v":{"zero":"ᱱᱚᱣᱟ ᱪᱟᱸᱫᱩ","one":"ᱫᱟᱨᱟᱭ ᱠᱟᱱ ᱪᱟᱸᱫᱩ","two":["ᱨᱮ ",{"t":"idOrVar","v":"value"}," ᱪᱟᱸᱫᱩ ᱠᱚ"],"few":["ᱨᱮ ",{"t":"idOrVar","v":"value"}," ᱪᱟᱸᱫᱩ ᱠᱚ"],"many":["ᱨᱮ ",{"t":"idOrVar","v":"value"}," ᱪᱟᱸᱫᱩ ᱠᱚ"],"other":["ᱨᱮ ",{"t":"idOrVar","v":"value"}," ᱪᱟᱸᱫᱩ ᱠᱚ"]},"$x":[{"t":"idOrVar","v":"plural"},"value"]},{"$i":"years-until-long","$v":{"zero":"ᱱᱚᱣᱟ ᱥᱮᱨᱢᱟ","one":"ᱫᱟᱨᱟᱭ ᱠᱟᱱ ᱥᱮᱨᱢᱟ","two":["ᱨᱮ ",{"t":"idOrVar","v":"value"}," ᱥᱮᱨᱢᱟ ᱠᱚ"],"few":["ᱨᱮ ",{"t":"idOrVar","v":"value"}," ᱥᱮᱨᱢᱟ ᱠᱚ"],"many":["ᱨᱮ ",{"t":"idOrVar","v":"value"}," ᱥᱮᱨᱢᱟ ᱠᱚ"],"other":["ᱨᱮ ",{"t":"idOrVar","v":"value"}," ᱥᱮᱨᱢᱟ ᱠᱚ"]},"$x":[{"t":"idOrVar","v":"plural"},"value"]},{"$i":"minutes-ago-short","$v":{"zero":"ᱧᱤᱛ ᱜᱮ","other":[{"t":"idOrVar","v":"value"}," ᱪᱟᱞᱟᱣ ᱴ"]},"$x":[{"t":"idOrVar","v":"plural"},"value"]},{"$i":"hours-ago-short","$v":{"zero":"ᱧᱤᱛ ᱜᱮ","other":[{"t":"idOrVar","v":"value"}," ᱪᱟᱞᱟᱣᱮᱱ ᱜ"]},"$x":[{"t":"idOrVar","v":"plural"},"value"]},{"$i":"days-ago-short","$v":{"zero":"ᱛᱤᱦᱤᱧ","other":[{"t":"idOrVar","v":"value"}," ᱪᱟᱞᱟᱣᱮᱱ ᱢ"]},"$x":[{"t":"idOrVar","v":"plural"},"value"]},{"$i":"minutes-until-short","$v":{"zero":"ᱧᱤᱛ","other":["ᱨᱮ ",{"t":"idOrVar","v":"value"},"ᱴ"]},"$x":[{"t":"idOrVar","v":"plural"},"value"]},{"$i":"hours-until-short","$v":{"zero":"ᱧᱤᱛ","other":["ᱨᱮ ",{"t":"idOrVar","v":"value"},"ᱜ"]},"$x":[{"t":"idOrVar","v":"plural"},"value"]},{"$i":"days-until-short","$v":{"zero":"ᱛᱤᱦᱤᱧ","other":["ᱨᱮ ",{"t":"idOrVar","v":"value"},"ᱢ"]},"$x":[{"t":"idOrVar","v":"plural"},"value"]},{"$i":"incorrectDate","$v":"(ᱛᱨᱤᱠᱷ ᱫᱚ ᱵᱷᱩᱞ ᱜᱮᱭᱟ)"},{"$i":"dateTimeFormat_%c","$v":"%a %b %e %Y %I:%M:%S %p"},{"$i":"dateTimeFormat_%x","$v":"%m/%d/%Y"},{"$i":"dateTimeFormat_%X","$v":"%I:%M:%S %p"},{"$i":"shortTimeFormat","$v":"%I:%M %p"},{"$i":"shortTimeFormat12","$v":"%I:%M %p"},{"$i":"shortTimeFormat24","$v":"%H:%M"},{"$i":"shortDateTimeFormat","$v":"%x %I:%M %p"},{"$i":"weekStartsOnMonday","$v":"0"},{"$i":"firstDayOfTheWeek","$v":"0"},{"$i":"time_am","$v":"AM"},{"$i":"time_pm","$v":"PM"},{"$i":"softkey-options","$v":"ᱵᱤᱠᱟᱞᱚᱯ"},{"$i":"reset","$v":"ᱜᱷᱩᱨᱮ ᱵᱮᱣᱭᱥᱮᱣ"},{"$i":"start","$v":"ᱮᱦᱚᱵ"},{"$i":"stop","$v":"ᱛᱤᱸᱜᱩ"},{"$i":"cancel","$v":"ᱢᱩᱪᱮᱫ"},{"$i":"hour","$v":"ᱜᱷᱚᱱᱴᱟ"},{"$i":"hours","$v":"ᱜᱷᱚᱱᱴᱟ ᱠᱚ"},{"$i":"minute","$v":"ᱴᱤᱯᱤᱡ"},{"$i":"minutes","$v":"ᱴᱤᱯᱤᱡ ᱠᱚ"},{"$i":"second","$v":"ᱫᱚᱥᱟᱨ"},{"$i":"alarm","$v":"ᱜᱷᱩᱱᱴᱤ"},{"$i":"alarm-name","placeholder":"ᱜᱷᱩᱱᱴᱤ"},{"$i":"timer","$v":"ᱴᱟᱭᱢᱚᱨ"},{"$i":"stopwatch","$v":"ᱛᱷᱤᱸᱜᱩ ᱜᱷᱩᱲᱤ"},{"$i":"alarmName","$v":"ᱟᱞᱟᱨᱢ ᱧᱩᱢ"},{"$i":"newAlarm","$v":"ᱱᱟᱣᱟ ᱟᱞᱟᱨᱢ"},{"$i":"editAlarm","$v":"ᱜᱷᱚᱱᱴᱤ ᱟᱨᱩ"},{"$i":"tclSettings","$v":"ᱥᱮᱴᱤᱸᱜ"},{"$i":"clock-settings","$v":"ᱜᱷᱩᱲᱤ ᱥᱮᱴᱤᱸᱜ"},{"$i":"alarms-maximum","$v":"ᱟᱢ ᱫᱚᱢ ᱛᱤᱭᱮᱜ ᱟᱠᱟᱫᱟ ᱵᱟᱲᱛᱤ ᱠᱷᱚᱱ ᱵᱟᱲᱛᱤ ᱞᱮᱠᱷᱟ ᱟᱞᱟᱨᱢ ᱠᱚ ᱨᱮᱭᱟᱜ."},{"$i":"laps-maximum","$v":"ᱟᱢ ᱫᱚᱢ ᱛᱤᱭᱮᱜ ᱟᱠᱟᱫᱟ ᱵᱟᱲᱛᱤ ᱠᱷᱚᱱ ᱵᱟᱲᱛᱤ ᱞᱮᱠᱷᱟ ᱟᱴᱟᱞ ᱠᱚ ᱨᱮᱭᱟᱜ."},{"$i":"changes-saved","$v":"ᱡᱚᱜᱟᱣᱟᱜ ᱵᱚᱫᱚᱞ."},{"$i":"pause","$v":"ᱛᱷᱤᱨ"},{"$i":"resume","$v":"ᱜᱷᱩᱨᱮ ᱛᱮ ᱮᱦᱚᱵ"},{"$i":"lap","$v":"ᱛᱷᱟᱯ"},{"$i":"lap-number","$v":[{"t":"idOrVar","v":"n"}," ᱞᱮᱯ"]},{"$i":"timer-hour","$v":"ᱜᱷᱚᱱᱴᱟ"},{"$i":"timer-min","$v":"ᱴᱤᱯᱤᱡ"},{"$i":"timer-sec","$v":"ᱫᱚᱥᱟᱨ"},{"$i":"delete","$v":"ᱢᱮᱴᱟᱣ"},{"$i":"time","$v":"ᱚᱠᱛᱮ"},{"$i":"snooze-label","$v":"ᱫᱤᱥᱮᱣᱟᱜ"},{"$i":"snooze-button","$v":"ᱫᱤᱥᱮᱣᱟᱜ"},{"$i":"repeat","$v":"ᱫᱚᱦᱚᱲ"},{"$i":"vibrate","$v":"ᱛᱷᱟᱨ~ᱛᱷᱟᱨᱟᱣ"},{"$i":"close","$v":"ᱵᱟᱪᱷᱟᱣ"},{"$i":"save","$v":"ᱡᱚᱜᱟᱣᱡᱟᱜᱟ ᱫᱚ ᱵᱟᱝ ᱮᱥᱠᱮᱱ ᱫᱟᱲᱤᱭᱟᱜ-ᱟ."},{"$i":"done","$v":"ᱦᱚᱭᱱᱟ"},{"$i":"tcl-select-time","$v":"ᱚᱠᱛᱮ ᱵᱟᱪᱷᱟᱣ ᱢᱮ"},{"$i":"closeButton","ariaLabel":"ᱵᱟᱪᱷᱟᱣ"},{"$i":"newAlarmButton","ariaLabel":"ᱱᱟᱣᱟ ᱟᱞᱟᱨᱢ"},{"$i":"alarm-volume-label","$v":"ᱥᱤᱥᱴᱚᱢ ᱟᱞᱟᱨᱢ ᱣᱚᱤᱭᱚᱢ"},{"$i":"tcl-volume","$v":"ᱣᱚᱞᱤᱭᱚᱚᱢ:"},{"$i":"volume-level-display","$v":[{"t":"idOrVar","v":"n"}," / ",{"t":"idOrVar","v":"c"}]},{"$i":"sound","$v":"ᱥᱟᱰᱤ"},{"$i":"noSound","$v":"ᱵᱟᱱᱩᱜ-ᱟ ᱥᱟᱰᱤ"},{"$i":"tcl-ringtones","$v":"ᱨᱤᱸᱜᱴᱚᱱ"},{"$i":"everyday","$v":"ᱡᱚᱛᱚ ᱢᱟᱦᱟ"},{"$i":"weekdays","$v":"ᱦᱚᱯᱛᱟ ᱢᱩᱪᱮᱫ ᱢᱟᱦᱟ ᱠᱚ"},{"$i":"weekends","$v":"ᱦᱚᱯᱛᱟ ᱢᱩᱪᱮᱫ"},{"$i":"never","$v":"ᱛᱤᱥ ᱜᱮ ᱵᱟᱝ"},{"$i":"vibrateOn","$v":"ᱨᱮ"},{"$i":"vibrateOff","$v":"ᱵᱚᱱᱫᱚ"},{"$i":"tcl-on","$v":"ᱨᱮ"},{"$i":"tcl-off","$v":"ᱵᱚᱱᱫᱚ"},{"$i":"plusMinute","$v":"+1 ᱴᱤᱯᱤᱡ ᱠᱚ"},{"$i":"dateFormat","$v":"%A, %b %e"},{"$i":"countdown-lessThanAnHour","$v":["ᱧᱤᱛ ᱠᱷᱚᱱ ",{"t":"idOrVar","v":"minutes"}," ᱞᱟᱜᱤᱫ ᱱᱚᱣᱟ ᱟᱞᱟᱨᱢ ᱫᱚ ᱵᱟᱭᱥᱮᱣ ᱟᱠᱟᱱᱟ."]},{"$i":"countdown-moreThanAnHour","$v":["ᱧᱤᱛ ᱠᱷᱚᱱ ",{"t":"idOrVar","v":"hours"},{"t":"idOrVar","v":"minutes"}," ᱞᱟᱜᱤᱫ ᱱᱚᱣᱟ ᱟᱞᱟᱨᱢ ᱫᱚ ᱵᱟᱭᱥᱮᱣ ᱟᱠᱟᱱᱟ."]},{"$i":"countdown-moreThanADay","$v":["ᱧᱤᱛ ᱠᱷᱚᱱ ",{"t":"idOrVar","v":"days"},{"t":"idOrVar","v":"hours"}," ᱞᱟᱜᱤᱫ ᱱᱚᱣᱟ ᱟᱞᱟᱨᱢ ᱫᱚ ᱵᱟᱭᱥᱮᱣ ᱟᱠᱟᱱᱟ."]},{"$i":"tcl-alarm-off","$v":"ᱟᱞᱟᱨᱢ ᱫᱚ ᱵᱚᱱᱫᱚ ᱟᱠᱟᱱᱟ."},{"$i":"tcl-alarm-deleted","$v":"ᱟᱞᱟᱨᱢ ᱢᱮᱴᱟᱣ ᱟᱠᱟᱱᱟ."},{"$i":"nMinutes","$v":{"zero":"ᱢᱤᱛ ᱴᱤᱯᱤᱡ ᱠᱷᱚ ᱠᱚᱢ","one":"ᱢᱤᱛ ᱴᱤᱯᱤᱡ","two":[{"t":"idOrVar","v":"n"}," ᱴᱤᱯᱤᱡ ᱠᱚ"],"few":[{"t":"idOrVar","v":"n"}," ᱴᱤᱯᱤᱡ ᱠᱚ"],"many":[{"t":"idOrVar","v":"n"}," ᱴᱤᱯᱤᱡ ᱠᱚ"],"other":[{"t":"idOrVar","v":"n"}," ᱴᱤᱯᱤᱡ ᱠᱚ"]},"$x":[{"t":"idOrVar","v":"plural"},"n"]},{"$i":"nHours","$v":{"zero":"","one":[{"t":"idOrVar","v":"n"}," ᱜᱷᱚᱱᱴᱟ"],"two":[{"t":"idOrVar","v":"n"}," ᱜᱷᱚᱱᱴᱟ ᱠᱚ"],"few":[{"t":"idOrVar","v":"n"}," ᱜᱷᱚᱱᱴᱟ ᱠᱚ"],"many":[{"t":"idOrVar","v":"n"}," ᱜᱷᱚᱱᱴᱟ ᱠᱚ"],"other":[{"t":"idOrVar","v":"n"}," ᱜᱷᱚᱱᱴᱟ ᱠᱚ"]},"$x":[{"t":"idOrVar","v":"plural"},"n"]},{"$i":"nAndRemainHours","$v":{"zero":"","one":["ᱟᱨ ",{"t":"idOrVar","v":"n"}," ᱜᱷᱚᱱᱴᱟ"],"two":["ᱟᱨ ",{"t":"idOrVar","v":"n"}," ᱜᱷᱚᱱᱴᱟ"],"few":["ᱟᱨ ",{"t":"idOrVar","v":"n"}," ᱜᱷᱚᱱᱴᱟ"],"many":["ᱟᱨ ",{"t":"idOrVar","v":"n"}," ᱜᱷᱚᱱᱴᱟ"],"other":["ᱟᱨ ",{"t":"idOrVar","v":"n"}," ᱜᱷᱚᱱᱴᱟ"]},"$x":[{"t":"idOrVar","v":"plural"},"n"]},{"$i":"nRemainDays","$v":{"zero":"","one":[{"t":"idOrVar","v":"n"}," ᱢᱟᱦᱟ"],"two":[{"t":"idOrVar","v":"n"}," ᱢᱟᱦᱟ ᱠᱚ"],"few":[{"t":"idOrVar","v":"n"}," ᱢᱟᱦᱟ ᱠᱚ"],"many":[{"t":"idOrVar","v":"n"}," ᱢᱟᱦᱟ ᱠᱚ"],"other":[{"t":"idOrVar","v":"n"}," ᱢᱟᱦᱟ ᱠᱚ"]},"$x":[{"t":"idOrVar","v":"plural"},"n"]},{"$i":"nRemainMinutes","$v":{"zero":"","one":["ᱟᱨ ",{"t":"idOrVar","v":"n"}," ᱴᱤᱯᱤᱡ"],"two":["ᱟᱨ ",{"t":"idOrVar","v":"n"}," ᱴᱤᱯᱤᱡ ᱠᱚ"],"few":["ᱟᱨ ",{"t":"idOrVar","v":"n"}," ᱴᱤᱯᱤᱡ ᱠᱚ"],"many":["ᱟᱨ ",{"t":"idOrVar","v":"n"}," ᱴᱤᱯᱤᱡ ᱠᱚ"],"other":["ᱟᱨ ",{"t":"idOrVar","v":"n"}," ᱴᱤᱯᱤᱡ ᱠᱚ"]},"$x":[{"t":"idOrVar","v":"plural"},"n"]},{"$i":"nSpinnerSeconds","$v":{"zero":"ᱥᱩᱱᱚ ᱴᱤᱡ ᱠᱚ","one":"ᱢᱤᱛ ᱴᱤᱡ","two":[{"t":"idOrVar","v":"n"}," ᱫᱩᱥᱟᱨ ᱠᱚ"],"few":[{"t":"idOrVar","v":"n"}," ᱫᱩᱥᱟᱨ ᱠᱚ"],"many":[{"t":"idOrVar","v":"n"}," ᱫᱩᱥᱟᱨ ᱠᱚ"],"other":[{"t":"idOrVar","v":"n"}," ᱫᱩᱥᱟᱨ ᱠᱚ"]},"$x":[{"t":"idOrVar","v":"plural"},"n"]},{"$i":"nSpinnerMinutes","$v":{"zero":"ᱥᱩᱱᱚ ᱴᱤᱯᱤᱡ ᱠᱚ","one":"ᱢᱤᱛ ᱴᱤᱯᱤᱡ","two":[{"t":"idOrVar","v":"n"}," ᱴᱤᱯᱤᱡ ᱠᱚ"],"few":[{"t":"idOrVar","v":"n"}," ᱴᱤᱯᱤᱡ ᱠᱚ"],"many":[{"t":"idOrVar","v":"n"}," ᱴᱤᱯᱤᱡ ᱠᱚ"],"other":[{"t":"idOrVar","v":"n"}," ᱴᱤᱯᱤᱡ ᱠᱚ"]},"$x":[{"t":"idOrVar","v":"plural"},"n"]},{"$i":"nSpinnerHours","$v":{"zero":"ᱥᱩᱱᱚ ᱜᱷᱚᱴᱟ ᱠᱚ","one":[{"t":"idOrVar","v":"n"}," ᱜᱷᱚᱱᱴᱟ"],"two":[{"t":"idOrVar","v":"n"}," ᱜᱷᱚᱱᱴᱟ ᱠᱚ"],"few":[{"t":"idOrVar","v":"n"}," ᱜᱷᱚᱱᱴᱟ ᱠᱚ"],"many":[{"t":"idOrVar","v":"n"}," ᱜᱷᱚᱱᱴᱟ ᱠᱚ"],"other":[{"t":"idOrVar","v":"n"}," ᱜᱷᱚᱱᱴᱟ ᱠᱚ"]},"$x":[{"t":"idOrVar","v":"plural"},"n"]},{"$i":"tcl-stop","$v":"ᱛᱤᱸᱜᱩ"},{"$i":"tcl-snooze","$v":"ᱫᱤᱥᱮᱣᱟᱜ"},{"$i":"ac_awake_opus","$v":"ᱵᱮᱨᱮᱫ"},{"$i":"ac_crystalize_opus","$v":"ᱥᱟᱯᱷᱹᱟ~ᱥᱟᱯᱷᱹᱤ"},{"$i":"ac_cycle_opus","$v":"ᱪᱚᱠᱨᱚ"},{"$i":"ac_digicloud_opus","$v":"ᱰᱤᱜᱤᱨᱤᱢᱤᱞ"},{"$i":"ac_humming_waves_opus","$v":"ᱦᱩᱢᱤᱸᱜ ᱣᱮᱵ"},{"$i":"ac_into_the_void_opus","$v":"Void ᱨᱮ"},{"$i":"ac_lightly_opus","$v":"ᱢᱟᱨᱥᱟᱞᱟᱜ"},{"$i":"ac_mobile_opus","$v":"ᱢᱳᱵᱟᱭᱤᱞ"},{"$i":"ac_pinger_opus","$v":"ᱯᱤᱸᱜᱚᱨ"},{"$i":"ac_skip_opus","$v":"ᱵᱟᱜᱤ"},{"$i":"ac_tri_opus","$v":"ᱴᱤᱨ"},{"$i":"ac_universal_opus","$v":"ᱭᱩᱱᱤᱣᱚᱨᱥᱚᱞ"},{"$i":"tcl-options","$v":"ᱵᱤᱠᱟᱞᱚᱯ"},{"$i":"tcl-clock-title","$v":"ᱜᱷᱩᱲᱤ"},{"$i":"alarm-title","$v":"ᱜᱷᱩᱱᱴᱤ"},{"$i":"no-alarms-body","$v":"ᱵᱟᱱᱩᱜ-ᱟ ᱟᱞᱟᱨᱢ ᱵᱮᱭᱥᱮᱣᱟᱜ ᱫᱚ. ᱮᱦᱚᱵᱟᱜ ᱧᱟᱢ ᱞᱟᱜᱤᱫ ᱩᱛᱟᱭ ᱢᱮ ᱱᱟᱣᱟ ᱟᱞᱟᱨᱢ."},{"$i":"tcl-new-alarm","$v":"ᱱᱟᱣᱟ ᱟᱞᱟᱨᱢ"},{"$i":"tcl-settings","$v":"ᱥᱮᱴᱤᱸᱜ"},{"$i":"tcl-cancel","$v":"ᱢᱩᱪᱮᱫ"},{"$i":"tcl-save","$v":"ᱡᱚᱜᱟᱣᱡᱟᱜᱟ ᱫᱚ ᱵᱟᱝ ᱮᱥᱠᱮᱱ ᱫᱟᱲᱤᱭᱟᱜ-ᱟ."},{"$i":"tcl-turnOn","$v":"ᱪᱟᱞᱩ"},{"$i":"tcl-turnOff","$v":"ᱵᱚᱱᱫᱚ"},{"$i":"edit","$v":"ᱟᱨᱩ"},{"$i":"select","$v":"ᱵᱟᱪᱷᱟᱣ"},{"$i":"tcl-delete","$v":"ᱢᱮᱴᱟᱣ"},{"$i":"tcl-selected-alarm","$v":"ᱟᱞᱟᱨᱢ ᱵᱟᱪᱷᱟᱣ ᱟᱠᱟᱱᱟ ᱟᱠᱟᱱᱟ"},{"$i":"tcl-set","$v":"ᱵᱮᱭᱥᱮᱣ"},{"$i":"tcl-start","$v":"ᱮᱦᱚᱵ"},{"$i":"tcl-reset","$v":"ᱜᱷᱩᱨᱮ ᱵᱮᱣᱭᱥᱮᱣ"},{"$i":"tcl-min-plus","$v":"+1 ᱴᱤᱯᱤᱡ ᱠᱚ"},{"$i":"tcl-resume","$v":"ᱜᱷᱩᱨᱮ ᱛᱮ ᱮᱦᱚᱵ"},{"$i":"tcl-lap","$v":"ᱛᱷᱟᱯ"},{"$i":"play","$v":"ᱪᱟᱞᱩ"},{"$i":"tcl-no-repeat","$v":"ᱫᱚᱦᱚᱲᱟᱣᱟᱜ ᱵᱟᱱᱩᱜ-ᱟ"},{"$i":"tcl-confirm-title","$v":"ᱜᱚᱴᱟᱜ ᱠᱟᱱᱟ"},{"$i":"tcl-confirm-delete-body","$v":"ᱵᱟᱪᱷᱟᱣ ᱟᱠᱟᱱ ᱥᱚᱝᱛᱚᱨ ᱢᱮᱴᱟᱣ?"},{"$i":"tcl-confirm-end-key-body","$v":{"$o":"ᱮᱯᱞᱤᱠᱮᱥᱚᱱ ᱫᱚ ᱵᱚᱱᱫᱚᱜ-ᱟ ᱰᱮᱴᱟ ᱟᱞ ᱥᱟᱛᱮᱜ. <br><br> ᱪᱮᱫ ᱟᱢ ᱟᱹᱨᱩᱣᱟᱜ ᱨᱮ ᱨᱩᱣᱮᱲ ᱦᱟᱡᱩᱜ ᱥᱟᱱᱟᱭᱮᱜ ᱢᱮᱭᱟ?"}},{"$i":"tcl-confirm-exit-button","$v":"ᱵᱟᱦᱨᱮ"},{"$i":"tcl-confirm-return-button","$v":"ᱨᱩᱣᱮᱲ"}]