[{"$i":"weekday-0-long","$v":"आर्तवारु"},{"$i":"weekday-1-long","$v":"सुमर"},{"$i":"weekday-2-long","$v":"मंगल"},{"$i":"weekday-3-long","$v":"बु॒धर"},{"$i":"weekday-4-long","$v":"विशपत"},{"$i":"weekday-5-long","$v":"जुमो"},{"$i":"weekday-6-long","$v":"छंछरु"},{"$i":"weekday-0-short","$v":"आचरु"},{"$i":"weekday-1-short","$v":"सूमरु"},{"$i":"weekday-2-short","$v":"अङारो"},{"$i":"weekday-3-short","$v":"अर्बा"},{"$i":"weekday-4-short","$v":"ख़मीस"},{"$i":"weekday-5-short","$v":"जमावं"},{"$i":"weekday-6-short","$v":"छंछरु"},{"$i":"month-0-long","$v":"जनॿीहर"},{"$i":"month-1-long","$v":"फ़ीबरॿीहर"},{"$i":"month-2-long","$v":"मार्चु"},{"$i":"month-3-long","$v":"अप्रेलु"},{"$i":"month-4-long","$v":"मुई"},{"$i":"month-5-long","$v":"जूनि"},{"$i":"month-6-long","$v":"जूलाइ"},{"$i":"month-7-long","$v":"आगस्टु"},{"$i":"month-8-long","$v":"सेप्टेम्बरु"},{"$i":"month-9-long","$v":"आक्टोबरु"},{"$i":"month-10-long","$v":"नवम्बरु"},{"$i":"month-11-long","$v":"डिसम्बरु"},{"$i":"month-0-genitive","$v":"जनॿीहर"},{"$i":"month-1-genitive","$v":"फ़ीबरॿीहर"},{"$i":"month-2-genitive","$v":"मार्चु"},{"$i":"month-3-genitive","$v":"अप्रेलु"},{"$i":"month-4-genitive","$v":"मुई"},{"$i":"month-5-genitive","$v":"जूनि"},{"$i":"month-6-genitive","$v":"जूलाइ"},{"$i":"month-7-genitive","$v":"आगस्टु"},{"$i":"month-8-genitive","$v":"सेप्टेम्बरु"},{"$i":"month-9-genitive","$v":"आक्टोबरु"},{"$i":"month-10-genitive","$v":"नवम्बरु"},{"$i":"month-11-genitive","$v":"डिसम्बरु"},{"$i":"month-0-short","$v":"जनॿीहर"},{"$i":"month-1-short","$v":"फ़ीबरॿीहर"},{"$i":"month-2-short","$v":"मार्चु"},{"$i":"month-3-short","$v":"अप्रेलु"},{"$i":"month-4-short","$v":"मुई"},{"$i":"month-5-short","$v":"जनॿीहर"},{"$i":"month-6-short","$v":"जूलाइ"},{"$i":"month-7-short","$v":"आगस्टु"},{"$i":"month-8-short","$v":"सेप्टेम्बरु"},{"$i":"month-9-short","$v":"आक्टोबरु"},{"$i":"month-10-short","$v":"नवम्बरु"},{"$i":"month-11-short","$v":"डिसम्बरु"},{"$i":"minutes-ago-long","$v":{"zero":"बिलकुल हाणे","one":"हिक मिंटु अॻु","two":[{"t":"idOrVar","v":"value"}," मिंटु अॻु"],"few":[{"t":"idOrVar","v":"value"}," मिंटु अॻु"],"many":[{"t":"idOrVar","v":"value"}," मिंटु अॻु"],"other":[{"t":"idOrVar","v":"value"}," मिंटु अॻु"]},"$x":[{"t":"idOrVar","v":"plural"},"value"]},{"$i":"hours-ago-long","$v":{"zero":"बिलकुल हाणे","one":"हिक कलाकु अॻु","two":[{"t":"idOrVar","v":"value"}," कलाकु अॻु"],"few":[{"t":"idOrVar","v":"value"}," कलाकु अॻु"],"many":[{"t":"idOrVar","v":"value"}," कलाकु अॻु"],"other":[{"t":"idOrVar","v":"value"}," कलाकु अॻु"]},"$x":[{"t":"idOrVar","v":"plural"},"value"]},{"$i":"days-ago-long","$v":{"zero":"अजु॒","one":"कुल्हा","two":[{"t":"idOrVar","v":"value"}," ॾींहुं अॻु"],"few":[{"t":"idOrVar","v":"value"}," ॾींहुं अॻु"],"many":[{"t":"idOrVar","v":"value"}," ॾींहुं अॻु"],"other":[{"t":"idOrVar","v":"value"}," ॾींहुं अॻु"]},"$x":[{"t":"idOrVar","v":"plural"},"value"]},{"$i":"weeks-ago-long","$v":{"zero":"हुन हफ़्ते","one":"गुज़िरियल हफ़्ते","two":[{"t":"idOrVar","v":"value"}," हफ़ता अॻु"],"few":[{"t":"idOrVar","v":"value"}," हफ़ता अॻु"],"many":[{"t":"idOrVar","v":"value"}," हफ़ता अॻु"],"other":[{"t":"idOrVar","v":"value"}," हफ़ता अॻु"]},"$x":[{"t":"idOrVar","v":"plural"},"value"]},{"$i":"months-ago-long","$v":{"zero":"हुन महीने","one":"गुज़िरियल महीने","two":[{"t":"idOrVar","v":"value"}," महीना अॻु"],"few":[{"t":"idOrVar","v":"value"}," महीना अॻु"],"many":[{"t":"idOrVar","v":"value"}," महीना अॻु"],"other":[{"t":"idOrVar","v":"value"}," महीना अॻु"]},"$x":[{"t":"idOrVar","v":"plural"},"value"]},{"$i":"years-ago-long","$v":{"zero":"हुन सालु","one":"गुज़िरियल सालु","two":[{"t":"idOrVar","v":"value"}," सालु अॻु"],"few":[{"t":"idOrVar","v":"value"}," सालु अॻु"],"many":[{"t":"idOrVar","v":"value"}," सालु अॻु"],"other":[{"t":"idOrVar","v":"value"}," सालु अॻु"]},"$x":[{"t":"idOrVar","v":"plural"},"value"]},{"$i":"minutes-until-long","$v":{"zero":"हाणि","one":"हिक मिंटु में","two":[{"t":"idOrVar","v":"value"}," मिन्टनि में"],"few":[{"t":"idOrVar","v":"value"}," मिन्टनि में"],"many":[{"t":"idOrVar","v":"value"}," मिन्टनि में"],"other":[{"t":"idOrVar","v":"value"}," मिन्टनि में"]},"$x":[{"t":"idOrVar","v":"plural"},"value"]},{"$i":"hours-until-long","$v":{"zero":"हाणि","one":"हिक कलाकु में","two":[{"t":"idOrVar","v":"value"}," कलाकनि में"],"few":[{"t":"idOrVar","v":"value"}," कलाकनि में"],"many":[{"t":"idOrVar","v":"value"}," कलाकनि में"],"other":[{"t":"idOrVar","v":"value"}," कलाकनि में"]},"$x":[{"t":"idOrVar","v":"plural"},"value"]},{"$i":"days-until-long","$v":{"zero":"अजु॒","one":"सुभाणे","two":[{"t":"idOrVar","v":"value"}," ॾींहुं में"],"few":[{"t":"idOrVar","v":"value"}," ॾींहुं में"],"many":[{"t":"idOrVar","v":"value"}," ॾींहुं में"],"other":[{"t":"idOrVar","v":"value"}," ॾींहुं में"]},"$x":[{"t":"idOrVar","v":"plural"},"value"]},{"$i":"weeks-until-long","$v":{"zero":"हुन हफ़्ते","one":"ईंदड़ सालु","two":[{"t":"idOrVar","v":"value"}," हफ़्तनि में"],"few":[{"t":"idOrVar","v":"value"}," हफ़्तनि में"],"many":[{"t":"idOrVar","v":"value"}," हफ़्तनि में"],"other":[{"t":"idOrVar","v":"value"}," हफ़्तनि में"]},"$x":[{"t":"idOrVar","v":"plural"},"value"]},{"$i":"months-until-long","$v":{"zero":"हुन महीने","one":"ईंदड़ महीने","two":[{"t":"idOrVar","v":"value"}," महीननि में"],"few":[{"t":"idOrVar","v":"value"}," महीननि में"],"many":[{"t":"idOrVar","v":"value"}," महीननि में"],"other":[{"t":"idOrVar","v":"value"}," महीननि में"]},"$x":[{"t":"idOrVar","v":"plural"},"value"]},{"$i":"years-until-long","$v":{"zero":"हुन सालु","one":"ईंदड़ सालु","two":[{"t":"idOrVar","v":"value"}," सालनि में"],"few":[{"t":"idOrVar","v":"value"}," सालनि में"],"many":[{"t":"idOrVar","v":"value"}," सालनि में"],"other":[{"t":"idOrVar","v":"value"}," सालनि में"]},"$x":[{"t":"idOrVar","v":"plural"},"value"]},{"$i":"minutes-ago-short","$v":{"zero":"बिलकुल हाणे","other":[{"t":"idOrVar","v":"value"}," मिंटु अॻु"]},"$x":[{"t":"idOrVar","v":"plural"},"value"]},{"$i":"hours-ago-short","$v":{"zero":"बिलकुल हाणे","other":[{"t":"idOrVar","v":"value"}," कलाकु अॻु"]},"$x":[{"t":"idOrVar","v":"plural"},"value"]},{"$i":"days-ago-short","$v":{"zero":"अजु॒","other":[{"t":"idOrVar","v":"value"}," ॾींहुं अॻु"]},"$x":[{"t":"idOrVar","v":"plural"},"value"]},{"$i":"minutes-until-short","$v":{"zero":"हाणि","other":[{"t":"idOrVar","v":"value"},"m में"]},"$x":[{"t":"idOrVar","v":"plural"},"value"]},{"$i":"hours-until-short","$v":{"zero":"हाणि","other":[{"t":"idOrVar","v":"value"},"h में"]},"$x":[{"t":"idOrVar","v":"plural"},"value"]},{"$i":"days-until-short","$v":{"zero":"अजु॒","other":[{"t":"idOrVar","v":"value"},"d में"]},"$x":[{"t":"idOrVar","v":"plural"},"value"]},{"$i":"incorrectDate","$v":"( ग़लति तारीख़)"},{"$i":"dateTimeFormat_%c","$v":"%a %b %e %Y %I:%M:%S %p"},{"$i":"dateTimeFormat_%x","$v":"%m/%d/%Y"},{"$i":"dateTimeFormat_%X","$v":"%I:%M:%S %p"},{"$i":"shortTimeFormat","$v":"%I:%M %p"},{"$i":"shortTimeFormat12","$v":"%I:%M %p"},{"$i":"shortTimeFormat24","$v":"%H:%M"},{"$i":"shortDateTimeFormat","$v":"%x %I:%M %p"},{"$i":"weekStartsOnMonday","$v":"0"},{"$i":"firstDayOfTheWeek","$v":"0"},{"$i":"time_am","$v":"AM"},{"$i":"time_pm","$v":"PM"},{"$i":"softkey-options","$v":"इख़्तियारु"},{"$i":"reset","$v":"बि॒हर तरतीब"},{"$i":"start","$v":"शुरु"},{"$i":"stop","$v":"रोक्यो"},{"$i":"cancel","$v":"मंसूख़ कर्यो"},{"$i":"hour","$v":"कलाकु"},{"$i":"hours","$v":"कलाकु"},{"$i":"minute","$v":"मिंटु"},{"$i":"minutes","$v":"मिंटु"},{"$i":"second","$v":"सेकंडु"},{"$i":"alarm","$v":"रेताउ"},{"$i":"alarm-name","placeholder":"रेताउ"},{"$i":"timer","$v":"टाईमर"},{"$i":"stopwatch","$v":"स्टापवाछ"},{"$i":"alarmName","$v":"अलार्म जो नालो"},{"$i":"newAlarm","$v":"नई अलार्म"},{"$i":"editAlarm","$v":"चिताउ फेरबदल कयो"},{"$i":"tclSettings","$v":"सेटिंगयूं"},{"$i":"clock-settings","$v":"घड़ी जूनि सीटनगूं"},{"$i":"alarms-maximum","$v":"तवहां अलाराम जी वधि में वधि तइदादु ताईं पहुचे चका आहियो."},{"$i":"laps-maximum","$v":"तवहां लैप्स जी वधि में वधि तइदादु ताईं पहुचे चका आहियो."},{"$i":"changes-saved","$v":"तब्दीलियूं महफूज़ु कयूं."},{"$i":"pause","$v":"वक़फ़ो"},{"$i":"resume","$v":"बि॒हर शुरु कयो"},{"$i":"lap","$v":"लेप"},{"$i":"lap-number","$v":["लेपु ",{"t":"idOrVar","v":"n"}]},{"$i":"timer-hour","$v":"कलाकु"},{"$i":"timer-min","$v":"मिंटु"},{"$i":"timer-sec","$v":"सेकंडु"},{"$i":"delete","$v":"रदि"},{"$i":"time","$v":"वक्त"},{"$i":"snooze-label","$v":"माठि कयलु"},{"$i":"snooze-button","$v":"माठि कयलु"},{"$i":"repeat","$v":"दहुरायो"},{"$i":"vibrate","$v":"विईब्रेट"},{"$i":"close","$v":"बंद"},{"$i":"save","$v":"साघो"},{"$i":"done","$v":"पुरो थियो"},{"$i":"tcl-select-time","$v":"वक़्तु चूंडियो"},{"$i":"closeButton","ariaLabel":"बंद"},{"$i":"newAlarmButton","ariaLabel":"नई अलार्म"},{"$i":"alarm-volume-label","$v":"सिस्टम अलार्म वालयूम"},{"$i":"tcl-volume","$v":"आवाज़ु:"},{"$i":"volume-level-display","$v":[{"t":"idOrVar","v":"n"}," / ",{"t":"idOrVar","v":"c"}]},{"$i":"sound","$v":"आवाज"},{"$i":"noSound","$v":"को बि आवाज़ु न"},{"$i":"tcl-ringtones","$v":"रिंगटोनअ"},{"$i":"everyday","$v":"हर डि॒हिं"},{"$i":"weekdays","$v":"हफतेवार डि॒हिं"},{"$i":"weekends","$v":"हफताणोअंतु"},{"$i":"never","$v":"कदहिं न"},{"$i":"vibrateOn","$v":"मथे"},{"$i":"vibrateOff","$v":"बंद"},{"$i":"tcl-on","$v":"मथे"},{"$i":"tcl-off","$v":"बंद"},{"$i":"plusMinute","$v":"+1 मिनिट"},{"$i":"dateFormat","$v":"%A, %b %e"},{"$i":"countdown-lessThanAnHour","$v":["अलाराम हाणे खां ",{"t":"idOrVar","v":"minutes"}," जे लाइ सीट आहे"]},{"$i":"countdown-moreThanAnHour","$v":["अलाराम हाणे खां ",{"t":"idOrVar","v":"hours"}," ",{"t":"idOrVar","v":"minutes"}," जे लाइ सीट आहे."]},{"$i":"countdown-moreThanADay","$v":["अलाराम हाणे खां ",{"t":"idOrVar","v":"days"}," ",{"t":"idOrVar","v":"hours"}," जे लाइ सीट आहे."]},{"$i":"tcl-alarm-off","$v":"अलार्म बंदु थी."},{"$i":"tcl-alarm-deleted","$v":"अलार्म हज़फ़ थी."},{"$i":"nMinutes","$v":{"zero":"हिक मिंटु खां घटि","one":"passwdtxt","two":[{"t":"idOrVar","v":"n"}," मिंटु"],"few":[{"t":"idOrVar","v":"n"}," मिंटु"],"many":[{"t":"idOrVar","v":"n"}," मिंटु"],"other":[{"t":"idOrVar","v":"n"}," मिंटु"]},"$x":[{"t":"idOrVar","v":"plural"},"n"]},{"$i":"nHours","$v":{"zero":"","one":[{"t":"idOrVar","v":"n"}," कलाकु"],"two":[{"t":"idOrVar","v":"n"}," कलाकु"],"few":[{"t":"idOrVar","v":"n"}," कलाकु"],"many":[{"t":"idOrVar","v":"n"}," कलाकु"],"other":[{"t":"idOrVar","v":"n"}," कलाकु"]},"$x":[{"t":"idOrVar","v":"plural"},"n"]},{"$i":"nAndRemainHours","$v":{"zero":"","one":["ऐं ",{"t":"idOrVar","v":"n"}," कलाकु"],"two":["ऐं ",{"t":"idOrVar","v":"n"}," कलाकु"],"few":["ऐं ",{"t":"idOrVar","v":"n"}," कलाकु"],"many":["ऐं ",{"t":"idOrVar","v":"n"}," कलाकु"],"other":["ऐं ",{"t":"idOrVar","v":"n"}," कलाकु"]},"$x":[{"t":"idOrVar","v":"plural"},"n"]},{"$i":"nRemainDays","$v":{"zero":"","one":[{"t":"idOrVar","v":"n"}," ॾींहुं"],"two":[{"t":"idOrVar","v":"n"}," ॾींहुं"],"few":[{"t":"idOrVar","v":"n"}," ॾींहुं"],"many":[{"t":"idOrVar","v":"n"}," ॾींहुं"],"other":[{"t":"idOrVar","v":"n"}," ॾींहुं"]},"$x":[{"t":"idOrVar","v":"plural"},"n"]},{"$i":"nRemainMinutes","$v":{"zero":"","one":["ऐं ",{"t":"idOrVar","v":"n"}," मिंटु"],"two":["ऐं ",{"t":"idOrVar","v":"n"}," मिंटु"],"few":["ऐं ",{"t":"idOrVar","v":"n"}," मिंटु"],"many":["ऐं ",{"t":"idOrVar","v":"n"}," मिंटु"],"other":["ऐं ",{"t":"idOrVar","v":"n"}," मिंटु"]},"$x":[{"t":"idOrVar","v":"plural"},"n"]},{"$i":"nSpinnerSeconds","$v":{"zero":"ज़ीरो सेकंडु","one":"हिकु सेकंडु","two":[{"t":"idOrVar","v":"n"}," सेकंडु"],"few":[{"t":"idOrVar","v":"n"}," सेकंडु"],"many":[{"t":"idOrVar","v":"n"}," सेकंडु"],"other":[{"t":"idOrVar","v":"n"}," सेकंडु"]},"$x":[{"t":"idOrVar","v":"plural"},"n"]},{"$i":"nSpinnerMinutes","$v":{"zero":"ज़ीरो मिंटु","one":"passwdtxt","two":[{"t":"idOrVar","v":"n"}," मिंटु"],"few":[{"t":"idOrVar","v":"n"}," मिंटु"],"many":[{"t":"idOrVar","v":"n"}," मिंटु"],"other":[{"t":"idOrVar","v":"n"}," मिंटु"]},"$x":[{"t":"idOrVar","v":"plural"},"n"]},{"$i":"nSpinnerHours","$v":{"zero":"ज़ीरो कलाकु","one":[{"t":"idOrVar","v":"n"}," कलाकु"],"two":[{"t":"idOrVar","v":"n"}," कलाकु"],"few":[{"t":"idOrVar","v":"n"}," कलाकु"],"many":[{"t":"idOrVar","v":"n"}," कलाकु"],"other":[{"t":"idOrVar","v":"n"}," कलाकु"]},"$x":[{"t":"idOrVar","v":"plural"},"n"]},{"$i":"tcl-stop","$v":"रोक्यो"},{"$i":"tcl-snooze","$v":"माठि कयलु"},{"$i":"ac_awake_opus","$v":"सुजाग"},{"$i":"ac_crystalize_opus","$v":"करसटलाईज़"},{"$i":"ac_cycle_opus","$v":"साईकिल"},{"$i":"ac_digicloud_opus","$v":"डिजी क्लाउड"},{"$i":"ac_humming_waves_opus","$v":"हमनग लहरूं"},{"$i":"ac_into_the_void_opus","$v":"वाइड में"},{"$i":"ac_lightly_opus","$v":"हल्को"},{"$i":"ac_mobile_opus","$v":"मोबाइल"},{"$i":"ac_pinger_opus","$v":"पनगर"},{"$i":"ac_skip_opus","$v":"छॾियो"},{"$i":"ac_tri_opus","$v":"ट्राई"},{"$i":"ac_universal_opus","$v":"यूनीवर्सल"},{"$i":"tcl-options","$v":"इख़्तियारु"},{"$i":"tcl-clock-title","$v":"वाछ"},{"$i":"alarm-title","$v":"रेताउ"},{"$i":"no-alarms-body","$v":"के बि अलार्मों सीट न कयूं वयूं आहिनि  . शुरू करणु लाइ नई अलार्म खे दॿायो ."},{"$i":"tcl-new-alarm","$v":"नई अलार्म"},{"$i":"tcl-settings","$v":"सेटिंगयूं"},{"$i":"tcl-cancel","$v":"मंसूख़ कर्यो"},{"$i":"tcl-save","$v":"साघो"},{"$i":"tcl-turnOn","$v":"खोलियो"},{"$i":"tcl-turnOff","$v":"बंदु कर्यो"},{"$i":"edit","$v":"फेरबदल"},{"$i":"select","$v":"चूंडियो"},{"$i":"tcl-delete","$v":"रदि"},{"$i":"tcl-selected-alarm","$v":"चुंडियल अलार्म"},{"$i":"tcl-set","$v":"तरतीब"},{"$i":"tcl-start","$v":"शुरु"},{"$i":"tcl-reset","$v":"बि॒हर तरतीब"},{"$i":"tcl-min-plus","$v":"+1 मिनिट"},{"$i":"tcl-resume","$v":"बि॒हर शुरु कयो"},{"$i":"tcl-lap","$v":"लेप"},{"$i":"play","$v":"प्ले"},{"$i":"tcl-no-repeat","$v":"न दुहरायो"},{"$i":"tcl-confirm-title","$v":"तसिदीक़"},{"$i":"tcl-confirm-delete-body","$v":"चुंडियल अलार्म हज़फ़ कर्यो?"},{"$i":"tcl-confirm-end-key-body","$v":{"$o":"डेटा जे नुक़्सान सां अइपली केशन बंदु कई वेंदी .  <br><br>तदवीन कारी ॾांहुं वापस वञणु पसंदि कंदो?"}},{"$i":"tcl-confirm-exit-button","$v":"बा॒हर"},{"$i":"tcl-confirm-return-button","$v":"मोट"}]