[{"$i":"weekday-0-long","$v":"ஞாயிறுக்கிழமை"},{"$i":"weekday-1-long","$v":"திங்கள்"},{"$i":"weekday-2-long","$v":"செவ்வாய்க்கிழமை"},{"$i":"weekday-3-long","$v":"புதன்கிழமை"},{"$i":"weekday-4-long","$v":"வியாழக்கிழமை"},{"$i":"weekday-5-long","$v":"வெள்ளி"},{"$i":"weekday-6-long","$v":"சனிக்கிழமை"},{"$i":"weekday-0-short","$v":"ஞாயிறுக்கிழமை"},{"$i":"weekday-1-short","$v":"திங்கள்"},{"$i":"weekday-2-short","$v":"செவ்வாய்க்கிழமை"},{"$i":"weekday-3-short","$v":"புதன்கிழமை"},{"$i":"weekday-4-short","$v":"வியாழன்"},{"$i":"weekday-5-short","$v":"வெள்ளி"},{"$i":"weekday-6-short","$v":"சனிக்கிழமை"},{"$i":"month-0-long","$v":"ஜனவரி"},{"$i":"month-1-long","$v":"பிப்ரவரி"},{"$i":"month-2-long","$v":"மார்ச்"},{"$i":"month-3-long","$v":"ஏப்ரல்"},{"$i":"month-4-long","$v":"மே"},{"$i":"month-5-long","$v":"ஜூன்"},{"$i":"month-6-long","$v":"ஜூலை"},{"$i":"month-7-long","$v":"ஆகஸ்ட்"},{"$i":"month-8-long","$v":"செப்டம்பர்"},{"$i":"month-9-long","$v":"அக்டோபர்"},{"$i":"month-10-long","$v":"நவம்பர்"},{"$i":"month-11-long","$v":"டிசம்பர்"},{"$i":"month-0-genitive","$v":"ஜனவரி"},{"$i":"month-1-genitive","$v":"பிப்ரவரி"},{"$i":"month-2-genitive","$v":"மார்ச்"},{"$i":"month-3-genitive","$v":"ஏப்ரல்"},{"$i":"month-4-genitive","$v":"மே"},{"$i":"month-5-genitive","$v":"ஜூன்"},{"$i":"month-6-genitive","$v":"ஜூலை"},{"$i":"month-7-genitive","$v":"ஆகஸ்ட்"},{"$i":"month-8-genitive","$v":"செப்டம்பர்"},{"$i":"month-9-genitive","$v":"அக்டோபர்"},{"$i":"month-10-genitive","$v":"நவம்பர்"},{"$i":"month-11-genitive","$v":"டிசம்பர்"},{"$i":"month-0-short","$v":"ஜனவரி"},{"$i":"month-1-short","$v":"பிப்ரவரி"},{"$i":"month-2-short","$v":"மார்ச்"},{"$i":"month-3-short","$v":"ஏப்ரல்"},{"$i":"month-4-short","$v":"மே"},{"$i":"month-5-short","$v":"ஜூன்"},{"$i":"month-6-short","$v":"ஜூலை"},{"$i":"month-7-short","$v":"ஆகஸ்ட்"},{"$i":"month-8-short","$v":"செப்டம்பர்"},{"$i":"month-9-short","$v":"அக்டோபர்"},{"$i":"month-10-short","$v":"நவம்பர்"},{"$i":"month-11-short","$v":"டிசம்பர்"},{"$i":"minutes-ago-long","$v":{"zero":"இப்போது தான்","one":"ஒரு நிமிடம் முன்பாக","two":[{"t":"idOrVar","v":"value"}," நிமிடங்களுக்கு முன்பு"],"few":[{"t":"idOrVar","v":"value"}," நிமிடங்களுக்கு முன்பு"],"many":[{"t":"idOrVar","v":"value"}," நிமிடங்களுக்கு முன்பு"],"other":[{"t":"idOrVar","v":"value"}," நிமிடங்களுக்கு முன்பு"]},"$x":[{"t":"idOrVar","v":"plural"},"value"]},{"$i":"hours-ago-long","$v":{"zero":"இப்போது தான்","one":"ஒரு மணிநேரம் முன்பாக","two":[{"t":"idOrVar","v":"value"}," மணிநேரங்களுக்கு முன்பு"],"few":[{"t":"idOrVar","v":"value"}," மணிநேரங்களுக்கு முன்பு"],"many":[{"t":"idOrVar","v":"value"}," மணிநேரங்களுக்கு முன்பு"],"other":[{"t":"idOrVar","v":"value"}," மணிநேரங்களுக்கு முன்பு"]},"$x":[{"t":"idOrVar","v":"plural"},"value"]},{"$i":"days-ago-long","$v":{"zero":"இன்று","one":"நேற்று","two":[{"t":"idOrVar","v":"value"}," நாட்களுக்கு முன்பு"],"few":[{"t":"idOrVar","v":"value"}," நாட்களுக்கு முன்பு"],"many":[{"t":"idOrVar","v":"value"}," நாட்களுக்கு முன்பு"],"other":[{"t":"idOrVar","v":"value"}," நாட்களுக்கு முன்பு"]},"$x":[{"t":"idOrVar","v":"plural"},"value"]},{"$i":"weeks-ago-long","$v":{"zero":"இந்த வாரம்","one":"கடந்த வாரம்","two":[{"t":"idOrVar","v":"value"}," வாரங்களுக்கு முன்பு"],"few":[{"t":"idOrVar","v":"value"}," வாரங்களுக்கு முன்பு"],"many":[{"t":"idOrVar","v":"value"}," வாரங்களுக்கு முன்பு"],"other":[{"t":"idOrVar","v":"value"}," வாரங்களுக்கு முன்பு"]},"$x":[{"t":"idOrVar","v":"plural"},"value"]},{"$i":"months-ago-long","$v":{"zero":"இந்த மாதம்","one":"கடந்த மாதம்","two":[{"t":"idOrVar","v":"value"}," மாதங்களுக்கு முன்பு"],"few":[{"t":"idOrVar","v":"value"}," மாதங்களுக்கு முன்பு"],"many":[{"t":"idOrVar","v":"value"}," மாதங்களுக்கு முன்பு"],"other":[{"t":"idOrVar","v":"value"}," மாதங்களுக்கு முன்பு"]},"$x":[{"t":"idOrVar","v":"plural"},"value"]},{"$i":"years-ago-long","$v":{"zero":"இந்த வருடம்","one":"கடந்த வருடம்","two":[{"t":"idOrVar","v":"value"}," வருடங்களுக்கு முன்பு"],"few":[{"t":"idOrVar","v":"value"}," வருடங்களுக்கு முன்பு"],"many":[{"t":"idOrVar","v":"value"}," வருடங்களுக்கு முன்பு"],"other":[{"t":"idOrVar","v":"value"}," வருடங்களுக்கு முன்பு"]},"$x":[{"t":"idOrVar","v":"plural"},"value"]},{"$i":"minutes-until-long","$v":{"zero":"இப்போதே","one":"ஒரு நிமிடத்தில்","two":[{"t":"idOrVar","v":"value"}," நிமிடங்களில்"],"few":[{"t":"idOrVar","v":"value"}," நிமிடங்களில்"],"many":[{"t":"idOrVar","v":"value"}," நிமிடங்களில்"],"other":[{"t":"idOrVar","v":"value"}," நிமிடங்களில்"]},"$x":[{"t":"idOrVar","v":"plural"},"value"]},{"$i":"hours-until-long","$v":{"zero":"இப்போதே","one":"ஒரு மணிநேரத்தில்","two":[{"t":"idOrVar","v":"value"}," மணிநேரங்களில்"],"few":[{"t":"idOrVar","v":"value"}," மணிநேரங்களில்"],"many":[{"t":"idOrVar","v":"value"}," மணிநேரங்களில்"],"other":[{"t":"idOrVar","v":"value"}," மணிநேரங்களில்"]},"$x":[{"t":"idOrVar","v":"plural"},"value"]},{"$i":"days-until-long","$v":{"zero":"இன்று","one":"நாளை","two":[{"t":"idOrVar","v":"value"}," நாட்களில்"],"few":[{"t":"idOrVar","v":"value"}," நாட்களில்"],"many":[{"t":"idOrVar","v":"value"}," நாட்களில்"],"other":[{"t":"idOrVar","v":"value"}," நாட்களில்"]},"$x":[{"t":"idOrVar","v":"plural"},"value"]},{"$i":"weeks-until-long","$v":{"zero":"இந்த வாரம்","one":"அடுத்த வாரம்","two":[{"t":"idOrVar","v":"value"}," வாரங்களில்"],"few":[{"t":"idOrVar","v":"value"}," வாரங்களில்"],"many":[{"t":"idOrVar","v":"value"}," வாரங்களில்"],"other":[{"t":"idOrVar","v":"value"}," வாரங்களில்"]},"$x":[{"t":"idOrVar","v":"plural"},"value"]},{"$i":"months-until-long","$v":{"zero":"இந்த மாதம்","one":"அடுத்த மாதம்","two":[{"t":"idOrVar","v":"value"}," மாதங்களில்"],"few":[{"t":"idOrVar","v":"value"}," மாதங்களில்"],"many":[{"t":"idOrVar","v":"value"}," மாதங்களில்"],"other":[{"t":"idOrVar","v":"value"}," மாதங்களில்"]},"$x":[{"t":"idOrVar","v":"plural"},"value"]},{"$i":"years-until-long","$v":{"zero":"இந்த வருடம்","one":"அடுத்த ஆண்டு","two":[{"t":"idOrVar","v":"value"}," வருடங்களில்"],"few":[{"t":"idOrVar","v":"value"}," வருடங்களில்"],"many":[{"t":"idOrVar","v":"value"}," வருடங்களில்"],"other":[{"t":"idOrVar","v":"value"}," வருடங்களில்"]},"$x":[{"t":"idOrVar","v":"plural"},"value"]},{"$i":"minutes-ago-short","$v":{"zero":"இப்போது தான்","other":[{"t":"idOrVar","v":"value"},"நிமிடம் முன்பு"]},"$x":[{"t":"idOrVar","v":"plural"},"value"]},{"$i":"hours-ago-short","$v":{"zero":"இப்போது தான்","other":[{"t":"idOrVar","v":"value"},"மணிநேரம் முன்பு"]},"$x":[{"t":"idOrVar","v":"plural"},"value"]},{"$i":"days-ago-short","$v":{"zero":"இன்று","other":[{"t":"idOrVar","v":"value"},"நாள் முன்பு"]},"$x":[{"t":"idOrVar","v":"plural"},"value"]},{"$i":"minutes-until-short","$v":{"zero":"இப்போதே","other":[{"t":"idOrVar","v":"value"},"நிமிடத்தில்"]},"$x":[{"t":"idOrVar","v":"plural"},"value"]},{"$i":"hours-until-short","$v":{"zero":"இப்போதே","other":[{"t":"idOrVar","v":"value"},"மணிநேரத்தில்"]},"$x":[{"t":"idOrVar","v":"plural"},"value"]},{"$i":"days-until-short","$v":{"zero":"இன்று","other":[{"t":"idOrVar","v":"value"},"நாள் இல்"]},"$x":[{"t":"idOrVar","v":"plural"},"value"]},{"$i":"incorrectDate","$v":"(தவறான தேதி)"},{"$i":"dateTimeFormat_%c","$v":"%a %b %e %Y %I:%M:%S %p"},{"$i":"dateTimeFormat_%x","$v":"%m/%d/%Y"},{"$i":"dateTimeFormat_%X","$v":"%I:%M:%S %p"},{"$i":"shortTimeFormat","$v":"%I:%M %p"},{"$i":"shortTimeFormat12","$v":"%I:%M %p"},{"$i":"shortTimeFormat24","$v":"%H:%M"},{"$i":"shortDateTimeFormat","$v":"%x %I:%M %p"},{"$i":"weekStartsOnMonday","$v":"0"},{"$i":"firstDayOfTheWeek","$v":"0"},{"$i":"time_am","$v":"AM"},{"$i":"time_pm","$v":"PM"},{"$i":"softkey-options","$v":"விருப்பங்கள்"},{"$i":"reset","$v":"ரீசெட்"},{"$i":"start","$v":"தொடங்கு"},{"$i":"stop","$v":"நிறுத்து"},{"$i":"cancel","$v":"ரத்து செய்க"},{"$i":"hour","$v":"மணிநேரம்"},{"$i":"hours","$v":"மணிநேரங்கள்"},{"$i":"minute","$v":"நிமிடம்"},{"$i":"minutes","$v":"நிமிடங்கள்"},{"$i":"second","$v":"நொடி"},{"$i":"alarm","$v":"அலாரம்"},{"$i":"alarm-name","placeholder":"அலாரம்"},{"$i":"timer","$v":"டைமர்"},{"$i":"stopwatch","$v":"ஸ்டாப்வாட்ச்"},{"$i":"alarmName","$v":"அலாரம் பெயர்"},{"$i":"newAlarm","$v":"புதிய அலாரம்"},{"$i":"editAlarm","$v":"அலாரத்தைத் திருத்து"},{"$i":"tclSettings","$v":"செட்டிங்ஸ்"},{"$i":"clock-settings","$v":"கடிகார செட்டிங்ஸ்"},{"$i":"alarms-maximum","$v":"அலாரங்களின் அதிகபட்ச எண்ணிக்கையை நீங்கள் அடைந்துவிட்டீர்கள்."},{"$i":"laps-maximum","$v":"லேப்களின் அதிகபட்ச எண்ணிக்கையை நீங்கள் அடைந்துவிட்டீர்கள்."},{"$i":"changes-saved","$v":"மாற்றங்கள் சேமிக்கப்பட்டன."},{"$i":"pause","$v":"இடைநிறுத்து"},{"$i":"resume","$v":"மீண்டும் தொடர்"},{"$i":"lap","$v":"லேப்"},{"$i":"lap-number","$v":["லேப் ",{"t":"idOrVar","v":"n"}]},{"$i":"timer-hour","$v":"மணிநேரம்"},{"$i":"timer-min","$v":"நிமிடம்"},{"$i":"timer-sec","$v":"நொடி"},{"$i":"delete","$v":"நீக்கு"},{"$i":"time","$v":"நேரம்"},{"$i":"snooze-label","$v":"ஸ்னூஸ்"},{"$i":"snooze-button","$v":"ஸ்னூஸ்"},{"$i":"repeat","$v":"மீண்டும்"},{"$i":"vibrate","$v":"அதிர்வு"},{"$i":"close","$v":"மூடு"},{"$i":"save","$v":"சேமி"},{"$i":"done","$v":"முடிந்தது"},{"$i":"tcl-select-time","$v":"நேரத்தைத் தேர்ந்தெடு"},{"$i":"closeButton","ariaLabel":"மூடு"},{"$i":"newAlarmButton","ariaLabel":"புதிய அலாரம்"},{"$i":"alarm-volume-label","$v":"சிஸ்டம் அலார வால்யூம்"},{"$i":"tcl-volume","$v":"வால்யூம்:"},{"$i":"volume-level-display","$v":[{"t":"idOrVar","v":"n"}," / ",{"t":"idOrVar","v":"c"}]},{"$i":"sound","$v":"ஒலி"},{"$i":"noSound","$v":"ஒலி இல்லை"},{"$i":"tcl-ringtones","$v":"ரிங்டோன்கள்"},{"$i":"everyday","$v":"தினசரி"},{"$i":"weekdays","$v":"வாரநாட்கள்"},{"$i":"weekends","$v":"வார இறுதி"},{"$i":"never","$v":"எப்போதும் வேண்டாம்"},{"$i":"vibrateOn","$v":"ஆன்"},{"$i":"vibrateOff","$v":"ஆஃப்"},{"$i":"tcl-on","$v":"ஆன்"},{"$i":"tcl-off","$v":"ஆஃப்"},{"$i":"plusMinute","$v":"+1 நிமிடம்"},{"$i":"dateFormat","$v":"%A, %b %e"},{"$i":"countdown-lessThanAnHour","$v":["இப்போதிலிருந்து ",{"t":"idOrVar","v":"minutes"}," களுக்கு அலாரம் அமைக்கப்பட்டுள்ளது."]},{"$i":"countdown-moreThanAnHour","$v":["இப்போதிலிருந்து ",{"t":"idOrVar","v":"days"}," ",{"t":"idOrVar","v":"minutes"}," களுக்கு அலாரம் அமைக்கப்பட்டுள்ளது."]},{"$i":"countdown-moreThanADay","$v":["இப்போதிலிருந்து ",{"t":"idOrVar","v":"days"}," ",{"t":"idOrVar","v":"hours"}," களுக்கு அலாரம் அமைக்கப்பட்டுள்ளது."]},{"$i":"tcl-alarm-off","$v":"அலாரம் ஆஃப் செய்யப்பட்டுள்ளது."},{"$i":"tcl-alarm-deleted","$v":"அலாரம் நீக்கப்பட்டது."},{"$i":"nMinutes","$v":{"zero":"ஒரு நிமிடத்துக்கும் குறைவாக","one":"ஒரு நிமிடம்","two":[{"t":"idOrVar","v":"n"}," நிமிடங்கள்"],"few":[{"t":"idOrVar","v":"n"}," நிமிடங்கள்"],"many":[{"t":"idOrVar","v":"n"}," நிமிடங்கள்"],"other":[{"t":"idOrVar","v":"n"}," நிமிடங்கள்"]},"$x":[{"t":"idOrVar","v":"plural"},"n"]},{"$i":"nHours","$v":{"zero":"","one":[{"t":"idOrVar","v":"n"}," மணிநேரம்"],"two":[{"t":"idOrVar","v":"n"}," மணிநேரங்கள்"],"few":[{"t":"idOrVar","v":"n"}," மணிநேரங்கள்"],"many":[{"t":"idOrVar","v":"n"}," மணிநேரங்கள்"],"other":[{"t":"idOrVar","v":"n"}," மணிநேரங்கள்"]},"$x":[{"t":"idOrVar","v":"plural"},"n"]},{"$i":"nAndRemainHours","$v":{"zero":"","one":["மேலும் ",{"t":"idOrVar","v":"n"}," மணிநேரம்"],"two":["மேலும் ",{"t":"idOrVar","v":"n"}," மணிநேரங்கள்"],"few":["மேலும் ",{"t":"idOrVar","v":"n"}," மணிநேரங்கள்"],"many":["மேலும் ",{"t":"idOrVar","v":"n"}," மணிநேரங்கள்"],"other":["மேலும் ",{"t":"idOrVar","v":"n"}," மணிநேரங்கள்"]},"$x":[{"t":"idOrVar","v":"plural"},"n"]},{"$i":"nRemainDays","$v":{"zero":"","one":[{"t":"idOrVar","v":"n"}," நாள்"],"two":[{"t":"idOrVar","v":"n"}," நாட்கள்"],"few":[{"t":"idOrVar","v":"n"}," நாட்கள்"],"many":[{"t":"idOrVar","v":"n"}," நாட்கள்"],"other":[{"t":"idOrVar","v":"n"}," நாட்கள்"]},"$x":[{"t":"idOrVar","v":"plural"},"n"]},{"$i":"nRemainMinutes","$v":{"zero":"","one":["மேலும் ",{"t":"idOrVar","v":"n"}," நிமிடம்"],"two":["மேலும் ",{"t":"idOrVar","v":"n"}," நிமிடங்கள்"],"few":["மேலும் ",{"t":"idOrVar","v":"n"}," நிமிடங்கள்"],"many":["மேலும் ",{"t":"idOrVar","v":"n"}," நிமிடங்கள்"],"other":["மேலும் ",{"t":"idOrVar","v":"n"}," நிமிடங்கள்"]},"$x":[{"t":"idOrVar","v":"plural"},"n"]},{"$i":"nSpinnerSeconds","$v":{"zero":"பூஜ்ய நொடிகள்","one":"ஒரு நொடி","two":[{"t":"idOrVar","v":"n"}," நொடிகள்"],"few":[{"t":"idOrVar","v":"n"}," நொடிகள்"],"many":[{"t":"idOrVar","v":"n"}," நொடிகள்"],"other":[{"t":"idOrVar","v":"n"}," நொடிகள்"]},"$x":[{"t":"idOrVar","v":"plural"},"n"]},{"$i":"nSpinnerMinutes","$v":{"zero":"பூஜ்ய நிமிடங்கள்","one":"ஒரு நிமிடம்","two":[{"t":"idOrVar","v":"n"}," நிமிடங்கள்"],"few":[{"t":"idOrVar","v":"n"}," நிமிடங்கள்"],"many":[{"t":"idOrVar","v":"n"}," நிமிடங்கள்"],"other":[{"t":"idOrVar","v":"n"}," நிமிடங்கள்"]},"$x":[{"t":"idOrVar","v":"plural"},"n"]},{"$i":"nSpinnerHours","$v":{"zero":"பூஜ்ய மணிநேரங்கள்","one":[{"t":"idOrVar","v":"n"}," மணிநேரம்"],"two":[{"t":"idOrVar","v":"n"}," மணிநேரங்கள்"],"few":[{"t":"idOrVar","v":"n"}," மணிநேரங்கள்"],"many":[{"t":"idOrVar","v":"n"}," மணிநேரங்கள்"],"other":[{"t":"idOrVar","v":"n"}," மணிநேரங்கள்"]},"$x":[{"t":"idOrVar","v":"plural"},"n"]},{"$i":"tcl-stop","$v":"நிறுத்து"},{"$i":"tcl-snooze","$v":"ஸ்னூஸ்"},{"$i":"ac_awake_opus","$v":"அவேக்"},{"$i":"ac_crystalize_opus","$v":"கிரிஸ்டலைஸ்"},{"$i":"ac_cycle_opus","$v":"சைக்கிள்"},{"$i":"ac_digicloud_opus","$v":"டிஜிகிளவுட்"},{"$i":"ac_humming_waves_opus","$v":"ஹம்மிங் வேவ்ஸ்"},{"$i":"ac_into_the_void_opus","$v":"இன்டூ தி வாய்டு"},{"$i":"ac_lightly_opus","$v":"லைட்லி"},{"$i":"ac_mobile_opus","$v":"மொபைல்"},{"$i":"ac_pinger_opus","$v":"பிங்கர்"},{"$i":"ac_skip_opus","$v":"தவிர்"},{"$i":"ac_tri_opus","$v":"ட்ரீ"},{"$i":"ac_universal_opus","$v":"யூனிவர்சல்"},{"$i":"tcl-options","$v":"விருப்பங்கள்"},{"$i":"tcl-clock-title","$v":"கடிகாரம்"},{"$i":"alarm-title","$v":"அலாரம்"},{"$i":"no-alarms-body","$v":"அலாரங்கள் அமைக்கப்படவில்லை. தொடங்க, புதிய அலாரம் என்பதை அழுத்தவும்."},{"$i":"tcl-new-alarm","$v":"புதிய அலாரம்"},{"$i":"tcl-settings","$v":"செட்டிங்ஸ்"},{"$i":"tcl-cancel","$v":"ரத்து செய்க"},{"$i":"tcl-save","$v":"சேமி"},{"$i":"tcl-turnOn","$v":"ஆன் செய்யவும்"},{"$i":"tcl-turnOff","$v":"ஆஃப் செய்யவும்"},{"$i":"edit","$v":"திருத்து"},{"$i":"select","$v":"தேர்ந்தெடுக்கவும்"},{"$i":"tcl-delete","$v":"நீக்கு"},{"$i":"tcl-selected-alarm","$v":"தேர்தெடுக்கப்பட்ட அலாரம்"},{"$i":"tcl-set","$v":"அமை"},{"$i":"tcl-start","$v":"தொடங்கு"},{"$i":"tcl-reset","$v":"ரீசெட்"},{"$i":"tcl-min-plus","$v":"+1 நிமிடம்"},{"$i":"tcl-resume","$v":"மீண்டும் தொடர்"},{"$i":"tcl-lap","$v":"லேப்"},{"$i":"play","$v":"இயக்கு"},{"$i":"tcl-no-repeat","$v":"மீண்டும் செய்யவில்லை"},{"$i":"tcl-confirm-title","$v":"உறுதிப்படுத்துதல்"},{"$i":"tcl-confirm-delete-body","$v":"தேர்ந்தெடுத்த அலாரத்தை நீக்கவா?"},{"$i":"tcl-confirm-end-key-body","$v":{"$o":"அப்ளிகேஷன், டேட்டா இழப்புடன் மூடப்படும். <br><br> திருந்துவதற்கு மீண்டும் செல்ல விரும்புகிறீர்களா?"}},{"$i":"tcl-confirm-exit-button","$v":"வெளியேறு"},{"$i":"tcl-confirm-return-button","$v":"திரும்பு"}]