[{"$i":"weekday-0-long","$v":"ఆదివారం"},{"$i":"weekday-1-long","$v":"సోమవారం"},{"$i":"weekday-2-long","$v":"మంగళవారం"},{"$i":"weekday-3-long","$v":"బుధవారం"},{"$i":"weekday-4-long","$v":"గురువారం"},{"$i":"weekday-5-long","$v":"శుక్రవారం"},{"$i":"weekday-6-long","$v":"శనివారం"},{"$i":"weekday-0-short","$v":"ఆది"},{"$i":"weekday-1-short","$v":"సోమ"},{"$i":"weekday-2-short","$v":"మంగళ"},{"$i":"weekday-3-short","$v":"బుధ"},{"$i":"weekday-4-short","$v":"గురు"},{"$i":"weekday-5-short","$v":"శుక్ర"},{"$i":"weekday-6-short","$v":"శని"},{"$i":"month-0-long","$v":"జనవరి"},{"$i":"month-1-long","$v":"ఫిబ్రవరి"},{"$i":"month-2-long","$v":"మార్చి"},{"$i":"month-3-long","$v":"ఏప్రిల్"},{"$i":"month-4-long","$v":"మే"},{"$i":"month-5-long","$v":"జూన్"},{"$i":"month-6-long","$v":"జూలై"},{"$i":"month-7-long","$v":"ఆగష్టు"},{"$i":"month-8-long","$v":"సెప్టెంబరు"},{"$i":"month-9-long","$v":"అక్టోబర్"},{"$i":"month-10-long","$v":"నవంబర్"},{"$i":"month-11-long","$v":"డిసెంబర్"},{"$i":"month-0-genitive","$v":"జనవరి"},{"$i":"month-1-genitive","$v":"ఫిబ్రవరి"},{"$i":"month-2-genitive","$v":"మార్చి"},{"$i":"month-3-genitive","$v":"ఏప్రిల్"},{"$i":"month-4-genitive","$v":"మే"},{"$i":"month-5-genitive","$v":"జూన్"},{"$i":"month-6-genitive","$v":"జూలై"},{"$i":"month-7-genitive","$v":"ఆగష్టు"},{"$i":"month-8-genitive","$v":"సెప్టెంబరు"},{"$i":"month-9-genitive","$v":"అక్టోబర్"},{"$i":"month-10-genitive","$v":"నవంబర్"},{"$i":"month-11-genitive","$v":"డిసెంబర్"},{"$i":"month-0-short","$v":"జనవరి"},{"$i":"month-1-short","$v":"ఫిబ్రవరి"},{"$i":"month-2-short","$v":"మార్చి"},{"$i":"month-3-short","$v":"ఏప్రిల్"},{"$i":"month-4-short","$v":"మే"},{"$i":"month-5-short","$v":"జూన్"},{"$i":"month-6-short","$v":"జూలై"},{"$i":"month-7-short","$v":"ఆగష్టు"},{"$i":"month-8-short","$v":"సెప్టెంబరు"},{"$i":"month-9-short","$v":"అక్టోబర్"},{"$i":"month-10-short","$v":"నవంబర్"},{"$i":"month-11-short","$v":"డిసెంబర్"},{"$i":"minutes-ago-long","$v":{"zero":"ఇప్పుడే","one":"నిమిషం క్రితం","two":[{"t":"idOrVar","v":"value"}," నిమిషాల క్రితం"],"few":[{"t":"idOrVar","v":"value"}," నిమిషాల క్రితం"],"many":[{"t":"idOrVar","v":"value"}," నిమిషాల క్రితం"],"other":[{"t":"idOrVar","v":"value"}," నిమిషాల క్రితం"]},"$x":[{"t":"idOrVar","v":"plural"},"value"]},{"$i":"hours-ago-long","$v":{"zero":"ఇప్పుడే","one":"గంట క్రితం","two":[{"t":"idOrVar","v":"value"}," గంటల క్రితం"],"few":[{"t":"idOrVar","v":"value"}," గంటల క్రితం"],"many":[{"t":"idOrVar","v":"value"}," గంటల క్రితం"],"other":[{"t":"idOrVar","v":"value"}," గంటల క్రితం"]},"$x":[{"t":"idOrVar","v":"plural"},"value"]},{"$i":"days-ago-long","$v":{"zero":"ఈరోజు","one":"నిన్న","two":[{"t":"idOrVar","v":"value"}," రోజుల క్రితం"],"few":[{"t":"idOrVar","v":"value"}," రోజుల క్రితం"],"many":[{"t":"idOrVar","v":"value"}," రోజుల క్రితం"],"other":[{"t":"idOrVar","v":"value"}," రోజుల క్రితం"]},"$x":[{"t":"idOrVar","v":"plural"},"value"]},{"$i":"weeks-ago-long","$v":{"zero":"ఈ వారం","one":"గత వారం","two":[{"t":"idOrVar","v":"value"}," వారాల క్రితం"],"few":[{"t":"idOrVar","v":"value"}," వారాల క్రితం"],"many":[{"t":"idOrVar","v":"value"}," వారాల క్రితం"],"other":[{"t":"idOrVar","v":"value"}," వారాల క్రితం"]},"$x":[{"t":"idOrVar","v":"plural"},"value"]},{"$i":"months-ago-long","$v":{"zero":"ఈ నెల","one":"గత నెల","two":[{"t":"idOrVar","v":"value"}," నెలల క్రితం"],"few":[{"t":"idOrVar","v":"value"}," నెలల క్రితం"],"many":[{"t":"idOrVar","v":"value"}," నెలల క్రితం"],"other":[{"t":"idOrVar","v":"value"}," నెలల క్రితం"]},"$x":[{"t":"idOrVar","v":"plural"},"value"]},{"$i":"years-ago-long","$v":{"zero":"ఈ సంవత్సరం","one":"గత సంవత్సరం","two":[{"t":"idOrVar","v":"value"}," సంవత్సరాల క్రితం"],"few":[{"t":"idOrVar","v":"value"}," సంవత్సరాల క్రితం"],"many":[{"t":"idOrVar","v":"value"}," సంవత్సరాల క్రితం"],"other":[{"t":"idOrVar","v":"value"}," సంవత్సరాల క్రితం"]},"$x":[{"t":"idOrVar","v":"plural"},"value"]},{"$i":"minutes-until-long","$v":{"zero":"ఇప్పుడు","one":"నిమిషంలో","two":[{"t":"idOrVar","v":"value"}," నిమిషాల్లో"],"few":[{"t":"idOrVar","v":"value"}," నిమిషాల్లో"],"many":[{"t":"idOrVar","v":"value"}," నిమిషాల్లో"],"other":[{"t":"idOrVar","v":"value"}," నిమిషాల్లో"]},"$x":[{"t":"idOrVar","v":"plural"},"value"]},{"$i":"hours-until-long","$v":{"zero":"ఇప్పుడు","one":"గంటలో","two":[{"t":"idOrVar","v":"value"}," గంటల్లో"],"few":[{"t":"idOrVar","v":"value"}," గంటల్లో"],"many":[{"t":"idOrVar","v":"value"}," గంటల్లో"],"other":[{"t":"idOrVar","v":"value"}," గంటల్లో"]},"$x":[{"t":"idOrVar","v":"plural"},"value"]},{"$i":"days-until-long","$v":{"zero":"ఈరోజు","one":"రేపు","two":[{"t":"idOrVar","v":"value"}," రోజుల్లో"],"few":[{"t":"idOrVar","v":"value"}," రోజుల్లో"],"many":[{"t":"idOrVar","v":"value"}," రోజుల్లో"],"other":[{"t":"idOrVar","v":"value"}," రోజుల్లో"]},"$x":[{"t":"idOrVar","v":"plural"},"value"]},{"$i":"weeks-until-long","$v":{"zero":"ఈ వారం","one":"తదుపరి వారం","two":[{"t":"idOrVar","v":"value"}," వారాల్లో"],"few":[{"t":"idOrVar","v":"value"}," వారాల్లో"],"many":[{"t":"idOrVar","v":"value"}," వారాల్లో"],"other":[{"t":"idOrVar","v":"value"}," వారాల్లో"]},"$x":[{"t":"idOrVar","v":"plural"},"value"]},{"$i":"months-until-long","$v":{"zero":"ఈ నెల","one":"తదుపరి నెల","two":[{"t":"idOrVar","v":"value"}," నెలల్లో"],"few":[{"t":"idOrVar","v":"value"}," నెలల్లో"],"many":[{"t":"idOrVar","v":"value"}," నెలల్లో"],"other":[{"t":"idOrVar","v":"value"}," నెలల్లో"]},"$x":[{"t":"idOrVar","v":"plural"},"value"]},{"$i":"years-until-long","$v":{"zero":"ఈ సంవత్సరం","one":"తదుపరి సంవత్సరం","two":"{value}} సంవత్సరాల్లో","few":"{value}} సంవత్సరాల్లో","many":"{value}} సంవత్సరాల్లో","other":"{value}} సంవత్సరాల్లో"},"$x":[{"t":"idOrVar","v":"plural"},"value"]},{"$i":"minutes-ago-short","$v":{"zero":"ఇప్పుడే","other":[{"t":"idOrVar","v":"value"},"నిమిషం క్రితం"]},"$x":[{"t":"idOrVar","v":"plural"},"value"]},{"$i":"hours-ago-short","$v":{"zero":"ఇప్పుడే","other":[{"t":"idOrVar","v":"value"},"గంట క్రితం"]},"$x":[{"t":"idOrVar","v":"plural"},"value"]},{"$i":"days-ago-short","$v":{"zero":"ఈరోజు","other":[{"t":"idOrVar","v":"value"},"రోజు క్రితం"]},"$x":[{"t":"idOrVar","v":"plural"},"value"]},{"$i":"minutes-until-short","$v":{"zero":"ఇప్పుడు","other":[{"t":"idOrVar","v":"value"},"నిమిషాల్లో"]},"$x":[{"t":"idOrVar","v":"plural"},"value"]},{"$i":"hours-until-short","$v":{"zero":"ఇప్పుడు","other":[{"t":"idOrVar","v":"value"},"గంటలో"]},"$x":[{"t":"idOrVar","v":"plural"},"value"]},{"$i":"days-until-short","$v":{"zero":"ఈరోజు","other":[{"t":"idOrVar","v":"value"},"తేదీలో"]},"$x":[{"t":"idOrVar","v":"plural"},"value"]},{"$i":"incorrectDate","$v":"(తప్పుగా ఉన్న తేదీ)"},{"$i":"dateTimeFormat_%c","$v":"%a %b %e %Y %I:%M:%S %p"},{"$i":"dateTimeFormat_%x","$v":"%m/%d/%Y"},{"$i":"dateTimeFormat_%X","$v":"%I:%M:%S %p"},{"$i":"shortTimeFormat","$v":"%I:%M %p"},{"$i":"shortTimeFormat12","$v":"%I:%M %p"},{"$i":"shortTimeFormat24","$v":"%H:%M"},{"$i":"shortDateTimeFormat","$v":"%x %I:%M %p"},{"$i":"weekStartsOnMonday","$v":"0"},{"$i":"firstDayOfTheWeek","$v":"0"},{"$i":"time_am","$v":"AM"},{"$i":"time_pm","$v":"PM"},{"$i":"softkey-options","$v":"ఎంపికలు"},{"$i":"reset","$v":"రీసెట్ చేయి"},{"$i":"start","$v":"ప్రారంభించు"},{"$i":"stop","$v":"ఆపివేయండి"},{"$i":"cancel","$v":"రద్దు చేయి"},{"$i":"hour","$v":"గంట"},{"$i":"hours","$v":"గంటలు"},{"$i":"minute","$v":"నిమిషం"},{"$i":"minutes","$v":"నిమిషాలు"},{"$i":"second","$v":"సెకను"},{"$i":"alarm","$v":"అలారం"},{"$i":"alarm-name","placeholder":"అలారం"},{"$i":"timer","$v":"టైమర్"},{"$i":"stopwatch","$v":"స్టాప్‌వాచ్"},{"$i":"alarmName","$v":"అలారం పేరు"},{"$i":"newAlarm","$v":"కొత్త అలారం"},{"$i":"editAlarm","$v":"అలారం సవరించు"},{"$i":"tclSettings","$v":"సెట్టింగ్స్"},{"$i":"clock-settings","$v":"గడియారం సెట్టింగ్స్"},{"$i":"alarms-maximum","$v":"మీరు గరిష్ట అలారముల సంఖ్యకు చేరుకున్నారు."},{"$i":"laps-maximum","$v":"మీరు గరిష్ట ల్యాప్ల సంఖ్యకు చేరుకున్నారు."},{"$i":"changes-saved","$v":"మార్పులు సేవ్ చేయబడ్డాయి."},{"$i":"pause","$v":"పాజ్ చేయి"},{"$i":"resume","$v":"పునరుద్ధరించు"},{"$i":"lap","$v":"ల్యాప్"},{"$i":"lap-number","$v":["ల్యాప్ ",{"t":"idOrVar","v":"n"}]},{"$i":"timer-hour","$v":"గంట"},{"$i":"timer-min","$v":"నిమిషం"},{"$i":"timer-sec","$v":"సెకను"},{"$i":"delete","$v":"తొలగించు"},{"$i":"time","$v":"సమయం"},{"$i":"snooze-label","$v":"స్నూజ్"},{"$i":"snooze-button","$v":"స్నూజ్"},{"$i":"repeat","$v":"రిపీట్ చేయి"},{"$i":"vibrate","$v":"వైబ్రేట్"},{"$i":"close","$v":"మూసివేయి"},{"$i":"save","$v":"సేవ్ చేయి"},{"$i":"done","$v":"పూర్తయింది"},{"$i":"tcl-select-time","$v":"సమయాన్ని ఎంచుకోండి"},{"$i":"closeButton","ariaLabel":"మూసివేయి"},{"$i":"newAlarmButton","ariaLabel":"కొత్త అలారం"},{"$i":"alarm-volume-label","$v":"సిస్టమ్ అలారం వాల్యూమ్"},{"$i":"tcl-volume","$v":"వాల్యూమ్:"},{"$i":"volume-level-display","$v":[{"t":"idOrVar","v":"n"}," / ",{"t":"idOrVar","v":"c"}]},{"$i":"sound","$v":"సౌండ్"},{"$i":"noSound","$v":"సౌండ్ లేదు"},{"$i":"tcl-ringtones","$v":"రింగ్‌టోన్‌లు"},{"$i":"everyday","$v":"ప్రతి రోజు"},{"$i":"weekdays","$v":"వారపు రోజులు"},{"$i":"weekends","$v":"వారాంతాలు"},{"$i":"never","$v":"ఎప్పటికీ వద్దు"},{"$i":"vibrateOn","$v":"ఆన్"},{"$i":"vibrateOff","$v":"ఆఫ్"},{"$i":"tcl-on","$v":"ఆన్"},{"$i":"tcl-off","$v":"ఆఫ్"},{"$i":"plusMinute","$v":"+1 నిమిషం"},{"$i":"dateFormat","$v":"%A, %b %e"},{"$i":"countdown-lessThanAnHour","$v":["ఇప్పటి నుండి అలారం ",{"t":"idOrVar","v":"minutes"},"కు సెట్ చేయబడింది."]},{"$i":"countdown-moreThanAnHour","$v":["ఇప్పటి నుండి అలారం ",{"t":"idOrVar","v":"hours"}," ",{"t":"idOrVar","v":"minutes"},"కు సెట్ చేయబడింది."]},{"$i":"countdown-moreThanADay","$v":["ఇప్పటి నుండి అలారం ",{"t":"idOrVar","v":"days"}," ",{"t":"idOrVar","v":"hours"},"కు సెట్ చేయబడింది."]},{"$i":"tcl-alarm-off","$v":"అలారం ఆఫ్ చేయబడింది."},{"$i":"tcl-alarm-deleted","$v":"అలారం తొలగించబడింది."},{"$i":"nMinutes","$v":{"zero":"నిమిషం కన్నా తక్కువ","one":"ఒక నిమిషం","two":[{"t":"idOrVar","v":"n"}," నిమిషాలు"],"few":[{"t":"idOrVar","v":"n"}," నిమిషాలు"],"many":[{"t":"idOrVar","v":"n"}," నిమిషాలు"],"other":[{"t":"idOrVar","v":"n"}," నిమిషాలు"]},"$x":[{"t":"idOrVar","v":"plural"},"n"]},{"$i":"nHours","$v":{"zero":"","one":[{"t":"idOrVar","v":"n"}," గంట"],"two":[{"t":"idOrVar","v":"n"}," గంటలు"],"few":[{"t":"idOrVar","v":"n"}," గంటలు"],"many":[{"t":"idOrVar","v":"n"}," గంటలు"],"other":[{"t":"idOrVar","v":"n"}," గంటలు"]},"$x":[{"t":"idOrVar","v":"plural"},"n"]},{"$i":"nAndRemainHours","$v":{"zero":"","one":["మరియు ",{"t":"idOrVar","v":"n"}," గంట"],"two":["మరియు ",{"t":"idOrVar","v":"n"}," గంటలు"],"few":["మరియు ",{"t":"idOrVar","v":"n"}," గంటలు"],"many":["మరియు ",{"t":"idOrVar","v":"n"}," గంటలు"],"other":["మరియు ",{"t":"idOrVar","v":"n"}," గంటలు"]},"$x":[{"t":"idOrVar","v":"plural"},"n"]},{"$i":"nRemainDays","$v":{"zero":"","one":[{"t":"idOrVar","v":"n"}," రోజు"],"two":[{"t":"idOrVar","v":"n"}," రోజులు"],"few":[{"t":"idOrVar","v":"n"}," రోజులు"],"many":[{"t":"idOrVar","v":"n"}," రోజులు"],"other":[{"t":"idOrVar","v":"n"}," రోజులు"]},"$x":[{"t":"idOrVar","v":"plural"},"n"]},{"$i":"nRemainMinutes","$v":{"zero":"","one":["మరియు ",{"t":"idOrVar","v":"n"}," నిమిషం"],"two":["మరియు ",{"t":"idOrVar","v":"n"}," నిమిషాలు"],"few":["మరియు ",{"t":"idOrVar","v":"n"}," నిమిషాలు"],"many":["మరియు ",{"t":"idOrVar","v":"n"}," నిమిషాలు"],"other":["మరియు ",{"t":"idOrVar","v":"n"}," నిమిషాలు"]},"$x":[{"t":"idOrVar","v":"plural"},"n"]},{"$i":"nSpinnerSeconds","$v":{"zero":"సున్న సెకన్లు","one":"ఒక సెకన్","two":[{"t":"idOrVar","v":"n"}," సెకన్లు"],"few":[{"t":"idOrVar","v":"n"}," సెకన్లు"],"many":[{"t":"idOrVar","v":"n"}," సెకన్లు"],"other":[{"t":"idOrVar","v":"n"}," సెకన్లు"]},"$x":[{"t":"idOrVar","v":"plural"},"n"]},{"$i":"nSpinnerMinutes","$v":{"zero":"సున్న నిమిషాలు","one":"ఒక నిమిషం","two":[{"t":"idOrVar","v":"n"}," నిమిషాలు"],"few":[{"t":"idOrVar","v":"n"}," నిమిషాలు"],"many":[{"t":"idOrVar","v":"n"}," నిమిషాలు"],"other":[{"t":"idOrVar","v":"n"}," నిమిషాలు"]},"$x":[{"t":"idOrVar","v":"plural"},"n"]},{"$i":"nSpinnerHours","$v":{"zero":"సున్న గంటలు","one":[{"t":"idOrVar","v":"n"}," గంట"],"two":[{"t":"idOrVar","v":"n"}," గంటలు"],"few":[{"t":"idOrVar","v":"n"}," గంటలు"],"many":[{"t":"idOrVar","v":"n"}," గంటలు"],"other":[{"t":"idOrVar","v":"n"}," గంటలు"]},"$x":[{"t":"idOrVar","v":"plural"},"n"]},{"$i":"tcl-stop","$v":"ఆపివేయండి"},{"$i":"tcl-snooze","$v":"స్నూజ్"},{"$i":"ac_awake_opus","$v":"అవేక్"},{"$i":"ac_crystalize_opus","$v":"క్రిస్టలైజ్డ్"},{"$i":"ac_cycle_opus","$v":"సైకిల్"},{"$i":"ac_digicloud_opus","$v":"డిజిక్లౌడ్"},{"$i":"ac_humming_waves_opus","$v":"హమ్మింగ్ వేవ్స్"},{"$i":"ac_into_the_void_opus","$v":"ఇన్‌టు ద వాయిడ్"},{"$i":"ac_lightly_opus","$v":"లైట్లీ"},{"$i":"ac_mobile_opus","$v":"మొబైల్"},{"$i":"ac_pinger_opus","$v":"పింగర్"},{"$i":"ac_skip_opus","$v":"స్కిప్"},{"$i":"ac_tri_opus","$v":"ట్రి"},{"$i":"ac_universal_opus","$v":"యూనివర్సల్"},{"$i":"tcl-options","$v":"ఎంపికలు"},{"$i":"tcl-clock-title","$v":"గడియారం"},{"$i":"alarm-title","$v":"అలారం"},{"$i":"no-alarms-body","$v":"అలారాలు ఏవీ సెట్ చేయలేదు. ప్రారంభించడానికి కొత్త అలారాన్ని నొక్కండి."},{"$i":"tcl-new-alarm","$v":"కొత్త అలారం"},{"$i":"tcl-settings","$v":"సెట్టింగ్స్"},{"$i":"tcl-cancel","$v":"రద్దు చేయి"},{"$i":"tcl-save","$v":"సేవ్ చేయి"},{"$i":"tcl-turnOn","$v":"ఆన్ చేయండి"},{"$i":"tcl-turnOff","$v":"ఆఫ్ చేయండి"},{"$i":"edit","$v":"సవరించు"},{"$i":"select","$v":"ఎంచుకోండి"},{"$i":"tcl-delete","$v":"తొలగించు"},{"$i":"tcl-selected-alarm","$v":"ఎంచుకున్న అలారం"},{"$i":"tcl-set","$v":"సెట్ చేయి"},{"$i":"tcl-start","$v":"ప్రారంభించు"},{"$i":"tcl-reset","$v":"రీసెట్ చేయి"},{"$i":"tcl-min-plus","$v":"+1 నిమిషం"},{"$i":"tcl-resume","$v":"పునరుద్ధరించు"},{"$i":"tcl-lap","$v":"ల్యాప్"},{"$i":"play","$v":"ప్లే చేయి"},{"$i":"tcl-no-repeat","$v":"రిపీట్ కాలేదు"},{"$i":"tcl-confirm-title","$v":"నిర్ధారణ"},{"$i":"tcl-confirm-delete-body","$v":"ఎంచుకున్న అలారాన్ని తొలగించాలా?"},{"$i":"tcl-confirm-end-key-body","$v":{"$o":"డేటా నష్టం వలన యాప్ మూసివేయబడుతుంది. <br><br> మీరు సవరించడానికి తిరిగి వెళ్లాలనుకుంటున్నారా?"}},{"$i":"tcl-confirm-exit-button","$v":"నిష్క్రమించండి"},{"$i":"tcl-confirm-return-button","$v":"వెనక్కి వెళ్లు"}]