[{"$i":"weekday-0-long","$v":"रुबिबार"},{"$i":"weekday-1-long","$v":"समबार"},{"$i":"weekday-2-long","$v":"मंगलबार"},{"$i":"weekday-3-long","$v":"बुधबार"},{"$i":"weekday-4-long","$v":"बिस्थिबार"},{"$i":"weekday-5-long","$v":"सक्रुबार"},{"$i":"weekday-6-long","$v":"सनिबार"},{"$i":"weekday-0-short","$v":"सान"},{"$i":"weekday-1-short","$v":"मन"},{"$i":"weekday-2-short","$v":"मंगल"},{"$i":"weekday-3-short","$v":"वेब"},{"$i":"weekday-4-short","$v":"टिएइचइउ"},{"$i":"weekday-5-short","$v":"फ्रि"},{"$i":"weekday-6-short","$v":"सेट"},{"$i":"month-0-long","$v":"जानुवारि"},{"$i":"month-1-long","$v":"फेब्रुवारि"},{"$i":"month-2-long","$v":"मार्च"},{"$i":"month-3-long","$v":"एप्रिल"},{"$i":"month-4-long","$v":"मे"},{"$i":"month-5-long","$v":"जुन"},{"$i":"month-6-long","$v":"जुलाइ"},{"$i":"month-7-long","$v":"आगष्ट"},{"$i":"month-8-long","$v":"सेप्तेम्बार"},{"$i":"month-9-long","$v":"अक्ट'बर"},{"$i":"month-10-long","$v":"नभेमबर"},{"$i":"month-11-long","$v":"दिसेम्बार"},{"$i":"month-0-genitive","$v":"जानुवारि"},{"$i":"month-1-genitive","$v":"फेब्रुवारि"},{"$i":"month-2-genitive","$v":"मार्च"},{"$i":"month-3-genitive","$v":"एप्रिल"},{"$i":"month-4-genitive","$v":"मे"},{"$i":"month-5-genitive","$v":"जुन"},{"$i":"month-6-genitive","$v":"जुलाइ"},{"$i":"month-7-genitive","$v":"आगष्ट"},{"$i":"month-8-genitive","$v":"सेप्तेम्बार"},{"$i":"month-9-genitive","$v":"अक्ट'बर"},{"$i":"month-10-genitive","$v":"नभेमबर"},{"$i":"month-11-genitive","$v":"दिसेम्बार"},{"$i":"month-0-short","$v":"जान"},{"$i":"month-1-short","$v":"फेब"},{"$i":"month-2-short","$v":"गाज्रि"},{"$i":"month-3-short","$v":"एप्रि"},{"$i":"month-4-short","$v":"मे"},{"$i":"month-5-short","$v":"जुन"},{"$i":"month-6-short","$v":"जुल"},{"$i":"month-7-short","$v":"आग"},{"$i":"month-8-short","$v":"सेप"},{"$i":"month-9-short","$v":"अक्ट'बर"},{"$i":"month-10-short","$v":"नभ"},{"$i":"month-11-short","$v":"दिस"},{"$i":"minutes-ago-long","$v":{"zero":"दाबावैसो","one":"से मिनिट सिगङाव","two":[{"t":"idOrVar","v":"value"}," मिनिट सिगां"],"few":[{"t":"idOrVar","v":"value"}," मिनिट सिगां"],"many":[{"t":"idOrVar","v":"value"}," मिनिट सिगां"],"other":[{"t":"idOrVar","v":"value"}," मिनिट सिगां"]},"$x":[{"t":"idOrVar","v":"plural"},"value"]},{"$i":"hours-ago-long","$v":{"zero":"दाबावैसो","one":"घन्टासे सिगाङाव","two":[{"t":"idOrVar","v":"value"}," घन्टा सिगां"],"few":[{"t":"idOrVar","v":"value"}," घन्टा सिगां"],"many":[{"t":"idOrVar","v":"value"}," घन्टा सिगां"],"other":[{"t":"idOrVar","v":"value"}," घन्टा सिगां"]},"$x":[{"t":"idOrVar","v":"plural"},"value"]},{"$i":"days-ago-long","$v":{"zero":"दिनै","one":"मैया","two":[{"t":"idOrVar","v":"value"}," सान सिगां"],"few":[{"t":"idOrVar","v":"value"}," सान सिगां"],"many":[{"t":"idOrVar","v":"value"}," सान सिगां"],"other":[{"t":"idOrVar","v":"value"}," सान सिगां"]},"$x":[{"t":"idOrVar","v":"plural"},"value"]},{"$i":"weeks-ago-long","$v":{"zero":"बे हबथा","one":"थांनाय हबथा","two":[{"t":"idOrVar","v":"value"}," हाबथा सिगां"],"few":[{"t":"idOrVar","v":"value"}," हाबथा सिगां"],"many":[{"t":"idOrVar","v":"value"}," हाबथा सिगां"],"other":[{"t":"idOrVar","v":"value"}," हाबथा सिगां"]},"$x":[{"t":"idOrVar","v":"plural"},"value"]},{"$i":"months-ago-long","$v":{"zero":"बे दान","one":"थांनाय दान","two":[{"t":"idOrVar","v":"value"}," दान सिगां"],"few":[{"t":"idOrVar","v":"value"}," दान सिगां"],"many":[{"t":"idOrVar","v":"value"}," दान सिगां"],"other":[{"t":"idOrVar","v":"value"}," दान सिगां"]},"$x":[{"t":"idOrVar","v":"plural"},"value"]},{"$i":"years-ago-long","$v":{"zero":"बे बोसोर","one":"थांनाय बोसोर","two":[{"t":"idOrVar","v":"value"}," बोसोर सिगां"],"few":[{"t":"idOrVar","v":"value"}," बोसोर सिगां"],"many":[{"t":"idOrVar","v":"value"}," बोसोर सिगां"],"other":[{"t":"idOrVar","v":"value"}," बोसोर सिगां"]},"$x":[{"t":"idOrVar","v":"plural"},"value"]},{"$i":"minutes-until-long","$v":{"zero":"दायो","one":"से मिनिटआव","two":[{"t":"idOrVar","v":"value"}," मिनिटआव"],"few":[{"t":"idOrVar","v":"value"}," मिनिटआव"],"many":[{"t":"idOrVar","v":"value"}," मिनिटआव"],"other":[{"t":"idOrVar","v":"value"}," मिनिटआव"]},"$x":[{"t":"idOrVar","v":"plural"},"value"]},{"$i":"hours-until-long","$v":{"zero":"दायो","one":"से घन्टायाव","two":[{"t":"idOrVar","v":"value"}," घन्टायाव"],"few":[{"t":"idOrVar","v":"value"}," घन्टायाव"],"many":[{"t":"idOrVar","v":"value"}," घन्टायाव"],"other":[{"t":"idOrVar","v":"value"}," घन्टायाव"]},"$x":[{"t":"idOrVar","v":"plural"},"value"]},{"$i":"days-until-long","$v":{"zero":"दिनै","one":"गाबोन","two":[{"t":"idOrVar","v":"value"}," सानफोराव"],"few":[{"t":"idOrVar","v":"value"}," सानफोराव"],"many":[{"t":"idOrVar","v":"value"}," सानफोराव"],"other":[{"t":"idOrVar","v":"value"}," सानफोराव"]},"$x":[{"t":"idOrVar","v":"plural"},"value"]},{"$i":"weeks-until-long","$v":{"zero":"बे हबथा","one":"फैगौ हबथा","two":[{"t":"idOrVar","v":"value"}," हबथाफोराव"],"few":[{"t":"idOrVar","v":"value"}," हबथाफोराव"],"many":[{"t":"idOrVar","v":"value"}," हबथाफोराव"],"other":[{"t":"idOrVar","v":"value"}," हबथाफोराव"]},"$x":[{"t":"idOrVar","v":"plural"},"value"]},{"$i":"months-until-long","$v":{"zero":"बे दान","one":"फैगौ दान","two":[{"t":"idOrVar","v":"value"}," दानफोराव"],"few":[{"t":"idOrVar","v":"value"}," दानफोराव"],"many":[{"t":"idOrVar","v":"value"}," दानफोराव"],"other":[{"t":"idOrVar","v":"value"}," दानफोराव"]},"$x":[{"t":"idOrVar","v":"plural"},"value"]},{"$i":"years-until-long","$v":{"zero":"बे बोसोर","one":"फैगौ बोसोर","two":[{"t":"idOrVar","v":"value"}," बोसोरफोराव"],"few":[{"t":"idOrVar","v":"value"}," बोसोरफोराव"],"many":[{"t":"idOrVar","v":"value"}," बोसोरफोराव"],"other":[{"t":"idOrVar","v":"value"}," बोसोरफोराव"]},"$x":[{"t":"idOrVar","v":"plural"},"value"]},{"$i":"minutes-ago-short","$v":{"zero":"दाबावैसो","other":[{"t":"idOrVar","v":"value"},"मिनिट सिगां"]},"$x":[{"t":"idOrVar","v":"plural"},"value"]},{"$i":"hours-ago-short","$v":{"zero":"दाबावैसो","other":[{"t":"idOrVar","v":"value"},"घन्टा सिगां"]},"$x":[{"t":"idOrVar","v":"plural"},"value"]},{"$i":"days-ago-short","$v":{"zero":"दिनै","other":[{"t":"idOrVar","v":"value"},"सान सिगां"]},"$x":[{"t":"idOrVar","v":"plural"},"value"]},{"$i":"minutes-until-short","$v":{"zero":"दायो","other":[{"t":"idOrVar","v":"value"},"मिनिटआव"]},"$x":[{"t":"idOrVar","v":"plural"},"value"]},{"$i":"hours-until-short","$v":{"zero":"दायो","other":[{"t":"idOrVar","v":"value"},"घन्टायाव"]},"$x":[{"t":"idOrVar","v":"plural"},"value"]},{"$i":"days-until-short","$v":{"zero":"दिनै","other":[{"t":"idOrVar","v":"value"},"सानाव"]},"$x":[{"t":"idOrVar","v":"plural"},"value"]},{"$i":"incorrectDate","$v":"(गोरोनथि अक्त)"},{"$i":"dateTimeFormat_%c","$v":"%a %b %e %Y %I:%M:%S %p"},{"$i":"dateTimeFormat_%x","$v":"%m/%d/%Y"},{"$i":"dateTimeFormat_%X","$v":"%I:%M:%S %p"},{"$i":"shortTimeFormat","$v":"%I:%M %p"},{"$i":"shortTimeFormat12","$v":"%I:%M %p"},{"$i":"shortTimeFormat24","$v":"%H:%M"},{"$i":"shortDateTimeFormat","$v":"%x %I:%M %p"},{"$i":"weekStartsOnMonday","$v":"0"},{"$i":"firstDayOfTheWeek","$v":"0"},{"$i":"time_am","$v":"AM"},{"$i":"time_pm","$v":"PM"},{"$i":"softkey-options","$v":"राहाफोर"},{"$i":"reset","$v":"दाफामफिन"},{"$i":"start","$v":"जागाय"},{"$i":"stop","$v":"थाबथाहो"},{"$i":"cancel","$v":"दान"},{"$i":"hour","$v":"धन्टा"},{"$i":"hours","$v":"घन्टाफोर"},{"$i":"minute","$v":"मिनिट"},{"$i":"minutes","$v":"मिनिटफोर"},{"$i":"second","$v":"नैथि"},{"$i":"alarm","$v":"एलार्म"},{"$i":"alarm-name","placeholder":"एलार्म"},{"$i":"timer","$v":"थाइमार"},{"$i":"stopwatch","$v":"स्तपवात्स"},{"$i":"alarmName","$v":"एलार्म मुं"},{"$i":"newAlarm","$v":"गोदान सांग्रांथि"},{"$i":"editAlarm","$v":"एलार्म इडिट खालाम"},{"$i":"tclSettings","$v":"चेटिंफोर"},{"$i":"clock-settings","$v":"क्लक सेटिं"},{"$i":"alarms-maximum","$v":"नोंथाङा एलार्मनि सम सिमा बारबाय।"},{"$i":"laps-maximum","$v":"नोंथाङा गोबां खेब ओरैनो थांगारहोबाय।"},{"$i":"changes-saved","$v":"सोलायनाया सेफ जाबाय।"},{"$i":"pause","$v":"थाद'"},{"$i":"resume","$v":"जागायफिन(रिसुम)"},{"$i":"lap","$v":"लेप"},{"$i":"lap-number","$v":[{"t":"idOrVar","v":"n"}," सानजुन्थि"]},{"$i":"timer-hour","$v":"धन्टा"},{"$i":"timer-min","$v":"मिनिट"},{"$i":"timer-sec","$v":"नैथि"},{"$i":"delete","$v":"दान"},{"$i":"time","$v":"सम"},{"$i":"snooze-label","$v":"स्नुज"},{"$i":"snooze-button","$v":"स्नुज"},{"$i":"repeat","$v":"जागायफिन"},{"$i":"vibrate","$v":"खम्फिखांदों"},{"$i":"close","$v":"बन्द’ खालाम"},{"$i":"save","$v":"चेब खालाम"},{"$i":"done","$v":"मावफुंबाय"},{"$i":"tcl-select-time","$v":"समखौ सायख'"},{"$i":"closeButton","ariaLabel":"बन्द’ खालाम"},{"$i":"newAlarmButton","ariaLabel":"गोदान सांग्रांथि"},{"$i":"alarm-volume-label","$v":"सिसतेम एलार्म भलिउम"},{"$i":"tcl-volume","$v":"बिसान:"},{"$i":"volume-level-display","$v":[{"t":"idOrVar","v":"n"}," / ",{"t":"idOrVar","v":"c"}]},{"$i":"sound","$v":"साउन्ड"},{"$i":"noSound","$v":"सोदोब गैया"},{"$i":"tcl-ringtones","$v":"रिंटनफोर"},{"$i":"everyday","$v":"सानफ्रोमबो"},{"$i":"weekdays","$v":"सप्तानि सानफोर"},{"$i":"weekends","$v":"विकेन्स"},{"$i":"never","$v":"माब्लाबाबो नङा"},{"$i":"vibrateOn","$v":"अन"},{"$i":"vibrateOff","$v":"अफ खालाम"},{"$i":"tcl-on","$v":"अन"},{"$i":"tcl-off","$v":"अफ खालाम"},{"$i":"plusMinute","$v":"+1 मिनिट"},{"$i":"dateFormat","$v":"%A, %b %e"},{"$i":"countdown-lessThanAnHour","$v":["एलार्मा दानिफ्राय ",{"t":"idOrVar","v":"minutes"}," समनि थाखाय दाजाबाय।"]},{"$i":"countdown-moreThanAnHour","$v":["एलार्मा दानिफ्राय ",{"t":"idOrVar","v":"hours"}," ",{"t":"idOrVar","v":"minutes"}," समनि थाखाय दाजाबाय।"]},{"$i":"countdown-moreThanADay","$v":["एलार्मा दानिफ्राय ",{"t":"idOrVar","v":"days"}," ",{"t":"idOrVar","v":"hours"}," समनि थाखाय दाजाबाय।"]},{"$i":"tcl-alarm-off","$v":"एलार्म बन्द৷"},{"$i":"tcl-alarm-deleted","$v":"एलार्म खोमोर৷"},{"$i":"nMinutes","$v":{"zero":"से मिनिटनि खमसिन","one":"से मिनिट","two":[{"t":"idOrVar","v":"n"}," मिनिट"],"few":[{"t":"idOrVar","v":"n"}," मिनिट"],"many":[{"t":"idOrVar","v":"n"}," मिनिट"],"other":[{"t":"idOrVar","v":"n"}," मिनिट"]},"$x":[{"t":"idOrVar","v":"plural"},"n"]},{"$i":"nHours","$v":{"zero":"","one":[{"t":"idOrVar","v":"n"}," घन्टा"],"two":[{"t":"idOrVar","v":"n"}," घन्टा"],"few":[{"t":"idOrVar","v":"n"}," घन्टा"],"many":[{"t":"idOrVar","v":"n"}," घन्टा"],"other":[{"t":"idOrVar","v":"n"}," घन्टा"]},"$x":[{"t":"idOrVar","v":"plural"},"n"]},{"$i":"nAndRemainHours","$v":{"zero":"","one":["आरो ",{"t":"idOrVar","v":"n"}," घन्टा"],"two":["आरो ",{"t":"idOrVar","v":"n"}," घन्टा"],"few":["आरो ",{"t":"idOrVar","v":"n"}," घन्टा"],"many":["आरो ",{"t":"idOrVar","v":"n"}," घन्टा"],"other":["आरो ",{"t":"idOrVar","v":"n"}," घन्टा"]},"$x":[{"t":"idOrVar","v":"plural"},"n"]},{"$i":"nRemainDays","$v":{"zero":"","one":[{"t":"idOrVar","v":"n"}," सान"],"two":[{"t":"idOrVar","v":"n"}," सानफोर"],"few":[{"t":"idOrVar","v":"n"}," सानफोर"],"many":[{"t":"idOrVar","v":"n"}," सानफोर"],"other":[{"t":"idOrVar","v":"n"}," सानफोर"]},"$x":[{"t":"idOrVar","v":"plural"},"n"]},{"$i":"nRemainMinutes","$v":{"zero":"","one":["आरो ",{"t":"idOrVar","v":"n"}," मिनिट"],"two":["आरो ",{"t":"idOrVar","v":"n"}," मिनिटफोर"],"few":["आरो ",{"t":"idOrVar","v":"n"}," मिनिटफोर"],"many":["आरो ",{"t":"idOrVar","v":"n"}," मिनिटफोर"],"other":["आरो ",{"t":"idOrVar","v":"n"}," मिनिटफोर"]},"$x":[{"t":"idOrVar","v":"plural"},"n"]},{"$i":"nSpinnerSeconds","$v":{"zero":"लाथिख' सेकेन्ड","one":"से सेकेन्ड","two":[{"t":"idOrVar","v":"n"}," सेकेन्डफोर"],"few":[{"t":"idOrVar","v":"n"}," सेकेन्डफोर"],"many":[{"t":"idOrVar","v":"n"}," सेकेन्डफोर"],"other":[{"t":"idOrVar","v":"n"}," सेकेन्डफोर"]},"$x":[{"t":"idOrVar","v":"plural"},"n"]},{"$i":"nSpinnerMinutes","$v":{"zero":"लाथिख' मिनिट","one":"से मिनिट","two":[{"t":"idOrVar","v":"n"}," मिनिट"],"few":[{"t":"idOrVar","v":"n"}," मिनिट"],"many":[{"t":"idOrVar","v":"n"}," मिनिट"],"other":[{"t":"idOrVar","v":"n"}," मिनिट"]},"$x":[{"t":"idOrVar","v":"plural"},"n"]},{"$i":"nSpinnerHours","$v":{"zero":"लाथिख' घन्टा","one":[{"t":"idOrVar","v":"n"}," घन्टा"],"two":[{"t":"idOrVar","v":"n"}," घन्टा"],"few":[{"t":"idOrVar","v":"n"}," घन्टा"],"many":[{"t":"idOrVar","v":"n"}," घन्टा"],"other":[{"t":"idOrVar","v":"n"}," घन्टा"]},"$x":[{"t":"idOrVar","v":"plural"},"n"]},{"$i":"tcl-stop","$v":"थाबथाहो"},{"$i":"tcl-snooze","$v":"स्नुज"},{"$i":"ac_awake_opus","$v":"सिरिमोन"},{"$i":"ac_crystalize_opus","$v":"जोंब्लावथि"},{"$i":"ac_cycle_opus","$v":"साइकेल"},{"$i":"ac_digicloud_opus","$v":"डिजिक्लाउड"},{"$i":"ac_humming_waves_opus","$v":"हामिं वेभस"},{"$i":"ac_into_the_void_opus","$v":"उदानि जोहै"},{"$i":"ac_lightly_opus","$v":"स्राङै"},{"$i":"ac_mobile_opus","$v":"मबाइल"},{"$i":"ac_pinger_opus","$v":"पिंजार"},{"$i":"ac_skip_opus","$v":"खोमा/खोमोर"},{"$i":"ac_tri_opus","$v":"मोनथाम"},{"$i":"ac_universal_opus","$v":"मुलुगनाङै"},{"$i":"tcl-options","$v":"राहाफोर"},{"$i":"tcl-clock-title","$v":"घड़ी"},{"$i":"alarm-title","$v":"एलार्म"},{"$i":"no-alarms-body","$v":"साजायनायनि इसारा गैया गोदान इसारा थु जागायहोनो।"},{"$i":"tcl-new-alarm","$v":"गोदान सांग्रांथि"},{"$i":"tcl-settings","$v":"चेटिंफोर"},{"$i":"tcl-cancel","$v":"दान"},{"$i":"tcl-save","$v":"चेब खालाम"},{"$i":"tcl-turnOn","$v":"खुलि"},{"$i":"tcl-turnOff","$v":"बन्द' खालाम"},{"$i":"edit","$v":"इडिट खालाम"},{"$i":"select","$v":"सायख'"},{"$i":"tcl-delete","$v":"दान"},{"$i":"tcl-selected-alarm","$v":"एलार्मखौ सायख'"},{"$i":"tcl-set","$v":"सेट"},{"$i":"tcl-start","$v":"जागाय"},{"$i":"tcl-reset","$v":"दाफामफिन"},{"$i":"tcl-min-plus","$v":"+1 मिनिट"},{"$i":"tcl-resume","$v":"जागायफिन(रिसुम)"},{"$i":"tcl-lap","$v":"लेप"},{"$i":"play","$v":"प्ले खालाम"},{"$i":"tcl-no-repeat","$v":"खालामफन्नाय गैया"},{"$i":"tcl-confirm-title","$v":"थि मिथिथाइ"},{"$i":"tcl-confirm-delete-body","$v":"सायख'जानाय एलार्मफोरखौ खोमोर ?"},{"$i":"tcl-confirm-end-key-body","$v":{"$o":"एप्लिकेसनखौ डेटा खोमानानै बन्द खालामनाय जागोन । <br><br> मा नों सुजुनायसिम फैफिननो लुबैगोन ?"}},{"$i":"tcl-confirm-exit-button","$v":"इकजिथ खालाम"},{"$i":"tcl-confirm-return-button","$v":"थांफिन"}]