[{"$i":"weekday-0-long","$v":"اتوار"},{"$i":"weekday-1-long","$v":"پیر"},{"$i":"weekday-2-long","$v":"منگل"},{"$i":"weekday-3-long","$v":"بدھ"},{"$i":"weekday-4-long","$v":"جمعرات"},{"$i":"weekday-5-long","$v":"جمعہ"},{"$i":"weekday-6-long","$v":"سنیچر"},{"$i":"weekday-0-short","$v":"اتوار"},{"$i":"weekday-1-short","$v":"پیر"},{"$i":"weekday-2-short","$v":"منگل"},{"$i":"weekday-3-short","$v":"بدھ"},{"$i":"weekday-4-short","$v":"جمعرات"},{"$i":"weekday-5-short","$v":"جمعہ"},{"$i":"weekday-6-short","$v":"ہفتہ"},{"$i":"month-0-long","$v":"جنوری"},{"$i":"month-1-long","$v":"فروری"},{"$i":"month-2-long","$v":"مارچ"},{"$i":"month-3-long","$v":"اپریل"},{"$i":"month-4-long","$v":"مئی"},{"$i":"month-5-long","$v":"جون"},{"$i":"month-6-long","$v":"جولائی"},{"$i":"month-7-long","$v":"اگست"},{"$i":"month-8-long","$v":"ستمبر"},{"$i":"month-9-long","$v":"اکتوبر"},{"$i":"month-10-long","$v":"نومبر"},{"$i":"month-11-long","$v":"دسمبر"},{"$i":"month-0-genitive","$v":"جنوری"},{"$i":"month-1-genitive","$v":"فروری"},{"$i":"month-2-genitive","$v":"مارچ"},{"$i":"month-3-genitive","$v":"اپریل"},{"$i":"month-4-genitive","$v":"مئی"},{"$i":"month-5-genitive","$v":"جون"},{"$i":"month-6-genitive","$v":"جولائی"},{"$i":"month-7-genitive","$v":"اگست"},{"$i":"month-8-genitive","$v":"ستمبر"},{"$i":"month-9-genitive","$v":"اکتوبر"},{"$i":"month-10-genitive","$v":"نومبر"},{"$i":"month-11-genitive","$v":"دسمبر"},{"$i":"month-0-short","$v":"جنوری"},{"$i":"month-1-short","$v":"فروری"},{"$i":"month-2-short","$v":"مارچ"},{"$i":"month-3-short","$v":"اپریل"},{"$i":"month-4-short","$v":"مئی"},{"$i":"month-5-short","$v":"جون"},{"$i":"month-6-short","$v":"جولائی"},{"$i":"month-7-short","$v":"اگست"},{"$i":"month-8-short","$v":"ستمبر"},{"$i":"month-9-short","$v":"اکتوبر"},{"$i":"month-10-short","$v":"نومبر"},{"$i":"month-11-short","$v":"دسمبر"},{"$i":"minutes-ago-long","$v":{"zero":"ابھی ابھی","one":"ایک منٹ قبل","two":[{"t":"idOrVar","v":"value"}," منٹس قبل"],"few":[{"t":"idOrVar","v":"value"}," منٹس قبل"],"many":[{"t":"idOrVar","v":"value"}," منٹس قبل"],"other":[{"t":"idOrVar","v":"value"}," منٹس قبل"]},"$x":[{"t":"idOrVar","v":"plural"},"value"]},{"$i":"hours-ago-long","$v":{"zero":"ابھی ابھی","one":"ایک گھنٹہ قبل","two":[{"t":"idOrVar","v":"value"}," گھنٹوں قبل"],"few":[{"t":"idOrVar","v":"value"}," گھنٹوں قبل"],"many":[{"t":"idOrVar","v":"value"}," گھنٹوں قبل"],"other":[{"t":"idOrVar","v":"value"}," گھنٹوں قبل"]},"$x":[{"t":"idOrVar","v":"plural"},"value"]},{"$i":"days-ago-long","$v":{"zero":"آج","one":"گزشتہ کل","two":[{"t":"idOrVar","v":"value"}," دن قبل"],"few":[{"t":"idOrVar","v":"value"}," دن قبل"],"many":[{"t":"idOrVar","v":"value"}," دن قبل"],"other":[{"t":"idOrVar","v":"value"}," دن قبل"]},"$x":[{"t":"idOrVar","v":"plural"},"value"]},{"$i":"weeks-ago-long","$v":{"zero":"اس ہفتہ","one":"آخری ہفتہ","two":[{"t":"idOrVar","v":"value"}," ہفتے قبل"],"few":[{"t":"idOrVar","v":"value"}," ہفتے قبل"],"many":[{"t":"idOrVar","v":"value"}," ہفتے قبل"],"other":[{"t":"idOrVar","v":"value"}," ہفتے قبل"]},"$x":[{"t":"idOrVar","v":"plural"},"value"]},{"$i":"months-ago-long","$v":{"zero":"اس ماہ","one":"آخری مہینہ","two":[{"t":"idOrVar","v":"value"}," مہینہ قبل"],"few":[{"t":"idOrVar","v":"value"}," مہینہ قبل"],"many":[{"t":"idOrVar","v":"value"}," مہینہ قبل"],"other":[{"t":"idOrVar","v":"value"}," مہینہ قبل"]},"$x":[{"t":"idOrVar","v":"plural"},"value"]},{"$i":"years-ago-long","$v":{"zero":"اس سال","one":"آخری سال","two":[{"t":"idOrVar","v":"value"}," سال قبل"],"few":[{"t":"idOrVar","v":"value"}," سال قبل"],"many":[{"t":"idOrVar","v":"value"}," سال قبل"],"other":[{"t":"idOrVar","v":"value"}," سال قبل"]},"$x":[{"t":"idOrVar","v":"plural"},"value"]},{"$i":"minutes-until-long","$v":{"zero":"ابھی","one":"ایک منٹ میں","two":[{"t":"idOrVar","v":"value"}," منٹوں میں"],"few":[{"t":"idOrVar","v":"value"}," منٹوں میں"],"many":[{"t":"idOrVar","v":"value"}," منٹوں میں"],"other":[{"t":"idOrVar","v":"value"}," منٹوں میں"]},"$x":[{"t":"idOrVar","v":"plural"},"value"]},{"$i":"hours-until-long","$v":{"zero":"ابھی","one":"ایک گھٹے میں","two":[{"t":"idOrVar","v":"value"}," گھنٹوں میں"],"few":[{"t":"idOrVar","v":"value"}," گھنٹوں میں"],"many":[{"t":"idOrVar","v":"value"}," گھنٹوں میں"],"other":[{"t":"idOrVar","v":"value"}," گھنٹوں میں"]},"$x":[{"t":"idOrVar","v":"plural"},"value"]},{"$i":"days-until-long","$v":{"zero":"آج","one":"tomorrow","two":[{"t":"idOrVar","v":"value"}," دنوں میں"],"few":[{"t":"idOrVar","v":"value"}," دنوں میں"],"many":[{"t":"idOrVar","v":"value"}," دنوں میں"],"other":[{"t":"idOrVar","v":"value"}," دنوں میں"]},"$x":[{"t":"idOrVar","v":"plural"},"value"]},{"$i":"weeks-until-long","$v":{"zero":"اس ہفتہ","one":"اگلے ہفتے","two":[{"t":"idOrVar","v":"value"}," ہفتوں میں"],"few":[{"t":"idOrVar","v":"value"}," ہفتوں میں"],"many":[{"t":"idOrVar","v":"value"}," ہفتوں میں"],"other":[{"t":"idOrVar","v":"value"}," ہفتوں میں"]},"$x":[{"t":"idOrVar","v":"plural"},"value"]},{"$i":"months-until-long","$v":{"zero":"اس ماہ","one":"اگلے ماہ","two":[{"t":"idOrVar","v":"value"}," مہینوں میں"],"few":[{"t":"idOrVar","v":"value"}," مہینوں میں"],"many":[{"t":"idOrVar","v":"value"}," مہینوں میں"],"other":[{"t":"idOrVar","v":"value"}," مہینوں میں"]},"$x":[{"t":"idOrVar","v":"plural"},"value"]},{"$i":"years-until-long","$v":{"zero":"اس سال","one":"اگلے سال","two":[{"t":"idOrVar","v":"value"}," سالوں میں"],"few":[{"t":"idOrVar","v":"value"}," سالوں میں"],"many":[{"t":"idOrVar","v":"value"}," سالوں میں"],"other":[{"t":"idOrVar","v":"value"}," سالوں میں"]},"$x":[{"t":"idOrVar","v":"plural"},"value"]},{"$i":"minutes-ago-short","$v":{"zero":"ابھی ابھی","other":[{"t":"idOrVar","v":"value"}," منٹ قبل"]},"$x":[{"t":"idOrVar","v":"plural"},"value"]},{"$i":"hours-ago-short","$v":{"zero":"ابھی ابھی","other":[{"t":"idOrVar","v":"value"}," گھنٹہ قبل"]},"$x":[{"t":"idOrVar","v":"plural"},"value"]},{"$i":"days-ago-short","$v":{"zero":"آج","other":[{"t":"idOrVar","v":"value"}," دن قبل"]},"$x":[{"t":"idOrVar","v":"plural"},"value"]},{"$i":"minutes-until-short","$v":{"zero":"ابھی","other":[{"t":"idOrVar","v":"value"}," منٹ میں"]},"$x":[{"t":"idOrVar","v":"plural"},"value"]},{"$i":"hours-until-short","$v":{"zero":"ابھی","other":[{"t":"idOrVar","v":"value"}," گھنٹے میں"]},"$x":[{"t":"idOrVar","v":"plural"},"value"]},{"$i":"days-until-short","$v":{"zero":"آج","other":[{"t":"idOrVar","v":"value"}," دن میں"]},"$x":[{"t":"idOrVar","v":"plural"},"value"]},{"$i":"incorrectDate","$v":"(غلط تاریخ)"},{"$i":"dateTimeFormat_%c","$v":"%a %b %e %Y %I:%M:%S %p"},{"$i":"dateTimeFormat_%x","$v":"%m/%d/%Y"},{"$i":"dateTimeFormat_%X","$v":"%I:%M:%S %p"},{"$i":"shortTimeFormat","$v":"%I:%M %p"},{"$i":"shortTimeFormat12","$v":"%I:%M %p"},{"$i":"shortTimeFormat24","$v":"%H:%M"},{"$i":"shortDateTimeFormat","$v":"%x %I:%M %p"},{"$i":"weekStartsOnMonday","$v":"0"},{"$i":"firstDayOfTheWeek","$v":"0"},{"$i":"time_am","$v":"AM"},{"$i":"time_pm","$v":"PM"},{"$i":"softkey-options","$v":"اختیارات"},{"$i":"reset","$v":"دوبارہ ترتیب دیں"},{"$i":"start","$v":"شروع کریں"},{"$i":"stop","$v":"روکیں"},{"$i":"cancel","$v":"منسوخ کریں"},{"$i":"hour","$v":"گھنٹہ"},{"$i":"hours","$v":"گھنٹے"},{"$i":"minute","$v":"منٹ"},{"$i":"minutes","$v":"منٹس"},{"$i":"second","$v":"سیکنڈ"},{"$i":"alarm","$v":"الارم"},{"$i":"alarm-name","placeholder":"الارم"},{"$i":"timer","$v":"ٹائمر"},{"$i":"stopwatch","$v":"اسٹاپ واچ"},{"$i":"alarmName","$v":"الارم کا نام"},{"$i":"newAlarm","$v":"نیا الارم"},{"$i":"editAlarm","$v":"الارم میں ترمیم کریں"},{"$i":"tclSettings","$v":"ترتیبات"},{"$i":"clock-settings","$v":"گھڑی کی سیٹنگ"},{"$i":"alarms-maximum","$v":"آپ الارمز کی زیادہ سے زیادہ تعداد تک پہنچ گئے ہیں۔"},{"$i":"laps-maximum","$v":"آپ لیپس کی زیادہ سے زیادہ تعداد تک پہنچ گئے ہیں۔"},{"$i":"changes-saved","$v":"تبدیلیاں محفوظ ہوگئی۔"},{"$i":"pause","$v":"موقوف کریں"},{"$i":"resume","$v":"دوبارہ شروع کریں"},{"$i":"lap","$v":"لیپ"},{"$i":"lap-number","$v":["لیپ ",{"t":"idOrVar","v":"n"}]},{"$i":"timer-hour","$v":"گھنٹہ"},{"$i":"timer-min","$v":"منٹ"},{"$i":"timer-sec","$v":"سیکنڈ"},{"$i":"delete","$v":"حذف کریں"},{"$i":"time","$v":"وقت"},{"$i":"snooze-label","$v":"اسنوز"},{"$i":"snooze-button","$v":"اسنوز"},{"$i":"repeat","$v":"دہرائیں"},{"$i":"vibrate","$v":"وائبریٹ"},{"$i":"close","$v":"بند کریں"},{"$i":"save","$v":"محفوظ کریں"},{"$i":"done","$v":"ہو گیا"},{"$i":"tcl-select-time","$v":"وقت منتخب کریں"},{"$i":"closeButton","ariaLabel":"بند کریں"},{"$i":"newAlarmButton","ariaLabel":"نیا الارم"},{"$i":"alarm-volume-label","$v":"سسٹم الارم والیوم"},{"$i":"tcl-volume","$v":"والیوم:"},{"$i":"volume-level-display","$v":[{"t":"idOrVar","v":"n"}," / ",{"t":"idOrVar","v":"c"}]},{"$i":"sound","$v":"آواز"},{"$i":"noSound","$v":"کوئی آواز نہیں"},{"$i":"tcl-ringtones","$v":"رنگ ٹونز"},{"$i":"everyday","$v":"ہر دن"},{"$i":"weekdays","$v":"ہفتہ کے دن"},{"$i":"weekends","$v":"اختتام ہفتہ"},{"$i":"never","$v":"کبھی نہیں"},{"$i":"vibrateOn","$v":"آن"},{"$i":"vibrateOff","$v":"آف"},{"$i":"tcl-on","$v":"آن"},{"$i":"tcl-off","$v":"آف"},{"$i":"plusMinute","$v":"+1 منٹ"},{"$i":"dateFormat","$v":"%A, %B %e"},{"$i":"countdown-lessThanAnHour","$v":["الارم اب سے ",{"t":"idOrVar","v":"minutes"}," پر سیٹ کیا گیا ہے۔"]},{"$i":"countdown-moreThanAnHour","$v":["الارم اب سے ",{"t":"idOrVar","v":"hours"}," ",{"t":"idOrVar","v":"minutes"}," پر سیٹ کیا گیا ہے۔"]},{"$i":"countdown-moreThanADay","$v":["الارم اب سے ",{"t":"idOrVar","v":"days"}," ",{"t":"idOrVar","v":"hours"}," پر سیٹ کیا گیا ہے۔"]},{"$i":"tcl-alarm-off","$v":"الارم بند ہوگیا"},{"$i":"tcl-alarm-deleted","$v":"الارم حذف کردیا گیا"},{"$i":"nMinutes","$v":{"zero":"ایک منٹ سے کم","one":"ایک منٹ","two":[{"t":"idOrVar","v":"n"}," منٹس"],"few":[{"t":"idOrVar","v":"n"}," منٹس"],"many":[{"t":"idOrVar","v":"n"}," منٹس"],"other":[{"t":"idOrVar","v":"n"}," منٹس"]},"$x":[{"t":"idOrVar","v":"plural"},"n"]},{"$i":"nHours","$v":{"zero":"","one":[{"t":"idOrVar","v":"n"}," گھنٹہ"],"two":[{"t":"idOrVar","v":"n"}," گھنٹے"],"few":[{"t":"idOrVar","v":"n"}," گھنٹے"],"many":[{"t":"idOrVar","v":"n"}," گھنٹے"],"other":[{"t":"idOrVar","v":"n"}," گھنٹے"]},"$x":[{"t":"idOrVar","v":"plural"},"n"]},{"$i":"nAndRemainHours","$v":{"zero":"","one":["اور ",{"t":"idOrVar","v":"n"}," گھنٹہ"],"two":["اور ",{"t":"idOrVar","v":"n"}," گھنٹے"],"few":["اور ",{"t":"idOrVar","v":"n"}," گھنٹے"],"many":["اور ",{"t":"idOrVar","v":"n"}," گھنٹے"],"other":["اور ",{"t":"idOrVar","v":"n"}," گھنٹے"]},"$x":[{"t":"idOrVar","v":"plural"},"n"]},{"$i":"nRemainDays","$v":{"zero":"","one":[{"t":"idOrVar","v":"n"}," دن"],"two":[{"t":"idOrVar","v":"n"}," دن"],"few":[{"t":"idOrVar","v":"n"}," دن"],"many":[{"t":"idOrVar","v":"n"}," دن"],"other":[{"t":"idOrVar","v":"n"}," دن"]},"$x":[{"t":"idOrVar","v":"plural"},"n"]},{"$i":"nRemainMinutes","$v":{"zero":"","one":["اور ",{"t":"idOrVar","v":"n"}," منٹ"],"two":["اور ",{"t":"idOrVar","v":"n"}," منٹس"],"few":["اور ",{"t":"idOrVar","v":"n"}," منٹس"],"many":["اور ",{"t":"idOrVar","v":"n"}," منٹس"],"other":["اور ",{"t":"idOrVar","v":"n"}," منٹس"]},"$x":[{"t":"idOrVar","v":"plural"},"n"]},{"$i":"nSpinnerSeconds","$v":{"zero":"صفر سیکنڈز","one":"ایک سیکنڈ","two":[{"t":"idOrVar","v":"n"}," سیکنڈز"],"few":[{"t":"idOrVar","v":"n"}," سیکنڈز"],"many":[{"t":"idOrVar","v":"n"}," سیکنڈز"],"other":[{"t":"idOrVar","v":"n"}," سیکنڈز"]},"$x":[{"t":"idOrVar","v":"plural"},"n"]},{"$i":"nSpinnerMinutes","$v":{"zero":"صفر منٹس","one":"ایک منٹ","two":[{"t":"idOrVar","v":"n"}," منٹس"],"few":[{"t":"idOrVar","v":"n"}," منٹس"],"many":[{"t":"idOrVar","v":"n"}," منٹس"],"other":[{"t":"idOrVar","v":"n"}," منٹس"]},"$x":[{"t":"idOrVar","v":"plural"},"n"]},{"$i":"nSpinnerHours","$v":{"zero":"صفر گھنٹے","one":[{"t":"idOrVar","v":"n"}," گھنٹہ"],"two":[{"t":"idOrVar","v":"n"}," گھنٹے"],"few":[{"t":"idOrVar","v":"n"}," گھنٹے"],"many":[{"t":"idOrVar","v":"n"}," گھنٹے"],"other":[{"t":"idOrVar","v":"n"}," گھنٹے"]},"$x":[{"t":"idOrVar","v":"plural"},"n"]},{"$i":"tcl-stop","$v":"روکیں"},{"$i":"tcl-snooze","$v":"اسنوز"},{"$i":"ac_awake_opus","$v":"بیدار"},{"$i":"ac_crystalize_opus","$v":"قلمیں بنانا"},{"$i":"ac_cycle_opus","$v":"سائکل"},{"$i":"ac_digicloud_opus","$v":"ڈیجی کلاؤڈ"},{"$i":"ac_humming_waves_opus","$v":"گنگناتی لہریں"},{"$i":"ac_into_the_void_opus","$v":"ان ٹو دی وائڈ"},{"$i":"ac_lightly_opus","$v":"ہلکے"},{"$i":"ac_mobile_opus","$v":"موبائل"},{"$i":"ac_pinger_opus","$v":"پنگر"},{"$i":"ac_skip_opus","$v":"نظر انداز کریں"},{"$i":"ac_tri_opus","$v":"ٹرائی"},{"$i":"ac_universal_opus","$v":"عالمگیر"},{"$i":"tcl-options","$v":"اختیارات"},{"$i":"tcl-clock-title","$v":"گھڑی"},{"$i":"alarm-title","$v":"الارم"},{"$i":"no-alarms-body","$v":"کوئی الارم سیٹ نہیں کیا گیا۔ شروع کرنے کیلئے نئے الارم پر دبائیں۔"},{"$i":"tcl-new-alarm","$v":"نیا الارم"},{"$i":"tcl-settings","$v":"ترتیبات"},{"$i":"tcl-cancel","$v":"منسوخ کریں"},{"$i":"tcl-save","$v":"محفوظ کریں"},{"$i":"tcl-turnOn","$v":"آن کریں"},{"$i":"tcl-turnOff","$v":"آف کریں"},{"$i":"edit","$v":"ترمیم کریں"},{"$i":"select","$v":"منتخب کریں"},{"$i":"tcl-delete","$v":"حذف کریں"},{"$i":"tcl-selected-alarm","$v":"منتخبہ الارم"},{"$i":"tcl-set","$v":"سیٹ کریں"},{"$i":"tcl-start","$v":"شروع کریں"},{"$i":"tcl-reset","$v":"دوبارہ ترتیب دیں"},{"$i":"tcl-min-plus","$v":"+1 منٹ"},{"$i":"tcl-resume","$v":"دوبارہ شروع کریں"},{"$i":"tcl-lap","$v":"لیپ"},{"$i":"play","$v":"چلائیں"},{"$i":"tcl-no-repeat","$v":"مکرر نہیں"},{"$i":"tcl-confirm-title","$v":"توثیق کاری"},{"$i":"tcl-confirm-delete-body","$v":"منتخبہ الارم کو حذف کریں؟"},{"$i":"tcl-confirm-end-key-body","$v":{"$o":"ایپلیکیشن ڈیٹا ضائع کرتے ہوئے بند جائے گا۔ <br><br> کیا آپ تدوین کرنے پر واپس جانا چاہتے ہیں۔"}},{"$i":"tcl-confirm-exit-button","$v":"باہر نکلیں"},{"$i":"tcl-confirm-return-button","$v":"واپسی"}]