[
  {"cc":"UM", "offset":"-11:00,-11:00", "city":"Pacific/Midway"},
  {"cc":"US", "offset":"-10:00,-10:00", "city":"Pacific/Honolulu"},
  {"cc":"US", "offset":"-09:00,-08:00", "city":"America/Anchorage"},
  {"cc":"US", "offset":"-08:00,-07:00", "city":"America/Los_Angeles"},
  {"cc":"MX", "offset":"-08:00,-07:00", "city":"America/Tijuana"},
  {"cc":"US", "offset":"-07:00,-07:00", "city":"America/Phoenix"},
  {"cc":"MX", "offset":"-07:00,-06:00", "city":"America/Chihuahua"},
  {"cc":"US", "offset":"-07:00,-06:00", "city":"America/Denver"},
  {"cc":"CR", "offset":"-06:00,-06:00", "city":"America/Costa_Rica"},
  {"cc":"US", "offset":"-06:00,-05:00", "city":"America/Chicago"},
  {"cc":"MX", "offset":"-06:00,-05:00", "city":"America/Mexico_City"},
  {"cc":"CA", "offset":"-06:00,-06:00", "city":"America/Regina"},
  {"cc":"CO", "offset":"-05:00,-05:00", "city":"America/Bogota", "name":"Bogotá"},
  {"cc":"US", "offset":"-05:00,-04:00", "city":"America/New_York"},
  {"cc":"VE", "offset":"-04:30,-04:30", "city":"America/Caracas"},
  {"cc":"BB", "offset":"-04:00,-04:00", "city":"America/Barbados"},
  {"cc":"CA", "offset":"-04:00,-03:00", "city":"America/Halifax"},
  {"cc":"BR", "offset":"-04:00,-04:00", "city":"America/Manaus"},
  {"cc":"CL", "offset":"-04:00,-03:00", "city":"America/Santiago"},
  {"cc":"CA", "offset":"-03:30,-02:30", "city":"America/St_Johns"},
  {"cc":"AR", "offset":"-03:00,-03:00", "city":"Argentina/Buenos_Aires"},
  {"cc":"UY", "offset":"-03:00,-02:00", "city":"America/Montevideo"},
  {"cc":"BR", "offset":"-03:00,-02:00", "city":"America/Sao_Paulo", "name":"São Paulo"},
  {"cc":"GS", "offset":"-02:00,-02:00", "city":"Atlantic/South_Georgia"},
  {"cc":"PT", "offset":"-01:00,+00:00", "city":"Atlantic/Azores"},
  {"cc":"CV", "offset":"-01:00,-01:00", "city":"Atlantic/Cape_Verde"},
  {"cc":"MA", "offset":"+00:00,+01:00", "city":"Africa/Casablanca"},
  {"cc":"GB", "offset":"+00:00,+01:00", "city":"Europe/London"},
  {"cc":"NL", "offset":"+01:00,+02:00", "city":"Europe/Amsterdam"},
  {"cc":"DE", "offset":"+01:00,+02:00", "city":"Europe/Berlin"},
  {"cc":"FR", "offset":"+01:00,+02:00", "city":"Europe/Paris"},
  {"cc":"RS", "offset":"+01:00,+02:00", "city":"Europe/Belgrade"},
  {"cc":"BE", "offset":"+01:00,+02:00", "city":"Europe/Brussels"},
  {"cc":"BA", "offset":"+01:00,+02:00", "city":"Europe/Sarajevo", "id":"Europe/Belgrade"},
  {"cc":"CG", "offset":"+01:00,+01:00", "city":"Africa/Brazzaville"},
  {"cc":"HR", "offset":"+01:00,+02:00", "city":"Europe/Zagreb", "id":"Europe/Belgrade"},
  {"cc":"AL", "offset":"+01:00,+02:00", "city":"Europe/Tirane"},
  {"cc":"NA", "offset":"+01:00,+02:00", "city":"Africa/Windhoek"},
  {"cc":"UA", "offset":"+02:00,+03:00", "city":"Europe/Kiev"},
  {"cc":"JO", "offset":"+02:00,+03:00", "city":"Asia/Amman"},
  {"cc":"GR", "offset":"+02:00,+03:00", "city":"Europe/Athens"},
  {"cc":"LB", "offset":"+02:00,+03:00", "city":"Asia/Beirut"},
  {"cc":"EG", "offset":"+02:00,+02:00", "city":"Africa/Cairo"},
  {"cc":"FI", "offset":"+02:00,+03:00", "city":"Europe/Helsinki"},
  {"cc":"IL", "offset":"+02:00,+03:00", "city":"Asia/Jerusalem"},
  {"cc":"ZW", "offset":"+02:00,+02:00", "city":"Africa/Harare"},
  {"cc":"BY", "offset":"+03:00,+03:00", "city":"Europe/Minsk"},
  {"cc":"IQ", "offset":"+03:00,+03:00", "city":"Asia/Baghdad"},
  {"cc":"RU", "offset":"+03:00,+03:00", "city":"Europe/Moscow"},
  {"cc":"KW", "offset":"+03:00,+03:00", "city":"Asia/Kuwait"},
  {"cc":"KE", "offset":"+03:00,+03:00", "city":"Africa/Nairobi"},
  {"cc":"IR", "offset":"+03:30,+04:30", "city":"Asia/Tehran"},
  {"cc":"AZ", "offset":"+04:00,+05:00", "city":"Asia/Baku"},
  {"cc":"GE", "offset":"+04:00,+04:00", "city":"Asia/Tbilisi"},
  {"cc":"AM", "offset":"+04:00,+04:00", "city":"Asia/Yerevan"},
  {"cc":"AE", "offset":"+04:00,+04:00", "city":"Asia/Dubai"},
  {"cc":"AF", "offset":"+04:30,+04:30", "city":"Asia/Kabul"},
  {"cc":"PK", "offset":"+05:00,+05:00", "city":"Asia/Karachi"},
  {"cc":"KZ", "offset":"+05:00,+05:00", "city":"Asia/Oral"},
  {"cc":"RU", "offset":"+05:00,+05:00", "city":"Asia/Yekaterinburg"},
  {"cc":"UZ", "offset":"+05:00,+05:00", "city":"Asia/Tashkent"},
  {"cc":"TJ", "offset":"+05:00,+05:00", "city":"Asia/Dushanbe"},
  {"cc":"TM", "offset":"+05:00,+05:00", "city":"Asia/Ashgabat"},
  {"cc":"IN", "offset":"+05:30,+05:30", "city":"Asia/Kolkata"},
  {"cc":"LK", "offset":"+05:30,+05:30", "city":"Asia/Colombo"},
  {"cc":"NP", "offset":"+05:45,+05:45", "city":"Asia/Kathmandu"},
  {"cc":"KZ", "offset":"+06:00,+06:00", "city":"Asia/Almaty"},
  {"cc":"KG", "offset":"+06:00,+06:00", "city":"Asia/Bishkek"},
  {"cc":"MM", "offset":"+06:30,+06:30", "city":"Asia/Rangoon"},
  {"cc":"RU", "offset":"+07:00,+07:00", "city":"Asia/Novosibirsk"},
  {"cc":"RU", "offset":"+07:00,+07:00", "city":"Asia/Krasnoyarsk"},
  {"cc":"TH", "offset":"+07:00,+07:00", "city":"Asia/Bangkok"},
  {"cc":"ID", "offset":"+07:00,+07:00", "city":"Asia/Jakarta"},
  {"cc":"PH", "offset":"+08:00,+08:00", "city":"Asia/Manila"},
  {"cc":"CN", "offset":"+08:00,+08:00", "city":"Asia/Chongqing"},
  {"cc":"HK", "offset":"+08:00,+08:00", "city":"Asia/Hong_Kong"},
  {"cc":"RU", "offset":"+08:00,+08:00", "city":"Asia/Irkutsk"},
  {"cc":"MY", "offset":"+08:00,+08:00", "city":"Asia/Kuala_Lumpur"},
  {"cc":"AU", "offset":"+08:00,+08:00", "city":"Australia/Perth"},
  {"cc":"TW", "offset":"+08:00,+08:00", "city":"Asia/Taipei"},
  {"cc":"SG", "offset":"+08:00,+08:00", "city":"Asia/Singapore"},
  {"cc":"KR", "offset":"+09:00,+09:00", "city":"Asia/Seoul"},
  {"cc":"JP", "offset":"+09:00,+09:00", "city":"Asia/Tokyo"},
  {"cc":"AU", "offset":"+09:30,+09:30", "city":"Australia/Darwin"},
  {"cc":"AU", "offset":"+09:30,+10:30", "city":"Australia/Adelaide"},
  {"cc":"RU", "offset":"+10:00,+10:00", "city":"Asia/Yakutsk"},
  {"cc":"AU", "offset":"+10:00,+10:00", "city":"Australia/Brisbane"},
  {"cc":"RU", "offset":"+10:00,+10:00", "city":"Asia/Vladivostok"},
  {"cc":"GU", "offset":"+10:00,+10:00", "city":"Pacific/Guam"},
  {"cc":"AU", "offset":"+10:00,+11:00", "city":"Australia/Hobart"},
  {"cc":"AU", "offset":"+10:00,+11:00", "city":"Australia/Sydney"},
  {"cc":"RU", "offset":"+12:00,+12:00", "city":"Asia/Magadan"},
  {"cc":"MH", "offset":"+12:00,+12:00", "city":"Pacific/Majuro"},
  {"cc":"NZ", "offset":"+12:00,+13:00", "city":"Pacific/Auckland"},
  {"cc":"FJ", "offset":"+12:00,+13:00", "city":"Pacific/Fiji"},
  {"cc":"TO", "offset":"+13:00,+13:00", "city":"Pacific/Tongatapu"}
]
