{
  "notifier_bells.opus": {"l10nID": "notifier_bells"},
  "notifier_bloom.opus": {"l10nID": "notifier_bloom"},
  "notifier_chime.opus": {"l10nID": "notifier_chime"},
  "notifier_clicka.opus": {"l10nID": "notifier_clicka"},
  "notifier_digi.opus": {"l10nID": "notifier_digi"},
  "notifier_dropplet.opus": {"l10nID": "notifier_dropplet"},
  "notifier_firefox.opus": {"l10nID": "notifier_firefox2"},
  "notifier_hello.opus": {"l10nID": "notifier_hello"},
  "notifier_ping.opus": {"l10nID": "notifier_ping"},
  "notifier_plickle.opus": {"l10nID": "notifier_plickle"},
  "notifier_pocko.opus": {"l10nID": "notifier_pocko"},
  "notifier_quado.opus": {"l10nID": "notifier_quado"},
  "notifier_red.opus": {"l10nID": "notifier_red"},
  "notifier_sato.opus": {"l10nID": "notifier_sato"},
  "notifier_trickleup.opus": {"l10nID": "notifier_trickleup"},
  "notifier_trink.opus": {"l10nID": "notifier_trink"},
  "notifier_verse.opus": {"l10nID": "notifier_verse"}
}

