{
  "array": {
    "dict": [
      {
        "key": "explore",
        "array": {
          "explore": [
            "ftw",
            "josh-talks",
            "filmfare",
            "comedy-munch",
            "w",
            "faking-news",
            "hebbars-kitchen",
            "fever-fm",
            "health",
            "ugly",
            "breaking-toons",
            "tbs",
            "ftw",
            "faking-news",
            "josh-talks"
          ]
        }
      }
    ]
  }
}