{
  "array": {
    "dict": [
      {
        "key": "people",
        "array": {
          "emoji": [
            "1f600",
            "1f62c",
            "1f601",
            "1f602",
            "1f603",
            "1f604",
            "1f605",
            "1f606",
            "1f607",
            "1f609",
            "1f60a",
            "1f642",
            "1f643",
            "263a",
            "1f60b",
            "1f60c",
            "1f60d",
            "1f618",
            "1f617",
            "1f621"
          ]
        }
      }
    ]
  }
}