[{"$i":"search-or-enter-address","placeholder":"অনুসন্ধান কৰক বা ঠিকনা লিখক"},{"$i":"delete-title","$v":[{"t":"idOrVar","v":"name"}," বিলোপ কৰক"]},{"$i":"delete-body","$v":[{"t":"idOrVar","v":"name"}," আৰু ইয়াৰ সকলো ডাটা বিলোপ কৰা হ’ব ৷"]},{"$i":"delete","$v":"বিলোপ কৰক"},{"$i":"cancel","$v":"বাতিল কৰক"},{"$i":"menu","$v":"মেন্যু"},{"$i":"notifications","$v":"এলাৰ্টসমূহ"},{"$i":"speed-dial","$v":"স্পীড ডায়েল"},{"$i":"select","$v":"বাছনি কৰক"},{"$i":"favorite","$v":"প্ৰিয়"},{"$i":"unfavorite","$v":"অপ্ৰিয়"},{"$i":"ok","$v":"ঠিক আছে"},{"$i":"edit","$v":"সম্পাদনা কৰক"},{"$i":"call","$v":"কল কৰক"},{"$i":"message","$v":"বাৰ্তা"},{"$i":"options","$v":"বিকল্পসমূহ"},{"$i":"assign","$v":"এচাইন কৰক"},{"$i":"remove","$v":"আঁতৰাওক"},{"$i":"replace","$v":"ৰিপ্লেচ কৰক"},{"$i":"more","$v":"অধিক"},{"$i":"settings","$v":"ছেটিংছ"},{"$i":"contacts","$v":"কনটেক্টসমূহ"},{"$i":"voicemail","$v":"ভইচমেইল"},{"$i":"speed-dial-not-empty","ariaLabel":[{"t":"idOrVar","v":"order"},", ",{"t":"idOrVar","v":"name"}]},{"$i":"speed-dial-empty","ariaLabel":[{"t":"idOrVar","v":"order"},", খালী"]},{"$i":"remove-speed-dial","$v":["আপুনি স্পীড ডায়েলৰ পৰা ",{"t":"idOrVar","v":"name"}," আঁতৰাবলৈ বিচাৰেনে ?"]},{"$i":"replace-speed-dial","$v":["আপুনি ",{"t":"idOrVar","v":"subName"}," ৰ সৈতে ",{"t":"idOrVar","v":"name"}," ৰিপ্লেচ কৰিবলৈ বিচাৰেনে ?"]},{"$i":"assign-speed-dial","$v":["বুটাম ",{"t":"idOrVar","v":"n"}," ত কনটেক্ট স্পীড ডায়েল ৰূপে যোগ কৰা হোৱা নাছিল ৷ এতিয়া এচাইন কৰিব?"]},{"$i":"assign-voicemail","$v":"ভইচ মেইল নম্বৰ ছেট কৰা হোৱা নাই৷"},{"$i":"alert-for-contacts-without-number","$v":"উপলব্ধ ফোন নম্বৰৰ সৈতে কোনো কনটেক্ট নাই"},{"$i":"option-remove","$v":"স্পীড ডায়েলৰ পৰা আঁতৰাওক"},{"$i":"option-replace","$v":"ৰিপ্লেচ কৰক"},{"$i":"all-apps","$v":"সকলো-এপ"},{"$i":"add-to-existing-contact","$v":"বিদ্যমান কনটেক্টলৈ যোগ কৰক"},{"$i":"create-new-contact","$v":"নতুন কনটেক্ট বনাওক"},{"$i":"sending","$v":"প্ৰেৰণ কৰি আছে..."},{"$i":"callAirplaneModeTitle","$v":"এয়াৰপ্লেন মোড সক্ৰিয় কৰা হৈছে"},{"$i":"callAirplaneModeMessage","$v":"এটা কল কৰিবলৈ আপুনি ছেটিংছত এয়াৰপ্লেন মোড অক্ষম কৰিব লাগিব ৷"},{"$i":"emergencyDialogTitle","$v":"কোনো নেটৱৰ্ক সংযোগ নাই"},{"$i":"emergencyDialogBodyBadNumber","$v":"এটা কল কৰিবলৈ, ফোনটো এটা নেটৱৰ্কলৈ সংযোগ কৰিবই লাগিব ৷"},{"$i":"emergencyDialogBodyDeviceNotAccepted","$v":"নেটৱৰ্কৰ দ্বাৰা আপাতকালীন কলসমূহ অনুমোদিত নহয় ৷"},{"$i":"invalidNumberToDialTitle","$v":"অবৈধ ফোন নম্বৰ"},{"$i":"invalidNumberToDialMessage","$v":"আপুনি কল কৰা ফোন নম্বৰটো বৈধ নহয় ৷"},{"$i":"emergency-call-only","$v":"কেৱল আপাতকালীন কলসমূহ"},{"$i":"emergency-call-error","$v":[{"t":"idOrVar","v":"number"}," এটা আপাতকালীন নম্বৰ নহয় ৷"]},{"$i":"numberIsBusyTitle","$v":"নম্বৰ ব্যস্ত হৈ আছে"},{"$i":"numberIsBusyMessage","$v":"নম্বৰটো সম্প্ৰতি ব্যস্ত হৈ আছে ৷ অনুগ্ৰহ কৰি পিছত পুনৰ চেষ্টা কৰক।"},{"$i":"fdnIsActiveTitle","$v":"FDN সক্ৰিয়"},{"$i":"fdnIsActiveMessage","$v":["FDN (ফিক্সড ডায়েলিং নম্বৰসমূহ) সক্ৰিয় হৈছে আৰু নিম্নোক্ত নম্বৰটো আপোনাৰ FDN সূচীত নাই: ",{"t":"idOrVar","v":"number"}]},{"$i":"otherConnectionInUseTitle","$v":"অন্য সংযোগ ব্যৱহাৰ হৈ আছে"},{"$i":"otherConnectionInUseMessage","$v":"আপোনাৰ অন্য সংযোগত এটা সক্ৰিয় কল আছে ৷ আপুনি এবাৰত কেৱল এটা সংযোগহে ব্যৱহাৰ কৰিব পাৰে ৷"},{"$i":"GenericFailure","$v":"সামান্য বিফলতা"},{"$i":"CallFailed","$v":"কল বিফল হ’ল"},{"$i":"scCallBarring","$v":"কল প্ৰতিবন্ধকতা"},{"$i":"scCallForwarding","$v":"কল ফৰৱাৰ্ডিং"},{"$i":"scClip","$v":"ইনকামিং কলাৰ ID"},{"$i":"scClir","$v":"আউটগ’য়িং কলাৰ ID"},{"$i":"scPwd","$v":"পাছৱৰ্ড পৰিৱৰ্তন কৰক"},{"$i":"scCallWaiting","$v":"কল অপেক্ষাৰত"},{"$i":"scPin","$v":"পিন পৰিৱৰ্তন কৰক"},{"$i":"scPin2","$v":"পিন2 ৰ পৰিৱৰ্তন"},{"$i":"scPuk","$v":"পিন আনব্লক কৰক"},{"$i":"scPuk2","$v":"পিন2 আনব্লক কৰক"},{"$i":"scImei","$v":"IMEI"},{"$i":"scMeid","$v":"MEID"},{"$i":"scUssd","$v":"USSD"},{"$i":"personal","$v":"ব্যক্তিগত"},{"$i":"mobile","$v":"ম’বাইল"},{"$i":"home","$v":"হোম"},{"$i":"work","$v":"কৰ্ম"},{"$i":"fax-home","$v":"হোমলৈ Fax কৰক"},{"$i":"fax-office","$v":"কাৰ্য্যালয়লৈ Fax কৰক"},{"$i":"fax-other","$v":"আনক Fax কৰক"},{"$i":"homescreen-settings","$v":"হোমস্ক্ৰীন ছেটিংছ"},{"$i":"change-wallpaper","$v":"ৱালপেপাৰ পৰিৱৰ্তন কৰক"},{"$i":"add-smart-collections","$v":"স্মাৰ্ট সংগ্ৰহণসমূহ যোগ কৰক"},{"$i":"edit-mode","$v":"সম্পাদনা কৰক"},{"$i":"edit-done","$v":"কৰা হল"},{"$i":"stop-download-title","$v":[{"t":"idOrVar","v":"name"}," ৰখাওক"]},{"$i":"stop-download-body","$v":"আপুনি চলি থকা ডাউনলোড ৰখাব বিচাৰে নেকি ?"},{"$i":"stop-download-action","$v":"ৰখক"},{"$i":"resume-download-title","$v":"ডাউনলোড পুনৰাম্ভ কৰক"},{"$i":"resume-download-body","$v":["আপুনি ",{"t":"idOrVar","v":"name"}," ডাউনলোড কৰিবলৈ বিচাৰে নেকি?"]},{"$i":"resume-download-action","$v":"ডাউনলোড কৰক"},{"$i":"edit-group-header","$v":"গোট সম্পাদনা কৰক"},{"$i":"tcl-wallpaper-changed","$v":"ৱালপেপাৰ পৰিৱৰ্তন হ’ল"},{"$i":"gaia-shortcut-app-updated","$v":"এপ আপডেট হৈছে"},{"$i":"clocks-updated","$v":"ঘড়ীবোৰ আপডেট হৈছে"},{"$i":"longDateFormat","$v":"%A, %b %e"},{"$i":"app-title","$v":"মোৰ এপসমূহ"},{"$i":"app-uninstall","$v":[{"t":"idOrVar","v":"name"}," আনইনষ্টল কৰা হৈছিল"]},{"$i":"confirmation","$v":"নিশ্চিতিকৰণ"},{"$i":"call-forwarding-async","$v":["অচিংক্ৰ’নাস: ",{"t":"idOrVar","v":"async"}]},{"$i":"call-forwarding-data","$v":["ডাটা: ",{"t":"idOrVar","v":"data"}]},{"$i":"call-forwarding-error","$v":"কল ফৰৱাৰ্ডিং স্থিতি পুনৰুদ্ধাৰ কৰি থাকোতে ত্ৰুটি হৈছে"},{"$i":"call-forwarding-fax","$v":["FAX: ",{"t":"idOrVar","v":"fax"}]},{"$i":"call-forwarding-inactive","$v":"নিষ্ক্ৰিয় কৰক"},{"$i":"call-forwarding-packet","$v":["পেকেট: ",{"t":"idOrVar","v":"packet"}]},{"$i":"call-forwarding-pad","$v":["PAD: ",{"t":"idOrVar","v":"pad"}]},{"$i":"call-forwarding-sms","$v":["SMS: ",{"t":"idOrVar","v":"sms"}]},{"$i":"call-forwarding-status","$v":"কল ফৰৱাৰ্ডিং স্থিতি"},{"$i":"call-forwarding-sync","$v":["চিংক্ৰ’নাস: ",{"t":"idOrVar","v":"sync"}]},{"$i":"call-forwarding-voice","$v":["ভইচ: ",{"t":"idOrVar","v":"voice"}]},{"$i":"serviceClassVoice","$v":"ভইচ"},{"$i":"serviceClassData","$v":"ডাটা"},{"$i":"serviceClassFax","$v":"FAX"},{"$i":"serviceClassSms","$v":"SMS"},{"$i":"serviceClassDataSync","$v":"চিংক"},{"$i":"serviceClassDataAsync","$v":"এচিংক"},{"$i":"serviceClassPacket","$v":"পেকেট"},{"$i":"serviceClassPad","$v":"PAD"},{"$i":"smServiceEnabled","$v":"সেৱা সক্ষম কৰা হৈছিল"},{"$i":"smServiceDisabled","$v":"সেৱা অক্ষম কৰা হৈছে"},{"$i":"smServiceRegistered","$v":"পঞ্জীয়ন সফল হৈছিল"},{"$i":"smServiceErased","$v":"মচি পেলোৱা সফল হৈছিল"},{"$i":"smServiceInterrogated","$v":"অনুৰোধ সফল হৈছিল"},{"$i":"smServiceNotProvisioned","$v":"সেৱাৰ সুবিধা নাই"},{"$i":"smClirPermanent","$v":"আপুনি কলাৰ ID ছেটিংছ পৰিৱৰ্তন কৰিব নোৱাৰে"},{"$i":"smClirDefaultOnNextCallOn","$v":"ক’লাৰ ID ডিফ’ল্টৰূপে প্ৰতিবন্ধিত কৰা হৈছে। পৰৱৰ্তী কল: প্ৰতিবন্ধিত"},{"$i":"smClirDefaultOnNextCallOff","$v":"ক’লাৰ ID ডিফ’ল্টৰূপে প্ৰতিবন্ধিত কৰা হৈছে। পৰৱৰ্তী কল: প্ৰতিবন্ধিত নহয়"},{"$i":"smClirDefaultOffNextCallOn","$v":"ক’লাৰ ID ডিফ’ল্টৰূপে অপ্ৰতিবন্ধিত কৰা হৈছে। পৰৱৰ্তী কল: প্ৰতিবন্ধিত"},{"$i":"smClirDefaultOffNextCallOff","$v":"ক’লাৰ ID ডিফ’ল্টৰূপে অপ্ৰতিবন্ধিত কৰা হৈছে। পৰৱৰ্তী কল: প্ৰতিবন্ধিত নহয়"},{"$i":"smServiceEnabledFor","$v":"সেৱা ইয়াৰ বাবে সক্ষম হৈছিল:"},{"$i":"smPinChanged","$v":"পিন সফলভাৱে পৰিৱৰ্তন কৰা হ’ল"},{"$i":"smPinUnblocked","$v":"পিন সফলভাৱে আনব্লক কৰা হ’ল"},{"$i":"smPin2Changed","$v":"পিন2 সফলভাৱে পৰিৱৰ্তন কৰা হ’ল"},{"$i":"smPin2Unblocked","$v":"পিন2 সফলভাৱে আনব্লক কৰা হ’ল"},{"$i":"ServiceIsEnabled","$v":"সেৱা সক্ষম কৰা হৈছে"},{"$i":"ServiceIsDisabled","$v":"সেৱা অক্ষম কৰা হৈছে"},{"$i":"ServiceIsEnabledFor","$v":"সেৱা ইয়াৰ বাবে সক্ষম হৈছে:"},{"$i":"emMmiError","$v":"সংযোগ সমস্যা বা অবৈধ MMI ক’ড"},{"$i":"emMmiErrorPasswordIncorrect","$v":"অশুদ্ধ পাছৱৰ্ড"},{"$i":"emMmiErrorNotSupported","$v":"অবৈধ বা অসমৰ্থিত MMI ক’ড"},{"$i":"emMmiErrorInvalidAction","$v":"অবৈধ কাৰ্য্য"},{"$i":"emMmiErrorInvalidScCode","$v":"অবৈধ সেৱা ক’ড"},{"$i":"emMmiErrorBadPuk","$v":"আপুনি টাইপ কৰা PUK টো শুদ্ধ নহয়"},{"$i":"emMmiErrorBadPin","$v":"আপুনি টাইপ কৰা পুৰণা পিনটো শুদ্ধ নহয় ৷"},{"$i":"emMmiErrorNeedPuk2","$v":"চিম কাৰ্ড আনব্লক কৰিবলৈ PUK2 টাইপ কৰক"},{"$i":"emMmiErrorMismatchPin","$v":"আপুনি টাইপ কৰা পিন মিলা নাই"},{"$i":"emMmiErrorInvalidPin","$v":"4 ৰ পৰা 8 সংখ্যাৰ এটা পিন টাইপ কৰক"},{"$i":"emMmiErrorNeedsPuk","$v":"আপোনাৰ চিম কাৰ্ড PUK লক হয়"},{"$i":"emMmiErrorEnablePin","$v":"অসফল ৷ SIM/RUIM লক সক্ষম কৰক"},{"$i":"emMmiErrorMmiFdn","$v":"কেৱল ফিক্সড ডায়েলিং নম্বৰৰ কাৰণেহে অপাৰেচন প্ৰতিবন্ধিত কৰা হৈছে"},{"$i":"emMmiErrorStkCcUssdDial","$v":"USSD অনুৰোধক ডায়েল অনুৰোধলৈ সংশোধন কৰা হৈছে ৷"},{"$i":"emMmiErrorStkCcUssdSs","$v":"USSD অনুৰোধক SS অনুৰোধলৈ সংশোধন কৰা হৈছে ৷"},{"$i":"emMmiErrorStkCcUssdUssd","$v":"USSD অনুৰোধক নতুন USSD অনুৰোধলৈ সংশোধন কৰা হৈছে ৷"},{"$i":"emMmiErrorStkCcSsDial","$v":"SS অনুৰোধ ডায়েল অনুৰোধলৈ সংশোধন কৰা হৈছে"},{"$i":"emMmiErrorStkCcSsUssd","$v":"SS অনুৰোধ USSD অনুৰোধলৈ সংশোধন কৰা হৈছে ৷"},{"$i":"emMmiErrorStkCcSsSs","$v":"SS অনুৰোধ নতুন SS অনুৰোধলৈ সংশোধন কৰা হৈছে"},{"$i":"emMmiErrorPinPukAttempts","$v":{"one":["কেৱল ",{"t":"idOrVar","v":"n"}," প্ৰচেষ্টা বাকী আছে"],"two":[{"t":"idOrVar","v":"n"}," প্ৰচেষ্টা বাকী আছে"],"few":[{"t":"idOrVar","v":"n"}," প্ৰচেষ্টা বাকী আছে"],"many":[{"t":"idOrVar","v":"n"}," প্ৰচেষ্টা বাকী আছে"],"other":[{"t":"idOrVar","v":"n"}," প্ৰচেষ্টা বাকী আছে"]},"$x":[{"t":"idOrVar","v":"plural"},"n"]},{"$i":"emMmiErrorSimBlocked","$v":"পুনঃচেষ্টাৰ সৰ্বাধিক নম্বৰ অতিক্ৰম কৰিছে ৷ চিম ব্লক কৰা হৈছে"},{"$i":"RadioNotAvailable","$v":"ৰেডিঅ’ উপলব্ধ নহয়"},{"$i":"PasswordIncorrect","$v":"পাছৱৰ্ড অশুদ্ধ"},{"$i":"SimPin2","$v":"চিম পিন2"},{"$i":"SimPuk2","$v":"চিম PUK2"},{"$i":"RequestNotSupported","$v":"অনুৰোধ সমৰ্থিত নহয়"},{"$i":"OpNotAllowedDuringVoiceCall","$v":"ভইচ কল চলি থকা সময়ত অপাৰেচন অনুমোদিত নহয়"},{"$i":"SmsSendFailRetry","$v":"SMS প্ৰেৰণ কৰাত বিফল পুনঃচেষ্টা কৰক"},{"$i":"SimAbsent","$v":"চিম নাই"},{"$i":"SubscriptionNotAvailable","$v":"চাবস্ক্ৰিপচন উপলব্ধ নাই"},{"$i":"ModeNotSupported","$v":"মোড সমৰ্থিত নহয়"},{"$i":"FdnCheckFailure","$v":"Fdn পৰীক্ষা বিফল"},{"$i":"IllegalSimOrMe","$v":"অবৈধ চিম বা ME"},{"$i":"DialModifiedToUssd","$v":"USSD লৈ ডায়েল সংশোধিত কৰা হৈছে"},{"$i":"DialModifiedToSs","$v":"SS লৈ ডায়েল সংশোধিত কৰা হৈছে"},{"$i":"DialModifiedToDial","$v":"ডায়েললৈ ডায়েল সংশোধিত কৰা হৈছে"},{"$i":"UssdModifiedToDial","$v":"USSD ক ডায়েললৈ সংশোধন কৰা হৈছে"},{"$i":"UssdModifiedToSs","$v":"USSD ক SS লৈ সংশোধন কৰা হৈছে"},{"$i":"UssdModifiedToUssd","$v":"USSD ক USSD লৈ সংশোধন কৰা হৈছে"},{"$i":"SsModifiedToDial","$v":"SS ক ডায়েললৈ সংশোধন কৰা হৈছে"},{"$i":"SsModifiedToUssd","$v":"SS ক USSD লৈ সংশোধন কৰা হৈছে"},{"$i":"SsModifiedToSs","$v":"SS ক SS লৈ সংশোধন কৰা হৈছে"},{"$i":"SubscriptionNotSupported","$v":"চাবস্ক্ৰিপচন সমৰ্থিত নহয়"},{"$i":"InvalidParameter","$v":"অবৈধ পেৰামিটাৰ"},{"$i":"RejectedByRemote","$v":"ৰিম’টৰ দ্বাৰা নাকচ কৰিছে"},{"$i":"sim-with-index-and-carrier","$v":["চিম ",{"t":"idOrVar","v":"index"}," - ",{"t":"idOrVar","v":"carrier"}]},{"$i":"sim-without-carrier","$v":["চিম ",{"t":"idOrVar","v":"index"}]},{"$i":"label","$v":"লেবেল"},{"$i":"faxHome","$v":"হোমলৈ Fax কৰক"},{"$i":"faxOffice","$v":"কাৰ্য্যালয়লৈ Fax কৰক"},{"$i":"faxOther","$v":"আনক Fax কৰক"},{"$i":"another","$v":"অন্য"},{"$i":"other","$v":"অন্যান্য"},{"$i":"tcl-customTag","$v":"কাষ্টম টেগ"},{"$i":"customTag","$v":"কাষ্টম টেগ","placeholder":"কাষ্টম টেগ"},{"$i":"current","$v":"বৰ্তমান"},{"$i":"itemWithLabel","$v":[{"t":"idOrVar","v":"label"},", ",{"t":"idOrVar","v":"item"}]},{"$i":"weekday-0-long","$v":"দেওবাৰ"},{"$i":"weekday-1-long","$v":"সোমবাৰ"},{"$i":"weekday-2-long","$v":"মঙ্গলবাৰ"},{"$i":"weekday-3-long","$v":"বুধবাৰ"},{"$i":"weekday-4-long","$v":"বৃহস্পতিবাৰ"},{"$i":"weekday-5-long","$v":"শুক্ৰবাৰ"},{"$i":"weekday-6-long","$v":"শনিবাৰ"},{"$i":"weekday-0-short","$v":"দেও"},{"$i":"weekday-1-short","$v":"সোম"},{"$i":"weekday-2-short","$v":"মঙ্গল"},{"$i":"weekday-3-short","$v":"বুধ"},{"$i":"weekday-4-short","$v":"বৃহস্পতি"},{"$i":"weekday-5-short","$v":"শুক্ৰ"},{"$i":"weekday-6-short","$v":"শনি"},{"$i":"month-0-long","$v":"জানুৱাৰী"},{"$i":"month-1-long","$v":"ফেব্ৰুৱাৰী"},{"$i":"month-2-long","$v":"মাৰ্চ"},{"$i":"month-3-long","$v":"এপ্ৰিল"},{"$i":"month-4-long","$v":"মে"},{"$i":"month-5-long","$v":"জুন"},{"$i":"month-6-long","$v":"জুলাই"},{"$i":"month-7-long","$v":"আগষ্ট"},{"$i":"month-8-long","$v":"ছেপ্টেম্বৰ"},{"$i":"month-9-long","$v":"অক্টোবৰ"},{"$i":"month-10-long","$v":"নৱেম্বৰ"},{"$i":"month-11-long","$v":"ডিচেম্বৰ"},{"$i":"month-0-genitive","$v":"জানুৱাৰী"},{"$i":"month-1-genitive","$v":"ফেব্ৰুৱাৰী"},{"$i":"month-2-genitive","$v":"মাৰ্চ"},{"$i":"month-3-genitive","$v":"এপ্ৰিল"},{"$i":"month-4-genitive","$v":"মে"},{"$i":"month-5-genitive","$v":"জুন"},{"$i":"month-6-genitive","$v":"জুলাই"},{"$i":"month-7-genitive","$v":"আগষ্ট"},{"$i":"month-8-genitive","$v":"ছেপ্টেম্বৰ"},{"$i":"month-9-genitive","$v":"অক্টোবৰ"},{"$i":"month-10-genitive","$v":"নৱেম্বৰ"},{"$i":"month-11-genitive","$v":"ডিচেম্বৰ"},{"$i":"month-0-short","$v":"জানুৱাৰী"},{"$i":"month-1-short","$v":"ফেব্ৰুৱাৰী"},{"$i":"month-2-short","$v":"মাৰ্চ"},{"$i":"month-3-short","$v":"এপ্ৰিল"},{"$i":"month-4-short","$v":"মে"},{"$i":"month-5-short","$v":"জুন"},{"$i":"month-6-short","$v":"জুলাই"},{"$i":"month-7-short","$v":"আগষ্ট"},{"$i":"month-8-short","$v":"ছেপ্টেম্বৰ"},{"$i":"month-9-short","$v":"অক্টোবৰ"},{"$i":"month-10-short","$v":"নৱেম্বৰ"},{"$i":"month-11-short","$v":"ডিচেম্বৰ"},{"$i":"minutes-ago-long","$v":{"zero":"এইমাত্ৰ","one":"এক মিনিট আগতে","two":[{"t":"idOrVar","v":"value"}," মিনিট আগত"],"few":[{"t":"idOrVar","v":"value"}," মিনিট আগত"],"many":[{"t":"idOrVar","v":"value"}," মিনিট আগত"],"other":[{"t":"idOrVar","v":"value"}," মিনিট আগত"]},"$x":[{"t":"idOrVar","v":"plural"},"value"]},{"$i":"hours-ago-long","$v":{"zero":"এইমাত্ৰ","one":"এঘণ্টা আগতে","two":[{"t":"idOrVar","v":"value"}," ঘণ্টা আগত"],"few":[{"t":"idOrVar","v":"value"}," ঘণ্টা আগত"],"many":[{"t":"idOrVar","v":"value"}," ঘণ্টা আগত"],"other":[{"t":"idOrVar","v":"value"}," ঘণ্টা আগত"]},"$x":[{"t":"idOrVar","v":"plural"},"value"]},{"$i":"days-ago-long","$v":{"zero":"আজি","one":"যোৱাকালি","two":[{"t":"idOrVar","v":"value"}," দিন আগত"],"few":[{"t":"idOrVar","v":"value"}," দিন আগত"],"many":[{"t":"idOrVar","v":"value"}," দিন আগত"],"other":[{"t":"idOrVar","v":"value"}," দিন আগত"]},"$x":[{"t":"idOrVar","v":"plural"},"value"]},{"$i":"weeks-ago-long","$v":{"zero":"এইটো সপ্তাহ","one":"যোৱা সপ্তাহ","two":[{"t":"idOrVar","v":"value"}," সপ্তাহ আগত"],"few":[{"t":"idOrVar","v":"value"}," সপ্তাহ আগত"],"many":[{"t":"idOrVar","v":"value"}," সপ্তাহ আগত"],"other":[{"t":"idOrVar","v":"value"}," সপ্তাহ আগত"]},"$x":[{"t":"idOrVar","v":"plural"},"value"]},{"$i":"months-ago-long","$v":{"zero":"এইটো মাহ","one":"যোৱা মাহ","two":[{"t":"idOrVar","v":"value"}," মাহ আগত"],"few":[{"t":"idOrVar","v":"value"}," মাহ আগত"],"many":[{"t":"idOrVar","v":"value"}," মাহ আগত"],"other":[{"t":"idOrVar","v":"value"}," মাহ আগত"]},"$x":[{"t":"idOrVar","v":"plural"},"value"]},{"$i":"years-ago-long","$v":{"zero":"এইটো বছৰ","one":"যোৱা বছৰ","two":[{"t":"idOrVar","v":"value"}," বছৰ আগত"],"few":[{"t":"idOrVar","v":"value"}," বছৰ আগত"],"many":[{"t":"idOrVar","v":"value"}," বছৰ আগত"],"other":[{"t":"idOrVar","v":"value"}," বছৰ আগত"]},"$x":[{"t":"idOrVar","v":"plural"},"value"]},{"$i":"minutes-until-long","$v":{"zero":"এতিয়া","one":"এক মিনিটত","two":[{"t":"idOrVar","v":"value"}," মিনিটত"],"few":[{"t":"idOrVar","v":"value"}," মিনিটত"],"many":[{"t":"idOrVar","v":"value"}," মিনিটত"],"other":[{"t":"idOrVar","v":"value"}," মিনিটত"]},"$x":[{"t":"idOrVar","v":"plural"},"value"]},{"$i":"hours-until-long","$v":{"zero":"এতিয়া","one":"এক ঘণ্টাত","two":[{"t":"idOrVar","v":"value"}," ঘণ্টাত"],"few":[{"t":"idOrVar","v":"value"}," ঘণ্টাত"],"many":[{"t":"idOrVar","v":"value"}," ঘণ্টাত"],"other":[{"t":"idOrVar","v":"value"}," ঘণ্টাত"]},"$x":[{"t":"idOrVar","v":"plural"},"value"]},{"$i":"days-until-long","$v":{"zero":"আজি","one":"অহাকলি","two":[{"t":"idOrVar","v":"value"}," দিনত"],"few":[{"t":"idOrVar","v":"value"}," দিনত"],"many":[{"t":"idOrVar","v":"value"}," দিনত"],"other":[{"t":"idOrVar","v":"value"}," দিনত"]},"$x":[{"t":"idOrVar","v":"plural"},"value"]},{"$i":"weeks-until-long","$v":{"zero":"এইটো সপ্তাহ","one":"পৰৱৰ্তী সপ্তাহ","two":[{"t":"idOrVar","v":"value"}," সপ্তাহত"],"few":[{"t":"idOrVar","v":"value"}," সপ্তাহত"],"many":[{"t":"idOrVar","v":"value"}," সপ্তাহত"],"other":[{"t":"idOrVar","v":"value"}," সপ্তাহত"]},"$x":[{"t":"idOrVar","v":"plural"},"value"]},{"$i":"months-until-long","$v":{"zero":"এইটো মাহ","one":"পৰৱৰ্তী মাহ","two":[{"t":"idOrVar","v":"value"}," মাহত"],"few":[{"t":"idOrVar","v":"value"}," মাহত"],"many":[{"t":"idOrVar","v":"value"}," মাহত"],"other":[{"t":"idOrVar","v":"value"}," মাহত"]},"$x":[{"t":"idOrVar","v":"plural"},"value"]},{"$i":"years-until-long","$v":{"zero":"এইটো বছৰ","one":"পৰৱৰ্তী বছৰ","two":[{"t":"idOrVar","v":"value"}," বছৰত"],"few":[{"t":"idOrVar","v":"value"}," বছৰত"],"many":[{"t":"idOrVar","v":"value"}," বছৰত"],"other":[{"t":"idOrVar","v":"value"}," বছৰত"]},"$x":[{"t":"idOrVar","v":"plural"},"value"]},{"$i":"minutes-ago-short","$v":{"zero":"এইমাত্ৰ","other":[{"t":"idOrVar","v":"value"}," মিনিট আগত"]},"$x":[{"t":"idOrVar","v":"plural"},"value"]},{"$i":"hours-ago-short","$v":{"zero":"এইমাত্ৰ","other":[{"t":"idOrVar","v":"value"}," ঘণ্টা আগত"]},"$x":[{"t":"idOrVar","v":"plural"},"value"]},{"$i":"days-ago-short","$v":{"zero":"আজি","other":[{"t":"idOrVar","v":"value"}," দিন আগত"]},"$x":[{"t":"idOrVar","v":"plural"},"value"]},{"$i":"minutes-until-short","$v":{"zero":"এতিয়া","other":[{"t":"idOrVar","v":"value"}," মিনিটত"]},"$x":[{"t":"idOrVar","v":"plural"},"value"]},{"$i":"hours-until-short","$v":{"zero":"এতিয়া","other":[{"t":"idOrVar","v":"value"}," ঘণ্টাত"]},"$x":[{"t":"idOrVar","v":"plural"},"value"]},{"$i":"days-until-short","$v":{"zero":"আজি","other":[{"t":"idOrVar","v":"value"}," দিনত"]},"$x":[{"t":"idOrVar","v":"plural"},"value"]},{"$i":"incorrectDate","$v":"(অশুদ্ধ তাৰিখ)"},{"$i":"dateTimeFormat_%c","$v":"%a %b %e %Y %I:%M:%S %p"},{"$i":"dateTimeFormat_%x","$v":"%m/%d/%Y"},{"$i":"dateTimeFormat_%X","$v":"%I:%M:%S %p"},{"$i":"shortTimeFormat","$v":"%I:%M %p"},{"$i":"shortTimeFormat12","$v":"%I:%M %p"},{"$i":"shortTimeFormat24","$v":"%H:%M"},{"$i":"shortDateTimeFormat","$v":"%x %I:%M %p"},{"$i":"weekStartsOnMonday","$v":"0"},{"$i":"firstDayOfTheWeek","$v":"0"},{"$i":"time_am","$v":"AM"},{"$i":"time_pm","$v":"PM"}]