[{"$i":"search-or-enter-address","placeholder":"तपाशो जां पता दर्ज करो"},{"$i":"delete-title","$v":[{"t":"idOrVar","v":"name"}," डिलीट करो"]},{"$i":"delete-body","$v":[{"t":"idOrVar","v":"name"}," ते उसदा सबूरा डेटा डिलीट करी दित्ता जाह्‌ग।"]},{"$i":"delete","$v":"हटाना"},{"$i":"cancel","$v":"रद्द करो"},{"$i":"menu","$v":"मेनू"},{"$i":"notifications","$v":"अलर्ट"},{"$i":"speed-dial","$v":"स्पीड डायल"},{"$i":"select","$v":"चुनो"},{"$i":"favorite","$v":"पसंदीदा"},{"$i":"unfavorite","$v":"नापसंद"},{"$i":"ok","$v":"ठीक ऐ"},{"$i":"edit","$v":"एडिट"},{"$i":"call","$v":"कॉल"},{"$i":"message","$v":"संदेश"},{"$i":"options","$v":"विकल्प"},{"$i":"assign","$v":"निर्धारत करना"},{"$i":"remove","$v":"हटाना"},{"$i":"replace","$v":"बदलो"},{"$i":"more","$v":"होर"},{"$i":"settings","$v":"सेटिंग्स"},{"$i":"contacts","$v":"कन्टेक्ट"},{"$i":"voicemail","$v":"वॉयसमेल"},{"$i":"speed-dial-not-empty","ariaLabel":[{"t":"idOrVar","v":"order"},", ",{"t":"idOrVar","v":"name"}]},{"$i":"speed-dial-empty","ariaLabel":[{"t":"idOrVar","v":"order"},", खाली"]},{"$i":"remove-speed-dial","$v":["क्या तुस जकीनी तौर पर स्पीड डायल से ",{"t":"idOrVar","v":"name"}," हटाना चांह्​दे ओ?"]},{"$i":"replace-speed-dial","$v":["क्या तुस जकीनी तौर पर ",{"t":"idOrVar","v":"name"}," गी ",{"t":"idOrVar","v":"subName"}," कन्नै बदलना चांह्​दे ओ?"]},{"$i":"assign-speed-dial","$v":["बटन ",{"t":"idOrVar","v":"n"}," पर स्पीड डायल दे रूप च रावता नेईं जोड़ेआ गेआ हा। हून निर्धारत करो?"]},{"$i":"assign-voicemail","$v":"वायस मेल नंबर सेट नेईं कीता गेआ ऐ।"},{"$i":"alert-for-contacts-without-number","$v":"उपलब्ध फोन नंबर कन्नै कोई बी रावते नेईं न।"},{"$i":"option-remove","$v":"स्पीड डायल थमां हटाओ"},{"$i":"option-replace","$v":"बदलो"},{"$i":"all-apps","$v":"सब्भै-ऐप्स"},{"$i":"add-to-existing-contact","$v":"मौजूदा रावते च जोड़ो"},{"$i":"create-new-contact","$v":"नमां रावता बनाओ"},{"$i":"sending","$v":"भेजै  करदा ऐ…"},{"$i":"callAirplaneModeTitle","$v":"ब्हाई ज्हाज मोड सक्रिय ऐ"},{"$i":"callAirplaneModeMessage","$v":"काल करने लेई तुसेंगी सेटिंगें च ब्हाई-ज्हाज मोड नकारा करना होग।"},{"$i":"emergencyDialogTitle","$v":"नेटवर्क कनेक्शन नेईं ऐ"},{"$i":"emergencyDialogBodyBadNumber","$v":"काल करने लेई, फोन गी कुसै नेटवर्क कन्नै कनेक्ट होना चाहिदा।"},{"$i":"emergencyDialogBodyDeviceNotAccepted","$v":"नेटवर्क आसेआ अपातकाली कालें दी मंजूरी नेईं ऐ।"},{"$i":"invalidNumberToDialTitle","$v":"अमान्य फोन नंबर"},{"$i":"invalidNumberToDialMessage","$v":"थुआढ़े आसेआ काल कीता गेदा फोन नंबर मान्य नेईं ऐ।"},{"$i":"emergency-call-only","$v":"सिर्फ अपातकाली कालां"},{"$i":"emergency-call-error","$v":[{"t":"idOrVar","v":"number"}," अपातकाली नंबर नेईं ऐ।"]},{"$i":"numberIsBusyTitle","$v":"नंबर मसरूफ ऐ"},{"$i":"numberIsBusyMessage","$v":"नंबर इसलै मसरूफ ऐ। मगरा परतियै कोशिश करो।"},{"$i":"fdnIsActiveTitle","$v":"FDN सक्रिय"},{"$i":"fdnIsActiveMessage","$v":["FDN (फिक्स्ड डायलिंग नंबर) सक्रिय ऐ ते एह् नंबर थुआढ़ी FDN सूची च नेईं ऐ: ",{"t":"idOrVar","v":"number"}]},{"$i":"otherConnectionInUseTitle","$v":"बरतून च होर कनेक्शन"},{"$i":"otherConnectionInUseMessage","$v":"थुआढ़े कोल दूये कनेक्शन पर सक्रिय काल ऐ। तुस इक बेल्लै सिर्फ इक्कै कनेक्शन दी बरतून करी सकदे ओ।"},{"$i":"GenericFailure","$v":"सामान्य असफलता"},{"$i":"CallFailed","$v":"काल असफल"},{"$i":"scCallBarring","$v":"काल प्रतिबंधित"},{"$i":"scCallForwarding","$v":"काल फारवर्डिंग"},{"$i":"scClip","$v":"इनकमिंग कालर ID"},{"$i":"scClir","$v":"आउटगोइंग कालर ID"},{"$i":"scPwd","$v":"पासवर्ड बदलाव"},{"$i":"scCallWaiting","$v":"काल इंतजार च ऐ"},{"$i":"scPin","$v":"PIN बदलाव"},{"$i":"scPin2","$v":"पिन 2 बदलाव"},{"$i":"scPuk","$v":"पिन अन-ब्लाक करो"},{"$i":"scPuk2","$v":"पिन 2 अन-ब्लाक करो"},{"$i":"scImei","$v":"IMEI"},{"$i":"scMeid","$v":"MEID"},{"$i":"scUssd","$v":"USSD"},{"$i":"personal","$v":"निजी"},{"$i":"mobile","$v":"मोबाइल"},{"$i":"home","$v":"होम"},{"$i":"work","$v":"कारज"},{"$i":"fax-home","$v":"फैक्स होम"},{"$i":"fax-office","$v":"फैक्स दफ्तर"},{"$i":"fax-other","$v":"फैक्स होर"},{"$i":"homescreen-settings","$v":"होमस्क्रीन सेटिंगां"},{"$i":"change-wallpaper","$v":"वालपेपर बदलो"},{"$i":"add-smart-collections","$v":"स्मार्ट संग्रैह् जोड़ो"},{"$i":"edit-mode","$v":"एडिट"},{"$i":"edit-done","$v":"होई गेआ"},{"$i":"stop-download-title","$v":[{"t":"idOrVar","v":"name"}," बंद करो"]},{"$i":"stop-download-body","$v":"क्या तुस प्रगति च डाउनलोड रोकना चांह्​दे ओ?"},{"$i":"stop-download-action","$v":"रूको"},{"$i":"resume-download-title","$v":"डाउनलोड मुड़-शुरू करो"},{"$i":"resume-download-body","$v":["क्या तुस ",{"t":"idOrVar","v":"name"},"  डाउनलोड करना चांह्​दे ओ?"]},{"$i":"resume-download-action","$v":"डाउनलोड"},{"$i":"edit-group-header","$v":"ग्रुप एडिट करो"},{"$i":"tcl-wallpaper-changed","$v":"वालपेपर बदलेआ गेआ"},{"$i":"gaia-shortcut-app-updated","$v":"ऐप अपडेट कीता गेआ"},{"$i":"clocks-updated","$v":"घड़ियां अपडेटड न"},{"$i":"longDateFormat","$v":"%A, %b %e"},{"$i":"app-title","$v":"मेरे ऐप्स"},{"$i":"app-uninstall","$v":[{"t":"idOrVar","v":"name"},"  अनइंस्टाल कीता गेआ हा"]},{"$i":"confirmation","$v":"पुश्टिकरण"},{"$i":"call-forwarding-async","$v":["अतुल्यकालिक: ",{"t":"idOrVar","v":"async"}]},{"$i":"call-forwarding-data","$v":["डेटाः ",{"t":"idOrVar","v":"data"}]},{"$i":"call-forwarding-error","$v":"काल फारवर्डिंग स्थिति मुड़-हासल करदे बेल्लै त्रुटि होई"},{"$i":"call-forwarding-fax","$v":["FAX: ",{"t":"idOrVar","v":"fax"}]},{"$i":"call-forwarding-inactive","$v":"निश्क्रिय"},{"$i":"call-forwarding-packet","$v":["पैकेट: ",{"t":"idOrVar","v":"packet"}]},{"$i":"call-forwarding-pad","$v":["PAD: ",{"t":"idOrVar","v":"pad"}]},{"$i":"call-forwarding-sms","$v":["SMS: ",{"t":"idOrVar","v":"sms"}]},{"$i":"call-forwarding-status","$v":"काल फारवर्डिंग स्थिति"},{"$i":"call-forwarding-sync","$v":["सिंगक्रनस: ",{"t":"idOrVar","v":"sync"}]},{"$i":"call-forwarding-voice","$v":["वायस: ",{"t":"idOrVar","v":"voice"}]},{"$i":"serviceClassVoice","$v":"वायस"},{"$i":"serviceClassData","$v":"डेटा"},{"$i":"serviceClassFax","$v":"FAX"},{"$i":"serviceClassSms","$v":"SMS"},{"$i":"serviceClassDataSync","$v":"सिंक करो"},{"$i":"serviceClassDataAsync","$v":"एसिंक"},{"$i":"serviceClassPacket","$v":"पैकेट"},{"$i":"serviceClassPad","$v":"PAD"},{"$i":"smServiceEnabled","$v":"सेवा समर्थ ही"},{"$i":"smServiceDisabled","$v":"सेवा नकारा करी दित्ती गेई ऐ"},{"$i":"smServiceRegistered","$v":"पंजीकरण सफल रेहा"},{"$i":"smServiceErased","$v":"म्हेसना सफल हा"},{"$i":"smServiceInterrogated","$v":"अनुरोध सफल हा"},{"$i":"smServiceNotProvisioned","$v":"सेवा गी प्रावधान नेईं कीता गेआ"},{"$i":"smClirPermanent","$v":"तुस कालर ID सेटिंग नेईं बदली सकदे"},{"$i":"smClirDefaultOnNextCallOn","$v":"कालर ID प्रतिबंधत करने लेई डिफाल्ट। अगली काल: वर्जत"},{"$i":"smClirDefaultOnNextCallOff","$v":"कालर ID प्रतिबंधत करने लेई डिफाल्ट। अगली काल: वर्जत नेईं"},{"$i":"smClirDefaultOffNextCallOn","$v":"कालर ID डिफाल्ट रूप कन्नै वर्जत नेईं ऐ। अगली काल: वर्जत"},{"$i":"smClirDefaultOffNextCallOff","$v":"कालर ID डिफाल्ट रूप कन्नै वर्जत नेईं ऐ। अगली काल: वर्जत नेईं"},{"$i":"smServiceEnabledFor","$v":":लेई सेवा समर्थ कीता गेई ही"},{"$i":"smPinChanged","$v":"पिन सफलतापूर्वक बदलेआ गेआ"},{"$i":"smPinUnblocked","$v":"पिन सफलतापूर्वक अनब्लाक कीता गेआ"},{"$i":"smPin2Changed","$v":"पिन 2 सफलतापूर्वक बदली गेआ"},{"$i":"smPin2Unblocked","$v":"पिन 2 सफलतापूर्वक अनब्लाक कीता गेआ"},{"$i":"ServiceIsEnabled","$v":"सेवा समर्थ ऐ"},{"$i":"ServiceIsDisabled","$v":"सेवा नकारा ऐ"},{"$i":"ServiceIsEnabledFor","$v":"इसदे लेई सेवा समर्थ ऐ:"},{"$i":"emMmiError","$v":"कनेक्शन समस्या जां अमान्य MMI कोड"},{"$i":"emMmiErrorPasswordIncorrect","$v":"गलत पासवर्ड"},{"$i":"emMmiErrorNotSupported","$v":"अमान्य जां असमर्थत MMI कोड"},{"$i":"emMmiErrorInvalidAction","$v":"अमान्य कार्रवाई"},{"$i":"emMmiErrorInvalidScCode","$v":"अमान्य सेवा कोड"},{"$i":"emMmiErrorBadPuk","$v":"थुआढ़े आसेआ टाइप कीता गेआ PUK स्हेई नेईं ऐ"},{"$i":"emMmiErrorBadPin","$v":"थुआढ़े आसेआ टाइप कीता गेदा पराना पिन स्हेई नेईं ऐ।"},{"$i":"emMmiErrorNeedPuk2","$v":"सिम कार्ड अन-ब्लाक करने लेई PUK2 टाइप करो"},{"$i":"emMmiErrorMismatchPin","$v":"थुआढ़े आसेआ टाइप कीते गेदे पिन मेल नेईं खंदे न"},{"$i":"emMmiErrorInvalidPin","$v":"4 थमां 8 नंबर आह्‌ला पिन टाइप करो"},{"$i":"emMmiErrorNeedsPuk","$v":"थुआढ़ा सिम कार्ड PUK- लाक ऐ"},{"$i":"emMmiErrorEnablePin","$v":"असफल। सिम / RUIM लाक समर्थ करो"},{"$i":"emMmiErrorMmiFdn","$v":"प्रक्रिया फिक्सड डायलिंग नंबरें लेई गै सीमत ऐ"},{"$i":"emMmiErrorStkCcUssdDial","$v":"USSD आवेदन DIAL आवेदन च संशोधत कीता गेआ ऐ।"},{"$i":"emMmiErrorStkCcUssdSs","$v":"USSD आवेदन SS आवेदन च संशोधत कीता गेआ ऐ।"},{"$i":"emMmiErrorStkCcUssdUssd","$v":"USSD अनुरोध गी नमें USSD अनुरोध च संशोधत कीता गेआ ऐ"},{"$i":"emMmiErrorStkCcSsDial","$v":"SS अनुरोध डायल अनुरोध च संशोधत कीता गेआ ऐ"},{"$i":"emMmiErrorStkCcSsUssd","$v":"SS अनुरोध USSD अनुरोध च संशोधत कीता गेआ ऐ"},{"$i":"emMmiErrorStkCcSsSs","$v":"SS अनुरोध गी नमें SS अनुरोध च संशोधत कीता गेआ ऐ"},{"$i":"emMmiErrorPinPukAttempts","$v":{"one":["सिर्फ ",{"t":"idOrVar","v":"n"}," कोशश बाकी ऐ"],"two":[{"t":"idOrVar","v":"n"}," मुड़-कोशिशां बाकी न"],"few":[{"t":"idOrVar","v":"n"}," मुड़-कोशिशां बाकी न"],"many":[{"t":"idOrVar","v":"n"}," मुड़-कोशिशां बाकी न"],"other":[{"t":"idOrVar","v":"n"}," मुड़-कोशिशां बाकी न"]},"$x":[{"t":"idOrVar","v":"plural"},"n"]},{"$i":"emMmiErrorSimBlocked","$v":"मुड़-कोशिशें दी बद्धो-बद्ध संख्या पार होई गेई। सिम ब्लाक ऐ"},{"$i":"RadioNotAvailable","$v":"रेडियो उपलब्ध नेईं ऐ"},{"$i":"PasswordIncorrect","$v":"गलत पासवर्ड"},{"$i":"SimPin2","$v":"सिम पिन 2"},{"$i":"SimPuk2","$v":"सिम PUK2"},{"$i":"RequestNotSupported","$v":"अनुरोध समर्थत नेईं ऐ"},{"$i":"OpNotAllowedDuringVoiceCall","$v":"वायसकाल दरान प्रक्रिया दी मंजूरी नेईं"},{"$i":"SmsSendFailRetry","$v":"SMS भेजना असफल मुड़-कोशिश"},{"$i":"SimAbsent","$v":"सिम गैर-हाजर"},{"$i":"SubscriptionNotAvailable","$v":"सदस्यता उपलब्ध नेईं ऐ"},{"$i":"ModeNotSupported","$v":"मोड समर्थत नेईं"},{"$i":"FdnCheckFailure","$v":"FDN जांच असफलता"},{"$i":"IllegalSimOrMe","$v":"अवैध सिम जां ME"},{"$i":"DialModifiedToUssd","$v":"डायल USSD करने लेई संशोधत"},{"$i":"DialModifiedToSs","$v":"डायल SS करने लेई संशोधत"},{"$i":"DialModifiedToDial","$v":"डायल करने लेई डायल संशोधत"},{"$i":"UssdModifiedToDial","$v":"USSD डायल करने लेई संशोधत"},{"$i":"UssdModifiedToSs","$v":"USSD गी SS च संशोधत कीता गेआ"},{"$i":"UssdModifiedToUssd","$v":"USSD गी USSD च संशोधत कीता गेआ"},{"$i":"SsModifiedToDial","$v":"SS गी डायल करने लेई संशोधत कीता गेआ"},{"$i":"SsModifiedToUssd","$v":"SS गी USSD च संशोधत कीता गेआ"},{"$i":"SsModifiedToSs","$v":"SS गी SS च संशोधत कीता गेआ"},{"$i":"SubscriptionNotSupported","$v":"सदस्यता समर्थत नेईं ऐ"},{"$i":"InvalidParameter","$v":"अमान्य पैरामीटर"},{"$i":"RejectedByRemote","$v":"रिमोट आसेआ नां-मंजूर"},{"$i":"sim-with-index-and-carrier","$v":["सिम",{"t":"idOrVar","v":"index"}," -",{"t":"idOrVar","v":"carrier"}]},{"$i":"sim-without-carrier","$v":["सिम ",{"t":"idOrVar","v":"index"}]},{"$i":"label","$v":"लेबल"},{"$i":"faxHome","$v":"फैक्स होम"},{"$i":"faxOffice","$v":"फैक्स दफ्तर"},{"$i":"faxOther","$v":"फैक्स होर"},{"$i":"another","$v":"इक होर"},{"$i":"other","$v":"होर"},{"$i":"tcl-customTag","$v":"कस्टम टैग"},{"$i":"customTag","$v":"कस्टम टैग","placeholder":"कस्टम टैग"},{"$i":"current","$v":"मौजूदा"},{"$i":"itemWithLabel","$v":[{"t":"idOrVar","v":"label"},", ",{"t":"idOrVar","v":"item"}]},{"$i":"weekday-0-long","$v":"ऐतवार"},{"$i":"weekday-1-long","$v":"सोमवार"},{"$i":"weekday-2-long","$v":"मंगलवार"},{"$i":"weekday-3-long","$v":"बुधवार"},{"$i":"weekday-4-long","$v":"बीरवार"},{"$i":"weekday-5-long","$v":"शुक्रवार"},{"$i":"weekday-6-long","$v":"शनिवार"},{"$i":"weekday-0-short","$v":"ऐत"},{"$i":"weekday-1-short","$v":"सोम"},{"$i":"weekday-2-short","$v":"मंगल"},{"$i":"weekday-3-short","$v":"वेब"},{"$i":"weekday-4-short","$v":"वीर"},{"$i":"weekday-5-short","$v":"शुक्र"},{"$i":"weekday-6-short","$v":"शनि"},{"$i":"month-0-long","$v":"जनवरी"},{"$i":"month-1-long","$v":"फरवरी"},{"$i":"month-2-long","$v":"मार्च"},{"$i":"month-3-long","$v":"अप्रैल"},{"$i":"month-4-long","$v":"मई"},{"$i":"month-5-long","$v":"जून"},{"$i":"month-6-long","$v":"जुलाई"},{"$i":"month-7-long","$v":"अगस्त"},{"$i":"month-8-long","$v":"सितंबर"},{"$i":"month-9-long","$v":"अक्टूबर"},{"$i":"month-10-long","$v":"नवंबर"},{"$i":"month-11-long","$v":"दिसंबर"},{"$i":"month-0-genitive","$v":"जनवरी"},{"$i":"month-1-genitive","$v":"फरवरी"},{"$i":"month-2-genitive","$v":"मार्च"},{"$i":"month-3-genitive","$v":"अप्रैल"},{"$i":"month-4-genitive","$v":"मई"},{"$i":"month-5-genitive","$v":"जून"},{"$i":"month-6-genitive","$v":"जुलाई"},{"$i":"month-7-genitive","$v":"अगस्त"},{"$i":"month-8-genitive","$v":"सितंबर"},{"$i":"month-9-genitive","$v":"अक्टूबर"},{"$i":"month-10-genitive","$v":"नवंबर"},{"$i":"month-11-genitive","$v":"दिसंबर"},{"$i":"month-0-short","$v":"जनवरी"},{"$i":"month-1-short","$v":"फरवरी"},{"$i":"month-2-short","$v":"मार्च"},{"$i":"month-3-short","$v":"अप्रैल"},{"$i":"month-4-short","$v":"मई"},{"$i":"month-5-short","$v":"जून"},{"$i":"month-6-short","$v":"जुलाई"},{"$i":"month-7-short","$v":"अगस्त"},{"$i":"month-8-short","$v":"सितम्बर"},{"$i":"month-9-short","$v":"अक्टूबर"},{"$i":"month-10-short","$v":"नवंबर"},{"$i":"month-11-short","$v":"दिसंबर"},{"$i":"minutes-ago-long","$v":{"zero":"हूनै","one":"इक मिनट पैह्‌ले","two":[{"t":"idOrVar","v":"value"}," मिनट पैह्‌ले"],"few":[{"t":"idOrVar","v":"value"}," मिनट पैह्‌ले"],"many":[{"t":"idOrVar","v":"value"}," मिनट पैह्‌ले"],"other":[{"t":"idOrVar","v":"value"}," मिनट पैह्‌ले"]},"$x":[{"t":"idOrVar","v":"plural"},"value"]},{"$i":"hours-ago-long","$v":{"zero":"हूनै","one":"इक घैंटा पैह्‌ले","two":[{"t":"idOrVar","v":"value"}," घैंटे पैह्‌ले"],"few":[{"t":"idOrVar","v":"value"}," घैंटे पैह्‌ले"],"many":[{"t":"idOrVar","v":"value"}," घैंटे पैह्‌ले"],"other":[{"t":"idOrVar","v":"value"}," घैंटे पैह्‌ले"]},"$x":[{"t":"idOrVar","v":"plural"},"value"]},{"$i":"days-ago-long","$v":{"zero":"अज्ज","one":"कल","two":[{"t":"idOrVar","v":"value"}," दिन पैह्‌ले"],"few":[{"t":"idOrVar","v":"value"}," दिन पैह्‌ले"],"many":[{"t":"idOrVar","v":"value"}," दिन पैह्‌ले"],"other":[{"t":"idOrVar","v":"value"}," दिन पैह्‌ले"]},"$x":[{"t":"idOrVar","v":"plural"},"value"]},{"$i":"weeks-ago-long","$v":{"zero":"इस हफ्ते","one":"पिछले हफ्ते","two":[{"t":"idOrVar","v":"value"}," हफ्ते पैह्‌ले"],"few":[{"t":"idOrVar","v":"value"}," हफ्ते पैह्‌ले"],"many":[{"t":"idOrVar","v":"value"}," हफ्ते पैह्‌ले"],"other":[{"t":"idOrVar","v":"value"}," हफ्ते पैह्‌ले"]},"$x":[{"t":"idOrVar","v":"plural"},"value"]},{"$i":"months-ago-long","$v":{"zero":"इस म्हीने","one":"पिछले म्हीने","two":[{"t":"idOrVar","v":"value"}," म्हीने पैह्‌ले"],"few":[{"t":"idOrVar","v":"value"}," म्हीने पैह्‌ले"],"many":[{"t":"idOrVar","v":"value"}," म्हीने पैह्‌ले"],"other":[{"t":"idOrVar","v":"value"}," म्हीने पैह्‌ले"]},"$x":[{"t":"idOrVar","v":"plural"},"value"]},{"$i":"years-ago-long","$v":{"zero":"इस ब'रे","one":"पिछले ब'रे","two":[{"t":"idOrVar","v":"value"}," ब'रे पैह्‌ले"],"few":[{"t":"idOrVar","v":"value"}," ब'रे पैह्‌ले"],"many":[{"t":"idOrVar","v":"value"}," ब'रे पैह्‌ले"],"other":[{"t":"idOrVar","v":"value"}," ब'रे पैह्‌ले"]},"$x":[{"t":"idOrVar","v":"plural"},"value"]},{"$i":"minutes-until-long","$v":{"zero":"हून","one":"इक मिनट च","two":[{"t":"idOrVar","v":"value"}," मिनटें च"],"few":[{"t":"idOrVar","v":"value"}," मिनटें च"],"many":[{"t":"idOrVar","v":"value"}," मिनटें च"],"other":[{"t":"idOrVar","v":"value"}," मिनटें च"]},"$x":[{"t":"idOrVar","v":"plural"},"value"]},{"$i":"hours-until-long","$v":{"zero":"हून","one":"इक घैंटे च","two":[{"t":"idOrVar","v":"value"}," घैंटें च"],"few":[{"t":"idOrVar","v":"value"}," घैंटें च"],"many":[{"t":"idOrVar","v":"value"}," घैंटें च"],"other":[{"t":"idOrVar","v":"value"}," घैंटें च"]},"$x":[{"t":"idOrVar","v":"plural"},"value"]},{"$i":"days-until-long","$v":{"zero":"अज्ज","one":"कल","two":[{"t":"idOrVar","v":"value"}," दिनें च"],"few":[{"t":"idOrVar","v":"value"}," दिनें च"],"many":[{"t":"idOrVar","v":"value"}," दिनें च"],"other":[{"t":"idOrVar","v":"value"}," दिनें च"]},"$x":[{"t":"idOrVar","v":"plural"},"value"]},{"$i":"weeks-until-long","$v":{"zero":"इस हफ्ते","one":"अगले हफ्ते","two":[{"t":"idOrVar","v":"value"},"हफ्तें च"],"few":[{"t":"idOrVar","v":"value"},"हफ्तें च"],"many":[{"t":"idOrVar","v":"value"},"हफ्तें च"],"other":[{"t":"idOrVar","v":"value"},"हफ्तें च"]},"$x":[{"t":"idOrVar","v":"plural"},"value"]},{"$i":"months-until-long","$v":{"zero":"इस म्हीने","one":"अगले म्हीने","two":[{"t":"idOrVar","v":"value"}," म्हीनें च"],"few":[{"t":"idOrVar","v":"value"}," म्हीनें च"],"many":[{"t":"idOrVar","v":"value"}," म्हीनें च"],"other":[{"t":"idOrVar","v":"value"}," म्हीनें च"]},"$x":[{"t":"idOrVar","v":"plural"},"value"]},{"$i":"years-until-long","$v":{"zero":"इस ब'रे","one":"अगले ब'रे","two":[{"t":"idOrVar","v":"value"},"ब'रें च"],"few":[{"t":"idOrVar","v":"value"},"ब'रें च"],"many":[{"t":"idOrVar","v":"value"},"ब'रें च"],"other":[{"t":"idOrVar","v":"value"},"ब'रें च"]},"$x":[{"t":"idOrVar","v":"plural"},"value"]},{"$i":"minutes-ago-short","$v":{"zero":"हूनै","other":[{"t":"idOrVar","v":"value"}," मिनट पैह्‌ले"]},"$x":[{"t":"idOrVar","v":"plural"},"value"]},{"$i":"hours-ago-short","$v":{"zero":"हूनै","other":[{"t":"idOrVar","v":"value"}," घैंटे पैह्‌ले"]},"$x":[{"t":"idOrVar","v":"plural"},"value"]},{"$i":"days-ago-short","$v":{"zero":"अज्ज","other":[{"t":"idOrVar","v":"value"}," दिन पैह्‌ले"]},"$x":[{"t":"idOrVar","v":"plural"},"value"]},{"$i":"minutes-until-short","$v":{"zero":"हून","other":[{"t":"idOrVar","v":"value"},"मिनटें च"]},"$x":[{"t":"idOrVar","v":"plural"},"value"]},{"$i":"hours-until-short","$v":{"zero":"हून","other":[{"t":"idOrVar","v":"value"}," घैंटें च"]},"$x":[{"t":"idOrVar","v":"plural"},"value"]},{"$i":"days-until-short","$v":{"zero":"अज्ज","other":[{"t":"idOrVar","v":"value"},"दिनें च"]},"$x":[{"t":"idOrVar","v":"plural"},"value"]},{"$i":"incorrectDate","$v":"(गलत तरीक)"},{"$i":"dateTimeFormat_%c","$v":"%a %b %e %Y %I:%M:%S %p"},{"$i":"dateTimeFormat_%x","$v":"%m/%d/%Y"},{"$i":"dateTimeFormat_%X","$v":"%I:%M:%S %p"},{"$i":"shortTimeFormat","$v":"%I:%M %p"},{"$i":"shortTimeFormat12","$v":"%I:%M %p"},{"$i":"shortTimeFormat24","$v":"%H:%M"},{"$i":"shortDateTimeFormat","$v":"%x %I:%M %p"},{"$i":"weekStartsOnMonday","$v":"0"},{"$i":"firstDayOfTheWeek","$v":"0"},{"$i":"time_am","$v":"AM"},{"$i":"time_pm","$v":"PM"}]