[{"$i":"search-or-enter-address","placeholder":"શોધો સરનામું અથવા દાખલ કરો"},{"$i":"delete-title","$v":[{"t":"idOrVar","v":"name"}," દુર કરો"]},{"$i":"delete-body","$v":[{"t":"idOrVar","v":"name"}," અને તેનો તમામ ડેટા કાઢી નાખવામાં આવશે."]},{"$i":"delete","$v":"કાઢો"},{"$i":"cancel","$v":"રદ કરો"},{"$i":"menu","$v":"મેન્યુ"},{"$i":"notifications","$v":"એલર્ટ"},{"$i":"speed-dial","$v":"સ્પીડ ડાયલ"},{"$i":"select","$v":"પસંદ કરો"},{"$i":"favorite","$v":"મનપસંદ"},{"$i":"unfavorite","$v":"પસંદગીમાંથી દૂર કરો"},{"$i":"ok","$v":"ઑકે"},{"$i":"edit","$v":"સંપાદિત કરો"},{"$i":"call","$v":"કોલ કરો"},{"$i":"message","$v":"સંદેશ"},{"$i":"options","$v":"વિકલ્પ"},{"$i":"assign","$v":"અસાઇન કરો"},{"$i":"remove","$v":"દૂર કરો"},{"$i":"replace","$v":"બદલો"},{"$i":"more","$v":"વધુ"},{"$i":"settings","$v":"સેટિંગ્સ"},{"$i":"contacts","$v":"સંપર્કો"},{"$i":"voicemail","$v":"વૉઇસમેઇલ"},{"$i":"speed-dial-not-empty","ariaLabel":[{"t":"idOrVar","v":"order"},", ",{"t":"idOrVar","v":"name"}]},{"$i":"speed-dial-empty","ariaLabel":[{"t":"idOrVar","v":"order"},", ખાલી"]},{"$i":"remove-speed-dial","$v":["શું તમે સ્પીડ ડાયલમાંથી ",{"t":"idOrVar","v":"name"}," દૂર કરવા માંગો છો?"]},{"$i":"replace-speed-dial","$v":["શું તમે ",{"t":"idOrVar","v":"name"},"ને ",{"t":"idOrVar","v":"subName"}," સાથે બદલવા માંગો છો?"]},{"$i":"assign-speed-dial","$v":[{"t":"idOrVar","v":"n"}," બટન પર સ્પીડ ડાયલ તરીકે સંપર્ક ઉમેરવામાં આવ્યો ન હતો. શું હવે અસાઇન કરીએ?"]},{"$i":"assign-voicemail","$v":"વૉઇસમેઇલ નંબર સેટ કરવામાં આવ્યો નથી."},{"$i":"alert-for-contacts-without-number","$v":"ઉપલબ્ધ ફોન નંબર સાથે કોઈ સંપર્ક નથી"},{"$i":"option-remove","$v":"સ્પીડ ડાયલમાંથી દૂર કરો"},{"$i":"option-replace","$v":"બદલો"},{"$i":"all-apps","$v":"દરેક-એપ"},{"$i":"add-to-existing-contact","$v":"મોજૂદ સંપર્કમાં ઉમેરો"},{"$i":"create-new-contact","$v":"નવો સંપર્ક બનાવો"},{"$i":"sending","$v":"મોકલી રહ્યા છીએ…"},{"$i":"callAirplaneModeTitle","$v":"એરપ્લેન મોડ સક્રિય કરવામાં આવ્યો"},{"$i":"callAirplaneModeMessage","$v":"કૉલ કરવા માટે તમને સેટિંગ્સમાં એરપ્લેન મોડ અક્ષમ કરવાની જરૂર છે."},{"$i":"emergencyDialogTitle","$v":"કોઇ નેટવર્ક કનેક્શન નથી"},{"$i":"emergencyDialogBodyBadNumber","$v":"કૉલ કરવા માટે, ફોન નેટવર્ક સાથે કનેક્ટ કરેલો હોવો જોઈએ."},{"$i":"emergencyDialogBodyDeviceNotAccepted","$v":"આપાતકાલીન કૉલ્સ નેટવર્ક દ્વારા સ્વીકાર્ય નથી."},{"$i":"invalidNumberToDialTitle","$v":"અમાન્ય ફોન નંબર"},{"$i":"invalidNumberToDialMessage","$v":"જે ફોન નંબર પર તમે કૉલ કરી રહ્યાં છો તે માન્ય નથી."},{"$i":"emergency-call-only","$v":"ફક્ત આપાતકાલીન કોલ્સ"},{"$i":"emergency-call-error","$v":[{"t":"idOrVar","v":"number"}," એ એકઆપાતકાલીન નંબર નથી."]},{"$i":"numberIsBusyTitle","$v":"નંબર વ્યસ્ત છે"},{"$i":"numberIsBusyMessage","$v":"નંબર હાલમાં વ્યસ્ત છે. કૃપા કરી ફરી પ્રયત્ન કરવા વિનંતી."},{"$i":"fdnIsActiveTitle","$v":"FDN સક્રિય"},{"$i":"fdnIsActiveMessage","$v":["FDN (ફિક્સ્ડ ડાયલિંગ નંબર) સક્રિય કરેલ છે અને નીચે આપેલ નંબર તમારી FDN લિસ્ટમાં નથી: ",{"t":"idOrVar","v":"number"}]},{"$i":"otherConnectionInUseTitle","$v":"અન્ય કનેક્શન ઉપયોગમાં છે"},{"$i":"otherConnectionInUseMessage","$v":"તમારી પાસે બીજા કનેક્શન પર એક સક્રિય કૉલ છે. તમે એક સમયે ફક્ત એક જ કનેક્શનનો ઉપયોગ કરી શકો છો."},{"$i":"GenericFailure","$v":"સામાન્ય નિષ્ફળતા"},{"$i":"CallFailed","$v":"કૉલ નિષ્ફળ થયો"},{"$i":"scCallBarring","$v":"કૉલ બેરિંગ"},{"$i":"scCallForwarding","$v":"કૉલ ફોરવર્ડિંગ"},{"$i":"scClip","$v":"ઇનકમિંગ કૉલર ID"},{"$i":"scClir","$v":"આઉટગોઇંગ કૉલર ID"},{"$i":"scPwd","$v":"પાસવર્ડ બદલો"},{"$i":"scCallWaiting","$v":"કૉલ પ્રતીક્ષામાં છે"},{"$i":"scPin","$v":"પિન બદલો"},{"$i":"scPin2","$v":"પિન2 બદલો"},{"$i":"scPuk","$v":"પિન અનબ્લોક કરો"},{"$i":"scPuk2","$v":"પિન2 અનબ્લોક કરો"},{"$i":"scImei","$v":"IMEI"},{"$i":"scMeid","$v":"MEID"},{"$i":"scUssd","$v":"USSD"},{"$i":"personal","$v":"વ્યક્તિગત"},{"$i":"mobile","$v":"મોબાઇલ"},{"$i":"home","$v":"ઘર"},{"$i":"work","$v":"વર્ક"},{"$i":"fax-home","$v":"Fax  હોમ"},{"$i":"fax-office","$v":"Fax  ઓફિસ"},{"$i":"fax-other","$v":"અન્ય Fax"},{"$i":"homescreen-settings","$v":"હોમસ્ક્રીન સેટિંગ્સ"},{"$i":"change-wallpaper","$v":"વોલપેપર બદલો"},{"$i":"add-smart-collections","$v":"સ્માર્ટ સંગ્રહો ઉમેરો"},{"$i":"edit-mode","$v":"સંપાદિત કરો"},{"$i":"edit-done","$v":"થઈ ગયું"},{"$i":"stop-download-title","$v":[{"t":"idOrVar","v":"name"}," રોકો"]},{"$i":"stop-download-body","$v":"શું તમે ચાલુ ડાઉનલોડ રોકવા માંગો છો?"},{"$i":"stop-download-action","$v":"રોકો"},{"$i":"resume-download-title","$v":"ડાઉનલોડનો પુનઃપ્રારંભ કરો"},{"$i":"resume-download-body","$v":["શું તમે ",{"t":"idOrVar","v":"name"}," ડાઉનલોડ કરવા માંગો છો?"]},{"$i":"resume-download-action","$v":"ડાઉનલોડ કરો"},{"$i":"edit-group-header","$v":"જૂથ સંપાદિત કરો"},{"$i":"tcl-wallpaper-changed","$v":"વૉલપેપર બદલવામાં આવ્યો"},{"$i":"gaia-shortcut-app-updated","$v":"એપ અપડેટ કરવામાં આવી"},{"$i":"clocks-updated","$v":"ઘડિયાળ અપડેટ કરવામાં આવ્યા"},{"$i":"longDateFormat","$v":"%A, %b %e"},{"$i":"app-title","$v":"મારા એપ"},{"$i":"app-uninstall","$v":[{"t":"idOrVar","v":"name"}," અનઇન્સ્ટોલ કરવામાં આવ્યું"]},{"$i":"confirmation","$v":"ખાતરી"},{"$i":"call-forwarding-async","$v":["અસમકાલિક: ",{"t":"idOrVar","v":"async"}]},{"$i":"call-forwarding-data","$v":["ડેટા: ",{"t":"idOrVar","v":"data"}]},{"$i":"call-forwarding-error","$v":"કૉલ ફોરવર્ડિંગ સ્થિતિ પુનર્પ્રાપ્ત કરતી વખતે એક ત્રુટિ આવી"},{"$i":"call-forwarding-fax","$v":["FAX: ",{"t":"idOrVar","v":"fax"}]},{"$i":"call-forwarding-inactive","$v":"નિષ્ક્રિય"},{"$i":"call-forwarding-packet","$v":["પેકેટ: ",{"t":"idOrVar","v":"packet"}]},{"$i":"call-forwarding-pad","$v":["PAD: ",{"t":"idOrVar","v":"pad"}]},{"$i":"call-forwarding-sms","$v":["SMS: ",{"t":"idOrVar","v":"sms"}]},{"$i":"call-forwarding-status","$v":"કૉલ ફોરવર્ડિંગ સ્થિતિ"},{"$i":"call-forwarding-sync","$v":["સમકાલિક: ",{"t":"idOrVar","v":"sync"}]},{"$i":"call-forwarding-voice","$v":["વૉઇસ: ",{"t":"idOrVar","v":"voice"}]},{"$i":"serviceClassVoice","$v":"વૉઇસ"},{"$i":"serviceClassData","$v":"ડેટા"},{"$i":"serviceClassFax","$v":"FAX"},{"$i":"serviceClassSms","$v":"SMS"},{"$i":"serviceClassDataSync","$v":"સિંક"},{"$i":"serviceClassDataAsync","$v":"અસિંક"},{"$i":"serviceClassPacket","$v":"પૅકેટ"},{"$i":"serviceClassPad","$v":"PAD"},{"$i":"smServiceEnabled","$v":"સેવા સક્ષમ કરવામાં આવી હતી"},{"$i":"smServiceDisabled","$v":"સેવા અક્ષમ છે"},{"$i":"smServiceRegistered","$v":"નોંધણી સફળ રહી"},{"$i":"smServiceErased","$v":"ઈરેઝ કરવાનું સફળ રહ્યું"},{"$i":"smServiceInterrogated","$v":"વિનંતી સફળ રહી"},{"$i":"smServiceNotProvisioned","$v":"સેવાની જોગવાઈ કરવામાં આવી નથી"},{"$i":"smClirPermanent","$v":"તમે કૉલર ID સેટિંગ બદલી શકતા નથી"},{"$i":"smClirDefaultOnNextCallOn","$v":"કોલર ID ડિફૉલ્ટ રૂપે પ્રતિબંધિત છે. પછીનો કોલ: પ્રતિબંધિત"},{"$i":"smClirDefaultOnNextCallOff","$v":"કોલર ID ડિફૉલ્ટ રૂપે પ્રતિબંધિત છે. પછીનો કોલ: પ્રતિબંધિત નથી."},{"$i":"smClirDefaultOffNextCallOn","$v":"કોલર ID ડિફૉલ્ટ રૂપે પ્રતિબંધિત નથી. પછીનો કોલ: પ્રતિબંધિત"},{"$i":"smClirDefaultOffNextCallOff","$v":"કોલર ID ડિફૉલ્ટ રૂપે પ્રતિબંધિત નથી. પછીનો કોલ: પ્રતિબંધિત નથી."},{"$i":"smServiceEnabledFor","$v":"સેવા માટે સક્ષમ કરી:"},{"$i":"smPinChanged","$v":"પિન સફળતાપૂર્વક બદલવામાં આવ્યો"},{"$i":"smPinUnblocked","$v":"પિન સફળતાપૂર્વક અનાવરોધિત કરવામાં આવ્યો"},{"$i":"smPin2Changed","$v":"પિન2 સફળતાપૂર્વક બદલવામાં આવ્યો"},{"$i":"smPin2Unblocked","$v":"પિન2 સફળતાપૂર્વક અનાવરોધિત કરવામાં આવ્યો"},{"$i":"ServiceIsEnabled","$v":"સેવા સક્ષમ છે"},{"$i":"ServiceIsDisabled","$v":"સેવા અક્ષમ છે"},{"$i":"ServiceIsEnabledFor","$v":"સેવા સક્ષમ કરેલ છે:"},{"$i":"emMmiError","$v":"કનેક્શન સમસ્યા અથવા અમાન્ય MMI કોડ"},{"$i":"emMmiErrorPasswordIncorrect","$v":"ખોટો પાસવર્ડ"},{"$i":"emMmiErrorNotSupported","$v":"અમાન્ય અથવા અસમર્થિત MMI કોડ"},{"$i":"emMmiErrorInvalidAction","$v":"અમાન્ય કાર્યવાહી"},{"$i":"emMmiErrorInvalidScCode","$v":"અમાન્ય સેવા કોડ"},{"$i":"emMmiErrorBadPuk","$v":"તમે લખેલો PUK સાચો નથી"},{"$i":"emMmiErrorBadPin","$v":"તમે લખેલ જૂનો પિન સાચો નથી."},{"$i":"emMmiErrorNeedPuk2","$v":"સિમ કાર્ડ અનાવરોધિત કરવા માટે PUK2 લખો"},{"$i":"emMmiErrorMismatchPin","$v":"તમારાં દ્વારા લખેલ પિન મેળ ખાતા નથી"},{"$i":"emMmiErrorInvalidPin","$v":"4 થી 8 નંબર હોય એવો કોઈ પિન લખો"},{"$i":"emMmiErrorNeedsPuk","$v":"તમારું સિમ કાર્ડ PUK- લૉક કરેલ છે"},{"$i":"emMmiErrorEnablePin","$v":"અસફળ. SIM/RUIM લૉક સક્ષમ કરો"},{"$i":"emMmiErrorMmiFdn","$v":"ઑપરેશન ફક્ત ફિક્સડ ડાયલિંગ નંબર માટે પ્રતિબંધિત છે"},{"$i":"emMmiErrorStkCcUssdDial","$v":"USSD વિનંતીને ડાયલ વિનંતી પર સંશોધિત કરી."},{"$i":"emMmiErrorStkCcUssdSs","$v":"USSD વિનંતીને SS વિનંતી પર સંશોધિત કરી."},{"$i":"emMmiErrorStkCcUssdUssd","$v":"USSD વિનંતીને નવી USSD વિનંતી પર સંશોધિત કરી."},{"$i":"emMmiErrorStkCcSsDial","$v":"SS વિનંતી ડાયલ વિનંતી પર સંશોધિત કરવામાં આવી"},{"$i":"emMmiErrorStkCcSsUssd","$v":"SS વિનંતીને USSD વિનંતી પર સંશોધિત કરી."},{"$i":"emMmiErrorStkCcSsSs","$v":"SS વિનંતી નવી SS વિનંતી પર સંશોધિત કરવામાં આવી"},{"$i":"emMmiErrorPinPukAttempts","$v":{"one":["માત્ર ",{"t":"idOrVar","v":"n"}," પુનઃપ્રયાસ બાકી"],"two":[{"t":"idOrVar","v":"n"}," પુનઃપ્રયાસો બાકી"],"few":[{"t":"idOrVar","v":"n"}," પુનઃપ્રયાસો બાકી"],"many":[{"t":"idOrVar","v":"n"}," પુનઃપ્રયાસો બાકી"],"other":[{"t":"idOrVar","v":"n"}," પુનઃપ્રયાસો બાકી"]},"$x":[{"t":"idOrVar","v":"plural"},"n"]},{"$i":"emMmiErrorSimBlocked","$v":"પુનઃપ્રયાસોની મહત્તમ સંખ્યા ઓળંગાઈ ગઈ છે. સિમ અવરોધિત કરવામાં આવ્યું"},{"$i":"RadioNotAvailable","$v":"રેડિયો ઉપલબ્ધ નથી"},{"$i":"PasswordIncorrect","$v":"પાસવર્ડ ખોટો છે"},{"$i":"SimPin2","$v":"સિમ પિન2"},{"$i":"SimPuk2","$v":"સિમ PUK2"},{"$i":"RequestNotSupported","$v":"વિનંતી સમર્થિત નથી"},{"$i":"OpNotAllowedDuringVoiceCall","$v":"વૉઇસ કૉલ દરમિયાન ઑપરેશનની મંજૂરી નથી"},{"$i":"SmsSendFailRetry","$v":"SMS મોકલવાનું નિષ્ફળ,પુનઃપ્રયાસ કરો"},{"$i":"SimAbsent","$v":"સિમ નથી"},{"$i":"SubscriptionNotAvailable","$v":"સબ્સ્ક્રિપ્શન ઉપલબ્ધ નથી"},{"$i":"ModeNotSupported","$v":"મોડ સમર્થિત નથી"},{"$i":"FdnCheckFailure","$v":"FDN તપાસમાં નિષ્ફળતા"},{"$i":"IllegalSimOrMe","$v":"ગેરકાયદેસર સિમ અથવા ME"},{"$i":"DialModifiedToUssd","$v":"ડાયલ ને સંશોધિત કરી USSD પર કરવામાં આવ્યું"},{"$i":"DialModifiedToSs","$v":"ડાયલ ને સંશોધિત કરી SS પર કરવામાં આવ્યું"},{"$i":"DialModifiedToDial","$v":"ડાયલ ને સંશોધિત કરી ડાયલ કરવામાં આવ્યું"},{"$i":"UssdModifiedToDial","$v":"USSD ડાયલ પર સંશોધિત કરવામાં આવ્યું"},{"$i":"UssdModifiedToSs","$v":"USSDને SS પર સંશોધિત કરવામાં આવ્યું"},{"$i":"UssdModifiedToUssd","$v":"USSDને USSD પર સંશોધિત કરવામાં આવ્યું"},{"$i":"SsModifiedToDial","$v":"SS ડાયલ પર સંશોધિત કરવામાં આવ્યું"},{"$i":"SsModifiedToUssd","$v":"SSને USSD પર સંશોધિત કરવામાં આવ્યું"},{"$i":"SsModifiedToSs","$v":"SSને SS પર સંશોધિત કરવામાં આવ્યું"},{"$i":"SubscriptionNotSupported","$v":"સબ્સ્ક્રિપ્શન સમર્થિત નથી"},{"$i":"InvalidParameter","$v":"અમાન્ય પેરામીટર"},{"$i":"RejectedByRemote","$v":"રિમોટ દ્વારા અસ્વીકૃત"},{"$i":"sim-with-index-and-carrier","$v":["સિમ ",{"t":"idOrVar","v":"index"}," - ",{"t":"idOrVar","v":"carrier"}]},{"$i":"sim-without-carrier","$v":["સિમ",{"t":"idOrVar","v":"index"}]},{"$i":"label","$v":"લેબલ"},{"$i":"faxHome","$v":"Fax  હોમ"},{"$i":"faxOffice","$v":"Fax  ઓફિસ"},{"$i":"faxOther","$v":"અન્ય Fax"},{"$i":"another","$v":"અન્ય"},{"$i":"other","$v":"અન્ય"},{"$i":"tcl-customTag","$v":"કસ્ટમ ટૅગ"},{"$i":"customTag","$v":"કસ્ટમ ટૅગ","placeholder":"કસ્ટમ ટૅગ"},{"$i":"current","$v":"વર્તમાન"},{"$i":"itemWithLabel","$v":[{"t":"idOrVar","v":"label"},", ",{"t":"idOrVar","v":"item"}]},{"$i":"weekday-0-long","$v":"રવિવાર"},{"$i":"weekday-1-long","$v":"સોમવાર"},{"$i":"weekday-2-long","$v":"મંગળવાર"},{"$i":"weekday-3-long","$v":"બુધવાર"},{"$i":"weekday-4-long","$v":"ગુરૂવાર"},{"$i":"weekday-5-long","$v":"શુક્રવાર"},{"$i":"weekday-6-long","$v":"શનિવાર"},{"$i":"weekday-0-short","$v":"રવિ"},{"$i":"weekday-1-short","$v":"સોમ"},{"$i":"weekday-2-short","$v":"મંગળ"},{"$i":"weekday-3-short","$v":"બુધ"},{"$i":"weekday-4-short","$v":"ગુરુ"},{"$i":"weekday-5-short","$v":"શુક્રવાર"},{"$i":"weekday-6-short","$v":"શનિ"},{"$i":"month-0-long","$v":"જાન્યુઆરી"},{"$i":"month-1-long","$v":"ફેબ્રુઆરી"},{"$i":"month-2-long","$v":"માર્ચ"},{"$i":"month-3-long","$v":"એપ્રિલ"},{"$i":"month-4-long","$v":"મે"},{"$i":"month-5-long","$v":"જૂન"},{"$i":"month-6-long","$v":"જુલાઈ"},{"$i":"month-7-long","$v":"ઓગસ્ટ"},{"$i":"month-8-long","$v":"સપ્ટેમ્બર"},{"$i":"month-9-long","$v":"ઓક્ટોબર"},{"$i":"month-10-long","$v":"નવેમ્બર"},{"$i":"month-11-long","$v":"ડિસેમ્બર"},{"$i":"month-0-genitive","$v":"જાન્યુઆરી"},{"$i":"month-1-genitive","$v":"ફેબ્રુઆરી"},{"$i":"month-2-genitive","$v":"માર્ચ"},{"$i":"month-3-genitive","$v":"એપ્રિલ"},{"$i":"month-4-genitive","$v":"મે"},{"$i":"month-5-genitive","$v":"જૂન"},{"$i":"month-6-genitive","$v":"જુલાઈ"},{"$i":"month-7-genitive","$v":"ઓગસ્ટ"},{"$i":"month-8-genitive","$v":"સપ્ટેમ્બર"},{"$i":"month-9-genitive","$v":"ઓક્ટોબર"},{"$i":"month-10-genitive","$v":"નવેમ્બર"},{"$i":"month-11-genitive","$v":"ડિસેમ્બર"},{"$i":"month-0-short","$v":"જાન્યુઆરી"},{"$i":"month-1-short","$v":"ફેબ્રુઆરી"},{"$i":"month-2-short","$v":"માર્ચ"},{"$i":"month-3-short","$v":"એપ્રિલ"},{"$i":"month-4-short","$v":"મે"},{"$i":"month-5-short","$v":"જૂન"},{"$i":"month-6-short","$v":"જુલાઈ"},{"$i":"month-7-short","$v":"ઓગસ્ટ"},{"$i":"month-8-short","$v":"સપ્ટેમ્બર"},{"$i":"month-9-short","$v":"ઓક્ટોબર"},{"$i":"month-10-short","$v":"નવેમ્બર"},{"$i":"month-11-short","$v":"ડિસેમ્બર"},{"$i":"minutes-ago-long","$v":{"zero":"અત્યારે જ","one":"એક મિનિટ પહેલાં","two":[{"t":"idOrVar","v":"value"}," મિનિટ પહેલા"],"few":[{"t":"idOrVar","v":"value"}," મિનિટ પહેલા"],"many":[{"t":"idOrVar","v":"value"}," મિનિટ પહેલા"],"other":[{"t":"idOrVar","v":"value"}," મિનિટ પહેલા"]},"$x":[{"t":"idOrVar","v":"plural"},"value"]},{"$i":"hours-ago-long","$v":{"zero":"અત્યારે જ","one":"એક કલાક પહેલાં","two":[{"t":"idOrVar","v":"value"}," કલાક પહેલા"],"few":[{"t":"idOrVar","v":"value"}," કલાક પહેલા"],"many":[{"t":"idOrVar","v":"value"}," કલાક પહેલા"],"other":[{"t":"idOrVar","v":"value"}," કલાક પહેલા"]},"$x":[{"t":"idOrVar","v":"plural"},"value"]},{"$i":"days-ago-long","$v":{"zero":"આજે","one":"ગઈકાલ","two":[{"t":"idOrVar","v":"value"}," દિવસ પહેલા"],"few":[{"t":"idOrVar","v":"value"}," દિવસ પહેલા"],"many":[{"t":"idOrVar","v":"value"}," દિવસ પહેલા"],"other":[{"t":"idOrVar","v":"value"}," દિવસ પહેલા"]},"$x":[{"t":"idOrVar","v":"plural"},"value"]},{"$i":"weeks-ago-long","$v":{"zero":"આ અઠવાડિયું","one":"ગયા અઠવાડિયે","two":[{"t":"idOrVar","v":"value"}," અઠવાડિયા પહેલા"],"few":[{"t":"idOrVar","v":"value"}," અઠવાડિયા પહેલા"],"many":[{"t":"idOrVar","v":"value"}," અઠવાડિયા પહેલા"],"other":[{"t":"idOrVar","v":"value"}," અઠવાડિયા પહેલા"]},"$x":[{"t":"idOrVar","v":"plural"},"value"]},{"$i":"months-ago-long","$v":{"zero":"આ મહિનો","one":"ગયા મહિને","two":[{"t":"idOrVar","v":"value"}," મહિના પહેલા"],"few":[{"t":"idOrVar","v":"value"}," મહિના પહેલા"],"many":[{"t":"idOrVar","v":"value"}," મહિના પહેલા"],"other":[{"t":"idOrVar","v":"value"}," મહિના પહેલા"]},"$x":[{"t":"idOrVar","v":"plural"},"value"]},{"$i":"years-ago-long","$v":{"zero":"આ વર્ષ","one":"ગયા વર્ષે","two":[{"t":"idOrVar","v":"value"}," વર્ષ પહેલા"],"few":[{"t":"idOrVar","v":"value"}," વર્ષ પહેલા"],"many":[{"t":"idOrVar","v":"value"}," વર્ષ પહેલા"],"other":[{"t":"idOrVar","v":"value"}," વર્ષ પહેલા"]},"$x":[{"t":"idOrVar","v":"plural"},"value"]},{"$i":"minutes-until-long","$v":{"zero":"હમણાં","one":"એક મિનિટમાં","two":[{"t":"idOrVar","v":"value"}," મિનિટમાં"],"few":[{"t":"idOrVar","v":"value"}," મિનિટમાં"],"many":[{"t":"idOrVar","v":"value"}," મિનિટમાં"],"other":[{"t":"idOrVar","v":"value"}," મિનિટમાં"]},"$x":[{"t":"idOrVar","v":"plural"},"value"]},{"$i":"hours-until-long","$v":{"zero":"હમણાં","one":"એક કલાકમાં","two":[{"t":"idOrVar","v":"value"}," કલાકમાં"],"few":[{"t":"idOrVar","v":"value"}," કલાકમાં"],"many":[{"t":"idOrVar","v":"value"}," કલાકમાં"],"other":[{"t":"idOrVar","v":"value"}," કલાકમાં"]},"$x":[{"t":"idOrVar","v":"plural"},"value"]},{"$i":"days-until-long","$v":{"zero":"આજે","one":"આવતીકાલ","two":[{"t":"idOrVar","v":"value"}," દિવસમાં"],"few":[{"t":"idOrVar","v":"value"}," દિવસમાં"],"many":[{"t":"idOrVar","v":"value"}," દિવસમાં"],"other":[{"t":"idOrVar","v":"value"}," દિવસમાં"]},"$x":[{"t":"idOrVar","v":"plural"},"value"]},{"$i":"weeks-until-long","$v":{"zero":"આ અઠવાડિયું","one":"આગળનું અઠવાડિયું","two":[{"t":"idOrVar","v":"value"}," અઠવાડિયામાં"],"few":[{"t":"idOrVar","v":"value"}," અઠવાડિયામાં"],"many":[{"t":"idOrVar","v":"value"}," અઠવાડિયામાં"],"other":[{"t":"idOrVar","v":"value"}," અઠવાડિયામાં"]},"$x":[{"t":"idOrVar","v":"plural"},"value"]},{"$i":"months-until-long","$v":{"zero":"આ મહિનો","one":"આગળનો મહિનો","two":[{"t":"idOrVar","v":"value"}," મહિનામાં"],"few":[{"t":"idOrVar","v":"value"}," મહિનામાં"],"many":[{"t":"idOrVar","v":"value"}," મહિનામાં"],"other":[{"t":"idOrVar","v":"value"}," મહિનામાં"]},"$x":[{"t":"idOrVar","v":"plural"},"value"]},{"$i":"years-until-long","$v":{"zero":"આ વર્ષ","one":"આગળનું વર્ષ","two":[{"t":"idOrVar","v":"value"}," વર્ષમાં"],"few":[{"t":"idOrVar","v":"value"}," વર્ષમાં"],"many":[{"t":"idOrVar","v":"value"}," વર્ષમાં"],"other":[{"t":"idOrVar","v":"value"}," વર્ષમાં"]},"$x":[{"t":"idOrVar","v":"plural"},"value"]},{"$i":"minutes-ago-short","$v":{"zero":"અત્યારે જ","other":[{"t":"idOrVar","v":"value"},"મિનિટ પહેલા"]},"$x":[{"t":"idOrVar","v":"plural"},"value"]},{"$i":"hours-ago-short","$v":{"zero":"અત્યારે જ","other":[{"t":"idOrVar","v":"value"},"કલાક પહેલા"]},"$x":[{"t":"idOrVar","v":"plural"},"value"]},{"$i":"days-ago-short","$v":{"zero":"આજે","other":[{"t":"idOrVar","v":"value"},"દિવસ પહેલા"]},"$x":[{"t":"idOrVar","v":"plural"},"value"]},{"$i":"minutes-until-short","$v":{"zero":"હમણાં","other":[{"t":"idOrVar","v":"value"},"મિનિટ માં"]},"$x":[{"t":"idOrVar","v":"plural"},"value"]},{"$i":"hours-until-short","$v":{"zero":"હમણાં","other":[{"t":"idOrVar","v":"value"},"કલાક માં"]},"$x":[{"t":"idOrVar","v":"plural"},"value"]},{"$i":"days-until-short","$v":{"zero":"આજે","other":[{"t":"idOrVar","v":"value"},"દિવસ માં"]},"$x":[{"t":"idOrVar","v":"plural"},"value"]},{"$i":"incorrectDate","$v":"(ખોટી તારીખ)"},{"$i":"dateTimeFormat_%c","$v":"%a %b %e %Y %I:%M:%S %p"},{"$i":"dateTimeFormat_%x","$v":"%m/%d/%Y"},{"$i":"dateTimeFormat_%X","$v":"%I:%M:%S %p"},{"$i":"shortTimeFormat","$v":"%I:%M %p"},{"$i":"shortTimeFormat12","$v":"%I:%M %p"},{"$i":"shortTimeFormat24","$v":"%H:%M"},{"$i":"shortDateTimeFormat","$v":"%x %I:%M %p"},{"$i":"weekStartsOnMonday","$v":"0"},{"$i":"firstDayOfTheWeek","$v":"0"},{"$i":"time_am","$v":"AM"},{"$i":"time_pm","$v":"PM"}]