[{"$i":"search-or-enter-address","placeholder":"खोजें या पता दर्ज करें"},{"$i":"delete-title","$v":[{"t":"idOrVar","v":"name"}," हटाएं"]},{"$i":"delete-body","$v":[{"t":"idOrVar","v":"name"}," और इसका सारा डेटा हटा दिया जाएगा।"]},{"$i":"delete","$v":"हटाएँ"},{"$i":"cancel","$v":"रद्द करना"},{"$i":"menu","$v":"मेन्यू"},{"$i":"notifications","$v":"अलर्ट"},{"$i":"speed-dial","$v":"स्पीड डायल"},{"$i":"select","$v":"चुनिए"},{"$i":"favorite","$v":"पसंदीदा"},{"$i":"unfavorite","$v":"पसंदीदा से हटाएं"},{"$i":"ok","$v":"ठीक हैं"},{"$i":"edit","$v":"संपादित करें"},{"$i":"call","$v":"कॉल करें"},{"$i":"message","$v":"संदेश"},{"$i":"options","$v":"विकल्प"},{"$i":"assign","$v":"असाइन करें"},{"$i":"remove","$v":"हटाएं"},{"$i":"replace","$v":"बदलें"},{"$i":"more","$v":"अधिक"},{"$i":"settings","$v":"सेटिंग्स"},{"$i":"contacts","$v":"संपर्क"},{"$i":"voicemail","$v":"वॉयसमेल"},{"$i":"speed-dial-not-empty","ariaLabel":[{"t":"idOrVar","v":"order"},", ",{"t":"idOrVar","v":"name"}]},{"$i":"speed-dial-empty","ariaLabel":[{"t":"idOrVar","v":"order"},", खाली"]},{"$i":"remove-speed-dial","$v":["क्या आप ",{"t":"idOrVar","v":"name"}," को स्पीड डायल से हटाना चाहते हैं ?"]},{"$i":"replace-speed-dial","$v":["क्या आप ",{"t":"idOrVar","v":"name"}," को ",{"t":"idOrVar","v":"subName"}," से बदलना चाहते हैं?"]},{"$i":"assign-speed-dial","$v":["संपर्क को ",{"t":"idOrVar","v":"n"}," बटन पर स्पीड डायल के रूप में नहीं जोड़ा गया था। अभी असाइन करें ?"]},{"$i":"assign-voicemail","$v":"वॉयस मेल नंबर सेट नहीं किया गया हैं।"},{"$i":"alert-for-contacts-without-number","$v":"उपलब्ध फ़ोन नंबर के साथ कोई संपर्क नहीं हैं"},{"$i":"option-remove","$v":"स्पीड डायल से हटाएँ"},{"$i":"option-replace","$v":"बदलें"},{"$i":"all-apps","$v":"सभी-ऐप"},{"$i":"add-to-existing-contact","$v":"मौजूदा संपर्क में जोड़ें"},{"$i":"create-new-contact","$v":"नया संपर्क बनाएँ"},{"$i":"sending","$v":"भेजा जा रहा हैं…"},{"$i":"callAirplaneModeTitle","$v":"एयरप्लेन मोड सक्रिय किया गया"},{"$i":"callAirplaneModeMessage","$v":"कॉल करने के लिए आपको सेटिंगस में जाकर एयरप्लेन मोड को अक्षम करना होगा।"},{"$i":"emergencyDialogTitle","$v":"कोई नेटवर्क कनेक्शन नहीं हैं"},{"$i":"emergencyDialogBodyBadNumber","$v":"कॉल करने के लिए, फ़ोन को किसी नेटवर्क से कनेक्ट करना चाहिए।"},{"$i":"emergencyDialogBodyDeviceNotAccepted","$v":"नेटवर्क द्वारा आपातकालीन कॉल की अनुमति नहीं हैं।"},{"$i":"invalidNumberToDialTitle","$v":"अमान्य फ़ोन नंबर"},{"$i":"invalidNumberToDialMessage","$v":"आप जिस फ़ोन नंबर पर कॉल कर रहे हैं, वह मान्य नहीं हैं।"},{"$i":"emergency-call-only","$v":"केवल आपातकालीन कॉल"},{"$i":"emergency-call-error","$v":[{"t":"idOrVar","v":"number"}," आपातकालीन नंबर नहीं हैं।"]},{"$i":"numberIsBusyTitle","$v":"नंबर व्यस्त हैं"},{"$i":"numberIsBusyMessage","$v":"नंबर वर्तमान में व्यस्त हैं। कृपया पुनः प्रयास करें।"},{"$i":"fdnIsActiveTitle","$v":"FDN सक्रिय हैं"},{"$i":"fdnIsActiveMessage","$v":["FDN (फिक्स्ड डायलिंग नंबर) सक्रिय हैं और निम्न नंबर आपकी FDN लिस्ट में नहीं हैं: ",{"t":"idOrVar","v":"number"}]},{"$i":"otherConnectionInUseTitle","$v":"अन्य कनेक्शन उपयोग में हैं"},{"$i":"otherConnectionInUseMessage","$v":"आपके पास किसी अन्य कनेक्शन पर एक सक्रिय कॉल हैं। आप एक समय में केवल एक कनेक्शन का उपयोग कर सकते हैं।"},{"$i":"GenericFailure","$v":"सामान्य विफलता"},{"$i":"CallFailed","$v":"कॉल विफल रहा"},{"$i":"scCallBarring","$v":"कॉल प्रतिबंध"},{"$i":"scCallForwarding","$v":"कॉल फॉरवार्डिंग"},{"$i":"scClip","$v":"इनकमिंग कॉलर ID"},{"$i":"scClir","$v":"आउटगोइंग कॉलर ID"},{"$i":"scPwd","$v":"पासवर्ड बदलें"},{"$i":"scCallWaiting","$v":"कॉल प्रतीक्षा में हैं"},{"$i":"scPin","$v":"पिन बदलें"},{"$i":"scPin2","$v":"पिन2 बदलें"},{"$i":"scPuk","$v":"पिन अनब्लॉक करें"},{"$i":"scPuk2","$v":"पिन2 अनब्लॉक करें"},{"$i":"scImei","$v":"IMEI"},{"$i":"scMeid","$v":"MEID"},{"$i":"scUssd","$v":"USSD"},{"$i":"personal","$v":"व्यक्तिगत"},{"$i":"mobile","$v":"मोबाइल"},{"$i":"home","$v":"होम"},{"$i":"work","$v":"वर्क"},{"$i":"fax-home","$v":"Fax होम"},{"$i":"fax-office","$v":"Fax ऑफिस"},{"$i":"fax-other","$v":"अन्य Fax"},{"$i":"homescreen-settings","$v":"होमस्क्रीन सेटिंग्स"},{"$i":"change-wallpaper","$v":"वॉलपेपर बदलें"},{"$i":"add-smart-collections","$v":"स्मार्ट संग्रह जोड़ें"},{"$i":"edit-mode","$v":"संपादित करें"},{"$i":"edit-done","$v":"हो गया"},{"$i":"stop-download-title","$v":[{"t":"idOrVar","v":"name"}," रोकें"]},{"$i":"stop-download-body","$v":"क्या आप जारी डाउनलोड को रोकना चाहते हैं?"},{"$i":"stop-download-action","$v":"रोकें"},{"$i":"resume-download-title","$v":"डाउनलोड फिर से शुरू करें"},{"$i":"resume-download-body","$v":["क्या आप ",{"t":"idOrVar","v":"name"}," को डाउनलोड करना चाहते हैं?"]},{"$i":"resume-download-action","$v":"डाउनलोड करें"},{"$i":"edit-group-header","$v":"समूह संपादित करें"},{"$i":"tcl-wallpaper-changed","$v":"वॉलपेपर बदला गया"},{"$i":"gaia-shortcut-app-updated","$v":"ऐप अपडेट किया गया"},{"$i":"clocks-updated","$v":"घड़ि अपडेट हुई"},{"$i":"longDateFormat","$v":"%A, %b %e"},{"$i":"app-title","$v":"मेरे ऐप"},{"$i":"app-uninstall","$v":[{"t":"idOrVar","v":"name"}," को अनइंस्टॉल कर दिया गया था"]},{"$i":"confirmation","$v":"पुष्टिकरण"},{"$i":"call-forwarding-async","$v":["असिंक्रोन्स: ",{"t":"idOrVar","v":"async"}]},{"$i":"call-forwarding-data","$v":["डेटा: ",{"t":"idOrVar","v":"data"}]},{"$i":"call-forwarding-error","$v":"कॉल फॉरवर्ड स्थिति पुनर्प्राप्त करते समय एक त्रुटि हुई"},{"$i":"call-forwarding-fax","$v":["FAX: ",{"t":"idOrVar","v":"fax"}]},{"$i":"call-forwarding-inactive","$v":"निष्क्रिय"},{"$i":"call-forwarding-packet","$v":["पैकेट: ",{"t":"idOrVar","v":"packet"}]},{"$i":"call-forwarding-pad","$v":["PAD: ",{"t":"idOrVar","v":"pad"}]},{"$i":"call-forwarding-sms","$v":["SMS: ",{"t":"idOrVar","v":"sms"}]},{"$i":"call-forwarding-status","$v":"कॉल फॉरवर्डिंग स्थिति"},{"$i":"call-forwarding-sync","$v":["समकालिक: ",{"t":"idOrVar","v":"sync"}]},{"$i":"call-forwarding-voice","$v":["वॉयस: ",{"t":"idOrVar","v":"voice"}]},{"$i":"serviceClassVoice","$v":"ध्‍वनि"},{"$i":"serviceClassData","$v":"डेटा"},{"$i":"serviceClassFax","$v":"FAX"},{"$i":"serviceClassSms","$v":"SMS"},{"$i":"serviceClassDataSync","$v":"सिंक"},{"$i":"serviceClassDataAsync","$v":"असिंक"},{"$i":"serviceClassPacket","$v":"पैकेट"},{"$i":"serviceClassPad","$v":"PAD"},{"$i":"smServiceEnabled","$v":"सेवा सक्षम हुई"},{"$i":"smServiceDisabled","$v":"सेवा अक्षम हुई"},{"$i":"smServiceRegistered","$v":"पंजीकरण सफल रहा"},{"$i":"smServiceErased","$v":"मिटाना सफल रहा"},{"$i":"smServiceInterrogated","$v":"अनुरोध सफल रहा"},{"$i":"smServiceNotProvisioned","$v":"सेवा का प्रावधान नहीं हैं"},{"$i":"smClirPermanent","$v":"आप कॉलर ID सेटिंग्स नहीं बदल सकते"},{"$i":"smClirDefaultOnNextCallOn","$v":"कॉलर ID डिफॉल्ट के रूप में प्रतिबंधित हैं। अगला कॉल: प्रतिबंधित"},{"$i":"smClirDefaultOnNextCallOff","$v":"कॉलर ID डिफॉल्ट के रूप में प्रतिबंधित हैं। अगला कॉल: प्रतिबंधित नहीं"},{"$i":"smClirDefaultOffNextCallOn","$v":"कॉलर ID डिफॉल्ट के रूप में प्रतिबंधित नहीं हैं। अगला कॉल: प्रतिबंधित"},{"$i":"smClirDefaultOffNextCallOff","$v":"कॉलर ID डिफॉल्ट के रूप में प्रतिबंधित नहीं हैं। अगला कॉल: प्रतिबंधित नहीं"},{"$i":"smServiceEnabledFor","$v":"सेवा सक्षम हुई:"},{"$i":"smPinChanged","$v":"पिन सफलतापूर्वक बदला गया"},{"$i":"smPinUnblocked","$v":"पिन सफलतापूर्वक अनवरोधित किया गया"},{"$i":"smPin2Changed","$v":"पिन2 सफलतापूर्वक बदला गया"},{"$i":"smPin2Unblocked","$v":"पिन2 सफलतापूर्वक अनवरोधित किया गया"},{"$i":"ServiceIsEnabled","$v":"सेवा सक्षम हैं"},{"$i":"ServiceIsDisabled","$v":"सेवा अक्षम हैं"},{"$i":"ServiceIsEnabledFor","$v":"सेवा सक्षम हुई:"},{"$i":"emMmiError","$v":"कनेक्शन समस्या या अमान्य MMI कोड"},{"$i":"emMmiErrorPasswordIncorrect","$v":"गलत पासवर्ड"},{"$i":"emMmiErrorNotSupported","$v":"अमान्य या असमर्थित MMI कोड"},{"$i":"emMmiErrorInvalidAction","$v":"अमान्य कार्रवाई"},{"$i":"emMmiErrorInvalidScCode","$v":"अमान्य सेवा कोड"},{"$i":"emMmiErrorBadPuk","$v":"आपके द्वारा लिखा गया PUK सही नहीं हैं"},{"$i":"emMmiErrorBadPin","$v":"आपके द्वारा लिखा गया पुराना पिन सही नहीं हैं।"},{"$i":"emMmiErrorNeedPuk2","$v":"सिम कार्ड को अनब्लॉक करने के लिए PUK2 लिखें"},{"$i":"emMmiErrorMismatchPin","$v":"आपके द्वारा लिखे गए पिन मेल नहीं खा रहे"},{"$i":"emMmiErrorInvalidPin","$v":"4 से 8 संख्याओं का पिन लिखें"},{"$i":"emMmiErrorNeedsPuk","$v":"आपके सिम कार्ड में PUK लॉक हैं"},{"$i":"emMmiErrorEnablePin","$v":"असफल। SIM/RUIM लॉक सक्षम करें"},{"$i":"emMmiErrorMmiFdn","$v":"ऑपरेशन केवल फिक्सड डायलिंग नंबरों के लिए ही सीमित हैं"},{"$i":"emMmiErrorStkCcUssdDial","$v":"USSD अनुरोध को डायल अनुरोध में बदल दिया गया हैं ."},{"$i":"emMmiErrorStkCcUssdSs","$v":"USSD अनुरोध को SS अनुरोध में बदल दिया गया हैं ."},{"$i":"emMmiErrorStkCcUssdUssd","$v":"USSD अनुरोध को नए USSD अनुरोध में बदल दिया गया हैं ."},{"$i":"emMmiErrorStkCcSsDial","$v":"SS अनुरोध को बदल के डायल अनुरोध में बदल दिया गया हैं"},{"$i":"emMmiErrorStkCcSsUssd","$v":"SS अनुरोध को बदल के USSD अनुरोध में बदल दिया गया हैं"},{"$i":"emMmiErrorStkCcSsSs","$v":"SS अनुरोध को बदल के नए SS अनुरोध में बदल दिया गया हैं"},{"$i":"emMmiErrorPinPukAttempts","$v":{"one":["केवल ",{"t":"idOrVar","v":"n"}," पुनर्प्रयास शेष हैं"],"two":[{"t":"idOrVar","v":"n"}," पुनर्प्रयास शेष हैं"],"few":[{"t":"idOrVar","v":"n"}," पुनर्प्रयास शेष हैं"],"many":[{"t":"idOrVar","v":"n"}," पुनर्प्रयास शेष हैं"],"other":[{"t":"idOrVar","v":"n"}," पुनर्प्रयास शेष हैं"]},"$x":[{"t":"idOrVar","v":"plural"},"n"]},{"$i":"emMmiErrorSimBlocked","$v":"पुनर्प्रयास की अधिकतम संख्या पार हो गई हैं। सिम ब्लॉक्ड हैं"},{"$i":"RadioNotAvailable","$v":"रेडियो उपलब्ध नहीं हैं"},{"$i":"PasswordIncorrect","$v":"पासवर्ड गलत हैं"},{"$i":"SimPin2","$v":"सिम पिन 2"},{"$i":"SimPuk2","$v":"सिम PUK2"},{"$i":"RequestNotSupported","$v":"अनुरोध समर्थित नहीं हैं"},{"$i":"OpNotAllowedDuringVoiceCall","$v":"ध्वनि कॉल के दौरान ऑपरेशन की अनुमति नहीं हैं"},{"$i":"SmsSendFailRetry","$v":"SMS भेजना विफल पुनर्प्रयास करें"},{"$i":"SimAbsent","$v":"सिम नही है"},{"$i":"SubscriptionNotAvailable","$v":"सदस्यता उपलब्ध नहीं हैं"},{"$i":"ModeNotSupported","$v":"मोड समर्थित नहीं"},{"$i":"FdnCheckFailure","$v":"Fdn जांच विफल रही"},{"$i":"IllegalSimOrMe","$v":"अवैध सिम या ME"},{"$i":"DialModifiedToUssd","$v":"डायल को बदल के USSD किया गया"},{"$i":"DialModifiedToSs","$v":"डायल को बदल के SS किया गया"},{"$i":"DialModifiedToDial","$v":"डायल को बदल के डायल किया गया"},{"$i":"UssdModifiedToDial","$v":"USSD को बदल के डायल किया गया"},{"$i":"UssdModifiedToSs","$v":"USSD को बदल के SS किया गया"},{"$i":"UssdModifiedToUssd","$v":"USSD को बदल के USSD किया गया"},{"$i":"SsModifiedToDial","$v":"SS को बदल के डायल किया गया"},{"$i":"SsModifiedToUssd","$v":"SS को बदल के USSD किया गया"},{"$i":"SsModifiedToSs","$v":"SS को बदल के SS किया गया"},{"$i":"SubscriptionNotSupported","$v":"सदस्यता समर्थित नहीं हैं"},{"$i":"InvalidParameter","$v":"अमान्य पैरामीटर"},{"$i":"RejectedByRemote","$v":"रिमोट द्वारा अस्वीकृत"},{"$i":"sim-with-index-and-carrier","$v":["सिम ",{"t":"idOrVar","v":"index"}," - ",{"t":"idOrVar","v":"carrier"}]},{"$i":"sim-without-carrier","$v":["सिम ",{"t":"idOrVar","v":"index"}]},{"$i":"label","$v":"लेबल"},{"$i":"faxHome","$v":"Fax होम"},{"$i":"faxOffice","$v":"Fax ऑफिस"},{"$i":"faxOther","$v":"अन्य Fax"},{"$i":"another","$v":"अन्य"},{"$i":"other","$v":"अन्य"},{"$i":"tcl-customTag","$v":"कस्टम टैग"},{"$i":"customTag","$v":"कस्टम टैग","placeholder":"कस्टम टैग"},{"$i":"current","$v":"वर्तमान में"},{"$i":"itemWithLabel","$v":[{"t":"idOrVar","v":"label"},", ",{"t":"idOrVar","v":"item"}]},{"$i":"weekday-0-long","$v":"रविवार"},{"$i":"weekday-1-long","$v":"सोमवार"},{"$i":"weekday-2-long","$v":"मंगलवार"},{"$i":"weekday-3-long","$v":"बुधवार"},{"$i":"weekday-4-long","$v":"गुरुवार"},{"$i":"weekday-5-long","$v":"शुक्रवार"},{"$i":"weekday-6-long","$v":"शनिवार"},{"$i":"weekday-0-short","$v":"रवि"},{"$i":"weekday-1-short","$v":"सोम"},{"$i":"weekday-2-short","$v":"मंगल"},{"$i":"weekday-3-short","$v":"बुध"},{"$i":"weekday-4-short","$v":"गुरु"},{"$i":"weekday-5-short","$v":"शुक्र"},{"$i":"weekday-6-short","$v":"शनि"},{"$i":"month-0-long","$v":"जनवरी"},{"$i":"month-1-long","$v":"फरवरी"},{"$i":"month-2-long","$v":"मार्च"},{"$i":"month-3-long","$v":"अप्रैल"},{"$i":"month-4-long","$v":"मई"},{"$i":"month-5-long","$v":"जून"},{"$i":"month-6-long","$v":"जुलाई"},{"$i":"month-7-long","$v":"अगस्त"},{"$i":"month-8-long","$v":"सितंबर"},{"$i":"month-9-long","$v":"अक्टूबर"},{"$i":"month-10-long","$v":"नवंबर"},{"$i":"month-11-long","$v":"दिसंबर"},{"$i":"month-0-genitive","$v":"जनवरी"},{"$i":"month-1-genitive","$v":"फरवरी"},{"$i":"month-2-genitive","$v":"मार्च"},{"$i":"month-3-genitive","$v":"अप्रैल"},{"$i":"month-4-genitive","$v":"मई"},{"$i":"month-5-genitive","$v":"जून"},{"$i":"month-6-genitive","$v":"जुलाई"},{"$i":"month-7-genitive","$v":"अगस्त"},{"$i":"month-8-genitive","$v":"सितंबर"},{"$i":"month-9-genitive","$v":"अक्टूबर"},{"$i":"month-10-genitive","$v":"नवंबर"},{"$i":"month-11-genitive","$v":"दिसंबर"},{"$i":"month-0-short","$v":"जनवरी"},{"$i":"month-1-short","$v":"फरवरी"},{"$i":"month-2-short","$v":"मार्च"},{"$i":"month-3-short","$v":"अप्रैल"},{"$i":"month-4-short","$v":"मई"},{"$i":"month-5-short","$v":"जून"},{"$i":"month-6-short","$v":"जुलाई"},{"$i":"month-7-short","$v":"अगस्त"},{"$i":"month-8-short","$v":"सितंबर"},{"$i":"month-9-short","$v":"अक्टूबर"},{"$i":"month-10-short","$v":"नवंबर"},{"$i":"month-11-short","$v":"दिसंबर"},{"$i":"minutes-ago-long","$v":{"zero":"अभी","one":"एक मिनट पहले","two":[{"t":"idOrVar","v":"value"}," मिनट पहले"],"few":[{"t":"idOrVar","v":"value"}," मिनट पहले"],"many":[{"t":"idOrVar","v":"value"}," मिनट पहले"],"other":[{"t":"idOrVar","v":"value"}," मिनट पहले"]},"$x":[{"t":"idOrVar","v":"plural"},"value"]},{"$i":"hours-ago-long","$v":{"zero":"अभी","one":"एक घंटे पहले","two":[{"t":"idOrVar","v":"value"}," घंटे पहले"],"few":[{"t":"idOrVar","v":"value"}," घंटे पहले"],"many":[{"t":"idOrVar","v":"value"}," घंटे पहले"],"other":[{"t":"idOrVar","v":"value"}," घंटे पहले"]},"$x":[{"t":"idOrVar","v":"plural"},"value"]},{"$i":"days-ago-long","$v":{"zero":"आज","one":"बीता कल","two":[{"t":"idOrVar","v":"value"}," दिनों पहले"],"few":[{"t":"idOrVar","v":"value"}," दिनों पहले"],"many":[{"t":"idOrVar","v":"value"}," दिनों पहले"],"other":[{"t":"idOrVar","v":"value"}," दिनों पहले"]},"$x":[{"t":"idOrVar","v":"plural"},"value"]},{"$i":"weeks-ago-long","$v":{"zero":"इस सप्ताह","one":"पिछले सप्ताह","two":[{"t":"idOrVar","v":"value"}," सप्ताह पहले"],"few":[{"t":"idOrVar","v":"value"}," सप्ताह पहले"],"many":[{"t":"idOrVar","v":"value"}," सप्ताह पहले"],"other":[{"t":"idOrVar","v":"value"}," सप्ताह पहले"]},"$x":[{"t":"idOrVar","v":"plural"},"value"]},{"$i":"months-ago-long","$v":{"zero":"इस महीने","one":"पिछले महीने","two":[{"t":"idOrVar","v":"value"}," महीनों पहले"],"few":[{"t":"idOrVar","v":"value"}," महीनों पहले"],"many":[{"t":"idOrVar","v":"value"}," महीनों पहले"],"other":[{"t":"idOrVar","v":"value"}," महीनों पहले"]},"$x":[{"t":"idOrVar","v":"plural"},"value"]},{"$i":"years-ago-long","$v":{"zero":"इस वर्ष","one":"पिछले वर्ष","two":[{"t":"idOrVar","v":"value"}," वर्ष पहले"],"few":[{"t":"idOrVar","v":"value"}," वर्ष पहले"],"many":[{"t":"idOrVar","v":"value"}," वर्ष पहले"],"other":[{"t":"idOrVar","v":"value"}," वर्ष पहले"]},"$x":[{"t":"idOrVar","v":"plural"},"value"]},{"$i":"minutes-until-long","$v":{"zero":"अभी","one":"एक मिनट में","two":[{"t":"idOrVar","v":"value"}," मिनट में"],"few":[{"t":"idOrVar","v":"value"}," मिनट में"],"many":[{"t":"idOrVar","v":"value"}," मिनट में"],"other":[{"t":"idOrVar","v":"value"}," मिनट में"]},"$x":[{"t":"idOrVar","v":"plural"},"value"]},{"$i":"hours-until-long","$v":{"zero":"अभी","one":"एक घंटे में","two":[{"t":"idOrVar","v":"value"}," घंटों में"],"few":[{"t":"idOrVar","v":"value"}," घंटों में"],"many":[{"t":"idOrVar","v":"value"}," घंटों में"],"other":[{"t":"idOrVar","v":"value"}," घंटों में"]},"$x":[{"t":"idOrVar","v":"plural"},"value"]},{"$i":"days-until-long","$v":{"zero":"आज","one":"कल","two":[{"t":"idOrVar","v":"value"}," दिनों में"],"few":[{"t":"idOrVar","v":"value"}," दिनों में"],"many":[{"t":"idOrVar","v":"value"}," दिनों में"],"other":[{"t":"idOrVar","v":"value"}," दिनों में"]},"$x":[{"t":"idOrVar","v":"plural"},"value"]},{"$i":"weeks-until-long","$v":{"zero":"इस सप्ताह","one":"अगले सप्ताह","two":[{"t":"idOrVar","v":"value"}," सप्ताह में"],"few":[{"t":"idOrVar","v":"value"}," सप्ताह में"],"many":[{"t":"idOrVar","v":"value"}," सप्ताह में"],"other":[{"t":"idOrVar","v":"value"}," सप्ताह में"]},"$x":[{"t":"idOrVar","v":"plural"},"value"]},{"$i":"months-until-long","$v":{"zero":"इस महीने","one":"अगले महीने","two":[{"t":"idOrVar","v":"value"}," महीनो में"],"few":[{"t":"idOrVar","v":"value"}," महीनो में"],"many":[{"t":"idOrVar","v":"value"}," महीनो में"],"other":[{"t":"idOrVar","v":"value"}," महीनो में"]},"$x":[{"t":"idOrVar","v":"plural"},"value"]},{"$i":"years-until-long","$v":{"zero":"इस वर्ष","one":"अगले वर्ष","two":[{"t":"idOrVar","v":"value"}," वर्षों में"],"few":[{"t":"idOrVar","v":"value"}," वर्षों में"],"many":[{"t":"idOrVar","v":"value"}," वर्षों में"],"other":[{"t":"idOrVar","v":"value"}," वर्षों में"]},"$x":[{"t":"idOrVar","v":"plural"},"value"]},{"$i":"minutes-ago-short","$v":{"zero":"अभी","other":[{"t":"idOrVar","v":"value"}," मिनट पहले"]},"$x":[{"t":"idOrVar","v":"plural"},"value"]},{"$i":"hours-ago-short","$v":{"zero":"अभी","other":[{"t":"idOrVar","v":"value"}," घंटे पहले"]},"$x":[{"t":"idOrVar","v":"plural"},"value"]},{"$i":"days-ago-short","$v":{"zero":"आज","other":[{"t":"idOrVar","v":"value"}," दिनों पहले"]},"$x":[{"t":"idOrVar","v":"plural"},"value"]},{"$i":"minutes-until-short","$v":{"zero":"अभी","other":[{"t":"idOrVar","v":"value"},"मिनिट में"]},"$x":[{"t":"idOrVar","v":"plural"},"value"]},{"$i":"hours-until-short","$v":{"zero":"अभी","other":[{"t":"idOrVar","v":"value"},"घंटे में"]},"$x":[{"t":"idOrVar","v":"plural"},"value"]},{"$i":"days-until-short","$v":{"zero":"आज","other":[{"t":"idOrVar","v":"value"},"दिन में"]},"$x":[{"t":"idOrVar","v":"plural"},"value"]},{"$i":"incorrectDate","$v":"(गलत दिनांक)"},{"$i":"dateTimeFormat_%c","$v":"%a %b %e %Y %I:%M:%S %p"},{"$i":"dateTimeFormat_%x","$v":"%m/%d/%Y"},{"$i":"dateTimeFormat_%X","$v":"%I:%M:%S %p"},{"$i":"shortTimeFormat","$v":"%I:%M %p"},{"$i":"shortTimeFormat12","$v":"%I:%M %p"},{"$i":"shortTimeFormat24","$v":"%H:%M"},{"$i":"shortDateTimeFormat","$v":"%x %I:%M %p"},{"$i":"weekStartsOnMonday","$v":"0"},{"$i":"firstDayOfTheWeek","$v":"0"},{"$i":"time_am","$v":"AM"},{"$i":"time_pm","$v":"PM"}]