[{"$i":"search-or-enter-address","placeholder":"ಹುಡುಕಿ ಅಥವಾ ವಿಳಾಸ ನಮೂದಿಸಿ"},{"$i":"delete-title","$v":[{"t":"idOrVar","v":"name"}," ಅಳಿಸಿ"]},{"$i":"delete-body","$v":[{"t":"idOrVar","v":"name"}," ಮತ್ತು ಇದರ ಎಲ್ಲ ಡೇಟಾವನ್ನು ಅಳಿಸಲಾಗುತ್ತದೆ."]},{"$i":"delete","$v":"ಅಳಿಸಿ"},{"$i":"cancel","$v":"ರದ್ದು ಮಾಡಿ"},{"$i":"menu","$v":"ಮೆನು"},{"$i":"notifications","$v":"ಎಚ್ಚರಿಕೆಗಳು"},{"$i":"speed-dial","$v":"ವೇಗದ ಡಯಲ್"},{"$i":"select","$v":"ಆಯ್ಕೆ ಮಾಡಿ"},{"$i":"favorite","$v":"ಮೆಚ್ಚಿನ"},{"$i":"unfavorite","$v":"ಮೆಚ್ಚಿನವುಗಳಿಂದ ತೆಗೆಯಿರಿ"},{"$i":"ok","$v":"ಸರಿ"},{"$i":"edit","$v":"ಸಂಪಾದಿಸಿ"},{"$i":"call","$v":"ಕಾಲ್ ಮಾಡಿ"},{"$i":"message","$v":"ಸಂದೇಶ"},{"$i":"options","$v":"ಆಯ್ಕೆಗಳು"},{"$i":"assign","$v":"ನಿಯೋಜಿಸಿ"},{"$i":"remove","$v":"ತೆಗೆದುಹಾಕಿ"},{"$i":"replace","$v":"ಸ್ಥಾನಾಂತರಿಸಿ"},{"$i":"more","$v":"ಇನ್ನಷ್ಟು"},{"$i":"settings","$v":"ಸೆಟ್ಟಿಂಗ್ಸ್"},{"$i":"contacts","$v":"ಸಂಪರ್ಕಗಳು"},{"$i":"voicemail","$v":"ಧ್ವನಿಮೇಲ್"},{"$i":"speed-dial-not-empty","ariaLabel":[{"t":"idOrVar","v":"order"},", ",{"t":"idOrVar","v":"name"}]},{"$i":"speed-dial-empty","ariaLabel":[{"t":"idOrVar","v":"order"},", ಖಾಲಿ"]},{"$i":"remove-speed-dial","$v":["ನೀವು ಸ್ಪೀಡ್ ಡಯಲ್‌ನಿಂದ ",{"t":"idOrVar","v":"name"},"ಅಳಿಸಲು ಖಚಿತವಾಗಿ ಬಯಸುವಿರಾ?"]},{"$i":"replace-speed-dial","$v":["ನೀವು ",{"t":"idOrVar","v":"name"}," ಅನ್ನು ",{"t":"idOrVar","v":"subName"}," ನಿಂದ ಬದಲಿಸಲು ಖಚಿತವಾಗಿ ಬಯಸುವಿರಾ?"]},{"$i":"assign-speed-dial","$v":["ಸಂಪರ್ಕವನ್ನು ಬಟನ್‌ನಲ್ಲಿ ಸ್ಪೀಡ್ ಡಯಲ್ ಆಗಿ ಸೇರಿಸಲಾಗಿಲ್ಲ ",{"t":"idOrVar","v":"n"},". ಈಗ ನಿಯೋಜಿಸುವುದೇ ?"]},{"$i":"assign-voicemail","$v":"ವಾಯ್ಸ್‌ಮೇಲ್ ಸಂಖ್ಯೆ ಇನ್ನೂ ಹೊಂದಿಸಿಲ್ಲ."},{"$i":"alert-for-contacts-without-number","$v":"ಫೋನ್ ಸಂಖ್ಯೆಯೊಂದಿಗೆ ಯಾವುದೇ ಸಂಪರ್ಕಗಳು ಲಭ್ಯವಿಲ್ಲ."},{"$i":"option-remove","$v":"ಸ್ಪೀಡ್ ಡಯಲ್‌ನಿಂದ ತೆಗೆದುಹಾಕಿ"},{"$i":"option-replace","$v":"ಸ್ಥಾನಾಂತರಿಸಿ"},{"$i":"all-apps","$v":"ಎಲ್ಲಾ-ಆಪ್‌ಗಳು"},{"$i":"add-to-existing-contact","$v":"ಅಸ್ತಿತ್ವದಲ್ಲಿರುವ ಸಂಪರ್ಕಕ್ಕೆ ಸೇರಿಸಿ"},{"$i":"create-new-contact","$v":"ಹೊಸ ಸಂಪರ್ಕವನ್ನು ರಚಿಸಿ"},{"$i":"sending","$v":"ಕಳುಹಿಸಲಾಗುತ್ತಿದೆ..."},{"$i":"callAirplaneModeTitle","$v":"ಏರ್‌‌ಪ್ಲೇನ್ ಮೋಡ್ ಸಕ್ರಿಯಗೊಳಿಸಲಾಗಿದೆ"},{"$i":"callAirplaneModeMessage","$v":"ಕರೆ ಮಾಡಲು ನೀವು ಸೆಟ್ಟಿಂಗ್‌ಗಳಲ್ಲಿ ಏರ್‌ಪ್ಲೇನ್ ಮೋಡ್ ಅನ್ನು ನಿಷ್ಕ್ರಿಯಗೊಳಿಸಬೇಕು."},{"$i":"emergencyDialogTitle","$v":"ಯಾವುದೇ ನೆಟ್‌ವರ್ಕ್ ಸಂಪರ್ಕವಿಲ್ಲ"},{"$i":"emergencyDialogBodyBadNumber","$v":"ಕರೆ ಮಾಡಲು, ಫೋನ್‌ ನೆಟ್‌ವರ್ಕ್‌ಗೆ ಸಂಪರ್ಕಗೊಂಡಿರಬೇಕು."},{"$i":"emergencyDialogBodyDeviceNotAccepted","$v":"ತುರ್ತು ಕರೆಗಳನ್ನು ನೆಟ್‌ವರ್ಕ್‌ ಅನುಮತಿಸಿಲ್ಲ."},{"$i":"invalidNumberToDialTitle","$v":"ಅಮಾನ್ಯ ಫೋನ್ ಸಂಖ್ಯೆ"},{"$i":"invalidNumberToDialMessage","$v":"ನೀವು ಕರೆ ಮಾಡುತ್ತಿರುವ ಫೋನ್‌ ನಂಬರ್ ಮಾನ್ಯವಲ್ಲ."},{"$i":"emergency-call-only","$v":"ತುರ್ತು ಕರೆಗಳು ಮಾತ್ರ"},{"$i":"emergency-call-error","$v":[{"t":"idOrVar","v":"number"}," ಇದು ತುರ್ತು ಸಂಖ್ಯೆಯಲ್ಲ."]},{"$i":"numberIsBusyTitle","$v":"ಸಂಖ್ಯೆ ಕಾರ್ಯನಿರತವಾಗಿದೆ"},{"$i":"numberIsBusyMessage","$v":"ಸಂಖ್ಯೆಯು ಪ್ರಸ್ತುತ ಕಾರ್ಯನಿರತವಾಗಿದೆ. ದಯವಿಟ್ಟು ಪುನಃ ಪ್ರಯತ್ನಿಸಿ."},{"$i":"fdnIsActiveTitle","$v":"FDN ಸಕ್ರಿಯವಾಗಿದೆ"},{"$i":"fdnIsActiveMessage","$v":["FDN (ಫಿಕ್ಸಡ್ ಡಯಲಿಂಗ್ ಸಂಖ್ಯೆಗಳು) ಸಕ್ರಿಯಗೊಳಿಸಲಾಗಿದೆ ಹಾಗೂ ಈ ಕೆಳಗಿನ ಸಂಖ್ಯೆ ನಿಮ್ಮ FDN ಪಟ್ಟಿಯಲ್ಲಿಲ್ಲ: ",{"t":"idOrVar","v":"number"}]},{"$i":"otherConnectionInUseTitle","$v":"ಇತರ ಸಂಪರ್ಕಗಳು ಬಳಕೆಯಲ್ಲಿವೆ"},{"$i":"otherConnectionInUseMessage","$v":"ಇನ್ನೊಂದು ಸಂಪರ್ಕದಲ್ಲಿ ನೀವು ಸಕ್ರಿಯ ಕರೆ ಹೊಂದಿದ್ದೀರಿ. ಒಂದು ಬಾರಿ ನೀವು ಒಂದು ಸಂಪರ್ಕವನ್ನು ಮಾತ್ರ ಬಳಸಬಹುದು."},{"$i":"GenericFailure","$v":"ಸಾಮಾನ್ಯ ವೈಫಲ್ಯ."},{"$i":"CallFailed","$v":"ಕರೆ ವಿಫಲವಾಗಿದೆ"},{"$i":"scCallBarring","$v":"ಕಾಲ್ ಬಾರಿಂಗ್"},{"$i":"scCallForwarding","$v":"ಕಾಲ್ ಫಾರ್ವರ್ಡಿಂಗ್"},{"$i":"scClip","$v":"ಒಳಬರುವ ಕರೆಮಾಡುವವರ ID"},{"$i":"scClir","$v":"ಔಟ್‌ಗೋಯಿಂಗ್ ಕಾಲರ್ ID"},{"$i":"scPwd","$v":"ಪಾಸ್‌ವರ್ಡ್ ಬದಲಾವಣೆ"},{"$i":"scCallWaiting","$v":"ಕಾಲ್ ನಿರೀಕ್ಷೆಯಲ್ಲಿದೆ"},{"$i":"scPin","$v":"ಪಿನ್ ಬದಲಾವಣೆ"},{"$i":"scPin2","$v":"ಪಿನ್2 ಬದಲಾವಣೆ"},{"$i":"scPuk","$v":"ಪಿನ್ ಅನ್‌ಬ್ಲಾಕ್ ಮಾಡಿ"},{"$i":"scPuk2","$v":"ಪಿನ್‌2 ಅನ್‌ಬ್ಲಾಕ್ ಮಾಡಿ"},{"$i":"scImei","$v":"IMEI"},{"$i":"scMeid","$v":"MEID"},{"$i":"scUssd","$v":"USSD"},{"$i":"personal","$v":"ವೈಯಕ್ತಿಕ"},{"$i":"mobile","$v":"ಮೊಬೈಲ್"},{"$i":"home","$v":"ಹೋಮ್"},{"$i":"work","$v":"ವರ್ಕ್"},{"$i":"fax-home","$v":"ಫ್ಯಾಕ್ಸ್ ಹೋಂ"},{"$i":"fax-office","$v":"ಫ್ಯಾಕ್ಸ್ ಆಫೀಸ್"},{"$i":"fax-other","$v":"ಫ್ಯಾಕ್ಸ್ ಇತರೆ"},{"$i":"homescreen-settings","$v":"ಹೋಮ್‍ಸ್ಕ್ರೀನ್ ಸೆಟ್ಟಿಂಗ್ಸ್"},{"$i":"change-wallpaper","$v":"ವಾಲ್‌ಪೇಪರ್‌ ಬದಲಾಯಿಸಿ"},{"$i":"add-smart-collections","$v":"ಸ್ಮಾರ್ಟ್ ಸಂಗ್ರಹಗಳನ್ನು ಸೇರಿಸಿ"},{"$i":"edit-mode","$v":"ಸಂಪಾದಿಸಿ"},{"$i":"edit-done","$v":"ಮುಗಿದಿದೆ"},{"$i":"stop-download-title","$v":["ನಿಲ್ಲಿಸಿ ",{"t":"idOrVar","v":"name"}]},{"$i":"stop-download-body","$v":"ನೀವು ನಡೆಯುತ್ತಿರುವ ಡೌನ್‌ಲೋಡ್‌ ನಿಲ್ಲಿಸಬಯಸುವಿರಾ?"},{"$i":"stop-download-action","$v":"ನಿಲ್ಲಿಸಿ"},{"$i":"resume-download-title","$v":"ಡೌನ್‌ಲೋಡ್ ರಿಸ್ಟಾರ್ಟ್‌ ಮಾಡಿ"},{"$i":"resume-download-body","$v":["ನೀವು ",{"t":"idOrVar","v":"name"}," ಡೌನ್‌ಲೋಡ್‌ ಮಾಡಬಯಸುವಿರಾ?"]},{"$i":"resume-download-action","$v":"ಡೌನ್‌ಲೋಡ್‌"},{"$i":"edit-group-header","$v":"ಸಮೂಹ ಸಂಪಾದಿಸು"},{"$i":"tcl-wallpaper-changed","$v":"ವಾಲ್‌ಪೇಪರ್ ಬದಲಾಗಿದೆ"},{"$i":"gaia-shortcut-app-updated","$v":"ಆಪ್ ಅಪ್ಡೇಟ್ ಮಾಡಲಾಗಿದೆ"},{"$i":"clocks-updated","$v":"ಗಡಿಯಾರಗಳು ಅಪ್ಡೇಟ್ ಆಗಿದೆ"},{"$i":"longDateFormat","$v":"%A, %b %e"},{"$i":"app-title","$v":"ನನ್ನ ಅಪ್‌ಗಳು"},{"$i":"app-uninstall","$v":[{"t":"idOrVar","v":"name"}," ಅನ್‌ಇನ್‌ಸ್ಟಾಲ್ ಆಗಿದೆ"]},{"$i":"confirmation","$v":"ದೃಢೀಕರಣ"},{"$i":"call-forwarding-async","$v":["ಅಸಿಂಕ್ರೋನಸ್ ",{"t":"idOrVar","v":"async"}]},{"$i":"call-forwarding-data","$v":["ಡೇಟಾ: ",{"t":"idOrVar","v":"data"}]},{"$i":"call-forwarding-error","$v":"ಕಾಲ್ ಫಾರ್ವರ್ಡಿಂಗ್ ಸ್ಥಿತಿಯನ್ನು ಮರಳಿ ಪಡೆಯುವಾಗ ಒಂದು ದೋಷ ಉಂಟಾಗಿದೆ."},{"$i":"call-forwarding-fax","$v":["FAX: ",{"t":"idOrVar","v":"fax"}]},{"$i":"call-forwarding-inactive","$v":"ನಿಷ್ಕ್ರಿಯ"},{"$i":"call-forwarding-packet","$v":["ಪ್ಯಾಕೆಟ್: ",{"t":"idOrVar","v":"packet"}]},{"$i":"call-forwarding-pad","$v":["PAD: ",{"t":"idOrVar","v":"pad"}]},{"$i":"call-forwarding-sms","$v":["SMS: ",{"t":"idOrVar","v":"sms"}]},{"$i":"call-forwarding-status","$v":"ಕಾಲ್ ಫಾರ್ವರ್ಡಿಂಗ್ ಸ್ಥಿತಿ"},{"$i":"call-forwarding-sync","$v":["ಸಿಂಕ್ರೊನಸ್; ",{"t":"idOrVar","v":"sync"}]},{"$i":"call-forwarding-voice","$v":["ವಾಯ್ಸ್‌: ",{"t":"idOrVar","v":"voice"}]},{"$i":"serviceClassVoice","$v":"ಧ್ವನಿ"},{"$i":"serviceClassData","$v":"ಡೇಟಾ"},{"$i":"serviceClassFax","$v":"FAX"},{"$i":"serviceClassSms","$v":"SMS"},{"$i":"serviceClassDataSync","$v":"ಸಿಂಕ್ ಮಾಡಿ"},{"$i":"serviceClassDataAsync","$v":"ಅಸಿಂಕ್"},{"$i":"serviceClassPacket","$v":"ಪ್ಯಾಕೆಟ್"},{"$i":"serviceClassPad","$v":"PAD"},{"$i":"smServiceEnabled","$v":"ಸರ್ವೀಸ್ ಸಕ್ರಿಯಗೊಂಡಿತ್ತು"},{"$i":"smServiceDisabled","$v":"ಸೇವೆ ನಿಷ್ಕ್ರಿಯಳಿಸಲಾಗುತ್ತಿದೆ"},{"$i":"smServiceRegistered","$v":"ನೋಂದಣಿ ಯಶಸ್ವಿಯಾಗಿದೆ"},{"$i":"smServiceErased","$v":"ಅಳಿಸುವಿಕೆ ಯಶಸ್ವಿಯಾಗಿದೆ"},{"$i":"smServiceInterrogated","$v":"ಮನವಿ ಯಶಸ್ವಿಯಾಗಿದೆ"},{"$i":"smServiceNotProvisioned","$v":"ಸೇವೆ ಒದಗಿಸಿಲ್ಲ"},{"$i":"smClirPermanent","$v":"ನೀವು ಕಾಲರ್ ID ಸೆಟ್ಟಿಂಗ್‌ ಅನ್ನು ಬದಲಿಸಲಾಗದು"},{"$i":"smClirDefaultOnNextCallOn","$v":"ಕಾಲರ್‌ ID ಡೀಫಾಲ್ಟ್‌ ಆಗಿ ನಿರ್ಬಂಧಿಸಲ್ಪಟ್ಟಿದೆ. ಮುಂದಿನ ಕರೆ: ನಿರ್ಬಂಧಿಸಲ್ಪಟ್ಟಿದೆ"},{"$i":"smClirDefaultOnNextCallOff","$v":"ಕಾಲರ್‌ ID ಡೀಫಾಲ್ಟ್‌ ಆಗಿ ನಿರ್ಬಂಧಿಸಲ್ಪಟ್ಟಿದೆ. ಮುಂದಿನ ಕರೆ: ನಿರ್ಬಂಧಿಸಿಲ್ಲ"},{"$i":"smClirDefaultOffNextCallOn","$v":"ಕಾಲರ್‌ ID ಡೀಫಾಲ್ಟ್‌ ಆಗಿ ನಿರ್ಬಂಧಿಸಲ್ಪಟ್ಟಿಲ್ಲ. ಮುಂದಿನ ಕರೆ: ನಿರ್ಬಂಧಿಸಲ್ಪಟ್ಟಿದೆ"},{"$i":"smClirDefaultOffNextCallOff","$v":"ಕಾಲರ್‌ ID ಡೀಫಾಲ್ಟ್‌ ಆಗಿ ನಿರ್ಬಂಧಿಸಲ್ಪಟ್ಟಿಲ್ಲ. ಮುಂದಿನ ಕರೆ: ನಿರ್ಬಂಧಿಸಿಲ್ಲ"},{"$i":"smServiceEnabledFor","$v":"ಸೇವೆಯನ್ನು ಇವುಗಳಿಗಾಗಿ ಸಕ್ರಿಯಗೊಳಿಸಲಾಗಿದೆ:"},{"$i":"smPinChanged","$v":"ಪಿನ್‌ ಯಶಸ್ವಿಯಾಗಿ ಬದಲಾಗಿದೆ"},{"$i":"smPinUnblocked","$v":"ಪಿನ್ ಯಶಸ್ವಿಯಾಗಿ ಅನ್‌ಬ್ಲಾಕ್ ಆಗಿದೆ"},{"$i":"smPin2Changed","$v":"ಪಿನ್‌2 ಬದಲಾವಣೆ ಯಶಸ್ವಿಯಾಗಿದೆ"},{"$i":"smPin2Unblocked","$v":"ಪಿನ್‌2 ಯಶಸ್ವಿಯಾಗಿ ಅನ್‌ಬ್ಲಾಕ್ ಆಗಿದೆ"},{"$i":"ServiceIsEnabled","$v":"ಸೇವೆ ಸಕ್ರಿಯಗೊಂಡಿದೆ"},{"$i":"ServiceIsDisabled","$v":"ಸೇವೆ ನಿಷ್ಕ್ರಿಯಗೊಂಡಿದೆ"},{"$i":"ServiceIsEnabledFor","$v":"ಸರ್ವೀಸ್ ಇದಕ್ಕಾಗಿ ಸಕ್ರಿಯಗೊಂಡಿದೆ:"},{"$i":"emMmiError","$v":"ಕನೆಕ್ಷನ್ ಸಮಸ್ಯೆ ಅಥವಾ ಅಮಾನ್ಯ MMI ಕೋಡ್"},{"$i":"emMmiErrorPasswordIncorrect","$v":"ತಪ್ಪಾದ ಪಾಸ್‌ವರ್ಡ್‌"},{"$i":"emMmiErrorNotSupported","$v":"ಅಮಾನ್ಯ ಅಥವಾ ಬೆಂಬಲಿಸಿರದ MMI ಕೋಡ್"},{"$i":"emMmiErrorInvalidAction","$v":"ಅಮಾನ್ಯ ಕ್ರಮ"},{"$i":"emMmiErrorInvalidScCode","$v":"ಅಮಾನ್ಯ ಸೇವಾ ಕೋಡ್"},{"$i":"emMmiErrorBadPuk","$v":"ನೀವು ಟೈಪ್ ಮಾಡಿದ PUK ತಪ್ಪಾಗಿದೆ"},{"$i":"emMmiErrorBadPin","$v":"ನೀವು ಟೈಪ್ ಮಾಡಿದ ಪಿನ್ ತಪ್ಪಾಗಿದೆ."},{"$i":"emMmiErrorNeedPuk2","$v":"ಸಿಮ್ ಕಾರ್ಡ್‌ ಅನ್‌ಬ್ಲಾಕ್ ಮಾಡಲು PUK2 ಟೈಪ್ ಮಾಡಿ"},{"$i":"emMmiErrorMismatchPin","$v":"ನೀವು ಟೈಪ್ ಮಾಡಿದ ಪಿನ್‌ಗಳು ಹೊಂದುತ್ತಿಲ್ಲ"},{"$i":"emMmiErrorInvalidPin","$v":"4 ರಿಂದ 8 ಸಂಖ್ಯೆಗಳ ಪಿನ್ ಟೈಪ್ ಮಾಡಿ"},{"$i":"emMmiErrorNeedsPuk","$v":"ನಿಮ್ಮ ಸಿಮ್ ಕಾರ್ಡ್‌ PUK-ಲಾಕ್ ಆಗಿದೆ"},{"$i":"emMmiErrorEnablePin","$v":"ಯಶಸ್ವಿಯಾಗಿಲ್ಲ. SIM/RUIM ಲಾಕ್ ಸಕ್ರಿಯಗೊಳಿಸಿ"},{"$i":"emMmiErrorMmiFdn","$v":"ಫಿಕ್ಸೆಡ್ ಡಯಲಿಂಗ್ ಸಂಖ್ಯೆಗಳಿಗೆ ಮಾತ್ರ ಕಾರ್ಯನಿರ್ವಹಣೆ ಸೀಮಿತವಾಗಿದೆ"},{"$i":"emMmiErrorStkCcUssdDial","$v":"USSD ವಿನಂತಿಯನ್ನು DIAL ವಿನಂತಿಗೆ ಮಾರ್ಪಡಿಸಲಾಗಿದೆ."},{"$i":"emMmiErrorStkCcUssdSs","$v":"USSD ವಿನಂತಿಯನ್ನು SS ವಿನಂತಿಗೆ ಮಾರ್ಪಡಿಸಲಾಗಿದೆ."},{"$i":"emMmiErrorStkCcUssdUssd","$v":"USSD ವಿನಂತಿಯನ್ನು ಹೊಸ USSD ವಿನಂತಿಗೆ ಮಾರ್ಪಡಿಸಲಾಗಿದೆ."},{"$i":"emMmiErrorStkCcSsDial","$v":"SS ಮನವಿಯನ್ನು ಡಯಲ್ ಮನವಿಗೆ ತಿದ್ದುಪಡಿ ಮಾಡಲಾಗಿದೆ"},{"$i":"emMmiErrorStkCcSsUssd","$v":"SS ವಿನಂತಿಯನ್ನು USSD ವಿನಂತಿಗೆ ಮಾರ್ಪಡಿಸಲಾಗಿದೆ."},{"$i":"emMmiErrorStkCcSsSs","$v":"SS ಮನವಿಯನ್ನು ಹೊಸ ಎಸ್‌ಎಸ್‌ ಮನವಿಗೆ ತಿದ್ದುಪಡಿ ಮಾಡಲಾಗಿದೆ"},{"$i":"emMmiErrorPinPukAttempts","$v":{"one":["ಕೇವಲ ",{"t":"idOrVar","v":"n"}," ಮರುಪ್ರಯತ್ನ ಬಾಕಿ ಇದೆ"],"two":[{"t":"idOrVar","v":"n"}," ಮರುಪ್ರಯತ್ನಗಳು ಬಾಕಿ ಇವೆ"],"few":[{"t":"idOrVar","v":"n"}," ಮರುಪ್ರಯತ್ನಗಳು ಬಾಕಿ ಇವೆ"],"many":[{"t":"idOrVar","v":"n"}," ಮರುಪ್ರಯತ್ನಗಳು ಬಾಕಿ ಇವೆ"],"other":[{"t":"idOrVar","v":"n"}," ಮರುಪ್ರಯತ್ನಗಳು ಬಾಕಿ ಇವೆ"]},"$x":[{"t":"idOrVar","v":"plural"},"n"]},{"$i":"emMmiErrorSimBlocked","$v":"ಮರುಪ್ರಯತ್ನಗಳ ಗರಿಷ್ಠ ಸಂಖ್ಯೆ ತಲುಪಿದೆ. ಸಿಮ್ ತಡೆಗಟ್ಟಲಾಗಿದೆ"},{"$i":"RadioNotAvailable","$v":"ರೇಡಿಯೋ ಲಭ್ಯವಿಲ್ಲ"},{"$i":"PasswordIncorrect","$v":"ಪಾಸ್‌ಕೋಡ್‌ ತಪ್ಪಾಗಿದೆ"},{"$i":"SimPin2","$v":"ಸಿಮ್‌ ಪಿನ್‌2"},{"$i":"SimPuk2","$v":"ಸಿಮ್ PUK2"},{"$i":"RequestNotSupported","$v":"ಮನವಿ ಬೆಂಬಿಸಲಾಗಿಲ್ಲ"},{"$i":"OpNotAllowedDuringVoiceCall","$v":"ಧ್ವನಿ ಕರೆಯಲ್ಲಿ ಕಾರ್ಯನಿರ್ವಹಣೆ ಅನುಮೋದಿಸಲ್ಪಟ್ಟಿಲ್ಲ"},{"$i":"SmsSendFailRetry","$v":"SMS ಕಳುಹಿಸುವಿಕೆ ವಿಫಲವಾಗಿದೆ ಮರುಪ್ರಯತ್ನಿಸಿ"},{"$i":"SimAbsent","$v":"ಸಿಮ್ ಇಲ್ಲ"},{"$i":"SubscriptionNotAvailable","$v":"ಚಂದಾದಾರಿಕೆ ಲಭ್ಯವಿಲ್ಲ"},{"$i":"ModeNotSupported","$v":"ಮೋಡ್ ಬೆಂಬಲಿತವಾಗಿಲ್ಲ"},{"$i":"FdnCheckFailure","$v":"FDN ಪರೀಕ್ಷೆಯ ವೈಫಲ್ಯ"},{"$i":"IllegalSimOrMe","$v":"ಕಾನೂನುಬಾಹಿರ ಸಿಮ್ ಅಥವಾ ME"},{"$i":"DialModifiedToUssd","$v":"ಡಯಲ್ ಅನ್ನು USSD‌ಗೆ ಬದಲಿಸಲಾಗಿದೆ"},{"$i":"DialModifiedToSs","$v":"ಡಯಲ್ ಅನ್ನು SSಗೆ ಬದಲಿಸಲಾಗಿದೆ"},{"$i":"DialModifiedToDial","$v":"ಡಯಲ್ ಅನ್ನು ಡಯಲ್‌ಗೆ ಬದಲಿಸಲಾಗಿದೆ"},{"$i":"UssdModifiedToDial","$v":"USSD ಅನ್ನು DIALಗೆ ತಿದ್ದುಪಡಿ ಮಾಡಲಾಗಿದೆ"},{"$i":"UssdModifiedToSs","$v":"USSD ಅನ್ನು SS‌ಗೆ ತಿದ್ದುಪಡಿ ಮಾಡಲಾಗಿದೆ"},{"$i":"UssdModifiedToUssd","$v":"USSD ಅನ್ನು USSD‌ಗೆ ತಿದ್ದುಪಡಿ ಮಾಡಲಾಗಿದೆ"},{"$i":"SsModifiedToDial","$v":"SS ಅನ್ನು ಡಯಲ್‌ಗೆ ತಿದ್ದುಪಡಿ ಮಾಡಲಾಗಿದೆ"},{"$i":"SsModifiedToUssd","$v":"SS ಅನ್ನು USSD‌ಗೆ ತಿದ್ದುಪಡಿ ಮಾಡಲಾಗಿದೆ"},{"$i":"SsModifiedToSs","$v":"SS ಅನ್ನು SSಗೆ ತಿದ್ದುಪಡಿ ಮಾಡಲಾಗಿದೆ"},{"$i":"SubscriptionNotSupported","$v":"ಚಂದಾದಾರಿಕೆ ಬೆಂಬಲಿಸಲ್ಪಟ್ಟಿಲ್ಲ"},{"$i":"InvalidParameter","$v":"ಅಮಾನ್ಯ ಪ್ಯಾರಾಮೀಟರ್"},{"$i":"RejectedByRemote","$v":"ರಿಮೋಟ್‌ನಿಂದ ತಿರಸ್ಕರಿಸಲಾಗಿದೆ"},{"$i":"sim-with-index-and-carrier","$v":["ಸಿಮ್ ",{"t":"idOrVar","v":"index"}," - ",{"t":"idOrVar","v":"carrier"}]},{"$i":"sim-without-carrier","$v":["ಸಿಮ್",{"t":"idOrVar","v":"index"}]},{"$i":"label","$v":"ಲೇಬಲ್"},{"$i":"faxHome","$v":"ಫ್ಯಾಕ್ಸ್ ಹೋಂ"},{"$i":"faxOffice","$v":"ಫ್ಯಾಕ್ಸ್ ಆಫೀಸ್"},{"$i":"faxOther","$v":"ಫ್ಯಾಕ್ಸ್ ಇತರೆ"},{"$i":"another","$v":"ಇನ್ನೊಂದು"},{"$i":"other","$v":"ಇತರೆ"},{"$i":"tcl-customTag","$v":"ಕಸ್ಟಮ್ ಟ್ಯಾಗ್"},{"$i":"customTag","$v":"ಕಸ್ಟಮ್ ಟ್ಯಾಗ್","placeholder":"ಕಸ್ಟಮ್ ಟ್ಯಾಗ್"},{"$i":"current","$v":"ಪ್ರಸ್ತುತದಲ್ಲಿ"},{"$i":"itemWithLabel","$v":[{"t":"idOrVar","v":"label"},", ",{"t":"idOrVar","v":"item"}]},{"$i":"weekday-0-long","$v":"ಭಾನುವಾರ"},{"$i":"weekday-1-long","$v":"ಸೋಮವಾರ"},{"$i":"weekday-2-long","$v":"ಮಂಗಳವಾರ"},{"$i":"weekday-3-long","$v":"ಬುಧವಾರ"},{"$i":"weekday-4-long","$v":"ಗುರುವಾರ"},{"$i":"weekday-5-long","$v":"ಶುಕ್ರವಾರ"},{"$i":"weekday-6-long","$v":"ಶನಿವಾರ"},{"$i":"weekday-0-short","$v":"ಭಾನು"},{"$i":"weekday-1-short","$v":"ಸೋಮ"},{"$i":"weekday-2-short","$v":"ಮಂಗಳ"},{"$i":"weekday-3-short","$v":"ಬುಧ"},{"$i":"weekday-4-short","$v":"ಗುರು"},{"$i":"weekday-5-short","$v":"ಶುಕ್ರ"},{"$i":"weekday-6-short","$v":"ಶನಿವಾರ"},{"$i":"month-0-long","$v":"ಜನವರಿ"},{"$i":"month-1-long","$v":"ಫೆಬ್ರವರಿ"},{"$i":"month-2-long","$v":"ಮಾರ್ಚ್"},{"$i":"month-3-long","$v":"ಏಪ್ರಿಲ್"},{"$i":"month-4-long","$v":"ಮೇ"},{"$i":"month-5-long","$v":"ಜೂನ್"},{"$i":"month-6-long","$v":"ಜುಲೈ"},{"$i":"month-7-long","$v":"ಆಗಸ್ಟ್"},{"$i":"month-8-long","$v":"ಸಪ್ಟೆಂಬರ್"},{"$i":"month-9-long","$v":"ಅಕ್ಟೋಬರ್"},{"$i":"month-10-long","$v":"ನವೆಂಬರ್"},{"$i":"month-11-long","$v":"ಡಿಸೆಂಬರ್"},{"$i":"month-0-genitive","$v":"ಜನವರಿ"},{"$i":"month-1-genitive","$v":"ಫೆಬ್ರವರಿ"},{"$i":"month-2-genitive","$v":"ಮಾರ್ಚ್"},{"$i":"month-3-genitive","$v":"ಏಪ್ರಿಲ್"},{"$i":"month-4-genitive","$v":"ಮೇ"},{"$i":"month-5-genitive","$v":"ಜೂನ್"},{"$i":"month-6-genitive","$v":"ಜುಲೈ"},{"$i":"month-7-genitive","$v":"ಆಗಸ್ಟ್"},{"$i":"month-8-genitive","$v":"ಸಪ್ಟೆಂಬರ್"},{"$i":"month-9-genitive","$v":"ಅಕ್ಟೋಬರ್"},{"$i":"month-10-genitive","$v":"ನವೆಂಬರ್"},{"$i":"month-11-genitive","$v":"ಡಿಸೆಂಬರ್"},{"$i":"month-0-short","$v":"ಜನವರಿ"},{"$i":"month-1-short","$v":"ಫೆಬ್ರವರಿ"},{"$i":"month-2-short","$v":"ಮಾರ್ಚ್"},{"$i":"month-3-short","$v":"ಏಪ್ರಿಲ್"},{"$i":"month-4-short","$v":"ಮೇ"},{"$i":"month-5-short","$v":"ಜೂನ್"},{"$i":"month-6-short","$v":"ಜುಲೈ"},{"$i":"month-7-short","$v":"ಆಗಸ್ಟ್"},{"$i":"month-8-short","$v":"ಸೆಪ್ಟೆಂಬರ್"},{"$i":"month-9-short","$v":"ಅಕ್ಟೋಬರ್"},{"$i":"month-10-short","$v":"ನವೆಂಬರ್"},{"$i":"month-11-short","$v":"ಡಿಸೆಂಬರ್"},{"$i":"minutes-ago-long","$v":{"zero":"ಈಗಷ್ಟೇ","one":"ಒಂದು ನಿಮಿಷದ ಹಿಂದೆ","two":[{"t":"idOrVar","v":"value"}," ನಿಮಿಷಗಳ ಹಿಂದೆ"],"few":[{"t":"idOrVar","v":"value"}," ನಿಮಿಷಗಳ ಹಿಂದೆ"],"many":[{"t":"idOrVar","v":"value"}," ನಿಮಿಷಗಳ ಹಿಂದೆ"],"other":[{"t":"idOrVar","v":"value"}," ನಿಮಿಷಗಳ ಹಿಂದೆ"]},"$x":[{"t":"idOrVar","v":"plural"},"value"]},{"$i":"hours-ago-long","$v":{"zero":"ಈಗಷ್ಟೇ","one":"ಒಂದು ಗಂಟೆ ಹಿಂದೆ","two":[{"t":"idOrVar","v":"value"}," ಗಂಟೆಗಳ ಹಿಂದೆ"],"few":[{"t":"idOrVar","v":"value"}," ಗಂಟೆಗಳ ಹಿಂದೆ"],"many":[{"t":"idOrVar","v":"value"}," ಗಂಟೆಗಳ ಹಿಂದೆ"],"other":[{"t":"idOrVar","v":"value"}," ಗಂಟೆಗಳ ಹಿಂದೆ"]},"$x":[{"t":"idOrVar","v":"plural"},"value"]},{"$i":"days-ago-long","$v":{"zero":"ಇಂದು","one":"ನಿನ್ನೆ","two":[{"t":"idOrVar","v":"value"}," ದಿನಗಳ ಹಿಂದೆ"],"few":[{"t":"idOrVar","v":"value"}," ದಿನಗಳ ಹಿಂದೆ"],"many":[{"t":"idOrVar","v":"value"}," ದಿನಗಳ ಹಿಂದೆ"],"other":[{"t":"idOrVar","v":"value"}," ದಿನಗಳ ಹಿಂದೆ"]},"$x":[{"t":"idOrVar","v":"plural"},"value"]},{"$i":"weeks-ago-long","$v":{"zero":"ಈ ವಾರ","one":"ಕಳೆದ ವಾರ","two":[{"t":"idOrVar","v":"value"}," ವಾರಗಳ ಹಿಂದೆ"],"few":[{"t":"idOrVar","v":"value"}," ವಾರಗಳ ಹಿಂದೆ"],"many":[{"t":"idOrVar","v":"value"}," ವಾರಗಳ ಹಿಂದೆ"],"other":[{"t":"idOrVar","v":"value"}," ವಾರಗಳ ಹಿಂದೆ"]},"$x":[{"t":"idOrVar","v":"plural"},"value"]},{"$i":"months-ago-long","$v":{"zero":"ಈ ತಿಂಗಳು","one":"ಕಳೆದ ತಿಂಗಳು","two":[{"t":"idOrVar","v":"value"}," ತಿಂಗಳುಗಳ ಹಿಂದೆ"],"few":[{"t":"idOrVar","v":"value"}," ತಿಂಗಳುಗಳ ಹಿಂದೆ"],"many":[{"t":"idOrVar","v":"value"}," ತಿಂಗಳುಗಳ ಹಿಂದೆ"],"other":[{"t":"idOrVar","v":"value"}," ತಿಂಗಳುಗಳ ಹಿಂದೆ"]},"$x":[{"t":"idOrVar","v":"plural"},"value"]},{"$i":"years-ago-long","$v":{"zero":"ಈ ವರ್ಷ","one":"ಕಳೆದ ವರ್ಷ","two":[{"t":"idOrVar","v":"Value"}," ವರ್ಷಗಳ ಹಿಂದೆ"],"few":[{"t":"idOrVar","v":"Value"}," ವರ್ಷಗಳ ಹಿಂದೆ"],"many":[{"t":"idOrVar","v":"Value"}," ವರ್ಷಗಳ ಹಿಂದೆ"],"other":[{"t":"idOrVar","v":"Value"}," ವರ್ಷಗಳ ಹಿಂದೆ"]},"$x":[{"t":"idOrVar","v":"plural"},"value"]},{"$i":"minutes-until-long","$v":{"zero":"ಇದೀಗ","one":"ಒಂದು ನಿಮಿಷದಲ್ಲಿ","two":[{"t":"idOrVar","v":"value"}," ನಿಮಿಷಗಳಲ್ಲಿ"],"few":[{"t":"idOrVar","v":"value"}," ನಿಮಿಷಗಳಲ್ಲಿ"],"many":[{"t":"idOrVar","v":"value"}," ನಿಮಿಷಗಳಲ್ಲಿ"],"other":[{"t":"idOrVar","v":"value"}," ನಿಮಿಷಗಳಲ್ಲಿ"]},"$x":[{"t":"idOrVar","v":"plural"},"value"]},{"$i":"hours-until-long","$v":{"zero":"ಇದೀಗ","one":"ಒಂದು ಗಂಟೆಯಲ್ಲಿ","two":[{"t":"idOrVar","v":"value"}," ಗಂಟೆಗಳಲ್ಲಿ"],"few":[{"t":"idOrVar","v":"value"}," ಗಂಟೆಗಳಲ್ಲಿ"],"many":[{"t":"idOrVar","v":"value"}," ಗಂಟೆಗಳಲ್ಲಿ"],"other":[{"t":"idOrVar","v":"value"}," ಗಂಟೆಗಳಲ್ಲಿ"]},"$x":[{"t":"idOrVar","v":"plural"},"value"]},{"$i":"days-until-long","$v":{"zero":"ಇಂದು","one":"ನಾಳೆ","two":[{"t":"idOrVar","v":"value"}," ದಿನಗಳಲ್ಲಿ"],"few":[{"t":"idOrVar","v":"value"}," ದಿನಗಳಲ್ಲಿ"],"many":[{"t":"idOrVar","v":"value"}," ದಿನಗಳಲ್ಲಿ"],"other":[{"t":"idOrVar","v":"value"}," ದಿನಗಳಲ್ಲಿ"]},"$x":[{"t":"idOrVar","v":"plural"},"value"]},{"$i":"weeks-until-long","$v":{"zero":"ಈ ವಾರ","one":"ಮುಂದಿನ ವಾರ","two":[{"t":"idOrVar","v":"value"}," ವಾರಗಳಲ್ಲಿ"],"few":[{"t":"idOrVar","v":"value"}," ವಾರಗಳಲ್ಲಿ"],"many":[{"t":"idOrVar","v":"value"}," ವಾರಗಳಲ್ಲಿ"],"other":[{"t":"idOrVar","v":"value"}," ವಾರಗಳಲ್ಲಿ"]},"$x":[{"t":"idOrVar","v":"plural"},"value"]},{"$i":"months-until-long","$v":{"zero":"ಈ ತಿಂಗಳು","one":"ಮುಂದಿನ ತಿಂಗಳು","two":[{"t":"idOrVar","v":"value"}," ತಿಂಗಳುಗಳಲ್ಲಿ"],"few":[{"t":"idOrVar","v":"value"}," ತಿಂಗಳುಗಳಲ್ಲಿ"],"many":[{"t":"idOrVar","v":"value"}," ತಿಂಗಳುಗಳಲ್ಲಿ"],"other":[{"t":"idOrVar","v":"value"}," ತಿಂಗಳುಗಳಲ್ಲಿ"]},"$x":[{"t":"idOrVar","v":"plural"},"value"]},{"$i":"years-until-long","$v":{"zero":"ಈ ವರ್ಷ","one":"ಮುಂದಿನ ವರ್ಷ","two":[{"t":"idOrVar","v":"value"}," ವರ್ಷಗಳಲ್ಲಿ"],"few":[{"t":"idOrVar","v":"value"}," ವರ್ಷಗಳಲ್ಲಿ"],"many":[{"t":"idOrVar","v":"value"}," ವರ್ಷಗಳಲ್ಲಿ"],"other":[{"t":"idOrVar","v":"value"}," ವರ್ಷಗಳಲ್ಲಿ"]},"$x":[{"t":"idOrVar","v":"plural"},"value"]},{"$i":"minutes-ago-short","$v":{"zero":"ಈಗಷ್ಟೇ","other":[{"t":"idOrVar","v":"value"},"ನಿಮಿಷಗಳ ಹಿಂದೆ"]},"$x":[{"t":"idOrVar","v":"plural"},"value"]},{"$i":"hours-ago-short","$v":{"zero":"ಈಗಷ್ಟೇ","other":[{"t":"idOrVar","v":"value"},"ಗಂಟೆಗಳ ಹಿಂದೆ"]},"$x":[{"t":"idOrVar","v":"plural"},"value"]},{"$i":"days-ago-short","$v":{"zero":"ಇಂದು","other":[{"t":"idOrVar","v":"value"},"ದಿನದ ಹಿಂದೆ"]},"$x":[{"t":"idOrVar","v":"plural"},"value"]},{"$i":"minutes-until-short","$v":{"zero":"ಇದೀಗ","other":[{"t":"idOrVar","v":"value"},"ನಿಮಿಷಗಳಲ್ಲಿ"]},"$x":[{"t":"idOrVar","v":"plural"},"value"]},{"$i":"hours-until-short","$v":{"zero":"ಇದೀಗ","other":[{"t":"idOrVar","v":"value"},"ಗಂಟೆಗಳಲ್ಲಿ"]},"$x":[{"t":"idOrVar","v":"plural"},"value"]},{"$i":"days-until-short","$v":{"zero":"ಇಂದು","other":[{"t":"idOrVar","v":"value"},"ದಿನದಲ್ಲಿ"]},"$x":[{"t":"idOrVar","v":"plural"},"value"]},{"$i":"incorrectDate","$v":"(ತಪ್ಪಾದ ದಿನಾಂಕ)"},{"$i":"dateTimeFormat_%c","$v":"%a %b %e %Y %I:%M:%S %p"},{"$i":"dateTimeFormat_%x","$v":"%m/%d/%Y"},{"$i":"dateTimeFormat_%X","$v":"%I:%M:%S %p"},{"$i":"shortTimeFormat","$v":"%I:%M %p"},{"$i":"shortTimeFormat12","$v":"%I:%M %p"},{"$i":"shortTimeFormat24","$v":"%H:%M"},{"$i":"shortDateTimeFormat","$v":"%x %I:%M %p"},{"$i":"weekStartsOnMonday","$v":"0"},{"$i":"firstDayOfTheWeek","$v":"0"},{"$i":"time_am","$v":"AM"},{"$i":"time_pm","$v":"PM"}]