[{"$i":"search-or-enter-address","placeholder":"नामो सोदचो वा नोंद करचो"},{"$i":"delete-title","$v":[{"t":"idOrVar","v":"name"}," वगळावचें"]},{"$i":"delete-body","$v":[{"t":"idOrVar","v":"name"}," आनी तातुंतलो सगळो डेटा वगळावतलो."]},{"$i":"delete","$v":"पुसून उडयात"},{"$i":"cancel","$v":"रद्द करचें"},{"$i":"menu","$v":"मेन्यु"},{"$i":"notifications","$v":"आलेट"},{"$i":"speed-dial","$v":"स्पीड डायल"},{"$i":"select","$v":"वेंच्चें"},{"$i":"favorite","$v":"आवडीचे"},{"$i":"unfavorite","$v":"नापसंत"},{"$i":"ok","$v":"बरें आसा"},{"$i":"edit","$v":"संपादन"},{"$i":"call","$v":"कॉल"},{"$i":"message","$v":"संदेश"},{"$i":"options","$v":"पर्याय"},{"$i":"assign","$v":"नेमणूक"},{"$i":"remove","$v":"काडात"},{"$i":"replace","$v":"बदल"},{"$i":"more","$v":"आनीक"},{"$i":"settings","$v":"सेटिंग्स"},{"$i":"contacts","$v":"संपर्क"},{"$i":"voicemail","$v":"व्हॉयसमेल"},{"$i":"speed-dial-not-empty","ariaLabel":[{"t":"idOrVar","v":"order"},", ",{"t":"idOrVar","v":"name"}]},{"$i":"speed-dial-empty","ariaLabel":[{"t":"idOrVar","v":"order"},", रिकामें"]},{"$i":"remove-speed-dial","$v":["तुमकां स्पिड डायलांतल्यान ",{"t":"idOrVar","v":"name"}," काडचें आसा हाची तुमकां खात्री आसा?"]},{"$i":"replace-speed-dial","$v":["तुमकां ",{"t":"idOrVar","v":"subName"}," वांगडा ",{"t":"idOrVar","v":"name"}," बदलचें आसा हाची तुमकां खात्री आसा?"]},{"$i":"assign-speed-dial","$v":["बटन ",{"t":"idOrVar","v":"n"}," चेर स्पिड डायल खातीर संपर्क जोडूंक नाशिल्लो. आतां नेमून दिवचें?"]},{"$i":"assign-voicemail","$v":"वॉयस मेल नंबर मांडूक ना."},{"$i":"alert-for-contacts-without-number","$v":"फोन नंबरा वांगडा संपर्क नात."},{"$i":"option-remove","$v":"स्पिड डायलांतल्यान काडचो"},{"$i":"option-replace","$v":"बदल"},{"$i":"all-apps","$v":"सगळीं-ऍप्लिकेशनां"},{"$i":"add-to-existing-contact","$v":"अस्तित्वातलो संपर्क जोडचो"},{"$i":"create-new-contact","$v":"नवो संपर्क निर्माण करचो"},{"$i":"sending","$v":"धाडटा..."},{"$i":"callAirplaneModeTitle","$v":"विमान मोड क्रियाशील केला"},{"$i":"callAirplaneModeMessage","$v":"कॉल करूंक तुमी मांडावळीत विमान मोड निश्क्रीय करूंक जाय"},{"$i":"emergencyDialogTitle","$v":"नॅटवर्क जोडणी ना"},{"$i":"emergencyDialogBodyBadNumber","$v":"कॉल करूंक, फोन नॅटवर्क कडेन कनॅक्ट करूंक जाय"},{"$i":"emergencyDialogBodyDeviceNotAccepted","$v":"नॅटवर्क ववीं आपात्काळ कॉलांक मान्यताय आसची ना."},{"$i":"invalidNumberToDialTitle","$v":"अवैध फोन नंबर"},{"$i":"invalidNumberToDialMessage","$v":"तुमी कॉल करतात तो फोन नंबर वैध ना"},{"$i":"emergency-call-only","$v":"फकत आपत्कालीन कॉल"},{"$i":"emergency-call-error","$v":[{"t":"idOrVar","v":"number"}," हो आपात्काळ नंबर न्हय."]},{"$i":"numberIsBusyTitle","$v":"नंबर व्यस्त आसा"},{"$i":"numberIsBusyMessage","$v":"नंबर सद्या व्यस्त आसा. उपकार करून मागीर परत यत्न करचो."},{"$i":"fdnIsActiveTitle","$v":"FDN क्रियाशील"},{"$i":"fdnIsActiveMessage","$v":["FDN (स्थिर डायलींग नंबर) क्रियाशील केल्लो आसा आनी मुखावयलो नंबर FDN सुचयेंत ना: ",{"t":"idOrVar","v":"number"}]},{"$i":"otherConnectionInUseTitle","$v":"वापरांत हेर कनॅक्शन आसा"},{"$i":"otherConnectionInUseMessage","$v":"वेगळ्या कनॅक्शनाचेर तुमचे कडेन सक्रीय कॉल आसा. तुमी एके वेळार एकूच कनॅक्शन वापरूंक शकतात."},{"$i":"GenericFailure","$v":"जेनेरीक अपेस"},{"$i":"CallFailed","$v":"कॉल अपेशी जालो"},{"$i":"scCallBarring","$v":"कॉल आडावणीं"},{"$i":"scCallForwarding","$v":"क़ॉल फॉर्वर्ड केलो"},{"$i":"scClip","$v":"इनकमिंग कॉलर ID"},{"$i":"scClir","$v":"आवटगोइंग कॉलर ID"},{"$i":"scPwd","$v":"पासवर्ड बदल"},{"$i":"scCallWaiting","$v":"कॉल रावला"},{"$i":"scPin","$v":"PIN बदल"},{"$i":"scPin2","$v":"PIN 2 बदल"},{"$i":"scPuk","$v":"PIN उगडचो"},{"$i":"scPuk2","$v":"PIN 2 उगडचो"},{"$i":"scImei","$v":"IMEI"},{"$i":"scMeid","$v":"MEID"},{"$i":"scUssd","$v":"USSD"},{"$i":"personal","$v":"वैयक्तीक"},{"$i":"mobile","$v":"मोबायल"},{"$i":"home","$v":"घर"},{"$i":"work","$v":"काम"},{"$i":"fax-home","$v":"फॅक्स घर"},{"$i":"fax-office","$v":"फॅक्स कचेरी"},{"$i":"fax-other","$v":"फॅक्स हेर"},{"$i":"homescreen-settings","$v":"मुखेलस्क्रिन मांडावळी"},{"$i":"change-wallpaper","$v":"वॉलपेपर बदलचो"},{"$i":"add-smart-collections","$v":"स्मार्ट एकठांवण्यो जोडच्यो"},{"$i":"edit-mode","$v":"संपादन"},{"$i":"edit-done","$v":"केलें"},{"$i":"stop-download-title","$v":[{"t":"idOrVar","v":"name"}," थांबोवचें"]},{"$i":"stop-download-body","$v":"तुमकां चालू डावनलोड थांबोवचें आसा?"},{"$i":"stop-download-action","$v":"बंद कर"},{"$i":"resume-download-title","$v":"डावनलोड परत सुरू करचो"},{"$i":"resume-download-body","$v":["तुमकां ",{"t":"idOrVar","v":"name"}," डावनलोड करचें आसा?"]},{"$i":"resume-download-action","$v":"डावनलोड"},{"$i":"edit-group-header","$v":"गट संपादन करात"},{"$i":"tcl-wallpaper-changed","$v":"वॉलपेपर बदल्ला"},{"$i":"gaia-shortcut-app-updated","$v":"ऍप्लिकेशन अपडेट केलां"},{"$i":"clocks-updated","$v":"घड्याळाची अपडेट"},{"$i":"longDateFormat","$v":"%A, %b %e"},{"$i":"app-title","$v":"म्हजीं ऍप्लिकेशनां"},{"$i":"app-uninstall","$v":[{"t":"idOrVar","v":"name"}," ची स्थापणूक काडल्या"]},{"$i":"confirmation","$v":"खात्री"},{"$i":"call-forwarding-async","$v":["असायनक्रोनस: ",{"t":"idOrVar","v":"async"}]},{"$i":"call-forwarding-data","$v":["डेटा: ",{"t":"idOrVar","v":"data"}]},{"$i":"call-forwarding-error","$v":"कॉल फॉर्वर्डिंग स्थितीच्या पुनर्प्राप्ती वेळार चूक उप्रासली"},{"$i":"call-forwarding-fax","$v":["FAX: ",{"t":"idOrVar","v":"fax"}]},{"$i":"call-forwarding-inactive","$v":"निश्क्रीय"},{"$i":"call-forwarding-packet","$v":["पॅकेट: ",{"t":"idOrVar","v":"packet"}]},{"$i":"call-forwarding-pad","$v":["PAD: ",{"t":"idOrVar","v":"pad"}]},{"$i":"call-forwarding-sms","$v":["SMS: ",{"t":"idOrVar","v":"sms"}]},{"$i":"call-forwarding-status","$v":"कॉल फॉर्वर्डिंग स्थिती"},{"$i":"call-forwarding-sync","$v":["सिंक्रोनस: ",{"t":"idOrVar","v":"sync"}]},{"$i":"call-forwarding-voice","$v":["वॉयस: ",{"t":"idOrVar","v":"voice"}]},{"$i":"serviceClassVoice","$v":"आवाज"},{"$i":"serviceClassData","$v":"डेटा"},{"$i":"serviceClassFax","$v":"FAX"},{"$i":"serviceClassSms","$v":"SMS"},{"$i":"serviceClassDataSync","$v":"सिंक"},{"$i":"serviceClassDataAsync","$v":"एसिंक"},{"$i":"serviceClassPacket","$v":"पॅकेट"},{"$i":"serviceClassPad","$v":"PAD"},{"$i":"smServiceEnabled","$v":"सेवा सक्रीय केल्ली"},{"$i":"smServiceDisabled","$v":"सेवा निश्क्रीय जाल्या"},{"$i":"smServiceRegistered","$v":"नोंदणेक येस आयलें"},{"$i":"smServiceErased","$v":"फासपाक येस आयलें"},{"$i":"smServiceInterrogated","$v":"विनंती येसस्वी जाली"},{"$i":"smServiceNotProvisioned","$v":"सेवेची पुरवण करूंक ना"},{"$i":"smClirPermanent","$v":"तुमी कॉलर ID मांडावळ बदलूंक शकतात"},{"$i":"smClirDefaultOnNextCallOn","$v":"कॉलर ID सीमीत कडेनवचूक चुकता. उपरांतचो कॉलः सीमीत"},{"$i":"smClirDefaultOnNextCallOff","$v":"कॉलर ID सीमीत कडेनवचूक चुकता. उपरांतचो कॉलः सीमीत ना"},{"$i":"smClirDefaultOffNextCallOn","$v":"कॉलर ID सीमीत ना कडेन वता. उपरांतचो कॉलः सीमीत"},{"$i":"smClirDefaultOffNextCallOff","$v":"कॉलर ID सीमीत ना कडेन वता. उपरांतचो कॉलः सीमीत ना"},{"$i":"smServiceEnabledFor","$v":"सेवा सक्षम आशिल्ली खातीरः"},{"$i":"smPinChanged","$v":"PIN येसस्वीरितीन बदल्ला"},{"$i":"smPinUnblocked","$v":"PIN येसस्वीरितीन उगडला"},{"$i":"smPin2Changed","$v":"PIN 2 येसस्वीरितीन बदल्ला"},{"$i":"smPin2Unblocked","$v":"PIN 2 येसस्वीरितीन उगडला"},{"$i":"ServiceIsEnabled","$v":"सेवा सक्रीय केल्या"},{"$i":"ServiceIsDisabled","$v":"सेवा निश्क्रीय केल्या"},{"$i":"ServiceIsEnabledFor","$v":"सेवा हाचे खातीर सक्रीय केल्या:"},{"$i":"emMmiError","$v":"कनॅक्शनाची समस्या वा अवैध MMI कोड"},{"$i":"emMmiErrorPasswordIncorrect","$v":"पासवर्ड चुकीचो आसा"},{"$i":"emMmiErrorNotSupported","$v":"अवैध वा तेंको नाशिल्लो MMI कोड"},{"$i":"emMmiErrorInvalidAction","$v":"अवैध कृती"},{"$i":"emMmiErrorInvalidScCode","$v":"अवैध सेवा कोड"},{"$i":"emMmiErrorBadPuk","$v":"तुमी टंक केल्लो  PUK चुकीचो आसा"},{"$i":"emMmiErrorBadPin","$v":"तुमी टंक केल्लो पोरणो PIN चुकीचो आसा"},{"$i":"emMmiErrorNeedPuk2","$v":"SIM कार्ड उकतें करूंक  PUK2 टंक करचो"},{"$i":"emMmiErrorMismatchPin","$v":"तुमी टंक केल्ले PIN जुळनात"},{"$i":"emMmiErrorInvalidPin","$v":"4 ते 8 नंबर आशिल्लो PIN टंक करचो"},{"$i":"emMmiErrorNeedsPuk","$v":"तुमचें SIM कार्ड  PUK लॉक केल्लें आसा"},{"$i":"emMmiErrorEnablePin","$v":"अयेसस्वी. SIM/RUIM लॉक सक्षम करचें"},{"$i":"emMmiErrorMmiFdn","$v":"कांय निश्चीत डायलींग नंबरां कडेनूच कृती मर्यादीत आसा"},{"$i":"emMmiErrorStkCcUssdDial","$v":"USSD विनंती बदलून DIAL विनंती केला."},{"$i":"emMmiErrorStkCcUssdSs","$v":"USSD विनंती बदलून SS विनंती केला."},{"$i":"emMmiErrorStkCcUssdUssd","$v":"USSD विनंती बदलून नवी USSD विनंती केल्या."},{"$i":"emMmiErrorStkCcSsDial","$v":"एसएस विनंती डायल विनंतीत बदल्ल्या"},{"$i":"emMmiErrorStkCcSsUssd","$v":"SS विनंती बदलून USSD विनंती केला."},{"$i":"emMmiErrorStkCcSsSs","$v":"एसएस विनंती नव्या एसएस विनंतीत बदल्ल्या"},{"$i":"emMmiErrorPinPukAttempts","$v":{"one":["फकत ",{"t":"idOrVar","v":"n"}," परत यत्न उरला"],"two":[{"t":"idOrVar","v":"n"}," परत यत्न उरल्यात"],"few":[{"t":"idOrVar","v":"n"}," परत यत्न उरल्यात"],"many":[{"t":"idOrVar","v":"n"}," परत यत्न उरल्यात"],"other":[{"t":"idOrVar","v":"n"}," परत यत्न उरल्यात"]},"$x":[{"t":"idOrVar","v":"plural"},"n"]},{"$i":"emMmiErrorSimBlocked","$v":"परत यत्न करपाच्या कमाल संख्ये कडेन पावल्यात. SIM आडायलां"},{"$i":"RadioNotAvailable","$v":"रेडियो उपलब्ध ना"},{"$i":"PasswordIncorrect","$v":"पासवर्ड चुकीचो आसा"},{"$i":"SimPin2","$v":"SIM PIN2"},{"$i":"SimPuk2","$v":"SIM  PUK2"},{"$i":"RequestNotSupported","$v":"विनंतीक तेंको ना"},{"$i":"OpNotAllowedDuringVoiceCall","$v":"वॉयस कॉला वेळार कृतीक मान्यताय ना"},{"$i":"SmsSendFailRetry","$v":"SMS धाडप अपेस परत यत्न"},{"$i":"SimAbsent","$v":"SIM गैरहजर"},{"$i":"SubscriptionNotAvailable","$v":"वर्गणी उपलब्ध ना"},{"$i":"ModeNotSupported","$v":"मोडाक तेंको ना"},{"$i":"FdnCheckFailure","$v":"FDN तपासणी अपेस"},{"$i":"IllegalSimOrMe","$v":"अवैध SIM वा ME"},{"$i":"DialModifiedToUssd","$v":"USSD कडेन डायल बदल्लां"},{"$i":"DialModifiedToSs","$v":"एसएस कडेन डायल बदल्लां"},{"$i":"DialModifiedToDial","$v":"डायल कडेन डायल बदल्लां"},{"$i":"UssdModifiedToDial","$v":"USSD डायलांत बदल्ला"},{"$i":"UssdModifiedToSs","$v":"SS बदल्ला USSD हातूंत"},{"$i":"UssdModifiedToUssd","$v":"USSD बदल्ला USSD हातूंत"},{"$i":"SsModifiedToDial","$v":"एसएस डायलांत बदल्ला"},{"$i":"SsModifiedToUssd","$v":"SS बदल्ला USSD हातूंत"},{"$i":"SsModifiedToSs","$v":"एसएस बदल्ला एस एस हातूंत"},{"$i":"SubscriptionNotSupported","$v":"वर्गणेक तेंको ना"},{"$i":"InvalidParameter","$v":"अवैध परामिटर"},{"$i":"RejectedByRemote","$v":"पयसुल्ल्यान न्हयकारलें"},{"$i":"sim-with-index-and-carrier","$v":["SIM ",{"t":"idOrVar","v":"index"}," - ",{"t":"idOrVar","v":"carrier"}]},{"$i":"sim-without-carrier","$v":["SIM ",{"t":"idOrVar","v":"index"}]},{"$i":"label","$v":"लेबल"},{"$i":"faxHome","$v":"फॅक्स घर"},{"$i":"faxOffice","$v":"फॅक्स कचेरी"},{"$i":"faxOther","$v":"फॅक्स हेर"},{"$i":"another","$v":"दुसरें"},{"$i":"other","$v":"हेर"},{"$i":"tcl-customTag","$v":"कस्टम टॅग"},{"$i":"customTag","$v":"कस्टम टॅग","placeholder":"कस्टम टॅग"},{"$i":"current","$v":"चालंत"},{"$i":"itemWithLabel","$v":[{"t":"idOrVar","v":"label"},", ",{"t":"idOrVar","v":"item"}]},{"$i":"weekday-0-long","$v":"आयतार"},{"$i":"weekday-1-long","$v":"सोमार"},{"$i":"weekday-2-long","$v":"मंगळार"},{"$i":"weekday-3-long","$v":"बुधवार"},{"$i":"weekday-4-long","$v":"बिरेस्तार"},{"$i":"weekday-5-long","$v":"शुक्रार"},{"$i":"weekday-6-long","$v":"शेनवार"},{"$i":"weekday-0-short","$v":"सुर्य"},{"$i":"weekday-1-short","$v":"सोमार"},{"$i":"weekday-2-short","$v":"मं"},{"$i":"weekday-3-short","$v":"बुध"},{"$i":"weekday-4-short","$v":"बिरे"},{"$i":"weekday-5-short","$v":"शुक्र"},{"$i":"weekday-6-short","$v":"शे"},{"$i":"month-0-long","$v":"जानेवारी"},{"$i":"month-1-long","$v":"फेब्रुवारी"},{"$i":"month-2-long","$v":"मार्च"},{"$i":"month-3-long","$v":"एप्रिल"},{"$i":"month-4-long","$v":"माय"},{"$i":"month-5-long","$v":"जून"},{"$i":"month-6-long","$v":"जुलाय"},{"$i":"month-7-long","$v":"आगोस्त"},{"$i":"month-8-long","$v":"सप्टेंबर"},{"$i":"month-9-long","$v":"ऑक्टोबर"},{"$i":"month-10-long","$v":"नोव्हेंबर"},{"$i":"month-11-long","$v":"डिसेंबर"},{"$i":"month-0-genitive","$v":"जानेवारी"},{"$i":"month-1-genitive","$v":"फेब्रुवारी"},{"$i":"month-2-genitive","$v":"मार्च"},{"$i":"month-3-genitive","$v":"एप्रिल"},{"$i":"month-4-genitive","$v":"माय"},{"$i":"month-5-genitive","$v":"जून"},{"$i":"month-6-genitive","$v":"जुलाय"},{"$i":"month-7-genitive","$v":"आगोस्त"},{"$i":"month-8-genitive","$v":"सप्टेंबर"},{"$i":"month-9-genitive","$v":"ऑक्टोबर"},{"$i":"month-10-genitive","$v":"नोव्हेंबर"},{"$i":"month-11-genitive","$v":"डिसेंबर"},{"$i":"month-0-short","$v":"जान"},{"$i":"month-1-short","$v":"फेब्रु"},{"$i":"month-2-short","$v":"मार"},{"$i":"month-3-short","$v":"एप्री"},{"$i":"month-4-short","$v":"माय"},{"$i":"month-5-short","$v":"जू"},{"$i":"month-6-short","$v":"जुला"},{"$i":"month-7-short","$v":"आगो"},{"$i":"month-8-short","$v":"सप्ट"},{"$i":"month-9-short","$v":"ऑक्टो"},{"$i":"month-10-short","$v":"नो"},{"$i":"month-11-short","$v":"डिसें"},{"$i":"minutes-ago-long","$v":{"zero":"आतांच","one":"एक मिनीट आदीं","two":[{"t":"idOrVar","v":"value"}," मिन्टां आदीं"],"few":[{"t":"idOrVar","v":"value"}," मिन्टां आदीं"],"many":[{"t":"idOrVar","v":"value"}," मिन्टां आदीं"],"other":[{"t":"idOrVar","v":"value"}," मिन्टां आदीं"]},"$x":[{"t":"idOrVar","v":"plural"},"value"]},{"$i":"hours-ago-long","$v":{"zero":"आतांच","one":"एक वरा आदीं","two":[{"t":"idOrVar","v":"value"}," वरां आदीं"],"few":[{"t":"idOrVar","v":"value"}," वरां आदीं"],"many":[{"t":"idOrVar","v":"value"}," वरां आदीं"],"other":[{"t":"idOrVar","v":"value"}," वरां आदीं"]},"$x":[{"t":"idOrVar","v":"plural"},"value"]},{"$i":"days-ago-long","$v":{"zero":"आयज","one":"काल","two":[{"t":"idOrVar","v":"value"}," दीसां आदीं"],"few":[{"t":"idOrVar","v":"value"}," दीसां आदीं"],"many":[{"t":"idOrVar","v":"value"}," दीसां आदीं"],"other":[{"t":"idOrVar","v":"value"}," दीसां आदीं"]},"$x":[{"t":"idOrVar","v":"plural"},"value"]},{"$i":"weeks-ago-long","$v":{"zero":"हो सप्तक","one":"निमाणो सप्तक","two":[{"t":"idOrVar","v":"value"}," सप्तकां आदीं"],"few":[{"t":"idOrVar","v":"value"}," सप्तकां आदीं"],"many":[{"t":"idOrVar","v":"value"}," सप्तकां आदीं"],"other":[{"t":"idOrVar","v":"value"}," सप्तकां आदीं"]},"$x":[{"t":"idOrVar","v":"plural"},"value"]},{"$i":"months-ago-long","$v":{"zero":"हो म्हयनो","one":"निमाणो म्हयनो","two":[{"t":"idOrVar","v":"value"}," म्हयन्यां आदीं"],"few":[{"t":"idOrVar","v":"value"}," म्हयन्यां आदीं"],"many":[{"t":"idOrVar","v":"value"}," म्हयन्यां आदीं"],"other":[{"t":"idOrVar","v":"value"}," म्हयन्यां आदीं"]},"$x":[{"t":"idOrVar","v":"plural"},"value"]},{"$i":"years-ago-long","$v":{"zero":"हें वर्स","one":"निमाणें वर्स","two":[{"t":"idOrVar","v":"value"}," वर्सां आदीं"],"few":[{"t":"idOrVar","v":"value"}," वर्सां आदीं"],"many":[{"t":"idOrVar","v":"value"}," वर्सां आदीं"],"other":[{"t":"idOrVar","v":"value"}," वर्सां आदीं"]},"$x":[{"t":"idOrVar","v":"plural"},"value"]},{"$i":"minutes-until-long","$v":{"zero":"आतां","one":"एका मिन्टान","two":[{"t":"idOrVar","v":"value"}," मिन्टांनी"],"few":[{"t":"idOrVar","v":"value"}," मिन्टांनी"],"many":[{"t":"idOrVar","v":"value"}," मिन्टांनी"],"other":[{"t":"idOrVar","v":"value"}," मिन्टांनी"]},"$x":[{"t":"idOrVar","v":"plural"},"value"]},{"$i":"hours-until-long","$v":{"zero":"आतां","one":"एका वरान","two":[{"t":"idOrVar","v":"value"}," वरांनी"],"few":[{"t":"idOrVar","v":"value"}," वरांनी"],"many":[{"t":"idOrVar","v":"value"}," वरांनी"],"other":[{"t":"idOrVar","v":"value"}," वरांनी"]},"$x":[{"t":"idOrVar","v":"plural"},"value"]},{"$i":"days-until-long","$v":{"zero":"आयज","one":"फाल्यां","two":[{"t":"idOrVar","v":"value"}," दिसांनी"],"few":[{"t":"idOrVar","v":"value"}," दिसांनी"],"many":[{"t":"idOrVar","v":"value"}," दिसांनी"],"other":[{"t":"idOrVar","v":"value"}," दिसांनी"]},"$x":[{"t":"idOrVar","v":"plural"},"value"]},{"$i":"weeks-until-long","$v":{"zero":"हो सप्तक","one":"नवो सप्तक","two":[{"t":"idOrVar","v":"value"}," सप्तकांनी"],"few":[{"t":"idOrVar","v":"value"}," सप्तकांनी"],"many":[{"t":"idOrVar","v":"value"}," सप्तकांनी"],"other":[{"t":"idOrVar","v":"value"}," सप्तकांनी"]},"$x":[{"t":"idOrVar","v":"plural"},"value"]},{"$i":"months-until-long","$v":{"zero":"हो म्हयनो","one":"फुडलो म्हयनो","two":[{"t":"idOrVar","v":"value"}," म्हयन्यांनीं"],"few":[{"t":"idOrVar","v":"value"}," म्हयन्यांनीं"],"many":[{"t":"idOrVar","v":"value"}," म्हयन्यांनीं"],"other":[{"t":"idOrVar","v":"value"}," म्हयन्यांनीं"]},"$x":[{"t":"idOrVar","v":"plural"},"value"]},{"$i":"years-until-long","$v":{"zero":"हें वर्स","one":"नवें वर्स","two":[{"t":"idOrVar","v":"value"}," वर्सांनी"],"few":[{"t":"idOrVar","v":"value"}," वर्सांनी"],"many":[{"t":"idOrVar","v":"value"}," वर्सांनी"],"other":[{"t":"idOrVar","v":"value"}," वर्सांनी"]},"$x":[{"t":"idOrVar","v":"plural"},"value"]},{"$i":"minutes-ago-short","$v":{"zero":"आतांच","other":[{"t":"idOrVar","v":"value"},"म्ह आदीं"]},"$x":[{"t":"idOrVar","v":"plural"},"value"]},{"$i":"hours-ago-short","$v":{"zero":"आतांच","other":[{"t":"idOrVar","v":"value"}," व आदीं"]},"$x":[{"t":"idOrVar","v":"plural"},"value"]},{"$i":"days-ago-short","$v":{"zero":"आयज","other":[{"t":"idOrVar","v":"value"},"दी आदीं"]},"$x":[{"t":"idOrVar","v":"plural"},"value"]},{"$i":"minutes-until-short","$v":{"zero":"आतां","other":[{"t":"idOrVar","v":"value"}," मि"]},"$x":[{"t":"idOrVar","v":"plural"},"value"]},{"$i":"hours-until-short","$v":{"zero":"आतां","other":[{"t":"idOrVar","v":"value"}," वर"]},"$x":[{"t":"idOrVar","v":"plural"},"value"]},{"$i":"days-until-short","$v":{"zero":"आयज","other":[{"t":"idOrVar","v":"value"}," दी"]},"$x":[{"t":"idOrVar","v":"plural"},"value"]},{"$i":"incorrectDate","$v":"(चुकीची तारीख)"},{"$i":"dateTimeFormat_%c","$v":"%a %b %e %Y %I:%M:%S %p"},{"$i":"dateTimeFormat_%x","$v":"%m/%d/%Y"},{"$i":"dateTimeFormat_%X","$v":"%I:%M:%S %p"},{"$i":"shortTimeFormat","$v":"%I:%M %p"},{"$i":"shortTimeFormat12","$v":"%I:%M %p"},{"$i":"shortTimeFormat24","$v":"%H:%M"},{"$i":"shortDateTimeFormat","$v":"%x %I:%M %p"},{"$i":"weekStartsOnMonday","$v":"0"},{"$i":"firstDayOfTheWeek","$v":"0"},{"$i":"time_am","$v":"AM"},{"$i":"time_pm","$v":"PM"}]