[{"$i":"search-or-enter-address","placeholder":"ژھار تِہ دِیو ایڈریس"},{"$i":"delete-title","$v":[{"t":"idOrVar","v":"name"}," خٲرج کریو"]},{"$i":"delete-body","$v":["تِہ تمام امک ڈیٹا یی خٲرج کرنِہ ",{"t":"idOrVar","v":"name"}]},{"$i":"delete","$v":"خٲرج"},{"$i":"cancel","$v":"رد کر"},{"$i":"menu","$v":"مینو"},{"$i":"notifications","$v":"مین الیرٹس"},{"$i":"speed-dial","$v":"سپیڈ ڈائل"},{"$i":"select","$v":"چُنیو"},{"$i":"favorite","$v":"خاص"},{"$i":"unfavorite","$v":"بے مقبول"},{"$i":"ok","$v":"ٹھیک"},{"$i":"edit","$v":"درست"},{"$i":"call","$v":"کال"},{"$i":"message","$v":"مسیج"},{"$i":"options","$v":"انتخابات"},{"$i":"assign","$v":"مقرر کر"},{"$i":"remove","$v":"معزول"},{"$i":"replace","$v":"بدلاو جاے"},{"$i":"more","$v":"مزید"},{"$i":"settings","$v":"سیٹِنگس"},{"$i":"contacts","$v":"رٲبطہ"},{"$i":"voicemail","$v":"وائس میل"},{"$i":"speed-dial-not-empty","ariaLabel":[{"t":"idOrVar","v":"order"},", ",{"t":"idOrVar","v":"name"}]},{"$i":"speed-dial-empty","ariaLabel":["خٲلی ،",{"t":"idOrVar","v":"order"}]},{"$i":"remove-speed-dial","$v":["سپیڈ ڈائل منز ؟ ",{"t":"idOrVar","v":"name"}," توہ چھوا یقین توہ چھو یژھان معزول کرُن"]},{"$i":"replace-speed-dial","$v":["؟",{"t":"idOrVar","v":"subName"},"یتھ سیتھ ",{"t":"idOrVar","v":"name"}," توہ چھوا یقین توہ چھو یژھان بدلاوُن"]},{"$i":"assign-speed-dial","$v":["۔",{"t":"idOrVar","v":"n"}," رٲبطہ آو نِہ شٲمل کرنِہ بٹنس پیٹھ از سپیڈ ڈائل وین کر مقرر"]},{"$i":"assign-voicemail","$v":"وائس میل نمبر چھِ نِہ آمُت تھاونِہ۔"},{"$i":"alert-for-contacts-without-number","$v":"یتہٕ چھہٕ نہٕ کاہنہ رأبطہ فون نمبر ہیتھۍ دستیاب۔"},{"$i":"option-remove","$v":"معزول کر سپیڈ ڈائل منز"},{"$i":"option-replace","$v":"بدلاو جاے"},{"$i":"all-apps","$v":"تمام۔ایپس"},{"$i":"add-to-existing-contact","$v":"شٲمل کر موجودہ رٲبطن منز"},{"$i":"create-new-contact","$v":"بناو نو رٲبطہ"},{"$i":"sending","$v":"سوزان۔ ۔ ۔"},{"$i":"callAirplaneModeTitle","$v":"ایر پلین انداز چالو"},{"$i":"callAirplaneModeMessage","$v":"کال کرنِہ خٲطر چھِ توہ ضورتھ سیٹنگس منز ایرپلین انداز ناکار کرُن"},{"$i":"emergencyDialogTitle","$v":"کاہ نیٹورک کنکشن چھِ نِہ"},{"$i":"emergencyDialogBodyBadNumber","$v":"کال کرنِہ خٲطر، فون گژھ آسُن جوڑیتھ نیٹورکس سیتھ"},{"$i":"emergencyDialogBodyDeviceNotAccepted","$v":"ھنگٲمی کال چھِ نِہ نیٹورک سیتھ اجازت تھاوان۔"},{"$i":"invalidNumberToDialTitle","$v":"غیر درست فون نمبر"},{"$i":"invalidNumberToDialMessage","$v":"فون نمبر یتھ توہ کال چھو کران چھِ نِہ درست"},{"$i":"emergency-call-only","$v":"صرف امرجنسی کال"},{"$i":"emergency-call-error","$v":["چھِ نِہ اکھ ھنگٲمی نمبر ",{"t":"idOrVar","v":"number"}]},{"$i":"numberIsBusyTitle","$v":"نمبر چھِ آوُر"},{"$i":"numberIsBusyMessage","$v":"نمبر چھِ فی الحال آوُر۔ مہربٲنی کریتھ کریو پتِہ پہن کوشش۔"},{"$i":"fdnIsActiveTitle","$v":"چالو FDN"},{"$i":"fdnIsActiveMessage","$v":[":فہرست منز ایف ڈی این فیکسڈ ڈائلنگ نمبر چھِ چالو تِہ یِہ ذیل نمبر چھِ نِہ تہندیس ایف ڈی این ",{"t":"idOrVar","v":"number"}]},{"$i":"otherConnectionInUseTitle","$v":"بدل کنکشن چھِ استعمالس منز"},{"$i":"otherConnectionInUseMessage","$v":"توہ چھِ اکھ ایکٹیو کال بدل کنکشنس پیٹھ۔ توہ ھیکو صرف اکھ کنکشن اکِہ وقتہ استعمال کریتھ"},{"$i":"GenericFailure","$v":"کل ناکٲمی"},{"$i":"CallFailed","$v":"کال سپِز ناکام"},{"$i":"scCallBarring","$v":"کال بیرنگ"},{"$i":"scCallForwarding","$v":"کال فارویڑنگ"},{"$i":"scClip","$v":"ینِہ واجن کالر ID"},{"$i":"scClir","$v":"گژھن واجن کالر ID"},{"$i":"scPwd","$v":"بدلاۅ شناختی لفظ"},{"$i":"scCallWaiting","$v":"کال پرارناوُن"},{"$i":"scPin","$v":"بدلاۅ PIN"},{"$i":"scPin2","$v":"آو بدلاونِہ پِن2"},{"$i":"scPuk","$v":"پِن ان لاک"},{"$i":"scPuk2","$v":"پِن2 ان لاک"},{"$i":"scImei","$v":"IMEI"},{"$i":"scMeid","$v":"MEID"},{"$i":"scUssd","$v":"USSD"},{"$i":"personal","$v":"ذٲتی"},{"$i":"mobile","$v":"موبائل"},{"$i":"home","$v":"گھر"},{"$i":"work","$v":"کیم"},{"$i":"fax-home","$v":"فیکس ھوم"},{"$i":"fax-office","$v":"فیکس دفتر"},{"$i":"fax-other","$v":"فیکس بٲقی"},{"$i":"homescreen-settings","$v":"ھوم سکرین سیٹنگس"},{"$i":"change-wallpaper","$v":"بدلاو والپیپر"},{"$i":"add-smart-collections","$v":"شٲمل کر سمارٹ کلیلشن"},{"$i":"edit-mode","$v":"درست"},{"$i":"edit-done","$v":"مکمل"},{"$i":"stop-download-title","$v":[{"t":"idOrVar","v":"name"}," رُکاو"]},{"$i":"stop-download-body","$v":"توہ چھوا یژھان رُکاوُن ڈاونلوڈ عملِ یِم جٲری چھِ؟"},{"$i":"stop-download-action","$v":"رُک"},{"$i":"resume-download-title","$v":"ری سٹارٹ کر ڈاونلوڈ"},{"$i":"resume-download-body","$v":["؟",{"t":"idOrVar","v":"name"}," توہ چھوا یژھان ڈاونلوڈ کرُن"]},{"$i":"resume-download-action","$v":"ڈاونلوڈ"},{"$i":"edit-group-header","$v":"درست کریو گروپ"},{"$i":"tcl-wallpaper-changed","$v":"والپیپر تبدیل"},{"$i":"gaia-shortcut-app-updated","$v":"ایپ اپ ڈیٹ"},{"$i":"clocks-updated","$v":"کلاک اپ ڈیٹ"},{"$i":"longDateFormat","$v":"%A, %b %e"},{"$i":"app-title","$v":"مین ایپس"},{"$i":"app-uninstall","$v":["آو ان انسٹال کرنِہ ",{"t":"idOrVar","v":"name"}]},{"$i":"confirmation","$v":"تصدیق"},{"$i":"call-forwarding-async","$v":[":اسینکرونس ",{"t":"idOrVar","v":"async"}]},{"$i":"call-forwarding-data","$v":["ڈیٹا: ",{"t":"idOrVar","v":"data"}]},{"$i":"call-forwarding-error","$v":"اکھ سھو آو کال فارویڑنگ حالت حٲصل کرنس منز"},{"$i":"call-forwarding-fax","$v":["FAX: ",{"t":"idOrVar","v":"fax"}]},{"$i":"call-forwarding-inactive","$v":"ان ایکٹیو"},{"$i":"call-forwarding-packet","$v":[":پیکٹ ",{"t":"idOrVar","v":"packet"}]},{"$i":"call-forwarding-pad","$v":["PAD: ",{"t":"idOrVar","v":"pad"}]},{"$i":"call-forwarding-sms","$v":["SMS: ",{"t":"idOrVar","v":"sms"}]},{"$i":"call-forwarding-status","$v":"کال فارویڑنگ حالت"},{"$i":"call-forwarding-sync","$v":[":سینکرونس ",{"t":"idOrVar","v":"sync"}]},{"$i":"call-forwarding-voice","$v":[":وائس ",{"t":"idOrVar","v":"voice"}]},{"$i":"serviceClassVoice","$v":"وائس"},{"$i":"serviceClassData","$v":"ڈیٹا"},{"$i":"serviceClassFax","$v":"FAX"},{"$i":"serviceClassSms","$v":"SMS"},{"$i":"serviceClassDataSync","$v":"سینک"},{"$i":"serviceClassDataAsync","$v":"اکھ سینک"},{"$i":"serviceClassPacket","$v":"پیکٹ"},{"$i":"serviceClassPad","$v":"PAD"},{"$i":"smServiceEnabled","$v":"سروس آے کارگر کرنِہ"},{"$i":"smServiceDisabled","$v":"سروس چھِ آمِژ ناکار کرنِہ"},{"$i":"smServiceRegistered","$v":"اندراج سپُد کامیاب"},{"$i":"smServiceErased","$v":"مِٹراوُن سپُد کامیاب"},{"$i":"smServiceInterrogated","$v":"درخواست روز کامیاب"},{"$i":"smServiceNotProvisioned","$v":"سروس چھِ نِہ پرویجن کریتھ"},{"$i":"smClirPermanent","$v":"سیٹنگس ID توہ ھیکو نِہ تبدیل کریتھ کالر"},{"$i":"smClirDefaultOnNextCallOn","$v":"کالر ID چھِ پابند ڈِفالٹن۔ نیو کال: محدود"},{"$i":"smClirDefaultOnNextCallOff","$v":"کالر ID چھِ پابند ڈِفالٹن۔ نیو کال: غیر محدود"},{"$i":"smClirDefaultOffNextCallOn","$v":"کالر ID چھِ ڈِفالٹ تھٲویتھ غیر محدود۔ نیو کال: محدود"},{"$i":"smClirDefaultOffNextCallOff","$v":"کالر ID چھِ ڈِفالٹ تھٲویتھ غیر محدود۔ نیو کال: غیر محدود"},{"$i":"smServiceEnabledFor","$v":"سروس آے کارگر کرنِہ یتھ خٲطر:"},{"$i":"smPinChanged","$v":"آو کامیٲبی سان بدلاونِہ پِن"},{"$i":"smPinUnblocked","$v":"آو کامیٲبی سان ان لاک کرنِہ پِن"},{"$i":"smPin2Changed","$v":"آو کامیٲبی سان بدلاونِہ پِن2"},{"$i":"smPin2Unblocked","$v":"آو کامیٲبی سان ان لاک کرنِہ پِن2"},{"$i":"ServiceIsEnabled","$v":"سروس چھِ کارگر"},{"$i":"ServiceIsDisabled","$v":"سروس چھِ ناکار کریتھ"},{"$i":"ServiceIsEnabledFor","$v":"سروس چھِ کارگر یتھ خٲطر:"},{"$i":"emMmiError","$v":"کوڈ MMI کنکشن مشکلات یا غلط"},{"$i":"emMmiErrorPasswordIncorrect","$v":"غیر درست شناختی لفظ"},{"$i":"emMmiErrorNotSupported","$v":"کوڈ MMI غیر درست یا بے سہارہ"},{"$i":"emMmiErrorInvalidAction","$v":"غیر درست حرکت"},{"$i":"emMmiErrorInvalidScCode","$v":"غیر درست سروس کوڈ"},{"$i":"emMmiErrorBadPuk","$v":"یوس توہ لکھیو چھِ غیر درست پی یو کے"},{"$i":"emMmiErrorBadPin","$v":"یوس توہ لکھیو چھِ نِہ درست PIN پرون"},{"$i":"emMmiErrorNeedPuk2","$v":"کاڈ ان لاک کرنِہ خٲطر سِم پنُن پی یو کے2 لکھیو"},{"$i":"emMmiErrorMismatchPin","$v":"یِم توہ لکھیو چھِ نِہ رلان پِنs"},{"$i":"emMmiErrorInvalidPin","$v":"نمبرات 8 پیٹھ 4 یوس آسِہ پِن لکھیو اکھ"},{"$i":"emMmiErrorNeedsPuk","$v":"لاک گومُت پی یو کے چھِ سِم تُہند"},{"$i":"emMmiErrorEnablePin","$v":"ناکامیاب LOCK سِم/RUIM کارگر کریو"},{"$i":"emMmiErrorMmiFdn","$v":"آپریشن چھِ پابند صرف فیکسڈ ڈائلنگ نمبرن"},{"$i":"emMmiErrorStkCcUssdDial","$v":"USSD عرضی چھِ ترٲشیتھ ڈائل عرضی خٲطر۔"},{"$i":"emMmiErrorStkCcUssdSs","$v":"USSD عرضی چھِ ترٲشیتھ SS عرضی خٲطر۔"},{"$i":"emMmiErrorStkCcUssdUssd","$v":"USSD عرضی چھِ ترٲشیتھ نیو USSD عرضی خٲطر۔"},{"$i":"emMmiErrorStkCcSsDial","$v":"درخواست آے تراش کرنِہ ڈائل درخواست SS"},{"$i":"emMmiErrorStkCcSsUssd","$v":"SS عرضی چھِ ترٲشیتھ USSD عرضی خٲطر۔"},{"$i":"emMmiErrorStkCcSsSs","$v":"درخواست SS درخواست آے تراش کرنِہ اکھ نیو SS"},{"$i":"emMmiErrorPinPukAttempts","$v":{"one":["نَے کوشش بٲقی ",{"t":"idOrVar","v":"n"}," صرف"],"two":["نَے سر کوشش بٲقی ",{"t":"idOrVar","v":"n"}],"few":["نَے سر کوشش بٲقی ",{"t":"idOrVar","v":"n"}],"many":["نَے سر کوشش بٲقی ",{"t":"idOrVar","v":"n"}],"other":["نَے سر کوشش بٲقی ",{"t":"idOrVar","v":"n"}]},"$x":[{"t":"idOrVar","v":"plural"},"n"]},{"$i":"emMmiErrorSimBlocked","$v":"زیادِ خوت زیادِ نَے سر کوشش گَے تجاوُز بلاکڈ سِم"},{"$i":"RadioNotAvailable","$v":"ریڈیو چھِ نِہ دستیاب"},{"$i":"PasswordIncorrect","$v":"غلط پاس کوڈ"},{"$i":"SimPin2","$v":"سِم پِن2"},{"$i":"SimPuk2","$v":"سِم پی یو کے2"},{"$i":"RequestNotSupported","$v":"درخواست چھِ بے سہارہ"},{"$i":"OpNotAllowedDuringVoiceCall","$v":"آپریشن چھِ نِہ اجازت تھاوان وائس کالِ دوران"},{"$i":"SmsSendFailRetry","$v":"سوزُن ناکام نَے کریو کوشش SMS"},{"$i":"SimAbsent","$v":"غٲئب سِم"},{"$i":"SubscriptionNotAvailable","$v":"سبسکریپشن چھِ نِہ دستیاب"},{"$i":"ModeNotSupported","$v":"انداز چھِ بے سہارہ"},{"$i":"FdnCheckFailure","$v":"جانچ ناکٲمی ایف ڈی این"},{"$i":"IllegalSimOrMe","$v":"ME یا سِم ناجٲئز"},{"$i":"DialModifiedToUssd","$v":"سیتھ USSD ڈائل کُر تراش"},{"$i":"DialModifiedToSs","$v":"سیتھ SS ڈائل کُر تراش"},{"$i":"DialModifiedToDial","$v":"ڈائل کُر تراش ڈائل خٲطر"},{"$i":"UssdModifiedToDial","$v":"آو تراش کرنِہ ڈائل USSD"},{"$i":"UssdModifiedToSs","$v":"USSD آو تراش کرنِہ SS"},{"$i":"UssdModifiedToUssd","$v":"USSD آو تراش کرنِہ USSD"},{"$i":"SsModifiedToDial","$v":"آو تراش کرنِہ ڈائل SS"},{"$i":"SsModifiedToUssd","$v":"SS آو تراش کرنِہ USSD"},{"$i":"SsModifiedToSs","$v":"SS آو تراش کرنِہ SS"},{"$i":"SubscriptionNotSupported","$v":"سبسکریپشن چھِ بے سہارہ"},{"$i":"InvalidParameter","$v":"غیر درست پیرا میٹر"},{"$i":"RejectedByRemote","$v":"ریموٹ ذریعہ انکار"},{"$i":"sim-with-index-and-carrier","$v":["سِم ",{"t":"idOrVar","v":"index"}," - ",{"t":"idOrVar","v":"carrier"}]},{"$i":"sim-without-carrier","$v":["SIM ",{"t":"idOrVar","v":"index"}]},{"$i":"label","$v":"لیبل"},{"$i":"faxHome","$v":"فیکس ھوم"},{"$i":"faxOffice","$v":"فیکس دفتر"},{"$i":"faxOther","$v":"فیکس بٲقی"},{"$i":"another","$v":"بدل اکھ"},{"$i":"other","$v":"بدل"},{"$i":"tcl-customTag","$v":"کسٹم ٹیگ"},{"$i":"customTag","$v":"کسٹم ٹیگ","placeholder":"کسٹم ٹیگ"},{"$i":"current","$v":"حالیہ"},{"$i":"itemWithLabel","$v":[{"t":"idOrVar","v":"label"},", ",{"t":"idOrVar","v":"item"}]},{"$i":"weekday-0-long","$v":"آتھوار"},{"$i":"weekday-1-long","$v":"ژیندوار"},{"$i":"weekday-2-long","$v":"بوموار"},{"$i":"weekday-3-long","$v":"بُدھوار"},{"$i":"weekday-4-long","$v":"بریسوار"},{"$i":"weekday-5-long","$v":"جُمع"},{"$i":"weekday-6-long","$v":"بٹوار"},{"$i":"weekday-0-short","$v":"آتھوار"},{"$i":"weekday-1-short","$v":"ژیندوار"},{"$i":"weekday-2-short","$v":"بوموار"},{"$i":"weekday-3-short","$v":"بُدھوار"},{"$i":"weekday-4-short","$v":"بریسوار"},{"$i":"weekday-5-short","$v":"جُمع"},{"$i":"weekday-6-short","$v":"بٹوار"},{"$i":"month-0-long","$v":"جنوری"},{"$i":"month-1-long","$v":"فروری"},{"$i":"month-2-long","$v":"مارچ"},{"$i":"month-3-long","$v":"اپریل"},{"$i":"month-4-long","$v":"مئی"},{"$i":"month-5-long","$v":"جون"},{"$i":"month-6-long","$v":"جولائی"},{"$i":"month-7-long","$v":"اگست"},{"$i":"month-8-long","$v":"ستمبر"},{"$i":"month-9-long","$v":"اکتومبر"},{"$i":"month-10-long","$v":"نومبر"},{"$i":"month-11-long","$v":"دسمبر"},{"$i":"month-0-genitive","$v":"جنوری"},{"$i":"month-1-genitive","$v":"فروری"},{"$i":"month-2-genitive","$v":"مارچ"},{"$i":"month-3-genitive","$v":"اپریل"},{"$i":"month-4-genitive","$v":"مئی"},{"$i":"month-5-genitive","$v":"جون"},{"$i":"month-6-genitive","$v":"جولائی"},{"$i":"month-7-genitive","$v":"اگست"},{"$i":"month-8-genitive","$v":"ستمبر"},{"$i":"month-9-genitive","$v":"اکتومبر"},{"$i":"month-10-genitive","$v":"نومبر"},{"$i":"month-11-genitive","$v":"دسمبر"},{"$i":"month-0-short","$v":"جنوری"},{"$i":"month-1-short","$v":"فروری"},{"$i":"month-2-short","$v":"مارچ"},{"$i":"month-3-short","$v":"اپریل"},{"$i":"month-4-short","$v":"مئی"},{"$i":"month-5-short","$v":"جون"},{"$i":"month-6-short","$v":"جولائی"},{"$i":"month-7-short","$v":"اگست"},{"$i":"month-8-short","$v":"ستمبر"},{"$i":"month-9-short","$v":"اکتومبر"},{"$i":"month-10-short","$v":"نومبر"},{"$i":"month-11-short","$v":"دسمبر"},{"$i":"minutes-ago-long","$v":{"zero":"صرف وین","one":"اکھ منٹ برونٹھ","two":["منٹ برونٹھ ",{"t":"idOrVar","v":"value"}],"few":["منٹ برونٹھ ",{"t":"idOrVar","v":"value"}],"many":["منٹ برونٹھ ",{"t":"idOrVar","v":"value"}],"other":["منٹ برونٹھ ",{"t":"idOrVar","v":"value"}]},"$x":[{"t":"idOrVar","v":"plural"},"value"]},{"$i":"hours-ago-long","$v":{"zero":"صرف وین","one":"اکھ گھنٹہ برونٹھ","two":["گھنٹہ برونٹھ ",{"t":"idOrVar","v":"value"}],"few":["گھنٹہ برونٹھ ",{"t":"idOrVar","v":"value"}],"many":["گھنٹہ برونٹھ ",{"t":"idOrVar","v":"value"}],"other":["گھنٹہ برونٹھ ",{"t":"idOrVar","v":"value"}]},"$x":[{"t":"idOrVar","v":"plural"},"value"]},{"$i":"days-ago-long","$v":{"zero":"از","one":"راتھ","two":["دوہ برونٹھ ",{"t":"idOrVar","v":"value"}],"few":["دوہ برونٹھ ",{"t":"idOrVar","v":"value"}],"many":["دوہ برونٹھ ",{"t":"idOrVar","v":"value"}],"other":["دوہ برونٹھ ",{"t":"idOrVar","v":"value"}]},"$x":[{"t":"idOrVar","v":"plural"},"value"]},{"$i":"weeks-ago-long","$v":{"zero":"یِہ ہفتہ","one":"پیتِم ہفتہ","two":["ہفتہ برونٹھ ",{"t":"idOrVar","v":"value"}],"few":["ہفتہ برونٹھ ",{"t":"idOrVar","v":"value"}],"many":["ہفتہ برونٹھ ",{"t":"idOrVar","v":"value"}],"other":["ہفتہ برونٹھ ",{"t":"idOrVar","v":"value"}]},"$x":[{"t":"idOrVar","v":"plural"},"value"]},{"$i":"months-ago-long","$v":{"zero":"یِہ ریتھ","one":"پیتِم ریتھ","two":["ریتھ برونٹھ ",{"t":"idOrVar","v":"value"}],"few":["ریتھ برونٹھ ",{"t":"idOrVar","v":"value"}],"many":["ریتھ برونٹھ ",{"t":"idOrVar","v":"value"}],"other":["ریتھ برونٹھ ",{"t":"idOrVar","v":"value"}]},"$x":[{"t":"idOrVar","v":"plural"},"value"]},{"$i":"years-ago-long","$v":{"zero":"یِہ وریح","one":"پیتِم وریح","two":["وریح برونٹھ ",{"t":"idOrVar","v":"value"}],"few":["وریح برونٹھ ",{"t":"idOrVar","v":"value"}],"many":["وریح برونٹھ ",{"t":"idOrVar","v":"value"}],"other":["وریح برونٹھ ",{"t":"idOrVar","v":"value"}]},"$x":[{"t":"idOrVar","v":"plural"},"value"]},{"$i":"minutes-until-long","$v":{"zero":"وین","one":"اکِس منٹس منز","two":["منز ",{"t":"idOrVar","v":"value"}," منٹن"],"few":["منز ",{"t":"idOrVar","v":"value"}," منٹن"],"many":["منز ",{"t":"idOrVar","v":"value"}," منٹن"],"other":["منز ",{"t":"idOrVar","v":"value"}," منٹن"]},"$x":[{"t":"idOrVar","v":"plural"},"value"]},{"$i":"hours-until-long","$v":{"zero":"وین","one":"اکِس گھنٹس منز","two":["منز ",{"t":"idOrVar","v":"value"}," گھنٹن"],"few":["منز ",{"t":"idOrVar","v":"value"}," گھنٹن"],"many":["منز ",{"t":"idOrVar","v":"value"}," گھنٹن"],"other":["منز ",{"t":"idOrVar","v":"value"}," گھنٹن"]},"$x":[{"t":"idOrVar","v":"plural"},"value"]},{"$i":"days-until-long","$v":{"zero":"از","one":"پگاہ","two":["منز ",{"t":"idOrVar","v":"value"}," دوہن"],"few":["منز ",{"t":"idOrVar","v":"value"}," دوہن"],"many":["منز ",{"t":"idOrVar","v":"value"}," دوہن"],"other":["منز ",{"t":"idOrVar","v":"value"}," دوہن"]},"$x":[{"t":"idOrVar","v":"plural"},"value"]},{"$i":"weeks-until-long","$v":{"zero":"یِہ ہفتہ","one":"نو ہفتہ","two":["منز ",{"t":"idOrVar","v":"value"}," ہفتن"],"few":["منز ",{"t":"idOrVar","v":"value"}," ہفتن"],"many":["منز ",{"t":"idOrVar","v":"value"}," ہفتن"],"other":["منز ",{"t":"idOrVar","v":"value"}," ہفتن"]},"$x":[{"t":"idOrVar","v":"plural"},"value"]},{"$i":"months-until-long","$v":{"zero":"یِہ ریتھ","one":"نو ریتھ","two":["منز ",{"t":"idOrVar","v":"value"}," ریتھن"],"few":["منز ",{"t":"idOrVar","v":"value"}," ریتھن"],"many":["منز ",{"t":"idOrVar","v":"value"}," ریتھن"],"other":["منز ",{"t":"idOrVar","v":"value"}," ریتھن"]},"$x":[{"t":"idOrVar","v":"plural"},"value"]},{"$i":"years-until-long","$v":{"zero":"یِہ وریح","one":"نو وریح","two":["منز ",{"t":"idOrVar","v":"value"}," وریہن"],"few":["منز ",{"t":"idOrVar","v":"value"}," وریہن"],"many":["منز ",{"t":"idOrVar","v":"value"}," وریہن"],"other":["منز ",{"t":"idOrVar","v":"value"}," وریہن"]},"$x":[{"t":"idOrVar","v":"plural"},"value"]},{"$i":"minutes-ago-short","$v":{"zero":"صرف وین","other":["برونٹھ m",{"t":"idOrVar","v":"value"}]},"$x":[{"t":"idOrVar","v":"plural"},"value"]},{"$i":"hours-ago-short","$v":{"zero":"صرف وین","other":["برونٹھ h",{"t":"idOrVar","v":"value"}]},"$x":[{"t":"idOrVar","v":"plural"},"value"]},{"$i":"days-ago-short","$v":{"zero":"از","other":["برونٹھ d",{"t":"idOrVar","v":"value"}]},"$x":[{"t":"idOrVar","v":"plural"},"value"]},{"$i":"minutes-until-short","$v":{"zero":"وین","other":["منز ",{"t":"idOrVar","v":"value"},"m"]},"$x":[{"t":"idOrVar","v":"plural"},"value"]},{"$i":"hours-until-short","$v":{"zero":"وین","other":["منز ",{"t":"idOrVar","v":"value"},"h"]},"$x":[{"t":"idOrVar","v":"plural"},"value"]},{"$i":"days-until-short","$v":{"zero":"از","other":["منز ",{"t":"idOrVar","v":"value"},"d"]},"$x":[{"t":"idOrVar","v":"plural"},"value"]},{"$i":"incorrectDate","$v":"﴾غیر درست تٲریخ﴿"},{"$i":"dateTimeFormat_%c","$v":"%a %b %e %Y %I:%M:%S %p"},{"$i":"dateTimeFormat_%x","$v":"%m/%d/%Y"},{"$i":"dateTimeFormat_%X","$v":"%I:%M:%S %p"},{"$i":"shortTimeFormat","$v":"%I:%M %p"},{"$i":"shortTimeFormat12","$v":"%I:%M %p"},{"$i":"shortTimeFormat24","$v":"%H:%M"},{"$i":"shortDateTimeFormat","$v":"%x %I:%M %p"},{"$i":"weekStartsOnMonday","$v":"0"},{"$i":"firstDayOfTheWeek","$v":"0"},{"$i":"time_am","$v":"AM"},{"$i":"time_pm","$v":"PM"}]