[{"$i":"search-or-enter-address","placeholder":"खोजू या एड्रेस दियौ"},{"$i":"delete-title","$v":["डिलीट",{"t":"idOrVar","v":"name"}]},{"$i":"delete-body","$v":[{"t":"idOrVar","v":"name"}," और ओक्कर सब डाटा डिलीट भ जेत्तई."]},{"$i":"delete","$v":"मिटाउ"},{"$i":"cancel","$v":"रद्द करू"},{"$i":"menu","$v":"मेनू"},{"$i":"notifications","$v":"अलर्ट्स"},{"$i":"speed-dial","$v":"स्‍पीड डायल"},{"$i":"select","$v":"सलेक्‍ट करू"},{"$i":"favorite","$v":"पसंदीदा"},{"$i":"unfavorite","$v":"उन्फेवोरिट"},{"$i":"ok","$v":"ओके"},{"$i":"edit","$v":"संपादन"},{"$i":"call","$v":"कॉल"},{"$i":"message","$v":"संदेश"},{"$i":"options","$v":"विकल्प"},{"$i":"assign","$v":"असाइन"},{"$i":"remove","$v":"हटाउ"},{"$i":"replace","$v":"स्‍थानापन्‍न"},{"$i":"more","$v":"आर बेसी"},{"$i":"settings","$v":"सेटिंग्स"},{"$i":"contacts","$v":"संपर्क"},{"$i":"voicemail","$v":"वाय्समेल"},{"$i":"speed-dial-not-empty","ariaLabel":[{"t":"idOrVar","v":"order"},", ",{"t":"idOrVar","v":"name"}]},{"$i":"speed-dial-empty","ariaLabel":[{"t":"idOrVar","v":"order"},", खाली"]},{"$i":"remove-speed-dial","$v":["आहां ",{"t":"idOrVar","v":"name"}," क स्पीड डायल से हटबअ चाहै छियै ?"]},{"$i":"replace-speed-dial","$v":["आहां ",{"t":"idOrVar","v":"name"}," क ",{"t":"idOrVar","v":"subName"}," से बदलअ चाहै छियै ?"]},{"$i":"assign-speed-dial","$v":["संपर्क ",{"t":"idOrVar","v":"n"}," बटन पर स्पीड डायल मे नहि जोड़ल गेल .एखन असाइन करू?"]},{"$i":"assign-voicemail","$v":"वॉयस मेल नंबर सेट नहि कएल गेल"},{"$i":"alert-for-contacts-without-number","$v":"फोन नंबर के संग कुनू संपर्क नहि उपलब्‍ध अछि."},{"$i":"option-remove","$v":"स्पीड डायल से हटाऊ"},{"$i":"option-replace","$v":"स्‍थानापन्‍न"},{"$i":"all-apps","$v":"सब एप्प"},{"$i":"add-to-existing-contact","$v":"मौजूदा संपर्क सँ जोड़ू"},{"$i":"create-new-contact","$v":"नवका संपर्क क्रियेट करू"},{"$i":"sending","$v":"भेजा रहल छै"},{"$i":"callAirplaneModeTitle","$v":"एयरप्लेन मोड सक्रिय"},{"$i":"callAirplaneModeMessage","$v":"कॉल करेई लेल आहां क एयरप्लेन मोड निष्क्रिय करअ परत."},{"$i":"emergencyDialogTitle","$v":"कुनू नेटवर्क कनेक्‍शन नाहिं"},{"$i":"emergencyDialogBodyBadNumber","$v":"कॉल करेई लेल फ़ोन नेटवर्क सने कनेक्टेड रहबाक चाहि."},{"$i":"emergencyDialogBodyDeviceNotAccepted","$v":"नेटवर्क द्वारा इमरजेंसी कॉल करई क अनुमति नै छै."},{"$i":"invalidNumberToDialTitle","$v":"अमान्य फ़ोन नंबर"},{"$i":"invalidNumberToDialMessage","$v":"जे फ़ोन नंबर पर आहां कॉल करेई छियेइ से मान्य नै छै."},{"$i":"emergency-call-only","$v":"केवल आपातकालीन कॉल"},{"$i":"emergency-call-error","$v":[{"t":"idOrVar","v":"number"}," आपातकालीन नंबर नै छै."]},{"$i":"numberIsBusyTitle","$v":"नंबर व्यस्त छै"},{"$i":"numberIsBusyMessage","$v":"नंबर व्यस्त छै दुबारा स कोसिस करू बाद में."},{"$i":"fdnIsActiveTitle","$v":"FDN सक्रिय"},{"$i":"fdnIsActiveMessage","$v":["एफडीएन (फिक्स्ड डायलइंग नंबर्स ) सक्रिय अछि आ निम्न नंबर अहॉंक एफडीएन सूची मे नहि अछि ",{"t":"idOrVar","v":"number"}]},{"$i":"otherConnectionInUseTitle","$v":"दोसर कनेक्शन प्रयोग में छै"},{"$i":"otherConnectionInUseMessage","$v":"दोसर कनेक्शन पर एकटा सक्रिय कॉल छै एक बेर में एक्के टा कनेक्शन आहां प्रयोग क सकैई छियै."},{"$i":"GenericFailure","$v":"जेनेरिक फेलियर"},{"$i":"CallFailed","$v":"कॉल विफल भ गेल"},{"$i":"scCallBarring","$v":"कॉल बारिंग"},{"$i":"scCallForwarding","$v":"कॉल फोर्वार्डिंग"},{"$i":"scClip","$v":"इनकमिंग कॉलर ID"},{"$i":"scClir","$v":"आउटगोइंग कॉलर ID"},{"$i":"scPwd","$v":"पासवर्ड परिवर्तन"},{"$i":"scCallWaiting","$v":"प्रतीक्षारत कॉल"},{"$i":"scPin","$v":"पिन परिवर्तन"},{"$i":"scPin2","$v":"पिन2 बदलल गेल"},{"$i":"scPuk","$v":"अनब्लॉक पिन"},{"$i":"scPuk2","$v":"अनब्लॉक पिन 2"},{"$i":"scImei","$v":"IMEI"},{"$i":"scMeid","$v":"MEID"},{"$i":"scUssd","$v":"USSD"},{"$i":"personal","$v":"निजी"},{"$i":"mobile","$v":"मोबाइल"},{"$i":"home","$v":"होम"},{"$i":"work","$v":"कार्य"},{"$i":"fax-home","$v":"फैक्स होम"},{"$i":"fax-office","$v":"फैक्स ऑफिस"},{"$i":"fax-other","$v":"fax अदर"},{"$i":"homescreen-settings","$v":"होमस्क्रीन सेटिंग्स"},{"$i":"change-wallpaper","$v":"वॉलपेपर बदलू"},{"$i":"add-smart-collections","$v":"स्‍मार्ट कलेक्‍शंस जोड़ू"},{"$i":"edit-mode","$v":"संपादन"},{"$i":"edit-done","$v":"भ गेल"},{"$i":"stop-download-title","$v":["बंद करू ",{"t":"idOrVar","v":"name"}]},{"$i":"stop-download-body","$v":"आहां डाउनलोड बंद करा चाहै छियै?"},{"$i":"stop-download-action","$v":"रूकू"},{"$i":"resume-download-title","$v":"डाउनलोड फेर से शुरू करू"},{"$i":"resume-download-body","$v":["आहां ",{"t":"idOrVar","v":"name"}," क डाउनलोड करअ चाहै छैयी?"]},{"$i":"resume-download-action","$v":"डाउनलोड"},{"$i":"edit-group-header","$v":"ग्रुप संपादन"},{"$i":"tcl-wallpaper-changed","$v":"वॉलपेपर बदलल गेल"},{"$i":"gaia-shortcut-app-updated","$v":"एप्‍प अपडेट भ गेल."},{"$i":"clocks-updated","$v":"क्लॉक्स अपडेटेड"},{"$i":"longDateFormat","$v":"%A, %B %e"},{"$i":"app-title","$v":"माइ एप्स"},{"$i":"app-uninstall","$v":[{"t":"idOrVar","v":"name"}," अनइनस्टॉल कैइल गेल"]},{"$i":"confirmation","$v":"कन्फर्मेशन"},{"$i":"call-forwarding-async","$v":"एसिंक्रोनस"},{"$i":"call-forwarding-data","$v":"डेटा"},{"$i":"call-forwarding-error","$v":"कॉल फॉरवार्ड करवाक घड़ी एरर भ गेल."},{"$i":"call-forwarding-fax","$v":["FAX: ",{"t":"idOrVar","v":"fax"}]},{"$i":"call-forwarding-inactive","$v":"असक्रिय"},{"$i":"call-forwarding-packet","$v":["पैकेट: ",{"t":"idOrVar","v":"packet"}]},{"$i":"call-forwarding-pad","$v":["PAD: ",{"t":"idOrVar","v":"pad"}]},{"$i":"call-forwarding-sms","$v":["SMS: ",{"t":"idOrVar","v":"sms"}]},{"$i":"call-forwarding-status","$v":"कॉल फॉरवर्डिंग स्टेटस"},{"$i":"call-forwarding-sync","$v":["सिंक्रोनस ",{"t":"idOrVar","v":"sync"}]},{"$i":"call-forwarding-voice","$v":["वाय्स : ",{"t":"idOrVar","v":"voice"}]},{"$i":"serviceClassVoice","$v":"व्‍वाइस"},{"$i":"serviceClassData","$v":"डेटा"},{"$i":"serviceClassFax","$v":"FAX"},{"$i":"serviceClassSms","$v":"SMS"},{"$i":"serviceClassDataSync","$v":"सिंक"},{"$i":"serviceClassDataAsync","$v":"एसिंक"},{"$i":"serviceClassPacket","$v":"पैकेट"},{"$i":"serviceClassPad","$v":"PAD"},{"$i":"smServiceEnabled","$v":"सर्विस सक्रिय कैइल गेल्लई"},{"$i":"smServiceDisabled","$v":"सर्विस निष्क्रिय क देल गेल छै"},{"$i":"smServiceRegistered","$v":"पंजीकरण सफल"},{"$i":"smServiceErased","$v":"ईरेजर सफल"},{"$i":"smServiceInterrogated","$v":"आग्रह सफल"},{"$i":"smServiceNotProvisioned","$v":"सर्विस केर प्रावधान नै छै"},{"$i":"smClirPermanent","$v":"आहां कॉलर ID सेटिंग्स नै बदेइल छियै"},{"$i":"smClirDefaultOnNextCallOn","$v":"कॉलर ID डिफॉल्‍ट रूप सँ प्रतिबंधित. आगू के कॉल: प्रतिबंधित"},{"$i":"smClirDefaultOnNextCallOff","$v":"कॉलर ID डिफॉल्‍ट रूप सँ प्रतिबंधित. आगू के कॉल: प्रतिबंधित नाहिं"},{"$i":"smClirDefaultOffNextCallOn","$v":"कॉलर ID डिफॉल्‍ट रूप सँ प्रतिबंधित नाहिं. आगू के कॉल: प्रतिबंधित"},{"$i":"smClirDefaultOffNextCallOff","$v":"कॉलर ID डिफॉल्‍ट रूप सँ प्रतिबंधित नाहिं. आगू के कॉल: प्रतिबंधित नाहिं"},{"$i":"smServiceEnabledFor","$v":"के लेल सेवा सक्षम छल :"},{"$i":"smPinChanged","$v":"पिन सफलतापूर्वक बदलल गेल"},{"$i":"smPinUnblocked","$v":"पिन सफलतापूर्वक अनब्लॉक"},{"$i":"smPin2Changed","$v":"पिन2 सफलतापूर्वक बदलल गेल"},{"$i":"smPin2Unblocked","$v":"पिन2 सफलतापूर्वक अनब्लॉक"},{"$i":"ServiceIsEnabled","$v":"सर्विस सक्रिय छै"},{"$i":"ServiceIsDisabled","$v":"सर्विस निष्क्रिय छै"},{"$i":"ServiceIsEnabledFor","$v":"लेल सर्विस सक्रिय छै:"},{"$i":"emMmiError","$v":"कनेक्शन प्रॉब्लम या अमान्य MMI कोड"},{"$i":"emMmiErrorPasswordIncorrect","$v":"त्रुटिपूर्ण पासवर्ड"},{"$i":"emMmiErrorNotSupported","$v":"अमान्य अथवा असमर्थित एमएमआइ कोड"},{"$i":"emMmiErrorInvalidAction","$v":"अमान्य एक्शन"},{"$i":"emMmiErrorInvalidScCode","$v":"अमान्य सर्विस कोड"},{"$i":"emMmiErrorBadPuk","$v":"PUK गलत छै"},{"$i":"emMmiErrorBadPin","$v":"पुराण पिन ज आहां देलियाई से गलत छै."},{"$i":"emMmiErrorNeedPuk2","$v":"सिम कार्ड क अनब्लॉक करेई लेल PUK2 टाइप करू"},{"$i":"emMmiErrorMismatchPin","$v":"ज पिन आहां लिखालियेई से नै मिललई"},{"$i":"emMmiErrorInvalidPin","$v":"एकटा एहेन पिन दियौ जे 4 से 8 नंबर क होए"},{"$i":"emMmiErrorNeedsPuk","$v":"आहां क सिम कार्ड PUK- लॉक्ड इछ"},{"$i":"emMmiErrorEnablePin","$v":"विफल सिम/RUIM लॉक सक्रिय करू"},{"$i":"emMmiErrorMmiFdn","$v":"ऑपरेशन रोकल गेल छै. फिक्स्ड डायलइंग नंबर मात्र"},{"$i":"emMmiErrorStkCcUssdDial","$v":"USSD रिक्वेस्ट डायल रिक्वेस्ट में बदलि गेल अछि"},{"$i":"emMmiErrorStkCcUssdSs","$v":"USSD रिक्वेस्ट SS रिक्वेस्ट में बदलि गेल अछि"},{"$i":"emMmiErrorStkCcUssdUssd","$v":"USSD रिक्वेस्ट नवका USSD रिक्वेस्ट में परिवर्तित भ गेल अछि"},{"$i":"emMmiErrorStkCcSsDial","$v":"SS रिक्वेस्ट डायल रिक्वेस्ट में संशोधित कैल गेल"},{"$i":"emMmiErrorStkCcSsUssd","$v":"SS अनुरोध USSD अनुरोध में बदलि गेल अछि."},{"$i":"emMmiErrorStkCcSsSs","$v":"SS रिक्वेस्ट नया SS रिक्वेस्ट में संशोधित कैल गेल"},{"$i":"emMmiErrorPinPukAttempts","$v":{"one":["मात्र ",{"t":"idOrVar","v":"n"}," प्रयास बाकी"],"two":[{"t":"idOrVar","v":"n"}," एंट्री बाकी"],"few":[{"t":"idOrVar","v":"n"}," एंट्री बाकी"],"many":[{"t":"idOrVar","v":"n"}," एंट्री बाकी"],"other":[{"t":"idOrVar","v":"n"}," एंट्री बाकी"]},"$x":[{"t":"idOrVar","v":"plural"},"n"]},{"$i":"emMmiErrorSimBlocked","$v":"प्रविष्‍टी के अधिकतम संख्‍या भ गेल, सिम ब्‍लॉक भ गेल"},{"$i":"RadioNotAvailable","$v":"रेडियो उपलब्ध नैई"},{"$i":"PasswordIncorrect","$v":"गलत पासवर्ड"},{"$i":"SimPin2","$v":"सिम पिन 2"},{"$i":"SimPuk2","$v":"सिम PUK 2"},{"$i":"RequestNotSupported","$v":"रिक्वेस्ट नॉट सपोर्टेड"},{"$i":"OpNotAllowedDuringVoiceCall","$v":"वौइस् कॉल क दौरान ऑपरेशन क इज़ाज़त नै छै"},{"$i":"SmsSendFailRetry","$v":"SMS भेजननाइ विफल"},{"$i":"SimAbsent","$v":"सिम मौजूद नै"},{"$i":"SubscriptionNotAvailable","$v":"सब्सक्रिप्शन मौजूद नै"},{"$i":"ModeNotSupported","$v":"मोड सपोर्टेड नै छै"},{"$i":"FdnCheckFailure","$v":"FDN जांच विफल"},{"$i":"IllegalSimOrMe","$v":"अवैधानिक सिम अथवा एमई"},{"$i":"DialModifiedToUssd","$v":"डायल मॉडिफाइड टू USSD"},{"$i":"DialModifiedToSs","$v":"डायल मॉडिफाइड टू SS"},{"$i":"DialModifiedToDial","$v":"डायल मॉडिफाइड टू डायल"},{"$i":"UssdModifiedToDial","$v":"USSD डायल में संशोधित कैल गेल"},{"$i":"UssdModifiedToSs","$v":"USSD SS में संसोधित कैल गेल"},{"$i":"UssdModifiedToUssd","$v":"USSD USSD में संसोधित कैल गेल"},{"$i":"SsModifiedToDial","$v":"SS डायल में संशोधित कैल गेल"},{"$i":"SsModifiedToUssd","$v":"SS USSD में संशोधित कैल गेल"},{"$i":"SsModifiedToSs","$v":"SS SS में संशोधित कैल गेल"},{"$i":"SubscriptionNotSupported","$v":"सब्सक्रिप्शन सपोर्टेड नै छै"},{"$i":"InvalidParameter","$v":"अमान्य पैरामीटर"},{"$i":"RejectedByRemote","$v":"रिमोट द्वारा ठुक्रैलगेल"},{"$i":"sim-with-index-and-carrier","$v":["सिम ",{"t":"idOrVar","v":"index"},"-",{"t":"idOrVar","v":"carrier"}]},{"$i":"sim-without-carrier","$v":["सिम ",{"t":"idOrVar","v":"index"}]},{"$i":"label","$v":"लेबल"},{"$i":"faxHome","$v":"फैक्स होम"},{"$i":"faxOffice","$v":"फैक्स ऑफिस"},{"$i":"faxOther","$v":"fax अदर"},{"$i":"another","$v":"दोसर"},{"$i":"other","$v":"आन"},{"$i":"tcl-customTag","$v":"कस्टम टैग"},{"$i":"customTag","$v":"कस्टम टैग","placeholder":"कस्टम टैग"},{"$i":"current","$v":"करंट"},{"$i":"itemWithLabel","$v":[{"t":"idOrVar","v":"label"},", ",{"t":"idOrVar","v":"item"}]},{"$i":"weekday-0-long","$v":"रवि"},{"$i":"weekday-1-long","$v":"सोम दिन"},{"$i":"weekday-2-long","$v":"मंगल दिन"},{"$i":"weekday-3-long","$v":"बुध दिन"},{"$i":"weekday-4-long","$v":"वृहस्‍पति दिन"},{"$i":"weekday-5-long","$v":"शुक्र दिन"},{"$i":"weekday-6-long","$v":"शनि दिन"},{"$i":"weekday-0-short","$v":"सुन"},{"$i":"weekday-1-short","$v":"मन"},{"$i":"weekday-2-short","$v":"ट्यू"},{"$i":"weekday-3-short","$v":"वेद"},{"$i":"weekday-4-short","$v":"थू"},{"$i":"weekday-5-short","$v":"फ्राइडे"},{"$i":"weekday-6-short","$v":"सैट"},{"$i":"month-0-long","$v":"जनुअरी"},{"$i":"month-1-long","$v":"फेब्रुअरी"},{"$i":"month-2-long","$v":"मार्च"},{"$i":"month-3-long","$v":"अप्रैल"},{"$i":"month-4-long","$v":"मई"},{"$i":"month-5-long","$v":"जून"},{"$i":"month-6-long","$v":"जुलाई"},{"$i":"month-7-long","$v":"अगस्त"},{"$i":"month-8-long","$v":"सितम्बर"},{"$i":"month-9-long","$v":"अक्टूबर"},{"$i":"month-10-long","$v":"नवम्बर"},{"$i":"month-11-long","$v":"दिसम्बर"},{"$i":"month-0-genitive","$v":"जनुअरी"},{"$i":"month-1-genitive","$v":"फेब्रुअरी"},{"$i":"month-2-genitive","$v":"मार्च"},{"$i":"month-3-genitive","$v":"अप्रैल"},{"$i":"month-4-genitive","$v":"मई"},{"$i":"month-5-genitive","$v":"जून"},{"$i":"month-6-genitive","$v":"जुलाई"},{"$i":"month-7-genitive","$v":"अगस्त"},{"$i":"month-8-genitive","$v":"सितम्बर"},{"$i":"month-9-genitive","$v":"अक्टूबर"},{"$i":"month-10-genitive","$v":"नवम्बर"},{"$i":"month-11-genitive","$v":"दिसम्बर"},{"$i":"month-0-short","$v":"जन"},{"$i":"month-1-short","$v":"फेब्रुअरी"},{"$i":"month-2-short","$v":"मर"},{"$i":"month-3-short","$v":"एप्र"},{"$i":"month-4-short","$v":"मई"},{"$i":"month-5-short","$v":"जून"},{"$i":"month-6-short","$v":"जुल"},{"$i":"month-7-short","$v":"औग"},{"$i":"month-8-short","$v":"सेप"},{"$i":"month-9-short","$v":"ओक्ट"},{"$i":"month-10-short","$v":"नोव"},{"$i":"month-11-short","$v":"दिसम्बर"},{"$i":"minutes-ago-long","$v":{"zero":"एखन तुरंत","one":"एक मिनट पहिने","two":[{"t":"idOrVar","v":"value"}," मिनट पहिने"],"few":[{"t":"idOrVar","v":"value"}," मिनट पहिने"],"many":[{"t":"idOrVar","v":"value"}," मिनट पहिने"],"other":[{"t":"idOrVar","v":"value"}," मिनट पहिने"]},"$x":[{"t":"idOrVar","v":"plural"},"value"]},{"$i":"hours-ago-long","$v":{"zero":"एखन तुरंत","one":"एक घंटा पहिने","two":[{"t":"idOrVar","v":"value"}," घंटा पहिने"],"few":[{"t":"idOrVar","v":"value"}," घंटा पहिने"],"many":[{"t":"idOrVar","v":"value"}," घंटा पहिने"],"other":[{"t":"idOrVar","v":"value"}," घंटा पहिने"]},"$x":[{"t":"idOrVar","v":"plural"},"value"]},{"$i":"days-ago-long","$v":{"zero":"आई","one":"काल्हि","two":[{"t":"idOrVar","v":"value"}," दिन पहिने"],"few":[{"t":"idOrVar","v":"value"}," दिन पहिने"],"many":[{"t":"idOrVar","v":"value"}," दिन पहिने"],"other":[{"t":"idOrVar","v":"value"}," दिन पहिने"]},"$x":[{"t":"idOrVar","v":"plural"},"value"]},{"$i":"weeks-ago-long","$v":{"zero":"इ हफ्ता","one":"पिछला हफ्ता","two":[{"t":"idOrVar","v":"value"}," हफ्ता पहिने"],"few":[{"t":"idOrVar","v":"value"}," हफ्ता पहिने"],"many":[{"t":"idOrVar","v":"value"}," हफ्ता पहिने"],"other":[{"t":"idOrVar","v":"value"}," हफ्ता पहिने"]},"$x":[{"t":"idOrVar","v":"plural"},"value"]},{"$i":"months-ago-long","$v":{"zero":"इ महिना","one":"पिछला महिना","two":[{"t":"idOrVar","v":"value"}," मास बाद"],"few":[{"t":"idOrVar","v":"value"}," मास बाद"],"many":[{"t":"idOrVar","v":"value"}," मास बाद"],"other":[{"t":"idOrVar","v":"value"}," मास बाद"]},"$x":[{"t":"idOrVar","v":"plural"},"value"]},{"$i":"years-ago-long","$v":{"zero":"इ साल","one":"पिछला साल","two":[{"t":"idOrVar","v":"value"}," साल पहिने"],"few":[{"t":"idOrVar","v":"value"}," साल पहिने"],"many":[{"t":"idOrVar","v":"value"}," साल पहिने"],"other":[{"t":"idOrVar","v":"value"}," साल पहिने"]},"$x":[{"t":"idOrVar","v":"plural"},"value"]},{"$i":"minutes-until-long","$v":{"zero":"एखन","one":"एक मिनट में","two":[{"t":"idOrVar","v":"value"}," मिनट में"],"few":[{"t":"idOrVar","v":"value"}," मिनट में"],"many":[{"t":"idOrVar","v":"value"}," मिनट में"],"other":[{"t":"idOrVar","v":"value"}," मिनट में"]},"$x":[{"t":"idOrVar","v":"plural"},"value"]},{"$i":"hours-until-long","$v":{"zero":"एखन","one":"एक घंटा में","two":[{"t":"idOrVar","v":"value"}," घंटा में"],"few":[{"t":"idOrVar","v":"value"}," घंटा में"],"many":[{"t":"idOrVar","v":"value"}," घंटा में"],"other":[{"t":"idOrVar","v":"value"}," घंटा में"]},"$x":[{"t":"idOrVar","v":"plural"},"value"]},{"$i":"days-until-long","$v":{"zero":"आई","one":"काल्हि","two":[{"t":"idOrVar","v":"value"}," दिन में"],"few":[{"t":"idOrVar","v":"value"}," दिन में"],"many":[{"t":"idOrVar","v":"value"}," दिन में"],"other":[{"t":"idOrVar","v":"value"}," दिन में"]},"$x":[{"t":"idOrVar","v":"plural"},"value"]},{"$i":"weeks-until-long","$v":{"zero":"इ हफ्ता","one":"आगु क सप्‍ताह","two":[{"t":"idOrVar","v":"value"}," हफ्ता में"],"few":[{"t":"idOrVar","v":"value"}," हफ्ता में"],"many":[{"t":"idOrVar","v":"value"}," हफ्ता में"],"other":[{"t":"idOrVar","v":"value"}," हफ्ता में"]},"$x":[{"t":"idOrVar","v":"plural"},"value"]},{"$i":"months-until-long","$v":{"zero":"इ महिना","one":"अगला महिना","two":[{"t":"idOrVar","v":"value"}," मास मे"],"few":[{"t":"idOrVar","v":"value"}," मास मे"],"many":[{"t":"idOrVar","v":"value"}," मास मे"],"other":[{"t":"idOrVar","v":"value"}," मास मे"]},"$x":[{"t":"idOrVar","v":"plural"},"value"]},{"$i":"years-until-long","$v":{"zero":"इ साल","one":"अगला साल","two":[{"t":"idOrVar","v":"value"}," साल मे"],"few":[{"t":"idOrVar","v":"value"}," साल मे"],"many":[{"t":"idOrVar","v":"value"}," साल मे"],"other":[{"t":"idOrVar","v":"value"}," साल मे"]},"$x":[{"t":"idOrVar","v":"plural"},"value"]},{"$i":"minutes-ago-short","$v":{"zero":"एखन तुरंत","other":[{"t":"idOrVar","v":"value"}," म पहिने"]},"$x":[{"t":"idOrVar","v":"plural"},"value"]},{"$i":"hours-ago-short","$v":{"zero":"एखन तुरंत","other":[{"t":"idOrVar","v":"value"}," h पहिने"]},"$x":[{"t":"idOrVar","v":"plural"},"value"]},{"$i":"days-ago-short","$v":{"zero":"आई","other":[{"t":"idOrVar","v":"value"},"d पहिने"]},"$x":[{"t":"idOrVar","v":"plural"},"value"]},{"$i":"minutes-until-short","$v":{"zero":"एखन","other":[{"t":"idOrVar","v":"value"}," m"]},"$x":[{"t":"idOrVar","v":"plural"},"value"]},{"$i":"hours-until-short","$v":{"zero":"एखन","other":[{"t":"idOrVar","v":"value"},"h"]},"$x":[{"t":"idOrVar","v":"plural"},"value"]},{"$i":"days-until-short","$v":{"zero":"आई","other":[{"t":"idOrVar","v":"value"}," d"]},"$x":[{"t":"idOrVar","v":"plural"},"value"]},{"$i":"incorrectDate","$v":"( गलत तारीख)"},{"$i":"dateTimeFormat_%c","$v":"%a %b %e %Y %I:%M:%S %p"},{"$i":"dateTimeFormat_%x","$v":"%m/%d/%Y"},{"$i":"dateTimeFormat_%X","$v":"%I:%M:%S %p"},{"$i":"shortTimeFormat","$v":"%I:%M %p"},{"$i":"shortTimeFormat12","$v":"%I:%M %p"},{"$i":"shortTimeFormat24","$v":"%H:%M"},{"$i":"shortDateTimeFormat","$v":"%x %I:%M %p"},{"$i":"weekStartsOnMonday","$v":"0"},{"$i":"firstDayOfTheWeek","$v":"0"},{"$i":"time_am","$v":"AM"},{"$i":"time_pm","$v":"PM"}]