[{"$i":"search-or-enter-address","placeholder":"തിരയുക അല്ലെങ്കിൽ വിലാസം നൽകുക"},{"$i":"delete-title","$v":[{"t":"idOrVar","v":"name"}," ഇല്ലാതാക്കുക"]},{"$i":"delete-body","$v":[{"t":"idOrVar","v":"name"}," എന്നതും അതിന്‍റെ എല്ലാ ഡാറ്റയും ഇല്ലാതാക്കപ്പെടും."]},{"$i":"delete","$v":"ഇല്ലാതാക്കുക"},{"$i":"cancel","$v":"റദ്ദാക്കുക"},{"$i":"menu","$v":"മെന്യു"},{"$i":"notifications","$v":"അലേർട്ട്"},{"$i":"speed-dial","$v":"സ്പീഡ് ഡയൽ"},{"$i":"select","$v":"തിരഞ്ഞെടുക്കുക"},{"$i":"favorite","$v":"പ്രിയപ്പെട്ടവ"},{"$i":"unfavorite","$v":"പ്രിയ്യപ്പെട്ടവയല്ലാതാക്കുക"},{"$i":"ok","$v":"ശരി"},{"$i":"edit","$v":"തിരുത്തുക"},{"$i":"call","$v":"വിളിക്കുക"},{"$i":"message","$v":"സന്ദേശം"},{"$i":"options","$v":"ഓപ്ഷന്‍"},{"$i":"assign","$v":"നിയോഗിക്കുക"},{"$i":"remove","$v":"നീക്കംചെയ്യുക"},{"$i":"replace","$v":"മാറ്റുക"},{"$i":"more","$v":"കൂടുതൽ"},{"$i":"settings","$v":"സെറ്റിംഗ്സ്"},{"$i":"contacts","$v":"കോൺടാക്റ്റ്"},{"$i":"voicemail","$v":"വോയ്സ്മെയില്‍"},{"$i":"speed-dial-not-empty","ariaLabel":[{"t":"idOrVar","v":"order"},", ",{"t":"idOrVar","v":"name"}]},{"$i":"speed-dial-empty","ariaLabel":[{"t":"idOrVar","v":"order"},", ശൂന്യം"]},{"$i":"remove-speed-dial","$v":["സ്പീഡ് ഡയലിൽ നിന്ന് ",{"t":"idOrVar","v":"name"}," നീക്കംചെയ്യണമെന്ന് തീർച്ചയാണോ ?"]},{"$i":"replace-speed-dial","$v":[{"t":"idOrVar","v":"name"}," എന്ന പേരിന് പകരം ",{"t":"idOrVar","v":"subName"}," ഉപയോഗിക്കണമെന്ന് തീർച്ചയാണോ?"]},{"$i":"assign-speed-dial","$v":[{"t":"idOrVar","v":"n"}," എന്ന ബട്ടണിൽ സ്പീഡ് ഡയൽ ആയി കോൺടാക്റ്റ് ചേർത്തിട്ടില്ല. ഇപ്പോൾ നിയോഗിക്കണോ ?"]},{"$i":"assign-voicemail","$v":"വോയ്സ് മെയിൽ നമ്പർ സെറ്റ് ചെയ്തിട്ടില്ല ."},{"$i":"alert-for-contacts-without-number","$v":"ഫോൺ നമ്പർ ഉള്ള കോൺടാക്റ്റുകളൊന്നും ലഭ്യമല്ല."},{"$i":"option-remove","$v":"സ്പീഡ് ഡയലിൽ നിന്ന് നീക്കംചെയ്യുക"},{"$i":"option-replace","$v":"മാറ്റുക"},{"$i":"all-apps","$v":"എല്ലാ-ആപ്പ്"},{"$i":"add-to-existing-contact","$v":"നിലവിലുള്ള കോൺടാക്റ്റിലേക്ക് ചേർക്കുക"},{"$i":"create-new-contact","$v":"പുതിയ കോൺടാക്റ്റ് സൃഷ്ടിക്കുക"},{"$i":"sending","$v":"അയയ്‌ക്കുന്നു…"},{"$i":"callAirplaneModeTitle","$v":"എയര്‍പ്ലൈന്‍ മോഡ്  സജീവമാക്കി"},{"$i":"callAirplaneModeMessage","$v":"കോൾ ചെയ്യുന്നതിന് നിങ്ങൾ സെറ്റിംഗ്സില്‍  എയര്‍പ്ലൈന്‍ മോഡ്  പ്രവർത്തനരഹിതമാക്കേണ്ടതുണ്ട്."},{"$i":"emergencyDialogTitle","$v":"നെറ്റ്‌വർക്ക് കണക്ഷന്‍ ഇല്ല"},{"$i":"emergencyDialogBodyBadNumber","$v":"ഫോൺ വിളിക്കുന്നതിന്, ഫോൺ ഒരു നെറ്റ്‌വർക്കിലേക്ക് കണക്റ്റുചെയ്തിരിക്കണം."},{"$i":"emergencyDialogBodyDeviceNotAccepted","$v":"നെറ്റ്‌വർക്ക് വഴി  അടിയന്തിര കോളുകൾ അനുവദിക്കുന്നില്ല."},{"$i":"invalidNumberToDialTitle","$v":"ഫോൺ നമ്പർ അസാധുവാണ്"},{"$i":"invalidNumberToDialMessage","$v":"നിങ്ങൾ വിളിക്കുന്ന ഫോൺ നമ്പർ സാധുതയുള്ളതല്ല."},{"$i":"emergency-call-only","$v":"അടിയന്തര കോളുകൾ മാത്രം"},{"$i":"emergency-call-error","$v":[{"t":"idOrVar","v":"number"}," ഒരു അടിയന്തിര നമ്പർ അല്ല."]},{"$i":"numberIsBusyTitle","$v":"നമ്പർ തിരക്കിലാണ്"},{"$i":"numberIsBusyMessage","$v":"നമ്പർ ഇപ്പോൾ തിരക്കിലാണ്. ദയവായി പിന്നീട് വീണ്ടും ശ്രമിക്കുക."},{"$i":"fdnIsActiveTitle","$v":"FDN സജീവമാണ്"},{"$i":"fdnIsActiveMessage","$v":["FDN (സ്ഥിര ഡയലിംഗ് നമ്പറുകൾ) സജീവമാക്കി, നിങ്ങളുടെ FDN ലിസ്റ്റിൽ ഇനിപ്പറയുന്ന നമ്പർ ഇല്ല: ",{"t":"idOrVar","v":"number"}]},{"$i":"otherConnectionInUseTitle","$v":"മറ്റ് കണക്ഷൻ ഉപയോഗത്തിലാണ്"},{"$i":"otherConnectionInUseMessage","$v":"മറ്റൊരു കണക്ഷനിൽ നിങ്ങൾക്ക് സജീവമായ ഒരു കോൾ ഉണ്ട്. നിങ്ങൾക്ക് ഒരു സമയത്ത് ഒരു കണക്ഷൻ മാത്രമേ ഉപയോഗിക്കാൻ കഴിയൂ."},{"$i":"GenericFailure","$v":"പൊതുവായ പരാജയം"},{"$i":"CallFailed","$v":"കോൾ പരാജയപ്പെട്ടു"},{"$i":"scCallBarring","$v":"കോൾ തടയൽ"},{"$i":"scCallForwarding","$v":"കോൾ ഫോർവാർഡുചെയ്യൽ"},{"$i":"scClip","$v":"ഇൻകമിംഗ് കോളർ ID"},{"$i":"scClir","$v":"ഔട്ട്ഗോയിംഗ് കോളർ ID"},{"$i":"scPwd","$v":"പാസ്‌വേഡ് മാറ്റം"},{"$i":"scCallWaiting","$v":"കോള്‍ വെയ്റ്റിംഗ്"},{"$i":"scPin","$v":"പിൻ മാറ്റം"},{"$i":"scPin2","$v":"പിന്‍2 മാറ്റം"},{"$i":"scPuk","$v":"പിന്‍ അൺബ്ലോക്കുചെയ്യുക"},{"$i":"scPuk2","$v":"പിന്‍2 അൺബ്ലോക്കുചെയ്യുക"},{"$i":"scImei","$v":"IMEI"},{"$i":"scMeid","$v":"MEID"},{"$i":"scUssd","$v":"USSD"},{"$i":"personal","$v":"വ്യക്തിഗതം"},{"$i":"mobile","$v":"മൊബൈൽ"},{"$i":"home","$v":"ഹോം"},{"$i":"work","$v":"വര്‍ക്ക്"},{"$i":"fax-home","$v":"Fax ഹോം"},{"$i":"fax-office","$v":"Fax ഓഫീസ്"},{"$i":"fax-other","$v":"Fax അദര്‍"},{"$i":"homescreen-settings","$v":"ഹോംസ്ക്രീൻ സെറ്റിംഗ്സ്"},{"$i":"change-wallpaper","$v":"വാൾപേപ്പർ മാറ്റുക"},{"$i":"add-smart-collections","$v":"സ്മാർട്ട് ശേഖരങ്ങൾ ചേർക്കുക"},{"$i":"edit-mode","$v":"തിരുത്തുക"},{"$i":"edit-done","$v":"പൂർത്തിയാക്കി"},{"$i":"stop-download-title","$v":[{"t":"idOrVar","v":"name"}," നിർത്തുക"]},{"$i":"stop-download-body","$v":"പുരോഗതിയിലുള്ള ഡൗൺലോഡ് നിർത്തണോ?"},{"$i":"stop-download-action","$v":"നിര്‍ത്തുക"},{"$i":"resume-download-title","$v":"ഡൗൺലോഡ് പുനരാരംഭിക്കുക"},{"$i":"resume-download-body","$v":["നിങ്ങൾക്ക് ",{"t":"idOrVar","v":"name"}," ഡൗൺലോഡ് ചെയ്യണോ?"]},{"$i":"resume-download-action","$v":"ഡൗൺലോഡ് ചെയ്യുക"},{"$i":"edit-group-header","$v":"ഗ്രൂപ്പ് തിരുത്തുക"},{"$i":"tcl-wallpaper-changed","$v":"വാൾപേപ്പർ മാറ്റി"},{"$i":"gaia-shortcut-app-updated","$v":"ആപ്പ് അപ്ഡേറ്റുചെയ്തു"},{"$i":"clocks-updated","$v":"ക്ലോക്ക്സ് അപ്ഡേറ്റുചെയ്തു"},{"$i":"longDateFormat","$v":"%A, %b %e"},{"$i":"app-title","$v":"എന്‍റെ ആപ്പ്"},{"$i":"app-uninstall","$v":[{"t":"idOrVar","v":"name"}," അൺഇൻസ്റ്റാൾ ചെയ്യപ്പെട്ടു"]},{"$i":"confirmation","$v":"സ്ഥിരീകരണം"},{"$i":"call-forwarding-async","$v":["അസിംക്രണസ്: ",{"t":"idOrVar","v":"async"}]},{"$i":"call-forwarding-data","$v":["ഡാറ്റ: ",{"t":"idOrVar","v":"data"}]},{"$i":"call-forwarding-error","$v":"കോൾ ഫോര്‍വാഡിങ്ങ്  നില വീണ്ടെടുക്കുന്നതിനിടെ ഒരു പിശക് സംഭവിച്ചു"},{"$i":"call-forwarding-fax","$v":["FAX: ",{"t":"idOrVar","v":"fax"}]},{"$i":"call-forwarding-inactive","$v":"നിഷ്ക്രിയം"},{"$i":"call-forwarding-packet","$v":["പാക്കറ്റ്: ",{"t":"idOrVar","v":"packet"}]},{"$i":"call-forwarding-pad","$v":["PAD: ",{"t":"idOrVar","v":"pad"}]},{"$i":"call-forwarding-sms","$v":["SMS: ",{"t":"idOrVar","v":"sms"}]},{"$i":"call-forwarding-status","$v":"കോൾ ഫോർവാർഡുചെയ്യൽ നില"},{"$i":"call-forwarding-sync","$v":["സമന്വയിപ്പിക്കുക: ",{"t":"idOrVar","v":"sync"}]},{"$i":"call-forwarding-voice","$v":["ശബ്‌ദം: ",{"t":"idOrVar","v":"voice"}]},{"$i":"serviceClassVoice","$v":"ശബ്‌ദം"},{"$i":"serviceClassData","$v":"ഡാറ്റ"},{"$i":"serviceClassFax","$v":"FAX"},{"$i":"serviceClassSms","$v":"SMS"},{"$i":"serviceClassDataSync","$v":"സമന്വയിപ്പിക്കുക"},{"$i":"serviceClassDataAsync","$v":"അസിംക്"},{"$i":"serviceClassPacket","$v":"പാക്കറ്റ്"},{"$i":"serviceClassPad","$v":"PAD"},{"$i":"smServiceEnabled","$v":"സേവനം പ്രവർത്തനക്ഷമമാക്കി"},{"$i":"smServiceDisabled","$v":"സേവനം പ്രവർത്തനരഹിതമാക്കിയിരിക്കുന്നു"},{"$i":"smServiceRegistered","$v":"രജിസ്ട്രേഷൻ വിജയകരമായിരുന്നു"},{"$i":"smServiceErased","$v":"മായ്ക്കൽ വിജയകരമായിരുന്നു"},{"$i":"smServiceInterrogated","$v":"അഭ്യർത്ഥന വിജയകരമായിരുന്നു"},{"$i":"smServiceNotProvisioned","$v":"സേവനം വ്യവസ്ഥ ചെയ്തിട്ടില്ല"},{"$i":"smClirPermanent","$v":"നിങ്ങൾക്ക് കോളർ ID സെറ്റിംഗ്സ്  മാറ്റാൻ കഴിയില്ല"},{"$i":"smClirDefaultOnNextCallOn","$v":"കോളര്‍ ID ഡിഫോള്‍ട്ടായി പരിമിതപ്പെടുത്തിയിരിക്കുന്നു. അടുത്ത കോള്‍ : പരിമിതപെടുത്തി"},{"$i":"smClirDefaultOnNextCallOff","$v":"കോളര്‍ ID ഡിഫോള്‍ട്ടായി പരിമിതപ്പെടുത്തിയിരിക്കുന്നു. അടുത്ത കോള്‍ : പരിമിതപ്പെടുത്തിയിട്ടില്ല"},{"$i":"smClirDefaultOffNextCallOn","$v":"കോളര്‍ ID ഡീഫാള്‍ട്ടായി തടസ്സപ്പെടുത്തിയിട്ടില്ല. അടുത്ത കോള്‍ :പരിമിതപ്പെടുത്തി"},{"$i":"smClirDefaultOffNextCallOff","$v":"കോളര്‍ ID ഡീഫാള്‍ട്ടായി  തടസ്സപ്പെടുത്തിയിട്ടില്ല. അടുത്ത കോള്‍ : പരിമിതപ്പെടുത്തിയിട്ടില്ല"},{"$i":"smServiceEnabledFor","$v":"സേവനം ഇവയ്‌ക്കായി പ്രവർത്തനക്ഷമമാക്കി:"},{"$i":"smPinChanged","$v":"പിന്‍ വിജയകരമായി മാറ്റി"},{"$i":"smPinUnblocked","$v":"പിന്‍ വിജയകരമായി അൺബ്ലോക്കുചെയ്തു"},{"$i":"smPin2Changed","$v":"പിന്‍2 വിജയകരമായി മാറ്റി"},{"$i":"smPin2Unblocked","$v":"പിന്‍2 വിജയകരമായി അൺബ്ലോക്കുചെയ്തു"},{"$i":"ServiceIsEnabled","$v":"സേവനം പ്രവർത്തനക്ഷമമായി"},{"$i":"ServiceIsDisabled","$v":"സേവനം പ്രവർത്തനരഹിതമാക്കി"},{"$i":"ServiceIsEnabledFor","$v":"സേവനം ഇതിന് പ്രവർത്തനക്ഷമമാക്കി:"},{"$i":"emMmiError","$v":"കണക്ഷൻ പ്രശ്നം അല്ലെങ്കിൽ അസാധുവായ MMI കോഡ്"},{"$i":"emMmiErrorPasswordIncorrect","$v":"തെറ്റായ പാസ്‌വേഡ്"},{"$i":"emMmiErrorNotSupported","$v":"അസാധുവായ അല്ലെങ്കിൽ പിന്തുണയില്ലാത്ത MMI കോഡ്"},{"$i":"emMmiErrorInvalidAction","$v":"പ്രവർത്തനം അസാധുവാണ്"},{"$i":"emMmiErrorInvalidScCode","$v":"സർവീസ് കോഡ് അസാധുവാണ്"},{"$i":"emMmiErrorBadPuk","$v":"നിങ്ങൾ ടൈപ്പുചെയ്ത PUK ശരിയല്ല"},{"$i":"emMmiErrorBadPin","$v":"നിങ്ങൾ ടൈപ്പുചെയ്ത പഴയ പിന്‍ തെറ്റാണ്."},{"$i":"emMmiErrorNeedPuk2","$v":"സിം കാർഡ് അൺബ്ലോക്കുചെയ്യുന്നതിന് PUK2 ടൈപ്പുചെയ്യുക"},{"$i":"emMmiErrorMismatchPin","$v":"നിങ്ങൾ ടൈപ്പുചെയ്ത പിന്‍സ് പൊരുത്തപ്പെടുന്നില്ല"},{"$i":"emMmiErrorInvalidPin","$v":"4 മുതൽ 8 വരെ അക്കങ്ങളുള്ള ഒരു പിന്‍ ടൈപ്പുചെയ്യുക"},{"$i":"emMmiErrorNeedsPuk","$v":"നിങ്ങളുടെ സിം കാർഡില്‍  PUK ലോക്ക് ചെയ്തിരിക്കുന്നു"},{"$i":"emMmiErrorEnablePin","$v":"പരാജയപ്പെട്ടു. SIM/RUIM ലോക്ക് പ്രവർത്തനക്ഷമമാക്കുക"},{"$i":"emMmiErrorMmiFdn","$v":"സ്ഥിര ഡയലിംഗ് നമ്പറുകൾക്ക് മാത്രമായി പ്രവർത്തനം പരിമിതപ്പെടുത്തിയിരിക്കുന്നു"},{"$i":"emMmiErrorStkCcUssdDial","$v":"USSD അഭ്യർത്ഥന, ഡയല്‍ അഭ്യർത്ഥനയായി പരിഷ്‌ക്കരിച്ചു."},{"$i":"emMmiErrorStkCcUssdSs","$v":"USSD അഭ്യർത്ഥന SS അഭ്യർത്ഥനയിലേക്ക്  പരിഷ്‌ക്കരിച്ചു."},{"$i":"emMmiErrorStkCcUssdUssd","$v":"USSD അഭ്യർത്ഥന പുതിയ USSD അഭ്യർത്ഥനയായി പരിഷ്‌ക്കരിച്ചു."},{"$i":"emMmiErrorStkCcSsDial","$v":"ഡയൽ അഭ്യർത്ഥനയിലേക്ക് SS അഭ്യർത്ഥന പരിഷ്ക്കരിച്ചു"},{"$i":"emMmiErrorStkCcSsUssd","$v":"SS അഭ്യർത്ഥന USSD അഭ്യർത്ഥനയായി പരിഷ്‌ക്കരിച്ചു."},{"$i":"emMmiErrorStkCcSsSs","$v":"പുതിയ SS അഭ്യർത്ഥനയിലേക്ക് SS അഭ്യർത്ഥന പരിഷ്ക്കരിച്ചു"},{"$i":"emMmiErrorPinPukAttempts","$v":{"one":[{"t":"idOrVar","v":"n"}," പുനഃശ്രമം കൂടി ബാക്കിയുണ്ട്"],"two":[{"t":"idOrVar","v":"n"}," പുനഃശ്രമങ്ങൾ ശേഷിക്കുന്നു"],"few":[{"t":"idOrVar","v":"n"}," പുനഃശ്രമങ്ങൾ ശേഷിക്കുന്നു"],"many":[{"t":"idOrVar","v":"n"}," പുനഃശ്രമങ്ങൾ ശേഷിക്കുന്നു"],"other":[{"t":"idOrVar","v":"n"}," പുനഃശ്രമങ്ങൾ ശേഷിക്കുന്നു"]},"$x":[{"t":"idOrVar","v":"plural"},"n"]},{"$i":"emMmiErrorSimBlocked","$v":"പുനഃശ്രമങ്ങളുടെ പരമാവധി എണ്ണം മറികടന്നു. സിം തടഞ്ഞു"},{"$i":"RadioNotAvailable","$v":"റേഡിയോ ലഭ്യമല്ല"},{"$i":"PasswordIncorrect","$v":"പാസ്‌വേഡ് തെറ്റാണ്"},{"$i":"SimPin2","$v":"സിം പിന്‍2"},{"$i":"SimPuk2","$v":"സിം PUK2"},{"$i":"RequestNotSupported","$v":"അഭ്യർത്ഥനയ്ക്ക് പിന്തുണയില്ല"},{"$i":"OpNotAllowedDuringVoiceCall","$v":"വോയിസ്‌  കോളിൽ പ്രവർത്തനം അനുവദനീയമല്ല"},{"$i":"SmsSendFailRetry","$v":"SMS അയയ്ക്കുന്നത് പരാജയം, വീണ്ടും ശ്രമിക്കുക"},{"$i":"SimAbsent","$v":"സിം ഇല്ല"},{"$i":"SubscriptionNotAvailable","$v":"സബ്സ്ക്രിപ്ഷൻ ലഭ്യമല്ല"},{"$i":"ModeNotSupported","$v":"മോഡ് പിന്തുണയ്ക്കുന്നില്ല"},{"$i":"FdnCheckFailure","$v":"Fdn പരിശോധന പരാജയം"},{"$i":"IllegalSimOrMe","$v":"നിയമവിരുദ്ധ സിം അല്ലെങ്കിൽ ME"},{"$i":"DialModifiedToUssd","$v":"USSD ലേക്ക് ഡയൽ പരിഷ്ക്കരിച്ചു"},{"$i":"DialModifiedToSs","$v":"SS ലേക്ക് ഡയൽ പരിഷ്ക്കരിച്ചു"},{"$i":"DialModifiedToDial","$v":"ഡയലിലേക്ക് ഡയൽ പരിഷ്ക്കരിച്ചു"},{"$i":"UssdModifiedToDial","$v":"ഡയലിലേക്ക്  USSD പരിഷ്ക്കരിച്ചു"},{"$i":"UssdModifiedToSs","$v":"SS ലേക്ക് USSD പരിഷ്ക്കരിച്ചു"},{"$i":"UssdModifiedToUssd","$v":"USSD ലേക്ക് USSD പരിഷ്ക്കരിച്ചു"},{"$i":"SsModifiedToDial","$v":"ഡയലിലേക്ക് SS പരിഷ്ക്കരിച്ചു"},{"$i":"SsModifiedToUssd","$v":"USSD ലേക്ക് SS പരിഷ്ക്കരിച്ചു"},{"$i":"SsModifiedToSs","$v":"SS ലേക്ക് SS പരിഷ്ക്കരിച്ചു"},{"$i":"SubscriptionNotSupported","$v":"സബ്സ്ക്രിപ്ഷന് പിന്തുണയില്ല"},{"$i":"InvalidParameter","$v":"പാരാമീറ്റർ അസാധുവാണ്"},{"$i":"RejectedByRemote","$v":"റിമോട്ട്  മുഖേന നിരസിച്ചു"},{"$i":"sim-with-index-and-carrier","$v":["സിം ",{"t":"idOrVar","v":"index"}," - ",{"t":"idOrVar","v":"carrier"}]},{"$i":"sim-without-carrier","$v":["സിം ",{"t":"idOrVar","v":"index"}]},{"$i":"label","$v":"ലേബൽ"},{"$i":"faxHome","$v":"Fax ഹോം"},{"$i":"faxOffice","$v":"Fax ഓഫീസ്"},{"$i":"faxOther","$v":"Fax അദര്‍"},{"$i":"another","$v":"മറ്റുള്ളത്"},{"$i":"other","$v":"മറ്റുള്ളവ"},{"$i":"tcl-customTag","$v":"ഇഷ്ടാനുസൃത ടാഗ്"},{"$i":"customTag","$v":"ഇഷ്ടാനുസൃത ടാഗ്","placeholder":"ഇഷ്ടാനുസൃത ടാഗ്"},{"$i":"current","$v":"നിലവിൽ"},{"$i":"itemWithLabel","$v":[{"t":"idOrVar","v":"label"},", ",{"t":"idOrVar","v":"item"}]},{"$i":"weekday-0-long","$v":"ഞായറാഴ്ച"},{"$i":"weekday-1-long","$v":"തിങ്കളാഴ്ച"},{"$i":"weekday-2-long","$v":"ചൊവ്വാഴ്ച"},{"$i":"weekday-3-long","$v":"ബുധനാഴ്ച"},{"$i":"weekday-4-long","$v":"വ്യാഴാഴ്ച"},{"$i":"weekday-5-long","$v":"വെള്ളിയാഴ്ച"},{"$i":"weekday-6-long","$v":"ശനിയാഴ്ച"},{"$i":"weekday-0-short","$v":"ഞായർ"},{"$i":"weekday-1-short","$v":"തിങ്കൾ"},{"$i":"weekday-2-short","$v":"ചൊവ്വ"},{"$i":"weekday-3-short","$v":"ബുധൻ"},{"$i":"weekday-4-short","$v":"വ്യാഴം"},{"$i":"weekday-5-short","$v":"വെള്ളി"},{"$i":"weekday-6-short","$v":"ശനി"},{"$i":"month-0-long","$v":"ജനുവരി"},{"$i":"month-1-long","$v":"ഫെബ്രുവരി"},{"$i":"month-2-long","$v":"മാർച്ച്"},{"$i":"month-3-long","$v":"ഏപ്രിൽ"},{"$i":"month-4-long","$v":"മെയ്"},{"$i":"month-5-long","$v":"ജൂൺ"},{"$i":"month-6-long","$v":"ജൂലൈ"},{"$i":"month-7-long","$v":"ആഗസ്റ്റ്"},{"$i":"month-8-long","$v":"സെപ്റ്റംബർ"},{"$i":"month-9-long","$v":"ഒക്ടോബർ"},{"$i":"month-10-long","$v":"നവംബർ"},{"$i":"month-11-long","$v":"ഡിസംബർ"},{"$i":"month-0-genitive","$v":"ജനുവരി"},{"$i":"month-1-genitive","$v":"ഫെബ്രുവരി"},{"$i":"month-2-genitive","$v":"മാർച്ച്"},{"$i":"month-3-genitive","$v":"ഏപ്രിൽ"},{"$i":"month-4-genitive","$v":"മെയ്"},{"$i":"month-5-genitive","$v":"ജൂൺ"},{"$i":"month-6-genitive","$v":"ജൂലൈ"},{"$i":"month-7-genitive","$v":"ആഗസ്റ്റ്"},{"$i":"month-8-genitive","$v":"സെപ്റ്റംബർ"},{"$i":"month-9-genitive","$v":"ഒക്ടോബർ"},{"$i":"month-10-genitive","$v":"നവംബർ"},{"$i":"month-11-genitive","$v":"ഡിസംബർ"},{"$i":"month-0-short","$v":"ജനുവരി"},{"$i":"month-1-short","$v":"ഫെബ്രുവരി"},{"$i":"month-2-short","$v":"മാർച്ച്"},{"$i":"month-3-short","$v":"ഏപ്രിൽ"},{"$i":"month-4-short","$v":"മെയ്"},{"$i":"month-5-short","$v":"ജൂൺ"},{"$i":"month-6-short","$v":"ജൂലൈ"},{"$i":"month-7-short","$v":"ആഗസ്റ്റ്"},{"$i":"month-8-short","$v":"സെപ്റ്റംബർ"},{"$i":"month-9-short","$v":"ഒക്ടോബർ"},{"$i":"month-10-short","$v":"നവംബർ"},{"$i":"month-11-short","$v":"ഡിസംബർ"},{"$i":"minutes-ago-long","$v":{"zero":"ഇപ്പോൾ തന്നെ","one":"ഒരു മിനിറ്റ് മുമ്പ്","two":[{"t":"idOrVar","v":"value"}," മിനിറ്റുകൾക്ക് മുമ്പ്"],"few":[{"t":"idOrVar","v":"value"}," മിനിറ്റുകൾക്ക് മുമ്പ്"],"many":[{"t":"idOrVar","v":"value"}," മിനിറ്റുകൾക്ക് മുമ്പ്"],"other":[{"t":"idOrVar","v":"value"}," മിനിറ്റുകൾക്ക് മുമ്പ്"]},"$x":[{"t":"idOrVar","v":"plural"},"value"]},{"$i":"hours-ago-long","$v":{"zero":"ഇപ്പോൾ തന്നെ","one":"ഒരു മണിക്കൂർ മുമ്പ്","two":[{"t":"idOrVar","v":"value"}," മണിക്കൂറുകൾക്ക് മുമ്പ്"],"few":[{"t":"idOrVar","v":"value"}," മണിക്കൂറുകൾക്ക് മുമ്പ്"],"many":[{"t":"idOrVar","v":"value"}," മണിക്കൂറുകൾക്ക് മുമ്പ്"],"other":[{"t":"idOrVar","v":"value"}," മണിക്കൂറുകൾക്ക് മുമ്പ്"]},"$x":[{"t":"idOrVar","v":"plural"},"value"]},{"$i":"days-ago-long","$v":{"zero":"ഇന്ന്","one":"ഇന്നലെ","two":[{"t":"idOrVar","v":"value"}," ദിവസങ്ങൾക്ക് മുമ്പ്"],"few":[{"t":"idOrVar","v":"value"}," ദിവസങ്ങൾക്ക് മുമ്പ്"],"many":[{"t":"idOrVar","v":"value"}," ദിവസങ്ങൾക്ക് മുമ്പ്"],"other":[{"t":"idOrVar","v":"value"}," ദിവസങ്ങൾക്ക് മുമ്പ്"]},"$x":[{"t":"idOrVar","v":"plural"},"value"]},{"$i":"weeks-ago-long","$v":{"zero":"ഈ ആഴ്ച","one":"കഴിഞ്ഞ ആഴ്ച","two":[{"t":"idOrVar","v":"value"}," ആഴ്ചകൾക്ക് മുമ്പ്"],"few":[{"t":"idOrVar","v":"value"}," ആഴ്ചകൾക്ക് മുമ്പ്"],"many":[{"t":"idOrVar","v":"value"}," ആഴ്ചകൾക്ക് മുമ്പ്"],"other":[{"t":"idOrVar","v":"value"}," ആഴ്ചകൾക്ക് മുമ്പ്"]},"$x":[{"t":"idOrVar","v":"plural"},"value"]},{"$i":"months-ago-long","$v":{"zero":"ഈ മാസം","one":"കഴിഞ്ഞ മാസം","two":[{"t":"idOrVar","v":"value"}," മാസങ്ങൾക്ക് മുമ്പ്"],"few":[{"t":"idOrVar","v":"value"}," മാസങ്ങൾക്ക് മുമ്പ്"],"many":[{"t":"idOrVar","v":"value"}," മാസങ്ങൾക്ക് മുമ്പ്"],"other":[{"t":"idOrVar","v":"value"}," മാസങ്ങൾക്ക് മുമ്പ്"]},"$x":[{"t":"idOrVar","v":"plural"},"value"]},{"$i":"years-ago-long","$v":{"zero":"ഈ വർഷം","one":"കഴിഞ്ഞ വർഷം","two":[{"t":"idOrVar","v":"value"}," വർഷങ്ങൾക്ക് മുമ്പ്"],"few":[{"t":"idOrVar","v":"value"}," വർഷങ്ങൾക്ക് മുമ്പ്"],"many":[{"t":"idOrVar","v":"value"}," വർഷങ്ങൾക്ക് മുമ്പ്"],"other":[{"t":"idOrVar","v":"value"}," വർഷങ്ങൾക്ക് മുമ്പ്"]},"$x":[{"t":"idOrVar","v":"plural"},"value"]},{"$i":"minutes-until-long","$v":{"zero":"ഇപ്പോൾ","one":"ഒരു മിനിറ്റിൽ","two":[{"t":"idOrVar","v":"value"}," മിനിറ്റുകളിൽ"],"few":[{"t":"idOrVar","v":"value"}," മിനിറ്റുകളിൽ"],"many":[{"t":"idOrVar","v":"value"}," മിനിറ്റുകളിൽ"],"other":[{"t":"idOrVar","v":"value"}," മിനിറ്റുകളിൽ"]},"$x":[{"t":"idOrVar","v":"plural"},"value"]},{"$i":"hours-until-long","$v":{"zero":"ഇപ്പോൾ","one":"ഒരു മണിക്കൂറിൽ","two":[{"t":"idOrVar","v":"value"}," മണിക്കൂറുകളിൽ"],"few":[{"t":"idOrVar","v":"value"}," മണിക്കൂറുകളിൽ"],"many":[{"t":"idOrVar","v":"value"}," മണിക്കൂറുകളിൽ"],"other":[{"t":"idOrVar","v":"value"}," മണിക്കൂറുകളിൽ"]},"$x":[{"t":"idOrVar","v":"plural"},"value"]},{"$i":"days-until-long","$v":{"zero":"ഇന്ന്","one":"നാളെ","two":[{"t":"idOrVar","v":"value"}," ദിവസങ്ങളിൽ"],"few":[{"t":"idOrVar","v":"value"}," ദിവസങ്ങളിൽ"],"many":[{"t":"idOrVar","v":"value"}," ദിവസങ്ങളിൽ"],"other":[{"t":"idOrVar","v":"value"}," ദിവസങ്ങളിൽ"]},"$x":[{"t":"idOrVar","v":"plural"},"value"]},{"$i":"weeks-until-long","$v":{"zero":"ഈ ആഴ്ച","one":"അടുത്ത ആഴ്ച","two":[{"t":"idOrVar","v":"value"}," ആഴ്ചകളിൽ"],"few":[{"t":"idOrVar","v":"value"}," ആഴ്ചകളിൽ"],"many":[{"t":"idOrVar","v":"value"}," ആഴ്ചകളിൽ"],"other":[{"t":"idOrVar","v":"value"}," ആഴ്ചകളിൽ"]},"$x":[{"t":"idOrVar","v":"plural"},"value"]},{"$i":"months-until-long","$v":{"zero":"ഈ മാസം","one":"അടുത്ത മാസം","two":[{"t":"idOrVar","v":"value"}," മാസങ്ങളിൽ"],"few":[{"t":"idOrVar","v":"value"}," മാസങ്ങളിൽ"],"many":[{"t":"idOrVar","v":"value"}," മാസങ്ങളിൽ"],"other":[{"t":"idOrVar","v":"value"}," മാസങ്ങളിൽ"]},"$x":[{"t":"idOrVar","v":"plural"},"value"]},{"$i":"years-until-long","$v":{"zero":"ഈ വർഷം","one":"അടുത്ത വർഷം","two":[{"t":"idOrVar","v":"value"}," വർഷങ്ങളിൽ"],"few":[{"t":"idOrVar","v":"value"}," വർഷങ്ങളിൽ"],"many":[{"t":"idOrVar","v":"value"}," വർഷങ്ങളിൽ"],"other":[{"t":"idOrVar","v":"value"}," വർഷങ്ങളിൽ"]},"$x":[{"t":"idOrVar","v":"plural"},"value"]},{"$i":"minutes-ago-short","$v":{"zero":"ഇപ്പോൾ തന്നെ","other":[{"t":"idOrVar","v":"value"}," മിനിറ്റ്  മുമ്പ്"]},"$x":[{"t":"idOrVar","v":"plural"},"value"]},{"$i":"hours-ago-short","$v":{"zero":"ഇപ്പോൾ തന്നെ","other":[{"t":"idOrVar","v":"value"}," മണിക്കൂറുകള്‍ക്ക്  മുമ്പ്"]},"$x":[{"t":"idOrVar","v":"plural"},"value"]},{"$i":"days-ago-short","$v":{"zero":"ഇന്ന്","other":[{"t":"idOrVar","v":"value"}," ദിവസങ്ങള്‍ക്ക്  മുമ്പ്"]},"$x":[{"t":"idOrVar","v":"plural"},"value"]},{"$i":"minutes-until-short","$v":{"zero":"ഇപ്പോൾ","other":[{"t":"idOrVar","v":"value"},"മിനിറ്റില്‍"]},"$x":[{"t":"idOrVar","v":"plural"},"value"]},{"$i":"hours-until-short","$v":{"zero":"ഇപ്പോൾ","other":[{"t":"idOrVar","v":"value"},"മണിക്കൂറില്‍"]},"$x":[{"t":"idOrVar","v":"plural"},"value"]},{"$i":"days-until-short","$v":{"zero":"ഇന്ന്","other":[{"t":"idOrVar","v":"value"},"ദിവസത്തില്‍"]},"$x":[{"t":"idOrVar","v":"plural"},"value"]},{"$i":"incorrectDate","$v":"(തെറ്റായ തീയ്യതി)"},{"$i":"dateTimeFormat_%c","$v":"%a %b %e %Y %I:%M:%S %p"},{"$i":"dateTimeFormat_%x","$v":"%m/%d/%Y"},{"$i":"dateTimeFormat_%X","$v":"%I:%M:%S %p"},{"$i":"shortTimeFormat","$v":"%I:%M %p"},{"$i":"shortTimeFormat12","$v":"%I:%M %p"},{"$i":"shortTimeFormat24","$v":"%H:%M"},{"$i":"shortDateTimeFormat","$v":"%x %I:%M %p"},{"$i":"weekStartsOnMonday","$v":"0"},{"$i":"firstDayOfTheWeek","$v":"0"},{"$i":"time_am","$v":"AM"},{"$i":"time_pm","$v":"PM"}]