[{"$i":"search-or-enter-address","placeholder":"থিয়ু নত্ত্রগা এদ্রেশ মেনশিল্লু"},{"$i":"delete-title","$v":[{"t":"idOrVar","v":"name"}," মুথৎলু"]},{"$i":"delete-body","$v":[{"t":"idOrVar","v":"name"}," অমসুং মদুগী দাতা লোইনমক মুথৎলগনি."]},{"$i":"delete","$v":"মুত্থৎলু"},{"$i":"cancel","$v":"ককথৎলু"},{"$i":"menu","$v":"মেনু"},{"$i":"notifications","$v":"এলর্টশীং"},{"$i":"speed-dial","$v":"স্পীদ দাইল"},{"$i":"select","$v":"খল্লু"},{"$i":"favorite","$v":"পামজবা"},{"$i":"unfavorite","$v":"ফেবরাইট ওইবা হন্দোকউ"},{"$i":"ok","$v":"ওকে"},{"$i":"edit","$v":"ইদিত তৌ"},{"$i":"call","$v":"কোল"},{"$i":"message","$v":"মেসেজ"},{"$i":"options","$v":"ওপসনশিং"},{"$i":"assign","$v":"থবক পীবা"},{"$i":"remove","$v":"লৌথোকপা"},{"$i":"replace","$v":"মহুৎ শিনবা"},{"$i":"more","$v":"অহেনবা"},{"$i":"settings","$v":"সেটিংশিং"},{"$i":"contacts","$v":"পাউ-ফাওনগদবশিং"},{"$i":"voicemail","$v":"ভোইসমেল"},{"$i":"speed-dial-not-empty","ariaLabel":[{"t":"idOrVar","v":"order"},", ",{"t":"idOrVar","v":"name"}]},{"$i":"speed-dial-empty","ariaLabel":[{"t":"idOrVar","v":"order"},", ইহাং হাংই"]},{"$i":"remove-speed-dial","$v":["নহাক ",{"t":"idOrVar","v":"name"}," অসি স্পীদ দাইলদগী লৌথোকপা পাম্মি হায়বা নহাক শোয়দ্রব্রা?"]},{"$i":"replace-speed-dial","$v":[{"t":"idOrVar","v":"name"}," অসিবু ",{"t":"idOrVar","v":"subName"}," না মহুৎ শিনবা পাম্মি হায়বা নহাক শোয়দ্রব্রা?"]},{"$i":"assign-speed-dial","$v":["কন্টেক্ত অদু বট্টন্দা স্পীদ দাইল ওইনা হাপচিন্দে ",{"t":"idOrVar","v":"n"},". হৌজিক থবক শীন্নগদ্রা?"]},{"$i":"assign-voicemail","$v":"ভোইস মেল নম্বর সেট তৌখিদে."},{"$i":"alert-for-contacts-without-number","$v":"ফোন নম্বরগা লোয়নবা কন্টেক্তশীং ফংদে."},{"$i":"option-remove","$v":"স্পীদ দাইলদগী লৌথোকউ"},{"$i":"option-replace","$v":"মহুৎ শিনবা"},{"$i":"all-apps","$v":"লোইনমক-এপশীং"},{"$i":"add-to-existing-contact","$v":"হৌজিক লৈবা কন্টেক্ততা হাপচিল্লু"},{"$i":"create-new-contact","$v":"অনৌবা একাওন্ট শেম্মু"},{"$i":"sending","$v":"থারি…"},{"$i":"callAirplaneModeTitle","$v":"এয়রপ্লেন মোদ এক্তিবেত তৌরে"},{"$i":"callAirplaneModeMessage","$v":"কোল অমা তৌনবা নহাক সেটিংশীংদা এয়রপ্লেন মোদ য়াহন্দবা দরকার ওই."},{"$i":"emergencyDialogTitle","$v":"নেটৱর্ক কন্নেক্সন অমত্তা লৈতে"},{"$i":"emergencyDialogBodyBadNumber","$v":"কোল অমা তৌনবা, ফোন অদু নেটৱার্ক অমদা শম্নগদবনি."},{"$i":"emergencyDialogBodyDeviceNotAccepted","$v":"নেটৱার্ক অদুনা ইমর্জেন্সি কোলশীং য়াহন্দে."},{"$i":"invalidNumberToDialTitle","$v":"চৎনদবা ফোন নম্বর"},{"$i":"invalidNumberToDialMessage","$v":"নহাক্না কোল তৌরিবা ফোন নম্বর অদু চৎনদে."},{"$i":"emergency-call-only","$v":"অথু-অকায়গী কোলখক্তা"},{"$i":"emergency-call-error","$v":[{"t":"idOrVar","v":"number"}," ইমর্জেন্সি নম্বর অমা নত্তে."]},{"$i":"numberIsBusyTitle","$v":"নম্বর বিজি ওই"},{"$i":"numberIsBusyMessage","$v":"নম্বর অদু হৌজিক চিল্লি. কোন্না হন্না হোৎনবিয়ু."},{"$i":"fdnIsActiveTitle","$v":"FDN এক্তিব ওই"},{"$i":"fdnIsActiveMessage","$v":["FDN (Fixed Dialing Numbers) এক্তিবেত তৌরে অমসুং মখাগী নম্বর অসি নহাক্কি FDN লিস্টতা য়াওদে: ",{"t":"idOrVar","v":"number"}]},{"$i":"otherConnectionInUseTitle","$v":"অতোপ্পা শম্নবা শীজিন্নবা"},{"$i":"otherConnectionInUseMessage","$v":"নহাক অতোপ্পা শম্নবা অমদা এক্তিব কোল অমা লৈ. নহাক মতম অমত্তদা শম্নবা অমখক্তং শীজিন্নবা য়াই."},{"$i":"GenericFailure","$v":"ময়ামগী ওইনা শোয়বা"},{"$i":"CallFailed","$v":"কোল মায় পাক্তে"},{"$i":"scCallBarring","$v":"কোল তৌবা য়াহন্দ্রি"},{"$i":"scCallForwarding","$v":"কোল ফোরৱার্দ তৌরি"},{"$i":"scClip","$v":"লাক্লিবা কোলর ID"},{"$i":"scClir","$v":"চত্থোকখিবা কোলর ID"},{"$i":"scPwd","$v":"পাসৱর্ড হোংলে"},{"$i":"scCallWaiting","$v":"কোল অঙাইবা"},{"$i":"scPin","$v":"PIN হোংলে"},{"$i":"scPin2","$v":"পিন2 হোংবা"},{"$i":"scPuk","$v":"পিন ব্লোক তৌবা তোকউ"},{"$i":"scPuk2","$v":"পিন2 ব্লোক তৌবা তোকউ"},{"$i":"scImei","$v":"IMEI"},{"$i":"scMeid","$v":"MEID"},{"$i":"scUssd","$v":"USSD"},{"$i":"personal","$v":"মশামক্কী"},{"$i":"mobile","$v":"মোবাইল"},{"$i":"home","$v":"হোম"},{"$i":"work","$v":"থবক"},{"$i":"fax-home","$v":"য়ুমগী ফেক্স"},{"$i":"fax-office","$v":"ওফিসকি ফেক্স"},{"$i":"fax-other","$v":"অতোপ্পা ফেক্স"},{"$i":"homescreen-settings","$v":"হোমস্ক্রীন সেটিংশীং"},{"$i":"change-wallpaper","$v":"ৱালপেপর হোংঙু"},{"$i":"add-smart-collections","$v":"স্মার্ট কলেক্সনশীং হাপচিল্লু"},{"$i":"edit-mode","$v":"ইদিত তৌ"},{"$i":"edit-done","$v":"তৌরে"},{"$i":"stop-download-title","$v":[{"t":"idOrVar","v":"name"}," লেপ্পু"]},{"$i":"stop-download-body","$v":"নহাক হৌজিক চত্থরিবা দাওনলোদ তৌবা অদু লেপহনবা পাম্ব্রা?"},{"$i":"stop-download-action","$v":"লেপ্পু"},{"$i":"resume-download-title","$v":"দাওনলোদ হন্না স্টার্ট তৌ"},{"$i":"resume-download-body","$v":["নহাক ",{"t":"idOrVar","v":"name"}," দাওনলোদ তৌবা পাম্ব্রা?"]},{"$i":"resume-download-action","$v":"ডাউণ্ডলোদ"},{"$i":"edit-group-header","$v":"কাঙলূপতু ইদিত তৌ"},{"$i":"tcl-wallpaper-changed","$v":"ৱালপেপর হোংলে"},{"$i":"gaia-shortcut-app-updated","$v":"এপ অপদেত তৌরে"},{"$i":"clocks-updated","$v":"ঘড়িশীং অপদেত তৌরে"},{"$i":"longDateFormat","$v":"%A, %b %e"},{"$i":"app-title","$v":"ঐগী এপশীং"},{"$i":"app-uninstall","$v":[{"t":"idOrVar","v":"name"}," ইনস্টোল তৌবদগী লৌথোকখি"]},{"$i":"confirmation","$v":"চুম্মি হায়বা"},{"$i":"call-forwarding-async","$v":["সিনক্রোনস ওইদবা: ",{"t":"idOrVar","v":"async"}]},{"$i":"call-forwarding-data","$v":["দাতা: ",{"t":"idOrVar","v":"data"}]},{"$i":"call-forwarding-error","$v":"কোল ফোরৱার্দ তৌনবা স্টেটস হন্না ফংনবা তৌরিঙৈদা অরানবা অমা থোক্লে"},{"$i":"call-forwarding-fax","$v":["FAX: ",{"t":"idOrVar","v":"fax"}]},{"$i":"call-forwarding-inactive","$v":"এক্তিব ওইদবা"},{"$i":"call-forwarding-packet","$v":["পেকেত: ",{"t":"idOrVar","v":"packet"}]},{"$i":"call-forwarding-pad","$v":["PAD: ",{"t":"idOrVar","v":"pad"}]},{"$i":"call-forwarding-sms","$v":["SMS: ",{"t":"idOrVar","v":"sms"}]},{"$i":"call-forwarding-status","$v":"কোল ফোরৱার্দ তৌবগী স্টেটস"},{"$i":"call-forwarding-sync","$v":["মতম চপ মান্ননা ওইমিন্নবা: ",{"t":"idOrVar","v":"sync"}]},{"$i":"call-forwarding-voice","$v":["ভোইস: ",{"t":"idOrVar","v":"voice"}]},{"$i":"serviceClassVoice","$v":"ভোইস"},{"$i":"serviceClassData","$v":"ডাটা"},{"$i":"serviceClassFax","$v":"FAX"},{"$i":"serviceClassSms","$v":"SMS"},{"$i":"serviceClassDataSync","$v":"সিঙ্ক তৌ"},{"$i":"serviceClassDataAsync","$v":"সিঙ্ক তৌগনু"},{"$i":"serviceClassPacket","$v":"পেকেট"},{"$i":"serviceClassPad","$v":"PAD"},{"$i":"smServiceEnabled","$v":"সার্ভিস য়াহনখিদ্রে"},{"$i":"smServiceDisabled","$v":"সার্ভিস য়াহনখিদ্রে"},{"$i":"smServiceRegistered","$v":"রেজিস্টর তৌবা মায় পাকখি"},{"$i":"smServiceErased","$v":"নান্থোকপা মায় পাকখি"},{"$i":"smServiceInterrogated","$v":"হায়জবা মায় পাকখি"},{"$i":"smServiceNotProvisioned","$v":"সার্ভিস পীনবা য়াওখিদে"},{"$i":"smClirPermanent","$v":"নহাক কোলর ID সেটিং অদু হোংবা য়ারোই"},{"$i":"smClirDefaultOnNextCallOn","$v":"কোলর ID দিফোলটশিং অথিংবদা লৈরে. মথংগী কোল: থিংলে"},{"$i":"smClirDefaultOnNextCallOff","$v":"কোলর ID দিফোলটশিং অথিংবদা লৈরে. মথংগী কোল: থিংদে"},{"$i":"smClirDefaultOffNextCallOn","$v":"কোলর ID দিফোলটশিং অথিংবদা লৈত্রে. মথংগী কোল: থিংলে"},{"$i":"smClirDefaultOffNextCallOff","$v":"কোলর ID দিফোলটশিং অথিংবদা লৈত্রে. মথংগী কোল: থিংদে"},{"$i":"smServiceEnabledFor","$v":"মসিগীদমক সর্ভিস য়াহল্লে:"},{"$i":"smPinChanged","$v":"পিন মায় পাক্না হোংলে"},{"$i":"smPinUnblocked","$v":"পিন মায় পাক্না ব্লোক তৌবদগী লৌথোক্লে"},{"$i":"smPin2Changed","$v":"পিন2 মায় পাক্না হোংলে"},{"$i":"smPin2Unblocked","$v":"পিন2 মায় পাক্না ব্লোক তৌবদগী লৌথোক্লে"},{"$i":"ServiceIsEnabled","$v":"সার্ভিস য়াহল্লে"},{"$i":"ServiceIsDisabled","$v":"সার্ভিস য়াহন্দ্রে"},{"$i":"ServiceIsEnabledFor","$v":"সার্ভর য়াহল্লে গী:"},{"$i":"emMmiError","$v":"শম্নবগী সমস্য নত্ত্রগা চৎনদবা MMI কোদ"},{"$i":"emMmiErrorPasswordIncorrect","$v":"চুমদবা পাসৱার্দ"},{"$i":"emMmiErrorNotSupported","$v":"চৎনদবা নত্ত্রগা সপোর্ট তৌদবা MMI কোদ"},{"$i":"emMmiErrorInvalidAction","$v":"চৎনদবা থবক তৌবা"},{"$i":"emMmiErrorInvalidScCode","$v":"চৎনদবা সার্ভিস কোদ"},{"$i":"emMmiErrorBadPuk","$v":"নহাক্না টাইপ তৌবা  PUK চুমদে"},{"$i":"emMmiErrorBadPin","$v":"নহাক্না টাইপ তৌবা অরিবা পিন অদু চুমদে."},{"$i":"emMmiErrorNeedPuk2","$v":"সিম কার্দ ব্লোক তৌবা তোক্নবা  PUK2 টাইপ তৌ"},{"$i":"emMmiErrorMismatchPin","$v":"নহাক্না টাইপ তৌবা পিনীং চান্নদে"},{"$i":"emMmiErrorInvalidPin","$v":"নম্বরশীং 4 দগী 8 ওইবা পিন অমা টাইপ তৌ"},{"$i":"emMmiErrorNeedsPuk","$v":"নহাক্কি সিম কার্দ  PUK-লোক তৌই"},{"$i":"emMmiErrorEnablePin","$v":"মায় পাক্তবা. সিম/আর:য়ু:আই:এম: লোক য়াহল্লু"},{"$i":"emMmiErrorMmiFdn","$v":"ওপরেসন অসি ফিক্স তৌবা দাইলিং নম্বরশীং খক্তংদা তৌনবা অথিংবা লৈ"},{"$i":"emMmiErrorStkCcUssdDial","$v":"USSD হায়জবসি DIAL হায়জবদা শেমদোক্লে."},{"$i":"emMmiErrorStkCcUssdSs","$v":"USSD হায়জবসি SS হায়জবদা শেমদোক্লে."},{"$i":"emMmiErrorStkCcUssdUssd","$v":"USSD হায়জবসি অনৌবা USSD হায়জবদা শেমদোক্লে."},{"$i":"emMmiErrorStkCcSsDial","$v":"এস:এস: হায়জবা দি:আই:এ:এল: হায়জবদা শেমদোক্লে"},{"$i":"emMmiErrorStkCcSsUssd","$v":"USSD হায়জবসি SS হায়জবদা শেমদোক্লে."},{"$i":"emMmiErrorStkCcSsSs","$v":"এস:এস: হায়জবা অনৌবা এস:এস: হায়জবদা শেমদোক্লে"},{"$i":"emMmiErrorPinPukAttempts","$v":{"one":["হন্না হোৎনবা ",{"t":"idOrVar","v":"n"}," খক্তং ঙাইরে"],"two":["হোৎনগদবা ",{"t":"idOrVar","v":"n"}," লৈরি"],"few":["হোৎনগদবা ",{"t":"idOrVar","v":"n"}," লৈরি"],"many":["হোৎনগদবা ",{"t":"idOrVar","v":"n"}," লৈরি"],"other":["হোৎনগদবা ",{"t":"idOrVar","v":"n"}," লৈরি"]},"$x":[{"t":"idOrVar","v":"plural"},"n"]},{"$i":"emMmiErrorSimBlocked","$v":"খ্বাইদগী য়াম্বা হন্না হোৎনবা মশীং হেল্লে. সিম ব্লোক তৌরে"},{"$i":"RadioNotAvailable","$v":"রেদিও ফংদে"},{"$i":"PasswordIncorrect","$v":"পাসৱার্দ চুমদে"},{"$i":"SimPin2","$v":"সিম পিন 2"},{"$i":"SimPuk2","$v":"সিম  PUK2"},{"$i":"RequestNotSupported","$v":"হায়জবা সপোর্ট তৌদে"},{"$i":"OpNotAllowedDuringVoiceCall","$v":"ওপরেসন অসি ভোইস কোল মনুংদা তৌবা য়াদে"},{"$i":"SmsSendFailRetry","$v":"SMS থাবা মায় পাক্তে হন্না হোৎনৌ"},{"$i":"SimAbsent","$v":"সিম য়াওদে"},{"$i":"SubscriptionNotAvailable","$v":"সবস্ক্রিপসন ফংদে"},{"$i":"ModeNotSupported","$v":"মোদ সপোর্ট তৌদে"},{"$i":"FdnCheckFailure","$v":"FDN চেক তৌবা মায় পাক্তবা"},{"$i":"IllegalSimOrMe","$v":"আইননা য়াদবা সিম নত্ত্রগা ME"},{"$i":"DialModifiedToUssd","$v":"দাইল শেমদোক্লে USSD তা"},{"$i":"DialModifiedToSs","$v":"দাইল শেমদোক্লে এস:এস: তা"},{"$i":"DialModifiedToDial","$v":"দাইল শেমদোক্লে দাইল দা"},{"$i":"UssdModifiedToDial","$v":"USSD দাইলদা শেমদোক্লে"},{"$i":"UssdModifiedToSs","$v":"USSD শেমদোক্লে এস:এস: তা"},{"$i":"UssdModifiedToUssd","$v":"USSD শেমদোক্লে USSD তা"},{"$i":"SsModifiedToDial","$v":"এস:এস: দাইলদা শেমদোক্লে"},{"$i":"SsModifiedToUssd","$v":"এস:এস: শেমদোক্লে USSD তা"},{"$i":"SsModifiedToSs","$v":"এস:এস: শেমদোক্লে এস:এস: তা"},{"$i":"SubscriptionNotSupported","$v":"সবস্ক্রিপসন সপোর্ট তৌদে"},{"$i":"InvalidParameter","$v":"চৎনদবা পেরামিটর"},{"$i":"RejectedByRemote","$v":"রিমোটনা লৌ য়াদ্রে"},{"$i":"sim-with-index-and-carrier","$v":["সিম ",{"t":"idOrVar","v":"index"}," - ",{"t":"idOrVar","v":"carrier"}]},{"$i":"sim-without-carrier","$v":["সিম ",{"t":"idOrVar","v":"index"}]},{"$i":"label","$v":"থাক"},{"$i":"faxHome","$v":"য়ুমগী ফেক্স"},{"$i":"faxOffice","$v":"ওফিসকি ফেক্স"},{"$i":"faxOther","$v":"অতোপ্পা ফেক্স"},{"$i":"another","$v":"অতোপ্পা"},{"$i":"other","$v":"অতোপ্পা"},{"$i":"tcl-customTag","$v":"কস্টম টেগ"},{"$i":"customTag","$v":"কস্টম টেগ","placeholder":"কস্টম টেগ"},{"$i":"current","$v":"হৌজিক লৈরিবা"},{"$i":"itemWithLabel","$v":[{"t":"idOrVar","v":"label"},", ",{"t":"idOrVar","v":"item"}]},{"$i":"weekday-0-long","$v":"নোংমাইজিং"},{"$i":"weekday-1-long","$v":"নিংথৌকাবা"},{"$i":"weekday-2-long","$v":"লৈবাকপোকপা"},{"$i":"weekday-3-long","$v":"য়ুমশকৈশ"},{"$i":"weekday-4-long","$v":"শগোলশেল"},{"$i":"weekday-5-long","$v":"ইরাই"},{"$i":"weekday-6-long","$v":"থাংজ"},{"$i":"weekday-0-short","$v":"নুমিৎ"},{"$i":"weekday-1-short","$v":"নিংথৌকাবা"},{"$i":"weekday-2-short","$v":"লৈবাকপোকপা"},{"$i":"weekday-3-short","$v":"য়ুমশকৈশা"},{"$i":"weekday-4-short","$v":"শগোলশেন"},{"$i":"weekday-5-short","$v":"ইরাই"},{"$i":"weekday-6-short","$v":"থাংজ"},{"$i":"month-0-long","$v":"জানুৱারি"},{"$i":"month-1-long","$v":"ফেব্রুৱারি"},{"$i":"month-2-long","$v":"মার্চ"},{"$i":"month-3-long","$v":"এপ্রিল"},{"$i":"month-4-long","$v":"মে"},{"$i":"month-5-long","$v":"জুন"},{"$i":"month-6-long","$v":"জুলাই"},{"$i":"month-7-long","$v":"ওগস্ট"},{"$i":"month-8-long","$v":"সেপ্টেম্বর"},{"$i":"month-9-long","$v":"ওক্তোবর"},{"$i":"month-10-long","$v":"নোবেম্বর"},{"$i":"month-11-long","$v":"দিসেম্বর"},{"$i":"month-0-genitive","$v":"জানুৱারি"},{"$i":"month-1-genitive","$v":"ফেব্রুৱারি"},{"$i":"month-2-genitive","$v":"মার্চ"},{"$i":"month-3-genitive","$v":"এপ্রিল"},{"$i":"month-4-genitive","$v":"মে"},{"$i":"month-5-genitive","$v":"জুন"},{"$i":"month-6-genitive","$v":"জুলাই"},{"$i":"month-7-genitive","$v":"ওগস্ট"},{"$i":"month-8-genitive","$v":"সেপ্টেম্বর"},{"$i":"month-9-genitive","$v":"ওক্তোবর"},{"$i":"month-10-genitive","$v":"নোবেম্বর"},{"$i":"month-11-genitive","$v":"দিসেম্বর"},{"$i":"month-0-short","$v":"জানুৱারি"},{"$i":"month-1-short","$v":"ফেব্রুৱারি"},{"$i":"month-2-short","$v":"মার্চ"},{"$i":"month-3-short","$v":"এপ্রিল"},{"$i":"month-4-short","$v":"মে"},{"$i":"month-5-short","$v":"জুন"},{"$i":"month-6-short","$v":"জুলাই"},{"$i":"month-7-short","$v":"ওগস্ট"},{"$i":"month-8-short","$v":"সেপ্টেম্বর"},{"$i":"month-9-short","$v":"ওক্তোবর"},{"$i":"month-10-short","$v":"নোবেম্বর"},{"$i":"month-11-short","$v":"দিসেম্বর"},{"$i":"minutes-ago-long","$v":{"zero":"হৌজিক্তা","one":"মিনট অমা মমাংদা","two":["মিনট ",{"t":"idOrVar","v":"value"}," মমাংদা"],"few":["মিনট ",{"t":"idOrVar","v":"value"}," মমাংদা"],"many":["মিনট ",{"t":"idOrVar","v":"value"}," মমাংদা"],"other":["মিনট ",{"t":"idOrVar","v":"value"}," মমাংদা"]},"$x":[{"t":"idOrVar","v":"plural"},"value"]},{"$i":"hours-ago-long","$v":{"zero":"হৌজিক্তা","one":"পুং অমা মমাংদা","two":["পুং ",{"t":"idOrVar","v":"value"}," মমাংদা"],"few":["পুং ",{"t":"idOrVar","v":"value"}," মমাংদা"],"many":["পুং ",{"t":"idOrVar","v":"value"}," মমাংদা"],"other":["পুং ",{"t":"idOrVar","v":"value"}," মমাংদা"]},"$x":[{"t":"idOrVar","v":"plural"},"value"]},{"$i":"days-ago-long","$v":{"zero":"ঙসি","one":"ঙরাং","two":["নুমিৎ ",{"t":"idOrVar","v":"value"}," মমাংদা"],"few":["নুমিৎ ",{"t":"idOrVar","v":"value"}," মমাংদা"],"many":["নুমিৎ ",{"t":"idOrVar","v":"value"}," মমাংদা"],"other":["নুমিৎ ",{"t":"idOrVar","v":"value"}," মমাংদা"]},"$x":[{"t":"idOrVar","v":"plural"},"value"]},{"$i":"weeks-ago-long","$v":{"zero":"চয়োল অসি","one":"ইকোন কোনবা চয়োল","two":["চয়োল ",{"t":"idOrVar","v":"value"}," মমাংদা"],"few":["চয়োল ",{"t":"idOrVar","v":"value"}," মমাংদা"],"many":["চয়োল ",{"t":"idOrVar","v":"value"}," মমাংদা"],"other":["চয়োল ",{"t":"idOrVar","v":"value"}," মমাংদা"]},"$x":[{"t":"idOrVar","v":"plural"},"value"]},{"$i":"months-ago-long","$v":{"zero":"থা অসি","one":"ইকোন কোনবা থা","two":["থা ",{"t":"idOrVar","v":"value"}," মামংদা"],"few":["থা ",{"t":"idOrVar","v":"value"}," মামংদা"],"many":["থা ",{"t":"idOrVar","v":"value"}," মামংদা"],"other":["থা ",{"t":"idOrVar","v":"value"}," মামংদা"]},"$x":[{"t":"idOrVar","v":"plural"},"value"]},{"$i":"years-ago-long","$v":{"zero":"চহী অসি","one":"ইকোন কোনবা চহী","two":["চহী ",{"t":"idOrVar","v":"value"}," মমাংদা"],"few":["চহী ",{"t":"idOrVar","v":"value"}," মমাংদা"],"many":["চহী ",{"t":"idOrVar","v":"value"}," মমাংদা"],"other":["চহী ",{"t":"idOrVar","v":"value"}," মমাংদা"]},"$x":[{"t":"idOrVar","v":"plural"},"value"]},{"$i":"minutes-until-long","$v":{"zero":"হৌজিক্তা","one":"মিনট অমদা","two":["মিনট ",{"t":"idOrVar","v":"value"}," দা"],"few":["মিনট ",{"t":"idOrVar","v":"value"}," দা"],"many":["মিনট ",{"t":"idOrVar","v":"value"}," দা"],"other":["মিনট ",{"t":"idOrVar","v":"value"}," দা"]},"$x":[{"t":"idOrVar","v":"plural"},"value"]},{"$i":"hours-until-long","$v":{"zero":"হৌজিক্তা","one":"পুং অমদা","two":["পুং ",{"t":"idOrVar","v":"value"}," দা"],"few":["পুং ",{"t":"idOrVar","v":"value"}," দা"],"many":["পুং ",{"t":"idOrVar","v":"value"}," দা"],"other":["পুং ",{"t":"idOrVar","v":"value"}," দা"]},"$x":[{"t":"idOrVar","v":"plural"},"value"]},{"$i":"days-until-long","$v":{"zero":"ঙসি","one":"হয়েং","two":["নুমিৎ ",{"t":"idOrVar","v":"value"}," তা"],"few":["নুমিৎ ",{"t":"idOrVar","v":"value"}," তা"],"many":["নুমিৎ ",{"t":"idOrVar","v":"value"}," তা"],"other":["নুমিৎ ",{"t":"idOrVar","v":"value"}," তা"]},"$x":[{"t":"idOrVar","v":"plural"},"value"]},{"$i":"weeks-until-long","$v":{"zero":"চয়োল অসি","one":"মথংগী চয়োল","two":["চয়োল ",{"t":"idOrVar","v":"value"}," দা"],"few":["চয়োল ",{"t":"idOrVar","v":"value"}," দা"],"many":["চয়োল ",{"t":"idOrVar","v":"value"}," দা"],"other":["চয়োল ",{"t":"idOrVar","v":"value"}," দা"]},"$x":[{"t":"idOrVar","v":"plural"},"value"]},{"$i":"months-until-long","$v":{"zero":"থা অসি","one":"মথংগী থা","two":["থা ",{"t":"idOrVar","v":"value"}," দা"],"few":["থা ",{"t":"idOrVar","v":"value"}," দা"],"many":["থা ",{"t":"idOrVar","v":"value"}," দা"],"other":["থা ",{"t":"idOrVar","v":"value"}," দা"]},"$x":[{"t":"idOrVar","v":"plural"},"value"]},{"$i":"years-until-long","$v":{"zero":"চহী অসি","one":"মথংগী চহী","two":["চহী ",{"t":"idOrVar","v":"value"}," দা"],"few":["চহী ",{"t":"idOrVar","v":"value"}," দা"],"many":["চহী ",{"t":"idOrVar","v":"value"}," দা"],"other":["চহী ",{"t":"idOrVar","v":"value"}," দা"]},"$x":[{"t":"idOrVar","v":"plural"},"value"]},{"$i":"minutes-ago-short","$v":{"zero":"হৌজিক্তা","other":["থা ",{"t":"idOrVar","v":"value"}," মমাংদা"]},"$x":[{"t":"idOrVar","v":"plural"},"value"]},{"$i":"hours-ago-short","$v":{"zero":"হৌজিক্তা","other":["পুং ",{"t":"idOrVar","v":"value"}," মমাংদা"]},"$x":[{"t":"idOrVar","v":"plural"},"value"]},{"$i":"days-ago-short","$v":{"zero":"ঙসি","other":["নুমিৎ ",{"t":"idOrVar","v":"value"}," মমাংদা"]},"$x":[{"t":"idOrVar","v":"plural"},"value"]},{"$i":"minutes-until-short","$v":{"zero":"হৌজিক্তা","other":["থা ",{"t":"idOrVar","v":"value"}," দা"]},"$x":[{"t":"idOrVar","v":"plural"},"value"]},{"$i":"hours-until-short","$v":{"zero":"হৌজিক্তা","other":["পুং ",{"t":"idOrVar","v":"value"}," দা"]},"$x":[{"t":"idOrVar","v":"plural"},"value"]},{"$i":"days-until-short","$v":{"zero":"ঙসি","other":["নুমিৎ ",{"t":"idOrVar","v":"value"}," তা"]},"$x":[{"t":"idOrVar","v":"plural"},"value"]},{"$i":"incorrectDate","$v":"(চুমদবা তাং)"},{"$i":"dateTimeFormat_%c","$v":"%a %b %e %Y %I:%M:%S %p"},{"$i":"dateTimeFormat_%x","$v":"%m/%d/%Y"},{"$i":"dateTimeFormat_%X","$v":"%I:%M:%S %p"},{"$i":"shortTimeFormat","$v":"%I:%M %p"},{"$i":"shortTimeFormat12","$v":"%I:%M %p"},{"$i":"shortTimeFormat24","$v":"%H:%M"},{"$i":"shortDateTimeFormat","$v":"%x %I:%M %p"},{"$i":"weekStartsOnMonday","$v":"0"},{"$i":"firstDayOfTheWeek","$v":"0"},{"$i":"time_am","$v":"AM"},{"$i":"time_pm","$v":"PM"}]