[{"$i":"search-or-enter-address","placeholder":"शोधा किंवा पत्ता प्रविष्ट करा"},{"$i":"delete-title","$v":[{"t":"idOrVar","v":"name"}," हटवा"]},{"$i":"delete-body","$v":[{"t":"idOrVar","v":"name"}," आणि त्याचा सर्व डेटा हटवला जाईल."]},{"$i":"delete","$v":"हटवा"},{"$i":"cancel","$v":"रद्द करा"},{"$i":"menu","$v":"मेन्यू"},{"$i":"notifications","$v":"अलर्ट"},{"$i":"speed-dial","$v":"स्पीड डायल"},{"$i":"select","$v":"निवडा"},{"$i":"favorite","$v":"पसंतीचे"},{"$i":"unfavorite","$v":"पसंदी मधून हटवा"},{"$i":"ok","$v":"ठीक आहे"},{"$i":"edit","$v":"संपादित करा"},{"$i":"call","$v":"कॉल"},{"$i":"message","$v":"संदेश"},{"$i":"options","$v":"पर्याय"},{"$i":"assign","$v":"नेमून द्या"},{"$i":"remove","$v":"हटवा"},{"$i":"replace","$v":"बदला"},{"$i":"more","$v":"अधिक"},{"$i":"settings","$v":"सेटिंग्स"},{"$i":"contacts","$v":"संपर्क"},{"$i":"voicemail","$v":"व्हॉइसमेल"},{"$i":"speed-dial-not-empty","ariaLabel":[{"t":"idOrVar","v":"order"},", ",{"t":"idOrVar","v":"name"}]},{"$i":"speed-dial-empty","ariaLabel":[{"t":"idOrVar","v":"order"},", रिकामे"]},{"$i":"remove-speed-dial","$v":["आपण ",{"t":"idOrVar","v":"name"}," ला स्पीड डायल वरून हटवण्यास तयार आहे."]},{"$i":"replace-speed-dial","$v":["आपण ",{"t":"idOrVar","v":"name"}," ला ",{"t":"idOrVar","v":"subName"}," सोबत बदलण्यास तयार आहात का?"]},{"$i":"assign-speed-dial","$v":["संपर्कला ",{"t":"idOrVar","v":"n"}," बटनवर स्पीड डायलच्या रूपात नाही जोडले गेले होते. आता असाईन करा?"]},{"$i":"assign-voicemail","$v":"व्हॉईस मेल नंबर सेट केलेला नाही."},{"$i":"alert-for-contacts-without-number","$v":"उपलब्ध असलेल्या फोन नंबर सोबत कोणतेही संपर्क नाही."},{"$i":"option-remove","$v":"स्पीड डायल वरून हटवा"},{"$i":"option-replace","$v":"बदला"},{"$i":"all-apps","$v":"सर्व-अॅप"},{"$i":"add-to-existing-contact","$v":"वर्तमान संपर्कामध्ये जोडा"},{"$i":"create-new-contact","$v":"नवीन संपर्क तयार करा"},{"$i":"sending","$v":"पाठवत आहे..."},{"$i":"callAirplaneModeTitle","$v":"एयरप्लेन मोड सक्रिय केले आहे"},{"$i":"callAirplaneModeMessage","$v":"कॉल करण्यासाठी आपण सेटिंग मध्ये एयरप्लेन मोड अक्षम करणे आवश्यक आहे."},{"$i":"emergencyDialogTitle","$v":"कोणतेही नेटवर्क कनेक्शन नाही"},{"$i":"emergencyDialogBodyBadNumber","$v":"कॉल करण्यासाठी, फोन नेटवर्कशी जोडणे आवश्यक आहे."},{"$i":"emergencyDialogBodyDeviceNotAccepted","$v":"नेटवर्कद्वारे आपातकालीन कॉलला अनुमति नाही."},{"$i":"invalidNumberToDialTitle","$v":"अवैध फोन नंबर"},{"$i":"invalidNumberToDialMessage","$v":"आपण कॉल करत असलेला फोन नंबर वैध नाही."},{"$i":"emergency-call-only","$v":"फक्त आपातकालीन कॉल"},{"$i":"emergency-call-error","$v":[{"t":"idOrVar","v":"number"}," हा आपातकालीन नंबर नाही."]},{"$i":"numberIsBusyTitle","$v":"नंबर व्यस्त आहे"},{"$i":"numberIsBusyMessage","$v":"सध्या नंबर व्यस्त आहे. कृपया नंतर पुन्हा प्रयत्न करा."},{"$i":"fdnIsActiveTitle","$v":"FDN सक्रिय"},{"$i":"fdnIsActiveMessage","$v":["FDN (फिक्स्ड डायलिंग नंबर) सक्रिय आहे आणि खालील नंबर आपल्या FDN लिस्ट मध्ये नाही आहे: ",{"t":"idOrVar","v":"number"}]},{"$i":"otherConnectionInUseTitle","$v":"अन्य कनेक्शन उपयोगात आहेत"},{"$i":"otherConnectionInUseMessage","$v":"इतर कनेक्शनवर आपल्यासाठी एक सक्रीय कॉल आहे. आपण एका वेळी एकच कनेक्शन वापरू शकता."},{"$i":"GenericFailure","$v":"सामान्य अपयश"},{"$i":"CallFailed","$v":"कॉल अयशस्वी"},{"$i":"scCallBarring","$v":"कॉल प्रतिबंध"},{"$i":"scCallForwarding","$v":"कॉल फॉरवार्डिंग"},{"$i":"scClip","$v":"इनकमिंग कॉलर ID"},{"$i":"scClir","$v":"आउटगोइंग कॉलर ID"},{"$i":"scPwd","$v":"पासवर्ड बदला"},{"$i":"scCallWaiting","$v":"कॉल प्रतीक्षेत आहे"},{"$i":"scPin","$v":"पिन बदला"},{"$i":"scPin2","$v":"पिन2 बदला"},{"$i":"scPuk","$v":"पिन अनब्लॉक करा"},{"$i":"scPuk2","$v":"पिन2 अनब्लॉक करा"},{"$i":"scImei","$v":"IMEI"},{"$i":"scMeid","$v":"MEID"},{"$i":"scUssd","$v":"USSD"},{"$i":"personal","$v":"वैयक्तिक"},{"$i":"mobile","$v":"मोबाईल"},{"$i":"home","$v":"होम"},{"$i":"work","$v":"वर्क"},{"$i":"fax-home","$v":"Fax (हाेम)"},{"$i":"fax-office","$v":"Fax ऑफिस"},{"$i":"fax-other","$v":"अन्य Fax"},{"$i":"homescreen-settings","$v":"होमस्क्रीन सेटिंग्स"},{"$i":"change-wallpaper","$v":"वॉलपेपर बदला"},{"$i":"add-smart-collections","$v":"स्मार्ट संग्रह जोडा"},{"$i":"edit-mode","$v":"संपादित करा"},{"$i":"edit-done","$v":"पूर्ण झाले"},{"$i":"stop-download-title","$v":[{"t":"idOrVar","v":"name"}," थांबवा"]},{"$i":"stop-download-body","$v":"आपणास सुरू असलेले डाउनलोड थांबवायचे आहेत का?"},{"$i":"stop-download-action","$v":"थांबवा"},{"$i":"resume-download-title","$v":"डाउनलोड पुन्हा सुरु करा"},{"$i":"resume-download-body","$v":["आपणास ",{"t":"idOrVar","v":"name"}," डाउनलोड करायचे आहे का?"]},{"$i":"resume-download-action","$v":"डाउनलोड करा"},{"$i":"edit-group-header","$v":"समूह संपादित करा"},{"$i":"tcl-wallpaper-changed","$v":"वॉलपेपर बदलला गेला"},{"$i":"gaia-shortcut-app-updated","$v":"अॅप अपडेट केला आहे"},{"$i":"clocks-updated","$v":"घड्याळ अपडेट केली"},{"$i":"longDateFormat","$v":"%A, %b %e"},{"$i":"app-title","$v":"माझे अॅप"},{"$i":"app-uninstall","$v":[{"t":"idOrVar","v":"name"}," ला अनइन्स्टॉल केले गेले होते"]},{"$i":"confirmation","$v":"पुष्टीकरण"},{"$i":"call-forwarding-async","$v":["असिंक्रोनस: ",{"t":"idOrVar","v":"async"},"}"]},{"$i":"call-forwarding-data","$v":["डेटा: ",{"t":"idOrVar","v":"data"}]},{"$i":"call-forwarding-error","$v":"कॉल फॉरवर्ड स्थिती पुनर्प्राप्त करताना एक त्रुटी आली आहे"},{"$i":"call-forwarding-fax","$v":["FAX: ",{"t":"idOrVar","v":"fax"}]},{"$i":"call-forwarding-inactive","$v":"निष्क्रिय"},{"$i":"call-forwarding-packet","$v":["पॅकेट: ",{"t":"idOrVar","v":"packet"}]},{"$i":"call-forwarding-pad","$v":["PAD: ",{"t":"idOrVar","v":"pad"}]},{"$i":"call-forwarding-sms","$v":["SMS: ",{"t":"idOrVar","v":"sms"}]},{"$i":"call-forwarding-status","$v":"कॉल फॉरवार्डिंग स्थिती"},{"$i":"call-forwarding-sync","$v":["समकालिक: ",{"t":"idOrVar","v":"sync"}]},{"$i":"call-forwarding-voice","$v":["व्हॉइस: ",{"t":"idOrVar","v":"voice"}]},{"$i":"serviceClassVoice","$v":"व्हॉइस"},{"$i":"serviceClassData","$v":"डेटा"},{"$i":"serviceClassFax","$v":"FAX"},{"$i":"serviceClassSms","$v":"SMS"},{"$i":"serviceClassDataSync","$v":"सिंक"},{"$i":"serviceClassDataAsync","$v":"असिंक"},{"$i":"serviceClassPacket","$v":"पॅकेट"},{"$i":"serviceClassPad","$v":"PAD"},{"$i":"smServiceEnabled","$v":"सेवा सक्षम केली आहे"},{"$i":"smServiceDisabled","$v":"सेवा अक्षम झाली"},{"$i":"smServiceRegistered","$v":"नोंदणीकरण यशस्वी झाले"},{"$i":"smServiceErased","$v":"काढून टाकण्यात यश"},{"$i":"smServiceInterrogated","$v":"विनंती यशस्वी झाली"},{"$i":"smServiceNotProvisioned","$v":"सेवेची तरतूद नाही आहे"},{"$i":"smClirPermanent","$v":"आपण कॉलर ID सेटिंग्स बदलू शकतात"},{"$i":"smClirDefaultOnNextCallOn","$v":"कॉलर ID डिफॉल्ट रूपात प्रतिबंधित आहे. पुढील कॉल: प्रतिबंधित"},{"$i":"smClirDefaultOnNextCallOff","$v":"कॉलर ID डिफॉल्ट रूपात प्रतिबंधित आहे. पुढील कॉल: प्रतिबंधित नाही"},{"$i":"smClirDefaultOffNextCallOn","$v":"कॉलर ID डिफॉल्ट रूपात प्रतिबंधित नाही आहे. पुढील कॉल: प्रतिबंधित आहे"},{"$i":"smClirDefaultOffNextCallOff","$v":"कॉलर ID डिफॉल्ट रूपात प्रतिबंधित नाही आहे. पुढील कॉल: प्रतिबंधित नाही आहे"},{"$i":"smServiceEnabledFor","$v":"यासाठी सेवा सक्षम झाली:"},{"$i":"smPinChanged","$v":"पिन यशस्वीरित्या बदलला गेला"},{"$i":"smPinUnblocked","$v":"पिन यशस्वीरित्या अनब्‍लॉक केला गेला"},{"$i":"smPin2Changed","$v":"पिन2 मध्ये यशस्वीरित्या बदल"},{"$i":"smPin2Unblocked","$v":"पिन2 यशस्वीरित्या अनब्‍लॉक केले गेले"},{"$i":"ServiceIsEnabled","$v":"सेवा सक्षम आहे"},{"$i":"ServiceIsDisabled","$v":"सेवा अक्षम आहे"},{"$i":"ServiceIsEnabledFor","$v":"यासाठी सेवा सक्षम झाली:"},{"$i":"emMmiError","$v":"कनेक्शन समस्या किंवा अवैध MMI कोड"},{"$i":"emMmiErrorPasswordIncorrect","$v":"चुकीचा पासवर्ड"},{"$i":"emMmiErrorNotSupported","$v":"अवैध किंवा असमर्थित MMI कोड"},{"$i":"emMmiErrorInvalidAction","$v":"अवैध कारवाई"},{"$i":"emMmiErrorInvalidScCode","$v":"अवैध सेवा कोड"},{"$i":"emMmiErrorBadPuk","$v":"आपल्या द्वारे लिहलेला PUK योग्य नाही आहे"},{"$i":"emMmiErrorBadPin","$v":"आपण लिहलेला जुना पिन बरोबर नाही."},{"$i":"emMmiErrorNeedPuk2","$v":"सिम कार्ड अनब्लॉक करण्यासाठी PUK2 लिहा"},{"$i":"emMmiErrorMismatchPin","$v":"आपल्या द्वारे लिहलेला पिन जुळत नाही"},{"$i":"emMmiErrorInvalidPin","$v":"4 ते 8 नंबरचा पिन लिहा"},{"$i":"emMmiErrorNeedsPuk","$v":"आपले सिम कार्ड मध्ये PUK-लॉक आहे"},{"$i":"emMmiErrorEnablePin","$v":"अयशस्वी. SIM/RUIM लॉक सक्षम करा"},{"$i":"emMmiErrorMmiFdn","$v":"ऑपरेशन केवळ फिक्स्ड डायलिंग नंबरवर मर्यादित आहे"},{"$i":"emMmiErrorStkCcUssdDial","$v":"USSD विंनतीला डायल विंनती मध्ये बदल केला आहे"},{"$i":"emMmiErrorStkCcUssdSs","$v":"USSD विंनतीला SS विंनती मध्ये बदल केला आहे"},{"$i":"emMmiErrorStkCcUssdUssd","$v":"USSD विंनतीला नवीन USSD विंनती मध्ये बदल केला आहे"},{"$i":"emMmiErrorStkCcSsDial","$v":"SS विंनतीला बदलून डायल विंनती मध्ये बदल केला आहे"},{"$i":"emMmiErrorStkCcSsUssd","$v":"SS विंनतीला बदलून USSD विंनती मध्ये बदल केला आहे"},{"$i":"emMmiErrorStkCcSsSs","$v":"SS विंनतीला बदलून SS विंनती मध्ये बदल केला आहे"},{"$i":"emMmiErrorPinPukAttempts","$v":{"one":["केवळ ",{"t":"idOrVar","v":"n"}," पुनर्प्रयत्न बाकी आहे"],"two":[{"t":"idOrVar","v":"n"}," पुर्नप्रयत्न बाकी आहे"],"few":[{"t":"idOrVar","v":"n"}," पुर्नप्रयत्न बाकी आहे"],"many":[{"t":"idOrVar","v":"n"}," पुर्नप्रयत्न बाकी आहे"],"other":[{"t":"idOrVar","v":"n"}," पुर्नप्रयत्न बाकी आहे"]},"$x":[{"t":"idOrVar","v":"plural"},"n"]},{"$i":"emMmiErrorSimBlocked","$v":"पुन्हा प्रयत्न करण्याची अधिकतम संख्या पार केली आहे. सिम अवरोधित केले आहे"},{"$i":"RadioNotAvailable","$v":"रेडिओ उपलब्ध नाही आहे"},{"$i":"PasswordIncorrect","$v":"पासवर्ड चुकीचा आहे"},{"$i":"SimPin2","$v":"सिम पिन2"},{"$i":"SimPuk2","$v":"सिम  PUK2"},{"$i":"RequestNotSupported","$v":"विनंतीला समर्थन नाही"},{"$i":"OpNotAllowedDuringVoiceCall","$v":"व्हॉइस कॉल दरम्यान ऑपरेशनला अनुमती नाही"},{"$i":"SmsSendFailRetry","$v":"SMS पाठवण्यात अपयश पुन्हा प्रयत्न करा"},{"$i":"SimAbsent","$v":"सिम उपलब्ध नाही"},{"$i":"SubscriptionNotAvailable","$v":"सदस्यता उपलब्ध नाही"},{"$i":"ModeNotSupported","$v":"मोड समर्थित नाही"},{"$i":"FdnCheckFailure","$v":"Fdn अपयशाची तपासणी करा"},{"$i":"IllegalSimOrMe","$v":"अवैध सिम किंवा ME"},{"$i":"DialModifiedToUssd","$v":"डायल मध्ये बदल करून USSD  केले आहे"},{"$i":"DialModifiedToSs","$v":"डायल मध्ये बदल करून SS केले आहे"},{"$i":"DialModifiedToDial","$v":"डायल मध्ये बदल करून डायल केले आहे"},{"$i":"UssdModifiedToDial","$v":"USSD ला बदलून डायल केले आहे"},{"$i":"UssdModifiedToSs","$v":"USSD ला बदलून SS केले आहे"},{"$i":"UssdModifiedToUssd","$v":"USSD ला बदलून USSD केले आहे"},{"$i":"SsModifiedToDial","$v":"SS ला बदलून डायल केले गेले"},{"$i":"SsModifiedToUssd","$v":"SS  ला बदलून USSD केले आहे"},{"$i":"SsModifiedToSs","$v":"SS ला बदलून  SS केले आहे"},{"$i":"SubscriptionNotSupported","$v":"सदस्यता समर्थित नाही"},{"$i":"InvalidParameter","$v":"अवैध परिमापन"},{"$i":"RejectedByRemote","$v":"रिमोट द्वारा अस्वीकृत"},{"$i":"sim-with-index-and-carrier","$v":["सिम ",{"t":"idOrVar","v":"index"}," - ",{"t":"idOrVar","v":"carrier"}]},{"$i":"sim-without-carrier","$v":["सिम ",{"t":"idOrVar","v":"index"}]},{"$i":"label","$v":"लेबल"},{"$i":"faxHome","$v":"Fax (हाेम)"},{"$i":"faxOffice","$v":"Fax ऑफिस"},{"$i":"faxOther","$v":"अन्य Fax"},{"$i":"another","$v":"अन्य"},{"$i":"other","$v":"अन्य"},{"$i":"tcl-customTag","$v":"कस्टम टॅग"},{"$i":"customTag","$v":"कस्टम टॅग","placeholder":"कस्टम टॅग"},{"$i":"current","$v":"वर्तमानात"},{"$i":"itemWithLabel","$v":[{"t":"idOrVar","v":"label"},", ",{"t":"idOrVar","v":"item"}]},{"$i":"weekday-0-long","$v":"रविवार"},{"$i":"weekday-1-long","$v":"सोमवार"},{"$i":"weekday-2-long","$v":"मंगळवार"},{"$i":"weekday-3-long","$v":"बुधवार"},{"$i":"weekday-4-long","$v":"गुरुवार"},{"$i":"weekday-5-long","$v":"शुक्रवार"},{"$i":"weekday-6-long","$v":"शनिवार"},{"$i":"weekday-0-short","$v":"रवि"},{"$i":"weekday-1-short","$v":"सोम"},{"$i":"weekday-2-short","$v":"मंगळ"},{"$i":"weekday-3-short","$v":"बुध"},{"$i":"weekday-4-short","$v":"गुरु"},{"$i":"weekday-5-short","$v":"शुक्र"},{"$i":"weekday-6-short","$v":"शनि"},{"$i":"month-0-long","$v":"जानेवारी"},{"$i":"month-1-long","$v":"फेब्रुवारी"},{"$i":"month-2-long","$v":"मार्च"},{"$i":"month-3-long","$v":"एप्रिल"},{"$i":"month-4-long","$v":"मे"},{"$i":"month-5-long","$v":"जून"},{"$i":"month-6-long","$v":"जुलै"},{"$i":"month-7-long","$v":"ऑगस्ट"},{"$i":"month-8-long","$v":"सप्टेंबर"},{"$i":"month-9-long","$v":"ऑक्टोबर"},{"$i":"month-10-long","$v":"नोव्हेंबर"},{"$i":"month-11-long","$v":"डिसेंबर"},{"$i":"month-0-genitive","$v":"जानेवारी"},{"$i":"month-1-genitive","$v":"फेब्रुवारी"},{"$i":"month-2-genitive","$v":"मार्च"},{"$i":"month-3-genitive","$v":"एप्रिल"},{"$i":"month-4-genitive","$v":"मे"},{"$i":"month-5-genitive","$v":"जून"},{"$i":"month-6-genitive","$v":"जुलै"},{"$i":"month-7-genitive","$v":"ऑगस्ट"},{"$i":"month-8-genitive","$v":"सप्टेंबर"},{"$i":"month-9-genitive","$v":"ऑक्टोबर"},{"$i":"month-10-genitive","$v":"नोव्हेंबर"},{"$i":"month-11-genitive","$v":"डिसेंबर"},{"$i":"month-0-short","$v":"जानेवारी"},{"$i":"month-1-short","$v":"फेब्रुवारी"},{"$i":"month-2-short","$v":"मार्च"},{"$i":"month-3-short","$v":"एप्रिल"},{"$i":"month-4-short","$v":"मे"},{"$i":"month-5-short","$v":"जून"},{"$i":"month-6-short","$v":"जुलै"},{"$i":"month-7-short","$v":"ऑगस्‍ट"},{"$i":"month-8-short","$v":"सप्टेंबर"},{"$i":"month-9-short","$v":"ऑक्टोबर"},{"$i":"month-10-short","$v":"नोव्हेंबर"},{"$i":"month-11-short","$v":"डिसेंबर"},{"$i":"minutes-ago-long","$v":{"zero":"आत्ताच","one":"एक मिनिटापूर्वी","two":[{"t":"idOrVar","v":"value"}," मिनिटा पूर्वी"],"few":[{"t":"idOrVar","v":"value"}," मिनिटा पूर्वी"],"many":[{"t":"idOrVar","v":"value"}," मिनिटा पूर्वी"],"other":[{"t":"idOrVar","v":"value"}," मिनिटा पूर्वी"]},"$x":[{"t":"idOrVar","v":"plural"},"value"]},{"$i":"hours-ago-long","$v":{"zero":"आत्ताच","one":"एका तासापूर्वी","two":[{"t":"idOrVar","v":"value"}," तासा पूर्वी"],"few":[{"t":"idOrVar","v":"value"}," तासा पूर्वी"],"many":[{"t":"idOrVar","v":"value"}," तासा पूर्वी"],"other":[{"t":"idOrVar","v":"value"}," तासा पूर्वी"]},"$x":[{"t":"idOrVar","v":"plural"},"value"]},{"$i":"days-ago-long","$v":{"zero":"आज","one":"काल","two":[{"t":"idOrVar","v":"value"}," दिवसा पूर्वी"],"few":[{"t":"idOrVar","v":"value"}," दिवसा पूर्वी"],"many":[{"t":"idOrVar","v":"value"}," दिवसा पूर्वी"],"other":[{"t":"idOrVar","v":"value"}," दिवसा पूर्वी"]},"$x":[{"t":"idOrVar","v":"plural"},"value"]},{"$i":"weeks-ago-long","$v":{"zero":"हा आठवडा","one":"शेवटचा आठवडा","two":[{"t":"idOrVar","v":"value"}," आठवड्या पूर्वी"],"few":[{"t":"idOrVar","v":"value"}," आठवड्या पूर्वी"],"many":[{"t":"idOrVar","v":"value"}," आठवड्या पूर्वी"],"other":[{"t":"idOrVar","v":"value"}," आठवड्या पूर्वी"]},"$x":[{"t":"idOrVar","v":"plural"},"value"]},{"$i":"months-ago-long","$v":{"zero":"हा महिना","one":"शेवटचा महिना","two":[{"t":"idOrVar","v":"value"}," महिने पूर्वी"],"few":[{"t":"idOrVar","v":"value"}," महिने पूर्वी"],"many":[{"t":"idOrVar","v":"value"}," महिने पूर्वी"],"other":[{"t":"idOrVar","v":"value"}," महिने पूर्वी"]},"$x":[{"t":"idOrVar","v":"plural"},"value"]},{"$i":"years-ago-long","$v":{"zero":"हे वर्ष","one":"शेवटचे वर्ष","two":[{"t":"idOrVar","v":"value"}," वर्षां पूर्वी"],"few":[{"t":"idOrVar","v":"value"}," वर्षां पूर्वी"],"many":[{"t":"idOrVar","v":"value"}," वर्षां पूर्वी"],"other":[{"t":"idOrVar","v":"value"}," वर्षां पूर्वी"]},"$x":[{"t":"idOrVar","v":"plural"},"value"]},{"$i":"minutes-until-long","$v":{"zero":"आत्ता","one":"एका मिनिटा मध्ये","two":[{"t":"idOrVar","v":"value"}," मिनिटा मध्ये"],"few":[{"t":"idOrVar","v":"value"}," मिनिटा मध्ये"],"many":[{"t":"idOrVar","v":"value"}," मिनिटा मध्ये"],"other":[{"t":"idOrVar","v":"value"}," मिनिटा मध्ये"]},"$x":[{"t":"idOrVar","v":"plural"},"value"]},{"$i":"hours-until-long","$v":{"zero":"आत्ता","one":"एका तासा मध्ये","two":[{"t":"idOrVar","v":"value"}," तासा मध्ये"],"few":[{"t":"idOrVar","v":"value"}," तासा मध्ये"],"many":[{"t":"idOrVar","v":"value"}," तासा मध्ये"],"other":[{"t":"idOrVar","v":"value"}," तासा मध्ये"]},"$x":[{"t":"idOrVar","v":"plural"},"value"]},{"$i":"days-until-long","$v":{"zero":"आज","one":"उद्या","two":[{"t":"idOrVar","v":"value"}," दिवसां मध्ये"],"few":[{"t":"idOrVar","v":"value"}," दिवसां मध्ये"],"many":[{"t":"idOrVar","v":"value"}," दिवसां मध्ये"],"other":[{"t":"idOrVar","v":"value"}," दिवसां मध्ये"]},"$x":[{"t":"idOrVar","v":"plural"},"value"]},{"$i":"weeks-until-long","$v":{"zero":"हा आठवडा","one":"पुढील आठवडा","two":[{"t":"idOrVar","v":"value"}," आठवड्यां मध्ये"],"few":[{"t":"idOrVar","v":"value"}," आठवड्यां मध्ये"],"many":[{"t":"idOrVar","v":"value"}," आठवड्यां मध्ये"],"other":[{"t":"idOrVar","v":"value"}," आठवड्यां मध्ये"]},"$x":[{"t":"idOrVar","v":"plural"},"value"]},{"$i":"months-until-long","$v":{"zero":"हा महिना","one":"पुढील महिना","two":[{"t":"idOrVar","v":"value"}," महिन्यां मध्ये"],"few":[{"t":"idOrVar","v":"value"}," महिन्यां मध्ये"],"many":[{"t":"idOrVar","v":"value"}," महिन्यां मध्ये"],"other":[{"t":"idOrVar","v":"value"}," महिन्यां मध्ये"]},"$x":[{"t":"idOrVar","v":"plural"},"value"]},{"$i":"years-until-long","$v":{"zero":"हे वर्ष","one":"पुढील वर्ष","two":[{"t":"idOrVar","v":"value"}," वर्षां मध्ये"],"few":[{"t":"idOrVar","v":"value"}," वर्षां मध्ये"],"many":[{"t":"idOrVar","v":"value"}," वर्षां मध्ये"],"other":[{"t":"idOrVar","v":"value"}," वर्षां मध्ये"]},"$x":[{"t":"idOrVar","v":"plural"},"value"]},{"$i":"minutes-ago-short","$v":{"zero":"आत्ताच","other":[{"t":"idOrVar","v":"value"}," महिन्या पूर्वी"]},"$x":[{"t":"idOrVar","v":"plural"},"value"]},{"$i":"hours-ago-short","$v":{"zero":"आत्ताच","other":[{"t":"idOrVar","v":"value"}," तासा पूर्वी"]},"$x":[{"t":"idOrVar","v":"plural"},"value"]},{"$i":"days-ago-short","$v":{"zero":"आज","other":[{"t":"idOrVar","v":"value"}," दिवसा पूर्वी"]},"$x":[{"t":"idOrVar","v":"plural"},"value"]},{"$i":"minutes-until-short","$v":{"zero":"आत्ता","other":[{"t":"idOrVar","v":"value"},"मिनिटा मध्ये"]},"$x":[{"t":"idOrVar","v":"plural"},"value"]},{"$i":"hours-until-short","$v":{"zero":"आत्ता","other":[{"t":"idOrVar","v":"value"},"तासा मध्ये"]},"$x":[{"t":"idOrVar","v":"plural"},"value"]},{"$i":"days-until-short","$v":{"zero":"आज","other":[{"t":"idOrVar","v":"value"},"दिवसां मध्ये"]},"$x":[{"t":"idOrVar","v":"plural"},"value"]},{"$i":"incorrectDate","$v":"(चुकीची तारीख)"},{"$i":"dateTimeFormat_%c","$v":"%a %b %e %Y %I:%M:%S %p"},{"$i":"dateTimeFormat_%x","$v":"%m/%d/%Y"},{"$i":"dateTimeFormat_%X","$v":"%I:%M:%S %p"},{"$i":"shortTimeFormat","$v":"%I:%M %p"},{"$i":"shortTimeFormat12","$v":"%I:%M %p"},{"$i":"shortTimeFormat24","$v":"%H:%M"},{"$i":"shortDateTimeFormat","$v":"%x %I:%M %p"},{"$i":"weekStartsOnMonday","$v":"0"},{"$i":"firstDayOfTheWeek","$v":"0"},{"$i":"time_am","$v":"AM"},{"$i":"time_pm","$v":"PM"}]