[{"$i":"search-or-enter-address","placeholder":"ସନ୍ଧାନ କରନ୍ତୁ କିମ୍ବା ଠିକଣା ପ୍ରବେଶ କରନ୍ତୁ"},{"$i":"delete-title","$v":[{"t":"idOrVar","v":"name"}," ବିଲୋପ କରନ୍ତୁ"]},{"$i":"delete-body","$v":[{"t":"idOrVar","v":"name"}," ଏବଂ ଏହାର ସମସ୍ତ ଡାଟା ବିଲୋପିତ ହେବ।"]},{"$i":"delete","$v":"ବିଲୋପ କରନ୍ତୁ"},{"$i":"cancel","$v":"ବାତିଲ କରନ୍ତୁ"},{"$i":"menu","$v":"ମେନ୍ୟୁ"},{"$i":"notifications","$v":"ଆଲର୍ଟ୍"},{"$i":"speed-dial","$v":"ସ୍ପିଡ୍ ଡାୟଲ୍"},{"$i":"select","$v":"ଚୟନ କରନ୍ତୁ"},{"$i":"favorite","$v":"ପ୍ରିୟପସନ୍ଦ"},{"$i":"unfavorite","$v":"ପସନ୍ଦିତାରୁ ଅପସାରଣ କରନ୍ତୁ"},{"$i":"ok","$v":"ଓକେ"},{"$i":"edit","$v":"ସମ୍ପାଦନ କରନ୍ତୁ"},{"$i":"call","$v":"କଲ୍ କରନ୍ତୁ"},{"$i":"message","$v":"ସନ୍ଦେଶ"},{"$i":"options","$v":"ବିକଳ୍ପଗୁଡିକ"},{"$i":"assign","$v":"ନ୍ୟସ୍ତ କରନ୍ତୁ"},{"$i":"remove","$v":"ଅପସାରଣ କରନ୍ତୁ"},{"$i":"replace","$v":"ବଦଳାନ୍ତୁ"},{"$i":"more","$v":"ଅଧିକ"},{"$i":"settings","$v":"ସେଟିଂସ୍"},{"$i":"contacts","$v":"ସମ୍ପର୍କଗୁଡିକ"},{"$i":"voicemail","$v":"ଭଏସ୍‌ମେଲ୍"},{"$i":"speed-dial-not-empty","ariaLabel":[{"t":"idOrVar","v":"order"},", ",{"t":"idOrVar","v":"name"}]},{"$i":"speed-dial-empty","ariaLabel":[{"t":"idOrVar","v":"order"},", ଶୂନ୍ୟ"]},{"$i":"remove-speed-dial","$v":["ଆପଣ ସ୍ପିଡ୍ ଡାୟଲରୁ ",{"t":"idOrVar","v":"name"}," ଅପସାରଣ କରିବାକୁ ଚାହାଁନ୍ତି କି ?"]},{"$i":"replace-speed-dial","$v":["ଆପଣ ",{"t":"idOrVar","v":"name"}," ସହ {{subName} ପ୍ରତିସ୍ଥାପନ କରିବାକୁ ଚାହାଁନ୍ତି କି?"]},{"$i":"assign-speed-dial","$v":[{"t":"idOrVar","v":"n"}," ବଟନ୍‌ରେ ସମ୍ପର୍କ ସ୍ପିଡ୍ ଡାୟଲ୍ ଭାବରେ ଯୋଡାଯାଇ ନାହିଁ। ବର୍ତ୍ତମାନ ନ୍ୟସ୍ତ କରିବେ ?"]},{"$i":"assign-voicemail","$v":"ଭଏସ୍‌ ମେଲ୍ ନମ୍ଵର ସେଟ୍ ହୋଇନାହିଁ।"},{"$i":"alert-for-contacts-without-number","$v":"ଉପଲବ୍ଧ ଫୋନ୍ ନମ୍ବର ସହିତ କୌଣସି ସମ୍ପର୍କ ନାହିଁ |"},{"$i":"option-remove","$v":"ସ୍ପିଡ୍ ଡାୟଲରୁ ଅପସାରଣ କରନ୍ତୁ"},{"$i":"option-replace","$v":"ବଦଳାନ୍ତୁ"},{"$i":"all-apps","$v":"ସମସ୍ତ-ଆପ୍"},{"$i":"add-to-existing-contact","$v":"ବିଦ୍ୟମାନ ସମ୍ପର୍କରେ ଯୋଡ଼ନ୍ତୁ"},{"$i":"create-new-contact","$v":"ନୂତନ ସମ୍ପର୍କ ସୃଷ୍ଟି କରନ୍ତୁ"},{"$i":"sending","$v":"ପଠାଯାଉଛି..."},{"$i":"callAirplaneModeTitle","$v":"ଏୟାର୍‌ପ୍ଲେନ୍ ମୋଡ୍ ସକ୍ରିୟ ହୋଇଛି"},{"$i":"callAirplaneModeMessage","$v":"କଲ୍ କରିବାକୁ ଆପଣଙ୍କ ସେଟିଂସରେ ଏୟାର୍‌ପ୍ଲେନ୍ ମୋଡ୍ ଅକ୍ଷମ କରିବା ଆବଶ୍ୟକ।"},{"$i":"emergencyDialogTitle","$v":"କିଛି ନେଟ୍‍ୱାର୍କ ସଂଯୋଗ ନାହିଁ"},{"$i":"emergencyDialogBodyBadNumber","$v":"କଲ୍ କରିବାକୁ, ଫୋନଟି ଏକ ନେଟୱାର୍କ ସହ ସଂଯୋଜିତ ରହିବା ଆବଶ୍ୟକ।"},{"$i":"emergencyDialogBodyDeviceNotAccepted","$v":"ଏହି ନେଟ୍‌ୱାର୍କ୍ ଦ୍ୱାରା ଜରୁରୀକାଳୀନ କଲ୍‌ର ଅନୁମତି ନାହିଁ |"},{"$i":"invalidNumberToDialTitle","$v":"ଅବୈଧ ଫୋନ୍ ନମ୍ୱର"},{"$i":"invalidNumberToDialMessage","$v":"ଆପଣ କଲ୍ କରୁଥିବା ଫୋନ୍ ନମ୍ଵର ବୈଧ ନୁହେଁ।"},{"$i":"emergency-call-only","$v":"କେବଳ ଜରୁରୀକାଳୀନ କଲ୍‌"},{"$i":"emergency-call-error","$v":[{"t":"idOrVar","v":"number"}," ଏକ ଜରୁରୀକାଳୀନ ନମ୍ଵର ନୁହେଁ।"]},{"$i":"numberIsBusyTitle","$v":"ନମ୍ଵର ବ୍ୟସ୍ତ"},{"$i":"numberIsBusyMessage","$v":"ନମ୍ଵର ବର୍ତ୍ତମାନ ବ୍ୟସ୍ତ ଅଛି। ଦୟାକରି ପରେ ପୁନଃଚେଷ୍ଟା କରନ୍ତୁ।"},{"$i":"fdnIsActiveTitle","$v":"FDN‌ ସକ୍ରିୟ ଅଛି"},{"$i":"fdnIsActiveMessage","$v":["FDN‌ (ଫିକ୍ସଡ୍ ଡାୟଲିଂ ନମ୍ବର) ସକ୍ରିୟ ହୋଇଛି ଏବଂ ନିମ୍ନଲିଖିତ ନମ୍ଵର ଆପଣଙ୍କ FDN‌ ଲିଷ୍ଟ୍‌ରେ ନାହିଁ: ",{"t":"idOrVar","v":"number"}]},{"$i":"otherConnectionInUseTitle","$v":"ଅନ୍ୟ ସଂଯୋଜନା ବ୍ୟବହାର ହେଉଛି"},{"$i":"otherConnectionInUseMessage","$v":"ଅନ୍ୟ ସଂଯୋଜନାରେ ଆପଣଙ୍କର ଏକ ସକ୍ରିୟ କଲ୍ ଅଛି। ଆପଣ ଏକ ସମୟରେ ଗୋଟିଏ ସଂଯୋଜନା ବ୍ୟବହାର କରିପାରିବେ |"},{"$i":"GenericFailure","$v":"ସାମନ୍ୟ ବିଫଳତା"},{"$i":"CallFailed","$v":"କଲ୍ ବିଫଳ ହୋଇଛି"},{"$i":"scCallBarring","$v":"କଲ୍ ପ୍ରତିବନ୍ଧିତ ହେଉଛି"},{"$i":"scCallForwarding","$v":"କଲ୍ ଫର୍‌ୱାର୍ଡିଙ୍ଗ୍"},{"$i":"scClip","$v":"ଆଗମନ କଲ୍‌ର ID"},{"$i":"scClir","$v":"ବହିର୍ଗମନ କଲ୍‌ର ID"},{"$i":"scPwd","$v":"ପାସ୍‌ୱାର୍ଡ୍ ବଦଳାନ୍ତୁ"},{"$i":"scCallWaiting","$v":"କଲ୍ ଅପେକ୍ଷାରେ ଅଛି"},{"$i":"scPin","$v":"ପିନ୍ ବଦଳାନ୍ତୁ"},{"$i":"scPin2","$v":"ପିନ୍2 ବଦଳାନ୍ତୁ"},{"$i":"scPuk","$v":"ପିନ୍ ଅନାବରୋଧ କରନ୍ତୁ"},{"$i":"scPuk2","$v":"ପିନ୍2 ଅନାବରୋଧ କରନ୍ତୁ"},{"$i":"scImei","$v":"IMEI"},{"$i":"scMeid","$v":"MEID"},{"$i":"scUssd","$v":"USSD"},{"$i":"personal","$v":"ବ୍ୟକ୍ତିଗତ"},{"$i":"mobile","$v":"ମୋବାଇଲ୍"},{"$i":"home","$v":"ହୋମ୍"},{"$i":"work","$v":"ୱର୍କ"},{"$i":"fax-home","$v":"Fax ହୋମ୍"},{"$i":"fax-office","$v":"ଫ୍ୟାକ୍ସ ଅଫିସ୍‌"},{"$i":"fax-other","$v":"ଅନ୍ୟ Fax"},{"$i":"homescreen-settings","$v":"ହୋମ୍‌ସ୍କ୍ରିନ୍ ସେଟିଂସ୍"},{"$i":"change-wallpaper","$v":"ୱାଲ୍‌ପେପର ବଦଳାନ୍ତୁ"},{"$i":"add-smart-collections","$v":"ସ୍ମାର୍ଟ୍‌ ସଂଗ୍ରହଗୁଡିକ ଯୋଡ଼ନ୍ତୁ"},{"$i":"edit-mode","$v":"ସମ୍ପାଦନ କରନ୍ତୁ"},{"$i":"edit-done","$v":"ସମ୍ପୁର୍ଣ୍ଣ"},{"$i":"stop-download-title","$v":[{"t":"idOrVar","v":"name"}," ବନ୍ଦ କରନ୍ତୁ"]},{"$i":"stop-download-body","$v":"ଆପଣ ଚାଲୁଥିବା ଡାଉନଲୋଡ୍ ସ୍ଥଗିତ କରିବାକୁ ଚାହାଁନ୍ତି କି?"},{"$i":"stop-download-action","$v":"ବନ୍ଦ କରନ୍ତୁ"},{"$i":"resume-download-title","$v":"ଡାଉନଲୋଡ୍ ପୁନଃଆରମ୍ଭ କରନ୍ତୁ"},{"$i":"resume-download-body","$v":["ଆପଣ ",{"t":"idOrVar","v":"name"}," ଡାଉନଲୋଡ୍ କରିବାକୁ ଚାହାଁନ୍ତି କି?"]},{"$i":"resume-download-action","$v":"ଡାଉନ‌ଲୋଡ୍ କରନ୍ତୁ"},{"$i":"edit-group-header","$v":"ଗୋଷ୍ଠୀ ସମ୍ପାଦନ କରନ୍ତୁ"},{"$i":"tcl-wallpaper-changed","$v":"ୱାଲ୍‌ପେପର୍ ବଦଳାଯାଇଛି"},{"$i":"gaia-shortcut-app-updated","$v":"ଆପ୍ ଅପ୍‌ଡେଟ୍ ହୋଇଛି"},{"$i":"clocks-updated","$v":"ଘଣ୍ଟାଗୁଡିକ ଅପ୍‌ଡେଟ୍‌ ହୋଇଛି"},{"$i":"longDateFormat","$v":"%A, %b %e"},{"$i":"app-title","$v":"ମୋ ଆପ୍"},{"$i":"app-uninstall","$v":[{"t":"idOrVar","v":"name"}," ଅଣସଂସ୍ଥାପନ ହୋଇଛି"]},{"$i":"confirmation","$v":"ନିଶ୍ଚିତକରଣ"},{"$i":"call-forwarding-async","$v":["ଅସମକାଳୀନ: ",{"t":"idOrVar","v":"async"}]},{"$i":"call-forwarding-data","$v":["ଡାଟା: ",{"t":"idOrVar","v":"data"}]},{"$i":"call-forwarding-error","$v":"କଲ୍ ଫରୱାର୍ଡିଙ୍ଗ୍ ସ୍ଥିତି ପୁନରୁଦ୍ଧାର କରିବାବେଳେ ଏକ ତ୍ରୁଟି ଘଟିଛି"},{"$i":"call-forwarding-fax","$v":["FAX: ",{"t":"idOrVar","v":"fax"}]},{"$i":"call-forwarding-inactive","$v":"ନିଷ୍କ୍ରିୟ"},{"$i":"call-forwarding-packet","$v":["ପ୍ୟାକେଟ୍: ",{"t":"idOrVar","v":"packet"}]},{"$i":"call-forwarding-pad","$v":["PAD: ",{"t":"idOrVar","v":"pad"}]},{"$i":"call-forwarding-sms","$v":["SMS: ",{"t":"idOrVar","v":"sms"}]},{"$i":"call-forwarding-status","$v":"କଲ୍ ଫର୍‌ୱାର୍ଡିଙ୍ଗ୍ ସ୍ଥିତି"},{"$i":"call-forwarding-sync","$v":["ଅସମକାଳୀନ: ",{"t":"idOrVar","v":"sync"}]},{"$i":"call-forwarding-voice","$v":["ଭଏସ୍: ",{"t":"idOrVar","v":"voice"}]},{"$i":"serviceClassVoice","$v":"ଭଏସ୍"},{"$i":"serviceClassData","$v":"ଡାଟା"},{"$i":"serviceClassFax","$v":"FAX"},{"$i":"serviceClassSms","$v":"SMS"},{"$i":"serviceClassDataSync","$v":"ସିଙ୍କ୍"},{"$i":"serviceClassDataAsync","$v":"ଏସିଙ୍କ୍"},{"$i":"serviceClassPacket","$v":"ପ୍ୟାକେଟ୍"},{"$i":"serviceClassPad","$v":"PAD"},{"$i":"smServiceEnabled","$v":"ସେବା ସକ୍ଷମ ହୋଇଥିଲା"},{"$i":"smServiceDisabled","$v":"ସେବା ଅକ୍ଷମ କରିଦିଆଯାଇଛି"},{"$i":"smServiceRegistered","$v":"ପଞ୍ଜିକରଣ ସଫଳ ହୋଇଛି"},{"$i":"smServiceErased","$v":"ଲିଭେଇବା ସଫଳ ହୋଇଛି"},{"$i":"smServiceInterrogated","$v":"ଅନୁରୋଧ ସଫଳ ହୋଇଛି"},{"$i":"smServiceNotProvisioned","$v":"ସେବା ବ୍ୟବସ୍ଥା ନାହିଁ"},{"$i":"smClirPermanent","$v":"ଆପଣ କଲର୍ ID ସେଟିଂ ବଦଳାଇ ପାରିବେ ନାହିଁ"},{"$i":"smClirDefaultOnNextCallOn","$v":"କଲର୍ ID ଡିଫଲ୍ଟ୍ ଭାବେ ପ୍ରତିବନ୍ଧିତ ହୋଇଛି। ପରବର୍ତ୍ତୀ କଲ୍: ପ୍ରତିବନ୍ଧିତ"},{"$i":"smClirDefaultOnNextCallOff","$v":"କଲର୍ ID ଡିଫଲ୍ଟ୍ ଭାବେ ପ୍ରତିବନ୍ଧିତ ହୋଇଛି। ପରବର୍ତ୍ତୀ କଲ୍: ପ୍ରତିବନ୍ଧିତ ହୋଇନାହିଁ"},{"$i":"smClirDefaultOffNextCallOn","$v":"କଲର୍ ID ଡିଫଲ୍ଟ୍ ଭାବେ ପ୍ରତିବନ୍ଧିତ ହୋଇନାହିଁ । ପରବର୍ତ୍ତୀ କଲ୍: ପ୍ରତିବନ୍ଧିତ"},{"$i":"smClirDefaultOffNextCallOff","$v":"କଲର୍ ID ଡିଫଲ୍ଟ୍ ଭାବେ ପ୍ରତିବନ୍ଧିତ ହୋଇନାହିଁ । ପରବର୍ତ୍ତୀ କଲ୍: ପ୍ରତିବନ୍ଧିତ ହୋଇନାହିଁ"},{"$i":"smServiceEnabledFor","$v":"ପାଇଁ ସେବା ସକ୍ଷମ ହୋଇଥିଲା:"},{"$i":"smPinChanged","$v":"ପିନ୍‌ ସଫଳପୂର୍ବକ ବଦଳିଛି"},{"$i":"smPinUnblocked","$v":"ପିନ୍‌ ସଫଳପୂର୍ବକ ଅନାବରୋଧିତ"},{"$i":"smPin2Changed","$v":"ପିନ୍‌2 ସଫଳପୂର୍ବକ ବଦଳିଛି"},{"$i":"smPin2Unblocked","$v":"ପିନ୍‌2 ସଫଳପୂର୍ବକ ଅନାବରୋଧିତ"},{"$i":"ServiceIsEnabled","$v":"ସେବା ସକ୍ଷମ ହୋଇଛି"},{"$i":"ServiceIsDisabled","$v":"ସେବା ଅକ୍ଷମ ହୋଇଛି"},{"$i":"ServiceIsEnabledFor","$v":"ପାଇଁ ସେବା ସକ୍ଷମ ହୋଇଛି:"},{"$i":"emMmiError","$v":"ସଂଯୋଜନା ସମସ୍ୟା କିମ୍ୱା ଅବୈଧ MMI କୋଡ୍"},{"$i":"emMmiErrorPasswordIncorrect","$v":"ଭୁଲ୍ ପାସ୍‌ୱାର୍ଡ୍"},{"$i":"emMmiErrorNotSupported","$v":"ଅବୈଧ କିମ୍ୱା ଅସମର୍ଥିତ MMI କୋଡ୍"},{"$i":"emMmiErrorInvalidAction","$v":"ଅବୈଧ କ୍ରିୟା"},{"$i":"emMmiErrorInvalidScCode","$v":"ଅବୈଧ ସେବା କୋଡ୍"},{"$i":"emMmiErrorBadPuk","$v":"ଆପଣ ଟାଇପ୍ କରିଥିବା PUK ସଠିକ୍ ନୁହେଁ"},{"$i":"emMmiErrorBadPin","$v":"ଆପଣ ଟାଇପ୍ କରିଥିବା ପୁରାତନ ପିନ୍‌ ସଠିକ୍ ନୁହେଁ।"},{"$i":"emMmiErrorNeedPuk2","$v":"ସିମ୍‌ କାର୍ଡ୍ ଅନାବରୋଧ କରିବାକୁ PUK2 ଟାଇପ୍ କରନ୍ତୁ"},{"$i":"emMmiErrorMismatchPin","$v":"ଆପଣ ଟାଇପ୍ କରିଥିବା ପିନ୍‌ଗୁଡିକ ମେଳ ଖାଉନାହିଁ"},{"$i":"emMmiErrorInvalidPin","$v":"4 ରୁ 8 ଅଙ୍କବିଶିଷ୍ଟ ପିନ୍‌ ଟାଇପ୍ କରନ୍ତୁ"},{"$i":"emMmiErrorNeedsPuk","$v":"ଆପଣଙ୍କ ସିମ୍‌ କାର୍ଡ PUK-ଲକ୍ ହୋଇଛି"},{"$i":"emMmiErrorEnablePin","$v":"ଅସଫଳ। SIM/RUIM ଲକ୍ ସକ୍ଷମ କରନ୍ତୁ"},{"$i":"emMmiErrorMmiFdn","$v":"କେବଳ ଫିକ୍ସ ଡାୟଲିଂ ନମ୍ବର ପାଇଁ ସଞ୍ଚାଳନ ପ୍ରତିବନ୍ଧିତ ଅଟେ"},{"$i":"emMmiErrorStkCcUssdDial","$v":"USSD ଅନୁରୋଧକୁ ବଦଳାଇ DIAL ଅନୁରୋଧ କରାହୋଇଛି"},{"$i":"emMmiErrorStkCcUssdSs","$v":"USSD ଅନୁରୋଧକୁ ବଦଳାଇ SS ଅନୁରୋଧ କରାହୋଇଛି"},{"$i":"emMmiErrorStkCcUssdUssd","$v":"USSD ଅନୁରୋଧକୁ ବଦଳାଇ ନୂତନ USSD ଅନୁରୋଧ କରାହୋଇଛି"},{"$i":"emMmiErrorStkCcSsDial","$v":"SS ଅନୁରୋଧକୁ ବଦଳାଇ ଡାୟଲ୍ ଅନୁରୋଧ କରାହୋଇଛି"},{"$i":"emMmiErrorStkCcSsUssd","$v":"SS ଅନୁରୋଧକୁ ବଦଳାଇ USSD ଅନୁରୋଧ କରାହୋଇଛି"},{"$i":"emMmiErrorStkCcSsSs","$v":"SS ଅନୁରୋଧକୁ ବଦଳାଇ ନୁଆ SS ଅନୁରୋଧ କରାହୋଇଛି"},{"$i":"emMmiErrorPinPukAttempts","$v":{"one":["କେବଳ ",{"t":"idOrVar","v":"n"},"ଟି ପୁନଃଚେଷ୍ଟା ବାକି"],"two":[{"t":"idOrVar","v":"n"}," ଟି ପୁନଃଚେଷ୍ଟା ବାକି ଅଛି"],"few":[{"t":"idOrVar","v":"n"}," ଟି ପୁନଃଚେଷ୍ଟା ବାକି ଅଛି"],"many":[{"t":"idOrVar","v":"n"}," ଟି ପୁନଃଚେଷ୍ଟା ବାକି ଅଛି"],"other":[{"t":"idOrVar","v":"n"}," ଟି ପୁନଃଚେଷ୍ଟା ବାକି ଅଛି"]},"$x":[{"t":"idOrVar","v":"plural"},"n"]},{"$i":"emMmiErrorSimBlocked","$v":"ପୁନଃଚେଷ୍ଟାର ସର୍ବାଧିକ ନମ୍ଵର ଅତିକ୍ରମ ହୋଇଛି। ସିମ୍‌ ଅବରୋଧ ହୋଇଛି"},{"$i":"RadioNotAvailable","$v":"ରେଡିଓ ଉପଲବ୍ଧ ନାହିଁ"},{"$i":"PasswordIncorrect","$v":"ପାସ୍‌ୱାର୍ଡ୍ ଭୁଲ୍"},{"$i":"SimPin2","$v":"ସିମ୍‌ ପିନ୍‌2"},{"$i":"SimPuk2","$v":"ସିମ୍‌ PUK2"},{"$i":"RequestNotSupported","$v":"ଅନୁରୋଧ ସମର୍ଥିତ ନୁହେଁ"},{"$i":"OpNotAllowedDuringVoiceCall","$v":"ଭଏସ୍ କଲ୍ ସମୟରେ ସଞ୍ଚାଳନ ଅନୁମୋଦିତ ନୁହେଁ"},{"$i":"SmsSendFailRetry","$v":"SMS‌ ପ୍ରେରଣ ବିଫଳ ପୁନଃଚେଷ୍ଟା କରନ୍ତୁ"},{"$i":"SimAbsent","$v":"ସିମ୍‌ ଅନୁପସ୍ଥିତ"},{"$i":"SubscriptionNotAvailable","$v":"ସଦସ୍ୟତା ଉପଲବ୍ଧ ନାହିଁ"},{"$i":"ModeNotSupported","$v":"ମୋଡ୍ ସମର୍ଥିତ ହୋଇନାହିଁ"},{"$i":"FdnCheckFailure","$v":"FDN‌ ବିଫଳତାର ଯାଞ୍ଚ କରନ୍ତୁ"},{"$i":"IllegalSimOrMe","$v":"ବେଆଇନ ସିମ୍‌ କିମ୍ୱା ME"},{"$i":"DialModifiedToUssd","$v":"ଡାୟଲ୍‌କୁ ବଦଳାଇ USSD କରାଯାଇଛି"},{"$i":"DialModifiedToSs","$v":"ଡାୟଲ୍‌କୁ ବଦଳାଇ SS କରାଯାଇଛି"},{"$i":"DialModifiedToDial","$v":"ଡାୟଲ୍‌କୁ ବଦଳାଇ ଡାୟଲ୍ କରାଯାଇଛି"},{"$i":"UssdModifiedToDial","$v":"USSDକୁ ବଦଳାଇ ଡାୟଲ୍ କରାହୋଇଛି"},{"$i":"UssdModifiedToSs","$v":"USSDକୁ ବଦଳାଇ SS କରାହୋଇଛି"},{"$i":"UssdModifiedToUssd","$v":"USSDକୁ ବଦଳାଇ USSD କରାହୋଇଛି"},{"$i":"SsModifiedToDial","$v":"SSକୁ ବଦଳାଇ ଡାୟଲ୍ କରାହୋଇଛି"},{"$i":"SsModifiedToUssd","$v":"SSକୁ ବଦଳାଇ USSD କରାହୋଇଛି"},{"$i":"SsModifiedToSs","$v":"SSକୁ ବଦଳାଇ SS କରାହୋଇଛି"},{"$i":"SubscriptionNotSupported","$v":"ସଦସ୍ୟତା ସମର୍ଥିତ ନୁହେଁ"},{"$i":"InvalidParameter","$v":"ଅବୈଧ ପାରାମିଟର"},{"$i":"RejectedByRemote","$v":"ରିମୋଟ୍ ଦ୍ୱାରା ଅଗ୍ରାହ୍ୟ ହୋଇଛି"},{"$i":"sim-with-index-and-carrier","$v":["ସିମ୍‌ ",{"t":"idOrVar","v":"index"}," - ",{"t":"idOrVar","v":"carrier"}]},{"$i":"sim-without-carrier","$v":["ସିମ୍ ",{"t":"idOrVar","v":"index"}]},{"$i":"label","$v":"ଲେବଲ୍"},{"$i":"faxHome","$v":"Fax ହୋମ୍"},{"$i":"faxOffice","$v":"ଫ୍ୟାକ୍ସ ଅଫିସ୍‌"},{"$i":"faxOther","$v":"ଅନ୍ୟ Fax"},{"$i":"another","$v":"ଅନ୍ୟ"},{"$i":"other","$v":"ଅନ୍ୟ"},{"$i":"tcl-customTag","$v":"କଷ୍ଟମ୍ ଟ୍ୟାଗ"},{"$i":"customTag","$v":"କଷ୍ଟମ୍ ଟ୍ୟାଗ","placeholder":"କଷ୍ଟମ୍ ଟ୍ୟାଗ"},{"$i":"current","$v":"ସମ୍ପ୍ରତି"},{"$i":"itemWithLabel","$v":[{"t":"idOrVar","v":"label"},", ",{"t":"idOrVar","v":"item"}]},{"$i":"weekday-0-long","$v":"ରବିବାର"},{"$i":"weekday-1-long","$v":"ସୋମବାର"},{"$i":"weekday-2-long","$v":"ମଙ୍ଗଳବାର"},{"$i":"weekday-3-long","$v":"ବୁଧବାର"},{"$i":"weekday-4-long","$v":"ଗୁରୁବାର"},{"$i":"weekday-5-long","$v":"ଶୁକ୍ରବାର"},{"$i":"weekday-6-long","$v":"ଶନିବାର"},{"$i":"weekday-0-short","$v":"ରବି"},{"$i":"weekday-1-short","$v":"ସୋମ"},{"$i":"weekday-2-short","$v":"ମଙ୍ଗଳବାର"},{"$i":"weekday-3-short","$v":"ବୁଧ"},{"$i":"weekday-4-short","$v":"ଗୁରୁବାର"},{"$i":"weekday-5-short","$v":"ଶୁକ୍ର"},{"$i":"weekday-6-short","$v":"ଶନି"},{"$i":"month-0-long","$v":"ଜାନୁଆରୀ"},{"$i":"month-1-long","$v":"ଫେବୃଆରୀ"},{"$i":"month-2-long","$v":"ମାର୍ଚ୍ଚ"},{"$i":"month-3-long","$v":"ଏପ୍ରିଲ୍"},{"$i":"month-4-long","$v":"ମେ"},{"$i":"month-5-long","$v":"ଜୁନ୍"},{"$i":"month-6-long","$v":"ଜୁଲାଇ"},{"$i":"month-7-long","$v":"ଅଗଷ୍ଟ"},{"$i":"month-8-long","$v":"ସେପ୍ଟେମ୍ୱର୍"},{"$i":"month-9-long","$v":"ଅକ୍ଟୋବର"},{"$i":"month-10-long","$v":"ନଭେମ୍ୱର୍"},{"$i":"month-11-long","$v":"ଡିସେମ୍ଵର"},{"$i":"month-0-genitive","$v":"ଜାନୁଆରୀ"},{"$i":"month-1-genitive","$v":"ଫେବୃଆରୀ"},{"$i":"month-2-genitive","$v":"ମାର୍ଚ୍ଚ"},{"$i":"month-3-genitive","$v":"ଏପ୍ରିଲ୍"},{"$i":"month-4-genitive","$v":"ମେ"},{"$i":"month-5-genitive","$v":"ଜୁନ୍"},{"$i":"month-6-genitive","$v":"ଜୁଲାଇ"},{"$i":"month-7-genitive","$v":"ଅଗଷ୍ଟ"},{"$i":"month-8-genitive","$v":"ସେପ୍ଟେମ୍ୱର୍"},{"$i":"month-9-genitive","$v":"ଅକ୍ଟୋବର"},{"$i":"month-10-genitive","$v":"ନଭେମ୍ୱର୍"},{"$i":"month-11-genitive","$v":"ଡିସେମ୍ଵର"},{"$i":"month-0-short","$v":"ଜାନୁଆରୀ"},{"$i":"month-1-short","$v":"ଫେବୃଆରୀ"},{"$i":"month-2-short","$v":"ମାର୍ଚ୍ଚ"},{"$i":"month-3-short","$v":"ଏପ୍ରିଲ୍"},{"$i":"month-4-short","$v":"ମେ"},{"$i":"month-5-short","$v":"ଜୁନ୍"},{"$i":"month-6-short","$v":"ଜୁଲାଇ"},{"$i":"month-7-short","$v":"ଅଗଷ୍ଟ"},{"$i":"month-8-short","$v":"ସେପ୍ଟେମ୍ବର୍‌"},{"$i":"month-9-short","$v":"ଅକ୍ଟୋବର"},{"$i":"month-10-short","$v":"ନଭେମ୍ବର"},{"$i":"month-11-short","$v":"ଡିସେମ୍ବର"},{"$i":"minutes-ago-long","$v":{"zero":"ସାଙ୍ଗେସାଙ୍ଗେ","one":"ଏକ ମିନିଟ୍‌ ପୂର୍ବେ","two":[{"t":"idOrVar","v":"value"}," ମିନିଟ୍ ପୂର୍ବେ"],"few":[{"t":"idOrVar","v":"value"}," ମିନିଟ୍ ପୂର୍ବେ"],"many":[{"t":"idOrVar","v":"value"}," ମିନିଟ୍ ପୂର୍ବେ"],"other":[{"t":"idOrVar","v":"value"}," ମିନିଟ୍ ପୂର୍ବେ"]},"$x":[{"t":"idOrVar","v":"plural"},"value"]},{"$i":"hours-ago-long","$v":{"zero":"ସାଙ୍ଗେସାଙ୍ଗେ","one":"ଏକ ଘଣ୍ଟା ପୂର୍ବେ","two":[{"t":"idOrVar","v":"value"}," ଘଣ୍ଟା ପୂର୍ବେ"],"few":[{"t":"idOrVar","v":"value"}," ଘଣ୍ଟା ପୂର୍ବେ"],"many":[{"t":"idOrVar","v":"value"}," ଘଣ୍ଟା ପୂର୍ବେ"],"other":[{"t":"idOrVar","v":"value"}," ଘଣ୍ଟା ପୂର୍ବେ"]},"$x":[{"t":"idOrVar","v":"plural"},"value"]},{"$i":"days-ago-long","$v":{"zero":"ଆଜି","one":"ଗତକାଲି","two":[{"t":"idOrVar","v":"value"}," ଦିନ ପୂର୍ବେ"],"few":[{"t":"idOrVar","v":"value"}," ଦିନ ପୂର୍ବେ"],"many":[{"t":"idOrVar","v":"value"}," ଦିନ ପୂର୍ବେ"],"other":[{"t":"idOrVar","v":"value"}," ଦିନ ପୂର୍ବେ"]},"$x":[{"t":"idOrVar","v":"plural"},"value"]},{"$i":"weeks-ago-long","$v":{"zero":"ଏହି ସପ୍ତାହ","one":"ଗତ ସପ୍ତାହ","two":[{"t":"idOrVar","v":"value"}," ସପ୍ତାହ ପୂର୍ବେ"],"few":[{"t":"idOrVar","v":"value"}," ସପ୍ତାହ ପୂର୍ବେ"],"many":[{"t":"idOrVar","v":"value"}," ସପ୍ତାହ ପୂର୍ବେ"],"other":[{"t":"idOrVar","v":"value"}," ସପ୍ତାହ ପୂର୍ବେ"]},"$x":[{"t":"idOrVar","v":"plural"},"value"]},{"$i":"months-ago-long","$v":{"zero":"ଏହି ମାସ","one":"ଗତ ମାସ","two":[{"t":"idOrVar","v":"value"}," ମାସ ପୂର୍ବେ"],"few":[{"t":"idOrVar","v":"value"}," ମାସ ପୂର୍ବେ"],"many":[{"t":"idOrVar","v":"value"}," ମାସ ପୂର୍ବେ"],"other":[{"t":"idOrVar","v":"value"}," ମାସ ପୂର୍ବେ"]},"$x":[{"t":"idOrVar","v":"plural"},"value"]},{"$i":"years-ago-long","$v":{"zero":"ଏହି ବର୍ଷ","one":"ଗତ ବର୍ଷ","two":[{"t":"idOrVar","v":"value"}," ବର୍ଷ ପୂର୍ବେ"],"few":[{"t":"idOrVar","v":"value"}," ବର୍ଷ ପୂର୍ବେ"],"many":[{"t":"idOrVar","v":"value"}," ବର୍ଷ ପୂର୍ବେ"],"other":[{"t":"idOrVar","v":"value"}," ବର୍ଷ ପୂର୍ବେ"]},"$x":[{"t":"idOrVar","v":"plural"},"value"]},{"$i":"minutes-until-long","$v":{"zero":"ବର୍ତ୍ତମାନ","one":"ଏକ ମିନିଟ୍‌ ରେ","two":[{"t":"idOrVar","v":"value"}," ମିନିଟ୍‌ରେ"],"few":[{"t":"idOrVar","v":"value"}," ମିନିଟ୍‌ରେ"],"many":[{"t":"idOrVar","v":"value"}," ମିନିଟ୍‌ରେ"],"other":[{"t":"idOrVar","v":"value"}," ମିନିଟ୍‌ରେ"]},"$x":[{"t":"idOrVar","v":"plural"},"value"]},{"$i":"hours-until-long","$v":{"zero":"ବର୍ତ୍ତମାନ","one":"ଏକ ଘଣ୍ଟାରେ","two":[{"t":"idOrVar","v":"value"}," ଘଣ୍ଟାରେ"],"few":[{"t":"idOrVar","v":"value"}," ଘଣ୍ଟାରେ"],"many":[{"t":"idOrVar","v":"value"}," ଘଣ୍ଟାରେ"],"other":[{"t":"idOrVar","v":"value"}," ଘଣ୍ଟାରେ"]},"$x":[{"t":"idOrVar","v":"plural"},"value"]},{"$i":"days-until-long","$v":{"zero":"ଆଜି","one":"ଆସନ୍ତାକାଲି","two":[{"t":"idOrVar","v":"value"}," ଦିନରେ"],"few":[{"t":"idOrVar","v":"value"}," ଦିନରେ"],"many":[{"t":"idOrVar","v":"value"}," ଦିନରେ"],"other":[{"t":"idOrVar","v":"value"}," ଦିନରେ"]},"$x":[{"t":"idOrVar","v":"plural"},"value"]},{"$i":"weeks-until-long","$v":{"zero":"ଏହି ସପ୍ତାହ","one":"ପରବର୍ତ୍ତୀ ସପ୍ତାହ","two":[{"t":"idOrVar","v":"value"}," ସପ୍ତାହରେ"],"few":[{"t":"idOrVar","v":"value"}," ସପ୍ତାହରେ"],"many":[{"t":"idOrVar","v":"value"}," ସପ୍ତାହରେ"],"other":[{"t":"idOrVar","v":"value"}," ସପ୍ତାହରେ"]},"$x":[{"t":"idOrVar","v":"plural"},"value"]},{"$i":"months-until-long","$v":{"zero":"ଏହି ମାସ","one":"ପରବର୍ତ୍ତୀ ମାସ","two":[{"t":"idOrVar","v":"value"}," ମାସରେ"],"few":[{"t":"idOrVar","v":"value"}," ମାସରେ"],"many":[{"t":"idOrVar","v":"value"}," ମାସରେ"],"other":[{"t":"idOrVar","v":"value"}," ମାସରେ"]},"$x":[{"t":"idOrVar","v":"plural"},"value"]},{"$i":"years-until-long","$v":{"zero":"ଏହି ବର୍ଷ","one":"ପରବର୍ତ୍ତୀ ବର୍ଷ","two":[{"t":"idOrVar","v":"value"}," ବର୍ଷରେ"],"few":[{"t":"idOrVar","v":"value"}," ବର୍ଷରେ"],"many":[{"t":"idOrVar","v":"value"}," ବର୍ଷରେ"],"other":[{"t":"idOrVar","v":"value"}," ବର୍ଷରେ"]},"$x":[{"t":"idOrVar","v":"plural"},"value"]},{"$i":"minutes-ago-short","$v":{"zero":"ସାଙ୍ଗେସାଙ୍ଗେ","other":[{"t":"idOrVar","v":"value"},"m ପୂର୍ବେ"]},"$x":[{"t":"idOrVar","v":"plural"},"value"]},{"$i":"hours-ago-short","$v":{"zero":"ସାଙ୍ଗେସାଙ୍ଗେ","other":[{"t":"idOrVar","v":"value"},"h ପୂର୍ବେ"]},"$x":[{"t":"idOrVar","v":"plural"},"value"]},{"$i":"days-ago-short","$v":{"zero":"ଆଜି","other":[{"t":"idOrVar","v":"value"},"d ପୂର୍ବେ"]},"$x":[{"t":"idOrVar","v":"plural"},"value"]},{"$i":"minutes-until-short","$v":{"zero":"ବର୍ତ୍ତମାନ","other":[{"t":"idOrVar","v":"value"}," ମାସରେ"]},"$x":[{"t":"idOrVar","v":"plural"},"value"]},{"$i":"hours-until-short","$v":{"zero":"ବର୍ତ୍ତମାନ","other":[{"t":"idOrVar","v":"value"}," ଘଣ୍ଟାରେ"]},"$x":[{"t":"idOrVar","v":"plural"},"value"]},{"$i":"days-until-short","$v":{"zero":"ଆଜି","other":[{"t":"idOrVar","v":"value"}," ଦିନରେ"]},"$x":[{"t":"idOrVar","v":"plural"},"value"]},{"$i":"incorrectDate","$v":"(ଭୁଲ୍ ତାରିଖ)"},{"$i":"dateTimeFormat_%c","$v":"%a %b %e %Y %I:%M:%S %p"},{"$i":"dateTimeFormat_%x","$v":"%m/%d/%Y"},{"$i":"dateTimeFormat_%X","$v":"%I:%M:%S %p"},{"$i":"shortTimeFormat","$v":"%I:%M %p"},{"$i":"shortTimeFormat12","$v":"%I:%M %p"},{"$i":"shortTimeFormat24","$v":"%H:%M"},{"$i":"shortDateTimeFormat","$v":"%x %I:%M %p"},{"$i":"weekStartsOnMonday","$v":"0"},{"$i":"firstDayOfTheWeek","$v":"0"},{"$i":"time_am","$v":"AM"},{"$i":"time_pm","$v":"PM"}]