[{"$i":"search-or-enter-address","placeholder":"ਖੋਜ ਕਰੋ ਜਾਂ ਪਤਾ ਦਾਖਲ ਕਰੋ"},{"$i":"delete-title","$v":[{"t":"idOrVar","v":"name"}," ਨੂੰ ਮਿਟਾਓ"]},{"$i":"delete-body","$v":[{"t":"idOrVar","v":"name"}," ਅਤੇ ਇਸਦਾ ਸਾਰਾ ਡੇਟਾ ਮਿਟਾਇਆ ਜਾਵੇਗਾ।"]},{"$i":"delete","$v":"ਮਿਟਾਓ"},{"$i":"cancel","$v":"ਰੱਦ ਕਰੋ"},{"$i":"menu","$v":"ਮੇਨਿਊ"},{"$i":"notifications","$v":"ਅਲਰਟ"},{"$i":"speed-dial","$v":"ਸਪੀਡ ਡਾਇਲ"},{"$i":"select","$v":"ਚੁਣੋ"},{"$i":"favorite","$v":"ਪਸੰਦੀਦਾ"},{"$i":"unfavorite","$v":"ਪਸੰਦੀਦਾ ਤੋਂ ਹਟਾਓ"},{"$i":"ok","$v":"ਠੀਕ ਹੈ"},{"$i":"edit","$v":"ਸੰਪਾਦਿਤ ਕਰੋ"},{"$i":"call","$v":"ਕਾਲ ਕਰੋ"},{"$i":"message","$v":"ਸੰਦੇਸ਼"},{"$i":"options","$v":"ਵਿਕਲਪ"},{"$i":"assign","$v":"ਅਸਾਈਨ ਕਰੋ"},{"$i":"remove","$v":"ਹਟਾਓ"},{"$i":"replace","$v":"ਬਦਲੋ"},{"$i":"more","$v":"ਹੋਰ"},{"$i":"settings","$v":"ਸੈਟਿੰਗਸ"},{"$i":"contacts","$v":"ਸੰਪਰਕ"},{"$i":"voicemail","$v":"ਵੌਇਸਮੇਲ"},{"$i":"speed-dial-not-empty","ariaLabel":[{"t":"idOrVar","v":"order"},", ",{"t":"idOrVar","v":"name"}]},{"$i":"speed-dial-empty","ariaLabel":[{"t":"idOrVar","v":"order"},", ਖਾਲੀ"]},{"$i":"remove-speed-dial","$v":["ਕੀ ਤੁਸੀਂ ਸਪੀਡ ਡਾਇਲ ਤੋਂ ",{"t":"idOrVar","v":"name"}," ਨੂੰ ਹਟਾਉਣਾ ਚਾਹੁੰਦੇ ਹੋ ?"]},{"$i":"replace-speed-dial","$v":["ਕੀ ਤੁਸੀਂ ",{"t":"idOrVar","v":"name"}," ਨੂੰ ",{"t":"idOrVar","v":"subName"}," ਨਾਲ ਬਦਲਣਾ ਚਾਹੁੰਦੇ ਹੋ?"]},{"$i":"assign-speed-dial","$v":["ਸੰਪਰਕ ਨੂੰ ",{"t":"idOrVar","v":"n"}," ਬਟਨ ਤੇ ਸਪੀਡ ਡਾਇਲ ਵਜੋਂ ਨਹੀਂ ਜੋੜਿਆ ਗਿਆ ਸੀ। ਹੁਣ ਅਸਾਇਨ ਕਰਨਾ ਚਾਹੁੰਦੇ ਹੋ?"]},{"$i":"assign-voicemail","$v":"ਵੌਇਸ ਮੇਲ ਨੰਬਰ ਸੈਟ ਨਹੀਂ ਹੋਇਆ ਹੈ।"},{"$i":"alert-for-contacts-without-number","$v":"ਉਪਲਬਧ ਫੋਨ ਨੰਬਰ ਵਿੱਚ ਕੋਈ ਸੰਪਰਕ ਨਹੀਂ ਹੈ ।"},{"$i":"option-remove","$v":"ਸਪੀਡ ਡਾਇਲ ਤੋਂ ਹਟਾਓ"},{"$i":"option-replace","$v":"ਬਦਲੋ"},{"$i":"all-apps","$v":"ਸਾਰੇ-ਐਪ"},{"$i":"add-to-existing-contact","$v":"ਮੌਜੂਦਾ ਸੰਪਰਕ ਵਿੱਚ ਜੋੜੋ"},{"$i":"create-new-contact","$v":"ਨਵਾਂ ਸੰਪਰਕ ਬਣਾਓ"},{"$i":"sending","$v":"ਭੇਜਿਆ ਜਾ ਰਿਹਾ ਹੈ..."},{"$i":"callAirplaneModeTitle","$v":"ਏਅਰਪਲੇਨ ਮੋਡ ਸਕਿਰਿਆ ਕੀਤਾ ਗਿਆ"},{"$i":"callAirplaneModeMessage","$v":"ਕਾਲ ਕਰਨ ਲਈ ਤੁਹਾਨੂੰ ਸੈਟਿੰਗਸ ਵਿੱਚ ਜਾ ਕੇ ਏਅਰਪਲੇਨ ਮੋਡ ਨੂੰ ਅਕਿਰਿਆਸ਼ੀਲ ਕਰਨਾ ਪਵੇਗਾ ।"},{"$i":"emergencyDialogTitle","$v":"ਕੋਈ ਨੈਟਵਰਕ ਕਨੈਕਸ਼ਨ ਨਹੀਂ ਹੈ"},{"$i":"emergencyDialogBodyBadNumber","$v":"ਕਾਲ ਕਰਨ ਲਈ, ਫੋਨ ਨੂੰ ਨੈਟਵਰਕ ਨਾਲ ਕਨੈਕਟ ਕਰਨਾ ਪਵੇਗਾ।"},{"$i":"emergencyDialogBodyDeviceNotAccepted","$v":"ਨੈਟਵਰਕ ਦੁਆਰਾ ਆਪਾਤਕਾਲੀਨ ਕਾਲ ਦੀ ਮਨਜ਼ੂਰੀ ਨਹੀਂ ਦਿੱਤੀ ਗਈ ਹੈ"},{"$i":"invalidNumberToDialTitle","$v":"ਅਵੈਧ ਫੋਨ ਨੰਬਰ"},{"$i":"invalidNumberToDialMessage","$v":"ਜਿਸ ਫੋਨ ਨੰਬਰ 'ਤੇ ਤੁਸੀਂ ਕਾਲ ਕਰ ਰਹੇ ਹੋ ਉਹ ਵੈਧ ਨਹੀਂ ਹੈ।"},{"$i":"emergency-call-only","$v":"ਕੇਵਲ ਆਪਾਤਕਾਲੀਨ ਕਾਲ"},{"$i":"emergency-call-error","$v":[{"t":"idOrVar","v":"number"}," ਆਪਾਤਕਾਲੀਨ ਨੰਬਰ ਨਹੀਂ ਹੈ।"]},{"$i":"numberIsBusyTitle","$v":"ਨੰਬਰ ਵਿਅਸਤ ਹੈ"},{"$i":"numberIsBusyMessage","$v":"ਇਸ ਸਮੇਂ ਨੰਬਰ ਵਿਅਸਤ ਹੈ। ਕਿਰਪਾ ਕਰਕੇ ਬਾਅਦ ਵਿੱਚ ਕੋਸ਼ਿਸ਼ ਕਰੋ।"},{"$i":"fdnIsActiveTitle","$v":"FDN ਸਕਿਰਿਆ ਹੈ"},{"$i":"fdnIsActiveMessage","$v":["FDN (ਫਿਕਸਡ ਡਾਇਲਿੰਗ ਨੰਬਰ) ਕਾਰਜਸ਼ੀਲ ਹੈ ਅਤੇ ਹੇਠਾਂ ਦਿੱਤਾ ਗਿਆ ਨੰਬਰ ਤੁਹਾਡੀ FDN ਲਿਸਟ ਵਿੱਚ ਨਹੀਂ ਹੈ: ",{"t":"idOrVar","v":"number"}]},{"$i":"otherConnectionInUseTitle","$v":"ਹੋਰ ਕਨੈਕਸ਼ਨ ਵਰਤੋਂ ਵਿੱਚ ਹੈ"},{"$i":"otherConnectionInUseMessage","$v":"ਤੁਹਾਡੀ ਦੂਜੇ ਕਨੈਕਸ਼ਨ ਤੇ ਇੱਕ ਕਾਲ ਐਕਟਿਵ ਹੈ । ਤੁਸੀਂ ਇੱਕ ਸਮੇਂ ‘ਤੇ ਕੇਵਲ ਇੱਕ ਕਨੈਕਸ਼ਨ ਵਰਤ ਸਕਦੇ ਹੋ।"},{"$i":"GenericFailure","$v":"ਸਧਾਰਣ ਅਸਫਲਤਾ"},{"$i":"CallFailed","$v":"ਕਾਲ ਅਸਫਲ ਹੋਈ"},{"$i":"scCallBarring","$v":"ਕਾਲ ਬੈਰਿੰਗ"},{"$i":"scCallForwarding","$v":"ਕਾਲ ਫਾਰਵਰਡਿੰਗ"},{"$i":"scClip","$v":"ਇਨਕਮਿੰਗ ਕਾਲਰ ID"},{"$i":"scClir","$v":"ਆਊਟਗੋਇੰਗ ਕਾਲਰ ID"},{"$i":"scPwd","$v":"ਪਾਸਵਰਡ ਬਦਲੋ"},{"$i":"scCallWaiting","$v":"ਕਾਲ ਉਡੀਕ ਵਿੱਚ ਹੈ"},{"$i":"scPin","$v":"ਪਿਨ ਬਦਲੋ"},{"$i":"scPin2","$v":"ਪਿਨ2 ਬਦਲੋ"},{"$i":"scPuk","$v":"ਪਿਨ ਅਨਬਲੌਕ ਕਰੋ"},{"$i":"scPuk2","$v":"ਪਿਨ2 ਅਨਬਲੌਕ ਕਰੋ"},{"$i":"scImei","$v":"IMEI"},{"$i":"scMeid","$v":"MEID"},{"$i":"scUssd","$v":"USSD"},{"$i":"personal","$v":"ਨਿੱਜੀ"},{"$i":"mobile","$v":"ਮੋਬਾਈਲ"},{"$i":"home","$v":"ਹੋਮ"},{"$i":"work","$v":"ਵਰਕ"},{"$i":"fax-home","$v":"Fax ਹੋਮ"},{"$i":"fax-office","$v":"Fax ਆਫ਼ਿਸ"},{"$i":"fax-other","$v":"ਹੋਰ Fax"},{"$i":"homescreen-settings","$v":"ਹੋਮਸਕਰੀਨ ਸੈਟਿੰਗਸ"},{"$i":"change-wallpaper","$v":"ਵਾਲਪੇਪਰ ਬਦਲੋ"},{"$i":"add-smart-collections","$v":"ਸਮਾਰਟ ਕਲੈਕਸ਼ਨ ਜੋੜੋ"},{"$i":"edit-mode","$v":"ਸੰਪਾਦਿਤ ਕਰੋ"},{"$i":"edit-done","$v":"ਪੂਰਾ ਹੋਇਆ"},{"$i":"stop-download-title","$v":[{"t":"idOrVar","v":"name"}," ਰੋਕੋ"]},{"$i":"stop-download-body","$v":"ਕੀ ਤੁਸੀਂ ਚੱਲ ਰਹੀ ਡਾਊਨਲੋਡ ਨੂੰ ਰੋਕਣਾ ਚਾਹੁੰਦੇ ਹੋ?"},{"$i":"stop-download-action","$v":"ਰੋਕੋ"},{"$i":"resume-download-title","$v":"ਡਾਊਨਲੋਡ ਦੁਬਾਰਾ ਸ਼ੁਰੂ ਕਰੋ"},{"$i":"resume-download-body","$v":["ਕੀ ਤੁਸੀਂ ",{"t":"idOrVar","v":"name"}," ਨੂੰ ਡਾਊਨਲੋਡ ਕਰਨਾ ਚਾਹੁੰਦੇ ਹੋ?"]},{"$i":"resume-download-action","$v":"ਡਾਊਨਲੋਡ ਕਰੋ"},{"$i":"edit-group-header","$v":"ਗਰੁੱਪ ਸੰਪਾਦਿਤ ਕਰੋ"},{"$i":"tcl-wallpaper-changed","$v":"ਵਾਲਪੇਪਰ ਬਦਲਿਆ ਗਿਆ"},{"$i":"gaia-shortcut-app-updated","$v":"ਐਪ ਅਪਡੇਟ ਕੀਤੀ ਗਈ"},{"$i":"clocks-updated","$v":"ਘੜੀ ਅਪਡੇਟ ਹੋਈ"},{"$i":"longDateFormat","$v":"%A, %b %e"},{"$i":"app-title","$v":"ਮੇਰੇ ਐਪ"},{"$i":"app-uninstall","$v":[{"t":"idOrVar","v":"name"}," ਅਨਇੰਸਟਾਲ ਕੀਤਾ ਗਿਆ ਸੀ"]},{"$i":"confirmation","$v":"ਪੁਸ਼ਟੀਕਰਨ"},{"$i":"call-forwarding-async","$v":["ਅਸਿੰਕਰਨਸ: ",{"t":"idOrVar","v":"async"}]},{"$i":"call-forwarding-data","$v":["ਡੇਟਾ: ",{"t":"idOrVar","v":"data"}]},{"$i":"call-forwarding-error","$v":"ਕਾਲ ਫਾਰਵਰਡਿੰਗ ਸਥਿਤੀ ਨੂੰ ਪ੍ਰਾਪਤ ਕਰਦੇ ਸਮੇਂ ਇੱਕ ਤਰੁੱਟੀ ਹੋਈ ਹੈ"},{"$i":"call-forwarding-fax","$v":["FAX: ",{"t":"idOrVar","v":"fax"}]},{"$i":"call-forwarding-inactive","$v":"ਨਿਸ਼ਕਿਰਿਆ"},{"$i":"call-forwarding-packet","$v":["ਪੈਕਟ: ",{"t":"idOrVar","v":"packet"}]},{"$i":"call-forwarding-pad","$v":["PAD: ",{"t":"idOrVar","v":"pad"}]},{"$i":"call-forwarding-sms","$v":["SMS: ",{"t":"idOrVar","v":"sms"}]},{"$i":"call-forwarding-status","$v":"ਕਾਲ ਫਾਰਵਰਡਿੰਗ ਸਥਿਤੀ"},{"$i":"call-forwarding-sync","$v":["ਸਿੰਕ੍ਰਨਸ: ",{"t":"idOrVar","v":"sync"}]},{"$i":"call-forwarding-voice","$v":["ਵੌਇਸ: ",{"t":"idOrVar","v":"voice"}]},{"$i":"serviceClassVoice","$v":"ਵੌਇਸ"},{"$i":"serviceClassData","$v":"ਡੇਟਾ"},{"$i":"serviceClassFax","$v":"FAX"},{"$i":"serviceClassSms","$v":"SMS"},{"$i":"serviceClassDataSync","$v":"ਸਿੰਕ"},{"$i":"serviceClassDataAsync","$v":"ਅਸਿੰਕ"},{"$i":"serviceClassPacket","$v":"ਪੈਕੇਟ"},{"$i":"serviceClassPad","$v":"PAD"},{"$i":"smServiceEnabled","$v":"ਸੇਵਾ ਕਾਰਜਸ਼ੀਲ ਹੋਈ"},{"$i":"smServiceDisabled","$v":"ਸੇਵਾ ਨੂੰ ਅਕਿਰਿਆਸ਼ੀਲ ਕੀਤਾ ਹੈ"},{"$i":"smServiceRegistered","$v":"ਪੰਜੀਕਰਣ ਸਫਲ ਰਿਹਾ"},{"$i":"smServiceErased","$v":"ਮਿਟਾਉਣਾ ਸਫ਼ਲ ਰਿਹਾ"},{"$i":"smServiceInterrogated","$v":"ਬੇਨਤੀ ਸਫ਼ਲ ਰਹੀ"},{"$i":"smServiceNotProvisioned","$v":"ਸੇਵਾ ਦਾ ਪ੍ਰਬੰਧ ਨਹੀਂ ਹੈ"},{"$i":"smClirPermanent","$v":"ਤੁਸੀਂ ਕਾਲਰ ID ਸੈਟਿੰਗਸ ਨਹੀਂ ਬਦਲ ਸਕਦੇ"},{"$i":"smClirDefaultOnNextCallOn","$v":"ਕਾਲਰ ID ਡਿਫੌਲਟ ਦੇ ਤੌਰ ਤੇ ਪ੍ਰਤਿਬੰਧਿਤ ਹੈ। ਅਗਲੀ ਕਾਲ: ਪ੍ਰਤਿਬੰਧਿਤ"},{"$i":"smClirDefaultOnNextCallOff","$v":"ਕਾਲਰ ID ਡਿਫੌਲਟ ਦੇ ਤੌਰ ਤੇ ਪ੍ਰਤਿਬੰਧਿਤ ਹੈ। ਅਗਲੀ ਕਾਲ: ਪ੍ਰਤਿਬੰਧਿਤ ਨਹੀਂ"},{"$i":"smClirDefaultOffNextCallOn","$v":"ਕਾਲਰ ID ਡਿਫੌਲਟ ਦੇ ਤੌਰ ਤੇ ਪ੍ਰਤਿਬੰਧਿਤ ਨਹੀਂ ਹੈ। ਅਗਲੀ ਕਾਲ: ਪ੍ਰਤਿਬੰਧਿਤ"},{"$i":"smClirDefaultOffNextCallOff","$v":"ਕਾਲਰ ID ਡਿਫੌਲਟ ਦੇ ਤੌਰ ਤੇ ਪ੍ਰਤਿਬੰਧਿਤ ਨਹੀਂ ਹੈ। ਅਗਲੀ ਕਾਲ: ਪ੍ਰਤਿਬੰਧਿਤ ਨਹੀਂ"},{"$i":"smServiceEnabledFor","$v":"ਇਸ ਲਈ ਸੇਵਾ ਕਾਰਜਸ਼ੀਲ ਹੈ :"},{"$i":"smPinChanged","$v":"ਪਿਨ ਸਫ਼ਲਤਾਪੂਰਵਕ ਬਦਲਿਆ ਗਿਆ"},{"$i":"smPinUnblocked","$v":"ਪਿਨ ਸਫ਼ਲਤਾਪੂਰਵਕ ਅਨਬਲੌਕ ਕੀਤਾ ਗਿਆ"},{"$i":"smPin2Changed","$v":"ਪਿਨ2 ਸਫ਼ਲਤਾਪੂਰਵਕ ਬਦਲਿਆ ਗਿਆ"},{"$i":"smPin2Unblocked","$v":"ਪਿਨ2 ਸਫ਼ਲਤਾਪੂਰਵਕ ਅਨਬਲੌਕ ਕੀਤਾ ਗਿਆ"},{"$i":"ServiceIsEnabled","$v":"ਸੇਵਾ ਕਾਰਜਸ਼ੀਲ ਹੈ"},{"$i":"ServiceIsDisabled","$v":"ਸੇਵਾ ਅਕਿਰਿਆਸ਼ੀਲ ਹੈ"},{"$i":"ServiceIsEnabledFor","$v":"ਇਸ ਲਈ ਸੇਵਾ ਕਾਰਜਸ਼ੀਲ ਹੈ:"},{"$i":"emMmiError","$v":"ਕਨੈਕਸ਼ਨ ਸਮੱਸਿਆ ਜਾਂ ਅਵੈਧ MMI ਕੋਡ"},{"$i":"emMmiErrorPasswordIncorrect","$v":"ਗਲਤ ਪਾਸਵਰਡ"},{"$i":"emMmiErrorNotSupported","$v":"ਅਵੈਧ ਜਾਂ ਅਸਮਰੱਥਿਤ MMI ਕੋਡ"},{"$i":"emMmiErrorInvalidAction","$v":"ਅਵੈਧ ਕਾਰਵਾਈ"},{"$i":"emMmiErrorInvalidScCode","$v":"ਅਵੈਧ ਸੇਵਾ ਕੋਡ"},{"$i":"emMmiErrorBadPuk","$v":"ਤੁਹਾਡੇ ਦੁਆਰਾ ਲਿਖਿਆ PUK ਸਹੀ ਨਹੀਂ ਹੈ"},{"$i":"emMmiErrorBadPin","$v":"ਤੁਹਾਡੇ ਦੁਆਰਾ ਲਿਖਿਆ ਪੁਰਾਣਾ ਪਿਨ ਸਹੀ ਨਹੀਂ ਹੈ।"},{"$i":"emMmiErrorNeedPuk2","$v":"ਸਿਮ ਕਾਰਡ ਅਨਬਲੌਕ ਕਰਨ ਲਈ PUK2 ਲਿਖੋ"},{"$i":"emMmiErrorMismatchPin","$v":"ਤੁਹਾਡੇ ਦੁਆਰਾ ਲਿਖੇ ਪਿਨ ਮੇਲ ਨਹੀਂ ਹੁੰਦੇ"},{"$i":"emMmiErrorInvalidPin","$v":"4 ਤੋਂ 8 ਨੰਬਰ ਦਾ ਪਿਨ ਲਿਖੋ"},{"$i":"emMmiErrorNeedsPuk","$v":"ਤੁਹਾਡੇ ਸਿਮ ਕਾਰਡ ਵਿੱਚ PUK ਲੌਕ ਹੈ"},{"$i":"emMmiErrorEnablePin","$v":"ਅਸਫਲ। SIM/RUIM ਲੌਕ ਕਾਰਜਸ਼ੀਲ ਕਰੋ"},{"$i":"emMmiErrorMmiFdn","$v":"ਆਪਰੇਸ਼ਨ ਕੇਵਲ ਫਿਕਸਡ ਡਾਇਲਿੰਗ ਨੰਬਰਾਂ ਤੱਕ ਹੀ ਸੀਮਿਤ ਹੈ"},{"$i":"emMmiErrorStkCcUssdDial","$v":"USSD ਬੇਨਤੀ ਡਾਇਲ ਬੇਨਤੀ ਵਿੱਚ ਸੰਸ਼ੋਧਿਤ ਕੀਤੀ ਗਈ ਹੈ"},{"$i":"emMmiErrorStkCcUssdSs","$v":"USSD ਬੇਨਤੀ SS ਬੇਨਤੀ ਵਿੱਚ ਸੰਸ਼ੋਧਿਤ ਕੀਤੀ ਗਈ ਹੈ"},{"$i":"emMmiErrorStkCcUssdUssd","$v":"USSD ਬੇਨਤੀ ਨਵੀਂ USSD ਬੇਨਤੀ ਵਿੱਚ ਸੰਸ਼ੋਧਿਤ ਕੀਤੀ ਗਈ ਹੈ"},{"$i":"emMmiErrorStkCcSsDial","$v":"SS ਬੇਨਤੀ ਨੂੰ ਡਾਇਲ ਬੇਨਤੀ ਵਿੱਚ ਸੰਸ਼ੋਧਿਤ ਕੀਤਾ ਗਿਆ ਹੈ"},{"$i":"emMmiErrorStkCcSsUssd","$v":"SS ਬੇਨਤੀ ਨੂੰ USSD ਬੇਨਤੀ ਵਿੱਚ ਸੰਸ਼ੋਧਿਤ ਕੀਤਾ ਗਿਆ ਹੈ"},{"$i":"emMmiErrorStkCcSsSs","$v":"SS ਬੇਨਤੀ ਨੂੰ ਨਵੀਂ SS ਬੇਨਤੀ ਵਿੱਚ ਸੰਸ਼ੋਧਿਤ ਕੀਤਾ ਗਿਆ ਹੈ"},{"$i":"emMmiErrorPinPukAttempts","$v":{"one":["ਕੇਵਲ ",{"t":"idOrVar","v":"n"}," ਕੋਸ਼ਿਸ਼ ਬਾਕੀ ਹੈ"],"two":[{"t":"idOrVar","v":"n"}," ਪੁਨਰਕੋਸ਼ਿਸ਼ ਬਾਕੀ ਹੈ"],"few":[{"t":"idOrVar","v":"n"}," ਪੁਨਰਕੋਸ਼ਿਸ਼ ਬਾਕੀ ਹੈ"],"many":[{"t":"idOrVar","v":"n"}," ਪੁਨਰਕੋਸ਼ਿਸ਼ ਬਾਕੀ ਹੈ"],"other":[{"t":"idOrVar","v":"n"}," ਪੁਨਰਕੋਸ਼ਿਸ਼ ਬਾਕੀ ਹੈ"]},"$x":[{"t":"idOrVar","v":"plural"},"n"]},{"$i":"emMmiErrorSimBlocked","$v":"ਮੁੜ ਕੋਸ਼ਿਸ਼ਾਂ ਦੀ ਅਧਿਕਤਮ ਸੰਖਿਆ ਵੱਧ ਹੋ ਗਈ ਹੈ। ਸਿਮ ਬਲੌਕ ਹੈ"},{"$i":"RadioNotAvailable","$v":"ਰੇਡੀਓ ਉਪਲਬਧ ਨਹੀਂ ਹੈ"},{"$i":"PasswordIncorrect","$v":"ਪਾਸਵਰਡ ਗਲਤ ਹੈ"},{"$i":"SimPin2","$v":"ਸਿਮ ਪਿਨ 2"},{"$i":"SimPuk2","$v":"ਸਿਮ PUK2"},{"$i":"RequestNotSupported","$v":"ਬੇਨਤੀ ਸਮਰੱਥਿਤ ਨਹੀਂ ਹੈ"},{"$i":"OpNotAllowedDuringVoiceCall","$v":"ਵੌਇਸ ਕਾਲ ਦੌਰਾਨ ਆਪਰੇਸ਼ਨ ਦੀ ਇਜਾਜ਼ਤ ਨਹੀਂ ਹੈ"},{"$i":"SmsSendFailRetry","$v":"SMS ਭੇਜਣਾ ਅਸਫਲ ਰਿਹਾ ਦੁਬਾਰਾ ਕੋਸ਼ਿਸ਼ ਕਰੋ"},{"$i":"SimAbsent","$v":"ਸਿਮ ਮੌਜੂਦ ਨਹੀਂ ਹੈ"},{"$i":"SubscriptionNotAvailable","$v":"ਸਬਸਕ੍ਰਿਪਸ਼ਨ ਉਪਲਬਧ ਨਹੀਂ ਹੈ"},{"$i":"ModeNotSupported","$v":"ਮੋਡ ਸਮਰੱਥਿਤ ਨਹੀਂ"},{"$i":"FdnCheckFailure","$v":"FDN ਅਸਫਲਤਾ ਦੀ ਜਾਂਚ ਕਰੋ"},{"$i":"IllegalSimOrMe","$v":"ਅਵੈਧ ਸਿਮ ਜਾਂ ME"},{"$i":"DialModifiedToUssd","$v":"ਡਾਇਲ ਨੂੰ USSD ਤੇ ਬਦਲਿਆ ਗਿਆ ਹੈ ਹੈ"},{"$i":"DialModifiedToSs","$v":"ਡਾਇਲ ਨੂੰ SS ਤੇ ਬਦਲਿਆ ਗਿਆ ਹੈ"},{"$i":"DialModifiedToDial","$v":"ਡਾਇਲ ਨੂੰ ਡਾਇਲ ਤੇ ਬਦਲਿਆ ਗਿਆ ਹੈ"},{"$i":"UssdModifiedToDial","$v":"USSD ਨੂੰ ਡਾਇਲ ਵਿੱਚ ਸੰਸ਼ੋਧਿਤ ਕੀਤਾ ਗਿਆ"},{"$i":"UssdModifiedToSs","$v":"SS ਨੂੰ USSD ਵਿੱਚ ਸੰਸ਼ੋਧਿਤ ਕੀਤਾ ਗਿਆ"},{"$i":"UssdModifiedToUssd","$v":"USSD ਨੂੰ USSD ਵਿੱਚ ਸੰਸ਼ੋਧਿਤ ਕੀਤਾ ਗਿਆ"},{"$i":"SsModifiedToDial","$v":"SS ਨੂੰ ਡਾਇਲ ਵਿੱਚ ਸੰਸ਼ੋਧਿਤ ਕੀਤਾ ਗਿਆ"},{"$i":"SsModifiedToUssd","$v":"SS ਨੂੰ USSD ਵਿੱਚ ਸੰਸ਼ੋਧਿਤ ਕੀਤਾ ਗਿਆ"},{"$i":"SsModifiedToSs","$v":"SS ਨੂੰ SS ਵਿੱਚ ਸੰਸ਼ੋਧਿਤ ਕੀਤਾ ਗਿਆ"},{"$i":"SubscriptionNotSupported","$v":"ਸਬਸਕ੍ਰਿਪਸ਼ਨ ਸਮਰੱਥਿਤ ਨਹੀਂ ਹੈ"},{"$i":"InvalidParameter","$v":"ਅਵੈਧ ਪੈਰਾਮੀਟਰ"},{"$i":"RejectedByRemote","$v":"ਰਿਮੋਟ ਦੁਆਰਾ ਅਸਵੀਕਾਰ ਕੀਤਾ"},{"$i":"sim-with-index-and-carrier","$v":["ਸਿਮ ",{"t":"idOrVar","v":"index"}," - ",{"t":"idOrVar","v":"carrier"}]},{"$i":"sim-without-carrier","$v":["ਸਿਮ ",{"t":"idOrVar","v":"index"}]},{"$i":"label","$v":"ਲੇਬਲ"},{"$i":"faxHome","$v":"Fax ਹੋਮ"},{"$i":"faxOffice","$v":"Fax ਆਫ਼ਿਸ"},{"$i":"faxOther","$v":"ਹੋਰ Fax"},{"$i":"another","$v":"ਹੋਰ"},{"$i":"other","$v":"ਹੋਰ"},{"$i":"tcl-customTag","$v":"ਕਸਟਮ ਟੈਗ"},{"$i":"customTag","$v":"ਕਸਟਮ ਟੈਗ","placeholder":"ਕਸਟਮ ਟੈਗ"},{"$i":"current","$v":"ਵਰਤਮਾਨ"},{"$i":"itemWithLabel","$v":[{"t":"idOrVar","v":"label"},", ",{"t":"idOrVar","v":"item"}]},{"$i":"weekday-0-long","$v":"ਐਤਵਾਰ"},{"$i":"weekday-1-long","$v":"ਸੋਮਵਾਰ"},{"$i":"weekday-2-long","$v":"ਮੰਗਲਵਾਰ"},{"$i":"weekday-3-long","$v":"ਬੁੱਧਵਾਰ"},{"$i":"weekday-4-long","$v":"ਵੀਰਵਾਰ"},{"$i":"weekday-5-long","$v":"ਸ਼ੁੱਕਰਵਾਰ"},{"$i":"weekday-6-long","$v":"ਸ਼ਨੀਵਾਰ"},{"$i":"weekday-0-short","$v":"ਐਤ"},{"$i":"weekday-1-short","$v":"ਸੋਮ"},{"$i":"weekday-2-short","$v":"ਮੰਗਲ"},{"$i":"weekday-3-short","$v":"ਬੁੱਧ"},{"$i":"weekday-4-short","$v":"ਵੀਰ"},{"$i":"weekday-5-short","$v":"ਸ਼ੁੱਕਰਵਾਰ"},{"$i":"weekday-6-short","$v":"ਸ਼ਨੀ"},{"$i":"month-0-long","$v":"ਜਨਵਰੀ"},{"$i":"month-1-long","$v":"ਫਰਵਰੀ"},{"$i":"month-2-long","$v":"ਮਾਰਚ"},{"$i":"month-3-long","$v":"ਅਪ੍ਰੈਲ"},{"$i":"month-4-long","$v":"ਮਈ"},{"$i":"month-5-long","$v":"ਜੂਨ"},{"$i":"month-6-long","$v":"ਜੁਲਾਈ"},{"$i":"month-7-long","$v":"ਅਗਸਤ"},{"$i":"month-8-long","$v":"ਸਤੰਬਰ"},{"$i":"month-9-long","$v":"ਅਕਤੂਬਰ"},{"$i":"month-10-long","$v":"ਨਵੰਬਰ"},{"$i":"month-11-long","$v":"ਦਸੰਬਰ"},{"$i":"month-0-genitive","$v":"ਜਨਵਰੀ"},{"$i":"month-1-genitive","$v":"ਫਰਵਰੀ"},{"$i":"month-2-genitive","$v":"ਮਾਰਚ"},{"$i":"month-3-genitive","$v":"ਅਪ੍ਰੈਲ"},{"$i":"month-4-genitive","$v":"ਮਈ"},{"$i":"month-5-genitive","$v":"ਜੂਨ"},{"$i":"month-6-genitive","$v":"ਜੁਲਾਈ"},{"$i":"month-7-genitive","$v":"ਅਗਸਤ"},{"$i":"month-8-genitive","$v":"ਸਤੰਬਰ"},{"$i":"month-9-genitive","$v":"ਅਕਤੂਬਰ"},{"$i":"month-10-genitive","$v":"ਨਵੰਬਰ"},{"$i":"month-11-genitive","$v":"ਦਸੰਬਰ"},{"$i":"month-0-short","$v":"ਜਨਵਰੀ"},{"$i":"month-1-short","$v":"ਫਰਵਰੀ"},{"$i":"month-2-short","$v":"ਮਾਰਚ"},{"$i":"month-3-short","$v":"ਅਪ੍ਰੈਲ"},{"$i":"month-4-short","$v":"ਮਈ"},{"$i":"month-5-short","$v":"ਜੂਨ"},{"$i":"month-6-short","$v":"ਜੁਲਾਈ"},{"$i":"month-7-short","$v":"ਅਗਸਤ"},{"$i":"month-8-short","$v":"ਸਤੰਬਰ"},{"$i":"month-9-short","$v":"ਅਕਤੂਬਰ"},{"$i":"month-10-short","$v":"ਨਵੰਬਰ"},{"$i":"month-11-short","$v":"ਦਸੰਬਰ"},{"$i":"minutes-ago-long","$v":{"zero":"ਸਿਰਫ਼ ਹੁਣ","one":"ਇੱਕ ਮਿੰਟ ਪਹਿਲਾਂ","two":[{"t":"idOrVar","v":"value"}," ਮਿੰਟ ਪਹਿਲਾਂ"],"few":[{"t":"idOrVar","v":"value"}," ਮਿੰਟ ਪਹਿਲਾਂ"],"many":[{"t":"idOrVar","v":"value"}," ਮਿੰਟ ਪਹਿਲਾਂ"],"other":[{"t":"idOrVar","v":"value"}," ਮਿੰਟ ਪਹਿਲਾਂ"]},"$x":[{"t":"idOrVar","v":"plural"},"value"]},{"$i":"hours-ago-long","$v":{"zero":"ਸਿਰਫ਼ ਹੁਣ","one":"ਇੱਕ ਘੰਟਾ ਪਹਿਲਾਂ","two":[{"t":"idOrVar","v":"value"}," ਘੰਟੇ ਪਹਿਲਾਂ"],"few":[{"t":"idOrVar","v":"value"}," ਘੰਟੇ ਪਹਿਲਾਂ"],"many":[{"t":"idOrVar","v":"value"}," ਘੰਟੇ ਪਹਿਲਾਂ"],"other":[{"t":"idOrVar","v":"value"}," ਘੰਟੇ ਪਹਿਲਾਂ"]},"$x":[{"t":"idOrVar","v":"plural"},"value"]},{"$i":"days-ago-long","$v":{"zero":"ਅੱਜ","one":"ਗੁਜ਼ਰਿਆ ਹੋਇਆ ਕੱਲ","two":[{"t":"idOrVar","v":"value"}," ਦਿਨ ਪਹਿਲਾਂ"],"few":[{"t":"idOrVar","v":"value"}," ਦਿਨ ਪਹਿਲਾਂ"],"many":[{"t":"idOrVar","v":"value"}," ਦਿਨ ਪਹਿਲਾਂ"],"other":[{"t":"idOrVar","v":"value"}," ਦਿਨ ਪਹਿਲਾਂ"]},"$x":[{"t":"idOrVar","v":"plural"},"value"]},{"$i":"weeks-ago-long","$v":{"zero":"ਇਹ ਹਫ਼ਤਾ","one":"ਪਿਛਲਾ ਹਫ਼ਤਾ","two":[{"t":"idOrVar","v":"value"}," ਹਫ਼ਤੇ ਪਹਿਲਾਂ"],"few":[{"t":"idOrVar","v":"value"}," ਹਫ਼ਤੇ ਪਹਿਲਾਂ"],"many":[{"t":"idOrVar","v":"value"}," ਹਫ਼ਤੇ ਪਹਿਲਾਂ"],"other":[{"t":"idOrVar","v":"value"}," ਹਫ਼ਤੇ ਪਹਿਲਾਂ"]},"$x":[{"t":"idOrVar","v":"plural"},"value"]},{"$i":"months-ago-long","$v":{"zero":"ਇਹ ਮਹੀਨਾ","one":"ਪਿਛਲਾ ਮਹੀਨਾ","two":[{"t":"idOrVar","v":"value"}," ਮਹੀਨੇ ਮਹੀਨਾ"],"few":[{"t":"idOrVar","v":"value"}," ਮਹੀਨੇ ਮਹੀਨਾ"],"many":[{"t":"idOrVar","v":"value"}," ਮਹੀਨੇ ਮਹੀਨਾ"],"other":[{"t":"idOrVar","v":"value"}," ਮਹੀਨੇ ਮਹੀਨਾ"]},"$x":[{"t":"idOrVar","v":"plural"},"value"]},{"$i":"years-ago-long","$v":{"zero":"ਇਹ ਸਾਲ","one":"ਪਿਛਲਾ ਸਾਲ","two":[{"t":"idOrVar","v":"value"}," ਸਾਲ ਪਹਿਲਾਂ"],"few":[{"t":"idOrVar","v":"value"}," ਸਾਲ ਪਹਿਲਾਂ"],"many":[{"t":"idOrVar","v":"value"}," ਸਾਲ ਪਹਿਲਾਂ"],"other":[{"t":"idOrVar","v":"value"}," ਸਾਲ ਪਹਿਲਾਂ"]},"$x":[{"t":"idOrVar","v":"plural"},"value"]},{"$i":"minutes-until-long","$v":{"zero":"ਹੁਣ","one":"ਇੱਕ ਮਿੰਟ ਵਿੱਚ","two":[{"t":"idOrVar","v":"value"}," ਮਿੰਟਾਂ ਵਿੱਚ"],"few":[{"t":"idOrVar","v":"value"}," ਮਿੰਟਾਂ ਵਿੱਚ"],"many":[{"t":"idOrVar","v":"value"}," ਮਿੰਟਾਂ ਵਿੱਚ"],"other":[{"t":"idOrVar","v":"value"}," ਮਿੰਟਾਂ ਵਿੱਚ"]},"$x":[{"t":"idOrVar","v":"plural"},"value"]},{"$i":"hours-until-long","$v":{"zero":"ਹੁਣ","one":"ਇੱਕ ਘੰਟੇ ਵਿੱਚ","two":[{"t":"idOrVar","v":"value"}," ਘੰਟਿਆਂ ਵਿੱਚ"],"few":[{"t":"idOrVar","v":"value"}," ਘੰਟਿਆਂ ਵਿੱਚ"],"many":[{"t":"idOrVar","v":"value"}," ਘੰਟਿਆਂ ਵਿੱਚ"],"other":[{"t":"idOrVar","v":"value"}," ਘੰਟਿਆਂ ਵਿੱਚ"]},"$x":[{"t":"idOrVar","v":"plural"},"value"]},{"$i":"days-until-long","$v":{"zero":"ਅੱਜ","one":"ਆਉਣ ਵਾਲਾ ਕੱਲ","two":[{"t":"idOrVar","v":"value"}," ਦਿਨਾਂ ਵਿੱਚ"],"few":[{"t":"idOrVar","v":"value"}," ਦਿਨਾਂ ਵਿੱਚ"],"many":[{"t":"idOrVar","v":"value"}," ਦਿਨਾਂ ਵਿੱਚ"],"other":[{"t":"idOrVar","v":"value"}," ਦਿਨਾਂ ਵਿੱਚ"]},"$x":[{"t":"idOrVar","v":"plural"},"value"]},{"$i":"weeks-until-long","$v":{"zero":"ਇਹ ਹਫ਼ਤਾ","one":"ਅਗਲਾ ਹਫ਼ਤਾ","two":[{"t":"idOrVar","v":"value"}," ਹਫ਼ਤਿਆਂ ਵਿੱਚ"],"few":[{"t":"idOrVar","v":"value"}," ਹਫ਼ਤਿਆਂ ਵਿੱਚ"],"many":[{"t":"idOrVar","v":"value"}," ਹਫ਼ਤਿਆਂ ਵਿੱਚ"],"other":[{"t":"idOrVar","v":"value"}," ਹਫ਼ਤਿਆਂ ਵਿੱਚ"]},"$x":[{"t":"idOrVar","v":"plural"},"value"]},{"$i":"months-until-long","$v":{"zero":"ਇਹ ਮਹੀਨਾ","one":"ਅਗਲਾ ਮਹੀਨਾ","two":[{"t":"idOrVar","v":"value"}," ਮਹੀਨਿਆਂ ਵਿੱਚ"],"few":[{"t":"idOrVar","v":"value"}," ਮਹੀਨਿਆਂ ਵਿੱਚ"],"many":[{"t":"idOrVar","v":"value"}," ਮਹੀਨਿਆਂ ਵਿੱਚ"],"other":[{"t":"idOrVar","v":"value"}," ਮਹੀਨਿਆਂ ਵਿੱਚ"]},"$x":[{"t":"idOrVar","v":"plural"},"value"]},{"$i":"years-until-long","$v":{"zero":"ਇਹ ਸਾਲ","one":"ਅਗਲਾ ਸਾਲ","two":[{"t":"idOrVar","v":"value"}," ਸਾਲਾਂ ਵਿੱਚ"],"few":[{"t":"idOrVar","v":"value"}," ਸਾਲਾਂ ਵਿੱਚ"],"many":[{"t":"idOrVar","v":"value"}," ਸਾਲਾਂ ਵਿੱਚ"],"other":[{"t":"idOrVar","v":"value"}," ਸਾਲਾਂ ਵਿੱਚ"]},"$x":[{"t":"idOrVar","v":"plural"},"value"]},{"$i":"minutes-ago-short","$v":{"zero":"ਸਿਰਫ਼ ਹੁਣ","other":[{"t":"idOrVar","v":"value"}," ਮਿੰਟ ਪਹਿਲਾਂ"]},"$x":[{"t":"idOrVar","v":"plural"},"value"]},{"$i":"hours-ago-short","$v":{"zero":"ਸਿਰਫ਼ ਹੁਣ","other":[{"t":"idOrVar","v":"value"}," ਘੰਟਾ ਪਹਿਲਾਂ"]},"$x":[{"t":"idOrVar","v":"plural"},"value"]},{"$i":"days-ago-short","$v":{"zero":"ਅੱਜ","other":[{"t":"idOrVar","v":"value"}," ਦਿਨ ਪਹਿਲਾਂ"]},"$x":[{"t":"idOrVar","v":"plural"},"value"]},{"$i":"minutes-until-short","$v":{"zero":"ਹੁਣ","other":[{"t":"idOrVar","v":"value"}," ਮਿੰਟ ਵਿੱਚ"]},"$x":[{"t":"idOrVar","v":"plural"},"value"]},{"$i":"hours-until-short","$v":{"zero":"ਹੁਣ","other":[{"t":"idOrVar","v":"value"}," ਘੰਟੇ ਵਿੱਚ"]},"$x":[{"t":"idOrVar","v":"plural"},"value"]},{"$i":"days-until-short","$v":{"zero":"ਅੱਜ","other":[{"t":"idOrVar","v":"value"}," ਦਿਨ ਵਿੱਚ"]},"$x":[{"t":"idOrVar","v":"plural"},"value"]},{"$i":"incorrectDate","$v":"(ਗਲਤ ਮਿਤੀ)"},{"$i":"dateTimeFormat_%c","$v":"%a %b %e %Y %I:%M:%S %p"},{"$i":"dateTimeFormat_%x","$v":"%m/%d/%Y"},{"$i":"dateTimeFormat_%X","$v":"%I:%M:%S %p"},{"$i":"shortTimeFormat","$v":"%I:%M %p"},{"$i":"shortTimeFormat12","$v":"%I:%M %p"},{"$i":"shortTimeFormat24","$v":"%H:%M"},{"$i":"shortDateTimeFormat","$v":"%x %I:%M %p"},{"$i":"weekStartsOnMonday","$v":"0"},{"$i":"firstDayOfTheWeek","$v":"0"},{"$i":"time_am","$v":"AM"},{"$i":"time_pm","$v":"PM"}]