[{"$i":"search-or-enter-address","placeholder":"अन्वेषयतु यद्वा संकेतं लिख्यताम्"},{"$i":"delete-title","$v":[{"t":"idOrVar","v":"name"}," अपमर्जतु"]},{"$i":"delete-body","$v":["एतस्य ",{"t":"idOrVar","v":"name"},", अन्यदत्तांशश्च नष्टः भवत्।"]},{"$i":"delete","$v":"लुप्यताम्"},{"$i":"cancel","$v":"निरस्यताम्"},{"$i":"menu","$v":"विकल्पसूचिः"},{"$i":"notifications","$v":"पूर्वसूचनाः"},{"$i":"speed-dial","$v":"त्वरिदाह्वाहनम्"},{"$i":"select","$v":"चिनोतु"},{"$i":"favorite","$v":"इष्टः"},{"$i":"unfavorite","$v":"अप्रियः"},{"$i":"ok","$v":"नुदताम्"},{"$i":"edit","$v":"संपाद्यताम्"},{"$i":"call","$v":"वार्ता"},{"$i":"message","$v":"संदेशः"},{"$i":"options","$v":"विकल्पाः"},{"$i":"assign","$v":"नियोजनम्"},{"$i":"remove","$v":"लुप्यताम्"},{"$i":"replace","$v":"परिवर्त्यताम्"},{"$i":"more","$v":"अधिकम्"},{"$i":"settings","$v":"व्यवस्थापनम्"},{"$i":"contacts","$v":"संपर्काः"},{"$i":"voicemail","$v":"ध्वनिसन्देशः"},{"$i":"speed-dial-not-empty","ariaLabel":[{"t":"idOrVar","v":"order"},", ",{"t":"idOrVar","v":"name"}]},{"$i":"speed-dial-empty","ariaLabel":[{"t":"idOrVar","v":"order"},", रिक्तम्"]},{"$i":"remove-speed-dial","$v":["त्वरिदाह्वाहनात् ",{"t":"idOrVar","v":"name"}," अपाकरणे दृढमनाः अस्ति खलु?"]},{"$i":"replace-speed-dial","$v":[{"t":"idOrVar","v":"name"}," इत्येतत् ",{"t":"idOrVar","v":"subName"}," इत्यनेन परिवर्तयितुं दृढमनाः अस्ति खलु?"]},{"$i":"assign-speed-dial","$v":["बटने स्पीडडायलरूपेण सम्पर्कं संयुक्तं नाभवत् ",{"t":"idOrVar","v":"n"},". अधुना निर्धरयति?"]},{"$i":"assign-voicemail","$v":"वॉयस मेल नंबरं न व्यवस्थापितं कृतम् ।"},{"$i":"alert-for-contacts-without-number","$v":"उपलब्धदूरभाषस्य क्रमाङ्केण सह सम्पर्काः न सन्ति।"},{"$i":"option-remove","$v":"त्वरिदाह्वाहनात् अपाकरोतु"},{"$i":"option-replace","$v":"परिवर्त्यताम्"},{"$i":"all-apps","$v":"सर्वम्-एप्लिकेशनस"},{"$i":"add-to-existing-contact","$v":"अवस्थितसम्पर्केषु योजयतु"},{"$i":"create-new-contact","$v":"नूतनं सम्पर्कं निर्माणं करोतु"},{"$i":"sending","$v":"प्रेषयति …"},{"$i":"callAirplaneModeTitle","$v":"वायुयानमोड सक्रियः"},{"$i":"callAirplaneModeMessage","$v":"आह्वाहनं कर्तुं भवता/भवत्या अभविन्यासे विमानावस्था निष्क्रिया करणीया।"},{"$i":"emergencyDialogTitle","$v":"जालसंकेतं न वर्तते"},{"$i":"emergencyDialogBodyBadNumber","$v":"आह्वाहनं कर्तुं दूरभाषः जालेन सह संयोजितः स्यादेव।"},{"$i":"emergencyDialogBodyDeviceNotAccepted","$v":"जालेन आपत्कालाह्वाहानि न अनुमोदितानि।"},{"$i":"invalidNumberToDialTitle","$v":"अवैधफोनसंख्या"},{"$i":"invalidNumberToDialMessage","$v":"यं क्रमाङ्कं प्रति भवा्न्/भवती आह्वयति, सः अयोग्यः अस्ति।"},{"$i":"emergency-call-only","$v":"केवलम् आपत्कालीनसम्पर्कः"},{"$i":"emergency-call-error","$v":[{"t":"idOrVar","v":"number"}," इति आपत्कालीनः क्रमाङ्कः नास्ति।"]},{"$i":"numberIsBusyTitle","$v":"संख्या व्यस्तमस्ति"},{"$i":"numberIsBusyMessage","$v":"क्रमाङ्कः अधुना व्यस्तः अस्ति। कृपया पुनश्चेष्टितव्यमनन्तरम् ।"},{"$i":"fdnIsActiveTitle","$v":"FDN सक्रियः"},{"$i":"fdnIsActiveMessage","$v":["FDN (फिक्स्ड डायलिंग नंबरस) सक्रियः वर्तते निम्नसंख्या च भवतः FDN सूच्यां नास्ति : ",{"t":"idOrVar","v":"number"}]},{"$i":"otherConnectionInUseTitle","$v":"उपयोगे अन्यकनेक्शनम्"},{"$i":"otherConnectionInUseMessage","$v":"अन्यसंयोजने भवतः/भवत्याः अन्याह्वाहनं सक्रियम् अस्ति। एकस्मिन् समये भवान्/भवती एकमेव संयोजनं प्रयोक्तुं शक्नोति।"},{"$i":"GenericFailure","$v":"सामान्यविफलता"},{"$i":"CallFailed","$v":"आह्वाहनं विफलम्"},{"$i":"scCallBarring","$v":"कॉल प्रतिबंधितम्"},{"$i":"scCallForwarding","$v":"कॉल अग्रेषणम्"},{"$i":"scClip","$v":"आगताह्वानस्य आह्वाहनपरिचयः ID"},{"$i":"scClir","$v":"बहिर्गताह्वानस्य आह्वाहनपरिचयः ID"},{"$i":"scPwd","$v":"कूटसंख्यायाः परिवर्तनम्"},{"$i":"scCallWaiting","$v":"आह्वाहनस्य प्रतीक्षा"},{"$i":"scPin","$v":"PIN परिवर्तनम्"},{"$i":"scPin2","$v":"पिन 2 परिवर्तनम्"},{"$i":"scPuk","$v":"पिन अनवरोधितं करोतु"},{"$i":"scPuk2","$v":"पिन2 अनवरोधितं करोतु"},{"$i":"scImei","$v":"IMEI"},{"$i":"scMeid","$v":"MEID"},{"$i":"scUssd","$v":"USSD"},{"$i":"personal","$v":"व्यक्तिगतम्"},{"$i":"mobile","$v":"चलभाषः"},{"$i":"home","$v":"गृहम्"},{"$i":"work","$v":"कार्यालयम्"},{"$i":"fax-home","$v":"फैक्स गृहम्"},{"$i":"fax-office","$v":"फैक्स कार्यालयः"},{"$i":"fax-other","$v":"फैक्स अन्ये"},{"$i":"homescreen-settings","$v":"गृहस्क्रीन व्यवस्थापनम्"},{"$i":"change-wallpaper","$v":"वॉलपेपर परिवर्तयतु"},{"$i":"add-smart-collections","$v":"स्मार्टसंग्रहः योजयतु"},{"$i":"edit-mode","$v":"संपाद्यताम्"},{"$i":"edit-done","$v":"कृतम्"},{"$i":"stop-download-title","$v":[{"t":"idOrVar","v":"name"}," स्तब्धयतु"]},{"$i":"stop-download-body","$v":"प्रक्रियायाः मध्ये अवारोपणं स्थगयितुम् इच्छति?"},{"$i":"stop-download-action","$v":"विरम्यताम्"},{"$i":"resume-download-title","$v":"डाउनलोड पुनः आरंभं करोतु"},{"$i":"resume-download-body","$v":[{"t":"idOrVar","v":"name"}," अवारोपयितुम् इच्छति?"]},{"$i":"resume-download-action","$v":"अवारोपयतु"},{"$i":"edit-group-header","$v":"समूहं संपाद्यताम्"},{"$i":"tcl-wallpaper-changed","$v":"वॉलपेपरं परिवर्तितम्"},{"$i":"gaia-shortcut-app-updated","$v":"ऎप अपडेटकृतम्"},{"$i":"clocks-updated","$v":"घटिकापडेट"},{"$i":"longDateFormat","$v":"%A, %b %e"},{"$i":"app-title","$v":"मम ऎपस"},{"$i":"app-uninstall","$v":[{"t":"idOrVar","v":"name"}," इत्यस्य स्थापना निषिद्धते"]},{"$i":"confirmation","$v":"अनुमोदनम्"},{"$i":"call-forwarding-async","$v":["अतुल्यकालिक: ",{"t":"idOrVar","v":"async"}]},{"$i":"call-forwarding-data","$v":["विषयः : ",{"t":"idOrVar","v":"data"}]},{"$i":"call-forwarding-error","$v":"कॉल फ़ॉरवर्डिंग स्थिति पुनर्प्राप्तकरणसमये कापि त्रुटिः जाता"},{"$i":"call-forwarding-fax","$v":["FAX: ",{"t":"idOrVar","v":"fax"}]},{"$i":"call-forwarding-inactive","$v":"निष्क्रियः"},{"$i":"call-forwarding-packet","$v":["पैकेट: ",{"t":"idOrVar","v":"packet"}]},{"$i":"call-forwarding-pad","$v":["PAD: ",{"t":"idOrVar","v":"pad"}]},{"$i":"call-forwarding-sms","$v":["SMS: ",{"t":"idOrVar","v":"sms"}]},{"$i":"call-forwarding-status","$v":"कॉल अग्रेषणस्थितिः"},{"$i":"call-forwarding-sync","$v":["तुल्यकालिक: ",{"t":"idOrVar","v":"sync"}]},{"$i":"call-forwarding-voice","$v":["स्वरः : ",{"t":"idOrVar","v":"voice"}]},{"$i":"serviceClassVoice","$v":"ध्वनिः"},{"$i":"serviceClassData","$v":"दत्तांशः"},{"$i":"serviceClassFax","$v":"FAX"},{"$i":"serviceClassSms","$v":"SMS"},{"$i":"serviceClassDataSync","$v":"समायोजिता"},{"$i":"serviceClassDataAsync","$v":"असमायोजिता"},{"$i":"serviceClassPacket","$v":"खण्डः"},{"$i":"serviceClassPad","$v":"PAD"},{"$i":"smServiceEnabled","$v":"सेवा सक्षमा आसीत्"},{"$i":"smServiceDisabled","$v":"सेवा अक्षमा कृता"},{"$i":"smServiceRegistered","$v":"पंजीकरणं सफलम्"},{"$i":"smServiceErased","$v":"मार्जनं सफलमासीत्"},{"$i":"smServiceInterrogated","$v":"अनुरोधं सफलमासीत्"},{"$i":"smServiceNotProvisioned","$v":"सेवा प्रावधाना नास्ति"},{"$i":"smClirPermanent","$v":"भवान् कॉलर ID सेटिंग परिवर्तितुं न शक्यते"},{"$i":"smClirDefaultOnNextCallOn","$v":"पूर्वनियोजितवार्ताकारस्य ID प्रतिबंधितम्। अग्रिमा वार्ता: प्रतिबन्धिता"},{"$i":"smClirDefaultOnNextCallOff","$v":"पूर्वनियोजितवार्ताकारस्य ID प्रतिबंधितम्। अग्रिमा वार्ता: न प्रतिबन्धिता"},{"$i":"smClirDefaultOffNextCallOn","$v":"पूर्वनियोजितवार्ताकारस्य ID न प्रतिबंधितम्। अग्रिमा वार्ता: प्रतिबन्धिता"},{"$i":"smClirDefaultOffNextCallOff","$v":"पूर्वनियोजितवार्ताकारस्य ID न प्रतिबंधितम्। अग्रिमा वार्ता: न प्रतिबन्धिता"},{"$i":"smServiceEnabledFor","$v":"सेवा सक्षमीकृता कृते।"},{"$i":"smPinChanged","$v":"पिन सफलतापूर्वकं परिवर्तीतम्"},{"$i":"smPinUnblocked","$v":"पिन सफलतापूर्वक अनब्लॉककृतम्"},{"$i":"smPin2Changed","$v":"पिन 2 सफलतापूर्वकं परिवर्तितम्"},{"$i":"smPin2Unblocked","$v":"पिन 2 सफलतापूर्वक अनब्लॉककृतम्"},{"$i":"ServiceIsEnabled","$v":"सेवा सक्षमा"},{"$i":"ServiceIsDisabled","$v":"सेवा अक्षमा"},{"$i":"ServiceIsEnabledFor","$v":"सेवा सक्रिया अस्ति कृते :"},{"$i":"emMmiError","$v":"संयोगसमस्या यद्वा अवैध MMI कोड"},{"$i":"emMmiErrorPasswordIncorrect","$v":"त्रुटियुक्तः कूटः"},{"$i":"emMmiErrorNotSupported","$v":"अवैधः यद्वा असमर्थितः MMI कोड"},{"$i":"emMmiErrorInvalidAction","$v":"अवैधकर्म"},{"$i":"emMmiErrorInvalidScCode","$v":"अवैधसेवाकोड"},{"$i":"emMmiErrorBadPuk","$v":"भवता लिखितं PUK सम्यक् नास्ति"},{"$i":"emMmiErrorBadPin","$v":"पुरातनः टङ्कितः PIN मिथ्या अस्ति।"},{"$i":"emMmiErrorNeedPuk2","$v":"सिम कार्डम् अनलॉककर्तुं PUK2 लिख्यताम्"},{"$i":"emMmiErrorMismatchPin","$v":"भवता टाइपकृतं पिन न मिलति"},{"$i":"emMmiErrorInvalidPin","$v":"4 तः 8 संख्यात्मकं पिन लिखतु"},{"$i":"emMmiErrorNeedsPuk","$v":"भवतः सिमकार्ड PUK- लॉक अस्ति"},{"$i":"emMmiErrorEnablePin","$v":"असफलम् । सिम / रियूम लॉक सक्षमं करोतु"},{"$i":"emMmiErrorMmiFdn","$v":"ऑपरेशन फिक्सड डायलिंग संख्यायाः कृते सीमितमस्ति"},{"$i":"emMmiErrorStkCcUssdDial","$v":"DIAL-विनत्यै USSD-विनतिः परिवर्तता"},{"$i":"emMmiErrorStkCcUssdSs","$v":"SS-विनत्यै USSD-विनतिः परिवर्तता"},{"$i":"emMmiErrorStkCcUssdUssd","$v":"नविनायै USSD-विनत्यै USSD-विनतिः परिवर्तता"},{"$i":"emMmiErrorStkCcSsDial","$v":"एसएस अनुरोधं डायल अनुरोधे संशोधितम्"},{"$i":"emMmiErrorStkCcSsUssd","$v":"USSD-विनत्यै SS-विनतिः परिवर्तता"},{"$i":"emMmiErrorStkCcSsSs","$v":"एसएस अनुरोधं नूतनं एसएस अनुरोधे संशोधितम्"},{"$i":"emMmiErrorPinPukAttempts","$v":{"one":["केवलं ",{"t":"idOrVar","v":"n"}," वामतः पुनः प्रयासः करणीयः"],"two":[{"t":"idOrVar","v":"n"}," वामतः पुनः चेष्टां करोति"],"few":[{"t":"idOrVar","v":"n"}," वामतः पुनः चेष्टां करोति"],"many":[{"t":"idOrVar","v":"n"}," वामतः पुनः चेष्टां करोति"],"other":[{"t":"idOrVar","v":"n"}," वामतः पुनः चेष्टां करोति"]},"$x":[{"t":"idOrVar","v":"plural"},"n"]},{"$i":"emMmiErrorSimBlocked","$v":"पुनर्प्रयासस्य अधिकतमसंख्या अतिक्रमणमभवत् । सिम अवरुद्धः"},{"$i":"RadioNotAvailable","$v":"रेडियो उपलब्धः नास्ति"},{"$i":"PasswordIncorrect","$v":"पासकोडत्रुटिः"},{"$i":"SimPin2","$v":"सिम पिन 2"},{"$i":"SimPuk2","$v":"सिम PUK2"},{"$i":"RequestNotSupported","$v":"अनुरोधः समर्थितः न"},{"$i":"OpNotAllowedDuringVoiceCall","$v":"ध्वनिकॉलसमये ऑपरेशनस्य अनुमतिः नास्ति"},{"$i":"SmsSendFailRetry","$v":"SMS प्रेषयितु पुनः प्रयासं करोतु"},{"$i":"SimAbsent","$v":"सिम अनुपस्थितम्"},{"$i":"SubscriptionNotAvailable","$v":"सदस्यता उपलब्धं नास्ति"},{"$i":"ModeNotSupported","$v":"मोड समर्थितं न"},{"$i":"FdnCheckFailure","$v":"FDN चेक विफलता"},{"$i":"IllegalSimOrMe","$v":"अवैध सिम यद्वा ME"},{"$i":"DialModifiedToUssd","$v":"डायल USSD कर्तुं संशोधितम्"},{"$i":"DialModifiedToSs","$v":"डायल SS कर्तुं संशोधितम्"},{"$i":"DialModifiedToDial","$v":"डायल कर्तुं डायल संशोधितम्"},{"$i":"UssdModifiedToDial","$v":"USSD DIAL कर्तुं संशोधितं कृतम्"},{"$i":"UssdModifiedToSs","$v":"USSD SS कर्तुं संशोधितं कृतम्"},{"$i":"UssdModifiedToUssd","$v":"USSD USSD कर्तुं संशोधितं कृतम्"},{"$i":"SsModifiedToDial","$v":"एसएस डायल कर्तुं संशोधितं कृतम्"},{"$i":"SsModifiedToUssd","$v":"SS USSD कर्तुं संशोधितं कृतम्"},{"$i":"SsModifiedToSs","$v":"एसएस संशोधितं भूत्वा एसएस"},{"$i":"SubscriptionNotSupported","$v":"सदस्यता समर्थितं नास्ति"},{"$i":"InvalidParameter","$v":"अविधमापदण्डः"},{"$i":"RejectedByRemote","$v":"रिमोट द्वारा अस्वीकृतम्"},{"$i":"sim-with-index-and-carrier","$v":["सिम ",{"t":"idOrVar","v":"index"}," - ",{"t":"idOrVar","v":"carrier"}]},{"$i":"sim-without-carrier","$v":["सिम  ",{"t":"idOrVar","v":"index"}]},{"$i":"label","$v":"नाम"},{"$i":"faxHome","$v":"फैक्स गृहम्"},{"$i":"faxOffice","$v":"फैक्स कार्यालयः"},{"$i":"faxOther","$v":"फैक्स अन्ये"},{"$i":"another","$v":"अन्ये"},{"$i":"other","$v":"अन्यः"},{"$i":"tcl-customTag","$v":"कस्टम टैग"},{"$i":"customTag","$v":"कस्टम टैग","placeholder":"कस्टम टैग"},{"$i":"current","$v":"साम्प्रतम्"},{"$i":"itemWithLabel","$v":[{"t":"idOrVar","v":"label"},", ",{"t":"idOrVar","v":"item"}]},{"$i":"weekday-0-long","$v":"रविवासरः"},{"$i":"weekday-1-long","$v":"सोमवासरः"},{"$i":"weekday-2-long","$v":"मङ्गलवासरः"},{"$i":"weekday-3-long","$v":"बुधवासरः"},{"$i":"weekday-4-long","$v":"गुरुवासरः"},{"$i":"weekday-5-long","$v":"शुक्रवासरः"},{"$i":"weekday-6-long","$v":"शनिवासरः"},{"$i":"weekday-0-short","$v":"रविः"},{"$i":"weekday-1-short","$v":"सोम"},{"$i":"weekday-2-short","$v":"मंगलवारः"},{"$i":"weekday-3-short","$v":"मेल करनम्"},{"$i":"weekday-4-short","$v":"गुरुवारः"},{"$i":"weekday-5-short","$v":"शुक्र"},{"$i":"weekday-6-short","$v":"उपवेशितम्"},{"$i":"month-0-long","$v":"जनवरी"},{"$i":"month-1-long","$v":"फरवरी"},{"$i":"month-2-long","$v":"मार्च"},{"$i":"month-3-long","$v":"अप्रैल"},{"$i":"month-4-long","$v":"मई"},{"$i":"month-5-long","$v":"जून"},{"$i":"month-6-long","$v":"जुलाई"},{"$i":"month-7-long","$v":"अगस्त"},{"$i":"month-8-long","$v":"सितम्बरः"},{"$i":"month-9-long","$v":"अक्टूबरः"},{"$i":"month-10-long","$v":"नवम्बरः"},{"$i":"month-11-long","$v":"दिसम्बरः"},{"$i":"month-0-genitive","$v":"जनवरी"},{"$i":"month-1-genitive","$v":"फरवरी"},{"$i":"month-2-genitive","$v":"मार्च"},{"$i":"month-3-genitive","$v":"अप्रैल"},{"$i":"month-4-genitive","$v":"मई"},{"$i":"month-5-genitive","$v":"जून"},{"$i":"month-6-genitive","$v":"जुलाई"},{"$i":"month-7-genitive","$v":"अगस्त"},{"$i":"month-8-genitive","$v":"सितम्बरः"},{"$i":"month-9-genitive","$v":"अक्टूबरः"},{"$i":"month-10-genitive","$v":"नवम्बरः"},{"$i":"month-11-genitive","$v":"दिसम्बरः"},{"$i":"month-0-short","$v":"जनवरी"},{"$i":"month-1-short","$v":"फेव"},{"$i":"month-2-short","$v":"मार्च"},{"$i":"month-3-short","$v":"अप्रैल"},{"$i":"month-4-short","$v":"मई"},{"$i":"month-5-short","$v":"जनवरी"},{"$i":"month-6-short","$v":"जुलाई"},{"$i":"month-7-short","$v":"अगस्त"},{"$i":"month-8-short","$v":"सितम्बरः"},{"$i":"month-9-short","$v":"अक्टूबरः"},{"$i":"month-10-short","$v":"नवम्बरः"},{"$i":"month-11-short","$v":"डीईसी"},{"$i":"minutes-ago-long","$v":{"zero":"अधुना","one":"एकमिनट पूर्वम्","two":[{"t":"idOrVar","v":"value"}," मिनिटपूर्वम्"],"few":[{"t":"idOrVar","v":"value"}," मिनिटपूर्वम्"],"many":[{"t":"idOrVar","v":"value"}," मिनिटपूर्वम्"],"other":[{"t":"idOrVar","v":"value"}," मिनिटपूर्वम्"]},"$x":[{"t":"idOrVar","v":"plural"},"value"]},{"$i":"hours-ago-long","$v":{"zero":"अधुना","one":"एकघंटा पूर्वम्","two":[{"t":"idOrVar","v":"value"}," घटिकापूर्वम्"],"few":[{"t":"idOrVar","v":"value"}," घटिकापूर्वम्"],"many":[{"t":"idOrVar","v":"value"}," घटिकापूर्वम्"],"other":[{"t":"idOrVar","v":"value"}," घटिकापूर्वम्"]},"$x":[{"t":"idOrVar","v":"plural"},"value"]},{"$i":"days-ago-long","$v":{"zero":"अद्य","one":"ह्यः","two":[{"t":"idOrVar","v":"value"}," दिनपूर्वम्"],"few":[{"t":"idOrVar","v":"value"}," दिनपूर्वम्"],"many":[{"t":"idOrVar","v":"value"}," दिनपूर्वम्"],"other":[{"t":"idOrVar","v":"value"}," दिनपूर्वम्"]},"$x":[{"t":"idOrVar","v":"plural"},"value"]},{"$i":"weeks-ago-long","$v":{"zero":"अस्मिन् सप्ताहे","one":"ह्यः सप्ताहे","two":[{"t":"idOrVar","v":"value"}," सप्ताहपूर्वम्"],"few":[{"t":"idOrVar","v":"value"}," सप्ताहपूर्वम्"],"many":[{"t":"idOrVar","v":"value"}," सप्ताहपूर्वम्"],"other":[{"t":"idOrVar","v":"value"}," सप्ताहपूर्वम्"]},"$x":[{"t":"idOrVar","v":"plural"},"value"]},{"$i":"months-ago-long","$v":{"zero":"अस्मिन् मासे","one":"ह्यः मासे","two":[{"t":"idOrVar","v":"value"}," मासपूर्वम्"],"few":[{"t":"idOrVar","v":"value"}," मासपूर्वम्"],"many":[{"t":"idOrVar","v":"value"}," मासपूर्वम्"],"other":[{"t":"idOrVar","v":"value"}," मासपूर्वम्"]},"$x":[{"t":"idOrVar","v":"plural"},"value"]},{"$i":"years-ago-long","$v":{"zero":"अस्मिन् वर्षे","one":"ह्यः वर्षे","two":[{"t":"idOrVar","v":"value"}," वर्षपूर्वम्"],"few":[{"t":"idOrVar","v":"value"}," वर्षपूर्वम्"],"many":[{"t":"idOrVar","v":"value"}," वर्षपूर्वम्"],"other":[{"t":"idOrVar","v":"value"}," वर्षपूर्वम्"]},"$x":[{"t":"idOrVar","v":"plural"},"value"]},{"$i":"minutes-until-long","$v":{"zero":"अधुना","one":"एकमिनटमध्ये","two":[{"t":"idOrVar","v":"value"}," निमेषात्मके"],"few":[{"t":"idOrVar","v":"value"}," निमेषात्मके"],"many":[{"t":"idOrVar","v":"value"}," निमेषात्मके"],"other":[{"t":"idOrVar","v":"value"}," निमेषात्मके"]},"$x":[{"t":"idOrVar","v":"plural"},"value"]},{"$i":"hours-until-long","$v":{"zero":"अधुना","one":"एकघंटात्मके","two":[{"t":"idOrVar","v":"value"}," घंटात्मके"],"few":[{"t":"idOrVar","v":"value"}," घंटात्मके"],"many":[{"t":"idOrVar","v":"value"}," घंटात्मके"],"other":[{"t":"idOrVar","v":"value"}," घंटात्मके"]},"$x":[{"t":"idOrVar","v":"plural"},"value"]},{"$i":"days-until-long","$v":{"zero":"अद्य","one":"श्वः","two":[{"t":"idOrVar","v":"value"}," दिनात्मके"],"few":[{"t":"idOrVar","v":"value"}," दिनात्मके"],"many":[{"t":"idOrVar","v":"value"}," दिनात्मके"],"other":[{"t":"idOrVar","v":"value"}," दिनात्मके"]},"$x":[{"t":"idOrVar","v":"plural"},"value"]},{"$i":"weeks-until-long","$v":{"zero":"अस्मिन् सप्ताहे","one":"श्वः सप्ताहे","two":[{"t":"idOrVar","v":"value"}," सप्ताहात्मके"],"few":[{"t":"idOrVar","v":"value"}," सप्ताहात्मके"],"many":[{"t":"idOrVar","v":"value"}," सप्ताहात्मके"],"other":[{"t":"idOrVar","v":"value"}," सप्ताहात्मके"]},"$x":[{"t":"idOrVar","v":"plural"},"value"]},{"$i":"months-until-long","$v":{"zero":"अस्मिन् मासे","one":"श्वः मासे","two":[{"t":"idOrVar","v":"value"}," मासात्मके"],"few":[{"t":"idOrVar","v":"value"}," मासात्मके"],"many":[{"t":"idOrVar","v":"value"}," मासात्मके"],"other":[{"t":"idOrVar","v":"value"}," मासात्मके"]},"$x":[{"t":"idOrVar","v":"plural"},"value"]},{"$i":"years-until-long","$v":{"zero":"अस्मिन् वर्षे","one":"श्वः वर्षे","two":[{"t":"idOrVar","v":"value"}," वर्षात्मके"],"few":[{"t":"idOrVar","v":"value"}," वर्षात्मके"],"many":[{"t":"idOrVar","v":"value"}," वर्षात्मके"],"other":[{"t":"idOrVar","v":"value"}," वर्षात्मके"]},"$x":[{"t":"idOrVar","v":"plural"},"value"]},{"$i":"minutes-ago-short","$v":{"zero":"अधुना","other":[{"t":"idOrVar","v":"value"},"m पूर्वम्"]},"$x":[{"t":"idOrVar","v":"plural"},"value"]},{"$i":"hours-ago-short","$v":{"zero":"अधुना","other":[{"t":"idOrVar","v":"value"},"h पूर्वम्"]},"$x":[{"t":"idOrVar","v":"plural"},"value"]},{"$i":"days-ago-short","$v":{"zero":"अद्य","other":[{"t":"idOrVar","v":"value"},"d पूर्वम्"]},"$x":[{"t":"idOrVar","v":"plural"},"value"]},{"$i":"minutes-until-short","$v":{"zero":"अधुना","other":[{"t":"idOrVar","v":"value"}," m"]},"$x":[{"t":"idOrVar","v":"plural"},"value"]},{"$i":"hours-until-short","$v":{"zero":"अधुना","other":[{"t":"idOrVar","v":"value"}," h"]},"$x":[{"t":"idOrVar","v":"plural"},"value"]},{"$i":"days-until-short","$v":{"zero":"अद्य","other":[{"t":"idOrVar","v":"value"}," d"]},"$x":[{"t":"idOrVar","v":"plural"},"value"]},{"$i":"incorrectDate","$v":"(त्रुटिदिनांकः)"},{"$i":"dateTimeFormat_%c","$v":"%a %b %e %Y %I:%M:%S %p"},{"$i":"dateTimeFormat_%x","$v":"%m/%d/%Y"},{"$i":"dateTimeFormat_%X","$v":"%I:%M:%S %p"},{"$i":"shortTimeFormat","$v":"%I:%M %p"},{"$i":"shortTimeFormat12","$v":"%I:%M %p"},{"$i":"shortTimeFormat24","$v":"%H:%M"},{"$i":"shortDateTimeFormat","$v":"%x %I:%M %p"},{"$i":"weekStartsOnMonday","$v":"0"},{"$i":"firstDayOfTheWeek","$v":"0"},{"$i":"time_am","$v":"AM"},{"$i":"time_pm","$v":"PM"}]