[{"$i":"search-or-enter-address","placeholder":"ᱥᱮᱸᱫᱨᱟ ᱟᱨᱵᱟᱝᱠᱷᱟᱱ ᱟᱫᱮᱨ ᱢᱮ ᱴᱟᱸᱣ"},{"$i":"delete-title","$v":[{"t":"idOrVar","v":"name"}," ᱢᱮᱴᱟᱣ"]},{"$i":"delete-body","$v":[{"t":"idOrVar","v":"name"}," ᱟᱨ ᱡᱚᱛᱚᱚ ᱱᱚᱣᱟ ᱰᱮᱴᱟ ᱫᱚ ᱢᱮᱴᱟᱜ-ᱟ."]},{"$i":"delete","$v":"ᱢᱮᱴᱟᱣ"},{"$i":"cancel","$v":"ᱢᱩᱪᱮᱫ"},{"$i":"menu","$v":"ᱢᱮᱱᱩ"},{"$i":"notifications","$v":"ᱥᱚᱱᱛᱚᱨᱚᱜᱽ"},{"$i":"speed-dial","$v":"ᱛᱟᱯᱤᱥ ᱰᱟᱭᱤᱞ"},{"$i":"select","$v":"ᱵᱟᱪᱷᱟᱣ"},{"$i":"favorite","$v":"ᱠᱷᱩᱥᱤᱭᱟᱜ"},{"$i":"unfavorite","$v":"ᱵᱟᱝ ᱠᱷᱩᱥᱤᱭᱟᱜ"},{"$i":"ok","$v":"ᱴᱤᱠ"},{"$i":"edit","$v":"ᱟᱨᱩ"},{"$i":"call","$v":"ᱠᱚᱞ"},{"$i":"message","$v":"ᱠᱷᱚᱵᱚᱨ"},{"$i":"options","$v":"ᱵᱤᱠᱟᱞᱚᱯ"},{"$i":"assign","$v":"ᱮᱢ ᱟᱠᱟᱱᱟ"},{"$i":"remove","$v":"ᱚᱪᱚᱜ"},{"$i":"replace","$v":"ᱜᱷᱩᱨᱮ ᱛᱮ ᱫᱚᱦᱚ"},{"$i":"more","$v":"ᱵᱟᱲᱛᱤ"},{"$i":"settings","$v":"ᱥᱮᱴᱤᱸᱜ"},{"$i":"contacts","$v":"ᱡᱚᱜᱟᱡᱳᱜᱠᱚ"},{"$i":"voicemail","$v":"ᱟᱲᱟᱝᱢᱮᱞ"},{"$i":"speed-dial-not-empty","ariaLabel":[{"t":"idOrVar","v":"order"},", ",{"t":"idOrVar","v":"name"}]},{"$i":"speed-dial-empty","ariaLabel":[{"t":"idOrVar","v":"order"},", ᱠᱷᱟᱞᱤ"]},{"$i":"remove-speed-dial","$v":["ᱪᱤᱛ ᱟᱢ ᱥᱟᱨᱤ ᱛᱮ ",{"t":"idOrVar","v":"name"}," ᱠᱷᱚᱱ ᱛᱟᱯᱤᱥ ᱰᱟᱭᱤᱞ ᱚᱪᱚᱜ ᱥᱟᱱᱟᱭᱮᱜ ᱢᱮᱭᱟ ?"]},{"$i":"replace-speed-dial","$v":["ᱪᱤᱛ ᱟᱢ ᱥᱟᱨᱤ ᱛᱮ ",{"t":"idOrVar","v":"name"}," ᱥᱚᱛᱮᱜ ",{"t":"idOrVar","v":"subName"}," ᱢᱮᱱᱟᱜ ᱪᱮᱛᱟᱱ ᱨᱮ ᱫᱚᱦᱚ ᱥᱟᱱᱟᱭᱮᱜ ᱢᱮᱭᱟ?"]},{"$i":"assign-speed-dial","$v":["ᱡᱚᱜᱟᱡᱳᱜ ᱫᱚ ᱵᱟᱝ ᱥᱮᱞᱮᱫ ᱟᱠᱟᱱᱟ ᱛᱟᱯᱤᱥ ᱰᱟᱭᱤᱞ ᱵᱚᱴᱚᱱ ᱨᱮ ",{"t":"idOrVar","v":"n"},". ᱧᱤᱛ ᱮᱢ ᱟᱠᱟᱱᱟ?"]},{"$i":"assign-voicemail","$v":"ᱟᱲᱟᱝ ᱢᱮᱞ ᱞᱮᱠᱷᱟ ᱫᱚ ᱵᱟᱝ ᱠᱩᱞ ᱟᱠᱟᱱᱟ."},{"$i":"alert-for-contacts-without-number","$v":"ᱧᱟᱢᱚᱜᱟᱜ ᱯᱷᱚᱱ ᱱᱟᱢᱵᱟᱨ ᱥᱟᱸᱣ ᱡᱟᱦᱟᱱ ᱥᱚᱢᱯᱚᱠ ᱠᱚ ᱵᱟᱹᱱᱩᱜ ᱟ."},{"$i":"option-remove","$v":"ᱛᱟᱯᱤᱥ ᱰᱟᱭᱤᱞ ᱠᱷᱚᱱ ᱚᱪᱚᱜ"},{"$i":"option-replace","$v":"ᱜᱷᱩᱨᱮ ᱛᱮ ᱫᱚᱦᱚ"},{"$i":"all-apps","$v":"ᱡᱚᱛᱚ ᱮᱯᱞᱤᱠᱮᱥᱚ"},{"$i":"add-to-existing-contact","$v":"ᱢᱮᱱᱟᱜ ᱡᱚᱜᱟᱡᱳᱜ ᱨᱮ ᱥᱮᱞᱮᱫ"},{"$i":"create-new-contact","$v":"ᱱᱟᱣᱟ ᱠᱷᱟᱛᱟ ᱵᱤᱱᱟᱣ"},{"$i":"sending","$v":"ᱠᱩᱞᱩᱜ ᱠᱟᱱᱟ..."},{"$i":"callAirplaneModeTitle","$v":"ᱩᱰᱮᱜ ᱜᱟᱰᱤ ᱚᱵᱚᱥᱛᱟ ᱥᱚᱠᱪᱷᱚᱢ ᱟᱠᱟᱬᱟ"},{"$i":"callAirplaneModeMessage","$v":"ᱠᱚᱞ ᱞᱟᱜᱤᱫ ᱟᱢ ᱫᱚ ᱩᱰᱮᱜᱜᱟᱰᱤ ᱚᱵᱚᱥᱛᱟ ᱚᱥᱚᱠᱪᱷᱚᱢ ᱦᱩᱭᱩᱜ ᱛᱟᱢᱟ ᱨᱮᱴᱤᱸᱜ ᱨᱮ."},{"$i":"emergencyDialogTitle","$v":"ᱱᱮᱴᱣᱟᱨᱠ ᱡᱩᱲᱟᱣ ᱵᱟᱱᱩᱜ-ᱟ"},{"$i":"emergencyDialogBodyBadNumber","$v":"ᱠᱚᱞ ᱞᱟᱜᱤᱫ ᱟᱢ ᱫᱚ, ᱱᱮᱴᱣᱟᱨᱠ ᱨᱮ ᱯᱷᱹᱚᱱ ᱡᱩᱲᱟᱣ ᱞᱟᱜᱛᱤᱣᱟᱢᱟ."},{"$i":"emergencyDialogBodyDeviceNotAccepted","$v":"ᱱᱚᱣᱟ ᱱᱮᱴᱣᱟᱨᱠ ᱫᱟᱨᱟᱭ ᱛᱮ ᱫᱚ ᱦᱚᱴᱟᱡ ᱠᱚᱞ ᱨᱩᱣᱮᱲ ᱫᱚ ᱵᱟᱭ ᱢᱟᱱᱟᱣᱟ."},{"$i":"invalidNumberToDialTitle","$v":"ᱯᱷᱹᱚᱱ ᱞᱮᱠᱷᱟ ᱵᱟᱝ ᱜᱟᱱᱚᱜ"},{"$i":"invalidNumberToDialMessage","$v":"ᱟᱢ ᱠᱚᱞᱮᱜ ᱠᱟᱱ ᱯᱷᱹᱚᱱ ᱞᱮᱠᱷᱟ ᱫᱚ ᱵᱷᱩᱞ ᱜᱮᱭᱟ."},{"$i":"emergency-call-only","$v":"ᱦᱚᱴᱟᱡ ᱠᱚᱞ ᱮᱠᱮᱱ"},{"$i":"emergency-call-error","$v":[{"t":"idOrVar","v":"number"}," ᱱᱚᱣᱟ ᱫᱚ ᱦᱚᱴᱟᱡ ᱞᱮᱠᱷᱟ ᱵᱟᱝ ᱠᱟᱱᱟ."]},{"$i":"numberIsBusyTitle","$v":"ᱞᱮᱠᱷᱟ ᱫᱚ ᱵᱮᱛᱚᱜ ᱜᱮᱭᱟ"},{"$i":"numberIsBusyMessage","$v":"ᱱᱚᱣᱟ ᱞᱮᱠᱷᱟ ᱫᱚ ᱦᱟᱞᱤ ᱨᱮ ᱵᱮᱥᱛᱚ ᱜᱮᱭᱟ. ᱱᱮᱦᱚᱨ ᱯᱚᱨᱮ ᱛᱮ ᱫᱚᱦᱚᱲᱟ ᱠᱩᱨᱩᱢᱩᱴᱩᱭ ᱢᱮ."},{"$i":"fdnIsActiveTitle","$v":"FDN ᱚᱠᱪᱷᱚᱢ ᱜᱮᱭᱟ"},{"$i":"fdnIsActiveMessage","$v":["FDN (ᱜᱚᱴᱟ ᱟᱠᱟᱫ ᱰᱟᱭᱞ ᱞᱮᱠᱷᱟ ᱠᱚ) ᱫᱚ ᱥᱚᱠᱪᱷᱚᱢ ᱟᱠᱟᱱᱟ ᱟᱨ ᱯᱚᱸᱱᱟ ᱟᱠᱟᱫ ᱞᱮᱠᱷᱟ ᱫᱚ ᱵᱟᱱᱩᱜ-ᱟ ᱟᱢᱟᱜ FDN ᱩᱱᱩᱫᱩᱜ ᱨᱮ: ",{"t":"idOrVar","v":"number"}]},{"$i":"otherConnectionInUseTitle","$v":"ᱮᱴᱟᱜ ᱡᱩᱲᱟᱣ ᱨᱮ ᱵᱮᱵᱷᱟᱨᱚᱜ ᱠᱟᱱᱟ"},{"$i":"otherConnectionInUseMessage","$v":"ᱟᱢ ᱴᱮᱱ ᱫᱚ ᱥᱚᱠᱪᱷᱚᱢ ᱠᱚᱞ ᱢᱮᱱᱟᱜ-ᱟ ᱮᱴᱟᱜ ᱡᱩᱲᱟᱣ ᱠᱷᱚᱱ. ᱟᱢ ᱫᱚ ᱢᱤᱛ ᱚᱠᱛᱮ ᱨᱮ ᱮᱠᱮᱱ ᱢᱤᱛ ᱡᱩᱲᱟᱣ ᱜᱮᱢ ᱵᱮᱵᱷᱟᱨ ᱫᱟᱲᱤᱭᱟᱜ-ᱟ"},{"$i":"GenericFailure","$v":"ᱟᱥᱚᱞᱟᱜ ᱫᱚ ᱰᱤᱜᱷᱮᱣᱱᱟ"},{"$i":"CallFailed","$v":"ᱠᱚᱞ ᱰᱤᱜᱟᱹᱣᱮᱱᱟ"},{"$i":"scCallBarring","$v":"ᱠᱚᱞ ᱵᱟᱨᱚᱱᱟᱜ"},{"$i":"scCallForwarding","$v":"ᱠᱚᱞ ᱰᱷᱤᱴᱚᱜ ᱠᱟᱱᱟ"},{"$i":"scClip","$v":"ᱫᱟᱨᱟᱭ ᱠᱟᱱ ᱠᱚᱞᱚᱨ ID"},{"$i":"scClir","$v":"ᱵᱟᱦᱨᱮ ᱪᱟᱞᱟᱜ ᱠᱟᱱᱟ ᱠᱚᱞᱚᱨ ID"},{"$i":"scPwd","$v":"ᱯᱟᱥᱣᱟᱨᱰ ᱵᱚᱫᱚᱞ"},{"$i":"scCallWaiting","$v":"ᱠᱚᱞ ᱛᱟᱝᱜᱤ"},{"$i":"scPin","$v":"PIN ᱵᱚᱫᱚᱞ"},{"$i":"scPin2","$v":"PIN2 ᱵᱚᱫᱚᱞ"},{"$i":"scPuk","$v":"PIN ᱵᱟᱝ ᱵᱟᱨᱚᱱᱟᱜ"},{"$i":"scPuk2","$v":"PIN2 ᱵᱟᱝ ᱵᱟᱨᱚᱱᱟᱜ"},{"$i":"scImei","$v":"IMEI"},{"$i":"scMeid","$v":"MEID"},{"$i":"scUssd","$v":"USSD"},{"$i":"personal","$v":"ᱟᱯᱱᱟᱨ"},{"$i":"mobile","$v":"ᱢᱳᱵᱟᱭᱤᱞ"},{"$i":"home","$v":"ᱚᱲᱟᱜ"},{"$i":"work","$v":"ᱠᱟᱹᱢᱤ"},{"$i":"fax-home","$v":"ᱚᱲᱟᱜ ᱯᱷᱹᱮᱠᱥ"},{"$i":"fax-office","$v":"ᱠᱟᱨᱭᱟᱞᱚ ᱯᱷᱹᱮᱠᱥ"},{"$i":"fax-other","$v":"ᱮᱴᱟᱜ ᱯᱷᱹᱮᱠᱥ"},{"$i":"homescreen-settings","$v":"ᱚᱲᱟᱜᱤᱥᱠᱨᱤᱱ ᱥᱮᱴᱤᱸᱜ"},{"$i":"change-wallpaper","$v":"ᱣᱟᱞᱯᱮᱯᱚᱨ ᱵᱚᱫᱚᱞ"},{"$i":"add-smart-collections","$v":"ᱮᱢᱟᱨᱴ ᱡᱚᱨᱣᱟᱣᱟᱜ ᱥᱮᱞᱮᱫ"},{"$i":"edit-mode","$v":"ᱟᱨᱩ"},{"$i":"edit-done","$v":"ᱦᱚᱭᱱᱟ"},{"$i":"stop-download-title","$v":["ᱛᱷᱤᱨ ᱢᱮ ",{"t":"idOrVar","v":"name"}]},{"$i":"stop-download-body","$v":"ᱪᱤᱫ ᱟᱢ ᱰᱟᱩᱱᱞᱳᱰ ᱞᱟᱦᱟ ᱠᱟᱱᱟᱜ ᱛᱤᱸᱜᱩ ᱥᱟᱱᱟᱭᱮᱜ ᱢᱮᱭᱟ?"},{"$i":"stop-download-action","$v":"ᱛᱤᱸᱜᱩ"},{"$i":"resume-download-title","$v":"ᱰᱟᱩᱱᱞᱳᱰ ᱮᱦᱚᱵ ᱫᱚᱦᱚᱲᱟ"},{"$i":"resume-download-body","$v":["ᱪᱤᱫ ᱟᱢ ",{"t":"idOrVar","v":"name"}," ᱰᱟᱩᱱᱞᱳᱰ ᱥᱟᱱᱟᱭᱮᱜ ᱢᱮᱭᱟ?"]},{"$i":"resume-download-action","$v":"ᱟᱹᱛᱩᱨ ᱟᱸᱲᱜᱚ"},{"$i":"edit-group-header","$v":"ᱜᱩᱥᱴᱤᱟᱨᱩ"},{"$i":"tcl-wallpaper-changed","$v":"ᱣᱟᱞᱯᱮᱯᱚᱨ ᱵᱚᱫᱚᱞ ᱟᱠᱟᱱᱟ"},{"$i":"gaia-shortcut-app-updated","$v":"ᱮᱯᱞᱤᱠᱮᱥᱚᱱ ᱱᱟᱣᱟ ᱟᱠᱟᱱᱟ"},{"$i":"clocks-updated","$v":"ᱜᱷᱩᱲᱤ ᱱᱟᱣᱟ ᱟᱠᱟᱱᱟ"},{"$i":"longDateFormat","$v":"%A, %b %e"},{"$i":"app-title","$v":"ᱤᱧᱮᱜ ᱮᱯᱞᱤᱠᱮᱥᱚᱱ ᱠᱚ"},{"$i":"app-uninstall","$v":[{"t":"idOrVar","v":"name"}," ᱚᱵᱟᱦᱟᱹᱞ ᱟᱠᱟᱱᱟ"]},{"$i":"confirmation","$v":"ᱜᱚᱴᱟᱜ ᱠᱟᱱᱟ"},{"$i":"call-forwarding-async","$v":["ᱮᱥᱤᱸᱜᱠᱨᱳᱱᱟᱭᱤᱡ: ",{"t":"idOrVar","v":"async"}]},{"$i":"call-forwarding-data","$v":["ᱰᱮᱴᱟ: ",{"t":"idOrVar","v":"data"}]},{"$i":"call-forwarding-error","$v":"ᱠᱚᱞ ᱰᱷᱤᱛᱚᱜ ᱚᱵᱚᱥᱛᱟ ᱧᱟᱢ ᱟᱨᱩ ᱟᱠᱛᱮ ᱨᱮ ᱵᱷᱩᱞᱟᱜ ᱧᱟᱢ ᱟᱠᱟᱱᱟ"},{"$i":"call-forwarding-fax","$v":["FAX: ",{"t":"idOrVar","v":"fax"}]},{"$i":"call-forwarding-inactive","$v":"ᱚᱥᱚᱠᱪᱷᱚᱢ"},{"$i":"call-forwarding-packet","$v":["ᱜᱷᱮᱸᱴ: ",{"t":"idOrVar","v":"packet"}]},{"$i":"call-forwarding-pad","$v":["PAD: ",{"t":"idOrVar","v":"pad"}]},{"$i":"call-forwarding-sms","$v":["SMS: ",{"t":"idOrVar","v":"sms"}]},{"$i":"call-forwarding-status","$v":"ᱠᱚᱞ ᱰᱷᱤᱴᱚᱨ ᱚᱵᱚᱥᱛᱟ"},{"$i":"call-forwarding-sync","$v":["ᱥᱤᱸᱜᱠᱨᱳᱱᱚᱣᱟᱥ: ",{"t":"idOrVar","v":"sync"}]},{"$i":"call-forwarding-voice","$v":["ᱟᱲᱟᱝ ",{"t":"idOrVar","v":"voice"}]},{"$i":"serviceClassVoice","$v":"ᱟᱲᱟᱝ"},{"$i":"serviceClassData","$v":"ᱰᱮᱴᱟ"},{"$i":"serviceClassFax","$v":"FAX"},{"$i":"serviceClassSms","$v":"SMS"},{"$i":"serviceClassDataSync","$v":"ᱥᱤᱸᱜᱠᱨᱳᱱᱟᱭᱤᱡ"},{"$i":"serviceClassDataAsync","$v":"ᱚᱥᱤᱸᱜᱠᱨᱳᱱᱟᱭᱤᱡ"},{"$i":"serviceClassPacket","$v":"ᱯᱚᱠᱮᱴ"},{"$i":"serviceClassPad","$v":"PAD"},{"$i":"smServiceEnabled","$v":"ᱥᱮᱣᱟ ᱫᱚ ᱥᱚᱠᱪᱷᱚᱢ ᱟᱠᱟᱱᱟ"},{"$i":"smServiceDisabled","$v":"ᱥᱮᱣᱟ ᱫᱚ ᱚᱥᱚᱠᱪᱷᱚᱢ ᱟᱠᱟᱱᱟ"},{"$i":"smServiceRegistered","$v":"ᱚᱞ ᱩᱪᱩ ᱫᱚ ᱱᱟᱯᱟᱭ ᱛᱮ ᱥᱮᱛ ᱟᱠᱟᱱᱟ"},{"$i":"smServiceErased","$v":"ᱱᱟᱯᱟᱭ ᱛᱮ ᱢᱮᱴᱟᱣ"},{"$i":"smServiceInterrogated","$v":"ᱱᱮᱦᱚᱨᱟᱜ ᱫᱚ ᱱᱟᱯᱟᱭ ᱛᱮ ᱥᱮᱛ ᱟᱠᱟᱱᱟ"},{"$i":"smServiceNotProvisioned","$v":"ᱥᱮᱣᱟ ᱫᱚ ᱞᱮᱜᱟ ᱞᱟᱜᱤᱫ ᱵᱟᱱᱩᱜ-ᱟ"},{"$i":"smClirPermanent","$v":"ᱟᱢ ᱫᱚ ᱵᱟᱝ ᱮᱢ ᱵᱚᱫᱚᱞ ᱫᱟᱲᱤᱭᱜ-ᱟ ᱠᱚᱞᱚᱨ ID ᱥᱮᱴᱤᱸᱜ"},{"$i":"smClirDefaultOnNextCallOn","$v":"ᱠᱚᱞᱚᱨ ID ᱟᱥᱚᱞᱟᱜ ᱫᱚ ᱵᱟᱨᱚᱱ ᱜᱮᱭᱟ. ᱫᱟᱨᱟᱭ ᱠᱟᱱᱟ ᱠᱚᱞ: ᱵᱟᱨᱚᱱ"},{"$i":"smClirDefaultOnNextCallOff","$v":"ᱠᱚᱞᱚᱨ ID ᱟᱥᱚᱞᱟᱜ ᱫᱚ ᱵᱟᱨᱚᱱ ᱜᱮᱭᱟ. ᱫᱟᱨᱟᱭ ᱠᱟᱱᱟ ᱠᱚᱞ: ᱵᱟᱝ ᱵᱟᱨᱚᱱᱟᱜ"},{"$i":"smClirDefaultOffNextCallOn","$v":"ᱠᱚᱞᱚᱨ ID ᱟᱥᱚᱞᱟᱜ ᱫᱚ ᱵᱟᱝ ᱵᱟᱨᱚᱱᱟ. ᱫᱟᱨᱟᱭ ᱠᱟᱱᱟ ᱠᱚᱞ: ᱵᱟᱨᱚᱱ"},{"$i":"smClirDefaultOffNextCallOff","$v":"ᱠᱚᱞᱚᱨ ID ᱟᱥᱚᱞᱟᱜ ᱫᱚ ᱵᱟᱝ ᱵᱟᱨᱚᱱᱟ. ᱫᱟᱨᱟᱭ ᱠᱟᱱᱟ ᱠᱚᱞ: ᱵᱟᱝ ᱵᱟᱨᱚᱱᱟᱜ"},{"$i":"smServiceEnabledFor","$v":"ᱥᱮᱣᱟ ᱫᱚ ᱥᱚᱪᱷᱚᱢ ᱜᱮᱭᱟ:"},{"$i":"smPinChanged","$v":"PIN ᱫᱚ ᱱᱟᱯᱟᱭ ᱛᱮ ᱵᱚᱫᱚᱞ ᱟᱠᱟᱱᱟ"},{"$i":"smPinUnblocked","$v":"PIN ᱫᱚ ᱱᱟᱯᱟᱭ ᱛᱮ ᱠᱩᱞᱩᱯ ᱡᱷᱤᱡ ᱟᱠᱟᱱᱟ"},{"$i":"smPin2Changed","$v":"PIN2 ᱱᱟᱯᱟᱣ ᱛᱮ ᱵᱚᱫᱚᱞ ᱟᱠᱟᱱᱟ"},{"$i":"smPin2Unblocked","$v":"PIN2 ᱱᱟᱯᱟᱭ ᱛᱮ ᱠᱩᱞᱩ ᱡᱷᱤᱡ ᱟᱠᱟᱱᱟ"},{"$i":"ServiceIsEnabled","$v":"ᱥᱮᱣᱟ ᱫᱚ ᱥᱚᱠᱪᱷᱚᱢ ᱜᱮᱭᱟ"},{"$i":"ServiceIsDisabled","$v":"ᱥᱮᱣᱟ ᱫᱚ ᱚᱥᱚᱠᱪᱷᱚᱢ ᱜᱮᱭᱟ"},{"$i":"ServiceIsEnabledFor","$v":"ᱥᱮᱣᱟ ᱥᱚᱠᱪᱷᱚᱢ ᱞᱟᱜᱤᱫ:"},{"$i":"emMmiError","$v":"ᱡᱩᱲᱟᱣ ᱨᱮ ᱢᱩᱥᱠᱤᱞ ᱟᱨᱵᱟᱝᱠᱷᱟᱱ ᱵᱟᱝ ᱜᱟᱱᱚᱜ MMI ᱠᱳᱰ"},{"$i":"emMmiErrorPasswordIncorrect","$v":"ᱯᱟᱥᱣᱟᱨᱰ ᱵᱷᱩᱞᱟᱜ ᱜᱮᱭᱟ"},{"$i":"emMmiErrorNotSupported","$v":"ᱵᱟᱝ ᱜᱟᱱᱚ ᱟᱨᱵᱟᱝᱠᱷᱟᱱ ᱵᱟᱭ ᱜᱚᱲᱚᱜ-ᱟ MMI ᱠᱟᱨᱰ"},{"$i":"emMmiErrorInvalidAction","$v":"ᱜᱷᱟᱛ ᱵᱟᱝ ᱜᱟᱱᱚᱜ"},{"$i":"emMmiErrorInvalidScCode","$v":"ᱥᱮᱣᱟ ᱠᱳᱰ ᱵᱟᱝ ᱜᱟᱱᱚᱜ"},{"$i":"emMmiErrorBadPuk","$v":"ᱱᱚᱣᱟ PUK ᱟᱢ ᱚᱞᱟᱜ ᱫᱚ ᱵᱟᱝ ᱥᱩᱦᱤᱭᱟᱜ"},{"$i":"emMmiErrorBadPin","$v":"ᱱᱚᱣᱟ ᱢᱟᱨᱤ PIN ᱟᱢ ᱚᱞᱟᱜ ᱫᱚ ᱵᱷᱩᱞ ᱜᱮᱭᱟ."},{"$i":"emMmiErrorNeedPuk2","$v":"SIM ᱠᱟᱨᱰ ᱡᱷᱤᱡ ᱞᱟᱜᱤᱫ ᱚᱞ ᱢᱮ PUK2"},{"$i":"emMmiErrorMismatchPin","$v":"ᱱᱚᱣᱟ PIN ᱠᱚ ᱟᱢ ᱚᱞ ᱟᱠᱟᱫᱟᱜ ᱫᱚ ᱵᱟᱝ ᱡᱩᱲᱤ ᱞᱮᱱᱟ"},{"$i":"emMmiErrorInvalidPin","$v":"ᱚᱞ ᱢᱮ PIN ᱡᱟᱦᱟ ᱫᱚ 4 ᱠᱷᱚᱱ 8 ᱞᱮᱠᱷᱟ ᱠᱚ"},{"$i":"emMmiErrorNeedsPuk","$v":"ᱟᱢᱟᱜ SIM ᱠᱟᱨᱰ ᱨᱮᱭᱟᱜ PUK ᱠᱩᱞᱩᱯ ᱟᱠᱟᱱᱟ"},{"$i":"emMmiErrorEnablePin","$v":"ᱵᱟᱝᱥᱮᱛᱟᱜ. SIM/RUIM ᱠᱩᱞᱩᱯ ᱥᱚᱠᱪᱷᱚᱢ"},{"$i":"emMmiErrorMmiFdn","$v":"ᱠᱟᱹᱢᱤᱦᱚᱨᱟ ᱫᱚ ᱵᱟᱨᱚᱱ ᱟᱠᱟᱱᱟ ᱮᱠᱮᱱ ᱜᱚᱴᱟ ᱟᱠᱟᱫ ᱞᱮᱠᱷᱟ ᱠᱚ ᱨᱮ"},{"$i":"emMmiErrorStkCcUssdDial","$v":"USSD ᱱᱮᱦᱚᱨ ᱫᱚ ᱟᱹᱨᱩ ᱟᱠᱟᱱᱟ  DIAL ᱱᱮᱦᱚᱨ ᱞᱟᱜᱤᱫ"},{"$i":"emMmiErrorStkCcUssdSs","$v":"USSD ᱱᱮᱦᱚᱨ ᱫᱚ ᱟᱹᱨᱩ ᱟᱠᱟᱱᱟ  SS ᱱᱮᱦᱚᱨ ᱞᱟᱜᱤᱫ"},{"$i":"emMmiErrorStkCcUssdUssd","$v":"USSD ᱱᱮᱦᱚᱨ ᱫᱟᱭ ᱱᱟᱣᱟ USSD ᱱᱮᱦᱚᱨ ᱟᱹᱨᱩ ᱞᱟᱜᱤᱫ."},{"$i":"emMmiErrorStkCcSsDial","$v":"SS ᱰᱟᱭᱤᱞᱟᱜ ᱱᱮᱦᱚᱨ ᱟᱠᱟᱫ ᱟᱹᱨᱩ ᱞᱟᱜᱤᱫ ᱱᱮᱦᱚᱨ"},{"$i":"emMmiErrorStkCcSsUssd","$v":"SS ᱱᱮᱦᱚᱨ ᱫᱚ ᱟᱹᱨᱩ ᱟᱠᱟᱱᱟ  USSD ᱱᱮᱦᱚᱨ ᱞᱟᱜᱤᱫ"},{"$i":"emMmiErrorStkCcSsSs","$v":"SS ᱱᱟᱣᱟ SS ᱱᱮᱦᱚᱨ ᱞᱟᱜᱤᱫ ᱱᱮᱦᱚᱨᱟᱜ ᱟᱹᱨᱩ"},{"$i":"emMmiErrorPinPukAttempts","$v":{"one":["ᱮᱠᱮᱱ ",{"t":"idOrVar","v":"n"}," ᱞᱮᱜᱟ ᱵᱟᱸᱪᱟᱣ ᱟᱠᱟᱱᱟ"],"two":[{"t":"idOrVar","v":"n"}," ᱵᱟᱪᱷᱟᱣ ᱟᱠᱟᱠᱱᱟᱜ"],"few":[{"t":"idOrVar","v":"n"}," ᱵᱟᱪᱷᱟᱣ ᱟᱠᱟᱠᱱᱟᱜ"],"many":[{"t":"idOrVar","v":"n"}," ᱵᱟᱪᱷᱟᱣ ᱟᱠᱟᱠᱱᱟᱜ"],"other":[{"t":"idOrVar","v":"n"}," ᱵᱟᱪᱷᱟᱣ ᱟᱠᱟᱠᱱᱟᱜ"]},"$x":[{"t":"idOrVar","v":"plural"},"n"]},{"$i":"emMmiErrorSimBlocked","$v":"ᱵᱟᱲᱛᱤ ᱠᱷᱚᱱ ᱵᱟᱲᱛᱤ ᱪᱷᱩᱴᱤ ᱫᱚ ᱯᱟᱨᱚᱢ ᱟᱠᱟᱫᱟ. SIM ᱫᱚ ᱵᱟᱨᱚᱱ ᱟᱠᱟᱱᱟ"},{"$i":"RadioNotAvailable","$v":"ᱨᱮᱰᱤᱭᱳ ᱫᱚ ᱵᱟᱝ ᱧᱟᱢᱚᱜ-ᱟ"},{"$i":"PasswordIncorrect","$v":"ᱯᱟᱥᱣᱟᱨᱰ ᱫᱚ ᱵᱷᱩᱜ ᱜᱮᱭᱟ"},{"$i":"SimPin2","$v":"SIM PIN2"},{"$i":"SimPuk2","$v":"SIM PUK2"},{"$i":"RequestNotSupported","$v":"ᱱᱮᱦᱚᱨᱟᱜ ᱟᱠᱫᱟᱜ ᱫᱚ ᱵᱟᱭ ᱜᱚᱲᱚᱜ-ᱟ"},{"$i":"OpNotAllowedDuringVoiceCall","$v":"ᱠᱟᱹᱢᱤᱦᱚᱨᱟ ᱫᱚ ᱵᱟᱝ ᱢᱟᱱᱟᱜ-ᱟ ᱟᱲᱟᱝ ᱠᱚᱞ ᱚᱠᱛᱮ ᱨᱮ"},{"$i":"SmsSendFailRetry","$v":"SMS send fail retry"},{"$i":"SimAbsent","$v":"SIM ᱵᱟᱱᱩᱜ-ᱟ"},{"$i":"SubscriptionNotAvailable","$v":"ᱵᱟᱝ ᱧᱟᱢᱚᱜ ᱠᱟᱱᱟ ᱢᱮᱢᱵᱚᱨ"},{"$i":"ModeNotSupported","$v":"ᱢᱳᱰ ᱫᱚ ᱵᱟᱭ ᱜᱚᱲᱚᱜ-ᱟ"},{"$i":"FdnCheckFailure","$v":"FDN ᱧᱮᱞ ᱫᱚ ᱰᱤᱜᱷᱮᱣ ᱟᱠᱟᱱᱟ"},{"$i":"IllegalSimOrMe","$v":"ᱚᱠᱟᱱᱩᱱ SIM ᱟᱨᱵᱟᱝᱠᱷᱟᱱ ME"},{"$i":"DialModifiedToUssd","$v":"USSD ᱞᱟᱜᱤᱫ ᱰᱟᱭᱤᱞ ᱟᱹᱨᱩ ᱟᱠᱟᱱᱟ"},{"$i":"DialModifiedToSs","$v":"SS ᱞᱟᱜᱤᱫ ᱰᱟᱭᱤᱞ ᱟᱹᱨᱩ ᱟᱠᱟᱱᱟ"},{"$i":"DialModifiedToDial","$v":"ᱰᱟᱭᱤᱞ ᱞᱟᱜᱤᱫ ᱰᱟᱭᱤᱞ ᱟᱹᱨᱩ ᱟᱠᱟᱱᱟ"},{"$i":"UssdModifiedToDial","$v":"USSD ᱰᱟᱭᱤᱞ ᱟᱹᱨᱩ ᱞᱟᱜᱤᱫ"},{"$i":"UssdModifiedToSs","$v":"USSD ᱟᱹᱨᱩ ᱞᱟᱜᱤᱫ SS"},{"$i":"UssdModifiedToUssd","$v":"USSD ᱟᱹᱨᱩ ᱞᱟᱜᱤᱫ USSD"},{"$i":"SsModifiedToDial","$v":"SS ᱰᱟᱭᱤᱞ ᱟᱹᱨᱩ ᱞᱟᱜᱤᱫ"},{"$i":"SsModifiedToUssd","$v":"USSD ᱟᱹᱨᱩ ᱞᱟᱜᱤᱫ SS"},{"$i":"SsModifiedToSs","$v":"SS ᱟᱹᱨᱩ ᱞᱟᱜᱤᱫ SS"},{"$i":"SubscriptionNotSupported","$v":"ᱵᱟᱭ ᱜᱚᱲᱟᱜ-ᱟ ᱢᱮᱢᱵᱚᱨ ᱫᱚ"},{"$i":"InvalidParameter","$v":"ᱯᱟᱨᱟᱢᱤᱴᱚᱨ ᱵᱟᱝ ᱜᱟᱱᱚᱜ"},{"$i":"RejectedByRemote","$v":"ᱨᱮᱢᱳᱴ ᱫᱟᱨᱟᱭ ᱛᱮ ᱵᱷᱟᱸᱜᱚᱲᱟ ᱟᱠᱟᱱᱟ"},{"$i":"sim-with-index-and-carrier","$v":["SIM ",{"t":"idOrVar","v":"index"}," - ",{"t":"idOrVar","v":"carrier"}]},{"$i":"sim-without-carrier","$v":["SIM ",{"t":"idOrVar","v":"index"}]},{"$i":"label","$v":"ᱥᱟᱨ"},{"$i":"faxHome","$v":"ᱚᱲᱟᱜ ᱯᱷᱹᱮᱠᱥ"},{"$i":"faxOffice","$v":"ᱠᱟᱨᱭᱟᱞᱚ ᱯᱷᱹᱮᱠᱥ"},{"$i":"faxOther","$v":"ᱮᱴᱟᱜ ᱯᱷᱹᱮᱠᱥ"},{"$i":"another","$v":"ᱮᱴᱟᱜ"},{"$i":"other","$v":"ᱮᱴᱟᱜ"},{"$i":"tcl-customTag","$v":"ᱠᱷᱩᱥᱤᱭᱟᱜ ᱰᱩᱨᱭᱮ"},{"$i":"customTag","$v":"ᱠᱷᱩᱥᱤᱭᱟᱜ ᱰᱩᱨᱭᱮ","placeholder":"ᱠᱷᱩᱥᱤᱭᱟᱜ ᱰᱩᱨᱭᱮ"},{"$i":"current","$v":"ᱦᱟᱞᱤ"},{"$i":"itemWithLabel","$v":[{"t":"idOrVar","v":"label"},", ",{"t":"idOrVar","v":"item"}]},{"$i":"weekday-0-long","$v":"ᱥᱤᱸᱜᱮᱢᱟᱦᱟ"},{"$i":"weekday-1-long","$v":"ᱚᱛᱮᱢᱟᱦᱟ"},{"$i":"weekday-2-long","$v":"ᱵᱟᱞᱮᱢᱟᱦᱟ"},{"$i":"weekday-3-long","$v":"ᱥᱟᱹᱜᱩᱱᱢᱟᱦᱟ"},{"$i":"weekday-4-long","$v":"ᱥᱟᱨᱫᱤᱢᱟᱦᱟ"},{"$i":"weekday-5-long","$v":"ᱡᱟᱨᱩᱢᱢᱟᱦᱟ"},{"$i":"weekday-6-long","$v":"ᱧᱩᱦᱩᱢᱢᱟᱦᱟ"},{"$i":"weekday-0-short","$v":"ᱪᱟᱸᱫᱩ"},{"$i":"weekday-1-short","$v":"ᱢᱳᱱ"},{"$i":"weekday-2-short","$v":"ᱥᱟᱜᱩᱱ"},{"$i":"weekday-3-short","$v":"ᱥᱟᱜᱩᱱ"},{"$i":"weekday-4-short","$v":"ᱛᱷᱩ"},{"$i":"weekday-5-short","$v":"ᱜᱟᱛᱤ"},{"$i":"weekday-6-short","$v":"ᱥᱮᱴ"},{"$i":"month-0-long","$v":"ᱯᱩᱥ"},{"$i":"month-1-long","$v":"ᱢᱟᱜ"},{"$i":"month-2-long","$v":"ᱯᱷᱹᱟᱜᱩᱱ"},{"$i":"month-3-long","$v":"ᱪᱮᱛ"},{"$i":"month-4-long","$v":"ᱵᱮᱭᱥᱮᱠᱷ"},{"$i":"month-5-long","$v":"ᱡᱩᱥᱴᱤ"},{"$i":"month-6-long","$v":"ᱟᱥᱟᱲ"},{"$i":"month-7-long","$v":"ᱥᱚᱨᱟᱵᱚᱱ"},{"$i":"month-8-long","$v":"ᱵᱷᱟᱨᱫᱚᱨ"},{"$i":"month-9-long","$v":"ᱟᱥᱤᱱ"},{"$i":"month-10-long","$v":"ᱠᱟᱨᱛᱤᱠ"},{"$i":"month-11-long","$v":"ᱟᱜᱷᱟᱸᱲ"},{"$i":"month-0-genitive","$v":"ᱯᱩᱥ"},{"$i":"month-1-genitive","$v":"ᱢᱟᱜ"},{"$i":"month-2-genitive","$v":"ᱯᱷᱹᱟᱜᱩᱱ"},{"$i":"month-3-genitive","$v":"ᱪᱮᱛ"},{"$i":"month-4-genitive","$v":"ᱵᱮᱭᱥᱮᱠᱷ"},{"$i":"month-5-genitive","$v":"ᱡᱩᱥᱴᱤ"},{"$i":"month-6-genitive","$v":"ᱟᱥᱟᱲ"},{"$i":"month-7-genitive","$v":"ᱥᱚᱨᱟᱵᱚᱱ"},{"$i":"month-8-genitive","$v":"ᱵᱷᱟᱨᱫᱚᱨ"},{"$i":"month-9-genitive","$v":"ᱟᱥᱤᱱ"},{"$i":"month-10-genitive","$v":"ᱠᱟᱨᱛᱤᱠ"},{"$i":"month-11-genitive","$v":"ᱟᱜᱷᱟᱸᱲ"},{"$i":"month-0-short","$v":"ᱯᱩᱥ"},{"$i":"month-1-short","$v":"ᱢᱟᱜ"},{"$i":"month-2-short","$v":"ᱢᱟᱨ"},{"$i":"month-3-short","$v":"ᱪᱮᱛ"},{"$i":"month-4-short","$v":"ᱵᱮᱭᱥᱮᱠᱷ"},{"$i":"month-5-short","$v":"ᱡᱩᱥᱴᱤ"},{"$i":"month-6-short","$v":"ᱟᱥᱟᱲ"},{"$i":"month-7-short","$v":"ᱥᱚᱨᱟᱵᱚᱱ"},{"$i":"month-8-short","$v":"ᱥᱮᱯ"},{"$i":"month-9-short","$v":"ᱟᱥᱤᱱ"},{"$i":"month-10-short","$v":"ᱠᱟᱨᱛᱤᱠ"},{"$i":"month-11-short","$v":"ᱟᱜᱷᱟᱸᱲ"},{"$i":"minutes-ago-long","$v":{"zero":"ᱧᱤᱛ ᱜᱮ","one":"ᱢᱤᱛ ᱴᱤᱯᱤᱡ ᱞᱟᱦᱟ","two":[{"t":"idOrVar","v":"value"}," ᱪᱟᱞᱟᱣᱮᱱ ᱴᱤᱯᱤᱡ ᱠᱚ"],"few":[{"t":"idOrVar","v":"value"}," ᱪᱟᱞᱟᱣᱮᱱ ᱴᱤᱯᱤᱡ ᱠᱚ"],"many":[{"t":"idOrVar","v":"value"}," ᱪᱟᱞᱟᱣᱮᱱ ᱴᱤᱯᱤᱡ ᱠᱚ"],"other":[{"t":"idOrVar","v":"value"}," ᱪᱟᱞᱟᱣᱮᱱ ᱴᱤᱯᱤᱡ ᱠᱚ"]},"$x":[{"t":"idOrVar","v":"plural"},"value"]},{"$i":"hours-ago-long","$v":{"zero":"ᱧᱤᱛ ᱜᱮ","one":"ᱢᱤᱛ ᱜᱷᱚᱱᱴᱟ ᱞᱟᱦᱟ","two":[{"t":"idOrVar","v":"value"}," ᱪᱟᱞᱟᱣᱮᱱ ᱢᱟᱦᱟ ᱠᱚ"],"few":[{"t":"idOrVar","v":"value"}," ᱪᱟᱞᱟᱣᱮᱱ ᱢᱟᱦᱟ ᱠᱚ"],"many":[{"t":"idOrVar","v":"value"}," ᱪᱟᱞᱟᱣᱮᱱ ᱢᱟᱦᱟ ᱠᱚ"],"other":[{"t":"idOrVar","v":"value"}," ᱪᱟᱞᱟᱣᱮᱱ ᱢᱟᱦᱟ ᱠᱚ"]},"$x":[{"t":"idOrVar","v":"plural"},"value"]},{"$i":"days-ago-long","$v":{"zero":"ᱛᱤᱦᱤᱧ","one":"ᱦᱚᱞᱟ","two":[{"t":"idOrVar","v":"value"}," ᱢᱟᱦᱟ ᱠᱚ ᱞᱟᱦᱟ"],"few":[{"t":"idOrVar","v":"value"}," ᱢᱟᱦᱟ ᱠᱚ ᱞᱟᱦᱟ"],"many":[{"t":"idOrVar","v":"value"}," ᱢᱟᱦᱟ ᱠᱚ ᱞᱟᱦᱟ"],"other":[{"t":"idOrVar","v":"value"}," ᱢᱟᱦᱟ ᱠᱚ ᱞᱟᱦᱟ"]},"$x":[{"t":"idOrVar","v":"plural"},"value"]},{"$i":"weeks-ago-long","$v":{"zero":"ᱱᱚᱣᱟ ᱦᱚᱯᱛᱟ","one":"ᱢᱩᱪᱮᱫ ᱦᱚᱯᱛᱟ","two":[{"t":"idOrVar","v":"value"}," ᱪᱟᱞᱟᱣᱮᱱ ᱦᱚᱯᱛᱟ"],"few":[{"t":"idOrVar","v":"value"}," ᱪᱟᱞᱟᱣᱮᱱ ᱦᱚᱯᱛᱟ"],"many":[{"t":"idOrVar","v":"value"}," ᱪᱟᱞᱟᱣᱮᱱ ᱦᱚᱯᱛᱟ"],"other":[{"t":"idOrVar","v":"value"}," ᱪᱟᱞᱟᱣᱮᱱ ᱦᱚᱯᱛᱟ"]},"$x":[{"t":"idOrVar","v":"plural"},"value"]},{"$i":"months-ago-long","$v":{"zero":"ᱱᱚᱣᱟ ᱪᱟᱸᱫᱩ","one":"ᱢᱩᱪᱮᱫ ᱪᱟᱸᱫᱩ","two":[{"t":"idOrVar","v":"value"}," ᱪᱟᱞᱟᱣᱮᱱ ᱪᱟᱸᱫᱩ ᱠᱚ"],"few":[{"t":"idOrVar","v":"value"}," ᱪᱟᱞᱟᱣᱮᱱ ᱪᱟᱸᱫᱩ ᱠᱚ"],"many":[{"t":"idOrVar","v":"value"}," ᱪᱟᱞᱟᱣᱮᱱ ᱪᱟᱸᱫᱩ ᱠᱚ"],"other":[{"t":"idOrVar","v":"value"}," ᱪᱟᱞᱟᱣᱮᱱ ᱪᱟᱸᱫᱩ ᱠᱚ"]},"$x":[{"t":"idOrVar","v":"plural"},"value"]},{"$i":"years-ago-long","$v":{"zero":"ᱱᱚᱣᱟ ᱥᱮᱨᱢᱟ","one":"ᱢᱩᱪᱮᱫ ᱵᱚᱪᱷᱚᱨ","two":[{"t":"idOrVar","v":"value"}," ᱪᱟᱞᱟᱣᱮᱱ ᱥᱮᱨᱢᱟ"],"few":[{"t":"idOrVar","v":"value"}," ᱪᱟᱞᱟᱣᱮᱱ ᱥᱮᱨᱢᱟ"],"many":[{"t":"idOrVar","v":"value"}," ᱪᱟᱞᱟᱣᱮᱱ ᱥᱮᱨᱢᱟ"],"other":[{"t":"idOrVar","v":"value"}," ᱪᱟᱞᱟᱣᱮᱱ ᱥᱮᱨᱢᱟ"]},"$x":[{"t":"idOrVar","v":"plural"},"value"]},{"$i":"minutes-until-long","$v":{"zero":"ᱧᱤᱛ","one":"ᱴᱤᱯᱤᱡ ᱨᱮ","two":["ᱨᱮ ",{"t":"idOrVar","v":"value"}," ᱴᱤᱯᱤᱡ ᱠᱚ"],"few":["ᱨᱮ ",{"t":"idOrVar","v":"value"}," ᱴᱤᱯᱤᱡ ᱠᱚ"],"many":["ᱨᱮ ",{"t":"idOrVar","v":"value"}," ᱴᱤᱯᱤᱡ ᱠᱚ"],"other":["ᱨᱮ ",{"t":"idOrVar","v":"value"}," ᱴᱤᱯᱤᱡ ᱠᱚ"]},"$x":[{"t":"idOrVar","v":"plural"},"value"]},{"$i":"hours-until-long","$v":{"zero":"ᱧᱤᱛ","one":"ᱜᱷᱚᱱᱴᱟ ᱨᱮ","two":["ᱨᱮ ",{"t":"idOrVar","v":"value"}," ᱜᱷᱚᱱᱴᱟ ᱠᱚ"],"few":["ᱨᱮ ",{"t":"idOrVar","v":"value"}," ᱜᱷᱚᱱᱴᱟ ᱠᱚ"],"many":["ᱨᱮ ",{"t":"idOrVar","v":"value"}," ᱜᱷᱚᱱᱴᱟ ᱠᱚ"],"other":["ᱨᱮ ",{"t":"idOrVar","v":"value"}," ᱜᱷᱚᱱᱴᱟ ᱠᱚ"]},"$x":[{"t":"idOrVar","v":"plural"},"value"]},{"$i":"days-until-long","$v":{"zero":"ᱛᱤᱦᱤᱧ","one":"ᱜᱟᱯᱟ","two":["ᱨᱮ ",{"t":"idOrVar","v":"value"}," ᱢᱟᱦᱟ ᱠᱚ"],"few":["ᱨᱮ ",{"t":"idOrVar","v":"value"}," ᱢᱟᱦᱟ ᱠᱚ"],"many":["ᱨᱮ ",{"t":"idOrVar","v":"value"}," ᱢᱟᱦᱟ ᱠᱚ"],"other":["ᱨᱮ ",{"t":"idOrVar","v":"value"}," ᱢᱟᱦᱟ ᱠᱚ"]},"$x":[{"t":"idOrVar","v":"plural"},"value"]},{"$i":"weeks-until-long","$v":{"zero":"ᱱᱚᱣᱟ ᱦᱚᱯᱛᱟ","one":"ᱫᱟᱨᱟᱭ ᱠᱟᱱ ᱦᱚᱯᱛᱟ","two":["ᱨᱮ ",{"t":"idOrVar","v":"value"}," ᱦᱚᱯᱛᱟ ᱠᱚ"],"few":["ᱨᱮ ",{"t":"idOrVar","v":"value"}," ᱦᱚᱯᱛᱟ ᱠᱚ"],"many":["ᱨᱮ ",{"t":"idOrVar","v":"value"}," ᱦᱚᱯᱛᱟ ᱠᱚ"],"other":["ᱨᱮ ",{"t":"idOrVar","v":"value"}," ᱦᱚᱯᱛᱟ ᱠᱚ"]},"$x":[{"t":"idOrVar","v":"plural"},"value"]},{"$i":"months-until-long","$v":{"zero":"ᱱᱚᱣᱟ ᱪᱟᱸᱫᱩ","one":"ᱫᱟᱨᱟᱭ ᱠᱟᱱ ᱪᱟᱸᱫᱩ","two":["ᱨᱮ ",{"t":"idOrVar","v":"value"}," ᱪᱟᱸᱫᱩ ᱠᱚ"],"few":["ᱨᱮ ",{"t":"idOrVar","v":"value"}," ᱪᱟᱸᱫᱩ ᱠᱚ"],"many":["ᱨᱮ ",{"t":"idOrVar","v":"value"}," ᱪᱟᱸᱫᱩ ᱠᱚ"],"other":["ᱨᱮ ",{"t":"idOrVar","v":"value"}," ᱪᱟᱸᱫᱩ ᱠᱚ"]},"$x":[{"t":"idOrVar","v":"plural"},"value"]},{"$i":"years-until-long","$v":{"zero":"ᱱᱚᱣᱟ ᱥᱮᱨᱢᱟ","one":"ᱫᱟᱨᱟᱭ ᱠᱟᱱ ᱥᱮᱨᱢᱟ","two":["ᱨᱮ ",{"t":"idOrVar","v":"value"}," ᱥᱮᱨᱢᱟ ᱠᱚ"],"few":["ᱨᱮ ",{"t":"idOrVar","v":"value"}," ᱥᱮᱨᱢᱟ ᱠᱚ"],"many":["ᱨᱮ ",{"t":"idOrVar","v":"value"}," ᱥᱮᱨᱢᱟ ᱠᱚ"],"other":["ᱨᱮ ",{"t":"idOrVar","v":"value"}," ᱥᱮᱨᱢᱟ ᱠᱚ"]},"$x":[{"t":"idOrVar","v":"plural"},"value"]},{"$i":"minutes-ago-short","$v":{"zero":"ᱧᱤᱛ ᱜᱮ","other":[{"t":"idOrVar","v":"value"}," ᱪᱟᱞᱟᱣ ᱴ"]},"$x":[{"t":"idOrVar","v":"plural"},"value"]},{"$i":"hours-ago-short","$v":{"zero":"ᱧᱤᱛ ᱜᱮ","other":[{"t":"idOrVar","v":"value"}," ᱪᱟᱞᱟᱣᱮᱱ ᱜ"]},"$x":[{"t":"idOrVar","v":"plural"},"value"]},{"$i":"days-ago-short","$v":{"zero":"ᱛᱤᱦᱤᱧ","other":[{"t":"idOrVar","v":"value"}," ᱪᱟᱞᱟᱣᱮᱱ ᱢ"]},"$x":[{"t":"idOrVar","v":"plural"},"value"]},{"$i":"minutes-until-short","$v":{"zero":"ᱧᱤᱛ","other":["ᱨᱮ ",{"t":"idOrVar","v":"value"},"ᱴ"]},"$x":[{"t":"idOrVar","v":"plural"},"value"]},{"$i":"hours-until-short","$v":{"zero":"ᱧᱤᱛ","other":["ᱨᱮ ",{"t":"idOrVar","v":"value"},"ᱜ"]},"$x":[{"t":"idOrVar","v":"plural"},"value"]},{"$i":"days-until-short","$v":{"zero":"ᱛᱤᱦᱤᱧ","other":["ᱨᱮ ",{"t":"idOrVar","v":"value"},"ᱢ"]},"$x":[{"t":"idOrVar","v":"plural"},"value"]},{"$i":"incorrectDate","$v":"(ᱛᱨᱤᱠᱷ ᱫᱚ ᱵᱷᱩᱞ ᱜᱮᱭᱟ)"},{"$i":"dateTimeFormat_%c","$v":"%a %b %e %Y %I:%M:%S %p"},{"$i":"dateTimeFormat_%x","$v":"%m/%d/%Y"},{"$i":"dateTimeFormat_%X","$v":"%I:%M:%S %p"},{"$i":"shortTimeFormat","$v":"%I:%M %p"},{"$i":"shortTimeFormat12","$v":"%I:%M %p"},{"$i":"shortTimeFormat24","$v":"%H:%M"},{"$i":"shortDateTimeFormat","$v":"%x %I:%M %p"},{"$i":"weekStartsOnMonday","$v":"0"},{"$i":"firstDayOfTheWeek","$v":"0"},{"$i":"time_am","$v":"AM"},{"$i":"time_pm","$v":"PM"}]