[{"$i":"search-or-enter-address","placeholder":"तलाश कर्यो या पतो दाख़िलु कर्यो"},{"$i":"delete-title","$v":[{"t":"idOrVar","v":"name"}," हज़फ़ कर्यो"]},{"$i":"delete-body","$v":[{"t":"idOrVar","v":"name"}," ऐं उन जे सभई डेटा हज़फ़ कई वेंदी."]},{"$i":"delete","$v":"रदि"},{"$i":"cancel","$v":"मंसूख़ कर्यो"},{"$i":"menu","$v":"मेनु"},{"$i":"notifications","$v":"तनबीहूं"},{"$i":"speed-dial","$v":"स्पीड डाइल"},{"$i":"select","$v":"चूंडियो"},{"$i":"favorite","$v":"वणिंदड"},{"$i":"unfavorite","$v":"ग़ैरु पसंददीदह"},{"$i":"ok","$v":"ठीक"},{"$i":"edit","$v":"फेरबदल"},{"$i":"call","$v":"काल"},{"$i":"message","$v":"नयापो"},{"$i":"options","$v":"इख़्तियारु"},{"$i":"assign","$v":"इसाईनि"},{"$i":"remove","$v":"सोरो"},{"$i":"replace","$v":"मटो"},{"$i":"more","$v":"वधीक"},{"$i":"settings","$v":"सेटिंगयूं"},{"$i":"contacts","$v":"राबता"},{"$i":"voicemail","$v":"वाऐसमेल"},{"$i":"speed-dial-not-empty","ariaLabel":[{"t":"idOrVar","v":"order"},", ",{"t":"idOrVar","v":"name"}]},{"$i":"speed-dial-empty","ariaLabel":[{"t":"idOrVar","v":"order"},"، ख़ाली"]},{"$i":"remove-speed-dial","$v":["छा तवहां खे पिक आहे त तवहां तुर्तु डाइल खां ",{"t":"idOrVar","v":"name"}," हटाइणु चाहियो था?"]},{"$i":"replace-speed-dial","$v":["छा तवहां खे पिक आहे त तवहां ",{"t":"idOrVar","v":"name"}," खे ",{"t":"idOrVar","v":"subName"}," नाले सां मिटाइणु चाहियो था?"]},{"$i":"assign-speed-dial","$v":["बटणु ",{"t":"idOrVar","v":"n"}," ते स्पीड डाइल जे तौर ते राबत़ो इज़ाफ़ो न कयो व्यो. हाणे इसाईनि कर्यो ?"]},{"$i":"assign-voicemail","$v":"वाईस मैलु नम्बरु सीट न कयो व्यो आहे."},{"$i":"alert-for-contacts-without-number","$v":"फ़ोनु नम्बरु सां के बि राबता दस्तयाब नाहिनि."},{"$i":"option-remove","$v":"स्पीड डाइल खां हटायो"},{"$i":"option-replace","$v":"मटो"},{"$i":"all-apps","$v":"सभई-अइपस"},{"$i":"add-to-existing-contact","$v":"मौजूदु राबते ॾांहुं शामिलु कर्यो"},{"$i":"create-new-contact","$v":"नओं अकाऊंट ठाहियो"},{"$i":"sending","$v":"मोकिले रहियो आहे..."},{"$i":"callAirplaneModeTitle","$v":"हवाई जहाज़ मूड फ़आल थियो"},{"$i":"callAirplaneModeMessage","$v":"हिक कालु करणु जे लाइ तवहां खे सीटनगन में एअर प्लैन मूड ग़ैरु फ़आल करणु जी ज़रूरत पवे थी."},{"$i":"emergencyDialogTitle","$v":"को नेटवर्क गंढ कोन्हे"},{"$i":"emergencyDialogBodyBadNumber","$v":"हिक कालु करणु जे लाइ फ़ोनु खे नेटवर्क सां ॻंढणु ज़रूरी आहे."},{"$i":"emergencyDialogBodyDeviceNotAccepted","$v":"नेटवर्क जे तर्फ़ां हंगामी कॉलिन जी इजाज़त नाहे."},{"$i":"invalidNumberToDialTitle","$v":"ग़लति फ़ोनु नम्बरु"},{"$i":"invalidNumberToDialMessage","$v":"फ़ोनु नम्बरु जंहिं ते तवहां कालु करे रहिया आहियो सहीह नाहे."},{"$i":"emergency-call-only","$v":"छड़ो ज़रूरी तकिड़ा कॉल्स"},{"$i":"emergency-call-error","$v":[{"t":"idOrVar","v":"number"}," हिक हंगामी नम्बरु नाहे"]},{"$i":"numberIsBusyTitle","$v":"नम्बरु मसरूफ़ु आहिनि"},{"$i":"numberIsBusyMessage","$v":"नम्बरु मोजूदह तौर ते मसरूफ़ु आहे. महर्बानी करे पोई वरी कोशिश कजो"},{"$i":"fdnIsActiveTitle","$v":"FDN फ़आल"},{"$i":"fdnIsActiveMessage","$v":["FDN (फ़िक्स्डि डाइलनग नम्बरु फ़आल थियल आहे ऐं ह॓ठियूं नम्बरु तव्हांजीFDN लिस्ट में नाहे ",{"t":"idOrVar","v":"number"}]},{"$i":"otherConnectionInUseTitle","$v":"ॿियो कनेकशन इस्तेमाल में आहे"},{"$i":"otherConnectionInUseMessage","$v":"तवहां वटि हिक ॿी डिवाइस ते फ़आल कालु आहे. तवहां हिक ई वक्त में हिक कनेकशन इस्तेमाल करे सगहो था."},{"$i":"GenericFailure","$v":"आमु नाकामी"},{"$i":"CallFailed","$v":"कालु नाकामु थी"},{"$i":"scCallBarring","$v":"कालु बारनग"},{"$i":"scCallForwarding","$v":"कालु अॻिते करणु"},{"$i":"scClip","$v":"इंदड कालर ID"},{"$i":"scClir","$v":"वेंदड काल ID"},{"$i":"scPwd","$v":"गु॒झो लफजु वदिलाउ"},{"$i":"scCallWaiting","$v":"कॉल जो इंतज़ार"},{"$i":"scPin","$v":"PIN मटण"},{"$i":"scPin2","$v":"PIN2 तब्दील"},{"$i":"scPuk","$v":"PIN इन लॉक कर्यो"},{"$i":"scPuk2","$v":"PIN2 इन ब्लाक कर्यो"},{"$i":"scImei","$v":"IMEI"},{"$i":"scMeid","$v":"MEID"},{"$i":"scUssd","$v":"USSD"},{"$i":"personal","$v":"जाती"},{"$i":"mobile","$v":"मोबाइल"},{"$i":"home","$v":"घर"},{"$i":"work","$v":"कम"},{"$i":"fax-home","$v":"फैक्स होम"},{"$i":"fax-office","$v":"फैक्स आफ़ीस"},{"$i":"fax-other","$v":"फैक्स ॿियो"},{"$i":"homescreen-settings","$v":"होम स्क्रीन जो सीटींगूं"},{"$i":"change-wallpaper","$v":"वाल पेपर तब्दील कर्यो"},{"$i":"add-smart-collections","$v":"स्मार्ट मजमुआ शामिलु कर्यो"},{"$i":"edit-mode","$v":"फेरबदल"},{"$i":"edit-done","$v":"पुरो थियो"},{"$i":"stop-download-title","$v":["बंदु कर्यो ",{"t":"idOrVar","v":"name"}]},{"$i":"stop-download-body","$v":"छा तवहां जारी डाओंलोद रोकणु चाहियो था?"},{"$i":"stop-download-action","$v":"रोक्यो"},{"$i":"resume-download-title","$v":"डाऊनलोड ॿीहर शुरू कर्यो"},{"$i":"resume-download-body","$v":["छा तवहां ",{"t":"idOrVar","v":"name"}," डाऊनलोड करणु चाहियो था?"]},{"$i":"resume-download-action","$v":"डाउनलोड"},{"$i":"edit-group-header","$v":"गिरोह फेबदल कयो"},{"$i":"tcl-wallpaper-changed","$v":"वाल पेपर तब्दील थियो"},{"$i":"gaia-shortcut-app-updated","$v":"अइप अपडेट थी"},{"$i":"clocks-updated","$v":"घड़ियूं अपडेट थ्यूं"},{"$i":"longDateFormat","$v":"%A, %b %e"},{"$i":"app-title","$v":"मुंहिंजियूं अइपस"},{"$i":"app-uninstall","$v":[{"t":"idOrVar","v":"name"},"खे ग़ैरु तंसीब कयो व्यो हो"]},{"$i":"confirmation","$v":"तसिदीक़"},{"$i":"call-forwarding-async","$v":["असाइनकोरोंस ",{"t":"idOrVar","v":"async"}]},{"$i":"call-forwarding-data","$v":["तारिख: ",{"t":"idOrVar","v":"data"}]},{"$i":"call-forwarding-error","$v":"कालु फ़ारवर्डिंग हेसियत खे हासिलु करणु दौरान हिकु नुक़्सु थियो"},{"$i":"call-forwarding-fax","$v":["FAX: ",{"t":"idOrVar","v":"fax"}]},{"$i":"call-forwarding-inactive","$v":"ग़ैरु चुस्तु"},{"$i":"call-forwarding-packet","$v":["पाकेटु ",{"t":"idOrVar","v":"packet"}]},{"$i":"call-forwarding-pad","$v":["PAD: ",{"t":"idOrVar","v":"pad"}]},{"$i":"call-forwarding-sms","$v":["SMS: ",{"t":"idOrVar","v":"sms"}]},{"$i":"call-forwarding-status","$v":"कालु अॻिते मोकिलणु जी हेसियत"},{"$i":"call-forwarding-sync","$v":["सिनक्रोनस ",{"t":"idOrVar","v":"sync"}]},{"$i":"call-forwarding-voice","$v":["वाईस ",{"t":"idOrVar","v":"voice"}]},{"$i":"serviceClassVoice","$v":"आवाज"},{"$i":"serviceClassData","$v":"डटा"},{"$i":"serviceClassFax","$v":"FAX"},{"$i":"serviceClassSms","$v":"SMS"},{"$i":"serviceClassDataSync","$v":"सिंक"},{"$i":"serviceClassDataAsync","$v":"ओसिंक"},{"$i":"serviceClassPacket","$v":"पेकेट"},{"$i":"serviceClassPad","$v":"PAD"},{"$i":"smServiceEnabled","$v":"ख़िदिमत फ़आल कई वई हुई"},{"$i":"smServiceDisabled","$v":"ख़िदिमत ग़ैरु फ़आल कई वई आहे"},{"$i":"smServiceRegistered","$v":"रजिस्ट्रेशन कामयाबु थी हुई"},{"$i":"smServiceErased","$v":"मिटाइणु कामयाबु हो"},{"$i":"smServiceInterrogated","$v":"दरख़्वास्त कामयाबु हुई"},{"$i":"smServiceNotProvisioned","$v":"ख़िदिमत प्रोवीज़न थियल नाहे"},{"$i":"smClirPermanent","$v":"तवहां कालरु ID सीटनगूं तब्दील नथा करे सगहो"},{"$i":"smClirDefaultOnNextCallOn","$v":"कालर ID मुलअ रोकिंदा. ब॒यो काल: रेकियलु"},{"$i":"smClirDefaultOnNextCallOff","$v":"कालर ID मुलअ रोकिंदा. ब॒यो काल: रोकियल नाहिनि"},{"$i":"smClirDefaultOffNextCallOn","$v":"काल ID मुल थे रोकियल नाहिनि. ब॒यो काल: रेकियलु"},{"$i":"smClirDefaultOffNextCallOff","$v":"काल ID मुल थे रोकियल नाहिनि. ब॒यो काल: रोकियल नाहिनि"},{"$i":"smServiceEnabledFor","$v":"हिन जे लाए ख़िदमत (सर्विस) एनेबल कई वई:"},{"$i":"smPinChanged","$v":"PIN कामयाबी सां तब्दील थियो"},{"$i":"smPinUnblocked","$v":"PIN कामयाबी सां उन ब्लाक थियो"},{"$i":"smPin2Changed","$v":"PIN2 कामयाबी सां तब्दील थियो"},{"$i":"smPin2Unblocked","$v":"PIN2 कामयाबी सां उन ब्लाक थियो"},{"$i":"ServiceIsEnabled","$v":"ख़िदिमत फ़आल आहे"},{"$i":"ServiceIsDisabled","$v":"ख़िदिमत ग़ैरु फ़आल आहे"},{"$i":"ServiceIsEnabledFor","$v":"जे लाइ सुरूरु फ़आल कयो व्यो आहे:"},{"$i":"emMmiError","$v":"कनेकशन मसइलो या ग़लतिMMI कोड"},{"$i":"emMmiErrorPasswordIncorrect","$v":"ग़लति पास वार्ड"},{"$i":"emMmiErrorNotSupported","$v":"ग़लति या ग़ैरु मुआवनत याफ़तहMMI कोड"},{"$i":"emMmiErrorInvalidAction","$v":"ग़लति अमलु"},{"$i":"emMmiErrorInvalidScCode","$v":"ग़लति ख़िदिमत कोड"},{"$i":"emMmiErrorBadPuk","$v":"तव्हांजो टाईप कयल PUK ग़लति आहे"},{"$i":"emMmiErrorBadPin","$v":"तवहां जो टाईप कयल पुराणोPIN सहीह नाहे."},{"$i":"emMmiErrorNeedPuk2","$v":"SIM कार्डु खे इन ब्लाक करणु लाइPUK2 कोड टाईप कर्यो"},{"$i":"emMmiErrorMismatchPin","$v":"तव्हांजा टाईप कयल PIN भेट नथा थियनि"},{"$i":"emMmiErrorInvalidPin","$v":"हिक पिन टाईप कर्यो जेको 4 खां 8 नम्बरु आहे"},{"$i":"emMmiErrorNeedsPuk","$v":"तव्हांजी SIM PUK-लॉक थियल आहे"},{"$i":"emMmiErrorEnablePin","$v":"नाकामु SIM/RUIM लॉक फ़आल कर्यो"},{"$i":"emMmiErrorMmiFdn","$v":"ऑपरेशन सिर्फ़ फ़िक्स्डि डाइलनग नम्बरु ताईं महिदूदु आहे"},{"$i":"emMmiErrorStkCcUssdDial","$v":"USSD आछ फेरबदल कयलु आहे DIAL आछ लाई."},{"$i":"emMmiErrorStkCcUssdSs","$v":"USSD आछ फेरबदल कयलु आहे SS आछ लाई."},{"$i":"emMmiErrorStkCcUssdUssd","$v":"USSD आछ फेरबदल कयलु आहे नऐ USSD आछलाई."},{"$i":"emMmiErrorStkCcSsDial","$v":"SS दरख़्वास्त डाइल दरख़्वास्त ॾांहुं तरमीम थियो"},{"$i":"emMmiErrorStkCcSsUssd","$v":"SS आछ फेरबदल कयलु आहे USSD आछ लाई."},{"$i":"emMmiErrorStkCcSsSs","$v":"SS दरख़्वास्त नईSS दरख़्वास्त ॾांहुं तरमीम थी"},{"$i":"emMmiErrorPinPukAttempts","$v":{"one":["सिर्फ़ ",{"t":"idOrVar","v":"n"}," ॿीहर कोशिश करणु बाक़ी"],"two":[{"t":"idOrVar","v":"n"}," दाख़लाऊं बाक़ी"],"few":[{"t":"idOrVar","v":"n"}," दाख़लाऊं बाक़ी"],"many":[{"t":"idOrVar","v":"n"}," दाख़लाऊं बाक़ी"],"other":[{"t":"idOrVar","v":"n"}," दाख़लाऊं बाक़ी"]},"$x":[{"t":"idOrVar","v":"plural"},"n"]},{"$i":"emMmiErrorSimBlocked","$v":"वधि में वधि ॿीहर कोशिश करणु पोरो थियो SIM ब्लाक थी"},{"$i":"RadioNotAvailable","$v":"रेडियो दस्तयाब नाहे"},{"$i":"PasswordIncorrect","$v":"पास कोड ग़लति"},{"$i":"SimPin2","$v":"SIM PIN2"},{"$i":"SimPuk2","$v":"SIM PUK2"},{"$i":"RequestNotSupported","$v":"दरख़्वास्त जे मुआवनत नाहे"},{"$i":"OpNotAllowedDuringVoiceCall","$v":"वाईस कालु दौरान ऑपरेशन जी इजाज़त नाहे"},{"$i":"SmsSendFailRetry","$v":"SMS मोकिलणु नाकामु थियो ॿीहर कोशिश कर्यो"},{"$i":"SimAbsent","$v":"SIM ग़ैरु हाज़ुरु"},{"$i":"SubscriptionNotAvailable","$v":"सब्सक्रिप्शन मौजूदु उन्ही"},{"$i":"ModeNotSupported","$v":"मूड जे मुआवनत नाहे"},{"$i":"FdnCheckFailure","$v":"Fdn चेकु नाकामी"},{"$i":"IllegalSimOrMe","$v":"ग़ैरु क़ानूनी SIM याME"},{"$i":"DialModifiedToUssd","$v":"डाइलUSSD ॾांहुं तदवीन थियो"},{"$i":"DialModifiedToSs","$v":"डाइलSS ॾांहुं तदवीन थियो"},{"$i":"DialModifiedToDial","$v":"डाइल डाइल ॾांहुं तदवीन थियो"},{"$i":"UssdModifiedToDial","$v":"USSD डाइल ॾांहुं तरमीम थियो"},{"$i":"UssdModifiedToSs","$v":"SS ॾांहुं तरमीम थियो USSD"},{"$i":"UssdModifiedToUssd","$v":"USSD ॾांहुं तरमीम थियो USSD"},{"$i":"SsModifiedToDial","$v":"SS डाइल ॾांहुं तरमीम थियो"},{"$i":"SsModifiedToUssd","$v":"SS ॾांहुं तरमीम थियो USSD"},{"$i":"SsModifiedToSs","$v":"SS ॾांहुं तरमीम थियोSS"},{"$i":"SubscriptionNotSupported","$v":"सब्सक्रिप्शन जे मुआवनत नाहे"},{"$i":"InvalidParameter","$v":"ग़लति पैरामीटर"},{"$i":"RejectedByRemote","$v":"बईद पारां रदि कयो व्यो"},{"$i":"sim-with-index-and-carrier","$v":["SIM ",{"t":"idOrVar","v":"index"}," - ",{"t":"idOrVar","v":"carrier"}]},{"$i":"sim-without-carrier","$v":["चीम ",{"t":"idOrVar","v":"index"}]},{"$i":"label","$v":"पर्ची"},{"$i":"faxHome","$v":"फैक्स होम"},{"$i":"faxOffice","$v":"फैक्स आफ़ीस"},{"$i":"faxOther","$v":"फैक्स ॿियो"},{"$i":"another","$v":"हिकु ॿियो"},{"$i":"other","$v":"बियो"},{"$i":"tcl-customTag","$v":"रवाजी टैग"},{"$i":"customTag","$v":"रवाजी टैग","placeholder":"रवाजी टैग"},{"$i":"current","$v":"मोजूदह"},{"$i":"itemWithLabel","$v":[{"t":"idOrVar","v":"label"},", ",{"t":"idOrVar","v":"item"}]},{"$i":"weekday-0-long","$v":"आर्तवारु"},{"$i":"weekday-1-long","$v":"सुमर"},{"$i":"weekday-2-long","$v":"मंगल"},{"$i":"weekday-3-long","$v":"बु॒धर"},{"$i":"weekday-4-long","$v":"विशपत"},{"$i":"weekday-5-long","$v":"जुमो"},{"$i":"weekday-6-long","$v":"छंछरु"},{"$i":"weekday-0-short","$v":"आचरु"},{"$i":"weekday-1-short","$v":"सूमरु"},{"$i":"weekday-2-short","$v":"अङारो"},{"$i":"weekday-3-short","$v":"अर्बा"},{"$i":"weekday-4-short","$v":"ख़मीस"},{"$i":"weekday-5-short","$v":"जमावं"},{"$i":"weekday-6-short","$v":"छंछरु"},{"$i":"month-0-long","$v":"जनॿीहर"},{"$i":"month-1-long","$v":"फ़ीबरॿीहर"},{"$i":"month-2-long","$v":"मार्चु"},{"$i":"month-3-long","$v":"अप्रेलु"},{"$i":"month-4-long","$v":"मुई"},{"$i":"month-5-long","$v":"जूनि"},{"$i":"month-6-long","$v":"जूलाइ"},{"$i":"month-7-long","$v":"आगस्टु"},{"$i":"month-8-long","$v":"सेप्टेम्बरु"},{"$i":"month-9-long","$v":"आक्टोबरु"},{"$i":"month-10-long","$v":"नवम्बरु"},{"$i":"month-11-long","$v":"डिसम्बरु"},{"$i":"month-0-genitive","$v":"जनॿीहर"},{"$i":"month-1-genitive","$v":"फ़ीबरॿीहर"},{"$i":"month-2-genitive","$v":"मार्चु"},{"$i":"month-3-genitive","$v":"अप्रेलु"},{"$i":"month-4-genitive","$v":"मुई"},{"$i":"month-5-genitive","$v":"जूनि"},{"$i":"month-6-genitive","$v":"जूलाइ"},{"$i":"month-7-genitive","$v":"आगस्टु"},{"$i":"month-8-genitive","$v":"सेप्टेम्बरु"},{"$i":"month-9-genitive","$v":"आक्टोबरु"},{"$i":"month-10-genitive","$v":"नवम्बरु"},{"$i":"month-11-genitive","$v":"डिसम्बरु"},{"$i":"month-0-short","$v":"जनॿीहर"},{"$i":"month-1-short","$v":"फ़ीबरॿीहर"},{"$i":"month-2-short","$v":"मार्चु"},{"$i":"month-3-short","$v":"अप्रेलु"},{"$i":"month-4-short","$v":"मुई"},{"$i":"month-5-short","$v":"जनॿीहर"},{"$i":"month-6-short","$v":"जूलाइ"},{"$i":"month-7-short","$v":"आगस्टु"},{"$i":"month-8-short","$v":"सेप्टेम्बरु"},{"$i":"month-9-short","$v":"आक्टोबरु"},{"$i":"month-10-short","$v":"नवम्बरु"},{"$i":"month-11-short","$v":"डिसम्बरु"},{"$i":"minutes-ago-long","$v":{"zero":"बिलकुल हाणे","one":"हिक मिंटु अॻु","two":[{"t":"idOrVar","v":"value"}," मिंटु अॻु"],"few":[{"t":"idOrVar","v":"value"}," मिंटु अॻु"],"many":[{"t":"idOrVar","v":"value"}," मिंटु अॻु"],"other":[{"t":"idOrVar","v":"value"}," मिंटु अॻु"]},"$x":[{"t":"idOrVar","v":"plural"},"value"]},{"$i":"hours-ago-long","$v":{"zero":"बिलकुल हाणे","one":"हिक कलाकु अॻु","two":[{"t":"idOrVar","v":"value"}," कलाकु अॻु"],"few":[{"t":"idOrVar","v":"value"}," कलाकु अॻु"],"many":[{"t":"idOrVar","v":"value"}," कलाकु अॻु"],"other":[{"t":"idOrVar","v":"value"}," कलाकु अॻु"]},"$x":[{"t":"idOrVar","v":"plural"},"value"]},{"$i":"days-ago-long","$v":{"zero":"अजु॒","one":"कुल्हा","two":[{"t":"idOrVar","v":"value"}," ॾींहुं अॻु"],"few":[{"t":"idOrVar","v":"value"}," ॾींहुं अॻु"],"many":[{"t":"idOrVar","v":"value"}," ॾींहुं अॻु"],"other":[{"t":"idOrVar","v":"value"}," ॾींहुं अॻु"]},"$x":[{"t":"idOrVar","v":"plural"},"value"]},{"$i":"weeks-ago-long","$v":{"zero":"हुन हफ़्ते","one":"गुज़िरियल हफ़्ते","two":[{"t":"idOrVar","v":"value"}," हफ़ता अॻु"],"few":[{"t":"idOrVar","v":"value"}," हफ़ता अॻु"],"many":[{"t":"idOrVar","v":"value"}," हफ़ता अॻु"],"other":[{"t":"idOrVar","v":"value"}," हफ़ता अॻु"]},"$x":[{"t":"idOrVar","v":"plural"},"value"]},{"$i":"months-ago-long","$v":{"zero":"हुन महीने","one":"गुज़िरियल महीने","two":[{"t":"idOrVar","v":"value"}," महीना अॻु"],"few":[{"t":"idOrVar","v":"value"}," महीना अॻु"],"many":[{"t":"idOrVar","v":"value"}," महीना अॻु"],"other":[{"t":"idOrVar","v":"value"}," महीना अॻु"]},"$x":[{"t":"idOrVar","v":"plural"},"value"]},{"$i":"years-ago-long","$v":{"zero":"हुन सालु","one":"गुज़िरियल सालु","two":[{"t":"idOrVar","v":"value"}," सालु अॻु"],"few":[{"t":"idOrVar","v":"value"}," सालु अॻु"],"many":[{"t":"idOrVar","v":"value"}," सालु अॻु"],"other":[{"t":"idOrVar","v":"value"}," सालु अॻु"]},"$x":[{"t":"idOrVar","v":"plural"},"value"]},{"$i":"minutes-until-long","$v":{"zero":"हाणि","one":"हिक मिंटु में","two":[{"t":"idOrVar","v":"value"}," मिन्टनि में"],"few":[{"t":"idOrVar","v":"value"}," मिन्टनि में"],"many":[{"t":"idOrVar","v":"value"}," मिन्टनि में"],"other":[{"t":"idOrVar","v":"value"}," मिन्टनि में"]},"$x":[{"t":"idOrVar","v":"plural"},"value"]},{"$i":"hours-until-long","$v":{"zero":"हाणि","one":"हिक कलाकु में","two":[{"t":"idOrVar","v":"value"}," कलाकनि में"],"few":[{"t":"idOrVar","v":"value"}," कलाकनि में"],"many":[{"t":"idOrVar","v":"value"}," कलाकनि में"],"other":[{"t":"idOrVar","v":"value"}," कलाकनि में"]},"$x":[{"t":"idOrVar","v":"plural"},"value"]},{"$i":"days-until-long","$v":{"zero":"अजु॒","one":"सुभाणे","two":[{"t":"idOrVar","v":"value"}," ॾींहुं में"],"few":[{"t":"idOrVar","v":"value"}," ॾींहुं में"],"many":[{"t":"idOrVar","v":"value"}," ॾींहुं में"],"other":[{"t":"idOrVar","v":"value"}," ॾींहुं में"]},"$x":[{"t":"idOrVar","v":"plural"},"value"]},{"$i":"weeks-until-long","$v":{"zero":"हुन हफ़्ते","one":"ईंदड़ सालु","two":[{"t":"idOrVar","v":"value"}," हफ़्तनि में"],"few":[{"t":"idOrVar","v":"value"}," हफ़्तनि में"],"many":[{"t":"idOrVar","v":"value"}," हफ़्तनि में"],"other":[{"t":"idOrVar","v":"value"}," हफ़्तनि में"]},"$x":[{"t":"idOrVar","v":"plural"},"value"]},{"$i":"months-until-long","$v":{"zero":"हुन महीने","one":"ईंदड़ महीने","two":[{"t":"idOrVar","v":"value"}," महीननि में"],"few":[{"t":"idOrVar","v":"value"}," महीननि में"],"many":[{"t":"idOrVar","v":"value"}," महीननि में"],"other":[{"t":"idOrVar","v":"value"}," महीननि में"]},"$x":[{"t":"idOrVar","v":"plural"},"value"]},{"$i":"years-until-long","$v":{"zero":"हुन सालु","one":"ईंदड़ सालु","two":[{"t":"idOrVar","v":"value"}," सालनि में"],"few":[{"t":"idOrVar","v":"value"}," सालनि में"],"many":[{"t":"idOrVar","v":"value"}," सालनि में"],"other":[{"t":"idOrVar","v":"value"}," सालनि में"]},"$x":[{"t":"idOrVar","v":"plural"},"value"]},{"$i":"minutes-ago-short","$v":{"zero":"बिलकुल हाणे","other":[{"t":"idOrVar","v":"value"}," मिंटु अॻु"]},"$x":[{"t":"idOrVar","v":"plural"},"value"]},{"$i":"hours-ago-short","$v":{"zero":"बिलकुल हाणे","other":[{"t":"idOrVar","v":"value"}," कलाकु अॻु"]},"$x":[{"t":"idOrVar","v":"plural"},"value"]},{"$i":"days-ago-short","$v":{"zero":"अजु॒","other":[{"t":"idOrVar","v":"value"}," ॾींहुं अॻु"]},"$x":[{"t":"idOrVar","v":"plural"},"value"]},{"$i":"minutes-until-short","$v":{"zero":"हाणि","other":[{"t":"idOrVar","v":"value"},"m में"]},"$x":[{"t":"idOrVar","v":"plural"},"value"]},{"$i":"hours-until-short","$v":{"zero":"हाणि","other":[{"t":"idOrVar","v":"value"},"h में"]},"$x":[{"t":"idOrVar","v":"plural"},"value"]},{"$i":"days-until-short","$v":{"zero":"अजु॒","other":[{"t":"idOrVar","v":"value"},"d में"]},"$x":[{"t":"idOrVar","v":"plural"},"value"]},{"$i":"incorrectDate","$v":"( ग़लति तारीख़)"},{"$i":"dateTimeFormat_%c","$v":"%a %b %e %Y %I:%M:%S %p"},{"$i":"dateTimeFormat_%x","$v":"%m/%d/%Y"},{"$i":"dateTimeFormat_%X","$v":"%I:%M:%S %p"},{"$i":"shortTimeFormat","$v":"%I:%M %p"},{"$i":"shortTimeFormat12","$v":"%I:%M %p"},{"$i":"shortTimeFormat24","$v":"%H:%M"},{"$i":"shortDateTimeFormat","$v":"%x %I:%M %p"},{"$i":"weekStartsOnMonday","$v":"0"},{"$i":"firstDayOfTheWeek","$v":"0"},{"$i":"time_am","$v":"AM"},{"$i":"time_pm","$v":"PM"}]