[{"$i":"search-or-enter-address","placeholder":"தேடுக அல்லது முகவரியைத் உள்ளிடுக"},{"$i":"delete-title","$v":[{"t":"idOrVar","v":"name"},"-ஐ நீக்கு"]},{"$i":"delete-body","$v":[{"t":"idOrVar","v":"name"}," மற்றும் அதன் டேட்டா நீக்கப்படும்."]},{"$i":"delete","$v":"நீக்கு"},{"$i":"cancel","$v":"ரத்து செய்க"},{"$i":"menu","$v":"மெனு"},{"$i":"notifications","$v":"அலர்ட்கள்"},{"$i":"speed-dial","$v":"ஸ்பீட் டயல்"},{"$i":"select","$v":"தேர்ந்தெடுக்கவும்"},{"$i":"favorite","$v":"பிடித்தவை"},{"$i":"unfavorite","$v":"பிடிக்காதவை"},{"$i":"ok","$v":"சரி"},{"$i":"edit","$v":"திருத்து"},{"$i":"call","$v":"கால்"},{"$i":"message","$v":"செய்தி"},{"$i":"options","$v":"விருப்பங்கள்"},{"$i":"assign","$v":"ஒதுக்கு"},{"$i":"remove","$v":"அகற்று"},{"$i":"replace","$v":"மாற்றவும்"},{"$i":"more","$v":"மேலும்"},{"$i":"settings","$v":"செட்டிங்ஸ்"},{"$i":"contacts","$v":"தொடர்புகள்"},{"$i":"voicemail","$v":"வாய்ஸ்மெயில்"},{"$i":"speed-dial-not-empty","ariaLabel":[{"t":"idOrVar","v":"order"},", ",{"t":"idOrVar","v":"name"}]},{"$i":"speed-dial-empty","ariaLabel":[{"t":"idOrVar","v":"order"},", காலியாக உள்ளது"]},{"$i":"remove-speed-dial","$v":["நீங்கள் நிச்சியமாக ஸ்பீட் டயலிலிருந்து ",{"t":"idOrVar","v":"name"},"-ஐ அகற்ற விரும்புகிறீர்களா ?"]},{"$i":"replace-speed-dial","$v":["நீங்கள் நிச்சியமாக ",{"t":"idOrVar","v":"name"},"-ஐ ",{"t":"idOrVar","v":"subName"}," மூலம் மாற்ற விரும்புகிறீர்களா?"]},{"$i":"assign-speed-dial","$v":[{"t":"idOrVar","v":"n"}," பட்டனில் தொடர்பு ஸ்பீட் டயலாகச் சேர்க்கப்படவில்லை . இப்போதே ஒதுக்கவா?"]},{"$i":"assign-voicemail","$v":"வாய்ஸ் மெயில் எண் அமைக்கப்படவில்லை."},{"$i":"alert-for-contacts-without-number","$v":"ஃபோன் எண்ணுடன் எந்த தொடர்பும் இல்லை."},{"$i":"option-remove","$v":"ஸ்பீட் டயலில் இருந்து அகற்றவும்"},{"$i":"option-replace","$v":"மாற்றவும்"},{"$i":"all-apps","$v":"எல்லாம் ஆப்-கள்"},{"$i":"add-to-existing-contact","$v":"ஏற்கனவே உள்ள தொடர்பில் சேர்"},{"$i":"create-new-contact","$v":"புதிய தொடர்பை உருவாக்கு"},{"$i":"sending","$v":"அனுப்புகிறது…"},{"$i":"callAirplaneModeTitle","$v":"ஏரோப்ளைன் மோட் செயல்படுத்தப்பட்டது"},{"$i":"callAirplaneModeMessage","$v":"கால் செய்ய நீங்கள் செட்டிஙஸ்-இல் ஏரோப்ளைன் மோட்-ஐ முடக்க வேண்டும்."},{"$i":"emergencyDialogTitle","$v":"நெட்வொர்க் கனெக்ஷன் இல்லை"},{"$i":"emergencyDialogBodyBadNumber","$v":"கால் செய்ய, ஃபோன் நெட்வொர்க்குடன் கனெக்ட் செய்திருக்க வேண்டும்."},{"$i":"emergencyDialogBodyDeviceNotAccepted","$v":"நெட்வொர்க்கால் அவசர கால்-கள் அனுமதிக்கப்படவில்லை."},{"$i":"invalidNumberToDialTitle","$v":"செல்லாத ஃபோன் எண்"},{"$i":"invalidNumberToDialMessage","$v":"நீங்கள் கால் செய்யும் ஃபோன் எண் சரியானது அல்ல."},{"$i":"emergency-call-only","$v":"அவசர கால்-கள் மட்டும்"},{"$i":"emergency-call-error","$v":[{"t":"idOrVar","v":"number"}," அவசரநிலை எண் இல்லை."]},{"$i":"numberIsBusyTitle","$v":"எண் பிஸியாக உள்ளது"},{"$i":"numberIsBusyMessage","$v":"எண் தற்போது பிஸியாக உள்ளது. தயவுசெய்து மீண்டும் முயலவும்."},{"$i":"fdnIsActiveTitle","$v":"FDN செயலில் உள்ளது"},{"$i":"fdnIsActiveMessage","$v":["FDN (ஃபிக்ஸ்ட் டயலிங் நம்பர்ஸ்) செயல்படுத்தப்பட்டது, பின்வரும் எண்கள் உங்கள் FDN பட்டியலில் இல்லை: ",{"t":"idOrVar","v":"number"}]},{"$i":"otherConnectionInUseTitle","$v":"வேறொரு கனெக்ஷன் பயன்பாட்டில் உள்ளது"},{"$i":"otherConnectionInUseMessage","$v":"உங்களுக்கு மற்றொரு கனெக்ஷனில் செயலில் உள்ள கால் உள்ளது. ஒரே நேரத்தில் ஒரு கனெக்ஷனை மட்டுமே நீங்கள் பயன்படுத்தலாம்."},{"$i":"GenericFailure","$v":"பொதுவான செயலிழப்பு"},{"$i":"CallFailed","$v":"கால் தோல்வியடைந்தது"},{"$i":"scCallBarring","$v":"கால் தடுப்பு"},{"$i":"scCallForwarding","$v":"கால் பார்வேர்ட்ங்"},{"$i":"scClip","$v":"இன்கமிங் காலர் ID"},{"$i":"scClir","$v":"அவுட்கோயிங் காலர் ID"},{"$i":"scPwd","$v":"பாஸ்வெர்ட்-ஐ மாற்று"},{"$i":"scCallWaiting","$v":"கால் காத்திருப்பு"},{"$i":"scPin","$v":"பின்னை மாற்று"},{"$i":"scPin2","$v":"பின்2-ஐ மாற்று"},{"$i":"scPuk","$v":"பின்னின் தடையை நீக்கவும்"},{"$i":"scPuk2","$v":"பின்2 -இன் தடையை நீக்கவும்"},{"$i":"scImei","$v":"IMEI"},{"$i":"scMeid","$v":"MEID"},{"$i":"scUssd","$v":"USSD"},{"$i":"personal","$v":"தனிப்பட்டவை"},{"$i":"mobile","$v":"மொபைல்"},{"$i":"home","$v":"ஹோம்"},{"$i":"work","$v":"அலுவலகம்"},{"$i":"fax-home","$v":"Fax ஹோம்"},{"$i":"fax-office","$v":"Fax ஆப்பீஸ்"},{"$i":"fax-other","$v":"மற்றவருக்கு Fax"},{"$i":"homescreen-settings","$v":"ஹோம்ஸ்கிரீன் செட்டிங்ஸ்"},{"$i":"change-wallpaper","$v":"வால்பேப்பர் மாற்றம்"},{"$i":"add-smart-collections","$v":"ஸ்மார்ட் சேகரிப்புகளை சேர்"},{"$i":"edit-mode","$v":"திருத்து"},{"$i":"edit-done","$v":"முடிந்தது"},{"$i":"stop-download-title","$v":[{"t":"idOrVar","v":"name"}," நிறுத்து"]},{"$i":"stop-download-body","$v":"டவுன்லோட் ஆகுவதை நிறுத்த விரும்புகிறீர்களா?"},{"$i":"stop-download-action","$v":"நிறுத்து"},{"$i":"resume-download-title","$v":"டவுன்லோட்-ஐ மறுதொடக்கம் செய்க"},{"$i":"resume-download-body","$v":["நீங்கள் ",{"t":"idOrVar","v":"name"},"-ஐ டவுன்லோட் செய்ய விரும்புகிறீர்களா?"]},{"$i":"resume-download-action","$v":"டவுன்லோட்"},{"$i":"edit-group-header","$v":"குழுவைத் திருத்து"},{"$i":"tcl-wallpaper-changed","$v":"வால்பேப்பர் மாற்றப்பட்டது"},{"$i":"gaia-shortcut-app-updated","$v":"ஆப் அப்டேட் செய்யப்பட்டது"},{"$i":"clocks-updated","$v":"கடிகாரங்கள் அப்டேட் செய்யப்பட்டது"},{"$i":"longDateFormat","$v":"%A, %b %e"},{"$i":"app-title","$v":"எனது ஆப்-கள்"},{"$i":"app-uninstall","$v":[{"t":"idOrVar","v":"name"}," அன்இன்ஸ்டால் செய்யப்பட்டது"]},{"$i":"confirmation","$v":"உறுதிப்படுத்துதல்"},{"$i":"call-forwarding-async","$v":["அசின்க்ரோனஸ்: ",{"t":"idOrVar","v":"async"}]},{"$i":"call-forwarding-data","$v":["டேட்டா: ",{"t":"idOrVar","v":"data"}]},{"$i":"call-forwarding-error","$v":"கால் ஃபார்வர்டிங் நிலையை மீட்டெடுக்கும் போது ஒரு பிழை ஏற்பட்டது"},{"$i":"call-forwarding-fax","$v":["FAX: ",{"t":"idOrVar","v":"fax"}]},{"$i":"call-forwarding-inactive","$v":"செயல்படாதது"},{"$i":"call-forwarding-packet","$v":["பாக்கெட்: ",{"t":"idOrVar","v":"packet"}]},{"$i":"call-forwarding-pad","$v":["PAD: ",{"t":"idOrVar","v":"pad"}]},{"$i":"call-forwarding-sms","$v":["SMS: ",{"t":"idOrVar","v":"sms"}]},{"$i":"call-forwarding-status","$v":"கால் பார்வேர்ட்ங் நிலை"},{"$i":"call-forwarding-sync","$v":["ஒத்தியங்கு: ",{"t":"idOrVar","v":"sync"}]},{"$i":"call-forwarding-voice","$v":["வாய்ஸ்: ",{"t":"idOrVar","v":"voice"}]},{"$i":"serviceClassVoice","$v":"வாய்ஸ்"},{"$i":"serviceClassData","$v":"டேட்டா"},{"$i":"serviceClassFax","$v":"FAX"},{"$i":"serviceClassSms","$v":"SMS"},{"$i":"serviceClassDataSync","$v":"சின்க்"},{"$i":"serviceClassDataAsync","$v":"அசின்க்"},{"$i":"serviceClassPacket","$v":"பேக்கெட்"},{"$i":"serviceClassPad","$v":"PAD"},{"$i":"smServiceEnabled","$v":"சேவை செயல்படுத்தப்பட்டது"},{"$i":"smServiceDisabled","$v":"சேவை முடக்கப்பட்டுள்ளது"},{"$i":"smServiceRegistered","$v":"வெற்றிகரமாகப் பதிவுசெய்யப்பட்டது"},{"$i":"smServiceErased","$v":"அழிப்பு வெற்றியடைந்தது"},{"$i":"smServiceInterrogated","$v":"கோரிக்கை வெற்றியடைந்தது"},{"$i":"smServiceNotProvisioned","$v":"சேவை ஒதுக்கீடு செய்யப்படவில்லை"},{"$i":"smClirPermanent","$v":"காலர் ID அமைப்பை நீங்கள் மாற்ற முடியாது"},{"$i":"smClirDefaultOnNextCallOn","$v":"காலர் ID டீஃபால்ட்ஸ் கட்டுப்படுத்தப்பட்டுள்ளது. அடுத்த கால்: கட்டுப்படுத்தப்பட்டுள்ளது"},{"$i":"smClirDefaultOnNextCallOff","$v":"காலர் ID டீஃபால்ட்ஸ் கட்டுப்படுத்தப்பட்டுள்ளது. அடுத்த கால்: கட்டுப்படுத்தப்படவில்லை"},{"$i":"smClirDefaultOffNextCallOn","$v":"காலர் ID டீஃபால்ட்ஸ் கட்டுப்படுத்தப்படவில்லை. அடுத்த கால்: கட்டுப்படுத்தப்பட்டுள்ளது"},{"$i":"smClirDefaultOffNextCallOff","$v":"காலர் ID டீஃபால்ட்ஸ் கட்டுப்படுத்தப்படவில்லை. அடுத்த கால்: கட்டுப்படுத்தப்படவில்லை"},{"$i":"smServiceEnabledFor","$v":"இதற்காக சேவை செயல்படுத்தப்பட்டது:"},{"$i":"smPinChanged","$v":"பின் வெற்றிகரமாக மாற்றப்பட்டது"},{"$i":"smPinUnblocked","$v":"பின் வெற்றிகரமாக தடைநீக்கப்பட்டது"},{"$i":"smPin2Changed","$v":"பின்2 வெற்றிகரமாக மாற்றப்பட்டது"},{"$i":"smPin2Unblocked","$v":"பின்2 வெற்றிகரமாக தடைநீக்கப்பட்டது"},{"$i":"ServiceIsEnabled","$v":"சேவை செயல்படுத்தப்பட்டுள்ளது"},{"$i":"ServiceIsDisabled","$v":"சேவை முடக்கப்பட்டது"},{"$i":"ServiceIsEnabledFor","$v":"இதற்காக சேவை செயல்படுத்தப்பட்டுள்ளது:"},{"$i":"emMmiError","$v":"கனெக்ஷன் சிக்கல் அல்லது செல்லாத MMI கோட்"},{"$i":"emMmiErrorPasswordIncorrect","$v":"தவறான பாஸ்வெர்ட்"},{"$i":"emMmiErrorNotSupported","$v":"செல்லாத அல்லது ஆதரிக்கப்படாத MMI கோட்"},{"$i":"emMmiErrorInvalidAction","$v":"செல்லாத  செயல்"},{"$i":"emMmiErrorInvalidScCode","$v":"செல்லாத சேவைக் கோட்"},{"$i":"emMmiErrorBadPuk","$v":"நீங்கள் டைப் செய்த PUK சரியானது இல்லை"},{"$i":"emMmiErrorBadPin","$v":"நீங்கள் டைப் செய்த பழைய பின் சரியானது இல்லை."},{"$i":"emMmiErrorNeedPuk2","$v":"சிம் கார்டு தடையை நீக்க PUK2 என்று டைப் செய்யவும்"},{"$i":"emMmiErrorMismatchPin","$v":"நீங்கள் டைப் செய்த பின்கள் பொருந்தவில்லை"},{"$i":"emMmiErrorInvalidPin","$v":"4 முதல் 8 எண்களை கொண்டுள்ள பின்னை டைப் செய்யவும்"},{"$i":"emMmiErrorNeedsPuk","$v":"உங்கள் சிம் கார்டு PUK லாக்  செய்யப்பட்டுள்ளது"},{"$i":"emMmiErrorEnablePin","$v":"வெற்றியடையவில்லை. SIM/RUIM லாக்-ஐ செயல்படுத்தவும்"},{"$i":"emMmiErrorMmiFdn","$v":"ஃபிக்ஸ்ட் டயலிங் எண்களுக்கு மட்டும் ஆபரேஷன் தடுக்கப்பட்டுள்ளது"},{"$i":"emMmiErrorStkCcUssdDial","$v":"USSD கோரிக்கையானது டயல் கோரிக்கைக்கு மாற்றப்பட்டது"},{"$i":"emMmiErrorStkCcUssdSs","$v":"USSD கோரிக்கையானது SS கோரிக்கைக்கு மாற்றப்பட்டது"},{"$i":"emMmiErrorStkCcUssdUssd","$v":"USSD கோரிக்கையானது புதிய USSD கோரிக்கைக்கு மாற்றப்பட்டது"},{"$i":"emMmiErrorStkCcSsDial","$v":"டயல் கோரிக்கைக்கு SS கோரிக்கை திருத்தப்பட்டது"},{"$i":"emMmiErrorStkCcSsUssd","$v":"USSD கோரிக்கைக்கு SS கோரிக்கை திருத்தப்பட்டது"},{"$i":"emMmiErrorStkCcSsSs","$v":"புதிய SS கோரிக்கைக்கு SS கோரிக்கை திருத்தப்பட்டது"},{"$i":"emMmiErrorPinPukAttempts","$v":{"one":[{"t":"idOrVar","v":"n"}," முயற்சிகள் மட்டுமே மீதமுள்ளது"],"two":["மீண்டும் முயற்சித்தல் ",{"t":"idOrVar","v":"n"}," மீதமுள்ளன"],"few":["மீண்டும் முயற்சித்தல் ",{"t":"idOrVar","v":"n"}," மீதமுள்ளன"],"many":["மீண்டும் முயற்சித்தல் ",{"t":"idOrVar","v":"n"}," மீதமுள்ளன"],"other":["மீண்டும் முயற்சித்தல் ",{"t":"idOrVar","v":"n"}," மீதமுள்ளன"]},"$x":[{"t":"idOrVar","v":"plural"},"n"]},{"$i":"emMmiErrorSimBlocked","$v":"உள்ளீடுகளின் அதிகபட்ச எண்ணிக்கையைத் தாண்டியது. சிம் தடுக்கப்பட்டது"},{"$i":"RadioNotAvailable","$v":"ரேடியோ கிடைக்கவில்லை"},{"$i":"PasswordIncorrect","$v":"பாஸ்வெர்ட் தவறானது"},{"$i":"SimPin2","$v":"சிம் பின்2"},{"$i":"SimPuk2","$v":"சிம் PUK2"},{"$i":"RequestNotSupported","$v":"கோரிக்கை ஆதரிக்கப்படவில்லை"},{"$i":"OpNotAllowedDuringVoiceCall","$v":"வாய்ஸ் கால்-இன் போது ஆபரேஷன் அனுமதிக்கப்படவில்லை"},{"$i":"SmsSendFailRetry","$v":"SMS அனுப்பியது தோல்வியுற்றது மீண்டும் முயலவும்"},{"$i":"SimAbsent","$v":"சிம் இல்லை"},{"$i":"SubscriptionNotAvailable","$v":"சந்தா கிடைக்கவில்லை"},{"$i":"ModeNotSupported","$v":"மோட் ஆதரிக்கப்படவில்லை"},{"$i":"FdnCheckFailure","$v":"FDN சோதனை தோல்வி"},{"$i":"IllegalSimOrMe","$v":"சட்டவிரோத சிம் அல்லது ME"},{"$i":"DialModifiedToUssd","$v":"USSD-க்கு டயல் மாற்றப்பட்டது"},{"$i":"DialModifiedToSs","$v":"SS-க்கு டயல் மாற்றப்பட்டது"},{"$i":"DialModifiedToDial","$v":"டயலுக்கு டயல் மாற்றப்பட்டது"},{"$i":"UssdModifiedToDial","$v":"USSD, டயல் ஆக திருத்தப்பட்டது"},{"$i":"UssdModifiedToSs","$v":"USSD, SS ஆக திருத்தப்பட்டது"},{"$i":"UssdModifiedToUssd","$v":"USSD, USSD ஆக திருத்தப்பட்டது"},{"$i":"SsModifiedToDial","$v":"SS, டயலுக்கு திருத்தப்பட்டது"},{"$i":"SsModifiedToUssd","$v":"SS, USSD-க்கு திருத்தப்பட்டது"},{"$i":"SsModifiedToSs","$v":"SS, SS-க்கு திருத்தப்பட்டது"},{"$i":"SubscriptionNotSupported","$v":"சந்தா ஆதரிக்கப்படவில்லை"},{"$i":"InvalidParameter","$v":"செல்லாத பேராமீட்டர்"},{"$i":"RejectedByRemote","$v":"ரிமோட்டால், நிராகரிக்கப்பட்டது"},{"$i":"sim-with-index-and-carrier","$v":["சிம் ",{"t":"idOrVar","v":"index"}," - ",{"t":"idOrVar","v":"carrier"}]},{"$i":"sim-without-carrier","$v":["சிம் ",{"t":"idOrVar","v":"index"}]},{"$i":"label","$v":"லேபில்"},{"$i":"faxHome","$v":"Fax ஹோம்"},{"$i":"faxOffice","$v":"Fax ஆப்பீஸ்"},{"$i":"faxOther","$v":"மற்றவருக்கு Fax"},{"$i":"another","$v":"வேறொரு"},{"$i":"other","$v":"மற்ற"},{"$i":"tcl-customTag","$v":"கஸ்டம் டேக்"},{"$i":"customTag","$v":"கஸ்டம் டேக்","placeholder":"கஸ்டம் டேக்"},{"$i":"current","$v":"தற்போதைய"},{"$i":"itemWithLabel","$v":[{"t":"idOrVar","v":"label"},", ",{"t":"idOrVar","v":"item"}]},{"$i":"weekday-0-long","$v":"ஞாயிறுக்கிழமை"},{"$i":"weekday-1-long","$v":"திங்கள்"},{"$i":"weekday-2-long","$v":"செவ்வாய்க்கிழமை"},{"$i":"weekday-3-long","$v":"புதன்கிழமை"},{"$i":"weekday-4-long","$v":"வியாழக்கிழமை"},{"$i":"weekday-5-long","$v":"வெள்ளி"},{"$i":"weekday-6-long","$v":"சனிக்கிழமை"},{"$i":"weekday-0-short","$v":"ஞாயிறுக்கிழமை"},{"$i":"weekday-1-short","$v":"திங்கள்"},{"$i":"weekday-2-short","$v":"செவ்வாய்க்கிழமை"},{"$i":"weekday-3-short","$v":"புதன்கிழமை"},{"$i":"weekday-4-short","$v":"வியாழன்"},{"$i":"weekday-5-short","$v":"வெள்ளி"},{"$i":"weekday-6-short","$v":"சனிக்கிழமை"},{"$i":"month-0-long","$v":"ஜனவரி"},{"$i":"month-1-long","$v":"பிப்ரவரி"},{"$i":"month-2-long","$v":"மார்ச்"},{"$i":"month-3-long","$v":"ஏப்ரல்"},{"$i":"month-4-long","$v":"மே"},{"$i":"month-5-long","$v":"ஜூன்"},{"$i":"month-6-long","$v":"ஜூலை"},{"$i":"month-7-long","$v":"ஆகஸ்ட்"},{"$i":"month-8-long","$v":"செப்டம்பர்"},{"$i":"month-9-long","$v":"அக்டோபர்"},{"$i":"month-10-long","$v":"நவம்பர்"},{"$i":"month-11-long","$v":"டிசம்பர்"},{"$i":"month-0-genitive","$v":"ஜனவரி"},{"$i":"month-1-genitive","$v":"பிப்ரவரி"},{"$i":"month-2-genitive","$v":"மார்ச்"},{"$i":"month-3-genitive","$v":"ஏப்ரல்"},{"$i":"month-4-genitive","$v":"மே"},{"$i":"month-5-genitive","$v":"ஜூன்"},{"$i":"month-6-genitive","$v":"ஜூலை"},{"$i":"month-7-genitive","$v":"ஆகஸ்ட்"},{"$i":"month-8-genitive","$v":"செப்டம்பர்"},{"$i":"month-9-genitive","$v":"அக்டோபர்"},{"$i":"month-10-genitive","$v":"நவம்பர்"},{"$i":"month-11-genitive","$v":"டிசம்பர்"},{"$i":"month-0-short","$v":"ஜனவரி"},{"$i":"month-1-short","$v":"பிப்ரவரி"},{"$i":"month-2-short","$v":"மார்ச்"},{"$i":"month-3-short","$v":"ஏப்ரல்"},{"$i":"month-4-short","$v":"மே"},{"$i":"month-5-short","$v":"ஜூன்"},{"$i":"month-6-short","$v":"ஜூலை"},{"$i":"month-7-short","$v":"ஆகஸ்ட்"},{"$i":"month-8-short","$v":"செப்டம்பர்"},{"$i":"month-9-short","$v":"அக்டோபர்"},{"$i":"month-10-short","$v":"நவம்பர்"},{"$i":"month-11-short","$v":"டிசம்பர்"},{"$i":"minutes-ago-long","$v":{"zero":"இப்போது தான்","one":"ஒரு நிமிடம் முன்பாக","two":[{"t":"idOrVar","v":"value"}," நிமிடங்களுக்கு முன்பு"],"few":[{"t":"idOrVar","v":"value"}," நிமிடங்களுக்கு முன்பு"],"many":[{"t":"idOrVar","v":"value"}," நிமிடங்களுக்கு முன்பு"],"other":[{"t":"idOrVar","v":"value"}," நிமிடங்களுக்கு முன்பு"]},"$x":[{"t":"idOrVar","v":"plural"},"value"]},{"$i":"hours-ago-long","$v":{"zero":"இப்போது தான்","one":"ஒரு மணிநேரம் முன்பாக","two":[{"t":"idOrVar","v":"value"}," மணிநேரங்களுக்கு முன்பு"],"few":[{"t":"idOrVar","v":"value"}," மணிநேரங்களுக்கு முன்பு"],"many":[{"t":"idOrVar","v":"value"}," மணிநேரங்களுக்கு முன்பு"],"other":[{"t":"idOrVar","v":"value"}," மணிநேரங்களுக்கு முன்பு"]},"$x":[{"t":"idOrVar","v":"plural"},"value"]},{"$i":"days-ago-long","$v":{"zero":"இன்று","one":"நேற்று","two":[{"t":"idOrVar","v":"value"}," நாட்களுக்கு முன்பு"],"few":[{"t":"idOrVar","v":"value"}," நாட்களுக்கு முன்பு"],"many":[{"t":"idOrVar","v":"value"}," நாட்களுக்கு முன்பு"],"other":[{"t":"idOrVar","v":"value"}," நாட்களுக்கு முன்பு"]},"$x":[{"t":"idOrVar","v":"plural"},"value"]},{"$i":"weeks-ago-long","$v":{"zero":"இந்த வாரம்","one":"கடந்த வாரம்","two":[{"t":"idOrVar","v":"value"}," வாரங்களுக்கு முன்பு"],"few":[{"t":"idOrVar","v":"value"}," வாரங்களுக்கு முன்பு"],"many":[{"t":"idOrVar","v":"value"}," வாரங்களுக்கு முன்பு"],"other":[{"t":"idOrVar","v":"value"}," வாரங்களுக்கு முன்பு"]},"$x":[{"t":"idOrVar","v":"plural"},"value"]},{"$i":"months-ago-long","$v":{"zero":"இந்த மாதம்","one":"கடந்த மாதம்","two":[{"t":"idOrVar","v":"value"}," மாதங்களுக்கு முன்பு"],"few":[{"t":"idOrVar","v":"value"}," மாதங்களுக்கு முன்பு"],"many":[{"t":"idOrVar","v":"value"}," மாதங்களுக்கு முன்பு"],"other":[{"t":"idOrVar","v":"value"}," மாதங்களுக்கு முன்பு"]},"$x":[{"t":"idOrVar","v":"plural"},"value"]},{"$i":"years-ago-long","$v":{"zero":"இந்த வருடம்","one":"கடந்த வருடம்","two":[{"t":"idOrVar","v":"value"}," வருடங்களுக்கு முன்பு"],"few":[{"t":"idOrVar","v":"value"}," வருடங்களுக்கு முன்பு"],"many":[{"t":"idOrVar","v":"value"}," வருடங்களுக்கு முன்பு"],"other":[{"t":"idOrVar","v":"value"}," வருடங்களுக்கு முன்பு"]},"$x":[{"t":"idOrVar","v":"plural"},"value"]},{"$i":"minutes-until-long","$v":{"zero":"இப்போதே","one":"ஒரு நிமிடத்தில்","two":[{"t":"idOrVar","v":"value"}," நிமிடங்களில்"],"few":[{"t":"idOrVar","v":"value"}," நிமிடங்களில்"],"many":[{"t":"idOrVar","v":"value"}," நிமிடங்களில்"],"other":[{"t":"idOrVar","v":"value"}," நிமிடங்களில்"]},"$x":[{"t":"idOrVar","v":"plural"},"value"]},{"$i":"hours-until-long","$v":{"zero":"இப்போதே","one":"ஒரு மணிநேரத்தில்","two":[{"t":"idOrVar","v":"value"}," மணிநேரங்களில்"],"few":[{"t":"idOrVar","v":"value"}," மணிநேரங்களில்"],"many":[{"t":"idOrVar","v":"value"}," மணிநேரங்களில்"],"other":[{"t":"idOrVar","v":"value"}," மணிநேரங்களில்"]},"$x":[{"t":"idOrVar","v":"plural"},"value"]},{"$i":"days-until-long","$v":{"zero":"இன்று","one":"நாளை","two":[{"t":"idOrVar","v":"value"}," நாட்களில்"],"few":[{"t":"idOrVar","v":"value"}," நாட்களில்"],"many":[{"t":"idOrVar","v":"value"}," நாட்களில்"],"other":[{"t":"idOrVar","v":"value"}," நாட்களில்"]},"$x":[{"t":"idOrVar","v":"plural"},"value"]},{"$i":"weeks-until-long","$v":{"zero":"இந்த வாரம்","one":"அடுத்த வாரம்","two":[{"t":"idOrVar","v":"value"}," வாரங்களில்"],"few":[{"t":"idOrVar","v":"value"}," வாரங்களில்"],"many":[{"t":"idOrVar","v":"value"}," வாரங்களில்"],"other":[{"t":"idOrVar","v":"value"}," வாரங்களில்"]},"$x":[{"t":"idOrVar","v":"plural"},"value"]},{"$i":"months-until-long","$v":{"zero":"இந்த மாதம்","one":"அடுத்த மாதம்","two":[{"t":"idOrVar","v":"value"}," மாதங்களில்"],"few":[{"t":"idOrVar","v":"value"}," மாதங்களில்"],"many":[{"t":"idOrVar","v":"value"}," மாதங்களில்"],"other":[{"t":"idOrVar","v":"value"}," மாதங்களில்"]},"$x":[{"t":"idOrVar","v":"plural"},"value"]},{"$i":"years-until-long","$v":{"zero":"இந்த வருடம்","one":"அடுத்த ஆண்டு","two":[{"t":"idOrVar","v":"value"}," வருடங்களில்"],"few":[{"t":"idOrVar","v":"value"}," வருடங்களில்"],"many":[{"t":"idOrVar","v":"value"}," வருடங்களில்"],"other":[{"t":"idOrVar","v":"value"}," வருடங்களில்"]},"$x":[{"t":"idOrVar","v":"plural"},"value"]},{"$i":"minutes-ago-short","$v":{"zero":"இப்போது தான்","other":[{"t":"idOrVar","v":"value"},"நிமிடம் முன்பு"]},"$x":[{"t":"idOrVar","v":"plural"},"value"]},{"$i":"hours-ago-short","$v":{"zero":"இப்போது தான்","other":[{"t":"idOrVar","v":"value"},"மணிநேரம் முன்பு"]},"$x":[{"t":"idOrVar","v":"plural"},"value"]},{"$i":"days-ago-short","$v":{"zero":"இன்று","other":[{"t":"idOrVar","v":"value"},"நாள் முன்பு"]},"$x":[{"t":"idOrVar","v":"plural"},"value"]},{"$i":"minutes-until-short","$v":{"zero":"இப்போதே","other":[{"t":"idOrVar","v":"value"},"நிமிடத்தில்"]},"$x":[{"t":"idOrVar","v":"plural"},"value"]},{"$i":"hours-until-short","$v":{"zero":"இப்போதே","other":[{"t":"idOrVar","v":"value"},"மணிநேரத்தில்"]},"$x":[{"t":"idOrVar","v":"plural"},"value"]},{"$i":"days-until-short","$v":{"zero":"இன்று","other":[{"t":"idOrVar","v":"value"},"நாள் இல்"]},"$x":[{"t":"idOrVar","v":"plural"},"value"]},{"$i":"incorrectDate","$v":"(தவறான தேதி)"},{"$i":"dateTimeFormat_%c","$v":"%a %b %e %Y %I:%M:%S %p"},{"$i":"dateTimeFormat_%x","$v":"%m/%d/%Y"},{"$i":"dateTimeFormat_%X","$v":"%I:%M:%S %p"},{"$i":"shortTimeFormat","$v":"%I:%M %p"},{"$i":"shortTimeFormat12","$v":"%I:%M %p"},{"$i":"shortTimeFormat24","$v":"%H:%M"},{"$i":"shortDateTimeFormat","$v":"%x %I:%M %p"},{"$i":"weekStartsOnMonday","$v":"0"},{"$i":"firstDayOfTheWeek","$v":"0"},{"$i":"time_am","$v":"AM"},{"$i":"time_pm","$v":"PM"}]