[{"$i":"search-or-enter-address","placeholder":"చిరునామాను శోధించు లేదా నమోదు చేయండి"},{"$i":"delete-title","$v":[{"t":"idOrVar","v":"name"},"ని తొలగించాలా"]},{"$i":"delete-body","$v":[{"t":"idOrVar","v":"name"}," మరియు దాని మొత్తం డేటా తొలగించబడుతుంది."]},{"$i":"delete","$v":"తొలగించు"},{"$i":"cancel","$v":"రద్దు చేయి"},{"$i":"menu","$v":"మెను"},{"$i":"notifications","$v":"అలర్ట్స్"},{"$i":"speed-dial","$v":"స్పీడ్ డయల్"},{"$i":"select","$v":"ఎంచుకోండి"},{"$i":"favorite","$v":"ఇష్టమైనవి"},{"$i":"unfavorite","$v":"ఇష్టపడనవి"},{"$i":"ok","$v":"సరే"},{"$i":"edit","$v":"సవరించు"},{"$i":"call","$v":"కాల్"},{"$i":"message","$v":"సందేశం"},{"$i":"options","$v":"ఎంపికలు"},{"$i":"assign","$v":"కేటాయించు"},{"$i":"remove","$v":"తీసివేయండి"},{"$i":"replace","$v":"భర్తీ చేయి"},{"$i":"more","$v":"మరికొన్ని"},{"$i":"settings","$v":"సెట్టింగ్స్"},{"$i":"contacts","$v":"పరిచయాలు"},{"$i":"voicemail","$v":"వాయిస్‌మెయిల్"},{"$i":"speed-dial-not-empty","ariaLabel":[{"t":"idOrVar","v":"order"},", ",{"t":"idOrVar","v":"name"}]},{"$i":"speed-dial-empty","ariaLabel":[{"t":"idOrVar","v":"order"},", ఖాళీ"]},{"$i":"remove-speed-dial","$v":["మీరు స్పీడ్ డయల్ నుండి ",{"t":"idOrVar","v":"name"},"ని తీసివేయాలనుకుంటున్నారా?"]},{"$i":"replace-speed-dial","$v":["మీరు ",{"t":"idOrVar","v":"subName"},"తో ",{"t":"idOrVar","v":"name"},"ని భర్తీ చేయాలనుకుంటున్నారా?"]},{"$i":"assign-speed-dial","$v":["పరిచయం ",{"t":"idOrVar","v":"n"}," బటన్‌పై స్పీడ్ డయల్‌గా జోడించబడలేదు. ఇప్పుడే కేటాయించాలా?"]},{"$i":"assign-voicemail","$v":"వాయిస్ మెయిల్ నంబర్ సెట్ చేయలేదు."},{"$i":"alert-for-contacts-without-number","$v":"ఫోన్ నంబరుతో ఏ పరిచయాలు అందుబాటులో లేవు."},{"$i":"option-remove","$v":"స్పీడ్ డయల్ నుండి తీసివేయండి"},{"$i":"option-replace","$v":"భర్తీ చేయి"},{"$i":"all-apps","$v":"అన్ని యాప్‌లు"},{"$i":"add-to-existing-contact","$v":"ప్రస్తుత పరిచయానికి జోడించు"},{"$i":"create-new-contact","$v":"కొత్త పరిచయాన్ని సృష్టించు"},{"$i":"sending","$v":"పంపుతోంది..."},{"$i":"callAirplaneModeTitle","$v":"ఎయిర్‌ప్లేన్ మోడ్ యాక్టివేట్ అయ్యింది"},{"$i":"callAirplaneModeMessage","$v":"ఫోన్ కాల్ చేయడానికి మీరు సెట్టింగ్స్ ‌లలోని ఎయిర్‌ప్లేన్ మోడ్‌ను నిలిపివేయాలి."},{"$i":"emergencyDialogTitle","$v":"నెట్వర్క్ కనెక్షన్ లేదు"},{"$i":"emergencyDialogBodyBadNumber","$v":"ఫోన్ కాల్ చేయడానికి, ఫోన్ తప్పనిసరిగా నెట్‌వర్క్‌కు కనెక్ట్ అయ్యి ఉండాలి."},{"$i":"emergencyDialogBodyDeviceNotAccepted","$v":"నెట్‌వర్క్ ద్వారా అత్యవసర కాల్‌లు అనుమతించబడవు."},{"$i":"invalidNumberToDialTitle","$v":"చెల్లని ఫోన్ నంబర్"},{"$i":"invalidNumberToDialMessage","$v":"మీరు కాల్ చేస్తున్న ఫోన్ నంబర్ సరైనది కాదు."},{"$i":"emergency-call-only","$v":"అత్యవసర కాల్‌లు మాత్రమే"},{"$i":"emergency-call-error","$v":[{"t":"idOrVar","v":"number"}," అత్యవసర నంబర్ కాదు."]},{"$i":"numberIsBusyTitle","$v":"నంబర్ బిజీగా ఉంది"},{"$i":"numberIsBusyMessage","$v":"ప్రస్తుతం నంబర్ బిజీగా ఉంది. దయచేసి తర్వాత  మరలా ప్రయత్నించండి."},{"$i":"fdnIsActiveTitle","$v":"FDN సక్రియపరుచు"},{"$i":"fdnIsActiveMessage","$v":["FDN (ఫిక్స్డ్ డయలింగ్ నంబర్‌లు) యాక్టివేట్ అయ్యింది మరియు క్రింది నంబర్ మీ FDN లిస్టులో లేదు: ",{"t":"idOrVar","v":"number"}]},{"$i":"otherConnectionInUseTitle","$v":"ఇతర కనెక్షన్ వినియోగంలో ఉంది"},{"$i":"otherConnectionInUseMessage","$v":"మరొక కనెక్షన్‌లో మీకు కాల్ సక్రియంగా ఉంది. మీరు ఒక సమయంలో కేవలం ఒక కనెక్షన్‌ను ఉపయోగించవచ్చు."},{"$i":"GenericFailure","$v":"సాధారణ వైఫల్యం"},{"$i":"CallFailed","$v":"కాల్ విఫలమైంది"},{"$i":"scCallBarring","$v":"కాల్ నిషేధం"},{"$i":"scCallForwarding","$v":"కాల్ ఫార్వార్డింగ్"},{"$i":"scClip","$v":"ఇన్‌కమింగ్ కాలర్ ID"},{"$i":"scClir","$v":"అవుట్‌గోయింగ్ కాలర్ ID"},{"$i":"scPwd","$v":"పాస్‌వర్డ్ మార్చు"},{"$i":"scCallWaiting","$v":"కాల్ వేచి ఉంది"},{"$i":"scPin","$v":"పిన్‌ మార్పు"},{"$i":"scPin2","$v":"పిన్2 మార్చు"},{"$i":"scPuk","$v":"పిన్‌ను అన్‌బ్లాక్ చేయి"},{"$i":"scPuk2","$v":"పిన్2ను అన్‌బ్లాక్ చేయి"},{"$i":"scImei","$v":"IMEI"},{"$i":"scMeid","$v":"MEID"},{"$i":"scUssd","$v":"USSD"},{"$i":"personal","$v":"వ్యక్తిగతం"},{"$i":"mobile","$v":"మొబైల్"},{"$i":"home","$v":"హోమ్"},{"$i":"work","$v":"కార్యాలయం"},{"$i":"fax-home","$v":"FAX హోమ్"},{"$i":"fax-office","$v":"FAX ఆఫీసు"},{"$i":"fax-other","$v":"ఇతర FAX"},{"$i":"homescreen-settings","$v":"హోమ్‌స్క్రీన్ సెట్టింగ్స్"},{"$i":"change-wallpaper","$v":"వాల్‌పేపర్‌ను మార్చండి"},{"$i":"add-smart-collections","$v":"స్మార్ట్ కలెక్షన్‌లను జోడించు"},{"$i":"edit-mode","$v":"సవరించు"},{"$i":"edit-done","$v":"పూర్తయింది"},{"$i":"stop-download-title","$v":[{"t":"idOrVar","v":"name"}," ఆపివేయి"]},{"$i":"stop-download-body","$v":"మీరు ప్రోగ్రెస్‌లో ఉన్న డౌన్‌లోడ్‌ను ఆపివేయాలనుకుంటున్నారా?"},{"$i":"stop-download-action","$v":"ఆపివేయండి"},{"$i":"resume-download-title","$v":"డౌన్‌లోడ్‌ను తిరిగి ప్రారంభించు"},{"$i":"resume-download-body","$v":["మీరు ",{"t":"idOrVar","v":"name"},"ని డౌన్‌లోడ్ చేయాలనుకుంటున్నారా?"]},{"$i":"resume-download-action","$v":"డౌన్‌లోడ్ చేయి"},{"$i":"edit-group-header","$v":"సమూహాన్ని సవరించు"},{"$i":"tcl-wallpaper-changed","$v":"వాల్‌పేపర్ మార్చబడింది"},{"$i":"gaia-shortcut-app-updated","$v":"యాప్ అప్‌డేట్ అయింది"},{"$i":"clocks-updated","$v":"గడియారాలు అప్‌డేట్ అయ్యాయి"},{"$i":"longDateFormat","$v":"%A, %b %e"},{"$i":"app-title","$v":"నా యాప్‌లు"},{"$i":"app-uninstall","$v":[{"t":"idOrVar","v":"name"}," అన్‌ఇన్‌స్టాల్ చేయబడింది"]},{"$i":"confirmation","$v":"నిర్ధారణ"},{"$i":"call-forwarding-async","$v":["అసింక్రోనస్:",{"t":"idOrVar","v":"async"}]},{"$i":"call-forwarding-data","$v":["డేటా: ",{"t":"idOrVar","v":"data"}]},{"$i":"call-forwarding-error","$v":"కాల్ ఫార్వార్డింగ్ స్థితిని తిరిగి పొందుతున్నప్పుడు లోపం ఏర్పడింది"},{"$i":"call-forwarding-fax","$v":["FAX: ",{"t":"idOrVar","v":"fax"}]},{"$i":"call-forwarding-inactive","$v":"నిష్క్రియంగా ఉంది"},{"$i":"call-forwarding-packet","$v":["ప్యాకెట్: ",{"t":"idOrVar","v":"packet"}]},{"$i":"call-forwarding-pad","$v":["PAD: ",{"t":"idOrVar","v":"pad"}]},{"$i":"call-forwarding-sms","$v":["SMS: ",{"t":"idOrVar","v":"sms"}]},{"$i":"call-forwarding-status","$v":"కాల్ ఫార్వార్డింగ్ స్థితి"},{"$i":"call-forwarding-sync","$v":["సింక్రోనస్: ",{"t":"idOrVar","v":"sync"}]},{"$i":"call-forwarding-voice","$v":["వాయిస్: ",{"t":"idOrVar","v":"voice"}]},{"$i":"serviceClassVoice","$v":"వాయిస్"},{"$i":"serviceClassData","$v":"డేటా"},{"$i":"serviceClassFax","$v":"FAX"},{"$i":"serviceClassSms","$v":"SMS"},{"$i":"serviceClassDataSync","$v":"సింక్"},{"$i":"serviceClassDataAsync","$v":"అసింక్"},{"$i":"serviceClassPacket","$v":"ప్యాకెట్"},{"$i":"serviceClassPad","$v":"PAD"},{"$i":"smServiceEnabled","$v":"సర్వీస్ ప్రారంభించబడింది"},{"$i":"smServiceDisabled","$v":"సర్వీస్ నిలిపివేయబడింది"},{"$i":"smServiceRegistered","$v":"రిజిస్ట్రేషన్ విజయవంతమైంది"},{"$i":"smServiceErased","$v":"ఎరేజర్ విజయవంతమైంది"},{"$i":"smServiceInterrogated","$v":"అభ్యర్థన విజయవంతమైంది"},{"$i":"smServiceNotProvisioned","$v":"సర్వీస్ సదుపాయం లేదు"},{"$i":"smClirPermanent","$v":"మీరు కాలర్ ID సెట్టింగ్స్ ‌ను మార్చలేరు"},{"$i":"smClirDefaultOnNextCallOn","$v":"కాలర్ ID డీఫాల్ట్స్‌కు నియంత్రించబడింది. తదుపరి కాల్: బ్లాక్ చేయబడింది"},{"$i":"smClirDefaultOnNextCallOff","$v":"కాలర్ ID డీఫాల్ట్స్‌కు నియంత్రించబడింది. తదుపరి కాల్: బ్లాక్ చేయలేదు"},{"$i":"smClirDefaultOffNextCallOn","$v":"కాలర్ ID డీఫాల్ట్స్‌కు నియంత్రించబడలేదు. తదుపరి కాల్: బ్లాక్ చేయబడింది"},{"$i":"smClirDefaultOffNextCallOff","$v":"కాలర్ ID డీఫాల్ట్స్‌కు నియంత్రించబడలేదు. తదుపరి కాల్: బ్లాక్ చేయబడలేదు"},{"$i":"smServiceEnabledFor","$v":"వీటి కోసం సేవా ప్రారంభించబడింది:"},{"$i":"smPinChanged","$v":"పిన్ విజయవంతంగా మార్చబడింది"},{"$i":"smPinUnblocked","$v":"పిన్ విజయవంతంగా అన్‌బ్లాక్ చేయబడింది"},{"$i":"smPin2Changed","$v":"పిన్2 విజయవంతంగా మార్చబడింది"},{"$i":"smPin2Unblocked","$v":"పిన్2 విజయవంతంగా అన్‌బ్లాక్ చేయబడింది"},{"$i":"ServiceIsEnabled","$v":"సర్వీస్ ప్రారంభించబడింది"},{"$i":"ServiceIsDisabled","$v":"సర్వీస్ నిలిపివేయబడింది"},{"$i":"ServiceIsEnabledFor","$v":"దీని కోసం సేవా ప్రారంభించబడింది:"},{"$i":"emMmiError","$v":"కనెక్షన్ సమస్య లేదా చెల్లని MMI కోడ్"},{"$i":"emMmiErrorPasswordIncorrect","$v":"పాస్‌వర్డ్ తప్పు"},{"$i":"emMmiErrorNotSupported","$v":"చెల్లని లేదా సపోర్ట్ చేయని MMI కోడ్"},{"$i":"emMmiErrorInvalidAction","$v":"చెల్లని చర్య"},{"$i":"emMmiErrorInvalidScCode","$v":"చెల్లని సేవా కోడ్"},{"$i":"emMmiErrorBadPuk","$v":"మీరు టైప్ చేసిన PUK తప్పు"},{"$i":"emMmiErrorBadPin","$v":"మీరు నమోదు చేసిన పాత పిన్ తప్పు."},{"$i":"emMmiErrorNeedPuk2","$v":"సిమ్ కార్డ్‌ను అన్‌బ్లాక్ చేయడానికి PUK2ను టైప్ చేయండి"},{"$i":"emMmiErrorMismatchPin","$v":"మీరు టైప్ చేసిన పిన్‌లు సరిపోలి లేదు"},{"$i":"emMmiErrorInvalidPin","$v":"4 నుంచి 8 నంబర్లను కలిగి ఉన్న పిన్‌ను టైప్ చేయండి"},{"$i":"emMmiErrorNeedsPuk","$v":"మీ సిమ్ కార్డ్ PUK- లాక్ చేయబడింది"},{"$i":"emMmiErrorEnablePin","$v":"విజయవంతం కాలేదు. SIM/RUIM లాక్‌ను ప్రారంభించు"},{"$i":"emMmiErrorMmiFdn","$v":"ఫిక్స్డ్ డయలింగ్ నంబర్‌లకు మాత్రమే చర్య నియంత్రించబడుతుంది"},{"$i":"emMmiErrorStkCcUssdDial","$v":"USSD అభ్యర్థన డయల్ అభ్యర్థనకు సవరించబడింది"},{"$i":"emMmiErrorStkCcUssdSs","$v":"USSD అభ్యర్థన SS అభ్యర్థనకు సవరించబడింది"},{"$i":"emMmiErrorStkCcUssdUssd","$v":"USSD అభ్యర్థన కొత్త USSD అభ్యర్థనకు సవరించబడింది"},{"$i":"emMmiErrorStkCcSsDial","$v":"SS అభ్యర్థన డయల్ అభ్యర్థనకు సవరించబడింది"},{"$i":"emMmiErrorStkCcSsUssd","$v":"SS అభ్యర్థన USSD అభ్యర్థనకు సవరించబడింది"},{"$i":"emMmiErrorStkCcSsSs","$v":"SS అభ్యర్థన కొత్త SS అభ్యర్థనకు సవరించబడింది"},{"$i":"emMmiErrorPinPukAttempts","$v":{"one":[{"t":"idOrVar","v":"n"}," పునఃప్రయత్నం మాత్రమే మిగిలి ఉంది"],"two":[{"t":"idOrVar","v":"n"}," పునఃప్రయత్నాలు మిగిలి ఉన్నాయి"],"few":[{"t":"idOrVar","v":"n"}," పునఃప్రయత్నాలు మిగిలి ఉన్నాయి"],"many":[{"t":"idOrVar","v":"n"}," పునఃప్రయత్నాలు మిగిలి ఉన్నాయి"],"other":[{"t":"idOrVar","v":"n"}," పునఃప్రయత్నాలు మిగిలి ఉన్నాయి"]},"$x":[{"t":"idOrVar","v":"plural"},"n"]},{"$i":"emMmiErrorSimBlocked","$v":"గరిష్ట పునఃప్రయత్నాల సంఖ్యను చేరుకుంది. సిమ్ బ్లాక్ చేయబడింది"},{"$i":"RadioNotAvailable","$v":"రేడియో అందుబాటులో లేదు"},{"$i":"PasswordIncorrect","$v":"పాస్‌వర్డ్ తప్పు"},{"$i":"SimPin2","$v":"సిమ్ పిన్2"},{"$i":"SimPuk2","$v":"సిమ్ PUK2"},{"$i":"RequestNotSupported","$v":"అభ్యర్థన సపోర్ట్ కావడం లేదు"},{"$i":"OpNotAllowedDuringVoiceCall","$v":"వాయిస్ కాల్ సమయంలో చర్య అనుమతించబడదు"},{"$i":"SmsSendFailRetry","$v":"SMS పంపడం విఫలమైంది మళ్లీ ప్రయత్నించండి"},{"$i":"SimAbsent","$v":"సిమ్ లేదు"},{"$i":"SubscriptionNotAvailable","$v":"సబ్‌స్క్రిప్షన్ అందుబాటులో లేదు"},{"$i":"ModeNotSupported","$v":"మోడ్‌కి సపోర్ట్ లేదు"},{"$i":"FdnCheckFailure","$v":"FDN చెక్  వైఫల్యం"},{"$i":"IllegalSimOrMe","$v":"చట్టవిరుద్ధ సిమ్ లేదా ME"},{"$i":"DialModifiedToUssd","$v":"డయల్ USSD కి సవరించబడింది"},{"$i":"DialModifiedToSs","$v":"డయల్ SS కి సవరించబడింది"},{"$i":"DialModifiedToDial","$v":"డయల్ డయల్‌కి సవరించబడింది"},{"$i":"UssdModifiedToDial","$v":"USSD డయల్‌కు సవరించబడింది"},{"$i":"UssdModifiedToSs","$v":"USSD SSకు సవరించబడింది"},{"$i":"UssdModifiedToUssd","$v":"USSD USSDకు సవరించబడింది"},{"$i":"SsModifiedToDial","$v":"SS డయల్‌కు సవరించబడింది"},{"$i":"SsModifiedToUssd","$v":"SS USSDకు సవరించబడింది"},{"$i":"SsModifiedToSs","$v":"SS SS కు సవరించబడింది"},{"$i":"SubscriptionNotSupported","$v":"సబ్‌స్క్రిప్షన్ సపోర్ట్ చేయడం లేదు"},{"$i":"InvalidParameter","$v":"చెల్లని ప్యారామీటర్"},{"$i":"RejectedByRemote","$v":"రిమోట్ ద్వారా తిరస్కరించబడింది"},{"$i":"sim-with-index-and-carrier","$v":["సిమ్ ",{"t":"idOrVar","v":"index"}," - ",{"t":"idOrVar","v":"carrier"}]},{"$i":"sim-without-carrier","$v":["సిమ్ ",{"t":"idOrVar","v":"index"}]},{"$i":"label","$v":"లేబుల్"},{"$i":"faxHome","$v":"FAX హోమ్"},{"$i":"faxOffice","$v":"FAX ఆఫీసు"},{"$i":"faxOther","$v":"ఇతర FAX"},{"$i":"another","$v":"మరొకటి"},{"$i":"other","$v":"ఇతర"},{"$i":"tcl-customTag","$v":"కస్టమ్ ట్యాగ్"},{"$i":"customTag","$v":"కస్టమ్ ట్యాగ్","placeholder":"కస్టమ్ ట్యాగ్"},{"$i":"current","$v":"ప్రస్తుత"},{"$i":"itemWithLabel","$v":[{"t":"idOrVar","v":"label"},", ",{"t":"idOrVar","v":"item"}]},{"$i":"weekday-0-long","$v":"ఆదివారం"},{"$i":"weekday-1-long","$v":"సోమవారం"},{"$i":"weekday-2-long","$v":"మంగళవారం"},{"$i":"weekday-3-long","$v":"బుధవారం"},{"$i":"weekday-4-long","$v":"గురువారం"},{"$i":"weekday-5-long","$v":"శుక్రవారం"},{"$i":"weekday-6-long","$v":"శనివారం"},{"$i":"weekday-0-short","$v":"ఆది"},{"$i":"weekday-1-short","$v":"సోమ"},{"$i":"weekday-2-short","$v":"మంగళ"},{"$i":"weekday-3-short","$v":"బుధ"},{"$i":"weekday-4-short","$v":"గురు"},{"$i":"weekday-5-short","$v":"శుక్ర"},{"$i":"weekday-6-short","$v":"శని"},{"$i":"month-0-long","$v":"జనవరి"},{"$i":"month-1-long","$v":"ఫిబ్రవరి"},{"$i":"month-2-long","$v":"మార్చి"},{"$i":"month-3-long","$v":"ఏప్రిల్"},{"$i":"month-4-long","$v":"మే"},{"$i":"month-5-long","$v":"జూన్"},{"$i":"month-6-long","$v":"జూలై"},{"$i":"month-7-long","$v":"ఆగష్టు"},{"$i":"month-8-long","$v":"సెప్టెంబరు"},{"$i":"month-9-long","$v":"అక్టోబర్"},{"$i":"month-10-long","$v":"నవంబర్"},{"$i":"month-11-long","$v":"డిసెంబర్"},{"$i":"month-0-genitive","$v":"జనవరి"},{"$i":"month-1-genitive","$v":"ఫిబ్రవరి"},{"$i":"month-2-genitive","$v":"మార్చి"},{"$i":"month-3-genitive","$v":"ఏప్రిల్"},{"$i":"month-4-genitive","$v":"మే"},{"$i":"month-5-genitive","$v":"జూన్"},{"$i":"month-6-genitive","$v":"జూలై"},{"$i":"month-7-genitive","$v":"ఆగష్టు"},{"$i":"month-8-genitive","$v":"సెప్టెంబరు"},{"$i":"month-9-genitive","$v":"అక్టోబర్"},{"$i":"month-10-genitive","$v":"నవంబర్"},{"$i":"month-11-genitive","$v":"డిసెంబర్"},{"$i":"month-0-short","$v":"జనవరి"},{"$i":"month-1-short","$v":"ఫిబ్రవరి"},{"$i":"month-2-short","$v":"మార్చి"},{"$i":"month-3-short","$v":"ఏప్రిల్"},{"$i":"month-4-short","$v":"మే"},{"$i":"month-5-short","$v":"జూన్"},{"$i":"month-6-short","$v":"జూలై"},{"$i":"month-7-short","$v":"ఆగష్టు"},{"$i":"month-8-short","$v":"సెప్టెంబరు"},{"$i":"month-9-short","$v":"అక్టోబర్"},{"$i":"month-10-short","$v":"నవంబర్"},{"$i":"month-11-short","$v":"డిసెంబర్"},{"$i":"minutes-ago-long","$v":{"zero":"ఇప్పుడే","one":"నిమిషం క్రితం","two":[{"t":"idOrVar","v":"value"}," నిమిషాల క్రితం"],"few":[{"t":"idOrVar","v":"value"}," నిమిషాల క్రితం"],"many":[{"t":"idOrVar","v":"value"}," నిమిషాల క్రితం"],"other":[{"t":"idOrVar","v":"value"}," నిమిషాల క్రితం"]},"$x":[{"t":"idOrVar","v":"plural"},"value"]},{"$i":"hours-ago-long","$v":{"zero":"ఇప్పుడే","one":"గంట క్రితం","two":[{"t":"idOrVar","v":"value"}," గంటల క్రితం"],"few":[{"t":"idOrVar","v":"value"}," గంటల క్రితం"],"many":[{"t":"idOrVar","v":"value"}," గంటల క్రితం"],"other":[{"t":"idOrVar","v":"value"}," గంటల క్రితం"]},"$x":[{"t":"idOrVar","v":"plural"},"value"]},{"$i":"days-ago-long","$v":{"zero":"ఈరోజు","one":"నిన్న","two":[{"t":"idOrVar","v":"value"}," రోజుల క్రితం"],"few":[{"t":"idOrVar","v":"value"}," రోజుల క్రితం"],"many":[{"t":"idOrVar","v":"value"}," రోజుల క్రితం"],"other":[{"t":"idOrVar","v":"value"}," రోజుల క్రితం"]},"$x":[{"t":"idOrVar","v":"plural"},"value"]},{"$i":"weeks-ago-long","$v":{"zero":"ఈ వారం","one":"గత వారం","two":[{"t":"idOrVar","v":"value"}," వారాల క్రితం"],"few":[{"t":"idOrVar","v":"value"}," వారాల క్రితం"],"many":[{"t":"idOrVar","v":"value"}," వారాల క్రితం"],"other":[{"t":"idOrVar","v":"value"}," వారాల క్రితం"]},"$x":[{"t":"idOrVar","v":"plural"},"value"]},{"$i":"months-ago-long","$v":{"zero":"ఈ నెల","one":"గత నెల","two":[{"t":"idOrVar","v":"value"}," నెలల క్రితం"],"few":[{"t":"idOrVar","v":"value"}," నెలల క్రితం"],"many":[{"t":"idOrVar","v":"value"}," నెలల క్రితం"],"other":[{"t":"idOrVar","v":"value"}," నెలల క్రితం"]},"$x":[{"t":"idOrVar","v":"plural"},"value"]},{"$i":"years-ago-long","$v":{"zero":"ఈ సంవత్సరం","one":"గత సంవత్సరం","two":[{"t":"idOrVar","v":"value"}," సంవత్సరాల క్రితం"],"few":[{"t":"idOrVar","v":"value"}," సంవత్సరాల క్రితం"],"many":[{"t":"idOrVar","v":"value"}," సంవత్సరాల క్రితం"],"other":[{"t":"idOrVar","v":"value"}," సంవత్సరాల క్రితం"]},"$x":[{"t":"idOrVar","v":"plural"},"value"]},{"$i":"minutes-until-long","$v":{"zero":"ఇప్పుడు","one":"నిమిషంలో","two":[{"t":"idOrVar","v":"value"}," నిమిషాల్లో"],"few":[{"t":"idOrVar","v":"value"}," నిమిషాల్లో"],"many":[{"t":"idOrVar","v":"value"}," నిమిషాల్లో"],"other":[{"t":"idOrVar","v":"value"}," నిమిషాల్లో"]},"$x":[{"t":"idOrVar","v":"plural"},"value"]},{"$i":"hours-until-long","$v":{"zero":"ఇప్పుడు","one":"గంటలో","two":[{"t":"idOrVar","v":"value"}," గంటల్లో"],"few":[{"t":"idOrVar","v":"value"}," గంటల్లో"],"many":[{"t":"idOrVar","v":"value"}," గంటల్లో"],"other":[{"t":"idOrVar","v":"value"}," గంటల్లో"]},"$x":[{"t":"idOrVar","v":"plural"},"value"]},{"$i":"days-until-long","$v":{"zero":"ఈరోజు","one":"రేపు","two":[{"t":"idOrVar","v":"value"}," రోజుల్లో"],"few":[{"t":"idOrVar","v":"value"}," రోజుల్లో"],"many":[{"t":"idOrVar","v":"value"}," రోజుల్లో"],"other":[{"t":"idOrVar","v":"value"}," రోజుల్లో"]},"$x":[{"t":"idOrVar","v":"plural"},"value"]},{"$i":"weeks-until-long","$v":{"zero":"ఈ వారం","one":"తదుపరి వారం","two":[{"t":"idOrVar","v":"value"}," వారాల్లో"],"few":[{"t":"idOrVar","v":"value"}," వారాల్లో"],"many":[{"t":"idOrVar","v":"value"}," వారాల్లో"],"other":[{"t":"idOrVar","v":"value"}," వారాల్లో"]},"$x":[{"t":"idOrVar","v":"plural"},"value"]},{"$i":"months-until-long","$v":{"zero":"ఈ నెల","one":"తదుపరి నెల","two":[{"t":"idOrVar","v":"value"}," నెలల్లో"],"few":[{"t":"idOrVar","v":"value"}," నెలల్లో"],"many":[{"t":"idOrVar","v":"value"}," నెలల్లో"],"other":[{"t":"idOrVar","v":"value"}," నెలల్లో"]},"$x":[{"t":"idOrVar","v":"plural"},"value"]},{"$i":"years-until-long","$v":{"zero":"ఈ సంవత్సరం","one":"తదుపరి సంవత్సరం","two":"{value}} సంవత్సరాల్లో","few":"{value}} సంవత్సరాల్లో","many":"{value}} సంవత్సరాల్లో","other":"{value}} సంవత్సరాల్లో"},"$x":[{"t":"idOrVar","v":"plural"},"value"]},{"$i":"minutes-ago-short","$v":{"zero":"ఇప్పుడే","other":[{"t":"idOrVar","v":"value"},"నిమిషం క్రితం"]},"$x":[{"t":"idOrVar","v":"plural"},"value"]},{"$i":"hours-ago-short","$v":{"zero":"ఇప్పుడే","other":[{"t":"idOrVar","v":"value"},"గంట క్రితం"]},"$x":[{"t":"idOrVar","v":"plural"},"value"]},{"$i":"days-ago-short","$v":{"zero":"ఈరోజు","other":[{"t":"idOrVar","v":"value"},"రోజు క్రితం"]},"$x":[{"t":"idOrVar","v":"plural"},"value"]},{"$i":"minutes-until-short","$v":{"zero":"ఇప్పుడు","other":[{"t":"idOrVar","v":"value"},"నిమిషాల్లో"]},"$x":[{"t":"idOrVar","v":"plural"},"value"]},{"$i":"hours-until-short","$v":{"zero":"ఇప్పుడు","other":[{"t":"idOrVar","v":"value"},"గంటలో"]},"$x":[{"t":"idOrVar","v":"plural"},"value"]},{"$i":"days-until-short","$v":{"zero":"ఈరోజు","other":[{"t":"idOrVar","v":"value"},"తేదీలో"]},"$x":[{"t":"idOrVar","v":"plural"},"value"]},{"$i":"incorrectDate","$v":"(తప్పుగా ఉన్న తేదీ)"},{"$i":"dateTimeFormat_%c","$v":"%a %b %e %Y %I:%M:%S %p"},{"$i":"dateTimeFormat_%x","$v":"%m/%d/%Y"},{"$i":"dateTimeFormat_%X","$v":"%I:%M:%S %p"},{"$i":"shortTimeFormat","$v":"%I:%M %p"},{"$i":"shortTimeFormat12","$v":"%I:%M %p"},{"$i":"shortTimeFormat24","$v":"%H:%M"},{"$i":"shortDateTimeFormat","$v":"%x %I:%M %p"},{"$i":"weekStartsOnMonday","$v":"0"},{"$i":"firstDayOfTheWeek","$v":"0"},{"$i":"time_am","$v":"AM"},{"$i":"time_pm","$v":"PM"}]