[{"$i":"search-or-enter-address","placeholder":"नागिर एबा थंखौ हो"},{"$i":"delete-title","$v":[{"t":"idOrVar","v":"name"}," खौ खोमोर"]},{"$i":"delete-body","$v":[{"t":"idOrVar","v":"name"}," आरो बेनि गासैबो डेतायानो दानगारजासिगोन।"]},{"$i":"delete","$v":"दान"},{"$i":"cancel","$v":"दान"},{"$i":"menu","$v":"मेनु"},{"$i":"notifications","$v":"एलार्टस"},{"$i":"speed-dial","$v":"गोख्रै डाइल"},{"$i":"select","$v":"सायख'"},{"$i":"favorite","$v":"मोजां मोननाय"},{"$i":"unfavorite","$v":"मोजां मोनि"},{"$i":"ok","$v":"जागोन"},{"$i":"edit","$v":"इडिट खालाम"},{"$i":"call","$v":"कल खालाम"},{"$i":"message","$v":"रादाब"},{"$i":"options","$v":"राहाफोर"},{"$i":"assign","$v":"हो"},{"$i":"remove","$v":"बोखार"},{"$i":"replace","$v":"जायगा सोलाइ"},{"$i":"more","$v":"बांसिन"},{"$i":"settings","$v":"चेटिंफोर"},{"$i":"contacts","$v":"जगाजगफोर"},{"$i":"voicemail","$v":"भइसमैल खालाम"},{"$i":"speed-dial-not-empty","ariaLabel":[{"t":"idOrVar","v":"order"},", ",{"t":"idOrVar","v":"name"}]},{"$i":"speed-dial-empty","ariaLabel":[{"t":"idOrVar","v":"order"},", खालि"]},{"$i":"remove-speed-dial","$v":["नोंथाङा थारैनो गोख्रै डाइलनिफ्राय ",{"t":"idOrVar","v":"name"}," खौ दाननो लुबैयो नामा?"]},{"$i":"replace-speed-dial","$v":["नोंथाङा थारैनो ",{"t":"idOrVar","v":"name"}," जों ",{"t":"idOrVar","v":"subName"}," खौ सोलायफिननो लुबैयो नामा?"]},{"$i":"assign-speed-dial","$v":["जगाजगआ गोख्रै डाइल महरै ",{"t":"idOrVar","v":"n"}," बुटामाव दाजाबजायाखैमोन। एसाइन खालामनो नामा?"]},{"$i":"assign-voicemail","$v":"भइस मेल नामबारा दाजायाखै।"},{"$i":"alert-for-contacts-without-number","$v":"थाखानाय फन नामबारजों जेबो जगाजगफोर गैया।"},{"$i":"option-remove","$v":"गोख्रै बुनायनिफ्राय बोखार"},{"$i":"option-replace","$v":"जायगा सोलाइ"},{"$i":"all-apps","$v":"गासै एपस"},{"$i":"add-to-existing-contact","$v":"थाखानाय कनटेक्ट महरै दाजाब"},{"$i":"create-new-contact","$v":"गोदान कनटेक्ट खुलि"},{"$i":"sending","$v":"दैथायहरबाय थादों …"},{"$i":"callAirplaneModeTitle","$v":"बिरखं मोद एकटिभेट खालामनाय जाबाय"},{"$i":"callAirplaneModeMessage","$v":"कल हरनो थाखाय नोंथाङा बिरखं मडखौ सेटिंग्साव हायि खालामना लानांगोन।"},{"$i":"emergencyDialogTitle","$v":"जेबो नेटवार्क फोनांजाबनाय गैया"},{"$i":"emergencyDialogBodyBadNumber","$v":"कल हरनो थाखाय नोंथाङा फनना मोनसे नेटवार्कजों फोनांजाथारनांगोन।"},{"$i":"emergencyDialogBodyDeviceNotAccepted","$v":"नांथारगौ समनि कलफोरा नेटवार्कजों गनायथि होजायाखै।"},{"$i":"invalidNumberToDialTitle","$v":"खान्थि गैयै फन अनजिमा"},{"$i":"invalidNumberToDialMessage","$v":"नोंथाङा कल हरनाय फन नामबारा उदायलिया।"},{"$i":"emergency-call-only","$v":"हरखाब कलफोरल’"},{"$i":"emergency-call-error","$v":[{"t":"idOrVar","v":"number"}," नांथारगौ समनि नामबार नङा।"]},{"$i":"numberIsBusyTitle","$v":"अनजिमाया बाहायजागासिनो"},{"$i":"numberIsBusyMessage","$v":"नामबारा दायो मुखुब दङ। अन्नानै इयुनाव नाजाफिन"},{"$i":"fdnIsActiveTitle","$v":"FDN गोख्रों जाबाय"},{"$i":"fdnIsActiveMessage","$v":["FDN (Fixed Dialing Numbers) आ गोख्रों जाबाय आरो गाहायनि नाम्बारफोरा नोंनि FDN फारिलाइयाव गैया : ",{"t":"idOrVar","v":"number"}]},{"$i":"otherConnectionInUseTitle","$v":"गुबुन गुबुन फोनांजाबनानै बाहायदों"},{"$i":"otherConnectionInUseMessage","$v":"नोंथांहा गुबुन मोनसे फोनांजाबनायाव मोनसे सांग्रां कल दंबावो। सम मोनसेयाव नोंथाङा मोनसेल' फोनांजाबनाय बाहायनो हागोन।"},{"$i":"GenericFailure","$v":"सरासनस्रा फेलें जानाय"},{"$i":"CallFailed","$v":"कल खालामनाया फेलें जाबाय"},{"$i":"scCallBarring","$v":"कल होबथानाय"},{"$i":"scCallForwarding","$v":"कल फरवार्ड"},{"$i":"scClip","$v":"इनकामिं कलार ID"},{"$i":"scClir","$v":"आउटगयिं कलार ID"},{"$i":"scPwd","$v":"फासवार्डखौ सोलाइ"},{"$i":"scCallWaiting","$v":"कल नेदों"},{"$i":"scPin","$v":"PIN खौ सोलाइ"},{"$i":"scPin2","$v":"2थि फांथे इसाराया सोलाय"},{"$i":"scPuk","$v":"PIN मारिथेनायखौ खुलि"},{"$i":"scPuk2","$v":"PIN2 मारिथेनायखौ खुलि"},{"$i":"scImei","$v":"IMEI"},{"$i":"scMeid","$v":"MEID"},{"$i":"scUssd","$v":"USSD"},{"$i":"personal","$v":"गावारि"},{"$i":"mobile","$v":"मबाइल"},{"$i":"home","$v":"हम"},{"$i":"work","$v":"वार्क"},{"$i":"fax-home","$v":"फेक्स हम"},{"$i":"fax-office","$v":"फेक्स अफिस"},{"$i":"fax-other","$v":"गुबुन फेक्स खालाम"},{"$i":"homescreen-settings","$v":"हमस्क्रिन सेटिंस"},{"$i":"change-wallpaper","$v":"वालपेपारखौ सोलाय"},{"$i":"add-smart-collections","$v":"स्मार्ट कालेकसन दाजाब"},{"$i":"edit-mode","$v":"इडिट खालाम"},{"$i":"edit-done","$v":"मावफुंबाय"},{"$i":"stop-download-title","$v":[{"t":"idOrVar","v":"name"}," दोनथ'"]},{"$i":"stop-download-body","$v":"डाउनलड जागासिनो थानायखौ नोंथाङा बन्द' खालामनो लुबैयो नामा?"},{"$i":"stop-download-action","$v":"थाबथाहो"},{"$i":"resume-download-title","$v":"डाउनलड खालामनो जागायफिन"},{"$i":"resume-download-body","$v":["नोंथाङा ",{"t":"idOrVar","v":"name"}," खौ डाउनलड खालामनो नामा?"]},{"$i":"resume-download-action","$v":"डाउनलड"},{"$i":"edit-group-header","$v":"हानजा इडिट खालाम"},{"$i":"tcl-wallpaper-changed","$v":"वालपेपारा सोलायबाय"},{"$i":"gaia-shortcut-app-updated","$v":"एप आपडेटेड"},{"$i":"clocks-updated","$v":"क्लक आपडेट"},{"$i":"longDateFormat","$v":"%A, %b %e"},{"$i":"app-title","$v":"आंनि पिन फोनांजाब"},{"$i":"app-uninstall","$v":[{"t":"idOrVar","v":"name"}," -आ इन्सटल जायासै"]},{"$i":"confirmation","$v":"थि मिथिथाइ"},{"$i":"call-forwarding-async","$v":["एसिनक्रनास ",{"t":"idOrVar","v":"async"}]},{"$i":"call-forwarding-data","$v":["डेटा: ",{"t":"idOrVar","v":"data"}]},{"$i":"call-forwarding-error","$v":"कल फरवार्ड थासारि नायफिननायाव मोनसे जेंना नुजाबाय"},{"$i":"call-forwarding-fax","$v":["FAX: ",{"t":"idOrVar","v":"fax"}]},{"$i":"call-forwarding-inactive","$v":"इनेकटिभ"},{"$i":"call-forwarding-packet","$v":["थफ्ला: ",{"t":"idOrVar","v":"packet"}]},{"$i":"call-forwarding-pad","$v":["PAD: ",{"t":"idOrVar","v":"pad"}]},{"$i":"call-forwarding-sms","$v":["SMS: ",{"t":"idOrVar","v":"sms"}]},{"$i":"call-forwarding-status","$v":"कल फरवार्डिं थासारि"},{"$i":"call-forwarding-sync","$v":["मोनसे समावनो जानाय ",{"t":"idOrVar","v":"sync"}]},{"$i":"call-forwarding-voice","$v":["भइस: ",{"t":"idOrVar","v":"voice"}]},{"$i":"serviceClassVoice","$v":"भइस"},{"$i":"serviceClassData","$v":"डेता"},{"$i":"serviceClassFax","$v":"FAX"},{"$i":"serviceClassSms","$v":"SMS"},{"$i":"serviceClassDataSync","$v":"सिंक"},{"$i":"serviceClassDataAsync","$v":"Async"},{"$i":"serviceClassPacket","$v":"फेकेट"},{"$i":"serviceClassPad","$v":"PAD"},{"$i":"smServiceEnabled","$v":"सार्भिसखौ गोख्रों खालामनाय जादोंमोन"},{"$i":"smServiceDisabled","$v":"सार्भिसखौ फेलें खालामनाय जाबाय"},{"$i":"smServiceRegistered","$v":"रेजिस्ट्रेसना जाफुंबायमोन"},{"$i":"smServiceErased","$v":"खोमोरनाया जाफुंसारबाय"},{"$i":"smServiceInterrogated","$v":"खावलायनाया जाफुंबायमोन"},{"$i":"smServiceNotProvisioned","$v":"सार्भिसनि लाखिनाय जायाखै"},{"$i":"smClirPermanent","$v":"नोंथाङा कलार ID सेटिंग्सखौ सोलायनो हाया"},{"$i":"smClirDefaultOnNextCallOn","$v":"कलार ID डिफल्टफोरा हेंथा गोनां। नैथि कल: हेंथा गोनां"},{"$i":"smClirDefaultOnNextCallOff","$v":"कलार ID डिफल्टफोरा हेंथा गोनां। नैथि कल: हेंथा गैया"},{"$i":"smClirDefaultOffNextCallOn","$v":"कलार ID डिफल्टफोरा हेंथा गोनां नङा। नैथि कल: हेंथा गोनां"},{"$i":"smClirDefaultOffNextCallOff","$v":"कलार ID डिफल्टफोरा हेंथा गोनां नङा। नैथि कल: हेंथा गैया"},{"$i":"smServiceEnabledFor","$v":"थाखाय सारभिचा हानाय जादोंमोन:"},{"$i":"smPinChanged","$v":"फांथे इसाराया सोलायनाया जाफुंबाय"},{"$i":"smPinUnblocked","$v":"फांथे इसाराया खेवनाया जाफुंबाय"},{"$i":"smPin2Changed","$v":"2थि फांथे इसाराया सोलायबाय"},{"$i":"smPin2Unblocked","$v":"2थि फांथे इसाराया खेवनाया जाफुंबाय"},{"$i":"ServiceIsEnabled","$v":"सार्भिसा गोख्रों"},{"$i":"ServiceIsDisabled","$v":"सार्भिसा फेलें"},{"$i":"ServiceIsEnabledFor","$v":"सिबिथाया हानाय जानानै दङ:"},{"$i":"emMmiError","$v":"फोनांजाबनाय जेंना एबा गोरोन्थि MMI कड"},{"$i":"emMmiErrorPasswordIncorrect","$v":"गोरोन्थि पासवर्ड"},{"$i":"emMmiErrorNotSupported","$v":"खान्थि गैयै एबा MMI कड मदद खालामाखै"},{"$i":"emMmiErrorInvalidAction","$v":"खान्थि गैयै मावथाय"},{"$i":"emMmiErrorInvalidScCode","$v":"खान्थि गैयै खामानिनि कड"},{"$i":"emMmiErrorBadPuk","$v":"नोंथाङा ताइप खालामनाय PUK आ गोरोबा"},{"$i":"emMmiErrorBadPin","$v":"नोंथाङा टाइप खालामनाय गोजाम PIN आ थार नङा।"},{"$i":"emMmiErrorNeedPuk2","$v":"SIM कार्ड गोथेनायखौ खुलिनो थाखाय PUK2 टाइप खालाम"},{"$i":"emMmiErrorMismatchPin","$v":"नोंथाङा ताइप खालामनाय पिनफोरा गोरोबा"},{"$i":"emMmiErrorInvalidPin","$v":"4 निफ्राय 8 अनजिमा थानाय मोनसे PIN टाइप खालाम"},{"$i":"emMmiErrorNeedsPuk","$v":"नोंथांनि SIM कार्ड आ PUK-मारिथेबाय"},{"$i":"emMmiErrorEnablePin","$v":"जाफुंसारै SIM/RUIM मारिनायखौ हानाय खालाम"},{"$i":"emMmiErrorMmiFdn","$v":"थि कल अनजिमानि थाखायल' नायबिजिरनाया गोख्रों जादों"},{"$i":"emMmiErrorStkCcUssdDial","$v":"DIAL खावलाइनायनि थाखाय USSD खावलाइनाया फोसाबबाय।"},{"$i":"emMmiErrorStkCcUssdSs","$v":"SS खावलाइनायनि थाखाय USSD खावलाइनाया फोसाबबाय।"},{"$i":"emMmiErrorStkCcUssdUssd","$v":"गोदान USSD खावलाइनायनि थाखाय USSD खावलाइनाया फोसाबबाय।"},{"$i":"emMmiErrorStkCcSsDial","$v":"DIAL खावलायनायाव SS खावलायनाया फोसाबजाबाय"},{"$i":"emMmiErrorStkCcSsUssd","$v":"USSD खावलाइनायनि थाखाय SS खावलाइनाया फोसाबबाय।"},{"$i":"emMmiErrorStkCcSsSs","$v":"गोदान SS खावलायनायाव SS खावलायनाया फोसाबजाबाय"},{"$i":"emMmiErrorPinPukAttempts","$v":{"one":[{"t":"idOrVar","v":"n"}," नाजानायलखौ नाजा"],"two":[{"t":"idOrVar","v":"n"}," आगसिथिं नाजाफिन"],"few":[{"t":"idOrVar","v":"n"}," आगसिथिं नाजाफिन"],"many":[{"t":"idOrVar","v":"n"}," आगसिथिं नाजाफिन"],"other":[{"t":"idOrVar","v":"n"}," आगसिथिं नाजाफिन"]},"$x":[{"t":"idOrVar","v":"plural"},"n"]},{"$i":"emMmiErrorSimBlocked","$v":"गोबां अनजिमा बारलांना उदां जाबाय सिम ब्लक जाबाय"},{"$i":"RadioNotAvailable","$v":"रेडिअ गैया"},{"$i":"PasswordIncorrect","$v":"खेंस्ला इसारा गोरोन्थि"},{"$i":"SimPin2","$v":"SIM PIN2"},{"$i":"SimPuk2","$v":"SIM PUK2"},{"$i":"RequestNotSupported","$v":"खावलायनाया मदद होजानाय नङा"},{"$i":"OpNotAllowedDuringVoiceCall","$v":"बुंथि कल हरनाय समाव नायबिजिराखै"},{"$i":"SmsSendFailRetry","$v":"SMS दैथायहरनाया फेलें नाजाफिन"},{"$i":"SimAbsent","$v":"SIM नुजाथियै"},{"$i":"SubscriptionNotAvailable","$v":"साबसक्रिपसन मोननाय जायाखै"},{"$i":"ModeNotSupported","$v":"खान्थिबादि मद'द खालामाखै"},{"$i":"FdnCheckFailure","$v":"Fdn सेक खालामनायाव फेलें"},{"$i":"IllegalSimOrMe","$v":"आयेन बेरेखा SIM एबा ME"},{"$i":"DialModifiedToUssd","$v":"USSD खालामनो मडिफाइड डाइल खालाम"},{"$i":"DialModifiedToSs","$v":"SS खालामनो मडिफाइड डाइल खालाम"},{"$i":"DialModifiedToDial","$v":"डाइल खालामनो डाइल मडिफाइड खालाम"},{"$i":"UssdModifiedToDial","$v":"डाइल खालामनायाव USSD आ फोसाबजाबाय"},{"$i":"UssdModifiedToSs","$v":"USSD आव SS आ फोसाबजाबाय"},{"$i":"UssdModifiedToUssd","$v":"USSD आव USSD आ फोसाबजाबाय"},{"$i":"SsModifiedToDial","$v":"डाइल खालामनायाव SS आ फोसाबजाबाय"},{"$i":"SsModifiedToUssd","$v":"SSआव USSD आ फोसाबजाबाय"},{"$i":"SsModifiedToSs","$v":"SSआव SS आ फोसाबजाबाय"},{"$i":"SubscriptionNotSupported","$v":"साबसक्रिपसन सापर्ट जायाखै"},{"$i":"InvalidParameter","$v":"खान्थि गैयै सिमा हांखो"},{"$i":"RejectedByRemote","$v":"रिमटजों दानगारजाबाय"},{"$i":"sim-with-index-and-carrier","$v":["SIM ",{"t":"idOrVar","v":"index"}," - ",{"t":"idOrVar","v":"carrier"}]},{"$i":"sim-without-carrier","$v":["सिम ",{"t":"idOrVar","v":"index"}]},{"$i":"label","$v":"लेबेल"},{"$i":"faxHome","$v":"फेक्स हम"},{"$i":"faxOffice","$v":"फेक्स अफिस"},{"$i":"faxOther","$v":"गुबुन फेक्स खालाम"},{"$i":"another","$v":"गुबुन"},{"$i":"other","$v":"गुबुन"},{"$i":"tcl-customTag","$v":"काष्टम टेग"},{"$i":"customTag","$v":"काष्टम टेग","placeholder":"काष्टम टेग"},{"$i":"current","$v":"आथिखाल"},{"$i":"itemWithLabel","$v":[{"t":"idOrVar","v":"label"},", ",{"t":"idOrVar","v":"item"}]},{"$i":"weekday-0-long","$v":"रुबिबार"},{"$i":"weekday-1-long","$v":"समबार"},{"$i":"weekday-2-long","$v":"मंगलबार"},{"$i":"weekday-3-long","$v":"बुधबार"},{"$i":"weekday-4-long","$v":"बिस्थिबार"},{"$i":"weekday-5-long","$v":"सक्रुबार"},{"$i":"weekday-6-long","$v":"सनिबार"},{"$i":"weekday-0-short","$v":"सान"},{"$i":"weekday-1-short","$v":"मन"},{"$i":"weekday-2-short","$v":"मंगल"},{"$i":"weekday-3-short","$v":"वेब"},{"$i":"weekday-4-short","$v":"टिएइचइउ"},{"$i":"weekday-5-short","$v":"फ्रि"},{"$i":"weekday-6-short","$v":"सेट"},{"$i":"month-0-long","$v":"जानुवारि"},{"$i":"month-1-long","$v":"फेब्रुवारि"},{"$i":"month-2-long","$v":"मार्च"},{"$i":"month-3-long","$v":"एप्रिल"},{"$i":"month-4-long","$v":"मे"},{"$i":"month-5-long","$v":"जुन"},{"$i":"month-6-long","$v":"जुलाइ"},{"$i":"month-7-long","$v":"आगष्ट"},{"$i":"month-8-long","$v":"सेप्तेम्बार"},{"$i":"month-9-long","$v":"अक्ट'बर"},{"$i":"month-10-long","$v":"नभेमबर"},{"$i":"month-11-long","$v":"दिसेम्बार"},{"$i":"month-0-genitive","$v":"जानुवारि"},{"$i":"month-1-genitive","$v":"फेब्रुवारि"},{"$i":"month-2-genitive","$v":"मार्च"},{"$i":"month-3-genitive","$v":"एप्रिल"},{"$i":"month-4-genitive","$v":"मे"},{"$i":"month-5-genitive","$v":"जुन"},{"$i":"month-6-genitive","$v":"जुलाइ"},{"$i":"month-7-genitive","$v":"आगष्ट"},{"$i":"month-8-genitive","$v":"सेप्तेम्बार"},{"$i":"month-9-genitive","$v":"अक्ट'बर"},{"$i":"month-10-genitive","$v":"नभेमबर"},{"$i":"month-11-genitive","$v":"दिसेम्बार"},{"$i":"month-0-short","$v":"जान"},{"$i":"month-1-short","$v":"फेब"},{"$i":"month-2-short","$v":"गाज्रि"},{"$i":"month-3-short","$v":"एप्रि"},{"$i":"month-4-short","$v":"मे"},{"$i":"month-5-short","$v":"जुन"},{"$i":"month-6-short","$v":"जुल"},{"$i":"month-7-short","$v":"आग"},{"$i":"month-8-short","$v":"सेप"},{"$i":"month-9-short","$v":"अक्ट'बर"},{"$i":"month-10-short","$v":"नभ"},{"$i":"month-11-short","$v":"दिस"},{"$i":"minutes-ago-long","$v":{"zero":"दाबावैसो","one":"से मिनिट सिगङाव","two":[{"t":"idOrVar","v":"value"}," मिनिट सिगां"],"few":[{"t":"idOrVar","v":"value"}," मिनिट सिगां"],"many":[{"t":"idOrVar","v":"value"}," मिनिट सिगां"],"other":[{"t":"idOrVar","v":"value"}," मिनिट सिगां"]},"$x":[{"t":"idOrVar","v":"plural"},"value"]},{"$i":"hours-ago-long","$v":{"zero":"दाबावैसो","one":"घन्टासे सिगाङाव","two":[{"t":"idOrVar","v":"value"}," घन्टा सिगां"],"few":[{"t":"idOrVar","v":"value"}," घन्टा सिगां"],"many":[{"t":"idOrVar","v":"value"}," घन्टा सिगां"],"other":[{"t":"idOrVar","v":"value"}," घन्टा सिगां"]},"$x":[{"t":"idOrVar","v":"plural"},"value"]},{"$i":"days-ago-long","$v":{"zero":"दिनै","one":"मैया","two":[{"t":"idOrVar","v":"value"}," सान सिगां"],"few":[{"t":"idOrVar","v":"value"}," सान सिगां"],"many":[{"t":"idOrVar","v":"value"}," सान सिगां"],"other":[{"t":"idOrVar","v":"value"}," सान सिगां"]},"$x":[{"t":"idOrVar","v":"plural"},"value"]},{"$i":"weeks-ago-long","$v":{"zero":"बे हबथा","one":"थांनाय हबथा","two":[{"t":"idOrVar","v":"value"}," हाबथा सिगां"],"few":[{"t":"idOrVar","v":"value"}," हाबथा सिगां"],"many":[{"t":"idOrVar","v":"value"}," हाबथा सिगां"],"other":[{"t":"idOrVar","v":"value"}," हाबथा सिगां"]},"$x":[{"t":"idOrVar","v":"plural"},"value"]},{"$i":"months-ago-long","$v":{"zero":"बे दान","one":"थांनाय दान","two":[{"t":"idOrVar","v":"value"}," दान सिगां"],"few":[{"t":"idOrVar","v":"value"}," दान सिगां"],"many":[{"t":"idOrVar","v":"value"}," दान सिगां"],"other":[{"t":"idOrVar","v":"value"}," दान सिगां"]},"$x":[{"t":"idOrVar","v":"plural"},"value"]},{"$i":"years-ago-long","$v":{"zero":"बे बोसोर","one":"थांनाय बोसोर","two":[{"t":"idOrVar","v":"value"}," बोसोर सिगां"],"few":[{"t":"idOrVar","v":"value"}," बोसोर सिगां"],"many":[{"t":"idOrVar","v":"value"}," बोसोर सिगां"],"other":[{"t":"idOrVar","v":"value"}," बोसोर सिगां"]},"$x":[{"t":"idOrVar","v":"plural"},"value"]},{"$i":"minutes-until-long","$v":{"zero":"दायो","one":"से मिनिटआव","two":[{"t":"idOrVar","v":"value"}," मिनिटआव"],"few":[{"t":"idOrVar","v":"value"}," मिनिटआव"],"many":[{"t":"idOrVar","v":"value"}," मिनिटआव"],"other":[{"t":"idOrVar","v":"value"}," मिनिटआव"]},"$x":[{"t":"idOrVar","v":"plural"},"value"]},{"$i":"hours-until-long","$v":{"zero":"दायो","one":"से घन्टायाव","two":[{"t":"idOrVar","v":"value"}," घन्टायाव"],"few":[{"t":"idOrVar","v":"value"}," घन्टायाव"],"many":[{"t":"idOrVar","v":"value"}," घन्टायाव"],"other":[{"t":"idOrVar","v":"value"}," घन्टायाव"]},"$x":[{"t":"idOrVar","v":"plural"},"value"]},{"$i":"days-until-long","$v":{"zero":"दिनै","one":"गाबोन","two":[{"t":"idOrVar","v":"value"}," सानफोराव"],"few":[{"t":"idOrVar","v":"value"}," सानफोराव"],"many":[{"t":"idOrVar","v":"value"}," सानफोराव"],"other":[{"t":"idOrVar","v":"value"}," सानफोराव"]},"$x":[{"t":"idOrVar","v":"plural"},"value"]},{"$i":"weeks-until-long","$v":{"zero":"बे हबथा","one":"फैगौ हबथा","two":[{"t":"idOrVar","v":"value"}," हबथाफोराव"],"few":[{"t":"idOrVar","v":"value"}," हबथाफोराव"],"many":[{"t":"idOrVar","v":"value"}," हबथाफोराव"],"other":[{"t":"idOrVar","v":"value"}," हबथाफोराव"]},"$x":[{"t":"idOrVar","v":"plural"},"value"]},{"$i":"months-until-long","$v":{"zero":"बे दान","one":"फैगौ दान","two":[{"t":"idOrVar","v":"value"}," दानफोराव"],"few":[{"t":"idOrVar","v":"value"}," दानफोराव"],"many":[{"t":"idOrVar","v":"value"}," दानफोराव"],"other":[{"t":"idOrVar","v":"value"}," दानफोराव"]},"$x":[{"t":"idOrVar","v":"plural"},"value"]},{"$i":"years-until-long","$v":{"zero":"बे बोसोर","one":"फैगौ बोसोर","two":[{"t":"idOrVar","v":"value"}," बोसोरफोराव"],"few":[{"t":"idOrVar","v":"value"}," बोसोरफोराव"],"many":[{"t":"idOrVar","v":"value"}," बोसोरफोराव"],"other":[{"t":"idOrVar","v":"value"}," बोसोरफोराव"]},"$x":[{"t":"idOrVar","v":"plural"},"value"]},{"$i":"minutes-ago-short","$v":{"zero":"दाबावैसो","other":[{"t":"idOrVar","v":"value"},"मिनिट सिगां"]},"$x":[{"t":"idOrVar","v":"plural"},"value"]},{"$i":"hours-ago-short","$v":{"zero":"दाबावैसो","other":[{"t":"idOrVar","v":"value"},"घन्टा सिगां"]},"$x":[{"t":"idOrVar","v":"plural"},"value"]},{"$i":"days-ago-short","$v":{"zero":"दिनै","other":[{"t":"idOrVar","v":"value"},"सान सिगां"]},"$x":[{"t":"idOrVar","v":"plural"},"value"]},{"$i":"minutes-until-short","$v":{"zero":"दायो","other":[{"t":"idOrVar","v":"value"},"मिनिटआव"]},"$x":[{"t":"idOrVar","v":"plural"},"value"]},{"$i":"hours-until-short","$v":{"zero":"दायो","other":[{"t":"idOrVar","v":"value"},"घन्टायाव"]},"$x":[{"t":"idOrVar","v":"plural"},"value"]},{"$i":"days-until-short","$v":{"zero":"दिनै","other":[{"t":"idOrVar","v":"value"},"सानाव"]},"$x":[{"t":"idOrVar","v":"plural"},"value"]},{"$i":"incorrectDate","$v":"(गोरोनथि अक्त)"},{"$i":"dateTimeFormat_%c","$v":"%a %b %e %Y %I:%M:%S %p"},{"$i":"dateTimeFormat_%x","$v":"%m/%d/%Y"},{"$i":"dateTimeFormat_%X","$v":"%I:%M:%S %p"},{"$i":"shortTimeFormat","$v":"%I:%M %p"},{"$i":"shortTimeFormat12","$v":"%I:%M %p"},{"$i":"shortTimeFormat24","$v":"%H:%M"},{"$i":"shortDateTimeFormat","$v":"%x %I:%M %p"},{"$i":"weekStartsOnMonday","$v":"0"},{"$i":"firstDayOfTheWeek","$v":"0"},{"$i":"time_am","$v":"AM"},{"$i":"time_pm","$v":"PM"}]