[{"$i":"search-or-enter-address","placeholder":"پتہ تلاش یا درج کریں"},{"$i":"delete-title","$v":[{"t":"idOrVar","v":"name"}," حذف کریں"]},{"$i":"delete-body","$v":[{"t":"idOrVar","v":"name"}," اور اس کا تمام ڈیٹا حذف کردیا جائے گا۔"]},{"$i":"delete","$v":"حذف کریں"},{"$i":"cancel","$v":"منسوخ کریں"},{"$i":"menu","$v":"مینو"},{"$i":"notifications","$v":"انتباہات"},{"$i":"speed-dial","$v":"تیز ڈائل"},{"$i":"select","$v":"منتخب کریں"},{"$i":"favorite","$v":"پسندیدہ"},{"$i":"unfavorite","$v":"ناپسندیدہ"},{"$i":"ok","$v":"ٹھیک ہے"},{"$i":"edit","$v":"ترمیم کریں"},{"$i":"call","$v":"کال کریں"},{"$i":"message","$v":"پیغام"},{"$i":"options","$v":"اختیارات"},{"$i":"assign","$v":"تفویض کریں"},{"$i":"remove","$v":"ہٹائیں"},{"$i":"replace","$v":"بدلیں"},{"$i":"more","$v":"مزید"},{"$i":"settings","$v":"ترتیبات"},{"$i":"contacts","$v":"رابطے"},{"$i":"voicemail","$v":"صوتی میل"},{"$i":"speed-dial-not-empty","ariaLabel":[{"t":"idOrVar","v":"order"},", ",{"t":"idOrVar","v":"name"}]},{"$i":"speed-dial-empty","ariaLabel":[{"t":"idOrVar","v":"order"},", خالی"]},{"$i":"remove-speed-dial","$v":["کیا آپ یقیناً تیز ڈائل سے ",{"t":"idOrVar","v":"name"}," نکالنا چاہتے ہیں ؟"]},{"$i":"replace-speed-dial","$v":["کیا آپ یقیناً تیز ڈائل ",{"t":"idOrVar","v":"name"}," کو ",{"t":"idOrVar","v":"subName"}," سے تبدیل کرنا چاہتے ہیں؟"]},{"$i":"assign-speed-dial","$v":["رابطہ کو بٹن ",{"t":"idOrVar","v":"n"}," پر بطور تیز ڈائل شامل نہیں کیا گیا تھا۔ ابھی تفویض کریں ؟"]},{"$i":"assign-voicemail","$v":"وائس میل نمبر سیٹ نہیں کیا گیا ہے۔"},{"$i":"alert-for-contacts-without-number","$v":"فون نمبر کے ساتھ کوئی بھی روابط دستیاب نہیں ہیں۔"},{"$i":"option-remove","$v":"اسپیڈ ڈائل سے ہٹائیں"},{"$i":"option-replace","$v":"بدلیں"},{"$i":"all-apps","$v":"تمام ایپس"},{"$i":"add-to-existing-contact","$v":"موجودہ رابطہ میں شامل کریں"},{"$i":"create-new-contact","$v":"نیا اکاؤںٹ بنائیں"},{"$i":"sending","$v":"بھیج رہا ہے…"},{"$i":"callAirplaneModeTitle","$v":"ایئر پلین موڈ فعال شدہ"},{"$i":"callAirplaneModeMessage","$v":"کال کرنے کیلئے آپ کو سیٹنگز میں ہوائی جہاز موڈ غیر فعال کرنے کی ضرورت ہوگی۔"},{"$i":"emergencyDialogTitle","$v":"کوئی نیٹ ورک کنکشن نہیں"},{"$i":"emergencyDialogBodyBadNumber","$v":"کال کرنے کیلئے، فون کو نیٹ ورک سے جڑا ہونا ضروری ہے۔"},{"$i":"emergencyDialogBodyDeviceNotAccepted","$v":"ہنگامی کالز نیٹ ورک کے ذریعے اجازت یافتہ نہیں ہے۔"},{"$i":"invalidNumberToDialTitle","$v":"غیر مجاز فون نمبر"},{"$i":"invalidNumberToDialMessage","$v":"آپ جس نمبر پر کال کررہے ہیں وہ غلط ہے۔"},{"$i":"emergency-call-only","$v":"صرف ہنگامی کالز"},{"$i":"emergency-call-error","$v":[{"t":"idOrVar","v":"number"}," ایک ہنگامی نمبر نہیں ہے۔"]},{"$i":"numberIsBusyTitle","$v":"نمبر مصروف ہے"},{"$i":"numberIsBusyMessage","$v":"نمبر فی الحال مصروف ہے۔ براہ کرم بعد ازاں دوبارہ کوشش کریں۔"},{"$i":"fdnIsActiveTitle","$v":"FDN فعال"},{"$i":"fdnIsActiveMessage","$v":["FDN (فکسڈ ڈائلنگ نمبرز) فعال شدہ ہے اور مندرجہ ذیل نمبر آپ کی FDN فہرست میں نہیں ہے: ",{"t":"idOrVar","v":"number"}]},{"$i":"otherConnectionInUseTitle","$v":"دوسرا کنیکشن زیر استعمال ہے"},{"$i":"otherConnectionInUseMessage","$v":"دیگر کنیکشن پر آپ کا کوئی فعال کال ہے۔ آپ ایک وقت میں صرف ایک کنیکشن استعمال کر سکتے ہیں۔"},{"$i":"GenericFailure","$v":"کلی ناکامی"},{"$i":"CallFailed","$v":"کال ناکام"},{"$i":"scCallBarring","$v":"کال بارنگ"},{"$i":"scCallForwarding","$v":"کال فارورڈ کرنا"},{"$i":"scClip","$v":"‏ان کمنگ کالر ID"},{"$i":"scClir","$v":"‏آؤٹ گوئنگ کالر ID"},{"$i":"scPwd","$v":"پاس ورڈ میں تبدیلی"},{"$i":"scCallWaiting","$v":"کال منتظر"},{"$i":"scPin","$v":"‏PIN میں تبدیلی"},{"$i":"scPin2","$v":"PIN2 تبدیل"},{"$i":"scPuk","$v":"ان بلاک PIN"},{"$i":"scPuk2","$v":"ان بلاک PIN2"},{"$i":"scImei","$v":"IMEI"},{"$i":"scMeid","$v":"MEID"},{"$i":"scUssd","$v":"USSD"},{"$i":"personal","$v":"ذاتی"},{"$i":"mobile","$v":"موبائل"},{"$i":"home","$v":"گھر"},{"$i":"work","$v":"دفتر"},{"$i":"fax-home","$v":"فیکس ہوم"},{"$i":"fax-office","$v":"فیکس آفیس"},{"$i":"fax-other","$v":"فیکس دیگر"},{"$i":"homescreen-settings","$v":"ہوم اسکرین سیٹنگز"},{"$i":"change-wallpaper","$v":"وال پیپر تبدیل کریں"},{"$i":"add-smart-collections","$v":"اسمارٹ کلیکشن شامل کریں"},{"$i":"edit-mode","$v":"ترمیم کریں"},{"$i":"edit-done","$v":"ہو گیا"},{"$i":"stop-download-title","$v":[{"t":"idOrVar","v":"name"}," روکیں"]},{"$i":"stop-download-body","$v":"کیا آپ پیش رفت ڈاؤن لوڈ کو روکنا چاہتے ہیں؟"},{"$i":"stop-download-action","$v":"روکیں"},{"$i":"resume-download-title","$v":"ڈاؤن لوڈ دوبارہ شروع کریں"},{"$i":"resume-download-body","$v":["کیا آپ ",{"t":"idOrVar","v":"name"}," ڈاؤن لوڈ کرنا چاہتے ہیں؟"]},{"$i":"resume-download-action","$v":"ڈاؤن لوڈ کریں"},{"$i":"edit-group-header","$v":"گروپ میں ترمیم کریں"},{"$i":"tcl-wallpaper-changed","$v":"وال پیپر تبدیل ہوگیا"},{"$i":"gaia-shortcut-app-updated","$v":"ایپ اپ ڈیٹ ہوگیا"},{"$i":"clocks-updated","$v":"گھڑیاں اپ ڈیٹ ہوگئی"},{"$i":"longDateFormat","$v":"%A, %B %e"},{"$i":"app-title","$v":"مائی ایپس"},{"$i":"app-uninstall","$v":[{"t":"idOrVar","v":"name"}," غیر نصب کیا گيا تھا"]},{"$i":"confirmation","$v":"توثیق کاری"},{"$i":"call-forwarding-async","$v":["ناہَم زَمان: ",{"t":"idOrVar","v":"async"}]},{"$i":"call-forwarding-data","$v":["ڈيٹا: ",{"t":"idOrVar","v":"data"}]},{"$i":"call-forwarding-error","$v":"کال فارورڈ کرنے کی صورتحال کو بازیافت کرتے وقت نقص واقع ہوا"},{"$i":"call-forwarding-fax","$v":["FAX: ",{"t":"idOrVar","v":"fax"}]},{"$i":"call-forwarding-inactive","$v":"غیر فعال"},{"$i":"call-forwarding-packet","$v":["پیکیٹ: ",{"t":"idOrVar","v":"packet"}]},{"$i":"call-forwarding-pad","$v":["PAD: ",{"t":"idOrVar","v":"pad"}]},{"$i":"call-forwarding-sms","$v":["SMS: ",{"t":"idOrVar","v":"sms"}]},{"$i":"call-forwarding-status","$v":"کال فارورڈ کرنے کی صورتحال"},{"$i":"call-forwarding-sync","$v":["ہم وقتی: ",{"t":"idOrVar","v":"sync"}]},{"$i":"call-forwarding-voice","$v":["وائس: ",{"t":"idOrVar","v":"voice"}]},{"$i":"serviceClassVoice","$v":"آواز"},{"$i":"serviceClassData","$v":"ڈیٹا"},{"$i":"serviceClassFax","$v":"FAX"},{"$i":"serviceClassSms","$v":"SMS"},{"$i":"serviceClassDataSync","$v":"مطابقت پذیری کریں"},{"$i":"serviceClassDataAsync","$v":"Async"},{"$i":"serviceClassPacket","$v":"پیکٹ"},{"$i":"serviceClassPad","$v":"PAD"},{"$i":"smServiceEnabled","$v":"سروس فعال شدہ تھی"},{"$i":"smServiceDisabled","$v":"سروس غیر فعال کردی گئی ہے"},{"$i":"smServiceRegistered","$v":"رجسٹریشن کامیاب تھا"},{"$i":"smServiceErased","$v":"مٹانا کامیاب ہوگیا تھا"},{"$i":"smServiceInterrogated","$v":"درخواست ناکام ہوئی تھی"},{"$i":"smServiceNotProvisioned","$v":"سروس فراہم نہیں کی گئی"},{"$i":"smClirPermanent","$v":"آپ کالر آئی ڈی سیٹنگ تبدیل نہیں کر سکتے ہیں"},{"$i":"smClirDefaultOnNextCallOn","$v":"کالر ID ڈیفالٹس محدود کرنا۔ اگلی کال: محدود"},{"$i":"smClirDefaultOnNextCallOff","$v":"کالر ID ڈیفالٹس محدود کرنا۔ اگلی کال: محدود نہیں"},{"$i":"smClirDefaultOffNextCallOn","$v":"کالر ID ڈیفالٹس محدود نہ کرنا۔ اگلی کال: محدود"},{"$i":"smClirDefaultOffNextCallOff","$v":"کالر ID ڈیفالٹس محدود نہ کرنا۔ اگلی کال: محدود نہیں"},{"$i":"smServiceEnabledFor","$v":"سروس فعال کی گئی برائے:"},{"$i":"smPinChanged","$v":"PIN کامیابی کے ساتھ تبدیل ہوگئی"},{"$i":"smPinUnblocked","$v":"PIN کامیابی کے ساتھ انبلاک ہوگئی"},{"$i":"smPin2Changed","$v":"PIN2 کامیابی کے ساتھ تبدیل ہوگئی"},{"$i":"smPin2Unblocked","$v":"PIN2 کامیابی کے ساتھ ان بلاک ہوگئی"},{"$i":"ServiceIsEnabled","$v":"سروس فعال ہے"},{"$i":"ServiceIsDisabled","$v":"سروس غیر فعال ہے"},{"$i":"ServiceIsEnabledFor","$v":"سروس فعال ہے برائے:"},{"$i":"emMmiError","$v":"کنیکشن کا نقص یا غیر مجاز MMI کوڈ"},{"$i":"emMmiErrorPasswordIncorrect","$v":"غلط پاس ورڈ"},{"$i":"emMmiErrorNotSupported","$v":"غیر مجاز یا غیر تائید یافتہ MMI کوڈ"},{"$i":"emMmiErrorInvalidAction","$v":"غیر مجاز عمل"},{"$i":"emMmiErrorInvalidScCode","$v":"غیر مجاز سروس کوڈ"},{"$i":"emMmiErrorBadPuk","$v":"آپ نے جو PUK ٹائپ کی ہے وہ غلط ہے"},{"$i":"emMmiErrorBadPin","$v":"آپ نے جو پرانی PIN ٹائپ کی ہے وہ غلط ہے۔"},{"$i":"emMmiErrorNeedPuk2","$v":"سم کارڈ کو ان بلاک کرنے کیلئے PUK2 ٹائپ کریں"},{"$i":"emMmiErrorMismatchPin","$v":"آپ نے جو PINs ٹائپ کی ہیں وہ میل نہیں کھاتی"},{"$i":"emMmiErrorInvalidPin","$v":"PIN ٹائپ کریں جو 4 سے 8 اعداد پر مشتمل ہو"},{"$i":"emMmiErrorNeedsPuk","$v":"آپ کا سم کارڈ PUK لاک ہوگیا ہے"},{"$i":"emMmiErrorEnablePin","$v":"ناکامیاب۔ SIM/RUIM LOCK فعال کریں"},{"$i":"emMmiErrorMmiFdn","$v":"آپریشن صرف طئے شدہ ڈائلنگ نمبرز کیلئے محدود ہے"},{"$i":"emMmiErrorStkCcUssdDial","$v":"‏USSD درخواست میں ترمیم کر کے DIAL درخواست بنا دی گئی ہے۔"},{"$i":"emMmiErrorStkCcUssdSs","$v":"‏USSD درخواست میں ترمیم کر کے SS درخواست بنا دی گئی ہے۔"},{"$i":"emMmiErrorStkCcUssdUssd","$v":"‏USSD درخواست میں ترمیم کر کے نئی USSD درخواست بنا دی گئی ہے۔"},{"$i":"emMmiErrorStkCcSsDial","$v":"SS کی درخواست کی ڈائل کی درخواست میں ترمیم کر دی گئی ہے"},{"$i":"emMmiErrorStkCcSsUssd","$v":"‏SS درخواست میں ترمیم کر کے USSD درخواست بنا دی گئی ہے۔"},{"$i":"emMmiErrorStkCcSsSs","$v":"SS کی درخواست کی نئی SS کی درخواست میں ترمیم کر دی گئی ہے"},{"$i":"emMmiErrorPinPukAttempts","$v":{"one":["صرف ",{"t":"idOrVar","v":"n"}," کوشش باقی ہے"],"two":[{"t":"idOrVar","v":"n"}," کوششیں باقی ہے"],"few":[{"t":"idOrVar","v":"n"}," کوششیں باقی ہے"],"many":[{"t":"idOrVar","v":"n"}," کوششیں باقی ہے"],"other":[{"t":"idOrVar","v":"n"}," کوششیں باقی ہے"]},"$x":[{"t":"idOrVar","v":"plural"},"n"]},{"$i":"emMmiErrorSimBlocked","$v":"دوبارہ کوشش کرنے کے زیادہ سے زیادہ مواقع سے تجاوز کر گیا۔ سم بلاک ہوگیا"},{"$i":"RadioNotAvailable","$v":"ریڈیو دستیاب نہیں ہے"},{"$i":"PasswordIncorrect","$v":"پاس ورڈ غلط ہے"},{"$i":"SimPin2","$v":"سم پن2"},{"$i":"SimPuk2","$v":"سم PUK2"},{"$i":"RequestNotSupported","$v":"درخواست تعاون یافتہ نہیں ہے"},{"$i":"OpNotAllowedDuringVoiceCall","$v":"وائس کال کے دوران آپریشن کی اجازت نہیں ہے"},{"$i":"SmsSendFailRetry","$v":"SMS بھیجنا ناکام دوبارہ کوشش کریں"},{"$i":"SimAbsent","$v":"سم غیر حاضر"},{"$i":"SubscriptionNotAvailable","$v":"سبسکرپشن دستیاب نہیں ہے"},{"$i":"ModeNotSupported","$v":"موڈ تعاون نہیں کرتا"},{"$i":"FdnCheckFailure","$v":"Fdn کی ناکامی"},{"$i":"IllegalSimOrMe","$v":"غیر قانونی سم یا ME"},{"$i":"DialModifiedToUssd","$v":"ڈائل کی USSD پر ترمیم کی گئی"},{"$i":"DialModifiedToSs","$v":"ڈائل کی SS پر ترمیم کی گئی"},{"$i":"DialModifiedToDial","$v":"ڈائل کی ڈائل پر ترمیم کی گئی"},{"$i":"UssdModifiedToDial","$v":"USSD کی ڈائل میں تریم کردی گئی"},{"$i":"UssdModifiedToSs","$v":"USSD کی SS میں تریم کردی گئی"},{"$i":"UssdModifiedToUssd","$v":"USSD کی USSD میں تریم کردی گئی"},{"$i":"SsModifiedToDial","$v":"SS کی ڈائل میں تریم کردی گئی"},{"$i":"SsModifiedToUssd","$v":"SS کی USSD میں تریم کردی گئی"},{"$i":"SsModifiedToSs","$v":"SS کی SS میں تریم کردی گئی"},{"$i":"SubscriptionNotSupported","$v":"سبسکرپشن تعاون یافتہ نہیں ہے"},{"$i":"InvalidParameter","$v":"غلط پیمانہ"},{"$i":"RejectedByRemote","$v":"ریموٹ کے ذریعے مسترد کیا گیا"},{"$i":"sim-with-index-and-carrier","$v":["سم ",{"t":"idOrVar","v":"index"}," - ",{"t":"idOrVar","v":"carrier"}]},{"$i":"sim-without-carrier","$v":["سم ",{"t":"idOrVar","v":"index"}]},{"$i":"label","$v":"لیبل"},{"$i":"faxHome","$v":"فیکس ہوم"},{"$i":"faxOffice","$v":"فیکس آفیس"},{"$i":"faxOther","$v":"فیکس دیگر"},{"$i":"another","$v":"دیگر"},{"$i":"other","$v":"دیگر"},{"$i":"tcl-customTag","$v":"کسٹم ٹيگ"},{"$i":"customTag","$v":"کسٹم ٹيگ","placeholder":"کسٹم ٹيگ"},{"$i":"current","$v":"موجودہ"},{"$i":"itemWithLabel","$v":[{"t":"idOrVar","v":"label"},", ",{"t":"idOrVar","v":"item"}]},{"$i":"weekday-0-long","$v":"اتوار"},{"$i":"weekday-1-long","$v":"پیر"},{"$i":"weekday-2-long","$v":"منگل"},{"$i":"weekday-3-long","$v":"بدھ"},{"$i":"weekday-4-long","$v":"جمعرات"},{"$i":"weekday-5-long","$v":"جمعہ"},{"$i":"weekday-6-long","$v":"سنیچر"},{"$i":"weekday-0-short","$v":"اتوار"},{"$i":"weekday-1-short","$v":"پیر"},{"$i":"weekday-2-short","$v":"منگل"},{"$i":"weekday-3-short","$v":"بدھ"},{"$i":"weekday-4-short","$v":"جمعرات"},{"$i":"weekday-5-short","$v":"جمعہ"},{"$i":"weekday-6-short","$v":"ہفتہ"},{"$i":"month-0-long","$v":"جنوری"},{"$i":"month-1-long","$v":"فروری"},{"$i":"month-2-long","$v":"مارچ"},{"$i":"month-3-long","$v":"اپریل"},{"$i":"month-4-long","$v":"مئی"},{"$i":"month-5-long","$v":"جون"},{"$i":"month-6-long","$v":"جولائی"},{"$i":"month-7-long","$v":"اگست"},{"$i":"month-8-long","$v":"ستمبر"},{"$i":"month-9-long","$v":"اکتوبر"},{"$i":"month-10-long","$v":"نومبر"},{"$i":"month-11-long","$v":"دسمبر"},{"$i":"month-0-genitive","$v":"جنوری"},{"$i":"month-1-genitive","$v":"فروری"},{"$i":"month-2-genitive","$v":"مارچ"},{"$i":"month-3-genitive","$v":"اپریل"},{"$i":"month-4-genitive","$v":"مئی"},{"$i":"month-5-genitive","$v":"جون"},{"$i":"month-6-genitive","$v":"جولائی"},{"$i":"month-7-genitive","$v":"اگست"},{"$i":"month-8-genitive","$v":"ستمبر"},{"$i":"month-9-genitive","$v":"اکتوبر"},{"$i":"month-10-genitive","$v":"نومبر"},{"$i":"month-11-genitive","$v":"دسمبر"},{"$i":"month-0-short","$v":"جنوری"},{"$i":"month-1-short","$v":"فروری"},{"$i":"month-2-short","$v":"مارچ"},{"$i":"month-3-short","$v":"اپریل"},{"$i":"month-4-short","$v":"مئی"},{"$i":"month-5-short","$v":"جون"},{"$i":"month-6-short","$v":"جولائی"},{"$i":"month-7-short","$v":"اگست"},{"$i":"month-8-short","$v":"ستمبر"},{"$i":"month-9-short","$v":"اکتوبر"},{"$i":"month-10-short","$v":"نومبر"},{"$i":"month-11-short","$v":"دسمبر"},{"$i":"minutes-ago-long","$v":{"zero":"ابھی ابھی","one":"ایک منٹ قبل","two":[{"t":"idOrVar","v":"value"}," منٹس قبل"],"few":[{"t":"idOrVar","v":"value"}," منٹس قبل"],"many":[{"t":"idOrVar","v":"value"}," منٹس قبل"],"other":[{"t":"idOrVar","v":"value"}," منٹس قبل"]},"$x":[{"t":"idOrVar","v":"plural"},"value"]},{"$i":"hours-ago-long","$v":{"zero":"ابھی ابھی","one":"ایک گھنٹہ قبل","two":[{"t":"idOrVar","v":"value"}," گھنٹوں قبل"],"few":[{"t":"idOrVar","v":"value"}," گھنٹوں قبل"],"many":[{"t":"idOrVar","v":"value"}," گھنٹوں قبل"],"other":[{"t":"idOrVar","v":"value"}," گھنٹوں قبل"]},"$x":[{"t":"idOrVar","v":"plural"},"value"]},{"$i":"days-ago-long","$v":{"zero":"آج","one":"گزشتہ کل","two":[{"t":"idOrVar","v":"value"}," دن قبل"],"few":[{"t":"idOrVar","v":"value"}," دن قبل"],"many":[{"t":"idOrVar","v":"value"}," دن قبل"],"other":[{"t":"idOrVar","v":"value"}," دن قبل"]},"$x":[{"t":"idOrVar","v":"plural"},"value"]},{"$i":"weeks-ago-long","$v":{"zero":"اس ہفتہ","one":"آخری ہفتہ","two":[{"t":"idOrVar","v":"value"}," ہفتے قبل"],"few":[{"t":"idOrVar","v":"value"}," ہفتے قبل"],"many":[{"t":"idOrVar","v":"value"}," ہفتے قبل"],"other":[{"t":"idOrVar","v":"value"}," ہفتے قبل"]},"$x":[{"t":"idOrVar","v":"plural"},"value"]},{"$i":"months-ago-long","$v":{"zero":"اس ماہ","one":"آخری مہینہ","two":[{"t":"idOrVar","v":"value"}," مہینہ قبل"],"few":[{"t":"idOrVar","v":"value"}," مہینہ قبل"],"many":[{"t":"idOrVar","v":"value"}," مہینہ قبل"],"other":[{"t":"idOrVar","v":"value"}," مہینہ قبل"]},"$x":[{"t":"idOrVar","v":"plural"},"value"]},{"$i":"years-ago-long","$v":{"zero":"اس سال","one":"آخری سال","two":[{"t":"idOrVar","v":"value"}," سال قبل"],"few":[{"t":"idOrVar","v":"value"}," سال قبل"],"many":[{"t":"idOrVar","v":"value"}," سال قبل"],"other":[{"t":"idOrVar","v":"value"}," سال قبل"]},"$x":[{"t":"idOrVar","v":"plural"},"value"]},{"$i":"minutes-until-long","$v":{"zero":"ابھی","one":"ایک منٹ میں","two":[{"t":"idOrVar","v":"value"}," منٹوں میں"],"few":[{"t":"idOrVar","v":"value"}," منٹوں میں"],"many":[{"t":"idOrVar","v":"value"}," منٹوں میں"],"other":[{"t":"idOrVar","v":"value"}," منٹوں میں"]},"$x":[{"t":"idOrVar","v":"plural"},"value"]},{"$i":"hours-until-long","$v":{"zero":"ابھی","one":"ایک گھٹے میں","two":[{"t":"idOrVar","v":"value"}," گھنٹوں میں"],"few":[{"t":"idOrVar","v":"value"}," گھنٹوں میں"],"many":[{"t":"idOrVar","v":"value"}," گھنٹوں میں"],"other":[{"t":"idOrVar","v":"value"}," گھنٹوں میں"]},"$x":[{"t":"idOrVar","v":"plural"},"value"]},{"$i":"days-until-long","$v":{"zero":"آج","one":"tomorrow","two":[{"t":"idOrVar","v":"value"}," دنوں میں"],"few":[{"t":"idOrVar","v":"value"}," دنوں میں"],"many":[{"t":"idOrVar","v":"value"}," دنوں میں"],"other":[{"t":"idOrVar","v":"value"}," دنوں میں"]},"$x":[{"t":"idOrVar","v":"plural"},"value"]},{"$i":"weeks-until-long","$v":{"zero":"اس ہفتہ","one":"اگلے ہفتے","two":[{"t":"idOrVar","v":"value"}," ہفتوں میں"],"few":[{"t":"idOrVar","v":"value"}," ہفتوں میں"],"many":[{"t":"idOrVar","v":"value"}," ہفتوں میں"],"other":[{"t":"idOrVar","v":"value"}," ہفتوں میں"]},"$x":[{"t":"idOrVar","v":"plural"},"value"]},{"$i":"months-until-long","$v":{"zero":"اس ماہ","one":"اگلے ماہ","two":[{"t":"idOrVar","v":"value"}," مہینوں میں"],"few":[{"t":"idOrVar","v":"value"}," مہینوں میں"],"many":[{"t":"idOrVar","v":"value"}," مہینوں میں"],"other":[{"t":"idOrVar","v":"value"}," مہینوں میں"]},"$x":[{"t":"idOrVar","v":"plural"},"value"]},{"$i":"years-until-long","$v":{"zero":"اس سال","one":"اگلے سال","two":[{"t":"idOrVar","v":"value"}," سالوں میں"],"few":[{"t":"idOrVar","v":"value"}," سالوں میں"],"many":[{"t":"idOrVar","v":"value"}," سالوں میں"],"other":[{"t":"idOrVar","v":"value"}," سالوں میں"]},"$x":[{"t":"idOrVar","v":"plural"},"value"]},{"$i":"minutes-ago-short","$v":{"zero":"ابھی ابھی","other":[{"t":"idOrVar","v":"value"}," منٹ قبل"]},"$x":[{"t":"idOrVar","v":"plural"},"value"]},{"$i":"hours-ago-short","$v":{"zero":"ابھی ابھی","other":[{"t":"idOrVar","v":"value"}," گھنٹہ قبل"]},"$x":[{"t":"idOrVar","v":"plural"},"value"]},{"$i":"days-ago-short","$v":{"zero":"آج","other":[{"t":"idOrVar","v":"value"}," دن قبل"]},"$x":[{"t":"idOrVar","v":"plural"},"value"]},{"$i":"minutes-until-short","$v":{"zero":"ابھی","other":[{"t":"idOrVar","v":"value"}," منٹ میں"]},"$x":[{"t":"idOrVar","v":"plural"},"value"]},{"$i":"hours-until-short","$v":{"zero":"ابھی","other":[{"t":"idOrVar","v":"value"}," گھنٹے میں"]},"$x":[{"t":"idOrVar","v":"plural"},"value"]},{"$i":"days-until-short","$v":{"zero":"آج","other":[{"t":"idOrVar","v":"value"}," دن میں"]},"$x":[{"t":"idOrVar","v":"plural"},"value"]},{"$i":"incorrectDate","$v":"(غلط تاریخ)"},{"$i":"dateTimeFormat_%c","$v":"%a %b %e %Y %I:%M:%S %p"},{"$i":"dateTimeFormat_%x","$v":"%m/%d/%Y"},{"$i":"dateTimeFormat_%X","$v":"%I:%M:%S %p"},{"$i":"shortTimeFormat","$v":"%I:%M %p"},{"$i":"shortTimeFormat12","$v":"%I:%M %p"},{"$i":"shortTimeFormat24","$v":"%H:%M"},{"$i":"shortDateTimeFormat","$v":"%x %I:%M %p"},{"$i":"weekStartsOnMonday","$v":"0"},{"$i":"firstDayOfTheWeek","$v":"0"},{"$i":"time_am","$v":"AM"},{"$i":"time_pm","$v":"PM"}]