[{"$i":"messages","$v":"বাৰ্তা"},{"$i":"deleteMessages-title","$v":"বাছনি কৰক"},{"$i":"selectThreads-title","$v":"বাছনি কৰক"},{"$i":"edit","$v":"সম্পাদনা কৰক"},{"$i":"back","$v":"পিছলৈ যাওক"},{"$i":"cancel","$v":"বাতিল কৰক"},{"$i":"undo","$v":"আনডু কৰক"},{"$i":"done","$v":"কৰা হল"},{"$i":"delete","$v":"বিলোপ কৰক"},{"$i":"deleting-messages","$v":"বিলোপ কৰি আছে..."},{"$i":"select-all","$v":"সকলোবোৰ বাছনি কৰক"},{"$i":"deselect-all","$v":"সকলোবোৰ অ-বাছনি কৰক"},{"$i":"selected-threads","$v":{"zero":"0 বাছনি কৰা হৈছে","one":[{"t":"idOrVar","v":"n"}," বাছনি কৰিছে"],"two":[{"t":"idOrVar","v":"n"}," বাছনি কৰিছে"],"few":[{"t":"idOrVar","v":"n"}," বাছনি কৰিছে"],"many":[{"t":"idOrVar","v":"n"}," বাছনি কৰিছে"],"other":[{"t":"idOrVar","v":"n"}," বাছনি কৰিছে"]},"$x":[{"t":"idOrVar","v":"plural"},"n"]},{"$i":"selected-messages","$v":{"zero":"0 বাছনি কৰা হৈছে","one":[{"t":"idOrVar","v":"n"}," বাছনি কৰিছে"],"two":[{"t":"idOrVar","v":"n"}," বাছনি কৰিছে"],"few":[{"t":"idOrVar","v":"n"}," বাছনি কৰিছে"],"many":[{"t":"idOrVar","v":"n"}," বাছনি কৰিছে"],"other":[{"t":"idOrVar","v":"n"}," বাছনি কৰিছে"]},"$x":[{"t":"idOrVar","v":"plural"},"n"]},{"$i":"selectThreads-label","$v":"থ্ৰেডসমূহ বাছনি কৰক"},{"$i":"selectMessages-label","$v":"বাৰ্তাবোৰ বাছনি কৰক"},{"$i":"new-message","$v":"নতুন বাৰ্তা"},{"$i":"delete-thread","$v":"থ্ৰেড বিলোপ কৰক"},{"$i":"create-new-contact","$v":"নতুন কনটেক্ট বনাওক"},{"$i":"add-to-contact","$v":"এটা বিদ্যমান কনটেক্টলৈ যোগ কৰক"},{"$i":"select-thread","$v":"থ্ৰেড বাছনি কৰক"},{"$i":"settings","$v":"ছেটিংছ"},{"$i":"select","$v":"বাছনি কৰক"},{"$i":"sk-save-as-draft","$v":"ড্ৰাফ্ট ৰূপে চেভ কৰক"},{"$i":"send","$v":"প্ৰেৰণ কৰক"},{"$i":"add-contact","$v":"কনটেক্ট যোগ কৰক"},{"$i":"add-suggestion","$v":"যোগ কৰক"},{"$i":"add-subject","$v":"বিষয় যোগ কৰক"},{"$i":"remove-subject","$v":"বিষয় আঁতৰাওক"},{"$i":"add-attachment","$v":"এটাচ্মেণ্ট যোগ কৰক"},{"$i":"remove-attachment","$v":"এটাচ্মেণ্ট আঁতৰাওক"},{"$i":"replace-attachment","$v":"এটাচ্মেণ্ট ৰিপ্লেচ কৰক"},{"$i":"select-messages","$v":"বাৰ্তাবোৰ বাছনি কৰক"},{"$i":"call","$v":"কল কৰক"},{"$i":"forward","$v":"ফৰৱাৰ্ড কৰক"},{"$i":"view-message-report","$v":"বাৰ্তা বিৱৰণ চাওক"},{"$i":"resend-message","$v":"এইটো বাৰ্তা পুনৰ প্ৰেৰণ কৰক"},{"$i":"cancel-view-report","$v":"বাতিল কৰক"},{"$i":"ok","$v":"ঠিক আছে"},{"$i":"enter","$v":"লিখক"},{"$i":"open","$v":"খোলক"},{"$i":"to","$v":"লৈ"},{"$i":"new","$v":"নতুন"},{"$i":"message","$v":"বাৰ্তা"},{"$i":"messagesInput_placeholder","$v":"বাৰ্তা"},{"$i":"messagesSubjectInput_placeholder","$v":"বিষয়"},{"$i":"converted-to-mms","$v":"মাল্টিমিডিয়া বাৰ্তালৈ ৰূপান্তৰ হৈ আছে ৷"},{"$i":"converted-to-sms","$v":"টেক্সট্ বাৰ্তালৈ ৰূপান্তৰ হৈ আছে ৷"},{"$i":"messages-max-length-text","$v":"আপুনি সৰ্বাধিক দৈৰ্ঘ্যত উপনীত হৈছে ৷"},{"$i":"messages-max-subject-length-text","$v":"বিষয়ৰ সৰ্বাধিক দৈৰ্ঘ্যত উপনীত হৈছে ৷"},{"$i":"multimedia-message-exceeded-max-length","$v":["আপুনি এটা একক মাল্টিমিডিয়া বাৰ্তাৰ ",{"t":"idOrVar","v":"mmsSize"}," KB আকাৰৰ সীমা অতিক্ৰম কৰিছে ৷ এটাচ্মেণ্টসমূহ আঁতৰাওক বা বাৰ্তাটো প্ৰেৰণ কৰিবলৈ ইয়াক চুটি কৰক ৷"]},{"$i":"newMessage","$v":"নতুন বাৰ্তা"},{"$i":"sendMessage","$v":"বাৰ্তা প্ৰেৰণ কৰক"},{"$i":"sendMMSToEmail","$v":"মাল্টিমিডিয়া বাৰ্তা প্ৰেৰণ কৰক"},{"$i":"no-recipient","$v":"(কোনো প্ৰাপ্তকৰ্তা নাই)"},{"$i":"recipient","$v":{"one":[{"t":"idOrVar","v":"n"}," প্ৰাপ্তকৰ্তা"],"two":[{"t":"idOrVar","v":"n"}," প্ৰাপ্তকৰ্তা"],"few":[{"t":"idOrVar","v":"n"}," প্ৰাপ্তকৰ্তা"],"many":[{"t":"idOrVar","v":"n"}," প্ৰাপ্তকৰ্তা"],"other":[{"t":"idOrVar","v":"n"}," প্ৰাপ্তকৰ্তা"]},"$x":[{"t":"idOrVar","v":"plural"},"n"]},{"$i":"attachmentSizeB","$v":[{"t":"idOrVar","v":"n"}," B"]},{"$i":"attachmentSizeKB","$v":[{"t":"idOrVar","v":"n"}," KB"]},{"$i":"attachmentSizeMB","$v":[{"t":"idOrVar","v":"n"}," MB"]},{"$i":"attachmentOpenError","$v":"এই ফাইল প্ৰকাৰটো খুলিবলৈ কোনো এপ্লিকেশ্বন উপলব্ধ হোৱা নাই ৷"},{"$i":"remove","$v":"আঁতৰাওক"},{"$i":"participant","$v":{"one":[{"t":"idOrVar","v":"n"}," অংশগ্ৰহণকাৰী"],"two":[{"t":"idOrVar","v":"n"}," অংশগ্ৰহণকাৰী"],"few":[{"t":"idOrVar","v":"n"}," অংশগ্ৰহণকাৰী"],"many":[{"t":"idOrVar","v":"n"}," অংশগ্ৰহণকাৰী"],"other":[{"t":"idOrVar","v":"n"}," অংশগ্ৰহণকাৰী"]},"$x":[{"t":"idOrVar","v":"plural"},"n"]},{"$i":"message-report","$v":"বাৰ্তা ৰিপ’ৰ্ট"},{"$i":"message-type-sms","$v":"টেক্সট্ বাৰ্তা (SMS)"},{"$i":"message-type-mms","$v":"মাল্টিমিডিয়া বাৰ্তা (MMS)"},{"$i":"sms-report-description","$v":["আপোনাৰ টেক্সট্ বাৰ্তা (SMS), ",{"t":"idOrVar","v":"datetime"}," ত প্ৰেৰণ কৰা হৈছিল"]},{"$i":"mms-report-description","$v":["আপোনাৰ মাল্টিমিডিয়া বাৰ্তা (MMS), বিষয় ",{"t":"idOrVar","v":"subject"},", ",{"t":"idOrVar","v":"datetime"},"ত প্ৰেৰণ কৰা হৈছিল"]},{"$i":"mms-no-subject-report-description","$v":["আপোনাৰ মাল্টিমিডিয়া বাৰ্তা (MMS), ",{"t":"idOrVar","v":"datetime"},"ত প্ৰেৰণ কৰা হৈছিল"]},{"$i":"message-subject","$v":"বিষয়:"},{"$i":"report-status-error","$v":"বাৰ্তা প্ৰেৰণ কৰিব পৰা নগ’ল"},{"$i":"report-status-not-downloaded","$v":"ডাউনলোড নহ’ল"},{"$i":"report-status-delivered","$v":"ডেলিভাৰ হ’ল:"},{"$i":"report-status-read","$v":"পঢ়া হ’ল:"},{"$i":"report-status-pending","$v":"ৰিপ’ৰ্ট অনুৰোধ কৰা হৈছে"},{"$i":"report-status-rejected","$v":"বাৰ্তা নাকচ কৰা হৈছে"},{"$i":"message-size-was","$v":"বাৰ্তাৰ আকাৰ:"},{"$i":"report-dateTimeFormat12","$v":["%e %B %Y, ",{"t":"idOrVar","v":"shortTimeFormat12"}]},{"$i":"report-dateTimeFormat24","$v":["%e %B %Y, ",{"t":"idOrVar","v":"shortTimeFormat24"}]},{"$i":"report-to-title","$v":"লৈ"},{"$i":"report-from-title","$v":"পৰা"},{"$i":"message-sent","$v":"প্ৰেৰণ হৈছে:"},{"$i":"message-sending","$v":[{"t":"idOrVar","v":"message-delivery-status-sending"}]},{"$i":"message-received","$v":"প্ৰাপ্ত কৰা হৈছে:"},{"$i":"message-via","$v":"মাধ্যমেৰে:"},{"$i":"message-resend","$v":"পুনৰ প্ৰেৰণ কৰক"},{"$i":"search","$v":"অনুসন্ধান কৰক"},{"$i":"unknown-contact-title","$v":"অজ্ঞাত কনটেক্ট"},{"$i":"phone-type-separator","$v":", "},{"$i":"phone-carrier-separator","$v":" "},{"$i":"thread-participant-separator","$v":", "},{"$i":"replace-draft","$v":"বিদ্যমান ড্ৰাফ্ট ৰিপ্লেচ কৰক"},{"$i":"save-as-draft","$v":"ছেভ কৰক"},{"$i":"discard-message","$v":"আতৰাওঁক"},{"$i":"discard-sms","$v":"আপুনি এই বাৰ্তাটো আঁতৰাব বিচাৰেনে?"},{"$i":"discard-new-message","$v":"আপুনি লিখি থকা বাৰ্তাটো এৰক আৰু নতুন বাৰ্তা খুলিব নেকি?"},{"$i":"resend-confirmation","$v":"বাৰ্তাটো প্ৰেৰণ কৰিব পৰা নাযাব ৷ পুনৰ চেষ্টা কৰিবনে?"},{"$i":"deleteMessage-confirmation","$v":"বাছনি কৰা বাৰ্তা বিলোপ কৰিব?"},{"$i":"deleteMessages-confirmation","$v":"বাছনি কৰা বাৰ্তাসমূহ বিলোপ কৰিব?"},{"$i":"deleteThreads-confirmation2","$v":{"one":"বাছনি কৰা বাৰ্তা থ্ৰেড বিলোপ কৰিব?","other":"বাছনি কৰা বাৰ্তা থ্ৰেডসমূহ বিলোপ কৰিব?"},"$x":[{"t":"idOrVar","v":"plural"},"n"]},{"$i":"new-message-notice-text","$v":"ইয়াৰ পৰা নতুন বাৰ্তা"},{"$i":"new-message-notice-a-text","$v":"এইটো পঢ়ক"},{"$i":"noMessages-title","$v":"কোনো বাৰ্তা নাই"},{"$i":"noMessages-text","$v":"যোগাযোগ আৰম্ভ কৰিবলৈ নতুন বাৰ্তা টিপক ৷"},{"$i":"sendDefaultErrorTitle","$v":"বাৰ্তা প্ৰেৰণ নহ’ল"},{"$i":"sendDefaultErrorBody","$v":"বাৰ্তাটো প্ৰেৰণ কৰি থকা সময়ত এটা সমস্যা হৈছিল ৷ অনুগ্ৰহ কৰি পুনৰ চেষ্টা কৰক"},{"$i":"sendDefaultErrorBtnOk","$v":"ঠিক আছে"},{"$i":"sendMissingSimCardTitle","$v":"হেৰুওৱা চিম কাৰ্ড"},{"$i":"sendMissingSimCardBody","$v":"অব্যাহত ৰাখিবলৈ এখন বৈধ চিম কাৰ্ড ভৰাওক ৷"},{"$i":"sendMissingSimCardBtnOk","$v":"ঠিক আছে"},{"$i":"sendFlightModeTitle","$v":"এয়াৰপ্লেন মোড সক্ৰিয় কৰা হৈছে"},{"$i":"sendFlightModeBody","$v":"বাৰ্তাসমূহ প্ৰেৰণ কৰিবলৈ এয়াৰপ্লেন মোড অফ কৰক ৷"},{"$i":"sendFlightModeBtnOk","$v":"ঠিক আছে"},{"$i":"radioDisabledToDownloadTitle","$v":[{"t":"idOrVar","v":"sendFlightModeTitle"}]},{"$i":"radioDisabledToDownloadBody","$v":"এটাচ্মেণ্টসমূহ ডাউনলোড কৰিবলৈ এয়াৰপ্লেন মোড অফ কৰক ৷"},{"$i":"radioDisabledToDownloadBtnOk","$v":[{"t":"idOrVar","v":"sendFlightModeBtnOk"}]},{"$i":"fdnErrorTitle","$v":"FDN সক্ৰিয়"},{"$i":"needConnectWifiBody","$v":"কোনো চেলুলাৰ নেটৱৰ্ক উপলব্ধ নহয়। বাৰ্তা পঠাবলৈ এটা উপলব্ধ Wi-Fi নেটৱৰ্কলৈ সংযোগ কৰক ৷"},{"$i":"needConnectWifiTitle","$v":"বাৰ্তা প্ৰেৰণ নহ’ল"},{"$i":"sms-counter-notice-label","$v":["SMS ",{"t":"idOrVar","v":"number"}," সম্পাদনা কৰক"]},{"$i":"fdnErrorBody","innerHTML":{"$x":[{"t":"idOrVar","v":"plural"},"n"],"$v":{"one":"FDN (ফিক্সড ডায়েলিং নম্বৰ) সক্ৰিয় হৈছে ৷ SMS চেণ্টাৰ আৰু নিম্নোক্ত প্ৰাপ্তকৰ্তা আপোনাৰ FDN সূচীত থকাটো নিশ্চিত কৰক:","two":"FDN (ফিক্সড ডায়েলিং নম্বৰ) সক্ৰিয় হৈছে ৷ SMS চেণ্টাৰ আৰু নিম্নোক্ত প্ৰাপ্তকৰ্তাবোৰ আপোনাৰ FDN সূচীত থকাটো নিশ্চিত কৰক:","few":"FDN (ফিক্সড ডায়েলিং নম্বৰ) সক্ৰিয় হৈছে ৷ SMS চেণ্টাৰ আৰু নিম্নোক্ত প্ৰাপ্তকৰ্তাবোৰ আপোনাৰ FDN সূচীত থকাটো নিশ্চিত কৰক:","many":"FDN (ফিক্সড ডায়েলিং নম্বৰ) সক্ৰিয় হৈছে ৷ SMS চেণ্টাৰ আৰু নিম্নোক্ত প্ৰাপ্তকৰ্তাবোৰ আপোনাৰ FDN সূচীত থকাটো নিশ্চিত কৰক:","other":"FDN (ফিক্সড ডায়েলিং নম্বৰ) সক্ৰিয় হৈছে ৷ SMS চেণ্টাৰ আৰু নিম্নোক্ত প্ৰাপ্তকৰ্তাবোৰ আপোনাৰ FDN সূচীত থকাটো নিশ্চিত কৰক:"}}},{"$i":"fdnErrorBtnOk","$v":"ঠিক আছে"},{"$i":"switchSimToRetrieveTitle","$v":"ডাটা সংযোগ চুইট্চ কৰক"},{"$i":"switchSimToRetrieveBody","$v":["MMS পুনৰুদ্ধাৰ কৰিবলৈ ডাটা সংযোগক চিম ",{"t":"idOrVar","v":"nonActiveSimId"},"লৈ চুইট্চ কৰক ৷ চিম ",{"t":"idOrVar","v":"activeSimId"},"ত বৰ্তমানৰ ডাটা স্থানান্তৰ নিলম্বন কৰা হ’ব ৷ যিকোনো প্ৰকাৰে অব্যাহত ৰাখিবনে?"]},{"$i":"switchSimToRetrieveBtnOk","$v":"পিছত"},{"$i":"switchSimToRetrieveConfirm","$v":"ঠিক আছে"},{"$i":"switchSimToSendTitle","$v":[{"t":"idOrVar","v":"switchSimToRetrieveTitle"}]},{"$i":"switchSimToSendBody","$v":["MMS প্ৰেৰণ কৰিবলৈ ডাটা সংযোগক চিম ",{"t":"idOrVar","v":"nonActiveSimId"},"লৈ চুইট্চ কৰক ৷ চিম ",{"t":"idOrVar","v":"activeSimId"},"ত বৰ্তমানৰ ডাটা স্থানান্তৰ নিলম্বন কৰা হ’ব ৷ যিকোনো প্ৰকাৰে অব্যাহত ৰাখিবনে?"]},{"$i":"switchSimToSendBtnOk","$v":[{"t":"idOrVar","v":"switchSimToRetrieveBtnOk"}]},{"$i":"switchSimToSendConfirm","$v":[{"t":"idOrVar","v":"switchSimToRetrieveConfirm"}]},{"$i":"sendNoSignalErrorTitle","$v":"কোনো নেটৱৰ্ক ক’ভাৰেজ নাই"},{"$i":"sendNoSignalErrorBody","$v":"আপোনাৰ এটা ম’বাইল চিগনেল থকাটো নিশ্চিত কৰক আৰু পুনৰ চেষ্টা কৰক ৷"},{"$i":"sendNoSignalErrorBtnOk","$v":"ঠিক আছে"},{"$i":"sendNotFoundErrorTitle","$v":"বাৰ্তা পোৱা নাই"},{"$i":"sendNotFoundErrorBody","$v":"আপুনি বিচাৰি থকা বাৰ্তাটো আৰু উপলব্ধ নহয় ৷"},{"$i":"sendNotFoundErrorBtnOk","$v":"ঠিক আছে"},{"$i":"sendInvalidAddressErrorTitle","$v":"অবৈধ নম্বৰ"},{"$i":"sendInvalidAddressErrorBody","$v":"আপুনি প্ৰেৰণ কৰা ম’বাইল নম্বৰটো যে বৈধ সেইটো নিশ্চিত কৰক ৷"},{"$i":"sendInvalidAddressErrorBtnOk","$v":"ঠিক আছে"},{"$i":"simNotMatchedErrorTitle","$v":"ডাউনলোড কৰিবলৈ অক্ষম"},{"$i":"simNotMatchedErrorBody","$v":"অনুগ্ৰহ কৰি ভৰাই থোৱা চিমখন বাৰ্তাটো প্ৰাপ্ত কৰিবলৈ ব্যৱহাৰ হোৱাটো নিশ্চিত কৰক"},{"$i":"simNotMatchedErrorBtnOk","$v":"ঠিক আছে"},{"$i":"deleted-sms","$v":"এই বাৰ্তাটো ইতিমধ্যে বিলোপ কৰা হৈছে ৷"},{"$i":"view-attachment-image","$v":"চাওক"},{"$i":"view-attachment-audio","$v":"শুনক"},{"$i":"view-attachment-video","$v":"চাওক"},{"$i":"view-attachment-other","$v":"চাওক"},{"$i":"remove-attachment-image","$v":"চিত্ৰ আঁতৰাওঁক"},{"$i":"remove-attachment-audio","$v":"অডিঅ’ আঁতৰাওক"},{"$i":"remove-attachment-video","$v":"ভিডিঅ’ আঁতৰাওক"},{"$i":"remove-attachment-other","$v":"এটাচ্মেণ্ট আঁতৰাওক"},{"$i":"replace-attachment-image","$v":"চিত্ৰ ৰিপ্লেচ কৰক"},{"$i":"replace-attachment-audio","$v":"অডিঅ’ ৰিপ্লেচ কৰক"},{"$i":"replace-attachment-video","$v":"ভিডিঅ’ ৰিপ্লেচ কৰক"},{"$i":"replace-attachment-other","$v":"এটাচ্মেণ্ট ৰিপ্লেচ কৰক"},{"$i":"unsent-message-title","$v":"প্ৰেৰণ নকৰা বাৰ্তা"},{"$i":"unsent-message-description","$v":"আপোনাৰ পূৰ্বৰ বাৰ্তা প্ৰেৰণ কৰা হোৱা নাছিল ৷ আপুনি প্ৰেৰণ নকৰা মেচজটো সম্পাদনা বা অগ্ৰাহ্য কৰিব বিচাৰে নেকি আৰু অব্যাহত ৰাখিব বিচাৰে নেকি ?"},{"$i":"unsent-message-option-edit","$v":"সম্পাদনা কৰক"},{"$i":"unsent-message-option-discard","$v":"আতৰাওঁক"},{"$i":"message-options","$v":"বাৰ্তা বিকল্পসমূহ"},{"$i":"select-text","$v":"টেক্সট্ বাছনি কৰক"},{"$i":"mobile","$v":"ম’বাইল"},{"$i":"home","$v":"হোম"},{"$i":"work","$v":"কৰ্ম"},{"$i":"personal","$v":"ব্যক্তিগত"},{"$i":"faxHome","$v":"হোমলৈ Fax কৰক"},{"$i":"faxOffice","$v":"কাৰ্য্যালয়লৈ Fax কৰক"},{"$i":"faxOther","$v":"আনক Fax কৰক"},{"$i":"another","$v":"অন্য"},{"$i":"other","$v":"অন্যান্য"},{"$i":"today","$v":"আজি"},{"$i":"yesterday","$v":"যোৱাকালি"},{"$i":"incorrectDate","$v":"(অশুদ্ধ তাৰিখ)"},{"$i":"addToExistingContact","$v":"এটা বিদ্যমান কনটেক্টলৈ যোগ কৰক"},{"$i":"createNewContact","$v":"নতুন কনটেক্ট বনাওক"},{"$i":"viewContact","$v":"কনটেক্ট চাওক"},{"$i":"sendEmail","$v":"ইমেইল প্ৰেৰণ কৰক"},{"$i":"mms-message","$v":"MMS বাৰ্তা"},{"$i":"notDownloaded-title","$v":"বাৰ্তা এতিয়ালৈকে ডাউনলোড হোৱা নাই৷"},{"$i":"tobedownloaded-attachment","$v":["আপুনি এটা মাল্টিমিডিয়া বাৰ্তা প্ৰাপ্ত কৰিছে, ",{"t":"idOrVar","v":"date"}," ৰ আগতে ইয়াৰ বিষয়বস্তু পুনৰুদ্ধাৰ কৰাৰ বাবে ডাউনলোডত টিপক"]},{"$i":"expired-attachment","$v":["দুঃখিত, বাৰ্তাটোৰ ",{"t":"idOrVar","v":"date"},"ত ম্যাদ উকলিছে আৰু ডাউনলোড কৰিব পৰা নাযাব ৷"]},{"$i":"download-attachment","$v":"ডাউনলোড কৰক"},{"$i":"downloading-attachment","$v":"ডাউনলোড হৈ আছে..."},{"$i":"download-complete","$v":"ডাউনলোড সম্পূৰ্ণ হ’ল"},{"$i":"unnamed-attachment","$v":"অশিৰোনামাযুক্ত"},{"$i":"mms-label","$v":"MMS"},{"$i":"attached-files-too-large","$v":{"zero":["আপুনি বাছনি কৰা ফাইলসমূহে এটা একক মাল্টিমিডিয়া বাৰ্তাৰ ",{"t":"idOrVar","v":"mmsSize"}," KB আকাৰৰ সীমা অতিক্ৰম কৰিছে৷"],"one":["আপুনি বাছনি কৰা ফাইলটোৱে এটা একক মাল্টিমিডিয়া বাৰ্তাৰ ",{"t":"idOrVar","v":"mmsSize"}," KB আকাৰৰ সীমা অতিক্ৰম কৰিছে ৷"],"two":["আপুনি বাছনি কৰা ফাইলসমূহে এটা একক মাল্টিমিডিয়া বাৰ্তাৰ ",{"t":"idOrVar","v":"mmsSize"}," KB আকাৰৰ সীমা অতিক্ৰম কৰিছে৷"],"few":["আপুনি বাছনি কৰা ফাইলসমূহে এটা একক মাল্টিমিডিয়া বাৰ্তাৰ ",{"t":"idOrVar","v":"mmsSize"}," KB আকাৰৰ সীমা অতিক্ৰম কৰিছে৷"],"many":["আপুনি বাছনি কৰা ফাইলসমূহে এটা একক মাল্টিমিডিয়া বাৰ্তাৰ ",{"t":"idOrVar","v":"mmsSize"}," KB আকাৰৰ সীমা অতিক্ৰম কৰিছে৷"],"other":["আপুনি বাছনি কৰা ফাইলসমূহে এটা একক মাল্টিমিডিয়া বাৰ্তাৰ ",{"t":"idOrVar","v":"mmsSize"}," KB আকাৰৰ সীমা অতিক্ৰম কৰিছে৷"]},"$x":[{"t":"idOrVar","v":"plural"},"n"]},{"$i":"resize-image","$v":"এটাচ্ হৈ থকা চিত্ৰৰ আকাৰ পৰিৱৰ্তন কৰি আছে"},{"$i":"no-attachment-text","$v":"এটাচ্ হৈ থকা ফাইলটোৰ সৈতে এটা সমস্যা আছে আৰু ইয়াক ডাউনলোড কৰিব পৰা নাযাব ৷"},{"$i":"message-draft-saved","$v":"বাৰ্তা ড্ৰাফ্ট ৰূপে চেভ কৰা হৈছে"},{"$i":"sim-id-label","$v":["চিম ",{"t":"idOrVar","v":"id"}]},{"$i":"sim-detail","$v":["চিম ",{"t":"idOrVar","v":"id"},", ",{"t":"idOrVar","v":"detailString"}]},{"$i":"dsds-notification-title-with-sim","$v":["(",{"t":"idOrVar","v":"sim"},") ",{"t":"idOrVar","v":"sender"}]},{"$i":"send-button","ariaLabel":"প্ৰেৰণ কৰক"},{"$i":"send-button-sim-indication","$v":[{"t":"idOrVar","v":"n"}],"ariaLabel":["চিম ",{"t":"idOrVar","v":"n"}," ব্যৱহাৰ হৈ আছে"]},{"$i":"expiry-date-format","$v":"%A, %b %e"},{"$i":"attach-button","ariaLabel":"এটাচ্মেণ্ট যোগ কৰক"},{"$i":"contact-photo","ariaLabel":"কনটেক্ট ফটো"},{"$i":"unread-thread","ariaLabel":"নপঢ়া"},{"$i":"has-draft","ariaLabel":"ড্ৰাফ্ট আছে"},{"$i":"is-draft","ariaLabel":"ড্ৰাফ্ট"},{"$i":"message-delivery-status-sending","$v":"প্ৰেৰণ কৰি আছে..."},{"$i":"message-delivery-status-delivered","ariaLabel":"ডেলিভাৰ কৰা হ’ল"},{"$i":"message-delivery-status-read","ariaLabel":"পঢ়ক"},{"$i":"message-delivery-status-error","ariaLabel":"ত্ৰুটি"},{"$i":"modal-dialog-ok-button","$v":"ঠিক আছে"},{"$i":"modal-dialog-cancel-button","$v":"বাতিল কৰক"},{"$i":"modal-dialog-default-title","$v":"বাৰ্তাসমূহ"},{"$i":"tcl-delete-message","$v":"বাৰ্তা বিলোপ কৰা হৈছে"},{"$i":"tcl-sending-message-toast","$v":"বাৰ্তা প্ৰেৰণ কৰি আছে..."},{"$i":"tcl-message-converted-to-toast","$v":[{"t":"idOrVar","v":"type"},"লৈ বাৰ্তা ৰূপান্তৰ কৰা হৈছে"]},{"$i":"tcl-message-sent-toast","$v":"বাৰ্তা প্ৰেৰণ কৰা হৈছে"},{"$i":"tcl-deleteMessage-confirmation2","$v":"বাছনি কৰা বাৰ্তা থ্ৰেড বিলোপ কৰিব?"},{"$i":"tcl-deleted-message","$v":{"zero":"0 বাৰ্তা বিলোপ কৰা হৈছে","one":[{"t":"idOrVar","v":"n"}," বাৰ্তা বিলোপ কৰা হৈছে"],"two":[{"t":"idOrVar","v":"n"}," বাৰ্তা বিলোপ কৰা হৈছে"],"few":[{"t":"idOrVar","v":"n"}," বাৰ্তা বিলোপ কৰা হৈছে"],"many":[{"t":"idOrVar","v":"n"}," বাৰ্তা বিলোপ কৰা হৈছে"],"other":[{"t":"idOrVar","v":"n"}," বাৰ্তা বিলোপ কৰা হৈছে"]},"$x":[{"t":"idOrVar","v":"plural"},"n"]},{"$i":"tcl-deleted-threads","$v":{"zero":"0 থ্ৰেড বিলোপ কৰা হৈছে","one":"থ্ৰেড বিলোপ কৰা হৈছে","two":[{"t":"idOrVar","v":"n"}," বাৰ্তা থ্ৰেড বিলোপ কৰা হৈছে"],"few":[{"t":"idOrVar","v":"n"}," বাৰ্তা থ্ৰেড বিলোপ কৰা হৈছে"],"many":[{"t":"idOrVar","v":"n"}," বাৰ্তা থ্ৰেড বিলোপ কৰা হৈছে"],"other":[{"t":"idOrVar","v":"n"}," বাৰ্তা থ্ৰেড বিলোপ কৰা হৈছে"]},"$x":[{"t":"idOrVar","v":"plural"},"n"]},{"$i":"tcl-simSettings","$v":"তথ্য"},{"$i":"tcl-unknown-SMSC","$v":"তথ্য উপলব্ধ হোৱা নাই"},{"$i":"tcl-sim1","$v":"চিম1 সেৱা কেন্দ্ৰ"},{"$i":"tcl-sim2","$v":"চিম2 সেৱা কেন্দ্ৰ"},{"$i":"tcl-auto-retrieve","$v":"স্বতঃ পুনৰুদ্ধাৰ কৰক"},{"$i":"tcl-wapPushMessages","$v":"WAP পুশ্ব বাৰ্তাসমূহ"},{"$i":"tcl-wapPush","$v":"WAP পুশ্ব"},{"$i":"tcl-wap-push-on","$v":"অন"},{"$i":"tcl-wap-push-off","$v":"অফ"},{"$i":"tcl-auto-retrieve-messages","$v":"বাৰ্তাবোৰক স্বতঃ পুনৰুদ্ধাৰ কৰক"},{"$i":"tcl-manual-retrieve","$v":"অফ"},{"$i":"tcl-auto-roaming-retrieve","$v":"ৰ’মিঙত থাকোতে অন"},{"$i":"tcl-auto-no-roaming-retrieve","$v":"ৰ’মিঙ অবিহনে অন"},{"$i":"tcl-message-read-reports","$v":"ৰিপ’ৰ্টসমূহ পঢ়ক"},{"$i":"tcl-read-reports-on","$v":"অন"},{"$i":"tcl-read-reports-off","$v":"অফ"},{"$i":"tcl-mmsTitle","$v":"মাল্টিমিডিয়া বাৰ্তা (MMS)"},{"$i":"tcl-message-delivery-reports","$v":"ডেলিভাৰী ৰিপ’ৰ্টবোৰ"},{"$i":"tcl-delivery-reports-on","$v":"অন"},{"$i":"tcl-delivery-reports-off","$v":"অফ"},{"$i":"tcl-message-confirmation","$v":"বাৰ্তা নিশ্চিতিকৰণ"},{"$i":"tcl-messageReport-title","$v":"বাৰ্তাৰ বিৱৰণ"},{"$i":"tcl-mms-label","$v":"MMS"},{"$i":"tcl-sms-label","$v":"SMS"},{"$i":"tcl-messaging-settings","$v":"বাৰ্তা ছেটিংছ"},{"$i":"tcl-messagingSettings-header","$v":[{"t":"idOrVar","v":"tcl-messaging-settings"}]},{"$i":"tcl-confirmation-title","$v":"নিশ্চিতিকৰণ"},{"$i":"tcl-draft-save-content","$v":"ড্ৰাফ্ট ৰূপে চেভ কৰিবনে?"},{"$i":"tcl-draft-discard-content","$v":"বাৰ্তা আতৰোৱা হৈছে"},{"$i":"tcl-switch-on","$v":"অন"},{"$i":"tcl-switch-off","$v":"অফ"},{"$i":"tcl-delivery-report-desc","$v":"প্ৰেৰণ কৰা প্ৰতিটো বাৰ্তাৰ বাবে ডেলিভাৰীৰ অধিসূচনা অনুৰোধ কৰক"},{"$i":"tcl-read-report-desc","$v":"প্ৰেৰণ কৰা প্ৰতিটো বাৰ্তাৰ বাবে পঠিত ৰিপ’ৰ্টৰ অনুৰোধ কৰক"},{"$i":"tcl-auto-retrieve-desc","$v":"স্বয়ংক্ৰিয়ভাৱে বাৰ্তাসমূহ পুনৰুদ্ধাৰ কৰক"},{"$i":"tcl-confirm-dialog-ok","$v":"ঠিক আছে"},{"$i":"tcl-yes","$v":"হয়"},{"$i":"tcl-no","$v":"নহয়"},{"$i":"tcl-delete-current-thread?","$v":"বাছনি কৰা বাৰ্তা থ্ৰেড বিলোপ কৰিব?"},{"$i":"tcl-attention","$v":"মনোযোগ দিয়ক"},{"$i":"tcl-options","$v":"বিকল্পসমূহ"},{"$i":"send-failed","$v":"প্ৰেৰণ বিফল হ’ল ৷"},{"$i":"subject-removed","$v":"বিষয় আঁতৰোৱা হৈছে ৷"},{"$i":"media-storage-limit-alert-title","$v":"ষ্টোৰেজ পূৰ্ণ"},{"$i":"media-storage-limit-alert-body","$v":"অধিক মুকলি স্থান পাবলৈ আপুনি কিছু মিডিয়া ফাইল বিলোপ কৰিব পাৰে বা এপ্লিকেশ্বন ডাটা নিয়ন্ত্ৰণ কৰিব পাৰে"},{"$i":"media-storage-limit-alert-cancel","$v":"বাতিল কৰক"},{"$i":"media-storage-limit-alert-setting","$v":"ছেটিংছলৈ যাওক"},{"$i":"email","$v":"ইমেইল"},{"$i":"go","$v":"যাওক"},{"$i":"weekday-0-long","$v":"দেওবাৰ"},{"$i":"weekday-1-long","$v":"সোমবাৰ"},{"$i":"weekday-2-long","$v":"মঙ্গলবাৰ"},{"$i":"weekday-3-long","$v":"বুধবাৰ"},{"$i":"weekday-4-long","$v":"বৃহস্পতিবাৰ"},{"$i":"weekday-5-long","$v":"শুক্ৰবাৰ"},{"$i":"weekday-6-long","$v":"শনিবাৰ"},{"$i":"weekday-0-short","$v":"দেও"},{"$i":"weekday-1-short","$v":"সোম"},{"$i":"weekday-2-short","$v":"মঙ্গল"},{"$i":"weekday-3-short","$v":"বুধ"},{"$i":"weekday-4-short","$v":"বৃহস্পতি"},{"$i":"weekday-5-short","$v":"শুক্ৰ"},{"$i":"weekday-6-short","$v":"শনি"},{"$i":"month-0-long","$v":"জানুৱাৰী"},{"$i":"month-1-long","$v":"ফেব্ৰুৱাৰী"},{"$i":"month-2-long","$v":"মাৰ্চ"},{"$i":"month-3-long","$v":"এপ্ৰিল"},{"$i":"month-4-long","$v":"মে"},{"$i":"month-5-long","$v":"জুন"},{"$i":"month-6-long","$v":"জুলাই"},{"$i":"month-7-long","$v":"আগষ্ট"},{"$i":"month-8-long","$v":"ছেপ্টেম্বৰ"},{"$i":"month-9-long","$v":"অক্টোবৰ"},{"$i":"month-10-long","$v":"নৱেম্বৰ"},{"$i":"month-11-long","$v":"ডিচেম্বৰ"},{"$i":"month-0-genitive","$v":"জানুৱাৰী"},{"$i":"month-1-genitive","$v":"ফেব্ৰুৱাৰী"},{"$i":"month-2-genitive","$v":"মাৰ্চ"},{"$i":"month-3-genitive","$v":"এপ্ৰিল"},{"$i":"month-4-genitive","$v":"মে"},{"$i":"month-5-genitive","$v":"জুন"},{"$i":"month-6-genitive","$v":"জুলাই"},{"$i":"month-7-genitive","$v":"আগষ্ট"},{"$i":"month-8-genitive","$v":"ছেপ্টেম্বৰ"},{"$i":"month-9-genitive","$v":"অক্টোবৰ"},{"$i":"month-10-genitive","$v":"নৱেম্বৰ"},{"$i":"month-11-genitive","$v":"ডিচেম্বৰ"},{"$i":"month-0-short","$v":"জানুৱাৰী"},{"$i":"month-1-short","$v":"ফেব্ৰুৱাৰী"},{"$i":"month-2-short","$v":"মাৰ্চ"},{"$i":"month-3-short","$v":"এপ্ৰিল"},{"$i":"month-4-short","$v":"মে"},{"$i":"month-5-short","$v":"জুন"},{"$i":"month-6-short","$v":"জুলাই"},{"$i":"month-7-short","$v":"আগষ্ট"},{"$i":"month-8-short","$v":"ছেপ্টেম্বৰ"},{"$i":"month-9-short","$v":"অক্টোবৰ"},{"$i":"month-10-short","$v":"নৱেম্বৰ"},{"$i":"month-11-short","$v":"ডিচেম্বৰ"},{"$i":"minutes-ago-long","$v":{"zero":"এইমাত্ৰ","one":"এক মিনিট আগতে","two":[{"t":"idOrVar","v":"value"}," মিনিট আগত"],"few":[{"t":"idOrVar","v":"value"}," মিনিট আগত"],"many":[{"t":"idOrVar","v":"value"}," মিনিট আগত"],"other":[{"t":"idOrVar","v":"value"}," মিনিট আগত"]},"$x":[{"t":"idOrVar","v":"plural"},"value"]},{"$i":"hours-ago-long","$v":{"zero":"এইমাত্ৰ","one":"এঘণ্টা আগতে","two":[{"t":"idOrVar","v":"value"}," ঘণ্টা আগত"],"few":[{"t":"idOrVar","v":"value"}," ঘণ্টা আগত"],"many":[{"t":"idOrVar","v":"value"}," ঘণ্টা আগত"],"other":[{"t":"idOrVar","v":"value"}," ঘণ্টা আগত"]},"$x":[{"t":"idOrVar","v":"plural"},"value"]},{"$i":"days-ago-long","$v":{"zero":"আজি","one":"যোৱাকালি","two":[{"t":"idOrVar","v":"value"}," দিন আগত"],"few":[{"t":"idOrVar","v":"value"}," দিন আগত"],"many":[{"t":"idOrVar","v":"value"}," দিন আগত"],"other":[{"t":"idOrVar","v":"value"}," দিন আগত"]},"$x":[{"t":"idOrVar","v":"plural"},"value"]},{"$i":"weeks-ago-long","$v":{"zero":"এইটো সপ্তাহ","one":"যোৱা সপ্তাহ","two":[{"t":"idOrVar","v":"value"}," সপ্তাহ আগত"],"few":[{"t":"idOrVar","v":"value"}," সপ্তাহ আগত"],"many":[{"t":"idOrVar","v":"value"}," সপ্তাহ আগত"],"other":[{"t":"idOrVar","v":"value"}," সপ্তাহ আগত"]},"$x":[{"t":"idOrVar","v":"plural"},"value"]},{"$i":"months-ago-long","$v":{"zero":"এইটো মাহ","one":"যোৱা মাহ","two":[{"t":"idOrVar","v":"value"}," মাহ আগত"],"few":[{"t":"idOrVar","v":"value"}," মাহ আগত"],"many":[{"t":"idOrVar","v":"value"}," মাহ আগত"],"other":[{"t":"idOrVar","v":"value"}," মাহ আগত"]},"$x":[{"t":"idOrVar","v":"plural"},"value"]},{"$i":"years-ago-long","$v":{"zero":"এইটো বছৰ","one":"যোৱা বছৰ","two":[{"t":"idOrVar","v":"value"}," বছৰ আগত"],"few":[{"t":"idOrVar","v":"value"}," বছৰ আগত"],"many":[{"t":"idOrVar","v":"value"}," বছৰ আগত"],"other":[{"t":"idOrVar","v":"value"}," বছৰ আগত"]},"$x":[{"t":"idOrVar","v":"plural"},"value"]},{"$i":"minutes-until-long","$v":{"zero":"এতিয়া","one":"এক মিনিটত","two":[{"t":"idOrVar","v":"value"}," মিনিটত"],"few":[{"t":"idOrVar","v":"value"}," মিনিটত"],"many":[{"t":"idOrVar","v":"value"}," মিনিটত"],"other":[{"t":"idOrVar","v":"value"}," মিনিটত"]},"$x":[{"t":"idOrVar","v":"plural"},"value"]},{"$i":"hours-until-long","$v":{"zero":"এতিয়া","one":"এক ঘণ্টাত","two":[{"t":"idOrVar","v":"value"}," ঘণ্টাত"],"few":[{"t":"idOrVar","v":"value"}," ঘণ্টাত"],"many":[{"t":"idOrVar","v":"value"}," ঘণ্টাত"],"other":[{"t":"idOrVar","v":"value"}," ঘণ্টাত"]},"$x":[{"t":"idOrVar","v":"plural"},"value"]},{"$i":"days-until-long","$v":{"zero":"আজি","one":"অহাকলি","two":[{"t":"idOrVar","v":"value"}," দিনত"],"few":[{"t":"idOrVar","v":"value"}," দিনত"],"many":[{"t":"idOrVar","v":"value"}," দিনত"],"other":[{"t":"idOrVar","v":"value"}," দিনত"]},"$x":[{"t":"idOrVar","v":"plural"},"value"]},{"$i":"weeks-until-long","$v":{"zero":"এইটো সপ্তাহ","one":"পৰৱৰ্তী সপ্তাহ","two":[{"t":"idOrVar","v":"value"}," সপ্তাহত"],"few":[{"t":"idOrVar","v":"value"}," সপ্তাহত"],"many":[{"t":"idOrVar","v":"value"}," সপ্তাহত"],"other":[{"t":"idOrVar","v":"value"}," সপ্তাহত"]},"$x":[{"t":"idOrVar","v":"plural"},"value"]},{"$i":"months-until-long","$v":{"zero":"এইটো মাহ","one":"পৰৱৰ্তী মাহ","two":[{"t":"idOrVar","v":"value"}," মাহত"],"few":[{"t":"idOrVar","v":"value"}," মাহত"],"many":[{"t":"idOrVar","v":"value"}," মাহত"],"other":[{"t":"idOrVar","v":"value"}," মাহত"]},"$x":[{"t":"idOrVar","v":"plural"},"value"]},{"$i":"years-until-long","$v":{"zero":"এইটো বছৰ","one":"পৰৱৰ্তী বছৰ","two":[{"t":"idOrVar","v":"value"}," বছৰত"],"few":[{"t":"idOrVar","v":"value"}," বছৰত"],"many":[{"t":"idOrVar","v":"value"}," বছৰত"],"other":[{"t":"idOrVar","v":"value"}," বছৰত"]},"$x":[{"t":"idOrVar","v":"plural"},"value"]},{"$i":"minutes-ago-short","$v":{"zero":"এইমাত্ৰ","other":[{"t":"idOrVar","v":"value"}," মিনিট আগত"]},"$x":[{"t":"idOrVar","v":"plural"},"value"]},{"$i":"hours-ago-short","$v":{"zero":"এইমাত্ৰ","other":[{"t":"idOrVar","v":"value"}," ঘণ্টা আগত"]},"$x":[{"t":"idOrVar","v":"plural"},"value"]},{"$i":"days-ago-short","$v":{"zero":"আজি","other":[{"t":"idOrVar","v":"value"}," দিন আগত"]},"$x":[{"t":"idOrVar","v":"plural"},"value"]},{"$i":"minutes-until-short","$v":{"zero":"এতিয়া","other":[{"t":"idOrVar","v":"value"}," মিনিটত"]},"$x":[{"t":"idOrVar","v":"plural"},"value"]},{"$i":"hours-until-short","$v":{"zero":"এতিয়া","other":[{"t":"idOrVar","v":"value"}," ঘণ্টাত"]},"$x":[{"t":"idOrVar","v":"plural"},"value"]},{"$i":"days-until-short","$v":{"zero":"আজি","other":[{"t":"idOrVar","v":"value"}," দিনত"]},"$x":[{"t":"idOrVar","v":"plural"},"value"]},{"$i":"dateTimeFormat_%c","$v":"%a %b %e %Y %I:%M:%S %p"},{"$i":"dateTimeFormat_%x","$v":"%m/%d/%Y"},{"$i":"dateTimeFormat_%X","$v":"%I:%M:%S %p"},{"$i":"shortTimeFormat","$v":"%I:%M %p"},{"$i":"shortTimeFormat12","$v":"%I:%M %p"},{"$i":"shortTimeFormat24","$v":"%H:%M"},{"$i":"shortDateTimeFormat","$v":"%x %I:%M %p"},{"$i":"weekStartsOnMonday","$v":"0"},{"$i":"firstDayOfTheWeek","$v":"0"},{"$i":"time_am","$v":"AM"},{"$i":"time_pm","$v":"PM"},{"$i":"softkey-options","$v":"বিকল্পসমূহ"},{"$i":"emergencyNumber","$v":"আপাতকালীন নম্বৰ"},{"$i":"callAirplaneModeMessage","$v":"এটা কল কৰিবলৈ আপুনি ছেটিংছত এয়াৰপ্লেন মোড অক্ষম কৰিব লাগিব ৷"},{"$i":"callAirplaneModeBtnOk","$v":"ঠিক আছে"},{"$i":"callAirplaneModeTitle","$v":"এয়াৰপ্লেন মোড সক্ৰিয় কৰা হৈছে"},{"$i":"numberIsBusyTitle","$v":"নম্বৰ ব্যস্ত হৈ আছে"},{"$i":"numberIsBusyMessage","$v":"নম্বৰটো সম্প্ৰতি ব্যস্ত হৈ আছে ৷ অনুগ্ৰহ কৰি পিছত পুনৰ চেষ্টা কৰক।"},{"$i":"fdnIsActiveTitle","$v":"FDN সক্ৰিয়"},{"$i":"fdnIsActiveMessage","$v":["FDN (ফিক্সড ডায়েলিং নম্বৰসমূহ) সক্ৰিয় হৈছে আৰু নিম্নোক্ত নম্বৰটো আপোনাৰ FDN সূচীত নাই: ",{"t":"idOrVar","v":"number"}]},{"$i":"emergencyDialogBodyBadNumber","$v":"এটা কল কৰিবলৈ, ফোনটো এটা নেটৱৰ্কলৈ সংযোগ কৰিবই লাগিব ৷"},{"$i":"emergencyDialogBodyDeviceNotAccepted","$v":"নেটৱৰ্কৰ দ্বাৰা আপাতকালীন কলসমূহ অনুমোদিত নহয় ৷"},{"$i":"emergencyDialogBtnOk","$v":"ঠিক আছে"},{"$i":"emergencyDialogTitle","$v":"কোনো নেটৱৰ্ক সংযোগ নাই"},{"$i":"invalidNumberToDialTitle","$v":"অবৈধ ফোন নম্বৰ"},{"$i":"invalidNumberToDialMessage","$v":"আপুনি কল কৰা ফোন নম্বৰটো বৈধ নহয় ৷"},{"$i":"unableToCallTitle","$v":"এতিয়া এটা ফোন কল কৰিবলৈ অক্ষম"},{"$i":"unableToCallMessage","$v":"এটা কল কৰিব নোৱাৰে ৷ যদি আপুনি ইতিমধ্যে ডায়েল কৰি আছে, তেন্তে অনুগ্ৰহ কৰি ৰাখক৷"},{"$i":"otherConnectionInUseTitle","$v":"অন্য সংযোগ ব্যৱহাৰ হৈ আছে"},{"$i":"otherConnectionInUseMessage","$v":"আপোনাৰ অন্য সংযোগত এটা সক্ৰিয় কল আছে ৷ আপুনি এবাৰত কেৱল এটা সংযোগহে ব্যৱহাৰ কৰিব পাৰে ৷"},{"$i":"connectingEllipsis","$v":"সংযোগ হৈ আছে..."}]