[{"$i":"messages","$v":"বার্তা"},{"$i":"deleteMessages-title","$v":"নির্বাচন করুন"},{"$i":"selectThreads-title","$v":"নির্বাচন করুন"},{"$i":"edit","$v":"সম্পাদনা করুন"},{"$i":"back","$v":"ফিরে যান"},{"$i":"cancel","$v":"বাতিল করুন"},{"$i":"undo","$v":"আনডু"},{"$i":"done","$v":"সম্পন্ন"},{"$i":"delete","$v":"মুছুন"},{"$i":"deleting-messages","$v":"মুছে ফেলছে..."},{"$i":"select-all","$v":"সব নির্বাচন করুন"},{"$i":"deselect-all","$v":"সব অনির্বাচন করুন"},{"$i":"selected-threads","$v":{"zero":"0 নির্বাচিত","one":[{"t":"idOrVar","v":"n"},"টি নির্বাচিত"],"two":[{"t":"idOrVar","v":"n"},"টি নির্বাচিত"],"few":[{"t":"idOrVar","v":"n"},"টি নির্বাচিত"],"many":[{"t":"idOrVar","v":"n"},"টি নির্বাচিত"],"other":[{"t":"idOrVar","v":"n"},"টি নির্বাচিত"]},"$x":[{"t":"idOrVar","v":"plural"},"n"]},{"$i":"selected-messages","$v":{"zero":"0 নির্বাচিত","one":[{"t":"idOrVar","v":"n"},"টি নির্বাচিত"],"two":[{"t":"idOrVar","v":"n"},"টি নির্বাচিত"],"few":[{"t":"idOrVar","v":"n"},"টি নির্বাচিত"],"many":[{"t":"idOrVar","v":"n"},"টি নির্বাচিত"],"other":[{"t":"idOrVar","v":"n"},"টি নির্বাচিত"]},"$x":[{"t":"idOrVar","v":"plural"},"n"]},{"$i":"selectThreads-label","$v":"থ্রেডগুলি নির্বাচন করুন"},{"$i":"selectMessages-label","$v":"বার্তাগুলি নির্বাচন করুন"},{"$i":"new-message","$v":"নতুন বার্তা"},{"$i":"delete-thread","$v":"থ্রেড মুছুন"},{"$i":"create-new-contact","$v":"নতুন পরিচিতি তৈরি করুন"},{"$i":"add-to-contact","$v":"একটি বিদ্যমান পরিচিতিতে যোগ করুন"},{"$i":"select-thread","$v":"থ্রেড নির্বাচন করুন"},{"$i":"settings","$v":"সেটিংস"},{"$i":"select","$v":"নির্বাচন করুন"},{"$i":"sk-save-as-draft","$v":"ড্রাফ্ট হিসেবে সেভ করুন"},{"$i":"send","$v":"পাঠান"},{"$i":"add-contact","$v":"পরিচিতি যোগ করুন"},{"$i":"add-suggestion","$v":"যোগ করুন"},{"$i":"add-subject","$v":"বিষয় যোগ করুন"},{"$i":"remove-subject","$v":"বিষয় সরান"},{"$i":"add-attachment","$v":"অ্যাটাচ্মেন্ট যোগ করুন"},{"$i":"remove-attachment","$v":"সংযুক্তি সরান"},{"$i":"replace-attachment","$v":"সংযুক্তি বদল করুন"},{"$i":"select-messages","$v":"বার্তাগুলি নির্বাচন করুন"},{"$i":"call","$v":"কল"},{"$i":"forward","$v":"ফরওয়ার্ড করুন"},{"$i":"view-message-report","$v":"বার্তার বিবরণ দেখুন"},{"$i":"resend-message","$v":"এই বার্তাটি আবার পাঠান"},{"$i":"cancel-view-report","$v":"বাতিল করুন"},{"$i":"ok","$v":"ঠিক আছে"},{"$i":"enter","$v":"লিখুন"},{"$i":"open","$v":"খুলুন"},{"$i":"to","$v":"প্রতি"},{"$i":"new","$v":"নতুন"},{"$i":"message","$v":"বার্তা"},{"$i":"messagesInput_placeholder","$v":"বার্তা"},{"$i":"messagesSubjectInput_placeholder","$v":"বিষয়"},{"$i":"converted-to-mms","$v":"মাল্টিমিডিয়া বার্তায় রূপান্তরিত করা হচ্ছে।"},{"$i":"converted-to-sms","$v":"টেক্সট বার্তায় রূপান্তরিত করা হচ্ছে।"},{"$i":"messages-max-length-text","$v":"আপনি দৈর্ঘ্যের সর্বোচ্চ সীমায় পৌঁছেছেন।"},{"$i":"messages-max-subject-length-text","$v":"বিষয়ের সর্বোচ্চ দৈর্ঘ্যে পৌঁছেছেন।"},{"$i":"multimedia-message-exceeded-max-length","$v":["আপনি একটি একক মাল্টিমিডিয়া বার্তাতে ",{"t":"idOrVar","v":"mmsSize"}," KB-এর আকার সীমা অতিক্রম করেছেন। এটিকে পাঠাতে সংযুক্তি অপসারণ করুন বা বার্তাটি ছোট করে দিন।"]},{"$i":"newMessage","$v":"নতুন বার্তা"},{"$i":"sendMessage","$v":"বার্তা পাঠান"},{"$i":"sendMMSToEmail","$v":"মাল্টিমিডিয়া বার্তা পাঠান"},{"$i":"no-recipient","$v":"(কোনো প্রাপক নেই)"},{"$i":"recipient","$v":{"one":[{"t":"idOrVar","v":"n"}," জন প্রাপক"],"two":[{"t":"idOrVar","v":"n"}," জন প্রাপক"],"few":[{"t":"idOrVar","v":"n"}," জন প্রাপক"],"many":[{"t":"idOrVar","v":"n"}," জন প্রাপক"],"other":[{"t":"idOrVar","v":"n"}," জন প্রাপক"]},"$x":[{"t":"idOrVar","v":"plural"},"n"]},{"$i":"attachmentSizeB","$v":[{"t":"idOrVar","v":"n"}," B"]},{"$i":"attachmentSizeKB","$v":[{"t":"idOrVar","v":"n"}," KB"]},{"$i":"attachmentSizeMB","$v":[{"t":"idOrVar","v":"n"}," MB"]},{"$i":"attachmentOpenError","$v":"এই ধরনের ফাইল খোলার জন্য কোনো অ্যাপ উপলব্ধ নয়।"},{"$i":"remove","$v":"সরান"},{"$i":"participant","$v":{"one":[{"t":"idOrVar","v":"n"}," জন অংশগ্রহণকারী"],"two":[{"t":"idOrVar","v":"n"}," জন অংশগ্রহণকারী"],"few":[{"t":"idOrVar","v":"n"}," জন অংশগ্রহণকারী"],"many":[{"t":"idOrVar","v":"n"}," জন অংশগ্রহণকারী"],"other":[{"t":"idOrVar","v":"n"}," জন অংশগ্রহণকারী"]},"$x":[{"t":"idOrVar","v":"plural"},"n"]},{"$i":"message-report","$v":"বার্তার রিপোর্ট"},{"$i":"message-type-sms","$v":"টেক্সট বার্তা (SMS)"},{"$i":"message-type-mms","$v":"মাল্টিমিডিয়া বার্তা (MMS)"},{"$i":"sms-report-description","$v":["আপনার টেক্সট বার্তা (SMS), ",{"t":"idOrVar","v":"datetime"}," তে পাঠানো হয়েছে"]},{"$i":"mms-report-description","$v":["আপনার মাল্টিমিডিয়া বার্তা (MMS), বিষয় ",{"t":"idOrVar","v":"subject"},", ",{"t":"idOrVar","v":"datetime"}," তারিখে পাঠানো হয়েছে"]},{"$i":"mms-no-subject-report-description","$v":["আপনার মাল্টিমিডিয়া বার্তা (MMS), ",{"t":"idOrVar","v":"datetime"}," তারিখে পাঠানো হয়েছে"]},{"$i":"message-subject","$v":"বিষয়:"},{"$i":"report-status-error","$v":"এই বার্তাটি পাঠানো যায়নি"},{"$i":"report-status-not-downloaded","$v":"ডাউনলোড করা হয়নি"},{"$i":"report-status-delivered","$v":"ডেলিভারী করা হয়েছে :"},{"$i":"report-status-read","$v":"পড়েছেন :"},{"$i":"report-status-pending","$v":"রিপোর্ট অনুরোধ করা হয়েছে"},{"$i":"report-status-rejected","$v":"বার্তা প্রত্যাখান করা হয়েছে"},{"$i":"message-size-was","$v":"বার্তার আকার:"},{"$i":"report-dateTimeFormat12","$v":["%e %B %Y, ",{"t":"idOrVar","v":"shortTimeFormat12"}]},{"$i":"report-dateTimeFormat24","$v":["%e %B %Y, ",{"t":"idOrVar","v":"shortTimeFormat24"}]},{"$i":"report-to-title","$v":"প্রতি"},{"$i":"report-from-title","$v":"থেকে"},{"$i":"message-sent","$v":"পাঠানো হয়েছে:"},{"$i":"message-sending","$v":[{"t":"idOrVar","v":"message-delivery-status-sending"}]},{"$i":"message-received","$v":"প্রাপ্ত করা হয়েছে:"},{"$i":"message-via","$v":"মাধ্যমে :"},{"$i":"message-resend","$v":"আবার পাঠান"},{"$i":"search","$v":"অনুসন্ধান করুন"},{"$i":"unknown-contact-title","$v":"অজানা পরিচিতি"},{"$i":"phone-type-separator","$v":", "},{"$i":"phone-carrier-separator","$v":" "},{"$i":"thread-participant-separator","$v":", "},{"$i":"replace-draft","$v":"বিদ্যমান ড্রাফ্ট বদল করুন"},{"$i":"save-as-draft","$v":"সেভ করুন"},{"$i":"discard-message","$v":"খারিজ করুন"},{"$i":"discard-sms","$v":"আপনি কি এই বার্তাটিকে বাতিল করতে চান?"},{"$i":"discard-new-message","$v":"আপনি যে বার্তাটি লিখছেন সেটি বাতিল করবেন এবং নতুন বার্তা খুলবেন?"},{"$i":"resend-confirmation","$v":"বার্তাটি পাঠানো যাবে না। আবার চেষ্টা করবেন?"},{"$i":"deleteMessage-confirmation","$v":"নির্বাচিত বার্তা মুছবেন?"},{"$i":"deleteMessages-confirmation","$v":"নির্বাচিত বার্তাগুলি মুছবেন?"},{"$i":"deleteThreads-confirmation2","$v":{"one":"নির্বাচিত বার্তার থ্রেড মুছবেন?","other":"নির্বাচিত বার্তার থ্রেডগুলি মুছবেন?"},"$x":[{"t":"idOrVar","v":"plural"},"n"]},{"$i":"new-message-notice-text","$v":"থেকে নতুন বার্তা"},{"$i":"new-message-notice-a-text","$v":"এটি পড়ুন"},{"$i":"noMessages-title","$v":"কোনো বার্তা নেই"},{"$i":"noMessages-text","$v":"যোগাযোগ করা শুরু করতে নতুন বার্তা টিপুন।"},{"$i":"sendDefaultErrorTitle","$v":"বার্তা পাঠানো হয়নি"},{"$i":"sendDefaultErrorBody","$v":"বার্তা পাঠাতে কোনো সমস্যা হয়েছে। পরে চেষ্টা করুন।"},{"$i":"sendDefaultErrorBtnOk","$v":"ঠিক আছে"},{"$i":"sendMissingSimCardTitle","$v":"সিম কার্ড পাওয়া যাচ্ছে না"},{"$i":"sendMissingSimCardBody","$v":"চালিয়ে যেতে একটি বৈধ সিম কার্ড ঢোকান।"},{"$i":"sendMissingSimCardBtnOk","$v":"ঠিক আছে"},{"$i":"sendFlightModeTitle","$v":"এয়ারপ্লেন মোড সক্রিয় করা হয়েছে"},{"$i":"sendFlightModeBody","$v":"বার্তা পাঠাতে এয়ারপ্লেন মোড অফ করুন।"},{"$i":"sendFlightModeBtnOk","$v":"ঠিক আছে"},{"$i":"radioDisabledToDownloadTitle","$v":[{"t":"idOrVar","v":"sendFlightModeTitle"}]},{"$i":"radioDisabledToDownloadBody","$v":"সংযুক্তি ডাউনলোড করতে এয়ারপ্লেন মোড অফ করুন।"},{"$i":"radioDisabledToDownloadBtnOk","$v":[{"t":"idOrVar","v":"sendFlightModeBtnOk"}]},{"$i":"fdnErrorTitle","$v":"FDN সক্রিয় আছে"},{"$i":"needConnectWifiBody","$v":"সেলুলার নেটওয়ার্ক উপলব্ধ নয় । বার্তা পাঠানোর জন্য কোনো উপলব্ধ WiFi নেটওয়ার্কে সংযোগ করুন।"},{"$i":"needConnectWifiTitle","$v":"বার্তা পাঠানো হয়নি"},{"$i":"sms-counter-notice-label","$v":["SMS ",{"t":"idOrVar","v":"number"}," সম্পাদনা করছে"]},{"$i":"fdnErrorBody","innerHTML":{"$x":[{"t":"idOrVar","v":"plural"},"n"],"$v":{"one":"FDN(স্থায়ী ডায়াল করার নম্বর) সক্রিয় করা হয়েছে নিশ্চিত করুন যে SMS কেন্দ্র এবং নিম্নলিখিত প্রাপকটি আপনার FDN তালিকায় আছে:","two":"FDN(স্থায়ী ডায়াল করার নম্বর) সক্রিয় করা হয়েছে নিশ্চিত করুন যে SMS কেন্দ্র এবং নিম্নলিখিত প্রাপকরা আপনার FDN তালিকায় আছে:","few":"FDN(স্থায়ী ডায়াল করার নম্বর) সক্রিয় করা হয়েছে নিশ্চিত করুন যে SMS কেন্দ্র এবং নিম্নলিখিত প্রাপকরা আপনার FDN তালিকায় আছে:","many":"FDN(স্থায়ী ডায়াল করার নম্বর) সক্রিয় করা হয়েছে নিশ্চিত করুন যে SMS কেন্দ্র এবং নিম্নলিখিত প্রাপকরা আপনার FDN তালিকায় আছে:","other":"FDN(স্থায়ী ডায়াল করার নম্বর) সক্রিয় করা হয়েছে নিশ্চিত করুন যে SMS কেন্দ্র এবং নিম্নলিখিত প্রাপকরা আপনার FDN তালিকায় আছে:"}}},{"$i":"fdnErrorBtnOk","$v":"ঠিক আছে"},{"$i":"switchSimToRetrieveTitle","$v":"ডেটা সংযোগ সুইচ করুন"},{"$i":"switchSimToRetrieveBody","$v":["MMSটি পুনরুদ্ধার করতে ডেটা সংযোগ ",{"t":"idOrVar","v":"nonActiveSimId"}," সিম-এ পাল্টান। ",{"t":"idOrVar","v":"activeSimId"}," সিম-এ বর্তমান ডেটা ট্রান্সফার স্থগিত হয়ে যাবে। যেকোনো ভাবে অবিরত থাকবেন?"]},{"$i":"switchSimToRetrieveBtnOk","$v":"পরে"},{"$i":"switchSimToRetrieveConfirm","$v":"ঠিক আছে"},{"$i":"switchSimToSendTitle","$v":[{"t":"idOrVar","v":"switchSimToRetrieveTitle"}]},{"$i":"switchSimToSendBody","$v":["MMSটি পাঠাতে ডেটা সংযোগ ",{"t":"idOrVar","v":"nonActiveSimId"}," সিমে সুইচ করুন। ",{"t":"idOrVar","v":"activeSimId"}," সিমে বর্তমান ডেটা ট্রান্সফার স্থগিত হয়ে যাবে। যেকোনো ভাবে অবিরত থাকবেন?"]},{"$i":"switchSimToSendBtnOk","$v":[{"t":"idOrVar","v":"switchSimToRetrieveBtnOk"}]},{"$i":"switchSimToSendConfirm","$v":[{"t":"idOrVar","v":"switchSimToRetrieveConfirm"}]},{"$i":"sendNoSignalErrorTitle","$v":"কোনো নেটওয়ার্ক কভারেজ নেই"},{"$i":"sendNoSignalErrorBody","$v":"নিশ্চিত করুন যে আপনার মোবাইল সিগন্যাল আছে এবং আবার চেষ্টা করুন।"},{"$i":"sendNoSignalErrorBtnOk","$v":"ঠিক আছে"},{"$i":"sendNotFoundErrorTitle","$v":"বার্তা খুঁজে পাওয়া যায় নি"},{"$i":"sendNotFoundErrorBody","$v":"আপনি যে বার্তাটি খুঁজছেন সেটি আর উপলব্ধ নয়।"},{"$i":"sendNotFoundErrorBtnOk","$v":"ঠিক আছে"},{"$i":"sendInvalidAddressErrorTitle","$v":"অবৈধ নম্বর"},{"$i":"sendInvalidAddressErrorBody","$v":"নিশ্চিত করুন যে আপনি যে মোবাইল নম্বরটি পাঠাচ্ছেন সেটি বৈধ।"},{"$i":"sendInvalidAddressErrorBtnOk","$v":"ঠিক আছে"},{"$i":"simNotMatchedErrorTitle","$v":"ডাউনলোড করতে অক্ষম"},{"$i":"simNotMatchedErrorBody","$v":"অনুগ্রহ করে নিশ্চিত করুন যে সিম কার্ডটি আপনি ঢুকিয়েছেন সেটি এই একই সিম কার্ড যেটি আপনি এই বার্তাটি পেতে ব্যবহার করেছেন।"},{"$i":"simNotMatchedErrorBtnOk","$v":"ঠিক আছে"},{"$i":"deleted-sms","$v":"এই বার্তাটি ইতিমধ্যেই মুছে দেয়া হয়েছে।"},{"$i":"view-attachment-image","$v":"দেখুন"},{"$i":"view-attachment-audio","$v":"শুনুন"},{"$i":"view-attachment-video","$v":"দেখুন"},{"$i":"view-attachment-other","$v":"দেখুন"},{"$i":"remove-attachment-image","$v":"ছবি সরান"},{"$i":"remove-attachment-audio","$v":"অডিও সরান"},{"$i":"remove-attachment-video","$v":"ভিডিও সরান"},{"$i":"remove-attachment-other","$v":"সংযুক্তি সরান"},{"$i":"replace-attachment-image","$v":"ছবি বদল করুন"},{"$i":"replace-attachment-audio","$v":"অডিও বদল করুন"},{"$i":"replace-attachment-video","$v":"ভিডিও বদল করুন"},{"$i":"replace-attachment-other","$v":"সংযুক্তি বদল করুন"},{"$i":"unsent-message-title","$v":"পাঠানো হয়নি এমন বার্তা"},{"$i":"unsent-message-description","$v":"আপনার আগের বার্তা পাঠানো হয়নি। আপনি কি না পাঠানো বার্তা সম্পাদনা করতে চান না এটিকে পরিত্যাগ করে এগিয়ে যাবেন?"},{"$i":"unsent-message-option-edit","$v":"সম্পাদনা করুন"},{"$i":"unsent-message-option-discard","$v":"খারিজ করুন"},{"$i":"message-options","$v":"বার্তা বিকল্পগুলি"},{"$i":"select-text","$v":"টেক্সট নির্বাচন করুন"},{"$i":"mobile","$v":"মোবাইল"},{"$i":"home","$v":"হোম"},{"$i":"work","$v":"ওয়ার্ক"},{"$i":"personal","$v":"ব্যক্তিগত"},{"$i":"faxHome","$v":"Fax হোম"},{"$i":"faxOffice","$v":"Fax অফিস"},{"$i":"faxOther","$v":"Fax অন্যান্য"},{"$i":"another","$v":"অন্য"},{"$i":"other","$v":"অন্যান্য"},{"$i":"today","$v":"আজ"},{"$i":"yesterday","$v":"গতকাল"},{"$i":"incorrectDate","$v":"(ভুল তারিখ)"},{"$i":"addToExistingContact","$v":"একটি বিদ্যমান পরিচিতিতে যোগ করুন"},{"$i":"createNewContact","$v":"নতুন পরিচিতি তৈরি করুন"},{"$i":"viewContact","$v":"পরিচিতি দেখুন"},{"$i":"sendEmail","$v":"মেল পাঠান"},{"$i":"mms-message","$v":"MMS বার্তা"},{"$i":"notDownloaded-title","$v":"বার্তা এখনও ডাউনলোড করা হয়নি।"},{"$i":"tobedownloaded-attachment","$v":["আপনি একটি মাল্টিমিডিয়া বার্তা পেয়েছেন, ",{"t":"idOrVar","v":"date"}," এর আগে তার বিষয়বস্তু পুনরুদ্ধারের জন্য ডাউনলোড টিপুন।"]},{"$i":"expired-attachment","$v":["দুঃখিত, বার্তাটির মেয়াদ ",{"t":"idOrVar","v":"date"}," তারিখে শেষ হয়ে গেছে এবং ডাউনলোড করা যাবে না।"]},{"$i":"download-attachment","$v":"ডাউনলোড"},{"$i":"downloading-attachment","$v":"ডাউনলোড হচ্ছে..."},{"$i":"download-complete","$v":"ডাউনলোড সম্পন্ন"},{"$i":"unnamed-attachment","$v":"শিরোনামহীন"},{"$i":"mms-label","$v":"MMS"},{"$i":"attached-files-too-large","$v":{"zero":["যে ফাইলগুলি আপনি নির্বাচন করেছেন সেটি একটি একক মাল্টিমিডিয়া বার্তার ",{"t":"idOrVar","v":"mmsSize"}," KB আকারের সীমা অতিক্রম করে গেছে।"],"one":["যে ফাইলটি আপনি নির্বাচন করেছেন সেটি একটি একক মাল্টিমিডিয়া বার্তার ",{"t":"idOrVar","v":"mmsSize"}," KB আকারের সীমা অতিক্রম করে গেছে।"],"two":["যে ফাইলগুলি আপনি নির্বাচন করেছেন সেটি একটি একক মাল্টিমিডিয়া বার্তার ",{"t":"idOrVar","v":"mmsSize"}," KB আকারের সীমা অতিক্রম করে গেছে।"],"few":["যে ফাইলগুলি আপনি নির্বাচন করেছেন সেটি একটি একক মাল্টিমিডিয়া বার্তার ",{"t":"idOrVar","v":"mmsSize"}," KB আকারের সীমা অতিক্রম করে গেছে।"],"many":["যে ফাইলগুলি আপনি নির্বাচন করেছেন সেটি একটি একক মাল্টিমিডিয়া বার্তার ",{"t":"idOrVar","v":"mmsSize"}," KB আকারের সীমা অতিক্রম করে গেছে।"],"other":["যে ফাইলগুলি আপনি নির্বাচন করেছেন সেটি একটি একক মাল্টিমিডিয়া বার্তার ",{"t":"idOrVar","v":"mmsSize"}," KB আকারের সীমা অতিক্রম করে গেছে।"]},"$x":[{"t":"idOrVar","v":"plural"},"n"]},{"$i":"resize-image","$v":"সংযুক্ত ছবিটি আকার বদলে যাচ্ছে"},{"$i":"no-attachment-text","$v":"সংযুক্ত ফাইলটিতে কোনো সমস্যা আছে তাই এটি ডাউনলোড করা যাবে না।"},{"$i":"message-draft-saved","$v":"বার্তা ড্রাফ্ট হিসেবে সেভ করা হয়েছে"},{"$i":"sim-id-label","$v":["সিম ",{"t":"idOrVar","v":"id"}]},{"$i":"sim-detail","$v":["সিম ",{"t":"idOrVar","v":"id"},", ",{"t":"idOrVar","v":"detailString"}]},{"$i":"dsds-notification-title-with-sim","$v":["(",{"t":"idOrVar","v":"sim"},") ",{"t":"idOrVar","v":"sender"}]},{"$i":"send-button","ariaLabel":"পাঠান"},{"$i":"send-button-sim-indication","$v":[{"t":"idOrVar","v":"n"}],"ariaLabel":["সিম ",{"t":"idOrVar","v":"n"}," ব্যবহার করে"]},{"$i":"expiry-date-format","$v":"%A, %b %e"},{"$i":"attach-button","ariaLabel":"অ্যাটাচ্মেন্ট যোগ করুন"},{"$i":"contact-photo","ariaLabel":"পরিচিতির ফটো"},{"$i":"unread-thread","ariaLabel":"আনরীড"},{"$i":"has-draft","ariaLabel":"খসড়া আছে"},{"$i":"is-draft","ariaLabel":"ড্রাফ্ট"},{"$i":"message-delivery-status-sending","$v":"পাঠানো হচ্ছে..."},{"$i":"message-delivery-status-delivered","ariaLabel":"ডেলিভারী করা হয়েছে"},{"$i":"message-delivery-status-read","ariaLabel":"পঠন"},{"$i":"message-delivery-status-error","ariaLabel":"ত্রুটি"},{"$i":"modal-dialog-ok-button","$v":"ঠিক আছে"},{"$i":"modal-dialog-cancel-button","$v":"বাতিল করুন"},{"$i":"modal-dialog-default-title","$v":"বার্তাগুলি"},{"$i":"tcl-delete-message","$v":"বার্তা মুছে ফেলা হয়েছে"},{"$i":"tcl-sending-message-toast","$v":"বার্তা পাঠানো হচ্ছে…"},{"$i":"tcl-message-converted-to-toast","$v":["বার্তা ",{"t":"idOrVar","v":"type"},"-তে রূপান্তরিত করা হয়েছে"]},{"$i":"tcl-message-sent-toast","$v":"বার্তা পাঠানো হয়েছে"},{"$i":"tcl-deleteMessage-confirmation2","$v":"নির্বাচিত বার্তার থ্রেড মুছবেন?"},{"$i":"tcl-deleted-message","$v":{"zero":"0টি বার্তা মুছে ফেলা হয়েছে","one":[{"t":"idOrVar","v":"n"},"টি বার্তা মোছা হয়েছে"],"two":[{"t":"idOrVar","v":"n"},"টি বার্তা মোছা হয়েছে"],"few":[{"t":"idOrVar","v":"n"},"টি বার্তা মোছা হয়েছে"],"many":[{"t":"idOrVar","v":"n"},"টি বার্তা মোছা হয়েছে"],"other":[{"t":"idOrVar","v":"n"},"টি বার্তা মোছা হয়েছে"]},"$x":[{"t":"idOrVar","v":"plural"},"n"]},{"$i":"tcl-deleted-threads","$v":{"zero":"0টি থ্রেড মুছে ফেলা হয়েছে","one":"থ্রেড মুছে হয়েছে","two":[{"t":"idOrVar","v":"n"},"টি বার্তার থ্রেড মুছে ফেলা হয়েছে"],"few":[{"t":"idOrVar","v":"n"},"টি বার্তার থ্রেড মুছে ফেলা হয়েছে"],"many":[{"t":"idOrVar","v":"n"},"টি বার্তার থ্রেড মুছে ফেলা হয়েছে"],"other":[{"t":"idOrVar","v":"n"},"টি বার্তার থ্রেড মুছে ফেলা হয়েছে"]},"$x":[{"t":"idOrVar","v":"plural"},"n"]},{"$i":"tcl-simSettings","$v":"তথ্য"},{"$i":"tcl-unknown-SMSC","$v":"তথ্য উপলব্ধ নয়"},{"$i":"tcl-sim1","$v":"পরিষেবা কেন্দ্র সিম1"},{"$i":"tcl-sim2","$v":"পরিষেবা কেন্দ্র সিম2"},{"$i":"tcl-auto-retrieve","$v":"স্বতঃ পুনরুদ্ধার"},{"$i":"tcl-wapPushMessages","$v":"WAP পুশ বার্তাগুলি"},{"$i":"tcl-wapPush","$v":"WAP পুশ"},{"$i":"tcl-wap-push-on","$v":"অন"},{"$i":"tcl-wap-push-off","$v":"অফ"},{"$i":"tcl-auto-retrieve-messages","$v":"বার্তা কে স্বতঃ পুনরুদ্ধার করুন"},{"$i":"tcl-manual-retrieve","$v":"অফ"},{"$i":"tcl-auto-roaming-retrieve","$v":"রোমিং এ থাকাকালীন অন"},{"$i":"tcl-auto-no-roaming-retrieve","$v":"রোমিং ছাড়া অন"},{"$i":"tcl-message-read-reports","$v":"রিপোর্টগুলি পড়ুন"},{"$i":"tcl-read-reports-on","$v":"অন"},{"$i":"tcl-read-reports-off","$v":"অফ"},{"$i":"tcl-mmsTitle","$v":"মাল্টিমিডিয়া বার্তা প্রেরণ (MMS)"},{"$i":"tcl-message-delivery-reports","$v":"ডেলিভারী রিপোর্ট"},{"$i":"tcl-delivery-reports-on","$v":"অন"},{"$i":"tcl-delivery-reports-off","$v":"অফ"},{"$i":"tcl-message-confirmation","$v":"বার্তার নিশ্চিতকরণ"},{"$i":"tcl-messageReport-title","$v":"বার্তার বিবরণ"},{"$i":"tcl-mms-label","$v":"MMS"},{"$i":"tcl-sms-label","$v":"SMS"},{"$i":"tcl-messaging-settings","$v":"র্বার্তা সেটিংস"},{"$i":"tcl-messagingSettings-header","$v":[{"t":"idOrVar","v":"tcl-messaging-settings"}]},{"$i":"tcl-confirmation-title","$v":"নিশ্চিতকরণ"},{"$i":"tcl-draft-save-content","$v":"ড্রাফ্ট হিসেবে সেভ করবেন?"},{"$i":"tcl-draft-discard-content","$v":"বার্তা বাতিল করা হয়েছে"},{"$i":"tcl-switch-on","$v":"অন"},{"$i":"tcl-switch-off","$v":"অফ"},{"$i":"tcl-delivery-report-desc","$v":"প্রত্যেক পাঠানো বার্তার জন্য ডেলিভারির বিজ্ঞপ্তির অনুরোধ করুন"},{"$i":"tcl-read-report-desc","$v":"প্রত্যেক পাঠানো বার্তার জন্য পড়ার রিপোর্টের অনুরোধ করুন"},{"$i":"tcl-auto-retrieve-desc","$v":"স্বয়ংক্রিয়ভাবে বার্তা পুনরুদ্ধার করুন"},{"$i":"tcl-confirm-dialog-ok","$v":"ঠিক আছে"},{"$i":"tcl-yes","$v":"হ্যাঁ"},{"$i":"tcl-no","$v":"না"},{"$i":"tcl-delete-current-thread?","$v":"নির্বাচিত বার্তার থ্রেড মুছবেন?"},{"$i":"tcl-attention","$v":"মনোযোগ"},{"$i":"tcl-options","$v":"বিকল্পগুলি"},{"$i":"send-failed","$v":"পাঠানো ব্যর্থ হয়েছে।"},{"$i":"subject-removed","$v":"বিষয় সরানো হয়েছে।"},{"$i":"media-storage-limit-alert-title","$v":"স্টোরেজ পূর্ণ"},{"$i":"media-storage-limit-alert-body","$v":"অধিক খালি স্থান পাওয়ার জন্য আপনি কিছু মিডিয়া ফাইল মুছে ফেলতে পারেন অথবা অ্যাপ্লিকেশন ডেটা পরিচালনা করতে পারেন।"},{"$i":"media-storage-limit-alert-cancel","$v":"বাতিল করুন"},{"$i":"media-storage-limit-alert-setting","$v":"সেটিংসে যান"},{"$i":"email","$v":"ইমেল"},{"$i":"go","$v":"যান"},{"$i":"weekday-0-long","$v":"রবিবার"},{"$i":"weekday-1-long","$v":"সোমবার"},{"$i":"weekday-2-long","$v":"মঙ্গলবার"},{"$i":"weekday-3-long","$v":"বুধবার"},{"$i":"weekday-4-long","$v":"বৃহস্পতিবার"},{"$i":"weekday-5-long","$v":"শুক্রবার"},{"$i":"weekday-6-long","$v":"শনিবার"},{"$i":"weekday-0-short","$v":"রবি"},{"$i":"weekday-1-short","$v":"সোম"},{"$i":"weekday-2-short","$v":"মঙ্গল"},{"$i":"weekday-3-short","$v":"বুধ"},{"$i":"weekday-4-short","$v":"বৃহস্পতি"},{"$i":"weekday-5-short","$v":"শুক্র"},{"$i":"weekday-6-short","$v":"শনি"},{"$i":"month-0-long","$v":"জানুয়ারি"},{"$i":"month-1-long","$v":"ফেব্রুয়ারি"},{"$i":"month-2-long","$v":"মার্চ"},{"$i":"month-3-long","$v":"এপ্রিল"},{"$i":"month-4-long","$v":"মে"},{"$i":"month-5-long","$v":"জুন"},{"$i":"month-6-long","$v":"জুলাই"},{"$i":"month-7-long","$v":"আগস্ট"},{"$i":"month-8-long","$v":"সেপ্টেম্বর"},{"$i":"month-9-long","$v":"অক্টোবর"},{"$i":"month-10-long","$v":"নভেম্বর"},{"$i":"month-11-long","$v":"ডিসেম্বর"},{"$i":"month-0-genitive","$v":"জানুয়ারি"},{"$i":"month-1-genitive","$v":"ফেব্রুয়ারি"},{"$i":"month-2-genitive","$v":"মার্চ"},{"$i":"month-3-genitive","$v":"এপ্রিল"},{"$i":"month-4-genitive","$v":"মে"},{"$i":"month-5-genitive","$v":"জুন"},{"$i":"month-6-genitive","$v":"জুলাই"},{"$i":"month-7-genitive","$v":"আগস্ট"},{"$i":"month-8-genitive","$v":"সেপ্টেম্বর"},{"$i":"month-9-genitive","$v":"অক্টোবর"},{"$i":"month-10-genitive","$v":"নভেম্বর"},{"$i":"month-11-genitive","$v":"ডিসেম্বর"},{"$i":"month-0-short","$v":"জানুয়ারী"},{"$i":"month-1-short","$v":"ফেব্রুয়ারি"},{"$i":"month-2-short","$v":"মার্চ"},{"$i":"month-3-short","$v":"এপ্রিল"},{"$i":"month-4-short","$v":"মে"},{"$i":"month-5-short","$v":"জুন"},{"$i":"month-6-short","$v":"জুলাই"},{"$i":"month-7-short","$v":"আগস্ট"},{"$i":"month-8-short","$v":"সেপ্টেম্বর"},{"$i":"month-9-short","$v":"অক্টোবর"},{"$i":"month-10-short","$v":"নভেম্বর"},{"$i":"month-11-short","$v":"ডিসেম্বর"},{"$i":"minutes-ago-long","$v":{"zero":"এখনই","one":"এক মিনিট আগে","two":[{"t":"idOrVar","v":"value"}," মিনিট আগে"],"few":[{"t":"idOrVar","v":"value"}," মিনিট আগে"],"many":[{"t":"idOrVar","v":"value"}," মিনিট আগে"],"other":[{"t":"idOrVar","v":"value"}," মিনিট আগে"]},"$x":[{"t":"idOrVar","v":"plural"},"value"]},{"$i":"hours-ago-long","$v":{"zero":"এখনই","one":"এক ঘন্টা আগে","two":[{"t":"idOrVar","v":"value"}," ঘন্টা আগে"],"few":[{"t":"idOrVar","v":"value"}," ঘন্টা আগে"],"many":[{"t":"idOrVar","v":"value"}," ঘন্টা আগে"],"other":[{"t":"idOrVar","v":"value"}," ঘন্টা আগে"]},"$x":[{"t":"idOrVar","v":"plural"},"value"]},{"$i":"days-ago-long","$v":{"zero":"আজ","one":"গতকাল","two":[{"t":"idOrVar","v":"value"}," দিন আগে"],"few":[{"t":"idOrVar","v":"value"}," দিন আগে"],"many":[{"t":"idOrVar","v":"value"}," দিন আগে"],"other":[{"t":"idOrVar","v":"value"}," দিন আগে"]},"$x":[{"t":"idOrVar","v":"plural"},"value"]},{"$i":"weeks-ago-long","$v":{"zero":"এই সপ্তাহ","one":"গত সপ্তাহ","two":[{"t":"idOrVar","v":"value"}," সপ্তাহ আগে"],"few":[{"t":"idOrVar","v":"value"}," সপ্তাহ আগে"],"many":[{"t":"idOrVar","v":"value"}," সপ্তাহ আগে"],"other":[{"t":"idOrVar","v":"value"}," সপ্তাহ আগে"]},"$x":[{"t":"idOrVar","v":"plural"},"value"]},{"$i":"months-ago-long","$v":{"zero":"এই মাস","one":"গত মাস","two":[{"t":"idOrVar","v":"value"}," মাস আগে"],"few":[{"t":"idOrVar","v":"value"}," মাস আগে"],"many":[{"t":"idOrVar","v":"value"}," মাস আগে"],"other":[{"t":"idOrVar","v":"value"}," মাস আগে"]},"$x":[{"t":"idOrVar","v":"plural"},"value"]},{"$i":"years-ago-long","$v":{"zero":"এই বছর","one":"গত বছর","two":[{"t":"idOrVar","v":"value"}," বছর আগে"],"few":[{"t":"idOrVar","v":"value"}," বছর আগে"],"many":[{"t":"idOrVar","v":"value"}," বছর আগে"],"other":[{"t":"idOrVar","v":"value"}," বছর আগে"]},"$x":[{"t":"idOrVar","v":"plural"},"value"]},{"$i":"minutes-until-long","$v":{"zero":"এখন","one":"এক মিনিটে","two":[{"t":"idOrVar","v":"value"}," মিনিটে"],"few":[{"t":"idOrVar","v":"value"}," মিনিটে"],"many":[{"t":"idOrVar","v":"value"}," মিনিটে"],"other":[{"t":"idOrVar","v":"value"}," মিনিটে"]},"$x":[{"t":"idOrVar","v":"plural"},"value"]},{"$i":"hours-until-long","$v":{"zero":"এখন","one":"এক ঘন্টায়","two":[{"t":"idOrVar","v":"value"}," ঘন্টায়"],"few":[{"t":"idOrVar","v":"value"}," ঘন্টায়"],"many":[{"t":"idOrVar","v":"value"}," ঘন্টায়"],"other":[{"t":"idOrVar","v":"value"}," ঘন্টায়"]},"$x":[{"t":"idOrVar","v":"plural"},"value"]},{"$i":"days-until-long","$v":{"zero":"আজ","one":"আগামীকাল","two":[{"t":"idOrVar","v":"value"}," দিনে"],"few":[{"t":"idOrVar","v":"value"}," দিনে"],"many":[{"t":"idOrVar","v":"value"}," দিনে"],"other":[{"t":"idOrVar","v":"value"}," দিনে"]},"$x":[{"t":"idOrVar","v":"plural"},"value"]},{"$i":"weeks-until-long","$v":{"zero":"এই সপ্তাহ","one":"পরের সপ্তাহ","two":[{"t":"idOrVar","v":"value"}," সপ্তাহে"],"few":[{"t":"idOrVar","v":"value"}," সপ্তাহে"],"many":[{"t":"idOrVar","v":"value"}," সপ্তাহে"],"other":[{"t":"idOrVar","v":"value"}," সপ্তাহে"]},"$x":[{"t":"idOrVar","v":"plural"},"value"]},{"$i":"months-until-long","$v":{"zero":"এই মাস","one":"পরের মাস","two":[{"t":"idOrVar","v":"value"}," মাসে"],"few":[{"t":"idOrVar","v":"value"}," মাসে"],"many":[{"t":"idOrVar","v":"value"}," মাসে"],"other":[{"t":"idOrVar","v":"value"}," মাসে"]},"$x":[{"t":"idOrVar","v":"plural"},"value"]},{"$i":"years-until-long","$v":{"zero":"এই বছর","one":"পরের বছর","two":[{"t":"idOrVar","v":"value"}," বছরে"],"few":[{"t":"idOrVar","v":"value"}," বছরে"],"many":[{"t":"idOrVar","v":"value"}," বছরে"],"other":[{"t":"idOrVar","v":"value"}," বছরে"]},"$x":[{"t":"idOrVar","v":"plural"},"value"]},{"$i":"minutes-ago-short","$v":{"zero":"এখনই","other":[{"t":"idOrVar","v":"value"},"মিনিট আগে"]},"$x":[{"t":"idOrVar","v":"plural"},"value"]},{"$i":"hours-ago-short","$v":{"zero":"এখনই","other":[{"t":"idOrVar","v":"value"},"ঘন্টা আগে"]},"$x":[{"t":"idOrVar","v":"plural"},"value"]},{"$i":"days-ago-short","$v":{"zero":"আজ","other":[{"t":"idOrVar","v":"value"},"দিন আগে"]},"$x":[{"t":"idOrVar","v":"plural"},"value"]},{"$i":"minutes-until-short","$v":{"zero":"এখন","other":[{"t":"idOrVar","v":"value"},"মাসে"]},"$x":[{"t":"idOrVar","v":"plural"},"value"]},{"$i":"hours-until-short","$v":{"zero":"এখন","other":[{"t":"idOrVar","v":"value"},"ঘন্টায়"]},"$x":[{"t":"idOrVar","v":"plural"},"value"]},{"$i":"days-until-short","$v":{"zero":"আজ","other":[{"t":"idOrVar","v":"value"},"দিনে"]},"$x":[{"t":"idOrVar","v":"plural"},"value"]},{"$i":"dateTimeFormat_%c","$v":"%a %b %e %Y %I:%M:%S %p"},{"$i":"dateTimeFormat_%x","$v":"%m/%d/%Y"},{"$i":"dateTimeFormat_%X","$v":"%I:%M:%S %p"},{"$i":"shortTimeFormat","$v":"%I:%M %p"},{"$i":"shortTimeFormat12","$v":"%I:%M %p"},{"$i":"shortTimeFormat24","$v":"%H:%M"},{"$i":"shortDateTimeFormat","$v":"%x %I:%M %p"},{"$i":"weekStartsOnMonday","$v":"0"},{"$i":"firstDayOfTheWeek","$v":"0"},{"$i":"time_am","$v":"AM"},{"$i":"time_pm","$v":"PM"},{"$i":"softkey-options","$v":"বিকল্পগুলি"},{"$i":"emergencyNumber","$v":"জরুরী নম্বর"},{"$i":"callAirplaneModeMessage","$v":"ফোন করতে আপনাকে সেটিংসে এয়ারপ্লেন মোড অক্ষম করতে হবে।"},{"$i":"callAirplaneModeBtnOk","$v":"ঠিক আছে"},{"$i":"callAirplaneModeTitle","$v":"এয়ারপ্লেন মোড সক্রিয় করা হয়েছে"},{"$i":"numberIsBusyTitle","$v":"নম্বর ব্যস্ত আছে"},{"$i":"numberIsBusyMessage","$v":"নম্বরটি এখন ব্যস্ত আছে। পরে আবার চেষ্টা করুন।"},{"$i":"fdnIsActiveTitle","$v":"FDN সক্রিয় আছে"},{"$i":"fdnIsActiveMessage","$v":["FDN(ফিক্সড ডায়ালিং নম্বর) সক্রিয় করা হয়েছে এবং নিম্নলিখিত নম্বরটি আপনার FDN তালিকায় নেই: ",{"t":"idOrVar","v":"number"}]},{"$i":"emergencyDialogBodyBadNumber","$v":"ফোন করতে ফোন অবশ্যই নেটওয়ার্কের সঙ্গে ফোন সংযুক্ত থাকতে হবে।"},{"$i":"emergencyDialogBodyDeviceNotAccepted","$v":"জরুরি কলগুলি নেটওয়ার্ক দ্বারা অনুমোদিত নয়।"},{"$i":"emergencyDialogBtnOk","$v":"ঠিক আছে"},{"$i":"emergencyDialogTitle","$v":"নেটওয়ার্ক সংযোগ নেই"},{"$i":"invalidNumberToDialTitle","$v":"অবৈধ ফোন নম্বর"},{"$i":"invalidNumberToDialMessage","$v":"আপনি যে ফোন নম্বরে কল করছেন সেটি বৈধ নয়।"},{"$i":"unableToCallTitle","$v":"এখনই ফোন করতে অক্ষম"},{"$i":"unableToCallMessage","$v":"কোনো কল করা যাচ্ছে না। আপনি যদি ইতিমধ্যে ডায়াল করতে থাকেন, অনুগ্রহ করে প্রথমে নামিয়ে রাখুন।"},{"$i":"otherConnectionInUseTitle","$v":"অন্য সংযোগ ব্যবহার করা হচ্ছে"},{"$i":"otherConnectionInUseMessage","$v":"আপনি অন্য সংযোগে কল সক্রিয় করতে পারেন। আপনি একবারে একটি সংযোগ ব্যবহার করতে পারেন।"},{"$i":"connectingEllipsis","$v":"সংযুক্ত হচ্ছে..."}]