[{"$i":"messages","$v":"संदेश"},{"$i":"deleteMessages-title","$v":"चुनो"},{"$i":"selectThreads-title","$v":"चुनो"},{"$i":"edit","$v":"एडिट"},{"$i":"back","$v":"वापस"},{"$i":"cancel","$v":"रद्द करो"},{"$i":"undo","$v":"पैह्ले आह्ला लेखा करो"},{"$i":"done","$v":"होई गेआ"},{"$i":"delete","$v":"हटाना"},{"$i":"deleting-messages","$v":"डिलीट कीता दा करदा ऐ ..."},{"$i":"select-all","$v":"सब्भै चुनो"},{"$i":"deselect-all","$v":"सब्भै अन-चुने करो"},{"$i":"selected-threads","$v":{"zero":"0 चुनिंदा","one":[{"t":"idOrVar","v":"n"}," चुनिंदा"],"two":[{"t":"idOrVar","v":"n"}," चुनिंदा"],"few":[{"t":"idOrVar","v":"n"}," चुनिंदा"],"many":[{"t":"idOrVar","v":"n"}," चुनिंदा"],"other":[{"t":"idOrVar","v":"n"}," चुनिंदा"]},"$x":[{"t":"idOrVar","v":"plural"},"n"]},{"$i":"selected-messages","$v":{"zero":"0 चुनिंदा","one":[{"t":"idOrVar","v":"n"}," चुनिंदा"],"two":[{"t":"idOrVar","v":"n"}," चुनिंदा"],"few":[{"t":"idOrVar","v":"n"}," चुनिंदा"],"many":[{"t":"idOrVar","v":"n"}," चुनिंदा"],"other":[{"t":"idOrVar","v":"n"}," चुनिंदा"]},"$x":[{"t":"idOrVar","v":"plural"},"n"]},{"$i":"selectThreads-label","$v":"लड़ियां चुनो"},{"$i":"selectMessages-label","$v":"सनेहा चुनो"},{"$i":"new-message","$v":"नमां सनेहा"},{"$i":"delete-thread","$v":"लड़ी डिलीट करो"},{"$i":"create-new-contact","$v":"नमां रावता बनाओ"},{"$i":"add-to-contact","$v":"मौजूदा रावते च जोड़ो"},{"$i":"select-thread","$v":"लड़ी चुनो"},{"$i":"settings","$v":"सेटिंग्स"},{"$i":"select","$v":"चुनो"},{"$i":"sk-save-as-draft","$v":"ड्राफ्ट दे रूप सहेजो"},{"$i":"send","$v":"भेजो"},{"$i":"add-contact","$v":"कन्टेक्ट जोड़ो"},{"$i":"add-suggestion","$v":"जोड़ो"},{"$i":"add-subject","$v":"विशे जोड़ो"},{"$i":"remove-subject","$v":"विशे हटाओ"},{"$i":"add-attachment","$v":"अटैचमेंट जोड़ो"},{"$i":"remove-attachment","$v":"अटैचमेंट हटाओ"},{"$i":"replace-attachment","$v":"अटैचमेंट बदलो"},{"$i":"select-messages","$v":"सनेहा चुनो"},{"$i":"call","$v":"कॉल"},{"$i":"forward","$v":"अग्गै"},{"$i":"view-message-report","$v":"सनेहा ब्योरा दिक्खो"},{"$i":"resend-message","$v":"इस सनेहे गी मुड़-भेजो"},{"$i":"cancel-view-report","$v":"रद्द करो"},{"$i":"ok","$v":"ठीक ऐ"},{"$i":"enter","$v":"Enter"},{"$i":"open","$v":"खुल्ला"},{"$i":"to","$v":"गी"},{"$i":"new","$v":"नमां"},{"$i":"message","$v":"संदेश"},{"$i":"messagesInput_placeholder","$v":"संदेश"},{"$i":"messagesSubjectInput_placeholder","$v":"विशे"},{"$i":"converted-to-mms","$v":"मल्टीमीडिया सनेहे च बदला करदा ऐ।"},{"$i":"converted-to-sms","$v":"पाठ सनेहे च बदला करदा ऐ।"},{"$i":"messages-max-length-text","$v":"तुस बद्धो-बद्ध लंबाई तगर पुज्जी गे ओ।"},{"$i":"messages-max-subject-length-text","$v":"विशे दी बद्धो-बद्ध लंबाई तगर पुज्जी गेई।"},{"$i":"multimedia-message-exceeded-max-length","$v":["तुसें इकले मल्टीमीडिया सनेहे दी ",{"t":"idOrVar","v":"mmsSize"}," KB साइज हद्द पार करी लैती ऐ। अटैचमेंटां हटाओ जां सनेहा भेजने लेई इसी निक्का करो।"]},{"$i":"newMessage","$v":"नमां सनेहा"},{"$i":"sendMessage","$v":"सनेहा भेजो"},{"$i":"sendMMSToEmail","$v":"मल्टीमीडिया सनेहा भेजो"},{"$i":"no-recipient","$v":"(कोई हासलकर्ता नेईं)"},{"$i":"recipient","$v":{"one":[{"t":"idOrVar","v":"n"}," हासलकर्ता"],"two":[{"t":"idOrVar","v":"n"}," हासलकर्ता"],"few":[{"t":"idOrVar","v":"n"}," हासलकर्ता"],"many":[{"t":"idOrVar","v":"n"}," हासलकर्ता"],"other":[{"t":"idOrVar","v":"n"}," हासलकर्ता"]},"$x":[{"t":"idOrVar","v":"plural"},"n"]},{"$i":"attachmentSizeB","$v":[{"t":"idOrVar","v":"n"}," B"]},{"$i":"attachmentSizeKB","$v":[{"t":"idOrVar","v":"n"}," KB"]},{"$i":"attachmentSizeMB","$v":[{"t":"idOrVar","v":"n"}," MB"]},{"$i":"attachmentOpenError","$v":"इस चाल्ली दी फाइल खोलने लेई कोई एप्लिकेशन उपलब्ध नेईं ऐ।"},{"$i":"remove","$v":"हटाना"},{"$i":"participant","$v":{"one":[{"t":"idOrVar","v":"n"}," प्रतिभागी"],"two":[{"t":"idOrVar","v":"n"}," प्रतिभागी"],"few":[{"t":"idOrVar","v":"n"}," प्रतिभागी"],"many":[{"t":"idOrVar","v":"n"}," प्रतिभागी"],"other":[{"t":"idOrVar","v":"n"}," प्रतिभागी"]},"$x":[{"t":"idOrVar","v":"plural"},"n"]},{"$i":"message-report","$v":"सनेहा रिपोर्ट"},{"$i":"message-type-sms","$v":"पाठ सनेहा (SMS)"},{"$i":"message-type-mms","$v":"मल्टीमीडिया सनेहा (MMS)"},{"$i":"sms-report-description","$v":["थुआढ़ा पाठ सनेहा (SMS), ",{"t":"idOrVar","v":"datetime"}," पर भेजेआ गेआ हा"]},{"$i":"mms-report-description","$v":["थुआढ़ा मल्टीमीडिया सनेहा(MMS), विशे ",{"t":"idOrVar","v":"subject"},", ",{"t":"idOrVar","v":"datetime"}," पर भेजेआ गेआ हा"]},{"$i":"mms-no-subject-report-description","$v":["थुआढ़ा मल्टीमीडिया सनेहा (MMS), ",{"t":"idOrVar","v":"datetime"}," पर भेजेआ गेआ हा"]},{"$i":"message-subject","$v":"विशे:"},{"$i":"report-status-error","$v":"सनेहा भेजेआ नेईं जाई सकेआ"},{"$i":"report-status-not-downloaded","$v":"नेईं डाउनलोड कीते दा"},{"$i":"report-status-delivered","$v":"सपुर्द करी दित्ता:"},{"$i":"report-status-read","$v":"पढ़ो:"},{"$i":"report-status-pending","$v":"रिपोर्ट अनुरोधित"},{"$i":"report-status-rejected","$v":"सनेहा नां-मंजूर ऐ"},{"$i":"message-size-was","$v":"सनेहा साइज:"},{"$i":"report-dateTimeFormat12","$v":["%e %B %Y, ",{"t":"idOrVar","v":"shortTimeFormat12"}]},{"$i":"report-dateTimeFormat24","$v":["%e %B %Y, ",{"t":"idOrVar","v":"shortTimeFormat24"}]},{"$i":"report-to-title","$v":"गी"},{"$i":"report-from-title","$v":"थमां"},{"$i":"message-sent","$v":"भेजी दित्ता:"},{"$i":"message-sending","$v":[{"t":"idOrVar","v":"message-delivery-status-sending"}]},{"$i":"message-received","$v":"हासिलः"},{"$i":"message-via","$v":"राहें:"},{"$i":"message-resend","$v":"मुड़-भेजो"},{"$i":"search","$v":"तपाश"},{"$i":"unknown-contact-title","$v":"अनजांता रावता"},{"$i":"phone-type-separator","$v":", "},{"$i":"phone-carrier-separator","$v":" "},{"$i":"thread-participant-separator","$v":", "},{"$i":"replace-draft","$v":"मौजूदा ड्राफ्ट बदलो"},{"$i":"save-as-draft","$v":"बचाओ"},{"$i":"discard-message","$v":"रद्द"},{"$i":"discard-sms","$v":"क्या तुस जकीनी तौर पर इस सनेहे गी रद्द करना चांह्​दे ओ?"},{"$i":"discard-new-message","$v":"जिस सनेहे गी तुस लिखै करदे ओ उसी रद्द करो ते नमां सनेहा खोलो?"},{"$i":"resend-confirmation","$v":"सनेहा भेजेआ नेईं जाई सकेआ। परतियै कोशिश करो?"},{"$i":"deleteMessage-confirmation","$v":"चुनिंदा सनेहा डिलीट करो?"},{"$i":"deleteMessages-confirmation","$v":"चुनिंदा सनेहा डिलीट करो?"},{"$i":"deleteThreads-confirmation2","$v":{"one":"चुनिंदा सनेहा लड़ी डिलीट करो?","other":"चुनिंदा सनेहा लड़ियां डिलीट करो?"},"$x":[{"t":"idOrVar","v":"plural"},"n"]},{"$i":"new-message-notice-text","$v":"इसदे थमां नमां सनेहा"},{"$i":"new-message-notice-a-text","$v":"इसी पढ़ो"},{"$i":"noMessages-title","$v":"कोई सनेहा नेईं"},{"$i":"noMessages-text","$v":"संचार शुरू करने लेई नमां सनेहा दबाओ."},{"$i":"sendDefaultErrorTitle","$v":"सनेहा नेईं भेजेआ गेआ"},{"$i":"sendDefaultErrorBody","$v":"सनेहा भेजने च समस्या ही किरपा करियै परतियै कोशिश करो।"},{"$i":"sendDefaultErrorBtnOk","$v":"ठीक ऐ"},{"$i":"sendMissingSimCardTitle","$v":"सिम कार्ड लापता"},{"$i":"sendMissingSimCardBody","$v":"जारी रक्खने लेई इक मान्य SIM कार्ड पाओ।"},{"$i":"sendMissingSimCardBtnOk","$v":"ठीक ऐ"},{"$i":"sendFlightModeTitle","$v":"ब्हाई ज्हाज मोड सक्रिय ऐ"},{"$i":"sendFlightModeBody","$v":"सनेह् भेजने लेई ब्हाई-ज्हाज मोड बंद करो।"},{"$i":"sendFlightModeBtnOk","$v":"ठीक ऐ"},{"$i":"radioDisabledToDownloadTitle","$v":[{"t":"idOrVar","v":"sendFlightModeTitle"}]},{"$i":"radioDisabledToDownloadBody","$v":"अटैचमेंटां डाउनलोड करने लेई ब्हाई-ज्हाज मोड बंद करो।"},{"$i":"radioDisabledToDownloadBtnOk","$v":[{"t":"idOrVar","v":"sendFlightModeBtnOk"}]},{"$i":"fdnErrorTitle","$v":"FDN सक्रिय"},{"$i":"needConnectWifiBody","$v":"कोई सेलुलर नेटवर्क उपलब्ध नेईं ऐ मैसेजिंग लेई उपलब्ध WiFi नेटवर्क कन्नै कनेक्ट करो"},{"$i":"needConnectWifiTitle","$v":"सनेहा नेईं भेजेआ गेआ"},{"$i":"sms-counter-notice-label","$v":["SMS ",{"t":"idOrVar","v":"number"},"संपादन"]},{"$i":"fdnErrorBody","innerHTML":{"$x":[{"t":"idOrVar","v":"plural"},"n"],"$v":{"one":"FDN (फिक्स्ड डायलिंग नंबर) सक्रिय ऐ। जकीनी करो जे SMS केंदर ते एह् हासलकर्ता थुआढ़ी FDN सूची च न","two":"FDN (फिक्स्ड डायलिंग नंबर) सक्रिय ऐ। जकीनी करो जे SMS केंदर ते एह् हासलकर्ता थुआढ़ी FDN सूची च न","few":"FDN (फिक्स्ड डायलिंग नंबर) सक्रिय ऐ। जकीनी करो जे SMS केंदर ते एह् हासलकर्ता थुआढ़ी FDN सूची च न","many":"FDN (फिक्स्ड डायलिंग नंबर) सक्रिय ऐ। जकीनी करो जे SMS केंदर ते एह् हासलकर्ता थुआढ़ी FDN सूची च न","other":"FDN (फिक्स्ड डायलिंग नंबर) सक्रिय ऐ। जकीनी करो जे SMS केंदर ते एह् हासलकर्ता थुआढ़ी FDN सूची च न"}}},{"$i":"fdnErrorBtnOk","$v":"ठीक ऐ"},{"$i":"switchSimToRetrieveTitle","$v":"डेटा कनेक्शन स्विच करो"},{"$i":"switchSimToRetrieveBody","$v":["MMS मुड़-हासल करने लेई सिम ",{"t":"idOrVar","v":"nonActiveSimId"}," पर डेटा कनेक्शन स्विच करो। सिम ",{"t":"idOrVar","v":"activeSimId"},"पर मौजूदा डेटा ट्रांसफर मुल्तवी करी दित्ता जाह्‌ग। फ्ही बी जारी रक्खो?"]},{"$i":"switchSimToRetrieveBtnOk","$v":"बाद च"},{"$i":"switchSimToRetrieveConfirm","$v":"ठीक ऐ"},{"$i":"switchSimToSendTitle","$v":[{"t":"idOrVar","v":"switchSimToRetrieveTitle"}]},{"$i":"switchSimToSendBody","$v":["MMS भेजने लेई सिम ",{"t":"idOrVar","v":"nonActiveSimId"}," पर डेटा कनेक्शन स्विच करो। सिम ",{"t":"idOrVar","v":"activeSimId"},"पर मौजूदा डेटा ट्रांसफर मुल्तवी करी दित्ता जाह्‌ग। फ्ही बी जारी रक्खो?"]},{"$i":"switchSimToSendBtnOk","$v":[{"t":"idOrVar","v":"switchSimToRetrieveBtnOk"}]},{"$i":"switchSimToSendConfirm","$v":[{"t":"idOrVar","v":"switchSimToRetrieveConfirm"}]},{"$i":"sendNoSignalErrorTitle","$v":"कोई नेटवर्क कवरेज नेईं"},{"$i":"sendNoSignalErrorBody","$v":"जकीनी करो जे थुआढ़े कोल मोबाइल सिगनल ऐ ते मुड़-कोशिश करो।"},{"$i":"sendNoSignalErrorBtnOk","$v":"ठीक ऐ"},{"$i":"sendNotFoundErrorTitle","$v":"सनेहा नेईं मिलेआ"},{"$i":"sendNotFoundErrorBody","$v":"जेह्‌ड़ा सनेहा तुस तुप्पै करदे ओह् हून उपलब्ध नेईं ऐ।"},{"$i":"sendNotFoundErrorBtnOk","$v":"ठीक ऐ"},{"$i":"sendInvalidAddressErrorTitle","$v":"अमान्य संख्या"},{"$i":"sendInvalidAddressErrorBody","$v":"जकीनी करो जे जिस मोबाइल नंबर पर तुस भेजै करदे ओ ओह् मान्य ऐ।"},{"$i":"sendInvalidAddressErrorBtnOk","$v":"ठीक ऐ"},{"$i":"simNotMatchedErrorTitle","$v":"डाउनलोड करने च असमर्थ"},{"$i":"simNotMatchedErrorBody","$v":"किरपा करियै जकीनी करो जे इस सनेहे गी हासल करने लेई बरतून कीते गेदे सिम कार्ड गी शामल कीता गेआ ऐ."},{"$i":"simNotMatchedErrorBtnOk","$v":"ठीक ऐ"},{"$i":"deleted-sms","$v":"एह् सनेहा पैह्‌ले थमां गै डिलीट करी दित्ता गेआ ऐ।"},{"$i":"view-attachment-image","$v":"दिक्खो"},{"$i":"view-attachment-audio","$v":"सुनो"},{"$i":"view-attachment-video","$v":"दिक्खो"},{"$i":"view-attachment-other","$v":"दिक्खो"},{"$i":"remove-attachment-image","$v":"इमेज हटाओ"},{"$i":"remove-attachment-audio","$v":"आडियो हटाओ"},{"$i":"remove-attachment-video","$v":"वीडियो हटाओ"},{"$i":"remove-attachment-other","$v":"अटैचमेंट हटाओ"},{"$i":"replace-attachment-image","$v":"इमेज बदलो"},{"$i":"replace-attachment-audio","$v":"आडियो बदलो"},{"$i":"replace-attachment-video","$v":"वीडियो बदलो"},{"$i":"replace-attachment-other","$v":"अटैचमेंट बदलो"},{"$i":"unsent-message-title","$v":"अन-भेजेआ सनेहा"},{"$i":"unsent-message-description","$v":"थुआढ़ा पिछला सनेहा नेईं भेजेआ गेआ हा। क्या तुस अन-भेजे सनेह् गी संपादत करना चांह्‌दे ओ जां इसी छोड़ना ते जारी रक्खना चांह्‌दे ओ?"},{"$i":"unsent-message-option-edit","$v":"एडिट"},{"$i":"unsent-message-option-discard","$v":"रद्द"},{"$i":"message-options","$v":"संदेश विकल्प"},{"$i":"select-text","$v":"पाठ चुनो"},{"$i":"mobile","$v":"मोबाइल"},{"$i":"home","$v":"होम"},{"$i":"work","$v":"कारज"},{"$i":"personal","$v":"निजी"},{"$i":"faxHome","$v":"फैक्स होम"},{"$i":"faxOffice","$v":"फैक्स दफ्तर"},{"$i":"faxOther","$v":"फैक्स होर"},{"$i":"another","$v":"इक होर"},{"$i":"other","$v":"होर"},{"$i":"today","$v":"अज्ज"},{"$i":"yesterday","$v":"कल"},{"$i":"incorrectDate","$v":"(गलत तरीक)"},{"$i":"addToExistingContact","$v":"मौजूदा रावते च जोड़ो"},{"$i":"createNewContact","$v":"नमां रावता बनाओ"},{"$i":"viewContact","$v":"रावता दिक्खो"},{"$i":"sendEmail","$v":"ईमेल भेजो"},{"$i":"mms-message","$v":"MMS सनेहा"},{"$i":"notDownloaded-title","$v":"सनेहा अजें तगर डाउनलोड नेईं होआ ऐ।"},{"$i":"tobedownloaded-attachment","$v":"तुसेंगी इक मल्टीमीडिया सनेहा हासल होआ ऐ, अखीरी_तरीक थमां पैह्​ले इसदी समग्गरी मुड़-हासल करने लेई डाउनलोड दबाओ।"},{"$i":"expired-attachment","$v":["माफ करो, सनेहे दी ",{"t":"idOrVar","v":"date"}," गी मन्याद खत्म होई गेई ऐ ते डाउनलोड नेईं कीता जाई सकदा।"]},{"$i":"download-attachment","$v":"डाउनलोड"},{"$i":"downloading-attachment","$v":"डाउनलोड होआ करदा ऐ ..."},{"$i":"download-complete","$v":"डाउनलोड पूरा होआ"},{"$i":"unnamed-attachment","$v":"बिजन शीर्षक दे"},{"$i":"mms-label","$v":"MMS"},{"$i":"attached-files-too-large","$v":{"zero":["थुआढ़े आसेआ चुनिंदा फाइलां इकले मल्टीमीडिया सनेहे दी साइज हद्द ",{"t":"idOrVar","v":"mmsSize"}," KB थमां मता होई गेई ऐ।"],"one":["थुआढ़े आसेआ चुनिंदा फाइल गी इकले मल्टीमीडिया सनेहे दी साइज हद्द ",{"t":"idOrVar","v":"mmsSize"}," KB थमां मती होई गेई ऐ।"],"two":["थुआढ़े आसेआ चुनिंदा फाइलां इकले मल्टीमीडिया सनेहे दी साइज हद्द ",{"t":"idOrVar","v":"mmsSize"}," KB थमां मता होई गेई ऐ।"],"few":["थुआढ़े आसेआ चुनिंदा फाइलां इकले मल्टीमीडिया सनेहे दी साइज हद्द ",{"t":"idOrVar","v":"mmsSize"}," KB थमां मता होई गेई ऐ।"],"many":["थुआढ़े आसेआ चुनिंदा फाइलां इकले मल्टीमीडिया सनेहे दी साइज हद्द ",{"t":"idOrVar","v":"mmsSize"}," KB थमां मता होई गेई ऐ।"],"other":["थुआढ़े आसेआ चुनिंदा फाइलां इकले मल्टीमीडिया सनेहे दी साइज हद्द ",{"t":"idOrVar","v":"mmsSize"}," KB थमां मता होई गेई ऐ।"]},"$x":[{"t":"idOrVar","v":"plural"},"n"]},{"$i":"resize-image","$v":"नत्थी कीती गेदी इमेज साइज बदलना"},{"$i":"no-attachment-text","$v":"नत्थी फाइल च समस्या ऐ ते इसी डाउनलोड नेईं कीता जाई सकदा।"},{"$i":"message-draft-saved","$v":"सनेहा ड्राफ्ट दे रूप च सहेजेआ गेआ"},{"$i":"sim-id-label","$v":["सिम",{"t":"idOrVar","v":"id"}]},{"$i":"sim-detail","$v":["सिम",{"t":"idOrVar","v":"id"},", ",{"t":"idOrVar","v":"detailstring"}]},{"$i":"dsds-notification-title-with-sim","$v":["(",{"t":"idOrVar","v":"sim"},") ",{"t":"idOrVar","v":"sender"}]},{"$i":"send-button","ariaLabel":"भेजो"},{"$i":"send-button-sim-indication","$v":[{"t":"idOrVar","v":"n"}],"ariaLabel":["सिम ",{"t":"idOrVar","v":"n"}," दी बरतून होआ करदी ऐ"]},{"$i":"expiry-date-format","$v":"%A, %b %e"},{"$i":"attach-button","ariaLabel":"अटैचमेंट जोड़ो"},{"$i":"contact-photo","ariaLabel":"कन्टेक्ट फोटु"},{"$i":"unread-thread","ariaLabel":"अनपढ़ेआ"},{"$i":"has-draft","ariaLabel":"ड्राफ्ट ऐ"},{"$i":"is-draft","ariaLabel":"ड्राफ्ट"},{"$i":"message-delivery-status-sending","$v":"भेजै  करदा ऐ…"},{"$i":"message-delivery-status-delivered","ariaLabel":"सपुर्द करी दित्ता"},{"$i":"message-delivery-status-read","ariaLabel":"पढ़ो"},{"$i":"message-delivery-status-error","ariaLabel":"त्रुटि"},{"$i":"modal-dialog-ok-button","$v":"ठीक ऐ"},{"$i":"modal-dialog-cancel-button","$v":"रद्द करो"},{"$i":"modal-dialog-default-title","$v":"सनेह्"},{"$i":"tcl-delete-message","$v":"सनेहा डिलीट कीता गेदा"},{"$i":"tcl-sending-message-toast","$v":"सनेहा भेजेआ जा करदा ऐ..."},{"$i":"tcl-message-converted-to-toast","$v":[{"t":"idOrVar","v":"type"}," च सनेहा बदलेआ गेआ"]},{"$i":"tcl-message-sent-toast","$v":"सनेहा भेजी दित्ता"},{"$i":"tcl-deleteMessage-confirmation2","$v":"चुनिंदा सनेहा लड़ी डिलीट करो?"},{"$i":"tcl-deleted-message","$v":{"zero":"0 सनेहा डिलीट कीता गेआ","one":[{"t":"idOrVar","v":"n"}," सनेहा डिलीट कीता गेआ"],"two":[{"t":"idOrVar","v":"n"}," सनेह् डिलीट कीते गे"],"few":[{"t":"idOrVar","v":"n"}," सनेह् डिलीट कीते गे"],"many":[{"t":"idOrVar","v":"n"}," सनेह् डिलीट कीते गे"],"other":[{"t":"idOrVar","v":"n"}," सनेह् डिलीट कीते गे"]},"$x":[{"t":"idOrVar","v":"plural"},"n"]},{"$i":"tcl-deleted-threads","$v":{"zero":"0 लड़ी डिलीट करी दित्ती गेई","one":"लड़ी डिलीट कीती गेई","two":[{"t":"idOrVar","v":"n"}," सनेहा लड़ियां डिलीट कीतियां गेइयां"],"few":[{"t":"idOrVar","v":"n"}," सनेहा लड़ियां डिलीट कीतियां गेइयां"],"many":[{"t":"idOrVar","v":"n"}," सनेहा लड़ियां डिलीट कीतियां गेइयां"],"other":[{"t":"idOrVar","v":"n"}," सनेहा लड़ियां डिलीट कीतियां गेइयां"]},"$x":[{"t":"idOrVar","v":"plural"},"n"]},{"$i":"tcl-simSettings","$v":"जानकारी"},{"$i":"tcl-unknown-SMSC","$v":"जानकारी उपलब्ध नेईं ऐ"},{"$i":"tcl-sim1","$v":"सर्विस सेंटर सिम1"},{"$i":"tcl-sim2","$v":"सर्विस सेंटर सिम2"},{"$i":"tcl-auto-retrieve","$v":"आटो हासली"},{"$i":"tcl-wapPushMessages","$v":"WAP पुश सनेह्"},{"$i":"tcl-wapPush","$v":"WAP पुश"},{"$i":"tcl-wap-push-on","$v":"चालू"},{"$i":"tcl-wap-push-off","$v":"बंद"},{"$i":"tcl-auto-retrieve-messages","$v":"आटो मुड़-हासल सनेह्"},{"$i":"tcl-manual-retrieve","$v":"बंद"},{"$i":"tcl-auto-roaming-retrieve","$v":"रोमिंग कन्नै चालू"},{"$i":"tcl-auto-no-roaming-retrieve","$v":"रोमिंग बिना चालू"},{"$i":"tcl-message-read-reports","$v":"रिपोर्ट पढ़ो"},{"$i":"tcl-read-reports-on","$v":"चालू"},{"$i":"tcl-read-reports-off","$v":"बंद"},{"$i":"tcl-mmsTitle","$v":"मल्टीमीडिया मेसिजिंग (MMS)"},{"$i":"tcl-message-delivery-reports","$v":"डिलीवरी रिपोर्टां"},{"$i":"tcl-delivery-reports-on","$v":"चालू"},{"$i":"tcl-delivery-reports-off","$v":"बंद"},{"$i":"tcl-message-confirmation","$v":"सनेहा पुश्टिकरण"},{"$i":"tcl-messageReport-title","$v":"सनेहा ब्योरा"},{"$i":"tcl-mms-label","$v":"MMS"},{"$i":"tcl-sms-label","$v":"SMS"},{"$i":"tcl-messaging-settings","$v":"मैसजिंग सेटिंगां"},{"$i":"tcl-messagingSettings-header","$v":[{"t":"idOrVar","v":"tcl-messaging-settings"}]},{"$i":"tcl-confirmation-title","$v":"पुश्टिकरण"},{"$i":"tcl-draft-save-content","$v":"ड्राफ्ट दे रूप सहेजो?"},{"$i":"tcl-draft-discard-content","$v":"सनेहा खारिज करी दित्ता गेआ ऐ"},{"$i":"tcl-switch-on","$v":"चालू"},{"$i":"tcl-switch-off","$v":"बंद"},{"$i":"tcl-delivery-report-desc","$v":"भेजे गेदे हर सनेहे लेई डिलीवरी नोटिफिकेशन दा अनुरोध करो"},{"$i":"tcl-read-report-desc","$v":"भेजा गेदे हर सनेहे लेई रिपोर्ट पढ़ने दा अनुरोध करो"},{"$i":"tcl-auto-retrieve-desc","$v":"सनेह् अपने-आप रूप कन्नै मुड़-हासल करो"},{"$i":"tcl-confirm-dialog-ok","$v":"ठीक ऐ"},{"$i":"tcl-yes","$v":"हां"},{"$i":"tcl-no","$v":"नां"},{"$i":"tcl-delete-current-thread?","$v":"चुनिंदा सनेहा लड़ी डिलीट करो?"},{"$i":"tcl-attention","$v":"ध्यान"},{"$i":"tcl-options","$v":"विकल्प"},{"$i":"send-failed","$v":"भेजना असफल।"},{"$i":"subject-removed","$v":"विशे हटाया गेआ।"},{"$i":"media-storage-limit-alert-title","$v":"स्टोरज भरोची दी ऐ"},{"$i":"media-storage-limit-alert-body","$v":"होर मती खाली स्पेस हासल करने लेई तुस किश मीडिया फाइलां जां प्रबंधक एप्लिकेशन डेटा डिलीट करी सकदे ओ।"},{"$i":"media-storage-limit-alert-cancel","$v":"रद्द करो"},{"$i":"media-storage-limit-alert-setting","$v":"सेटिंगें च जाओ"},{"$i":"email","$v":"ईमेल"},{"$i":"go","$v":"जाओ"},{"$i":"weekday-0-long","$v":"ऐतवार"},{"$i":"weekday-1-long","$v":"सोमवार"},{"$i":"weekday-2-long","$v":"मंगलवार"},{"$i":"weekday-3-long","$v":"बुधवार"},{"$i":"weekday-4-long","$v":"बीरवार"},{"$i":"weekday-5-long","$v":"शुक्रवार"},{"$i":"weekday-6-long","$v":"शनिवार"},{"$i":"weekday-0-short","$v":"ऐत"},{"$i":"weekday-1-short","$v":"सोम"},{"$i":"weekday-2-short","$v":"मंगल"},{"$i":"weekday-3-short","$v":"वेब"},{"$i":"weekday-4-short","$v":"वीर"},{"$i":"weekday-5-short","$v":"शुक्र"},{"$i":"weekday-6-short","$v":"शनि"},{"$i":"month-0-long","$v":"जनवरी"},{"$i":"month-1-long","$v":"फरवरी"},{"$i":"month-2-long","$v":"मार्च"},{"$i":"month-3-long","$v":"अप्रैल"},{"$i":"month-4-long","$v":"मई"},{"$i":"month-5-long","$v":"जून"},{"$i":"month-6-long","$v":"जुलाई"},{"$i":"month-7-long","$v":"अगस्त"},{"$i":"month-8-long","$v":"सितंबर"},{"$i":"month-9-long","$v":"अक्टूबर"},{"$i":"month-10-long","$v":"नवंबर"},{"$i":"month-11-long","$v":"दिसंबर"},{"$i":"month-0-genitive","$v":"जनवरी"},{"$i":"month-1-genitive","$v":"फरवरी"},{"$i":"month-2-genitive","$v":"मार्च"},{"$i":"month-3-genitive","$v":"अप्रैल"},{"$i":"month-4-genitive","$v":"मई"},{"$i":"month-5-genitive","$v":"जून"},{"$i":"month-6-genitive","$v":"जुलाई"},{"$i":"month-7-genitive","$v":"अगस्त"},{"$i":"month-8-genitive","$v":"सितंबर"},{"$i":"month-9-genitive","$v":"अक्टूबर"},{"$i":"month-10-genitive","$v":"नवंबर"},{"$i":"month-11-genitive","$v":"दिसंबर"},{"$i":"month-0-short","$v":"जनवरी"},{"$i":"month-1-short","$v":"फरवरी"},{"$i":"month-2-short","$v":"मार्च"},{"$i":"month-3-short","$v":"अप्रैल"},{"$i":"month-4-short","$v":"मई"},{"$i":"month-5-short","$v":"जून"},{"$i":"month-6-short","$v":"जुलाई"},{"$i":"month-7-short","$v":"अगस्त"},{"$i":"month-8-short","$v":"सितम्बर"},{"$i":"month-9-short","$v":"अक्टूबर"},{"$i":"month-10-short","$v":"नवंबर"},{"$i":"month-11-short","$v":"दिसंबर"},{"$i":"minutes-ago-long","$v":{"zero":"हूनै","one":"इक मिनट पैह्‌ले","two":[{"t":"idOrVar","v":"value"}," मिनट पैह्‌ले"],"few":[{"t":"idOrVar","v":"value"}," मिनट पैह्‌ले"],"many":[{"t":"idOrVar","v":"value"}," मिनट पैह्‌ले"],"other":[{"t":"idOrVar","v":"value"}," मिनट पैह्‌ले"]},"$x":[{"t":"idOrVar","v":"plural"},"value"]},{"$i":"hours-ago-long","$v":{"zero":"हूनै","one":"इक घैंटा पैह्‌ले","two":[{"t":"idOrVar","v":"value"}," घैंटे पैह्‌ले"],"few":[{"t":"idOrVar","v":"value"}," घैंटे पैह्‌ले"],"many":[{"t":"idOrVar","v":"value"}," घैंटे पैह्‌ले"],"other":[{"t":"idOrVar","v":"value"}," घैंटे पैह्‌ले"]},"$x":[{"t":"idOrVar","v":"plural"},"value"]},{"$i":"days-ago-long","$v":{"zero":"अज्ज","one":"कल","two":[{"t":"idOrVar","v":"value"}," दिन पैह्‌ले"],"few":[{"t":"idOrVar","v":"value"}," दिन पैह्‌ले"],"many":[{"t":"idOrVar","v":"value"}," दिन पैह्‌ले"],"other":[{"t":"idOrVar","v":"value"}," दिन पैह्‌ले"]},"$x":[{"t":"idOrVar","v":"plural"},"value"]},{"$i":"weeks-ago-long","$v":{"zero":"इस हफ्ते","one":"पिछले हफ्ते","two":[{"t":"idOrVar","v":"value"}," हफ्ते पैह्‌ले"],"few":[{"t":"idOrVar","v":"value"}," हफ्ते पैह्‌ले"],"many":[{"t":"idOrVar","v":"value"}," हफ्ते पैह्‌ले"],"other":[{"t":"idOrVar","v":"value"}," हफ्ते पैह्‌ले"]},"$x":[{"t":"idOrVar","v":"plural"},"value"]},{"$i":"months-ago-long","$v":{"zero":"इस म्हीने","one":"पिछले म्हीने","two":[{"t":"idOrVar","v":"value"}," म्हीने पैह्‌ले"],"few":[{"t":"idOrVar","v":"value"}," म्हीने पैह्‌ले"],"many":[{"t":"idOrVar","v":"value"}," म्हीने पैह्‌ले"],"other":[{"t":"idOrVar","v":"value"}," म्हीने पैह्‌ले"]},"$x":[{"t":"idOrVar","v":"plural"},"value"]},{"$i":"years-ago-long","$v":{"zero":"इस ब'रे","one":"पिछले ब'रे","two":[{"t":"idOrVar","v":"value"}," ब'रे पैह्‌ले"],"few":[{"t":"idOrVar","v":"value"}," ब'रे पैह्‌ले"],"many":[{"t":"idOrVar","v":"value"}," ब'रे पैह्‌ले"],"other":[{"t":"idOrVar","v":"value"}," ब'रे पैह्‌ले"]},"$x":[{"t":"idOrVar","v":"plural"},"value"]},{"$i":"minutes-until-long","$v":{"zero":"हून","one":"इक मिनट च","two":[{"t":"idOrVar","v":"value"}," मिनटें च"],"few":[{"t":"idOrVar","v":"value"}," मिनटें च"],"many":[{"t":"idOrVar","v":"value"}," मिनटें च"],"other":[{"t":"idOrVar","v":"value"}," मिनटें च"]},"$x":[{"t":"idOrVar","v":"plural"},"value"]},{"$i":"hours-until-long","$v":{"zero":"हून","one":"इक घैंटे च","two":[{"t":"idOrVar","v":"value"}," घैंटें च"],"few":[{"t":"idOrVar","v":"value"}," घैंटें च"],"many":[{"t":"idOrVar","v":"value"}," घैंटें च"],"other":[{"t":"idOrVar","v":"value"}," घैंटें च"]},"$x":[{"t":"idOrVar","v":"plural"},"value"]},{"$i":"days-until-long","$v":{"zero":"अज्ज","one":"कल","two":[{"t":"idOrVar","v":"value"}," दिनें च"],"few":[{"t":"idOrVar","v":"value"}," दिनें च"],"many":[{"t":"idOrVar","v":"value"}," दिनें च"],"other":[{"t":"idOrVar","v":"value"}," दिनें च"]},"$x":[{"t":"idOrVar","v":"plural"},"value"]},{"$i":"weeks-until-long","$v":{"zero":"इस हफ्ते","one":"अगले हफ्ते","two":[{"t":"idOrVar","v":"value"},"हफ्तें च"],"few":[{"t":"idOrVar","v":"value"},"हफ्तें च"],"many":[{"t":"idOrVar","v":"value"},"हफ्तें च"],"other":[{"t":"idOrVar","v":"value"},"हफ्तें च"]},"$x":[{"t":"idOrVar","v":"plural"},"value"]},{"$i":"months-until-long","$v":{"zero":"इस म्हीने","one":"अगले म्हीने","two":[{"t":"idOrVar","v":"value"}," म्हीनें च"],"few":[{"t":"idOrVar","v":"value"}," म्हीनें च"],"many":[{"t":"idOrVar","v":"value"}," म्हीनें च"],"other":[{"t":"idOrVar","v":"value"}," म्हीनें च"]},"$x":[{"t":"idOrVar","v":"plural"},"value"]},{"$i":"years-until-long","$v":{"zero":"इस ब'रे","one":"अगले ब'रे","two":[{"t":"idOrVar","v":"value"},"ब'रें च"],"few":[{"t":"idOrVar","v":"value"},"ब'रें च"],"many":[{"t":"idOrVar","v":"value"},"ब'रें च"],"other":[{"t":"idOrVar","v":"value"},"ब'रें च"]},"$x":[{"t":"idOrVar","v":"plural"},"value"]},{"$i":"minutes-ago-short","$v":{"zero":"हूनै","other":[{"t":"idOrVar","v":"value"}," मिनट पैह्‌ले"]},"$x":[{"t":"idOrVar","v":"plural"},"value"]},{"$i":"hours-ago-short","$v":{"zero":"हूनै","other":[{"t":"idOrVar","v":"value"}," घैंटे पैह्‌ले"]},"$x":[{"t":"idOrVar","v":"plural"},"value"]},{"$i":"days-ago-short","$v":{"zero":"अज्ज","other":[{"t":"idOrVar","v":"value"}," दिन पैह्‌ले"]},"$x":[{"t":"idOrVar","v":"plural"},"value"]},{"$i":"minutes-until-short","$v":{"zero":"हून","other":[{"t":"idOrVar","v":"value"},"मिनटें च"]},"$x":[{"t":"idOrVar","v":"plural"},"value"]},{"$i":"hours-until-short","$v":{"zero":"हून","other":[{"t":"idOrVar","v":"value"}," घैंटें च"]},"$x":[{"t":"idOrVar","v":"plural"},"value"]},{"$i":"days-until-short","$v":{"zero":"अज्ज","other":[{"t":"idOrVar","v":"value"},"दिनें च"]},"$x":[{"t":"idOrVar","v":"plural"},"value"]},{"$i":"dateTimeFormat_%c","$v":"%a %b %e %Y %I:%M:%S %p"},{"$i":"dateTimeFormat_%x","$v":"%m/%d/%Y"},{"$i":"dateTimeFormat_%X","$v":"%I:%M:%S %p"},{"$i":"shortTimeFormat","$v":"%I:%M %p"},{"$i":"shortTimeFormat12","$v":"%I:%M %p"},{"$i":"shortTimeFormat24","$v":"%H:%M"},{"$i":"shortDateTimeFormat","$v":"%x %I:%M %p"},{"$i":"weekStartsOnMonday","$v":"0"},{"$i":"firstDayOfTheWeek","$v":"0"},{"$i":"time_am","$v":"AM"},{"$i":"time_pm","$v":"PM"},{"$i":"softkey-options","$v":"विकल्प"},{"$i":"emergencyNumber","$v":"अपातकाली नंबर"},{"$i":"callAirplaneModeMessage","$v":"काल करने लेई तुसेंगी सेटिंगें च ब्हाई-ज्हाज मोड नकारा करना होग।"},{"$i":"callAirplaneModeBtnOk","$v":"ठीक ऐ"},{"$i":"callAirplaneModeTitle","$v":"ब्हाई ज्हाज मोड सक्रिय ऐ"},{"$i":"numberIsBusyTitle","$v":"नंबर मसरूफ ऐ"},{"$i":"numberIsBusyMessage","$v":"नंबर इसलै मसरूफ ऐ। मगरा परतियै कोशिश करो।"},{"$i":"fdnIsActiveTitle","$v":"FDN सक्रिय"},{"$i":"fdnIsActiveMessage","$v":["FDN (फिक्स्ड डायलिंग नंबर) सक्रिय ऐ ते एह् नंबर थुआढ़ी FDN सूची च नेईं ऐ: ",{"t":"idOrVar","v":"number"}]},{"$i":"emergencyDialogBodyBadNumber","$v":"काल करने लेई, फोन गी कुसै नेटवर्क कन्नै कनेक्ट होना चाहिदा।"},{"$i":"emergencyDialogBodyDeviceNotAccepted","$v":"नेटवर्क आसेआ अपातकाली कालें दी मंजूरी नेईं ऐ।"},{"$i":"emergencyDialogBtnOk","$v":"ठीक ऐ"},{"$i":"emergencyDialogTitle","$v":"नेटवर्क कनेक्शन नेईं ऐ"},{"$i":"invalidNumberToDialTitle","$v":"अमान्य फोन नंबर"},{"$i":"invalidNumberToDialMessage","$v":"थुआढ़े आसेआ काल कीता गेदा फोन नंबर मान्य नेईं ऐ।"},{"$i":"unableToCallTitle","$v":"हून फोन काल करने च असमर्थ"},{"$i":"unableToCallMessage","$v":"काल नेईं करी सकदे। जेकर तुस पैह्‌ले थमां गै डायल करै करदे ओ, तां किरपा करियै पैह्‌ले हैंग करो৷"},{"$i":"otherConnectionInUseTitle","$v":"बरतून च होर कनेक्शन"},{"$i":"otherConnectionInUseMessage","$v":"थुआढ़े कोल दूये कनेक्शन पर सक्रिय काल ऐ। तुस इक बेल्लै सिर्फ इक्कै कनेक्शन दी बरतून करी सकदे ओ।"},{"$i":"connectingEllipsis","$v":"जुड़ा’रदा ऐ..."}]