[{"$i":"messages","$v":"સંદેશ"},{"$i":"deleteMessages-title","$v":"પસંદ કરો"},{"$i":"selectThreads-title","$v":"પસંદ કરો"},{"$i":"edit","$v":"સંપાદિત કરો"},{"$i":"back","$v":"પાછળ"},{"$i":"cancel","$v":"રદ કરો"},{"$i":"undo","$v":"અનડૂ કરો"},{"$i":"done","$v":"થઈ ગયું"},{"$i":"delete","$v":"કાઢો"},{"$i":"deleting-messages","$v":"દુર કરી રહ્યા છે"},{"$i":"select-all","$v":"તમામ પસંદ કરો"},{"$i":"deselect-all","$v":"તમામ પસંદ રદ કરો"},{"$i":"selected-threads","$v":{"zero":"0 પસંદ થયેલ","one":[{"t":"idOrVar","v":"n"}," પસંદ કરેલ"],"two":[{"t":"idOrVar","v":"n"}," પસંદ કરેલ"],"few":[{"t":"idOrVar","v":"n"}," પસંદ કરેલ"],"many":[{"t":"idOrVar","v":"n"}," પસંદ કરેલ"],"other":[{"t":"idOrVar","v":"n"}," પસંદ કરેલ"]},"$x":[{"t":"idOrVar","v":"plural"},"n"]},{"$i":"selected-messages","$v":{"zero":"0 પસંદ થયેલ","one":[{"t":"idOrVar","v":"n"}," પસંદ કરેલ"],"two":[{"t":"idOrVar","v":"n"}," પસંદ કરેલ"],"few":[{"t":"idOrVar","v":"n"}," પસંદ કરેલ"],"many":[{"t":"idOrVar","v":"n"}," પસંદ કરેલ"],"other":[{"t":"idOrVar","v":"n"}," પસંદ કરેલ"]},"$x":[{"t":"idOrVar","v":"plural"},"n"]},{"$i":"selectThreads-label","$v":"થ્રેડ્સ પસંદ કરો"},{"$i":"selectMessages-label","$v":"સંદેશ પસંદ કરો"},{"$i":"new-message","$v":"નવો સંદેશ"},{"$i":"delete-thread","$v":"થ્રેડ દુર કરો"},{"$i":"create-new-contact","$v":"નવો સંપર્ક બનાવો"},{"$i":"add-to-contact","$v":"કોઈ મોજૂદ સંપર્કમાં ઉમેરો"},{"$i":"select-thread","$v":"થ્રેડ પસંદ કરો"},{"$i":"settings","$v":"સેટિંગ્સ"},{"$i":"select","$v":"પસંદ કરો"},{"$i":"sk-save-as-draft","$v":"ડ્રાફ્ટ તરીકે સેવ કરો"},{"$i":"send","$v":"મોકલો"},{"$i":"add-contact","$v":"સંપર્ક ઉમેરો"},{"$i":"add-suggestion","$v":"ઉમેરો"},{"$i":"add-subject","$v":"વિષય ઉમેરો"},{"$i":"remove-subject","$v":"વિષય દૂર કરો"},{"$i":"add-attachment","$v":"એટેચમેન્ટ ઉમેરો"},{"$i":"remove-attachment","$v":"જોડાણ દૂર કરો"},{"$i":"replace-attachment","$v":"જોડાણ બદલો"},{"$i":"select-messages","$v":"સંદેશ પસંદ કરો"},{"$i":"call","$v":"કોલ કરો"},{"$i":"forward","$v":"ફોરવર્ડ કરો"},{"$i":"view-message-report","$v":"સંદેશ વિગતો જુઓ"},{"$i":"resend-message","$v":"આ સંદેશો ફરી મોકલો"},{"$i":"cancel-view-report","$v":"રદ કરો"},{"$i":"ok","$v":"ઑકે"},{"$i":"enter","$v":"દાખલ કરો"},{"$i":"open","$v":"ખોલો"},{"$i":"to","$v":"પ્રતિ"},{"$i":"new","$v":"નવું"},{"$i":"message","$v":"સંદેશ"},{"$i":"messagesInput_placeholder","$v":"સંદેશ"},{"$i":"messagesSubjectInput_placeholder","$v":"વિષય"},{"$i":"converted-to-mms","$v":"મલ્ટીમીડિયા સંદેશમાં રૂપાંતરિત કરી રહ્યાં છે."},{"$i":"converted-to-sms","$v":"ટેક્સ્ટ સંદેશમાં રૂપાંતરિત કરી રહ્યાં છે."},{"$i":"messages-max-length-text","$v":"તમે મહત્તમ લંબાઈ સુધી પહોંચી ગયા છો."},{"$i":"messages-max-subject-length-text","$v":"વિષયની મહત્તમ લંબાઈ સુધી પહોંચી ગયા."},{"$i":"multimedia-message-exceeded-max-length","$v":["એકલ મલ્ટીમીડિયા સંદેશની ",{"t":"idOrVar","v":"mmsSize"}," KB કદ સીમા તમે ઓળંગી છે સંદેશ મોકલવા માટે જોડાણો દૂર કરો અથવા તેને ટૂંકો કરો."]},{"$i":"newMessage","$v":"નવો સંદેશ"},{"$i":"sendMessage","$v":"સંદેશ મોકલો"},{"$i":"sendMMSToEmail","$v":"મલ્ટીમીડિયા સંદેશો મોકલો"},{"$i":"no-recipient","$v":"(કોઈ પ્રાપ્તકર્તા નથી)"},{"$i":"recipient","$v":{"one":[{"t":"idOrVar","v":"n"}," પ્રાપ્તકર્તા"],"two":[{"t":"idOrVar","v":"n"}," પ્રાપ્તકર્તા"],"few":[{"t":"idOrVar","v":"n"}," પ્રાપ્તકર્તા"],"many":[{"t":"idOrVar","v":"n"}," પ્રાપ્તકર્તા"],"other":[{"t":"idOrVar","v":"n"}," પ્રાપ્તકર્તા"]},"$x":[{"t":"idOrVar","v":"plural"},"n"]},{"$i":"attachmentSizeB","$v":[{"t":"idOrVar","v":"n"}," B"]},{"$i":"attachmentSizeKB","$v":[{"t":"idOrVar","v":"n"}," KB"]},{"$i":"attachmentSizeMB","$v":[{"t":"idOrVar","v":"n"}," MB"]},{"$i":"attachmentOpenError","$v":"આ ફાઇલ પ્રકાર ખોલવા માટે કોઈપણ એપ્લિકેશન ઉપલબ્ધ નથી."},{"$i":"remove","$v":"દૂર કરો"},{"$i":"participant","$v":{"one":[{"t":"idOrVar","v":"n"}," સહભાગી"],"two":[{"t":"idOrVar","v":"n"}," સહભાગી"],"few":[{"t":"idOrVar","v":"n"}," સહભાગી"],"many":[{"t":"idOrVar","v":"n"}," સહભાગી"],"other":[{"t":"idOrVar","v":"n"}," સહભાગી"]},"$x":[{"t":"idOrVar","v":"plural"},"n"]},{"$i":"message-report","$v":"સંદેશનો રિપોર્ટ"},{"$i":"message-type-sms","$v":"ટેક્સ્ટ સંદેશ (SMS)"},{"$i":"message-type-mms","$v":"મલ્ટિમીડિયા સંદેશ (MMS)"},{"$i":"sms-report-description","$v":["તમારો ટેક્સ્ટ સંદેશ (SMS), ",{"t":"idOrVar","v":"datetime"}," પર મોકલવામાં આવ્યો"]},{"$i":"mms-report-description","$v":["તમારો મલ્ટિમીડિયા સંદેશ (MMS), વિષય ",{"t":"idOrVar","v":"subject"},", ",{"t":"idOrVar","v":"datetime"}," પર મોકલવામાં આવ્યો"]},{"$i":"mms-no-subject-report-description","$v":["તમારો મલ્ટિમીડિયા સંદેશ (MMS), ",{"t":"idOrVar","v":"datetime"}," પર મોકલવામાં આવ્યો"]},{"$i":"message-subject","$v":"વિષય:"},{"$i":"report-status-error","$v":"સંદેશ મોકલી શકાયો નથી"},{"$i":"report-status-not-downloaded","$v":"ડાઉનલોડ કરેલ નથી"},{"$i":"report-status-delivered","$v":"વિતરિત:"},{"$i":"report-status-read","$v":"વંચાયેલ:"},{"$i":"report-status-pending","$v":"રિપોર્ટ માટે વિનંતી"},{"$i":"report-status-rejected","$v":"સંદેશ અસ્વીકૃત કરવામાં આવ્યો"},{"$i":"message-size-was","$v":"સંદેશનું કદ:"},{"$i":"report-dateTimeFormat12","$v":["%e %B %Y, ",{"t":"idOrVar","v":"shortTimeFormat12"}]},{"$i":"report-dateTimeFormat24","$v":["%e %B %Y, ",{"t":"idOrVar","v":"shortTimeFormat24"}]},{"$i":"report-to-title","$v":"પ્રતિ"},{"$i":"report-from-title","$v":"માંથી"},{"$i":"message-sent","$v":"મોકલેલ:"},{"$i":"message-sending","$v":[{"t":"idOrVar","v":"message-delivery-status-sending"}]},{"$i":"message-received","$v":"મેળવેલ:"},{"$i":"message-via","$v":"દ્વારા:"},{"$i":"message-resend","$v":"ફરીથી મોકલો"},{"$i":"search","$v":"શોધો"},{"$i":"unknown-contact-title","$v":"અજ્ઞાત સંપર્ક"},{"$i":"phone-type-separator","$v":", "},{"$i":"phone-carrier-separator","$v":" "},{"$i":"thread-participant-separator","$v":", "},{"$i":"replace-draft","$v":"મોજૂદ ડ્રાફ્ટ બદલો"},{"$i":"save-as-draft","$v":"સેવ કરો"},{"$i":"discard-message","$v":"દુર કરો"},{"$i":"discard-sms","$v":"શું તમે આ સંદેશ કાઢી નાખવા માંગો છો?"},{"$i":"discard-new-message","$v":"શું તમે કમ્પોઝ કરી રહેલ સંદેશ દૂર કરવો છે અને નવો સંદેશ ખોલવો છે?"},{"$i":"resend-confirmation","$v":"સંદેશ મોકલી શકાયો નથી. ફરીથી પ્રયાસ કરીએ?"},{"$i":"deleteMessage-confirmation","$v":"શું પસંદ કરેલ સંદેશ દૂર કરવા છે?"},{"$i":"deleteMessages-confirmation","$v":"શું પસંદ કરેલ સંદેશાઓ દૂર કરવા છે?"},{"$i":"deleteThreads-confirmation2","$v":{"one":"શું પસંદ કરેલ સંદેશ થ્રેડ દૂર કરવા છે?","other":"શું પસંદ કરેલ સંદેશ થ્રેડ્સ દૂર કરવા છે?"},"$x":[{"t":"idOrVar","v":"plural"},"n"]},{"$i":"new-message-notice-text","$v":"તરફથી નવો સંદેશ"},{"$i":"new-message-notice-a-text","$v":"તે વાંચો"},{"$i":"noMessages-title","$v":"કોઇ સંદેશ નથી"},{"$i":"noMessages-text","$v":"સંચાર શરૂ કરવા માટે નવો સંદેશ પ્રેસ કરો."},{"$i":"sendDefaultErrorTitle","$v":"સંદેશ મોકલવામાં આવ્યો નથી"},{"$i":"sendDefaultErrorBody","$v":"સંદેશ મોકલવામાં એક સમસ્યા આવી હતી. કૃપા કરી ફરી પ્રયાસ કરો."},{"$i":"sendDefaultErrorBtnOk","$v":"ઑકે"},{"$i":"sendMissingSimCardTitle","$v":"સિમ કાર્ડ ગુમ છે"},{"$i":"sendMissingSimCardBody","$v":"ચાલુ રાખવા માટે એક માન્ય સિમ કાર્ડ સામેલ કરો."},{"$i":"sendMissingSimCardBtnOk","$v":"ઑકે"},{"$i":"sendFlightModeTitle","$v":"એરપ્લેન મોડ સક્રિય કરવામાં આવ્યો"},{"$i":"sendFlightModeBody","$v":"સંદેશ મોકલવા માટે એરપ્લેન મોડ બંધ કરો."},{"$i":"sendFlightModeBtnOk","$v":"ઑકે"},{"$i":"radioDisabledToDownloadTitle","$v":[{"t":"idOrVar","v":"sendFlightModeTitle"}]},{"$i":"radioDisabledToDownloadBody","$v":"જોડાણો ડાઉનલોડ કરવા માટે એરપ્લેન મોડ બંધ કરો."},{"$i":"radioDisabledToDownloadBtnOk","$v":[{"t":"idOrVar","v":"sendFlightModeBtnOk"}]},{"$i":"fdnErrorTitle","$v":"FDN સક્રિય"},{"$i":"needConnectWifiBody","$v":"કોઇ સેલ્યુલર નેટવર્ક ઉપલબ્ધ નથી. મેસેજિંગ માટે ઉપલબ્ધ WiFi નેટવર્ક સાથે કનેક્ટ કરો."},{"$i":"needConnectWifiTitle","$v":"સંદેશ મોકલવામાં આવ્યો નથી"},{"$i":"sms-counter-notice-label","$v":["SMS ",{"t":"idOrVar","v":"number"}," સંપાદિત કરી રહ્યાં છીએ"]},{"$i":"fdnErrorBody","innerHTML":{"$x":[{"t":"idOrVar","v":"plural"},"n"],"$v":{"one":"FDN (ફિક્સ્ડ ડાયલિંગ નંબર) સક્રિય કરેલ છે. SMS કેન્દ્ર અને નીચે આપેલ પ્રાપ્તકર્તા તમારી FDN સૂચિમાં છે તેની ખાતરી કરી લો:","two":"FDN (ફિક્સ્ડ ડાયલિંગ નંબર) સક્રિય કરેલ છે. SMS કેન્દ્ર અને નીચે આપેલ પ્રાપ્તકર્તાઓ તમારી FDN સૂચિમાં છે કે નહીં તેની ખાતરી કરી લો:","few":"FDN (ફિક્સ્ડ ડાયલિંગ નંબર) સક્રિય કરેલ છે. SMS કેન્દ્ર અને નીચે આપેલ પ્રાપ્તકર્તાઓ તમારી FDN સૂચિમાં છે કે નહીં તેની ખાતરી કરી લો:","many":"FDN (ફિક્સ્ડ ડાયલિંગ નંબર) સક્રિય કરેલ છે. SMS કેન્દ્ર અને નીચે આપેલ પ્રાપ્તકર્તાઓ તમારી FDN સૂચિમાં છે કે નહીં તેની ખાતરી કરી લો:","other":"FDN (ફિક્સ્ડ ડાયલિંગ નંબર) સક્રિય કરેલ છે. SMS કેન્દ્ર અને નીચે આપેલ પ્રાપ્તકર્તાઓ તમારી FDN સૂચિમાં છે કે નહીં તેની ખાતરી કરી લો:"}}},{"$i":"fdnErrorBtnOk","$v":"ઑકે"},{"$i":"switchSimToRetrieveTitle","$v":"ડેટા કનેક્શન સ્વિચ કરો"},{"$i":"switchSimToRetrieveBody","$v":["MMS પુનઃપ્રાપ્ત કરવા માટે ડેટા કનેક્શનને સિમ ",{"t":"idOrVar","v":"nonActiveSIMId"}," પર સ્વિચ કરો. સિમ ",{"t":"idOrVar","v":"activeSimId"}," પર વર્તમાન ડેટા સ્થાનાંતરણ સ્થગિત કરવામાં આવશે. કોઈપણ રીતે ચાલુ રાખવા માગો છો ?"]},{"$i":"switchSimToRetrieveBtnOk","$v":"પછી"},{"$i":"switchSimToRetrieveConfirm","$v":"ઑકે"},{"$i":"switchSimToSendTitle","$v":[{"t":"idOrVar","v":"switchSimToRetrieveTitle"}]},{"$i":"switchSimToSendBody","$v":["MMS મોકલવા માટે ડેટા કનેક્શનને સિમ ",{"t":"idOrVar","v":"nonActiveSIMId"}," પર સ્વિચ કરો. સિમ ",{"t":"idOrVar","v":"activeSimId"}," પર વર્તમાન ડેટા સ્થાનાંતરણ સ્થગિત કરવામાં આવશે. કોઈપણ રીતે ચાલુ રાખવા માગો છો ?"]},{"$i":"switchSimToSendBtnOk","$v":[{"t":"idOrVar","v":"switchSimToRetrieveBtnOk"}]},{"$i":"switchSimToSendConfirm","$v":[{"t":"idOrVar","v":"switchSimToRetrieveConfirm"}]},{"$i":"sendNoSignalErrorTitle","$v":"કોઈ નેટવર્ક કવરેજ નથી"},{"$i":"sendNoSignalErrorBody","$v":"તમને મોબાઇલ સિગ્નલ મળે છે તેની ખાતરી કરી લો અને ફરીથી પ્રયાસ કરો."},{"$i":"sendNoSignalErrorBtnOk","$v":"ઑકે"},{"$i":"sendNotFoundErrorTitle","$v":"સંદેશ મળ્યો નથી"},{"$i":"sendNotFoundErrorBody","$v":"જે સંદેશો તમે શોધી રહ્યાં છો તે હવે ઉપલબ્ધ નથી."},{"$i":"sendNotFoundErrorBtnOk","$v":"ઑકે"},{"$i":"sendInvalidAddressErrorTitle","$v":"અમાન્ય નંબર"},{"$i":"sendInvalidAddressErrorBody","$v":"તમારા દ્વારા મોકલવામાં આવતો મોબાઇલ નંબર માન્ય છે તેની ખાતરી કરી લો."},{"$i":"sendInvalidAddressErrorBtnOk","$v":"ઑકે"},{"$i":"simNotMatchedErrorTitle","$v":"ડાઉનલોડ કરવામાં અસમર્થ"},{"$i":"simNotMatchedErrorBody","$v":"સંદેશ મેળવવા માટે ઉપયોગ કરવામાં આવેલ સિમ કાર્ડ જ સામેલ કરવામાં આવ્યું છે કે નહીં કૃપા કરી તેની ખાતરી કરી લો."},{"$i":"simNotMatchedErrorBtnOk","$v":"ઑકે"},{"$i":"deleted-sms","$v":"આ સંદેશ પહેલાંથી જ કાઢી નાખવામાં આવ્યો છે."},{"$i":"view-attachment-image","$v":"જુઓ"},{"$i":"view-attachment-audio","$v":"સાંભળો"},{"$i":"view-attachment-video","$v":"જુઓ"},{"$i":"view-attachment-other","$v":"જુઓ"},{"$i":"remove-attachment-image","$v":"ઇમેજ દૂર કરો"},{"$i":"remove-attachment-audio","$v":"ઑડિયો દૂર કરો"},{"$i":"remove-attachment-video","$v":"વિડિયો દૂર કરો"},{"$i":"remove-attachment-other","$v":"જોડાણ દૂર કરો"},{"$i":"replace-attachment-image","$v":"ઇમેજ બદલો"},{"$i":"replace-attachment-audio","$v":"ઑડિયો બદલો"},{"$i":"replace-attachment-video","$v":"વિડિયો બદલો"},{"$i":"replace-attachment-other","$v":"જોડાણ બદલો"},{"$i":"unsent-message-title","$v":"ન મોકલેલો સંદેશ"},{"$i":"unsent-message-description","$v":"તમારો પાછલો સંદેશ મોકલવામાં આવ્યો નથી. શું તમે ન મોકલેલ સંદેશ સંપાદિત કરવા અથવા તેને દૂર કરીને ચાલુ રાખવા માંગો છો?"},{"$i":"unsent-message-option-edit","$v":"સંપાદિત કરો"},{"$i":"unsent-message-option-discard","$v":"દુર કરો"},{"$i":"message-options","$v":"સંદેશના વિકલ્પો"},{"$i":"select-text","$v":"ટેક્સ્ટ પસંદ કરો"},{"$i":"mobile","$v":"મોબાઇલ"},{"$i":"home","$v":"ઘર"},{"$i":"work","$v":"વર્ક"},{"$i":"personal","$v":"વ્યક્તિગત"},{"$i":"faxHome","$v":"Fax  હોમ"},{"$i":"faxOffice","$v":"Fax  ઓફિસ"},{"$i":"faxOther","$v":"અન્ય Fax"},{"$i":"another","$v":"અન્ય"},{"$i":"other","$v":"અન્ય"},{"$i":"today","$v":"આજે"},{"$i":"yesterday","$v":"ગઈકાલ"},{"$i":"incorrectDate","$v":"(ખોટી તારીખ)"},{"$i":"addToExistingContact","$v":"કોઈ મોજૂદ સંપર્કમાં ઉમેરો"},{"$i":"createNewContact","$v":"નવો સંપર્ક બનાવો"},{"$i":"viewContact","$v":"સંપર્ક જુઓ"},{"$i":"sendEmail","$v":"ઇ-મેઇલ મોકલો"},{"$i":"mms-message","$v":"MMS સંદેશ"},{"$i":"notDownloaded-title","$v":"સંદેશ હજી સુધી ડાઉનલોડ કરવામાં આવ્યો નથી."},{"$i":"tobedownloaded-attachment","$v":["તમે મલ્ટીમીડિયા સંદેશ પ્રાપ્ત કર્યો છે, ",{"t":"idOrVar","v":"date"}," પહેલાં તેની માહિતી પુનઃપ્રાપ્ત કરવા માટે ડાઉનલોડ પ્રેસ કરો."]},{"$i":"expired-attachment","$v":["માફ કરશો, સંદેશની સમયસીમા ",{"t":"idOrVar","v":"date"}," પર સમાપ્ત થઈ છે અને તે ડાઉનલોડ કરી શકાતો નથી."]},{"$i":"download-attachment","$v":"ડાઉનલોડ કરો"},{"$i":"downloading-attachment","$v":"ડાઉનલોડ કરી રહ્યાં છે..."},{"$i":"download-complete","$v":"ડાઉનલોડ સંપૂર્ણ"},{"$i":"unnamed-attachment","$v":"અનટાઇટલ"},{"$i":"mms-label","$v":"MMS"},{"$i":"attached-files-too-large","$v":{"zero":["તમે પસંદ કરેલ ફાઈલો એકલ મલ્ટીમીડિયા સંદેશની ",{"t":"idOrVar","v":"mmsSize"}," KB કદ સીમા ઓળંગે છે."],"one":["તમે પસંદ કરેલ ફાઈલ એકલ મલ્ટીમીડિયા સંદેશની ",{"t":"idOrVar","v":"mmsSize"}," KB કદ સીમા ઓળંગે છે."],"two":["તમે પસંદ કરેલ ફાઈલો એકલ મલ્ટીમીડિયા સંદેશની ",{"t":"idOrVar","v":"mmsSize"}," KB કદ સીમા ઓળંગે છે."],"few":["તમે પસંદ કરેલ ફાઈલો એકલ મલ્ટીમીડિયા સંદેશની ",{"t":"idOrVar","v":"mmsSize"}," KB કદ સીમા ઓળંગે છે."],"many":["તમે પસંદ કરેલ ફાઈલો એકલ મલ્ટીમીડિયા સંદેશની ",{"t":"idOrVar","v":"mmsSize"}," KB કદ સીમા ઓળંગે છે."],"other":["તમે પસંદ કરેલ ફાઈલો એકલ મલ્ટીમીડિયા સંદેશની ",{"t":"idOrVar","v":"mmsSize"}," KB કદ સીમા ઓળંગે છે."]},"$x":[{"t":"idOrVar","v":"plural"},"n"]},{"$i":"resize-image","$v":"જોડાયેલ ઇમેજનું કદ બદલી રહ્યાં છે"},{"$i":"no-attachment-text","$v":"જોડેલી ફાઇલ સાથે એક સમસ્યા છે અને તે ડાઉનલોડ કરી શકાતી નથી."},{"$i":"message-draft-saved","$v":"સંદેશ ડ્રાફ્ટ રૂપે સાચવવામાં આવ્યો"},{"$i":"sim-id-label","$v":["સિમ ",{"t":"idOrVar","v":"id"}]},{"$i":"sim-detail","$v":["સિમ ",{"t":"idOrVar","v":"id"},", ",{"t":"idOrVar","v":"detailString"}]},{"$i":"dsds-notification-title-with-sim","$v":["(",{"t":"idOrVar","v":"sim"},") ",{"t":"idOrVar","v":"sender"}]},{"$i":"send-button","ariaLabel":"મોકલો"},{"$i":"send-button-sim-indication","$v":[{"t":"idOrVar","v":"n"}],"ariaLabel":["સિમ ",{"t":"idOrVar","v":"n"},"નો ઉપયોગ કરીને"]},{"$i":"expiry-date-format","$v":"%A, %b %e"},{"$i":"attach-button","ariaLabel":"એટેચમેન્ટ ઉમેરો"},{"$i":"contact-photo","ariaLabel":"સંપર્ક ફોટો"},{"$i":"unread-thread","ariaLabel":"નહિ વાંચેલ"},{"$i":"has-draft","ariaLabel":"ડ્રાફ્ટ છે"},{"$i":"is-draft","ariaLabel":"ડ્રાફ્ટ"},{"$i":"message-delivery-status-sending","$v":"મોકલી રહ્યા છીએ…"},{"$i":"message-delivery-status-delivered","ariaLabel":"ડીલીવર થયેલ"},{"$i":"message-delivery-status-read","ariaLabel":"વાંચો"},{"$i":"message-delivery-status-error","ariaLabel":"ત્રુટિ"},{"$i":"modal-dialog-ok-button","$v":"ઑકે"},{"$i":"modal-dialog-cancel-button","$v":"રદ કરો"},{"$i":"modal-dialog-default-title","$v":"સંદેશ"},{"$i":"tcl-delete-message","$v":"સંદેશ દૂર કરવામાં આવ્યો"},{"$i":"tcl-sending-message-toast","$v":"સંદેશ મોકલી રહ્યું છે ..."},{"$i":"tcl-message-converted-to-toast","$v":["સંદેશ ",{"t":"idOrVar","v":"type"},"માં રૂપાંતરિત કરવામાં આવ્યો"]},{"$i":"tcl-message-sent-toast","$v":"સંદેશ મોકલવામાં આવ્યો"},{"$i":"tcl-deleteMessage-confirmation2","$v":"શું પસંદ કરેલ સંદેશ થ્રેડ દૂર કરવા છે?"},{"$i":"tcl-deleted-message","$v":{"zero":"0 સંદેશ કાઢવામાં આવ્યો","one":[{"t":"idOrVar","v":"n"}," સંદેશ દૂર કરવામાં આવ્યો"],"two":[{"t":"idOrVar","v":"n"}," સંદેશાઓ દૂર કરવામાં આવ્યા"],"few":[{"t":"idOrVar","v":"n"}," સંદેશાઓ દૂર કરવામાં આવ્યા"],"many":[{"t":"idOrVar","v":"n"}," સંદેશાઓ દૂર કરવામાં આવ્યા"],"other":[{"t":"idOrVar","v":"n"}," સંદેશાઓ દૂર કરવામાં આવ્યા"]},"$x":[{"t":"idOrVar","v":"plural"},"n"]},{"$i":"tcl-deleted-threads","$v":{"zero":"0 થ્રેડ કાઢવામાં આવ્યો","one":"થ્રેડ દૂર કરવામાં આવ્યો","two":[{"t":"idOrVar","v":"n"}," સંદેશ થ્રેડ્સ દૂર કરવામાં આવ્યા"],"few":[{"t":"idOrVar","v":"n"}," સંદેશ થ્રેડ્સ દૂર કરવામાં આવ્યા"],"many":[{"t":"idOrVar","v":"n"}," સંદેશ થ્રેડ્સ દૂર કરવામાં આવ્યા"],"other":[{"t":"idOrVar","v":"n"}," સંદેશ થ્રેડ્સ દૂર કરવામાં આવ્યા"]},"$x":[{"t":"idOrVar","v":"plural"},"n"]},{"$i":"tcl-simSettings","$v":"માહિતી"},{"$i":"tcl-unknown-SMSC","$v":"માહિતી ઉપલબ્ધ નથી"},{"$i":"tcl-sim1","$v":"સેવા કેન્દ્ર સિમ1"},{"$i":"tcl-sim2","$v":"સેવા કેન્દ્ર સિમ2"},{"$i":"tcl-auto-retrieve","$v":"સ્વતઃ પુનઃપ્રાપ્ત કરો"},{"$i":"tcl-wapPushMessages","$v":"WAP પુશ સંદેશા"},{"$i":"tcl-wapPush","$v":"WAP પુશ"},{"$i":"tcl-wap-push-on","$v":"ચાલુ"},{"$i":"tcl-wap-push-off","$v":"બંધ"},{"$i":"tcl-auto-retrieve-messages","$v":"સંદેશાઓ સ્વતઃ પુનઃપ્રાપ્ત કરો"},{"$i":"tcl-manual-retrieve","$v":"બંધ"},{"$i":"tcl-auto-roaming-retrieve","$v":"રોમિંગમાં હોવાથી ચાલુ"},{"$i":"tcl-auto-no-roaming-retrieve","$v":"રોમિંગ વિના ચાલુ"},{"$i":"tcl-message-read-reports","$v":"રિપોર્ટ્સ વાંચો"},{"$i":"tcl-read-reports-on","$v":"ચાલુ"},{"$i":"tcl-read-reports-off","$v":"બંધ"},{"$i":"tcl-mmsTitle","$v":"મલ્ટીમીડિયા સંદેશ સેવા (MMS)"},{"$i":"tcl-message-delivery-reports","$v":"ડીલીવરી રીપોર્ટ"},{"$i":"tcl-delivery-reports-on","$v":"ચાલુ"},{"$i":"tcl-delivery-reports-off","$v":"બંધ"},{"$i":"tcl-message-confirmation","$v":"સંદેશની પુષ્ટિ"},{"$i":"tcl-messageReport-title","$v":"સંદેશની વિગતો"},{"$i":"tcl-mms-label","$v":"MMS"},{"$i":"tcl-sms-label","$v":"SMS"},{"$i":"tcl-messaging-settings","$v":"સંદેશ સેટિંગ્સ"},{"$i":"tcl-messagingSettings-header","$v":[{"t":"idOrVar","v":"tcl-messaging-settings"}]},{"$i":"tcl-confirmation-title","$v":"ખાતરી"},{"$i":"tcl-draft-save-content","$v":"શું ડ્રાફ્ટ તરીકે સેવ કરવું છે?"},{"$i":"tcl-draft-discard-content","$v":"સંદેશ દૂર કરવામાં આવ્યો"},{"$i":"tcl-switch-on","$v":"ચાલુ"},{"$i":"tcl-switch-off","$v":"બંધ"},{"$i":"tcl-delivery-report-desc","$v":"મોકલેલ દરેક સંદેશ માટે વિતરણના સૂચનાની વિનંતી કરો"},{"$i":"tcl-read-report-desc","$v":"મોકલેલ દરેક સંદેશ માટે વાંચેલ રિપોર્ટની વિનંતી કરો"},{"$i":"tcl-auto-retrieve-desc","$v":"સ્વતઃ સંદેશા પુનઃપ્રાપ્ત કરો"},{"$i":"tcl-confirm-dialog-ok","$v":"ઑકે"},{"$i":"tcl-yes","$v":"હા"},{"$i":"tcl-no","$v":"નહીં"},{"$i":"tcl-delete-current-thread?","$v":"શું પસંદ કરેલ સંદેશ થ્રેડ દૂર કરવા છે?"},{"$i":"tcl-attention","$v":"ધ્યાન આપો"},{"$i":"tcl-options","$v":"વિકલ્પ"},{"$i":"send-failed","$v":"મોકલવાનું નિષ્ફળ."},{"$i":"subject-removed","$v":"વિષય દૂર કરવામાં આવ્યો."},{"$i":"media-storage-limit-alert-title","$v":"સ્ટોરેજ ફૂલ"},{"$i":"media-storage-limit-alert-body","$v":"વધુ ખાલી જગ્યા મેળવવા માટે તમે અમુક મીડિયા ફાઇલો કાઢી શકો છો અથવા એપ્લિકેશન ડેટાને સંચાલિત કરી શકો છો."},{"$i":"media-storage-limit-alert-cancel","$v":"રદ કરો"},{"$i":"media-storage-limit-alert-setting","$v":"સેટિંગ્સ પર જાઓ"},{"$i":"email","$v":"ઈમેઈલ"},{"$i":"go","$v":"જાઓ"},{"$i":"weekday-0-long","$v":"રવિવાર"},{"$i":"weekday-1-long","$v":"સોમવાર"},{"$i":"weekday-2-long","$v":"મંગળવાર"},{"$i":"weekday-3-long","$v":"બુધવાર"},{"$i":"weekday-4-long","$v":"ગુરૂવાર"},{"$i":"weekday-5-long","$v":"શુક્રવાર"},{"$i":"weekday-6-long","$v":"શનિવાર"},{"$i":"weekday-0-short","$v":"રવિ"},{"$i":"weekday-1-short","$v":"સોમ"},{"$i":"weekday-2-short","$v":"મંગળ"},{"$i":"weekday-3-short","$v":"બુધ"},{"$i":"weekday-4-short","$v":"ગુરુ"},{"$i":"weekday-5-short","$v":"શુક્રવાર"},{"$i":"weekday-6-short","$v":"શનિ"},{"$i":"month-0-long","$v":"જાન્યુઆરી"},{"$i":"month-1-long","$v":"ફેબ્રુઆરી"},{"$i":"month-2-long","$v":"માર્ચ"},{"$i":"month-3-long","$v":"એપ્રિલ"},{"$i":"month-4-long","$v":"મે"},{"$i":"month-5-long","$v":"જૂન"},{"$i":"month-6-long","$v":"જુલાઈ"},{"$i":"month-7-long","$v":"ઓગસ્ટ"},{"$i":"month-8-long","$v":"સપ્ટેમ્બર"},{"$i":"month-9-long","$v":"ઓક્ટોબર"},{"$i":"month-10-long","$v":"નવેમ્બર"},{"$i":"month-11-long","$v":"ડિસેમ્બર"},{"$i":"month-0-genitive","$v":"જાન્યુઆરી"},{"$i":"month-1-genitive","$v":"ફેબ્રુઆરી"},{"$i":"month-2-genitive","$v":"માર્ચ"},{"$i":"month-3-genitive","$v":"એપ્રિલ"},{"$i":"month-4-genitive","$v":"મે"},{"$i":"month-5-genitive","$v":"જૂન"},{"$i":"month-6-genitive","$v":"જુલાઈ"},{"$i":"month-7-genitive","$v":"ઓગસ્ટ"},{"$i":"month-8-genitive","$v":"સપ્ટેમ્બર"},{"$i":"month-9-genitive","$v":"ઓક્ટોબર"},{"$i":"month-10-genitive","$v":"નવેમ્બર"},{"$i":"month-11-genitive","$v":"ડિસેમ્બર"},{"$i":"month-0-short","$v":"જાન્યુઆરી"},{"$i":"month-1-short","$v":"ફેબ્રુઆરી"},{"$i":"month-2-short","$v":"માર્ચ"},{"$i":"month-3-short","$v":"એપ્રિલ"},{"$i":"month-4-short","$v":"મે"},{"$i":"month-5-short","$v":"જૂન"},{"$i":"month-6-short","$v":"જુલાઈ"},{"$i":"month-7-short","$v":"ઓગસ્ટ"},{"$i":"month-8-short","$v":"સપ્ટેમ્બર"},{"$i":"month-9-short","$v":"ઓક્ટોબર"},{"$i":"month-10-short","$v":"નવેમ્બર"},{"$i":"month-11-short","$v":"ડિસેમ્બર"},{"$i":"minutes-ago-long","$v":{"zero":"અત્યારે જ","one":"એક મિનિટ પહેલાં","two":[{"t":"idOrVar","v":"value"}," મિનિટ પહેલા"],"few":[{"t":"idOrVar","v":"value"}," મિનિટ પહેલા"],"many":[{"t":"idOrVar","v":"value"}," મિનિટ પહેલા"],"other":[{"t":"idOrVar","v":"value"}," મિનિટ પહેલા"]},"$x":[{"t":"idOrVar","v":"plural"},"value"]},{"$i":"hours-ago-long","$v":{"zero":"અત્યારે જ","one":"એક કલાક પહેલાં","two":[{"t":"idOrVar","v":"value"}," કલાક પહેલા"],"few":[{"t":"idOrVar","v":"value"}," કલાક પહેલા"],"many":[{"t":"idOrVar","v":"value"}," કલાક પહેલા"],"other":[{"t":"idOrVar","v":"value"}," કલાક પહેલા"]},"$x":[{"t":"idOrVar","v":"plural"},"value"]},{"$i":"days-ago-long","$v":{"zero":"આજે","one":"ગઈકાલ","two":[{"t":"idOrVar","v":"value"}," દિવસ પહેલા"],"few":[{"t":"idOrVar","v":"value"}," દિવસ પહેલા"],"many":[{"t":"idOrVar","v":"value"}," દિવસ પહેલા"],"other":[{"t":"idOrVar","v":"value"}," દિવસ પહેલા"]},"$x":[{"t":"idOrVar","v":"plural"},"value"]},{"$i":"weeks-ago-long","$v":{"zero":"આ અઠવાડિયું","one":"ગયા અઠવાડિયે","two":[{"t":"idOrVar","v":"value"}," અઠવાડિયા પહેલા"],"few":[{"t":"idOrVar","v":"value"}," અઠવાડિયા પહેલા"],"many":[{"t":"idOrVar","v":"value"}," અઠવાડિયા પહેલા"],"other":[{"t":"idOrVar","v":"value"}," અઠવાડિયા પહેલા"]},"$x":[{"t":"idOrVar","v":"plural"},"value"]},{"$i":"months-ago-long","$v":{"zero":"આ મહિનો","one":"ગયા મહિને","two":[{"t":"idOrVar","v":"value"}," મહિના પહેલા"],"few":[{"t":"idOrVar","v":"value"}," મહિના પહેલા"],"many":[{"t":"idOrVar","v":"value"}," મહિના પહેલા"],"other":[{"t":"idOrVar","v":"value"}," મહિના પહેલા"]},"$x":[{"t":"idOrVar","v":"plural"},"value"]},{"$i":"years-ago-long","$v":{"zero":"આ વર્ષ","one":"ગયા વર્ષે","two":[{"t":"idOrVar","v":"value"}," વર્ષ પહેલા"],"few":[{"t":"idOrVar","v":"value"}," વર્ષ પહેલા"],"many":[{"t":"idOrVar","v":"value"}," વર્ષ પહેલા"],"other":[{"t":"idOrVar","v":"value"}," વર્ષ પહેલા"]},"$x":[{"t":"idOrVar","v":"plural"},"value"]},{"$i":"minutes-until-long","$v":{"zero":"હમણાં","one":"એક મિનિટમાં","two":[{"t":"idOrVar","v":"value"}," મિનિટમાં"],"few":[{"t":"idOrVar","v":"value"}," મિનિટમાં"],"many":[{"t":"idOrVar","v":"value"}," મિનિટમાં"],"other":[{"t":"idOrVar","v":"value"}," મિનિટમાં"]},"$x":[{"t":"idOrVar","v":"plural"},"value"]},{"$i":"hours-until-long","$v":{"zero":"હમણાં","one":"એક કલાકમાં","two":[{"t":"idOrVar","v":"value"}," કલાકમાં"],"few":[{"t":"idOrVar","v":"value"}," કલાકમાં"],"many":[{"t":"idOrVar","v":"value"}," કલાકમાં"],"other":[{"t":"idOrVar","v":"value"}," કલાકમાં"]},"$x":[{"t":"idOrVar","v":"plural"},"value"]},{"$i":"days-until-long","$v":{"zero":"આજે","one":"આવતીકાલ","two":[{"t":"idOrVar","v":"value"}," દિવસમાં"],"few":[{"t":"idOrVar","v":"value"}," દિવસમાં"],"many":[{"t":"idOrVar","v":"value"}," દિવસમાં"],"other":[{"t":"idOrVar","v":"value"}," દિવસમાં"]},"$x":[{"t":"idOrVar","v":"plural"},"value"]},{"$i":"weeks-until-long","$v":{"zero":"આ અઠવાડિયું","one":"આગળનું અઠવાડિયું","two":[{"t":"idOrVar","v":"value"}," અઠવાડિયામાં"],"few":[{"t":"idOrVar","v":"value"}," અઠવાડિયામાં"],"many":[{"t":"idOrVar","v":"value"}," અઠવાડિયામાં"],"other":[{"t":"idOrVar","v":"value"}," અઠવાડિયામાં"]},"$x":[{"t":"idOrVar","v":"plural"},"value"]},{"$i":"months-until-long","$v":{"zero":"આ મહિનો","one":"આગળનો મહિનો","two":[{"t":"idOrVar","v":"value"}," મહિનામાં"],"few":[{"t":"idOrVar","v":"value"}," મહિનામાં"],"many":[{"t":"idOrVar","v":"value"}," મહિનામાં"],"other":[{"t":"idOrVar","v":"value"}," મહિનામાં"]},"$x":[{"t":"idOrVar","v":"plural"},"value"]},{"$i":"years-until-long","$v":{"zero":"આ વર્ષ","one":"આગળનું વર્ષ","two":[{"t":"idOrVar","v":"value"}," વર્ષમાં"],"few":[{"t":"idOrVar","v":"value"}," વર્ષમાં"],"many":[{"t":"idOrVar","v":"value"}," વર્ષમાં"],"other":[{"t":"idOrVar","v":"value"}," વર્ષમાં"]},"$x":[{"t":"idOrVar","v":"plural"},"value"]},{"$i":"minutes-ago-short","$v":{"zero":"અત્યારે જ","other":[{"t":"idOrVar","v":"value"},"મિનિટ પહેલા"]},"$x":[{"t":"idOrVar","v":"plural"},"value"]},{"$i":"hours-ago-short","$v":{"zero":"અત્યારે જ","other":[{"t":"idOrVar","v":"value"},"કલાક પહેલા"]},"$x":[{"t":"idOrVar","v":"plural"},"value"]},{"$i":"days-ago-short","$v":{"zero":"આજે","other":[{"t":"idOrVar","v":"value"},"દિવસ પહેલા"]},"$x":[{"t":"idOrVar","v":"plural"},"value"]},{"$i":"minutes-until-short","$v":{"zero":"હમણાં","other":[{"t":"idOrVar","v":"value"},"મિનિટ માં"]},"$x":[{"t":"idOrVar","v":"plural"},"value"]},{"$i":"hours-until-short","$v":{"zero":"હમણાં","other":[{"t":"idOrVar","v":"value"},"કલાક માં"]},"$x":[{"t":"idOrVar","v":"plural"},"value"]},{"$i":"days-until-short","$v":{"zero":"આજે","other":[{"t":"idOrVar","v":"value"},"દિવસ માં"]},"$x":[{"t":"idOrVar","v":"plural"},"value"]},{"$i":"dateTimeFormat_%c","$v":"%a %b %e %Y %I:%M:%S %p"},{"$i":"dateTimeFormat_%x","$v":"%m/%d/%Y"},{"$i":"dateTimeFormat_%X","$v":"%I:%M:%S %p"},{"$i":"shortTimeFormat","$v":"%I:%M %p"},{"$i":"shortTimeFormat12","$v":"%I:%M %p"},{"$i":"shortTimeFormat24","$v":"%H:%M"},{"$i":"shortDateTimeFormat","$v":"%x %I:%M %p"},{"$i":"weekStartsOnMonday","$v":"0"},{"$i":"firstDayOfTheWeek","$v":"0"},{"$i":"time_am","$v":"AM"},{"$i":"time_pm","$v":"PM"},{"$i":"softkey-options","$v":"વિકલ્પ"},{"$i":"emergencyNumber","$v":"આપાતકાલીન નંબર"},{"$i":"callAirplaneModeMessage","$v":"કૉલ કરવા માટે તમને સેટિંગ્સમાં એરપ્લેન મોડ અક્ષમ કરવાની જરૂર છે."},{"$i":"callAirplaneModeBtnOk","$v":"ઑકે"},{"$i":"callAirplaneModeTitle","$v":"એરપ્લેન મોડ સક્રિય કરવામાં આવ્યો"},{"$i":"numberIsBusyTitle","$v":"નંબર વ્યસ્ત છે"},{"$i":"numberIsBusyMessage","$v":"નંબર હાલમાં વ્યસ્ત છે. કૃપા કરી ફરી પ્રયત્ન કરવા વિનંતી."},{"$i":"fdnIsActiveTitle","$v":"FDN સક્રિય"},{"$i":"fdnIsActiveMessage","$v":["FDN (ફિક્સ્ડ ડાયલિંગ નંબર) સક્રિય કરેલ છે અને નીચે આપેલ નંબર તમારી FDN લિસ્ટમાં નથી: ",{"t":"idOrVar","v":"number"}]},{"$i":"emergencyDialogBodyBadNumber","$v":"કૉલ કરવા માટે, ફોન નેટવર્ક સાથે કનેક્ટ કરેલો હોવો જોઈએ."},{"$i":"emergencyDialogBodyDeviceNotAccepted","$v":"આપાતકાલીન કૉલ્સ નેટવર્ક દ્વારા સ્વીકાર્ય નથી."},{"$i":"emergencyDialogBtnOk","$v":"ઑકે"},{"$i":"emergencyDialogTitle","$v":"કોઇ નેટવર્ક કનેક્શન નથી"},{"$i":"invalidNumberToDialTitle","$v":"અમાન્ય ફોન નંબર"},{"$i":"invalidNumberToDialMessage","$v":"જે ફોન નંબર પર તમે કૉલ કરી રહ્યાં છો તે માન્ય નથી."},{"$i":"unableToCallTitle","$v":"હાલમાં એક ફોન કૉલ કરવામાં અસમર્થ"},{"$i":"unableToCallMessage","$v":"કૉલ કરી શકાતો નથી. જો તમે પહેલાંથી જ ડાયલ કરતા હો તો, કૃપા કરી પહેલા મૂકી દો."},{"$i":"otherConnectionInUseTitle","$v":"અન્ય કનેક્શન ઉપયોગમાં છે"},{"$i":"otherConnectionInUseMessage","$v":"તમારી પાસે બીજા કનેક્શન પર એક સક્રિય કૉલ છે. તમે એક સમયે ફક્ત એક જ કનેક્શનનો ઉપયોગ કરી શકો છો."},{"$i":"connectingEllipsis","$v":"કનેક્ટ થઈ રહ્યું છે..."}]