[{"$i":"messages","$v":"संदेश"},{"$i":"deleteMessages-title","$v":"चुनिए"},{"$i":"selectThreads-title","$v":"चुनिए"},{"$i":"edit","$v":"संपादित करें"},{"$i":"back","$v":"वापस जाएं"},{"$i":"cancel","$v":"रद्द करना"},{"$i":"undo","$v":"अनडू करें"},{"$i":"done","$v":"हो गया"},{"$i":"delete","$v":"हटाएँ"},{"$i":"deleting-messages","$v":"हटाया जा रहा हैं ..."},{"$i":"select-all","$v":"सभी चुनें"},{"$i":"deselect-all","$v":"सभी का चयन हटाएं"},{"$i":"selected-threads","$v":{"zero":"0 चयनित","one":[{"t":"idOrVar","v":"n"}," चयनित"],"two":[{"t":"idOrVar","v":"n"}," चयनित"],"few":[{"t":"idOrVar","v":"n"}," चयनित"],"many":[{"t":"idOrVar","v":"n"}," चयनित"],"other":[{"t":"idOrVar","v":"n"}," चयनित"]},"$x":[{"t":"idOrVar","v":"plural"},"n"]},{"$i":"selected-messages","$v":{"zero":"0 चयनित","one":[{"t":"idOrVar","v":"n"}," चयनित"],"two":[{"t":"idOrVar","v":"n"}," चयनित"],"few":[{"t":"idOrVar","v":"n"}," चयनित"],"many":[{"t":"idOrVar","v":"n"}," चयनित"],"other":[{"t":"idOrVar","v":"n"}," चयनित"]},"$x":[{"t":"idOrVar","v":"plural"},"n"]},{"$i":"selectThreads-label","$v":"थ्रेड चुनें"},{"$i":"selectMessages-label","$v":"संदेश चुनें"},{"$i":"new-message","$v":"नया संदेश"},{"$i":"delete-thread","$v":"थ्रेड हटाएँ"},{"$i":"create-new-contact","$v":"नया संपर्क बनाएँ"},{"$i":"add-to-contact","$v":"किसी मौजूदा संपर्क में जोड़ें"},{"$i":"select-thread","$v":"थ्रेड चुनें"},{"$i":"settings","$v":"सेटिंग्स"},{"$i":"select","$v":"चुनिए"},{"$i":"sk-save-as-draft","$v":"ड्रॉफ़्ट के रूप में सेव करें"},{"$i":"send","$v":"भेजें"},{"$i":"add-contact","$v":"संपर्क जोड़ें"},{"$i":"add-suggestion","$v":"जोड़ें"},{"$i":"add-subject","$v":"विषय जोड़ें"},{"$i":"remove-subject","$v":"विषय हटाएं"},{"$i":"add-attachment","$v":"अटैचमेंट जोड़ें"},{"$i":"remove-attachment","$v":"अटैचमेंट हटाएं"},{"$i":"replace-attachment","$v":"अटैचमेंट बदलें"},{"$i":"select-messages","$v":"संदेश चुनें"},{"$i":"call","$v":"कॉल करें"},{"$i":"forward","$v":"फॉरवर्ड करें"},{"$i":"view-message-report","$v":"संदेश विवरण देखें"},{"$i":"resend-message","$v":"इस संदेश को पुनः भेजें"},{"$i":"cancel-view-report","$v":"रद्द करना"},{"$i":"ok","$v":"ठीक हैं"},{"$i":"enter","$v":"दर्ज करें"},{"$i":"open","$v":"खोलें"},{"$i":"to","$v":"प्रति"},{"$i":"new","$v":"नया"},{"$i":"message","$v":"संदेश"},{"$i":"messagesInput_placeholder","$v":"संदेश"},{"$i":"messagesSubjectInput_placeholder","$v":"विषय"},{"$i":"converted-to-mms","$v":"मल्टीमीडिया संदेश में रूपांतरित हो रहा हैं।"},{"$i":"converted-to-sms","$v":"टेक्स्ट संदेश में रूपांतरित हो रहा हैं।"},{"$i":"messages-max-length-text","$v":"आप अधिकतम लंबाई तक पहुंच गए हैं।"},{"$i":"messages-max-subject-length-text","$v":"विषय की अधिकतम लंबाई तक पहुँच गए।"},{"$i":"multimedia-message-exceeded-max-length","$v":["आप एकल मल्टीमीडिया संदेश की ",{"t":"idOrVar","v":"mmsSize"}," KB आकार सीमा को पार कर गए हैं. अटैचमेंट निकालें या संदेश को भेजने के लिए इसे छोटा कर दें।"]},{"$i":"newMessage","$v":"नया संदेश"},{"$i":"sendMessage","$v":"संदेश भेजें"},{"$i":"sendMMSToEmail","$v":"मल्टीमीडिया संदेश भेजें"},{"$i":"no-recipient","$v":"(कोई प्राप्तकर्ता नहीं)"},{"$i":"recipient","$v":{"one":[{"t":"idOrVar","v":"n"}," प्राप्तकर्ता"],"two":[{"t":"idOrVar","v":"n"}," प्राप्तकर्ता"],"few":[{"t":"idOrVar","v":"n"}," प्राप्तकर्ता"],"many":[{"t":"idOrVar","v":"n"}," प्राप्तकर्ता"],"other":[{"t":"idOrVar","v":"n"}," प्राप्तकर्ता"]},"$x":[{"t":"idOrVar","v":"plural"},"n"]},{"$i":"attachmentSizeB","$v":[{"t":"idOrVar","v":"n"}," B"]},{"$i":"attachmentSizeKB","$v":[{"t":"idOrVar","v":"n"}," KB"]},{"$i":"attachmentSizeMB","$v":[{"t":"idOrVar","v":"n"}," MB"]},{"$i":"attachmentOpenError","$v":"इस प्रकार की फ़ाइल को खोलने के लिए कोई ऐप्लिकेशन उपलब्ध नहीं हैं।"},{"$i":"remove","$v":"हटाएं"},{"$i":"participant","$v":{"one":[{"t":"idOrVar","v":"n"}," प्रतिभागी"],"two":[{"t":"idOrVar","v":"n"}," प्रतिभागी"],"few":[{"t":"idOrVar","v":"n"}," प्रतिभागी"],"many":[{"t":"idOrVar","v":"n"}," प्रतिभागी"],"other":[{"t":"idOrVar","v":"n"}," प्रतिभागी"]},"$x":[{"t":"idOrVar","v":"plural"},"n"]},{"$i":"message-report","$v":"संदेश का रिपोर्ट"},{"$i":"message-type-sms","$v":"टेक्स्ट संदेश (SMS)"},{"$i":"message-type-mms","$v":"मल्टीमीडिया संदेश (MMS)"},{"$i":"sms-report-description","$v":["आपका टेक्स्ट संदेश (SMS), ",{"t":"idOrVar","v":"datetime"}," को भेज दिया गया था"]},{"$i":"mms-report-description","$v":["आपका मल्टीमीडिया संदेश (MMS), विषय ",{"t":"idOrVar","v":"subject"},", ",{"t":"idOrVar","v":"datetime"}," को भेज दिया गया था"]},{"$i":"mms-no-subject-report-description","$v":["आपका मल्टीमीडिया संदेश (MMS), ",{"t":"idOrVar","v":"datetime"}," को भेज दिया गया था"]},{"$i":"message-subject","$v":"विषय:"},{"$i":"report-status-error","$v":"संदेश भेजा नहीं जा सका"},{"$i":"report-status-not-downloaded","$v":"डाउनलोड नहीं हुआ"},{"$i":"report-status-delivered","$v":"डिलीवर किया गया:"},{"$i":"report-status-read","$v":"पढ़ लिया:"},{"$i":"report-status-pending","$v":"रिपोर्ट का अनुरोध किया"},{"$i":"report-status-rejected","$v":"संदेश अस्वीकार किया गया"},{"$i":"message-size-was","$v":"संदेश का आकार:"},{"$i":"report-dateTimeFormat12","$v":["%e %B %Y, ",{"t":"idOrVar","v":"shortTimeFormat12"}]},{"$i":"report-dateTimeFormat24","$v":["%e %B %Y, ",{"t":"idOrVar","v":"shortTimeFormat24"}]},{"$i":"report-to-title","$v":"प्रति"},{"$i":"report-from-title","$v":"से"},{"$i":"message-sent","$v":"भेजा गया:"},{"$i":"message-sending","$v":[{"t":"idOrVar","v":"message-delivery-status-sending"}]},{"$i":"message-received","$v":"प्राप्त हुआ:"},{"$i":"message-via","$v":"इसके ज़रिए:"},{"$i":"message-resend","$v":"फिर से भेजें"},{"$i":"search","$v":"खोजें"},{"$i":"unknown-contact-title","$v":"अज्ञात संपर्क"},{"$i":"phone-type-separator","$v":", "},{"$i":"phone-carrier-separator","$v":" "},{"$i":"thread-participant-separator","$v":", "},{"$i":"replace-draft","$v":"मौजूदा ड्राफ्ट बदलें"},{"$i":"save-as-draft","$v":"सेव करें"},{"$i":"discard-message","$v":"हटाएं"},{"$i":"discard-sms","$v":"क्या आप इस संदेश को हटाना चाहते हैं?"},{"$i":"discard-new-message","$v":"जो संदेश आप लिख रहे हैं, उसे छोड़ें और नया संदेश खोलें?"},{"$i":"resend-confirmation","$v":"संदेश भेजा नहीं जा सका। दोबारा प्रयास करें?"},{"$i":"deleteMessage-confirmation","$v":"चयनित संदेश हटाएँ?"},{"$i":"deleteMessages-confirmation","$v":"चयनित संदेश हटाएँ?"},{"$i":"deleteThreads-confirmation2","$v":{"one":"चयनित संदेश थ्रेड हटाएँ?","other":"चयनित संदेश थ्रेड हटाएँ?"},"$x":[{"t":"idOrVar","v":"plural"},"n"]},{"$i":"new-message-notice-text","$v":"इससे नया संदेश"},{"$i":"new-message-notice-a-text","$v":"इसे पढ़ें"},{"$i":"noMessages-title","$v":"कोई संदेश नहीं हैं"},{"$i":"noMessages-text","$v":"संवाद शुरू करने के लिए नये संदेश पे दबाएँ।"},{"$i":"sendDefaultErrorTitle","$v":"संदेश नहीं भेजा गया"},{"$i":"sendDefaultErrorBody","$v":"संदेश भेजने में एक समस्या हुई थी कृपया पुनः प्रयास करें।"},{"$i":"sendDefaultErrorBtnOk","$v":"ठीक हैं"},{"$i":"sendMissingSimCardTitle","$v":"सिम कार्ड गुम हैं"},{"$i":"sendMissingSimCardBody","$v":"जारी रखने के लिए मान्य सिम कार्ड डालें।"},{"$i":"sendMissingSimCardBtnOk","$v":"ठीक हैं"},{"$i":"sendFlightModeTitle","$v":"एयरप्लेन मोड सक्रिय किया गया"},{"$i":"sendFlightModeBody","$v":"संदेश भेजने के लिए एयरप्लेन मोड ऑफ करें।"},{"$i":"sendFlightModeBtnOk","$v":"ठीक हैं"},{"$i":"radioDisabledToDownloadTitle","$v":[{"t":"idOrVar","v":"sendFlightModeTitle"}]},{"$i":"radioDisabledToDownloadBody","$v":"अटैचमेंट डाउनलोड करने के लिए एयरप्लेन मोड ऑफ करें।"},{"$i":"radioDisabledToDownloadBtnOk","$v":[{"t":"idOrVar","v":"sendFlightModeBtnOk"}]},{"$i":"fdnErrorTitle","$v":"FDN सक्रिय हैं"},{"$i":"needConnectWifiBody","$v":"कोई सेलुलर नेटवर्क उपलब्ध नहीं हैं। संदेश भेजने के लिए किसी उपलब्ध WiFi नेटवर्क से कनेक्ट करें।"},{"$i":"needConnectWifiTitle","$v":"संदेश नहीं भेजा गया"},{"$i":"sms-counter-notice-label","$v":["SMS ",{"t":"idOrVar","v":"number"}," संपादित हो रहा हैं"]},{"$i":"fdnErrorBody","innerHTML":{"$x":[{"t":"idOrVar","v":"plural"},"n"],"$v":{"one":"FDN (फिक्स्ड डायलिंग नंबर) सक्रिय हैं। सुनिश्चित करें कि SMS केंद्र और निम्न प्राप्तकर्ता आपकी FDN लिस्ट में हैं:","two":"FDN (फिक्स्ड डायलिंग नंबर) सक्रिय हैं। सुनिश्चित करें कि SMS केंद्र और निम्न प्राप्तकर्ता आपकी FDN लिस्ट में हैं:","few":"FDN (फिक्स्ड डायलिंग नंबर) सक्रिय हैं। सुनिश्चित करें कि SMS केंद्र और निम्न प्राप्तकर्ता आपकी FDN लिस्ट में हैं:","many":"FDN (फिक्स्ड डायलिंग नंबर) सक्रिय हैं। सुनिश्चित करें कि SMS केंद्र और निम्न प्राप्तकर्ता आपकी FDN लिस्ट में हैं:","other":"FDN (फिक्स्ड डायलिंग नंबर) सक्रिय हैं। सुनिश्चित करें कि SMS केंद्र और निम्न प्राप्तकर्ता आपकी FDN लिस्ट में हैं:"}}},{"$i":"fdnErrorBtnOk","$v":"ठीक हैं"},{"$i":"switchSimToRetrieveTitle","$v":"डेटा कनेक्शन स्विच करें"},{"$i":"switchSimToRetrieveBody","$v":["MMS को पुनर्प्राप्त करने के लिए सिम ",{"t":"idOrVar","v":"nonActiveSimId"}," पर डेटा कनेक्शन स्विच करें। सिम ",{"t":"idOrVar","v":"activeSimId"}," पर डेटा स्थानांतरण निलंबित कर दिया जाएगा। जारी रखें?"]},{"$i":"switchSimToRetrieveBtnOk","$v":"बाद में"},{"$i":"switchSimToRetrieveConfirm","$v":"ठीक हैं"},{"$i":"switchSimToSendTitle","$v":[{"t":"idOrVar","v":"switchSimToRetrieveTitle"}]},{"$i":"switchSimToSendBody","$v":["MMS भेजने के लिए सिम ",{"t":"idOrVar","v":"nonActiveSimId"}," पर डेटा कनेक्शन स्विच करें। सिम ",{"t":"idOrVar","v":"activeSimId"}," पर वर्तमान डेटा स्थानांतरण निलंबित कर दिया जाएगा। फिर भी जारी रखें?"]},{"$i":"switchSimToSendBtnOk","$v":[{"t":"idOrVar","v":"switchSimToRetrieveBtnOk"}]},{"$i":"switchSimToSendConfirm","$v":[{"t":"idOrVar","v":"switchSimToRetrieveConfirm"}]},{"$i":"sendNoSignalErrorTitle","$v":"कोई नेटवर्क कवरेज नहीं हैं"},{"$i":"sendNoSignalErrorBody","$v":"सुनिश्चित करें कि आपके पास मोबाइल सिग्नल हैं और फिर से प्रयास करें।"},{"$i":"sendNoSignalErrorBtnOk","$v":"ठीक हैं"},{"$i":"sendNotFoundErrorTitle","$v":"संदेश नहीं मिला"},{"$i":"sendNotFoundErrorBody","$v":"आप जिस संदेश को ढूंढ़ रहे हैं, वह नहीं हैं।"},{"$i":"sendNotFoundErrorBtnOk","$v":"ठीक हैं"},{"$i":"sendInvalidAddressErrorTitle","$v":"अवैध नंबर"},{"$i":"sendInvalidAddressErrorBody","$v":"सुनिश्चित करें कि जो मोबाइल नंबर आप भेज रहे हैं, वह मान्य हैं।"},{"$i":"sendInvalidAddressErrorBtnOk","$v":"ठीक हैं"},{"$i":"simNotMatchedErrorTitle","$v":"डाउनलोड करने में असमर्थ"},{"$i":"simNotMatchedErrorBody","$v":"कृपया सुनिश्चित करें कि इस संदेश को प्राप्त करने के लिए उपयोग किए गए सिम कार्ड को शामिल किया गया हैं।"},{"$i":"simNotMatchedErrorBtnOk","$v":"ठीक हैं"},{"$i":"deleted-sms","$v":"यह संदेश पहले ही हटा दिया गया हैं।"},{"$i":"view-attachment-image","$v":"देखें"},{"$i":"view-attachment-audio","$v":"सुनें"},{"$i":"view-attachment-video","$v":"देखें"},{"$i":"view-attachment-other","$v":"देखें"},{"$i":"remove-attachment-image","$v":"छवि हटाएं"},{"$i":"remove-attachment-audio","$v":"ऑडियो हटाएं"},{"$i":"remove-attachment-video","$v":"वीडियो हटाएं"},{"$i":"remove-attachment-other","$v":"अटैचमेंट हटाएं"},{"$i":"replace-attachment-image","$v":"छवि बदलें"},{"$i":"replace-attachment-audio","$v":"ऑडियो बदलें"},{"$i":"replace-attachment-video","$v":"वीडियो बदलें"},{"$i":"replace-attachment-other","$v":"अटैचमेंट बदलें"},{"$i":"unsent-message-title","$v":"न भेजा गया संदेश"},{"$i":"unsent-message-description","$v":"आपका पिछला संदेश भेजा नहीं गया था। आप नहीं भेजे गए संदेश को संपादित करना चाहते हैं या हटाना चाहते हैं और जारी रखना चाहते हैं?"},{"$i":"unsent-message-option-edit","$v":"संपादित करें"},{"$i":"unsent-message-option-discard","$v":"हटाएं"},{"$i":"message-options","$v":"संदेश के विकल्प"},{"$i":"select-text","$v":"टेक्स्ट चुनें"},{"$i":"mobile","$v":"मोबाइल"},{"$i":"home","$v":"होम"},{"$i":"work","$v":"वर्क"},{"$i":"personal","$v":"व्यक्तिगत"},{"$i":"faxHome","$v":"Fax होम"},{"$i":"faxOffice","$v":"Fax ऑफिस"},{"$i":"faxOther","$v":"अन्य Fax"},{"$i":"another","$v":"अन्य"},{"$i":"other","$v":"अन्य"},{"$i":"today","$v":"आज"},{"$i":"yesterday","$v":"बीता कल"},{"$i":"incorrectDate","$v":"(गलत दिनांक)"},{"$i":"addToExistingContact","$v":"किसी मौजूदा संपर्क में जोड़ें"},{"$i":"createNewContact","$v":"नया संपर्क बनाएँ"},{"$i":"viewContact","$v":"संपर्क देखें"},{"$i":"sendEmail","$v":"ईमेल भेजें"},{"$i":"mms-message","$v":"MMS संदेश"},{"$i":"notDownloaded-title","$v":"अभी तक संदेश डाउनलोड नहीं हुआ हैं ।"},{"$i":"tobedownloaded-attachment","$v":["आपको एक मल्टीमीडिया मेसेज प्राप्त हुआ, ",{"t":"idOrVar","v":"date"}," से पहले का अपना कॉन्टेंट दोबारा प्राप्त करने के लिए डाउनलोड दबाएं।"]},{"$i":"expired-attachment","$v":["क्षमा करें, संदेश की समय-सीमा ",{"t":"idOrVar","v":"date"}," को ख़तम हो गई और डाउनलोड नहीं किया जा सकता।"]},{"$i":"download-attachment","$v":"डाउनलोड करें"},{"$i":"downloading-attachment","$v":"डाउनलोड किया जा रहा हैं..."},{"$i":"download-complete","$v":"डाउनलोड पूर्ण हुआ"},{"$i":"unnamed-attachment","$v":"अन्टाइटल"},{"$i":"mms-label","$v":"MMS"},{"$i":"attached-files-too-large","$v":{"zero":["आपके द्वारा चुनी गई फ़ाइलों का आकार एकल मल्टीमीडिया संदेश की ",{"t":"idOrVar","v":"mmsSize"}," KB आकार सीमा से अधिक हो गया हैं।"],"one":["आपके द्वारा चुनी गई फ़ाइल का आकार एकल मल्टीमीडिया संदेश की ",{"t":"idOrVar","v":"mmsSize"}," KB आकार सीमा से अधिक हो गया हैं।"],"two":["आपके द्वारा चुनी गई फ़ाइलों का आकार एकल मल्टीमीडिया संदेश की ",{"t":"idOrVar","v":"mmsSize"}," KB आकार सीमा से अधिक हो गया हैं।"],"few":["आपके द्वारा चुनी गई फ़ाइलों का आकार एकल मल्टीमीडिया संदेश की ",{"t":"idOrVar","v":"mmsSize"}," KB आकार सीमा से अधिक हो गया हैं।"],"many":["आपके द्वारा चुनी गई फ़ाइलों का आकार एकल मल्टीमीडिया संदेश की ",{"t":"idOrVar","v":"mmsSize"}," KB आकार सीमा से अधिक हो गया हैं।"],"other":["आपके द्वारा चुनी गई फ़ाइलों का आकार एकल मल्टीमीडिया संदेश की ",{"t":"idOrVar","v":"mmsSize"}," KB आकार सीमा से अधिक हो गया हैं।"]},"$x":[{"t":"idOrVar","v":"plural"},"n"]},{"$i":"resize-image","$v":"अटैचकी गयी छवि का आकार बदला जा रहा हैं"},{"$i":"no-attachment-text","$v":"अटैच की गई फ़ाइल में एक समस्या हैं और इसे डाउनलोड नहीं किया जा सकता।"},{"$i":"message-draft-saved","$v":"संदेश ड्राफ्ट के रूप में सेव हुआ"},{"$i":"sim-id-label","$v":["सिम ",{"t":"idOrVar","v":"id"}]},{"$i":"sim-detail","$v":["सिम ",{"t":"idOrVar","v":"id"},", ",{"t":"idOrVar","v":"detailString"}]},{"$i":"dsds-notification-title-with-sim","$v":["(",{"t":"idOrVar","v":"sim"},") ",{"t":"idOrVar","v":"sender"}]},{"$i":"send-button","ariaLabel":"भेजें"},{"$i":"send-button-sim-indication","$v":[{"t":"idOrVar","v":"n"}],"ariaLabel":["सिम ",{"t":"idOrVar","v":"n"}," का उपयोग करते हुए"]},{"$i":"expiry-date-format","$v":"%A, %b %e"},{"$i":"attach-button","ariaLabel":"अटैचमेंट जोड़ें"},{"$i":"contact-photo","ariaLabel":"संपर्क फ़ोटो"},{"$i":"unread-thread","ariaLabel":"नही पढ़ा"},{"$i":"has-draft","ariaLabel":"ड्राफ़्ट हैं"},{"$i":"is-draft","ariaLabel":"ड्राफ्ट"},{"$i":"message-delivery-status-sending","$v":"भेजा जा रहा हैं…"},{"$i":"message-delivery-status-delivered","ariaLabel":"डिलीवर कर दिया गया"},{"$i":"message-delivery-status-read","ariaLabel":"पढ़ें"},{"$i":"message-delivery-status-error","ariaLabel":"त्रुटि"},{"$i":"modal-dialog-ok-button","$v":"ठीक हैं"},{"$i":"modal-dialog-cancel-button","$v":"रद्द करना"},{"$i":"modal-dialog-default-title","$v":"संदेश"},{"$i":"tcl-delete-message","$v":"संदेश हटाया गया"},{"$i":"tcl-sending-message-toast","$v":"संदेश भेजा जा रहा हैं..."},{"$i":"tcl-message-converted-to-toast","$v":["संदेश ",{"t":"idOrVar","v":"type"}," में रूपांतरित किया गया"]},{"$i":"tcl-message-sent-toast","$v":"संदेश भेजा गया"},{"$i":"tcl-deleteMessage-confirmation2","$v":"चयनित संदेश थ्रेड हटाएँ?"},{"$i":"tcl-deleted-message","$v":{"zero":"0 संदेश हटाया गया","one":[{"t":"idOrVar","v":"n"}," संदेश हटाया गया"],"two":[{"t":"idOrVar","v":"n"}," संदेश हटाए गए"],"few":[{"t":"idOrVar","v":"n"}," संदेश हटाए गए"],"many":[{"t":"idOrVar","v":"n"}," संदेश हटाए गए"],"other":[{"t":"idOrVar","v":"n"}," संदेश हटाए गए"]},"$x":[{"t":"idOrVar","v":"plural"},"n"]},{"$i":"tcl-deleted-threads","$v":{"zero":"0 थ्रेड हटाए गए","one":"थ्रेड हटाया गया","two":[{"t":"idOrVar","v":"n"}," संदेश थ्रेड हटाए गए"],"few":[{"t":"idOrVar","v":"n"}," संदेश थ्रेड हटाए गए"],"many":[{"t":"idOrVar","v":"n"}," संदेश थ्रेड हटाए गए"],"other":[{"t":"idOrVar","v":"n"}," संदेश थ्रेड हटाए गए"]},"$x":[{"t":"idOrVar","v":"plural"},"n"]},{"$i":"tcl-simSettings","$v":"जानकारी"},{"$i":"tcl-unknown-SMSC","$v":"जानकारी उपलब्ध नहीं हैं"},{"$i":"tcl-sim1","$v":"सिम1 सर्विस सेंटर"},{"$i":"tcl-sim2","$v":"सिम2 सर्विस सेंटर"},{"$i":"tcl-auto-retrieve","$v":"स्वतः पुनर्प्राप्त करें"},{"$i":"tcl-wapPushMessages","$v":"WAP पुश संदेश"},{"$i":"tcl-wapPush","$v":"WAP पुश"},{"$i":"tcl-wap-push-on","$v":"ऑन"},{"$i":"tcl-wap-push-off","$v":"ऑफ"},{"$i":"tcl-auto-retrieve-messages","$v":"संदेशों को स्वतः पुनर्प्राप्त करें"},{"$i":"tcl-manual-retrieve","$v":"ऑफ"},{"$i":"tcl-auto-roaming-retrieve","$v":"रोमिंग में होने पर ऑन"},{"$i":"tcl-auto-no-roaming-retrieve","$v":"रोमिंग के बिना ऑन"},{"$i":"tcl-message-read-reports","$v":"रिपोर्ट पढ़ें"},{"$i":"tcl-read-reports-on","$v":"ऑन"},{"$i":"tcl-read-reports-off","$v":"ऑफ"},{"$i":"tcl-mmsTitle","$v":"मल्टीमीडिया संदेश सेवा (MMS)"},{"$i":"tcl-message-delivery-reports","$v":"डिलीवरी रिपोर्ट"},{"$i":"tcl-delivery-reports-on","$v":"ऑन"},{"$i":"tcl-delivery-reports-off","$v":"ऑफ"},{"$i":"tcl-message-confirmation","$v":"संदेश पुष्टिकरण"},{"$i":"tcl-messageReport-title","$v":"संदेश विवरण"},{"$i":"tcl-mms-label","$v":"MMS"},{"$i":"tcl-sms-label","$v":"SMS"},{"$i":"tcl-messaging-settings","$v":"संदेश सेटिंग्स"},{"$i":"tcl-messagingSettings-header","$v":[{"t":"idOrVar","v":"tcl-messaging-settings"}]},{"$i":"tcl-confirmation-title","$v":"पुष्टिकरण"},{"$i":"tcl-draft-save-content","$v":"ड्रॉफ़्ट के रूप में सेव करें?"},{"$i":"tcl-draft-discard-content","$v":"संदेश हटाया गया"},{"$i":"tcl-switch-on","$v":"ऑन"},{"$i":"tcl-switch-off","$v":"ऑफ"},{"$i":"tcl-delivery-report-desc","$v":"भेजे गए प्रत्येक संदेश के लिए डिलीवरी सूचना का अनुरोध करें"},{"$i":"tcl-read-report-desc","$v":"भेजे गए प्रत्येक संदेश के लिए पढ़ने की रिपोर्ट का अनुरोध करें"},{"$i":"tcl-auto-retrieve-desc","$v":"संदेशों को अपने आप र्प्राप्त करें"},{"$i":"tcl-confirm-dialog-ok","$v":"ठीक हैं"},{"$i":"tcl-yes","$v":"हां"},{"$i":"tcl-no","$v":"नहीं"},{"$i":"tcl-delete-current-thread?","$v":"चयनित संदेश थ्रेड हटाएँ?"},{"$i":"tcl-attention","$v":"ध्यान दें"},{"$i":"tcl-options","$v":"विकल्प"},{"$i":"send-failed","$v":"भेजना विफल।"},{"$i":"subject-removed","$v":"विषय हटाया गया।"},{"$i":"media-storage-limit-alert-title","$v":"स्टोरेज भर गया"},{"$i":"media-storage-limit-alert-body","$v":"अधिक खाली स्थान प्राप्त करने के लिए आप कुछ मीडिया फ़ाइलों को हटा सकते हैं या एप्लिकेशन डेटा प्रबंधित कर सकते हैं।"},{"$i":"media-storage-limit-alert-cancel","$v":"रद्द करना"},{"$i":"media-storage-limit-alert-setting","$v":"सेटिंग्स में जाएं"},{"$i":"email","$v":"ईमेल"},{"$i":"go","$v":"जाएं"},{"$i":"weekday-0-long","$v":"रविवार"},{"$i":"weekday-1-long","$v":"सोमवार"},{"$i":"weekday-2-long","$v":"मंगलवार"},{"$i":"weekday-3-long","$v":"बुधवार"},{"$i":"weekday-4-long","$v":"गुरुवार"},{"$i":"weekday-5-long","$v":"शुक्रवार"},{"$i":"weekday-6-long","$v":"शनिवार"},{"$i":"weekday-0-short","$v":"रवि"},{"$i":"weekday-1-short","$v":"सोम"},{"$i":"weekday-2-short","$v":"मंगल"},{"$i":"weekday-3-short","$v":"बुध"},{"$i":"weekday-4-short","$v":"गुरु"},{"$i":"weekday-5-short","$v":"शुक्र"},{"$i":"weekday-6-short","$v":"शनि"},{"$i":"month-0-long","$v":"जनवरी"},{"$i":"month-1-long","$v":"फरवरी"},{"$i":"month-2-long","$v":"मार्च"},{"$i":"month-3-long","$v":"अप्रैल"},{"$i":"month-4-long","$v":"मई"},{"$i":"month-5-long","$v":"जून"},{"$i":"month-6-long","$v":"जुलाई"},{"$i":"month-7-long","$v":"अगस्त"},{"$i":"month-8-long","$v":"सितंबर"},{"$i":"month-9-long","$v":"अक्टूबर"},{"$i":"month-10-long","$v":"नवंबर"},{"$i":"month-11-long","$v":"दिसंबर"},{"$i":"month-0-genitive","$v":"जनवरी"},{"$i":"month-1-genitive","$v":"फरवरी"},{"$i":"month-2-genitive","$v":"मार्च"},{"$i":"month-3-genitive","$v":"अप्रैल"},{"$i":"month-4-genitive","$v":"मई"},{"$i":"month-5-genitive","$v":"जून"},{"$i":"month-6-genitive","$v":"जुलाई"},{"$i":"month-7-genitive","$v":"अगस्त"},{"$i":"month-8-genitive","$v":"सितंबर"},{"$i":"month-9-genitive","$v":"अक्टूबर"},{"$i":"month-10-genitive","$v":"नवंबर"},{"$i":"month-11-genitive","$v":"दिसंबर"},{"$i":"month-0-short","$v":"जनवरी"},{"$i":"month-1-short","$v":"फरवरी"},{"$i":"month-2-short","$v":"मार्च"},{"$i":"month-3-short","$v":"अप्रैल"},{"$i":"month-4-short","$v":"मई"},{"$i":"month-5-short","$v":"जून"},{"$i":"month-6-short","$v":"जुलाई"},{"$i":"month-7-short","$v":"अगस्त"},{"$i":"month-8-short","$v":"सितंबर"},{"$i":"month-9-short","$v":"अक्टूबर"},{"$i":"month-10-short","$v":"नवंबर"},{"$i":"month-11-short","$v":"दिसंबर"},{"$i":"minutes-ago-long","$v":{"zero":"अभी","one":"एक मिनट पहले","two":[{"t":"idOrVar","v":"value"}," मिनट पहले"],"few":[{"t":"idOrVar","v":"value"}," मिनट पहले"],"many":[{"t":"idOrVar","v":"value"}," मिनट पहले"],"other":[{"t":"idOrVar","v":"value"}," मिनट पहले"]},"$x":[{"t":"idOrVar","v":"plural"},"value"]},{"$i":"hours-ago-long","$v":{"zero":"अभी","one":"एक घंटे पहले","two":[{"t":"idOrVar","v":"value"}," घंटे पहले"],"few":[{"t":"idOrVar","v":"value"}," घंटे पहले"],"many":[{"t":"idOrVar","v":"value"}," घंटे पहले"],"other":[{"t":"idOrVar","v":"value"}," घंटे पहले"]},"$x":[{"t":"idOrVar","v":"plural"},"value"]},{"$i":"days-ago-long","$v":{"zero":"आज","one":"बीता कल","two":[{"t":"idOrVar","v":"value"}," दिनों पहले"],"few":[{"t":"idOrVar","v":"value"}," दिनों पहले"],"many":[{"t":"idOrVar","v":"value"}," दिनों पहले"],"other":[{"t":"idOrVar","v":"value"}," दिनों पहले"]},"$x":[{"t":"idOrVar","v":"plural"},"value"]},{"$i":"weeks-ago-long","$v":{"zero":"इस सप्ताह","one":"पिछले सप्ताह","two":[{"t":"idOrVar","v":"value"}," सप्ताह पहले"],"few":[{"t":"idOrVar","v":"value"}," सप्ताह पहले"],"many":[{"t":"idOrVar","v":"value"}," सप्ताह पहले"],"other":[{"t":"idOrVar","v":"value"}," सप्ताह पहले"]},"$x":[{"t":"idOrVar","v":"plural"},"value"]},{"$i":"months-ago-long","$v":{"zero":"इस महीने","one":"पिछले महीने","two":[{"t":"idOrVar","v":"value"}," महीनों पहले"],"few":[{"t":"idOrVar","v":"value"}," महीनों पहले"],"many":[{"t":"idOrVar","v":"value"}," महीनों पहले"],"other":[{"t":"idOrVar","v":"value"}," महीनों पहले"]},"$x":[{"t":"idOrVar","v":"plural"},"value"]},{"$i":"years-ago-long","$v":{"zero":"इस वर्ष","one":"पिछले वर्ष","two":[{"t":"idOrVar","v":"value"}," वर्ष पहले"],"few":[{"t":"idOrVar","v":"value"}," वर्ष पहले"],"many":[{"t":"idOrVar","v":"value"}," वर्ष पहले"],"other":[{"t":"idOrVar","v":"value"}," वर्ष पहले"]},"$x":[{"t":"idOrVar","v":"plural"},"value"]},{"$i":"minutes-until-long","$v":{"zero":"अभी","one":"एक मिनट में","two":[{"t":"idOrVar","v":"value"}," मिनट में"],"few":[{"t":"idOrVar","v":"value"}," मिनट में"],"many":[{"t":"idOrVar","v":"value"}," मिनट में"],"other":[{"t":"idOrVar","v":"value"}," मिनट में"]},"$x":[{"t":"idOrVar","v":"plural"},"value"]},{"$i":"hours-until-long","$v":{"zero":"अभी","one":"एक घंटे में","two":[{"t":"idOrVar","v":"value"}," घंटों में"],"few":[{"t":"idOrVar","v":"value"}," घंटों में"],"many":[{"t":"idOrVar","v":"value"}," घंटों में"],"other":[{"t":"idOrVar","v":"value"}," घंटों में"]},"$x":[{"t":"idOrVar","v":"plural"},"value"]},{"$i":"days-until-long","$v":{"zero":"आज","one":"कल","two":[{"t":"idOrVar","v":"value"}," दिनों में"],"few":[{"t":"idOrVar","v":"value"}," दिनों में"],"many":[{"t":"idOrVar","v":"value"}," दिनों में"],"other":[{"t":"idOrVar","v":"value"}," दिनों में"]},"$x":[{"t":"idOrVar","v":"plural"},"value"]},{"$i":"weeks-until-long","$v":{"zero":"इस सप्ताह","one":"अगले सप्ताह","two":[{"t":"idOrVar","v":"value"}," सप्ताह में"],"few":[{"t":"idOrVar","v":"value"}," सप्ताह में"],"many":[{"t":"idOrVar","v":"value"}," सप्ताह में"],"other":[{"t":"idOrVar","v":"value"}," सप्ताह में"]},"$x":[{"t":"idOrVar","v":"plural"},"value"]},{"$i":"months-until-long","$v":{"zero":"इस महीने","one":"अगले महीने","two":[{"t":"idOrVar","v":"value"}," महीनो में"],"few":[{"t":"idOrVar","v":"value"}," महीनो में"],"many":[{"t":"idOrVar","v":"value"}," महीनो में"],"other":[{"t":"idOrVar","v":"value"}," महीनो में"]},"$x":[{"t":"idOrVar","v":"plural"},"value"]},{"$i":"years-until-long","$v":{"zero":"इस वर्ष","one":"अगले वर्ष","two":[{"t":"idOrVar","v":"value"}," वर्षों में"],"few":[{"t":"idOrVar","v":"value"}," वर्षों में"],"many":[{"t":"idOrVar","v":"value"}," वर्षों में"],"other":[{"t":"idOrVar","v":"value"}," वर्षों में"]},"$x":[{"t":"idOrVar","v":"plural"},"value"]},{"$i":"minutes-ago-short","$v":{"zero":"अभी","other":[{"t":"idOrVar","v":"value"}," मिनट पहले"]},"$x":[{"t":"idOrVar","v":"plural"},"value"]},{"$i":"hours-ago-short","$v":{"zero":"अभी","other":[{"t":"idOrVar","v":"value"}," घंटे पहले"]},"$x":[{"t":"idOrVar","v":"plural"},"value"]},{"$i":"days-ago-short","$v":{"zero":"आज","other":[{"t":"idOrVar","v":"value"}," दिनों पहले"]},"$x":[{"t":"idOrVar","v":"plural"},"value"]},{"$i":"minutes-until-short","$v":{"zero":"अभी","other":[{"t":"idOrVar","v":"value"},"मिनिट में"]},"$x":[{"t":"idOrVar","v":"plural"},"value"]},{"$i":"hours-until-short","$v":{"zero":"अभी","other":[{"t":"idOrVar","v":"value"},"घंटे में"]},"$x":[{"t":"idOrVar","v":"plural"},"value"]},{"$i":"days-until-short","$v":{"zero":"आज","other":[{"t":"idOrVar","v":"value"},"दिन में"]},"$x":[{"t":"idOrVar","v":"plural"},"value"]},{"$i":"dateTimeFormat_%c","$v":"%a %b %e %Y %I:%M:%S %p"},{"$i":"dateTimeFormat_%x","$v":"%m/%d/%Y"},{"$i":"dateTimeFormat_%X","$v":"%I:%M:%S %p"},{"$i":"shortTimeFormat","$v":"%I:%M %p"},{"$i":"shortTimeFormat12","$v":"%I:%M %p"},{"$i":"shortTimeFormat24","$v":"%H:%M"},{"$i":"shortDateTimeFormat","$v":"%x %I:%M %p"},{"$i":"weekStartsOnMonday","$v":"0"},{"$i":"firstDayOfTheWeek","$v":"0"},{"$i":"time_am","$v":"AM"},{"$i":"time_pm","$v":"PM"},{"$i":"softkey-options","$v":"विकल्प"},{"$i":"emergencyNumber","$v":"आपातकालीन नंबर"},{"$i":"callAirplaneModeMessage","$v":"कॉल करने के लिए आपको सेटिंगस में जाकर एयरप्लेन मोड को अक्षम करना होगा।"},{"$i":"callAirplaneModeBtnOk","$v":"ठीक हैं"},{"$i":"callAirplaneModeTitle","$v":"एयरप्लेन मोड सक्रिय किया गया"},{"$i":"numberIsBusyTitle","$v":"नंबर व्यस्त हैं"},{"$i":"numberIsBusyMessage","$v":"नंबर वर्तमान में व्यस्त हैं। कृपया पुनः प्रयास करें।"},{"$i":"fdnIsActiveTitle","$v":"FDN सक्रिय हैं"},{"$i":"fdnIsActiveMessage","$v":["FDN (फिक्स्ड डायलिंग नंबर) सक्रिय हैं और निम्न नंबर आपकी FDN लिस्ट में नहीं हैं: ",{"t":"idOrVar","v":"number"}]},{"$i":"emergencyDialogBodyBadNumber","$v":"कॉल करने के लिए, फ़ोन को किसी नेटवर्क से कनेक्ट करना चाहिए।"},{"$i":"emergencyDialogBodyDeviceNotAccepted","$v":"नेटवर्क द्वारा आपातकालीन कॉल की अनुमति नहीं हैं।"},{"$i":"emergencyDialogBtnOk","$v":"ठीक हैं"},{"$i":"emergencyDialogTitle","$v":"कोई नेटवर्क कनेक्शन नहीं हैं"},{"$i":"invalidNumberToDialTitle","$v":"अमान्य फ़ोन नंबर"},{"$i":"invalidNumberToDialMessage","$v":"आप जिस फ़ोन नंबर पर कॉल कर रहे हैं, वह मान्य नहीं हैं।"},{"$i":"unableToCallTitle","$v":"अभी फ़ोन कॉल करने में असमर्थ"},{"$i":"unableToCallMessage","$v":"कॉल नहीं की जा सकती। अगर आप पहले से डायल कर रहे हैं, तो कृपया पहले उसे रोक दें।"},{"$i":"otherConnectionInUseTitle","$v":"अन्य कनेक्शन उपयोग में हैं"},{"$i":"otherConnectionInUseMessage","$v":"आपके पास किसी अन्य कनेक्शन पर एक सक्रिय कॉल हैं। आप एक समय में केवल एक कनेक्शन का उपयोग कर सकते हैं।"},{"$i":"connectingEllipsis","$v":"कनेक्ट हो रहा हैं.."}]