[{"$i":"messages","$v":"ಸಂದೇಶ"},{"$i":"deleteMessages-title","$v":"ಆಯ್ಕೆ ಮಾಡಿ"},{"$i":"selectThreads-title","$v":"ಆಯ್ಕೆ ಮಾಡಿ"},{"$i":"edit","$v":"ಸಂಪಾದಿಸಿ"},{"$i":"back","$v":"ಹಿಂದೆ"},{"$i":"cancel","$v":"ರದ್ದು ಮಾಡಿ"},{"$i":"undo","$v":"ಅಂಡು ಮಾಡಿ"},{"$i":"done","$v":"ಮುಗಿದಿದೆ"},{"$i":"delete","$v":"ಅಳಿಸಿ"},{"$i":"deleting-messages","$v":"ಅಳಿಸಲಾಗುತ್ತಿದೆ..."},{"$i":"select-all","$v":"ಎಲ್ಲ ಆಯ್ಕೆ ಮಾಡಿ"},{"$i":"deselect-all","$v":"ಎಲ್ಲ ಆಯ್ಕೆ ತೆಗೆಯಿರಿ"},{"$i":"selected-threads","$v":{"zero":"0 ಆಯ್ಕೆ ಮಾಡಲಾಗಿದೆ","one":[{"t":"idOrVar","v":"n"}," ಆಯ್ಕೆ ಮಾಡಲಾಗಿದೆ"],"two":[{"t":"idOrVar","v":"n"}," ಆಯ್ಕೆ ಮಾಡಲಾಗಿದೆ"],"few":[{"t":"idOrVar","v":"n"}," ಆಯ್ಕೆ ಮಾಡಲಾಗಿದೆ"],"many":[{"t":"idOrVar","v":"n"}," ಆಯ್ಕೆ ಮಾಡಲಾಗಿದೆ"],"other":[{"t":"idOrVar","v":"n"}," ಆಯ್ಕೆ ಮಾಡಲಾಗಿದೆ"]},"$x":[{"t":"idOrVar","v":"plural"},"n"]},{"$i":"selected-messages","$v":{"zero":"0 ಆಯ್ಕೆ ಮಾಡಲಾಗಿದೆ","one":[{"t":"idOrVar","v":"n"}," ಆಯ್ಕೆ ಮಾಡಲಾಗಿದೆ"],"two":[{"t":"idOrVar","v":"n"}," ಆಯ್ಕೆ ಮಾಡಲಾಗಿದೆ"],"few":[{"t":"idOrVar","v":"n"}," ಆಯ್ಕೆ ಮಾಡಲಾಗಿದೆ"],"many":[{"t":"idOrVar","v":"n"}," ಆಯ್ಕೆ ಮಾಡಲಾಗಿದೆ"],"other":[{"t":"idOrVar","v":"n"}," ಆಯ್ಕೆ ಮಾಡಲಾಗಿದೆ"]},"$x":[{"t":"idOrVar","v":"plural"},"n"]},{"$i":"selectThreads-label","$v":"ಥ್ರೆಡ್‌ಗಳನ್ನು ಆಯ್ಕೆ ಮಾಡಿ"},{"$i":"selectMessages-label","$v":"ಸಂದೇಶಗಳನ್ನು ಆಯ್ಕೆ ಮಾಡಿ"},{"$i":"new-message","$v":"ಹೊಸ ಸಂದೇಶ"},{"$i":"delete-thread","$v":"ಥ್ರೆಡ್ ಅಳಿಸಿ"},{"$i":"create-new-contact","$v":"ಹೊಸ ಸಂಪರ್ಕವನ್ನು ರಚಿಸಿ"},{"$i":"add-to-contact","$v":"ಅಸ್ತಿತ್ವದಲ್ಲಿರುವ ಸಂಪರ್ಕಕ್ಕೆ ಸೇರಿಸಿ"},{"$i":"select-thread","$v":"ಥ್ರೆಡ್ ಆಯ್ಕೆ ಮಾಡಿ"},{"$i":"settings","$v":"ಸೆಟ್ಟಿಂಗ್ಸ್"},{"$i":"select","$v":"ಆಯ್ಕೆ ಮಾಡಿ"},{"$i":"sk-save-as-draft","$v":"ಡ್ರಾಫ್ಟ್‌ ಆಗಿ ಉಳಿಸಿ"},{"$i":"send","$v":"ಕಳುಹಿಸಿ"},{"$i":"add-contact","$v":"ಸಂಪರ್ಕವನ್ನು ಸೇರಿಸಿ"},{"$i":"add-suggestion","$v":"ಸೇರಿಸಿ"},{"$i":"add-subject","$v":"ವಿಷಯ ಸೇರಿಸಿ"},{"$i":"remove-subject","$v":"ವಿಷಯ ತೆಗೆದುಹಾಕಿ"},{"$i":"add-attachment","$v":"ಅಟ್ಯಾಚ್‌ಮೆಂಟ್ ಸೇರಿಸಿ"},{"$i":"remove-attachment","$v":"ಅಟ್ಯಾಚ್‌ಮೆಂಟ್ ತೆಗೆದುಹಾಕಿ"},{"$i":"replace-attachment","$v":"ಅಟ್ಯಾಚ್‌ಮೆಂಟ್ ಬದಲಿಸಿ"},{"$i":"select-messages","$v":"ಸಂದೇಶಗಳನ್ನು ಆಯ್ಕೆ ಮಾಡಿ"},{"$i":"call","$v":"ಕಾಲ್ ಮಾಡಿ"},{"$i":"forward","$v":"ಫಾರ್ವರ್ಡ್ ಮಾಡಿ"},{"$i":"view-message-report","$v":"ಸಂದೇಶ ವಿವರಗಳನ್ನು ವೀಕ್ಷಿಸಿ"},{"$i":"resend-message","$v":"ಈ ಸಂದೇಶ ಪುನಃ ಕಳುಹಿಸಿ"},{"$i":"cancel-view-report","$v":"ರದ್ದು ಮಾಡಿ"},{"$i":"ok","$v":"ಸರಿ"},{"$i":"enter","$v":"ನಮೂದಿಸಿ"},{"$i":"open","$v":"ತೆರೆಯಿರಿ"},{"$i":"to","$v":"ಇವರಿಗೆ"},{"$i":"new","$v":"ಹೊಸ"},{"$i":"message","$v":"ಸಂದೇಶ"},{"$i":"messagesInput_placeholder","$v":"ಸಂದೇಶ"},{"$i":"messagesSubjectInput_placeholder","$v":"ವಿಷಯ"},{"$i":"converted-to-mms","$v":"ಮಲ್ಟಿಮೀಡಿಯಾ ಸಂದೇಶವಾಗಿ ಮಾರ್ಪಡಿಸುತ್ತಿದೆ."},{"$i":"converted-to-sms","$v":"ಟೆಕ್ಸ್ಟ್ ಸಂದೇಶಕ್ಕೆ ಮಾರ್ಪಡಿಸಲಾಗುತ್ತಿದೆ."},{"$i":"messages-max-length-text","$v":"ನೀವು ಗರಿಷ್ಠ ಉದ್ದವನ್ನು ತಲುಪಿದ್ದೀರಿ."},{"$i":"messages-max-subject-length-text","$v":"ವಿಷಯದ ಗರಿಷ್ಠ ಸಂಖ್ಯೆ ತಲುಪಿದೆ."},{"$i":"multimedia-message-exceeded-max-length","$v":["ನೀವು ಒಂದು ಮಲ್ಟಿಮೀಡಿಯಾ ಸಂದೇಶದ ",{"t":"idOrVar","v":"mmsSize"},"KB ಗಾತ್ರ ಮಿತಿಯನ್ನು ಮೀರಿದ್ದೀರಿ. ಅಟ್ಯಾಚ್‌ಮೆಂಟ್ ತೆಗೆದುಹಾಕಿ ಅಥವಾ ಕಳುಹಿಸಲು ಸಂದೇಶ ಸಣ್ಣದಾಗಿಸಿ."]},{"$i":"newMessage","$v":"ಹೊಸ ಸಂದೇಶ"},{"$i":"sendMessage","$v":"ಸಂದೇಶ ಕಳುಹಿಸಿ"},{"$i":"sendMMSToEmail","$v":"ಮಲ್ಟಿಮೀಡಿಯಾ ಸಂದೇಶ ಕಳುಹಿಸಿ"},{"$i":"no-recipient","$v":"(ಸ್ವೀಕರಿಸುವವರಿಲ್ಲ)"},{"$i":"recipient","$v":{"one":[{"t":"idOrVar","v":"n"}," ಸ್ವೀಕರಿಸುವವರು"],"two":[{"t":"idOrVar","v":"n"}," ಸ್ವೀಕರಿಸುವವರು"],"few":[{"t":"idOrVar","v":"n"}," ಸ್ವೀಕರಿಸುವವರು"],"many":[{"t":"idOrVar","v":"n"}," ಸ್ವೀಕರಿಸುವವರು"],"other":[{"t":"idOrVar","v":"n"}," ಸ್ವೀಕರಿಸುವವರು"]},"$x":[{"t":"idOrVar","v":"plural"},"n"]},{"$i":"attachmentSizeB","$v":[{"t":"idOrVar","v":"n"}," B"]},{"$i":"attachmentSizeKB","$v":[{"t":"idOrVar","v":"n"}," KB"]},{"$i":"attachmentSizeMB","$v":[{"t":"idOrVar","v":"n"}," MB"]},{"$i":"attachmentOpenError","$v":"ಈ ಫೈಲ್ ವಿಧವನ್ನು ತೆರೆಯಲು ಯಾವುದೇ ಅಪ್ಲಿಕೇಶನ್ ಲಭ್ಯವಿಲ್ಲ."},{"$i":"remove","$v":"ತೆಗೆದುಹಾಕಿ"},{"$i":"participant","$v":{"one":[{"t":"idOrVar","v":"n"}," ಭಾಗವಹಿಸುವವರು"],"two":[{"t":"idOrVar","v":"n"}," ಭಾಗವಹಿಸುವವರು"],"few":[{"t":"idOrVar","v":"n"}," ಭಾಗವಹಿಸುವವರು"],"many":[{"t":"idOrVar","v":"n"}," ಭಾಗವಹಿಸುವವರು"],"other":[{"t":"idOrVar","v":"n"}," ಭಾಗವಹಿಸುವವರು"]},"$x":[{"t":"idOrVar","v":"plural"},"n"]},{"$i":"message-report","$v":"ಸಂದೇಶ ವರದಿ"},{"$i":"message-type-sms","$v":"ಟೆಕ್ಸ್ಟ್ ಸಂದೇಶ (SMS)"},{"$i":"message-type-mms","$v":"ಮಲ್ಟಿಮೀಡಿಯಾ ಸಂದೇಶ (MMS)"},{"$i":"sms-report-description","$v":["ನಿಮ್ಮ ಟೆಕ್ಸ್ಟ್ ಸಂದೇಶ (SMS)ವನ್ನು ",{"t":"idOrVar","v":"datetime"},"ರಂದು ಕಳುಹಿಸಲಾಗಿದೆ"]},{"$i":"mms-report-description","$v":["ನಿಮ್ಮ ಮಲ್ಟಿಮೀಡಿಯಾ ಸಂದೇಶ (MMS), ವಿಷಯ ",{"t":"idOrVar","v":"subject"}," ಅನ್ನು ",{"t":"idOrVar","v":"datetime"},"ರಂದು ಕಳುಹಿಸಲಾಗಿದೆ"]},{"$i":"mms-no-subject-report-description","$v":["ನಿಮ್ಮ ಮಲ್ಟಿಮೀಡಿಯಾ ಸಂದೇಶ (MMS)ವನ್ನು ",{"t":"idOrVar","v":"datetime"},"ರಂದು ಕಳುಹಿಸಲಾಗಿದೆ"]},{"$i":"message-subject","$v":"ವಿಷಯ:"},{"$i":"report-status-error","$v":"ಸಂದೇಶ ಕಳುಸಲು ಆಗುತ್ತಿಲ್ಲ"},{"$i":"report-status-not-downloaded","$v":"ಡೌನ್‌ಲೋಡ್ ಆಗಿಲ್ಲ"},{"$i":"report-status-delivered","$v":"ವಿತರಿಸಲಾಗಿದೆ:"},{"$i":"report-status-read","$v":"ಇದನ್ನು ಓದಿ:"},{"$i":"report-status-pending","$v":"ಮನವಿ ಮಾಡಿರುವುದನ್ನು ವರದಿ ಮಾಡಿ"},{"$i":"report-status-rejected","$v":"ಸಂದೇಶವನ್ನು ತಿರಸ್ಕರಿಸಲಾಗಿದೆ"},{"$i":"message-size-was","$v":"ಸಂದೇಶ ಗಾತ್ರ:"},{"$i":"report-dateTimeFormat12","$v":["%e %B %Y, ",{"t":"idOrVar","v":"shortTimeFormat12"}]},{"$i":"report-dateTimeFormat24","$v":["%e %B %Y, ",{"t":"idOrVar","v":"shortTimeFormat24"}]},{"$i":"report-to-title","$v":"ಇವರಿಗೆ"},{"$i":"report-from-title","$v":"ಇವರಿಂದ"},{"$i":"message-sent","$v":"ಕಳುಹಿಸಿದ್ದು:"},{"$i":"message-sending","$v":[{"t":"idOrVar","v":"message-delivery-status-sending"}]},{"$i":"message-received","$v":"ಸ್ವೀಕರಿಸಿದವು:"},{"$i":"message-via","$v":"ಈ ಮೂಲಕ:"},{"$i":"message-resend","$v":"ಪುನಃ ಕಳುಹಿಸಿ"},{"$i":"search","$v":"ಹುಡುಕಿ"},{"$i":"unknown-contact-title","$v":"ಅನಾಮಿಕ ಸಂಪರ್ಕ"},{"$i":"phone-type-separator","$v":", "},{"$i":"phone-carrier-separator","$v":" "},{"$i":"thread-participant-separator","$v":", "},{"$i":"replace-draft","$v":"ಪ್ರಸ್ತುತ ಡ್ರಾಫ್ಟ್ ಬದಲಿಸಿ"},{"$i":"save-as-draft","$v":"ಸೇವ್ ಮಾಡಿ"},{"$i":"discard-message","$v":"ತೆಗೆಯಿರಿ"},{"$i":"discard-sms","$v":"ನೀವು ಈ ಸಂದೇಶವನ್ನು ಅಳಿಸಲು ಖಚಿತವಾಗಿ ಬಯಸುವಿರಾ?"},{"$i":"discard-new-message","$v":"ನೀವು ಬರೆಯುತ್ತಿರುವ ಸಂದೇಶವನ್ನು ತೆಗೆಯಿರಿ ಹಾಗೂ ಹೊಸ ಸಂದೇಶವನ್ನು ತೆರೆಯುವುದೇ?"},{"$i":"resend-confirmation","$v":"ಸಂದೇಶವನ್ನು ಕಳುಹಿಸಲಾಗದು. ಮತ್ತೆ ಪ್ರಯತ್ನಿಸುವುದೇ?"},{"$i":"deleteMessage-confirmation","$v":"ಆಯ್ಕೆಮಾಡಿದ ಸಂದೇಶವನ್ನು ಅಳಿಸುವುದೇ?"},{"$i":"deleteMessages-confirmation","$v":"ಆಯ್ಕೆಮಾಡಿದ ಸಂದೇಶಗಳನ್ನು ಅಳಿಸುವುದೇ?"},{"$i":"deleteThreads-confirmation2","$v":{"one":"ಆಯ್ಕೆಮಾಡಿದ ಸಂದೇಶದ ಥ್ರೆಡ್ ಅಳಿಸುವುದೇ?","other":"ಆಯ್ಕೆಮಾಡಿದ ಸಂದೇಶದ ಥ್ರೆಡ್ ಅಳಿಸುವುದೇ?"},"$x":[{"t":"idOrVar","v":"plural"},"n"]},{"$i":"new-message-notice-text","$v":"ಇದರಿಂದ ಹೊಸ ಸಂದೇಶ"},{"$i":"new-message-notice-a-text","$v":"ಇದನ್ನು ಓದಿ"},{"$i":"noMessages-title","$v":"ಯಾವುದೇ ಸಂದೇಶಗಳಿಲ್ಲ"},{"$i":"noMessages-text","$v":"ಸಂವಹನ ಆರಂಭಿಸಲು ಹೊಸ ಸಂದೇಶ ಒತ್ತಿ."},{"$i":"sendDefaultErrorTitle","$v":"ಸಂದೇಶ ಕಳುಹಿಸಲಾಗಿಲ್ಲ"},{"$i":"sendDefaultErrorBody","$v":"ಸಂದೇಶವನ್ನು ಕಳುಹಿಸುವಲ್ಲಿ ಸಮಸ್ಯೆಯಿತ್ತು. ದಯವಿಟ್ಟು ಪುನಃ ಪ್ರಯತ್ನಿಸಿ."},{"$i":"sendDefaultErrorBtnOk","$v":"ಸರಿ"},{"$i":"sendMissingSimCardTitle","$v":"ಸಿಮ್ ಕಾರ್ಡ್ ಮಿಸ್ ಆಗಿದೆ"},{"$i":"sendMissingSimCardBody","$v":"ಮುಂದುವರಿಯಲು ಒಂದು ಮಾನ್ಯವಾದ ಸಿಮ್ ಕಾರ್ಡ್ ಸೇರಿಸಿ."},{"$i":"sendMissingSimCardBtnOk","$v":"ಸರಿ"},{"$i":"sendFlightModeTitle","$v":"ಏರ್‌‌ಪ್ಲೇನ್ ಮೋಡ್ ಸಕ್ರಿಯಗೊಳಿಸಲಾಗಿದೆ"},{"$i":"sendFlightModeBody","$v":"ಸಂದೇಶಗಳನ್ನು ಕಳುಹಿಸಲು ಏರ್‌ಪ್ಲೇನ್ ಮೋಡ್ ಆಫ್‌ ಮಾಡಿ."},{"$i":"sendFlightModeBtnOk","$v":"ಸರಿ"},{"$i":"radioDisabledToDownloadTitle","$v":[{"t":"idOrVar","v":"sendFlightModeTitle"}]},{"$i":"radioDisabledToDownloadBody","$v":"ಅಟ್ಯಾಚ್‌ಮೆಂಟ್‌ಗಳನ್ನು ಡೌನ್‌ಲೋಡ್ ಮಾಡಲು ಏರ್‌ಪ್ಲೇನ್ ಮೋಡ್ ಆಫ್‌ ಮಾಡಿ."},{"$i":"radioDisabledToDownloadBtnOk","$v":[{"t":"idOrVar","v":"sendFlightModeBtnOk"}]},{"$i":"fdnErrorTitle","$v":"FDN ಸಕ್ರಿಯವಾಗಿದೆ"},{"$i":"needConnectWifiBody","$v":"ಯಾವುದೇ ಸೆಲ್ಯುಲರ್ ನೆಟ್‌ವರ್ಕ್‌ ಲಭ್ಯವಿಲ್ಲ. ಸಂದೇಶಕ್ಕಾಗಿ ಲಭ್ಯ WiFi ನೆಟ್‌ವರ್ಕ್‌ಗೆ ಸಂಪರ್ಕಿಸಿ."},{"$i":"needConnectWifiTitle","$v":"ಸಂದೇಶ ಕಳುಹಿಸಲಾಗಿಲ್ಲ"},{"$i":"sms-counter-notice-label","$v":["SMS ",{"t":"idOrVar","v":"number"}," ಅನ್ನು ಸಂಪಾದಿಸಲಾಗುತ್ತಿದೆ"]},{"$i":"fdnErrorBody","innerHTML":{"$x":[{"t":"idOrVar","v":"plural"},"n"],"$v":{"one":"FDN (ಫಿಕ್ಸಡ್ ಡಯಲಿಂಗ್ ಸಂಖ್ಯೆಗಳು) ಸಕ್ರಿಯಗೊಳಿಸಲಾಗಿದೆ SMS ಕೇಂದ್ರ ಹಾಗೂ ಈ ಕೆಳಗಿನ ಸ್ವೀಕರಿಸುವವರು ನಿಮ್ಮ FDN ಪಟ್ಟಿಯಲ್ಲಿದ್ದಾರೆಂದು ಖಚಿತಪಡಿಸಿಕೊಳ್ಳಿ.","two":"FDN (ಫಿಕ್ಸಡ್ ಡಯಲಿಂಗ್ ಸಂಖ್ಯೆಗಳು) ಸಕ್ರಿಯಗೊಳಿಸಲಾಗಿದೆ SMS ಕೇಂದ್ರ ಹಾಗೂ ಈ ಕೆಳಗಿನ ಸ್ವೀಕರಿಸುವವರು ನಿಮ್ಮ FDN ಪಟ್ಟಿಯಲ್ಲಿದ್ದಾರೆಂದು ಖಚಿತಪಡಿಸಿಕೊಳ್ಳಿ.","few":"FDN (ಫಿಕ್ಸಡ್ ಡಯಲಿಂಗ್ ಸಂಖ್ಯೆಗಳು) ಸಕ್ರಿಯಗೊಳಿಸಲಾಗಿದೆ SMS ಕೇಂದ್ರ ಹಾಗೂ ಈ ಕೆಳಗಿನ ಸ್ವೀಕರಿಸುವವರು ನಿಮ್ಮ FDN ಪಟ್ಟಿಯಲ್ಲಿದ್ದಾರೆಂದು ಖಚಿತಪಡಿಸಿಕೊಳ್ಳಿ.","many":"FDN (ಫಿಕ್ಸಡ್ ಡಯಲಿಂಗ್ ಸಂಖ್ಯೆಗಳು) ಸಕ್ರಿಯಗೊಳಿಸಲಾಗಿದೆ SMS ಕೇಂದ್ರ ಹಾಗೂ ಈ ಕೆಳಗಿನ ಸ್ವೀಕರಿಸುವವರು ನಿಮ್ಮ FDN ಪಟ್ಟಿಯಲ್ಲಿದ್ದಾರೆಂದು ಖಚಿತಪಡಿಸಿಕೊಳ್ಳಿ.","other":"FDN (ಫಿಕ್ಸಡ್ ಡಯಲಿಂಗ್ ಸಂಖ್ಯೆಗಳು) ಸಕ್ರಿಯಗೊಳಿಸಲಾಗಿದೆ SMS ಕೇಂದ್ರ ಹಾಗೂ ಈ ಕೆಳಗಿನ ಸ್ವೀಕರಿಸುವವರು ನಿಮ್ಮ FDN ಪಟ್ಟಿಯಲ್ಲಿದ್ದಾರೆಂದು ಖಚಿತಪಡಿಸಿಕೊಳ್ಳಿ."}}},{"$i":"fdnErrorBtnOk","$v":"ಸರಿ"},{"$i":"switchSimToRetrieveTitle","$v":"ಡೇಟಾ ಸಂಪರ್ಕವನ್ನು ಬದಲಿಸಿ"},{"$i":"switchSimToRetrieveBody","$v":["MMS ಮರುಪಡೆಯಲು ಸಿಮ್‌ ",{"t":"idOrVar","v":"nonActiveSimId"}," ಗೆ ಡೇಟಾ ಸಂಪರ್ಕವನ್ನು ಬದಲಿಸಿ. ",{"t":"idOrVar","v":"activeSimId"}," ಸಿಮ್‌ಗೆ ಪ್ರಸ್ತುತ ಡೇಟಾ ವರ್ಗಾವಣೆಯನ್ನು ಅಮಾನತು ಮಾಡಲಾಗಿದೆ. ಹೇಗಿದ್ದರೂ ಮುಂದುವರಿಸುವುದೇ?"]},{"$i":"switchSimToRetrieveBtnOk","$v":"ನಂತರ"},{"$i":"switchSimToRetrieveConfirm","$v":"ಸರಿ"},{"$i":"switchSimToSendTitle","$v":[{"t":"idOrVar","v":"switchSimToRetrieveTitle"}]},{"$i":"switchSimToSendBody","$v":["MMS ಕಳುಹಿಸಲು ಸಿಮ್‌ ",{"t":"idOrVar","v":"nonActiveSimId"}," ಗೆ ಡೇಟಾ ಸಂಪರ್ಕವನ್ನು ಬದಲಿಸಿ. ",{"t":"idOrVar","v":"activeSimId"}," ಸಿಮ್‌ಗೆ ಪ್ರಸ್ತುತ ಡೇಟಾ ವರ್ಗಾವಣೆಯನ್ನು ಅಮಾನತು ಮಾಡಲಾಗಿದೆ. ಹೇಗಿದ್ದರೂ ಮುಂದುವರಿಸುವುದೇ?"]},{"$i":"switchSimToSendBtnOk","$v":[{"t":"idOrVar","v":"switchSimToRetrieveBtnOk"}]},{"$i":"switchSimToSendConfirm","$v":[{"t":"idOrVar","v":"switchSimToRetrieveConfirm"}]},{"$i":"sendNoSignalErrorTitle","$v":"ಯಾವುದೇ ನೆಟ್‌ವರ್ಕ್‌ ಕವರೇಜ್ ಇಲ್ಲ"},{"$i":"sendNoSignalErrorBody","$v":"ನಿಮ್ಮ ಮೊಬೈಲ್ ಸಿಗ್ನಲ್ ಹೊಂದಿದ್ದೀರೆಂದು ಖಚಿತಪಡಿಸಿಕೊಳ್ಳಿ ಹಾಗೂ ಮತ್ತೆ ಪ್ರಯತ್ನಿಸಿ."},{"$i":"sendNoSignalErrorBtnOk","$v":"ಸರಿ"},{"$i":"sendNotFoundErrorTitle","$v":"ಸಂದೇಶ ಕಂಡುಬಂದಿಲ್ಲ"},{"$i":"sendNotFoundErrorBody","$v":"ನೀವು ಎದುರು ನೋಡುತ್ತಿರುವ ಸಂದೇಶ ಇನ್ನು ಲಭ್ಯವಿರುವುದಿಲ್ಲ."},{"$i":"sendNotFoundErrorBtnOk","$v":"ಸರಿ"},{"$i":"sendInvalidAddressErrorTitle","$v":"ಅಮಾನ್ಯ ಸಂಖ್ಯೆ"},{"$i":"sendInvalidAddressErrorBody","$v":"ನೀವು ಕಳಿಸುತ್ತಿರುವ ಮೊಬೈಲ್ ಸಂಖ್ಯೆ ಮಾನ್ಯವಾಗಿದೆಯೆಂದು ಖಚಿತಪಡಿಸಿಕೊಳ್ಳಿ."},{"$i":"sendInvalidAddressErrorBtnOk","$v":"ಸರಿ"},{"$i":"simNotMatchedErrorTitle","$v":"ಡೌನ್‌ಲೋಡ್ ಮಾಡಲು ಅಸಾಧ್ಯ"},{"$i":"simNotMatchedErrorBody","$v":"ಈ ಸಂದೇಶವನ್ನು ಸ್ವೀಕರಿಸಲು ಬಳಸುವ ಸಿಮ್‌ ಕಾರ್ಡ್‌ ಅನ್ನೇ ಒಳಸೇರಿಸಿದ್ದೀರಿ ಎಂದು ದಯವಿಟ್ಟು ಖಚಿತಪಡಿಸಿಕೊಳ್ಳಿ."},{"$i":"simNotMatchedErrorBtnOk","$v":"ಸರಿ"},{"$i":"deleted-sms","$v":"ಈ ಸಂದೇಶವನ್ನು ಈಗಾಗಲೇ ಅಳಿಸಲಾಗಿದೆ."},{"$i":"view-attachment-image","$v":"ವೀಕ್ಷಿಸಿ"},{"$i":"view-attachment-audio","$v":"ಕೇಳಿ"},{"$i":"view-attachment-video","$v":"ವೀಕ್ಷಿಸಿ"},{"$i":"view-attachment-other","$v":"ವೀಕ್ಷಿಸಿ"},{"$i":"remove-attachment-image","$v":"ಚಿತ್ರ ತೆಗೆದುಹಾಕಿ"},{"$i":"remove-attachment-audio","$v":"ಆಡಿಯೋ ತೆಗೆದುಹಾಕಿ"},{"$i":"remove-attachment-video","$v":"ವೀಡಿಯೋ ತೆಗೆಯಿರಿ"},{"$i":"remove-attachment-other","$v":"ಅಟ್ಯಾಚ್‌ಮೆಂಟ್ ತೆಗೆದುಹಾಕಿ"},{"$i":"replace-attachment-image","$v":"ಚಿತ್ರ ಬದಲಿಸಿ"},{"$i":"replace-attachment-audio","$v":"ಆಡಿಯೋ ಬದಲಿಸಿ"},{"$i":"replace-attachment-video","$v":"ವೀಡಿಯೋ ಬದಲಿಸಿ"},{"$i":"replace-attachment-other","$v":"ಅಟ್ಯಾಚ್‌ಮೆಂಟ್ ಬದಲಿಸಿ"},{"$i":"unsent-message-title","$v":"ಕಳುಹಿಸಿಲ್ಲದ ಸಂದೇಶ"},{"$i":"unsent-message-description","$v":"ನಿಮ್ಮ ಹಿಂದಿನ ಸಂದೇಶವನ್ನು ಕಳುಹಿಸಿಲ್ಲ. ನೀವು ಕಳುಹಿಸಿಲ್ಲದ ಸಂದೇಶವನ್ನು ಎಡಿಟ್ ಮಾಡಲು ಬಯಸುವಿರಾ ಅಥವಾ ಇದನ್ನು ತ್ಯಜಿಸಿ ಮುಂದುವರಿಯಲು ಬಯಸುವಿರಾ?"},{"$i":"unsent-message-option-edit","$v":"ಸಂಪಾದಿಸಿ"},{"$i":"unsent-message-option-discard","$v":"ತೆಗೆಯಿರಿ"},{"$i":"message-options","$v":"ಸಂದೇಶ ಆಯ್ಕೆಗಳು"},{"$i":"select-text","$v":"ಟೆಕ್ಸ್ಟ್ ಆಯ್ಕೆಮಾಡಿ"},{"$i":"mobile","$v":"ಮೊಬೈಲ್"},{"$i":"home","$v":"ಹೋಮ್"},{"$i":"work","$v":"ವರ್ಕ್"},{"$i":"personal","$v":"ವೈಯಕ್ತಿಕ"},{"$i":"faxHome","$v":"ಫ್ಯಾಕ್ಸ್ ಹೋಂ"},{"$i":"faxOffice","$v":"ಫ್ಯಾಕ್ಸ್ ಆಫೀಸ್"},{"$i":"faxOther","$v":"ಫ್ಯಾಕ್ಸ್ ಇತರೆ"},{"$i":"another","$v":"ಇನ್ನೊಂದು"},{"$i":"other","$v":"ಇತರೆ"},{"$i":"today","$v":"ಇಂದು"},{"$i":"yesterday","$v":"ನಿನ್ನೆ"},{"$i":"incorrectDate","$v":"(ತಪ್ಪಾದ ದಿನಾಂಕ)"},{"$i":"addToExistingContact","$v":"ಅಸ್ತಿತ್ವದಲ್ಲಿರುವ ಸಂಪರ್ಕಕ್ಕೆ ಸೇರಿಸಿ"},{"$i":"createNewContact","$v":"ಹೊಸ ಸಂಪರ್ಕವನ್ನು ರಚಿಸಿ"},{"$i":"viewContact","$v":"ಸಂಪರ್ಕ ವೀಕ್ಷಿಸಿ"},{"$i":"sendEmail","$v":"ಇಮೇಲ್ ಕಳುಹಿಸಿ"},{"$i":"mms-message","$v":"MMS ಸಂದೇಶ"},{"$i":"notDownloaded-title","$v":"ಸಂದೇಶ ಇನ್ನೂ ಡೌನ್‌ಲೋಡ್ ಆಗಿಲ್ಲ."},{"$i":"tobedownloaded-attachment","$v":["ನೀವು ಮಲ್ಟಿಮೀಡಿಯಾ ಸಂದೇಶವನ್ನು ಸ್ವೀಕರಿಸಿದ್ದೀರಿ, ",{"t":"idOrVar","v":"date"}," ಮೊದಲು ಅದರ ವಿಷಯವನ್ನು ಹಿಂಪಡೆಯಲು ಡೌನ್‌ಲೋಡ್ ಒತ್ತಿರಿ."]},{"$i":"expired-attachment","$v":["ಕ್ಷಮಿಸಿ, ಸಂದೇಶವು ",{"t":"idOrVar","v":"date"}," ರಂದು ಅವಧಿ ಮೀರಿದೆ ಮತ್ತು ನೀವು ಡೌನ್‌ಲೋಡ್ ಮಾಡಲಾಗದು."]},{"$i":"download-attachment","$v":"ಡೌನ್‌ಲೋಡ್‌"},{"$i":"downloading-attachment","$v":"ಡೌನ್‌ಲೋಡ್‌ ಮಾಡಲಾಗುತ್ತಿದೆ…"},{"$i":"download-complete","$v":"ಡೌನ್‌ಲೋಡ್ ಪೂರ್ಣಗೊಂಡಿದೆ"},{"$i":"unnamed-attachment","$v":"ಶೀರ್ಷಿಕೆರಹಿತ"},{"$i":"mms-label","$v":"MMS"},{"$i":"attached-files-too-large","$v":{"zero":["ಒಂದು ಮಲ್ಟಿಮೀಡಿಯಾ ಸಂದೇಶದ ",{"t":"idOrVar","v":"mmsSize"}," KB ಗಾತ್ರ ಮಿತಿಯನ್ನು ನೀವು ಆಯ್ಕೆ ಮಾಡಿದ ಫೈಲ್ ಮೀರಿವೆ."],"one":["ಒಂದು ಮಲ್ಟಿಮೀಡಿಯಾ ಸಂದೇಶದ ",{"t":"idOrVar","v":"mmsSize"}," KB ಗಾತ್ರ ಮಿತಿಯನ್ನು ನೀವು ಆಯ್ಕೆ ಮಾಡಿದ ಫೈಲ್ ಮೀರಿದೆ."],"two":["ಒಂದು ಮಲ್ಟಿಮೀಡಿಯಾ ಸಂದೇಶದ ",{"t":"idOrVar","v":"mmsSize"}," KB ಗಾತ್ರ ಮಿತಿಯನ್ನು ನೀವು ಆಯ್ಕೆ ಮಾಡಿದ ಫೈಲ್ ಮೀರಿವೆ."],"few":["ಒಂದು ಮಲ್ಟಿಮೀಡಿಯಾ ಸಂದೇಶದ ",{"t":"idOrVar","v":"mmsSize"}," KB ಗಾತ್ರ ಮಿತಿಯನ್ನು ನೀವು ಆಯ್ಕೆ ಮಾಡಿದ ಫೈಲ್ ಮೀರಿವೆ."],"many":["ಒಂದು ಮಲ್ಟಿಮೀಡಿಯಾ ಸಂದೇಶದ ",{"t":"idOrVar","v":"mmsSize"}," KB ಗಾತ್ರ ಮಿತಿಯನ್ನು ನೀವು ಆಯ್ಕೆ ಮಾಡಿದ ಫೈಲ್ ಮೀರಿವೆ."],"other":["ಒಂದು ಮಲ್ಟಿಮೀಡಿಯಾ ಸಂದೇಶದ ",{"t":"idOrVar","v":"mmsSize"}," KB ಗಾತ್ರ ಮಿತಿಯನ್ನು ನೀವು ಆಯ್ಕೆ ಮಾಡಿದ ಫೈಲ್ ಮೀರಿವೆ."]},"$x":[{"t":"idOrVar","v":"plural"},"n"]},{"$i":"resize-image","$v":"ಹೊಂದಿಸಿದ ಚಿತ್ರವನ್ನು ರಿಸೈಜ್ ಮಾಡಲಾಗುತ್ತದೆ"},{"$i":"no-attachment-text","$v":"ಅಟ್ಯಾಚ್ ಮಾಡಿದ ಫೈಲ್‌ನಲ್ಲಿ ಸಮಸ್ಯೆಯಿದೆ ಮತ್ತು ಇದನ್ನು ಡೌನ್‌ಲೋಡ್ ಮಾಡಲಾಗದು."},{"$i":"message-draft-saved","$v":"ಸಂದೇಶವನ್ನು ಡ್ರಾಫ್ಟ್ ಆಗಿ ಉಳಿಸಲಾಗಿದೆ"},{"$i":"sim-id-label","$v":["ಸಿಮ್ ",{"t":"idOrVar","v":"id"}]},{"$i":"sim-detail","$v":["ಸಿಮ್‌ ",{"t":"idOrVar","v":"id"},", ",{"t":"idOrVar","v":"detailString"}]},{"$i":"dsds-notification-title-with-sim","$v":["(",{"t":"idOrVar","v":"sim"},") ",{"t":"idOrVar","v":"sender"}]},{"$i":"send-button","ariaLabel":"ಕಳುಹಿಸಿ"},{"$i":"send-button-sim-indication","$v":[{"t":"idOrVar","v":"n"}],"ariaLabel":["ಸಿಮ್‌ ",{"t":"idOrVar","v":"n"}," ಬಳಸಿ"]},{"$i":"expiry-date-format","$v":"%A, %b %e"},{"$i":"attach-button","ariaLabel":"ಅಟ್ಯಾಚ್‌ಮೆಂಟ್ ಸೇರಿಸಿ"},{"$i":"contact-photo","ariaLabel":"ಸಂಪರ್ಕ ಫೋಟೋ"},{"$i":"unread-thread","ariaLabel":"ಓದದವು"},{"$i":"has-draft","ariaLabel":"ಡ್ರಾಫ್ಟ್ ಇದೆ"},{"$i":"is-draft","ariaLabel":"ಡ್ರಾಫ್ಟ್‌"},{"$i":"message-delivery-status-sending","$v":"ಕಳುಹಿಸಲಾಗುತ್ತಿದೆ..."},{"$i":"message-delivery-status-delivered","ariaLabel":"ತಲುಪಿಸಲಾಗಿದೆ"},{"$i":"message-delivery-status-read","ariaLabel":"ಓದು"},{"$i":"message-delivery-status-error","ariaLabel":"ದೋಷ"},{"$i":"modal-dialog-ok-button","$v":"ಸರಿ"},{"$i":"modal-dialog-cancel-button","$v":"ರದ್ದು ಮಾಡಿ"},{"$i":"modal-dialog-default-title","$v":"ಸಂದೇಶಗಳು"},{"$i":"tcl-delete-message","$v":"ಸಂದೇಶವನ್ನು ಅಳಿಸಲಾಗಿದೆ"},{"$i":"tcl-sending-message-toast","$v":"ಸಂದೇಶವನ್ನು ಕಳುಹಿಸಲಾಗುತ್ತಿದೆ..."},{"$i":"tcl-message-converted-to-toast","$v":["ಸಂದೇಶವನ್ನು ",{"t":"idOrVar","v":"type"},"ಗೆ ಪರಿವರ್ತಿಸಲಾಗಿದೆ"]},{"$i":"tcl-message-sent-toast","$v":"ಸಂದೇಶ ಕಳುಹಿಸಲಾಗಿದೆ"},{"$i":"tcl-deleteMessage-confirmation2","$v":"ಆಯ್ಕೆಮಾಡಿದ ಸಂದೇಶದ ಥ್ರೆಡ್ ಅಳಿಸುವುದೇ?"},{"$i":"tcl-deleted-message","$v":{"zero":"0 ಸಂದೇಶವನ್ನು ಅಳಿಸಲಾಗಿದೆ","one":[{"t":"idOrVar","v":"n"}," ಸಂದೇಶಗಳನ್ನು ಅಳಿಸಲಾಗಿದೆ"],"two":[{"t":"idOrVar","v":"n"}," ಸಂದೇಶಗಳನ್ನು ಅಳಿಸಲಾಗಿದೆ"],"few":[{"t":"idOrVar","v":"n"}," ಸಂದೇಶಗಳನ್ನು ಅಳಿಸಲಾಗಿದೆ"],"many":[{"t":"idOrVar","v":"n"}," ಸಂದೇಶಗಳನ್ನು ಅಳಿಸಲಾಗಿದೆ"],"other":[{"t":"idOrVar","v":"n"}," ಸಂದೇಶಗಳನ್ನು ಅಳಿಸಲಾಗಿದೆ"]},"$x":[{"t":"idOrVar","v":"plural"},"n"]},{"$i":"tcl-deleted-threads","$v":{"zero":"0 ಥ್ರೆಡ್ ಅಳಿಸಲಾಗಿದೆ","one":"ಥ್ರೆಡ್ ಅಳಿಸಲಾಗಿದೆ","two":[{"t":"idOrVar","v":"n"}," ಸಂದೇಶ ಥ್ರೆಡ್‌ಗಳನ್ನು ಅಳಿಸಲಾಗಿದೆ"],"few":[{"t":"idOrVar","v":"n"}," ಸಂದೇಶ ಥ್ರೆಡ್‌ಗಳನ್ನು ಅಳಿಸಲಾಗಿದೆ"],"many":[{"t":"idOrVar","v":"n"}," ಸಂದೇಶ ಥ್ರೆಡ್‌ಗಳನ್ನು ಅಳಿಸಲಾಗಿದೆ"],"other":[{"t":"idOrVar","v":"n"}," ಸಂದೇಶ ಥ್ರೆಡ್‌ಗಳನ್ನು ಅಳಿಸಲಾಗಿದೆ"]},"$x":[{"t":"idOrVar","v":"plural"},"n"]},{"$i":"tcl-simSettings","$v":"ಮಾಹಿತಿ"},{"$i":"tcl-unknown-SMSC","$v":"ಮಾಹಿತಿ ಲಭ್ಯವಿಲ್ಲ"},{"$i":"tcl-sim1","$v":"ಸರ್ವೀಸ್ ಸೆಂಟರ್ ಸಿಮ್1"},{"$i":"tcl-sim2","$v":"ಸರ್ವೀಸ್ ಸೆಂಟರ್ ಸಿಮ್2"},{"$i":"tcl-auto-retrieve","$v":"ಸ್ವಯಂ ಹಿಂಪಡೆಯಿರಿ"},{"$i":"tcl-wapPushMessages","$v":"WAP ಪುಶ್ ಸಂದೇಶಗಳು"},{"$i":"tcl-wapPush","$v":"WAP ಪುಶ್"},{"$i":"tcl-wap-push-on","$v":"ರಂದು"},{"$i":"tcl-wap-push-off","$v":"ಆಫ್"},{"$i":"tcl-auto-retrieve-messages","$v":"ಸಂದೇಶಗಳನ್ನು ಸ್ವಯಂಚಾಲಿತವಾಗಿ ಹಿಂಪಡೆಯಿರಿ"},{"$i":"tcl-manual-retrieve","$v":"ಆಫ್"},{"$i":"tcl-auto-roaming-retrieve","$v":"ರೋಮಿಂಗ್‌ ಜತೆಗೆ ಆನ್ ಮಾಡಿ"},{"$i":"tcl-auto-no-roaming-retrieve","$v":"ರೋಮಿಂಗ್ ಇಲ್ಲದೇ ಆನ್ ಮಾಡಿ"},{"$i":"tcl-message-read-reports","$v":"ರಿಪೋರ್ಟ್ ಓದಿ"},{"$i":"tcl-read-reports-on","$v":"ರಂದು"},{"$i":"tcl-read-reports-off","$v":"ಆಫ್"},{"$i":"tcl-mmsTitle","$v":"ಮಲ್ಟಿಮೀಡಿಯಾ ಸಂದೇಶ ಸೇವೆ (MMS)"},{"$i":"tcl-message-delivery-reports","$v":"ಡೆಲಿವರಿ ರಿಪೋರ್ಟ್"},{"$i":"tcl-delivery-reports-on","$v":"ರಂದು"},{"$i":"tcl-delivery-reports-off","$v":"ಆಫ್"},{"$i":"tcl-message-confirmation","$v":"ಸಂದೇಶ ಧೃಢೀಕರಣ"},{"$i":"tcl-messageReport-title","$v":"ಸಂದೇಶ ವಿವರಗಳು"},{"$i":"tcl-mms-label","$v":"MMS"},{"$i":"tcl-sms-label","$v":"SMS"},{"$i":"tcl-messaging-settings","$v":"ಸಂದೇಶದ ಸೆಟ್ಟಿಂಗ್‌ಗಳು"},{"$i":"tcl-messagingSettings-header","$v":[{"t":"idOrVar","v":"tcl-messaging-settings"}]},{"$i":"tcl-confirmation-title","$v":"ದೃಢೀಕರಣ"},{"$i":"tcl-draft-save-content","$v":"ಡ್ರಾಫ್ಟ್‌ ಆಗಿ ಉಳಿಸುವುದೇ?"},{"$i":"tcl-draft-discard-content","$v":"ಸಂದೇಶವನ್ನು ತೆಗೆಯಲಾಗಿದೆ"},{"$i":"tcl-switch-on","$v":"ರಂದು"},{"$i":"tcl-switch-off","$v":"ಆಫ್"},{"$i":"tcl-delivery-report-desc","$v":"ಕಳುಹಿಸಲಾದ ಪ್ರತಿ ಸಂದೇಶಕ್ಕೂ ಡೆಲಿವರಿ ಅಧಿಸೂಚನೆ ಮನವಿ ಮಾಡಿ"},{"$i":"tcl-read-report-desc","$v":"ಕಳುಹಿಸಲಾದ ಪ್ರತಿ ಸಂದೇಶಕ್ಕೂ ರೀಡ್ ರಿಪೋರ್ಟ್‌ ಮನವಿ ಮಾಡಿ"},{"$i":"tcl-auto-retrieve-desc","$v":"ಸ್ವಯಂಚಾಲಿತವಾಗಿ ಸಂದೇಶಗಳನ್ನು ಹಿಂಪಡೆಯಿರಿ"},{"$i":"tcl-confirm-dialog-ok","$v":"ಸರಿ"},{"$i":"tcl-yes","$v":"ಹೌದು"},{"$i":"tcl-no","$v":"ಇಲ್ಲ"},{"$i":"tcl-delete-current-thread?","$v":"ಆಯ್ಕೆಮಾಡಿದ ಸಂದೇಶದ ಥ್ರೆಡ್ ಅಳಿಸುವುದೇ?"},{"$i":"tcl-attention","$v":"ಗಮನಿಸಿ"},{"$i":"tcl-options","$v":"ಆಯ್ಕೆಗಳು"},{"$i":"send-failed","$v":"ಕಳುಹಿಸುವಿಕೆ ವಿಫಲವಾಗಿದೆ."},{"$i":"subject-removed","$v":"ವಿಷಯ ತೆಗೆಯಲಾಗಿದೆ."},{"$i":"media-storage-limit-alert-title","$v":"ಶೇಖರಣೆ ಪೂರ್ಣ"},{"$i":"media-storage-limit-alert-body","$v":"ಹೆಚ್ಚಿನ ಸ್ಥಳವನ್ನು ಪಡೆಯಲು ಕೆಲವು ಮಾಧ್ಯಮ ಫೈಲ್‌ಗಳನ್ನು ಅಥವಾ ಅಪ್ಲಿಕೇಶನ್ ಡೇಟಾವನ್ನು   ನಿರ್ವಹಿಸಬಹುದು."},{"$i":"media-storage-limit-alert-cancel","$v":"ರದ್ದು ಮಾಡಿ"},{"$i":"media-storage-limit-alert-setting","$v":"ಸೆಟ್ಟಿಂಗ್ಸ್‌ಗೆ  ಹೋಗಿ"},{"$i":"email","$v":"ಇಮೇಲ್"},{"$i":"go","$v":"ಹೋಗಿ"},{"$i":"weekday-0-long","$v":"ಭಾನುವಾರ"},{"$i":"weekday-1-long","$v":"ಸೋಮವಾರ"},{"$i":"weekday-2-long","$v":"ಮಂಗಳವಾರ"},{"$i":"weekday-3-long","$v":"ಬುಧವಾರ"},{"$i":"weekday-4-long","$v":"ಗುರುವಾರ"},{"$i":"weekday-5-long","$v":"ಶುಕ್ರವಾರ"},{"$i":"weekday-6-long","$v":"ಶನಿವಾರ"},{"$i":"weekday-0-short","$v":"ಭಾನು"},{"$i":"weekday-1-short","$v":"ಸೋಮ"},{"$i":"weekday-2-short","$v":"ಮಂಗಳ"},{"$i":"weekday-3-short","$v":"ಬುಧ"},{"$i":"weekday-4-short","$v":"ಗುರು"},{"$i":"weekday-5-short","$v":"ಶುಕ್ರ"},{"$i":"weekday-6-short","$v":"ಶನಿವಾರ"},{"$i":"month-0-long","$v":"ಜನವರಿ"},{"$i":"month-1-long","$v":"ಫೆಬ್ರವರಿ"},{"$i":"month-2-long","$v":"ಮಾರ್ಚ್"},{"$i":"month-3-long","$v":"ಏಪ್ರಿಲ್"},{"$i":"month-4-long","$v":"ಮೇ"},{"$i":"month-5-long","$v":"ಜೂನ್"},{"$i":"month-6-long","$v":"ಜುಲೈ"},{"$i":"month-7-long","$v":"ಆಗಸ್ಟ್"},{"$i":"month-8-long","$v":"ಸಪ್ಟೆಂಬರ್"},{"$i":"month-9-long","$v":"ಅಕ್ಟೋಬರ್"},{"$i":"month-10-long","$v":"ನವೆಂಬರ್"},{"$i":"month-11-long","$v":"ಡಿಸೆಂಬರ್"},{"$i":"month-0-genitive","$v":"ಜನವರಿ"},{"$i":"month-1-genitive","$v":"ಫೆಬ್ರವರಿ"},{"$i":"month-2-genitive","$v":"ಮಾರ್ಚ್"},{"$i":"month-3-genitive","$v":"ಏಪ್ರಿಲ್"},{"$i":"month-4-genitive","$v":"ಮೇ"},{"$i":"month-5-genitive","$v":"ಜೂನ್"},{"$i":"month-6-genitive","$v":"ಜುಲೈ"},{"$i":"month-7-genitive","$v":"ಆಗಸ್ಟ್"},{"$i":"month-8-genitive","$v":"ಸಪ್ಟೆಂಬರ್"},{"$i":"month-9-genitive","$v":"ಅಕ್ಟೋಬರ್"},{"$i":"month-10-genitive","$v":"ನವೆಂಬರ್"},{"$i":"month-11-genitive","$v":"ಡಿಸೆಂಬರ್"},{"$i":"month-0-short","$v":"ಜನವರಿ"},{"$i":"month-1-short","$v":"ಫೆಬ್ರವರಿ"},{"$i":"month-2-short","$v":"ಮಾರ್ಚ್"},{"$i":"month-3-short","$v":"ಏಪ್ರಿಲ್"},{"$i":"month-4-short","$v":"ಮೇ"},{"$i":"month-5-short","$v":"ಜೂನ್"},{"$i":"month-6-short","$v":"ಜುಲೈ"},{"$i":"month-7-short","$v":"ಆಗಸ್ಟ್"},{"$i":"month-8-short","$v":"ಸೆಪ್ಟೆಂಬರ್"},{"$i":"month-9-short","$v":"ಅಕ್ಟೋಬರ್"},{"$i":"month-10-short","$v":"ನವೆಂಬರ್"},{"$i":"month-11-short","$v":"ಡಿಸೆಂಬರ್"},{"$i":"minutes-ago-long","$v":{"zero":"ಈಗಷ್ಟೇ","one":"ಒಂದು ನಿಮಿಷದ ಹಿಂದೆ","two":[{"t":"idOrVar","v":"value"}," ನಿಮಿಷಗಳ ಹಿಂದೆ"],"few":[{"t":"idOrVar","v":"value"}," ನಿಮಿಷಗಳ ಹಿಂದೆ"],"many":[{"t":"idOrVar","v":"value"}," ನಿಮಿಷಗಳ ಹಿಂದೆ"],"other":[{"t":"idOrVar","v":"value"}," ನಿಮಿಷಗಳ ಹಿಂದೆ"]},"$x":[{"t":"idOrVar","v":"plural"},"value"]},{"$i":"hours-ago-long","$v":{"zero":"ಈಗಷ್ಟೇ","one":"ಒಂದು ಗಂಟೆ ಹಿಂದೆ","two":[{"t":"idOrVar","v":"value"}," ಗಂಟೆಗಳ ಹಿಂದೆ"],"few":[{"t":"idOrVar","v":"value"}," ಗಂಟೆಗಳ ಹಿಂದೆ"],"many":[{"t":"idOrVar","v":"value"}," ಗಂಟೆಗಳ ಹಿಂದೆ"],"other":[{"t":"idOrVar","v":"value"}," ಗಂಟೆಗಳ ಹಿಂದೆ"]},"$x":[{"t":"idOrVar","v":"plural"},"value"]},{"$i":"days-ago-long","$v":{"zero":"ಇಂದು","one":"ನಿನ್ನೆ","two":[{"t":"idOrVar","v":"value"}," ದಿನಗಳ ಹಿಂದೆ"],"few":[{"t":"idOrVar","v":"value"}," ದಿನಗಳ ಹಿಂದೆ"],"many":[{"t":"idOrVar","v":"value"}," ದಿನಗಳ ಹಿಂದೆ"],"other":[{"t":"idOrVar","v":"value"}," ದಿನಗಳ ಹಿಂದೆ"]},"$x":[{"t":"idOrVar","v":"plural"},"value"]},{"$i":"weeks-ago-long","$v":{"zero":"ಈ ವಾರ","one":"ಕಳೆದ ವಾರ","two":[{"t":"idOrVar","v":"value"}," ವಾರಗಳ ಹಿಂದೆ"],"few":[{"t":"idOrVar","v":"value"}," ವಾರಗಳ ಹಿಂದೆ"],"many":[{"t":"idOrVar","v":"value"}," ವಾರಗಳ ಹಿಂದೆ"],"other":[{"t":"idOrVar","v":"value"}," ವಾರಗಳ ಹಿಂದೆ"]},"$x":[{"t":"idOrVar","v":"plural"},"value"]},{"$i":"months-ago-long","$v":{"zero":"ಈ ತಿಂಗಳು","one":"ಕಳೆದ ತಿಂಗಳು","two":[{"t":"idOrVar","v":"value"}," ತಿಂಗಳುಗಳ ಹಿಂದೆ"],"few":[{"t":"idOrVar","v":"value"}," ತಿಂಗಳುಗಳ ಹಿಂದೆ"],"many":[{"t":"idOrVar","v":"value"}," ತಿಂಗಳುಗಳ ಹಿಂದೆ"],"other":[{"t":"idOrVar","v":"value"}," ತಿಂಗಳುಗಳ ಹಿಂದೆ"]},"$x":[{"t":"idOrVar","v":"plural"},"value"]},{"$i":"years-ago-long","$v":{"zero":"ಈ ವರ್ಷ","one":"ಕಳೆದ ವರ್ಷ","two":[{"t":"idOrVar","v":"Value"}," ವರ್ಷಗಳ ಹಿಂದೆ"],"few":[{"t":"idOrVar","v":"Value"}," ವರ್ಷಗಳ ಹಿಂದೆ"],"many":[{"t":"idOrVar","v":"Value"}," ವರ್ಷಗಳ ಹಿಂದೆ"],"other":[{"t":"idOrVar","v":"Value"}," ವರ್ಷಗಳ ಹಿಂದೆ"]},"$x":[{"t":"idOrVar","v":"plural"},"value"]},{"$i":"minutes-until-long","$v":{"zero":"ಇದೀಗ","one":"ಒಂದು ನಿಮಿಷದಲ್ಲಿ","two":[{"t":"idOrVar","v":"value"}," ನಿಮಿಷಗಳಲ್ಲಿ"],"few":[{"t":"idOrVar","v":"value"}," ನಿಮಿಷಗಳಲ್ಲಿ"],"many":[{"t":"idOrVar","v":"value"}," ನಿಮಿಷಗಳಲ್ಲಿ"],"other":[{"t":"idOrVar","v":"value"}," ನಿಮಿಷಗಳಲ್ಲಿ"]},"$x":[{"t":"idOrVar","v":"plural"},"value"]},{"$i":"hours-until-long","$v":{"zero":"ಇದೀಗ","one":"ಒಂದು ಗಂಟೆಯಲ್ಲಿ","two":[{"t":"idOrVar","v":"value"}," ಗಂಟೆಗಳಲ್ಲಿ"],"few":[{"t":"idOrVar","v":"value"}," ಗಂಟೆಗಳಲ್ಲಿ"],"many":[{"t":"idOrVar","v":"value"}," ಗಂಟೆಗಳಲ್ಲಿ"],"other":[{"t":"idOrVar","v":"value"}," ಗಂಟೆಗಳಲ್ಲಿ"]},"$x":[{"t":"idOrVar","v":"plural"},"value"]},{"$i":"days-until-long","$v":{"zero":"ಇಂದು","one":"ನಾಳೆ","two":[{"t":"idOrVar","v":"value"}," ದಿನಗಳಲ್ಲಿ"],"few":[{"t":"idOrVar","v":"value"}," ದಿನಗಳಲ್ಲಿ"],"many":[{"t":"idOrVar","v":"value"}," ದಿನಗಳಲ್ಲಿ"],"other":[{"t":"idOrVar","v":"value"}," ದಿನಗಳಲ್ಲಿ"]},"$x":[{"t":"idOrVar","v":"plural"},"value"]},{"$i":"weeks-until-long","$v":{"zero":"ಈ ವಾರ","one":"ಮುಂದಿನ ವಾರ","two":[{"t":"idOrVar","v":"value"}," ವಾರಗಳಲ್ಲಿ"],"few":[{"t":"idOrVar","v":"value"}," ವಾರಗಳಲ್ಲಿ"],"many":[{"t":"idOrVar","v":"value"}," ವಾರಗಳಲ್ಲಿ"],"other":[{"t":"idOrVar","v":"value"}," ವಾರಗಳಲ್ಲಿ"]},"$x":[{"t":"idOrVar","v":"plural"},"value"]},{"$i":"months-until-long","$v":{"zero":"ಈ ತಿಂಗಳು","one":"ಮುಂದಿನ ತಿಂಗಳು","two":[{"t":"idOrVar","v":"value"}," ತಿಂಗಳುಗಳಲ್ಲಿ"],"few":[{"t":"idOrVar","v":"value"}," ತಿಂಗಳುಗಳಲ್ಲಿ"],"many":[{"t":"idOrVar","v":"value"}," ತಿಂಗಳುಗಳಲ್ಲಿ"],"other":[{"t":"idOrVar","v":"value"}," ತಿಂಗಳುಗಳಲ್ಲಿ"]},"$x":[{"t":"idOrVar","v":"plural"},"value"]},{"$i":"years-until-long","$v":{"zero":"ಈ ವರ್ಷ","one":"ಮುಂದಿನ ವರ್ಷ","two":[{"t":"idOrVar","v":"value"}," ವರ್ಷಗಳಲ್ಲಿ"],"few":[{"t":"idOrVar","v":"value"}," ವರ್ಷಗಳಲ್ಲಿ"],"many":[{"t":"idOrVar","v":"value"}," ವರ್ಷಗಳಲ್ಲಿ"],"other":[{"t":"idOrVar","v":"value"}," ವರ್ಷಗಳಲ್ಲಿ"]},"$x":[{"t":"idOrVar","v":"plural"},"value"]},{"$i":"minutes-ago-short","$v":{"zero":"ಈಗಷ್ಟೇ","other":[{"t":"idOrVar","v":"value"},"ನಿಮಿಷಗಳ ಹಿಂದೆ"]},"$x":[{"t":"idOrVar","v":"plural"},"value"]},{"$i":"hours-ago-short","$v":{"zero":"ಈಗಷ್ಟೇ","other":[{"t":"idOrVar","v":"value"},"ಗಂಟೆಗಳ ಹಿಂದೆ"]},"$x":[{"t":"idOrVar","v":"plural"},"value"]},{"$i":"days-ago-short","$v":{"zero":"ಇಂದು","other":[{"t":"idOrVar","v":"value"},"ದಿನದ ಹಿಂದೆ"]},"$x":[{"t":"idOrVar","v":"plural"},"value"]},{"$i":"minutes-until-short","$v":{"zero":"ಇದೀಗ","other":[{"t":"idOrVar","v":"value"},"ನಿಮಿಷಗಳಲ್ಲಿ"]},"$x":[{"t":"idOrVar","v":"plural"},"value"]},{"$i":"hours-until-short","$v":{"zero":"ಇದೀಗ","other":[{"t":"idOrVar","v":"value"},"ಗಂಟೆಗಳಲ್ಲಿ"]},"$x":[{"t":"idOrVar","v":"plural"},"value"]},{"$i":"days-until-short","$v":{"zero":"ಇಂದು","other":[{"t":"idOrVar","v":"value"},"ದಿನದಲ್ಲಿ"]},"$x":[{"t":"idOrVar","v":"plural"},"value"]},{"$i":"dateTimeFormat_%c","$v":"%a %b %e %Y %I:%M:%S %p"},{"$i":"dateTimeFormat_%x","$v":"%m/%d/%Y"},{"$i":"dateTimeFormat_%X","$v":"%I:%M:%S %p"},{"$i":"shortTimeFormat","$v":"%I:%M %p"},{"$i":"shortTimeFormat12","$v":"%I:%M %p"},{"$i":"shortTimeFormat24","$v":"%H:%M"},{"$i":"shortDateTimeFormat","$v":"%x %I:%M %p"},{"$i":"weekStartsOnMonday","$v":"0"},{"$i":"firstDayOfTheWeek","$v":"0"},{"$i":"time_am","$v":"AM"},{"$i":"time_pm","$v":"PM"},{"$i":"softkey-options","$v":"ಆಯ್ಕೆಗಳು"},{"$i":"emergencyNumber","$v":"ತುರ್ತು ಸಂಖ್ಯೆ"},{"$i":"callAirplaneModeMessage","$v":"ಕರೆ ಮಾಡಲು ನೀವು ಸೆಟ್ಟಿಂಗ್‌ಗಳಲ್ಲಿ ಏರ್‌ಪ್ಲೇನ್ ಮೋಡ್ ಅನ್ನು ನಿಷ್ಕ್ರಿಯಗೊಳಿಸಬೇಕು."},{"$i":"callAirplaneModeBtnOk","$v":"ಸರಿ"},{"$i":"callAirplaneModeTitle","$v":"ಏರ್‌‌ಪ್ಲೇನ್ ಮೋಡ್ ಸಕ್ರಿಯಗೊಳಿಸಲಾಗಿದೆ"},{"$i":"numberIsBusyTitle","$v":"ಸಂಖ್ಯೆ ಕಾರ್ಯನಿರತವಾಗಿದೆ"},{"$i":"numberIsBusyMessage","$v":"ಸಂಖ್ಯೆಯು ಪ್ರಸ್ತುತ ಕಾರ್ಯನಿರತವಾಗಿದೆ. ದಯವಿಟ್ಟು ಪುನಃ ಪ್ರಯತ್ನಿಸಿ."},{"$i":"fdnIsActiveTitle","$v":"FDN ಸಕ್ರಿಯವಾಗಿದೆ"},{"$i":"fdnIsActiveMessage","$v":["FDN (ಫಿಕ್ಸಡ್ ಡಯಲಿಂಗ್ ಸಂಖ್ಯೆಗಳು) ಸಕ್ರಿಯಗೊಳಿಸಲಾಗಿದೆ ಹಾಗೂ ಈ ಕೆಳಗಿನ ಸಂಖ್ಯೆ ನಿಮ್ಮ FDN ಪಟ್ಟಿಯಲ್ಲಿಲ್ಲ: ",{"t":"idOrVar","v":"number"}]},{"$i":"emergencyDialogBodyBadNumber","$v":"ಕರೆ ಮಾಡಲು, ಫೋನ್‌ ನೆಟ್‌ವರ್ಕ್‌ಗೆ ಸಂಪರ್ಕಗೊಂಡಿರಬೇಕು."},{"$i":"emergencyDialogBodyDeviceNotAccepted","$v":"ತುರ್ತು ಕರೆಗಳನ್ನು ನೆಟ್‌ವರ್ಕ್‌ ಅನುಮತಿಸಿಲ್ಲ."},{"$i":"emergencyDialogBtnOk","$v":"ಸರಿ"},{"$i":"emergencyDialogTitle","$v":"ಯಾವುದೇ ನೆಟ್‌ವರ್ಕ್ ಸಂಪರ್ಕವಿಲ್ಲ"},{"$i":"invalidNumberToDialTitle","$v":"ಅಮಾನ್ಯ ಫೋನ್ ಸಂಖ್ಯೆ"},{"$i":"invalidNumberToDialMessage","$v":"ನೀವು ಕರೆ ಮಾಡುತ್ತಿರುವ ಫೋನ್‌ ನಂಬರ್ ಮಾನ್ಯವಲ್ಲ."},{"$i":"unableToCallTitle","$v":"ಈಗ ಫೋನ್ ಕರೆ ಮಾಡಲು ಅಸಾಧ್ಯ"},{"$i":"unableToCallMessage","$v":"ಒಂದು ಕರೆಯನ್ನು ಮಾಡಲಾಗದು. ನೀವು ಈಗಾಗಲೇ ಡಯಲ್ ಮಾಡುತ್ತಿದ್ದಲ್ಲಿ, ದಯವಿಟ್ಟು ಮೊದಲು ಕರೆಯನ್ನು ಕೊನೆಗೊಳಿಸಿ."},{"$i":"otherConnectionInUseTitle","$v":"ಇತರ ಸಂಪರ್ಕಗಳು ಬಳಕೆಯಲ್ಲಿವೆ"},{"$i":"otherConnectionInUseMessage","$v":"ಇನ್ನೊಂದು ಸಂಪರ್ಕದಲ್ಲಿ ನೀವು ಸಕ್ರಿಯ ಕರೆ ಹೊಂದಿದ್ದೀರಿ. ಒಂದು ಬಾರಿ ನೀವು ಒಂದು ಸಂಪರ್ಕವನ್ನು ಮಾತ್ರ ಬಳಸಬಹುದು."},{"$i":"connectingEllipsis","$v":"ಕನೆಕ್ಟ್ ಆಗುತ್ತಿದೆ"}]