[{"$i":"messages","$v":"संदेश"},{"$i":"deleteMessages-title","$v":"वेंच्चें"},{"$i":"selectThreads-title","$v":"वेंच्चें"},{"$i":"edit","$v":"संपादन"},{"$i":"back","$v":"फाटीं"},{"$i":"cancel","$v":"रद्द करचें"},{"$i":"undo","$v":"केल्लें ना करात"},{"$i":"done","$v":"केलें"},{"$i":"delete","$v":"पुसून उडयात"},{"$i":"deleting-messages","$v":"वगळायतात..."},{"$i":"select-all","$v":"सगळें वेंच्चें"},{"$i":"deselect-all","$v":"सगळ्याची वेंचणी रद्द करची"},{"$i":"selected-threads","$v":{"zero":"0 वेंचलें","one":[{"t":"idOrVar","v":"n"}," वेंचल्यात"],"two":[{"t":"idOrVar","v":"n"}," वेंचल्यात"],"few":[{"t":"idOrVar","v":"n"}," वेंचल्यात"],"many":[{"t":"idOrVar","v":"n"}," वेंचल्यात"],"other":[{"t":"idOrVar","v":"n"}," वेंचल्यात"]},"$x":[{"t":"idOrVar","v":"plural"},"n"]},{"$i":"selected-messages","$v":{"zero":"0 वेंचलें","one":[{"t":"idOrVar","v":"n"}," वेंचल्यात"],"two":[{"t":"idOrVar","v":"n"}," वेंचल्यात"],"few":[{"t":"idOrVar","v":"n"}," वेंचल्यात"],"many":[{"t":"idOrVar","v":"n"}," वेंचल्यात"],"other":[{"t":"idOrVar","v":"n"}," वेंचल्यात"]},"$x":[{"t":"idOrVar","v":"plural"},"n"]},{"$i":"selectThreads-label","$v":"धागे वेंच्चे"},{"$i":"selectMessages-label","$v":"संदेश वेंच्चो"},{"$i":"new-message","$v":"नवो संदेश"},{"$i":"delete-thread","$v":"धागो वगळावचो"},{"$i":"create-new-contact","$v":"नवो संपर्क निर्माण करचो"},{"$i":"add-to-contact","$v":"अस्तित्वातलो संपर्क कडेन जोडचें"},{"$i":"select-thread","$v":"धागो वेंच्चो"},{"$i":"settings","$v":"सेटिंग्स"},{"$i":"select","$v":"वेंच्चें"},{"$i":"sk-save-as-draft","$v":"ड्राफ्ट म्हूण सांबाळचो"},{"$i":"send","$v":"धाड"},{"$i":"add-contact","$v":"संपर्क जोडात"},{"$i":"add-suggestion","$v":"जोड"},{"$i":"add-subject","$v":"विशय जोडचो"},{"$i":"remove-subject","$v":"विशय काडचो"},{"$i":"add-attachment","$v":"जोडणी जोडची"},{"$i":"remove-attachment","$v":"जोडणी काडची"},{"$i":"replace-attachment","$v":"जोडणी बदलची"},{"$i":"select-messages","$v":"संदेश वेंच्चो"},{"$i":"call","$v":"कॉल"},{"$i":"forward","$v":"मुखार धाड"},{"$i":"view-message-report","$v":"संदेशाचो तपशील पळोवचो"},{"$i":"resend-message","$v":"हो संदेश परत धाडचो"},{"$i":"cancel-view-report","$v":"रद्द करचें"},{"$i":"ok","$v":"बरें आसा"},{"$i":"enter","$v":"Enter"},{"$i":"open","$v":"उकतें"},{"$i":"to","$v":"प्रती"},{"$i":"new","$v":"नवी"},{"$i":"message","$v":"संदेश"},{"$i":"messagesInput_placeholder","$v":"संदेश"},{"$i":"messagesSubjectInput_placeholder","$v":"विशय"},{"$i":"converted-to-mms","$v":"मल्टिमिडिया संदेशांत रुपांतर करचें."},{"$i":"converted-to-sms","$v":"लिखीत संदेशांत रुपांतर करचें."},{"$i":"messages-max-length-text","$v":"तुमी कमाल लांबाये कडेन पावल्यात."},{"$i":"messages-max-subject-length-text","$v":"विशयाच्या कमाल संख्येकडेन पावल्यात"},{"$i":"multimedia-message-exceeded-max-length","$v":["एकोड्या मल्टिमिडिया संदेशाची ",{"t":"idOrVar","v":"mmsSize"}," KB आकार मर्यादा तुमी हुपल्या. तें धाडूंक जोडण्यो काडच्यो वा संदेश ल्हान करचो."]},{"$i":"newMessage","$v":"नवो संदेश"},{"$i":"sendMessage","$v":"संदेश धाडचो"},{"$i":"sendMMSToEmail","$v":"मल्टीमिडिया संदेश धाडचो"},{"$i":"no-recipient","$v":"(प्राप्तकर्ता ना)"},{"$i":"recipient","$v":{"one":[{"t":"idOrVar","v":"n"}," प्राप्तकर्ता"],"two":[{"t":"idOrVar","v":"n"}," प्राप्तकर्ते"],"few":[{"t":"idOrVar","v":"n"}," प्राप्तकर्ते"],"many":[{"t":"idOrVar","v":"n"}," प्राप्तकर्ते"],"other":[{"t":"idOrVar","v":"n"}," प्राप्तकर्ते"]},"$x":[{"t":"idOrVar","v":"plural"},"n"]},{"$i":"attachmentSizeB","$v":[{"t":"idOrVar","v":"n"}," B"]},{"$i":"attachmentSizeKB","$v":[{"t":"idOrVar","v":"n"}," KB"]},{"$i":"attachmentSizeMB","$v":[{"t":"idOrVar","v":"n"}," MB"]},{"$i":"attachmentOpenError","$v":"हो फायल प्रकार उगडूंक ऍप्लिकेशन उपलब्ध ना"},{"$i":"remove","$v":"काडात"},{"$i":"participant","$v":{"one":[{"t":"idOrVar","v":"n"}," सहभागी"],"two":[{"t":"idOrVar","v":"n"}," सहभागी"],"few":[{"t":"idOrVar","v":"n"}," सहभागी"],"many":[{"t":"idOrVar","v":"n"}," सहभागी"],"other":[{"t":"idOrVar","v":"n"}," सहभागी"]},"$x":[{"t":"idOrVar","v":"plural"},"n"]},{"$i":"message-report","$v":"संदेशाचो अहवाल"},{"$i":"message-type-sms","$v":"लिखीताचो संदेश (SMS)"},{"$i":"message-type-mms","$v":"मल्टिमिडिया संदेश (MMS)"},{"$i":"sms-report-description","$v":["तुमचो लिखीत संदेश (SMS), ",{"t":"idOrVar","v":"datetime"}," वेर धाडिल्लो"]},{"$i":"mms-report-description","$v":["तुमचो मल्टिमिडिया संदेश (MMS), विशय ",{"t":"idOrVar","v":"subject"},", ",{"t":"idOrVar","v":"datetime"}," धाडिल्ले"]},{"$i":"mms-no-subject-report-description","$v":["तुमचो मल्टिमिडिया संदेश (MMS), ",{"t":"idOrVar","v":"datetime"}," धाडिल्ले"]},{"$i":"message-subject","$v":"विशय:"},{"$i":"report-status-error","$v":"संदेश धाडले नात"},{"$i":"report-status-not-downloaded","$v":"डावनलोड करूंक ना"},{"$i":"report-status-delivered","$v":"रवानगी:"},{"$i":"report-status-read","$v":"वाचन:"},{"$i":"report-status-pending","$v":"अहवालाची विनंती केल्या"},{"$i":"report-status-rejected","$v":"संदेश न्हयकारलो"},{"$i":"message-size-was","$v":"संदेशाचो आकार:"},{"$i":"report-dateTimeFormat12","$v":["%e %B %Y, ",{"t":"idOrVar","v":"shortTimeFormat12"}]},{"$i":"report-dateTimeFormat24","$v":["%e %B %Y, ",{"t":"idOrVar","v":"shortTimeFormat24"}]},{"$i":"report-to-title","$v":"प्रती"},{"$i":"report-from-title","$v":"हाचे कडल्यान"},{"$i":"message-sent","$v":"धाडलें:"},{"$i":"message-sending","$v":[{"t":"idOrVar","v":"message-delivery-status-sending"}]},{"$i":"message-received","$v":"मेळ्ळें:"},{"$i":"message-via","$v":"वरवीं:"},{"$i":"message-resend","$v":"परत धाड"},{"$i":"search","$v":"सोदप"},{"$i":"unknown-contact-title","$v":"अज्ञात संपर्क"},{"$i":"phone-type-separator","$v":", "},{"$i":"phone-carrier-separator","$v":" "},{"$i":"thread-participant-separator","$v":", "},{"$i":"replace-draft","$v":"सद्याचो ड्राफ्ट बदलचो"},{"$i":"save-as-draft","$v":"सांबाळ"},{"$i":"discard-message","$v":"काडून उडोवप"},{"$i":"discard-sms","$v":"तुमकां हो संदेश बडतर्फ करचो आसा हाची तुमकां खात्री आसा?"},{"$i":"discard-new-message","$v":"तुमी रचणाय करतात तो संदेश बडतर्फ करचो आनी नवो संदेश उगडचो?"},{"$i":"resend-confirmation","$v":"संदेश धाडलो ना. परत यत्न करचो?"},{"$i":"deleteMessage-confirmation","$v":"वेंचीक संदेश वगळावचे?"},{"$i":"deleteMessages-confirmation","$v":"वेंचीक संदेश वगळावचे?"},{"$i":"deleteThreads-confirmation2","$v":{"one":"वेंचीक संदेश धागो वगळावचो?","other":"वेंचीक संदेश धागे वगळावचे?"},"$x":[{"t":"idOrVar","v":"plural"},"n"]},{"$i":"new-message-notice-text","$v":"हाचे कडल्यान नवो संदेश"},{"$i":"new-message-notice-a-text","$v":"तें वाचचें"},{"$i":"noMessages-title","$v":"संदेश नात"},{"$i":"noMessages-text","$v":"दळणवळण सुरू करूंक नवो संदेश दामचो."},{"$i":"sendDefaultErrorTitle","$v":"संदेश धाडूंक ना"},{"$i":"sendDefaultErrorBody","$v":"संदेश धाडटना समस्या आयली. उपकार करून परत यत्न करात."},{"$i":"sendDefaultErrorBtnOk","$v":"बरें आसा"},{"$i":"sendMissingSimCardTitle","$v":"शेणयलें SIM कार्ड"},{"$i":"sendMissingSimCardBody","$v":"फुडें चालू दवरूंक एक वैध SIM कार्ड रिगोवचें."},{"$i":"sendMissingSimCardBtnOk","$v":"बरें आसा"},{"$i":"sendFlightModeTitle","$v":"विमान मोड क्रियाशील केला"},{"$i":"sendFlightModeBody","$v":"संदेश धाडूंक विमान मोड बंद करचो."},{"$i":"sendFlightModeBtnOk","$v":"बरें आसा"},{"$i":"radioDisabledToDownloadTitle","$v":[{"t":"idOrVar","v":"sendFlightModeTitle"}]},{"$i":"radioDisabledToDownloadBody","$v":"जोडण्यो डावनलोड करूंक विमान मोड बंद करचो."},{"$i":"radioDisabledToDownloadBtnOk","$v":[{"t":"idOrVar","v":"sendFlightModeBtnOk"}]},{"$i":"fdnErrorTitle","$v":"FDN क्रियाशील"},{"$i":"needConnectWifiBody","$v":"सॅल्युलर नॅटवर्क उपलब्ध ना. संदेशा खातीर उपलब्ध WiFi नॅटवर्क कडेन कनॅक्ट करचें."},{"$i":"needConnectWifiTitle","$v":"संदेश धाडूंक ना"},{"$i":"sms-counter-notice-label","$v":["SMS ",{"t":"idOrVar","v":"number"}," संपादन करचो"]},{"$i":"fdnErrorBody","innerHTML":{"$x":[{"t":"idOrVar","v":"plural"},"n"],"$v":{"one":"FDN (स्थिर डायलींग नंबर) क्रियाशील केल्लो आसा. SMS केंद्र आनी संबंदीत प्राप्तकर्ता तुमच्या FDN सुचयेंत आसा हाची खात्री करून घेवची:","two":"FDN (स्थिर डायलींग नंबर) क्रियाशील केल्लो आसा. SMS केंद्र आनी संबंदीत प्राप्तकर्ते तुमच्या FDN सुचयेंत आसा हाची खात्री करून घेवची:","few":"FDN (स्थिर डायलींग नंबर) क्रियाशील केल्लो आसा. SMS केंद्र आनी संबंदीत प्राप्तकर्ते तुमच्या FDN सुचयेंत आसा हाची खात्री करून घेवची:","many":"FDN (स्थिर डायलींग नंबर) क्रियाशील केल्लो आसा. SMS केंद्र आनी संबंदीत प्राप्तकर्ते तुमच्या FDN सुचयेंत आसा हाची खात्री करून घेवची:","other":"FDN (स्थिर डायलींग नंबर) क्रियाशील केल्लो आसा. SMS केंद्र आनी संबंदीत प्राप्तकर्ते तुमच्या FDN सुचयेंत आसा हाची खात्री करून घेवची:"}}},{"$i":"fdnErrorBtnOk","$v":"बरें आसा"},{"$i":"switchSimToRetrieveTitle","$v":"डेटा कनॅक्शन कडेन वच्चें"},{"$i":"switchSimToRetrieveBody","$v":["MMS परत मेळोवंक SIM ",{"t":"idOrVar","v":"nonActiveSimId"}," कडेन डेटा कनॅक्शन स्विच करचें. SIM ",{"t":"idOrVar","v":"activeSimId"}," वयलें सद्याचें डेटा स्थलांतरण निलंबीत करतले. किदेंय आसूं फुडें वचचें?"]},{"$i":"switchSimToRetrieveBtnOk","$v":"मागीर"},{"$i":"switchSimToRetrieveConfirm","$v":"बरें आसा"},{"$i":"switchSimToSendTitle","$v":[{"t":"idOrVar","v":"switchSimToRetrieveTitle"}]},{"$i":"switchSimToSendBody","$v":["MMS परत मेळोवंक SIM ",{"t":"idOrVar","v":"nonActiveSimId"}," कडेन डेटा कनॅक्शन स्विच करचें. SIM ",{"t":"idOrVar","v":"activeSimId"}," वयलें सद्याचें डेटा स्थलांतरण निलंबीत करतले. किदेंय आसूं फुडें वचचें?"]},{"$i":"switchSimToSendBtnOk","$v":[{"t":"idOrVar","v":"switchSimToRetrieveBtnOk"}]},{"$i":"switchSimToSendConfirm","$v":[{"t":"idOrVar","v":"switchSimToRetrieveConfirm"}]},{"$i":"sendNoSignalErrorTitle","$v":"नॅटवर्क कवरेज ना"},{"$i":"sendNoSignalErrorBody","$v":"तुमकां मोबायल सिग्नल आसा हाची खात्री करची आनी परत यत्न करचो"},{"$i":"sendNoSignalErrorBtnOk","$v":"बरें आसा"},{"$i":"sendNotFoundErrorTitle","$v":"संदेश मेळ्ळो ना"},{"$i":"sendNotFoundErrorBody","$v":"तुमी सोदतात तो संदेश आनीक उपलब्ध ना"},{"$i":"sendNotFoundErrorBtnOk","$v":"बरें आसा"},{"$i":"sendInvalidAddressErrorTitle","$v":"अवैध नंबर"},{"$i":"sendInvalidAddressErrorBody","$v":"तुमी धाडिल्लो मोबायल नंबर वैध आसा हाची खात्री करून घेवची"},{"$i":"sendInvalidAddressErrorBtnOk","$v":"बरें आसा"},{"$i":"simNotMatchedErrorTitle","$v":"डावनलोड करूंक असमर्थ"},{"$i":"simNotMatchedErrorBody","$v":"उपकार करून हो संदेश मेळोवंक वापरिल्लें तेंच SIM कार्ड आसा हाची खात्री करून घेवची"},{"$i":"simNotMatchedErrorBtnOk","$v":"बरें आसा"},{"$i":"deleted-sms","$v":"हो संदेश आदींच वगळायला"},{"$i":"view-attachment-image","$v":"दृश्य"},{"$i":"view-attachment-audio","$v":"आयकुचें"},{"$i":"view-attachment-video","$v":"दृश्य"},{"$i":"view-attachment-other","$v":"दृश्य"},{"$i":"remove-attachment-image","$v":"प्रतिमा काडची"},{"$i":"remove-attachment-audio","$v":"ऑडियो काडचो"},{"$i":"remove-attachment-video","$v":"व्हिडियो काड"},{"$i":"remove-attachment-other","$v":"जोडणी काडची"},{"$i":"replace-attachment-image","$v":"प्रतिमा बदलची"},{"$i":"replace-attachment-audio","$v":"ऑडियो बदलचो"},{"$i":"replace-attachment-video","$v":"व्हिडियो बदलचो"},{"$i":"replace-attachment-other","$v":"जोडणी बदलची"},{"$i":"unsent-message-title","$v":"धाडूंक नाशिल्लो संदेश"},{"$i":"unsent-message-description","$v":"तुमचो आदलो संदेश धाडलो ना. तुमकां धाडूंक नाशिल्लो संदेश संपादन करचो आसा वा तो काडचो आसा आनी फुडें वच्चें आसा?"},{"$i":"unsent-message-option-edit","$v":"संपादन"},{"$i":"unsent-message-option-discard","$v":"काडून उडोवप"},{"$i":"message-options","$v":"संदेश पर्याय"},{"$i":"select-text","$v":"मजकूर वेंच"},{"$i":"mobile","$v":"मोबायल"},{"$i":"home","$v":"घर"},{"$i":"work","$v":"काम"},{"$i":"personal","$v":"वैयक्तीक"},{"$i":"faxHome","$v":"फॅक्स घर"},{"$i":"faxOffice","$v":"फॅक्स कचेरी"},{"$i":"faxOther","$v":"फॅक्स हेर"},{"$i":"another","$v":"दुसरें"},{"$i":"other","$v":"हेर"},{"$i":"today","$v":"आयज"},{"$i":"yesterday","$v":"काल"},{"$i":"incorrectDate","$v":"(चुकीची तारीख)"},{"$i":"addToExistingContact","$v":"अस्तित्वातलो संपर्क कडेन जोडचें"},{"$i":"createNewContact","$v":"नवो संपर्क निर्माण करचो"},{"$i":"viewContact","$v":"संपर्क पळोवचो"},{"$i":"sendEmail","$v":"ईमेल धाडचो"},{"$i":"mms-message","$v":"MMS संदेश"},{"$i":"notDownloaded-title","$v":"संदेश अजून डावनलोड जावंक ना."},{"$i":"tobedownloaded-attachment","$v":"तुमकां एक मल्टीमिडिया संदेश मेळ्ळा, समाप्ती_तारखे पयलीं तातूंतलो मजकूर मेळोवंक डावनलोड दामचो."},{"$i":"expired-attachment","$v":["माफ करचें, संदेश ",{"t":"idOrVar","v":"date"}," सोंपलो आनी डावनलोड करूंक मेळना"]},{"$i":"download-attachment","$v":"डावनलोड"},{"$i":"downloading-attachment","$v":"डावनलोड जातात..."},{"$i":"download-complete","$v":"डावनलोड पुराय"},{"$i":"unnamed-attachment","$v":"शीर्षक नाशिल्लें"},{"$i":"mms-label","$v":"MMS"},{"$i":"attached-files-too-large","$v":{"zero":["एकोड्या मल्टीमिडिया संदेशाची आकार मर्यादा ",{"t":"idOrVar","v":"mmsSize"}," KB तुमी वेंचिल्ल्यो फायली हुपतात"],"one":["एकोड्या मल्टीमिडिया संदेशाची आकार मर्यादा ",{"t":"idOrVar","v":"mmsSize"}," KB तुमी वेंचिल्ली फायल हुपता"],"two":["एकोड्या मल्टीमिडिया संदेशाची आकार मर्यादा ",{"t":"idOrVar","v":"mmsSize"}," KB तुमी वेंचिल्ल्यो फायली हुपतात"],"few":["एकोड्या मल्टीमिडिया संदेशाची आकार मर्यादा ",{"t":"idOrVar","v":"mmsSize"}," KB तुमी वेंचिल्ल्यो फायली हुपतात"],"many":["एकोड्या मल्टीमिडिया संदेशाची आकार मर्यादा ",{"t":"idOrVar","v":"mmsSize"}," KB तुमी वेंचिल्ल्यो फायली हुपतात"],"other":["एकोड्या मल्टीमिडिया संदेशाची आकार मर्यादा ",{"t":"idOrVar","v":"mmsSize"}," KB तुमी वेंचिल्ल्यो फायली हुपतात"]},"$x":[{"t":"idOrVar","v":"plural"},"n"]},{"$i":"resize-image","$v":"जोडिल्ल्या प्रतिमेचो आकार परत सारको करचो"},{"$i":"no-attachment-text","$v":"जोडिल्ल्या फायली वांगडा समस्या आसा आनी ती डावनलोड करूंक शकनात"},{"$i":"message-draft-saved","$v":"संदेश ड्राफ्टांत सांबाळ्ळो"},{"$i":"sim-id-label","$v":["SIM ",{"t":"idOrVar","v":"id"}]},{"$i":"sim-detail","$v":["SIM ",{"t":"idOrVar","v":"id"},", ",{"t":"idOrVar","v":"detailString"}]},{"$i":"dsds-notification-title-with-sim","$v":["(",{"t":"idOrVar","v":"sim"},") ",{"t":"idOrVar","v":"sender"}]},{"$i":"send-button","ariaLabel":"धाड"},{"$i":"send-button-sim-indication","$v":[{"t":"idOrVar","v":"n"}],"ariaLabel":["SIM ",{"t":"idOrVar","v":"n"}," वापरून"]},{"$i":"expiry-date-format","$v":"%A, %b %e"},{"$i":"attach-button","ariaLabel":"जोडणी जोडची"},{"$i":"contact-photo","ariaLabel":"संपर्क फोटो"},{"$i":"unread-thread","ariaLabel":"वाचूंक ना"},{"$i":"has-draft","ariaLabel":"ड्राफ्ट आसा"},{"$i":"is-draft","ariaLabel":"समुदो"},{"$i":"message-delivery-status-sending","$v":"धाडटा..."},{"$i":"message-delivery-status-delivered","ariaLabel":"पावयले"},{"$i":"message-delivery-status-read","ariaLabel":"वाच"},{"$i":"message-delivery-status-error","ariaLabel":"त्रृटी"},{"$i":"modal-dialog-ok-button","$v":"बरें आसा"},{"$i":"modal-dialog-cancel-button","$v":"रद्द करचें"},{"$i":"modal-dialog-default-title","$v":"संदेश"},{"$i":"tcl-delete-message","$v":"संदेश वगळायले"},{"$i":"tcl-sending-message-toast","$v":"संदेश धाडटां..."},{"$i":"tcl-message-converted-to-toast","$v":["संदेश ",{"t":"idOrVar","v":"type"}," त रुपांतरीत केले"]},{"$i":"tcl-message-sent-toast","$v":"संदेश धाडलो"},{"$i":"tcl-deleteMessage-confirmation2","$v":"वेंचीक संदेश धागो वगळावचो?"},{"$i":"tcl-deleted-message","$v":{"zero":"0 संदेश वगळायलो","one":[{"t":"idOrVar","v":"n"}," संदेश वगळायल्यात"],"two":[{"t":"idOrVar","v":"n"}," संदेश वगळायल्यात"],"few":[{"t":"idOrVar","v":"n"}," संदेश वगळायल्यात"],"many":[{"t":"idOrVar","v":"n"}," संदेश वगळायल्यात"],"other":[{"t":"idOrVar","v":"n"}," संदेश वगळायल्यात"]},"$x":[{"t":"idOrVar","v":"plural"},"n"]},{"$i":"tcl-deleted-threads","$v":{"zero":"0 धागो वगळायलो","one":"धागो वगळायलो","two":[{"t":"idOrVar","v":"n"}," संदेश धागे वगळायल्यात"],"few":[{"t":"idOrVar","v":"n"}," संदेश धागे वगळायल्यात"],"many":[{"t":"idOrVar","v":"n"}," संदेश धागे वगळायल्यात"],"other":[{"t":"idOrVar","v":"n"}," संदेश धागे वगळायल्यात"]},"$x":[{"t":"idOrVar","v":"plural"},"n"]},{"$i":"tcl-simSettings","$v":"म्हायती"},{"$i":"tcl-unknown-SMSC","$v":"म्हायती उपलब्ध ना"},{"$i":"tcl-sim1","$v":"सेवा केंद्र SIM1"},{"$i":"tcl-sim2","$v":"सेवा केंद्र SIM2"},{"$i":"tcl-auto-retrieve","$v":"स्वयं पुनर्प्राप्ती"},{"$i":"tcl-wapPushMessages","$v":"WAP धुकलप संदेश"},{"$i":"tcl-wapPush","$v":"WAP धुकलप"},{"$i":"tcl-wap-push-on","$v":"चालू"},{"$i":"tcl-wap-push-off","$v":"कुशीक"},{"$i":"tcl-auto-retrieve-messages","$v":"स्वयं पुनर्प्राप्ती संदेश"},{"$i":"tcl-manual-retrieve","$v":"कुशीक"},{"$i":"tcl-auto-roaming-retrieve","$v":"रोमींग वांगडा चालू"},{"$i":"tcl-auto-no-roaming-retrieve","$v":"रोमींग शिवाय चालू"},{"$i":"tcl-message-read-reports","$v":"अहवाल वाचचे"},{"$i":"tcl-read-reports-on","$v":"चालू"},{"$i":"tcl-read-reports-off","$v":"कुशीक"},{"$i":"tcl-mmsTitle","$v":"मल्टिमिडिया संदेश (MMS)"},{"$i":"tcl-message-delivery-reports","$v":"पावयल्ल्याचो अहवाल"},{"$i":"tcl-delivery-reports-on","$v":"चालू"},{"$i":"tcl-delivery-reports-off","$v":"कुशीक"},{"$i":"tcl-message-confirmation","$v":"संदेशाची खात्री"},{"$i":"tcl-messageReport-title","$v":"संदेशाचो तपशील"},{"$i":"tcl-mms-label","$v":"MMS"},{"$i":"tcl-sms-label","$v":"SMS"},{"$i":"tcl-messaging-settings","$v":"संदेश मांडावळी"},{"$i":"tcl-messagingSettings-header","$v":[{"t":"idOrVar","v":"tcl-messaging-settings"}]},{"$i":"tcl-confirmation-title","$v":"खात्री"},{"$i":"tcl-draft-save-content","$v":"ड्राफ्ट म्हूण सांबाळचो?"},{"$i":"tcl-draft-discard-content","$v":"संदेश रद्द केलो"},{"$i":"tcl-switch-on","$v":"चालू"},{"$i":"tcl-switch-off","$v":"कुशीक"},{"$i":"tcl-delivery-report-desc","$v":"धाडिल्ल्या दरेक संदेशा खातीर डिलिवरी अधिसुचोवणेची विनंती करची"},{"$i":"tcl-read-report-desc","$v":"धाडिल्ल्या दरेक संदेशा खातीर वाचिल्ल्या अहवालाची विनंती करची"},{"$i":"tcl-auto-retrieve-desc","$v":"आपसूक संदेश परत मेळय"},{"$i":"tcl-confirm-dialog-ok","$v":"बरें आसा"},{"$i":"tcl-yes","$v":"हय"},{"$i":"tcl-no","$v":"ना"},{"$i":"tcl-delete-current-thread?","$v":"वेंचीक संदेश धागो वगळावचो?"},{"$i":"tcl-attention","$v":"लक्ष दियात"},{"$i":"tcl-options","$v":"पर्याय"},{"$i":"send-failed","$v":"धाडपाक अपेस"},{"$i":"subject-removed","$v":"विशय काडलो."},{"$i":"media-storage-limit-alert-title","$v":"सांठवण उपाट"},{"$i":"media-storage-limit-alert-body","$v":"आनीक मेकळ्या सुवाती खातीर तुमी कांय मिडिया फायली वा वेवस्थापक ऍप्लिकेशन डेटा वगळावंक शकतात."},{"$i":"media-storage-limit-alert-cancel","$v":"रद्द करचें"},{"$i":"media-storage-limit-alert-setting","$v":"मांडावळीनीं वच्चें"},{"$i":"email","$v":"ईमेल"},{"$i":"go","$v":"चल"},{"$i":"weekday-0-long","$v":"आयतार"},{"$i":"weekday-1-long","$v":"सोमार"},{"$i":"weekday-2-long","$v":"मंगळार"},{"$i":"weekday-3-long","$v":"बुधवार"},{"$i":"weekday-4-long","$v":"बिरेस्तार"},{"$i":"weekday-5-long","$v":"शुक्रार"},{"$i":"weekday-6-long","$v":"शेनवार"},{"$i":"weekday-0-short","$v":"सुर्य"},{"$i":"weekday-1-short","$v":"सोमार"},{"$i":"weekday-2-short","$v":"मं"},{"$i":"weekday-3-short","$v":"बुध"},{"$i":"weekday-4-short","$v":"बिरे"},{"$i":"weekday-5-short","$v":"शुक्र"},{"$i":"weekday-6-short","$v":"शे"},{"$i":"month-0-long","$v":"जानेवारी"},{"$i":"month-1-long","$v":"फेब्रुवारी"},{"$i":"month-2-long","$v":"मार्च"},{"$i":"month-3-long","$v":"एप्रिल"},{"$i":"month-4-long","$v":"माय"},{"$i":"month-5-long","$v":"जून"},{"$i":"month-6-long","$v":"जुलाय"},{"$i":"month-7-long","$v":"आगोस्त"},{"$i":"month-8-long","$v":"सप्टेंबर"},{"$i":"month-9-long","$v":"ऑक्टोबर"},{"$i":"month-10-long","$v":"नोव्हेंबर"},{"$i":"month-11-long","$v":"डिसेंबर"},{"$i":"month-0-genitive","$v":"जानेवारी"},{"$i":"month-1-genitive","$v":"फेब्रुवारी"},{"$i":"month-2-genitive","$v":"मार्च"},{"$i":"month-3-genitive","$v":"एप्रिल"},{"$i":"month-4-genitive","$v":"माय"},{"$i":"month-5-genitive","$v":"जून"},{"$i":"month-6-genitive","$v":"जुलाय"},{"$i":"month-7-genitive","$v":"आगोस्त"},{"$i":"month-8-genitive","$v":"सप्टेंबर"},{"$i":"month-9-genitive","$v":"ऑक्टोबर"},{"$i":"month-10-genitive","$v":"नोव्हेंबर"},{"$i":"month-11-genitive","$v":"डिसेंबर"},{"$i":"month-0-short","$v":"जान"},{"$i":"month-1-short","$v":"फेब्रु"},{"$i":"month-2-short","$v":"मार"},{"$i":"month-3-short","$v":"एप्री"},{"$i":"month-4-short","$v":"माय"},{"$i":"month-5-short","$v":"जू"},{"$i":"month-6-short","$v":"जुला"},{"$i":"month-7-short","$v":"आगो"},{"$i":"month-8-short","$v":"सप्ट"},{"$i":"month-9-short","$v":"ऑक्टो"},{"$i":"month-10-short","$v":"नो"},{"$i":"month-11-short","$v":"डिसें"},{"$i":"minutes-ago-long","$v":{"zero":"आतांच","one":"एक मिनीट आदीं","two":[{"t":"idOrVar","v":"value"}," मिन्टां आदीं"],"few":[{"t":"idOrVar","v":"value"}," मिन्टां आदीं"],"many":[{"t":"idOrVar","v":"value"}," मिन्टां आदीं"],"other":[{"t":"idOrVar","v":"value"}," मिन्टां आदीं"]},"$x":[{"t":"idOrVar","v":"plural"},"value"]},{"$i":"hours-ago-long","$v":{"zero":"आतांच","one":"एक वरा आदीं","two":[{"t":"idOrVar","v":"value"}," वरां आदीं"],"few":[{"t":"idOrVar","v":"value"}," वरां आदीं"],"many":[{"t":"idOrVar","v":"value"}," वरां आदीं"],"other":[{"t":"idOrVar","v":"value"}," वरां आदीं"]},"$x":[{"t":"idOrVar","v":"plural"},"value"]},{"$i":"days-ago-long","$v":{"zero":"आयज","one":"काल","two":[{"t":"idOrVar","v":"value"}," दीसां आदीं"],"few":[{"t":"idOrVar","v":"value"}," दीसां आदीं"],"many":[{"t":"idOrVar","v":"value"}," दीसां आदीं"],"other":[{"t":"idOrVar","v":"value"}," दीसां आदीं"]},"$x":[{"t":"idOrVar","v":"plural"},"value"]},{"$i":"weeks-ago-long","$v":{"zero":"हो सप्तक","one":"निमाणो सप्तक","two":[{"t":"idOrVar","v":"value"}," सप्तकां आदीं"],"few":[{"t":"idOrVar","v":"value"}," सप्तकां आदीं"],"many":[{"t":"idOrVar","v":"value"}," सप्तकां आदीं"],"other":[{"t":"idOrVar","v":"value"}," सप्तकां आदीं"]},"$x":[{"t":"idOrVar","v":"plural"},"value"]},{"$i":"months-ago-long","$v":{"zero":"हो म्हयनो","one":"निमाणो म्हयनो","two":[{"t":"idOrVar","v":"value"}," म्हयन्यां आदीं"],"few":[{"t":"idOrVar","v":"value"}," म्हयन्यां आदीं"],"many":[{"t":"idOrVar","v":"value"}," म्हयन्यां आदीं"],"other":[{"t":"idOrVar","v":"value"}," म्हयन्यां आदीं"]},"$x":[{"t":"idOrVar","v":"plural"},"value"]},{"$i":"years-ago-long","$v":{"zero":"हें वर्स","one":"निमाणें वर्स","two":[{"t":"idOrVar","v":"value"}," वर्सां आदीं"],"few":[{"t":"idOrVar","v":"value"}," वर्सां आदीं"],"many":[{"t":"idOrVar","v":"value"}," वर्सां आदीं"],"other":[{"t":"idOrVar","v":"value"}," वर्सां आदीं"]},"$x":[{"t":"idOrVar","v":"plural"},"value"]},{"$i":"minutes-until-long","$v":{"zero":"आतां","one":"एका मिन्टान","two":[{"t":"idOrVar","v":"value"}," मिन्टांनी"],"few":[{"t":"idOrVar","v":"value"}," मिन्टांनी"],"many":[{"t":"idOrVar","v":"value"}," मिन्टांनी"],"other":[{"t":"idOrVar","v":"value"}," मिन्टांनी"]},"$x":[{"t":"idOrVar","v":"plural"},"value"]},{"$i":"hours-until-long","$v":{"zero":"आतां","one":"एका वरान","two":[{"t":"idOrVar","v":"value"}," वरांनी"],"few":[{"t":"idOrVar","v":"value"}," वरांनी"],"many":[{"t":"idOrVar","v":"value"}," वरांनी"],"other":[{"t":"idOrVar","v":"value"}," वरांनी"]},"$x":[{"t":"idOrVar","v":"plural"},"value"]},{"$i":"days-until-long","$v":{"zero":"आयज","one":"फाल्यां","two":[{"t":"idOrVar","v":"value"}," दिसांनी"],"few":[{"t":"idOrVar","v":"value"}," दिसांनी"],"many":[{"t":"idOrVar","v":"value"}," दिसांनी"],"other":[{"t":"idOrVar","v":"value"}," दिसांनी"]},"$x":[{"t":"idOrVar","v":"plural"},"value"]},{"$i":"weeks-until-long","$v":{"zero":"हो सप्तक","one":"नवो सप्तक","two":[{"t":"idOrVar","v":"value"}," सप्तकांनी"],"few":[{"t":"idOrVar","v":"value"}," सप्तकांनी"],"many":[{"t":"idOrVar","v":"value"}," सप्तकांनी"],"other":[{"t":"idOrVar","v":"value"}," सप्तकांनी"]},"$x":[{"t":"idOrVar","v":"plural"},"value"]},{"$i":"months-until-long","$v":{"zero":"हो म्हयनो","one":"फुडलो म्हयनो","two":[{"t":"idOrVar","v":"value"}," म्हयन्यांनीं"],"few":[{"t":"idOrVar","v":"value"}," म्हयन्यांनीं"],"many":[{"t":"idOrVar","v":"value"}," म्हयन्यांनीं"],"other":[{"t":"idOrVar","v":"value"}," म्हयन्यांनीं"]},"$x":[{"t":"idOrVar","v":"plural"},"value"]},{"$i":"years-until-long","$v":{"zero":"हें वर्स","one":"नवें वर्स","two":[{"t":"idOrVar","v":"value"}," वर्सांनी"],"few":[{"t":"idOrVar","v":"value"}," वर्सांनी"],"many":[{"t":"idOrVar","v":"value"}," वर्सांनी"],"other":[{"t":"idOrVar","v":"value"}," वर्सांनी"]},"$x":[{"t":"idOrVar","v":"plural"},"value"]},{"$i":"minutes-ago-short","$v":{"zero":"आतांच","other":[{"t":"idOrVar","v":"value"},"म्ह आदीं"]},"$x":[{"t":"idOrVar","v":"plural"},"value"]},{"$i":"hours-ago-short","$v":{"zero":"आतांच","other":[{"t":"idOrVar","v":"value"}," व आदीं"]},"$x":[{"t":"idOrVar","v":"plural"},"value"]},{"$i":"days-ago-short","$v":{"zero":"आयज","other":[{"t":"idOrVar","v":"value"},"दी आदीं"]},"$x":[{"t":"idOrVar","v":"plural"},"value"]},{"$i":"minutes-until-short","$v":{"zero":"आतां","other":[{"t":"idOrVar","v":"value"}," मि"]},"$x":[{"t":"idOrVar","v":"plural"},"value"]},{"$i":"hours-until-short","$v":{"zero":"आतां","other":[{"t":"idOrVar","v":"value"}," वर"]},"$x":[{"t":"idOrVar","v":"plural"},"value"]},{"$i":"days-until-short","$v":{"zero":"आयज","other":[{"t":"idOrVar","v":"value"}," दी"]},"$x":[{"t":"idOrVar","v":"plural"},"value"]},{"$i":"dateTimeFormat_%c","$v":"%a %b %e %Y %I:%M:%S %p"},{"$i":"dateTimeFormat_%x","$v":"%m/%d/%Y"},{"$i":"dateTimeFormat_%X","$v":"%I:%M:%S %p"},{"$i":"shortTimeFormat","$v":"%I:%M %p"},{"$i":"shortTimeFormat12","$v":"%I:%M %p"},{"$i":"shortTimeFormat24","$v":"%H:%M"},{"$i":"shortDateTimeFormat","$v":"%x %I:%M %p"},{"$i":"weekStartsOnMonday","$v":"0"},{"$i":"firstDayOfTheWeek","$v":"0"},{"$i":"time_am","$v":"AM"},{"$i":"time_pm","$v":"PM"},{"$i":"softkey-options","$v":"पर्याय"},{"$i":"emergencyNumber","$v":"आपतकाल नंबर"},{"$i":"callAirplaneModeMessage","$v":"कॉल करूंक तुमी मांडावळीत विमान मोड निश्क्रीय करूंक जाय"},{"$i":"callAirplaneModeBtnOk","$v":"बरें आसा"},{"$i":"callAirplaneModeTitle","$v":"विमान मोड क्रियाशील केला"},{"$i":"numberIsBusyTitle","$v":"नंबर व्यस्त आसा"},{"$i":"numberIsBusyMessage","$v":"नंबर सद्या व्यस्त आसा. उपकार करून मागीर परत यत्न करचो."},{"$i":"fdnIsActiveTitle","$v":"FDN क्रियाशील"},{"$i":"fdnIsActiveMessage","$v":["FDN (स्थिर डायलींग नंबर) क्रियाशील केल्लो आसा आनी मुखावयलो नंबर FDN सुचयेंत ना: ",{"t":"idOrVar","v":"number"}]},{"$i":"emergencyDialogBodyBadNumber","$v":"कॉल करूंक, फोन नॅटवर्क कडेन कनॅक्ट करूंक जाय"},{"$i":"emergencyDialogBodyDeviceNotAccepted","$v":"नॅटवर्क ववीं आपात्काळ कॉलांक मान्यताय आसची ना."},{"$i":"emergencyDialogBtnOk","$v":"बरें आसा"},{"$i":"emergencyDialogTitle","$v":"नॅटवर्क जोडणी ना"},{"$i":"invalidNumberToDialTitle","$v":"अवैध फोन नंबर"},{"$i":"invalidNumberToDialMessage","$v":"तुमी कॉल करतात तो फोन नंबर वैध ना"},{"$i":"unableToCallTitle","$v":"आतां फोन कॉल करूंक असमर्थ"},{"$i":"unableToCallMessage","$v":"कॉल करूंक शकना. तुमी आदींच डायल करतात जाल्यार, उपकार करून पयलीं हँग अप करचें."},{"$i":"otherConnectionInUseTitle","$v":"वापरांत हेर कनॅक्शन आसा"},{"$i":"otherConnectionInUseMessage","$v":"वेगळ्या कनॅक्शनाचेर तुमचे कडेन सक्रीय कॉल आसा. तुमी एके वेळार एकूच कनॅक्शन वापरूंक शकतात."},{"$i":"connectingEllipsis","$v":"कनॅक्ट करता..."}]