[{"$i":"messages","$v":"مسیج"},{"$i":"deleteMessages-title","$v":"چُنیو"},{"$i":"selectThreads-title","$v":"چُنیو"},{"$i":"edit","$v":"درست"},{"$i":"back","$v":"پتھ"},{"$i":"cancel","$v":"رد کر"},{"$i":"undo","$v":"واپس کر"},{"$i":"done","$v":"مکمل"},{"$i":"delete","$v":"خٲرج"},{"$i":"deleting-messages","$v":"خٲرج کران۔۔۔"},{"$i":"select-all","$v":"چُنیو تمام"},{"$i":"deselect-all","$v":"مَہ چُنیو کاہ"},{"$i":"selected-threads","$v":{"zero":"چُننِہ مِت 0","one":["چُنیتھ ",{"t":"idOrVar","v":"n"}],"two":["چُنیتھ ",{"t":"idOrVar","v":"n"}],"few":["چُنیتھ ",{"t":"idOrVar","v":"n"}],"many":["چُنیتھ ",{"t":"idOrVar","v":"n"}],"other":["چُنیتھ ",{"t":"idOrVar","v":"n"}]},"$x":[{"t":"idOrVar","v":"plural"},"n"]},{"$i":"selected-messages","$v":{"zero":"چُننِہ مِت 0","one":["چُنیتھ ",{"t":"idOrVar","v":"n"}],"two":["چُنیتھ ",{"t":"idOrVar","v":"n"}],"few":["چُنیتھ ",{"t":"idOrVar","v":"n"}],"many":["چُنیتھ ",{"t":"idOrVar","v":"n"}],"other":["چُنیتھ ",{"t":"idOrVar","v":"n"}]},"$x":[{"t":"idOrVar","v":"plural"},"n"]},{"$i":"selectThreads-label","$v":"چُنیو تھریڈ"},{"$i":"selectMessages-label","$v":"چُنیو مسیج"},{"$i":"new-message","$v":"نیو مسیج"},{"$i":"delete-thread","$v":"خٲرج کریو تھریڈ"},{"$i":"create-new-contact","$v":"بناو نو رٲبطہ"},{"$i":"add-to-contact","$v":"شٲمل کر موجودہ رٲبطن منز"},{"$i":"select-thread","$v":"چُنیو تھریڈ"},{"$i":"settings","$v":"سیٹِنگس"},{"$i":"select","$v":"چُنیو"},{"$i":"sk-save-as-draft","$v":"محفوظ از ڈرافٹ"},{"$i":"send","$v":"سوز"},{"$i":"add-contact","$v":"شٲمل کر رٲبطہ"},{"$i":"add-suggestion","$v":"شٲمل"},{"$i":"add-subject","$v":"شٲمل کر مضمون"},{"$i":"remove-subject","$v":"معزول کر موضوع"},{"$i":"add-attachment","$v":"شٲمل کر اٹیچمنٹ"},{"$i":"remove-attachment","$v":"معزول کر اٹیچمنٹ"},{"$i":"replace-attachment","$v":"بدلاو اٹیچمنٹ"},{"$i":"select-messages","$v":"چُنیو مسیج"},{"$i":"call","$v":"کال"},{"$i":"forward","$v":"برونٹھ"},{"$i":"view-message-report","$v":"ھاو مسیج تفصیل"},{"$i":"resend-message","$v":"نَے سوز یِہ مسیج"},{"$i":"cancel-view-report","$v":"رد کر"},{"$i":"ok","$v":"ٹھیک"},{"$i":"enter","$v":"اینٹر"},{"$i":"open","$v":"کھول"},{"$i":"to","$v":"کُن"},{"$i":"new","$v":"نو"},{"$i":"message","$v":"مسیج"},{"$i":"messagesInput_placeholder","$v":"مسیج"},{"$i":"messagesSubjectInput_placeholder","$v":"مضمون"},{"$i":"converted-to-mms","$v":"کنویرٹ کران ملٹی میڈیا مسیج پیٹھ"},{"$i":"converted-to-sms","$v":"کنویرٹ کران ٹیکسٹ مسیج پیٹھ۔"},{"$i":"messages-max-length-text","$v":"توہ پو زیادِ خوت زیادِ لمبٲئی۔"},{"$i":"messages-max-subject-length-text","$v":"زیادِ خوت زیادِ موضوع لمبٲئی پو"},{"$i":"multimedia-message-exceeded-max-length","$v":["سائز حدود وٲحد ملٹی میڈیا مسیج ہوند۔ KB ",{"t":"idOrVar","v":"mmsSize"}," توہ کرو تجاوُز معزول کریو اٹیچمنٹ یا کریو لکِٹ مسیج یِہ سوزنِہ خٲطر"]},{"$i":"newMessage","$v":"نیو مسیج"},{"$i":"sendMessage","$v":"سوزیو مسیج"},{"$i":"sendMMSToEmail","$v":"سوزیو ملٹی میڈیا مسیج"},{"$i":"no-recipient","$v":"﴾کاہ وصول کنندہ نِہ﴿"},{"$i":"recipient","$v":{"one":["وصول کنندہ ",{"t":"idOrVar","v":"n"}],"two":["وصول کنندہ ",{"t":"idOrVar","v":"n"}],"few":["وصول کنندہ ",{"t":"idOrVar","v":"n"}],"many":["وصول کنندہ ",{"t":"idOrVar","v":"n"}],"other":["وصول کنندہ ",{"t":"idOrVar","v":"n"}]},"$x":[{"t":"idOrVar","v":"plural"},"n"]},{"$i":"attachmentSizeB","$v":[{"t":"idOrVar","v":"n"}," B"]},{"$i":"attachmentSizeKB","$v":[{"t":"idOrVar","v":"n"}," KB"]},{"$i":"attachmentSizeMB","$v":[{"t":"idOrVar","v":"n"}," MB"]},{"$i":"attachmentOpenError","$v":"یتِہ چھِ نِہ کاہ تِہ ایپلکیشن دستیاب یِہ فائل قسم کھولنِہ خٲطر"},{"$i":"remove","$v":"معزول"},{"$i":"participant","$v":{"one":["شریک ",{"t":"idOrVar","v":"n"}],"two":["شریک ",{"t":"idOrVar","v":"n"}],"few":["شریک ",{"t":"idOrVar","v":"n"}],"many":["شریک ",{"t":"idOrVar","v":"n"}],"other":["شریک ",{"t":"idOrVar","v":"n"}]},"$x":[{"t":"idOrVar","v":"plural"},"n"]},{"$i":"message-report","$v":"مسیج رپورٹ"},{"$i":"message-type-sms","$v":"(SMS) ٹیکسٹ مسیج"},{"$i":"message-type-mms","$v":"(ایم ایم ایس) ملٹی میڈیا مسیج"},{"$i":"sms-report-description","$v":[{"t":"idOrVar","v":"datetime"}," آے سُوزنِہ از ،(SMS) تہِنز ٹیکسٹ مسیج"]},{"$i":"mms-report-description","$v":[{"t":"idOrVar","v":"datetime"}," آو نِہسوزنِہ ،",{"t":"idOrVar","v":"subject"}," موضوع ،(ایم ایم ایس) تُہند ملٹی میڈیا مسیج"]},{"$i":"mms-no-subject-report-description","$v":[{"t":"idOrVar","v":"datetime"}," آے سُوزنِہ از ،(ایم ایم ایس) تہِنز ملٹی میڈیا مسیج"]},{"$i":"message-subject","$v":":موضوع"},{"$i":"report-status-error","$v":"مسیج ھیکو نِہ سُوزیتھ"},{"$i":"report-status-not-downloaded","$v":"چھِ نِہ ڈاونلوڈ کریتھ"},{"$i":"report-status-delivered","$v":":ڈیلویڑ"},{"$i":"report-status-read","$v":":پریو"},{"$i":"report-status-pending","$v":"رپورٹ کُر درخواست"},{"$i":"report-status-rejected","$v":"مسیج آے مسترد کرنِہ"},{"$i":"message-size-was","$v":":مسیج سائز"},{"$i":"report-dateTimeFormat12","$v":["%e %B %Y, ",{"t":"idOrVar","v":"shortTimeFormat12"}]},{"$i":"report-dateTimeFormat24","$v":["%e %B %Y, ",{"t":"idOrVar","v":"shortTimeFormat24"}]},{"$i":"report-to-title","$v":"کُن"},{"$i":"report-from-title","$v":"پیٹھ"},{"$i":"message-sent","$v":":سوز"},{"$i":"message-sending","$v":[{"t":"idOrVar","v":"message-delivery-status-sending"}]},{"$i":"message-received","$v":":حٲصل کُر"},{"$i":"message-via","$v":":بذریعہ"},{"$i":"message-resend","$v":"نَے سر سوز"},{"$i":"search","$v":"ژھار"},{"$i":"unknown-contact-title","$v":"انجان رٲبطہ"},{"$i":"phone-type-separator","$v":", "},{"$i":"phone-carrier-separator","$v":" "},{"$i":"thread-participant-separator","$v":", "},{"$i":"replace-draft","$v":"بدلاو موجودہ ڈرافٹ"},{"$i":"save-as-draft","$v":"محفوظ"},{"$i":"discard-message","$v":"برطرف"},{"$i":"discard-sms","$v":"توہ چھوا یقین توہ چھو یژھان یِہ مسیج ختم کرِن؟"},{"$i":"discard-new-message","$v":"ختم کریو مسیج یوس توہ بناوان چھو تِی کھولیو نیو مسیج"},{"$i":"resend-confirmation","$v":"مسیج ھیکو نِہ سُوزیتھ۔ نَے کریو کوشش؟"},{"$i":"deleteMessage-confirmation","$v":"خٲرج کریو چُننِہ آمِت مسیج؟"},{"$i":"deleteMessages-confirmation","$v":"خٲرج کریو چُننِہ آمَژ مسیج؟"},{"$i":"deleteThreads-confirmation2","$v":{"one":"خٲرج کریو چُننِہ آمِت مسیج تھریڈ؟","other":"خٲرج کریو چُننِہ آمِت مسیج تھریڈس؟"},"$x":[{"t":"idOrVar","v":"plural"},"n"]},{"$i":"new-message-notice-text","$v":"نیو مسیج یِم"},{"$i":"new-message-notice-a-text","$v":"پریو یِہ"},{"$i":"noMessages-title","$v":"کاہ مسیج نِہ"},{"$i":"noMessages-text","$v":"پریس کریو نیو مسیج گفتگو شروع کرنِہ خٲطر"},{"$i":"sendDefaultErrorTitle","$v":"مسیج آے نِہ سوزنِہ"},{"$i":"sendDefaultErrorBody","$v":"یتِہ آے اکھ مشکلات مسیج سوزنس منز۔ مہربٲنی کریتھ کریو نَے کیوشش۔"},{"$i":"sendDefaultErrorBtnOk","$v":"ٹھیک"},{"$i":"sendMissingSimCardTitle","$v":"کاڈ سِم غٲب"},{"$i":"sendMissingSimCardBody","$v":"لٲگیو اکھ درست SIM کاڈ جٲری تھاونِہ خٲطر۔"},{"$i":"sendMissingSimCardBtnOk","$v":"ٹھیک"},{"$i":"sendFlightModeTitle","$v":"ایر پلین انداز چالو"},{"$i":"sendFlightModeBody","$v":"کریو آف ایرپلین انداز مسیج سوزنِہ خٲطر"},{"$i":"sendFlightModeBtnOk","$v":"ٹھیک"},{"$i":"radioDisabledToDownloadTitle","$v":[{"t":"idOrVar","v":"sendFlightModeTitle"}]},{"$i":"radioDisabledToDownloadBody","$v":"کریو آف ایرپلین انداز اٹیچمنٹ ڈاونلوڈ کرنِہ خٲطر"},{"$i":"radioDisabledToDownloadBtnOk","$v":[{"t":"idOrVar","v":"sendFlightModeBtnOk"}]},{"$i":"fdnErrorTitle","$v":"چالو FDN"},{"$i":"needConnectWifiBody","$v":"کاہ سیلولر نیٹورک نِہ دستیاب۔ نیٹورک سیتھ مسیجنگ خٲطر WiFi جوڑیو دستیاب"},{"$i":"needConnectWifiTitle","$v":"مسیج آے نِہ سوزنِہ"},{"$i":"sms-counter-notice-label","$v":[{"t":"idOrVar","v":"number"}," SMS ترمیم کران"]},{"$i":"fdnErrorBody","innerHTML":{"$x":[{"t":"idOrVar","v":"plural"},"n"],"$v":{"one":"فیکسڈ ڈائلنگ نمبر چھِ چالو۔ ایف ڈی این اطمعنان تھٲیو ایس ایم ایس سینٹر تِہ ذیل وصول کنندہ چھِ تہندیس FDNفہرستس منز:","two":"فیکسڈ ڈائلنگ نمبر چھِ چالو۔ ایف ڈی این :فہرستس منز FDN سینٹر تِہ یِہ ذیل وصول کنندہ چھِ تہندیس SMS اطمعنان تھٲیو","few":"فیکسڈ ڈائلنگ نمبر چھِ چالو۔ ایف ڈی این :فہرستس منز FDN سینٹر تِہ یِہ ذیل وصول کنندہ چھِ تہندیس SMS اطمعنان تھٲیو","many":"فیکسڈ ڈائلنگ نمبر چھِ چالو۔ ایف ڈی این :فہرستس منز FDN سینٹر تِہ یِہ ذیل وصول کنندہ چھِ تہندیس SMS اطمعنان تھٲیو","other":"فیکسڈ ڈائلنگ نمبر چھِ چالو۔ ایف ڈی این :فہرستس منز FDN سینٹر تِہ یِہ ذیل وصول کنندہ چھِ تہندیس SMS اطمعنان تھٲیو"}}},{"$i":"fdnErrorBtnOk","$v":"ٹھیک"},{"$i":"switchSimToRetrieveTitle","$v":"سوئچ کریو ڈیٹا کنکشن"},{"$i":"switchSimToRetrieveBody","$v":["ایم ایم ایس حٲصل کرنِہ خٲطر ",{"t":"idOrVar","v":"nonActiveSimId"}," سِم سوئچ کریو ڈیٹا کنکشن یتھ یی معطل کرنِہ ",{"t":"idOrVar","v":"activeSimId"}," ہس پیٹھ سِم حالیہ ڈیٹا ٹرانسفر یتھ توپت تِہ تھاو جٲری؟"]},{"$i":"switchSimToRetrieveBtnOk","$v":"پتِہ پہَن"},{"$i":"switchSimToRetrieveConfirm","$v":"ٹھیک"},{"$i":"switchSimToSendTitle","$v":[{"t":"idOrVar","v":"switchSimToRetrieveTitle"}]},{"$i":"switchSimToSendBody","$v":["ایم ایم ایس سوزنِہ خٲطر ",{"t":"idOrVar","v":"nonActiveSimId"}," کُن سِم سوئچ کریو ڈیٹا کنکشن یتھ یی معطل کرنِہ ",{"t":"idOrVar","v":"activeSimId"}," ہس پیٹھ سِم حالیہ ڈیٹا ٹرانسفر یتھ توپت تِہ تھاو جٲری؟"]},{"$i":"switchSimToSendBtnOk","$v":[{"t":"idOrVar","v":"switchSimToRetrieveBtnOk"}]},{"$i":"switchSimToSendConfirm","$v":[{"t":"idOrVar","v":"switchSimToRetrieveConfirm"}]},{"$i":"sendNoSignalErrorTitle","$v":"کاہ نیٹورک کوریج نِہ"},{"$i":"sendNoSignalErrorBody","$v":"اطمعنان تھٲیو توہ چھو موبائل سیگنل تِہ نَے سر کریو کوشش"},{"$i":"sendNoSignalErrorBtnOk","$v":"ٹھیک"},{"$i":"sendNotFoundErrorTitle","$v":"مسیج آے نِہ لبنِہ"},{"$i":"sendNotFoundErrorBody","$v":"مسیج یوس توہ ژھاران چھو چھِ نِہ وین دستیاب"},{"$i":"sendNotFoundErrorBtnOk","$v":"ٹھیک"},{"$i":"sendInvalidAddressErrorTitle","$v":"غلط نمبر"},{"$i":"sendInvalidAddressErrorBody","$v":"اطمعنان تھٲیو موبائل نمبر یوس توہ سوزان چھو چھِ درست"},{"$i":"sendInvalidAddressErrorBtnOk","$v":"ٹھیک"},{"$i":"simNotMatchedErrorTitle","$v":"ناکام ڈاونلوڈ کرنس"},{"$i":"simNotMatchedErrorBody","$v":"کاڈ یوس لوگ چھِ اکھ یوس استعمال سپدِ یِہ مسیج SIM مہربٲنی کریتھ تھٲیو اطمعنانحٲصل کرنس"},{"$i":"simNotMatchedErrorBtnOk","$v":"ٹھیک"},{"$i":"deleted-sms","$v":"یِہ مسیج چھِ گوڈاے آمِژ خٲرج کرنِہ"},{"$i":"view-attachment-image","$v":"ھاو"},{"$i":"view-attachment-audio","$v":"بوزیو"},{"$i":"view-attachment-video","$v":"ھاو"},{"$i":"view-attachment-other","$v":"ھاو"},{"$i":"remove-attachment-image","$v":"معزول کر شکلِ"},{"$i":"remove-attachment-audio","$v":"معزول کر آڈیو"},{"$i":"remove-attachment-video","$v":"معزول کر ویڈیوٗ"},{"$i":"remove-attachment-other","$v":"معزول کر اٹیچمنٹ"},{"$i":"replace-attachment-image","$v":"بدلاو شکل"},{"$i":"replace-attachment-audio","$v":"بدلاو آڈیو"},{"$i":"replace-attachment-video","$v":"بدلاو ویڈیو"},{"$i":"replace-attachment-other","$v":"بدلاو اٹیچمنٹ"},{"$i":"unsent-message-title","$v":"سوزنَے مسیج"},{"$i":"unsent-message-description","$v":"تہِنز پیتِم مسیج آے نِہ سُوزنِہ۔ توہ چھوا یژھان ترمیم کرُن غیر مرسلہ مسیج یا کریو ختم تِہ جٲری تھٲیو؟"},{"$i":"unsent-message-option-edit","$v":"درست"},{"$i":"unsent-message-option-discard","$v":"برطرف"},{"$i":"message-options","$v":"مسیج انتخابات"},{"$i":"select-text","$v":"چُن ٹیکسٹ"},{"$i":"mobile","$v":"موبائل"},{"$i":"home","$v":"گھر"},{"$i":"work","$v":"کیم"},{"$i":"personal","$v":"ذٲتی"},{"$i":"faxHome","$v":"فیکس ھوم"},{"$i":"faxOffice","$v":"فیکس دفتر"},{"$i":"faxOther","$v":"فیکس بٲقی"},{"$i":"another","$v":"بدل اکھ"},{"$i":"other","$v":"بدل"},{"$i":"today","$v":"از"},{"$i":"yesterday","$v":"راتھ"},{"$i":"incorrectDate","$v":"﴾غیر درست تٲریخ﴿"},{"$i":"addToExistingContact","$v":"شٲمل کر موجودہ رٲبطن منز"},{"$i":"createNewContact","$v":"بناو نو رٲبطہ"},{"$i":"viewContact","$v":"ھاو رٲبطہ"},{"$i":"sendEmail","$v":"سوزیو ای میل"},{"$i":"mms-message","$v":"مسیج ایم ایم ایس"},{"$i":"notDownloaded-title","$v":"مسیج چھِ نِہ وین ڈاونلوڈ آمِژ کرنِہ"},{"$i":"tobedownloaded-attachment","$v":[{"t":"idOrVar","v":"date"}," توہ کریو حٲصل اکھ ملٹی میڈیا مسیج، پریس کریۅ ڈاونلوٗڈ مواد حٲصل کرنِہ خٲطر برونٹھ"]},{"$i":"expired-attachment","$v":["تِہ ھیکو نِہ ڈاونلوڈ کریتھ ",{"t":"idOrVar","v":"date"}," معاف کریو، مسیج گَے ختم از"]},{"$i":"download-attachment","$v":"ڈاونلوڈ"},{"$i":"downloading-attachment","$v":"ڈاونلوڈ کران۔۔۔"},{"$i":"download-complete","$v":"ڈاونلوٗڈ مکمل"},{"$i":"unnamed-attachment","$v":"بغیر عنوان"},{"$i":"mms-label","$v":"MMS"},{"$i":"attached-files-too-large","$v":{"zero":["سائزحد اکِہ وٲحد ملٹی میڈیا مسیج KB ",{"t":"idOrVar","v":"mmsSize"}," فائلِ یوس توہ چُنیو چھِ تجاوُز کرانہوند"],"one":["سائزحد اکِہ وٲحد ملٹی میڈیا مسیج KB ",{"t":"idOrVar","v":"mmsSize"}," فائل یوس توہ چُنیو چھِ تجاوُز کرانہوند"],"two":["سائزحد اکِہ وٲحد ملٹی میڈیا مسیج KB ",{"t":"idOrVar","v":"mmsSize"}," فائلِ یوس توہ چُنیو چھِ تجاوُز کرانہوند"],"few":["سائزحد اکِہ وٲحد ملٹی میڈیا مسیج KB ",{"t":"idOrVar","v":"mmsSize"}," فائلِ یوس توہ چُنیو چھِ تجاوُز کرانہوند"],"many":["سائزحد اکِہ وٲحد ملٹی میڈیا مسیج KB ",{"t":"idOrVar","v":"mmsSize"}," فائلِ یوس توہ چُنیو چھِ تجاوُز کرانہوند"],"other":["سائزحد اکِہ وٲحد ملٹی میڈیا مسیج KB ",{"t":"idOrVar","v":"mmsSize"}," فائلِ یوس توہ چُنیو چھِ تجاوُز کرانہوند"]},"$x":[{"t":"idOrVar","v":"plural"},"n"]},{"$i":"resize-image","$v":"ری سائز کران اٹیچ کریتھ شکل"},{"$i":"no-attachment-text","$v":"یتِہ چھِ اکھ مشکلات اٹیچڈ فائلِ سیتھ تِہ ھیکو نِہ ڈاونلوڈ کریتھ"},{"$i":"message-draft-saved","$v":"مسیج آے محفوظ کرنِہ از ڈرافٹ"},{"$i":"sim-id-label","$v":["سِم ",{"t":"idOrVar","v":"id"}]},{"$i":"sim-detail","$v":["سِم ",{"t":"idOrVar","v":"id"},", ",{"t":"idOrVar","v":"detailString"}]},{"$i":"dsds-notification-title-with-sim","$v":["(",{"t":"idOrVar","v":"sim"},") ",{"t":"idOrVar","v":"sender"}]},{"$i":"send-button","ariaLabel":"سوز"},{"$i":"send-button-sim-indication","$v":[{"t":"idOrVar","v":"n"}],"ariaLabel":[{"t":"idOrVar","v":"n"}," سِم استعمال"]},{"$i":"expiry-date-format","$v":"%A, %b %e"},{"$i":"attach-button","ariaLabel":"شٲمل کر اٹیچمنٹ"},{"$i":"contact-photo","ariaLabel":"رٲبطہ فوٹو"},{"$i":"unread-thread","ariaLabel":"پرنَے"},{"$i":"has-draft","ariaLabel":"ژھوس ڈرافٹ"},{"$i":"is-draft","ariaLabel":"ڈرافٹ"},{"$i":"message-delivery-status-sending","$v":"سوزان۔ ۔ ۔"},{"$i":"message-delivery-status-delivered","ariaLabel":"سُپرد کیٔر"},{"$i":"message-delivery-status-read","ariaLabel":"پَر"},{"$i":"message-delivery-status-error","ariaLabel":"سھو"},{"$i":"modal-dialog-ok-button","$v":"ٹھیک"},{"$i":"modal-dialog-cancel-button","$v":"رد کر"},{"$i":"modal-dialog-default-title","$v":"مسیج"},{"$i":"tcl-delete-message","$v":"مسیج آے خٲرج کرنِہ"},{"$i":"tcl-sending-message-toast","$v":"سوزان مسیج۔۔۔"},{"$i":"tcl-message-converted-to-toast","$v":[{"t":"idOrVar","v":"type"}," مسیج آے فیرنِہ یتھ"]},{"$i":"tcl-message-sent-toast","$v":"مسیج سُوز"},{"$i":"tcl-deleteMessage-confirmation2","$v":"خٲرج کریو چُننِہ آمِت مسیج تھریڈ؟"},{"$i":"tcl-deleted-message","$v":{"zero":"مسیج خٲرج 0","one":["مسیج خٲرج ",{"t":"idOrVar","v":"n"}],"two":["مسیجِ خٲرج ",{"t":"idOrVar","v":"n"}],"few":["مسیجِ خٲرج ",{"t":"idOrVar","v":"n"}],"many":["مسیجِ خٲرج ",{"t":"idOrVar","v":"n"}],"other":["مسیجِ خٲرج ",{"t":"idOrVar","v":"n"}]},"$x":[{"t":"idOrVar","v":"plural"},"n"]},{"$i":"tcl-deleted-threads","$v":{"zero":"تھریڈ خٲرج 0","one":"تھریڈ کُر خٲرج","two":["مسیج تھریڈ خٲرج ",{"t":"idOrVar","v":"n"}],"few":["مسیج تھریڈ خٲرج ",{"t":"idOrVar","v":"n"}],"many":["مسیج تھریڈ خٲرج ",{"t":"idOrVar","v":"n"}],"other":["مسیج تھریڈ خٲرج ",{"t":"idOrVar","v":"n"}]},"$x":[{"t":"idOrVar","v":"plural"},"n"]},{"$i":"tcl-simSettings","$v":"معلومات"},{"$i":"tcl-unknown-SMSC","$v":"تفصیلات چھِ نِہ دستیاب"},{"$i":"tcl-sim1","$v":"سِم1 سیروس سینٹر"},{"$i":"tcl-sim2","$v":"سِم2 سیروس سینٹر"},{"$i":"tcl-auto-retrieve","$v":"آٹو حٲصل کرُن"},{"$i":"tcl-wapPushMessages","$v":"پُش مسیج WAP"},{"$i":"tcl-wapPush","$v":"پُش WAP"},{"$i":"tcl-wap-push-on","$v":"یلِہ"},{"$i":"tcl-wap-push-off","$v":"بند"},{"$i":"tcl-auto-retrieve-messages","$v":"آٹو حٲصل کر مسیج"},{"$i":"tcl-manual-retrieve","$v":"بند"},{"$i":"tcl-auto-roaming-retrieve","$v":"آن رومنگ سیتھ"},{"$i":"tcl-auto-no-roaming-retrieve","$v":"آن بغیر رومنگ"},{"$i":"tcl-message-read-reports","$v":"پریو رپورٹ"},{"$i":"tcl-read-reports-on","$v":"یلِہ"},{"$i":"tcl-read-reports-off","$v":"بند"},{"$i":"tcl-mmsTitle","$v":"(ایم ایم ایس) ملٹی میڈیا مسیجنگ"},{"$i":"tcl-message-delivery-reports","$v":"ترسیلی رپورٹ"},{"$i":"tcl-delivery-reports-on","$v":"یلِہ"},{"$i":"tcl-delivery-reports-off","$v":"بند"},{"$i":"tcl-message-confirmation","$v":"مسیج تصدیق"},{"$i":"tcl-messageReport-title","$v":"مسیج تفصیلات"},{"$i":"tcl-mms-label","$v":"MMS"},{"$i":"tcl-sms-label","$v":"SMS"},{"$i":"tcl-messaging-settings","$v":"مسیجنگ سیٹنگس"},{"$i":"tcl-messagingSettings-header","$v":[{"t":"idOrVar","v":"tcl-messaging-settings"}]},{"$i":"tcl-confirmation-title","$v":"تصدیق"},{"$i":"tcl-draft-save-content","$v":"محفوظ از ڈرافٹ؟"},{"$i":"tcl-draft-discard-content","$v":"مسیج آے ختم کرنِہ"},{"$i":"tcl-switch-on","$v":"یلِہ"},{"$i":"tcl-switch-off","$v":"بند"},{"$i":"tcl-delivery-report-desc","$v":"درخواست کریو پرتھ سُوزنِہ آمِژ مسیج خٲطر ترسال نوٹفکیشن"},{"$i":"tcl-read-report-desc","$v":"درخواست کریو پرتھ سُوزنِہ آمِژ مسیج خٲطر پرَن رپورٹ"},{"$i":"tcl-auto-retrieve-desc","$v":"آٹومیٹکلی کر حٲصل مسیجِ"},{"$i":"tcl-confirm-dialog-ok","$v":"ٹھیک"},{"$i":"tcl-yes","$v":"آ"},{"$i":"tcl-no","$v":"نَہ"},{"$i":"tcl-delete-current-thread?","$v":"خٲرج کریو چُننِہ آمِت مسیج تھریڈ؟"},{"$i":"tcl-attention","$v":"دھیان دیو"},{"$i":"tcl-options","$v":"انتخابات"},{"$i":"send-failed","$v":"سوزُن ناکام"},{"$i":"subject-removed","$v":"موضوع آو معزول کرنِہ"},{"$i":"media-storage-limit-alert-title","$v":"سٹوریج چھِ بھریتھ"},{"$i":"media-storage-limit-alert-body","$v":"مزید جائے یلِہ کرنِہ خٲطر ھیکو توہ کیہ میڈیا فائلِ خٲرج کریتھ یا کریو ایپلکیشن ڈیٹا منیج۔"},{"$i":"media-storage-limit-alert-cancel","$v":"رد کر"},{"$i":"media-storage-limit-alert-setting","$v":"گژھیو سیٹنگس منز"},{"$i":"email","$v":"ای میل"},{"$i":"go","$v":"پکھ"},{"$i":"weekday-0-long","$v":"آتھوار"},{"$i":"weekday-1-long","$v":"ژیندوار"},{"$i":"weekday-2-long","$v":"بوموار"},{"$i":"weekday-3-long","$v":"بُدھوار"},{"$i":"weekday-4-long","$v":"بریسوار"},{"$i":"weekday-5-long","$v":"جُمع"},{"$i":"weekday-6-long","$v":"بٹوار"},{"$i":"weekday-0-short","$v":"آتھوار"},{"$i":"weekday-1-short","$v":"ژیندوار"},{"$i":"weekday-2-short","$v":"بوموار"},{"$i":"weekday-3-short","$v":"بُدھوار"},{"$i":"weekday-4-short","$v":"بریسوار"},{"$i":"weekday-5-short","$v":"جُمع"},{"$i":"weekday-6-short","$v":"بٹوار"},{"$i":"month-0-long","$v":"جنوری"},{"$i":"month-1-long","$v":"فروری"},{"$i":"month-2-long","$v":"مارچ"},{"$i":"month-3-long","$v":"اپریل"},{"$i":"month-4-long","$v":"مئی"},{"$i":"month-5-long","$v":"جون"},{"$i":"month-6-long","$v":"جولائی"},{"$i":"month-7-long","$v":"اگست"},{"$i":"month-8-long","$v":"ستمبر"},{"$i":"month-9-long","$v":"اکتومبر"},{"$i":"month-10-long","$v":"نومبر"},{"$i":"month-11-long","$v":"دسمبر"},{"$i":"month-0-genitive","$v":"جنوری"},{"$i":"month-1-genitive","$v":"فروری"},{"$i":"month-2-genitive","$v":"مارچ"},{"$i":"month-3-genitive","$v":"اپریل"},{"$i":"month-4-genitive","$v":"مئی"},{"$i":"month-5-genitive","$v":"جون"},{"$i":"month-6-genitive","$v":"جولائی"},{"$i":"month-7-genitive","$v":"اگست"},{"$i":"month-8-genitive","$v":"ستمبر"},{"$i":"month-9-genitive","$v":"اکتومبر"},{"$i":"month-10-genitive","$v":"نومبر"},{"$i":"month-11-genitive","$v":"دسمبر"},{"$i":"month-0-short","$v":"جنوری"},{"$i":"month-1-short","$v":"فروری"},{"$i":"month-2-short","$v":"مارچ"},{"$i":"month-3-short","$v":"اپریل"},{"$i":"month-4-short","$v":"مئی"},{"$i":"month-5-short","$v":"جون"},{"$i":"month-6-short","$v":"جولائی"},{"$i":"month-7-short","$v":"اگست"},{"$i":"month-8-short","$v":"ستمبر"},{"$i":"month-9-short","$v":"اکتومبر"},{"$i":"month-10-short","$v":"نومبر"},{"$i":"month-11-short","$v":"دسمبر"},{"$i":"minutes-ago-long","$v":{"zero":"صرف وین","one":"اکھ منٹ برونٹھ","two":["منٹ برونٹھ ",{"t":"idOrVar","v":"value"}],"few":["منٹ برونٹھ ",{"t":"idOrVar","v":"value"}],"many":["منٹ برونٹھ ",{"t":"idOrVar","v":"value"}],"other":["منٹ برونٹھ ",{"t":"idOrVar","v":"value"}]},"$x":[{"t":"idOrVar","v":"plural"},"value"]},{"$i":"hours-ago-long","$v":{"zero":"صرف وین","one":"اکھ گھنٹہ برونٹھ","two":["گھنٹہ برونٹھ ",{"t":"idOrVar","v":"value"}],"few":["گھنٹہ برونٹھ ",{"t":"idOrVar","v":"value"}],"many":["گھنٹہ برونٹھ ",{"t":"idOrVar","v":"value"}],"other":["گھنٹہ برونٹھ ",{"t":"idOrVar","v":"value"}]},"$x":[{"t":"idOrVar","v":"plural"},"value"]},{"$i":"days-ago-long","$v":{"zero":"از","one":"راتھ","two":["دوہ برونٹھ ",{"t":"idOrVar","v":"value"}],"few":["دوہ برونٹھ ",{"t":"idOrVar","v":"value"}],"many":["دوہ برونٹھ ",{"t":"idOrVar","v":"value"}],"other":["دوہ برونٹھ ",{"t":"idOrVar","v":"value"}]},"$x":[{"t":"idOrVar","v":"plural"},"value"]},{"$i":"weeks-ago-long","$v":{"zero":"یِہ ہفتہ","one":"پیتِم ہفتہ","two":["ہفتہ برونٹھ ",{"t":"idOrVar","v":"value"}],"few":["ہفتہ برونٹھ ",{"t":"idOrVar","v":"value"}],"many":["ہفتہ برونٹھ ",{"t":"idOrVar","v":"value"}],"other":["ہفتہ برونٹھ ",{"t":"idOrVar","v":"value"}]},"$x":[{"t":"idOrVar","v":"plural"},"value"]},{"$i":"months-ago-long","$v":{"zero":"یِہ ریتھ","one":"پیتِم ریتھ","two":["ریتھ برونٹھ ",{"t":"idOrVar","v":"value"}],"few":["ریتھ برونٹھ ",{"t":"idOrVar","v":"value"}],"many":["ریتھ برونٹھ ",{"t":"idOrVar","v":"value"}],"other":["ریتھ برونٹھ ",{"t":"idOrVar","v":"value"}]},"$x":[{"t":"idOrVar","v":"plural"},"value"]},{"$i":"years-ago-long","$v":{"zero":"یِہ وریح","one":"پیتِم وریح","two":["وریح برونٹھ ",{"t":"idOrVar","v":"value"}],"few":["وریح برونٹھ ",{"t":"idOrVar","v":"value"}],"many":["وریح برونٹھ ",{"t":"idOrVar","v":"value"}],"other":["وریح برونٹھ ",{"t":"idOrVar","v":"value"}]},"$x":[{"t":"idOrVar","v":"plural"},"value"]},{"$i":"minutes-until-long","$v":{"zero":"وین","one":"اکِس منٹس منز","two":["منز ",{"t":"idOrVar","v":"value"}," منٹن"],"few":["منز ",{"t":"idOrVar","v":"value"}," منٹن"],"many":["منز ",{"t":"idOrVar","v":"value"}," منٹن"],"other":["منز ",{"t":"idOrVar","v":"value"}," منٹن"]},"$x":[{"t":"idOrVar","v":"plural"},"value"]},{"$i":"hours-until-long","$v":{"zero":"وین","one":"اکِس گھنٹس منز","two":["منز ",{"t":"idOrVar","v":"value"}," گھنٹن"],"few":["منز ",{"t":"idOrVar","v":"value"}," گھنٹن"],"many":["منز ",{"t":"idOrVar","v":"value"}," گھنٹن"],"other":["منز ",{"t":"idOrVar","v":"value"}," گھنٹن"]},"$x":[{"t":"idOrVar","v":"plural"},"value"]},{"$i":"days-until-long","$v":{"zero":"از","one":"پگاہ","two":["منز ",{"t":"idOrVar","v":"value"}," دوہن"],"few":["منز ",{"t":"idOrVar","v":"value"}," دوہن"],"many":["منز ",{"t":"idOrVar","v":"value"}," دوہن"],"other":["منز ",{"t":"idOrVar","v":"value"}," دوہن"]},"$x":[{"t":"idOrVar","v":"plural"},"value"]},{"$i":"weeks-until-long","$v":{"zero":"یِہ ہفتہ","one":"نو ہفتہ","two":["منز ",{"t":"idOrVar","v":"value"}," ہفتن"],"few":["منز ",{"t":"idOrVar","v":"value"}," ہفتن"],"many":["منز ",{"t":"idOrVar","v":"value"}," ہفتن"],"other":["منز ",{"t":"idOrVar","v":"value"}," ہفتن"]},"$x":[{"t":"idOrVar","v":"plural"},"value"]},{"$i":"months-until-long","$v":{"zero":"یِہ ریتھ","one":"نو ریتھ","two":["منز ",{"t":"idOrVar","v":"value"}," ریتھن"],"few":["منز ",{"t":"idOrVar","v":"value"}," ریتھن"],"many":["منز ",{"t":"idOrVar","v":"value"}," ریتھن"],"other":["منز ",{"t":"idOrVar","v":"value"}," ریتھن"]},"$x":[{"t":"idOrVar","v":"plural"},"value"]},{"$i":"years-until-long","$v":{"zero":"یِہ وریح","one":"نو وریح","two":["منز ",{"t":"idOrVar","v":"value"}," وریہن"],"few":["منز ",{"t":"idOrVar","v":"value"}," وریہن"],"many":["منز ",{"t":"idOrVar","v":"value"}," وریہن"],"other":["منز ",{"t":"idOrVar","v":"value"}," وریہن"]},"$x":[{"t":"idOrVar","v":"plural"},"value"]},{"$i":"minutes-ago-short","$v":{"zero":"صرف وین","other":["برونٹھ m",{"t":"idOrVar","v":"value"}]},"$x":[{"t":"idOrVar","v":"plural"},"value"]},{"$i":"hours-ago-short","$v":{"zero":"صرف وین","other":["برونٹھ h",{"t":"idOrVar","v":"value"}]},"$x":[{"t":"idOrVar","v":"plural"},"value"]},{"$i":"days-ago-short","$v":{"zero":"از","other":["برونٹھ d",{"t":"idOrVar","v":"value"}]},"$x":[{"t":"idOrVar","v":"plural"},"value"]},{"$i":"minutes-until-short","$v":{"zero":"وین","other":["منز ",{"t":"idOrVar","v":"value"},"m"]},"$x":[{"t":"idOrVar","v":"plural"},"value"]},{"$i":"hours-until-short","$v":{"zero":"وین","other":["منز ",{"t":"idOrVar","v":"value"},"h"]},"$x":[{"t":"idOrVar","v":"plural"},"value"]},{"$i":"days-until-short","$v":{"zero":"از","other":["منز ",{"t":"idOrVar","v":"value"},"d"]},"$x":[{"t":"idOrVar","v":"plural"},"value"]},{"$i":"dateTimeFormat_%c","$v":"%a %b %e %Y %I:%M:%S %p"},{"$i":"dateTimeFormat_%x","$v":"%m/%d/%Y"},{"$i":"dateTimeFormat_%X","$v":"%I:%M:%S %p"},{"$i":"shortTimeFormat","$v":"%I:%M %p"},{"$i":"shortTimeFormat12","$v":"%I:%M %p"},{"$i":"shortTimeFormat24","$v":"%H:%M"},{"$i":"shortDateTimeFormat","$v":"%x %I:%M %p"},{"$i":"weekStartsOnMonday","$v":"0"},{"$i":"firstDayOfTheWeek","$v":"0"},{"$i":"time_am","$v":"AM"},{"$i":"time_pm","$v":"PM"},{"$i":"softkey-options","$v":"انتخابات"},{"$i":"emergencyNumber","$v":"امرجنسی نمبر"},{"$i":"callAirplaneModeMessage","$v":"کال کرنِہ خٲطر چھِ توہ ضورتھ سیٹنگس منز ایرپلین انداز ناکار کرُن"},{"$i":"callAirplaneModeBtnOk","$v":"ٹھیک"},{"$i":"callAirplaneModeTitle","$v":"ایر پلین انداز چالو"},{"$i":"numberIsBusyTitle","$v":"نمبر چھِ آوُر"},{"$i":"numberIsBusyMessage","$v":"نمبر چھِ فی الحال آوُر۔ مہربٲنی کریتھ کریو پتِہ پہن کوشش۔"},{"$i":"fdnIsActiveTitle","$v":"چالو FDN"},{"$i":"fdnIsActiveMessage","$v":[":فہرست منز ایف ڈی این فیکسڈ ڈائلنگ نمبر چھِ چالو تِہ یِہ ذیل نمبر چھِ نِہ تہندیس ایف ڈی این ",{"t":"idOrVar","v":"number"}]},{"$i":"emergencyDialogBodyBadNumber","$v":"کال کرنِہ خٲطر، فون گژھ آسُن جوڑیتھ نیٹورکس سیتھ"},{"$i":"emergencyDialogBodyDeviceNotAccepted","$v":"ھنگٲمی کال چھِ نِہ نیٹورک سیتھ اجازت تھاوان۔"},{"$i":"emergencyDialogBtnOk","$v":"ٹھیک"},{"$i":"emergencyDialogTitle","$v":"کاہ نیٹورک کنکشن چھِ نِہ"},{"$i":"invalidNumberToDialTitle","$v":"غیر درست فون نمبر"},{"$i":"invalidNumberToDialMessage","$v":"فون نمبر یتھ توہ کال چھو کران چھِ نِہ درست"},{"$i":"unableToCallTitle","$v":"ناکام وین اکھ کال کرنس"},{"$i":"unableToCallMessage","$v":"ھیکِہ نِہ اکھ کال کریتھ اگر توہ گوڈاے چھو ڈائل کران، مہربٲنی کریتھ کریو گوڈِ بند"},{"$i":"otherConnectionInUseTitle","$v":"بدل کنکشن چھِ استعمالس منز"},{"$i":"otherConnectionInUseMessage","$v":"توہ چھِ اکھ ایکٹیو کال بدل کنکشنس پیٹھ۔ توہ ھیکو صرف اکھ کنکشن اکِہ وقتہ استعمال کریتھ"},{"$i":"connectingEllipsis","$v":"جوڑان"}]