[{"$i":"messages","$v":"संदेश"},{"$i":"deleteMessages-title","$v":"सलेक्‍ट करू"},{"$i":"selectThreads-title","$v":"सलेक्‍ट करू"},{"$i":"edit","$v":"संपादन"},{"$i":"back","$v":"पीछा"},{"$i":"cancel","$v":"रद्द करू"},{"$i":"undo","$v":"अनडू"},{"$i":"done","$v":"भ गेल"},{"$i":"delete","$v":"मिटाउ"},{"$i":"deleting-messages","$v":"डिलीट भ रहल छै"},{"$i":"select-all","$v":"सब चयनित करू"},{"$i":"deselect-all","$v":"सब क अचयनित करी"},{"$i":"selected-threads","$v":{"zero":"0 चयनित","one":[{"t":"idOrVar","v":"n"}," चयनित"],"two":[{"t":"idOrVar","v":"n"}," चयनित"],"few":[{"t":"idOrVar","v":"n"}," चयनित"],"many":[{"t":"idOrVar","v":"n"}," चयनित"],"other":[{"t":"idOrVar","v":"n"}," चयनित"]},"$x":[{"t":"idOrVar","v":"plural"},"n"]},{"$i":"selected-messages","$v":{"zero":"0 चयनित","one":[{"t":"idOrVar","v":"n"}," चयनित"],"two":[{"t":"idOrVar","v":"n"}," चयनित"],"few":[{"t":"idOrVar","v":"n"}," चयनित"],"many":[{"t":"idOrVar","v":"n"}," चयनित"],"other":[{"t":"idOrVar","v":"n"}," चयनित"]},"$x":[{"t":"idOrVar","v":"plural"},"n"]},{"$i":"selectThreads-label","$v":"थ्रेड्स चयनित करू"},{"$i":"selectMessages-label","$v":"मेसेज चयनित करू"},{"$i":"new-message","$v":"नया मेसेज"},{"$i":"delete-thread","$v":"डिलीट थ्रेड"},{"$i":"create-new-contact","$v":"नवका संपर्क क्रियेट करू"},{"$i":"add-to-contact","$v":"मौजूदा एक टा संपर्क सँ जोड़ू"},{"$i":"select-thread","$v":"थ्रेड चयनित करू"},{"$i":"settings","$v":"सेटिंग्स"},{"$i":"select","$v":"सलेक्‍ट करू"},{"$i":"sk-save-as-draft","$v":"ड्राफ्ट क रूप में सेव करू"},{"$i":"send","$v":"भेजू"},{"$i":"add-contact","$v":"संपर्क जोड़ू"},{"$i":"add-suggestion","$v":"जोड़ू"},{"$i":"add-subject","$v":"सब्जेक्ट जोरू"},{"$i":"remove-subject","$v":"सब्जेक्ट हटाऊ"},{"$i":"add-attachment","$v":"अटैचमेंट जोरू"},{"$i":"remove-attachment","$v":"अटैचमेंट हटाऊ"},{"$i":"replace-attachment","$v":"अटैचमेंट कें स्‍थानापन्‍न करू"},{"$i":"select-messages","$v":"मेसेज चयनित करू"},{"$i":"call","$v":"कॉल"},{"$i":"forward","$v":"फॉरवार्ड"},{"$i":"view-message-report","$v":"मेसेज डिटेल देखू"},{"$i":"resend-message","$v":"इ मेसेज फेर से भेजू"},{"$i":"cancel-view-report","$v":"रद्द करू"},{"$i":"ok","$v":"ओके"},{"$i":"enter","$v":"एंटर"},{"$i":"open","$v":"खोलू"},{"$i":"to","$v":"वास्‍ते"},{"$i":"new","$v":"नवका"},{"$i":"message","$v":"संदेश"},{"$i":"messagesInput_placeholder","$v":"संदेश"},{"$i":"messagesSubjectInput_placeholder","$v":"विषय"},{"$i":"converted-to-mms","$v":"मल्टीमीडिया मेसेज में कन्वर्ट भ रहल छै."},{"$i":"converted-to-sms","$v":"टेक्स्ट संदेश में परिवर्तित भ रहल अछि."},{"$i":"messages-max-length-text","$v":"आहां अधिकतम लम्बाई पर पहुँच गेल छियै."},{"$i":"messages-max-subject-length-text","$v":"सब्जेक्ट क मैक्सिमम लम्बाई भ गेल्लै."},{"$i":"multimedia-message-exceeded-max-length","$v":["सिंगल मल्टीमीडिया मेसेज केर size",{"t":"idOrVar","v":"mmsSize"}," केबी सँ अहॉं आगू भ चुकल छी, संदेश छोट करै लेल अटैचमेंट हटाउ अथवा संदेश छोट करू."]},{"$i":"newMessage","$v":"नया मेसेज"},{"$i":"sendMessage","$v":"मेसेज भेजू"},{"$i":"sendMMSToEmail","$v":"मल्टिमीडिया मेसेज भेजू"},{"$i":"no-recipient","$v":"(कोनो प्राप्त करअैई बला नै )"},{"$i":"recipient","$v":{"one":[{"t":"idOrVar","v":"n"}," प्राप्त करेई वाला"],"two":[{"t":"idOrVar","v":"n"}," प्राप्तकर्ता"],"few":[{"t":"idOrVar","v":"n"}," प्राप्तकर्ता"],"many":[{"t":"idOrVar","v":"n"}," प्राप्तकर्ता"],"other":[{"t":"idOrVar","v":"n"}," प्राप्तकर्ता"]},"$x":[{"t":"idOrVar","v":"plural"},"n"]},{"$i":"attachmentSizeB","$v":[{"t":"idOrVar","v":"n"}," B"]},{"$i":"attachmentSizeKB","$v":[{"t":"idOrVar","v":"n"}," KB"]},{"$i":"attachmentSizeMB","$v":[{"t":"idOrVar","v":"n"}," MB"]},{"$i":"attachmentOpenError","$v":"एई फाइल टाइप लेल कोनो एप्लीकेशन नैई छै."},{"$i":"remove","$v":"हटाउ"},{"$i":"participant","$v":{"one":[{"t":"idOrVar","v":"n"}," पार्टिसिपेंट"],"two":[{"t":"idOrVar","v":"n"}," पार्टिसिपेंट्स"],"few":[{"t":"idOrVar","v":"n"}," पार्टिसिपेंट्स"],"many":[{"t":"idOrVar","v":"n"}," पार्टिसिपेंट्स"],"other":[{"t":"idOrVar","v":"n"}," पार्टिसिपेंट्स"]},"$x":[{"t":"idOrVar","v":"plural"},"n"]},{"$i":"message-report","$v":"मेसेज रिपोर्ट"},{"$i":"message-type-sms","$v":"टेक्स्ट मेसेज (SMS)"},{"$i":"message-type-mms","$v":"मल्टीमीडिया मेसेज (MMS)"},{"$i":"sms-report-description","$v":["आहां के टेक्स्ट मेसेज (SMS) ",{"t":"idOrVar","v":"datetime"}," पर सेट कैइल गेल"]},{"$i":"mms-report-description","$v":["आहां के मल्टीमीडिया मेसेज (MMS), सब्जेक्ट ",{"t":"idOrVar","v":"subject"}," ",{"t":"idOrVar","v":"datetime"}," पर सेट कैइल गेल"]},{"$i":"mms-no-subject-report-description","$v":["आहां के मल्टीमीडिया मेसेज (MMS) ",{"t":"idOrVar","v":"datetime"}," पर सेट कैइल गेल"]},{"$i":"message-subject","$v":"विषय:"},{"$i":"report-status-error","$v":"मेसेज नै भेजल जा सकै या"},{"$i":"report-status-not-downloaded","$v":"डाउनलोड नैई"},{"$i":"report-status-delivered","$v":"डेलिवर्ड"},{"$i":"report-status-read","$v":"रीड"},{"$i":"report-status-pending","$v":"रिपोर्ट रिक्वेस्टएड"},{"$i":"report-status-rejected","$v":"मेसेज ठुकरैइल गेल्लै"},{"$i":"message-size-was","$v":"मेसेज साइज़:"},{"$i":"report-dateTimeFormat12","$v":["%e %B %Y, ",{"t":"idOrVar","v":"shortTimeFormat12"}]},{"$i":"report-dateTimeFormat24","$v":["%e %B %Y, ",{"t":"idOrVar","v":"shortTimeFormat24"}]},{"$i":"report-to-title","$v":"वास्‍ते"},{"$i":"report-from-title","$v":"सँ"},{"$i":"message-sent","$v":"भेजल गेल:"},{"$i":"message-sending","$v":[{"t":"idOrVar","v":"message-delivery-status-sending"}]},{"$i":"message-received","$v":"प्राप्त भेल"},{"$i":"message-via","$v":"वाया:"},{"$i":"message-resend","$v":"फेर सँ भेजू"},{"$i":"search","$v":"सर्च"},{"$i":"unknown-contact-title","$v":"अननोन कांटेक्ट"},{"$i":"phone-type-separator","$v":", "},{"$i":"phone-carrier-separator","$v":" "},{"$i":"thread-participant-separator","$v":", "},{"$i":"replace-draft","$v":"मौजूदा ड्राफ्ट क रिप्लेस करू"},{"$i":"save-as-draft","$v":"सेव"},{"$i":"discard-message","$v":"नामंजूर"},{"$i":"discard-sms","$v":"आहां इ मेसेज डिस्कार्ड करअ चाहै छियै?"},{"$i":"discard-new-message","$v":"ज मेसेज आहां लिख रहल छि ओकरा डिस्कार्ड क क नया खोलू?"},{"$i":"resend-confirmation","$v":"मेसेज नै भेजल जा सकल फेर सँ कोशिश करू?"},{"$i":"deleteMessage-confirmation","$v":"चयनित मेसेजस डिलीट करू"},{"$i":"deleteMessages-confirmation","$v":"चयनित मेसेज डिलीट करू?"},{"$i":"deleteThreads-confirmation2","$v":{"one":"चयनित मेसेज थ्रेड्स डिलीट करू","other":"चयनित मेसेज थ्रेड डिलीट करू?"},"$x":[{"t":"idOrVar","v":"plural"},"n"]},{"$i":"new-message-notice-text","$v":"से नया मेसेज"},{"$i":"new-message-notice-a-text","$v":"इ पढू"},{"$i":"noMessages-title","$v":"कुनू संदेश नाहिं"},{"$i":"noMessages-text","$v":"नया बात शुरू करेई लेल न्यू मेसेज दबू."},{"$i":"sendDefaultErrorTitle","$v":"संदेश भेजल नाहिं गेल"},{"$i":"sendDefaultErrorBody","$v":"मेसेज भेजेई में समस्या भ गल्ले कृपया फेर सँ प्रयास करू."},{"$i":"sendDefaultErrorBtnOk","$v":"ओके"},{"$i":"sendMissingSimCardTitle","$v":"सिम कार्ड नै छै"},{"$i":"sendMissingSimCardBody","$v":"आगाँ बढ़इ लेल मान्य सिम कार्ड लागू."},{"$i":"sendMissingSimCardBtnOk","$v":"ओके"},{"$i":"sendFlightModeTitle","$v":"एयरप्लेन मोड सक्रिय"},{"$i":"sendFlightModeBody","$v":"संदेश भेजबाक लेल एयरप्लेन मोड ऑफ करू"},{"$i":"sendFlightModeBtnOk","$v":"ओके"},{"$i":"radioDisabledToDownloadTitle","$v":[{"t":"idOrVar","v":"sendFlightModeTitle"}]},{"$i":"radioDisabledToDownloadBody","$v":"अटैचमेंट डाउनलोड करेई लेल एयरप्लेन मोड ऑफ करू."},{"$i":"radioDisabledToDownloadBtnOk","$v":[{"t":"idOrVar","v":"sendFlightModeBtnOk"}]},{"$i":"fdnErrorTitle","$v":"FDN सक्रिय"},{"$i":"needConnectWifiBody","$v":"कोनो सेलुलर डेटा मौजूद नहि. संदेश भेजबाक लेल मौजूदा Wi-Fi नेटवर्क सँ कनेक्ट करू."},{"$i":"needConnectWifiTitle","$v":"संदेश भेजल नाहिं गेल"},{"$i":"sms-counter-notice-label","$v":["एडिटिंग SMS",{"t":"idOrVar","v":"number"}]},{"$i":"fdnErrorBody","innerHTML":{"$x":[{"t":"idOrVar","v":"plural"},"n"],"$v":{"one":"FDN (फिक्स्ड डायलइंग नंबर्स ) सक्रिय छै. सुनिश्चित करू ज SMS सेण्टर और निम्न प्राप्त करई बला आहां क FDN सूचि में छैथ:","two":"FDN (फिक्स्ड डायलइंग नंबर्स ) सक्रिय छै सुनिश्चित करू ज SMS सेण्टर और निम्न प्राप्त करई बला आहां क FDN सूचि में छैथ:","few":"FDN (फिक्स्ड डायलइंग नंबर्स ) सक्रिय छै सुनिश्चित करू ज SMS सेण्टर और निम्न प्राप्त करई बला आहां क FDN सूचि में छैथ:","many":"FDN (फिक्स्ड डायलइंग नंबर्स ) सक्रिय छै सुनिश्चित करू ज SMS सेण्टर और निम्न प्राप्त करई बला आहां क FDN सूचि में छैथ:","other":"FDN (फिक्स्ड डायलइंग नंबर्स ) सक्रिय छै सुनिश्चित करू ज SMS सेण्टर और निम्न प्राप्त करई बला आहां क FDN सूचि में छैथ:"}}},{"$i":"fdnErrorBtnOk","$v":"ओके"},{"$i":"switchSimToRetrieveTitle","$v":"स्विच डेटा कनेक्शन"},{"$i":"switchSimToRetrieveBody","$v":["एमएमएस वापस प्राप्‍त करबाक लेल डेटा कनेक्शन सिम ",{"t":"idOrVar","v":"nonActiveसिमId"}," मे स्विच करू सिम ",{"t":"idOrVar","v":"activeसिमId"}," पर मौजूदा डेटा स्‍थानांतरण निलंबित भ जायत, कुनू तरह जारी राखू ?"]},{"$i":"switchSimToRetrieveBtnOk","$v":"बाद में"},{"$i":"switchSimToRetrieveConfirm","$v":"ओके"},{"$i":"switchSimToSendTitle","$v":[{"t":"idOrVar","v":"switchSimToRetrieveTitle"}]},{"$i":"switchSimToSendBody","$v":["MMS भेजेई लेल डाटा कनेक्शन सिम ",{"t":"idOrVar","v":"nonActiveसिमId"}," में स्विच करू सिम ",{"t":"idOrVar","v":"activeसिमId"}," पर मौजूदा डाटा ट्रान्सफर सुस्पेंद भा जेत्तई कंटिन्यू एनीवे?"]},{"$i":"switchSimToSendBtnOk","$v":[{"t":"idOrVar","v":"switchSimToRetrieveBtnOk"}]},{"$i":"switchSimToSendConfirm","$v":[{"t":"idOrVar","v":"switchSimToRetrieveConfirm"}]},{"$i":"sendNoSignalErrorTitle","$v":"नेटवर्क कवरेज नै"},{"$i":"sendNoSignalErrorBody","$v":"सुनिश्चित करू जे आहां लग मोबाइल सिग्नल आइछ और पुनः प्रयास करू."},{"$i":"sendNoSignalErrorBtnOk","$v":"ओके"},{"$i":"sendNotFoundErrorTitle","$v":"मेसेज नै पैल गेल्लै"},{"$i":"sendNotFoundErrorBody","$v":"ज मेसेज आहां तकए छियै से आब उपलब्ध नै छै."},{"$i":"sendNotFoundErrorBtnOk","$v":"ओके"},{"$i":"sendInvalidAddressErrorTitle","$v":"अमान्‍य नंबर"},{"$i":"sendInvalidAddressErrorBody","$v":"सुनिश्चित करू जे आहां जे नंबर भेज रहल छियै से मान्य छै."},{"$i":"sendInvalidAddressErrorBtnOk","$v":"ओके"},{"$i":"simNotMatchedErrorTitle","$v":"नेटवर्क ज्वाइन नैई भ सकल"},{"$i":"simNotMatchedErrorBody","$v":"मेसेज प्राप्त करेई लेल सुनिश्चित करू ज सिम कार्ड लागल अइछ."},{"$i":"simNotMatchedErrorBtnOk","$v":"ओके"},{"$i":"deleted-sms","$v":"इ मेसेज पहिने से डिलीट भ गेल छै."},{"$i":"view-attachment-image","$v":"आलोकन"},{"$i":"view-attachment-audio","$v":"सुनु"},{"$i":"view-attachment-video","$v":"आलोकन"},{"$i":"view-attachment-other","$v":"आलोकन"},{"$i":"remove-attachment-image","$v":"इमेज हटाऊ"},{"$i":"remove-attachment-audio","$v":"ऑडियो हटाऊ"},{"$i":"remove-attachment-video","$v":"वीडियो हटाउ"},{"$i":"remove-attachment-other","$v":"अटैचमेंट हटाऊ"},{"$i":"replace-attachment-image","$v":"इमेज क रिप्लेस करू"},{"$i":"replace-attachment-audio","$v":"ऑडियो कें स्‍थानापन्‍न करू"},{"$i":"replace-attachment-video","$v":"रिप्लेस विडियो"},{"$i":"replace-attachment-other","$v":"अटैचमेंट कें स्‍थानापन्‍न करू"},{"$i":"unsent-message-title","$v":"नै भेजल गेल मेसेज"},{"$i":"unsent-message-description","$v":"आहां क पिछला मेसेज नै भेजल जा सकल नै भेजल गेल मेसेज क सम्पादित करअ चाहै छियै या छोरअचाहै छियै या जारी रखअ चाहै छियै?"},{"$i":"unsent-message-option-edit","$v":"संपादन"},{"$i":"unsent-message-option-discard","$v":"नामंजूर"},{"$i":"message-options","$v":"संदेशक ऑप्‍शंस"},{"$i":"select-text","$v":"टेक्‍सट कें चयन करू"},{"$i":"mobile","$v":"मोबाइल"},{"$i":"home","$v":"होम"},{"$i":"work","$v":"कार्य"},{"$i":"personal","$v":"निजी"},{"$i":"faxHome","$v":"फैक्स होम"},{"$i":"faxOffice","$v":"फैक्स ऑफिस"},{"$i":"faxOther","$v":"fax अदर"},{"$i":"another","$v":"दोसर"},{"$i":"other","$v":"आन"},{"$i":"today","$v":"आई"},{"$i":"yesterday","$v":"काल्हि"},{"$i":"incorrectDate","$v":"( गलत तारीख)"},{"$i":"addToExistingContact","$v":"मौजूदा एक टा संपर्क सँ जोड़ू"},{"$i":"createNewContact","$v":"नवका संपर्क क्रियेट करू"},{"$i":"viewContact","$v":"कांटेक्ट देखू"},{"$i":"sendEmail","$v":"email भेजू"},{"$i":"mms-message","$v":"एमएमएस संदेश"},{"$i":"notDownloaded-title","$v":"मेसेज एखन तक डाउनलोड नै भ पेल्लेई."},{"$i":"tobedownloaded-attachment","$v":["अहॉं मल्टीमीडिया मैसेज प्राप्‍त केलौं. डाउनलोड प्रेस करू, रिट्रीव करबाक लेल ",{"t":"idOrVar","v":"date"},"सँ पहिने."]},{"$i":"expired-attachment","$v":["क्षमा करू! संदेश एक्स्पायर भ गेल ",{"t":"idOrVar","v":"date"}," आउर दोबारा डाउनलोड नहि भ सकत."]},{"$i":"download-attachment","$v":"डाउनलोड"},{"$i":"downloading-attachment","$v":"डाउनलोड भ रहल अछि."},{"$i":"download-complete","$v":"डाउनलोड पूरा"},{"$i":"unnamed-attachment","$v":"बिना शीर्षक"},{"$i":"mms-label","$v":"MMS"},{"$i":"attached-files-too-large","$v":{"zero":["जे फाइल अहॉं चयनित कएने छी ",{"t":"idOrVar","v":"mmssize"}," केबी क सीमा सँ बेसी छथि."],"one":["जे फाइल अहॉं चयनित कएने छी ",{"t":"idOrVar","v":"mmssize"}," केबी क सीमा सँ बेसी छथि."],"two":["जे फाइल अहॉं चयनित कएने छी ",{"t":"idOrVar","v":"mmssize"}," केबी क सीमा सँ बेसी छथि."],"few":["जे फाइल अहॉं चयनित कएने छी ",{"t":"idOrVar","v":"mmssize"}," केबी क सीमा सँ बेसी छथि."],"many":["जे फाइल अहॉं चयनित कएने छी ",{"t":"idOrVar","v":"mmssize"}," केबी क सीमा सँ बेसी छथि."],"other":["जे फाइल अहॉं चयनित कएने छी ",{"t":"idOrVar","v":"mmssize"}," केबी क सीमा सँ बेसी छथि."]},"$x":[{"t":"idOrVar","v":"plural"},"n"]},{"$i":"resize-image","$v":"अटैच्ड इमेज रेसाइज़ भ रहल छै"},{"$i":"no-attachment-text","$v":"अटैच्ड फाइल में कोनो दिक्कत छै या ओ डाउनलोड नै भ सकैई छै."},{"$i":"message-draft-saved","$v":"मेसेज ड्राफ्ट क रूप में सेव कैइल गेल्लै"},{"$i":"sim-id-label","$v":["सिम ",{"t":"idOrVar","v":"id"}]},{"$i":"sim-detail","$v":["सिम ",{"t":"idOrVar","v":"id"},", ",{"t":"idOrVar","v":"detailString"}]},{"$i":"dsds-notification-title-with-sim","$v":["(",{"t":"idOrVar","v":"sim"},") ",{"t":"idOrVar","v":"sender"}]},{"$i":"send-button","ariaLabel":"भेजू"},{"$i":"send-button-sim-indication","$v":[{"t":"idOrVar","v":"n"}],"ariaLabel":["सिम ",{"t":"idOrVar","v":"n"}," प्रयोग भ रहल छै"]},{"$i":"expiry-date-format","$v":"%A, %B %e"},{"$i":"attach-button","ariaLabel":"अटैचमेंट जोरू"},{"$i":"contact-photo","ariaLabel":"संपर्क चित्र"},{"$i":"unread-thread","ariaLabel":"अनरीड"},{"$i":"has-draft","ariaLabel":"ड्राफ्ट छै"},{"$i":"is-draft","ariaLabel":"ड्राफ्ट"},{"$i":"message-delivery-status-sending","$v":"भेजा रहल छै"},{"$i":"message-delivery-status-delivered","ariaLabel":"डेलिवर्ड"},{"$i":"message-delivery-status-read","ariaLabel":"रीड"},{"$i":"message-delivery-status-error","ariaLabel":"त्रुटि"},{"$i":"modal-dialog-ok-button","$v":"ओके"},{"$i":"modal-dialog-cancel-button","$v":"रद्द करू"},{"$i":"modal-dialog-default-title","$v":"सन्देश"},{"$i":"tcl-delete-message","$v":"मेसेज डिलीट भ गेल्लै"},{"$i":"tcl-sending-message-toast","$v":"मेसेज भेजा रहल छै..."},{"$i":"tcl-message-converted-to-toast","$v":[{"t":"idOrVar","v":"type"}," में सन्देश कन्वर्ट भ गेल्लै"]},{"$i":"tcl-message-sent-toast","$v":"मेसेज भेजल गेल"},{"$i":"tcl-deleteMessage-confirmation2","$v":"चयनित मेसेज थ्रेड्स डिलीट करू"},{"$i":"tcl-deleted-message","$v":{"zero":"0 मेसेज डिलीट भेल्लई","one":[{"t":"idOrVar","v":"n"}," मेसेज डिलीट कैइल गेल"],"two":[{"t":"idOrVar","v":"n"}," मेसेज थ्रेड डिलीट क देल गेल"],"few":[{"t":"idOrVar","v":"n"}," मेसेज थ्रेड डिलीट क देल गेल"],"many":[{"t":"idOrVar","v":"n"}," मेसेज थ्रेड डिलीट क देल गेल"],"other":[{"t":"idOrVar","v":"n"}," मेसेज थ्रेड डिलीट क देल गेल"]},"$x":[{"t":"idOrVar","v":"plural"},"n"]},{"$i":"tcl-deleted-threads","$v":{"zero":"थ्रेड मिटाएल गेल","one":"थ्रेड डिलीट भ गेल्लई","two":[{"t":"idOrVar","v":"n"}," मेसेज थ्रेड डिलीट क देल गेल"],"few":[{"t":"idOrVar","v":"n"}," मेसेज थ्रेड डिलीट क देल गेल"],"many":[{"t":"idOrVar","v":"n"}," मेसेज थ्रेड डिलीट क देल गेल"],"other":[{"t":"idOrVar","v":"n"}," मेसेज थ्रेड डिलीट क देल गेल"]},"$x":[{"t":"idOrVar","v":"plural"},"n"]},{"$i":"tcl-simSettings","$v":"जानकारी"},{"$i":"tcl-unknown-SMSC","$v":"जानकारी नै छै"},{"$i":"tcl-sim1","$v":"सर्विस सेण्टर सिम 1"},{"$i":"tcl-sim2","$v":"सर्विस सेण्टर सिम 2"},{"$i":"tcl-auto-retrieve","$v":"ऑटो रिट्रीव"},{"$i":"tcl-wapPushMessages","$v":"WAP पुश मेसेजस"},{"$i":"tcl-wapPush","$v":"WAP पुश"},{"$i":"tcl-wap-push-on","$v":"ऑन"},{"$i":"tcl-wap-push-off","$v":"ऑफ"},{"$i":"tcl-auto-retrieve-messages","$v":"ऑटो रिट्रीव संदेश"},{"$i":"tcl-manual-retrieve","$v":"ऑफ"},{"$i":"tcl-auto-roaming-retrieve","$v":"रोमिंग सने ऑन"},{"$i":"tcl-auto-no-roaming-retrieve","$v":"रोमिंग क बिना ऑन"},{"$i":"tcl-message-read-reports","$v":"रिपोर्ट पढू"},{"$i":"tcl-read-reports-on","$v":"ऑन"},{"$i":"tcl-read-reports-off","$v":"ऑफ"},{"$i":"tcl-mmsTitle","$v":"मल्टीमीडिया मेसेजिंग (MMS)"},{"$i":"tcl-message-delivery-reports","$v":"डिलीवरी रिपोर्ट्स"},{"$i":"tcl-delivery-reports-on","$v":"ऑन"},{"$i":"tcl-delivery-reports-off","$v":"ऑफ"},{"$i":"tcl-message-confirmation","$v":"मेसेज कन्फर्मेशन'"},{"$i":"tcl-messageReport-title","$v":"मेसेज डिटेल्स"},{"$i":"tcl-mms-label","$v":"MMS"},{"$i":"tcl-sms-label","$v":"SMS"},{"$i":"tcl-messaging-settings","$v":"मेसेज सेटिंग्स"},{"$i":"tcl-messagingSettings-header","$v":[{"t":"idOrVar","v":"tcl-messaging-settings"}]},{"$i":"tcl-confirmation-title","$v":"कन्फर्मेशन"},{"$i":"tcl-draft-save-content","$v":"ड्राफ्ट क रूप में सेव करू?"},{"$i":"tcl-draft-discard-content","$v":"मेसेज डिस्कार्डएड"},{"$i":"tcl-switch-on","$v":"ऑन"},{"$i":"tcl-switch-off","$v":"ऑफ"},{"$i":"tcl-delivery-report-desc","$v":"हर भेजल गेल मेसेज क नोटीफिकेसन लेल आग्रह करू"},{"$i":"tcl-read-report-desc","$v":"हर भेजल गेल संदेश के लेल रीड रिपोर्ट के आग्रह"},{"$i":"tcl-auto-retrieve-desc","$v":"स्‍वत: संदेशक पुनर्प्राप्‍ती"},{"$i":"tcl-confirm-dialog-ok","$v":"ओके"},{"$i":"tcl-yes","$v":"हँ"},{"$i":"tcl-no","$v":"नाहिं"},{"$i":"tcl-delete-current-thread?","$v":"चयनित मेसेज थ्रेड्स डिलीट करू"},{"$i":"tcl-attention","$v":"ध्‍यान दिय"},{"$i":"tcl-options","$v":"विकल्प"},{"$i":"send-failed","$v":"भेजनाइ विफल."},{"$i":"subject-removed","$v":"सब्जेक्ट हटेइल गेल्लइ."},{"$i":"media-storage-limit-alert-title","$v":"स्टोरेज फुल"},{"$i":"media-storage-limit-alert-body","$v":"बेसी खाली स्थान प्राप्त करबाक लेल अहॉं किछ मीडिया फ़ाइल हटा सकै छी अथवा एप्पलीकेशन डेटा मॅनेज क सकै छी."},{"$i":"media-storage-limit-alert-cancel","$v":"रद्द करू"},{"$i":"media-storage-limit-alert-setting","$v":"सेटिंग्स पर जाउ"},{"$i":"email","$v":"ईमेल"},{"$i":"go","$v":"जाउ"},{"$i":"weekday-0-long","$v":"रवि"},{"$i":"weekday-1-long","$v":"सोम दिन"},{"$i":"weekday-2-long","$v":"मंगल दिन"},{"$i":"weekday-3-long","$v":"बुध दिन"},{"$i":"weekday-4-long","$v":"वृहस्‍पति दिन"},{"$i":"weekday-5-long","$v":"शुक्र दिन"},{"$i":"weekday-6-long","$v":"शनि दिन"},{"$i":"weekday-0-short","$v":"सुन"},{"$i":"weekday-1-short","$v":"मन"},{"$i":"weekday-2-short","$v":"ट्यू"},{"$i":"weekday-3-short","$v":"वेद"},{"$i":"weekday-4-short","$v":"थू"},{"$i":"weekday-5-short","$v":"फ्राइडे"},{"$i":"weekday-6-short","$v":"सैट"},{"$i":"month-0-long","$v":"जनुअरी"},{"$i":"month-1-long","$v":"फेब्रुअरी"},{"$i":"month-2-long","$v":"मार्च"},{"$i":"month-3-long","$v":"अप्रैल"},{"$i":"month-4-long","$v":"मई"},{"$i":"month-5-long","$v":"जून"},{"$i":"month-6-long","$v":"जुलाई"},{"$i":"month-7-long","$v":"अगस्त"},{"$i":"month-8-long","$v":"सितम्बर"},{"$i":"month-9-long","$v":"अक्टूबर"},{"$i":"month-10-long","$v":"नवम्बर"},{"$i":"month-11-long","$v":"दिसम्बर"},{"$i":"month-0-genitive","$v":"जनुअरी"},{"$i":"month-1-genitive","$v":"फेब्रुअरी"},{"$i":"month-2-genitive","$v":"मार्च"},{"$i":"month-3-genitive","$v":"अप्रैल"},{"$i":"month-4-genitive","$v":"मई"},{"$i":"month-5-genitive","$v":"जून"},{"$i":"month-6-genitive","$v":"जुलाई"},{"$i":"month-7-genitive","$v":"अगस्त"},{"$i":"month-8-genitive","$v":"सितम्बर"},{"$i":"month-9-genitive","$v":"अक्टूबर"},{"$i":"month-10-genitive","$v":"नवम्बर"},{"$i":"month-11-genitive","$v":"दिसम्बर"},{"$i":"month-0-short","$v":"जन"},{"$i":"month-1-short","$v":"फेब्रुअरी"},{"$i":"month-2-short","$v":"मर"},{"$i":"month-3-short","$v":"एप्र"},{"$i":"month-4-short","$v":"मई"},{"$i":"month-5-short","$v":"जून"},{"$i":"month-6-short","$v":"जुल"},{"$i":"month-7-short","$v":"औग"},{"$i":"month-8-short","$v":"सेप"},{"$i":"month-9-short","$v":"ओक्ट"},{"$i":"month-10-short","$v":"नोव"},{"$i":"month-11-short","$v":"दिसम्बर"},{"$i":"minutes-ago-long","$v":{"zero":"एखन तुरंत","one":"एक मिनट पहिने","two":[{"t":"idOrVar","v":"value"}," मिनट पहिने"],"few":[{"t":"idOrVar","v":"value"}," मिनट पहिने"],"many":[{"t":"idOrVar","v":"value"}," मिनट पहिने"],"other":[{"t":"idOrVar","v":"value"}," मिनट पहिने"]},"$x":[{"t":"idOrVar","v":"plural"},"value"]},{"$i":"hours-ago-long","$v":{"zero":"एखन तुरंत","one":"एक घंटा पहिने","two":[{"t":"idOrVar","v":"value"}," घंटा पहिने"],"few":[{"t":"idOrVar","v":"value"}," घंटा पहिने"],"many":[{"t":"idOrVar","v":"value"}," घंटा पहिने"],"other":[{"t":"idOrVar","v":"value"}," घंटा पहिने"]},"$x":[{"t":"idOrVar","v":"plural"},"value"]},{"$i":"days-ago-long","$v":{"zero":"आई","one":"काल्हि","two":[{"t":"idOrVar","v":"value"}," दिन पहिने"],"few":[{"t":"idOrVar","v":"value"}," दिन पहिने"],"many":[{"t":"idOrVar","v":"value"}," दिन पहिने"],"other":[{"t":"idOrVar","v":"value"}," दिन पहिने"]},"$x":[{"t":"idOrVar","v":"plural"},"value"]},{"$i":"weeks-ago-long","$v":{"zero":"इ हफ्ता","one":"पिछला हफ्ता","two":[{"t":"idOrVar","v":"value"}," हफ्ता पहिने"],"few":[{"t":"idOrVar","v":"value"}," हफ्ता पहिने"],"many":[{"t":"idOrVar","v":"value"}," हफ्ता पहिने"],"other":[{"t":"idOrVar","v":"value"}," हफ्ता पहिने"]},"$x":[{"t":"idOrVar","v":"plural"},"value"]},{"$i":"months-ago-long","$v":{"zero":"इ महिना","one":"पिछला महिना","two":[{"t":"idOrVar","v":"value"}," मास बाद"],"few":[{"t":"idOrVar","v":"value"}," मास बाद"],"many":[{"t":"idOrVar","v":"value"}," मास बाद"],"other":[{"t":"idOrVar","v":"value"}," मास बाद"]},"$x":[{"t":"idOrVar","v":"plural"},"value"]},{"$i":"years-ago-long","$v":{"zero":"इ साल","one":"पिछला साल","two":[{"t":"idOrVar","v":"value"}," साल पहिने"],"few":[{"t":"idOrVar","v":"value"}," साल पहिने"],"many":[{"t":"idOrVar","v":"value"}," साल पहिने"],"other":[{"t":"idOrVar","v":"value"}," साल पहिने"]},"$x":[{"t":"idOrVar","v":"plural"},"value"]},{"$i":"minutes-until-long","$v":{"zero":"एखन","one":"एक मिनट में","two":[{"t":"idOrVar","v":"value"}," मिनट में"],"few":[{"t":"idOrVar","v":"value"}," मिनट में"],"many":[{"t":"idOrVar","v":"value"}," मिनट में"],"other":[{"t":"idOrVar","v":"value"}," मिनट में"]},"$x":[{"t":"idOrVar","v":"plural"},"value"]},{"$i":"hours-until-long","$v":{"zero":"एखन","one":"एक घंटा में","two":[{"t":"idOrVar","v":"value"}," घंटा में"],"few":[{"t":"idOrVar","v":"value"}," घंटा में"],"many":[{"t":"idOrVar","v":"value"}," घंटा में"],"other":[{"t":"idOrVar","v":"value"}," घंटा में"]},"$x":[{"t":"idOrVar","v":"plural"},"value"]},{"$i":"days-until-long","$v":{"zero":"आई","one":"काल्हि","two":[{"t":"idOrVar","v":"value"}," दिन में"],"few":[{"t":"idOrVar","v":"value"}," दिन में"],"many":[{"t":"idOrVar","v":"value"}," दिन में"],"other":[{"t":"idOrVar","v":"value"}," दिन में"]},"$x":[{"t":"idOrVar","v":"plural"},"value"]},{"$i":"weeks-until-long","$v":{"zero":"इ हफ्ता","one":"आगु क सप्‍ताह","two":[{"t":"idOrVar","v":"value"}," हफ्ता में"],"few":[{"t":"idOrVar","v":"value"}," हफ्ता में"],"many":[{"t":"idOrVar","v":"value"}," हफ्ता में"],"other":[{"t":"idOrVar","v":"value"}," हफ्ता में"]},"$x":[{"t":"idOrVar","v":"plural"},"value"]},{"$i":"months-until-long","$v":{"zero":"इ महिना","one":"अगला महिना","two":[{"t":"idOrVar","v":"value"}," मास मे"],"few":[{"t":"idOrVar","v":"value"}," मास मे"],"many":[{"t":"idOrVar","v":"value"}," मास मे"],"other":[{"t":"idOrVar","v":"value"}," मास मे"]},"$x":[{"t":"idOrVar","v":"plural"},"value"]},{"$i":"years-until-long","$v":{"zero":"इ साल","one":"अगला साल","two":[{"t":"idOrVar","v":"value"}," साल मे"],"few":[{"t":"idOrVar","v":"value"}," साल मे"],"many":[{"t":"idOrVar","v":"value"}," साल मे"],"other":[{"t":"idOrVar","v":"value"}," साल मे"]},"$x":[{"t":"idOrVar","v":"plural"},"value"]},{"$i":"minutes-ago-short","$v":{"zero":"एखन तुरंत","other":[{"t":"idOrVar","v":"value"}," म पहिने"]},"$x":[{"t":"idOrVar","v":"plural"},"value"]},{"$i":"hours-ago-short","$v":{"zero":"एखन तुरंत","other":[{"t":"idOrVar","v":"value"}," h पहिने"]},"$x":[{"t":"idOrVar","v":"plural"},"value"]},{"$i":"days-ago-short","$v":{"zero":"आई","other":[{"t":"idOrVar","v":"value"},"d पहिने"]},"$x":[{"t":"idOrVar","v":"plural"},"value"]},{"$i":"minutes-until-short","$v":{"zero":"एखन","other":[{"t":"idOrVar","v":"value"}," m"]},"$x":[{"t":"idOrVar","v":"plural"},"value"]},{"$i":"hours-until-short","$v":{"zero":"एखन","other":[{"t":"idOrVar","v":"value"},"h"]},"$x":[{"t":"idOrVar","v":"plural"},"value"]},{"$i":"days-until-short","$v":{"zero":"आई","other":[{"t":"idOrVar","v":"value"}," d"]},"$x":[{"t":"idOrVar","v":"plural"},"value"]},{"$i":"dateTimeFormat_%c","$v":"%a %b %e %Y %I:%M:%S %p"},{"$i":"dateTimeFormat_%x","$v":"%m/%d/%Y"},{"$i":"dateTimeFormat_%X","$v":"%I:%M:%S %p"},{"$i":"shortTimeFormat","$v":"%I:%M %p"},{"$i":"shortTimeFormat12","$v":"%I:%M %p"},{"$i":"shortTimeFormat24","$v":"%H:%M"},{"$i":"shortDateTimeFormat","$v":"%x %I:%M %p"},{"$i":"weekStartsOnMonday","$v":"0"},{"$i":"firstDayOfTheWeek","$v":"0"},{"$i":"time_am","$v":"AM"},{"$i":"time_pm","$v":"PM"},{"$i":"softkey-options","$v":"विकल्प"},{"$i":"emergencyNumber","$v":"आपातकालीन नंबर"},{"$i":"callAirplaneModeMessage","$v":"कॉल करेई लेल आहां क एयरप्लेन मोड निष्क्रिय करअ परत."},{"$i":"callAirplaneModeBtnOk","$v":"ओके"},{"$i":"callAirplaneModeTitle","$v":"एयरप्लेन मोड सक्रिय"},{"$i":"numberIsBusyTitle","$v":"नंबर व्यस्त छै"},{"$i":"numberIsBusyMessage","$v":"नंबर व्यस्त छै दुबारा स कोसिस करू बाद में."},{"$i":"fdnIsActiveTitle","$v":"FDN सक्रिय"},{"$i":"fdnIsActiveMessage","$v":["एफडीएन (फिक्स्ड डायलइंग नंबर्स ) सक्रिय अछि आ निम्न नंबर अहॉंक एफडीएन सूची मे नहि अछि ",{"t":"idOrVar","v":"number"}]},{"$i":"emergencyDialogBodyBadNumber","$v":"कॉल करेई लेल फ़ोन नेटवर्क सने कनेक्टेड रहबाक चाहि."},{"$i":"emergencyDialogBodyDeviceNotAccepted","$v":"नेटवर्क द्वारा इमरजेंसी कॉल करई क अनुमति नै छै."},{"$i":"emergencyDialogBtnOk","$v":"ओके"},{"$i":"emergencyDialogTitle","$v":"कुनू नेटवर्क कनेक्‍शन नाहिं"},{"$i":"invalidNumberToDialTitle","$v":"अमान्य फ़ोन नंबर"},{"$i":"invalidNumberToDialMessage","$v":"जे फ़ोन नंबर पर आहां कॉल करेई छियेइ से मान्य नै छै."},{"$i":"unableToCallTitle","$v":"एखन फोन कॉल नहि भ सकैत अछि"},{"$i":"unableToCallMessage","$v":"कॉल नहि कएल जा सकैत अछि. अगर अहॉं डायल क रहल छी त पहिने हैंग अप करू."},{"$i":"otherConnectionInUseTitle","$v":"दोसर कनेक्शन प्रयोग में छै"},{"$i":"otherConnectionInUseMessage","$v":"दोसर कनेक्शन पर एकटा सक्रिय कॉल छै एक बेर में एक्के टा कनेक्शन आहां प्रयोग क सकैई छियै."},{"$i":"connectingEllipsis","$v":"कनेक्ट क रहल अछि"}]