[{"$i":"messages","$v":"സന്ദേശം"},{"$i":"deleteMessages-title","$v":"തിരഞ്ഞെടുക്കുക"},{"$i":"selectThreads-title","$v":"തിരഞ്ഞെടുക്കുക"},{"$i":"edit","$v":"തിരുത്തുക"},{"$i":"back","$v":"മടങ്ങുക"},{"$i":"cancel","$v":"റദ്ദാക്കുക"},{"$i":"undo","$v":"പഴയപടിയാക്കുക"},{"$i":"done","$v":"പൂർത്തിയാക്കി"},{"$i":"delete","$v":"ഇല്ലാതാക്കുക"},{"$i":"deleting-messages","$v":"ഇല്ലാതാക്കുന്നു..."},{"$i":"select-all","$v":"എല്ലാം തിരഞ്ഞെടുക്കുക"},{"$i":"deselect-all","$v":"തിരഞ്ഞെടുത്തത് എല്ലാം മാറ്റുക"},{"$i":"selected-threads","$v":{"zero":"0 തിരഞ്ഞെടുത്തു","one":[{"t":"idOrVar","v":"n"}," തിരഞ്ഞെടുത്തു"],"two":[{"t":"idOrVar","v":"n"}," തിരഞ്ഞെടുത്തു"],"few":[{"t":"idOrVar","v":"n"}," തിരഞ്ഞെടുത്തു"],"many":[{"t":"idOrVar","v":"n"}," തിരഞ്ഞെടുത്തു"],"other":[{"t":"idOrVar","v":"n"}," തിരഞ്ഞെടുത്തു"]},"$x":[{"t":"idOrVar","v":"plural"},"n"]},{"$i":"selected-messages","$v":{"zero":"0 തിരഞ്ഞെടുത്തു","one":[{"t":"idOrVar","v":"n"}," തിരഞ്ഞെടുത്തു"],"two":[{"t":"idOrVar","v":"n"}," തിരഞ്ഞെടുത്തു"],"few":[{"t":"idOrVar","v":"n"}," തിരഞ്ഞെടുത്തു"],"many":[{"t":"idOrVar","v":"n"}," തിരഞ്ഞെടുത്തു"],"other":[{"t":"idOrVar","v":"n"}," തിരഞ്ഞെടുത്തു"]},"$x":[{"t":"idOrVar","v":"plural"},"n"]},{"$i":"selectThreads-label","$v":"ത്രെഡുകൾ തിരഞ്ഞെടുക്കുക"},{"$i":"selectMessages-label","$v":"സന്ദേശങ്ങൾ തിരഞ്ഞെടുക്കുക"},{"$i":"new-message","$v":"പുതിയ സന്ദേശം"},{"$i":"delete-thread","$v":"ത്രെഡ് ഇല്ലാതാക്കുക"},{"$i":"create-new-contact","$v":"പുതിയ കോൺടാക്റ്റ് സൃഷ്ടിക്കുക"},{"$i":"add-to-contact","$v":"നിലവിലുള്ള കോൺടാക്റ്റിലേക്ക് ചേർക്കുക"},{"$i":"select-thread","$v":"ത്രെഡ് തിരഞ്ഞെടുക്കുക"},{"$i":"settings","$v":"സെറ്റിംഗ്സ്"},{"$i":"select","$v":"തിരഞ്ഞെടുക്കുക"},{"$i":"sk-save-as-draft","$v":"ഡ്രാഫ്റ്റ് ആയി സേവ് ചെയ്യുക"},{"$i":"send","$v":"അയക്കുക"},{"$i":"add-contact","$v":"കോണ്‍‌ടാക്റ്റ് ചേര്‍‌ക്കുക"},{"$i":"add-suggestion","$v":"ചേര്‍ക്കുക"},{"$i":"add-subject","$v":"വിഷയം ചേർക്കുക"},{"$i":"remove-subject","$v":"വിഷയം നീക്കംചെയ്യുക"},{"$i":"add-attachment","$v":"അറ്റാച്ച്മെന്റ് ചേർക്കുക"},{"$i":"remove-attachment","$v":"അറ്റാച്ച്മെന്റ് നീക്കംചെയ്യുക"},{"$i":"replace-attachment","$v":"അറ്റാച്ച്മെൻറ് മാറ്റുക"},{"$i":"select-messages","$v":"സന്ദേശങ്ങൾ തിരഞ്ഞെടുക്കുക"},{"$i":"call","$v":"വിളിക്കുക"},{"$i":"forward","$v":"ഫോര്‍വാഡ് ചെയ്യുക"},{"$i":"view-message-report","$v":"സന്ദേശ വിശദാംശങ്ങൾ കാണുക"},{"$i":"resend-message","$v":"ഈ സന്ദേശം വീണ്ടും അയക്കുക"},{"$i":"cancel-view-report","$v":"റദ്ദാക്കുക"},{"$i":"ok","$v":"ശരി"},{"$i":"enter","$v":"നൽകുക"},{"$i":"open","$v":"തുറക്കുക"},{"$i":"to","$v":"സ്വീകര്‍ത്താവ്"},{"$i":"new","$v":"പുതിയത്"},{"$i":"message","$v":"സന്ദേശം"},{"$i":"messagesInput_placeholder","$v":"സന്ദേശം"},{"$i":"messagesSubjectInput_placeholder","$v":"വിഷയം"},{"$i":"converted-to-mms","$v":"മൾട്ടിമീഡിയ സന്ദേശമായി പരിവർത്തനം ചെയ്യുന്നു."},{"$i":"converted-to-sms","$v":"ടെക്സ്റ്റ് സന്ദേശമായി പരിവർത്തനം ചെയ്യുന്നു."},{"$i":"messages-max-length-text","$v":"നിങ്ങൾ പരമാവധി ദൈർഘ്യത്തിലെത്തി."},{"$i":"messages-max-subject-length-text","$v":"വിഷയത്തിന്‍റെ  പരമാവധി ദൈർഘ്യം എത്തി."},{"$i":"multimedia-message-exceeded-max-length","$v":["ഒരു മൾട്ടിമീഡിയ സന്ദേശത്തിന് അനുവദിച്ചിരിക്കുന്ന ",{"t":"idOrVar","v":"mmsSize"}," KB എന്ന വലുപ്പ പരിധി നിങ്ങൾ മറികടന്നിരിക്കുന്നു. അയയ്ക്കുന്നതിന് അറ്റാച്ച്മെന്റുകൾ നീക്കംചെയ്യുക അല്ലെങ്കിൽ സന്ദേശം ചെറുതാക്കുക."]},{"$i":"newMessage","$v":"പുതിയ സന്ദേശം"},{"$i":"sendMessage","$v":"സന്ദേശം അയക്കുക"},{"$i":"sendMMSToEmail","$v":"മൾട്ടിമീഡിയ സന്ദേശം അയക്കുക"},{"$i":"no-recipient","$v":"(സ്വീകർത്താവില്ല)"},{"$i":"recipient","$v":{"one":[{"t":"idOrVar","v":"n"}," സ്വീകർത്താവ്"],"two":[{"t":"idOrVar","v":"n"}," സ്വീകർത്താവ്"],"few":[{"t":"idOrVar","v":"n"}," സ്വീകർത്താവ്"],"many":[{"t":"idOrVar","v":"n"}," സ്വീകർത്താവ്"],"other":[{"t":"idOrVar","v":"n"}," സ്വീകർത്താവ്"]},"$x":[{"t":"idOrVar","v":"plural"},"n"]},{"$i":"attachmentSizeB","$v":[{"t":"idOrVar","v":"n"}," B"]},{"$i":"attachmentSizeKB","$v":[{"t":"idOrVar","v":"n"}," KB"]},{"$i":"attachmentSizeMB","$v":[{"t":"idOrVar","v":"n"}," MB"]},{"$i":"attachmentOpenError","$v":"ഈ ഫയൽ തരം തുറക്കുന്നതിന് ആപ്ലിക്കേഷനൊന്നും ലഭ്യമല്ല."},{"$i":"remove","$v":"നീക്കംചെയ്യുക"},{"$i":"participant","$v":{"one":[{"t":"idOrVar","v":"n"}," പങ്കെടുക്കുന്നയാൾ"],"two":[{"t":"idOrVar","v":"n"}," പങ്കെടുക്കുന്നയാൾ"],"few":[{"t":"idOrVar","v":"n"}," പങ്കെടുക്കുന്നയാൾ"],"many":[{"t":"idOrVar","v":"n"}," പങ്കെടുക്കുന്നയാൾ"],"other":[{"t":"idOrVar","v":"n"}," പങ്കെടുക്കുന്നയാൾ"]},"$x":[{"t":"idOrVar","v":"plural"},"n"]},{"$i":"message-report","$v":"സന്ദേശ റിപ്പോർട്ട്"},{"$i":"message-type-sms","$v":"ടെക്സ്റ്റ് സന്ദേശം (SMS)"},{"$i":"message-type-mms","$v":"മൾട്ടിമീഡിയ സന്ദേശം (MMS)"},{"$i":"sms-report-description","$v":[{"t":"idOrVar","v":"datetime"}," ന് നിങ്ങളുടെ ടെക്സ്റ്റ് സന്ദേശം (SMS) അയച്ചു"]},{"$i":"mms-report-description","$v":[{"t":"idOrVar","v":"datetime"}," ന് നിങ്ങളുടെ (MMS) മൾട്ടിമീഡിയ സന്ദേശം ,",{"t":"idOrVar","v":"subject"}," വിഷയം  അയച്ചു"]},{"$i":"mms-no-subject-report-description","$v":[{"t":"idOrVar","v":"datetime"}," ന് നിങ്ങളുടെ (MMS) മൾട്ടിമീഡിയ സന്ദേശം  അയച്ചു"]},{"$i":"message-subject","$v":"വിഷയം:"},{"$i":"report-status-error","$v":"സന്ദേശം അയയ്ക്കാനായില്ല"},{"$i":"report-status-not-downloaded","$v":"ഡൗൺലോഡ് ചെയ്തില്ല"},{"$i":"report-status-delivered","$v":"ഡെലിവര്‍  ചെയ്തു:"},{"$i":"report-status-read","$v":"വായിക്കുക:"},{"$i":"report-status-pending","$v":"റിപ്പോർട്ട് അഭ്യർത്ഥിച്ചു"},{"$i":"report-status-rejected","$v":"സന്ദേശം നിരസിച്ചു"},{"$i":"message-size-was","$v":"സന്ദേശ വലുപ്പം:"},{"$i":"report-dateTimeFormat12","$v":["%e %B %Y, ",{"t":"idOrVar","v":"shortTimeFormat12"}]},{"$i":"report-dateTimeFormat24","$v":["%e %B %Y, ",{"t":"idOrVar","v":"shortTimeFormat24"}]},{"$i":"report-to-title","$v":"സ്വീകര്‍ത്താവ്"},{"$i":"report-from-title","$v":"അയച്ചത്"},{"$i":"message-sent","$v":"അയച്ചത്:"},{"$i":"message-sending","$v":[{"t":"idOrVar","v":"message-delivery-status-sending"}]},{"$i":"message-received","$v":"ലഭിച്ചത്:"},{"$i":"message-via","$v":"ഇത്  വഴി:"},{"$i":"message-resend","$v":"വീണ്ടും അയയ്ക്കുക"},{"$i":"search","$v":"തിരയുക"},{"$i":"unknown-contact-title","$v":"അജ്ഞാത കോൺടാക്റ്റ്"},{"$i":"phone-type-separator","$v":", "},{"$i":"phone-carrier-separator","$v":" "},{"$i":"thread-participant-separator","$v":", "},{"$i":"replace-draft","$v":"നിലവിലുള്ള ഡ്രാഫ്റ്റ് മാറ്റുക"},{"$i":"save-as-draft","$v":"സേവ് ചെയ്യുക"},{"$i":"discard-message","$v":"നിരസിക്കുക"},{"$i":"discard-sms","$v":"ഈ സന്ദേശം തള്ളിക്കളയാൻ ആഗ്രഹിക്കുന്നുവെന്ന് ഉറപ്പാണോ?"},{"$i":"discard-new-message","$v":"നിങ്ങൾ രചിക്കുന്ന സന്ദേശം തള്ളിക്കളയുക, പുതിയ സന്ദേശം തുറക്കണോ?"},{"$i":"resend-confirmation","$v":"സന്ദേശം അയയ്ക്കാൻ കഴിഞ്ഞില്ല. വീണ്ടും ശ്രമിക്കണോ?"},{"$i":"deleteMessage-confirmation","$v":"തിരഞ്ഞെടുത്ത സന്ദേശം ഇല്ലാതാക്കണോ?"},{"$i":"deleteMessages-confirmation","$v":"തിരഞ്ഞെടുത്ത സന്ദേശം ഇല്ലാതാക്കണോ?"},{"$i":"deleteThreads-confirmation2","$v":{"one":"തിരഞ്ഞെടുത്ത സന്ദേശ ത്രെഡ് ഇല്ലാതാക്കണോ?","other":"തിരഞ്ഞെടുത്ത സന്ദേശ ത്രെഡുകൾ ഇല്ലാതാക്കണോ?"},"$x":[{"t":"idOrVar","v":"plural"},"n"]},{"$i":"new-message-notice-text","$v":"നിന്നുള്ള പുതിയ സന്ദേശം"},{"$i":"new-message-notice-a-text","$v":"ഇത് വായിക്കുക"},{"$i":"noMessages-title","$v":"സന്ദേശങ്ങള്‍ ഇല്ല"},{"$i":"noMessages-text","$v":"ആശയവിനിമയം ആരംഭിക്കാൻ പുതിയ സന്ദേശം എന്നതില്‍  അമർത്തുക."},{"$i":"sendDefaultErrorTitle","$v":"സന്ദേശം അയച്ചില്ല"},{"$i":"sendDefaultErrorBody","$v":"സന്ദേശം അയയ്ക്കുന്നതിൽ ഒരു പ്രശ്നമുണ്ടായി. ദയവായി വീണ്ടും ശ്രമിക്കുക."},{"$i":"sendDefaultErrorBtnOk","$v":"ശരി"},{"$i":"sendMissingSimCardTitle","$v":"സിം കാർഡ് വിട്ടുപോയിരിക്കുന്നു"},{"$i":"sendMissingSimCardBody","$v":"തുടരുന്നതിന് സാധുതയുള്ളൊരു സിം കാർഡ് ചേർക്കുക."},{"$i":"sendMissingSimCardBtnOk","$v":"ശരി"},{"$i":"sendFlightModeTitle","$v":"എയര്‍പ്ലൈന്‍ മോഡ്  സജീവമാക്കി"},{"$i":"sendFlightModeBody","$v":"സന്ദേശങ്ങൾ അയയ്ക്കാൻ എയര്‍പ്ലൈന്‍ മോഡ്  ഓഫാക്കുക."},{"$i":"sendFlightModeBtnOk","$v":"ശരി"},{"$i":"radioDisabledToDownloadTitle","$v":[{"t":"idOrVar","v":"sendFlightModeTitle"}]},{"$i":"radioDisabledToDownloadBody","$v":"അറ്റാച്ച്മെന്റുകൾ ഡൗൺലോഡുചെയ്യാൻ എയര്‍പ്ലൈന്‍ മോഡ്  ഓഫാക്കുക."},{"$i":"radioDisabledToDownloadBtnOk","$v":[{"t":"idOrVar","v":"sendFlightModeBtnOk"}]},{"$i":"fdnErrorTitle","$v":"FDN സജീവമാണ്"},{"$i":"needConnectWifiBody","$v":"സെല്ലുലാർ നെറ്റ്‌വർക്ക് ലഭ്യമല്ല. സന്ദേശമയയ്ക്കലിന് ലഭ്യമായ Wi-Fi നെറ്റ്‌വർക്കിലേക്ക് കണക്റ്റുചെയ്യുക."},{"$i":"needConnectWifiTitle","$v":"സന്ദേശം അയച്ചില്ല"},{"$i":"sms-counter-notice-label","$v":["SMS ",{"t":"idOrVar","v":"number"}," തിരുത്തികൊണ്ടിരിക്കുന്നു"]},{"$i":"fdnErrorBody","innerHTML":{"$x":[{"t":"idOrVar","v":"plural"},"n"],"$v":{"one":"FDN (സ്ഥിര ഡയലിംഗ് നമ്പറുകൾ) സജീവമാക്കി. നിങ്ങളുടെ FDN ലിസ്റ്റിൽ SMS കേന്ദ്രവും ഇനിപ്പറയുന്ന സ്വീകർത്താക്കളും ഉണ്ടെന്ന് ഉറപ്പാക്കുക:","two":"FDN (സ്ഥിര ഡയലിംഗ് നമ്പറുകൾ) സജീവമാക്കി. നിങ്ങളുടെ FDN ലിസ്റ്റിൽ SMS കേന്ദ്രവും ഇനിപ്പറയുന്ന സ്വീകർത്താക്കളും ഉണ്ടെന്ന് ഉറപ്പാക്കുക:","few":"FDN (സ്ഥിര ഡയലിംഗ് നമ്പറുകൾ) സജീവമാക്കി. നിങ്ങളുടെ FDN ലിസ്റ്റിൽ SMS കേന്ദ്രവും ഇനിപ്പറയുന്ന സ്വീകർത്താക്കളും ഉണ്ടെന്ന് ഉറപ്പാക്കുക:","many":"FDN (സ്ഥിര ഡയലിംഗ് നമ്പറുകൾ) സജീവമാക്കി. നിങ്ങളുടെ FDN ലിസ്റ്റിൽ SMS കേന്ദ്രവും ഇനിപ്പറയുന്ന സ്വീകർത്താക്കളും ഉണ്ടെന്ന് ഉറപ്പാക്കുക:","other":"FDN (സ്ഥിര ഡയലിംഗ് നമ്പറുകൾ) സജീവമാക്കി. നിങ്ങളുടെ FDN ലിസ്റ്റിൽ SMS കേന്ദ്രവും ഇനിപ്പറയുന്ന സ്വീകർത്താക്കളും ഉണ്ടെന്ന് ഉറപ്പാക്കുക:"}}},{"$i":"fdnErrorBtnOk","$v":"ശരി"},{"$i":"switchSimToRetrieveTitle","$v":"ഡാറ്റ കണക്ഷൻ സ്വിച്ച് ചെയ്യുക"},{"$i":"switchSimToRetrieveBody","$v":["MMS വീണ്ടെടുക്കുന്നതിന് സിമ്മിലേക്ക് ",{"t":"idOrVar","v":"nonActiveSimId"}," ഡാറ്റാ കണക്ഷൻ സ്വിച്ച് ചെയ്യുക. ",{"t":"idOrVar","v":"activeSimId"}," സിമ്മിലെ  നിലവിലെ ഡാറ്റ കൈമാറ്റം താൽക്കാലികമായി നിർത്തിവയ്ക്കും. എന്തായാലും തുടരണോ?"]},{"$i":"switchSimToRetrieveBtnOk","$v":"പിന്നീട്"},{"$i":"switchSimToRetrieveConfirm","$v":"ശരി"},{"$i":"switchSimToSendTitle","$v":[{"t":"idOrVar","v":"switchSimToRetrieveTitle"}]},{"$i":"switchSimToSendBody","$v":["MMS അയയ്ക്കുന്നതിന്  ",{"t":"idOrVar","v":"nonActiveSimId"}," സിമ്മിലേക്ക് ഡാറ്റാ കണക്ഷൻ മാറ്റുക. ",{"t":"idOrVar","v":"activeSimId"}," സിമ്മിലെ  നിലവിലെ ഡാറ്റ കൈമാറ്റം താൽക്കാലികമായി നിർത്തിവയ്ക്കും. എന്തായാലും തുടരണോ?"]},{"$i":"switchSimToSendBtnOk","$v":[{"t":"idOrVar","v":"switchSimToRetrieveBtnOk"}]},{"$i":"switchSimToSendConfirm","$v":[{"t":"idOrVar","v":"switchSimToRetrieveConfirm"}]},{"$i":"sendNoSignalErrorTitle","$v":"നെറ്റ്‌വർക്ക് കവറേജ് ഇല്ല"},{"$i":"sendNoSignalErrorBody","$v":"മൊബൈൽ സിഗ്നൽ ഉണ്ടെന്ന് ഉറപ്പുവരുത്തിക്കൊണ്ട് വീണ്ടും ശ്രമിക്കുക."},{"$i":"sendNoSignalErrorBtnOk","$v":"ശരി"},{"$i":"sendNotFoundErrorTitle","$v":"സന്ദേശം കണ്ടെത്തിയില്ല"},{"$i":"sendNotFoundErrorBody","$v":"നിങ്ങൾ അന്വേഷിക്കുന്ന സന്ദേശം ഇനിമുതല്‍  ലഭ്യമല്ല."},{"$i":"sendNotFoundErrorBtnOk","$v":"ശരി"},{"$i":"sendInvalidAddressErrorTitle","$v":"അസാധുവായ നമ്പര്‍"},{"$i":"sendInvalidAddressErrorBody","$v":"നിങ്ങൾ അയക്കുന്ന മൊബൈൽ നമ്പർ സാധുതയുള്ളതാണെന്ന് ഉറപ്പുവരുത്തുക."},{"$i":"sendInvalidAddressErrorBtnOk","$v":"ശരി"},{"$i":"simNotMatchedErrorTitle","$v":"ഡൗൺലോഡ് ചെയ്യാനാവുന്നില്ല"},{"$i":"simNotMatchedErrorBody","$v":"ഈ സന്ദേശം സ്വീകരിക്കുന്നതിന് ഉപയോഗിച്ച സിം കാർഡാണ് ഇട്ടിരിക്കുന്നതെന്ന് ദയവായി  ഉറപ്പാക്കുക."},{"$i":"simNotMatchedErrorBtnOk","$v":"ശരി"},{"$i":"deleted-sms","$v":"ഈ സന്ദേശം ഇതിനകം തന്നെ ഇല്ലാതാക്കിയിട്ടുണ്ട്."},{"$i":"view-attachment-image","$v":"കാണുക"},{"$i":"view-attachment-audio","$v":"കേൾക്കുക"},{"$i":"view-attachment-video","$v":"കാണുക"},{"$i":"view-attachment-other","$v":"കാണുക"},{"$i":"remove-attachment-image","$v":"ചിത്രം നീക്കംചെയ്യുക"},{"$i":"remove-attachment-audio","$v":"ഓഡിയോ നീക്കംചെയ്യുക"},{"$i":"remove-attachment-video","$v":"വീഡിയോ നീക്കംചെയ്യുക"},{"$i":"remove-attachment-other","$v":"അറ്റാച്ച്മെന്റ് നീക്കംചെയ്യുക"},{"$i":"replace-attachment-image","$v":"ചിത്രം മാറ്റുക"},{"$i":"replace-attachment-audio","$v":"ഓഡിയോ മാറ്റുക"},{"$i":"replace-attachment-video","$v":"വീഡിയോ മാറ്റുക"},{"$i":"replace-attachment-other","$v":"അറ്റാച്ച്മെൻറ് മാറ്റുക"},{"$i":"unsent-message-title","$v":"അയയ്ക്കാത്ത സന്ദേശം"},{"$i":"unsent-message-description","$v":"നിങ്ങളുടെ മുമ്പത്തെ സന്ദേശം അയച്ചില്ല. അയക്കാത്ത സന്ദേശം തിരുത്തണോ  അല്ലെങ്കിൽ അത് തള്ളിക്കളഞ്ഞുകൊണ്ട് തുടരണോ?"},{"$i":"unsent-message-option-edit","$v":"തിരുത്തുക"},{"$i":"unsent-message-option-discard","$v":"നിരസിക്കുക"},{"$i":"message-options","$v":"സന്ദേശ ഓ‌പ്ഷനുകൾ"},{"$i":"select-text","$v":"ടെക്‌സ്‌റ്റ് തിരഞ്ഞെടുക്കുക"},{"$i":"mobile","$v":"മൊബൈൽ"},{"$i":"home","$v":"ഹോം"},{"$i":"work","$v":"വര്‍ക്ക്"},{"$i":"personal","$v":"വ്യക്തിഗതം"},{"$i":"faxHome","$v":"Fax ഹോം"},{"$i":"faxOffice","$v":"Fax ഓഫീസ്"},{"$i":"faxOther","$v":"Fax അദര്‍"},{"$i":"another","$v":"മറ്റുള്ളത്"},{"$i":"other","$v":"മറ്റുള്ളവ"},{"$i":"today","$v":"ഇന്ന്"},{"$i":"yesterday","$v":"ഇന്നലെ"},{"$i":"incorrectDate","$v":"(തെറ്റായ തീയ്യതി)"},{"$i":"addToExistingContact","$v":"നിലവിലുള്ള കോൺടാക്റ്റിലേക്ക് ചേർക്കുക"},{"$i":"createNewContact","$v":"പുതിയ കോൺടാക്റ്റ് സൃഷ്ടിക്കുക"},{"$i":"viewContact","$v":"കോൺടാക്റ്റ് കാണുക"},{"$i":"sendEmail","$v":"ഇമെയിൽ അയക്കുക"},{"$i":"mms-message","$v":"MMS സന്ദേശം"},{"$i":"notDownloaded-title","$v":"സന്ദേശം ഇതുവരെ ഡൗൺലോഡ് ചെയ്തിട്ടില്ല."},{"$i":"tobedownloaded-attachment","$v":["നിങ്ങൾക്ക് ഒരു മൾട്ടിമീഡിയ സന്ദേശം ലഭിച്ചു, ",{"t":"idOrVar","v":"date"}," നു   മുന്‍പായി  അതിൻറെ ഉള്ളടക്കം വീണ്ടെടുക്കുന്നതിന് ഡൗൺലോഡുചെയ്യുക എന്നതില്‍  അമർത്തുക"]},{"$i":"expired-attachment","$v":["ക്ഷമിക്കണം, ",{"t":"idOrVar","v":"date"}," ന് സന്ദേശം കാലഹരണപ്പെട്ടു, ഡൗൺലോഡ് ചെയ്യാൻ കഴിയില്ല."]},{"$i":"download-attachment","$v":"ഡൗൺലോഡ് ചെയ്യുക"},{"$i":"downloading-attachment","$v":"ഡൗൺലോഡ് ചെയ്യുന്നു…"},{"$i":"download-complete","$v":"ഡൗണ്‍ലോഡ് പൂര്‍ത്തിയായി"},{"$i":"unnamed-attachment","$v":"പേരില്ലാത്തത്"},{"$i":"mms-label","$v":"MMS"},{"$i":"attached-files-too-large","$v":{"zero":["ഒരു മൾട്ടിമീഡിയ സന്ദേശത്തിന്‍റെ ",{"t":"idOrVar","v":"mmsSize"}," KB എന്ന വലുപ്പ പരിധിയെ നിങ്ങൾ തിരഞ്ഞെടുത്ത ഫയലുകൾ മറികടക്കുന്നു."],"one":["ഒരു മൾട്ടിമീഡിയ സന്ദേശത്തിന്‍റെ ",{"t":"idOrVar","v":"mmsSize"}," KB എന്ന വലുപ്പ പരിധിയെ നിങ്ങൾ തിരഞ്ഞെടുത്ത ഫയൽ മറികടക്കുന്നു."],"two":["ഒരു മൾട്ടിമീഡിയ സന്ദേശത്തിന്‍റെ ",{"t":"idOrVar","v":"mmsSize"}," KB എന്ന വലുപ്പ പരിധിയെ നിങ്ങൾ തിരഞ്ഞെടുത്ത ഫയലുകൾ മറികടക്കുന്നു."],"few":["ഒരു മൾട്ടിമീഡിയ സന്ദേശത്തിന്‍റെ ",{"t":"idOrVar","v":"mmsSize"}," KB എന്ന വലുപ്പ പരിധിയെ നിങ്ങൾ തിരഞ്ഞെടുത്ത ഫയലുകൾ മറികടക്കുന്നു."],"many":["ഒരു മൾട്ടിമീഡിയ സന്ദേശത്തിന്‍റെ ",{"t":"idOrVar","v":"mmsSize"}," KB എന്ന വലുപ്പ പരിധിയെ നിങ്ങൾ തിരഞ്ഞെടുത്ത ഫയലുകൾ മറികടക്കുന്നു."],"other":["ഒരു മൾട്ടിമീഡിയ സന്ദേശത്തിന്‍റെ ",{"t":"idOrVar","v":"mmsSize"}," KB എന്ന വലുപ്പ പരിധിയെ നിങ്ങൾ തിരഞ്ഞെടുത്ത ഫയലുകൾ മറികടക്കുന്നു."]},"$x":[{"t":"idOrVar","v":"plural"},"n"]},{"$i":"resize-image","$v":"അറ്റാച്ചുചെയ്ത ചിത്രത്തിന്‍റെ വലുപ്പം മാറ്റുന്നു"},{"$i":"no-attachment-text","$v":"അറ്റാച്ച് ചെയ്ത ഫയലിൽ ഒരു പ്രശ്നമുണ്ട്, അത് ഡൗൺലോഡ് ചെയ്യാൻ കഴിയില്ല."},{"$i":"message-draft-saved","$v":"സന്ദേശം ഡ്രാഫ്റ്റായി സേവ് ചെയ്തു"},{"$i":"sim-id-label","$v":["സിം ",{"t":"idOrVar","v":"id"}]},{"$i":"sim-detail","$v":["സിം ",{"t":"idOrVar","v":"id"},", ",{"t":"idOrVar","v":"detailString"}]},{"$i":"dsds-notification-title-with-sim","$v":["(",{"t":"idOrVar","v":"sim"},") ",{"t":"idOrVar","v":"sender"}]},{"$i":"send-button","ariaLabel":"അയക്കുക"},{"$i":"send-button-sim-indication","$v":[{"t":"idOrVar","v":"n"}],"ariaLabel":["സിം ഉപയോഗിച്ച് ",{"t":"idOrVar","v":"n"}]},{"$i":"expiry-date-format","$v":"%A, %b %e"},{"$i":"attach-button","ariaLabel":"അറ്റാച്ച്മെന്റ് ചേർക്കുക"},{"$i":"contact-photo","ariaLabel":"കോൺടാക്‌‌റ്റ് ഫോട്ടോ"},{"$i":"unread-thread","ariaLabel":"വായിക്കാത്തവ"},{"$i":"has-draft","ariaLabel":"ഡ്രാഫ്റ്റ് ഉണ്ട്"},{"$i":"is-draft","ariaLabel":"ഡ്രാഫ്റ്റ്"},{"$i":"message-delivery-status-sending","$v":"അയയ്‌ക്കുന്നു…"},{"$i":"message-delivery-status-delivered","ariaLabel":"ഡെലിവർ ചെയ്‌തു"},{"$i":"message-delivery-status-read","ariaLabel":"വായിക്കുക"},{"$i":"message-delivery-status-error","ariaLabel":"പിശക്"},{"$i":"modal-dialog-ok-button","$v":"ശരി"},{"$i":"modal-dialog-cancel-button","$v":"റദ്ദാക്കുക"},{"$i":"modal-dialog-default-title","$v":"സന്ദേശങ്ങൾ"},{"$i":"tcl-delete-message","$v":"സന്ദേശം ഇല്ലാതാക്കി"},{"$i":"tcl-sending-message-toast","$v":"സന്ദേശം അയയ്ക്കുന്നു..."},{"$i":"tcl-message-converted-to-toast","$v":["സന്ദേശം ",{"t":"idOrVar","v":"type"}," ലേക്ക് പരിവർത്തിപ്പിച്ചു"]},{"$i":"tcl-message-sent-toast","$v":"സന്ദേശം അയച്ചു"},{"$i":"tcl-deleteMessage-confirmation2","$v":"തിരഞ്ഞെടുത്ത സന്ദേശ ത്രെഡ് ഇല്ലാതാക്കണോ?"},{"$i":"tcl-deleted-message","$v":{"zero":"0 സന്ദേശം ഇല്ലാതാക്കി","one":[{"t":"idOrVar","v":"n"}," സന്ദേശം ഇല്ലാതാക്കി"],"two":[{"t":"idOrVar","v":"n"}," സന്ദേശങ്ങൾ ഇല്ലാതാക്കി"],"few":[{"t":"idOrVar","v":"n"}," സന്ദേശങ്ങൾ ഇല്ലാതാക്കി"],"many":[{"t":"idOrVar","v":"n"}," സന്ദേശങ്ങൾ ഇല്ലാതാക്കി"],"other":[{"t":"idOrVar","v":"n"}," സന്ദേശങ്ങൾ ഇല്ലാതാക്കി"]},"$x":[{"t":"idOrVar","v":"plural"},"n"]},{"$i":"tcl-deleted-threads","$v":{"zero":"0 ത്രെഡ് ഇല്ലാതാക്കി","one":"ത്രെഡ് ഇല്ലാതാക്കി","two":[{"t":"idOrVar","v":"n"}," സന്ദേശ ത്രെഡുകൾ ഇല്ലാതാക്കി"],"few":[{"t":"idOrVar","v":"n"}," സന്ദേശ ത്രെഡുകൾ ഇല്ലാതാക്കി"],"many":[{"t":"idOrVar","v":"n"}," സന്ദേശ ത്രെഡുകൾ ഇല്ലാതാക്കി"],"other":[{"t":"idOrVar","v":"n"}," സന്ദേശ ത്രെഡുകൾ ഇല്ലാതാക്കി"]},"$x":[{"t":"idOrVar","v":"plural"},"n"]},{"$i":"tcl-simSettings","$v":"വിവരം"},{"$i":"tcl-unknown-SMSC","$v":"വിവരങ്ങൾ ലഭ്യമല്ല"},{"$i":"tcl-sim1","$v":"സേവന കേന്ദ്ര സിം1"},{"$i":"tcl-sim2","$v":"സേവന കേന്ദ്ര സിം2"},{"$i":"tcl-auto-retrieve","$v":"സ്വയമേവയുള്ള വീണ്ടെടുക്കൽ"},{"$i":"tcl-wapPushMessages","$v":"WAP പുഷ് സന്ദേശം"},{"$i":"tcl-wapPush","$v":"WAP പുഷ്"},{"$i":"tcl-wap-push-on","$v":"ഓൺ"},{"$i":"tcl-wap-push-off","$v":"ഓഫ്"},{"$i":"tcl-auto-retrieve-messages","$v":"സന്ദേശങ്ങളുടെ സ്വയമേവയുള്ള വീണ്ടെടുക്കൽ"},{"$i":"tcl-manual-retrieve","$v":"ഓഫ്"},{"$i":"tcl-auto-roaming-retrieve","$v":"റോമിംഗിനൊപ്പം ഓൺ"},{"$i":"tcl-auto-no-roaming-retrieve","$v":"റോമിംഗ് ഇല്ലാതെ ഓൺ"},{"$i":"tcl-message-read-reports","$v":"റിപ്പോർട്ടുകൾ വായിക്കുക"},{"$i":"tcl-read-reports-on","$v":"ഓൺ"},{"$i":"tcl-read-reports-off","$v":"ഓഫ്"},{"$i":"tcl-mmsTitle","$v":"മൾട്ടിമീഡിയ സന്ദേശമയയ്ക്കൽ (MMS)"},{"$i":"tcl-message-delivery-reports","$v":"ഡെലിവറി റിപ്പോർട്ടുകൾ"},{"$i":"tcl-delivery-reports-on","$v":"ഓൺ"},{"$i":"tcl-delivery-reports-off","$v":"ഓഫ്"},{"$i":"tcl-message-confirmation","$v":"സന്ദേശ സ്ഥിരീകരണം"},{"$i":"tcl-messageReport-title","$v":"സന്ദേശ വിശദാംശങ്ങൾ"},{"$i":"tcl-mms-label","$v":"MMS"},{"$i":"tcl-sms-label","$v":"SMS"},{"$i":"tcl-messaging-settings","$v":"സന്ദേശമയയ്ക്കൽ സെറ്റിംഗ്സ്"},{"$i":"tcl-messagingSettings-header","$v":[{"t":"idOrVar","v":"tcl-messaging-settings"}]},{"$i":"tcl-confirmation-title","$v":"സ്ഥിരീകരണം"},{"$i":"tcl-draft-save-content","$v":"ഡ്രാഫ്റ്റ് ആയി സേവ് ചെയ്യണോ ?"},{"$i":"tcl-draft-discard-content","$v":"സന്ദേശം തള്ളിക്കളഞ്ഞു"},{"$i":"tcl-switch-on","$v":"ഓൺ"},{"$i":"tcl-switch-off","$v":"ഓഫ്"},{"$i":"tcl-delivery-report-desc","$v":"ഓരോ അയച്ച സന്ദേശത്തിനും ഡെലിവറി അറിയിപ്പ് അഭ്യർത്ഥിക്കുക"},{"$i":"tcl-read-report-desc","$v":"അയച്ച ഓരോ സന്ദേശത്തിനും വായനാ റിപ്പോർട്ട് അഭ്യർത്ഥിക്കുക"},{"$i":"tcl-auto-retrieve-desc","$v":"സന്ദേശങ്ങൾ സ്വയമേവ വീണ്ടെടുക്കുക"},{"$i":"tcl-confirm-dialog-ok","$v":"ശരി"},{"$i":"tcl-yes","$v":"ശരി"},{"$i":"tcl-no","$v":"ഇല്ല"},{"$i":"tcl-delete-current-thread?","$v":"തിരഞ്ഞെടുത്ത സന്ദേശ ത്രെഡ് ഇല്ലാതാക്കണോ?"},{"$i":"tcl-attention","$v":"ശ്രദ്ധിക്കുക"},{"$i":"tcl-options","$v":"ഓപ്ഷന്‍"},{"$i":"send-failed","$v":"അയയ്ക്കൽ പരാജയപ്പെട്ടു."},{"$i":"subject-removed","$v":"വിഷയം നീക്കംചെയ്തു."},{"$i":"media-storage-limit-alert-title","$v":"സ്റ്റോറേജ്  നിറഞ്ഞു"},{"$i":"media-storage-limit-alert-body","$v":"കൂടുതൽ ഇടം നേടുന്നതിന് നിങ്ങൾക്ക് ചില മീഡിയ ഫയലുകളോ അല്ലെങ്കിൽ മാനേജർ അപ്ലിക്കേഷൻ ഡാറ്റയോ ഇല്ലാതാക്കാം."},{"$i":"media-storage-limit-alert-cancel","$v":"റദ്ദാക്കുക"},{"$i":"media-storage-limit-alert-setting","$v":"ഗോ ടു സെറ്റിംഗ്സ്"},{"$i":"email","$v":"ഇമെയിൽ"},{"$i":"go","$v":"പോകുക"},{"$i":"weekday-0-long","$v":"ഞായറാഴ്ച"},{"$i":"weekday-1-long","$v":"തിങ്കളാഴ്ച"},{"$i":"weekday-2-long","$v":"ചൊവ്വാഴ്ച"},{"$i":"weekday-3-long","$v":"ബുധനാഴ്ച"},{"$i":"weekday-4-long","$v":"വ്യാഴാഴ്ച"},{"$i":"weekday-5-long","$v":"വെള്ളിയാഴ്ച"},{"$i":"weekday-6-long","$v":"ശനിയാഴ്ച"},{"$i":"weekday-0-short","$v":"ഞായർ"},{"$i":"weekday-1-short","$v":"തിങ്കൾ"},{"$i":"weekday-2-short","$v":"ചൊവ്വ"},{"$i":"weekday-3-short","$v":"ബുധൻ"},{"$i":"weekday-4-short","$v":"വ്യാഴം"},{"$i":"weekday-5-short","$v":"വെള്ളി"},{"$i":"weekday-6-short","$v":"ശനി"},{"$i":"month-0-long","$v":"ജനുവരി"},{"$i":"month-1-long","$v":"ഫെബ്രുവരി"},{"$i":"month-2-long","$v":"മാർച്ച്"},{"$i":"month-3-long","$v":"ഏപ്രിൽ"},{"$i":"month-4-long","$v":"മെയ്"},{"$i":"month-5-long","$v":"ജൂൺ"},{"$i":"month-6-long","$v":"ജൂലൈ"},{"$i":"month-7-long","$v":"ആഗസ്റ്റ്"},{"$i":"month-8-long","$v":"സെപ്റ്റംബർ"},{"$i":"month-9-long","$v":"ഒക്ടോബർ"},{"$i":"month-10-long","$v":"നവംബർ"},{"$i":"month-11-long","$v":"ഡിസംബർ"},{"$i":"month-0-genitive","$v":"ജനുവരി"},{"$i":"month-1-genitive","$v":"ഫെബ്രുവരി"},{"$i":"month-2-genitive","$v":"മാർച്ച്"},{"$i":"month-3-genitive","$v":"ഏപ്രിൽ"},{"$i":"month-4-genitive","$v":"മെയ്"},{"$i":"month-5-genitive","$v":"ജൂൺ"},{"$i":"month-6-genitive","$v":"ജൂലൈ"},{"$i":"month-7-genitive","$v":"ആഗസ്റ്റ്"},{"$i":"month-8-genitive","$v":"സെപ്റ്റംബർ"},{"$i":"month-9-genitive","$v":"ഒക്ടോബർ"},{"$i":"month-10-genitive","$v":"നവംബർ"},{"$i":"month-11-genitive","$v":"ഡിസംബർ"},{"$i":"month-0-short","$v":"ജനുവരി"},{"$i":"month-1-short","$v":"ഫെബ്രുവരി"},{"$i":"month-2-short","$v":"മാർച്ച്"},{"$i":"month-3-short","$v":"ഏപ്രിൽ"},{"$i":"month-4-short","$v":"മെയ്"},{"$i":"month-5-short","$v":"ജൂൺ"},{"$i":"month-6-short","$v":"ജൂലൈ"},{"$i":"month-7-short","$v":"ആഗസ്റ്റ്"},{"$i":"month-8-short","$v":"സെപ്റ്റംബർ"},{"$i":"month-9-short","$v":"ഒക്ടോബർ"},{"$i":"month-10-short","$v":"നവംബർ"},{"$i":"month-11-short","$v":"ഡിസംബർ"},{"$i":"minutes-ago-long","$v":{"zero":"ഇപ്പോൾ തന്നെ","one":"ഒരു മിനിറ്റ് മുമ്പ്","two":[{"t":"idOrVar","v":"value"}," മിനിറ്റുകൾക്ക് മുമ്പ്"],"few":[{"t":"idOrVar","v":"value"}," മിനിറ്റുകൾക്ക് മുമ്പ്"],"many":[{"t":"idOrVar","v":"value"}," മിനിറ്റുകൾക്ക് മുമ്പ്"],"other":[{"t":"idOrVar","v":"value"}," മിനിറ്റുകൾക്ക് മുമ്പ്"]},"$x":[{"t":"idOrVar","v":"plural"},"value"]},{"$i":"hours-ago-long","$v":{"zero":"ഇപ്പോൾ തന്നെ","one":"ഒരു മണിക്കൂർ മുമ്പ്","two":[{"t":"idOrVar","v":"value"}," മണിക്കൂറുകൾക്ക് മുമ്പ്"],"few":[{"t":"idOrVar","v":"value"}," മണിക്കൂറുകൾക്ക് മുമ്പ്"],"many":[{"t":"idOrVar","v":"value"}," മണിക്കൂറുകൾക്ക് മുമ്പ്"],"other":[{"t":"idOrVar","v":"value"}," മണിക്കൂറുകൾക്ക് മുമ്പ്"]},"$x":[{"t":"idOrVar","v":"plural"},"value"]},{"$i":"days-ago-long","$v":{"zero":"ഇന്ന്","one":"ഇന്നലെ","two":[{"t":"idOrVar","v":"value"}," ദിവസങ്ങൾക്ക് മുമ്പ്"],"few":[{"t":"idOrVar","v":"value"}," ദിവസങ്ങൾക്ക് മുമ്പ്"],"many":[{"t":"idOrVar","v":"value"}," ദിവസങ്ങൾക്ക് മുമ്പ്"],"other":[{"t":"idOrVar","v":"value"}," ദിവസങ്ങൾക്ക് മുമ്പ്"]},"$x":[{"t":"idOrVar","v":"plural"},"value"]},{"$i":"weeks-ago-long","$v":{"zero":"ഈ ആഴ്ച","one":"കഴിഞ്ഞ ആഴ്ച","two":[{"t":"idOrVar","v":"value"}," ആഴ്ചകൾക്ക് മുമ്പ്"],"few":[{"t":"idOrVar","v":"value"}," ആഴ്ചകൾക്ക് മുമ്പ്"],"many":[{"t":"idOrVar","v":"value"}," ആഴ്ചകൾക്ക് മുമ്പ്"],"other":[{"t":"idOrVar","v":"value"}," ആഴ്ചകൾക്ക് മുമ്പ്"]},"$x":[{"t":"idOrVar","v":"plural"},"value"]},{"$i":"months-ago-long","$v":{"zero":"ഈ മാസം","one":"കഴിഞ്ഞ മാസം","two":[{"t":"idOrVar","v":"value"}," മാസങ്ങൾക്ക് മുമ്പ്"],"few":[{"t":"idOrVar","v":"value"}," മാസങ്ങൾക്ക് മുമ്പ്"],"many":[{"t":"idOrVar","v":"value"}," മാസങ്ങൾക്ക് മുമ്പ്"],"other":[{"t":"idOrVar","v":"value"}," മാസങ്ങൾക്ക് മുമ്പ്"]},"$x":[{"t":"idOrVar","v":"plural"},"value"]},{"$i":"years-ago-long","$v":{"zero":"ഈ വർഷം","one":"കഴിഞ്ഞ വർഷം","two":[{"t":"idOrVar","v":"value"}," വർഷങ്ങൾക്ക് മുമ്പ്"],"few":[{"t":"idOrVar","v":"value"}," വർഷങ്ങൾക്ക് മുമ്പ്"],"many":[{"t":"idOrVar","v":"value"}," വർഷങ്ങൾക്ക് മുമ്പ്"],"other":[{"t":"idOrVar","v":"value"}," വർഷങ്ങൾക്ക് മുമ്പ്"]},"$x":[{"t":"idOrVar","v":"plural"},"value"]},{"$i":"minutes-until-long","$v":{"zero":"ഇപ്പോൾ","one":"ഒരു മിനിറ്റിൽ","two":[{"t":"idOrVar","v":"value"}," മിനിറ്റുകളിൽ"],"few":[{"t":"idOrVar","v":"value"}," മിനിറ്റുകളിൽ"],"many":[{"t":"idOrVar","v":"value"}," മിനിറ്റുകളിൽ"],"other":[{"t":"idOrVar","v":"value"}," മിനിറ്റുകളിൽ"]},"$x":[{"t":"idOrVar","v":"plural"},"value"]},{"$i":"hours-until-long","$v":{"zero":"ഇപ്പോൾ","one":"ഒരു മണിക്കൂറിൽ","two":[{"t":"idOrVar","v":"value"}," മണിക്കൂറുകളിൽ"],"few":[{"t":"idOrVar","v":"value"}," മണിക്കൂറുകളിൽ"],"many":[{"t":"idOrVar","v":"value"}," മണിക്കൂറുകളിൽ"],"other":[{"t":"idOrVar","v":"value"}," മണിക്കൂറുകളിൽ"]},"$x":[{"t":"idOrVar","v":"plural"},"value"]},{"$i":"days-until-long","$v":{"zero":"ഇന്ന്","one":"നാളെ","two":[{"t":"idOrVar","v":"value"}," ദിവസങ്ങളിൽ"],"few":[{"t":"idOrVar","v":"value"}," ദിവസങ്ങളിൽ"],"many":[{"t":"idOrVar","v":"value"}," ദിവസങ്ങളിൽ"],"other":[{"t":"idOrVar","v":"value"}," ദിവസങ്ങളിൽ"]},"$x":[{"t":"idOrVar","v":"plural"},"value"]},{"$i":"weeks-until-long","$v":{"zero":"ഈ ആഴ്ച","one":"അടുത്ത ആഴ്ച","two":[{"t":"idOrVar","v":"value"}," ആഴ്ചകളിൽ"],"few":[{"t":"idOrVar","v":"value"}," ആഴ്ചകളിൽ"],"many":[{"t":"idOrVar","v":"value"}," ആഴ്ചകളിൽ"],"other":[{"t":"idOrVar","v":"value"}," ആഴ്ചകളിൽ"]},"$x":[{"t":"idOrVar","v":"plural"},"value"]},{"$i":"months-until-long","$v":{"zero":"ഈ മാസം","one":"അടുത്ത മാസം","two":[{"t":"idOrVar","v":"value"}," മാസങ്ങളിൽ"],"few":[{"t":"idOrVar","v":"value"}," മാസങ്ങളിൽ"],"many":[{"t":"idOrVar","v":"value"}," മാസങ്ങളിൽ"],"other":[{"t":"idOrVar","v":"value"}," മാസങ്ങളിൽ"]},"$x":[{"t":"idOrVar","v":"plural"},"value"]},{"$i":"years-until-long","$v":{"zero":"ഈ വർഷം","one":"അടുത്ത വർഷം","two":[{"t":"idOrVar","v":"value"}," വർഷങ്ങളിൽ"],"few":[{"t":"idOrVar","v":"value"}," വർഷങ്ങളിൽ"],"many":[{"t":"idOrVar","v":"value"}," വർഷങ്ങളിൽ"],"other":[{"t":"idOrVar","v":"value"}," വർഷങ്ങളിൽ"]},"$x":[{"t":"idOrVar","v":"plural"},"value"]},{"$i":"minutes-ago-short","$v":{"zero":"ഇപ്പോൾ തന്നെ","other":[{"t":"idOrVar","v":"value"}," മിനിറ്റ്  മുമ്പ്"]},"$x":[{"t":"idOrVar","v":"plural"},"value"]},{"$i":"hours-ago-short","$v":{"zero":"ഇപ്പോൾ തന്നെ","other":[{"t":"idOrVar","v":"value"}," മണിക്കൂറുകള്‍ക്ക്  മുമ്പ്"]},"$x":[{"t":"idOrVar","v":"plural"},"value"]},{"$i":"days-ago-short","$v":{"zero":"ഇന്ന്","other":[{"t":"idOrVar","v":"value"}," ദിവസങ്ങള്‍ക്ക്  മുമ്പ്"]},"$x":[{"t":"idOrVar","v":"plural"},"value"]},{"$i":"minutes-until-short","$v":{"zero":"ഇപ്പോൾ","other":[{"t":"idOrVar","v":"value"},"മിനിറ്റില്‍"]},"$x":[{"t":"idOrVar","v":"plural"},"value"]},{"$i":"hours-until-short","$v":{"zero":"ഇപ്പോൾ","other":[{"t":"idOrVar","v":"value"},"മണിക്കൂറില്‍"]},"$x":[{"t":"idOrVar","v":"plural"},"value"]},{"$i":"days-until-short","$v":{"zero":"ഇന്ന്","other":[{"t":"idOrVar","v":"value"},"ദിവസത്തില്‍"]},"$x":[{"t":"idOrVar","v":"plural"},"value"]},{"$i":"dateTimeFormat_%c","$v":"%a %b %e %Y %I:%M:%S %p"},{"$i":"dateTimeFormat_%x","$v":"%m/%d/%Y"},{"$i":"dateTimeFormat_%X","$v":"%I:%M:%S %p"},{"$i":"shortTimeFormat","$v":"%I:%M %p"},{"$i":"shortTimeFormat12","$v":"%I:%M %p"},{"$i":"shortTimeFormat24","$v":"%H:%M"},{"$i":"shortDateTimeFormat","$v":"%x %I:%M %p"},{"$i":"weekStartsOnMonday","$v":"0"},{"$i":"firstDayOfTheWeek","$v":"0"},{"$i":"time_am","$v":"AM"},{"$i":"time_pm","$v":"PM"},{"$i":"softkey-options","$v":"ഓപ്ഷന്‍"},{"$i":"emergencyNumber","$v":"അടിയന്തര നമ്പർ"},{"$i":"callAirplaneModeMessage","$v":"കോൾ ചെയ്യുന്നതിന് നിങ്ങൾ സെറ്റിംഗ്സില്‍  എയര്‍പ്ലൈന്‍ മോഡ്  പ്രവർത്തനരഹിതമാക്കേണ്ടതുണ്ട്."},{"$i":"callAirplaneModeBtnOk","$v":"ശരി"},{"$i":"callAirplaneModeTitle","$v":"എയര്‍പ്ലൈന്‍ മോഡ്  സജീവമാക്കി"},{"$i":"numberIsBusyTitle","$v":"നമ്പർ തിരക്കിലാണ്"},{"$i":"numberIsBusyMessage","$v":"നമ്പർ ഇപ്പോൾ തിരക്കിലാണ്. ദയവായി പിന്നീട് വീണ്ടും ശ്രമിക്കുക."},{"$i":"fdnIsActiveTitle","$v":"FDN സജീവമാണ്"},{"$i":"fdnIsActiveMessage","$v":["FDN (സ്ഥിര ഡയലിംഗ് നമ്പറുകൾ) സജീവമാക്കി, നിങ്ങളുടെ FDN ലിസ്റ്റിൽ ഇനിപ്പറയുന്ന നമ്പർ ഇല്ല: ",{"t":"idOrVar","v":"number"}]},{"$i":"emergencyDialogBodyBadNumber","$v":"ഫോൺ വിളിക്കുന്നതിന്, ഫോൺ ഒരു നെറ്റ്‌വർക്കിലേക്ക് കണക്റ്റുചെയ്തിരിക്കണം."},{"$i":"emergencyDialogBodyDeviceNotAccepted","$v":"നെറ്റ്‌വർക്ക് വഴി  അടിയന്തിര കോളുകൾ അനുവദിക്കുന്നില്ല."},{"$i":"emergencyDialogBtnOk","$v":"ശരി"},{"$i":"emergencyDialogTitle","$v":"നെറ്റ്‌വർക്ക് കണക്ഷന്‍ ഇല്ല"},{"$i":"invalidNumberToDialTitle","$v":"ഫോൺ നമ്പർ അസാധുവാണ്"},{"$i":"invalidNumberToDialMessage","$v":"നിങ്ങൾ വിളിക്കുന്ന ഫോൺ നമ്പർ സാധുതയുള്ളതല്ല."},{"$i":"unableToCallTitle","$v":"ഇപ്പോഴൊരു ഫോൺ കോൾ ചെയ്യാനാവുന്നില്ല"},{"$i":"unableToCallMessage","$v":"ഒരു കോൾ ചെയ്യാനാവില്ല. നിങ്ങൾ ഇതിനകം ഡയൽ ചെയ്യുന്നുണ്ടെങ്കിൽ, ആദ്യം ഹാംഗ് അപ്പ് ചെയ്യുക"},{"$i":"otherConnectionInUseTitle","$v":"മറ്റ് കണക്ഷൻ ഉപയോഗത്തിലാണ്"},{"$i":"otherConnectionInUseMessage","$v":"മറ്റൊരു കണക്ഷനിൽ നിങ്ങൾക്ക് സജീവമായ ഒരു കോൾ ഉണ്ട്. നിങ്ങൾക്ക് ഒരു സമയത്ത് ഒരു കണക്ഷൻ മാത്രമേ ഉപയോഗിക്കാൻ കഴിയൂ."},{"$i":"connectingEllipsis","$v":"കണക്റ്റുചെയ്യുന്നു..."}]