[{"$i":"messages","$v":"মেসেজ"},{"$i":"deleteMessages-title","$v":"খল্লু"},{"$i":"selectThreads-title","$v":"খল্লু"},{"$i":"edit","$v":"ইদিত তৌ"},{"$i":"back","$v":"মনিং হল্লু"},{"$i":"cancel","$v":"ককথৎলু"},{"$i":"undo","$v":"অন্দু"},{"$i":"done","$v":"তৌরে"},{"$i":"delete","$v":"মুত্থৎলু"},{"$i":"deleting-messages","$v":"মুথৎলি…"},{"$i":"select-all","$v":"লোইনমক হায়বদু খল্লু"},{"$i":"deselect-all","$v":"লোইনমক খনবা তোকউ"},{"$i":"selected-threads","$v":{"zero":"0 খল্লে","one":[{"t":"idOrVar","v":"n"}," খল্লে"],"two":[{"t":"idOrVar","v":"n"}," খল্লে"],"few":[{"t":"idOrVar","v":"n"}," খল্লে"],"many":[{"t":"idOrVar","v":"n"}," খল্লে"],"other":[{"t":"idOrVar","v":"n"}," খল্লে"]},"$x":[{"t":"idOrVar","v":"plural"},"n"]},{"$i":"selected-messages","$v":{"zero":"0 খল্লে","one":[{"t":"idOrVar","v":"n"}," খল্লে"],"two":[{"t":"idOrVar","v":"n"}," খল্লে"],"few":[{"t":"idOrVar","v":"n"}," খল্লে"],"many":[{"t":"idOrVar","v":"n"}," খল্লে"],"other":[{"t":"idOrVar","v":"n"}," খল্লে"]},"$x":[{"t":"idOrVar","v":"plural"},"n"]},{"$i":"selectThreads-label","$v":"থ্রেদশীং খল্লু"},{"$i":"selectMessages-label","$v":"মেসেজশীং খল্লু"},{"$i":"new-message","$v":"অনৌবা মেসেজ"},{"$i":"delete-thread","$v":"থ্রেদ মুথৎলু"},{"$i":"create-new-contact","$v":"অনৌবা একাওন্ট শেম্মু"},{"$i":"add-to-contact","$v":"হৌজিক লৈবা কন্টেক্ত অমদা হাপচিল্লু"},{"$i":"select-thread","$v":"থ্রেদ খল্লু"},{"$i":"settings","$v":"সেটিংশিং"},{"$i":"select","$v":"খল্লু"},{"$i":"sk-save-as-draft","$v":"দ্রাফ্ট ওইনা সেব তৌ"},{"$i":"send","$v":"থাদোকখো"},{"$i":"add-contact","$v":"পাউ-ফাওনগদবু হাপচিল্লু"},{"$i":"add-suggestion","$v":"তিনশিল্লু"},{"$i":"add-subject","$v":"সবজেক্ট হাপচিল্লু"},{"$i":"remove-subject","$v":"সবজেক্ট লৌথোকউ"},{"$i":"add-attachment","$v":"এটেচমেন্ট হাপচিল্লু"},{"$i":"remove-attachment","$v":"এটেচমেন্ট লৌথোকউ"},{"$i":"replace-attachment","$v":"এটেচমেন্ট মহুৎ শিল্লু"},{"$i":"select-messages","$v":"মেসেজশীং খল্লু"},{"$i":"call","$v":"কোল"},{"$i":"forward","$v":"ফোর্ৱাড"},{"$i":"view-message-report","$v":"মেসেজগী অকুপ্পা ৱারোল য়েংঙু"},{"$i":"resend-message","$v":"মেসেজ অসি হন্না থাও"},{"$i":"cancel-view-report","$v":"ককথৎলু"},{"$i":"ok","$v":"ওকে"},{"$i":"enter","$v":"Enter"},{"$i":"open","$v":"হাংউ"},{"$i":"to","$v":"দা"},{"$i":"new","$v":"অনৌবা"},{"$i":"message","$v":"মেসেজ"},{"$i":"messagesInput_placeholder","$v":"মেসেজ"},{"$i":"messagesSubjectInput_placeholder","$v":"হিরম"},{"$i":"converted-to-mms","$v":"মল্টিমেদিয়া মেসেজদা ওন্থোক্লি."},{"$i":"converted-to-sms","$v":"টেক্সট মেসেজদা ওন্থোক্লি."},{"$i":"messages-max-length-text","$v":"নহাক খ্বাইদগী য়াম্বা অশাংবা অদু য়ৌরে."},{"$i":"messages-max-subject-length-text","$v":"সবজেক্তকি খ্বাইদগী শাংবা য়ৌরে."},{"$i":"multimedia-message-exceeded-max-length","$v":["নহাক মল্টিমেদিয়া মেসেজ অমখক্তং থাবগী ",{"t":"idOrVar","v":"mmsSize"}," KB চাওবগী ঙমখৈ অদু হেল্লে. এটেচমেন্টশীং লৌথোকউ নত্ত্রগা মদু থানবা মেসেজ অদু তেনশিলহল্লু."]},{"$i":"newMessage","$v":"অনৌবা মেসেজ"},{"$i":"sendMessage","$v":"মেসেজ থাও"},{"$i":"sendMMSToEmail","$v":"মল্টিমেদিয়া মেসেজ থাও"},{"$i":"no-recipient","$v":"(ফংগদবা মী য়াওদে)"},{"$i":"recipient","$v":{"one":["ফংবা মী ",{"t":"idOrVar","v":"n"}],"two":["ফংবা মী ",{"t":"idOrVar","v":"n"}],"few":["ফংবা মী ",{"t":"idOrVar","v":"n"}],"many":["ফংবা মী ",{"t":"idOrVar","v":"n"}],"other":["ফংবা মী ",{"t":"idOrVar","v":"n"}]},"$x":[{"t":"idOrVar","v":"plural"},"n"]},{"$i":"attachmentSizeB","$v":[{"t":"idOrVar","v":"n"}," B"]},{"$i":"attachmentSizeKB","$v":[{"t":"idOrVar","v":"n"}," KB"]},{"$i":"attachmentSizeMB","$v":[{"t":"idOrVar","v":"n"}," MB"]},{"$i":"attachmentOpenError","$v":"ফাইল মখল অসি হাংদোক্নবা এপ্লিকেসন ফংদে."},{"$i":"remove","$v":"লৌথোকপা"},{"$i":"participant","$v":{"one":["শরুক য়াবা ",{"t":"idOrVar","v":"n"}],"two":["শরুক য়াবা ",{"t":"idOrVar","v":"n"}],"few":["শরুক য়াবা ",{"t":"idOrVar","v":"n"}],"many":["শরুক য়াবা ",{"t":"idOrVar","v":"n"}],"other":["শরুক য়াবা ",{"t":"idOrVar","v":"n"}]},"$x":[{"t":"idOrVar","v":"plural"},"n"]},{"$i":"message-report","$v":"মেসেজ রিপোর্ট"},{"$i":"message-type-sms","$v":"টেকস্ট মেসেজ (SMS)"},{"$i":"message-type-mms","$v":"মল্টিমেদিয়া মেসেজ (MMS)"},{"$i":"sms-report-description","$v":["নহাক্কি টেকস্ট মেসেজ (SMS), ",{"t":"idOrVar","v":"datetime"}," দা থাখি"]},{"$i":"mms-report-description","$v":["নহাক্কি মল্টিমেদিয়া মেসেজ (MMS), সবজেক্ট ",{"t":"idOrVar","v":"subject"},", ",{"t":"idOrVar","v":"datetime"}," দা থাখি"]},{"$i":"mms-no-subject-report-description","$v":["নহাক্কি মল্টিমেদিয়া মেসেজ (MMS), ",{"t":"idOrVar","v":"datetime"}," দা থাখি"]},{"$i":"message-subject","$v":"সবজেক্ত:"},{"$i":"report-status-error","$v":"মেসেজ থাবা ঙমদে"},{"$i":"report-status-not-downloaded","$v":"দাওনলোদ তৌদে"},{"$i":"report-status-delivered","$v":"পীখ্রে:"},{"$i":"report-status-read","$v":"পাও:"},{"$i":"report-status-pending","$v":"রিপোর্ট হায়জখ্রে"},{"$i":"report-status-rejected","$v":"মেসেজ লৌ য়াদে"},{"$i":"message-size-was","$v":"মেসেজগী চাওবা পিকপা:"},{"$i":"report-dateTimeFormat12","$v":["%e %B %Y, ",{"t":"idOrVar","v":"shortTimeFormat12"}]},{"$i":"report-dateTimeFormat24","$v":["%e %B %Y, ",{"t":"idOrVar","v":"shortTimeFormat24"}]},{"$i":"report-to-title","$v":"দা"},{"$i":"report-from-title","$v":"দগী"},{"$i":"message-sent","$v":"থাখ্রে:"},{"$i":"message-sending","$v":[{"t":"idOrVar","v":"message-delivery-status-sending"}]},{"$i":"message-received","$v":"ফংলে:"},{"$i":"message-via","$v":"ফাওনা:"},{"$i":"message-resend","$v":"হন্না থাউ"},{"$i":"search","$v":"থিয়ু"},{"$i":"unknown-contact-title","$v":"খঙদবা কন্টেক্ত"},{"$i":"phone-type-separator","$v":", "},{"$i":"phone-carrier-separator","$v":" "},{"$i":"thread-participant-separator","$v":", "},{"$i":"replace-draft","$v":"হৌজিক লৈরিবা দ্রাফ্ট মহুৎ শিল্লু"},{"$i":"save-as-draft","$v":"সেব তৌ"},{"$i":"discard-message","$v":"লংশেকপা"},{"$i":"discard-sms","$v":"নহাক মেসেজ অসি লংথোকপা পাম্মি হায়বা নহাক শোয়দ্রব্রা?"},{"$i":"discard-new-message","$v":"নহাক্না কম্পোজ তৌরিবা মেসেজ অদু লংথোকখিগদ্রা অমসুং অনৌবা মেসেজ অদু হাংদোক্কদ্রা?"},{"$i":"resend-confirmation","$v":"মেসেজ অদু থাবা ঙমদে. হন্না হোৎনৌ?"},{"$i":"deleteMessage-confirmation","$v":"খল্লবা মেসেজ মুথৎকদ্রা?"},{"$i":"deleteMessages-confirmation","$v":"খল্লবা মেসেজশীং মুথৎকদ্রা?"},{"$i":"deleteThreads-confirmation2","$v":{"one":"খল্লবা মেসেজ থ্রেদ মুথৎকদ্রা?","other":"খল্লবা মেসেজ থ্রেদশীং মুথৎকদ্রা?"},"$x":[{"t":"idOrVar","v":"plural"},"n"]},{"$i":"new-message-notice-text","$v":"অনৌবা মেসেজ দগী"},{"$i":"new-message-notice-a-text","$v":"মদু পাও"},{"$i":"noMessages-title","$v":"মেসেজ অমত্তা য়াওদে"},{"$i":"noMessages-text","$v":"পাও ফাওনবা হৌনবা ন্যু মেসেজ নম্মু."},{"$i":"sendDefaultErrorTitle","$v":"মেসেজ থাখিদ্রে"},{"$i":"sendDefaultErrorBody","$v":"মেসেজ অদু থাবদা সমস্য অমা লৈরে. চানবিদুনা অমুক হন্না হোৎনবিয়ু."},{"$i":"sendDefaultErrorBtnOk","$v":"ওকে"},{"$i":"sendMissingSimCardTitle","$v":"থিবা খংদ্রিবা সিম কার্দ"},{"$i":"sendMissingSimCardBody","$v":"মখা চত্থনবা চৎনরিবা সিম কার্দ অমা থিংজিল্লু."},{"$i":"sendMissingSimCardBtnOk","$v":"ওকে"},{"$i":"sendFlightModeTitle","$v":"এয়রপ্লেন মোদ এক্তিবেত তৌরে"},{"$i":"sendFlightModeBody","$v":"মেসেজশীং থানবা এয়রপ্লেন মোদ মুথৎলু."},{"$i":"sendFlightModeBtnOk","$v":"ওকে"},{"$i":"radioDisabledToDownloadTitle","$v":[{"t":"idOrVar","v":"sendFlightModeTitle"}]},{"$i":"radioDisabledToDownloadBody","$v":"এটেচমেন্টশীং দাওনলোদ তৌনবা এয়রপ্লেন মোদ মুথৎলু."},{"$i":"radioDisabledToDownloadBtnOk","$v":[{"t":"idOrVar","v":"sendFlightModeBtnOk"}]},{"$i":"fdnErrorTitle","$v":"FDN এক্তিব ওই"},{"$i":"needConnectWifiBody","$v":"সেল্লুলর নেটৱার্ক অমত্তা ফংদে. মেসেজ থানবা অফংবা ৱাই-ফাই নেটৱার্ক অমদা শম্নৌ."},{"$i":"needConnectWifiTitle","$v":"মেসেজ থাখিদ্রে"},{"$i":"sms-counter-notice-label","$v":["SMS ",{"t":"idOrVar","v":"number"}," এদিত তৌ"]},{"$i":"fdnErrorBody","innerHTML":{"$x":[{"t":"idOrVar","v":"plural"},"n"],"$v":{"one":"FDN (Fixed Dialing Numbers) এক্তিবেত তৌরে. SMS সেন্তর অদু অমসুং মখাগী ফংগদবা মী অদু নহাক্কি FDN লিস্ট তা লৈ হায়বা শোয়হনগনু:","two":"FDN (Fixed Dialing Numbers) এক্তিবেত তৌরে. SMS সেন্তর অদু অমসুং মখাগী ফংগদবা মীশীং অদু নহাক্কি FDN লিস্ট তা লৈ হায়বা শোয়হনগনু:","few":"FDN (Fixed Dialing Numbers) এক্তিবেত তৌরে. SMS সেন্তর অদু অমসুং মখাগী ফংগদবা মীশীং অদু নহাক্কি FDN লিস্ট তা লৈ হায়বা শোয়হনগনু:","many":"FDN (Fixed Dialing Numbers) এক্তিবেত তৌরে. SMS সেন্তর অদু অমসুং মখাগী ফংগদবা মীশীং অদু নহাক্কি FDN লিস্ট তা লৈ হায়বা শোয়হনগনু:","other":"FDN (Fixed Dialing Numbers) এক্তিবেত তৌরে. SMS সেন্তর অদু অমসুং মখাগী ফংগদবা মীশীং অদু নহাক্কি FDN লিস্ট তা লৈ হায়বা শোয়হনগনু:"}}},{"$i":"fdnErrorBtnOk","$v":"ওকে"},{"$i":"switchSimToRetrieveTitle","$v":"দাতা শম্নবা হোংঙু"},{"$i":"switchSimToRetrieveBody","$v":["দাতা শম্নবা অদু সিমদা হোংঙু ",{"t":"idOrVar","v":"nonActiveSimId"}," MMS অদু হন্না ফংনবা. হৌজিক সিম ",{"t":"idOrVar","v":"activeSimId"}," দা দাতা ত্রান্সফর তৌবা অদু সসপেন্দ তৌরগনি. অমরা অমরা মখা চত্থগদ্রা?"]},{"$i":"switchSimToRetrieveBtnOk","$v":"কোন্না"},{"$i":"switchSimToRetrieveConfirm","$v":"ওকে"},{"$i":"switchSimToSendTitle","$v":[{"t":"idOrVar","v":"switchSimToRetrieveTitle"}]},{"$i":"switchSimToSendBody","$v":["দাতা শম্নবা অদু সিমদা হোংঙু ",{"t":"idOrVar","v":"nonActiveSimId"}," MMS অদু থানবা. হৌজিক সিম ",{"t":"idOrVar","v":"activeSimId"}," দা দাতা ত্রান্সফর তৌবা অদু সসপেন্দ তৌরগনি. অমরা অমরা মখা চত্থগদ্রা?"]},{"$i":"switchSimToSendBtnOk","$v":[{"t":"idOrVar","v":"switchSimToRetrieveBtnOk"}]},{"$i":"switchSimToSendConfirm","$v":[{"t":"idOrVar","v":"switchSimToRetrieveConfirm"}]},{"$i":"sendNoSignalErrorTitle","$v":"নেটৱার্ক কোভরেজ লৈতে"},{"$i":"sendNoSignalErrorBody","$v":"নহাক্কি মোবাইল সিগ্নেল অমা লৈ হায়বা শোয়হনগনু অমসুং হন্না হোৎনৌ."},{"$i":"sendNoSignalErrorBtnOk","$v":"ওকে"},{"$i":"sendNotFoundErrorTitle","$v":"মেসেজ য়াওদে"},{"$i":"sendNotFoundErrorBody","$v":"নহাক্না মদুগীদমক য়েংলিবা মেসেজ অদু হৌজিক মখা তানা ফংদ্রে."},{"$i":"sendNotFoundErrorBtnOk","$v":"ওকে"},{"$i":"sendInvalidAddressErrorTitle","$v":"চৎনদ্রবা নম্বর"},{"$i":"sendInvalidAddressErrorBody","$v":"নহাক্না মদুদা থারিবা মোবাইল নম্বর অদু চৎনরি হায়বা শোয়হনগনু."},{"$i":"sendInvalidAddressErrorBtnOk","$v":"ওকে"},{"$i":"simNotMatchedErrorTitle","$v":"দাওনলোদ তৌবা ঙমদ্রে"},{"$i":"simNotMatchedErrorBody","$v":"থিংজিনখিবা সিম কার্দ অদু মেসেজ অসি ফংনবা শীজিন্নখিবা অমা অদুনি হায়বা শোয়হনবিগনু."},{"$i":"simNotMatchedErrorBtnOk","$v":"ওকে"},{"$i":"deleted-sms","$v":"মেসেজ অসি হান্ননা মুথৎখ্রে."},{"$i":"view-attachment-image","$v":"শক্তম"},{"$i":"view-attachment-audio","$v":"তাও"},{"$i":"view-attachment-video","$v":"শক্তম"},{"$i":"view-attachment-other","$v":"শক্তম"},{"$i":"remove-attachment-image","$v":"লাই লৌথোকউ"},{"$i":"remove-attachment-audio","$v":"ওদিও লৌথোকউ"},{"$i":"remove-attachment-video","$v":"ভিডিও লৌথোকউ"},{"$i":"remove-attachment-other","$v":"এটেচমেন্ট লৌথোকউ"},{"$i":"replace-attachment-image","$v":"লাই মহুৎ শিল্লু"},{"$i":"replace-attachment-audio","$v":"ওদিও মহুৎ শিল্লু"},{"$i":"replace-attachment-video","$v":"ভিদিও মহুৎ শিল্লু"},{"$i":"replace-attachment-other","$v":"এটেচমেন্ট মহুৎ শিল্লু"},{"$i":"unsent-message-title","$v":"থাদবা মেসেজ"},{"$i":"unsent-message-description","$v":"নহাক্কি মমাংগী মেসেজ থাখিদে. নহাক থাখিদবা মেসেজ অদু এদিত তৌবা পাম্ব্রা নত্ত্রগা মদু লংথোকখিবা অমসুং মখা চত্থবা পাম্ব্রা?"},{"$i":"unsent-message-option-edit","$v":"ইদিত তৌ"},{"$i":"unsent-message-option-discard","$v":"লংশেকপা"},{"$i":"message-options","$v":"মেসেজ ওপশনশিং"},{"$i":"select-text","$v":"টেক্স খল্লু"},{"$i":"mobile","$v":"মোবাইল"},{"$i":"home","$v":"হোম"},{"$i":"work","$v":"থবক"},{"$i":"personal","$v":"মশামক্কী"},{"$i":"faxHome","$v":"য়ুমগী ফেক্স"},{"$i":"faxOffice","$v":"ওফিসকি ফেক্স"},{"$i":"faxOther","$v":"অতোপ্পা ফেক্স"},{"$i":"another","$v":"অতোপ্পা"},{"$i":"other","$v":"অতোপ্পা"},{"$i":"today","$v":"ঙসি"},{"$i":"yesterday","$v":"ঙরাং"},{"$i":"incorrectDate","$v":"(চুমদবা তাং)"},{"$i":"addToExistingContact","$v":"হৌজিক লৈবা কন্টেক্ত অমদা হাপচিল্লু"},{"$i":"createNewContact","$v":"অনৌবা একাওন্ট শেম্মু"},{"$i":"viewContact","$v":"কন্টেক্ত য়েংঙু"},{"$i":"sendEmail","$v":"ইমেল থাও"},{"$i":"mms-message","$v":"MMS মেসেজ"},{"$i":"notDownloaded-title","$v":"মেসেজ হৌজিক ফাওবা দাওনলোদ তৌদ্রি."},{"$i":"tobedownloaded-attachment","$v":["নহাক মল্টিমেদিয়া মেসেজ অমা ফংলে, মদুগী কন্টেন্ট হন্না ফংনবা ",{"t":"idOrVar","v":"date"}," অসিগী মমাংদা দাওনলোদ নম্মু"]},{"$i":"expired-attachment","$v":["লানখ্রে, মেসেজ অদু ",{"t":"idOrVar","v":"date"}," দা মতম লোইখ্রে অমসুং দাওনলোদ তৌবা য়াররোই."]},{"$i":"download-attachment","$v":"ডাউণ্ডলোদ"},{"$i":"downloading-attachment","$v":"দাওনলোদ তৌরি…"},{"$i":"download-complete","$v":"দাওনলোদ মপুং ফারে"},{"$i":"unnamed-attachment","$v":"মমিং থোন্দবা"},{"$i":"mms-label","$v":"MMS"},{"$i":"attached-files-too-large","$v":{"zero":["নহাক্না খল্লবা ফাইলশীং অদু মল্টিমেদিয়া মেসেজ অমথক্তংগী ",{"t":"idOrVar","v":"mmsSize"}," KB চাওবা পিকপগী অকক্নবা অদুদগী হেল্লি."],"one":["নহাক্না খল্লবা ফাইল অদু মল্টিমেদিয়া মেসেজ অমথক্তংগী ",{"t":"idOrVar","v":"mmsSize"}," KB চাওবা পিকপগী অকক্নবা অদুদগী হেল্লি."],"two":["নহাক্না খল্লবা ফাইলশীং অদু মল্টিমেদিয়া মেসেজ অমথক্তংগী ",{"t":"idOrVar","v":"mmsSize"}," KB চাওবা পিকপগী অকক্নবা অদুদগী হেল্লি."],"few":["নহাক্না খল্লবা ফাইলশীং অদু মল্টিমেদিয়া মেসেজ অমথক্তংগী ",{"t":"idOrVar","v":"mmsSize"}," KB চাওবা পিকপগী অকক্নবা অদুদগী হেল্লি."],"many":["নহাক্না খল্লবা ফাইলশীং অদু মল্টিমেদিয়া মেসেজ অমথক্তংগী ",{"t":"idOrVar","v":"mmsSize"}," KB চাওবা পিকপগী অকক্নবা অদুদগী হেল্লি."],"other":["নহাক্না খল্লবা ফাইলশীং অদু মল্টিমেদিয়া মেসেজ অমথক্তংগী ",{"t":"idOrVar","v":"mmsSize"}," KB চাওবা পিকপগী অকক্নবা অদুদগী হেল্লি."]},"$x":[{"t":"idOrVar","v":"plural"},"n"]},{"$i":"resize-image","$v":"এটেচ তৌবা লাই অদুগী চাওবা-পিকপা হন্না শেম্লি"},{"$i":"no-attachment-text","$v":"এটেচ তৌবা ফাইল অদুদা সমস্য অমা লৈরে অমসুং মদু দাওনলোদ তৌবা য়াদে."},{"$i":"message-draft-saved","$v":"মেসেজ দ্রাফ্ট ওইনা সেব তৌরে"},{"$i":"sim-id-label","$v":["সিম ",{"t":"idOrVar","v":"id"}]},{"$i":"sim-detail","$v":["সিম ",{"t":"idOrVar","v":"id"},", ",{"t":"idOrVar","v":"detailString"}]},{"$i":"dsds-notification-title-with-sim","$v":["(",{"t":"idOrVar","v":"sim"},") ",{"t":"idOrVar","v":"sender"}]},{"$i":"send-button","ariaLabel":"থাদোকখো"},{"$i":"send-button-sim-indication","$v":[{"t":"idOrVar","v":"n"}],"ariaLabel":["সিম ",{"t":"idOrVar","v":"n"}," শীজিন্নরি"]},{"$i":"expiry-date-format","$v":"%A, %b %e"},{"$i":"attach-button","ariaLabel":"এটেচমেন্ট হাপচিল্লু"},{"$i":"contact-photo","ariaLabel":"পাউ-ফাওনগদবগী ফোতো"},{"$i":"unread-thread","ariaLabel":"পাদবা"},{"$i":"has-draft","ariaLabel":"দ্রাফ্ট লৈ"},{"$i":"is-draft","ariaLabel":"ড্রাফ্ট তৌ"},{"$i":"message-delivery-status-sending","$v":"থারি…"},{"$i":"message-delivery-status-delivered","ariaLabel":"পীখ্রে"},{"$i":"message-delivery-status-read","ariaLabel":"পাবা"},{"$i":"message-delivery-status-error","ariaLabel":"অশোয়বা"},{"$i":"modal-dialog-ok-button","$v":"ওকে"},{"$i":"modal-dialog-cancel-button","$v":"ককথৎলু"},{"$i":"modal-dialog-default-title","$v":"মেসেজশীং"},{"$i":"tcl-delete-message","$v":"মেসেজ মুথৎলে"},{"$i":"tcl-sending-message-toast","$v":"মেসেজ থারি…"},{"$i":"tcl-message-converted-to-toast","$v":["মেসেজ ",{"t":"idOrVar","v":"type"}," দা ওল্লে"]},{"$i":"tcl-message-sent-toast","$v":"মেসেজ থাখ্রে"},{"$i":"tcl-deleteMessage-confirmation2","$v":"খল্লবা মেসেজ থ্রেদ মুথৎকদ্রা?"},{"$i":"tcl-deleted-message","$v":{"zero":"মেসেজ 0 মুথৎলে","one":["মেসেজ ",{"t":"idOrVar","v":"n"}," মুথৎলে"],"two":["মেসেজ ",{"t":"idOrVar","v":"n"}," মুথৎলে"],"few":["মেসেজ ",{"t":"idOrVar","v":"n"}," মুথৎলে"],"many":["মেসেজ ",{"t":"idOrVar","v":"n"}," মুথৎলে"],"other":["মেসেজ ",{"t":"idOrVar","v":"n"}," মুথৎলে"]},"$x":[{"t":"idOrVar","v":"plural"},"n"]},{"$i":"tcl-deleted-threads","$v":{"zero":"লংলী 0 খল্লে","one":"থ্রেদ মুথৎলে","two":["মেসেজ থ্রেদ ",{"t":"idOrVar","v":"n"}," মুথৎলে"],"few":["মেসেজ থ্রেদ ",{"t":"idOrVar","v":"n"}," মুথৎলে"],"many":["মেসেজ থ্রেদ ",{"t":"idOrVar","v":"n"}," মুথৎলে"],"other":["মেসেজ থ্রেদ ",{"t":"idOrVar","v":"n"}," মুথৎলে"]},"$x":[{"t":"idOrVar","v":"plural"},"n"]},{"$i":"tcl-simSettings","$v":"পাও"},{"$i":"tcl-unknown-SMSC","$v":"পাও ফংদে"},{"$i":"tcl-sim1","$v":"সার্ভিস সেন্তর সিম1"},{"$i":"tcl-sim2","$v":"সার্ভিস সেন্তর সিম2"},{"$i":"tcl-auto-retrieve","$v":"মশা মথন্তা হন্না ফংবা"},{"$i":"tcl-wapPushMessages","$v":"WAP পুশ মেসেজশীং"},{"$i":"tcl-wapPush","$v":"WAP পুশ"},{"$i":"tcl-wap-push-on","$v":"ওন তৌ"},{"$i":"tcl-wap-push-off","$v":"মুত্থৎপা"},{"$i":"tcl-auto-retrieve-messages","$v":"মশা মথন্তা মেসেজশীং হন্না ফংবা"},{"$i":"tcl-manual-retrieve","$v":"মুত্থৎপা"},{"$i":"tcl-auto-roaming-retrieve","$v":"রোমিংগা লোয়ননা থাই"},{"$i":"tcl-auto-no-roaming-retrieve","$v":"রোমিং য়াওদনা থাই"},{"$i":"tcl-message-read-reports","$v":"রিপোর্টশীং পাও"},{"$i":"tcl-read-reports-on","$v":"ওন তৌ"},{"$i":"tcl-read-reports-off","$v":"মুত্থৎপা"},{"$i":"tcl-mmsTitle","$v":"মল্টিমেদিয়া মেসেজিং (MMS)"},{"$i":"tcl-message-delivery-reports","$v":"পীখিবগী রিপোর্টশীং"},{"$i":"tcl-delivery-reports-on","$v":"ওন তৌ"},{"$i":"tcl-delivery-reports-off","$v":"মুত্থৎপা"},{"$i":"tcl-message-confirmation","$v":"মেসেজ চুম্মি হায়বা"},{"$i":"tcl-messageReport-title","$v":"মেসেজগী অকুপ্পা ৱারোলশীং"},{"$i":"tcl-mms-label","$v":"MMS"},{"$i":"tcl-sms-label","$v":"SMS"},{"$i":"tcl-messaging-settings","$v":"মেসেজ তৌনবা সেটিংশীং"},{"$i":"tcl-messagingSettings-header","$v":[{"t":"idOrVar","v":"tcl-messaging-settings"}]},{"$i":"tcl-confirmation-title","$v":"চুম্মি হায়বা"},{"$i":"tcl-draft-save-content","$v":"দ্রাফ্ট ওইনা সেব তৌগদ্রা?"},{"$i":"tcl-draft-discard-content","$v":"মেসেজ লংথোক্লে"},{"$i":"tcl-switch-on","$v":"ওন তৌ"},{"$i":"tcl-switch-off","$v":"মুত্থৎপা"},{"$i":"tcl-delivery-report-desc","$v":"মেসেজ থাবা অমমমগী য়ৌখ্রে হায়বগী নোটিফিকেশন পীনবা হায়জৌ"},{"$i":"tcl-read-report-desc","$v":"মেসেজ থাবা অমমমগী রীদ তৌবগী রিপোর্ট পীনবা হায়জৌ"},{"$i":"tcl-auto-retrieve-desc","$v":"মেসেজশিং মশামথন্ত হন্না পুথোকচরে"},{"$i":"tcl-confirm-dialog-ok","$v":"ওকে"},{"$i":"tcl-yes","$v":"ফংনীংই"},{"$i":"tcl-no","$v":"ফংনীংদে"},{"$i":"tcl-delete-current-thread?","$v":"খল্লবা মেসেজ থ্রেদ মুথৎকদ্রা?"},{"$i":"tcl-attention","$v":"পুক্নিং চংউ"},{"$i":"tcl-options","$v":"ওপসনশিং"},{"$i":"send-failed","$v":"থাবা মায় পাক্তে."},{"$i":"subject-removed","$v":"সবজেক্ত লৌথোক্লে."},{"$i":"media-storage-limit-alert-title","$v":"তুংশিনফম থল্লে"},{"$i":"media-storage-limit-alert-body","$v":"অহেনবা মফমশিং ফংননবা অদোম্না মেডিয়া ফাইল খরা মুত্থৎপা নত্ত্রগা এপ্লিকেসন্দু শিন্দোক-শিঞ্জিন তৌবিবা য়াগনি৷"},{"$i":"media-storage-limit-alert-cancel","$v":"ককথৎলু"},{"$i":"media-storage-limit-alert-setting","$v":"সেট্টিংসদা চৎলু"},{"$i":"email","$v":"ইমেল"},{"$i":"go","$v":"চৎলু"},{"$i":"weekday-0-long","$v":"নোংমাইজিং"},{"$i":"weekday-1-long","$v":"নিংথৌকাবা"},{"$i":"weekday-2-long","$v":"লৈবাকপোকপা"},{"$i":"weekday-3-long","$v":"য়ুমশকৈশ"},{"$i":"weekday-4-long","$v":"শগোলশেল"},{"$i":"weekday-5-long","$v":"ইরাই"},{"$i":"weekday-6-long","$v":"থাংজ"},{"$i":"weekday-0-short","$v":"নুমিৎ"},{"$i":"weekday-1-short","$v":"নিংথৌকাবা"},{"$i":"weekday-2-short","$v":"লৈবাকপোকপা"},{"$i":"weekday-3-short","$v":"য়ুমশকৈশা"},{"$i":"weekday-4-short","$v":"শগোলশেন"},{"$i":"weekday-5-short","$v":"ইরাই"},{"$i":"weekday-6-short","$v":"থাংজ"},{"$i":"month-0-long","$v":"জানুৱারি"},{"$i":"month-1-long","$v":"ফেব্রুৱারি"},{"$i":"month-2-long","$v":"মার্চ"},{"$i":"month-3-long","$v":"এপ্রিল"},{"$i":"month-4-long","$v":"মে"},{"$i":"month-5-long","$v":"জুন"},{"$i":"month-6-long","$v":"জুলাই"},{"$i":"month-7-long","$v":"ওগস্ট"},{"$i":"month-8-long","$v":"সেপ্টেম্বর"},{"$i":"month-9-long","$v":"ওক্তোবর"},{"$i":"month-10-long","$v":"নোবেম্বর"},{"$i":"month-11-long","$v":"দিসেম্বর"},{"$i":"month-0-genitive","$v":"জানুৱারি"},{"$i":"month-1-genitive","$v":"ফেব্রুৱারি"},{"$i":"month-2-genitive","$v":"মার্চ"},{"$i":"month-3-genitive","$v":"এপ্রিল"},{"$i":"month-4-genitive","$v":"মে"},{"$i":"month-5-genitive","$v":"জুন"},{"$i":"month-6-genitive","$v":"জুলাই"},{"$i":"month-7-genitive","$v":"ওগস্ট"},{"$i":"month-8-genitive","$v":"সেপ্টেম্বর"},{"$i":"month-9-genitive","$v":"ওক্তোবর"},{"$i":"month-10-genitive","$v":"নোবেম্বর"},{"$i":"month-11-genitive","$v":"দিসেম্বর"},{"$i":"month-0-short","$v":"জানুৱারি"},{"$i":"month-1-short","$v":"ফেব্রুৱারি"},{"$i":"month-2-short","$v":"মার্চ"},{"$i":"month-3-short","$v":"এপ্রিল"},{"$i":"month-4-short","$v":"মে"},{"$i":"month-5-short","$v":"জুন"},{"$i":"month-6-short","$v":"জুলাই"},{"$i":"month-7-short","$v":"ওগস্ট"},{"$i":"month-8-short","$v":"সেপ্টেম্বর"},{"$i":"month-9-short","$v":"ওক্তোবর"},{"$i":"month-10-short","$v":"নোবেম্বর"},{"$i":"month-11-short","$v":"দিসেম্বর"},{"$i":"minutes-ago-long","$v":{"zero":"হৌজিক্তা","one":"মিনট অমা মমাংদা","two":["মিনট ",{"t":"idOrVar","v":"value"}," মমাংদা"],"few":["মিনট ",{"t":"idOrVar","v":"value"}," মমাংদা"],"many":["মিনট ",{"t":"idOrVar","v":"value"}," মমাংদা"],"other":["মিনট ",{"t":"idOrVar","v":"value"}," মমাংদা"]},"$x":[{"t":"idOrVar","v":"plural"},"value"]},{"$i":"hours-ago-long","$v":{"zero":"হৌজিক্তা","one":"পুং অমা মমাংদা","two":["পুং ",{"t":"idOrVar","v":"value"}," মমাংদা"],"few":["পুং ",{"t":"idOrVar","v":"value"}," মমাংদা"],"many":["পুং ",{"t":"idOrVar","v":"value"}," মমাংদা"],"other":["পুং ",{"t":"idOrVar","v":"value"}," মমাংদা"]},"$x":[{"t":"idOrVar","v":"plural"},"value"]},{"$i":"days-ago-long","$v":{"zero":"ঙসি","one":"ঙরাং","two":["নুমিৎ ",{"t":"idOrVar","v":"value"}," মমাংদা"],"few":["নুমিৎ ",{"t":"idOrVar","v":"value"}," মমাংদা"],"many":["নুমিৎ ",{"t":"idOrVar","v":"value"}," মমাংদা"],"other":["নুমিৎ ",{"t":"idOrVar","v":"value"}," মমাংদা"]},"$x":[{"t":"idOrVar","v":"plural"},"value"]},{"$i":"weeks-ago-long","$v":{"zero":"চয়োল অসি","one":"ইকোন কোনবা চয়োল","two":["চয়োল ",{"t":"idOrVar","v":"value"}," মমাংদা"],"few":["চয়োল ",{"t":"idOrVar","v":"value"}," মমাংদা"],"many":["চয়োল ",{"t":"idOrVar","v":"value"}," মমাংদা"],"other":["চয়োল ",{"t":"idOrVar","v":"value"}," মমাংদা"]},"$x":[{"t":"idOrVar","v":"plural"},"value"]},{"$i":"months-ago-long","$v":{"zero":"থা অসি","one":"ইকোন কোনবা থা","two":["থা ",{"t":"idOrVar","v":"value"}," মামংদা"],"few":["থা ",{"t":"idOrVar","v":"value"}," মামংদা"],"many":["থা ",{"t":"idOrVar","v":"value"}," মামংদা"],"other":["থা ",{"t":"idOrVar","v":"value"}," মামংদা"]},"$x":[{"t":"idOrVar","v":"plural"},"value"]},{"$i":"years-ago-long","$v":{"zero":"চহী অসি","one":"ইকোন কোনবা চহী","two":["চহী ",{"t":"idOrVar","v":"value"}," মমাংদা"],"few":["চহী ",{"t":"idOrVar","v":"value"}," মমাংদা"],"many":["চহী ",{"t":"idOrVar","v":"value"}," মমাংদা"],"other":["চহী ",{"t":"idOrVar","v":"value"}," মমাংদা"]},"$x":[{"t":"idOrVar","v":"plural"},"value"]},{"$i":"minutes-until-long","$v":{"zero":"হৌজিক্তা","one":"মিনট অমদা","two":["মিনট ",{"t":"idOrVar","v":"value"}," দা"],"few":["মিনট ",{"t":"idOrVar","v":"value"}," দা"],"many":["মিনট ",{"t":"idOrVar","v":"value"}," দা"],"other":["মিনট ",{"t":"idOrVar","v":"value"}," দা"]},"$x":[{"t":"idOrVar","v":"plural"},"value"]},{"$i":"hours-until-long","$v":{"zero":"হৌজিক্তা","one":"পুং অমদা","two":["পুং ",{"t":"idOrVar","v":"value"}," দা"],"few":["পুং ",{"t":"idOrVar","v":"value"}," দা"],"many":["পুং ",{"t":"idOrVar","v":"value"}," দা"],"other":["পুং ",{"t":"idOrVar","v":"value"}," দা"]},"$x":[{"t":"idOrVar","v":"plural"},"value"]},{"$i":"days-until-long","$v":{"zero":"ঙসি","one":"হয়েং","two":["নুমিৎ ",{"t":"idOrVar","v":"value"}," তা"],"few":["নুমিৎ ",{"t":"idOrVar","v":"value"}," তা"],"many":["নুমিৎ ",{"t":"idOrVar","v":"value"}," তা"],"other":["নুমিৎ ",{"t":"idOrVar","v":"value"}," তা"]},"$x":[{"t":"idOrVar","v":"plural"},"value"]},{"$i":"weeks-until-long","$v":{"zero":"চয়োল অসি","one":"মথংগী চয়োল","two":["চয়োল ",{"t":"idOrVar","v":"value"}," দা"],"few":["চয়োল ",{"t":"idOrVar","v":"value"}," দা"],"many":["চয়োল ",{"t":"idOrVar","v":"value"}," দা"],"other":["চয়োল ",{"t":"idOrVar","v":"value"}," দা"]},"$x":[{"t":"idOrVar","v":"plural"},"value"]},{"$i":"months-until-long","$v":{"zero":"থা অসি","one":"মথংগী থা","two":["থা ",{"t":"idOrVar","v":"value"}," দা"],"few":["থা ",{"t":"idOrVar","v":"value"}," দা"],"many":["থা ",{"t":"idOrVar","v":"value"}," দা"],"other":["থা ",{"t":"idOrVar","v":"value"}," দা"]},"$x":[{"t":"idOrVar","v":"plural"},"value"]},{"$i":"years-until-long","$v":{"zero":"চহী অসি","one":"মথংগী চহী","two":["চহী ",{"t":"idOrVar","v":"value"}," দা"],"few":["চহী ",{"t":"idOrVar","v":"value"}," দা"],"many":["চহী ",{"t":"idOrVar","v":"value"}," দা"],"other":["চহী ",{"t":"idOrVar","v":"value"}," দা"]},"$x":[{"t":"idOrVar","v":"plural"},"value"]},{"$i":"minutes-ago-short","$v":{"zero":"হৌজিক্তা","other":["থা ",{"t":"idOrVar","v":"value"}," মমাংদা"]},"$x":[{"t":"idOrVar","v":"plural"},"value"]},{"$i":"hours-ago-short","$v":{"zero":"হৌজিক্তা","other":["পুং ",{"t":"idOrVar","v":"value"}," মমাংদা"]},"$x":[{"t":"idOrVar","v":"plural"},"value"]},{"$i":"days-ago-short","$v":{"zero":"ঙসি","other":["নুমিৎ ",{"t":"idOrVar","v":"value"}," মমাংদা"]},"$x":[{"t":"idOrVar","v":"plural"},"value"]},{"$i":"minutes-until-short","$v":{"zero":"হৌজিক্তা","other":["থা ",{"t":"idOrVar","v":"value"}," দা"]},"$x":[{"t":"idOrVar","v":"plural"},"value"]},{"$i":"hours-until-short","$v":{"zero":"হৌজিক্তা","other":["পুং ",{"t":"idOrVar","v":"value"}," দা"]},"$x":[{"t":"idOrVar","v":"plural"},"value"]},{"$i":"days-until-short","$v":{"zero":"ঙসি","other":["নুমিৎ ",{"t":"idOrVar","v":"value"}," তা"]},"$x":[{"t":"idOrVar","v":"plural"},"value"]},{"$i":"dateTimeFormat_%c","$v":"%a %b %e %Y %I:%M:%S %p"},{"$i":"dateTimeFormat_%x","$v":"%m/%d/%Y"},{"$i":"dateTimeFormat_%X","$v":"%I:%M:%S %p"},{"$i":"shortTimeFormat","$v":"%I:%M %p"},{"$i":"shortTimeFormat12","$v":"%I:%M %p"},{"$i":"shortTimeFormat24","$v":"%H:%M"},{"$i":"shortDateTimeFormat","$v":"%x %I:%M %p"},{"$i":"weekStartsOnMonday","$v":"0"},{"$i":"firstDayOfTheWeek","$v":"0"},{"$i":"time_am","$v":"AM"},{"$i":"time_pm","$v":"PM"},{"$i":"softkey-options","$v":"ওপসনশিং"},{"$i":"emergencyNumber","$v":"অথু-অকায়গী নম্বর"},{"$i":"callAirplaneModeMessage","$v":"কোল অমা তৌনবা নহাক সেটিংশীংদা এয়রপ্লেন মোদ য়াহন্দবা দরকার ওই."},{"$i":"callAirplaneModeBtnOk","$v":"ওকে"},{"$i":"callAirplaneModeTitle","$v":"এয়রপ্লেন মোদ এক্তিবেত তৌরে"},{"$i":"numberIsBusyTitle","$v":"নম্বর বিজি ওই"},{"$i":"numberIsBusyMessage","$v":"নম্বর অদু হৌজিক চিল্লি. কোন্না হন্না হোৎনবিয়ু."},{"$i":"fdnIsActiveTitle","$v":"FDN এক্তিব ওই"},{"$i":"fdnIsActiveMessage","$v":["FDN (Fixed Dialing Numbers) এক্তিবেত তৌরে অমসুং মখাগী নম্বর অসি নহাক্কি FDN লিস্টতা য়াওদে: ",{"t":"idOrVar","v":"number"}]},{"$i":"emergencyDialogBodyBadNumber","$v":"কোল অমা তৌনবা, ফোন অদু নেটৱার্ক অমদা শম্নগদবনি."},{"$i":"emergencyDialogBodyDeviceNotAccepted","$v":"নেটৱার্ক অদুনা ইমর্জেন্সি কোলশীং য়াহন্দে."},{"$i":"emergencyDialogBtnOk","$v":"ওকে"},{"$i":"emergencyDialogTitle","$v":"নেটৱর্ক কন্নেক্সন অমত্তা লৈতে"},{"$i":"invalidNumberToDialTitle","$v":"চৎনদবা ফোন নম্বর"},{"$i":"invalidNumberToDialMessage","$v":"নহাক্না কোল তৌরিবা ফোন নম্বর অদু চৎনদে."},{"$i":"unableToCallTitle","$v":"হৌজিক ফোন কোল অমা তৌবা ঙমদ্রে"},{"$i":"unableToCallMessage","$v":"কোল অমা তৌবা ঙমদে. নহাক হান্ননা দাইল তৌরিবা ওইরবদি, অহানবদা ফোন থম্বিয়ু."},{"$i":"otherConnectionInUseTitle","$v":"অতোপ্পা শম্নবা শীজিন্নবা"},{"$i":"otherConnectionInUseMessage","$v":"নহাক অতোপ্পা শম্নবা অমদা এক্তিব কোল অমা লৈ. নহাক মতম অমত্তদা শম্নবা অমখক্তং শীজিন্নবা য়াই."},{"$i":"connectingEllipsis","$v":"শম্নরি..."}]