[{"$i":"messages","$v":"संदेश"},{"$i":"deleteMessages-title","$v":"निवडा"},{"$i":"selectThreads-title","$v":"निवडा"},{"$i":"edit","$v":"संपादित करा"},{"$i":"back","$v":"मागे जा"},{"$i":"cancel","$v":"रद्द करा"},{"$i":"undo","$v":"अन्डू करा"},{"$i":"done","$v":"पूर्ण झाले"},{"$i":"delete","$v":"हटवा"},{"$i":"deleting-messages","$v":"हटवत आहे..."},{"$i":"select-all","$v":"सर्व निवडा"},{"$i":"deselect-all","$v":"सर्व निवड रद्द करा"},{"$i":"selected-threads","$v":{"zero":"0 निवडलेले","one":[{"t":"idOrVar","v":"n"}," निवडलेले"],"two":[{"t":"idOrVar","v":"n"}," निवडलेले"],"few":[{"t":"idOrVar","v":"n"}," निवडलेले"],"many":[{"t":"idOrVar","v":"n"}," निवडलेले"],"other":[{"t":"idOrVar","v":"n"}," निवडलेले"]},"$x":[{"t":"idOrVar","v":"plural"},"n"]},{"$i":"selected-messages","$v":{"zero":"0 निवडलेले","one":[{"t":"idOrVar","v":"n"}," निवडलेले"],"two":[{"t":"idOrVar","v":"n"}," निवडलेले"],"few":[{"t":"idOrVar","v":"n"}," निवडलेले"],"many":[{"t":"idOrVar","v":"n"}," निवडलेले"],"other":[{"t":"idOrVar","v":"n"}," निवडलेले"]},"$x":[{"t":"idOrVar","v":"plural"},"n"]},{"$i":"selectThreads-label","$v":"थ्रेड निवडा"},{"$i":"selectMessages-label","$v":"संदेश निवडा"},{"$i":"new-message","$v":"नवीन संदेश"},{"$i":"delete-thread","$v":"थ्रेड हटवा"},{"$i":"create-new-contact","$v":"नवीन संपर्क तयार करा"},{"$i":"add-to-contact","$v":"वर्तमान संपर्कामध्ये जोडा"},{"$i":"select-thread","$v":"थ्रेड निवडा"},{"$i":"settings","$v":"सेटिंग्स"},{"$i":"select","$v":"निवडा"},{"$i":"sk-save-as-draft","$v":"ड्राफ्ट म्हणून जतन करा"},{"$i":"send","$v":"पाठवा"},{"$i":"add-contact","$v":"संपर्क जोडा"},{"$i":"add-suggestion","$v":"जोडा"},{"$i":"add-subject","$v":"विषय जोडा"},{"$i":"remove-subject","$v":"विषय हटवा"},{"$i":"add-attachment","$v":"अटॅचमेन्‍ट जोडा"},{"$i":"remove-attachment","$v":"अटॅचमेन्‍ट हटवा"},{"$i":"replace-attachment","$v":"अटॅचमेन्‍ट बदला"},{"$i":"select-messages","$v":"संदेश निवडा"},{"$i":"call","$v":"कॉल"},{"$i":"forward","$v":"फॉरवर्ड करा"},{"$i":"view-message-report","$v":"संदेश तपशील बघा"},{"$i":"resend-message","$v":"हा संदेश पुन्हा पाठवा"},{"$i":"cancel-view-report","$v":"रद्द करा"},{"$i":"ok","$v":"ठीक आहे"},{"$i":"enter","$v":"प्रविष्ट करा"},{"$i":"open","$v":"उघडा"},{"$i":"to","$v":"प्रति"},{"$i":"new","$v":"नवीन"},{"$i":"message","$v":"संदेश"},{"$i":"messagesInput_placeholder","$v":"संदेश"},{"$i":"messagesSubjectInput_placeholder","$v":"विषय"},{"$i":"converted-to-mms","$v":"मल्टीमीडिया संदेशात रुपांतरीत होत आहे."},{"$i":"converted-to-sms","$v":"टेक्स्ट संदेशात रुपांतरीत होत आहे."},{"$i":"messages-max-length-text","$v":"आपण कमाल लांबीपर्यंत पोहोचला आहात."},{"$i":"messages-max-subject-length-text","$v":"विषयाची कमाल लांबी पार केली आहे."},{"$i":"multimedia-message-exceeded-max-length","$v":["आपल्याद्वारे एकल मल्टी मीडिया संदेशाची ",{"t":"idOrVar","v":"mmsSize"}," KB आकार मर्यादा ओलांडण्यात आली आहे. संदेश पाठविण्यासाठी अटॅचमेन्ट काढून टाका किंवा संदेश छोटा करा."]},{"$i":"newMessage","$v":"नवीन संदेश"},{"$i":"sendMessage","$v":"संदेश पाठवा"},{"$i":"sendMMSToEmail","$v":"मल्टीमीडीया संदेश पाठवा"},{"$i":"no-recipient","$v":"(कोणतेही प्राप्तकर्ता नाही)"},{"$i":"recipient","$v":{"one":[{"t":"idOrVar","v":"n"}," प्राप्तकर्ता"],"two":[{"t":"idOrVar","v":"n"}," प्राप्तकर्ता"],"few":[{"t":"idOrVar","v":"n"}," प्राप्तकर्ता"],"many":[{"t":"idOrVar","v":"n"}," प्राप्तकर्ता"],"other":[{"t":"idOrVar","v":"n"}," प्राप्तकर्ता"]},"$x":[{"t":"idOrVar","v":"plural"},"n"]},{"$i":"attachmentSizeB","$v":[{"t":"idOrVar","v":"n"}," B"]},{"$i":"attachmentSizeKB","$v":[{"t":"idOrVar","v":"n"}," KB"]},{"$i":"attachmentSizeMB","$v":[{"t":"idOrVar","v":"n"}," MB"]},{"$i":"attachmentOpenError","$v":"हा फाईलचा प्रकार उघडण्यासाठी कोणतेही अॅप्लिकेशन उपलब्ध नाही."},{"$i":"remove","$v":"हटवा"},{"$i":"participant","$v":{"one":[{"t":"idOrVar","v":"n"}," सहभागी"],"two":[{"t":"idOrVar","v":"n"}," सहभागी"],"few":[{"t":"idOrVar","v":"n"}," सहभागी"],"many":[{"t":"idOrVar","v":"n"}," सहभागी"],"other":[{"t":"idOrVar","v":"n"}," सहभागी"]},"$x":[{"t":"idOrVar","v":"plural"},"n"]},{"$i":"message-report","$v":"संदेश रिपोर्ट"},{"$i":"message-type-sms","$v":"टेक्स्ट संदेश (SMS)"},{"$i":"message-type-mms","$v":"मल्टीमीडिया संदेश (MMS)"},{"$i":"sms-report-description","$v":["आपला टेक्स्ट संदेश (SMS), ",{"t":"idOrVar","v":"datetime"}," ला पाठवला गेला होता"]},{"$i":"mms-report-description","$v":["आपला मल्टीमीडिया संदेश (MMS), विषय ",{"t":"idOrVar","v":"subject"},", ",{"t":"idOrVar","v":"datetime"}," ला पाठवला गेला होता"]},{"$i":"mms-no-subject-report-description","$v":["आपला मल्टीमीडिया संदेश (MMS), ",{"t":"idOrVar","v":"datetime"}," ला पाठवला गेला होता"]},{"$i":"message-subject","$v":"विषय:"},{"$i":"report-status-error","$v":"संदेश पाठवला जाऊ शकत नाही"},{"$i":"report-status-not-downloaded","$v":"डाउनलोड नाही झाले"},{"$i":"report-status-delivered","$v":"डिलिवर केले:"},{"$i":"report-status-read","$v":"वाचले:"},{"$i":"report-status-pending","$v":"रिपोर्टची विनंती केली आहे"},{"$i":"report-status-rejected","$v":"संदेश अस्वीकार केले आहे"},{"$i":"message-size-was","$v":"संदेश आकार:"},{"$i":"report-dateTimeFormat12","$v":["%e %B %Y, ",{"t":"idOrVar","v":"shortTimeFormat12"}]},{"$i":"report-dateTimeFormat24","$v":["%e %B %Y, ",{"t":"idOrVar","v":"shortTimeFormat24"}]},{"$i":"report-to-title","$v":"प्रति"},{"$i":"report-from-title","$v":"पासून"},{"$i":"message-sent","$v":"पाठवत गेले:"},{"$i":"message-sending","$v":[{"t":"idOrVar","v":"message-delivery-status-sending"}]},{"$i":"message-received","$v":"प्राप्त झाले:"},{"$i":"message-via","$v":"याद्वारे:"},{"$i":"message-resend","$v":"पुन्हा पाठवा"},{"$i":"search","$v":"शोधा"},{"$i":"unknown-contact-title","$v":"अज्ञात संपर्क"},{"$i":"phone-type-separator","$v":", "},{"$i":"phone-carrier-separator","$v":" "},{"$i":"thread-participant-separator","$v":", "},{"$i":"replace-draft","$v":"वर्तमान ड्राफ्ट बदला"},{"$i":"save-as-draft","$v":"जतन करा"},{"$i":"discard-message","$v":"हटवा"},{"$i":"discard-sms","$v":"आपण हा संदेश हटवण्यास तयार आहात का?"},{"$i":"discard-new-message","$v":"आपण तयार करीत असलेला संदेश सोडून नवीन संदेश उघडायचा आहे कॉ?"},{"$i":"resend-confirmation","$v":"संदेश पाठविला जाऊ शकत नाही. पुन्हा प्रयत्न करायचा आहे का?"},{"$i":"deleteMessage-confirmation","$v":"निवडक संदेश हटवायचे आहेत का?"},{"$i":"deleteMessages-confirmation","$v":"निवडक संदेश हटवायचे आहेत का?"},{"$i":"deleteThreads-confirmation2","$v":{"one":"निवडक संदेश थ्रेड हटवायचे आहे का?","other":"निवडक संदेश थ्रेड्स हटवायचे आहेत का?"},"$x":[{"t":"idOrVar","v":"plural"},"n"]},{"$i":"new-message-notice-text","$v":"पासून नवीन संदेश"},{"$i":"new-message-notice-a-text","$v":"हे वाचा"},{"$i":"noMessages-title","$v":"कोणताही संदेश नाही"},{"$i":"noMessages-text","$v":"संदेश सुरु करण्यासाठी नवीन संदेश दाबा."},{"$i":"sendDefaultErrorTitle","$v":"संदेश पाठवले नाही"},{"$i":"sendDefaultErrorBody","$v":"संदेश पाठविण्यात एक समस्या आली आहे. कृपया पुन्हा प्रयत्न करा."},{"$i":"sendDefaultErrorBtnOk","$v":"ठीक आहे"},{"$i":"sendMissingSimCardTitle","$v":"सिम कार्ड हरवले आहे"},{"$i":"sendMissingSimCardBody","$v":"पुढे चालू ठेवण्यासाठी वैध सिम कार्ड प्रविष्ट करा."},{"$i":"sendMissingSimCardBtnOk","$v":"ठीक आहे"},{"$i":"sendFlightModeTitle","$v":"एयरप्लेन मोड सक्रिय केले आहे"},{"$i":"sendFlightModeBody","$v":"संदेश पाठविण्यासाठी विमान मोड ऑफ करा."},{"$i":"sendFlightModeBtnOk","$v":"ठीक आहे"},{"$i":"radioDisabledToDownloadTitle","$v":[{"t":"idOrVar","v":"sendFlightModeTitle"}]},{"$i":"radioDisabledToDownloadBody","$v":"अटॅचमेंट डाउनलोड करण्यासाठी विमान मोड ऑफ करा."},{"$i":"radioDisabledToDownloadBtnOk","$v":[{"t":"idOrVar","v":"sendFlightModeBtnOk"}]},{"$i":"fdnErrorTitle","$v":"FDN सक्रिय"},{"$i":"needConnectWifiBody","$v":"कोणतेही सेल्‍युलर नेटवर्क उपलब्ध नाही. संदेश करण्यासाठी उपलब्ध WiFi नेटवर्कशी जोडा."},{"$i":"needConnectWifiTitle","$v":"संदेश पाठवले नाही"},{"$i":"sms-counter-notice-label","$v":[{"t":"idOrVar","v":"number"}," SMS संपादित होत आहे"]},{"$i":"fdnErrorBody","innerHTML":{"$x":[{"t":"idOrVar","v":"plural"},"n"],"$v":{"one":"FDN (फिक्स्ड डायलिंग नंबर) सक्रिय केला आहे. आपल्या FDN लिस्ट मध्ये SMS केंद्र आणि खालील प्राप्तकर्त्याची खात्री करा:","two":"FDN (फिक्स्ड डायलिंग नंबर) सक्रिय केला आहे. आपल्या FDN लिस्ट मध्ये SMS केंद्र आणि खालील प्राप्तकर्त्यांची खात्री करा:","few":"FDN (फिक्स्ड डायलिंग नंबर) सक्रिय केला आहे. आपल्या FDN लिस्ट मध्ये SMS केंद्र आणि खालील प्राप्तकर्त्यांची खात्री करा:","many":"FDN (फिक्स्ड डायलिंग नंबर) सक्रिय केला आहे. आपल्या FDN लिस्ट मध्ये SMS केंद्र आणि खालील प्राप्तकर्त्यांची खात्री करा:","other":"FDN (फिक्स्ड डायलिंग नंबर) सक्रिय केला आहे. आपल्या FDN लिस्ट मध्ये SMS केंद्र आणि खालील प्राप्तकर्त्यांची खात्री करा:"}}},{"$i":"fdnErrorBtnOk","$v":"ठीक आहे"},{"$i":"switchSimToRetrieveTitle","$v":"डेटा कनेक्शन स्विच करा"},{"$i":"switchSimToRetrieveBody","$v":["MMS पुनर्प्राप्त करण्यासाठी ",{"t":"idOrVar","v":"nonActiveSimId"}," सिमवर डेटा कनेक्शन स्विच करा. सिम ",{"t":"idOrVar","v":"activeSimId"}," वर सद्य डेटा ट्रान्सफर निलंबित केले जाईल. तरीही सुरू ठेवा"]},{"$i":"switchSimToRetrieveBtnOk","$v":"नंतर"},{"$i":"switchSimToRetrieveConfirm","$v":"ठीक आहे"},{"$i":"switchSimToSendTitle","$v":[{"t":"idOrVar","v":"switchSimToRetrieveTitle"}]},{"$i":"switchSimToSendBody","$v":["MMS पाठविण्यासाठी ",{"t":"idOrVar","v":"nonActiveSimId"}," सिमवर डेटा कनेक्शन स्विच करा. सिम ",{"t":"idOrVar","v":"activeSimId"}," वर डेटा डेटा स्थानांतरण निलंबित केले जाईल. तरीही सुरू ठेवा"]},{"$i":"switchSimToSendBtnOk","$v":[{"t":"idOrVar","v":"switchSimToRetrieveBtnOk"}]},{"$i":"switchSimToSendConfirm","$v":[{"t":"idOrVar","v":"switchSimToRetrieveConfirm"}]},{"$i":"sendNoSignalErrorTitle","$v":"कोणतेही नेटवर्क कव्हरेज नाही"},{"$i":"sendNoSignalErrorBody","$v":"आपल्याकडे मोबाईल सिग्नल असल्याचे तपासून पुन्हा प्रयत्न करा."},{"$i":"sendNoSignalErrorBtnOk","$v":"ठीक आहे"},{"$i":"sendNotFoundErrorTitle","$v":"संदेश सापडले नाही"},{"$i":"sendNotFoundErrorBody","$v":"आपण शोधत असलेला संदेश यापुढे उपलब्ध राहणार नाही."},{"$i":"sendNotFoundErrorBtnOk","$v":"ठीक आहे"},{"$i":"sendInvalidAddressErrorTitle","$v":"अवैध नंबर"},{"$i":"sendInvalidAddressErrorBody","$v":"आपण ज्या मोबाईल नंबरवर पाठवत आहात तो वैध आहे तपासून घ्या"},{"$i":"sendInvalidAddressErrorBtnOk","$v":"ठीक आहे"},{"$i":"simNotMatchedErrorTitle","$v":"डाउनलोड करण्यास असमर्थ"},{"$i":"simNotMatchedErrorBody","$v":"कृपया हा संदेश प्राप्त करण्यासाठी वापरलेले सिम कार्ड समाविष्ट केले असल्याचे निश्चित करा."},{"$i":"simNotMatchedErrorBtnOk","$v":"ठीक आहे"},{"$i":"deleted-sms","$v":"हा संदेश आधीच हटवला गेला आहे."},{"$i":"view-attachment-image","$v":"बघा"},{"$i":"view-attachment-audio","$v":"ऐका"},{"$i":"view-attachment-video","$v":"बघा"},{"$i":"view-attachment-other","$v":"बघा"},{"$i":"remove-attachment-image","$v":"प्रतिमा हटवा"},{"$i":"remove-attachment-audio","$v":"ऑडिओ हटवा"},{"$i":"remove-attachment-video","$v":"व्हिडिओ हटवा"},{"$i":"remove-attachment-other","$v":"अटॅचमेन्‍ट हटवा"},{"$i":"replace-attachment-image","$v":"प्रतिमा बदला"},{"$i":"replace-attachment-audio","$v":"ऑडियो बदला"},{"$i":"replace-attachment-video","$v":"व्हिडिओ बदला"},{"$i":"replace-attachment-other","$v":"अटॅचमेन्‍ट बदला"},{"$i":"unsent-message-title","$v":"न पाठविलेले संदेश"},{"$i":"unsent-message-description","$v":"आपला आधीचा संदेश पाठविण्यात आला नव्हता.आपण नाही पाठविण्यात आलेला संदेश  संपादित करायचे किंवा त्याला हटवून पुढे चालू ठेवायचे आहे"},{"$i":"unsent-message-option-edit","$v":"संपादित करा"},{"$i":"unsent-message-option-discard","$v":"हटवा"},{"$i":"message-options","$v":"संदेश पर्याय"},{"$i":"select-text","$v":"ड्राफ्ट निवडा"},{"$i":"mobile","$v":"मोबाईल"},{"$i":"home","$v":"होम"},{"$i":"work","$v":"वर्क"},{"$i":"personal","$v":"वैयक्तिक"},{"$i":"faxHome","$v":"Fax (हाेम)"},{"$i":"faxOffice","$v":"Fax ऑफिस"},{"$i":"faxOther","$v":"अन्य Fax"},{"$i":"another","$v":"अन्य"},{"$i":"other","$v":"अन्य"},{"$i":"today","$v":"आज"},{"$i":"yesterday","$v":"काल"},{"$i":"incorrectDate","$v":"(चुकीची तारीख)"},{"$i":"addToExistingContact","$v":"वर्तमान संपर्कामध्ये जोडा"},{"$i":"createNewContact","$v":"नवीन संपर्क तयार करा"},{"$i":"viewContact","$v":"संपर्क बघा"},{"$i":"sendEmail","$v":"ई - मेल पाठवा"},{"$i":"mms-message","$v":"MMS संदेश"},{"$i":"notDownloaded-title","$v":"संदेश अजून डाउनलोड झाला नाही आहे."},{"$i":"tobedownloaded-attachment","$v":["आपल्याला एक मल्टीमीडिया संदेश प्राप्त झाला आहे. ",{"t":"idOrVar","v":"date"}," च्या आधीचा कंटेंट पुन्‍हा प्राप्त करण्यासाठी डाउनलोड वर दाबा."]},{"$i":"expired-attachment","$v":["क्षमा करा, संदेश ",{"t":"idOrVar","v":"date"}," रोजी समय-सीमा संपली आहे आणि डाउनलोड करणे शक्य नाही."]},{"$i":"download-attachment","$v":"डाउनलोड करा"},{"$i":"downloading-attachment","$v":"डाउनलोड केले जात आहे..."},{"$i":"download-complete","$v":"डाउनलोड पूर्ण झाले"},{"$i":"unnamed-attachment","$v":"अन्टाइटल"},{"$i":"mms-label","$v":"MMS"},{"$i":"attached-files-too-large","$v":{"zero":["आपण निवडलेल्या फाईलने मल्टीमीडिया संदेश ",{"t":"idOrVar","v":"mmsSize"}," KB ची आकार मर्यादा ओलांडली आहे."],"one":["आपण निवडलेल्या फाईलने मल्टीमीडिया संदेश ",{"t":"idOrVar","v":"mmsSize"}," KB ची आकार मर्यादा ओलांडली आहे."],"two":["आपण निवडलेल्या फाईलने मल्टीमीडिया संदेश ",{"t":"idOrVar","v":"mmsSize"}," KB ची आकार मर्यादा ओलांडली आहे."],"few":["आपण निवडलेल्या फाईलने मल्टीमीडिया संदेश ",{"t":"idOrVar","v":"mmsSize"}," KB ची आकार मर्यादा ओलांडली आहे."],"many":["आपण निवडलेल्या फाईलने मल्टीमीडिया संदेश ",{"t":"idOrVar","v":"mmsSize"}," KB ची आकार मर्यादा ओलांडली आहे."],"other":["आपण निवडलेल्या फाईलने मल्टीमीडिया संदेश ",{"t":"idOrVar","v":"mmsSize"}," KB ची आकार मर्यादा ओलांडली आहे."]},"$x":[{"t":"idOrVar","v":"plural"},"n"]},{"$i":"resize-image","$v":"अटॅच केलेल्या प्रतिमेचा आकार बदलत आहे"},{"$i":"no-attachment-text","$v":"अटॅच फाइल मध्ये एक समस्या आहे आणि ती डाउनलोड करणे शक्य नाही."},{"$i":"message-draft-saved","$v":"संदेश ड्राफ्ट म्हणून जतन केले आहे"},{"$i":"sim-id-label","$v":["सिम ",{"t":"idOrVar","v":"id"}]},{"$i":"sim-detail","$v":["सिम ",{"t":"idOrVar","v":"id"},", ",{"t":"idOrVar","v":"detailString"}]},{"$i":"dsds-notification-title-with-sim","$v":["(",{"t":"idOrVar","v":"sim"},") ",{"t":"idOrVar","v":"sender"}]},{"$i":"send-button","ariaLabel":"पाठवा"},{"$i":"send-button-sim-indication","$v":[{"t":"idOrVar","v":"n"}],"ariaLabel":["सिम ",{"t":"idOrVar","v":"n"}," चा उपयोग करत असताना"]},{"$i":"expiry-date-format","$v":"%A, %b %e"},{"$i":"attach-button","ariaLabel":"अटॅचमेन्‍ट जोडा"},{"$i":"contact-photo","ariaLabel":"संपर्क फोटो"},{"$i":"unread-thread","ariaLabel":"वाचले नाही"},{"$i":"has-draft","ariaLabel":"ड्राफ्ट आहे"},{"$i":"is-draft","ariaLabel":"ड्राफ्ट"},{"$i":"message-delivery-status-sending","$v":"पाठवत आहे..."},{"$i":"message-delivery-status-delivered","ariaLabel":"डिलिवर केले आहे"},{"$i":"message-delivery-status-read","ariaLabel":"वाचा"},{"$i":"message-delivery-status-error","ariaLabel":"त्रुटी"},{"$i":"modal-dialog-ok-button","$v":"ठीक आहे"},{"$i":"modal-dialog-cancel-button","$v":"रद्द करा"},{"$i":"modal-dialog-default-title","$v":"संदेश"},{"$i":"tcl-delete-message","$v":"संदेश हटवला गेला"},{"$i":"tcl-sending-message-toast","$v":"संदेश पाठवित आहे..."},{"$i":"tcl-message-converted-to-toast","$v":["संदेश ",{"t":"idOrVar","v":"type"}," मध्ये रूपांतरित केले आहे"]},{"$i":"tcl-message-sent-toast","$v":"संदेश पाठवला गेला"},{"$i":"tcl-deleteMessage-confirmation2","$v":"निवडक संदेश थ्रेड हटवायचे आहे का?"},{"$i":"tcl-deleted-message","$v":{"zero":"0 संदेश हटवले","one":[{"t":"idOrVar","v":"n"}," संदेश हटवले गेले"],"two":[{"t":"idOrVar","v":"n"}," संदेश हटवले गेले"],"few":[{"t":"idOrVar","v":"n"}," संदेश हटवले गेले"],"many":[{"t":"idOrVar","v":"n"}," संदेश हटवले गेले"],"other":[{"t":"idOrVar","v":"n"}," संदेश हटवले गेले"]},"$x":[{"t":"idOrVar","v":"plural"},"n"]},{"$i":"tcl-deleted-threads","$v":{"zero":"0 थ्रेड हटवले","one":"थ्रेड हटवले गेले","two":[{"t":"idOrVar","v":"n"}," संदेश थ्रेड हटवले गेले"],"few":[{"t":"idOrVar","v":"n"}," संदेश थ्रेड हटवले गेले"],"many":[{"t":"idOrVar","v":"n"}," संदेश थ्रेड हटवले गेले"],"other":[{"t":"idOrVar","v":"n"}," संदेश थ्रेड हटवले गेले"]},"$x":[{"t":"idOrVar","v":"plural"},"n"]},{"$i":"tcl-simSettings","$v":"माहिती"},{"$i":"tcl-unknown-SMSC","$v":"माहिती उपलब्ध नाही"},{"$i":"tcl-sim1","$v":"सिम1 सर्विस सेंटर"},{"$i":"tcl-sim2","$v":"सिम2 सर्विस सेंटर"},{"$i":"tcl-auto-retrieve","$v":"स्वतः पुनर्प्राप्त करा"},{"$i":"tcl-wapPushMessages","$v":"WAP पुश संदेश"},{"$i":"tcl-wapPush","$v":"WAP पुश"},{"$i":"tcl-wap-push-on","$v":"ऑन"},{"$i":"tcl-wap-push-off","$v":"आॅफ"},{"$i":"tcl-auto-retrieve-messages","$v":"संदेशला स्वतः पुनर्प्राप्त करा"},{"$i":"tcl-manual-retrieve","$v":"आॅफ"},{"$i":"tcl-auto-roaming-retrieve","$v":"रोमिंग मध्ये असल्यावर ऑन"},{"$i":"tcl-auto-no-roaming-retrieve","$v":"रोमिंग शिवाय ऑन"},{"$i":"tcl-message-read-reports","$v":"रिपोर्ट  वाचा"},{"$i":"tcl-read-reports-on","$v":"ऑन"},{"$i":"tcl-read-reports-off","$v":"आॅफ"},{"$i":"tcl-mmsTitle","$v":"मल्टीमीडिया संदेश सेवा (MMS)"},{"$i":"tcl-message-delivery-reports","$v":"डिलिवरी रिपोर्ट"},{"$i":"tcl-delivery-reports-on","$v":"ऑन"},{"$i":"tcl-delivery-reports-off","$v":"आॅफ"},{"$i":"tcl-message-confirmation","$v":"संदेश पुष्टीकरण"},{"$i":"tcl-messageReport-title","$v":"संदेश तपशील"},{"$i":"tcl-mms-label","$v":"MMS"},{"$i":"tcl-sms-label","$v":"SMS"},{"$i":"tcl-messaging-settings","$v":"संदेश सेटिंग्स"},{"$i":"tcl-messagingSettings-header","$v":[{"t":"idOrVar","v":"tcl-messaging-settings"}]},{"$i":"tcl-confirmation-title","$v":"पुष्टीकरण"},{"$i":"tcl-draft-save-content","$v":"ड्राफ्ट म्हणून जतन करा?"},{"$i":"tcl-draft-discard-content","$v":"संदेश हटवण्यात आले आहे"},{"$i":"tcl-switch-on","$v":"ऑन"},{"$i":"tcl-switch-off","$v":"आॅफ"},{"$i":"tcl-delivery-report-desc","$v":"पाठवण्यात आलेल्या प्रत्येक संदेश साठी डिलिवरी रिपोर्ट साठी विंनती करा"},{"$i":"tcl-read-report-desc","$v":"पाठवण्यात आलेल्या प्रत्येक संदेश वाचण्यासाठी रिपोर्ट साठी विंनती करा"},{"$i":"tcl-auto-retrieve-desc","$v":"संदेश स्वयंचलितरित्या प्राप्त करा"},{"$i":"tcl-confirm-dialog-ok","$v":"ठीक आहे"},{"$i":"tcl-yes","$v":"होय"},{"$i":"tcl-no","$v":"नाही"},{"$i":"tcl-delete-current-thread?","$v":"निवडक संदेश थ्रेड हटवायचे आहे का?"},{"$i":"tcl-attention","$v":"लक्ष द्या"},{"$i":"tcl-options","$v":"पर्याय"},{"$i":"send-failed","$v":"पाठवणे अयशस्वी झाले."},{"$i":"subject-removed","$v":"विषय हटवला गेला."},{"$i":"media-storage-limit-alert-title","$v":"स्टोरेज भरले आहे"},{"$i":"media-storage-limit-alert-body","$v":"आपण काही फाईल हटवू शकता किंवा अधिक मोकळी जागा प्राप्त करण्यासाठी   अॅप्लिकेशन डेटा व्यवस्थापित करू शकता."},{"$i":"media-storage-limit-alert-cancel","$v":"रद्द करा"},{"$i":"media-storage-limit-alert-setting","$v":"सेटिंग्स वर जा"},{"$i":"email","$v":"ईमेल"},{"$i":"go","$v":"जा"},{"$i":"weekday-0-long","$v":"रविवार"},{"$i":"weekday-1-long","$v":"सोमवार"},{"$i":"weekday-2-long","$v":"मंगळवार"},{"$i":"weekday-3-long","$v":"बुधवार"},{"$i":"weekday-4-long","$v":"गुरुवार"},{"$i":"weekday-5-long","$v":"शुक्रवार"},{"$i":"weekday-6-long","$v":"शनिवार"},{"$i":"weekday-0-short","$v":"रवि"},{"$i":"weekday-1-short","$v":"सोम"},{"$i":"weekday-2-short","$v":"मंगळ"},{"$i":"weekday-3-short","$v":"बुध"},{"$i":"weekday-4-short","$v":"गुरु"},{"$i":"weekday-5-short","$v":"शुक्र"},{"$i":"weekday-6-short","$v":"शनि"},{"$i":"month-0-long","$v":"जानेवारी"},{"$i":"month-1-long","$v":"फेब्रुवारी"},{"$i":"month-2-long","$v":"मार्च"},{"$i":"month-3-long","$v":"एप्रिल"},{"$i":"month-4-long","$v":"मे"},{"$i":"month-5-long","$v":"जून"},{"$i":"month-6-long","$v":"जुलै"},{"$i":"month-7-long","$v":"ऑगस्ट"},{"$i":"month-8-long","$v":"सप्टेंबर"},{"$i":"month-9-long","$v":"ऑक्टोबर"},{"$i":"month-10-long","$v":"नोव्हेंबर"},{"$i":"month-11-long","$v":"डिसेंबर"},{"$i":"month-0-genitive","$v":"जानेवारी"},{"$i":"month-1-genitive","$v":"फेब्रुवारी"},{"$i":"month-2-genitive","$v":"मार्च"},{"$i":"month-3-genitive","$v":"एप्रिल"},{"$i":"month-4-genitive","$v":"मे"},{"$i":"month-5-genitive","$v":"जून"},{"$i":"month-6-genitive","$v":"जुलै"},{"$i":"month-7-genitive","$v":"ऑगस्ट"},{"$i":"month-8-genitive","$v":"सप्टेंबर"},{"$i":"month-9-genitive","$v":"ऑक्टोबर"},{"$i":"month-10-genitive","$v":"नोव्हेंबर"},{"$i":"month-11-genitive","$v":"डिसेंबर"},{"$i":"month-0-short","$v":"जानेवारी"},{"$i":"month-1-short","$v":"फेब्रुवारी"},{"$i":"month-2-short","$v":"मार्च"},{"$i":"month-3-short","$v":"एप्रिल"},{"$i":"month-4-short","$v":"मे"},{"$i":"month-5-short","$v":"जून"},{"$i":"month-6-short","$v":"जुलै"},{"$i":"month-7-short","$v":"ऑगस्‍ट"},{"$i":"month-8-short","$v":"सप्टेंबर"},{"$i":"month-9-short","$v":"ऑक्टोबर"},{"$i":"month-10-short","$v":"नोव्हेंबर"},{"$i":"month-11-short","$v":"डिसेंबर"},{"$i":"minutes-ago-long","$v":{"zero":"आत्ताच","one":"एक मिनिटापूर्वी","two":[{"t":"idOrVar","v":"value"}," मिनिटा पूर्वी"],"few":[{"t":"idOrVar","v":"value"}," मिनिटा पूर्वी"],"many":[{"t":"idOrVar","v":"value"}," मिनिटा पूर्वी"],"other":[{"t":"idOrVar","v":"value"}," मिनिटा पूर्वी"]},"$x":[{"t":"idOrVar","v":"plural"},"value"]},{"$i":"hours-ago-long","$v":{"zero":"आत्ताच","one":"एका तासापूर्वी","two":[{"t":"idOrVar","v":"value"}," तासा पूर्वी"],"few":[{"t":"idOrVar","v":"value"}," तासा पूर्वी"],"many":[{"t":"idOrVar","v":"value"}," तासा पूर्वी"],"other":[{"t":"idOrVar","v":"value"}," तासा पूर्वी"]},"$x":[{"t":"idOrVar","v":"plural"},"value"]},{"$i":"days-ago-long","$v":{"zero":"आज","one":"काल","two":[{"t":"idOrVar","v":"value"}," दिवसा पूर्वी"],"few":[{"t":"idOrVar","v":"value"}," दिवसा पूर्वी"],"many":[{"t":"idOrVar","v":"value"}," दिवसा पूर्वी"],"other":[{"t":"idOrVar","v":"value"}," दिवसा पूर्वी"]},"$x":[{"t":"idOrVar","v":"plural"},"value"]},{"$i":"weeks-ago-long","$v":{"zero":"हा आठवडा","one":"शेवटचा आठवडा","two":[{"t":"idOrVar","v":"value"}," आठवड्या पूर्वी"],"few":[{"t":"idOrVar","v":"value"}," आठवड्या पूर्वी"],"many":[{"t":"idOrVar","v":"value"}," आठवड्या पूर्वी"],"other":[{"t":"idOrVar","v":"value"}," आठवड्या पूर्वी"]},"$x":[{"t":"idOrVar","v":"plural"},"value"]},{"$i":"months-ago-long","$v":{"zero":"हा महिना","one":"शेवटचा महिना","two":[{"t":"idOrVar","v":"value"}," महिने पूर्वी"],"few":[{"t":"idOrVar","v":"value"}," महिने पूर्वी"],"many":[{"t":"idOrVar","v":"value"}," महिने पूर्वी"],"other":[{"t":"idOrVar","v":"value"}," महिने पूर्वी"]},"$x":[{"t":"idOrVar","v":"plural"},"value"]},{"$i":"years-ago-long","$v":{"zero":"हे वर्ष","one":"शेवटचे वर्ष","two":[{"t":"idOrVar","v":"value"}," वर्षां पूर्वी"],"few":[{"t":"idOrVar","v":"value"}," वर्षां पूर्वी"],"many":[{"t":"idOrVar","v":"value"}," वर्षां पूर्वी"],"other":[{"t":"idOrVar","v":"value"}," वर्षां पूर्वी"]},"$x":[{"t":"idOrVar","v":"plural"},"value"]},{"$i":"minutes-until-long","$v":{"zero":"आत्ता","one":"एका मिनिटा मध्ये","two":[{"t":"idOrVar","v":"value"}," मिनिटा मध्ये"],"few":[{"t":"idOrVar","v":"value"}," मिनिटा मध्ये"],"many":[{"t":"idOrVar","v":"value"}," मिनिटा मध्ये"],"other":[{"t":"idOrVar","v":"value"}," मिनिटा मध्ये"]},"$x":[{"t":"idOrVar","v":"plural"},"value"]},{"$i":"hours-until-long","$v":{"zero":"आत्ता","one":"एका तासा मध्ये","two":[{"t":"idOrVar","v":"value"}," तासा मध्ये"],"few":[{"t":"idOrVar","v":"value"}," तासा मध्ये"],"many":[{"t":"idOrVar","v":"value"}," तासा मध्ये"],"other":[{"t":"idOrVar","v":"value"}," तासा मध्ये"]},"$x":[{"t":"idOrVar","v":"plural"},"value"]},{"$i":"days-until-long","$v":{"zero":"आज","one":"उद्या","two":[{"t":"idOrVar","v":"value"}," दिवसां मध्ये"],"few":[{"t":"idOrVar","v":"value"}," दिवसां मध्ये"],"many":[{"t":"idOrVar","v":"value"}," दिवसां मध्ये"],"other":[{"t":"idOrVar","v":"value"}," दिवसां मध्ये"]},"$x":[{"t":"idOrVar","v":"plural"},"value"]},{"$i":"weeks-until-long","$v":{"zero":"हा आठवडा","one":"पुढील आठवडा","two":[{"t":"idOrVar","v":"value"}," आठवड्यां मध्ये"],"few":[{"t":"idOrVar","v":"value"}," आठवड्यां मध्ये"],"many":[{"t":"idOrVar","v":"value"}," आठवड्यां मध्ये"],"other":[{"t":"idOrVar","v":"value"}," आठवड्यां मध्ये"]},"$x":[{"t":"idOrVar","v":"plural"},"value"]},{"$i":"months-until-long","$v":{"zero":"हा महिना","one":"पुढील महिना","two":[{"t":"idOrVar","v":"value"}," महिन्यां मध्ये"],"few":[{"t":"idOrVar","v":"value"}," महिन्यां मध्ये"],"many":[{"t":"idOrVar","v":"value"}," महिन्यां मध्ये"],"other":[{"t":"idOrVar","v":"value"}," महिन्यां मध्ये"]},"$x":[{"t":"idOrVar","v":"plural"},"value"]},{"$i":"years-until-long","$v":{"zero":"हे वर्ष","one":"पुढील वर्ष","two":[{"t":"idOrVar","v":"value"}," वर्षां मध्ये"],"few":[{"t":"idOrVar","v":"value"}," वर्षां मध्ये"],"many":[{"t":"idOrVar","v":"value"}," वर्षां मध्ये"],"other":[{"t":"idOrVar","v":"value"}," वर्षां मध्ये"]},"$x":[{"t":"idOrVar","v":"plural"},"value"]},{"$i":"minutes-ago-short","$v":{"zero":"आत्ताच","other":[{"t":"idOrVar","v":"value"}," महिन्या पूर्वी"]},"$x":[{"t":"idOrVar","v":"plural"},"value"]},{"$i":"hours-ago-short","$v":{"zero":"आत्ताच","other":[{"t":"idOrVar","v":"value"}," तासा पूर्वी"]},"$x":[{"t":"idOrVar","v":"plural"},"value"]},{"$i":"days-ago-short","$v":{"zero":"आज","other":[{"t":"idOrVar","v":"value"}," दिवसा पूर्वी"]},"$x":[{"t":"idOrVar","v":"plural"},"value"]},{"$i":"minutes-until-short","$v":{"zero":"आत्ता","other":[{"t":"idOrVar","v":"value"},"मिनिटा मध्ये"]},"$x":[{"t":"idOrVar","v":"plural"},"value"]},{"$i":"hours-until-short","$v":{"zero":"आत्ता","other":[{"t":"idOrVar","v":"value"},"तासा मध्ये"]},"$x":[{"t":"idOrVar","v":"plural"},"value"]},{"$i":"days-until-short","$v":{"zero":"आज","other":[{"t":"idOrVar","v":"value"},"दिवसां मध्ये"]},"$x":[{"t":"idOrVar","v":"plural"},"value"]},{"$i":"dateTimeFormat_%c","$v":"%a %b %e %Y %I:%M:%S %p"},{"$i":"dateTimeFormat_%x","$v":"%m/%d/%Y"},{"$i":"dateTimeFormat_%X","$v":"%I:%M:%S %p"},{"$i":"shortTimeFormat","$v":"%I:%M %p"},{"$i":"shortTimeFormat12","$v":"%I:%M %p"},{"$i":"shortTimeFormat24","$v":"%H:%M"},{"$i":"shortDateTimeFormat","$v":"%x %I:%M %p"},{"$i":"weekStartsOnMonday","$v":"0"},{"$i":"firstDayOfTheWeek","$v":"0"},{"$i":"time_am","$v":"AM"},{"$i":"time_pm","$v":"PM"},{"$i":"softkey-options","$v":"पर्याय"},{"$i":"emergencyNumber","$v":"आपातकालीन नंबर"},{"$i":"callAirplaneModeMessage","$v":"कॉल करण्यासाठी आपण सेटिंग मध्ये एयरप्लेन मोड अक्षम करणे आवश्यक आहे."},{"$i":"callAirplaneModeBtnOk","$v":"ठीक आहे"},{"$i":"callAirplaneModeTitle","$v":"एयरप्लेन मोड सक्रिय केले आहे"},{"$i":"numberIsBusyTitle","$v":"नंबर व्यस्त आहे"},{"$i":"numberIsBusyMessage","$v":"सध्या नंबर व्यस्त आहे. कृपया नंतर पुन्हा प्रयत्न करा."},{"$i":"fdnIsActiveTitle","$v":"FDN सक्रिय"},{"$i":"fdnIsActiveMessage","$v":["FDN (फिक्स्ड डायलिंग नंबर) सक्रिय आहे आणि खालील नंबर आपल्या FDN लिस्ट मध्ये नाही आहे: ",{"t":"idOrVar","v":"number"}]},{"$i":"emergencyDialogBodyBadNumber","$v":"कॉल करण्यासाठी, फोन नेटवर्कशी जोडणे आवश्यक आहे."},{"$i":"emergencyDialogBodyDeviceNotAccepted","$v":"नेटवर्कद्वारे आपातकालीन कॉलला अनुमति नाही."},{"$i":"emergencyDialogBtnOk","$v":"ठीक आहे"},{"$i":"emergencyDialogTitle","$v":"कोणतेही नेटवर्क कनेक्शन नाही"},{"$i":"invalidNumberToDialTitle","$v":"अवैध फोन नंबर"},{"$i":"invalidNumberToDialMessage","$v":"आपण कॉल करत असलेला फोन नंबर वैध नाही."},{"$i":"unableToCallTitle","$v":"आता फोन कॉल करण्यास असमर्थ"},{"$i":"unableToCallMessage","$v":"कॉल करू शकत नाही. आपण आधीपासूनच डायल करत असाल तर,कृपया प्रथम त्याला आधी थांबवा."},{"$i":"otherConnectionInUseTitle","$v":"अन्य कनेक्शन उपयोगात आहेत"},{"$i":"otherConnectionInUseMessage","$v":"इतर कनेक्शनवर आपल्यासाठी एक सक्रीय कॉल आहे. आपण एका वेळी एकच कनेक्शन वापरू शकता."},{"$i":"connectingEllipsis","$v":"कनेक्ट होत आहे..."}]