[{"$i":"messages","$v":"सन्देश"},{"$i":"deleteMessages-title","$v":"चयन गर्नुहोस्"},{"$i":"selectThreads-title","$v":"चयन गर्नुहोस्"},{"$i":"edit","$v":"सम्पादन गर्नुहोस्"},{"$i":"back","$v":"पछाडि"},{"$i":"cancel","$v":"रद्द गर्नुहोस्"},{"$i":"undo","$v":"अनडू गर्नुहोस्"},{"$i":"done","$v":"भयो"},{"$i":"delete","$v":"मेट्नुहोस्"},{"$i":"deleting-messages","$v":"मेटाउँदै..."},{"$i":"select-all","$v":"सबै चयन गर्नुहोस्"},{"$i":"deselect-all","$v":"सबै चयनलाई रद्द गर्नुहोस्"},{"$i":"selected-threads","$v":{"zero":"0 चयन गर्नुहोस्","one":[{"t":"idOrVar","v":"n"}," चयन गरियो"],"two":[{"t":"idOrVar","v":"n"}," चयन गरियो"],"few":[{"t":"idOrVar","v":"n"}," चयन गरियो"],"many":[{"t":"idOrVar","v":"n"}," चयन गरियो"],"other":[{"t":"idOrVar","v":"n"}," चयन गरियो"]},"$x":[{"t":"idOrVar","v":"plural"},"n"]},{"$i":"selected-messages","$v":{"zero":"0 चयन गर्नुहोस्","one":[{"t":"idOrVar","v":"n"}," चयन गरियो"],"two":[{"t":"idOrVar","v":"n"}," चयन गरियो"],"few":[{"t":"idOrVar","v":"n"}," चयन गरियो"],"many":[{"t":"idOrVar","v":"n"}," चयन गरियो"],"other":[{"t":"idOrVar","v":"n"}," चयन गरियो"]},"$x":[{"t":"idOrVar","v":"plural"},"n"]},{"$i":"selectThreads-label","$v":"थ्रेडहरू चयन गर्नुहोस्"},{"$i":"selectMessages-label","$v":"सन्देशहरू चयन गर्नुहोस्"},{"$i":"new-message","$v":"नयाँ सन्देश"},{"$i":"delete-thread","$v":"थ्रेडहरू मेटाउनुहोस्"},{"$i":"create-new-contact","$v":"नयाँ सम्पर्क सिर्जना गर्नुहोस्"},{"$i":"add-to-contact","$v":"एक विद्यमान सम्पर्कमा थप्नुहोस्"},{"$i":"select-thread","$v":"थ्रेड चयन गर्नुहोस्"},{"$i":"settings","$v":"सेटिङ्हरू"},{"$i":"select","$v":"चयन गर्नुहोस्"},{"$i":"sk-save-as-draft","$v":"मस्यौदाको रूपमा बचत गर्ने?"},{"$i":"send","$v":"पठाउनुहोस्"},{"$i":"add-contact","$v":"सम्पर्क थप्नुहोस्"},{"$i":"add-suggestion","$v":"थप्नुहोस्"},{"$i":"add-subject","$v":"विषय थप्नुहोस्"},{"$i":"remove-subject","$v":"विषय हटाउनुहोस्"},{"$i":"add-attachment","$v":"संलग्न थप्नुहोस्"},{"$i":"remove-attachment","$v":"संयोजन हटाउनुहोस्"},{"$i":"replace-attachment","$v":"संलग्न बदल्नुहोस्"},{"$i":"select-messages","$v":"सन्देशहरू चयन गर्नुहोस्"},{"$i":"call","$v":"कल गर्नुहोस्"},{"$i":"forward","$v":"फर्वार्ड गर्नुहोस्"},{"$i":"view-message-report","$v":"सन्देश विवरणहरू हेर्नुहोस्"},{"$i":"resend-message","$v":"यस सन्देश पुन: पठाउनुहोस्"},{"$i":"cancel-view-report","$v":"रद्द गर्नुहोस्"},{"$i":"ok","$v":"ठीक छ"},{"$i":"enter","$v":"प्रविष्टि गर्नुहोस्"},{"$i":"open","$v":"खोल्नुहोस्"},{"$i":"to","$v":"सम्म"},{"$i":"new","$v":"नयाँ"},{"$i":"message","$v":"सन्देश"},{"$i":"messagesInput_placeholder","$v":"सन्देश"},{"$i":"messagesSubjectInput_placeholder","$v":"विषय"},{"$i":"converted-to-mms","$v":"मल्टिमिडिया सन्देशमा रूपान्तर गर्दै।"},{"$i":"converted-to-sms","$v":"पाठ सन्देशमा रूपान्तर गर्दै"},{"$i":"messages-max-length-text","$v":"तपाईं अधिकतम लम्बाई सीमामा पुग्नुभएको छ।"},{"$i":"messages-max-subject-length-text","$v":"विषयको अधिकतम लम्बाइ पुग्यो।"},{"$i":"multimedia-message-exceeded-max-length","$v":["तपाईंले एकल मल्टिमिडिया सन्देशको ",{"t":"idOrVar","v":"mmsSize"}," KB साइज सीमा नाघ्नुभएको छ। सन्देश पुन: पठाउनको लागि संलग्नहरूलाई हटाउनुहोस् वा त्यसलाई छोटो बनाउनुहोस्।"]},{"$i":"newMessage","$v":"नयाँ सन्देश"},{"$i":"sendMessage","$v":"सन्देश टाइप गर्नुहोस्"},{"$i":"sendMMSToEmail","$v":"मल्टिमिडिया सन्देश पठाउनुहोस्"},{"$i":"no-recipient","$v":"(कुनै प्राप्तकर्ता नभएको)"},{"$i":"recipient","$v":{"one":[{"t":"idOrVar","v":"n"}," प्राप्तकर्ता"],"two":[{"t":"idOrVar","v":"n"}," प्राप्तकर्ताहरू"],"few":[{"t":"idOrVar","v":"n"}," प्राप्तकर्ताहरू"],"many":[{"t":"idOrVar","v":"n"}," प्राप्तकर्ताहरू"],"other":[{"t":"idOrVar","v":"n"}," प्राप्तकर्ताहरू"]},"$x":[{"t":"idOrVar","v":"plural"},"n"]},{"$i":"attachmentSizeB","$v":[{"t":"idOrVar","v":"n"}," B"]},{"$i":"attachmentSizeKB","$v":[{"t":"idOrVar","v":"n"}," KB"]},{"$i":"attachmentSizeMB","$v":[{"t":"idOrVar","v":"n"}," MB"]},{"$i":"attachmentOpenError","$v":"यो फाइलको प्रकार खोल्नको लागि त्यहाँ एप्लिकेसन उपलब्ध छैन्"},{"$i":"remove","$v":"हटाउनुहोस्"},{"$i":"participant","$v":{"one":[{"t":"idOrVar","v":"n"}," चयन गरियो"],"two":[{"t":"idOrVar","v":"n"}," सहभागीहरू"],"few":[{"t":"idOrVar","v":"n"}," सहभागीहरू"],"many":[{"t":"idOrVar","v":"n"}," सहभागीहरू"],"other":[{"t":"idOrVar","v":"n"}," सहभागीहरू"]},"$x":[{"t":"idOrVar","v":"plural"},"n"]},{"$i":"message-report","$v":"सन्देश रिपोर्ट"},{"$i":"message-type-sms","$v":"पाठ सन्देश (SMS)"},{"$i":"message-type-mms","$v":"मल्टिमिडिया सन्देश (MMS)"},{"$i":"sms-report-description","$v":["तपाईंको पाठ सन्देश (SMS) लाई ",{"t":"idOrVar","v":"datetime"}," मा पठाइयो"]},{"$i":"mms-report-description","$v":["तपाईंको मल्टिमिडिया सन्देश (MMS), विषय ",{"t":"idOrVar","v":"subject"}," लाई ",{"t":"idOrVar","v":"datetime"}," मा पठाइयो"]},{"$i":"mms-no-subject-report-description","$v":["तपाईंको मल्टिमिडिया सन्देश (MMS) लाई ",{"t":"idOrVar","v":"datetime"}," मा पठाइयो"]},{"$i":"message-subject","$v":"विषय:"},{"$i":"report-status-error","$v":"सन्देश पठाउन सकिएन"},{"$i":"report-status-not-downloaded","$v":"डाउनलोड नगरिएको"},{"$i":"report-status-delivered","$v":"हस्तान्तर गरियो:"},{"$i":"report-status-read","$v":"पढ्नुहोस्:"},{"$i":"report-status-pending","$v":"रिपोर्ट अनुरोध गरियो"},{"$i":"report-status-rejected","$v":"सन्देश अस्वीकार गरियो"},{"$i":"message-size-was","$v":"सन्देशको आकार:"},{"$i":"report-dateTimeFormat12","$v":["%e %B %Y, ",{"t":"idOrVar","v":"shortTimeFormat12"}]},{"$i":"report-dateTimeFormat24","$v":["%e %B %Y, ",{"t":"idOrVar","v":"shortTimeFormat24"}]},{"$i":"report-to-title","$v":"सम्म"},{"$i":"report-from-title","$v":"प्रेषक"},{"$i":"message-sent","$v":"पठाइयो:"},{"$i":"message-sending","$v":[{"t":"idOrVar","v":"message-delivery-status-sending"}]},{"$i":"message-received","$v":"प्राप्त:"},{"$i":"message-via","$v":"मार्फत:"},{"$i":"message-resend","$v":"पुन: पठाउनुहोस्"},{"$i":"search","$v":"खोज्नुहोस्"},{"$i":"unknown-contact-title","$v":"अज्ञात सम्पर्क"},{"$i":"phone-type-separator","$v":", "},{"$i":"phone-carrier-separator","$v":" "},{"$i":"thread-participant-separator","$v":", "},{"$i":"replace-draft","$v":"प्रचलित ड्राफ्टलाई बदल्नुहोस्"},{"$i":"save-as-draft","$v":"सुरक्षित गर्नुहोस्"},{"$i":"discard-message","$v":"त्याग्नुहोस्"},{"$i":"discard-sms","$v":"तपाईंले निश्चित रूपमा यो सन्देश छोड्न चाहनुहुन्छ?"},{"$i":"discard-new-message","$v":"तपाईंले कम्पोज गरेको सन्देश छोडेर र नयाँ सन्देश खोल्ने?"},{"$i":"resend-confirmation","$v":"यो सन्देशलाई पठाउन सकिएन। फेरि प्रयास गर्नुहोस्?"},{"$i":"deleteMessage-confirmation","$v":"चयन गरिएका सन्देशहरू मेटाउने?"},{"$i":"deleteMessages-confirmation","$v":"चयन गरिएका सन्देशहरू मेटाउने?"},{"$i":"deleteThreads-confirmation2","$v":{"one":"चयन गरिएको सन्देश थ्रेड मेटाउने?","other":"चयन गरिएको सन्देश थ्रेडहरू मेटाउने?"},"$x":[{"t":"idOrVar","v":"plural"},"n"]},{"$i":"new-message-notice-text","$v":"बाट नयाँ सन्देश"},{"$i":"new-message-notice-a-text","$v":"पढ्नुहोस्"},{"$i":"noMessages-title","$v":"कुनै सन्देशहरू छैनन्"},{"$i":"noMessages-text","$v":"सञ्चारण सुरु गर्न नयाँ सन्देशमा थिच्नुहोस्।"},{"$i":"sendDefaultErrorTitle","$v":"सन्देश पठाइएन"},{"$i":"sendDefaultErrorBody","$v":"त्यहाँ सन्देश पठाउनमा समस्या थियो। कृपया फेरि प्रयास गर्नुहोस्।"},{"$i":"sendDefaultErrorBtnOk","$v":"ठीक छ"},{"$i":"sendMissingSimCardTitle","$v":"SIM कार्ड छुटेको"},{"$i":"sendMissingSimCardBody","$v":"जारी राख्नको लागि मान्य SIM कार्ड घुसाउनुहोस्।"},{"$i":"sendMissingSimCardBtnOk","$v":"ठीक छ"},{"$i":"sendFlightModeTitle","$v":"विमान मोड सक्रिय भयो"},{"$i":"sendFlightModeBody","$v":"सन्देशहरू पठाउन एयरप्लेन मोड बन्द गर्नुहोस्"},{"$i":"sendFlightModeBtnOk","$v":"ठीक छ"},{"$i":"radioDisabledToDownloadTitle","$v":[{"t":"idOrVar","v":"sendFlightModeTitle"}]},{"$i":"radioDisabledToDownloadBody","$v":"संलग्नहरू डाउनलोड गर्न एयरप्लेन मोड बन्द गर्नुहोस्"},{"$i":"radioDisabledToDownloadBtnOk","$v":[{"t":"idOrVar","v":"sendFlightModeBtnOk"}]},{"$i":"fdnErrorTitle","$v":"FDN सक्रिय"},{"$i":"needConnectWifiBody","$v":"कुनै सेलुलर नेटवर्क उपलब्ध छैन। मेसेजिङको लागि उपलब्ध WiFi मा जडान गर्नुहोस्।"},{"$i":"needConnectWifiTitle","$v":"सन्देश पठाइएन"},{"$i":"sms-counter-notice-label","$v":["SMS ",{"t":"idOrVar","v":"number"}," लाई सम्पादन गर्दै"]},{"$i":"fdnErrorBody","innerHTML":{"$x":[{"t":"idOrVar","v":"plural"},"n"],"$v":{"one":"FDN (फिक्स्ड डायलिङ नम्बर) सक्रिय भयो। तपाईंको FDN सुचीमा SMS सेन्टर र निम्नानुसार प्राप्तकर्ताहरू छन् भनी निश्चित गर्नुहोस्:","two":"FDN (फिक्स्ड डायलिङ नम्बर) सक्रिय भयो। तपाईंको FDN सुचीमा SMS सेन्टर र निम्नानुसार प्राप्तकर्ताहरू छन् भनी निश्चित गर्नुहोस्:","few":"FDN (फिक्स्ड डायलिङ नम्बर) सक्रिय भयो। तपाईंको FDN सुचीमा SMS सेन्टर र निम्नानुसार प्राप्तकर्ताहरू छन् भनी निश्चित गर्नुहोस्:","many":"FDN (फिक्स्ड डायलिङ नम्बर) सक्रिय भयो। तपाईंको FDN सुचीमा SMS सेन्टर र निम्नानुसार प्राप्तकर्ताहरू छन् भनी निश्चित गर्नुहोस्:","other":"FDN (फिक्स्ड डायलिङ नम्बर) सक्रिय भयो। तपाईंको FDN सुचीमा SMS सेन्टर र निम्नानुसार प्राप्तकर्ताहरू छन् भनी निश्चित गर्नुहोस्:"}}},{"$i":"fdnErrorBtnOk","$v":"ठीक छ"},{"$i":"switchSimToRetrieveTitle","$v":"डेटा जडान स्विच गर्नुहोस्"},{"$i":"switchSimToRetrieveBody","$v":["MMS फिर्ता पाउनलाई ",{"t":"idOrVar","v":"nonActiveSimId"}," SIM मा डेटा जडानलाई स्विच गर्नुहोस्। हालको डेटा SIM ",{"t":"idOrVar","v":"activeSimId"}," मा गरिएको स्थानान्तर निलम्बित हुनेछ। जे भएपनि जारी राख्ने?"]},{"$i":"switchSimToRetrieveBtnOk","$v":"पछि"},{"$i":"switchSimToRetrieveConfirm","$v":"ठीक छ"},{"$i":"switchSimToSendTitle","$v":[{"t":"idOrVar","v":"switchSimToRetrieveTitle"}]},{"$i":"switchSimToSendBody","$v":["MMS लाई पठाउन ",{"t":"idOrVar","v":"nonActiveSimId"}," SIM मा डेटा जडानलाई स्विच गर्नुहोस्। हालको डेटा SIM ",{"t":"idOrVar","v":"activeSimId"}," मा गरिएको स्थानान्तर निलम्बित हुनेछ। जे भएपनि जारी राख्ने?"]},{"$i":"switchSimToSendBtnOk","$v":[{"t":"idOrVar","v":"switchSimToRetrieveBtnOk"}]},{"$i":"switchSimToSendConfirm","$v":[{"t":"idOrVar","v":"switchSimToRetrieveConfirm"}]},{"$i":"sendNoSignalErrorTitle","$v":"नेटवर्क कभरेज छैन"},{"$i":"sendNoSignalErrorBody","$v":"तपाईंसँग मोबाइल सिग्नल भएको निश्चित गर्नुहोस् र पुन: प्रयास गर्नुहोस्।"},{"$i":"sendNoSignalErrorBtnOk","$v":"ठीक छ"},{"$i":"sendNotFoundErrorTitle","$v":"सन्देश फेला परेको छैन"},{"$i":"sendNotFoundErrorBody","$v":"तपाईंले हेर्न खोजिरहनु भएको सन्देश धेरै समय सम्म उपलब्ध हुने छैन्"},{"$i":"sendNotFoundErrorBtnOk","$v":"ठीक छ"},{"$i":"sendInvalidAddressErrorTitle","$v":"अमान्य सङ्ख्या"},{"$i":"sendInvalidAddressErrorBody","$v":"तपाईंले पठाउँदै गरेको मोबाइल नम्बर मान्य भएको निश्चित गर्नुहोस्।"},{"$i":"sendInvalidAddressErrorBtnOk","$v":"ठीक छ"},{"$i":"simNotMatchedErrorTitle","$v":"डाउनलोड गर्न सकेन"},{"$i":"simNotMatchedErrorBody","$v":"कृपया यस सन्देश प्राप्त गर्न प्रयोग गरिएको SIM कार्ड घुसाइएको छ भनी निश्चत गर्नुहोस।"},{"$i":"simNotMatchedErrorBtnOk","$v":"ठीक छ"},{"$i":"deleted-sms","$v":"यो सन्देश पहिले नै मेटाइएको छ"},{"$i":"view-attachment-image","$v":"हेर्नुहोस्"},{"$i":"view-attachment-audio","$v":"सुन्नुहोस्"},{"$i":"view-attachment-video","$v":"हेर्नुहोस्"},{"$i":"view-attachment-other","$v":"हेर्नुहोस्"},{"$i":"remove-attachment-image","$v":"छवि हटाउनुहोस्"},{"$i":"remove-attachment-audio","$v":"अडियो हटाउनुहोस्"},{"$i":"remove-attachment-video","$v":"भिडियो हटाउनुहोस्"},{"$i":"remove-attachment-other","$v":"संयोजन हटाउनुहोस्"},{"$i":"replace-attachment-image","$v":"छवि बदल्नुहोस्"},{"$i":"replace-attachment-audio","$v":"अडियो बदल्नुहोस्"},{"$i":"replace-attachment-video","$v":"भिडियो बदल्नुहोस्"},{"$i":"replace-attachment-other","$v":"संलग्न बदल्नुहोस्"},{"$i":"unsent-message-title","$v":"नपठाइएको सन्देश"},{"$i":"unsent-message-description","$v":"तपाईंको अघिल्लो सन्देशलाई पठाइएन। तपाईंले नपठाइएको सन्देशलाई सम्पादन गर्न वा खारेज गर्न तथा जारी राख्न चाहनुहुन्छ?"},{"$i":"unsent-message-option-edit","$v":"सम्पादन गर्नुहोस्"},{"$i":"unsent-message-option-discard","$v":"त्याग्नुहोस्"},{"$i":"message-options","$v":"सन्देश विकल्पहरू"},{"$i":"select-text","$v":"पाठ चयन गर्नुहोस्"},{"$i":"mobile","$v":"मोबाइल"},{"$i":"home","$v":"गृह"},{"$i":"work","$v":"काम"},{"$i":"personal","$v":"व्यक्तिगत"},{"$i":"faxHome","$v":"फ्याक्स गृह"},{"$i":"faxOffice","$v":"फ्याक्स अफिस"},{"$i":"faxOther","$v":"अन्य फ्याक्स गर्नुहोस्"},{"$i":"another","$v":"अर्को"},{"$i":"other","$v":"अन्य"},{"$i":"today","$v":"आज"},{"$i":"yesterday","$v":"हिजो"},{"$i":"incorrectDate","$v":"(गलत मिति)"},{"$i":"addToExistingContact","$v":"एक विद्यमान सम्पर्कमा थप्नुहोस्"},{"$i":"createNewContact","$v":"नयाँ सम्पर्क सिर्जना गर्नुहोस्"},{"$i":"viewContact","$v":"सम्पर्क हेर्नुहोस्"},{"$i":"sendEmail","$v":"इमेल पठाउनुहोस्"},{"$i":"mms-message","$v":"MMS सन्देश"},{"$i":"notDownloaded-title","$v":"सन्देश अझै डाउनलोड गरिएको छैन।"},{"$i":"tobedownloaded-attachment","$v":"तपाईंले मल्टिमिडिया सन्देश प्राप्त गर्नुभयो, अन्तिम मितिभन्दा अगाडि यसका सामाग्रीहरू पुन: प्राप्त गर्न डाउनलोड गर्नुहोस् दबाउनुहोस्।"},{"$i":"expired-attachment","$v":["माफ गर्नुहोस्, ",{"t":"idOrVar","v":"date"}," मा सन्देश समाप्त भयो र डाउनलोड गर्न सकिँदैन।"]},{"$i":"download-attachment","$v":"डाउनलोड गर्नुहोस्"},{"$i":"downloading-attachment","$v":"डाउनलोड गर्दै..."},{"$i":"download-complete","$v":"डाउनलोड सम्पन्न"},{"$i":"unnamed-attachment","$v":"शीर्षकविहिन"},{"$i":"mms-label","$v":"MMS"},{"$i":"attached-files-too-large","$v":{"zero":["तपाईंले चयन गरेका फाइलहरूले एकल मल्टिमिडिया सन्देशको ",{"t":"idOrVar","v":"mmsSize"}," KB साइज सीमा नाघेको छ"],"one":["तपाईंले चयन गरेको फाइलले एकल मल्टिमिडिया सन्देशको ",{"t":"idOrVar","v":"mmsSize"}," KB साइज सीमा नाघेको छ"],"two":["तपाईंले चयन गरेका फाइलहरूले एकल मल्टिमिडिया सन्देशको ",{"t":"idOrVar","v":"mmsSize"}," KB साइज सीमा नाघेको छ"],"few":["तपाईंले चयन गरेका फाइलहरूले एकल मल्टिमिडिया सन्देशको ",{"t":"idOrVar","v":"mmsSize"}," KB साइज सीमा नाघेको छ"],"many":["तपाईंले चयन गरेका फाइलहरूले एकल मल्टिमिडिया सन्देशको ",{"t":"idOrVar","v":"mmsSize"}," KB साइज सीमा नाघेको छ"],"other":["तपाईंले चयन गरेका फाइलहरूले एकल मल्टिमिडिया सन्देशको ",{"t":"idOrVar","v":"mmsSize"}," KB साइज सीमा नाघेको छ"]},"$x":[{"t":"idOrVar","v":"plural"},"n"]},{"$i":"resize-image","$v":"संलग्न भएको छवि पुन: साइज मिलाउनुहोस्"},{"$i":"no-attachment-text","$v":"जोडिएको फाइलमा समस्या छ र यो डाउनलोड गर्न सकिनन्"},{"$i":"message-draft-saved","$v":"सन्देश ड्राफ्टको रूपमा बचत भयो"},{"$i":"sim-id-label","$v":["SIM ",{"t":"idOrVar","v":"id"}]},{"$i":"sim-detail","$v":["SIM ",{"t":"idOrVar","v":"id"},", ",{"t":"idOrVar","v":"detailString"}]},{"$i":"dsds-notification-title-with-sim","$v":["(",{"t":"idOrVar","v":"sim"},") ",{"t":"idOrVar","v":"sender"}]},{"$i":"send-button","ariaLabel":"पठाउनुहोस्"},{"$i":"send-button-sim-indication","$v":[{"t":"idOrVar","v":"n"}],"ariaLabel":["SIM ",{"t":"idOrVar","v":"n"}," प्रयोग गरेर"]},{"$i":"expiry-date-format","$v":"%A, %b %e"},{"$i":"attach-button","ariaLabel":"संलग्न थप्नुहोस्"},{"$i":"contact-photo","ariaLabel":"सम्पर्क तस्बिर"},{"$i":"unread-thread","ariaLabel":"पढ्न बाँकी"},{"$i":"has-draft","ariaLabel":"ड्राफ्ट छ"},{"$i":"is-draft","ariaLabel":"मस्यौदा"},{"$i":"message-delivery-status-sending","$v":"पठाउँदै..."},{"$i":"message-delivery-status-delivered","ariaLabel":"पुर्याइयो"},{"$i":"message-delivery-status-read","ariaLabel":"पढ्नुहोस्"},{"$i":"message-delivery-status-error","ariaLabel":"त्रुटि"},{"$i":"modal-dialog-ok-button","$v":"ठीक छ"},{"$i":"modal-dialog-cancel-button","$v":"रद्द गर्नुहोस्"},{"$i":"modal-dialog-default-title","$v":"सन्देशहरू"},{"$i":"tcl-delete-message","$v":"सन्देश मेटियो"},{"$i":"tcl-sending-message-toast","$v":"सन्देश पठाउँदै..."},{"$i":"tcl-message-converted-to-toast","$v":[{"t":"idOrVar","v":"type"},"मा परिवर्तित सन्देश"]},{"$i":"tcl-message-sent-toast","$v":"सन्देश पठाइयो"},{"$i":"tcl-deleteMessage-confirmation2","$v":"चयन गरिएको सन्देश थ्रेड मेटाउने?"},{"$i":"tcl-deleted-message","$v":{"zero":"0 सन्देश मेटियो","one":[{"t":"idOrVar","v":"n"}," सन्देश मेटाइयो"],"two":[{"t":"idOrVar","v":"n"}," सन्देश मेटाइयो"],"few":[{"t":"idOrVar","v":"n"}," सन्देश मेटाइयो"],"many":[{"t":"idOrVar","v":"n"}," सन्देश मेटाइयो"],"other":[{"t":"idOrVar","v":"n"}," सन्देश मेटाइयो"]},"$x":[{"t":"idOrVar","v":"plural"},"n"]},{"$i":"tcl-deleted-threads","$v":{"zero":"0 थ्रेड मेटाइएको छ","one":"थ्रेड मेटाइएको छ","two":[{"t":"idOrVar","v":"n"}," सन्देश मेटाइयो"],"few":[{"t":"idOrVar","v":"n"}," सन्देश मेटाइयो"],"many":[{"t":"idOrVar","v":"n"}," सन्देश मेटाइयो"],"other":[{"t":"idOrVar","v":"n"}," सन्देश मेटाइयो"]},"$x":[{"t":"idOrVar","v":"plural"},"n"]},{"$i":"tcl-simSettings","$v":"जानकारी"},{"$i":"tcl-unknown-SMSC","$v":"जानकारी उपलब्ध छैन"},{"$i":"tcl-sim1","$v":"सेवा केन्द्र SIM1"},{"$i":"tcl-sim2","$v":"सेवा केन्द्र SIM2"},{"$i":"tcl-auto-retrieve","$v":"स्वत: पुन: प्राप्त गर्नुहोस्"},{"$i":"tcl-wapPushMessages","$v":"WAP पुश सन्देशहरू"},{"$i":"tcl-wapPush","$v":"WAP पुश"},{"$i":"tcl-wap-push-on","$v":"खुला"},{"$i":"tcl-wap-push-off","$v":"निष्क्रिय"},{"$i":"tcl-auto-retrieve-messages","$v":"स्वतः सन्देशहरू पुन: प्राप्त गर्नुहोस्"},{"$i":"tcl-manual-retrieve","$v":"निष्क्रिय"},{"$i":"tcl-auto-roaming-retrieve","$v":"रोमिङ सहित खुला छ"},{"$i":"tcl-auto-no-roaming-retrieve","$v":"रोमिङ बिना खुला छ"},{"$i":"tcl-message-read-reports","$v":"रिपोर्टहरु पढ्नुहोस्"},{"$i":"tcl-read-reports-on","$v":"खुला"},{"$i":"tcl-read-reports-off","$v":"निष्क्रिय"},{"$i":"tcl-mmsTitle","$v":"मल्टिमिडिया मेसेजिङ (MMS)"},{"$i":"tcl-message-delivery-reports","$v":"भुक्तानी रिपोर्टहरू"},{"$i":"tcl-delivery-reports-on","$v":"खुला"},{"$i":"tcl-delivery-reports-off","$v":"निष्क्रिय"},{"$i":"tcl-message-confirmation","$v":"प्रमाणीकरण सन्देश"},{"$i":"tcl-messageReport-title","$v":"सन्देश विवरणहरू"},{"$i":"tcl-mms-label","$v":"MMS"},{"$i":"tcl-sms-label","$v":"SMS"},{"$i":"tcl-messaging-settings","$v":"मेसेन्जिङ सेटिङहरू"},{"$i":"tcl-messagingSettings-header","$v":[{"t":"idOrVar","v":"tcl-messaging-settings"}]},{"$i":"tcl-confirmation-title","$v":"पुष्टिकरण"},{"$i":"tcl-draft-save-content","$v":"मस्यौदाको रूपमा बचत गर्ने?"},{"$i":"tcl-draft-discard-content","$v":"सन्देश हटाइयो"},{"$i":"tcl-switch-on","$v":"खुला"},{"$i":"tcl-switch-off","$v":"निष्क्रिय"},{"$i":"tcl-delivery-report-desc","$v":"हरेक सन्देश पठाउनको लागि भुक्तानी अधिसूचना अनुरोध गर्नुहोस्"},{"$i":"tcl-read-report-desc","$v":"हरेक सन्देश पठाउनको लागि रिड रिपोर्ट अनुरोध गर्नुहोस्"},{"$i":"tcl-auto-retrieve-desc","$v":"स्वचालित रूपमा सन्देशहरू पुन: प्राप्ति गर्नुहोस्"},{"$i":"tcl-confirm-dialog-ok","$v":"ठीक छ"},{"$i":"tcl-yes","$v":"हो"},{"$i":"tcl-no","$v":"होइन"},{"$i":"tcl-delete-current-thread?","$v":"चयन गरिएको सन्देश थ्रेड मेटाउने?"},{"$i":"tcl-attention","$v":"सावधानी"},{"$i":"tcl-options","$v":"विकल्पहरू"},{"$i":"send-failed","$v":"पठाउने कार्य असफल भयो।"},{"$i":"subject-removed","$v":"विषय हटाइयो।"},{"$i":"media-storage-limit-alert-title","$v":"भण्‍डारण पूर्ण भयो"},{"$i":"media-storage-limit-alert-body","$v":"तपाईंले थप खाली स्थान प्राप्त गर्न केही मिडिया फाइलहरु वा व्यवस्थापन एप्लिकेसन डेटा हटाउन सक्नुहुन्छ।"},{"$i":"media-storage-limit-alert-cancel","$v":"रद्द गर्नुहोस्"},{"$i":"media-storage-limit-alert-setting","$v":"सेटिङ्हरूमा जानुहोस्"},{"$i":"email","$v":"इमेल"},{"$i":"go","$v":"जानुहोस्"},{"$i":"weekday-0-long","$v":"आइतबार"},{"$i":"weekday-1-long","$v":"सोमबार"},{"$i":"weekday-2-long","$v":"मङ्गलबार"},{"$i":"weekday-3-long","$v":"बुधबार"},{"$i":"weekday-4-long","$v":"बिहिबार"},{"$i":"weekday-5-long","$v":"शुक्रबार"},{"$i":"weekday-6-long","$v":"शनिबार"},{"$i":"weekday-0-short","$v":"सूर्य"},{"$i":"weekday-1-short","$v":"सोमबार"},{"$i":"weekday-2-short","$v":"मङ्गलबार"},{"$i":"weekday-3-short","$v":"बुधबार"},{"$i":"weekday-4-short","$v":"बिहीबार"},{"$i":"weekday-5-short","$v":"शुक्रबार"},{"$i":"weekday-6-short","$v":"शनिबार"},{"$i":"month-0-long","$v":"जनवरी"},{"$i":"month-1-long","$v":"फेब्रुअरी"},{"$i":"month-2-long","$v":"मार्च"},{"$i":"month-3-long","$v":"अप्रिल"},{"$i":"month-4-long","$v":"मे"},{"$i":"month-5-long","$v":"जुन"},{"$i":"month-6-long","$v":"जुलाइ"},{"$i":"month-7-long","$v":"अगस्ट"},{"$i":"month-8-long","$v":"सेप्टेम्बर"},{"$i":"month-9-long","$v":"अक्टुबर"},{"$i":"month-10-long","$v":"नोभेम्बर"},{"$i":"month-11-long","$v":"डिसेम्बर"},{"$i":"month-0-genitive","$v":"जनवरी"},{"$i":"month-1-genitive","$v":"फेब्रुअरी"},{"$i":"month-2-genitive","$v":"मार्च"},{"$i":"month-3-genitive","$v":"अप्रिल"},{"$i":"month-4-genitive","$v":"मे"},{"$i":"month-5-genitive","$v":"जुन"},{"$i":"month-6-genitive","$v":"जुलाइ"},{"$i":"month-7-genitive","$v":"अगस्ट"},{"$i":"month-8-genitive","$v":"सेप्टेम्बर"},{"$i":"month-9-genitive","$v":"अक्टुबर"},{"$i":"month-10-genitive","$v":"नोभेम्बर"},{"$i":"month-11-genitive","$v":"डिसेम्बर"},{"$i":"month-0-short","$v":"जनवरी"},{"$i":"month-1-short","$v":"फेब्रुअरी"},{"$i":"month-2-short","$v":"मार्च"},{"$i":"month-3-short","$v":"अप्रिल"},{"$i":"month-4-short","$v":"मे"},{"$i":"month-5-short","$v":"जुन"},{"$i":"month-6-short","$v":"जुलाई"},{"$i":"month-7-short","$v":"अगस्ट"},{"$i":"month-8-short","$v":"सेप्टेम्बर"},{"$i":"month-9-short","$v":"अक्टोबर"},{"$i":"month-10-short","$v":"नोभेम्बर"},{"$i":"month-11-short","$v":"डिसेम्बर"},{"$i":"minutes-ago-long","$v":{"zero":"अहिले भर्खर","one":"एक मिनेट अघि","two":[{"t":"idOrVar","v":"value"}," मिनेट पहिला"],"few":[{"t":"idOrVar","v":"value"}," मिनेट पहिला"],"many":[{"t":"idOrVar","v":"value"}," मिनेट पहिला"],"other":[{"t":"idOrVar","v":"value"}," मिनेट पहिला"]},"$x":[{"t":"idOrVar","v":"plural"},"value"]},{"$i":"hours-ago-long","$v":{"zero":"अहिले भर्खर","one":"एक घण्टा अघि","two":[{"t":"idOrVar","v":"value"}," घण्टा पहिला"],"few":[{"t":"idOrVar","v":"value"}," घण्टा पहिला"],"many":[{"t":"idOrVar","v":"value"}," घण्टा पहिला"],"other":[{"t":"idOrVar","v":"value"}," घण्टा पहिला"]},"$x":[{"t":"idOrVar","v":"plural"},"value"]},{"$i":"days-ago-long","$v":{"zero":"आज","one":"हिजो","two":[{"t":"idOrVar","v":"value"}," दिन पहिला"],"few":[{"t":"idOrVar","v":"value"}," दिन पहिला"],"many":[{"t":"idOrVar","v":"value"}," दिन पहिला"],"other":[{"t":"idOrVar","v":"value"}," दिन पहिला"]},"$x":[{"t":"idOrVar","v":"plural"},"value"]},{"$i":"weeks-ago-long","$v":{"zero":"यो हप्ता","one":"गत हप्ता","two":[{"t":"idOrVar","v":"value"}," हप्ता पहिला"],"few":[{"t":"idOrVar","v":"value"}," हप्ता पहिला"],"many":[{"t":"idOrVar","v":"value"}," हप्ता पहिला"],"other":[{"t":"idOrVar","v":"value"}," हप्ता पहिला"]},"$x":[{"t":"idOrVar","v":"plural"},"value"]},{"$i":"months-ago-long","$v":{"zero":"यो महिना","one":"गत महिना","two":[{"t":"idOrVar","v":"value"}," महिना पहिला"],"few":[{"t":"idOrVar","v":"value"}," महिना पहिला"],"many":[{"t":"idOrVar","v":"value"}," महिना पहिला"],"other":[{"t":"idOrVar","v":"value"}," महिना पहिला"]},"$x":[{"t":"idOrVar","v":"plural"},"value"]},{"$i":"years-ago-long","$v":{"zero":"यो वर्ष","one":"गएको वर्ष","two":[{"t":"idOrVar","v":"value"}," वर्ष पहिला"],"few":[{"t":"idOrVar","v":"value"}," वर्ष पहिला"],"many":[{"t":"idOrVar","v":"value"}," वर्ष पहिला"],"other":[{"t":"idOrVar","v":"value"}," वर्ष पहिला"]},"$x":[{"t":"idOrVar","v":"plural"},"value"]},{"$i":"minutes-until-long","$v":{"zero":"अहिले","one":"एक मिनेटमा","two":[{"t":"idOrVar","v":"value"}," मिनेटमा"],"few":[{"t":"idOrVar","v":"value"}," मिनेटमा"],"many":[{"t":"idOrVar","v":"value"}," मिनेटमा"],"other":[{"t":"idOrVar","v":"value"}," मिनेटमा"]},"$x":[{"t":"idOrVar","v":"plural"},"value"]},{"$i":"hours-until-long","$v":{"zero":"अहिले","one":"एक घण्टामा","two":[{"t":"idOrVar","v":"value"}," घण्टामा"],"few":[{"t":"idOrVar","v":"value"}," घण्टामा"],"many":[{"t":"idOrVar","v":"value"}," घण्टामा"],"other":[{"t":"idOrVar","v":"value"}," घण्टामा"]},"$x":[{"t":"idOrVar","v":"plural"},"value"]},{"$i":"days-until-long","$v":{"zero":"आज","one":"भोली","two":[{"t":"idOrVar","v":"value"}," दिनमा"],"few":[{"t":"idOrVar","v":"value"}," दिनमा"],"many":[{"t":"idOrVar","v":"value"}," दिनमा"],"other":[{"t":"idOrVar","v":"value"}," दिनमा"]},"$x":[{"t":"idOrVar","v":"plural"},"value"]},{"$i":"weeks-until-long","$v":{"zero":"यो हप्ता","one":"अर्को हप्ता","two":[{"t":"idOrVar","v":"value"}," हप्तामा"],"few":[{"t":"idOrVar","v":"value"}," हप्तामा"],"many":[{"t":"idOrVar","v":"value"}," हप्तामा"],"other":[{"t":"idOrVar","v":"value"}," हप्तामा"]},"$x":[{"t":"idOrVar","v":"plural"},"value"]},{"$i":"months-until-long","$v":{"zero":"यो महिना","one":"अर्को महिना","two":[{"t":"idOrVar","v":"value"}," महिनामा"],"few":[{"t":"idOrVar","v":"value"}," महिनामा"],"many":[{"t":"idOrVar","v":"value"}," महिनामा"],"other":[{"t":"idOrVar","v":"value"}," महिनामा"]},"$x":[{"t":"idOrVar","v":"plural"},"value"]},{"$i":"years-until-long","$v":{"zero":"यो वर्ष","one":"अर्को वर्ष","two":[{"t":"idOrVar","v":"value"}," वर्षमा"],"few":[{"t":"idOrVar","v":"value"}," वर्षमा"],"many":[{"t":"idOrVar","v":"value"}," वर्षमा"],"other":[{"t":"idOrVar","v":"value"}," वर्षमा"]},"$x":[{"t":"idOrVar","v":"plural"},"value"]},{"$i":"minutes-ago-short","$v":{"zero":"अहिले भर्खर","other":[{"t":"idOrVar","v":"value"}," मिनेट पहिला"]},"$x":[{"t":"idOrVar","v":"plural"},"value"]},{"$i":"hours-ago-short","$v":{"zero":"अहिले भर्खर","other":[{"t":"idOrVar","v":"value"},"घण्टा पहिला"]},"$x":[{"t":"idOrVar","v":"plural"},"value"]},{"$i":"days-ago-short","$v":{"zero":"आज","other":[{"t":"idOrVar","v":"value"},"दिन पहिला"]},"$x":[{"t":"idOrVar","v":"plural"},"value"]},{"$i":"minutes-until-short","$v":{"zero":"अहिले","other":[{"t":"idOrVar","v":"value"}," मिनेटमा"]},"$x":[{"t":"idOrVar","v":"plural"},"value"]},{"$i":"hours-until-short","$v":{"zero":"अहिले","other":[{"t":"idOrVar","v":"value"}," घण्टामा"]},"$x":[{"t":"idOrVar","v":"plural"},"value"]},{"$i":"days-until-short","$v":{"zero":"आज","other":[{"t":"idOrVar","v":"value"}," दिनमा"]},"$x":[{"t":"idOrVar","v":"plural"},"value"]},{"$i":"dateTimeFormat_%c","$v":"%a %b %e %Y %I:%M:%S %p"},{"$i":"dateTimeFormat_%x","$v":"%m/%d/%Y"},{"$i":"dateTimeFormat_%X","$v":"%I:%M:%S %p"},{"$i":"shortTimeFormat","$v":"%I:%M %p"},{"$i":"shortTimeFormat12","$v":"%I:%M %p"},{"$i":"shortTimeFormat24","$v":"%H:%M"},{"$i":"shortDateTimeFormat","$v":"%x %I:%M %p"},{"$i":"weekStartsOnMonday","$v":"0"},{"$i":"firstDayOfTheWeek","$v":"0"},{"$i":"time_am","$v":"AM"},{"$i":"time_pm","$v":"PM"},{"$i":"softkey-options","$v":"विकल्पहरू"},{"$i":"emergencyNumber","$v":"आपतकालीन नम्बर"},{"$i":"callAirplaneModeMessage","$v":"सम्पर्क राख्न चाहनु हुन्छ भनी तपाईंले सेटिङहरूमा गएर हवाइजहाज मोडलाई असक्षम गर्नुपर्छ"},{"$i":"callAirplaneModeBtnOk","$v":"ठीक छ"},{"$i":"callAirplaneModeTitle","$v":"विमान मोड सक्रिय भयो"},{"$i":"numberIsBusyTitle","$v":"नम्बर ब्यस्त छ"},{"$i":"numberIsBusyMessage","$v":"नम्बर हालैमा व्यस्त छ। कृपया पछि फेरि प्रयास गर्नुहोस्।"},{"$i":"fdnIsActiveTitle","$v":"FDN सक्रिय"},{"$i":"fdnIsActiveMessage","$v":["FDN (फिक्स्ड डायलिङ नम्बर) सक्रिय भयो र तपाईंको FDN नम्बर निम्नलिखित सुचीमा छैन्: ",{"t":"idOrVar","v":"number"}]},{"$i":"emergencyDialogBodyBadNumber","$v":"सम्पर्क राख्न चाहनु हुन्छ भनि फोनलाई नेटवर्कमा जडान गरिएको हुनुपर्छ"},{"$i":"emergencyDialogBodyDeviceNotAccepted","$v":"आपतकालीन कलहरू नेटवर्कद्वारा अनुमति छैन्।"},{"$i":"emergencyDialogBtnOk","$v":"ठीक छ"},{"$i":"emergencyDialogTitle","$v":"नेटवर्क जडान छैन"},{"$i":"invalidNumberToDialTitle","$v":"अवैधानिक फोन नम्बर"},{"$i":"invalidNumberToDialMessage","$v":"तपाईंले सम्पर्क गर्नु भएको फोन उपलब्ध छैन्"},{"$i":"unableToCallTitle","$v":"अहिले फोन कल गर्न सकेन"},{"$i":"unableToCallMessage","$v":"फोन गर्न सक्दैन। डाइलिङ गर्न तयार हुनुहुन्छ भने, कृपया पहिला फोन राख्नुहोस्।"},{"$i":"otherConnectionInUseTitle","$v":"अन्य जडानलाई प्रयोग गर्नुहोस्"},{"$i":"otherConnectionInUseMessage","$v":"तपाईंसँग अर्को जडानमा सक्रिय कल छ। एक पटकमा तपाईंले एउटा मात्र जडान गर्न सक्नुहुन्छ?"},{"$i":"connectingEllipsis","$v":"जडान हुँदै..."}]