[{"$i":"messages","$v":"ସନ୍ଦେଶ"},{"$i":"deleteMessages-title","$v":"ଚୟନ କରନ୍ତୁ"},{"$i":"selectThreads-title","$v":"ଚୟନ କରନ୍ତୁ"},{"$i":"edit","$v":"ସମ୍ପାଦନ କରନ୍ତୁ"},{"$i":"back","$v":"ପଛକୁ ଫେରନ୍ତୁ"},{"$i":"cancel","$v":"ବାତିଲ କରନ୍ତୁ"},{"$i":"undo","$v":"ପୂର୍ବବତ୍ କରନ୍ତୁ"},{"$i":"done","$v":"ସମ୍ପୁର୍ଣ୍ଣ"},{"$i":"delete","$v":"ବିଲୋପ କରନ୍ତୁ"},{"$i":"deleting-messages","$v":"ବିଲୋପ ହେଉଛି…"},{"$i":"select-all","$v":"ସମସ୍ତ ଚୟନ କରନ୍ତୁ"},{"$i":"deselect-all","$v":"ସମସ୍ତ ଅଣଚୟନ କରନ୍ତୁ"},{"$i":"selected-threads","$v":{"zero":"0 ଚୟନ କରାଯାଇଛି","one":[{"t":"idOrVar","v":"n"}," ଚୟନିତ"],"two":[{"t":"idOrVar","v":"n"}," ଚୟନିତ"],"few":[{"t":"idOrVar","v":"n"}," ଚୟନିତ"],"many":[{"t":"idOrVar","v":"n"}," ଚୟନିତ"],"other":[{"t":"idOrVar","v":"n"}," ଚୟନିତ"]},"$x":[{"t":"idOrVar","v":"plural"},"n"]},{"$i":"selected-messages","$v":{"zero":"0 ଚୟନ କରାଯାଇଛି","one":[{"t":"idOrVar","v":"n"}," ଚୟନିତ"],"two":[{"t":"idOrVar","v":"n"}," ଚୟନିତ"],"few":[{"t":"idOrVar","v":"n"}," ଚୟନିତ"],"many":[{"t":"idOrVar","v":"n"}," ଚୟନିତ"],"other":[{"t":"idOrVar","v":"n"}," ଚୟନିତ"]},"$x":[{"t":"idOrVar","v":"plural"},"n"]},{"$i":"selectThreads-label","$v":"ଥ୍ରେଡ୍‌ଗୁଡିକ ଚୟନ କରନ୍ତୁ"},{"$i":"selectMessages-label","$v":"ସନ୍ଦେଶଗୁଡିକ ଚୟନ କରନ୍ତୁ"},{"$i":"new-message","$v":"ନୂତନ ସନ୍ଦେଶ"},{"$i":"delete-thread","$v":"ଥ୍ରେଡ୍ ବିଲୋପ କରନ୍ତୁ"},{"$i":"create-new-contact","$v":"ନୂତନ ସମ୍ପର୍କ ସୃଷ୍ଟି କରନ୍ତୁ"},{"$i":"add-to-contact","$v":"ଏକ ବିଦ୍ୟମାନ ସମ୍ପର୍କରେ ଯୋଡ଼ନ୍ତୁ"},{"$i":"select-thread","$v":"ଥ୍ରେଡ୍ ଚୟନ କରନ୍ତୁ"},{"$i":"settings","$v":"ସେଟିଂସ୍"},{"$i":"select","$v":"ଚୟନ କରନ୍ତୁ"},{"$i":"sk-save-as-draft","$v":"ଡ୍ରାଫ୍ଟ ଭାବେ ସେଭ୍ କରନ୍ତୁ"},{"$i":"send","$v":"ପଠାନ୍ତୁ"},{"$i":"add-contact","$v":"ସମ୍ପର୍କ ଯୋଡ଼ନ୍ତୁ"},{"$i":"add-suggestion","$v":"ଯୋଡ଼ନ୍ତୁ"},{"$i":"add-subject","$v":"ବିଷୟ ଯୋଡ଼ନ୍ତୁ"},{"$i":"remove-subject","$v":"ବିଷୟ ଅପସାରଣ କରନ୍ତୁ"},{"$i":"add-attachment","$v":"ଆଟାଚମେଣ୍ଟ ଯୋଡ଼ନ୍ତୁ"},{"$i":"remove-attachment","$v":"ଆଟାଚ୍‌ମେଣ୍ଟ୍ ଅପସାରଣ କରନ୍ତୁ"},{"$i":"replace-attachment","$v":"ଆଟାଚ୍‌ମେଣ୍ଟ ବଦଳାନ୍ତୁ"},{"$i":"select-messages","$v":"ସନ୍ଦେଶଗୁଡିକ ଚୟନ କରନ୍ତୁ"},{"$i":"call","$v":"କଲ୍ କରନ୍ତୁ"},{"$i":"forward","$v":"ଫରୱାର୍ଡ କରନ୍ତୁ"},{"$i":"view-message-report","$v":"ସନ୍ଦେଶ ବିବରଣୀ ଦେଖନ୍ତୁ"},{"$i":"resend-message","$v":"ଏହି ସନ୍ଦେଶ ପୁନଃପଠାନ୍ତୁ"},{"$i":"cancel-view-report","$v":"ବାତିଲ କରନ୍ତୁ"},{"$i":"ok","$v":"ଓକେ"},{"$i":"enter","$v":"ପ୍ରବେଶ କରନ୍ତୁ"},{"$i":"open","$v":"ଖୋଲନ୍ତୁ"},{"$i":"to","$v":"କୁ"},{"$i":"new","$v":"ନୂତନ"},{"$i":"message","$v":"ସନ୍ଦେଶ"},{"$i":"messagesInput_placeholder","$v":"ସନ୍ଦେଶ"},{"$i":"messagesSubjectInput_placeholder","$v":"ବିଷୟ"},{"$i":"converted-to-mms","$v":"ମଲ୍ଟିମିଡିଆ ସନ୍ଦେଶକୁ ପରିବର୍ତ୍ତିତ ହେଉଛି।"},{"$i":"converted-to-sms","$v":"ଟେକ୍ସଟ୍ ସନ୍ଦେଶକୁ ପରିବର୍ତ୍ତିତ ହେଉଛି।"},{"$i":"messages-max-length-text","$v":"ଆପଣ ସର୍ବାଧିକ ଦୈର୍ଘ୍ୟରେ ପହଞ୍ଚିଛନ୍ତି।"},{"$i":"messages-max-subject-length-text","$v":"ବିଷୟର ସର୍ବାଧିକ ଦୈର୍ଘ୍ୟରେ ପହଞ୍ଚିଛି |"},{"$i":"multimedia-message-exceeded-max-length","$v":["ଆପଣ ଏକ ମଲ୍ଟିମିଡିଆ ସନ୍ଦେଶର ",{"t":"idOrVar","v":"mmsSize"}," KB ସୀମାକୁ ଅତିକ୍ରମ କରିଛନ୍ତି। ଏହାକୁ ପଠାଇବାକୁ ଆଟାଚ୍‌ମେଣ୍ଟ୍ ଅପସାରଣ କରନ୍ତୁ କିମ୍ୱା ସନ୍ଦେଶ ଛୋଟ କରନ୍ତୁ |"]},{"$i":"newMessage","$v":"ନୂତନ ସନ୍ଦେଶ"},{"$i":"sendMessage","$v":"ସନ୍ଦେଶ ପଠାନ୍ତୁ"},{"$i":"sendMMSToEmail","$v":"ମଲ୍ଟିମିଡିଆ ସନ୍ଦେଶଗୁଡିକ ପଠାନ୍ତୁ"},{"$i":"no-recipient","$v":"(କୌଣସି ପ୍ରାପ୍ତେଷୁ ନାହାଁନ୍ତି)"},{"$i":"recipient","$v":{"one":[{"t":"idOrVar","v":"n"}," ପ୍ରାପ୍ତେଷୁ"],"two":[{"t":"idOrVar","v":"n"}," ପ୍ରାପ୍ତେଷୁ"],"few":[{"t":"idOrVar","v":"n"}," ପ୍ରାପ୍ତେଷୁ"],"many":[{"t":"idOrVar","v":"n"}," ପ୍ରାପ୍ତେଷୁ"],"other":[{"t":"idOrVar","v":"n"}," ପ୍ରାପ୍ତେଷୁ"]},"$x":[{"t":"idOrVar","v":"plural"},"n"]},{"$i":"attachmentSizeB","$v":[{"t":"idOrVar","v":"n"}," B"]},{"$i":"attachmentSizeKB","$v":[{"t":"idOrVar","v":"n"}," KB"]},{"$i":"attachmentSizeMB","$v":[{"t":"idOrVar","v":"n"}," MB"]},{"$i":"attachmentOpenError","$v":"ଏହି ପ୍ରକାରର ଫାଇଲ୍ ଖୋଲିବାକୁ କୌଣସି ଆପ୍ଲିକେସନ୍ ଉପଲବ୍ଧ ନାହିଁ |"},{"$i":"remove","$v":"ଅପସାରଣ କରନ୍ତୁ"},{"$i":"participant","$v":{"one":[{"t":"idOrVar","v":"n"}," ଅଂଶଗ୍ରହଣକାରୀ"],"two":[{"t":"idOrVar","v":"n"}," ଅଂଶଗ୍ରହଣକାରୀ"],"few":[{"t":"idOrVar","v":"n"}," ଅଂଶଗ୍ରହଣକାରୀ"],"many":[{"t":"idOrVar","v":"n"}," ଅଂଶଗ୍ରହଣକାରୀ"],"other":[{"t":"idOrVar","v":"n"}," ଅଂଶଗ୍ରହଣକାରୀ"]},"$x":[{"t":"idOrVar","v":"plural"},"n"]},{"$i":"message-report","$v":"ସନ୍ଦେଶ ରିପୋର୍ଟ"},{"$i":"message-type-sms","$v":"ଟେକ୍ସଟ୍ ସନ୍ଦେଶ (SMS‌)"},{"$i":"message-type-mms","$v":"ମଲ୍ଟିମିଡିଆ ମେସେଜ୍ (MMS‌)"},{"$i":"sms-report-description","$v":["ଆପଣଙ୍କ ଟେକ୍ସଟ୍ ସନ୍ଦେଶ (SMS‌), ",{"t":"idOrVar","v":"datetime"},"ରେ ପ୍ରେରଣ ହୋଇଥିଲା"]},{"$i":"mms-report-description","$v":["ଆପଣଙ୍କ ମଲ୍ଟିମିଡିଆ ସନ୍ଦେଶ (MMS‌), ବିଷୟ ",{"t":"idOrVar","v":"subject"},", ",{"t":"idOrVar","v":"datetime"},"ରେ ପ୍ରେରଣ ହୋଇଥିଲା"]},{"$i":"mms-no-subject-report-description","$v":["ଆପଣଙ୍କ ମଲ୍ଟିମିଡିଆ ସନ୍ଦେଶ (MMS‌), ",{"t":"idOrVar","v":"datetime"},"ରେ ପ୍ରେରଣ ହୋଇଥିଲା"]},{"$i":"message-subject","$v":"ବିଷୟ:"},{"$i":"report-status-error","$v":"ସନ୍ଦେଶ ପଠାଯାଇପାରିଲା ନାହିଁ"},{"$i":"report-status-not-downloaded","$v":"ଡାଉନଲୋଡ୍ ହୋଇନାହିଁ"},{"$i":"report-status-delivered","$v":"ବିତରଣ ହୋଇଛି:"},{"$i":"report-status-read","$v":"ପଢିଦେଲି:"},{"$i":"report-status-pending","$v":"ରିପୋର୍ଟ୍ ଅନୁରୋଧ ହୋଇଛି"},{"$i":"report-status-rejected","$v":"ସନ୍ଦେଶ ପ୍ରତ୍ୟାଖାତ ହୋଇଛି"},{"$i":"message-size-was","$v":"ସନ୍ଦେଶର ଆକାର:"},{"$i":"report-dateTimeFormat12","$v":["%e %B %Y, ",{"t":"idOrVar","v":"shortTimeFormat12"}]},{"$i":"report-dateTimeFormat24","$v":["%e %B %Y, ",{"t":"idOrVar","v":"shortTimeFormat24"}]},{"$i":"report-to-title","$v":"କୁ"},{"$i":"report-from-title","$v":"ଠାରୁ"},{"$i":"message-sent","$v":"ପ୍ରେରିତ:"},{"$i":"message-sending","$v":[{"t":"idOrVar","v":"message-delivery-status-sending"}]},{"$i":"message-received","$v":"ପ୍ରାପ୍ତ ହେଲା:"},{"$i":"message-via","$v":"ମାଧ୍ୟମରେ:"},{"$i":"message-resend","$v":"ପୁନଃପଠାନ୍ତୁ"},{"$i":"search","$v":"ସନ୍ଧାନ କରନ୍ତୁ"},{"$i":"unknown-contact-title","$v":"ଅଜ୍ଞାତ ସମ୍ପର୍କ"},{"$i":"phone-type-separator","$v":", "},{"$i":"phone-carrier-separator","$v":" "},{"$i":"thread-participant-separator","$v":", "},{"$i":"replace-draft","$v":"ବିଦ୍ୟମାନ ଡ୍ରାଫ୍ଟ ବଦଳାନ୍ତୁ"},{"$i":"save-as-draft","$v":"ସେଭ୍ କରନ୍ତୁ"},{"$i":"discard-message","$v":"ପ୍ରତ୍ୟାଖ୍ୟାନ କରନ୍ତୁ"},{"$i":"discard-sms","$v":"ଆପଣ ଏହି ସନ୍ଦେଶ ପ୍ରତ୍ୟାଖ୍ୟାନ କରିବାକୁ ଚାହାଁନ୍ତି କି?"},{"$i":"discard-new-message","$v":"ଆପଣ ଲେଖୁଥିବା ସନ୍ଦେଶକୁ ପ୍ରତ୍ୟାଖ୍ୟାନ କରିବେ ଏବଂ ନୂତନ ସନ୍ଦେଶ ଖୋଲିବେ ?"},{"$i":"resend-confirmation","$v":"ସନ୍ଦେଶ ପ୍ରେରଣ ହୋଇପାରିଲା ନାହିଁ। ପୁନଃଚେଷ୍ଟା କରିବେ?"},{"$i":"deleteMessage-confirmation","$v":"ଚୟନିତ ସନ୍ଦେଶ ବିଲୋପ କରିବେ?"},{"$i":"deleteMessages-confirmation","$v":"ଚୟନିତ ସନ୍ଦେଶଗୁଡିକ ବିଲୋପ କରିବେ?"},{"$i":"deleteThreads-confirmation2","$v":{"one":"ଚୟନିତ ସନ୍ଦେଶ ଥ୍ରେଡ୍ ବିଲୋପ କରିବେ?","other":"ଚୟନିତ ସନ୍ଦେଶ ଥ୍ରେଡଗୁଡିକ ବିଲୋପ କରିବେ?"},"$x":[{"t":"idOrVar","v":"plural"},"n"]},{"$i":"new-message-notice-text","$v":"ଏଠାରୁ ନୂତନ ସନ୍ଦେଶ"},{"$i":"new-message-notice-a-text","$v":"ଏହା ପଢନ୍ତୁ"},{"$i":"noMessages-title","$v":"କୌଣସି ସନ୍ଦେଶ ନାହିଁ"},{"$i":"noMessages-text","$v":"ଯୋଗାଯୋଗ ଆରମ୍ଭ କରିବାକୁ ନୂତନ ସନ୍ଦେଶ ଦବାନ୍ତୁ।"},{"$i":"sendDefaultErrorTitle","$v":"ସନ୍ଦେଶ ପ୍ରେରଣ ହୋଇନାହିଁ"},{"$i":"sendDefaultErrorBody","$v":"ସନ୍ଦେଶ ପ୍ରେରଣ କରିବାରେ ସମସ୍ୟା ହୋଇଛି। ଦୟାକରି ପୁନଃଚେଷ୍ଟା କରନ୍ତୁ।"},{"$i":"sendDefaultErrorBtnOk","$v":"ଓକେ"},{"$i":"sendMissingSimCardTitle","$v":"ସିମ୍‌ କାର୍ଡ୍ ହଜିଯାଇଛି"},{"$i":"sendMissingSimCardBody","$v":"ଜାରି ରଖିବାକୁ ଏକ ବୈଧ ସିମ୍‌ କାର୍ଡ୍ ପ୍ରବେଶ କରନ୍ତୁ।"},{"$i":"sendMissingSimCardBtnOk","$v":"ଓକେ"},{"$i":"sendFlightModeTitle","$v":"ଏୟାର୍‌ପ୍ଲେନ୍ ମୋଡ୍ ସକ୍ରିୟ ହୋଇଛି"},{"$i":"sendFlightModeBody","$v":"ସନ୍ଦେଶଗୁଡିକ ପ୍ରେରଣ କରିବାକୁ ଏୟାର୍‌ପ୍ଲେନ୍ ମୋଡ୍ ଅଫ୍ କରନ୍ତୁ।"},{"$i":"sendFlightModeBtnOk","$v":"ଓକେ"},{"$i":"radioDisabledToDownloadTitle","$v":[{"t":"idOrVar","v":"sendFlightModeTitle"}]},{"$i":"radioDisabledToDownloadBody","$v":"ଆଟାଚ୍‌ମେଣ୍ଟ୍ ଡାଉନଲୋଡ୍ କରିବାକୁ ଏୟାର୍‌ପ୍ଲେନ୍ ମୋଡ୍ ଅଫ୍ କରନ୍ତୁ।"},{"$i":"radioDisabledToDownloadBtnOk","$v":[{"t":"idOrVar","v":"sendFlightModeBtnOk"}]},{"$i":"fdnErrorTitle","$v":"FDN‌ ସକ୍ରିୟ ଅଛି"},{"$i":"needConnectWifiBody","$v":"କୌଣସି ସେଲ୍ୟୁଲାର୍‍ ନେଟ୍‍ୱାର୍କ୍ ଉପଲବ୍ଧ ନାହିଁ। ସନ୍ଦେଶ ପଠାଇବା ପାଇଁ ଏକ ଉପଲବ୍ଧ Wi-Fi ନେଟ୍‌ୱାର୍କ୍‌‌କୁ ସଂଯୋଗ କରନ୍ତୁ |"},{"$i":"needConnectWifiTitle","$v":"ସନ୍ଦେଶ ପ୍ରେରଣ ହୋଇନାହିଁ"},{"$i":"sms-counter-notice-label","$v":["SMS‌ ",{"t":"idOrVar","v":"number"}," ସମ୍ପାଦନ ହେଉଛି"]},{"$i":"fdnErrorBody","innerHTML":{"$x":[{"t":"idOrVar","v":"plural"},"n"],"$v":{"one":"FDN‌ (ଫିକ୍ସଡ୍ ଡାୟଲିଂ ନମ୍ବର) ସକ୍ରିୟ ହୋଇଛି। SMS କେନ୍ଦ୍ର ଏବଂ ନିମ୍ନଲିଖିତ ପ୍ରାପ୍ତେଷୁ ଆପଣଙ୍କ FDN ଲିଷ୍ଟ୍‌ରେ ଅଛନ୍ତି ବୋଲି ନିଶ୍ଚିତ ହୁଅନ୍ତୁ:","two":"FDN‌ (ଫିକ୍ସଡ୍ ଡାୟଲିଂ ନମ୍ବର) ସକ୍ରିୟ ହୋଇଛି। SMS କେନ୍ଦ୍ର ଏବଂ ନିମ୍ନଲିଖିତ ପ୍ରାପ୍ତେଷୁ ଆପଣଙ୍କ FDN ଲିଷ୍ଟ୍‌ରେ ଅଛନ୍ତି ବୋଲି ନିଶ୍ଚିତ ହୁଅନ୍ତୁ:","few":"FDN‌ (ଫିକ୍ସଡ୍ ଡାୟଲିଂ ନମ୍ବର) ସକ୍ରିୟ ହୋଇଛି। SMS କେନ୍ଦ୍ର ଏବଂ ନିମ୍ନଲିଖିତ ପ୍ରାପ୍ତେଷୁ ଆପଣଙ୍କ FDN ଲିଷ୍ଟ୍‌ରେ ଅଛନ୍ତି ବୋଲି ନିଶ୍ଚିତ ହୁଅନ୍ତୁ:","many":"FDN‌ (ଫିକ୍ସଡ୍ ଡାୟଲିଂ ନମ୍ବର) ସକ୍ରିୟ ହୋଇଛି। SMS କେନ୍ଦ୍ର ଏବଂ ନିମ୍ନଲିଖିତ ପ୍ରାପ୍ତେଷୁ ଆପଣଙ୍କ FDN ଲିଷ୍ଟ୍‌ରେ ଅଛନ୍ତି ବୋଲି ନିଶ୍ଚିତ ହୁଅନ୍ତୁ:","other":"FDN‌ (ଫିକ୍ସଡ୍ ଡାୟଲିଂ ନମ୍ବର) ସକ୍ରିୟ ହୋଇଛି। SMS କେନ୍ଦ୍ର ଏବଂ ନିମ୍ନଲିଖିତ ପ୍ରାପ୍ତେଷୁ ଆପଣଙ୍କ FDN ଲିଷ୍ଟ୍‌ରେ ଅଛନ୍ତି ବୋଲି ନିଶ୍ଚିତ ହୁଅନ୍ତୁ:"}}},{"$i":"fdnErrorBtnOk","$v":"ଓକେ"},{"$i":"switchSimToRetrieveTitle","$v":"ଡାଟା ସଂଯୋଜନା ସ୍ଵିଚ୍ କରନ୍ତୁ"},{"$i":"switchSimToRetrieveBody","$v":["MMS‌ ପୁନରୁଦ୍ଧାର କରିବା ପାଇଁ ଡାଟା ସଂଯୋଜନାକୁ ସିମ୍‌ ",{"t":"idOrVar","v":"nonActiveSimId"}," କୁ ସ୍ଵିଚ୍ କରନ୍ତୁ | ସିମ୍‌ ",{"t":"idOrVar","v":"ctiveSimId"},"ରେ ସମ୍ପ୍ରତି ଡାଟା ସ୍ଥାନାନ୍ତର ନିଲମ୍ବିତ ହୋଇଛି।  ଜାରିରଖିବେ ?"]},{"$i":"switchSimToRetrieveBtnOk","$v":"ପରେ"},{"$i":"switchSimToRetrieveConfirm","$v":"ଓକେ"},{"$i":"switchSimToSendTitle","$v":[{"t":"idOrVar","v":"switchSimToRetrieveTitle"}]},{"$i":"switchSimToSendBody","$v":["MMS‌ ପ୍ରେରଣ କରିବା ପାଇଁ ଡାଟା ସଂଯୋଜନାକୁ ସିମ୍‌ ",{"t":"idOrVar","v":"nonActiveSimId"}," କୁ ସ୍ଵିଚ୍ କରନ୍ତୁ | ସିମ୍‌ ",{"t":"idOrVar","v":"activeSimId"},"ରେ ସମ୍ପ୍ରତି ଡାଟା ସ୍ଥାନାନ୍ତର ନିଲମ୍ବିତ ହୋଇଛି।  ଜାରିରଖିବେ ?"]},{"$i":"switchSimToSendBtnOk","$v":[{"t":"idOrVar","v":"switchSimToRetrieveBtnOk"}]},{"$i":"switchSimToSendConfirm","$v":[{"t":"idOrVar","v":"switchSimToRetrieveConfirm"}]},{"$i":"sendNoSignalErrorTitle","$v":"କୌଣସି ନେଟ୍‌ୱାର୍କ୍ କଭରେଜ୍‌ ନାହିଁ"},{"$i":"sendNoSignalErrorBody","$v":"ଆପଣଙ୍କର ମୋବାଇଲ୍ ସିଗନାଲ୍ ଅଛି ବୋଲି ନିଶ୍ଚିତ କରି ପୁନଃଚେଷ୍ଟା କରନ୍ତୁ।"},{"$i":"sendNoSignalErrorBtnOk","$v":"ଓକେ"},{"$i":"sendNotFoundErrorTitle","$v":"ସନ୍ଦେଶ ମିଳିଲା ନାହିଁ"},{"$i":"sendNotFoundErrorBody","$v":"ଆପଣ ଦେଖିବାକୁ ଚାହୁଁଥିବା ସନ୍ଦେଶ ଉପଲବ୍ଧ ନାହିଁ |"},{"$i":"sendNotFoundErrorBtnOk","$v":"ଓକେ"},{"$i":"sendInvalidAddressErrorTitle","$v":"ଅବୈଧ ନମ୍ଵର"},{"$i":"sendInvalidAddressErrorBody","$v":"ନିଶ୍ଚିତ ହୁଅନ୍ତୁ ଯେ ଆପଣ ପଠାଉଥିବା ମୋବାଇଲ୍ ନମ୍ଵର ବୈଧ ଅଛି ।"},{"$i":"sendInvalidAddressErrorBtnOk","$v":"ଓକେ"},{"$i":"simNotMatchedErrorTitle","$v":"ଡାଉନଲୋଡ୍ କରିବାକୁ ଅସମର୍ଥ"},{"$i":"simNotMatchedErrorBody","$v":"ଦୟାକରି ନିଶ୍ଚିତ କରନ୍ତୁ ଯେ ଏହି ସନ୍ଦେଶ ପ୍ରାପ୍ତ କରିବାକୁ ବ୍ୟବହାର ହୋଇଥିବା ସିମ୍‌ କାର୍ଡକୁ ପ୍ରବେଶ କରାଯାଇଛି |"},{"$i":"simNotMatchedErrorBtnOk","$v":"ଓକେ"},{"$i":"deleted-sms","$v":"ଏହି ସନ୍ଦେଶ ପୂର୍ବରୁ ବିଲୋପ ହୋଇଛି।"},{"$i":"view-attachment-image","$v":"ଦେଖନ୍ତୁ"},{"$i":"view-attachment-audio","$v":"ଶୁଣନ୍ତୁ"},{"$i":"view-attachment-video","$v":"ଦେଖନ୍ତୁ"},{"$i":"view-attachment-other","$v":"ଦେଖନ୍ତୁ"},{"$i":"remove-attachment-image","$v":"ଫଟୋ ଅପସାରଣ କରନ୍ତୁ"},{"$i":"remove-attachment-audio","$v":"ଅଡିଓ ଅପସାରଣ କରନ୍ତୁ"},{"$i":"remove-attachment-video","$v":"ଭିଡିଓ ଅପସାରଣ କରନ୍ତୁ"},{"$i":"remove-attachment-other","$v":"ଆଟାଚ୍‌ମେଣ୍ଟ୍ ଅପସାରଣ କରନ୍ତୁ"},{"$i":"replace-attachment-image","$v":"ଫଟୋ ବଦଳାନ୍ତୁ"},{"$i":"replace-attachment-audio","$v":"ଅଡିଓ ବଦଳାନ୍ତୁ"},{"$i":"replace-attachment-video","$v":"ଭିଡିଓ ବଦଳାନ୍ତୁ"},{"$i":"replace-attachment-other","$v":"ଆଟାଚ୍‌ମେଣ୍ଟ ବଦଳାନ୍ତୁ"},{"$i":"unsent-message-title","$v":"ପଠାଯାଇନଥିବା ସନ୍ଦେଶ"},{"$i":"unsent-message-description","$v":"ଆପଣଙ୍କ ପୂର୍ବବର୍ତ୍ତୀ ସନ୍ଦେଶ ପ୍ରେରଣ ହୋଇନଥିଲା। ଆପଣ ପ୍ରେରଣ ହୋଇନଥିବା ସନ୍ଦେଶ ସମ୍ପାଦନ କରିବାକୁ କିମ୍ୱା ପ୍ରତ୍ୟାଖ୍ୟାନ କରି ଜାରି ରଖିବାକୁ ଚାହାଁନ୍ତି କି?"},{"$i":"unsent-message-option-edit","$v":"ସମ୍ପାଦନ କରନ୍ତୁ"},{"$i":"unsent-message-option-discard","$v":"ପ୍ରତ୍ୟାଖ୍ୟାନ କରନ୍ତୁ"},{"$i":"message-options","$v":"ସନ୍ଦେଶର ବିକଳ୍ପଗୁଡିକ"},{"$i":"select-text","$v":"ଟେକ୍ସଟ୍ ଚୟନ କରନ୍ତୁ"},{"$i":"mobile","$v":"ମୋବାଇଲ୍"},{"$i":"home","$v":"ହୋମ୍"},{"$i":"work","$v":"ୱର୍କ"},{"$i":"personal","$v":"ବ୍ୟକ୍ତିଗତ"},{"$i":"faxHome","$v":"Fax ହୋମ୍"},{"$i":"faxOffice","$v":"ଫ୍ୟାକ୍ସ ଅଫିସ୍‌"},{"$i":"faxOther","$v":"ଅନ୍ୟ Fax"},{"$i":"another","$v":"ଅନ୍ୟ"},{"$i":"other","$v":"ଅନ୍ୟ"},{"$i":"today","$v":"ଆଜି"},{"$i":"yesterday","$v":"ଗତକାଲି"},{"$i":"incorrectDate","$v":"(ଭୁଲ୍ ତାରିଖ)"},{"$i":"addToExistingContact","$v":"ଏକ ବିଦ୍ୟମାନ ସମ୍ପର୍କରେ ଯୋଡ଼ନ୍ତୁ"},{"$i":"createNewContact","$v":"ନୂତନ ସମ୍ପର୍କ ସୃଷ୍ଟି କରନ୍ତୁ"},{"$i":"viewContact","$v":"ସମ୍ପର୍କ ଦେଖନ୍ତୁ"},{"$i":"sendEmail","$v":"ଇମେଲ୍ ପଠାନ୍ତୁ"},{"$i":"mms-message","$v":"MMS‌ ସନ୍ଦେଶଗୁଡିକ"},{"$i":"notDownloaded-title","$v":"ସନ୍ଦେଶ ଏପର୍ଯ୍ୟନ୍ତ ଡାଉନଲୋଡ୍ ହୋଇନାହିଁ।"},{"$i":"tobedownloaded-attachment","$v":["ଆପଣ ଏକ ମଲ୍ଟିମିଡିଆ ସନ୍ଦେଶ ପ୍ରାପ୍ତ କରିଛନ୍ତି,  ",{"t":"idOrVar","v":"date"}," ପୂର୍ବରୁ ଏହାର ବିଷୟ ଗୁଡିକ ପୁନରୁଦ୍ଧାର କରିବା ପାଇଁ ଡାଉନ୍‌ଲୋଡ୍‌କୁ ଦବାନ୍ତୁ |"]},{"$i":"expired-attachment","$v":["ଦୁଃଖିତ, ",{"t":"idOrVar","v":"date"}," ରେ ସନ୍ଦେଶର ସମୟ ସମାପ୍ତି ହୋଇଛି ଏବଂ ଡାଉନଲୋଡ୍ ହୋଇପାରିବ ନାହିଁ।"]},{"$i":"download-attachment","$v":"ଡାଉନ‌ଲୋଡ୍ କରନ୍ତୁ"},{"$i":"downloading-attachment","$v":"ଡାଉନ୍‍‌ଲୋଡ୍‍ ହେଉଛି..."},{"$i":"download-complete","$v":"ଡାଉନଲୋଡ୍ ସମ୍ପୂର୍ଣ୍ଣ"},{"$i":"unnamed-attachment","$v":"ଅନ୍ ଟାଇଟଲ୍‌ଡ୍"},{"$i":"mms-label","$v":"MMS"},{"$i":"attached-files-too-large","$v":{"zero":["ଆପଣ ଚୟନ କରିଥିବା ଫାଇଲଗୁଡିକ ",{"t":"idOrVar","v":"mmsSize"}," KB ଏକ ଏକକ ମଲ୍ଟିମିଡିଆ ସନ୍ଦେଶ ଆକାରକୁ ଅତିକ୍ରମ କରିଛି।"],"one":["ଆପଣ ଚୟନ କରିଥିବା ଫାଇଲ୍ ",{"t":"idOrVar","v":"mmsSize"}," KB ଏକ ଏକକ ମଲ୍ଟିମିଡିଆ ସନ୍ଦେଶ ଆକାରକୁ ଅତିକ୍ରମ କରିଛି।"],"two":["ଆପଣ ଚୟନ କରିଥିବା ଫାଇଲଗୁଡିକ ",{"t":"idOrVar","v":"mmsSize"}," KB ଏକ ଏକକ ମଲ୍ଟିମିଡିଆ ସନ୍ଦେଶ ଆକାରକୁ ଅତିକ୍ରମ କରିଛି।"],"few":["ଆପଣ ଚୟନ କରିଥିବା ଫାଇଲଗୁଡିକ ",{"t":"idOrVar","v":"mmsSize"}," KB ଏକ ଏକକ ମଲ୍ଟିମିଡିଆ ସନ୍ଦେଶ ଆକାରକୁ ଅତିକ୍ରମ କରିଛି।"],"many":["ଆପଣ ଚୟନ କରିଥିବା ଫାଇଲଗୁଡିକ ",{"t":"idOrVar","v":"mmsSize"}," KB ଏକ ଏକକ ମଲ୍ଟିମିଡିଆ ସନ୍ଦେଶ ଆକାରକୁ ଅତିକ୍ରମ କରିଛି।"],"other":["ଆପଣ ଚୟନ କରିଥିବା ଫାଇଲଗୁଡିକ ",{"t":"idOrVar","v":"mmsSize"}," KB ଏକ ଏକକ ମଲ୍ଟିମିଡିଆ ସନ୍ଦେଶ ଆକାରକୁ ଅତିକ୍ରମ କରିଛି।"]},"$x":[{"t":"idOrVar","v":"plural"},"n"]},{"$i":"resize-image","$v":"ଆଟାଚ୍ ହୋଇଥିବା ଫଟୋ ପୁନଃଆକାର ହେଉଛି"},{"$i":"no-attachment-text","$v":"ଆଟାଚ୍ ହୋଇଥିବା ଫାଇଲ୍ ସହିତ ଏକ ସମସ୍ୟା ରହିଛି ଏହା ଡାଉନଲୋଡ୍ ହୋଇପାରିବ ନାହିଁ |"},{"$i":"message-draft-saved","$v":"ସନ୍ଦେଶ ଡାଫ୍ଟ ଭାବେ ସେଭ୍ ହୋଇଛି"},{"$i":"sim-id-label","$v":["ସିମ୍‌ ",{"t":"idOrVar","v":"id"}]},{"$i":"sim-detail","$v":["ସିମ୍‌ ",{"t":"idOrVar","v":"id"},", ",{"t":"idOrVar","v":"detailString"}]},{"$i":"dsds-notification-title-with-sim","$v":["(",{"t":"idOrVar","v":"sim"},") ",{"t":"idOrVar","v":"sender"}]},{"$i":"send-button","ariaLabel":"ପଠାନ୍ତୁ"},{"$i":"send-button-sim-indication","$v":[{"t":"idOrVar","v":"n"}],"ariaLabel":["ସିମ୍‌ ",{"t":"idOrVar","v":"n"}," ବ୍ୟବହାର ହେଉଛି"]},{"$i":"expiry-date-format","$v":"%A, %b %e"},{"$i":"attach-button","ariaLabel":"ଆଟାଚମେଣ୍ଟ ଯୋଡ଼ନ୍ତୁ"},{"$i":"contact-photo","ariaLabel":"ସମ୍ପର୍କ ଫଟୋ"},{"$i":"unread-thread","ariaLabel":"ଅପଠିତ"},{"$i":"has-draft","ariaLabel":"ଡ୍ରାଫ୍ଟ ଅଛି"},{"$i":"is-draft","ariaLabel":"ଡ୍ରାଫ୍ଟ"},{"$i":"message-delivery-status-sending","$v":"ପଠାଯାଉଛି..."},{"$i":"message-delivery-status-delivered","ariaLabel":"ବିତରଣ କରାଯାଇଛି"},{"$i":"message-delivery-status-read","ariaLabel":"ପଢନ୍ତୁ"},{"$i":"message-delivery-status-error","ariaLabel":"ତ୍ରୁଟି"},{"$i":"modal-dialog-ok-button","$v":"ଓକେ"},{"$i":"modal-dialog-cancel-button","$v":"ବାତିଲ କରନ୍ତୁ"},{"$i":"modal-dialog-default-title","$v":"ସନ୍ଦେଶଗୁଡିକ"},{"$i":"tcl-delete-message","$v":"ସନ୍ଦେଶ ବିଲୋପିତ"},{"$i":"tcl-sending-message-toast","$v":"ସନ୍ଦେଶ ପଠାଯାଉଛି..."},{"$i":"tcl-message-converted-to-toast","$v":["ସନ୍ଦେଶ ",{"t":"idOrVar","v":"type"}," କୁ ରୂପାନ୍ତରିତ ହୋଇଛି"]},{"$i":"tcl-message-sent-toast","$v":"ସନ୍ଦେଶ ପ୍ରେରିତ ହୋଇଛି"},{"$i":"tcl-deleteMessage-confirmation2","$v":"ଚୟନିତ ସନ୍ଦେଶ ଥ୍ରେଡ୍ ବିଲୋପ କରିବେ?"},{"$i":"tcl-deleted-message","$v":{"zero":"0 ସନ୍ଦେଶ ବିଲୋପ ହୋଇଛି","one":[{"t":"idOrVar","v":"n"}," ସନ୍ଦେଶ ବିଲୋପିତ"],"two":[{"t":"idOrVar","v":"n"}," ସନ୍ଦେଶ ବିଲୋପିତ"],"few":[{"t":"idOrVar","v":"n"}," ସନ୍ଦେଶ ବିଲୋପିତ"],"many":[{"t":"idOrVar","v":"n"}," ସନ୍ଦେଶ ବିଲୋପିତ"],"other":[{"t":"idOrVar","v":"n"}," ସନ୍ଦେଶ ବିଲୋପିତ"]},"$x":[{"t":"idOrVar","v":"plural"},"n"]},{"$i":"tcl-deleted-threads","$v":{"zero":"0 ଥ୍ରେଡ ବିଲୋପିତ","one":"ଥ୍ରେଡ୍ ବିଲୋପିତ","two":[{"t":"idOrVar","v":"n"}," ସନ୍ଦେଶ ଥ୍ରେଡଗୁଡିକ ବିଲୋପିତ"],"few":[{"t":"idOrVar","v":"n"}," ସନ୍ଦେଶ ଥ୍ରେଡଗୁଡିକ ବିଲୋପିତ"],"many":[{"t":"idOrVar","v":"n"}," ସନ୍ଦେଶ ଥ୍ରେଡଗୁଡିକ ବିଲୋପିତ"],"other":[{"t":"idOrVar","v":"n"}," ସନ୍ଦେଶ ଥ୍ରେଡଗୁଡିକ ବିଲୋପିତ"]},"$x":[{"t":"idOrVar","v":"plural"},"n"]},{"$i":"tcl-simSettings","$v":"ସୂଚନା"},{"$i":"tcl-unknown-SMSC","$v":"ସୂଚନା ଉପଲବ୍ଧ ନାହିଁ"},{"$i":"tcl-sim1","$v":"ସିମ୍‌1 ସେବା କେନ୍ଦ୍ର"},{"$i":"tcl-sim2","$v":"ସିମ୍‌2 ସେବା କେନ୍ଦ୍ର"},{"$i":"tcl-auto-retrieve","$v":"ସ୍ଵତଃ ପୁନରୁଦ୍ଧାର କରନ୍ତୁ"},{"$i":"tcl-wapPushMessages","$v":"WAP ପୁଶ୍ ସନ୍ଦେଶଗୁଡିକ"},{"$i":"tcl-wapPush","$v":"WAP‌ ପୁଶ୍"},{"$i":"tcl-wap-push-on","$v":"ଅନ୍"},{"$i":"tcl-wap-push-off","$v":"ଅଫ୍"},{"$i":"tcl-auto-retrieve-messages","$v":"ସନ୍ଦେଶଗୁଡିକ ସ୍ଵତଃ ପୁନରୁଦ୍ଧାର କରନ୍ତୁ"},{"$i":"tcl-manual-retrieve","$v":"ଅଫ୍"},{"$i":"tcl-auto-roaming-retrieve","$v":"ରୋମିଂ ସହ ଅନ୍"},{"$i":"tcl-auto-no-roaming-retrieve","$v":"ରୋମିଂ ବିନା ଅନ୍"},{"$i":"tcl-message-read-reports","$v":"ରିପୋର୍ଟଗୁଡିକ ପଢ଼ନ୍ତୁ"},{"$i":"tcl-read-reports-on","$v":"ଅନ୍"},{"$i":"tcl-read-reports-off","$v":"ଅଫ୍"},{"$i":"tcl-mmsTitle","$v":"ମଲ୍ଟିମିଡିଆ ମେସେଜିଂ (MMS‌)"},{"$i":"tcl-message-delivery-reports","$v":"ବିତରଣ ରିପୋର୍ଟ"},{"$i":"tcl-delivery-reports-on","$v":"ଅନ୍"},{"$i":"tcl-delivery-reports-off","$v":"ଅଫ୍"},{"$i":"tcl-message-confirmation","$v":"ସନ୍ଦେଶ ନିଶ୍ଚିତକରଣ"},{"$i":"tcl-messageReport-title","$v":"ସନ୍ଦେଶ ବିବରଣୀ"},{"$i":"tcl-mms-label","$v":"MMS"},{"$i":"tcl-sms-label","$v":"SMS"},{"$i":"tcl-messaging-settings","$v":"ସନ୍ଦେଶ ସେଟିଂସ୍"},{"$i":"tcl-messagingSettings-header","$v":[{"t":"idOrVar","v":"tcl-messaging-settings"}]},{"$i":"tcl-confirmation-title","$v":"ନିଶ୍ଚିତକରଣ"},{"$i":"tcl-draft-save-content","$v":"ଡ୍ରାଫ୍ଟ ଭାବେ ସେଭ୍ କରିବେ?"},{"$i":"tcl-draft-discard-content","$v":"ସନ୍ଦେଶ ଆଗ୍ରାହ୍ୟ କରିଦିଆଯାଇଛି"},{"$i":"tcl-switch-on","$v":"ଅନ୍"},{"$i":"tcl-switch-off","$v":"ଅଫ୍"},{"$i":"tcl-delivery-report-desc","$v":"ପ୍ରତ୍ୟେକ ପ୍ରେରିତ ସନ୍ଦେଶ ପାଇଁ ବିତରଣ ବିଜ୍ଞପ୍ତି ଅନୁରୋଧ କରନ୍ତୁ"},{"$i":"tcl-read-report-desc","$v":"ପ୍ରତ୍ୟେକ ପ୍ରେରିତ ସନ୍ଦେଶ ପାଇଁ ପଠନ ରିପୋର୍ଟ୍ ଅନୁରୋଧ କରନ୍ତୁ"},{"$i":"tcl-auto-retrieve-desc","$v":"ସ୍ଵତଃସ୍ପୃତ ଭାବେ ସନ୍ଦେଶଗୁଡିକ ପୁନରୁଦ୍ଧାର କରନ୍ତୁ"},{"$i":"tcl-confirm-dialog-ok","$v":"ଓକେ"},{"$i":"tcl-yes","$v":"ହଁ"},{"$i":"tcl-no","$v":"ନାହିଁ"},{"$i":"tcl-delete-current-thread?","$v":"ଚୟନିତ ସନ୍ଦେଶ ଥ୍ରେଡ୍ ବିଲୋପ କରିବେ?"},{"$i":"tcl-attention","$v":"ଧ୍ୟାନ ଦିଅନ୍ତୁ"},{"$i":"tcl-options","$v":"ବିକଳ୍ପଗୁଡିକ"},{"$i":"send-failed","$v":"ପ୍ରେରଣ ବିଫଳ ହୋଇଛି।"},{"$i":"subject-removed","$v":"ବିଷୟ ଅପସାରଣ ହୋଇଛି।"},{"$i":"media-storage-limit-alert-title","$v":"ଷ୍ଟୋରେଜ୍ ପୁର୍ଣ୍ଣ"},{"$i":"media-storage-limit-alert-body","$v":"ଅଧିକ ଖାଲି ସ୍ଥାନ ପାଇବା ପାଇଁ ଆପଣ କିଛି ମିଡିଆ ଫାଇଲ୍ ବିଲୋପ କରିପାରିବେ କିମ୍ବା ଆପ୍ଲିକେସନ୍ ଡାଟା ନିୟନ୍ତ୍ରଣ କରିପାରିବେ |"},{"$i":"media-storage-limit-alert-cancel","$v":"ବାତିଲ କରନ୍ତୁ"},{"$i":"media-storage-limit-alert-setting","$v":"ସେଟିଂସ୍‌କୁ ଯାଆନ୍ତୁ"},{"$i":"email","$v":"ଇମେଲ୍"},{"$i":"go","$v":"ଯାଆନ୍ତୁ"},{"$i":"weekday-0-long","$v":"ରବିବାର"},{"$i":"weekday-1-long","$v":"ସୋମବାର"},{"$i":"weekday-2-long","$v":"ମଙ୍ଗଳବାର"},{"$i":"weekday-3-long","$v":"ବୁଧବାର"},{"$i":"weekday-4-long","$v":"ଗୁରୁବାର"},{"$i":"weekday-5-long","$v":"ଶୁକ୍ରବାର"},{"$i":"weekday-6-long","$v":"ଶନିବାର"},{"$i":"weekday-0-short","$v":"ରବି"},{"$i":"weekday-1-short","$v":"ସୋମ"},{"$i":"weekday-2-short","$v":"ମଙ୍ଗଳବାର"},{"$i":"weekday-3-short","$v":"ବୁଧ"},{"$i":"weekday-4-short","$v":"ଗୁରୁବାର"},{"$i":"weekday-5-short","$v":"ଶୁକ୍ର"},{"$i":"weekday-6-short","$v":"ଶନି"},{"$i":"month-0-long","$v":"ଜାନୁଆରୀ"},{"$i":"month-1-long","$v":"ଫେବୃଆରୀ"},{"$i":"month-2-long","$v":"ମାର୍ଚ୍ଚ"},{"$i":"month-3-long","$v":"ଏପ୍ରିଲ୍"},{"$i":"month-4-long","$v":"ମେ"},{"$i":"month-5-long","$v":"ଜୁନ୍"},{"$i":"month-6-long","$v":"ଜୁଲାଇ"},{"$i":"month-7-long","$v":"ଅଗଷ୍ଟ"},{"$i":"month-8-long","$v":"ସେପ୍ଟେମ୍ୱର୍"},{"$i":"month-9-long","$v":"ଅକ୍ଟୋବର"},{"$i":"month-10-long","$v":"ନଭେମ୍ୱର୍"},{"$i":"month-11-long","$v":"ଡିସେମ୍ଵର"},{"$i":"month-0-genitive","$v":"ଜାନୁଆରୀ"},{"$i":"month-1-genitive","$v":"ଫେବୃଆରୀ"},{"$i":"month-2-genitive","$v":"ମାର୍ଚ୍ଚ"},{"$i":"month-3-genitive","$v":"ଏପ୍ରିଲ୍"},{"$i":"month-4-genitive","$v":"ମେ"},{"$i":"month-5-genitive","$v":"ଜୁନ୍"},{"$i":"month-6-genitive","$v":"ଜୁଲାଇ"},{"$i":"month-7-genitive","$v":"ଅଗଷ୍ଟ"},{"$i":"month-8-genitive","$v":"ସେପ୍ଟେମ୍ୱର୍"},{"$i":"month-9-genitive","$v":"ଅକ୍ଟୋବର"},{"$i":"month-10-genitive","$v":"ନଭେମ୍ୱର୍"},{"$i":"month-11-genitive","$v":"ଡିସେମ୍ଵର"},{"$i":"month-0-short","$v":"ଜାନୁଆରୀ"},{"$i":"month-1-short","$v":"ଫେବୃଆରୀ"},{"$i":"month-2-short","$v":"ମାର୍ଚ୍ଚ"},{"$i":"month-3-short","$v":"ଏପ୍ରିଲ୍"},{"$i":"month-4-short","$v":"ମେ"},{"$i":"month-5-short","$v":"ଜୁନ୍"},{"$i":"month-6-short","$v":"ଜୁଲାଇ"},{"$i":"month-7-short","$v":"ଅଗଷ୍ଟ"},{"$i":"month-8-short","$v":"ସେପ୍ଟେମ୍ବର୍‌"},{"$i":"month-9-short","$v":"ଅକ୍ଟୋବର"},{"$i":"month-10-short","$v":"ନଭେମ୍ବର"},{"$i":"month-11-short","$v":"ଡିସେମ୍ବର"},{"$i":"minutes-ago-long","$v":{"zero":"ସାଙ୍ଗେସାଙ୍ଗେ","one":"ଏକ ମିନିଟ୍‌ ପୂର୍ବେ","two":[{"t":"idOrVar","v":"value"}," ମିନିଟ୍ ପୂର୍ବେ"],"few":[{"t":"idOrVar","v":"value"}," ମିନିଟ୍ ପୂର୍ବେ"],"many":[{"t":"idOrVar","v":"value"}," ମିନିଟ୍ ପୂର୍ବେ"],"other":[{"t":"idOrVar","v":"value"}," ମିନିଟ୍ ପୂର୍ବେ"]},"$x":[{"t":"idOrVar","v":"plural"},"value"]},{"$i":"hours-ago-long","$v":{"zero":"ସାଙ୍ଗେସାଙ୍ଗେ","one":"ଏକ ଘଣ୍ଟା ପୂର୍ବେ","two":[{"t":"idOrVar","v":"value"}," ଘଣ୍ଟା ପୂର୍ବେ"],"few":[{"t":"idOrVar","v":"value"}," ଘଣ୍ଟା ପୂର୍ବେ"],"many":[{"t":"idOrVar","v":"value"}," ଘଣ୍ଟା ପୂର୍ବେ"],"other":[{"t":"idOrVar","v":"value"}," ଘଣ୍ଟା ପୂର୍ବେ"]},"$x":[{"t":"idOrVar","v":"plural"},"value"]},{"$i":"days-ago-long","$v":{"zero":"ଆଜି","one":"ଗତକାଲି","two":[{"t":"idOrVar","v":"value"}," ଦିନ ପୂର୍ବେ"],"few":[{"t":"idOrVar","v":"value"}," ଦିନ ପୂର୍ବେ"],"many":[{"t":"idOrVar","v":"value"}," ଦିନ ପୂର୍ବେ"],"other":[{"t":"idOrVar","v":"value"}," ଦିନ ପୂର୍ବେ"]},"$x":[{"t":"idOrVar","v":"plural"},"value"]},{"$i":"weeks-ago-long","$v":{"zero":"ଏହି ସପ୍ତାହ","one":"ଗତ ସପ୍ତାହ","two":[{"t":"idOrVar","v":"value"}," ସପ୍ତାହ ପୂର୍ବେ"],"few":[{"t":"idOrVar","v":"value"}," ସପ୍ତାହ ପୂର୍ବେ"],"many":[{"t":"idOrVar","v":"value"}," ସପ୍ତାହ ପୂର୍ବେ"],"other":[{"t":"idOrVar","v":"value"}," ସପ୍ତାହ ପୂର୍ବେ"]},"$x":[{"t":"idOrVar","v":"plural"},"value"]},{"$i":"months-ago-long","$v":{"zero":"ଏହି ମାସ","one":"ଗତ ମାସ","two":[{"t":"idOrVar","v":"value"}," ମାସ ପୂର୍ବେ"],"few":[{"t":"idOrVar","v":"value"}," ମାସ ପୂର୍ବେ"],"many":[{"t":"idOrVar","v":"value"}," ମାସ ପୂର୍ବେ"],"other":[{"t":"idOrVar","v":"value"}," ମାସ ପୂର୍ବେ"]},"$x":[{"t":"idOrVar","v":"plural"},"value"]},{"$i":"years-ago-long","$v":{"zero":"ଏହି ବର୍ଷ","one":"ଗତ ବର୍ଷ","two":[{"t":"idOrVar","v":"value"}," ବର୍ଷ ପୂର୍ବେ"],"few":[{"t":"idOrVar","v":"value"}," ବର୍ଷ ପୂର୍ବେ"],"many":[{"t":"idOrVar","v":"value"}," ବର୍ଷ ପୂର୍ବେ"],"other":[{"t":"idOrVar","v":"value"}," ବର୍ଷ ପୂର୍ବେ"]},"$x":[{"t":"idOrVar","v":"plural"},"value"]},{"$i":"minutes-until-long","$v":{"zero":"ବର୍ତ୍ତମାନ","one":"ଏକ ମିନିଟ୍‌ ରେ","two":[{"t":"idOrVar","v":"value"}," ମିନିଟ୍‌ରେ"],"few":[{"t":"idOrVar","v":"value"}," ମିନିଟ୍‌ରେ"],"many":[{"t":"idOrVar","v":"value"}," ମିନିଟ୍‌ରେ"],"other":[{"t":"idOrVar","v":"value"}," ମିନିଟ୍‌ରେ"]},"$x":[{"t":"idOrVar","v":"plural"},"value"]},{"$i":"hours-until-long","$v":{"zero":"ବର୍ତ୍ତମାନ","one":"ଏକ ଘଣ୍ଟାରେ","two":[{"t":"idOrVar","v":"value"}," ଘଣ୍ଟାରେ"],"few":[{"t":"idOrVar","v":"value"}," ଘଣ୍ଟାରେ"],"many":[{"t":"idOrVar","v":"value"}," ଘଣ୍ଟାରେ"],"other":[{"t":"idOrVar","v":"value"}," ଘଣ୍ଟାରେ"]},"$x":[{"t":"idOrVar","v":"plural"},"value"]},{"$i":"days-until-long","$v":{"zero":"ଆଜି","one":"ଆସନ୍ତାକାଲି","two":[{"t":"idOrVar","v":"value"}," ଦିନରେ"],"few":[{"t":"idOrVar","v":"value"}," ଦିନରେ"],"many":[{"t":"idOrVar","v":"value"}," ଦିନରେ"],"other":[{"t":"idOrVar","v":"value"}," ଦିନରେ"]},"$x":[{"t":"idOrVar","v":"plural"},"value"]},{"$i":"weeks-until-long","$v":{"zero":"ଏହି ସପ୍ତାହ","one":"ପରବର୍ତ୍ତୀ ସପ୍ତାହ","two":[{"t":"idOrVar","v":"value"}," ସପ୍ତାହରେ"],"few":[{"t":"idOrVar","v":"value"}," ସପ୍ତାହରେ"],"many":[{"t":"idOrVar","v":"value"}," ସପ୍ତାହରେ"],"other":[{"t":"idOrVar","v":"value"}," ସପ୍ତାହରେ"]},"$x":[{"t":"idOrVar","v":"plural"},"value"]},{"$i":"months-until-long","$v":{"zero":"ଏହି ମାସ","one":"ପରବର୍ତ୍ତୀ ମାସ","two":[{"t":"idOrVar","v":"value"}," ମାସରେ"],"few":[{"t":"idOrVar","v":"value"}," ମାସରେ"],"many":[{"t":"idOrVar","v":"value"}," ମାସରେ"],"other":[{"t":"idOrVar","v":"value"}," ମାସରେ"]},"$x":[{"t":"idOrVar","v":"plural"},"value"]},{"$i":"years-until-long","$v":{"zero":"ଏହି ବର୍ଷ","one":"ପରବର୍ତ୍ତୀ ବର୍ଷ","two":[{"t":"idOrVar","v":"value"}," ବର୍ଷରେ"],"few":[{"t":"idOrVar","v":"value"}," ବର୍ଷରେ"],"many":[{"t":"idOrVar","v":"value"}," ବର୍ଷରେ"],"other":[{"t":"idOrVar","v":"value"}," ବର୍ଷରେ"]},"$x":[{"t":"idOrVar","v":"plural"},"value"]},{"$i":"minutes-ago-short","$v":{"zero":"ସାଙ୍ଗେସାଙ୍ଗେ","other":[{"t":"idOrVar","v":"value"},"m ପୂର୍ବେ"]},"$x":[{"t":"idOrVar","v":"plural"},"value"]},{"$i":"hours-ago-short","$v":{"zero":"ସାଙ୍ଗେସାଙ୍ଗେ","other":[{"t":"idOrVar","v":"value"},"h ପୂର୍ବେ"]},"$x":[{"t":"idOrVar","v":"plural"},"value"]},{"$i":"days-ago-short","$v":{"zero":"ଆଜି","other":[{"t":"idOrVar","v":"value"},"d ପୂର୍ବେ"]},"$x":[{"t":"idOrVar","v":"plural"},"value"]},{"$i":"minutes-until-short","$v":{"zero":"ବର୍ତ୍ତମାନ","other":[{"t":"idOrVar","v":"value"}," ମାସରେ"]},"$x":[{"t":"idOrVar","v":"plural"},"value"]},{"$i":"hours-until-short","$v":{"zero":"ବର୍ତ୍ତମାନ","other":[{"t":"idOrVar","v":"value"}," ଘଣ୍ଟାରେ"]},"$x":[{"t":"idOrVar","v":"plural"},"value"]},{"$i":"days-until-short","$v":{"zero":"ଆଜି","other":[{"t":"idOrVar","v":"value"}," ଦିନରେ"]},"$x":[{"t":"idOrVar","v":"plural"},"value"]},{"$i":"dateTimeFormat_%c","$v":"%a %b %e %Y %I:%M:%S %p"},{"$i":"dateTimeFormat_%x","$v":"%m/%d/%Y"},{"$i":"dateTimeFormat_%X","$v":"%I:%M:%S %p"},{"$i":"shortTimeFormat","$v":"%I:%M %p"},{"$i":"shortTimeFormat12","$v":"%I:%M %p"},{"$i":"shortTimeFormat24","$v":"%H:%M"},{"$i":"shortDateTimeFormat","$v":"%x %I:%M %p"},{"$i":"weekStartsOnMonday","$v":"0"},{"$i":"firstDayOfTheWeek","$v":"0"},{"$i":"time_am","$v":"AM"},{"$i":"time_pm","$v":"PM"},{"$i":"softkey-options","$v":"ବିକଳ୍ପଗୁଡିକ"},{"$i":"emergencyNumber","$v":"ଜରୁରୀକାଳୀନ ନମ୍ଵର"},{"$i":"callAirplaneModeMessage","$v":"କଲ୍ କରିବାକୁ ଆପଣଙ୍କ ସେଟିଂସରେ ଏୟାର୍‌ପ୍ଲେନ୍ ମୋଡ୍ ଅକ୍ଷମ କରିବା ଆବଶ୍ୟକ।"},{"$i":"callAirplaneModeBtnOk","$v":"ଓକେ"},{"$i":"callAirplaneModeTitle","$v":"ଏୟାର୍‌ପ୍ଲେନ୍ ମୋଡ୍ ସକ୍ରିୟ ହୋଇଛି"},{"$i":"numberIsBusyTitle","$v":"ନମ୍ଵର ବ୍ୟସ୍ତ"},{"$i":"numberIsBusyMessage","$v":"ନମ୍ଵର ବର୍ତ୍ତମାନ ବ୍ୟସ୍ତ ଅଛି। ଦୟାକରି ପରେ ପୁନଃଚେଷ୍ଟା କରନ୍ତୁ।"},{"$i":"fdnIsActiveTitle","$v":"FDN‌ ସକ୍ରିୟ ଅଛି"},{"$i":"fdnIsActiveMessage","$v":["FDN‌ (ଫିକ୍ସଡ୍ ଡାୟଲିଂ ନମ୍ବର) ସକ୍ରିୟ ହୋଇଛି ଏବଂ ନିମ୍ନଲିଖିତ ନମ୍ଵର ଆପଣଙ୍କ FDN‌ ଲିଷ୍ଟ୍‌ରେ ନାହିଁ: ",{"t":"idOrVar","v":"number"}]},{"$i":"emergencyDialogBodyBadNumber","$v":"କଲ୍ କରିବାକୁ, ଫୋନଟି ଏକ ନେଟୱାର୍କ ସହ ସଂଯୋଜିତ ରହିବା ଆବଶ୍ୟକ।"},{"$i":"emergencyDialogBodyDeviceNotAccepted","$v":"ଏହି ନେଟ୍‌ୱାର୍କ୍ ଦ୍ୱାରା ଜରୁରୀକାଳୀନ କଲ୍‌ର ଅନୁମତି ନାହିଁ |"},{"$i":"emergencyDialogBtnOk","$v":"ଓକେ"},{"$i":"emergencyDialogTitle","$v":"କିଛି ନେଟ୍‍ୱାର୍କ ସଂଯୋଗ ନାହିଁ"},{"$i":"invalidNumberToDialTitle","$v":"ଅବୈଧ ଫୋନ୍ ନମ୍ୱର"},{"$i":"invalidNumberToDialMessage","$v":"ଆପଣ କଲ୍ କରୁଥିବା ଫୋନ୍ ନମ୍ଵର ବୈଧ ନୁହେଁ।"},{"$i":"unableToCallTitle","$v":"ବର୍ତ୍ତମାନ ଫୋନ୍ କଲ୍ କରିବାକୁ ଅସମର୍ଥ"},{"$i":"unableToCallMessage","$v":"କଲ୍ କରିପାରିବେ ନାହିଁ | ଯଦି ଆପଣ ପୂର୍ବରୁ ଡାୟଲ୍ କରୁଛନ୍ତି, ଦୟାକରି ପ୍ରଥମେ ହ୍ୟାଙ୍ଗ ଅପ୍‌ କରନ୍ତୁ |"},{"$i":"otherConnectionInUseTitle","$v":"ଅନ୍ୟ ସଂଯୋଜନା ବ୍ୟବହାର ହେଉଛି"},{"$i":"otherConnectionInUseMessage","$v":"ଅନ୍ୟ ସଂଯୋଜନାରେ ଆପଣଙ୍କର ଏକ ସକ୍ରିୟ କଲ୍ ଅଛି। ଆପଣ ଏକ ସମୟରେ ଗୋଟିଏ ସଂଯୋଜନା ବ୍ୟବହାର କରିପାରିବେ |"},{"$i":"connectingEllipsis","$v":"ସଂଯୋଗ କରୁଛି..."}]