[{"$i":"messages","$v":"ਸੰਦੇਸ਼"},{"$i":"deleteMessages-title","$v":"ਚੁਣੋ"},{"$i":"selectThreads-title","$v":"ਚੁਣੋ"},{"$i":"edit","$v":"ਸੰਪਾਦਿਤ ਕਰੋ"},{"$i":"back","$v":"ਵਾਪਿਸ ਜਾਓ"},{"$i":"cancel","$v":"ਰੱਦ ਕਰੋ"},{"$i":"undo","$v":"ਅਨਡੂ ਕਰੋ"},{"$i":"done","$v":"ਪੂਰਾ ਹੋਇਆ"},{"$i":"delete","$v":"ਮਿਟਾਓ"},{"$i":"deleting-messages","$v":"ਮਿਟਾ ਰਿਹਾ ਹੈ..."},{"$i":"select-all","$v":"ਸਾਰੇ ਚੁਣੋ"},{"$i":"deselect-all","$v":"ਸਾਰਿਆਂ ਨੂੰ ਅਣਚੁਣਿਆ ਕਰੋ"},{"$i":"selected-threads","$v":{"zero":"0 ਚੁਣਿਆ","one":[{"t":"idOrVar","v":"n"}," ਚੁਣੇ ਗਏ"],"two":[{"t":"idOrVar","v":"n"}," ਚੁਣੇ ਗਏ"],"few":[{"t":"idOrVar","v":"n"}," ਚੁਣੇ ਗਏ"],"many":[{"t":"idOrVar","v":"n"}," ਚੁਣੇ ਗਏ"],"other":[{"t":"idOrVar","v":"n"}," ਚੁਣੇ ਗਏ"]},"$x":[{"t":"idOrVar","v":"plural"},"n"]},{"$i":"selected-messages","$v":{"zero":"0 ਚੁਣਿਆ","one":[{"t":"idOrVar","v":"n"}," ਚੁਣੇ ਗਏ"],"two":[{"t":"idOrVar","v":"n"}," ਚੁਣੇ ਗਏ"],"few":[{"t":"idOrVar","v":"n"}," ਚੁਣੇ ਗਏ"],"many":[{"t":"idOrVar","v":"n"}," ਚੁਣੇ ਗਏ"],"other":[{"t":"idOrVar","v":"n"}," ਚੁਣੇ ਗਏ"]},"$x":[{"t":"idOrVar","v":"plural"},"n"]},{"$i":"selectThreads-label","$v":"ਥ੍ਰੈਡ ਚੁਣੋ"},{"$i":"selectMessages-label","$v":"ਸੰਦੇਸ਼ ਚੁਣੋ"},{"$i":"new-message","$v":"ਨਵਾਂ ਸੰਦੇਸ਼"},{"$i":"delete-thread","$v":"ਥ੍ਰੈਡ ਮਿਟਾਓ"},{"$i":"create-new-contact","$v":"ਨਵਾਂ ਸੰਪਰਕ ਬਣਾਓ"},{"$i":"add-to-contact","$v":"ਕਿਸੇ ਮੌਜੂਦਾ ਸੰਪਰਕ ਵਿੱਚ ਜੋੜੋ"},{"$i":"select-thread","$v":"ਥ੍ਰੈਡ ਚੁਣੋ"},{"$i":"settings","$v":"ਸੈਟਿੰਗਸ"},{"$i":"select","$v":"ਚੁਣੋ"},{"$i":"sk-save-as-draft","$v":"ਡ੍ਰਾਫ਼ਟ ਵਜੋਂ ਸੇਵ ਕਰੋ"},{"$i":"send","$v":"ਭੇਜੋ"},{"$i":"add-contact","$v":"ਸੰਪਰਕ ਜੋੜੋ"},{"$i":"add-suggestion","$v":"ਜੋੜੋ"},{"$i":"add-subject","$v":"ਵਿਸ਼ਾ ਜੋੜੋ"},{"$i":"remove-subject","$v":"ਵਿਸ਼ਾ ਹਟਾਓ"},{"$i":"add-attachment","$v":"ਅਟੈਚਮੈਂਟ ਜੋੜੋ"},{"$i":"remove-attachment","$v":"ਅਟੈਚਮੈਂਟ ਹਟਾਓ"},{"$i":"replace-attachment","$v":"ਅਟੈਚਮੈਂਟ ਬਦਲੋ"},{"$i":"select-messages","$v":"ਸੰਦੇਸ਼ ਚੁਣੋ"},{"$i":"call","$v":"ਕਾਲ ਕਰੋ"},{"$i":"forward","$v":"ਫਾਰਵਰਡ ਕਰੋ"},{"$i":"view-message-report","$v":"ਸੰਦੇਸ਼ ਦੇ ਵੇਰਵੇ ਦੇਖੋ"},{"$i":"resend-message","$v":"ਇਹ ਸੰਦੇਸ਼ ਦੁਬਾਰਾ ਭੇਜੋ"},{"$i":"cancel-view-report","$v":"ਰੱਦ ਕਰੋ"},{"$i":"ok","$v":"ਠੀਕ ਹੈ"},{"$i":"enter","$v":"ਦਾਖਲ ਕਰੋ"},{"$i":"open","$v":"ਖੋਲ੍ਹੋ"},{"$i":"to","$v":"ਵੱਲ"},{"$i":"new","$v":"ਨਵੇਂ"},{"$i":"message","$v":"ਸੰਦੇਸ਼"},{"$i":"messagesInput_placeholder","$v":"ਸੰਦੇਸ਼"},{"$i":"messagesSubjectInput_placeholder","$v":"ਵਿਸ਼ਾ"},{"$i":"converted-to-mms","$v":"ਮਲਟੀਮੀਡੀਆ ਸੰਦੇਸ਼ ਵਿੱਚ ਬਦਲ ਰਿਹਾ ਹੈ।"},{"$i":"converted-to-sms","$v":"ਟੈਕਸਟ ਸੰਦੇਸ਼ ਵਿੱਚ ਬਦਲ ਰਿਹਾ ਹੈ।"},{"$i":"messages-max-length-text","$v":"ਤੁਸੀਂ ਅਧਿਕਤਮ ਲੰਬਾਈ ਤੱਕ ਪਹੁੰਚ ਗਏ ਹੋ ।"},{"$i":"messages-max-subject-length-text","$v":"ਵਿਸ਼ੇ ਦੀ ਅਧਿਕਤਮ ਲੰਬਾਈ ਤੱਕ ਪਹੁੰਚ ਗਏ।"},{"$i":"multimedia-message-exceeded-max-length","$v":["ਤੁਹਾਡੇ ਸਿੰਗਲ ਮਲਟੀਮੀਡੀਆ ਸੰਦੇਸ਼ ਦੀ ਸੀਮਾ ",{"t":"idOrVar","v":"mmsSize"}," KB ਆਕਾਰ ਤੋਂ ਵੱਧ ਹੋ ਗਈ ਹੈ।। ਅਟੈਚਮੈਂਟ ਹਟਾਓ ਜਾਂ ਸੰਦੇਸ਼ ਨੂੰ ਭੇਜਣ ਲਈ ਛੋਟਾ ਕਰੋ।"]},{"$i":"newMessage","$v":"ਨਵਾਂ ਸੰਦੇਸ਼"},{"$i":"sendMessage","$v":"ਸੰਦੇਸ਼ ਭੇਜੋ"},{"$i":"sendMMSToEmail","$v":"ਮਲਟੀਮੀਡੀਆ ਸੰਦੇਸ਼ ਭੇਜੋ"},{"$i":"no-recipient","$v":"(ਕੋਈ ਪ੍ਰਾਪਤਕਰਤਾ ਨਹੀਂ)"},{"$i":"recipient","$v":{"one":[{"t":"idOrVar","v":"n"}," ਪ੍ਰਾਪਤਕਰਤਾ"],"two":[{"t":"idOrVar","v":"n"}," ਪ੍ਰਾਪਤਕਰਤਾ"],"few":[{"t":"idOrVar","v":"n"}," ਪ੍ਰਾਪਤਕਰਤਾ"],"many":[{"t":"idOrVar","v":"n"}," ਪ੍ਰਾਪਤਕਰਤਾ"],"other":[{"t":"idOrVar","v":"n"}," ਪ੍ਰਾਪਤਕਰਤਾ"]},"$x":[{"t":"idOrVar","v":"plural"},"n"]},{"$i":"attachmentSizeB","$v":[{"t":"idOrVar","v":"n"}," B"]},{"$i":"attachmentSizeKB","$v":[{"t":"idOrVar","v":"n"}," KB"]},{"$i":"attachmentSizeMB","$v":[{"t":"idOrVar","v":"n"}," MB"]},{"$i":"attachmentOpenError","$v":"ਇਹ ਕਿਸਮ ਦੀ ਫਾਇਲ ਖੋਲਣ ਲਈ ਕੋਈ ਐਪਲੀਕੇਸ਼ਨ ਉਪਲਬਧ ਨਹੀਂ ਹੈ।"},{"$i":"remove","$v":"ਹਟਾਓ"},{"$i":"participant","$v":{"one":[{"t":"idOrVar","v":"n"}," ਪ੍ਰਤੀਭਾਗੀ"],"two":[{"t":"idOrVar","v":"n"}," ਪ੍ਰਤੀਭਾਗੀ"],"few":[{"t":"idOrVar","v":"n"}," ਪ੍ਰਤੀਭਾਗੀ"],"many":[{"t":"idOrVar","v":"n"}," ਪ੍ਰਤੀਭਾਗੀ"],"other":[{"t":"idOrVar","v":"n"}," ਪ੍ਰਤੀਭਾਗੀ"]},"$x":[{"t":"idOrVar","v":"plural"},"n"]},{"$i":"message-report","$v":"ਸੰਦੇਸ਼ ਦੀ ਰਿਪੋਰਟ"},{"$i":"message-type-sms","$v":"ਟੈਕਸਟ ਸੰਦੇਸ਼ (SMS)"},{"$i":"message-type-mms","$v":"ਮਲਟੀਮੀਡਿਆ ਸੰਦੇਸ਼ (MMS)"},{"$i":"sms-report-description","$v":["ਤੁਹਾਡਾ ਟੈਕਸਟ ਸੰਦੇਸ਼ (SMS), ",{"t":"idOrVar","v":"datetime"}," ਨੂੰ ਭੇਜਿਆ ਗਿਆ ਸੀ"]},{"$i":"mms-report-description","$v":["ਤੁਹਾਡਾ ਮਲਟੀਮੀਡੀਆ ਸੰਦੇਸ਼ (MMS), ਵਿਸ਼ਾ",{"t":"idOrVar","v":"subject"},", ",{"t":"idOrVar","v":"datetime"}," ਨੂੰ ਭੇਜਿਆ ਗਿਆ ਸੀ"]},{"$i":"mms-no-subject-report-description","$v":["ਤੁਹਾਡਾ ਮਲਟੀਮੀਡੀਆ ਸੰਦੇਸ਼ (MMS), ",{"t":"idOrVar","v":"datetime"}," ਨੂੰ ਭੇਜਿਆ ਗਿਆ ਸੀ"]},{"$i":"message-subject","$v":"ਵਿਸ਼ਾ:"},{"$i":"report-status-error","$v":"ਸੰਦੇਸ਼ ਭੇਜਿਆ ਨਹੀਂ ਜਾ ਸਕਦਾ"},{"$i":"report-status-not-downloaded","$v":"ਡਾਊਨਲੋਡ ਨਹੀਂ ਹੋਇਆ"},{"$i":"report-status-delivered","$v":"ਡਿਲੀਵਰ ਕੀਤਾ ਗਿਆ :"},{"$i":"report-status-read","$v":"ਪੜ੍ਹ ਲਿਆ ਹੈ:"},{"$i":"report-status-pending","$v":"ਰਿਪੋਰਟ ਲਈ ਬੇਨਤੀ ਕੀਤੀ ਗਈ"},{"$i":"report-status-rejected","$v":"ਸੰਦੇਸ਼ ਅਸਵੀਕਾਰ ਕੀਤਾ ਗਿਆ"},{"$i":"message-size-was","$v":"ਸੰਦੇਸ਼ ਦਾ ਆਕਾਰ:"},{"$i":"report-dateTimeFormat12","$v":["%e %B %Y, ",{"t":"idOrVar","v":"shortTimeFormat12"}]},{"$i":"report-dateTimeFormat24","$v":["%e %B %Y, ",{"t":"idOrVar","v":"shortTimeFormat24"}]},{"$i":"report-to-title","$v":"ਵੱਲ"},{"$i":"report-from-title","$v":"ਤੋਂ"},{"$i":"message-sent","$v":"ਭੇਜਿਆ ਗਿਆ:"},{"$i":"message-sending","$v":[{"t":"idOrVar","v":"message-delivery-status-sending"}]},{"$i":"message-received","$v":"ਪ੍ਰਾਪਤ ਹੋਇਆ:"},{"$i":"message-via","$v":"ਦੁਆਰਾ:"},{"$i":"message-resend","$v":"ਦੁਬਾਰਾ ਭੇਜੋ"},{"$i":"search","$v":"ਖੋਜੋ"},{"$i":"unknown-contact-title","$v":"ਅਗਿਆਤ ਸੰਪਰਕ"},{"$i":"phone-type-separator","$v":", "},{"$i":"phone-carrier-separator","$v":" "},{"$i":"thread-participant-separator","$v":", "},{"$i":"replace-draft","$v":"ਮੌਜੂਦਾ ਡ੍ਰਾਫ਼ਟ ਬਦਲੋ"},{"$i":"save-as-draft","$v":"ਸੇਵ ਕਰੋ"},{"$i":"discard-message","$v":"ਰੱਦ ਕਰੋ"},{"$i":"discard-sms","$v":"ਕੀ ਤੁਸੀਂ ਇਸ ਸੰਦੇਸ਼ ਨੂੰ ਰੱਦ ਕਰਨਾ ਚਾਹੁੰਦੇ ਹੋ?"},{"$i":"discard-new-message","$v":"ਜੋ ਸੰਦੇਸ਼ ਤੁਸੀਂ ਲਿਖ ਰਹੇ ਹੋ ਉਸਨੂੰ ਰੱਦ ਕਰੋ ਅਤੇ ਨਵਾਂ ਸੰਦੇਸ਼ ਖੋਲ੍ਹੋ?"},{"$i":"resend-confirmation","$v":"ਸੰਦੇਸ਼ ਭੇਜਿਆ ਨਹੀਂ ਜਾ ਸਕਿਆ। ਦੁਬਾਰਾ ਕੋਸ਼ਿਸ਼ ਕਰੋ ?"},{"$i":"deleteMessage-confirmation","$v":"ਚੁਣਿੰਦਾ ਸੰਦੇਸ਼ ਮਿਟਾਓ?"},{"$i":"deleteMessages-confirmation","$v":"ਚੁਣਿੰਦਾ ਸੰਦੇਸ਼ ਮਿਟਾਓ?"},{"$i":"deleteThreads-confirmation2","$v":{"one":"ਚੁਣੇ ਹੋਏ ਸੰਦੇਸ਼ ਥ੍ਰੈਡ ਨੂੰ ਮਿਟਾਉਣਾ ਹੈ?","other":"ਚੁਣੇ ਹੋਏ ਸੰਦੇਸ਼ ਥ੍ਰੈਡ ਮਿਟਾਉਣੇ ਹਨ?"},"$x":[{"t":"idOrVar","v":"plural"},"n"]},{"$i":"new-message-notice-text","$v":"ਵਲੋਂ ਨਵਾਂ ਸੰਦੇਸ਼"},{"$i":"new-message-notice-a-text","$v":"ਇਸ ਨੂੰ ਪੜ੍ਹੋ"},{"$i":"noMessages-title","$v":"ਕੋਈ ਸੰਦੇਸ਼ ਨਹੀਂ ਹੈ"},{"$i":"noMessages-text","$v":"ਸੰਪਰਕ ਸ਼ੁਰੂ ਕਰਨ ਲਈ ਨਵਾਂ ਸੰਦੇਸ਼ ਨੂੰ ਦਬਾਓ।"},{"$i":"sendDefaultErrorTitle","$v":"ਸੰਦੇਸ਼ ਨਹੀਂ ਭੇਜਿਆ ਗਿਆ"},{"$i":"sendDefaultErrorBody","$v":"ਸੰਦੇਸ਼ ਭੇਜਣ ਸਮੇਂ ਤਰੁੱਟੀ ਆਈ। ਕਿਰਪਾ ਦੁਬਾਰਾ ਕੋਸ਼ਿਸ਼ ਕਰੋ।"},{"$i":"sendDefaultErrorBtnOk","$v":"ਠੀਕ ਹੈ"},{"$i":"sendMissingSimCardTitle","$v":"ਸਿਮ ਕਾਰਡ ਗੁਮ ਹੈ"},{"$i":"sendMissingSimCardBody","$v":"ਜਾਰੀ ਰੱਖਣ ਲਈ ਵੈਧ ਸਿਮ ਕਾਰਡ ਪਾਓ ।"},{"$i":"sendMissingSimCardBtnOk","$v":"ਠੀਕ ਹੈ"},{"$i":"sendFlightModeTitle","$v":"ਏਅਰਪਲੇਨ ਮੋਡ ਸਕਿਰਿਆ ਕੀਤਾ ਗਿਆ"},{"$i":"sendFlightModeBody","$v":"ਸੰਦੇਸ਼ ਭੇਜਣ ਲਈ ਏਅਰਪਲੇਨ ਮੋਡ ਔਫ ਕਰੋ।"},{"$i":"sendFlightModeBtnOk","$v":"ਠੀਕ ਹੈ"},{"$i":"radioDisabledToDownloadTitle","$v":[{"t":"idOrVar","v":"sendFlightModeTitle"}]},{"$i":"radioDisabledToDownloadBody","$v":"ਅਟੈਚਮੈਂਟ ਡਾਊਨਲੋਡ ਕਰਨ ਲਈ ਏਅਰਪਲੇਨ ਮੋਡ ਔਫ ਕਰੋ।"},{"$i":"radioDisabledToDownloadBtnOk","$v":[{"t":"idOrVar","v":"sendFlightModeBtnOk"}]},{"$i":"fdnErrorTitle","$v":"FDN ਸਕਿਰਿਆ ਹੈ"},{"$i":"needConnectWifiBody","$v":"ਕੋਈ ਵੀ ਸੈਲੂਲਰ ਨੈਟਵਰਕ ਉਪਲਬਧ ਨਹੀਂ ਹੈ। ਸੰਦੇਸ਼ ਭੇਜਣ ਲਈ ਕਿਸੇ ਉਪਲਬਧ WiFi ਨੈਟਵਰਕ ਨਾਲ ਕਨੈਕਟ ਕਰੋ।"},{"$i":"needConnectWifiTitle","$v":"ਸੰਦੇਸ਼ ਨਹੀਂ ਭੇਜਿਆ ਗਿਆ"},{"$i":"sms-counter-notice-label","$v":["SMS ",{"t":"idOrVar","v":"number"}," ਸੰਪਾਦਿਤ ਹੋ ਰਿਹਾ ਹੈ"]},{"$i":"fdnErrorBody","innerHTML":{"$x":[{"t":"idOrVar","v":"plural"},"n"],"$v":{"one":"FDN (ਫਿਕਸਡ ਡਾਇਲਿੰਗ ਨੰਬਰ) ਕਿਰਿਆਸ਼ੀਲ ਹੈ। ਯਕੀਨੀ ਬਣਾਓ ਕਿ SMS ਸੈਂਟਰ ਅਤੇ ਹੇਠਾਂ ਦਿੱਤਾ ਪ੍ਰਾਪਤਕਰਤਾ ਤੁਹਾਡੀ FDN ਲਿਸਟ ਵਿੱਚ ਹੈ:","two":"FDN (ਫਿਕਸਡ ਡਾਇਲਿੰਗ ਨੰਬਰ) ਕਿਰਿਆਸ਼ੀਲ ਹੈ। ਯਕੀਨੀ ਬਣਾਓ ਕਿ SMS ਸੈਂਟਰ ਅਤੇ ਹੇਠਾਂ ਦਿੱਤਾ ਪ੍ਰਾਪਤਕਰਤਾ ਤੁਹਾਡੀ FDN ਲਿਸਟ ਵਿੱਚ ਹੈ:","few":"FDN (ਫਿਕਸਡ ਡਾਇਲਿੰਗ ਨੰਬਰ) ਕਿਰਿਆਸ਼ੀਲ ਹੈ। ਯਕੀਨੀ ਬਣਾਓ ਕਿ SMS ਸੈਂਟਰ ਅਤੇ ਹੇਠਾਂ ਦਿੱਤਾ ਪ੍ਰਾਪਤਕਰਤਾ ਤੁਹਾਡੀ FDN ਲਿਸਟ ਵਿੱਚ ਹੈ:","many":"FDN (ਫਿਕਸਡ ਡਾਇਲਿੰਗ ਨੰਬਰ) ਕਿਰਿਆਸ਼ੀਲ ਹੈ। ਯਕੀਨੀ ਬਣਾਓ ਕਿ SMS ਸੈਂਟਰ ਅਤੇ ਹੇਠਾਂ ਦਿੱਤਾ ਪ੍ਰਾਪਤਕਰਤਾ ਤੁਹਾਡੀ FDN ਲਿਸਟ ਵਿੱਚ ਹੈ:","other":"FDN (ਫਿਕਸਡ ਡਾਇਲਿੰਗ ਨੰਬਰ) ਕਿਰਿਆਸ਼ੀਲ ਹੈ। ਯਕੀਨੀ ਬਣਾਓ ਕਿ SMS ਸੈਂਟਰ ਅਤੇ ਹੇਠਾਂ ਦਿੱਤਾ ਪ੍ਰਾਪਤਕਰਤਾ ਤੁਹਾਡੀ FDN ਲਿਸਟ ਵਿੱਚ ਹੈ:"}}},{"$i":"fdnErrorBtnOk","$v":"ਠੀਕ ਹੈ"},{"$i":"switchSimToRetrieveTitle","$v":"ਡੇਟਾ ਕਨੈਕਸ਼ਨ ਸਵਿਚ ਕਰੋ"},{"$i":"switchSimToRetrieveBody","$v":["MMS ਨੂੰ ਮੁੜ ਪ੍ਰਾਪਤ ਕਰਨ ਲਈ ਡੇਟਾ ਕਨੈਕਸ਼ਨ ਨੂੰ ਸਿਮ ",{"t":"idOrVar","v":"nonActiveSimId"}," ਤੇ ਸਵਿਚ ਕਰੋ। ਸਿਮ ",{"t":"idOrVar","v":"activeSimId"}," ਤੇ ਵਰਤਮਾਨ ਡੇਟਾ ਟ੍ਰਾਂਸਫਰ ਨੂੰ ਰੱਦ ਕੀਤਾ ਜਾਏਗਾ। ਫਿਰ ਵੀ ਜਾਰੀ ਰੱਖੋ ?"]},{"$i":"switchSimToRetrieveBtnOk","$v":"ਬਾਅਦ ਵਿੱਚ"},{"$i":"switchSimToRetrieveConfirm","$v":"ਠੀਕ ਹੈ"},{"$i":"switchSimToSendTitle","$v":[{"t":"idOrVar","v":"switchSimToRetrieveTitle"}]},{"$i":"switchSimToSendBody","$v":["MMS ਭੇਜਣ ਲਈ ਡੇਟਾ ਕਨੈਕਸ਼ਨ ਨੂੰ ਸਿਮ ",{"t":"idOrVar","v":"nonActiveSimId"}," ਤੇ ਸਵਿਚ ਕਰੋ । ਸਿਮ ",{"t":"idOrVar","v":"activeSimId"}," ਤੇ ਵਰਤਮਾਨ ਡੇਟਾ ਟ੍ਰਾਂਸਫਰ ਨੂੰ ਰੱਦ ਕੀਤਾ ਜਾਏਗਾ। ਫਿਰ ਵੀ ਜਾਰੀ ਰੱਖੋ ?"]},{"$i":"switchSimToSendBtnOk","$v":[{"t":"idOrVar","v":"switchSimToRetrieveBtnOk"}]},{"$i":"switchSimToSendConfirm","$v":[{"t":"idOrVar","v":"switchSimToRetrieveConfirm"}]},{"$i":"sendNoSignalErrorTitle","$v":"ਕੋਈ ਨੈਟਵਰਕ ਕਵਰੇਜ਼ ਨਹੀਂ ਹੈ"},{"$i":"sendNoSignalErrorBody","$v":"ਯਕੀਨੀ ਬਣਾਓ ਤੁਹਾਡੇ ਕੋਲ ਮੋਬਾਇਲ ਸਿਗਨਲ ਹੈ ਅਤੇ ਦੁਬਾਰਾ ਕੋਸ਼ਿਸ਼ ਕਰੋ।"},{"$i":"sendNoSignalErrorBtnOk","$v":"ਠੀਕ ਹੈ"},{"$i":"sendNotFoundErrorTitle","$v":"ਸੰਦੇਸ਼ ਨਹੀਂ ਮਿਲਿਆ"},{"$i":"sendNotFoundErrorBody","$v":"ਜਿਸ ਸੰਦੇਸ਼ ਨੂੰ ਤੁਸੀਂ ਲੱਭ ਰਹੇ ਹੋ ਉਹ ਉਪਲਬਧ ਨਹੀਂ ਹੈ।"},{"$i":"sendNotFoundErrorBtnOk","$v":"ਠੀਕ ਹੈ"},{"$i":"sendInvalidAddressErrorTitle","$v":"ਅਵੈਧ ਨੰਬਰ"},{"$i":"sendInvalidAddressErrorBody","$v":"ਯਕੀਨੀ ਬਣਾਓ ਜੋ ਮੋਬਾਇਲ ਨੰਬਰ ਤੁਸੀਂ ਭੇਜ ਰਹੇ ਹੋ ਉਹ ਵੈਧ ਹੈ।"},{"$i":"sendInvalidAddressErrorBtnOk","$v":"ਠੀਕ ਹੈ"},{"$i":"simNotMatchedErrorTitle","$v":"ਡਾਊਨਲੋਡ ਕਰਨ ਵਿੱਚ ਅਸਮੱਰਥ"},{"$i":"simNotMatchedErrorBody","$v":"ਕਿਰਪਾ ਕਰਕੇ ਸੁਨਿਸ਼ਚਿਤ ਕਰੋ ਕਿ ਇੰਸਰਟ ਕੀਤਾ ਗਿਆ ਸਿਮ ਕਾਰਡ ਇਸ ਸੰਦੇਸ਼ ਨੂੰ ਪ੍ਰਾਪਤ ਕਰਨ ਵਾਲਾ ਹੈ।"},{"$i":"simNotMatchedErrorBtnOk","$v":"ਠੀਕ ਹੈ"},{"$i":"deleted-sms","$v":"ਇਹ ਸੰਦੇਸ਼ ਪਹਿਲਾਂ ਹੀ ਮਿਟਾਇਆ ਜਾ ਚੁੱਕਿਆ ਹੈ।"},{"$i":"view-attachment-image","$v":"ਦੇਖੋ"},{"$i":"view-attachment-audio","$v":"ਸੁਣੋ"},{"$i":"view-attachment-video","$v":"ਦੇਖੋ"},{"$i":"view-attachment-other","$v":"ਦੇਖੋ"},{"$i":"remove-attachment-image","$v":"ਤਸਵੀਰ ਹਟਾਓ"},{"$i":"remove-attachment-audio","$v":"ਆਡੀਓ ਹਟਾਓ"},{"$i":"remove-attachment-video","$v":"ਵੀਡੀਓ ਹਟਾਓ"},{"$i":"remove-attachment-other","$v":"ਅਟੈਚਮੈਂਟ ਹਟਾਓ"},{"$i":"replace-attachment-image","$v":"ਤਸਵੀਰ ਬਦਲੋ"},{"$i":"replace-attachment-audio","$v":"ਆਡੀਓ ਬਦਲੋ"},{"$i":"replace-attachment-video","$v":"ਵੀਡੀਓ ਬਦਲੋ"},{"$i":"replace-attachment-other","$v":"ਅਟੈਚਮੈਂਟ ਬਦਲੋ"},{"$i":"unsent-message-title","$v":"ਨਾ ਭੇਜਿਆ ਗਿਆ ਸੰਦੇਸ਼"},{"$i":"unsent-message-description","$v":"ਤੁਹਾਡਾ ਪਿਛਲਾ ਸੰਦੇਸ਼ ਨਹੀਂ ਭੇਜਿਆ ਗਿਆ ਸੀ । ਕੀ ਤੁਸੀਂ ਅਣਭੇਜੇ ਸੰਦੇਸ਼ ਨੂੰ ਸੰਪਾਦਿਤ ਕਰਨਾ ਚਾਹੁੰਦੇ ਹੋ ਜਾਂ ਰੱਦ ਕਰਨਾ ਅਤੇ ਜਾਰੀ ਰੱਖਣਾ ਚਾਹੁੰਦੇ ਹੋ?"},{"$i":"unsent-message-option-edit","$v":"ਸੰਪਾਦਿਤ ਕਰੋ"},{"$i":"unsent-message-option-discard","$v":"ਰੱਦ ਕਰੋ"},{"$i":"message-options","$v":"ਸੰਦੇਸ਼ ਦੇ ਵਿਕਲਪ"},{"$i":"select-text","$v":"ਟੈਕਸਟ ਚੁਣੋ"},{"$i":"mobile","$v":"ਮੋਬਾਈਲ"},{"$i":"home","$v":"ਹੋਮ"},{"$i":"work","$v":"ਵਰਕ"},{"$i":"personal","$v":"ਨਿੱਜੀ"},{"$i":"faxHome","$v":"Fax ਹੋਮ"},{"$i":"faxOffice","$v":"Fax ਆਫ਼ਿਸ"},{"$i":"faxOther","$v":"ਹੋਰ Fax"},{"$i":"another","$v":"ਹੋਰ"},{"$i":"other","$v":"ਹੋਰ"},{"$i":"today","$v":"ਅੱਜ"},{"$i":"yesterday","$v":"ਗੁਜ਼ਰਿਆ ਹੋਇਆ ਕੱਲ"},{"$i":"incorrectDate","$v":"(ਗਲਤ ਮਿਤੀ)"},{"$i":"addToExistingContact","$v":"ਕਿਸੇ ਮੌਜੂਦਾ ਸੰਪਰਕ ਵਿੱਚ ਜੋੜੋ"},{"$i":"createNewContact","$v":"ਨਵਾਂ ਸੰਪਰਕ ਬਣਾਓ"},{"$i":"viewContact","$v":"ਸੰਪਰਕ ਦੇਖੋ"},{"$i":"sendEmail","$v":"ਈਮੇਲ ਭੇਜੋ"},{"$i":"mms-message","$v":"MMS ਸੰਦੇਸ਼"},{"$i":"notDownloaded-title","$v":"ਸੰਦੇਸ਼ ਅਜੇ ਤੱਕ ਡਾਊਨਲੋਡ ਨਹੀਂ ਹੋਇਆ ਹੈ।"},{"$i":"tobedownloaded-attachment","$v":["ਤੁਸੀ ਇੱਕ ਮਲਟੀਮੀਡੀਆ ਸੰਦੇਸ਼ ਪ੍ਰਾਪਤ ਕੀਤਾ ਹੈ, ",{"t":"idOrVar","v":"date"}," ਤੋਂ ਪਹਿਲਾਂ ਇਸਦਾ ਕੰਟੇਂਟ ਪ੍ਰਾਪਤ ਕਰਨ ਲਈ ਡਾਉਨਲੋਡ ਦਬਾਓ।"]},{"$i":"expired-attachment","$v":["ਮਾਫ਼ ਕਰਨਾ, ਸੰਦੇਸ਼ ਦੀ ਸਮਾਂ ਅਵਧੀ ",{"t":"idOrVar","v":"date"}," ਨੂੰ ਸਮਾਪਤ ਹੋ ਗਈ ਹੈ ਅਤੇ ਡਾਊਨਲੋਡ ਨਹੀਂ ਕੀਤਾ ਜਾ ਸਕਦਾ।"]},{"$i":"download-attachment","$v":"ਡਾਊਨਲੋਡ ਕਰੋ"},{"$i":"downloading-attachment","$v":"ਡਾਉਨਲੋਡ ਕਰ ਰਿਹਾ ਹੈ..."},{"$i":"download-complete","$v":"ਡਾਊਨਲੋਡ ਪੂਰਾ ਹੋਇਆ"},{"$i":"unnamed-attachment","$v":"ਬਿਨਾਂ ਸਿਰਲੇਖ"},{"$i":"mms-label","$v":"MMS"},{"$i":"attached-files-too-large","$v":{"zero":["ਤੁਹਾਡੇ ਦੁਆਰਾ ਚੁਣੀਆਂ ਗਈਆਂ ਫਾਇਲਾਂ ਦਾ ਆਕਾਰ ਸਿੰਗਲ ਮਲਟੀਮੀਡੀਆ ਸੰਦੇਸ਼ ਦੀ ",{"t":"idOrVar","v":"mmsSize"}," KB ਆਕਾਰ ਸੀਮਾ ਤੋਂ ਵੱਧ ਹੋ ਗਿਆ ਹੈ ।"],"one":["ਤੁਹਾਡੇ ਦੁਆਰਾ ਚੁਣੀ ਗਈ ਫਾਇਲ ਦਾ ਆਕਾਰ ਸਿੰਗਲ ਮਲਟੀਮੀਡੀਆ ਸੰਦੇਸ਼ ਦੀ ",{"t":"idOrVar","v":"mmsSize"}," KB ਆਕਾਰ ਸੀਮਾ ਤੋਂ ਵੱਧ ਹੋ ਗਿਆ ਹੈ ।"],"two":["ਤੁਹਾਡੇ ਦੁਆਰਾ ਚੁਣੀਆਂ ਗਈਆਂ ਫਾਇਲਾਂ ਦਾ ਆਕਾਰ ਸਿੰਗਲ ਮਲਟੀਮੀਡੀਆ ਸੰਦੇਸ਼ ਦੀ ",{"t":"idOrVar","v":"mmsSize"}," KB ਆਕਾਰ ਸੀਮਾ ਤੋਂ ਵੱਧ ਹੋ ਗਿਆ ਹੈ ।"],"few":["ਤੁਹਾਡੇ ਦੁਆਰਾ ਚੁਣੀਆਂ ਗਈਆਂ ਫਾਇਲਾਂ ਦਾ ਆਕਾਰ ਸਿੰਗਲ ਮਲਟੀਮੀਡੀਆ ਸੰਦੇਸ਼ ਦੀ ",{"t":"idOrVar","v":"mmsSize"}," KB ਆਕਾਰ ਸੀਮਾ ਤੋਂ ਵੱਧ ਹੋ ਗਿਆ ਹੈ ।"],"many":["ਤੁਹਾਡੇ ਦੁਆਰਾ ਚੁਣੀਆਂ ਗਈਆਂ ਫਾਇਲਾਂ ਦਾ ਆਕਾਰ ਸਿੰਗਲ ਮਲਟੀਮੀਡੀਆ ਸੰਦੇਸ਼ ਦੀ ",{"t":"idOrVar","v":"mmsSize"}," KB ਆਕਾਰ ਸੀਮਾ ਤੋਂ ਵੱਧ ਹੋ ਗਿਆ ਹੈ ।"],"other":["ਤੁਹਾਡੇ ਦੁਆਰਾ ਚੁਣੀਆਂ ਗਈਆਂ ਫਾਇਲਾਂ ਦਾ ਆਕਾਰ ਸਿੰਗਲ ਮਲਟੀਮੀਡੀਆ ਸੰਦੇਸ਼ ਦੀ ",{"t":"idOrVar","v":"mmsSize"}," KB ਆਕਾਰ ਸੀਮਾ ਤੋਂ ਵੱਧ ਹੋ ਗਿਆ ਹੈ ।"]},"$x":[{"t":"idOrVar","v":"plural"},"n"]},{"$i":"resize-image","$v":"ਅਟੈਚ ਕੀਤੇ ਚਿੱਤਰ ਦਾ ਆਕਾਰ ਬਦਲਿਆ ਜਾ ਰਿਹਾ ਹੈ"},{"$i":"no-attachment-text","$v":"ਅਟੈਚ ਕੀਤੀ ਫਾਇਲ ਵਿੱਚ ਸਮੱਸਿਆ ਆਈ ਹੈ ਅਤੇ ਇਸ ਨੂੰ ਡਾਊਨਲੋਡ ਨਹੀਂ ਕੀਤਾ ਜਾ ਸਕਦਾ।"},{"$i":"message-draft-saved","$v":"ਸੰਦੇਸ਼ ਨੂੰ ਡ੍ਰਾਫ਼ਟ ਵਜੋਂ ਸੇਵ ਕੀਤਾ ਗਿਆ"},{"$i":"sim-id-label","$v":["ਸਿਮ ",{"t":"idOrVar","v":"id"}]},{"$i":"sim-detail","$v":["ਸਿਮ ",{"t":"idOrVar","v":"id"},", ",{"t":"idOrVar","v":"detailString"}]},{"$i":"dsds-notification-title-with-sim","$v":["(",{"t":"idOrVar","v":"sim"},") ",{"t":"idOrVar","v":"sender"}]},{"$i":"send-button","ariaLabel":"ਭੇਜੋ"},{"$i":"send-button-sim-indication","$v":[{"t":"idOrVar","v":"n"}],"ariaLabel":["ਸਿਮ ",{"t":"idOrVar","v":"n"}," ਦੀ ਵਰਤੋਂ ਕਰਕੇ"]},{"$i":"expiry-date-format","$v":"%A, %b %e"},{"$i":"attach-button","ariaLabel":"ਅਟੈਚਮੈਂਟ ਜੋੜੋ"},{"$i":"contact-photo","ariaLabel":"ਸੰਪਰਕ ਫੋਟੋ"},{"$i":"unread-thread","ariaLabel":"ਨਹੀਂ ਪੜ੍ਹੇ"},{"$i":"has-draft","ariaLabel":"ਡ੍ਰਾਫ਼ਟ ਹੈ"},{"$i":"is-draft","ariaLabel":"ਡ੍ਰਾਫਟ"},{"$i":"message-delivery-status-sending","$v":"ਭੇਜਿਆ ਜਾ ਰਿਹਾ ਹੈ..."},{"$i":"message-delivery-status-delivered","ariaLabel":"ਡਿਲੀਵਰ ਕੀਤਾ ਗਿਆ"},{"$i":"message-delivery-status-read","ariaLabel":"ਪੜ੍ਹੋ"},{"$i":"message-delivery-status-error","ariaLabel":"ਤਰੁੱਟੀ"},{"$i":"modal-dialog-ok-button","$v":"ਠੀਕ ਹੈ"},{"$i":"modal-dialog-cancel-button","$v":"ਰੱਦ ਕਰੋ"},{"$i":"modal-dialog-default-title","$v":"ਸੰਦੇਸ਼"},{"$i":"tcl-delete-message","$v":"ਸੰਦੇਸ਼ ਮਿਟਾਇਆ ਗਿਆ"},{"$i":"tcl-sending-message-toast","$v":"ਸੰਦੇਸ਼ ਭੇਜਿਆ ਜਾ ਰਿਹਾ ਹੈ..."},{"$i":"tcl-message-converted-to-toast","$v":["ਸੰਦੇਸ਼ ਨੂੰ ",{"t":"idOrVar","v":"type"}," ਵਿੱਚ ਬਦਲਿਆ ਗਿਆ"]},{"$i":"tcl-message-sent-toast","$v":"ਸੰਦੇਸ਼ ਭੇਜਿਆ ਗਿਆ"},{"$i":"tcl-deleteMessage-confirmation2","$v":"ਚੁਣੇ ਹੋਏ ਸੰਦੇਸ਼ ਥ੍ਰੈਡ ਨੂੰ ਮਿਟਾਉਣਾ ਹੈ?"},{"$i":"tcl-deleted-message","$v":{"zero":"0 ਸੰਦੇਸ਼ ਮਿਟਾਇਆ ਗਿਆ","one":[{"t":"idOrVar","v":"n"}," ਸੰਦੇਸ਼ ਮਿਟਾਇਆ ਗਿਆ"],"two":[{"t":"idOrVar","v":"n"}," ਸੰਦੇਸ਼ ਮਿਟਾਏ ਗਏ"],"few":[{"t":"idOrVar","v":"n"}," ਸੰਦੇਸ਼ ਮਿਟਾਏ ਗਏ"],"many":[{"t":"idOrVar","v":"n"}," ਸੰਦੇਸ਼ ਮਿਟਾਏ ਗਏ"],"other":[{"t":"idOrVar","v":"n"}," ਸੰਦੇਸ਼ ਮਿਟਾਏ ਗਏ"]},"$x":[{"t":"idOrVar","v":"plural"},"n"]},{"$i":"tcl-deleted-threads","$v":{"zero":"0 ਥ੍ਰੈਡ ਮਿਟਾਇਆ ਗਿਆ","one":"ਥਰੈਡ ਮਿਟਾਇਆ ਗਿਆ","two":[{"t":"idOrVar","v":"n"}," ਸੰਦੇਸ਼ ਥਰੈਡ ਮਿਟਾਏ ਗਏ"],"few":[{"t":"idOrVar","v":"n"}," ਸੰਦੇਸ਼ ਥਰੈਡ ਮਿਟਾਏ ਗਏ"],"many":[{"t":"idOrVar","v":"n"}," ਸੰਦੇਸ਼ ਥਰੈਡ ਮਿਟਾਏ ਗਏ"],"other":[{"t":"idOrVar","v":"n"}," ਸੰਦੇਸ਼ ਥਰੈਡ ਮਿਟਾਏ ਗਏ"]},"$x":[{"t":"idOrVar","v":"plural"},"n"]},{"$i":"tcl-simSettings","$v":"ਜਾਣਕਾਰੀ"},{"$i":"tcl-unknown-SMSC","$v":"ਜਾਣਕਾਰੀ ਉਪਲਬਧ ਨਹੀਂ ਹੈ"},{"$i":"tcl-sim1","$v":"ਸਿਮ1 ਸਰਵਿਸ ਸੈਂਟਰ"},{"$i":"tcl-sim2","$v":"ਸਿਮ2 ਸਰਵਿਸ ਸੈਂਟਰ"},{"$i":"tcl-auto-retrieve","$v":"ਆਪਣੇ ਆਪ ਮੁੜ ਪ੍ਰਾਪਤ ਕਰੋ"},{"$i":"tcl-wapPushMessages","$v":"WAP ਪੁਸ਼ ਸੰਦੇਸ਼"},{"$i":"tcl-wapPush","$v":"WAP ਪੁਸ਼"},{"$i":"tcl-wap-push-on","$v":"ਔਨ"},{"$i":"tcl-wap-push-off","$v":"ਔਫ"},{"$i":"tcl-auto-retrieve-messages","$v":"ਸੰਦੇਸ਼ ਆਪਣੇ ਆਪ ਮੁੜ ਪ੍ਰਾਪਤ ਕਰੋ"},{"$i":"tcl-manual-retrieve","$v":"ਔਫ"},{"$i":"tcl-auto-roaming-retrieve","$v":"ਰੋਮਿੰਗ ਵਿੱਚ ਹੋਣ 'ਤੇ ਔਨ"},{"$i":"tcl-auto-no-roaming-retrieve","$v":"ਰੋਮਿੰਗ ਤੋਂ ਬਿਨਾਂ ਔਨ"},{"$i":"tcl-message-read-reports","$v":"ਰਿਪੋਰਟ ਪੜ੍ਹੋ"},{"$i":"tcl-read-reports-on","$v":"ਔਨ"},{"$i":"tcl-read-reports-off","$v":"ਔਫ"},{"$i":"tcl-mmsTitle","$v":"ਮਲਟੀਮੀਡੀਆ ਮੈਸੇਜਿੰਗ (MMS)"},{"$i":"tcl-message-delivery-reports","$v":"ਡਿਲਿਵਰੀ ਰਿਪੋਰਟ"},{"$i":"tcl-delivery-reports-on","$v":"ਔਨ"},{"$i":"tcl-delivery-reports-off","$v":"ਔਫ"},{"$i":"tcl-message-confirmation","$v":"ਸੰਦੇਸ਼ ਪੁਸ਼ਟੀਕਰਨ"},{"$i":"tcl-messageReport-title","$v":"ਸੰਦੇਸ਼ ਦੇ ਵੇਰਵੇ"},{"$i":"tcl-mms-label","$v":"MMS"},{"$i":"tcl-sms-label","$v":"SMS"},{"$i":"tcl-messaging-settings","$v":"ਸੰਦੇਸ਼ ਸੈਟਿੰਗਸ"},{"$i":"tcl-messagingSettings-header","$v":[{"t":"idOrVar","v":"tcl-messaging-settings"}]},{"$i":"tcl-confirmation-title","$v":"ਪੁਸ਼ਟੀਕਰਨ"},{"$i":"tcl-draft-save-content","$v":"ਡ੍ਰਾਫ਼ਟ ਵਜੋਂ ਸੇਵ ਕਰੋ?"},{"$i":"tcl-draft-discard-content","$v":"ਸੰਦੇਸ਼ ਰੱਦ ਕੀਤਾ ਗਿਆ"},{"$i":"tcl-switch-on","$v":"ਔਨ"},{"$i":"tcl-switch-off","$v":"ਔਫ"},{"$i":"tcl-delivery-report-desc","$v":"ਭੇਜੇ ਗਏ ਹਰੇਕ ਸੰਦੇਸ਼ ਲਈ ਡਿਲਿਵਰੀ ਦੇ ਨੋਟੀਫਿਕੇਸ਼ਨ ਲਈ ਬੇਨਤੀ ਕਰੋ"},{"$i":"tcl-read-report-desc","$v":"ਭੇਜੇ ਗਏ ਹਰੇਕ ਸੰਦੇਸ਼ ਲਈ ਰੀਡ ਰਿਪੋਰਟ ਲਈ ਬੇਨਤੀ ਕਰੋ"},{"$i":"tcl-auto-retrieve-desc","$v":"ਸੰਦੇਸ਼ ਆਪਣੇ ਆਪ ਦੁਬਾਰਾ ਪ੍ਰਾਪਤ ਕਰੋ"},{"$i":"tcl-confirm-dialog-ok","$v":"ਠੀਕ ਹੈ"},{"$i":"tcl-yes","$v":"ਹਾਂ"},{"$i":"tcl-no","$v":"ਨਹੀਂ"},{"$i":"tcl-delete-current-thread?","$v":"ਚੁਣੇ ਹੋਏ ਸੰਦੇਸ਼ ਥ੍ਰੈਡ ਨੂੰ ਮਿਟਾਉਣਾ ਹੈ?"},{"$i":"tcl-attention","$v":"ਧਿਆਨ ਦਿਓ"},{"$i":"tcl-options","$v":"ਵਿਕਲਪ"},{"$i":"send-failed","$v":"ਭੇਜਣਾ ਅਸਫਲ ਰਿਹਾ।"},{"$i":"subject-removed","$v":"ਵਿਸ਼ੇ ਨੂੰ ਹਟਾਇਆ ਗਿਆ।"},{"$i":"media-storage-limit-alert-title","$v":"ਸਟੋਰੇਜ ਭਰ ਗਈ ਹੈ"},{"$i":"media-storage-limit-alert-body","$v":"ਹੋਰ ਖਾਲੀ ਸਪੇਸ ਪ੍ਰਾਪਤ ਕਰਨ ਲਈ ਤੁਸੀਂ ਕੁਝ ਮੀਡੀਆ ਫਾਈਲਾਂ ਮਿਟਾ ਸਕਦੇ ਹੋ ਜਾਂ ਐਪਲੀਕੇਸ਼ਨ ਡੇਟਾ ਮੈਨੇਜ ਕਰ ਸਕਦੇ ਹੋ ।"},{"$i":"media-storage-limit-alert-cancel","$v":"ਰੱਦ ਕਰੋ"},{"$i":"media-storage-limit-alert-setting","$v":"ਸੈਟਿੰਗਸ 'ਤੇ ਜਾਓ"},{"$i":"email","$v":"ਈਮੇਲ"},{"$i":"go","$v":"ਜਾਓ"},{"$i":"weekday-0-long","$v":"ਐਤਵਾਰ"},{"$i":"weekday-1-long","$v":"ਸੋਮਵਾਰ"},{"$i":"weekday-2-long","$v":"ਮੰਗਲਵਾਰ"},{"$i":"weekday-3-long","$v":"ਬੁੱਧਵਾਰ"},{"$i":"weekday-4-long","$v":"ਵੀਰਵਾਰ"},{"$i":"weekday-5-long","$v":"ਸ਼ੁੱਕਰਵਾਰ"},{"$i":"weekday-6-long","$v":"ਸ਼ਨੀਵਾਰ"},{"$i":"weekday-0-short","$v":"ਐਤ"},{"$i":"weekday-1-short","$v":"ਸੋਮ"},{"$i":"weekday-2-short","$v":"ਮੰਗਲ"},{"$i":"weekday-3-short","$v":"ਬੁੱਧ"},{"$i":"weekday-4-short","$v":"ਵੀਰ"},{"$i":"weekday-5-short","$v":"ਸ਼ੁੱਕਰਵਾਰ"},{"$i":"weekday-6-short","$v":"ਸ਼ਨੀ"},{"$i":"month-0-long","$v":"ਜਨਵਰੀ"},{"$i":"month-1-long","$v":"ਫਰਵਰੀ"},{"$i":"month-2-long","$v":"ਮਾਰਚ"},{"$i":"month-3-long","$v":"ਅਪ੍ਰੈਲ"},{"$i":"month-4-long","$v":"ਮਈ"},{"$i":"month-5-long","$v":"ਜੂਨ"},{"$i":"month-6-long","$v":"ਜੁਲਾਈ"},{"$i":"month-7-long","$v":"ਅਗਸਤ"},{"$i":"month-8-long","$v":"ਸਤੰਬਰ"},{"$i":"month-9-long","$v":"ਅਕਤੂਬਰ"},{"$i":"month-10-long","$v":"ਨਵੰਬਰ"},{"$i":"month-11-long","$v":"ਦਸੰਬਰ"},{"$i":"month-0-genitive","$v":"ਜਨਵਰੀ"},{"$i":"month-1-genitive","$v":"ਫਰਵਰੀ"},{"$i":"month-2-genitive","$v":"ਮਾਰਚ"},{"$i":"month-3-genitive","$v":"ਅਪ੍ਰੈਲ"},{"$i":"month-4-genitive","$v":"ਮਈ"},{"$i":"month-5-genitive","$v":"ਜੂਨ"},{"$i":"month-6-genitive","$v":"ਜੁਲਾਈ"},{"$i":"month-7-genitive","$v":"ਅਗਸਤ"},{"$i":"month-8-genitive","$v":"ਸਤੰਬਰ"},{"$i":"month-9-genitive","$v":"ਅਕਤੂਬਰ"},{"$i":"month-10-genitive","$v":"ਨਵੰਬਰ"},{"$i":"month-11-genitive","$v":"ਦਸੰਬਰ"},{"$i":"month-0-short","$v":"ਜਨਵਰੀ"},{"$i":"month-1-short","$v":"ਫਰਵਰੀ"},{"$i":"month-2-short","$v":"ਮਾਰਚ"},{"$i":"month-3-short","$v":"ਅਪ੍ਰੈਲ"},{"$i":"month-4-short","$v":"ਮਈ"},{"$i":"month-5-short","$v":"ਜੂਨ"},{"$i":"month-6-short","$v":"ਜੁਲਾਈ"},{"$i":"month-7-short","$v":"ਅਗਸਤ"},{"$i":"month-8-short","$v":"ਸਤੰਬਰ"},{"$i":"month-9-short","$v":"ਅਕਤੂਬਰ"},{"$i":"month-10-short","$v":"ਨਵੰਬਰ"},{"$i":"month-11-short","$v":"ਦਸੰਬਰ"},{"$i":"minutes-ago-long","$v":{"zero":"ਸਿਰਫ਼ ਹੁਣ","one":"ਇੱਕ ਮਿੰਟ ਪਹਿਲਾਂ","two":[{"t":"idOrVar","v":"value"}," ਮਿੰਟ ਪਹਿਲਾਂ"],"few":[{"t":"idOrVar","v":"value"}," ਮਿੰਟ ਪਹਿਲਾਂ"],"many":[{"t":"idOrVar","v":"value"}," ਮਿੰਟ ਪਹਿਲਾਂ"],"other":[{"t":"idOrVar","v":"value"}," ਮਿੰਟ ਪਹਿਲਾਂ"]},"$x":[{"t":"idOrVar","v":"plural"},"value"]},{"$i":"hours-ago-long","$v":{"zero":"ਸਿਰਫ਼ ਹੁਣ","one":"ਇੱਕ ਘੰਟਾ ਪਹਿਲਾਂ","two":[{"t":"idOrVar","v":"value"}," ਘੰਟੇ ਪਹਿਲਾਂ"],"few":[{"t":"idOrVar","v":"value"}," ਘੰਟੇ ਪਹਿਲਾਂ"],"many":[{"t":"idOrVar","v":"value"}," ਘੰਟੇ ਪਹਿਲਾਂ"],"other":[{"t":"idOrVar","v":"value"}," ਘੰਟੇ ਪਹਿਲਾਂ"]},"$x":[{"t":"idOrVar","v":"plural"},"value"]},{"$i":"days-ago-long","$v":{"zero":"ਅੱਜ","one":"ਗੁਜ਼ਰਿਆ ਹੋਇਆ ਕੱਲ","two":[{"t":"idOrVar","v":"value"}," ਦਿਨ ਪਹਿਲਾਂ"],"few":[{"t":"idOrVar","v":"value"}," ਦਿਨ ਪਹਿਲਾਂ"],"many":[{"t":"idOrVar","v":"value"}," ਦਿਨ ਪਹਿਲਾਂ"],"other":[{"t":"idOrVar","v":"value"}," ਦਿਨ ਪਹਿਲਾਂ"]},"$x":[{"t":"idOrVar","v":"plural"},"value"]},{"$i":"weeks-ago-long","$v":{"zero":"ਇਹ ਹਫ਼ਤਾ","one":"ਪਿਛਲਾ ਹਫ਼ਤਾ","two":[{"t":"idOrVar","v":"value"}," ਹਫ਼ਤੇ ਪਹਿਲਾਂ"],"few":[{"t":"idOrVar","v":"value"}," ਹਫ਼ਤੇ ਪਹਿਲਾਂ"],"many":[{"t":"idOrVar","v":"value"}," ਹਫ਼ਤੇ ਪਹਿਲਾਂ"],"other":[{"t":"idOrVar","v":"value"}," ਹਫ਼ਤੇ ਪਹਿਲਾਂ"]},"$x":[{"t":"idOrVar","v":"plural"},"value"]},{"$i":"months-ago-long","$v":{"zero":"ਇਹ ਮਹੀਨਾ","one":"ਪਿਛਲਾ ਮਹੀਨਾ","two":[{"t":"idOrVar","v":"value"}," ਮਹੀਨੇ ਮਹੀਨਾ"],"few":[{"t":"idOrVar","v":"value"}," ਮਹੀਨੇ ਮਹੀਨਾ"],"many":[{"t":"idOrVar","v":"value"}," ਮਹੀਨੇ ਮਹੀਨਾ"],"other":[{"t":"idOrVar","v":"value"}," ਮਹੀਨੇ ਮਹੀਨਾ"]},"$x":[{"t":"idOrVar","v":"plural"},"value"]},{"$i":"years-ago-long","$v":{"zero":"ਇਹ ਸਾਲ","one":"ਪਿਛਲਾ ਸਾਲ","two":[{"t":"idOrVar","v":"value"}," ਸਾਲ ਪਹਿਲਾਂ"],"few":[{"t":"idOrVar","v":"value"}," ਸਾਲ ਪਹਿਲਾਂ"],"many":[{"t":"idOrVar","v":"value"}," ਸਾਲ ਪਹਿਲਾਂ"],"other":[{"t":"idOrVar","v":"value"}," ਸਾਲ ਪਹਿਲਾਂ"]},"$x":[{"t":"idOrVar","v":"plural"},"value"]},{"$i":"minutes-until-long","$v":{"zero":"ਹੁਣ","one":"ਇੱਕ ਮਿੰਟ ਵਿੱਚ","two":[{"t":"idOrVar","v":"value"}," ਮਿੰਟਾਂ ਵਿੱਚ"],"few":[{"t":"idOrVar","v":"value"}," ਮਿੰਟਾਂ ਵਿੱਚ"],"many":[{"t":"idOrVar","v":"value"}," ਮਿੰਟਾਂ ਵਿੱਚ"],"other":[{"t":"idOrVar","v":"value"}," ਮਿੰਟਾਂ ਵਿੱਚ"]},"$x":[{"t":"idOrVar","v":"plural"},"value"]},{"$i":"hours-until-long","$v":{"zero":"ਹੁਣ","one":"ਇੱਕ ਘੰਟੇ ਵਿੱਚ","two":[{"t":"idOrVar","v":"value"}," ਘੰਟਿਆਂ ਵਿੱਚ"],"few":[{"t":"idOrVar","v":"value"}," ਘੰਟਿਆਂ ਵਿੱਚ"],"many":[{"t":"idOrVar","v":"value"}," ਘੰਟਿਆਂ ਵਿੱਚ"],"other":[{"t":"idOrVar","v":"value"}," ਘੰਟਿਆਂ ਵਿੱਚ"]},"$x":[{"t":"idOrVar","v":"plural"},"value"]},{"$i":"days-until-long","$v":{"zero":"ਅੱਜ","one":"ਆਉਣ ਵਾਲਾ ਕੱਲ","two":[{"t":"idOrVar","v":"value"}," ਦਿਨਾਂ ਵਿੱਚ"],"few":[{"t":"idOrVar","v":"value"}," ਦਿਨਾਂ ਵਿੱਚ"],"many":[{"t":"idOrVar","v":"value"}," ਦਿਨਾਂ ਵਿੱਚ"],"other":[{"t":"idOrVar","v":"value"}," ਦਿਨਾਂ ਵਿੱਚ"]},"$x":[{"t":"idOrVar","v":"plural"},"value"]},{"$i":"weeks-until-long","$v":{"zero":"ਇਹ ਹਫ਼ਤਾ","one":"ਅਗਲਾ ਹਫ਼ਤਾ","two":[{"t":"idOrVar","v":"value"}," ਹਫ਼ਤਿਆਂ ਵਿੱਚ"],"few":[{"t":"idOrVar","v":"value"}," ਹਫ਼ਤਿਆਂ ਵਿੱਚ"],"many":[{"t":"idOrVar","v":"value"}," ਹਫ਼ਤਿਆਂ ਵਿੱਚ"],"other":[{"t":"idOrVar","v":"value"}," ਹਫ਼ਤਿਆਂ ਵਿੱਚ"]},"$x":[{"t":"idOrVar","v":"plural"},"value"]},{"$i":"months-until-long","$v":{"zero":"ਇਹ ਮਹੀਨਾ","one":"ਅਗਲਾ ਮਹੀਨਾ","two":[{"t":"idOrVar","v":"value"}," ਮਹੀਨਿਆਂ ਵਿੱਚ"],"few":[{"t":"idOrVar","v":"value"}," ਮਹੀਨਿਆਂ ਵਿੱਚ"],"many":[{"t":"idOrVar","v":"value"}," ਮਹੀਨਿਆਂ ਵਿੱਚ"],"other":[{"t":"idOrVar","v":"value"}," ਮਹੀਨਿਆਂ ਵਿੱਚ"]},"$x":[{"t":"idOrVar","v":"plural"},"value"]},{"$i":"years-until-long","$v":{"zero":"ਇਹ ਸਾਲ","one":"ਅਗਲਾ ਸਾਲ","two":[{"t":"idOrVar","v":"value"}," ਸਾਲਾਂ ਵਿੱਚ"],"few":[{"t":"idOrVar","v":"value"}," ਸਾਲਾਂ ਵਿੱਚ"],"many":[{"t":"idOrVar","v":"value"}," ਸਾਲਾਂ ਵਿੱਚ"],"other":[{"t":"idOrVar","v":"value"}," ਸਾਲਾਂ ਵਿੱਚ"]},"$x":[{"t":"idOrVar","v":"plural"},"value"]},{"$i":"minutes-ago-short","$v":{"zero":"ਸਿਰਫ਼ ਹੁਣ","other":[{"t":"idOrVar","v":"value"}," ਮਿੰਟ ਪਹਿਲਾਂ"]},"$x":[{"t":"idOrVar","v":"plural"},"value"]},{"$i":"hours-ago-short","$v":{"zero":"ਸਿਰਫ਼ ਹੁਣ","other":[{"t":"idOrVar","v":"value"}," ਘੰਟਾ ਪਹਿਲਾਂ"]},"$x":[{"t":"idOrVar","v":"plural"},"value"]},{"$i":"days-ago-short","$v":{"zero":"ਅੱਜ","other":[{"t":"idOrVar","v":"value"}," ਦਿਨ ਪਹਿਲਾਂ"]},"$x":[{"t":"idOrVar","v":"plural"},"value"]},{"$i":"minutes-until-short","$v":{"zero":"ਹੁਣ","other":[{"t":"idOrVar","v":"value"}," ਮਿੰਟ ਵਿੱਚ"]},"$x":[{"t":"idOrVar","v":"plural"},"value"]},{"$i":"hours-until-short","$v":{"zero":"ਹੁਣ","other":[{"t":"idOrVar","v":"value"}," ਘੰਟੇ ਵਿੱਚ"]},"$x":[{"t":"idOrVar","v":"plural"},"value"]},{"$i":"days-until-short","$v":{"zero":"ਅੱਜ","other":[{"t":"idOrVar","v":"value"}," ਦਿਨ ਵਿੱਚ"]},"$x":[{"t":"idOrVar","v":"plural"},"value"]},{"$i":"dateTimeFormat_%c","$v":"%a %b %e %Y %I:%M:%S %p"},{"$i":"dateTimeFormat_%x","$v":"%m/%d/%Y"},{"$i":"dateTimeFormat_%X","$v":"%I:%M:%S %p"},{"$i":"shortTimeFormat","$v":"%I:%M %p"},{"$i":"shortTimeFormat12","$v":"%I:%M %p"},{"$i":"shortTimeFormat24","$v":"%H:%M"},{"$i":"shortDateTimeFormat","$v":"%x %I:%M %p"},{"$i":"weekStartsOnMonday","$v":"0"},{"$i":"firstDayOfTheWeek","$v":"0"},{"$i":"time_am","$v":"AM"},{"$i":"time_pm","$v":"PM"},{"$i":"softkey-options","$v":"ਵਿਕਲਪ"},{"$i":"emergencyNumber","$v":"ਆਪਾਤਕਾਲੀਨ ਨੰਬਰ"},{"$i":"callAirplaneModeMessage","$v":"ਕਾਲ ਕਰਨ ਲਈ ਤੁਹਾਨੂੰ ਸੈਟਿੰਗਸ ਵਿੱਚ ਜਾ ਕੇ ਏਅਰਪਲੇਨ ਮੋਡ ਨੂੰ ਅਕਿਰਿਆਸ਼ੀਲ ਕਰਨਾ ਪਵੇਗਾ ।"},{"$i":"callAirplaneModeBtnOk","$v":"ਠੀਕ ਹੈ"},{"$i":"callAirplaneModeTitle","$v":"ਏਅਰਪਲੇਨ ਮੋਡ ਸਕਿਰਿਆ ਕੀਤਾ ਗਿਆ"},{"$i":"numberIsBusyTitle","$v":"ਨੰਬਰ ਵਿਅਸਤ ਹੈ"},{"$i":"numberIsBusyMessage","$v":"ਇਸ ਸਮੇਂ ਨੰਬਰ ਵਿਅਸਤ ਹੈ। ਕਿਰਪਾ ਕਰਕੇ ਬਾਅਦ ਵਿੱਚ ਕੋਸ਼ਿਸ਼ ਕਰੋ।"},{"$i":"fdnIsActiveTitle","$v":"FDN ਸਕਿਰਿਆ ਹੈ"},{"$i":"fdnIsActiveMessage","$v":["FDN (ਫਿਕਸਡ ਡਾਇਲਿੰਗ ਨੰਬਰ) ਕਾਰਜਸ਼ੀਲ ਹੈ ਅਤੇ ਹੇਠਾਂ ਦਿੱਤਾ ਗਿਆ ਨੰਬਰ ਤੁਹਾਡੀ FDN ਲਿਸਟ ਵਿੱਚ ਨਹੀਂ ਹੈ: ",{"t":"idOrVar","v":"number"}]},{"$i":"emergencyDialogBodyBadNumber","$v":"ਕਾਲ ਕਰਨ ਲਈ, ਫੋਨ ਨੂੰ ਨੈਟਵਰਕ ਨਾਲ ਕਨੈਕਟ ਕਰਨਾ ਪਵੇਗਾ।"},{"$i":"emergencyDialogBodyDeviceNotAccepted","$v":"ਨੈਟਵਰਕ ਦੁਆਰਾ ਆਪਾਤਕਾਲੀਨ ਕਾਲ ਦੀ ਮਨਜ਼ੂਰੀ ਨਹੀਂ ਦਿੱਤੀ ਗਈ ਹੈ"},{"$i":"emergencyDialogBtnOk","$v":"ਠੀਕ ਹੈ"},{"$i":"emergencyDialogTitle","$v":"ਕੋਈ ਨੈਟਵਰਕ ਕਨੈਕਸ਼ਨ ਨਹੀਂ ਹੈ"},{"$i":"invalidNumberToDialTitle","$v":"ਅਵੈਧ ਫੋਨ ਨੰਬਰ"},{"$i":"invalidNumberToDialMessage","$v":"ਜਿਸ ਫੋਨ ਨੰਬਰ 'ਤੇ ਤੁਸੀਂ ਕਾਲ ਕਰ ਰਹੇ ਹੋ ਉਹ ਵੈਧ ਨਹੀਂ ਹੈ।"},{"$i":"unableToCallTitle","$v":"ਹੁਣ ਫੋਨ ਕਾਲ ਕਰਨ ਵਿੱਚ ਅਸਮੱਰਥ"},{"$i":"unableToCallMessage","$v":"ਕਾਲ ਨਹੀਂ ਕਰ ਸਕਦੇ। ਜੇਕਰ ਤੁਸੀਂ ਪਹਿਲਾਂ ਹੀ ਡਾਇਲ ਕਰ ਰਹੇ ਹੋ, ਤਾਂ ਕਿਰਪਾ ਕਰਕੇ ਪਹਿਲਾਂ ਰੁਕ ਜਾਓ।"},{"$i":"otherConnectionInUseTitle","$v":"ਹੋਰ ਕਨੈਕਸ਼ਨ ਵਰਤੋਂ ਵਿੱਚ ਹੈ"},{"$i":"otherConnectionInUseMessage","$v":"ਤੁਹਾਡੀ ਦੂਜੇ ਕਨੈਕਸ਼ਨ ਤੇ ਇੱਕ ਕਾਲ ਐਕਟਿਵ ਹੈ । ਤੁਸੀਂ ਇੱਕ ਸਮੇਂ ‘ਤੇ ਕੇਵਲ ਇੱਕ ਕਨੈਕਸ਼ਨ ਵਰਤ ਸਕਦੇ ਹੋ।"},{"$i":"connectingEllipsis","$v":"ਕਨੈਕਟ ਕਰ ਰਿਹਾ ਹੈ..."}]