[{"$i":"messages","$v":"संदेशः"},{"$i":"deleteMessages-title","$v":"चिनोतु"},{"$i":"selectThreads-title","$v":"चिनोतु"},{"$i":"edit","$v":"संपाद्यताम्"},{"$i":"back","$v":"पृष्ठे"},{"$i":"cancel","$v":"निरस्यताम्"},{"$i":"undo","$v":"पूर्ववत्कुर्यताम्"},{"$i":"done","$v":"कृतम्"},{"$i":"delete","$v":"लुप्यताम्"},{"$i":"deleting-messages","$v":"अपमर्जति…"},{"$i":"select-all","$v":"सर्वं चिनोतु"},{"$i":"deselect-all","$v":"सकलान् अचिह्नितान् करोतु"},{"$i":"selected-threads","$v":{"zero":"0 नियुक्तम्","one":[{"t":"idOrVar","v":"n"}," चयनितम्"],"two":[{"t":"idOrVar","v":"n"}," चयनितम्"],"few":[{"t":"idOrVar","v":"n"}," चयनितम्"],"many":[{"t":"idOrVar","v":"n"}," चयनितम्"],"other":[{"t":"idOrVar","v":"n"}," चयनितम्"]},"$x":[{"t":"idOrVar","v":"plural"},"n"]},{"$i":"selected-messages","$v":{"zero":"0 नियुक्तम्","one":[{"t":"idOrVar","v":"n"}," चयनितम्"],"two":[{"t":"idOrVar","v":"n"}," चयनितम्"],"few":[{"t":"idOrVar","v":"n"}," चयनितम्"],"many":[{"t":"idOrVar","v":"n"}," चयनितम्"],"other":[{"t":"idOrVar","v":"n"}," चयनितम्"]},"$x":[{"t":"idOrVar","v":"plural"},"n"]},{"$i":"selectThreads-label","$v":"थ्रेडस चिनोतु"},{"$i":"selectMessages-label","$v":"सन्देशं चिनोतु"},{"$i":"new-message","$v":"नूतनः सन्देशः"},{"$i":"delete-thread","$v":"थ्रेड अपमर्जतु"},{"$i":"create-new-contact","$v":"नूतनं सम्पर्कं निर्माणं करोतु"},{"$i":"add-to-contact","$v":"अवस्थितसम्पर्केषु योजयतु"},{"$i":"select-thread","$v":"थ्रेड चिनोतु"},{"$i":"settings","$v":"व्यवस्थापनम्"},{"$i":"select","$v":"चिनोतु"},{"$i":"sk-save-as-draft","$v":"प्रारूप-रूपेण रक्षतु"},{"$i":"send","$v":"प्रेष्यताम्"},{"$i":"add-contact","$v":"संपर्कं युज्यताम्"},{"$i":"add-suggestion","$v":"युज्यताम्"},{"$i":"add-subject","$v":"विषयं योजयतु"},{"$i":"remove-subject","$v":"विषयमपसारयतु"},{"$i":"add-attachment","$v":"अटाचमेंट योजयतु"},{"$i":"remove-attachment","$v":"अनुलग्नकं निष्कासयतु"},{"$i":"replace-attachment","$v":"संलग्नकस्य पुनः स्थापयतु"},{"$i":"select-messages","$v":"सन्देशं चिनोतु"},{"$i":"call","$v":"वार्ता"},{"$i":"forward","$v":"अग्रेष्यताम्"},{"$i":"view-message-report","$v":"संदेशस्य विवरणं पश्यतु"},{"$i":"resend-message","$v":"सन्देशमिदं पुनः प्रेषयतु"},{"$i":"cancel-view-report","$v":"निरस्यताम्"},{"$i":"ok","$v":"नुदताम्"},{"$i":"enter","$v":"Enter"},{"$i":"open","$v":"उद्घाट्यताम्"},{"$i":"to","$v":"प्रति"},{"$i":"new","$v":"नवीनम्"},{"$i":"message","$v":"संदेशः"},{"$i":"messagesInput_placeholder","$v":"संदेशः"},{"$i":"messagesSubjectInput_placeholder","$v":"विषयः"},{"$i":"converted-to-mms","$v":"एकाधिकमाध्यमसन्देशत्वेन परिवर्तयति।"},{"$i":"converted-to-sms","$v":"पाठ्यसन्देशत्वेन परिवर्तयति।"},{"$i":"messages-max-length-text","$v":"अधिकतमा सीमा अतिक्रमिता।"},{"$i":"messages-max-subject-length-text","$v":"विषयस्य अधिकतरलम्बतायाः सीमा सम्प्राप्ता।"},{"$i":"multimedia-message-exceeded-max-length","$v":["एकस्य एकाधिकमाध्यमसन्देशास्य कृते भवता/भवत्या आकारः ",{"t":"idOrVar","v":"mmsSize"}," KB तः अतिक्रमितः भवति। एतत् प्रेषयितुं संयोजितानि अपाकरोतु उत सन्देशं लघु करोतु।"]},{"$i":"newMessage","$v":"नूतनः सन्देशः"},{"$i":"sendMessage","$v":"सन्देशं प्रेषयतु"},{"$i":"sendMMSToEmail","$v":"मल्टीमीडिया संदेशं प्रषयतु"},{"$i":"no-recipient","$v":"(प्राप्तकर्ता नास्ति)"},{"$i":"recipient","$v":{"one":[{"t":"idOrVar","v":"n"}," प्रापकः"],"two":[{"t":"idOrVar","v":"n"}," प्रापकाः"],"few":[{"t":"idOrVar","v":"n"}," प्रापकाः"],"many":[{"t":"idOrVar","v":"n"}," प्रापकाः"],"other":[{"t":"idOrVar","v":"n"}," प्रापकाः"]},"$x":[{"t":"idOrVar","v":"plural"},"n"]},{"$i":"attachmentSizeB","$v":[{"t":"idOrVar","v":"n"}," B"]},{"$i":"attachmentSizeKB","$v":[{"t":"idOrVar","v":"n"}," KB"]},{"$i":"attachmentSizeMB","$v":[{"t":"idOrVar","v":"n"}," MB"]},{"$i":"attachmentOpenError","$v":"एतस्य प्रकारस्य सञ्चिकाम् उद्घाटयितुं तत्र कोऽपि अनुप्रयोगः स्थापितः नास्ति।"},{"$i":"remove","$v":"लुप्यताम्"},{"$i":"participant","$v":{"one":[{"t":"idOrVar","v":"n"}," प्रतिभागी"],"two":[{"t":"idOrVar","v":"n"}," प्रतिभागिनः"],"few":[{"t":"idOrVar","v":"n"}," प्रतिभागिनः"],"many":[{"t":"idOrVar","v":"n"}," प्रतिभागिनः"],"other":[{"t":"idOrVar","v":"n"}," प्रतिभागिनः"]},"$x":[{"t":"idOrVar","v":"plural"},"n"]},{"$i":"message-report","$v":"सन्देशस्य रिपोर्ट"},{"$i":"message-type-sms","$v":"पाठसंदेशः (SMS)"},{"$i":"message-type-mms","$v":"मल्टीमीडिया संदेशः (MMS)"},{"$i":"sms-report-description","$v":["भवतः पाठसंदेशे (SMS), ",{"t":"idOrVar","v":"datetime"}," प्रेषितवान्नासीत्"]},{"$i":"mms-report-description","$v":["भवतः मल्टीमीडियासंदेशः (MMS), विषये ",{"t":"idOrVar","v":"subject"},", ",{"t":"idOrVar","v":"datetime"}," प्रेषितवान्नासीत्"]},{"$i":"mms-no-subject-report-description","$v":["भवतः मल्टीमीडियासंदेशे (MMS), ",{"t":"idOrVar","v":"datetime"}," प्रेषितवान्नासीत्"]},{"$i":"message-subject","$v":"विषयः :"},{"$i":"report-status-error","$v":"सन्देशः प्रेषितुम् असमर्थः"},{"$i":"report-status-not-downloaded","$v":"किमपि न डाउनलोडकृतम्"},{"$i":"report-status-delivered","$v":"प्रेषितम् :"},{"$i":"report-status-read","$v":"पठतु :"},{"$i":"report-status-pending","$v":"रिपॉर्ट अनुरोधम्"},{"$i":"report-status-rejected","$v":"सन्देशः वातिलः"},{"$i":"message-size-was","$v":"सन्देशाकारः :"},{"$i":"report-dateTimeFormat12","$v":["%e %B %Y, ",{"t":"idOrVar","v":"shortTimeFormat12"}]},{"$i":"report-dateTimeFormat24","$v":["%e %B %Y, ",{"t":"idOrVar","v":"shortTimeFormat24"}]},{"$i":"report-to-title","$v":"प्रति"},{"$i":"report-from-title","$v":"द्वारा"},{"$i":"message-sent","$v":"प्रेषितम् :"},{"$i":"message-sending","$v":[{"t":"idOrVar","v":"message-delivery-status-sending"}]},{"$i":"message-received","$v":"प्राप्तम्:"},{"$i":"message-via","$v":"भूत्वा :"},{"$i":"message-resend","$v":"पुनःप्रेषयतु"},{"$i":"search","$v":"अन्विष्यताम्"},{"$i":"unknown-contact-title","$v":"अज्ञातं संपर्कम्"},{"$i":"phone-type-separator","$v":", "},{"$i":"phone-carrier-separator","$v":" "},{"$i":"thread-participant-separator","$v":", "},{"$i":"replace-draft","$v":"विद्यमानड्राफ्ट पुनः स्थापयतु"},{"$i":"save-as-draft","$v":"संरक्षितम्"},{"$i":"discard-message","$v":"विसर्ज्यताम्"},{"$i":"discard-sms","$v":"एनं सन्देशं त्यक्तुं दृढमनाः अस्ति खलु？"},{"$i":"discard-new-message","$v":"यं सन्देशं निर्माति, तं त्यक्त्वा नवीनम् उद्घाटयति?"},{"$i":"resend-confirmation","$v":"सन्देशस्य प्रेषणं न शक्तम्। पुनः प्रयतते?"},{"$i":"deleteMessage-confirmation","$v":"चितं सन्देशम् अपाकरोति?"},{"$i":"deleteMessages-confirmation","$v":"चितान् सन्देशान् अपाकरोति?"},{"$i":"deleteThreads-confirmation2","$v":{"one":"चितस्य सन्देशस्य तन्तुम् अपाकरोति?","other":"चितस्य सन्देशस्य तन्तून् अपाकरोति?"},"$x":[{"t":"idOrVar","v":"plural"},"n"]},{"$i":"new-message-notice-text","$v":"तः नूतनः सन्देशः"},{"$i":"new-message-notice-a-text","$v":"एतत् पठतु"},{"$i":"noMessages-title","$v":"सन्देशाः न सन्ति"},{"$i":"noMessages-text","$v":"संवादम् आरब्धं नवीनसन्देशं नुदतु।"},{"$i":"sendDefaultErrorTitle","$v":"सन्देशः न प्रेषितः"},{"$i":"sendDefaultErrorBody","$v":"सन्देशस्य प्रेषणे काचित् समस्या वर्ततते। कृपया पुनः प्रयासं करोतु।"},{"$i":"sendDefaultErrorBtnOk","$v":"नुदताम्"},{"$i":"sendMissingSimCardTitle","$v":"सिम कार्ड विलोपनम्"},{"$i":"sendMissingSimCardBody","$v":"अनुवर्तयितुं योग्यं SIM पत्रं निवेशयतु।"},{"$i":"sendMissingSimCardBtnOk","$v":"नुदताम्"},{"$i":"sendFlightModeTitle","$v":"वायुयानमोड सक्रियः"},{"$i":"sendFlightModeBody","$v":"सन्देशं प्रेषयितुं विमानावस्थां पिदधातु।"},{"$i":"sendFlightModeBtnOk","$v":"नुदताम्"},{"$i":"radioDisabledToDownloadTitle","$v":[{"t":"idOrVar","v":"sendFlightModeTitle"}]},{"$i":"radioDisabledToDownloadBody","$v":"संयोजितम् अवारोपयितुं विमानावस्थां पिदधातु।"},{"$i":"radioDisabledToDownloadBtnOk","$v":[{"t":"idOrVar","v":"sendFlightModeBtnOk"}]},{"$i":"fdnErrorTitle","$v":"FDN सक्रियः"},{"$i":"needConnectWifiBody","$v":"दूरसञ्चारजालम् अनुपलब्धम् अस्ति। सन्देशाय उपलब्धेन WiFi जालेन सह संयोजनं करोतु।"},{"$i":"needConnectWifiTitle","$v":"सन्देशः न प्रेषितः"},{"$i":"sms-counter-notice-label","$v":["SMS",{"t":"idOrVar","v":"number"}," सम्पादनीया"]},{"$i":"fdnErrorBody","innerHTML":{"$x":[{"t":"idOrVar","v":"plural"},"n"],"$v":{"one":"FDN (निर्धारित-आह्वाहन-क्रमाङ्कः) सक्रियः अस्ति। SMS केन्द्रं, निम्नस्वीकर्ता च भवतः/भवत्याः FDN सूच्यां स्यात् इति निश्चिनोतु :","two":"FDN (निर्धारित-आह्वाहन-क्रमाङ्कः) सक्रियः अस्ति। SMS केन्द्रं, निम्नस्वीकर्तारः च भवतः/भवत्याः FDN सूच्यां स्यात् इति निश्चिनोतु :","few":"FDN (निर्धारित-आह्वाहन-क्रमाङ्कः) सक्रियः अस्ति। SMS केन्द्रं, निम्नस्वीकर्तारः च भवतः/भवत्याः FDN सूच्यां स्यात् इति निश्चिनोतु :","many":"FDN (निर्धारित-आह्वाहन-क्रमाङ्कः) सक्रियः अस्ति। SMS केन्द्रं, निम्नस्वीकर्तारः च भवतः/भवत्याः FDN सूच्यां स्यात् इति निश्चिनोतु :","other":"FDN (निर्धारित-आह्वाहन-क्रमाङ्कः) सक्रियः अस्ति। SMS केन्द्रं, निम्नस्वीकर्तारः च भवतः/भवत्याः FDN सूच्यां स्यात् इति निश्चिनोतु :"}}},{"$i":"fdnErrorBtnOk","$v":"नुदताम्"},{"$i":"switchSimToRetrieveTitle","$v":"डेटा कनेक्शन स्विच करोतु"},{"$i":"switchSimToRetrieveBody","$v":["MMS पुनःप्राप्तुं दत्तांशसंयोजनं SIM ",{"t":"idOrVar","v":"nonActiveSimId"}," प्रति स्थानान्तरितु। SIM ",{"t":"idOrVar","v":"activeSimId"}," प्रति वर्तमानदत्तांशस्य स्थानान्तरणं अवरोधितं भविष्यति। यथा कथञ्चिदपि अनुवर्तयितुम् इच्छति?"]},{"$i":"switchSimToRetrieveBtnOk","$v":"अनन्तरम्"},{"$i":"switchSimToRetrieveConfirm","$v":"नुदताम्"},{"$i":"switchSimToSendTitle","$v":[{"t":"idOrVar","v":"switchSimToRetrieveTitle"}]},{"$i":"switchSimToSendBody","$v":["MMS प्रेषयितुं दत्तांशसंयोजनं SIM ",{"t":"idOrVar","v":"nonActiveSimId"}," प्रति स्थानान्तरितु। SIM ",{"t":"idOrVar","v":"activeSimId"}," प्रति वर्तमानदत्तांशस्य स्थानान्तरणं अवरोधितं भविष्यति। यथा कथञ्चिदपि अनुवर्तयितुम् इच्छति?"]},{"$i":"switchSimToSendBtnOk","$v":[{"t":"idOrVar","v":"switchSimToRetrieveBtnOk"}]},{"$i":"switchSimToSendConfirm","$v":[{"t":"idOrVar","v":"switchSimToRetrieveConfirm"}]},{"$i":"sendNoSignalErrorTitle","$v":"नेटवर्क कवरेज नास्ति"},{"$i":"sendNoSignalErrorBody","$v":"दूरभाषतरङ्गः अस्ति इति निश्चित्य पुनः प्रयततु।"},{"$i":"sendNoSignalErrorBtnOk","$v":"नुदताम्"},{"$i":"sendNotFoundErrorTitle","$v":"सन्देशः न प्राप्तः"},{"$i":"sendNotFoundErrorBody","$v":"यस्य सन्देशस्य भवान्/भवती पश्यति, सः नूनं हि अपाभविष्यति।"},{"$i":"sendNotFoundErrorBtnOk","$v":"नुदताम्"},{"$i":"sendInvalidAddressErrorTitle","$v":"अमान्यसंख्या"},{"$i":"sendInvalidAddressErrorBody","$v":"यं प्रति प्रेषयति, तस्य दूरभाषक्रमाङ्कः योग्यः अस्ति इति निश्चिनोतु।"},{"$i":"sendInvalidAddressErrorBtnOk","$v":"नुदताम्"},{"$i":"simNotMatchedErrorTitle","$v":"डाउनलोडकर्तुमसमर्थम्"},{"$i":"simNotMatchedErrorBody","$v":"एनं सन्देशं प्राप्तुं निवेशितं SIM पत्रं अन्तर्भूतम् अस्ति इति निश्चिनोतु।"},{"$i":"simNotMatchedErrorBtnOk","$v":"नुदताम्"},{"$i":"deleted-sms","$v":"एषः सन्देशः पूर्वस्मादेव अपाकृतः अस्ति।"},{"$i":"view-attachment-image","$v":"दृश्यताम्"},{"$i":"view-attachment-audio","$v":"श्रृणोतु"},{"$i":"view-attachment-video","$v":"दृश्यताम्"},{"$i":"view-attachment-other","$v":"दृश्यताम्"},{"$i":"remove-attachment-image","$v":"चित्रम् अपसारयतु"},{"$i":"remove-attachment-audio","$v":"ऑडियो अपसारयतु"},{"$i":"remove-attachment-video","$v":"दृश्यचलितम् अपाकरोतु"},{"$i":"remove-attachment-other","$v":"अनुलग्नकं निष्कासयतु"},{"$i":"replace-attachment-image","$v":"चित्रं पुनः स्थापयतु"},{"$i":"replace-attachment-audio","$v":"ऑडियो पुनः स्थापयतु"},{"$i":"replace-attachment-video","$v":"वीडियो पुनः स्थापयतु"},{"$i":"replace-attachment-other","$v":"संलग्नकस्य पुनः स्थापयतु"},{"$i":"unsent-message-title","$v":"न प्रेषितः सन्देशः"},{"$i":"unsent-message-description","$v":"भवतः/भवत्याः पूर्वतनः सन्देशः न प्रेषियतः। किं भवान्/भवती तम् अप्रेषितं सन्देशं प्रेषयितुम् इच्छति उत तं त्यक्त्वा अनुवर्तयितुम् इच्छति?"},{"$i":"unsent-message-option-edit","$v":"संपाद्यताम्"},{"$i":"unsent-message-option-discard","$v":"विसर्ज्यताम्"},{"$i":"message-options","$v":"संदेशविकल्पाः"},{"$i":"select-text","$v":"पाठ्यं चीयताम्"},{"$i":"mobile","$v":"चलभाषः"},{"$i":"home","$v":"गृहम्"},{"$i":"work","$v":"कार्यालयम्"},{"$i":"personal","$v":"व्यक्तिगतम्"},{"$i":"faxHome","$v":"फैक्स गृहम्"},{"$i":"faxOffice","$v":"फैक्स कार्यालयः"},{"$i":"faxOther","$v":"फैक्स अन्ये"},{"$i":"another","$v":"अन्ये"},{"$i":"other","$v":"अन्यः"},{"$i":"today","$v":"अद्य"},{"$i":"yesterday","$v":"ह्यः"},{"$i":"incorrectDate","$v":"(त्रुटिदिनांकः)"},{"$i":"addToExistingContact","$v":"अवस्थितसम्पर्केषु योजयतु"},{"$i":"createNewContact","$v":"नूतनं सम्पर्कं निर्माणं करोतु"},{"$i":"viewContact","$v":"संपर्कं पश्यतु"},{"$i":"sendEmail","$v":"ईमेल प्रेषयतु"},{"$i":"mms-message","$v":"MMS सन्देशः"},{"$i":"notDownloaded-title","$v":"एतावता सन्देशः न अवारोपितः।"},{"$i":"tobedownloaded-attachment","$v":"एकाधिकमाध्यम-सन्देशः प्राप्तः अस्ति, कृपया अन्तिमदिनाङ्कात् (end_Date) पूर्वम् एतस्य सामग्रीं प्राप्तुम् अवारोपयतु।"},{"$i":"expired-attachment","$v":["क्षम्यताम्, ",{"t":"idOrVar","v":"date"}," दिनाह्के सन्देशः कालातीतः तथा च अवारोपयितुं न शक्यते।"]},{"$i":"download-attachment","$v":"अवारोपयतु"},{"$i":"downloading-attachment","$v":"डाउनलोड करोति…"},{"$i":"download-complete","$v":"डाउनलोड सम्पन्नम्"},{"$i":"unnamed-attachment","$v":"हीनशिरोनाम"},{"$i":"mms-label","$v":"MMS"},{"$i":"attached-files-too-large","$v":{"zero":["एकस्य एकाधिकमाध्यमसन्देशास्य कृते भवता/भवत्या चितानां सञ्चिकानाम् आकारः ",{"t":"idOrVar","v":"mmsSize"}," KB तः अतिक्रमितः भवति।"],"one":["एकस्य एकाधिकमाध्यमसन्देशास्य कृते भवता/भवत्या चितायाः सञ्चिकायाः आकारः ",{"t":"idOrVar","v":"mmsSize"}," KB तः अतिक्रमितः भवति।"],"two":["एकस्य एकाधिकमाध्यमसन्देशास्य कृते भवता/भवत्या चितानां सञ्चिकानाम् आकारः ",{"t":"idOrVar","v":"mmsSize"}," KB तः अतिक्रमितः भवति।"],"few":["एकस्य एकाधिकमाध्यमसन्देशास्य कृते भवता/भवत्या चितानां सञ्चिकानाम् आकारः ",{"t":"idOrVar","v":"mmsSize"}," KB तः अतिक्रमितः भवति।"],"many":["एकस्य एकाधिकमाध्यमसन्देशास्य कृते भवता/भवत्या चितानां सञ्चिकानाम् आकारः ",{"t":"idOrVar","v":"mmsSize"}," KB तः अतिक्रमितः भवति।"],"other":["एकस्य एकाधिकमाध्यमसन्देशास्य कृते भवता/भवत्या चितानां सञ्चिकानाम् आकारः ",{"t":"idOrVar","v":"mmsSize"}," KB तः अतिक्रमितः भवति।"]},"$x":[{"t":"idOrVar","v":"plural"},"n"]},{"$i":"resize-image","$v":"संलग्नचित्रस्य पुनराकारप्रदानम्"},{"$i":"no-attachment-text","$v":"तत्र संयोजितसञ्चिकायां समस्या अस्ति, अतः अवारोपणं न शक्यते।"},{"$i":"message-draft-saved","$v":"सन्देशं ड्राफ्टरूपेण संरक्षितम्"},{"$i":"sim-id-label","$v":["सिम ",{"t":"idOrVar","v":"id"}]},{"$i":"sim-detail","$v":["सिम ",{"t":"idOrVar","v":"id"},", ",{"t":"idOrVar","v":"detailstring"}]},{"$i":"dsds-notification-title-with-sim","$v":["(",{"t":"idOrVar","v":"sim"},") ",{"t":"idOrVar","v":"sender"}]},{"$i":"send-button","ariaLabel":"प्रेष्यताम्"},{"$i":"send-button-sim-indication","$v":[{"t":"idOrVar","v":"n"}],"ariaLabel":["सिमस्य उपयोगं ",{"t":"idOrVar","v":"n"}]},{"$i":"expiry-date-format","$v":"%A, %b %e"},{"$i":"attach-button","ariaLabel":"अटाचमेंट योजयतु"},{"$i":"contact-photo","ariaLabel":"संपर्कचित्रम्"},{"$i":"unread-thread","ariaLabel":"अपठितम्"},{"$i":"has-draft","ariaLabel":"ड्राफ्ट अस्ति"},{"$i":"is-draft","ariaLabel":"प्रारूपम्"},{"$i":"message-delivery-status-sending","$v":"प्रेषयति …"},{"$i":"message-delivery-status-delivered","ariaLabel":"डेलिवर्ड"},{"$i":"message-delivery-status-read","ariaLabel":"पठतु"},{"$i":"message-delivery-status-error","ariaLabel":"दोषः"},{"$i":"modal-dialog-ok-button","$v":"नुदताम्"},{"$i":"modal-dialog-cancel-button","$v":"निरस्यताम्"},{"$i":"modal-dialog-default-title","$v":"सन्देशाः"},{"$i":"tcl-delete-message","$v":"सन्देशमपसारयतु"},{"$i":"tcl-sending-message-toast","$v":"सन्देशं प्रेषयति..."},{"$i":"tcl-message-converted-to-toast","$v":[{"t":"idOrVar","v":"type"}," संदेशस्य परिवर्तनमभवत्"]},{"$i":"tcl-message-sent-toast","$v":"सन्देशः प्रेषितः"},{"$i":"tcl-deleteMessage-confirmation2","$v":"चितस्य सन्देशस्य तन्तुम् अपाकरोति?"},{"$i":"tcl-deleted-message","$v":{"zero":"0 सन्देशः निष्क्रियः","one":[{"t":"idOrVar","v":"n"}," सन्देशमपसारितम्"],"two":[{"t":"idOrVar","v":"n"}," संदेशम् अपसारितम्"],"few":[{"t":"idOrVar","v":"n"}," संदेशम् अपसारितम्"],"many":[{"t":"idOrVar","v":"n"}," संदेशम् अपसारितम्"],"other":[{"t":"idOrVar","v":"n"}," संदेशम् अपसारितम्"]},"$x":[{"t":"idOrVar","v":"plural"},"n"]},{"$i":"tcl-deleted-threads","$v":{"zero":"0 थ्रेड निष्क्रियः","one":"थ्रेड अपसारितम्","two":[{"t":"idOrVar","v":"n"}," संदेश थ्रेड्स अपरारितम्"],"few":[{"t":"idOrVar","v":"n"}," संदेश थ्रेड्स अपरारितम्"],"many":[{"t":"idOrVar","v":"n"}," संदेश थ्रेड्स अपरारितम्"],"other":[{"t":"idOrVar","v":"n"}," संदेश थ्रेड्स अपरारितम्"]},"$x":[{"t":"idOrVar","v":"plural"},"n"]},{"$i":"tcl-simSettings","$v":"तथ्यानि"},{"$i":"tcl-unknown-SMSC","$v":"तथ्यं नोपलब्धम्"},{"$i":"tcl-sim1","$v":"सर्विसकेन्द्रं सिम 1"},{"$i":"tcl-sim2","$v":"सर्विसकेन्द्रं सिम 2"},{"$i":"tcl-auto-retrieve","$v":"स्वतः प्राप्तिः"},{"$i":"tcl-wapPushMessages","$v":"WAP पुश संदेशः"},{"$i":"tcl-wapPush","$v":"WAP पुश"},{"$i":"tcl-wap-push-on","$v":"सक्रियम्"},{"$i":"tcl-wap-push-off","$v":"निष्क्रमणम्"},{"$i":"tcl-auto-retrieve-messages","$v":"स्वतः सन्देशान् पुनः प्राप्तं करोतु"},{"$i":"tcl-manual-retrieve","$v":"निष्क्रमणम्"},{"$i":"tcl-auto-roaming-retrieve","$v":"रोमिंगसहितम्"},{"$i":"tcl-auto-no-roaming-retrieve","$v":"रोमिंगं बिना"},{"$i":"tcl-message-read-reports","$v":"रिपोर्ट पठतु"},{"$i":"tcl-read-reports-on","$v":"सक्रियम्"},{"$i":"tcl-read-reports-off","$v":"निष्क्रमणम्"},{"$i":"tcl-mmsTitle","$v":"मल्टीमीडिया संदेशः (MMS)"},{"$i":"tcl-message-delivery-reports","$v":"डिलीवरी रिपोर्टस"},{"$i":"tcl-delivery-reports-on","$v":"सक्रियम्"},{"$i":"tcl-delivery-reports-off","$v":"निष्क्रमणम्"},{"$i":"tcl-message-confirmation","$v":"संदेशस्य पुष्टिकरणम्"},{"$i":"tcl-messageReport-title","$v":"सन्देशस्य विवरणम्"},{"$i":"tcl-mms-label","$v":"MMS"},{"$i":"tcl-sms-label","$v":"SMS"},{"$i":"tcl-messaging-settings","$v":"संदेशस्य सेटिंगस"},{"$i":"tcl-messagingSettings-header","$v":[{"t":"idOrVar","v":"tcl-messaging-settings"}]},{"$i":"tcl-confirmation-title","$v":"अनुमोदनम्"},{"$i":"tcl-draft-save-content","$v":"प्रारूप-रूपेण रक्षति?"},{"$i":"tcl-draft-discard-content","$v":"सन्देशः अपमर्जितः"},{"$i":"tcl-switch-on","$v":"सक्रियम्"},{"$i":"tcl-switch-off","$v":"निष्क्रमणम्"},{"$i":"tcl-delivery-report-desc","$v":"प्रेषितस्य प्रत्येकसंदेशस्य कृते डिलीवरीसूचनायाः अनुरोधं करोतु"},{"$i":"tcl-read-report-desc","$v":"प्रेषितस्य प्रत्येकसंदेशस्य कृते रिपोर्टपठनस्य अनुरोधं करोतु"},{"$i":"tcl-auto-retrieve-desc","$v":"स्वतःपुनःप्राप्ताः सन्देशाः"},{"$i":"tcl-confirm-dialog-ok","$v":"नुदताम्"},{"$i":"tcl-yes","$v":"भवतु"},{"$i":"tcl-no","$v":"मा भवतु"},{"$i":"tcl-delete-current-thread?","$v":"चितस्य सन्देशस्य तन्तुम् अपाकरोति?"},{"$i":"tcl-attention","$v":"सावधानः"},{"$i":"tcl-options","$v":"विकल्पाः"},{"$i":"send-failed","$v":"प्रेषणं विफलम्!"},{"$i":"subject-removed","$v":"विषयः अपाकृतः।"},{"$i":"media-storage-limit-alert-title","$v":"सङ्ग्रहः पूरितः"},{"$i":"media-storage-limit-alert-body","$v":"अधिकं रिक्तस्थानं प्राप्तुं भवान्/भवती माध्यमसञ्चिकताः उत अनुप्रयोगस्य दत्तांशं व्यवस्थाप्य अपाकरणं कर्तुं प्रभवति।"},{"$i":"media-storage-limit-alert-cancel","$v":"निरस्यताम्"},{"$i":"media-storage-limit-alert-setting","$v":"अभिविन्यासं प्रति गच्छतु"},{"$i":"email","$v":"ई-मेल्"},{"$i":"go","$v":"गम्यताम्"},{"$i":"weekday-0-long","$v":"रविवासरः"},{"$i":"weekday-1-long","$v":"सोमवासरः"},{"$i":"weekday-2-long","$v":"मङ्गलवासरः"},{"$i":"weekday-3-long","$v":"बुधवासरः"},{"$i":"weekday-4-long","$v":"गुरुवासरः"},{"$i":"weekday-5-long","$v":"शुक्रवासरः"},{"$i":"weekday-6-long","$v":"शनिवासरः"},{"$i":"weekday-0-short","$v":"रविः"},{"$i":"weekday-1-short","$v":"सोम"},{"$i":"weekday-2-short","$v":"मंगलवारः"},{"$i":"weekday-3-short","$v":"मेल करनम्"},{"$i":"weekday-4-short","$v":"गुरुवारः"},{"$i":"weekday-5-short","$v":"शुक्र"},{"$i":"weekday-6-short","$v":"उपवेशितम्"},{"$i":"month-0-long","$v":"जनवरी"},{"$i":"month-1-long","$v":"फरवरी"},{"$i":"month-2-long","$v":"मार्च"},{"$i":"month-3-long","$v":"अप्रैल"},{"$i":"month-4-long","$v":"मई"},{"$i":"month-5-long","$v":"जून"},{"$i":"month-6-long","$v":"जुलाई"},{"$i":"month-7-long","$v":"अगस्त"},{"$i":"month-8-long","$v":"सितम्बरः"},{"$i":"month-9-long","$v":"अक्टूबरः"},{"$i":"month-10-long","$v":"नवम्बरः"},{"$i":"month-11-long","$v":"दिसम्बरः"},{"$i":"month-0-genitive","$v":"जनवरी"},{"$i":"month-1-genitive","$v":"फरवरी"},{"$i":"month-2-genitive","$v":"मार्च"},{"$i":"month-3-genitive","$v":"अप्रैल"},{"$i":"month-4-genitive","$v":"मई"},{"$i":"month-5-genitive","$v":"जून"},{"$i":"month-6-genitive","$v":"जुलाई"},{"$i":"month-7-genitive","$v":"अगस्त"},{"$i":"month-8-genitive","$v":"सितम्बरः"},{"$i":"month-9-genitive","$v":"अक्टूबरः"},{"$i":"month-10-genitive","$v":"नवम्बरः"},{"$i":"month-11-genitive","$v":"दिसम्बरः"},{"$i":"month-0-short","$v":"जनवरी"},{"$i":"month-1-short","$v":"फेव"},{"$i":"month-2-short","$v":"मार्च"},{"$i":"month-3-short","$v":"अप्रैल"},{"$i":"month-4-short","$v":"मई"},{"$i":"month-5-short","$v":"जनवरी"},{"$i":"month-6-short","$v":"जुलाई"},{"$i":"month-7-short","$v":"अगस्त"},{"$i":"month-8-short","$v":"सितम्बरः"},{"$i":"month-9-short","$v":"अक्टूबरः"},{"$i":"month-10-short","$v":"नवम्बरः"},{"$i":"month-11-short","$v":"डीईसी"},{"$i":"minutes-ago-long","$v":{"zero":"अधुना","one":"एकमिनट पूर्वम्","two":[{"t":"idOrVar","v":"value"}," मिनिटपूर्वम्"],"few":[{"t":"idOrVar","v":"value"}," मिनिटपूर्वम्"],"many":[{"t":"idOrVar","v":"value"}," मिनिटपूर्वम्"],"other":[{"t":"idOrVar","v":"value"}," मिनिटपूर्वम्"]},"$x":[{"t":"idOrVar","v":"plural"},"value"]},{"$i":"hours-ago-long","$v":{"zero":"अधुना","one":"एकघंटा पूर्वम्","two":[{"t":"idOrVar","v":"value"}," घटिकापूर्वम्"],"few":[{"t":"idOrVar","v":"value"}," घटिकापूर्वम्"],"many":[{"t":"idOrVar","v":"value"}," घटिकापूर्वम्"],"other":[{"t":"idOrVar","v":"value"}," घटिकापूर्वम्"]},"$x":[{"t":"idOrVar","v":"plural"},"value"]},{"$i":"days-ago-long","$v":{"zero":"अद्य","one":"ह्यः","two":[{"t":"idOrVar","v":"value"}," दिनपूर्वम्"],"few":[{"t":"idOrVar","v":"value"}," दिनपूर्वम्"],"many":[{"t":"idOrVar","v":"value"}," दिनपूर्वम्"],"other":[{"t":"idOrVar","v":"value"}," दिनपूर्वम्"]},"$x":[{"t":"idOrVar","v":"plural"},"value"]},{"$i":"weeks-ago-long","$v":{"zero":"अस्मिन् सप्ताहे","one":"ह्यः सप्ताहे","two":[{"t":"idOrVar","v":"value"}," सप्ताहपूर्वम्"],"few":[{"t":"idOrVar","v":"value"}," सप्ताहपूर्वम्"],"many":[{"t":"idOrVar","v":"value"}," सप्ताहपूर्वम्"],"other":[{"t":"idOrVar","v":"value"}," सप्ताहपूर्वम्"]},"$x":[{"t":"idOrVar","v":"plural"},"value"]},{"$i":"months-ago-long","$v":{"zero":"अस्मिन् मासे","one":"ह्यः मासे","two":[{"t":"idOrVar","v":"value"}," मासपूर्वम्"],"few":[{"t":"idOrVar","v":"value"}," मासपूर्वम्"],"many":[{"t":"idOrVar","v":"value"}," मासपूर्वम्"],"other":[{"t":"idOrVar","v":"value"}," मासपूर्वम्"]},"$x":[{"t":"idOrVar","v":"plural"},"value"]},{"$i":"years-ago-long","$v":{"zero":"अस्मिन् वर्षे","one":"ह्यः वर्षे","two":[{"t":"idOrVar","v":"value"}," वर्षपूर्वम्"],"few":[{"t":"idOrVar","v":"value"}," वर्षपूर्वम्"],"many":[{"t":"idOrVar","v":"value"}," वर्षपूर्वम्"],"other":[{"t":"idOrVar","v":"value"}," वर्षपूर्वम्"]},"$x":[{"t":"idOrVar","v":"plural"},"value"]},{"$i":"minutes-until-long","$v":{"zero":"अधुना","one":"एकमिनटमध्ये","two":[{"t":"idOrVar","v":"value"}," निमेषात्मके"],"few":[{"t":"idOrVar","v":"value"}," निमेषात्मके"],"many":[{"t":"idOrVar","v":"value"}," निमेषात्मके"],"other":[{"t":"idOrVar","v":"value"}," निमेषात्मके"]},"$x":[{"t":"idOrVar","v":"plural"},"value"]},{"$i":"hours-until-long","$v":{"zero":"अधुना","one":"एकघंटात्मके","two":[{"t":"idOrVar","v":"value"}," घंटात्मके"],"few":[{"t":"idOrVar","v":"value"}," घंटात्मके"],"many":[{"t":"idOrVar","v":"value"}," घंटात्मके"],"other":[{"t":"idOrVar","v":"value"}," घंटात्मके"]},"$x":[{"t":"idOrVar","v":"plural"},"value"]},{"$i":"days-until-long","$v":{"zero":"अद्य","one":"श्वः","two":[{"t":"idOrVar","v":"value"}," दिनात्मके"],"few":[{"t":"idOrVar","v":"value"}," दिनात्मके"],"many":[{"t":"idOrVar","v":"value"}," दिनात्मके"],"other":[{"t":"idOrVar","v":"value"}," दिनात्मके"]},"$x":[{"t":"idOrVar","v":"plural"},"value"]},{"$i":"weeks-until-long","$v":{"zero":"अस्मिन् सप्ताहे","one":"श्वः सप्ताहे","two":[{"t":"idOrVar","v":"value"}," सप्ताहात्मके"],"few":[{"t":"idOrVar","v":"value"}," सप्ताहात्मके"],"many":[{"t":"idOrVar","v":"value"}," सप्ताहात्मके"],"other":[{"t":"idOrVar","v":"value"}," सप्ताहात्मके"]},"$x":[{"t":"idOrVar","v":"plural"},"value"]},{"$i":"months-until-long","$v":{"zero":"अस्मिन् मासे","one":"श्वः मासे","two":[{"t":"idOrVar","v":"value"}," मासात्मके"],"few":[{"t":"idOrVar","v":"value"}," मासात्मके"],"many":[{"t":"idOrVar","v":"value"}," मासात्मके"],"other":[{"t":"idOrVar","v":"value"}," मासात्मके"]},"$x":[{"t":"idOrVar","v":"plural"},"value"]},{"$i":"years-until-long","$v":{"zero":"अस्मिन् वर्षे","one":"श्वः वर्षे","two":[{"t":"idOrVar","v":"value"}," वर्षात्मके"],"few":[{"t":"idOrVar","v":"value"}," वर्षात्मके"],"many":[{"t":"idOrVar","v":"value"}," वर्षात्मके"],"other":[{"t":"idOrVar","v":"value"}," वर्षात्मके"]},"$x":[{"t":"idOrVar","v":"plural"},"value"]},{"$i":"minutes-ago-short","$v":{"zero":"अधुना","other":[{"t":"idOrVar","v":"value"},"m पूर्वम्"]},"$x":[{"t":"idOrVar","v":"plural"},"value"]},{"$i":"hours-ago-short","$v":{"zero":"अधुना","other":[{"t":"idOrVar","v":"value"},"h पूर्वम्"]},"$x":[{"t":"idOrVar","v":"plural"},"value"]},{"$i":"days-ago-short","$v":{"zero":"अद्य","other":[{"t":"idOrVar","v":"value"},"d पूर्वम्"]},"$x":[{"t":"idOrVar","v":"plural"},"value"]},{"$i":"minutes-until-short","$v":{"zero":"अधुना","other":[{"t":"idOrVar","v":"value"}," m"]},"$x":[{"t":"idOrVar","v":"plural"},"value"]},{"$i":"hours-until-short","$v":{"zero":"अधुना","other":[{"t":"idOrVar","v":"value"}," h"]},"$x":[{"t":"idOrVar","v":"plural"},"value"]},{"$i":"days-until-short","$v":{"zero":"अद्य","other":[{"t":"idOrVar","v":"value"}," d"]},"$x":[{"t":"idOrVar","v":"plural"},"value"]},{"$i":"dateTimeFormat_%c","$v":"%a %b %e %Y %I:%M:%S %p"},{"$i":"dateTimeFormat_%x","$v":"%m/%d/%Y"},{"$i":"dateTimeFormat_%X","$v":"%I:%M:%S %p"},{"$i":"shortTimeFormat","$v":"%I:%M %p"},{"$i":"shortTimeFormat12","$v":"%I:%M %p"},{"$i":"shortTimeFormat24","$v":"%H:%M"},{"$i":"shortDateTimeFormat","$v":"%x %I:%M %p"},{"$i":"weekStartsOnMonday","$v":"0"},{"$i":"firstDayOfTheWeek","$v":"0"},{"$i":"time_am","$v":"AM"},{"$i":"time_pm","$v":"PM"},{"$i":"softkey-options","$v":"विकल्पाः"},{"$i":"emergencyNumber","$v":"आपत्कालीनसंख्या"},{"$i":"callAirplaneModeMessage","$v":"आह्वाहनं कर्तुं भवता/भवत्या अभविन्यासे विमानावस्था निष्क्रिया करणीया।"},{"$i":"callAirplaneModeBtnOk","$v":"नुदताम्"},{"$i":"callAirplaneModeTitle","$v":"वायुयानमोड सक्रियः"},{"$i":"numberIsBusyTitle","$v":"संख्या व्यस्तमस्ति"},{"$i":"numberIsBusyMessage","$v":"क्रमाङ्कः अधुना व्यस्तः अस्ति। कृपया पुनश्चेष्टितव्यमनन्तरम् ।"},{"$i":"fdnIsActiveTitle","$v":"FDN सक्रियः"},{"$i":"fdnIsActiveMessage","$v":["FDN (फिक्स्ड डायलिंग नंबरस) सक्रियः वर्तते निम्नसंख्या च भवतः FDN सूच्यां नास्ति : ",{"t":"idOrVar","v":"number"}]},{"$i":"emergencyDialogBodyBadNumber","$v":"आह्वाहनं कर्तुं दूरभाषः जालेन सह संयोजितः स्यादेव।"},{"$i":"emergencyDialogBodyDeviceNotAccepted","$v":"जालेन आपत्कालाह्वाहानि न अनुमोदितानि।"},{"$i":"emergencyDialogBtnOk","$v":"नुदताम्"},{"$i":"emergencyDialogTitle","$v":"जालसंकेतं न वर्तते"},{"$i":"invalidNumberToDialTitle","$v":"अवैधफोनसंख्या"},{"$i":"invalidNumberToDialMessage","$v":"यं क्रमाङ्कं प्रति भवा्न्/भवती आह्वयति, सः अयोग्यः अस्ति।"},{"$i":"unableToCallTitle","$v":"अधुना फ़ोन कॉल कर्तुम् असमर्थम्"},{"$i":"unableToCallMessage","$v":"कॉल कर्तुं न शक्यते यदि भवान् पूर्वमेव डायलम् अकरोत् तर्हि कृपया पूर्वं तिष्ठतु।"},{"$i":"otherConnectionInUseTitle","$v":"उपयोगे अन्यकनेक्शनम्"},{"$i":"otherConnectionInUseMessage","$v":"अन्यसंयोजने भवतः/भवत्याः अन्याह्वाहनं सक्रियम् अस्ति। एकस्मिन् समये भवान्/भवती एकमेव संयोजनं प्रयोक्तुं शक्नोति।"},{"$i":"connectingEllipsis","$v":"संयोज्यमानम्..."}]