[{"$i":"messages","$v":"ᱠᱷᱚᱵᱚᱨ"},{"$i":"deleteMessages-title","$v":"ᱵᱟᱪᱷᱟᱣ"},{"$i":"selectThreads-title","$v":"ᱵᱟᱪᱷᱟᱣ"},{"$i":"edit","$v":"ᱟᱨᱩ"},{"$i":"back","$v":"ᱨᱩᱣᱮᱲ"},{"$i":"cancel","$v":"ᱢᱩᱪᱮᱫ"},{"$i":"undo","$v":"ᱨᱩᱣᱮᱲᱟᱜᱩ"},{"$i":"done","$v":"ᱦᱚᱭᱱᱟ"},{"$i":"delete","$v":"ᱢᱮᱴᱟᱣ"},{"$i":"deleting-messages","$v":"ᱢᱮᱴᱟᱜ ᱠᱟᱱᱟ…"},{"$i":"select-all","$v":"ᱡᱚᱛᱚ ᱵᱟᱪᱷᱟᱣ"},{"$i":"deselect-all","$v":"ᱡᱚᱛᱚ ᱚᱵᱟᱪᱷᱟᱣ"},{"$i":"selected-threads","$v":{"zero":"0 ᱵᱟᱪᱷᱟᱣᱟᱜ","one":[{"t":"idOrVar","v":"n"}," ᱵᱟᱪᱷᱟᱣ ᱟᱠᱟᱱᱟ"],"two":[{"t":"idOrVar","v":"n"}," ᱵᱟᱪᱷᱟᱣ ᱟᱠᱟᱱᱟ"],"few":[{"t":"idOrVar","v":"n"}," ᱵᱟᱪᱷᱟᱣ ᱟᱠᱟᱱᱟ"],"many":[{"t":"idOrVar","v":"n"}," ᱵᱟᱪᱷᱟᱣ ᱟᱠᱟᱱᱟ"],"other":[{"t":"idOrVar","v":"n"}," ᱵᱟᱪᱷᱟᱣ ᱟᱠᱟᱱᱟ"]},"$x":[{"t":"idOrVar","v":"plural"},"n"]},{"$i":"selected-messages","$v":{"zero":"0 ᱵᱟᱪᱷᱟᱣᱟᱜ","one":[{"t":"idOrVar","v":"n"}," ᱵᱟᱪᱷᱟᱣ ᱟᱠᱟᱱᱟ"],"two":[{"t":"idOrVar","v":"n"}," ᱵᱟᱪᱷᱟᱣ ᱟᱠᱟᱱᱟ"],"few":[{"t":"idOrVar","v":"n"}," ᱵᱟᱪᱷᱟᱣ ᱟᱠᱟᱱᱟ"],"many":[{"t":"idOrVar","v":"n"}," ᱵᱟᱪᱷᱟᱣ ᱟᱠᱟᱱᱟ"],"other":[{"t":"idOrVar","v":"n"}," ᱵᱟᱪᱷᱟᱣ ᱟᱠᱟᱱᱟ"]},"$x":[{"t":"idOrVar","v":"plural"},"n"]},{"$i":"selectThreads-label","$v":"ᱥᱩᱛᱨᱚ ᱠᱚ ᱵᱟᱪᱷᱟᱣ ᱢᱮ"},{"$i":"selectMessages-label","$v":"ᱠᱷᱚᱵᱚᱨ ᱠᱚ ᱵᱟᱪᱷᱟᱣ ᱢᱮ"},{"$i":"new-message","$v":"ᱱᱟᱣᱟ ᱠᱷᱚᱵᱚᱨ"},{"$i":"delete-thread","$v":"ᱵᱷᱩᱞᱟᱜ ᱢᱮᱴᱟᱣ"},{"$i":"create-new-contact","$v":"ᱱᱟᱣᱟ ᱠᱷᱟᱛᱟ ᱵᱤᱱᱟᱣ"},{"$i":"add-to-contact","$v":"ᱢᱤᱛ ᱢᱮᱱᱟᱜ ᱡᱚᱜᱟᱡᱳᱜ ᱨᱮ ᱥᱮᱞᱮᱫ"},{"$i":"select-thread","$v":"ᱥᱩᱛᱨᱚ ᱵᱟᱪᱷᱟᱣ ᱢᱮ"},{"$i":"settings","$v":"ᱥᱮᱴᱤᱸᱜ"},{"$i":"select","$v":"ᱵᱟᱪᱷᱟᱣ"},{"$i":"sk-save-as-draft","$v":"ᱰᱨᱟᱯᱷᱹᱴ ᱨᱮ ᱞᱮᱠᱟ ᱡᱚᱜᱟᱣ"},{"$i":"send","$v":"ᱠᱩᱞ"},{"$i":"add-contact","$v":"ᱡᱚᱜᱟᱡᱳᱜ ᱥᱮᱞᱮᱫ"},{"$i":"add-suggestion","$v":"ᱥᱮᱞᱮᱫ ᱢᱮ ᱠᱷᱟᱛᱟ ᱡᱟᱦᱟᱸ ᱨᱮ ᱚᱱᱞᱟᱩᱤᱱ ᱡᱚᱜᱟᱡᱳᱜ ᱮᱢ ᱡᱚᱜᱟᱣ ᱫᱟᱲᱤᱭᱟᱜ-ᱟ"},{"$i":"add-subject","$v":"ᱵᱤᱥᱚᱭ ᱥᱮᱞᱮᱫ"},{"$i":"remove-subject","$v":"ᱵᱤᱥᱚᱭ ᱚᱪᱚᱜ"},{"$i":"add-attachment","$v":"ᱞᱟᱲᱜᱟ ᱥᱮᱞᱮᱫ"},{"$i":"remove-attachment","$v":"ᱞᱟᱲᱜᱟᱣᱟᱜ ᱚᱪᱚᱜ"},{"$i":"replace-attachment","$v":"ᱞᱟᱲᱜᱟᱣᱟᱜ ᱫᱚᱦᱚ ᱟᱹᱨᱩᱭ ᱢᱮ"},{"$i":"select-messages","$v":"ᱠᱷᱚᱵᱚᱨ ᱠᱚ ᱵᱟᱪᱷᱟᱣ ᱢᱮ"},{"$i":"call","$v":"ᱠᱚᱞ"},{"$i":"forward","$v":"ᱰᱷᱤᱛ"},{"$i":"view-message-report","$v":"ᱠᱷᱚᱵᱚᱨ ᱵᱤᱵᱚᱨᱚᱱ ᱧᱮᱞ ᱢᱮ"},{"$i":"resend-message","$v":"ᱱᱚᱣᱟ ᱠᱷᱚᱵᱚᱨ ᱫᱚᱦᱚᱲᱟ ᱮᱥᱠᱮᱱ"},{"$i":"cancel-view-report","$v":"ᱢᱩᱪᱮᱫ"},{"$i":"ok","$v":"ᱴᱤᱠ"},{"$i":"enter","$v":"ᱟᱫᱮᱨ"},{"$i":"open","$v":"ᱡᱷᱤᱡ"},{"$i":"to","$v":"ᱛᱮ"},{"$i":"new","$v":"ᱱᱟᱣᱟ"},{"$i":"message","$v":"ᱠᱷᱚᱵᱚᱨ"},{"$i":"messagesInput_placeholder","$v":"ᱠᱷᱚᱵᱚᱨ"},{"$i":"messagesSubjectInput_placeholder","$v":"ᱵᱤᱥᱚᱭ"},{"$i":"converted-to-mms","$v":"ᱢᱚᱞᱴᱤᱢᱤᱰᱤᱭᱟ ᱠᱷᱚᱵᱚᱨ ᱞᱟᱜᱤᱫ ᱵᱚᱫᱚᱞᱟᱜ ᱠᱟᱱᱟ."},{"$i":"converted-to-sms","$v":"ᱞᱤᱯᱤ ᱠᱷᱚᱵᱚᱨ ᱟᱜᱤᱫ ᱵᱚᱫᱚᱞᱚᱜ ᱠᱟᱱᱟ."},{"$i":"messages-max-length-text","$v":"ᱟᱢ ᱫᱚᱢ ᱛᱟᱵ ᱟᱠᱟᱫᱟ ᱵᱟᱲᱛᱤ ᱠᱷᱚᱱ ᱵᱟᱲᱛᱤ ᱡᱮᱞᱤᱸᱧ."},{"$i":"messages-max-subject-length-text","$v":"ᱵᱟᱲᱛᱤ ᱠᱷᱚᱱ ᱵᱟᱲᱛᱤ ᱡᱷᱮᱞ ᱨᱮᱭᱟᱜ ᱵᱤᱥᱚᱭ ᱫᱚ ᱛᱤᱭᱮᱜ ᱟᱠᱟᱱᱟ."},{"$i":"multimedia-message-exceeded-max-length","$v":["ᱟᱢ ᱫᱚᱢ ᱢᱤᱛ ᱢᱚᱞᱴᱤᱢᱤᱰᱤᱭᱟ ᱠᱷᱚᱵᱚᱨ ",{"t":"idOrVar","v":"mmsSize"}," KB ᱨᱮᱭᱟᱜ ᱵᱟᱲᱛᱤ ᱠᱷᱚᱱ ᱵᱟᱲᱛᱤ ᱥᱮᱢᱮᱭ ᱛᱟᱵ ᱟᱠᱟᱫᱟ. ᱞᱟᱲᱜᱟᱣᱟᱜ ᱚᱪᱚᱜ ᱢᱮ ᱟᱨᱵᱟᱝᱠᱷᱟᱱ ᱦᱩᱰᱤᱧ ᱢᱮ ᱠᱷᱚᱵᱚᱨ ᱠᱩᱞ ᱞᱟᱜᱤᱫ"]},{"$i":"newMessage","$v":"ᱱᱟᱣᱟ ᱠᱷᱚᱵᱚᱨ"},{"$i":"sendMessage","$v":"ᱠᱷᱚᱵᱚᱨ ᱠᱩᱞ"},{"$i":"sendMMSToEmail","$v":"ᱢᱚᱞᱴᱤᱢᱤᱰᱤᱭᱟ ᱠᱷᱚᱵᱚᱨ ᱠᱩᱞ"},{"$i":"no-recipient","$v":"(ᱟᱛᱟᱝᱤᱡ ᱵᱟᱱᱩᱭ)"},{"$i":"recipient","$v":{"one":[{"t":"idOrVar","v":"n"},"ᱟᱛᱟᱝ-ᱤᱡ"],"two":[{"t":"idOrVar","v":"n"},"ᱟᱛᱟᱝ-ᱤᱡ ᱠᱚ"],"few":[{"t":"idOrVar","v":"n"},"ᱟᱛᱟᱝ-ᱤᱡ ᱠᱚ"],"many":[{"t":"idOrVar","v":"n"},"ᱟᱛᱟᱝ-ᱤᱡ ᱠᱚ"],"other":[{"t":"idOrVar","v":"n"},"ᱟᱛᱟᱝ-ᱤᱡ ᱠᱚ"]},"$x":[{"t":"idOrVar","v":"plural"},"n"]},{"$i":"attachmentSizeB","$v":[{"t":"idOrVar","v":"n"}," B"]},{"$i":"attachmentSizeKB","$v":[{"t":"idOrVar","v":"n"}," KB"]},{"$i":"attachmentSizeMB","$v":[{"t":"idOrVar","v":"n"}," MB"]},{"$i":"attachmentOpenError","$v":"ᱱᱚᱣᱟ ᱨᱮᱫ ᱞᱮᱠᱟᱱᱟᱜ ᱨᱮᱫ ᱡᱷᱤᱡ ᱞᱟᱜᱤᱫ ᱵᱟᱱᱩᱜ-ᱟ ᱮᱯᱞᱤᱠᱮᱥᱚᱱ"},{"$i":"remove","$v":"ᱚᱪᱚᱜ"},{"$i":"participant","$v":{"one":[{"t":"idOrVar","v":"n"}," ᱥᱚᱝᱜᱮ ᱟᱠᱟᱱ ᱦᱚᱲ"],"two":[{"t":"idOrVar","v":"n"}," ᱥᱚᱝᱜᱮ ᱟᱠᱟᱱ ᱦᱚᱲ"],"few":[{"t":"idOrVar","v":"n"}," ᱥᱚᱝᱜᱮ ᱟᱠᱟᱱ ᱦᱚᱲ"],"many":[{"t":"idOrVar","v":"n"}," ᱥᱚᱝᱜᱮ ᱟᱠᱟᱱ ᱦᱚᱲ"],"other":[{"t":"idOrVar","v":"n"}," ᱥᱚᱝᱜᱮ ᱟᱠᱟᱱ ᱦᱚᱲ"]},"$x":[{"t":"idOrVar","v":"plural"},"n"]},{"$i":"message-report","$v":"ᱠᱷᱚᱵᱚᱨ ᱨᱤᱯᱳᱨᱴ"},{"$i":"message-type-sms","$v":"ᱯᱟᱴ ᱠᱷᱚᱵᱚᱨ (SMS)"},{"$i":"message-type-mms","$v":"ᱢᱚᱞᱴᱤᱢᱤᱰᱤᱭᱟ ᱠᱷᱚᱵᱚᱨ (MMS)"},{"$i":"sms-report-description","$v":["ᱟᱢᱟᱜ ᱯᱟᱴ ᱠᱷᱚᱵᱚᱨ (SMS), ᱫᱚ ᱵᱟᱝ ᱡᱩᱞᱩᱜ-ᱟ ",{"t":"idOrVar","v":"datetime"}," ᱨᱮ"]},{"$i":"mms-report-description","$v":["ᱟᱢᱟᱜ ᱢᱚᱞᱴᱤᱢᱮᱰᱤᱭᱟ ᱠᱷᱚᱵᱚᱨ (MMS), ᱵᱤᱥᱚᱭ ",{"t":"idOrVar","v":"subject"},", ᱫᱚ ᱵᱟᱝ ᱡᱩᱞᱩᱜ-ᱟ ",{"t":"idOrVar","v":"datetime"}," ᱨᱮ"]},{"$i":"mms-no-subject-report-description","$v":["ᱟᱢᱟᱜ ᱢᱚᱞᱴᱤᱢᱮᱰᱤᱭᱟ ᱠᱷᱚᱵᱚᱨ (MMS), ᱫᱚ ᱵᱟᱝ ᱡᱩᱞᱩᱜ-ᱟ ",{"t":"idOrVar","v":"datetime"}," ᱨᱮ"]},{"$i":"message-subject","$v":"ᱵᱤᱥᱚᱭ:"},{"$i":"report-status-error","$v":"ᱠᱷᱚᱵᱚᱨ ᱫᱚ ᱵᱟᱝ ᱮᱢ ᱠᱩᱞ ᱫᱟᱲᱤᱭᱟᱜ-ᱟ"},{"$i":"report-status-not-downloaded","$v":"ᱵᱟᱝ ᱰᱟᱩᱱᱞᱳᱰ ᱟᱠᱟᱱᱟ"},{"$i":"report-status-delivered","$v":"ᱤᱫᱤ ᱥᱮᱴᱮᱨᱟᱜ:"},{"$i":"report-status-read","$v":"ᱯᱟᱲᱷᱟᱣ:"},{"$i":"report-status-pending","$v":"ᱱᱮᱦᱚᱨ ᱟᱠᱟᱫ ᱮᱢ ᱨᱤᱯᱨᱴ"},{"$i":"report-status-rejected","$v":"ᱠᱷᱚᱵᱚᱨ ᱫᱚ ᱵᱷᱟᱸᱜᱩᱲ ᱟᱠᱟᱱᱟ"},{"$i":"message-size-was","$v":"ᱠᱷᱚᱵᱚᱨ ᱥᱟᱭᱤᱡ:"},{"$i":"report-dateTimeFormat12","$v":["%e %B %Y, ",{"t":"idOrVar","v":"shortTimeFormat12"}]},{"$i":"report-dateTimeFormat24","$v":["%e %B %Y, ",{"t":"idOrVar","v":"shortTimeFormat24"}]},{"$i":"report-to-title","$v":"ᱛᱮ"},{"$i":"report-from-title","$v":"ᱠᱷᱚᱱ"},{"$i":"message-sent","$v":"ᱠᱩᱞᱩ:"},{"$i":"message-sending","$v":[{"t":"idOrVar","v":"message-delivery-status-sending"}]},{"$i":"message-received","$v":"ᱧᱟᱢᱟᱠᱟᱱᱟᱜ:"},{"$i":"message-via","$v":"ᱢᱮ:"},{"$i":"message-resend","$v":"ᱫᱚᱦᱲᱟ ᱠᱩᱞ ᱢᱮ"},{"$i":"search","$v":"ᱥᱮᱱᱨᱟ"},{"$i":"unknown-contact-title","$v":"ᱵᱟᱝ ᱵᱟᱰᱟᱭᱟᱜ ᱡᱚᱜᱟᱡᱳᱜ"},{"$i":"phone-type-separator","$v":", "},{"$i":"phone-carrier-separator","$v":" "},{"$i":"thread-participant-separator","$v":", "},{"$i":"replace-draft","$v":"ᱰᱨᱟᱯᱷᱹᱴ ᱨᱮ ᱢᱮᱱᱟᱜ-ᱟᱜ ᱫᱚᱦᱚ ᱟᱹᱨᱩᱭ ᱢᱮ"},{"$i":"save-as-draft","$v":"ᱡᱚᱜᱟᱣᱡᱟᱜᱟ ᱫᱚ ᱵᱟᱝ ᱮᱥᱠᱮᱱ ᱫᱟᱲᱤᱭᱟᱜ-ᱟ."},{"$i":"discard-message","$v":"ᱵᱟᱜᱤ"},{"$i":"discard-sms","$v":"ᱪᱤᱫ ᱟᱢ ᱥᱟᱨᱤ ᱛᱮ ᱱᱚᱣᱟ ᱠᱷᱚᱵᱟᱨ ᱵᱟᱜᱤ ᱥᱟᱱᱟᱭᱮᱜ ᱢᱮᱭᱟ?"},{"$i":"discard-new-message","$v":"ᱟᱢ ᱵᱮᱱᱟᱣ ᱟᱠᱟᱫ ᱠᱷᱚᱵᱚᱨ ᱫᱚ ᱵᱟᱜᱤᱭᱟᱜ ᱢᱮ ᱟᱨ ᱡᱷᱤᱡ ᱢᱮ ᱱᱟᱣᱟ ᱠᱷᱚᱵᱚᱨ?"},{"$i":"resend-confirmation","$v":"ᱱᱚᱣᱟ ᱠᱷᱚᱵᱚᱨ ᱫᱚ ᱵᱟᱝ ᱮᱢ ᱠᱩᱞ ᱫᱟᱲᱤᱭᱟᱜ-ᱟ. ᱫᱚᱦᱚᱲᱟ ᱠᱩᱨᱩᱢᱩᱴᱩᱭ ᱢᱮ?"},{"$i":"deleteMessage-confirmation","$v":"ᱵᱟᱪᱷᱟᱣ ᱟᱠᱟᱱ ᱠᱷᱚᱵᱚᱨ ᱢᱮᱴᱟᱣ?"},{"$i":"deleteMessages-confirmation","$v":"ᱵᱟᱪᱷᱟᱣ ᱟᱠᱟᱱ ᱠᱷᱚᱵᱚᱨ ᱠᱚ ᱢᱮᱴᱟᱣ?"},{"$i":"deleteThreads-confirmation2","$v":{"one":"ᱵᱟᱪᱷᱟᱣ ᱟᱠᱟᱱ ᱵᱷᱩᱞᱟᱜ ᱢᱮᱴᱟᱣ?","other":"ᱵᱟᱪᱷᱟᱣ ᱟᱠᱟᱱ ᱵᱷᱩᱞᱟᱜ ᱠᱚ ᱢᱮᱴᱟᱣ?"},"$x":[{"t":"idOrVar","v":"plural"},"n"]},{"$i":"new-message-notice-text","$v":"ᱱᱟᱣᱟ ᱠᱷᱚᱵᱚᱨ ᱠᱷᱚᱱ"},{"$i":"new-message-notice-a-text","$v":"ᱱᱚᱣᱟ ᱯᱟᱲᱦᱟᱣ ᱢᱮ"},{"$i":"noMessages-title","$v":"ᱢᱮᱥᱮᱡ ᱵᱟᱱᱩᱜ"},{"$i":"noMessages-text","$v":"ᱩᱛᱚᱭ ᱢᱮ ᱱᱟᱣᱟ ᱠᱷᱚᱵᱚᱨ ᱜᱟᱯᱟᱞᱢᱟᱨᱟᱣ ᱮᱦᱚᱵ ᱞᱟᱜᱤᱫ."},{"$i":"sendDefaultErrorTitle","$v":"ᱠᱷᱚᱵᱚᱨ ᱵᱟᱭ ᱠᱩᱞ ᱞᱮᱱᱟ"},{"$i":"sendDefaultErrorBody","$v":"ᱠᱷᱚᱵᱚᱨ ᱠᱩᱞᱩᱜ ᱨᱮ ᱢᱩᱥᱠᱤᱞ ᱢᱮᱱᱟᱜ-ᱟ ᱱᱚᱸᱰᱮ ᱫᱚ. ᱫᱟᱭᱟᱠᱟᱛᱮ ᱫᱚᱦᱲᱟᱛᱮ ᱠᱩᱨᱩᱢᱩᱭᱢᱮ"},{"$i":"sendDefaultErrorBtnOk","$v":"ᱴᱤᱠ"},{"$i":"sendMissingSimCardTitle","$v":"ᱦᱤᱲᱤᱸ ᱟᱠᱟᱱ SIM ᱠᱟᱨᱰ"},{"$i":"sendMissingSimCardBody","$v":"ᱟᱫᱮᱨ ᱢᱮ ᱜᱟᱱᱚᱜ SIM ᱠᱟᱨᱰ ᱞᱟᱦᱟᱭ ᱞᱟᱜᱤᱫ."},{"$i":"sendMissingSimCardBtnOk","$v":"ᱴᱤᱠ"},{"$i":"sendFlightModeTitle","$v":"ᱩᱰᱮᱜ ᱜᱟᱰᱤ ᱚᱵᱚᱥᱛᱟ ᱥᱚᱠᱪᱷᱚᱢ ᱟᱠᱟᱬᱟ"},{"$i":"sendFlightModeBody","$v":"ᱠᱷᱚᱵᱚᱨ ᱠᱩᱞ ᱞᱟᱜᱤᱫ ᱩᱰᱮᱜ ᱜᱟᱰᱤ ᱚᱵᱚᱥᱛᱟ ᱵᱚᱱᱫᱚᱭ ᱢᱮ."},{"$i":"sendFlightModeBtnOk","$v":"ᱴᱤᱠ"},{"$i":"radioDisabledToDownloadTitle","$v":[{"t":"idOrVar","v":"sendFlightModeTitle"}]},{"$i":"radioDisabledToDownloadBody","$v":"ᱞᱟᱲᱜᱟᱣᱟᱜ ᱰᱟᱩᱱᱞᱳᱰ ᱞᱟᱜᱤᱫ ᱩᱰᱮᱜ ᱜᱟᱰᱤ ᱚᱵᱚᱥᱛᱟ ᱵᱚᱱᱫᱚᱭ ᱢᱮ."},{"$i":"radioDisabledToDownloadBtnOk","$v":[{"t":"idOrVar","v":"sendFlightModeBtnOk"}]},{"$i":"fdnErrorTitle","$v":"FDN ᱚᱠᱪᱷᱚᱢ ᱜᱮᱭᱟ"},{"$i":"needConnectWifiBody","$v":"ᱵᱟᱱᱩᱜ-ᱟ ᱥᱮᱞᱩᱞᱚᱨ ᱱᱮᱴᱣᱟᱨᱠ ᱧᱟᱢᱚᱜ-ᱟ. ᱠᱷᱚᱵᱚᱨᱚᱜ ᱞᱟᱜᱤᱫ ᱡᱩᱲᱟᱣ ᱢᱮ ᱧᱟᱢᱚᱜ ᱠᱟᱱ WiFi ᱱᱮᱴᱣᱟᱨᱠ."},{"$i":"needConnectWifiTitle","$v":"ᱠᱷᱚᱵᱚᱨ ᱵᱟᱭ ᱠᱩᱞ ᱞᱮᱱᱟ"},{"$i":"sms-counter-notice-label","$v":["SMS ᱟᱹᱨᱩᱜ ᱠᱟᱱᱟ ",{"t":"idOrVar","v":"number"}]},{"$i":"fdnErrorBody","innerHTML":{"$x":[{"t":"idOrVar","v":"plural"},"n"],"$v":{"one":"FDN (ᱜᱚᱴᱟ ᱟᱠᱟᱫ ᱰᱟᱭᱤᱞ ᱞᱮᱠᱷᱟ ᱠᱚ) ᱫᱚ ᱥᱚᱠᱪᱷᱚᱢ ᱜᱮᱭᱟ. ᱜᱚᱴᱟ ᱞᱟᱦᱟᱭ ᱢᱮ SMS ᱠᱮᱸᱫᱨᱚ ᱟᱨ ᱯᱚᱸᱡᱟ ᱟᱠᱟᱫ ᱟᱛᱟᱝᱦᱚᱲ ᱟᱢᱟᱜ FDN ᱩᱱᱩᱫ ᱨᱮ","two":"FDN (ᱜᱚᱴᱟ ᱟᱠᱟᱫ ᱰᱟᱭᱤᱞ ᱞᱮᱠᱷᱟ ᱠᱚ) ᱫᱚ ᱥᱚᱠᱪᱷᱚᱢ ᱜᱮᱭᱟ. ᱜᱚᱴᱟ ᱞᱟᱦᱟᱭ ᱢᱮ SMS ᱠᱮᱸᱫᱨᱚ ᱟᱨ ᱯᱚᱸᱡᱟ ᱟᱠᱟᱫ ᱟᱛᱟᱝᱦᱚᱲ ᱟᱢᱟᱜ FDN ᱩᱱᱩᱫ ᱨᱮ","few":"FDN (ᱜᱚᱴᱟ ᱟᱠᱟᱫ ᱰᱟᱭᱤᱞ ᱞᱮᱠᱷᱟ ᱠᱚ) ᱫᱚ ᱥᱚᱠᱪᱷᱚᱢ ᱜᱮᱭᱟ. ᱜᱚᱴᱟ ᱞᱟᱦᱟᱭ ᱢᱮ SMS ᱠᱮᱸᱫᱨᱚ ᱟᱨ ᱯᱚᱸᱡᱟ ᱟᱠᱟᱫ ᱟᱛᱟᱝᱦᱚᱲ ᱟᱢᱟᱜ FDN ᱩᱱᱩᱫ ᱨᱮ","many":"FDN (ᱜᱚᱴᱟ ᱟᱠᱟᱫ ᱰᱟᱭᱤᱞ ᱞᱮᱠᱷᱟ ᱠᱚ) ᱫᱚ ᱥᱚᱠᱪᱷᱚᱢ ᱜᱮᱭᱟ. ᱜᱚᱴᱟ ᱞᱟᱦᱟᱭ ᱢᱮ SMS ᱠᱮᱸᱫᱨᱚ ᱟᱨ ᱯᱚᱸᱡᱟ ᱟᱠᱟᱫ ᱟᱛᱟᱝᱦᱚᱲ ᱟᱢᱟᱜ FDN ᱩᱱᱩᱫ ᱨᱮ","other":"FDN (ᱜᱚᱴᱟ ᱟᱠᱟᱫ ᱰᱟᱭᱤᱞ ᱞᱮᱠᱷᱟ ᱠᱚ) ᱫᱚ ᱥᱚᱠᱪᱷᱚᱢ ᱜᱮᱭᱟ. ᱜᱚᱴᱟ ᱞᱟᱦᱟᱭ ᱢᱮ SMS ᱠᱮᱸᱫᱨᱚ ᱟᱨ ᱯᱚᱸᱡᱟ ᱟᱠᱟᱫ ᱟᱛᱟᱝᱦᱚᱲ ᱟᱢᱟᱜ FDN ᱩᱱᱩᱫ ᱨᱮ"}}},{"$i":"fdnErrorBtnOk","$v":"ᱴᱤᱠ"},{"$i":"switchSimToRetrieveTitle","$v":"ᱰᱮᱴᱟ ᱡᱩᱲᱟᱣ ᱪᱷᱤᱴᱠᱮᱨ"},{"$i":"switchSimToRetrieveBody","$v":["SIM ᱞᱟᱜᱤᱫ ᱰᱮᱴᱟ ᱡᱩᱲᱟᱣᱟᱣ ᱪᱷᱤᱴᱠᱮᱨ ",{"t":"idOrVar","v":"nonActiveSimld"}," MMS ᱫᱚᱦᱚᱲᱟ ᱩᱰᱩᱜ ᱞᱟᱜᱤᱫ. SIM ᱨᱮ ᱱᱚᱣᱟ ᱦᱟᱞᱤ ᱰᱮᱴᱟ ᱠᱩᱞᱟᱜ ᱞᱟᱜᱤᱫ ",{"t":"idOrVar","v":"activeSimld"}," ᱫᱚ ᱵᱟᱨᱚᱱ ᱟᱠᱟᱱᱟ. ᱡᱟᱦᱟᱞᱮᱠᱟ ᱛᱮᱜᱤ ᱞᱟᱦᱟᱭ ᱢᱮ?"]},{"$i":"switchSimToRetrieveBtnOk","$v":"ᱯᱚᱨᱮ ᱛᱮ"},{"$i":"switchSimToRetrieveConfirm","$v":"ᱴᱤᱠ"},{"$i":"switchSimToSendTitle","$v":[{"t":"idOrVar","v":"switchSimToRetrieveTitle"}]},{"$i":"switchSimToSendBody","$v":["SIM ᱞᱟᱜᱤᱫ ᱰᱮᱴᱟ ᱡᱩᱲᱟᱣᱟᱣ ᱪᱷᱤᱴᱠᱮᱨ ",{"t":"idOrVar","v":"nonActiveSimld"}," MMS ᱠᱩᱞ ᱞᱟᱜᱤᱫ. SIM ᱨᱮ ᱱᱚᱣᱟ ᱦᱟᱞᱤ ᱰᱮᱴᱟ ᱠᱩᱞᱟᱜ ᱞᱟᱜᱤᱫ ",{"t":"idOrVar","v":"activeSimld"}," ᱫᱚ ᱵᱟᱨᱚᱱ ᱟᱠᱟᱱᱟ. ᱡᱟᱦᱟᱞᱮᱠᱟ ᱛᱮᱜᱤ ᱞᱟᱦᱟᱭ ᱢᱮ?"]},{"$i":"switchSimToSendBtnOk","$v":[{"t":"idOrVar","v":"switchSimToRetrieveBtnOk"}]},{"$i":"switchSimToSendConfirm","$v":[{"t":"idOrVar","v":"switchSimToRetrieveConfirm"}]},{"$i":"sendNoSignalErrorTitle","$v":"ᱱᱮᱴᱣᱟᱨᱠ ᱫᱚᱭᱨᱮ ᱨᱮ ᱵᱟᱱᱩᱜ-ᱟ"},{"$i":"sendNoSignalErrorBody","$v":"ᱜᱚᱴᱟ ᱞᱟᱦᱟᱭ ᱢᱮ ᱟᱢ ᱴᱮᱱ ᱫᱚ ᱢᱳᱵᱟᱭᱤᱞ ᱥᱤᱜᱱᱚᱞ ᱢᱮᱱᱟᱜ-ᱟ ᱟᱨ ᱫᱚᱦᱚᱲᱟ ᱠᱩᱨᱩᱢᱩᱴᱩᱭ ᱢᱮ."},{"$i":"sendNoSignalErrorBtnOk","$v":"ᱴᱤᱠ"},{"$i":"sendNotFoundErrorTitle","$v":"ᱠᱷᱚᱵᱚᱨ ᱫᱚ ᱵᱟᱝ ᱧᱟᱢ ᱟᱠᱟᱱᱟ"},{"$i":"sendNotFoundErrorBody","$v":"ᱱᱚᱣᱟ ᱠᱷᱚᱵᱚᱨ ᱟᱢ ᱧᱮᱞ ᱟᱠᱟᱫᱟᱜ ᱫᱚ ᱟᱨ ᱵᱟᱝ ᱧᱟᱢᱚᱜ-ᱟ."},{"$i":"sendNotFoundErrorBtnOk","$v":"ᱴᱤᱠ"},{"$i":"sendInvalidAddressErrorTitle","$v":"ᱵᱟᱝᱜᱟᱱᱚᱜ ᱞᱮᱠᱷᱟ"},{"$i":"sendInvalidAddressErrorBody","$v":"ᱜᱚᱴᱟ ᱞᱟᱦᱟᱭ ᱢᱮ ᱢᱳᱵᱟᱭᱤᱞ ᱞᱮᱠᱷᱟ ᱟᱢ ᱫᱚᱢ ᱠᱩᱞ ᱫᱟ ᱜᱟᱱᱚᱜ ᱞᱟᱜᱤᱫ."},{"$i":"sendInvalidAddressErrorBtnOk","$v":"ᱴᱤᱠ"},{"$i":"simNotMatchedErrorTitle","$v":"ᱵᱟᱝ ᱮᱢ ᱰᱟᱩᱱᱞᱳᱰ ᱫᱟᱲᱤᱭᱟᱜ-ᱟ"},{"$i":"simNotMatchedErrorBody","$v":"ᱱᱮᱦᱚᱨ ᱜᱚᱴᱟᱭ ᱢᱮ ᱱᱚᱣᱟ ᱠᱷᱚᱵᱚᱨ ᱟᱛᱟᱝ ᱞᱟᱜᱤᱫ ᱵᱮᱵᱷᱨᱚᱜ ᱠᱟᱱ SIM ᱠᱟᱨᱰ ᱫᱚ ᱥᱮᱞᱮᱫ ᱜᱮᱭᱟ."},{"$i":"simNotMatchedErrorBtnOk","$v":"ᱴᱤᱠ"},{"$i":"deleted-sms","$v":"ᱱᱚᱣᱟ ᱠᱷᱚᱵᱚᱨ ᱫᱚ ᱞᱟᱦᱟ ᱠᱷᱚᱱ ᱜᱮ ᱢᱮᱴᱟᱣ ᱟᱠᱟᱱᱟ."},{"$i":"view-attachment-image","$v":"ᱧᱮᱸᱞ"},{"$i":"view-attachment-audio","$v":"ᱟᱱᱡᱚᱢ"},{"$i":"view-attachment-video","$v":"ᱧᱮᱸᱞ"},{"$i":"view-attachment-other","$v":"ᱧᱮᱸᱞ"},{"$i":"remove-attachment-image","$v":"ᱪᱤᱛᱟᱹᱨ ᱚᱪᱚᱜ"},{"$i":"remove-attachment-audio","$v":"ᱚᱰᱤᱭᱳ ᱚᱪᱚᱜ"},{"$i":"remove-attachment-video","$v":"ᱵᱤᱰᱤᱭᱚ ᱚᱪᱚᱜ ᱢᱮ"},{"$i":"remove-attachment-other","$v":"ᱞᱟᱲᱜᱟᱣᱟᱜ ᱚᱪᱚᱜ"},{"$i":"replace-attachment-image","$v":"ᱪᱤᱛᱟᱹᱨ ᱫᱚᱦᱚ ᱟᱹᱨᱩ ᱭᱢᱮ"},{"$i":"replace-attachment-audio","$v":"ᱚᱰᱤᱭᱳ ᱫᱟᱦᱚ ᱟᱹᱨᱩᱭ ᱢᱮ"},{"$i":"replace-attachment-video","$v":"ᱣᱤᱰᱤᱭᱳ ᱫᱚᱦᱚ ᱟᱹᱨᱩᱭ ᱢᱮ"},{"$i":"replace-attachment-other","$v":"ᱞᱟᱲᱜᱟᱣᱟᱜ ᱫᱚᱦᱚ ᱟᱹᱨᱩᱭ ᱢᱮ"},{"$i":"unsent-message-title","$v":"ᱵᱟᱝᱠᱩᱟᱜ ᱠᱷᱚᱵᱚᱨ"},{"$i":"unsent-message-description","$v":"ᱟᱢᱟᱜ ᱢᱟᱨᱤᱭᱟᱜ ᱠᱷᱚᱵᱚᱨ ᱫᱚ ᱵᱟᱝ ᱠᱩᱞ ᱟᱠᱟᱱ ᱛᱟᱦᱮᱸ ᱠᱟᱱᱟ. ᱪᱤᱫ ᱮᱢ ᱵᱟᱝ ᱠᱩᱞᱟᱜ ᱠᱷᱚᱵᱚᱨ ᱵᱜᱤᱭᱟᱜ ᱥᱟᱱᱟᱭᱮᱜ ᱢᱮᱭᱟ ᱟᱨᱵᱟᱝᱠᱷᱟᱱ ᱱᱚᱣᱟ ᱵᱟᱜᱤᱭᱟᱜ ᱢᱮ ᱟᱨ ᱞᱟᱦᱟᱜ ᱢᱮ"},{"$i":"unsent-message-option-edit","$v":"ᱟᱨᱩ"},{"$i":"unsent-message-option-discard","$v":"ᱵᱟᱜᱤ"},{"$i":"message-options","$v":"ᱠᱷᱚᱵᱚᱨᱵᱤᱠᱟᱞᱯ"},{"$i":"select-text","$v":"ᱟᱠᱷᱚᱨ ᱵᱟᱪᱷᱟᱣ"},{"$i":"mobile","$v":"ᱢᱳᱵᱟᱭᱤᱞ"},{"$i":"home","$v":"ᱚᱲᱟᱜ"},{"$i":"work","$v":"ᱠᱟᱹᱢᱤ"},{"$i":"personal","$v":"ᱟᱯᱱᱟᱨ"},{"$i":"faxHome","$v":"ᱚᱲᱟᱜ ᱯᱷᱹᱮᱠᱥ"},{"$i":"faxOffice","$v":"ᱠᱟᱨᱭᱟᱞᱚ ᱯᱷᱹᱮᱠᱥ"},{"$i":"faxOther","$v":"ᱮᱴᱟᱜ ᱯᱷᱹᱮᱠᱥ"},{"$i":"another","$v":"ᱮᱴᱟᱜ"},{"$i":"other","$v":"ᱮᱴᱟᱜ"},{"$i":"today","$v":"ᱛᱤᱦᱤᱧ"},{"$i":"yesterday","$v":"ᱦᱚᱞᱟ"},{"$i":"incorrectDate","$v":"(ᱛᱨᱤᱠᱷ ᱫᱚ ᱵᱷᱩᱞ ᱜᱮᱭᱟ)"},{"$i":"addToExistingContact","$v":"ᱢᱤᱛ ᱢᱮᱱᱟᱜ ᱡᱚᱜᱟᱡᱳᱜ ᱨᱮ ᱥᱮᱞᱮᱫ"},{"$i":"createNewContact","$v":"ᱱᱟᱣᱟ ᱠᱷᱟᱛᱟ ᱵᱤᱱᱟᱣ"},{"$i":"viewContact","$v":"ᱡᱚᱜᱟᱡᱳᱜ ᱧᱮᱞ"},{"$i":"sendEmail","$v":"ᱤᱢᱮᱞ ᱠᱩᱞ"},{"$i":"mms-message","$v":"MMS ᱠᱷᱚᱵᱚᱨ"},{"$i":"notDownloaded-title","$v":"ᱠᱷᱚᱵᱚᱨ ᱫᱚ ᱵᱟᱝ ᱰᱟᱩᱱᱞᱳᱰ ᱟᱠᱟᱱᱟ ᱧᱤᱛ ᱦᱟᱵᱤᱜ."},{"$i":"tobedownloaded-attachment","$v":["ᱟᱢ ᱫᱚ ᱟᱛᱟᱝ ᱟᱠᱟᱫᱟ ᱢᱚᱞᱴᱤᱢᱤᱰᱤᱭᱟ ᱠᱷᱚᱵᱚᱨ, ᱩᱰᱩᱜ ᱢᱮ ᱡᱤᱱᱤ ᱠᱚ ",{"t":"idOrVar","v":"date"}," ᱞᱟᱦᱟ ᱨᱮ ᱩᱛᱟᱭ ᱢᱮ ᱰᱟᱩᱱᱞᱳᱰ ᱞᱟᱜᱤᱫ."]},{"$i":"expired-attachment","$v":["ᱤᱠᱮ ᱠᱮᱧ ᱢᱮ, ᱱᱚᱣᱟ ᱠᱷᱚᱵᱚᱨ ᱚᱠᱛᱮ ᱫᱚ ᱪᱟᱵᱟ ᱟᱠᱟᱱᱟ ",{"t":"idOrVar","v":"date"}," ᱟᱨ ᱵᱟᱝ ᱮᱢ ᱰᱟᱩᱱᱞᱳᱰ ᱫᱟᱲᱤᱭᱟᱜ-ᱟ."]},{"$i":"download-attachment","$v":"ᱟᱹᱛᱩᱨ ᱟᱸᱲᱜᱚ"},{"$i":"downloading-attachment","$v":"ᱰᱟᱩᱱᱞᱳᱰᱚᱜ ᱠᱟᱱᱟ…"},{"$i":"download-complete","$v":"ᱰᱟᱩᱱᱞᱳᱰ ᱥᱮᱴ ᱟᱠᱟᱱᱟ"},{"$i":"unnamed-attachment","$v":"ᱵᱟᱝ ᱧᱩᱢ"},{"$i":"mms-label","$v":"MMS"},{"$i":"attached-files-too-large","$v":{"zero":["ᱮᱠᱮᱥᱟᱨ ᱢᱚᱞᱴᱤᱢᱤᱰᱤᱭᱟ ᱠᱷᱚᱵᱚᱨ ᱨᱮᱭᱟᱜ ᱥᱟᱭᱤᱡ ᱥᱤᱢᱮ ",{"t":"idOrVar","v":"mmsSize"}," KB ᱵᱟᱲᱛᱤ ᱟᱠᱟᱱᱟ ᱟᱢ ᱵᱟᱪᱷᱟᱣ ᱟᱠᱟᱫ ᱨᱮᱫ ᱨᱮᱭᱟᱜ."],"one":["ᱮᱠᱮᱥᱟᱨ ᱢᱚᱞᱴᱤᱢᱤᱰᱤᱭᱟ ᱠᱷᱚᱵᱚᱨ ᱨᱮᱭᱟᱜ ᱥᱟᱭᱤᱡ ᱥᱤᱢᱮ ",{"t":"idOrVar","v":"mmsSize"}," KB ᱵᱟᱲᱛᱤ ᱟᱠᱟᱱᱟ ᱟᱢ ᱵᱟᱪᱷᱟᱣ ᱟᱠᱟᱫ ᱨᱮᱫ ᱨᱮᱭᱟᱜ."],"two":["ᱮᱠᱮᱥᱟᱨ ᱢᱚᱞᱴᱤᱢᱤᱰᱤᱭᱟ ᱠᱷᱚᱵᱚᱨ ᱨᱮᱭᱟᱜ ᱥᱟᱭᱤᱡ ᱥᱤᱢᱮ ",{"t":"idOrVar","v":"mmsSize"}," KB ᱵᱟᱲᱛᱤ ᱟᱠᱟᱱᱟ ᱟᱢ ᱵᱟᱪᱷᱟᱣ ᱟᱠᱟᱫ ᱨᱮᱫ ᱨᱮᱭᱟᱜ."],"few":["ᱮᱠᱮᱥᱟᱨ ᱢᱚᱞᱴᱤᱢᱤᱰᱤᱭᱟ ᱠᱷᱚᱵᱚᱨ ᱨᱮᱭᱟᱜ ᱥᱟᱭᱤᱡ ᱥᱤᱢᱮ ",{"t":"idOrVar","v":"mmsSize"}," KB ᱵᱟᱲᱛᱤ ᱟᱠᱟᱱᱟ ᱟᱢ ᱵᱟᱪᱷᱟᱣ ᱟᱠᱟᱫ ᱨᱮᱫ ᱨᱮᱭᱟᱜ."],"many":["ᱮᱠᱮᱥᱟᱨ ᱢᱚᱞᱴᱤᱢᱤᱰᱤᱭᱟ ᱠᱷᱚᱵᱚᱨ ᱨᱮᱭᱟᱜ ᱥᱟᱭᱤᱡ ᱥᱤᱢᱮ ",{"t":"idOrVar","v":"mmsSize"}," KB ᱵᱟᱲᱛᱤ ᱟᱠᱟᱱᱟ ᱟᱢ ᱵᱟᱪᱷᱟᱣ ᱟᱠᱟᱫ ᱨᱮᱫ ᱨᱮᱭᱟᱜ."],"other":["ᱮᱠᱮᱥᱟᱨ ᱢᱚᱞᱴᱤᱢᱤᱰᱤᱭᱟ ᱠᱷᱚᱵᱚᱨ ᱨᱮᱭᱟᱜ ᱥᱟᱭᱤᱡ ᱥᱤᱢᱮ ",{"t":"idOrVar","v":"mmsSize"}," KB ᱵᱟᱲᱛᱤ ᱟᱠᱟᱱᱟ ᱟᱢ ᱵᱟᱪᱷᱟᱣ ᱟᱠᱟᱫ ᱨᱮᱫ ᱨᱮᱭᱟᱜ."]},"$x":[{"t":"idOrVar","v":"plural"},"n"]},{"$i":"resize-image","$v":"ᱞᱟᱲᱜᱟ ᱟᱠᱟᱱ ᱪᱤᱛᱟᱹᱨ ᱥᱟᱭᱤᱡ ᱟᱹᱨᱩᱢ ᱢᱮ"},{"$i":"no-attachment-text","$v":"ᱞᱟᱲᱜᱟ ᱟᱠᱟᱫ ᱨᱮᱫ ᱥᱚᱛᱮᱜ ᱠᱚᱥᱴᱚ ᱢᱮᱱᱟᱜ-ᱟ ᱟᱨ ᱱᱚᱣᱟ ᱫᱚ ᱵᱟᱝ ᱮᱢ ᱰᱟᱩᱱᱞᱳᱰ ᱫᱟᱲᱤᱭᱟᱜ-ᱟ."},{"$i":"message-draft-saved","$v":"ᱠᱷᱚᱵᱚᱨ ᱫᱚ ᱡᱚᱜᱟᱣ ᱟᱠᱟᱱᱟ ᱰᱨᱟᱯᱷᱹᱴ ᱨᱮ"},{"$i":"sim-id-label","$v":["SIM ",{"t":"idOrVar","v":"id"}]},{"$i":"sim-detail","$v":["SIM ",{"t":"idOrVar","v":"id"},", ",{"t":"idOrVar","v":"detailString"}]},{"$i":"dsds-notification-title-with-sim","$v":["(",{"t":"idOrVar","v":"sim"},") ",{"t":"idOrVar","v":"sender"}]},{"$i":"send-button","ariaLabel":"ᱠᱩᱞ"},{"$i":"send-button-sim-indication","$v":[{"t":"idOrVar","v":"n"}],"ariaLabel":[{"t":"idOrVar","v":"n"}," SIM ᱵᱮᱵᱷᱟᱨ ᱢᱮ"]},{"$i":"expiry-date-format","$v":"%A, %b %e"},{"$i":"attach-button","ariaLabel":"ᱞᱟᱲᱜᱟ ᱥᱮᱞᱮᱫ"},{"$i":"contact-photo","ariaLabel":"ᱯᱷᱹᱚᱴᱚ ᱡᱚᱜᱟᱡᱳᱜ"},{"$i":"unread-thread","ariaLabel":"ᱵᱟᱝ ᱯᱟᱲᱦᱟᱣᱟᱜ"},{"$i":"has-draft","ariaLabel":"ᱰᱨᱟᱯᱷᱹᱴ ᱢᱮᱱᱟᱜ-ᱟ"},{"$i":"is-draft","ariaLabel":"ᱰᱨᱟᱯᱷ"},{"$i":"message-delivery-status-sending","$v":"ᱠᱩᱞᱩᱜ ᱠᱟᱱᱟ..."},{"$i":"message-delivery-status-delivered","ariaLabel":"ᱤᱫᱤ ᱥᱮᱴᱮᱨᱟᱜ"},{"$i":"message-delivery-status-read","ariaLabel":"ᱯᱟᱲᱦᱟᱵ"},{"$i":"message-delivery-status-error","ariaLabel":"ᱵᱷᱩᱞ"},{"$i":"modal-dialog-ok-button","$v":"ᱴᱤᱠ"},{"$i":"modal-dialog-cancel-button","$v":"ᱢᱩᱪᱮᱫ"},{"$i":"modal-dialog-default-title","$v":"ᱠᱷᱚᱵᱚᱨ"},{"$i":"tcl-delete-message","$v":"ᱠᱷᱚᱵᱚᱨ ᱢᱮᱴᱟᱣ ᱟᱠᱟᱱᱟ"},{"$i":"tcl-sending-message-toast","$v":"ᱠᱷᱚᱵᱚᱨ ᱠᱩᱞᱩᱜ ᱠᱟᱱᱟ..."},{"$i":"tcl-message-converted-to-toast","$v":[{"t":"idOrVar","v":"type"}," ᱞᱟᱜᱤᱫ ᱵᱚᱫᱚᱞ ᱟᱠᱟᱱ ᱠᱷᱚᱵᱚᱨ"]},{"$i":"tcl-message-sent-toast","$v":"ᱠᱷᱚᱵᱚᱨ ᱫᱚ ᱠᱩᱞ ᱱᱟ"},{"$i":"tcl-deleteMessage-confirmation2","$v":"ᱵᱟᱪᱷᱟᱣ ᱟᱠᱟᱱ ᱵᱷᱩᱞᱟᱜ ᱢᱮᱴᱟᱣ?"},{"$i":"tcl-deleted-message","$v":{"zero":"0 ᱠᱷᱚᱵᱚᱨ ᱢᱮᱴᱟᱣ ᱟᱠᱟᱱᱟ","one":[{"t":"idOrVar","v":"n"}," ᱠᱷᱚᱵᱚᱨ ᱢᱮᱴᱟᱣ ᱟᱠᱟᱱᱟ"],"two":[{"t":"idOrVar","v":"n"}," ᱠᱷᱚᱵᱚᱨ ᱠᱚ ᱢᱮᱴᱟᱣ ᱟᱠᱟᱱᱟ"],"few":[{"t":"idOrVar","v":"n"}," ᱠᱷᱚᱵᱚᱨ ᱠᱚ ᱢᱮᱴᱟᱣ ᱟᱠᱟᱱᱟ"],"many":[{"t":"idOrVar","v":"n"}," ᱠᱷᱚᱵᱚᱨ ᱠᱚ ᱢᱮᱴᱟᱣ ᱟᱠᱟᱱᱟ"],"other":[{"t":"idOrVar","v":"n"}," ᱠᱷᱚᱵᱚᱨ ᱠᱚ ᱢᱮᱴᱟᱣ ᱟᱠᱟᱱᱟ"]},"$x":[{"t":"idOrVar","v":"plural"},"n"]},{"$i":"tcl-deleted-threads","$v":{"zero":"0 ᱛᱷᱤᱨᱮᱰ ᱢᱮᱴᱟᱣ ᱟᱠᱟᱱᱟ","one":"ᱛᱷᱤᱨᱮᱫ ᱢᱮᱴᱟᱣ ᱟᱠᱟᱱᱟ","two":[{"t":"idOrVar","v":"n"}," ᱠᱷᱚᱵᱚᱨ ᱛᱷᱤᱨᱮᱰ ᱢᱮᱴᱟᱣ ᱟᱠᱟᱱᱟ"],"few":[{"t":"idOrVar","v":"n"}," ᱠᱷᱚᱵᱚᱨ ᱛᱷᱤᱨᱮᱰ ᱢᱮᱴᱟᱣ ᱟᱠᱟᱱᱟ"],"many":[{"t":"idOrVar","v":"n"}," ᱠᱷᱚᱵᱚᱨ ᱛᱷᱤᱨᱮᱰ ᱢᱮᱴᱟᱣ ᱟᱠᱟᱱᱟ"],"other":[{"t":"idOrVar","v":"n"}," ᱠᱷᱚᱵᱚᱨ ᱛᱷᱤᱨᱮᱰ ᱢᱮᱴᱟᱣ ᱟᱠᱟᱱᱟ"]},"$x":[{"t":"idOrVar","v":"plural"},"n"]},{"$i":"tcl-simSettings","$v":"ᱠᱷᱚᱵᱚᱨ"},{"$i":"tcl-unknown-SMSC","$v":"ᱠᱷᱚᱵᱚᱨ ᱫᱚ ᱵᱟᱝ ᱧᱟᱢᱚᱜ-ᱟ"},{"$i":"tcl-sim1","$v":"ᱥᱮᱣᱟ ᱠᱮᱸᱫᱨᱚ SIM1"},{"$i":"tcl-sim2","$v":"ᱥᱮᱣᱟ ᱠᱮᱸᱫᱨᱚ SIM2"},{"$i":"tcl-auto-retrieve","$v":"ᱟᱡ~ᱟᱡ ᱛᱮ ᱫᱚᱦᱚᱲᱟ ᱩᱰᱩᱜ"},{"$i":"tcl-wapPushMessages","$v":"WAP ᱰᱮᱠᱟ ᱠᱷᱚᱵᱚᱨ ᱠᱚ"},{"$i":"tcl-wapPush","$v":"WAP ᱰᱮᱠᱟ"},{"$i":"tcl-wap-push-on","$v":"ᱨᱮ"},{"$i":"tcl-wap-push-off","$v":"ᱵᱚᱱᱫᱚ"},{"$i":"tcl-auto-retrieve-messages","$v":"ᱟᱡ~ᱟᱡ ᱛᱮ ᱫᱚᱦᱚᱲᱟ ᱩᱰᱩᱜ ᱠᱷᱚᱵᱚᱨ ᱠᱚ"},{"$i":"tcl-manual-retrieve","$v":"ᱵᱚᱱᱫᱚ"},{"$i":"tcl-auto-roaming-retrieve","$v":"ᱨᱳᱢᱤᱸᱜ ᱥᱚᱛᱮᱜ"},{"$i":"tcl-auto-no-roaming-retrieve","$v":"ᱨᱳᱢᱤᱸᱜ ᱵᱟᱦᱨᱮ ᱨᱮ"},{"$i":"tcl-message-read-reports","$v":"ᱯᱟᱲᱦᱟᱣ ᱢᱮ ᱨᱤᱯᱳᱨᱴ"},{"$i":"tcl-read-reports-on","$v":"ᱨᱮ"},{"$i":"tcl-read-reports-off","$v":"ᱵᱚᱱᱫᱚ"},{"$i":"tcl-mmsTitle","$v":"ᱢᱚᱞᱴᱤᱢᱤᱰᱤᱭᱟ ᱠᱷᱚᱵᱚᱨᱚᱜ ᱠᱟᱱᱟ (MMS)"},{"$i":"tcl-message-delivery-reports","$v":"ᱤᱫᱤ ᱥᱮᱴᱮᱨᱟᱜ ᱨᱮᱯᱳᱨᱴ ᱠᱚ"},{"$i":"tcl-delivery-reports-on","$v":"ᱨᱮ"},{"$i":"tcl-delivery-reports-off","$v":"ᱵᱚᱱᱫᱚ"},{"$i":"tcl-message-confirmation","$v":"ᱠᱷᱚᱵᱚᱨ ᱜᱚᱴᱟᱭ ᱢᱮ"},{"$i":"tcl-messageReport-title","$v":"ᱠᱷᱚᱵᱚᱨ ᱵᱤᱵᱚᱨᱚᱱ ᱠᱚ"},{"$i":"tcl-mms-label","$v":"MMS"},{"$i":"tcl-sms-label","$v":"SMS"},{"$i":"tcl-messaging-settings","$v":"ᱠᱷᱚᱵᱚᱨᱚᱜ ᱥᱮᱴᱤᱸᱜ"},{"$i":"tcl-messagingSettings-header","$v":[{"t":"idOrVar","v":"tcl-messaging-settings"}]},{"$i":"tcl-confirmation-title","$v":"ᱜᱚᱴᱟᱜ ᱠᱟᱱᱟ"},{"$i":"tcl-draft-save-content","$v":"ᱰᱨᱟᱯᱷᱹᱴ ᱞᱮᱠᱟ ᱡᱚᱜᱟᱣ?"},{"$i":"tcl-draft-discard-content","$v":"ᱠᱷᱚᱵᱚᱨ ᱵᱟᱜᱤ ᱟᱠᱟᱱᱟ"},{"$i":"tcl-switch-on","$v":"ᱨᱮ"},{"$i":"tcl-switch-off","$v":"ᱵᱚᱱᱫᱚ"},{"$i":"tcl-delivery-report-desc","$v":"ᱱᱮᱦᱚᱨᱟᱜ ᱟᱠᱟᱫ ᱤᱥᱛᱤᱦᱟᱨ ᱡᱚᱛᱚ ᱠᱷᱚᱵᱚᱨ ᱠᱩᱞᱟ ᱥᱮᱴᱮᱜ ᱞᱟᱜᱤᱫ"},{"$i":"tcl-read-report-desc","$v":"ᱱᱮᱦᱚᱨᱟᱜ ᱨᱤᱯᱳᱨᱴ ᱯᱟᱲᱦᱟᱣ ᱡᱚᱛᱚ ᱠᱷᱚᱵᱚᱨ ᱠᱩᱞ ᱞᱟᱜᱤᱫ"},{"$i":"tcl-auto-retrieve-desc","$v":"ᱟᱡ ᱛᱮ ᱫᱚᱦᱲᱟ ᱧᱟᱢ ᱠᱷᱚᱵᱚᱨ ᱠᱚ"},{"$i":"tcl-confirm-dialog-ok","$v":"ᱴᱤᱠ"},{"$i":"tcl-yes","$v":"ᱦᱚᱸ"},{"$i":"tcl-no","$v":"ᱵᱟᱝ"},{"$i":"tcl-delete-current-thread?","$v":"ᱵᱟᱪᱷᱟᱣ ᱟᱠᱟᱱ ᱵᱷᱩᱞᱟᱜ ᱢᱮᱴᱟᱣ?"},{"$i":"tcl-attention","$v":"ᱥᱚᱸᱛᱚᱨ"},{"$i":"tcl-options","$v":"ᱵᱤᱠᱟᱞᱚᱯ"},{"$i":"send-failed","$v":"ᱰᱤᱜᱷᱮᱣ ᱟᱠᱟᱱᱟ ᱠᱩᱞ."},{"$i":"subject-removed","$v":"ᱵᱤᱥᱳᱭ ᱫᱚ ᱚᱪᱚᱜ ᱟᱠᱟᱱᱟ."},{"$i":"media-storage-limit-alert-title","$v":"ᱵᱟᱸᱫᱤ ᱯᱮᱨᱮᱡ ᱜᱮᱭᱟ"},{"$i":"media-storage-limit-alert-body","$v":"ᱟᱢ ᱫᱚ ᱢᱮᱴᱟᱣ ᱫᱟᱲᱤᱭᱟᱜ-ᱟ ᱛᱷᱚᱲᱟ ᱢᱤᱰᱤᱭᱟ ᱨᱮᱫ ᱠᱚ ᱟᱨᱵᱟᱝᱠᱷᱟᱱ ᱮᱯᱞᱤᱠᱮᱥᱚᱱ ᱰᱮᱴᱟ ᱥᱟᱢᱲᱟᱣ ᱢᱮ ᱵᱟᱲᱛᱤ ᱠᱷᱟᱞᱤ ᱡᱟᱭᱜᱟ ᱧᱟᱢ ᱞᱟᱜᱤᱫ᱾"},{"$i":"media-storage-limit-alert-cancel","$v":"ᱢᱩᱪᱮᱫ"},{"$i":"media-storage-limit-alert-setting","$v":"ᱥᱮᱴᱤᱸᱜ ᱨᱮ ᱪᱟᱞᱟᱜᱽ ᱢᱮ"},{"$i":"email","$v":"ᱤᱢᱮᱞ"},{"$i":"go","$v":"ᱪᱟᱞᱟᱜ ᱢᱮ"},{"$i":"weekday-0-long","$v":"ᱥᱤᱸᱜᱮᱢᱟᱦᱟ"},{"$i":"weekday-1-long","$v":"ᱚᱛᱮᱢᱟᱦᱟ"},{"$i":"weekday-2-long","$v":"ᱵᱟᱞᱮᱢᱟᱦᱟ"},{"$i":"weekday-3-long","$v":"ᱥᱟᱹᱜᱩᱱᱢᱟᱦᱟ"},{"$i":"weekday-4-long","$v":"ᱥᱟᱨᱫᱤᱢᱟᱦᱟ"},{"$i":"weekday-5-long","$v":"ᱡᱟᱨᱩᱢᱢᱟᱦᱟ"},{"$i":"weekday-6-long","$v":"ᱧᱩᱦᱩᱢᱢᱟᱦᱟ"},{"$i":"weekday-0-short","$v":"ᱪᱟᱸᱫᱩ"},{"$i":"weekday-1-short","$v":"ᱢᱳᱱ"},{"$i":"weekday-2-short","$v":"ᱥᱟᱜᱩᱱ"},{"$i":"weekday-3-short","$v":"ᱥᱟᱜᱩᱱ"},{"$i":"weekday-4-short","$v":"ᱛᱷᱩ"},{"$i":"weekday-5-short","$v":"ᱜᱟᱛᱤ"},{"$i":"weekday-6-short","$v":"ᱥᱮᱴ"},{"$i":"month-0-long","$v":"ᱯᱩᱥ"},{"$i":"month-1-long","$v":"ᱢᱟᱜ"},{"$i":"month-2-long","$v":"ᱯᱷᱹᱟᱜᱩᱱ"},{"$i":"month-3-long","$v":"ᱪᱮᱛ"},{"$i":"month-4-long","$v":"ᱵᱮᱭᱥᱮᱠᱷ"},{"$i":"month-5-long","$v":"ᱡᱩᱥᱴᱤ"},{"$i":"month-6-long","$v":"ᱟᱥᱟᱲ"},{"$i":"month-7-long","$v":"ᱥᱚᱨᱟᱵᱚᱱ"},{"$i":"month-8-long","$v":"ᱵᱷᱟᱨᱫᱚᱨ"},{"$i":"month-9-long","$v":"ᱟᱥᱤᱱ"},{"$i":"month-10-long","$v":"ᱠᱟᱨᱛᱤᱠ"},{"$i":"month-11-long","$v":"ᱟᱜᱷᱟᱸᱲ"},{"$i":"month-0-genitive","$v":"ᱯᱩᱥ"},{"$i":"month-1-genitive","$v":"ᱢᱟᱜ"},{"$i":"month-2-genitive","$v":"ᱯᱷᱹᱟᱜᱩᱱ"},{"$i":"month-3-genitive","$v":"ᱪᱮᱛ"},{"$i":"month-4-genitive","$v":"ᱵᱮᱭᱥᱮᱠᱷ"},{"$i":"month-5-genitive","$v":"ᱡᱩᱥᱴᱤ"},{"$i":"month-6-genitive","$v":"ᱟᱥᱟᱲ"},{"$i":"month-7-genitive","$v":"ᱥᱚᱨᱟᱵᱚᱱ"},{"$i":"month-8-genitive","$v":"ᱵᱷᱟᱨᱫᱚᱨ"},{"$i":"month-9-genitive","$v":"ᱟᱥᱤᱱ"},{"$i":"month-10-genitive","$v":"ᱠᱟᱨᱛᱤᱠ"},{"$i":"month-11-genitive","$v":"ᱟᱜᱷᱟᱸᱲ"},{"$i":"month-0-short","$v":"ᱯᱩᱥ"},{"$i":"month-1-short","$v":"ᱢᱟᱜ"},{"$i":"month-2-short","$v":"ᱢᱟᱨ"},{"$i":"month-3-short","$v":"ᱪᱮᱛ"},{"$i":"month-4-short","$v":"ᱵᱮᱭᱥᱮᱠᱷ"},{"$i":"month-5-short","$v":"ᱡᱩᱥᱴᱤ"},{"$i":"month-6-short","$v":"ᱟᱥᱟᱲ"},{"$i":"month-7-short","$v":"ᱥᱚᱨᱟᱵᱚᱱ"},{"$i":"month-8-short","$v":"ᱥᱮᱯ"},{"$i":"month-9-short","$v":"ᱟᱥᱤᱱ"},{"$i":"month-10-short","$v":"ᱠᱟᱨᱛᱤᱠ"},{"$i":"month-11-short","$v":"ᱟᱜᱷᱟᱸᱲ"},{"$i":"minutes-ago-long","$v":{"zero":"ᱧᱤᱛ ᱜᱮ","one":"ᱢᱤᱛ ᱴᱤᱯᱤᱡ ᱞᱟᱦᱟ","two":[{"t":"idOrVar","v":"value"}," ᱪᱟᱞᱟᱣᱮᱱ ᱴᱤᱯᱤᱡ ᱠᱚ"],"few":[{"t":"idOrVar","v":"value"}," ᱪᱟᱞᱟᱣᱮᱱ ᱴᱤᱯᱤᱡ ᱠᱚ"],"many":[{"t":"idOrVar","v":"value"}," ᱪᱟᱞᱟᱣᱮᱱ ᱴᱤᱯᱤᱡ ᱠᱚ"],"other":[{"t":"idOrVar","v":"value"}," ᱪᱟᱞᱟᱣᱮᱱ ᱴᱤᱯᱤᱡ ᱠᱚ"]},"$x":[{"t":"idOrVar","v":"plural"},"value"]},{"$i":"hours-ago-long","$v":{"zero":"ᱧᱤᱛ ᱜᱮ","one":"ᱢᱤᱛ ᱜᱷᱚᱱᱴᱟ ᱞᱟᱦᱟ","two":[{"t":"idOrVar","v":"value"}," ᱪᱟᱞᱟᱣᱮᱱ ᱢᱟᱦᱟ ᱠᱚ"],"few":[{"t":"idOrVar","v":"value"}," ᱪᱟᱞᱟᱣᱮᱱ ᱢᱟᱦᱟ ᱠᱚ"],"many":[{"t":"idOrVar","v":"value"}," ᱪᱟᱞᱟᱣᱮᱱ ᱢᱟᱦᱟ ᱠᱚ"],"other":[{"t":"idOrVar","v":"value"}," ᱪᱟᱞᱟᱣᱮᱱ ᱢᱟᱦᱟ ᱠᱚ"]},"$x":[{"t":"idOrVar","v":"plural"},"value"]},{"$i":"days-ago-long","$v":{"zero":"ᱛᱤᱦᱤᱧ","one":"ᱦᱚᱞᱟ","two":[{"t":"idOrVar","v":"value"}," ᱢᱟᱦᱟ ᱠᱚ ᱞᱟᱦᱟ"],"few":[{"t":"idOrVar","v":"value"}," ᱢᱟᱦᱟ ᱠᱚ ᱞᱟᱦᱟ"],"many":[{"t":"idOrVar","v":"value"}," ᱢᱟᱦᱟ ᱠᱚ ᱞᱟᱦᱟ"],"other":[{"t":"idOrVar","v":"value"}," ᱢᱟᱦᱟ ᱠᱚ ᱞᱟᱦᱟ"]},"$x":[{"t":"idOrVar","v":"plural"},"value"]},{"$i":"weeks-ago-long","$v":{"zero":"ᱱᱚᱣᱟ ᱦᱚᱯᱛᱟ","one":"ᱢᱩᱪᱮᱫ ᱦᱚᱯᱛᱟ","two":[{"t":"idOrVar","v":"value"}," ᱪᱟᱞᱟᱣᱮᱱ ᱦᱚᱯᱛᱟ"],"few":[{"t":"idOrVar","v":"value"}," ᱪᱟᱞᱟᱣᱮᱱ ᱦᱚᱯᱛᱟ"],"many":[{"t":"idOrVar","v":"value"}," ᱪᱟᱞᱟᱣᱮᱱ ᱦᱚᱯᱛᱟ"],"other":[{"t":"idOrVar","v":"value"}," ᱪᱟᱞᱟᱣᱮᱱ ᱦᱚᱯᱛᱟ"]},"$x":[{"t":"idOrVar","v":"plural"},"value"]},{"$i":"months-ago-long","$v":{"zero":"ᱱᱚᱣᱟ ᱪᱟᱸᱫᱩ","one":"ᱢᱩᱪᱮᱫ ᱪᱟᱸᱫᱩ","two":[{"t":"idOrVar","v":"value"}," ᱪᱟᱞᱟᱣᱮᱱ ᱪᱟᱸᱫᱩ ᱠᱚ"],"few":[{"t":"idOrVar","v":"value"}," ᱪᱟᱞᱟᱣᱮᱱ ᱪᱟᱸᱫᱩ ᱠᱚ"],"many":[{"t":"idOrVar","v":"value"}," ᱪᱟᱞᱟᱣᱮᱱ ᱪᱟᱸᱫᱩ ᱠᱚ"],"other":[{"t":"idOrVar","v":"value"}," ᱪᱟᱞᱟᱣᱮᱱ ᱪᱟᱸᱫᱩ ᱠᱚ"]},"$x":[{"t":"idOrVar","v":"plural"},"value"]},{"$i":"years-ago-long","$v":{"zero":"ᱱᱚᱣᱟ ᱥᱮᱨᱢᱟ","one":"ᱢᱩᱪᱮᱫ ᱵᱚᱪᱷᱚᱨ","two":[{"t":"idOrVar","v":"value"}," ᱪᱟᱞᱟᱣᱮᱱ ᱥᱮᱨᱢᱟ"],"few":[{"t":"idOrVar","v":"value"}," ᱪᱟᱞᱟᱣᱮᱱ ᱥᱮᱨᱢᱟ"],"many":[{"t":"idOrVar","v":"value"}," ᱪᱟᱞᱟᱣᱮᱱ ᱥᱮᱨᱢᱟ"],"other":[{"t":"idOrVar","v":"value"}," ᱪᱟᱞᱟᱣᱮᱱ ᱥᱮᱨᱢᱟ"]},"$x":[{"t":"idOrVar","v":"plural"},"value"]},{"$i":"minutes-until-long","$v":{"zero":"ᱧᱤᱛ","one":"ᱴᱤᱯᱤᱡ ᱨᱮ","two":["ᱨᱮ ",{"t":"idOrVar","v":"value"}," ᱴᱤᱯᱤᱡ ᱠᱚ"],"few":["ᱨᱮ ",{"t":"idOrVar","v":"value"}," ᱴᱤᱯᱤᱡ ᱠᱚ"],"many":["ᱨᱮ ",{"t":"idOrVar","v":"value"}," ᱴᱤᱯᱤᱡ ᱠᱚ"],"other":["ᱨᱮ ",{"t":"idOrVar","v":"value"}," ᱴᱤᱯᱤᱡ ᱠᱚ"]},"$x":[{"t":"idOrVar","v":"plural"},"value"]},{"$i":"hours-until-long","$v":{"zero":"ᱧᱤᱛ","one":"ᱜᱷᱚᱱᱴᱟ ᱨᱮ","two":["ᱨᱮ ",{"t":"idOrVar","v":"value"}," ᱜᱷᱚᱱᱴᱟ ᱠᱚ"],"few":["ᱨᱮ ",{"t":"idOrVar","v":"value"}," ᱜᱷᱚᱱᱴᱟ ᱠᱚ"],"many":["ᱨᱮ ",{"t":"idOrVar","v":"value"}," ᱜᱷᱚᱱᱴᱟ ᱠᱚ"],"other":["ᱨᱮ ",{"t":"idOrVar","v":"value"}," ᱜᱷᱚᱱᱴᱟ ᱠᱚ"]},"$x":[{"t":"idOrVar","v":"plural"},"value"]},{"$i":"days-until-long","$v":{"zero":"ᱛᱤᱦᱤᱧ","one":"ᱜᱟᱯᱟ","two":["ᱨᱮ ",{"t":"idOrVar","v":"value"}," ᱢᱟᱦᱟ ᱠᱚ"],"few":["ᱨᱮ ",{"t":"idOrVar","v":"value"}," ᱢᱟᱦᱟ ᱠᱚ"],"many":["ᱨᱮ ",{"t":"idOrVar","v":"value"}," ᱢᱟᱦᱟ ᱠᱚ"],"other":["ᱨᱮ ",{"t":"idOrVar","v":"value"}," ᱢᱟᱦᱟ ᱠᱚ"]},"$x":[{"t":"idOrVar","v":"plural"},"value"]},{"$i":"weeks-until-long","$v":{"zero":"ᱱᱚᱣᱟ ᱦᱚᱯᱛᱟ","one":"ᱫᱟᱨᱟᱭ ᱠᱟᱱ ᱦᱚᱯᱛᱟ","two":["ᱨᱮ ",{"t":"idOrVar","v":"value"}," ᱦᱚᱯᱛᱟ ᱠᱚ"],"few":["ᱨᱮ ",{"t":"idOrVar","v":"value"}," ᱦᱚᱯᱛᱟ ᱠᱚ"],"many":["ᱨᱮ ",{"t":"idOrVar","v":"value"}," ᱦᱚᱯᱛᱟ ᱠᱚ"],"other":["ᱨᱮ ",{"t":"idOrVar","v":"value"}," ᱦᱚᱯᱛᱟ ᱠᱚ"]},"$x":[{"t":"idOrVar","v":"plural"},"value"]},{"$i":"months-until-long","$v":{"zero":"ᱱᱚᱣᱟ ᱪᱟᱸᱫᱩ","one":"ᱫᱟᱨᱟᱭ ᱠᱟᱱ ᱪᱟᱸᱫᱩ","two":["ᱨᱮ ",{"t":"idOrVar","v":"value"}," ᱪᱟᱸᱫᱩ ᱠᱚ"],"few":["ᱨᱮ ",{"t":"idOrVar","v":"value"}," ᱪᱟᱸᱫᱩ ᱠᱚ"],"many":["ᱨᱮ ",{"t":"idOrVar","v":"value"}," ᱪᱟᱸᱫᱩ ᱠᱚ"],"other":["ᱨᱮ ",{"t":"idOrVar","v":"value"}," ᱪᱟᱸᱫᱩ ᱠᱚ"]},"$x":[{"t":"idOrVar","v":"plural"},"value"]},{"$i":"years-until-long","$v":{"zero":"ᱱᱚᱣᱟ ᱥᱮᱨᱢᱟ","one":"ᱫᱟᱨᱟᱭ ᱠᱟᱱ ᱥᱮᱨᱢᱟ","two":["ᱨᱮ ",{"t":"idOrVar","v":"value"}," ᱥᱮᱨᱢᱟ ᱠᱚ"],"few":["ᱨᱮ ",{"t":"idOrVar","v":"value"}," ᱥᱮᱨᱢᱟ ᱠᱚ"],"many":["ᱨᱮ ",{"t":"idOrVar","v":"value"}," ᱥᱮᱨᱢᱟ ᱠᱚ"],"other":["ᱨᱮ ",{"t":"idOrVar","v":"value"}," ᱥᱮᱨᱢᱟ ᱠᱚ"]},"$x":[{"t":"idOrVar","v":"plural"},"value"]},{"$i":"minutes-ago-short","$v":{"zero":"ᱧᱤᱛ ᱜᱮ","other":[{"t":"idOrVar","v":"value"}," ᱪᱟᱞᱟᱣ ᱴ"]},"$x":[{"t":"idOrVar","v":"plural"},"value"]},{"$i":"hours-ago-short","$v":{"zero":"ᱧᱤᱛ ᱜᱮ","other":[{"t":"idOrVar","v":"value"}," ᱪᱟᱞᱟᱣᱮᱱ ᱜ"]},"$x":[{"t":"idOrVar","v":"plural"},"value"]},{"$i":"days-ago-short","$v":{"zero":"ᱛᱤᱦᱤᱧ","other":[{"t":"idOrVar","v":"value"}," ᱪᱟᱞᱟᱣᱮᱱ ᱢ"]},"$x":[{"t":"idOrVar","v":"plural"},"value"]},{"$i":"minutes-until-short","$v":{"zero":"ᱧᱤᱛ","other":["ᱨᱮ ",{"t":"idOrVar","v":"value"},"ᱴ"]},"$x":[{"t":"idOrVar","v":"plural"},"value"]},{"$i":"hours-until-short","$v":{"zero":"ᱧᱤᱛ","other":["ᱨᱮ ",{"t":"idOrVar","v":"value"},"ᱜ"]},"$x":[{"t":"idOrVar","v":"plural"},"value"]},{"$i":"days-until-short","$v":{"zero":"ᱛᱤᱦᱤᱧ","other":["ᱨᱮ ",{"t":"idOrVar","v":"value"},"ᱢ"]},"$x":[{"t":"idOrVar","v":"plural"},"value"]},{"$i":"dateTimeFormat_%c","$v":"%a %b %e %Y %I:%M:%S %p"},{"$i":"dateTimeFormat_%x","$v":"%m/%d/%Y"},{"$i":"dateTimeFormat_%X","$v":"%I:%M:%S %p"},{"$i":"shortTimeFormat","$v":"%I:%M %p"},{"$i":"shortTimeFormat12","$v":"%I:%M %p"},{"$i":"shortTimeFormat24","$v":"%H:%M"},{"$i":"shortDateTimeFormat","$v":"%x %I:%M %p"},{"$i":"weekStartsOnMonday","$v":"0"},{"$i":"firstDayOfTheWeek","$v":"0"},{"$i":"time_am","$v":"AM"},{"$i":"time_pm","$v":"PM"},{"$i":"softkey-options","$v":"ᱵᱤᱠᱟᱞᱚᱯ"},{"$i":"emergencyNumber","$v":"ᱢᱩᱦᱤᱞ ᱞᱮᱠᱷᱟ"},{"$i":"callAirplaneModeMessage","$v":"ᱠᱚᱞ ᱞᱟᱜᱤᱫ ᱟᱢ ᱫᱚ ᱩᱰᱮᱜᱜᱟᱰᱤ ᱚᱵᱚᱥᱛᱟ ᱚᱥᱚᱠᱪᱷᱚᱢ ᱦᱩᱭᱩᱜ ᱛᱟᱢᱟ ᱨᱮᱴᱤᱸᱜ ᱨᱮ."},{"$i":"callAirplaneModeBtnOk","$v":"ᱴᱤᱠ"},{"$i":"callAirplaneModeTitle","$v":"ᱩᱰᱮᱜ ᱜᱟᱰᱤ ᱚᱵᱚᱥᱛᱟ ᱥᱚᱠᱪᱷᱚᱢ ᱟᱠᱟᱬᱟ"},{"$i":"numberIsBusyTitle","$v":"ᱞᱮᱠᱷᱟ ᱫᱚ ᱵᱮᱛᱚᱜ ᱜᱮᱭᱟ"},{"$i":"numberIsBusyMessage","$v":"ᱱᱚᱣᱟ ᱞᱮᱠᱷᱟ ᱫᱚ ᱦᱟᱞᱤ ᱨᱮ ᱵᱮᱥᱛᱚ ᱜᱮᱭᱟ. ᱱᱮᱦᱚᱨ ᱯᱚᱨᱮ ᱛᱮ ᱫᱚᱦᱚᱲᱟ ᱠᱩᱨᱩᱢᱩᱴᱩᱭ ᱢᱮ."},{"$i":"fdnIsActiveTitle","$v":"FDN ᱚᱠᱪᱷᱚᱢ ᱜᱮᱭᱟ"},{"$i":"fdnIsActiveMessage","$v":["FDN (ᱜᱚᱴᱟ ᱟᱠᱟᱫ ᱰᱟᱭᱞ ᱞᱮᱠᱷᱟ ᱠᱚ) ᱫᱚ ᱥᱚᱠᱪᱷᱚᱢ ᱟᱠᱟᱱᱟ ᱟᱨ ᱯᱚᱸᱱᱟ ᱟᱠᱟᱫ ᱞᱮᱠᱷᱟ ᱫᱚ ᱵᱟᱱᱩᱜ-ᱟ ᱟᱢᱟᱜ FDN ᱩᱱᱩᱫᱩᱜ ᱨᱮ: ",{"t":"idOrVar","v":"number"}]},{"$i":"emergencyDialogBodyBadNumber","$v":"ᱠᱚᱞ ᱞᱟᱜᱤᱫ ᱟᱢ ᱫᱚ, ᱱᱮᱴᱣᱟᱨᱠ ᱨᱮ ᱯᱷᱹᱚᱱ ᱡᱩᱲᱟᱣ ᱞᱟᱜᱛᱤᱣᱟᱢᱟ."},{"$i":"emergencyDialogBodyDeviceNotAccepted","$v":"ᱱᱚᱣᱟ ᱱᱮᱴᱣᱟᱨᱠ ᱫᱟᱨᱟᱭ ᱛᱮ ᱫᱚ ᱦᱚᱴᱟᱡ ᱠᱚᱞ ᱨᱩᱣᱮᱲ ᱫᱚ ᱵᱟᱭ ᱢᱟᱱᱟᱣᱟ."},{"$i":"emergencyDialogBtnOk","$v":"ᱴᱤᱠ"},{"$i":"emergencyDialogTitle","$v":"ᱱᱮᱴᱣᱟᱨᱠ ᱡᱩᱲᱟᱣ ᱵᱟᱱᱩᱜ-ᱟ"},{"$i":"invalidNumberToDialTitle","$v":"ᱯᱷᱹᱚᱱ ᱞᱮᱠᱷᱟ ᱵᱟᱝ ᱜᱟᱱᱚᱜ"},{"$i":"invalidNumberToDialMessage","$v":"ᱟᱢ ᱠᱚᱞᱮᱜ ᱠᱟᱱ ᱯᱷᱹᱚᱱ ᱞᱮᱠᱷᱟ ᱫᱚ ᱵᱷᱩᱞ ᱜᱮᱭᱟ."},{"$i":"unableToCallTitle","$v":"ᱧᱤᱛ ᱫᱚ ᱵᱟᱝ ᱮᱢ ᱯᱷᱹᱚᱱ ᱠᱚᱞ ᱫᱟᱲᱤᱭᱟᱜ-ᱟ"},{"$i":"unableToCallMessage","$v":"ᱵᱟᱝ ᱮᱢ ᱠᱚᱞ ᱫᱟᱲᱤᱭᱟᱜ-ᱟᱜ. ᱡᱩᱫᱤ ᱟᱢ ᱞᱟᱦᱟ ᱠᱷᱚᱱ ᱜᱮᱢ ᱰᱟᱭᱤᱞ ᱟᱠᱟᱫᱟ, ᱱᱮᱦᱚᱨ ᱯᱟᱦᱤᱞ ᱟᱠᱟᱭ ᱢᱮ."},{"$i":"otherConnectionInUseTitle","$v":"ᱮᱴᱟᱜ ᱡᱩᱲᱟᱣ ᱨᱮ ᱵᱮᱵᱷᱟᱨᱚᱜ ᱠᱟᱱᱟ"},{"$i":"otherConnectionInUseMessage","$v":"ᱟᱢ ᱴᱮᱱ ᱫᱚ ᱥᱚᱠᱪᱷᱚᱢ ᱠᱚᱞ ᱢᱮᱱᱟᱜ-ᱟ ᱮᱴᱟᱜ ᱡᱩᱲᱟᱣ ᱠᱷᱚᱱ. ᱟᱢ ᱫᱚ ᱢᱤᱛ ᱚᱠᱛᱮ ᱨᱮ ᱮᱠᱮᱱ ᱢᱤᱛ ᱡᱩᱲᱟᱣ ᱜᱮᱢ ᱵᱮᱵᱷᱟᱨ ᱫᱟᱲᱤᱭᱟᱜ-ᱟ"},{"$i":"connectingEllipsis","$v":"ᱡᱩᱲᱟᱜ ᱠᱟᱱᱟ..."}]