[{"$i":"messages","$v":"नयापो"},{"$i":"deleteMessages-title","$v":"चूंडियो"},{"$i":"selectThreads-title","$v":"चूंडियो"},{"$i":"edit","$v":"फेरबदल"},{"$i":"back","$v":"वापसि"},{"$i":"cancel","$v":"मंसूख़ कर्यो"},{"$i":"undo","$v":"अण-कयो"},{"$i":"done","$v":"पुरो थियो"},{"$i":"delete","$v":"रदि"},{"$i":"deleting-messages","$v":"हिज़ किरी प्यो..."},{"$i":"select-all","$v":"सभई चूंडियो"},{"$i":"deselect-all","$v":"सभई अण चूंडियो"},{"$i":"selected-threads","$v":{"zero":"0 चुंडियल","one":[{"t":"idOrVar","v":"n"}," मुंतख़बु कयल"],"two":[{"t":"idOrVar","v":"n"}," मुंतख़बु कयल"],"few":[{"t":"idOrVar","v":"n"}," मुंतख़बु कयल"],"many":[{"t":"idOrVar","v":"n"}," मुंतख़बु कयल"],"other":[{"t":"idOrVar","v":"n"}," मुंतख़बु कयल"]},"$x":[{"t":"idOrVar","v":"plural"},"n"]},{"$i":"selected-messages","$v":{"zero":"0 चुंडियल","one":[{"t":"idOrVar","v":"n"}," मुंतख़बु कयल"],"two":[{"t":"idOrVar","v":"n"}," मुंतख़बु कयल"],"few":[{"t":"idOrVar","v":"n"}," मुंतख़बु कयल"],"many":[{"t":"idOrVar","v":"n"}," मुंतख़बु कयल"],"other":[{"t":"idOrVar","v":"n"}," मुंतख़बु कयल"]},"$x":[{"t":"idOrVar","v":"plural"},"n"]},{"$i":"selectThreads-label","$v":"धाॻा चवन्द कर्यो"},{"$i":"selectMessages-label","$v":"पैग़ामु चूंडियो"},{"$i":"new-message","$v":"नओं पैग़ामु"},{"$i":"delete-thread","$v":"थ्रेड हज़फ़ कर्यो"},{"$i":"create-new-contact","$v":"नओं अकाऊंट ठाहियो"},{"$i":"add-to-contact","$v":"हिक मौजूदु राबते ॾांहुं शामिलु कर्यो"},{"$i":"select-thread","$v":"धाॻो चूंडियो"},{"$i":"settings","$v":"सेटिंगयूं"},{"$i":"select","$v":"चूंडियो"},{"$i":"sk-save-as-draft","$v":"मसौदो जे तौर ते महफूज़ु कर्यो"},{"$i":"send","$v":"मोकलण"},{"$i":"add-contact","$v":"राबतो गंढो"},{"$i":"add-suggestion","$v":"गंढो"},{"$i":"add-subject","$v":"मोज़ूअ शामिलु कर्यो"},{"$i":"remove-subject","$v":"मोज़ूअ हटायो"},{"$i":"add-attachment","$v":"मुंसलिक शामिलु कर्यो"},{"$i":"remove-attachment","$v":"मुंसलिक हटायो"},{"$i":"replace-attachment","$v":"मुंसलिक बदलायो"},{"$i":"select-messages","$v":"पैग़ामु चूंडियो"},{"$i":"call","$v":"काल"},{"$i":"forward","$v":"अगते वञो"},{"$i":"view-message-report","$v":"पैग़ामु जो तफ़सील ॾिसो"},{"$i":"resend-message","$v":"ही पैग़ामु ॿीहर मोकिलियो"},{"$i":"cancel-view-report","$v":"मंसूख़ कर्यो"},{"$i":"ok","$v":"ठीक"},{"$i":"enter","$v":"एंटर"},{"$i":"open","$v":"खोल्यो"},{"$i":"to","$v":"खे"},{"$i":"new","$v":"नयो"},{"$i":"message","$v":"नयापो"},{"$i":"messagesInput_placeholder","$v":"नयापो"},{"$i":"messagesSubjectInput_placeholder","$v":"संफ"},{"$i":"converted-to-mms","$v":"मल्टी मीडिया पैग़ामु में तब्दील किरी प्यो."},{"$i":"converted-to-sms","$v":"मतनि पैग़ामु में तब्दील किरी प्यो."},{"$i":"messages-max-length-text","$v":"तवहां वधि में वधि हद ताईं पहुचे चका आहियो."},{"$i":"messages-max-subject-length-text","$v":"वधि में वधि मज़मून जे डेगहह ताईं पहुती."},{"$i":"multimedia-message-exceeded-max-length","$v":["तवहां हिक वाहिदु मल्टी मीडिया पैग़ामु जे साईज़ हद ",{"t":"idOrVar","v":"mmsSize"}," KB खां वधी चका आहियो. इन खे मोकिलणु लाइ मनसलकाऊं हटायो या पैग़ामु नंढो कर्यो."]},{"$i":"newMessage","$v":"नओं पैग़ामु"},{"$i":"sendMessage","$v":"पैग़ामु मोकिलियो"},{"$i":"sendMMSToEmail","$v":"मल्टी मीडिया पैग़ामु मोकिलियो"},{"$i":"no-recipient","$v":"(को बि वसूलु कंदड़ु न)"},{"$i":"recipient","$v":{"one":[{"t":"idOrVar","v":"n"}," वसूलु कंदड़ु"],"two":[{"t":"idOrVar","v":"n"}," वसूलु कंदड़ु"],"few":[{"t":"idOrVar","v":"n"}," वसूलु कंदड़ु"],"many":[{"t":"idOrVar","v":"n"}," वसूलु कंदड़ु"],"other":[{"t":"idOrVar","v":"n"}," वसूलु कंदड़ु"]},"$x":[{"t":"idOrVar","v":"plural"},"n"]},{"$i":"attachmentSizeB","$v":[{"t":"idOrVar","v":"n"}," B"]},{"$i":"attachmentSizeKB","$v":[{"t":"idOrVar","v":"n"}," KB"]},{"$i":"attachmentSizeMB","$v":[{"t":"idOrVar","v":"n"}," MB"]},{"$i":"attachmentOpenError","$v":"ही फाईल क़िस्मु खोलणु जे लाइ हिते को बि उपली केशन मौजूदु नाहे."},{"$i":"remove","$v":"सोरो"},{"$i":"participant","$v":{"one":[{"t":"idOrVar","v":"n"}," हिसो वठंदड़"],"two":[{"t":"idOrVar","v":"n"}," हिसो वठंदड़"],"few":[{"t":"idOrVar","v":"n"}," हिसो वठंदड़"],"many":[{"t":"idOrVar","v":"n"}," हिसो वठंदड़"],"other":[{"t":"idOrVar","v":"n"}," हिसो वठंदड़"]},"$x":[{"t":"idOrVar","v":"plural"},"n"]},{"$i":"message-report","$v":"पैग़ामु रिपोर्ट"},{"$i":"message-type-sms","$v":"मनत पीआम SMS)"},{"$i":"message-type-mms","$v":"मल्टी मीडिया पैग़ामु (MMS)"},{"$i":"sms-report-description","$v":["तव्हांजो मतनि पैग़ामु (SMS), ",{"t":"idOrVar","v":"datetime"}," ते मोकिलियो व्यो हो"]},{"$i":"mms-report-description","$v":["तव्हांजो मल्टी मीडिया पैग़ामु (MMS)، उनिवान ",{"t":"idOrVar","v":"subject"},"، ",{"t":"idOrVar","v":"datetime"}," मोकिलियो व्यो हो"]},{"$i":"mms-no-subject-report-description","$v":["तव्हांजो मल्टी मीडिया पैग़ामु (MMS)، ",{"t":"idOrVar","v":"datetime"}," मोकिलियो व्यो हो"]},{"$i":"message-subject","$v":"मज़मून:"},{"$i":"report-status-error","$v":"पैग़ामु मोकल नथो सघिजे"},{"$i":"report-status-not-downloaded","$v":"डाऊनलोड थियल नाहे"},{"$i":"report-status-delivered","$v":"तरसील थियल:"},{"$i":"report-status-read","$v":"पढ़ो:"},{"$i":"report-status-pending","$v":"दरख़्वास्त कयल रिपोर्ट कर्यो"},{"$i":"report-status-rejected","$v":"पैग़ामु रदि थियो"},{"$i":"message-size-was","$v":"पैग़ामु जे साइज़:"},{"$i":"report-dateTimeFormat12","$v":["%e %B %Y, ",{"t":"idOrVar","v":"shortTimeFormat12"}]},{"$i":"report-dateTimeFormat24","$v":["%e %B %Y, ",{"t":"idOrVar","v":"shortTimeFormat24"}]},{"$i":"report-to-title","$v":"खे"},{"$i":"report-from-title","$v":"पारां"},{"$i":"message-sent","$v":"मोकिलियो"},{"$i":"message-sending","$v":[{"t":"idOrVar","v":"message-delivery-status-sending"}]},{"$i":"message-received","$v":"मौतबर:"},{"$i":"message-via","$v":"ज़रिए:"},{"$i":"message-resend","$v":"बि॒हर मोकिलो"},{"$i":"search","$v":"गो॒ल्हि"},{"$i":"unknown-contact-title","$v":"अण ॼातल राबत़ो"},{"$i":"phone-type-separator","$v":", "},{"$i":"phone-carrier-separator","$v":" "},{"$i":"thread-participant-separator","$v":", "},{"$i":"replace-draft","$v":"मोजूदह ड्राफ़्ट बदलायो"},{"$i":"save-as-draft","$v":"साघो"},{"$i":"discard-message","$v":"रदि"},{"$i":"discard-sms","$v":"छा तवहां खे पिक आहे त तवहां ही पैग़ामु रदि करणु चाहियो था?"},{"$i":"discard-new-message","$v":"पैग़ामु तवहां लखी रहिया आहियो रदि कर्यो ऐं नओं पैग़ामु खोलियो था?"},{"$i":"resend-confirmation","$v":"पैग़ामु नथो मोकिले सहजी. ॿीहर कोशिश कर्यो?"},{"$i":"deleteMessage-confirmation","$v":"चुंडियल पैग़ामु हज़फ़ कर्यो?"},{"$i":"deleteMessages-confirmation","$v":"चुंडियल पैग़ामु हज़फ़ कर्यो?"},{"$i":"deleteThreads-confirmation2","$v":{"one":"चुंडियल पैग़ामु लुड़ी हज़फ़ कर्यो?","other":"चुंडियल पैग़ामु लड़ियों हज़फ़ कर्यो?"},"$x":[{"t":"idOrVar","v":"plural"},"n"]},{"$i":"new-message-notice-text","$v":"खां नओं पैग़ामु"},{"$i":"new-message-notice-a-text","$v":"इन खे पढ़ो"},{"$i":"noMessages-title","$v":"का बि नयापा न"},{"$i":"noMessages-text","$v":"गुफ़्तगू शुरू करणु जे लाइ नओं पैग़ामु दॿायो."},{"$i":"sendDefaultErrorTitle","$v":"नयापा किन मोकिला वया"},{"$i":"sendDefaultErrorBody","$v":"पैग़ामु मोकिलणु में हिक मसइलो पेश आयव. महर्बानी करे वरी कोशिश कयो."},{"$i":"sendDefaultErrorBtnOk","$v":"ठीक"},{"$i":"sendMissingSimCardTitle","$v":"SIM कार्डु ग़ाइब आहे"},{"$i":"sendMissingSimCardBody","$v":"जारी रखणु लाइ हिक सहीहSIM कार्डु दाख़िलु कर्यो."},{"$i":"sendMissingSimCardBtnOk","$v":"ठीक"},{"$i":"sendFlightModeTitle","$v":"हवाई जहाज़ मूड फ़आल थियो"},{"$i":"sendFlightModeBody","$v":"पैग़ामु मोकिलणु जे लाइ अईर प्लैन मूड बंदु कर्यो."},{"$i":"sendFlightModeBtnOk","$v":"ठीक"},{"$i":"radioDisabledToDownloadTitle","$v":[{"t":"idOrVar","v":"sendFlightModeTitle"}]},{"$i":"radioDisabledToDownloadBody","$v":"मनसलकाऊं डाऊनलोड करणु लाइ अईर प्लैन मूड बंदु कर्यो."},{"$i":"radioDisabledToDownloadBtnOk","$v":[{"t":"idOrVar","v":"sendFlightModeBtnOk"}]},{"$i":"fdnErrorTitle","$v":"FDN फ़आल"},{"$i":"needConnectWifiBody","$v":"सेल्यूलर नेटवर्क मौजूदु नाहे. पैग़ामु कारी जे लाइ मौजूदु WiFi नेटवर्क्स सां ॻंढियो."},{"$i":"needConnectWifiTitle","$v":"नयापा किन मोकिला वया"},{"$i":"sms-counter-notice-label","$v":["SMS ",{"t":"idOrVar","v":"number"}," तदवीन कर्यो"]},{"$i":"fdnErrorBody","innerHTML":{"$x":[{"t":"idOrVar","v":"plural"},"n"],"$v":{"one":"FDN (फ़िक्स्डि डाइलनग नम्बरु फ़आल थियल आहे. पिक कर्यो त SMS मर्कज़ु ऐं हेठियां वसूलु कंदड़ु तवहां जीFDN फ़हिरसत में आहिनि:","two":"FDN (फ़िक्स्डि डाइलनग नम्बरु फ़आल थियल आहे. पिक कर्यो तSMS मर्कज़ु ऐं हेठियां वसूलु कंदड़ु तवहां जीFDN फ़हिरसत में आहिनि:","few":"FDN (फ़िक्स्डि डाइलनग नम्बरु फ़आल थियल आहे. पिक कर्यो तSMS मर्कज़ु ऐं हेठियां वसूलु कंदड़ु तवहां जीFDN फ़हिरसत में आहिनि:","many":"FDN (फ़िक्स्डि डाइलनग नम्बरु फ़आल थियल आहे. पिक कर्यो तSMS मर्कज़ु ऐं हेठियां वसूलु कंदड़ु तवहां जीFDN फ़हिरसत में आहिनि:","other":"FDN (फ़िक्स्डि डाइलनग नम्बरु फ़आल थियल आहे. पिक कर्यो तSMS मर्कज़ु ऐं हेठियां वसूलु कंदड़ु तवहां जीFDN फ़हिरसत में आहिनि:"}}},{"$i":"fdnErrorBtnOk","$v":"ठीक"},{"$i":"switchSimToRetrieveTitle","$v":"डेटा कनेकशन सोइच कर्यो"},{"$i":"switchSimToRetrieveBody","$v":["MMS वापस वसूलु करणु जे लाइ डेटा कनेकशन खे ",{"t":"idOrVar","v":"nonActiveSimId"}," SIM ते डेटा कनेकशन सोइच कर्यो. ",{"t":"idOrVar","v":"activeSimId"}," SIM ते मोजूदह डेटा मुंतक़ली मुअतिलु थी वेंदी. बहरि हालु जारी रुखो था?"]},{"$i":"switchSimToRetrieveBtnOk","$v":"पोइ"},{"$i":"switchSimToRetrieveConfirm","$v":"ठीक"},{"$i":"switchSimToSendTitle","$v":[{"t":"idOrVar","v":"switchSimToRetrieveTitle"}]},{"$i":"switchSimToSendBody","$v":["MMS मोकिलणु लाइ ",{"t":"idOrVar","v":"nonActiveSimId"}," SIM ते डेटा कनेकशन सोइच कर्यो. ",{"t":"idOrVar","v":"activeSimId"}," SIM ते मोजूदह डेटा मुंतक़ली मुअतिलु थी वेंदी. बहरि हालु जारी रुखो था?"]},{"$i":"switchSimToSendBtnOk","$v":[{"t":"idOrVar","v":"switchSimToRetrieveBtnOk"}]},{"$i":"switchSimToSendConfirm","$v":[{"t":"idOrVar","v":"switchSimToRetrieveConfirm"}]},{"$i":"sendNoSignalErrorTitle","$v":"को बि नेट वर्क कॿीहरज नाहे"},{"$i":"sendNoSignalErrorBody","$v":"पिक कर्यो त तवहां वटि मोबाईल सिगनल आहे ऐं ॿीहर कोशिश कर्यो."},{"$i":"sendNoSignalErrorBtnOk","$v":"ठीक"},{"$i":"sendNotFoundErrorTitle","$v":"पैग़ामु न मिल्यो"},{"$i":"sendNotFoundErrorBody","$v":"पैग़ामु जेको तवहां ॻोले रहिया आहियो हाणे वधीक मौजूदु नाहे."},{"$i":"sendNotFoundErrorBtnOk","$v":"ठीक"},{"$i":"sendInvalidAddressErrorTitle","$v":"गलत नंबर"},{"$i":"sendInvalidAddressErrorBody","$v":"पिक कर्यो त मोबाईल नम्बरु तवहां मोकिले रहिया आहियो सहीह आहे."},{"$i":"sendInvalidAddressErrorBtnOk","$v":"ठीक"},{"$i":"simNotMatchedErrorTitle","$v":"डाऊनलोड करणु जी क़ाबिलु नाहे"},{"$i":"simNotMatchedErrorBody","$v":"महिरबानी करे पिक कर्यो त दाख़िलु कयल SIM कार्डु इहो हिकु आहे जंहिं ते ही पैग़ामु वसूलु करणु जे लाइ इस्तेमाल कयो."},{"$i":"simNotMatchedErrorBtnOk","$v":"ठीक"},{"$i":"deleted-sms","$v":"ही पैग़ामु अॻुई हज़फ़ थी व्यो आहे."},{"$i":"view-attachment-image","$v":"डि॒सो"},{"$i":"view-attachment-audio","$v":"ॿुधो"},{"$i":"view-attachment-video","$v":"डि॒सो"},{"$i":"view-attachment-other","$v":"डि॒सो"},{"$i":"remove-attachment-image","$v":"तस्वीर हटायो"},{"$i":"remove-attachment-audio","$v":"ऑडियो हटायो"},{"$i":"remove-attachment-video","$v":"विडियो सोरो"},{"$i":"remove-attachment-other","$v":"मुंसलिक हटायो"},{"$i":"replace-attachment-image","$v":"तस्वीर बदलायो"},{"$i":"replace-attachment-audio","$v":"ऑडियो बदलायो"},{"$i":"replace-attachment-video","$v":"विडियो बदलायो"},{"$i":"replace-attachment-other","$v":"मुंसलिक बदलायो"},{"$i":"unsent-message-title","$v":"अण मोकलियलु पैग़ामु"},{"$i":"unsent-message-description","$v":"तवहां जो पोयों पैग़ामु न मोकिलियो व्यो. छा तवहां न मोकलियलु पैग़ामु तदवीन या रदि करणु ऐं जारी रखणु चाहियो था?"},{"$i":"unsent-message-option-edit","$v":"फेरबदल"},{"$i":"unsent-message-option-discard","$v":"रदि"},{"$i":"message-options","$v":"नयापा विकल्प"},{"$i":"select-text","$v":"अखर चूंड्यो"},{"$i":"mobile","$v":"मोबाइल"},{"$i":"home","$v":"घर"},{"$i":"work","$v":"कम"},{"$i":"personal","$v":"जाती"},{"$i":"faxHome","$v":"फैक्स होम"},{"$i":"faxOffice","$v":"फैक्स आफ़ीस"},{"$i":"faxOther","$v":"फैक्स ॿियो"},{"$i":"another","$v":"हिकु ॿियो"},{"$i":"other","$v":"बियो"},{"$i":"today","$v":"अजु॒"},{"$i":"yesterday","$v":"कुल्हा"},{"$i":"incorrectDate","$v":"( ग़लति तारीख़)"},{"$i":"addToExistingContact","$v":"हिक मौजूदु राबते ॾांहुं शामिलु कर्यो"},{"$i":"createNewContact","$v":"नओं अकाऊंट ठाहियो"},{"$i":"viewContact","$v":"राबता ॾेखारियो"},{"$i":"sendEmail","$v":"ए मैलु मोकिलियो"},{"$i":"mms-message","$v":"MMS पैग़ामु"},{"$i":"notDownloaded-title","$v":"पैग़ामु अञा ताईं डाऊनलोड न थियो आहे."},{"$i":"tobedownloaded-attachment","$v":"तव्हांखे हिकु मल्टी मीडिया पैग़ामु मिल्यो आहे, आख़िरी_तारीख़ खां पहिरियां उन जो मवादु हासिलु करणु लाइ डाऊनलोड खे दॿायो."},{"$i":"expired-attachment","$v":["माफ़ कर्यो पैग़ामु ",{"t":"idOrVar","v":"date"}," ते मदऊ ख़ारिज थियो ऐं डाऊनलोड नथो थी सघिजे."]},{"$i":"download-attachment","$v":"डाउनलोड"},{"$i":"downloading-attachment","$v":"डाउन लोडिंग कर्यो प्यो..."},{"$i":"download-complete","$v":"डाऊनलोड मुकमिलु थी"},{"$i":"unnamed-attachment","$v":"अणनालेरो"},{"$i":"mms-label","$v":"MMS"},{"$i":"attached-files-too-large","$v":{"zero":["तवहां जी चुंडियल फाईल हिकु वाहिदु मल्टी मीडिया पैग़ामु जे साईज़ जी हद ",{"t":"idOrVar","v":"mmsSize"}," KB सां वधी पई."],"one":["तवहां जी चुंडियल फाईल हिकु वाहिदु मल्टी मीडिया पैग़ामु जे साईज़ जी हद ",{"t":"idOrVar","v":"mmsSize"}," KB सां वधी पई."],"two":["तवहां जी चुंडियल फाईल हिकु वाहिदु मल्टी मीडिया पैग़ामु जे साईज़ जी हद ",{"t":"idOrVar","v":"mmsSize"}," KB सां वधी पई."],"few":["तवहां जी चुंडियल फाईल हिकु वाहिदु मल्टी मीडिया पैग़ामु जे साईज़ जी हद ",{"t":"idOrVar","v":"mmsSize"}," KB सां वधी पई."],"many":["तवहां जी चुंडियल फाईल हिकु वाहिदु मल्टी मीडिया पैग़ामु जे साईज़ जी हद ",{"t":"idOrVar","v":"mmsSize"}," KB सां वधी पई."],"other":["तवहां जी चुंडियल फाईल हिकु वाहिदु मल्टी मीडिया पैग़ामु जे साईज़ जी हद ",{"t":"idOrVar","v":"mmsSize"}," KB सां वधी पई."]},"$x":[{"t":"idOrVar","v":"plural"},"n"]},{"$i":"resize-image","$v":"मुंसलिक तस्वीर खे ॿीहर साई करणु"},{"$i":"no-attachment-text","$v":"हिते मुंसलिक फाईल सां हिक मसइलो आहे ऐं इहो डाऊनलोड नथो करे सघिजे."},{"$i":"message-draft-saved","$v":"पैग़ामु ड्राफ़्ट तौर महफूज़ु थियो"},{"$i":"sim-id-label","$v":["SIM ",{"t":"idOrVar","v":"id"}]},{"$i":"sim-detail","$v":["SIM ",{"t":"idOrVar","v":"id"},", ",{"t":"idOrVar","v":"detailString"}]},{"$i":"dsds-notification-title-with-sim","$v":["(",{"t":"idOrVar","v":"sim"},") ",{"t":"idOrVar","v":"sender"}]},{"$i":"send-button","ariaLabel":"मोकलण"},{"$i":"send-button-sim-indication","$v":[{"t":"idOrVar","v":"n"}],"ariaLabel":["इस्तेमाल करणु SIM ",{"t":"idOrVar","v":"n"}]},{"$i":"expiry-date-format","$v":"%A, %b %e"},{"$i":"attach-button","ariaLabel":"मुंसलिक शामिलु कर्यो"},{"$i":"contact-photo","ariaLabel":"राबतचो फोटो"},{"$i":"unread-thread","ariaLabel":"अण-पडहयलु"},{"$i":"has-draft","ariaLabel":"ड्राफ़्ट आहे"},{"$i":"is-draft","ariaLabel":"डराफ्ट"},{"$i":"message-delivery-status-sending","$v":"मोकिले रहियो आहे..."},{"$i":"message-delivery-status-delivered","ariaLabel":"डीलीवर थियो"},{"$i":"message-delivery-status-read","ariaLabel":"पडहो"},{"$i":"message-delivery-status-error","ariaLabel":"गडबडी"},{"$i":"modal-dialog-ok-button","$v":"ठीक"},{"$i":"modal-dialog-cancel-button","$v":"मंसूख़ कर्यो"},{"$i":"modal-dialog-default-title","$v":"पैग़ामु"},{"$i":"tcl-delete-message","$v":"पैग़ामु हज़फ़ थियो"},{"$i":"tcl-sending-message-toast","$v":"पैग़ामु मोकिले प्यो.."},{"$i":"tcl-message-converted-to-toast","$v":[{"t":"idOrVar","v":"type"}," ॾांहुं पैग़ामु तब्दील थियो"]},{"$i":"tcl-message-sent-toast","$v":"पैग़ामु मोकिलियो व्यो"},{"$i":"tcl-deleteMessage-confirmation2","$v":"चुंडियल पैग़ामु लुड़ी हज़फ़ कर्यो?"},{"$i":"tcl-deleted-message","$v":{"zero":"0 पैग़ामु हज़फ़ थिया","one":[{"t":"idOrVar","v":"n"}," पैग़ामु हज़फ़ थियो"],"two":[{"t":"idOrVar","v":"n"}," पैग़ामु हज़फ़ थिया"],"few":[{"t":"idOrVar","v":"n"}," पैग़ामु हज़फ़ थिया"],"many":[{"t":"idOrVar","v":"n"}," पैग़ामु हज़फ़ थिया"],"other":[{"t":"idOrVar","v":"n"}," पैग़ामु हज़फ़ थिया"]},"$x":[{"t":"idOrVar","v":"plural"},"n"]},{"$i":"tcl-deleted-threads","$v":{"zero":"0 धाॻा हज़फ़ थिया","one":"धाॻो हज़फ़ थियो","two":[{"t":"idOrVar","v":"n"}," पैग़ामु थ्रेड हज़फ़ थिया"],"few":[{"t":"idOrVar","v":"n"}," पैग़ामु थ्रेड हज़फ़ थिया"],"many":[{"t":"idOrVar","v":"n"}," पैग़ामु थ्रेड हज़फ़ थिया"],"other":[{"t":"idOrVar","v":"n"}," पैग़ामु थ्रेड हज़फ़ थिया"]},"$x":[{"t":"idOrVar","v":"plural"},"n"]},{"$i":"tcl-simSettings","$v":"मालूमात"},{"$i":"tcl-unknown-SMSC","$v":"ॼ मौजूदु कोन्हे"},{"$i":"tcl-sim1","$v":"ख़िदिमत मर्कज़ुSIM1"},{"$i":"tcl-sim2","$v":"ख़िदिमत मर्कज़ु SIM2"},{"$i":"tcl-auto-retrieve","$v":"ख़ुदकार वापसि हासिलु कर्यो"},{"$i":"tcl-wapPushMessages","$v":"WAP पश पैग़ामात"},{"$i":"tcl-wapPush","$v":"WAP पश"},{"$i":"tcl-wap-push-on","$v":"मथे"},{"$i":"tcl-wap-push-off","$v":"बंद"},{"$i":"tcl-auto-retrieve-messages","$v":"ख़ुदकार पैग़ामु वापसि हासिलु कर्यो"},{"$i":"tcl-manual-retrieve","$v":"बंद"},{"$i":"tcl-auto-roaming-retrieve","$v":"रोमिंग सां आन"},{"$i":"tcl-auto-no-roaming-retrieve","$v":"रोमिंग खां बग़ैर आन"},{"$i":"tcl-message-read-reports","$v":"रिपोर्टूं पढ़ो"},{"$i":"tcl-read-reports-on","$v":"मथे"},{"$i":"tcl-read-reports-off","$v":"बंद"},{"$i":"tcl-mmsTitle","$v":"मल्टी मीडिया पैग़ामु कार्य (MMS)"},{"$i":"tcl-message-delivery-reports","$v":"डलीॿीहर रिपोर्टूं"},{"$i":"tcl-delivery-reports-on","$v":"मथे"},{"$i":"tcl-delivery-reports-off","$v":"बंद"},{"$i":"tcl-message-confirmation","$v":"पैग़ामु जे तसिदीक़"},{"$i":"tcl-messageReport-title","$v":"पैग़ामु जा तफ़सील"},{"$i":"tcl-mms-label","$v":"MMS"},{"$i":"tcl-sms-label","$v":"SMS"},{"$i":"tcl-messaging-settings","$v":"पैग़ामु कारी जूनि सीटनगूं"},{"$i":"tcl-messagingSettings-header","$v":[{"t":"idOrVar","v":"tcl-messaging-settings"}]},{"$i":"tcl-confirmation-title","$v":"तसिदीक़"},{"$i":"tcl-draft-save-content","$v":"मसौदो जे तौर ते महफूज़ु कर्यो?"},{"$i":"tcl-draft-discard-content","$v":"पैग़ामु बर्ख़ास्त थियो"},{"$i":"tcl-switch-on","$v":"मथे"},{"$i":"tcl-switch-off","$v":"बंद"},{"$i":"tcl-delivery-report-desc","$v":"हिक मोकलियलु पैग़ामु लाइ डीलीॿीहर जे इतिलाउ जे दरख़्वास्त कर्यो"},{"$i":"tcl-read-report-desc","$v":"हिक मोकलियलु पैग़ामु लाइ पढ़ाई रिपोर्ट जे दरख़्वास्त कर्यो"},{"$i":"tcl-auto-retrieve-desc","$v":"पहिंजेपाण नयापा हथु कयो"},{"$i":"tcl-confirm-dialog-ok","$v":"ठीक"},{"$i":"tcl-yes","$v":"हा"},{"$i":"tcl-no","$v":"न"},{"$i":"tcl-delete-current-thread?","$v":"चुंडियल पैग़ामु लुड़ी हज़फ़ कर्यो?"},{"$i":"tcl-attention","$v":"ध्यान द्यो"},{"$i":"tcl-options","$v":"इख़्तियारु"},{"$i":"send-failed","$v":"मोकलो नाकामु थियो."},{"$i":"subject-removed","$v":"मज़मून हटायो व्यो."},{"$i":"media-storage-limit-alert-title","$v":"ज़ख़ीरो भरियल"},{"$i":"media-storage-limit-alert-body","$v":"वधीक मुफ़्त जॻह हासिलु करणु लाइ तवहां कुझु फाइलों हज़फ़ करे या एपली केशन डेटा मुनज़्ज़म करे सगहो था?"},{"$i":"media-storage-limit-alert-cancel","$v":"मंसूख़ कर्यो"},{"$i":"media-storage-limit-alert-setting","$v":"सीटनगन ॾांहुं वञो"},{"$i":"email","$v":"इमेल"},{"$i":"go","$v":"वञो"},{"$i":"weekday-0-long","$v":"आर्तवारु"},{"$i":"weekday-1-long","$v":"सुमर"},{"$i":"weekday-2-long","$v":"मंगल"},{"$i":"weekday-3-long","$v":"बु॒धर"},{"$i":"weekday-4-long","$v":"विशपत"},{"$i":"weekday-5-long","$v":"जुमो"},{"$i":"weekday-6-long","$v":"छंछरु"},{"$i":"weekday-0-short","$v":"आचरु"},{"$i":"weekday-1-short","$v":"सूमरु"},{"$i":"weekday-2-short","$v":"अङारो"},{"$i":"weekday-3-short","$v":"अर्बा"},{"$i":"weekday-4-short","$v":"ख़मीस"},{"$i":"weekday-5-short","$v":"जमावं"},{"$i":"weekday-6-short","$v":"छंछरु"},{"$i":"month-0-long","$v":"जनॿीहर"},{"$i":"month-1-long","$v":"फ़ीबरॿीहर"},{"$i":"month-2-long","$v":"मार्चु"},{"$i":"month-3-long","$v":"अप्रेलु"},{"$i":"month-4-long","$v":"मुई"},{"$i":"month-5-long","$v":"जूनि"},{"$i":"month-6-long","$v":"जूलाइ"},{"$i":"month-7-long","$v":"आगस्टु"},{"$i":"month-8-long","$v":"सेप्टेम्बरु"},{"$i":"month-9-long","$v":"आक्टोबरु"},{"$i":"month-10-long","$v":"नवम्बरु"},{"$i":"month-11-long","$v":"डिसम्बरु"},{"$i":"month-0-genitive","$v":"जनॿीहर"},{"$i":"month-1-genitive","$v":"फ़ीबरॿीहर"},{"$i":"month-2-genitive","$v":"मार्चु"},{"$i":"month-3-genitive","$v":"अप्रेलु"},{"$i":"month-4-genitive","$v":"मुई"},{"$i":"month-5-genitive","$v":"जूनि"},{"$i":"month-6-genitive","$v":"जूलाइ"},{"$i":"month-7-genitive","$v":"आगस्टु"},{"$i":"month-8-genitive","$v":"सेप्टेम्बरु"},{"$i":"month-9-genitive","$v":"आक्टोबरु"},{"$i":"month-10-genitive","$v":"नवम्बरु"},{"$i":"month-11-genitive","$v":"डिसम्बरु"},{"$i":"month-0-short","$v":"जनॿीहर"},{"$i":"month-1-short","$v":"फ़ीबरॿीहर"},{"$i":"month-2-short","$v":"मार्चु"},{"$i":"month-3-short","$v":"अप्रेलु"},{"$i":"month-4-short","$v":"मुई"},{"$i":"month-5-short","$v":"जनॿीहर"},{"$i":"month-6-short","$v":"जूलाइ"},{"$i":"month-7-short","$v":"आगस्टु"},{"$i":"month-8-short","$v":"सेप्टेम्बरु"},{"$i":"month-9-short","$v":"आक्टोबरु"},{"$i":"month-10-short","$v":"नवम्बरु"},{"$i":"month-11-short","$v":"डिसम्बरु"},{"$i":"minutes-ago-long","$v":{"zero":"बिलकुल हाणे","one":"हिक मिंटु अॻु","two":[{"t":"idOrVar","v":"value"}," मिंटु अॻु"],"few":[{"t":"idOrVar","v":"value"}," मिंटु अॻु"],"many":[{"t":"idOrVar","v":"value"}," मिंटु अॻु"],"other":[{"t":"idOrVar","v":"value"}," मिंटु अॻु"]},"$x":[{"t":"idOrVar","v":"plural"},"value"]},{"$i":"hours-ago-long","$v":{"zero":"बिलकुल हाणे","one":"हिक कलाकु अॻु","two":[{"t":"idOrVar","v":"value"}," कलाकु अॻु"],"few":[{"t":"idOrVar","v":"value"}," कलाकु अॻु"],"many":[{"t":"idOrVar","v":"value"}," कलाकु अॻु"],"other":[{"t":"idOrVar","v":"value"}," कलाकु अॻु"]},"$x":[{"t":"idOrVar","v":"plural"},"value"]},{"$i":"days-ago-long","$v":{"zero":"अजु॒","one":"कुल्हा","two":[{"t":"idOrVar","v":"value"}," ॾींहुं अॻु"],"few":[{"t":"idOrVar","v":"value"}," ॾींहुं अॻु"],"many":[{"t":"idOrVar","v":"value"}," ॾींहुं अॻु"],"other":[{"t":"idOrVar","v":"value"}," ॾींहुं अॻु"]},"$x":[{"t":"idOrVar","v":"plural"},"value"]},{"$i":"weeks-ago-long","$v":{"zero":"हुन हफ़्ते","one":"गुज़िरियल हफ़्ते","two":[{"t":"idOrVar","v":"value"}," हफ़ता अॻु"],"few":[{"t":"idOrVar","v":"value"}," हफ़ता अॻु"],"many":[{"t":"idOrVar","v":"value"}," हफ़ता अॻु"],"other":[{"t":"idOrVar","v":"value"}," हफ़ता अॻु"]},"$x":[{"t":"idOrVar","v":"plural"},"value"]},{"$i":"months-ago-long","$v":{"zero":"हुन महीने","one":"गुज़िरियल महीने","two":[{"t":"idOrVar","v":"value"}," महीना अॻु"],"few":[{"t":"idOrVar","v":"value"}," महीना अॻु"],"many":[{"t":"idOrVar","v":"value"}," महीना अॻु"],"other":[{"t":"idOrVar","v":"value"}," महीना अॻु"]},"$x":[{"t":"idOrVar","v":"plural"},"value"]},{"$i":"years-ago-long","$v":{"zero":"हुन सालु","one":"गुज़िरियल सालु","two":[{"t":"idOrVar","v":"value"}," सालु अॻु"],"few":[{"t":"idOrVar","v":"value"}," सालु अॻु"],"many":[{"t":"idOrVar","v":"value"}," सालु अॻु"],"other":[{"t":"idOrVar","v":"value"}," सालु अॻु"]},"$x":[{"t":"idOrVar","v":"plural"},"value"]},{"$i":"minutes-until-long","$v":{"zero":"हाणि","one":"हिक मिंटु में","two":[{"t":"idOrVar","v":"value"}," मिन्टनि में"],"few":[{"t":"idOrVar","v":"value"}," मिन्टनि में"],"many":[{"t":"idOrVar","v":"value"}," मिन्टनि में"],"other":[{"t":"idOrVar","v":"value"}," मिन्टनि में"]},"$x":[{"t":"idOrVar","v":"plural"},"value"]},{"$i":"hours-until-long","$v":{"zero":"हाणि","one":"हिक कलाकु में","two":[{"t":"idOrVar","v":"value"}," कलाकनि में"],"few":[{"t":"idOrVar","v":"value"}," कलाकनि में"],"many":[{"t":"idOrVar","v":"value"}," कलाकनि में"],"other":[{"t":"idOrVar","v":"value"}," कलाकनि में"]},"$x":[{"t":"idOrVar","v":"plural"},"value"]},{"$i":"days-until-long","$v":{"zero":"अजु॒","one":"सुभाणे","two":[{"t":"idOrVar","v":"value"}," ॾींहुं में"],"few":[{"t":"idOrVar","v":"value"}," ॾींहुं में"],"many":[{"t":"idOrVar","v":"value"}," ॾींहुं में"],"other":[{"t":"idOrVar","v":"value"}," ॾींहुं में"]},"$x":[{"t":"idOrVar","v":"plural"},"value"]},{"$i":"weeks-until-long","$v":{"zero":"हुन हफ़्ते","one":"ईंदड़ सालु","two":[{"t":"idOrVar","v":"value"}," हफ़्तनि में"],"few":[{"t":"idOrVar","v":"value"}," हफ़्तनि में"],"many":[{"t":"idOrVar","v":"value"}," हफ़्तनि में"],"other":[{"t":"idOrVar","v":"value"}," हफ़्तनि में"]},"$x":[{"t":"idOrVar","v":"plural"},"value"]},{"$i":"months-until-long","$v":{"zero":"हुन महीने","one":"ईंदड़ महीने","two":[{"t":"idOrVar","v":"value"}," महीननि में"],"few":[{"t":"idOrVar","v":"value"}," महीननि में"],"many":[{"t":"idOrVar","v":"value"}," महीननि में"],"other":[{"t":"idOrVar","v":"value"}," महीननि में"]},"$x":[{"t":"idOrVar","v":"plural"},"value"]},{"$i":"years-until-long","$v":{"zero":"हुन सालु","one":"ईंदड़ सालु","two":[{"t":"idOrVar","v":"value"}," सालनि में"],"few":[{"t":"idOrVar","v":"value"}," सालनि में"],"many":[{"t":"idOrVar","v":"value"}," सालनि में"],"other":[{"t":"idOrVar","v":"value"}," सालनि में"]},"$x":[{"t":"idOrVar","v":"plural"},"value"]},{"$i":"minutes-ago-short","$v":{"zero":"बिलकुल हाणे","other":[{"t":"idOrVar","v":"value"}," मिंटु अॻु"]},"$x":[{"t":"idOrVar","v":"plural"},"value"]},{"$i":"hours-ago-short","$v":{"zero":"बिलकुल हाणे","other":[{"t":"idOrVar","v":"value"}," कलाकु अॻु"]},"$x":[{"t":"idOrVar","v":"plural"},"value"]},{"$i":"days-ago-short","$v":{"zero":"अजु॒","other":[{"t":"idOrVar","v":"value"}," ॾींहुं अॻु"]},"$x":[{"t":"idOrVar","v":"plural"},"value"]},{"$i":"minutes-until-short","$v":{"zero":"हाणि","other":[{"t":"idOrVar","v":"value"},"m में"]},"$x":[{"t":"idOrVar","v":"plural"},"value"]},{"$i":"hours-until-short","$v":{"zero":"हाणि","other":[{"t":"idOrVar","v":"value"},"h में"]},"$x":[{"t":"idOrVar","v":"plural"},"value"]},{"$i":"days-until-short","$v":{"zero":"अजु॒","other":[{"t":"idOrVar","v":"value"},"d में"]},"$x":[{"t":"idOrVar","v":"plural"},"value"]},{"$i":"dateTimeFormat_%c","$v":"%a %b %e %Y %I:%M:%S %p"},{"$i":"dateTimeFormat_%x","$v":"%m/%d/%Y"},{"$i":"dateTimeFormat_%X","$v":"%I:%M:%S %p"},{"$i":"shortTimeFormat","$v":"%I:%M %p"},{"$i":"shortTimeFormat12","$v":"%I:%M %p"},{"$i":"shortTimeFormat24","$v":"%H:%M"},{"$i":"shortDateTimeFormat","$v":"%x %I:%M %p"},{"$i":"weekStartsOnMonday","$v":"0"},{"$i":"firstDayOfTheWeek","$v":"0"},{"$i":"time_am","$v":"AM"},{"$i":"time_pm","$v":"PM"},{"$i":"softkey-options","$v":"इख़्तियारु"},{"$i":"emergencyNumber","$v":"मुश्किलात में नम्बर"},{"$i":"callAirplaneModeMessage","$v":"हिक कालु करणु जे लाइ तवहां खे सीटनगन में एअर प्लैन मूड ग़ैरु फ़आल करणु जी ज़रूरत पवे थी."},{"$i":"callAirplaneModeBtnOk","$v":"ठीक"},{"$i":"callAirplaneModeTitle","$v":"हवाई जहाज़ मूड फ़आल थियो"},{"$i":"numberIsBusyTitle","$v":"नम्बरु मसरूफ़ु आहिनि"},{"$i":"numberIsBusyMessage","$v":"नम्बरु मोजूदह तौर ते मसरूफ़ु आहे. महर्बानी करे पोई वरी कोशिश कजो"},{"$i":"fdnIsActiveTitle","$v":"FDN फ़आल"},{"$i":"fdnIsActiveMessage","$v":["FDN (फ़िक्स्डि डाइलनग नम्बरु फ़आल थियल आहे ऐं ह॓ठियूं नम्बरु तव्हांजीFDN लिस्ट में नाहे ",{"t":"idOrVar","v":"number"}]},{"$i":"emergencyDialogBodyBadNumber","$v":"हिक कालु करणु जे लाइ फ़ोनु खे नेटवर्क सां ॻंढणु ज़रूरी आहे."},{"$i":"emergencyDialogBodyDeviceNotAccepted","$v":"नेटवर्क जे तर्फ़ां हंगामी कॉलिन जी इजाज़त नाहे."},{"$i":"emergencyDialogBtnOk","$v":"ठीक"},{"$i":"emergencyDialogTitle","$v":"को नेटवर्क गंढ कोन्हे"},{"$i":"invalidNumberToDialTitle","$v":"ग़लति फ़ोनु नम्बरु"},{"$i":"invalidNumberToDialMessage","$v":"फ़ोनु नम्बरु जंहिं ते तवहां कालु करे रहिया आहियो सहीह नाहे."},{"$i":"unableToCallTitle","$v":"हाणि फ़ोनु कालु करणु जी क़ाबिलु नाहे"},{"$i":"unableToCallMessage","$v":"हिक कालु नथा करे सघूं जेकॾहिं तवहां पहिरियां खां ई डाइल करे रहिया आहियो, महिरबानी करे पहिरियां हींग अप कर्यो."},{"$i":"otherConnectionInUseTitle","$v":"ॿियो कनेकशन इस्तेमाल में आहे"},{"$i":"otherConnectionInUseMessage","$v":"तवहां वटि हिक ॿी डिवाइस ते फ़आल कालु आहे. तवहां हिक ई वक्त में हिक कनेकशन इस्तेमाल करे सगहो था."},{"$i":"connectingEllipsis","$v":"गंढजे पई..."}]