[{"$i":"messages","$v":"సందేశం"},{"$i":"deleteMessages-title","$v":"ఎంచుకోండి"},{"$i":"selectThreads-title","$v":"ఎంచుకోండి"},{"$i":"edit","$v":"సవరించు"},{"$i":"back","$v":"వెనక్కి వెళ్లు"},{"$i":"cancel","$v":"రద్దు చేయి"},{"$i":"undo","$v":"అన్‌డూ చేయి"},{"$i":"done","$v":"పూర్తయింది"},{"$i":"delete","$v":"తొలగించు"},{"$i":"deleting-messages","$v":"తొలగిస్తోంది…"},{"$i":"select-all","$v":"అన్నీ ఎంచుకోండి"},{"$i":"deselect-all","$v":"అన్నీ ఎంపికలను తీసివేయి"},{"$i":"selected-threads","$v":{"zero":"0 ఎంచుకోబడ్డాయి","one":[{"t":"idOrVar","v":"n"}," ఎంచుకోబడింది"],"two":[{"t":"idOrVar","v":"n"}," ఎంచుకోబడింది"],"few":[{"t":"idOrVar","v":"n"}," ఎంచుకోబడింది"],"many":[{"t":"idOrVar","v":"n"}," ఎంచుకోబడింది"],"other":[{"t":"idOrVar","v":"n"}," ఎంచుకోబడింది"]},"$x":[{"t":"idOrVar","v":"plural"},"n"]},{"$i":"selected-messages","$v":{"zero":"0 ఎంచుకోబడ్డాయి","one":[{"t":"idOrVar","v":"n"}," ఎంచుకోబడింది"],"two":[{"t":"idOrVar","v":"n"}," ఎంచుకోబడింది"],"few":[{"t":"idOrVar","v":"n"}," ఎంచుకోబడింది"],"many":[{"t":"idOrVar","v":"n"}," ఎంచుకోబడింది"],"other":[{"t":"idOrVar","v":"n"}," ఎంచుకోబడింది"]},"$x":[{"t":"idOrVar","v":"plural"},"n"]},{"$i":"selectThreads-label","$v":"థ్రెడ్‌లను ఎంచుకోండి"},{"$i":"selectMessages-label","$v":"సందేశాలను ఎంచుకోండి"},{"$i":"new-message","$v":"కొత్త సందేశం"},{"$i":"delete-thread","$v":"థ్రెడ్‌ను తొలగించాలా"},{"$i":"create-new-contact","$v":"కొత్త పరిచయాన్ని సృష్టించు"},{"$i":"add-to-contact","$v":"ప్రస్తుత పరిచయానికి జోడించు"},{"$i":"select-thread","$v":"థ్రెడ్‌ను ఎంచుకోండి"},{"$i":"settings","$v":"సెట్టింగ్స్"},{"$i":"select","$v":"ఎంచుకోండి"},{"$i":"sk-save-as-draft","$v":"డ్రాఫ్ట్ వలె సేవ్ చేయి"},{"$i":"send","$v":"పంపు"},{"$i":"add-contact","$v":"పరిచయాన్ని జోడించు"},{"$i":"add-suggestion","$v":"జోడించు"},{"$i":"add-subject","$v":"విషయాన్ని జోడించు"},{"$i":"remove-subject","$v":"విషయాన్ని తీసివేయండి"},{"$i":"add-attachment","$v":"అటాచ్మెంట్ జోడించు"},{"$i":"remove-attachment","$v":"అటాచ్మెంట్ తీసివేయండి"},{"$i":"replace-attachment","$v":"అటాచ్మెంట్ భర్తీ చేయి"},{"$i":"select-messages","$v":"సందేశాలను ఎంచుకోండి"},{"$i":"call","$v":"కాల్"},{"$i":"forward","$v":"ఫార్వార్డ్ చేయండి"},{"$i":"view-message-report","$v":"సందేశ వివరాలను వీక్షించు"},{"$i":"resend-message","$v":"ఈ సందేశాన్ని మళ్లీ పంపు"},{"$i":"cancel-view-report","$v":"రద్దు చేయి"},{"$i":"ok","$v":"సరే"},{"$i":"enter","$v":"నమోదు చేయి"},{"$i":"open","$v":"తెరువు"},{"$i":"to","$v":"వీరికి"},{"$i":"new","$v":"కొత్త"},{"$i":"message","$v":"సందేశం"},{"$i":"messagesInput_placeholder","$v":"సందేశం"},{"$i":"messagesSubjectInput_placeholder","$v":"విషయం"},{"$i":"converted-to-mms","$v":"మల్టీమీడియా సందేశానికి మారుస్తోంది."},{"$i":"converted-to-sms","$v":"టెక్స్ట్ సందేశానికి మారుస్తోంది."},{"$i":"messages-max-length-text","$v":"మీరు గరిష్ట పొడవుకి చేరుకున్నారు."},{"$i":"messages-max-subject-length-text","$v":"గరిష్ట విషయ పొడవుని చేరుకుంది."},{"$i":"multimedia-message-exceeded-max-length","$v":["మీరు సింగిల్ మల్టీమీడియా సందేశ ",{"t":"idOrVar","v":"mmsSize"}," KB సైజు పరిమితిని మించిపోయారు. దీన్ని పంపడానికి అటాచ్మెంట్స్ తీసేయండి లేదా సందేశాన్ని చిన్నదిగా చేయండి."]},{"$i":"newMessage","$v":"కొత్త సందేశం"},{"$i":"sendMessage","$v":"సందేశం పంపు"},{"$i":"sendMMSToEmail","$v":"మల్టీమీడియా సందేశాన్ని పంపు"},{"$i":"no-recipient","$v":"(గ్రహీత లేరు)"},{"$i":"recipient","$v":{"one":[{"t":"idOrVar","v":"n"}," గ్రహీత"],"two":[{"t":"idOrVar","v":"n"}," గ్రహీతలు"],"few":[{"t":"idOrVar","v":"n"}," గ్రహీతలు"],"many":[{"t":"idOrVar","v":"n"}," గ్రహీతలు"],"other":[{"t":"idOrVar","v":"n"}," గ్రహీతలు"]},"$x":[{"t":"idOrVar","v":"plural"},"n"]},{"$i":"attachmentSizeB","$v":[{"t":"idOrVar","v":"n"}," B"]},{"$i":"attachmentSizeKB","$v":[{"t":"idOrVar","v":"N"}," KB"]},{"$i":"attachmentSizeMB","$v":[{"t":"idOrVar","v":"n"}," MB"]},{"$i":"attachmentOpenError","$v":"ఈ ఫైల్ రకాన్ని తెరవడానికి యాప్ ఏదీ అందుబాటులో లేదు."},{"$i":"remove","$v":"తీసివేయండి"},{"$i":"participant","$v":{"one":[{"t":"idOrVar","v":"n"}," పాల్గొనేవారు"],"two":[{"t":"idOrVar","v":"n"}," పాల్గొనేవాళ్లు"],"few":[{"t":"idOrVar","v":"n"}," పాల్గొనేవాళ్లు"],"many":[{"t":"idOrVar","v":"n"}," పాల్గొనేవాళ్లు"],"other":[{"t":"idOrVar","v":"n"}," పాల్గొనేవాళ్లు"]},"$x":[{"t":"idOrVar","v":"plural"},"n"]},{"$i":"message-report","$v":"సందేశ రిపోర్ట్"},{"$i":"message-type-sms","$v":"టెక్స్ట్ సందేశాలు (SMS)"},{"$i":"message-type-mms","$v":"మల్టీమీడియా సందేశం (MMS)"},{"$i":"sms-report-description","$v":["మీ టెక్స్ట్ సందేశం (SMS), ",{"t":"idOrVar","v":"datetime"},"న పంపబడింది"]},{"$i":"mms-report-description","$v":["మీ మల్టీమీడియా సందేశం (MMS), విషయం ",{"t":"idOrVar","v":"subject"},", ",{"t":"idOrVar","v":"datetime"},"న పంపబడింది"]},{"$i":"mms-no-subject-report-description","$v":["మీ మల్టీమీడియా సందేశం (MMS), ",{"t":"idOrVar","v":"datetime"},"న పంపబడింది"]},{"$i":"message-subject","$v":"విషయం:"},{"$i":"report-status-error","$v":"సందేశం పంపడం సాధ్యపడలేదు"},{"$i":"report-status-not-downloaded","$v":"డౌన్‌లోడ్ కాలేదు"},{"$i":"report-status-delivered","$v":"పంపిణీ చేయబడింది:"},{"$i":"report-status-read","$v":"చదవండి:"},{"$i":"report-status-pending","$v":"రిపోర్ట్ అభ్యర్థించబడింది"},{"$i":"report-status-rejected","$v":"సందేశం తిరస్కరించబడింది"},{"$i":"message-size-was","$v":"సందేశ సైజు:"},{"$i":"report-dateTimeFormat12","$v":["%e %B %Y, ",{"t":"idOrVar","v":"shortTimeFormat12"}]},{"$i":"report-dateTimeFormat24","$v":["%e %B %Y, ",{"t":"idOrVar","v":"shortTimeFormat24"}]},{"$i":"report-to-title","$v":"వీరికి"},{"$i":"report-from-title","$v":"దీని నుండి"},{"$i":"message-sent","$v":"పంపినది:"},{"$i":"message-sending","$v":[{"t":"idOrVar","v":"message-delivery-status-sending"}]},{"$i":"message-received","$v":"స్వీకరించినవి:"},{"$i":"message-via","$v":"ద్వారా:"},{"$i":"message-resend","$v":"మళ్లీ పంపు"},{"$i":"search","$v":"శోధించు"},{"$i":"unknown-contact-title","$v":"తెలియని పరిచయం"},{"$i":"phone-type-separator","$v":", "},{"$i":"phone-carrier-separator","$v":" "},{"$i":"thread-participant-separator","$v":", "},{"$i":"replace-draft","$v":"ఇప్పటికే ఉన్న డ్రాఫ్ట్‌ను భర్తీ చేయి"},{"$i":"save-as-draft","$v":"సేవ్ చేయి"},{"$i":"discard-message","$v":"విస్మరించు"},{"$i":"discard-sms","$v":"మీరు ఈ సందేశాన్ని తీసివేయలనుకుంటున్నారా?"},{"$i":"discard-new-message","$v":"మీరు కంపోజ్ చేసే సందేశాన్ని తీసేసి, కొత్త సందేశాన్ని తెరవాలా?"},{"$i":"resend-confirmation","$v":"సందేశాన్ని పంపడం సాధ్యపడలేదు. మళ్లీ ప్రయత్నించాలా?"},{"$i":"deleteMessage-confirmation","$v":"ఎంచుకున్న సందేశాన్ని తొలగించాలా?"},{"$i":"deleteMessages-confirmation","$v":"ఎంచుకున్న సందేశాలను తొలగించాలా?"},{"$i":"deleteThreads-confirmation2","$v":{"one":"ఎంచుకున్న సందేశ థ్రెడ్‌ను తొలగించాలా?","other":"ఎంచుకున్న సందేశ థ్రెడ్‌లను తొలగించాలా?"},"$x":[{"t":"idOrVar","v":"plural"},"n"]},{"$i":"new-message-notice-text","$v":"దీని నుండి కొత్త సందేశం"},{"$i":"new-message-notice-a-text","$v":"దీన్ని చదువు"},{"$i":"noMessages-title","$v":"సందేశాలు లేవు"},{"$i":"noMessages-text","$v":"సంభాషించడం ప్రారంభించడానికి కొత్త సందేశాన్ని నొక్కండి."},{"$i":"sendDefaultErrorTitle","$v":"సందేశం పంపబడలేదు"},{"$i":"sendDefaultErrorBody","$v":"సందేశాన్ని పంపించడంలో లోపం ఉంది. దయచేసి తిరిగి ప్రయత్నించండి."},{"$i":"sendDefaultErrorBtnOk","$v":"సరే"},{"$i":"sendMissingSimCardTitle","$v":"సిమ్ కార్డ్ లేదు"},{"$i":"sendMissingSimCardBody","$v":"కొనసాగించడానికి చెల్లుబాటు అయ్యే సిమ్ కార్డ్‌ను పెట్టండి."},{"$i":"sendMissingSimCardBtnOk","$v":"సరే"},{"$i":"sendFlightModeTitle","$v":"ఎయిర్‌ప్లేన్ మోడ్ యాక్టివేట్ అయ్యింది"},{"$i":"sendFlightModeBody","$v":"సందేశాలను పంపడానికి ఎయిర్‌ప్లేన్ మోడ్‌ను ఆఫ్ చేయండి."},{"$i":"sendFlightModeBtnOk","$v":"సరే"},{"$i":"radioDisabledToDownloadTitle","$v":[{"t":"idOrVar","v":"sendFlightModeTitle"}]},{"$i":"radioDisabledToDownloadBody","$v":"అటాచ్మెంట్స్ డౌన్‌లోడ్ చేయడానికి ఎయిర్‌ప్లేన్ మోడ్‌ను ఆఫ్ చేయండి."},{"$i":"radioDisabledToDownloadBtnOk","$v":[{"t":"idOrVar","v":"sendFlightModeBtnOk"}]},{"$i":"fdnErrorTitle","$v":"FDN సక్రియపరుచు"},{"$i":"needConnectWifiBody","$v":"సెల్యులార్ నెట్‌వర్క్ ఏదీ అందుబాటులో లేదు. సందేశం కోసం అందుబాటులో ఉన్న WiFi నెట్‌వర్క్‌కు కనెక్ట్ చేయండి."},{"$i":"needConnectWifiTitle","$v":"సందేశం పంపబడలేదు"},{"$i":"sms-counter-notice-label","$v":["SMS ",{"t":"idOrVar","v":"number"},"ని సవరించు"]},{"$i":"fdnErrorBody","innerHTML":{"$x":[{"t":"idOrVar","v":"plural"},"n"],"$v":{"one":"FDN (ఫిక్స్డ్ డయలింగ్ నంబర్‌లు) యాక్టివేట్ అయ్యింది. SMS కేంద్రం మరియు క్రింది గ్రహీత మీ FDN లిస్టులో ఉన్నట్లు నిర్ధారించుకోండి:","two":"FDN (ఫిక్స్డ్ డయలింగ్ నంబర్‌) యాక్టివేట్ అయ్యింది. SMS కేంద్రం మరియు క్రింది గ్రహీతలు మీ FDN లిస్టులో ఉన్నట్లు నిర్ధారించుకోండి:","few":"FDN (ఫిక్స్డ్ డయలింగ్ నంబర్‌) యాక్టివేట్ అయ్యింది. SMS కేంద్రం మరియు క్రింది గ్రహీతలు మీ FDN లిస్టులో ఉన్నట్లు నిర్ధారించుకోండి:","many":"FDN (ఫిక్స్డ్ డయలింగ్ నంబర్‌) యాక్టివేట్ అయ్యింది. SMS కేంద్రం మరియు క్రింది గ్రహీతలు మీ FDN లిస్టులో ఉన్నట్లు నిర్ధారించుకోండి:","other":"FDN (ఫిక్స్డ్ డయలింగ్ నంబర్‌) యాక్టివేట్ అయ్యింది. SMS కేంద్రం మరియు క్రింది గ్రహీతలు మీ FDN లిస్టులో ఉన్నట్లు నిర్ధారించుకోండి:"}}},{"$i":"fdnErrorBtnOk","$v":"సరే"},{"$i":"switchSimToRetrieveTitle","$v":"డేటా కనెక్షన్‌ను మార్చు"},{"$i":"switchSimToRetrieveBody","$v":["MMSను తిరిగి పొందడానికి డేటా కనెక్షన్‌ను సిమ్ ",{"t":"idOrVar","v":"nonActiveSimId"},"కు మార్చు. సిమ్ ",{"t":"idOrVar","v":"activeSimId"},"పై ప్రస్తుత డేటా బదిలీ తాత్కాలికంగా నిలిపివేయబడుతుంది. ఏమైనప్పటికీ కొనసాగించాలనుకుంటున్నారా?"]},{"$i":"switchSimToRetrieveBtnOk","$v":"తర్వాత"},{"$i":"switchSimToRetrieveConfirm","$v":"సరే"},{"$i":"switchSimToSendTitle","$v":[{"t":"idOrVar","v":"switchSimToRetrieveTitle"}]},{"$i":"switchSimToSendBody","$v":["MMSను పంపడానికి డేటా కనెక్షన్‌ను సిమ్ ",{"t":"idOrVar","v":"nonActiveSimId"},"కు మార్చు. సిమ్ ",{"t":"idOrVar","v":"activeSimId"},"పై ప్రస్తుత డేటా బదిలీ తాత్కాలికంగా నిలిపివేయబడుతుంది. ఏమైనప్పటికీ కొనసాగించాలనుకుంటున్నారా?"]},{"$i":"switchSimToSendBtnOk","$v":[{"t":"idOrVar","v":"switchSimToRetrieveBtnOk"}]},{"$i":"switchSimToSendConfirm","$v":[{"t":"idOrVar","v":"switchSimToRetrieveConfirm"}]},{"$i":"sendNoSignalErrorTitle","$v":"నెట్‌వర్క్ కవరేజీ లేదు"},{"$i":"sendNoSignalErrorBody","$v":"మీకు మొబైల్ సిగ్నల్ ఉందని నిర్ధారించుకొని, ఆపై మళ్లీ ప్రయత్నించండి."},{"$i":"sendNoSignalErrorBtnOk","$v":"సరే"},{"$i":"sendNotFoundErrorTitle","$v":"సందేశం కనబడలేదు"},{"$i":"sendNotFoundErrorBody","$v":"మీరు వెతుకుతున్న సందేశం అందుబాటులో లేదు"},{"$i":"sendNotFoundErrorBtnOk","$v":"సరే"},{"$i":"sendInvalidAddressErrorTitle","$v":"చెల్లని నంబరు"},{"$i":"sendInvalidAddressErrorBody","$v":"మీరు పంపుతున్న వారి మొబైల్ నంబర్ చెల్లుబాటులో ఉందని నిర్ధారించుకోండి."},{"$i":"sendInvalidAddressErrorBtnOk","$v":"సరే"},{"$i":"simNotMatchedErrorTitle","$v":"డౌన్‌లోడ్ చేయలేకపోయింది"},{"$i":"simNotMatchedErrorBody","$v":"దయచేసి మీరు పెట్టిన సిమ్ కార్డ్ ఈ సందేశాన్ని స్వీకరించడానికి ఉపయోగించింది అని నిర్ధారించుకోండి"},{"$i":"simNotMatchedErrorBtnOk","$v":"సరే"},{"$i":"deleted-sms","$v":"ఈ సందేశం ఇప్పటికే తొలగించబడింది."},{"$i":"view-attachment-image","$v":"వీక్షించు"},{"$i":"view-attachment-audio","$v":"వినండి"},{"$i":"view-attachment-video","$v":"వీక్షించు"},{"$i":"view-attachment-other","$v":"వీక్షించు"},{"$i":"remove-attachment-image","$v":"చిత్రాన్ని తీసివేయండి"},{"$i":"remove-attachment-audio","$v":"ఆడియోను తీసివేయండి"},{"$i":"remove-attachment-video","$v":"వీడియోని తీసివేయండి"},{"$i":"remove-attachment-other","$v":"అటాచ్మెంట్ తీసివేయండి"},{"$i":"replace-attachment-image","$v":"చిత్రాన్ని భర్తీ చేయి"},{"$i":"replace-attachment-audio","$v":"ఆడియోను భర్తీ చేయి"},{"$i":"replace-attachment-video","$v":"వీడియోను భర్తీ చేయి"},{"$i":"replace-attachment-other","$v":"అటాచ్మెంట్ భర్తీ చేయి"},{"$i":"unsent-message-title","$v":"పంపించని సందేశం"},{"$i":"unsent-message-description","$v":"మీ మునుపటి సందేశం పంపబడలేదు. మీరు పంపిచని సందేశాన్ని సవరించాలనుకుంటున్నారా లేదా దాన్ని తొలగించి, కొనసాగించాలనుకుంటున్నారా?"},{"$i":"unsent-message-option-edit","$v":"సవరించు"},{"$i":"unsent-message-option-discard","$v":"విస్మరించు"},{"$i":"message-options","$v":"సందేశ ఎంపికలు"},{"$i":"select-text","$v":"టెక్స్ట్ ఎంచుకోండి"},{"$i":"mobile","$v":"మొబైల్"},{"$i":"home","$v":"హోమ్"},{"$i":"work","$v":"కార్యాలయం"},{"$i":"personal","$v":"వ్యక్తిగతం"},{"$i":"faxHome","$v":"FAX హోమ్"},{"$i":"faxOffice","$v":"FAX ఆఫీసు"},{"$i":"faxOther","$v":"ఇతర FAX"},{"$i":"another","$v":"మరొకటి"},{"$i":"other","$v":"ఇతర"},{"$i":"today","$v":"ఈరోజు"},{"$i":"yesterday","$v":"నిన్న"},{"$i":"incorrectDate","$v":"(తప్పుగా ఉన్న తేదీ)"},{"$i":"addToExistingContact","$v":"ప్రస్తుత పరిచయానికి జోడించు"},{"$i":"createNewContact","$v":"కొత్త పరిచయాన్ని సృష్టించు"},{"$i":"viewContact","$v":"పరిచయాన్ని వీక్షించు"},{"$i":"sendEmail","$v":"ఈమెయిల్ ను పంపు"},{"$i":"mms-message","$v":"MMS సందేశం"},{"$i":"notDownloaded-title","$v":"సందేశం ఇంకా డౌన్‌లోడ్ కాలేదు."},{"$i":"tobedownloaded-attachment","$v":["మీరు ఒక మల్టీమీడియా సందేశం స్వీకరించారు, ",{"t":"idOrVar","v":"date"}," లోపల దీన్ని విషయాన్ని తిరిగి పొందడానికి డౌన్‌లోడ్ నొక్కండి."]},{"$i":"expired-attachment","$v":["క్షమించండి, సందేశం ",{"t":"idOrVar","v":"date"}," న గడువు ముగిసింది మరియు డౌన్‌లోడ్ చేయడం సాధ్యపడలేదు."]},{"$i":"download-attachment","$v":"డౌన్‌లోడ్ చేయి"},{"$i":"downloading-attachment","$v":"డౌన్‌లోడ్ అవుతోంది"},{"$i":"download-complete","$v":"డౌన్లోడ్ పూర్తయింది"},{"$i":"unnamed-attachment","$v":"అన్‌టైటిల్డ్"},{"$i":"mms-label","$v":"MMS"},{"$i":"attached-files-too-large","$v":{"zero":["మీరు ఎంచుకున్న ఫైళ్లు సింగిల్ మల్టీమీడియా సందేశ ",{"t":"idOrVar","v":"mmsSize"}," KB సైజు పరిమితిని మించిపోయింది."],"one":["మీరు ఎంచుకున్న ఫైల్ సింగిల్ మల్టీమీడియా సందేశ ",{"t":"idOrVar","v":"mmsSize"}," KB సైజు పరిమితిని మించిపోయింది."],"two":["మీరు ఎంచుకున్న ఫైళ్లు సింగిల్ మల్టీమీడియా సందేశ ",{"t":"idOrVar","v":"mmsSize"}," KB సైజు పరిమితిని మించిపోయింది."],"few":["మీరు ఎంచుకున్న ఫైళ్లు సింగిల్ మల్టీమీడియా సందేశ ",{"t":"idOrVar","v":"mmsSize"}," KB సైజు పరిమితిని మించిపోయింది."],"many":["మీరు ఎంచుకున్న ఫైళ్లు సింగిల్ మల్టీమీడియా సందేశ ",{"t":"idOrVar","v":"mmsSize"}," KB సైజు పరిమితిని మించిపోయింది."],"other":["మీరు ఎంచుకున్న ఫైళ్లు సింగిల్ మల్టీమీడియా సందేశ ",{"t":"idOrVar","v":"mmsSize"}," KB సైజు పరిమితిని మించిపోయింది."]},"$x":[{"t":"idOrVar","v":"plural"},"n"]},{"$i":"resize-image","$v":"అటాచ్ చేసిన చిత్ర సైజుని మార్చుతోంది"},{"$i":"no-attachment-text","$v":"అటాచ్ చేసిన ఫైల్‌తో సమస్యగా ఉంది మరియు దీన్ని డౌన్‌లోడ్ చేయడం సాధ్యపడలేదు."},{"$i":"message-draft-saved","$v":"సందేశం డ్రాఫ్ట్‌గా సేవ్ చేయబడింది"},{"$i":"sim-id-label","$v":["సిమ్ ",{"t":"idOrVar","v":"id"}]},{"$i":"sim-detail","$v":["సిమ్ ",{"t":"idOrVar","v":"id"},", ",{"t":"idOrVar","v":"detailString"}]},{"$i":"dsds-notification-title-with-sim","$v":["(",{"t":"idOrVar","v":"sim"},") ",{"t":"idOrVar","v":"sender"}]},{"$i":"send-button","ariaLabel":"పంపు"},{"$i":"send-button-sim-indication","$v":[{"t":"idOrVar","v":"n"}],"ariaLabel":["సిమ్ ",{"t":"idOrVar","v":"n"},"ని ఉపయోగిస్తోంది"]},{"$i":"expiry-date-format","$v":"%A, %b %e"},{"$i":"attach-button","ariaLabel":"అటాచ్మెంట్ జోడించు"},{"$i":"contact-photo","ariaLabel":"పరిచయం ఫోటో"},{"$i":"unread-thread","ariaLabel":"చదవనివి"},{"$i":"has-draft","ariaLabel":"డ్రాఫ్ట్‌ ఉంది"},{"$i":"is-draft","ariaLabel":"డ్రాఫ్ట్‌"},{"$i":"message-delivery-status-sending","$v":"పంపుతోంది..."},{"$i":"message-delivery-status-delivered","ariaLabel":"డెలివరీ అయ్యింది"},{"$i":"message-delivery-status-read","ariaLabel":"చదువు"},{"$i":"message-delivery-status-error","ariaLabel":"లోపం"},{"$i":"modal-dialog-ok-button","$v":"సరే"},{"$i":"modal-dialog-cancel-button","$v":"రద్దు చేయి"},{"$i":"modal-dialog-default-title","$v":"సందేశాలు"},{"$i":"tcl-delete-message","$v":"సందేశం తొలగించబడింది"},{"$i":"tcl-sending-message-toast","$v":"సందేశాన్ని పంపుతోంది..."},{"$i":"tcl-message-converted-to-toast","$v":["సందేశం ",{"t":"idOrVar","v":"type"},"కి మార్చబడింది"]},{"$i":"tcl-message-sent-toast","$v":"సందేశం పంపబడింది"},{"$i":"tcl-deleteMessage-confirmation2","$v":"ఎంచుకున్న సందేశ థ్రెడ్‌ను తొలగించాలా?"},{"$i":"tcl-deleted-message","$v":{"zero":"0 సందేశం తొలగించబడింది","one":[{"t":"idOrVar","v":"n"}," సందేశం తొలగించబడింది"],"two":[{"t":"idOrVar","v":"n"}," సందేశాలు తొలగించబడ్డాయి"],"few":[{"t":"idOrVar","v":"n"}," సందేశాలు తొలగించబడ్డాయి"],"many":[{"t":"idOrVar","v":"n"}," సందేశాలు తొలగించబడ్డాయి"],"other":[{"t":"idOrVar","v":"n"}," సందేశాలు తొలగించబడ్డాయి"]},"$x":[{"t":"idOrVar","v":"plural"},"n"]},{"$i":"tcl-deleted-threads","$v":{"zero":"0 థ్రెడ్ తొలగించబడింది","one":"థ్రెడ్‌ తొలగించబడింది","two":[{"t":"idOrVar","v":"n"}," సందేశ థ్రెడ్‌లు తొలగించబడ్డాయి"],"few":[{"t":"idOrVar","v":"n"}," సందేశ థ్రెడ్‌లు తొలగించబడ్డాయి"],"many":[{"t":"idOrVar","v":"n"}," సందేశ థ్రెడ్‌లు తొలగించబడ్డాయి"],"other":[{"t":"idOrVar","v":"n"}," సందేశ థ్రెడ్‌లు తొలగించబడ్డాయి"]},"$x":[{"t":"idOrVar","v":"plural"},"n"]},{"$i":"tcl-simSettings","$v":"సమాచారం"},{"$i":"tcl-unknown-SMSC","$v":"సమాచారం లభ్యం కాలేదు"},{"$i":"tcl-sim1","$v":"సిమ్1 సర్వీస్ సెంటర్"},{"$i":"tcl-sim2","$v":"సిమ్2 సర్వీస్ సెంటర్"},{"$i":"tcl-auto-retrieve","$v":"స్వయం పునరుద్ధరణ"},{"$i":"tcl-wapPushMessages","$v":"WAP పుష్ సందేశాలు"},{"$i":"tcl-wapPush","$v":"WAP పుష్"},{"$i":"tcl-wap-push-on","$v":"ఆన్"},{"$i":"tcl-wap-push-off","$v":"ఆఫ్"},{"$i":"tcl-auto-retrieve-messages","$v":"స్వయం పునరుద్ధరణ సందేశాలు"},{"$i":"tcl-manual-retrieve","$v":"ఆఫ్"},{"$i":"tcl-auto-roaming-retrieve","$v":"రోమింగ్‌తో ఆన్ చేయండి"},{"$i":"tcl-auto-no-roaming-retrieve","$v":"రోమింగ్ లేకుండా ఆన్ చేయండి"},{"$i":"tcl-message-read-reports","$v":"రిపోర్ట్స్ చదువు"},{"$i":"tcl-read-reports-on","$v":"ఆన్"},{"$i":"tcl-read-reports-off","$v":"ఆఫ్"},{"$i":"tcl-mmsTitle","$v":"మల్టీమీడియా సందేశం (MMS)"},{"$i":"tcl-message-delivery-reports","$v":"డెలివరీ నివేదికలు"},{"$i":"tcl-delivery-reports-on","$v":"ఆన్"},{"$i":"tcl-delivery-reports-off","$v":"ఆఫ్"},{"$i":"tcl-message-confirmation","$v":"సందేశ నిర్ధారణ"},{"$i":"tcl-messageReport-title","$v":"సందేశ వివరాలు"},{"$i":"tcl-mms-label","$v":"MMS"},{"$i":"tcl-sms-label","$v":"SMS"},{"$i":"tcl-messaging-settings","$v":"సందేశ సెట్టింగ్స్"},{"$i":"tcl-messagingSettings-header","$v":[{"t":"idOrVar","v":"tcl-messaging-settings"}]},{"$i":"tcl-confirmation-title","$v":"నిర్ధారణ"},{"$i":"tcl-draft-save-content","$v":"డ్రాఫ్ట్ వలె సేవ్ చేయాలా?"},{"$i":"tcl-draft-discard-content","$v":"సందేశం తీసివేయబడింది"},{"$i":"tcl-switch-on","$v":"ఆన్"},{"$i":"tcl-switch-off","$v":"ఆఫ్"},{"$i":"tcl-delivery-report-desc","$v":"పంపబడిన ప్రతి సందేశానికి డెలివరీ నోటిఫికేషన్‌ను అభ్యర్థించు"},{"$i":"tcl-read-report-desc","$v":"పంపబడిన ప్రతి సందేశానికి చదివిన రిపోర్ట్‌ను అభ్యర్థించు"},{"$i":"tcl-auto-retrieve-desc","$v":"సందేశాలను స్వయంగా తిరిగి పొందుతుంది"},{"$i":"tcl-confirm-dialog-ok","$v":"సరే"},{"$i":"tcl-yes","$v":"సరే"},{"$i":"tcl-no","$v":"లేదు"},{"$i":"tcl-delete-current-thread?","$v":"ఎంచుకున్న సందేశ థ్రెడ్‌ను తొలగించాలా?"},{"$i":"tcl-attention","$v":"గమనిక"},{"$i":"tcl-options","$v":"ఎంపికలు"},{"$i":"send-failed","$v":"పంపడం విఫలమైంది."},{"$i":"subject-removed","$v":"విషయం తీసివేయబడింది."},{"$i":"media-storage-limit-alert-title","$v":"స్టోరేజ్ నిండింది"},{"$i":"media-storage-limit-alert-body","$v":"మీరు మరింత ఖాళీ స్థలాన్ని పొందడానికి కొన్ని మీడియా ఫైల్లను తొలగించవచ్చు లేదా యాప్ డేటాను నిర్వహించవచ్చు."},{"$i":"media-storage-limit-alert-cancel","$v":"రద్దు చేయి"},{"$i":"media-storage-limit-alert-setting","$v":"సెట్టింగ్స్‌కి వెళ్ళండి"},{"$i":"email","$v":"ఈమెయిల్‌"},{"$i":"go","$v":"వెళ్లు"},{"$i":"weekday-0-long","$v":"ఆదివారం"},{"$i":"weekday-1-long","$v":"సోమవారం"},{"$i":"weekday-2-long","$v":"మంగళవారం"},{"$i":"weekday-3-long","$v":"బుధవారం"},{"$i":"weekday-4-long","$v":"గురువారం"},{"$i":"weekday-5-long","$v":"శుక్రవారం"},{"$i":"weekday-6-long","$v":"శనివారం"},{"$i":"weekday-0-short","$v":"ఆది"},{"$i":"weekday-1-short","$v":"సోమ"},{"$i":"weekday-2-short","$v":"మంగళ"},{"$i":"weekday-3-short","$v":"బుధ"},{"$i":"weekday-4-short","$v":"గురు"},{"$i":"weekday-5-short","$v":"శుక్ర"},{"$i":"weekday-6-short","$v":"శని"},{"$i":"month-0-long","$v":"జనవరి"},{"$i":"month-1-long","$v":"ఫిబ్రవరి"},{"$i":"month-2-long","$v":"మార్చి"},{"$i":"month-3-long","$v":"ఏప్రిల్"},{"$i":"month-4-long","$v":"మే"},{"$i":"month-5-long","$v":"జూన్"},{"$i":"month-6-long","$v":"జూలై"},{"$i":"month-7-long","$v":"ఆగష్టు"},{"$i":"month-8-long","$v":"సెప్టెంబరు"},{"$i":"month-9-long","$v":"అక్టోబర్"},{"$i":"month-10-long","$v":"నవంబర్"},{"$i":"month-11-long","$v":"డిసెంబర్"},{"$i":"month-0-genitive","$v":"జనవరి"},{"$i":"month-1-genitive","$v":"ఫిబ్రవరి"},{"$i":"month-2-genitive","$v":"మార్చి"},{"$i":"month-3-genitive","$v":"ఏప్రిల్"},{"$i":"month-4-genitive","$v":"మే"},{"$i":"month-5-genitive","$v":"జూన్"},{"$i":"month-6-genitive","$v":"జూలై"},{"$i":"month-7-genitive","$v":"ఆగష్టు"},{"$i":"month-8-genitive","$v":"సెప్టెంబరు"},{"$i":"month-9-genitive","$v":"అక్టోబర్"},{"$i":"month-10-genitive","$v":"నవంబర్"},{"$i":"month-11-genitive","$v":"డిసెంబర్"},{"$i":"month-0-short","$v":"జనవరి"},{"$i":"month-1-short","$v":"ఫిబ్రవరి"},{"$i":"month-2-short","$v":"మార్చి"},{"$i":"month-3-short","$v":"ఏప్రిల్"},{"$i":"month-4-short","$v":"మే"},{"$i":"month-5-short","$v":"జూన్"},{"$i":"month-6-short","$v":"జూలై"},{"$i":"month-7-short","$v":"ఆగష్టు"},{"$i":"month-8-short","$v":"సెప్టెంబరు"},{"$i":"month-9-short","$v":"అక్టోబర్"},{"$i":"month-10-short","$v":"నవంబర్"},{"$i":"month-11-short","$v":"డిసెంబర్"},{"$i":"minutes-ago-long","$v":{"zero":"ఇప్పుడే","one":"నిమిషం క్రితం","two":[{"t":"idOrVar","v":"value"}," నిమిషాల క్రితం"],"few":[{"t":"idOrVar","v":"value"}," నిమిషాల క్రితం"],"many":[{"t":"idOrVar","v":"value"}," నిమిషాల క్రితం"],"other":[{"t":"idOrVar","v":"value"}," నిమిషాల క్రితం"]},"$x":[{"t":"idOrVar","v":"plural"},"value"]},{"$i":"hours-ago-long","$v":{"zero":"ఇప్పుడే","one":"గంట క్రితం","two":[{"t":"idOrVar","v":"value"}," గంటల క్రితం"],"few":[{"t":"idOrVar","v":"value"}," గంటల క్రితం"],"many":[{"t":"idOrVar","v":"value"}," గంటల క్రితం"],"other":[{"t":"idOrVar","v":"value"}," గంటల క్రితం"]},"$x":[{"t":"idOrVar","v":"plural"},"value"]},{"$i":"days-ago-long","$v":{"zero":"ఈరోజు","one":"నిన్న","two":[{"t":"idOrVar","v":"value"}," రోజుల క్రితం"],"few":[{"t":"idOrVar","v":"value"}," రోజుల క్రితం"],"many":[{"t":"idOrVar","v":"value"}," రోజుల క్రితం"],"other":[{"t":"idOrVar","v":"value"}," రోజుల క్రితం"]},"$x":[{"t":"idOrVar","v":"plural"},"value"]},{"$i":"weeks-ago-long","$v":{"zero":"ఈ వారం","one":"గత వారం","two":[{"t":"idOrVar","v":"value"}," వారాల క్రితం"],"few":[{"t":"idOrVar","v":"value"}," వారాల క్రితం"],"many":[{"t":"idOrVar","v":"value"}," వారాల క్రితం"],"other":[{"t":"idOrVar","v":"value"}," వారాల క్రితం"]},"$x":[{"t":"idOrVar","v":"plural"},"value"]},{"$i":"months-ago-long","$v":{"zero":"ఈ నెల","one":"గత నెల","two":[{"t":"idOrVar","v":"value"}," నెలల క్రితం"],"few":[{"t":"idOrVar","v":"value"}," నెలల క్రితం"],"many":[{"t":"idOrVar","v":"value"}," నెలల క్రితం"],"other":[{"t":"idOrVar","v":"value"}," నెలల క్రితం"]},"$x":[{"t":"idOrVar","v":"plural"},"value"]},{"$i":"years-ago-long","$v":{"zero":"ఈ సంవత్సరం","one":"గత సంవత్సరం","two":[{"t":"idOrVar","v":"value"}," సంవత్సరాల క్రితం"],"few":[{"t":"idOrVar","v":"value"}," సంవత్సరాల క్రితం"],"many":[{"t":"idOrVar","v":"value"}," సంవత్సరాల క్రితం"],"other":[{"t":"idOrVar","v":"value"}," సంవత్సరాల క్రితం"]},"$x":[{"t":"idOrVar","v":"plural"},"value"]},{"$i":"minutes-until-long","$v":{"zero":"ఇప్పుడు","one":"నిమిషంలో","two":[{"t":"idOrVar","v":"value"}," నిమిషాల్లో"],"few":[{"t":"idOrVar","v":"value"}," నిమిషాల్లో"],"many":[{"t":"idOrVar","v":"value"}," నిమిషాల్లో"],"other":[{"t":"idOrVar","v":"value"}," నిమిషాల్లో"]},"$x":[{"t":"idOrVar","v":"plural"},"value"]},{"$i":"hours-until-long","$v":{"zero":"ఇప్పుడు","one":"గంటలో","two":[{"t":"idOrVar","v":"value"}," గంటల్లో"],"few":[{"t":"idOrVar","v":"value"}," గంటల్లో"],"many":[{"t":"idOrVar","v":"value"}," గంటల్లో"],"other":[{"t":"idOrVar","v":"value"}," గంటల్లో"]},"$x":[{"t":"idOrVar","v":"plural"},"value"]},{"$i":"days-until-long","$v":{"zero":"ఈరోజు","one":"రేపు","two":[{"t":"idOrVar","v":"value"}," రోజుల్లో"],"few":[{"t":"idOrVar","v":"value"}," రోజుల్లో"],"many":[{"t":"idOrVar","v":"value"}," రోజుల్లో"],"other":[{"t":"idOrVar","v":"value"}," రోజుల్లో"]},"$x":[{"t":"idOrVar","v":"plural"},"value"]},{"$i":"weeks-until-long","$v":{"zero":"ఈ వారం","one":"తదుపరి వారం","two":[{"t":"idOrVar","v":"value"}," వారాల్లో"],"few":[{"t":"idOrVar","v":"value"}," వారాల్లో"],"many":[{"t":"idOrVar","v":"value"}," వారాల్లో"],"other":[{"t":"idOrVar","v":"value"}," వారాల్లో"]},"$x":[{"t":"idOrVar","v":"plural"},"value"]},{"$i":"months-until-long","$v":{"zero":"ఈ నెల","one":"తదుపరి నెల","two":[{"t":"idOrVar","v":"value"}," నెలల్లో"],"few":[{"t":"idOrVar","v":"value"}," నెలల్లో"],"many":[{"t":"idOrVar","v":"value"}," నెలల్లో"],"other":[{"t":"idOrVar","v":"value"}," నెలల్లో"]},"$x":[{"t":"idOrVar","v":"plural"},"value"]},{"$i":"years-until-long","$v":{"zero":"ఈ సంవత్సరం","one":"తదుపరి సంవత్సరం","two":"{value}} సంవత్సరాల్లో","few":"{value}} సంవత్సరాల్లో","many":"{value}} సంవత్సరాల్లో","other":"{value}} సంవత్సరాల్లో"},"$x":[{"t":"idOrVar","v":"plural"},"value"]},{"$i":"minutes-ago-short","$v":{"zero":"ఇప్పుడే","other":[{"t":"idOrVar","v":"value"},"నిమిషం క్రితం"]},"$x":[{"t":"idOrVar","v":"plural"},"value"]},{"$i":"hours-ago-short","$v":{"zero":"ఇప్పుడే","other":[{"t":"idOrVar","v":"value"},"గంట క్రితం"]},"$x":[{"t":"idOrVar","v":"plural"},"value"]},{"$i":"days-ago-short","$v":{"zero":"ఈరోజు","other":[{"t":"idOrVar","v":"value"},"రోజు క్రితం"]},"$x":[{"t":"idOrVar","v":"plural"},"value"]},{"$i":"minutes-until-short","$v":{"zero":"ఇప్పుడు","other":[{"t":"idOrVar","v":"value"},"నిమిషాల్లో"]},"$x":[{"t":"idOrVar","v":"plural"},"value"]},{"$i":"hours-until-short","$v":{"zero":"ఇప్పుడు","other":[{"t":"idOrVar","v":"value"},"గంటలో"]},"$x":[{"t":"idOrVar","v":"plural"},"value"]},{"$i":"days-until-short","$v":{"zero":"ఈరోజు","other":[{"t":"idOrVar","v":"value"},"తేదీలో"]},"$x":[{"t":"idOrVar","v":"plural"},"value"]},{"$i":"dateTimeFormat_%c","$v":"%a %b %e %Y %I:%M:%S %p"},{"$i":"dateTimeFormat_%x","$v":"%m/%d/%Y"},{"$i":"dateTimeFormat_%X","$v":"%I:%M:%S %p"},{"$i":"shortTimeFormat","$v":"%I:%M %p"},{"$i":"shortTimeFormat12","$v":"%I:%M %p"},{"$i":"shortTimeFormat24","$v":"%H:%M"},{"$i":"shortDateTimeFormat","$v":"%x %I:%M %p"},{"$i":"weekStartsOnMonday","$v":"0"},{"$i":"firstDayOfTheWeek","$v":"0"},{"$i":"time_am","$v":"AM"},{"$i":"time_pm","$v":"PM"},{"$i":"softkey-options","$v":"ఎంపికలు"},{"$i":"emergencyNumber","$v":"అత్యవసర నంబర్"},{"$i":"callAirplaneModeMessage","$v":"ఫోన్ కాల్ చేయడానికి మీరు సెట్టింగ్స్ ‌లలోని ఎయిర్‌ప్లేన్ మోడ్‌ను నిలిపివేయాలి."},{"$i":"callAirplaneModeBtnOk","$v":"సరే"},{"$i":"callAirplaneModeTitle","$v":"ఎయిర్‌ప్లేన్ మోడ్ యాక్టివేట్ అయ్యింది"},{"$i":"numberIsBusyTitle","$v":"నంబర్ బిజీగా ఉంది"},{"$i":"numberIsBusyMessage","$v":"ప్రస్తుతం నంబర్ బిజీగా ఉంది. దయచేసి తర్వాత  మరలా ప్రయత్నించండి."},{"$i":"fdnIsActiveTitle","$v":"FDN సక్రియపరుచు"},{"$i":"fdnIsActiveMessage","$v":["FDN (ఫిక్స్డ్ డయలింగ్ నంబర్‌లు) యాక్టివేట్ అయ్యింది మరియు క్రింది నంబర్ మీ FDN లిస్టులో లేదు: ",{"t":"idOrVar","v":"number"}]},{"$i":"emergencyDialogBodyBadNumber","$v":"ఫోన్ కాల్ చేయడానికి, ఫోన్ తప్పనిసరిగా నెట్‌వర్క్‌కు కనెక్ట్ అయ్యి ఉండాలి."},{"$i":"emergencyDialogBodyDeviceNotAccepted","$v":"నెట్‌వర్క్ ద్వారా అత్యవసర కాల్‌లు అనుమతించబడవు."},{"$i":"emergencyDialogBtnOk","$v":"సరే"},{"$i":"emergencyDialogTitle","$v":"నెట్వర్క్ కనెక్షన్ లేదు"},{"$i":"invalidNumberToDialTitle","$v":"చెల్లని ఫోన్ నంబర్"},{"$i":"invalidNumberToDialMessage","$v":"మీరు కాల్ చేస్తున్న ఫోన్ నంబర్ సరైనది కాదు."},{"$i":"unableToCallTitle","$v":"ఇప్పుడు ఫోన్ కాల్ చేయలేకపోయింది"},{"$i":"unableToCallMessage","$v":"కాల్ చేయలేరు. మీరు ఇప్పటికే డయల్ చేస్తున్నట్లయితే దయచేసి ముందుగా దాన్ని ఆపివేయండి."},{"$i":"otherConnectionInUseTitle","$v":"ఇతర కనెక్షన్ వినియోగంలో ఉంది"},{"$i":"otherConnectionInUseMessage","$v":"మరొక కనెక్షన్‌లో మీకు కాల్ సక్రియంగా ఉంది. మీరు ఒక సమయంలో కేవలం ఒక కనెక్షన్‌ను ఉపయోగించవచ్చు."},{"$i":"connectingEllipsis","$v":"కనెక్ట్ చేస్తోంది..."}]