[{"$i":"messages","$v":"रादाब"},{"$i":"deleteMessages-title","$v":"सायख'"},{"$i":"selectThreads-title","$v":"सायख'"},{"$i":"edit","$v":"इडिट खालाम"},{"$i":"back","$v":"उनफिन"},{"$i":"cancel","$v":"दान"},{"$i":"undo","$v":"आन्डु खालाम"},{"$i":"done","$v":"मावफुंबाय"},{"$i":"delete","$v":"दान"},{"$i":"deleting-messages","$v":"खोमोरबाय थादों …"},{"$i":"select-all","$v":"गासैखौबो सायख'"},{"$i":"deselect-all","$v":"गासैखौबो सायख'नाङा"},{"$i":"selected-threads","$v":{"zero":"0 सायख'जाबाय","one":[{"t":"idOrVar","v":"n"}," सायखजाबाय"],"two":[{"t":"idOrVar","v":"n"}," सायखजाबाय"],"few":[{"t":"idOrVar","v":"n"}," सायखजाबाय"],"many":[{"t":"idOrVar","v":"n"}," सायखजाबाय"],"other":[{"t":"idOrVar","v":"n"}," सायखजाबाय"]},"$x":[{"t":"idOrVar","v":"plural"},"n"]},{"$i":"selected-messages","$v":{"zero":"0 सायख'जाबाय","one":[{"t":"idOrVar","v":"n"}," सायखजाबाय"],"two":[{"t":"idOrVar","v":"n"}," सायखजाबाय"],"few":[{"t":"idOrVar","v":"n"}," सायखजाबाय"],"many":[{"t":"idOrVar","v":"n"}," सायखजाबाय"],"other":[{"t":"idOrVar","v":"n"}," सायखजाबाय"]},"$x":[{"t":"idOrVar","v":"plural"},"n"]},{"$i":"selectThreads-label","$v":"थ्रेडफोरखौ सायख'"},{"$i":"selectMessages-label","$v":"मेसेजफोरखौ सायख'"},{"$i":"new-message","$v":"गोदान खौरां"},{"$i":"delete-thread","$v":"थ्रेडखौ खोमोर"},{"$i":"create-new-contact","$v":"गोदान कनटेक्ट खुलि"},{"$i":"add-to-contact","$v":"मोनसे थाखानाय कनटेक्ट महरै दाजाब"},{"$i":"select-thread","$v":"थ्रेडखौ सायख'"},{"$i":"settings","$v":"चेटिंफोर"},{"$i":"select","$v":"सायख'"},{"$i":"sk-save-as-draft","$v":"ड्राफ्ट महरै सेफ खालाम"},{"$i":"send","$v":"दैथाइहर"},{"$i":"add-contact","$v":"जगाजग सरजाब"},{"$i":"add-suggestion","$v":"सरजाब"},{"$i":"add-subject","$v":"आयदा दाजाब"},{"$i":"remove-subject","$v":"आयदाखौ बोखार"},{"$i":"add-attachment","$v":"Attachment दाजाब"},{"$i":"remove-attachment","$v":"दाजाबदेरनायखौ बोखार"},{"$i":"replace-attachment","$v":"दाजाबदेरनायखौ सोलाय"},{"$i":"select-messages","$v":"मेसेजफोरखौ सायख'"},{"$i":"call","$v":"कल खालाम"},{"$i":"forward","$v":"बारहो हर"},{"$i":"view-message-report","$v":"रादाबनि गुदि खिथाखौ दिन्थि"},{"$i":"resend-message","$v":"बे रादाबखौ दैथायहरफिन"},{"$i":"cancel-view-report","$v":"दान"},{"$i":"ok","$v":"जागोन"},{"$i":"enter","$v":"Enter"},{"$i":"open","$v":"खुलि"},{"$i":"to","$v":"सिम"},{"$i":"new","$v":"गोदान"},{"$i":"message","$v":"रादाब"},{"$i":"messagesInput_placeholder","$v":"रादाब"},{"$i":"messagesSubjectInput_placeholder","$v":"आयदा"},{"$i":"converted-to-mms","$v":"मालटिमेडिया रादाबफोराव बारस्लायहोगासिनो दङ।"},{"$i":"converted-to-sms","$v":"टेक्स रादाबाव बारस्लायहोगासिनो दङ।"},{"$i":"messages-max-length-text","$v":"नोंथाङा गोलावथिनि सिमाखौ बारबाय।"},{"$i":"messages-max-subject-length-text","$v":"आयदानि गोलावथियाव सहैबाय।"},{"$i":"multimedia-message-exceeded-max-length","$v":["नोंथाङा मोनसे मालटिमेडिया ",{"t":"idOrVar","v":"mmsSize"}," KB महरनि सिमा बारबाय। सरजाबदेरनायखौ बोखार एबा रादाबखौ दैथाइहरनो थाखाय फारिलाइ खालाम।"]},{"$i":"newMessage","$v":"गोदान खौरां"},{"$i":"sendMessage","$v":"मेसेज दैथाय"},{"$i":"sendMMSToEmail","$v":"मालटिमेडिया मेसेज दैथाय"},{"$i":"no-recipient","$v":"(आजावग्रा गैया)"},{"$i":"recipient","$v":{"one":[{"t":"idOrVar","v":"n"}," नाजावग्रा"],"two":[{"t":"idOrVar","v":"n"}," नाजावग्राफोर"],"few":[{"t":"idOrVar","v":"n"}," नाजावग्राफोर"],"many":[{"t":"idOrVar","v":"n"}," नाजावग्राफोर"],"other":[{"t":"idOrVar","v":"n"}," नाजावग्राफोर"]},"$x":[{"t":"idOrVar","v":"plural"},"n"]},{"$i":"attachmentSizeB","$v":[{"t":"idOrVar","v":"n"}," B"]},{"$i":"attachmentSizeKB","$v":[{"t":"idOrVar","v":"n"}," KB"]},{"$i":"attachmentSizeMB","$v":[{"t":"idOrVar","v":"n"}," MB"]},{"$i":"attachmentOpenError","$v":"बे फाइलखौ खुलिनायनि जेबो एप्लिकेसन गैया।"},{"$i":"remove","$v":"बोखार"},{"$i":"participant","$v":{"one":[{"t":"idOrVar","v":"n"}," बाहागो लागिरि"],"two":[{"t":"idOrVar","v":"n"}," बाहागो लागिरिफोर"],"few":[{"t":"idOrVar","v":"n"}," बाहागो लागिरिफोर"],"many":[{"t":"idOrVar","v":"n"}," बाहागो लागिरिफोर"],"other":[{"t":"idOrVar","v":"n"}," बाहागो लागिरिफोर"]},"$x":[{"t":"idOrVar","v":"plural"},"n"]},{"$i":"message-report","$v":"खौरांखौ मिथि हो"},{"$i":"message-type-sms","$v":"तेकस्त मेसेज (SMS)"},{"$i":"message-type-mms","$v":"जुथुम बिजों रादाब (MMS)"},{"$i":"sms-report-description","$v":["नोंथांनि टेक्स मेसेज (SMS), खौ ",{"t":"idOrVar","v":"datetime"}," आव दैथायहरबाय"]},{"$i":"mms-report-description","$v":["नोंथांनि मालटि मेडिया मेसेज (MMS), आयदा ",{"t":"idOrVar","v":"subject"},", खौ ",{"t":"idOrVar","v":"datetime"}," आव दैथायहरबाय"]},{"$i":"mms-no-subject-report-description","$v":["नोंथांनि मालटि मेडिया मेसेज (MMS), खौ ",{"t":"idOrVar","v":"datetime"}," आव दैथायहरबाय"]},{"$i":"message-subject","$v":"आयदा:"},{"$i":"report-status-error","$v":"खौराङा दैथाय जायाखिसै"},{"$i":"report-status-not-downloaded","$v":"डाउनलड खालामजायाखै"},{"$i":"report-status-delivered","$v":"सहैबाय:"},{"$i":"report-status-read","$v":"फराय:"},{"$i":"report-status-pending","$v":"खावलायनायखौ फोरमायथि"},{"$i":"report-status-rejected","$v":"खौरांखौ नेवसिबाय"},{"$i":"message-size-was","$v":"रादाबनि महर:"},{"$i":"report-dateTimeFormat12","$v":["%e %B %Y, ",{"t":"idOrVar","v":"shortTimeFormat12"}]},{"$i":"report-dateTimeFormat24","$v":["%e %B %Y, ",{"t":"idOrVar","v":"shortTimeFormat24"}]},{"$i":"report-to-title","$v":"सिम"},{"$i":"report-from-title","$v":"निफ्राय"},{"$i":"message-sent","$v":"दैथाइ:"},{"$i":"message-sending","$v":[{"t":"idOrVar","v":"message-delivery-status-sending"}]},{"$i":"message-received","$v":"आजावबाय:"},{"$i":"message-via","$v":"जानानै:"},{"$i":"message-resend","$v":"दैथायहरफिन"},{"$i":"search","$v":"नागिर"},{"$i":"unknown-contact-title","$v":"मिथिमोनि जगाजग"},{"$i":"phone-type-separator","$v":", "},{"$i":"phone-carrier-separator","$v":" "},{"$i":"thread-participant-separator","$v":", "},{"$i":"replace-draft","$v":"जोरनानै थानाय ड्राफ्टखौ सोलाय"},{"$i":"save-as-draft","$v":"चेब खालाम"},{"$i":"discard-message","$v":"खोमोर"},{"$i":"discard-sms","$v":"नोंथाङा थारैनो बे रादाबखौ दाननो लुबैयो नामा?"},{"$i":"discard-new-message","$v":"नोंथाङा जथायनाय रादाबखौ दाननानै आरो गोदान मोनसे रादाब खुलिनो नामा?"},{"$i":"resend-confirmation","$v":"रादाबा दैथायहरजानाय नंलिया। नाजाफिननो?"},{"$i":"deleteMessage-confirmation","$v":"सायखजानाय रादाबखौ दानगारनो नामा?"},{"$i":"deleteMessages-confirmation","$v":"सायखजानाय रादाबखौ दानगारनो नामा?"},{"$i":"deleteThreads-confirmation2","$v":{"one":"सायखजानाय रादाबनि लामाखौ दानगारनो नामा?","other":"सायखजानाय रादाबनि लामाखौ दानगारनो नामा?"},"$x":[{"t":"idOrVar","v":"plural"},"n"]},{"$i":"new-message-notice-text","$v":"गोदान खौरांनिफ्राय"},{"$i":"new-message-notice-a-text","$v":"बेखौ फराय"},{"$i":"noMessages-title","$v":"रादाबफोरगैया"},{"$i":"noMessages-text","$v":"जगाजग खालामनायखौ जागायनो थाखाय गोदान रादाबाव थुना हो।"},{"$i":"sendDefaultErrorTitle","$v":"रादाबा दैथाय हरजायाखै।"},{"$i":"sendDefaultErrorBody","$v":"रादाब दैथाइहरनायाव मोनसे जेंना नुजाथिदोंमोन। अननानै आरोबाव नाजा।"},{"$i":"sendDefaultErrorBtnOk","$v":"जागोन"},{"$i":"sendMissingSimCardTitle","$v":"सिम गोमादों"},{"$i":"sendMissingSimCardBody","$v":"फारियै थांबाय थानो थाखाय मोनसे उदायनाय SIM कार्ड सो।"},{"$i":"sendMissingSimCardBtnOk","$v":"जागोन"},{"$i":"sendFlightModeTitle","$v":"बिरखं मोद एकटिभेट खालामनाय जाबाय"},{"$i":"sendFlightModeBody","$v":"रादाबफोरखौ दाथाइहरनो थाखाय बिरखं मडखौ बान्द' खालाम।"},{"$i":"sendFlightModeBtnOk","$v":"जागोन"},{"$i":"radioDisabledToDownloadTitle","$v":[{"t":"idOrVar","v":"sendFlightModeTitle"}]},{"$i":"radioDisabledToDownloadBody","$v":"सरजाबदेरनायफोरखौ डाउनलड खालामनो थाखाय बिरखं मडखौ बान्द' खालाम।"},{"$i":"radioDisabledToDownloadBtnOk","$v":[{"t":"idOrVar","v":"sendFlightModeBtnOk"}]},{"$i":"fdnErrorTitle","$v":"FDN गोख्रों जाबाय"},{"$i":"needConnectWifiBody","$v":"चेलुलार नेटवार्क दङ। रादाब हरनायनि थाखाय वाइ-फाइ नेटवार्कजों फोनांजाब।"},{"$i":"needConnectWifiTitle","$v":"रादाबा दैथाय हरजायाखै।"},{"$i":"sms-counter-notice-label","$v":["SMSखौ इडिट खालाम ",{"t":"idOrVar","v":"number"}]},{"$i":"fdnErrorBody","innerHTML":{"$x":[{"t":"idOrVar","v":"plural"},"n"],"$v":{"one":"FDN (थि डाइलिं नामबारफोर) आ एक्टिभेड जाबाय। SMS नि मिरु आरो गाहायाव होनाय नाजावग्राफोरा नोंथांनि FDN फारिलायाव दंना गैया रोखा जाना ला:","two":"FDN (थि डाइलिं नामबारफोर) आ एक्टिभेड जाबाय। SMS नि मिरु आरो गाहायाव होनाय नाजावग्राफोरा नोंथांनि FDN फारिलायाव दंना गैया रोखा जाना ला:","few":"FDN (थि डाइलिं नामबारफोर) आ एक्टिभेड जाबाय। SMS नि मिरु आरो गाहायाव होनाय नाजावग्राफोरा नोंथांनि FDN फारिलायाव दंना गैया रोखा जाना ला:","many":"FDN (थि डाइलिं नामबारफोर) आ एक्टिभेड जाबाय। SMS नि मिरु आरो गाहायाव होनाय नाजावग्राफोरा नोंथांनि FDN फारिलायाव दंना गैया रोखा जाना ला:","other":"FDN (थि डाइलिं नामबारफोर) आ एक्टिभेड जाबाय। SMS नि मिरु आरो गाहायाव होनाय नाजावग्राफोरा नोंथांनि FDN फारिलायाव दंना गैया रोखा जाना ला:"}}},{"$i":"fdnErrorBtnOk","$v":"जागोन"},{"$i":"switchSimToRetrieveTitle","$v":"देता कानेकसनखौ स्वित्स खालाम"},{"$i":"switchSimToRetrieveBody","$v":["MMS खौ बोखांफिननो थाखाय SIM ",{"t":"idOrVar","v":"nonActiveSimId"}," जों डेता फोनांजाबनो थाखाय सुइस हो। SIM ",{"t":"idOrVar","v":"activeSimId"}," नि सोलिफु डेता बारस्लायहोनाया दोनथ'जासिगोन। जेरैखि जाया सोलिलांहोबाय थानो नामा?"]},{"$i":"switchSimToRetrieveBtnOk","$v":"उनाव"},{"$i":"switchSimToRetrieveConfirm","$v":"जागोन"},{"$i":"switchSimToSendTitle","$v":[{"t":"idOrVar","v":"switchSimToRetrieveTitle"}]},{"$i":"switchSimToSendBody","$v":["MMS खौ दैथाइहरनो थाखाय SIM ",{"t":"idOrVar","v":"nonActiveSimId"}," जों डेता फोनांजाबनो थाखाय सुइस हो। SIM ",{"t":"idOrVar","v":"activeSimId"}," नि सोलिफु डेता बारस्लायहोनाया दोनथ'जासिगोन। जेरैखि जाया सोलिलांहोबाय थानो नामा?"]},{"$i":"switchSimToSendBtnOk","$v":[{"t":"idOrVar","v":"switchSimToRetrieveBtnOk"}]},{"$i":"switchSimToSendConfirm","$v":[{"t":"idOrVar","v":"switchSimToRetrieveConfirm"}]},{"$i":"sendNoSignalErrorTitle","$v":"जेखननि बायजोआव"},{"$i":"sendNoSignalErrorBody","$v":"नोंथांनियाव मबाइल सिगनेल दंना गैया रोखा जाना ला आरो बेनि उनाव नाजाफिन।"},{"$i":"sendNoSignalErrorBtnOk","$v":"जागोन"},{"$i":"sendNotFoundErrorTitle","$v":"खौरां मोनाखै"},{"$i":"sendNotFoundErrorBody","$v":"नोंथाङा नागिरनाय रादाबा बारा गोबाव सम थालिया।"},{"$i":"sendNotFoundErrorBtnOk","$v":"जागोन"},{"$i":"sendInvalidAddressErrorTitle","$v":"इनभेलिड नाम्बार"},{"$i":"sendInvalidAddressErrorBody","$v":"नोंथाङा दैथाइहरनाय मबाइल नामबारा सोलियोना सोलिया रोखा जाना ला।"},{"$i":"sendInvalidAddressErrorBtnOk","$v":"जागोन"},{"$i":"simNotMatchedErrorTitle","$v":"डाउनलड खालामनो हायाखै"},{"$i":"simNotMatchedErrorBody","$v":"रोखा जाना दि सोनाय SIM कार्डआनो बे रादाबखौ मोनोमोन।"},{"$i":"simNotMatchedErrorBtnOk","$v":"जागोन"},{"$i":"deleted-sms","$v":"बे रादाबा दानगारजाखांखाबाय।"},{"$i":"view-attachment-image","$v":"नाय"},{"$i":"view-attachment-audio","$v":"खोनासं"},{"$i":"view-attachment-video","$v":"नाय"},{"$i":"view-attachment-other","$v":"नाय"},{"$i":"remove-attachment-image","$v":"इमेजखौ बोखार"},{"$i":"remove-attachment-audio","$v":"अडिअखौ बोखार"},{"$i":"remove-attachment-video","$v":"भिडिअ’खौ बोखार"},{"$i":"remove-attachment-other","$v":"दाजाबदेरनायखौ बोखार"},{"$i":"replace-attachment-image","$v":"इमेजखौ सोलाय"},{"$i":"replace-attachment-audio","$v":"अडिअखौ सोलाय"},{"$i":"replace-attachment-video","$v":"भिडिअखौ सोलाय"},{"$i":"replace-attachment-other","$v":"दाजाबदेरनायखौ सोलाय"},{"$i":"unsent-message-title","$v":"दैथाइहरजायि रादाब"},{"$i":"unsent-message-description","$v":"नोंथांनि सिगांनि रादाबा दैथाइहरजायाखै। नोंथाङा दैथाइहरजायि रादाबफोरखौ इडिट खालामनो सानो एबा बेखौ दानगारना सोलिहोलांबाय थानो सानो नामा?"},{"$i":"unsent-message-option-edit","$v":"इडिट खालाम"},{"$i":"unsent-message-option-discard","$v":"खोमोर"},{"$i":"message-options","$v":"रादाब सायख’ राहाफोर"},{"$i":"select-text","$v":"टेक्सखौ सेलेक्ट खालाम"},{"$i":"mobile","$v":"मबाइल"},{"$i":"home","$v":"हम"},{"$i":"work","$v":"वार्क"},{"$i":"personal","$v":"गावारि"},{"$i":"faxHome","$v":"फेक्स हम"},{"$i":"faxOffice","$v":"फेक्स अफिस"},{"$i":"faxOther","$v":"गुबुन फेक्स खालाम"},{"$i":"another","$v":"गुबुन"},{"$i":"other","$v":"गुबुन"},{"$i":"today","$v":"दिनै"},{"$i":"yesterday","$v":"मैया"},{"$i":"incorrectDate","$v":"(गोरोनथि अक्त)"},{"$i":"addToExistingContact","$v":"मोनसे थाखानाय कनटेक्ट महरै दाजाब"},{"$i":"createNewContact","$v":"गोदान कनटेक्ट खुलि"},{"$i":"viewContact","$v":"जगाजगखौ दिन्थि"},{"$i":"sendEmail","$v":"इमेइल दैथाय"},{"$i":"mms-message","$v":"MMS खौरां"},{"$i":"notDownloaded-title","$v":"रादाबा दासिमबो डाउनलड जायाखै।"},{"$i":"tobedownloaded-attachment","$v":"नों मोनसे मालटिमेडिया मेसेज मोनबाय, जोबथा अक्तनि सिगाङाव बे गुदिखौ मोनफिननो डाउनलड खालाम ।"},{"$i":"expired-attachment","$v":["निमाहा हो, रादाबफोरा ",{"t":"idOrVar","v":"date"}," आव मेड थांबाय आरो बेखौ डाउनलड खालामनो हालिया।"]},{"$i":"download-attachment","$v":"डाउनलड"},{"$i":"downloading-attachment","$v":"डाउनलड जाबाय थादों …"},{"$i":"download-complete","$v":"डाउनलडा जोबबाय"},{"$i":"unnamed-attachment","$v":"बिमुं गैयै"},{"$i":"mms-label","$v":"MMS"},{"$i":"attached-files-too-large","$v":{"zero":["नोंथाङा सायखनाय मेनसे मालटिमेडिया फाइला ",{"t":"idOrVar","v":"mmsSize"}," KB महरनि सिमा बारबाय।"],"one":["नोंथाङा सायखनाय मेनसे मालटिमेडिया फाइला ",{"t":"idOrVar","v":"mmsSize"}," KB महरनि सिमा बारबाय।"],"two":["नोंथाङा सायखनाय मेनसे मालटिमेडिया फाइला ",{"t":"idOrVar","v":"mmsSize"}," KB महरनि सिमा बारबाय।"],"few":["नोंथाङा सायखनाय मेनसे मालटिमेडिया फाइला ",{"t":"idOrVar","v":"mmsSize"}," KB महरनि सिमा बारबाय।"],"many":["नोंथाङा सायखनाय मेनसे मालटिमेडिया फाइला ",{"t":"idOrVar","v":"mmsSize"}," KB महरनि सिमा बारबाय।"],"other":["नोंथाङा सायखनाय मेनसे मालटिमेडिया फाइला ",{"t":"idOrVar","v":"mmsSize"}," KB महरनि सिमा बारबाय।"]},"$x":[{"t":"idOrVar","v":"plural"},"n"]},{"$i":"resize-image","$v":"दाजाबदेरनाय इमेजखौ महर दाफिनगासिनो"},{"$i":"no-attachment-text","$v":"सरजाबदेरनाय फाइलाव माबा मोनसे गोरोन्थि दङ आरो बेनिखायनो बेखौ डाउनलड खालामनो हायाखै।"},{"$i":"message-draft-saved","$v":"खौरांखौ लिरथुमाव लाथि"},{"$i":"sim-id-label","$v":["SIM ",{"t":"idOrVar","v":"id"}]},{"$i":"sim-detail","$v":["SIM ",{"t":"idOrVar","v":"id"},", ",{"t":"idOrVar","v":"detailString"}]},{"$i":"dsds-notification-title-with-sim","$v":["(",{"t":"idOrVar","v":"sim"},") ",{"t":"idOrVar","v":"sender"}]},{"$i":"send-button","ariaLabel":"दैथाइहर"},{"$i":"send-button-sim-indication","$v":[{"t":"idOrVar","v":"n"}],"ariaLabel":["SIM बाहायनाय ",{"t":"idOrVar","v":"n"}]},{"$i":"expiry-date-format","$v":"%A, %b %e"},{"$i":"attach-button","ariaLabel":"Attachment दाजाब"},{"$i":"contact-photo","ariaLabel":"जगाजग फट’"},{"$i":"unread-thread","ariaLabel":"फरायजायै"},{"$i":"has-draft","ariaLabel":"ड्राफ्ट दं"},{"$i":"is-draft","ariaLabel":"ड्राफ्ट"},{"$i":"message-delivery-status-sending","$v":"दैथायहरबाय थादों …"},{"$i":"message-delivery-status-delivered","ariaLabel":"गथायजाबाय"},{"$i":"message-delivery-status-read","ariaLabel":"फराय"},{"$i":"message-delivery-status-error","ariaLabel":"गोरोन्थि"},{"$i":"modal-dialog-ok-button","$v":"जागोन"},{"$i":"modal-dialog-cancel-button","$v":"दान"},{"$i":"modal-dialog-default-title","$v":"खौरांफोर"},{"$i":"tcl-delete-message","$v":"खौरांफोरखौ दानबाय"},{"$i":"tcl-sending-message-toast","$v":"रादाब दैथाइहरनाय..."},{"$i":"tcl-message-converted-to-toast","$v":["खौरांखौ ",{"t":"idOrVar","v":"type"}," Ev mane/ye/"]},{"$i":"tcl-message-sent-toast","$v":"खौराङा दैथायहरजाबाय"},{"$i":"tcl-deleteMessage-confirmation2","$v":"सायखजानाय रादाबनि लामाखौ दानगारनो नामा?"},{"$i":"tcl-deleted-message","$v":{"zero":"0 मेसेज खोमोरजादों","one":[{"t":"idOrVar","v":"n"}," रादाबा दानगारजाबाय"],"two":[{"t":"idOrVar","v":"n"}," रादाबफोरा दानगारजाबाय"],"few":[{"t":"idOrVar","v":"n"}," रादाबफोरा दानगारजाबाय"],"many":[{"t":"idOrVar","v":"n"}," रादाबफोरा दानगारजाबाय"],"other":[{"t":"idOrVar","v":"n"}," रादाबफोरा दानगारजाबाय"]},"$x":[{"t":"idOrVar","v":"plural"},"n"]},{"$i":"tcl-deleted-threads","$v":{"zero":"0 थ्रेड हमजादों","one":"गिनांफोरखौ खोमोरबाय","two":[{"t":"idOrVar","v":"n"}," रादाबनि लामाफोरा दानगारजाबाय"],"few":[{"t":"idOrVar","v":"n"}," रादाबनि लामाफोरा दानगारजाबाय"],"many":[{"t":"idOrVar","v":"n"}," रादाबनि लामाफोरा दानगारजाबाय"],"other":[{"t":"idOrVar","v":"n"}," रादाबनि लामाफोरा दानगारजाबाय"]},"$x":[{"t":"idOrVar","v":"plural"},"n"]},{"$i":"tcl-simSettings","$v":"फोसावथाइ"},{"$i":"tcl-unknown-SMSC","$v":"इनफ गैया"},{"$i":"tcl-sim1","$v":"सार्भिस सेन्टार SIM1"},{"$i":"tcl-sim2","$v":"सार्भिस सेन्टार SIM2"},{"$i":"tcl-auto-retrieve","$v":"गावनो गाव मोनफिननाय"},{"$i":"tcl-wapPushMessages","$v":"WAP रादाबफोरखौ नार"},{"$i":"tcl-wapPush","$v":"WAP नार"},{"$i":"tcl-wap-push-on","$v":"अन"},{"$i":"tcl-wap-push-off","$v":"अफ खालाम"},{"$i":"tcl-auto-retrieve-messages","$v":"गावनो गाव मोनफिननाय मेसेज"},{"$i":"tcl-manual-retrieve","$v":"अफ खालाम"},{"$i":"tcl-auto-roaming-retrieve","$v":"हानथामेलानि गेजेरजों"},{"$i":"tcl-auto-no-roaming-retrieve","$v":"हानथामेलानि गेजेरजों नङाजासे"},{"$i":"tcl-message-read-reports","$v":"फोरमायथिफोरखौ फराय"},{"$i":"tcl-read-reports-on","$v":"अन"},{"$i":"tcl-read-reports-off","$v":"अफ खालाम"},{"$i":"tcl-mmsTitle","$v":"जुथपम बिजों रादाब दैथायनाय (MMS)"},{"$i":"tcl-message-delivery-reports","$v":"गथायनाय मिथिलाइ"},{"$i":"tcl-delivery-reports-on","$v":"अन"},{"$i":"tcl-delivery-reports-off","$v":"अफ खालाम"},{"$i":"tcl-message-confirmation","$v":"खौरां रोखाथि"},{"$i":"tcl-messageReport-title","$v":"खौरांनि गुमुर"},{"$i":"tcl-mms-label","$v":"MMS"},{"$i":"tcl-sms-label","$v":"SMS"},{"$i":"tcl-messaging-settings","$v":"खौरांनि साजायनाय"},{"$i":"tcl-messagingSettings-header","$v":[{"t":"idOrVar","v":"tcl-messaging-settings"}]},{"$i":"tcl-confirmation-title","$v":"थि मिथिथाइ"},{"$i":"tcl-draft-save-content","$v":"ड्राफ्ट महरै सेफ खालामनो?"},{"$i":"tcl-draft-discard-content","$v":"खौरां बोखारफिनबाय"},{"$i":"tcl-switch-on","$v":"अन"},{"$i":"tcl-switch-off","$v":"अफ खालाम"},{"$i":"tcl-delivery-report-desc","$v":"मोनफ्रोम रादाब दैथायहरनायनि थाखाय फोसावथि ओंखारनायनि खावलाय"},{"$i":"tcl-read-report-desc","$v":"मोनफ्रोम रादाब दैथायहरनायनि थाखाय फराय फोरमायथिखौ खावलाय"},{"$i":"tcl-auto-retrieve-desc","$v":"हारसिंयैनो रादाबफोरखौ रिट्रिभ खालामो"},{"$i":"tcl-confirm-dialog-ok","$v":"जागोन"},{"$i":"tcl-yes","$v":"औ"},{"$i":"tcl-no","$v":"ओहो"},{"$i":"tcl-delete-current-thread?","$v":"सायखजानाय रादाबनि लामाखौ दानगारनो नामा?"},{"$i":"tcl-attention","$v":"सांग्रां जा"},{"$i":"tcl-options","$v":"राहाफोर"},{"$i":"send-failed","$v":"दैथाइहरनाया फेलें जाबाय।"},{"$i":"subject-removed","$v":"आयदाया बोखारजाबाय।"},{"$i":"media-storage-limit-alert-title","$v":"दोनथुमग्राया बुंबाय"},{"$i":"media-storage-limit-alert-body","$v":"बांसिन खालि जायगा मोननो थाखाय नोंथाङा माखासे मेडिया फाइलफोर एबा मेनाजार बाहायथिखौ दानगारनो हागौ।"},{"$i":"media-storage-limit-alert-cancel","$v":"दान"},{"$i":"media-storage-limit-alert-setting","$v":"सेटिंग्साव थां"},{"$i":"email","$v":"इमैल"},{"$i":"go","$v":"थां"},{"$i":"weekday-0-long","$v":"रुबिबार"},{"$i":"weekday-1-long","$v":"समबार"},{"$i":"weekday-2-long","$v":"मंगलबार"},{"$i":"weekday-3-long","$v":"बुधबार"},{"$i":"weekday-4-long","$v":"बिस्थिबार"},{"$i":"weekday-5-long","$v":"सक्रुबार"},{"$i":"weekday-6-long","$v":"सनिबार"},{"$i":"weekday-0-short","$v":"सान"},{"$i":"weekday-1-short","$v":"मन"},{"$i":"weekday-2-short","$v":"मंगल"},{"$i":"weekday-3-short","$v":"वेब"},{"$i":"weekday-4-short","$v":"टिएइचइउ"},{"$i":"weekday-5-short","$v":"फ्रि"},{"$i":"weekday-6-short","$v":"सेट"},{"$i":"month-0-long","$v":"जानुवारि"},{"$i":"month-1-long","$v":"फेब्रुवारि"},{"$i":"month-2-long","$v":"मार्च"},{"$i":"month-3-long","$v":"एप्रिल"},{"$i":"month-4-long","$v":"मे"},{"$i":"month-5-long","$v":"जुन"},{"$i":"month-6-long","$v":"जुलाइ"},{"$i":"month-7-long","$v":"आगष्ट"},{"$i":"month-8-long","$v":"सेप्तेम्बार"},{"$i":"month-9-long","$v":"अक्ट'बर"},{"$i":"month-10-long","$v":"नभेमबर"},{"$i":"month-11-long","$v":"दिसेम्बार"},{"$i":"month-0-genitive","$v":"जानुवारि"},{"$i":"month-1-genitive","$v":"फेब्रुवारि"},{"$i":"month-2-genitive","$v":"मार्च"},{"$i":"month-3-genitive","$v":"एप्रिल"},{"$i":"month-4-genitive","$v":"मे"},{"$i":"month-5-genitive","$v":"जुन"},{"$i":"month-6-genitive","$v":"जुलाइ"},{"$i":"month-7-genitive","$v":"आगष्ट"},{"$i":"month-8-genitive","$v":"सेप्तेम्बार"},{"$i":"month-9-genitive","$v":"अक्ट'बर"},{"$i":"month-10-genitive","$v":"नभेमबर"},{"$i":"month-11-genitive","$v":"दिसेम्बार"},{"$i":"month-0-short","$v":"जान"},{"$i":"month-1-short","$v":"फेब"},{"$i":"month-2-short","$v":"गाज्रि"},{"$i":"month-3-short","$v":"एप्रि"},{"$i":"month-4-short","$v":"मे"},{"$i":"month-5-short","$v":"जुन"},{"$i":"month-6-short","$v":"जुल"},{"$i":"month-7-short","$v":"आग"},{"$i":"month-8-short","$v":"सेप"},{"$i":"month-9-short","$v":"अक्ट'बर"},{"$i":"month-10-short","$v":"नभ"},{"$i":"month-11-short","$v":"दिस"},{"$i":"minutes-ago-long","$v":{"zero":"दाबावैसो","one":"से मिनिट सिगङाव","two":[{"t":"idOrVar","v":"value"}," मिनिट सिगां"],"few":[{"t":"idOrVar","v":"value"}," मिनिट सिगां"],"many":[{"t":"idOrVar","v":"value"}," मिनिट सिगां"],"other":[{"t":"idOrVar","v":"value"}," मिनिट सिगां"]},"$x":[{"t":"idOrVar","v":"plural"},"value"]},{"$i":"hours-ago-long","$v":{"zero":"दाबावैसो","one":"घन्टासे सिगाङाव","two":[{"t":"idOrVar","v":"value"}," घन्टा सिगां"],"few":[{"t":"idOrVar","v":"value"}," घन्टा सिगां"],"many":[{"t":"idOrVar","v":"value"}," घन्टा सिगां"],"other":[{"t":"idOrVar","v":"value"}," घन्टा सिगां"]},"$x":[{"t":"idOrVar","v":"plural"},"value"]},{"$i":"days-ago-long","$v":{"zero":"दिनै","one":"मैया","two":[{"t":"idOrVar","v":"value"}," सान सिगां"],"few":[{"t":"idOrVar","v":"value"}," सान सिगां"],"many":[{"t":"idOrVar","v":"value"}," सान सिगां"],"other":[{"t":"idOrVar","v":"value"}," सान सिगां"]},"$x":[{"t":"idOrVar","v":"plural"},"value"]},{"$i":"weeks-ago-long","$v":{"zero":"बे हबथा","one":"थांनाय हबथा","two":[{"t":"idOrVar","v":"value"}," हाबथा सिगां"],"few":[{"t":"idOrVar","v":"value"}," हाबथा सिगां"],"many":[{"t":"idOrVar","v":"value"}," हाबथा सिगां"],"other":[{"t":"idOrVar","v":"value"}," हाबथा सिगां"]},"$x":[{"t":"idOrVar","v":"plural"},"value"]},{"$i":"months-ago-long","$v":{"zero":"बे दान","one":"थांनाय दान","two":[{"t":"idOrVar","v":"value"}," दान सिगां"],"few":[{"t":"idOrVar","v":"value"}," दान सिगां"],"many":[{"t":"idOrVar","v":"value"}," दान सिगां"],"other":[{"t":"idOrVar","v":"value"}," दान सिगां"]},"$x":[{"t":"idOrVar","v":"plural"},"value"]},{"$i":"years-ago-long","$v":{"zero":"बे बोसोर","one":"थांनाय बोसोर","two":[{"t":"idOrVar","v":"value"}," बोसोर सिगां"],"few":[{"t":"idOrVar","v":"value"}," बोसोर सिगां"],"many":[{"t":"idOrVar","v":"value"}," बोसोर सिगां"],"other":[{"t":"idOrVar","v":"value"}," बोसोर सिगां"]},"$x":[{"t":"idOrVar","v":"plural"},"value"]},{"$i":"minutes-until-long","$v":{"zero":"दायो","one":"से मिनिटआव","two":[{"t":"idOrVar","v":"value"}," मिनिटआव"],"few":[{"t":"idOrVar","v":"value"}," मिनिटआव"],"many":[{"t":"idOrVar","v":"value"}," मिनिटआव"],"other":[{"t":"idOrVar","v":"value"}," मिनिटआव"]},"$x":[{"t":"idOrVar","v":"plural"},"value"]},{"$i":"hours-until-long","$v":{"zero":"दायो","one":"से घन्टायाव","two":[{"t":"idOrVar","v":"value"}," घन्टायाव"],"few":[{"t":"idOrVar","v":"value"}," घन्टायाव"],"many":[{"t":"idOrVar","v":"value"}," घन्टायाव"],"other":[{"t":"idOrVar","v":"value"}," घन्टायाव"]},"$x":[{"t":"idOrVar","v":"plural"},"value"]},{"$i":"days-until-long","$v":{"zero":"दिनै","one":"गाबोन","two":[{"t":"idOrVar","v":"value"}," सानफोराव"],"few":[{"t":"idOrVar","v":"value"}," सानफोराव"],"many":[{"t":"idOrVar","v":"value"}," सानफोराव"],"other":[{"t":"idOrVar","v":"value"}," सानफोराव"]},"$x":[{"t":"idOrVar","v":"plural"},"value"]},{"$i":"weeks-until-long","$v":{"zero":"बे हबथा","one":"फैगौ हबथा","two":[{"t":"idOrVar","v":"value"}," हबथाफोराव"],"few":[{"t":"idOrVar","v":"value"}," हबथाफोराव"],"many":[{"t":"idOrVar","v":"value"}," हबथाफोराव"],"other":[{"t":"idOrVar","v":"value"}," हबथाफोराव"]},"$x":[{"t":"idOrVar","v":"plural"},"value"]},{"$i":"months-until-long","$v":{"zero":"बे दान","one":"फैगौ दान","two":[{"t":"idOrVar","v":"value"}," दानफोराव"],"few":[{"t":"idOrVar","v":"value"}," दानफोराव"],"many":[{"t":"idOrVar","v":"value"}," दानफोराव"],"other":[{"t":"idOrVar","v":"value"}," दानफोराव"]},"$x":[{"t":"idOrVar","v":"plural"},"value"]},{"$i":"years-until-long","$v":{"zero":"बे बोसोर","one":"फैगौ बोसोर","two":[{"t":"idOrVar","v":"value"}," बोसोरफोराव"],"few":[{"t":"idOrVar","v":"value"}," बोसोरफोराव"],"many":[{"t":"idOrVar","v":"value"}," बोसोरफोराव"],"other":[{"t":"idOrVar","v":"value"}," बोसोरफोराव"]},"$x":[{"t":"idOrVar","v":"plural"},"value"]},{"$i":"minutes-ago-short","$v":{"zero":"दाबावैसो","other":[{"t":"idOrVar","v":"value"},"मिनिट सिगां"]},"$x":[{"t":"idOrVar","v":"plural"},"value"]},{"$i":"hours-ago-short","$v":{"zero":"दाबावैसो","other":[{"t":"idOrVar","v":"value"},"घन्टा सिगां"]},"$x":[{"t":"idOrVar","v":"plural"},"value"]},{"$i":"days-ago-short","$v":{"zero":"दिनै","other":[{"t":"idOrVar","v":"value"},"सान सिगां"]},"$x":[{"t":"idOrVar","v":"plural"},"value"]},{"$i":"minutes-until-short","$v":{"zero":"दायो","other":[{"t":"idOrVar","v":"value"},"मिनिटआव"]},"$x":[{"t":"idOrVar","v":"plural"},"value"]},{"$i":"hours-until-short","$v":{"zero":"दायो","other":[{"t":"idOrVar","v":"value"},"घन्टायाव"]},"$x":[{"t":"idOrVar","v":"plural"},"value"]},{"$i":"days-until-short","$v":{"zero":"दिनै","other":[{"t":"idOrVar","v":"value"},"सानाव"]},"$x":[{"t":"idOrVar","v":"plural"},"value"]},{"$i":"dateTimeFormat_%c","$v":"%a %b %e %Y %I:%M:%S %p"},{"$i":"dateTimeFormat_%x","$v":"%m/%d/%Y"},{"$i":"dateTimeFormat_%X","$v":"%I:%M:%S %p"},{"$i":"shortTimeFormat","$v":"%I:%M %p"},{"$i":"shortTimeFormat12","$v":"%I:%M %p"},{"$i":"shortTimeFormat24","$v":"%H:%M"},{"$i":"shortDateTimeFormat","$v":"%x %I:%M %p"},{"$i":"weekStartsOnMonday","$v":"0"},{"$i":"firstDayOfTheWeek","$v":"0"},{"$i":"time_am","$v":"AM"},{"$i":"time_pm","$v":"PM"},{"$i":"softkey-options","$v":"राहाफोर"},{"$i":"emergencyNumber","$v":"हरखाब नाम्बार"},{"$i":"callAirplaneModeMessage","$v":"कल हरनो थाखाय नोंथाङा बिरखं मडखौ सेटिंग्साव हायि खालामना लानांगोन।"},{"$i":"callAirplaneModeBtnOk","$v":"जागोन"},{"$i":"callAirplaneModeTitle","$v":"बिरखं मोद एकटिभेट खालामनाय जाबाय"},{"$i":"numberIsBusyTitle","$v":"अनजिमाया बाहायजागासिनो"},{"$i":"numberIsBusyMessage","$v":"नामबारा दायो मुखुब दङ। अन्नानै इयुनाव नाजाफिन"},{"$i":"fdnIsActiveTitle","$v":"FDN गोख्रों जाबाय"},{"$i":"fdnIsActiveMessage","$v":["FDN (Fixed Dialing Numbers) आ गोख्रों जाबाय आरो गाहायनि नाम्बारफोरा नोंनि FDN फारिलाइयाव गैया : ",{"t":"idOrVar","v":"number"}]},{"$i":"emergencyDialogBodyBadNumber","$v":"कल हरनो थाखाय नोंथाङा फनना मोनसे नेटवार्कजों फोनांजाथारनांगोन।"},{"$i":"emergencyDialogBodyDeviceNotAccepted","$v":"नांथारगौ समनि कलफोरा नेटवार्कजों गनायथि होजायाखै।"},{"$i":"emergencyDialogBtnOk","$v":"जागोन"},{"$i":"emergencyDialogTitle","$v":"जेबो नेटवार्क फोनांजाबनाय गैया"},{"$i":"invalidNumberToDialTitle","$v":"खान्थि गैयै फन अनजिमा"},{"$i":"invalidNumberToDialMessage","$v":"नोंथाङा कल हरनाय फन नामबारा उदायलिया।"},{"$i":"unableToCallTitle","$v":"दायो फन कल हरनो हायाखै"},{"$i":"unableToCallMessage","$v":"कल खालामनो हाया । नों डाइल खालामबाय थादोंब्ला, अननानै गिबियाव हें खालाम৷"},{"$i":"otherConnectionInUseTitle","$v":"गुबुन गुबुन फोनांजाबनानै बाहायदों"},{"$i":"otherConnectionInUseMessage","$v":"नोंथांहा गुबुन मोनसे फोनांजाबनायाव मोनसे सांग्रां कल दंबावो। सम मोनसेयाव नोंथाङा मोनसेल' फोनांजाबनाय बाहायनो हागोन।"},{"$i":"connectingEllipsis","$v":"फोनांजाबदों..."}]