[{"$i":"messages","$v":"پیغام"},{"$i":"deleteMessages-title","$v":"منتخب کریں"},{"$i":"selectThreads-title","$v":"منتخب کریں"},{"$i":"edit","$v":"ترمیم کریں"},{"$i":"back","$v":"واپس جائیں"},{"$i":"cancel","$v":"منسوخ کریں"},{"$i":"undo","$v":"کالعدم کریں"},{"$i":"done","$v":"ہو گیا"},{"$i":"delete","$v":"حذف کریں"},{"$i":"deleting-messages","$v":"حذف ہورہا ہے…"},{"$i":"select-all","$v":"تمام منتخب کریں"},{"$i":"deselect-all","$v":"سبھی کو غیرمنتخب کریں"},{"$i":"selected-threads","$v":{"zero":"0 منتخب شدہ","one":[{"t":"idOrVar","v":"n"}," منتخب شدہ"],"two":[{"t":"idOrVar","v":"n"}," منتخب شدہ"],"few":[{"t":"idOrVar","v":"n"}," منتخب شدہ"],"many":[{"t":"idOrVar","v":"n"}," منتخب شدہ"],"other":[{"t":"idOrVar","v":"n"}," منتخب شدہ"]},"$x":[{"t":"idOrVar","v":"plural"},"n"]},{"$i":"selected-messages","$v":{"zero":"0 منتخب شدہ","one":[{"t":"idOrVar","v":"n"}," منتخب شدہ"],"two":[{"t":"idOrVar","v":"n"}," منتخب شدہ"],"few":[{"t":"idOrVar","v":"n"}," منتخب شدہ"],"many":[{"t":"idOrVar","v":"n"}," منتخب شدہ"],"other":[{"t":"idOrVar","v":"n"}," منتخب شدہ"]},"$x":[{"t":"idOrVar","v":"plural"},"n"]},{"$i":"selectThreads-label","$v":"خطرات منتخب کریں"},{"$i":"selectMessages-label","$v":"پیغامات منتخب کریں"},{"$i":"new-message","$v":"نیا پیغام"},{"$i":"delete-thread","$v":"خطرہ حذف کریں"},{"$i":"create-new-contact","$v":"نیا اکاؤںٹ بنائیں"},{"$i":"add-to-contact","$v":"کسی موجودہ رابطہ پر شامل کریں"},{"$i":"select-thread","$v":"خطرہ منتخب کریں"},{"$i":"settings","$v":"ترتیبات"},{"$i":"select","$v":"منتخب کریں"},{"$i":"sk-save-as-draft","$v":"ڈرافٹ کے طور پر محفوظ کریں"},{"$i":"send","$v":"بھیجیں"},{"$i":"add-contact","$v":"رابطہ شامل کریں"},{"$i":"add-suggestion","$v":"شامل کریں"},{"$i":"add-subject","$v":"موضوع شامل کریں"},{"$i":"remove-subject","$v":"عنوان نکالیں"},{"$i":"add-attachment","$v":"منسلکہ شامل کریں"},{"$i":"remove-attachment","$v":"منسلکہ ہٹائیں"},{"$i":"replace-attachment","$v":"منسلکہ کو بدلیں"},{"$i":"select-messages","$v":"پیغامات منتخب کریں"},{"$i":"call","$v":"کال کریں"},{"$i":"forward","$v":"فارورڈ کریں"},{"$i":"view-message-report","$v":"پیغام کی تفصیلات دیکھیں"},{"$i":"resend-message","$v":"اس پیغام کو دوبارہ بھیجیں"},{"$i":"cancel-view-report","$v":"منسوخ کریں"},{"$i":"ok","$v":"ٹھیک ہے"},{"$i":"enter","$v":"Enter"},{"$i":"open","$v":"کھولیں"},{"$i":"to","$v":"بنام"},{"$i":"new","$v":"نیا"},{"$i":"message","$v":"پیغام"},{"$i":"messagesInput_placeholder","$v":"پیغام"},{"$i":"messagesSubjectInput_placeholder","$v":"موضوع"},{"$i":"converted-to-mms","$v":"ملٹی میڈیا پیغام میں تبدیل کرنا۔"},{"$i":"converted-to-sms","$v":"متن میڈیا پیغام میں تبدیل کرنا۔"},{"$i":"messages-max-length-text","$v":"آپ زیادہ سے زیادہ لمبائی تک پہنچ گئے ہیں۔"},{"$i":"messages-max-subject-length-text","$v":"عنوان کی زیادہ سے زیادہ لمبائی تک پہنچ گئی۔"},{"$i":"multimedia-message-exceeded-max-length","$v":["آپ نے ایک ملٹی میڈیا پیغام کے سائز کی حد ",{"t":"idOrVar","v":"mmsSize"}," کے بی سے تجاوز کرلیا ہے۔ منسلکات نکالیں یا پیغام بھیجنے کیلئے اسے چھوٹا کریں۔"]},{"$i":"newMessage","$v":"نیا پیغام"},{"$i":"sendMessage","$v":"پیغام بھیجیں"},{"$i":"sendMMSToEmail","$v":"ملٹی میڈیا پیغام بھیجیں"},{"$i":"no-recipient","$v":"(کوئی وصول کنندہ نہیں)"},{"$i":"recipient","$v":{"one":[{"t":"idOrVar","v":"n"}," وصول کنندہ"],"two":[{"t":"idOrVar","v":"n"}," وصول کنندگان"],"few":[{"t":"idOrVar","v":"n"}," وصول کنندگان"],"many":[{"t":"idOrVar","v":"n"}," وصول کنندگان"],"other":[{"t":"idOrVar","v":"n"}," وصول کنندگان"]},"$x":[{"t":"idOrVar","v":"plural"},"n"]},{"$i":"attachmentSizeB","$v":[{"t":"idOrVar","v":"n"}," B"]},{"$i":"attachmentSizeKB","$v":[{"t":"idOrVar","v":"n"}," KB"]},{"$i":"attachmentSizeMB","$v":[{"t":"idOrVar","v":"n"}," MB"]},{"$i":"attachmentOpenError","$v":"اس قسم کی فائل کو کھولنے کیلئے کوئی ایپلیکشن دستیاب نہیں ہے۔"},{"$i":"remove","$v":"ہٹائیں"},{"$i":"participant","$v":{"one":[{"t":"idOrVar","v":"n"}," شریک"],"two":[{"t":"idOrVar","v":"n"}," شرکاء"],"few":[{"t":"idOrVar","v":"n"}," شرکاء"],"many":[{"t":"idOrVar","v":"n"}," شرکاء"],"other":[{"t":"idOrVar","v":"n"}," شرکاء"]},"$x":[{"t":"idOrVar","v":"plural"},"n"]},{"$i":"message-report","$v":"پیغام کی رپورٹ"},{"$i":"message-type-sms","$v":"متن پیغام (SMS)"},{"$i":"message-type-mms","$v":"ملٹی میڈیا (MMS) پیغامات"},{"$i":"sms-report-description","$v":["آپ کا متن پیغام (SMS)، ",{"t":"idOrVar","v":"datetime"}," کو بھیجا گیا تھا"]},{"$i":"mms-report-description","$v":["آپ کا ملٹی میڈیا پیغام (MMS)، عنوان ",{"t":"idOrVar","v":"subject"},"، ",{"t":"idOrVar","v":"datetime"}," کو بھیجا گیا تھا"]},{"$i":"mms-no-subject-report-description","$v":["آپ کا ملٹی میڈیا پیغام (MMS)، ",{"t":"idOrVar","v":"datetime"}," کو بھیجا گیا تھا"]},{"$i":"message-subject","$v":"موضوع:"},{"$i":"report-status-error","$v":"پیغام بھیجا نہیں جا سکا"},{"$i":"report-status-not-downloaded","$v":"ڈاؤن لوڈ نہیں کیا گیا"},{"$i":"report-status-delivered","$v":"ارسال شدہ:"},{"$i":"report-status-read","$v":"پڑھیں:"},{"$i":"report-status-pending","$v":"رپورٹ کی درخواست کی گئی"},{"$i":"report-status-rejected","$v":"پیغام مسترد کیا گیا"},{"$i":"message-size-was","$v":"پیغام کا سائز:"},{"$i":"report-dateTimeFormat12","$v":["%e %B %Y, ",{"t":"idOrVar","v":"shortTimeFormat12"}]},{"$i":"report-dateTimeFormat24","$v":["%e %B %Y, ",{"t":"idOrVar","v":"shortTimeFormat24"}]},{"$i":"report-to-title","$v":"بنام"},{"$i":"report-from-title","$v":"سے"},{"$i":"message-sent","$v":"ارسال کردہ:"},{"$i":"message-sending","$v":[{"t":"idOrVar","v":"message-delivery-status-sending"}]},{"$i":"message-received","$v":"موصول کردہ:"},{"$i":"message-via","$v":"بذریعہ:"},{"$i":"message-resend","$v":"دوبارہ بھیجیں"},{"$i":"search","$v":"تلاش"},{"$i":"unknown-contact-title","$v":"نامعلوم رابطہ"},{"$i":"phone-type-separator","$v":", "},{"$i":"phone-carrier-separator","$v":" "},{"$i":"thread-participant-separator","$v":", "},{"$i":"replace-draft","$v":"موجودہ ڈرافٹ کو بدلیں"},{"$i":"save-as-draft","$v":"محفوظ کریں"},{"$i":"discard-message","$v":"رد کریں"},{"$i":"discard-sms","$v":"کیا آپ یقیناً اس پیغام کو رد کرنا چاہتے ہیں؟"},{"$i":"discard-new-message","$v":"آپ جو پیغام کمپوز کررہے ہیں اسے رد کریں اور نیا پیغام کھولیں؟"},{"$i":"resend-confirmation","$v":"پیغام بھیجا نہیں جاسکا۔ دوبارہ کوشش کریں؟"},{"$i":"deleteMessage-confirmation","$v":"منتخبہ پیغامات کو حذف کریں"},{"$i":"deleteMessages-confirmation","$v":"منتخبہ پیغامات کو حذف کریں؟"},{"$i":"deleteThreads-confirmation2","$v":{"one":"منتخبہ پیغام تھریڈز کو حذف کریں","other":"منتخبہ پیغام تھریڈز کو حذف کریں؟"},"$x":[{"t":"idOrVar","v":"plural"},"n"]},{"$i":"new-message-notice-text","$v":"نیا پیغام منجانب"},{"$i":"new-message-notice-a-text","$v":"اسے پڑھیں"},{"$i":"noMessages-title","$v":"کوئی پیغامات نہیں"},{"$i":"noMessages-text","$v":"مواصلت شروع کرنے کیلئے نئے پیغام کو دبائیں۔"},{"$i":"sendDefaultErrorTitle","$v":"پیغام نہیں بھیجا گیا"},{"$i":"sendDefaultErrorBody","$v":"پیغام بھیجنے میں کچھ مسئلہ تھا۔ براہ کرم دوبارہ کوشش کریں۔"},{"$i":"sendDefaultErrorBtnOk","$v":"ٹھیک ہے"},{"$i":"sendMissingSimCardTitle","$v":"غائب سم کارڈ"},{"$i":"sendMissingSimCardBody","$v":"جاری رکھنے کیلئے ایک مجاز سم کارڈ داخل کریں۔"},{"$i":"sendMissingSimCardBtnOk","$v":"ٹھیک ہے"},{"$i":"sendFlightModeTitle","$v":"ایئر پلین موڈ فعال شدہ"},{"$i":"sendFlightModeBody","$v":"پیغامات بھیجنے کیلئے ایئر پلین موڈ آف کریں۔"},{"$i":"sendFlightModeBtnOk","$v":"ٹھیک ہے"},{"$i":"radioDisabledToDownloadTitle","$v":[{"t":"idOrVar","v":"sendFlightModeTitle"}]},{"$i":"radioDisabledToDownloadBody","$v":"منسلکات ڈاؤن لوڈ کرنے کیلئے ایئر پلین موڈ آف کریں۔"},{"$i":"radioDisabledToDownloadBtnOk","$v":[{"t":"idOrVar","v":"sendFlightModeBtnOk"}]},{"$i":"fdnErrorTitle","$v":"FDN فعال"},{"$i":"needConnectWifiBody","$v":"کوئی سیلیولر نیٹ ورک دستیاب نہیں ہے۔ پیغام رسانی کے لیے کسی دستیاب WiFi نیٹ ورک سے جڑیں۔"},{"$i":"needConnectWifiTitle","$v":"پیغام نہیں بھیجا گیا"},{"$i":"sms-counter-notice-label","$v":["ایس. ایم. ایس ",{"t":"idOrVar","v":"number"}," کی تدوین کرنا"]},{"$i":"fdnErrorBody","innerHTML":{"$x":[{"t":"idOrVar","v":"plural"},"n"],"$v":{"one":"FDN (فکسڈ ڈائلنگ نمبرز) فعال شدہ ہے۔ یقینی بنائيں کہ SMS سینٹر اور مندرجہ ذیل وصول کنندہ آپ کی FDN فہرست میں ہیں:","two":"FDN (فکسڈ ڈائلنگ نمبرز) فعال شدہ ہے۔ یقینی بنائيں کہ SMS سینٹر اور مندرجہ ذیل وصول کنندگان آپ کی FDN فہرست میں ہیں:","few":"FDN (فکسڈ ڈائلنگ نمبرز) فعال شدہ ہے۔ یقینی بنائيں کہ SMS سینٹر اور مندرجہ ذیل وصول کنندگان آپ کی FDN فہرست میں ہیں:","many":"FDN (فکسڈ ڈائلنگ نمبرز) فعال شدہ ہے۔ یقینی بنائيں کہ SMS سینٹر اور مندرجہ ذیل وصول کنندگان آپ کی FDN فہرست میں ہیں:","other":"FDN (فکسڈ ڈائلنگ نمبرز) فعال شدہ ہے۔ یقینی بنائيں کہ SMS سینٹر اور مندرجہ ذیل وصول کنندگان آپ کی FDN فہرست میں ہیں:"}}},{"$i":"fdnErrorBtnOk","$v":"ٹھیک ہے"},{"$i":"switchSimToRetrieveTitle","$v":"ڈیٹا کنیکشن سوئچ کریں"},{"$i":"switchSimToRetrieveBody","$v":["MMS بازیافت کرنے کیلئے ڈیٹا کنیکشن کو سم ",{"t":"idOrVar","v":"nonActiveSimId"}," پر سوئچ کریں۔ سم ",{"t":"idOrVar","v":"activeSimId"}," پر موجودہ ڈیٹا کی منتقلی مسترد کر دی جائے گی۔ کسی بھی صورت میں جاری رکھیں؟"]},{"$i":"switchSimToRetrieveBtnOk","$v":"بعد میں"},{"$i":"switchSimToRetrieveConfirm","$v":"ٹھیک ہے"},{"$i":"switchSimToSendTitle","$v":[{"t":"idOrVar","v":"switchSimToRetrieveTitle"}]},{"$i":"switchSimToSendBody","$v":["MMS بھیجنے کیلئے ڈیٹا کنیکشن کو سم ",{"t":"idOrVar","v":"nonActiveSimId"}," پر سوئچ کریں۔ سم ",{"t":"idOrVar","v":"activeSimId"}," پر موجودہ ڈیٹا کی منتقلی مسترد کر دی جائے گی۔ کسی بھی صورت میں جاری رکھیں؟"]},{"$i":"switchSimToSendBtnOk","$v":[{"t":"idOrVar","v":"switchSimToRetrieveBtnOk"}]},{"$i":"switchSimToSendConfirm","$v":[{"t":"idOrVar","v":"switchSimToRetrieveConfirm"}]},{"$i":"sendNoSignalErrorTitle","$v":"کوئی نیٹ ورک کووریج نہيں"},{"$i":"sendNoSignalErrorBody","$v":"یقینی بنائيں کہ آپ کے پاس موبائل سگنل ہے اور دوبارہ کوشش کریں۔"},{"$i":"sendNoSignalErrorBtnOk","$v":"ٹھیک ہے"},{"$i":"sendNotFoundErrorTitle","$v":"پیغام نہیں ملا"},{"$i":"sendNotFoundErrorBody","$v":"جس پیغام کو آپ تلاش کر رہے ہیں وہ اب دستیاب نہیں ہے۔"},{"$i":"sendNotFoundErrorBtnOk","$v":"ٹھیک ہے"},{"$i":"sendInvalidAddressErrorTitle","$v":"غیر مجاز نمبر"},{"$i":"sendInvalidAddressErrorBody","$v":"یقینی بنائيں کہ جو موبائل نمبر آپ بھیج رہے ہیں وہ درست ہے۔"},{"$i":"sendInvalidAddressErrorBtnOk","$v":"ٹھیک ہے"},{"$i":"simNotMatchedErrorTitle","$v":"ڈاؤن لوڈ کرنے سے قاصر"},{"$i":"simNotMatchedErrorBody","$v":"براہ کرم یقینی بنائيں کہ داخل کردہ سم کارڈ اس پیغام کو موصول کرنے کے لیے استعمال ہوتا ہے۔"},{"$i":"simNotMatchedErrorBtnOk","$v":"ٹھیک ہے"},{"$i":"deleted-sms","$v":"اس پیغام کو پہلے ہی حذف کردیا گیا ہے۔"},{"$i":"view-attachment-image","$v":"دیکھیں"},{"$i":"view-attachment-audio","$v":"سنیں"},{"$i":"view-attachment-video","$v":"دیکھیں"},{"$i":"view-attachment-other","$v":"دیکھیں"},{"$i":"remove-attachment-image","$v":"تصویر ہٹائيں"},{"$i":"remove-attachment-audio","$v":"آڈیو نکالیں"},{"$i":"remove-attachment-video","$v":"ویڈیو نکالیں"},{"$i":"remove-attachment-other","$v":"منسلکہ ہٹائیں"},{"$i":"replace-attachment-image","$v":"تصویر بدلیں"},{"$i":"replace-attachment-audio","$v":"آڈیو بدلیں"},{"$i":"replace-attachment-video","$v":"ویڈو بدلیں"},{"$i":"replace-attachment-other","$v":"منسلکہ کو بدلیں"},{"$i":"unsent-message-title","$v":"نہ بھیجا گیا پیغام"},{"$i":"unsent-message-description","$v":"آپ کا پچھلا پیغام نہیں بھیجا گیا تھا۔ کیا آپ نہ بھیجے گئے پیغام کی تدوین کرنا چاہتے ہیں یا اسے رد کرکے جاری رکھنا چاہتے ہیں؟"},{"$i":"unsent-message-option-edit","$v":"ترمیم کریں"},{"$i":"unsent-message-option-discard","$v":"رد کریں"},{"$i":"message-options","$v":"پیغام کے اختیارات"},{"$i":"select-text","$v":"متن منتخب کریں"},{"$i":"mobile","$v":"موبائل"},{"$i":"home","$v":"گھر"},{"$i":"work","$v":"دفتر"},{"$i":"personal","$v":"ذاتی"},{"$i":"faxHome","$v":"فیکس ہوم"},{"$i":"faxOffice","$v":"فیکس آفیس"},{"$i":"faxOther","$v":"فیکس دیگر"},{"$i":"another","$v":"دیگر"},{"$i":"other","$v":"دیگر"},{"$i":"today","$v":"آج"},{"$i":"yesterday","$v":"گزشتہ کل"},{"$i":"incorrectDate","$v":"(غلط تاریخ)"},{"$i":"addToExistingContact","$v":"کسی موجودہ رابطہ پر شامل کریں"},{"$i":"createNewContact","$v":"نیا اکاؤںٹ بنائیں"},{"$i":"viewContact","$v":"رابطہ دیکھیں"},{"$i":"sendEmail","$v":"ای میل بھیجیں"},{"$i":"mms-message","$v":"MMS پیغام"},{"$i":"notDownloaded-title","$v":"پیغام اب تک ڈاؤن لوڈ نہیں کیا گیا۔"},{"$i":"tobedownloaded-attachment","$v":["آپ کو ایک ملٹی میڈیا پیغام موصول ہوا ہے، ",{"t":"idOrVar","v":"date"}," سے قبل اس کے مواد بازیافت کرنے کیلئے ڈاؤن لوڈ کو دبائيں۔"]},{"$i":"expired-attachment","$v":["معذرت، ",{"t":"idOrVar","v":"date"}," کو پیغام کی مدت ختم ہوگئی اور ڈاؤن لوڈ نہیں کی جاسکتی۔"]},{"$i":"download-attachment","$v":"ڈاؤن لوڈ کریں"},{"$i":"downloading-attachment","$v":"ڈاؤن لوڈ ہو رہا ہے…"},{"$i":"download-complete","$v":"ڈاؤن لوڈ مکمل"},{"$i":"unnamed-attachment","$v":"بلا عنوان"},{"$i":"mms-label","$v":"MMS"},{"$i":"attached-files-too-large","$v":{"zero":["آپ نے جو فائلیں منتخب کی ہیں وہ ایک ملٹی میڈیا پیغام کے سائز کی حد ",{"t":"idOrVar","v":"mmsSize"}," KB سے تجاوز کرتی ہیں۔"],"one":["آپ نے جو فائل منتخب کی ہے وہ ایک ملٹی میڈیا پیغام کے سائز کی حد ",{"t":"idOrVar","v":"mmsSize"}," KB سے تجاوز کرتی ہے۔"],"two":["آپ نے جو فائلیں منتخب کی ہیں وہ ایک ملٹی میڈیا پیغام کے سائز کی حد ",{"t":"idOrVar","v":"mmsSize"}," KB سے تجاوز کرتی ہیں۔"],"few":["آپ نے جو فائلیں منتخب کی ہیں وہ ایک ملٹی میڈیا پیغام کے سائز کی حد ",{"t":"idOrVar","v":"mmsSize"}," KB سے تجاوز کرتی ہیں۔"],"many":["آپ نے جو فائلیں منتخب کی ہیں وہ ایک ملٹی میڈیا پیغام کے سائز کی حد ",{"t":"idOrVar","v":"mmsSize"}," KB سے تجاوز کرتی ہیں۔"],"other":["آپ نے جو فائلیں منتخب کی ہیں وہ ایک ملٹی میڈیا پیغام کے سائز کی حد ",{"t":"idOrVar","v":"mmsSize"}," KB سے تجاوز کرتی ہیں۔"]},"$x":[{"t":"idOrVar","v":"plural"},"n"]},{"$i":"resize-image","$v":"منسلکہ تصویر کا سائز تبدیل کرنا"},{"$i":"no-attachment-text","$v":"منسلکہ فائل کے میں کوئی خرابی ہے اور یہ ڈاؤن لوڈ نہیں کی جاسکتی۔"},{"$i":"message-draft-saved","$v":"پیغام بطور ڈرافٹ محفوظ ہوگیا"},{"$i":"sim-id-label","$v":["سم ",{"t":"idOrVar","v":"id"}]},{"$i":"sim-detail","$v":["سم ",{"t":"idOrVar","v":"id"},", ",{"t":"idOrVar","v":"detailString"}]},{"$i":"dsds-notification-title-with-sim","$v":["(",{"t":"idOrVar","v":"sim"},") ",{"t":"idOrVar","v":"sender"}]},{"$i":"send-button","ariaLabel":"بھیجیں"},{"$i":"send-button-sim-indication","$v":[{"t":"idOrVar","v":"n"}],"ariaLabel":["سم ",{"t":"idOrVar","v":"n"}," استعمال کرنا"]},{"$i":"expiry-date-format","$v":"%A, %B %e"},{"$i":"attach-button","ariaLabel":"منسلکہ شامل کریں"},{"$i":"contact-photo","ariaLabel":"رابطہ کی تصویر"},{"$i":"unread-thread","ariaLabel":"ناخواندہ"},{"$i":"has-draft","ariaLabel":"ہیش ڈرافٹ"},{"$i":"is-draft","ariaLabel":"مسودہ"},{"$i":"message-delivery-status-sending","$v":"بھیج رہا ہے…"},{"$i":"message-delivery-status-delivered","ariaLabel":"ڈیلیور ہو گیا"},{"$i":"message-delivery-status-read","ariaLabel":"خواندہ"},{"$i":"message-delivery-status-error","ariaLabel":"خرابی"},{"$i":"modal-dialog-ok-button","$v":"ٹھیک ہے"},{"$i":"modal-dialog-cancel-button","$v":"منسوخ کریں"},{"$i":"modal-dialog-default-title","$v":"پیغامات"},{"$i":"tcl-delete-message","$v":"پیغام حذف کیا گيا"},{"$i":"tcl-sending-message-toast","$v":"پیغام بھیجا جارہا ہے..."},{"$i":"tcl-message-converted-to-toast","$v":["پیغام کو ",{"t":"idOrVar","v":"type"}," پر تبدیل کردیا گيا"]},{"$i":"tcl-message-sent-toast","$v":"پیغام بھیج دیا گیا"},{"$i":"tcl-deleteMessage-confirmation2","$v":"منتخبہ پیغام تھریڈز کو حذف کریں"},{"$i":"tcl-deleted-message","$v":{"zero":"0 پیغام حذف کیے گئے","one":[{"t":"idOrVar","v":"n"}," پیغام حذف کیے گئے"],"two":[{"t":"idOrVar","v":"n"}," پیغامات حذف کیے گئے"],"few":[{"t":"idOrVar","v":"n"}," پیغامات حذف کیے گئے"],"many":[{"t":"idOrVar","v":"n"}," پیغامات حذف کیے گئے"],"other":[{"t":"idOrVar","v":"n"}," پیغامات حذف کیے گئے"]},"$x":[{"t":"idOrVar","v":"plural"},"n"]},{"$i":"tcl-deleted-threads","$v":{"zero":"0 خطرات حذف کیے گئے","one":"خطرہ حذف کیا گیا","two":[{"t":"idOrVar","v":"n"}," خطرات حذف کیے گئے"],"few":[{"t":"idOrVar","v":"n"}," خطرات حذف کیے گئے"],"many":[{"t":"idOrVar","v":"n"}," خطرات حذف کیے گئے"],"other":[{"t":"idOrVar","v":"n"}," خطرات حذف کیے گئے"]},"$x":[{"t":"idOrVar","v":"plural"},"n"]},{"$i":"tcl-simSettings","$v":"معلومات"},{"$i":"tcl-unknown-SMSC","$v":"معلومات دستیاب نہیں ہے"},{"$i":"tcl-sim1","$v":"سروس سینٹر سم1"},{"$i":"tcl-sim2","$v":"سروس سینٹر سم2"},{"$i":"tcl-auto-retrieve","$v":"خودکار بازیافت"},{"$i":"tcl-wapPushMessages","$v":"WAP پش پیغامات"},{"$i":"tcl-wapPush","$v":"WAP پش"},{"$i":"tcl-wap-push-on","$v":"آن"},{"$i":"tcl-wap-push-off","$v":"آف"},{"$i":"tcl-auto-retrieve-messages","$v":"خودکار پیغامات بازیافت"},{"$i":"tcl-manual-retrieve","$v":"آف"},{"$i":"tcl-auto-roaming-retrieve","$v":"رومنگ کے ساتھ آن"},{"$i":"tcl-auto-no-roaming-retrieve","$v":"رومنگ کے بغیر آن"},{"$i":"tcl-message-read-reports","$v":"رپورٹس پڑھیں"},{"$i":"tcl-read-reports-on","$v":"آن"},{"$i":"tcl-read-reports-off","$v":"آف"},{"$i":"tcl-mmsTitle","$v":"ملٹی میڈیا (MMS) پیغام رسانی"},{"$i":"tcl-message-delivery-reports","$v":"ارسال کی رپورٹ"},{"$i":"tcl-delivery-reports-on","$v":"آن"},{"$i":"tcl-delivery-reports-off","$v":"آف"},{"$i":"tcl-message-confirmation","$v":"پیغام کی تصدیق"},{"$i":"tcl-messageReport-title","$v":"پیغام کی تفصیلات"},{"$i":"tcl-mms-label","$v":"MMS"},{"$i":"tcl-sms-label","$v":"SMS"},{"$i":"tcl-messaging-settings","$v":"پیغام رسانی کی سیٹنگز"},{"$i":"tcl-messagingSettings-header","$v":[{"t":"idOrVar","v":"tcl-messaging-settings"}]},{"$i":"tcl-confirmation-title","$v":"توثیق کاری"},{"$i":"tcl-draft-save-content","$v":"ڈرافٹ کے طور پر محفوظ کریں؟"},{"$i":"tcl-draft-discard-content","$v":"پیغام مسترد کردیا گیا"},{"$i":"tcl-switch-on","$v":"آن"},{"$i":"tcl-switch-off","$v":"آف"},{"$i":"tcl-delivery-report-desc","$v":"ہر ایک بھیجے گئے پیغام کیلئے ڈیلوری کی اطلاع کی درخواست کریں"},{"$i":"tcl-read-report-desc","$v":"ہر ایک بھیجے گئے پیغام کیلئے پڑھے جانے کی رپورٹ کی درخواست کریں"},{"$i":"tcl-auto-retrieve-desc","$v":"پیغامات خودکار طور پر بازیافت کریں"},{"$i":"tcl-confirm-dialog-ok","$v":"ٹھیک ہے"},{"$i":"tcl-yes","$v":"ہاں"},{"$i":"tcl-no","$v":"نہیں"},{"$i":"tcl-delete-current-thread?","$v":"منتخبہ پیغام تھریڈز کو حذف کریں"},{"$i":"tcl-attention","$v":"توجہ دیں"},{"$i":"tcl-options","$v":"اختیارات"},{"$i":"send-failed","$v":"بھیجنا ناکام۔"},{"$i":"subject-removed","$v":"عنوان نکال دیا گیا۔"},{"$i":"media-storage-limit-alert-title","$v":"اسٹوریج بھر گیا ہے"},{"$i":"media-storage-limit-alert-body","$v":"آپ مزید خالی جگہ حاصل کرنے کیلئے کچھ میڈیا فائلیں حذف کرسکتے ہیں یا ایپلیکیشن ڈیٹا کا نظم کرسکتے ہیں۔"},{"$i":"media-storage-limit-alert-cancel","$v":"منسوخ کریں"},{"$i":"media-storage-limit-alert-setting","$v":"سیٹنگز پر جائيں"},{"$i":"email","$v":"ای میل"},{"$i":"go","$v":"جائیں"},{"$i":"weekday-0-long","$v":"اتوار"},{"$i":"weekday-1-long","$v":"پیر"},{"$i":"weekday-2-long","$v":"منگل"},{"$i":"weekday-3-long","$v":"بدھ"},{"$i":"weekday-4-long","$v":"جمعرات"},{"$i":"weekday-5-long","$v":"جمعہ"},{"$i":"weekday-6-long","$v":"سنیچر"},{"$i":"weekday-0-short","$v":"اتوار"},{"$i":"weekday-1-short","$v":"پیر"},{"$i":"weekday-2-short","$v":"منگل"},{"$i":"weekday-3-short","$v":"بدھ"},{"$i":"weekday-4-short","$v":"جمعرات"},{"$i":"weekday-5-short","$v":"جمعہ"},{"$i":"weekday-6-short","$v":"ہفتہ"},{"$i":"month-0-long","$v":"جنوری"},{"$i":"month-1-long","$v":"فروری"},{"$i":"month-2-long","$v":"مارچ"},{"$i":"month-3-long","$v":"اپریل"},{"$i":"month-4-long","$v":"مئی"},{"$i":"month-5-long","$v":"جون"},{"$i":"month-6-long","$v":"جولائی"},{"$i":"month-7-long","$v":"اگست"},{"$i":"month-8-long","$v":"ستمبر"},{"$i":"month-9-long","$v":"اکتوبر"},{"$i":"month-10-long","$v":"نومبر"},{"$i":"month-11-long","$v":"دسمبر"},{"$i":"month-0-genitive","$v":"جنوری"},{"$i":"month-1-genitive","$v":"فروری"},{"$i":"month-2-genitive","$v":"مارچ"},{"$i":"month-3-genitive","$v":"اپریل"},{"$i":"month-4-genitive","$v":"مئی"},{"$i":"month-5-genitive","$v":"جون"},{"$i":"month-6-genitive","$v":"جولائی"},{"$i":"month-7-genitive","$v":"اگست"},{"$i":"month-8-genitive","$v":"ستمبر"},{"$i":"month-9-genitive","$v":"اکتوبر"},{"$i":"month-10-genitive","$v":"نومبر"},{"$i":"month-11-genitive","$v":"دسمبر"},{"$i":"month-0-short","$v":"جنوری"},{"$i":"month-1-short","$v":"فروری"},{"$i":"month-2-short","$v":"مارچ"},{"$i":"month-3-short","$v":"اپریل"},{"$i":"month-4-short","$v":"مئی"},{"$i":"month-5-short","$v":"جون"},{"$i":"month-6-short","$v":"جولائی"},{"$i":"month-7-short","$v":"اگست"},{"$i":"month-8-short","$v":"ستمبر"},{"$i":"month-9-short","$v":"اکتوبر"},{"$i":"month-10-short","$v":"نومبر"},{"$i":"month-11-short","$v":"دسمبر"},{"$i":"minutes-ago-long","$v":{"zero":"ابھی ابھی","one":"ایک منٹ قبل","two":[{"t":"idOrVar","v":"value"}," منٹس قبل"],"few":[{"t":"idOrVar","v":"value"}," منٹس قبل"],"many":[{"t":"idOrVar","v":"value"}," منٹس قبل"],"other":[{"t":"idOrVar","v":"value"}," منٹس قبل"]},"$x":[{"t":"idOrVar","v":"plural"},"value"]},{"$i":"hours-ago-long","$v":{"zero":"ابھی ابھی","one":"ایک گھنٹہ قبل","two":[{"t":"idOrVar","v":"value"}," گھنٹوں قبل"],"few":[{"t":"idOrVar","v":"value"}," گھنٹوں قبل"],"many":[{"t":"idOrVar","v":"value"}," گھنٹوں قبل"],"other":[{"t":"idOrVar","v":"value"}," گھنٹوں قبل"]},"$x":[{"t":"idOrVar","v":"plural"},"value"]},{"$i":"days-ago-long","$v":{"zero":"آج","one":"گزشتہ کل","two":[{"t":"idOrVar","v":"value"}," دن قبل"],"few":[{"t":"idOrVar","v":"value"}," دن قبل"],"many":[{"t":"idOrVar","v":"value"}," دن قبل"],"other":[{"t":"idOrVar","v":"value"}," دن قبل"]},"$x":[{"t":"idOrVar","v":"plural"},"value"]},{"$i":"weeks-ago-long","$v":{"zero":"اس ہفتہ","one":"آخری ہفتہ","two":[{"t":"idOrVar","v":"value"}," ہفتے قبل"],"few":[{"t":"idOrVar","v":"value"}," ہفتے قبل"],"many":[{"t":"idOrVar","v":"value"}," ہفتے قبل"],"other":[{"t":"idOrVar","v":"value"}," ہفتے قبل"]},"$x":[{"t":"idOrVar","v":"plural"},"value"]},{"$i":"months-ago-long","$v":{"zero":"اس ماہ","one":"آخری مہینہ","two":[{"t":"idOrVar","v":"value"}," مہینہ قبل"],"few":[{"t":"idOrVar","v":"value"}," مہینہ قبل"],"many":[{"t":"idOrVar","v":"value"}," مہینہ قبل"],"other":[{"t":"idOrVar","v":"value"}," مہینہ قبل"]},"$x":[{"t":"idOrVar","v":"plural"},"value"]},{"$i":"years-ago-long","$v":{"zero":"اس سال","one":"آخری سال","two":[{"t":"idOrVar","v":"value"}," سال قبل"],"few":[{"t":"idOrVar","v":"value"}," سال قبل"],"many":[{"t":"idOrVar","v":"value"}," سال قبل"],"other":[{"t":"idOrVar","v":"value"}," سال قبل"]},"$x":[{"t":"idOrVar","v":"plural"},"value"]},{"$i":"minutes-until-long","$v":{"zero":"ابھی","one":"ایک منٹ میں","two":[{"t":"idOrVar","v":"value"}," منٹوں میں"],"few":[{"t":"idOrVar","v":"value"}," منٹوں میں"],"many":[{"t":"idOrVar","v":"value"}," منٹوں میں"],"other":[{"t":"idOrVar","v":"value"}," منٹوں میں"]},"$x":[{"t":"idOrVar","v":"plural"},"value"]},{"$i":"hours-until-long","$v":{"zero":"ابھی","one":"ایک گھٹے میں","two":[{"t":"idOrVar","v":"value"}," گھنٹوں میں"],"few":[{"t":"idOrVar","v":"value"}," گھنٹوں میں"],"many":[{"t":"idOrVar","v":"value"}," گھنٹوں میں"],"other":[{"t":"idOrVar","v":"value"}," گھنٹوں میں"]},"$x":[{"t":"idOrVar","v":"plural"},"value"]},{"$i":"days-until-long","$v":{"zero":"آج","one":"tomorrow","two":[{"t":"idOrVar","v":"value"}," دنوں میں"],"few":[{"t":"idOrVar","v":"value"}," دنوں میں"],"many":[{"t":"idOrVar","v":"value"}," دنوں میں"],"other":[{"t":"idOrVar","v":"value"}," دنوں میں"]},"$x":[{"t":"idOrVar","v":"plural"},"value"]},{"$i":"weeks-until-long","$v":{"zero":"اس ہفتہ","one":"اگلے ہفتے","two":[{"t":"idOrVar","v":"value"}," ہفتوں میں"],"few":[{"t":"idOrVar","v":"value"}," ہفتوں میں"],"many":[{"t":"idOrVar","v":"value"}," ہفتوں میں"],"other":[{"t":"idOrVar","v":"value"}," ہفتوں میں"]},"$x":[{"t":"idOrVar","v":"plural"},"value"]},{"$i":"months-until-long","$v":{"zero":"اس ماہ","one":"اگلے ماہ","two":[{"t":"idOrVar","v":"value"}," مہینوں میں"],"few":[{"t":"idOrVar","v":"value"}," مہینوں میں"],"many":[{"t":"idOrVar","v":"value"}," مہینوں میں"],"other":[{"t":"idOrVar","v":"value"}," مہینوں میں"]},"$x":[{"t":"idOrVar","v":"plural"},"value"]},{"$i":"years-until-long","$v":{"zero":"اس سال","one":"اگلے سال","two":[{"t":"idOrVar","v":"value"}," سالوں میں"],"few":[{"t":"idOrVar","v":"value"}," سالوں میں"],"many":[{"t":"idOrVar","v":"value"}," سالوں میں"],"other":[{"t":"idOrVar","v":"value"}," سالوں میں"]},"$x":[{"t":"idOrVar","v":"plural"},"value"]},{"$i":"minutes-ago-short","$v":{"zero":"ابھی ابھی","other":[{"t":"idOrVar","v":"value"}," منٹ قبل"]},"$x":[{"t":"idOrVar","v":"plural"},"value"]},{"$i":"hours-ago-short","$v":{"zero":"ابھی ابھی","other":[{"t":"idOrVar","v":"value"}," گھنٹہ قبل"]},"$x":[{"t":"idOrVar","v":"plural"},"value"]},{"$i":"days-ago-short","$v":{"zero":"آج","other":[{"t":"idOrVar","v":"value"}," دن قبل"]},"$x":[{"t":"idOrVar","v":"plural"},"value"]},{"$i":"minutes-until-short","$v":{"zero":"ابھی","other":[{"t":"idOrVar","v":"value"}," منٹ میں"]},"$x":[{"t":"idOrVar","v":"plural"},"value"]},{"$i":"hours-until-short","$v":{"zero":"ابھی","other":[{"t":"idOrVar","v":"value"}," گھنٹے میں"]},"$x":[{"t":"idOrVar","v":"plural"},"value"]},{"$i":"days-until-short","$v":{"zero":"آج","other":[{"t":"idOrVar","v":"value"}," دن میں"]},"$x":[{"t":"idOrVar","v":"plural"},"value"]},{"$i":"dateTimeFormat_%c","$v":"%a %b %e %Y %I:%M:%S %p"},{"$i":"dateTimeFormat_%x","$v":"%m/%d/%Y"},{"$i":"dateTimeFormat_%X","$v":"%I:%M:%S %p"},{"$i":"shortTimeFormat","$v":"%I:%M %p"},{"$i":"shortTimeFormat12","$v":"%I:%M %p"},{"$i":"shortTimeFormat24","$v":"%H:%M"},{"$i":"shortDateTimeFormat","$v":"%x %I:%M %p"},{"$i":"weekStartsOnMonday","$v":"0"},{"$i":"firstDayOfTheWeek","$v":"0"},{"$i":"time_am","$v":"AM"},{"$i":"time_pm","$v":"PM"},{"$i":"softkey-options","$v":"اختیارات"},{"$i":"emergencyNumber","$v":"ہنگامی نمبر"},{"$i":"callAirplaneModeMessage","$v":"کال کرنے کیلئے آپ کو سیٹنگز میں ہوائی جہاز موڈ غیر فعال کرنے کی ضرورت ہوگی۔"},{"$i":"callAirplaneModeBtnOk","$v":"ٹھیک ہے"},{"$i":"callAirplaneModeTitle","$v":"ایئر پلین موڈ فعال شدہ"},{"$i":"numberIsBusyTitle","$v":"نمبر مصروف ہے"},{"$i":"numberIsBusyMessage","$v":"نمبر فی الحال مصروف ہے۔ براہ کرم بعد ازاں دوبارہ کوشش کریں۔"},{"$i":"fdnIsActiveTitle","$v":"FDN فعال"},{"$i":"fdnIsActiveMessage","$v":["FDN (فکسڈ ڈائلنگ نمبرز) فعال شدہ ہے اور مندرجہ ذیل نمبر آپ کی FDN فہرست میں نہیں ہے: ",{"t":"idOrVar","v":"number"}]},{"$i":"emergencyDialogBodyBadNumber","$v":"کال کرنے کیلئے، فون کو نیٹ ورک سے جڑا ہونا ضروری ہے۔"},{"$i":"emergencyDialogBodyDeviceNotAccepted","$v":"ہنگامی کالز نیٹ ورک کے ذریعے اجازت یافتہ نہیں ہے۔"},{"$i":"emergencyDialogBtnOk","$v":"ٹھیک ہے"},{"$i":"emergencyDialogTitle","$v":"کوئی نیٹ ورک کنکشن نہیں"},{"$i":"invalidNumberToDialTitle","$v":"غیر مجاز فون نمبر"},{"$i":"invalidNumberToDialMessage","$v":"آپ جس نمبر پر کال کررہے ہیں وہ غلط ہے۔"},{"$i":"unableToCallTitle","$v":"ابھی فون کال کرنے سے قاصر"},{"$i":"unableToCallMessage","$v":"کال نہیں کیا جاسکتا۔ اگر آپ پہلے سے ڈاؤن لوڈ کررہے ہیں، تو براہ کرم پہلے فون کاٹ دیں۔"},{"$i":"otherConnectionInUseTitle","$v":"دوسرا کنیکشن زیر استعمال ہے"},{"$i":"otherConnectionInUseMessage","$v":"دیگر کنیکشن پر آپ کا کوئی فعال کال ہے۔ آپ ایک وقت میں صرف ایک کنیکشن استعمال کر سکتے ہیں۔"},{"$i":"connectingEllipsis","$v":"مربوط کیا جا رہا ہے..."}]