[{"$i":"brandShortName","$v":"KaiOS"},{"$i":"browserBrandShortName","$v":"Web Browser"},{"$i":"browserBrandFullName","$v":"Mozilla Web Browser"},{"$i":"ringtoneBrandName","$v":"Default"},{"$i":"ringtoneSectionBrandName","$v":"System"},{"$i":"ok","$v":"OK"},{"$i":"back","$v":"Back"},{"$i":"help","$v":"Help"},{"$i":"cancel","$v":"Cancel"},{"$i":"close","$v":"Close"},{"$i":"skip","$v":"Skip"},{"$i":"clear","ariaLabel":"Clear"},{"$i":"enable","$v":"Enable"},{"$i":"turnOn","$v":"Turn On"},{"$i":"save","$v":"Save"},{"$i":"select","$v":"Select"},{"$i":"go","$v":"Go"},{"$i":"search","$v":"Search"},{"$i":"options","$v":"Options"},{"$i":"exit","$v":"Exit"},{"$i":"signIn","$v":"Sign In"},{"$i":"dismiss","$v":"Dismiss"},{"$i":"dismiss-all","$v":"Dismiss all"},{"$i":"undo","ariaLabel":"Undo"},{"$i":"lockscreenEnterLockCode","$v":"Please enter 4 digits code"},{"$i":"lockscreenCheckLockCode","$v":"Invalid code. Please try again."},{"$i":"pocketmodeLongPress","$v":"Long press"},{"$i":"pocketmodeToUnlock","$v":"to unlock"},{"$i":"enterPIN","$v":"Enter PIN"},{"$i":"mediaPlaybackTrack","$v":"Track title and artist"},{"$i":"mediaPlaybackControls","$v":"Playback controls"},{"$i":"mediaPlaybackPrevious","$v":"Previous"},{"$i":"mediaPlaybackPlay","$v":"Play"},{"$i":"mediaPlaybackPause","$v":"Pause"},{"$i":"mediaPlaybackNext","$v":"Next"},{"$i":"UnknownTrack","$v":"Unknown track"},{"$i":"wifiButton-on","$v":"Wi-Fi on"},{"$i":"wifiButton-on-initializing","$v":"Wi-Fi on, initializing"},{"$i":"wifiButton-off","$v":"Wi-Fi off"},{"$i":"dataButton-on","$v":["Data ",{"t":"idOrVar","v":"type"}," on"]},{"$i":"dataButton-off","$v":["Data ",{"t":"idOrVar","v":"type"}," off"]},{"$i":"bluetoothButton-on","$v":"Bluetooth on"},{"$i":"bluetoothButton-on-initializing","$v":"Bluetooth on, initializing"},{"$i":"bluetoothButton-off","$v":"Bluetooth off"},{"$i":"airplaneMode-on","$v":"Airplane mode on"},{"$i":"airplaneMode-off","$v":"Airplane mode off"},{"$i":"settingsButton","ariaLabel":"Settings"},{"$i":"simLabel","$v":["SIM ",{"t":"idOrVar","v":"id"}]},{"$i":"statusbarLabel","$v":[{"t":"idOrVar","v":"date"},", ",{"t":"idOrVar","v":"operator"}]},{"$i":"statusbarDateFormat","$v":"%b %e"},{"$i":"statusbar","ariaLabel":"Status Bar"},{"$i":"statusbarBattery","ariaLabel":["Battery ",{"t":"idOrVar","v":"level"}," percent"]},{"$i":"statusbarBatteryCharging","ariaLabel":["Battery ",{"t":"idOrVar","v":"level"}," percent, charging"]},{"$i":"statusbarFlightMode","ariaLabel":"Airplane mode on"},{"$i":"statusbarWiFiConnecting","$v":"Wi-Fi: connecting"},{"$i":"statusbarWiFiConnected","$v":["Wi-Fi: ",{"t":"idOrVar","v":"level"}," of 4 bars"]},{"$i":"statusbarSignal","$v":[{"t":"idOrVar","v":"operator"}," network, ",{"t":"idOrVar","v":"level"}," of 5 bars"]},{"$i":"statusbarSignalRoaming","$v":[{"t":"idOrVar","v":"operator"}," network (roaming), ",{"t":"idOrVar","v":"level"}," of 5 bars"]},{"$i":"statusbarSignalNoneSearching","$v":"Searching… Emergency calls only"},{"$i":"statusbarHeadphones","ariaLabel":"Headphones on"},{"$i":"statusbarBluetoothHeadphones","ariaLabel":"Bluetooth headphones on"},{"$i":"statusbarBluetoothTransferring","ariaLabel":"Bluetooth transfer active"},{"$i":"statusbarIconOn-tethering","$v":"Tethering on"},{"$i":"statusbarIconOnActive-tethering","$v":"Tethering on, active"},{"$i":"statusbarAlarm","ariaLabel":"Alarm on"},{"$i":"statusbarIME","ariaLabel":"IME on"},{"$i":"statusbarIconOn-bluetooth","$v":"Bluetooth on"},{"$i":"statusbarIconOnActive-bluetooth","$v":"Bluetooth on, active"},{"$i":"statusbarIconOn-mute","$v":"Mute on"},{"$i":"statusbarIconOn-vibration","$v":"Vibration on"},{"$i":"statusbarRecording","ariaLabel":"Recording on"},{"$i":"statusbarGeolocation","ariaLabel":"Geolocation on"},{"$i":"statusbarUsb","ariaLabel":"USB on"},{"$i":"statusbarForwarding","$v":"Call forwarding on"},{"$i":"statusbarPlaying","ariaLabel":"Media playing"},{"$i":"statusbarNfc","ariaLabel":"NFC on"},{"$i":"statusbarDownloads","ariaLabel":"Downloading…"},{"$i":"statusbarNetworkActivity","ariaLabel":"Networking on"},{"$i":"statusbarEmergencyCBNotification","ariaLabel":"Emergency callback"},{"$i":"statusbarNotifications","$v":{"one":[{"t":"idOrVar","v":"n"}," Alert"],"two":[{"t":"idOrVar","v":"n"}," Alerts"],"few":[{"t":"idOrVar","v":"n"}," Alerts"],"many":[{"t":"idOrVar","v":"n"}," Alerts"],"other":[{"t":"idOrVar","v":"n"}," Alerts"]},"$x":[{"t":"idOrVar","v":"plural"},"n"]},{"$i":"statusbarNotifications-unread","ariaLabel":{"$x":[{"t":"idOrVar","v":"plural"},"n"],"$v":{"one":[{"t":"idOrVar","v":"n"}," unread notification"],"two":[{"t":"idOrVar","v":"n"}," unread notifications"],"few":[{"t":"idOrVar","v":"n"}," unread notifications"],"many":[{"t":"idOrVar","v":"n"}," unread notifications"],"other":[{"t":"idOrVar","v":"n"}," unread notifications"]}}},{"$i":"tcl-clear-all","$v":"Clear all"},{"$i":"notification-title","$v":{"zero":[{"t":"idOrVar","v":"n"}," Alert"],"one":[{"t":"idOrVar","v":"n"}," Alert"],"two":[{"t":"idOrVar","v":"n"}," Alerts"],"few":[{"t":"idOrVar","v":"n"}," Alerts"],"many":[{"t":"idOrVar","v":"n"}," Alerts"],"other":[{"t":"idOrVar","v":"n"}," Alerts"]},"$x":[{"t":"idOrVar","v":"plural"},"n"]},{"$i":"notification-dialog-no-notices","$v":"No Alerts"},{"$i":"tcl-ntf-open","$v":"Open"},{"$i":"tcl-ntf-next_song","$v":"Next"},{"$i":"tcl-ntf_play","$v":"Play"},{"$i":"tcl-ntf-pause","$v":"Pause"},{"$i":"tcl-ntf-dismiss-all","$v":"Dismiss All"},{"$i":"tcl-ntf-dismiss","$v":"Dismiss"},{"$i":"tcl-ntf-toaster-clear","$v":"Notification dismissed"},{"$i":"tcl-ntf-toaster-clear-all","$v":"Notifications were dismissed"},{"$i":"attentionScreen-tapToShow","$v":"Tap to show"},{"$i":"tcl-cmas-ok","$v":"OK"},{"$i":"tcl-cmas-screen-help","$v":"Press OK to view more information"},{"$i":"tcl-cmas-title","$v":"CMAS Alert"},{"$i":"camera","$v":"Camera"},{"$i":"tcl-dflt-value-level","$v":"Set value level"},{"$i":"tcl-dflt-range-value-name","$v":"Level"},{"$i":"newVoicemails","$v":{"zero":"No new voicemail","one":"One new voicemail","two":[{"t":"idOrVar","v":"n"}," new voicemails"],"few":[{"t":"idOrVar","v":"n"}," new voicemails"],"many":[{"t":"idOrVar","v":"n"}," new voicemails"],"other":[{"t":"idOrVar","v":"n"}," new voicemails"]},"$x":[{"t":"idOrVar","v":"plural"},"n"]},{"$i":"newVoicemailsUnknown","$v":"New voicemail"},{"$i":"dialNumber","$v":["Dial ",{"t":"idOrVar","v":"number"}]},{"$i":"voicemailNotificationMultiSim","$v":["(SIM ",{"t":"idOrVar","v":"n"},") ",{"t":"idOrVar","v":"title"}]},{"$i":"euRoamingNotificationTitle","$v":"EU internet detected"},{"$i":"euRoamingNotificationMsg","$v":"Tap to change."},{"$i":"confirmNFCConnectBTenabledNameUnknown","$v":"Are you sure you want to connect to the device?"},{"$i":"confirmNFCConnectBTdisabledNameUnknown","$v":"Turn on Bluetooth and connect to the device?"},{"$i":"confirmNFCConnectBTenabledNameKnown","$v":["Are you sure you want to connect to ",{"t":"idOrVar","v":"deviceName"},"?"]},{"$i":"confirmNFCConnectBTdisabledNameKnown","$v":["Turn on Bluetooth and connect to ",{"t":"idOrVar","v":"deviceName"},"?"]},{"$i":"confirmNFCConnectBTdisabled","$v":"Turn on"},{"$i":"dismissNFCConnectBTdisabled","$v":"Cancel"},{"$i":"confirmation","$v":"Confirmation"},{"$i":"deviceMenu","$v":"Phone"},{"$i":"airplane","$v":"Turn on airplane mode"},{"$i":"airplaneOff","$v":"Turn off airplane mode"},{"$i":"silent","$v":"Silent"},{"$i":"normal","$v":"Ring incoming calls"},{"$i":"restart","$v":"Restart"},{"$i":"power","$v":"Power off"},{"$i":"no-recent-app-windows","$v":"Your recent app windows show up here"},{"$i":"no-recent-browser-windows","$v":"Your recent browser windows show up here"},{"$i":"closeCard","ariaLabel":"Close"},{"$i":"openCard","ariaLabel":"Open"},{"$i":"yes","$v":"Yes"},{"$i":"no","$v":"No"},{"$i":"dontallow","$v":"Don’t allow"},{"$i":"allow","$v":"Allow"},{"$i":"dontshare-geolocation","$v":"Don’t Share"},{"$i":"share-geolocation","$v":"Share"},{"$i":"dontshare-audio-capture","$v":"Don’t Share"},{"$i":"share-audio-capture","$v":"Share"},{"$i":"dontshare-video-capture","$v":"Don’t Share"},{"$i":"share-video-capture","$v":"Share"},{"$i":"dontshare-media-capture","$v":"Don’t Share"},{"$i":"share-media-capture","$v":"Share"},{"$i":"device-front","$v":"Front Camera"},{"$i":"device-back","$v":"Back Camera"},{"$i":"remember-my-choice","$v":"Remember my choice"},{"$i":"more-info","$v":"More info…"},{"$i":"hide-info","$v":"Hide info"},{"$i":"tcl-permission","$v":"Permission"},{"$i":"install-app","$v":["Install ",{"t":"idOrVar","v":"name"},"?"]},{"$i":"size","$v":"Size"},{"$i":"author","$v":"Author"},{"$i":"size-unknown","$v":"Unknown"},{"$i":"author-unknown","$v":"Unknown"},{"$i":"install","$v":"Install"},{"$i":"bytes","$v":"bytes"},{"$i":"kB","$v":"KB"},{"$i":"MB","$v":"MB"},{"$i":"GB","$v":"GB"},{"$i":"TB","$v":"TB"},{"$i":"PB","$v":"PB"},{"$i":"app-install-generic-error","$v":[{"t":"idOrVar","v":"appName"}," download stopped"]},{"$i":"app-install-download-failed","$v":[{"t":"idOrVar","v":"appName"}," download failed"]},{"$i":"app-install-install-failed","$v":[{"t":"idOrVar","v":"appName"}," installation failed"]},{"$i":"cancelling-will-not-refund","$v":"Cancellation will not refund a purchase. Refunds for paid content are provided by the original seller."},{"$i":"apps-can-be-installed-later","$v":"Apps can be installed later from the original installation source."},{"$i":"are-you-sure-you-want-to-cancel","$v":"Are you sure you want to cancel this installation?"},{"$i":"cancel-install","$v":"Cancel Installation"},{"$i":"cancel-install-button","$v":"Cancel Installation"},{"$i":"resume","$v":"Resume"},{"$i":"continue","$v":"Continue"},{"$i":"stopDownloading","$v":["Stop downloading ",{"t":"idOrVar","v":"app"},"?"]},{"$i":"app-download-can-be-restarted","$v":"The download can be restarted later."},{"$i":"app-download-stop-button","$v":"Stop Download"},{"$i":"not-enough-space","$v":"Not enough space"},{"$i":"not-enough-space-message","$v":"There is not enough space to install this app. Delete old apps or media and try installing again from the original source."},{"$i":"app-install-success","$v":[{"t":"idOrVar","v":"appName"}," installed"]},{"$i":"langpack-install-success2","$v":[{"t":"idOrVar","v":"appName"}," installed. Go to Settings > Language to enable it."]},{"$i":"setup","$v":"Setup"},{"$i":"ime-addkeyboards","$v":"Add keyboards"},{"$i":"ime-lowercase","$v":"Lowercase"},{"$i":"ime-uppercase","$v":"Uppercase"},{"$i":"ime-number","$v":"Number"},{"$i":"ime-capitalize","$v":"Capitalize"},{"$i":"ime-t9","$v":"T9"},{"$i":"ime-r9","$v":"R9"},{"$i":"later","$v":"Later"},{"$i":"download","$v":"Download"},{"$i":"wantToDownload","$v":"Download update now?"},{"$i":"wantToInstallNow","$v":"Do you want to install the update now? You will not be able to use your phone during installation."},{"$i":"installNow","$v":"Install Now"},{"$i":"notNow","$v":"Not Now"},{"$i":"downloadingUpdateMessage","innerHTML":{"$o":["Downloading updates… <span>",{"t":"idOrVar","v":"progress"}," downloaded.</span>"]}},{"$i":"downloadingAppMessage","$v":["Downloading ",{"t":"idOrVar","v":"appName"}]},{"$i":"downloadingAppProgressNoMax","$v":[{"t":"idOrVar","v":"progress"}," downloaded"]},{"$i":"downloadingAppProgressIndeterminate","$v":"Downloading"},{"$i":"downloadingAppProgress","$v":[{"t":"idOrVar","v":"progress"}," / ",{"t":"idOrVar","v":"max"}," downloaded"]},{"$i":"cancelAllDownloads","$v":"Cancel all downloads"},{"$i":"wantToCancelAll","$v":"Are you sure you want to cancel all downloads?"},{"$i":"downloadError","$v":"There was an error while downloading the updates."},{"$i":"updateAvailableInfo","innerHTML":{"$x":[{"t":"idOrVar","v":"plural"},"n"],"$v":{"one":{"$o":[{"t":"idOrVar","v":"n"}," update available. <span>Tap for more info.</span>"]},"two":{"$o":[{"t":"idOrVar","v":"n"}," updates available. <span>Tap for more info.</span>"]},"few":{"$o":[{"t":"idOrVar","v":"n"}," updates available. <span>Tap for more info.</span>"]},"many":{"$o":[{"t":"idOrVar","v":"n"}," updates available. <span>Tap for more info.</span>"]},"other":{"$o":[{"t":"idOrVar","v":"n"}," updates available. <span>Tap for more info.</span>"]}}}},{"$i":"numberOfUpdates","$v":{"one":[{"t":"idOrVar","v":"n"}," Notifications"],"two":[{"t":"idOrVar","v":"n"}," Notifications"],"few":[{"t":"idOrVar","v":"n"}," Notifications"],"many":[{"t":"idOrVar","v":"n"}," Notifications"],"other":[{"t":"idOrVar","v":"n"}," Notifications"]},"$x":[{"t":"idOrVar","v":"plural"},"n"]},{"$i":"systemUpdate","$v":"System update"},{"$i":"systemUpdateReady","$v":"System Update Ready"},{"$i":"updates","$v":"Updates"},{"$i":"systemUpdateLowBatteryThreshold","$v":["You need at least ",{"t":"idOrVar","v":"threshold"},"% battery level to install the update."]},{"$i":"required","$v":"Required"},{"$i":"uncompressingMessage","innerHTML":{"$o":"Uncompressing… <span>This can take a few minutes.</span>"}},{"$i":"downloadWifiPrioritizedUsing2G","$v":"Updates are downloaded via data connection when Wi-Fi is not available. When using data connection, phone calls may be blocked and additional charges may also apply."},{"$i":"downloadWifiPrioritized3","$v":"Updates are downloaded via data connection when Wi-Fi is not available. When using data connection, additional charges may apply."},{"$i":"downloadNoWifiWarning","$v":"Wi-Fi unavailable. Updating over current connection may incur additional charges."},{"$i":"downloadOfflineWarning2","$v":"Connect to a network to download updates."},{"$i":"downloadUpdatesViaDataConnection","$v":"Download updates via data connection?"},{"$i":"downloadUpdatesVia2GForbidden3","$v":"Downloading updates is not possible on slow connections (2G). Please connect via Wi-Fi or 3G (if available) and try again."},{"$i":"downloadUpdatesViaDataConnectionMessage3","$v":"When using a data connection, additional costs may apply. Do you want to continue?"},{"$i":"downloadUpdatesViaDataRoamingConnection","$v":"Download updates via data roaming?"},{"$i":"downloadUpdatesViaDataRoamingConnectionMessage","$v":"You are currently in roaming, additional charges may apply. Do you wish to continue?"},{"$i":"screenshotSaved","$v":"Screenshot saved to Gallery"},{"$i":"screenshotFailed","$v":"The screenshot could not be saved"},{"$i":"screenshotNoSDCard","$v":"No memory card found"},{"$i":"screenshotSDCardInUse","$v":"Memory card is in use"},{"$i":"screenshotSDCardLow","$v":"Not enough space on memory card"},{"$i":"emergency-call-button","$v":"Emergency Call"},{"$i":"emergency-call","$v":"Emergency"},{"$i":"unlock-a11y-button","ariaLabel":"Unlock"},{"$i":"camera-a11y-button","ariaLabel":"Camera"},{"$i":"longDateFormat","$v":"%A, %B %e"},{"$i":"panel-passcode","ariaLabel":"Passcode panel"},{"$i":"open-notification","$v":"open"},{"$i":"softwareHomeButton","ariaLabel":"Home"},{"$i":"login","$v":"Sign in"},{"$i":"sign-in-to-website","$v":"Sign in to website"},{"$i":"username","$v":"Username"},{"$i":"password","$v":"Password"},{"$i":"show-password","$v":"Show password"},{"$i":"http-authentication-message2","$v":["The website ",{"t":"idOrVar","v":"host"}," requires you to sign in."]},{"$i":"error-message","$v":[{"t":"idOrVar","v":"name"}," is not loading properly."]},{"$i":"error-title","$v":[{"t":"idOrVar","v":"name"}," is having problems"]},{"$i":"unable-to-connect","$v":"Unable to connect"},{"$i":"tap-to-check-settings","$v":"Tap to check settings"},{"$i":"delete-title","$v":["Delete ",{"t":"idOrVar","v":"name"}]},{"$i":"delete-body","$v":[{"t":"idOrVar","v":"name"}," and all of its data will be deleted."]},{"$i":"delete","$v":"Uninstall"},{"$i":"delete-desc","$v":"Are you sure you want to uninstall it?"},{"$i":"unrecoverable-error-title","$v":"Remove Application"},{"$i":"unrecoverable-error-body","$v":"Cannot install application due to an unrecoverable error. Please try downloading again. The application will be removed."},{"$i":"unrecoverable-error-action","$v":"OK"},{"$i":"data-roaming-enabled-title","$v":"Turn on data roaming?"},{"$i":"data-roaming-enabled-warning2","$v":"In order to access the Internet, you need to turn on data roaming. Depending on your service agreement, extra charges may apply. Do you want to turn on data?"},{"$i":"instant-settings","$v":"instant settings"},{"$i":"settings","$v":"Settings"},{"$i":"flashlight","$v":"Flashlight"},{"$i":"brightness","$v":"Brightness"},{"$i":"volume","$v":"Volume"},{"$i":"calculator","$v":"Calculator"},{"$i":"airplane-mode","$v":"Airplane Mode"},{"$i":"wifi","$v":"Wi-Fi"},{"$i":"bluetooth","$v":"Bluetooth"},{"$i":"cellular-data","$v":"Cellular Data"},{"$i":"on","$v":"On"},{"$i":"off","$v":"Off"},{"$i":"select-time","$v":"Select Time"},{"$i":"select-date","$v":"Select Date"},{"$i":"tcl-select-day","$v":"Select Day"},{"$i":"tcl-add","$v":"Add"},{"$i":"battery-almost-empty-plug-in-your-charger","$v":"Phone battery is low. Please plug in the charger."},{"$i":"battery-temperature-warning-header","$v":"Warning"},{"$i":"battery-temperature-high","$v":"Temperature too high. Phone will turn off if temperature keeps rising."},{"$i":"battery-temperature-high-stop-charging","$v":"Temperature too high. Battery has stopped charging. Phone will turn off if temperature keeps rising."},{"$i":"battery-temperature-low","$v":"Temperature too low. Phone will turn off if temperature keeps lowering."},{"$i":"battery-temperature-low-stop-charging","$v":"Temperature too low. Battery has stopped charging. Phone will turn off if temperature keeps lowering."},{"$i":"new-window","$v":"New window"},{"$i":"new-private-window","$v":"New private window"},{"$i":"show-windows","$v":"Show windows"},{"$i":"add-to-home-screen","$v":"Add to home screen"},{"$i":"share","$v":"Share"},{"$i":"crash-dialog2-os","$v":[{"t":"idOrVar","v":"brandShortName"}," just recovered from a crash"]},{"$i":"crash-dialog-app","$v":[{"t":"idOrVar","v":"name"}," just crashed"]},{"$i":"crash-dialog-app-noname","$v":"Something"},{"$i":"crash-dialog-message","$v":"Would you like to send KaiOS a report about the crash to help us fix the problem? (Reports are sent over Wi-Fi only.)"},{"$i":"crash-info-link","$v":"What’s in a crash report?"},{"$i":"crash-always-report","$v":"Always send KaiOS a report when a crash occurs."},{"$i":"crash-dont-send","$v":"Don’t Send"},{"$i":"crash-end","$v":"Send Report"},{"$i":"crashReports","$v":"Crash Reports"},{"$i":"done","$v":"Done"},{"$i":"crash-reports-description-1","$v":"A crash report contains some details about the crash and your device, as well as a snapshot of the state of your device when it crashed."},{"$i":"crash-reports-description-2","$v":"This may include things like open pages and apps, text typed into forms and the content of open messages, recent browsing history, or Geolocation used by an open app."},{"$i":"crash-reports-description-3-start","$v":"We use crash reports to try to fix problems and improve our products. We handle your information as we describe in our "},{"$i":"crash-reports-description-3-privacy","$v":"privacy policy"},{"$i":"crash-reports-description-3-end","$v":"."},{"$i":"crash-banner-os2","$v":[{"t":"idOrVar","v":"brandShortName"}," just crashed."]},{"$i":"crash-banner-app","$v":[{"t":"idOrVar","v":"name"}," just crashed."]},{"$i":"crash-banner-report","$v":"Report"},{"$i":"bluetooth-sending-progress","$v":"Sending file via Bluetooth"},{"$i":"bluetooth-receiving-progress","$v":"Receiving file via Bluetooth"},{"$i":"acceptFileTransfer","$v":"Transfer Request"},{"$i":"requestToReceive","$v":[{"t":"idOrVar","v":"deviceName"}," would like to transfer file(s). Do you want to accept?"]},{"$i":"wantToReceiveFile","$v":[{"t":"idOrVar","v":"deviceName"}," would like to transfer ",{"t":"idOrVar","v":"fileName"}," (",{"t":"idOrVar","v":"fileSize"},")."]},{"$i":"transfer-confirmation-title","$v":[{"t":"idOrVar","v":"deviceName"}]},{"$i":"transfer-confirmation-description","$v":"Review transfer request."},{"$i":"byteUnit-B","$v":"Bytes"},{"$i":"byteUnit-KB","$v":"KB"},{"$i":"byteUnit-MB","$v":"MB"},{"$i":"byteUnit-GB","$v":"GB"},{"$i":"byteUnit-TB","$v":"TB"},{"$i":"byteUnit-PB","$v":"PB"},{"$i":"byteUnit-EB","$v":"EB"},{"$i":"byteUnit-ZB","$v":"ZB"},{"$i":"byteUnit-YB","$v":"YB"},{"$i":"fileSize","$v":[{"t":"idOrVar","v":"size"}," ",{"t":"idOrVar","v":"unit"}]},{"$i":"deny","$v":"Deny"},{"$i":"transfer","$v":"Transfer"},{"$i":"accept","$v":"Accept"},{"$i":"stop","$v":"Stop"},{"$i":"cancelFileTransfer","$v":"Cancel Bluetooth file transfer?"},{"$i":"continueFileTransfer","$v":"Continue"},{"$i":"transfer-has-started-title","$v":"File transfer is ready to start"},{"$i":"transfer-has-started-description","$v":"Waiting for confirmation"},{"$i":"transfer-has-started-toast","$v":"File transfer started. Check the progress in Alerts."},{"$i":"transferFinished-sentSuccessful-title","$v":"File sent"},{"$i":"transferFinished-receivedSuccessful-title","$v":"File received"},{"$i":"transferFinished-failed-title","$v":"File transfer fail"},{"$i":"transferFinished-try-again-description","$v":"Cannot send file right now. Please try again later."},{"$i":"transferReport-title","$v":"Transfer report:"},{"$i":"transferReport-description","$v":[{"t":"idOrVar","v":"numSuccessful"}," files successful, ",{"t":"idOrVar","v":"numUnsuccessful"}," files unsuccessful"]},{"$i":"unknown-file","$v":"Unknown file"},{"$i":"unknown-device","$v":"Unknown device"},{"$i":"cannotOpenFile","$v":"Cannot open received file."},{"$i":"unknownMediaTypeToOpenFile","$v":["Cannot open unknown media type: ",{"t":"idOrVar","v":"fileName"}]},{"$i":"cannotReceiveFile","$v":"Cannot receive file."},{"$i":"cannotGetStorageState","$v":"Cannot get device storage state."},{"$i":"sdcard-not-exist2","$v":"No memory card found. Please insert a memory card."},{"$i":"sdcard-in-use","$v":"Bluetooth cannot be used while phone is plugged in. Please unplug the phone to receive file(s)."},{"$i":"sdcard-no-space2","$v":"Cannot complete file transfer, memory card is full."},{"$i":"unknown-error","$v":"Unknown error"},{"$i":"confirm","$v":"Confirm"},{"$i":"storage","$v":"Storage"},{"$i":"sdcard-detected-title","$v":"SD card detected"},{"$i":"sdcard-total-size-body","$v":["Total size: ",{"t":"idOrVar","v":"size"}," ",{"t":"idOrVar","v":"unit"}]},{"$i":"sdcard-unknown-size-then-tap-to-format-body","$v":"Unknown size, tap to format"},{"$i":"sdcard-removed-title","$v":"SD card removed"},{"$i":"sdcard-removed-ejected-successfully","$v":"Ejected successfully"},{"$i":"sdcard-removed-not-ejected-properly","$v":"SD Card is not ejected properly."},{"$i":"set-sdcard-as-default-media-location","$v":"SD card detected. Set SD card as default media location?"},{"$i":"microphone-is-on","$v":"Mic is on"},{"$i":"camera-is-on","$v":"Camera is on"},{"$i":"media-is-on","$v":{"$o":"Camera & Mic are ON"}},{"$i":"noSimCard","$v":"No SIM card"},{"$i":"simPin","$v":"SIM PIN"},{"$i":"pukCode","$v":"PUK code"},{"$i":"nckCode","$v":"NCK code"},{"$i":"cckCode","$v":"CCK code"},{"$i":"spckCode","$v":"SPCK code"},{"$i":"nck1code","$v":"NCK1 code"},{"$i":"nck2code","$v":"NCK2 code"},{"$i":"hnckcode","$v":"HNCK code"},{"$i":"rcckcode","$v":"RCCK code"},{"$i":"rspckcode","$v":"RSPCK code"},{"$i":"whatIsSimPin","$v":"What is a SIM PIN?"},{"$i":"simPinIntro1","$v":"A SIM PIN prevents access to the SIM card cellular data networks. When it’s enabled, any device containing the SIM card will request the PIN upon restart."},{"$i":"simPinIntro2","$v":"A SIM PIN is not the same as the passcode used to unlock the device."},{"$i":"changeSimPin","$v":"Change PIN"},{"$i":"pinTitle","$v":"Enter SIM PIN"},{"$i":"multiSIMpinTitle","$v":["Enter SIM ",{"t":"idOrVar","v":"n"}," PIN"]},{"$i":"pukTitle","$v":"Enter PUK code"},{"$i":"nckTitle","$v":"Enter NCK code"},{"$i":"cckTitle","$v":"Enter CCK code"},{"$i":"spckTitle","$v":"Enter SPCK code"},{"$i":"nck1Title","$v":"Enter NCK1 code"},{"$i":"nck2Title","$v":"Enter NCK2 code"},{"$i":"hnckTitle","$v":"Enter HNCK code"},{"$i":"rcckTitle","$v":"Enter RCCK code"},{"$i":"rspckTitle","$v":"Enter RSPCK code"},{"$i":"newpinTitle","$v":"New PIN"},{"$i":"inputCodeRetriesLeft","$v":{"one":"Last try.","two":[{"t":"idOrVar","v":"n"}," tries left."],"few":[{"t":"idOrVar","v":"n"}," tries left."],"many":[{"t":"idOrVar","v":"n"}," tries left."],"other":[{"t":"idOrVar","v":"n"}," tries left."]},"$x":[{"t":"idOrVar","v":"plural"},"n"]},{"$i":"pinErrorMsg","$v":"The PIN was incorrect."},{"$i":"pinAttemptMsg2","$v":{"one":"You have one try left to enter the correct code before locking the SIM card.","two":["You have ",{"t":"idOrVar","v":"n"}," tries left to enter the correct code before locking the SIM card."],"few":["You have ",{"t":"idOrVar","v":"n"}," tries left to enter the correct code before locking the SIM card."],"many":["You have ",{"t":"idOrVar","v":"n"}," tries left to enter the correct code before locking the SIM card."],"other":["You have ",{"t":"idOrVar","v":"n"}," tries left to enter the correct code before locking the SIM card."]},"$x":[{"t":"idOrVar","v":"plural"},"n"]},{"$i":"pinLastChanceMsg","$v":"This is your last chance to enter the correct PIN. Otherwise, you must enter the PUK code to use this SIM card."},{"$i":"simCardLockedMsg","$v":"The SIM card is locked."},{"$i":"enterPukMsg","$v":"You must enter the Personal Unlocking Key (PUK) code for the SIM card. Refer to your SIM card documentation or contact your network provider for more information."},{"$i":"pukErrorMsg","$v":"The PUK code is incorrect."},{"$i":"pukAttemptMsg2","$v":{"one":"You have one try left to enter the correct code before this SIM card will be permanently unusable. Refer to your SIM card documentation or contact your network provider for more information.","two":["You have ",{"t":"idOrVar","v":"n"}," tries left to enter the correct code before this SIM card will be permanently unusable. Refer to your SIM card documentation or contact your network provider for more information."],"few":["You have ",{"t":"idOrVar","v":"n"}," tries left to enter the correct code before this SIM card will be permanently unusable. Refer to your SIM card documentation or contact your network provider for more information."],"many":["You have ",{"t":"idOrVar","v":"n"}," tries left to enter the correct code before this SIM card will be permanently unusable. Refer to your SIM card documentation or contact your network provider for more information."],"other":["You have ",{"t":"idOrVar","v":"n"}," tries left to enter the correct code before this SIM card will be permanently unusable. Refer to your SIM card documentation or contact your network provider for more information."]},"$x":[{"t":"idOrVar","v":"plural"},"n"]},{"$i":"pukLastChanceMsg","$v":"Last chance to enter the correct PUK code. Your SIM card will be permanently unusable if you enter in the wrong PUK code. Refer to your SIM card documentation or contact your network provider for more information."},{"$i":"cardPermanentlyLockMsg-head","$v":"Incorrect PUK."},{"$i":"cardPermanentlyLockMsg-body","$v":"Your SIM card is permanently locked. Contact your carrier for more information."},{"$i":"newSimPinMsg","$v":"Create PIN (must contain 4 to 8 digits)"},{"$i":"confirmNewSimPinMsg","$v":"Confirm new PIN"},{"$i":"newPinErrorMsg","$v":"PINs don’t match."},{"$i":"nckErrorMsg","$v":"The NCK code is incorrect."},{"$i":"nckAttemptMsg2","$v":{"one":"Network depersonalization request failure. You have one try left to enter the correct code. Refer to your device documentation or contact your network provider for more information.","two":["Network depersonalization request failure. You have ",{"t":"idOrVar","v":"n"}," tries left to enter the correct code. Refer to your device documentation or contact your network provider for more information."],"few":["Network depersonalization request failure. You have ",{"t":"idOrVar","v":"n"}," tries left to enter the correct code. Refer to your device documentation or contact your network provider for more information."],"many":["Network depersonalization request failure. You have ",{"t":"idOrVar","v":"n"}," tries left to enter the correct code. Refer to your device documentation or contact your network provider for more information."],"other":["Network depersonalization request failure. You have ",{"t":"idOrVar","v":"n"}," tries left to enter the correct code. Refer to your device documentation or contact your network provider for more information."]},"$x":[{"t":"idOrVar","v":"plural"},"n"]},{"$i":"nckLastChanceMsg","$v":"Network depersonalization request failure. Last chance to enter the correct NCK code. Refer to your device documentation or contact your network provider for more information."},{"$i":"sim-attention-header","$v":"SIM locked"},{"$i":"sim-attention-head","$v":"SIM card is locked."},{"$i":"sim-attention-body","$v":"Would you like to enter PUK code to unlock SIM card?"},{"$i":"enter-puk-rsk","$v":"Enter PUK"},{"$i":"verify-rsk","$v":"Done"},{"$i":"activity-pick","$v":"Select from"},{"$i":"activity-view","$v":"View with"},{"$i":"activity-test","$v":"Test with"},{"$i":"activity-share","$v":"Share Via"},{"$i":"activity-new","$v":"Create with"},{"$i":"activity-open","$v":"Open with"},{"$i":"activity-save-bookmark","$v":"Bookmark to"},{"$i":"activity-record","$v":"Record from"},{"$i":"activity-browse","$v":"Browse with"},{"$i":"activity-configure","$v":"Configure with"},{"$i":"activity-dial","$v":"Dial from"},{"$i":"persona-signin","$v":"Sign In"},{"$i":"payment-flow","$v":"Purchase"},{"$i":"remoteDebuggerMessage","$v":"An incoming request to permit remote debugging connection was detected. Allow connection?"},{"$i":"captive-wifi-available","$v":["The network ",{"t":"idOrVar","v":"networkName"}," was found. Join network?"]},{"$i":"ceWarningtitle","$v":"Volume warning"},{"$i":"ceWarningcontent","$v":"To prevent possible hearing damage, do not listen at high volume levels for long periods."},{"$i":"tcl-volume-type-notification","$v":{"$o":"Ringtones & Alerts"}},{"$i":"tcl-volume-type-telephony","$v":"Volume"},{"$i":"volume-type-alarm","$v":"Alarm"},{"$i":"volume-type-content","$v":"Media"},{"$i":"vibrate-only","$v":"Vibrate Only"},{"$i":"vibrate-on","$v":"Vibrate:On"},{"$i":"vibrate-off","$v":"Vibrate:Off"},{"$i":"tcl-volume","$v":["Volume:",{"t":"idOrVar","v":"n"},"/",{"t":"idOrVar","v":"c"}]},{"$i":"notification-powersaving-mode-on-title","$v":"Power Saving Mode"},{"$i":"notification-powersaving-mode-on-description","$v":"Power saving mode is on."},{"$i":"low-device-storage","$v":"Device space is low.\\n"},{"$i":"free-space","$v":{"zero":"No remaining free space.","one":["Less than ",{"t":"idOrVar","v":"value"}," ",{"t":"idOrVar","v":"unit"}," remaining."],"two":["Less than ",{"t":"idOrVar","v":"value"}," ",{"t":"idOrVar","v":"unit"}," remaining."],"few":["Less than ",{"t":"idOrVar","v":"value"}," ",{"t":"idOrVar","v":"unit"}," remaining."],"many":["Less than ",{"t":"idOrVar","v":"value"}," ",{"t":"idOrVar","v":"unit"}," remaining."],"other":["Less than ",{"t":"idOrVar","v":"value"}," ",{"t":"idOrVar","v":"unit"}," remaining."]},"$x":[{"t":"idOrVar","v":"plural"},"value"]},{"$i":"unknown-free-space","$v":"Unknown remaining space."},{"$i":"system-alert","$v":"System Alert"},{"$i":"cb-channel","$v":["Channel ",{"t":"idOrVar","v":"channel"}]},{"$i":"cb-etws-warningType-earthquake","$v":"Earthquake warning!"},{"$i":"cb-etws-warningType-tsunami","$v":"Tsunami warning!"},{"$i":"cb-etws-warningType-earthquake-tsunami","$v":"Earthquake-tsunami warning!"},{"$i":"cb-etws-warningType-test","$v":"Alert system is being tested."},{"$i":"cb-etws-warningType-other","$v":"Emergency warning!"},{"$i":"icc-message-maintitle","$v":"Operator Message"},{"$i":"icc-message-subtitle","$v":"SIM"},{"$i":"icc-confirmCall-defaultmessage","$v":["Call ",{"t":"idOrVar","v":"number"},"?"]},{"$i":"icc-alertMessage-defaultmessage","$v":"Sending message"},{"$i":"icc-confirmMessage-defaultmessage","$v":"Send message?"},{"$i":"icc-notification-title","$v":["SIM ",{"t":"idOrVar","v":"id"}," STK"]},{"$i":"icc-inputbox-maintitle","$v":"STK Query"},{"$i":"icc-inputbox-subtitle","$v":["SIM ",{"t":"idOrVar","v":"id"}]},{"$i":"emergency-callback-mode","$v":"Emergency call back mode"},{"$i":"emergency-callback-message","$v":"You cannot make calls, send messages or go online because emergency callback mode is enabled. Would you like to turn it off?"},{"$i":"cdma-record-info","$v":"CDMA record information"},{"$i":"ime-switching-title","$v":[{"t":"idOrVar","v":"appName"},": ",{"t":"idOrVar","v":"name"}]},{"$i":"ime-switching-tip","$v":"Tap to switch input method"},{"$i":"shrinking-tip","$v":"Swipe to share"},{"$i":"download_started","$v":"Download started"},{"$i":"download_stopped","$v":"Download stopped"},{"$i":"download_downloading","$v":[{"t":"idOrVar","v":"percentage"},"%"]},{"$i":"download_succeeded","$v":"Download complete"},{"$i":"download_failed","$v":"Download failed"},{"$i":"download_text_by_default","$v":[{"t":"idOrVar","v":"name"}]},{"$i":"search-the-web","$v":"Search the web"},{"$i":"search-or-enter-address","$v":"Search or enter address","placeholder":"Search or enter address"},{"$i":"search-or-enter-url","$v":"Search or enter URL","placeholder":"Search or enter URL"},{"$i":"back-button","ariaLabel":"Back"},{"$i":"forward-button","ariaLabel":"Forward"},{"$i":"reload-button","ariaLabel":"Reload"},{"$i":"stop-button","ariaLabel":"Stop"},{"$i":"windows-button","ariaLabel":"Show windows"},{"$i":"noHotspotWhenAPMisOnWifiHotspot","$v":"Turn off airplane mode to use Wi-Fi hotspot."},{"$i":"apmActivated","$v":"Airplane mode activated"},{"$i":"open-in-new-window","$v":"Open in new window"},{"$i":"open-in-new-private-window","$v":"Open in new private window"},{"$i":"add-link-to-home-screen","$v":"Add link to home screen"},{"$i":"share-link","$v":"Share link"},{"$i":"save-image","$v":"Save Image"},{"$i":"save-video","$v":"Save Video"},{"$i":"save-audio","$v":"Save Audio"},{"$i":"save-link","$v":"Save linked file"},{"$i":"share-image","$v":"Share Image"},{"$i":"share-video","$v":"Share Video"},{"$i":"share-audio","$v":"Share Audio"},{"$i":"tcl-cancelButtonId","$v":"Cancel"},{"$i":"tcl-not-send","$v":"Don't Send"},{"$i":"tcl-send-report","$v":"Send Report"},{"$i":"refresh","$v":"Refresh"},{"$i":"goBack","$v":"Go back"},{"$i":"goForward","$v":"Go forward"},{"$i":"goToTopSites","$v":"Go to Top Sites"},{"$i":"pinToTopSites","$v":"Pin to Top Sites"},{"$i":"viewMessages","$v":"View Messages"},{"$i":"quit","$v":"Quit"},{"$i":"pinSiteCompletely","$v":"This web site has been pinned to Top Sites."},{"$i":"siteWasPinnedBefore","$v":"This web site was pinned to Top Sites before."},{"$i":"pinnedSitesOverLimit","$v":"You have reached the maximum number of pinned web sites."},{"$i":"private-window","$v":"Private Window"},{"$i":"private-window-info1","$v":["You have opened a new private window. In private windows, ",{"t":"idOrVar","v":"brandShortName"}," won’t keep any browser history, cookies, or temporary Internet files. However, files you download and bookmarks you make will be kept."]},{"$i":"private-window-info2","$v":"While this device won’t have a record of your browsing history, your Internet service provider can still track the pages you visit."},{"$i":"okCharsLeft","$v":["OK (",{"t":"idOrVar","v":"n"},")"]},{"$i":"ext-bluetooth-req","$v":"Pairing Request"},{"$i":"ext-unknown","$v":"UNKNOWN"},{"$i":"ext-new-message","$v":"New Message"},{"$i":"ext-new-mail","$v":"New Mail"},{"$i":"ext-calendar-event","$v":"Calendar Event"},{"$i":"ext-new-notification","$v":"New Notices"},{"$i":"incoming","$v":"Incoming"},{"$i":"ext-volume-notification","$v":{"$o":"Ringtones & notifications"}},{"$i":"ext-volume-content","$v":"Media"},{"$i":"ext-volume-alarm","$v":"Alarm"},{"$i":"ext-new-cmas","$v":"Emergency"},{"$i":"supl-notification-title","$v":"Location Request"},{"$i":"supl-notification-message","$v":"Your location is being transmitted to the network provider."},{"$i":"supl-verification-title","$v":"Location Request"},{"$i":"supl-verification-message","$v":"The network provider is requesting your location. Do you want to provide your location info to the network provider?"},{"$i":"supl-verification-message-for-notification","$v":"Click here to confirm"},{"$i":"supl-verification-confirm","$v":"Yes"},{"$i":"supl-verification-cancel","$v":"No"},{"$i":"supl-more-message","$v":["Message: ",{"t":"idOrVar","v":"id"}," (",{"t":"idOrVar","v":"message"},")"]},{"$i":"confirmMsg","$v":[{"t":"idOrVar","v":"deviceId"}," would like to access your contacts and call history, accept?"]},{"$i":"confirmTitle","$v":"Phonebook access request"},{"$i":"initialValue","$v":"Enter session key"},{"$i":"wifiCallErrorMsg","$v":["Wifi call error: ",{"t":"idOrVar","v":"error"}]},{"$i":"needValidJioSim","$v":"Please insert a valid JIO SIM."},{"$i":"battery-full-title","$v":"Battery Full"},{"$i":"battery-full-body","$v":"Battery is fully charged."},{"$i":"accessibility-enableScreenReaderSteps","$v":"To enable screen reader, press volume up button once and then volume down button thrice."},{"$i":"accessibility-disableScreenReaderSteps","$v":"To disable screen reader, press volume up button once and then volume down button thrice."},{"$i":"accessibility-screenReaderStarted","$v":"Screen reader started"},{"$i":"accessibility-screenReaderStopped","$v":"Screen reader stopped"},{"$i":"accessibility-menubar","$v":"menu bar"},{"$i":"accessibility-scrollbar","$v":"scroll bar"},{"$i":"accessibility-grip","$v":"grip"},{"$i":"accessibility-alert","$v":"alert"},{"$i":"accessibility-menupopup","$v":"menu popup"},{"$i":"accessibility-document","$v":"document"},{"$i":"accessibility-pane","$v":"pane"},{"$i":"accessibility-dialog","$v":"dialog"},{"$i":"accessibility-separator","$v":"separator"},{"$i":"accessibility-toolbar","$v":"toolbar"},{"$i":"accessibility-statusbar","$v":"status bar"},{"$i":"accessibility-table","$v":"table"},{"$i":"accessibility-columnheader","$v":"column header"},{"$i":"accessibility-rowheader","$v":"row header"},{"$i":"accessibility-column","$v":"column"},{"$i":"accessibility-row","$v":"row"},{"$i":"accessibility-cell","$v":"cell"},{"$i":"accessibility-link","$v":"link"},{"$i":"accessibility-list","$v":"list"},{"$i":"accessibility-listitem","$v":"list item"},{"$i":"accessibility-outline","$v":"outline"},{"$i":"accessibility-outlineitem","$v":"outline item"},{"$i":"accessibility-pagetab","$v":"tab"},{"$i":"accessibility-propertypage","$v":"property page"},{"$i":"accessibility-graphic","$v":"graphic"},{"$i":"accessibility-pushbutton","$v":"button"},{"$i":"accessibility-checkbutton","$v":"check button"},{"$i":"accessibility-radiobutton","$v":"radio button"},{"$i":"accessibility-combobox","$v":"combo box"},{"$i":"accessibility-progressbar","$v":"progress bar"},{"$i":"accessibility-slider","$v":"slider"},{"$i":"accessibility-spinbutton","$v":"spin button"},{"$i":"accessibility-diagram","$v":"diagram"},{"$i":"accessibility-animation","$v":"animation"},{"$i":"accessibility-equation","$v":"equation"},{"$i":"accessibility-buttonmenu","$v":"button menu"},{"$i":"accessibility-whitespace","$v":"white space"},{"$i":"accessibility-pagetablist","$v":"tab list"},{"$i":"accessibility-canvas","$v":"canvas"},{"$i":"accessibility-checkmenuitem","$v":"Double tap to activate"},{"$i":"accessibility-label","$v":"label"},{"$i":"accessibility-passwordtext","$v":"password text"},{"$i":"accessibility-radiomenuitem","$v":"Radio menu item"},{"$i":"accessibility-textcontainer","$v":"text container"},{"$i":"accessibility-togglebutton","$v":"toggle button"},{"$i":"accessibility-treetable","$v":"tree table"},{"$i":"accessibility-header","$v":"header"},{"$i":"accessibility-footer","$v":"footer"},{"$i":"accessibility-paragraph","$v":"paragraph"},{"$i":"accessibility-entry","$v":"entry"},{"$i":"accessibility-caption","$v":"caption"},{"$i":"accessibility-heading","$v":"heading"},{"$i":"accessibility-section","$v":"section"},{"$i":"accessibility-form","$v":"form"},{"$i":"accessibility-comboboxlist","$v":"combo box list"},{"$i":"accessibility-comboboxoption","$v":"combo box option"},{"$i":"accessibility-imagemap","$v":"image map"},{"$i":"accessibility-listboxoption","$v":"option"},{"$i":"accessibility-listbox","$v":"list box"},{"$i":"accessibility-flatequation","$v":"flat equation"},{"$i":"accessibility-gridcell","$v":"gridcell"},{"$i":"accessibility-note","$v":"note"},{"$i":"accessibility-figure","$v":"figure"},{"$i":"accessibility-definitionlist","$v":"definition list"},{"$i":"accessibility-term","$v":"term"},{"$i":"accessibility-definition","$v":"definition"},{"$i":"accessibility-textarea","$v":"text area"},{"$i":"accessibility-textInputType_date","$v":"date"},{"$i":"accessibility-textInputType_email","$v":"e-mail"},{"$i":"accessibility-textInputType_search","$v":"search"},{"$i":"accessibility-textInputType_tel","$v":"telephone"},{"$i":"accessibility-textInputType_url","$v":"URL"},{"$i":"accessibility-headingLevel","$v":["heading level ",{"t":"idOrVar","v":"0"}]},{"$i":"accessibility-listStart","$v":"First item"},{"$i":"accessibility-listEnd","$v":"Last item"},{"$i":"accessibility-listItemsCount","$v":{"zero":[{"t":"idOrVar","v":"count"}," items"],"one":[{"t":"idOrVar","v":"count"}," item"],"two":[{"t":"idOrVar","v":"count"}," items"],"few":[{"t":"idOrVar","v":"count"}," items"],"many":[{"t":"idOrVar","v":"count"}," items"],"other":[{"t":"idOrVar","v":"count"}," items"]},"$x":[{"t":"idOrVar","v":"plural"},"count"]},{"$i":"accessibility-objItemOfN","$v":[{"t":"idOrVar","v":"0"}," of ",{"t":"idOrVar","v":"1"}]},{"$i":"accessibility-banner","$v":"banner"},{"$i":"accessibility-complementary","$v":"complementary"},{"$i":"accessibility-contentinfo","$v":"content info"},{"$i":"accessibility-main","$v":"main"},{"$i":"accessibility-navigation","$v":"navigation"},{"$i":"accessibility-search","$v":"search"},{"$i":"accessibility-tblColumnInfo","$v":{"zero":["with ",{"t":"idOrVar","v":"count"}," columns"],"one":["with ",{"t":"idOrVar","v":"count"}," column"],"two":["with ",{"t":"idOrVar","v":"count"}," columns"],"few":["with ",{"t":"idOrVar","v":"count"}," columns"],"many":["with ",{"t":"idOrVar","v":"count"}," columns"],"other":["with ",{"t":"idOrVar","v":"count"}," columns"]},"$x":[{"t":"idOrVar","v":"plural"},"count"]},{"$i":"accessibility-tblRowInfo","$v":{"zero":["and ",{"t":"idOrVar","v":"count"}," rows"],"one":["and ",{"t":"idOrVar","v":"count"}," row"],"two":["and ",{"t":"idOrVar","v":"count"}," rows"],"few":["and ",{"t":"idOrVar","v":"count"}," rows"],"many":["and ",{"t":"idOrVar","v":"count"}," rows"],"other":["and ",{"t":"idOrVar","v":"count"}," rows"]},"$x":[{"t":"idOrVar","v":"plural"},"count"]},{"$i":"accessibility-columnInfo","$v":["Column ",{"t":"idOrVar","v":"0"}]},{"$i":"accessibility-rowInfo","$v":["Row ",{"t":"idOrVar","v":"0"}]},{"$i":"accessibility-spansColumns","$v":{"zero":["spans ",{"t":"idOrVar","v":"0"}," columns"],"one":["spans ",{"t":"idOrVar","v":"0"}," column"],"two":["spans ",{"t":"idOrVar","v":"0"}," columns"],"few":["spans ",{"t":"idOrVar","v":"0"}," columns"],"many":["spans ",{"t":"idOrVar","v":"0"}," columns"],"other":["spans ",{"t":"idOrVar","v":"0"}," columns"]},"$x":[{"t":"idOrVar","v":"plural"},"0"]},{"$i":"accessibility-spansRows","$v":{"zero":["spans ",{"t":"idOrVar","v":"0"}," rows"],"one":["spans ",{"t":"idOrVar","v":"0"}," row"],"two":["spans ",{"t":"idOrVar","v":"0"}," rows"],"few":["spans ",{"t":"idOrVar","v":"0"}," rows"],"many":["spans ",{"t":"idOrVar","v":"0"}," rows"],"other":["spans ",{"t":"idOrVar","v":"0"}," rows"]},"$x":[{"t":"idOrVar","v":"plural"},"0"]},{"$i":"accessibility-jumpAction","$v":"jumped"},{"$i":"accessibility-pressAction","$v":"pressed"},{"$i":"accessibility-checkAction","$v":"checked"},{"$i":"accessibility-uncheckAction","$v":"unchecked"},{"$i":"accessibility-selectAction","$v":"selected"},{"$i":"accessibility-unselectAction","$v":"unselected"},{"$i":"accessibility-openAction","$v":"opened"},{"$i":"accessibility-closeAction","$v":"closed"},{"$i":"accessibility-switchAction","$v":"switched"},{"$i":"accessibility-clickAction","$v":"clicked"},{"$i":"accessibility-collapseAction","$v":"collapsed"},{"$i":"accessibility-expandAction","$v":"expanded"},{"$i":"accessibility-activateAction","$v":"activated"},{"$i":"accessibility-cycleAction","$v":"cycled"},{"$i":"accessibility-hidden","$v":"hidden"},{"$i":"accessibility-tabLoading","$v":"loading"},{"$i":"accessibility-tabLoaded","$v":"loaded"},{"$i":"accessibility-tabNew","$v":"new tab"},{"$i":"accessibility-tabLoadStopped","$v":"loading stopped"},{"$i":"accessibility-tabReload","$v":"reloading"},{"$i":"accessibility-stateChecked","$v":"checked"},{"$i":"accessibility-stateNotChecked","$v":"not checked"},{"$i":"accessibility-statePressed","$v":"pressed"},{"$i":"accessibility-stateExpanded","$v":"expanded"},{"$i":"accessibility-stateCollapsed","$v":"collapsed"},{"$i":"accessibility-stateUnavailable","$v":"unavailable"},{"$i":"accessibility-stateRequired","$v":"required"},{"$i":"accessibility-stateTraversed","$v":"visited"},{"$i":"accessibility-stateHasPopup","$v":"has pop up"},{"$i":"accessibility-stateSelected","$v":"selected"},{"$i":"accessibility-editingMode","$v":"editing"},{"$i":"accessibility-navigationMode","$v":"navigating"},{"$i":"accessibility-quicknav_Simple","$v":"Default"},{"$i":"accessibility-quicknav_Anchor","$v":"Anchors"},{"$i":"accessibility-quicknav_Button","$v":"Buttons"},{"$i":"accessibility-quicknav_Combobox","$v":"Combo boxes"},{"$i":"accessibility-quicknav_Landmark","$v":"Landmarks"},{"$i":"accessibility-quicknav_Entry","$v":"Entries"},{"$i":"accessibility-quicknav_FormElement","$v":"Form elements"},{"$i":"accessibility-quicknav_Graphic","$v":"Images"},{"$i":"accessibility-quicknav_Heading","$v":"Headings"},{"$i":"accessibility-quicknav_ListItem","$v":"List items"},{"$i":"accessibility-quicknav_Link","$v":"Links"},{"$i":"accessibility-quicknav_List","$v":"Lists"},{"$i":"accessibility-quicknav_PageTab","$v":"Page tabs"},{"$i":"accessibility-quicknav_RadioButton","$v":"Radio buttons"},{"$i":"accessibility-quicknav_Separator","$v":"Separators"},{"$i":"accessibility-quicknav_Table","$v":"Tables"},{"$i":"accessibility-quicknav_Checkbox","$v":"Check boxes"},{"$i":"accessibility-menubarAbbr","$v":"menu bar"},{"$i":"accessibility-scrollbarAbbr","$v":"scroll bar"},{"$i":"accessibility-gripAbbr","$v":"grip"},{"$i":"accessibility-alertAbbr","$v":"alert"},{"$i":"accessibility-menupopupAbbr","$v":"menu popup"},{"$i":"accessibility-documentAbbr","$v":"document"},{"$i":"accessibility-paneAbbr","$v":"pane"},{"$i":"accessibility-dialogAbbr","$v":"dialog"},{"$i":"accessibility-separatorAbbr","$v":"separator"},{"$i":"accessibility-toolbarAbbr","$v":"toolbar"},{"$i":"accessibility-statusbarAbbr","$v":"status bar"},{"$i":"accessibility-tableAbbr","$v":"tbl"},{"$i":"accessibility-columnheaderAbbr","$v":"column header"},{"$i":"accessibility-rowheaderAbbr","$v":"row header"},{"$i":"accessibility-columnAbbr","$v":"column"},{"$i":"accessibility-rowAbbr","$v":"row"},{"$i":"accessibility-cellAbbr","$v":"cell"},{"$i":"accessibility-linkAbbr","$v":"lnk"},{"$i":"accessibility-listAbbr","$v":"list"},{"$i":"accessibility-listitemAbbr","$v":"list item"},{"$i":"accessibility-outlineAbbr","$v":"outline"},{"$i":"accessibility-outlineitemAbbr","$v":"outline item"},{"$i":"accessibility-pagetabAbbr","$v":"tab"},{"$i":"accessibility-propertypageAbbr","$v":"property page"},{"$i":"accessibility-graphicAbbr","$v":"graphic"},{"$i":"accessibility-pushbuttonAbbr","$v":"btn"},{"$i":"accessibility-checkbuttonAbbr","$v":"check button"},{"$i":"accessibility-radiobuttonAbbr","$v":"radio button"},{"$i":"accessibility-comboboxAbbr","$v":"combo box"},{"$i":"accessibility-progressbarAbbr","$v":"progress bar"},{"$i":"accessibility-sliderAbbr","$v":"slider"},{"$i":"accessibility-spinbuttonAbbr","$v":"spin button"},{"$i":"accessibility-diagramAbbr","$v":"diagram"},{"$i":"accessibility-animationAbbr","$v":"animation"},{"$i":"accessibility-equationAbbr","$v":"equation"},{"$i":"accessibility-buttonmenuAbbr","$v":"button menu"},{"$i":"accessibility-whitespaceAbbr","$v":"white space"},{"$i":"accessibility-pagetablistAbbr","$v":"tab list"},{"$i":"accessibility-canvasAbbr","$v":"canvas"},{"$i":"accessibility-checkmenuitemAbbr","$v":"check menu item"},{"$i":"accessibility-labelAbbr","$v":"label"},{"$i":"accessibility-passwordtextAbbr","$v":"passwdtxt"},{"$i":"accessibility-radiomenuitemAbbr","$v":"radio menu item"},{"$i":"accessibility-textcontainerAbbr","$v":"text container"},{"$i":"accessibility-togglebuttonAbbr","$v":"toggle button"},{"$i":"accessibility-treetableAbbr","$v":"tree table"},{"$i":"accessibility-headerAbbr","$v":"header"},{"$i":"accessibility-footerAbbr","$v":"footer"},{"$i":"accessibility-paragraphAbbr","$v":"paragraph"},{"$i":"accessibility-entryAbbr","$v":"entry"},{"$i":"accessibility-captionAbbr","$v":"caption"},{"$i":"accessibility-headingAbbr","$v":"heading"},{"$i":"accessibility-sectionAbbr","$v":"section"},{"$i":"accessibility-formAbbr","$v":"form"},{"$i":"accessibility-comboboxlistAbbr","$v":"combo box list"},{"$i":"accessibility-comboboxoptionAbbr","$v":"combo box option"},{"$i":"accessibility-imagemapAbbr","$v":"imgmap"},{"$i":"accessibility-listboxoptionAbbr","$v":"option"},{"$i":"accessibility-listboxAbbr","$v":"list box"},{"$i":"accessibility-flatequationAbbr","$v":"flat equation"},{"$i":"accessibility-gridcellAbbr","$v":"gridcell"},{"$i":"accessibility-noteAbbr","$v":"note"},{"$i":"accessibility-figureAbbr","$v":"fig"},{"$i":"accessibility-definitionlistAbbr","$v":"definition list"},{"$i":"accessibility-termAbbr","$v":"term"},{"$i":"accessibility-definitionAbbr","$v":"definition"},{"$i":"accessibility-textareaAbbr","$v":"txtarea"},{"$i":"accessibility-tblColumnInfoAbbr","$v":{"one":[{"t":"idOrVar","v":"count"},"c"],"two":[{"t":"idOrVar","v":"count"},"c"],"few":[{"t":"idOrVar","v":"count"},"c"],"many":[{"t":"idOrVar","v":"count"},"c"],"other":[{"t":"idOrVar","v":"count"},"c"]},"$x":[{"t":"idOrVar","v":"plural"},"count"]},{"$i":"accessibility-tblRowInfoAbbr","$v":{"one":[{"t":"idOrVar","v":"count"},"r"],"two":[{"t":"idOrVar","v":"count"},"r"],"few":[{"t":"idOrVar","v":"count"},"r"],"many":[{"t":"idOrVar","v":"count"},"r"],"other":[{"t":"idOrVar","v":"count"},"r"]},"$x":[{"t":"idOrVar","v":"plural"},"count"]},{"$i":"accessibility-cellInfoAbbr","$v":["c",{"t":"idOrVar","v":"0"},"r",{"t":"idOrVar","v":"1"}]},{"$i":"accessibility-stateCheckedAbbr","$v":"(x)"},{"$i":"accessibility-stateUncheckedAbbr","$v":"( )"},{"$i":"accessibility-statePressedAbbr","$v":"(x)"},{"$i":"accessibility-stateUnpressedAbbr","$v":"( )"},{"$i":"accessibility-pushbutton-hint","$v":"Double tap to activate"},{"$i":"accessibility-checkbutton-hint","$v":"Double tap to activate"},{"$i":"accessibility-combobox-hint","$v":"Double tap to activate"},{"$i":"accessibility-key-hint","$v":"Tap and hold to activate"},{"$i":"accessibility-link-hint","$v":"Double tap to activate"},{"$i":"accessibility-menuitem-hint","$v":"Double tap to activate"},{"$i":"accessibility-option-hint","$v":"Double tap to activate"},{"$i":"accessibility-radiobutton-hint","$v":"Double tap to activate"},{"$i":"accessibility-slider-hint","$v":"Swipe up to increase or down to decrease"},{"$i":"accessibility-spinbutton-hint","$v":"Swipe up to increase or down to decrease"},{"$i":"accessibility-pagetab-hint","$v":"Double tap to activate"},{"$i":"accessibility-entry-hint","$v":"Double tap to activate"},{"$i":"accessibility-outlineitem-hint","$v":"Double tap to activate"},{"$i":"SoftLeft","$v":"Left soft key"},{"$i":"Enter","$v":"OK key"},{"$i":"SoftRight","$v":"Right soft key"},{"$i":"weekday-0-long","$v":"Sunday"},{"$i":"weekday-1-long","$v":"Monday"},{"$i":"weekday-2-long","$v":"Tuesday"},{"$i":"weekday-3-long","$v":"Wednesday"},{"$i":"weekday-4-long","$v":"Thursday"},{"$i":"weekday-5-long","$v":"Friday"},{"$i":"weekday-6-long","$v":"Saturday"},{"$i":"weekday-0-short","$v":"Sun"},{"$i":"weekday-1-short","$v":"Mon"},{"$i":"weekday-2-short","$v":"Tue"},{"$i":"weekday-3-short","$v":"Wed"},{"$i":"weekday-4-short","$v":"Thu"},{"$i":"weekday-5-short","$v":"Fri"},{"$i":"weekday-6-short","$v":"Sat"},{"$i":"month-0-long","$v":"January"},{"$i":"month-1-long","$v":"February"},{"$i":"month-2-long","$v":"March"},{"$i":"month-3-long","$v":"April"},{"$i":"month-4-long","$v":"May"},{"$i":"month-5-long","$v":"June"},{"$i":"month-6-long","$v":"July"},{"$i":"month-7-long","$v":"August"},{"$i":"month-8-long","$v":"September"},{"$i":"month-9-long","$v":"October"},{"$i":"month-10-long","$v":"November"},{"$i":"month-11-long","$v":"December"},{"$i":"month-0-genitive","$v":"January"},{"$i":"month-1-genitive","$v":"February"},{"$i":"month-2-genitive","$v":"March"},{"$i":"month-3-genitive","$v":"April"},{"$i":"month-4-genitive","$v":"May"},{"$i":"month-5-genitive","$v":"June"},{"$i":"month-6-genitive","$v":"July"},{"$i":"month-7-genitive","$v":"August"},{"$i":"month-8-genitive","$v":"September"},{"$i":"month-9-genitive","$v":"October"},{"$i":"month-10-genitive","$v":"November"},{"$i":"month-11-genitive","$v":"December"},{"$i":"month-0-short","$v":"Jan"},{"$i":"month-1-short","$v":"Feb"},{"$i":"month-2-short","$v":"Mar"},{"$i":"month-3-short","$v":"Apr"},{"$i":"month-4-short","$v":"May"},{"$i":"month-5-short","$v":"Jun"},{"$i":"month-6-short","$v":"Jul"},{"$i":"month-7-short","$v":"Aug"},{"$i":"month-8-short","$v":"Sep"},{"$i":"month-9-short","$v":"Oct"},{"$i":"month-10-short","$v":"Nov"},{"$i":"month-11-short","$v":"Dec"},{"$i":"minutes-ago-long","$v":{"zero":"just now","one":"a minute ago","two":[{"t":"idOrVar","v":"value"}," minutes ago"],"few":[{"t":"idOrVar","v":"value"}," minutes ago"],"many":[{"t":"idOrVar","v":"value"}," minutes ago"],"other":[{"t":"idOrVar","v":"value"}," minutes ago"]},"$x":[{"t":"idOrVar","v":"plural"},"value"]},{"$i":"hours-ago-long","$v":{"zero":"just now","one":"an hour ago","two":[{"t":"idOrVar","v":"value"}," hours ago"],"few":[{"t":"idOrVar","v":"value"}," hours ago"],"many":[{"t":"idOrVar","v":"value"}," hours ago"],"other":[{"t":"idOrVar","v":"value"}," hours ago"]},"$x":[{"t":"idOrVar","v":"plural"},"value"]},{"$i":"days-ago-long","$v":{"zero":"today","one":"yesterday","two":[{"t":"idOrVar","v":"value"}," days ago"],"few":[{"t":"idOrVar","v":"value"}," days ago"],"many":[{"t":"idOrVar","v":"value"}," days ago"],"other":[{"t":"idOrVar","v":"value"}," days ago"]},"$x":[{"t":"idOrVar","v":"plural"},"value"]},{"$i":"weeks-ago-long","$v":{"zero":"this week","one":"last week","two":[{"t":"idOrVar","v":"value"}," weeks ago"],"few":[{"t":"idOrVar","v":"value"}," weeks ago"],"many":[{"t":"idOrVar","v":"value"}," weeks ago"],"other":[{"t":"idOrVar","v":"value"}," weeks ago"]},"$x":[{"t":"idOrVar","v":"plural"},"value"]},{"$i":"months-ago-long","$v":{"zero":"this month","one":"last month","two":[{"t":"idOrVar","v":"value"}," months ago"],"few":[{"t":"idOrVar","v":"value"}," months ago"],"many":[{"t":"idOrVar","v":"value"}," months ago"],"other":[{"t":"idOrVar","v":"value"}," months ago"]},"$x":[{"t":"idOrVar","v":"plural"},"value"]},{"$i":"years-ago-long","$v":{"zero":"this year","one":"last year","two":[{"t":"idOrVar","v":"value"}," years ago"],"few":[{"t":"idOrVar","v":"value"}," years ago"],"many":[{"t":"idOrVar","v":"value"}," years ago"],"other":[{"t":"idOrVar","v":"value"}," years ago"]},"$x":[{"t":"idOrVar","v":"plural"},"value"]},{"$i":"minutes-until-long","$v":{"zero":"now","one":"in a minute","two":["in ",{"t":"idOrVar","v":"value"}," minutes"],"few":["in ",{"t":"idOrVar","v":"value"}," minutes"],"many":["in ",{"t":"idOrVar","v":"value"}," minutes"],"other":["in ",{"t":"idOrVar","v":"value"}," minutes"]},"$x":[{"t":"idOrVar","v":"plural"},"value"]},{"$i":"hours-until-long","$v":{"zero":"now","one":"in an hour","two":["in ",{"t":"idOrVar","v":"value"}," hours"],"few":["in ",{"t":"idOrVar","v":"value"}," hours"],"many":["in ",{"t":"idOrVar","v":"value"}," hours"],"other":["in ",{"t":"idOrVar","v":"value"}," hours"]},"$x":[{"t":"idOrVar","v":"plural"},"value"]},{"$i":"days-until-long","$v":{"zero":"today","one":"tomorrow","two":["in ",{"t":"idOrVar","v":"value"}," days"],"few":["in ",{"t":"idOrVar","v":"value"}," days"],"many":["in ",{"t":"idOrVar","v":"value"}," days"],"other":["in ",{"t":"idOrVar","v":"value"}," days"]},"$x":[{"t":"idOrVar","v":"plural"},"value"]},{"$i":"weeks-until-long","$v":{"zero":"this week","one":"next week","two":["in ",{"t":"idOrVar","v":"value"}," weeks"],"few":["in ",{"t":"idOrVar","v":"value"}," weeks"],"many":["in ",{"t":"idOrVar","v":"value"}," weeks"],"other":["in ",{"t":"idOrVar","v":"value"}," weeks"]},"$x":[{"t":"idOrVar","v":"plural"},"value"]},{"$i":"months-until-long","$v":{"zero":"this month","one":"next month","two":["in ",{"t":"idOrVar","v":"value"}," months"],"few":["in ",{"t":"idOrVar","v":"value"}," months"],"many":["in ",{"t":"idOrVar","v":"value"}," months"],"other":["in ",{"t":"idOrVar","v":"value"}," months"]},"$x":[{"t":"idOrVar","v":"plural"},"value"]},{"$i":"years-until-long","$v":{"zero":"this year","one":"next year","two":["in ",{"t":"idOrVar","v":"value"}," years"],"few":["in ",{"t":"idOrVar","v":"value"}," years"],"many":["in ",{"t":"idOrVar","v":"value"}," years"],"other":["in ",{"t":"idOrVar","v":"value"}," years"]},"$x":[{"t":"idOrVar","v":"plural"},"value"]},{"$i":"minutes-ago-short","$v":{"zero":"just now","other":[{"t":"idOrVar","v":"value"},"m ago"]},"$x":[{"t":"idOrVar","v":"plural"},"value"]},{"$i":"hours-ago-short","$v":{"zero":"just now","other":[{"t":"idOrVar","v":"value"},"h ago"]},"$x":[{"t":"idOrVar","v":"plural"},"value"]},{"$i":"days-ago-short","$v":{"zero":"today","other":[{"t":"idOrVar","v":"value"},"d ago"]},"$x":[{"t":"idOrVar","v":"plural"},"value"]},{"$i":"minutes-until-short","$v":{"zero":"now","other":["in ",{"t":"idOrVar","v":"value"},"m"]},"$x":[{"t":"idOrVar","v":"plural"},"value"]},{"$i":"hours-until-short","$v":{"zero":"now","other":["in ",{"t":"idOrVar","v":"value"},"h"]},"$x":[{"t":"idOrVar","v":"plural"},"value"]},{"$i":"days-until-short","$v":{"zero":"today","other":["in ",{"t":"idOrVar","v":"value"},"d"]},"$x":[{"t":"idOrVar","v":"plural"},"value"]},{"$i":"incorrectDate","$v":"(incorrect date)"},{"$i":"dateTimeFormat_%c","$v":"%a %b %e %Y %I:%M:%S %p"},{"$i":"dateTimeFormat_%x","$v":"%m/%d/%Y"},{"$i":"dateTimeFormat_%X","$v":"%I:%M:%S %p"},{"$i":"shortTimeFormat","$v":"%I:%M %p"},{"$i":"shortTimeFormat12","$v":"%I:%M %p"},{"$i":"shortTimeFormat24","$v":"%H:%M"},{"$i":"shortDateTimeFormat","$v":"%x %I:%M %p"},{"$i":"weekStartsOnMonday","$v":"0"},{"$i":"firstDayOfTheWeek","$v":"0"},{"$i":"time_am","$v":"AM"},{"$i":"time_pm","$v":"PM"},{"$i":"title-app","$v":"App Permission"},{"$i":"title-web","$v":"Website Permission"},{"$i":"title-cam","$v":"Select Camera"},{"$i":"perm-alarms","$v":"Schedule Alarms"},{"$i":"perm-audio-capture","$v":"Microphone"},{"$i":"perm-audio-capture-appRequest","$v":["Would you like to share your microphone with ",{"t":"idOrVar","v":"app"},"?"]},{"$i":"perm-audio-capture-webRequest","$v":["Would you like to share your microphone with ",{"t":"idOrVar","v":"site"},"?"]},{"$i":"perm-audio-channel-content","$v":"Play Sounds"},{"$i":"perm-audio-channel-notification","$v":"Play Notification Sounds"},{"$i":"perm-audio-channel-ringer","$v":"Play Ringtone Sounds"},{"$i":"perm-background-sensors","$v":"Access Sensor Data"},{"$i":"perm-bluetooth","$v":"Bluetooth"},{"$i":"perm-browser","$v":"Inspect Web Pages"},{"$i":"perm-camera","$v":"Cameras"},{"$i":"perm-camera-selector-appRequest","$v":["Select a camera for ",{"t":"idOrVar","v":"app"},"."]},{"$i":"perm-camera-selector-webRequest","$v":["Select a camera for ",{"t":"idOrVar","v":"site"},"."]},{"$i":"perm-camera-appRequest","$v":[{"t":"idOrVar","v":"app"}," would like to use your camera."]},{"$i":"perm-camera-webRequest","$v":[{"t":"idOrVar","v":"site"}," would like to use your camera."]},{"$i":"perm-cellbroadcast","$v":"Cell Broadcasts"},{"$i":"perm-contacts","$v":"Contacts"},{"$i":"perm-contacts-appRequest","$v":[{"t":"idOrVar","v":"app"}," would like to access your contact list."]},{"$i":"perm-contacts-webRequest","$v":[{"t":"idOrVar","v":"site"}," would like to access your contact list."]},{"$i":"perm-desktop-notification","$v":"Alerts"},{"$i":"perm-desktop-notification-appRequest","$v":[{"t":"idOrVar","v":"app"}," would like to display Alerts."]},{"$i":"perm-desktop-notification-webRequest","$v":[{"t":"idOrVar","v":"site"}," would like to display Alerts."]},{"$i":"perm-device-storage-apps","$v":"Apps Storage"},{"$i":"perm-device-storage-music","$v":"Music Storage"},{"$i":"perm-device-storage-music-appRequest","$v":[{"t":"idOrVar","v":"app"}," would like to access your music."]},{"$i":"perm-device-storage-music-webRequest","$v":[{"t":"idOrVar","v":"site"}," would like to access your music."]},{"$i":"perm-device-storage-pictures","$v":"Image Storage"},{"$i":"perm-device-storage-pictures-appRequest","$v":[{"t":"idOrVar","v":"app"}," would like to access your images."]},{"$i":"perm-device-storage-pictures-webRequest","$v":[{"t":"idOrVar","v":"site"}," would like to access your images."]},{"$i":"perm-device-storage-sdcard","$v":"Memory Card Storage"},{"$i":"perm-device-storage-sdcard-appRequest","$v":[{"t":"idOrVar","v":"app"}," would like to access your memory card."]},{"$i":"perm-device-storage-sdcard-webRequest","$v":[{"t":"idOrVar","v":"site"}," would like to access your memory card."]},{"$i":"perm-device-storage-videos","$v":"Video Storage"},{"$i":"perm-device-storage-videos-appRequest","$v":[{"t":"idOrVar","v":"app"}," would like to access your videos."]},{"$i":"perm-device-storage-videos-webRequest","$v":[{"t":"idOrVar","v":"site"}," would like to access your videos."]},{"$i":"perm-fullscreen-appRequest","$v":[{"t":"idOrVar","v":"app"}," is now fullscreen."]},{"$i":"perm-fullscreen-webRequest","$v":[{"t":"idOrVar","v":"site"}," is now fullscreen."]},{"$i":"perm-embed-apps","$v":"Embed Apps"},{"$i":"perm-fmradio","$v":"FM Radio"},{"$i":"perm-fmradio-appRequest","$v":[{"t":"idOrVar","v":"app"}," would like to use the FM Radio."]},{"$i":"perm-fmradio-webRequest","$v":[{"t":"idOrVar","v":"site"}," would like to use the FM Radio."]},{"$i":"perm-geolocation","$v":"Geolocation"},{"$i":"perm-geolocation-appRequest","$v":[{"t":"idOrVar","v":"app"}," would like to know your location."]},{"$i":"perm-geolocation-more-info","$v":[{"t":"idOrVar","v":"brandShortName"}," uses GPS, and additional supplemental information such as WiFi and mobile networks to approximate your location. Location data may be used by ",{"t":"idOrVar","v":"brandShortName"}," and service providers to improve accuracy and coverage of the location databases.",{"t":"idOrVar","v":"brandShortName"}," will always ask for permission when an application needs access to your device location."]},{"$i":"perm-geolocation-webRequest","$v":[{"t":"idOrVar","v":"site"}," would like to know your location."]},{"$i":"perm-idle","$v":"See Idle Status"},{"$i":"perm-indexedDB-chrome-settings","$v":"Privileged IndexedDB"},{"$i":"perm-indexedDB-unlimited","$v":"Unlimited IndexedDB Storage"},{"$i":"perm-input-manage","$v":"Manage Keyboards"},{"$i":"perm-input","$v":"Act as a Keyboard"},{"$i":"perm-media-capture","$v":"Camera and Microphone"},{"$i":"perm-media-capture-appRequest","$v":["Would you like to share your camera and microphone with ",{"t":"idOrVar","v":"app"},"?"]},{"$i":"perm-media-capture-webRequest","$v":["Would you like to share your camera and microphone with ",{"t":"idOrVar","v":"site"},"?"]},{"$i":"perm-mobileconnection","$v":"Mobile Connection"},{"$i":"perm-mobileid","$v":"Mobile Identity"},{"$i":"perm-network-events","$v":"Network Events"},{"$i":"perm-open-remote-window","$v":"Start an App"},{"$i":"perm-permissions","$v":"Modify Apps Permissions"},{"$i":"perm-power","$v":"Power Settings"},{"$i":"perm-settings","$v":"Modify Settings"},{"$i":"perm-systemXHR","$v":"Cross-Origin Requests"},{"$i":"perm-telephony","$v":"Telephony"},{"$i":"perm-video-capture","$v":"Camera"},{"$i":"perm-video-capture-appRequest","$v":["Would you like to share your camera with ",{"t":"idOrVar","v":"app"},"?"]},{"$i":"perm-video-capture-webRequest","$v":["Would you like to share your camera with ",{"t":"idOrVar","v":"site"},"?"]},{"$i":"perm-voicemail","$v":"Control Voicemail"},{"$i":"perm-webapps-manage","$v":"Install Webapps"},{"$i":"perm-wifi-manage","$v":"Manage Wi-Fi"},{"$i":"perm-attention","$v":"Open Overlay Popups"},{"$i":"perm-audio-channel-alarm","$v":"Play Alarm Sounds"},{"$i":"perm-audio-channel-normal","$v":"Play Sounds"},{"$i":"perm-audio-channel-publicnotification","$v":"Play public notification sounds"},{"$i":"perm-audio-channel-telephony","$v":"Play Telephony Sounds"},{"$i":"perm-backgroundservice","$v":"Act as a Background Service"},{"$i":"perm-device-storage-crashes","$v":"Crash Data Storage"},{"$i":"perm-downloads","$v":"Access Downloads"},{"$i":"perm-embed-widgets","$v":"Embed Widgets"},{"$i":"perm-feature-detection","$v":"Feature Detection"},{"$i":"perm-firefox-accounts","$v":"Firefox Accounts"},{"$i":"perm-mobilenetwork","$v":"Mobile Network"},{"$i":"perm-moz-attention","$v":"Open Overlay Popups (moz)"},{"$i":"perm-moz-audio-channel-ringer","$v":"Play Ringtone Sounds (moz)"},{"$i":"perm-moz-audio-channel-telephony","$v":"Play Telephony Sounds (moz)"},{"$i":"perm-moz-firefox-accounts","$v":"Firefox Accounts (moz)"},{"$i":"perm-networkstats-manage","$v":"Control Usage Stats"},{"$i":"perm-nfc","$v":"NFC"},{"$i":"perm-nfc-hci-events","$v":"NFC HCI Events"},{"$i":"perm-nfc-manager","$v":"Manage NFC"},{"$i":"perm-phonenumberservice","$v":"Phone Number Service"},{"$i":"perm-push","$v":"Push API"},{"$i":"perm-resourcestats-manage","$v":"Resource Stats"},{"$i":"perm-sms","$v":"Send and Read SMS"},{"$i":"perm-speaker-control","$v":"Control Volume"},{"$i":"perm-storage","$v":"Access Storage"},{"$i":"perm-tcp-socket","$v":"TCP Sockets"},{"$i":"perm-test-permission","$v":"Test Permission"},{"$i":"perm-time","$v":"Set Date and Time"},{"$i":"perm-udp-socket","$v":"UDP Sockets"},{"$i":"perm-wappush","$v":"WAP Push"},{"$i":"stopped_download_title","$v":"Download stopped"},{"$i":"tcl-stopped_download_message","$v":"This download was stopped. Would you like to resume downloading?"},{"$i":"stopped_download_left_button","$v":"Cancel"},{"$i":"stopped_download_right_button","$v":"Try again"},{"$i":"failed_download_title","$v":"Download failed"},{"$i":"failed_download_message","$v":[{"t":"idOrVar","v":"name"}," failed to download. Try downloading again?"]},{"$i":"failed_download_left_button","$v":"Cancel"},{"$i":"failed_download_right_button","$v":"Try again"},{"$i":"stop_download_title","$v":"Stop download"},{"$i":"stop_download_message","$v":"Are you sure you want to stop the download?"},{"$i":"stop_download_left_button","$v":"No"},{"$i":"stop_download_right_button","$v":"Yes"},{"$i":"delete_download_title","$v":"Delete"},{"$i":"delete_download_message","$v":["Delete ",{"t":"idOrVar","v":"name"},"?"]},{"$i":"delete_download_left_button","$v":"Cancel"},{"$i":"delete_download_right_button","$v":"Delete"},{"$i":"delete_all_download_title","$v":"Delete"},{"$i":"delete_all_download_left_button","$v":"Cancel"},{"$i":"delete_all_download_right_button","$v":"Delete"},{"$i":"delete_all_download_message","$v":{"zero":"Delete no files?","one":"Delete one file?","two":["Delete ",{"t":"idOrVar","v":"number"}," files?"],"few":["Delete ",{"t":"idOrVar","v":"number"}," files?"],"many":["Delete ",{"t":"idOrVar","v":"number"}," files?"],"other":["Delete ",{"t":"idOrVar","v":"number"}," files?"]},"$x":[{"t":"idOrVar","v":"plural"},"number"]},{"$i":"unsupported_file_type_download_title","$v":"Unable to open"},{"$i":"unsupported_file_type_download_message","$v":["There isn’t an app that can open ",{"t":"idOrVar","v":"name"},". Would you like to save the file or delete it?"]},{"$i":"unsupported_file_type_download_left_button","$v":"Keep File"},{"$i":"unsupported_file_type_download_right_button","$v":"Delete"},{"$i":"file_not_found_download_title","$v":"File not found"},{"$i":"file_not_found_download_message","$v":"The file wasn’t found on the device"},{"$i":"file_not_found_download_right_button","$v":"OK"},{"$i":"unmounted_sdcard_2_download_title","$v":"Memory card in use"},{"$i":"unmounted_sdcard_2_download_message","$v":"Unplug the phone"},{"$i":"unmounted_sdcard_2_download_right_button","$v":"OK"},{"$i":"no_provider_download_title","$v":"Unable to share"},{"$i":"no_provider_download_message","$v":"No provider found"},{"$i":"no_provider_download_right_button","$v":"OK"},{"$i":"no_memory_download_title","$v":"SD Card is full"},{"$i":"no_memory_download_message","$v":"There is no more room on your SD card to save your download. Please remove some files before restarting the download."},{"$i":"no_memory_download_right_button","$v":"OK"},{"$i":"no_sdcard_found_2_download_title","$v":"No memory card found"},{"$i":"no_sdcard_found_2_download_message","$v":"Insert a memory card or select an alternate default media location in settings"},{"$i":"no_sdcard_found_2_download_right_button","$v":"OK"},{"$i":"file_open_error_download_title","$v":"Unable to open"},{"$i":"file_open_error_download_message","$v":"This file format is invalid or not supported. Do you want to delete the file ?"},{"$i":"file_open_error_download_left_button","$v":"Keep File"},{"$i":"file_open_error_download_right_button","$v":"Delete"},{"$i":"restart_download_error","$v":"There was an error while restarting the download. Please try to download again."},{"$i":"no-downloads","$v":"No downloads"},{"$i":"percentage","$v":[{"t":"idOrVar","v":"percentage"}," %"]},{"$i":"partialResult","$v":[{"t":"idOrVar","v":"partial"}," / ",{"t":"idOrVar","v":"total"}]},{"$i":"summary","$v":[{"t":"idOrVar","v":"date"}," - ",{"t":"idOrVar","v":"status"}]},{"$i":"download-stopped","$v":"Stopped"},{"$i":"download-failed","$v":"Download failed"},{"$i":"open_downloaded_file","$v":"Open"},{"$i":"share_downloaded_file","$v":"Share"},{"$i":"wallpaper_downloaded_file","$v":"Set as wallpaper"},{"$i":"ringtone_downloaded_file","$v":"Set as ringtone"},{"$i":"cancel_downloaded_file","$v":"Cancel"},{"$i":"voicemailNoNumberTitle","$v":"Voicemail number is unavailable"},{"$i":"voicemailNoNumberText","$v":"Unable to call the voicemail. Set up the voicemail number to place the call."},{"$i":"voicemailNoNumberSettings","$v":"Settings"},{"$i":"voicemailNoNumberCancel","$v":"Cancel"},{"$i":"airplaneMode","$v":"Airplane mode"},{"$i":"searching","$v":"Searching…"},{"$i":"noNetwork","$v":"No network"},{"$i":"roaming","$v":[{"t":"idOrVar","v":"operator"}," (Roaming)"]},{"$i":"operator-info","$v":[{"t":"idOrVar","v":"carrier"}," ",{"t":"idOrVar","v":"region"}]},{"$i":"emergencyCallsOnly","$v":"Emergency calls only"},{"$i":"emergencyCallsOnly-unknownSIMState","$v":"(unknown SIM state)"},{"$i":"emergencyCallsOnly-noSIM","$v":"(no SIM)"},{"$i":"emergencyCallsOnly-pinRequired","$v":"(SIM PIN required)"},{"$i":"emergencyCallsOnly-pukRequired","$v":"(SIM PUK required)"},{"$i":"emergencyCallsOnly-networkLocked","$v":"(network locked)"},{"$i":"emergencyCallsOnly-serviceProviderLocked","$v":"(service provider locked)"},{"$i":"emergencyCallsOnly-corporateLocked","$v":"(corporate locked)"},{"$i":"emergencyCallsOnly-network1Locked","$v":"(network1 locked)"},{"$i":"emergencyCallsOnly-network2Locked","$v":"(network2 locked)"},{"$i":"emergencyCallsOnly-hrpdNetworkLocked","$v":"(hrpd network locked)"},{"$i":"emergencyCallsOnly-ruimCorporateLocked","$v":"(ruim corporate locked)"},{"$i":"emergencyCallsOnly-ruimServiceProviderLocked","$v":"(ruim service provider locked)"},{"$i":"lockscreen-sim-id","$v":["SIM ",{"t":"idOrVar","v":"n"}]},{"$i":"charging-no-time","$v":[{"t":"idOrVar","v":"level"},"% Charged"]},{"$i":"charging-minutes","$v":{"zero":[{"t":"idOrVar","v":"level"},"% Charged (",{"t":"idOrVar","v":"minutes"}," mins until fully charged)"],"one":[{"t":"idOrVar","v":"level"},"% Charged (",{"t":"idOrVar","v":"minutes"}," min until fully charged)"],"two":[{"t":"idOrVar","v":"level"},"% Charged (",{"t":"idOrVar","v":"minutes"}," mins until fully charged)"],"few":[{"t":"idOrVar","v":"level"},"% Charged (",{"t":"idOrVar","v":"minutes"}," mins until fully charged)"],"many":[{"t":"idOrVar","v":"level"},"% Charged (",{"t":"idOrVar","v":"minutes"}," mins until fully charged)"],"other":[{"t":"idOrVar","v":"level"},"% Charged (",{"t":"idOrVar","v":"minutes"}," mins until fully charged)"]},"$x":[{"t":"idOrVar","v":"plural"},"minutes"]},{"$i":"charging-hours","$v":{"zero":[{"t":"idOrVar","v":"level"},"% Charged (",{"t":"idOrVar","v":"hours"},"h ",{"t":"idOrVar","v":"minutes"}," mins until fully charged)"],"one":[{"t":"idOrVar","v":"level"},"% Charged (",{"t":"idOrVar","v":"hours"},"h ",{"t":"idOrVar","v":"minutes"}," min until fully charged)"],"two":[{"t":"idOrVar","v":"level"},"% Charged (",{"t":"idOrVar","v":"hours"},"h ",{"t":"idOrVar","v":"minutes"}," mins until fully charged)"],"few":[{"t":"idOrVar","v":"level"},"% Charged (",{"t":"idOrVar","v":"hours"},"h ",{"t":"idOrVar","v":"minutes"}," mins until fully charged)"],"many":[{"t":"idOrVar","v":"level"},"% Charged (",{"t":"idOrVar","v":"hours"},"h ",{"t":"idOrVar","v":"minutes"}," mins until fully charged)"],"other":[{"t":"idOrVar","v":"level"},"% Charged (",{"t":"idOrVar","v":"hours"},"h ",{"t":"idOrVar","v":"minutes"}," mins until fully charged)"]},"$x":[{"t":"idOrVar","v":"plural"},"minutes"]},{"$i":"gaia-menu-cancel","$v":"Cancel"},{"$i":"fota-upgrade-success","$v":["Firmware Upgrade successful. Your device is now on version ",{"t":"idOrVar","v":"target"},"."]},{"$i":"fota-upgrade-failed","$v":"Upgrade failed. Previous version restored."},{"$i":"fota-title-attention","$v":"Attention"},{"$i":"fota-update-info","$v":"This update will improve device performance."},{"$i":"fota-version-title","$v":"Software update"},{"$i":"fota-install-confirm","$v":"The phone will restart for installation. You will not be able to use the device during the installation process. We recommend you to backup your data to the storage before installation. Install Now?"},{"$i":"fota-downloaded-confirm","$v":"The package has been downloaded. Do you want to install now?"},{"$i":"fota-downloading-text","$v":"Downloading firmware"},{"$i":"fota-install-auto","$v":"New firmware already downloaded, it will be auto installed after 1 minute. Please save your data."},{"$i":"fota-pause","$v":"Pause"},{"$i":"fota-cancel","$v":"Cancel"},{"$i":"fota-download","$v":"Download"},{"$i":"fota-skip","$v":"Skip"},{"$i":"fota-download-going-tip","$v":"Download is in progress, do you want to pause or skip it?"},{"$i":"fota-other-going","$v":"Checking for Software update is already in progress."},{"$i":"fota-network-err","$v":"Network error, please check your device network."},{"$i":"fota-server-err","$v":"Server may be busy. Please try later."},{"$i":"fota-package-err","$v":"The package may be broken, checksum error."},{"$i":"fota-session-err","$v":"The saved session data may be lost, please check new FOTA again."},{"$i":"fota-register-err","$v":"Your device may not be registered on the server."},{"$i":"fota-up-date","$v":"The system is already up to date."},{"$i":"fota-timeout-err","$v":"Unable to reach server. Please try again later."},{"$i":"fota-storage-err","$v":"Device storage is insufficient."},{"$i":"fota_cu_err","$v":"The com-ref is not configured."},{"$i":"fota-deviceID_err","$v":"The device ID is not configured."},{"$i":"fota-version-err","$v":"The device version is not configured."},{"$i":"fota-other-err","$v":"An unexpected system error has occurred, Please click OK to continue."},{"$i":"fota-package-noexist","$v":"The package does not exist."},{"$i":"fota-battery-low","$v":"The update package is already downloaded, but the battery is lower than 30%. Please charge phone to at least 30% of battery capacity and retry."},{"$i":"fota-space-warning","$v":["Make sure storage has at least ",{"t":"idOrVar","v":"size"}," free space and try again."]},{"$i":"fota-pause-going-tip","$v":"Download has been paused, do you want to download or skip it ?"},{"$i":"firefox-accounts-title","$v":"KaiOS Accounts"},{"$i":"firefox-accounts-title-sign-in","$v":"Sign In"},{"$i":"firefox-accounts-title-create-account","$v":"Create Account"},{"$i":"kaios-accounts-title-about-kaios-account","$v":"About KaiOS Account"},{"$i":"kaios-accounts-phone-verification","$v":"Phone Verification"},{"$i":"fxa-next","$v":"Next"},{"$i":"fxa-back","$v":"Back"},{"$i":"fxa-done","$v":"Done"},{"$i":"fxa-ok","$v":"OK"},{"$i":"tcl-changessaved","$v":"Changes saved"},{"$i":"tcl-verification-mail-has-been-sent","$v":"A verification link has been sent to"},{"$i":"tcl-not-specified","$v":"Not Specified"},{"$i":"fxa-decline","$v":"Decline"},{"$i":"fxa-accept","$v":"Accept"},{"$i":"fxa-sining-in","$v":"Signing in..."},{"$i":"not-now","$v":"Not Now"},{"$i":"send-sms","$v":"Send SMS"},{"$i":"resend-sms","$v":"Resend SMS"},{"$i":"fxa-connection-error-title","$v":"Unable to Connect"},{"$i":"fxa-connection-error-message","$v":"You can create an account or sign in from Settings."},{"$i":"fxa-reset-password-error-title","$v":"Reset Password"},{"$i":"fxa-reset-password-error-message","$v":"You can reset your password from Settings."},{"$i":"fxa-coppa-failure-error-title","$v":"Cannot Create Account"},{"$i":"fxa-coppa-failure-error-message","$v":["You must meet certain age requirements to create a KaiOS Account. ",{"t":"idOrVar","v":"learnmore"}]},{"$i":"tcl-fxa-coppa-failure-error-message","$v":"You must meet certain age requirements to create a KaiOS Account."},{"$i":"fxa-learn-more","$v":"Learn more"},{"$i":"fxa-incorrect-email-address-or-password","$v":"fxa incorrect email address or password."},{"$i":"fxa-internet-connection-is-required","$v":"fxa internet connection is required."},{"$i":"fxa-server-error","$v":"Server serror, please try again later."},{"$i":"fxa-offline-error-title","$v":"Unable to Connect"},{"$i":"fxa-offline-error-message","$v":"Please connect to a network from Settings."},{"$i":"fxa-invalid-email-title","$v":"Error"},{"$i":"fxa-invalid-email-message","$v":"Please enter a valid email."},{"$i":"fxa-invalid-password-title","$v":"Error"},{"$i":"fxa-invalid-password-message","$v":"Incorrect email address or password."},{"$i":"fxa-unknown-error-title","$v":"Unable to Connect"},{"$i":"fxa-unknown-error-message","$v":"System unavailable, try again soon."},{"$i":"fxa-email-is-taken-title","$v":"Error"},{"$i":"fxa-email-is-taken-message","$v":"There is already an account for this email. Please sign into your account."},{"$i":"fxa-confirm-age-title","$v":"Error"},{"$i":"fxa-confirm-age-message","$v":"Please confirm your age is over 13."},{"$i":"fxa-account-does-not-exist","$v":"Error"},{"$i":"fxa-account-does-not-exist-message","$v":"Incorrect email address or password."},{"$i":"fxa-password-dont-match","$v":"Error"},{"$i":"fxa-password-dont-match-message","$v":"Passwords don't match."},{"$i":"fxa-password-less","$v":"Error"},{"$i":"fxa-password-less-message","$v":"The password is less than 8 characters."},{"$i":"fxa-password-more","$v":"Error"},{"$i":"fxa-password-more-message","$v":"The password is more than 20 characters."},{"$i":"fxa-password-error","$v":"Error"},{"$i":"fxa-password-error-message","$v":"Password must be between 8-20 characters with a combination of letters and numbers."},{"$i":"fxa-connecting","$v":"Connecting"},{"$i":"fxa-enter-phone-number-message","$v":"Please enter your phone number. A SMS will be sent and auto verification will start."},{"$i":"fxa-sms-has-been-sent-message","$v":"SMS has been sent, once it's receive auto verification will start. Just sit back and enjoy the ride!"},{"$i":"fxa-time-remaining","$v":"Time remaining:"},{"$i":"fxa-sms-verification-failed-message","$v":"SMS verification failed. Please confirm your phone and press \"Resend SMS\" to try again."},{"$i":"fxa-phone-number-label","$v":"Phone number"},{"$i":"fxa-enter-email-input","placeholder":"Enter your email"},{"$i":"fxa-use-email-to-sign-in","$v":"Please enter your email. Your email will be your account name."},{"$i":"fxa-notice","$v":["By proceeding, I agree to the ",{"t":"idOrVar","v":"tos"}," and ",{"t":"idOrVar","v":"pn"}," of KaiOS cloud services."]},{"$i":"fxa-placeholder","$v":"Your Email here"},{"$i":"fxa-tos","$v":"Terms of Service"},{"$i":"fxa-pn","$v":"Privacy Notice"},{"$i":"fxa-create-account-title","$v":"Create Account"},{"$i":"fxa-show-age-title","$v":"I am over the age of 13"},{"$i":"fxa-enter-password-title","$v":"Please enter password. Your password needs to have 8 - 20 characters and must contain both letters and numbers."},{"$i":"fxa-setup-password-title","$v":"Setup Password"},{"$i":"fxa-create-password-title","$v":"Create a Password"},{"$i":"fxa-hello-user","$v":["Hello, ",{"t":"idOrVar","v":"email"}]},{"$i":"fxa-password-refresh","$v":"Please enter your KaiOS Account password to continue."},{"$i":"fxa-password","$v":"Password"},{"$i":"fxa-forgot-your-password","$v":"Forgot your password?"},{"$i":"fxa-show-password","$v":"Show password"},{"$i":"fxa-password-length-requirement","$v":"Your password must be at least 8 characters long."},{"$i":"fxa-confirm-account","$v":"Confirm Your Account"},{"$i":"fxa-will-send-email","$v":"Your account has been created."},{"$i":"fxa-signup-click-verification-link-in-email","$v":["We’ve sent a confirmation email to ",{"t":"idOrVar","v":"email"},". Please check your inbox and verify to activate your account."]},{"$i":"fxa-access-manage-account-settings","$v":"The activation link will expire in 24 hours."},{"$i":"fxa-signup-success-title","$v":"Account Created"},{"$i":"fxa-age-verification","$v":"Age Verification"},{"$i":"fxa-age-earlier","$v":[{"t":"idOrVar","v":"year"}," or earlier"]},{"$i":"fxa-year-of-birth","$v":"Year of Birth"},{"$i":"about-kaios-account-text","$v":"Lorem ipsum dolor sit amet, con-sectetur adipiscing elit, sed do eiusmod tempor incididunt ut labore et dolore magna aliqua. Ut enim ad minim veniam, quis nos-trud exercitation ullamco laboris nisi ut aliquip ex ea commodo consequat. Duis aute irure dolor in reprehenderit in voluptate velit esse cillum dolore eu fugiat nulla pariatur. Excepteur sint occaecat cupidatat non proident, sunt in culpa qui officia deserunt mollit anim id est laborum."},{"$i":"about-kaios-account-text1","$v":"KaiOS Account provides authentication for KaiOS services. The account identifies the user and device and allows access to features such as remote management of devices and additional services."},{"$i":"about-kaios-account-text2","$v":"Creating an account requires an email address and a password.  The user must verify the email address via an email link sent during account creation.  The account will not be activated until this email address is verified."},{"$i":"about-kaios-account-text3","$v":"By proceeding with account creation, you agree to the terms and privacy notice."},{"$i":"fxa-signin-email","$v":"Account Name"},{"$i":"fxa-signin-password","$v":"Password"},{"$i":"fxa-signin-success-title","$v":"Your Account"},{"$i":"fxa-signin-lsk","$v":"Forgot Password"},{"$i":"fxa-signin-rsk","$v":"Sign In"},{"$i":"fxa-forgot-password-title","$v":"Forgot Password"},{"$i":"fxa-forgot-password","$v":"forgot password"},{"$i":"fxa-forgot-password-success-title","$v":"Reset Password Mail Sent"},{"$i":"fxa-reset-password-succcess-content","$v":"The email to reset your password has sent to your email account."},{"$i":"fxa-reset-password-succcess-content-part2","$v":"Please check your email inbox and reset your password."},{"$i":"fxa-sign-out-title","$v":"Anti-Theft is enabled"},{"$i":"fxa-sign-out-intro","$v":"Please confirm that you would like turn off Anti-Theft and sign out."},{"$i":"fxa-signout-email","$v":"Your Account"},{"$i":"fxa-confirm-password","$v":"Confirm Password"},{"$i":"fxa-signing-out","$v":"Signing out..."},{"$i":"fxa-sign-out-error-title","$v":"Error"},{"$i":"fxa-sign-out-error-message","$v":"Account sign out is unsuccessful please try again later. "},{"$i":"fxa-connection-is-required-title","$v":"Error"},{"$i":"fxa-connection-is-required-message","$v":"Internet connection is required"},{"$i":"fxa-check-password-title","$v":"Disable Anti-theft"},{"$i":"fxa-disable-antitheft-checkpassword-message","$v":"Please confirm that you would like to turn Anti-Theft off."},{"$i":"fxa-reset-factory-checkpassword-message","$v":"To reset your device, you need to enter your password and disable the Anti-Theft."},{"$i":"fxa-multiple-sign-in-attempts-title","$v":"Multiple Sign In Attempts"},{"$i":"fxa-multiple-sign-in-attempts-content","$v":"Your have entered the wrong password multiple times."},{"$i":"fxa-multiple-sign-in-attempts-content-retry","$v":"Please try again later."},{"$i":"network-error-in-app","$v":"No access to the Internet right now."},{"$i":"network-error-launching","$v":[{"t":"idOrVar","v":"name"}," requires an Internet connection."]},{"$i":"network-error-launching-title","$v":"No Internet connection"},{"$i":"network-error-launching-message","$v":"Use Wi-Fi or mobile data to access the Internet."},{"$i":"server-not-found","$v":"Server not found"},{"$i":"server-not-found-error","$v":["Can’t find the server at ",{"t":"idOrVar","v":"name"},"."]},{"$i":"file-not-found","$v":"File not found"},{"$i":"file-not-found-error","$v":"The device can’t display this page because the file cannot be found."},{"$i":"connection-failed","$v":"Unable to connect"},{"$i":"connection-failed-error","$v":"A network error occurred while trying to reach the website."},{"$i":"invalid-connection","$v":"Unable to connect"},{"$i":"invalid-connection-error","$v":"A network error occurred while trying to reach the website."},{"$i":"malformed-uri","$v":"URL not valid"},{"$i":"malformed-uri-error","$v":"The URL entered is not valid and cannot be loaded."},{"$i":"redirect-loop","$v":"Can’t display page"},{"$i":"redirect-loop-error","$v":"The device can’t display this page because the page is not redirecting properly. Try this page again at a later time."},{"$i":"not-cached","$v":"Page expired"},{"$i":"not-cached-error","$v":"As a security precaution, this page cannot be displayed by the device because it has expired."},{"$i":"is-printing","$v":"Access denied"},{"$i":"is-printing-error","$v":"The document cannot change while Printing or in Print Preview."},{"$i":"denied-port-access","$v":"Address restricted"},{"$i":"denied-port-access-error","$v":"This address uses a network port which is normally used for purposes other than Web browsing. The device has cancelled the request for your protection."},{"$i":"proxy-resolve-failure","$v":"Proxy Server Error"},{"$i":"proxy-resolve-failure-error","$v":"The device is configured to use a proxy server that can’t be found."},{"$i":"proxy-connect-failure","$v":"Proxy Server Error"},{"$i":"proxy-connect-failure-error","$v":"The device is configured to use a proxy server that is refusing connections."},{"$i":"content-encoding","$v":"Can’t display page"},{"$i":"content-encoding-error","$v":"The device can’t display this page because a content encoding error occurred."},{"$i":"remote-xul","$v":"Page unsupported"},{"$i":"remote-xul-error","$v":"This page can’t be displayed because it uses a technology that is not supported on the device."},{"$i":"phishing-blocked","$v":"Warning"},{"$i":"phishing-blocked-error","$v":"The website has been reported as a web forgery designed to trick users into sharing personal or financial information."},{"$i":"malware-blocked","$v":"Malware attack blocked"},{"$i":"malware-blocked-error","$v":"The website has been reported as an attacked website. The device has blocked the request for your protection."},{"$i":"unsafe-content-type","$v":"Unsafe content"},{"$i":"unsafe-content-type-error","$v":"The page cannot be shown because it may not be safe to open."},{"$i":"corrupted-content","$v":"Unable to connect"},{"$i":"corrupted-content-error","$v":"The page cannot be shown because an error in the data transmission was detected."},{"$i":"unknown-protocol-found","$v":"Page unsupported"},{"$i":"unknown-protocol-found-error","$v":"Page cannot be displayed because it uses a technology that is not supported on the device."},{"$i":"try-again","$v":"Try again"},{"$i":"check-settings","$v":"Check settings"},{"$i":"resend","$v":"Resend"},{"$i":"connecting","$v":"Connecting"},{"$i":"verify","$v":"Verify"},{"$i":"verifying","$v":"Verifying"},{"$i":"verified","$v":"Verified"},{"$i":"mobileIDExplanation","$v":[{"t":"idOrVar","v":"app_name"}," would like to know and verify your phone number. Please choose which number you want to share or enter a new number."]},{"$i":"verificationCodeExplanation","$v":["We’ve sent a code to ",{"t":"idOrVar","v":"phone_number"},". We’ll try to pick it up automatically. In case the number is not used in this device you’ll have to enter it manually."]},{"$i":"successMessage","$v":["Your number ",{"t":"idOrVar","v":"phone_number"}," is now verified and available to ",{"t":"idOrVar","v":"app_name"},"."]},{"$i":"serverErrorMessage","$v":"The verification server is unavailable at this time. Please check your Internet connection and try again or wait for few minutes to try again."},{"$i":"timeoutErrorMessage","$v":"There seems to be a problem with your verification code. Please try once again!"},{"$i":"errorTitle","$v":"Mobile identity"},{"$i":"addPhoneNumber","$v":"Or add your phone number"},{"$i":"selectPhoneNumber","$v":"Or select a phone number from the list"}]