[{"$i":"weekday-0-long","$v":"দেওবাৰ"},{"$i":"weekday-1-long","$v":"সোমবাৰ"},{"$i":"weekday-2-long","$v":"মঙ্গলবাৰ"},{"$i":"weekday-3-long","$v":"বুধবাৰ"},{"$i":"weekday-4-long","$v":"বৃহস্পতিবাৰ"},{"$i":"weekday-5-long","$v":"শুক্ৰবাৰ"},{"$i":"weekday-6-long","$v":"শনিবাৰ"},{"$i":"weekday-0-short","$v":"দেও"},{"$i":"weekday-1-short","$v":"সোম"},{"$i":"weekday-2-short","$v":"মঙ্গল"},{"$i":"weekday-3-short","$v":"বুধ"},{"$i":"weekday-4-short","$v":"বৃহস্পতি"},{"$i":"weekday-5-short","$v":"শুক্ৰ"},{"$i":"weekday-6-short","$v":"শনি"},{"$i":"month-0-long","$v":"জানুৱাৰী"},{"$i":"month-1-long","$v":"ফেব্ৰুৱাৰী"},{"$i":"month-2-long","$v":"মাৰ্চ"},{"$i":"month-3-long","$v":"এপ্ৰিল"},{"$i":"month-4-long","$v":"মে"},{"$i":"month-5-long","$v":"জুন"},{"$i":"month-6-long","$v":"জুলাই"},{"$i":"month-7-long","$v":"আগষ্ট"},{"$i":"month-8-long","$v":"ছেপ্টেম্বৰ"},{"$i":"month-9-long","$v":"অক্টোবৰ"},{"$i":"month-10-long","$v":"নৱেম্বৰ"},{"$i":"month-11-long","$v":"ডিচেম্বৰ"},{"$i":"month-0-genitive","$v":"জানুৱাৰী"},{"$i":"month-1-genitive","$v":"ফেব্ৰুৱাৰী"},{"$i":"month-2-genitive","$v":"মাৰ্চ"},{"$i":"month-3-genitive","$v":"এপ্ৰিল"},{"$i":"month-4-genitive","$v":"মে"},{"$i":"month-5-genitive","$v":"জুন"},{"$i":"month-6-genitive","$v":"জুলাই"},{"$i":"month-7-genitive","$v":"আগষ্ট"},{"$i":"month-8-genitive","$v":"ছেপ্টেম্বৰ"},{"$i":"month-9-genitive","$v":"অক্টোবৰ"},{"$i":"month-10-genitive","$v":"নৱেম্বৰ"},{"$i":"month-11-genitive","$v":"ডিচেম্বৰ"},{"$i":"month-0-short","$v":"জানুৱাৰী"},{"$i":"month-1-short","$v":"ফেব্ৰুৱাৰী"},{"$i":"month-2-short","$v":"মাৰ্চ"},{"$i":"month-3-short","$v":"এপ্ৰিল"},{"$i":"month-4-short","$v":"মে"},{"$i":"month-5-short","$v":"জুন"},{"$i":"month-6-short","$v":"জুলাই"},{"$i":"month-7-short","$v":"আগষ্ট"},{"$i":"month-8-short","$v":"ছেপ্টেম্বৰ"},{"$i":"month-9-short","$v":"অক্টোবৰ"},{"$i":"month-10-short","$v":"নৱেম্বৰ"},{"$i":"month-11-short","$v":"ডিচেম্বৰ"},{"$i":"minutes-ago-long","$v":{"zero":"এইমাত্ৰ","one":"এক মিনিট আগতে","two":[{"t":"idOrVar","v":"value"}," মিনিট আগত"],"few":[{"t":"idOrVar","v":"value"}," মিনিট আগত"],"many":[{"t":"idOrVar","v":"value"}," মিনিট আগত"],"other":[{"t":"idOrVar","v":"value"}," মিনিট আগত"]},"$x":[{"t":"idOrVar","v":"plural"},"value"]},{"$i":"hours-ago-long","$v":{"zero":"এইমাত্ৰ","one":"এঘণ্টা আগতে","two":[{"t":"idOrVar","v":"value"}," ঘণ্টা আগত"],"few":[{"t":"idOrVar","v":"value"}," ঘণ্টা আগত"],"many":[{"t":"idOrVar","v":"value"}," ঘণ্টা আগত"],"other":[{"t":"idOrVar","v":"value"}," ঘণ্টা আগত"]},"$x":[{"t":"idOrVar","v":"plural"},"value"]},{"$i":"days-ago-long","$v":{"zero":"আজি","one":"যোৱাকালি","two":[{"t":"idOrVar","v":"value"}," দিন আগত"],"few":[{"t":"idOrVar","v":"value"}," দিন আগত"],"many":[{"t":"idOrVar","v":"value"}," দিন আগত"],"other":[{"t":"idOrVar","v":"value"}," দিন আগত"]},"$x":[{"t":"idOrVar","v":"plural"},"value"]},{"$i":"weeks-ago-long","$v":{"zero":"এইটো সপ্তাহ","one":"যোৱা সপ্তাহ","two":[{"t":"idOrVar","v":"value"}," সপ্তাহ আগত"],"few":[{"t":"idOrVar","v":"value"}," সপ্তাহ আগত"],"many":[{"t":"idOrVar","v":"value"}," সপ্তাহ আগত"],"other":[{"t":"idOrVar","v":"value"}," সপ্তাহ আগত"]},"$x":[{"t":"idOrVar","v":"plural"},"value"]},{"$i":"months-ago-long","$v":{"zero":"এইটো মাহ","one":"যোৱা মাহ","two":[{"t":"idOrVar","v":"value"}," মাহ আগত"],"few":[{"t":"idOrVar","v":"value"}," মাহ আগত"],"many":[{"t":"idOrVar","v":"value"}," মাহ আগত"],"other":[{"t":"idOrVar","v":"value"}," মাহ আগত"]},"$x":[{"t":"idOrVar","v":"plural"},"value"]},{"$i":"years-ago-long","$v":{"zero":"এইটো বছৰ","one":"যোৱা বছৰ","two":[{"t":"idOrVar","v":"value"}," বছৰ আগত"],"few":[{"t":"idOrVar","v":"value"}," বছৰ আগত"],"many":[{"t":"idOrVar","v":"value"}," বছৰ আগত"],"other":[{"t":"idOrVar","v":"value"}," বছৰ আগত"]},"$x":[{"t":"idOrVar","v":"plural"},"value"]},{"$i":"minutes-until-long","$v":{"zero":"এতিয়া","one":"এক মিনিটত","two":[{"t":"idOrVar","v":"value"}," মিনিটত"],"few":[{"t":"idOrVar","v":"value"}," মিনিটত"],"many":[{"t":"idOrVar","v":"value"}," মিনিটত"],"other":[{"t":"idOrVar","v":"value"}," মিনিটত"]},"$x":[{"t":"idOrVar","v":"plural"},"value"]},{"$i":"hours-until-long","$v":{"zero":"এতিয়া","one":"এক ঘণ্টাত","two":[{"t":"idOrVar","v":"value"}," ঘণ্টাত"],"few":[{"t":"idOrVar","v":"value"}," ঘণ্টাত"],"many":[{"t":"idOrVar","v":"value"}," ঘণ্টাত"],"other":[{"t":"idOrVar","v":"value"}," ঘণ্টাত"]},"$x":[{"t":"idOrVar","v":"plural"},"value"]},{"$i":"days-until-long","$v":{"zero":"আজি","one":"অহাকলি","two":[{"t":"idOrVar","v":"value"}," দিনত"],"few":[{"t":"idOrVar","v":"value"}," দিনত"],"many":[{"t":"idOrVar","v":"value"}," দিনত"],"other":[{"t":"idOrVar","v":"value"}," দিনত"]},"$x":[{"t":"idOrVar","v":"plural"},"value"]},{"$i":"weeks-until-long","$v":{"zero":"এইটো সপ্তাহ","one":"পৰৱৰ্তী সপ্তাহ","two":[{"t":"idOrVar","v":"value"}," সপ্তাহত"],"few":[{"t":"idOrVar","v":"value"}," সপ্তাহত"],"many":[{"t":"idOrVar","v":"value"}," সপ্তাহত"],"other":[{"t":"idOrVar","v":"value"}," সপ্তাহত"]},"$x":[{"t":"idOrVar","v":"plural"},"value"]},{"$i":"months-until-long","$v":{"zero":"এইটো মাহ","one":"পৰৱৰ্তী মাহ","two":[{"t":"idOrVar","v":"value"}," মাহত"],"few":[{"t":"idOrVar","v":"value"}," মাহত"],"many":[{"t":"idOrVar","v":"value"}," মাহত"],"other":[{"t":"idOrVar","v":"value"}," মাহত"]},"$x":[{"t":"idOrVar","v":"plural"},"value"]},{"$i":"years-until-long","$v":{"zero":"এইটো বছৰ","one":"পৰৱৰ্তী বছৰ","two":[{"t":"idOrVar","v":"value"}," বছৰত"],"few":[{"t":"idOrVar","v":"value"}," বছৰত"],"many":[{"t":"idOrVar","v":"value"}," বছৰত"],"other":[{"t":"idOrVar","v":"value"}," বছৰত"]},"$x":[{"t":"idOrVar","v":"plural"},"value"]},{"$i":"minutes-ago-short","$v":{"zero":"এইমাত্ৰ","other":[{"t":"idOrVar","v":"value"}," মিনিট আগত"]},"$x":[{"t":"idOrVar","v":"plural"},"value"]},{"$i":"hours-ago-short","$v":{"zero":"এইমাত্ৰ","other":[{"t":"idOrVar","v":"value"}," ঘণ্টা আগত"]},"$x":[{"t":"idOrVar","v":"plural"},"value"]},{"$i":"days-ago-short","$v":{"zero":"আজি","other":[{"t":"idOrVar","v":"value"}," দিন আগত"]},"$x":[{"t":"idOrVar","v":"plural"},"value"]},{"$i":"minutes-until-short","$v":{"zero":"এতিয়া","other":[{"t":"idOrVar","v":"value"}," মিনিটত"]},"$x":[{"t":"idOrVar","v":"plural"},"value"]},{"$i":"hours-until-short","$v":{"zero":"এতিয়া","other":[{"t":"idOrVar","v":"value"}," ঘণ্টাত"]},"$x":[{"t":"idOrVar","v":"plural"},"value"]},{"$i":"days-until-short","$v":{"zero":"আজি","other":[{"t":"idOrVar","v":"value"}," দিনত"]},"$x":[{"t":"idOrVar","v":"plural"},"value"]},{"$i":"incorrectDate","$v":"(অশুদ্ধ তাৰিখ)"},{"$i":"dateTimeFormat_%c","$v":"%a %b %e %Y %I:%M:%S %p"},{"$i":"dateTimeFormat_%x","$v":"%m/%d/%Y"},{"$i":"dateTimeFormat_%X","$v":"%I:%M:%S %p"},{"$i":"shortTimeFormat","$v":"%I:%M %p"},{"$i":"shortTimeFormat12","$v":"%I:%M %p"},{"$i":"shortTimeFormat24","$v":"%H:%M"},{"$i":"shortDateTimeFormat","$v":"%x %I:%M %p"},{"$i":"weekStartsOnMonday","$v":"0"},{"$i":"firstDayOfTheWeek","$v":"0"},{"$i":"time_am","$v":"AM"},{"$i":"time_pm","$v":"PM"},{"$i":"stopped_download_title","$v":"ডাউনলোড ৰখিছে"},{"$i":"tcl-stopped_download_message","$v":"এইটো ডাউনলোড ৰখোৱা হৈছিল ৷ আপুনি ডাউনলোড পুনৰাম্ভ কৰিব বিচাৰে নেকি?"},{"$i":"stopped_download_left_button","$v":"বাতিল কৰক"},{"$i":"stopped_download_right_button","$v":"পুনৰ চেষ্টা কৰক"},{"$i":"failed_download_title","$v":"ডাউনলোড বিফল হৈছে"},{"$i":"failed_download_message","$v":[{"t":"idOrVar","v":"name"}," ডাউনলোড হোৱাত বিফল হ’ল ৷ পুনৰ ডাউনলোড কৰিবলৈ চেষ্টা কৰিব ৷"]},{"$i":"failed_download_left_button","$v":"বাতিল কৰক"},{"$i":"failed_download_right_button","$v":"পুনৰ চেষ্টা কৰক"},{"$i":"stop_download_title","$v":"ডাউনলোড ৰখাওক"},{"$i":"stop_download_message","$v":"আপুনি ডাউনলোডটো ৰখাবলৈ বিচাৰেনে?"},{"$i":"stop_download_left_button","$v":"নহয়"},{"$i":"stop_download_right_button","$v":"হয়"},{"$i":"delete_download_title","$v":"বিলোপ কৰক"},{"$i":"delete_download_message","$v":[{"t":"idOrVar","v":"name"}," বিলোপ কৰিব?"]},{"$i":"delete_download_left_button","$v":"বাতিল কৰক"},{"$i":"delete_download_right_button","$v":"বিলোপ কৰক"},{"$i":"delete_all_download_title","$v":"বিলোপ কৰক"},{"$i":"delete_all_download_left_button","$v":"বাতিল কৰক"},{"$i":"delete_all_download_right_button","$v":"বিলোপ কৰক"},{"$i":"delete_all_download_message","$v":{"zero":"কোনো ফাইল বিলোপ নকৰে?","one":"এটা ফাইল বিলোপ কৰিব?","two":[{"t":"idOrVar","v":"number"}," ফাইল বিলোপ কৰিব?"],"few":[{"t":"idOrVar","v":"number"}," ফাইল বিলোপ কৰিব?"],"many":[{"t":"idOrVar","v":"number"}," ফাইল বিলোপ কৰিব?"],"other":[{"t":"idOrVar","v":"number"}," ফাইল বিলোপ কৰিব?"]},"$x":[{"t":"idOrVar","v":"plural"},"number"]},{"$i":"unsupported_file_type_download_title","$v":"খুলিবলৈ অক্ষম"},{"$i":"unsupported_file_type_download_message","$v":[{"t":"idOrVar","v":"name"}," খুলিব পৰা কোনো এপ নাই ৷ আপুনি ফাইলটো চেভ কৰিব বা বিলোপ কৰিব বিচাৰে নেকি?"]},{"$i":"unsupported_file_type_download_left_button","$v":"ফাইল ৰাখক"},{"$i":"unsupported_file_type_download_right_button","$v":"বিলোপ কৰক"},{"$i":"file_not_found_download_title","$v":"ফাইল পোৱা নাই"},{"$i":"file_not_found_download_message","$v":"ফাইল ডিভাইচটোত পোৱা নাছিল"},{"$i":"file_not_found_download_right_button","$v":"ঠিক আছে"},{"$i":"unmounted_sdcard_2_download_title","$v":"মেম’ৰী কাৰ্ড ব্যৱহাৰ হৈ আছে"},{"$i":"unmounted_sdcard_2_download_message","$v":"ফোনটো আনপ্লাগ কৰক"},{"$i":"unmounted_sdcard_2_download_right_button","$v":"ঠিক আছে"},{"$i":"no_provider_download_title","$v":"শ্বেয়াৰ কৰিবলৈ অক্ষম"},{"$i":"no_provider_download_message","$v":"কোনো প্ৰদানকাৰী পোৱা নাই"},{"$i":"no_provider_download_right_button","$v":"ঠিক আছে"},{"$i":"no_memory_download_title","$v":"SD কাৰ্ড পূৰ্ণ হৈছে"},{"$i":"no_memory_download_message","$v":"আপোনাৰ ডাউনলোড চেভ কৰিবলৈ আপোনাৰ SD কাৰ্ডত অধিক স্থান নাই৷ অনুগ্ৰহ কৰি ডাউনলোড পুনৰাম্ভ কৰাৰ পূৰ্বে কিছুমান ফাইল আঁতৰাওক ৷"},{"$i":"no_memory_download_right_button","$v":"ঠিক আছে"},{"$i":"no_sdcard_found_2_download_title","$v":"কোনো মেম’ৰী কাৰ্ড পোৱা নাই"},{"$i":"no_sdcard_found_2_download_message","$v":"এখন মেম’ৰী কাৰ্ড ভৰাওক বা ছেটিংছত এটা বিকল্প ডিফ’ল্ট মিডিয়া অৱস্থান বাছনি কৰক"},{"$i":"no_sdcard_found_2_download_right_button","$v":"ঠিক আছে"},{"$i":"file_open_error_download_title","$v":"খুলিবলৈ অক্ষম"},{"$i":"file_open_error_download_message","$v":"এই ফাইল ফৰ্মেটটো অবৈধ বা অসমৰ্থিত ৷ আপুনি ফাইলটো বিলোপ কৰিব বিচাৰে নেকি ?"},{"$i":"file_open_error_download_left_button","$v":"ফাইল ৰাখক"},{"$i":"file_open_error_download_right_button","$v":"বিলোপ কৰক"},{"$i":"restart_download_error","$v":"ডাউনলোড পুনৰাম্ভ কৰি থাকোতে এটা ত্ৰুটি হৈছিল । অনুগ্ৰহ কৰি পুনৰ ডাউনলোড কৰিবলৈ চেষ্টা কৰক |"},{"$i":"no-downloads","$v":"কোনো ডাউনলোড নাই"},{"$i":"byteUnit-B","$v":"B"},{"$i":"byteUnit-KB","$v":"KB"},{"$i":"byteUnit-MB","$v":"MB"},{"$i":"byteUnit-GB","$v":"GB"},{"$i":"byteUnit-TB","$v":"TB"},{"$i":"fileSize","$v":[{"t":"idOrVar","v":"size"}," ",{"t":"idOrVar","v":"unit"}]},{"$i":"percentage","$v":[{"t":"idOrVar","v":"percentage"}," %"]},{"$i":"partialResult","$v":[{"t":"idOrVar","v":"partial"}," / ",{"t":"idOrVar","v":"total"}]},{"$i":"summary","$v":[{"t":"idOrVar","v":"date"}," - ",{"t":"idOrVar","v":"status"}]},{"$i":"download-stopped","$v":"ৰখিছিল"},{"$i":"download-failed","$v":"ডাউনলোড বিফল হৈছে"},{"$i":"open_downloaded_file","$v":"খোলক"},{"$i":"share_downloaded_file","$v":"শ্বেয়াৰ কৰক"},{"$i":"wallpaper_downloaded_file","$v":"ৱালপেপাৰ হিচাপে ছেট কৰক"},{"$i":"ringtone_downloaded_file","$v":"ৰিংট’ন ৰূপে ছেট কৰক"},{"$i":"cancel_downloaded_file","$v":"বাতিল কৰক"},{"$i":"select-download","$v":"ডাউনলোড বাছনি কৰক"},{"$i":"tcl-select-download","$v":"এটা ডাউনলোড বাছনি কৰক"},{"$i":"tcl-ok","$v":"ঠিক আছে"},{"$i":"tcl-cancel","$v":"বাতিল কৰক"}]