[{"$i":"weekday-0-long","$v":"ऐतवार"},{"$i":"weekday-1-long","$v":"सोमवार"},{"$i":"weekday-2-long","$v":"मंगलवार"},{"$i":"weekday-3-long","$v":"बुधवार"},{"$i":"weekday-4-long","$v":"बीरवार"},{"$i":"weekday-5-long","$v":"शुक्रवार"},{"$i":"weekday-6-long","$v":"शनिवार"},{"$i":"weekday-0-short","$v":"ऐत"},{"$i":"weekday-1-short","$v":"सोम"},{"$i":"weekday-2-short","$v":"मंगल"},{"$i":"weekday-3-short","$v":"वेब"},{"$i":"weekday-4-short","$v":"वीर"},{"$i":"weekday-5-short","$v":"शुक्र"},{"$i":"weekday-6-short","$v":"शनि"},{"$i":"month-0-long","$v":"जनवरी"},{"$i":"month-1-long","$v":"फरवरी"},{"$i":"month-2-long","$v":"मार्च"},{"$i":"month-3-long","$v":"अप्रैल"},{"$i":"month-4-long","$v":"मई"},{"$i":"month-5-long","$v":"जून"},{"$i":"month-6-long","$v":"जुलाई"},{"$i":"month-7-long","$v":"अगस्त"},{"$i":"month-8-long","$v":"सितंबर"},{"$i":"month-9-long","$v":"अक्टूबर"},{"$i":"month-10-long","$v":"नवंबर"},{"$i":"month-11-long","$v":"दिसंबर"},{"$i":"month-0-genitive","$v":"जनवरी"},{"$i":"month-1-genitive","$v":"फरवरी"},{"$i":"month-2-genitive","$v":"मार्च"},{"$i":"month-3-genitive","$v":"अप्रैल"},{"$i":"month-4-genitive","$v":"मई"},{"$i":"month-5-genitive","$v":"जून"},{"$i":"month-6-genitive","$v":"जुलाई"},{"$i":"month-7-genitive","$v":"अगस्त"},{"$i":"month-8-genitive","$v":"सितंबर"},{"$i":"month-9-genitive","$v":"अक्टूबर"},{"$i":"month-10-genitive","$v":"नवंबर"},{"$i":"month-11-genitive","$v":"दिसंबर"},{"$i":"month-0-short","$v":"जनवरी"},{"$i":"month-1-short","$v":"फरवरी"},{"$i":"month-2-short","$v":"मार्च"},{"$i":"month-3-short","$v":"अप्रैल"},{"$i":"month-4-short","$v":"मई"},{"$i":"month-5-short","$v":"जून"},{"$i":"month-6-short","$v":"जुलाई"},{"$i":"month-7-short","$v":"अगस्त"},{"$i":"month-8-short","$v":"सितम्बर"},{"$i":"month-9-short","$v":"अक्टूबर"},{"$i":"month-10-short","$v":"नवंबर"},{"$i":"month-11-short","$v":"दिसंबर"},{"$i":"minutes-ago-long","$v":{"zero":"हूनै","one":"इक मिनट पैह्‌ले","two":[{"t":"idOrVar","v":"value"}," मिनट पैह्‌ले"],"few":[{"t":"idOrVar","v":"value"}," मिनट पैह्‌ले"],"many":[{"t":"idOrVar","v":"value"}," मिनट पैह्‌ले"],"other":[{"t":"idOrVar","v":"value"}," मिनट पैह्‌ले"]},"$x":[{"t":"idOrVar","v":"plural"},"value"]},{"$i":"hours-ago-long","$v":{"zero":"हूनै","one":"इक घैंटा पैह्‌ले","two":[{"t":"idOrVar","v":"value"}," घैंटे पैह्‌ले"],"few":[{"t":"idOrVar","v":"value"}," घैंटे पैह्‌ले"],"many":[{"t":"idOrVar","v":"value"}," घैंटे पैह्‌ले"],"other":[{"t":"idOrVar","v":"value"}," घैंटे पैह्‌ले"]},"$x":[{"t":"idOrVar","v":"plural"},"value"]},{"$i":"days-ago-long","$v":{"zero":"अज्ज","one":"कल","two":[{"t":"idOrVar","v":"value"}," दिन पैह्‌ले"],"few":[{"t":"idOrVar","v":"value"}," दिन पैह्‌ले"],"many":[{"t":"idOrVar","v":"value"}," दिन पैह्‌ले"],"other":[{"t":"idOrVar","v":"value"}," दिन पैह्‌ले"]},"$x":[{"t":"idOrVar","v":"plural"},"value"]},{"$i":"weeks-ago-long","$v":{"zero":"इस हफ्ते","one":"पिछले हफ्ते","two":[{"t":"idOrVar","v":"value"}," हफ्ते पैह्‌ले"],"few":[{"t":"idOrVar","v":"value"}," हफ्ते पैह्‌ले"],"many":[{"t":"idOrVar","v":"value"}," हफ्ते पैह्‌ले"],"other":[{"t":"idOrVar","v":"value"}," हफ्ते पैह्‌ले"]},"$x":[{"t":"idOrVar","v":"plural"},"value"]},{"$i":"months-ago-long","$v":{"zero":"इस म्हीने","one":"पिछले म्हीने","two":[{"t":"idOrVar","v":"value"}," म्हीने पैह्‌ले"],"few":[{"t":"idOrVar","v":"value"}," म्हीने पैह्‌ले"],"many":[{"t":"idOrVar","v":"value"}," म्हीने पैह्‌ले"],"other":[{"t":"idOrVar","v":"value"}," म्हीने पैह्‌ले"]},"$x":[{"t":"idOrVar","v":"plural"},"value"]},{"$i":"years-ago-long","$v":{"zero":"इस ब'रे","one":"पिछले ब'रे","two":[{"t":"idOrVar","v":"value"}," ब'रे पैह्‌ले"],"few":[{"t":"idOrVar","v":"value"}," ब'रे पैह्‌ले"],"many":[{"t":"idOrVar","v":"value"}," ब'रे पैह्‌ले"],"other":[{"t":"idOrVar","v":"value"}," ब'रे पैह्‌ले"]},"$x":[{"t":"idOrVar","v":"plural"},"value"]},{"$i":"minutes-until-long","$v":{"zero":"हून","one":"इक मिनट च","two":[{"t":"idOrVar","v":"value"}," मिनटें च"],"few":[{"t":"idOrVar","v":"value"}," मिनटें च"],"many":[{"t":"idOrVar","v":"value"}," मिनटें च"],"other":[{"t":"idOrVar","v":"value"}," मिनटें च"]},"$x":[{"t":"idOrVar","v":"plural"},"value"]},{"$i":"hours-until-long","$v":{"zero":"हून","one":"इक घैंटे च","two":[{"t":"idOrVar","v":"value"}," घैंटें च"],"few":[{"t":"idOrVar","v":"value"}," घैंटें च"],"many":[{"t":"idOrVar","v":"value"}," घैंटें च"],"other":[{"t":"idOrVar","v":"value"}," घैंटें च"]},"$x":[{"t":"idOrVar","v":"plural"},"value"]},{"$i":"days-until-long","$v":{"zero":"अज्ज","one":"कल","two":[{"t":"idOrVar","v":"value"}," दिनें च"],"few":[{"t":"idOrVar","v":"value"}," दिनें च"],"many":[{"t":"idOrVar","v":"value"}," दिनें च"],"other":[{"t":"idOrVar","v":"value"}," दिनें च"]},"$x":[{"t":"idOrVar","v":"plural"},"value"]},{"$i":"weeks-until-long","$v":{"zero":"इस हफ्ते","one":"अगले हफ्ते","two":[{"t":"idOrVar","v":"value"},"हफ्तें च"],"few":[{"t":"idOrVar","v":"value"},"हफ्तें च"],"many":[{"t":"idOrVar","v":"value"},"हफ्तें च"],"other":[{"t":"idOrVar","v":"value"},"हफ्तें च"]},"$x":[{"t":"idOrVar","v":"plural"},"value"]},{"$i":"months-until-long","$v":{"zero":"इस म्हीने","one":"अगले म्हीने","two":[{"t":"idOrVar","v":"value"}," म्हीनें च"],"few":[{"t":"idOrVar","v":"value"}," म्हीनें च"],"many":[{"t":"idOrVar","v":"value"}," म्हीनें च"],"other":[{"t":"idOrVar","v":"value"}," म्हीनें च"]},"$x":[{"t":"idOrVar","v":"plural"},"value"]},{"$i":"years-until-long","$v":{"zero":"इस ब'रे","one":"अगले ब'रे","two":[{"t":"idOrVar","v":"value"},"ब'रें च"],"few":[{"t":"idOrVar","v":"value"},"ब'रें च"],"many":[{"t":"idOrVar","v":"value"},"ब'रें च"],"other":[{"t":"idOrVar","v":"value"},"ब'रें च"]},"$x":[{"t":"idOrVar","v":"plural"},"value"]},{"$i":"minutes-ago-short","$v":{"zero":"हूनै","other":[{"t":"idOrVar","v":"value"}," मिनट पैह्‌ले"]},"$x":[{"t":"idOrVar","v":"plural"},"value"]},{"$i":"hours-ago-short","$v":{"zero":"हूनै","other":[{"t":"idOrVar","v":"value"}," घैंटे पैह्‌ले"]},"$x":[{"t":"idOrVar","v":"plural"},"value"]},{"$i":"days-ago-short","$v":{"zero":"अज्ज","other":[{"t":"idOrVar","v":"value"}," दिन पैह्‌ले"]},"$x":[{"t":"idOrVar","v":"plural"},"value"]},{"$i":"minutes-until-short","$v":{"zero":"हून","other":[{"t":"idOrVar","v":"value"},"मिनटें च"]},"$x":[{"t":"idOrVar","v":"plural"},"value"]},{"$i":"hours-until-short","$v":{"zero":"हून","other":[{"t":"idOrVar","v":"value"}," घैंटें च"]},"$x":[{"t":"idOrVar","v":"plural"},"value"]},{"$i":"days-until-short","$v":{"zero":"अज्ज","other":[{"t":"idOrVar","v":"value"},"दिनें च"]},"$x":[{"t":"idOrVar","v":"plural"},"value"]},{"$i":"incorrectDate","$v":"(गलत तरीक)"},{"$i":"dateTimeFormat_%c","$v":"%a %b %e %Y %I:%M:%S %p"},{"$i":"dateTimeFormat_%x","$v":"%m/%d/%Y"},{"$i":"dateTimeFormat_%X","$v":"%I:%M:%S %p"},{"$i":"shortTimeFormat","$v":"%I:%M %p"},{"$i":"shortTimeFormat12","$v":"%I:%M %p"},{"$i":"shortTimeFormat24","$v":"%H:%M"},{"$i":"shortDateTimeFormat","$v":"%x %I:%M %p"},{"$i":"weekStartsOnMonday","$v":"0"},{"$i":"firstDayOfTheWeek","$v":"0"},{"$i":"time_am","$v":"AM"},{"$i":"time_pm","$v":"PM"},{"$i":"stopped_download_title","$v":"डाउनलोड रोकी दित्ता"},{"$i":"tcl-stopped_download_message","$v":"एह् डाउनलोड बंद करी दित्ती गेई ही। क्या तुस डाउनलोडिंग शुरू करना चांह्‌दे ओ?"},{"$i":"stopped_download_left_button","$v":"रद्द करो"},{"$i":"stopped_download_right_button","$v":"परतियै कोशिश करो"},{"$i":"failed_download_title","$v":"डाउनलोड असफल"},{"$i":"failed_download_message","$v":[{"t":"idOrVar","v":"name"}," डाउनलोड करने च असफल। परतियै डाउनलोड करने दी कोशिश करो?"]},{"$i":"failed_download_left_button","$v":"रद्द करो"},{"$i":"failed_download_right_button","$v":"परतियै कोशिश करो"},{"$i":"stop_download_title","$v":"डाउनलोड रोको"},{"$i":"stop_download_message","$v":"क्या तुस जकीनी तौर पर डाउनलोड रोकना चांह्​दे ओ?"},{"$i":"stop_download_left_button","$v":"नां"},{"$i":"stop_download_right_button","$v":"हां"},{"$i":"delete_download_title","$v":"हटाना"},{"$i":"delete_download_message","$v":[{"t":"idOrVar","v":"name"}," डिलीट करो?"]},{"$i":"delete_download_left_button","$v":"रद्द करो"},{"$i":"delete_download_right_button","$v":"हटाना"},{"$i":"delete_all_download_title","$v":"हटाना"},{"$i":"delete_all_download_left_button","$v":"रद्द करो"},{"$i":"delete_all_download_right_button","$v":"हटाना"},{"$i":"delete_all_download_message","$v":{"zero":"कोई फाइल नेईं डिलीट करो?","one":"इक फाइल डिलीट करो?","two":[{"t":"idOrVar","v":"number"}," फाइलां डिलीट करो?"],"few":[{"t":"idOrVar","v":"number"}," फाइलां डिलीट करो?"],"many":[{"t":"idOrVar","v":"number"}," फाइलां डिलीट करो?"],"other":[{"t":"idOrVar","v":"number"}," फाइलां डिलीट करो?"]},"$x":[{"t":"idOrVar","v":"plural"},"number"]},{"$i":"unsupported_file_type_download_title","$v":"खोलने च असमर्थ"},{"$i":"unsupported_file_type_download_message","$v":["ऐसा कोई ऐप नेईं ऐ जेह्‌ड़ा ",{"t":"idOrVar","v":"name"}," खोली सकदा ऐ। क्या तुस फाइल सहेजना जां इसी डिलीट करना चांह्‌दे ओ?"]},{"$i":"unsupported_file_type_download_left_button","$v":"फाइल रक्खो"},{"$i":"unsupported_file_type_download_right_button","$v":"हटाना"},{"$i":"file_not_found_download_title","$v":"फाइल नेईं मिली"},{"$i":"file_not_found_download_message","$v":"फाइल डिवाइस पर नेईं मिली ही"},{"$i":"file_not_found_download_right_button","$v":"ठीक ऐ"},{"$i":"unmounted_sdcard_2_download_title","$v":"मेमोरी कार्ड बरतून च"},{"$i":"unmounted_sdcard_2_download_message","$v":"फोन अनप्लग करो"},{"$i":"unmounted_sdcard_2_download_right_button","$v":"ठीक ऐ"},{"$i":"no_provider_download_title","$v":"सांझा करने च असमर्थ"},{"$i":"no_provider_download_message","$v":"कोई प्रदाता नेईं मिलेआ"},{"$i":"no_provider_download_right_button","$v":"ठीक ऐ"},{"$i":"no_memory_download_title","$v":"SD कार्ड भरोचे दा ऐ"},{"$i":"no_memory_download_message","$v":"थुआढ़े डाउनलोड गी सहेजने लेई थुआढ़े SD कार्ड पर कोई स्पेस नेईं ऐ। किरपा करियै डाउनलोड मुड़-शुरू करने थमां पैह्‌ले किश फाइलां हटाओ।"},{"$i":"no_memory_download_right_button","$v":"ठीक ऐ"},{"$i":"no_sdcard_found_2_download_title","$v":"कोई मेमोरी कार्ड नेईं मिलेआ"},{"$i":"no_sdcard_found_2_download_message","$v":"मेमोरी कार्ड पाओ जां सेटिंगे च विकल्पी डिफाल्ट मीडिया लोकेशन चुनो"},{"$i":"no_sdcard_found_2_download_right_button","$v":"ठीक ऐ"},{"$i":"file_open_error_download_title","$v":"खोलने च असमर्थ"},{"$i":"file_open_error_download_message","$v":"एह् फाइल प्रारूप अमान्य ऐ जां समर्थत नेईं ऐ। क्या तुस फाइल डिलीट करना चांह्‌दे ओ?"},{"$i":"file_open_error_download_left_button","$v":"फाइल रक्खो"},{"$i":"file_open_error_download_right_button","$v":"हटाना"},{"$i":"restart_download_error","$v":"डाउनलोड मुड़-शुरू करदे बेल्लै त्रुटि होई। किरपा करियै परतियै डाउनलोड करने दी कोशिश करो।"},{"$i":"no-downloads","$v":"कोई डाउनलोड नेईं"},{"$i":"byteUnit-B","$v":"B"},{"$i":"byteUnit-KB","$v":"KB"},{"$i":"byteUnit-MB","$v":"MB"},{"$i":"byteUnit-GB","$v":"GB"},{"$i":"byteUnit-TB","$v":"TB"},{"$i":"fileSize","$v":[{"t":"idOrVar","v":"size"}," ",{"t":"idOrVar","v":"unit"}]},{"$i":"percentage","$v":[{"t":"idOrVar","v":"percentage"}," %"]},{"$i":"partialResult","$v":[{"t":"idOrVar","v":"partial"}," / ",{"t":"idOrVar","v":"total"}]},{"$i":"summary","$v":[{"t":"idOrVar","v":"date"}," - ",{"t":"idOrVar","v":"status"}]},{"$i":"download-stopped","$v":"रोकेआ गेदा"},{"$i":"download-failed","$v":"डाउनलोड असफल"},{"$i":"open_downloaded_file","$v":"खुल्ला"},{"$i":"share_downloaded_file","$v":"साझा करो"},{"$i":"wallpaper_downloaded_file","$v":"वालपेपर दे रूप च सेट करो"},{"$i":"ringtone_downloaded_file","$v":"रिंगटोन दे रूप च सेट करो"},{"$i":"cancel_downloaded_file","$v":"रद्द करो"},{"$i":"select-download","$v":"डाउनलोड चुनो"},{"$i":"tcl-select-download","$v":"डाउनलोड चुनो"},{"$i":"tcl-ok","$v":"ठीक ऐ"},{"$i":"tcl-cancel","$v":"रद्द करो"}]