[{"$i":"weekday-0-long","$v":"રવિવાર"},{"$i":"weekday-1-long","$v":"સોમવાર"},{"$i":"weekday-2-long","$v":"મંગળવાર"},{"$i":"weekday-3-long","$v":"બુધવાર"},{"$i":"weekday-4-long","$v":"ગુરૂવાર"},{"$i":"weekday-5-long","$v":"શુક્રવાર"},{"$i":"weekday-6-long","$v":"શનિવાર"},{"$i":"weekday-0-short","$v":"રવિ"},{"$i":"weekday-1-short","$v":"સોમ"},{"$i":"weekday-2-short","$v":"મંગળ"},{"$i":"weekday-3-short","$v":"બુધ"},{"$i":"weekday-4-short","$v":"ગુરુ"},{"$i":"weekday-5-short","$v":"શુક્રવાર"},{"$i":"weekday-6-short","$v":"શનિ"},{"$i":"month-0-long","$v":"જાન્યુઆરી"},{"$i":"month-1-long","$v":"ફેબ્રુઆરી"},{"$i":"month-2-long","$v":"માર્ચ"},{"$i":"month-3-long","$v":"એપ્રિલ"},{"$i":"month-4-long","$v":"મે"},{"$i":"month-5-long","$v":"જૂન"},{"$i":"month-6-long","$v":"જુલાઈ"},{"$i":"month-7-long","$v":"ઓગસ્ટ"},{"$i":"month-8-long","$v":"સપ્ટેમ્બર"},{"$i":"month-9-long","$v":"ઓક્ટોબર"},{"$i":"month-10-long","$v":"નવેમ્બર"},{"$i":"month-11-long","$v":"ડિસેમ્બર"},{"$i":"month-0-genitive","$v":"જાન્યુઆરી"},{"$i":"month-1-genitive","$v":"ફેબ્રુઆરી"},{"$i":"month-2-genitive","$v":"માર્ચ"},{"$i":"month-3-genitive","$v":"એપ્રિલ"},{"$i":"month-4-genitive","$v":"મે"},{"$i":"month-5-genitive","$v":"જૂન"},{"$i":"month-6-genitive","$v":"જુલાઈ"},{"$i":"month-7-genitive","$v":"ઓગસ્ટ"},{"$i":"month-8-genitive","$v":"સપ્ટેમ્બર"},{"$i":"month-9-genitive","$v":"ઓક્ટોબર"},{"$i":"month-10-genitive","$v":"નવેમ્બર"},{"$i":"month-11-genitive","$v":"ડિસેમ્બર"},{"$i":"month-0-short","$v":"જાન્યુઆરી"},{"$i":"month-1-short","$v":"ફેબ્રુઆરી"},{"$i":"month-2-short","$v":"માર્ચ"},{"$i":"month-3-short","$v":"એપ્રિલ"},{"$i":"month-4-short","$v":"મે"},{"$i":"month-5-short","$v":"જૂન"},{"$i":"month-6-short","$v":"જુલાઈ"},{"$i":"month-7-short","$v":"ઓગસ્ટ"},{"$i":"month-8-short","$v":"સપ્ટેમ્બર"},{"$i":"month-9-short","$v":"ઓક્ટોબર"},{"$i":"month-10-short","$v":"નવેમ્બર"},{"$i":"month-11-short","$v":"ડિસેમ્બર"},{"$i":"minutes-ago-long","$v":{"zero":"અત્યારે જ","one":"એક મિનિટ પહેલાં","two":[{"t":"idOrVar","v":"value"}," મિનિટ પહેલા"],"few":[{"t":"idOrVar","v":"value"}," મિનિટ પહેલા"],"many":[{"t":"idOrVar","v":"value"}," મિનિટ પહેલા"],"other":[{"t":"idOrVar","v":"value"}," મિનિટ પહેલા"]},"$x":[{"t":"idOrVar","v":"plural"},"value"]},{"$i":"hours-ago-long","$v":{"zero":"અત્યારે જ","one":"એક કલાક પહેલાં","two":[{"t":"idOrVar","v":"value"}," કલાક પહેલા"],"few":[{"t":"idOrVar","v":"value"}," કલાક પહેલા"],"many":[{"t":"idOrVar","v":"value"}," કલાક પહેલા"],"other":[{"t":"idOrVar","v":"value"}," કલાક પહેલા"]},"$x":[{"t":"idOrVar","v":"plural"},"value"]},{"$i":"days-ago-long","$v":{"zero":"આજે","one":"ગઈકાલ","two":[{"t":"idOrVar","v":"value"}," દિવસ પહેલા"],"few":[{"t":"idOrVar","v":"value"}," દિવસ પહેલા"],"many":[{"t":"idOrVar","v":"value"}," દિવસ પહેલા"],"other":[{"t":"idOrVar","v":"value"}," દિવસ પહેલા"]},"$x":[{"t":"idOrVar","v":"plural"},"value"]},{"$i":"weeks-ago-long","$v":{"zero":"આ અઠવાડિયું","one":"ગયા અઠવાડિયે","two":[{"t":"idOrVar","v":"value"}," અઠવાડિયા પહેલા"],"few":[{"t":"idOrVar","v":"value"}," અઠવાડિયા પહેલા"],"many":[{"t":"idOrVar","v":"value"}," અઠવાડિયા પહેલા"],"other":[{"t":"idOrVar","v":"value"}," અઠવાડિયા પહેલા"]},"$x":[{"t":"idOrVar","v":"plural"},"value"]},{"$i":"months-ago-long","$v":{"zero":"આ મહિનો","one":"ગયા મહિને","two":[{"t":"idOrVar","v":"value"}," મહિના પહેલા"],"few":[{"t":"idOrVar","v":"value"}," મહિના પહેલા"],"many":[{"t":"idOrVar","v":"value"}," મહિના પહેલા"],"other":[{"t":"idOrVar","v":"value"}," મહિના પહેલા"]},"$x":[{"t":"idOrVar","v":"plural"},"value"]},{"$i":"years-ago-long","$v":{"zero":"આ વર્ષ","one":"ગયા વર્ષે","two":[{"t":"idOrVar","v":"value"}," વર્ષ પહેલા"],"few":[{"t":"idOrVar","v":"value"}," વર્ષ પહેલા"],"many":[{"t":"idOrVar","v":"value"}," વર્ષ પહેલા"],"other":[{"t":"idOrVar","v":"value"}," વર્ષ પહેલા"]},"$x":[{"t":"idOrVar","v":"plural"},"value"]},{"$i":"minutes-until-long","$v":{"zero":"હમણાં","one":"એક મિનિટમાં","two":[{"t":"idOrVar","v":"value"}," મિનિટમાં"],"few":[{"t":"idOrVar","v":"value"}," મિનિટમાં"],"many":[{"t":"idOrVar","v":"value"}," મિનિટમાં"],"other":[{"t":"idOrVar","v":"value"}," મિનિટમાં"]},"$x":[{"t":"idOrVar","v":"plural"},"value"]},{"$i":"hours-until-long","$v":{"zero":"હમણાં","one":"એક કલાકમાં","two":[{"t":"idOrVar","v":"value"}," કલાકમાં"],"few":[{"t":"idOrVar","v":"value"}," કલાકમાં"],"many":[{"t":"idOrVar","v":"value"}," કલાકમાં"],"other":[{"t":"idOrVar","v":"value"}," કલાકમાં"]},"$x":[{"t":"idOrVar","v":"plural"},"value"]},{"$i":"days-until-long","$v":{"zero":"આજે","one":"આવતીકાલ","two":[{"t":"idOrVar","v":"value"}," દિવસમાં"],"few":[{"t":"idOrVar","v":"value"}," દિવસમાં"],"many":[{"t":"idOrVar","v":"value"}," દિવસમાં"],"other":[{"t":"idOrVar","v":"value"}," દિવસમાં"]},"$x":[{"t":"idOrVar","v":"plural"},"value"]},{"$i":"weeks-until-long","$v":{"zero":"આ અઠવાડિયું","one":"આગળનું અઠવાડિયું","two":[{"t":"idOrVar","v":"value"}," અઠવાડિયામાં"],"few":[{"t":"idOrVar","v":"value"}," અઠવાડિયામાં"],"many":[{"t":"idOrVar","v":"value"}," અઠવાડિયામાં"],"other":[{"t":"idOrVar","v":"value"}," અઠવાડિયામાં"]},"$x":[{"t":"idOrVar","v":"plural"},"value"]},{"$i":"months-until-long","$v":{"zero":"આ મહિનો","one":"આગળનો મહિનો","two":[{"t":"idOrVar","v":"value"}," મહિનામાં"],"few":[{"t":"idOrVar","v":"value"}," મહિનામાં"],"many":[{"t":"idOrVar","v":"value"}," મહિનામાં"],"other":[{"t":"idOrVar","v":"value"}," મહિનામાં"]},"$x":[{"t":"idOrVar","v":"plural"},"value"]},{"$i":"years-until-long","$v":{"zero":"આ વર્ષ","one":"આગળનું વર્ષ","two":[{"t":"idOrVar","v":"value"}," વર્ષમાં"],"few":[{"t":"idOrVar","v":"value"}," વર્ષમાં"],"many":[{"t":"idOrVar","v":"value"}," વર્ષમાં"],"other":[{"t":"idOrVar","v":"value"}," વર્ષમાં"]},"$x":[{"t":"idOrVar","v":"plural"},"value"]},{"$i":"minutes-ago-short","$v":{"zero":"અત્યારે જ","other":[{"t":"idOrVar","v":"value"},"મિનિટ પહેલા"]},"$x":[{"t":"idOrVar","v":"plural"},"value"]},{"$i":"hours-ago-short","$v":{"zero":"અત્યારે જ","other":[{"t":"idOrVar","v":"value"},"કલાક પહેલા"]},"$x":[{"t":"idOrVar","v":"plural"},"value"]},{"$i":"days-ago-short","$v":{"zero":"આજે","other":[{"t":"idOrVar","v":"value"},"દિવસ પહેલા"]},"$x":[{"t":"idOrVar","v":"plural"},"value"]},{"$i":"minutes-until-short","$v":{"zero":"હમણાં","other":[{"t":"idOrVar","v":"value"},"મિનિટ માં"]},"$x":[{"t":"idOrVar","v":"plural"},"value"]},{"$i":"hours-until-short","$v":{"zero":"હમણાં","other":[{"t":"idOrVar","v":"value"},"કલાક માં"]},"$x":[{"t":"idOrVar","v":"plural"},"value"]},{"$i":"days-until-short","$v":{"zero":"આજે","other":[{"t":"idOrVar","v":"value"},"દિવસ માં"]},"$x":[{"t":"idOrVar","v":"plural"},"value"]},{"$i":"incorrectDate","$v":"(ખોટી તારીખ)"},{"$i":"dateTimeFormat_%c","$v":"%a %b %e %Y %I:%M:%S %p"},{"$i":"dateTimeFormat_%x","$v":"%m/%d/%Y"},{"$i":"dateTimeFormat_%X","$v":"%I:%M:%S %p"},{"$i":"shortTimeFormat","$v":"%I:%M %p"},{"$i":"shortTimeFormat12","$v":"%I:%M %p"},{"$i":"shortTimeFormat24","$v":"%H:%M"},{"$i":"shortDateTimeFormat","$v":"%x %I:%M %p"},{"$i":"weekStartsOnMonday","$v":"0"},{"$i":"firstDayOfTheWeek","$v":"0"},{"$i":"time_am","$v":"AM"},{"$i":"time_pm","$v":"PM"},{"$i":"stopped_download_title","$v":"ડાઉનલોડ બંધ થયું"},{"$i":"tcl-stopped_download_message","$v":"આ ડાઉનલોડ બંધ કરવામાં આવ્યું. શું તમે ડાઉનલોડ ફરી શરૂ કરવા માંગો છો?"},{"$i":"stopped_download_left_button","$v":"રદ કરો"},{"$i":"stopped_download_right_button","$v":"ફરી પ્રયાસ કરો"},{"$i":"failed_download_title","$v":"ડાઉનલોડ નિષ્ફળ"},{"$i":"failed_download_message","$v":[{"t":"idOrVar","v":"name"}," ડાઉનલોડ કરવામાં નિષ્ફળ. ફરીથી ડાઉનલોડ કરવાનો પ્રયાસ કરો?"]},{"$i":"failed_download_left_button","$v":"રદ કરો"},{"$i":"failed_download_right_button","$v":"ફરી પ્રયાસ કરો"},{"$i":"stop_download_title","$v":"ડાઉનલોડ રોકો"},{"$i":"stop_download_message","$v":"શું તમે ડાઉનલોડ રોકવા માંગો છો?"},{"$i":"stop_download_left_button","$v":"નહીં"},{"$i":"stop_download_right_button","$v":"હા"},{"$i":"delete_download_title","$v":"કાઢો"},{"$i":"delete_download_message","$v":[{"t":"idOrVar","v":"name"}," દૂર કરવા માંગો છો?"]},{"$i":"delete_download_left_button","$v":"રદ કરો"},{"$i":"delete_download_right_button","$v":"કાઢો"},{"$i":"delete_all_download_title","$v":"કાઢો"},{"$i":"delete_all_download_left_button","$v":"રદ કરો"},{"$i":"delete_all_download_right_button","$v":"કાઢો"},{"$i":"delete_all_download_message","$v":{"zero":"કોઈપણ ફાઇલો દૂર કરવા માંગશો નહીં?","one":"એક ફાઇલ દૂર કરી?","two":[{"t":"idOrVar","v":"number"}," ફાઇલો દૂર કરવા માંગો છો"],"few":[{"t":"idOrVar","v":"number"}," ફાઇલો દૂર કરવા માંગો છો"],"many":[{"t":"idOrVar","v":"number"}," ફાઇલો દૂર કરવા માંગો છો"],"other":[{"t":"idOrVar","v":"number"}," ફાઇલો દૂર કરવા માંગો છો"]},"$x":[{"t":"idOrVar","v":"plural"},"number"]},{"$i":"unsupported_file_type_download_title","$v":"ખોલવામાં અસમર્થ"},{"$i":"unsupported_file_type_download_message","$v":[{"t":"idOrVar","v":"name"}," ખોલી શકે તેવું કોઈ એપ નથી. શું તમે ફાઇલ સાચવવા અથવા કાઢી નાખવા માંગો છો?"]},{"$i":"unsupported_file_type_download_left_button","$v":"ફાઇલ રાખો"},{"$i":"unsupported_file_type_download_right_button","$v":"કાઢો"},{"$i":"file_not_found_download_title","$v":"ફાઇલ મળી નથી"},{"$i":"file_not_found_download_message","$v":"ફાઈલ ડિવાઇસ પર મળી ન હતી"},{"$i":"file_not_found_download_right_button","$v":"ઑકે"},{"$i":"unmounted_sdcard_2_download_title","$v":"મેમરી કાર્ડ ઉપયોગમાં છે"},{"$i":"unmounted_sdcard_2_download_message","$v":"ફોન અનપ્લગ કરો"},{"$i":"unmounted_sdcard_2_download_right_button","$v":"ઑકે"},{"$i":"no_provider_download_title","$v":"શેર કરવામાં અસમર્થ"},{"$i":"no_provider_download_message","$v":"કોઈ પ્રદાતા મળેલ નથી"},{"$i":"no_provider_download_right_button","$v":"ઑકે"},{"$i":"no_memory_download_title","$v":"SD કાર્ડ ભરેલું છે"},{"$i":"no_memory_download_message","$v":"તમારું ડાઉનલોડ સાચવવા માટે તમારા SD કાર્ડ પર કોઈ વધુ જગ્યા નથી. ડાઉનલોડ પુનઃપ્રારંભ કરતા પહેલા કૃપા કરી કેટલીક ફાઇલો દૂર કરો."},{"$i":"no_memory_download_right_button","$v":"ઑકે"},{"$i":"no_sdcard_found_2_download_title","$v":"કોઈ મેમરી કાર્ડ મળેલ નથી"},{"$i":"no_sdcard_found_2_download_message","$v":"મેમરી કાર્ડ દાખલ કરો અથવા સેટિંગ્સમાં વૈકલ્પિક મીડિયા સ્થાન પસંદ કરો"},{"$i":"no_sdcard_found_2_download_right_button","$v":"ઑકે"},{"$i":"file_open_error_download_title","$v":"ખોલવામાં અસમર્થ"},{"$i":"file_open_error_download_message","$v":"આ ફાઇલ ફોર્મેટ અમાન્ય છે અથવા સમર્થિત નથી. શું તમે ફાઇલ કાઢી નાખવા માંગો છો ?"},{"$i":"file_open_error_download_left_button","$v":"ફાઇલ રાખો"},{"$i":"file_open_error_download_right_button","$v":"કાઢો"},{"$i":"restart_download_error","$v":"ડાઉનલોડ પુનઃપ્રારંભ કરતી વખતે ત્રુટિ આવી હતી. કૃપા કરી ફરીથી ડાઉનલોડ કરવાનો પ્રયાસ કરો."},{"$i":"no-downloads","$v":"કોઈ ડાઉનલોડ્સ નથી"},{"$i":"byteUnit-B","$v":"B"},{"$i":"byteUnit-KB","$v":"KB"},{"$i":"byteUnit-MB","$v":"MB"},{"$i":"byteUnit-GB","$v":"GB"},{"$i":"byteUnit-TB","$v":"TB"},{"$i":"fileSize","$v":[{"t":"idOrVar","v":"size"}," ",{"t":"idOrVar","v":"unit"}]},{"$i":"percentage","$v":[{"t":"idOrVar","v":"percentage"}," %"]},{"$i":"partialResult","$v":[{"t":"idOrVar","v":"partial"}," / ",{"t":"idOrVar","v":"total"}]},{"$i":"summary","$v":[{"t":"idOrVar","v":"date"}," - ",{"t":"idOrVar","v":"status"}]},{"$i":"download-stopped","$v":"રોકવામાં આવ્યું"},{"$i":"download-failed","$v":"ડાઉનલોડ નિષ્ફળ"},{"$i":"open_downloaded_file","$v":"ખોલો"},{"$i":"share_downloaded_file","$v":"શેઅર કરો"},{"$i":"wallpaper_downloaded_file","$v":"વોલપેપર તરીકે સેટ કરો"},{"$i":"ringtone_downloaded_file","$v":"રિંગટોન તરીકે સેટ કરો"},{"$i":"cancel_downloaded_file","$v":"રદ કરો"},{"$i":"select-download","$v":"ડાઉનલોડ પસંદ કરો"},{"$i":"tcl-select-download","$v":"ડાઉનલોડ પસંદ કરો"},{"$i":"tcl-ok","$v":"ઑકે"},{"$i":"tcl-cancel","$v":"રદ કરો"}]