[{"$i":"weekday-0-long","$v":"रविवार"},{"$i":"weekday-1-long","$v":"सोमवार"},{"$i":"weekday-2-long","$v":"मंगलवार"},{"$i":"weekday-3-long","$v":"बुधवार"},{"$i":"weekday-4-long","$v":"गुरुवार"},{"$i":"weekday-5-long","$v":"शुक्रवार"},{"$i":"weekday-6-long","$v":"शनिवार"},{"$i":"weekday-0-short","$v":"रवि"},{"$i":"weekday-1-short","$v":"सोम"},{"$i":"weekday-2-short","$v":"मंगल"},{"$i":"weekday-3-short","$v":"बुध"},{"$i":"weekday-4-short","$v":"गुरु"},{"$i":"weekday-5-short","$v":"शुक्र"},{"$i":"weekday-6-short","$v":"शनि"},{"$i":"month-0-long","$v":"जनवरी"},{"$i":"month-1-long","$v":"फरवरी"},{"$i":"month-2-long","$v":"मार्च"},{"$i":"month-3-long","$v":"अप्रैल"},{"$i":"month-4-long","$v":"मई"},{"$i":"month-5-long","$v":"जून"},{"$i":"month-6-long","$v":"जुलाई"},{"$i":"month-7-long","$v":"अगस्त"},{"$i":"month-8-long","$v":"सितंबर"},{"$i":"month-9-long","$v":"अक्टूबर"},{"$i":"month-10-long","$v":"नवंबर"},{"$i":"month-11-long","$v":"दिसंबर"},{"$i":"month-0-genitive","$v":"जनवरी"},{"$i":"month-1-genitive","$v":"फरवरी"},{"$i":"month-2-genitive","$v":"मार्च"},{"$i":"month-3-genitive","$v":"अप्रैल"},{"$i":"month-4-genitive","$v":"मई"},{"$i":"month-5-genitive","$v":"जून"},{"$i":"month-6-genitive","$v":"जुलाई"},{"$i":"month-7-genitive","$v":"अगस्त"},{"$i":"month-8-genitive","$v":"सितंबर"},{"$i":"month-9-genitive","$v":"अक्टूबर"},{"$i":"month-10-genitive","$v":"नवंबर"},{"$i":"month-11-genitive","$v":"दिसंबर"},{"$i":"month-0-short","$v":"जनवरी"},{"$i":"month-1-short","$v":"फरवरी"},{"$i":"month-2-short","$v":"मार्च"},{"$i":"month-3-short","$v":"अप्रैल"},{"$i":"month-4-short","$v":"मई"},{"$i":"month-5-short","$v":"जून"},{"$i":"month-6-short","$v":"जुलाई"},{"$i":"month-7-short","$v":"अगस्त"},{"$i":"month-8-short","$v":"सितंबर"},{"$i":"month-9-short","$v":"अक्टूबर"},{"$i":"month-10-short","$v":"नवंबर"},{"$i":"month-11-short","$v":"दिसंबर"},{"$i":"minutes-ago-long","$v":{"zero":"अभी","one":"एक मिनट पहले","two":[{"t":"idOrVar","v":"value"}," मिनट पहले"],"few":[{"t":"idOrVar","v":"value"}," मिनट पहले"],"many":[{"t":"idOrVar","v":"value"}," मिनट पहले"],"other":[{"t":"idOrVar","v":"value"}," मिनट पहले"]},"$x":[{"t":"idOrVar","v":"plural"},"value"]},{"$i":"hours-ago-long","$v":{"zero":"अभी","one":"एक घंटे पहले","two":[{"t":"idOrVar","v":"value"}," घंटे पहले"],"few":[{"t":"idOrVar","v":"value"}," घंटे पहले"],"many":[{"t":"idOrVar","v":"value"}," घंटे पहले"],"other":[{"t":"idOrVar","v":"value"}," घंटे पहले"]},"$x":[{"t":"idOrVar","v":"plural"},"value"]},{"$i":"days-ago-long","$v":{"zero":"आज","one":"बीता कल","two":[{"t":"idOrVar","v":"value"}," दिनों पहले"],"few":[{"t":"idOrVar","v":"value"}," दिनों पहले"],"many":[{"t":"idOrVar","v":"value"}," दिनों पहले"],"other":[{"t":"idOrVar","v":"value"}," दिनों पहले"]},"$x":[{"t":"idOrVar","v":"plural"},"value"]},{"$i":"weeks-ago-long","$v":{"zero":"इस सप्ताह","one":"पिछले सप्ताह","two":[{"t":"idOrVar","v":"value"}," सप्ताह पहले"],"few":[{"t":"idOrVar","v":"value"}," सप्ताह पहले"],"many":[{"t":"idOrVar","v":"value"}," सप्ताह पहले"],"other":[{"t":"idOrVar","v":"value"}," सप्ताह पहले"]},"$x":[{"t":"idOrVar","v":"plural"},"value"]},{"$i":"months-ago-long","$v":{"zero":"इस महीने","one":"पिछले महीने","two":[{"t":"idOrVar","v":"value"}," महीनों पहले"],"few":[{"t":"idOrVar","v":"value"}," महीनों पहले"],"many":[{"t":"idOrVar","v":"value"}," महीनों पहले"],"other":[{"t":"idOrVar","v":"value"}," महीनों पहले"]},"$x":[{"t":"idOrVar","v":"plural"},"value"]},{"$i":"years-ago-long","$v":{"zero":"इस वर्ष","one":"पिछले वर्ष","two":[{"t":"idOrVar","v":"value"}," वर्ष पहले"],"few":[{"t":"idOrVar","v":"value"}," वर्ष पहले"],"many":[{"t":"idOrVar","v":"value"}," वर्ष पहले"],"other":[{"t":"idOrVar","v":"value"}," वर्ष पहले"]},"$x":[{"t":"idOrVar","v":"plural"},"value"]},{"$i":"minutes-until-long","$v":{"zero":"अभी","one":"एक मिनट में","two":[{"t":"idOrVar","v":"value"}," मिनट में"],"few":[{"t":"idOrVar","v":"value"}," मिनट में"],"many":[{"t":"idOrVar","v":"value"}," मिनट में"],"other":[{"t":"idOrVar","v":"value"}," मिनट में"]},"$x":[{"t":"idOrVar","v":"plural"},"value"]},{"$i":"hours-until-long","$v":{"zero":"अभी","one":"एक घंटे में","two":[{"t":"idOrVar","v":"value"}," घंटों में"],"few":[{"t":"idOrVar","v":"value"}," घंटों में"],"many":[{"t":"idOrVar","v":"value"}," घंटों में"],"other":[{"t":"idOrVar","v":"value"}," घंटों में"]},"$x":[{"t":"idOrVar","v":"plural"},"value"]},{"$i":"days-until-long","$v":{"zero":"आज","one":"कल","two":[{"t":"idOrVar","v":"value"}," दिनों में"],"few":[{"t":"idOrVar","v":"value"}," दिनों में"],"many":[{"t":"idOrVar","v":"value"}," दिनों में"],"other":[{"t":"idOrVar","v":"value"}," दिनों में"]},"$x":[{"t":"idOrVar","v":"plural"},"value"]},{"$i":"weeks-until-long","$v":{"zero":"इस सप्ताह","one":"अगले सप्ताह","two":[{"t":"idOrVar","v":"value"}," सप्ताह में"],"few":[{"t":"idOrVar","v":"value"}," सप्ताह में"],"many":[{"t":"idOrVar","v":"value"}," सप्ताह में"],"other":[{"t":"idOrVar","v":"value"}," सप्ताह में"]},"$x":[{"t":"idOrVar","v":"plural"},"value"]},{"$i":"months-until-long","$v":{"zero":"इस महीने","one":"अगले महीने","two":[{"t":"idOrVar","v":"value"}," महीनो में"],"few":[{"t":"idOrVar","v":"value"}," महीनो में"],"many":[{"t":"idOrVar","v":"value"}," महीनो में"],"other":[{"t":"idOrVar","v":"value"}," महीनो में"]},"$x":[{"t":"idOrVar","v":"plural"},"value"]},{"$i":"years-until-long","$v":{"zero":"इस वर्ष","one":"अगले वर्ष","two":[{"t":"idOrVar","v":"value"}," वर्षों में"],"few":[{"t":"idOrVar","v":"value"}," वर्षों में"],"many":[{"t":"idOrVar","v":"value"}," वर्षों में"],"other":[{"t":"idOrVar","v":"value"}," वर्षों में"]},"$x":[{"t":"idOrVar","v":"plural"},"value"]},{"$i":"minutes-ago-short","$v":{"zero":"अभी","other":[{"t":"idOrVar","v":"value"}," मिनट पहले"]},"$x":[{"t":"idOrVar","v":"plural"},"value"]},{"$i":"hours-ago-short","$v":{"zero":"अभी","other":[{"t":"idOrVar","v":"value"}," घंटे पहले"]},"$x":[{"t":"idOrVar","v":"plural"},"value"]},{"$i":"days-ago-short","$v":{"zero":"आज","other":[{"t":"idOrVar","v":"value"}," दिनों पहले"]},"$x":[{"t":"idOrVar","v":"plural"},"value"]},{"$i":"minutes-until-short","$v":{"zero":"अभी","other":[{"t":"idOrVar","v":"value"},"मिनिट में"]},"$x":[{"t":"idOrVar","v":"plural"},"value"]},{"$i":"hours-until-short","$v":{"zero":"अभी","other":[{"t":"idOrVar","v":"value"},"घंटे में"]},"$x":[{"t":"idOrVar","v":"plural"},"value"]},{"$i":"days-until-short","$v":{"zero":"आज","other":[{"t":"idOrVar","v":"value"},"दिन में"]},"$x":[{"t":"idOrVar","v":"plural"},"value"]},{"$i":"incorrectDate","$v":"(गलत दिनांक)"},{"$i":"dateTimeFormat_%c","$v":"%a %b %e %Y %I:%M:%S %p"},{"$i":"dateTimeFormat_%x","$v":"%m/%d/%Y"},{"$i":"dateTimeFormat_%X","$v":"%I:%M:%S %p"},{"$i":"shortTimeFormat","$v":"%I:%M %p"},{"$i":"shortTimeFormat12","$v":"%I:%M %p"},{"$i":"shortTimeFormat24","$v":"%H:%M"},{"$i":"shortDateTimeFormat","$v":"%x %I:%M %p"},{"$i":"weekStartsOnMonday","$v":"0"},{"$i":"firstDayOfTheWeek","$v":"0"},{"$i":"time_am","$v":"AM"},{"$i":"time_pm","$v":"PM"},{"$i":"stopped_download_title","$v":"डाउनलोड रुक गया हैं"},{"$i":"tcl-stopped_download_message","$v":"यह डाउनलोड रोक दिया गया था। क्या आप डाउनलोड शुरू करना चाहते हैं?"},{"$i":"stopped_download_left_button","$v":"रद्द करना"},{"$i":"stopped_download_right_button","$v":"फिर से प्रयास करें"},{"$i":"failed_download_title","$v":"डाउनलोड विफल रहा"},{"$i":"failed_download_message","$v":[{"t":"idOrVar","v":"name"}," डाउनलोड करने में विफल रहा। दोबारा डाउनलोड करने का प्रयास करें?"]},{"$i":"failed_download_left_button","$v":"रद्द करना"},{"$i":"failed_download_right_button","$v":"फिर से प्रयास करें"},{"$i":"stop_download_title","$v":"डाउनलोड रोकें"},{"$i":"stop_download_message","$v":"क्या आप डाउनलोड को रोकना चाहते हैं?"},{"$i":"stop_download_left_button","$v":"नहीं"},{"$i":"stop_download_right_button","$v":"हां"},{"$i":"delete_download_title","$v":"हटाएँ"},{"$i":"delete_download_message","$v":[{"t":"idOrVar","v":"name"}," हटाएं"]},{"$i":"delete_download_left_button","$v":"रद्द करना"},{"$i":"delete_download_right_button","$v":"हटाएँ"},{"$i":"delete_all_download_title","$v":"हटाएँ"},{"$i":"delete_all_download_left_button","$v":"रद्द करना"},{"$i":"delete_all_download_right_button","$v":"हटाएँ"},{"$i":"delete_all_download_message","$v":{"zero":"कोई फ़ाइलें नहीं हटाएँ?","one":"एक फ़ाइल हटाएँ?","two":[{"t":"idOrVar","v":"number"}," फ़ाइलें हटाएं?"],"few":[{"t":"idOrVar","v":"number"}," फ़ाइलें हटाएं?"],"many":[{"t":"idOrVar","v":"number"}," फ़ाइलें हटाएं?"],"other":[{"t":"idOrVar","v":"number"}," फ़ाइलें हटाएं?"]},"$x":[{"t":"idOrVar","v":"plural"},"number"]},{"$i":"unsupported_file_type_download_title","$v":"खोलने में असमर्थ"},{"$i":"unsupported_file_type_download_message","$v":[{"t":"idOrVar","v":"name"}," खोलने वाला कोई ऐप नहीं हैं । क्या आप फ़ाइल को सेव करना चाहते हैं या इसे हटाएँ?"]},{"$i":"unsupported_file_type_download_left_button","$v":"फ़ाइल रखें"},{"$i":"unsupported_file_type_download_right_button","$v":"हटाएँ"},{"$i":"file_not_found_download_title","$v":"फ़ाइल नहीं मिली"},{"$i":"file_not_found_download_message","$v":"फ़ाइल डिवाइस पर नहीं मिली"},{"$i":"file_not_found_download_right_button","$v":"ठीक हैं"},{"$i":"unmounted_sdcard_2_download_title","$v":"मेमोरी कार्ड उपयोग में हैं"},{"$i":"unmounted_sdcard_2_download_message","$v":"फ़ोन को अनप्लग करें"},{"$i":"unmounted_sdcard_2_download_right_button","$v":"ठीक हैं"},{"$i":"no_provider_download_title","$v":"साझा करने में असमर्थ"},{"$i":"no_provider_download_message","$v":"कोई प्रदाता नहीं मिला"},{"$i":"no_provider_download_right_button","$v":"ठीक हैं"},{"$i":"no_memory_download_title","$v":"SD कार्ड पूरा भरा हैं"},{"$i":"no_memory_download_message","$v":"आपके डाउनलोड को सेव करने के लिए SD कार्ड में जगह नहीं है। कृपया डाउनलोड को फिर से शुरू करने के लिए कुछ फ़ाइलों को निकालें।"},{"$i":"no_memory_download_right_button","$v":"ठीक हैं"},{"$i":"no_sdcard_found_2_download_title","$v":"कोई मेमोरी कार्ड नहीं मिला"},{"$i":"no_sdcard_found_2_download_message","$v":"मेमोरी कार्ड डालें या सेटिंग्स में वैकल्पिक डिफ़ॉल्ट मीडिया स्थान को चुनें"},{"$i":"no_sdcard_found_2_download_right_button","$v":"ठीक हैं"},{"$i":"file_open_error_download_title","$v":"खोलने में असमर्थ"},{"$i":"file_open_error_download_message","$v":"यह फ़ाइल फॉर्मेट अमान्य हैं या असमर्थित हैं। क्या आप फ़ाइल को हटाना चाहते हैं?"},{"$i":"file_open_error_download_left_button","$v":"फ़ाइल रखें"},{"$i":"file_open_error_download_right_button","$v":"हटाएँ"},{"$i":"restart_download_error","$v":"डाउनलोड को फिर से शुरू करने में त्रुटि हुई। कृपया फिर से डाउनलोड करने का प्रयास करें।"},{"$i":"no-downloads","$v":"कोई डाउनलोड नहीं हैं"},{"$i":"byteUnit-B","$v":"B"},{"$i":"byteUnit-KB","$v":"KB"},{"$i":"byteUnit-MB","$v":"MB"},{"$i":"byteUnit-GB","$v":"GB"},{"$i":"byteUnit-TB","$v":"TB"},{"$i":"fileSize","$v":[{"t":"idOrVar","v":"size"}," ",{"t":"idOrVar","v":"unit"}]},{"$i":"percentage","$v":[{"t":"idOrVar","v":"percentage"}," %"]},{"$i":"partialResult","$v":[{"t":"idOrVar","v":"partial"}," / ",{"t":"idOrVar","v":"total"}]},{"$i":"summary","$v":[{"t":"idOrVar","v":"date"}," - ",{"t":"idOrVar","v":"status"}]},{"$i":"download-stopped","$v":"रुक गया हैं"},{"$i":"download-failed","$v":"डाउनलोड विफल रहा"},{"$i":"open_downloaded_file","$v":"खोलें"},{"$i":"share_downloaded_file","$v":"साझा करें"},{"$i":"wallpaper_downloaded_file","$v":"वॉलपेपर के रूप में सेट करें"},{"$i":"ringtone_downloaded_file","$v":"रिंगटोन के रूप में सेट करें"},{"$i":"cancel_downloaded_file","$v":"रद्द करना"},{"$i":"select-download","$v":"डाउनलोड चुनें"},{"$i":"tcl-select-download","$v":"डाउनलोड चुनें"},{"$i":"tcl-ok","$v":"ठीक हैं"},{"$i":"tcl-cancel","$v":"रद्द करना"}]