[{"$i":"weekday-0-long","$v":"ಭಾನುವಾರ"},{"$i":"weekday-1-long","$v":"ಸೋಮವಾರ"},{"$i":"weekday-2-long","$v":"ಮಂಗಳವಾರ"},{"$i":"weekday-3-long","$v":"ಬುಧವಾರ"},{"$i":"weekday-4-long","$v":"ಗುರುವಾರ"},{"$i":"weekday-5-long","$v":"ಶುಕ್ರವಾರ"},{"$i":"weekday-6-long","$v":"ಶನಿವಾರ"},{"$i":"weekday-0-short","$v":"ಭಾನು"},{"$i":"weekday-1-short","$v":"ಸೋಮ"},{"$i":"weekday-2-short","$v":"ಮಂಗಳ"},{"$i":"weekday-3-short","$v":"ಬುಧ"},{"$i":"weekday-4-short","$v":"ಗುರು"},{"$i":"weekday-5-short","$v":"ಶುಕ್ರ"},{"$i":"weekday-6-short","$v":"ಶನಿವಾರ"},{"$i":"month-0-long","$v":"ಜನವರಿ"},{"$i":"month-1-long","$v":"ಫೆಬ್ರವರಿ"},{"$i":"month-2-long","$v":"ಮಾರ್ಚ್"},{"$i":"month-3-long","$v":"ಏಪ್ರಿಲ್"},{"$i":"month-4-long","$v":"ಮೇ"},{"$i":"month-5-long","$v":"ಜೂನ್"},{"$i":"month-6-long","$v":"ಜುಲೈ"},{"$i":"month-7-long","$v":"ಆಗಸ್ಟ್"},{"$i":"month-8-long","$v":"ಸಪ್ಟೆಂಬರ್"},{"$i":"month-9-long","$v":"ಅಕ್ಟೋಬರ್"},{"$i":"month-10-long","$v":"ನವೆಂಬರ್"},{"$i":"month-11-long","$v":"ಡಿಸೆಂಬರ್"},{"$i":"month-0-genitive","$v":"ಜನವರಿ"},{"$i":"month-1-genitive","$v":"ಫೆಬ್ರವರಿ"},{"$i":"month-2-genitive","$v":"ಮಾರ್ಚ್"},{"$i":"month-3-genitive","$v":"ಏಪ್ರಿಲ್"},{"$i":"month-4-genitive","$v":"ಮೇ"},{"$i":"month-5-genitive","$v":"ಜೂನ್"},{"$i":"month-6-genitive","$v":"ಜುಲೈ"},{"$i":"month-7-genitive","$v":"ಆಗಸ್ಟ್"},{"$i":"month-8-genitive","$v":"ಸಪ್ಟೆಂಬರ್"},{"$i":"month-9-genitive","$v":"ಅಕ್ಟೋಬರ್"},{"$i":"month-10-genitive","$v":"ನವೆಂಬರ್"},{"$i":"month-11-genitive","$v":"ಡಿಸೆಂಬರ್"},{"$i":"month-0-short","$v":"ಜನವರಿ"},{"$i":"month-1-short","$v":"ಫೆಬ್ರವರಿ"},{"$i":"month-2-short","$v":"ಮಾರ್ಚ್"},{"$i":"month-3-short","$v":"ಏಪ್ರಿಲ್"},{"$i":"month-4-short","$v":"ಮೇ"},{"$i":"month-5-short","$v":"ಜೂನ್"},{"$i":"month-6-short","$v":"ಜುಲೈ"},{"$i":"month-7-short","$v":"ಆಗಸ್ಟ್"},{"$i":"month-8-short","$v":"ಸೆಪ್ಟೆಂಬರ್"},{"$i":"month-9-short","$v":"ಅಕ್ಟೋಬರ್"},{"$i":"month-10-short","$v":"ನವೆಂಬರ್"},{"$i":"month-11-short","$v":"ಡಿಸೆಂಬರ್"},{"$i":"minutes-ago-long","$v":{"zero":"ಈಗಷ್ಟೇ","one":"ಒಂದು ನಿಮಿಷದ ಹಿಂದೆ","two":[{"t":"idOrVar","v":"value"}," ನಿಮಿಷಗಳ ಹಿಂದೆ"],"few":[{"t":"idOrVar","v":"value"}," ನಿಮಿಷಗಳ ಹಿಂದೆ"],"many":[{"t":"idOrVar","v":"value"}," ನಿಮಿಷಗಳ ಹಿಂದೆ"],"other":[{"t":"idOrVar","v":"value"}," ನಿಮಿಷಗಳ ಹಿಂದೆ"]},"$x":[{"t":"idOrVar","v":"plural"},"value"]},{"$i":"hours-ago-long","$v":{"zero":"ಈಗಷ್ಟೇ","one":"ಒಂದು ಗಂಟೆ ಹಿಂದೆ","two":[{"t":"idOrVar","v":"value"}," ಗಂಟೆಗಳ ಹಿಂದೆ"],"few":[{"t":"idOrVar","v":"value"}," ಗಂಟೆಗಳ ಹಿಂದೆ"],"many":[{"t":"idOrVar","v":"value"}," ಗಂಟೆಗಳ ಹಿಂದೆ"],"other":[{"t":"idOrVar","v":"value"}," ಗಂಟೆಗಳ ಹಿಂದೆ"]},"$x":[{"t":"idOrVar","v":"plural"},"value"]},{"$i":"days-ago-long","$v":{"zero":"ಇಂದು","one":"ನಿನ್ನೆ","two":[{"t":"idOrVar","v":"value"}," ದಿನಗಳ ಹಿಂದೆ"],"few":[{"t":"idOrVar","v":"value"}," ದಿನಗಳ ಹಿಂದೆ"],"many":[{"t":"idOrVar","v":"value"}," ದಿನಗಳ ಹಿಂದೆ"],"other":[{"t":"idOrVar","v":"value"}," ದಿನಗಳ ಹಿಂದೆ"]},"$x":[{"t":"idOrVar","v":"plural"},"value"]},{"$i":"weeks-ago-long","$v":{"zero":"ಈ ವಾರ","one":"ಕಳೆದ ವಾರ","two":[{"t":"idOrVar","v":"value"}," ವಾರಗಳ ಹಿಂದೆ"],"few":[{"t":"idOrVar","v":"value"}," ವಾರಗಳ ಹಿಂದೆ"],"many":[{"t":"idOrVar","v":"value"}," ವಾರಗಳ ಹಿಂದೆ"],"other":[{"t":"idOrVar","v":"value"}," ವಾರಗಳ ಹಿಂದೆ"]},"$x":[{"t":"idOrVar","v":"plural"},"value"]},{"$i":"months-ago-long","$v":{"zero":"ಈ ತಿಂಗಳು","one":"ಕಳೆದ ತಿಂಗಳು","two":[{"t":"idOrVar","v":"value"}," ತಿಂಗಳುಗಳ ಹಿಂದೆ"],"few":[{"t":"idOrVar","v":"value"}," ತಿಂಗಳುಗಳ ಹಿಂದೆ"],"many":[{"t":"idOrVar","v":"value"}," ತಿಂಗಳುಗಳ ಹಿಂದೆ"],"other":[{"t":"idOrVar","v":"value"}," ತಿಂಗಳುಗಳ ಹಿಂದೆ"]},"$x":[{"t":"idOrVar","v":"plural"},"value"]},{"$i":"years-ago-long","$v":{"zero":"ಈ ವರ್ಷ","one":"ಕಳೆದ ವರ್ಷ","two":[{"t":"idOrVar","v":"Value"}," ವರ್ಷಗಳ ಹಿಂದೆ"],"few":[{"t":"idOrVar","v":"Value"}," ವರ್ಷಗಳ ಹಿಂದೆ"],"many":[{"t":"idOrVar","v":"Value"}," ವರ್ಷಗಳ ಹಿಂದೆ"],"other":[{"t":"idOrVar","v":"Value"}," ವರ್ಷಗಳ ಹಿಂದೆ"]},"$x":[{"t":"idOrVar","v":"plural"},"value"]},{"$i":"minutes-until-long","$v":{"zero":"ಇದೀಗ","one":"ಒಂದು ನಿಮಿಷದಲ್ಲಿ","two":[{"t":"idOrVar","v":"value"}," ನಿಮಿಷಗಳಲ್ಲಿ"],"few":[{"t":"idOrVar","v":"value"}," ನಿಮಿಷಗಳಲ್ಲಿ"],"many":[{"t":"idOrVar","v":"value"}," ನಿಮಿಷಗಳಲ್ಲಿ"],"other":[{"t":"idOrVar","v":"value"}," ನಿಮಿಷಗಳಲ್ಲಿ"]},"$x":[{"t":"idOrVar","v":"plural"},"value"]},{"$i":"hours-until-long","$v":{"zero":"ಇದೀಗ","one":"ಒಂದು ಗಂಟೆಯಲ್ಲಿ","two":[{"t":"idOrVar","v":"value"}," ಗಂಟೆಗಳಲ್ಲಿ"],"few":[{"t":"idOrVar","v":"value"}," ಗಂಟೆಗಳಲ್ಲಿ"],"many":[{"t":"idOrVar","v":"value"}," ಗಂಟೆಗಳಲ್ಲಿ"],"other":[{"t":"idOrVar","v":"value"}," ಗಂಟೆಗಳಲ್ಲಿ"]},"$x":[{"t":"idOrVar","v":"plural"},"value"]},{"$i":"days-until-long","$v":{"zero":"ಇಂದು","one":"ನಾಳೆ","two":[{"t":"idOrVar","v":"value"}," ದಿನಗಳಲ್ಲಿ"],"few":[{"t":"idOrVar","v":"value"}," ದಿನಗಳಲ್ಲಿ"],"many":[{"t":"idOrVar","v":"value"}," ದಿನಗಳಲ್ಲಿ"],"other":[{"t":"idOrVar","v":"value"}," ದಿನಗಳಲ್ಲಿ"]},"$x":[{"t":"idOrVar","v":"plural"},"value"]},{"$i":"weeks-until-long","$v":{"zero":"ಈ ವಾರ","one":"ಮುಂದಿನ ವಾರ","two":[{"t":"idOrVar","v":"value"}," ವಾರಗಳಲ್ಲಿ"],"few":[{"t":"idOrVar","v":"value"}," ವಾರಗಳಲ್ಲಿ"],"many":[{"t":"idOrVar","v":"value"}," ವಾರಗಳಲ್ಲಿ"],"other":[{"t":"idOrVar","v":"value"}," ವಾರಗಳಲ್ಲಿ"]},"$x":[{"t":"idOrVar","v":"plural"},"value"]},{"$i":"months-until-long","$v":{"zero":"ಈ ತಿಂಗಳು","one":"ಮುಂದಿನ ತಿಂಗಳು","two":[{"t":"idOrVar","v":"value"}," ತಿಂಗಳುಗಳಲ್ಲಿ"],"few":[{"t":"idOrVar","v":"value"}," ತಿಂಗಳುಗಳಲ್ಲಿ"],"many":[{"t":"idOrVar","v":"value"}," ತಿಂಗಳುಗಳಲ್ಲಿ"],"other":[{"t":"idOrVar","v":"value"}," ತಿಂಗಳುಗಳಲ್ಲಿ"]},"$x":[{"t":"idOrVar","v":"plural"},"value"]},{"$i":"years-until-long","$v":{"zero":"ಈ ವರ್ಷ","one":"ಮುಂದಿನ ವರ್ಷ","two":[{"t":"idOrVar","v":"value"}," ವರ್ಷಗಳಲ್ಲಿ"],"few":[{"t":"idOrVar","v":"value"}," ವರ್ಷಗಳಲ್ಲಿ"],"many":[{"t":"idOrVar","v":"value"}," ವರ್ಷಗಳಲ್ಲಿ"],"other":[{"t":"idOrVar","v":"value"}," ವರ್ಷಗಳಲ್ಲಿ"]},"$x":[{"t":"idOrVar","v":"plural"},"value"]},{"$i":"minutes-ago-short","$v":{"zero":"ಈಗಷ್ಟೇ","other":[{"t":"idOrVar","v":"value"},"ನಿಮಿಷಗಳ ಹಿಂದೆ"]},"$x":[{"t":"idOrVar","v":"plural"},"value"]},{"$i":"hours-ago-short","$v":{"zero":"ಈಗಷ್ಟೇ","other":[{"t":"idOrVar","v":"value"},"ಗಂಟೆಗಳ ಹಿಂದೆ"]},"$x":[{"t":"idOrVar","v":"plural"},"value"]},{"$i":"days-ago-short","$v":{"zero":"ಇಂದು","other":[{"t":"idOrVar","v":"value"},"ದಿನದ ಹಿಂದೆ"]},"$x":[{"t":"idOrVar","v":"plural"},"value"]},{"$i":"minutes-until-short","$v":{"zero":"ಇದೀಗ","other":[{"t":"idOrVar","v":"value"},"ನಿಮಿಷಗಳಲ್ಲಿ"]},"$x":[{"t":"idOrVar","v":"plural"},"value"]},{"$i":"hours-until-short","$v":{"zero":"ಇದೀಗ","other":[{"t":"idOrVar","v":"value"},"ಗಂಟೆಗಳಲ್ಲಿ"]},"$x":[{"t":"idOrVar","v":"plural"},"value"]},{"$i":"days-until-short","$v":{"zero":"ಇಂದು","other":[{"t":"idOrVar","v":"value"},"ದಿನದಲ್ಲಿ"]},"$x":[{"t":"idOrVar","v":"plural"},"value"]},{"$i":"incorrectDate","$v":"(ತಪ್ಪಾದ ದಿನಾಂಕ)"},{"$i":"dateTimeFormat_%c","$v":"%a %b %e %Y %I:%M:%S %p"},{"$i":"dateTimeFormat_%x","$v":"%m/%d/%Y"},{"$i":"dateTimeFormat_%X","$v":"%I:%M:%S %p"},{"$i":"shortTimeFormat","$v":"%I:%M %p"},{"$i":"shortTimeFormat12","$v":"%I:%M %p"},{"$i":"shortTimeFormat24","$v":"%H:%M"},{"$i":"shortDateTimeFormat","$v":"%x %I:%M %p"},{"$i":"weekStartsOnMonday","$v":"0"},{"$i":"firstDayOfTheWeek","$v":"0"},{"$i":"time_am","$v":"AM"},{"$i":"time_pm","$v":"PM"},{"$i":"stopped_download_title","$v":"ಡೌನ್‌ಲೋಡ್‌ ನಿಂತಿದೆ"},{"$i":"tcl-stopped_download_message","$v":"ಈ ಡೌನ್‌ಲೋಡ್ ನಿಲ್ಲಿಸಲಾಗಿದೆ. ಡೌನ್‌ಲೋಡಿಂಗ್ ಮರುಆರಂಭಿಸಲು ಬಯಸುವಿರಾ"},{"$i":"stopped_download_left_button","$v":"ರದ್ದು ಮಾಡಿ"},{"$i":"stopped_download_right_button","$v":"ಮತ್ತೆ ಪ್ರಯತ್ನಿಸಿ"},{"$i":"failed_download_title","$v":"ಡೌನ್‌ಲೋಡ್‌ ವಿಫಲಗೊಂಡಿದೆ"},{"$i":"failed_download_message","$v":[{"t":"idOrVar","v":"name"}," ಡೌನ್‌ಲೋಡ್ ಮಾಡಲು ವಿಫಲವಾಗಿದೆ. ಪುನಃ ಡೌನ್‌ಲೋಡ್‌ ಮಾಡಲು ಪ್ರಯತ್ನಿಸಿ?"]},{"$i":"failed_download_left_button","$v":"ರದ್ದು ಮಾಡಿ"},{"$i":"failed_download_right_button","$v":"ಮತ್ತೆ ಪ್ರಯತ್ನಿಸಿ"},{"$i":"stop_download_title","$v":"ಡೌನ್‌ಲೋಡ್ ನಿಲ್ಲಿಸಿ"},{"$i":"stop_download_message","$v":"ನೀವು ಡೌನ್‌ಲೋಡ್‌ ನಿಲ್ಲಿಸಲು ಖಚಿತವಾಗಿ ಬಯಸುವಿರಾ?"},{"$i":"stop_download_left_button","$v":"ಇಲ್ಲ"},{"$i":"stop_download_right_button","$v":"ಹೌದು"},{"$i":"delete_download_title","$v":"ಅಳಿಸಿ"},{"$i":"delete_download_message","$v":[{"t":"idOrVar","v":"name"}," ಅಳಿಸಿ?"]},{"$i":"delete_download_left_button","$v":"ರದ್ದು ಮಾಡಿ"},{"$i":"delete_download_right_button","$v":"ಅಳಿಸಿ"},{"$i":"delete_all_download_title","$v":"ಅಳಿಸಿ"},{"$i":"delete_all_download_left_button","$v":"ರದ್ದು ಮಾಡಿ"},{"$i":"delete_all_download_right_button","$v":"ಅಳಿಸಿ"},{"$i":"delete_all_download_message","$v":{"zero":"ಯಾವುದೇ ಫೈಲ್‍ಗಳನ್ನು ಅಳಿಸಬೇಡಿ?","one":"ಒಂದು ಫೈಲ್ ಅಳಿಸಿ?","two":[{"t":"idOrVar","v":"number"}," ಫೈಲ್‍ಗಳನ್ನು ಅಳಿಸಿ?"],"few":[{"t":"idOrVar","v":"number"}," ಫೈಲ್‍ಗಳನ್ನು ಅಳಿಸಿ?"],"many":[{"t":"idOrVar","v":"number"}," ಫೈಲ್‍ಗಳನ್ನು ಅಳಿಸಿ?"],"other":[{"t":"idOrVar","v":"number"}," ಫೈಲ್‍ಗಳನ್ನು ಅಳಿಸಿ?"]},"$x":[{"t":"idOrVar","v":"plural"},"number"]},{"$i":"unsupported_file_type_download_title","$v":"ತೆರೆಯಲು ಅಸಾಧ್ಯ"},{"$i":"unsupported_file_type_download_message","$v":["ತೆರೆಯಬಹುದಾದ ಆಪ್ ಇಲ್ಲ ",{"t":"idOrVar","v":"name"},". ಸಂಪರ್ಕವನ್ನು ಉಳಿಸಲು ನೀವು ಬಯಸುವಿರಾ ಅಥವಾ ಅಳಿಸುತ್ತೀರಾ"]},{"$i":"unsupported_file_type_download_left_button","$v":"ಫೈಲ್ ಇರಿಸಿಕೊಳ್ಳಿ"},{"$i":"unsupported_file_type_download_right_button","$v":"ಅಳಿಸಿ"},{"$i":"file_not_found_download_title","$v":"ಫೈಲ್ ಕಂಡುಬಂದಿಲ್ಲ"},{"$i":"file_not_found_download_message","$v":"ಫೈಲ್ ಡಿವೈಸ್‌ನಲ್ಲಿ ಕಂಡುಬಂದಿಲ್ಲ"},{"$i":"file_not_found_download_right_button","$v":"ಸರಿ"},{"$i":"unmounted_sdcard_2_download_title","$v":"ಮೆಮೊರಿ ಕಾರ್ಡ್ ಬಳಕೆಯಲ್ಲಿದೆ."},{"$i":"unmounted_sdcard_2_download_message","$v":"ಫೋನ್ ಅನ್‌ಪ್ಲಗ್ ಮಾಡಿ"},{"$i":"unmounted_sdcard_2_download_right_button","$v":"ಸರಿ"},{"$i":"no_provider_download_title","$v":"ಹಂಚಿಕೊಳ್ಳಲು ಅಸಾಧ್ಯ"},{"$i":"no_provider_download_message","$v":"ಯಾವುದೇ ಪ್ರೊವೈಡರ್ ಕಂಡುಬಂದಿಲ್ಲ"},{"$i":"no_provider_download_right_button","$v":"ಸರಿ"},{"$i":"no_memory_download_title","$v":"SD ಕಾರ್ಡ್‌ ಭರ್ತಿಯಾಗಿದೆ"},{"$i":"no_memory_download_message","$v":"ನಿಮ್ಮ ಡೌನ್‌ಲೋಡ್ ಅನ್ನು ಉಳಿಸಲು SD ಕಾರ್ಡ್‌ನಲ್ಲಿ ಸ್ಥಳಾವಕಾಶವಿಲ್ಲ. ಡೌನ್‌ಲೋಡ್ ಪುನಃ ಆರಂಭಿಸಲು ಕೆಲವು ಫೈಲ್‌ಗಳನ್ನು ದಯವಿಟ್ಟು ಅಳಿಸಿರಿ"},{"$i":"no_memory_download_right_button","$v":"ಸರಿ"},{"$i":"no_sdcard_found_2_download_title","$v":"ಯಾವುದೇ ಮೆಮೊರಿ ಕಾರ್ಡ್‌ ಕಂಡುಬಂದಿಲ್ಲ"},{"$i":"no_sdcard_found_2_download_message","$v":"ಒಂದು ಮೆಮೊರಿ ಕಾರ್ಡ್ ಅನ್ನು ಸೇರಿಸಿ ಅಥವಾ ಸೆಟ್ಟಿಂಗ್‌ಗಳಲ್ಲಿ ಒಂದು ಪರ್ಯಾಯ ಡಿಫಾಲ್ಟ್ ಮೀಡಿಯಾ ಸ್ಥಳವನ್ನು ಆರಿಸಿಕೊಳ್ಳಿ"},{"$i":"no_sdcard_found_2_download_right_button","$v":"ಸರಿ"},{"$i":"file_open_error_download_title","$v":"ತೆರೆಯಲು ಅಸಾಧ್ಯ"},{"$i":"file_open_error_download_message","$v":"ಈ ಫಾರ್ಮ್ಯಾಟ್ ಅಮಾನ್ಯ ಅಥವಾ ಬೆಂಬಲಿಸುತ್ತಿಲ್ಲ. ನೀವು ಫೈಲ್ವನ್ನು ಅಳಿಸಲು ಬಯಸುವಿರಾ"},{"$i":"file_open_error_download_left_button","$v":"ಫೈಲ್ ಇರಿಸಿಕೊಳ್ಳಿ"},{"$i":"file_open_error_download_right_button","$v":"ಅಳಿಸಿ"},{"$i":"restart_download_error","$v":"ಡೌ‌ನ್‌ಲೋಡ್ ಮರುಆರಂಭಿಸುವಲ್ಲಿ ಸಮಸ್ಯೆಯಿತ್ತು ದಯವಿಟ್ಟು ಪುನಃ ಡೌನ್‌ಲೋಡ್ ಮಾಡಲು ಪ್ರಯತ್ನಿಸಿ"},{"$i":"no-downloads","$v":"ಡೌನ್‌ಲೋಡ್‌ಗಳಿಲ್ಲ"},{"$i":"byteUnit-B","$v":"B"},{"$i":"byteUnit-KB","$v":"KB"},{"$i":"byteUnit-MB","$v":"MB"},{"$i":"byteUnit-GB","$v":"GB"},{"$i":"byteUnit-TB","$v":"TB"},{"$i":"fileSize","$v":[{"t":"idOrVar","v":"size"}," ",{"t":"idOrVar","v":"unit"}]},{"$i":"percentage","$v":[{"t":"idOrVar","v":"percentage"}," %"]},{"$i":"partialResult","$v":[{"t":"idOrVar","v":"partial"}," / ",{"t":"idOrVar","v":"total"}]},{"$i":"summary","$v":[{"t":"idOrVar","v":"date"}," - ",{"t":"idOrVar","v":"status"}]},{"$i":"download-stopped","$v":"ನಿಲ್ಲಿಸಲಾಗಿದೆ"},{"$i":"download-failed","$v":"ಡೌನ್‌ಲೋಡ್‌ ವಿಫಲಗೊಂಡಿದೆ"},{"$i":"open_downloaded_file","$v":"ತೆರೆಯಿರಿ"},{"$i":"share_downloaded_file","$v":"ಹಂಚು"},{"$i":"wallpaper_downloaded_file","$v":"ವಾಲ್‌ಪೇಪರ್ ಆಗಿ ಹೊಂದಿಸಿ"},{"$i":"ringtone_downloaded_file","$v":"ರಿಂಗ್‌ಟೋನ್ ಹೊಂದಿಸಿ"},{"$i":"cancel_downloaded_file","$v":"ರದ್ದು ಮಾಡಿ"},{"$i":"select-download","$v":"ಡೌನ್‌ಲೋಡ್‌ ಆಯ್ಕೆ ಮಾಡಿ"},{"$i":"tcl-select-download","$v":"ಡೌನ್‌ಲೋಡ್‌ ಆಯ್ಕೆ ಮಾಡಿ"},{"$i":"tcl-ok","$v":"ಸರಿ"},{"$i":"tcl-cancel","$v":"ರದ್ದು ಮಾಡಿ"}]