[{"$i":"weekday-0-long","$v":"आयतार"},{"$i":"weekday-1-long","$v":"सोमार"},{"$i":"weekday-2-long","$v":"मंगळार"},{"$i":"weekday-3-long","$v":"बुधवार"},{"$i":"weekday-4-long","$v":"बिरेस्तार"},{"$i":"weekday-5-long","$v":"शुक्रार"},{"$i":"weekday-6-long","$v":"शेनवार"},{"$i":"weekday-0-short","$v":"सुर्य"},{"$i":"weekday-1-short","$v":"सोमार"},{"$i":"weekday-2-short","$v":"मं"},{"$i":"weekday-3-short","$v":"बुध"},{"$i":"weekday-4-short","$v":"बिरे"},{"$i":"weekday-5-short","$v":"शुक्र"},{"$i":"weekday-6-short","$v":"शे"},{"$i":"month-0-long","$v":"जानेवारी"},{"$i":"month-1-long","$v":"फेब्रुवारी"},{"$i":"month-2-long","$v":"मार्च"},{"$i":"month-3-long","$v":"एप्रिल"},{"$i":"month-4-long","$v":"माय"},{"$i":"month-5-long","$v":"जून"},{"$i":"month-6-long","$v":"जुलाय"},{"$i":"month-7-long","$v":"आगोस्त"},{"$i":"month-8-long","$v":"सप्टेंबर"},{"$i":"month-9-long","$v":"ऑक्टोबर"},{"$i":"month-10-long","$v":"नोव्हेंबर"},{"$i":"month-11-long","$v":"डिसेंबर"},{"$i":"month-0-genitive","$v":"जानेवारी"},{"$i":"month-1-genitive","$v":"फेब्रुवारी"},{"$i":"month-2-genitive","$v":"मार्च"},{"$i":"month-3-genitive","$v":"एप्रिल"},{"$i":"month-4-genitive","$v":"माय"},{"$i":"month-5-genitive","$v":"जून"},{"$i":"month-6-genitive","$v":"जुलाय"},{"$i":"month-7-genitive","$v":"आगोस्त"},{"$i":"month-8-genitive","$v":"सप्टेंबर"},{"$i":"month-9-genitive","$v":"ऑक्टोबर"},{"$i":"month-10-genitive","$v":"नोव्हेंबर"},{"$i":"month-11-genitive","$v":"डिसेंबर"},{"$i":"month-0-short","$v":"जान"},{"$i":"month-1-short","$v":"फेब्रु"},{"$i":"month-2-short","$v":"मार"},{"$i":"month-3-short","$v":"एप्री"},{"$i":"month-4-short","$v":"माय"},{"$i":"month-5-short","$v":"जू"},{"$i":"month-6-short","$v":"जुला"},{"$i":"month-7-short","$v":"आगो"},{"$i":"month-8-short","$v":"सप्ट"},{"$i":"month-9-short","$v":"ऑक्टो"},{"$i":"month-10-short","$v":"नो"},{"$i":"month-11-short","$v":"डिसें"},{"$i":"minutes-ago-long","$v":{"zero":"आतांच","one":"एक मिनीट आदीं","two":[{"t":"idOrVar","v":"value"}," मिन्टां आदीं"],"few":[{"t":"idOrVar","v":"value"}," मिन्टां आदीं"],"many":[{"t":"idOrVar","v":"value"}," मिन्टां आदीं"],"other":[{"t":"idOrVar","v":"value"}," मिन्टां आदीं"]},"$x":[{"t":"idOrVar","v":"plural"},"value"]},{"$i":"hours-ago-long","$v":{"zero":"आतांच","one":"एक वरा आदीं","two":[{"t":"idOrVar","v":"value"}," वरां आदीं"],"few":[{"t":"idOrVar","v":"value"}," वरां आदीं"],"many":[{"t":"idOrVar","v":"value"}," वरां आदीं"],"other":[{"t":"idOrVar","v":"value"}," वरां आदीं"]},"$x":[{"t":"idOrVar","v":"plural"},"value"]},{"$i":"days-ago-long","$v":{"zero":"आयज","one":"काल","two":[{"t":"idOrVar","v":"value"}," दीसां आदीं"],"few":[{"t":"idOrVar","v":"value"}," दीसां आदीं"],"many":[{"t":"idOrVar","v":"value"}," दीसां आदीं"],"other":[{"t":"idOrVar","v":"value"}," दीसां आदीं"]},"$x":[{"t":"idOrVar","v":"plural"},"value"]},{"$i":"weeks-ago-long","$v":{"zero":"हो सप्तक","one":"निमाणो सप्तक","two":[{"t":"idOrVar","v":"value"}," सप्तकां आदीं"],"few":[{"t":"idOrVar","v":"value"}," सप्तकां आदीं"],"many":[{"t":"idOrVar","v":"value"}," सप्तकां आदीं"],"other":[{"t":"idOrVar","v":"value"}," सप्तकां आदीं"]},"$x":[{"t":"idOrVar","v":"plural"},"value"]},{"$i":"months-ago-long","$v":{"zero":"हो म्हयनो","one":"निमाणो म्हयनो","two":[{"t":"idOrVar","v":"value"}," म्हयन्यां आदीं"],"few":[{"t":"idOrVar","v":"value"}," म्हयन्यां आदीं"],"many":[{"t":"idOrVar","v":"value"}," म्हयन्यां आदीं"],"other":[{"t":"idOrVar","v":"value"}," म्हयन्यां आदीं"]},"$x":[{"t":"idOrVar","v":"plural"},"value"]},{"$i":"years-ago-long","$v":{"zero":"हें वर्स","one":"निमाणें वर्स","two":[{"t":"idOrVar","v":"value"}," वर्सां आदीं"],"few":[{"t":"idOrVar","v":"value"}," वर्सां आदीं"],"many":[{"t":"idOrVar","v":"value"}," वर्सां आदीं"],"other":[{"t":"idOrVar","v":"value"}," वर्सां आदीं"]},"$x":[{"t":"idOrVar","v":"plural"},"value"]},{"$i":"minutes-until-long","$v":{"zero":"आतां","one":"एका मिन्टान","two":[{"t":"idOrVar","v":"value"}," मिन्टांनी"],"few":[{"t":"idOrVar","v":"value"}," मिन्टांनी"],"many":[{"t":"idOrVar","v":"value"}," मिन्टांनी"],"other":[{"t":"idOrVar","v":"value"}," मिन्टांनी"]},"$x":[{"t":"idOrVar","v":"plural"},"value"]},{"$i":"hours-until-long","$v":{"zero":"आतां","one":"एका वरान","two":[{"t":"idOrVar","v":"value"}," वरांनी"],"few":[{"t":"idOrVar","v":"value"}," वरांनी"],"many":[{"t":"idOrVar","v":"value"}," वरांनी"],"other":[{"t":"idOrVar","v":"value"}," वरांनी"]},"$x":[{"t":"idOrVar","v":"plural"},"value"]},{"$i":"days-until-long","$v":{"zero":"आयज","one":"फाल्यां","two":[{"t":"idOrVar","v":"value"}," दिसांनी"],"few":[{"t":"idOrVar","v":"value"}," दिसांनी"],"many":[{"t":"idOrVar","v":"value"}," दिसांनी"],"other":[{"t":"idOrVar","v":"value"}," दिसांनी"]},"$x":[{"t":"idOrVar","v":"plural"},"value"]},{"$i":"weeks-until-long","$v":{"zero":"हो सप्तक","one":"नवो सप्तक","two":[{"t":"idOrVar","v":"value"}," सप्तकांनी"],"few":[{"t":"idOrVar","v":"value"}," सप्तकांनी"],"many":[{"t":"idOrVar","v":"value"}," सप्तकांनी"],"other":[{"t":"idOrVar","v":"value"}," सप्तकांनी"]},"$x":[{"t":"idOrVar","v":"plural"},"value"]},{"$i":"months-until-long","$v":{"zero":"हो म्हयनो","one":"फुडलो म्हयनो","two":[{"t":"idOrVar","v":"value"}," म्हयन्यांनीं"],"few":[{"t":"idOrVar","v":"value"}," म्हयन्यांनीं"],"many":[{"t":"idOrVar","v":"value"}," म्हयन्यांनीं"],"other":[{"t":"idOrVar","v":"value"}," म्हयन्यांनीं"]},"$x":[{"t":"idOrVar","v":"plural"},"value"]},{"$i":"years-until-long","$v":{"zero":"हें वर्स","one":"नवें वर्स","two":[{"t":"idOrVar","v":"value"}," वर्सांनी"],"few":[{"t":"idOrVar","v":"value"}," वर्सांनी"],"many":[{"t":"idOrVar","v":"value"}," वर्सांनी"],"other":[{"t":"idOrVar","v":"value"}," वर्सांनी"]},"$x":[{"t":"idOrVar","v":"plural"},"value"]},{"$i":"minutes-ago-short","$v":{"zero":"आतांच","other":[{"t":"idOrVar","v":"value"},"म्ह आदीं"]},"$x":[{"t":"idOrVar","v":"plural"},"value"]},{"$i":"hours-ago-short","$v":{"zero":"आतांच","other":[{"t":"idOrVar","v":"value"}," व आदीं"]},"$x":[{"t":"idOrVar","v":"plural"},"value"]},{"$i":"days-ago-short","$v":{"zero":"आयज","other":[{"t":"idOrVar","v":"value"},"दी आदीं"]},"$x":[{"t":"idOrVar","v":"plural"},"value"]},{"$i":"minutes-until-short","$v":{"zero":"आतां","other":[{"t":"idOrVar","v":"value"}," मि"]},"$x":[{"t":"idOrVar","v":"plural"},"value"]},{"$i":"hours-until-short","$v":{"zero":"आतां","other":[{"t":"idOrVar","v":"value"}," वर"]},"$x":[{"t":"idOrVar","v":"plural"},"value"]},{"$i":"days-until-short","$v":{"zero":"आयज","other":[{"t":"idOrVar","v":"value"}," दी"]},"$x":[{"t":"idOrVar","v":"plural"},"value"]},{"$i":"incorrectDate","$v":"(चुकीची तारीख)"},{"$i":"dateTimeFormat_%c","$v":"%a %b %e %Y %I:%M:%S %p"},{"$i":"dateTimeFormat_%x","$v":"%m/%d/%Y"},{"$i":"dateTimeFormat_%X","$v":"%I:%M:%S %p"},{"$i":"shortTimeFormat","$v":"%I:%M %p"},{"$i":"shortTimeFormat12","$v":"%I:%M %p"},{"$i":"shortTimeFormat24","$v":"%H:%M"},{"$i":"shortDateTimeFormat","$v":"%x %I:%M %p"},{"$i":"weekStartsOnMonday","$v":"0"},{"$i":"firstDayOfTheWeek","$v":"0"},{"$i":"time_am","$v":"AM"},{"$i":"time_pm","$v":"PM"},{"$i":"stopped_download_title","$v":"डावनलोड थांबला"},{"$i":"tcl-stopped_download_message","$v":"हो डावनलोड थांबला. तुमकां डावनलोड परत सुरू करचो आसा"},{"$i":"stopped_download_left_button","$v":"रद्द करचें"},{"$i":"stopped_download_right_button","$v":"परत यत्न करात"},{"$i":"failed_download_title","$v":"डावनलोड अपेशी"},{"$i":"failed_download_message","$v":[{"t":"idOrVar","v":"name"}," डावनलोड जावंक अपेस. परत डावनलोड करपाचो यत्न करचो"]},{"$i":"failed_download_left_button","$v":"रद्द करचें"},{"$i":"failed_download_right_button","$v":"परत यत्न करात"},{"$i":"stop_download_title","$v":"डावनलोड थांबोवचो"},{"$i":"stop_download_message","$v":"तुमकां डावनलोड थांबोवचो आसा हाची तुमकां खात्री आसा"},{"$i":"stop_download_left_button","$v":"ना"},{"$i":"stop_download_right_button","$v":"हय"},{"$i":"delete_download_title","$v":"पुसून उडयात"},{"$i":"delete_download_message","$v":[{"t":"idOrVar","v":"name"}," वगळावचें"]},{"$i":"delete_download_left_button","$v":"रद्द करचें"},{"$i":"delete_download_right_button","$v":"पुसून उडयात"},{"$i":"delete_all_download_title","$v":"पुसून उडयात"},{"$i":"delete_all_download_left_button","$v":"रद्द करचें"},{"$i":"delete_all_download_right_button","$v":"पुसून उडयात"},{"$i":"delete_all_download_message","$v":{"zero":"फायली वगळावच्यो न्हय","one":"एक फायल वगळावची","two":[{"t":"idOrVar","v":"number"}," फायली वगळावच्यो"],"few":[{"t":"idOrVar","v":"number"}," फायली वगळावच्यो"],"many":[{"t":"idOrVar","v":"number"}," फायली वगळावच्यो"],"other":[{"t":"idOrVar","v":"number"}," फायली वगळावच्यो"]},"$x":[{"t":"idOrVar","v":"plural"},"number"]},{"$i":"unsupported_file_type_download_title","$v":"उगडूंक असमर्थ"},{"$i":"unsupported_file_type_download_message","$v":[{"t":"idOrVar","v":"name"}," उगडूंक शकपी ऍप्लिकेशन ना. तुमकां फायल सांबाळची आसा वा ती वगळावची आसा"]},{"$i":"unsupported_file_type_download_left_button","$v":"फायल दवरची"},{"$i":"unsupported_file_type_download_right_button","$v":"पुसून उडयात"},{"$i":"file_not_found_download_title","$v":"फायल मेळ्ळी ना"},{"$i":"file_not_found_download_message","$v":"फायल डिव्हायसाचेर मेळ्ळें ना"},{"$i":"file_not_found_download_right_button","$v":"बरें आसा"},{"$i":"unmounted_sdcard_2_download_title","$v":"वापरांत आशिल्लें मेमरी कार्ड"},{"$i":"unmounted_sdcard_2_download_message","$v":"फोनाचो प्लग काडचो"},{"$i":"unmounted_sdcard_2_download_right_button","$v":"बरें आसा"},{"$i":"no_provider_download_title","$v":"वांटूक असमर्थ"},{"$i":"no_provider_download_message","$v":"खंयचोच पुरवणकर्तो मेळुंक ना"},{"$i":"no_provider_download_right_button","$v":"बरें आसा"},{"$i":"no_memory_download_title","$v":"SD कार्ड पुराय भरलां"},{"$i":"no_memory_download_message","$v":"डावनलोड सांबाळूंक तुमच्या SD कार्डाचेर आनीक सुवात ना. उपकार करून डावनलोड परत सुरू करच्या आदीं कांय फायली काडच्यो"},{"$i":"no_memory_download_right_button","$v":"बरें आसा"},{"$i":"no_sdcard_found_2_download_title","$v":"खंयचेंच मेमरी कार्ड मेळुंक ना"},{"$i":"no_sdcard_found_2_download_message","$v":"मेमरी कार्ड रिगोवचें वा मांडावळीनीं वैकल्पिक डिफॉल्ट मिडिया थळ वेंच्चें"},{"$i":"no_sdcard_found_2_download_right_button","$v":"बरें आसा"},{"$i":"file_open_error_download_title","$v":"उगडूंक असमर्थ"},{"$i":"file_open_error_download_message","$v":"हें फायल स्वरूप अवैध आसा वा ताका तेंको ना. तुमकां फायल वगळावची आसा"},{"$i":"file_open_error_download_left_button","$v":"फायल दवरची"},{"$i":"file_open_error_download_right_button","$v":"पुसून उडयात"},{"$i":"restart_download_error","$v":"डावनलोड परत सुरू करतना चूक जाली. उपकार करून परत डावनलोड करपाचो यत्न करचो"},{"$i":"no-downloads","$v":"डावनलोड नात"},{"$i":"byteUnit-B","$v":"B"},{"$i":"byteUnit-KB","$v":"KB"},{"$i":"byteUnit-MB","$v":"MB"},{"$i":"byteUnit-GB","$v":"GB"},{"$i":"byteUnit-TB","$v":"TB"},{"$i":"fileSize","$v":[{"t":"idOrVar","v":"size"}," ",{"t":"idOrVar","v":"unit"}]},{"$i":"percentage","$v":[{"t":"idOrVar","v":"percentage"}," %"]},{"$i":"partialResult","$v":[{"t":"idOrVar","v":"partial"}," / ",{"t":"idOrVar","v":"total"}]},{"$i":"summary","$v":[{"t":"idOrVar","v":"date"}," - ",{"t":"idOrVar","v":"status"}]},{"$i":"download-stopped","$v":"आडयला"},{"$i":"download-failed","$v":"डावनलोड अपेशी"},{"$i":"open_downloaded_file","$v":"उकतें"},{"$i":"share_downloaded_file","$v":"वांटून घेयात"},{"$i":"wallpaper_downloaded_file","$v":"वॉलपेपर थारय"},{"$i":"ringtone_downloaded_file","$v":"रिंगटोन म्हूण मांडचो"},{"$i":"cancel_downloaded_file","$v":"रद्द करचें"},{"$i":"select-download","$v":"डावनलोड वेंच्चो"},{"$i":"tcl-select-download","$v":"एक डावनलोड वेंच्चो"},{"$i":"tcl-ok","$v":"बरें आसा"},{"$i":"tcl-cancel","$v":"रद्द करचें"}]