[{"$i":"weekday-0-long","$v":"آتھوار"},{"$i":"weekday-1-long","$v":"ژیندوار"},{"$i":"weekday-2-long","$v":"بوموار"},{"$i":"weekday-3-long","$v":"بُدھوار"},{"$i":"weekday-4-long","$v":"بریسوار"},{"$i":"weekday-5-long","$v":"جُمع"},{"$i":"weekday-6-long","$v":"بٹوار"},{"$i":"weekday-0-short","$v":"آتھوار"},{"$i":"weekday-1-short","$v":"ژیندوار"},{"$i":"weekday-2-short","$v":"بوموار"},{"$i":"weekday-3-short","$v":"بُدھوار"},{"$i":"weekday-4-short","$v":"بریسوار"},{"$i":"weekday-5-short","$v":"جُمع"},{"$i":"weekday-6-short","$v":"بٹوار"},{"$i":"month-0-long","$v":"جنوری"},{"$i":"month-1-long","$v":"فروری"},{"$i":"month-2-long","$v":"مارچ"},{"$i":"month-3-long","$v":"اپریل"},{"$i":"month-4-long","$v":"مئی"},{"$i":"month-5-long","$v":"جون"},{"$i":"month-6-long","$v":"جولائی"},{"$i":"month-7-long","$v":"اگست"},{"$i":"month-8-long","$v":"ستمبر"},{"$i":"month-9-long","$v":"اکتومبر"},{"$i":"month-10-long","$v":"نومبر"},{"$i":"month-11-long","$v":"دسمبر"},{"$i":"month-0-genitive","$v":"جنوری"},{"$i":"month-1-genitive","$v":"فروری"},{"$i":"month-2-genitive","$v":"مارچ"},{"$i":"month-3-genitive","$v":"اپریل"},{"$i":"month-4-genitive","$v":"مئی"},{"$i":"month-5-genitive","$v":"جون"},{"$i":"month-6-genitive","$v":"جولائی"},{"$i":"month-7-genitive","$v":"اگست"},{"$i":"month-8-genitive","$v":"ستمبر"},{"$i":"month-9-genitive","$v":"اکتومبر"},{"$i":"month-10-genitive","$v":"نومبر"},{"$i":"month-11-genitive","$v":"دسمبر"},{"$i":"month-0-short","$v":"جنوری"},{"$i":"month-1-short","$v":"فروری"},{"$i":"month-2-short","$v":"مارچ"},{"$i":"month-3-short","$v":"اپریل"},{"$i":"month-4-short","$v":"مئی"},{"$i":"month-5-short","$v":"جون"},{"$i":"month-6-short","$v":"جولائی"},{"$i":"month-7-short","$v":"اگست"},{"$i":"month-8-short","$v":"ستمبر"},{"$i":"month-9-short","$v":"اکتومبر"},{"$i":"month-10-short","$v":"نومبر"},{"$i":"month-11-short","$v":"دسمبر"},{"$i":"minutes-ago-long","$v":{"zero":"صرف وین","one":"اکھ منٹ برونٹھ","two":["منٹ برونٹھ ",{"t":"idOrVar","v":"value"}],"few":["منٹ برونٹھ ",{"t":"idOrVar","v":"value"}],"many":["منٹ برونٹھ ",{"t":"idOrVar","v":"value"}],"other":["منٹ برونٹھ ",{"t":"idOrVar","v":"value"}]},"$x":[{"t":"idOrVar","v":"plural"},"value"]},{"$i":"hours-ago-long","$v":{"zero":"صرف وین","one":"اکھ گھنٹہ برونٹھ","two":["گھنٹہ برونٹھ ",{"t":"idOrVar","v":"value"}],"few":["گھنٹہ برونٹھ ",{"t":"idOrVar","v":"value"}],"many":["گھنٹہ برونٹھ ",{"t":"idOrVar","v":"value"}],"other":["گھنٹہ برونٹھ ",{"t":"idOrVar","v":"value"}]},"$x":[{"t":"idOrVar","v":"plural"},"value"]},{"$i":"days-ago-long","$v":{"zero":"از","one":"راتھ","two":["دوہ برونٹھ ",{"t":"idOrVar","v":"value"}],"few":["دوہ برونٹھ ",{"t":"idOrVar","v":"value"}],"many":["دوہ برونٹھ ",{"t":"idOrVar","v":"value"}],"other":["دوہ برونٹھ ",{"t":"idOrVar","v":"value"}]},"$x":[{"t":"idOrVar","v":"plural"},"value"]},{"$i":"weeks-ago-long","$v":{"zero":"یِہ ہفتہ","one":"پیتِم ہفتہ","two":["ہفتہ برونٹھ ",{"t":"idOrVar","v":"value"}],"few":["ہفتہ برونٹھ ",{"t":"idOrVar","v":"value"}],"many":["ہفتہ برونٹھ ",{"t":"idOrVar","v":"value"}],"other":["ہفتہ برونٹھ ",{"t":"idOrVar","v":"value"}]},"$x":[{"t":"idOrVar","v":"plural"},"value"]},{"$i":"months-ago-long","$v":{"zero":"یِہ ریتھ","one":"پیتِم ریتھ","two":["ریتھ برونٹھ ",{"t":"idOrVar","v":"value"}],"few":["ریتھ برونٹھ ",{"t":"idOrVar","v":"value"}],"many":["ریتھ برونٹھ ",{"t":"idOrVar","v":"value"}],"other":["ریتھ برونٹھ ",{"t":"idOrVar","v":"value"}]},"$x":[{"t":"idOrVar","v":"plural"},"value"]},{"$i":"years-ago-long","$v":{"zero":"یِہ وریح","one":"پیتِم وریح","two":["وریح برونٹھ ",{"t":"idOrVar","v":"value"}],"few":["وریح برونٹھ ",{"t":"idOrVar","v":"value"}],"many":["وریح برونٹھ ",{"t":"idOrVar","v":"value"}],"other":["وریح برونٹھ ",{"t":"idOrVar","v":"value"}]},"$x":[{"t":"idOrVar","v":"plural"},"value"]},{"$i":"minutes-until-long","$v":{"zero":"وین","one":"اکِس منٹس منز","two":["منز ",{"t":"idOrVar","v":"value"}," منٹن"],"few":["منز ",{"t":"idOrVar","v":"value"}," منٹن"],"many":["منز ",{"t":"idOrVar","v":"value"}," منٹن"],"other":["منز ",{"t":"idOrVar","v":"value"}," منٹن"]},"$x":[{"t":"idOrVar","v":"plural"},"value"]},{"$i":"hours-until-long","$v":{"zero":"وین","one":"اکِس گھنٹس منز","two":["منز ",{"t":"idOrVar","v":"value"}," گھنٹن"],"few":["منز ",{"t":"idOrVar","v":"value"}," گھنٹن"],"many":["منز ",{"t":"idOrVar","v":"value"}," گھنٹن"],"other":["منز ",{"t":"idOrVar","v":"value"}," گھنٹن"]},"$x":[{"t":"idOrVar","v":"plural"},"value"]},{"$i":"days-until-long","$v":{"zero":"از","one":"پگاہ","two":["منز ",{"t":"idOrVar","v":"value"}," دوہن"],"few":["منز ",{"t":"idOrVar","v":"value"}," دوہن"],"many":["منز ",{"t":"idOrVar","v":"value"}," دوہن"],"other":["منز ",{"t":"idOrVar","v":"value"}," دوہن"]},"$x":[{"t":"idOrVar","v":"plural"},"value"]},{"$i":"weeks-until-long","$v":{"zero":"یِہ ہفتہ","one":"نو ہفتہ","two":["منز ",{"t":"idOrVar","v":"value"}," ہفتن"],"few":["منز ",{"t":"idOrVar","v":"value"}," ہفتن"],"many":["منز ",{"t":"idOrVar","v":"value"}," ہفتن"],"other":["منز ",{"t":"idOrVar","v":"value"}," ہفتن"]},"$x":[{"t":"idOrVar","v":"plural"},"value"]},{"$i":"months-until-long","$v":{"zero":"یِہ ریتھ","one":"نو ریتھ","two":["منز ",{"t":"idOrVar","v":"value"}," ریتھن"],"few":["منز ",{"t":"idOrVar","v":"value"}," ریتھن"],"many":["منز ",{"t":"idOrVar","v":"value"}," ریتھن"],"other":["منز ",{"t":"idOrVar","v":"value"}," ریتھن"]},"$x":[{"t":"idOrVar","v":"plural"},"value"]},{"$i":"years-until-long","$v":{"zero":"یِہ وریح","one":"نو وریح","two":["منز ",{"t":"idOrVar","v":"value"}," وریہن"],"few":["منز ",{"t":"idOrVar","v":"value"}," وریہن"],"many":["منز ",{"t":"idOrVar","v":"value"}," وریہن"],"other":["منز ",{"t":"idOrVar","v":"value"}," وریہن"]},"$x":[{"t":"idOrVar","v":"plural"},"value"]},{"$i":"minutes-ago-short","$v":{"zero":"صرف وین","other":["برونٹھ m",{"t":"idOrVar","v":"value"}]},"$x":[{"t":"idOrVar","v":"plural"},"value"]},{"$i":"hours-ago-short","$v":{"zero":"صرف وین","other":["برونٹھ h",{"t":"idOrVar","v":"value"}]},"$x":[{"t":"idOrVar","v":"plural"},"value"]},{"$i":"days-ago-short","$v":{"zero":"از","other":["برونٹھ d",{"t":"idOrVar","v":"value"}]},"$x":[{"t":"idOrVar","v":"plural"},"value"]},{"$i":"minutes-until-short","$v":{"zero":"وین","other":["منز ",{"t":"idOrVar","v":"value"},"m"]},"$x":[{"t":"idOrVar","v":"plural"},"value"]},{"$i":"hours-until-short","$v":{"zero":"وین","other":["منز ",{"t":"idOrVar","v":"value"},"h"]},"$x":[{"t":"idOrVar","v":"plural"},"value"]},{"$i":"days-until-short","$v":{"zero":"از","other":["منز ",{"t":"idOrVar","v":"value"},"d"]},"$x":[{"t":"idOrVar","v":"plural"},"value"]},{"$i":"incorrectDate","$v":"﴾غیر درست تٲریخ﴿"},{"$i":"dateTimeFormat_%c","$v":"%a %b %e %Y %I:%M:%S %p"},{"$i":"dateTimeFormat_%x","$v":"%m/%d/%Y"},{"$i":"dateTimeFormat_%X","$v":"%I:%M:%S %p"},{"$i":"shortTimeFormat","$v":"%I:%M %p"},{"$i":"shortTimeFormat12","$v":"%I:%M %p"},{"$i":"shortTimeFormat24","$v":"%H:%M"},{"$i":"shortDateTimeFormat","$v":"%x %I:%M %p"},{"$i":"weekStartsOnMonday","$v":"0"},{"$i":"firstDayOfTheWeek","$v":"0"},{"$i":"time_am","$v":"AM"},{"$i":"time_pm","$v":"PM"},{"$i":"stopped_download_title","$v":"ڈاونلوڈ رُکیاو"},{"$i":"tcl-stopped_download_message","$v":"یِہ ڈاونلوڈ آو رُکاونِہ۔ توہ کروا پسند ڈاونلوڈ دُبارِ شروع کرُن"},{"$i":"stopped_download_left_button","$v":"رد کر"},{"$i":"stopped_download_right_button","$v":"نَے کریو کوشش"},{"$i":"failed_download_title","$v":"ڈاونلوڈ سپُد ناکام"},{"$i":"failed_download_message","$v":["ناکام ڈاونلوڈ کرنس ",{"t":"idOrVar","v":"name"}," کوشش کریو دُبار ڈاونلوڈ کرُن"]},{"$i":"failed_download_left_button","$v":"رد کر"},{"$i":"failed_download_right_button","$v":"نَے کریو کوشش"},{"$i":"stop_download_title","$v":"رُکاو ڈاونلوڈ"},{"$i":"stop_download_message","$v":"توہ چھوا یقین توہ چھو یژھان ڈاونلوڈ رُکاوُن"},{"$i":"stop_download_left_button","$v":"نَہ"},{"$i":"stop_download_right_button","$v":"آ"},{"$i":"delete_download_title","$v":"خٲرج"},{"$i":"delete_download_message","$v":[{"t":"idOrVar","v":"name"}," خٲرج کریو"]},{"$i":"delete_download_left_button","$v":"رد کر"},{"$i":"delete_download_right_button","$v":"خٲرج"},{"$i":"delete_all_download_title","$v":"خٲرج"},{"$i":"delete_all_download_left_button","$v":"رد کر"},{"$i":"delete_all_download_right_button","$v":"خٲرج"},{"$i":"delete_all_download_message","$v":{"zero":"خٲرج مِہ کریو کاہ فائل","one":"خٲرج کریو اکھ فائل","two":["فائلِ ",{"t":"idOrVar","v":"number"}," خٲرج کریو"],"few":["فائلِ ",{"t":"idOrVar","v":"number"}," خٲرج کریو"],"many":["فائلِ ",{"t":"idOrVar","v":"number"}," خٲرج کریو"],"other":["فائلِ ",{"t":"idOrVar","v":"number"}," خٲرج کریو"]},"$x":[{"t":"idOrVar","v":"plural"},"number"]},{"$i":"unsupported_file_type_download_title","$v":"ناکام کھولنس"},{"$i":"unsupported_file_type_download_message","$v":[{"t":"idOrVar","v":"name"}," یتِہ چھِ نِہ اکھ ایپ یوس کھولہ توہ کروا پسند یِہ فائل محفوظ کرِن یا خٲرج کرِن"]},{"$i":"unsupported_file_type_download_left_button","$v":"تھٲیو فائل"},{"$i":"unsupported_file_type_download_right_button","$v":"خٲرج"},{"$i":"file_not_found_download_title","$v":"فائل آے نِہ لبنِہ"},{"$i":"file_not_found_download_message","$v":"فائل آے نِہ لبنہ ڈِوائس منز"},{"$i":"file_not_found_download_right_button","$v":"ٹھیک"},{"$i":"unmounted_sdcard_2_download_title","$v":"میمری کاڈ چھِ استعمالس منز"},{"$i":"unmounted_sdcard_2_download_message","$v":"ان پُلغ کریو فون"},{"$i":"unmounted_sdcard_2_download_right_button","$v":"ٹھیک"},{"$i":"no_provider_download_title","$v":"ناکام بانٹنس"},{"$i":"no_provider_download_message","$v":"کاہ مھیا کرن وول لوب نِہ"},{"$i":"no_provider_download_right_button","$v":"ٹھیک"},{"$i":"no_memory_download_title","$v":"کاڈ چھِ بھریتھ SD"},{"$i":"no_memory_download_message","$v":"کاڈس پیٹھ تُہند ڈاونلوڈ محفوظ کرنِہ خٲطر SD یتِہ چھِ نِہ کاہ مزید جاے مہربٲنی کریتھ کریو کیہ فائلِ معزول ڈاونلوڈ ری سٹارٹ کرنِہ برونٹھ"},{"$i":"no_memory_download_right_button","$v":"ٹھیک"},{"$i":"no_sdcard_found_2_download_title","$v":"کاہ میمری کاڈ لوب نِہ"},{"$i":"no_sdcard_found_2_download_message","$v":"لٲگیو اکھ میمری کاڈ یا چُنیو اکھ متبادل ڈِفالٹ میڈیا لوکیشن سیٹنگس منز"},{"$i":"no_sdcard_found_2_download_right_button","$v":"ٹھیک"},{"$i":"file_open_error_download_title","$v":"ناکام کھولنس"},{"$i":"file_open_error_download_message","$v":"یِہ فائل فارمیٹ چھِ نِہ درست یا چھ، بے سہارہ۔ توہ چھوا یژھان یِہ فائل خٲرج کرِن"},{"$i":"file_open_error_download_left_button","$v":"تھٲیو فائل"},{"$i":"file_open_error_download_right_button","$v":"خٲرج"},{"$i":"restart_download_error","$v":"یتِہ آو اکھ سھو ڈاونلوڈ ری سٹارٹ کرنس دوران۔ مہربٲنی کریتھ کریو ڈاونلوڈ دُبار کرنِچ کوشش"},{"$i":"no-downloads","$v":"کاہ ڈاونلوڈ نِہ"},{"$i":"byteUnit-B","$v":"B"},{"$i":"byteUnit-KB","$v":"KB"},{"$i":"byteUnit-MB","$v":"MB"},{"$i":"byteUnit-GB","$v":"GB"},{"$i":"byteUnit-TB","$v":"TB"},{"$i":"fileSize","$v":[{"t":"idOrVar","v":"size"}," ",{"t":"idOrVar","v":"unit"}]},{"$i":"percentage","$v":[{"t":"idOrVar","v":"percentage"}," %"]},{"$i":"partialResult","$v":[{"t":"idOrVar","v":"partial"}," / ",{"t":"idOrVar","v":"total"}]},{"$i":"summary","$v":[{"t":"idOrVar","v":"date"}," - ",{"t":"idOrVar","v":"status"}]},{"$i":"download-stopped","$v":"رکاونِہ آۅ"},{"$i":"download-failed","$v":"ڈاونلوڈ سپُد ناکام"},{"$i":"open_downloaded_file","$v":"کھول"},{"$i":"share_downloaded_file","$v":"بانٹ"},{"$i":"wallpaper_downloaded_file","$v":"تھاو ازوالپیپر"},{"$i":"ringtone_downloaded_file","$v":"تھاو از رینگ ٹون"},{"$i":"cancel_downloaded_file","$v":"رد کر"},{"$i":"select-download","$v":"چُنیو ڈاونلوڈ"},{"$i":"tcl-select-download","$v":"چُنیو اکھ ڈاونلوڈ"},{"$i":"tcl-ok","$v":"ٹھیک"},{"$i":"tcl-cancel","$v":"رد کر"}]