[{"$i":"weekday-0-long","$v":"रवि"},{"$i":"weekday-1-long","$v":"सोम दिन"},{"$i":"weekday-2-long","$v":"मंगल दिन"},{"$i":"weekday-3-long","$v":"बुध दिन"},{"$i":"weekday-4-long","$v":"वृहस्‍पति दिन"},{"$i":"weekday-5-long","$v":"शुक्र दिन"},{"$i":"weekday-6-long","$v":"शनि दिन"},{"$i":"weekday-0-short","$v":"सुन"},{"$i":"weekday-1-short","$v":"मन"},{"$i":"weekday-2-short","$v":"ट्यू"},{"$i":"weekday-3-short","$v":"वेद"},{"$i":"weekday-4-short","$v":"थू"},{"$i":"weekday-5-short","$v":"फ्राइडे"},{"$i":"weekday-6-short","$v":"सैट"},{"$i":"month-0-long","$v":"जनुअरी"},{"$i":"month-1-long","$v":"फेब्रुअरी"},{"$i":"month-2-long","$v":"मार्च"},{"$i":"month-3-long","$v":"अप्रैल"},{"$i":"month-4-long","$v":"मई"},{"$i":"month-5-long","$v":"जून"},{"$i":"month-6-long","$v":"जुलाई"},{"$i":"month-7-long","$v":"अगस्त"},{"$i":"month-8-long","$v":"सितम्बर"},{"$i":"month-9-long","$v":"अक्टूबर"},{"$i":"month-10-long","$v":"नवम्बर"},{"$i":"month-11-long","$v":"दिसम्बर"},{"$i":"month-0-genitive","$v":"जनुअरी"},{"$i":"month-1-genitive","$v":"फेब्रुअरी"},{"$i":"month-2-genitive","$v":"मार्च"},{"$i":"month-3-genitive","$v":"अप्रैल"},{"$i":"month-4-genitive","$v":"मई"},{"$i":"month-5-genitive","$v":"जून"},{"$i":"month-6-genitive","$v":"जुलाई"},{"$i":"month-7-genitive","$v":"अगस्त"},{"$i":"month-8-genitive","$v":"सितम्बर"},{"$i":"month-9-genitive","$v":"अक्टूबर"},{"$i":"month-10-genitive","$v":"नवम्बर"},{"$i":"month-11-genitive","$v":"दिसम्बर"},{"$i":"month-0-short","$v":"जन"},{"$i":"month-1-short","$v":"फेब्रुअरी"},{"$i":"month-2-short","$v":"मर"},{"$i":"month-3-short","$v":"एप्र"},{"$i":"month-4-short","$v":"मई"},{"$i":"month-5-short","$v":"जून"},{"$i":"month-6-short","$v":"जुल"},{"$i":"month-7-short","$v":"औग"},{"$i":"month-8-short","$v":"सेप"},{"$i":"month-9-short","$v":"ओक्ट"},{"$i":"month-10-short","$v":"नोव"},{"$i":"month-11-short","$v":"दिसम्बर"},{"$i":"minutes-ago-long","$v":{"zero":"एखन तुरंत","one":"एक मिनट पहिने","two":[{"t":"idOrVar","v":"value"}," मिनट पहिने"],"few":[{"t":"idOrVar","v":"value"}," मिनट पहिने"],"many":[{"t":"idOrVar","v":"value"}," मिनट पहिने"],"other":[{"t":"idOrVar","v":"value"}," मिनट पहिने"]},"$x":[{"t":"idOrVar","v":"plural"},"value"]},{"$i":"hours-ago-long","$v":{"zero":"एखन तुरंत","one":"एक घंटा पहिने","two":[{"t":"idOrVar","v":"value"}," घंटा पहिने"],"few":[{"t":"idOrVar","v":"value"}," घंटा पहिने"],"many":[{"t":"idOrVar","v":"value"}," घंटा पहिने"],"other":[{"t":"idOrVar","v":"value"}," घंटा पहिने"]},"$x":[{"t":"idOrVar","v":"plural"},"value"]},{"$i":"days-ago-long","$v":{"zero":"आई","one":"काल्हि","two":[{"t":"idOrVar","v":"value"}," दिन पहिने"],"few":[{"t":"idOrVar","v":"value"}," दिन पहिने"],"many":[{"t":"idOrVar","v":"value"}," दिन पहिने"],"other":[{"t":"idOrVar","v":"value"}," दिन पहिने"]},"$x":[{"t":"idOrVar","v":"plural"},"value"]},{"$i":"weeks-ago-long","$v":{"zero":"इ हफ्ता","one":"पिछला हफ्ता","two":[{"t":"idOrVar","v":"value"}," हफ्ता पहिने"],"few":[{"t":"idOrVar","v":"value"}," हफ्ता पहिने"],"many":[{"t":"idOrVar","v":"value"}," हफ्ता पहिने"],"other":[{"t":"idOrVar","v":"value"}," हफ्ता पहिने"]},"$x":[{"t":"idOrVar","v":"plural"},"value"]},{"$i":"months-ago-long","$v":{"zero":"इ महिना","one":"पिछला महिना","two":[{"t":"idOrVar","v":"value"}," मास बाद"],"few":[{"t":"idOrVar","v":"value"}," मास बाद"],"many":[{"t":"idOrVar","v":"value"}," मास बाद"],"other":[{"t":"idOrVar","v":"value"}," मास बाद"]},"$x":[{"t":"idOrVar","v":"plural"},"value"]},{"$i":"years-ago-long","$v":{"zero":"इ साल","one":"पिछला साल","two":[{"t":"idOrVar","v":"value"}," साल पहिने"],"few":[{"t":"idOrVar","v":"value"}," साल पहिने"],"many":[{"t":"idOrVar","v":"value"}," साल पहिने"],"other":[{"t":"idOrVar","v":"value"}," साल पहिने"]},"$x":[{"t":"idOrVar","v":"plural"},"value"]},{"$i":"minutes-until-long","$v":{"zero":"एखन","one":"एक मिनट में","two":[{"t":"idOrVar","v":"value"}," मिनट में"],"few":[{"t":"idOrVar","v":"value"}," मिनट में"],"many":[{"t":"idOrVar","v":"value"}," मिनट में"],"other":[{"t":"idOrVar","v":"value"}," मिनट में"]},"$x":[{"t":"idOrVar","v":"plural"},"value"]},{"$i":"hours-until-long","$v":{"zero":"एखन","one":"एक घंटा में","two":[{"t":"idOrVar","v":"value"}," घंटा में"],"few":[{"t":"idOrVar","v":"value"}," घंटा में"],"many":[{"t":"idOrVar","v":"value"}," घंटा में"],"other":[{"t":"idOrVar","v":"value"}," घंटा में"]},"$x":[{"t":"idOrVar","v":"plural"},"value"]},{"$i":"days-until-long","$v":{"zero":"आई","one":"काल्हि","two":[{"t":"idOrVar","v":"value"}," दिन में"],"few":[{"t":"idOrVar","v":"value"}," दिन में"],"many":[{"t":"idOrVar","v":"value"}," दिन में"],"other":[{"t":"idOrVar","v":"value"}," दिन में"]},"$x":[{"t":"idOrVar","v":"plural"},"value"]},{"$i":"weeks-until-long","$v":{"zero":"इ हफ्ता","one":"आगु क सप्‍ताह","two":[{"t":"idOrVar","v":"value"}," हफ्ता में"],"few":[{"t":"idOrVar","v":"value"}," हफ्ता में"],"many":[{"t":"idOrVar","v":"value"}," हफ्ता में"],"other":[{"t":"idOrVar","v":"value"}," हफ्ता में"]},"$x":[{"t":"idOrVar","v":"plural"},"value"]},{"$i":"months-until-long","$v":{"zero":"इ महिना","one":"अगला महिना","two":[{"t":"idOrVar","v":"value"}," मास मे"],"few":[{"t":"idOrVar","v":"value"}," मास मे"],"many":[{"t":"idOrVar","v":"value"}," मास मे"],"other":[{"t":"idOrVar","v":"value"}," मास मे"]},"$x":[{"t":"idOrVar","v":"plural"},"value"]},{"$i":"years-until-long","$v":{"zero":"इ साल","one":"अगला साल","two":[{"t":"idOrVar","v":"value"}," साल मे"],"few":[{"t":"idOrVar","v":"value"}," साल मे"],"many":[{"t":"idOrVar","v":"value"}," साल मे"],"other":[{"t":"idOrVar","v":"value"}," साल मे"]},"$x":[{"t":"idOrVar","v":"plural"},"value"]},{"$i":"minutes-ago-short","$v":{"zero":"एखन तुरंत","other":[{"t":"idOrVar","v":"value"}," म पहिने"]},"$x":[{"t":"idOrVar","v":"plural"},"value"]},{"$i":"hours-ago-short","$v":{"zero":"एखन तुरंत","other":[{"t":"idOrVar","v":"value"}," h पहिने"]},"$x":[{"t":"idOrVar","v":"plural"},"value"]},{"$i":"days-ago-short","$v":{"zero":"आई","other":[{"t":"idOrVar","v":"value"},"d पहिने"]},"$x":[{"t":"idOrVar","v":"plural"},"value"]},{"$i":"minutes-until-short","$v":{"zero":"एखन","other":[{"t":"idOrVar","v":"value"}," m"]},"$x":[{"t":"idOrVar","v":"plural"},"value"]},{"$i":"hours-until-short","$v":{"zero":"एखन","other":[{"t":"idOrVar","v":"value"},"h"]},"$x":[{"t":"idOrVar","v":"plural"},"value"]},{"$i":"days-until-short","$v":{"zero":"आई","other":[{"t":"idOrVar","v":"value"}," d"]},"$x":[{"t":"idOrVar","v":"plural"},"value"]},{"$i":"incorrectDate","$v":"( गलत तारीख)"},{"$i":"dateTimeFormat_%c","$v":"%a %b %e %Y %I:%M:%S %p"},{"$i":"dateTimeFormat_%x","$v":"%m/%d/%Y"},{"$i":"dateTimeFormat_%X","$v":"%I:%M:%S %p"},{"$i":"shortTimeFormat","$v":"%I:%M %p"},{"$i":"shortTimeFormat12","$v":"%I:%M %p"},{"$i":"shortTimeFormat24","$v":"%H:%M"},{"$i":"shortDateTimeFormat","$v":"%x %I:%M %p"},{"$i":"weekStartsOnMonday","$v":"0"},{"$i":"firstDayOfTheWeek","$v":"0"},{"$i":"time_am","$v":"AM"},{"$i":"time_pm","$v":"PM"},{"$i":"stopped_download_title","$v":"डाउनलोड बंद"},{"$i":"tcl-stopped_download_message","$v":"डाउनलोड रोकल गेल. आहां डाउनलोड शुरू करअ चाहै छियै?"},{"$i":"stopped_download_left_button","$v":"रद्द करू"},{"$i":"stopped_download_right_button","$v":"फेर सँ कोशिश करू"},{"$i":"failed_download_title","$v":"डाउनलोड विफल"},{"$i":"failed_download_message","$v":[{"t":"idOrVar","v":"name"}," डाउनलोड विफल. फेर से डाउनलोड करइ केर प्रयास करू?"]},{"$i":"failed_download_left_button","$v":"रद्द करू"},{"$i":"failed_download_right_button","$v":"फेर सँ कोशिश करू"},{"$i":"stop_download_title","$v":"डाउनलोड बंद करू"},{"$i":"stop_download_message","$v":"आहां डाउनलोड बंद करअ चाहै छियै"},{"$i":"stop_download_left_button","$v":"नाहिं"},{"$i":"stop_download_right_button","$v":"हँ"},{"$i":"delete_download_title","$v":"मिटाउ"},{"$i":"delete_download_message","$v":["डिलीट",{"t":"idOrVar","v":"name"},"?"]},{"$i":"delete_download_left_button","$v":"रद्द करू"},{"$i":"delete_download_right_button","$v":"मिटाउ"},{"$i":"delete_all_download_title","$v":"मिटाउ"},{"$i":"delete_all_download_left_button","$v":"रद्द करू"},{"$i":"delete_all_download_right_button","$v":"मिटाउ"},{"$i":"delete_all_download_message","$v":{"zero":"डिलीट नो फाइल्स?","one":"डिलीट वन फाइल?","two":["डिलीट ",{"t":"idOrVar","v":"number"}," फाइल्स?"],"few":["डिलीट ",{"t":"idOrVar","v":"number"}," फाइल्स?"],"many":["डिलीट ",{"t":"idOrVar","v":"number"}," फाइल्स?"],"other":["डिलीट ",{"t":"idOrVar","v":"number"}," फाइल्स?"]},"$x":[{"t":"idOrVar","v":"plural"},"number"]},{"$i":"unsupported_file_type_download_title","$v":"नै खोलल जा सकल"},{"$i":"unsupported_file_type_download_message","$v":[{"t":"idOrVar","v":"name"}," से कोनो एप्प नै छै. आहां फाइल के सेव करअ चाहै छियै या डिलीट करअ चाहै छियै?"]},{"$i":"unsupported_file_type_download_left_button","$v":"फाइल रखु"},{"$i":"unsupported_file_type_download_right_button","$v":"मिटाउ"},{"$i":"file_not_found_download_title","$v":"फाइल नै पैल गेल"},{"$i":"file_not_found_download_message","$v":"इ फाइल डिवाइस पर नै पैइल गेल"},{"$i":"file_not_found_download_right_button","$v":"ओके"},{"$i":"unmounted_sdcard_2_download_title","$v":"मेमोरी कार्ड प्रयोग भ रहल छै"},{"$i":"unmounted_sdcard_2_download_message","$v":"फ़ोन क अनप्लग करू"},{"$i":"unmounted_sdcard_2_download_right_button","$v":"ओके"},{"$i":"no_provider_download_title","$v":"साझा नैई भ सकल"},{"$i":"no_provider_download_message","$v":"कोनो प्रोवाइडर नै पैल गेल्लै"},{"$i":"no_provider_download_right_button","$v":"ओके"},{"$i":"no_memory_download_title","$v":"SD कार्ड फुल"},{"$i":"no_memory_download_message","$v":"डाउनलोड कैइल गेल फाइल क सेव करेई लेल आहां क SD कार्ड में जगह नैई छै. डाउनलोड फेर से शुरू करेई से पहिने किछ फाइल हटा दियौ."},{"$i":"no_memory_download_right_button","$v":"ओके"},{"$i":"no_sdcard_found_2_download_title","$v":"मेमोरी कार्ड नै पेल गेल्लै"},{"$i":"no_sdcard_found_2_download_message","$v":"मेमोरी कार्ड लगाउ या कोनो दोसर मीडिया लोकेशन चुनु"},{"$i":"no_sdcard_found_2_download_right_button","$v":"ओके"},{"$i":"file_open_error_download_title","$v":"नै खोलल जा सकल"},{"$i":"file_open_error_download_message","$v":"इ फाइल फॉर्मेट अमान्य अछि अथवा सपोर्टेड नहि अछि . अहॉं फाइल कें डिलीट करअ चाहै छी ?"},{"$i":"file_open_error_download_left_button","$v":"फाइल रखु"},{"$i":"file_open_error_download_right_button","$v":"मिटाउ"},{"$i":"restart_download_error","$v":"डाउनलोड फेर से शुरू करेई में दिक्कत. फेर से डाउनलोड करेई क प्रयास करू."},{"$i":"no-downloads","$v":"कोनो डाउनलोड नै"},{"$i":"byteUnit-B","$v":"B"},{"$i":"byteUnit-KB","$v":"KB"},{"$i":"byteUnit-MB","$v":"MB"},{"$i":"byteUnit-GB","$v":"GB"},{"$i":"byteUnit-TB","$v":"TB"},{"$i":"fileSize","$v":[{"t":"idOrVar","v":"size"}," ",{"t":"idOrVar","v":"unit"}]},{"$i":"percentage","$v":[{"t":"idOrVar","v":"percentage"}," %"]},{"$i":"partialResult","$v":[{"t":"idOrVar","v":"partial"}," / ",{"t":"idOrVar","v":"total"}]},{"$i":"summary","$v":[{"t":"idOrVar","v":"date"}," - ",{"t":"idOrVar","v":"status"}]},{"$i":"download-stopped","$v":"रूकि गेल"},{"$i":"download-failed","$v":"डाउनलोड विफल"},{"$i":"open_downloaded_file","$v":"खोलू"},{"$i":"share_downloaded_file","$v":"साझाकरण"},{"$i":"wallpaper_downloaded_file","$v":"वालपेपर के रूप में सेट करू"},{"$i":"ringtone_downloaded_file","$v":"रिंगटोन क रूप में सेट करू"},{"$i":"cancel_downloaded_file","$v":"रद्द करू"},{"$i":"select-download","$v":"डाउनलोड चुनु"},{"$i":"tcl-select-download","$v":"डाउनलोड चयनित करू"},{"$i":"tcl-ok","$v":"ओके"},{"$i":"tcl-cancel","$v":"रद्द करू"}]