[{"$i":"weekday-0-long","$v":"ഞായറാഴ്ച"},{"$i":"weekday-1-long","$v":"തിങ്കളാഴ്ച"},{"$i":"weekday-2-long","$v":"ചൊവ്വാഴ്ച"},{"$i":"weekday-3-long","$v":"ബുധനാഴ്ച"},{"$i":"weekday-4-long","$v":"വ്യാഴാഴ്ച"},{"$i":"weekday-5-long","$v":"വെള്ളിയാഴ്ച"},{"$i":"weekday-6-long","$v":"ശനിയാഴ്ച"},{"$i":"weekday-0-short","$v":"ഞായർ"},{"$i":"weekday-1-short","$v":"തിങ്കൾ"},{"$i":"weekday-2-short","$v":"ചൊവ്വ"},{"$i":"weekday-3-short","$v":"ബുധൻ"},{"$i":"weekday-4-short","$v":"വ്യാഴം"},{"$i":"weekday-5-short","$v":"വെള്ളി"},{"$i":"weekday-6-short","$v":"ശനി"},{"$i":"month-0-long","$v":"ജനുവരി"},{"$i":"month-1-long","$v":"ഫെബ്രുവരി"},{"$i":"month-2-long","$v":"മാർച്ച്"},{"$i":"month-3-long","$v":"ഏപ്രിൽ"},{"$i":"month-4-long","$v":"മെയ്"},{"$i":"month-5-long","$v":"ജൂൺ"},{"$i":"month-6-long","$v":"ജൂലൈ"},{"$i":"month-7-long","$v":"ആഗസ്റ്റ്"},{"$i":"month-8-long","$v":"സെപ്റ്റംബർ"},{"$i":"month-9-long","$v":"ഒക്ടോബർ"},{"$i":"month-10-long","$v":"നവംബർ"},{"$i":"month-11-long","$v":"ഡിസംബർ"},{"$i":"month-0-genitive","$v":"ജനുവരി"},{"$i":"month-1-genitive","$v":"ഫെബ്രുവരി"},{"$i":"month-2-genitive","$v":"മാർച്ച്"},{"$i":"month-3-genitive","$v":"ഏപ്രിൽ"},{"$i":"month-4-genitive","$v":"മെയ്"},{"$i":"month-5-genitive","$v":"ജൂൺ"},{"$i":"month-6-genitive","$v":"ജൂലൈ"},{"$i":"month-7-genitive","$v":"ആഗസ്റ്റ്"},{"$i":"month-8-genitive","$v":"സെപ്റ്റംബർ"},{"$i":"month-9-genitive","$v":"ഒക്ടോബർ"},{"$i":"month-10-genitive","$v":"നവംബർ"},{"$i":"month-11-genitive","$v":"ഡിസംബർ"},{"$i":"month-0-short","$v":"ജനുവരി"},{"$i":"month-1-short","$v":"ഫെബ്രുവരി"},{"$i":"month-2-short","$v":"മാർച്ച്"},{"$i":"month-3-short","$v":"ഏപ്രിൽ"},{"$i":"month-4-short","$v":"മെയ്"},{"$i":"month-5-short","$v":"ജൂൺ"},{"$i":"month-6-short","$v":"ജൂലൈ"},{"$i":"month-7-short","$v":"ആഗസ്റ്റ്"},{"$i":"month-8-short","$v":"സെപ്റ്റംബർ"},{"$i":"month-9-short","$v":"ഒക്ടോബർ"},{"$i":"month-10-short","$v":"നവംബർ"},{"$i":"month-11-short","$v":"ഡിസംബർ"},{"$i":"minutes-ago-long","$v":{"zero":"ഇപ്പോൾ തന്നെ","one":"ഒരു മിനിറ്റ് മുമ്പ്","two":[{"t":"idOrVar","v":"value"}," മിനിറ്റുകൾക്ക് മുമ്പ്"],"few":[{"t":"idOrVar","v":"value"}," മിനിറ്റുകൾക്ക് മുമ്പ്"],"many":[{"t":"idOrVar","v":"value"}," മിനിറ്റുകൾക്ക് മുമ്പ്"],"other":[{"t":"idOrVar","v":"value"}," മിനിറ്റുകൾക്ക് മുമ്പ്"]},"$x":[{"t":"idOrVar","v":"plural"},"value"]},{"$i":"hours-ago-long","$v":{"zero":"ഇപ്പോൾ തന്നെ","one":"ഒരു മണിക്കൂർ മുമ്പ്","two":[{"t":"idOrVar","v":"value"}," മണിക്കൂറുകൾക്ക് മുമ്പ്"],"few":[{"t":"idOrVar","v":"value"}," മണിക്കൂറുകൾക്ക് മുമ്പ്"],"many":[{"t":"idOrVar","v":"value"}," മണിക്കൂറുകൾക്ക് മുമ്പ്"],"other":[{"t":"idOrVar","v":"value"}," മണിക്കൂറുകൾക്ക് മുമ്പ്"]},"$x":[{"t":"idOrVar","v":"plural"},"value"]},{"$i":"days-ago-long","$v":{"zero":"ഇന്ന്","one":"ഇന്നലെ","two":[{"t":"idOrVar","v":"value"}," ദിവസങ്ങൾക്ക് മുമ്പ്"],"few":[{"t":"idOrVar","v":"value"}," ദിവസങ്ങൾക്ക് മുമ്പ്"],"many":[{"t":"idOrVar","v":"value"}," ദിവസങ്ങൾക്ക് മുമ്പ്"],"other":[{"t":"idOrVar","v":"value"}," ദിവസങ്ങൾക്ക് മുമ്പ്"]},"$x":[{"t":"idOrVar","v":"plural"},"value"]},{"$i":"weeks-ago-long","$v":{"zero":"ഈ ആഴ്ച","one":"കഴിഞ്ഞ ആഴ്ച","two":[{"t":"idOrVar","v":"value"}," ആഴ്ചകൾക്ക് മുമ്പ്"],"few":[{"t":"idOrVar","v":"value"}," ആഴ്ചകൾക്ക് മുമ്പ്"],"many":[{"t":"idOrVar","v":"value"}," ആഴ്ചകൾക്ക് മുമ്പ്"],"other":[{"t":"idOrVar","v":"value"}," ആഴ്ചകൾക്ക് മുമ്പ്"]},"$x":[{"t":"idOrVar","v":"plural"},"value"]},{"$i":"months-ago-long","$v":{"zero":"ഈ മാസം","one":"കഴിഞ്ഞ മാസം","two":[{"t":"idOrVar","v":"value"}," മാസങ്ങൾക്ക് മുമ്പ്"],"few":[{"t":"idOrVar","v":"value"}," മാസങ്ങൾക്ക് മുമ്പ്"],"many":[{"t":"idOrVar","v":"value"}," മാസങ്ങൾക്ക് മുമ്പ്"],"other":[{"t":"idOrVar","v":"value"}," മാസങ്ങൾക്ക് മുമ്പ്"]},"$x":[{"t":"idOrVar","v":"plural"},"value"]},{"$i":"years-ago-long","$v":{"zero":"ഈ വർഷം","one":"കഴിഞ്ഞ വർഷം","two":[{"t":"idOrVar","v":"value"}," വർഷങ്ങൾക്ക് മുമ്പ്"],"few":[{"t":"idOrVar","v":"value"}," വർഷങ്ങൾക്ക് മുമ്പ്"],"many":[{"t":"idOrVar","v":"value"}," വർഷങ്ങൾക്ക് മുമ്പ്"],"other":[{"t":"idOrVar","v":"value"}," വർഷങ്ങൾക്ക് മുമ്പ്"]},"$x":[{"t":"idOrVar","v":"plural"},"value"]},{"$i":"minutes-until-long","$v":{"zero":"ഇപ്പോൾ","one":"ഒരു മിനിറ്റിൽ","two":[{"t":"idOrVar","v":"value"}," മിനിറ്റുകളിൽ"],"few":[{"t":"idOrVar","v":"value"}," മിനിറ്റുകളിൽ"],"many":[{"t":"idOrVar","v":"value"}," മിനിറ്റുകളിൽ"],"other":[{"t":"idOrVar","v":"value"}," മിനിറ്റുകളിൽ"]},"$x":[{"t":"idOrVar","v":"plural"},"value"]},{"$i":"hours-until-long","$v":{"zero":"ഇപ്പോൾ","one":"ഒരു മണിക്കൂറിൽ","two":[{"t":"idOrVar","v":"value"}," മണിക്കൂറുകളിൽ"],"few":[{"t":"idOrVar","v":"value"}," മണിക്കൂറുകളിൽ"],"many":[{"t":"idOrVar","v":"value"}," മണിക്കൂറുകളിൽ"],"other":[{"t":"idOrVar","v":"value"}," മണിക്കൂറുകളിൽ"]},"$x":[{"t":"idOrVar","v":"plural"},"value"]},{"$i":"days-until-long","$v":{"zero":"ഇന്ന്","one":"നാളെ","two":[{"t":"idOrVar","v":"value"}," ദിവസങ്ങളിൽ"],"few":[{"t":"idOrVar","v":"value"}," ദിവസങ്ങളിൽ"],"many":[{"t":"idOrVar","v":"value"}," ദിവസങ്ങളിൽ"],"other":[{"t":"idOrVar","v":"value"}," ദിവസങ്ങളിൽ"]},"$x":[{"t":"idOrVar","v":"plural"},"value"]},{"$i":"weeks-until-long","$v":{"zero":"ഈ ആഴ്ച","one":"അടുത്ത ആഴ്ച","two":[{"t":"idOrVar","v":"value"}," ആഴ്ചകളിൽ"],"few":[{"t":"idOrVar","v":"value"}," ആഴ്ചകളിൽ"],"many":[{"t":"idOrVar","v":"value"}," ആഴ്ചകളിൽ"],"other":[{"t":"idOrVar","v":"value"}," ആഴ്ചകളിൽ"]},"$x":[{"t":"idOrVar","v":"plural"},"value"]},{"$i":"months-until-long","$v":{"zero":"ഈ മാസം","one":"അടുത്ത മാസം","two":[{"t":"idOrVar","v":"value"}," മാസങ്ങളിൽ"],"few":[{"t":"idOrVar","v":"value"}," മാസങ്ങളിൽ"],"many":[{"t":"idOrVar","v":"value"}," മാസങ്ങളിൽ"],"other":[{"t":"idOrVar","v":"value"}," മാസങ്ങളിൽ"]},"$x":[{"t":"idOrVar","v":"plural"},"value"]},{"$i":"years-until-long","$v":{"zero":"ഈ വർഷം","one":"അടുത്ത വർഷം","two":[{"t":"idOrVar","v":"value"}," വർഷങ്ങളിൽ"],"few":[{"t":"idOrVar","v":"value"}," വർഷങ്ങളിൽ"],"many":[{"t":"idOrVar","v":"value"}," വർഷങ്ങളിൽ"],"other":[{"t":"idOrVar","v":"value"}," വർഷങ്ങളിൽ"]},"$x":[{"t":"idOrVar","v":"plural"},"value"]},{"$i":"minutes-ago-short","$v":{"zero":"ഇപ്പോൾ തന്നെ","other":[{"t":"idOrVar","v":"value"}," മിനിറ്റ്  മുമ്പ്"]},"$x":[{"t":"idOrVar","v":"plural"},"value"]},{"$i":"hours-ago-short","$v":{"zero":"ഇപ്പോൾ തന്നെ","other":[{"t":"idOrVar","v":"value"}," മണിക്കൂറുകള്‍ക്ക്  മുമ്പ്"]},"$x":[{"t":"idOrVar","v":"plural"},"value"]},{"$i":"days-ago-short","$v":{"zero":"ഇന്ന്","other":[{"t":"idOrVar","v":"value"}," ദിവസങ്ങള്‍ക്ക്  മുമ്പ്"]},"$x":[{"t":"idOrVar","v":"plural"},"value"]},{"$i":"minutes-until-short","$v":{"zero":"ഇപ്പോൾ","other":[{"t":"idOrVar","v":"value"},"മിനിറ്റില്‍"]},"$x":[{"t":"idOrVar","v":"plural"},"value"]},{"$i":"hours-until-short","$v":{"zero":"ഇപ്പോൾ","other":[{"t":"idOrVar","v":"value"},"മണിക്കൂറില്‍"]},"$x":[{"t":"idOrVar","v":"plural"},"value"]},{"$i":"days-until-short","$v":{"zero":"ഇന്ന്","other":[{"t":"idOrVar","v":"value"},"ദിവസത്തില്‍"]},"$x":[{"t":"idOrVar","v":"plural"},"value"]},{"$i":"incorrectDate","$v":"(തെറ്റായ തീയ്യതി)"},{"$i":"dateTimeFormat_%c","$v":"%a %b %e %Y %I:%M:%S %p"},{"$i":"dateTimeFormat_%x","$v":"%m/%d/%Y"},{"$i":"dateTimeFormat_%X","$v":"%I:%M:%S %p"},{"$i":"shortTimeFormat","$v":"%I:%M %p"},{"$i":"shortTimeFormat12","$v":"%I:%M %p"},{"$i":"shortTimeFormat24","$v":"%H:%M"},{"$i":"shortDateTimeFormat","$v":"%x %I:%M %p"},{"$i":"weekStartsOnMonday","$v":"0"},{"$i":"firstDayOfTheWeek","$v":"0"},{"$i":"time_am","$v":"AM"},{"$i":"time_pm","$v":"PM"},{"$i":"stopped_download_title","$v":"ഡൗൺലോഡ് നിർത്തി"},{"$i":"tcl-stopped_download_message","$v":"ഈ ഡൗൺലോഡ് നിർത്തപ്പെട്ടു. ഡൗൺലോഡ് പുനരാരംഭിക്കണോ?"},{"$i":"stopped_download_left_button","$v":"റദ്ദാക്കുക"},{"$i":"stopped_download_right_button","$v":"വീണ്ടും ശ്രമിക്കുക"},{"$i":"failed_download_title","$v":"ഡൗൺലോഡ് പരാജയപ്പെട്ടു"},{"$i":"failed_download_message","$v":[{"t":"idOrVar","v":"name"}," ഡൗൺലോഡ് ചെയ്യുന്നതിൽ പരാജയപ്പെട്ടു. വീണ്ടും ഡൗൺലോഡ് ചെയ്യാൻ ശ്രമിക്കുക?"]},{"$i":"failed_download_left_button","$v":"റദ്ദാക്കുക"},{"$i":"failed_download_right_button","$v":"വീണ്ടും ശ്രമിക്കുക"},{"$i":"stop_download_title","$v":"ഡൗൺലോഡ് നിർത്തുക"},{"$i":"stop_download_message","$v":"ഡൗൺലോഡ് നിർത്തണമെന്ന് നിങ്ങള്‍ക്ക്  തീർച്ചയാണോ?"},{"$i":"stop_download_left_button","$v":"ഇല്ല"},{"$i":"stop_download_right_button","$v":"ശരി"},{"$i":"delete_download_title","$v":"ഇല്ലാതാക്കുക"},{"$i":"delete_download_message","$v":[{"t":"idOrVar","v":"name"}," ഇല്ലാതാക്കുക?"]},{"$i":"delete_download_left_button","$v":"റദ്ദാക്കുക"},{"$i":"delete_download_right_button","$v":"ഇല്ലാതാക്കുക"},{"$i":"delete_all_download_title","$v":"ഇല്ലാതാക്കുക"},{"$i":"delete_all_download_left_button","$v":"റദ്ദാക്കുക"},{"$i":"delete_all_download_right_button","$v":"ഇല്ലാതാക്കുക"},{"$i":"delete_all_download_message","$v":{"zero":"ഫയലുകളൊന്നും ഇല്ലാതാക്കരുത്?","one":"ഒരു ഫയൽ ഇല്ലാതാക്കുക?","two":[{"t":"idOrVar","v":"number"}," ഫയലുകൾ ഇല്ലാതാക്കുക?"],"few":[{"t":"idOrVar","v":"number"}," ഫയലുകൾ ഇല്ലാതാക്കുക?"],"many":[{"t":"idOrVar","v":"number"}," ഫയലുകൾ ഇല്ലാതാക്കുക?"],"other":[{"t":"idOrVar","v":"number"}," ഫയലുകൾ ഇല്ലാതാക്കുക?"]},"$x":[{"t":"idOrVar","v":"plural"},"number"]},{"$i":"unsupported_file_type_download_title","$v":"തുറക്കാനാവുന്നില്ല"},{"$i":"unsupported_file_type_download_message","$v":[{"t":"idOrVar","v":"name"}," തുറക്കാൻ കഴിയുന്ന ആപ്പൊന്നും ഇല്ല. ഫയൽ സേവ് ചെയ്യാനാണോ  ഇല്ലാതാക്കാനാണോ നിങ്ങൾ ആഗ്രഹിക്കുന്നത്?"]},{"$i":"unsupported_file_type_download_left_button","$v":"ഫയൽ സൂക്ഷിക്കുക"},{"$i":"unsupported_file_type_download_right_button","$v":"ഇല്ലാതാക്കുക"},{"$i":"file_not_found_download_title","$v":"ഫയൽ കണ്ടെത്തിയില്ല"},{"$i":"file_not_found_download_message","$v":"ഉപകരണത്തിൽ ഫയൽ കണ്ടെത്തിയില്ല"},{"$i":"file_not_found_download_right_button","$v":"ശരി"},{"$i":"unmounted_sdcard_2_download_title","$v":"മെമ്മറി കാർഡ് ഉപയോഗത്തിലാണ്"},{"$i":"unmounted_sdcard_2_download_message","$v":"ഫോൺ അൺപ്ലഗ് ചെയ്യുക"},{"$i":"unmounted_sdcard_2_download_right_button","$v":"ശരി"},{"$i":"no_provider_download_title","$v":"പങ്കിടാനാവുന്നില്ല"},{"$i":"no_provider_download_message","$v":"ദാതാവിനെയൊന്നും കണ്ടെത്തിയില്ല"},{"$i":"no_provider_download_right_button","$v":"ശരി"},{"$i":"no_memory_download_title","$v":"SD കാർഡ് നിറഞ്ഞു"},{"$i":"no_memory_download_message","$v":"ഡൗൺലോഡ് സേവ് ചെയ്യുന്നതിന്  നിങ്ങളുടെ SD കാർഡിൽ കൂടുതൽ ഇടമില്ല.ദയവായി  ഡൗൺലോഡ് പുനരാരംഭിക്കുന്നതിന് മുമ്പ് ചില ഫയലുകൾ നീക്കംചെയ്യുക."},{"$i":"no_memory_download_right_button","$v":"ശരി"},{"$i":"no_sdcard_found_2_download_title","$v":"മെമ്മറി കാർഡ് കണ്ടെത്തിയില്ല"},{"$i":"no_sdcard_found_2_download_message","$v":"ഒരു മെമ്മറി കാർഡ് ചേർക്കുക അല്ലെങ്കിൽ സെറ്റിംഗ്സില്‍  മറ്റൊരു ഡിഫോൾട്ട് മീഡിയ ലൊക്കേഷൻ തിരഞ്ഞെടുക്കുക"},{"$i":"no_sdcard_found_2_download_right_button","$v":"ശരി"},{"$i":"file_open_error_download_title","$v":"തുറക്കാനാവുന്നില്ല"},{"$i":"file_open_error_download_message","$v":"ഈ ഫയൽ ഫോർമാറ്റ് സാധുതയുള്ളതല്ല അല്ലെങ്കിൽ പിന്തുണയ്ക്കുന്നില്ല. നിങ്ങൾക്ക് ഫയൽ ഇല്ലാതാക്കാൻ താൽപ്പര്യമുണ്ടോ?"},{"$i":"file_open_error_download_left_button","$v":"ഫയൽ സൂക്ഷിക്കുക"},{"$i":"file_open_error_download_right_button","$v":"ഇല്ലാതാക്കുക"},{"$i":"restart_download_error","$v":"ഡൗൺലോഡ് പുനരാരംഭിക്കുന്നതിൽ ഒരു പിശകുണ്ടായി. ദയവായി  വീണ്ടും ഡൗൺലോഡ് ചെയ്യാൻ ശ്രമിക്കുക."},{"$i":"no-downloads","$v":"ഡൗൺലോഡുകളൊന്നുമില്ല"},{"$i":"byteUnit-B","$v":"B"},{"$i":"byteUnit-KB","$v":"KB"},{"$i":"byteUnit-MB","$v":"MB"},{"$i":"byteUnit-GB","$v":"GB"},{"$i":"byteUnit-TB","$v":"TB"},{"$i":"fileSize","$v":[{"t":"idOrVar","v":"size"}," ",{"t":"idOrVar","v":"unit"}]},{"$i":"percentage","$v":[{"t":"idOrVar","v":"percentage"}," %"]},{"$i":"partialResult","$v":[{"t":"idOrVar","v":"partial"}," / ",{"t":"idOrVar","v":"total"}]},{"$i":"summary","$v":[{"t":"idOrVar","v":"date"}," - ",{"t":"idOrVar","v":"status"}]},{"$i":"download-stopped","$v":"നിർത്തി"},{"$i":"download-failed","$v":"ഡൗൺലോഡ് പരാജയപ്പെട്ടു"},{"$i":"open_downloaded_file","$v":"തുറക്കുക"},{"$i":"share_downloaded_file","$v":"പങ്കിടുക"},{"$i":"wallpaper_downloaded_file","$v":"വാൾപേപ്പറായി സെറ്റ് ചെയ്യുക"},{"$i":"ringtone_downloaded_file","$v":"റിംഗ്ടോണായി സെറ്റ് ചെയ്യുക"},{"$i":"cancel_downloaded_file","$v":"റദ്ദാക്കുക"},{"$i":"select-download","$v":"ഡൗൺലോഡ് തിരഞ്ഞെടുക്കുക"},{"$i":"tcl-select-download","$v":"ഒരു ഡൗൺലോഡ് തിരഞ്ഞെടുക്കുക"},{"$i":"tcl-ok","$v":"ശരി"},{"$i":"tcl-cancel","$v":"റദ്ദാക്കുക"}]