[{"$i":"weekday-0-long","$v":"নোংমাইজিং"},{"$i":"weekday-1-long","$v":"নিংথৌকাবা"},{"$i":"weekday-2-long","$v":"লৈবাকপোকপা"},{"$i":"weekday-3-long","$v":"য়ুমশকৈশ"},{"$i":"weekday-4-long","$v":"শগোলশেল"},{"$i":"weekday-5-long","$v":"ইরাই"},{"$i":"weekday-6-long","$v":"থাংজ"},{"$i":"weekday-0-short","$v":"নুমিৎ"},{"$i":"weekday-1-short","$v":"নিংথৌকাবা"},{"$i":"weekday-2-short","$v":"লৈবাকপোকপা"},{"$i":"weekday-3-short","$v":"য়ুমশকৈশা"},{"$i":"weekday-4-short","$v":"শগোলশেন"},{"$i":"weekday-5-short","$v":"ইরাই"},{"$i":"weekday-6-short","$v":"থাংজ"},{"$i":"month-0-long","$v":"জানুৱারি"},{"$i":"month-1-long","$v":"ফেব্রুৱারি"},{"$i":"month-2-long","$v":"মার্চ"},{"$i":"month-3-long","$v":"এপ্রিল"},{"$i":"month-4-long","$v":"মে"},{"$i":"month-5-long","$v":"জুন"},{"$i":"month-6-long","$v":"জুলাই"},{"$i":"month-7-long","$v":"ওগস্ট"},{"$i":"month-8-long","$v":"সেপ্টেম্বর"},{"$i":"month-9-long","$v":"ওক্তোবর"},{"$i":"month-10-long","$v":"নোবেম্বর"},{"$i":"month-11-long","$v":"দিসেম্বর"},{"$i":"month-0-genitive","$v":"জানুৱারি"},{"$i":"month-1-genitive","$v":"ফেব্রুৱারি"},{"$i":"month-2-genitive","$v":"মার্চ"},{"$i":"month-3-genitive","$v":"এপ্রিল"},{"$i":"month-4-genitive","$v":"মে"},{"$i":"month-5-genitive","$v":"জুন"},{"$i":"month-6-genitive","$v":"জুলাই"},{"$i":"month-7-genitive","$v":"ওগস্ট"},{"$i":"month-8-genitive","$v":"সেপ্টেম্বর"},{"$i":"month-9-genitive","$v":"ওক্তোবর"},{"$i":"month-10-genitive","$v":"নোবেম্বর"},{"$i":"month-11-genitive","$v":"দিসেম্বর"},{"$i":"month-0-short","$v":"জানুৱারি"},{"$i":"month-1-short","$v":"ফেব্রুৱারি"},{"$i":"month-2-short","$v":"মার্চ"},{"$i":"month-3-short","$v":"এপ্রিল"},{"$i":"month-4-short","$v":"মে"},{"$i":"month-5-short","$v":"জুন"},{"$i":"month-6-short","$v":"জুলাই"},{"$i":"month-7-short","$v":"ওগস্ট"},{"$i":"month-8-short","$v":"সেপ্টেম্বর"},{"$i":"month-9-short","$v":"ওক্তোবর"},{"$i":"month-10-short","$v":"নোবেম্বর"},{"$i":"month-11-short","$v":"দিসেম্বর"},{"$i":"minutes-ago-long","$v":{"zero":"হৌজিক্তা","one":"মিনট অমা মমাংদা","two":["মিনট ",{"t":"idOrVar","v":"value"}," মমাংদা"],"few":["মিনট ",{"t":"idOrVar","v":"value"}," মমাংদা"],"many":["মিনট ",{"t":"idOrVar","v":"value"}," মমাংদা"],"other":["মিনট ",{"t":"idOrVar","v":"value"}," মমাংদা"]},"$x":[{"t":"idOrVar","v":"plural"},"value"]},{"$i":"hours-ago-long","$v":{"zero":"হৌজিক্তা","one":"পুং অমা মমাংদা","two":["পুং ",{"t":"idOrVar","v":"value"}," মমাংদা"],"few":["পুং ",{"t":"idOrVar","v":"value"}," মমাংদা"],"many":["পুং ",{"t":"idOrVar","v":"value"}," মমাংদা"],"other":["পুং ",{"t":"idOrVar","v":"value"}," মমাংদা"]},"$x":[{"t":"idOrVar","v":"plural"},"value"]},{"$i":"days-ago-long","$v":{"zero":"ঙসি","one":"ঙরাং","two":["নুমিৎ ",{"t":"idOrVar","v":"value"}," মমাংদা"],"few":["নুমিৎ ",{"t":"idOrVar","v":"value"}," মমাংদা"],"many":["নুমিৎ ",{"t":"idOrVar","v":"value"}," মমাংদা"],"other":["নুমিৎ ",{"t":"idOrVar","v":"value"}," মমাংদা"]},"$x":[{"t":"idOrVar","v":"plural"},"value"]},{"$i":"weeks-ago-long","$v":{"zero":"চয়োল অসি","one":"ইকোন কোনবা চয়োল","two":["চয়োল ",{"t":"idOrVar","v":"value"}," মমাংদা"],"few":["চয়োল ",{"t":"idOrVar","v":"value"}," মমাংদা"],"many":["চয়োল ",{"t":"idOrVar","v":"value"}," মমাংদা"],"other":["চয়োল ",{"t":"idOrVar","v":"value"}," মমাংদা"]},"$x":[{"t":"idOrVar","v":"plural"},"value"]},{"$i":"months-ago-long","$v":{"zero":"থা অসি","one":"ইকোন কোনবা থা","two":["থা ",{"t":"idOrVar","v":"value"}," মামংদা"],"few":["থা ",{"t":"idOrVar","v":"value"}," মামংদা"],"many":["থা ",{"t":"idOrVar","v":"value"}," মামংদা"],"other":["থা ",{"t":"idOrVar","v":"value"}," মামংদা"]},"$x":[{"t":"idOrVar","v":"plural"},"value"]},{"$i":"years-ago-long","$v":{"zero":"চহী অসি","one":"ইকোন কোনবা চহী","two":["চহী ",{"t":"idOrVar","v":"value"}," মমাংদা"],"few":["চহী ",{"t":"idOrVar","v":"value"}," মমাংদা"],"many":["চহী ",{"t":"idOrVar","v":"value"}," মমাংদা"],"other":["চহী ",{"t":"idOrVar","v":"value"}," মমাংদা"]},"$x":[{"t":"idOrVar","v":"plural"},"value"]},{"$i":"minutes-until-long","$v":{"zero":"হৌজিক্তা","one":"মিনট অমদা","two":["মিনট ",{"t":"idOrVar","v":"value"}," দা"],"few":["মিনট ",{"t":"idOrVar","v":"value"}," দা"],"many":["মিনট ",{"t":"idOrVar","v":"value"}," দা"],"other":["মিনট ",{"t":"idOrVar","v":"value"}," দা"]},"$x":[{"t":"idOrVar","v":"plural"},"value"]},{"$i":"hours-until-long","$v":{"zero":"হৌজিক্তা","one":"পুং অমদা","two":["পুং ",{"t":"idOrVar","v":"value"}," দা"],"few":["পুং ",{"t":"idOrVar","v":"value"}," দা"],"many":["পুং ",{"t":"idOrVar","v":"value"}," দা"],"other":["পুং ",{"t":"idOrVar","v":"value"}," দা"]},"$x":[{"t":"idOrVar","v":"plural"},"value"]},{"$i":"days-until-long","$v":{"zero":"ঙসি","one":"হয়েং","two":["নুমিৎ ",{"t":"idOrVar","v":"value"}," তা"],"few":["নুমিৎ ",{"t":"idOrVar","v":"value"}," তা"],"many":["নুমিৎ ",{"t":"idOrVar","v":"value"}," তা"],"other":["নুমিৎ ",{"t":"idOrVar","v":"value"}," তা"]},"$x":[{"t":"idOrVar","v":"plural"},"value"]},{"$i":"weeks-until-long","$v":{"zero":"চয়োল অসি","one":"মথংগী চয়োল","two":["চয়োল ",{"t":"idOrVar","v":"value"}," দা"],"few":["চয়োল ",{"t":"idOrVar","v":"value"}," দা"],"many":["চয়োল ",{"t":"idOrVar","v":"value"}," দা"],"other":["চয়োল ",{"t":"idOrVar","v":"value"}," দা"]},"$x":[{"t":"idOrVar","v":"plural"},"value"]},{"$i":"months-until-long","$v":{"zero":"থা অসি","one":"মথংগী থা","two":["থা ",{"t":"idOrVar","v":"value"}," দা"],"few":["থা ",{"t":"idOrVar","v":"value"}," দা"],"many":["থা ",{"t":"idOrVar","v":"value"}," দা"],"other":["থা ",{"t":"idOrVar","v":"value"}," দা"]},"$x":[{"t":"idOrVar","v":"plural"},"value"]},{"$i":"years-until-long","$v":{"zero":"চহী অসি","one":"মথংগী চহী","two":["চহী ",{"t":"idOrVar","v":"value"}," দা"],"few":["চহী ",{"t":"idOrVar","v":"value"}," দা"],"many":["চহী ",{"t":"idOrVar","v":"value"}," দা"],"other":["চহী ",{"t":"idOrVar","v":"value"}," দা"]},"$x":[{"t":"idOrVar","v":"plural"},"value"]},{"$i":"minutes-ago-short","$v":{"zero":"হৌজিক্তা","other":["থা ",{"t":"idOrVar","v":"value"}," মমাংদা"]},"$x":[{"t":"idOrVar","v":"plural"},"value"]},{"$i":"hours-ago-short","$v":{"zero":"হৌজিক্তা","other":["পুং ",{"t":"idOrVar","v":"value"}," মমাংদা"]},"$x":[{"t":"idOrVar","v":"plural"},"value"]},{"$i":"days-ago-short","$v":{"zero":"ঙসি","other":["নুমিৎ ",{"t":"idOrVar","v":"value"}," মমাংদা"]},"$x":[{"t":"idOrVar","v":"plural"},"value"]},{"$i":"minutes-until-short","$v":{"zero":"হৌজিক্তা","other":["থা ",{"t":"idOrVar","v":"value"}," দা"]},"$x":[{"t":"idOrVar","v":"plural"},"value"]},{"$i":"hours-until-short","$v":{"zero":"হৌজিক্তা","other":["পুং ",{"t":"idOrVar","v":"value"}," দা"]},"$x":[{"t":"idOrVar","v":"plural"},"value"]},{"$i":"days-until-short","$v":{"zero":"ঙসি","other":["নুমিৎ ",{"t":"idOrVar","v":"value"}," তা"]},"$x":[{"t":"idOrVar","v":"plural"},"value"]},{"$i":"incorrectDate","$v":"(চুমদবা তাং)"},{"$i":"dateTimeFormat_%c","$v":"%a %b %e %Y %I:%M:%S %p"},{"$i":"dateTimeFormat_%x","$v":"%m/%d/%Y"},{"$i":"dateTimeFormat_%X","$v":"%I:%M:%S %p"},{"$i":"shortTimeFormat","$v":"%I:%M %p"},{"$i":"shortTimeFormat12","$v":"%I:%M %p"},{"$i":"shortTimeFormat24","$v":"%H:%M"},{"$i":"shortDateTimeFormat","$v":"%x %I:%M %p"},{"$i":"weekStartsOnMonday","$v":"0"},{"$i":"firstDayOfTheWeek","$v":"0"},{"$i":"time_am","$v":"AM"},{"$i":"time_pm","$v":"PM"},{"$i":"stopped_download_title","$v":"দাওনলোদ লেপখ্রে"},{"$i":"tcl-stopped_download_message","$v":"দাওনলোদ অসি লেপহনখি. নহাক দাওনলোদ তৌবা হন্না হৌবা পাম্ব্রা."},{"$i":"stopped_download_left_button","$v":"ককথৎলু"},{"$i":"stopped_download_right_button","$v":"হন্না হোৎনৌ"},{"$i":"failed_download_title","$v":"দাওনলোদ মায় পাক্তে"},{"$i":"failed_download_message","$v":[{"t":"idOrVar","v":"name"}," দাওনলোদ তৌবা মায় পাক্তে. হন্না দাওনলোদ তৌদুনা হোৎনৌ?"]},{"$i":"failed_download_left_button","$v":"ককথৎলু"},{"$i":"failed_download_right_button","$v":"হন্না হোৎনৌ"},{"$i":"stop_download_title","$v":"দাওনলোদ তৌবা লেপ্পু"},{"$i":"stop_download_message","$v":"নহাক দাওনলোদ অদু লেপহনবা পাম্মি হায়বা নহাক শোয়দ্রব্রা?"},{"$i":"stop_download_left_button","$v":"ফংনীংদে"},{"$i":"stop_download_right_button","$v":"ফংনীংই"},{"$i":"delete_download_title","$v":"মুত্থৎলু"},{"$i":"delete_download_message","$v":[{"t":"idOrVar","v":"name"}," মুথৎলু?"]},{"$i":"delete_download_left_button","$v":"ককথৎলু"},{"$i":"delete_download_right_button","$v":"মুত্থৎলু"},{"$i":"delete_all_download_title","$v":"মুত্থৎলু"},{"$i":"delete_all_download_left_button","$v":"ককথৎলু"},{"$i":"delete_all_download_right_button","$v":"মুত্থৎলু"},{"$i":"delete_all_download_message","$v":{"zero":"ফাইল অমত্তা মুথৎকনু?","one":"ফাইল অমা মুথৎলু?","two":[{"t":"idOrVar","v":"number"}," ফাইলশীং মুথৎলু?"],"few":[{"t":"idOrVar","v":"number"}," ফাইলশীং মুথৎলু?"],"many":[{"t":"idOrVar","v":"number"}," ফাইলশীং মুথৎলু?"],"other":[{"t":"idOrVar","v":"number"}," ফাইলশীং মুথৎলু?"]},"$x":[{"t":"idOrVar","v":"plural"},"number"]},{"$i":"unsupported_file_type_download_title","$v":"হাংদোকপা ঙমদ্রে"},{"$i":"unsupported_file_type_download_message","$v":[{"t":"idOrVar","v":"name"}," হাংদোকপা য়াবা এপ অমত্তা লৈতে. নহাক ফাইল অদু সেব তৌবা নত্ত্রগা মদু মুথৎপা পামগদ্রা."]},{"$i":"unsupported_file_type_download_left_button","$v":"ফাইল থম্মু"},{"$i":"unsupported_file_type_download_right_button","$v":"মুত্থৎলু"},{"$i":"file_not_found_download_title","$v":"ফাইল ফংদে"},{"$i":"file_not_found_download_message","$v":"ফাইল অদু দিভাইস অদুদা ফংদে"},{"$i":"file_not_found_download_right_button","$v":"ওকে"},{"$i":"unmounted_sdcard_2_download_title","$v":"শীজিন্নরিবা মেমোরি কার্দ"},{"$i":"unmounted_sdcard_2_download_message","$v":"ফোন অদু প্লগ লৌথোকউ"},{"$i":"unmounted_sdcard_2_download_right_button","$v":"ওকে"},{"$i":"no_provider_download_title","$v":"শরুক য়ামিন্নবা ঙমদ্রে"},{"$i":"no_provider_download_message","$v":"পীনবা মী অমত্তা ফংদে"},{"$i":"no_provider_download_right_button","$v":"ওকে"},{"$i":"no_memory_download_title","$v":"SD কার্দ পিক থল্লি"},{"$i":"no_memory_download_message","$v":"নহাক্কি দাওনলোদ সেব তৌনবা নহাক্কি SD কার্দতা অহেনবা অহাংবা লৈত্রে. দাওনলোদ অদু হন্না স্টার্ট তৌদ্রিঙৈ মামংদা ফাইলশীং খরা লৌথোকপিয়ু."},{"$i":"no_memory_download_right_button","$v":"ওকে"},{"$i":"no_sdcard_found_2_download_title","$v":"মেমোরি কার্দ অমত্তা ফংদে"},{"$i":"no_sdcard_found_2_download_message","$v":"মেমোরি কার্দ অমা থিংজিল্লু নত্ত্রগা অতোপ্পা অমা ওইনা সেটিংশীংদা দিফাওল্ট মেদিয়াগী মফম অমা খল্লু"},{"$i":"no_sdcard_found_2_download_right_button","$v":"ওকে"},{"$i":"file_open_error_download_title","$v":"হাংদোকপা ঙমদ্রে"},{"$i":"file_open_error_download_message","$v":"ফাইল ফোরমেট অসি চৎনদে নত্ত্রগা সপোর্ট তৌদে. নহাক ফাইল অদু মুথৎপা পাম্ব্রা."},{"$i":"file_open_error_download_left_button","$v":"ফাইল থম্মু"},{"$i":"file_open_error_download_right_button","$v":"মুত্থৎলু"},{"$i":"restart_download_error","$v":"দাওনলোদ অদু হন্না স্টার্ট তৌরিঙৈদা অরানবা অমা লৈরে. হন্না দাওনলোদ তৌনবা হোৎনবিয়ু."},{"$i":"no-downloads","$v":"দাওনলোদ অমত্তা তৌদে"},{"$i":"byteUnit-B","$v":"B"},{"$i":"byteUnit-KB","$v":"KB"},{"$i":"byteUnit-MB","$v":"MB"},{"$i":"byteUnit-GB","$v":"GB"},{"$i":"byteUnit-TB","$v":"TB"},{"$i":"fileSize","$v":[{"t":"idOrVar","v":"size"}," ",{"t":"idOrVar","v":"unit"}]},{"$i":"percentage","$v":[{"t":"idOrVar","v":"percentage"}," %"]},{"$i":"partialResult","$v":[{"t":"idOrVar","v":"partial"}," / ",{"t":"idOrVar","v":"total"}]},{"$i":"summary","$v":[{"t":"idOrVar","v":"date"}," - ",{"t":"idOrVar","v":"status"}]},{"$i":"download-stopped","$v":"লেপ্লে"},{"$i":"download-failed","$v":"দাওনলোদ মায় পাক্তে"},{"$i":"open_downloaded_file","$v":"হাংউ"},{"$i":"share_downloaded_file","$v":"শীজিন্নমিন্নৌ"},{"$i":"wallpaper_downloaded_file","$v":"ৱালপেপর ওইনা পানখৎলু"},{"$i":"ringtone_downloaded_file","$v":"রিংতোন ওইনা শেম্মু"},{"$i":"cancel_downloaded_file","$v":"ককথৎলু"},{"$i":"select-download","$v":"দাওনলোদ খল্লু"},{"$i":"tcl-select-download","$v":"দাওনলোদ অমা খল্লু"},{"$i":"tcl-ok","$v":"ওকে"},{"$i":"tcl-cancel","$v":"ককথৎলু"}]