[{"$i":"weekday-0-long","$v":"रविवार"},{"$i":"weekday-1-long","$v":"सोमवार"},{"$i":"weekday-2-long","$v":"मंगळवार"},{"$i":"weekday-3-long","$v":"बुधवार"},{"$i":"weekday-4-long","$v":"गुरुवार"},{"$i":"weekday-5-long","$v":"शुक्रवार"},{"$i":"weekday-6-long","$v":"शनिवार"},{"$i":"weekday-0-short","$v":"रवि"},{"$i":"weekday-1-short","$v":"सोम"},{"$i":"weekday-2-short","$v":"मंगळ"},{"$i":"weekday-3-short","$v":"बुध"},{"$i":"weekday-4-short","$v":"गुरु"},{"$i":"weekday-5-short","$v":"शुक्र"},{"$i":"weekday-6-short","$v":"शनि"},{"$i":"month-0-long","$v":"जानेवारी"},{"$i":"month-1-long","$v":"फेब्रुवारी"},{"$i":"month-2-long","$v":"मार्च"},{"$i":"month-3-long","$v":"एप्रिल"},{"$i":"month-4-long","$v":"मे"},{"$i":"month-5-long","$v":"जून"},{"$i":"month-6-long","$v":"जुलै"},{"$i":"month-7-long","$v":"ऑगस्ट"},{"$i":"month-8-long","$v":"सप्टेंबर"},{"$i":"month-9-long","$v":"ऑक्टोबर"},{"$i":"month-10-long","$v":"नोव्हेंबर"},{"$i":"month-11-long","$v":"डिसेंबर"},{"$i":"month-0-genitive","$v":"जानेवारी"},{"$i":"month-1-genitive","$v":"फेब्रुवारी"},{"$i":"month-2-genitive","$v":"मार्च"},{"$i":"month-3-genitive","$v":"एप्रिल"},{"$i":"month-4-genitive","$v":"मे"},{"$i":"month-5-genitive","$v":"जून"},{"$i":"month-6-genitive","$v":"जुलै"},{"$i":"month-7-genitive","$v":"ऑगस्ट"},{"$i":"month-8-genitive","$v":"सप्टेंबर"},{"$i":"month-9-genitive","$v":"ऑक्टोबर"},{"$i":"month-10-genitive","$v":"नोव्हेंबर"},{"$i":"month-11-genitive","$v":"डिसेंबर"},{"$i":"month-0-short","$v":"जानेवारी"},{"$i":"month-1-short","$v":"फेब्रुवारी"},{"$i":"month-2-short","$v":"मार्च"},{"$i":"month-3-short","$v":"एप्रिल"},{"$i":"month-4-short","$v":"मे"},{"$i":"month-5-short","$v":"जून"},{"$i":"month-6-short","$v":"जुलै"},{"$i":"month-7-short","$v":"ऑगस्‍ट"},{"$i":"month-8-short","$v":"सप्टेंबर"},{"$i":"month-9-short","$v":"ऑक्टोबर"},{"$i":"month-10-short","$v":"नोव्हेंबर"},{"$i":"month-11-short","$v":"डिसेंबर"},{"$i":"minutes-ago-long","$v":{"zero":"आत्ताच","one":"एक मिनिटापूर्वी","two":[{"t":"idOrVar","v":"value"}," मिनिटा पूर्वी"],"few":[{"t":"idOrVar","v":"value"}," मिनिटा पूर्वी"],"many":[{"t":"idOrVar","v":"value"}," मिनिटा पूर्वी"],"other":[{"t":"idOrVar","v":"value"}," मिनिटा पूर्वी"]},"$x":[{"t":"idOrVar","v":"plural"},"value"]},{"$i":"hours-ago-long","$v":{"zero":"आत्ताच","one":"एका तासापूर्वी","two":[{"t":"idOrVar","v":"value"}," तासा पूर्वी"],"few":[{"t":"idOrVar","v":"value"}," तासा पूर्वी"],"many":[{"t":"idOrVar","v":"value"}," तासा पूर्वी"],"other":[{"t":"idOrVar","v":"value"}," तासा पूर्वी"]},"$x":[{"t":"idOrVar","v":"plural"},"value"]},{"$i":"days-ago-long","$v":{"zero":"आज","one":"काल","two":[{"t":"idOrVar","v":"value"}," दिवसा पूर्वी"],"few":[{"t":"idOrVar","v":"value"}," दिवसा पूर्वी"],"many":[{"t":"idOrVar","v":"value"}," दिवसा पूर्वी"],"other":[{"t":"idOrVar","v":"value"}," दिवसा पूर्वी"]},"$x":[{"t":"idOrVar","v":"plural"},"value"]},{"$i":"weeks-ago-long","$v":{"zero":"हा आठवडा","one":"शेवटचा आठवडा","two":[{"t":"idOrVar","v":"value"}," आठवड्या पूर्वी"],"few":[{"t":"idOrVar","v":"value"}," आठवड्या पूर्वी"],"many":[{"t":"idOrVar","v":"value"}," आठवड्या पूर्वी"],"other":[{"t":"idOrVar","v":"value"}," आठवड्या पूर्वी"]},"$x":[{"t":"idOrVar","v":"plural"},"value"]},{"$i":"months-ago-long","$v":{"zero":"हा महिना","one":"शेवटचा महिना","two":[{"t":"idOrVar","v":"value"}," महिने पूर्वी"],"few":[{"t":"idOrVar","v":"value"}," महिने पूर्वी"],"many":[{"t":"idOrVar","v":"value"}," महिने पूर्वी"],"other":[{"t":"idOrVar","v":"value"}," महिने पूर्वी"]},"$x":[{"t":"idOrVar","v":"plural"},"value"]},{"$i":"years-ago-long","$v":{"zero":"हे वर्ष","one":"शेवटचे वर्ष","two":[{"t":"idOrVar","v":"value"}," वर्षां पूर्वी"],"few":[{"t":"idOrVar","v":"value"}," वर्षां पूर्वी"],"many":[{"t":"idOrVar","v":"value"}," वर्षां पूर्वी"],"other":[{"t":"idOrVar","v":"value"}," वर्षां पूर्वी"]},"$x":[{"t":"idOrVar","v":"plural"},"value"]},{"$i":"minutes-until-long","$v":{"zero":"आत्ता","one":"एका मिनिटा मध्ये","two":[{"t":"idOrVar","v":"value"}," मिनिटा मध्ये"],"few":[{"t":"idOrVar","v":"value"}," मिनिटा मध्ये"],"many":[{"t":"idOrVar","v":"value"}," मिनिटा मध्ये"],"other":[{"t":"idOrVar","v":"value"}," मिनिटा मध्ये"]},"$x":[{"t":"idOrVar","v":"plural"},"value"]},{"$i":"hours-until-long","$v":{"zero":"आत्ता","one":"एका तासा मध्ये","two":[{"t":"idOrVar","v":"value"}," तासा मध्ये"],"few":[{"t":"idOrVar","v":"value"}," तासा मध्ये"],"many":[{"t":"idOrVar","v":"value"}," तासा मध्ये"],"other":[{"t":"idOrVar","v":"value"}," तासा मध्ये"]},"$x":[{"t":"idOrVar","v":"plural"},"value"]},{"$i":"days-until-long","$v":{"zero":"आज","one":"उद्या","two":[{"t":"idOrVar","v":"value"}," दिवसां मध्ये"],"few":[{"t":"idOrVar","v":"value"}," दिवसां मध्ये"],"many":[{"t":"idOrVar","v":"value"}," दिवसां मध्ये"],"other":[{"t":"idOrVar","v":"value"}," दिवसां मध्ये"]},"$x":[{"t":"idOrVar","v":"plural"},"value"]},{"$i":"weeks-until-long","$v":{"zero":"हा आठवडा","one":"पुढील आठवडा","two":[{"t":"idOrVar","v":"value"}," आठवड्यां मध्ये"],"few":[{"t":"idOrVar","v":"value"}," आठवड्यां मध्ये"],"many":[{"t":"idOrVar","v":"value"}," आठवड्यां मध्ये"],"other":[{"t":"idOrVar","v":"value"}," आठवड्यां मध्ये"]},"$x":[{"t":"idOrVar","v":"plural"},"value"]},{"$i":"months-until-long","$v":{"zero":"हा महिना","one":"पुढील महिना","two":[{"t":"idOrVar","v":"value"}," महिन्यां मध्ये"],"few":[{"t":"idOrVar","v":"value"}," महिन्यां मध्ये"],"many":[{"t":"idOrVar","v":"value"}," महिन्यां मध्ये"],"other":[{"t":"idOrVar","v":"value"}," महिन्यां मध्ये"]},"$x":[{"t":"idOrVar","v":"plural"},"value"]},{"$i":"years-until-long","$v":{"zero":"हे वर्ष","one":"पुढील वर्ष","two":[{"t":"idOrVar","v":"value"}," वर्षां मध्ये"],"few":[{"t":"idOrVar","v":"value"}," वर्षां मध्ये"],"many":[{"t":"idOrVar","v":"value"}," वर्षां मध्ये"],"other":[{"t":"idOrVar","v":"value"}," वर्षां मध्ये"]},"$x":[{"t":"idOrVar","v":"plural"},"value"]},{"$i":"minutes-ago-short","$v":{"zero":"आत्ताच","other":[{"t":"idOrVar","v":"value"}," महिन्या पूर्वी"]},"$x":[{"t":"idOrVar","v":"plural"},"value"]},{"$i":"hours-ago-short","$v":{"zero":"आत्ताच","other":[{"t":"idOrVar","v":"value"}," तासा पूर्वी"]},"$x":[{"t":"idOrVar","v":"plural"},"value"]},{"$i":"days-ago-short","$v":{"zero":"आज","other":[{"t":"idOrVar","v":"value"}," दिवसा पूर्वी"]},"$x":[{"t":"idOrVar","v":"plural"},"value"]},{"$i":"minutes-until-short","$v":{"zero":"आत्ता","other":[{"t":"idOrVar","v":"value"},"मिनिटा मध्ये"]},"$x":[{"t":"idOrVar","v":"plural"},"value"]},{"$i":"hours-until-short","$v":{"zero":"आत्ता","other":[{"t":"idOrVar","v":"value"},"तासा मध्ये"]},"$x":[{"t":"idOrVar","v":"plural"},"value"]},{"$i":"days-until-short","$v":{"zero":"आज","other":[{"t":"idOrVar","v":"value"},"दिवसां मध्ये"]},"$x":[{"t":"idOrVar","v":"plural"},"value"]},{"$i":"incorrectDate","$v":"(चुकीची तारीख)"},{"$i":"dateTimeFormat_%c","$v":"%a %b %e %Y %I:%M:%S %p"},{"$i":"dateTimeFormat_%x","$v":"%m/%d/%Y"},{"$i":"dateTimeFormat_%X","$v":"%I:%M:%S %p"},{"$i":"shortTimeFormat","$v":"%I:%M %p"},{"$i":"shortTimeFormat12","$v":"%I:%M %p"},{"$i":"shortTimeFormat24","$v":"%H:%M"},{"$i":"shortDateTimeFormat","$v":"%x %I:%M %p"},{"$i":"weekStartsOnMonday","$v":"0"},{"$i":"firstDayOfTheWeek","$v":"0"},{"$i":"time_am","$v":"AM"},{"$i":"time_pm","$v":"PM"},{"$i":"stopped_download_title","$v":"डाउनलोड थांबवले आहे"},{"$i":"tcl-stopped_download_message","$v":"हे डाउनलोड थांबविले होते. आपण डाउनलोड पुन्हा सुरू करू इच्छिता का?"},{"$i":"stopped_download_left_button","$v":"रद्द करा"},{"$i":"stopped_download_right_button","$v":"पुन्हा प्रयत्न करा"},{"$i":"failed_download_title","$v":"डाउनलोड करण्यात अपयश"},{"$i":"failed_download_message","$v":[{"t":"idOrVar","v":"name"}," डाउनलोड करण्यात अपयश. पुन्हा डाउनलोड करण्याचा प्रयत्न करा?"]},{"$i":"failed_download_left_button","$v":"रद्द करा"},{"$i":"failed_download_right_button","$v":"पुन्हा प्रयत्न करा"},{"$i":"stop_download_title","$v":"डाउनलोड थांबवा"},{"$i":"stop_download_message","$v":"आपण डाउनलोड करणे थांबवायचे आहे का?"},{"$i":"stop_download_left_button","$v":"नाही"},{"$i":"stop_download_right_button","$v":"होय"},{"$i":"delete_download_title","$v":"हटवा"},{"$i":"delete_download_message","$v":[{"t":"idOrVar","v":"name"}," हटवा"]},{"$i":"delete_download_left_button","$v":"रद्द करा"},{"$i":"delete_download_right_button","$v":"हटवा"},{"$i":"delete_all_download_title","$v":"हटवा"},{"$i":"delete_all_download_left_button","$v":"रद्द करा"},{"$i":"delete_all_download_right_button","$v":"हटवा"},{"$i":"delete_all_download_message","$v":{"zero":"कोणत्याही फाइल हटवू नका?","one":"एक फाइल हटवा?","two":[{"t":"idOrVar","v":"number"}," फाईल हटवा? ?"],"few":[{"t":"idOrVar","v":"number"}," फाईल हटवा? ?"],"many":[{"t":"idOrVar","v":"number"}," फाईल हटवा? ?"],"other":[{"t":"idOrVar","v":"number"}," फाईल हटवा? ?"]},"$x":[{"t":"idOrVar","v":"plural"},"number"]},{"$i":"unsupported_file_type_download_title","$v":"उघडण्यात असमर्थ"},{"$i":"unsupported_file_type_download_message","$v":[{"t":"idOrVar","v":"name"}," उघडू शकणारे अॅप उपलब्ध नाही. आपण फाईल जतन करू किंवा हटवू इच्छिता का?"]},{"$i":"unsupported_file_type_download_left_button","$v":"फाईल ठेवा"},{"$i":"unsupported_file_type_download_right_button","$v":"हटवा"},{"$i":"file_not_found_download_title","$v":"फाईल सापडली नाही"},{"$i":"file_not_found_download_message","$v":"फाइल डिवाइस मध्ये सापडली नाही"},{"$i":"file_not_found_download_right_button","$v":"ठीक आहे"},{"$i":"unmounted_sdcard_2_download_title","$v":"मेमरी कार्ड उपयोग होत आहे"},{"$i":"unmounted_sdcard_2_download_message","$v":"फोनला अनप्लग करा"},{"$i":"unmounted_sdcard_2_download_right_button","$v":"ठीक आहे"},{"$i":"no_provider_download_title","$v":"सामायिक करण्यास असमर्थ"},{"$i":"no_provider_download_message","$v":"कोणतेही प्रदाता सापडले नाही"},{"$i":"no_provider_download_right_button","$v":"ठीक आहे"},{"$i":"no_memory_download_title","$v":"SD कार्ड भरले आहे"},{"$i":"no_memory_download_message","$v":"आपले डाउनलोड जतन करण्यासाठी तुमच्या SD कार्डवर आणखी जागा नाही. डाउनलोड प्रारंभ करण्यापूर्वी कृपया काही फाईल्स काढून टाका."},{"$i":"no_memory_download_right_button","$v":"ठीक आहे"},{"$i":"no_sdcard_found_2_download_title","$v":"कोणतेही मेमरी कार्ड सापडले नाही"},{"$i":"no_sdcard_found_2_download_message","$v":"मेमरी कार्ड प्रविष्ट करा किंवा सेटिंग्स मध्ये पर्यायी डिफॉल्ट मीडिया स्थान निवडा"},{"$i":"no_sdcard_found_2_download_right_button","$v":"ठीक आहे"},{"$i":"file_open_error_download_title","$v":"उघडण्यात असमर्थ"},{"$i":"file_open_error_download_message","$v":"हे फाइल स्वरूप अवैध आहे किंवा समर्थित नाही. आपण फाइल हटवू इच्छिता का ?"},{"$i":"file_open_error_download_left_button","$v":"फाईल ठेवा"},{"$i":"file_open_error_download_right_button","$v":"हटवा"},{"$i":"restart_download_error","$v":"डाउनलोड पुन: सुरू करताना त्रुटी आली आहे. पुन्हा डाउनलोड करण्याचा प्रयत्न करा."},{"$i":"no-downloads","$v":"कोणतेही डाउनलोड नाही"},{"$i":"byteUnit-B","$v":"B"},{"$i":"byteUnit-KB","$v":"KB"},{"$i":"byteUnit-MB","$v":"MB"},{"$i":"byteUnit-GB","$v":"GB"},{"$i":"byteUnit-TB","$v":"TB"},{"$i":"fileSize","$v":[{"t":"idOrVar","v":"size"}," ",{"t":"idOrVar","v":"unit"}]},{"$i":"percentage","$v":[{"t":"idOrVar","v":"percentage"}," %"]},{"$i":"partialResult","$v":[{"t":"idOrVar","v":"partial"}," / ",{"t":"idOrVar","v":"total"}]},{"$i":"summary","$v":[{"t":"idOrVar","v":"date"}," - ",{"t":"idOrVar","v":"status"}]},{"$i":"download-stopped","$v":"थांबले आहे"},{"$i":"download-failed","$v":"डाउनलोड करण्यात अपयश"},{"$i":"open_downloaded_file","$v":"उघडा"},{"$i":"share_downloaded_file","$v":"सामायिक करा"},{"$i":"wallpaper_downloaded_file","$v":"वॉलपेपर म्हणून सेट करा"},{"$i":"ringtone_downloaded_file","$v":"रिंगटोन म्हणून सेट करा"},{"$i":"cancel_downloaded_file","$v":"रद्द करा"},{"$i":"select-download","$v":"डाउनलोड निवडा"},{"$i":"tcl-select-download","$v":"डाउनलोड निवडा"},{"$i":"tcl-ok","$v":"ठीक आहे"},{"$i":"tcl-cancel","$v":"रद्द करा"}]