[{"$i":"weekday-0-long","$v":"आइतबार"},{"$i":"weekday-1-long","$v":"सोमबार"},{"$i":"weekday-2-long","$v":"मङ्गलबार"},{"$i":"weekday-3-long","$v":"बुधबार"},{"$i":"weekday-4-long","$v":"बिहिबार"},{"$i":"weekday-5-long","$v":"शुक्रबार"},{"$i":"weekday-6-long","$v":"शनिबार"},{"$i":"weekday-0-short","$v":"सूर्य"},{"$i":"weekday-1-short","$v":"सोमबार"},{"$i":"weekday-2-short","$v":"मङ्गलबार"},{"$i":"weekday-3-short","$v":"बुधबार"},{"$i":"weekday-4-short","$v":"बिहीबार"},{"$i":"weekday-5-short","$v":"शुक्रबार"},{"$i":"weekday-6-short","$v":"शनिबार"},{"$i":"month-0-long","$v":"जनवरी"},{"$i":"month-1-long","$v":"फेब्रुअरी"},{"$i":"month-2-long","$v":"मार्च"},{"$i":"month-3-long","$v":"अप्रिल"},{"$i":"month-4-long","$v":"मे"},{"$i":"month-5-long","$v":"जुन"},{"$i":"month-6-long","$v":"जुलाइ"},{"$i":"month-7-long","$v":"अगस्ट"},{"$i":"month-8-long","$v":"सेप्टेम्बर"},{"$i":"month-9-long","$v":"अक्टुबर"},{"$i":"month-10-long","$v":"नोभेम्बर"},{"$i":"month-11-long","$v":"डिसेम्बर"},{"$i":"month-0-genitive","$v":"जनवरी"},{"$i":"month-1-genitive","$v":"फेब्रुअरी"},{"$i":"month-2-genitive","$v":"मार्च"},{"$i":"month-3-genitive","$v":"अप्रिल"},{"$i":"month-4-genitive","$v":"मे"},{"$i":"month-5-genitive","$v":"जुन"},{"$i":"month-6-genitive","$v":"जुलाइ"},{"$i":"month-7-genitive","$v":"अगस्ट"},{"$i":"month-8-genitive","$v":"सेप्टेम्बर"},{"$i":"month-9-genitive","$v":"अक्टुबर"},{"$i":"month-10-genitive","$v":"नोभेम्बर"},{"$i":"month-11-genitive","$v":"डिसेम्बर"},{"$i":"month-0-short","$v":"जनवरी"},{"$i":"month-1-short","$v":"फेब्रुअरी"},{"$i":"month-2-short","$v":"मार्च"},{"$i":"month-3-short","$v":"अप्रिल"},{"$i":"month-4-short","$v":"मे"},{"$i":"month-5-short","$v":"जुन"},{"$i":"month-6-short","$v":"जुलाई"},{"$i":"month-7-short","$v":"अगस्ट"},{"$i":"month-8-short","$v":"सेप्टेम्बर"},{"$i":"month-9-short","$v":"अक्टोबर"},{"$i":"month-10-short","$v":"नोभेम्बर"},{"$i":"month-11-short","$v":"डिसेम्बर"},{"$i":"minutes-ago-long","$v":{"zero":"अहिले भर्खर","one":"एक मिनेट अघि","two":[{"t":"idOrVar","v":"value"}," मिनेट पहिला"],"few":[{"t":"idOrVar","v":"value"}," मिनेट पहिला"],"many":[{"t":"idOrVar","v":"value"}," मिनेट पहिला"],"other":[{"t":"idOrVar","v":"value"}," मिनेट पहिला"]},"$x":[{"t":"idOrVar","v":"plural"},"value"]},{"$i":"hours-ago-long","$v":{"zero":"अहिले भर्खर","one":"एक घण्टा अघि","two":[{"t":"idOrVar","v":"value"}," घण्टा पहिला"],"few":[{"t":"idOrVar","v":"value"}," घण्टा पहिला"],"many":[{"t":"idOrVar","v":"value"}," घण्टा पहिला"],"other":[{"t":"idOrVar","v":"value"}," घण्टा पहिला"]},"$x":[{"t":"idOrVar","v":"plural"},"value"]},{"$i":"days-ago-long","$v":{"zero":"आज","one":"हिजो","two":[{"t":"idOrVar","v":"value"}," दिन पहिला"],"few":[{"t":"idOrVar","v":"value"}," दिन पहिला"],"many":[{"t":"idOrVar","v":"value"}," दिन पहिला"],"other":[{"t":"idOrVar","v":"value"}," दिन पहिला"]},"$x":[{"t":"idOrVar","v":"plural"},"value"]},{"$i":"weeks-ago-long","$v":{"zero":"यो हप्ता","one":"गत हप्ता","two":[{"t":"idOrVar","v":"value"}," हप्ता पहिला"],"few":[{"t":"idOrVar","v":"value"}," हप्ता पहिला"],"many":[{"t":"idOrVar","v":"value"}," हप्ता पहिला"],"other":[{"t":"idOrVar","v":"value"}," हप्ता पहिला"]},"$x":[{"t":"idOrVar","v":"plural"},"value"]},{"$i":"months-ago-long","$v":{"zero":"यो महिना","one":"गत महिना","two":[{"t":"idOrVar","v":"value"}," महिना पहिला"],"few":[{"t":"idOrVar","v":"value"}," महिना पहिला"],"many":[{"t":"idOrVar","v":"value"}," महिना पहिला"],"other":[{"t":"idOrVar","v":"value"}," महिना पहिला"]},"$x":[{"t":"idOrVar","v":"plural"},"value"]},{"$i":"years-ago-long","$v":{"zero":"यो वर्ष","one":"गएको वर्ष","two":[{"t":"idOrVar","v":"value"}," वर्ष पहिला"],"few":[{"t":"idOrVar","v":"value"}," वर्ष पहिला"],"many":[{"t":"idOrVar","v":"value"}," वर्ष पहिला"],"other":[{"t":"idOrVar","v":"value"}," वर्ष पहिला"]},"$x":[{"t":"idOrVar","v":"plural"},"value"]},{"$i":"minutes-until-long","$v":{"zero":"अहिले","one":"एक मिनेटमा","two":[{"t":"idOrVar","v":"value"}," मिनेटमा"],"few":[{"t":"idOrVar","v":"value"}," मिनेटमा"],"many":[{"t":"idOrVar","v":"value"}," मिनेटमा"],"other":[{"t":"idOrVar","v":"value"}," मिनेटमा"]},"$x":[{"t":"idOrVar","v":"plural"},"value"]},{"$i":"hours-until-long","$v":{"zero":"अहिले","one":"एक घण्टामा","two":[{"t":"idOrVar","v":"value"}," घण्टामा"],"few":[{"t":"idOrVar","v":"value"}," घण्टामा"],"many":[{"t":"idOrVar","v":"value"}," घण्टामा"],"other":[{"t":"idOrVar","v":"value"}," घण्टामा"]},"$x":[{"t":"idOrVar","v":"plural"},"value"]},{"$i":"days-until-long","$v":{"zero":"आज","one":"भोली","two":[{"t":"idOrVar","v":"value"}," दिनमा"],"few":[{"t":"idOrVar","v":"value"}," दिनमा"],"many":[{"t":"idOrVar","v":"value"}," दिनमा"],"other":[{"t":"idOrVar","v":"value"}," दिनमा"]},"$x":[{"t":"idOrVar","v":"plural"},"value"]},{"$i":"weeks-until-long","$v":{"zero":"यो हप्ता","one":"अर्को हप्ता","two":[{"t":"idOrVar","v":"value"}," हप्तामा"],"few":[{"t":"idOrVar","v":"value"}," हप्तामा"],"many":[{"t":"idOrVar","v":"value"}," हप्तामा"],"other":[{"t":"idOrVar","v":"value"}," हप्तामा"]},"$x":[{"t":"idOrVar","v":"plural"},"value"]},{"$i":"months-until-long","$v":{"zero":"यो महिना","one":"अर्को महिना","two":[{"t":"idOrVar","v":"value"}," महिनामा"],"few":[{"t":"idOrVar","v":"value"}," महिनामा"],"many":[{"t":"idOrVar","v":"value"}," महिनामा"],"other":[{"t":"idOrVar","v":"value"}," महिनामा"]},"$x":[{"t":"idOrVar","v":"plural"},"value"]},{"$i":"years-until-long","$v":{"zero":"यो वर्ष","one":"अर्को वर्ष","two":[{"t":"idOrVar","v":"value"}," वर्षमा"],"few":[{"t":"idOrVar","v":"value"}," वर्षमा"],"many":[{"t":"idOrVar","v":"value"}," वर्षमा"],"other":[{"t":"idOrVar","v":"value"}," वर्षमा"]},"$x":[{"t":"idOrVar","v":"plural"},"value"]},{"$i":"minutes-ago-short","$v":{"zero":"अहिले भर्खर","other":[{"t":"idOrVar","v":"value"}," मिनेट पहिला"]},"$x":[{"t":"idOrVar","v":"plural"},"value"]},{"$i":"hours-ago-short","$v":{"zero":"अहिले भर्खर","other":[{"t":"idOrVar","v":"value"},"घण्टा पहिला"]},"$x":[{"t":"idOrVar","v":"plural"},"value"]},{"$i":"days-ago-short","$v":{"zero":"आज","other":[{"t":"idOrVar","v":"value"},"दिन पहिला"]},"$x":[{"t":"idOrVar","v":"plural"},"value"]},{"$i":"minutes-until-short","$v":{"zero":"अहिले","other":[{"t":"idOrVar","v":"value"}," मिनेटमा"]},"$x":[{"t":"idOrVar","v":"plural"},"value"]},{"$i":"hours-until-short","$v":{"zero":"अहिले","other":[{"t":"idOrVar","v":"value"}," घण्टामा"]},"$x":[{"t":"idOrVar","v":"plural"},"value"]},{"$i":"days-until-short","$v":{"zero":"आज","other":[{"t":"idOrVar","v":"value"}," दिनमा"]},"$x":[{"t":"idOrVar","v":"plural"},"value"]},{"$i":"incorrectDate","$v":"(गलत मिति)"},{"$i":"dateTimeFormat_%c","$v":"%a %b %e %Y %I:%M:%S %p"},{"$i":"dateTimeFormat_%x","$v":"%m/%d/%Y"},{"$i":"dateTimeFormat_%X","$v":"%I:%M:%S %p"},{"$i":"shortTimeFormat","$v":"%I:%M %p"},{"$i":"shortTimeFormat12","$v":"%I:%M %p"},{"$i":"shortTimeFormat24","$v":"%H:%M"},{"$i":"shortDateTimeFormat","$v":"%x %I:%M %p"},{"$i":"weekStartsOnMonday","$v":"0"},{"$i":"firstDayOfTheWeek","$v":"0"},{"$i":"time_am","$v":"AM"},{"$i":"time_pm","$v":"PM"},{"$i":"stopped_download_title","$v":"डाउनलोड रोकियो"},{"$i":"tcl-stopped_download_message","$v":"यो डाउनलोडलाई रोकिएको थियो। तपाईं डाउनलोड फेरि सुरु गर्न चाहनुहुन्छ ?"},{"$i":"stopped_download_left_button","$v":"रद्द गर्नुहोस्"},{"$i":"stopped_download_right_button","$v":"फेरि प्रयास गर्नुहोस्"},{"$i":"failed_download_title","$v":"डाउनलोड असफल भयो"},{"$i":"failed_download_message","$v":[{"t":"idOrVar","v":"name"}," ले डाउनलोड गर्न सकेन डाउनलोडिङ् गर्न फेरी प्रयास गर्नुहोस् ?"]},{"$i":"failed_download_left_button","$v":"रद्द गर्नुहोस्"},{"$i":"failed_download_right_button","$v":"फेरि प्रयास गर्नुहोस्"},{"$i":"stop_download_title","$v":"डाउनलोड गर्न रोक्नुहोस्"},{"$i":"stop_download_message","$v":"तपाईं निश्चित रूपमा डाउनलोड रोक्न चाहनुहुन्छ ?"},{"$i":"stop_download_left_button","$v":"होइन"},{"$i":"stop_download_right_button","$v":"हो"},{"$i":"delete_download_title","$v":"मेट्नुहोस्"},{"$i":"delete_download_message","$v":[{"t":"idOrVar","v":"name"}," मेटाउनुहोस् ?"]},{"$i":"delete_download_left_button","$v":"रद्द गर्नुहोस्"},{"$i":"delete_download_right_button","$v":"मेट्नुहोस्"},{"$i":"delete_all_download_title","$v":"मेट्नुहोस्"},{"$i":"delete_all_download_left_button","$v":"रद्द गर्नुहोस्"},{"$i":"delete_all_download_right_button","$v":"मेट्नुहोस्"},{"$i":"delete_all_download_message","$v":{"zero":"कुनै पनि फाइलहरू नहटाउनुहोस् ?","one":"एउटा फाइल हटाउनुहोस् ?","two":[{"t":"idOrVar","v":"number"}," फाइलहरू हटाउनुहोस् ?"],"few":[{"t":"idOrVar","v":"number"}," फाइलहरू हटाउनुहोस् ?"],"many":[{"t":"idOrVar","v":"number"}," फाइलहरू हटाउनुहोस् ?"],"other":[{"t":"idOrVar","v":"number"}," फाइलहरू हटाउनुहोस् ?"]},"$x":[{"t":"idOrVar","v":"plural"},"number"]},{"$i":"unsupported_file_type_download_title","$v":"खोल्न असक्षम"},{"$i":"unsupported_file_type_download_message","$v":["त्यहाँ एप नै छैन् जस्ले ",{"t":"idOrVar","v":"name"}," लाई खोल्न सक्छ। के तपाईं फाइल बचत गर्न वा मेटाउन चाहनुहुन्छ ?"]},{"$i":"unsupported_file_type_download_left_button","$v":"फाइल राख्नुहोस्"},{"$i":"unsupported_file_type_download_right_button","$v":"मेट्नुहोस्"},{"$i":"file_not_found_download_title","$v":"फाइल फेला परेन"},{"$i":"file_not_found_download_message","$v":"यन्त्रमा कुनैपनि फाइलहरू पत्ता लगाउन सकेन"},{"$i":"file_not_found_download_right_button","$v":"ठीक छ"},{"$i":"unmounted_sdcard_2_download_title","$v":"मेमेरी कार्ड प्रयोगमा छ"},{"$i":"unmounted_sdcard_2_download_message","$v":"फोनलाई अनप्लग गर्नुहोस्"},{"$i":"unmounted_sdcard_2_download_right_button","$v":"ठीक छ"},{"$i":"no_provider_download_title","$v":"साझेदारी गर्न असमर्थ भयो"},{"$i":"no_provider_download_message","$v":"प्रदायकलाई फेला पारिएन"},{"$i":"no_provider_download_right_button","$v":"ठीक छ"},{"$i":"no_memory_download_title","$v":"SD कार्ड भरि छ"},{"$i":"no_memory_download_message","$v":"त्यहाँ तपाईंको डाउनलोड गरिएकालाई SD कार्डमा बचत गर्न थप कक्ष छैन्। कृपया डाउनलोड गर्नु भन्दा अगाडि कुनै फाइलहरूलाई हटाउनुहोस्।"},{"$i":"no_memory_download_right_button","$v":"ठीक छ"},{"$i":"no_sdcard_found_2_download_title","$v":"कुनै मेमोरी कार्ड भेट्टाइएन"},{"$i":"no_sdcard_found_2_download_message","$v":"सेटिङहरुमा एकआपस पुर्वनिर्धारित मिडिया स्थान चयन गर्नुहोस् वा मेमोरी कार्ड घुसाउनुहोस्"},{"$i":"no_sdcard_found_2_download_right_button","$v":"ठीक छ"},{"$i":"file_open_error_download_title","$v":"खोल्न असक्षम"},{"$i":"file_open_error_download_message","$v":"यो फाइल ढाँचा अमान्य छ वा समर्थन गर्न नसकिनेछ। तपाईं फाइल हटाउन चाहनुहुन्छ  ?"},{"$i":"file_open_error_download_left_button","$v":"फाइल राख्नुहोस्"},{"$i":"file_open_error_download_right_button","$v":"मेट्नुहोस्"},{"$i":"restart_download_error","$v":"डाउनलोडलाई प्रारम्भ गर्दा त्रुटि देखापर्यो। कृपया फेरि डाउनलोड गर्न प्रयास र्गर्नुहोस्।"},{"$i":"no-downloads","$v":"डाउनलोडहरू छैनन्"},{"$i":"byteUnit-B","$v":"B"},{"$i":"byteUnit-KB","$v":"KB"},{"$i":"byteUnit-MB","$v":"MB"},{"$i":"byteUnit-GB","$v":"GB"},{"$i":"byteUnit-TB","$v":"TB"},{"$i":"fileSize","$v":[{"t":"idOrVar","v":"size"}," ",{"t":"idOrVar","v":"unit"}]},{"$i":"percentage","$v":[{"t":"idOrVar","v":"percentage"}," %"]},{"$i":"partialResult","$v":[{"t":"idOrVar","v":"partial"}," / ",{"t":"idOrVar","v":"total"}]},{"$i":"summary","$v":[{"t":"idOrVar","v":"date"}," - ",{"t":"idOrVar","v":"status"}]},{"$i":"download-stopped","$v":"रोकियो"},{"$i":"download-failed","$v":"डाउनलोड असफल भयो"},{"$i":"open_downloaded_file","$v":"खोल्नुहोस्"},{"$i":"share_downloaded_file","$v":"साझेदारी"},{"$i":"wallpaper_downloaded_file","$v":"भित्तेकागजको रुपमा सेट गर्नुहोस्"},{"$i":"ringtone_downloaded_file","$v":"रिङ्गटोनको रूपमा सेट गर्नुहोस्"},{"$i":"cancel_downloaded_file","$v":"रद्द गर्नुहोस्"},{"$i":"select-download","$v":"डाउनलोड चयन गर्नुहोस्"},{"$i":"tcl-select-download","$v":"डाउनलोड चयन गर्नुहोस्"},{"$i":"tcl-ok","$v":"ठीक छ"},{"$i":"tcl-cancel","$v":"रद्द गर्नुहोस्"}]