[{"$i":"weekday-0-long","$v":"ରବିବାର"},{"$i":"weekday-1-long","$v":"ସୋମବାର"},{"$i":"weekday-2-long","$v":"ମଙ୍ଗଳବାର"},{"$i":"weekday-3-long","$v":"ବୁଧବାର"},{"$i":"weekday-4-long","$v":"ଗୁରୁବାର"},{"$i":"weekday-5-long","$v":"ଶୁକ୍ରବାର"},{"$i":"weekday-6-long","$v":"ଶନିବାର"},{"$i":"weekday-0-short","$v":"ରବି"},{"$i":"weekday-1-short","$v":"ସୋମ"},{"$i":"weekday-2-short","$v":"ମଙ୍ଗଳବାର"},{"$i":"weekday-3-short","$v":"ବୁଧ"},{"$i":"weekday-4-short","$v":"ଗୁରୁବାର"},{"$i":"weekday-5-short","$v":"ଶୁକ୍ର"},{"$i":"weekday-6-short","$v":"ଶନି"},{"$i":"month-0-long","$v":"ଜାନୁଆରୀ"},{"$i":"month-1-long","$v":"ଫେବୃଆରୀ"},{"$i":"month-2-long","$v":"ମାର୍ଚ୍ଚ"},{"$i":"month-3-long","$v":"ଏପ୍ରିଲ୍"},{"$i":"month-4-long","$v":"ମେ"},{"$i":"month-5-long","$v":"ଜୁନ୍"},{"$i":"month-6-long","$v":"ଜୁଲାଇ"},{"$i":"month-7-long","$v":"ଅଗଷ୍ଟ"},{"$i":"month-8-long","$v":"ସେପ୍ଟେମ୍ୱର୍"},{"$i":"month-9-long","$v":"ଅକ୍ଟୋବର"},{"$i":"month-10-long","$v":"ନଭେମ୍ୱର୍"},{"$i":"month-11-long","$v":"ଡିସେମ୍ଵର"},{"$i":"month-0-genitive","$v":"ଜାନୁଆରୀ"},{"$i":"month-1-genitive","$v":"ଫେବୃଆରୀ"},{"$i":"month-2-genitive","$v":"ମାର୍ଚ୍ଚ"},{"$i":"month-3-genitive","$v":"ଏପ୍ରିଲ୍"},{"$i":"month-4-genitive","$v":"ମେ"},{"$i":"month-5-genitive","$v":"ଜୁନ୍"},{"$i":"month-6-genitive","$v":"ଜୁଲାଇ"},{"$i":"month-7-genitive","$v":"ଅଗଷ୍ଟ"},{"$i":"month-8-genitive","$v":"ସେପ୍ଟେମ୍ୱର୍"},{"$i":"month-9-genitive","$v":"ଅକ୍ଟୋବର"},{"$i":"month-10-genitive","$v":"ନଭେମ୍ୱର୍"},{"$i":"month-11-genitive","$v":"ଡିସେମ୍ଵର"},{"$i":"month-0-short","$v":"ଜାନୁଆରୀ"},{"$i":"month-1-short","$v":"ଫେବୃଆରୀ"},{"$i":"month-2-short","$v":"ମାର୍ଚ୍ଚ"},{"$i":"month-3-short","$v":"ଏପ୍ରିଲ୍"},{"$i":"month-4-short","$v":"ମେ"},{"$i":"month-5-short","$v":"ଜୁନ୍"},{"$i":"month-6-short","$v":"ଜୁଲାଇ"},{"$i":"month-7-short","$v":"ଅଗଷ୍ଟ"},{"$i":"month-8-short","$v":"ସେପ୍ଟେମ୍ବର୍‌"},{"$i":"month-9-short","$v":"ଅକ୍ଟୋବର"},{"$i":"month-10-short","$v":"ନଭେମ୍ବର"},{"$i":"month-11-short","$v":"ଡିସେମ୍ବର"},{"$i":"minutes-ago-long","$v":{"zero":"ସାଙ୍ଗେସାଙ୍ଗେ","one":"ଏକ ମିନିଟ୍‌ ପୂର୍ବେ","two":[{"t":"idOrVar","v":"value"}," ମିନିଟ୍ ପୂର୍ବେ"],"few":[{"t":"idOrVar","v":"value"}," ମିନିଟ୍ ପୂର୍ବେ"],"many":[{"t":"idOrVar","v":"value"}," ମିନିଟ୍ ପୂର୍ବେ"],"other":[{"t":"idOrVar","v":"value"}," ମିନିଟ୍ ପୂର୍ବେ"]},"$x":[{"t":"idOrVar","v":"plural"},"value"]},{"$i":"hours-ago-long","$v":{"zero":"ସାଙ୍ଗେସାଙ୍ଗେ","one":"ଏକ ଘଣ୍ଟା ପୂର୍ବେ","two":[{"t":"idOrVar","v":"value"}," ଘଣ୍ଟା ପୂର୍ବେ"],"few":[{"t":"idOrVar","v":"value"}," ଘଣ୍ଟା ପୂର୍ବେ"],"many":[{"t":"idOrVar","v":"value"}," ଘଣ୍ଟା ପୂର୍ବେ"],"other":[{"t":"idOrVar","v":"value"}," ଘଣ୍ଟା ପୂର୍ବେ"]},"$x":[{"t":"idOrVar","v":"plural"},"value"]},{"$i":"days-ago-long","$v":{"zero":"ଆଜି","one":"ଗତକାଲି","two":[{"t":"idOrVar","v":"value"}," ଦିନ ପୂର୍ବେ"],"few":[{"t":"idOrVar","v":"value"}," ଦିନ ପୂର୍ବେ"],"many":[{"t":"idOrVar","v":"value"}," ଦିନ ପୂର୍ବେ"],"other":[{"t":"idOrVar","v":"value"}," ଦିନ ପୂର୍ବେ"]},"$x":[{"t":"idOrVar","v":"plural"},"value"]},{"$i":"weeks-ago-long","$v":{"zero":"ଏହି ସପ୍ତାହ","one":"ଗତ ସପ୍ତାହ","two":[{"t":"idOrVar","v":"value"}," ସପ୍ତାହ ପୂର୍ବେ"],"few":[{"t":"idOrVar","v":"value"}," ସପ୍ତାହ ପୂର୍ବେ"],"many":[{"t":"idOrVar","v":"value"}," ସପ୍ତାହ ପୂର୍ବେ"],"other":[{"t":"idOrVar","v":"value"}," ସପ୍ତାହ ପୂର୍ବେ"]},"$x":[{"t":"idOrVar","v":"plural"},"value"]},{"$i":"months-ago-long","$v":{"zero":"ଏହି ମାସ","one":"ଗତ ମାସ","two":[{"t":"idOrVar","v":"value"}," ମାସ ପୂର୍ବେ"],"few":[{"t":"idOrVar","v":"value"}," ମାସ ପୂର୍ବେ"],"many":[{"t":"idOrVar","v":"value"}," ମାସ ପୂର୍ବେ"],"other":[{"t":"idOrVar","v":"value"}," ମାସ ପୂର୍ବେ"]},"$x":[{"t":"idOrVar","v":"plural"},"value"]},{"$i":"years-ago-long","$v":{"zero":"ଏହି ବର୍ଷ","one":"ଗତ ବର୍ଷ","two":[{"t":"idOrVar","v":"value"}," ବର୍ଷ ପୂର୍ବେ"],"few":[{"t":"idOrVar","v":"value"}," ବର୍ଷ ପୂର୍ବେ"],"many":[{"t":"idOrVar","v":"value"}," ବର୍ଷ ପୂର୍ବେ"],"other":[{"t":"idOrVar","v":"value"}," ବର୍ଷ ପୂର୍ବେ"]},"$x":[{"t":"idOrVar","v":"plural"},"value"]},{"$i":"minutes-until-long","$v":{"zero":"ବର୍ତ୍ତମାନ","one":"ଏକ ମିନିଟ୍‌ ରେ","two":[{"t":"idOrVar","v":"value"}," ମିନିଟ୍‌ରେ"],"few":[{"t":"idOrVar","v":"value"}," ମିନିଟ୍‌ରେ"],"many":[{"t":"idOrVar","v":"value"}," ମିନିଟ୍‌ରେ"],"other":[{"t":"idOrVar","v":"value"}," ମିନିଟ୍‌ରେ"]},"$x":[{"t":"idOrVar","v":"plural"},"value"]},{"$i":"hours-until-long","$v":{"zero":"ବର୍ତ୍ତମାନ","one":"ଏକ ଘଣ୍ଟାରେ","two":[{"t":"idOrVar","v":"value"}," ଘଣ୍ଟାରେ"],"few":[{"t":"idOrVar","v":"value"}," ଘଣ୍ଟାରେ"],"many":[{"t":"idOrVar","v":"value"}," ଘଣ୍ଟାରେ"],"other":[{"t":"idOrVar","v":"value"}," ଘଣ୍ଟାରେ"]},"$x":[{"t":"idOrVar","v":"plural"},"value"]},{"$i":"days-until-long","$v":{"zero":"ଆଜି","one":"ଆସନ୍ତାକାଲି","two":[{"t":"idOrVar","v":"value"}," ଦିନରେ"],"few":[{"t":"idOrVar","v":"value"}," ଦିନରେ"],"many":[{"t":"idOrVar","v":"value"}," ଦିନରେ"],"other":[{"t":"idOrVar","v":"value"}," ଦିନରେ"]},"$x":[{"t":"idOrVar","v":"plural"},"value"]},{"$i":"weeks-until-long","$v":{"zero":"ଏହି ସପ୍ତାହ","one":"ପରବର୍ତ୍ତୀ ସପ୍ତାହ","two":[{"t":"idOrVar","v":"value"}," ସପ୍ତାହରେ"],"few":[{"t":"idOrVar","v":"value"}," ସପ୍ତାହରେ"],"many":[{"t":"idOrVar","v":"value"}," ସପ୍ତାହରେ"],"other":[{"t":"idOrVar","v":"value"}," ସପ୍ତାହରେ"]},"$x":[{"t":"idOrVar","v":"plural"},"value"]},{"$i":"months-until-long","$v":{"zero":"ଏହି ମାସ","one":"ପରବର୍ତ୍ତୀ ମାସ","two":[{"t":"idOrVar","v":"value"}," ମାସରେ"],"few":[{"t":"idOrVar","v":"value"}," ମାସରେ"],"many":[{"t":"idOrVar","v":"value"}," ମାସରେ"],"other":[{"t":"idOrVar","v":"value"}," ମାସରେ"]},"$x":[{"t":"idOrVar","v":"plural"},"value"]},{"$i":"years-until-long","$v":{"zero":"ଏହି ବର୍ଷ","one":"ପରବର୍ତ୍ତୀ ବର୍ଷ","two":[{"t":"idOrVar","v":"value"}," ବର୍ଷରେ"],"few":[{"t":"idOrVar","v":"value"}," ବର୍ଷରେ"],"many":[{"t":"idOrVar","v":"value"}," ବର୍ଷରେ"],"other":[{"t":"idOrVar","v":"value"}," ବର୍ଷରେ"]},"$x":[{"t":"idOrVar","v":"plural"},"value"]},{"$i":"minutes-ago-short","$v":{"zero":"ସାଙ୍ଗେସାଙ୍ଗେ","other":[{"t":"idOrVar","v":"value"},"m ପୂର୍ବେ"]},"$x":[{"t":"idOrVar","v":"plural"},"value"]},{"$i":"hours-ago-short","$v":{"zero":"ସାଙ୍ଗେସାଙ୍ଗେ","other":[{"t":"idOrVar","v":"value"},"h ପୂର୍ବେ"]},"$x":[{"t":"idOrVar","v":"plural"},"value"]},{"$i":"days-ago-short","$v":{"zero":"ଆଜି","other":[{"t":"idOrVar","v":"value"},"d ପୂର୍ବେ"]},"$x":[{"t":"idOrVar","v":"plural"},"value"]},{"$i":"minutes-until-short","$v":{"zero":"ବର୍ତ୍ତମାନ","other":[{"t":"idOrVar","v":"value"}," ମାସରେ"]},"$x":[{"t":"idOrVar","v":"plural"},"value"]},{"$i":"hours-until-short","$v":{"zero":"ବର୍ତ୍ତମାନ","other":[{"t":"idOrVar","v":"value"}," ଘଣ୍ଟାରେ"]},"$x":[{"t":"idOrVar","v":"plural"},"value"]},{"$i":"days-until-short","$v":{"zero":"ଆଜି","other":[{"t":"idOrVar","v":"value"}," ଦିନରେ"]},"$x":[{"t":"idOrVar","v":"plural"},"value"]},{"$i":"incorrectDate","$v":"(ଭୁଲ୍ ତାରିଖ)"},{"$i":"dateTimeFormat_%c","$v":"%a %b %e %Y %I:%M:%S %p"},{"$i":"dateTimeFormat_%x","$v":"%m/%d/%Y"},{"$i":"dateTimeFormat_%X","$v":"%I:%M:%S %p"},{"$i":"shortTimeFormat","$v":"%I:%M %p"},{"$i":"shortTimeFormat12","$v":"%I:%M %p"},{"$i":"shortTimeFormat24","$v":"%H:%M"},{"$i":"shortDateTimeFormat","$v":"%x %I:%M %p"},{"$i":"weekStartsOnMonday","$v":"0"},{"$i":"firstDayOfTheWeek","$v":"0"},{"$i":"time_am","$v":"AM"},{"$i":"time_pm","$v":"PM"},{"$i":"stopped_download_title","$v":"ଡାଉନଲୋଡ୍ ସ୍ଥଗିତ ହୋଇଛି"},{"$i":"tcl-stopped_download_message","$v":"ଏହି ଡାଉନଲୋଡ୍ ସ୍ଥଗିତ ହୋଇଥିଲା। ଆପଣ ଡାଉନଲୋଡ୍ ପୁନରାରମ୍ଭ କରିବାକୁ ଚାହାଁନ୍ତି ?"},{"$i":"stopped_download_left_button","$v":"ବାତିଲ କରନ୍ତୁ"},{"$i":"stopped_download_right_button","$v":"ପୁନର୍ବାର ଚେଷ୍ଟା କରନ୍ତୁ"},{"$i":"failed_download_title","$v":"ଡାଉନଲୋଡ୍ ବିଫଳ ହୋଇଛି"},{"$i":"failed_download_message","$v":[{"t":"idOrVar","v":"name"}," ଡାଉନଲୋଡ୍ କରିବାକୁ ବିଫଳ ହୋଇଛି। ପୁନଃ ଡାଉନଲୋଡ୍ କରିବାକୁ ଚେଷ୍ଟା କରନ୍ତୁ |"]},{"$i":"failed_download_left_button","$v":"ବାତିଲ କରନ୍ତୁ"},{"$i":"failed_download_right_button","$v":"ପୁନର୍ବାର ଚେଷ୍ଟା କରନ୍ତୁ"},{"$i":"stop_download_title","$v":"ଡାଉନଲୋଡ୍ ବନ୍ଦ କରନ୍ତୁ"},{"$i":"stop_download_message","$v":"ଆପଣ ଡାଉନଲୋଡ୍ ସ୍ଥଗିତ କରିବାକୁ ଚାହାଁନ୍ତି କି ?"},{"$i":"stop_download_left_button","$v":"ନାହିଁ"},{"$i":"stop_download_right_button","$v":"ହଁ"},{"$i":"delete_download_title","$v":"ବିଲୋପ କରନ୍ତୁ"},{"$i":"delete_download_message","$v":[{"t":"idOrVar","v":"name"}," ବିଲୋପ କରିବେ ?"]},{"$i":"delete_download_left_button","$v":"ବାତିଲ କରନ୍ତୁ"},{"$i":"delete_download_right_button","$v":"ବିଲୋପ କରନ୍ତୁ"},{"$i":"delete_all_download_title","$v":"ବିଲୋପ କରନ୍ତୁ"},{"$i":"delete_all_download_left_button","$v":"ବାତିଲ କରନ୍ତୁ"},{"$i":"delete_all_download_right_button","$v":"ବିଲୋପ କରନ୍ତୁ"},{"$i":"delete_all_download_message","$v":{"zero":"କୌଣସି ଫାଇଲ୍‌ ବିଲୋପ କରିବେ ନାହିଁ ?","one":"ଏକ ଫାଇଲ୍ ବିଲୋପ କରିବେ ?","two":[{"t":"idOrVar","v":"number"}," ଫାଇଲଗୁଡିକ ବିଲୋପ କରିବେ ?"],"few":[{"t":"idOrVar","v":"number"}," ଫାଇଲଗୁଡିକ ବିଲୋପ କରିବେ ?"],"many":[{"t":"idOrVar","v":"number"}," ଫାଇଲଗୁଡିକ ବିଲୋପ କରିବେ ?"],"other":[{"t":"idOrVar","v":"number"}," ଫାଇଲଗୁଡିକ ବିଲୋପ କରିବେ ?"]},"$x":[{"t":"idOrVar","v":"plural"},"number"]},{"$i":"unsupported_file_type_download_title","$v":"ଖୋଲିବାକୁ ଅସମର୍ଥ ହୋଇଛି"},{"$i":"unsupported_file_type_download_message","$v":[{"t":"idOrVar","v":"name"}," ଖୋଲିବାକୁ କୌଣସି ଆପ୍ ନାହିଁ। ଆପଣ ଏହି ଫାଇଲ୍ ସେଭ୍ କିମ୍ୱା ଏହାକୁ ବିଲୋପ କରିବାକୁ ଚାହାଁନ୍ତି ?"]},{"$i":"unsupported_file_type_download_left_button","$v":"ଫାଇଲଗୁଡିକ ରଖନ୍ତୁ"},{"$i":"unsupported_file_type_download_right_button","$v":"ବିଲୋପ କରନ୍ତୁ"},{"$i":"file_not_found_download_title","$v":"ଫାଇଲ୍‍ ମିଳିଲା ନାହିଁ"},{"$i":"file_not_found_download_message","$v":"ଡିଭାଇସରେ ଫାଇଲ୍ ମିଳିଲା ନାହିଁ"},{"$i":"file_not_found_download_right_button","$v":"ଓକେ"},{"$i":"unmounted_sdcard_2_download_title","$v":"ମେମୋରୀ କାର୍ଡ଼ ବ୍ୟବହାରରେ ଅଛି"},{"$i":"unmounted_sdcard_2_download_message","$v":"ଫୋନ୍ ଅନ୍‌ପ୍ଲଗ୍‌ କରନ୍ତୁ"},{"$i":"unmounted_sdcard_2_download_right_button","$v":"ଓକେ"},{"$i":"no_provider_download_title","$v":"ଅଂଶୀଦାର କରିବାକୁ ଅସମର୍ଥ"},{"$i":"no_provider_download_message","$v":"କୌଣସି ପ୍ରଦାନକାରୀ ମିଳିଲା ନାହିଁ"},{"$i":"no_provider_download_right_button","$v":"ଓକେ"},{"$i":"no_memory_download_title","$v":"SD କାର୍ଡ୍ ପୂର୍ଣ୍ଣ ଅଛି"},{"$i":"no_memory_download_message","$v":"ଆପଣଙ୍କ ଡାଉନଲୋଡ୍ ସେଭ୍ କରିବାକୁ ଆପଣଙ୍କ SD କାର୍ଡରେ ସ୍ଥାନ ନାହିଁ। ଡାଉନଲୋଡ୍ ଆରମ୍ଭ କରିବା ପୂର୍ବରୁ ଦୟାକରି କିଛି ଫାଇଲ୍‌ ଅପସାରଣ କରନ୍ତୁ |"},{"$i":"no_memory_download_right_button","$v":"ଓକେ"},{"$i":"no_sdcard_found_2_download_title","$v":"କୌଣସି ମେମୋ‌ରୀ କାର୍ଡ୍ ମିଳିଲା ନାହିଁ"},{"$i":"no_sdcard_found_2_download_message","$v":"ଏକ ମେମୋରୀ କାର୍ଡ୍‌ ପ୍ରବେଶ କରନ୍ତୁ କିମ୍ୱା ସେଟିଂସରେ ଏକ ବିକଳ୍ପ ଡିଫଲ୍ଟ ମିଡିଆ ଅବସ୍ଥାନ ଚୟନ କରନ୍ତୁ"},{"$i":"no_sdcard_found_2_download_right_button","$v":"ଓକେ"},{"$i":"file_open_error_download_title","$v":"ଖୋଲିବାକୁ ଅସମର୍ଥ ହୋଇଛି"},{"$i":"file_open_error_download_message","$v":"ଏହି ଫାଇଲ୍ ଫର୍ମାଟ୍ ଅବୈଧ ଅଟେ କିମ୍ୱା ସମର୍ଥିତ ନୁହେଁ। ଆପଣ ଫାଇଲ୍ ବିଲୋପ କରିବାକୁ ଚାହାଁନ୍ତି କି  ?"},{"$i":"file_open_error_download_left_button","$v":"ଫାଇଲଗୁଡିକ ରଖନ୍ତୁ"},{"$i":"file_open_error_download_right_button","$v":"ବିଲୋପ କରନ୍ତୁ"},{"$i":"restart_download_error","$v":"ଡାଉନଲୋଡ୍ ପୁନଃଆରମ୍ଭ କରିବା ସମୟରେ ଏକ ତ୍ରୁଟି ହୋଇଥିଲା। ଦୟାକରି ପୁନଃ ଡାଉନଲୋଡ୍ କରିବାକୁ ଚେଷ୍ଟା କରନ୍ତୁ |"},{"$i":"no-downloads","$v":"କୌଣସି ଡାଉନଲୋଡ୍ ନାହିଁ"},{"$i":"byteUnit-B","$v":"B"},{"$i":"byteUnit-KB","$v":"KB"},{"$i":"byteUnit-MB","$v":"MB"},{"$i":"byteUnit-GB","$v":"GB"},{"$i":"byteUnit-TB","$v":"TB"},{"$i":"fileSize","$v":[{"t":"idOrVar","v":"size"}," ",{"t":"idOrVar","v":"unit"}]},{"$i":"percentage","$v":[{"t":"idOrVar","v":"percentage"}," %"]},{"$i":"partialResult","$v":[{"t":"idOrVar","v":"partial"}," / ",{"t":"idOrVar","v":"total"}]},{"$i":"summary","$v":[{"t":"idOrVar","v":"date"}," - ",{"t":"idOrVar","v":"status"}]},{"$i":"download-stopped","$v":"ବନ୍ଦ ହେଲା"},{"$i":"download-failed","$v":"ଡାଉନଲୋଡ୍ ବିଫଳ ହୋଇଛି"},{"$i":"open_downloaded_file","$v":"ଖୋଲନ୍ତୁ"},{"$i":"share_downloaded_file","$v":"ଅଂଶୀଦାର କରନ୍ତୁ"},{"$i":"wallpaper_downloaded_file","$v":"ୱାଲପେପର୍‌ ଭାବେ ସେଟ୍ କରନ୍ତୁ"},{"$i":"ringtone_downloaded_file","$v":"ରିଂଟୋନ୍‌ ଭାବେ ସେଟ୍‌ କରନ୍ତୁ"},{"$i":"cancel_downloaded_file","$v":"ବାତିଲ କରନ୍ତୁ"},{"$i":"select-download","$v":"ଡାଉନଲୋଡ୍ ଚୟନ କରନ୍ତୁ"},{"$i":"tcl-select-download","$v":"ଏକ ଡାଉନଲୋଡ୍ ଚୟନ କରନ୍ତୁ"},{"$i":"tcl-ok","$v":"ଓକେ"},{"$i":"tcl-cancel","$v":"ବାତିଲ କରନ୍ତୁ"}]