[{"$i":"weekday-0-long","$v":"ਐਤਵਾਰ"},{"$i":"weekday-1-long","$v":"ਸੋਮਵਾਰ"},{"$i":"weekday-2-long","$v":"ਮੰਗਲਵਾਰ"},{"$i":"weekday-3-long","$v":"ਬੁੱਧਵਾਰ"},{"$i":"weekday-4-long","$v":"ਵੀਰਵਾਰ"},{"$i":"weekday-5-long","$v":"ਸ਼ੁੱਕਰਵਾਰ"},{"$i":"weekday-6-long","$v":"ਸ਼ਨੀਵਾਰ"},{"$i":"weekday-0-short","$v":"ਐਤ"},{"$i":"weekday-1-short","$v":"ਸੋਮ"},{"$i":"weekday-2-short","$v":"ਮੰਗਲ"},{"$i":"weekday-3-short","$v":"ਬੁੱਧ"},{"$i":"weekday-4-short","$v":"ਵੀਰ"},{"$i":"weekday-5-short","$v":"ਸ਼ੁੱਕਰਵਾਰ"},{"$i":"weekday-6-short","$v":"ਸ਼ਨੀ"},{"$i":"month-0-long","$v":"ਜਨਵਰੀ"},{"$i":"month-1-long","$v":"ਫਰਵਰੀ"},{"$i":"month-2-long","$v":"ਮਾਰਚ"},{"$i":"month-3-long","$v":"ਅਪ੍ਰੈਲ"},{"$i":"month-4-long","$v":"ਮਈ"},{"$i":"month-5-long","$v":"ਜੂਨ"},{"$i":"month-6-long","$v":"ਜੁਲਾਈ"},{"$i":"month-7-long","$v":"ਅਗਸਤ"},{"$i":"month-8-long","$v":"ਸਤੰਬਰ"},{"$i":"month-9-long","$v":"ਅਕਤੂਬਰ"},{"$i":"month-10-long","$v":"ਨਵੰਬਰ"},{"$i":"month-11-long","$v":"ਦਸੰਬਰ"},{"$i":"month-0-genitive","$v":"ਜਨਵਰੀ"},{"$i":"month-1-genitive","$v":"ਫਰਵਰੀ"},{"$i":"month-2-genitive","$v":"ਮਾਰਚ"},{"$i":"month-3-genitive","$v":"ਅਪ੍ਰੈਲ"},{"$i":"month-4-genitive","$v":"ਮਈ"},{"$i":"month-5-genitive","$v":"ਜੂਨ"},{"$i":"month-6-genitive","$v":"ਜੁਲਾਈ"},{"$i":"month-7-genitive","$v":"ਅਗਸਤ"},{"$i":"month-8-genitive","$v":"ਸਤੰਬਰ"},{"$i":"month-9-genitive","$v":"ਅਕਤੂਬਰ"},{"$i":"month-10-genitive","$v":"ਨਵੰਬਰ"},{"$i":"month-11-genitive","$v":"ਦਸੰਬਰ"},{"$i":"month-0-short","$v":"ਜਨਵਰੀ"},{"$i":"month-1-short","$v":"ਫਰਵਰੀ"},{"$i":"month-2-short","$v":"ਮਾਰਚ"},{"$i":"month-3-short","$v":"ਅਪ੍ਰੈਲ"},{"$i":"month-4-short","$v":"ਮਈ"},{"$i":"month-5-short","$v":"ਜੂਨ"},{"$i":"month-6-short","$v":"ਜੁਲਾਈ"},{"$i":"month-7-short","$v":"ਅਗਸਤ"},{"$i":"month-8-short","$v":"ਸਤੰਬਰ"},{"$i":"month-9-short","$v":"ਅਕਤੂਬਰ"},{"$i":"month-10-short","$v":"ਨਵੰਬਰ"},{"$i":"month-11-short","$v":"ਦਸੰਬਰ"},{"$i":"minutes-ago-long","$v":{"zero":"ਸਿਰਫ਼ ਹੁਣ","one":"ਇੱਕ ਮਿੰਟ ਪਹਿਲਾਂ","two":[{"t":"idOrVar","v":"value"}," ਮਿੰਟ ਪਹਿਲਾਂ"],"few":[{"t":"idOrVar","v":"value"}," ਮਿੰਟ ਪਹਿਲਾਂ"],"many":[{"t":"idOrVar","v":"value"}," ਮਿੰਟ ਪਹਿਲਾਂ"],"other":[{"t":"idOrVar","v":"value"}," ਮਿੰਟ ਪਹਿਲਾਂ"]},"$x":[{"t":"idOrVar","v":"plural"},"value"]},{"$i":"hours-ago-long","$v":{"zero":"ਸਿਰਫ਼ ਹੁਣ","one":"ਇੱਕ ਘੰਟਾ ਪਹਿਲਾਂ","two":[{"t":"idOrVar","v":"value"}," ਘੰਟੇ ਪਹਿਲਾਂ"],"few":[{"t":"idOrVar","v":"value"}," ਘੰਟੇ ਪਹਿਲਾਂ"],"many":[{"t":"idOrVar","v":"value"}," ਘੰਟੇ ਪਹਿਲਾਂ"],"other":[{"t":"idOrVar","v":"value"}," ਘੰਟੇ ਪਹਿਲਾਂ"]},"$x":[{"t":"idOrVar","v":"plural"},"value"]},{"$i":"days-ago-long","$v":{"zero":"ਅੱਜ","one":"ਗੁਜ਼ਰਿਆ ਹੋਇਆ ਕੱਲ","two":[{"t":"idOrVar","v":"value"}," ਦਿਨ ਪਹਿਲਾਂ"],"few":[{"t":"idOrVar","v":"value"}," ਦਿਨ ਪਹਿਲਾਂ"],"many":[{"t":"idOrVar","v":"value"}," ਦਿਨ ਪਹਿਲਾਂ"],"other":[{"t":"idOrVar","v":"value"}," ਦਿਨ ਪਹਿਲਾਂ"]},"$x":[{"t":"idOrVar","v":"plural"},"value"]},{"$i":"weeks-ago-long","$v":{"zero":"ਇਹ ਹਫ਼ਤਾ","one":"ਪਿਛਲਾ ਹਫ਼ਤਾ","two":[{"t":"idOrVar","v":"value"}," ਹਫ਼ਤੇ ਪਹਿਲਾਂ"],"few":[{"t":"idOrVar","v":"value"}," ਹਫ਼ਤੇ ਪਹਿਲਾਂ"],"many":[{"t":"idOrVar","v":"value"}," ਹਫ਼ਤੇ ਪਹਿਲਾਂ"],"other":[{"t":"idOrVar","v":"value"}," ਹਫ਼ਤੇ ਪਹਿਲਾਂ"]},"$x":[{"t":"idOrVar","v":"plural"},"value"]},{"$i":"months-ago-long","$v":{"zero":"ਇਹ ਮਹੀਨਾ","one":"ਪਿਛਲਾ ਮਹੀਨਾ","two":[{"t":"idOrVar","v":"value"}," ਮਹੀਨੇ ਮਹੀਨਾ"],"few":[{"t":"idOrVar","v":"value"}," ਮਹੀਨੇ ਮਹੀਨਾ"],"many":[{"t":"idOrVar","v":"value"}," ਮਹੀਨੇ ਮਹੀਨਾ"],"other":[{"t":"idOrVar","v":"value"}," ਮਹੀਨੇ ਮਹੀਨਾ"]},"$x":[{"t":"idOrVar","v":"plural"},"value"]},{"$i":"years-ago-long","$v":{"zero":"ਇਹ ਸਾਲ","one":"ਪਿਛਲਾ ਸਾਲ","two":[{"t":"idOrVar","v":"value"}," ਸਾਲ ਪਹਿਲਾਂ"],"few":[{"t":"idOrVar","v":"value"}," ਸਾਲ ਪਹਿਲਾਂ"],"many":[{"t":"idOrVar","v":"value"}," ਸਾਲ ਪਹਿਲਾਂ"],"other":[{"t":"idOrVar","v":"value"}," ਸਾਲ ਪਹਿਲਾਂ"]},"$x":[{"t":"idOrVar","v":"plural"},"value"]},{"$i":"minutes-until-long","$v":{"zero":"ਹੁਣ","one":"ਇੱਕ ਮਿੰਟ ਵਿੱਚ","two":[{"t":"idOrVar","v":"value"}," ਮਿੰਟਾਂ ਵਿੱਚ"],"few":[{"t":"idOrVar","v":"value"}," ਮਿੰਟਾਂ ਵਿੱਚ"],"many":[{"t":"idOrVar","v":"value"}," ਮਿੰਟਾਂ ਵਿੱਚ"],"other":[{"t":"idOrVar","v":"value"}," ਮਿੰਟਾਂ ਵਿੱਚ"]},"$x":[{"t":"idOrVar","v":"plural"},"value"]},{"$i":"hours-until-long","$v":{"zero":"ਹੁਣ","one":"ਇੱਕ ਘੰਟੇ ਵਿੱਚ","two":[{"t":"idOrVar","v":"value"}," ਘੰਟਿਆਂ ਵਿੱਚ"],"few":[{"t":"idOrVar","v":"value"}," ਘੰਟਿਆਂ ਵਿੱਚ"],"many":[{"t":"idOrVar","v":"value"}," ਘੰਟਿਆਂ ਵਿੱਚ"],"other":[{"t":"idOrVar","v":"value"}," ਘੰਟਿਆਂ ਵਿੱਚ"]},"$x":[{"t":"idOrVar","v":"plural"},"value"]},{"$i":"days-until-long","$v":{"zero":"ਅੱਜ","one":"ਆਉਣ ਵਾਲਾ ਕੱਲ","two":[{"t":"idOrVar","v":"value"}," ਦਿਨਾਂ ਵਿੱਚ"],"few":[{"t":"idOrVar","v":"value"}," ਦਿਨਾਂ ਵਿੱਚ"],"many":[{"t":"idOrVar","v":"value"}," ਦਿਨਾਂ ਵਿੱਚ"],"other":[{"t":"idOrVar","v":"value"}," ਦਿਨਾਂ ਵਿੱਚ"]},"$x":[{"t":"idOrVar","v":"plural"},"value"]},{"$i":"weeks-until-long","$v":{"zero":"ਇਹ ਹਫ਼ਤਾ","one":"ਅਗਲਾ ਹਫ਼ਤਾ","two":[{"t":"idOrVar","v":"value"}," ਹਫ਼ਤਿਆਂ ਵਿੱਚ"],"few":[{"t":"idOrVar","v":"value"}," ਹਫ਼ਤਿਆਂ ਵਿੱਚ"],"many":[{"t":"idOrVar","v":"value"}," ਹਫ਼ਤਿਆਂ ਵਿੱਚ"],"other":[{"t":"idOrVar","v":"value"}," ਹਫ਼ਤਿਆਂ ਵਿੱਚ"]},"$x":[{"t":"idOrVar","v":"plural"},"value"]},{"$i":"months-until-long","$v":{"zero":"ਇਹ ਮਹੀਨਾ","one":"ਅਗਲਾ ਮਹੀਨਾ","two":[{"t":"idOrVar","v":"value"}," ਮਹੀਨਿਆਂ ਵਿੱਚ"],"few":[{"t":"idOrVar","v":"value"}," ਮਹੀਨਿਆਂ ਵਿੱਚ"],"many":[{"t":"idOrVar","v":"value"}," ਮਹੀਨਿਆਂ ਵਿੱਚ"],"other":[{"t":"idOrVar","v":"value"}," ਮਹੀਨਿਆਂ ਵਿੱਚ"]},"$x":[{"t":"idOrVar","v":"plural"},"value"]},{"$i":"years-until-long","$v":{"zero":"ਇਹ ਸਾਲ","one":"ਅਗਲਾ ਸਾਲ","two":[{"t":"idOrVar","v":"value"}," ਸਾਲਾਂ ਵਿੱਚ"],"few":[{"t":"idOrVar","v":"value"}," ਸਾਲਾਂ ਵਿੱਚ"],"many":[{"t":"idOrVar","v":"value"}," ਸਾਲਾਂ ਵਿੱਚ"],"other":[{"t":"idOrVar","v":"value"}," ਸਾਲਾਂ ਵਿੱਚ"]},"$x":[{"t":"idOrVar","v":"plural"},"value"]},{"$i":"minutes-ago-short","$v":{"zero":"ਸਿਰਫ਼ ਹੁਣ","other":[{"t":"idOrVar","v":"value"}," ਮਿੰਟ ਪਹਿਲਾਂ"]},"$x":[{"t":"idOrVar","v":"plural"},"value"]},{"$i":"hours-ago-short","$v":{"zero":"ਸਿਰਫ਼ ਹੁਣ","other":[{"t":"idOrVar","v":"value"}," ਘੰਟਾ ਪਹਿਲਾਂ"]},"$x":[{"t":"idOrVar","v":"plural"},"value"]},{"$i":"days-ago-short","$v":{"zero":"ਅੱਜ","other":[{"t":"idOrVar","v":"value"}," ਦਿਨ ਪਹਿਲਾਂ"]},"$x":[{"t":"idOrVar","v":"plural"},"value"]},{"$i":"minutes-until-short","$v":{"zero":"ਹੁਣ","other":[{"t":"idOrVar","v":"value"}," ਮਿੰਟ ਵਿੱਚ"]},"$x":[{"t":"idOrVar","v":"plural"},"value"]},{"$i":"hours-until-short","$v":{"zero":"ਹੁਣ","other":[{"t":"idOrVar","v":"value"}," ਘੰਟੇ ਵਿੱਚ"]},"$x":[{"t":"idOrVar","v":"plural"},"value"]},{"$i":"days-until-short","$v":{"zero":"ਅੱਜ","other":[{"t":"idOrVar","v":"value"}," ਦਿਨ ਵਿੱਚ"]},"$x":[{"t":"idOrVar","v":"plural"},"value"]},{"$i":"incorrectDate","$v":"(ਗਲਤ ਮਿਤੀ)"},{"$i":"dateTimeFormat_%c","$v":"%a %b %e %Y %I:%M:%S %p"},{"$i":"dateTimeFormat_%x","$v":"%m/%d/%Y"},{"$i":"dateTimeFormat_%X","$v":"%I:%M:%S %p"},{"$i":"shortTimeFormat","$v":"%I:%M %p"},{"$i":"shortTimeFormat12","$v":"%I:%M %p"},{"$i":"shortTimeFormat24","$v":"%H:%M"},{"$i":"shortDateTimeFormat","$v":"%x %I:%M %p"},{"$i":"weekStartsOnMonday","$v":"0"},{"$i":"firstDayOfTheWeek","$v":"0"},{"$i":"time_am","$v":"AM"},{"$i":"time_pm","$v":"PM"},{"$i":"stopped_download_title","$v":"ਡਾਊਨਲੋਡ ਰੁਕ ਗਈ ਹੈ"},{"$i":"tcl-stopped_download_message","$v":"ਇਹ ਡਾਊਨਲੋਡ ਰੁਕ ਗਿਆ ਸੀ। ਕੀ ਤੁਸੀਂ ਡਾਊਨਲੋਡਿੰਗ ਦੁਬਾਰਾ ਚਾਲੂ ਕਰਨਾ ਚਾਹੋਗੇ?"},{"$i":"stopped_download_left_button","$v":"ਰੱਦ ਕਰੋ"},{"$i":"stopped_download_right_button","$v":"ਦੁਬਾਰਾ ਕੋਸ਼ਿਸ਼ ਕਰੋ"},{"$i":"failed_download_title","$v":"ਡਾਊਨਲੋਡ ਅਸਫਲ ਰਿਹਾ"},{"$i":"failed_download_message","$v":[{"t":"idOrVar","v":"name"}," ਡਾਊਨਲੋਡ ਕਰਨ ਵਿੱਚ ਅਸਫ਼ਲ ਦੁਬਾਰਾ ਡਾਊਨਲੋਡ ਕਰਨ ਦੀ ਕੋਸ਼ਿਸ਼ ਕਰੋ?"]},{"$i":"failed_download_left_button","$v":"ਰੱਦ ਕਰੋ"},{"$i":"failed_download_right_button","$v":"ਦੁਬਾਰਾ ਕੋਸ਼ਿਸ਼ ਕਰੋ"},{"$i":"stop_download_title","$v":"ਡਾਊਨਲੋਡ ਰੋਕੋ"},{"$i":"stop_download_message","$v":"ਕੀ ਤੁਸੀਂ ਡਾਊਨਲੋਡ ਰੋਕਣਾ ਚਾਹੁੰਦੇ ਹੋ?"},{"$i":"stop_download_left_button","$v":"ਨਹੀਂ"},{"$i":"stop_download_right_button","$v":"ਹਾਂ"},{"$i":"delete_download_title","$v":"ਮਿਟਾਓ"},{"$i":"delete_download_message","$v":[{"t":"idOrVar","v":"name"}," ਨੂੰ ਮਿਟਾਓ?"]},{"$i":"delete_download_left_button","$v":"ਰੱਦ ਕਰੋ"},{"$i":"delete_download_right_button","$v":"ਮਿਟਾਓ"},{"$i":"delete_all_download_title","$v":"ਮਿਟਾਓ"},{"$i":"delete_all_download_left_button","$v":"ਰੱਦ ਕਰੋ"},{"$i":"delete_all_download_right_button","$v":"ਮਿਟਾਓ"},{"$i":"delete_all_download_message","$v":{"zero":"ਕੋਈ ਫਾਈਲਾਂ ਨਾ ਮਿਟਾਓ?","one":"ਇੱਕ ਫਾਈਲ ਮਿਟਾਓ?","two":[{"t":"idOrVar","v":"number"}," ਫਾਈਲਾਂ ਨੂੰ ਮਿਟਾਓ?"],"few":[{"t":"idOrVar","v":"number"}," ਫਾਈਲਾਂ ਨੂੰ ਮਿਟਾਓ?"],"many":[{"t":"idOrVar","v":"number"}," ਫਾਈਲਾਂ ਨੂੰ ਮਿਟਾਓ?"],"other":[{"t":"idOrVar","v":"number"}," ਫਾਈਲਾਂ ਨੂੰ ਮਿਟਾਓ?"]},"$x":[{"t":"idOrVar","v":"plural"},"number"]},{"$i":"unsupported_file_type_download_title","$v":"ਖੋਲ੍ਹਣ ਵਿੱਚ ਅਸਮੱਰਥ"},{"$i":"unsupported_file_type_download_message","$v":["ਕੋਈ ਅਜਿਹੀ ਐਪ ਨਹੀਂ ਹੋ ਜੋ ",{"t":"idOrVar","v":"name"}," ਖੋਲ੍ਹ ਸਕੇ। ਕੀ ਤੁਸੀਂ ਫਾਇਲ ਸੇਵ ਕਰਨਾ ਜਾਂ ਮਿਟਾਉਣਾ ਚਾਹੁੰਦੇ ਹੋ?"]},{"$i":"unsupported_file_type_download_left_button","$v":"ਫਾਈਲ ਰੱਖੋ"},{"$i":"unsupported_file_type_download_right_button","$v":"ਮਿਟਾਓ"},{"$i":"file_not_found_download_title","$v":"ਫਾਈਲ ਨਹੀਂ ਮਿਲੀ"},{"$i":"file_not_found_download_message","$v":"ਫਾਇਲ ਡਿਵਾਇਸ ਤੇ ਨਹੀਂ ਮਿਲੀ"},{"$i":"file_not_found_download_right_button","$v":"ਠੀਕ ਹੈ"},{"$i":"unmounted_sdcard_2_download_title","$v":"ਮੈਮਰੀ ਕਾਰਡ ਵਰਤੋਂ ਵਿੱਚ ਹੈ"},{"$i":"unmounted_sdcard_2_download_message","$v":"ਫੋਨ ਨੂੰ ਅਨਪਲੱਗ ਕਰੋ"},{"$i":"unmounted_sdcard_2_download_right_button","$v":"ਠੀਕ ਹੈ"},{"$i":"no_provider_download_title","$v":"ਸਾਂਝਾ ਕਰਨ ਵਿੱਚ ਅਸਮੱਰਥ"},{"$i":"no_provider_download_message","$v":"ਕੋਈ ਪ੍ਰਦਾਤਾ ਨਹੀਂ ਮਿਲਿਆ"},{"$i":"no_provider_download_right_button","$v":"ਠੀਕ ਹੈ"},{"$i":"no_memory_download_title","$v":"SD ਕਾਰਡ ਭਰਿਆ ਹੈ"},{"$i":"no_memory_download_message","$v":"ਆਪਣਾ ਡਾਊਨਲੋਡ ਸੇਵ ਕਰਨ ਲਈ ਤੁਹਾਡੇ SD ਕਾਰਡ ਵਿੱਚ ਕੋਈ ਜਗ੍ਹਾ ਨਹੀਂ ਹੈ। ਕਿਰਪਾ ਕਰਕੇ ਡਾਊਨਲੋਡ ਦੁਬਾਰਾ ਸ਼ੁਰੂ ਕਰਨ ਤੋਂ ਪਹਿਲਾਂ ਕੁਝ ਫਾਇਲਾਂ ਹਟਾਓ।"},{"$i":"no_memory_download_right_button","$v":"ਠੀਕ ਹੈ"},{"$i":"no_sdcard_found_2_download_title","$v":"ਕੋਈ ਮੈਮਰੀ ਕਾਰਡ ਨਹੀਂ ਮਿਲਿਆ"},{"$i":"no_sdcard_found_2_download_message","$v":"ਮੈਮਰੀ ਕਾਰਡ ਪਾਓ ਜਾਂ ਸੈਟਿੰਗਸ ਵਿੱਚ ਬਦਲਵੀਂ ਡਿਫੌਲਟ ਮੀਡੀਆ ਲੋਕੇਸ਼ਨ ਚੁਣੋ"},{"$i":"no_sdcard_found_2_download_right_button","$v":"ਠੀਕ ਹੈ"},{"$i":"file_open_error_download_title","$v":"ਖੋਲ੍ਹਣ ਵਿੱਚ ਅਸਮੱਰਥ"},{"$i":"file_open_error_download_message","$v":"ਇਸ ਫਾਇਲ ਦਾ ਫਾਰਮੈਟ ਅਵੈਧ ਹੈ ਜਾਂ ਸਮੱਰਥਿਤ ਨਹੀਂ ਹੈ। ਕੀ ਤੁਸੀਂ ਫਾਇਲ ਮਿਟਾਉਣਾ ਚਾਹੁੰਦੇ ਹੋ ?"},{"$i":"file_open_error_download_left_button","$v":"ਫਾਈਲ ਰੱਖੋ"},{"$i":"file_open_error_download_right_button","$v":"ਮਿਟਾਓ"},{"$i":"restart_download_error","$v":"ਡਾਊਨਲੋਡ ਦੁਬਾਰਾ ਚਾਲੂ ਕਰਨ ਦੌਰਾਨ ਤਰੁੱਟੀ ਆਈ ਕਿਰਪਾ ਕਰਕੇ ਦੁਬਰਾ ਡਾਊਨਲੋਡ ਕਰਨ ਦੀ ਕੋਸ਼ਿਸ਼ ਕਰੋ।"},{"$i":"no-downloads","$v":"ਕੋਈ ਡਾਊਨਲੋਡ ਨਹੀਂ ਹੈ"},{"$i":"byteUnit-B","$v":"B"},{"$i":"byteUnit-KB","$v":"KB"},{"$i":"byteUnit-MB","$v":"MB"},{"$i":"byteUnit-GB","$v":"GB"},{"$i":"byteUnit-TB","$v":"TB"},{"$i":"fileSize","$v":[{"t":"idOrVar","v":"size"}," ",{"t":"idOrVar","v":"unit"}]},{"$i":"percentage","$v":[{"t":"idOrVar","v":"percentage"}," %"]},{"$i":"partialResult","$v":[{"t":"idOrVar","v":"partial"}," / ",{"t":"idOrVar","v":"total"}]},{"$i":"summary","$v":[{"t":"idOrVar","v":"date"}," - ",{"t":"idOrVar","v":"status"}]},{"$i":"download-stopped","$v":"ਰੁਕ ਗਿਆ ਹੈ"},{"$i":"download-failed","$v":"ਡਾਊਨਲੋਡ ਅਸਫਲ ਰਿਹਾ"},{"$i":"open_downloaded_file","$v":"ਖੋਲ੍ਹੋ"},{"$i":"share_downloaded_file","$v":"ਸਾਂਝਾ ਕਰੋ"},{"$i":"wallpaper_downloaded_file","$v":"ਵਾਲਪੇਪਰ ਦੇ ਤੌਰ ਤੇ ਸੈੱਟ ਕਰੋ"},{"$i":"ringtone_downloaded_file","$v":"ਰਿੰਗਟੋਨ ਦੇ ਤੌਰ ਤੇ ਸੈੱਟ ਕਰੋ"},{"$i":"cancel_downloaded_file","$v":"ਰੱਦ ਕਰੋ"},{"$i":"select-download","$v":"ਡਾਊਨਲੋਡ ਚੁਣੋ"},{"$i":"tcl-select-download","$v":"ਡਾਊਨਲੋਡ ਚੁਣੋ"},{"$i":"tcl-ok","$v":"ਠੀਕ ਹੈ"},{"$i":"tcl-cancel","$v":"ਰੱਦ ਕਰੋ"}]