[{"$i":"weekday-0-long","$v":"रविवासरः"},{"$i":"weekday-1-long","$v":"सोमवासरः"},{"$i":"weekday-2-long","$v":"मङ्गलवासरः"},{"$i":"weekday-3-long","$v":"बुधवासरः"},{"$i":"weekday-4-long","$v":"गुरुवासरः"},{"$i":"weekday-5-long","$v":"शुक्रवासरः"},{"$i":"weekday-6-long","$v":"शनिवासरः"},{"$i":"weekday-0-short","$v":"रविः"},{"$i":"weekday-1-short","$v":"सोम"},{"$i":"weekday-2-short","$v":"मंगलवारः"},{"$i":"weekday-3-short","$v":"मेल करनम्"},{"$i":"weekday-4-short","$v":"गुरुवारः"},{"$i":"weekday-5-short","$v":"शुक्र"},{"$i":"weekday-6-short","$v":"उपवेशितम्"},{"$i":"month-0-long","$v":"जनवरी"},{"$i":"month-1-long","$v":"फरवरी"},{"$i":"month-2-long","$v":"मार्च"},{"$i":"month-3-long","$v":"अप्रैल"},{"$i":"month-4-long","$v":"मई"},{"$i":"month-5-long","$v":"जून"},{"$i":"month-6-long","$v":"जुलाई"},{"$i":"month-7-long","$v":"अगस्त"},{"$i":"month-8-long","$v":"सितम्बरः"},{"$i":"month-9-long","$v":"अक्टूबरः"},{"$i":"month-10-long","$v":"नवम्बरः"},{"$i":"month-11-long","$v":"दिसम्बरः"},{"$i":"month-0-genitive","$v":"जनवरी"},{"$i":"month-1-genitive","$v":"फरवरी"},{"$i":"month-2-genitive","$v":"मार्च"},{"$i":"month-3-genitive","$v":"अप्रैल"},{"$i":"month-4-genitive","$v":"मई"},{"$i":"month-5-genitive","$v":"जून"},{"$i":"month-6-genitive","$v":"जुलाई"},{"$i":"month-7-genitive","$v":"अगस्त"},{"$i":"month-8-genitive","$v":"सितम्बरः"},{"$i":"month-9-genitive","$v":"अक्टूबरः"},{"$i":"month-10-genitive","$v":"नवम्बरः"},{"$i":"month-11-genitive","$v":"दिसम्बरः"},{"$i":"month-0-short","$v":"जनवरी"},{"$i":"month-1-short","$v":"फेव"},{"$i":"month-2-short","$v":"मार्च"},{"$i":"month-3-short","$v":"अप्रैल"},{"$i":"month-4-short","$v":"मई"},{"$i":"month-5-short","$v":"जनवरी"},{"$i":"month-6-short","$v":"जुलाई"},{"$i":"month-7-short","$v":"अगस्त"},{"$i":"month-8-short","$v":"सितम्बरः"},{"$i":"month-9-short","$v":"अक्टूबरः"},{"$i":"month-10-short","$v":"नवम्बरः"},{"$i":"month-11-short","$v":"डीईसी"},{"$i":"minutes-ago-long","$v":{"zero":"अधुना","one":"एकमिनट पूर्वम्","two":[{"t":"idOrVar","v":"value"}," मिनिटपूर्वम्"],"few":[{"t":"idOrVar","v":"value"}," मिनिटपूर्वम्"],"many":[{"t":"idOrVar","v":"value"}," मिनिटपूर्वम्"],"other":[{"t":"idOrVar","v":"value"}," मिनिटपूर्वम्"]},"$x":[{"t":"idOrVar","v":"plural"},"value"]},{"$i":"hours-ago-long","$v":{"zero":"अधुना","one":"एकघंटा पूर्वम्","two":[{"t":"idOrVar","v":"value"}," घटिकापूर्वम्"],"few":[{"t":"idOrVar","v":"value"}," घटिकापूर्वम्"],"many":[{"t":"idOrVar","v":"value"}," घटिकापूर्वम्"],"other":[{"t":"idOrVar","v":"value"}," घटिकापूर्वम्"]},"$x":[{"t":"idOrVar","v":"plural"},"value"]},{"$i":"days-ago-long","$v":{"zero":"अद्य","one":"ह्यः","two":[{"t":"idOrVar","v":"value"}," दिनपूर्वम्"],"few":[{"t":"idOrVar","v":"value"}," दिनपूर्वम्"],"many":[{"t":"idOrVar","v":"value"}," दिनपूर्वम्"],"other":[{"t":"idOrVar","v":"value"}," दिनपूर्वम्"]},"$x":[{"t":"idOrVar","v":"plural"},"value"]},{"$i":"weeks-ago-long","$v":{"zero":"अस्मिन् सप्ताहे","one":"ह्यः सप्ताहे","two":[{"t":"idOrVar","v":"value"}," सप्ताहपूर्वम्"],"few":[{"t":"idOrVar","v":"value"}," सप्ताहपूर्वम्"],"many":[{"t":"idOrVar","v":"value"}," सप्ताहपूर्वम्"],"other":[{"t":"idOrVar","v":"value"}," सप्ताहपूर्वम्"]},"$x":[{"t":"idOrVar","v":"plural"},"value"]},{"$i":"months-ago-long","$v":{"zero":"अस्मिन् मासे","one":"ह्यः मासे","two":[{"t":"idOrVar","v":"value"}," मासपूर्वम्"],"few":[{"t":"idOrVar","v":"value"}," मासपूर्वम्"],"many":[{"t":"idOrVar","v":"value"}," मासपूर्वम्"],"other":[{"t":"idOrVar","v":"value"}," मासपूर्वम्"]},"$x":[{"t":"idOrVar","v":"plural"},"value"]},{"$i":"years-ago-long","$v":{"zero":"अस्मिन् वर्षे","one":"ह्यः वर्षे","two":[{"t":"idOrVar","v":"value"}," वर्षपूर्वम्"],"few":[{"t":"idOrVar","v":"value"}," वर्षपूर्वम्"],"many":[{"t":"idOrVar","v":"value"}," वर्षपूर्वम्"],"other":[{"t":"idOrVar","v":"value"}," वर्षपूर्वम्"]},"$x":[{"t":"idOrVar","v":"plural"},"value"]},{"$i":"minutes-until-long","$v":{"zero":"अधुना","one":"एकमिनटमध्ये","two":[{"t":"idOrVar","v":"value"}," निमेषात्मके"],"few":[{"t":"idOrVar","v":"value"}," निमेषात्मके"],"many":[{"t":"idOrVar","v":"value"}," निमेषात्मके"],"other":[{"t":"idOrVar","v":"value"}," निमेषात्मके"]},"$x":[{"t":"idOrVar","v":"plural"},"value"]},{"$i":"hours-until-long","$v":{"zero":"अधुना","one":"एकघंटात्मके","two":[{"t":"idOrVar","v":"value"}," घंटात्मके"],"few":[{"t":"idOrVar","v":"value"}," घंटात्मके"],"many":[{"t":"idOrVar","v":"value"}," घंटात्मके"],"other":[{"t":"idOrVar","v":"value"}," घंटात्मके"]},"$x":[{"t":"idOrVar","v":"plural"},"value"]},{"$i":"days-until-long","$v":{"zero":"अद्य","one":"श्वः","two":[{"t":"idOrVar","v":"value"}," दिनात्मके"],"few":[{"t":"idOrVar","v":"value"}," दिनात्मके"],"many":[{"t":"idOrVar","v":"value"}," दिनात्मके"],"other":[{"t":"idOrVar","v":"value"}," दिनात्मके"]},"$x":[{"t":"idOrVar","v":"plural"},"value"]},{"$i":"weeks-until-long","$v":{"zero":"अस्मिन् सप्ताहे","one":"श्वः सप्ताहे","two":[{"t":"idOrVar","v":"value"}," सप्ताहात्मके"],"few":[{"t":"idOrVar","v":"value"}," सप्ताहात्मके"],"many":[{"t":"idOrVar","v":"value"}," सप्ताहात्मके"],"other":[{"t":"idOrVar","v":"value"}," सप्ताहात्मके"]},"$x":[{"t":"idOrVar","v":"plural"},"value"]},{"$i":"months-until-long","$v":{"zero":"अस्मिन् मासे","one":"श्वः मासे","two":[{"t":"idOrVar","v":"value"}," मासात्मके"],"few":[{"t":"idOrVar","v":"value"}," मासात्मके"],"many":[{"t":"idOrVar","v":"value"}," मासात्मके"],"other":[{"t":"idOrVar","v":"value"}," मासात्मके"]},"$x":[{"t":"idOrVar","v":"plural"},"value"]},{"$i":"years-until-long","$v":{"zero":"अस्मिन् वर्षे","one":"श्वः वर्षे","two":[{"t":"idOrVar","v":"value"}," वर्षात्मके"],"few":[{"t":"idOrVar","v":"value"}," वर्षात्मके"],"many":[{"t":"idOrVar","v":"value"}," वर्षात्मके"],"other":[{"t":"idOrVar","v":"value"}," वर्षात्मके"]},"$x":[{"t":"idOrVar","v":"plural"},"value"]},{"$i":"minutes-ago-short","$v":{"zero":"अधुना","other":[{"t":"idOrVar","v":"value"},"m पूर्वम्"]},"$x":[{"t":"idOrVar","v":"plural"},"value"]},{"$i":"hours-ago-short","$v":{"zero":"अधुना","other":[{"t":"idOrVar","v":"value"},"h पूर्वम्"]},"$x":[{"t":"idOrVar","v":"plural"},"value"]},{"$i":"days-ago-short","$v":{"zero":"अद्य","other":[{"t":"idOrVar","v":"value"},"d पूर्वम्"]},"$x":[{"t":"idOrVar","v":"plural"},"value"]},{"$i":"minutes-until-short","$v":{"zero":"अधुना","other":[{"t":"idOrVar","v":"value"}," m"]},"$x":[{"t":"idOrVar","v":"plural"},"value"]},{"$i":"hours-until-short","$v":{"zero":"अधुना","other":[{"t":"idOrVar","v":"value"}," h"]},"$x":[{"t":"idOrVar","v":"plural"},"value"]},{"$i":"days-until-short","$v":{"zero":"अद्य","other":[{"t":"idOrVar","v":"value"}," d"]},"$x":[{"t":"idOrVar","v":"plural"},"value"]},{"$i":"incorrectDate","$v":"(त्रुटिदिनांकः)"},{"$i":"dateTimeFormat_%c","$v":"%a %b %e %Y %I:%M:%S %p"},{"$i":"dateTimeFormat_%x","$v":"%m/%d/%Y"},{"$i":"dateTimeFormat_%X","$v":"%I:%M:%S %p"},{"$i":"shortTimeFormat","$v":"%I:%M %p"},{"$i":"shortTimeFormat12","$v":"%I:%M %p"},{"$i":"shortTimeFormat24","$v":"%H:%M"},{"$i":"shortDateTimeFormat","$v":"%x %I:%M %p"},{"$i":"weekStartsOnMonday","$v":"0"},{"$i":"firstDayOfTheWeek","$v":"0"},{"$i":"time_am","$v":"AM"},{"$i":"time_pm","$v":"PM"},{"$i":"stopped_download_title","$v":"डाउनलोड स्तब्धम्"},{"$i":"tcl-stopped_download_message","$v":"इमं डाउनलोडं पिधानकृतमासीत् । किं भवान् डाउनलोडकर्तुं प्रारब्धुमिच्छति?"},{"$i":"stopped_download_left_button","$v":"निरस्यताम्"},{"$i":"stopped_download_right_button","$v":"पुनः प्रयस्यताम्"},{"$i":"failed_download_title","$v":"डाउनलोड असफलम्"},{"$i":"failed_download_message","$v":[{"t":"idOrVar","v":"name"}," डाउनलोडकरणे असफलम्। पुनः डाउनलोडकर्तुं प्रयासः करणीयः?"]},{"$i":"failed_download_left_button","$v":"निरस्यताम्"},{"$i":"failed_download_right_button","$v":"पुनः प्रयस्यताम्"},{"$i":"stop_download_title","$v":"डाउनलोड स्तब्धं करोतु"},{"$i":"stop_download_message","$v":"किं भवान् निश्चयेन डाउनलोडं स्तब्धकर्तुमिच्छति?"},{"$i":"stop_download_left_button","$v":"मा भवतु"},{"$i":"stop_download_right_button","$v":"भवतु"},{"$i":"delete_download_title","$v":"लुप्यताम्"},{"$i":"delete_download_message","$v":[{"t":"idOrVar","v":"name"}," अपमर्जतु?"]},{"$i":"delete_download_left_button","$v":"निरस्यताम्"},{"$i":"delete_download_right_button","$v":"लुप्यताम्"},{"$i":"delete_all_download_title","$v":"लुप्यताम्"},{"$i":"delete_all_download_left_button","$v":"निरस्यताम्"},{"$i":"delete_all_download_right_button","$v":"लुप्यताम्"},{"$i":"delete_all_download_message","$v":{"zero":"नं. फाइलस अपमर्जतु?","one":"एकं फाइलम् अपमर्जतु?","two":[{"t":"idOrVar","v":"number"}," फाइलस अपमर्जतु?"],"few":[{"t":"idOrVar","v":"number"}," फाइलस अपमर्जतु?"],"many":[{"t":"idOrVar","v":"number"}," फाइलस अपमर्जतु?"],"other":[{"t":"idOrVar","v":"number"}," फाइलस अपमर्जतु?"]},"$x":[{"t":"idOrVar","v":"plural"},"number"]},{"$i":"unsupported_file_type_download_title","$v":"उद्‍घाटितुम् असमर्थम्"},{"$i":"unsupported_file_type_download_message","$v":["इत्थं किमपि ऐप नास्ति यत् ",{"t":"idOrVar","v":"name"}," उद्घाटयितुं शक्नोति। किं भवान् फ़ाइलं सुरक्षितुमिच्छति यद्वा अपसारयितुम्?"]},{"$i":"unsupported_file_type_download_left_button","$v":"फाइल स्थापयतु"},{"$i":"unsupported_file_type_download_right_button","$v":"लुप्यताम्"},{"$i":"file_not_found_download_title","$v":"फाइल न प्राप्तम्"},{"$i":"file_not_found_download_message","$v":"फ़ाइल डिवाइसमध्ये न प्राप्तम्"},{"$i":"file_not_found_download_right_button","$v":"नुदताम्"},{"$i":"unmounted_sdcard_2_download_title","$v":"उपयोगे मेमोरी कार्ड"},{"$i":"unmounted_sdcard_2_download_message","$v":"फोनम् अनप्लग करोतु"},{"$i":"unmounted_sdcard_2_download_right_button","$v":"नुदताम्"},{"$i":"no_provider_download_title","$v":"शेयरकर्तुम् असमर्थम्"},{"$i":"no_provider_download_message","$v":"कोऽपि प्रदाता न प्राप्तः"},{"$i":"no_provider_download_right_button","$v":"नुदताम्"},{"$i":"no_memory_download_title","$v":"SD कार्ड पूर्णम्"},{"$i":"no_memory_download_message","$v":"भवतः डाउनलोडं सुरक्षितुं भवतः SD कार्डमध्ये किमपि स्थानं नास्ति। कृपया डाउनलोडं पुनरारंभकरणात्पूर्वं किमपि फ़ाइलं निष्कासयतु।"},{"$i":"no_memory_download_right_button","$v":"नुदताम्"},{"$i":"no_sdcard_found_2_download_title","$v":"मेमोरिकार्ड न प्राप्तम्"},{"$i":"no_sdcard_found_2_download_message","$v":"मेमोरी कार्ड स्थापयतु यद्वा सेटिंग्समध्ये वैकल्पिकडिफ़ॉल्टमीडियायाः स्थानं चिनोतु"},{"$i":"no_sdcard_found_2_download_right_button","$v":"नुदताम्"},{"$i":"file_open_error_download_title","$v":"उद्‍घाटितुम् असमर्थम्"},{"$i":"file_open_error_download_message","$v":"इदं फ़ाइलप्रारूपम् अमान्यमस्ति यद्वा समर्थितं नास्ति । किं भवान् फाइलमिदं डिलिटकर्तुमिच्छति?"},{"$i":"file_open_error_download_left_button","$v":"फाइल स्थापयतु"},{"$i":"file_open_error_download_right_button","$v":"लुप्यताम्"},{"$i":"restart_download_error","$v":"डाउनलोडं पुनरारंभकरणसमये एका त्रुटिः जाता। कृपया पुनः डाउनलोडकर्तुं प्रयासं करोतु।"},{"$i":"no-downloads","$v":"किमपि डाउनलोडकृतं नास्ति"},{"$i":"byteUnit-B","$v":"B"},{"$i":"byteUnit-KB","$v":"KB"},{"$i":"byteUnit-MB","$v":"MB"},{"$i":"byteUnit-GB","$v":"GB"},{"$i":"byteUnit-TB","$v":"TB"},{"$i":"fileSize","$v":[{"t":"idOrVar","v":"size"}," ",{"t":"idOrVar","v":"unit"}]},{"$i":"percentage","$v":[{"t":"idOrVar","v":"percentage"}," %"]},{"$i":"partialResult","$v":[{"t":"idOrVar","v":"partial"}," / ",{"t":"idOrVar","v":"total"}]},{"$i":"summary","$v":[{"t":"idOrVar","v":"date"}," - ",{"t":"idOrVar","v":"status"}]},{"$i":"download-stopped","$v":"स्थगिता"},{"$i":"download-failed","$v":"डाउनलोड असफलम्"},{"$i":"open_downloaded_file","$v":"उद्घाट्यताम्"},{"$i":"share_downloaded_file","$v":"सभाज्यताम्"},{"$i":"wallpaper_downloaded_file","$v":"पटलचित्ररूपेण व्यवस्थाप्यताम्"},{"$i":"ringtone_downloaded_file","$v":"रिंगटोन व्यवस्थापयतु"},{"$i":"cancel_downloaded_file","$v":"निरस्यताम्"},{"$i":"select-download","$v":"डाउनलोडं चिनोतु"},{"$i":"tcl-select-download","$v":"डाउनलोडमेकं चिनोतु"},{"$i":"tcl-ok","$v":"नुदताम्"},{"$i":"tcl-cancel","$v":"निरस्यताम्"}]