[{"$i":"weekday-0-long","$v":"ᱥᱤᱸᱜᱮᱢᱟᱦᱟ"},{"$i":"weekday-1-long","$v":"ᱚᱛᱮᱢᱟᱦᱟ"},{"$i":"weekday-2-long","$v":"ᱵᱟᱞᱮᱢᱟᱦᱟ"},{"$i":"weekday-3-long","$v":"ᱥᱟᱹᱜᱩᱱᱢᱟᱦᱟ"},{"$i":"weekday-4-long","$v":"ᱥᱟᱨᱫᱤᱢᱟᱦᱟ"},{"$i":"weekday-5-long","$v":"ᱡᱟᱨᱩᱢᱢᱟᱦᱟ"},{"$i":"weekday-6-long","$v":"ᱧᱩᱦᱩᱢᱢᱟᱦᱟ"},{"$i":"weekday-0-short","$v":"ᱪᱟᱸᱫᱩ"},{"$i":"weekday-1-short","$v":"ᱢᱳᱱ"},{"$i":"weekday-2-short","$v":"ᱥᱟᱜᱩᱱ"},{"$i":"weekday-3-short","$v":"ᱥᱟᱜᱩᱱ"},{"$i":"weekday-4-short","$v":"ᱛᱷᱩ"},{"$i":"weekday-5-short","$v":"ᱜᱟᱛᱤ"},{"$i":"weekday-6-short","$v":"ᱥᱮᱴ"},{"$i":"month-0-long","$v":"ᱯᱩᱥ"},{"$i":"month-1-long","$v":"ᱢᱟᱜ"},{"$i":"month-2-long","$v":"ᱯᱷᱹᱟᱜᱩᱱ"},{"$i":"month-3-long","$v":"ᱪᱮᱛ"},{"$i":"month-4-long","$v":"ᱵᱮᱭᱥᱮᱠᱷ"},{"$i":"month-5-long","$v":"ᱡᱩᱥᱴᱤ"},{"$i":"month-6-long","$v":"ᱟᱥᱟᱲ"},{"$i":"month-7-long","$v":"ᱥᱚᱨᱟᱵᱚᱱ"},{"$i":"month-8-long","$v":"ᱵᱷᱟᱨᱫᱚᱨ"},{"$i":"month-9-long","$v":"ᱟᱥᱤᱱ"},{"$i":"month-10-long","$v":"ᱠᱟᱨᱛᱤᱠ"},{"$i":"month-11-long","$v":"ᱟᱜᱷᱟᱸᱲ"},{"$i":"month-0-genitive","$v":"ᱯᱩᱥ"},{"$i":"month-1-genitive","$v":"ᱢᱟᱜ"},{"$i":"month-2-genitive","$v":"ᱯᱷᱹᱟᱜᱩᱱ"},{"$i":"month-3-genitive","$v":"ᱪᱮᱛ"},{"$i":"month-4-genitive","$v":"ᱵᱮᱭᱥᱮᱠᱷ"},{"$i":"month-5-genitive","$v":"ᱡᱩᱥᱴᱤ"},{"$i":"month-6-genitive","$v":"ᱟᱥᱟᱲ"},{"$i":"month-7-genitive","$v":"ᱥᱚᱨᱟᱵᱚᱱ"},{"$i":"month-8-genitive","$v":"ᱵᱷᱟᱨᱫᱚᱨ"},{"$i":"month-9-genitive","$v":"ᱟᱥᱤᱱ"},{"$i":"month-10-genitive","$v":"ᱠᱟᱨᱛᱤᱠ"},{"$i":"month-11-genitive","$v":"ᱟᱜᱷᱟᱸᱲ"},{"$i":"month-0-short","$v":"ᱯᱩᱥ"},{"$i":"month-1-short","$v":"ᱢᱟᱜ"},{"$i":"month-2-short","$v":"ᱢᱟᱨ"},{"$i":"month-3-short","$v":"ᱪᱮᱛ"},{"$i":"month-4-short","$v":"ᱵᱮᱭᱥᱮᱠᱷ"},{"$i":"month-5-short","$v":"ᱡᱩᱥᱴᱤ"},{"$i":"month-6-short","$v":"ᱟᱥᱟᱲ"},{"$i":"month-7-short","$v":"ᱥᱚᱨᱟᱵᱚᱱ"},{"$i":"month-8-short","$v":"ᱥᱮᱯ"},{"$i":"month-9-short","$v":"ᱟᱥᱤᱱ"},{"$i":"month-10-short","$v":"ᱠᱟᱨᱛᱤᱠ"},{"$i":"month-11-short","$v":"ᱟᱜᱷᱟᱸᱲ"},{"$i":"minutes-ago-long","$v":{"zero":"ᱧᱤᱛ ᱜᱮ","one":"ᱢᱤᱛ ᱴᱤᱯᱤᱡ ᱞᱟᱦᱟ","two":[{"t":"idOrVar","v":"value"}," ᱪᱟᱞᱟᱣᱮᱱ ᱴᱤᱯᱤᱡ ᱠᱚ"],"few":[{"t":"idOrVar","v":"value"}," ᱪᱟᱞᱟᱣᱮᱱ ᱴᱤᱯᱤᱡ ᱠᱚ"],"many":[{"t":"idOrVar","v":"value"}," ᱪᱟᱞᱟᱣᱮᱱ ᱴᱤᱯᱤᱡ ᱠᱚ"],"other":[{"t":"idOrVar","v":"value"}," ᱪᱟᱞᱟᱣᱮᱱ ᱴᱤᱯᱤᱡ ᱠᱚ"]},"$x":[{"t":"idOrVar","v":"plural"},"value"]},{"$i":"hours-ago-long","$v":{"zero":"ᱧᱤᱛ ᱜᱮ","one":"ᱢᱤᱛ ᱜᱷᱚᱱᱴᱟ ᱞᱟᱦᱟ","two":[{"t":"idOrVar","v":"value"}," ᱪᱟᱞᱟᱣᱮᱱ ᱢᱟᱦᱟ ᱠᱚ"],"few":[{"t":"idOrVar","v":"value"}," ᱪᱟᱞᱟᱣᱮᱱ ᱢᱟᱦᱟ ᱠᱚ"],"many":[{"t":"idOrVar","v":"value"}," ᱪᱟᱞᱟᱣᱮᱱ ᱢᱟᱦᱟ ᱠᱚ"],"other":[{"t":"idOrVar","v":"value"}," ᱪᱟᱞᱟᱣᱮᱱ ᱢᱟᱦᱟ ᱠᱚ"]},"$x":[{"t":"idOrVar","v":"plural"},"value"]},{"$i":"days-ago-long","$v":{"zero":"ᱛᱤᱦᱤᱧ","one":"ᱦᱚᱞᱟ","two":[{"t":"idOrVar","v":"value"}," ᱢᱟᱦᱟ ᱠᱚ ᱞᱟᱦᱟ"],"few":[{"t":"idOrVar","v":"value"}," ᱢᱟᱦᱟ ᱠᱚ ᱞᱟᱦᱟ"],"many":[{"t":"idOrVar","v":"value"}," ᱢᱟᱦᱟ ᱠᱚ ᱞᱟᱦᱟ"],"other":[{"t":"idOrVar","v":"value"}," ᱢᱟᱦᱟ ᱠᱚ ᱞᱟᱦᱟ"]},"$x":[{"t":"idOrVar","v":"plural"},"value"]},{"$i":"weeks-ago-long","$v":{"zero":"ᱱᱚᱣᱟ ᱦᱚᱯᱛᱟ","one":"ᱢᱩᱪᱮᱫ ᱦᱚᱯᱛᱟ","two":[{"t":"idOrVar","v":"value"}," ᱪᱟᱞᱟᱣᱮᱱ ᱦᱚᱯᱛᱟ"],"few":[{"t":"idOrVar","v":"value"}," ᱪᱟᱞᱟᱣᱮᱱ ᱦᱚᱯᱛᱟ"],"many":[{"t":"idOrVar","v":"value"}," ᱪᱟᱞᱟᱣᱮᱱ ᱦᱚᱯᱛᱟ"],"other":[{"t":"idOrVar","v":"value"}," ᱪᱟᱞᱟᱣᱮᱱ ᱦᱚᱯᱛᱟ"]},"$x":[{"t":"idOrVar","v":"plural"},"value"]},{"$i":"months-ago-long","$v":{"zero":"ᱱᱚᱣᱟ ᱪᱟᱸᱫᱩ","one":"ᱢᱩᱪᱮᱫ ᱪᱟᱸᱫᱩ","two":[{"t":"idOrVar","v":"value"}," ᱪᱟᱞᱟᱣᱮᱱ ᱪᱟᱸᱫᱩ ᱠᱚ"],"few":[{"t":"idOrVar","v":"value"}," ᱪᱟᱞᱟᱣᱮᱱ ᱪᱟᱸᱫᱩ ᱠᱚ"],"many":[{"t":"idOrVar","v":"value"}," ᱪᱟᱞᱟᱣᱮᱱ ᱪᱟᱸᱫᱩ ᱠᱚ"],"other":[{"t":"idOrVar","v":"value"}," ᱪᱟᱞᱟᱣᱮᱱ ᱪᱟᱸᱫᱩ ᱠᱚ"]},"$x":[{"t":"idOrVar","v":"plural"},"value"]},{"$i":"years-ago-long","$v":{"zero":"ᱱᱚᱣᱟ ᱥᱮᱨᱢᱟ","one":"ᱢᱩᱪᱮᱫ ᱵᱚᱪᱷᱚᱨ","two":[{"t":"idOrVar","v":"value"}," ᱪᱟᱞᱟᱣᱮᱱ ᱥᱮᱨᱢᱟ"],"few":[{"t":"idOrVar","v":"value"}," ᱪᱟᱞᱟᱣᱮᱱ ᱥᱮᱨᱢᱟ"],"many":[{"t":"idOrVar","v":"value"}," ᱪᱟᱞᱟᱣᱮᱱ ᱥᱮᱨᱢᱟ"],"other":[{"t":"idOrVar","v":"value"}," ᱪᱟᱞᱟᱣᱮᱱ ᱥᱮᱨᱢᱟ"]},"$x":[{"t":"idOrVar","v":"plural"},"value"]},{"$i":"minutes-until-long","$v":{"zero":"ᱧᱤᱛ","one":"ᱴᱤᱯᱤᱡ ᱨᱮ","two":["ᱨᱮ ",{"t":"idOrVar","v":"value"}," ᱴᱤᱯᱤᱡ ᱠᱚ"],"few":["ᱨᱮ ",{"t":"idOrVar","v":"value"}," ᱴᱤᱯᱤᱡ ᱠᱚ"],"many":["ᱨᱮ ",{"t":"idOrVar","v":"value"}," ᱴᱤᱯᱤᱡ ᱠᱚ"],"other":["ᱨᱮ ",{"t":"idOrVar","v":"value"}," ᱴᱤᱯᱤᱡ ᱠᱚ"]},"$x":[{"t":"idOrVar","v":"plural"},"value"]},{"$i":"hours-until-long","$v":{"zero":"ᱧᱤᱛ","one":"ᱜᱷᱚᱱᱴᱟ ᱨᱮ","two":["ᱨᱮ ",{"t":"idOrVar","v":"value"}," ᱜᱷᱚᱱᱴᱟ ᱠᱚ"],"few":["ᱨᱮ ",{"t":"idOrVar","v":"value"}," ᱜᱷᱚᱱᱴᱟ ᱠᱚ"],"many":["ᱨᱮ ",{"t":"idOrVar","v":"value"}," ᱜᱷᱚᱱᱴᱟ ᱠᱚ"],"other":["ᱨᱮ ",{"t":"idOrVar","v":"value"}," ᱜᱷᱚᱱᱴᱟ ᱠᱚ"]},"$x":[{"t":"idOrVar","v":"plural"},"value"]},{"$i":"days-until-long","$v":{"zero":"ᱛᱤᱦᱤᱧ","one":"ᱜᱟᱯᱟ","two":["ᱨᱮ ",{"t":"idOrVar","v":"value"}," ᱢᱟᱦᱟ ᱠᱚ"],"few":["ᱨᱮ ",{"t":"idOrVar","v":"value"}," ᱢᱟᱦᱟ ᱠᱚ"],"many":["ᱨᱮ ",{"t":"idOrVar","v":"value"}," ᱢᱟᱦᱟ ᱠᱚ"],"other":["ᱨᱮ ",{"t":"idOrVar","v":"value"}," ᱢᱟᱦᱟ ᱠᱚ"]},"$x":[{"t":"idOrVar","v":"plural"},"value"]},{"$i":"weeks-until-long","$v":{"zero":"ᱱᱚᱣᱟ ᱦᱚᱯᱛᱟ","one":"ᱫᱟᱨᱟᱭ ᱠᱟᱱ ᱦᱚᱯᱛᱟ","two":["ᱨᱮ ",{"t":"idOrVar","v":"value"}," ᱦᱚᱯᱛᱟ ᱠᱚ"],"few":["ᱨᱮ ",{"t":"idOrVar","v":"value"}," ᱦᱚᱯᱛᱟ ᱠᱚ"],"many":["ᱨᱮ ",{"t":"idOrVar","v":"value"}," ᱦᱚᱯᱛᱟ ᱠᱚ"],"other":["ᱨᱮ ",{"t":"idOrVar","v":"value"}," ᱦᱚᱯᱛᱟ ᱠᱚ"]},"$x":[{"t":"idOrVar","v":"plural"},"value"]},{"$i":"months-until-long","$v":{"zero":"ᱱᱚᱣᱟ ᱪᱟᱸᱫᱩ","one":"ᱫᱟᱨᱟᱭ ᱠᱟᱱ ᱪᱟᱸᱫᱩ","two":["ᱨᱮ ",{"t":"idOrVar","v":"value"}," ᱪᱟᱸᱫᱩ ᱠᱚ"],"few":["ᱨᱮ ",{"t":"idOrVar","v":"value"}," ᱪᱟᱸᱫᱩ ᱠᱚ"],"many":["ᱨᱮ ",{"t":"idOrVar","v":"value"}," ᱪᱟᱸᱫᱩ ᱠᱚ"],"other":["ᱨᱮ ",{"t":"idOrVar","v":"value"}," ᱪᱟᱸᱫᱩ ᱠᱚ"]},"$x":[{"t":"idOrVar","v":"plural"},"value"]},{"$i":"years-until-long","$v":{"zero":"ᱱᱚᱣᱟ ᱥᱮᱨᱢᱟ","one":"ᱫᱟᱨᱟᱭ ᱠᱟᱱ ᱥᱮᱨᱢᱟ","two":["ᱨᱮ ",{"t":"idOrVar","v":"value"}," ᱥᱮᱨᱢᱟ ᱠᱚ"],"few":["ᱨᱮ ",{"t":"idOrVar","v":"value"}," ᱥᱮᱨᱢᱟ ᱠᱚ"],"many":["ᱨᱮ ",{"t":"idOrVar","v":"value"}," ᱥᱮᱨᱢᱟ ᱠᱚ"],"other":["ᱨᱮ ",{"t":"idOrVar","v":"value"}," ᱥᱮᱨᱢᱟ ᱠᱚ"]},"$x":[{"t":"idOrVar","v":"plural"},"value"]},{"$i":"minutes-ago-short","$v":{"zero":"ᱧᱤᱛ ᱜᱮ","other":[{"t":"idOrVar","v":"value"}," ᱪᱟᱞᱟᱣ ᱴ"]},"$x":[{"t":"idOrVar","v":"plural"},"value"]},{"$i":"hours-ago-short","$v":{"zero":"ᱧᱤᱛ ᱜᱮ","other":[{"t":"idOrVar","v":"value"}," ᱪᱟᱞᱟᱣᱮᱱ ᱜ"]},"$x":[{"t":"idOrVar","v":"plural"},"value"]},{"$i":"days-ago-short","$v":{"zero":"ᱛᱤᱦᱤᱧ","other":[{"t":"idOrVar","v":"value"}," ᱪᱟᱞᱟᱣᱮᱱ ᱢ"]},"$x":[{"t":"idOrVar","v":"plural"},"value"]},{"$i":"minutes-until-short","$v":{"zero":"ᱧᱤᱛ","other":["ᱨᱮ ",{"t":"idOrVar","v":"value"},"ᱴ"]},"$x":[{"t":"idOrVar","v":"plural"},"value"]},{"$i":"hours-until-short","$v":{"zero":"ᱧᱤᱛ","other":["ᱨᱮ ",{"t":"idOrVar","v":"value"},"ᱜ"]},"$x":[{"t":"idOrVar","v":"plural"},"value"]},{"$i":"days-until-short","$v":{"zero":"ᱛᱤᱦᱤᱧ","other":["ᱨᱮ ",{"t":"idOrVar","v":"value"},"ᱢ"]},"$x":[{"t":"idOrVar","v":"plural"},"value"]},{"$i":"incorrectDate","$v":"(ᱛᱨᱤᱠᱷ ᱫᱚ ᱵᱷᱩᱞ ᱜᱮᱭᱟ)"},{"$i":"dateTimeFormat_%c","$v":"%a %b %e %Y %I:%M:%S %p"},{"$i":"dateTimeFormat_%x","$v":"%m/%d/%Y"},{"$i":"dateTimeFormat_%X","$v":"%I:%M:%S %p"},{"$i":"shortTimeFormat","$v":"%I:%M %p"},{"$i":"shortTimeFormat12","$v":"%I:%M %p"},{"$i":"shortTimeFormat24","$v":"%H:%M"},{"$i":"shortDateTimeFormat","$v":"%x %I:%M %p"},{"$i":"weekStartsOnMonday","$v":"0"},{"$i":"firstDayOfTheWeek","$v":"0"},{"$i":"time_am","$v":"AM"},{"$i":"time_pm","$v":"PM"},{"$i":"stopped_download_title","$v":"ᱰᱟᱩᱱᱞᱳᱰ ᱛᱤᱸᱜᱩ ᱟᱠᱟᱱᱟ"},{"$i":"tcl-stopped_download_message","$v":"ᱱᱚᱣᱟ ᱰᱟᱩᱱᱞᱳᱰ ᱫᱚ ᱛᱷᱤᱨ ᱟᱠᱟᱱ ᱛᱟᱦᱮᱱᱟ. ᱪᱤᱫ ᱟᱢ ᱰᱟᱩᱱᱞᱳᱰᱚᱜ ᱮᱦᱚᱵ ᱟᱹᱨᱩ ᱥᱟᱱᱟᱭᱮᱜ ᱢᱮᱭᱟ?"},{"$i":"stopped_download_left_button","$v":"ᱢᱩᱪᱮᱫ"},{"$i":"stopped_download_right_button","$v":"ᱫᱚᱦᱚᱲᱟ ᱠᱩᱨᱩᱢᱩᱴᱩᱭ ᱢᱮ"},{"$i":"failed_download_title","$v":"ᱰᱟᱩᱱᱞᱳᱰ ᱰᱤᱜᱷᱮᱣ ᱟᱠᱟᱱᱟ"},{"$i":"failed_download_message","$v":[{"t":"idOrVar","v":"name"}," ᱰᱤᱜᱷᱮᱣ ᱟᱠᱟᱱᱟ ᱰᱟᱩᱱᱞᱳᱰ ᱫᱚ. ᱫᱚᱦᱚᱲᱟ ᱰᱟᱩᱱᱞᱳᱰᱚᱜ ᱞᱟᱜᱤᱫ ᱠᱩᱨᱩᱢᱩᱴᱩᱭ ᱢᱮ?"]},{"$i":"failed_download_left_button","$v":"ᱢᱩᱪᱮᱫ"},{"$i":"failed_download_right_button","$v":"ᱫᱚᱦᱚᱲᱟ ᱠᱩᱨᱩᱢᱩᱴᱩᱭ ᱢᱮ"},{"$i":"stop_download_title","$v":"ᱰᱟᱩᱱᱞᱳᱰ ᱮᱦᱚᱵ ᱟᱠᱟᱱᱟ"},{"$i":"stop_download_message","$v":"ᱪᱤᱫ ᱟᱢ ᱥᱟᱨᱤ ᱛᱮ ᱱᱚᱣᱟ ᱰᱟᱩᱱᱞᱳᱰ ᱛᱤᱸᱜᱩ ᱥᱟᱱᱟᱭᱮᱜ ᱢᱮᱭᱟ?"},{"$i":"stop_download_left_button","$v":"ᱵᱟᱝ"},{"$i":"stop_download_right_button","$v":"ᱦᱚᱸ"},{"$i":"delete_download_title","$v":"ᱢᱮᱴᱟᱣ"},{"$i":"delete_download_message","$v":[{"t":"idOrVar","v":"name"}," ᱢᱮᱴᱟᱣ?"]},{"$i":"delete_download_left_button","$v":"ᱢᱩᱪᱮᱫ"},{"$i":"delete_download_right_button","$v":"ᱢᱮᱴᱟᱣ"},{"$i":"delete_all_download_title","$v":"ᱢᱮᱴᱟᱣ"},{"$i":"delete_all_download_left_button","$v":"ᱢᱩᱪᱮᱫ"},{"$i":"delete_all_download_right_button","$v":"ᱢᱮᱴᱟᱣ"},{"$i":"delete_all_download_message","$v":{"zero":"ᱵᱟᱱᱩᱜ-ᱟ ᱨᱮᱫ ᱠᱚ ᱢᱮᱴᱟᱣ?","one":"ᱢᱤᱛ ᱨᱮᱫ ᱢᱮᱴᱟᱣ?","two":[{"t":"idOrVar","v":"number"}," ᱨᱮᱫ ᱠᱚ ᱢᱮᱴᱟᱣ?"],"few":[{"t":"idOrVar","v":"number"}," ᱨᱮᱫ ᱠᱚ ᱢᱮᱴᱟᱣ?"],"many":[{"t":"idOrVar","v":"number"}," ᱨᱮᱫ ᱠᱚ ᱢᱮᱴᱟᱣ?"],"other":[{"t":"idOrVar","v":"number"}," ᱨᱮᱫ ᱠᱚ ᱢᱮᱴᱟᱣ?"]},"$x":[{"t":"idOrVar","v":"plural"},"number"]},{"$i":"unsupported_file_type_download_title","$v":"ᱵᱟᱝ ᱮᱢ ᱡᱷᱤᱡ ᱫᱟᱲᱤᱭᱟᱜ-ᱟ"},{"$i":"unsupported_file_type_download_message","$v":["ᱱᱚᱸᱰᱮ ᱫᱚ ᱮᱯᱞᱤᱠᱮᱥᱚᱱ ᱵᱟᱱᱩᱜ-ᱟ ᱱᱚᱣᱟ ᱡᱷᱤᱡ ᱫᱟᱲᱤᱭᱟᱜ ᱞᱟᱜᱤᱫ ",{"t":"idOrVar","v":"name"}," ᱪᱤᱫ ᱟᱢ ᱱᱚᱣᱟ ᱨᱮᱫ ᱡᱚᱜᱟᱣ ᱥᱟᱱᱟᱭᱮᱜ ᱢᱮᱭᱟ ᱟᱨᱵᱟᱝ ᱠᱷᱟᱱ ᱢᱮᱴᱟᱣ ᱢᱮ ᱱᱚᱣᱟ?"]},{"$i":"unsupported_file_type_download_left_button","$v":"ᱨᱮᱠ ᱫᱚᱦᱚ"},{"$i":"unsupported_file_type_download_right_button","$v":"ᱢᱮᱴᱟᱣ"},{"$i":"file_not_found_download_title","$v":"ᱨᱮᱫ ᱫᱚ ᱵᱟᱝ ᱧᱟᱢ ᱞᱮᱱᱟ"},{"$i":"file_not_found_download_message","$v":"ᱭᱚᱱᱛᱨᱚ ᱨᱮ ᱨᱮᱫ ᱫᱚ ᱵᱟᱝ ᱧᱟᱢᱚᱜ ᱠᱟᱱᱟ"},{"$i":"file_not_found_download_right_button","$v":"ᱴᱤᱠ"},{"$i":"unmounted_sdcard_2_download_title","$v":"ᱢᱮᱢᱚᱨᱤ ᱠᱟᱨᱰ ᱫᱚ ᱵᱮᱵᱷᱟᱨ ᱨᱮ ᱢᱮᱱᱟᱜ-ᱟ"},{"$i":"unmounted_sdcard_2_download_message","$v":"ᱱᱚᱣᱟ ᱯᱷᱹᱚᱱ ᱚᱱᱯᱞᱚᱜ ᱢᱮ"},{"$i":"unmounted_sdcard_2_download_right_button","$v":"ᱴᱤᱠ"},{"$i":"no_provider_download_title","$v":"ᱵᱟᱝ ᱮᱢ ᱦᱟᱴᱤᱧ ᱫᱟᱲᱤᱭᱟᱜ-ᱟ"},{"$i":"no_provider_download_message","$v":"ᱮᱢᱟᱜ ᱵᱟᱝ ᱧᱟᱢ ᱞᱮᱱᱟ"},{"$i":"no_provider_download_right_button","$v":"ᱴᱤᱠ"},{"$i":"no_memory_download_title","$v":"SD ᱠᱟᱨᱰ ᱫᱚ ᱯᱮᱨᱮᱡ ᱟᱠᱟᱱᱟ"},{"$i":"no_memory_download_message","$v":"ᱱᱚᱸᱰᱮ ᱫᱚ ᱠᱩᱴᱨᱤ ᱵᱟᱱᱩᱜ-ᱟ ᱟᱢᱟᱜ SD ᱠᱟᱨᱰ ᱟᱢᱟᱜ ᱰᱟᱩᱱᱞᱳᱰᱟᱜ ᱡᱚᱜᱟᱣ ᱞᱟᱜᱤᱫ. ᱟᱢᱟᱜ ᱰᱟᱩᱱᱞᱳᱰᱟᱜ ᱡᱚᱜᱟᱣ ᱞᱟᱜᱤᱫ ᱠᱟᱨᱰ ᱨᱮ ᱵᱟᱲᱛᱤ ᱠᱩᱴᱨᱤ ᱵᱟᱱᱩᱜ-ᱟ."},{"$i":"no_memory_download_right_button","$v":"ᱴᱤᱠ"},{"$i":"no_sdcard_found_2_download_title","$v":"ᱢᱮᱢᱚᱨᱤ ᱠᱟᱨᱰ ᱵᱟᱝ ᱧᱟᱢ ᱟᱠᱟᱱᱟ"},{"$i":"no_sdcard_found_2_download_message","$v":"ᱟᱫᱮᱨ ᱢᱮ ᱢᱮᱢᱚᱨᱤ ᱠᱟᱨᱰ ᱟᱨᱵᱟᱝᱠᱷᱟᱱ ᱵᱟᱪᱷᱟᱣ ᱢᱮ ᱮᱴᱟᱜᱞᱮᱠᱟᱱᱟᱜ ᱟᱥᱚᱞ ᱢᱮᱰᱤᱭᱟ ᱴᱚᱴᱟ ᱥᱮᱴᱤᱸᱜ ᱨᱮ"},{"$i":"no_sdcard_found_2_download_right_button","$v":"ᱴᱤᱠ"},{"$i":"file_open_error_download_title","$v":"ᱵᱟᱝ ᱮᱢ ᱡᱷᱤᱡ ᱫᱟᱲᱤᱭᱟᱜ-ᱟ"},{"$i":"file_open_error_download_message","$v":"ᱱᱚᱣᱟ ᱨᱮᱫ ᱫᱚ ᱵᱟᱝ ᱜᱟᱱᱚᱜ-ᱟ ᱟᱨᱵᱟᱝᱠᱷᱟᱱ ᱵᱟᱭ ᱜᱚᱲᱚᱜ-ᱟ ᱱᱚᱣᱟ ᱨᱮᱫ ᱢᱮᱴᱟᱣ ᱥᱟᱱᱟᱭᱮᱜ ᱢᱮᱭᱟ ?"},{"$i":"file_open_error_download_left_button","$v":"ᱨᱮᱠ ᱫᱚᱦᱚ"},{"$i":"file_open_error_download_right_button","$v":"ᱢᱮᱴᱟᱣ"},{"$i":"restart_download_error","$v":"ᱰᱟᱩᱱᱞᱳᱰ ᱫᱚᱦᱚᱲᱟ ᱮᱦᱚᱵ ᱚᱠᱛᱮ ᱨᱮᱵᱷᱩᱞ ᱢᱮᱱᱟᱜ-ᱟ ᱱᱮᱦᱚᱨ ᱫᱚᱦᱚᱲᱟ ᱠᱩᱨᱩᱢᱩᱴᱩᱭ ᱢᱮ."},{"$i":"no-downloads","$v":"ᱰᱟᱩᱱᱞᱳᱰᱟᱜ ᱵᱟᱱᱩᱜ-ᱟ"},{"$i":"byteUnit-B","$v":"B"},{"$i":"byteUnit-KB","$v":"KB"},{"$i":"byteUnit-MB","$v":"MB"},{"$i":"byteUnit-GB","$v":"GB"},{"$i":"byteUnit-TB","$v":"TB"},{"$i":"fileSize","$v":[{"t":"idOrVar","v":"size"}," ",{"t":"idOrVar","v":"unit"}]},{"$i":"percentage","$v":[{"t":"idOrVar","v":"percentage"}," %"]},{"$i":"partialResult","$v":[{"t":"idOrVar","v":"partial"}," / ",{"t":"idOrVar","v":"total"}]},{"$i":"summary","$v":[{"t":"idOrVar","v":"date"}," - ",{"t":"idOrVar","v":"status"}]},{"$i":"download-stopped","$v":"ᱨᱤᱸᱜᱩ ᱟᱠᱟᱱᱟ"},{"$i":"download-failed","$v":"ᱰᱟᱩᱱᱞᱳᱰ ᱰᱤᱜᱷᱮᱣ ᱟᱠᱟᱱᱟ"},{"$i":"open_downloaded_file","$v":"ᱡᱷᱤᱡ"},{"$i":"share_downloaded_file","$v":"ᱦᱟᱴᱤᱧ"},{"$i":"wallpaper_downloaded_file","$v":"ᱣᱟᱞᱯᱮᱯᱚᱨ ᱵᱮᱭᱥᱮᱣ ᱢᱮ"},{"$i":"ringtone_downloaded_file","$v":"ᱨᱤᱸᱜᱴᱚᱱ ᱞᱮᱠᱟ ᱵᱮᱭᱥᱮᱣ ᱢᱮ"},{"$i":"cancel_downloaded_file","$v":"ᱢᱩᱪᱮᱫ"},{"$i":"select-download","$v":"ᱰᱟᱩᱱᱞᱳᱰ ᱵᱟᱪᱷᱟᱣ ᱢᱮ"},{"$i":"tcl-select-download","$v":"ᱢᱤᱛ ᱰᱟᱩᱱᱞᱳᱰ ᱵᱟᱪᱷᱟᱣ ᱢᱮ"},{"$i":"tcl-ok","$v":"ᱴᱤᱠ"},{"$i":"tcl-cancel","$v":"ᱢᱩᱪᱮᱫ"}]