[{"$i":"weekday-0-long","$v":"आर्तवारु"},{"$i":"weekday-1-long","$v":"सुमर"},{"$i":"weekday-2-long","$v":"मंगल"},{"$i":"weekday-3-long","$v":"बु॒धर"},{"$i":"weekday-4-long","$v":"विशपत"},{"$i":"weekday-5-long","$v":"जुमो"},{"$i":"weekday-6-long","$v":"छंछरु"},{"$i":"weekday-0-short","$v":"आचरु"},{"$i":"weekday-1-short","$v":"सूमरु"},{"$i":"weekday-2-short","$v":"अङारो"},{"$i":"weekday-3-short","$v":"अर्बा"},{"$i":"weekday-4-short","$v":"ख़मीस"},{"$i":"weekday-5-short","$v":"जमावं"},{"$i":"weekday-6-short","$v":"छंछरु"},{"$i":"month-0-long","$v":"जनॿीहर"},{"$i":"month-1-long","$v":"फ़ीबरॿीहर"},{"$i":"month-2-long","$v":"मार्चु"},{"$i":"month-3-long","$v":"अप्रेलु"},{"$i":"month-4-long","$v":"मुई"},{"$i":"month-5-long","$v":"जूनि"},{"$i":"month-6-long","$v":"जूलाइ"},{"$i":"month-7-long","$v":"आगस्टु"},{"$i":"month-8-long","$v":"सेप्टेम्बरु"},{"$i":"month-9-long","$v":"आक्टोबरु"},{"$i":"month-10-long","$v":"नवम्बरु"},{"$i":"month-11-long","$v":"डिसम्बरु"},{"$i":"month-0-genitive","$v":"जनॿीहर"},{"$i":"month-1-genitive","$v":"फ़ीबरॿीहर"},{"$i":"month-2-genitive","$v":"मार्चु"},{"$i":"month-3-genitive","$v":"अप्रेलु"},{"$i":"month-4-genitive","$v":"मुई"},{"$i":"month-5-genitive","$v":"जूनि"},{"$i":"month-6-genitive","$v":"जूलाइ"},{"$i":"month-7-genitive","$v":"आगस्टु"},{"$i":"month-8-genitive","$v":"सेप्टेम्बरु"},{"$i":"month-9-genitive","$v":"आक्टोबरु"},{"$i":"month-10-genitive","$v":"नवम्बरु"},{"$i":"month-11-genitive","$v":"डिसम्बरु"},{"$i":"month-0-short","$v":"जनॿीहर"},{"$i":"month-1-short","$v":"फ़ीबरॿीहर"},{"$i":"month-2-short","$v":"मार्चु"},{"$i":"month-3-short","$v":"अप्रेलु"},{"$i":"month-4-short","$v":"मुई"},{"$i":"month-5-short","$v":"जनॿीहर"},{"$i":"month-6-short","$v":"जूलाइ"},{"$i":"month-7-short","$v":"आगस्टु"},{"$i":"month-8-short","$v":"सेप्टेम्बरु"},{"$i":"month-9-short","$v":"आक्टोबरु"},{"$i":"month-10-short","$v":"नवम्बरु"},{"$i":"month-11-short","$v":"डिसम्बरु"},{"$i":"minutes-ago-long","$v":{"zero":"बिलकुल हाणे","one":"हिक मिंटु अॻु","two":[{"t":"idOrVar","v":"value"}," मिंटु अॻु"],"few":[{"t":"idOrVar","v":"value"}," मिंटु अॻु"],"many":[{"t":"idOrVar","v":"value"}," मिंटु अॻु"],"other":[{"t":"idOrVar","v":"value"}," मिंटु अॻु"]},"$x":[{"t":"idOrVar","v":"plural"},"value"]},{"$i":"hours-ago-long","$v":{"zero":"बिलकुल हाणे","one":"हिक कलाकु अॻु","two":[{"t":"idOrVar","v":"value"}," कलाकु अॻु"],"few":[{"t":"idOrVar","v":"value"}," कलाकु अॻु"],"many":[{"t":"idOrVar","v":"value"}," कलाकु अॻु"],"other":[{"t":"idOrVar","v":"value"}," कलाकु अॻु"]},"$x":[{"t":"idOrVar","v":"plural"},"value"]},{"$i":"days-ago-long","$v":{"zero":"अजु॒","one":"कुल्हा","two":[{"t":"idOrVar","v":"value"}," ॾींहुं अॻु"],"few":[{"t":"idOrVar","v":"value"}," ॾींहुं अॻु"],"many":[{"t":"idOrVar","v":"value"}," ॾींहुं अॻु"],"other":[{"t":"idOrVar","v":"value"}," ॾींहुं अॻु"]},"$x":[{"t":"idOrVar","v":"plural"},"value"]},{"$i":"weeks-ago-long","$v":{"zero":"हुन हफ़्ते","one":"गुज़िरियल हफ़्ते","two":[{"t":"idOrVar","v":"value"}," हफ़ता अॻु"],"few":[{"t":"idOrVar","v":"value"}," हफ़ता अॻु"],"many":[{"t":"idOrVar","v":"value"}," हफ़ता अॻु"],"other":[{"t":"idOrVar","v":"value"}," हफ़ता अॻु"]},"$x":[{"t":"idOrVar","v":"plural"},"value"]},{"$i":"months-ago-long","$v":{"zero":"हुन महीने","one":"गुज़िरियल महीने","two":[{"t":"idOrVar","v":"value"}," महीना अॻु"],"few":[{"t":"idOrVar","v":"value"}," महीना अॻु"],"many":[{"t":"idOrVar","v":"value"}," महीना अॻु"],"other":[{"t":"idOrVar","v":"value"}," महीना अॻु"]},"$x":[{"t":"idOrVar","v":"plural"},"value"]},{"$i":"years-ago-long","$v":{"zero":"हुन सालु","one":"गुज़िरियल सालु","two":[{"t":"idOrVar","v":"value"}," सालु अॻु"],"few":[{"t":"idOrVar","v":"value"}," सालु अॻु"],"many":[{"t":"idOrVar","v":"value"}," सालु अॻु"],"other":[{"t":"idOrVar","v":"value"}," सालु अॻु"]},"$x":[{"t":"idOrVar","v":"plural"},"value"]},{"$i":"minutes-until-long","$v":{"zero":"हाणि","one":"हिक मिंटु में","two":[{"t":"idOrVar","v":"value"}," मिन्टनि में"],"few":[{"t":"idOrVar","v":"value"}," मिन्टनि में"],"many":[{"t":"idOrVar","v":"value"}," मिन्टनि में"],"other":[{"t":"idOrVar","v":"value"}," मिन्टनि में"]},"$x":[{"t":"idOrVar","v":"plural"},"value"]},{"$i":"hours-until-long","$v":{"zero":"हाणि","one":"हिक कलाकु में","two":[{"t":"idOrVar","v":"value"}," कलाकनि में"],"few":[{"t":"idOrVar","v":"value"}," कलाकनि में"],"many":[{"t":"idOrVar","v":"value"}," कलाकनि में"],"other":[{"t":"idOrVar","v":"value"}," कलाकनि में"]},"$x":[{"t":"idOrVar","v":"plural"},"value"]},{"$i":"days-until-long","$v":{"zero":"अजु॒","one":"सुभाणे","two":[{"t":"idOrVar","v":"value"}," ॾींहुं में"],"few":[{"t":"idOrVar","v":"value"}," ॾींहुं में"],"many":[{"t":"idOrVar","v":"value"}," ॾींहुं में"],"other":[{"t":"idOrVar","v":"value"}," ॾींहुं में"]},"$x":[{"t":"idOrVar","v":"plural"},"value"]},{"$i":"weeks-until-long","$v":{"zero":"हुन हफ़्ते","one":"ईंदड़ सालु","two":[{"t":"idOrVar","v":"value"}," हफ़्तनि में"],"few":[{"t":"idOrVar","v":"value"}," हफ़्तनि में"],"many":[{"t":"idOrVar","v":"value"}," हफ़्तनि में"],"other":[{"t":"idOrVar","v":"value"}," हफ़्तनि में"]},"$x":[{"t":"idOrVar","v":"plural"},"value"]},{"$i":"months-until-long","$v":{"zero":"हुन महीने","one":"ईंदड़ महीने","two":[{"t":"idOrVar","v":"value"}," महीननि में"],"few":[{"t":"idOrVar","v":"value"}," महीननि में"],"many":[{"t":"idOrVar","v":"value"}," महीननि में"],"other":[{"t":"idOrVar","v":"value"}," महीननि में"]},"$x":[{"t":"idOrVar","v":"plural"},"value"]},{"$i":"years-until-long","$v":{"zero":"हुन सालु","one":"ईंदड़ सालु","two":[{"t":"idOrVar","v":"value"}," सालनि में"],"few":[{"t":"idOrVar","v":"value"}," सालनि में"],"many":[{"t":"idOrVar","v":"value"}," सालनि में"],"other":[{"t":"idOrVar","v":"value"}," सालनि में"]},"$x":[{"t":"idOrVar","v":"plural"},"value"]},{"$i":"minutes-ago-short","$v":{"zero":"बिलकुल हाणे","other":[{"t":"idOrVar","v":"value"}," मिंटु अॻु"]},"$x":[{"t":"idOrVar","v":"plural"},"value"]},{"$i":"hours-ago-short","$v":{"zero":"बिलकुल हाणे","other":[{"t":"idOrVar","v":"value"}," कलाकु अॻु"]},"$x":[{"t":"idOrVar","v":"plural"},"value"]},{"$i":"days-ago-short","$v":{"zero":"अजु॒","other":[{"t":"idOrVar","v":"value"}," ॾींहुं अॻु"]},"$x":[{"t":"idOrVar","v":"plural"},"value"]},{"$i":"minutes-until-short","$v":{"zero":"हाणि","other":[{"t":"idOrVar","v":"value"},"m में"]},"$x":[{"t":"idOrVar","v":"plural"},"value"]},{"$i":"hours-until-short","$v":{"zero":"हाणि","other":[{"t":"idOrVar","v":"value"},"h में"]},"$x":[{"t":"idOrVar","v":"plural"},"value"]},{"$i":"days-until-short","$v":{"zero":"अजु॒","other":[{"t":"idOrVar","v":"value"},"d में"]},"$x":[{"t":"idOrVar","v":"plural"},"value"]},{"$i":"incorrectDate","$v":"( ग़लति तारीख़)"},{"$i":"dateTimeFormat_%c","$v":"%a %b %e %Y %I:%M:%S %p"},{"$i":"dateTimeFormat_%x","$v":"%m/%d/%Y"},{"$i":"dateTimeFormat_%X","$v":"%I:%M:%S %p"},{"$i":"shortTimeFormat","$v":"%I:%M %p"},{"$i":"shortTimeFormat12","$v":"%I:%M %p"},{"$i":"shortTimeFormat24","$v":"%H:%M"},{"$i":"shortDateTimeFormat","$v":"%x %I:%M %p"},{"$i":"weekStartsOnMonday","$v":"0"},{"$i":"firstDayOfTheWeek","$v":"0"},{"$i":"time_am","$v":"AM"},{"$i":"time_pm","$v":"PM"},{"$i":"stopped_download_title","$v":"डाउन लोड रूकिजी वई"},{"$i":"tcl-stopped_download_message","$v":"ही दाओं लोड रूकिजी वई हुई .  छा तवहां डाओनोड जारी रखणु चाहियो था ?"},{"$i":"stopped_download_left_button","$v":"मंसूख़ कर्यो"},{"$i":"stopped_download_right_button","$v":"वरी कोशिश कयो."},{"$i":"failed_download_title","$v":"डाउन लोड नाकामु थी"},{"$i":"failed_download_message","$v":[{"t":"idOrVar","v":"name"}," डाउन लोड करणु में नाकामु व्यो . ॿीहर डाऊनलोड करणु जी कोशिश कर्यो?"]},{"$i":"failed_download_left_button","$v":"मंसूख़ कर्यो"},{"$i":"failed_download_right_button","$v":"वरी कोशिश कयो."},{"$i":"stop_download_title","$v":"डाऊनलोड बंदु कर्यो"},{"$i":"stop_download_message","$v":"चा तव्हांखे पिक आहे त तवहां डाऊनलोड खे बंदु करणु चाहियो था?"},{"$i":"stop_download_left_button","$v":"न"},{"$i":"stop_download_right_button","$v":"हा"},{"$i":"delete_download_title","$v":"रदि"},{"$i":"delete_download_message","$v":[{"t":"idOrVar","v":"name"}," हज़फ़ कर्यो?"]},{"$i":"delete_download_left_button","$v":"मंसूख़ कर्यो"},{"$i":"delete_download_right_button","$v":"रदि"},{"$i":"delete_all_download_title","$v":"रदि"},{"$i":"delete_all_download_left_button","$v":"मंसूख़ कर्यो"},{"$i":"delete_all_download_right_button","$v":"रदि"},{"$i":"delete_all_download_message","$v":{"zero":"के बि फाइलों हज़फ़ कर्यो?","one":"हिक फाईल हज़फ़ कर्यो?","two":[{"t":"idOrVar","v":"number"}," फाइलों हज़फ़ कर्यो?"],"few":[{"t":"idOrVar","v":"number"}," फाइलों हज़फ़ कर्यो?"],"many":[{"t":"idOrVar","v":"number"}," फाइलों हज़फ़ कर्यो?"],"other":[{"t":"idOrVar","v":"number"}," फाइलों हज़फ़ कर्यो?"]},"$x":[{"t":"idOrVar","v":"plural"},"number"]},{"$i":"unsupported_file_type_download_title","$v":"खोलणु जे क़ाबिलु नाहे"},{"$i":"unsupported_file_type_download_message","$v":["हिते को बि अइप नाहे जेको ",{"t":"idOrVar","v":"name"}," खे खोली सघे .  छा तवहां फाईल खे महफूज़ु करणु या उन खे हज़फ़ करणु पसंदि कंदा?"]},{"$i":"unsupported_file_type_download_left_button","$v":"फाईल रुखो"},{"$i":"unsupported_file_type_download_right_button","$v":"रदि"},{"$i":"file_not_found_download_title","$v":"फाईल न मिल्यो"},{"$i":"file_not_found_download_message","$v":"फाईल डिवाइस ते न मिली"},{"$i":"file_not_found_download_right_button","$v":"ठीक"},{"$i":"unmounted_sdcard_2_download_title","$v":"इस्तेमाल में मीमॿीहर कार्डु"},{"$i":"unmounted_sdcard_2_download_message","$v":"फ़ोनु उन प्लग कर्यो"},{"$i":"unmounted_sdcard_2_download_right_button","$v":"ठीक"},{"$i":"no_provider_download_title","$v":"हिसेदारी करणु जी क़ाबिलु नाहे"},{"$i":"no_provider_download_message","$v":"को बि मुहया कंदड़ु न मिल्यो"},{"$i":"no_provider_download_right_button","$v":"ठीक"},{"$i":"no_memory_download_title","$v":"SD कार्डु भरियल आहे"},{"$i":"no_memory_download_message","$v":"तव्हांजी डाऊनलोड महफूज़ु करणु लाइ तव्हांजीSD कार्डु ते हाणे वधीक जॻह नाहे .  डाऊनलोड ॿीहर शुरू करणु खां पहिरियां महिरबानी करे कुझु फाइलों हटायो ."},{"$i":"no_memory_download_right_button","$v":"ठीक"},{"$i":"no_sdcard_found_2_download_title","$v":"को बि मीमॿीहर कार्डु न मिल्यो"},{"$i":"no_sdcard_found_2_download_message","$v":"हिक मीमॿीहर कार्डु दाख़िलु कर्यो या सीटनगन में हिक मुतबादिल डिफॉल्ट मीडिया हंधि चूंडियो"},{"$i":"no_sdcard_found_2_download_right_button","$v":"ठीक"},{"$i":"file_open_error_download_title","$v":"खोलणु जे क़ाबिलु नाहे"},{"$i":"file_open_error_download_message","$v":"फाईल फ़ारमीट ग़लति आहे या मुआवनत नाहे  . छा तवहां फाईल हज़फ़ करणु चाहियो था?"},{"$i":"file_open_error_download_left_button","$v":"फाईल रुखो"},{"$i":"file_open_error_download_right_button","$v":"रदि"},{"$i":"restart_download_error","$v":"डाऊनलोड ॿीहर शुरू करणु दौरान हिकु नुक़्सु हो .  महिरबानी करे ॿीहर दाओं लोड करणु जी कोशिश कर्यो ."},{"$i":"no-downloads","$v":"के बि डाऊनलोड न"},{"$i":"byteUnit-B","$v":"B"},{"$i":"byteUnit-KB","$v":"KB"},{"$i":"byteUnit-MB","$v":"MB"},{"$i":"byteUnit-GB","$v":"GB"},{"$i":"byteUnit-TB","$v":"TB"},{"$i":"fileSize","$v":[{"t":"idOrVar","v":"size"}," ",{"t":"idOrVar","v":"unit"}]},{"$i":"percentage","$v":[{"t":"idOrVar","v":"percentage"}," %"]},{"$i":"partialResult","$v":[{"t":"idOrVar","v":"partial"}," / ",{"t":"idOrVar","v":"total"}]},{"$i":"summary","$v":[{"t":"idOrVar","v":"date"}," - ",{"t":"idOrVar","v":"status"}]},{"$i":"download-stopped","$v":"बंद"},{"$i":"download-failed","$v":"डाउन लोड नाकामु थी"},{"$i":"open_downloaded_file","$v":"खोल्यो"},{"$i":"share_downloaded_file","$v":"वर्च"},{"$i":"wallpaper_downloaded_file","$v":"वालपेपर जियं सेट कयो"},{"$i":"ringtone_downloaded_file","$v":"रंगु टूं तौर सीट कर्यो"},{"$i":"cancel_downloaded_file","$v":"मंसूख़ कर्यो"},{"$i":"select-download","$v":"डाऊनलोड चूंडियो"},{"$i":"tcl-select-download","$v":"डाऊनलोड चूंडियो"},{"$i":"tcl-ok","$v":"ठीक"},{"$i":"tcl-cancel","$v":"मंसूख़ कर्यो"}]