[{"$i":"weekday-0-long","$v":"ఆదివారం"},{"$i":"weekday-1-long","$v":"సోమవారం"},{"$i":"weekday-2-long","$v":"మంగళవారం"},{"$i":"weekday-3-long","$v":"బుధవారం"},{"$i":"weekday-4-long","$v":"గురువారం"},{"$i":"weekday-5-long","$v":"శుక్రవారం"},{"$i":"weekday-6-long","$v":"శనివారం"},{"$i":"weekday-0-short","$v":"ఆది"},{"$i":"weekday-1-short","$v":"సోమ"},{"$i":"weekday-2-short","$v":"మంగళ"},{"$i":"weekday-3-short","$v":"బుధ"},{"$i":"weekday-4-short","$v":"గురు"},{"$i":"weekday-5-short","$v":"శుక్ర"},{"$i":"weekday-6-short","$v":"శని"},{"$i":"month-0-long","$v":"జనవరి"},{"$i":"month-1-long","$v":"ఫిబ్రవరి"},{"$i":"month-2-long","$v":"మార్చి"},{"$i":"month-3-long","$v":"ఏప్రిల్"},{"$i":"month-4-long","$v":"మే"},{"$i":"month-5-long","$v":"జూన్"},{"$i":"month-6-long","$v":"జూలై"},{"$i":"month-7-long","$v":"ఆగష్టు"},{"$i":"month-8-long","$v":"సెప్టెంబరు"},{"$i":"month-9-long","$v":"అక్టోబర్"},{"$i":"month-10-long","$v":"నవంబర్"},{"$i":"month-11-long","$v":"డిసెంబర్"},{"$i":"month-0-genitive","$v":"జనవరి"},{"$i":"month-1-genitive","$v":"ఫిబ్రవరి"},{"$i":"month-2-genitive","$v":"మార్చి"},{"$i":"month-3-genitive","$v":"ఏప్రిల్"},{"$i":"month-4-genitive","$v":"మే"},{"$i":"month-5-genitive","$v":"జూన్"},{"$i":"month-6-genitive","$v":"జూలై"},{"$i":"month-7-genitive","$v":"ఆగష్టు"},{"$i":"month-8-genitive","$v":"సెప్టెంబరు"},{"$i":"month-9-genitive","$v":"అక్టోబర్"},{"$i":"month-10-genitive","$v":"నవంబర్"},{"$i":"month-11-genitive","$v":"డిసెంబర్"},{"$i":"month-0-short","$v":"జనవరి"},{"$i":"month-1-short","$v":"ఫిబ్రవరి"},{"$i":"month-2-short","$v":"మార్చి"},{"$i":"month-3-short","$v":"ఏప్రిల్"},{"$i":"month-4-short","$v":"మే"},{"$i":"month-5-short","$v":"జూన్"},{"$i":"month-6-short","$v":"జూలై"},{"$i":"month-7-short","$v":"ఆగష్టు"},{"$i":"month-8-short","$v":"సెప్టెంబరు"},{"$i":"month-9-short","$v":"అక్టోబర్"},{"$i":"month-10-short","$v":"నవంబర్"},{"$i":"month-11-short","$v":"డిసెంబర్"},{"$i":"minutes-ago-long","$v":{"zero":"ఇప్పుడే","one":"నిమిషం క్రితం","two":[{"t":"idOrVar","v":"value"}," నిమిషాల క్రితం"],"few":[{"t":"idOrVar","v":"value"}," నిమిషాల క్రితం"],"many":[{"t":"idOrVar","v":"value"}," నిమిషాల క్రితం"],"other":[{"t":"idOrVar","v":"value"}," నిమిషాల క్రితం"]},"$x":[{"t":"idOrVar","v":"plural"},"value"]},{"$i":"hours-ago-long","$v":{"zero":"ఇప్పుడే","one":"గంట క్రితం","two":[{"t":"idOrVar","v":"value"}," గంటల క్రితం"],"few":[{"t":"idOrVar","v":"value"}," గంటల క్రితం"],"many":[{"t":"idOrVar","v":"value"}," గంటల క్రితం"],"other":[{"t":"idOrVar","v":"value"}," గంటల క్రితం"]},"$x":[{"t":"idOrVar","v":"plural"},"value"]},{"$i":"days-ago-long","$v":{"zero":"ఈరోజు","one":"నిన్న","two":[{"t":"idOrVar","v":"value"}," రోజుల క్రితం"],"few":[{"t":"idOrVar","v":"value"}," రోజుల క్రితం"],"many":[{"t":"idOrVar","v":"value"}," రోజుల క్రితం"],"other":[{"t":"idOrVar","v":"value"}," రోజుల క్రితం"]},"$x":[{"t":"idOrVar","v":"plural"},"value"]},{"$i":"weeks-ago-long","$v":{"zero":"ఈ వారం","one":"గత వారం","two":[{"t":"idOrVar","v":"value"}," వారాల క్రితం"],"few":[{"t":"idOrVar","v":"value"}," వారాల క్రితం"],"many":[{"t":"idOrVar","v":"value"}," వారాల క్రితం"],"other":[{"t":"idOrVar","v":"value"}," వారాల క్రితం"]},"$x":[{"t":"idOrVar","v":"plural"},"value"]},{"$i":"months-ago-long","$v":{"zero":"ఈ నెల","one":"గత నెల","two":[{"t":"idOrVar","v":"value"}," నెలల క్రితం"],"few":[{"t":"idOrVar","v":"value"}," నెలల క్రితం"],"many":[{"t":"idOrVar","v":"value"}," నెలల క్రితం"],"other":[{"t":"idOrVar","v":"value"}," నెలల క్రితం"]},"$x":[{"t":"idOrVar","v":"plural"},"value"]},{"$i":"years-ago-long","$v":{"zero":"ఈ సంవత్సరం","one":"గత సంవత్సరం","two":[{"t":"idOrVar","v":"value"}," సంవత్సరాల క్రితం"],"few":[{"t":"idOrVar","v":"value"}," సంవత్సరాల క్రితం"],"many":[{"t":"idOrVar","v":"value"}," సంవత్సరాల క్రితం"],"other":[{"t":"idOrVar","v":"value"}," సంవత్సరాల క్రితం"]},"$x":[{"t":"idOrVar","v":"plural"},"value"]},{"$i":"minutes-until-long","$v":{"zero":"ఇప్పుడు","one":"నిమిషంలో","two":[{"t":"idOrVar","v":"value"}," నిమిషాల్లో"],"few":[{"t":"idOrVar","v":"value"}," నిమిషాల్లో"],"many":[{"t":"idOrVar","v":"value"}," నిమిషాల్లో"],"other":[{"t":"idOrVar","v":"value"}," నిమిషాల్లో"]},"$x":[{"t":"idOrVar","v":"plural"},"value"]},{"$i":"hours-until-long","$v":{"zero":"ఇప్పుడు","one":"గంటలో","two":[{"t":"idOrVar","v":"value"}," గంటల్లో"],"few":[{"t":"idOrVar","v":"value"}," గంటల్లో"],"many":[{"t":"idOrVar","v":"value"}," గంటల్లో"],"other":[{"t":"idOrVar","v":"value"}," గంటల్లో"]},"$x":[{"t":"idOrVar","v":"plural"},"value"]},{"$i":"days-until-long","$v":{"zero":"ఈరోజు","one":"రేపు","two":[{"t":"idOrVar","v":"value"}," రోజుల్లో"],"few":[{"t":"idOrVar","v":"value"}," రోజుల్లో"],"many":[{"t":"idOrVar","v":"value"}," రోజుల్లో"],"other":[{"t":"idOrVar","v":"value"}," రోజుల్లో"]},"$x":[{"t":"idOrVar","v":"plural"},"value"]},{"$i":"weeks-until-long","$v":{"zero":"ఈ వారం","one":"తదుపరి వారం","two":[{"t":"idOrVar","v":"value"}," వారాల్లో"],"few":[{"t":"idOrVar","v":"value"}," వారాల్లో"],"many":[{"t":"idOrVar","v":"value"}," వారాల్లో"],"other":[{"t":"idOrVar","v":"value"}," వారాల్లో"]},"$x":[{"t":"idOrVar","v":"plural"},"value"]},{"$i":"months-until-long","$v":{"zero":"ఈ నెల","one":"తదుపరి నెల","two":[{"t":"idOrVar","v":"value"}," నెలల్లో"],"few":[{"t":"idOrVar","v":"value"}," నెలల్లో"],"many":[{"t":"idOrVar","v":"value"}," నెలల్లో"],"other":[{"t":"idOrVar","v":"value"}," నెలల్లో"]},"$x":[{"t":"idOrVar","v":"plural"},"value"]},{"$i":"years-until-long","$v":{"zero":"ఈ సంవత్సరం","one":"తదుపరి సంవత్సరం","two":"{value}} సంవత్సరాల్లో","few":"{value}} సంవత్సరాల్లో","many":"{value}} సంవత్సరాల్లో","other":"{value}} సంవత్సరాల్లో"},"$x":[{"t":"idOrVar","v":"plural"},"value"]},{"$i":"minutes-ago-short","$v":{"zero":"ఇప్పుడే","other":[{"t":"idOrVar","v":"value"},"నిమిషం క్రితం"]},"$x":[{"t":"idOrVar","v":"plural"},"value"]},{"$i":"hours-ago-short","$v":{"zero":"ఇప్పుడే","other":[{"t":"idOrVar","v":"value"},"గంట క్రితం"]},"$x":[{"t":"idOrVar","v":"plural"},"value"]},{"$i":"days-ago-short","$v":{"zero":"ఈరోజు","other":[{"t":"idOrVar","v":"value"},"రోజు క్రితం"]},"$x":[{"t":"idOrVar","v":"plural"},"value"]},{"$i":"minutes-until-short","$v":{"zero":"ఇప్పుడు","other":[{"t":"idOrVar","v":"value"},"నిమిషాల్లో"]},"$x":[{"t":"idOrVar","v":"plural"},"value"]},{"$i":"hours-until-short","$v":{"zero":"ఇప్పుడు","other":[{"t":"idOrVar","v":"value"},"గంటలో"]},"$x":[{"t":"idOrVar","v":"plural"},"value"]},{"$i":"days-until-short","$v":{"zero":"ఈరోజు","other":[{"t":"idOrVar","v":"value"},"తేదీలో"]},"$x":[{"t":"idOrVar","v":"plural"},"value"]},{"$i":"incorrectDate","$v":"(తప్పుగా ఉన్న తేదీ)"},{"$i":"dateTimeFormat_%c","$v":"%a %b %e %Y %I:%M:%S %p"},{"$i":"dateTimeFormat_%x","$v":"%m/%d/%Y"},{"$i":"dateTimeFormat_%X","$v":"%I:%M:%S %p"},{"$i":"shortTimeFormat","$v":"%I:%M %p"},{"$i":"shortTimeFormat12","$v":"%I:%M %p"},{"$i":"shortTimeFormat24","$v":"%H:%M"},{"$i":"shortDateTimeFormat","$v":"%x %I:%M %p"},{"$i":"weekStartsOnMonday","$v":"0"},{"$i":"firstDayOfTheWeek","$v":"0"},{"$i":"time_am","$v":"AM"},{"$i":"time_pm","$v":"PM"},{"$i":"stopped_download_title","$v":"డౌన్‌లోడ్ ఆపివేయబడింది"},{"$i":"tcl-stopped_download_message","$v":"ఈ డౌన్‌లోడ్ ఆపివేయబడింది. మీరు డౌన్‌లోడింగ్‌ను పునఃప్రారంభించాలనుకుంటున్నారా?"},{"$i":"stopped_download_left_button","$v":"రద్దు చేయి"},{"$i":"stopped_download_right_button","$v":"మళ్లీ ప్రయత్నించు"},{"$i":"failed_download_title","$v":"డౌన్‌లోడ్ విఫలమైంది"},{"$i":"failed_download_message","$v":[{"t":"idOrVar","v":"name"}," డౌన్‌లోడ్ చేయడం విఫలమైంది. మళ్లీ డౌన్‌లోడ్ చేయడానికి ప్రయత్నించండి?"]},{"$i":"failed_download_left_button","$v":"రద్దు చేయి"},{"$i":"failed_download_right_button","$v":"మళ్లీ ప్రయత్నించు"},{"$i":"stop_download_title","$v":"డౌన్‌లోడ్ ఆపివేయి"},{"$i":"stop_download_message","$v":"మీరు డౌన్‌లోడ్‌ను ఆపివేయాలనుకుంటున్నారా?"},{"$i":"stop_download_left_button","$v":"లేదు"},{"$i":"stop_download_right_button","$v":"సరే"},{"$i":"delete_download_title","$v":"తొలగించు"},{"$i":"delete_download_message","$v":[{"t":"idOrVar","v":"name"},"ని తొలగించాలా?"]},{"$i":"delete_download_left_button","$v":"రద్దు చేయి"},{"$i":"delete_download_right_button","$v":"తొలగించు"},{"$i":"delete_all_download_title","$v":"తొలగించు"},{"$i":"delete_all_download_left_button","$v":"రద్దు చేయి"},{"$i":"delete_all_download_right_button","$v":"తొలగించు"},{"$i":"delete_all_download_message","$v":{"zero":"ఏ ఫైల్‌ను తొలగించవద్దు?","one":"ఒక ఫైల్‌ను తొలగించాలా?","two":[{"t":"idOrVar","v":"number"}," ఫైల్‌లను తొలగించాలా?"],"few":[{"t":"idOrVar","v":"number"}," ఫైల్‌లను తొలగించాలా?"],"many":[{"t":"idOrVar","v":"number"}," ఫైల్‌లను తొలగించాలా?"],"other":[{"t":"idOrVar","v":"number"}," ఫైల్‌లను తొలగించాలా?"]},"$x":[{"t":"idOrVar","v":"plural"},"number"]},{"$i":"unsupported_file_type_download_title","$v":"తెరవడం సాధ్యం కాలేదు"},{"$i":"unsupported_file_type_download_message","$v":[{"t":"idOrVar","v":"name"}," తెరవగల యాప్ లేదు. మీరు ఫైల్‌ను సేవ్ చేయాలనుకుంటున్నారా లేదా తొలగించాలనుకుంటున్నారా?"]},{"$i":"unsupported_file_type_download_left_button","$v":"ఫైల్‌ను ఉంచు"},{"$i":"unsupported_file_type_download_right_button","$v":"తొలగించు"},{"$i":"file_not_found_download_title","$v":"ఫైల్ కనబడలేదు"},{"$i":"file_not_found_download_message","$v":"ఫైల్ పరికరంలో కనబడలేదు"},{"$i":"file_not_found_download_right_button","$v":"సరే"},{"$i":"unmounted_sdcard_2_download_title","$v":"ఉపయోగంలో ఉన్న మెమరీ కార్డ్"},{"$i":"unmounted_sdcard_2_download_message","$v":"ఫోన్‌ను అన్‌ప్లగ్ చేయి"},{"$i":"unmounted_sdcard_2_download_right_button","$v":"సరే"},{"$i":"no_provider_download_title","$v":"పంచుకోవడం సాధ్యం కాలేదు"},{"$i":"no_provider_download_message","$v":"ప్రదాత కనబడలేదు"},{"$i":"no_provider_download_right_button","$v":"సరే"},{"$i":"no_memory_download_title","$v":"SD కార్డ్ నిండింది"},{"$i":"no_memory_download_message","$v":"మీ డౌన్‌లోడ్‌ను సేవ్ చేయడానికి మీ SD కార్డ్‌లో తగినంత స్థలం లేదు. దయచేసి డౌన్‌లోడ్ తిరిగి ప్రారంభించే ముందు కొన్ని ఫైళ్లను తీసివేయండి."},{"$i":"no_memory_download_right_button","$v":"సరే"},{"$i":"no_sdcard_found_2_download_title","$v":"మెమరీ కార్డ్ కనబడలేదు"},{"$i":"no_sdcard_found_2_download_message","$v":"మెమరీ కార్డ్‌ను పెట్టండి లేదా సెట్టింగ్స్‌‌లో ప్రత్యామ్నాయ డీఫాల్ట్ మీడియా స్థానాన్ని ఎంచుకోండి"},{"$i":"no_sdcard_found_2_download_right_button","$v":"సరే"},{"$i":"file_open_error_download_title","$v":"తెరవడం సాధ్యం కాలేదు"},{"$i":"file_open_error_download_message","$v":"ఈ ఫైల్ ఫార్మాట్ చెల్లదు లేదా సపోర్ట్ చేయడం లేదు. మీరు ఫైల్‌ను తొలగించాలనుకుంటున్నారా?"},{"$i":"file_open_error_download_left_button","$v":"ఫైల్‌ను ఉంచు"},{"$i":"file_open_error_download_right_button","$v":"తొలగించు"},{"$i":"restart_download_error","$v":"డౌన్‌లోడ్‌ను తిరిగి ప్రారంభించే సమయంలో లోపం ఏర్పడింది. దయచేసి మళ్లీ డౌన్‌లోడ్ చేయడానికి ప్రయత్నించండి."},{"$i":"no-downloads","$v":"డౌన్‌లోడ్‌లు ఏవీ లేవు"},{"$i":"byteUnit-B","$v":"B"},{"$i":"byteUnit-KB","$v":"KB"},{"$i":"byteUnit-MB","$v":"MB"},{"$i":"byteUnit-GB","$v":"GB"},{"$i":"byteUnit-TB","$v":"TB"},{"$i":"fileSize","$v":[{"t":"idOrVar","v":"size"}," ",{"t":"idOrVar","v":"unit"}]},{"$i":"percentage","$v":[{"t":"idOrVar","v":"percentage"}," %"]},{"$i":"partialResult","$v":[{"t":"idOrVar","v":"partial"}," / ",{"t":"idOrVar","v":"total"}]},{"$i":"summary","$v":[{"t":"idOrVar","v":"date"}," - ",{"t":"idOrVar","v":"status"}]},{"$i":"download-stopped","$v":"ఆపివేయబడింది"},{"$i":"download-failed","$v":"డౌన్‌లోడ్ విఫలమైంది"},{"$i":"open_downloaded_file","$v":"తెరువు"},{"$i":"share_downloaded_file","$v":"పంచుకోండి"},{"$i":"wallpaper_downloaded_file","$v":"వాల్‌పేపర్ వలె సెట్ చేయి"},{"$i":"ringtone_downloaded_file","$v":"రింగ్‌టోన్ వలె సెట్ చేయి"},{"$i":"cancel_downloaded_file","$v":"రద్దు చేయి"},{"$i":"select-download","$v":"డౌన్‌లోడ్‌ని ఎంచుకోండి"},{"$i":"tcl-select-download","$v":"ఒక డౌన్‌లోడ్‌ని ఎంచుకోండి"},{"$i":"tcl-ok","$v":"సరే"},{"$i":"tcl-cancel","$v":"రద్దు చేయి"}]