[{"$i":"weekday-0-long","$v":"रुबिबार"},{"$i":"weekday-1-long","$v":"समबार"},{"$i":"weekday-2-long","$v":"मंगलबार"},{"$i":"weekday-3-long","$v":"बुधबार"},{"$i":"weekday-4-long","$v":"बिस्थिबार"},{"$i":"weekday-5-long","$v":"सक्रुबार"},{"$i":"weekday-6-long","$v":"सनिबार"},{"$i":"weekday-0-short","$v":"सान"},{"$i":"weekday-1-short","$v":"मन"},{"$i":"weekday-2-short","$v":"मंगल"},{"$i":"weekday-3-short","$v":"वेब"},{"$i":"weekday-4-short","$v":"टिएइचइउ"},{"$i":"weekday-5-short","$v":"फ्रि"},{"$i":"weekday-6-short","$v":"सेट"},{"$i":"month-0-long","$v":"जानुवारि"},{"$i":"month-1-long","$v":"फेब्रुवारि"},{"$i":"month-2-long","$v":"मार्च"},{"$i":"month-3-long","$v":"एप्रिल"},{"$i":"month-4-long","$v":"मे"},{"$i":"month-5-long","$v":"जुन"},{"$i":"month-6-long","$v":"जुलाइ"},{"$i":"month-7-long","$v":"आगष्ट"},{"$i":"month-8-long","$v":"सेप्तेम्बार"},{"$i":"month-9-long","$v":"अक्ट'बर"},{"$i":"month-10-long","$v":"नभेमबर"},{"$i":"month-11-long","$v":"दिसेम्बार"},{"$i":"month-0-genitive","$v":"जानुवारि"},{"$i":"month-1-genitive","$v":"फेब्रुवारि"},{"$i":"month-2-genitive","$v":"मार्च"},{"$i":"month-3-genitive","$v":"एप्रिल"},{"$i":"month-4-genitive","$v":"मे"},{"$i":"month-5-genitive","$v":"जुन"},{"$i":"month-6-genitive","$v":"जुलाइ"},{"$i":"month-7-genitive","$v":"आगष्ट"},{"$i":"month-8-genitive","$v":"सेप्तेम्बार"},{"$i":"month-9-genitive","$v":"अक्ट'बर"},{"$i":"month-10-genitive","$v":"नभेमबर"},{"$i":"month-11-genitive","$v":"दिसेम्बार"},{"$i":"month-0-short","$v":"जान"},{"$i":"month-1-short","$v":"फेब"},{"$i":"month-2-short","$v":"गाज्रि"},{"$i":"month-3-short","$v":"एप्रि"},{"$i":"month-4-short","$v":"मे"},{"$i":"month-5-short","$v":"जुन"},{"$i":"month-6-short","$v":"जुल"},{"$i":"month-7-short","$v":"आग"},{"$i":"month-8-short","$v":"सेप"},{"$i":"month-9-short","$v":"अक्ट'बर"},{"$i":"month-10-short","$v":"नभ"},{"$i":"month-11-short","$v":"दिस"},{"$i":"minutes-ago-long","$v":{"zero":"दाबावैसो","one":"से मिनिट सिगङाव","two":[{"t":"idOrVar","v":"value"}," मिनिट सिगां"],"few":[{"t":"idOrVar","v":"value"}," मिनिट सिगां"],"many":[{"t":"idOrVar","v":"value"}," मिनिट सिगां"],"other":[{"t":"idOrVar","v":"value"}," मिनिट सिगां"]},"$x":[{"t":"idOrVar","v":"plural"},"value"]},{"$i":"hours-ago-long","$v":{"zero":"दाबावैसो","one":"घन्टासे सिगाङाव","two":[{"t":"idOrVar","v":"value"}," घन्टा सिगां"],"few":[{"t":"idOrVar","v":"value"}," घन्टा सिगां"],"many":[{"t":"idOrVar","v":"value"}," घन्टा सिगां"],"other":[{"t":"idOrVar","v":"value"}," घन्टा सिगां"]},"$x":[{"t":"idOrVar","v":"plural"},"value"]},{"$i":"days-ago-long","$v":{"zero":"दिनै","one":"मैया","two":[{"t":"idOrVar","v":"value"}," सान सिगां"],"few":[{"t":"idOrVar","v":"value"}," सान सिगां"],"many":[{"t":"idOrVar","v":"value"}," सान सिगां"],"other":[{"t":"idOrVar","v":"value"}," सान सिगां"]},"$x":[{"t":"idOrVar","v":"plural"},"value"]},{"$i":"weeks-ago-long","$v":{"zero":"बे हबथा","one":"थांनाय हबथा","two":[{"t":"idOrVar","v":"value"}," हाबथा सिगां"],"few":[{"t":"idOrVar","v":"value"}," हाबथा सिगां"],"many":[{"t":"idOrVar","v":"value"}," हाबथा सिगां"],"other":[{"t":"idOrVar","v":"value"}," हाबथा सिगां"]},"$x":[{"t":"idOrVar","v":"plural"},"value"]},{"$i":"months-ago-long","$v":{"zero":"बे दान","one":"थांनाय दान","two":[{"t":"idOrVar","v":"value"}," दान सिगां"],"few":[{"t":"idOrVar","v":"value"}," दान सिगां"],"many":[{"t":"idOrVar","v":"value"}," दान सिगां"],"other":[{"t":"idOrVar","v":"value"}," दान सिगां"]},"$x":[{"t":"idOrVar","v":"plural"},"value"]},{"$i":"years-ago-long","$v":{"zero":"बे बोसोर","one":"थांनाय बोसोर","two":[{"t":"idOrVar","v":"value"}," बोसोर सिगां"],"few":[{"t":"idOrVar","v":"value"}," बोसोर सिगां"],"many":[{"t":"idOrVar","v":"value"}," बोसोर सिगां"],"other":[{"t":"idOrVar","v":"value"}," बोसोर सिगां"]},"$x":[{"t":"idOrVar","v":"plural"},"value"]},{"$i":"minutes-until-long","$v":{"zero":"दायो","one":"से मिनिटआव","two":[{"t":"idOrVar","v":"value"}," मिनिटआव"],"few":[{"t":"idOrVar","v":"value"}," मिनिटआव"],"many":[{"t":"idOrVar","v":"value"}," मिनिटआव"],"other":[{"t":"idOrVar","v":"value"}," मिनिटआव"]},"$x":[{"t":"idOrVar","v":"plural"},"value"]},{"$i":"hours-until-long","$v":{"zero":"दायो","one":"से घन्टायाव","two":[{"t":"idOrVar","v":"value"}," घन्टायाव"],"few":[{"t":"idOrVar","v":"value"}," घन्टायाव"],"many":[{"t":"idOrVar","v":"value"}," घन्टायाव"],"other":[{"t":"idOrVar","v":"value"}," घन्टायाव"]},"$x":[{"t":"idOrVar","v":"plural"},"value"]},{"$i":"days-until-long","$v":{"zero":"दिनै","one":"गाबोन","two":[{"t":"idOrVar","v":"value"}," सानफोराव"],"few":[{"t":"idOrVar","v":"value"}," सानफोराव"],"many":[{"t":"idOrVar","v":"value"}," सानफोराव"],"other":[{"t":"idOrVar","v":"value"}," सानफोराव"]},"$x":[{"t":"idOrVar","v":"plural"},"value"]},{"$i":"weeks-until-long","$v":{"zero":"बे हबथा","one":"फैगौ हबथा","two":[{"t":"idOrVar","v":"value"}," हबथाफोराव"],"few":[{"t":"idOrVar","v":"value"}," हबथाफोराव"],"many":[{"t":"idOrVar","v":"value"}," हबथाफोराव"],"other":[{"t":"idOrVar","v":"value"}," हबथाफोराव"]},"$x":[{"t":"idOrVar","v":"plural"},"value"]},{"$i":"months-until-long","$v":{"zero":"बे दान","one":"फैगौ दान","two":[{"t":"idOrVar","v":"value"}," दानफोराव"],"few":[{"t":"idOrVar","v":"value"}," दानफोराव"],"many":[{"t":"idOrVar","v":"value"}," दानफोराव"],"other":[{"t":"idOrVar","v":"value"}," दानफोराव"]},"$x":[{"t":"idOrVar","v":"plural"},"value"]},{"$i":"years-until-long","$v":{"zero":"बे बोसोर","one":"फैगौ बोसोर","two":[{"t":"idOrVar","v":"value"}," बोसोरफोराव"],"few":[{"t":"idOrVar","v":"value"}," बोसोरफोराव"],"many":[{"t":"idOrVar","v":"value"}," बोसोरफोराव"],"other":[{"t":"idOrVar","v":"value"}," बोसोरफोराव"]},"$x":[{"t":"idOrVar","v":"plural"},"value"]},{"$i":"minutes-ago-short","$v":{"zero":"दाबावैसो","other":[{"t":"idOrVar","v":"value"},"मिनिट सिगां"]},"$x":[{"t":"idOrVar","v":"plural"},"value"]},{"$i":"hours-ago-short","$v":{"zero":"दाबावैसो","other":[{"t":"idOrVar","v":"value"},"घन्टा सिगां"]},"$x":[{"t":"idOrVar","v":"plural"},"value"]},{"$i":"days-ago-short","$v":{"zero":"दिनै","other":[{"t":"idOrVar","v":"value"},"सान सिगां"]},"$x":[{"t":"idOrVar","v":"plural"},"value"]},{"$i":"minutes-until-short","$v":{"zero":"दायो","other":[{"t":"idOrVar","v":"value"},"मिनिटआव"]},"$x":[{"t":"idOrVar","v":"plural"},"value"]},{"$i":"hours-until-short","$v":{"zero":"दायो","other":[{"t":"idOrVar","v":"value"},"घन्टायाव"]},"$x":[{"t":"idOrVar","v":"plural"},"value"]},{"$i":"days-until-short","$v":{"zero":"दिनै","other":[{"t":"idOrVar","v":"value"},"सानाव"]},"$x":[{"t":"idOrVar","v":"plural"},"value"]},{"$i":"incorrectDate","$v":"(गोरोनथि अक्त)"},{"$i":"dateTimeFormat_%c","$v":"%a %b %e %Y %I:%M:%S %p"},{"$i":"dateTimeFormat_%x","$v":"%m/%d/%Y"},{"$i":"dateTimeFormat_%X","$v":"%I:%M:%S %p"},{"$i":"shortTimeFormat","$v":"%I:%M %p"},{"$i":"shortTimeFormat12","$v":"%I:%M %p"},{"$i":"shortTimeFormat24","$v":"%H:%M"},{"$i":"shortDateTimeFormat","$v":"%x %I:%M %p"},{"$i":"weekStartsOnMonday","$v":"0"},{"$i":"firstDayOfTheWeek","$v":"0"},{"$i":"time_am","$v":"AM"},{"$i":"time_pm","$v":"PM"},{"$i":"stopped_download_title","$v":"डाउनलडा थाथ'बाय"},{"$i":"tcl-stopped_download_message","$v":"बे दाउनलदखौ दन्ध खालामनाय जादोंमोन नोंथाङा दाउनलद जाबायथानायखौ जागायफिन्नो हास्थायो ने ?"},{"$i":"stopped_download_left_button","$v":"दान"},{"$i":"stopped_download_right_button","$v":"आरोबाव नाजाफिन"},{"$i":"failed_download_title","$v":"डाउनलडा फेलें जाबाय"},{"$i":"failed_download_message","$v":[{"t":"idOrVar","v":"name"}," डाउनलड खालामनाया फेलें जाबाय डाउनलड खालामनो नाजाफिनबाव ?"]},{"$i":"failed_download_left_button","$v":"दान"},{"$i":"failed_download_right_button","$v":"आरोबाव नाजाफिन"},{"$i":"stop_download_title","$v":"डाउनलड दोनथ'"},{"$i":"stop_download_message","$v":"नों थारैनो डाउनलडखौ दोनथ'नो नागिरदों ?"},{"$i":"stop_download_left_button","$v":"ओहो"},{"$i":"stop_download_right_button","$v":"औ"},{"$i":"delete_download_title","$v":"दान"},{"$i":"delete_download_message","$v":[{"t":"idOrVar","v":"name"}," खौ खोमोर ?"]},{"$i":"delete_download_left_button","$v":"दान"},{"$i":"delete_download_right_button","$v":"दान"},{"$i":"delete_all_download_title","$v":"दान"},{"$i":"delete_all_download_left_button","$v":"दान"},{"$i":"delete_all_download_right_button","$v":"दान"},{"$i":"delete_all_download_message","$v":{"zero":"फाइलफोरखौ खोमोरनाङा ?","one":"फाइल खोमोरनाङा ?","two":[{"t":"idOrVar","v":"number"}," फाइलफोरखौ खोमोर ?"],"few":[{"t":"idOrVar","v":"number"}," फाइलफोरखौ खोमोर ?"],"many":[{"t":"idOrVar","v":"number"}," फाइलफोरखौ खोमोर ?"],"other":[{"t":"idOrVar","v":"number"}," फाइलफोरखौ खोमोर ?"]},"$x":[{"t":"idOrVar","v":"plural"},"number"]},{"$i":"unsupported_file_type_download_title","$v":"खुलिनो हायाखै"},{"$i":"unsupported_file_type_download_message","$v":["मोनसे बेबादि एप गैया जायखौ खेवनो हायो ",{"t":"idOrVar","v":"name"},"। नोंथाङा फाइलखौ सेव खालामनो हास्थायो ना बेखौ दान्नो ?"]},{"$i":"unsupported_file_type_download_left_button","$v":"लाइजाम लाखि"},{"$i":"unsupported_file_type_download_right_button","$v":"दान"},{"$i":"file_not_found_download_title","$v":"फाइल मोननाय जायाखै"},{"$i":"file_not_found_download_message","$v":"फाइलखौ दिभायसाव मोनाखैमोन"},{"$i":"file_not_found_download_right_button","$v":"जागोन"},{"$i":"unmounted_sdcard_2_download_title","$v":"लाखिथुमग्रा बाहायगासिनो"},{"$i":"unmounted_sdcard_2_download_message","$v":"फनखौ बख'"},{"$i":"unmounted_sdcard_2_download_right_button","$v":"जागोन"},{"$i":"no_provider_download_title","$v":"सेयार खालामनो हायाखै"},{"$i":"no_provider_download_message","$v":"दिहुनगिरि मोनाखै"},{"$i":"no_provider_download_right_button","$v":"जागोन"},{"$i":"no_memory_download_title","$v":"SD कार्डा आबुं"},{"$i":"no_memory_download_message","$v":"बेयाव नोंथांनि SD कार्दआव नोंथांनि दाउनलदखौ सेव खालामनो थाखै आरोबाव खथा गैलिया। अन्नानै दाउनलदखौ फिन जागायनाय सिगां माखासे फाइलफोरखौ बोखार।"},{"$i":"no_memory_download_right_button","$v":"जागोन"},{"$i":"no_sdcard_found_2_download_title","$v":"लाखिथुमग्रा मोनाखै"},{"$i":"no_sdcard_found_2_download_message","$v":"सेटिंसाव गंसे मेमरि कार्ड सो एबा गुबुन डिफल्ट मेडिया लकेसन सायख'"},{"$i":"no_sdcard_found_2_download_right_button","$v":"जागोन"},{"$i":"file_open_error_download_title","$v":"खुलिनो हायाखै"},{"$i":"file_open_error_download_message","$v":"बे फाइल फरमेतआ उदायै एबा सापर्त जाया नोंथाङा फाइलखौ दान्नो हास्थायो ने ?"},{"$i":"file_open_error_download_left_button","$v":"लाइजाम लाखि"},{"$i":"file_open_error_download_right_button","$v":"दान"},{"$i":"restart_download_error","$v":"दाउनलदखौ फिन जागायफिन्नाय समाव मोनसे गोरोन्थि जादोंमोन अन्नानै दाउनलद खालामनो थाखै नाजाफिन।"},{"$i":"no-downloads","$v":"लाखिजायाखै"},{"$i":"byteUnit-B","$v":"B"},{"$i":"byteUnit-KB","$v":"KB"},{"$i":"byteUnit-MB","$v":"MB"},{"$i":"byteUnit-GB","$v":"GB"},{"$i":"byteUnit-TB","$v":"TB"},{"$i":"fileSize","$v":[{"t":"idOrVar","v":"size"}," ",{"t":"idOrVar","v":"unit"}]},{"$i":"percentage","$v":[{"t":"idOrVar","v":"percentage"}," %"]},{"$i":"partialResult","$v":[{"t":"idOrVar","v":"partial"}," / ",{"t":"idOrVar","v":"total"}]},{"$i":"summary","$v":[{"t":"idOrVar","v":"date"}," - ",{"t":"idOrVar","v":"status"}]},{"$i":"download-stopped","$v":"बन्द जाबाय"},{"$i":"download-failed","$v":"डाउनलडा फेलें जाबाय"},{"$i":"open_downloaded_file","$v":"खुलि"},{"$i":"share_downloaded_file","$v":"चेयार खालाम"},{"$i":"wallpaper_downloaded_file","$v":"अवालपेपार महरै थि खालाम"},{"$i":"ringtone_downloaded_file","$v":"मोनसे रिंटन सेट खालाम"},{"$i":"cancel_downloaded_file","$v":"दान"},{"$i":"select-download","$v":"डाउनलड सायख'"},{"$i":"tcl-select-download","$v":"मोनसे डाउनलड सायख'"},{"$i":"tcl-ok","$v":"जागोन"},{"$i":"tcl-cancel","$v":"दान"}]