[{"$i":"weekday-0-long","$v":"اتوار"},{"$i":"weekday-1-long","$v":"پیر"},{"$i":"weekday-2-long","$v":"منگل"},{"$i":"weekday-3-long","$v":"بدھ"},{"$i":"weekday-4-long","$v":"جمعرات"},{"$i":"weekday-5-long","$v":"جمعہ"},{"$i":"weekday-6-long","$v":"سنیچر"},{"$i":"weekday-0-short","$v":"اتوار"},{"$i":"weekday-1-short","$v":"پیر"},{"$i":"weekday-2-short","$v":"منگل"},{"$i":"weekday-3-short","$v":"بدھ"},{"$i":"weekday-4-short","$v":"جمعرات"},{"$i":"weekday-5-short","$v":"جمعہ"},{"$i":"weekday-6-short","$v":"ہفتہ"},{"$i":"month-0-long","$v":"جنوری"},{"$i":"month-1-long","$v":"فروری"},{"$i":"month-2-long","$v":"مارچ"},{"$i":"month-3-long","$v":"اپریل"},{"$i":"month-4-long","$v":"مئی"},{"$i":"month-5-long","$v":"جون"},{"$i":"month-6-long","$v":"جولائی"},{"$i":"month-7-long","$v":"اگست"},{"$i":"month-8-long","$v":"ستمبر"},{"$i":"month-9-long","$v":"اکتوبر"},{"$i":"month-10-long","$v":"نومبر"},{"$i":"month-11-long","$v":"دسمبر"},{"$i":"month-0-genitive","$v":"جنوری"},{"$i":"month-1-genitive","$v":"فروری"},{"$i":"month-2-genitive","$v":"مارچ"},{"$i":"month-3-genitive","$v":"اپریل"},{"$i":"month-4-genitive","$v":"مئی"},{"$i":"month-5-genitive","$v":"جون"},{"$i":"month-6-genitive","$v":"جولائی"},{"$i":"month-7-genitive","$v":"اگست"},{"$i":"month-8-genitive","$v":"ستمبر"},{"$i":"month-9-genitive","$v":"اکتوبر"},{"$i":"month-10-genitive","$v":"نومبر"},{"$i":"month-11-genitive","$v":"دسمبر"},{"$i":"month-0-short","$v":"جنوری"},{"$i":"month-1-short","$v":"فروری"},{"$i":"month-2-short","$v":"مارچ"},{"$i":"month-3-short","$v":"اپریل"},{"$i":"month-4-short","$v":"مئی"},{"$i":"month-5-short","$v":"جون"},{"$i":"month-6-short","$v":"جولائی"},{"$i":"month-7-short","$v":"اگست"},{"$i":"month-8-short","$v":"ستمبر"},{"$i":"month-9-short","$v":"اکتوبر"},{"$i":"month-10-short","$v":"نومبر"},{"$i":"month-11-short","$v":"دسمبر"},{"$i":"minutes-ago-long","$v":{"zero":"ابھی ابھی","one":"ایک منٹ قبل","two":[{"t":"idOrVar","v":"value"}," منٹس قبل"],"few":[{"t":"idOrVar","v":"value"}," منٹس قبل"],"many":[{"t":"idOrVar","v":"value"}," منٹس قبل"],"other":[{"t":"idOrVar","v":"value"}," منٹس قبل"]},"$x":[{"t":"idOrVar","v":"plural"},"value"]},{"$i":"hours-ago-long","$v":{"zero":"ابھی ابھی","one":"ایک گھنٹہ قبل","two":[{"t":"idOrVar","v":"value"}," گھنٹوں قبل"],"few":[{"t":"idOrVar","v":"value"}," گھنٹوں قبل"],"many":[{"t":"idOrVar","v":"value"}," گھنٹوں قبل"],"other":[{"t":"idOrVar","v":"value"}," گھنٹوں قبل"]},"$x":[{"t":"idOrVar","v":"plural"},"value"]},{"$i":"days-ago-long","$v":{"zero":"آج","one":"گزشتہ کل","two":[{"t":"idOrVar","v":"value"}," دن قبل"],"few":[{"t":"idOrVar","v":"value"}," دن قبل"],"many":[{"t":"idOrVar","v":"value"}," دن قبل"],"other":[{"t":"idOrVar","v":"value"}," دن قبل"]},"$x":[{"t":"idOrVar","v":"plural"},"value"]},{"$i":"weeks-ago-long","$v":{"zero":"اس ہفتہ","one":"آخری ہفتہ","two":[{"t":"idOrVar","v":"value"}," ہفتے قبل"],"few":[{"t":"idOrVar","v":"value"}," ہفتے قبل"],"many":[{"t":"idOrVar","v":"value"}," ہفتے قبل"],"other":[{"t":"idOrVar","v":"value"}," ہفتے قبل"]},"$x":[{"t":"idOrVar","v":"plural"},"value"]},{"$i":"months-ago-long","$v":{"zero":"اس ماہ","one":"آخری مہینہ","two":[{"t":"idOrVar","v":"value"}," مہینہ قبل"],"few":[{"t":"idOrVar","v":"value"}," مہینہ قبل"],"many":[{"t":"idOrVar","v":"value"}," مہینہ قبل"],"other":[{"t":"idOrVar","v":"value"}," مہینہ قبل"]},"$x":[{"t":"idOrVar","v":"plural"},"value"]},{"$i":"years-ago-long","$v":{"zero":"اس سال","one":"آخری سال","two":[{"t":"idOrVar","v":"value"}," سال قبل"],"few":[{"t":"idOrVar","v":"value"}," سال قبل"],"many":[{"t":"idOrVar","v":"value"}," سال قبل"],"other":[{"t":"idOrVar","v":"value"}," سال قبل"]},"$x":[{"t":"idOrVar","v":"plural"},"value"]},{"$i":"minutes-until-long","$v":{"zero":"ابھی","one":"ایک منٹ میں","two":[{"t":"idOrVar","v":"value"}," منٹوں میں"],"few":[{"t":"idOrVar","v":"value"}," منٹوں میں"],"many":[{"t":"idOrVar","v":"value"}," منٹوں میں"],"other":[{"t":"idOrVar","v":"value"}," منٹوں میں"]},"$x":[{"t":"idOrVar","v":"plural"},"value"]},{"$i":"hours-until-long","$v":{"zero":"ابھی","one":"ایک گھٹے میں","two":[{"t":"idOrVar","v":"value"}," گھنٹوں میں"],"few":[{"t":"idOrVar","v":"value"}," گھنٹوں میں"],"many":[{"t":"idOrVar","v":"value"}," گھنٹوں میں"],"other":[{"t":"idOrVar","v":"value"}," گھنٹوں میں"]},"$x":[{"t":"idOrVar","v":"plural"},"value"]},{"$i":"days-until-long","$v":{"zero":"آج","one":"tomorrow","two":[{"t":"idOrVar","v":"value"}," دنوں میں"],"few":[{"t":"idOrVar","v":"value"}," دنوں میں"],"many":[{"t":"idOrVar","v":"value"}," دنوں میں"],"other":[{"t":"idOrVar","v":"value"}," دنوں میں"]},"$x":[{"t":"idOrVar","v":"plural"},"value"]},{"$i":"weeks-until-long","$v":{"zero":"اس ہفتہ","one":"اگلے ہفتے","two":[{"t":"idOrVar","v":"value"}," ہفتوں میں"],"few":[{"t":"idOrVar","v":"value"}," ہفتوں میں"],"many":[{"t":"idOrVar","v":"value"}," ہفتوں میں"],"other":[{"t":"idOrVar","v":"value"}," ہفتوں میں"]},"$x":[{"t":"idOrVar","v":"plural"},"value"]},{"$i":"months-until-long","$v":{"zero":"اس ماہ","one":"اگلے ماہ","two":[{"t":"idOrVar","v":"value"}," مہینوں میں"],"few":[{"t":"idOrVar","v":"value"}," مہینوں میں"],"many":[{"t":"idOrVar","v":"value"}," مہینوں میں"],"other":[{"t":"idOrVar","v":"value"}," مہینوں میں"]},"$x":[{"t":"idOrVar","v":"plural"},"value"]},{"$i":"years-until-long","$v":{"zero":"اس سال","one":"اگلے سال","two":[{"t":"idOrVar","v":"value"}," سالوں میں"],"few":[{"t":"idOrVar","v":"value"}," سالوں میں"],"many":[{"t":"idOrVar","v":"value"}," سالوں میں"],"other":[{"t":"idOrVar","v":"value"}," سالوں میں"]},"$x":[{"t":"idOrVar","v":"plural"},"value"]},{"$i":"minutes-ago-short","$v":{"zero":"ابھی ابھی","other":[{"t":"idOrVar","v":"value"}," منٹ قبل"]},"$x":[{"t":"idOrVar","v":"plural"},"value"]},{"$i":"hours-ago-short","$v":{"zero":"ابھی ابھی","other":[{"t":"idOrVar","v":"value"}," گھنٹہ قبل"]},"$x":[{"t":"idOrVar","v":"plural"},"value"]},{"$i":"days-ago-short","$v":{"zero":"آج","other":[{"t":"idOrVar","v":"value"}," دن قبل"]},"$x":[{"t":"idOrVar","v":"plural"},"value"]},{"$i":"minutes-until-short","$v":{"zero":"ابھی","other":[{"t":"idOrVar","v":"value"}," منٹ میں"]},"$x":[{"t":"idOrVar","v":"plural"},"value"]},{"$i":"hours-until-short","$v":{"zero":"ابھی","other":[{"t":"idOrVar","v":"value"}," گھنٹے میں"]},"$x":[{"t":"idOrVar","v":"plural"},"value"]},{"$i":"days-until-short","$v":{"zero":"آج","other":[{"t":"idOrVar","v":"value"}," دن میں"]},"$x":[{"t":"idOrVar","v":"plural"},"value"]},{"$i":"incorrectDate","$v":"(غلط تاریخ)"},{"$i":"dateTimeFormat_%c","$v":"%a %b %e %Y %I:%M:%S %p"},{"$i":"dateTimeFormat_%x","$v":"%m/%d/%Y"},{"$i":"dateTimeFormat_%X","$v":"%I:%M:%S %p"},{"$i":"shortTimeFormat","$v":"%I:%M %p"},{"$i":"shortTimeFormat12","$v":"%I:%M %p"},{"$i":"shortTimeFormat24","$v":"%H:%M"},{"$i":"shortDateTimeFormat","$v":"%x %I:%M %p"},{"$i":"weekStartsOnMonday","$v":"0"},{"$i":"firstDayOfTheWeek","$v":"0"},{"$i":"time_am","$v":"AM"},{"$i":"time_pm","$v":"PM"},{"$i":"stopped_download_title","$v":"ڈاؤن لوڈ رک گئی"},{"$i":"tcl-stopped_download_message","$v":"یہ ڈاؤن لوڈ روک دی گئی تھی۔ کیا آپ ڈاؤن لوڈ دوبارہ شروع کرنا چاہیں گے؟"},{"$i":"stopped_download_left_button","$v":"منسوخ کریں"},{"$i":"stopped_download_right_button","$v":"دوبارہ کوشش کریں"},{"$i":"failed_download_title","$v":"ڈاؤن لوڈ ناکام"},{"$i":"failed_download_message","$v":[{"t":"idOrVar","v":"name"}," ڈاؤن لوڈ کرنے میں ناکام ہوگیا۔ دوبارہ ڈاؤن لوڈ کی کوشش کریں؟"]},{"$i":"failed_download_left_button","$v":"منسوخ کریں"},{"$i":"failed_download_right_button","$v":"دوبارہ کوشش کریں"},{"$i":"stop_download_title","$v":"ڈاؤن لوڈ روکیں"},{"$i":"stop_download_message","$v":"کیا آپ یقیناً ڈاؤن لوڈ روکنا چاہتے ہیں"},{"$i":"stop_download_left_button","$v":"نہیں"},{"$i":"stop_download_right_button","$v":"ہاں"},{"$i":"delete_download_title","$v":"حذف کریں"},{"$i":"delete_download_message","$v":[{"t":"idOrVar","v":"name"}," حذف کریں؟"]},{"$i":"delete_download_left_button","$v":"منسوخ کریں"},{"$i":"delete_download_right_button","$v":"حذف کریں"},{"$i":"delete_all_download_title","$v":"حذف کریں"},{"$i":"delete_all_download_left_button","$v":"منسوخ کریں"},{"$i":"delete_all_download_right_button","$v":"حذف کریں"},{"$i":"delete_all_download_message","$v":{"zero":"کوئی فائلیں حذف نہ کریں؟","one":"ایک فائل حذف کریں؟","two":[{"t":"idOrVar","v":"number"}," فائلیں حذف کریں؟"],"few":[{"t":"idOrVar","v":"number"}," فائلیں حذف کریں؟"],"many":[{"t":"idOrVar","v":"number"}," فائلیں حذف کریں؟"],"other":[{"t":"idOrVar","v":"number"}," فائلیں حذف کریں؟"]},"$x":[{"t":"idOrVar","v":"plural"},"number"]},{"$i":"unsupported_file_type_download_title","$v":"کھولنے سے قاصر"},{"$i":"unsupported_file_type_download_message","$v":["کوئی ایپس نہیں جو ",{"t":"idOrVar","v":"name"}," کو کھول سکے۔ کیا آپ فائل کو محفوظ یا حذف کرنا چاہیں گے؟"]},{"$i":"unsupported_file_type_download_left_button","$v":"فائل رکھیں"},{"$i":"unsupported_file_type_download_right_button","$v":"حذف کریں"},{"$i":"file_not_found_download_title","$v":"فائل نہیں ملی"},{"$i":"file_not_found_download_message","$v":"فائل آلہ پر نہیں ملی تھی"},{"$i":"file_not_found_download_right_button","$v":"ٹھیک ہے"},{"$i":"unmounted_sdcard_2_download_title","$v":"میموری کارڈ زیر استعمال"},{"$i":"unmounted_sdcard_2_download_message","$v":"فون ان پلگ کریں"},{"$i":"unmounted_sdcard_2_download_right_button","$v":"ٹھیک ہے"},{"$i":"no_provider_download_title","$v":"اشتراک کرنے سے قاصر"},{"$i":"no_provider_download_message","$v":"کوئی فراہم کنندہ نہیں ملا"},{"$i":"no_provider_download_right_button","$v":"ٹھیک ہے"},{"$i":"no_memory_download_title","$v":"SD کارڈ بھر ہوا ہے"},{"$i":"no_memory_download_message","$v":"ڈاؤن لوڈ محفوظ کرنے کیلئے آپ کے SD کارڈ پر مزید روم نہیں ہے۔ براہ کرم ڈاؤن لوڈ کو دوبارہ شروع کرنے سے قبل کچھ فائلیں نکال دیں۔"},{"$i":"no_memory_download_right_button","$v":"ٹھیک ہے"},{"$i":"no_sdcard_found_2_download_title","$v":"کوئی میموری کارڈ نہیں ملا"},{"$i":"no_sdcard_found_2_download_message","$v":"میموری کارڈ داخل کریں یا سیٹنگز میں کوئی متبادل ڈیفالٹ میڈیا کا مقام منتخب کریں"},{"$i":"no_sdcard_found_2_download_right_button","$v":"ٹھیک ہے"},{"$i":"file_open_error_download_title","$v":"کھولنے سے قاصر"},{"$i":"file_open_error_download_message","$v":"یہ فائل فارمیٹ غیر مجاز یا غیر تائيد یافتہ ہے۔ کیا آپ فائل کو حذف کرنا چاہتے ہیں؟"},{"$i":"file_open_error_download_left_button","$v":"فائل رکھیں"},{"$i":"file_open_error_download_right_button","$v":"حذف کریں"},{"$i":"restart_download_error","$v":"ڈاؤن لوڈ دوبارہ شروع کرنے میں کچھ مسئلہ تھا۔ براہ کرم دوبارہ ڈاؤن لوڈ کرنے کی کوشش کریں۔"},{"$i":"no-downloads","$v":"کوئی ڈاؤن لوڈز نہیں"},{"$i":"byteUnit-B","$v":"بائٹس"},{"$i":"byteUnit-KB","$v":"KB"},{"$i":"byteUnit-MB","$v":"MB"},{"$i":"byteUnit-GB","$v":"GB"},{"$i":"byteUnit-TB","$v":"TB"},{"$i":"fileSize","$v":[{"t":"idOrVar","v":"size"}," ",{"t":"idOrVar","v":"unit"}]},{"$i":"percentage","$v":[{"t":"idOrVar","v":"percentage"}," %"]},{"$i":"partialResult","$v":[{"t":"idOrVar","v":"partial"}," / ",{"t":"idOrVar","v":"total"}]},{"$i":"summary","$v":[{"t":"idOrVar","v":"date"}," - ",{"t":"idOrVar","v":"status"}]},{"$i":"download-stopped","$v":"روک دیا گیا"},{"$i":"download-failed","$v":"ڈاؤن لوڈ ناکام"},{"$i":"open_downloaded_file","$v":"کھولیں"},{"$i":"share_downloaded_file","$v":"اشتراک کریں"},{"$i":"wallpaper_downloaded_file","$v":"وال پیپر کے طور پر سیٹ کریں"},{"$i":"ringtone_downloaded_file","$v":"رنگ ٹون کے طور پر سیٹ کریں"},{"$i":"cancel_downloaded_file","$v":"منسوخ کریں"},{"$i":"select-download","$v":"ڈاؤن لوڈ منتخب کریں"},{"$i":"tcl-select-download","$v":"ڈاؤن لوڈ منتخب کریں"},{"$i":"tcl-ok","$v":"ٹھیک ہے"},{"$i":"tcl-cancel","$v":"منسوخ کریں"}]