[{"$i":"bluetooth-header","$v":[{"t":"idOrVar","v":"bluetooth"}]},{"$i":"bluetooth-enable-msg","$v":"ক্ষেত্ৰটোত থকা ডিভাইচসমূহ চাবলৈ ব্লুটুথ অন কৰক ৷"},{"$i":"bluetooth-paired-devices","$v":"যোৰা লগা ডিভাইচসমূহ"},{"$i":"bluetooth-devices-nearby","$v":"ওচৰৰ ডিভাইচসমূহ"},{"$i":"bt-nodevices-nearby","$v":"ওচৰত কোনো ডিভাইচ পোৱা নাই ৷"},{"$i":"bluetooth-visible-to-all","$v":"সকলোলৈকে দৃশ্যমান"},{"$i":"bluetooth-name-maxlength-alert","$v":["আপোনাৰ ডিভাইচৰ নামে ",{"t":"idOrVar","v":"length"}," বৰ্ণ অতিক্ৰম কৰিছে ৷ অনুগ্ৰহ কৰি পুনৰ চেষ্টা কৰক ৷"]},{"$i":"bluetooth-address","$v":"ব্লুটুথ ঠিকনা"},{"$i":"bluetooth-address-unavailable","$v":"উপলব্ধ নহয়"},{"$i":"bt-status-nopaired","$v":"কোনো ডিভাইচ যোৰা লগা নাই"},{"$i":"bt-status-turnoff","$v":"অফ কৰা হৈছে"},{"$i":"bt-status-paired","$v":{"zero":[{"t":"idOrVar","v":"name"}],"one":[{"t":"idOrVar","v":"name"},", +",{"t":"idOrVar","v":"n"}," অধিক"],"two":[{"t":"idOrVar","v":"name"},", +",{"t":"idOrVar","v":"n"}," অধিক"],"few":[{"t":"idOrVar","v":"name"},", +",{"t":"idOrVar","v":"n"}," অধিক"],"many":[{"t":"idOrVar","v":"name"},", +",{"t":"idOrVar","v":"n"}," অধিক"],"other":[{"t":"idOrVar","v":"name"},", +",{"t":"idOrVar","v":"n"}," অধিক"]},"$x":[{"t":"idOrVar","v":"plural"},"n"]},{"$i":"device-status-tap-connect","$v":"যোৰা লগাবলৈ \"বাছনি কৰক \" টিপক"},{"$i":"device-status-pairing","$v":"ডিভাইচৰ সৈতে যোৰা লাগি আছে…"},{"$i":"device-status-waiting","$v":"অন্য ডিভাইচৰ বাবে অপেক্ষাৰত…"},{"$i":"device-status-paired","$v":"যোৰা লাগিছে"},{"$i":"device-status-connecting","$v":"সংযোগ হৈ আছে…"},{"$i":"device-status-connected","$v":"সংযোগ কৰা হল"},{"$i":"device-status-connected-phone","$v":"ফোন অডিঅ’লৈ সংযোগ কৰা হৈছে"},{"$i":"device-status-connected-media","$v":"মিডিয়া অডিঅ’লৈ সংযোগ কৰা হৈছে"},{"$i":"device-status-connected-phone-media","$v":"ফোন/মিডিয়া অডিঅ’লৈ সংযোগ কৰা হৈছে"},{"$i":"device-option-unpair","$v":"আনপেয়াৰ কৰক"},{"$i":"device-option-confirm","$v":"নিশ্চিত কৰক"},{"$i":"device-option-unpair-confirmation","$v":"নিশ্চিতিকৰণ"},{"$i":"device-option-unpair-device","$v":"ডিভাইচ আনপেয়াৰ কৰিব?"},{"$i":"device-option-connect","$v":"সংযোগ কৰক"},{"$i":"device-option-disconnect","$v":"সংযোগ বিচ্ছিন্ন কৰক"},{"$i":"search-for-device","$v":"ডিভাইচসমূহ অনুসন্ধান কৰি আছে..."},{"$i":"search-device","$v":"ডিভাইচসমূহৰ বাবে অনুসন্ধান কৰক"},{"$i":"rename-device","$v":"মোৰ ডিভাইচ পুনঃনামাকৰণ কৰক"},{"$i":"unnamed-device","$v":"অজ্ঞাত ডিভাইচ"},{"$i":"change-phone-name","$v":"ফোনৰ নাম পৰিৱৰ্তন কৰক"},{"$i":"change-phone-name-desc","$v":"আপোনাৰ ডিভাইচৰ নাম যেনেদৰে কম্পিউটাৰত প্ৰকট হৈছে তেনেদৰে পৰিৱৰ্তন কৰক"},{"$i":"bluetooth-new-name","$v":"নতুন নাম"},{"$i":"error-pair-title","$v":"ডিভাইচসমূহ যোৰা লগাবলৈ অক্ষম"},{"$i":"error-pair-pincode","$v":"ডিভাইচৰ সৈতে যোৰা লগাবলৈ অক্ষম ৷ পিনটো শুদ্ধনে পৰীক্ষা কৰক ৷"},{"$i":"error-pair-toofast","$v":"ডিভাইচৰ সৈতে যোৰা লগাবলৈ অক্ষম ৷ বহু বেছি অনুৰোধ ৷"},{"$i":"error-connect-title","$v":"ডিভাইচসমূহ সংযোগ কৰিবলৈ অক্ষম"},{"$i":"error-connect-msg","$v":"আপুনি সংযোগ কৰিবলৈ চেষ্টা কৰি থকা ডিভাইচটো এতিয়াও পৰিসৰত থকাটো আৰু ব্লুটুথ অন হৈ থকাটো পৰীক্ষা কৰক ৷"},{"$i":"unpair-title","$v":"এটা সংযোগিত ডিভাইচ আনপেয়াৰ কৰিবনে ?"},{"$i":"unpair-msg","$v":"আপুনি বৰ্তমান এই ডিভাইচটোলৈ সংযোগিত হৈ আছে ৷ আনপেয়াৰিঙেও ইয়াৰ পৰা সংযোগহীন কৰিব ৷"},{"$i":"bluetooth","$v":"ব্লুটুথ"},{"$i":"turn-bluetooth-on-title","$v":"ব্লুটুথ অন কৰক"},{"$i":"bluetooth-status-description","$v":"ব্লুটুথ অক্ষম কৰা হৈছে"},{"$i":"turn-bluetooth-on","$v":"ব্লুটুথ অক্ষম কৰা হৈছে, আপুনি ব্লুটুথ অন কৰিব বিচাৰে নেকি ?"},{"$i":"cancel","$v":"বাতিল কৰক"},{"$i":"turn-on","$v":"অন কৰক"},{"$i":"error-transfer-title","$v":"ব্লুটুথ ফাইল স্থানান্তৰ বিফল হ’ল"},{"$i":"error-transfer-settings","$v":"ব্লুটুথ ফাইল স্থানান্তৰ বিফল হ’ল ৷ ব্লুটুথ ছেটিংছ শুদ্ধনে পৰীক্ষা কৰক।"},{"$i":"ok","$v":"ঠিক আছে"},{"$i":"pair","$v":"যোৰা"},{"$i":"active-pair","$v":"যোৰা লগাবলৈ ডিভাইচসমূহ নিশ্চিত কৰক"},{"$i":"active-pair-confirmation","$v":[{"t":"idOrVar","v":"device"},"ৰ সৈতে যোৰা লগাবলৈ, সম্প্ৰতি দুয়োটা ডিভাইচতে নিম্নোক্ত পিনটো প্ৰদৰ্শিত হোৱাটো নিশ্চিত কৰক:"]},{"$i":"active-pair-pincode","$v":[{"t":"idOrVar","v":"device"},"ৰ সৈতে যোৰা লগাবলৈ, ডিভাইচটোত পিনটো লিখক ৷"]},{"$i":"active-pair-passkey","$v":[{"t":"idOrVar","v":"device"},"ৰ সৈতে যোৰা লগাবলৈ, ডিভাইচটোত পাছকীটো লিখক ৷"]},{"$i":"passive-pair","$v":"ব্লুটুথ যোৰা লগোৱা অনুৰোধ"},{"$i":"passive-pair-confirmation","$v":"এই ফোনটোৰ সৈতে যোৰা লগাব বিচাৰিছো । স্বীকাৰ কৰিবলৈ, সম্প্ৰতি দুয়োটা ডিভাইচতে নিম্নোক্ত পিনটো প্ৰদৰ্শিত হোৱাটো নিশ্চিত কৰক:"},{"$i":"passive-pair-pincode","$v":"এই ফোনটোৰ সৈতে যোৰা লগাব বিচাৰিছে ৷ স্বীকাৰ কৰিবলৈ, ডিভাইচটোত পিনটো লিখক ৷"},{"$i":"passive-pair-passkey","$v":[{"t":"idOrVar","v":"device"}," এ এই ফোনটোৰ সৈতে যোৰা লগাব বিচাৰিছে ৷ স্বীকাৰ কৰিবলৈ, ডিভাইচটোত পাছকীটো লিখক ৷"]},{"$i":"passive-pair-enterpincode","$v":"এই ফোনটোৰ সৈতে যোৰা লগাব বিচাৰিছে ৷ স্বীকাৰ কৰিবলৈ, ডিভাইচটোত পিনটো লিখক ৷"},{"$i":"pair-view-title","$v":"ব্লুটুথ অনুৰোধ"},{"$i":"bluetooth-pairing-request-now-title","$v":"ব্লুটুথ যোৰা লগোৱা অনুৰোধ"},{"$i":"pairing-request-timeout-title","$v":"ব্লুটুথ যোৰা লগোৱা অনুৰোধ"},{"$i":"pairing-request-timeout-description","$v":"ব্লুটুথ যোৰা লগা অনুৰোধৰ ম্যাদ উকলিল ৷ পুনৰ যোৰা লগাবলৈ চেষ্টা কৰক।"},{"$i":"tcl-turn-on","$v":"অন কৰক"},{"$i":"tcl-stop","$v":"ৰখক"},{"$i":"tcl-send","$v":"প্ৰেৰণ কৰক"},{"$i":"tcl-refresh","$v":"ৰিফ্ৰেচ কৰক"},{"$i":"tcl-search-new-device","$v":"নতুন ডিভাইচ অনুসন্ধান কৰক"},{"$i":"tcl-search-new-device-desc","$v":"আৱিষ্কাৰযোগ্য মোডত আপুনি সংযোগ কৰিবলৈ ইচ্ছা কৰা ডিভাইচটো ৰাখক ৷"},{"$i":"tcl-select-device","$v":"ডিভাইচ বাছনি কৰক"},{"$i":"tcl-add-new-device","$v":"নতুন ডিভাইচ যোগ কৰক"},{"$i":"select","$v":"বাছনি কৰক"}]