[{"$i":"bluetooth-header","$v":[{"t":"idOrVar","v":"bluetooth"}]},{"$i":"bluetooth-enable-msg","$v":"खेत्तर च डिवाइस दिक्खने लेई ब्लूटूथ चालू करो।"},{"$i":"bluetooth-paired-devices","$v":"जोड़े गेदे डिवाइस"},{"$i":"bluetooth-devices-nearby","$v":"नेड़मां डिवाइस"},{"$i":"bt-nodevices-nearby","$v":"नेड़ै कोई डिवाइस नेईं मिलेआ।"},{"$i":"bluetooth-visible-to-all","$v":"सभनें लेई दृश्शमान"},{"$i":"bluetooth-name-maxlength-alert","$v":["थुआढ़ा डिवाइस नांऽ ",{"t":"idOrVar","v":"length"}," वर्णें थमां मती ऐ। किरपा करियै मुड़-कोशिश करो।"]},{"$i":"bluetooth-address","$v":"ब्लूटूथ पता"},{"$i":"bluetooth-address-unavailable","$v":"उपलब्ध नेईं ऐ"},{"$i":"bt-status-nopaired","$v":"कोई डिवाइस जोड़ बनाया गेदा नेईं ऐ"},{"$i":"bt-status-turnoff","$v":"बंद ऐ"},{"$i":"bt-status-paired","$v":{"zero":[{"t":"idOrVar","v":"name"}],"one":[{"t":"idOrVar","v":"name"},", + ",{"t":"idOrVar","v":"n"}," होर"],"two":[{"t":"idOrVar","v":"name"},", + ",{"t":"idOrVar","v":"n"}," होर"],"few":[{"t":"idOrVar","v":"name"},", + ",{"t":"idOrVar","v":"n"}," होर"],"many":[{"t":"idOrVar","v":"name"},", + ",{"t":"idOrVar","v":"n"}," होर"],"other":[{"t":"idOrVar","v":"name"},", + ",{"t":"idOrVar","v":"n"}," होर"]},"$x":[{"t":"idOrVar","v":"plural"},"n"]},{"$i":"device-status-tap-connect","$v":"जोड़ बनाने लेई\"चुनो\" दबाओ"},{"$i":"device-status-pairing","$v":"डिवाइस कन्नै जोड़ होआ करा ऐ ..."},{"$i":"device-status-waiting","$v":"होर डिवाइस दा इंतजार होआ करदा ऐ ..."},{"$i":"device-status-paired","$v":"जोड़ कीते दा"},{"$i":"device-status-connecting","$v":"कनेक्ट होआ करदा ऐ ..."},{"$i":"device-status-connected","$v":"जुड़े दा"},{"$i":"device-status-connected-phone","$v":"फोन ऑडियो कन्नै कनेक्ट कीता गेदा"},{"$i":"device-status-connected-media","$v":"मीडिया ऑडियो कन्नै कनेक्ट"},{"$i":"device-status-connected-phone-media","$v":"फोन/ मीडिया आडियो कन्नै कनेक्टड ऐ"},{"$i":"device-option-unpair","$v":"अनपेयर"},{"$i":"device-option-confirm","$v":"तस्दीक करो"},{"$i":"device-option-unpair-confirmation","$v":"पुश्टिकरण"},{"$i":"device-option-unpair-device","$v":"डिवाइस बे-जोड़ा करो?"},{"$i":"device-option-connect","$v":"कनेक्ट"},{"$i":"device-option-disconnect","$v":"डिस्कनेक्ट करो"},{"$i":"search-for-device","$v":"डिवाइसें दी तपाश होआ करदी ऐ..."},{"$i":"search-device","$v":"उपकरणें दी तपाश"},{"$i":"rename-device","$v":"मेरे डिवाइस दा नांऽ बदलो"},{"$i":"unnamed-device","$v":"अनजांता डिवाइस"},{"$i":"change-phone-name","$v":"फोन नांऽ बदलो"},{"$i":"change-phone-name-desc","$v":"अपने डिवाइस दा नांऽ बदलो जियां थुआढ़े कंप्यूटर च लभदा ऐ"},{"$i":"bluetooth-new-name","$v":"नमां नांऽ"},{"$i":"error-pair-title","$v":"डिवाइसें च जोड़ बनाने च असमर्थ"},{"$i":"error-pair-pincode","$v":"डिवाइस कन्नै जोड़ करने च असमर्थ। जांचो जे पिन स्हेई ऐ।"},{"$i":"error-pair-toofast","$v":"डिवाइस कन्नै जोड़ करने च असमर्थ। बड़े मते अनुरोध।"},{"$i":"error-connect-title","$v":"डिवाइस कनेक्ट करने च असमर्थ"},{"$i":"error-connect-msg","$v":"जांचो जे तुस जिस डिवाइस कन्नै कनेक्ट होने दी कोशिश करै करदे ओ ओह् अजें बी पौंह्‌च च ऐ ते ब्लूटूथ चालू ऐ।"},{"$i":"unpair-title","$v":"कनेक्टड डिवाइस गी बे-जोड़ा करो?"},{"$i":"unpair-msg","$v":"तुस इसलै इस डिवाइस कन्नै कनेक्ट ओ। बे-जोड़ करना इस थमां बी डिस्कनेक्ट होग।"},{"$i":"bluetooth","$v":"ब्लूटुथ"},{"$i":"turn-bluetooth-on-title","$v":"ब्लूटूथ चालू करो"},{"$i":"bluetooth-status-description","$v":"ब्लूटूथ नकारा ऐ"},{"$i":"turn-bluetooth-on","$v":"ब्लूटूथ नकारा ऐ, क्या तुस ब्लूटूथ चालू करना चांह्​दे ओ?"},{"$i":"cancel","$v":"रद्द करो"},{"$i":"turn-on","$v":"चालू करो"},{"$i":"error-transfer-title","$v":"ब्लूटूथ फाइल ट्रांसफर असफल होआ"},{"$i":"error-transfer-settings","$v":"ब्लूटूथ फाइल ट्रांसफर असफल होआ। जांचो जे ब्लूटूथ सेटिंगां स्हेई न।"},{"$i":"ok","$v":"ठीक ऐ"},{"$i":"pair","$v":"पेयर"},{"$i":"active-pair","$v":"डिवाइस जोड़ करने लेई पुश्टि करो"},{"$i":"active-pair-confirmation","$v":[{"t":"idOrVar","v":"device"},"कन्नै जोड़ करने लेई, जकीनी करो कि दोनें डिवाइसों च इसलै एह्‌कड़ा पिन डिस्पले कीता गेआ ऐ।"]},{"$i":"active-pair-pincode","$v":[{"t":"idOrVar","v":"device"}," कन्नै जोड़ करने लेई, डिवाइस पर पिन दर्ज करो।"]},{"$i":"active-pair-passkey","$v":[{"t":"idOrVar","v":"device"}," कन्नै जोड़ करने लेई, डिवाइस पर पासकी दर्ज करो।"]},{"$i":"passive-pair","$v":"ब्लूटूथ जोड़ अनुरोध"},{"$i":"passive-pair-confirmation","$v":"क्या इस फोन कन्नै जुड़ना चांह्‌दे ओ। मंजूर करने लेई, जकीनी करो जे दोनें डिवाइसें च इसलै एह्‌कड़ा पिन डिस्पले कीता गेआ ऐ:"},{"$i":"passive-pair-pincode","$v":"क्या इस फोन कन्नै जुड़ना चांह्‌दे ओ। मंजूर करने लेई, डिवाइस पर पिन दर्ज करो।"},{"$i":"passive-pair-passkey","$v":[{"t":"idOrVar","v":"device"}," इस फोन कन्नै जुड़ना चांह्‌दा ऐ। मंजूर करने लेई, डिवाइस पर पासकी दर्ज करो।"]},{"$i":"passive-pair-enterpincode","$v":"क्या इस फोन कन्नै जुड़ना चांह्‌दे ओ। मंजूर करने लेई, डिवाइस पर पिन दर्ज करो।"},{"$i":"pair-view-title","$v":"ब्लूटूथ अनुरोध"},{"$i":"bluetooth-pairing-request-now-title","$v":"ब्लूटूथ जोड़ अनुरोध"},{"$i":"pairing-request-timeout-title","$v":"ब्लूटूथ जोड़ अनुरोध"},{"$i":"pairing-request-timeout-description","$v":"ब्लूटूथ जोड़ बनाना अनुरोध मन्याद खत्म। परतियै जोड़ बनाने दी कोशिश करो।"},{"$i":"tcl-turn-on","$v":"चालू करो"},{"$i":"tcl-stop","$v":"रूको"},{"$i":"tcl-send","$v":"भेजो"},{"$i":"tcl-refresh","$v":"रिफ्रेश करो"},{"$i":"tcl-search-new-device","$v":"नमां डिवाइस तपाशो"},{"$i":"tcl-search-new-device-desc","$v":"ओह् डिवाइस रक्खो जिसी तुस तपाश जोग मोड च कनेक्ट करना चांह्​दे ओ।"},{"$i":"tcl-select-device","$v":"डिवाइस चुनो"},{"$i":"tcl-add-new-device","$v":"नमां डिवाइस जोड़ो"},{"$i":"select","$v":"चुनो"}]