[{"$i":"bluetooth-header","$v":[{"t":"idOrVar","v":"bluetooth"}]},{"$i":"bluetooth-enable-msg","$v":"Turn Bluetooth On to view devices in the area."},{"$i":"bluetooth-paired-devices","$v":"Paired devices"},{"$i":"bluetooth-devices-nearby","$v":"Nearby Devices"},{"$i":"bt-nodevices-nearby","$v":"No nearby devices found."},{"$i":"bluetooth-visible-to-all","$v":"Visible to all"},{"$i":"bluetooth-name-maxlength-alert","$v":["Your device name exceeds ",{"t":"idOrVar","v":"length"}," characters. Please try again."]},{"$i":"bluetooth-address","$v":"Bluetooth Address"},{"$i":"bluetooth-address-unavailable","$v":"Not available"},{"$i":"bt-status-nopaired","$v":"No devices paired."},{"$i":"bt-status-turnoff","$v":"Turned off"},{"$i":"bt-status-paired","$v":{"zero":[{"t":"idOrVar","v":"name"}],"one":[{"t":"idOrVar","v":"name"},", +",{"t":"idOrVar","v":"n"}," more"],"two":[{"t":"idOrVar","v":"name"},", +",{"t":"idOrVar","v":"n"}," more"],"few":[{"t":"idOrVar","v":"name"},", +",{"t":"idOrVar","v":"n"}," more"],"many":[{"t":"idOrVar","v":"name"},", +",{"t":"idOrVar","v":"n"}," more"],"other":[{"t":"idOrVar","v":"name"},", +",{"t":"idOrVar","v":"n"}," more"]},"$x":[{"t":"idOrVar","v":"plural"},"n"]},{"$i":"device-status-tap-connect","$v":"Press \"Select\" to pair."},{"$i":"device-status-pairing","$v":"Pairing with device…"},{"$i":"device-status-waiting","$v":"Waiting for other device…"},{"$i":"device-status-paired","$v":"Paired"},{"$i":"device-status-connecting","$v":"Connecting…"},{"$i":"device-status-connected","$v":"Connected"},{"$i":"device-status-connected-phone","$v":"Connected to phone audio."},{"$i":"device-status-connected-media","$v":"Connected to media audio."},{"$i":"device-status-connected-phone-media","$v":"Connected to phone/media audio."},{"$i":"device-option-unpair","$v":"Unpair"},{"$i":"device-option-confirm","$v":"Confirm"},{"$i":"device-option-unpair-confirmation","$v":"Confirmation"},{"$i":"device-option-unpair-device","$v":"Unpair device?"},{"$i":"device-option-connect","$v":"Connect"},{"$i":"device-option-disconnect","$v":"Disconnect"},{"$i":"search-for-device","$v":"Searching for devices…"},{"$i":"search-device","$v":"Search for devices"},{"$i":"rename-device","$v":"Rename my device"},{"$i":"unnamed-device","$v":"Unknown device"},{"$i":"change-phone-name","$v":"Change phone name"},{"$i":"change-phone-name-desc","$v":"Change the name of your device as it appears in your computer."},{"$i":"bluetooth-new-name","$v":"New name"},{"$i":"error-pair-title","$v":"Unable to pair devices."},{"$i":"error-pair-pincode","$v":"Unable to pair with the device. Check that the PIN is correct."},{"$i":"error-pair-toofast","$v":"Unable to pair with the device. Too many requests."},{"$i":"error-connect-title","$v":"Unable to connect devices."},{"$i":"error-connect-msg","$v":"Check that the device you’re trying to connect with is still in range and has Bluetooth turned on."},{"$i":"unpair-title","$v":"Unpair a connected device?"},{"$i":"unpair-msg","$v":"You are currently connected to this device. Unpairing will also disconnect from it."},{"$i":"bluetooth","$v":"Bluetooth"},{"$i":"turn-bluetooth-on-title","$v":"Turn On Bluetooth"},{"$i":"bluetooth-status-description","$v":"Bluetooth is disabled."},{"$i":"turn-bluetooth-on","$v":"Bluetooth is disabled, do you want to turn On Bluetooth?"},{"$i":"cancel","$v":"Cancel"},{"$i":"turn-on","$v":"Turn On"},{"$i":"error-transfer-title","$v":"Bluetooth file transfer failed."},{"$i":"error-transfer-settings","$v":"Bluetooth file transfer failed. Check that the Bluetooth settings are correct."},{"$i":"ok","$v":"OK"},{"$i":"pair","$v":"Pair"},{"$i":"active-pair","$v":"Confirm devices to pair."},{"$i":"active-pair-confirmation","$v":["To pair with ",{"t":"idOrVar","v":"device"},", make sure that both devices currently have the following PIN displayed:"]},{"$i":"active-pair-pincode","$v":["To pair with ",{"t":"idOrVar","v":"device"},", enter the PIN on the device."]},{"$i":"active-pair-passkey","$v":["To pair with ",{"t":"idOrVar","v":"device"},", enter the passkey on the device."]},{"$i":"passive-pair","$v":"Bluetooth pairing request"},{"$i":"passive-pair-confirmation","$v":"would like to pair with this phone. To accept, make sure that both devices currently have the following PIN displayed:"},{"$i":"passive-pair-pincode","$v":"would like to pair with this phone. To accept, enter the PIN on the device."},{"$i":"passive-pair-passkey","$v":[{"t":"idOrVar","v":"device"}," would like to pair with this phone. To accept, enter the passkey on the device."]},{"$i":"passive-pair-enterpincode","$v":"would like to pair with this phone. To accept, enter the PIN on the device."},{"$i":"pair-view-title","$v":"Bluetooth Request"},{"$i":"bluetooth-pairing-request-now-title","$v":"Bluetooth pairing request"},{"$i":"pairing-request-timeout-title","$v":"Bluetooth Pairing Request"},{"$i":"pairing-request-timeout-description","$v":"Bluetooth pairing request expired. Try to pair again."},{"$i":"tcl-turn-on","$v":"Turn On"},{"$i":"tcl-stop","$v":"Stop"},{"$i":"tcl-send","$v":"Send"},{"$i":"tcl-refresh","$v":"Refresh"},{"$i":"tcl-search-new-device","$v":"Search New Device"},{"$i":"tcl-search-new-device-desc","$v":"Place the device you wish to connect in discoverable mode."},{"$i":"tcl-select-device","$v":"Select Device"},{"$i":"tcl-add-new-device","$v":"Add New Device"},{"$i":"select","$v":"Select"}]