[{"$i":"bluetooth-header","$v":[{"t":"idOrVar","v":"bluetooth"}]},{"$i":"bluetooth-enable-msg","$v":"વિસ્તારના ડિવાઇસ જોવા માટે બ્લૂટૂથ  ચાલુ કરો."},{"$i":"bluetooth-paired-devices","$v":"જોડાયેલા ડિવાઇસ"},{"$i":"bluetooth-devices-nearby","$v":"નજીકના ડિવાઇસ"},{"$i":"bt-nodevices-nearby","$v":"નજીકમાં કોઈ ડિવાઇસ મળ્યાં નથી."},{"$i":"bluetooth-visible-to-all","$v":"બધા માટે દૃશ્યમાન"},{"$i":"bluetooth-name-maxlength-alert","$v":["તમારા ડિવાઇસના નામમાં ",{"t":"idOrVar","v":"length"}," અક્ષરો વધે છે. કૃપા કરી પુનઃપ્રયાસ કરો."]},{"$i":"bluetooth-address","$v":"બ્લૂટૂથ  સરનામું"},{"$i":"bluetooth-address-unavailable","$v":"ઉપલબ્ધ નથી"},{"$i":"bt-status-nopaired","$v":"કોઈપણ ડિવાઇસની જોડી બની નથી"},{"$i":"bt-status-turnoff","$v":"બંધ કર્યું"},{"$i":"bt-status-paired","$v":{"zero":[{"t":"idOrVar","v":"name"}],"one":[{"t":"idOrVar","v":"name"},", +",{"t":"idOrVar","v":"n"}," વધુ"],"two":[{"t":"idOrVar","v":"name"},", +",{"t":"idOrVar","v":"n"}," વધુ"],"few":[{"t":"idOrVar","v":"name"},", +",{"t":"idOrVar","v":"n"}," વધુ"],"many":[{"t":"idOrVar","v":"name"},", +",{"t":"idOrVar","v":"n"}," વધુ"],"other":[{"t":"idOrVar","v":"name"},", +",{"t":"idOrVar","v":"n"}," વધુ"]},"$x":[{"t":"idOrVar","v":"plural"},"n"]},{"$i":"device-status-tap-connect","$v":"પેયર કરવા માટે \"પસંદ કરો \"\\દબાવો"},{"$i":"device-status-pairing","$v":"ડિવાઇસ સાથે જોડાઇ રહ્યું છે ..."},{"$i":"device-status-waiting","$v":"અન્ય ડિવાઇસની પ્રતીક્ષા કરવામાં આવી રહી છે..."},{"$i":"device-status-paired","$v":"જોડાણ થયેલ"},{"$i":"device-status-connecting","$v":"કનેક્ટ કરી રહ્યું છે..."},{"$i":"device-status-connected","$v":"કનેક્ટ થયું"},{"$i":"device-status-connected-phone","$v":"ફોન ઓડિયો સાથે જોડાયેલ"},{"$i":"device-status-connected-media","$v":"મીડિયા ઓડિયો સાથે જોડાયેલ"},{"$i":"device-status-connected-phone-media","$v":"ફોન/મીડિયા ઑડિયો સાથે કનેક્ટ કરેલ"},{"$i":"device-option-unpair","$v":"જોડીથી અલગ કરો"},{"$i":"device-option-confirm","$v":"પુષ્ટિ કરો"},{"$i":"device-option-unpair-confirmation","$v":"ખાતરી"},{"$i":"device-option-unpair-device","$v":"ડિવાઇસની જોડી રદ કરો?"},{"$i":"device-option-connect","$v":"કનેક્ટ કરો"},{"$i":"device-option-disconnect","$v":"ડિસ્કનેક્ટ કરો"},{"$i":"search-for-device","$v":"ડિવાઇસ ને શોધી રહ્યા છીએ…"},{"$i":"search-device","$v":"શોધો ડિવાઇસ"},{"$i":"rename-device","$v":"મારા ડિવાઇસનું નામ બદલો"},{"$i":"unnamed-device","$v":"અજ્ઞાત ડિવાઇસ"},{"$i":"change-phone-name","$v":"ફોન નામ બદલો"},{"$i":"change-phone-name-desc","$v":"તમારા ડિવાઇસનું નામ બદલો કારણ કે તે તમારા કમ્પ્યુટરમાં પ્રદર્શિત થાય છે"},{"$i":"bluetooth-new-name","$v":"નવું નામ"},{"$i":"error-pair-title","$v":"ડિવાઇસેસની જોડી બનાવવામાં અસમર્થ"},{"$i":"error-pair-pincode","$v":"ડિવાઇસ સાથે જોડી બનાવવામાં અસમર્થ. પિન સાચો છે તે તપાસો."},{"$i":"error-pair-toofast","$v":"ડિવાઇસ સાથે જોડી બનાવવામાં અસમર્થ. ઘણી બધી વિનંતીઓ."},{"$i":"error-connect-title","$v":"ડિવાઇસ કનેક્ટ કરવામાં અસમર્થ"},{"$i":"error-connect-msg","$v":"તમે જે ડિવાઇસ સાથે કનેક્ટ કરવાનો પ્રયાસ કરી રહ્યાં છો તે હજી રેન્જમાં છે કે નહીં અને બ્લૂટૂથ  ચાલુ છે કે નહીં તે તપાસો."},{"$i":"unpair-title","$v":"શું કોઈ કનેક્ટ કરેલ ડિવાઇસની જોડી રદ કરવી છે?"},{"$i":"unpair-msg","$v":"તમે હાલમાં આ ડિવાઇસ સાથે કનેક્ટેડ છો. જોડાણ રદ કરવાથી પણ તેનાથી ડિસ્કનેક્ટ કરી શકાશે."},{"$i":"bluetooth","$v":"બ્લૂટૂથ"},{"$i":"turn-bluetooth-on-title","$v":"બ્લૂટૂથ  ચાલુ કરો"},{"$i":"bluetooth-status-description","$v":"બ્લૂટૂથ અક્ષમ છે"},{"$i":"turn-bluetooth-on","$v":"બ્લૂટૂથ અક્ષમ છે, શું તમે બ્લૂટૂથ ચાલુ કરવા માંગો છો?"},{"$i":"cancel","$v":"રદ કરો"},{"$i":"turn-on","$v":"ચાલુ કરો"},{"$i":"error-transfer-title","$v":"બ્લૂટૂથ ફાઇલ સ્થાનાંતરણ નિષ્ફળ"},{"$i":"error-transfer-settings","$v":"બ્લૂટૂથ ફાઇલ ટ્રાન્સફર નિષ્ફળ. બ્લૂટૂથ સેટિંગ્સ સાચા છે તે તપાસો."},{"$i":"ok","$v":"ઑકે"},{"$i":"pair","$v":"જોડાણ કરો"},{"$i":"active-pair","$v":"જોડાણ કરવા માટે ડિવાઇસેસની પુષ્ટિ કરો"},{"$i":"active-pair-confirmation","$v":[{"t":"idOrVar","v":"device"}," સાથે જોડી કરવા માટે, બંને ડિવાઇસમાં હાલમાં નીચે આપેલ પિન પ્રદર્શિત કરવામાં આવ્યો છે તેની ખાતરી કરી લો:"]},{"$i":"active-pair-pincode","$v":[{"t":"idOrVar","v":"device"}," સાથે જોડી કરવા માટે, ડિવાઇસ પરનો પિન દાખલ કરો."]},{"$i":"active-pair-passkey","$v":[{"t":"idOrVar","v":"device"}," સાથે જોડી કરવા માટે, ડિવાઇસ પરની પાસકી દાખલ કરો."]},{"$i":"passive-pair","$v":"બ્લૂટૂથ  જોડાણ કરવાની વિનંતી"},{"$i":"passive-pair-confirmation","$v":"આ ફોન સાથે જોડાવા માંગે છે. સ્વીકારવા માટે, બંને ડિવાઇસમાં હાલમાં નીચે પ્રદર્શિત કરેલ પિન સામેલ છે તેની ખાતરી કરી લો:"},{"$i":"passive-pair-pincode","$v":"આ ફોન સાથે જોડાવા માંગે છે. સ્વીકારવા માટે, ડિવાઇસ પર પિન દાખલ કરો."},{"$i":"passive-pair-passkey","$v":[{"t":"idOrVar","v":"device"}," આ ફોન સાથે જોડાવા માંગે છે. સ્વીકારવા માટે, ડિવાઇસ પર પાસકી દાખલ કરો."]},{"$i":"passive-pair-enterpincode","$v":"આ ફોન સાથે જોડાવા માંગે છે. સ્વીકારવા માટે, ડિવાઇસ પર પિન દાખલ કરો."},{"$i":"pair-view-title","$v":"બ્લૂટૂથ વિનંતી"},{"$i":"bluetooth-pairing-request-now-title","$v":"બ્લૂટૂથ  જોડાણ કરવાની વિનંતી"},{"$i":"pairing-request-timeout-title","$v":"બ્લૂટૂથ  જોડાણ કરવાની વિનંતી"},{"$i":"pairing-request-timeout-description","$v":"બ્લૂટૂથ જોડાણ કરવાની વિનંતીની સમયસીમા સમાપ્ત થઈ ગઈ છે. ફરીથી જોડાણ કરવાનો પ્રયાસ કરો."},{"$i":"tcl-turn-on","$v":"ચાલુ કરો"},{"$i":"tcl-stop","$v":"રોકો"},{"$i":"tcl-send","$v":"મોકલો"},{"$i":"tcl-refresh","$v":"રિફ્રેશ"},{"$i":"tcl-search-new-device","$v":"શોધો નવું ડિવાઇસ"},{"$i":"tcl-search-new-device-desc","$v":"જે ડિવાઇસને તમે કનેક્ટ કરવા માંગો છો તેને શોધી શકાય તેવા મોડમાં મૂકો."},{"$i":"tcl-select-device","$v":"ડિવાઇસ પસંદ કરો"},{"$i":"tcl-add-new-device","$v":"નવું ડિવાઇસ ઉમેરો"},{"$i":"select","$v":"પસંદ કરો"}]