[{"$i":"bluetooth-header","$v":[{"t":"idOrVar","v":"bluetooth"}]},{"$i":"bluetooth-enable-msg","$v":"उस क्षेत्र में मौजूद डिवाइस देखने के लिए ब्लूटूथ ऑन करें।"},{"$i":"bluetooth-paired-devices","$v":"पेयर की गई डिवाइस"},{"$i":"bluetooth-devices-nearby","$v":"नज़दीकी डिवाइस"},{"$i":"bt-nodevices-nearby","$v":"आस-पास कोई डिवाइस नहीं मिला।"},{"$i":"bluetooth-visible-to-all","$v":"सभी के लिए दृश्यमान"},{"$i":"bluetooth-name-maxlength-alert","$v":["आपके डिवाइस का नाम ",{"t":"idOrVar","v":"length"}," अक्षरों से अधिक हैं। कृपया पुनः प्रयास करें।"]},{"$i":"bluetooth-address","$v":"ब्लूटूथ एड्रेस"},{"$i":"bluetooth-address-unavailable","$v":"उपलब्‍ध नहीं"},{"$i":"bt-status-nopaired","$v":"कोई डिवाइस पेयर नहीं हुआ"},{"$i":"bt-status-turnoff","$v":"ऑफ किया गया"},{"$i":"bt-status-paired","$v":{"zero":[{"t":"idOrVar","v":"name"}],"one":[{"t":"idOrVar","v":"name"},", +",{"t":"idOrVar","v":"n"}," अधिक"],"two":[{"t":"idOrVar","v":"name"},", +",{"t":"idOrVar","v":"n"}," अधिक"],"few":[{"t":"idOrVar","v":"name"},", +",{"t":"idOrVar","v":"n"}," अधिक"],"many":[{"t":"idOrVar","v":"name"},", +",{"t":"idOrVar","v":"n"}," अधिक"],"other":[{"t":"idOrVar","v":"name"},", +",{"t":"idOrVar","v":"n"}," अधिक"]},"$x":[{"t":"idOrVar","v":"plural"},"n"]},{"$i":"device-status-tap-connect","$v":"पेयर करने के लिए \"चुनिए\" दबाएं"},{"$i":"device-status-pairing","$v":"डिवाइस के साथ पेयर किया जा रहा हैं..."},{"$i":"device-status-waiting","$v":"अन्य डिवाइस के लिए प्रतीक्षा कर रहा हैं..."},{"$i":"device-status-paired","$v":"पेयर किया गया"},{"$i":"device-status-connecting","$v":"कनेक्ट हो रहा हैं..."},{"$i":"device-status-connected","$v":"कनेक्ट हुआ"},{"$i":"device-status-connected-phone","$v":"फोन ऑडियो से कनेक्ट हुआ"},{"$i":"device-status-connected-media","$v":"मीडिया ऑडियो से कनेक्ट हुआ"},{"$i":"device-status-connected-phone-media","$v":"फ़ोन/मीडिया ऑडियो से कनेक्ट कनेक्ट हुआ"},{"$i":"device-option-unpair","$v":"अनपेयर करें"},{"$i":"device-option-confirm","$v":"पुष्टि करें"},{"$i":"device-option-unpair-confirmation","$v":"पुष्टिकरण"},{"$i":"device-option-unpair-device","$v":"डिवाइस को अनपेयर करें?"},{"$i":"device-option-connect","$v":"कनेक्ट करें"},{"$i":"device-option-disconnect","$v":"डिस्कनेक्ट करें"},{"$i":"search-for-device","$v":"डिवाइस खोजे जा रहे हैं…"},{"$i":"search-device","$v":"डिवाइस खोजें"},{"$i":"rename-device","$v":"मेरे डिवाइस का नाम बदलें"},{"$i":"unnamed-device","$v":"अज्ञात डिवाइस"},{"$i":"change-phone-name","$v":"फ़ोन का नाम बदलें"},{"$i":"change-phone-name-desc","$v":"अपने डिवाइस का नाम बदलकर वैसा करें, जैसा आपके कंप्यूटर में दिखाई देता हैं"},{"$i":"bluetooth-new-name","$v":"नया नाम"},{"$i":"error-pair-title","$v":"डिवाइस पेयर करने में असमर्थ"},{"$i":"error-pair-pincode","$v":"डिवाइस के साथ पेयर करने में असमर्थ। पिन के सही होने की जाँच करें।"},{"$i":"error-pair-toofast","$v":"डिवाइस के साथ पेयर करने में असमर्थ। बहुत अधिक अनुरोध।"},{"$i":"error-connect-title","$v":"डिवाइस कनेक्ट करने में असमर्थ"},{"$i":"error-connect-msg","$v":"जाँच करें कि आप जिस डिवाइस के साथ कनेक्ट करने का प्रयास कर रहे हैं, वह अभी भी रेंज में हैं और ब्लूटूथ ऑन हैं।"},{"$i":"unpair-title","$v":"कनेक्ट किए गए डिवाइस को अनपेयर करें?"},{"$i":"unpair-msg","$v":"आप अभी इस डिवाइस से कनेक्ट हैं। अनपेयर करने से इससे डिस्कनेक्ट हो जायेंगे।"},{"$i":"bluetooth","$v":"ब्लूटूथ"},{"$i":"turn-bluetooth-on-title","$v":"ब्लूटूथ ऑन करें"},{"$i":"bluetooth-status-description","$v":"ब्लूटूथ अक्षम हैं"},{"$i":"turn-bluetooth-on","$v":"ब्लूटूथ अक्षम है, क्या आप ब्लूटूथ ऑन करना चाहते हैं?"},{"$i":"cancel","$v":"रद्द करना"},{"$i":"turn-on","$v":"ऑन करें"},{"$i":"error-transfer-title","$v":"ब्लूटूथ फ़ाइल स्थानांतरण विफल रहा"},{"$i":"error-transfer-settings","$v":"ब्लूटूथ फ़ाइल स्थानांतरण विफल रहा। जांचें कि ब्लूटूथ सेटिंग्स सही हैं।"},{"$i":"ok","$v":"ठीक हैं"},{"$i":"pair","$v":"पेयर करें"},{"$i":"active-pair","$v":"पेयर करने के लिए डिवाइस की पुष्टि करें"},{"$i":"active-pair-confirmation","$v":[{"t":"idOrVar","v":"device"}," के साथ पेयर करने के लिए, सुनिश्चित करें कि दोनों डिवाइस में निम्न पिन दिख रहा हैं:"]},{"$i":"active-pair-pincode","$v":[{"t":"idOrVar","v":"device"}," के साथ पेयर करने के लिए, डिवाइस पर पिन दर्ज करें।"]},{"$i":"active-pair-passkey","$v":[{"t":"idOrVar","v":"device"}," के साथ पेयर करने के लिए, डिवाइस पर पासकी दर्ज करें।"]},{"$i":"passive-pair","$v":"ब्लूटूथ पेयर करने का अनुरोध"},{"$i":"passive-pair-confirmation","$v":"क्या आप इस फ़ोन के साथ पेयर करना चाहते हैं। स्वीकार करने के लिए, सुनिश्चित करें कि दोनों डिवाइस पर निम्न पिन दिख रहा हैं:"},{"$i":"passive-pair-pincode","$v":"क्या आप इस फ़ोन के साथ पेयर करना चाहते हैं। स्वीकार करने के लिए, डिवाइस पर पिन दर्ज करें।"},{"$i":"passive-pair-passkey","$v":[{"t":"idOrVar","v":"device"}," इस फ़ोन के साथ पेयर करना चाहता हैं। स्वीकार करने के लिए, डिवाइस पर पास की दर्ज करें।"]},{"$i":"passive-pair-enterpincode","$v":"क्या आप इस फ़ोन के साथ पेयर करना चाहते हैं। स्वीकार करने के लिए, डिवाइस पर पिन दर्ज करें।"},{"$i":"pair-view-title","$v":"ब्लूटूथ अनुरोध"},{"$i":"bluetooth-pairing-request-now-title","$v":"ब्लूटूथ पेयर करने का अनुरोध"},{"$i":"pairing-request-timeout-title","$v":"ब्लूटूथ पेयर करने का अनुरोध"},{"$i":"pairing-request-timeout-description","$v":"ब्लूटूथ पेयरिंग अनुरोध की समय-सीमा समाप्त। दोबारा पेयर करने का प्रयास करें।"},{"$i":"tcl-turn-on","$v":"ऑन करें"},{"$i":"tcl-stop","$v":"रोकें"},{"$i":"tcl-send","$v":"भेजें"},{"$i":"tcl-refresh","$v":"रीफ़्रेश करें"},{"$i":"tcl-search-new-device","$v":"नई डिवाइस खोजें"},{"$i":"tcl-search-new-device-desc","$v":"वह डिवाइस रखें, जिसे आप खोज योग्य मोड में कनेक्ट करना चाहते हैं।"},{"$i":"tcl-select-device","$v":"डिवाइस चुनें"},{"$i":"tcl-add-new-device","$v":"नया डिवाइस जोड़ें"},{"$i":"select","$v":"चुनिए"}]