[{"$i":"bluetooth-header","$v":[{"t":"idOrVar","v":"bluetooth"}]},{"$i":"bluetooth-enable-msg","$v":"ಪ್ರದೇಶದಲ್ಲಿನ ಡಿವೈಸ್ಗಳನ್ನು ನೋಡಲು ಬ್ಲ್ಯೂಟೂತ್ ಆನ್ ಮಾಡಿ."},{"$i":"bluetooth-paired-devices","$v":"ಪೇರ್ ಮಾಡಿದ ಡಿವೈಸ್"},{"$i":"bluetooth-devices-nearby","$v":"ಹತ್ತಿರದ ಡಿವೈಸ್"},{"$i":"bt-nodevices-nearby","$v":"ಸಮೀಪದಲ್ಲಿ ಯಾವುದೇ ಡಿವೈಸ್ ಕಂಡುಬಂದಿಲ್ಲ."},{"$i":"bluetooth-visible-to-all","$v":"ಎಲ್ಲರಿಗೂ ಗೋಚರ"},{"$i":"bluetooth-name-maxlength-alert","$v":["ನಿಮ್ಮ ಡಿವೈಸ್ ಹೆಸರು ",{"t":"idOrVar","v":"length"}," ಅಕ್ಷರಗಳನ್ನು ಮೀರಿದೆ. ದಯವಿಟ್ಟು ಪುನಃ ಪ್ರಯತ್ನಿಸಿ."]},{"$i":"bluetooth-address","$v":"ಬ್ಲೂಟೂತ್ ಅಡ್ರೆಸ್"},{"$i":"bluetooth-address-unavailable","$v":"ಲಭ್ಯವಿಲ್ಲ"},{"$i":"bt-status-nopaired","$v":"ಯಾವುದೇ ಡಿವೈಸ್‌ಗಳು ಜೋಡಿಸಲಾಗಿಲ್ಲ"},{"$i":"bt-status-turnoff","$v":"ಆಫ್‌ ಮಾಡಿ"},{"$i":"bt-status-paired","$v":{"zero":[{"t":"idOrVar","v":"name"}],"one":[{"t":"idOrVar","v":"name"},", +",{"t":"idOrVar","v":"n"}," ಇನ್ನಷ್ಟು"],"two":[{"t":"idOrVar","v":"name"},", +",{"t":"idOrVar","v":"n"}," ಇನ್ನಷ್ಟು"],"few":[{"t":"idOrVar","v":"name"},", +",{"t":"idOrVar","v":"n"}," ಇನ್ನಷ್ಟು"],"many":[{"t":"idOrVar","v":"name"},", +",{"t":"idOrVar","v":"n"}," ಇನ್ನಷ್ಟು"],"other":[{"t":"idOrVar","v":"name"},", +",{"t":"idOrVar","v":"n"}," ಇನ್ನಷ್ಟು"]},"$x":[{"t":"idOrVar","v":"plural"},"n"]},{"$i":"device-status-tap-connect","$v":"ಜೊತೆ ಮಾಡಲು \"ಆಯ್ಕೆ\" ಅನ್ನು ಒತ್ತಿರಿ"},{"$i":"device-status-pairing","$v":"ಡಿವೈಸ್ದೊಂದಿಗೆ ಪೇರ್ ಮಾಡಲಾಗುತ್ತಿದೆ..."},{"$i":"device-status-waiting","$v":"ಇತರ ಡಿವೈಸ್ಕ್ಕೆ ನಿರೀಕ್ಷಿಸಲಾಗುತ್ತಿದೆ..."},{"$i":"device-status-paired","$v":"ಪೇರ್ ಮಾಡಲಾಗಿದೆ"},{"$i":"device-status-connecting","$v":"ಕನೆಕ್ಟ್ ಆಗುತ್ತಿದೆ"},{"$i":"device-status-connected","$v":"ಕನೆಕ್ಟ್ ಆಗಿದೆ"},{"$i":"device-status-connected-phone","$v":"ಫೋನ್ ಆಡಿಯೋಗೆ ಕನೆಕ್ಟ್ ಆಗಿದೆ"},{"$i":"device-status-connected-media","$v":"ಮಾಧ್ಯಮ ಆಡಿಯೋಗೆ ಕನೆಕ್ಟ್ ಆಗಿದೆ"},{"$i":"device-status-connected-phone-media","$v":"ಫೋನ್/ಮೀಡಿಯಾ ಅಡಿಯೋಗೆ ಕನೆಕ್ಟ್ ಆಗಿದೆ"},{"$i":"device-option-unpair","$v":"ಅನ್‌‌ಪೇರ್ ಮಾಡಿ"},{"$i":"device-option-confirm","$v":"ದೃಢೀಕರಿಸಿ"},{"$i":"device-option-unpair-confirmation","$v":"ದೃಢೀಕರಣ"},{"$i":"device-option-unpair-device","$v":"ಡಿವೈಸ್ ಅನ್ನು ಅನ್‌ಪೇರ್ ಮಾಡಬೇಕೇ?"},{"$i":"device-option-connect","$v":"ಕನೆಕ್ಟ್ ಮಾಡಿ"},{"$i":"device-option-disconnect","$v":"ಡಿಸ್ಕನೆಕ್ಟ್ ಮಾಡಿ"},{"$i":"search-for-device","$v":"ಡಿವೈಸ್‌ಗಳನ್ನು ಹುಡುಕಲಾಗುತ್ತಿದೆ…"},{"$i":"search-device","$v":"ಡಿವೈಸ್‌ಗಳಿಗಾಗಿ ಹುಡುಕಿ"},{"$i":"rename-device","$v":"ನನ್ನ ಡಿವೈಸ್ ಹೆಸರುಬದಲಿಸಿ"},{"$i":"unnamed-device","$v":"ಅಜ್ಞಾತ ಡಿವೈಸ್"},{"$i":"change-phone-name","$v":"ಫೋನ್ ಹೆಸರು ಬದಲಾಯಿಸಿ"},{"$i":"change-phone-name-desc","$v":"ನಿಮ್ಮ ಡಿವೈಸ್ ಹೆಸರನ್ನು ಅದು ನಿಮ್ಮ ಕಂಪ್ಯೂಟರ್‌ನಲ್ಲಿ ಕಾಣುವ ಹಾಗೆ ಬದಲಾಯಿಸಿ"},{"$i":"bluetooth-new-name","$v":"ಹೊಸ ಹೆಸರು"},{"$i":"error-pair-title","$v":"ಡಿವೈಸ್ಗಳನ್ನು ಜೋಡಿ ಮಾಡಲು ಅಸಾಧ್ಯ"},{"$i":"error-pair-pincode","$v":"ಡಿವೈಸ್‌ಗಳೊಂದಿಗೆ ಪೇರ್ ಮಾಡಲು ಅಸಾಧ್ಯ. ಪಿನ್ ಸರಿಯಾಗಿದೆಯೇ ಎಂದು ಚೆಕ್ ಮಾಡಿ."},{"$i":"error-pair-toofast","$v":"ಡಿವೈಸ್‌ಗಳೊಂದಿಗೆ ಪೇರ್ ಮಾಡಲು ಅಸಾಧ್ಯ. ತುಂಬಾ ಮನವಿಗಳಿವೆ."},{"$i":"error-connect-title","$v":"ಡಿವೈಸ್ಗಳನ್ನು ಸಂಪರ್ಕಿಸಲು ಅಸಾಧ್ಯ"},{"$i":"error-connect-msg","$v":"ನೀವು ಸಂಪರ್ಕಿಸಲು ಪ್ರಯತ್ನಿಸುತ್ತಿರುವ ಡಿವೈಸ್ ಇನ್ನೂ ವ್ಯಾಪ್ತಿಯಲ್ಲಿದೆ ಹಾಗೂ ಬ್ಲೂಟೂತ್ ಟರ್ನ್ ಆಗಿದೆ ಎಂದು ಪರೀಕ್ಷಿಸಿಕೊಳ್ಳಿ."},{"$i":"unpair-title","$v":"ಕನೆಕ್ಟ್ ಮಾಡಿದ ಡಿವೈಸ್‌ ಅನ್ನು ಅನ್‌ಪೇರ್ ಮಾಡಿ ?"},{"$i":"unpair-msg","$v":"ನೀವು ಪ್ರಸ್ತುತ ಈ ಡಿವೈಸ್‌ಗೆ ಕನೆಕ್ಟ್  ಆಗಿದ್ದೀರಿ. ಅನ್‌ಪೇರಿಂಗ್ ಮಾಡುವುದರಿಂದ ಸಂಪರ್ಕವೂ ಕಡಿತವಾಗುತ್ತದೆ."},{"$i":"bluetooth","$v":"ಬ್ಲೂಟೂತ್‌‌"},{"$i":"turn-bluetooth-on-title","$v":"ಬ್ಲ್ಯೂಟೂತ್ ಆನ್ ಮಾಡಿ"},{"$i":"bluetooth-status-description","$v":"ಬ್ಲೂಟೂತ್ ನಿಷ್ಕ್ರಿಯಗೊಳಿಸಲಾಗಿದೆ"},{"$i":"turn-bluetooth-on","$v":"ಬ್ಲೂಟೂತ್ ಅನ್ನು ನಿಷ್ಕ್ರಿಯಗೊಳಿಸಲಾಗಿದೆ, ನೀವು ಬ್ಲೂಟೂತ್ ಆನ್ ಮಾಡಲು ಬಯಸುವಿರಾ?"},{"$i":"cancel","$v":"ರದ್ದು ಮಾಡಿ"},{"$i":"turn-on","$v":"ಆನ್ ಮಾಡಿ"},{"$i":"error-transfer-title","$v":"ಬ್ಲೂಟೂತ್ ಫೈಲ್ ವರ್ಗಾವಣೆ ವಿಫಲವಾಗಿದೆ"},{"$i":"error-transfer-settings","$v":"ಬ್ಲೂಟೂತ್ ಫೈಲ್ ವರ್ಗಾವಣೆ ವಿಫಲವಾಗಿದೆ. ಬ್ಲೂಟೂತ್ ಸೆಟ್ಟಿಂಗ್‌ಗಳು ಸರಿಯಾಗಿವೆಯೇ ಎಂದು ಪರೀಕ್ಷಿಸಿ."},{"$i":"ok","$v":"ಸರಿ"},{"$i":"pair","$v":"ಪೇರ್ ಮಾಡಿ"},{"$i":"active-pair","$v":"ಜೋಡಿಸಲು ಡಿವೈಸ್ ದೃಢೀಕರಿಸಿ"},{"$i":"active-pair-confirmation","$v":[{"t":"idOrVar","v":"Device"}," ಜೊತೆಗೆ ಪೇರ್ ಮಾಡಲು, ಎರಡೂ ಡಿವೈಸ್ ಈ ಮುಂದಿನ ಪಿನ್ ಅನ್ನು ಪ್ರದರ್ಶಿಸುತ್ತಿವೆ ಎಂಬುದನ್ನು ಖಚಿತಪಡಿಸಿಕೊಳ್ಳಿ:"]},{"$i":"active-pair-pincode","$v":[{"t":"idOrVar","v":"Device"}," ಜೊತೆಗೆ ಪೇರ್ ಮಾಡಲು, ಡಿವೈಸ್‌ನಲ್ಲಿ ಪಿನ್ ನಮೂದಿಸಿ"]},{"$i":"active-pair-passkey","$v":[{"t":"idOrVar","v":"Device"}," ಜೊತೆಗೆ ಪೇರ್ ಮಾಡಲು, ಡಿವೈಸ್‌ನಲ್ಲಿ ಪಾಸ್‌ಕೀ ನಮೂದಿಸಿ."]},{"$i":"passive-pair","$v":"ಬ್ಲೂಟೂತ್ ಪೇರಿಂಗ್ ಕೋರಿಕೆ"},{"$i":"passive-pair-confirmation","$v":"ಈ ಫೋನ್‌ನೊಂದಿಗೆ ಪೇರ್ ಮಾಡಲು ಬಯಸುತ್ತೇನೆ. ಸಮ್ಮತಿಸಲು, ಎರಡೂ ಡಿವೈಸ್‌ಗಳು ಈ ಮುಂದಿನ ಪಿನ್ ಅನ್ನು ಪ್ರದರ್ಶಿಸುತ್ತಿವೆ ಎಂಬುದನ್ನು ಖಚಿತಪಡಿಸಿಕೊಳ್ಳಿ:"},{"$i":"passive-pair-pincode","$v":"ಈ ಫೋನ್‌ನೊಂದಿಗೆ ಪೇರ್ ಮಾಡಲು ಬಯಸುತ್ತೇನೆ. ಸಮ್ಮತಿಸಲು, ಡಿವೈಸ್‌ನಲ್ಲಿ ಪಿನ್ ನಮೂದಿಸಿ."},{"$i":"passive-pair-passkey","$v":["ಈ ಫೋನ್‌ನೊಂದಿಗೆ ಪೇರ್ ಮಾಡಲು ",{"t":"idOrVar","v":"device"}," ಬಯಸುತ್ತಿದೆ. ಸಮ್ಮತಿಸಲು, ಡಿವೈಸ್‌ನಲ್ಲಿ ಪಾಸ್‌ಕೀ ನಮೂದಿಸಿ."]},{"$i":"passive-pair-enterpincode","$v":"ಈ ಫೋನ್‌ನೊಂದಿಗೆ ಪೇರ್ ಮಾಡಲು ಬಯಸುತ್ತೇನೆ. ಸಮ್ಮತಿಸಲು, ಡಿವೈಸ್‌ನಲ್ಲಿ ಪಿನ್ ನಮೂದಿಸಿ."},{"$i":"pair-view-title","$v":"ಬ್ಲೂಟೂತ್ ಕೋರಿಕೆ"},{"$i":"bluetooth-pairing-request-now-title","$v":"ಬ್ಲೂಟೂತ್ ಪೇರಿಂಗ್ ಕೋರಿಕೆ"},{"$i":"pairing-request-timeout-title","$v":"ಬ್ಲೂಟೂತ್ ಪೇರಿಂಗ್ ಕೋರಿಕೆ"},{"$i":"pairing-request-timeout-description","$v":"ಬ್ಲೂಟೂತ್ ಪೇರಿಂಗ್ ಮನವಿ ಕೊನೆಗೊಂಡಿದೆ ಮತ್ತೊಮ್ಮೆ ಪೇರ್ ಮಾಡಲು ಪ್ರಯತ್ನಿಸಿ."},{"$i":"tcl-turn-on","$v":"ಆನ್ ಮಾಡಿ"},{"$i":"tcl-stop","$v":"ನಿಲ್ಲಿಸಿ"},{"$i":"tcl-send","$v":"ಕಳುಹಿಸಿ"},{"$i":"tcl-refresh","$v":"ರಿಫ್ರೆಶ್ ಮಾಡಿ"},{"$i":"tcl-search-new-device","$v":"ಹೊಸ ಡಿವೈಸ್ ಹುಡುಕಿ"},{"$i":"tcl-search-new-device-desc","$v":"ನೀವು ಸಂಪರ್ಕಿಸಲು ಬಯಸುವ ಡಿವೈಸ್ ಅನ್ನು ಪರಿಶೋಧಿಸಬಹುದಾದ ಮೋಡ್‌ನಲ್ಲಿ ಇಡಿ."},{"$i":"tcl-select-device","$v":"ಡಿವೈಸ್ ಆಯ್ಕೆ ಮಾಡಿ"},{"$i":"tcl-add-new-device","$v":"ಹೊಸ ಡಿವೈಸ್ ಸೇರಿಸಿ"},{"$i":"select","$v":"ಆಯ್ಕೆ ಮಾಡಿ"}]