[{"$i":"bluetooth-header","$v":[{"t":"idOrVar","v":"bluetooth"}]},{"$i":"bluetooth-enable-msg","$v":"क्षेत्रांत डिव्हायसां पळोवंक ब्लूथूथ चालू करचो"},{"$i":"bluetooth-paired-devices","$v":"जोडी लायिल्लीं डिव्हायसां"},{"$i":"bluetooth-devices-nearby","$v":"लागसरचीं डिव्हायसां"},{"$i":"bt-nodevices-nearby","$v":"लागसार खंयचींच डिव्हायसां मेळ्ळीं नात."},{"$i":"bluetooth-visible-to-all","$v":"सगळ्यांक दाखोवचो"},{"$i":"bluetooth-name-maxlength-alert","$v":["तुमचें डिव्हायस नांव ",{"t":"idOrVar","v":"length"}," वर्ण हुपता. उपकार करून परत यत्न करचो."]},{"$i":"bluetooth-address","$v":"बूथूथ नामो"},{"$i":"bluetooth-address-unavailable","$v":"उपलब्ध ना"},{"$i":"bt-status-nopaired","$v":"जोडी लायिल्लीं डिव्हायसां नात"},{"$i":"bt-status-turnoff","$v":"बंद करचें"},{"$i":"bt-status-paired","$v":{"zero":[{"t":"idOrVar","v":"name"}],"one":[{"t":"idOrVar","v":"name"},", +",{"t":"idOrVar","v":"n"}," आनीक"],"two":[{"t":"idOrVar","v":"name"},", +",{"t":"idOrVar","v":"n"}," आनीक"],"few":[{"t":"idOrVar","v":"name"},", +",{"t":"idOrVar","v":"n"}," आनीक"],"many":[{"t":"idOrVar","v":"name"},", +",{"t":"idOrVar","v":"n"}," आनीक"],"other":[{"t":"idOrVar","v":"name"},", +",{"t":"idOrVar","v":"n"}," आनीक"]},"$x":[{"t":"idOrVar","v":"plural"},"n"]},{"$i":"device-status-tap-connect","$v":"जोडी लावंक \"वेंच्चें\" दामचें"},{"$i":"device-status-pairing","$v":"डिव्हायसा वांगडा जोडी लायता..."},{"$i":"device-status-waiting","$v":"हेर डिव्हायसांची वाट पळयता..."},{"$i":"device-status-paired","$v":"जोडी लायिल्लीं"},{"$i":"device-status-connecting","$v":"कनॅक्ट करता..."},{"$i":"device-status-connected","$v":"कनॅक्ट केलें"},{"$i":"device-status-connected-phone","$v":"फोन ऑडियो कडेन कनॅक्ट केलां"},{"$i":"device-status-connected-media","$v":"मिडिया ऑडियो कडेन कनॅक्ट केलां"},{"$i":"device-status-connected-phone-media","$v":"फोन/मिडिया ऑडियो कडेन कनॅक्ट केलां"},{"$i":"device-option-unpair","$v":"जोडी काडची"},{"$i":"device-option-confirm","$v":"कायम करात"},{"$i":"device-option-unpair-confirmation","$v":"खात्री"},{"$i":"device-option-unpair-device","$v":"डिव्हायस खंडित करचें"},{"$i":"device-option-connect","$v":"जोड"},{"$i":"device-option-disconnect","$v":"जोडणी तोड"},{"$i":"search-for-device","$v":"डिव्हायसां सोदता..."},{"$i":"search-device","$v":"डिव्हायसां खातीर सोदचें"},{"$i":"rename-device","$v":"म्हज्या डिव्हायसाचें नांव बदलचें"},{"$i":"unnamed-device","$v":"अज्ञात डिव्हायस"},{"$i":"change-phone-name","$v":"फोनाचें नांव बदलचें"},{"$i":"change-phone-name-desc","$v":"तुमच्या डिव्हायसाचें नांव बदलचें कारण तें तुमच्या संगणकाचेर प्रगट जाता"},{"$i":"bluetooth-new-name","$v":"नवें नांव"},{"$i":"error-pair-title","$v":"डिव्हायसांची जोडी लावंक असमर्थ"},{"$i":"error-pair-pincode","$v":"डिव्हायसांची जोडी लावंक असमर्थ PIN बरोबर आसा जाल्यार तपासचें"},{"$i":"error-pair-toofast","$v":"डिव्हायसांची जोडी लावंक असमर्थ खूब विनंत्यो आसात"},{"$i":"error-connect-title","$v":"डिव्हायसां कनॅक्ट करूंक असमर्थ"},{"$i":"error-connect-msg","$v":"तुमी कनॅक्ट करूंक सोदतात तें डिव्हायस पल्ल्यांत आसा आनी ब्लूथूथ चालू केल्लो आसा जाल्यार तपासचें."},{"$i":"unpair-title","$v":"कनॅक्ट केल्लें डिव्हायस खंडित करचें"},{"$i":"unpair-msg","$v":"तुमी सद्या ह्या डिव्हायसा कडेन कनॅक्ट आसात. जोडी काडल्यार तातूंतल्यान लेगीत खंडीत जातले"},{"$i":"bluetooth","$v":"Bluetooth"},{"$i":"turn-bluetooth-on-title","$v":"ब्लूथूथ चालू करचो"},{"$i":"bluetooth-status-description","$v":"ब्लूथूथ निश्क्रीय केल्लो आसा"},{"$i":"turn-bluetooth-on","$v":"ब्लूथूथ निश्क्रीय केला, तुमकां ब्लूथूथ परत चालू करचो आसा?"},{"$i":"cancel","$v":"रद्द करचें"},{"$i":"turn-on","$v":"चालू करचें"},{"$i":"error-transfer-title","$v":"ब्लूथूथ फायल स्थलांतरणाक अपेस"},{"$i":"error-transfer-settings","$v":"ब्लूथूथ फायल स्थलांतरणाक अपेस. ब्लूथूथ मांडावळी बरोबर आसात जाल्यार तपासचें"},{"$i":"ok","$v":"बरें आसा"},{"$i":"pair","$v":"जोडी लावची"},{"$i":"active-pair","$v":"जोडी लावंक डिव्हायसांची खात्री करची"},{"$i":"active-pair-confirmation","$v":[{"t":"idOrVar","v":"device"}," वांगडा जोडी लांवक, मुखावयलो PIN दोनूय डिव्हायसां कडेन आसा जाल्यार पळोवचो"]},{"$i":"active-pair-pincode","$v":[{"t":"idOrVar","v":"device"}," वांगडा जोडी लावंक, डिव्हायसा वयलो PIN नोंद करचो"]},{"$i":"active-pair-passkey","$v":[{"t":"idOrVar","v":"device"}," वांगडा जोडी लावंक, डिव्हायसा वयली पासकी नोंद करचो"]},{"$i":"passive-pair","$v":"ब्लूथूथ जोडयेची विनंती"},{"$i":"passive-pair-confirmation","$v":"ह्या फोना वांगडा तुमकां जोडी लावची आसा. स्विकारूंक, दोनूय डिव्हायसां मुखावयलो PIN दाखयतात हाची खात्री करून घेवची"},{"$i":"passive-pair-pincode","$v":"ह्या फोना वांगडा तुमकां जोडी लावची आसा. स्विकारूक, डिव्हायसा वयलो PIN नोंद करचो"},{"$i":"passive-pair-passkey","$v":[{"t":"idOrVar","v":"device"}," ह्या फोना वांगडा जोडचें आसा. स्विकारूक, डिव्हायसाचेर पासकी नोंद करची"]},{"$i":"passive-pair-enterpincode","$v":"ह्या फोना वांगडा तुमकां जोडी लावची आसा. स्विकारूक, डिव्हायसा वयलो PIN नोंद करचो"},{"$i":"pair-view-title","$v":"ब्लूथूथ विनंती"},{"$i":"bluetooth-pairing-request-now-title","$v":"ब्लूथूथ जोडयेची विनंती"},{"$i":"pairing-request-timeout-title","$v":"ब्लूथूथ जोडयेची विनंती"},{"$i":"pairing-request-timeout-description","$v":"ब्लूथूथ जोडयेच्या विनंतीची मुजत सोंपल्या परत जोडी लावपाचो यत्न करचो"},{"$i":"tcl-turn-on","$v":"चालू करचें"},{"$i":"tcl-stop","$v":"बंद कर"},{"$i":"tcl-send","$v":"धाड"},{"$i":"tcl-refresh","$v":"रिफ्रेश"},{"$i":"tcl-search-new-device","$v":"नव्या डिव्हायसांत सोदचें"},{"$i":"tcl-search-new-device-desc","$v":"सापडपाच्या मोडांत तुमकां कनॅक्ट करचें आशिल्लें डिव्हायस दवरचें"},{"$i":"tcl-select-device","$v":"डिव्हायस वेंच्चें"},{"$i":"tcl-add-new-device","$v":"नवें डिव्हायस जोडचें"},{"$i":"select","$v":"वेंच्चें"}]