[{"$i":"bluetooth-header","$v":[{"t":"idOrVar","v":"bluetooth"}]},{"$i":"bluetooth-enable-msg","$v":"بلوٹوتھ کریو آن جاے پیٹھ ڈِوائس ویچھنِہ خٲطر"},{"$i":"bluetooth-paired-devices","$v":"جوڑیتھ ڈِوائس"},{"$i":"bluetooth-devices-nearby","$v":"نزدیکی ڈِوائس"},{"$i":"bt-nodevices-nearby","$v":"کاہ نزدیکی ڈِوائس لوب نِہ"},{"$i":"bluetooth-visible-to-all","$v":"نمودار سارنی"},{"$i":"bluetooth-name-maxlength-alert","$v":["کیریکٹر ",{"t":"idOrVar","v":"length"}," تُہند ڈِوائس ناو چھِ تجاوُز کران مہربٲنی کریتھ کریو دُبار نَے سر کوشش"]},{"$i":"bluetooth-address","$v":"بلوٹوتھ ایڈریس"},{"$i":"bluetooth-address-unavailable","$v":"نا موجود"},{"$i":"bt-status-nopaired","$v":"کاہ ڈِوائس چھِ نِہ جوڑیتھ"},{"$i":"bt-status-turnoff","$v":"کریو آف"},{"$i":"bt-status-paired","$v":{"zero":[{"t":"idOrVar","v":"name"}],"one":["مزید +",{"t":"idOrVar","v":"n"},"، ",{"t":"idOrVar","v":"name"}],"two":["مزید +",{"t":"idOrVar","v":"n"},"، ",{"t":"idOrVar","v":"name"}],"few":["مزید +",{"t":"idOrVar","v":"n"},"، ",{"t":"idOrVar","v":"name"}],"many":["مزید +",{"t":"idOrVar","v":"n"},"، ",{"t":"idOrVar","v":"name"}],"other":["مزید +",{"t":"idOrVar","v":"n"},"، ",{"t":"idOrVar","v":"name"}]},"$x":[{"t":"idOrVar","v":"plural"},"n"]},{"$i":"device-status-tap-connect","$v":"دبأیُو \"چُنیو\" مِلاؤنہٕ باپتھ"},{"$i":"device-status-pairing","$v":"جوڑان یتھ ڈِوائس۔۔۔"},{"$i":"device-status-waiting","$v":"بٲقی ڈِوائسن پراران"},{"$i":"device-status-paired","$v":"جوڑیتھ"},{"$i":"device-status-connecting","$v":"جوڑان۔ ۔ ۔"},{"$i":"device-status-connected","$v":"جوڑیتھ"},{"$i":"device-status-connected-phone","$v":"جوڑیتھ فون آواز"},{"$i":"device-status-connected-media","$v":"جوڑیتھ میڈیا آواز"},{"$i":"device-status-connected-phone-media","$v":"جوڑیتھ چھِ فون/میڈیا آڈیو سیتھ"},{"$i":"device-option-unpair","$v":"مَہ مِلاۅ"},{"$i":"device-option-confirm","$v":"تصدیق"},{"$i":"device-option-unpair-confirmation","$v":"تصدیق"},{"$i":"device-option-unpair-device","$v":"الگ کریو ڈِوائس"},{"$i":"device-option-connect","$v":"جوڑ"},{"$i":"device-option-disconnect","$v":"الگ کُرمُت"},{"$i":"search-for-device","$v":"ژھاران ڈِوائس۔ ۔ ۔"},{"$i":"search-device","$v":"ژھار ڈِوائس"},{"$i":"rename-device","$v":"نو ناو دِیو مینِس ڈِوائسس"},{"$i":"unnamed-device","$v":"انجان ڈِوائس"},{"$i":"change-phone-name","$v":"بدلاو فون نمبر"},{"$i":"change-phone-name-desc","$v":"بدلاو پننِہ ڈِواسُک ناو یِتھ پٲٹھ یِہ کمپوٹرس پیٹھ ظٲہر سپدِ"},{"$i":"bluetooth-new-name","$v":"نو ناو"},{"$i":"error-pair-title","$v":"ناکام ڈِوائس جوڑنس"},{"$i":"error-pair-pincode","$v":"ناکام ڈِوائس سیتھ جوڑنس چھا درست PIN جانچ کریو"},{"$i":"error-pair-toofast","$v":"ناکام ڈِوائس سیتھ جوڑنس واریاہ زیادِ درخواست"},{"$i":"error-connect-title","$v":"ناکام ڈِوائس سیتھ جوڑنس"},{"$i":"error-connect-msg","$v":"جانچ کریو یوس ڈِوائس توہ چھوا یژھان جوڑُن سِہ چھا وین رینج منز تِہ اتھ چھا بلوٹوتھ آن کریتھ"},{"$i":"unpair-title","$v":"الگ کریو جوڑیتھ ڈِوائس؟"},{"$i":"unpair-msg","$v":"توہ چھو فی الحال جوڑیتھ ڈِوائسس سیتھ الگ کرُن کر سیتھ ڈیس کنیکٹ اتھ نکھ"},{"$i":"bluetooth","$v":"بلوٹوتھ"},{"$i":"turn-bluetooth-on-title","$v":"کریو آن بلوٹوتھ"},{"$i":"bluetooth-status-description","$v":"بلوٹوتھ چھِ ناکار کریتھ"},{"$i":"turn-bluetooth-on","$v":"بلوٹوتھ چھِ ناکار، توہ چھوا یژھان بلوٹوتھ آن کرُن؟"},{"$i":"cancel","$v":"رد کر"},{"$i":"turn-on","$v":"کریو آن"},{"$i":"error-transfer-title","$v":"بلوٹوتھ فائل ٹرانسفر سپُد ناکام"},{"$i":"error-transfer-settings","$v":"بلوٹوتھ فائل ٹرانسفر سپُد ناکام۔ جانچ کریو بلوٹوتھ سیٹنگس چھا درست"},{"$i":"ok","$v":"ٹھیک"},{"$i":"pair","$v":"میلاو"},{"$i":"active-pair","$v":"تصدیق کریو ڈِوائس جوڑنِہ خٲطر"},{"$i":"active-pair-confirmation","$v":["ڈِسپلے سپدان پِن یقین تھٲیو دوشوین ڈِوائسن چھِ یِہ ذیل ،",{"t":"idOrVar","v":"device"}," جوڑنِہ خٲطر:"]},{"$i":"active-pair-pincode","$v":["ڈِوائسس پیٹھ پِن دِیو اکھ ،",{"t":"idOrVar","v":"device"}," جوڑنِہ خٲطر"]},{"$i":"active-pair-passkey","$v":["دِیو اکھ پاس کی ڈِوائسس پیٹھ ،",{"t":"idOrVar","v":"device"}," جوڑنِہ خٲطر"]},{"$i":"passive-pair","$v":"بلوٹوتھ جوڑنِچ درخواست"},{"$i":"passive-pair-confirmation","$v":"توہ کروا پسند یتھ فونس سیتھ جوڑنس۔ ڈِسپلے سپدان پِن قبول کرنِہ خٲطر، یقین تھٲیو دوشوین ڈِوائسن چھِ حالیہ یِہ ذیل:"},{"$i":"passive-pair-pincode","$v":"توہ کروا پسند یتھ فونس سیتھ جوڑنس۔ ڈِوائسس پیٹھ پِن قبول کرنِہ خٲطر، دِیو"},{"$i":"passive-pair-passkey","$v":["کر پسند یتھ فونس سیتھ جوڑُن ",{"t":"idOrVar","v":"device"}," قبول کرنِہ خٲطر، دِیو ڈِوائسس پیٹھ پاس کی"]},{"$i":"passive-pair-enterpincode","$v":"توہ کروا پسند یتھ فونس سیتھ جوڑنس۔ ڈِوائسس پیٹھ پِن قبول کرنِہ خٲطر، دِیو"},{"$i":"pair-view-title","$v":"بلوٹوتھ درخواست"},{"$i":"bluetooth-pairing-request-now-title","$v":"بلوٹوتھ جوڑنِچ درخواست"},{"$i":"pairing-request-timeout-title","$v":"بلوٹوتھ جوڑنِچ درخواست"},{"$i":"pairing-request-timeout-description","$v":"بلوٹوتھ جوڑن درخواست سپُد وقت ختم کوشش کریو نَے جوڑنس"},{"$i":"tcl-turn-on","$v":"کریو آن"},{"$i":"tcl-stop","$v":"رُک"},{"$i":"tcl-send","$v":"سوز"},{"$i":"tcl-refresh","$v":"ریفرش"},{"$i":"tcl-search-new-device","$v":"ژھار نو ڈِوائس"},{"$i":"tcl-search-new-device-desc","$v":"تھٲیو ڈِوائس یوس توہ یژھان چھو جوڑُن دریافت اندازسس منز"},{"$i":"tcl-select-device","$v":"چُنیو ڈِوائس"},{"$i":"tcl-add-new-device","$v":"شٲمل کر نو ڈِوائس"},{"$i":"select","$v":"چُنیو"}]