[{"$i":"bluetooth-header","$v":[{"t":"idOrVar","v":"bluetooth"}]},{"$i":"bluetooth-enable-msg","$v":"एहि क्षेत्र में मौजूद डिवाइस क देखबाक लेल ब्लूटूथ ऑन करू."},{"$i":"bluetooth-paired-devices","$v":"पॅयर्ड डिवाइसेस"},{"$i":"bluetooth-devices-nearby","$v":"आस पास मौजूद डिवाइस"},{"$i":"bt-nodevices-nearby","$v":"आस पास कोनो डिवाइस नै पैल गेल्लै."},{"$i":"bluetooth-visible-to-all","$v":"सबके देखा रहल छै"},{"$i":"bluetooth-name-maxlength-alert","$v":["आहां क डिवाइस केर नाम ",{"t":"idOrVar","v":"length"}," करैक्टर से बेसी छै कृपया पुनः प्रयास करू."]},{"$i":"bluetooth-address","$v":"ब्लूटूथ एड्रेस"},{"$i":"bluetooth-address-unavailable","$v":"उपलब्‍ध नाहिं"},{"$i":"bt-status-nopaired","$v":"कोनो डिवाइस पेयर नै कैइल गेल्लै"},{"$i":"bt-status-turnoff","$v":"टर्न ऑफ कैइल गेल"},{"$i":"bt-status-paired","$v":{"zero":[{"t":"idOrVar","v":"name"}],"one":[{"t":"idOrVar","v":"name"},", +",{"t":"idOrVar","v":"n"}," बेसी"],"two":[{"t":"idOrVar","v":"name"},", +",{"t":"idOrVar","v":"n"}," बेसी"],"few":[{"t":"idOrVar","v":"name"},", +",{"t":"idOrVar","v":"n"}," बेसी"],"many":[{"t":"idOrVar","v":"name"},", +",{"t":"idOrVar","v":"n"}," बेसी"],"other":[{"t":"idOrVar","v":"name"},", +",{"t":"idOrVar","v":"n"}," बेसी"]},"$x":[{"t":"idOrVar","v":"plural"},"n"]},{"$i":"device-status-tap-connect","$v":"पेयर करबाक लेल\" सलेक्‍ट\"क प्रेस करू"},{"$i":"device-status-pairing","$v":"डिवाइस संग पेयरिंग"},{"$i":"device-status-waiting","$v":"दोसर डिवाइस लेल प्रतीक्षा भ रहल छै"},{"$i":"device-status-paired","$v":"पॅयर्ड"},{"$i":"device-status-connecting","$v":"कनेक्ट भ रहल अछि"},{"$i":"device-status-connected","$v":"जुडल अछि"},{"$i":"device-status-connected-phone","$v":"फोन ऑडियो स जुडल"},{"$i":"device-status-connected-media","$v":"मीडिया ऑडियो स जुडल"},{"$i":"device-status-connected-phone-media","$v":"फोन/मीडिया ऑडियो सँ कनेक्‍टेड"},{"$i":"device-option-unpair","$v":"अनपेयर"},{"$i":"device-option-confirm","$v":"पुष्टि"},{"$i":"device-option-unpair-confirmation","$v":"कन्फर्मेशन"},{"$i":"device-option-unpair-device","$v":"अन्पेयर डिवाइस?"},{"$i":"device-option-connect","$v":"कनेक्‍ट"},{"$i":"device-option-disconnect","$v":"डिसकनेक्‍ट"},{"$i":"search-for-device","$v":"डिवाइस खोजल जा रहल अछि"},{"$i":"search-device","$v":"डिवाइसक खोज"},{"$i":"rename-device","$v":"डिवाइस क रीनेम करू"},{"$i":"unnamed-device","$v":"अननोन डिवाइस"},{"$i":"change-phone-name","$v":"फ़ोन केर नाम बदलू"},{"$i":"change-phone-name-desc","$v":"डिवाइस क नाम जेना कंप्यूटर में आबे छै से बदलू"},{"$i":"bluetooth-new-name","$v":"नया नाम"},{"$i":"error-pair-title","$v":"डिवाइस पेयर नैई भ सकल"},{"$i":"error-pair-pincode","$v":"डिवाइस सने पेयर नै भ सकल चेक करू जे पिन सही छै."},{"$i":"error-pair-toofast","$v":"डिवाइस सने पेयर नै भ सकल बहुत आग्रह."},{"$i":"error-connect-title","$v":"डिवाइस कनेक्ट करनैई विफल"},{"$i":"error-connect-msg","$v":"जे डिवाइस आहां ताकअ चाहै छियै ओ रेंज में छै की नै और ओक्कर ब्लूटूथ ऑन छै की नै इ चेक करू."},{"$i":"unpair-title","$v":"कनेक्टेड डिवाइस क अन्पेयर करू?"},{"$i":"unpair-msg","$v":"आहां फ़िलहाल एई डिवाइस सने कनेक्टेड छियै अन्पेयर करेई से डिसकनेक्ट भ जेत्तई"},{"$i":"bluetooth","$v":"ब्‍ल्‍यूटूथ"},{"$i":"turn-bluetooth-on-title","$v":"ब्लूटूथ ऑन करू"},{"$i":"bluetooth-status-description","$v":"ब्लूटूथ निष्क्रिय छै."},{"$i":"turn-bluetooth-on","$v":"ब्लूटूथ बंद अछि,कि अहॉं ब्लूटूथ खोलए चाहे छी?"},{"$i":"cancel","$v":"रद्द करू"},{"$i":"turn-on","$v":"टर्न ऑन"},{"$i":"error-transfer-title","$v":"ब्लूटूथ फाइल ट्रान्सफर विफल"},{"$i":"error-transfer-settings","$v":"ब्लूटूथ फाइल ट्रान्सफर विफल ब्लूटूथ सेटिंग्स ठीक छै की नै, चेक करू."},{"$i":"ok","$v":"ओके"},{"$i":"pair","$v":"पेयर"},{"$i":"active-pair","$v":"पेअर करइ वाला डिवाइस चुनु"},{"$i":"active-pair-confirmation","$v":[{"t":"idOrVar","v":"device"}," सने पेयर करेई लेल, सुनिश्चित करू ज दुन्नु डिवाइस पर निम्न पिन डिस्प्ले भ रहल छै:"]},{"$i":"active-pair-pincode","$v":[{"t":"idOrVar","v":"device"}," सने पेयर करेई लेल, पिन दियौ."]},{"$i":"active-pair-passkey","$v":[{"t":"idOrVar","v":"device"},", सने पेयर करेई लेल पासकी दियौ."]},{"$i":"passive-pair","$v":"ब्लूटूथ पेयर करे क आग्रह"},{"$i":"passive-pair-confirmation","$v":"आहां एई डिवाइस सने पेयर करअ चाहबइ. एक्सेप्ट करेई लेल, सुनिश्चित करू ज दुन्नु डिवाइस पर निम्न पिन डिस्प्ले क रहल छै:"},{"$i":"passive-pair-pincode","$v":"आहां एई डिवाइस सने पेयर करअ चाहबइ. एक्सेप्ट करेई लेल, अप्पन डिवाइस पर पिन दियौ."},{"$i":"passive-pair-passkey","$v":[{"t":"idOrVar","v":"device"}," एहि फ़ोन सँ पेयर करअ चाहै अछि. स्वीकार करबाक लेल पासकी दियोक."]},{"$i":"passive-pair-enterpincode","$v":"आहां एई डिवाइस सने पेयर करअ चाहबइ. एक्सेप्ट करेई लेल, अप्पन डिवाइस पर पिन दियौ."},{"$i":"pair-view-title","$v":"ब्लूटूथ आग्रह"},{"$i":"bluetooth-pairing-request-now-title","$v":"ब्लूटूथ पेयर करे क आग्रह"},{"$i":"pairing-request-timeout-title","$v":"ब्लूटूथ पेयर करे क आग्रह"},{"$i":"pairing-request-timeout-description","$v":"ब्लूटूथ पेअर अनुरोध एक्‍सपायर क गेल. फेर प्रयास करू."},{"$i":"tcl-turn-on","$v":"टर्न ऑन"},{"$i":"tcl-stop","$v":"रूकू"},{"$i":"tcl-send","$v":"भेजू"},{"$i":"tcl-refresh","$v":"रेफ्रेश"},{"$i":"tcl-search-new-device","$v":"नया डिवाइस खोजू"},{"$i":"tcl-search-new-device-desc","$v":"ज ई डिवाइस संग कनेक्ट करअ चाहै छी त ओहि क डिसकवरबल मोड मे राखू."},{"$i":"tcl-select-device","$v":"डिवाइस चयनित करू"},{"$i":"tcl-add-new-device","$v":"नया डिवाइस जोरू"},{"$i":"select","$v":"सलेक्‍ट करू"}]