[{"$i":"bluetooth-header","$v":[{"t":"idOrVar","v":"bluetooth"}]},{"$i":"bluetooth-enable-msg","$v":"ഈ പ്രദേശത്തെ ഉപകരണങ്ങൾ കാണുന്നതിന് ബ്ലുടൂത്ത് ഓണാക്കുക."},{"$i":"bluetooth-paired-devices","$v":"പെയര്‍ ചെയ്ത  ഉപകരണങ്ങൾ"},{"$i":"bluetooth-devices-nearby","$v":"ചുറ്റുവട്ട ഉപകരണങ്ങൾ"},{"$i":"bt-nodevices-nearby","$v":"ചുറ്റുവട്ടത്ത് ഉപകരണങ്ങളൊന്നും കണ്ടെത്തിയില്ല."},{"$i":"bluetooth-visible-to-all","$v":"എല്ലാവർക്കും ദൃശ്യം"},{"$i":"bluetooth-name-maxlength-alert","$v":["നിങ്ങളുടെ ഉപകരണത്തിന്‍റെ പേര് ",{"t":"idOrVar","v":"length"}," പ്രതീകങ്ങൾ കവിയുന്നു.ദയവായി  വീണ്ടും ശ്രമിക്കുക."]},{"$i":"bluetooth-address","$v":"ബ്ലുടൂത്ത് വിലാസം"},{"$i":"bluetooth-address-unavailable","$v":"ലഭ്യമല്ല"},{"$i":"bt-status-nopaired","$v":"ഡിവൈസുകളൊന്നും പെയര്‍ ചെയ്തിട്ടില്ല"},{"$i":"bt-status-turnoff","$v":"ഓഫാക്കി"},{"$i":"bt-status-paired","$v":{"zero":[{"t":"idOrVar","v":"name"}],"one":[{"t":"idOrVar","v":"name"},", +",{"t":"idOrVar","v":"n"}," കൂടുതല്‍"],"two":[{"t":"idOrVar","v":"name"},", +",{"t":"idOrVar","v":"n"}," കൂടുതല്‍"],"few":[{"t":"idOrVar","v":"name"},", +",{"t":"idOrVar","v":"n"}," കൂടുതല്‍"],"many":[{"t":"idOrVar","v":"name"},", +",{"t":"idOrVar","v":"n"}," കൂടുതല്‍"],"other":[{"t":"idOrVar","v":"name"},", +",{"t":"idOrVar","v":"n"}," കൂടുതല്‍"]},"$x":[{"t":"idOrVar","v":"plural"},"n"]},{"$i":"device-status-tap-connect","$v":"പെയര്‍ ചെയ്യാന്‍ \"തിരഞ്ഞെടുക്കുക \" അമർത്തുക"},{"$i":"device-status-pairing","$v":"ഉപകരണവുമായി പെയര്‍ ചെയ്യുന്നു ..."},{"$i":"device-status-waiting","$v":"മറ്റ് ഉപകരണത്തിനായി കാത്തിരിക്കുന്നു ..."},{"$i":"device-status-paired","$v":"പെയര്‍ ചെയ്തു"},{"$i":"device-status-connecting","$v":"കണക്‌റ്റുചെയ്യുന്നു..."},{"$i":"device-status-connected","$v":"കണക്റ്റുചെയ്‌തു"},{"$i":"device-status-connected-phone","$v":"ഫോൺ ഓഡിയോയിൽ കണ‌ക്റ്റുചെ‌യ്‌തു"},{"$i":"device-status-connected-media","$v":"മീഡിയ ഓഡിയോയിലേക്ക് കണ‌ക്റ്റുചെയ്‌തു"},{"$i":"device-status-connected-phone-media","$v":"ഫോൺ/മീഡിയ ഓഡിയോയിലേക്ക് കണക്റ്റുചെയ്തു"},{"$i":"device-option-unpair","$v":"അണ്‍പെയര്‍ ചെയ്യുക"},{"$i":"device-option-confirm","$v":"സ്ഥിരീകരിക്കുക"},{"$i":"device-option-unpair-confirmation","$v":"സ്ഥിരീകരണം"},{"$i":"device-option-unpair-device","$v":"ഉപകരണം അണ്‍പെയര്‍ ചെയ്യണോ ?"},{"$i":"device-option-connect","$v":"കണക്ട് ചെയ്യുക"},{"$i":"device-option-disconnect","$v":"വിച്ഛേദിക്കുക"},{"$i":"search-for-device","$v":"ഉപകരണങ്ങൾക്കായി തിരയുന്നു…"},{"$i":"search-device","$v":"ഉപകരണങ്ങൾക്കായി തിരയുക"},{"$i":"rename-device","$v":"എന്‍റെ ഉപകരണത്തിന്‍റെ പേരുമാറ്റുക"},{"$i":"unnamed-device","$v":"അജ്ഞാത ഉപകരണം"},{"$i":"change-phone-name","$v":"ഫോൺ പേര് മാറ്റുക"},{"$i":"change-phone-name-desc","$v":"നിങ്ങളുടെ ഉപകരണത്തിന്‍റെ പേര് കമ്പ്യൂട്ടറില്‍ ദ്രശ്യമാകുന്നത് മാറ്റുക"},{"$i":"bluetooth-new-name","$v":"പുതിയ പേര്"},{"$i":"error-pair-title","$v":"ഉപകരണങ്ങൾ പെയര്‍ ചെയ്യാനാവുന്നില്ല"},{"$i":"error-pair-pincode","$v":"ഉപകരണവുമായി പെയര്‍ ചെയ്യാനാവുന്നില്ല . പിന്‍ ശരിയാണോ എന്ന് പരിശോധിക്കുക."},{"$i":"error-pair-toofast","$v":"ഉപകരണവുമായി പെയര്‍ ചെയ്യാനാവുന്നില്ല. ഒരുപാട് അഭ്യർത്ഥനകൾ."},{"$i":"error-connect-title","$v":"ഉപകരണങ്ങൾ കണക്റ്റുചെയ്യാനാവുന്നില്ല"},{"$i":"error-connect-msg","$v":"നിങ്ങൾ കണക്റ്റുചെയ്യാൻ ശ്രമിക്കുന്ന ഉപകരണം ഇപ്പോഴും പരിധിക്കുള്ളിലാണെന്നും ബ്ലുടൂത്ത് ഓണാണെന്നും പരിശോധിച്ചുറപ്പാക്കുക."},{"$i":"unpair-title","$v":"കണക്റ്റുചെയ്ത ഒരു ഉപകരണം അണ്‍പെയര്‍ ചെയ്യുക?"},{"$i":"unpair-msg","$v":"നിങ്ങൾ നിലവിൽ ഈ ഉപകരണവുമായി കണക്റ്റുചെയ്തിരിക്കുന്നു. അണ്‍പെയര്‍ ചെയ്യുന്നത് അതിൽ നിന്ന് വിച്ഛേദിക്കുകയും ചെയ്യും."},{"$i":"bluetooth","$v":"ബ്ലുടൂത്ത്"},{"$i":"turn-bluetooth-on-title","$v":"ബ്ലുടൂത്ത് ഓണാക്കുക"},{"$i":"bluetooth-status-description","$v":"ബ്ലുടൂത്ത് പ്രവർത്തനരഹിതമാണ്"},{"$i":"turn-bluetooth-on","$v":"ബ്ലൂടൂത്ത് അപ്രാപ്തമാക്കി,നിങ്ങള്‍ക്ക് ബ്ലൂടൂത്ത് ഓണാക്കാൻ താൽപ്പര്യമുണ്ടോ?"},{"$i":"cancel","$v":"റദ്ദാക്കുക"},{"$i":"turn-on","$v":"ഓണാക്കുക"},{"$i":"error-transfer-title","$v":"ബ്ലുടൂത്ത് ഫയൽ കൈമാറ്റം പരാജയപ്പെട്ടു"},{"$i":"error-transfer-settings","$v":"ബ്ലുടൂത്ത് ഫയൽ കൈമാറ്റം പരാജയപ്പെട്ടു. ബ്ലുടൂത്ത് സെറ്റിംഗ്സ്  ശരിയാണോ എന്ന് പരിശോധിക്കുക."},{"$i":"ok","$v":"ശരി"},{"$i":"pair","$v":"പെയര്‍ ചെയ്യുക"},{"$i":"active-pair","$v":"പെയര്‍ ചെയ്യുന്നതിനായി  ഉപകരണങ്ങൾ സ്ഥിരീകരിക്കുക"},{"$i":"active-pair-confirmation","$v":[{"t":"idOrVar","v":"device"}," ഉപകരണവുമായി പെയര്‍ ചെയ്യുന്നതിന്, രണ്ട് ഉപകരണങ്ങളിലും നിലവിൽ ഇനിപ്പറയുന്ന പിന്‍ കാണിക്കുന്നുണ്ടെന്ന് ഉറപ്പുവരുത്തുക:"]},{"$i":"active-pair-pincode","$v":[{"t":"idOrVar","v":"device"}," ഉപകരണവുമായി പെയര്‍ ചെയ്യുന്നതിന് , ഉപകരണത്തിൽ പിന്‍ നൽകുക."]},{"$i":"active-pair-passkey","$v":[{"t":"idOrVar","v":"device"}," ഉപകരണവുമായി പെയര്‍ ചെയ്യുന്നതിന്, ഉപകരണത്തിൽ പാസ്കീ നൽകുക."]},{"$i":"passive-pair","$v":"ബ്ലുടൂത്ത് പെയര്‍ ചെയ്യാനുള്ള  അഭ്യർത്ഥന"},{"$i":"passive-pair-confirmation","$v":"നിങ്ങള്‍ക്ക്  ഈ ഫോണുമായി പെയര്‍ ചെയ്യണോ  അംഗീകരിക്കുന്നതിന്, നിലവിൽ രണ്ട് ഉപകരണങ്ങളിലും കാണിച്ചിരിക്കുന്ന പിന്‍ ഉണ്ടെന്ന് ഉറപ്പുവരുത്തുക."},{"$i":"passive-pair-pincode","$v":"നിങ്ങള്‍ക്ക്  ഈ ഫോണുമായി പെയര്‍ ചെയ്യണോ  അംഗീകരിക്കുന്നതിന്, ഉപകരണത്തിൽ പിന്‍ നൽകുക."},{"$i":"passive-pair-passkey","$v":["ഈ ഫോണുമായി പെയര്‍ ചെയ്യാന്‍  ",{"t":"idOrVar","v":"device"}," ആഗ്രഹിക്കുന്നു. സ്വീകരിക്കുന്നതിന്, ഉപകരണത്തിൽ പാസ്കീ നൽകുക."]},{"$i":"passive-pair-enterpincode","$v":"നിങ്ങള്‍ക്ക്  ഈ ഫോണുമായി പെയര്‍ ചെയ്യണോ  അംഗീകരിക്കുന്നതിന്, ഉപകരണത്തിൽ പിന്‍ നൽകുക."},{"$i":"pair-view-title","$v":"ബ്ലുടൂത്ത് അഭ്യർത്ഥന"},{"$i":"bluetooth-pairing-request-now-title","$v":"ബ്ലുടൂത്ത് പെയര്‍ ചെയ്യാനുള്ള  അഭ്യർത്ഥന"},{"$i":"pairing-request-timeout-title","$v":"ബ്ലുടൂത്ത് പെയര്‍ ചെയ്യാനുള്ള  അഭ്യർത്ഥന"},{"$i":"pairing-request-timeout-description","$v":"ബ്ലുടൂത്ത് പെയര്‍ ചെയ്യല്‍  അഭ്യർത്ഥന കാലഹരണപ്പെട്ടു. വീണ്ടും പെയര്‍ ചെയ്യാന്‍  ശ്രമിക്കുക."},{"$i":"tcl-turn-on","$v":"ഓണാക്കുക"},{"$i":"tcl-stop","$v":"നിര്‍ത്തുക"},{"$i":"tcl-send","$v":"അയക്കുക"},{"$i":"tcl-refresh","$v":"പുതുക്കുക"},{"$i":"tcl-search-new-device","$v":"പുതിയ ഉപകരണം തിരയുക"},{"$i":"tcl-search-new-device-desc","$v":"കണ്ടുപിടിക്കാവുന്ന മോഡിൽ നിങ്ങൾ കണക്റ്റുചെയ്യാൻ ആഗ്രഹിക്കുന്ന ഉപകരണം വയ്ക്കുക."},{"$i":"tcl-select-device","$v":"ഉപകരണം തിരഞ്ഞെടുക്കുക"},{"$i":"tcl-add-new-device","$v":"പുതിയ ഉപകരണം ചേർക്കുക"},{"$i":"select","$v":"തിരഞ്ഞെടുക്കുക"}]