[{"$i":"bluetooth-header","$v":[{"t":"idOrVar","v":"bluetooth"}]},{"$i":"bluetooth-enable-msg","$v":"এরিয়া অদুদা লৈবা দিভাইসশীং য়েংনবা ব্লুটুথ থাও."},{"$i":"bluetooth-paired-devices","$v":"জুরা শেম্বা দিভাইসশীং"},{"$i":"bluetooth-devices-nearby","$v":"নক্নবা দিভাইসশীং"},{"$i":"bt-nodevices-nearby","$v":"অনকপদা দিভাইস অমত্তা ফংদে."},{"$i":"bluetooth-visible-to-all","$v":"লোইনমক্তা উবা"},{"$i":"bluetooth-name-maxlength-alert","$v":["নহাক্কি দিভাইস মমিং কেরেক্তর ",{"t":"idOrVar","v":"length"}," দগী হেল্লি. হন্না হোৎনবিয়ু."]},{"$i":"bluetooth-address","$v":"ব্লুটুথ এদ্রেশ"},{"$i":"bluetooth-address-unavailable","$v":"ফংদ্রে"},{"$i":"bt-status-nopaired","$v":"দিভাইস অমত্তা জুরা শেমদে"},{"$i":"bt-status-turnoff","$v":"মুথৎলু"},{"$i":"bt-status-paired","$v":{"zero":[{"t":"idOrVar","v":"name"}],"one":[{"t":"idOrVar","v":"name"},", +",{"t":"idOrVar","v":"n"}," হেন্না"],"two":[{"t":"idOrVar","v":"name"},", +",{"t":"idOrVar","v":"n"}," হেন্না"],"few":[{"t":"idOrVar","v":"name"},", +",{"t":"idOrVar","v":"n"}," হেন্না"],"many":[{"t":"idOrVar","v":"name"},", +",{"t":"idOrVar","v":"n"}," হেন্না"],"other":[{"t":"idOrVar","v":"name"},", +",{"t":"idOrVar","v":"n"}," হেন্না"]},"$x":[{"t":"idOrVar","v":"plural"},"n"]},{"$i":"device-status-tap-connect","$v":"জুরা শেম্নবা \"খল্লু\" নম্মু"},{"$i":"device-status-pairing","$v":"দিভাইসকা জুরা শেম্লি…"},{"$i":"device-status-waiting","$v":"অতোপ্পা দিভাইসকি ঙাইরি…"},{"$i":"device-status-paired","$v":"জুরা শেম্লে"},{"$i":"device-status-connecting","$v":"শম্নরি…"},{"$i":"device-status-connected","$v":"শম্নরে"},{"$i":"device-status-connected-phone","$v":"ফোন ওদিওদা শম্নরে"},{"$i":"device-status-connected-media","$v":"মেদিয়া ওদিওদা শম্নরে"},{"$i":"device-status-connected-phone-media","$v":"ফোন/মেদিয়া ওদিওদা শম্নরে"},{"$i":"device-option-unpair","$v":"জুরা শেমগনু"},{"$i":"device-option-confirm","$v":"চুম্লব্রা য়েংউ"},{"$i":"device-option-unpair-confirmation","$v":"চুম্মি হায়বা"},{"$i":"device-option-unpair-device","$v":"দিভাইস জুরা শেম্বা তোকউ?"},{"$i":"device-option-connect","$v":"শম্মু"},{"$i":"device-option-disconnect","$v":"শম্নগনু"},{"$i":"search-for-device","$v":"দিভাইসশীংগী থিরি…"},{"$i":"search-device","$v":"দিভাইসশীংগী থিয়ু"},{"$i":"rename-device","$v":"ঐহাক্কি দিভাইস হন্না মমিং থোল্লু"},{"$i":"unnamed-device","$v":"খঙদবা দিভাইস"},{"$i":"change-phone-name","$v":"ফোন মমিং হোংঙু"},{"$i":"change-phone-name-desc","$v":"নহাক্কি কম্প্যুতরদা থোক্লকপা অদু ওইনা নহাক্কি দিভাইসকি মমিং অদু হোংঙু"},{"$i":"bluetooth-new-name","$v":"অনৌবা মমিং"},{"$i":"error-pair-title","$v":"দিভাইসশীং জুরা শেম্বা ঙমদ্রে"},{"$i":"error-pair-pincode","$v":"দিভাইস অদুগা জুরা শেম্বা ঙমদ্রে. পিন অদু চুম্ব্রা চেক তৌ."},{"$i":"error-pair-toofast","$v":"দিভাইস অদুগা জুরা শেম্বা ঙমদ্রে. হায়জবশীং য়াম্না য়াম্মনখ্রে."},{"$i":"error-connect-title","$v":"দিভাইসশীং শম্নবা ঙমদ্রে"},{"$i":"error-connect-msg","$v":"নহাক্না শম্ননবা হোৎনরিবা দিভাইস অদু রেনজদা হৌজিক ফাওবা লৈরি অমসুং ব্লুটুথ থারব্রা হায়বা চেক তৌ."},{"$i":"unpair-title","$v":"শম্নবা দিভাইস অমা জুরা শেম্বা তোক্কদ্রা?"},{"$i":"unpair-msg","$v":"নহাক দিভাইস অসিদা হৌজিক শম্নৈ. জুরা শেম্বদগী তোকপনসু মদুদগী শম্নবা ককথৎকনি."},{"$i":"bluetooth","$v":"ব্লুটূথ"},{"$i":"turn-bluetooth-on-title","$v":"ব্লুটুথ থাও"},{"$i":"bluetooth-status-description","$v":"ব্লুটুথ অসি য়াহন্দে"},{"$i":"turn-bluetooth-on","$v":"ব্লুটুথ অসি য়াহন্দ্রে, নহাক ব্লুটুথ থাবা পাম্ব্রা?"},{"$i":"cancel","$v":"ককথৎলু"},{"$i":"turn-on","$v":"থাও"},{"$i":"error-transfer-title","$v":"ব্লুটুথ ফাইল ত্রান্সফর তৌবা মায় পাক্তে"},{"$i":"error-transfer-settings","$v":"ব্লুটুথ ফাইল ত্রান্সফর তৌবা মায় পাক্তে. ব্লুটুথকি সেটিংশীং অদু চুম্মি হায়বা চেক তৌ."},{"$i":"ok","$v":"ওকে"},{"$i":"pair","$v":"জুরা"},{"$i":"active-pair","$v":"জুরা শেম্নবা দিভাইসশীং চুম্মি হায়য়ু"},{"$i":"active-pair-confirmation","$v":[{"t":"idOrVar","v":"device"}," গা জুরা শেম্নবা, দিভাইস অনিমক হৌজিক হৌজিক মখাগী পিন অসি উৎলি হায়বা শোয়হনগনু."]},{"$i":"active-pair-pincode","$v":[{"t":"idOrVar","v":"device"}," গা জুরা শেম্নবা, দিভাইস অদুদা পিন অদু মেনশিল্লু."]},{"$i":"active-pair-passkey","$v":[{"t":"idOrVar","v":"device"}," গা জুরা শেম্নবা, দিভাইস অদুদা পাসকী অদু মেনশিল্লু."]},{"$i":"passive-pair","$v":"ব্লুটুথ জুরা শেম্নবা হায়জরকপা"},{"$i":"passive-pair-confirmation","$v":"ফোন অসিগা জুরা শেম্বা পামগনি. লৌবা য়ানবা, দিভাইস অনিমক্কি হৌজিক লৈরিবা মখাগী পিন অসি উৎতুনা লৈ হায়বা শোয়হনগনু."},{"$i":"passive-pair-pincode","$v":"ফোন অসিগা জুরা শেম্বা পামগনি. লৌনবা, দিভাইস অদুদা পিন অদু মেনশিল্লু."},{"$i":"passive-pair-passkey","$v":[{"t":"idOrVar","v":"device"}," ফোন অসিগা জুরা শেম্বা পামগনি. য়ারে হায়নবা, দিভাইস অদুদা পাসকী অদু মেনশিল্লু."]},{"$i":"passive-pair-enterpincode","$v":"ফোন অসিগা জুরা শেম্বা পামগনি. লৌনবা, দিভাইস অদুদা পিন অদু মেনশিল্লু."},{"$i":"pair-view-title","$v":"ব্লুটুথ হায়জরকপা"},{"$i":"bluetooth-pairing-request-now-title","$v":"ব্লুটুথ জুরা শেম্নবা হায়জরকপা"},{"$i":"pairing-request-timeout-title","$v":"ব্লুটুথ জুরা শেম্নবা হায়জরকপা"},{"$i":"pairing-request-timeout-description","$v":"ব্লুটুথ জুরা শেম্নবা হায়জবা মতম লোইরে.  জুরা শেম্নবা হন্না হোৎনৌ."},{"$i":"tcl-turn-on","$v":"থাও"},{"$i":"tcl-stop","$v":"লেপ্পু"},{"$i":"tcl-send","$v":"থাদোকখো"},{"$i":"tcl-refresh","$v":"তেকখৎহল্লু"},{"$i":"tcl-search-new-device","$v":"অনৌবা দিভাইস থিয়ু"},{"$i":"tcl-search-new-device-desc","$v":"নহাক্না শম্নবা পাম্বা দিভাইস অদু পুথোকপা য়াবা মোদতা থম্মু."},{"$i":"tcl-select-device","$v":"দিভাইস খল্লু"},{"$i":"tcl-add-new-device","$v":"অনৌবা দিভাইস হাপচিল্লু"},{"$i":"select","$v":"খল্লু"}]