[{"$i":"bluetooth-header","$v":[{"t":"idOrVar","v":"bluetooth"}]},{"$i":"bluetooth-enable-msg","$v":"क्षेत्रातील डिवाइस  पाहण्यासाठी ब्ल्यूटूथ ऑन करा."},{"$i":"bluetooth-paired-devices","$v":"पेयर केलेले डिवाइस"},{"$i":"bluetooth-devices-nearby","$v":"जवळचे डिवाइस"},{"$i":"bt-nodevices-nearby","$v":"जवळपास कोणतेही डिवाइस सापडले नाही."},{"$i":"bluetooth-visible-to-all","$v":"सर्वांना दिसण्‍या योग्‍य"},{"$i":"bluetooth-name-maxlength-alert","$v":["आपल्या डिवाइसचे नाव ",{"t":"idOrVar","v":"length"}," वर्णांपेक्षा अधिक मोठे आहे. कृपया पुन्हा प्रयत्न करा."]},{"$i":"bluetooth-address","$v":"ब्ल्यूटूथ अॅड्रेस"},{"$i":"bluetooth-address-unavailable","$v":"उपलब्ध नाही"},{"$i":"bt-status-nopaired","$v":"कोणतेही डिवाइस पेयर नाही झाले"},{"$i":"bt-status-turnoff","$v":"ऑफ केले गेले"},{"$i":"bt-status-paired","$v":{"zero":[{"t":"idOrVar","v":"name"}],"one":[{"t":"idOrVar","v":"name"},", +",{"t":"idOrVar","v":"n"}," अधिक"],"two":[{"t":"idOrVar","v":"name"},", +",{"t":"idOrVar","v":"n"}," अधिक"],"few":[{"t":"idOrVar","v":"name"},", +",{"t":"idOrVar","v":"n"}," अधिक"],"many":[{"t":"idOrVar","v":"name"},", +",{"t":"idOrVar","v":"n"}," अधिक"],"other":[{"t":"idOrVar","v":"name"},", +",{"t":"idOrVar","v":"n"}," अधिक"]},"$x":[{"t":"idOrVar","v":"plural"},"n"]},{"$i":"device-status-tap-connect","$v":"पेयर करण्यासाठी \"निवडा \" दाबा"},{"$i":"device-status-pairing","$v":"डिवाइस सोबत पेयर केले जात आहे..."},{"$i":"device-status-waiting","$v":"अन्य डिवाइस साठी प्रतीक्षा करत आहे..."},{"$i":"device-status-paired","$v":"पेयर केले गेले"},{"$i":"device-status-connecting","$v":"कनेक्ट होत आहे..."},{"$i":"device-status-connected","$v":"कनेक्ट झाले"},{"$i":"device-status-connected-phone","$v":"फोन ऑडिओला कनेक्ट झाले"},{"$i":"device-status-connected-media","$v":"मीडिया ऑडिओला कनेक्ट झाले"},{"$i":"device-status-connected-phone-media","$v":"फोन/मीडिया ऑडिओला कनेक्ट झाले"},{"$i":"device-option-unpair","$v":"अनपेयर करा"},{"$i":"device-option-confirm","$v":"पुष्टी करा"},{"$i":"device-option-unpair-confirmation","$v":"पुष्टीकरण"},{"$i":"device-option-unpair-device","$v":"डिवाइसला अनपेयर करा?"},{"$i":"device-option-connect","$v":"कनेक्ट करा"},{"$i":"device-option-disconnect","$v":"‍डिस्कनेक्ट करा"},{"$i":"search-for-device","$v":"डिवाइस शोधत आहे…"},{"$i":"search-device","$v":"डिवाइस शोधा"},{"$i":"rename-device","$v":"माझ्या डिवाइसचे नाव बदला"},{"$i":"unnamed-device","$v":"अज्ञात डिवाइस"},{"$i":"change-phone-name","$v":"फोनचे नाव बदला"},{"$i":"change-phone-name-desc","$v":"आपल्या कॉम्प्यूटर वर दिसत असल्याप्रमाणे आपल्या डिवाइसचे नाव बदला"},{"$i":"bluetooth-new-name","$v":"नवीन नाव"},{"$i":"error-pair-title","$v":"डिवाइस पेयर करण्यास असमर्थ"},{"$i":"error-pair-pincode","$v":"डिवाइस सोबत पेयर करण्यास असमर्थ. पिन बरोबर असल्याचे तपासून पहा."},{"$i":"error-pair-toofast","$v":"डिवाइस सोबत पेयर करण्यास असमर्थ. अनेक विनंत्या आल्या आहेत."},{"$i":"error-connect-title","$v":"डिवाइस कनेक्ट करण्यास असमर्थ"},{"$i":"error-connect-msg","$v":"आपण ज्या डिवाइससोबत कनेक्ट करण्याचा प्रयत्न करत आहात तो आता रेंजमध्ये आहे आणि ब्लूटूथ चालू आहे हे तपासा."},{"$i":"unpair-title","$v":"कनेक्ट केलेले डिवाइस अनपेयर करायचे आहे का?"},{"$i":"unpair-msg","$v":"सध्या आपण या डिवाइस सोबत कनेक्ट केलेले आहात. अनपेयर केल्यामुळे त्यापासून डिस्कनेक्ट होईल."},{"$i":"bluetooth","$v":"ब्ल्यूटूथ"},{"$i":"turn-bluetooth-on-title","$v":"ब्ल्यूटूथ ऑन करा"},{"$i":"bluetooth-status-description","$v":"ब्ल्यूटूथ अक्षम आहे"},{"$i":"turn-bluetooth-on","$v":"ब्ल्यूटूथ अक्षम आहे, आपल्याला ब्ल्यूटूथ चालू करायचे आहे का?"},{"$i":"cancel","$v":"रद्द करा"},{"$i":"turn-on","$v":"ऑन करा"},{"$i":"error-transfer-title","$v":"ब्ल्यूटूथ फाईल स्थानांतरण करण्‍यात अपयश"},{"$i":"error-transfer-settings","$v":"ब्ल्यूटूथ वापरून फाईल ट्रान्सफर करता आली नाही. ब्ल्यूटूथ सेटिंग योग्य आहेत हे पहा."},{"$i":"ok","$v":"ठीक आहे"},{"$i":"pair","$v":"पेयर करा"},{"$i":"active-pair","$v":"पेअर करायच्या डिवाइसची पुष्टी करा"},{"$i":"active-pair-confirmation","$v":[{"t":"idOrVar","v":"Device"}," सह जोडण्यासाठी, दोन्ही डिवाइस  वर सध्या खालील पिन दिसत आहेत. हे निश्चित करा:"]},{"$i":"active-pair-pincode","$v":[{"t":"idOrVar","v":"device"}," सोबत जोडण्यासाठी, डिवाइस वर पिन प्रविष्ट करा."]},{"$i":"active-pair-passkey","$v":[{"t":"idOrVar","v":"device"}," जोडण्यासाठी, यंत्रावरील पासकी प्रविष्ट करा."]},{"$i":"passive-pair","$v":"ब्ल्यूटूथ पेअर करण्‍याची विनंती"},{"$i":"passive-pair-confirmation","$v":"या फोनसोबत पेयर करायला आवडेल. स्वीकार करण्यासाठी खात्री करून घ्या की सध्या दोन्ही डिवाइस वरील पिन प्रदर्शित करत आहेत:"},{"$i":"passive-pair-pincode","$v":"या फोनसोबत पेयर करायला आवडेल. स्वीकार करण्यासाठी डिवाइस वर पिन प्रविष्‍ट करा."},{"$i":"passive-pair-passkey","$v":[{"t":"idOrVar","v":"device"}," या फोन सोबत पेयर करायचे आहे. स्वीकार करण्यासाठी, या डिवाइस वर पास की प्रविष्ट करा."]},{"$i":"passive-pair-enterpincode","$v":"या फोनसोबत पेयर करायला आवडेल. स्वीकार करण्यासाठी डिवाइस वर पिन प्रविष्‍ट करा."},{"$i":"pair-view-title","$v":"ब्ल्यूटूथ विनंती"},{"$i":"bluetooth-pairing-request-now-title","$v":"ब्ल्यूटूथ पेअर करण्‍याची विनंती"},{"$i":"pairing-request-timeout-title","$v":"ब्ल्यूटूथ पेअर करण्‍याची विनंती"},{"$i":"pairing-request-timeout-description","$v":"ब्ल्यूटूथ पेअरिंग विनंती कालबाह्य झाली. पुन्हा पेअर करण्याचा प्रयत्न करा."},{"$i":"tcl-turn-on","$v":"ऑन करा"},{"$i":"tcl-stop","$v":"थांबवा"},{"$i":"tcl-send","$v":"पाठवा"},{"$i":"tcl-refresh","$v":"रिफ्रेश करा"},{"$i":"tcl-search-new-device","$v":"नवीन डिवाइस शोधा"},{"$i":"tcl-search-new-device-desc","$v":"आपण जोडू इच्छित असलेल्या डिवाइसला शोधण्या योग्य मोडमध्ये ठेवा."},{"$i":"tcl-select-device","$v":"डिवाइस निवडा"},{"$i":"tcl-add-new-device","$v":"नवीन डिवाइस जोडा"},{"$i":"select","$v":"निवडा"}]