[{"$i":"bluetooth-header","$v":[{"t":"idOrVar","v":"bluetooth"}]},{"$i":"bluetooth-enable-msg","$v":"क्षेत्रमा यन्त्रहरू प्रदर्शन गर्नको लागि ब्लुटूथ सक्रिय गर्नुहोस्।"},{"$i":"bluetooth-paired-devices","$v":"जोडी बनाइएका यन्त्रहरू"},{"$i":"bluetooth-devices-nearby","$v":"नजिकैका यन्त्रहरू"},{"$i":"bt-nodevices-nearby","$v":"यन्त्रहरू नजिकै फेला परेनन्।"},{"$i":"bluetooth-visible-to-all","$v":"सबैका लागि दृष्यमान"},{"$i":"bluetooth-name-maxlength-alert","$v":["तपाईंको यन्त्रको नामले ",{"t":"idOrVar","v":"length"}," वर्णहरूको सीमा नाघ्छ कृपया फेरि प्रयास गर्नुहोस्।"]},{"$i":"bluetooth-address","$v":"ब्लूटुथ ठेगाना"},{"$i":"bluetooth-address-unavailable","$v":"उपलब्ध छैन"},{"$i":"bt-status-nopaired","$v":"यन्त्रहरू जोडा मिलेको छैनन्"},{"$i":"bt-status-turnoff","$v":"अफ गरिएको छ"},{"$i":"bt-status-paired","$v":{"zero":[{"t":"idOrVar","v":"name"}],"one":[{"t":"idOrVar","v":"name"},", +",{"t":"idOrVar","v":"n"}," थप"],"two":[{"t":"idOrVar","v":"name"},", +",{"t":"idOrVar","v":"n"}," थप"],"few":[{"t":"idOrVar","v":"name"},", +",{"t":"idOrVar","v":"n"}," थप"],"many":[{"t":"idOrVar","v":"name"},", +",{"t":"idOrVar","v":"n"}," थप"],"other":[{"t":"idOrVar","v":"name"},", +",{"t":"idOrVar","v":"n"}," थप"]},"$x":[{"t":"idOrVar","v":"plural"},"n"]},{"$i":"device-status-tap-connect","$v":"जोडा मिलाउन \\”चयन गर्नुहोस्\\” लाई थिच्नुहोस्"},{"$i":"device-status-pairing","$v":"यन्त्रसंग जोडा मिलाउँदै..."},{"$i":"device-status-waiting","$v":"अन्य यन्त्र लागि प्रतिक्षा गर्दै..."},{"$i":"device-status-paired","$v":"जोडा मिल्यो"},{"$i":"device-status-connecting","$v":"जडान हुँदैछ..."},{"$i":"device-status-connected","$v":"जडान गरिएको"},{"$i":"device-status-connected-phone","$v":"फोन अडियोमा जडान गरियो"},{"$i":"device-status-connected-media","$v":"मिडिया अडियोमा जडान गरियो"},{"$i":"device-status-connected-phone-media","$v":"फोन/मिडिया अडियोमा जडान गरियो"},{"$i":"device-option-unpair","$v":"जोडा हटाउनुहोस्"},{"$i":"device-option-confirm","$v":"निश्चित गर्नुहोस्"},{"$i":"device-option-unpair-confirmation","$v":"पुष्टिकरण"},{"$i":"device-option-unpair-device","$v":"यन्त्रको जोडा रद्द गर्नुहोस् ?"},{"$i":"device-option-connect","$v":"जडान गर्नुहोस्"},{"$i":"device-option-disconnect","$v":"विच्छेदन गर्नुहोस्"},{"$i":"search-for-device","$v":"यन्त्रहरूको खोज गर्दै..."},{"$i":"search-device","$v":"उपकरणहरू खोजी गर्नुहोस्"},{"$i":"rename-device","$v":"मेरो यन्त्रको पुन: नामाकरण गर्नुहोस्"},{"$i":"unnamed-device","$v":"अज्ञात उपकरण"},{"$i":"change-phone-name","$v":"फोनको नाम परिवर्तन गर्नुहोस्"},{"$i":"change-phone-name-desc","$v":"तपाईंको यन्त्रको नाम परिवर्तन गर्नुहोस् जुन तपाईंको कम्प्युटरमा देखा परेको छ"},{"$i":"bluetooth-new-name","$v":"नयाँ नाम"},{"$i":"error-pair-title","$v":"यन्त्रहरूको जोडा मिलाउन असक्षम भयो"},{"$i":"error-pair-pincode","$v":"यन्त्रसँग जोडा मिलाउन असक्षम भयो PIN सही छ भनी हेर्नुहोस्"},{"$i":"error-pair-toofast","$v":"यन्त्रसँग जोडा मिलाउन असक्षम भयो एकदमै धेरे अनुरोधहरू"},{"$i":"error-connect-title","$v":"यन्त्रहरू जडान गर्न सकेन"},{"$i":"error-connect-msg","$v":"तपाईंले जडान गर्न प्रयास गर्नु भएको यन्त्रलाई जाँच गर्नुहोस् जुन अहिलेसम्म दायरामा छ र Bluetooth अन छ"},{"$i":"unpair-title","$v":"जडान भएको यन्त्रको जोडा रद्द गर्नुहोस्"},{"$i":"unpair-msg","$v":"तपाईं हाल यो यन्त्रसँग जडानमा हुनुहुन्छ। जोडा रद्द गर्ने कार्यले यसबाट जडान विच्छेद पनि गराउनेछ"},{"$i":"bluetooth","$v":"ब्लुटुथ"},{"$i":"turn-bluetooth-on-title","$v":"ब्लुटूथ अन गर्नुहोस्"},{"$i":"bluetooth-status-description","$v":"ब्लूटुथ असक्षम बनाइएको"},{"$i":"turn-bluetooth-on","$v":"ब्लुटूथ असक्षम गरियो, तपाईं ब्लुटूथ अन गर्न चाहनुहुन्छ?"},{"$i":"cancel","$v":"रद्द गर्नुहोस्"},{"$i":"turn-on","$v":"सक्रिय गर्नुहोस्"},{"$i":"error-transfer-title","$v":"ब्लूटुथ फाइल स्थानान्तरण असफल भयो"},{"$i":"error-transfer-settings","$v":"ब्लूटुथ फाइल स्थानान्तरण असफल भयो। ब्लूटुथ सेटिङहरू सही छन् भनी जाँच गर्नुहोस्।"},{"$i":"ok","$v":"ठीक छ"},{"$i":"pair","$v":"जोडामिलाउनुहोस्"},{"$i":"active-pair","$v":"जोडा बनाउन यन्त्रहरू निश्चित गर्नुहोस्"},{"$i":"active-pair-confirmation","$v":[{"t":"idOrVar","v":"device"}," सँग स्वीकृत गर्नको लागि, दुवै यन्त्रहरूले हाल निम्न पिनप्रदर्शन गरेका छन् भन्ने सुनिश्चित गर्नुहोस्:"]},{"$i":"active-pair-pincode","$v":[{"t":"idOrVar","v":"device"}," सँग स्वीकृत गर्नको लागि, यन्त्रमा पिनप्रविष्ट गर्नुहोस्।"]},{"$i":"active-pair-passkey","$v":[{"t":"idOrVar","v":"device"}," सँग स्वीकृत गर्नको लागि, यन्त्रमा पासकी प्रविष्ट गर्नुहोस्"]},{"$i":"passive-pair","$v":"ब्लूटुथ संसर्ग गर्ने अनुरोध गर्दै"},{"$i":"passive-pair-confirmation","$v":"यो फोनसँग जोडा मिलाउन चाहनुहुन्छ। स्वीकार गर्नको लागि, दुवै यन्त्रहरूले हाल निम्न पिनप्रदर्शन गरेका छन् भन्ने सुनिश्चित गर्नुहोस् :"},{"$i":"passive-pair-pincode","$v":"यो फोनसँग जोडा मिलाउन चाहनुहुन्छ। स्वीकार गर्नको लागि, यन्त्रमा पिनप्रविष्ट गर्नुहोस्।"},{"$i":"passive-pair-passkey","$v":[{"t":"idOrVar","v":"device"}," ले यो फोनसँग जोडा मिलाउन चाहन्छ। स्वीकार गर्न, यन्त्रमा पासकी प्रविष्ट गर्नुहोस्।"]},{"$i":"passive-pair-enterpincode","$v":"यो फोनसँग जोडा मिलाउन चाहनुहुन्छ। स्वीकार गर्नको लागि, यन्त्रमा पिनप्रविष्ट गर्नुहोस्।"},{"$i":"pair-view-title","$v":"ब्लूटुथ अनुरोध"},{"$i":"bluetooth-pairing-request-now-title","$v":"ब्लूटुथ संसर्ग गर्ने अनुरोध गर्दै"},{"$i":"pairing-request-timeout-title","$v":"ब्लूटुथ संसर्ग गर्ने अनुरोध गर्दै"},{"$i":"pairing-request-timeout-description","$v":"ब्लुटूथ संसग गर्न अनुरोध समाप्त भयो। फेरी संसर्ग गर्न प्रयास गर्नुहोस्।"},{"$i":"tcl-turn-on","$v":"सक्रिय गर्नुहोस्"},{"$i":"tcl-stop","$v":"रोक्नुहोस्"},{"$i":"tcl-send","$v":"पठाउनुहोस्"},{"$i":"tcl-refresh","$v":"पुनःताजा गर्नुहोस्"},{"$i":"tcl-search-new-device","$v":"नयाँ यन्त्र खोज्नुहोस्"},{"$i":"tcl-search-new-device-desc","$v":"कृपया तपाईंले खोजयोग्य मोडमा यन्त्र जडान गर्नुहोस्।"},{"$i":"tcl-select-device","$v":"यन्त्र चयन गर्नुहोस्"},{"$i":"tcl-add-new-device","$v":"नयाँ यन्त्र थप्नुहोस्"},{"$i":"select","$v":"चयन गर्नुहोस्"}]