[{"$i":"bluetooth-header","$v":[{"t":"idOrVar","v":"bluetooth"}]},{"$i":"bluetooth-enable-msg","$v":"ଏହି ଅଞ୍ଚଳର ଡିଭାଇସଗୁଡିକ ଦେଖିବାକୁ ବ୍ଲୁଟୁଥ୍ ଅନ୍ କରନ୍ତୁ |"},{"$i":"bluetooth-paired-devices","$v":"ପେୟାର ହୋଇଥିବା ଡିଭାଇସଗୁଡିକ"},{"$i":"bluetooth-devices-nearby","$v":"ନିକଟବର୍ତ୍ତୀ ଡିଭାଇସଗୁଡିକ"},{"$i":"bt-nodevices-nearby","$v":"ଆଖ ପାଖରେ କୌଣସି ଡିଭାଇସ୍ ମିଳିଲା ନାହିଁ |"},{"$i":"bluetooth-visible-to-all","$v":"ସମସ୍ତକୁ ଦୃଶ୍ୟଲବ୍ଧତା"},{"$i":"bluetooth-name-maxlength-alert","$v":["ଆପଣଙ୍କ ଡିଭାଇସ୍ ନାମ ",{"t":"idOrVar","v":"length"}," ବର୍ଣ୍ଣରୁ ଅତିକ୍ରମ ହୋଇଛି। ଦୟାକରି ପରେ ପୁନଃଚେଷ୍ଟା କରନ୍ତୁ।"]},{"$i":"bluetooth-address","$v":"ବ୍ଲୁଟୁଥ୍ ଆଡ୍ରେସ୍"},{"$i":"bluetooth-address-unavailable","$v":"ଉପଲବ୍ଧ ନାହିଁ"},{"$i":"bt-status-nopaired","$v":"କୌଣସି ଡିଭାଇସ୍‌ ପେୟାର୍ ହୋଇନାହିଁ"},{"$i":"bt-status-turnoff","$v":"ଅଫ୍‌ କରାଯାଇଛି"},{"$i":"bt-status-paired","$v":{"zero":[{"t":"idOrVar","v":"name"}],"one":[{"t":"idOrVar","v":"name"},", +",{"t":"idOrVar","v":"n"}," ଅଧିକ"],"two":[{"t":"idOrVar","v":"name"},", +",{"t":"idOrVar","v":"n"}," ଅଧିକ"],"few":[{"t":"idOrVar","v":"name"},", +",{"t":"idOrVar","v":"n"}," ଅଧିକ"],"many":[{"t":"idOrVar","v":"name"},", +",{"t":"idOrVar","v":"n"}," ଅଧିକ"],"other":[{"t":"idOrVar","v":"name"},", +",{"t":"idOrVar","v":"n"}," ଅଧିକ"]},"$x":[{"t":"idOrVar","v":"plural"},"n"]},{"$i":"device-status-tap-connect","$v":"ପେୟାର୍ କରିବା ପାଇଁ ଦବାନ୍ତୁ \"ଚୟନ କରନ୍ତୁ\""},{"$i":"device-status-pairing","$v":"ଡିଭାଇସ୍ ସହ ପେୟାରିଂ ହେଉଛି…"},{"$i":"device-status-waiting","$v":"ଅନ୍ୟ ଡିଭାଇସ୍ ପାଇଁ ଅପେକ୍ଷା ହେଉଛି…"},{"$i":"device-status-paired","$v":"ପେୟାର୍ ହୋଇଛି"},{"$i":"device-status-connecting","$v":"ସଂଯୋଗ ହେଉଛି…"},{"$i":"device-status-connected","$v":"ସଂଯୋଜିତ ହୋଇଛି"},{"$i":"device-status-connected-phone","$v":"ଫୋନ୍ ଅଡିଓ‌କୁ ସଂଯୋଗ ହୋଇଛି"},{"$i":"device-status-connected-media","$v":"ମିଡିଆ ଅଡିଓକୁ ସଂଯୋଗ ହୋଇଛି"},{"$i":"device-status-connected-phone-media","$v":"ଫୋନ୍‌/ମିଡିଆ ଅଡିଓକୁ ସଂଯୋଜିତ ହୋଇଛି"},{"$i":"device-option-unpair","$v":"ଅନ୍‌ପେୟାର୍ କରନ୍ତୁ"},{"$i":"device-option-confirm","$v":"ନିଶ୍ଚିତ କରନ୍ତୁ"},{"$i":"device-option-unpair-confirmation","$v":"ନିଶ୍ଚିତକରଣ"},{"$i":"device-option-unpair-device","$v":"ଡିଭାଇସ୍ ଅନ୍‌ପେୟାର୍ କରିବେ ?"},{"$i":"device-option-connect","$v":"ସଂଯୋଗ କରନ୍ତୁ"},{"$i":"device-option-disconnect","$v":"ବିଚ୍ଛିନ୍ନ କରନ୍ତୁ"},{"$i":"search-for-device","$v":"ଡିଭାଇସ ସନ୍ଧାନ ହେଉଛି..."},{"$i":"search-device","$v":"ଡିଭାଇସ ସନ୍ଧାନ କରନ୍ତୁ"},{"$i":"rename-device","$v":"ମୋ ଡିଭାଇସ୍ ନାମ ବଦଳାନ୍ତୁ"},{"$i":"unnamed-device","$v":"ଅଜ୍ଞାତ ଡିଭାଇସ୍"},{"$i":"change-phone-name","$v":"ଫୋନ୍ ନାମ ବଦଳାନ୍ତୁ"},{"$i":"change-phone-name-desc","$v":"ଆପଣଙ୍କ କମ୍ପ୍ୟୁଟରରେ ଦୃଶ୍ୟମାନ ହେଉଥିବା ଭଳି ଆପଣଙ୍କ ଡିଭାଇସର ନାମ ବଦଳାନ୍ତୁ |"},{"$i":"bluetooth-new-name","$v":"ନୂତନ ନାମ"},{"$i":"error-pair-title","$v":"ଡିଭାଇସ୍ ପେୟାର୍ କରିବାକୁ ଅସମର୍ଥ"},{"$i":"error-pair-pincode","$v":"ଡିଭାଇସ୍ ସହ ପେୟାର୍ କରିବାକୁ ଅସମର୍ଥ। ପିନ୍‌ ଠିକ୍ ଥିବାର ଯାଞ୍ଚ କରନ୍ତୁ |"},{"$i":"error-pair-toofast","$v":"ଡିଭାଇସ୍ ସହ ପେୟାର୍ କରିବାକୁ ଅସମର୍ଥ। ବହୁତ ଅଧିକ ଅନୁରୋଧ।"},{"$i":"error-connect-title","$v":"ଡିଭାଇସ୍ ସଂଯୋଗ କରିବାକୁ ଅସମର୍ଥ"},{"$i":"error-connect-msg","$v":"ଯାଞ୍ଚ କରନ୍ତୁ ଯେ ଆପଣ ଯେଉଁ ଡିଭାଇସ୍ ସହ ସଂଯୋଗ କରିବାକୁ ଚେଷ୍ଟା କରୁଛନ୍ତି ତାହା ବର୍ତ୍ତମାନ ପର୍ଯ୍ୟନ୍ତ ରେଞ୍ଜ୍‌ରେ ଅଛି ଏବଂ ବ୍ଲୁଟୁଥ୍ ଅନ୍‌ ଅଛି।"},{"$i":"unpair-title","$v":"ଏକ ସଂଯୋଜିତ ଡିଭାଇସ୍ ଅନ୍‌ପେୟାର୍ କରିବେ?"},{"$i":"unpair-msg","$v":"ଆପଣ ବର୍ତ୍ତମାନ ଏହି ଡିଭାଇସକୁ ସଂଯୋଜିତ ହୋଇଛନ୍ତି। ଅନ୍‌ପେୟାର୍ କଲେ ଏଥିରୁ ବିଚ୍ଛିନ୍ନ ହେବେ |"},{"$i":"bluetooth","$v":"ବ୍ଲୁଟୁଥ୍"},{"$i":"turn-bluetooth-on-title","$v":"ବ୍ଲୁଟୁଥ୍ ଅନ୍ କରନ୍ତୁ"},{"$i":"bluetooth-status-description","$v":"ବ୍ଲୁଟୁଥ୍ ଅକ୍ଷମ ହୋଇଛି"},{"$i":"turn-bluetooth-on","$v":"ବ୍ଲୁଟୁଥ୍ ଅକ୍ଷମ ହୋଇଛି , ଆପଣ ବ୍ଲୁଟୁଥ୍ ଅନ୍ କରିବାକୁ ଚାହୁଁଛନ୍ତି ?"},{"$i":"cancel","$v":"ବାତିଲ କରନ୍ତୁ"},{"$i":"turn-on","$v":"ଅନ୍‌ କରନ୍ତୁ"},{"$i":"error-transfer-title","$v":"ବ୍ଲୁଟୁଥ୍ ଫାଇଲ୍ ସ୍ଥାନାନ୍ତର ବିଫଳ ହୋଇଛି |"},{"$i":"error-transfer-settings","$v":"ବ୍ଲୁଟୁଥ୍ ଫାଇଲ୍ ସ୍ଥାନାନ୍ତର ବିଫଳ ହୋଇଛି। ବ୍ଲୁଟୁଥ୍ ସେଟିଂସ୍‌ର ସଠିକତା ଯାଞ୍ଚ କରନ୍ତୁ |"},{"$i":"ok","$v":"ଓକେ"},{"$i":"pair","$v":"ପେୟାର୍ କରନ୍ତୁ"},{"$i":"active-pair","$v":"ପେୟାର୍ କରିବାକୁ ଡିଭାଇସ୍ ନିଶ୍ଚିତ କରନ୍ତୁ"},{"$i":"active-pair-confirmation","$v":[{"t":"idOrVar","v":"device"}," ସହ ପେୟାର୍ କରିବାକୁ, ନିଶ୍ଚିତ କରନ୍ତୁ ଯେ ଉଭୟ ଡିଭାଇସରେ ବର୍ତ୍ତମାନ ନିମ୍ନଲିଖିତ ପିନ୍ ପ୍ରଦର୍ଶିତ ହୋଇଛି |"]},{"$i":"active-pair-pincode","$v":[{"t":"idOrVar","v":"device"}," ସହ ପେୟାର୍ କରିବାକୁ, ଡିଭାଇସରେ ପିନ୍ ପ୍ରବେଶ କରନ୍ତୁ |"]},{"$i":"active-pair-passkey","$v":[{"t":"idOrVar","v":"device"}," ସହ ପେୟାର୍ କରିବାକୁ, ଡିଭାଇସରେ ପାସକୀ ପ୍ରବେଶ କରନ୍ତୁ |"]},{"$i":"passive-pair","$v":"ବ୍ଲୁଟୁଥ୍ ପେୟାରିଂ ଅନୁରୋଧ"},{"$i":"passive-pair-confirmation","$v":"ଏହି ଫୋନ୍ ସହିତ ପେୟାର୍ କରିବାକୁ ଚାହାଁନ୍ତି। ସ୍ବୀକାର କରିବାକୁ, ନିଶ୍ଚିନ୍ତ ହୁଅନ୍ତୁ ଯେ , ଡିଭାଇସରେ ନିମ୍ନ ପିନ୍ ପ୍ରଦର୍ଶିତ ହେଉଛି |"},{"$i":"passive-pair-pincode","$v":"ଏହି ଫୋନ୍ ସହିତ ପେୟାର୍ କରିବାକୁ ଚାହାଁନ୍ତି। ସ୍ବୀକାର କରିବାକୁ, ଡିଭାଇସରେ ପିନ୍ ପ୍ରବେଶ କରନ୍ତୁ |"},{"$i":"passive-pair-passkey","$v":[{"t":"idOrVar","v":"device"}," ଏହି ଫୋନ୍ ସହ ପେୟାର୍ କରିବାକୁ ଚାହେଁ। ସ୍ବୀକାର କରିବାକୁ, ଡିଭାଇସରେ ପାସକୀ ପ୍ରବେଶ କରନ୍ତୁ |"]},{"$i":"passive-pair-enterpincode","$v":"ଏହି ଫୋନ୍ ସହିତ ପେୟାର୍ କରିବାକୁ ଚାହାଁନ୍ତି। ସ୍ବୀକାର କରିବାକୁ, ଡିଭାଇସରେ ପିନ୍ ପ୍ରବେଶ କରନ୍ତୁ |"},{"$i":"pair-view-title","$v":"ବ୍ଲୁଟୁଥ୍ ଅନୁରୋଧ"},{"$i":"bluetooth-pairing-request-now-title","$v":"ବ୍ଲୁଟୁଥ୍ ପେୟାରିଂ ଅନୁରୋଧ"},{"$i":"pairing-request-timeout-title","$v":"ବ୍ଲୁଟୁଥ୍ ପେୟାରିଂ ଅନୁରୋଧ"},{"$i":"pairing-request-timeout-description","$v":"ବ୍ଲୁଟୁଥ୍ ପେୟାରିଂ ଅନୁରୋଧ ସମୟ ସମାପ୍ତି ହୋଇଛି। ପୁନଃ ପେୟାର୍ କରିବାକୁ ଚେଷ୍ଟା କରନ୍ତୁ |"},{"$i":"tcl-turn-on","$v":"ଅନ୍‌ କରନ୍ତୁ"},{"$i":"tcl-stop","$v":"ବନ୍ଦ କରନ୍ତୁ"},{"$i":"tcl-send","$v":"ପଠାନ୍ତୁ"},{"$i":"tcl-refresh","$v":"ରିଫ୍ରେଶ୍"},{"$i":"tcl-search-new-device","$v":"ନୂତନ ଡିଭାଇସ୍ ସନ୍ଧାନ କରନ୍ତୁ"},{"$i":"tcl-search-new-device-desc","$v":"ଆପଣ ଯେଉଁ ଡିଭାଇସକୁ ସଂଯୋଗ କରିବାକୁ ଚାହାଁନ୍ତି ତାହା ଆବିଷ୍କାର କରିବାର ମୋଡରେ ରଖନ୍ତୁ |"},{"$i":"tcl-select-device","$v":"ଡିଭାଇସ୍‌ ଚୟନ କରନ୍ତୁ"},{"$i":"tcl-add-new-device","$v":"ନୂତନ ଡିଭାଇସ୍ ଯୋଡ଼ନ୍ତୁ"},{"$i":"select","$v":"ଚୟନ କରନ୍ତୁ"}]