[{"$i":"bluetooth-header","$v":[{"t":"idOrVar","v":"bluetooth"}]},{"$i":"bluetooth-enable-msg","$v":"ਖੇਤਰ ਵਿੱਚ ਡਿਵਾਇਸ ਦੇਖਣ ਲਈ ਬਲੂਟੁੱਥ ਔਨ ਕਰੋ।"},{"$i":"bluetooth-paired-devices","$v":"ਪੇਅਰ ਕੀਤੀ ਗਈ ਡਿਵਾਈਸ"},{"$i":"bluetooth-devices-nearby","$v":"ਨੇੜਲੇ ਡਿਵਾਈਸ"},{"$i":"bt-nodevices-nearby","$v":"ਨੇੜੇ ਕੋਈ ਵੀ ਡਿਵਾਈਸ ਨਹੀਂ ਮਿਲਿਆ ।"},{"$i":"bluetooth-visible-to-all","$v":"ਸਾਰਿਆਂ ਲਈ ਦਿਸਣਯੋਗ"},{"$i":"bluetooth-name-maxlength-alert","$v":["ਤੁਹਾਡੇ ਡਿਵਾਇਸ ਦਾ ਨਾਮ ",{"t":"idOrVar","v":"length"}," ਅੱਖਰਾਂ ਤੋਂ ਵੱਧ ਨਹੀਂ ਹੈ। ਕਿਰਪਾ ਕਰਕੇ ਦੁਬਾਰਾ ਕੋਸ਼ਿਸ਼ ਕਰੋ।"]},{"$i":"bluetooth-address","$v":"ਬਲੂਟੁੱਥ ਐਡਰੈਸ"},{"$i":"bluetooth-address-unavailable","$v":"ਉਪਲਬਧ ਨਹੀਂ"},{"$i":"bt-status-nopaired","$v":"ਕੋਈ ਡਿਵਾਈਸ ਪੇਅਰ ਨਹੀਂ ਹੋਇਆ"},{"$i":"bt-status-turnoff","$v":"ਔਫ ਕੀਤਾ ਗਿਆ"},{"$i":"bt-status-paired","$v":{"zero":[{"t":"idOrVar","v":"name"}],"one":[{"t":"idOrVar","v":"name"},", +",{"t":"idOrVar","v":"n"}," ਹੋਰ"],"two":[{"t":"idOrVar","v":"name"},", +",{"t":"idOrVar","v":"n"}," ਹੋਰ"],"few":[{"t":"idOrVar","v":"name"},", +",{"t":"idOrVar","v":"n"}," ਹੋਰ"],"many":[{"t":"idOrVar","v":"name"},", +",{"t":"idOrVar","v":"n"}," ਹੋਰ"],"other":[{"t":"idOrVar","v":"name"},", +",{"t":"idOrVar","v":"n"}," ਹੋਰ"]},"$x":[{"t":"idOrVar","v":"plural"},"n"]},{"$i":"device-status-tap-connect","$v":"ਪੇਅਰ ਕਰਨ ਲਈ \"ਚੁਣੋ \" ਨੂੰ ਦਬਾਓ"},{"$i":"device-status-pairing","$v":"ਡਿਵਾਈਸ ਨਾਲ ਪੇਅਰ ਕਰ ਰਿਹਾ ਹੈ .."},{"$i":"device-status-waiting","$v":"ਦੂਜੇ ਡਿਵਾਇਸ ਲਈ ਉਡੀਕ ਹੋ ਰਹੀ ਹੈ....."},{"$i":"device-status-paired","$v":"ਪੇਅਰ ਕੀਤਾ ਗਿਆ"},{"$i":"device-status-connecting","$v":"ਕਨੈਕਟ ਹੋ ਰਿਹਾ ਹੈ…"},{"$i":"device-status-connected","$v":"ਕਨੈਕਟ ਕੀਤਾ"},{"$i":"device-status-connected-phone","$v":"ਫੋਨ ਆਡੀਓ ਨਾਲ ਕਨੈਕਟ ਕੀਤਾ"},{"$i":"device-status-connected-media","$v":"ਮੀਡਿਆ ਆਡੀਓ ਨਾਲ ਕਨੈਕਟ ਕੀਤਾ"},{"$i":"device-status-connected-phone-media","$v":"ਫੋਨ/ਮੀਡੀਆ ਆਡੀਓ ਨਾਲ ਕਨੈਕਟ ਕੀਤਾ"},{"$i":"device-option-unpair","$v":"ਅਨਪੇਅਰ ਕਰੋ"},{"$i":"device-option-confirm","$v":"ਪੁਸ਼ਟੀ ਕਰੋ"},{"$i":"device-option-unpair-confirmation","$v":"ਪੁਸ਼ਟੀਕਰਨ"},{"$i":"device-option-unpair-device","$v":"ਡਿਵਾਇਸ ਅਨਪੇਅਰ ਕਰੋ?"},{"$i":"device-option-connect","$v":"ਕਨੈਕਟ ਕਰੋ"},{"$i":"device-option-disconnect","$v":"ਡਿਸਕਨੈਕਟ ਕਰੋ"},{"$i":"search-for-device","$v":"ਡਿਵਾਈਸ ਲਈ ਖੋਜ ਹੋ ਰਹੀ ਹੈ..."},{"$i":"search-device","$v":"ਡਿਵਾਈਸ ਖੋਜੋ"},{"$i":"rename-device","$v":"ਮੇਰੇ ਡਿਵਾਈਸ ਦਾ ਨਾਮ ਬਦਲੋ"},{"$i":"unnamed-device","$v":"ਅਗਿਆਤ ਡਿਵਾਈਸ"},{"$i":"change-phone-name","$v":"ਫੋਨ ਦਾ ਨਾਮ ਬਦਲੋ"},{"$i":"change-phone-name-desc","$v":"ਆਪਣੇ ਡਿਵਾਇਸ ਦਾ ਨਾਮ ਬਦਲੋ ਜਿਵੇਂ ਤੁਹਾਡੇ ਕੰਪਿਊਟਰ ਵਿੱਚ ਦਿਖਾਈ ਦਿੰਦਾ ਹੈ"},{"$i":"bluetooth-new-name","$v":"ਨਵਾਂ ਨਾਮ"},{"$i":"error-pair-title","$v":"ਡਿਵਾਇਸ ਪੇਅਰ ਕਰਨ ਵਿੱਚ ਅਸਮੱਰਥ"},{"$i":"error-pair-pincode","$v":"ਡਿਵਾਇਸ ਨਾਲ ਪੇਅਰ ਕਰਨ ਵਿੱਚ ਅਸਮੱਰਥ। ਚੈਕ ਕਰੋ ਕਿ ਪਿਨ ਸਹੀ ਹੈ।"},{"$i":"error-pair-toofast","$v":"ਡਿਵਾਇਸ ਨਾਲ ਪੇਅਰ ਕਰਨ ਵਿੱਚ ਅਸਮੱਰਥ। ਬਹੁਤ ਸਾਰੀਆਂ ਬੇਨਤੀਆਂ।"},{"$i":"error-connect-title","$v":"ਡਿਵਾਇਸ ਨਾਲ ਕਨੈਕਟ ਕਰਨ ਵਿੱਚ ਅਸਮੱਰਥ"},{"$i":"error-connect-msg","$v":"ਚੈੱਕ ਕਰੋ ਕਿ ਉਹ ਡਿਵਾਇਸ ਜਿਸ ਨਾਲ ਤੁਸੀਂ ਕਨੈਕਟ ਕਰਨ ਦੀ ਕੋਸ਼ਿਸ਼ ਕਰ ਰਹੇ ਹੋ ਉਹ ਅਜੇ ਵੀ ਰੇਂਜ ਵਿੱਚ ਹੈ ਅਤੇ ਇਸ ਦਾ ਬਲੂਟੁੱਥ ਔਨ ਹੈ।"},{"$i":"unpair-title","$v":"ਕਨੈਕਟ ਹੋਇਆ ਡਿਵਾਇਸ ਅਨਪੇਅਰ ਕਰੋ?"},{"$i":"unpair-msg","$v":"ਤੁਸੀਂ ਇਸ ਸਮੇਂ ਇਸ ਡਿਵਾਇਸ ਨਾਲ ਕਨੈਕਟ ਹੋ। ਅਨਪੇਅਰ ਕਰਨਾ ਇਸ ਤੋਂ ਵੀ ਡਿਸਕਨੈਕਟ ਕਰੇਗਾ।"},{"$i":"bluetooth","$v":"ਬਲੂਟੁੱਥ"},{"$i":"turn-bluetooth-on-title","$v":"ਬਲੂਟੁੱਥ ਔਨ ਕਰੋ"},{"$i":"bluetooth-status-description","$v":"ਬਲੂਟੁੱਥ ਅਕਿਰਿਆਸ਼ੀਲ ਹੈ"},{"$i":"turn-bluetooth-on","$v":"ਬਲੂਟੁੱਥ ਅਕਿਰਿਆਸ਼ੀਲ ਹੈ, ਕੀ ਤੁਸੀਂ ਬਲੂਟੁੱਥ ਔਨ ਕਰਨਾ ਚਾਹੁੰਦੇ ਹੋ?"},{"$i":"cancel","$v":"ਰੱਦ ਕਰੋ"},{"$i":"turn-on","$v":"ਔਨ ਕਰੋ"},{"$i":"error-transfer-title","$v":"ਬਲੂਟੁੱਥ ਫਾਈਲ ਟ੍ਰਾਂਸਫਰ ਅਸਫਲ ਰਿਹਾ"},{"$i":"error-transfer-settings","$v":"ਬਲੂਟੁੱਥ ਫਾਈਲ ਟ੍ਰਾਂਸਫਰ ਅਸਫ਼ਲ ਰਿਹਾ। ਚੈੱਕ ਕਰੋ ਕਿ ਕੀ ਬਲੂਟੁੱਥ ਸੈਟਿੰਗਸ ਸਹੀ ਹਨ।"},{"$i":"ok","$v":"ਠੀਕ ਹੈ"},{"$i":"pair","$v":"ਪੇਅਰ ਕਰੋ"},{"$i":"active-pair","$v":"ਪੇਅਰ ਕਰਨ ਲਈ ਡਿਵਾਇਸ ਦੀ ਪੁਸ਼ਟੀ ਕਰੋ"},{"$i":"active-pair-confirmation","$v":[{"t":"idOrVar","v":"device"}," ਨਾਲ ਪੇਅਰ ਕਰਨ ਲਈ, ਯਕੀਨੀ ਬਣਾਓ ਕਿ ਦੋਵੇਂ ਡਿਵਾਇਸ ਤੇ ਵਰਤਮਾਨ ਵਿੱਚ ਹੇਠਾਂ ਦਿੱਤਾ ਪਿਨ ਦਿਖਾਇਆ ਹੈ।"]},{"$i":"active-pair-pincode","$v":[{"t":"idOrVar","v":"device"}," ਨਾਲ ਪੇਅਰ ਕਰਨ ਲਈ, ਡਿਵਾਇਸ ਤੇ ਪਿਨ ਦਾਖਲ ਕਰੋ ।"]},{"$i":"active-pair-passkey","$v":[{"t":"idOrVar","v":"device"}," ਨਾਲ ਪੇਅਰ ਕਰਨ ਲਈ, ਡਿਵਾਇਸ ਤੇ ਪਾਸਕੀ ਦਾਖਲ ਕਰੋ।"]},{"$i":"passive-pair","$v":"ਬਲੂਟੁੱਥ ਪੇਅਰ ਕਰਨ ਲਈ ਬੇਨਤੀ"},{"$i":"passive-pair-confirmation","$v":"ਇਸ ਫੋਨ ਨਾਲ ਪੇਅਰ ਕਰਨਾ ਚਾਹੋਗੇ। ਸਵੀਕਾਰ ਕਰਨ ਲਈ, ਇਹ ਯਕੀਨੀ ਬਣਾਓ ਕਿ ਦੋਵੇ ਡਿਵਾਈਸ ਤੇ ਵਰਤਮਾਨ ਵਿੱਚ ਹੇਠਾਂ ਦਿਖਾਇਆ ਪਿਨ ਹੋਵੇ ।"},{"$i":"passive-pair-pincode","$v":"ਇਸ ਫੋਨ ਨਾਲ ਪੇਅਰ ਕਰਨਾ ਚਾਹੋਗੇ। ਸਵੀਕਾਰ ਕਰਨ ਲਈ ਡਿਵਾਇਸ ਤੇ ਪਿਨ ਦਾਖਲ ਕਰੋ ।"},{"$i":"passive-pair-passkey","$v":[{"t":"idOrVar","v":"device"}," ਇਸ ਫੋਨ ਨਾਲ ਪੇਅਰ ਕਰਨਾ ਚਾਹੁੰਦਾ ਹੈ। ਸਵੀਕਾਰ ਕਰਨ ਲਈ, ਡਿਵਾਇਸ ਤੇ ਪਾਸਕੀ ਦਾਖਲ ਕਰੋ ।"]},{"$i":"passive-pair-enterpincode","$v":"ਇਸ ਫੋਨ ਨਾਲ ਪੇਅਰ ਕਰਨਾ ਚਾਹੋਗੇ। ਸਵੀਕਾਰ ਕਰਨ ਲਈ ਡਿਵਾਇਸ ਤੇ ਪਿਨ ਦਾਖਲ ਕਰੋ ।"},{"$i":"pair-view-title","$v":"ਬਲੂਟੁੱਥ ਬੇਨਤੀ"},{"$i":"bluetooth-pairing-request-now-title","$v":"ਬਲੂਟੁੱਥ ਪੇਅਰ ਕਰਨ ਲਈ ਬੇਨਤੀ"},{"$i":"pairing-request-timeout-title","$v":"ਬਲੂਟੁੱਥ ਪੇਅਰ ਕਰਨ ਲਈ ਬੇਨਤੀ"},{"$i":"pairing-request-timeout-description","$v":"ਬਲੂਟੁੱਥ ਪੇਅਰ ਕਰਨ ਦੀ ਬੇਨਤੀ ਦੀ ਸਮਾਂ ਸੀਮਾ ਸਮਾਪਤ ਹੋ ਗਈ ਹੈ। ਦੁਬਾਰਾ ਪੇਅਰ ਕਰਨ ਦੀ ਕੋਸ਼ਿਸ਼ ਕਰੋ।"},{"$i":"tcl-turn-on","$v":"ਔਨ ਕਰੋ"},{"$i":"tcl-stop","$v":"ਰੋਕੋ"},{"$i":"tcl-send","$v":"ਭੇਜੋ"},{"$i":"tcl-refresh","$v":"ਰਿਫ੍ਰੈਸ਼ ਕਰੋ"},{"$i":"tcl-search-new-device","$v":"ਨਵੇਂ ਡਿਵਾਈਸ ਦੀ ਖੋਜ਼ ਕਰੋ"},{"$i":"tcl-search-new-device-desc","$v":"ਉਸ ਡਿਵਾਇਸ ਨੂੰ ਰੱਖੋ ਜਿਸ ਨੂੰ ਤੁਸੀਂ ਲੱਭਣਯੋਗ ਮੋਡ ਵਿੱਚ ਕਨੈਕਟ ਕਰਨ ਦੀ ਇੱਛਾ ਰੱਖਦੇ ਹੋ।"},{"$i":"tcl-select-device","$v":"ਡਿਵਾਈਸ ਚੁਣੋ"},{"$i":"tcl-add-new-device","$v":"ਨਵਾਂ ਡਿਵਾਇਸ ਜੋੜੋ"},{"$i":"select","$v":"ਚੁਣੋ"}]