[{"$i":"bluetooth-header","$v":[{"t":"idOrVar","v":"bluetooth"}]},{"$i":"bluetooth-enable-msg","$v":"क्षेत्रमध्ये उपकरणद्रष्टुं ब्लूटूथ प्रारभ्यताम्।"},{"$i":"bluetooth-paired-devices","$v":"योजितम् उपकरण"},{"$i":"bluetooth-devices-nearby","$v":"उपकरणस्य निकटे"},{"$i":"bt-nodevices-nearby","$v":"समीले नैकमपि उपकरणं प्राप्तम्।"},{"$i":"bluetooth-visible-to-all","$v":"सर्वेषां कृते दृश्यमानम्"},{"$i":"bluetooth-name-maxlength-alert","$v":["उपकरणस्य नाम्नः अक्षराणां ",{"t":"idOrVar","v":"length"}," सीमा अतिक्रान्ता। कृपया पुनः प्रयासं करोतु।"]},{"$i":"bluetooth-address","$v":"ब्लूटूथ संकेतः"},{"$i":"bluetooth-address-unavailable","$v":"अनुपलब्धम्"},{"$i":"bt-status-nopaired","$v":"किमपि उपकरणं युग्मितं नास्ति"},{"$i":"bt-status-turnoff","$v":"कामोत्तेजितम्"},{"$i":"bt-status-paired","$v":{"zero":[{"t":"idOrVar","v":"name"}],"one":[{"t":"idOrVar","v":"name"},", +",{"t":"idOrVar","v":"n"}," अधिकम्"],"two":[{"t":"idOrVar","v":"name"},", +",{"t":"idOrVar","v":"n"}," अधिकम्"],"few":[{"t":"idOrVar","v":"name"},", +",{"t":"idOrVar","v":"n"}," अधिकम्"],"many":[{"t":"idOrVar","v":"name"},", +",{"t":"idOrVar","v":"n"}," अधिकम्"],"other":[{"t":"idOrVar","v":"name"},", +",{"t":"idOrVar","v":"n"}," अधिकम्"]},"$x":[{"t":"idOrVar","v":"plural"},"n"]},{"$i":"device-status-tap-connect","$v":"इत्यनेन सह युगलीकर्तुं नुदतु \"चिनोतु\""},{"$i":"device-status-pairing","$v":"उपकरणेन सह योजयति..."},{"$i":"device-status-waiting","$v":"अन्योपकरणस्य प्रतीक्ष्यते ..."},{"$i":"device-status-paired","$v":"युग्मितम्"},{"$i":"device-status-connecting","$v":"संयुक्तं भवति …"},{"$i":"device-status-connected","$v":"संयोजितम्"},{"$i":"device-status-connected-phone","$v":"दूरभाषयन्त्रस्य श्रावकेन संयुक्तः"},{"$i":"device-status-connected-media","$v":"श्रवणमाध्यमेन संयुक्तः"},{"$i":"device-status-connected-phone-media","$v":"फोन/ऑडियो मिडियासहितं संयुक्तम्"},{"$i":"device-option-unpair","$v":"वियुगलीक्रियताम्"},{"$i":"device-option-confirm","$v":"पुष्टीक्रियताम्"},{"$i":"device-option-unpair-confirmation","$v":"अनुमोदनम्"},{"$i":"device-option-unpair-device","$v":"उपकरणं पृथक् करोतु?"},{"$i":"device-option-connect","$v":"संयोजयतु"},{"$i":"device-option-disconnect","$v":"विच्छेदयतु"},{"$i":"search-for-device","$v":"उपकरणानामन्वेषणं भवति…"},{"$i":"search-device","$v":"यन्त्रानुसन्धानं क्रियताम्"},{"$i":"rename-device","$v":"मम उपकरणस्य नाम पुनः स्थापयतु"},{"$i":"unnamed-device","$v":"अज्ञातं यन्त्रम्"},{"$i":"change-phone-name","$v":"फोननाम परिवर्तयतु"},{"$i":"change-phone-name-desc","$v":"भवतः डिवाइसस्य नाम परिवर्तयतु यथा भवतः कम्प्युटरे दर्शयति"},{"$i":"bluetooth-new-name","$v":"नूतनं नाम"},{"$i":"error-pair-title","$v":"उपकरणयोजितुम् असमर्थम्"},{"$i":"error-pair-pincode","$v":"उपकरणेन सह युगलं न शक्तम्। सः PIN कूटः योग्यः अस्ति इति निश्चिनोतु।"},{"$i":"error-pair-toofast","$v":"उपकरणेन सह युगलं न शक्तम्। अनेकानि निवेदनानि।"},{"$i":"error-connect-title","$v":"उपकरणं संयुक्तकर्तुमसमर्थम्"},{"$i":"error-connect-msg","$v":"येन सह उपकरणं संयोजितुं प्रयतते, तत् प्राप्तसीमीयाम् अस्ति तथा च ब्लूटूथ सक्रियम् अस्ति इति।"},{"$i":"unpair-title","$v":"युगलं उपकरणं विच्छेदयितुम् इच्छति?"},{"$i":"unpair-msg","$v":"अनेन उपकरणेन सह भवान्/भवती सद्यः युक्तः/क्ता अस्ति। युगलविच्छेदः एतस्मादपि विच्छेदं करिष्यति।"},{"$i":"bluetooth","$v":"ब्लूटूथ्"},{"$i":"turn-bluetooth-on-title","$v":"ब्लूटूथप्रारभ्यताम्"},{"$i":"bluetooth-status-description","$v":"ब्लूटूथ अक्षमः"},{"$i":"turn-bluetooth-on","$v":"ब्लूटुथ निष्क्रियम् अस्ति, आरब्धुम् इच्छति किम्?"},{"$i":"cancel","$v":"निरस्यताम्"},{"$i":"turn-on","$v":"प्रारभ्यताम्"},{"$i":"error-transfer-title","$v":"ब्लूटूथ फ़ाइल स्थानांतरणमसफलम्"},{"$i":"error-transfer-settings","$v":"ब्लूटूथ फ़ाइल स्थानांतरणमसफलम् । नीरिक्ष्यतां यत् ब्लूटूथ सेटिंग्स सम्यक् वर्तते।"},{"$i":"ok","$v":"नुदताम्"},{"$i":"pair","$v":"युगलम्"},{"$i":"active-pair","$v":"उपकरणानां निश्चितुं योजयतु"},{"$i":"active-pair-confirmation","$v":[{"t":"idOrVar","v":"device"}," सह युग्मितकरणाय, सुनिश्चितं करोतु यत् उभयडिवाइसमध्ये वर्तमाने निम्नपिन प्रदर्शितं क्रियते:"]},{"$i":"active-pair-pincode","$v":[{"t":"idOrVar","v":"device"}," सह युगलकर्तुं, डिवाइसमध्ये पिन स्थापयतु।"]},{"$i":"active-pair-passkey","$v":[{"t":"idOrVar","v":"device"}," सह युग्मितकरणाय, डिवाइसमध्ये पासकूटं स्थापयतु।"]},{"$i":"passive-pair","$v":"ब्लूटूथ योगः अनुरोधः"},{"$i":"passive-pair-confirmation","$v":"अनेन दूरभाषेण सह योजितुमिच्छति । स्वीकारकर्तुं, सुनिश्चितं करोतु यत् उभयोपकरणे वर्तमाने निम्नपिन प्रदर्शितमस्ति:"},{"$i":"passive-pair-pincode","$v":"अनेन दूरभाषेण सह योजितुमिच्छति । स्वीकारकर्तुं, उपकरणे पिन लिख्यताम्।"},{"$i":"passive-pair-passkey","$v":[{"t":"idOrVar","v":"device"}," अस्य दूरभाषेण सह योजितुमिच्छति । स्वीकारं कर्तुम्, उपकरणे कूटः लिख्यताम्।"]},{"$i":"passive-pair-enterpincode","$v":"अनेन दूरभाषेण सह योजितुमिच्छति । स्वीकारकर्तुं, उपकरणे पिन लिख्यताम्।"},{"$i":"pair-view-title","$v":"ब्लूटूथानुरोधः"},{"$i":"bluetooth-pairing-request-now-title","$v":"ब्लूटूथ योगः अनुरोधः"},{"$i":"pairing-request-timeout-title","$v":"ब्लूटूथ योगः अनुरोधः"},{"$i":"pairing-request-timeout-description","$v":"ब्लूटूथयुक्तम् अनुरोधं समाप्तम् । पुनः योजितुं चेष्टितव्यम्।"},{"$i":"tcl-turn-on","$v":"प्रारभ्यताम्"},{"$i":"tcl-stop","$v":"विरम्यताम्"},{"$i":"tcl-send","$v":"प्रेष्यताम्"},{"$i":"tcl-refresh","$v":"नवीक्रियताम्"},{"$i":"tcl-search-new-device","$v":"नूतनं उपकरणमन्वेषयतु"},{"$i":"tcl-search-new-device-desc","$v":"स डिवाइसं स्थापयतु अन्वेषयोग्यमोडेसंयुक्तकर्तुमिच्छति।"},{"$i":"tcl-select-device","$v":"उपकरणं चिनोतु"},{"$i":"tcl-add-new-device","$v":"नूतनडिवाइस योजयतु"},{"$i":"select","$v":"चिनोतु"}]