[{"$i":"bluetooth-header","$v":[{"t":"idOrVar","v":"bluetooth"}]},{"$i":"bluetooth-enable-msg","$v":"ᱱᱚᱣᱟ ᱴᱚᱴᱟ ᱨᱮᱭᱟᱜ ᱭᱚᱱᱛᱨᱚ ᱧᱮᱞ ᱞᱟᱜᱤᱫ Bluetooth ᱪᱟᱞᱩᱭ ᱢᱮ."},{"$i":"bluetooth-paired-devices","$v":"ᱯᱚᱸᱛᱤᱭᱟᱜ ᱭᱚᱱᱛᱨᱚ ᱠᱚ"},{"$i":"bluetooth-devices-nearby","$v":"ᱥᱩᱨ ᱨᱮᱭᱟᱜ ᱭᱚᱱᱛᱨᱚ"},{"$i":"bt-nodevices-nearby","$v":"ᱥᱩᱨ ᱨᱮᱭᱟᱜ ᱭᱚᱱᱛᱨᱚ ᱵᱟᱱᱩᱜ-ᱟ."},{"$i":"bluetooth-visible-to-all","$v":"ᱡᱚᱛᱚ ᱧᱮᱞᱚᱜ-ᱟ"},{"$i":"bluetooth-name-maxlength-alert","$v":["ᱟᱢᱟᱜ ᱭᱚᱱᱛᱨᱚ ᱧᱩᱛᱩᱢ ᱨᱮᱭᱟᱜ ",{"t":"idOrVar","v":"length"}," ᱟᱠᱷᱚᱨ ᱠᱚ. ᱱᱮᱦᱚᱨ ᱫᱚᱦᱚᱲᱟ ᱠᱩᱨᱩᱢᱩᱴᱩᱭ ᱢᱮ"]},{"$i":"bluetooth-address","$v":"Bluetooth ᱴᱟᱸᱣ"},{"$i":"bluetooth-address-unavailable","$v":"ᱵᱟᱝ ᱧᱟᱢᱚᱜ ᱠᱟᱱᱟ"},{"$i":"bt-status-nopaired","$v":"ᱭᱚᱱᱛᱨᱚ ᱯᱟᱸᱛᱤ ᱟᱠᱟᱱᱟᱜ ᱵᱟᱱᱩᱜ-ᱟ"},{"$i":"bt-status-turnoff","$v":"ᱵᱚᱱᱫᱚᱭ ᱢᱮ"},{"$i":"bt-status-paired","$v":{"zero":[{"t":"idOrVar","v":"name"}],"one":[{"t":"idOrVar","v":"name"},", +",{"t":"idOrVar","v":"n"}," ᱵᱟᱲᱛᱤ"],"two":[{"t":"idOrVar","v":"name"},", +",{"t":"idOrVar","v":"n"}," ᱵᱟᱲᱛᱤ"],"few":[{"t":"idOrVar","v":"name"},", +",{"t":"idOrVar","v":"n"}," ᱵᱟᱲᱛᱤ"],"many":[{"t":"idOrVar","v":"name"},", +",{"t":"idOrVar","v":"n"}," ᱵᱟᱲᱛᱤ"],"other":[{"t":"idOrVar","v":"name"},", +",{"t":"idOrVar","v":"n"}," ᱵᱟᱲᱛᱤ"]},"$x":[{"t":"idOrVar","v":"plural"},"n"]},{"$i":"device-status-tap-connect","$v":"ᱡᱚᱲ ᱞᱟᱜᱤᱫ\"ᱵᱟᱪᱷᱟᱣ \"ᱚᱛᱟᱭ ᱢᱮ"},{"$i":"device-status-pairing","$v":"ᱯᱚᱸᱛᱤᱭᱟᱜ ᱭᱚᱱᱛᱨᱚ ᱥᱚᱛᱮᱜ…"},{"$i":"device-status-waiting","$v":"ᱮᱴᱟᱜ ᱭᱚᱱᱛᱨᱚ ᱞᱟᱜᱤᱫ ᱛᱟᱝᱜᱤ ᱢᱮ…"},{"$i":"device-status-paired","$v":"ᱯᱚᱸᱛᱤᱭᱟᱜ"},{"$i":"device-status-connecting","$v":"ᱡᱩᱲᱟᱜ ᱠᱟᱱᱟ…"},{"$i":"device-status-connected","$v":"ᱡᱩᱲᱟᱣ ᱱᱟ"},{"$i":"device-status-connected-phone","$v":"ᱯᱷᱹᱚᱱ ᱚᱰᱤᱭᱳ ᱨᱮ ᱡᱩᱲᱟᱣ ᱟᱠᱟᱱᱟ"},{"$i":"device-status-connected-media","$v":"ᱢᱮᱰᱤᱭᱟ ᱚᱰᱤᱭᱳ ᱨᱮ ᱡᱩᱲᱟᱣ ᱟᱠᱟᱱᱟ"},{"$i":"device-status-connected-phone-media","$v":"ᱯᱷᱹᱚᱱ/ᱢᱮᱰᱤᱭᱟ ᱚᱰᱤᱭᱳ ᱞᱟᱜᱤᱫ ᱡᱩᱲᱟᱣ ᱟᱠᱟᱱᱟ"},{"$i":"device-option-unpair","$v":"ᱵᱮᱯᱚᱱᱛᱤ"},{"$i":"device-option-confirm","$v":"ᱜᱚᱴᱟ"},{"$i":"device-option-unpair-confirmation","$v":"ᱜᱚᱴᱟᱜ ᱠᱟᱱᱟ"},{"$i":"device-option-unpair-device","$v":"ᱵᱟᱝ ᱯᱟᱸᱛᱤ ᱭᱚᱱᱛᱨᱚ?"},{"$i":"device-option-connect","$v":"ᱡᱩᱲᱟᱣ"},{"$i":"device-option-disconnect","$v":"ᱡᱩᱲᱟᱣ ᱨᱟᱯᱩᱫ ᱱᱟ"},{"$i":"search-for-device","$v":"ᱭᱚᱱᱛᱨᱚ ᱠᱚ ᱥᱮᱸᱫᱨᱟᱜ ᱞᱟᱜᱤᱫ…"},{"$i":"search-device","$v":"ᱭᱚᱱᱛᱨᱚ ᱠᱚ ᱞᱟᱜᱤᱫ ᱥᱮᱱᱫᱨᱟ"},{"$i":"rename-device","$v":"ᱤᱧᱮᱜ ᱭᱚᱱᱛᱨᱚ ᱧᱩᱛᱩᱢ ᱟᱹᱨᱩ"},{"$i":"unnamed-device","$v":"ᱵᱟᱝ ᱵᱟᱰᱟᱭ ᱭᱚᱱᱛᱨᱚ"},{"$i":"change-phone-name","$v":"ᱯᱷᱹᱚᱱ ᱧᱩᱛᱩᱢ ᱵᱚᱫᱚᱞ"},{"$i":"change-phone-name-desc","$v":"ᱟᱢᱟᱜ ᱭᱚᱱᱛᱨᱚ ᱨᱮᱭᱟᱜ ᱧᱩᱛᱩᱢ ᱵᱚᱫᱚᱞ ᱢᱮ ᱡᱮᱞᱤᱠᱟ ᱟᱢᱟᱜ ᱠᱚᱢᱯᱤᱭᱩᱴᱚᱨ ᱨᱮ ᱧᱮᱞᱚᱜ ᱠᱟᱱᱟ."},{"$i":"bluetooth-new-name","$v":"ᱱᱟᱣᱟ ᱧᱩᱛᱩᱢ"},{"$i":"error-pair-title","$v":"ᱵᱟᱝ ᱮᱢ ᱯᱟᱸᱛᱤ ᱫᱟᱲᱤᱭᱟᱜ-ᱟ ᱭᱚᱱᱛᱨᱚ"},{"$i":"error-pair-pincode","$v":"ᱭᱚᱱᱛᱨᱚ ᱥᱚᱛᱮᱜ ᱵᱟᱝ ᱮᱢ ᱯᱟᱸᱛᱤ ᱫᱟᱲᱤᱭᱟᱜ-ᱟ ᱧᱮᱞ ᱢᱮ ᱡᱮ PIN ᱫᱚ ᱥᱩᱦᱤ ᱜᱮᱭᱟ."},{"$i":"error-pair-toofast","$v":"ᱭᱚᱱᱛᱨᱚ ᱥᱚᱛᱮᱜ ᱵᱟᱝ ᱮᱢ ᱯᱟᱸᱛᱤ ᱫᱟᱲᱤᱭᱟᱜ-ᱟ ᱟᱭᱢᱟ ᱨᱚᱠᱚᱢᱟᱜ ᱱᱮᱦᱚᱨ ᱠᱚ."},{"$i":"error-connect-title","$v":"ᱭᱚᱱᱛᱨᱚ ᱡᱩᱲᱟᱣ ᱫᱚ ᱵᱟᱝ ᱦᱩᱭᱩᱜ-ᱟ"},{"$i":"error-connect-msg","$v":"ᱯᱚᱨᱤᱠᱪᱷᱟᱭ ᱢᱮ ᱡᱮ ᱭᱚᱱᱛᱨᱚ ᱠᱷᱚᱱ ᱡᱩᱲᱟᱣ ᱞᱟᱜᱤᱫ ᱪᱮᱥᱴᱟᱭ ᱫᱟᱭ ᱱᱚᱣᱟ ᱫᱚ ᱧᱤᱛ ᱦᱚᱸ ᱥᱤᱢᱮ ᱨᱮ ᱢᱮᱱᱟᱜ-ᱟ ᱟᱨ Bluetooth ᱫᱚ ᱪᱟᱞᱩ ᱜᱮᱭᱟ."},{"$i":"unpair-title","$v":"ᱵᱟᱝ ᱯᱟᱸᱛᱤ ᱭᱚᱱᱛᱨᱚ ᱡᱩᱲᱟᱣ ᱟᱠᱟᱱᱟ?"},{"$i":"unpair-msg","$v":"ᱟᱢ ᱫᱚ ᱦᱟᱞᱤ ᱨᱮ ᱱᱚᱣᱟ ᱭᱚᱱᱛᱨᱚ ᱥᱚᱛᱮᱜ ᱮᱢ ᱡᱩᱲᱟᱣ ᱟᱠᱟᱱᱟ. ᱯᱚᱸᱛᱤᱭᱟᱜ ᱚᱪᱚᱜ ᱞᱮ ᱠᱷᱟᱱ ᱡᱩᱲᱟᱣ ᱦᱚᱸ ᱨᱟᱯᱩᱫᱚᱜ-ᱟ ᱱᱚᱣᱟ ᱠᱷᱚᱱ"},{"$i":"bluetooth","$v":"Bluetooth"},{"$i":"turn-bluetooth-on-title","$v":"Bluetooth ᱪᱟᱞᱩ"},{"$i":"bluetooth-status-description","$v":"Bluetooth ᱫᱚ ᱚᱥᱚᱠᱪᱷᱚᱢ ᱜᱮᱭᱟ"},{"$i":"turn-bluetooth-on","$v":"ᱵᱞᱩᱴᱩᱛᱷ ᱫᱚ ᱚᱥᱚᱠᱪᱷᱚᱢ ᱜᱮᱭᱟ, ᱪᱮᱫᱽ ᱟᱢ ᱵᱞᱩᱴᱩᱛᱷ ᱪᱟᱞᱩ ᱥᱟᱱᱟᱭᱮᱜ ᱢᱮᱭᱟ?"},{"$i":"cancel","$v":"ᱢᱩᱪᱮᱫ"},{"$i":"turn-on","$v":"ᱪᱟᱞᱩ"},{"$i":"error-transfer-title","$v":"Bluetooth ᱨᱮᱫ ᱠᱩᱞ ᱫᱚ ᱰᱤᱜᱷᱮᱣ ᱟᱠᱟᱱᱟ"},{"$i":"error-transfer-settings","$v":"Bluetooth ᱨᱮᱫ ᱠᱩᱞ ᱫᱚ ᱰᱤᱜᱷᱮᱣ ᱟᱠᱟᱱᱟ. Bluetooth ᱥᱮᱴᱤᱸᱜ ᱫᱚ ᱥᱩᱦᱤ ᱜᱮᱭᱟ ᱧᱮᱞ ᱞᱟᱜᱤᱫ."},{"$i":"ok","$v":"ᱴᱤᱠ"},{"$i":"pair","$v":"ᱯᱚᱱᱛᱤ"},{"$i":"active-pair","$v":"ᱭᱚᱸᱛᱨᱚ ᱯᱚᱸᱛᱤ ᱞᱟᱜᱤᱫ ᱜᱚᱴᱟ"},{"$i":"active-pair-confirmation","$v":[{"t":"idOrVar","v":"device"}," ᱥᱚᱛᱮᱜ ᱯᱟᱸᱛᱤ ᱞᱟᱜᱤᱫ, ᱜᱚᱴᱟᱭ ᱢᱮ ᱡᱮ ᱵᱟᱱᱟᱨ ᱭᱚᱱᱛᱨᱚ ᱠᱚ ᱦᱟᱞᱤ ᱨᱮ ᱯᱚᱸᱡᱟ ᱟᱠᱟᱱ PIN ᱰᱤᱥᱯᱞᱮ ᱞᱟᱜᱤᱫ:"]},{"$i":"active-pair-pincode","$v":[{"t":"idOrVar","v":"device"}," ᱥᱚᱛᱮᱜ ᱯᱟᱸᱛᱤ ᱞᱟᱜᱤᱫ, ᱭᱚᱱᱛᱨᱚ ᱨᱮ PIN ᱟᱫᱮᱨ ᱢᱮ."]},{"$i":"active-pair-passkey","$v":[{"t":"idOrVar","v":"device"}," ᱥᱚᱛᱮᱜ ᱯᱟᱸᱛᱤ ᱞᱟᱜᱤᱫ, ᱭᱚᱱᱛᱨᱚ ᱨᱮ ᱯᱟᱥᱠᱤ ᱟᱫᱮᱨ ᱢᱮ."]},{"$i":"passive-pair","$v":"Bluetooth ᱯᱟᱱᱛᱤ ᱱᱮᱦᱚᱨ"},{"$i":"passive-pair-confirmation","$v":"ᱪᱤᱫ ᱟᱢ ᱱᱚᱣᱟ ᱯᱷᱹᱚᱱ ᱥᱚᱛᱮᱜ ᱯᱚᱱᱴᱤ ᱥᱟᱱᱟᱭᱮᱜ ᱢᱮᱭᱟ. ᱦᱟᱛᱟᱣ ᱞᱟᱜᱤᱫ, ᱜᱚᱴᱟ ᱞᱟᱦᱟᱭ ᱢᱮ ᱵᱟᱱᱟᱨ ᱭᱚᱱᱛᱨᱚ ᱨᱮ ᱦᱟᱞᱤ ᱨᱮ ᱯᱚᱱᱡᱟ ᱟᱠᱟᱱ PIN ᱰᱤᱥᱯᱞᱮ ᱟᱠᱟᱱᱟᱜ."},{"$i":"passive-pair-pincode","$v":"ᱪᱤᱫ ᱟᱢ ᱱᱚᱣᱟ ᱯᱷᱹᱚᱱ ᱥᱚᱛᱮᱜ ᱯᱚᱱᱴᱤ ᱥᱟᱱᱟᱭᱮᱜ ᱢᱮᱭᱟ. ᱦᱟᱛᱟᱣ ᱞᱟᱜᱤᱫ, ᱭᱚᱱᱛᱨᱚ ᱨᱮ PIN ᱟᱫᱮᱨ ᱢᱮ."},{"$i":"passive-pair-passkey","$v":[{"t":"idOrVar","v":"device"}," ᱪᱤᱫ ᱱᱚᱣᱟ ᱯᱷᱹᱚᱱ ᱥᱚᱛᱮ ᱯᱚᱱᱛᱤ ᱥᱟᱱᱟᱭᱮᱜ ᱢᱮᱭᱟ. ᱦᱟᱛᱟ ᱞᱟᱜᱤᱫ, ᱱᱚᱣᱟ ᱭᱚᱱᱛᱨᱚ ᱨᱮ ᱟᱫᱮᱨ ᱢᱮ ᱯᱟᱥᱠᱳᱰ."]},{"$i":"passive-pair-enterpincode","$v":"ᱪᱤᱫ ᱟᱢ ᱱᱚᱣᱟ ᱯᱷᱹᱚᱱ ᱥᱚᱛᱮᱜ ᱯᱚᱱᱴᱤ ᱥᱟᱱᱟᱭᱮᱜ ᱢᱮᱭᱟ. ᱦᱟᱛᱟᱣ ᱞᱟᱜᱤᱫ, ᱭᱚᱱᱛᱨᱚ ᱨᱮ PIN ᱟᱫᱮᱨ ᱢᱮ."},{"$i":"pair-view-title","$v":"Bluetooth ᱱᱮᱦᱚᱨ"},{"$i":"bluetooth-pairing-request-now-title","$v":"Bluetooth ᱯᱟᱱᱛᱤ ᱱᱮᱦᱚᱨ"},{"$i":"pairing-request-timeout-title","$v":"Bluetooth ᱯᱟᱱᱛᱤ ᱱᱮᱦᱚᱨ"},{"$i":"pairing-request-timeout-description","$v":"Bluetooth ᱯᱚᱱᱛᱤ ᱞᱟᱜᱤᱫ ᱱᱮᱦᱚᱨ ᱚᱠᱛᱮ ᱫᱚ ᱯᱟᱨᱚᱢ ᱟᱠᱟᱱᱟ. ᱫᱚᱦᱚᱲᱟ ᱞᱮᱜᱟᱭ ᱢᱮ."},{"$i":"tcl-turn-on","$v":"ᱪᱟᱞᱩ"},{"$i":"tcl-stop","$v":"ᱛᱤᱸᱜᱩ"},{"$i":"tcl-send","$v":"ᱠᱩᱞ"},{"$i":"tcl-refresh","$v":"ᱜᱷᱩᱨᱮ ᱛᱮ ᱪᱮᱴᱟ"},{"$i":"tcl-search-new-device","$v":"ᱱᱟᱣᱟ ᱭᱚᱱᱛᱨᱚ ᱥᱮᱸᱫᱨᱟ"},{"$i":"tcl-search-new-device-desc","$v":"ᱫᱚᱦᱚᱭ ᱢᱮ ᱭᱚᱱᱛᱨᱚ ᱟᱢ ᱠᱷᱚᱡᱚᱜ ᱠᱟᱱ ᱥᱮᱸᱫᱨᱟ ᱧᱟᱢᱚᱜ ᱚᱵᱚᱥᱛᱟ ᱨᱮ ᱡᱩᱲᱟᱣ ᱞᱟᱜᱤᱫ."},{"$i":"tcl-select-device","$v":"ᱭᱚᱱᱛᱨᱚ ᱵᱟᱪᱷᱟᱣ ᱢᱮ"},{"$i":"tcl-add-new-device","$v":"ᱱᱟᱣᱟ ᱭᱚᱱᱛᱨᱚ ᱥᱮᱞᱮᱫ"},{"$i":"select","$v":"ᱵᱟᱪᱷᱟᱣ"}]