[{"$i":"bluetooth-header","$v":[{"t":"idOrVar","v":"bluetooth"}]},{"$i":"bluetooth-enable-msg","$v":"एरिया में डवाईसज़ ॾिसणु लाइ ब्लूटूथ खोलियो ."},{"$i":"bluetooth-paired-devices","$v":"जोड़ो थियल डवाईसज़"},{"$i":"bluetooth-devices-nearby","$v":"वीजहा डवाईसज़"},{"$i":"bt-nodevices-nearby","$v":"वेझो के बि डिवाइस न मिलिया."},{"$i":"bluetooth-visible-to-all","$v":"सभई खे ज़ाहिरु"},{"$i":"bluetooth-name-maxlength-alert","$v":["तवहां जी डिवाइस जो नालो ",{"t":"idOrVar","v":"length"}," क्रिकेटरनि खां वधे थो. महिरबानी करे ॿीहर कोशिश कर्यो."]},{"$i":"bluetooth-address","$v":"ब्लूटूथ जो पतो"},{"$i":"bluetooth-address-unavailable","$v":"मेसर नाहे"},{"$i":"bt-status-nopaired","$v":"के बि डवाईसज़ जोड़ो थियल नाहिनि"},{"$i":"bt-status-turnoff","$v":"बंदु थियल"},{"$i":"bt-status-paired","$v":{"zero":[{"t":"idOrVar","v":"name"}],"one":[{"t":"idOrVar","v":"name"},", +",{"t":"idOrVar","v":"n"}," वधीक"],"two":[{"t":"idOrVar","v":"name"},", +",{"t":"idOrVar","v":"n"}," वधीक"],"few":[{"t":"idOrVar","v":"name"},", +",{"t":"idOrVar","v":"n"}," वधीक"],"many":[{"t":"idOrVar","v":"name"},", +",{"t":"idOrVar","v":"n"}," वधीक"],"other":[{"t":"idOrVar","v":"name"},", +",{"t":"idOrVar","v":"n"}," वधीक"]},"$x":[{"t":"idOrVar","v":"plural"},"n"]},{"$i":"device-status-tap-connect","$v":"जोड़ो ठाहिण लाइ \"चूंडियो\\ खे दॿायो"},{"$i":"device-status-pairing","$v":"डिवाइस सां जोड़े ठाही प्यो..."},{"$i":"device-status-waiting","$v":"ॿिऐ डिवाइस लाइ इंतिज़ार कि यौन प्या..."},{"$i":"device-status-paired","$v":"जोड़ो थियल"},{"$i":"device-status-connecting","$v":"कनेक्ट किरी प्यो..."},{"$i":"device-status-connected","$v":"Connected"},{"$i":"device-status-connected-phone","$v":"फोन आडियो सां गंढो"},{"$i":"device-status-connected-media","$v":"मिडिया आडियो सां गंढो"},{"$i":"device-status-connected-phone-media","$v":"फ़ोनु/मीडिया ऑडियो सां ॻंढियल"},{"$i":"device-option-unpair","$v":"अण-संगु"},{"$i":"device-option-confirm","$v":"पक कयो"},{"$i":"device-option-unpair-confirmation","$v":"तसिदीक़"},{"$i":"device-option-unpair-device","$v":"डिवाइस उन पीअरु कर्यो?"},{"$i":"device-option-connect","$v":"गंढयो"},{"$i":"device-option-disconnect","$v":"छिनल"},{"$i":"search-for-device","$v":"डवाईसज़ लाइ ॻोला किरी प्यो..."},{"$i":"search-device","$v":"औजारनि लाई स्केन कयो"},{"$i":"rename-device","$v":"मुंहिंजी डिवाइस जो नालो तब्दील कर्यो"},{"$i":"unnamed-device","$v":"अणॼातल डिवाइस"},{"$i":"change-phone-name","$v":"फ़ोनु जो नालो तब्दील कर्यो"},{"$i":"change-phone-name-desc","$v":"डिवाइस जो नालो तब्दील कर्यो जीअं उहो तव्हांजी कम्प्यूटर में ज़ाहिरु थिए थो"},{"$i":"bluetooth-new-name","$v":"नओं नालो"},{"$i":"error-pair-title","$v":"डवाईसज़ जोड़ो करणु जी क़ाबिलु नाहे"},{"$i":"error-pair-pincode","$v":"डिवाइस सां जोड़ो करणु जे लाइ क़ाबिलु नाहे. चेकु कयो तPIN सहीह आहे."},{"$i":"error-pair-toofast","$v":"डिवाइस सां जोड़ो करणु जे लाइ क़ाबिलु नाहे. तमामु घणियूं दरख्वासतूं आहिनि."},{"$i":"error-connect-title","$v":"डवाईसज़ कनेक्ट करणु जी क़ाबिलु नाहे"},{"$i":"error-connect-msg","$v":"जंहिं डिवाइस सां तवहां ॻंढणु जी कोशिश करे रहिया आहियो छा उहो अञा ताईं हद में आहे ऐं छा ब्लूटूथ खुलियलु आहे."},{"$i":"unpair-title","$v":"हिक ॻंढियल डिवाइस खे धार कर्यो?"},{"$i":"unpair-msg","$v":"तवहां मोजूदह तौर ते हुन डिवाइस ते ॻंढियल आहियो. जोड़ु टोड़हण सां ही बि धार थी वेंदो."},{"$i":"bluetooth","$v":"बल्तुथ"},{"$i":"turn-bluetooth-on-title","$v":"बिलो टूथ खोलियो"},{"$i":"bluetooth-status-description","$v":"ब्लूटूथ ग़ैरु फ़आल थियल आहे"},{"$i":"turn-bluetooth-on","$v":"ब्लूटूथ ग़ैरु फ़आल थियल आहे, छा तवहां ब्लूटूथ खे खोलणु चाहियो था?"},{"$i":"cancel","$v":"मंसूख़ कर्यो"},{"$i":"turn-on","$v":"खोलियो"},{"$i":"error-transfer-title","$v":"ब्लूटूथ फाईल ट्रांसफ़र नाकामु थियो"},{"$i":"error-transfer-settings","$v":"ब्लूटूथ फाईल ट्रांसफ़र नाकामु थियो . चेकु कर्यो त ब्लूटूथ सीटनगूं सहीह आहिनि ."},{"$i":"ok","$v":"ठीक"},{"$i":"pair","$v":"संग"},{"$i":"active-pair","$v":"जोड़ो ठाहिण लाइ डवाईसज़ तसिदीक़ कर्यो"},{"$i":"active-pair-confirmation","$v":[{"t":"idOrVar","v":"device"}," सां जोड़ो ठाहिण लाइ, पिक कर्यो त ॿिन्ही डवाईसज़ खे हिन वक्त ह॓ठियूंPIN डिस्प्ले थियल आहे:"]},{"$i":"active-pair-pincode","$v":[{"t":"idOrVar","v":"device"}," सां जोड़ो ठाहिण लाइ, डिवाइस तेPIN दाख़िलु कर्यो ."]},{"$i":"active-pair-passkey","$v":[{"t":"idOrVar","v":"device"}," सां जोड़ो ठाहिण लाइ, डिवाइस ते पास कीथ दाख़िलु कर्यो ."]},{"$i":"passive-pair","$v":"ब्लूटूथ जोड़े जे दरख़्वास्त"},{"$i":"passive-pair-confirmation","$v":"छा तवहां फ़ोनु सां जोड़ु करणु चाहींदा  . कबूल करणु लाइ, पिक कर्यो त ॿिन्ही डवाइसन खे हिन वक्त ह॓ठियूं पीन डिस्प्ले थियल आहे:"},{"$i":"passive-pair-pincode","$v":"छा तवहां फ़ोनु सां जोड़ु करणु चाहींदा कबूल करणु लाइ, डिवाइस तेPIN दाख़िलु कर्यो ."},{"$i":"passive-pair-passkey","$v":[{"t":"idOrVar","v":"device"}," हुन फ़ोनु सां जोड़ो ठाहणु चाहे थो .  कबूल करणु लाइ, डिवाइस ते पास के दाख़िलु कर्यो ."]},{"$i":"passive-pair-enterpincode","$v":"छा तवहां फ़ोनु सां जोड़ु करणु चाहींदा कबूल करणु लाइ, डिवाइस तेPIN दाख़िलु कर्यो ."},{"$i":"pair-view-title","$v":"ब्लूटूथ जे दरख़्वास्त"},{"$i":"bluetooth-pairing-request-now-title","$v":"ब्लूटूथ जोड़े जे दरख़्वास्त"},{"$i":"pairing-request-timeout-title","$v":"ब्लूटूथ जोड़े जे दरख़्वास्त"},{"$i":"pairing-request-timeout-description","$v":"ब्लूटूथ जोड़ो ठाहिण जी दरख़्वास्त मुदे ख़ारिज थी . ॿीहर जोड़ो ठाहण जी कोशिश कर्यो ."},{"$i":"tcl-turn-on","$v":"खोलियो"},{"$i":"tcl-stop","$v":"रोक्यो"},{"$i":"tcl-send","$v":"मोकलण"},{"$i":"tcl-refresh","$v":"ताज़ो कयो"},{"$i":"tcl-search-new-device","$v":"नओं डिवाइस ॻोला कर्यो"},{"$i":"tcl-search-new-device-desc","$v":"डिवाइस रुखो तवहां खोज लाइक़ु मूड में कनेक्ट करणु चाहियो था ."},{"$i":"tcl-select-device","$v":"डिवाइस चूंडियो"},{"$i":"tcl-add-new-device","$v":"नओं डिवाइस शामिलु कर्यो"},{"$i":"select","$v":"चूंडियो"}]