[{"$i":"bluetooth-header","$v":[{"t":"idOrVar","v":"bluetooth"}]},{"$i":"bluetooth-enable-msg","$v":"பகுதியில் சாதனங்களை காண ப்ளூடூத்தை ஆன் செய்யவும்."},{"$i":"bluetooth-paired-devices","$v":"இணைக்கப்பட்ட சாதனங்கள்"},{"$i":"bluetooth-devices-nearby","$v":"அருகில் உள்ள சாதனங்கள்"},{"$i":"bt-nodevices-nearby","$v":"அருகில் சாதனங்கள் எதுவுமில்லை."},{"$i":"bluetooth-visible-to-all","$v":"அனைவரும் பார்க்கக்கூடியதாக"},{"$i":"bluetooth-name-maxlength-alert","$v":["உங்கள் சாதன பெயர் ",{"t":"idOrVar","v":"length"}," எழுத்துக்களை மீறுகிறது. தயவுசெய்து மீண்டும் முயலவும்."]},{"$i":"bluetooth-address","$v":"ப்ளூடூத் முகவரி"},{"$i":"bluetooth-address-unavailable","$v":"கிடைக்கவில்லை"},{"$i":"bt-status-nopaired","$v":"சாதனங்கள் எதுவும் இணைக்கப்படவில்லை"},{"$i":"bt-status-turnoff","$v":"ஆஃப் செய்யப்பட்டது"},{"$i":"bt-status-paired","$v":{"zero":[{"t":"idOrVar","v":"name"}],"one":[{"t":"idOrVar","v":"name"},", +",{"t":"idOrVar","v":"n"}," மேலும்"],"two":[{"t":"idOrVar","v":"name"},", +",{"t":"idOrVar","v":"n"}," மேலும்"],"few":[{"t":"idOrVar","v":"name"},", +",{"t":"idOrVar","v":"n"}," மேலும்"],"many":[{"t":"idOrVar","v":"name"},", +",{"t":"idOrVar","v":"n"}," மேலும்"],"other":[{"t":"idOrVar","v":"name"},", +",{"t":"idOrVar","v":"n"}," மேலும்"]},"$x":[{"t":"idOrVar","v":"plural"},"n"]},{"$i":"device-status-tap-connect","$v":"இணைக்க \"தேர்ந்தெடு\" என்பதை அழுத்தவும்"},{"$i":"device-status-pairing","$v":"சாதனத்துடன் இணைகிறது…"},{"$i":"device-status-waiting","$v":"மற்ற சாதனத்திற்கு காத்திருக்கிறது…"},{"$i":"device-status-paired","$v":"இணைக்கப்பட்டது"},{"$i":"device-status-connecting","$v":"கனெக்ட் செய்கிறது..."},{"$i":"device-status-connected","$v":"கனெக்ட்டெட்"},{"$i":"device-status-connected-phone","$v":"மொபைல் ஆடியோவுடன் கனெக்ட் செய்யப்பட்டது"},{"$i":"device-status-connected-media","$v":"மீடியா ஆடியோவுடன் கனெக்ட் செய்யப்பட்டது"},{"$i":"device-status-connected-phone-media","$v":"ஃபோன்/மீடியா ஆடியோவுடன் கனெக்ட் செய்யப்பட்டது"},{"$i":"device-option-unpair","$v":"இணைப்பை நீக்கவும்"},{"$i":"device-option-confirm","$v":"உறுதிசெய்க"},{"$i":"device-option-unpair-confirmation","$v":"உறுதிப்படுத்துதல்"},{"$i":"device-option-unpair-device","$v":"சாதனத்தை இணைப்பு நீக்கவா?"},{"$i":"device-option-connect","$v":"கனெக்ட்"},{"$i":"device-option-disconnect","$v":"தொடர்பைத் துண்டி"},{"$i":"search-for-device","$v":"சாதனங்களைத் தேடுகிறது..."},{"$i":"search-device","$v":"சாதனங்களைத் தேடுக"},{"$i":"rename-device","$v":"எனது சாதனத்திற்கு மறுபெயரிடவும்"},{"$i":"unnamed-device","$v":"தெரியாத சாதனம்"},{"$i":"change-phone-name","$v":"ஃபோன் பெயர் மாற்றம்"},{"$i":"change-phone-name-desc","$v":"உங்கள் கணினியில் தோன்றும் உங்கள் சாதனத்தின் பெயரை மாற்றவும்."},{"$i":"bluetooth-new-name","$v":"புதிய பெயர்"},{"$i":"error-pair-title","$v":"சாதனங்களை இணைக்க இயலவில்லை"},{"$i":"error-pair-pincode","$v":"சாதனத்துடன் இணைக்க இயலவில்லை பின் சரியானது என்பதை சரிபார்க்கவும்."},{"$i":"error-pair-toofast","$v":"சாதனத்துடன் இணைக்க இயலவில்லை மிக அதிக கோரிக்கைகள்."},{"$i":"error-connect-title","$v":"சாதனங்களை கனெக்ட் செய்ய இயலவில்லை"},{"$i":"error-connect-msg","$v":"நீங்கள் கனெக்ட் செய்ய முயற்சிக்கும் சாதனம் இன்னும் வரம்பிலும், ப்ளூடூத் இயக்கப்பட்ட நிலையிலும் உள்ளது என்பதை சரிபார்க்கவும்."},{"$i":"unpair-title","$v":"கனெக்ட் செய்யப்பட்ட சாதன இணைப்பை நீக்கவா?"},{"$i":"unpair-msg","$v":"நீங்கள் தற்போது இந்த சாதனத்துடன் கனெக்ட்"},{"$i":"bluetooth","$v":"ப்ளூடூத்"},{"$i":"turn-bluetooth-on-title","$v":"ப்ளூடூத்தை ஆன் செய்யவும்"},{"$i":"bluetooth-status-description","$v":"ப்ளூடூத் முடக்கப்பட்டுள்ளது"},{"$i":"turn-bluetooth-on","$v":"ப்ளூடூத் முடக்கப்பட்டது, உங்களுக்கு ப்ளூடூத் இயக்க வேண்டுமா?"},{"$i":"cancel","$v":"ரத்து செய்க"},{"$i":"turn-on","$v":"ஆன் செய்யவும்"},{"$i":"error-transfer-title","$v":"ப்ளூடூத் ஃபைல் டிரான்ஸ்பர் தோல்வியடைந்தது."},{"$i":"error-transfer-settings","$v":"ப்ளூடூத் ஃபைல் டிரான்ஸ்பர் தோல்வி. ப்ளூடூத் செட்டிங்ஸ் சரியாக உள்ளதா என்று பார்க்கவும்."},{"$i":"ok","$v":"சரி"},{"$i":"pair","$v":"இணை"},{"$i":"active-pair","$v":"இணைக்க வேண்டிய சாதனங்களை உறுதிப்படுத்தவும்"},{"$i":"active-pair-confirmation","$v":[{"t":"idOrVar","v":"device"}," உடன் இணைய, இரு சாதனங்களும் கீழே காட்டப்பட்ட பின்னை கொண்டிருக்கின்றன என்பதை உறுதிப்படுத்தவும்:"]},{"$i":"active-pair-pincode","$v":[{"t":"idOrVar","v":"device"}," உடன் இணைய, சாதனத்தில் பின்னை உள்ளிடவும்."]},{"$i":"active-pair-passkey","$v":[{"t":"idOrVar","v":"device"}," உடன் இணைய, சாதனத்தில் பாஸ்கீ-ஐ உள்ளிடவும்."]},{"$i":"passive-pair","$v":"ப்ளூடூத் இணைப்புக் கோரிக்கை"},{"$i":"passive-pair-confirmation","$v":"இந்த ஃபோன்-யுடன் நீங்கள் கன்டென்ட் செய்ய விரும்புகிறீர்களா. ஏற்க, இரு சாதனங்களும் தற்போது கீழே காட்டப்பட்ட பின்னைக் கொண்டிருக்கின்றன என்பதை உறுதிப்படுத்தவும்:"},{"$i":"passive-pair-pincode","$v":"இந்த ஃபோன்-யுடன் நீங்கள் கன்டென்ட் செய்ய விரும்புகிறீர்களா. ஏற்க, சாதனத்தில் பின்னை உள்ளிடவும்."},{"$i":"passive-pair-passkey","$v":["இந்த ஃபோன்-யுடன்  ",{"t":"idOrVar","v":"device"}," கனெக்ட் விரும்புகிறது. ஏற்க, சாதனத்தில் பாஸ்கீ-ஐ உள்ளிடவும்."]},{"$i":"passive-pair-enterpincode","$v":"இந்த ஃபோன்-யுடன் நீங்கள் கன்டென்ட் செய்ய விரும்புகிறீர்களா. ஏற்க, சாதனத்தில் பின்னை உள்ளிடவும்."},{"$i":"pair-view-title","$v":"ப்ளூடூத் கோரிக்கை"},{"$i":"bluetooth-pairing-request-now-title","$v":"ப்ளூடூத் இணைப்புக் கோரிக்கை"},{"$i":"pairing-request-timeout-title","$v":"ப்ளூடூத் இணைப்புக் கோரிக்கை"},{"$i":"pairing-request-timeout-description","$v":"ப்ளூடூத் இணைப்புக் கோரிக்கை காலாவதியானது. மீண்டும் இணைக்க முயலவும்."},{"$i":"tcl-turn-on","$v":"ஆன் செய்யவும்"},{"$i":"tcl-stop","$v":"நிறுத்து"},{"$i":"tcl-send","$v":"அனுப்பு"},{"$i":"tcl-refresh","$v":"புதுப்பி"},{"$i":"tcl-search-new-device","$v":"புதிய சாதனத்தைத் தேடுக"},{"$i":"tcl-search-new-device-desc","$v":"கண்டறியக்கூடிய மோட்-இல் நீங்கள் கனெக்ட் செய்ய விரும்பும் சாதனத்தைத் வைக்கவும்."},{"$i":"tcl-select-device","$v":"சாதனத்தைத் தேர்ந்தெடு"},{"$i":"tcl-add-new-device","$v":"புதிய சாதனத்தைச் சேர்"},{"$i":"select","$v":"தேர்ந்தெடுக்கவும்"}]