[{"$i":"bluetooth-header","$v":[{"t":"idOrVar","v":"bluetooth"}]},{"$i":"bluetooth-enable-msg","$v":"ప్రాంతంలో పరికరాలను వీక్షించడానికి బ్లూటూత్‌ను ఆన్ చేయండి."},{"$i":"bluetooth-paired-devices","$v":"జత చేసిన పరికరాలు"},{"$i":"bluetooth-devices-nearby","$v":"సమీప పరికరాలు"},{"$i":"bt-nodevices-nearby","$v":"సమీపంలో పరికరాలు ఏవీ కనబడలేదు."},{"$i":"bluetooth-visible-to-all","$v":"అందరికి కనబడేలా చేయి"},{"$i":"bluetooth-name-maxlength-alert","$v":["మీ పరికర పేరు ",{"t":"idOrVar","v":"length"}," అక్షరాలను మించిపోయింది. దయచేసి మళ్లీ ప్రయత్నించండి."]},{"$i":"bluetooth-address","$v":"బ్లూటూత్ అడ్రస్"},{"$i":"bluetooth-address-unavailable","$v":"అందుబాటులో లేదు"},{"$i":"bt-status-nopaired","$v":"పరికరాలు ఏవీ జత చేయబడలేదు"},{"$i":"bt-status-turnoff","$v":"ఆఫ్ చేయబడింది"},{"$i":"bt-status-paired","$v":{"zero":[{"t":"idOrVar","v":"name"}],"one":[{"t":"idOrVar","v":"name"},", +",{"t":"idOrVar","v":"n"}," మరిన్ని"],"two":[{"t":"idOrVar","v":"name"},", +",{"t":"idOrVar","v":"n"}," మరిన్ని"],"few":[{"t":"idOrVar","v":"name"},", +",{"t":"idOrVar","v":"n"}," మరిన్ని"],"many":[{"t":"idOrVar","v":"name"},", +",{"t":"idOrVar","v":"n"}," మరిన్ని"],"other":[{"t":"idOrVar","v":"name"},", +",{"t":"idOrVar","v":"n"}," మరిన్ని"]},"$x":[{"t":"idOrVar","v":"plural"},"n"]},{"$i":"device-status-tap-connect","$v":"జత చేయడానికి \"ఎంచుకోండి \"ని నొక్కండి"},{"$i":"device-status-pairing","$v":"పరికరంతో జత చేస్తోంది…"},{"$i":"device-status-waiting","$v":"ఇతర పరికరం కోసం వేచి ఉంది..."},{"$i":"device-status-paired","$v":"జత చేయబడింది"},{"$i":"device-status-connecting","$v":"కనెక్ట్ చేస్తోంది..."},{"$i":"device-status-connected","$v":"కనెక్ట్ అయ్యింది"},{"$i":"device-status-connected-phone","$v":"ఫోన్ ఆడియోకు కనెక్ట్ అయ్యింది"},{"$i":"device-status-connected-media","$v":"మీడియా ఆడియోకు కనెక్ట్ అయ్యింది"},{"$i":"device-status-connected-phone-media","$v":"ఫోన్/మీడియా ఆడియోకు కనెక్ట్ అయ్యింది"},{"$i":"device-option-unpair","$v":"జతను తీసివేయి"},{"$i":"device-option-confirm","$v":"నిర్ధారించండి"},{"$i":"device-option-unpair-confirmation","$v":"నిర్ధారణ"},{"$i":"device-option-unpair-device","$v":"పరికర జతను తీసివేయి?"},{"$i":"device-option-connect","$v":"కనెక్ట్ చేయి"},{"$i":"device-option-disconnect","$v":"డిస్‌కనెక్ట్ చేయి"},{"$i":"search-for-device","$v":"పరికరాల కోసం శోధిస్తోంది…"},{"$i":"search-device","$v":"పరికరాల కోసం శోధించు"},{"$i":"rename-device","$v":"నా పరికర పేరు మార్చు"},{"$i":"unnamed-device","$v":"తెలియని పరికరం"},{"$i":"change-phone-name","$v":"ఫోన్ పేరుని మార్చండి"},{"$i":"change-phone-name-desc","$v":"మీ కంప్యూటర్‌లో కనిపించే విధంగా మీ డివైస్ పేరుని మార్చండి."},{"$i":"bluetooth-new-name","$v":"కొత్త పేరు"},{"$i":"error-pair-title","$v":"పరికరాలను జతపరచలేకపోయింది"},{"$i":"error-pair-pincode","$v":"పరికరంతో జతపరచలేకపోయింది. సరైన పిన్ అని చెక్ చేయండి."},{"$i":"error-pair-toofast","$v":"పరికరంతో జతపరచలేకపోయింది. చాలా ఎక్కువ అభ్యర్థనలు ఉన్నాయి."},{"$i":"error-connect-title","$v":"పరికరాలను కనెక్ట్ చేయలేకపోయింది"},{"$i":"error-connect-msg","$v":"మీరు కనెక్ట్ చేయడానికి ప్రయత్నిస్తున్న పరికరం ఇప్పటికీ పరిధిలోనే ఉండి, దానిలో బ్లూటూత్ ఆన్‌లోనే ఉందా అని చెక్  చేయండి ."},{"$i":"unpair-title","$v":"కనెక్ట్ చేసిన పరికర జతను తీసివేయాలా?"},{"$i":"unpair-msg","$v":"ప్రస్తుతం మీరు ఈ పరికరానికి కనెక్ట్ చేయబడి ఉన్నారు. జతను తీసివేయడం వల్ల దీని నుండి డిస్‌కనెక్ట్ చేస్తుంది."},{"$i":"bluetooth","$v":"బ్లూటూత్"},{"$i":"turn-bluetooth-on-title","$v":"బ్లూటూత్‌ను ఆన్ చేయండి"},{"$i":"bluetooth-status-description","$v":"బ్లూటూత్ నిలిపివేయబడింది"},{"$i":"turn-bluetooth-on","$v":"బ్లూటూత్ నిలిపివేయబడింది, మీరు బ్లూటూత్‌ని ఆన్  చేయలనుకుంటున్నారా?"},{"$i":"cancel","$v":"రద్దు చేయి"},{"$i":"turn-on","$v":"ఆన్ చేయండి"},{"$i":"error-transfer-title","$v":"బ్లూటూత్ ఫైల్ బదిలీ విఫలమైంది"},{"$i":"error-transfer-settings","$v":"బ్లూటూత్ ఫైల్ బదిలీ విఫలమైంది. బ్లూటూత్ సెట్టింగ్స్ సరిగ్గా ఉన్నట్లు నిర్ధారించుకోండి."},{"$i":"ok","$v":"సరే"},{"$i":"pair","$v":"జత చేయి"},{"$i":"active-pair","$v":"జత చేయాల్సిన పరికరాలను నిర్ధారించండి"},{"$i":"active-pair-confirmation","$v":[{"t":"idOrVar","v":"device"},"తో జతపరచడానికి, రెండు పరికరాలు ప్రస్తుతం క్రింద చూపబడిన పిన్‌ను కలిగి ఉన్నాయని నిర్థారించుకోండి:"]},{"$i":"active-pair-pincode","$v":[{"t":"idOrVar","v":"device"},"తో జతపరచడానికి, పరికరంలో పిన్‌ను నమోదు చేయండి."]},{"$i":"active-pair-passkey","$v":[{"t":"idOrVar","v":"device"},"తో జతపరచడానికి, పరికరంలో పాస్‌కీని నమోదు చేయండి."]},{"$i":"passive-pair","$v":"బ్లూటూత్"},{"$i":"passive-pair-confirmation","$v":"ఈ ఫోన్‌తో జతపరచాలనుకుంటున్నారా. అంగీకరించడానికి, రెండు పరికరాలు ప్రస్తుతం క్రింద చూపబడిన పిన్‌ను కలిగి ఉన్నాయని నిర్థారించుకోండి:"},{"$i":"passive-pair-pincode","$v":"ఈ ఫోన్‌తో జతపరచాలనుకుంటున్నారా. అంగీకరించడానికి, పరికరంలో పిన్‌ను నమోదు చేయండి."},{"$i":"passive-pair-passkey","$v":[{"t":"idOrVar","v":"device"}," ఈ ఫోన్‌తో జతపరచాలనుకుంటుంది. అంగీకరించడానికి, పరికరంలో పాస్‌కీని నమోదు చేయండి."]},{"$i":"passive-pair-enterpincode","$v":"ఈ ఫోన్‌తో జతపరచాలనుకుంటున్నారా. అంగీకరించడానికి, పరికరంలో పిన్‌ను నమోదు చేయండి."},{"$i":"pair-view-title","$v":"బ్లూటూత్ అభ్యర్థన"},{"$i":"bluetooth-pairing-request-now-title","$v":"బ్లూటూత్"},{"$i":"pairing-request-timeout-title","$v":"బ్లూటూత్"},{"$i":"pairing-request-timeout-description","$v":"బ్లూటూత్ జత చేసే అభ్యర్థన గడువు ముగిసింది. మళ్లీ జత చేయడానికి ప్రయత్నించండి."},{"$i":"tcl-turn-on","$v":"ఆన్ చేయండి"},{"$i":"tcl-stop","$v":"ఆపివేయండి"},{"$i":"tcl-send","$v":"పంపు"},{"$i":"tcl-refresh","$v":"రిఫ్రెష్ చేయి"},{"$i":"tcl-search-new-device","$v":"కొత్త పరికరాన్ని శోధించు"},{"$i":"tcl-search-new-device-desc","$v":"మీరు కనెక్ట్ చేయాలనుకుంటున్న పరికరాన్ని కనుగొనదగిన మోడ్‌లో ఉంచండి."},{"$i":"tcl-select-device","$v":"పరికరాన్ని ఎంచుకోండి"},{"$i":"tcl-add-new-device","$v":"కొత్త పరికరాన్ని జోడించు"},{"$i":"select","$v":"ఎంచుకోండి"}]