[{"$i":"bluetooth-header","$v":[{"t":"idOrVar","v":"bluetooth"}]},{"$i":"bluetooth-enable-msg","$v":"ओन्सोलाव दिभाइसफोरखौ नायनो थाखाय ब्लुटुट खेव।"},{"$i":"bluetooth-paired-devices","$v":"आगजुआ जरायबाय"},{"$i":"bluetooth-devices-nearby","$v":"नेटवर्क आरो सुजाबथि"},{"$i":"bt-nodevices-nearby","$v":"साखाथियाव जेबो डिभाइस मोननाय जायाखै।"},{"$i":"bluetooth-visible-to-all","$v":"गासैबो नुजानो हानाय"},{"$i":"bluetooth-name-maxlength-alert","$v":["नोंथांनि डिभाइसनि मुङा ",{"t":"idOrVar","v":"length"}," गोलावद्राय जाबाय। अननानै नाजाफिन।"]},{"$i":"bluetooth-address","$v":"ब्लुटुथ थं"},{"$i":"bluetooth-address-unavailable","$v":"गैया"},{"$i":"bt-status-nopaired","$v":"आगजुफोर नागिराखै"},{"$i":"bt-status-turnoff","$v":"बन्द' खालाम"},{"$i":"bt-status-paired","$v":{"zero":[{"t":"idOrVar","v":"name"}],"one":[{"t":"idOrVar","v":"name"},", +",{"t":"idOrVar","v":"n"}," आरो गोबां"],"two":[{"t":"idOrVar","v":"name"},", +",{"t":"idOrVar","v":"n"}," आरो गोबां"],"few":[{"t":"idOrVar","v":"name"},", +",{"t":"idOrVar","v":"n"}," आरो गोबां"],"many":[{"t":"idOrVar","v":"name"},", +",{"t":"idOrVar","v":"n"}," आरो गोबां"],"other":[{"t":"idOrVar","v":"name"},", +",{"t":"idOrVar","v":"n"}," आरो गोबां"]},"$x":[{"t":"idOrVar","v":"plural"},"n"]},{"$i":"device-status-tap-connect","$v":"गोरोबहोनो थाखाय \"सायख'\""},{"$i":"device-status-pairing","$v":"आगजुजों जरायनाय"},{"$i":"device-status-waiting","$v":"गुबुन दिभाइसफोरनि थाखाय नेदों…"},{"$i":"device-status-paired","$v":"जरायबाय"},{"$i":"device-status-connecting","$v":"फोनांजाबबाय थादों..."},{"$i":"device-status-connected","$v":"फोनांजाबजाबाय"},{"$i":"device-status-connected-phone","$v":"फन अडिअ'आव फोनांजाबबाय"},{"$i":"device-status-connected-media","$v":"मेडिया अडिअ'आव फोनांजाबबाय"},{"$i":"device-status-connected-phone-media","$v":"फन/मेडिया अडियजों फोनांजाबबाय"},{"$i":"device-option-unpair","$v":"गोरोबै"},{"$i":"device-option-confirm","$v":"कनपार्म खालाम"},{"$i":"device-option-unpair-confirmation","$v":"थि मिथिथाइ"},{"$i":"device-option-unpair-device","$v":"गोरोबै डिभाइस ?"},{"$i":"device-option-connect","$v":"कानेक्ट"},{"$i":"device-option-disconnect","$v":"दानगार"},{"$i":"search-for-device","$v":"डिभाइसनि थाखाय नागिरगासिनो..."},{"$i":"search-device","$v":"आगजुनि थाखाय नागिर"},{"$i":"rename-device","$v":"आंनि डिभाइसखौ मुंलिरफिन"},{"$i":"unnamed-device","$v":"मिथिमोनि डिभाइ"},{"$i":"change-phone-name","$v":"फन मुंखौ सोलाय"},{"$i":"change-phone-name-desc","$v":"नोंनि कम्पिउटाराव नुजानाय डिभाइसनि मुंखौ सोलाय"},{"$i":"bluetooth-new-name","$v":"गोदान मुं"},{"$i":"error-pair-title","$v":"डिभाइसखौ गोरोबहोनो हायाखै"},{"$i":"error-pair-pincode","$v":"डिभाइसजों गोरोबनो हायाखै। PIN आ थार नंगौना नङा नायफाम।"},{"$i":"error-pair-toofast","$v":"डिभाइसजों गोरोबनो हायाखै। गोबां खेब खावलायनाय जाबाय।"},{"$i":"error-connect-title","$v":"डिभाइसफोरजों फोनांजाबनो हायाखै"},{"$i":"error-connect-msg","$v":"नायफामना ला दि नोंथाङा फोनांजाबनो नागिरनाय डिभाइसआ दासिमबो मोननो हानाय रेन्जनि सिङावनो दङ आरो ब्लुटुथआबो खुला दङ।"},{"$i":"unpair-title","$v":"फोनांजाबनाय डिभाइसा गोरोबाखै?"},{"$i":"unpair-msg","$v":"नोंथाङा दायो बे डिभाइसजों फोनांजाबगासिनो दङ। गोरोबैखौ बेनिफ्राय बोखारनाय जाबाय।"},{"$i":"bluetooth","$v":"ब्लुटुट"},{"$i":"turn-bluetooth-on-title","$v":"ब्लुटुथखौ खुलि"},{"$i":"bluetooth-status-description","$v":"ब्लुटुथा फेलें जाबाय"},{"$i":"turn-bluetooth-on","$v":"ब्लुटुथआ खामानि होआखै, नोंथाङा ब्लुटुथखौ खुलिनो नामा?"},{"$i":"cancel","$v":"दान"},{"$i":"turn-on","$v":"खुलि"},{"$i":"error-transfer-title","$v":"ब्लुटुथ फाइल दैथायनाय फेलें"},{"$i":"error-transfer-settings","$v":"ब्लुटुथ फाइल दैथायनाय फेलें । ब्लुटुथ सेटिंसा थि थानायखौ नाय।"},{"$i":"ok","$v":"जागोन"},{"$i":"pair","$v":"गोरोबनाय"},{"$i":"active-pair","$v":"डिभाइसखौ जरायनो थि खालाम"},{"$i":"active-pair-confirmation","$v":["जरा गोरोबलायहोनो मोननैबो ",{"t":"idOrVar","v":"device"}," आव गाहायाव होनाय पिना आथिखाव नुजानायखौ थि खालाम :"]},{"$i":"active-pair-pincode","$v":["जरा गोरोबलायहोनो ",{"t":"idOrVar","v":"device"}," आव पिन सो।"]},{"$i":"active-pair-passkey","$v":["जरा गोरोबलायहोनो ",{"t":"idOrVar","v":"device"}," पास की सो।"]},{"$i":"passive-pair","$v":"ब्लुटुथ जरायनाय खावलाय"},{"$i":"passive-pair-confirmation","$v":"बे फनजों गोरोबहोनो लुबैदोंय़ गनायना लानो थाखाय रोखा जाना ला दि गंनैबो डिभाइसा दायो गाहायाव होनाय पिन आ नुजादों।"},{"$i":"passive-pair-pincode","$v":"बे फनजों गोरोबहोनो लुबैदोंय़ गनायना लानो थाखाय बे डिभाइसाव पिन खौ सोना हो।"},{"$i":"passive-pair-passkey","$v":[{"t":"idOrVar","v":"device"}," -आ बे फनजों गोरोबहोनो लुबैदों गनायनो थाखाय पासकिखौ डिभाइसाव सोना हो।"]},{"$i":"passive-pair-enterpincode","$v":"बे फनजों गोरोबहोनो लुबैदोंय़ गनायना लानो थाखाय बे डिभाइसाव पिन खौ सोना हो।"},{"$i":"pair-view-title","$v":"ब्लुटुथ खावलाय"},{"$i":"bluetooth-pairing-request-now-title","$v":"ब्लुटुथ जरायनाय खावलाय"},{"$i":"pairing-request-timeout-title","$v":"ब्लुटुथ जरायनाय खावलाय"},{"$i":"pairing-request-timeout-description","$v":"ब्लुटुथ जरायनाय खावलायनाया फेलें । जरायनो नाजाबाव।"},{"$i":"tcl-turn-on","$v":"खुलि"},{"$i":"tcl-stop","$v":"थाबथाहो"},{"$i":"tcl-send","$v":"दैथाइहर"},{"$i":"tcl-refresh","$v":"रिफ्रेस"},{"$i":"tcl-search-new-device","$v":"गोदान डिभाइसखौ नागिर"},{"$i":"tcl-search-new-device-desc","$v":"नोंथाङा गोसोबादि आगजुखौ लाखिनानै दिहुननाय महराव फोनांजाब।"},{"$i":"tcl-select-device","$v":"डिभाइसखौ सायख'"},{"$i":"tcl-add-new-device","$v":"गोदान डिभाइस दाजाब"},{"$i":"select","$v":"सायख'"}]