[{"$i":"bluetooth-header","$v":[{"t":"idOrVar","v":"bluetooth"}]},{"$i":"bluetooth-enable-msg","$v":"علاقے کے آلات دیکھنے کیلئے بلوٹوتھ آن کریں۔"},{"$i":"bluetooth-paired-devices","$v":"مربوط آلات"},{"$i":"bluetooth-devices-nearby","$v":"قریبی آلات"},{"$i":"bt-nodevices-nearby","$v":"قریب میں کوئی آلات نہیں ملے۔"},{"$i":"bluetooth-visible-to-all","$v":"سبھی کیلئے مرئی"},{"$i":"bluetooth-name-maxlength-alert","$v":["آپ کے آلے کا نام ",{"t":"idOrVar","v":"length"}," حروف سے تجاوز کرتا ہے۔ براہ کرم دوبارہ کوشش کریں۔"]},{"$i":"bluetooth-address","$v":"بلوتوٹھ کا پتہ"},{"$i":"bluetooth-address-unavailable","$v":"دستیاب نہیں ہے"},{"$i":"bt-status-nopaired","$v":"کوئی آلات جڑے ہوئے نہیں ہے"},{"$i":"bt-status-turnoff","$v":"آف کیا گيا"},{"$i":"bt-status-paired","$v":{"zero":[{"t":"idOrVar","v":"name"}],"one":[{"t":"idOrVar","v":"name"},", +",{"t":"idOrVar","v":"n"}," مزید"],"two":[{"t":"idOrVar","v":"name"},", +",{"t":"idOrVar","v":"n"}," مزید"],"few":[{"t":"idOrVar","v":"name"},", +",{"t":"idOrVar","v":"n"}," مزید"],"many":[{"t":"idOrVar","v":"name"},", +",{"t":"idOrVar","v":"n"}," مزید"],"other":[{"t":"idOrVar","v":"name"},", +",{"t":"idOrVar","v":"n"}," مزید"]},"$x":[{"t":"idOrVar","v":"plural"},"n"]},{"$i":"device-status-tap-connect","$v":"جوڑنے کے لئے \"منتخب کریں\" دبائیں"},{"$i":"device-status-pairing","$v":"آلہ کے ساتھ جوڑ رہا ہے…"},{"$i":"device-status-waiting","$v":"دیگر آلہ کیلئے انتظار کررہا ہے…"},{"$i":"device-status-paired","$v":"مربوط"},{"$i":"device-status-connecting","$v":"مربوط ہو رہا ہے…"},{"$i":"device-status-connected","$v":"مربوط ہو گیا"},{"$i":"device-status-connected-phone","$v":"فون آڈیو سے مربوط"},{"$i":"device-status-connected-media","$v":"میڈیا آڈیو سے مربوط"},{"$i":"device-status-connected-phone-media","$v":"فون/میڈیا آڈیو سے مربوط"},{"$i":"device-option-unpair","$v":"جوڑا ختم کریں"},{"$i":"device-option-confirm","$v":"توثیق کریں"},{"$i":"device-option-unpair-confirmation","$v":"توثیق کاری"},{"$i":"device-option-unpair-device","$v":"آلہ کی جوڑی ختم کریں؟"},{"$i":"device-option-connect","$v":"مربوط کریں"},{"$i":"device-option-disconnect","$v":"غیر مربوط کریں"},{"$i":"search-for-device","$v":"آلات تلاش کر رہا ہے…"},{"$i":"search-device","$v":"آلات تلاش کریں"},{"$i":"rename-device","$v":"میرے آلہ کو نیا نام دیں"},{"$i":"unnamed-device","$v":"نامعلوم آلہ"},{"$i":"change-phone-name","$v":"فون کا نام تبدیل کریں"},{"$i":"change-phone-name-desc","$v":"اپنے آلہ کا نام تبدیل کریں جیسے وہ آپ کے کمپیوٹر پر ظاہر ہوتا ہے۔"},{"$i":"bluetooth-new-name","$v":"نیا نام"},{"$i":"error-pair-title","$v":"آلات مربوط کرنے سے قاصر"},{"$i":"error-pair-pincode","$v":"آلہ کے ساتھ مربوط کرنے سے قاصر۔ چیک کریں کہ PIN درست ہے۔"},{"$i":"error-pair-toofast","$v":"آلہ کے ساتھ مربوط کرنے سے قاصر۔ بہت ساری درخواست۔"},{"$i":"error-connect-title","$v":"آلات مربوط کرنے سے قاصر"},{"$i":"error-connect-msg","$v":"جانچ لیں کہ جس آلہ سے آپ جڑنے کی کوشش کر رہے ہیں وہ اب بھی رینج میں ہے اور اس کا بلوٹوتھ آن ہے۔"},{"$i":"unpair-title","$v":"مربوط آلہ کی جوڑی ختم کریں؟"},{"$i":"unpair-msg","$v":"آپ فی الحال اس آلہ سے جڑے ہیں۔ غیر مربوط کرنا بھی اسے منقطع ہوجائے گا۔"},{"$i":"bluetooth","$v":"بلوٹوتھ"},{"$i":"turn-bluetooth-on-title","$v":"بلوٹوتھ آن کریں"},{"$i":"bluetooth-status-description","$v":"بلوٹوتھ غیر فعال ہے"},{"$i":"turn-bluetooth-on","$v":"بلوٹوتھ غیر فعال ہے، کیا آپ بلوٹوتھ آن کرنا چاہتے ہیں؟"},{"$i":"cancel","$v":"منسوخ کریں"},{"$i":"turn-on","$v":"آن کریں"},{"$i":"error-transfer-title","$v":"بلوٹوتھ فائل منقتلی ناکام۔"},{"$i":"error-transfer-settings","$v":"بلوٹوتھ فائل منقتلی ناکام۔ چیک کریں کہ بلوٹوتھ کی سیٹنگز درست ہیں۔"},{"$i":"ok","$v":"ٹھیک ہے"},{"$i":"pair","$v":"جوڑیں"},{"$i":"active-pair","$v":"جوڑی بنانے کیلئے آلات کی تصدیق کریں"},{"$i":"active-pair-confirmation","$v":[{"t":"idOrVar","v":"device"}," کے ساتھ مربوط کرنے کیلئے، یقینی بنائيں کہ دونوں آلات میں فی الحال مندرجہ ذیل PIN ظاہر ہورہی ہے:"]},{"$i":"active-pair-pincode","$v":[{"t":"idOrVar","v":"device"}," کے ساتھ مربوط کرنے کیلئے، آلہ پر پن درج کریں۔"]},{"$i":"active-pair-passkey","$v":[{"t":"idOrVar","v":"device"}," کے ساتھ مربوط کرنے کیلئے، آلہ پر پاس کوڈ درج کریں۔"]},{"$i":"passive-pair","$v":"بلوٹوتھ جوڑنے کی درخواست"},{"$i":"passive-pair-confirmation","$v":"کیا آپ اس فون کے ساتھ مربوص کرنا چاہیں گے۔ قبول کرنے کیلئے، یقینی بنائيں کہ دونوں آلات میں فی الحال مندرجہ ذیل PIN ظاہر ہورہی ہے:"},{"$i":"passive-pair-pincode","$v":"کیا آپ اس فون کے ساتھ مربوص کرنا چاہیں گے۔ قبول کرنے کیلئے، آلہ پر پن درج کریں۔"},{"$i":"passive-pair-passkey","$v":[{"t":"idOrVar","v":"device"}," اس فون کے ساتھ مربوط کرنا چاہیں گے۔ قبول کرنے کیلئے، آلہ پر پاس کلید درج کریں۔"]},{"$i":"passive-pair-enterpincode","$v":"کیا آپ اس فون کے ساتھ مربوص کرنا چاہیں گے۔ قبول کرنے کیلئے، آلہ پر پن درج کریں۔"},{"$i":"pair-view-title","$v":"بلوٹوتھ کی درخواست"},{"$i":"bluetooth-pairing-request-now-title","$v":"بلوٹوتھ جوڑنے کی درخواست"},{"$i":"pairing-request-timeout-title","$v":"بلوٹوتھ جوڑنے کی درخواست"},{"$i":"pairing-request-timeout-description","$v":"بلوٹوتھ جوڑنے کی درخواست کی مدت ختم۔ دوبارہ جوڑنے کی کوشش کریں۔"},{"$i":"tcl-turn-on","$v":"آن کریں"},{"$i":"tcl-stop","$v":"روکیں"},{"$i":"tcl-send","$v":"بھیجیں"},{"$i":"tcl-refresh","$v":"ریفریش کریں"},{"$i":"tcl-search-new-device","$v":"نیا آلہ تلاش کریں"},{"$i":"tcl-search-new-device-desc","$v":"آپ جس آلہ سے جڑنا چاہتے ہیں اسے قابل دریافت موڈ میں رکھیں۔"},{"$i":"tcl-select-device","$v":"آلہ منتخب کریں"},{"$i":"tcl-add-new-device","$v":"نیا آلہ شامل کریں"},{"$i":"select","$v":"منتخب کریں"}]