[{"$i":"install-marketplace-title","$v":[{"t":"idOrVar","v":"title"}," ইনষ্টল কৰক"]},{"$i":"no-sites-description","$v":"ইয়াত কোনো ৱেবছাইট নাই, আৰম্ভ কৰিবলৈ অনুসন্ধান বুটামটো টিপক ৷"},{"$i":"history","$v":"ইতিহাস"},{"$i":"top-sites","$v":"শীৰ্ষ ছাইটসমূহ"},{"$i":"suggestions","ariaLabel":"পৰামৰ্শাৱলী"},{"$i":"contacts","ariaLabel":"কনটেক্টসমূহ"},{"$i":"places","ariaLabel":"স্থানসমূহ"},{"$i":"apps","ariaLabel":"এপসমূহ"},{"$i":"suggestions-settings-notice","innerHTML":{"$o":"Search suggestions are enabled. The characters you type when entering a search are being sent to the search engine. You can disable search suggestions in the device <span id=\"settings-link\">Settings</span>."}},{"$i":"ok","$v":"ঠিক আছে"},{"$i":"search","$v":"অনুসন্ধান কৰক"},{"$i":"go","$v":"যাওক"},{"$i":"options","$v":"বিকল্পসমূহ"},{"$i":"pin","$v":"পিন"},{"$i":"unpin","$v":"আনপিন কৰক"},{"$i":"remove","$v":"আঁতৰাওক"},{"$i":"cancel","$v":"বাতিল কৰক"},{"$i":"add-to-home-screen","label":"হোম স্ক্ৰীনলৈ যোগ কৰক"},{"$i":"offline-message","$v":"ইণ্টাৰনেট সংযোগ নাই"},{"$i":"pinnedSitesOverLimit","$v":"আপুনি সৰ্বোচ্চ সংখ্যক পিন হৈ থকা ৱেবছাইটত উপনীত হৈছে ৷"},{"$i":"future","$v":"ভৱিষ্যত"},{"$i":"today","$v":"আজি"},{"$i":"yesterday","$v":"যোৱাকালি"},{"$i":"last-7-days","$v":"যোৱা 7 দিন"},{"$i":"this-month","$v":"এইটো মাহ"},{"$i":"last-6-months","$v":"যোৱা 6 মাহ"},{"$i":"older-than-6-months","$v":"6 মাহতকৈ পুৰণি"},{"$i":"month-0","$v":"জানুৱাৰী"},{"$i":"month-1","$v":"ফেব্ৰুৱাৰী"},{"$i":"month-2","$v":"মাৰ্চ"},{"$i":"month-3","$v":"এপ্ৰিল"},{"$i":"month-4","$v":"মে"},{"$i":"month-5","$v":"জুন"},{"$i":"month-6","$v":"জুলাই"},{"$i":"month-7","$v":"আগষ্ট"},{"$i":"month-8","$v":"ছেপ্টেম্বৰ"},{"$i":"month-9","$v":"অক্টোবৰ"},{"$i":"month-10","$v":"নৱেম্বৰ"},{"$i":"month-11","$v":"ডিচেম্বৰ"},{"$i":"search-header","$v":[{"t":"idOrVar","v":"provider"}," অনুসন্ধান কৰক"]},{"$i":"new-private-window","$v":"নতুন ব্যক্তিগত উইণ্ড’"},{"$i":"gaia-grid-stop-download-title","$v":[{"t":"idOrVar","v":"name"}," ৰখাওক"]},{"$i":"gaia-grid-stop-download-body","$v":"আপুনি চলি থকা ডাউনলোড ৰখাব বিচাৰে নেকি ?"},{"$i":"gaia-grid-stop-download-action","$v":"ৰখক"},{"$i":"gaia-grid-resume-download-title","$v":"ডাউনলোড পুনৰাম্ভ কৰক"},{"$i":"gaia-grid-resume-download-body","$v":["আপুনি ",{"t":"idOrVar","v":"name"}," ডাউনলোড কৰিবলৈ বিচাৰে নেকি?"]},{"$i":"gaia-grid-resume-download-action","$v":"ডাউনলোড কৰক"},{"$i":"gaia-grid-cancel","$v":"বাতিল কৰক"},{"$i":"gaia-grid-toggle-collapsed","ariaLabel":"গোট বিস্তাৰ কৰক"},{"$i":"gaia-grid-toggle-expanded","ariaLabel":"গোট সংক্ষিপ্ত কৰক"},{"$i":"gaia-grid-enter-group-name","$v":"এটা গোট নাম লিখক"}]