[{"$i":"install-marketplace-title","$v":[{"t":"idOrVar","v":"title"}," ইনস্টল করুন"]},{"$i":"no-sites-description","$v":"এখানে কোনো ওয়েব সাইট নেই, শুরু করতে অনুসন্ধানের বটন টিপুন ।"},{"$i":"history","$v":"ইতিহাস"},{"$i":"top-sites","$v":"শীর্ষ সাইট"},{"$i":"suggestions","ariaLabel":"পরামর্শগুলি"},{"$i":"contacts","ariaLabel":"পরিচিতি"},{"$i":"places","ariaLabel":"স্থান"},{"$i":"apps","ariaLabel":"অ্যাপ্স"},{"$i":"suggestions-settings-notice","innerHTML":{"$o":"Search suggestions are enabled. The characters you type when entering a search are being sent to the search engine. You can disable search suggestions in the device <span id=\"settings-link\">Settings</span>."}},{"$i":"ok","$v":"ঠিক আছে"},{"$i":"search","$v":"অনুসন্ধান করুন"},{"$i":"go","$v":"যান"},{"$i":"options","$v":"বিকল্পগুলি"},{"$i":"pin","$v":"পিন"},{"$i":"unpin","$v":"আনপিন"},{"$i":"remove","$v":"সরান"},{"$i":"cancel","$v":"বাতিল করুন"},{"$i":"add-to-home-screen","label":"হোম স্ক্রীনে যোগ করুন"},{"$i":"offline-message","$v":"কোনো ইন্টারনেট সংযোগ নেই"},{"$i":"pinnedSitesOverLimit","$v":"আপনি পিন করা ওয়েবসাইটের সর্বোচ্চ সীমায় পৌঁছে গেছেন।"},{"$i":"future","$v":"ভবিষ্যত"},{"$i":"today","$v":"আজ"},{"$i":"yesterday","$v":"গতকাল"},{"$i":"last-7-days","$v":"গত 7 দিন"},{"$i":"this-month","$v":"এই মাস"},{"$i":"last-6-months","$v":"গত 6 মাস"},{"$i":"older-than-6-months","$v":"6 মাসের বেশি পুরানো"},{"$i":"month-0","$v":"জানুয়ারি"},{"$i":"month-1","$v":"ফেব্রুয়ারি"},{"$i":"month-2","$v":"মার্চ"},{"$i":"month-3","$v":"এপ্রিল"},{"$i":"month-4","$v":"মে"},{"$i":"month-5","$v":"জুন"},{"$i":"month-6","$v":"জুলাই"},{"$i":"month-7","$v":"আগস্ট"},{"$i":"month-8","$v":"সেপ্টেম্বর"},{"$i":"month-9","$v":"অক্টোবর"},{"$i":"month-10","$v":"নভেম্বর"},{"$i":"month-11","$v":"ডিসেম্বর"},{"$i":"search-header","$v":[{"t":"idOrVar","v":"provider"}," অনুসন্ধান"]},{"$i":"new-private-window","$v":"নতুন ব্যক্তিগত উইন্ডো"},{"$i":"gaia-grid-stop-download-title","$v":[{"t":"idOrVar","v":"name"}," বন্ধ করুন"]},{"$i":"gaia-grid-stop-download-body","$v":"আপনি কি চলতে থাকা ডাউনলোডটি থামাতে চান?"},{"$i":"gaia-grid-stop-download-action","$v":"বন্ধ"},{"$i":"gaia-grid-resume-download-title","$v":"ডাউনলোড পুনঃআরম্ভ করুন"},{"$i":"gaia-grid-resume-download-body","$v":["আপনি কি ",{"t":"idOrVar","v":"name"}," ডাউনলোড করতে চান?"]},{"$i":"gaia-grid-resume-download-action","$v":"ডাউনলোড"},{"$i":"gaia-grid-cancel","$v":"বাতিল করুন"},{"$i":"gaia-grid-toggle-collapsed","ariaLabel":"গ্রুপ সম্প্রসারিত করুন"},{"$i":"gaia-grid-toggle-expanded","ariaLabel":"গ্রুপ সঙ্কুচিত করুন"},{"$i":"gaia-grid-enter-group-name","$v":"একটি গ্রুপের নাম লিখুন"}]