[{"$i":"install-marketplace-title","$v":[{"t":"idOrVar","v":"title"},"इंस्टाल करो"]},{"$i":"no-sites-description","$v":"इत्थै कोई वेब साइट नेईं ऐ, शुरू करने लेई तपाश बटन दबाओ।"},{"$i":"history","$v":"इतिहास"},{"$i":"top-sites","$v":"टाप साइटां"},{"$i":"suggestions","ariaLabel":"सुझाऽ"},{"$i":"contacts","ariaLabel":"कन्टेक्ट"},{"$i":"places","ariaLabel":"थाह्​र"},{"$i":"apps","ariaLabel":"ऐप्स"},{"$i":"suggestions-settings-notice","innerHTML":{"$o":"Search suggestions are enabled. The characters you type when entering a search are being sent to the search engine. You can disable search suggestions in the device <span id=\"settings-link\">Settings</span>."}},{"$i":"ok","$v":"ठीक ऐ"},{"$i":"search","$v":"तपाश"},{"$i":"go","$v":"जाओ"},{"$i":"options","$v":"विकल्प"},{"$i":"pin","$v":"पिन"},{"$i":"unpin","$v":"अनपिन करो"},{"$i":"remove","$v":"हटाना"},{"$i":"cancel","$v":"रद्द करो"},{"$i":"add-to-home-screen","label":"होम स्क्रीन च जोड़ो"},{"$i":"offline-message","$v":"कोई इंटरनेट कनेक्शन नेईं"},{"$i":"pinnedSitesOverLimit","$v":"तुस पिन कीती गेदियें वेब साइटें दी बद्धो-बद्ध संख्या तगर पुज्जी गे ओ।"},{"$i":"future","$v":"भविक्खी"},{"$i":"today","$v":"अज्ज"},{"$i":"yesterday","$v":"कल"},{"$i":"last-7-days","$v":"पिछले 7 दिन"},{"$i":"this-month","$v":"इस म्हीने"},{"$i":"last-6-months","$v":"पिछले 6 म्हीनें"},{"$i":"older-than-6-months","$v":"6 म्हीनों थमें पराने"},{"$i":"month-0","$v":"जनवरी"},{"$i":"month-1","$v":"फरवरी"},{"$i":"month-2","$v":"मार्च"},{"$i":"month-3","$v":"अप्रैल"},{"$i":"month-4","$v":"मई"},{"$i":"month-5","$v":"जून"},{"$i":"month-6","$v":"जुलाई"},{"$i":"month-7","$v":"अगस्त"},{"$i":"month-8","$v":"सितंबर"},{"$i":"month-9","$v":"अक्टूबर"},{"$i":"month-10","$v":"नवंबर"},{"$i":"month-11","$v":"दिसंबर"},{"$i":"search-header","$v":[{"t":"idOrVar","v":"provider"}," तपाशो"]},{"$i":"new-private-window","$v":"नमीं निजी विंडो"},{"$i":"gaia-grid-stop-download-title","$v":[{"t":"idOrVar","v":"name"}," बंद करो"]},{"$i":"gaia-grid-stop-download-body","$v":"क्या तुस प्रगति च डाउनलोड रोकना चांह्​दे ओ?"},{"$i":"gaia-grid-stop-download-action","$v":"रूको"},{"$i":"gaia-grid-resume-download-title","$v":"डाउनलोड मुड़-शुरू करो"},{"$i":"gaia-grid-resume-download-body","$v":["क्या तुस ",{"t":"idOrVar","v":"name"},"  डाउनलोड करना चांह्​दे ओ?"]},{"$i":"gaia-grid-resume-download-action","$v":"डाउनलोड"},{"$i":"gaia-grid-cancel","$v":"रद्द करो"},{"$i":"gaia-grid-toggle-collapsed","ariaLabel":"ग्रुप दा विस्तार करो"},{"$i":"gaia-grid-toggle-expanded","ariaLabel":"ग्रुप संखेपो"},{"$i":"gaia-grid-enter-group-name","$v":"ग्रुप नांऽ दर्ज करो"}]