[{"$i":"install-marketplace-title","$v":[{"t":"idOrVar","v":"title"}," ઇન્સ્ટોલ કરો"]},{"$i":"no-sites-description","$v":"અહીં કોઈ વેબ સાઇટ નથી ,પ્રારંભ કરવા માટે શોધ બટન દબાવો."},{"$i":"history","$v":"ઈતિહાસ"},{"$i":"top-sites","$v":"મુખ્ય સાઈટ"},{"$i":"suggestions","ariaLabel":"સૂચનો"},{"$i":"contacts","ariaLabel":"સંપર્કો"},{"$i":"places","ariaLabel":"સ્થળો"},{"$i":"apps","ariaLabel":"એપ્સ"},{"$i":"suggestions-settings-notice","innerHTML":{"$o":"Search suggestions are enabled. The characters you type when entering a search are being sent to the search engine. You can disable search suggestions in the device <span id=\"settings-link\">Settings</span>."}},{"$i":"ok","$v":"ઑકે"},{"$i":"search","$v":"શોધો"},{"$i":"go","$v":"જાઓ"},{"$i":"options","$v":"વિકલ્પ"},{"$i":"pin","$v":"પિન"},{"$i":"unpin","$v":"અનપિન કરો"},{"$i":"remove","$v":"દૂર કરો"},{"$i":"cancel","$v":"રદ કરો"},{"$i":"add-to-home-screen","label":"હોમ સ્ક્રીન પર ઉમેરો"},{"$i":"offline-message","$v":"કોઇ ઇન્ટરનેટ કનેક્શન નથી"},{"$i":"pinnedSitesOverLimit","$v":"તમે પિન કરેલ વેબસાઇટની મહત્તમ સંખ્યા સુધી પહોંચી ગયા છો."},{"$i":"future","$v":"ભવિષ્ય"},{"$i":"today","$v":"આજે"},{"$i":"yesterday","$v":"ગઈકાલ"},{"$i":"last-7-days","$v":"છેલ્લા 7 દિવસ"},{"$i":"this-month","$v":"આ મહિનો"},{"$i":"last-6-months","$v":"છેલ્લા 6 મહિના"},{"$i":"older-than-6-months","$v":"6 મહિના કરતાં જૂનું"},{"$i":"month-0","$v":"જાન્યુઆરી"},{"$i":"month-1","$v":"ફેબ્રુઆરી"},{"$i":"month-2","$v":"માર્ચ"},{"$i":"month-3","$v":"એપ્રિલ"},{"$i":"month-4","$v":"મે"},{"$i":"month-5","$v":"જૂન"},{"$i":"month-6","$v":"જુલાઈ"},{"$i":"month-7","$v":"ઓગસ્ટ"},{"$i":"month-8","$v":"સપ્ટેમ્બર"},{"$i":"month-9","$v":"ઓક્ટોબર"},{"$i":"month-10","$v":"નવેમ્બર"},{"$i":"month-11","$v":"ડિસેમ્બર"},{"$i":"search-header","$v":[{"t":"idOrVar","v":"provider"}," શોધ"]},{"$i":"new-private-window","$v":"નવી ખાનગી વિંડો"},{"$i":"gaia-grid-stop-download-title","$v":[{"t":"idOrVar","v":"name"}," રોકો"]},{"$i":"gaia-grid-stop-download-body","$v":"શું તમે ચાલુ ડાઉનલોડ રોકવા માંગો છો?"},{"$i":"gaia-grid-stop-download-action","$v":"રોકો"},{"$i":"gaia-grid-resume-download-title","$v":"ડાઉનલોડનો પુનઃપ્રારંભ કરો"},{"$i":"gaia-grid-resume-download-body","$v":["શું તમે ",{"t":"idOrVar","v":"name"}," ડાઉનલોડ કરવા માંગો છો?"]},{"$i":"gaia-grid-resume-download-action","$v":"ડાઉનલોડ કરો"},{"$i":"gaia-grid-cancel","$v":"રદ કરો"},{"$i":"gaia-grid-toggle-collapsed","ariaLabel":"જૂથને વિસ્તૃત કરો"},{"$i":"gaia-grid-toggle-expanded","ariaLabel":"જૂથ સંક્ષિપ્ત કરો"},{"$i":"gaia-grid-enter-group-name","$v":"એક જૂથ નામ દાખલ કરો"}]