[{"$i":"install-marketplace-title","$v":["ಇನ್ಸ್ಟಾಲ್ ಮಾಡಿ ",{"t":"idOrVar","v":"title"}]},{"$i":"no-sites-description","$v":"ಯಾವುದೇ ವೆಬ್‌ಸೈಟ್‌ಗಳು ಇಲ್ಲಿಲ್ಲ, ಆರಂಭಿಸಲು ಸರ್ಚ್‌ ಬಟನ್‌ ಅನ್ನು ಒತ್ತಿ."},{"$i":"history","$v":"ಇತಿಹಾಸ"},{"$i":"top-sites","$v":"ಪ್ರಮುಖ ಸೈಟ್‌ಗಳು"},{"$i":"suggestions","ariaLabel":"ಸಲಹೆಗಳು"},{"$i":"contacts","ariaLabel":"ಸಂಪರ್ಕಗಳು"},{"$i":"places","ariaLabel":"ಸ್ಥಳಗಳು"},{"$i":"apps","ariaLabel":"ಆಪ್‌ಗಳು"},{"$i":"suggestions-settings-notice","innerHTML":{"$o":"Search suggestions are enabled. The characters you type when entering a search are being sent to the search engine. You can disable search suggestions in the device <span id=\"settings-link\">Settings</span>."}},{"$i":"ok","$v":"ಸರಿ"},{"$i":"search","$v":"ಹುಡುಕಿ"},{"$i":"go","$v":"ಹೋಗಿ"},{"$i":"options","$v":"ಆಯ್ಕೆಗಳು"},{"$i":"pin","$v":"ಪಿನ್"},{"$i":"unpin","$v":"ಅನ್‌ಪಿನ್"},{"$i":"remove","$v":"ತೆಗೆದುಹಾಕಿ"},{"$i":"cancel","$v":"ರದ್ದು ಮಾಡಿ"},{"$i":"add-to-home-screen","label":"ಹೋಂ ಸ್ಕ್ರೀನ್‌ಗೆ ಸೇರಿಸಿ"},{"$i":"offline-message","$v":"ಯಾವುದೇ ಇಂಟರ್ನೆಟ್ ಸಂಪರ್ಕವಿಲ್ಲ"},{"$i":"pinnedSitesOverLimit","$v":"ಪಿನ್ ಮಾಡಿದ ವೆಬ್‌ಸೈಟ್‌ಗಳ ಗರಿಷ್ಠ ಸಂಖ್ಯೆಯನ್ನು ನೀವು ತಲುಪಿದ್ದೀರಿ."},{"$i":"future","$v":"ಭವಿಷ್ಯ"},{"$i":"today","$v":"ಇಂದು"},{"$i":"yesterday","$v":"ನಿನ್ನೆ"},{"$i":"last-7-days","$v":"ಕಳೆದ 7 ದಿನಗಳು"},{"$i":"this-month","$v":"ಈ ತಿಂಗಳು"},{"$i":"last-6-months","$v":"ಕಳೆದ 6 ತಿಂಗಳುಗಳು"},{"$i":"older-than-6-months","$v":"6 ತಿಂಗಳುಗಳಿಗಿಂತಲೂ ಹಳೆಯದು"},{"$i":"month-0","$v":"ಜನವರಿ"},{"$i":"month-1","$v":"ಫೆಬ್ರವರಿ"},{"$i":"month-2","$v":"ಮಾರ್ಚ್"},{"$i":"month-3","$v":"ಏಪ್ರಿಲ್"},{"$i":"month-4","$v":"ಮೇ"},{"$i":"month-5","$v":"ಜೂನ್"},{"$i":"month-6","$v":"ಜುಲೈ"},{"$i":"month-7","$v":"ಆಗಸ್ಟ್"},{"$i":"month-8","$v":"ಸಪ್ಟೆಂಬರ್"},{"$i":"month-9","$v":"ಅಕ್ಟೋಬರ್"},{"$i":"month-10","$v":"ನವೆಂಬರ್"},{"$i":"month-11","$v":"ಡಿಸೆಂಬರ್"},{"$i":"search-header","$v":[{"t":"idOrVar","v":"provider"}," ಹುಡುಕಾಟ"]},{"$i":"new-private-window","$v":"ಹೊಸ ಖಾಸಗಿ ವಿಂಡೋ"},{"$i":"gaia-grid-stop-download-title","$v":["ನಿಲ್ಲಿಸಿ ",{"t":"idOrVar","v":"name"}]},{"$i":"gaia-grid-stop-download-body","$v":"ನೀವು ನಡೆಯುತ್ತಿರುವ ಡೌನ್‌ಲೋಡ್‌ ನಿಲ್ಲಿಸಬಯಸುವಿರಾ?"},{"$i":"gaia-grid-stop-download-action","$v":"ನಿಲ್ಲಿಸಿ"},{"$i":"gaia-grid-resume-download-title","$v":"ಡೌನ್‌ಲೋಡ್ ರಿಸ್ಟಾರ್ಟ್‌ ಮಾಡಿ"},{"$i":"gaia-grid-resume-download-body","$v":["ನೀವು ",{"t":"idOrVar","v":"name"}," ಡೌನ್‌ಲೋಡ್‌ ಮಾಡಬಯಸುವಿರಾ?"]},{"$i":"gaia-grid-resume-download-action","$v":"ಡೌನ್‌ಲೋಡ್‌"},{"$i":"gaia-grid-cancel","$v":"ರದ್ದು ಮಾಡಿ"},{"$i":"gaia-grid-toggle-collapsed","ariaLabel":"ಗುಂಪನ್ನು ವಿಸ್ತರಿಸಿ"},{"$i":"gaia-grid-toggle-expanded","ariaLabel":"ಗುಂಪನ್ನು ಬೀಳಿಸಿ"},{"$i":"gaia-grid-enter-group-name","$v":"ಒಂದು ಗುಂಪು ಹೆಸರನ್ನು ನಮೂದಿಸಿ"}]