[{"$i":"install-marketplace-title","$v":[{"t":"idOrVar","v":"title"}," ची स्थापणूक करची"]},{"$i":"no-sites-description","$v":"हांगा वॅब सायटी नात, सुरू करूंक सोद बटन दामचो"},{"$i":"history","$v":"इतिहास"},{"$i":"top-sites","$v":"मुखेल सायटी"},{"$i":"suggestions","ariaLabel":"सुचोवण्यो"},{"$i":"contacts","ariaLabel":"संपर्क"},{"$i":"places","ariaLabel":"सुवाती"},{"$i":"apps","ariaLabel":"ऍप्लिकेशनां"},{"$i":"suggestions-settings-notice","innerHTML":{"$o":"Search suggestions are enabled. The characters you type when entering a search are being sent to the search engine. You can disable search suggestions in the device <span id=\"settings-link\">Settings</span>."}},{"$i":"ok","$v":"बरें आसा"},{"$i":"search","$v":"सोदप"},{"$i":"go","$v":"चल"},{"$i":"options","$v":"पर्याय"},{"$i":"pin","$v":"पीन"},{"$i":"unpin","$v":"पीन केल्लें काडचें"},{"$i":"remove","$v":"काडात"},{"$i":"cancel","$v":"रद्द करचें"},{"$i":"add-to-home-screen","label":"होम स्क्रिनीत जोडचें"},{"$i":"offline-message","$v":"इंडरनेट जोडणी ना"},{"$i":"pinnedSitesOverLimit","$v":"तुमी पिन करपाक मेळपी वॅबसायटींच्या कमाल संख्येकडेन पावल्यात."},{"$i":"future","$v":"फुडार"},{"$i":"today","$v":"आयज"},{"$i":"yesterday","$v":"काल"},{"$i":"last-7-days","$v":"फाटले 7 दीस"},{"$i":"this-month","$v":"हो म्हयनो"},{"$i":"last-6-months","$v":"फाटले 6 म्हयने"},{"$i":"older-than-6-months","$v":"6 म्हयन्या परत पोरणे"},{"$i":"month-0","$v":"जानेवारी"},{"$i":"month-1","$v":"फेब्रुवारी"},{"$i":"month-2","$v":"मार्च"},{"$i":"month-3","$v":"एप्रिल"},{"$i":"month-4","$v":"माय"},{"$i":"month-5","$v":"जून"},{"$i":"month-6","$v":"जुलाय"},{"$i":"month-7","$v":"आगोस्त"},{"$i":"month-8","$v":"सप्टेंबर"},{"$i":"month-9","$v":"ऑक्टोबर"},{"$i":"month-10","$v":"नोव्हेंबर"},{"$i":"month-11","$v":"डिसेंबर"},{"$i":"search-header","$v":[{"t":"idOrVar","v":"provider"}," सोद"]},{"$i":"new-private-window","$v":"नवो खाजगी विंडो"},{"$i":"gaia-grid-stop-download-title","$v":[{"t":"idOrVar","v":"name"}," थांबोवचें"]},{"$i":"gaia-grid-stop-download-body","$v":"तुमकां चालू डावनलोड थांबोवचें आसा?"},{"$i":"gaia-grid-stop-download-action","$v":"बंद कर"},{"$i":"gaia-grid-resume-download-title","$v":"डावनलोड परत सुरू करचो"},{"$i":"gaia-grid-resume-download-body","$v":["तुमकां ",{"t":"idOrVar","v":"name"}," डावनलोड करचें आसा?"]},{"$i":"gaia-grid-resume-download-action","$v":"डावनलोड"},{"$i":"gaia-grid-cancel","$v":"रद्द करचें"},{"$i":"gaia-grid-toggle-collapsed","ariaLabel":"गट विस्तारावचो"},{"$i":"gaia-grid-toggle-expanded","ariaLabel":"गट कडसरावचो"},{"$i":"gaia-grid-enter-group-name","$v":"एका गटाचें नांव नोंद करचें"}]