[{"$i":"install-marketplace-title","$v":[{"t":"idOrVar","v":"title"}," انسٹال کریو"]},{"$i":"no-sites-description","$v":"کاہ ویب سائٹ نِہ یتنس، پریس کریو ژھارن بٹُن شروع کرنِہ خٲطر"},{"$i":"history","$v":"تواریخ"},{"$i":"top-sites","$v":"ٹاپ سائٹ"},{"$i":"suggestions","ariaLabel":"مشورہ"},{"$i":"contacts","ariaLabel":"رٲبطہ"},{"$i":"places","ariaLabel":"جاے"},{"$i":"apps","ariaLabel":"ایپس"},{"$i":"suggestions-settings-notice","innerHTML":{"$o":"Search suggestions are enabled. The characters you type when entering a search are being sent to the search engine. You can disable search suggestions in the device <span id=\"settings-link\">Settings</span>."}},{"$i":"ok","$v":"ٹھیک"},{"$i":"search","$v":"ژھار"},{"$i":"go","$v":"پکھ"},{"$i":"options","$v":"انتخابات"},{"$i":"pin","$v":"پِن"},{"$i":"unpin","$v":"ان پِن"},{"$i":"remove","$v":"معزول"},{"$i":"cancel","$v":"رد کر"},{"$i":"add-to-home-screen","label":"شٲمل کر ھوم سکرینس پیٹھ"},{"$i":"offline-message","$v":"کاہ انٹنیٹ کنکشن نِہ"},{"$i":"pinnedSitesOverLimit","$v":"توہ پو زیادِ خوت زیادِ تعداد PIN کرمِت ویب سائٹن ہوند"},{"$i":"future","$v":"مستقبل"},{"$i":"today","$v":"از"},{"$i":"yesterday","$v":"راتھ"},{"$i":"last-7-days","$v":"دوہ 7 ٲخری"},{"$i":"this-month","$v":"یِہ ریتھ"},{"$i":"last-6-months","$v":"ریتھ 6 ٲخری"},{"$i":"older-than-6-months","$v":"ریتھ خوت زیادِ 6 پرون"},{"$i":"month-0","$v":"جنوری"},{"$i":"month-1","$v":"فروری"},{"$i":"month-2","$v":"مارچ"},{"$i":"month-3","$v":"اپریل"},{"$i":"month-4","$v":"مئی"},{"$i":"month-5","$v":"جون"},{"$i":"month-6","$v":"جولائی"},{"$i":"month-7","$v":"اگست"},{"$i":"month-8","$v":"ستمبر"},{"$i":"month-9","$v":"اکتومبر"},{"$i":"month-10","$v":"نومبر"},{"$i":"month-11","$v":"دسمبر"},{"$i":"search-header","$v":["ژھار ",{"t":"idOrVar","v":"provider"}]},{"$i":"new-private-window","$v":"نیو نجی وینڈو"},{"$i":"gaia-grid-stop-download-title","$v":[{"t":"idOrVar","v":"name"}," رُکاو"]},{"$i":"gaia-grid-stop-download-body","$v":"توہ چھوا یژھان رُکاوُن ڈاونلوڈ عملِ یِم جٲری چھِ؟"},{"$i":"gaia-grid-stop-download-action","$v":"رُک"},{"$i":"gaia-grid-resume-download-title","$v":"ری سٹارٹ کر ڈاونلوڈ"},{"$i":"gaia-grid-resume-download-body","$v":["؟",{"t":"idOrVar","v":"name"}," توہ چھوا یژھان ڈاونلوڈ کرُن"]},{"$i":"gaia-grid-resume-download-action","$v":"ڈاونلوڈ"},{"$i":"gaia-grid-cancel","$v":"رد کر"},{"$i":"gaia-grid-toggle-collapsed","ariaLabel":"بڑھراو گروپ"},{"$i":"gaia-grid-toggle-expanded","ariaLabel":"وٹھ گروپ"},{"$i":"gaia-grid-enter-group-name","$v":"دِیو گروپ ناو"}]