[{"$i":"install-marketplace-title","$v":["इनस्टॉल ",{"t":"idOrVar","v":"title"}]},{"$i":"no-sites-description","$v":"कोनो वेबसाइट नहि, शुरू करइ लेल सर्च बटन दाबू."},{"$i":"history","$v":"इतिहास"},{"$i":"top-sites","$v":"टॉप साइट्स"},{"$i":"suggestions","ariaLabel":"सुझाव"},{"$i":"contacts","ariaLabel":"संपर्क"},{"$i":"places","ariaLabel":"प्लेसेस"},{"$i":"apps","ariaLabel":"ऐप्प"},{"$i":"suggestions-settings-notice","innerHTML":{"$o":"Search suggestions are enabled. The characters you type when entering a search are being sent to the search engine. You can disable search suggestions in the device <span id=\"settings-link\">Settings</span>."}},{"$i":"ok","$v":"ओके"},{"$i":"search","$v":"सर्च"},{"$i":"go","$v":"जाउ"},{"$i":"options","$v":"विकल्प"},{"$i":"pin","$v":"पिन"},{"$i":"unpin","$v":"अनपिन"},{"$i":"remove","$v":"हटाउ"},{"$i":"cancel","$v":"रद्द करू"},{"$i":"add-to-home-screen","label":"होम स्क्रीन में जोरू"},{"$i":"offline-message","$v":"कुनू इंटरनेट कनेक्‍शन नहि"},{"$i":"pinnedSitesOverLimit","$v":"अहां पिन भेल वेवसाइट के अधिकतर नम्बर पा पहुँच गेल छिये."},{"$i":"future","$v":"फ्यूचर"},{"$i":"today","$v":"आई"},{"$i":"yesterday","$v":"काल्हि"},{"$i":"last-7-days","$v":"पिछला 7 दिन"},{"$i":"this-month","$v":"इ महिना"},{"$i":"last-6-months","$v":"पिछला 6 महिना"},{"$i":"older-than-6-months","$v":"6 महिना पुराण"},{"$i":"month-0","$v":"जनुअरी"},{"$i":"month-1","$v":"फेब्रुअरी"},{"$i":"month-2","$v":"मार्च"},{"$i":"month-3","$v":"अप्रैल"},{"$i":"month-4","$v":"मई"},{"$i":"month-5","$v":"जून"},{"$i":"month-6","$v":"जुलाई"},{"$i":"month-7","$v":"अगस्त"},{"$i":"month-8","$v":"सितम्बर"},{"$i":"month-9","$v":"अक्टूबर"},{"$i":"month-10","$v":"नवम्बर"},{"$i":"month-11","$v":"दिसम्बर"},{"$i":"search-header","$v":[{"t":"idOrVar","v":"provider"}," सर्च"]},{"$i":"new-private-window","$v":"नया प्राइवेट विंडो"},{"$i":"gaia-grid-stop-download-title","$v":["बंद करू ",{"t":"idOrVar","v":"name"}]},{"$i":"gaia-grid-stop-download-body","$v":"आहां डाउनलोड बंद करा चाहै छियै?"},{"$i":"gaia-grid-stop-download-action","$v":"रूकू"},{"$i":"gaia-grid-resume-download-title","$v":"डाउनलोड फेर से शुरू करू"},{"$i":"gaia-grid-resume-download-body","$v":["आहां ",{"t":"idOrVar","v":"name"}," क डाउनलोड करअ चाहै छैयी?"]},{"$i":"gaia-grid-resume-download-action","$v":"डाउनलोड"},{"$i":"gaia-grid-cancel","$v":"रद्द करू"},{"$i":"gaia-grid-toggle-collapsed","ariaLabel":"एक्स्पएन्ड ग्रुप"},{"$i":"gaia-grid-toggle-expanded","ariaLabel":"कोलेप्स ग्रुप"},{"$i":"gaia-grid-enter-group-name","$v":"ग्रुप केर नाम दियौ"}]