[{"$i":"install-marketplace-title","$v":[{"t":"idOrVar","v":"title"}," ഇൻസ്റ്റാൾ ചെയ്യുക"]},{"$i":"no-sites-description","$v":"ഇവിടെ വെബ്സൈറ്റുകൾ ഒന്നുമില്ല, ആരംഭിക്കാൻ തിരയൽ ബട്ടൺ അമർത്തുക."},{"$i":"history","$v":"ചരിത്രം"},{"$i":"top-sites","$v":"മുൻനിര സൈറ്റുകൾ"},{"$i":"suggestions","ariaLabel":"നിർദ്ദേശങ്ങൾ"},{"$i":"contacts","ariaLabel":"കോൺടാക്റ്റ്"},{"$i":"places","ariaLabel":"സ്ഥലം"},{"$i":"apps","ariaLabel":"ആപ്പ്സ്"},{"$i":"suggestions-settings-notice","innerHTML":{"$o":"Search suggestions are enabled. The characters you type when entering a search are being sent to the search engine. You can disable search suggestions in the device <span id=\"settings-link\">Settings</span>."}},{"$i":"ok","$v":"ശരി"},{"$i":"search","$v":"തിരയുക"},{"$i":"go","$v":"പോകുക"},{"$i":"options","$v":"ഓപ്ഷന്‍"},{"$i":"pin","$v":"പിൻ"},{"$i":"unpin","$v":"അൺപിൻ ചെയ്യുക"},{"$i":"remove","$v":"നീക്കംചെയ്യുക"},{"$i":"cancel","$v":"റദ്ദാക്കുക"},{"$i":"add-to-home-screen","label":"ഹോം സ്ക്രീനിലേക്ക് ചേർക്കുക"},{"$i":"offline-message","$v":"ഇൻറർനെറ്റ് കണക്ഷനില്ല"},{"$i":"pinnedSitesOverLimit","$v":"പിന്‍ ചെയ്ത വെബ് സൈറ്റുകളുടെ പരമാവധി എണ്ണത്തിൽ നിങ്ങൾ എത്തി."},{"$i":"future","$v":"ഭാവി"},{"$i":"today","$v":"ഇന്ന്"},{"$i":"yesterday","$v":"ഇന്നലെ"},{"$i":"last-7-days","$v":"കഴിഞ്ഞ 7 ദിവസം"},{"$i":"this-month","$v":"ഈ മാസം"},{"$i":"last-6-months","$v":"കഴിഞ്ഞ 6 മാസങ്ങൾ"},{"$i":"older-than-6-months","$v":"6 മാസത്തിലധികം പഴയത്"},{"$i":"month-0","$v":"ജനുവരി"},{"$i":"month-1","$v":"ഫെബ്രുവരി"},{"$i":"month-2","$v":"മാർച്ച്"},{"$i":"month-3","$v":"ഏപ്രിൽ"},{"$i":"month-4","$v":"മെയ്"},{"$i":"month-5","$v":"ജൂൺ"},{"$i":"month-6","$v":"ജൂലൈ"},{"$i":"month-7","$v":"ആഗസ്റ്റ്"},{"$i":"month-8","$v":"സെപ്റ്റംബർ"},{"$i":"month-9","$v":"ഒക്ടോബർ"},{"$i":"month-10","$v":"നവംബർ"},{"$i":"month-11","$v":"ഡിസംബർ"},{"$i":"search-header","$v":[{"t":"idOrVar","v":"provider"}," തിരയൽ"]},{"$i":"new-private-window","$v":"പുതിയ സ്വകാര്യ വിൻഡോ"},{"$i":"gaia-grid-stop-download-title","$v":[{"t":"idOrVar","v":"name"}," നിർത്തുക"]},{"$i":"gaia-grid-stop-download-body","$v":"പുരോഗതിയിലുള്ള ഡൗൺലോഡ് നിർത്തണോ?"},{"$i":"gaia-grid-stop-download-action","$v":"നിര്‍ത്തുക"},{"$i":"gaia-grid-resume-download-title","$v":"ഡൗൺലോഡ് പുനരാരംഭിക്കുക"},{"$i":"gaia-grid-resume-download-body","$v":["നിങ്ങൾക്ക് ",{"t":"idOrVar","v":"name"}," ഡൗൺലോഡ് ചെയ്യണോ?"]},{"$i":"gaia-grid-resume-download-action","$v":"ഡൗൺലോഡ് ചെയ്യുക"},{"$i":"gaia-grid-cancel","$v":"റദ്ദാക്കുക"},{"$i":"gaia-grid-toggle-collapsed","ariaLabel":"ഗ്രൂപ്പ് വികസിപ്പിക്കുക"},{"$i":"gaia-grid-toggle-expanded","ariaLabel":"ഗ്രൂപ്പ് ചുരുക്കുക"},{"$i":"gaia-grid-enter-group-name","$v":"ഒരു ഗ്രൂപ്പ് പേര് നൽകുക"}]