[{"$i":"install-marketplace-title","$v":[{"t":"idOrVar","v":"title"}," ইনস্টোল তৌ"]},{"$i":"no-sites-description","$v":"মফম অসিদা ৱেবসাইট অমত্তা লৈতে, স্টার্ট তৌনবা সর্চ বট্টন নম্মু."},{"$i":"history","$v":"পুৱারী"},{"$i":"top-sites","$v":"মকোক ওইবা সাইটশীং"},{"$i":"suggestions","ariaLabel":"ৱা হৌদোকপশীং"},{"$i":"contacts","ariaLabel":"পাউ-ফাওনগদবশিং"},{"$i":"places","ariaLabel":"মফমশীং"},{"$i":"apps","ariaLabel":"এপশীং"},{"$i":"suggestions-settings-notice","innerHTML":{"$o":"Search suggestions are enabled. The characters you type when entering a search are being sent to the search engine. You can disable search suggestions in the device <span id=\"settings-link\">Settings</span>."}},{"$i":"ok","$v":"ওকে"},{"$i":"search","$v":"থিয়ু"},{"$i":"go","$v":"চৎলু"},{"$i":"options","$v":"ওপসনশিং"},{"$i":"pin","$v":"পিন ফাও"},{"$i":"unpin","$v":"পিন তৌবা লৌথোকউ"},{"$i":"remove","$v":"লৌথোকপা"},{"$i":"cancel","$v":"ককথৎলু"},{"$i":"add-to-home-screen","label":"হোম স্ক্রীনদা হাপচিল্লু"},{"$i":"offline-message","$v":"ইন্টরনেট কনেক্সন ফংদে"},{"$i":"pinnedSitesOverLimit","$v":"নহাক খ্বাইদগী য়াম্বা পিন তৌবা ৱেবসাইটশীংগী মশীং য়ৌখ্রে."},{"$i":"future","$v":"তুংদা"},{"$i":"today","$v":"ঙসি"},{"$i":"yesterday","$v":"ঙরাং"},{"$i":"last-7-days","$v":"ইকোন কোনবা নুমিৎ 7"},{"$i":"this-month","$v":"থা অসি"},{"$i":"last-6-months","$v":"ইকোন কোনবা থা 6"},{"$i":"older-than-6-months","$v":"থা 6 তগী অহল ওইরবা"},{"$i":"month-0","$v":"জানুৱারি"},{"$i":"month-1","$v":"ফেব্রুৱারি"},{"$i":"month-2","$v":"মার্চ"},{"$i":"month-3","$v":"এপ্রিল"},{"$i":"month-4","$v":"মে"},{"$i":"month-5","$v":"জুন"},{"$i":"month-6","$v":"জুলাই"},{"$i":"month-7","$v":"ওগস্ট"},{"$i":"month-8","$v":"সেপ্টেম্বর"},{"$i":"month-9","$v":"ওক্তোবর"},{"$i":"month-10","$v":"নোবেম্বর"},{"$i":"month-11","$v":"দিসেম্বর"},{"$i":"search-header","$v":[{"t":"idOrVar","v":"provider"}," থিবা"]},{"$i":"new-private-window","$v":"অনৌবা লনাইগী ৱিন্দো"},{"$i":"gaia-grid-stop-download-title","$v":[{"t":"idOrVar","v":"name"}," লেপ্পু"]},{"$i":"gaia-grid-stop-download-body","$v":"নহাক হৌজিক চত্থরিবা দাওনলোদ তৌবা অদু লেপহনবা পাম্ব্রা?"},{"$i":"gaia-grid-stop-download-action","$v":"লেপ্পু"},{"$i":"gaia-grid-resume-download-title","$v":"দাওনলোদ হন্না স্টার্ট তৌ"},{"$i":"gaia-grid-resume-download-body","$v":["নহাক ",{"t":"idOrVar","v":"name"}," দাওনলোদ তৌবা পাম্ব্রা?"]},{"$i":"gaia-grid-resume-download-action","$v":"ডাউণ্ডলোদ"},{"$i":"gaia-grid-cancel","$v":"ককথৎলু"},{"$i":"gaia-grid-toggle-collapsed","ariaLabel":"গ্রুপ চাওথোকউ"},{"$i":"gaia-grid-toggle-expanded","ariaLabel":"গ্রুপ কিন্থহল্লু"},{"$i":"gaia-grid-enter-group-name","$v":"গ্রুপ মমিং অমা মেনশিল্লু"}]