[{"$i":"install-marketplace-title","$v":[{"t":"idOrVar","v":"title"}," इन्स्टॉल करा"]},{"$i":"no-sites-description","$v":"येथे कोणत्याही वेब साइट्स नाहीत, सुरुवात करण्यासाठी शोध बटण दाबा."},{"$i":"history","$v":"इतिहास"},{"$i":"top-sites","$v":"सर्वात चांगली साईट"},{"$i":"suggestions","ariaLabel":"सूचना"},{"$i":"contacts","ariaLabel":"संपर्क"},{"$i":"places","ariaLabel":"स्थान"},{"$i":"apps","ariaLabel":"अॅप्स"},{"$i":"suggestions-settings-notice","innerHTML":{"$o":"Search suggestions are enabled. The characters you type when entering a search are being sent to the search engine. You can disable search suggestions in the device <span id=\"settings-link\">Settings</span>."}},{"$i":"ok","$v":"ठीक आहे"},{"$i":"search","$v":"शोधा"},{"$i":"go","$v":"जा"},{"$i":"options","$v":"पर्याय"},{"$i":"pin","$v":"पिन"},{"$i":"unpin","$v":"अनपिन"},{"$i":"remove","$v":"हटवा"},{"$i":"cancel","$v":"रद्द करा"},{"$i":"add-to-home-screen","label":"होम स्क्रीनला जोडा"},{"$i":"offline-message","$v":"कोणतेही इंटरनेट कनेक्शन नाही"},{"$i":"pinnedSitesOverLimit","$v":"आपण पिन केलेल्या वेबसाईटच्या कमाल संख्येपर्यंत पोहोचला आहात."},{"$i":"future","$v":"भविष्य"},{"$i":"today","$v":"आज"},{"$i":"yesterday","$v":"काल"},{"$i":"last-7-days","$v":"शेवटचे 7 दिवस"},{"$i":"this-month","$v":"हा महिना"},{"$i":"last-6-months","$v":"शेवटचे 6 महिने"},{"$i":"older-than-6-months","$v":"6 महिन्या पेक्षा अधिक जुने"},{"$i":"month-0","$v":"जानेवारी"},{"$i":"month-1","$v":"फेब्रुवारी"},{"$i":"month-2","$v":"मार्च"},{"$i":"month-3","$v":"एप्रिल"},{"$i":"month-4","$v":"मे"},{"$i":"month-5","$v":"जून"},{"$i":"month-6","$v":"जुलै"},{"$i":"month-7","$v":"ऑगस्ट"},{"$i":"month-8","$v":"सप्टेंबर"},{"$i":"month-9","$v":"ऑक्टोबर"},{"$i":"month-10","$v":"नोव्हेंबर"},{"$i":"month-11","$v":"डिसेंबर"},{"$i":"search-header","$v":[{"t":"idOrVar","v":"provider"}," शोधा"]},{"$i":"new-private-window","$v":"नवीन खाजगी विंडो"},{"$i":"gaia-grid-stop-download-title","$v":[{"t":"idOrVar","v":"name"}," थांबवा"]},{"$i":"gaia-grid-stop-download-body","$v":"आपणास सुरू असलेले डाउनलोड थांबवायचे आहेत का?"},{"$i":"gaia-grid-stop-download-action","$v":"थांबवा"},{"$i":"gaia-grid-resume-download-title","$v":"डाउनलोड पुन्हा सुरु करा"},{"$i":"gaia-grid-resume-download-body","$v":["आपणास ",{"t":"idOrVar","v":"name"}," डाउनलोड करायचे आहे का?"]},{"$i":"gaia-grid-resume-download-action","$v":"डाउनलोड करा"},{"$i":"gaia-grid-cancel","$v":"रद्द करा"},{"$i":"gaia-grid-toggle-collapsed","ariaLabel":"समूह विस्तारित करा"},{"$i":"gaia-grid-toggle-expanded","ariaLabel":"समूह संक्षिप्त करा"},{"$i":"gaia-grid-enter-group-name","$v":"समूहाचे नाव प्रविष्ट करा"}]