[{"$i":"install-marketplace-title","$v":[{"t":"idOrVar","v":"title"}," स्थापना गर्नुहोस्"]},{"$i":"no-sites-description","$v":"यहाँ वेब साइटहरू छैनन्, खोज गर्न सुरु गरिएको प्राप्त बटनमा थिच्नुहोस्।"},{"$i":"history","$v":"इतिहास"},{"$i":"top-sites","$v":"शीर्ष साइटहरू"},{"$i":"suggestions","ariaLabel":"सुझावहरू"},{"$i":"contacts","ariaLabel":"सम्पर्कहरू"},{"$i":"places","ariaLabel":"स्थानहरू"},{"$i":"apps","ariaLabel":"अनुप्रयोगहरू"},{"$i":"suggestions-settings-notice","innerHTML":{"$o":"Search suggestions are enabled. The characters you type when entering a search are being sent to the search engine. You can disable search suggestions in the device <span id=\"settings-link\">Settings</span>."}},{"$i":"ok","$v":"ठीक छ"},{"$i":"search","$v":"खोज्नुहोस्"},{"$i":"go","$v":"जानुहोस्"},{"$i":"options","$v":"विकल्पहरू"},{"$i":"pin","$v":"पिन गर्नुहोस्"},{"$i":"unpin","$v":"अनपिन गर्नुहोस्"},{"$i":"remove","$v":"हटाउनुहोस्"},{"$i":"cancel","$v":"रद्द गर्नुहोस्"},{"$i":"add-to-home-screen","label":"गृह स्क्रिनमा थप्नुहोस्"},{"$i":"offline-message","$v":"इन्टरनेट जडान छैन"},{"$i":"pinnedSitesOverLimit","$v":"तपाईं पिन गरिएका वेबसाइटहरूको अधिकतम संख्या सीमामा पुग्नुभएको छ।"},{"$i":"future","$v":"भविष्य"},{"$i":"today","$v":"आज"},{"$i":"yesterday","$v":"हिजो"},{"$i":"last-7-days","$v":"पछिल्ला 7 दिन"},{"$i":"this-month","$v":"यो महिना"},{"$i":"last-6-months","$v":"पछिल्लो 6 महिनाहरू"},{"$i":"older-than-6-months","$v":"6 महिनाभन्दा पूरानो"},{"$i":"month-0","$v":"जनवरी"},{"$i":"month-1","$v":"फेब्रुअरी"},{"$i":"month-2","$v":"मार्च"},{"$i":"month-3","$v":"अप्रिल"},{"$i":"month-4","$v":"मे"},{"$i":"month-5","$v":"जुन"},{"$i":"month-6","$v":"जुलाइ"},{"$i":"month-7","$v":"अगस्ट"},{"$i":"month-8","$v":"सेप्टेम्बर"},{"$i":"month-9","$v":"अक्टुबर"},{"$i":"month-10","$v":"नोभेम्बर"},{"$i":"month-11","$v":"डिसेम्बर"},{"$i":"search-header","$v":[{"t":"idOrVar","v":"provider"}," खोज"]},{"$i":"new-private-window","$v":"नयाँ निजी विन्डो"},{"$i":"gaia-grid-stop-download-title","$v":[{"t":"idOrVar","v":"name"}," रोक्नुहोस्"]},{"$i":"gaia-grid-stop-download-body","$v":"तपाईं प्रगतिमा रहेको डाउनलोड रोक्न चाहनुहुन्छ?"},{"$i":"gaia-grid-stop-download-action","$v":"रोक्नुहोस्"},{"$i":"gaia-grid-resume-download-title","$v":"डाउनलोड पुन: सुरू गर्नुहोस्"},{"$i":"gaia-grid-resume-download-body","$v":["तपाईं ",{"t":"idOrVar","v":"name"}," डाउनलोड गर्न चाहनुहुन्छ?"]},{"$i":"gaia-grid-resume-download-action","$v":"डाउनलोड गर्नुहोस्"},{"$i":"gaia-grid-cancel","$v":"रद्द गर्नुहोस्"},{"$i":"gaia-grid-toggle-collapsed","ariaLabel":"विस्तृत समूह"},{"$i":"gaia-grid-toggle-expanded","ariaLabel":"संकुचन समूह"},{"$i":"gaia-grid-enter-group-name","$v":"समूहको नाम प्रविष्ट गर्नुहोस्"}]