[{"$i":"install-marketplace-title","$v":[{"t":"idOrVar","v":"title"}," ସଂସ୍ଥାପନ କରନ୍ତୁ"]},{"$i":"no-sites-description","$v":"ଏଠାରେ କୌଣସି ୱେବ୍ ସାଇଟ୍‌ ନାହିଁ, ଆରମ୍ଭ କରିବାକୁ ସନ୍ଧାନ ବଟନ୍ ଦବାନ୍ତୁ |"},{"$i":"history","$v":"ଇତିହାସ"},{"$i":"top-sites","$v":"ଟପ୍ ସାଇଟଗୁଡିକ"},{"$i":"suggestions","ariaLabel":"ପ୍ରସ୍ତାବଗୁଡିକ"},{"$i":"contacts","ariaLabel":"ସମ୍ପର୍କଗୁଡିକ"},{"$i":"places","ariaLabel":"ସ୍ଥାନଗୁଡିକ"},{"$i":"apps","ariaLabel":"ଆପ୍‌"},{"$i":"suggestions-settings-notice","innerHTML":{"$o":"Search suggestions are enabled. The characters you type when entering a search are being sent to the search engine. You can disable search suggestions in the device <span id=\"settings-link\">Settings</span>."}},{"$i":"ok","$v":"ଓକେ"},{"$i":"search","$v":"ସନ୍ଧାନ କରନ୍ତୁ"},{"$i":"go","$v":"ଯାଆନ୍ତୁ"},{"$i":"options","$v":"ବିକଳ୍ପଗୁଡିକ"},{"$i":"pin","$v":"ପିନ୍‌"},{"$i":"unpin","$v":"ଅନ୍‌ପିନ୍"},{"$i":"remove","$v":"ଅପସାରଣ କରନ୍ତୁ"},{"$i":"cancel","$v":"ବାତିଲ କରନ୍ତୁ"},{"$i":"add-to-home-screen","label":"ହୋମ୍ ସ୍କ୍ରିନରେ ଯୋଡ଼ନ୍ତୁ"},{"$i":"offline-message","$v":"କୌଣସି ଇଣ୍ଟର୍ନେଟ୍‌ ସଂଯୋଗ ନାହିଁ"},{"$i":"pinnedSitesOverLimit","$v":"ଆପଣ ସର୍ବାଧିକ ସଂଖ୍ୟାର ପିନ୍‌ ହୋଇଥିବା ୱେବ୍ ସାଇଟରେ ପହଞ୍ଚିଛନ୍ତି |"},{"$i":"future","$v":"ଭବିଷ୍ୟତ"},{"$i":"today","$v":"ଆଜି"},{"$i":"yesterday","$v":"ଗତକାଲି"},{"$i":"last-7-days","$v":"ଶେଷ 7 ଦିନରେ"},{"$i":"this-month","$v":"ଏହି ମାସ"},{"$i":"last-6-months","$v":"ଶେଷ 6 ମାସ"},{"$i":"older-than-6-months","$v":"6 ମାସର ପୁରାତନ"},{"$i":"month-0","$v":"ଜାନୁଆରୀ"},{"$i":"month-1","$v":"ଫେବୃଆରୀ"},{"$i":"month-2","$v":"ମାର୍ଚ୍ଚ"},{"$i":"month-3","$v":"ଏପ୍ରିଲ୍"},{"$i":"month-4","$v":"ମେ"},{"$i":"month-5","$v":"ଜୁନ୍"},{"$i":"month-6","$v":"ଜୁଲାଇ"},{"$i":"month-7","$v":"ଅଗଷ୍ଟ"},{"$i":"month-8","$v":"ସେପ୍ଟେମ୍ୱର୍"},{"$i":"month-9","$v":"ଅକ୍ଟୋବର"},{"$i":"month-10","$v":"ନଭେମ୍ୱର୍"},{"$i":"month-11","$v":"ଡିସେମ୍ଵର"},{"$i":"search-header","$v":[{"t":"idOrVar","v":"provider"}," ସନ୍ଧାନ କରନ୍ତୁ"]},{"$i":"new-private-window","$v":"ନୂତନ ବ୍ୟକ୍ତିଗତ ୱିଣ୍ଡୋ"},{"$i":"gaia-grid-stop-download-title","$v":[{"t":"idOrVar","v":"name"}," ବନ୍ଦ କରନ୍ତୁ"]},{"$i":"gaia-grid-stop-download-body","$v":"ଆପଣ ଚାଲୁଥିବା ଡାଉନଲୋଡ୍ ସ୍ଥଗିତ କରିବାକୁ ଚାହାଁନ୍ତି କି?"},{"$i":"gaia-grid-stop-download-action","$v":"ବନ୍ଦ କରନ୍ତୁ"},{"$i":"gaia-grid-resume-download-title","$v":"ଡାଉନଲୋଡ୍ ପୁନଃଆରମ୍ଭ କରନ୍ତୁ"},{"$i":"gaia-grid-resume-download-body","$v":["ଆପଣ ",{"t":"idOrVar","v":"name"}," ଡାଉନଲୋଡ୍ କରିବାକୁ ଚାହାଁନ୍ତି କି?"]},{"$i":"gaia-grid-resume-download-action","$v":"ଡାଉନ‌ଲୋଡ୍ କରନ୍ତୁ"},{"$i":"gaia-grid-cancel","$v":"ବାତିଲ କରନ୍ତୁ"},{"$i":"gaia-grid-toggle-collapsed","ariaLabel":"ଗୋଷ୍ଠୀ ବିସ୍ତାରିତ କରନ୍ତୁ"},{"$i":"gaia-grid-toggle-expanded","ariaLabel":"ଗୋଷ୍ଠୀ ସଂକ୍ଷିପ୍ତ କରନ୍ତୁ"},{"$i":"gaia-grid-enter-group-name","$v":"ଏକ ଗୋଷ୍ଠୀ ନାମ ପ୍ରବେଶ କରନ୍ତୁ"}]