[{"$i":"install-marketplace-title","$v":[{"t":"idOrVar","v":"title"}," ਇੰਸਟਾਲ ਕਰੋ"]},{"$i":"no-sites-description","$v":"ਇੱਥੇ ਕੋਈ ਵੀ ਵੈਬਸਾਈਟਾਂ ਨਹੀਂ ਹਨ, ਸ਼ੁਰੂ ਕਰਨ ਲਈ ਖੋਜ਼ ਬਟਨ ਦਬਾਓ।"},{"$i":"history","$v":"ਇਤਿਹਾਸ"},{"$i":"top-sites","$v":"ਪ੍ਰਮੁੱਖ ਸਾਇਟਾਂ"},{"$i":"suggestions","ariaLabel":"ਸੁਝਾਅ"},{"$i":"contacts","ariaLabel":"ਸੰਪਰਕ"},{"$i":"places","ariaLabel":"ਸਥਾਨ"},{"$i":"apps","ariaLabel":"ਐਪਸ"},{"$i":"suggestions-settings-notice","innerHTML":{"$o":"Search suggestions are enabled. The characters you type when entering a search are being sent to the search engine. You can disable search suggestions in the device <span id=\"settings-link\">Settings</span>."}},{"$i":"ok","$v":"ਠੀਕ ਹੈ"},{"$i":"search","$v":"ਖੋਜੋ"},{"$i":"go","$v":"ਜਾਓ"},{"$i":"options","$v":"ਵਿਕਲਪ"},{"$i":"pin","$v":"ਪਿਨ"},{"$i":"unpin","$v":"ਅਨਪਿਨ"},{"$i":"remove","$v":"ਹਟਾਓ"},{"$i":"cancel","$v":"ਰੱਦ ਕਰੋ"},{"$i":"add-to-home-screen","label":"ਹੋਮ ਸਕਰੀਨ ਵਿੱਚ ਜੋੜੋ"},{"$i":"offline-message","$v":"ਕੋਈ ਇੰਟਰਨੈਟ ਕਨੈਕਸ਼ਨ ਨਹੀਂ"},{"$i":"pinnedSitesOverLimit","$v":"ਤੁਸੀਂ ਪਿੰਨ ਕੀਤੀਆਂ ਵੈਬਸਾਈਟਾਂ ਦੀ ਅਧਿਕਤਮ ਸੰਖਿਆ ਤੇ ਪਹੁੰਚਦੇ ਹੋ।"},{"$i":"future","$v":"ਭਵਿੱਖ"},{"$i":"today","$v":"ਅੱਜ"},{"$i":"yesterday","$v":"ਗੁਜ਼ਰਿਆ ਹੋਇਆ ਕੱਲ"},{"$i":"last-7-days","$v":"ਪਿਛਲੇ 7 ਦਿਨ"},{"$i":"this-month","$v":"ਇਹ ਮਹੀਨਾ"},{"$i":"last-6-months","$v":"ਪਿਛਲੇ 6 ਮਹੀਨੇ"},{"$i":"older-than-6-months","$v":"6 ਮਹੀਨੇ ਤੋਂ ਵੱਧ ਪੁਰਾਣਾ"},{"$i":"month-0","$v":"ਜਨਵਰੀ"},{"$i":"month-1","$v":"ਫਰਵਰੀ"},{"$i":"month-2","$v":"ਮਾਰਚ"},{"$i":"month-3","$v":"ਅਪ੍ਰੈਲ"},{"$i":"month-4","$v":"ਮਈ"},{"$i":"month-5","$v":"ਜੂਨ"},{"$i":"month-6","$v":"ਜੁਲਾਈ"},{"$i":"month-7","$v":"ਅਗਸਤ"},{"$i":"month-8","$v":"ਸਤੰਬਰ"},{"$i":"month-9","$v":"ਅਕਤੂਬਰ"},{"$i":"month-10","$v":"ਨਵੰਬਰ"},{"$i":"month-11","$v":"ਦਸੰਬਰ"},{"$i":"search-header","$v":[{"t":"idOrVar","v":"provider"}," ਖੋਜੋ"]},{"$i":"new-private-window","$v":"ਨਵੀਂ ਪ੍ਰਾਈਵੇਟ ਵਿੰਡੋ"},{"$i":"gaia-grid-stop-download-title","$v":[{"t":"idOrVar","v":"name"}," ਰੋਕੋ"]},{"$i":"gaia-grid-stop-download-body","$v":"ਕੀ ਤੁਸੀਂ ਚੱਲ ਰਹੀ ਡਾਊਨਲੋਡ ਨੂੰ ਰੋਕਣਾ ਚਾਹੁੰਦੇ ਹੋ?"},{"$i":"gaia-grid-stop-download-action","$v":"ਰੋਕੋ"},{"$i":"gaia-grid-resume-download-title","$v":"ਡਾਊਨਲੋਡ ਦੁਬਾਰਾ ਸ਼ੁਰੂ ਕਰੋ"},{"$i":"gaia-grid-resume-download-body","$v":["ਕੀ ਤੁਸੀਂ ",{"t":"idOrVar","v":"name"}," ਨੂੰ ਡਾਊਨਲੋਡ ਕਰਨਾ ਚਾਹੁੰਦੇ ਹੋ?"]},{"$i":"gaia-grid-resume-download-action","$v":"ਡਾਊਨਲੋਡ ਕਰੋ"},{"$i":"gaia-grid-cancel","$v":"ਰੱਦ ਕਰੋ"},{"$i":"gaia-grid-toggle-collapsed","ariaLabel":"ਗਰੁੱਪ ਦਾ ਵਿਸਤਾਰ ਕਰੋ"},{"$i":"gaia-grid-toggle-expanded","ariaLabel":"ਗਰੁੱਪ ਨੂੰ ਸੰਖੇਪ ਕਰੋ"},{"$i":"gaia-grid-enter-group-name","$v":"ਗਰੁੱਪ ਦਾ ਨਾਮ ਦਾਖਲ ਕਰੋ"}]