[{"$i":"install-marketplace-title","$v":["संस्थापयतु ",{"t":"idOrVar","v":"title"}]},{"$i":"no-sites-description","$v":"अत्र कोऽपि वेबसाइट नास्ति, आरंभकर्तुं अन्वेषणबटनं नोदयतु।"},{"$i":"history","$v":"इतिहास"},{"$i":"top-sites","$v":"शीर्षसाइट्स"},{"$i":"suggestions","ariaLabel":"परामर्शः"},{"$i":"contacts","ariaLabel":"संपर्काः"},{"$i":"places","ariaLabel":"स्थानम्"},{"$i":"apps","ariaLabel":"प्रयोगाः"},{"$i":"suggestions-settings-notice","innerHTML":{"$o":"Search suggestions are enabled. The characters you type when entering a search are being sent to the search engine. You can disable search suggestions in the device <span id=\"settings-link\">Settings</span>."}},{"$i":"ok","$v":"नुदताम्"},{"$i":"search","$v":"अन्विष्यताम्"},{"$i":"go","$v":"गम्यताम्"},{"$i":"options","$v":"विकल्पाः"},{"$i":"pin","$v":"पिन"},{"$i":"unpin","$v":"अनपिनम्"},{"$i":"remove","$v":"लुप्यताम्"},{"$i":"cancel","$v":"निरस्यताम्"},{"$i":"add-to-home-screen","label":"होमस्क्रीन योजयतु"},{"$i":"offline-message","$v":"अन्तर्जालसंयोजनं न वर्तते"},{"$i":"pinnedSitesOverLimit","$v":"जालस्थानानां आवेध्यस्य अधिकतमा सीमा सम्प्राप्ता।"},{"$i":"future","$v":"भविष्य"},{"$i":"today","$v":"अद्य"},{"$i":"yesterday","$v":"ह्यः"},{"$i":"last-7-days","$v":"विगतानि ७ दिनानि"},{"$i":"this-month","$v":"अस्मिन् मासे"},{"$i":"last-6-months","$v":"विगताः ६ मासाः"},{"$i":"older-than-6-months","$v":"६ मासाद् अधिकायुः"},{"$i":"month-0","$v":"जनवरी"},{"$i":"month-1","$v":"फरवरी"},{"$i":"month-2","$v":"मार्च"},{"$i":"month-3","$v":"अप्रैल"},{"$i":"month-4","$v":"मई"},{"$i":"month-5","$v":"जून"},{"$i":"month-6","$v":"जुलाई"},{"$i":"month-7","$v":"अगस्त"},{"$i":"month-8","$v":"सितम्बरः"},{"$i":"month-9","$v":"अक्टूबरः"},{"$i":"month-10","$v":"नवम्बरः"},{"$i":"month-11","$v":"दिसम्बरः"},{"$i":"search-header","$v":[{"t":"idOrVar","v":"provider"}," अन्वेषणम्"]},{"$i":"new-private-window","$v":"नूतनं व्यक्तिगतं गवाक्षम्"},{"$i":"gaia-grid-stop-download-title","$v":[{"t":"idOrVar","v":"name"}," स्तब्धयतु"]},{"$i":"gaia-grid-stop-download-body","$v":"प्रक्रियायाः मध्ये अवारोपणं स्थगयितुम् इच्छति?"},{"$i":"gaia-grid-stop-download-action","$v":"विरम्यताम्"},{"$i":"gaia-grid-resume-download-title","$v":"डाउनलोड पुनः आरंभं करोतु"},{"$i":"gaia-grid-resume-download-body","$v":[{"t":"idOrVar","v":"name"}," अवारोपयितुम् इच्छति?"]},{"$i":"gaia-grid-resume-download-action","$v":"अवारोपयतु"},{"$i":"gaia-grid-cancel","$v":"निरस्यताम्"},{"$i":"gaia-grid-toggle-collapsed","ariaLabel":"विस्तारसमूहः"},{"$i":"gaia-grid-toggle-expanded","ariaLabel":"समूहः संक्षिप्तं करोतु"},{"$i":"gaia-grid-enter-group-name","$v":"ग्रुपनाम लिख्यताम्"}]