[{"$i":"install-marketplace-title","$v":[{"t":"idOrVar","v":"title"}," ᱵᱟᱦᱟᱹᱞ"]},{"$i":"no-sites-description","$v":"ᱱᱚᱱᱫᱮ ᱫᱚ ᱣᱮᱵᱟᱭᱤᱴ ᱵᱟᱱᱩᱜ-ᱟ, ᱩᱛᱟᱭ ᱢᱮ ᱥᱮᱸᱫᱨᱟ ᱵᱚᱴᱚᱱ ᱮᱦᱚᱵᱟᱜ ᱧᱟᱢ ᱞᱟᱜᱤᱫ."},{"$i":"history","$v":"ᱤᱛᱤᱦᱟᱞ"},{"$i":"top-sites","$v":"ᱪᱮᱛᱟᱱ ᱥᱟᱭᱤᱴ ᱠᱚ"},{"$i":"suggestions","ariaLabel":"ᱵᱟᱛᱞᱟᱣᱟᱜ"},{"$i":"contacts","ariaLabel":"ᱡᱚᱜᱟᱡᱳᱜᱠᱚ"},{"$i":"places","ariaLabel":"ᱡᱟᱭᱜᱟ"},{"$i":"apps","ariaLabel":"ᱮᱯᱞᱤᱮᱥᱚᱱᱚᱱ ᱠᱚ"},{"$i":"suggestions-settings-notice","innerHTML":{"$o":"Search suggestions are enabled. The characters you type when entering a search are being sent to the search engine. You can disable search suggestions in the device <span id=\"settings-link\">Settings</span>."}},{"$i":"ok","$v":"ᱴᱤᱠ"},{"$i":"search","$v":"ᱥᱮᱱᱨᱟ"},{"$i":"go","$v":"ᱪᱟᱞᱟᱜ ᱢᱮ"},{"$i":"options","$v":"ᱵᱤᱠᱟᱞᱚᱯ"},{"$i":"pin","$v":"PIN"},{"$i":"unpin","$v":"ᱚᱯᱤᱱ"},{"$i":"remove","$v":"ᱚᱪᱚᱜ"},{"$i":"cancel","$v":"ᱢᱩᱪᱮᱫ"},{"$i":"add-to-home-screen","label":"ᱚᱲᱟᱜ ᱤᱥᱠᱨᱤᱱ ᱨᱮ ᱥᱮᱞᱮᱫ"},{"$i":"offline-message","$v":"ᱤᱱᱴᱚᱨᱱᱮᱴ ᱡᱩᱲᱟᱣ ᱵᱟᱱᱩᱜ-ᱟ"},{"$i":"pinnedSitesOverLimit","$v":"ᱟᱢ ᱫᱚᱢ ᱛᱤᱭᱮᱜ ᱟᱠᱟᱫᱟ ᱵᱟᱲᱛᱤ ᱠᱷᱚᱱ ᱵᱟᱲᱛᱤ ᱞᱮᱠᱷᱟ ᱯᱤᱱ ᱟᱠᱟᱱ ᱣᱮᱵᱥᱟᱭᱤᱴ ᱠᱚ ᱨᱮᱭᱟᱜ."},{"$i":"future","$v":"ᱵᱷᱟᱣᱤᱥ"},{"$i":"today","$v":"ᱛᱤᱦᱤᱧ"},{"$i":"yesterday","$v":"ᱦᱚᱞᱟ"},{"$i":"last-7-days","$v":"ᱥᱮᱥ 7 ᱢᱟᱦᱟ ᱠᱚ"},{"$i":"this-month","$v":"ᱱᱚᱣᱟ ᱪᱟᱸᱫᱩ"},{"$i":"last-6-months","$v":"ᱥᱮᱥ 6 ᱪᱟᱸᱫᱩ ᱠᱚ"},{"$i":"older-than-6-months","$v":"6 ᱪᱟᱸᱫᱩ ᱠᱚ ᱠᱷᱚᱱ ᱢᱟᱨᱤ"},{"$i":"month-0","$v":"ᱯᱩᱥ"},{"$i":"month-1","$v":"ᱢᱟᱜ"},{"$i":"month-2","$v":"ᱯᱷᱹᱟᱜᱩᱱ"},{"$i":"month-3","$v":"ᱪᱮᱛ"},{"$i":"month-4","$v":"ᱵᱮᱭᱥᱮᱠᱷ"},{"$i":"month-5","$v":"ᱡᱩᱥᱴᱤ"},{"$i":"month-6","$v":"ᱟᱥᱟᱲ"},{"$i":"month-7","$v":"ᱥᱚᱨᱟᱵᱚᱱ"},{"$i":"month-8","$v":"ᱵᱷᱟᱨᱫᱚᱨ"},{"$i":"month-9","$v":"ᱟᱥᱤᱱ"},{"$i":"month-10","$v":"ᱠᱟᱨᱛᱤᱠ"},{"$i":"month-11","$v":"ᱟᱜᱷᱟᱸᱲ"},{"$i":"search-header","$v":[{"t":"idOrVar","v":"provider"}," ᱥᱮᱸᱫᱨᱟ"]},{"$i":"new-private-window","$v":"ᱱᱟᱣᱟ ᱯᱨᱟᱭᱣᱮᱴ ᱣᱤᱸᱰᱳ"},{"$i":"gaia-grid-stop-download-title","$v":["ᱛᱷᱤᱨ ᱢᱮ ",{"t":"idOrVar","v":"name"}]},{"$i":"gaia-grid-stop-download-body","$v":"ᱪᱤᱫ ᱟᱢ ᱰᱟᱩᱱᱞᱳᱰ ᱞᱟᱦᱟ ᱠᱟᱱᱟᱜ ᱛᱤᱸᱜᱩ ᱥᱟᱱᱟᱭᱮᱜ ᱢᱮᱭᱟ?"},{"$i":"gaia-grid-stop-download-action","$v":"ᱛᱤᱸᱜᱩ"},{"$i":"gaia-grid-resume-download-title","$v":"ᱰᱟᱩᱱᱞᱳᱰ ᱮᱦᱚᱵ ᱫᱚᱦᱚᱲᱟ"},{"$i":"gaia-grid-resume-download-body","$v":["ᱪᱤᱫ ᱟᱢ ",{"t":"idOrVar","v":"name"}," ᱰᱟᱩᱱᱞᱳᱰ ᱥᱟᱱᱟᱭᱮᱜ ᱢᱮᱭᱟ?"]},{"$i":"gaia-grid-resume-download-action","$v":"ᱟᱹᱛᱩᱨ ᱟᱸᱲᱜᱚ"},{"$i":"gaia-grid-cancel","$v":"ᱢᱩᱪᱮᱫ"},{"$i":"gaia-grid-toggle-collapsed","ariaLabel":"ᱜᱷᱩᱥᱴᱤ ᱩᱥᱟᱨ"},{"$i":"gaia-grid-toggle-expanded","ariaLabel":"ᱜᱷᱩᱥᱴᱤ ᱜᱮᱡᱮᱨ"},{"$i":"gaia-grid-enter-group-name","$v":"ᱟᱫᱮᱨ ᱢᱮ ᱜᱩᱥᱴᱤ ᱧᱩᱛᱩᱢ"}]