[{"$i":"install-marketplace-title","$v":[{"t":"idOrVar","v":"title"}," तंसीब कर्यो"]},{"$i":"no-sites-description","$v":"हिते के बि वेब साइटों नाहिनि, शुरू करणु लाइ ॻोला बटणु दॿायो ."},{"$i":"history","$v":"इतिहास"},{"$i":"top-sites","$v":"चौथी जूनि साइटों"},{"$i":"suggestions","ariaLabel":"तजवीज़ूं"},{"$i":"contacts","ariaLabel":"राबता"},{"$i":"places","ariaLabel":"जायूं"},{"$i":"apps","ariaLabel":"ऐप"},{"$i":"suggestions-settings-notice","innerHTML":{"$o":"Search suggestions are enabled. The characters you type when entering a search are being sent to the search engine. You can disable search suggestions in the device <span id=\"settings-link\">Settings</span>."}},{"$i":"ok","$v":"ठीक"},{"$i":"search","$v":"गो॒ल्हि"},{"$i":"go","$v":"वञो"},{"$i":"options","$v":"इख़्तियारु"},{"$i":"pin","$v":"पिन"},{"$i":"unpin","$v":"अनपिन"},{"$i":"remove","$v":"सोरो"},{"$i":"cancel","$v":"मंसूख़ कर्यो"},{"$i":"add-to-home-screen","label":"होम स्क्रीन ॾांहुं शामिलु कर्यो"},{"$i":"offline-message","$v":"काई भी इन्टरनेट कनेक्शन न आहे"},{"$i":"pinnedSitesOverLimit","$v":"तवहां पिन थियल वेब साइटन जी वधि में वधि तइदादु ताईं पहुचे चका आहियो."},{"$i":"future","$v":"मुस्तक़बिलु"},{"$i":"today","$v":"अजु॒"},{"$i":"yesterday","$v":"कुल्हा"},{"$i":"last-7-days","$v":"आख़िरी7 ॾींहुं"},{"$i":"this-month","$v":"हुन महीने"},{"$i":"last-6-months","$v":"आख़िरी6 महीना"},{"$i":"older-than-6-months","$v":"6 महीननि खां पोइ"},{"$i":"month-0","$v":"जनॿीहर"},{"$i":"month-1","$v":"फ़ीबरॿीहर"},{"$i":"month-2","$v":"मार्चु"},{"$i":"month-3","$v":"अप्रेलु"},{"$i":"month-4","$v":"मुई"},{"$i":"month-5","$v":"जूनि"},{"$i":"month-6","$v":"जूलाइ"},{"$i":"month-7","$v":"आगस्टु"},{"$i":"month-8","$v":"सेप्टेम्बरु"},{"$i":"month-9","$v":"आक्टोबरु"},{"$i":"month-10","$v":"नवम्बरु"},{"$i":"month-11","$v":"डिसम्बरु"},{"$i":"search-header","$v":[{"t":"idOrVar","v":"provider"}," तलाश"]},{"$i":"new-private-window","$v":"नईं ख़ानिगी विंडो"},{"$i":"gaia-grid-stop-download-title","$v":["बंदु कर्यो ",{"t":"idOrVar","v":"name"}]},{"$i":"gaia-grid-stop-download-body","$v":"छा तवहां जारी डाओंलोद रोकणु चाहियो था?"},{"$i":"gaia-grid-stop-download-action","$v":"रोक्यो"},{"$i":"gaia-grid-resume-download-title","$v":"डाऊनलोड ॿीहर शुरू कर्यो"},{"$i":"gaia-grid-resume-download-body","$v":["छा तवहां ",{"t":"idOrVar","v":"name"}," डाऊनलोड करणु चाहियो था?"]},{"$i":"gaia-grid-resume-download-action","$v":"डाउनलोड"},{"$i":"gaia-grid-cancel","$v":"मंसूख़ कर्यो"},{"$i":"gaia-grid-toggle-collapsed","ariaLabel":"ग्रूपु फहलायो"},{"$i":"gaia-grid-toggle-expanded","ariaLabel":"ग्रूपु सकड़ायो"},{"$i":"gaia-grid-enter-group-name","$v":"हिक ग्रूपु जो नालो दाख़िलु कर्यो"}]