[{"$i":"install-marketplace-title","$v":[{"t":"idOrVar","v":"title"},"ని ఇన్‌స్టాల్ చేయి"]},{"$i":"no-sites-description","$v":"ఇక్కడ వెబ్‌సైట్‌లు ఏవీ లేవు, ప్రారంభించడానికి శోధించు బటన్‌ను నొక్కండి."},{"$i":"history","$v":"చరిత్ర"},{"$i":"top-sites","$v":"అగ్ర సైట్లు"},{"$i":"suggestions","ariaLabel":"సూచనలు"},{"$i":"contacts","ariaLabel":"పరిచయాలు"},{"$i":"places","ariaLabel":"స్థలాలు"},{"$i":"apps","ariaLabel":"యాప్‌లు"},{"$i":"suggestions-settings-notice","innerHTML":{"$o":"Search suggestions are enabled. The characters you type when entering a search are being sent to the search engine. You can disable search suggestions in the device <span id=\"settings-link\">Settings</span>."}},{"$i":"ok","$v":"సరే"},{"$i":"search","$v":"శోధించు"},{"$i":"go","$v":"వెళ్లు"},{"$i":"options","$v":"ఎంపికలు"},{"$i":"pin","$v":"పిన్"},{"$i":"unpin","$v":"అన్‌‌పిన్‌ ‌చేయి"},{"$i":"remove","$v":"తీసివేయండి"},{"$i":"cancel","$v":"రద్దు చేయి"},{"$i":"add-to-home-screen","label":"హోమ్ స్క్రీన్‌కి జోడించు"},{"$i":"offline-message","$v":"ఇంటర్నెట్ కనెక్షన్ లేదు"},{"$i":"pinnedSitesOverLimit","$v":"మీరు పిన్ చేసిన వెబ్ సైట్ల గరిష్ట సంఖ్యను చేరుకున్నారు."},{"$i":"future","$v":"భవిష్యత్తు"},{"$i":"today","$v":"ఈరోజు"},{"$i":"yesterday","$v":"నిన్న"},{"$i":"last-7-days","$v":"గత 7 రోజులు"},{"$i":"this-month","$v":"ఈ నెల"},{"$i":"last-6-months","$v":"గత 6 నెలలు"},{"$i":"older-than-6-months","$v":"6 నెలల కంటే పాతది"},{"$i":"month-0","$v":"జనవరి"},{"$i":"month-1","$v":"ఫిబ్రవరి"},{"$i":"month-2","$v":"మార్చి"},{"$i":"month-3","$v":"ఏప్రిల్"},{"$i":"month-4","$v":"మే"},{"$i":"month-5","$v":"జూన్"},{"$i":"month-6","$v":"జూలై"},{"$i":"month-7","$v":"ఆగష్టు"},{"$i":"month-8","$v":"సెప్టెంబరు"},{"$i":"month-9","$v":"అక్టోబర్"},{"$i":"month-10","$v":"నవంబర్"},{"$i":"month-11","$v":"డిసెంబర్"},{"$i":"search-header","$v":[{"t":"idOrVar","v":"provider"}," శోధన"]},{"$i":"new-private-window","$v":"కొత్త ప్రైవేట్ విండో"},{"$i":"gaia-grid-stop-download-title","$v":[{"t":"idOrVar","v":"name"}," ఆపివేయి"]},{"$i":"gaia-grid-stop-download-body","$v":"మీరు ప్రోగ్రెస్‌లో ఉన్న డౌన్‌లోడ్‌ను ఆపివేయాలనుకుంటున్నారా?"},{"$i":"gaia-grid-stop-download-action","$v":"ఆపివేయండి"},{"$i":"gaia-grid-resume-download-title","$v":"డౌన్‌లోడ్‌ను తిరిగి ప్రారంభించు"},{"$i":"gaia-grid-resume-download-body","$v":["మీరు ",{"t":"idOrVar","v":"name"},"ని డౌన్‌లోడ్ చేయాలనుకుంటున్నారా?"]},{"$i":"gaia-grid-resume-download-action","$v":"డౌన్‌లోడ్ చేయి"},{"$i":"gaia-grid-cancel","$v":"రద్దు చేయి"},{"$i":"gaia-grid-toggle-collapsed","ariaLabel":"సమూహాన్ని విస్తరించు"},{"$i":"gaia-grid-toggle-expanded","ariaLabel":"సమూహాన్ని కుదించు"},{"$i":"gaia-grid-enter-group-name","$v":"సమూహ పేరును నమోదు చేయి"}]