[{"$i":"install-marketplace-title","$v":["थिसन ",{"t":"idOrVar","v":"title"}]},{"$i":"no-sites-description","$v":"बेयाव अवेबसाइट मोनाखै, अन्नानै नागिरग्रा बटामाव थुनानै जागाय।"},{"$i":"history","$v":"जारिमिन"},{"$i":"top-sites","$v":"जौगा साइट"},{"$i":"suggestions","ariaLabel":"बोसोनफोर"},{"$i":"contacts","ariaLabel":"जगाजगफोर"},{"$i":"places","ariaLabel":"जायगाफोर"},{"$i":"apps","ariaLabel":"एपफोर"},{"$i":"suggestions-settings-notice","innerHTML":{"$o":"Search suggestions are enabled. The characters you type when entering a search are being sent to the search engine. You can disable search suggestions in the device <span id=\"settings-link\">Settings</span>."}},{"$i":"ok","$v":"जागोन"},{"$i":"search","$v":"नागिर"},{"$i":"go","$v":"थां"},{"$i":"options","$v":"राहाफोर"},{"$i":"pin","$v":"पिन"},{"$i":"unpin","$v":"पिन दाखालामि"},{"$i":"remove","$v":"बोखार"},{"$i":"cancel","$v":"दान"},{"$i":"add-to-home-screen","label":"हम स्क्रिनजों महरै दाजाब"},{"$i":"offline-message","$v":"इन्टारनेट फोनांजाबनाय गैया"},{"$i":"pinnedSitesOverLimit","$v":"नोंथाङा वेब साइटफोरखौ पिन खालामनायनि सिमा बारबाय।"},{"$i":"future","$v":"इउन"},{"$i":"today","$v":"दिनै"},{"$i":"yesterday","$v":"मैया"},{"$i":"last-7-days","$v":"थांनाय 7 सानफोराव"},{"$i":"this-month","$v":"बे दान"},{"$i":"last-6-months","$v":"थांनाय 6 दानफोर"},{"$i":"older-than-6-months","$v":"6 दाननि देरसिन"},{"$i":"month-0","$v":"जानुवारि"},{"$i":"month-1","$v":"फेब्रुवारि"},{"$i":"month-2","$v":"मार्च"},{"$i":"month-3","$v":"एप्रिल"},{"$i":"month-4","$v":"मे"},{"$i":"month-5","$v":"जुन"},{"$i":"month-6","$v":"जुलाइ"},{"$i":"month-7","$v":"आगष्ट"},{"$i":"month-8","$v":"सेप्तेम्बार"},{"$i":"month-9","$v":"अक्ट'बर"},{"$i":"month-10","$v":"नभेमबर"},{"$i":"month-11","$v":"दिसेम्बार"},{"$i":"search-header","$v":[{"t":"idOrVar","v":"provider"}," नागिर"]},{"$i":"new-private-window","$v":"गोदान गावारि उइनद'"},{"$i":"gaia-grid-stop-download-title","$v":[{"t":"idOrVar","v":"name"}," दोनथ'"]},{"$i":"gaia-grid-stop-download-body","$v":"डाउनलड जागासिनो थानायखौ नोंथाङा बन्द' खालामनो लुबैयो नामा?"},{"$i":"gaia-grid-stop-download-action","$v":"थाबथाहो"},{"$i":"gaia-grid-resume-download-title","$v":"डाउनलड खालामनो जागायफिन"},{"$i":"gaia-grid-resume-download-body","$v":["नोंथाङा ",{"t":"idOrVar","v":"name"}," खौ डाउनलड खालामनो नामा?"]},{"$i":"gaia-grid-resume-download-action","$v":"डाउनलड"},{"$i":"gaia-grid-cancel","$v":"दान"},{"$i":"gaia-grid-toggle-collapsed","ariaLabel":"हान्जा फुवार"},{"$i":"gaia-grid-toggle-expanded","ariaLabel":"हान्जा सेफाय"},{"$i":"gaia-grid-enter-group-name","$v":"मोनसे हान्जानि मुं सो"}]