[{"$i":"install-marketplace-title","$v":[{"t":"idOrVar","v":"title"}," نصب کریں"]},{"$i":"no-sites-description","$v":"یہاں کوئی ویب سائٹس نہیں ہے، شروع کرنے کیلئے تلاش کریں بٹن کو دبائيں۔"},{"$i":"history","$v":"ہسٹری"},{"$i":"top-sites","$v":"اعلی سائٹس"},{"$i":"suggestions","ariaLabel":"تجاویز"},{"$i":"contacts","ariaLabel":"رابطے"},{"$i":"places","ariaLabel":"مقامات"},{"$i":"apps","ariaLabel":"ایپس"},{"$i":"suggestions-settings-notice","innerHTML":{"$o":"Search suggestions are enabled. The characters you type when entering a search are being sent to the search engine. You can disable search suggestions in the device <span id=\"settings-link\">Settings</span>."}},{"$i":"ok","$v":"ٹھیک ہے"},{"$i":"search","$v":"تلاش"},{"$i":"go","$v":"جائیں"},{"$i":"options","$v":"اختیارات"},{"$i":"pin","$v":"پن"},{"$i":"unpin","$v":"پن ہٹائیں"},{"$i":"remove","$v":"ہٹائیں"},{"$i":"cancel","$v":"منسوخ کریں"},{"$i":"add-to-home-screen","label":"ہوم سکرین میں شامل کریں"},{"$i":"offline-message","$v":"کوئی انٹرنیٹ کنیکشن نہیں"},{"$i":"pinnedSitesOverLimit","$v":"آپ پن کردہ ویب سائٹس کی زیادہ سے زیادہ تعداد تک پہنچ گئے ہیں۔"},{"$i":"future","$v":"مستقبل"},{"$i":"today","$v":"آج"},{"$i":"yesterday","$v":"گزشتہ کل"},{"$i":"last-7-days","$v":"آخری 7 دن"},{"$i":"this-month","$v":"اس ماہ"},{"$i":"last-6-months","$v":"آخری 6 مہینے"},{"$i":"older-than-6-months","$v":"6 ماہ سے پرانا"},{"$i":"month-0","$v":"جنوری"},{"$i":"month-1","$v":"فروری"},{"$i":"month-2","$v":"مارچ"},{"$i":"month-3","$v":"اپریل"},{"$i":"month-4","$v":"مئی"},{"$i":"month-5","$v":"جون"},{"$i":"month-6","$v":"جولائی"},{"$i":"month-7","$v":"اگست"},{"$i":"month-8","$v":"ستمبر"},{"$i":"month-9","$v":"اکتوبر"},{"$i":"month-10","$v":"نومبر"},{"$i":"month-11","$v":"دسمبر"},{"$i":"search-header","$v":[{"t":"idOrVar","v":"provider"}," تلاش"]},{"$i":"new-private-window","$v":"نئی نجی ونڈو"},{"$i":"gaia-grid-stop-download-title","$v":[{"t":"idOrVar","v":"name"}," روکیں"]},{"$i":"gaia-grid-stop-download-body","$v":"کیا آپ پیش رفت ڈاؤن لوڈ کو روکنا چاہتے ہیں؟"},{"$i":"gaia-grid-stop-download-action","$v":"روکیں"},{"$i":"gaia-grid-resume-download-title","$v":"ڈاؤن لوڈ دوبارہ شروع کریں"},{"$i":"gaia-grid-resume-download-body","$v":["کیا آپ ",{"t":"idOrVar","v":"name"}," ڈاؤن لوڈ کرنا چاہتے ہیں؟"]},{"$i":"gaia-grid-resume-download-action","$v":"ڈاؤن لوڈ کریں"},{"$i":"gaia-grid-cancel","$v":"منسوخ کریں"},{"$i":"gaia-grid-toggle-collapsed","ariaLabel":"گروپ کی توسیع کریں"},{"$i":"gaia-grid-toggle-expanded","ariaLabel":"گروپ منہدم کریں"},{"$i":"gaia-grid-enter-group-name","$v":"گروپ کا نام درج کریں"}]