[{"$i":"notes","$v":"টোকা"},{"$i":"new","$v":"নতুন"},{"$i":"enter","$v":"লিখক"},{"$i":"edit","$v":"সম্পাদনা কৰক"},{"$i":"select","$v":"বাছনি কৰক"},{"$i":"delete","$v":"বিলোপ কৰক"},{"$i":"share","$v":"শ্বেয়াৰ কৰক"},{"$i":"search","$v":"অনুসন্ধান কৰক"},{"$i":"sort-by","$v":"অনুসৰি ক্ৰমবন্ধ কৰক"},{"$i":"done","$v":"কৰা হল"},{"$i":"note-deleted","$v":"নোট বিলোপ কৰা হ’ল"},{"$i":"delete-confirm","$v":"নিশ্চিতিকৰণ"},{"$i":"share-by-mail","$v":"ইমেইল"},{"$i":"share-by-sms","$v":"বাৰ্তাসমূহ"},{"$i":"share-by-bluetooth","$v":"ব্লুটুথ"},{"$i":"sort-by-date-edited","$v":"সম্পাদিত তাৰিখ"},{"$i":"sort-by-date-created","$v":"বনোৱা তাৰিখ"},{"$i":"sort-by-title","$v":"শিৰোনামা"},{"$i":"cancel","$v":"বাতিল কৰক"},{"$i":"options","$v":"বিকল্পসমূহ"},{"$i":"save","$v":"ছেভ কৰক"},{"$i":"discard","$v":"আতৰাওঁক"},{"$i":"no-notes","$v":"নোট খালী, অনুগ্ৰহ কৰি এটা নতুন নোট যোগ কৰিবলৈ নতুনত টিপক"},{"$i":"search-message","$v":"অনুগ্ৰহ কৰি মূল শব্দবোৰ লিখক"},{"$i":"full-storage-title","$v":"ষ্টোৰেজ পূৰ্ণ"},{"$i":"full-storage-content","$v":"অধিক মুকলি স্থান পাবলৈ আপুনি কিছু মিডিয়া ফাইল বিলোপ কৰিব পাৰে বা এপ্লিকেশ্বন ডাটা নিয়ন্ত্ৰণ কৰিব পাৰে"},{"$i":"go-to-settings","$v":"ছেটিংছলৈ যাওক"},{"$i":"deleteNote","$v":"নোটটো বিলোপ কৰিব ?"},{"$i":"sortby-editTime","$v":"সম্পাদিত তাৰিখদ্বাৰা সজোৱা হৈছে"},{"$i":"sortby-createTime","$v":"বনোৱা তাৰিখৰদ্বাৰা সজোৱা হৈছে"},{"$i":"sortby-title","$v":"শিৰোনামাৰদ্বাৰা ক্ৰমবদ্ধ"},{"$i":"confirmation-title","$v":"নিশ্চিতিকৰণ"},{"$i":"cancel-confirmation-content","$v":"অন্তিম সম্পাদনা অগ্ৰাহ্য কৰা হ’ব । আপুনি এই নোটটো চেভ কৰিবলৈ বিচাৰেনে ?"},{"$i":"today","$v":"আজি"},{"$i":"yesterday","$v":"যোৱাকালি"},{"$i":"weekday-0-long","$v":"দেওবাৰ"},{"$i":"weekday-1-long","$v":"সোমবাৰ"},{"$i":"weekday-2-long","$v":"মঙ্গলবাৰ"},{"$i":"weekday-3-long","$v":"বুধবাৰ"},{"$i":"weekday-4-long","$v":"বৃহস্পতিবাৰ"},{"$i":"weekday-5-long","$v":"শুক্ৰবাৰ"},{"$i":"weekday-6-long","$v":"শনিবাৰ"},{"$i":"weekday-0-short","$v":"দেও"},{"$i":"weekday-1-short","$v":"সোম"},{"$i":"weekday-2-short","$v":"মঙ্গল"},{"$i":"weekday-3-short","$v":"বুধ"},{"$i":"weekday-4-short","$v":"বৃহস্পতি"},{"$i":"weekday-5-short","$v":"শুক্ৰ"},{"$i":"weekday-6-short","$v":"শনি"},{"$i":"month-0-long","$v":"জানুৱাৰী"},{"$i":"month-1-long","$v":"ফেব্ৰুৱাৰী"},{"$i":"month-2-long","$v":"মাৰ্চ"},{"$i":"month-3-long","$v":"এপ্ৰিল"},{"$i":"month-4-long","$v":"মে"},{"$i":"month-5-long","$v":"জুন"},{"$i":"month-6-long","$v":"জুলাই"},{"$i":"month-7-long","$v":"আগষ্ট"},{"$i":"month-8-long","$v":"ছেপ্টেম্বৰ"},{"$i":"month-9-long","$v":"অক্টোবৰ"},{"$i":"month-10-long","$v":"নৱেম্বৰ"},{"$i":"month-11-long","$v":"ডিচেম্বৰ"},{"$i":"month-0-genitive","$v":"জানুৱাৰী"},{"$i":"month-1-genitive","$v":"ফেব্ৰুৱাৰী"},{"$i":"month-2-genitive","$v":"মাৰ্চ"},{"$i":"month-3-genitive","$v":"এপ্ৰিল"},{"$i":"month-4-genitive","$v":"মে"},{"$i":"month-5-genitive","$v":"জুন"},{"$i":"month-6-genitive","$v":"জুলাই"},{"$i":"month-7-genitive","$v":"আগষ্ট"},{"$i":"month-8-genitive","$v":"ছেপ্টেম্বৰ"},{"$i":"month-9-genitive","$v":"অক্টোবৰ"},{"$i":"month-10-genitive","$v":"নৱেম্বৰ"},{"$i":"month-11-genitive","$v":"ডিচেম্বৰ"},{"$i":"month-0-short","$v":"জানুৱাৰী"},{"$i":"month-1-short","$v":"ফেব্ৰুৱাৰী"},{"$i":"month-2-short","$v":"মাৰ্চ"},{"$i":"month-3-short","$v":"এপ্ৰিল"},{"$i":"month-4-short","$v":"মে"},{"$i":"month-5-short","$v":"জুন"},{"$i":"month-6-short","$v":"জুলাই"},{"$i":"month-7-short","$v":"আগষ্ট"},{"$i":"month-8-short","$v":"ছেপ্টেম্বৰ"},{"$i":"month-9-short","$v":"অক্টোবৰ"},{"$i":"month-10-short","$v":"নৱেম্বৰ"},{"$i":"month-11-short","$v":"ডিচেম্বৰ"},{"$i":"minutes-ago-long","$v":{"zero":"এইমাত্ৰ","one":"এক মিনিট আগতে","two":[{"t":"idOrVar","v":"value"}," মিনিট আগত"],"few":[{"t":"idOrVar","v":"value"}," মিনিট আগত"],"many":[{"t":"idOrVar","v":"value"}," মিনিট আগত"],"other":[{"t":"idOrVar","v":"value"}," মিনিট আগত"]},"$x":[{"t":"idOrVar","v":"plural"},"value"]},{"$i":"hours-ago-long","$v":{"zero":"এইমাত্ৰ","one":"এঘণ্টা আগতে","two":[{"t":"idOrVar","v":"value"}," ঘণ্টা আগত"],"few":[{"t":"idOrVar","v":"value"}," ঘণ্টা আগত"],"many":[{"t":"idOrVar","v":"value"}," ঘণ্টা আগত"],"other":[{"t":"idOrVar","v":"value"}," ঘণ্টা আগত"]},"$x":[{"t":"idOrVar","v":"plural"},"value"]},{"$i":"days-ago-long","$v":{"zero":"আজি","one":"যোৱাকালি","two":[{"t":"idOrVar","v":"value"}," দিন আগত"],"few":[{"t":"idOrVar","v":"value"}," দিন আগত"],"many":[{"t":"idOrVar","v":"value"}," দিন আগত"],"other":[{"t":"idOrVar","v":"value"}," দিন আগত"]},"$x":[{"t":"idOrVar","v":"plural"},"value"]},{"$i":"weeks-ago-long","$v":{"zero":"এইটো সপ্তাহ","one":"যোৱা সপ্তাহ","two":[{"t":"idOrVar","v":"value"}," সপ্তাহ আগত"],"few":[{"t":"idOrVar","v":"value"}," সপ্তাহ আগত"],"many":[{"t":"idOrVar","v":"value"}," সপ্তাহ আগত"],"other":[{"t":"idOrVar","v":"value"}," সপ্তাহ আগত"]},"$x":[{"t":"idOrVar","v":"plural"},"value"]},{"$i":"months-ago-long","$v":{"zero":"এইটো মাহ","one":"যোৱা মাহ","two":[{"t":"idOrVar","v":"value"}," মাহ আগত"],"few":[{"t":"idOrVar","v":"value"}," মাহ আগত"],"many":[{"t":"idOrVar","v":"value"}," মাহ আগত"],"other":[{"t":"idOrVar","v":"value"}," মাহ আগত"]},"$x":[{"t":"idOrVar","v":"plural"},"value"]},{"$i":"years-ago-long","$v":{"zero":"এইটো বছৰ","one":"যোৱা বছৰ","two":[{"t":"idOrVar","v":"value"}," বছৰ আগত"],"few":[{"t":"idOrVar","v":"value"}," বছৰ আগত"],"many":[{"t":"idOrVar","v":"value"}," বছৰ আগত"],"other":[{"t":"idOrVar","v":"value"}," বছৰ আগত"]},"$x":[{"t":"idOrVar","v":"plural"},"value"]},{"$i":"minutes-until-long","$v":{"zero":"এতিয়া","one":"এক মিনিটত","two":[{"t":"idOrVar","v":"value"}," মিনিটত"],"few":[{"t":"idOrVar","v":"value"}," মিনিটত"],"many":[{"t":"idOrVar","v":"value"}," মিনিটত"],"other":[{"t":"idOrVar","v":"value"}," মিনিটত"]},"$x":[{"t":"idOrVar","v":"plural"},"value"]},{"$i":"hours-until-long","$v":{"zero":"এতিয়া","one":"এক ঘণ্টাত","two":[{"t":"idOrVar","v":"value"}," ঘণ্টাত"],"few":[{"t":"idOrVar","v":"value"}," ঘণ্টাত"],"many":[{"t":"idOrVar","v":"value"}," ঘণ্টাত"],"other":[{"t":"idOrVar","v":"value"}," ঘণ্টাত"]},"$x":[{"t":"idOrVar","v":"plural"},"value"]},{"$i":"days-until-long","$v":{"zero":"আজি","one":"অহাকলি","two":[{"t":"idOrVar","v":"value"}," দিনত"],"few":[{"t":"idOrVar","v":"value"}," দিনত"],"many":[{"t":"idOrVar","v":"value"}," দিনত"],"other":[{"t":"idOrVar","v":"value"}," দিনত"]},"$x":[{"t":"idOrVar","v":"plural"},"value"]},{"$i":"weeks-until-long","$v":{"zero":"এইটো সপ্তাহ","one":"পৰৱৰ্তী সপ্তাহ","two":[{"t":"idOrVar","v":"value"}," সপ্তাহত"],"few":[{"t":"idOrVar","v":"value"}," সপ্তাহত"],"many":[{"t":"idOrVar","v":"value"}," সপ্তাহত"],"other":[{"t":"idOrVar","v":"value"}," সপ্তাহত"]},"$x":[{"t":"idOrVar","v":"plural"},"value"]},{"$i":"months-until-long","$v":{"zero":"এইটো মাহ","one":"পৰৱৰ্তী মাহ","two":[{"t":"idOrVar","v":"value"}," মাহত"],"few":[{"t":"idOrVar","v":"value"}," মাহত"],"many":[{"t":"idOrVar","v":"value"}," মাহত"],"other":[{"t":"idOrVar","v":"value"}," মাহত"]},"$x":[{"t":"idOrVar","v":"plural"},"value"]},{"$i":"years-until-long","$v":{"zero":"এইটো বছৰ","one":"পৰৱৰ্তী বছৰ","two":[{"t":"idOrVar","v":"value"}," বছৰত"],"few":[{"t":"idOrVar","v":"value"}," বছৰত"],"many":[{"t":"idOrVar","v":"value"}," বছৰত"],"other":[{"t":"idOrVar","v":"value"}," বছৰত"]},"$x":[{"t":"idOrVar","v":"plural"},"value"]},{"$i":"minutes-ago-short","$v":{"zero":"এইমাত্ৰ","other":[{"t":"idOrVar","v":"value"}," মিনিট আগত"]},"$x":[{"t":"idOrVar","v":"plural"},"value"]},{"$i":"hours-ago-short","$v":{"zero":"এইমাত্ৰ","other":[{"t":"idOrVar","v":"value"}," ঘণ্টা আগত"]},"$x":[{"t":"idOrVar","v":"plural"},"value"]},{"$i":"days-ago-short","$v":{"zero":"আজি","other":[{"t":"idOrVar","v":"value"}," দিন আগত"]},"$x":[{"t":"idOrVar","v":"plural"},"value"]},{"$i":"minutes-until-short","$v":{"zero":"এতিয়া","other":[{"t":"idOrVar","v":"value"}," মিনিটত"]},"$x":[{"t":"idOrVar","v":"plural"},"value"]},{"$i":"hours-until-short","$v":{"zero":"এতিয়া","other":[{"t":"idOrVar","v":"value"}," ঘণ্টাত"]},"$x":[{"t":"idOrVar","v":"plural"},"value"]},{"$i":"days-until-short","$v":{"zero":"আজি","other":[{"t":"idOrVar","v":"value"}," দিনত"]},"$x":[{"t":"idOrVar","v":"plural"},"value"]},{"$i":"incorrectDate","$v":"(অশুদ্ধ তাৰিখ)"},{"$i":"dateTimeFormat_%c","$v":"%a %b %e %Y %I:%M:%S %p"},{"$i":"dateTimeFormat_%x","$v":"%m/%d/%Y"},{"$i":"dateTimeFormat_%X","$v":"%I:%M:%S %p"},{"$i":"shortTimeFormat","$v":"%I:%M %p"},{"$i":"shortTimeFormat12","$v":"%I:%M %p"},{"$i":"shortTimeFormat24","$v":"%H:%M"},{"$i":"shortDateTimeFormat","$v":"%x %I:%M %p"},{"$i":"weekStartsOnMonday","$v":"0"},{"$i":"firstDayOfTheWeek","$v":"0"},{"$i":"time_am","$v":"AM"},{"$i":"time_pm","$v":"PM"}]