[{"$i":"notes","$v":"नोट"},{"$i":"new","$v":"नमां"},{"$i":"enter","$v":"Enter"},{"$i":"edit","$v":"एडिट"},{"$i":"select","$v":"चुनो"},{"$i":"delete","$v":"हटाना"},{"$i":"share","$v":"साझा करो"},{"$i":"search","$v":"तपाश"},{"$i":"sort-by","$v":"इसदे अनुसार क्रमबद्ध करो"},{"$i":"done","$v":"होई गेआ"},{"$i":"note-deleted","$v":"नोट डिलीट कीता गेआ।"},{"$i":"delete-confirm","$v":"पुश्टिकरण"},{"$i":"share-by-mail","$v":"ईमेल"},{"$i":"share-by-sms","$v":"सनेह्"},{"$i":"share-by-bluetooth","$v":"ब्लूटुथ"},{"$i":"sort-by-date-edited","$v":"तरीक संपादत कीती गेई"},{"$i":"sort-by-date-created","$v":"तरीक बनाई गेई"},{"$i":"sort-by-title","$v":"शीर्षक"},{"$i":"cancel","$v":"रद्द करो"},{"$i":"options","$v":"विकल्प"},{"$i":"save","$v":"बचाओ"},{"$i":"discard","$v":"रद्द"},{"$i":"no-notes","$v":"नोट खाली ऐ, किरपा करियै नमां नोट जोड़ने लेई नमां दबाओ।"},{"$i":"search-message","$v":"किरपा करियै कुंजीशब्द दर्ज करो।"},{"$i":"full-storage-title","$v":"स्टोरज भरोची दी ऐ"},{"$i":"full-storage-content","$v":"होर मती खाली स्पेस हासल करने लेई तुस किश मीडिया फाइलां जां प्रबंधक एप्लिकेशन डेटा डिलीट करी सकदे ओ।"},{"$i":"go-to-settings","$v":"सेटिंगें च जाओ"},{"$i":"deleteNote","$v":"नोट डिलीट करो?"},{"$i":"sortby-editTime","$v":"तरीक संपादत आसेआ क्रमबद्ध।"},{"$i":"sortby-createTime","$v":"बनाई गेई तरीक आसेआ क्रमबद्ध।"},{"$i":"sortby-title","$v":"शीर्शक आसेआ क्रमबद्ध।"},{"$i":"confirmation-title","$v":"पुश्टिकरण"},{"$i":"cancel-confirmation-content","$v":"अंतम संपादन बर्खास्त करी दित्ता जाह्​ग। क्या तुस इस नोट गी सहेजना चाह्​गेओ?"},{"$i":"today","$v":"अज्ज"},{"$i":"yesterday","$v":"कल"},{"$i":"weekday-0-long","$v":"ऐतवार"},{"$i":"weekday-1-long","$v":"सोमवार"},{"$i":"weekday-2-long","$v":"मंगलवार"},{"$i":"weekday-3-long","$v":"बुधवार"},{"$i":"weekday-4-long","$v":"बीरवार"},{"$i":"weekday-5-long","$v":"शुक्रवार"},{"$i":"weekday-6-long","$v":"शनिवार"},{"$i":"weekday-0-short","$v":"ऐत"},{"$i":"weekday-1-short","$v":"सोम"},{"$i":"weekday-2-short","$v":"मंगल"},{"$i":"weekday-3-short","$v":"वेब"},{"$i":"weekday-4-short","$v":"वीर"},{"$i":"weekday-5-short","$v":"शुक्र"},{"$i":"weekday-6-short","$v":"शनि"},{"$i":"month-0-long","$v":"जनवरी"},{"$i":"month-1-long","$v":"फरवरी"},{"$i":"month-2-long","$v":"मार्च"},{"$i":"month-3-long","$v":"अप्रैल"},{"$i":"month-4-long","$v":"मई"},{"$i":"month-5-long","$v":"जून"},{"$i":"month-6-long","$v":"जुलाई"},{"$i":"month-7-long","$v":"अगस्त"},{"$i":"month-8-long","$v":"सितंबर"},{"$i":"month-9-long","$v":"अक्टूबर"},{"$i":"month-10-long","$v":"नवंबर"},{"$i":"month-11-long","$v":"दिसंबर"},{"$i":"month-0-genitive","$v":"जनवरी"},{"$i":"month-1-genitive","$v":"फरवरी"},{"$i":"month-2-genitive","$v":"मार्च"},{"$i":"month-3-genitive","$v":"अप्रैल"},{"$i":"month-4-genitive","$v":"मई"},{"$i":"month-5-genitive","$v":"जून"},{"$i":"month-6-genitive","$v":"जुलाई"},{"$i":"month-7-genitive","$v":"अगस्त"},{"$i":"month-8-genitive","$v":"सितंबर"},{"$i":"month-9-genitive","$v":"अक्टूबर"},{"$i":"month-10-genitive","$v":"नवंबर"},{"$i":"month-11-genitive","$v":"दिसंबर"},{"$i":"month-0-short","$v":"जनवरी"},{"$i":"month-1-short","$v":"फरवरी"},{"$i":"month-2-short","$v":"मार्च"},{"$i":"month-3-short","$v":"अप्रैल"},{"$i":"month-4-short","$v":"मई"},{"$i":"month-5-short","$v":"जून"},{"$i":"month-6-short","$v":"जुलाई"},{"$i":"month-7-short","$v":"अगस्त"},{"$i":"month-8-short","$v":"सितम्बर"},{"$i":"month-9-short","$v":"अक्टूबर"},{"$i":"month-10-short","$v":"नवंबर"},{"$i":"month-11-short","$v":"दिसंबर"},{"$i":"minutes-ago-long","$v":{"zero":"हूनै","one":"इक मिनट पैह्‌ले","two":[{"t":"idOrVar","v":"value"}," मिनट पैह्‌ले"],"few":[{"t":"idOrVar","v":"value"}," मिनट पैह्‌ले"],"many":[{"t":"idOrVar","v":"value"}," मिनट पैह्‌ले"],"other":[{"t":"idOrVar","v":"value"}," मिनट पैह्‌ले"]},"$x":[{"t":"idOrVar","v":"plural"},"value"]},{"$i":"hours-ago-long","$v":{"zero":"हूनै","one":"इक घैंटा पैह्‌ले","two":[{"t":"idOrVar","v":"value"}," घैंटे पैह्‌ले"],"few":[{"t":"idOrVar","v":"value"}," घैंटे पैह्‌ले"],"many":[{"t":"idOrVar","v":"value"}," घैंटे पैह्‌ले"],"other":[{"t":"idOrVar","v":"value"}," घैंटे पैह्‌ले"]},"$x":[{"t":"idOrVar","v":"plural"},"value"]},{"$i":"days-ago-long","$v":{"zero":"अज्ज","one":"कल","two":[{"t":"idOrVar","v":"value"}," दिन पैह्‌ले"],"few":[{"t":"idOrVar","v":"value"}," दिन पैह्‌ले"],"many":[{"t":"idOrVar","v":"value"}," दिन पैह्‌ले"],"other":[{"t":"idOrVar","v":"value"}," दिन पैह्‌ले"]},"$x":[{"t":"idOrVar","v":"plural"},"value"]},{"$i":"weeks-ago-long","$v":{"zero":"इस हफ्ते","one":"पिछले हफ्ते","two":[{"t":"idOrVar","v":"value"}," हफ्ते पैह्‌ले"],"few":[{"t":"idOrVar","v":"value"}," हफ्ते पैह्‌ले"],"many":[{"t":"idOrVar","v":"value"}," हफ्ते पैह्‌ले"],"other":[{"t":"idOrVar","v":"value"}," हफ्ते पैह्‌ले"]},"$x":[{"t":"idOrVar","v":"plural"},"value"]},{"$i":"months-ago-long","$v":{"zero":"इस म्हीने","one":"पिछले म्हीने","two":[{"t":"idOrVar","v":"value"}," म्हीने पैह्‌ले"],"few":[{"t":"idOrVar","v":"value"}," म्हीने पैह्‌ले"],"many":[{"t":"idOrVar","v":"value"}," म्हीने पैह्‌ले"],"other":[{"t":"idOrVar","v":"value"}," म्हीने पैह्‌ले"]},"$x":[{"t":"idOrVar","v":"plural"},"value"]},{"$i":"years-ago-long","$v":{"zero":"इस ब'रे","one":"पिछले ब'रे","two":[{"t":"idOrVar","v":"value"}," ब'रे पैह्‌ले"],"few":[{"t":"idOrVar","v":"value"}," ब'रे पैह्‌ले"],"many":[{"t":"idOrVar","v":"value"}," ब'रे पैह्‌ले"],"other":[{"t":"idOrVar","v":"value"}," ब'रे पैह्‌ले"]},"$x":[{"t":"idOrVar","v":"plural"},"value"]},{"$i":"minutes-until-long","$v":{"zero":"हून","one":"इक मिनट च","two":[{"t":"idOrVar","v":"value"}," मिनटें च"],"few":[{"t":"idOrVar","v":"value"}," मिनटें च"],"many":[{"t":"idOrVar","v":"value"}," मिनटें च"],"other":[{"t":"idOrVar","v":"value"}," मिनटें च"]},"$x":[{"t":"idOrVar","v":"plural"},"value"]},{"$i":"hours-until-long","$v":{"zero":"हून","one":"इक घैंटे च","two":[{"t":"idOrVar","v":"value"}," घैंटें च"],"few":[{"t":"idOrVar","v":"value"}," घैंटें च"],"many":[{"t":"idOrVar","v":"value"}," घैंटें च"],"other":[{"t":"idOrVar","v":"value"}," घैंटें च"]},"$x":[{"t":"idOrVar","v":"plural"},"value"]},{"$i":"days-until-long","$v":{"zero":"अज्ज","one":"कल","two":[{"t":"idOrVar","v":"value"}," दिनें च"],"few":[{"t":"idOrVar","v":"value"}," दिनें च"],"many":[{"t":"idOrVar","v":"value"}," दिनें च"],"other":[{"t":"idOrVar","v":"value"}," दिनें च"]},"$x":[{"t":"idOrVar","v":"plural"},"value"]},{"$i":"weeks-until-long","$v":{"zero":"इस हफ्ते","one":"अगले हफ्ते","two":[{"t":"idOrVar","v":"value"},"हफ्तें च"],"few":[{"t":"idOrVar","v":"value"},"हफ्तें च"],"many":[{"t":"idOrVar","v":"value"},"हफ्तें च"],"other":[{"t":"idOrVar","v":"value"},"हफ्तें च"]},"$x":[{"t":"idOrVar","v":"plural"},"value"]},{"$i":"months-until-long","$v":{"zero":"इस म्हीने","one":"अगले म्हीने","two":[{"t":"idOrVar","v":"value"}," म्हीनें च"],"few":[{"t":"idOrVar","v":"value"}," म्हीनें च"],"many":[{"t":"idOrVar","v":"value"}," म्हीनें च"],"other":[{"t":"idOrVar","v":"value"}," म्हीनें च"]},"$x":[{"t":"idOrVar","v":"plural"},"value"]},{"$i":"years-until-long","$v":{"zero":"इस ब'रे","one":"अगले ब'रे","two":[{"t":"idOrVar","v":"value"},"ब'रें च"],"few":[{"t":"idOrVar","v":"value"},"ब'रें च"],"many":[{"t":"idOrVar","v":"value"},"ब'रें च"],"other":[{"t":"idOrVar","v":"value"},"ब'रें च"]},"$x":[{"t":"idOrVar","v":"plural"},"value"]},{"$i":"minutes-ago-short","$v":{"zero":"हूनै","other":[{"t":"idOrVar","v":"value"}," मिनट पैह्‌ले"]},"$x":[{"t":"idOrVar","v":"plural"},"value"]},{"$i":"hours-ago-short","$v":{"zero":"हूनै","other":[{"t":"idOrVar","v":"value"}," घैंटे पैह्‌ले"]},"$x":[{"t":"idOrVar","v":"plural"},"value"]},{"$i":"days-ago-short","$v":{"zero":"अज्ज","other":[{"t":"idOrVar","v":"value"}," दिन पैह्‌ले"]},"$x":[{"t":"idOrVar","v":"plural"},"value"]},{"$i":"minutes-until-short","$v":{"zero":"हून","other":[{"t":"idOrVar","v":"value"},"मिनटें च"]},"$x":[{"t":"idOrVar","v":"plural"},"value"]},{"$i":"hours-until-short","$v":{"zero":"हून","other":[{"t":"idOrVar","v":"value"}," घैंटें च"]},"$x":[{"t":"idOrVar","v":"plural"},"value"]},{"$i":"days-until-short","$v":{"zero":"अज्ज","other":[{"t":"idOrVar","v":"value"},"दिनें च"]},"$x":[{"t":"idOrVar","v":"plural"},"value"]},{"$i":"incorrectDate","$v":"(गलत तरीक)"},{"$i":"dateTimeFormat_%c","$v":"%a %b %e %Y %I:%M:%S %p"},{"$i":"dateTimeFormat_%x","$v":"%m/%d/%Y"},{"$i":"dateTimeFormat_%X","$v":"%I:%M:%S %p"},{"$i":"shortTimeFormat","$v":"%I:%M %p"},{"$i":"shortTimeFormat12","$v":"%I:%M %p"},{"$i":"shortTimeFormat24","$v":"%H:%M"},{"$i":"shortDateTimeFormat","$v":"%x %I:%M %p"},{"$i":"weekStartsOnMonday","$v":"0"},{"$i":"firstDayOfTheWeek","$v":"0"},{"$i":"time_am","$v":"AM"},{"$i":"time_pm","$v":"PM"}]