[{"$i":"notes","$v":"નોંધ"},{"$i":"new","$v":"નવું"},{"$i":"enter","$v":"દાખલ કરો"},{"$i":"edit","$v":"સંપાદિત કરો"},{"$i":"select","$v":"પસંદ કરો"},{"$i":"delete","$v":"કાઢો"},{"$i":"share","$v":"શેઅર કરો"},{"$i":"search","$v":"શોધો"},{"$i":"sort-by","$v":"ના દ્વારા ગોઠવો"},{"$i":"done","$v":"થઈ ગયું"},{"$i":"note-deleted","$v":"નોટ દૂર કરેલ છે"},{"$i":"delete-confirm","$v":"ખાતરી"},{"$i":"share-by-mail","$v":"ઈમેઈલ"},{"$i":"share-by-sms","$v":"સંદેશ"},{"$i":"share-by-bluetooth","$v":"બ્લૂટૂથ"},{"$i":"sort-by-date-edited","$v":"સંપાદિત કરેલ તારીખ"},{"$i":"sort-by-date-created","$v":"બનાવેલ તારીખ"},{"$i":"sort-by-title","$v":"શીર્ષક"},{"$i":"cancel","$v":"રદ કરો"},{"$i":"options","$v":"વિકલ્પ"},{"$i":"save","$v":"સેવ કરો"},{"$i":"discard","$v":"દુર કરો"},{"$i":"no-notes","$v":"નોટ ખાલી છે,કૃપા કરી નવી નોટ ઉમેરવા માટે ન્યુ પ્રેસ કરો"},{"$i":"search-message","$v":"કૃપા કરી કીવર્ડસ દાખલ કરો."},{"$i":"full-storage-title","$v":"સ્ટોરેજ ફૂલ"},{"$i":"full-storage-content","$v":"વધુ ખાલી જગ્યા મેળવવા માટે તમે અમુક મીડિયા ફાઇલો કાઢી શકો છો અથવા એપ્લિકેશન ડેટાને સંચાલિત કરી શકો છો."},{"$i":"go-to-settings","$v":"સેટિંગ્સ પર જાઓ"},{"$i":"deleteNote","$v":"નોટ દૂર કરવી છે?"},{"$i":"sortby-editTime","$v":"સંપાદીત કરેલ તારીખ દ્વારા સૉર્ટ કરેલ"},{"$i":"sortby-createTime","$v":"બનાવાયેલ તારીખ દ્વારા સૉર્ટ કરેલ"},{"$i":"sortby-title","$v":"ટાઇટલ દ્વારા સૉર્ટ કરેલ"},{"$i":"confirmation-title","$v":"ખાતરી"},{"$i":"cancel-confirmation-content","$v":"છેલ્લે એડિટ કરેલ રદ કરવામાં આવશે. શું તમે આ નોટ સેવ કરવા માંગો છો?"},{"$i":"today","$v":"આજે"},{"$i":"yesterday","$v":"ગઈકાલ"},{"$i":"weekday-0-long","$v":"રવિવાર"},{"$i":"weekday-1-long","$v":"સોમવાર"},{"$i":"weekday-2-long","$v":"મંગળવાર"},{"$i":"weekday-3-long","$v":"બુધવાર"},{"$i":"weekday-4-long","$v":"ગુરૂવાર"},{"$i":"weekday-5-long","$v":"શુક્રવાર"},{"$i":"weekday-6-long","$v":"શનિવાર"},{"$i":"weekday-0-short","$v":"રવિ"},{"$i":"weekday-1-short","$v":"સોમ"},{"$i":"weekday-2-short","$v":"મંગળ"},{"$i":"weekday-3-short","$v":"બુધ"},{"$i":"weekday-4-short","$v":"ગુરુ"},{"$i":"weekday-5-short","$v":"શુક્રવાર"},{"$i":"weekday-6-short","$v":"શનિ"},{"$i":"month-0-long","$v":"જાન્યુઆરી"},{"$i":"month-1-long","$v":"ફેબ્રુઆરી"},{"$i":"month-2-long","$v":"માર્ચ"},{"$i":"month-3-long","$v":"એપ્રિલ"},{"$i":"month-4-long","$v":"મે"},{"$i":"month-5-long","$v":"જૂન"},{"$i":"month-6-long","$v":"જુલાઈ"},{"$i":"month-7-long","$v":"ઓગસ્ટ"},{"$i":"month-8-long","$v":"સપ્ટેમ્બર"},{"$i":"month-9-long","$v":"ઓક્ટોબર"},{"$i":"month-10-long","$v":"નવેમ્બર"},{"$i":"month-11-long","$v":"ડિસેમ્બર"},{"$i":"month-0-genitive","$v":"જાન્યુઆરી"},{"$i":"month-1-genitive","$v":"ફેબ્રુઆરી"},{"$i":"month-2-genitive","$v":"માર્ચ"},{"$i":"month-3-genitive","$v":"એપ્રિલ"},{"$i":"month-4-genitive","$v":"મે"},{"$i":"month-5-genitive","$v":"જૂન"},{"$i":"month-6-genitive","$v":"જુલાઈ"},{"$i":"month-7-genitive","$v":"ઓગસ્ટ"},{"$i":"month-8-genitive","$v":"સપ્ટેમ્બર"},{"$i":"month-9-genitive","$v":"ઓક્ટોબર"},{"$i":"month-10-genitive","$v":"નવેમ્બર"},{"$i":"month-11-genitive","$v":"ડિસેમ્બર"},{"$i":"month-0-short","$v":"જાન્યુઆરી"},{"$i":"month-1-short","$v":"ફેબ્રુઆરી"},{"$i":"month-2-short","$v":"માર્ચ"},{"$i":"month-3-short","$v":"એપ્રિલ"},{"$i":"month-4-short","$v":"મે"},{"$i":"month-5-short","$v":"જૂન"},{"$i":"month-6-short","$v":"જુલાઈ"},{"$i":"month-7-short","$v":"ઓગસ્ટ"},{"$i":"month-8-short","$v":"સપ્ટેમ્બર"},{"$i":"month-9-short","$v":"ઓક્ટોબર"},{"$i":"month-10-short","$v":"નવેમ્બર"},{"$i":"month-11-short","$v":"ડિસેમ્બર"},{"$i":"minutes-ago-long","$v":{"zero":"અત્યારે જ","one":"એક મિનિટ પહેલાં","two":[{"t":"idOrVar","v":"value"}," મિનિટ પહેલા"],"few":[{"t":"idOrVar","v":"value"}," મિનિટ પહેલા"],"many":[{"t":"idOrVar","v":"value"}," મિનિટ પહેલા"],"other":[{"t":"idOrVar","v":"value"}," મિનિટ પહેલા"]},"$x":[{"t":"idOrVar","v":"plural"},"value"]},{"$i":"hours-ago-long","$v":{"zero":"અત્યારે જ","one":"એક કલાક પહેલાં","two":[{"t":"idOrVar","v":"value"}," કલાક પહેલા"],"few":[{"t":"idOrVar","v":"value"}," કલાક પહેલા"],"many":[{"t":"idOrVar","v":"value"}," કલાક પહેલા"],"other":[{"t":"idOrVar","v":"value"}," કલાક પહેલા"]},"$x":[{"t":"idOrVar","v":"plural"},"value"]},{"$i":"days-ago-long","$v":{"zero":"આજે","one":"ગઈકાલ","two":[{"t":"idOrVar","v":"value"}," દિવસ પહેલા"],"few":[{"t":"idOrVar","v":"value"}," દિવસ પહેલા"],"many":[{"t":"idOrVar","v":"value"}," દિવસ પહેલા"],"other":[{"t":"idOrVar","v":"value"}," દિવસ પહેલા"]},"$x":[{"t":"idOrVar","v":"plural"},"value"]},{"$i":"weeks-ago-long","$v":{"zero":"આ અઠવાડિયું","one":"ગયા અઠવાડિયે","two":[{"t":"idOrVar","v":"value"}," અઠવાડિયા પહેલા"],"few":[{"t":"idOrVar","v":"value"}," અઠવાડિયા પહેલા"],"many":[{"t":"idOrVar","v":"value"}," અઠવાડિયા પહેલા"],"other":[{"t":"idOrVar","v":"value"}," અઠવાડિયા પહેલા"]},"$x":[{"t":"idOrVar","v":"plural"},"value"]},{"$i":"months-ago-long","$v":{"zero":"આ મહિનો","one":"ગયા મહિને","two":[{"t":"idOrVar","v":"value"}," મહિના પહેલા"],"few":[{"t":"idOrVar","v":"value"}," મહિના પહેલા"],"many":[{"t":"idOrVar","v":"value"}," મહિના પહેલા"],"other":[{"t":"idOrVar","v":"value"}," મહિના પહેલા"]},"$x":[{"t":"idOrVar","v":"plural"},"value"]},{"$i":"years-ago-long","$v":{"zero":"આ વર્ષ","one":"ગયા વર્ષે","two":[{"t":"idOrVar","v":"value"}," વર્ષ પહેલા"],"few":[{"t":"idOrVar","v":"value"}," વર્ષ પહેલા"],"many":[{"t":"idOrVar","v":"value"}," વર્ષ પહેલા"],"other":[{"t":"idOrVar","v":"value"}," વર્ષ પહેલા"]},"$x":[{"t":"idOrVar","v":"plural"},"value"]},{"$i":"minutes-until-long","$v":{"zero":"હમણાં","one":"એક મિનિટમાં","two":[{"t":"idOrVar","v":"value"}," મિનિટમાં"],"few":[{"t":"idOrVar","v":"value"}," મિનિટમાં"],"many":[{"t":"idOrVar","v":"value"}," મિનિટમાં"],"other":[{"t":"idOrVar","v":"value"}," મિનિટમાં"]},"$x":[{"t":"idOrVar","v":"plural"},"value"]},{"$i":"hours-until-long","$v":{"zero":"હમણાં","one":"એક કલાકમાં","two":[{"t":"idOrVar","v":"value"}," કલાકમાં"],"few":[{"t":"idOrVar","v":"value"}," કલાકમાં"],"many":[{"t":"idOrVar","v":"value"}," કલાકમાં"],"other":[{"t":"idOrVar","v":"value"}," કલાકમાં"]},"$x":[{"t":"idOrVar","v":"plural"},"value"]},{"$i":"days-until-long","$v":{"zero":"આજે","one":"આવતીકાલ","two":[{"t":"idOrVar","v":"value"}," દિવસમાં"],"few":[{"t":"idOrVar","v":"value"}," દિવસમાં"],"many":[{"t":"idOrVar","v":"value"}," દિવસમાં"],"other":[{"t":"idOrVar","v":"value"}," દિવસમાં"]},"$x":[{"t":"idOrVar","v":"plural"},"value"]},{"$i":"weeks-until-long","$v":{"zero":"આ અઠવાડિયું","one":"આગળનું અઠવાડિયું","two":[{"t":"idOrVar","v":"value"}," અઠવાડિયામાં"],"few":[{"t":"idOrVar","v":"value"}," અઠવાડિયામાં"],"many":[{"t":"idOrVar","v":"value"}," અઠવાડિયામાં"],"other":[{"t":"idOrVar","v":"value"}," અઠવાડિયામાં"]},"$x":[{"t":"idOrVar","v":"plural"},"value"]},{"$i":"months-until-long","$v":{"zero":"આ મહિનો","one":"આગળનો મહિનો","two":[{"t":"idOrVar","v":"value"}," મહિનામાં"],"few":[{"t":"idOrVar","v":"value"}," મહિનામાં"],"many":[{"t":"idOrVar","v":"value"}," મહિનામાં"],"other":[{"t":"idOrVar","v":"value"}," મહિનામાં"]},"$x":[{"t":"idOrVar","v":"plural"},"value"]},{"$i":"years-until-long","$v":{"zero":"આ વર્ષ","one":"આગળનું વર્ષ","two":[{"t":"idOrVar","v":"value"}," વર્ષમાં"],"few":[{"t":"idOrVar","v":"value"}," વર્ષમાં"],"many":[{"t":"idOrVar","v":"value"}," વર્ષમાં"],"other":[{"t":"idOrVar","v":"value"}," વર્ષમાં"]},"$x":[{"t":"idOrVar","v":"plural"},"value"]},{"$i":"minutes-ago-short","$v":{"zero":"અત્યારે જ","other":[{"t":"idOrVar","v":"value"},"મિનિટ પહેલા"]},"$x":[{"t":"idOrVar","v":"plural"},"value"]},{"$i":"hours-ago-short","$v":{"zero":"અત્યારે જ","other":[{"t":"idOrVar","v":"value"},"કલાક પહેલા"]},"$x":[{"t":"idOrVar","v":"plural"},"value"]},{"$i":"days-ago-short","$v":{"zero":"આજે","other":[{"t":"idOrVar","v":"value"},"દિવસ પહેલા"]},"$x":[{"t":"idOrVar","v":"plural"},"value"]},{"$i":"minutes-until-short","$v":{"zero":"હમણાં","other":[{"t":"idOrVar","v":"value"},"મિનિટ માં"]},"$x":[{"t":"idOrVar","v":"plural"},"value"]},{"$i":"hours-until-short","$v":{"zero":"હમણાં","other":[{"t":"idOrVar","v":"value"},"કલાક માં"]},"$x":[{"t":"idOrVar","v":"plural"},"value"]},{"$i":"days-until-short","$v":{"zero":"આજે","other":[{"t":"idOrVar","v":"value"},"દિવસ માં"]},"$x":[{"t":"idOrVar","v":"plural"},"value"]},{"$i":"incorrectDate","$v":"(ખોટી તારીખ)"},{"$i":"dateTimeFormat_%c","$v":"%a %b %e %Y %I:%M:%S %p"},{"$i":"dateTimeFormat_%x","$v":"%m/%d/%Y"},{"$i":"dateTimeFormat_%X","$v":"%I:%M:%S %p"},{"$i":"shortTimeFormat","$v":"%I:%M %p"},{"$i":"shortTimeFormat12","$v":"%I:%M %p"},{"$i":"shortTimeFormat24","$v":"%H:%M"},{"$i":"shortDateTimeFormat","$v":"%x %I:%M %p"},{"$i":"weekStartsOnMonday","$v":"0"},{"$i":"firstDayOfTheWeek","$v":"0"},{"$i":"time_am","$v":"AM"},{"$i":"time_pm","$v":"PM"}]