[{"$i":"notes","$v":"നോട്ട്"},{"$i":"new","$v":"പുതിയത്"},{"$i":"enter","$v":"നൽകുക"},{"$i":"edit","$v":"തിരുത്തുക"},{"$i":"select","$v":"തിരഞ്ഞെടുക്കുക"},{"$i":"delete","$v":"ഇല്ലാതാക്കുക"},{"$i":"share","$v":"പങ്കിടുക"},{"$i":"search","$v":"തിരയുക"},{"$i":"sort-by","$v":"ഇതുപ്രകാരം അടുക്കുക"},{"$i":"done","$v":"പൂർത്തിയാക്കി"},{"$i":"note-deleted","$v":"നോട്ട്  ഇല്ലാതാക്കി."},{"$i":"delete-confirm","$v":"സ്ഥിരീകരണം"},{"$i":"share-by-mail","$v":"ഇമെയിൽ"},{"$i":"share-by-sms","$v":"സന്ദേശങ്ങൾ"},{"$i":"share-by-bluetooth","$v":"ബ്ലുടൂത്ത്"},{"$i":"sort-by-date-edited","$v":"തീയ്യതി തിരുത്തി"},{"$i":"sort-by-date-created","$v":"തീയ്യതി സൃഷ്ടിച്ചു"},{"$i":"sort-by-title","$v":"തലക്കെട്ട്"},{"$i":"cancel","$v":"റദ്ദാക്കുക"},{"$i":"options","$v":"ഓപ്ഷന്‍"},{"$i":"save","$v":"സേവ് ചെയ്യുക"},{"$i":"discard","$v":"നിരസിക്കുക"},{"$i":"no-notes","$v":"നോട്ട്  ശൂന്യമാണ്, പുതിയ നോട്ട്  ചേർക്കാൻ ദയവായി പുതിയത് എന്നതില്‍ അമർത്തുക."},{"$i":"search-message","$v":"ദയവായി കീവേഡുകൾ നൽകുക."},{"$i":"full-storage-title","$v":"സ്റ്റോറേജ്  നിറഞ്ഞു"},{"$i":"full-storage-content","$v":"കൂടുതൽ ഇടം നേടുന്നതിന് നിങ്ങൾക്ക് ചില മീഡിയ ഫയലുകളോ അല്ലെങ്കിൽ മാനേജർ അപ്ലിക്കേഷൻ ഡാറ്റയോ ഇല്ലാതാക്കാം."},{"$i":"go-to-settings","$v":"ഗോ ടു സെറ്റിംഗ്സ്"},{"$i":"deleteNote","$v":"നോട്ട്  ഇല്ലാതാക്കണോ?"},{"$i":"sortby-editTime","$v":"തിരുത്തിയ തീയ്യതി പ്രകാരം അടുക്കുന്നു."},{"$i":"sortby-createTime","$v":"സൃഷ്ടിച്ച തീയതി പ്രകാരം അടുക്കുന്നു."},{"$i":"sortby-title","$v":"ശീർഷകം പ്രകാരം അടുക്കിയിരിക്കുന്നു."},{"$i":"confirmation-title","$v":"സ്ഥിരീകരണം"},{"$i":"cancel-confirmation-content","$v":"അവസാന തിരുത്തല്‍  നിരാകരിക്കപ്പെടും. ഈ നോട്ട്  സേവ് ചെയ്യാന്‍  നിങ്ങൾ ആഗ്രഹിക്കുന്നുണ്ടോ?"},{"$i":"today","$v":"ഇന്ന്"},{"$i":"yesterday","$v":"ഇന്നലെ"},{"$i":"weekday-0-long","$v":"ഞായറാഴ്ച"},{"$i":"weekday-1-long","$v":"തിങ്കളാഴ്ച"},{"$i":"weekday-2-long","$v":"ചൊവ്വാഴ്ച"},{"$i":"weekday-3-long","$v":"ബുധനാഴ്ച"},{"$i":"weekday-4-long","$v":"വ്യാഴാഴ്ച"},{"$i":"weekday-5-long","$v":"വെള്ളിയാഴ്ച"},{"$i":"weekday-6-long","$v":"ശനിയാഴ്ച"},{"$i":"weekday-0-short","$v":"ഞായർ"},{"$i":"weekday-1-short","$v":"തിങ്കൾ"},{"$i":"weekday-2-short","$v":"ചൊവ്വ"},{"$i":"weekday-3-short","$v":"ബുധൻ"},{"$i":"weekday-4-short","$v":"വ്യാഴം"},{"$i":"weekday-5-short","$v":"വെള്ളി"},{"$i":"weekday-6-short","$v":"ശനി"},{"$i":"month-0-long","$v":"ജനുവരി"},{"$i":"month-1-long","$v":"ഫെബ്രുവരി"},{"$i":"month-2-long","$v":"മാർച്ച്"},{"$i":"month-3-long","$v":"ഏപ്രിൽ"},{"$i":"month-4-long","$v":"മെയ്"},{"$i":"month-5-long","$v":"ജൂൺ"},{"$i":"month-6-long","$v":"ജൂലൈ"},{"$i":"month-7-long","$v":"ആഗസ്റ്റ്"},{"$i":"month-8-long","$v":"സെപ്റ്റംബർ"},{"$i":"month-9-long","$v":"ഒക്ടോബർ"},{"$i":"month-10-long","$v":"നവംബർ"},{"$i":"month-11-long","$v":"ഡിസംബർ"},{"$i":"month-0-genitive","$v":"ജനുവരി"},{"$i":"month-1-genitive","$v":"ഫെബ്രുവരി"},{"$i":"month-2-genitive","$v":"മാർച്ച്"},{"$i":"month-3-genitive","$v":"ഏപ്രിൽ"},{"$i":"month-4-genitive","$v":"മെയ്"},{"$i":"month-5-genitive","$v":"ജൂൺ"},{"$i":"month-6-genitive","$v":"ജൂലൈ"},{"$i":"month-7-genitive","$v":"ആഗസ്റ്റ്"},{"$i":"month-8-genitive","$v":"സെപ്റ്റംബർ"},{"$i":"month-9-genitive","$v":"ഒക്ടോബർ"},{"$i":"month-10-genitive","$v":"നവംബർ"},{"$i":"month-11-genitive","$v":"ഡിസംബർ"},{"$i":"month-0-short","$v":"ജനുവരി"},{"$i":"month-1-short","$v":"ഫെബ്രുവരി"},{"$i":"month-2-short","$v":"മാർച്ച്"},{"$i":"month-3-short","$v":"ഏപ്രിൽ"},{"$i":"month-4-short","$v":"മെയ്"},{"$i":"month-5-short","$v":"ജൂൺ"},{"$i":"month-6-short","$v":"ജൂലൈ"},{"$i":"month-7-short","$v":"ആഗസ്റ്റ്"},{"$i":"month-8-short","$v":"സെപ്റ്റംബർ"},{"$i":"month-9-short","$v":"ഒക്ടോബർ"},{"$i":"month-10-short","$v":"നവംബർ"},{"$i":"month-11-short","$v":"ഡിസംബർ"},{"$i":"minutes-ago-long","$v":{"zero":"ഇപ്പോൾ തന്നെ","one":"ഒരു മിനിറ്റ് മുമ്പ്","two":[{"t":"idOrVar","v":"value"}," മിനിറ്റുകൾക്ക് മുമ്പ്"],"few":[{"t":"idOrVar","v":"value"}," മിനിറ്റുകൾക്ക് മുമ്പ്"],"many":[{"t":"idOrVar","v":"value"}," മിനിറ്റുകൾക്ക് മുമ്പ്"],"other":[{"t":"idOrVar","v":"value"}," മിനിറ്റുകൾക്ക് മുമ്പ്"]},"$x":[{"t":"idOrVar","v":"plural"},"value"]},{"$i":"hours-ago-long","$v":{"zero":"ഇപ്പോൾ തന്നെ","one":"ഒരു മണിക്കൂർ മുമ്പ്","two":[{"t":"idOrVar","v":"value"}," മണിക്കൂറുകൾക്ക് മുമ്പ്"],"few":[{"t":"idOrVar","v":"value"}," മണിക്കൂറുകൾക്ക് മുമ്പ്"],"many":[{"t":"idOrVar","v":"value"}," മണിക്കൂറുകൾക്ക് മുമ്പ്"],"other":[{"t":"idOrVar","v":"value"}," മണിക്കൂറുകൾക്ക് മുമ്പ്"]},"$x":[{"t":"idOrVar","v":"plural"},"value"]},{"$i":"days-ago-long","$v":{"zero":"ഇന്ന്","one":"ഇന്നലെ","two":[{"t":"idOrVar","v":"value"}," ദിവസങ്ങൾക്ക് മുമ്പ്"],"few":[{"t":"idOrVar","v":"value"}," ദിവസങ്ങൾക്ക് മുമ്പ്"],"many":[{"t":"idOrVar","v":"value"}," ദിവസങ്ങൾക്ക് മുമ്പ്"],"other":[{"t":"idOrVar","v":"value"}," ദിവസങ്ങൾക്ക് മുമ്പ്"]},"$x":[{"t":"idOrVar","v":"plural"},"value"]},{"$i":"weeks-ago-long","$v":{"zero":"ഈ ആഴ്ച","one":"കഴിഞ്ഞ ആഴ്ച","two":[{"t":"idOrVar","v":"value"}," ആഴ്ചകൾക്ക് മുമ്പ്"],"few":[{"t":"idOrVar","v":"value"}," ആഴ്ചകൾക്ക് മുമ്പ്"],"many":[{"t":"idOrVar","v":"value"}," ആഴ്ചകൾക്ക് മുമ്പ്"],"other":[{"t":"idOrVar","v":"value"}," ആഴ്ചകൾക്ക് മുമ്പ്"]},"$x":[{"t":"idOrVar","v":"plural"},"value"]},{"$i":"months-ago-long","$v":{"zero":"ഈ മാസം","one":"കഴിഞ്ഞ മാസം","two":[{"t":"idOrVar","v":"value"}," മാസങ്ങൾക്ക് മുമ്പ്"],"few":[{"t":"idOrVar","v":"value"}," മാസങ്ങൾക്ക് മുമ്പ്"],"many":[{"t":"idOrVar","v":"value"}," മാസങ്ങൾക്ക് മുമ്പ്"],"other":[{"t":"idOrVar","v":"value"}," മാസങ്ങൾക്ക് മുമ്പ്"]},"$x":[{"t":"idOrVar","v":"plural"},"value"]},{"$i":"years-ago-long","$v":{"zero":"ഈ വർഷം","one":"കഴിഞ്ഞ വർഷം","two":[{"t":"idOrVar","v":"value"}," വർഷങ്ങൾക്ക് മുമ്പ്"],"few":[{"t":"idOrVar","v":"value"}," വർഷങ്ങൾക്ക് മുമ്പ്"],"many":[{"t":"idOrVar","v":"value"}," വർഷങ്ങൾക്ക് മുമ്പ്"],"other":[{"t":"idOrVar","v":"value"}," വർഷങ്ങൾക്ക് മുമ്പ്"]},"$x":[{"t":"idOrVar","v":"plural"},"value"]},{"$i":"minutes-until-long","$v":{"zero":"ഇപ്പോൾ","one":"ഒരു മിനിറ്റിൽ","two":[{"t":"idOrVar","v":"value"}," മിനിറ്റുകളിൽ"],"few":[{"t":"idOrVar","v":"value"}," മിനിറ്റുകളിൽ"],"many":[{"t":"idOrVar","v":"value"}," മിനിറ്റുകളിൽ"],"other":[{"t":"idOrVar","v":"value"}," മിനിറ്റുകളിൽ"]},"$x":[{"t":"idOrVar","v":"plural"},"value"]},{"$i":"hours-until-long","$v":{"zero":"ഇപ്പോൾ","one":"ഒരു മണിക്കൂറിൽ","two":[{"t":"idOrVar","v":"value"}," മണിക്കൂറുകളിൽ"],"few":[{"t":"idOrVar","v":"value"}," മണിക്കൂറുകളിൽ"],"many":[{"t":"idOrVar","v":"value"}," മണിക്കൂറുകളിൽ"],"other":[{"t":"idOrVar","v":"value"}," മണിക്കൂറുകളിൽ"]},"$x":[{"t":"idOrVar","v":"plural"},"value"]},{"$i":"days-until-long","$v":{"zero":"ഇന്ന്","one":"നാളെ","two":[{"t":"idOrVar","v":"value"}," ദിവസങ്ങളിൽ"],"few":[{"t":"idOrVar","v":"value"}," ദിവസങ്ങളിൽ"],"many":[{"t":"idOrVar","v":"value"}," ദിവസങ്ങളിൽ"],"other":[{"t":"idOrVar","v":"value"}," ദിവസങ്ങളിൽ"]},"$x":[{"t":"idOrVar","v":"plural"},"value"]},{"$i":"weeks-until-long","$v":{"zero":"ഈ ആഴ്ച","one":"അടുത്ത ആഴ്ച","two":[{"t":"idOrVar","v":"value"}," ആഴ്ചകളിൽ"],"few":[{"t":"idOrVar","v":"value"}," ആഴ്ചകളിൽ"],"many":[{"t":"idOrVar","v":"value"}," ആഴ്ചകളിൽ"],"other":[{"t":"idOrVar","v":"value"}," ആഴ്ചകളിൽ"]},"$x":[{"t":"idOrVar","v":"plural"},"value"]},{"$i":"months-until-long","$v":{"zero":"ഈ മാസം","one":"അടുത്ത മാസം","two":[{"t":"idOrVar","v":"value"}," മാസങ്ങളിൽ"],"few":[{"t":"idOrVar","v":"value"}," മാസങ്ങളിൽ"],"many":[{"t":"idOrVar","v":"value"}," മാസങ്ങളിൽ"],"other":[{"t":"idOrVar","v":"value"}," മാസങ്ങളിൽ"]},"$x":[{"t":"idOrVar","v":"plural"},"value"]},{"$i":"years-until-long","$v":{"zero":"ഈ വർഷം","one":"അടുത്ത വർഷം","two":[{"t":"idOrVar","v":"value"}," വർഷങ്ങളിൽ"],"few":[{"t":"idOrVar","v":"value"}," വർഷങ്ങളിൽ"],"many":[{"t":"idOrVar","v":"value"}," വർഷങ്ങളിൽ"],"other":[{"t":"idOrVar","v":"value"}," വർഷങ്ങളിൽ"]},"$x":[{"t":"idOrVar","v":"plural"},"value"]},{"$i":"minutes-ago-short","$v":{"zero":"ഇപ്പോൾ തന്നെ","other":[{"t":"idOrVar","v":"value"}," മിനിറ്റ്  മുമ്പ്"]},"$x":[{"t":"idOrVar","v":"plural"},"value"]},{"$i":"hours-ago-short","$v":{"zero":"ഇപ്പോൾ തന്നെ","other":[{"t":"idOrVar","v":"value"}," മണിക്കൂറുകള്‍ക്ക്  മുമ്പ്"]},"$x":[{"t":"idOrVar","v":"plural"},"value"]},{"$i":"days-ago-short","$v":{"zero":"ഇന്ന്","other":[{"t":"idOrVar","v":"value"}," ദിവസങ്ങള്‍ക്ക്  മുമ്പ്"]},"$x":[{"t":"idOrVar","v":"plural"},"value"]},{"$i":"minutes-until-short","$v":{"zero":"ഇപ്പോൾ","other":[{"t":"idOrVar","v":"value"},"മിനിറ്റില്‍"]},"$x":[{"t":"idOrVar","v":"plural"},"value"]},{"$i":"hours-until-short","$v":{"zero":"ഇപ്പോൾ","other":[{"t":"idOrVar","v":"value"},"മണിക്കൂറില്‍"]},"$x":[{"t":"idOrVar","v":"plural"},"value"]},{"$i":"days-until-short","$v":{"zero":"ഇന്ന്","other":[{"t":"idOrVar","v":"value"},"ദിവസത്തില്‍"]},"$x":[{"t":"idOrVar","v":"plural"},"value"]},{"$i":"incorrectDate","$v":"(തെറ്റായ തീയ്യതി)"},{"$i":"dateTimeFormat_%c","$v":"%a %b %e %Y %I:%M:%S %p"},{"$i":"dateTimeFormat_%x","$v":"%m/%d/%Y"},{"$i":"dateTimeFormat_%X","$v":"%I:%M:%S %p"},{"$i":"shortTimeFormat","$v":"%I:%M %p"},{"$i":"shortTimeFormat12","$v":"%I:%M %p"},{"$i":"shortTimeFormat24","$v":"%H:%M"},{"$i":"shortDateTimeFormat","$v":"%x %I:%M %p"},{"$i":"weekStartsOnMonday","$v":"0"},{"$i":"firstDayOfTheWeek","$v":"0"},{"$i":"time_am","$v":"AM"},{"$i":"time_pm","$v":"PM"}]