[{"$i":"notes","$v":"ਨੋਟ"},{"$i":"new","$v":"ਨਵੇਂ"},{"$i":"enter","$v":"ਦਾਖਲ ਕਰੋ"},{"$i":"edit","$v":"ਸੰਪਾਦਿਤ ਕਰੋ"},{"$i":"select","$v":"ਚੁਣੋ"},{"$i":"delete","$v":"ਮਿਟਾਓ"},{"$i":"share","$v":"ਸਾਂਝਾ ਕਰੋ"},{"$i":"search","$v":"ਖੋਜੋ"},{"$i":"sort-by","$v":"ਦੇ ਅਨੁਸਾਰ ਕ੍ਰਮਬੱਧ ਕਰੋ"},{"$i":"done","$v":"ਪੂਰਾ ਹੋਇਆ"},{"$i":"note-deleted","$v":"ਨੋਟ ਮਿਟਾਇਆ।"},{"$i":"delete-confirm","$v":"ਪੁਸ਼ਟੀਕਰਨ"},{"$i":"share-by-mail","$v":"ਈਮੇਲ"},{"$i":"share-by-sms","$v":"ਸੰਦੇਸ਼"},{"$i":"share-by-bluetooth","$v":"ਬਲੂਟੁੱਥ"},{"$i":"sort-by-date-edited","$v":"ਤਰੀਕ ਸੰਪਾਦਿਤ ਕੀਤੀ ਗਈ"},{"$i":"sort-by-date-created","$v":"ਤਰੀਕ ਬਣਾਈ ਗਈ"},{"$i":"sort-by-title","$v":"ਸਿਰਲੇਖ"},{"$i":"cancel","$v":"ਰੱਦ ਕਰੋ"},{"$i":"options","$v":"ਵਿਕਲਪ"},{"$i":"save","$v":"ਸੇਵ ਕਰੋ"},{"$i":"discard","$v":"ਰੱਦ ਕਰੋ"},{"$i":"no-notes","$v":"ਨੋਟ ਖਾਲੀ ਹੈ, ਇੱਕ ਨਵਾਂ ਨੋਟ ਜੋੜਨ ਲਈ ਕਿਰਪਾ ਕਰਕੇ ਨਵਾਂ ਦਬਾਓ"},{"$i":"search-message","$v":"ਕਿਰਪਾ ਕਰਕੇ ਕੀਵਰਡ ਦਾਖਲ ਕਰੋ।"},{"$i":"full-storage-title","$v":"ਸਟੋਰੇਜ ਭਰ ਗਈ ਹੈ"},{"$i":"full-storage-content","$v":"ਹੋਰ ਖਾਲੀ ਸਪੇਸ ਪ੍ਰਾਪਤ ਕਰਨ ਲਈ ਤੁਸੀਂ ਕੁਝ ਮੀਡੀਆ ਫਾਈਲਾਂ ਮਿਟਾ ਸਕਦੇ ਹੋ ਜਾਂ ਐਪਲੀਕੇਸ਼ਨ ਡੇਟਾ ਮੈਨੇਜ ਕਰ ਸਕਦੇ ਹੋ ।"},{"$i":"go-to-settings","$v":"ਸੈਟਿੰਗਸ 'ਤੇ ਜਾਓ"},{"$i":"deleteNote","$v":"ਨੋਟ ਹਟਾਓ?"},{"$i":"sortby-editTime","$v":"ਸੰਪਾਦਿਤ ਕੀਤੀ ਤਰੀਕ ਦੁਆਰਾ ਕ੍ਰਮਬੱਧ ਕੀਤਾ।"},{"$i":"sortby-createTime","$v":"ਬਣਾਈ ਗਈ ਤਰੀਕ ਦੁਆਰਾ ਕ੍ਰਮਬੱਧ ਕੀਤਾ।"},{"$i":"sortby-title","$v":"ਸਿਰਲੇਖ ਦੁਆਰਾ ਕ੍ਰਮਬੱਧ ਕੀਤਾ।"},{"$i":"confirmation-title","$v":"ਪੁਸ਼ਟੀਕਰਨ"},{"$i":"cancel-confirmation-content","$v":"ਆਖਰੀ ਸੰਪਾਦਨ ਰੱਦ ਕੀਤਾ ਜਾਵੇਗਾ। ਕੀ ਤੁਸੀਂ ਇਸ ਨੋਟ ਨੂੰ ਸੇਵ ਕਰਨਾ ਚਾਹੋਗੇ?"},{"$i":"today","$v":"ਅੱਜ"},{"$i":"yesterday","$v":"ਗੁਜ਼ਰਿਆ ਹੋਇਆ ਕੱਲ"},{"$i":"weekday-0-long","$v":"ਐਤਵਾਰ"},{"$i":"weekday-1-long","$v":"ਸੋਮਵਾਰ"},{"$i":"weekday-2-long","$v":"ਮੰਗਲਵਾਰ"},{"$i":"weekday-3-long","$v":"ਬੁੱਧਵਾਰ"},{"$i":"weekday-4-long","$v":"ਵੀਰਵਾਰ"},{"$i":"weekday-5-long","$v":"ਸ਼ੁੱਕਰਵਾਰ"},{"$i":"weekday-6-long","$v":"ਸ਼ਨੀਵਾਰ"},{"$i":"weekday-0-short","$v":"ਐਤ"},{"$i":"weekday-1-short","$v":"ਸੋਮ"},{"$i":"weekday-2-short","$v":"ਮੰਗਲ"},{"$i":"weekday-3-short","$v":"ਬੁੱਧ"},{"$i":"weekday-4-short","$v":"ਵੀਰ"},{"$i":"weekday-5-short","$v":"ਸ਼ੁੱਕਰਵਾਰ"},{"$i":"weekday-6-short","$v":"ਸ਼ਨੀ"},{"$i":"month-0-long","$v":"ਜਨਵਰੀ"},{"$i":"month-1-long","$v":"ਫਰਵਰੀ"},{"$i":"month-2-long","$v":"ਮਾਰਚ"},{"$i":"month-3-long","$v":"ਅਪ੍ਰੈਲ"},{"$i":"month-4-long","$v":"ਮਈ"},{"$i":"month-5-long","$v":"ਜੂਨ"},{"$i":"month-6-long","$v":"ਜੁਲਾਈ"},{"$i":"month-7-long","$v":"ਅਗਸਤ"},{"$i":"month-8-long","$v":"ਸਤੰਬਰ"},{"$i":"month-9-long","$v":"ਅਕਤੂਬਰ"},{"$i":"month-10-long","$v":"ਨਵੰਬਰ"},{"$i":"month-11-long","$v":"ਦਸੰਬਰ"},{"$i":"month-0-genitive","$v":"ਜਨਵਰੀ"},{"$i":"month-1-genitive","$v":"ਫਰਵਰੀ"},{"$i":"month-2-genitive","$v":"ਮਾਰਚ"},{"$i":"month-3-genitive","$v":"ਅਪ੍ਰੈਲ"},{"$i":"month-4-genitive","$v":"ਮਈ"},{"$i":"month-5-genitive","$v":"ਜੂਨ"},{"$i":"month-6-genitive","$v":"ਜੁਲਾਈ"},{"$i":"month-7-genitive","$v":"ਅਗਸਤ"},{"$i":"month-8-genitive","$v":"ਸਤੰਬਰ"},{"$i":"month-9-genitive","$v":"ਅਕਤੂਬਰ"},{"$i":"month-10-genitive","$v":"ਨਵੰਬਰ"},{"$i":"month-11-genitive","$v":"ਦਸੰਬਰ"},{"$i":"month-0-short","$v":"ਜਨਵਰੀ"},{"$i":"month-1-short","$v":"ਫਰਵਰੀ"},{"$i":"month-2-short","$v":"ਮਾਰਚ"},{"$i":"month-3-short","$v":"ਅਪ੍ਰੈਲ"},{"$i":"month-4-short","$v":"ਮਈ"},{"$i":"month-5-short","$v":"ਜੂਨ"},{"$i":"month-6-short","$v":"ਜੁਲਾਈ"},{"$i":"month-7-short","$v":"ਅਗਸਤ"},{"$i":"month-8-short","$v":"ਸਤੰਬਰ"},{"$i":"month-9-short","$v":"ਅਕਤੂਬਰ"},{"$i":"month-10-short","$v":"ਨਵੰਬਰ"},{"$i":"month-11-short","$v":"ਦਸੰਬਰ"},{"$i":"minutes-ago-long","$v":{"zero":"ਸਿਰਫ਼ ਹੁਣ","one":"ਇੱਕ ਮਿੰਟ ਪਹਿਲਾਂ","two":[{"t":"idOrVar","v":"value"}," ਮਿੰਟ ਪਹਿਲਾਂ"],"few":[{"t":"idOrVar","v":"value"}," ਮਿੰਟ ਪਹਿਲਾਂ"],"many":[{"t":"idOrVar","v":"value"}," ਮਿੰਟ ਪਹਿਲਾਂ"],"other":[{"t":"idOrVar","v":"value"}," ਮਿੰਟ ਪਹਿਲਾਂ"]},"$x":[{"t":"idOrVar","v":"plural"},"value"]},{"$i":"hours-ago-long","$v":{"zero":"ਸਿਰਫ਼ ਹੁਣ","one":"ਇੱਕ ਘੰਟਾ ਪਹਿਲਾਂ","two":[{"t":"idOrVar","v":"value"}," ਘੰਟੇ ਪਹਿਲਾਂ"],"few":[{"t":"idOrVar","v":"value"}," ਘੰਟੇ ਪਹਿਲਾਂ"],"many":[{"t":"idOrVar","v":"value"}," ਘੰਟੇ ਪਹਿਲਾਂ"],"other":[{"t":"idOrVar","v":"value"}," ਘੰਟੇ ਪਹਿਲਾਂ"]},"$x":[{"t":"idOrVar","v":"plural"},"value"]},{"$i":"days-ago-long","$v":{"zero":"ਅੱਜ","one":"ਗੁਜ਼ਰਿਆ ਹੋਇਆ ਕੱਲ","two":[{"t":"idOrVar","v":"value"}," ਦਿਨ ਪਹਿਲਾਂ"],"few":[{"t":"idOrVar","v":"value"}," ਦਿਨ ਪਹਿਲਾਂ"],"many":[{"t":"idOrVar","v":"value"}," ਦਿਨ ਪਹਿਲਾਂ"],"other":[{"t":"idOrVar","v":"value"}," ਦਿਨ ਪਹਿਲਾਂ"]},"$x":[{"t":"idOrVar","v":"plural"},"value"]},{"$i":"weeks-ago-long","$v":{"zero":"ਇਹ ਹਫ਼ਤਾ","one":"ਪਿਛਲਾ ਹਫ਼ਤਾ","two":[{"t":"idOrVar","v":"value"}," ਹਫ਼ਤੇ ਪਹਿਲਾਂ"],"few":[{"t":"idOrVar","v":"value"}," ਹਫ਼ਤੇ ਪਹਿਲਾਂ"],"many":[{"t":"idOrVar","v":"value"}," ਹਫ਼ਤੇ ਪਹਿਲਾਂ"],"other":[{"t":"idOrVar","v":"value"}," ਹਫ਼ਤੇ ਪਹਿਲਾਂ"]},"$x":[{"t":"idOrVar","v":"plural"},"value"]},{"$i":"months-ago-long","$v":{"zero":"ਇਹ ਮਹੀਨਾ","one":"ਪਿਛਲਾ ਮਹੀਨਾ","two":[{"t":"idOrVar","v":"value"}," ਮਹੀਨੇ ਮਹੀਨਾ"],"few":[{"t":"idOrVar","v":"value"}," ਮਹੀਨੇ ਮਹੀਨਾ"],"many":[{"t":"idOrVar","v":"value"}," ਮਹੀਨੇ ਮਹੀਨਾ"],"other":[{"t":"idOrVar","v":"value"}," ਮਹੀਨੇ ਮਹੀਨਾ"]},"$x":[{"t":"idOrVar","v":"plural"},"value"]},{"$i":"years-ago-long","$v":{"zero":"ਇਹ ਸਾਲ","one":"ਪਿਛਲਾ ਸਾਲ","two":[{"t":"idOrVar","v":"value"}," ਸਾਲ ਪਹਿਲਾਂ"],"few":[{"t":"idOrVar","v":"value"}," ਸਾਲ ਪਹਿਲਾਂ"],"many":[{"t":"idOrVar","v":"value"}," ਸਾਲ ਪਹਿਲਾਂ"],"other":[{"t":"idOrVar","v":"value"}," ਸਾਲ ਪਹਿਲਾਂ"]},"$x":[{"t":"idOrVar","v":"plural"},"value"]},{"$i":"minutes-until-long","$v":{"zero":"ਹੁਣ","one":"ਇੱਕ ਮਿੰਟ ਵਿੱਚ","two":[{"t":"idOrVar","v":"value"}," ਮਿੰਟਾਂ ਵਿੱਚ"],"few":[{"t":"idOrVar","v":"value"}," ਮਿੰਟਾਂ ਵਿੱਚ"],"many":[{"t":"idOrVar","v":"value"}," ਮਿੰਟਾਂ ਵਿੱਚ"],"other":[{"t":"idOrVar","v":"value"}," ਮਿੰਟਾਂ ਵਿੱਚ"]},"$x":[{"t":"idOrVar","v":"plural"},"value"]},{"$i":"hours-until-long","$v":{"zero":"ਹੁਣ","one":"ਇੱਕ ਘੰਟੇ ਵਿੱਚ","two":[{"t":"idOrVar","v":"value"}," ਘੰਟਿਆਂ ਵਿੱਚ"],"few":[{"t":"idOrVar","v":"value"}," ਘੰਟਿਆਂ ਵਿੱਚ"],"many":[{"t":"idOrVar","v":"value"}," ਘੰਟਿਆਂ ਵਿੱਚ"],"other":[{"t":"idOrVar","v":"value"}," ਘੰਟਿਆਂ ਵਿੱਚ"]},"$x":[{"t":"idOrVar","v":"plural"},"value"]},{"$i":"days-until-long","$v":{"zero":"ਅੱਜ","one":"ਆਉਣ ਵਾਲਾ ਕੱਲ","two":[{"t":"idOrVar","v":"value"}," ਦਿਨਾਂ ਵਿੱਚ"],"few":[{"t":"idOrVar","v":"value"}," ਦਿਨਾਂ ਵਿੱਚ"],"many":[{"t":"idOrVar","v":"value"}," ਦਿਨਾਂ ਵਿੱਚ"],"other":[{"t":"idOrVar","v":"value"}," ਦਿਨਾਂ ਵਿੱਚ"]},"$x":[{"t":"idOrVar","v":"plural"},"value"]},{"$i":"weeks-until-long","$v":{"zero":"ਇਹ ਹਫ਼ਤਾ","one":"ਅਗਲਾ ਹਫ਼ਤਾ","two":[{"t":"idOrVar","v":"value"}," ਹਫ਼ਤਿਆਂ ਵਿੱਚ"],"few":[{"t":"idOrVar","v":"value"}," ਹਫ਼ਤਿਆਂ ਵਿੱਚ"],"many":[{"t":"idOrVar","v":"value"}," ਹਫ਼ਤਿਆਂ ਵਿੱਚ"],"other":[{"t":"idOrVar","v":"value"}," ਹਫ਼ਤਿਆਂ ਵਿੱਚ"]},"$x":[{"t":"idOrVar","v":"plural"},"value"]},{"$i":"months-until-long","$v":{"zero":"ਇਹ ਮਹੀਨਾ","one":"ਅਗਲਾ ਮਹੀਨਾ","two":[{"t":"idOrVar","v":"value"}," ਮਹੀਨਿਆਂ ਵਿੱਚ"],"few":[{"t":"idOrVar","v":"value"}," ਮਹੀਨਿਆਂ ਵਿੱਚ"],"many":[{"t":"idOrVar","v":"value"}," ਮਹੀਨਿਆਂ ਵਿੱਚ"],"other":[{"t":"idOrVar","v":"value"}," ਮਹੀਨਿਆਂ ਵਿੱਚ"]},"$x":[{"t":"idOrVar","v":"plural"},"value"]},{"$i":"years-until-long","$v":{"zero":"ਇਹ ਸਾਲ","one":"ਅਗਲਾ ਸਾਲ","two":[{"t":"idOrVar","v":"value"}," ਸਾਲਾਂ ਵਿੱਚ"],"few":[{"t":"idOrVar","v":"value"}," ਸਾਲਾਂ ਵਿੱਚ"],"many":[{"t":"idOrVar","v":"value"}," ਸਾਲਾਂ ਵਿੱਚ"],"other":[{"t":"idOrVar","v":"value"}," ਸਾਲਾਂ ਵਿੱਚ"]},"$x":[{"t":"idOrVar","v":"plural"},"value"]},{"$i":"minutes-ago-short","$v":{"zero":"ਸਿਰਫ਼ ਹੁਣ","other":[{"t":"idOrVar","v":"value"}," ਮਿੰਟ ਪਹਿਲਾਂ"]},"$x":[{"t":"idOrVar","v":"plural"},"value"]},{"$i":"hours-ago-short","$v":{"zero":"ਸਿਰਫ਼ ਹੁਣ","other":[{"t":"idOrVar","v":"value"}," ਘੰਟਾ ਪਹਿਲਾਂ"]},"$x":[{"t":"idOrVar","v":"plural"},"value"]},{"$i":"days-ago-short","$v":{"zero":"ਅੱਜ","other":[{"t":"idOrVar","v":"value"}," ਦਿਨ ਪਹਿਲਾਂ"]},"$x":[{"t":"idOrVar","v":"plural"},"value"]},{"$i":"minutes-until-short","$v":{"zero":"ਹੁਣ","other":[{"t":"idOrVar","v":"value"}," ਮਿੰਟ ਵਿੱਚ"]},"$x":[{"t":"idOrVar","v":"plural"},"value"]},{"$i":"hours-until-short","$v":{"zero":"ਹੁਣ","other":[{"t":"idOrVar","v":"value"}," ਘੰਟੇ ਵਿੱਚ"]},"$x":[{"t":"idOrVar","v":"plural"},"value"]},{"$i":"days-until-short","$v":{"zero":"ਅੱਜ","other":[{"t":"idOrVar","v":"value"}," ਦਿਨ ਵਿੱਚ"]},"$x":[{"t":"idOrVar","v":"plural"},"value"]},{"$i":"incorrectDate","$v":"(ਗਲਤ ਮਿਤੀ)"},{"$i":"dateTimeFormat_%c","$v":"%a %b %e %Y %I:%M:%S %p"},{"$i":"dateTimeFormat_%x","$v":"%m/%d/%Y"},{"$i":"dateTimeFormat_%X","$v":"%I:%M:%S %p"},{"$i":"shortTimeFormat","$v":"%I:%M %p"},{"$i":"shortTimeFormat12","$v":"%I:%M %p"},{"$i":"shortTimeFormat24","$v":"%H:%M"},{"$i":"shortDateTimeFormat","$v":"%x %I:%M %p"},{"$i":"weekStartsOnMonday","$v":"0"},{"$i":"firstDayOfTheWeek","$v":"0"},{"$i":"time_am","$v":"AM"},{"$i":"time_pm","$v":"PM"}]