[{"$i":"notes","$v":"नोठ"},{"$i":"new","$v":"नयो"},{"$i":"enter","$v":"एंटर"},{"$i":"edit","$v":"फेरबदल"},{"$i":"select","$v":"चूंडियो"},{"$i":"delete","$v":"रदि"},{"$i":"share","$v":"वर्च"},{"$i":"search","$v":"गो॒ल्हि"},{"$i":"sort-by","$v":"छाटल पारां"},{"$i":"done","$v":"पुरो थियो"},{"$i":"note-deleted","$v":"नोट हज़फ़ थियो."},{"$i":"delete-confirm","$v":"तसिदीक़"},{"$i":"share-by-mail","$v":"इमेल"},{"$i":"share-by-sms","$v":"पैग़ामु"},{"$i":"share-by-bluetooth","$v":"बल्तुथ"},{"$i":"sort-by-date-edited","$v":"तदवीन जी तारीख़"},{"$i":"sort-by-date-created","$v":"तख़्लीक़ जी तारीख़"},{"$i":"sort-by-title","$v":"उपाधी"},{"$i":"cancel","$v":"मंसूख़ कर्यो"},{"$i":"options","$v":"इख़्तियारु"},{"$i":"save","$v":"साघो"},{"$i":"discard","$v":"रदि"},{"$i":"no-notes","$v":"नोट ख़ाली आहे, हिकु नओं नोट इज़ाफ़ो करणु लाइ महिरबानी करे नओं खे दॿायो."},{"$i":"search-message","$v":"महिरबानी करे के वर्ड दाख़िलु कर्यो."},{"$i":"full-storage-title","$v":"ज़ख़ीरो भरियल"},{"$i":"full-storage-content","$v":"वधीक मुफ़्त जॻह हासिलु करणु लाइ तवहां कुझु फाइलों हज़फ़ करे या एपली केशन डेटा मुनज़्ज़म करे सगहो था?"},{"$i":"go-to-settings","$v":"सीटनगन ॾांहुं वञो"},{"$i":"deleteNote","$v":"नोट हज़फ़ कर्यो?"},{"$i":"sortby-editTime","$v":"तदवीन जी तारीख़ सां तरतीब ॾिनल."},{"$i":"sortby-createTime","$v":"तख़्लीक़ जी तारीख़ सां तरतीब ॾिनल."},{"$i":"sortby-title","$v":"उनिवान सां तरतीब ॾिनल."},{"$i":"confirmation-title","$v":"तसिदीक़"},{"$i":"cancel-confirmation-content","$v":"आख़िरी तदवीन बर्ख़ास्त कई वेंदी छा तवहां इहो नोट महफूज़ु करणु चाहियो था?"},{"$i":"today","$v":"अजु॒"},{"$i":"yesterday","$v":"कुल्हा"},{"$i":"weekday-0-long","$v":"आर्तवारु"},{"$i":"weekday-1-long","$v":"सुमर"},{"$i":"weekday-2-long","$v":"मंगल"},{"$i":"weekday-3-long","$v":"बु॒धर"},{"$i":"weekday-4-long","$v":"विशपत"},{"$i":"weekday-5-long","$v":"जुमो"},{"$i":"weekday-6-long","$v":"छंछरु"},{"$i":"weekday-0-short","$v":"आचरु"},{"$i":"weekday-1-short","$v":"सूमरु"},{"$i":"weekday-2-short","$v":"अङारो"},{"$i":"weekday-3-short","$v":"अर्बा"},{"$i":"weekday-4-short","$v":"ख़मीस"},{"$i":"weekday-5-short","$v":"जमावं"},{"$i":"weekday-6-short","$v":"छंछरु"},{"$i":"month-0-long","$v":"जनॿीहर"},{"$i":"month-1-long","$v":"फ़ीबरॿीहर"},{"$i":"month-2-long","$v":"मार्चु"},{"$i":"month-3-long","$v":"अप्रेलु"},{"$i":"month-4-long","$v":"मुई"},{"$i":"month-5-long","$v":"जूनि"},{"$i":"month-6-long","$v":"जूलाइ"},{"$i":"month-7-long","$v":"आगस्टु"},{"$i":"month-8-long","$v":"सेप्टेम्बरु"},{"$i":"month-9-long","$v":"आक्टोबरु"},{"$i":"month-10-long","$v":"नवम्बरु"},{"$i":"month-11-long","$v":"डिसम्बरु"},{"$i":"month-0-genitive","$v":"जनॿीहर"},{"$i":"month-1-genitive","$v":"फ़ीबरॿीहर"},{"$i":"month-2-genitive","$v":"मार्चु"},{"$i":"month-3-genitive","$v":"अप्रेलु"},{"$i":"month-4-genitive","$v":"मुई"},{"$i":"month-5-genitive","$v":"जूनि"},{"$i":"month-6-genitive","$v":"जूलाइ"},{"$i":"month-7-genitive","$v":"आगस्टु"},{"$i":"month-8-genitive","$v":"सेप्टेम्बरु"},{"$i":"month-9-genitive","$v":"आक्टोबरु"},{"$i":"month-10-genitive","$v":"नवम्बरु"},{"$i":"month-11-genitive","$v":"डिसम्बरु"},{"$i":"month-0-short","$v":"जनॿीहर"},{"$i":"month-1-short","$v":"फ़ीबरॿीहर"},{"$i":"month-2-short","$v":"मार्चु"},{"$i":"month-3-short","$v":"अप्रेलु"},{"$i":"month-4-short","$v":"मुई"},{"$i":"month-5-short","$v":"जनॿीहर"},{"$i":"month-6-short","$v":"जूलाइ"},{"$i":"month-7-short","$v":"आगस्टु"},{"$i":"month-8-short","$v":"सेप्टेम्बरु"},{"$i":"month-9-short","$v":"आक्टोबरु"},{"$i":"month-10-short","$v":"नवम्बरु"},{"$i":"month-11-short","$v":"डिसम्बरु"},{"$i":"minutes-ago-long","$v":{"zero":"बिलकुल हाणे","one":"हिक मिंटु अॻु","two":[{"t":"idOrVar","v":"value"}," मिंटु अॻु"],"few":[{"t":"idOrVar","v":"value"}," मिंटु अॻु"],"many":[{"t":"idOrVar","v":"value"}," मिंटु अॻु"],"other":[{"t":"idOrVar","v":"value"}," मिंटु अॻु"]},"$x":[{"t":"idOrVar","v":"plural"},"value"]},{"$i":"hours-ago-long","$v":{"zero":"बिलकुल हाणे","one":"हिक कलाकु अॻु","two":[{"t":"idOrVar","v":"value"}," कलाकु अॻु"],"few":[{"t":"idOrVar","v":"value"}," कलाकु अॻु"],"many":[{"t":"idOrVar","v":"value"}," कलाकु अॻु"],"other":[{"t":"idOrVar","v":"value"}," कलाकु अॻु"]},"$x":[{"t":"idOrVar","v":"plural"},"value"]},{"$i":"days-ago-long","$v":{"zero":"अजु॒","one":"कुल्हा","two":[{"t":"idOrVar","v":"value"}," ॾींहुं अॻु"],"few":[{"t":"idOrVar","v":"value"}," ॾींहुं अॻु"],"many":[{"t":"idOrVar","v":"value"}," ॾींहुं अॻु"],"other":[{"t":"idOrVar","v":"value"}," ॾींहुं अॻु"]},"$x":[{"t":"idOrVar","v":"plural"},"value"]},{"$i":"weeks-ago-long","$v":{"zero":"हुन हफ़्ते","one":"गुज़िरियल हफ़्ते","two":[{"t":"idOrVar","v":"value"}," हफ़ता अॻु"],"few":[{"t":"idOrVar","v":"value"}," हफ़ता अॻु"],"many":[{"t":"idOrVar","v":"value"}," हफ़ता अॻु"],"other":[{"t":"idOrVar","v":"value"}," हफ़ता अॻु"]},"$x":[{"t":"idOrVar","v":"plural"},"value"]},{"$i":"months-ago-long","$v":{"zero":"हुन महीने","one":"गुज़िरियल महीने","two":[{"t":"idOrVar","v":"value"}," महीना अॻु"],"few":[{"t":"idOrVar","v":"value"}," महीना अॻु"],"many":[{"t":"idOrVar","v":"value"}," महीना अॻु"],"other":[{"t":"idOrVar","v":"value"}," महीना अॻु"]},"$x":[{"t":"idOrVar","v":"plural"},"value"]},{"$i":"years-ago-long","$v":{"zero":"हुन सालु","one":"गुज़िरियल सालु","two":[{"t":"idOrVar","v":"value"}," सालु अॻु"],"few":[{"t":"idOrVar","v":"value"}," सालु अॻु"],"many":[{"t":"idOrVar","v":"value"}," सालु अॻु"],"other":[{"t":"idOrVar","v":"value"}," सालु अॻु"]},"$x":[{"t":"idOrVar","v":"plural"},"value"]},{"$i":"minutes-until-long","$v":{"zero":"हाणि","one":"हिक मिंटु में","two":[{"t":"idOrVar","v":"value"}," मिन्टनि में"],"few":[{"t":"idOrVar","v":"value"}," मिन्टनि में"],"many":[{"t":"idOrVar","v":"value"}," मिन्टनि में"],"other":[{"t":"idOrVar","v":"value"}," मिन्टनि में"]},"$x":[{"t":"idOrVar","v":"plural"},"value"]},{"$i":"hours-until-long","$v":{"zero":"हाणि","one":"हिक कलाकु में","two":[{"t":"idOrVar","v":"value"}," कलाकनि में"],"few":[{"t":"idOrVar","v":"value"}," कलाकनि में"],"many":[{"t":"idOrVar","v":"value"}," कलाकनि में"],"other":[{"t":"idOrVar","v":"value"}," कलाकनि में"]},"$x":[{"t":"idOrVar","v":"plural"},"value"]},{"$i":"days-until-long","$v":{"zero":"अजु॒","one":"सुभाणे","two":[{"t":"idOrVar","v":"value"}," ॾींहुं में"],"few":[{"t":"idOrVar","v":"value"}," ॾींहुं में"],"many":[{"t":"idOrVar","v":"value"}," ॾींहुं में"],"other":[{"t":"idOrVar","v":"value"}," ॾींहुं में"]},"$x":[{"t":"idOrVar","v":"plural"},"value"]},{"$i":"weeks-until-long","$v":{"zero":"हुन हफ़्ते","one":"ईंदड़ सालु","two":[{"t":"idOrVar","v":"value"}," हफ़्तनि में"],"few":[{"t":"idOrVar","v":"value"}," हफ़्तनि में"],"many":[{"t":"idOrVar","v":"value"}," हफ़्तनि में"],"other":[{"t":"idOrVar","v":"value"}," हफ़्तनि में"]},"$x":[{"t":"idOrVar","v":"plural"},"value"]},{"$i":"months-until-long","$v":{"zero":"हुन महीने","one":"ईंदड़ महीने","two":[{"t":"idOrVar","v":"value"}," महीननि में"],"few":[{"t":"idOrVar","v":"value"}," महीननि में"],"many":[{"t":"idOrVar","v":"value"}," महीननि में"],"other":[{"t":"idOrVar","v":"value"}," महीननि में"]},"$x":[{"t":"idOrVar","v":"plural"},"value"]},{"$i":"years-until-long","$v":{"zero":"हुन सालु","one":"ईंदड़ सालु","two":[{"t":"idOrVar","v":"value"}," सालनि में"],"few":[{"t":"idOrVar","v":"value"}," सालनि में"],"many":[{"t":"idOrVar","v":"value"}," सालनि में"],"other":[{"t":"idOrVar","v":"value"}," सालनि में"]},"$x":[{"t":"idOrVar","v":"plural"},"value"]},{"$i":"minutes-ago-short","$v":{"zero":"बिलकुल हाणे","other":[{"t":"idOrVar","v":"value"}," मिंटु अॻु"]},"$x":[{"t":"idOrVar","v":"plural"},"value"]},{"$i":"hours-ago-short","$v":{"zero":"बिलकुल हाणे","other":[{"t":"idOrVar","v":"value"}," कलाकु अॻु"]},"$x":[{"t":"idOrVar","v":"plural"},"value"]},{"$i":"days-ago-short","$v":{"zero":"अजु॒","other":[{"t":"idOrVar","v":"value"}," ॾींहुं अॻु"]},"$x":[{"t":"idOrVar","v":"plural"},"value"]},{"$i":"minutes-until-short","$v":{"zero":"हाणि","other":[{"t":"idOrVar","v":"value"},"m में"]},"$x":[{"t":"idOrVar","v":"plural"},"value"]},{"$i":"hours-until-short","$v":{"zero":"हाणि","other":[{"t":"idOrVar","v":"value"},"h में"]},"$x":[{"t":"idOrVar","v":"plural"},"value"]},{"$i":"days-until-short","$v":{"zero":"अजु॒","other":[{"t":"idOrVar","v":"value"},"d में"]},"$x":[{"t":"idOrVar","v":"plural"},"value"]},{"$i":"incorrectDate","$v":"( ग़लति तारीख़)"},{"$i":"dateTimeFormat_%c","$v":"%a %b %e %Y %I:%M:%S %p"},{"$i":"dateTimeFormat_%x","$v":"%m/%d/%Y"},{"$i":"dateTimeFormat_%X","$v":"%I:%M:%S %p"},{"$i":"shortTimeFormat","$v":"%I:%M %p"},{"$i":"shortTimeFormat12","$v":"%I:%M %p"},{"$i":"shortTimeFormat24","$v":"%H:%M"},{"$i":"shortDateTimeFormat","$v":"%x %I:%M %p"},{"$i":"weekStartsOnMonday","$v":"0"},{"$i":"firstDayOfTheWeek","$v":"0"},{"$i":"time_am","$v":"AM"},{"$i":"time_pm","$v":"PM"}]