[{"$i":"notes","$v":"గమనిక"},{"$i":"new","$v":"కొత్త"},{"$i":"enter","$v":"నమోదు చేయి"},{"$i":"edit","$v":"సవరించు"},{"$i":"select","$v":"ఎంచుకోండి"},{"$i":"delete","$v":"తొలగించు"},{"$i":"share","$v":"పంచుకోండి"},{"$i":"search","$v":"శోధించు"},{"$i":"sort-by","$v":"దీని ద్వారా క్రమబద్ధీకరణ"},{"$i":"done","$v":"పూర్తయింది"},{"$i":"note-deleted","$v":"గమనిక తొలగించబడింది."},{"$i":"delete-confirm","$v":"నిర్ధారణ"},{"$i":"share-by-mail","$v":"ఈమెయిల్‌"},{"$i":"share-by-sms","$v":"సందేశాలు"},{"$i":"share-by-bluetooth","$v":"బ్లూటూత్"},{"$i":"sort-by-date-edited","$v":"తేదీ సవరించబడినది"},{"$i":"sort-by-date-created","$v":"తేదీ రూపొందించబడింది"},{"$i":"sort-by-title","$v":"శీర్షిక"},{"$i":"cancel","$v":"రద్దు చేయి"},{"$i":"options","$v":"ఎంపికలు"},{"$i":"save","$v":"సేవ్ చేయి"},{"$i":"discard","$v":"విస్మరించు"},{"$i":"no-notes","$v":"గమనిక ఖాళీగా ఉంది, కొత్త గమనికని జోడించడానికి దయచేసి కొత్తది నొక్కండి."},{"$i":"search-message","$v":"దయచేసి కీ పదాలను నమోదు చేయండి."},{"$i":"full-storage-title","$v":"స్టోరేజ్ నిండింది"},{"$i":"full-storage-content","$v":"మీరు మరింత ఖాళీ స్థలాన్ని పొందడానికి కొన్ని మీడియా ఫైల్లను తొలగించవచ్చు లేదా యాప్ డేటాను నిర్వహించవచ్చు."},{"$i":"go-to-settings","$v":"సెట్టింగ్స్‌కి వెళ్ళండి"},{"$i":"deleteNote","$v":"గమనికను తొలగించాలా?"},{"$i":"sortby-editTime","$v":"సవరించిన తేదీ ప్రకారం క్రమబద్ధీకరించబడింది."},{"$i":"sortby-createTime","$v":"రూపొందించిన తేదీ ప్రకారం క్రమబద్ధీకరించబడింది."},{"$i":"sortby-title","$v":"శీర్షిక ద్వారా క్రమబద్ధీకరించబడింది."},{"$i":"confirmation-title","$v":"నిర్ధారణ"},{"$i":"cancel-confirmation-content","$v":"చివరి సవరణ తీసివేయబడుతుంది. మీరు ఈ గమనికను సేవ్ చేయాలనుకుంటున్నారా?"},{"$i":"today","$v":"ఈరోజు"},{"$i":"yesterday","$v":"నిన్న"},{"$i":"weekday-0-long","$v":"ఆదివారం"},{"$i":"weekday-1-long","$v":"సోమవారం"},{"$i":"weekday-2-long","$v":"మంగళవారం"},{"$i":"weekday-3-long","$v":"బుధవారం"},{"$i":"weekday-4-long","$v":"గురువారం"},{"$i":"weekday-5-long","$v":"శుక్రవారం"},{"$i":"weekday-6-long","$v":"శనివారం"},{"$i":"weekday-0-short","$v":"ఆది"},{"$i":"weekday-1-short","$v":"సోమ"},{"$i":"weekday-2-short","$v":"మంగళ"},{"$i":"weekday-3-short","$v":"బుధ"},{"$i":"weekday-4-short","$v":"గురు"},{"$i":"weekday-5-short","$v":"శుక్ర"},{"$i":"weekday-6-short","$v":"శని"},{"$i":"month-0-long","$v":"జనవరి"},{"$i":"month-1-long","$v":"ఫిబ్రవరి"},{"$i":"month-2-long","$v":"మార్చి"},{"$i":"month-3-long","$v":"ఏప్రిల్"},{"$i":"month-4-long","$v":"మే"},{"$i":"month-5-long","$v":"జూన్"},{"$i":"month-6-long","$v":"జూలై"},{"$i":"month-7-long","$v":"ఆగష్టు"},{"$i":"month-8-long","$v":"సెప్టెంబరు"},{"$i":"month-9-long","$v":"అక్టోబర్"},{"$i":"month-10-long","$v":"నవంబర్"},{"$i":"month-11-long","$v":"డిసెంబర్"},{"$i":"month-0-genitive","$v":"జనవరి"},{"$i":"month-1-genitive","$v":"ఫిబ్రవరి"},{"$i":"month-2-genitive","$v":"మార్చి"},{"$i":"month-3-genitive","$v":"ఏప్రిల్"},{"$i":"month-4-genitive","$v":"మే"},{"$i":"month-5-genitive","$v":"జూన్"},{"$i":"month-6-genitive","$v":"జూలై"},{"$i":"month-7-genitive","$v":"ఆగష్టు"},{"$i":"month-8-genitive","$v":"సెప్టెంబరు"},{"$i":"month-9-genitive","$v":"అక్టోబర్"},{"$i":"month-10-genitive","$v":"నవంబర్"},{"$i":"month-11-genitive","$v":"డిసెంబర్"},{"$i":"month-0-short","$v":"జనవరి"},{"$i":"month-1-short","$v":"ఫిబ్రవరి"},{"$i":"month-2-short","$v":"మార్చి"},{"$i":"month-3-short","$v":"ఏప్రిల్"},{"$i":"month-4-short","$v":"మే"},{"$i":"month-5-short","$v":"జూన్"},{"$i":"month-6-short","$v":"జూలై"},{"$i":"month-7-short","$v":"ఆగష్టు"},{"$i":"month-8-short","$v":"సెప్టెంబరు"},{"$i":"month-9-short","$v":"అక్టోబర్"},{"$i":"month-10-short","$v":"నవంబర్"},{"$i":"month-11-short","$v":"డిసెంబర్"},{"$i":"minutes-ago-long","$v":{"zero":"ఇప్పుడే","one":"నిమిషం క్రితం","two":[{"t":"idOrVar","v":"value"}," నిమిషాల క్రితం"],"few":[{"t":"idOrVar","v":"value"}," నిమిషాల క్రితం"],"many":[{"t":"idOrVar","v":"value"}," నిమిషాల క్రితం"],"other":[{"t":"idOrVar","v":"value"}," నిమిషాల క్రితం"]},"$x":[{"t":"idOrVar","v":"plural"},"value"]},{"$i":"hours-ago-long","$v":{"zero":"ఇప్పుడే","one":"గంట క్రితం","two":[{"t":"idOrVar","v":"value"}," గంటల క్రితం"],"few":[{"t":"idOrVar","v":"value"}," గంటల క్రితం"],"many":[{"t":"idOrVar","v":"value"}," గంటల క్రితం"],"other":[{"t":"idOrVar","v":"value"}," గంటల క్రితం"]},"$x":[{"t":"idOrVar","v":"plural"},"value"]},{"$i":"days-ago-long","$v":{"zero":"ఈరోజు","one":"నిన్న","two":[{"t":"idOrVar","v":"value"}," రోజుల క్రితం"],"few":[{"t":"idOrVar","v":"value"}," రోజుల క్రితం"],"many":[{"t":"idOrVar","v":"value"}," రోజుల క్రితం"],"other":[{"t":"idOrVar","v":"value"}," రోజుల క్రితం"]},"$x":[{"t":"idOrVar","v":"plural"},"value"]},{"$i":"weeks-ago-long","$v":{"zero":"ఈ వారం","one":"గత వారం","two":[{"t":"idOrVar","v":"value"}," వారాల క్రితం"],"few":[{"t":"idOrVar","v":"value"}," వారాల క్రితం"],"many":[{"t":"idOrVar","v":"value"}," వారాల క్రితం"],"other":[{"t":"idOrVar","v":"value"}," వారాల క్రితం"]},"$x":[{"t":"idOrVar","v":"plural"},"value"]},{"$i":"months-ago-long","$v":{"zero":"ఈ నెల","one":"గత నెల","two":[{"t":"idOrVar","v":"value"}," నెలల క్రితం"],"few":[{"t":"idOrVar","v":"value"}," నెలల క్రితం"],"many":[{"t":"idOrVar","v":"value"}," నెలల క్రితం"],"other":[{"t":"idOrVar","v":"value"}," నెలల క్రితం"]},"$x":[{"t":"idOrVar","v":"plural"},"value"]},{"$i":"years-ago-long","$v":{"zero":"ఈ సంవత్సరం","one":"గత సంవత్సరం","two":[{"t":"idOrVar","v":"value"}," సంవత్సరాల క్రితం"],"few":[{"t":"idOrVar","v":"value"}," సంవత్సరాల క్రితం"],"many":[{"t":"idOrVar","v":"value"}," సంవత్సరాల క్రితం"],"other":[{"t":"idOrVar","v":"value"}," సంవత్సరాల క్రితం"]},"$x":[{"t":"idOrVar","v":"plural"},"value"]},{"$i":"minutes-until-long","$v":{"zero":"ఇప్పుడు","one":"నిమిషంలో","two":[{"t":"idOrVar","v":"value"}," నిమిషాల్లో"],"few":[{"t":"idOrVar","v":"value"}," నిమిషాల్లో"],"many":[{"t":"idOrVar","v":"value"}," నిమిషాల్లో"],"other":[{"t":"idOrVar","v":"value"}," నిమిషాల్లో"]},"$x":[{"t":"idOrVar","v":"plural"},"value"]},{"$i":"hours-until-long","$v":{"zero":"ఇప్పుడు","one":"గంటలో","two":[{"t":"idOrVar","v":"value"}," గంటల్లో"],"few":[{"t":"idOrVar","v":"value"}," గంటల్లో"],"many":[{"t":"idOrVar","v":"value"}," గంటల్లో"],"other":[{"t":"idOrVar","v":"value"}," గంటల్లో"]},"$x":[{"t":"idOrVar","v":"plural"},"value"]},{"$i":"days-until-long","$v":{"zero":"ఈరోజు","one":"రేపు","two":[{"t":"idOrVar","v":"value"}," రోజుల్లో"],"few":[{"t":"idOrVar","v":"value"}," రోజుల్లో"],"many":[{"t":"idOrVar","v":"value"}," రోజుల్లో"],"other":[{"t":"idOrVar","v":"value"}," రోజుల్లో"]},"$x":[{"t":"idOrVar","v":"plural"},"value"]},{"$i":"weeks-until-long","$v":{"zero":"ఈ వారం","one":"తదుపరి వారం","two":[{"t":"idOrVar","v":"value"}," వారాల్లో"],"few":[{"t":"idOrVar","v":"value"}," వారాల్లో"],"many":[{"t":"idOrVar","v":"value"}," వారాల్లో"],"other":[{"t":"idOrVar","v":"value"}," వారాల్లో"]},"$x":[{"t":"idOrVar","v":"plural"},"value"]},{"$i":"months-until-long","$v":{"zero":"ఈ నెల","one":"తదుపరి నెల","two":[{"t":"idOrVar","v":"value"}," నెలల్లో"],"few":[{"t":"idOrVar","v":"value"}," నెలల్లో"],"many":[{"t":"idOrVar","v":"value"}," నెలల్లో"],"other":[{"t":"idOrVar","v":"value"}," నెలల్లో"]},"$x":[{"t":"idOrVar","v":"plural"},"value"]},{"$i":"years-until-long","$v":{"zero":"ఈ సంవత్సరం","one":"తదుపరి సంవత్సరం","two":"{value}} సంవత్సరాల్లో","few":"{value}} సంవత్సరాల్లో","many":"{value}} సంవత్సరాల్లో","other":"{value}} సంవత్సరాల్లో"},"$x":[{"t":"idOrVar","v":"plural"},"value"]},{"$i":"minutes-ago-short","$v":{"zero":"ఇప్పుడే","other":[{"t":"idOrVar","v":"value"},"నిమిషం క్రితం"]},"$x":[{"t":"idOrVar","v":"plural"},"value"]},{"$i":"hours-ago-short","$v":{"zero":"ఇప్పుడే","other":[{"t":"idOrVar","v":"value"},"గంట క్రితం"]},"$x":[{"t":"idOrVar","v":"plural"},"value"]},{"$i":"days-ago-short","$v":{"zero":"ఈరోజు","other":[{"t":"idOrVar","v":"value"},"రోజు క్రితం"]},"$x":[{"t":"idOrVar","v":"plural"},"value"]},{"$i":"minutes-until-short","$v":{"zero":"ఇప్పుడు","other":[{"t":"idOrVar","v":"value"},"నిమిషాల్లో"]},"$x":[{"t":"idOrVar","v":"plural"},"value"]},{"$i":"hours-until-short","$v":{"zero":"ఇప్పుడు","other":[{"t":"idOrVar","v":"value"},"గంటలో"]},"$x":[{"t":"idOrVar","v":"plural"},"value"]},{"$i":"days-until-short","$v":{"zero":"ఈరోజు","other":[{"t":"idOrVar","v":"value"},"తేదీలో"]},"$x":[{"t":"idOrVar","v":"plural"},"value"]},{"$i":"incorrectDate","$v":"(తప్పుగా ఉన్న తేదీ)"},{"$i":"dateTimeFormat_%c","$v":"%a %b %e %Y %I:%M:%S %p"},{"$i":"dateTimeFormat_%x","$v":"%m/%d/%Y"},{"$i":"dateTimeFormat_%X","$v":"%I:%M:%S %p"},{"$i":"shortTimeFormat","$v":"%I:%M %p"},{"$i":"shortTimeFormat12","$v":"%I:%M %p"},{"$i":"shortTimeFormat24","$v":"%H:%M"},{"$i":"shortDateTimeFormat","$v":"%x %I:%M %p"},{"$i":"weekStartsOnMonday","$v":"0"},{"$i":"firstDayOfTheWeek","$v":"0"},{"$i":"time_am","$v":"AM"},{"$i":"time_pm","$v":"PM"}]