[{"$i":"music","$v":"সঙ্গীত"},{"$i":"mix","$v":"সান-মিহলি কৰক"},{"$i":"playlists","$v":"প্লেলিস্ট"},{"$i":"artists","$v":"চিত্ৰকৰসকল"},{"$i":"albums","$v":"এলবামসমূহ"},{"$i":"songs","$v":"গীতসমূহ"},{"$i":"more","$v":"অধিক"},{"$i":"songName","$v":"গীতৰ নাম"},{"$i":"songArtist","$v":"গীতৰ শিল্পী"},{"$i":"songAlbum","$v":"গীতৰ এলবাম"},{"$i":"unknownArtist","$v":"অজ্ঞাত শিল্পী"},{"$i":"unknownAlbum","$v":"অজ্ঞাত এলবাম"},{"$i":"unknownTitle","$v":"অজ্ঞাত শিৰোনামা"},{"$i":"empty-title","$v":"আৰম্ভ কৰিবলৈ গীতসমূহ যোগ কৰক"},{"$i":"empty-text","$v":"সঙ্গীত লাইব্ৰেৰী খালী ৷ আৰম্ভ কৰিবলৈ ষ্টোৰেজলৈ গীতসমূহ যোগ কৰক ৷"},{"$i":"nocard2-title","$v":"কোনো মেম’ৰী কাৰ্ড পোৱা নাই"},{"$i":"nocard3-text","$v":"মেম’ৰী কাৰ্ড উপলব্ধ নহয় । আৰম্ভ কৰিবলৈ এখন মেম’ৰী কাৰ্ড ভৰাওক"},{"$i":"pluggedin-title","$v":"ফোন প্লাগত থকা অৱস্থাত সঙ্গীত ব্যৱহাৰ কৰিব পৰা নাযাব"},{"$i":"pluggedin-text","$v":"ষ্টোৰেজ বৰ্তমান ব্যৱহাৰ হৈ আছে ৷ অনুগ্ৰহ কৰি এই এপটো ব্যৱহাৰ কৰিবলৈ ফোনটো আনপ্লাগ কৰক ৷"},{"$i":"upgrade-title","$v":"ডাটাবেচ উন্নীতকৰণ"},{"$i":"upgrade-text","$v":"অনুগ্ৰহ কৰি সঙ্গীতে ইয়াৰ ডাটাবেচ আপডেট কৰাৰ সময়ত অপেক্ষা কৰক ৷"},{"$i":"search-music","placeholder":"অনুসন্ধান কৰক"},{"$i":"search-cancel","$v":"বাতিল কৰক"},{"$i":"search-artists","$v":"চিত্ৰকৰসকল"},{"$i":"search-albums","$v":"এলবামসমূহ"},{"$i":"search-titles","$v":"ট্ৰেকসমূহ"},{"$i":"search-close","$v":"বন্ধ কৰক"},{"$i":"search-no-result","$v":"কোনো ট্ৰেক পোৱা নাই"},{"$i":"artists-search-no-result","$v":"কোনো শিল্পী পোৱা নাই"},{"$i":"albums-search-no-result","$v":"কোনো এলবাম পোৱা নাই"},{"$i":"playlists-shuffle-all","$v":"সকলো চাফল কৰক"},{"$i":"playlists-recently-added","$v":"শেহতীয়াকৈ যোগ কৰা"},{"$i":"playlists-most-played","$v":"সৰ্বাধিক বজোৱা"},{"$i":"playlists-discover","$v":"আৱিস্কাৰ কৰক"},{"$i":"no-played-songs","$v":"আপুনি এতিয়ালৈকে কোনো গান বজোৱা নাই"},{"$i":"no-recently-added","$v":"কোনো নতুন গান শেহতীয়াকৈ যোগ কৰা নাই"},{"$i":"playlists-highest-rated","$v":"উচ্চতম ৰেট দিয়া হৈছে"},{"$i":"picker-title","$v":"এটা ট্ৰেক বাছনি কৰক"},{"$i":"save","$v":"ছেভ কৰক"},{"$i":"saved","$v":"সঙ্গীত লাইব্ৰেৰীলৈ চেভ কৰা হৈছে ৷"},{"$i":"audioinvalid","$v":"অডিঅ’ বজাব পৰা নাযাব: ফৰ্মেট অসমৰ্থিত বা ফাইলটো অবৈধ।"},{"$i":"overlay-cancel-button","$v":"বাতিল কৰক"},{"$i":"music-paused-notification","$v":"কল চলি থকা সময়ত সঙ্গীত ৰখিছিল"},{"$i":"done","$v":"কৰা হল"},{"$i":"share-song","ariaLabel":"শ্বেয়াৰ কৰক"},{"$i":"player-album-rating","ariaLabel":"ৰেটিং"},{"$i":"rating-star","ariaLabel":{"$x":[{"t":"idOrVar","v":"plural"},"n"],"$v":{"zero":[{"t":"idOrVar","v":"n"}," স্টাৰ"],"one":[{"t":"idOrVar","v":"n"}," স্টাৰ"],"two":[{"t":"idOrVar","v":"n"}," স্টাৰ"],"few":[{"t":"idOrVar","v":"n"}," স্টাৰ"],"many":[{"t":"idOrVar","v":"n"}," স্টাৰ"],"other":[{"t":"idOrVar","v":"n"}," স্টাৰ"]}}},{"$i":"go-to-player-view","ariaLabel":"প্লেয়াৰ ভিউলৈ যাওক"},{"$i":"repeat-off","ariaLabel":"পুনৰাবৃত্তি অফ"},{"$i":"repeat-list","ariaLabel":"সকলো পুনৰাবৃত্তি কৰক"},{"$i":"repeat-song","ariaLabel":"ট্ৰেক পুনৰাবৃত্তি কৰক"},{"$i":"shuffle-toggle","ariaLabel":"চাফল কৰক"},{"$i":"mix-tab","ariaLabel":"সান-মিহলি কৰক"},{"$i":"playlists-tab","ariaLabel":"প্লেলিষ্টসমূহ"},{"$i":"artists-tab","ariaLabel":"চিত্ৰকৰসকল"},{"$i":"albums-tab","ariaLabel":"এলবামসমূহ"},{"$i":"songs-tab","ariaLabel":"গীতসমূহ"},{"$i":"check","$v":"বাছনি কৰক"},{"$i":"remove-track","$v":"ট্ৰেক বিলোপ কৰক"},{"$i":"remove-tracks","$v":"ট্ৰেকসমূহ বিলোপ কৰক"},{"$i":"cancel","$v":"বাতিল কৰক"},{"$i":"delete","$v":"বিলোপ কৰক"},{"$i":"song-num-checked","$v":{"zero":"0 বাছনি কৰা হৈছে","one":["(",{"t":"idOrVar","v":"n"},") বাছনি কৰিছে"],"two":["(",{"t":"idOrVar","v":"n"},") বাছনি কৰিছে"],"few":["(",{"t":"idOrVar","v":"n"},") বাছনি কৰিছে"],"many":["(",{"t":"idOrVar","v":"n"},") বাছনি কৰিছে"],"other":["(",{"t":"idOrVar","v":"n"},") বাছনি কৰিছে"]},"$x":[{"t":"idOrVar","v":"plural"},"n"]},{"$i":"delete-playlist-songs","$v":{"zero":"একোৱেই বাছনি কৰা নাই","one":"প্লেলিষ্টৰ পৰা বাছনি কৰা ট্ৰেক বিলোপ কৰিব?","two":["প্লেলিষ্টৰ পৰা ",{"t":"idOrVar","v":"n"}," ট্ৰেক বিলোপ কৰিব?"],"few":["প্লেলিষ্টৰ পৰা ",{"t":"idOrVar","v":"n"}," ট্ৰেক বিলোপ কৰিব?"],"many":["প্লেলিষ্টৰ পৰা ",{"t":"idOrVar","v":"n"}," ট্ৰেক বিলোপ কৰিব?"],"other":["প্লেলিষ্টৰ পৰা ",{"t":"idOrVar","v":"n"}," ট্ৰেক বিলোপ কৰিব?"]},"$x":[{"t":"idOrVar","v":"plural"},"n"]},{"$i":"delete-playlist-hint","$v":{"zero":"একোৱেই বিলোপ কৰা নাই","one":"প্লেলিষ্টৰ পৰা ট্ৰেক বিলোপ কৰা হৈছে","two":["আপোনাৰ প্লেলিষ্টৰ পৰা ",{"t":"idOrVar","v":"n"}," ট্ৰেক বিলোপ কৰা হৈছে"],"few":["আপোনাৰ প্লেলিষ্টৰ পৰা ",{"t":"idOrVar","v":"n"}," ট্ৰেক বিলোপ কৰা হৈছে"],"many":["আপোনাৰ প্লেলিষ্টৰ পৰা ",{"t":"idOrVar","v":"n"}," ট্ৰেক বিলোপ কৰা হৈছে"],"other":["আপোনাৰ প্লেলিষ্টৰ পৰা ",{"t":"idOrVar","v":"n"}," ট্ৰেক বিলোপ কৰা হৈছে"]},"$x":[{"t":"idOrVar","v":"plural"},"n"]},{"$i":"delete-album-songs","$v":{"zero":"একোৱেই বাছনি কৰা নাই","one":"বাছনি কৰা ট্ৰেক বিলোপ কৰিব?","two":[{"t":"idOrVar","v":"n"}," ট্ৰেক বিলোপ কৰিব?"],"few":[{"t":"idOrVar","v":"n"}," ট্ৰেক বিলোপ কৰিব?"],"many":[{"t":"idOrVar","v":"n"}," ট্ৰেক বিলোপ কৰিব?"],"other":[{"t":"idOrVar","v":"n"}," ট্ৰেক বিলোপ কৰিব?"]},"$x":[{"t":"idOrVar","v":"plural"},"n"]},{"$i":"delete-album-songs-hint","$v":{"zero":"একোৱেই বিলোপ কৰা নাই","one":"ট্ৰেক বিলোপ কৰা হৈছে","two":[{"t":"idOrVar","v":"n"}," ট্ৰেক বিলোপ কৰা হৈছে"],"few":[{"t":"idOrVar","v":"n"}," ট্ৰেক বিলোপ কৰা হৈছে"],"many":[{"t":"idOrVar","v":"n"}," ট্ৰেক বিলোপ কৰা হৈছে"],"other":[{"t":"idOrVar","v":"n"}," ট্ৰেক বিলোপ কৰা হৈছে"]},"$x":[{"t":"idOrVar","v":"plural"},"n"]},{"$i":"library","$v":"লাইব্ৰেৰী"},{"$i":"rate","$v":"ৰেট দিয়ক"},{"$i":"gridview","$v":"গ্ৰিড ভিউ"},{"$i":"confirmation-title","$v":"নিশ্চিতিকৰণ"},{"$i":"options","$v":"বিকল্পসমূহ"},{"$i":"opt-player","$v":"প্লেয়াৰ"},{"$i":"opt-delete","$v":"বিলোপ কৰক"},{"$i":"opt-mulselect","$v":"একাধিক বাছনি কৰক"},{"$i":"opt-selectall","$v":"সকলোবোৰ বাছনি কৰক"},{"$i":"opt-deselectall","$v":"সকলোবোৰ অ-বাছনি কৰক"},{"$i":"opt-cancel","$v":"বাতিল কৰক"},{"$i":"opt-library","$v":"লাইব্ৰেৰী"},{"$i":"opt-shuffleall","$v":"সকলো চাফল কৰক"},{"$i":"opt-repeatall","$v":"সকলো পুনৰাবৃত্তি কৰক"},{"$i":"opt-back","$v":"পিছলৈ যাওক"},{"$i":"opt-done","$v":"কৰা হল"},{"$i":"opt-ok","$v":"ঠিক আছে"},{"$i":"opt-play","$v":"বজাওঁক"},{"$i":"opt-pause","$v":"ৰখক"},{"$i":"opt-setring","$v":"ৰিংট’ন ৰূপে ছেট কৰক"},{"$i":"opt-shuffleoff","$v":"চাফল অফ"},{"$i":"opt-shuffleon","$v":"চাফল অন"},{"$i":"opt-repeatoff","$v":"পুনৰাবৃত্তি অফ"},{"$i":"opt-repeatone","$v":"এটা পুনৰাবৃত্তি কৰক"},{"$i":"opt-share","$v":"শ্বেয়াৰ কৰক"},{"$i":"byteUnit-B","$v":"বাইট্চ"},{"$i":"byteUnit-KB","$v":"KB"},{"$i":"byteUnit-MB","$v":"MB"},{"$i":"byteUnit-GB","$v":"GB"},{"$i":"byteUnit-TB","$v":"TB"},{"$i":"byteUnit-PB","$v":"PB"},{"$i":"byteUnit-EB","$v":"EB"},{"$i":"byteUnit-ZB","$v":"ZB"},{"$i":"byteUnit-YB","$v":"YB"},{"$i":"opt-fileinfo","$v":"ফাইলৰ তথ্য"},{"$i":"info-view","ariaLabel":"তথ্য"},{"$i":"name-label","$v":"নাম"},{"$i":"size-label","$v":"আকাৰ"},{"$i":"music-type-label","$v":"সঙ্গীতৰ প্ৰকাৰ"},{"$i":"playlists-least-played","$v":"সকলোতকৈ কমকৈ বজোৱা"},{"$i":"imageDescription","$v":[{"t":"idOrVar","v":"orientation"},"চিত্ৰ, %I:%M %p, %B %e, %Y"]},{"$i":"imageDescriptionNoTimestamp","$v":[{"t":"idOrVar","v":"orientation"}," চিত্ৰ"]},{"$i":"videoDescription","$v":[{"t":"idOrVar","v":"orientation"}," ভিডিঅ’, %I:%M %p, %B %e, %Y"]},{"$i":"videoDescriptionNoTimestamp","$v":[{"t":"idOrVar","v":"orientation"}," ভিডিঅ’"]},{"$i":"orientationPortrait","$v":"প’ৰ্ট্ৰেইট"},{"$i":"orientationLandscape","$v":"লেণ্ডস্কেপ"},{"$i":"playbackPlay","ariaLabel":"বজাওঁক"},{"$i":"playbackPause","ariaLabel":"ৰখক"},{"$i":"playbackNext","ariaLabel":"পৰৱৰ্তী"},{"$i":"playbackPrevious","ariaLabel":"আগৰ"},{"$i":"playbackFullscreen","ariaLabel":"ফুলস্ক্ৰীন"},{"$i":"playbackSeekBar","ariaLabel":["ছিক বাৰ, অৱধি ",{"t":"idOrVar","v":"duration"}]},{"$i":"softkey-options","$v":"বিকল্পসমূহ"}]