[{"$i":"music","$v":"সঙ্গীত"},{"$i":"mix","$v":"মিক্স"},{"$i":"playlists","$v":"প্লেলিস্ট"},{"$i":"artists","$v":"শিল্পী"},{"$i":"albums","$v":"অ্যালবাম"},{"$i":"songs","$v":"গান"},{"$i":"more","$v":"অধিক"},{"$i":"songName","$v":"গানের নাম"},{"$i":"songArtist","$v":"গানের শিল্পী"},{"$i":"songAlbum","$v":"গানের অ্যালবাম"},{"$i":"unknownArtist","$v":"অজানা আর্টিস্ট"},{"$i":"unknownAlbum","$v":"অজানা অ্যালবাম"},{"$i":"unknownTitle","$v":"অজানা শিরোনাম"},{"$i":"empty-title","$v":"শুরু করতে গানগুলি যোগ করুন"},{"$i":"empty-text","$v":"সঙ্গীতের লাইব্রেরি খালি I শুরু করতে স্টোরেজে গানগুলি যোগ করুন ।"},{"$i":"nocard2-title","$v":"কোনো মেমোরি কার্ড খুঁজে পাওয়া যায় নি"},{"$i":"nocard3-text","$v":"মেমোরি কার্ড উপলব্ধ নয়। শুরু করতে একটি মেমোরি কার্ড ঢোকান I"},{"$i":"pluggedin-title","$v":"ফোন প্লাগে লাগানো থাকার সময় সঙ্গীত ব্যবহার করা যাবে না"},{"$i":"pluggedin-text","$v":"স্টোরেজ বর্তমানে ব্যবহারে আছে। অ্যাপটি ব্যবহার করতে অনুগ্রহ করে ফোনটি প্লাগ থেকে খুলুন।"},{"$i":"upgrade-title","$v":"ডেটাবেস আপগ্রেড"},{"$i":"upgrade-text","$v":"সঙ্গীত যখন তার ডেটাবেস আপডেট করে তখন অনুগ্রহ করে অপেক্ষা করুন ।"},{"$i":"search-music","placeholder":"অনুসন্ধান করুন"},{"$i":"search-cancel","$v":"বাতিল করুন"},{"$i":"search-artists","$v":"শিল্পী"},{"$i":"search-albums","$v":"অ্যালবাম"},{"$i":"search-titles","$v":"ট্র্যাক"},{"$i":"search-close","$v":"বন্ধ করুন"},{"$i":"search-no-result","$v":"কোনো ট্রাক পাওয়া যায় নি I"},{"$i":"artists-search-no-result","$v":"কোনো শিল্পী পাওয়া যায় নি"},{"$i":"albums-search-no-result","$v":"কোনো অ্যালবাম পাওয়া যায় নি"},{"$i":"playlists-shuffle-all","$v":"সব শাফল করুন"},{"$i":"playlists-recently-added","$v":"সম্প্রতি যোগ করা হয়েছে।"},{"$i":"playlists-most-played","$v":"সবথেকে বেশি বাজানো"},{"$i":"playlists-discover","$v":"আবিষ্কার করুন"},{"$i":"no-played-songs","$v":"আপনি এখনো পর্যন্ত কোনো গান প্লে করেন নি I"},{"$i":"no-recently-added","$v":"সাম্প্রতিক কালে কোনো গান যোগ করা হয়নি I"},{"$i":"playlists-highest-rated","$v":"সর্বোচ্চ রেটযুক্ত"},{"$i":"picker-title","$v":"একটি ট্র্যাক নির্বাচন করুন"},{"$i":"save","$v":"সেভ করুন"},{"$i":"saved","$v":"সঙ্গীত লাইব্রেরিতে সেভ করা হয়েছে ।"},{"$i":"audioinvalid","$v":"অডিও বাজানো যাবে না: ফরম্যাটটি সমর্থিত নয় বা ফাইল অবৈধ।"},{"$i":"overlay-cancel-button","$v":"বাতিল করুন"},{"$i":"music-paused-notification","$v":"কলের সময় সঙ্গীত সাময়িকভাবে থামানো হয়েছে"},{"$i":"done","$v":"সম্পন্ন"},{"$i":"share-song","ariaLabel":"শেয়ার করুন"},{"$i":"player-album-rating","ariaLabel":"রেটিং"},{"$i":"rating-star","ariaLabel":{"$x":[{"t":"idOrVar","v":"plural"},"n"],"$v":{"zero":[{"t":"idOrVar","v":"n"},"টি স্টার"],"one":[{"t":"idOrVar","v":"n"},"টি স্টার"],"two":[{"t":"idOrVar","v":"n"},"টি স্টার"],"few":[{"t":"idOrVar","v":"n"},"টি স্টার"],"many":[{"t":"idOrVar","v":"n"},"টি স্টার"],"other":[{"t":"idOrVar","v":"n"},"টি স্টার"]}}},{"$i":"go-to-player-view","ariaLabel":"প্লেয়ার ভিউতে যান"},{"$i":"repeat-off","ariaLabel":"পুনরাবৃত্তি অফ"},{"$i":"repeat-list","ariaLabel":"সব পুনরাবৃত্তি করুন"},{"$i":"repeat-song","ariaLabel":"ট্র্যাক পুনরাবৃত্তি করুন"},{"$i":"shuffle-toggle","ariaLabel":"শাফল করুন"},{"$i":"mix-tab","ariaLabel":"মিক্স"},{"$i":"playlists-tab","ariaLabel":"প্লেলিস্ট"},{"$i":"artists-tab","ariaLabel":"শিল্পী"},{"$i":"albums-tab","ariaLabel":"অ্যালবাম"},{"$i":"songs-tab","ariaLabel":"গান"},{"$i":"check","$v":"নির্বাচন করুন"},{"$i":"remove-track","$v":"ট্র্যাক মুছুন"},{"$i":"remove-tracks","$v":"ট্র্যাকগুলি মুছুন"},{"$i":"cancel","$v":"বাতিল করুন"},{"$i":"delete","$v":"মুছুন"},{"$i":"song-num-checked","$v":{"zero":"0 নির্বাচিত","one":[{"t":"idOrVar","v":"n"},"টি নির্বাচিত"],"two":[{"t":"idOrVar","v":"n"},"টি নির্বাচিত"],"few":[{"t":"idOrVar","v":"n"},"টি নির্বাচিত"],"many":[{"t":"idOrVar","v":"n"},"টি নির্বাচিত"],"other":[{"t":"idOrVar","v":"n"},"টি নির্বাচিত"]},"$x":[{"t":"idOrVar","v":"plural"},"n"]},{"$i":"delete-playlist-songs","$v":{"zero":"কিছু নির্বাচন করা হয় নি","one":"প্লেলিস্ট থেকে নির্বাচিত ট্র্যাক মুছুন ?","two":["প্লেলিস্ট থেকে ",{"t":"idOrVar","v":"n"},"টি ট্র্যাক মুছুন ?"],"few":["প্লেলিস্ট থেকে ",{"t":"idOrVar","v":"n"},"টি ট্র্যাক মুছুন ?"],"many":["প্লেলিস্ট থেকে ",{"t":"idOrVar","v":"n"},"টি ট্র্যাক মুছুন ?"],"other":["প্লেলিস্ট থেকে ",{"t":"idOrVar","v":"n"},"টি ট্র্যাক মুছুন ?"]},"$x":[{"t":"idOrVar","v":"plural"},"n"]},{"$i":"delete-playlist-hint","$v":{"zero":"কিছু মোছা হয় নি","one":"প্লেলিস্ট থেকে ট্র্যাক মোছা হয়েছে","two":["প্লেলিস্ট থেকে ",{"t":"idOrVar","v":"n"},"টি ট্র্যাক মোছা হয়েছে"],"few":["প্লেলিস্ট থেকে ",{"t":"idOrVar","v":"n"},"টি ট্র্যাক মোছা হয়েছে"],"many":["প্লেলিস্ট থেকে ",{"t":"idOrVar","v":"n"},"টি ট্র্যাক মোছা হয়েছে"],"other":["প্লেলিস্ট থেকে ",{"t":"idOrVar","v":"n"},"টি ট্র্যাক মোছা হয়েছে"]},"$x":[{"t":"idOrVar","v":"plural"},"n"]},{"$i":"delete-album-songs","$v":{"zero":"কিছু নির্বাচন করা হয় নি","one":"নির্বাচিত ট্র্যাক মুছুন ?","two":[{"t":"idOrVar","v":"n"},"টি ট্র্যাক মুছুন ?"],"few":[{"t":"idOrVar","v":"n"},"টি ট্র্যাক মুছুন ?"],"many":[{"t":"idOrVar","v":"n"},"টি ট্র্যাক মুছুন ?"],"other":[{"t":"idOrVar","v":"n"},"টি ট্র্যাক মুছুন ?"]},"$x":[{"t":"idOrVar","v":"plural"},"n"]},{"$i":"delete-album-songs-hint","$v":{"zero":"কিছু মোছা হয় নি","one":"ট্র্যাক মোছা হয়েছে","two":[{"t":"idOrVar","v":"n"},"টি ট্র্যাক মোছা হয়েছে"],"few":[{"t":"idOrVar","v":"n"},"টি ট্র্যাক মোছা হয়েছে"],"many":[{"t":"idOrVar","v":"n"},"টি ট্র্যাক মোছা হয়েছে"],"other":[{"t":"idOrVar","v":"n"},"টি ট্র্যাক মোছা হয়েছে"]},"$x":[{"t":"idOrVar","v":"plural"},"n"]},{"$i":"library","$v":"লাইব্রেরি"},{"$i":"rate","$v":"রেট করুন"},{"$i":"gridview","$v":"গ্রিড ভিউ"},{"$i":"confirmation-title","$v":"নিশ্চিতকরণ"},{"$i":"options","$v":"বিকল্পগুলি"},{"$i":"opt-player","$v":"প্লেয়ার"},{"$i":"opt-delete","$v":"মুছুন"},{"$i":"opt-mulselect","$v":"একাধিক নির্বাচন করুন"},{"$i":"opt-selectall","$v":"সব নির্বাচন করুন"},{"$i":"opt-deselectall","$v":"সব অনির্বাচন করুন"},{"$i":"opt-cancel","$v":"বাতিল করুন"},{"$i":"opt-library","$v":"লাইব্রেরি"},{"$i":"opt-shuffleall","$v":"সব শাফল করুন"},{"$i":"opt-repeatall","$v":"সব পুনরাবৃত্তি করুন"},{"$i":"opt-back","$v":"ফিরে যান"},{"$i":"opt-done","$v":"সম্পন্ন"},{"$i":"opt-ok","$v":"ঠিক আছে"},{"$i":"opt-play","$v":"বাজান"},{"$i":"opt-pause","$v":"বিরাম দিন"},{"$i":"opt-setring","$v":"রিংটোন হিসেবে সেট করুন"},{"$i":"opt-shuffleoff","$v":"শাফল অফ"},{"$i":"opt-shuffleon","$v":"শাফল অন"},{"$i":"opt-repeatoff","$v":"পুনরাবৃত্তি অফ"},{"$i":"opt-repeatone","$v":"এক পুনরাবৃত্তি করুন"},{"$i":"opt-share","$v":"শেয়ার করুন"},{"$i":"byteUnit-B","$v":"বাইট"},{"$i":"byteUnit-KB","$v":"KB"},{"$i":"byteUnit-MB","$v":"MB"},{"$i":"byteUnit-GB","$v":"GB"},{"$i":"byteUnit-TB","$v":"TB"},{"$i":"byteUnit-PB","$v":"PB"},{"$i":"byteUnit-EB","$v":"EB"},{"$i":"byteUnit-ZB","$v":"ZB"},{"$i":"byteUnit-YB","$v":"YB"},{"$i":"opt-fileinfo","$v":"ফাইলের তথ্য"},{"$i":"info-view","ariaLabel":"তথ্য"},{"$i":"name-label","$v":"নাম"},{"$i":"size-label","$v":"আকার"},{"$i":"music-type-label","$v":"সঙ্গীত প্রকার"},{"$i":"playlists-least-played","$v":"সবচেয়ে কম বাজানো"},{"$i":"imageDescription","$v":[{"t":"idOrVar","v":"orientation"}," ছবি, %I:%M %p, %B %e, %Y"]},{"$i":"imageDescriptionNoTimestamp","$v":[{"t":"idOrVar","v":"orientation"}," ছবি"]},{"$i":"videoDescription","$v":[{"t":"idOrVar","v":"orientation"}," ভিডিও, %I:%M %p, %B %e, %Y"]},{"$i":"videoDescriptionNoTimestamp","$v":[{"t":"idOrVar","v":"orientation"}," ভিডিও"]},{"$i":"orientationPortrait","$v":"পোর্ট্রেট"},{"$i":"orientationLandscape","$v":"ল্যান্ডস্কেপ"},{"$i":"playbackPlay","ariaLabel":"বাজান"},{"$i":"playbackPause","ariaLabel":"বিরাম দিন"},{"$i":"playbackNext","ariaLabel":"পরবর্তী"},{"$i":"playbackPrevious","ariaLabel":"পূর্ববর্তী"},{"$i":"playbackFullscreen","ariaLabel":"ফূলস্ক্রীন"},{"$i":"playbackSeekBar","ariaLabel":["বার খুঁজুন, সময় মেয়াদ ",{"t":"idOrVar","v":"duration"}]},{"$i":"softkey-options","$v":"বিকল্পগুলি"}]