[{"$i":"music","$v":"म्यूजिक"},{"$i":"mix","$v":"रलाऽ"},{"$i":"playlists","$v":"प्लेलिस्ट"},{"$i":"artists","$v":"कलाकार"},{"$i":"albums","$v":"एल्बमां"},{"$i":"songs","$v":"गाने"},{"$i":"more","$v":"होर"},{"$i":"songName","$v":"गाने दा नांऽ"},{"$i":"songArtist","$v":"गाना कलाकार"},{"$i":"songAlbum","$v":"गाना एल्बम"},{"$i":"unknownArtist","$v":"अनजान कलाकार"},{"$i":"unknownAlbum","$v":"अनजांती एल्बम"},{"$i":"unknownTitle","$v":"अनजांता शीर्शक"},{"$i":"empty-title","$v":"शुरू करने लेई गाना जोड़ो"},{"$i":"empty-text","$v":"म्यूजिक लाइब्रेरी खाली ऐ। शुरू करने लेई स्टोरेज च गाने जोड़ो।"},{"$i":"nocard2-title","$v":"कोई मेमोरी कार्ड नेईं मिलेआ"},{"$i":"nocard3-text","$v":"मेमोरी कार्ड उपलब्ध नेईं ऐ। शुरू करने लेई मेमोरी कार्ड पाओ।"},{"$i":"pluggedin-title","$v":"फोन प्लग इन होने पर म्यूजिक नेईं बरतेआ जाई सकदा"},{"$i":"pluggedin-text","$v":"स्टोरज इसलै बरतून च ऐ किरपा करियै इस ऐप दी बरतून करने लेई फोन अनप्लग करो।"},{"$i":"upgrade-title","$v":"डाटाबेस अपग्रेड"},{"$i":"upgrade-text","$v":"किरपा करियै इंतजार करो जिसलै म्यूजिक अपाना डेटाबेस अपडेट करै।"},{"$i":"search-music","placeholder":"तपाश"},{"$i":"search-cancel","$v":"रद्द करो"},{"$i":"search-artists","$v":"कलाकार"},{"$i":"search-albums","$v":"एल्बमां"},{"$i":"search-titles","$v":"ट्रैक"},{"$i":"search-close","$v":"बंद करो"},{"$i":"search-no-result","$v":"कोई बी ट्रैक नेईं मिलेआ।"},{"$i":"artists-search-no-result","$v":"कोई कलाकार नेईं मिलेआ"},{"$i":"albums-search-no-result","$v":"कोई एल्बम नेईं मिली"},{"$i":"playlists-shuffle-all","$v":"सब्भै शफल करो"},{"$i":"playlists-recently-added","$v":"हाल च गै शामल"},{"$i":"playlists-most-played","$v":"सभनें थमां मता प्ले कीता गेदा"},{"$i":"playlists-discover","$v":"खोज करो"},{"$i":"no-played-songs","$v":"तुसें अजें तगर कोई बी गाना प्ले नेईं कीता ऐ।"},{"$i":"no-recently-added","$v":"हालिया कोई नमां गाना नेईं जोड़ेआ गेआ।"},{"$i":"playlists-highest-rated","$v":"उच्चतम दर पर"},{"$i":"picker-title","$v":"ट्रैक चुनो"},{"$i":"save","$v":"बचाओ"},{"$i":"saved","$v":"म्यूजिक लाइब्रेरी च सहेजेआ गेआ।"},{"$i":"audioinvalid","$v":"आडियो प्ले नेईं कीता जाई सकदा: प्रारूप असमर्थत ऐ जां फाइल अमान्य ऐ।"},{"$i":"overlay-cancel-button","$v":"रद्द करो"},{"$i":"music-paused-notification","$v":"काल दरान म्यूजिक रोकी दित्ता गेआ"},{"$i":"done","$v":"होई गेआ"},{"$i":"share-song","ariaLabel":"साझा करो"},{"$i":"player-album-rating","ariaLabel":"रेटिंग"},{"$i":"rating-star","ariaLabel":{"$x":[{"t":"idOrVar","v":"plural"},"n"],"$v":{"zero":[{"t":"idOrVar","v":"n"}," स्टार"],"one":[{"t":"idOrVar","v":"n"}," स्टार"],"two":[{"t":"idOrVar","v":"n"}," स्टार"],"few":[{"t":"idOrVar","v":"n"}," स्टार"],"many":[{"t":"idOrVar","v":"n"}," स्टार"],"other":[{"t":"idOrVar","v":"n"}," स्टार"]}}},{"$i":"go-to-player-view","ariaLabel":"प्लेयर दृश्श पर जाओ"},{"$i":"repeat-off","ariaLabel":"दोहराव बंद करो"},{"$i":"repeat-list","ariaLabel":"सब्भै दोहराओ"},{"$i":"repeat-song","ariaLabel":"ट्रैक दोहराओ"},{"$i":"shuffle-toggle","ariaLabel":"शफल"},{"$i":"mix-tab","ariaLabel":"रलाऽ"},{"$i":"playlists-tab","ariaLabel":"प्लेलिस्ट"},{"$i":"artists-tab","ariaLabel":"कलाकार"},{"$i":"albums-tab","ariaLabel":"एल्बमां"},{"$i":"songs-tab","ariaLabel":"गाने"},{"$i":"check","$v":"चुनो"},{"$i":"remove-track","$v":"ट्रैक डिलीट करो"},{"$i":"remove-tracks","$v":"ट्रैक डिलीट करो"},{"$i":"cancel","$v":"रद्द करो"},{"$i":"delete","$v":"हटाना"},{"$i":"song-num-checked","$v":{"zero":"0 चुनिंदा","one":[{"t":"idOrVar","v":"n"}," चुनिंदा"],"two":[{"t":"idOrVar","v":"n"}," चुनिंदा"],"few":[{"t":"idOrVar","v":"n"}," चुनिंदा"],"many":[{"t":"idOrVar","v":"n"}," चुनिंदा"],"other":[{"t":"idOrVar","v":"n"}," चुनिंदा"]},"$x":[{"t":"idOrVar","v":"plural"},"n"]},{"$i":"delete-playlist-songs","$v":{"zero":"किश बी चुनिंदा नेईं","one":"प्लेलिस्ट थमां चुनिंदा ट्रैक डिलीट करो?","two":["प्लेलिस्ट थमां ",{"t":"idOrVar","v":"n"}," ट्रैक डिलीट करो?"],"few":["प्लेलिस्ट थमां ",{"t":"idOrVar","v":"n"}," ट्रैक डिलीट करो?"],"many":["प्लेलिस्ट थमां ",{"t":"idOrVar","v":"n"}," ट्रैक डिलीट करो?"],"other":["प्लेलिस्ट थमां ",{"t":"idOrVar","v":"n"}," ट्रैक डिलीट करो?"]},"$x":[{"t":"idOrVar","v":"plural"},"n"]},{"$i":"delete-playlist-hint","$v":{"zero":"किश बी नेईं डिलीट कीता गेआ","one":"प्लेलिस्ट थमां ट्रैक डिलीट कीते गे","two":[{"t":"idOrVar","v":"n"}," प्लेलिस्ट थमां डिलीट कीते गेदे ट्रैक"],"few":[{"t":"idOrVar","v":"n"}," प्लेलिस्ट थमां डिलीट कीते गेदे ट्रैक"],"many":[{"t":"idOrVar","v":"n"}," प्लेलिस्ट थमां डिलीट कीते गेदे ट्रैक"],"other":[{"t":"idOrVar","v":"n"}," प्लेलिस्ट थमां डिलीट कीते गेदे ट्रैक"]},"$x":[{"t":"idOrVar","v":"plural"},"n"]},{"$i":"delete-album-songs","$v":{"zero":"किश बी चुनिंदा नेईं","one":"चुनिंदा ट्रैक डिलीट करो?","two":[{"t":"idOrVar","v":"n"}," ट्रैक डिलीट करो?"],"few":[{"t":"idOrVar","v":"n"}," ट्रैक डिलीट करो?"],"many":[{"t":"idOrVar","v":"n"}," ट्रैक डिलीट करो?"],"other":[{"t":"idOrVar","v":"n"}," ट्रैक डिलीट करो?"]},"$x":[{"t":"idOrVar","v":"plural"},"n"]},{"$i":"delete-album-songs-hint","$v":{"zero":"किश बी नेईं डिलीट कीता गेआ","one":"ट्रैक डिलीट कीता गेआ","two":[{"t":"idOrVar","v":"n"}," ट्रैक डिलीट कीते गे"],"few":[{"t":"idOrVar","v":"n"}," ट्रैक डिलीट कीते गे"],"many":[{"t":"idOrVar","v":"n"}," ट्रैक डिलीट कीते गे"],"other":[{"t":"idOrVar","v":"n"}," ट्रैक डिलीट कीते गे"]},"$x":[{"t":"idOrVar","v":"plural"},"n"]},{"$i":"library","$v":"लाइब्रेरी"},{"$i":"rate","$v":"मूल्यांकन करो"},{"$i":"gridview","$v":"ग्रिड दृश्श"},{"$i":"confirmation-title","$v":"पुश्टिकरण"},{"$i":"options","$v":"विकल्प"},{"$i":"opt-player","$v":"प्लेयर"},{"$i":"opt-delete","$v":"हटाना"},{"$i":"opt-mulselect","$v":"मल्टीपल चुनो"},{"$i":"opt-selectall","$v":"सब्भै चुनो"},{"$i":"opt-deselectall","$v":"सब्भै अन-चुने करो"},{"$i":"opt-cancel","$v":"रद्द करो"},{"$i":"opt-library","$v":"लाइब्रेरी"},{"$i":"opt-shuffleall","$v":"सब्भै शफल करो"},{"$i":"opt-repeatall","$v":"सब्भै दोहराओ"},{"$i":"opt-back","$v":"वापस"},{"$i":"opt-done","$v":"होई गेआ"},{"$i":"opt-ok","$v":"ठीक ऐ"},{"$i":"opt-play","$v":"चलाओ"},{"$i":"opt-pause","$v":"विराम"},{"$i":"opt-setring","$v":"रिंगटोन दे रूप च सेट करो"},{"$i":"opt-shuffleoff","$v":"शफल बंद"},{"$i":"opt-shuffleon","$v":"शफल चालू"},{"$i":"opt-repeatoff","$v":"दोहराव बंद करो"},{"$i":"opt-repeatone","$v":"इक गी दोहराओ"},{"$i":"opt-share","$v":"साझा करो"},{"$i":"byteUnit-B","$v":"बाइट्स"},{"$i":"byteUnit-KB","$v":"KB"},{"$i":"byteUnit-MB","$v":"MB"},{"$i":"byteUnit-GB","$v":"GB"},{"$i":"byteUnit-TB","$v":"TB"},{"$i":"byteUnit-PB","$v":"PB"},{"$i":"byteUnit-EB","$v":"EB"},{"$i":"byteUnit-ZB","$v":"ZB"},{"$i":"byteUnit-YB","$v":"YB"},{"$i":"opt-fileinfo","$v":"फाइल जानकारी"},{"$i":"info-view","ariaLabel":"जानकारी"},{"$i":"name-label","$v":"नांऽ"},{"$i":"size-label","$v":"साइज"},{"$i":"music-type-label","$v":"म्यूजिक किस्म"},{"$i":"playlists-least-played","$v":"घट्ट प्ले कीता गेदा"},{"$i":"imageDescription","$v":[{"t":"idOrVar","v":"orientation"}," इमेज, %I:%M %p, %B %e, %Y"]},{"$i":"imageDescriptionNoTimestamp","$v":[{"t":"idOrVar","v":"orientation"}," इमेज"]},{"$i":"videoDescription","$v":[{"t":"idOrVar","v":"orientation"}," वीडियो, %I:%M %p, %B %e, %Y"]},{"$i":"videoDescriptionNoTimestamp","$v":[{"t":"idOrVar","v":"orientation"}," वीडियो"]},{"$i":"orientationPortrait","$v":"पोर्ट्रेट"},{"$i":"orientationLandscape","$v":"लैंडस्केप"},{"$i":"playbackPlay","ariaLabel":"चलाओ"},{"$i":"playbackPause","ariaLabel":"विराम"},{"$i":"playbackNext","ariaLabel":"अगला"},{"$i":"playbackPrevious","ariaLabel":"पिछला"},{"$i":"playbackFullscreen","ariaLabel":"पूर्णस्क्रीन"},{"$i":"playbackSeekBar","ariaLabel":["दिक्खना बार, मन्याद ",{"t":"idOrVar","v":"duration"}]},{"$i":"softkey-options","$v":"विकल्प"}]