[{"$i":"music","$v":"Music"},{"$i":"mix","$v":"Mix"},{"$i":"playlists","$v":"Playlist"},{"$i":"artists","$v":"Artists"},{"$i":"albums","$v":"Albums"},{"$i":"songs","$v":"Songs"},{"$i":"more","$v":"More"},{"$i":"songName","$v":"Song name"},{"$i":"songArtist","$v":"Song artist"},{"$i":"songAlbum","$v":"Song album"},{"$i":"unknownArtist","$v":"Unknown artist"},{"$i":"unknownAlbum","$v":"Unknown album"},{"$i":"unknownTitle","$v":"Unknown title"},{"$i":"empty-title","$v":"Add songs to get started"},{"$i":"empty-text","$v":"Music library is empty. Add songs to storage to get started."},{"$i":"nocard2-title","$v":"No memory card found"},{"$i":"nocard3-text","$v":"Memory card is not found. Insert a memory card to get started."},{"$i":"pluggedin-title","$v":"Music Player cannot be used while phone is plugged in."},{"$i":"pluggedin-text","$v":"Storage is currently in use. Please unplug the phone to use this app."},{"$i":"upgrade-title","$v":"Database Upgrade"},{"$i":"upgrade-text","$v":"Please wait while Music Player updates its database."},{"$i":"search-music","placeholder":"Search"},{"$i":"search-cancel","$v":"Cancel"},{"$i":"search-artists","$v":"Artists"},{"$i":"search-albums","$v":"Albums"},{"$i":"search-titles","$v":"Tracks"},{"$i":"search-close","$v":"close"},{"$i":"search-no-result","$v":"No tracks found."},{"$i":"artists-search-no-result","$v":"No artists found."},{"$i":"albums-search-no-result","$v":"No albums found."},{"$i":"playlists-shuffle-all","$v":"Shuffle all"},{"$i":"playlists-recently-added","$v":"Recently Added "},{"$i":"playlists-most-played","$v":"Most Played"},{"$i":"playlists-discover","$v":"Discover"},{"$i":"no-played-songs","$v":"You haven't played any songs yet."},{"$i":"no-recently-added","$v":"No new songs added recently."},{"$i":"playlists-highest-rated","$v":"Highest Rated"},{"$i":"picker-title","$v":"Select a track"},{"$i":"save","$v":"Save"},{"$i":"saved","$v":"saved to Music library."},{"$i":"audioinvalid","$v":"Audio cannot be played: Unsupported audio format or invalid file."},{"$i":"overlay-cancel-button","$v":"Cancel"},{"$i":"music-paused-notification","$v":"Music paused during the call."},{"$i":"done","$v":"Done"},{"$i":"share-song","ariaLabel":"Share"},{"$i":"player-album-rating","ariaLabel":"Rating"},{"$i":"rating-star","ariaLabel":{"$x":[{"t":"idOrVar","v":"plural"},"n"],"$v":{"zero":[{"t":"idOrVar","v":"n"}," stars"],"one":[{"t":"idOrVar","v":"n"}," star"],"two":[{"t":"idOrVar","v":"n"}," stars"],"few":[{"t":"idOrVar","v":"n"}," stars"],"many":[{"t":"idOrVar","v":"n"}," stars"],"other":[{"t":"idOrVar","v":"n"}," stars"]}}},{"$i":"go-to-player-view","ariaLabel":"Go to player view"},{"$i":"repeat-off","ariaLabel":"Repeat off"},{"$i":"repeat-list","ariaLabel":"Repeat all"},{"$i":"repeat-song","ariaLabel":"Repeat track"},{"$i":"shuffle-toggle","ariaLabel":"Shuffle"},{"$i":"mix-tab","ariaLabel":"Mix"},{"$i":"playlists-tab","ariaLabel":"Playlists"},{"$i":"artists-tab","ariaLabel":"Artists"},{"$i":"albums-tab","ariaLabel":"Albums"},{"$i":"songs-tab","ariaLabel":"Songs"},{"$i":"check","$v":"Select"},{"$i":"remove-track","$v":"Delete Track"},{"$i":"remove-tracks","$v":"Delete Tracks"},{"$i":"cancel","$v":"Cancel"},{"$i":"delete","$v":"Delete"},{"$i":"song-num-checked","$v":{"zero":"0 selected","one":[{"t":"idOrVar","v":"n"}," selected"],"two":[{"t":"idOrVar","v":"n"}," selected"],"few":[{"t":"idOrVar","v":"n"}," selected"],"many":[{"t":"idOrVar","v":"n"}," selected"],"other":[{"t":"idOrVar","v":"n"}," selected"]},"$x":[{"t":"idOrVar","v":"plural"},"n"]},{"$i":"delete-playlist-songs","$v":{"zero":"Nothing selected","one":"Delete selected track from playlist?","two":["Delete ",{"t":"idOrVar","v":"n"}," tracks from playlist?"],"few":["Delete ",{"t":"idOrVar","v":"n"}," tracks from playlist?"],"many":["Delete ",{"t":"idOrVar","v":"n"}," tracks from playlist?"],"other":["Delete ",{"t":"idOrVar","v":"n"}," tracks from playlist?"]},"$x":[{"t":"idOrVar","v":"plural"},"n"]},{"$i":"delete-playlist-hint","$v":{"zero":"Nothing deleted","one":"Track deleted from playlist","two":[{"t":"idOrVar","v":"n"}," track deleted from playlist"],"few":[{"t":"idOrVar","v":"n"}," track deleted from playlist"],"many":[{"t":"idOrVar","v":"n"}," track deleted from playlist"],"other":[{"t":"idOrVar","v":"n"}," track deleted from playlist"]},"$x":[{"t":"idOrVar","v":"plural"},"n"]},{"$i":"delete-album-songs","$v":{"zero":"Nothing selected","one":"Delete selected track?","two":["Delete ",{"t":"idOrVar","v":"n"}," tracks?"],"few":["Delete ",{"t":"idOrVar","v":"n"}," tracks?"],"many":["Delete ",{"t":"idOrVar","v":"n"}," tracks?"],"other":["Delete ",{"t":"idOrVar","v":"n"}," tracks?"]},"$x":[{"t":"idOrVar","v":"plural"},"n"]},{"$i":"delete-album-songs-hint","$v":{"zero":"Nothing deleted","one":"Track deleted","two":[{"t":"idOrVar","v":"n"}," track deleted"],"few":[{"t":"idOrVar","v":"n"}," track deleted"],"many":[{"t":"idOrVar","v":"n"}," track deleted"],"other":[{"t":"idOrVar","v":"n"}," track deleted"]},"$x":[{"t":"idOrVar","v":"plural"},"n"]},{"$i":"library","$v":"Library"},{"$i":"rate","$v":"Rate"},{"$i":"gridview","$v":"Grid View"},{"$i":"confirmation-title","$v":"Confirmation"},{"$i":"options","$v":"Options"},{"$i":"opt-player","$v":"Player"},{"$i":"opt-delete","$v":"Delete"},{"$i":"opt-mulselect","$v":"Select Multiple"},{"$i":"opt-selectall","$v":"Select All"},{"$i":"opt-deselectall","$v":"Deselect All"},{"$i":"opt-cancel","$v":"Cancel"},{"$i":"opt-library","$v":"Library"},{"$i":"opt-shuffleall","$v":"Shuffle All"},{"$i":"opt-repeatall","$v":"Repeat All"},{"$i":"opt-back","$v":"Back"},{"$i":"opt-done","$v":"Done"},{"$i":"opt-ok","$v":"OK"},{"$i":"opt-play","$v":"Play"},{"$i":"opt-pause","$v":"Pause"},{"$i":"opt-setring","$v":"Set as ringtone"},{"$i":"opt-shuffleoff","$v":"Shuffle Off"},{"$i":"opt-shuffleon","$v":"Shuffle On"},{"$i":"opt-repeatoff","$v":"Repeat Off"},{"$i":"opt-repeatone","$v":"Repeat On"},{"$i":"opt-share","$v":"Share"},{"$i":"byteUnit-B","$v":"Bytes"},{"$i":"byteUnit-KB","$v":"KB"},{"$i":"byteUnit-MB","$v":"MB"},{"$i":"byteUnit-GB","$v":"GB"},{"$i":"byteUnit-TB","$v":"TB"},{"$i":"byteUnit-PB","$v":"PB"},{"$i":"byteUnit-EB","$v":"EB"},{"$i":"byteUnit-ZB","$v":"ZB"},{"$i":"byteUnit-YB","$v":"YB"},{"$i":"opt-fileinfo","$v":"File Info"},{"$i":"info-view","ariaLabel":"Info"},{"$i":"name-label","$v":"Name"},{"$i":"size-label","$v":"Size"},{"$i":"music-type-label","$v":"Music Type"},{"$i":"playlists-least-played","$v":"Least Played"},{"$i":"imageDescription","$v":[{"t":"idOrVar","v":"orientation"}," image, %I:%M %p, %B %e, %Y"]},{"$i":"imageDescriptionNoTimestamp","$v":[{"t":"idOrVar","v":"orientation"}," image"]},{"$i":"videoDescription","$v":[{"t":"idOrVar","v":"orientation"}," video, %I:%M %p, %B %e, %Y"]},{"$i":"videoDescriptionNoTimestamp","$v":[{"t":"idOrVar","v":"orientation"}," video"]},{"$i":"orientationPortrait","$v":"portrait"},{"$i":"orientationLandscape","$v":"landscape"},{"$i":"playbackPlay","ariaLabel":"Play"},{"$i":"playbackPause","ariaLabel":"Pause"},{"$i":"playbackNext","ariaLabel":"Next"},{"$i":"playbackPrevious","ariaLabel":"Previous"},{"$i":"playbackFullscreen","ariaLabel":"Fullscreen"},{"$i":"playbackSeekBar","ariaLabel":["Seek bar, duration ",{"t":"idOrVar","v":"duration"}]},{"$i":"softkey-options","$v":"Options"}]