[{"$i":"music","$v":"સંગીત"},{"$i":"mix","$v":"મિક્સ"},{"$i":"playlists","$v":"પ્લેલિસ્ટ"},{"$i":"artists","$v":"કલાકારો"},{"$i":"albums","$v":"આલ્બમ"},{"$i":"songs","$v":"ગીતો"},{"$i":"more","$v":"વધુ"},{"$i":"songName","$v":"ગીતનું નામ"},{"$i":"songArtist","$v":"ગીતના કલાકાર"},{"$i":"songAlbum","$v":"ગીતનું આલ્બમ"},{"$i":"unknownArtist","$v":"અજ્ઞાત કલાકાર"},{"$i":"unknownAlbum","$v":"અજ્ઞાત આલ્બમ"},{"$i":"unknownTitle","$v":"અજ્ઞાત શીર્ષક"},{"$i":"empty-title","$v":"શરૂ કરવા માટે ગીતો ઉમેરો"},{"$i":"empty-text","$v":"સંગીત લાઇબ્રેરી ખાલી છે. પ્રારંભ કરવા માટે સ્ટોરેજમાં ગીતો ઉમેરો."},{"$i":"nocard2-title","$v":"કોઈ મેમરી કાર્ડ મળેલ નથી"},{"$i":"nocard3-text","$v":"મેમરી કાર્ડ ઉપલબ્ધ નથી. પ્રારંભ કરવા માટે મેમરી કાર્ડ શામેલ કરો."},{"$i":"pluggedin-title","$v":"ફોન પ્લગ ઇન હોય ત્યારે સંગીતનો ઉપયોગ કરી શકાતો નથી"},{"$i":"pluggedin-text","$v":"સ્ટોરેજ હાલમાં ઉપયોગમાં છે. આ એપનો ઉપયોગ કરવા માટે કૃપા કરી ફોનને અનપ્લગ કરો."},{"$i":"upgrade-title","$v":"ડેટાબેઝ અપગ્રેડ"},{"$i":"upgrade-text","$v":"સંગીત તેનું ડેટાબેઝ અપડેટ કરે ત્યાં સુધી કૃપા કરી પ્રતીક્ષા કરો."},{"$i":"search-music","placeholder":"શોધો"},{"$i":"search-cancel","$v":"રદ કરો"},{"$i":"search-artists","$v":"કલાકારો"},{"$i":"search-albums","$v":"આલ્બમ"},{"$i":"search-titles","$v":"ટ્રેક"},{"$i":"search-close","$v":"બંધ કરો"},{"$i":"search-no-result","$v":"કોઈ ટ્રેક મળ્યું નથી"},{"$i":"artists-search-no-result","$v":"કોઈ કલાકાર મળેલ નથી"},{"$i":"albums-search-no-result","$v":"કોઈ આલ્બમ મળેલ નથી"},{"$i":"playlists-shuffle-all","$v":"તમામ શફલ કરો"},{"$i":"playlists-recently-added","$v":"હાલમાં જ ઉમેરાયેલ"},{"$i":"playlists-most-played","$v":"સૌથી વધુ વગાડેલ"},{"$i":"playlists-discover","$v":"શોધવું"},{"$i":"no-played-songs","$v":"તમે અત્યાર સુધી કોઈ ગીતો વગાડ્યુ નથી"},{"$i":"no-recently-added","$v":"તાજેતરમાં કોઈ નવા ગીતો ઉમેરાયા નથી"},{"$i":"playlists-highest-rated","$v":"ઉચ્ચત્તમ રેટ કરેલ"},{"$i":"picker-title","$v":"ટ્રૅક પસંદ કરો"},{"$i":"save","$v":"સેવ કરો"},{"$i":"saved","$v":"સંગીત લાઇબ્રેરીમાં સેવ કરવામાં આવ્યું."},{"$i":"audioinvalid","$v":"ઓડિયો ચલાવી શકાતો નથી: ફોર્મેટ અસમર્થિત છે અથવા ફાઇલ અમાન્ય છે."},{"$i":"overlay-cancel-button","$v":"રદ કરો"},{"$i":"music-paused-notification","$v":"કૉલ દરમિયાન સંગીત થોભાવ્યું"},{"$i":"done","$v":"થઈ ગયું"},{"$i":"share-song","ariaLabel":"શેઅર કરો"},{"$i":"player-album-rating","ariaLabel":"રેટિંગ"},{"$i":"rating-star","ariaLabel":{"$x":[{"t":"idOrVar","v":"plural"},"n"],"$v":{"zero":[{"t":"idOrVar","v":"n"}," સ્ટાર"],"one":[{"t":"idOrVar","v":"n"}," સ્ટાર"],"two":[{"t":"idOrVar","v":"n"}," સ્ટાર"],"few":[{"t":"idOrVar","v":"n"}," સ્ટાર"],"many":[{"t":"idOrVar","v":"n"}," સ્ટાર"],"other":[{"t":"idOrVar","v":"n"}," સ્ટાર"]}}},{"$i":"go-to-player-view","ariaLabel":"પ્લેયર વ્યુ પર જાઓ"},{"$i":"repeat-off","ariaLabel":"પુનરાવર્તન બંધ કરો"},{"$i":"repeat-list","ariaLabel":"તમામનું પુનરાવર્તન કરો"},{"$i":"repeat-song","ariaLabel":"ટ્રૅકનું પુનરાવર્તન કરો"},{"$i":"shuffle-toggle","ariaLabel":"શફલ કરો"},{"$i":"mix-tab","ariaLabel":"મિક્સ"},{"$i":"playlists-tab","ariaLabel":"પ્લેલિસ્ટ"},{"$i":"artists-tab","ariaLabel":"કલાકારો"},{"$i":"albums-tab","ariaLabel":"આલ્બમ"},{"$i":"songs-tab","ariaLabel":"ગીતો"},{"$i":"check","$v":"પસંદ કરો"},{"$i":"remove-track","$v":"ટ્રૅક દુર કરો"},{"$i":"remove-tracks","$v":"ટ્રૅક્સ દુર કરો"},{"$i":"cancel","$v":"રદ કરો"},{"$i":"delete","$v":"કાઢો"},{"$i":"song-num-checked","$v":{"zero":"0 પસંદ થયેલ","one":[{"t":"idOrVar","v":"n"}," પસંદ કરેલ"],"two":[{"t":"idOrVar","v":"n"}," પસંદ કરેલ"],"few":[{"t":"idOrVar","v":"n"}," પસંદ કરેલ"],"many":[{"t":"idOrVar","v":"n"}," પસંદ કરેલ"],"other":[{"t":"idOrVar","v":"n"}," પસંદ કરેલ"]},"$x":[{"t":"idOrVar","v":"plural"},"n"]},{"$i":"delete-playlist-songs","$v":{"zero":"કંઇ પણ પસંદ કરેલ નથી","one":"પ્લેલિસ્ટમાંથી પસંદ કરેલ ટ્રૅક દૂર કરવા માંગો છો?","two":["પ્લેલિસ્ટમાંથી ",{"t":"idOrVar","v":"n"}," ટ્રૅક્સ દૂર કરવા માંગો છો?"],"few":["પ્લેલિસ્ટમાંથી ",{"t":"idOrVar","v":"n"}," ટ્રૅક્સ દૂર કરવા માંગો છો?"],"many":["પ્લેલિસ્ટમાંથી ",{"t":"idOrVar","v":"n"}," ટ્રૅક્સ દૂર કરવા માંગો છો?"],"other":["પ્લેલિસ્ટમાંથી ",{"t":"idOrVar","v":"n"}," ટ્રૅક્સ દૂર કરવા માંગો છો?"]},"$x":[{"t":"idOrVar","v":"plural"},"n"]},{"$i":"delete-playlist-hint","$v":{"zero":"કંઇ દૂર કરવામાં આવ્યું નથી","one":"ટ્રૅક પ્લેલિસ્ટમાંથી દૂર કરવામાં આવ્યો","two":[{"t":"idOrVar","v":"n"}," ટ્રૅક પ્લેલિસ્ટમાંથી દૂર કરવામાં આવ્યો"],"few":[{"t":"idOrVar","v":"n"}," ટ્રૅક પ્લેલિસ્ટમાંથી દૂર કરવામાં આવ્યો"],"many":[{"t":"idOrVar","v":"n"}," ટ્રૅક પ્લેલિસ્ટમાંથી દૂર કરવામાં આવ્યો"],"other":[{"t":"idOrVar","v":"n"}," ટ્રૅક પ્લેલિસ્ટમાંથી દૂર કરવામાં આવ્યો"]},"$x":[{"t":"idOrVar","v":"plural"},"n"]},{"$i":"delete-album-songs","$v":{"zero":"કંઇ પણ પસંદ કરેલ નથી","one":"પસંદ કરેલ ટ્રૅક દૂર કરવા માંગો છો?","two":[{"t":"idOrVar","v":"n"}," ટ્રૅક્સ દૂર કરવા માંગો છો?"],"few":[{"t":"idOrVar","v":"n"}," ટ્રૅક્સ દૂર કરવા માંગો છો?"],"many":[{"t":"idOrVar","v":"n"}," ટ્રૅક્સ દૂર કરવા માંગો છો?"],"other":[{"t":"idOrVar","v":"n"}," ટ્રૅક્સ દૂર કરવા માંગો છો?"]},"$x":[{"t":"idOrVar","v":"plural"},"n"]},{"$i":"delete-album-songs-hint","$v":{"zero":"કંઇ દૂર કરવામાં આવ્યું નથી","one":"ટ્રૅક દૂર કરવામાં આવ્યો","two":[{"t":"idOrVar","v":"n"}," ટ્રૅક દૂર કરવામાં આવ્યો"],"few":[{"t":"idOrVar","v":"n"}," ટ્રૅક દૂર કરવામાં આવ્યો"],"many":[{"t":"idOrVar","v":"n"}," ટ્રૅક દૂર કરવામાં આવ્યો"],"other":[{"t":"idOrVar","v":"n"}," ટ્રૅક દૂર કરવામાં આવ્યો"]},"$x":[{"t":"idOrVar","v":"plural"},"n"]},{"$i":"library","$v":"લાયબ્રેરી"},{"$i":"rate","$v":"રેટ આપો"},{"$i":"gridview","$v":"ગ્રિડ વ્યૂ"},{"$i":"confirmation-title","$v":"ખાતરી"},{"$i":"options","$v":"વિકલ્પ"},{"$i":"opt-player","$v":"પ્લેયર"},{"$i":"opt-delete","$v":"કાઢો"},{"$i":"opt-mulselect","$v":"બહુવિધ પસંદ કરો"},{"$i":"opt-selectall","$v":"તમામ પસંદ કરો"},{"$i":"opt-deselectall","$v":"તમામ પસંદ રદ કરો"},{"$i":"opt-cancel","$v":"રદ કરો"},{"$i":"opt-library","$v":"લાયબ્રેરી"},{"$i":"opt-shuffleall","$v":"તમામ શફલ કરો"},{"$i":"opt-repeatall","$v":"તમામનું પુનરાવર્તન કરો"},{"$i":"opt-back","$v":"પાછળ"},{"$i":"opt-done","$v":"થઈ ગયું"},{"$i":"opt-ok","$v":"ઑકે"},{"$i":"opt-play","$v":"વગાડો"},{"$i":"opt-pause","$v":"થોભો"},{"$i":"opt-setring","$v":"રિંગટોન તરીકે સેટ કરો"},{"$i":"opt-shuffleoff","$v":"શફલ બંધ કરો"},{"$i":"opt-shuffleon","$v":"શફલ ચાલુ કરો"},{"$i":"opt-repeatoff","$v":"પુનરાવર્તન બંધ કરો"},{"$i":"opt-repeatone","$v":"એકનું પુનરાવર્તન કરો"},{"$i":"opt-share","$v":"શેઅર કરો"},{"$i":"byteUnit-B","$v":"બાઇટ"},{"$i":"byteUnit-KB","$v":"KB"},{"$i":"byteUnit-MB","$v":"MB"},{"$i":"byteUnit-GB","$v":"GB"},{"$i":"byteUnit-TB","$v":"TB"},{"$i":"byteUnit-PB","$v":"PB"},{"$i":"byteUnit-EB","$v":"EB"},{"$i":"byteUnit-ZB","$v":"ZB"},{"$i":"byteUnit-YB","$v":"YB"},{"$i":"opt-fileinfo","$v":"ફાઇલ માહિતી"},{"$i":"info-view","ariaLabel":"માહિતી"},{"$i":"name-label","$v":"નામ"},{"$i":"size-label","$v":"કદ"},{"$i":"music-type-label","$v":"સંગીત પ્રકાર"},{"$i":"playlists-least-played","$v":"સૌથી ઓછું વગાડેલ"},{"$i":"imageDescription","$v":[{"t":"idOrVar","v":"orientation"}," ઇમેજ, %I:%M %p, %B %e, %Y"]},{"$i":"imageDescriptionNoTimestamp","$v":[{"t":"idOrVar","v":"orientation"}," ઇમેજ"]},{"$i":"videoDescription","$v":[{"t":"idOrVar","v":"orientation"}," વિડિયો, %I:%M %p, %B %e, %Y"]},{"$i":"videoDescriptionNoTimestamp","$v":[{"t":"idOrVar","v":"orientation"}," વિડિયો"]},{"$i":"orientationPortrait","$v":"પોર્ટરેટ"},{"$i":"orientationLandscape","$v":"લેન્ડસ્કેપ"},{"$i":"playbackPlay","ariaLabel":"વગાડો"},{"$i":"playbackPause","ariaLabel":"થોભો"},{"$i":"playbackNext","ariaLabel":"આગલું"},{"$i":"playbackPrevious","ariaLabel":"અગાઉનું"},{"$i":"playbackFullscreen","ariaLabel":"ફૂલસ્ક્રીન"},{"$i":"playbackSeekBar","ariaLabel":["સિક બાર, સમયગાળો ",{"t":"idOrVar","v":"duration"}]},{"$i":"softkey-options","$v":"વિકલ્પ"}]