[{"$i":"music","$v":"संगीत"},{"$i":"mix","$v":"मिक्स"},{"$i":"playlists","$v":"प्लेलिस्ट"},{"$i":"artists","$v":"कलाकार"},{"$i":"albums","$v":"एल्बम"},{"$i":"songs","$v":"गाने"},{"$i":"more","$v":"अधिक"},{"$i":"songName","$v":"गाने का नाम"},{"$i":"songArtist","$v":"गाने का कलाकार"},{"$i":"songAlbum","$v":"गाने का एल्बम"},{"$i":"unknownArtist","$v":"अज्ञात कलाकार"},{"$i":"unknownAlbum","$v":"अज्ञात एल्बम"},{"$i":"unknownTitle","$v":"अज्ञात शीर्षक"},{"$i":"empty-title","$v":"शुरु करने के लिए गाने जोड़ें"},{"$i":"empty-text","$v":"संगीत लाइब्रेरी खाली हैं। आरंभ करने के लिए स्टोरेज में गाने जोड़ें।"},{"$i":"nocard2-title","$v":"कोई मेमोरी कार्ड नहीं मिला"},{"$i":"nocard3-text","$v":"मेमरी कार्ड उपलब्ध नहीं है। प्रारंभ करने के लिए एक मेमरी कार्ड डालें।"},{"$i":"pluggedin-title","$v":"फ़ोन प्लग इन होने पर संगीत का उपयोग नहीं किया जा सकता"},{"$i":"pluggedin-text","$v":"स्टोरेज उपयोग में हैं। कृपया इस ऐप का उपयोग करने के लिए फ़ोन को अनप्लग करें।"},{"$i":"upgrade-title","$v":"डेटाबेस अपग्रेड"},{"$i":"upgrade-text","$v":"कृपया संगीत का डेटाबेस अपडेट होने तक प्रतीक्षा करें।"},{"$i":"search-music","placeholder":"खोजें"},{"$i":"search-cancel","$v":"रद्द करना"},{"$i":"search-artists","$v":"कलाकार"},{"$i":"search-albums","$v":"एल्बम"},{"$i":"search-titles","$v":"ट्रैक"},{"$i":"search-close","$v":"बंद करें"},{"$i":"search-no-result","$v":"कोई भी ट्रॅक नहीं पाए गए"},{"$i":"artists-search-no-result","$v":"कोई आर्टिस्ट नहीं मिले"},{"$i":"albums-search-no-result","$v":"कोई एल्बम नहीं मिला"},{"$i":"playlists-shuffle-all","$v":"सब शफ़ल करें"},{"$i":"playlists-recently-added","$v":"हाल ही में जोड़ा गया"},{"$i":"playlists-most-played","$v":"सबसे ज्यादा बजाया हुआ"},{"$i":"playlists-discover","$v":"खोजना"},{"$i":"no-played-songs","$v":"आपनें अभी तक कोई गाना बजाया नही है"},{"$i":"no-recently-added","$v":"हाल ही में कोई गाना जोड़ा गया नही हैं"},{"$i":"playlists-highest-rated","$v":"उच्चतम रेट किया गया"},{"$i":"picker-title","$v":"ट्रैक चुनें"},{"$i":"save","$v":"सेव करें"},{"$i":"saved","$v":"संगीत लाइब्रेरी में सेव हुआ।"},{"$i":"audioinvalid","$v":"ऑडियो नहीं चलाया जा सकता: फॉर्मेट असमर्थित हैं या फ़ाइल अमान्य हैं।"},{"$i":"overlay-cancel-button","$v":"रद्द करना"},{"$i":"music-paused-notification","$v":"कॉल के दौरान संगीत रोका गया"},{"$i":"done","$v":"हो गया"},{"$i":"share-song","ariaLabel":"साझा करें"},{"$i":"player-album-rating","ariaLabel":"रेटिंग"},{"$i":"rating-star","ariaLabel":{"$x":[{"t":"idOrVar","v":"plural"},"n"],"$v":{"zero":[{"t":"idOrVar","v":"n"}," स्टार"],"one":[{"t":"idOrVar","v":"n"}," स्टार"],"two":[{"t":"idOrVar","v":"n"}," स्टार"],"few":[{"t":"idOrVar","v":"n"}," स्टार"],"many":[{"t":"idOrVar","v":"n"}," स्टार"],"other":[{"t":"idOrVar","v":"n"}," स्टार"]}}},{"$i":"go-to-player-view","ariaLabel":"प्लेयर व्यू पर जाये"},{"$i":"repeat-off","ariaLabel":"दोहराना बंध"},{"$i":"repeat-list","ariaLabel":"सभी दोहराएं"},{"$i":"repeat-song","ariaLabel":"ट्रैक दोहराएं"},{"$i":"shuffle-toggle","ariaLabel":"शफ़ल करें"},{"$i":"mix-tab","ariaLabel":"मिक्स"},{"$i":"playlists-tab","ariaLabel":"प्लेलिस्टस"},{"$i":"artists-tab","ariaLabel":"कलाकार"},{"$i":"albums-tab","ariaLabel":"एल्बम"},{"$i":"songs-tab","ariaLabel":"गाने"},{"$i":"check","$v":"चुनिए"},{"$i":"remove-track","$v":"ट्रैक हटाएँ"},{"$i":"remove-tracks","$v":"ट्रैक हटाएँ"},{"$i":"cancel","$v":"रद्द करना"},{"$i":"delete","$v":"हटाएँ"},{"$i":"song-num-checked","$v":{"zero":"0 चयनित","one":[{"t":"idOrVar","v":"n"}," चयनित"],"two":[{"t":"idOrVar","v":"n"}," चयनित"],"few":[{"t":"idOrVar","v":"n"}," चयनित"],"many":[{"t":"idOrVar","v":"n"}," चयनित"],"other":[{"t":"idOrVar","v":"n"}," चयनित"]},"$x":[{"t":"idOrVar","v":"plural"},"n"]},{"$i":"delete-playlist-songs","$v":{"zero":"कुछ भी चयनित नहीं","one":"प्लेलिस्ट से चयनित ट्रैक हटाएँ?","two":["प्लेलिस्ट से ",{"t":"idOrVar","v":"n"}," ट्रैक हटाएँ?"],"few":["प्लेलिस्ट से ",{"t":"idOrVar","v":"n"}," ट्रैक हटाएँ?"],"many":["प्लेलिस्ट से ",{"t":"idOrVar","v":"n"}," ट्रैक हटाएँ?"],"other":["प्लेलिस्ट से ",{"t":"idOrVar","v":"n"}," ट्रैक हटाएँ?"]},"$x":[{"t":"idOrVar","v":"plural"},"n"]},{"$i":"delete-playlist-hint","$v":{"zero":"कुछ भी नहीं हटाया गया हैं","one":"प्लेलिस्ट से हटाए गए ट्रैक","two":["प्लेलिस्ट से ",{"t":"idOrVar","v":"n"}," ट्रैक हटाया गया"],"few":["प्लेलिस्ट से ",{"t":"idOrVar","v":"n"}," ट्रैक हटाया गया"],"many":["प्लेलिस्ट से ",{"t":"idOrVar","v":"n"}," ट्रैक हटाया गया"],"other":["प्लेलिस्ट से ",{"t":"idOrVar","v":"n"}," ट्रैक हटाया गया"]},"$x":[{"t":"idOrVar","v":"plural"},"n"]},{"$i":"delete-album-songs","$v":{"zero":"कुछ भी चयनित नहीं","one":"चयनित ट्रैक हटाएँ?","two":[{"t":"idOrVar","v":"n"}," ट्रैक हटाएँ?"],"few":[{"t":"idOrVar","v":"n"}," ट्रैक हटाएँ?"],"many":[{"t":"idOrVar","v":"n"}," ट्रैक हटाएँ?"],"other":[{"t":"idOrVar","v":"n"}," ट्रैक हटाएँ?"]},"$x":[{"t":"idOrVar","v":"plural"},"n"]},{"$i":"delete-album-songs-hint","$v":{"zero":"कुछ भी नहीं हटाया गया हैं","one":"ट्रैक हटाया गया","two":[{"t":"idOrVar","v":"n"}," ट्रैक हटाया गया"],"few":[{"t":"idOrVar","v":"n"}," ट्रैक हटाया गया"],"many":[{"t":"idOrVar","v":"n"}," ट्रैक हटाया गया"],"other":[{"t":"idOrVar","v":"n"}," ट्रैक हटाया गया"]},"$x":[{"t":"idOrVar","v":"plural"},"n"]},{"$i":"library","$v":"लाइब्रेरी"},{"$i":"rate","$v":"रेट करें"},{"$i":"gridview","$v":"ग्रिड व्यू"},{"$i":"confirmation-title","$v":"पुष्टिकरण"},{"$i":"options","$v":"विकल्प"},{"$i":"opt-player","$v":"प्लेयर"},{"$i":"opt-delete","$v":"हटाएँ"},{"$i":"opt-mulselect","$v":"एकाधिक चुनें"},{"$i":"opt-selectall","$v":"सभी चुनें"},{"$i":"opt-deselectall","$v":"सभी का चयन हटाएं"},{"$i":"opt-cancel","$v":"रद्द करना"},{"$i":"opt-library","$v":"लाइब्रेरी"},{"$i":"opt-shuffleall","$v":"सब शफ़ल करें"},{"$i":"opt-repeatall","$v":"सभी दोहराएं"},{"$i":"opt-back","$v":"वापस जाएं"},{"$i":"opt-done","$v":"हो गया"},{"$i":"opt-ok","$v":"ठीक हैं"},{"$i":"opt-play","$v":"बजाए"},{"$i":"opt-pause","$v":"रोकें"},{"$i":"opt-setring","$v":"रिंगटोन के रूप में सेट करें"},{"$i":"opt-shuffleoff","$v":"शफ़ल ऑफ"},{"$i":"opt-shuffleon","$v":"शफ़ल ऑन"},{"$i":"opt-repeatoff","$v":"दोहराना बंध"},{"$i":"opt-repeatone","$v":"एक दोहराएं"},{"$i":"opt-share","$v":"साझा करें"},{"$i":"byteUnit-B","$v":"बाइट"},{"$i":"byteUnit-KB","$v":"KB"},{"$i":"byteUnit-MB","$v":"MB"},{"$i":"byteUnit-GB","$v":"GB"},{"$i":"byteUnit-TB","$v":"TB"},{"$i":"byteUnit-PB","$v":"PB"},{"$i":"byteUnit-EB","$v":"EB"},{"$i":"byteUnit-ZB","$v":"ZB"},{"$i":"byteUnit-YB","$v":"YB"},{"$i":"opt-fileinfo","$v":"फ़ाइल की जानकारी"},{"$i":"info-view","ariaLabel":"जानकारी"},{"$i":"name-label","$v":"नाम"},{"$i":"size-label","$v":"आकार"},{"$i":"music-type-label","$v":"संगीत प्रकार"},{"$i":"playlists-least-played","$v":"सबसे कम बजाया हुआ"},{"$i":"imageDescription","$v":[{"t":"idOrVar","v":"orientation"}," छवि, %I:%M %p, %B %e, %Y"]},{"$i":"imageDescriptionNoTimestamp","$v":[{"t":"idOrVar","v":"orientation"}," छवि"]},{"$i":"videoDescription","$v":[{"t":"idOrVar","v":"orientation"}," वीडियो, %I:%M %p, %B %e, %Y"]},{"$i":"videoDescriptionNoTimestamp","$v":[{"t":"idOrVar","v":"orientation"}," वीडियो"]},{"$i":"orientationPortrait","$v":"पोर्ट्रेट"},{"$i":"orientationLandscape","$v":"लैंडस्केप"},{"$i":"playbackPlay","ariaLabel":"बजाए"},{"$i":"playbackPause","ariaLabel":"रोकें"},{"$i":"playbackNext","ariaLabel":"अगला"},{"$i":"playbackPrevious","ariaLabel":"पिछला"},{"$i":"playbackFullscreen","ariaLabel":"फुलस्क्रिन"},{"$i":"playbackSeekBar","ariaLabel":["सीक बार, अवधि ",{"t":"idOrVar","v":"duration"}]},{"$i":"softkey-options","$v":"विकल्प"}]