[{"$i":"music","$v":"ಸಂಗೀತ"},{"$i":"mix","$v":"ಮಿಕ್ಸ್"},{"$i":"playlists","$v":"ಪ್ಲೇಲಿಸ್ಟ್‌"},{"$i":"artists","$v":"ಕಲಾವಿದರು"},{"$i":"albums","$v":"ಆಲ್ಬಂಗಳು"},{"$i":"songs","$v":"ಹಾಡುಗಳು"},{"$i":"more","$v":"ಇನ್ನಷ್ಟು"},{"$i":"songName","$v":"ಹಾಡಿನ ಹೆಸರು"},{"$i":"songArtist","$v":"ಹಾಡಿನ ಕಲಾಕಾರ"},{"$i":"songAlbum","$v":"ಹಾಡಿನ ಆಲ್ಬಂ"},{"$i":"unknownArtist","$v":"ಅಜ್ಞಾತ ಕಲಾವಿದ"},{"$i":"unknownAlbum","$v":"ಅಜ್ಞಾತ ಆಲ್ಬಂ"},{"$i":"unknownTitle","$v":"ಅನಾಮಿಕ ಶೀರ್ಷಿಕೆ"},{"$i":"empty-title","$v":"ಪ್ರಾರಂಭಿಸಲು ಹಾಡುಗಳನ್ನು ಸೇರಿಸಿ"},{"$i":"empty-text","$v":"ಸಂಗೀತ ಲೈಬ್ರರಿ ಖಾಲಿಯಾಗಿದೆ. ಪ್ರಾರಂಭಿಸಲು ಸ್ಟೋರೇಜ್‌ನಲ್ಲಿ ಹಾಡುಗಳನ್ನು ಸೇರಿಸಿ."},{"$i":"nocard2-title","$v":"ಯಾವುದೇ ಮೆಮೊರಿ ಕಾರ್ಡ್‌ ಕಂಡುಬಂದಿಲ್ಲ"},{"$i":"nocard3-text","$v":"ಮೆಮೊರಿ ಕಾರ್ಡ್ ಲಭ್ಯವಿಲ್ಲ. ಪ್ರಾರಂಭಿಸಲು ಮೆಮೊರಿ ಕಾರ್ಡ್ ಅನ್ನು ಸೇರಿಸಿ."},{"$i":"pluggedin-title","$v":"ಫೋನ್ ಪ್ಲಗಿನ್ ಆದಾಗ ಸಂಗೀತವನ್ನು ಬಳಸಲಾಗದು"},{"$i":"pluggedin-text","$v":"ಸ್ಟೋರೇಜ್ ಪ್ರಸ್ತುತ ಬಳಕೆಯಲ್ಲಿದೆ. ಈ ಆಪ್ ಬಳಸಲು ದಯವಿಟ್ಟು ಫೋನ್‌ಅನ್ನು ಅನ್‌ಪ್ಲಗ್ ಮಾಡಿ."},{"$i":"upgrade-title","$v":"ಡೇಟಾಬೇಸ್ ಅಪ್ಗ್ರೇಡ್"},{"$i":"upgrade-text","$v":"ಮ್ಯೂಸಿಕ್ ತನ್ನ ಡೇಟಾಬೇಸ್‌ಅನ್ನು ಅಪ್‌ಡೇಟ್ ಮಾಡುವವರೆಗೆ ದಯವಿಟ್ಟು ನಿರೀಕ್ಷಿಸಿ."},{"$i":"search-music","placeholder":"ಹುಡುಕಿ"},{"$i":"search-cancel","$v":"ರದ್ದು ಮಾಡಿ"},{"$i":"search-artists","$v":"ಕಲಾವಿದರು"},{"$i":"search-albums","$v":"ಆಲ್ಬಂಗಳು"},{"$i":"search-titles","$v":"ಟ್ರ್ಯಾಕ್‌ಗಳು"},{"$i":"search-close","$v":"ಮುಚ್ಚಿರಿ"},{"$i":"search-no-result","$v":"ಯಾವುದೇ ಟ್ರ್ಯಾಕ್ ಗಳು ಕಂಡುಬಂದಿಲ್ಲ."},{"$i":"artists-search-no-result","$v":"ಯಾವುದೇ ಕಲಾವಿದರು ಕಂಡುಬಂದಿಲ್ಲ"},{"$i":"albums-search-no-result","$v":"ಯಾವುದೇ ಆಲ್ಬಮ್‌ಗಳು ಕಂಡುಬಂದಿಲ್ಲ"},{"$i":"playlists-shuffle-all","$v":"ಎಲ್ಲವನ್ನೂ ಶಫಲ್ ಮಾಡಿ"},{"$i":"playlists-recently-added","$v":"ಇತ್ತೀಚಿಗೆ ಸೇರಿಸಲಾಗಿದೆ"},{"$i":"playlists-most-played","$v":"ಹೆಚ್ಚು ನುಡಿಸಿದ್ದು"},{"$i":"playlists-discover","$v":"ಅನ್ವೇಷಿಸಿ"},{"$i":"no-played-songs","$v":"ನೀವು ಇನ್ನೂ ಯಾವುದೇ ಹಾಡುಗಳನ್ನು ಪ್ಲೇ ಮಾಡಿಲ್ಲ ."},{"$i":"no-recently-added","$v":"ಇತ್ತೀಚೆಗೆ ಹೊಸ ಹಾಡುಗಳನ್ನು ಸೇರಿಸಲಾಗಿಲ್ಲ."},{"$i":"playlists-highest-rated","$v":"ಅತ್ಯಧಿಕ ರಾಫ್ಟ್ ಆಗಿದ್ದು"},{"$i":"picker-title","$v":"ಒಂದು ಟ್ರ್ಯಾಕ್ ಆಯ್ಕೆ ಮಾಡಿ"},{"$i":"save","$v":"ಸೇವ್ ಮಾಡಿ"},{"$i":"saved","$v":"ಸಂಗೀತ ಲೈಬ್ರರಿಗೆ ಉಳಿಸಲಾಗಿದೆ."},{"$i":"audioinvalid","$v":"ಅಡಿಯೋ ನುಡಿಸಲಾಗುವುದಿಲ್ಲ: ಫಾರ್ಮ್ಯಾಟ್ ಬೆಂಬಲಿತವಾಗಿಲ್ಲ ಅಥವಾ ಫೈಲ್ ಅಮಾನ್ಯವಾಗಿದೆ."},{"$i":"overlay-cancel-button","$v":"ರದ್ದು ಮಾಡಿ"},{"$i":"music-paused-notification","$v":"ಕರೆಯ ಸಂದರ್ಭದಲ್ಲಿ ಸಂಗೀತವನ್ನು ನಿಲ್ಲಿಸಲಾಗಿದೆ"},{"$i":"done","$v":"ಮುಗಿದಿದೆ"},{"$i":"share-song","ariaLabel":"ಹಂಚು"},{"$i":"player-album-rating","ariaLabel":"ರೇಟಿಂಗ್"},{"$i":"rating-star","ariaLabel":{"$x":[{"t":"idOrVar","v":"plural"},"n"],"$v":{"zero":[{"t":"idOrVar","v":"n"}," ಸ್ಟಾರ್‌ಗಳು"],"one":[{"t":"idOrVar","v":"n"}," ಸ್ಟಾರ್"],"two":[{"t":"idOrVar","v":"n"}," ಸ್ಟಾರ್‌ಗಳು"],"few":[{"t":"idOrVar","v":"n"}," ಸ್ಟಾರ್‌ಗಳು"],"many":[{"t":"idOrVar","v":"n"}," ಸ್ಟಾರ್‌ಗಳು"],"other":[{"t":"idOrVar","v":"n"}," ಸ್ಟಾರ್‌ಗಳು"]}}},{"$i":"go-to-player-view","ariaLabel":"ಪ್ಲೇಯರ್ ವ್ಯೂಗೆ ಹೋಗಿ"},{"$i":"repeat-off","ariaLabel":"ಪುನರಾವರ್ತನೆ ಆಫ್‌ ಮಾಡಿ"},{"$i":"repeat-list","ariaLabel":"ಎಲ್ಲವನ್ನೂ ಪುನರಾವರ್ತಿಸಿ"},{"$i":"repeat-song","ariaLabel":"ಟ್ರ್ಯಾಕ್ ಪುನರಾವರ್ತಿಸಿ"},{"$i":"shuffle-toggle","ariaLabel":"ಶಫಲ್ ಮಾಡಿ"},{"$i":"mix-tab","ariaLabel":"ಮಿಕ್ಸ್"},{"$i":"playlists-tab","ariaLabel":"ಪ್ಲೇಲಿಸ್ಟ್‌"},{"$i":"artists-tab","ariaLabel":"ಕಲಾವಿದರು"},{"$i":"albums-tab","ariaLabel":"ಆಲ್ಬಂಗಳು"},{"$i":"songs-tab","ariaLabel":"ಹಾಡುಗಳು"},{"$i":"check","$v":"ಆಯ್ಕೆ ಮಾಡಿ"},{"$i":"remove-track","$v":"ಹಾಡನ್ನು ಅಳಿಸಿ"},{"$i":"remove-tracks","$v":"ಟ್ರ್ಯಾಕ್ ಅಳಿಸಿ"},{"$i":"cancel","$v":"ರದ್ದು ಮಾಡಿ"},{"$i":"delete","$v":"ಅಳಿಸಿ"},{"$i":"song-num-checked","$v":{"zero":"0 ಆಯ್ಕೆ ಮಾಡಲಾಗಿದೆ","one":[{"t":"idOrVar","v":"n"}," ಆಯ್ಕೆ ಮಾಡಲಾಗಿದೆ"],"two":[{"t":"idOrVar","v":"n"}," ಆಯ್ಕೆ ಮಾಡಲಾಗಿದೆ"],"few":[{"t":"idOrVar","v":"n"}," ಆಯ್ಕೆ ಮಾಡಲಾಗಿದೆ"],"many":[{"t":"idOrVar","v":"n"}," ಆಯ್ಕೆ ಮಾಡಲಾಗಿದೆ"],"other":[{"t":"idOrVar","v":"n"}," ಆಯ್ಕೆ ಮಾಡಲಾಗಿದೆ"]},"$x":[{"t":"idOrVar","v":"plural"},"n"]},{"$i":"delete-playlist-songs","$v":{"zero":"ಯಾವುದನ್ನೂ ಆಯ್ಕೆ ಮಾಡಿಲ್ಲ","one":"ಪ್ಲೇಲಿಸ್ಟ್ ನಿಂದ ಆಯ್ಕೆಮಾಡಿದ ಹಾಡನ್ನು ಅಳಿಸಿ?","two":["ಪ್ಲೇಲಿಸ್ಟ್ ನಿಂದ ",{"t":"idOrVar","v":"n"}," ಟ್ರಾಕ್‌ಗಳನ್ನು ಅಳಿಸಿ?"],"few":["ಪ್ಲೇಲಿಸ್ಟ್ ನಿಂದ ",{"t":"idOrVar","v":"n"}," ಟ್ರಾಕ್‌ಗಳನ್ನು ಅಳಿಸಿ?"],"many":["ಪ್ಲೇಲಿಸ್ಟ್ ನಿಂದ ",{"t":"idOrVar","v":"n"}," ಟ್ರಾಕ್‌ಗಳನ್ನು ಅಳಿಸಿ?"],"other":["ಪ್ಲೇಲಿಸ್ಟ್ ನಿಂದ ",{"t":"idOrVar","v":"n"}," ಟ್ರಾಕ್‌ಗಳನ್ನು ಅಳಿಸಿ?"]},"$x":[{"t":"idOrVar","v":"plural"},"n"]},{"$i":"delete-playlist-hint","$v":{"zero":"ಯಾವುದನ್ನೂ ಅಳಿಸಿಲ್ಲ","one":"ಪ್ಲೇಲಿಸ್ಟ್‌ನಿಂದ ಟ್ರ್ಯಾಕ್ ಅಳಿಸಲಾಗಿದೆ","two":[{"t":"idOrVar","v":"n"}," ಟ್ರ್ಯಾಕ್ ಪ್ಲೇಲಿಸ್ಟ್‌ನಿಂದ ಅಳಿಸಲಾಗಿದೆ"],"few":[{"t":"idOrVar","v":"n"}," ಟ್ರ್ಯಾಕ್ ಪ್ಲೇಲಿಸ್ಟ್‌ನಿಂದ ಅಳಿಸಲಾಗಿದೆ"],"many":[{"t":"idOrVar","v":"n"}," ಟ್ರ್ಯಾಕ್ ಪ್ಲೇಲಿಸ್ಟ್‌ನಿಂದ ಅಳಿಸಲಾಗಿದೆ"],"other":[{"t":"idOrVar","v":"n"}," ಟ್ರ್ಯಾಕ್ ಪ್ಲೇಲಿಸ್ಟ್‌ನಿಂದ ಅಳಿಸಲಾಗಿದೆ"]},"$x":[{"t":"idOrVar","v":"plural"},"n"]},{"$i":"delete-album-songs","$v":{"zero":"ಯಾವುದನ್ನೂ ಆಯ್ಕೆ ಮಾಡಿಲ್ಲ","one":"ಆಯ್ಕೆಮಾಡಿದ ಹಾಡನ್ನು ಅಳಿಸಿ?","two":[{"t":"idOrVar","v":"n"}," ಟ್ರಾಕ್ ಅನ್ನು ಅಳಿಸಿ?"],"few":[{"t":"idOrVar","v":"n"}," ಟ್ರಾಕ್ ಅನ್ನು ಅಳಿಸಿ?"],"many":[{"t":"idOrVar","v":"n"}," ಟ್ರಾಕ್ ಅನ್ನು ಅಳಿಸಿ?"],"other":[{"t":"idOrVar","v":"n"}," ಟ್ರಾಕ್ ಅನ್ನು ಅಳಿಸಿ?"]},"$x":[{"t":"idOrVar","v":"plural"},"n"]},{"$i":"delete-album-songs-hint","$v":{"zero":"ಯಾವುದನ್ನೂ ಅಳಿಸಿಲ್ಲ","one":"ಟ್ರ್ಯಾಕ್ ಅಳಿಸಲಾಗಿದೆ","two":[{"t":"idOrVar","v":"n"}," ಟ್ರ್ಯಾಕ್ ಅಳಿಸಲಾಗಿದೆ"],"few":[{"t":"idOrVar","v":"n"}," ಟ್ರ್ಯಾಕ್ ಅಳಿಸಲಾಗಿದೆ"],"many":[{"t":"idOrVar","v":"n"}," ಟ್ರ್ಯಾಕ್ ಅಳಿಸಲಾಗಿದೆ"],"other":[{"t":"idOrVar","v":"n"}," ಟ್ರ್ಯಾಕ್ ಅಳಿಸಲಾಗಿದೆ"]},"$x":[{"t":"idOrVar","v":"plural"},"n"]},{"$i":"library","$v":"ಲೈಬ್ರರಿ"},{"$i":"rate","$v":"ರೇಟ್ ಮಾಡಿ"},{"$i":"gridview","$v":"ಗ್ರಿಡ್ ವ್ಯೂ"},{"$i":"confirmation-title","$v":"ದೃಢೀಕರಣ"},{"$i":"options","$v":"ಆಯ್ಕೆಗಳು"},{"$i":"opt-player","$v":"ಪ್ಲೇಯರ್"},{"$i":"opt-delete","$v":"ಅಳಿಸಿ"},{"$i":"opt-mulselect","$v":"ಹಲವು ಆಯ್ಕೆ ಮಾಡಿ"},{"$i":"opt-selectall","$v":"ಎಲ್ಲ ಆಯ್ಕೆ ಮಾಡಿ"},{"$i":"opt-deselectall","$v":"ಎಲ್ಲ ಆಯ್ಕೆ ತೆಗೆಯಿರಿ"},{"$i":"opt-cancel","$v":"ರದ್ದು ಮಾಡಿ"},{"$i":"opt-library","$v":"ಲೈಬ್ರರಿ"},{"$i":"opt-shuffleall","$v":"ಎಲ್ಲವನ್ನೂ ಶಫಲ್ ಮಾಡಿ"},{"$i":"opt-repeatall","$v":"ಎಲ್ಲವನ್ನೂ ಪುನರಾವರ್ತಿಸಿ"},{"$i":"opt-back","$v":"ಹಿಂದೆ"},{"$i":"opt-done","$v":"ಮುಗಿದಿದೆ"},{"$i":"opt-ok","$v":"ಸರಿ"},{"$i":"opt-play","$v":"ಪ್ಲೇ ಮಾಡಿ"},{"$i":"opt-pause","$v":"ವಿರಾಮಗೊಳಿಸು"},{"$i":"opt-setring","$v":"ರಿಂಗ್‌ಟೋನ್ ಹೊಂದಿಸಿ"},{"$i":"opt-shuffleoff","$v":"ಶಫಲ್ ಆಫ್ ಮಾಡಿ"},{"$i":"opt-shuffleon","$v":"ಶಫಲ್ ಆನ್ ಮಾಡಿ"},{"$i":"opt-repeatoff","$v":"ಪುನರಾವರ್ತನೆ ಆಫ್‌ ಮಾಡಿ"},{"$i":"opt-repeatone","$v":"ಒಂದನ್ನು ಪುನರಾವರ್ತಿಸಿ"},{"$i":"opt-share","$v":"ಹಂಚು"},{"$i":"byteUnit-B","$v":"ಬೈಟ್‌"},{"$i":"byteUnit-KB","$v":"KB"},{"$i":"byteUnit-MB","$v":"MB"},{"$i":"byteUnit-GB","$v":"GB"},{"$i":"byteUnit-TB","$v":"TB"},{"$i":"byteUnit-PB","$v":"PB"},{"$i":"byteUnit-EB","$v":"EB"},{"$i":"byteUnit-ZB","$v":"ZB"},{"$i":"byteUnit-YB","$v":"YB"},{"$i":"opt-fileinfo","$v":"ಫೈಲ್ ಮಾಹಿತಿ"},{"$i":"info-view","ariaLabel":"ಮಾಹಿತಿ"},{"$i":"name-label","$v":"ಹೆಸರು"},{"$i":"size-label","$v":"ಗಾತ್ರ"},{"$i":"music-type-label","$v":"ಸಂಗೀತದ ಪ್ರಕಾರ"},{"$i":"playlists-least-played","$v":"ಕನಿಷ್ಠ ನುಡಿಸಿದ್ದು"},{"$i":"imageDescription","$v":[{"t":"idOrVar","v":"orientation"}," ಚಿತ್ರ, %I:%M %p, %B %e, %Y"]},{"$i":"imageDescriptionNoTimestamp","$v":[{"t":"idOrVar","v":"orientation"}," ಚಿತ್ರ"]},{"$i":"videoDescription","$v":[{"t":"idOrVar","v":"orientation"}," ವೀಡಿಯೋ, %I:%M %p, %B %e, %Y"]},{"$i":"videoDescriptionNoTimestamp","$v":[{"t":"idOrVar","v":"orientation"}," ವೀಡಿಯೋ"]},{"$i":"orientationPortrait","$v":"ಪೋರ್ಟ್ರೇಟ್"},{"$i":"orientationLandscape","$v":"ಲ್ಯಾಂಡ್‌ಸ್ಕೇಪ್"},{"$i":"playbackPlay","ariaLabel":"ಪ್ಲೇ ಮಾಡಿ"},{"$i":"playbackPause","ariaLabel":"ವಿರಾಮಗೊಳಿಸು"},{"$i":"playbackNext","ariaLabel":"ಮುಂದಿನದು"},{"$i":"playbackPrevious","ariaLabel":"ಹಿಂದಿನದು"},{"$i":"playbackFullscreen","ariaLabel":"ಫುಲ್‌ಸ್ಕ್ರೀನ್"},{"$i":"playbackSeekBar","ariaLabel":["ಸೀಕ್ ಬಾರ್, ಅವಧಿ ",{"t":"idOrVar","v":"duration"}]},{"$i":"softkey-options","$v":"ಆಯ್ಕೆಗಳು"}]