[{"$i":"music","$v":"संगीत"},{"$i":"mix","$v":"मिक्स"},{"$i":"playlists","$v":"प्लेलिस्ट"},{"$i":"artists","$v":"कलाकार"},{"$i":"albums","$v":"आल्बमां"},{"$i":"songs","$v":"पदां"},{"$i":"more","$v":"आनीक"},{"$i":"songName","$v":"गिताचें नांव"},{"$i":"songArtist","$v":"गितांचो कलाकार"},{"$i":"songAlbum","$v":"गितांचो आल्बम"},{"$i":"unknownArtist","$v":"अनवळखी कलाकार"},{"$i":"unknownAlbum","$v":"अनवळखी आल्बम"},{"$i":"unknownTitle","$v":"अनवळखी शीर्शक"},{"$i":"empty-title","$v":"सुरू करूंक गाणीं जोडचीं"},{"$i":"empty-text","$v":"संगीत लायब्ररी रिकामी आसा. सुरवात करूंक सांठवणीक गितांचें संयोजन करचें"},{"$i":"nocard2-title","$v":"खंयचेंच मेमरी कार्ड मेळुंक ना"},{"$i":"nocard3-text","$v":"मेमरी कार्ड उपलब्ध ना. सुरू करूंक एक मेमरी कार्ड रिगोवचें."},{"$i":"pluggedin-title","$v":"फोन प्लग इन केल्लो आसतना संगीत वापरूंक मेळना"},{"$i":"pluggedin-text","$v":"सांठवण सद्या वापरांत आसा. उपकार करून हें ऍप्लिकेशन वापरूंक फोन अनप्लग करचो"},{"$i":"upgrade-title","$v":"डेटाबेस अपग्रेड"},{"$i":"upgrade-text","$v":"उपकार करून संगीत ताची डेटाबेस अपडेट करता मेरेन वाट पळोवची"},{"$i":"search-music","placeholder":"सोदप"},{"$i":"search-cancel","$v":"रद्द करचें"},{"$i":"search-artists","$v":"कलाकार"},{"$i":"search-albums","$v":"आल्बमां"},{"$i":"search-titles","$v":"गितां"},{"$i":"search-close","$v":"बंद कर"},{"$i":"search-no-result","$v":"माग मेळ्ळो ना."},{"$i":"artists-search-no-result","$v":"कलाकार मेळ्ळे नात"},{"$i":"albums-search-no-result","$v":"आल्बम मेळ्ळे नात"},{"$i":"playlists-shuffle-all","$v":"सगळे शफल करचें"},{"$i":"playlists-recently-added","$v":"हालीच जोडला"},{"$i":"playlists-most-played","$v":"चड वाजयल्लें"},{"$i":"playlists-discover","$v":"सोदचें"},{"$i":"no-played-songs","$v":"तुमी अजून खंयचेंच गीत वाजोवंक ना."},{"$i":"no-recently-added","$v":"हालीं एक्कूय नवें गीत जोडूंक ना."},{"$i":"playlists-highest-rated","$v":"उच्च मानांकन मेळ्ळां"},{"$i":"picker-title","$v":"माग वेंच्चो"},{"$i":"save","$v":"सांबाळ"},{"$i":"saved","$v":"संगीत लायब्ररी कडेन सांबाळचें"},{"$i":"audioinvalid","$v":"ऑडियो वाजोवंक शकनात: स्वरूपाक तेंको ना वा फायल अवैध आसा"},{"$i":"overlay-cancel-button","$v":"रद्द करचें"},{"$i":"music-paused-notification","$v":"कॉला वेळार संगीत थांबयलां"},{"$i":"done","$v":"केलें"},{"$i":"share-song","ariaLabel":"वांटून घेयात"},{"$i":"player-album-rating","ariaLabel":"मानांकन दिता"},{"$i":"rating-star","ariaLabel":{"$x":[{"t":"idOrVar","v":"plural"},"n"],"$v":{"zero":[{"t":"idOrVar","v":"n"}," नखेत्रां"],"one":[{"t":"idOrVar","v":"n"}," नखेत्र"],"two":[{"t":"idOrVar","v":"n"}," नखेत्रां"],"few":[{"t":"idOrVar","v":"n"}," नखेत्रां"],"many":[{"t":"idOrVar","v":"n"}," नखेत्रां"],"other":[{"t":"idOrVar","v":"n"}," नखेत्रां"]}}},{"$i":"go-to-player-view","ariaLabel":"प्लेयर दृश्यांत वच्चें"},{"$i":"repeat-off","ariaLabel":"पुनरावृत्ती बंद"},{"$i":"repeat-list","ariaLabel":"सगळ्याची पुनरावृत्ती करची"},{"$i":"repeat-song","ariaLabel":"पुनरावृत्ती माग"},{"$i":"shuffle-toggle","ariaLabel":"शफल"},{"$i":"mix-tab","ariaLabel":"मिक्स"},{"$i":"playlists-tab","ariaLabel":"प्लेलिल्ट"},{"$i":"artists-tab","ariaLabel":"कलाकार"},{"$i":"albums-tab","ariaLabel":"आल्बमां"},{"$i":"songs-tab","ariaLabel":"पदां"},{"$i":"check","$v":"वेंच्चें"},{"$i":"remove-track","$v":"माग वगळावचो"},{"$i":"remove-tracks","$v":"माग वगळावचे"},{"$i":"cancel","$v":"रद्द करचें"},{"$i":"delete","$v":"पुसून उडयात"},{"$i":"song-num-checked","$v":{"zero":"0 वेंचलें","one":[{"t":"idOrVar","v":"n"}," वेंचलां"],"two":[{"t":"idOrVar","v":"n"}," वेंचलां"],"few":[{"t":"idOrVar","v":"n"}," वेंचलां"],"many":[{"t":"idOrVar","v":"n"}," वेंचलां"],"other":[{"t":"idOrVar","v":"n"}," वेंचलां"]},"$x":[{"t":"idOrVar","v":"plural"},"n"]},{"$i":"delete-playlist-songs","$v":{"zero":"कांयच वेंचूक ना","one":"प्लेलिस्टातले वेंचीक माग वगळावचे","two":["प्लेलिस्टातल्यान ",{"t":"idOrVar","v":"n"}," माग वगळावचे"],"few":["प्लेलिस्टातल्यान ",{"t":"idOrVar","v":"n"}," माग वगळावचे"],"many":["प्लेलिस्टातल्यान ",{"t":"idOrVar","v":"n"}," माग वगळावचे"],"other":["प्लेलिस्टातल्यान ",{"t":"idOrVar","v":"n"}," माग वगळावचे"]},"$x":[{"t":"idOrVar","v":"plural"},"n"]},{"$i":"delete-playlist-hint","$v":{"zero":"कांयच वगळावंक ना","one":"प्लेलिस्टांतल्यान ट्रॅक वगळायलो","two":["प्लेलिस्टातल्यान ",{"t":"idOrVar","v":"n"}," ट्रॅक वगळायले"],"few":["प्लेलिस्टातल्यान ",{"t":"idOrVar","v":"n"}," ट्रॅक वगळायले"],"many":["प्लेलिस्टातल्यान ",{"t":"idOrVar","v":"n"}," ट्रॅक वगळायले"],"other":["प्लेलिस्टातल्यान ",{"t":"idOrVar","v":"n"}," ट्रॅक वगळायले"]},"$x":[{"t":"idOrVar","v":"plural"},"n"]},{"$i":"delete-album-songs","$v":{"zero":"कांयच वेंचूक ना","one":"वेंचीक माग वगळावचो","two":[{"t":"idOrVar","v":"n"}," माग वगळावचे"],"few":[{"t":"idOrVar","v":"n"}," माग वगळावचे"],"many":[{"t":"idOrVar","v":"n"}," माग वगळावचे"],"other":[{"t":"idOrVar","v":"n"}," माग वगळावचे"]},"$x":[{"t":"idOrVar","v":"plural"},"n"]},{"$i":"delete-album-songs-hint","$v":{"zero":"कांयच वगळावंक ना","one":"ट्रॅक वगळायलो","two":[{"t":"idOrVar","v":"n"}," ट्रॅक वगळायल्यात"],"few":[{"t":"idOrVar","v":"n"}," ट्रॅक वगळायल्यात"],"many":[{"t":"idOrVar","v":"n"}," ट्रॅक वगळायल्यात"],"other":[{"t":"idOrVar","v":"n"}," ट्रॅक वगळायल्यात"]},"$x":[{"t":"idOrVar","v":"plural"},"n"]},{"$i":"library","$v":"लायब्ररी"},{"$i":"rate","$v":"मानांकन दिवचें"},{"$i":"gridview","$v":"ग्रीड दृश्य"},{"$i":"confirmation-title","$v":"खात्री"},{"$i":"options","$v":"पर्याय"},{"$i":"opt-player","$v":"खेळग़डे"},{"$i":"opt-delete","$v":"पुसून उडयात"},{"$i":"opt-mulselect","$v":"तरेकवार वेंच्चें"},{"$i":"opt-selectall","$v":"सगळें वेंच्चें"},{"$i":"opt-deselectall","$v":"सगळ्याची वेंचणी रद्द करची"},{"$i":"opt-cancel","$v":"रद्द करचें"},{"$i":"opt-library","$v":"लायब्ररी"},{"$i":"opt-shuffleall","$v":"सगळे शफल करचें"},{"$i":"opt-repeatall","$v":"सगळ्याची पुनरावृत्ती करची"},{"$i":"opt-back","$v":"फाटीं"},{"$i":"opt-done","$v":"केलें"},{"$i":"opt-ok","$v":"बरें आसा"},{"$i":"opt-play","$v":"चालू कर"},{"$i":"opt-pause","$v":"थांबोवचें"},{"$i":"opt-setring","$v":"रिंगटोन म्हूण मांडचो"},{"$i":"opt-shuffleoff","$v":"शफल बंद करचें"},{"$i":"opt-shuffleon","$v":"शफल चालू करचें"},{"$i":"opt-repeatoff","$v":"पुनरावृत्ती बंद"},{"$i":"opt-repeatone","$v":"एक पुनरावृत्ती"},{"$i":"opt-share","$v":"वांटून घेयात"},{"$i":"byteUnit-B","$v":"बायट्स"},{"$i":"byteUnit-KB","$v":"KB"},{"$i":"byteUnit-MB","$v":"MB"},{"$i":"byteUnit-GB","$v":"GB"},{"$i":"byteUnit-TB","$v":"TB"},{"$i":"byteUnit-PB","$v":"PB"},{"$i":"byteUnit-EB","$v":"EB"},{"$i":"byteUnit-ZB","$v":"ZB"},{"$i":"byteUnit-YB","$v":"YB"},{"$i":"opt-fileinfo","$v":"फायल म्हायती"},{"$i":"info-view","ariaLabel":"म्हायती"},{"$i":"name-label","$v":"नांव"},{"$i":"size-label","$v":"आकार"},{"$i":"music-type-label","$v":"संगीत प्रकार"},{"$i":"playlists-least-played","$v":"कमी खेळिल्लें"},{"$i":"imageDescription","$v":[{"t":"idOrVar","v":"orientation"}," प्रतिमा, %I:%M %p, %B %e, %Y"]},{"$i":"imageDescriptionNoTimestamp","$v":[{"t":"idOrVar","v":"orientation"}," प्रतिमा"]},{"$i":"videoDescription","$v":[{"t":"idOrVar","v":"orientation"}," व्हिडियो, %I:%M %p, %B %e, %Y"]},{"$i":"videoDescriptionNoTimestamp","$v":[{"t":"idOrVar","v":"orientation"}," व्हिडियो"]},{"$i":"orientationPortrait","$v":"तसबीर"},{"$i":"orientationLandscape","$v":"परिदृश्य"},{"$i":"playbackPlay","ariaLabel":"चालू कर"},{"$i":"playbackPause","ariaLabel":"थांबोवचें"},{"$i":"playbackNext","ariaLabel":"उपरांत"},{"$i":"playbackPrevious","ariaLabel":"आदले"},{"$i":"playbackFullscreen","ariaLabel":"पूर्णस्क्रीन"},{"$i":"playbackSeekBar","ariaLabel":["पटी पळोवची, कालमान ",{"t":"idOrVar","v":"duration"}]},{"$i":"softkey-options","$v":"पर्याय"}]