[{"$i":"music","$v":"موسیقی"},{"$i":"mix","$v":"میکس"},{"$i":"playlists","$v":"پلے لیسٹ"},{"$i":"artists","$v":"کلاکار"},{"$i":"albums","$v":"ایلبم"},{"$i":"songs","$v":"گیوُن"},{"$i":"more","$v":"مزید"},{"$i":"songName","$v":"گیوُن ناو"},{"$i":"songArtist","$v":"گیوَن فنکار"},{"$i":"songAlbum","$v":"گیوَن ایلبم"},{"$i":"unknownArtist","$v":"انجان کلاکار"},{"$i":"unknownAlbum","$v":"انجان ایلبم"},{"$i":"unknownTitle","$v":"انجان عنوان"},{"$i":"empty-title","$v":"کریو شٲمل گیوُن شروع کرنِہ خٲطر"},{"$i":"empty-text","$v":"ساز لائبریری چھِ خٲلی۔ شٲمل کریو گیوُن سٹوریج منز شروع کرنِہ خٲطر"},{"$i":"nocard2-title","$v":"کاہ میمری کاڈ لوب نِہ"},{"$i":"nocard3-text","$v":"میمری کارڑ چھِ نِہ دستیاب۔ لٲگیو میمری کارڑ شروع کرنِہ خٲطر۔"},{"$i":"pluggedin-title","$v":"ساز ھیکو نِہ استعمال کریتھ یلِہ فون آسِہ پُلغ ان"},{"$i":"pluggedin-text","$v":"سٹوریج چھِ فی الحال استعمالس منز، مہربٲنی کریتھ کریو فون ان پُلغ یِہ ایپ استعمال کرنِہ خٲطر"},{"$i":"upgrade-title","$v":"ڈیٹا بیس اپ گریڈ"},{"$i":"upgrade-text","$v":"مہربٲنی کریتھ پرار یتام ساز کر اپ ڈیٹ پنُن ڈیٹا بیس"},{"$i":"search-music","placeholder":"ژھار"},{"$i":"search-cancel","$v":"رد کر"},{"$i":"search-artists","$v":"کلاکار"},{"$i":"search-albums","$v":"ایلبم"},{"$i":"search-titles","$v":"ٹریکس"},{"$i":"search-close","$v":"بند"},{"$i":"search-no-result","$v":"کاہنہ ٹریک لوب نہٕ۔"},{"$i":"artists-search-no-result","$v":"کاہ فن کار لوب نِہ"},{"$i":"albums-search-no-result","$v":"کاہ ایلبم لوب نِہ"},{"$i":"playlists-shuffle-all","$v":"شفل کر تمام"},{"$i":"playlists-recently-added","$v":"تازہ شٲمل"},{"$i":"playlists-most-played","$v":"زیادِ چلومُت"},{"$i":"playlists-discover","$v":"دریافت کریو"},{"$i":"no-played-songs","$v":"توہ چلأو نہٕ کاہنہ گیوُن وٮ۪ن۔"},{"$i":"no-recently-added","$v":"نَے گیوِن آئے تازہ شأمل کرنہٕ۔"},{"$i":"playlists-highest-rated","$v":"تھود درجہ"},{"$i":"picker-title","$v":"چُنیو اکھ ٹریک"},{"$i":"save","$v":"محفوظ"},{"$i":"saved","$v":"محفوظ کُر ساز لائبراری منز"},{"$i":"audioinvalid","$v":"آڈیو ھیکو نِہ چلٲویتھ :فارمیٹ چھِ بے سہارہ یا فائل چھِ نِہ درست"},{"$i":"overlay-cancel-button","$v":"رد کر"},{"$i":"music-paused-notification","$v":"ساز آو ٹہراونِہ کال دوران"},{"$i":"done","$v":"مکمل"},{"$i":"share-song","ariaLabel":"بانٹ"},{"$i":"player-album-rating","ariaLabel":"درجہ بندی"},{"$i":"rating-star","ariaLabel":{"$x":[{"t":"idOrVar","v":"plural"},"n"],"$v":{"zero":["سٹار ",{"t":"idOrVar","v":"n"}],"one":["سٹار ",{"t":"idOrVar","v":"n"}],"two":["سٹار ",{"t":"idOrVar","v":"n"}],"few":["سٹار ",{"t":"idOrVar","v":"n"}],"many":["سٹار ",{"t":"idOrVar","v":"n"}],"other":["سٹار ",{"t":"idOrVar","v":"n"}]}}},{"$i":"go-to-player-view","ariaLabel":"گژھیو پلیر ویو پیٹھ"},{"$i":"repeat-off","ariaLabel":"دُہراوُن آف"},{"$i":"repeat-list","ariaLabel":"دُہراو تمام"},{"$i":"repeat-song","ariaLabel":"دُہراو ٹریک"},{"$i":"shuffle-toggle","ariaLabel":"شفل"},{"$i":"mix-tab","ariaLabel":"میکس"},{"$i":"playlists-tab","ariaLabel":"پلے لیسٹ"},{"$i":"artists-tab","ariaLabel":"کلاکار"},{"$i":"albums-tab","ariaLabel":"ایلبم"},{"$i":"songs-tab","ariaLabel":"گیوُن"},{"$i":"check","$v":"چُنیو"},{"$i":"remove-track","$v":"خٲرج کریو ٹریک"},{"$i":"remove-tracks","$v":"خٲرج کریو ٹریک"},{"$i":"cancel","$v":"رد کر"},{"$i":"delete","$v":"خٲرج"},{"$i":"song-num-checked","$v":{"zero":"چُننِہ مِت 0","one":["چُنیتھ ",{"t":"idOrVar","v":"n"}],"two":["چُنیتھ ",{"t":"idOrVar","v":"n"}],"few":["چُنیتھ ",{"t":"idOrVar","v":"n"}],"many":["چُنیتھ ",{"t":"idOrVar","v":"n"}],"other":["چُنیتھ ",{"t":"idOrVar","v":"n"}]},"$x":[{"t":"idOrVar","v":"plural"},"n"]},{"$i":"delete-playlist-songs","$v":{"zero":"کیہ نِہ چُنیتھ","one":"خٲرج کریو چُننِہ آمِت ٹریک پلے لیسٹ منز","two":["پلے لیسٹ منز ٹریکس ",{"t":"idOrVar","v":"n"}," خٲرج کریو"],"few":["پلے لیسٹ منز ٹریکس ",{"t":"idOrVar","v":"n"}," خٲرج کریو"],"many":["پلے لیسٹ منز ٹریکس ",{"t":"idOrVar","v":"n"}," خٲرج کریو"],"other":["پلے لیسٹ منز ٹریکس ",{"t":"idOrVar","v":"n"}," خٲرج کریو"]},"$x":[{"t":"idOrVar","v":"plural"},"n"]},{"$i":"delete-playlist-hint","$v":{"zero":"کیہ نِہ خٲرج","one":"ٹریک پلے لیسٹ منز خٲرج","two":["ٹریک پلے لیسٹ منز خٲرج ",{"t":"idOrVar","v":"n"}],"few":["ٹریک پلے لیسٹ منز خٲرج ",{"t":"idOrVar","v":"n"}],"many":["ٹریک پلے لیسٹ منز خٲرج ",{"t":"idOrVar","v":"n"}],"other":["ٹریک پلے لیسٹ منز خٲرج ",{"t":"idOrVar","v":"n"}]},"$x":[{"t":"idOrVar","v":"plural"},"n"]},{"$i":"delete-album-songs","$v":{"zero":"کیہ نِہ چُنیتھ","one":"خٲرج کریو چُننِہ آمِت ٹریک","two":["ٹریکس ",{"t":"idOrVar","v":"n"}," خٲرج کریو"],"few":["ٹریکس ",{"t":"idOrVar","v":"n"}," خٲرج کریو"],"many":["ٹریکس ",{"t":"idOrVar","v":"n"}," خٲرج کریو"],"other":["ٹریکس ",{"t":"idOrVar","v":"n"}," خٲرج کریو"]},"$x":[{"t":"idOrVar","v":"plural"},"n"]},{"$i":"delete-album-songs-hint","$v":{"zero":"کیہ نِہ خٲرج","one":"ٹریک خٲرج","two":["ٹریک خٲرج کرمِت ",{"t":"idOrVar","v":"n"}],"few":["ٹریک خٲرج کرمِت ",{"t":"idOrVar","v":"n"}],"many":["ٹریک خٲرج کرمِت ",{"t":"idOrVar","v":"n"}],"other":["ٹریک خٲرج کرمِت ",{"t":"idOrVar","v":"n"}]},"$x":[{"t":"idOrVar","v":"plural"},"n"]},{"$i":"library","$v":"لائبراری"},{"$i":"rate","$v":"درجہ"},{"$i":"gridview","$v":"گریڈ ویو"},{"$i":"confirmation-title","$v":"تصدیق"},{"$i":"options","$v":"انتخابات"},{"$i":"opt-player","$v":"پلیر"},{"$i":"opt-delete","$v":"خٲرج"},{"$i":"opt-mulselect","$v":"چُنیو بکثرت"},{"$i":"opt-selectall","$v":"چُنیو تمام"},{"$i":"opt-deselectall","$v":"مَہ چُنیو کاہ"},{"$i":"opt-cancel","$v":"رد کر"},{"$i":"opt-library","$v":"لائبراری"},{"$i":"opt-shuffleall","$v":"شفل کر تمام"},{"$i":"opt-repeatall","$v":"دُہراو تمام"},{"$i":"opt-back","$v":"پتھ"},{"$i":"opt-done","$v":"مکمل"},{"$i":"opt-ok","$v":"ٹھیک"},{"$i":"opt-play","$v":"چلاۅ"},{"$i":"opt-pause","$v":"تیھر"},{"$i":"opt-setring","$v":"تھاو از رینگ ٹون"},{"$i":"opt-shuffleoff","$v":"شفل آف"},{"$i":"opt-shuffleon","$v":"شفل آن"},{"$i":"opt-repeatoff","$v":"دُہراوُن آف"},{"$i":"opt-repeatone","$v":"دُہراو اکھ"},{"$i":"opt-share","$v":"بانٹ"},{"$i":"byteUnit-B","$v":"بائٹز"},{"$i":"byteUnit-KB","$v":"KB"},{"$i":"byteUnit-MB","$v":"MB"},{"$i":"byteUnit-GB","$v":"GB"},{"$i":"byteUnit-TB","$v":"TB"},{"$i":"byteUnit-PB","$v":"PB"},{"$i":"byteUnit-EB","$v":"EB"},{"$i":"byteUnit-ZB","$v":"ZB"},{"$i":"byteUnit-YB","$v":"YB"},{"$i":"opt-fileinfo","$v":"فائل تفصیل"},{"$i":"info-view","ariaLabel":"تفصیلات"},{"$i":"name-label","$v":"ناؤ"},{"$i":"size-label","$v":"سائز"},{"$i":"music-type-label","$v":"ساز قسم"},{"$i":"playlists-least-played","$v":"کم چلومُت"},{"$i":"imageDescription","$v":["%I:%M %p, %B %e, %Y،شکل ",{"t":"idOrVar","v":"orientation"}]},{"$i":"imageDescriptionNoTimestamp","$v":["شکل ",{"t":"idOrVar","v":"orientation"}]},{"$i":"videoDescription","$v":["%I:%M %p, %B %e, %Y،ویڈیو",{"t":"idOrVar","v":"orientation"}]},{"$i":"videoDescriptionNoTimestamp","$v":["ویڈیو ",{"t":"idOrVar","v":"orientation"}]},{"$i":"orientationPortrait","$v":"پوٹریٹ"},{"$i":"orientationLandscape","$v":"لینڈسکیپ"},{"$i":"playbackPlay","ariaLabel":"چلاۅ"},{"$i":"playbackPause","ariaLabel":"تیھر"},{"$i":"playbackNext","ariaLabel":"برونٹھ"},{"$i":"playbackPrevious","ariaLabel":"پتِم"},{"$i":"playbackFullscreen","ariaLabel":"پور سکرین"},{"$i":"playbackSeekBar","ariaLabel":[{"t":"idOrVar","v":"duration"}," سیک بار، مُدت"]},{"$i":"softkey-options","$v":"انتخابات"}]