[{"$i":"music","$v":"संगीत"},{"$i":"mix","$v":"मिक्स"},{"$i":"playlists","$v":"प्लेलिस्ट"},{"$i":"artists","$v":"कलाकार"},{"$i":"albums","$v":"अल्‍बम्‍स"},{"$i":"songs","$v":"गीत"},{"$i":"more","$v":"आर बेसी"},{"$i":"songName","$v":"गीत क नाम"},{"$i":"songArtist","$v":"गीत कलाकार"},{"$i":"songAlbum","$v":"गीत एल्‍बम"},{"$i":"unknownArtist","$v":"अज्ञात कलाकार"},{"$i":"unknownAlbum","$v":"अज्ञात एलबम"},{"$i":"unknownTitle","$v":"अज्ञात टाइटल"},{"$i":"empty-title","$v":"शुरू करअाइ लेल गाना जोरू"},{"$i":"empty-text","$v":"म्यूजिक लाइब्रेरी खाली अछि. शुरू करबाक लेल लाइब्रेरी मे गाना जोड़ू"},{"$i":"nocard2-title","$v":"मेमोरी कार्ड नै पेल गेल्लै"},{"$i":"nocard3-text","$v":"मेमोरी कार्ड उपलब्ध नहि अछि. शुरू करै लेल मेमोरी कार्ड जोड़ू ."},{"$i":"pluggedin-title","$v":"प्लग इन क क म्यूजिक नै बजैल जा सकै या"},{"$i":"pluggedin-text","$v":"स्टोरेज इस्‍तेमाल मे अछि. इस्‍तेमाल करबाक लेल कृपया फ़ोन क अनप्लग करू."},{"$i":"upgrade-title","$v":"डेटाबेस अपग्रेड"},{"$i":"upgrade-text","$v":"जखन तक म्यूजिक क डेटाबेस अपडेट नै भ जैई छै, कृपया इंतज़ार करू."},{"$i":"search-music","placeholder":"सर्च"},{"$i":"search-cancel","$v":"रद्द करू"},{"$i":"search-artists","$v":"कलाकार"},{"$i":"search-albums","$v":"अल्‍बम्‍स"},{"$i":"search-titles","$v":"ट्रैक्‍स"},{"$i":"search-close","$v":"बंद"},{"$i":"search-no-result","$v":"कुनू ट्रैक्‍स नहि भेटल."},{"$i":"artists-search-no-result","$v":"कोनो आर्टिस्ट नै पैल गेल"},{"$i":"albums-search-no-result","$v":"कोनो एल्बम नै पैल गेल"},{"$i":"playlists-shuffle-all","$v":"सब शफल करू"},{"$i":"playlists-recently-added","$v":"हाल में जोड़ल गेल"},{"$i":"playlists-most-played","$v":"सबसे बेसी बजै गेल"},{"$i":"playlists-discover","$v":"डिस्‍कॉवर करू"},{"$i":"no-played-songs","$v":"एखन तक अहॉं कुनू गीत नहि चलेनै छी."},{"$i":"no-recently-added","$v":"हाल मे कुनू नवका गीत नहि जोड़ल गेल अछि."},{"$i":"playlists-highest-rated","$v":"हाईएस्ट रेटेड"},{"$i":"picker-title","$v":"ट्रैक चयनित करू"},{"$i":"save","$v":"सेव"},{"$i":"saved","$v":"म्यूजिक लाइब्रेरी मे सेव भ गेल"},{"$i":"audioinvalid","$v":"ऑडियो नै बैज सकै या: फॉर्मेट सपोर्ट नै छै या फाइल अमान्य छै."},{"$i":"overlay-cancel-button","$v":"रद्द करू"},{"$i":"music-paused-notification","$v":"कॉल क दौरान म्यूजिक पॉज भ जैई छै"},{"$i":"done","$v":"भ गेल"},{"$i":"share-song","ariaLabel":"साझाकरण"},{"$i":"player-album-rating","ariaLabel":"रेटिंग"},{"$i":"rating-star","ariaLabel":{"$x":[{"t":"idOrVar","v":"plural"},"n"],"$v":{"zero":[{"t":"idOrVar","v":"n"}," स्टार्स"],"one":[{"t":"idOrVar","v":"n"}," स्टार"],"two":[{"t":"idOrVar","v":"n"}," स्टार्स"],"few":[{"t":"idOrVar","v":"n"}," स्टार्स"],"many":[{"t":"idOrVar","v":"n"}," स्टार्स"],"other":[{"t":"idOrVar","v":"n"}," स्टार्स"]}}},{"$i":"go-to-player-view","ariaLabel":"प्लेयर व्यू में जाऊ"},{"$i":"repeat-off","ariaLabel":"रिपीट ऑफ"},{"$i":"repeat-list","ariaLabel":"सब दोहराऊ"},{"$i":"repeat-song","ariaLabel":"रिपीट ट्रैक"},{"$i":"shuffle-toggle","ariaLabel":"शफल"},{"$i":"mix-tab","ariaLabel":"मिक्स"},{"$i":"playlists-tab","ariaLabel":"प्लेलिस्ट्स"},{"$i":"artists-tab","ariaLabel":"कलाकार"},{"$i":"albums-tab","ariaLabel":"अल्‍बम्‍स"},{"$i":"songs-tab","ariaLabel":"गीत"},{"$i":"check","$v":"सलेक्‍ट करू"},{"$i":"remove-track","$v":"डिलीट ट्रैक"},{"$i":"remove-tracks","$v":"डिलिट ट्रैक्‍स"},{"$i":"cancel","$v":"रद्द करू"},{"$i":"delete","$v":"मिटाउ"},{"$i":"song-num-checked","$v":{"zero":"0 चयनित","one":[{"t":"idOrVar","v":"n"}," चयनित"],"two":[{"t":"idOrVar","v":"n"}," चयनित"],"few":[{"t":"idOrVar","v":"n"}," चयनित"],"many":[{"t":"idOrVar","v":"n"}," चयनित"],"other":[{"t":"idOrVar","v":"n"}," चयनित"]},"$x":[{"t":"idOrVar","v":"plural"},"n"]},{"$i":"delete-playlist-songs","$v":{"zero":"किछ चयनित नै","one":"चयनित ट्रैक प्लेलिस्ट से डिलीट करू?","two":["प्लेलिस्ट से ",{"t":"idOrVar","v":"n"}," ट्रैक डिलीट करू?"],"few":["प्लेलिस्ट से ",{"t":"idOrVar","v":"n"}," ट्रैक डिलीट करू?"],"many":["प्लेलिस्ट से ",{"t":"idOrVar","v":"n"}," ट्रैक डिलीट करू?"],"other":["प्लेलिस्ट से ",{"t":"idOrVar","v":"n"}," ट्रैक डिलीट करू?"]},"$x":[{"t":"idOrVar","v":"plural"},"n"]},{"$i":"delete-playlist-hint","$v":{"zero":"किछ डिलीट नै भेल्लई","one":"ट्रैक प्लेलिस्ट से डिलीट कैइल गेल","two":[{"t":"idOrVar","v":"n"}," ट्रैक प्लेलिस्ट से डिलीटेड"],"few":[{"t":"idOrVar","v":"n"}," ट्रैक प्लेलिस्ट से डिलीटेड"],"many":[{"t":"idOrVar","v":"n"}," ट्रैक प्लेलिस्ट से डिलीटेड"],"other":[{"t":"idOrVar","v":"n"}," ट्रैक प्लेलिस्ट से डिलीटेड"]},"$x":[{"t":"idOrVar","v":"plural"},"n"]},{"$i":"delete-album-songs","$v":{"zero":"किछ चयनित नै","one":"चयनित ट्रैक डिलीट करू?","two":[{"t":"idOrVar","v":"n"}," ट्रैक डिलीट करू?"],"few":[{"t":"idOrVar","v":"n"}," ट्रैक डिलीट करू?"],"many":[{"t":"idOrVar","v":"n"}," ट्रैक डिलीट करू?"],"other":[{"t":"idOrVar","v":"n"}," ट्रैक डिलीट करू?"]},"$x":[{"t":"idOrVar","v":"plural"},"n"]},{"$i":"delete-album-songs-hint","$v":{"zero":"किछ डिलीट नै भेल्लई","one":"ट्रैक डिलीट कैइल गेल","two":[{"t":"idOrVar","v":"n"}," ट्रैक डिलीटेड"],"few":[{"t":"idOrVar","v":"n"}," ट्रैक डिलीटेड"],"many":[{"t":"idOrVar","v":"n"}," ट्रैक डिलीटेड"],"other":[{"t":"idOrVar","v":"n"}," ट्रैक डिलीटेड"]},"$x":[{"t":"idOrVar","v":"plural"},"n"]},{"$i":"library","$v":"लाइब्रेरी"},{"$i":"rate","$v":"रेट"},{"$i":"gridview","$v":"ग्रिड व्यू"},{"$i":"confirmation-title","$v":"कन्फर्मेशन"},{"$i":"options","$v":"विकल्प"},{"$i":"opt-player","$v":"प्लेयर"},{"$i":"opt-delete","$v":"मिटाउ"},{"$i":"opt-mulselect","$v":"मल्टीप्ल चयनित करू"},{"$i":"opt-selectall","$v":"सब चयनित करू"},{"$i":"opt-deselectall","$v":"सब क अचयनित करी"},{"$i":"opt-cancel","$v":"रद्द करू"},{"$i":"opt-library","$v":"लाइब्रेरी"},{"$i":"opt-shuffleall","$v":"सब शफल करू"},{"$i":"opt-repeatall","$v":"सब दोहराऊ"},{"$i":"opt-back","$v":"पीछा"},{"$i":"opt-done","$v":"भ गेल"},{"$i":"opt-ok","$v":"ओके"},{"$i":"opt-play","$v":"प्‍ले"},{"$i":"opt-pause","$v":"पॉज"},{"$i":"opt-setring","$v":"रिंगटोन क रूप में सेट करू"},{"$i":"opt-shuffleoff","$v":"शफल बंद"},{"$i":"opt-shuffleon","$v":"शफल चालू"},{"$i":"opt-repeatoff","$v":"रिपीट ऑफ"},{"$i":"opt-repeatone","$v":"एक टा क दोहराऊ"},{"$i":"opt-share","$v":"साझाकरण"},{"$i":"byteUnit-B","$v":"बाइट्स"},{"$i":"byteUnit-KB","$v":"KB"},{"$i":"byteUnit-MB","$v":"MB"},{"$i":"byteUnit-GB","$v":"GB"},{"$i":"byteUnit-TB","$v":"TB"},{"$i":"byteUnit-PB","$v":"PB"},{"$i":"byteUnit-EB","$v":"EB"},{"$i":"byteUnit-ZB","$v":"ZB"},{"$i":"byteUnit-YB","$v":"YB"},{"$i":"opt-fileinfo","$v":"फाइल इन्फो"},{"$i":"info-view","ariaLabel":"जानकारी"},{"$i":"name-label","$v":"नाम"},{"$i":"size-label","$v":"आकार"},{"$i":"music-type-label","$v":"म्यूजिक टाइप"},{"$i":"playlists-least-played","$v":"सबसे कम बजैल गेल"},{"$i":"imageDescription","$v":[{"t":"idOrVar","v":"orientation"},"इमेज, %I:%M %p, %B %e, %Y"]},{"$i":"imageDescriptionNoTimestamp","$v":[{"t":"idOrVar","v":"orientation"}," इमेज"]},{"$i":"videoDescription","$v":[{"t":"idOrVar","v":"orientation"}," विडियो, %I:%M %p, %B %e, %Y"]},{"$i":"videoDescriptionNoTimestamp","$v":[{"t":"idOrVar","v":"orientation"}," विडियो"]},{"$i":"orientationPortrait","$v":"पोरट्रेट"},{"$i":"orientationLandscape","$v":"लैंड्सकेप"},{"$i":"playbackPlay","ariaLabel":"प्‍ले"},{"$i":"playbackPause","ariaLabel":"पॉज"},{"$i":"playbackNext","ariaLabel":"आगू"},{"$i":"playbackPrevious","ariaLabel":"पहिलुक"},{"$i":"playbackFullscreen","ariaLabel":"पूर्णसक्रीन"},{"$i":"playbackSeekBar","ariaLabel":["सीक बार, दौरान ",{"t":"idOrVar","v":"duration"}]},{"$i":"softkey-options","$v":"विकल्प"}]