[{"$i":"music","$v":"സംഗീതം"},{"$i":"mix","$v":"മിക്സ്"},{"$i":"playlists","$v":"പ്ലേലിസ്റ്റ്"},{"$i":"artists","$v":"കലാകാരന്മാർ"},{"$i":"albums","$v":"ആൽബം"},{"$i":"songs","$v":"ഗാനങ്ങൾ"},{"$i":"more","$v":"കൂടുതൽ"},{"$i":"songName","$v":"ഗാനത്തിന്‍റെ പേര്"},{"$i":"songArtist","$v":"ഗാനത്തിന്‍റെ ആർട്ടിസ്റ്റ്"},{"$i":"songAlbum","$v":"ഗാനത്തിന്‍റെ ആൽബം"},{"$i":"unknownArtist","$v":"ആർട്ടിസ്റ്റ് അജ്ഞാതമാണ്"},{"$i":"unknownAlbum","$v":"ആൽബം അജ്ഞാതമാണ്"},{"$i":"unknownTitle","$v":"അജ്ഞാത ശീർഷകം"},{"$i":"empty-title","$v":"ആരംഭിക്കുന്നതിന് ഗാനങ്ങൾ ചേർക്കുക"},{"$i":"empty-text","$v":"സംഗീത ലൈബ്രറി ശൂന്യമാണ്. ആരംഭിക്കുന്നതിന് സ്റ്റോറേജിലേക്ക് ഗാനങ്ങൾ ചേർക്കുക."},{"$i":"nocard2-title","$v":"മെമ്മറി കാർഡ് കണ്ടെത്തിയില്ല"},{"$i":"nocard3-text","$v":"മെമ്മറി കാർഡ് ലഭ്യമല്ല. ആരംഭിക്കുന്നതിന് ഒരു മെമ്മറി കാർഡ് ചേർക്കുക."},{"$i":"pluggedin-title","$v":"ഫോൺ പ്ലഗിൻ ചെയ്തിരിക്കുമ്പോൾ സംഗീതം ആസ്വദിക്കാൻ കഴിയില്ല"},{"$i":"pluggedin-text","$v":"സ്റ്റോറേജ് നിലവിൽ ഉപയോഗത്തിലാണ്. ഈ ആപ്പ് ഉപയോഗിക്കാൻ ഫോൺ അൺപ്ലഗ് ചെയ്യുക."},{"$i":"upgrade-title","$v":"ഡാറ്റാബേസ് അപ്ഗ്രേഡ്"},{"$i":"upgrade-text","$v":"സംഗീതം അതിന്‍റെ ഡാറ്റാബേസ് അപ്ഡേറ്റുചെയ്യുകയാണ്, ദയവായി കാത്തിരിക്കുക ."},{"$i":"search-music","placeholder":"തിരയുക"},{"$i":"search-cancel","$v":"റദ്ദാക്കുക"},{"$i":"search-artists","$v":"കലാകാരന്മാർ"},{"$i":"search-albums","$v":"ആൽബം"},{"$i":"search-titles","$v":"ട്രാക്കുകൾ"},{"$i":"search-close","$v":"അടയ്‌ക്കുക"},{"$i":"search-no-result","$v":"ട്രാക്കുകളൊന്നും കണ്ടെത്തിയില്ല."},{"$i":"artists-search-no-result","$v":"കലാകാരന്മാരെ കണ്ടെത്തിയില്ല"},{"$i":"albums-search-no-result","$v":"ആൽബങ്ങളൊന്നും കണ്ടെത്തിയില്ല"},{"$i":"playlists-shuffle-all","$v":"എല്ലാം ഷഫിൾ ചെയ്യുക"},{"$i":"playlists-recently-added","$v":"ഈയിടെ ചേർത്തവ"},{"$i":"playlists-most-played","$v":"ഏറ്റവും കൂടുതൽ പ്ലേ ചെയ്തത്"},{"$i":"playlists-discover","$v":"കണ്ടെത്തുക"},{"$i":"no-played-songs","$v":"നിങ്ങൾ ഇതുവരെ ഗാനങ്ങളൊന്നും പ്ലേ ചെയ്തിട്ടില്ല."},{"$i":"no-recently-added","$v":"അടുത്തിടെ പുതിയ ഗാനങ്ങളൊന്നും ചേർത്തിട്ടില്ല."},{"$i":"playlists-highest-rated","$v":"ഏറ്റവും കൂടുതൽ റേറ്റുചെയ്തത്"},{"$i":"picker-title","$v":"ഒരു ട്രാക്ക് തിരഞ്ഞെടുക്കുക"},{"$i":"save","$v":"സേവ് ചെയ്യുക"},{"$i":"saved","$v":"സംഗീത ലൈബ്രറിയിലേക്ക് സേവ് ചെയ്തു ."},{"$i":"audioinvalid","$v":"ഓഡിയോ പ്ലേ ചെയ്യാൻ കഴിയില്ല: ഫോർമാറ്റ് പിന്തുണയ്ക്കുന്നില്ല അല്ലെങ്കിൽ ഫയൽ അസാധുവാണ്."},{"$i":"overlay-cancel-button","$v":"റദ്ദാക്കുക"},{"$i":"music-paused-notification","$v":"കോൾ ചെയ്യുമ്പോൾ സംഗീതം നിർത്തി"},{"$i":"done","$v":"പൂർത്തിയാക്കി"},{"$i":"share-song","ariaLabel":"പങ്കിടുക"},{"$i":"player-album-rating","ariaLabel":"റേറ്റിംഗ്"},{"$i":"rating-star","ariaLabel":{"$x":[{"t":"idOrVar","v":"plural"},"n"],"$v":{"zero":[{"t":"idOrVar","v":"n"}," നക്ഷത്രം"],"one":[{"t":"idOrVar","v":"n"}," നക്ഷത്രം"],"two":[{"t":"idOrVar","v":"n"}," നക്ഷത്രം"],"few":[{"t":"idOrVar","v":"n"}," നക്ഷത്രം"],"many":[{"t":"idOrVar","v":"n"}," നക്ഷത്രം"],"other":[{"t":"idOrVar","v":"n"}," നക്ഷത്രം"]}}},{"$i":"go-to-player-view","ariaLabel":"പ്ലേയർ വ്യൂ ലേക്ക്  പോകുക"},{"$i":"repeat-off","ariaLabel":"ആവർത്തനം ഓഫ്"},{"$i":"repeat-list","ariaLabel":"എല്ലാം ആവർത്തിക്കുക"},{"$i":"repeat-song","ariaLabel":"ട്രാക്ക് ആവർത്തിക്കുക"},{"$i":"shuffle-toggle","ariaLabel":"ഷഫിൾ ചെയ്യുക"},{"$i":"mix-tab","ariaLabel":"മിക്സ്"},{"$i":"playlists-tab","ariaLabel":"പ്ലേലിസ്റ്റുകൾ"},{"$i":"artists-tab","ariaLabel":"കലാകാരന്മാർ"},{"$i":"albums-tab","ariaLabel":"ആൽബം"},{"$i":"songs-tab","ariaLabel":"ഗാനങ്ങൾ"},{"$i":"check","$v":"തിരഞ്ഞെടുക്കുക"},{"$i":"remove-track","$v":"ട്രാക്ക് ഇല്ലാതാക്കുക"},{"$i":"remove-tracks","$v":"ട്രാക്കുകൾ ഇല്ലാതാക്കുക"},{"$i":"cancel","$v":"റദ്ദാക്കുക"},{"$i":"delete","$v":"ഇല്ലാതാക്കുക"},{"$i":"song-num-checked","$v":{"zero":"0 തിരഞ്ഞെടുത്തു","one":[{"t":"idOrVar","v":"n"}," തിരഞ്ഞെടുത്തു"],"two":[{"t":"idOrVar","v":"n"}," തിരഞ്ഞെടുത്തു"],"few":[{"t":"idOrVar","v":"n"}," തിരഞ്ഞെടുത്തു"],"many":[{"t":"idOrVar","v":"n"}," തിരഞ്ഞെടുത്തു"],"other":[{"t":"idOrVar","v":"n"}," തിരഞ്ഞെടുത്തു"]},"$x":[{"t":"idOrVar","v":"plural"},"n"]},{"$i":"delete-playlist-songs","$v":{"zero":"ഒന്നും തിരഞ്ഞെടുത്തില്ല","one":"പ്ലേലിസ്റ്റിൽ നിന്ന് തിരഞ്ഞെടുത്ത ട്രാക്ക് ഇല്ലാതാക്കുക?","two":["പ്ലേലിസ്റ്റിൽ നിന്ന് ",{"t":"idOrVar","v":"n"}," ട്രാക്കുകൾ ഇല്ലാതാക്കുക?"],"few":["പ്ലേലിസ്റ്റിൽ നിന്ന് ",{"t":"idOrVar","v":"n"}," ട്രാക്കുകൾ ഇല്ലാതാക്കുക?"],"many":["പ്ലേലിസ്റ്റിൽ നിന്ന് ",{"t":"idOrVar","v":"n"}," ട്രാക്കുകൾ ഇല്ലാതാക്കുക?"],"other":["പ്ലേലിസ്റ്റിൽ നിന്ന് ",{"t":"idOrVar","v":"n"}," ട്രാക്കുകൾ ഇല്ലാതാക്കുക?"]},"$x":[{"t":"idOrVar","v":"plural"},"n"]},{"$i":"delete-playlist-hint","$v":{"zero":"ഒന്നും ഇല്ലാതാക്കിയിട്ടില്ല","one":"പ്ലേലിസ്റ്റിൽ നിന്ന് ട്രാക്ക് ഇല്ലാതാക്കി","two":["പ്ലേലിസ്റ്റിൽ നിന്ന് ",{"t":"idOrVar","v":"n"}," ട്രാക്ക് ഇല്ലാതാക്കി"],"few":["പ്ലേലിസ്റ്റിൽ നിന്ന് ",{"t":"idOrVar","v":"n"}," ട്രാക്ക് ഇല്ലാതാക്കി"],"many":["പ്ലേലിസ്റ്റിൽ നിന്ന് ",{"t":"idOrVar","v":"n"}," ട്രാക്ക് ഇല്ലാതാക്കി"],"other":["പ്ലേലിസ്റ്റിൽ നിന്ന് ",{"t":"idOrVar","v":"n"}," ട്രാക്ക് ഇല്ലാതാക്കി"]},"$x":[{"t":"idOrVar","v":"plural"},"n"]},{"$i":"delete-album-songs","$v":{"zero":"ഒന്നും തിരഞ്ഞെടുത്തില്ല","one":"തിരഞ്ഞെടുത്ത ട്രാക്ക് ഇല്ലാതാക്കുക?","two":[{"t":"idOrVar","v":"n"}," ട്രാക്കുകൾ ഇല്ലാതാക്കുക?"],"few":[{"t":"idOrVar","v":"n"}," ട്രാക്കുകൾ ഇല്ലാതാക്കുക?"],"many":[{"t":"idOrVar","v":"n"}," ട്രാക്കുകൾ ഇല്ലാതാക്കുക?"],"other":[{"t":"idOrVar","v":"n"}," ട്രാക്കുകൾ ഇല്ലാതാക്കുക?"]},"$x":[{"t":"idOrVar","v":"plural"},"n"]},{"$i":"delete-album-songs-hint","$v":{"zero":"ഒന്നും ഇല്ലാതാക്കിയിട്ടില്ല","one":"ട്രാക്ക് ഇല്ലാതാക്കി","two":[{"t":"idOrVar","v":"n"}," ട്രാക്ക് ഇല്ലാതാക്കി"],"few":[{"t":"idOrVar","v":"n"}," ട്രാക്ക് ഇല്ലാതാക്കി"],"many":[{"t":"idOrVar","v":"n"}," ട്രാക്ക് ഇല്ലാതാക്കി"],"other":[{"t":"idOrVar","v":"n"}," ട്രാക്ക് ഇല്ലാതാക്കി"]},"$x":[{"t":"idOrVar","v":"plural"},"n"]},{"$i":"library","$v":"ലൈബ്രറി"},{"$i":"rate","$v":"റേറ്റ് ചെയ്യുക"},{"$i":"gridview","$v":"ഗ്രിഡ് രൂപത്തില്‍ കാണുക"},{"$i":"confirmation-title","$v":"സ്ഥിരീകരണം"},{"$i":"options","$v":"ഓപ്ഷന്‍"},{"$i":"opt-player","$v":"പ്ലേയർ"},{"$i":"opt-delete","$v":"ഇല്ലാതാക്കുക"},{"$i":"opt-mulselect","$v":"ഒന്നിലധികം തിരഞ്ഞെടുക്കുക"},{"$i":"opt-selectall","$v":"എല്ലാം തിരഞ്ഞെടുക്കുക"},{"$i":"opt-deselectall","$v":"തിരഞ്ഞെടുത്തത് എല്ലാം മാറ്റുക"},{"$i":"opt-cancel","$v":"റദ്ദാക്കുക"},{"$i":"opt-library","$v":"ലൈബ്രറി"},{"$i":"opt-shuffleall","$v":"എല്ലാം ഷഫിൾ ചെയ്യുക"},{"$i":"opt-repeatall","$v":"എല്ലാം ആവർത്തിക്കുക"},{"$i":"opt-back","$v":"മടങ്ങുക"},{"$i":"opt-done","$v":"പൂർത്തിയാക്കി"},{"$i":"opt-ok","$v":"ശരി"},{"$i":"opt-play","$v":"പ്ലേ ചെയ്യുക"},{"$i":"opt-pause","$v":"പോസ്"},{"$i":"opt-setring","$v":"റിംഗ്ടോണായി സെറ്റ് ചെയ്യുക"},{"$i":"opt-shuffleoff","$v":"ഷഫിൾ ഓഫ്"},{"$i":"opt-shuffleon","$v":"ഷഫിൾ ഓണ്‍"},{"$i":"opt-repeatoff","$v":"ആവർത്തനം ഓഫ്"},{"$i":"opt-repeatone","$v":"ഒന്ന് ആവർത്തിക്കുക"},{"$i":"opt-share","$v":"പങ്കിടുക"},{"$i":"byteUnit-B","$v":"ബൈറ്റ്സ്"},{"$i":"byteUnit-KB","$v":"KB"},{"$i":"byteUnit-MB","$v":"MB"},{"$i":"byteUnit-GB","$v":"GB"},{"$i":"byteUnit-TB","$v":"TB"},{"$i":"byteUnit-PB","$v":"PB"},{"$i":"byteUnit-EB","$v":"EB"},{"$i":"byteUnit-ZB","$v":"ZB"},{"$i":"byteUnit-YB","$v":"YB"},{"$i":"opt-fileinfo","$v":"ഫയൽ വിവരം"},{"$i":"info-view","ariaLabel":"വിവരം"},{"$i":"name-label","$v":"പേര്"},{"$i":"size-label","$v":"വലുപ്പം"},{"$i":"music-type-label","$v":"സംഗീത തരം"},{"$i":"playlists-least-played","$v":"ഏറ്റവും കുറവ് പ്ലേ ചെയ്തത്"},{"$i":"imageDescription","$v":[{"t":"idOrVar","v":"orientation"}," ചിത്രം, %I:%M %p, %B %e, %Y"]},{"$i":"imageDescriptionNoTimestamp","$v":[{"t":"idOrVar","v":"orientation"}," ചിത്രം"]},{"$i":"videoDescription","$v":[{"t":"idOrVar","v":"orientation"}," വീഡിയോ, %I:%M %p, %B %e, %Y"]},{"$i":"videoDescriptionNoTimestamp","$v":[{"t":"idOrVar","v":"orientation"}," വീഡിയോ"]},{"$i":"orientationPortrait","$v":"പോർട്രെയിറ്റ്"},{"$i":"orientationLandscape","$v":"തിരശ്ചീനദിശ"},{"$i":"playbackPlay","ariaLabel":"പ്ലേ ചെയ്യുക"},{"$i":"playbackPause","ariaLabel":"പോസ്"},{"$i":"playbackNext","ariaLabel":"അടുത്തത്"},{"$i":"playbackPrevious","ariaLabel":"മുന്‍പുള്ള"},{"$i":"playbackFullscreen","ariaLabel":"പൂര്‍ണ്ണസ്ക്രീന്‍"},{"$i":"playbackSeekBar","ariaLabel":["തേടൽ ബാർ, ദൈർഘ്യം ",{"t":"idOrVar","v":"duration"}]},{"$i":"softkey-options","$v":"ഓപ്ഷന്‍"}]