[{"$i":"music","$v":"ঈশৈ"},{"$i":"mix","$v":"য়ানশিন্নবা"},{"$i":"playlists","$v":"প্লেলিস্ট"},{"$i":"artists","$v":"অর্টিষ্টশিং"},{"$i":"albums","$v":"অলবমশিং"},{"$i":"songs","$v":"ঈশৈশিং"},{"$i":"more","$v":"অহেনবা"},{"$i":"songName","$v":"ঈশৈ মমিং"},{"$i":"songArtist","$v":"ঈশৈ কলাকার"},{"$i":"songAlbum","$v":"ঈশৈগী এলবুম"},{"$i":"unknownArtist","$v":"মশক খঙদবা কলাকার"},{"$i":"unknownAlbum","$v":"মশক খঙদবা অলবুম"},{"$i":"unknownTitle","$v":"মশক খঙদবা টাইটল"},{"$i":"empty-title","$v":"স্টার্ট তৌনবা ঈশৈশীং হাপচিল্লু"},{"$i":"empty-text","$v":"ম্যুজিক লাইব্রেরি ইহাং হাংঙি.স্টার্ট তৌনবা স্টোরেজদা ঈশৈশীং হাপচিল্লু."},{"$i":"nocard2-title","$v":"মেমোরি কার্দ অমত্তা ফংদে"},{"$i":"nocard3-text","$v":"মেমোরি কার্দ ফংদে. স্টার্ট তৌনবা মেমোরি কার্দ অমা হাপচিল্লু."},{"$i":"pluggedin-title","$v":"ফোন প্লগ ইন তৌরিঙৈদা ম্যুজিক শীজিন্নবা য়াদে"},{"$i":"pluggedin-text","$v":"স্টোরেজ হৌজিক শীজিন্নরি. এপ অসি শীজিন্ননবা ফোন অদু অনপ্লগ তৌবিয়ু."},{"$i":"upgrade-title","$v":"দাতাবেজ অপগ্রেদ"},{"$i":"upgrade-text","$v":"ম্যুজিক্না মদুগী দাতাবেজ অপদেত তৌরিঙৈদা ঙাইবিয়ু."},{"$i":"search-music","placeholder":"থিয়ু"},{"$i":"search-cancel","$v":"ককথৎলু"},{"$i":"search-artists","$v":"অর্টিষ্টশিং"},{"$i":"search-albums","$v":"অলবমশিং"},{"$i":"search-titles","$v":"ট্রেক্টশিং"},{"$i":"search-close","$v":"থিংজিল্লু"},{"$i":"search-no-result","$v":"ত্রেকশীং অমত্তা ফংদে."},{"$i":"artists-search-no-result","$v":"কলাকার অমত্তা ফংদে"},{"$i":"albums-search-no-result","$v":"এলবম অমত্তা ফংদে"},{"$i":"playlists-shuffle-all","$v":"লোইনমক শফল তৌ"},{"$i":"playlists-recently-added","$v":"ইনৌ-নৌনা হাপচিল্লে"},{"$i":"playlists-most-played","$v":"খ্বাইদগী প্লে তৌবা"},{"$i":"playlists-discover","$v":"থিরগা পুথোকপা"},{"$i":"no-played-songs","$v":"নহাক হৌজিক ফাওবা ইশৈশীং অমত্তা প্লে তৌখিদ্রি."},{"$i":"no-recently-added","$v":"অনৌবা ইশৈশীং অমত্তা হন্দক্তা হাপচিনখিদে."},{"$i":"playlists-highest-rated","$v":"খ্বাইদগী ৱাংনা রেত তৌবা"},{"$i":"picker-title","$v":"ত্রেক অমা খল্লু"},{"$i":"save","$v":"সেব তৌ"},{"$i":"saved","$v":"ম্যুজিক লাইব্রেরিদা সেব তৌ."},{"$i":"audioinvalid","$v":"ওদিও প্লে তৌবা য়াদে: ফোরমেট সপোর্ট তৌদে নত্ত্রগা ফাইল অসি চৎনদে."},{"$i":"overlay-cancel-button","$v":"ককথৎলু"},{"$i":"music-paused-notification","$v":"কোল অদুগী মনুংদা ম্যুজিক লেপখি"},{"$i":"done","$v":"তৌরে"},{"$i":"share-song","ariaLabel":"শীজিন্নমিন্নৌ"},{"$i":"player-album-rating","ariaLabel":"রেতিং"},{"$i":"rating-star","ariaLabel":{"$x":[{"t":"idOrVar","v":"plural"},"n"],"$v":{"zero":["থৱানমিচাক ",{"t":"idOrVar","v":"n"}],"one":["থৱানমিচাক ",{"t":"idOrVar","v":"n"}],"two":["থৱানমিচাক ",{"t":"idOrVar","v":"n"}],"few":["থৱানমিচাক ",{"t":"idOrVar","v":"n"}],"many":["থৱানমিচাক ",{"t":"idOrVar","v":"n"}],"other":["থৱানমিচাক ",{"t":"idOrVar","v":"n"}]}}},{"$i":"go-to-player-view","ariaLabel":"প্লেয়র ভ্যুদা চৎলু"},{"$i":"repeat-off","ariaLabel":"হন্না তৌবা থাদে"},{"$i":"repeat-list","ariaLabel":"লোইনমক হন্না তৌ"},{"$i":"repeat-song","ariaLabel":"ত্রেক হন্না তৌ"},{"$i":"shuffle-toggle","ariaLabel":"শফল তৌ"},{"$i":"mix-tab","ariaLabel":"য়ানশিন্নবা"},{"$i":"playlists-tab","ariaLabel":"প্লেলিষ্টশিং"},{"$i":"artists-tab","ariaLabel":"অর্টিষ্টশিং"},{"$i":"albums-tab","ariaLabel":"অলবমশিং"},{"$i":"songs-tab","ariaLabel":"ঈশৈশিং"},{"$i":"check","$v":"খল্লু"},{"$i":"remove-track","$v":"ত্রেক মুথৎলু"},{"$i":"remove-tracks","$v":"ত্রেকশীং মুথৎলু"},{"$i":"cancel","$v":"ককথৎলু"},{"$i":"delete","$v":"মুত্থৎলু"},{"$i":"song-num-checked","$v":{"zero":"0 খল্লে","one":[{"t":"idOrVar","v":"n"}," খল্লে"],"two":[{"t":"idOrVar","v":"n"}," খল্লে"],"few":[{"t":"idOrVar","v":"n"}," খল্লে"],"many":[{"t":"idOrVar","v":"n"}," খল্লে"],"other":[{"t":"idOrVar","v":"n"}," খল্লে"]},"$x":[{"t":"idOrVar","v":"plural"},"n"]},{"$i":"delete-playlist-songs","$v":{"zero":"করিমত্তা খন্দে","one":"খল্লবা ত্রেক প্লেলিস্টতগী মুথৎলু?","two":[{"t":"idOrVar","v":"n"}," ত্রেকশীং প্লেলিস্টতগী মুথৎলু?"],"few":[{"t":"idOrVar","v":"n"}," ত্রেকশীং প্লেলিস্টতগী মুথৎলু?"],"many":[{"t":"idOrVar","v":"n"}," ত্রেকশীং প্লেলিস্টতগী মুথৎলু?"],"other":[{"t":"idOrVar","v":"n"}," ত্রেকশীং প্লেলিস্টতগী মুথৎলু?"]},"$x":[{"t":"idOrVar","v":"plural"},"n"]},{"$i":"delete-playlist-hint","$v":{"zero":"করিমত্তা মুথৎতে","one":"ত্রেক প্লেলিস্টতগী মুথৎলে","two":["প্লেলিস্টতগী ত্রেক ",{"t":"idOrVar","v":"n"}," মুথৎলে"],"few":["প্লেলিস্টতগী ত্রেক ",{"t":"idOrVar","v":"n"}," মুথৎলে"],"many":["প্লেলিস্টতগী ত্রেক ",{"t":"idOrVar","v":"n"}," মুথৎলে"],"other":["প্লেলিস্টতগী ত্রেক ",{"t":"idOrVar","v":"n"}," মুথৎলে"]},"$x":[{"t":"idOrVar","v":"plural"},"n"]},{"$i":"delete-album-songs","$v":{"zero":"করিমত্তা খন্দে","one":"খল্লবা ত্রেক মুথৎলু?","two":[{"t":"idOrVar","v":"n"}," ত্রেকশীং মুথৎলু?"],"few":[{"t":"idOrVar","v":"n"}," ত্রেকশীং মুথৎলু?"],"many":[{"t":"idOrVar","v":"n"}," ত্রেকশীং মুথৎলু?"],"other":[{"t":"idOrVar","v":"n"}," ত্রেকশীং মুথৎলু?"]},"$x":[{"t":"idOrVar","v":"plural"},"n"]},{"$i":"delete-album-songs-hint","$v":{"zero":"করিমত্তা মুথৎতে","one":"ত্রেক মুথৎলে","two":["ত্রেক ",{"t":"idOrVar","v":"n"}," মুথৎলে"],"few":["ত্রেক ",{"t":"idOrVar","v":"n"}," মুথৎলে"],"many":["ত্রেক ",{"t":"idOrVar","v":"n"}," মুথৎলে"],"other":["ত্রেক ",{"t":"idOrVar","v":"n"}," মুথৎলে"]},"$x":[{"t":"idOrVar","v":"plural"},"n"]},{"$i":"library","$v":"লাইব্রেরী"},{"$i":"rate","$v":"চাং"},{"$i":"gridview","$v":"গ্রিদ য়েংবদা উবা"},{"$i":"confirmation-title","$v":"চুম্মি হায়বা"},{"$i":"options","$v":"ওপসনশিং"},{"$i":"opt-player","$v":"প্লেয়র"},{"$i":"opt-delete","$v":"মুত্থৎলু"},{"$i":"opt-mulselect","$v":"ময়াম খল্লু"},{"$i":"opt-selectall","$v":"লোইনমক হায়বদু খল্লু"},{"$i":"opt-deselectall","$v":"লোইনমক খনবা তোকউ"},{"$i":"opt-cancel","$v":"ককথৎলু"},{"$i":"opt-library","$v":"লাইব্রেরী"},{"$i":"opt-shuffleall","$v":"লোইনমক শফল তৌ"},{"$i":"opt-repeatall","$v":"লোইনমক হন্না তৌ"},{"$i":"opt-back","$v":"মনিং হল্লু"},{"$i":"opt-done","$v":"তৌরে"},{"$i":"opt-ok","$v":"ওকে"},{"$i":"opt-play","$v":"প্লে তৌ"},{"$i":"opt-pause","$v":"ঙাইহাক লেপ্পু"},{"$i":"opt-setring","$v":"রিংতোন ওইনা শেম্মু"},{"$i":"opt-shuffleoff","$v":"শফল থাদে"},{"$i":"opt-shuffleon","$v":"শফল থাই"},{"$i":"opt-repeatoff","$v":"হন্না তৌবা থাদে"},{"$i":"opt-repeatone","$v":"অমা হন্না তৌ"},{"$i":"opt-share","$v":"শীজিন্নমিন্নৌ"},{"$i":"byteUnit-B","$v":"বাইটশীং"},{"$i":"byteUnit-KB","$v":"KB"},{"$i":"byteUnit-MB","$v":"MB"},{"$i":"byteUnit-GB","$v":"GB"},{"$i":"byteUnit-TB","$v":"TB"},{"$i":"byteUnit-PB","$v":"PB"},{"$i":"byteUnit-EB","$v":"EB"},{"$i":"byteUnit-ZB","$v":"ZB"},{"$i":"byteUnit-YB","$v":"YB"},{"$i":"opt-fileinfo","$v":"ফাইলগী পাও"},{"$i":"info-view","ariaLabel":"পাও"},{"$i":"name-label","$v":"মমিং"},{"$i":"size-label","$v":"মচাউ-মরাক"},{"$i":"music-type-label","$v":"ম্যুজিক মখল"},{"$i":"playlists-least-played","$v":"খ্বাইদগী য়ামদনা প্লে তৌবা"},{"$i":"imageDescription","$v":[{"t":"idOrVar","v":"orientation"}," লাই, %I:%M %p, %B %e, %Y"]},{"$i":"imageDescriptionNoTimestamp","$v":[{"t":"idOrVar","v":"orientation"}," লাই"]},{"$i":"videoDescription","$v":[{"t":"idOrVar","v":"orientation"}," ভিদিও, %I:%M %p, %B %e, %Y"]},{"$i":"videoDescriptionNoTimestamp","$v":[{"t":"idOrVar","v":"orientation"}," ভিদিও"]},{"$i":"orientationPortrait","$v":"অয়েকপা লাই"},{"$i":"orientationLandscape","$v":"লমদা"},{"$i":"playbackPlay","ariaLabel":"প্লে তৌ"},{"$i":"playbackPause","ariaLabel":"ঙাইহাক লেপ্পু"},{"$i":"playbackNext","ariaLabel":"মথং"},{"$i":"playbackPrevious","ariaLabel":"মমাংগী"},{"$i":"playbackFullscreen","ariaLabel":"অথনবা স্ক্রীন"},{"$i":"playbackSeekBar","ariaLabel":["সীক বার, চংবা মতম ",{"t":"idOrVar","v":"duration"}]},{"$i":"softkey-options","$v":"ওপসনশিং"}]