[{"$i":"music","$v":"संगीत"},{"$i":"mix","$v":"मिक्स"},{"$i":"playlists","$v":"प्लेलिस्ट"},{"$i":"artists","$v":"कलाकार"},{"$i":"albums","$v":"अल्बम"},{"$i":"songs","$v":"गाणे"},{"$i":"more","$v":"अधिक"},{"$i":"songName","$v":"गाण्याचे नाव"},{"$i":"songArtist","$v":"गाण्यातील कलाकार"},{"$i":"songAlbum","$v":"गाण्याचे अल्बम"},{"$i":"unknownArtist","$v":"अज्ञात कलाकार"},{"$i":"unknownAlbum","$v":"अज्ञात अल्बम"},{"$i":"unknownTitle","$v":"अज्ञात शीर्षक"},{"$i":"empty-title","$v":"सुरुवात करण्यासाठी गाणे जोडा"},{"$i":"empty-text","$v":"संगीत लायब्रेरी रिकामी आहे. सुरू करण्यासाठी स्टोरेज मध्ये गाणे जोडा."},{"$i":"nocard2-title","$v":"कोणतेही मेमरी कार्ड सापडले नाही"},{"$i":"nocard3-text","$v":"मेमरी कार्ड उपलब्ध नाही आहे. सुरु करण्यासाठी एक मेमरी कार्ड प्रविष्ट करा."},{"$i":"pluggedin-title","$v":"फोन प्लग इन असल्यावर संगीतचा उपयोग केला जाऊ शकत नाही"},{"$i":"pluggedin-text","$v":"स्टोरेज उपयोगात आहे. कृपया हा अॅप वापरण्यासाठी फोन अनप्लग करा."},{"$i":"upgrade-title","$v":"डेटाबेस अपग्रेड"},{"$i":"upgrade-text","$v":"संगीत डेटाबेस अपडेट करेपर्यंत कृपया प्रतीक्षा करा."},{"$i":"search-music","placeholder":"शोधा"},{"$i":"search-cancel","$v":"रद्द करा"},{"$i":"search-artists","$v":"कलाकार"},{"$i":"search-albums","$v":"अल्बम"},{"$i":"search-titles","$v":"ट्रॅक"},{"$i":"search-close","$v":"बंद करा"},{"$i":"search-no-result","$v":"कोणतेही ट्रॅक सापडले नाही."},{"$i":"artists-search-no-result","$v":"कोणताही आर्टिस्ट सापडला नाही"},{"$i":"albums-search-no-result","$v":"कोणताही अल्बम सापडला नाही"},{"$i":"playlists-shuffle-all","$v":"सर्व शफल करा"},{"$i":"playlists-recently-added","$v":"सध्याच जोडलेले"},{"$i":"playlists-most-played","$v":"सर्वाधिक वाजवलेले"},{"$i":"playlists-discover","$v":"शोधा"},{"$i":"no-played-songs","$v":"आपण अद्याप कोणतेही गाणी वाजवले नाही आहेत."},{"$i":"no-recently-added","$v":"वर्तमानात कोणतेही नवीन गाणे जोडले नाही."},{"$i":"playlists-highest-rated","$v":"उच्चतम रेट केले आहे"},{"$i":"picker-title","$v":"ट्रॅक निवडा"},{"$i":"save","$v":"जतन करा"},{"$i":"saved","$v":"संगीत लायब्रेरीमध्ये जतन केले."},{"$i":"audioinvalid","$v":"ऑडिओ प्ले करणे शक्य नाही: फॉरमॅट असमर्थित आहे किंवा फाईल अवैध आहे."},{"$i":"overlay-cancel-button","$v":"रद्द करा"},{"$i":"music-paused-notification","$v":"फोन दरम्यान संगीत थांबवले"},{"$i":"done","$v":"पूर्ण झाले"},{"$i":"share-song","ariaLabel":"सामायिक करा"},{"$i":"player-album-rating","ariaLabel":"रेटिंग"},{"$i":"rating-star","ariaLabel":{"$x":[{"t":"idOrVar","v":"plural"},"n"],"$v":{"zero":[{"t":"idOrVar","v":"n"}," स्टार"],"one":[{"t":"idOrVar","v":"n"}," स्टार"],"two":[{"t":"idOrVar","v":"n"}," स्टार"],"few":[{"t":"idOrVar","v":"n"}," स्टार"],"many":[{"t":"idOrVar","v":"n"}," स्टार"],"other":[{"t":"idOrVar","v":"n"}," स्टार"]}}},{"$i":"go-to-player-view","ariaLabel":"प्लेअर व्यू वर जा"},{"$i":"repeat-off","ariaLabel":"पुनर्क्रिया ऑफ"},{"$i":"repeat-list","ariaLabel":"सर्व पुन्हा करा"},{"$i":"repeat-song","ariaLabel":"पुन्‍हा ट्रॅक करा"},{"$i":"shuffle-toggle","ariaLabel":"शफल करा"},{"$i":"mix-tab","ariaLabel":"मिक्स"},{"$i":"playlists-tab","ariaLabel":"प्लेलिस्ट"},{"$i":"artists-tab","ariaLabel":"कलाकार"},{"$i":"albums-tab","ariaLabel":"अल्बम"},{"$i":"songs-tab","ariaLabel":"गाणे"},{"$i":"check","$v":"निवडा"},{"$i":"remove-track","$v":"ट्रॅक हटवा"},{"$i":"remove-tracks","$v":"ट्रॅक हटवा"},{"$i":"cancel","$v":"रद्द करा"},{"$i":"delete","$v":"हटवा"},{"$i":"song-num-checked","$v":{"zero":"0 निवडलेले","one":[{"t":"idOrVar","v":"n"}," निवडलेले"],"two":[{"t":"idOrVar","v":"n"}," निवडलेले"],"few":[{"t":"idOrVar","v":"n"}," निवडलेले"],"many":[{"t":"idOrVar","v":"n"}," निवडलेले"],"other":[{"t":"idOrVar","v":"n"}," निवडलेले"]},"$x":[{"t":"idOrVar","v":"plural"},"n"]},{"$i":"delete-playlist-songs","$v":{"zero":"काही सुद्धा निवडले नाही","one":"प्लेलिस्ट मधून निवडलेले ट्रॅक हटवा?","two":["प्लेलिस्ट मधून ",{"t":"idOrVar","v":"n"}," ट्रॅक हटवा?"],"few":["प्लेलिस्ट मधून ",{"t":"idOrVar","v":"n"}," ट्रॅक हटवा?"],"many":["प्लेलिस्ट मधून ",{"t":"idOrVar","v":"n"}," ट्रॅक हटवा?"],"other":["प्लेलिस्ट मधून ",{"t":"idOrVar","v":"n"}," ट्रॅक हटवा?"]},"$x":[{"t":"idOrVar","v":"plural"},"n"]},{"$i":"delete-playlist-hint","$v":{"zero":"काही सुद्धा हटवले गेले नाही","one":"प्लेलिस्ट वरून हटवलेले ट्रॅक","two":["प्लेलिस्ट मधून ",{"t":"idOrVar","v":"n"}," ट्रॅक हटवले आहे"],"few":["प्लेलिस्ट मधून ",{"t":"idOrVar","v":"n"}," ट्रॅक हटवले आहे"],"many":["प्लेलिस्ट मधून ",{"t":"idOrVar","v":"n"}," ट्रॅक हटवले आहे"],"other":["प्लेलिस्ट मधून ",{"t":"idOrVar","v":"n"}," ट्रॅक हटवले आहे"]},"$x":[{"t":"idOrVar","v":"plural"},"n"]},{"$i":"delete-album-songs","$v":{"zero":"काही सुद्धा निवडले नाही","one":"निवडलेले ट्रॅक हटवा?","two":[{"t":"idOrVar","v":"n"}," ट्रॅक हटवा?"],"few":[{"t":"idOrVar","v":"n"}," ट्रॅक हटवा?"],"many":[{"t":"idOrVar","v":"n"}," ट्रॅक हटवा?"],"other":[{"t":"idOrVar","v":"n"}," ट्रॅक हटवा?"]},"$x":[{"t":"idOrVar","v":"plural"},"n"]},{"$i":"delete-album-songs-hint","$v":{"zero":"काही सुद्धा हटवले गेले नाही","one":"ट्रॅक हटवले गेले","two":[{"t":"idOrVar","v":"n"}," ट्रॅक हटवले गेले"],"few":[{"t":"idOrVar","v":"n"}," ट्रॅक हटवले गेले"],"many":[{"t":"idOrVar","v":"n"}," ट्रॅक हटवले गेले"],"other":[{"t":"idOrVar","v":"n"}," ट्रॅक हटवले गेले"]},"$x":[{"t":"idOrVar","v":"plural"},"n"]},{"$i":"library","$v":"लायब्रेरी"},{"$i":"rate","$v":"रेट करा"},{"$i":"gridview","$v":"ग्रिड व्यू"},{"$i":"confirmation-title","$v":"पुष्टीकरण"},{"$i":"options","$v":"पर्याय"},{"$i":"opt-player","$v":"प्लेअर"},{"$i":"opt-delete","$v":"हटवा"},{"$i":"opt-mulselect","$v":"एका पेक्षा अधिक निवडा"},{"$i":"opt-selectall","$v":"सर्व निवडा"},{"$i":"opt-deselectall","$v":"सर्व निवड रद्द करा"},{"$i":"opt-cancel","$v":"रद्द करा"},{"$i":"opt-library","$v":"लायब्रेरी"},{"$i":"opt-shuffleall","$v":"सर्व शफल करा"},{"$i":"opt-repeatall","$v":"सर्व पुन्हा करा"},{"$i":"opt-back","$v":"मागे जा"},{"$i":"opt-done","$v":"पूर्ण झाले"},{"$i":"opt-ok","$v":"ठीक आहे"},{"$i":"opt-play","$v":"वाजवा"},{"$i":"opt-pause","$v":"थांबवा"},{"$i":"opt-setring","$v":"रिंगटोन म्हणून सेट करा"},{"$i":"opt-shuffleoff","$v":"शफल ऑफ"},{"$i":"opt-shuffleon","$v":"शफल ऑन"},{"$i":"opt-repeatoff","$v":"पुनर्क्रिया ऑफ"},{"$i":"opt-repeatone","$v":"एक पुनरावृत्ती करा"},{"$i":"opt-share","$v":"सामायिक करा"},{"$i":"byteUnit-B","$v":"बाइट"},{"$i":"byteUnit-KB","$v":"KB"},{"$i":"byteUnit-MB","$v":"MB"},{"$i":"byteUnit-GB","$v":"GB"},{"$i":"byteUnit-TB","$v":"TB"},{"$i":"byteUnit-PB","$v":"PB"},{"$i":"byteUnit-EB","$v":"EB"},{"$i":"byteUnit-ZB","$v":"ZB"},{"$i":"byteUnit-YB","$v":"YB"},{"$i":"opt-fileinfo","$v":"फाईलची माहिती"},{"$i":"info-view","ariaLabel":"माहिती"},{"$i":"name-label","$v":"नाव"},{"$i":"size-label","$v":"आकार"},{"$i":"music-type-label","$v":"संगीत प्रकार"},{"$i":"playlists-least-played","$v":"सर्वात कमी वाजवलेले"},{"$i":"imageDescription","$v":[{"t":"idOrVar","v":"orientation"}," प्रतिमा, %I:%M %p, %B %e, %Y"]},{"$i":"imageDescriptionNoTimestamp","$v":[{"t":"idOrVar","v":"orientation"}," प्रतिमा"]},{"$i":"videoDescription","$v":[{"t":"idOrVar","v":"orientation"}," व्हिडिओ, %I:%M %p, %B %e, %Y"]},{"$i":"videoDescriptionNoTimestamp","$v":[{"t":"idOrVar","v":"orientation"}," व्हिडिओ"]},{"$i":"orientationPortrait","$v":"पोर्ट्रेट"},{"$i":"orientationLandscape","$v":"लँडस्केप"},{"$i":"playbackPlay","ariaLabel":"वाजवा"},{"$i":"playbackPause","ariaLabel":"थांबवा"},{"$i":"playbackNext","ariaLabel":"पुढील"},{"$i":"playbackPrevious","ariaLabel":"मागील"},{"$i":"playbackFullscreen","ariaLabel":"फुलस्क्रीन"},{"$i":"playbackSeekBar","ariaLabel":["सीक बार, कालावधी  ",{"t":"idOrVar","v":"duration"}]},{"$i":"softkey-options","$v":"पर्याय"}]