[{"$i":"music","$v":"संगीत"},{"$i":"mix","$v":"मिश्रण गर्नुहोस्"},{"$i":"playlists","$v":"प्लेसूची"},{"$i":"artists","$v":"कलाकारहरू"},{"$i":"albums","$v":"एल्बमहरू"},{"$i":"songs","$v":"गीतहरू"},{"$i":"more","$v":"बढी"},{"$i":"songName","$v":"गीतको नाम"},{"$i":"songArtist","$v":"गीत कलाकार"},{"$i":"songAlbum","$v":"गीत एल्बम"},{"$i":"unknownArtist","$v":"अज्ञात कलाकार"},{"$i":"unknownAlbum","$v":"अज्ञात एल्बम"},{"$i":"unknownTitle","$v":"अज्ञात शीर्षक"},{"$i":"empty-title","$v":"सुरू हुन संगीत थप्नुहोस्"},{"$i":"empty-text","$v":"संगीत पुस्तकालय खाली छ भण्डारणमा सुरु गरिएको प्राप्त गीतहरू थप्नुहोस्।"},{"$i":"nocard2-title","$v":"कुनै मेमोरी कार्ड भेट्टाइएन"},{"$i":"nocard3-text","$v":"मेमोरी कार्ड उपलब्ध छैन। सुरु गर्न मेमोरी कार्ड घुसाउनुहोस्।"},{"$i":"pluggedin-title","$v":"फोन प्लगइन भएको बेला संगीत प्रयोग नगर्नुहोस्"},{"$i":"pluggedin-text","$v":"भण्डार अहिले प्रयोगमा छ। कृपया फोनबाट यो एप्लिकेसन प्रयोग गर्न अनप्लग गर्नुहोस्।"},{"$i":"upgrade-title","$v":"डेटाबेस स्तरवृद्धि"},{"$i":"upgrade-text","$v":"यसको डेटाबेस संगीतमा अद्यावधिकहरू छन कृपया पर्खनुहोस्।"},{"$i":"search-music","placeholder":"खोज्नुहोस्"},{"$i":"search-cancel","$v":"रद्द गर्नुहोस्"},{"$i":"search-artists","$v":"कलाकारहरू"},{"$i":"search-albums","$v":"एल्बमहरू"},{"$i":"search-titles","$v":"ट्र्याकहरू"},{"$i":"search-close","$v":"बन्द गर्नुहोस्"},{"$i":"search-no-result","$v":"कुनै ट्रयाकहरू भेटिएन।"},{"$i":"artists-search-no-result","$v":"कुनै कलाकारहरू फेला परेनन्"},{"$i":"albums-search-no-result","$v":"कुनै एल्बमहरू फेला परेनन्"},{"$i":"playlists-shuffle-all","$v":"सबै शफल गर्ने"},{"$i":"playlists-recently-added","$v":"हालै थपिएको"},{"$i":"playlists-most-played","$v":"धेरै खेलिने"},{"$i":"playlists-discover","$v":"पत्ता लगाउनुहोस्"},{"$i":"no-played-songs","$v":"तपाईंले अहिले सम्म कुनै पनि गीतहरू प्ले गर्नुभएको छैन।"},{"$i":"no-recently-added","$v":"हाल कुनै नयाँ गीतहरू थपिएका छैनन्।"},{"$i":"playlists-highest-rated","$v":"उच्चतम मूल्याङ्न गरियो"},{"$i":"picker-title","$v":"ट्र्याक चयन गर्नुहोस्"},{"$i":"save","$v":"सुरक्षित गर्नुहोस्"},{"$i":"saved","$v":"संगीत पुस्तकालयमा बचत गरियो।"},{"$i":"audioinvalid","$v":"अडियो प्ले गर्न सकिदैंन: ढाँचा समर्थन गर्दैन वा फाइल अमान्य छ।"},{"$i":"overlay-cancel-button","$v":"रद्द गर्नुहोस्"},{"$i":"music-paused-notification","$v":"कलको समयमा संगीत पज गरियो"},{"$i":"done","$v":"भयो"},{"$i":"share-song","ariaLabel":"साझेदारी"},{"$i":"player-album-rating","ariaLabel":"मूल्याङ्कन"},{"$i":"rating-star","ariaLabel":{"$x":[{"t":"idOrVar","v":"plural"},"n"],"$v":{"zero":[{"t":"idOrVar","v":"n"}," ताराहरू"],"one":[{"t":"idOrVar","v":"n"}," तारा"],"two":[{"t":"idOrVar","v":"n"}," ताराहरू"],"few":[{"t":"idOrVar","v":"n"}," ताराहरू"],"many":[{"t":"idOrVar","v":"n"}," ताराहरू"],"other":[{"t":"idOrVar","v":"n"}," ताराहरू"]}}},{"$i":"go-to-player-view","ariaLabel":"प्लेयर दृश्यमा जानुहोस्"},{"$i":"repeat-off","ariaLabel":"नदोहोर्याउनुहोस्"},{"$i":"repeat-list","ariaLabel":"सबै दोहोर्याउनुहोस्"},{"$i":"repeat-song","ariaLabel":"ट्र्याक दोहोर्याउनुहोस्"},{"$i":"shuffle-toggle","ariaLabel":"शफल गर्नुहोस्"},{"$i":"mix-tab","ariaLabel":"मिश्रण गर्नुहोस्"},{"$i":"playlists-tab","ariaLabel":"प्लेसूचीहरू"},{"$i":"artists-tab","ariaLabel":"कलाकारहरू"},{"$i":"albums-tab","ariaLabel":"एल्बमहरू"},{"$i":"songs-tab","ariaLabel":"गीतहरू"},{"$i":"check","$v":"चयन गर्नुहोस्"},{"$i":"remove-track","$v":"ट्र्याक मेटाउनुहोस्"},{"$i":"remove-tracks","$v":"ट्र्याकहरू मेटाउनुहोस्"},{"$i":"cancel","$v":"रद्द गर्नुहोस्"},{"$i":"delete","$v":"मेट्नुहोस्"},{"$i":"song-num-checked","$v":{"zero":"0 चयन गर्नुहोस्","one":[{"t":"idOrVar","v":"n"}," चयन गरियो"],"two":[{"t":"idOrVar","v":"n"}," चयन गरियो"],"few":[{"t":"idOrVar","v":"n"}," चयन गरियो"],"many":[{"t":"idOrVar","v":"n"}," चयन गरियो"],"other":[{"t":"idOrVar","v":"n"}," चयन गरियो"]},"$x":[{"t":"idOrVar","v":"plural"},"n"]},{"$i":"delete-playlist-songs","$v":{"zero":"केहीपनि चयन गरिएन","one":"पेलेसूवीबाट चयन गरिएका ट्रयाक मेटाउनुहोस् ?","two":["प्लेसूचीबाट ",{"t":"idOrVar","v":"n"}," ट्र्याकहरू मेटाउनुहोस् ?"],"few":["प्लेसूचीबाट ",{"t":"idOrVar","v":"n"}," ट्र्याकहरू मेटाउनुहोस् ?"],"many":["प्लेसूचीबाट ",{"t":"idOrVar","v":"n"}," ट्र्याकहरू मेटाउनुहोस् ?"],"other":["प्लेसूचीबाट ",{"t":"idOrVar","v":"n"}," ट्र्याकहरू मेटाउनुहोस् ?"]},"$x":[{"t":"idOrVar","v":"plural"},"n"]},{"$i":"delete-playlist-hint","$v":{"zero":"मेटाइएको छैन","one":"प्लेसूचीबाट ट्र्याक मेटाइयो","two":["प्लेसूचीबाट ",{"t":"idOrVar","v":"n"}," ट्र्याक मेटाइयो"],"few":["प्लेसूचीबाट ",{"t":"idOrVar","v":"n"}," ट्र्याक मेटाइयो"],"many":["प्लेसूचीबाट ",{"t":"idOrVar","v":"n"}," ट्र्याक मेटाइयो"],"other":["प्लेसूचीबाट ",{"t":"idOrVar","v":"n"}," ट्र्याक मेटाइयो"]},"$x":[{"t":"idOrVar","v":"plural"},"n"]},{"$i":"delete-album-songs","$v":{"zero":"केहीपनि चयन गरिएन","one":"चयन गरिएको ट्रयाक मेटाउनुहोस् ?","two":[{"t":"idOrVar","v":"n"}," ट्रयाकहरू मेटाउनुहोस् ?"],"few":[{"t":"idOrVar","v":"n"}," ट्रयाकहरू मेटाउनुहोस् ?"],"many":[{"t":"idOrVar","v":"n"}," ट्रयाकहरू मेटाउनुहोस् ?"],"other":[{"t":"idOrVar","v":"n"}," ट्रयाकहरू मेटाउनुहोस् ?"]},"$x":[{"t":"idOrVar","v":"plural"},"n"]},{"$i":"delete-album-songs-hint","$v":{"zero":"मेटाइएको छैन","one":"ट्रयाक मेटाइयो","two":[{"t":"idOrVar","v":"n"}," ट्रयाक मेटाइयो"],"few":[{"t":"idOrVar","v":"n"}," ट्रयाक मेटाइयो"],"many":[{"t":"idOrVar","v":"n"}," ट्रयाक मेटाइयो"],"other":[{"t":"idOrVar","v":"n"}," ट्रयाक मेटाइयो"]},"$x":[{"t":"idOrVar","v":"plural"},"n"]},{"$i":"library","$v":"पुस्तकालय"},{"$i":"rate","$v":"दर"},{"$i":"gridview","$v":"ग्रिड दृश्य"},{"$i":"confirmation-title","$v":"पुष्टिकरण"},{"$i":"options","$v":"विकल्पहरू"},{"$i":"opt-player","$v":"प्लेयर"},{"$i":"opt-delete","$v":"मेट्नुहोस्"},{"$i":"opt-mulselect","$v":"विविध चयन गर्नुहोस्"},{"$i":"opt-selectall","$v":"सबै चयन गर्नुहोस्"},{"$i":"opt-deselectall","$v":"सबै चयनलाई रद्द गर्नुहोस्"},{"$i":"opt-cancel","$v":"रद्द गर्नुहोस्"},{"$i":"opt-library","$v":"पुस्तकालय"},{"$i":"opt-shuffleall","$v":"सबै शफल गर्ने"},{"$i":"opt-repeatall","$v":"सबै दोहोर्याउनुहोस्"},{"$i":"opt-back","$v":"पछाडि"},{"$i":"opt-done","$v":"भयो"},{"$i":"opt-ok","$v":"ठीक छ"},{"$i":"opt-play","$v":"चलाउनुहोस्"},{"$i":"opt-pause","$v":"पज गर्नुहोस्"},{"$i":"opt-setring","$v":"रिङ्गटोनको रूपमा सेट गर्नुहोस्"},{"$i":"opt-shuffleoff","$v":"शफल बन्द"},{"$i":"opt-shuffleon","$v":"शफल खुला"},{"$i":"opt-repeatoff","$v":"नदोहोर्याउनुहोस्"},{"$i":"opt-repeatone","$v":"एउटा दोहोर्याउनुहोस्"},{"$i":"opt-share","$v":"साझेदारी"},{"$i":"byteUnit-B","$v":"बाइट"},{"$i":"byteUnit-KB","$v":"KB"},{"$i":"byteUnit-MB","$v":"MB"},{"$i":"byteUnit-GB","$v":"GB"},{"$i":"byteUnit-TB","$v":"TB"},{"$i":"byteUnit-PB","$v":"PB"},{"$i":"byteUnit-EB","$v":"EB"},{"$i":"byteUnit-ZB","$v":"ZB"},{"$i":"byteUnit-YB","$v":"YB"},{"$i":"opt-fileinfo","$v":"फाइल जानकारी"},{"$i":"info-view","ariaLabel":"जानकारी"},{"$i":"name-label","$v":"नाम"},{"$i":"size-label","$v":"आकार"},{"$i":"music-type-label","$v":"संगीत प्रकार"},{"$i":"playlists-least-played","$v":"न्युनतम प्ले गरिएको"},{"$i":"imageDescription","$v":[{"t":"idOrVar","v":"orientation"}," छवि, %I:%M %p, %B %e, %Y"]},{"$i":"imageDescriptionNoTimestamp","$v":[{"t":"idOrVar","v":"orientation"}," छवि"]},{"$i":"videoDescription","$v":[{"t":"idOrVar","v":"orientation"}," भिडियो, %I:%M %p, %B %e, %Y"]},{"$i":"videoDescriptionNoTimestamp","$v":[{"t":"idOrVar","v":"orientation"}," भिडियो"]},{"$i":"orientationPortrait","$v":"पोट्रेट"},{"$i":"orientationLandscape","$v":"परिदृश्य"},{"$i":"playbackPlay","ariaLabel":"चलाउनुहोस्"},{"$i":"playbackPause","ariaLabel":"पज गर्नुहोस्"},{"$i":"playbackNext","ariaLabel":"अर्को"},{"$i":"playbackPrevious","ariaLabel":"अघिल्लो"},{"$i":"playbackFullscreen","ariaLabel":"पूर्ण स्क्रिन"},{"$i":"playbackSeekBar","ariaLabel":["खोज्ने पट्टी, अवधि ",{"t":"idOrVar","v":"duration"}]},{"$i":"softkey-options","$v":"विकल्पहरू"}]