[{"$i":"music","$v":"ସଙ୍ଗୀତ"},{"$i":"mix","$v":"ମିକ୍ସ"},{"$i":"playlists","$v":"ପ୍ଲେଲିଷ୍ଟ୍"},{"$i":"artists","$v":"କଳାକାରଗଣ"},{"$i":"albums","$v":"ଆଲବମଗୁଡିକ"},{"$i":"songs","$v":"ସଙ୍ଗୀତଗୁଡିକ"},{"$i":"more","$v":"ଅଧିକ"},{"$i":"songName","$v":"ସଙ୍ଗୀତ ନାମ"},{"$i":"songArtist","$v":"ସଙ୍ଗୀତ କଳାକାର"},{"$i":"songAlbum","$v":"ସଙ୍ଗୀତ ଆଲବମ୍"},{"$i":"unknownArtist","$v":"ଅଜ୍ଞାତ କଳାକାର"},{"$i":"unknownAlbum","$v":"ଅଜ୍ଞାତ ଆଲବମ୍"},{"$i":"unknownTitle","$v":"ଅଜ୍ଞାତ ଶୀ‍ର୍ଷକ"},{"$i":"empty-title","$v":"ଆରମ୍ଭ କରିବାକୁ ସଙ୍ଗୀତଗୁଡିକ ଯୋଡ଼ନ୍ତୁ"},{"$i":"empty-text","$v":"ମ୍ୟୁଜିକ ଲାଇବ୍ରେରୀ ଶୂନ୍ୟ। ଆରମ୍ଭ କରିବା ପାଇଁ ଷ୍ଟୋରେଜରେ ସଙ୍ଗୀତଗୁଡିକ ଯୋଡ଼ନ୍ତୁ |"},{"$i":"nocard2-title","$v":"କୌଣସି ମେମୋ‌ରୀ କାର୍ଡ୍ ମିଳିଲା ନାହିଁ"},{"$i":"nocard3-text","$v":"ମେମୋରୀ କାର୍ଡ୍ ଉପଲବ୍ଧ ନାହିଁ | ଆରମ୍ଭ କରିବାକୁ ଏକ ମେମୋରୀ କାର୍ଡ୍ ପ୍ରବେଶ କରନ୍ତୁ |"},{"$i":"pluggedin-title","$v":"ଫୋନ୍ ପ୍ଲଗ୍ ଇନ୍ ହୋଇଥିବା ସମୟରେ ସଙ୍ଗୀତ ବ୍ୟବହାର ହୋଇପାରିବ ନାହିଁ"},{"$i":"pluggedin-text","$v":"ଷ୍ଟୋରେଜ୍ ବର୍ତ୍ତମାନ ବ୍ୟବହାରରେ ଅଛି। ଏହି ଆପ୍ ବ୍ୟବହାର କରିବାକୁ ଦୟାକରି ଫୋନ୍ ଅନପ୍ଲଗ୍‌ କରନ୍ତୁ |"},{"$i":"upgrade-title","$v":"ଡାଟାବେସ୍ ଅପ୍‌ଗ୍ରେଡ୍"},{"$i":"upgrade-text","$v":"ସଂଗୀତ ଏହାର ଡାଟାବେସ୍ ଅପ୍‌ଡେଟସ୍ କରିବା ସମୟରେ ଦୟାକରି ଅପେକ୍ଷା କରନ୍ତୁ |"},{"$i":"search-music","placeholder":"ସନ୍ଧାନ କରନ୍ତୁ"},{"$i":"search-cancel","$v":"ବାତିଲ କରନ୍ତୁ"},{"$i":"search-artists","$v":"କଳାକାରଗଣ"},{"$i":"search-albums","$v":"ଆଲବମଗୁଡିକ"},{"$i":"search-titles","$v":"ଟ୍ରାକଗୁଡିକ"},{"$i":"search-close","$v":"ବନ୍ଦ କରନ୍ତୁ"},{"$i":"search-no-result","$v":"କୌଣସି ଟ୍ରାକ୍ ମିଳିଲା ନାହିଁ |"},{"$i":"artists-search-no-result","$v":"କୌଣସି କଳାକାର ମିଳିଲା ନାହିଁ"},{"$i":"albums-search-no-result","$v":"କୌଣସି ଆଲବମ୍ ମିଳିଲା ନାହିଁ"},{"$i":"playlists-shuffle-all","$v":"ସବୁ ସଫଲ କରନ୍ତୁ"},{"$i":"playlists-recently-added","$v":"ବର୍ତ୍ତମାନ ଯୋଡା ହୋଇଛି"},{"$i":"playlists-most-played","$v":"ସର୍ବାଧିକ ଚାଳନା ହୋଇଥିବା"},{"$i":"playlists-discover","$v":"ଆବିଷ୍କାର କରନ୍ତୁ"},{"$i":"no-played-songs","$v":"ଆପଣ ଏପର୍ଯ୍ୟନ୍ତ କୌଣସି ସଙ୍ଗୀତ ବଜାଇ ନାହାଁନ୍ତି |"},{"$i":"no-recently-added","$v":"ବର୍ତ୍ତମାନ କୌଣସି ନୁଆ ସଙ୍ଗୀତ ଯୋଡା ଯାଇ ନାହିଁ |"},{"$i":"playlists-highest-rated","$v":"ସର୍ବାଧିକ ମୂଲ୍ୟାଙ୍କିତ"},{"$i":"picker-title","$v":"ଏକ ଟ୍ରାକ୍ ଚୟନ କରନ୍ତୁ"},{"$i":"save","$v":"ସେଭ୍ କରନ୍ତୁ"},{"$i":"saved","$v":"ସଙ୍ଗୀତ ଲାଇବ୍ରେରୀରେ ସେଭ୍ ହୋଇଛି |"},{"$i":"audioinvalid","$v":"ଅଡିଓ ଚାଳନ ହୋଇପାରିବ ନାହିଁ: ଫର୍ମାଟ୍ ଅସମର୍ଥିତ କିମ୍ୱା ଫାଇଲ୍ ଅବୈଧ ଅଟେ |"},{"$i":"overlay-cancel-button","$v":"ବାତିଲ କରନ୍ତୁ"},{"$i":"music-paused-notification","$v":"କଲ୍ ସମୟରେ ସଙ୍ଗୀତ ବିରତ ହୋଇଛି"},{"$i":"done","$v":"ସମ୍ପୁର୍ଣ୍ଣ"},{"$i":"share-song","ariaLabel":"ଅଂଶୀଦାର କରନ୍ତୁ"},{"$i":"player-album-rating","ariaLabel":"ମୂଲ୍ୟାୟନ"},{"$i":"rating-star","ariaLabel":{"$x":[{"t":"idOrVar","v":"plural"},"n"],"$v":{"zero":[{"t":"idOrVar","v":"n"}," ତାରା"],"one":[{"t":"idOrVar","v":"n"}," ତାରା"],"two":[{"t":"idOrVar","v":"n"}," ତାରା"],"few":[{"t":"idOrVar","v":"n"}," ତାରା"],"many":[{"t":"idOrVar","v":"n"}," ତାରା"],"other":[{"t":"idOrVar","v":"n"}," ତାରା"]}}},{"$i":"go-to-player-view","ariaLabel":"ପ୍ଲେୟାର୍ ଭିୟୁକୁ ଯାଆନ୍ତୁ"},{"$i":"repeat-off","ariaLabel":"ପୁନରାବୃତ୍ତି ଅଫ୍ କରନ୍ତୁ"},{"$i":"repeat-list","ariaLabel":"ସମସ୍ତ ପୁନରାବୃତ୍ତି କରନ୍ତୁ"},{"$i":"repeat-song","ariaLabel":"ଟ୍ରାକ୍‌କୁ ପୁନରାବୃତ୍ତି କରନ୍ତୁ"},{"$i":"shuffle-toggle","ariaLabel":"ସଫଲ୍ କରନ୍ତୁ"},{"$i":"mix-tab","ariaLabel":"ମିକ୍ସ"},{"$i":"playlists-tab","ariaLabel":"ପ୍ଲେଲିଷ୍ଟ୍ଗୁଡିକ"},{"$i":"artists-tab","ariaLabel":"କଳାକାରଗଣ"},{"$i":"albums-tab","ariaLabel":"ଆଲବମଗୁଡିକ"},{"$i":"songs-tab","ariaLabel":"ସଙ୍ଗୀତଗୁଡିକ"},{"$i":"check","$v":"ଚୟନ କରନ୍ତୁ"},{"$i":"remove-track","$v":"ଟ୍ରାକ୍‌ ବିଲୋପ କରନ୍ତୁ"},{"$i":"remove-tracks","$v":"ଟ୍ରାକ ବିଲୋପ କରନ୍ତୁ"},{"$i":"cancel","$v":"ବାତିଲ କରନ୍ତୁ"},{"$i":"delete","$v":"ବିଲୋପ କରନ୍ତୁ"},{"$i":"song-num-checked","$v":{"zero":"0 ଚୟନ କରାଯାଇଛି","one":[{"t":"idOrVar","v":"n"}," ଚୟନିତ"],"two":[{"t":"idOrVar","v":"n"}," ଚୟନିତ"],"few":[{"t":"idOrVar","v":"n"}," ଚୟନିତ"],"many":[{"t":"idOrVar","v":"n"}," ଚୟନିତ"],"other":[{"t":"idOrVar","v":"n"}," ଚୟନିତ"]},"$x":[{"t":"idOrVar","v":"plural"},"n"]},{"$i":"delete-playlist-songs","$v":{"zero":"କିଛି ବି ଚୟନିତ ହୋଇନାହିଁ","one":"ପ୍ଲେଲିଷ୍ଟ୍ରୁ ଚୟନିତ ଟ୍ରାକ୍ ବିଲୋପ କରିବେ ?","two":["ପ୍ଲେଲିଷ୍ଟ୍ରୁ ",{"t":"idOrVar","v":"n"}," ଟ୍ରାକଗୁଡିକ ବିଲୋପ କରିବେ ?"],"few":["ପ୍ଲେଲିଷ୍ଟ୍ରୁ ",{"t":"idOrVar","v":"n"}," ଟ୍ରାକଗୁଡିକ ବିଲୋପ କରିବେ ?"],"many":["ପ୍ଲେଲିଷ୍ଟ୍ରୁ ",{"t":"idOrVar","v":"n"}," ଟ୍ରାକଗୁଡିକ ବିଲୋପ କରିବେ ?"],"other":["ପ୍ଲେଲିଷ୍ଟ୍ରୁ ",{"t":"idOrVar","v":"n"}," ଟ୍ରାକଗୁଡିକ ବିଲୋପ କରିବେ ?"]},"$x":[{"t":"idOrVar","v":"plural"},"n"]},{"$i":"delete-playlist-hint","$v":{"zero":"କିଛି ବି ବିଲୋପିତ ହୋଇ ନାହିଁ","one":"ପ୍ଲେଲିଷ୍ଟ୍ରୁ ଟ୍ରାକ୍ ବିଲୋପିତ","two":["ପ୍ଲେଲିଷ୍ଟ୍ରୁ ",{"t":"idOrVar","v":"n"}," ଟ୍ରାକ୍ ବିଲୋପିତ"],"few":["ପ୍ଲେଲିଷ୍ଟ୍ରୁ ",{"t":"idOrVar","v":"n"}," ଟ୍ରାକ୍ ବିଲୋପିତ"],"many":["ପ୍ଲେଲିଷ୍ଟ୍ରୁ ",{"t":"idOrVar","v":"n"}," ଟ୍ରାକ୍ ବିଲୋପିତ"],"other":["ପ୍ଲେଲିଷ୍ଟ୍ରୁ ",{"t":"idOrVar","v":"n"}," ଟ୍ରାକ୍ ବିଲୋପିତ"]},"$x":[{"t":"idOrVar","v":"plural"},"n"]},{"$i":"delete-album-songs","$v":{"zero":"କିଛି ବି ଚୟନିତ ହୋଇନାହିଁ","one":"ଚୟନିତ ଟ୍ରାକ୍ ବିଲୋପ କରିବେ ?","two":[{"t":"idOrVar","v":"n"}," ଟ୍ରାକଗୁଡିକ ବିଲୋପ କରିବେ ?"],"few":[{"t":"idOrVar","v":"n"}," ଟ୍ରାକଗୁଡିକ ବିଲୋପ କରିବେ ?"],"many":[{"t":"idOrVar","v":"n"}," ଟ୍ରାକଗୁଡିକ ବିଲୋପ କରିବେ ?"],"other":[{"t":"idOrVar","v":"n"}," ଟ୍ରାକଗୁଡିକ ବିଲୋପ କରିବେ ?"]},"$x":[{"t":"idOrVar","v":"plural"},"n"]},{"$i":"delete-album-songs-hint","$v":{"zero":"କିଛି ବି ବିଲୋପିତ ହୋଇ ନାହିଁ","one":"ଟ୍ରାକ୍ ବିଲୋପ ହୋଇଛି","two":[{"t":"idOrVar","v":"n"}," ଟ୍ରାକ୍‌ ବିଲୋପିତ"],"few":[{"t":"idOrVar","v":"n"}," ଟ୍ରାକ୍‌ ବିଲୋପିତ"],"many":[{"t":"idOrVar","v":"n"}," ଟ୍ରାକ୍‌ ବିଲୋପିତ"],"other":[{"t":"idOrVar","v":"n"}," ଟ୍ରାକ୍‌ ବିଲୋପିତ"]},"$x":[{"t":"idOrVar","v":"plural"},"n"]},{"$i":"library","$v":"ଲାଇବ୍ରେରୀ"},{"$i":"rate","$v":"ମୂଲ୍ୟାୟନ କରନ୍ତୁ"},{"$i":"gridview","$v":"ଗ୍ରୀଡ୍ ଭିୟୁ"},{"$i":"confirmation-title","$v":"ନିଶ୍ଚିତକରଣ"},{"$i":"options","$v":"ବିକଳ୍ପଗୁଡିକ"},{"$i":"opt-player","$v":"ପ୍ଲେୟାର୍"},{"$i":"opt-delete","$v":"ବିଲୋପ କରନ୍ତୁ"},{"$i":"opt-mulselect","$v":"ଏକାଧିକ ଚୟନ କରନ୍ତୁ"},{"$i":"opt-selectall","$v":"ସମସ୍ତ ଚୟନ କରନ୍ତୁ"},{"$i":"opt-deselectall","$v":"ସମସ୍ତ ଅଣଚୟନ କରନ୍ତୁ"},{"$i":"opt-cancel","$v":"ବାତିଲ କରନ୍ତୁ"},{"$i":"opt-library","$v":"ଲାଇବ୍ରେରୀ"},{"$i":"opt-shuffleall","$v":"ସବୁ ସଫଲ କରନ୍ତୁ"},{"$i":"opt-repeatall","$v":"ସମସ୍ତ ପୁନରାବୃତ୍ତି କରନ୍ତୁ"},{"$i":"opt-back","$v":"ପଛକୁ ଫେରନ୍ତୁ"},{"$i":"opt-done","$v":"ସମ୍ପୁର୍ଣ୍ଣ"},{"$i":"opt-ok","$v":"ଓକେ"},{"$i":"opt-play","$v":"ବଜାନ୍ତୁ"},{"$i":"opt-pause","$v":"ବିରତ କରନ୍ତୁ"},{"$i":"opt-setring","$v":"ରିଂଟୋନ୍‌ ଭାବେ ସେଟ୍‌ କରନ୍ତୁ"},{"$i":"opt-shuffleoff","$v":"ସଫଲ୍ ଅଫ୍"},{"$i":"opt-shuffleon","$v":"ସଫଲ୍ ଅନ୍‌"},{"$i":"opt-repeatoff","$v":"ପୁନରାବୃତ୍ତି ଅଫ୍ କରନ୍ତୁ"},{"$i":"opt-repeatone","$v":"ଗୋଟିଏ ପୁନରାବୃତ୍ତି କରନ୍ତୁ"},{"$i":"opt-share","$v":"ଅଂଶୀଦାର କରନ୍ତୁ"},{"$i":"byteUnit-B","$v":"ବାଇଟ୍‌"},{"$i":"byteUnit-KB","$v":"KB"},{"$i":"byteUnit-MB","$v":"MB"},{"$i":"byteUnit-GB","$v":"GB"},{"$i":"byteUnit-TB","$v":"TB"},{"$i":"byteUnit-PB","$v":"PB"},{"$i":"byteUnit-EB","$v":"EB"},{"$i":"byteUnit-ZB","$v":"ZB"},{"$i":"byteUnit-YB","$v":"YB"},{"$i":"opt-fileinfo","$v":"ଫାଇଲ୍ ସୂଚନା"},{"$i":"info-view","ariaLabel":"ସୂଚନା"},{"$i":"name-label","$v":"ନାମ"},{"$i":"size-label","$v":"ଆକାର"},{"$i":"music-type-label","$v":"ସଙ୍ଗୀତ ପ୍ରକାର"},{"$i":"playlists-least-played","$v":"ସବୁଠୁ କମ୍ ବଜାଯାଇଥିବା"},{"$i":"imageDescription","$v":[{"t":"idOrVar","v":"orientation"}," ଫଟୋ, %I:%M %p, %B %e, %Y"]},{"$i":"imageDescriptionNoTimestamp","$v":[{"t":"idOrVar","v":"orientation"}," ଫଟୋ"]},{"$i":"videoDescription","$v":[{"t":"idOrVar","v":"orientation"}," ଭିଡିଓ, %I:%M %p, %B %e, %Y"]},{"$i":"videoDescriptionNoTimestamp","$v":[{"t":"idOrVar","v":"orientation"}," ଭିଡିଓ"]},{"$i":"orientationPortrait","$v":"ପୋର୍ଟ୍ରେଟ୍"},{"$i":"orientationLandscape","$v":"ଲ୍ୟାଣ୍ଡସ୍କେପ୍"},{"$i":"playbackPlay","ariaLabel":"ବଜାନ୍ତୁ"},{"$i":"playbackPause","ariaLabel":"ବିରତ କରନ୍ତୁ"},{"$i":"playbackNext","ariaLabel":"ପରବର୍ତ୍ତୀ"},{"$i":"playbackPrevious","ariaLabel":"ପୂର୍ବବର୍ତ୍ତୀ"},{"$i":"playbackFullscreen","ariaLabel":"ଫୁଲ୍‌ସ୍କ୍ରିନ୍"},{"$i":"playbackSeekBar","ariaLabel":["ସିକ୍ ବାର୍ , ଅବଧି ",{"t":"idOrVar","v":"duration"}]},{"$i":"softkey-options","$v":"ବିକଳ୍ପଗୁଡିକ"}]