[{"$i":"music","$v":"ਸੰਗੀਤ"},{"$i":"mix","$v":"ਮਿਕਸ"},{"$i":"playlists","$v":"ਪਲੇਲਿਸਟ"},{"$i":"artists","$v":"ਕਲਾਕਾਰ"},{"$i":"albums","$v":"ਐਲਬਮ"},{"$i":"songs","$v":"ਗੀਤ"},{"$i":"more","$v":"ਹੋਰ"},{"$i":"songName","$v":"ਗੀਤ ਦਾ ਨਾਮ"},{"$i":"songArtist","$v":"ਗੀਤ ਦਾ ਕਲਾਕਾਰ"},{"$i":"songAlbum","$v":"ਗੀਤਾਂ ਦੀ ਐਲਬਮ"},{"$i":"unknownArtist","$v":"ਅਗਿਆਤ ਕਲਾਕਾਰ"},{"$i":"unknownAlbum","$v":"ਅਗਿਆਤ ਐਲਬਮ"},{"$i":"unknownTitle","$v":"ਅਗਿਆਤ ਸਿਰਲੇਖ"},{"$i":"empty-title","$v":"ਸ਼ੁਰੂ ਕਰਨ ਲਈ ਗੀਤ ਜੋੜੋ"},{"$i":"empty-text","$v":"ਸੰਗੀਤ ਲਾਇਬ੍ਰੇਰੀ ਖਾਲ੍ਹੀ ਹੈ। ਸ਼ੁਰੂ ਕਰਨ ਲਈ ਸਟੋਰੇਜ਼ ਵਿੱਚ ਗੀਤ ਜੋੜੋ।"},{"$i":"nocard2-title","$v":"ਕੋਈ ਮੈਮਰੀ ਕਾਰਡ ਨਹੀਂ ਮਿਲਿਆ"},{"$i":"nocard3-text","$v":"ਮੈਮਰੀ ਕਾਰਡ ਉਪਲਬਧ ਨਹੀਂ ਹੈ। ਸ਼ੁਰੂ ਕਰਨ ਲਈ ਮੈਮਰੀ ਕਾਰਡ ਪਾਓ।"},{"$i":"pluggedin-title","$v":"ਫੋਨ ਦੇ ਪਲੱਗ ਇਨ ਹੋਣ ਵੇਲੇ ਸੰਗੀਤ ਦੀ ਵਰਤੋਂ ਨਹੀਂ ਕੀਤੀ ਜਾ ਸਕਦੀ"},{"$i":"pluggedin-text","$v":"ਇਸ ਸਮੇਂ ਸਟੋਰੇਜ਼ ਵਰਤੋਂ ਵਿੱਚ ਹੈ। ਇਸ ਐਪ ਦੀ ਵਰਤੋਂ ਕਰਨ ਲਈ ਕਿਰਪਾ ਕਰਕੇ ਫੋਨ ਨੂੰ ਅਨਪਲੱਗ ਕਰੋ।"},{"$i":"upgrade-title","$v":"ਡੇਟਾਬੇਸ ਅਪਗ੍ਰੇਡ"},{"$i":"upgrade-text","$v":"ਕਿਰਪਾ ਕਰਕੇ ਸੰਗੀਤ ਦਾ ਡੇਟਾਬੇਸ ਅਪਡੇਟ ਹੋਣ ਤੱਕ ਇੰਤਜਾਰ ਕਰੋ।"},{"$i":"search-music","placeholder":"ਖੋਜੋ"},{"$i":"search-cancel","$v":"ਰੱਦ ਕਰੋ"},{"$i":"search-artists","$v":"ਕਲਾਕਾਰ"},{"$i":"search-albums","$v":"ਐਲਬਮ"},{"$i":"search-titles","$v":"ਟ੍ਰੈਕ"},{"$i":"search-close","$v":"ਬੰਦ ਕਰੋ"},{"$i":"search-no-result","$v":"ਕੋਈ ਟ੍ਰੈਕ ਨਹੀਂ ਮਿਲੇ।"},{"$i":"artists-search-no-result","$v":"ਕੋਈ ਆਰਟਿਸਟ ਨਹੀਂ ਮਿਲੇ"},{"$i":"albums-search-no-result","$v":"ਕੋਈ ਐਲਬਮ ਨਹੀਂ ਮਿਲੇ"},{"$i":"playlists-shuffle-all","$v":"ਸਾਰੇ ਸ਼ਫ਼ਲ ਕਰੋ"},{"$i":"playlists-recently-added","$v":"ਹਾਲ ਹੀ ਵਿੱਚ ਜੋੜਿਆ ਗਿਆ"},{"$i":"playlists-most-played","$v":"ਸਭ ਤੋਂ ਜਿਆਦਾ ਪਲੇ ਕੀਤਾ"},{"$i":"playlists-discover","$v":"ਖੋਜੋ"},{"$i":"no-played-songs","$v":"ਤੁਸੀਂ ਹਾਲੇ ਤੱਕ ਕੋਈ ਗੀਤ "},{"$i":"no-recently-added","$v":"ਕੋਈ ਨਵਾਂ ਗੀਤ ਹਾਲ ਹੀ ਵਿੱਚ ਸ਼ਾਮਿਲ ਨਹੀਂ ਕੀਤਾ ਗਿਆ।"},{"$i":"playlists-highest-rated","$v":"ਉੱਚਤਮ ਰੇਟ ਕੀਤਾ ਗਿਆ"},{"$i":"picker-title","$v":"ਟਰੈਕ ਚੁਣੋ"},{"$i":"save","$v":"ਸੇਵ ਕਰੋ"},{"$i":"saved","$v":"ਮਿਊਜਿਕ ਲਾਇਬ੍ਰੇਰੀ ਵਿੱਚ ਸੇਵ ਹੋਇਆ।"},{"$i":"audioinvalid","$v":"ਆਡੀਓ ਨੂੰ ਚਲਾਇਆ ਨਹੀਂ ਜਾ ਸਕਦਾ: ਫਾਰਮੈਟ ਅਸਮਰੱਥਿਤ ਹੈ ਜਾਂ ਫਾਈਲ ਅਵੈਧ ਹੈ।"},{"$i":"overlay-cancel-button","$v":"ਰੱਦ ਕਰੋ"},{"$i":"music-paused-notification","$v":"ਕਾਲ ਦੇ ਦੌਰਾਨ ਸੰਗੀਤ ਰੋਕਿਆ ਗਿਆ"},{"$i":"done","$v":"ਪੂਰਾ ਹੋਇਆ"},{"$i":"share-song","ariaLabel":"ਸਾਂਝਾ ਕਰੋ"},{"$i":"player-album-rating","ariaLabel":"ਰੇਟਿੰਗ"},{"$i":"rating-star","ariaLabel":{"$x":[{"t":"idOrVar","v":"plural"},"n"],"$v":{"zero":[{"t":"idOrVar","v":"n"}," ਸਟਾਰ"],"one":[{"t":"idOrVar","v":"n"}," ਸਟਾਰ"],"two":[{"t":"idOrVar","v":"n"}," ਸਟਾਰ"],"few":[{"t":"idOrVar","v":"n"}," ਸਟਾਰ"],"many":[{"t":"idOrVar","v":"n"}," ਸਟਾਰ"],"other":[{"t":"idOrVar","v":"n"}," ਸਟਾਰ"]}}},{"$i":"go-to-player-view","ariaLabel":"ਪਲੇਅਰ ਵਿਊ ਤੇ ਜਾਓ"},{"$i":"repeat-off","ariaLabel":"ਦੁਹਰਾਈ ਔਫ"},{"$i":"repeat-list","ariaLabel":"ਸਾਰਿਆਂ ਨੂੰ ਦੋਹਰਾਓ"},{"$i":"repeat-song","ariaLabel":"ਟਰੈਕ ਦੁਹਰਾਓ"},{"$i":"shuffle-toggle","ariaLabel":"ਸ਼ਫ਼ਲ ਕਰੋ"},{"$i":"mix-tab","ariaLabel":"ਮਿਕਸ"},{"$i":"playlists-tab","ariaLabel":"ਪਲੇਲਿਸਟਸ"},{"$i":"artists-tab","ariaLabel":"ਕਲਾਕਾਰ"},{"$i":"albums-tab","ariaLabel":"ਐਲਬਮ"},{"$i":"songs-tab","ariaLabel":"ਗੀਤ"},{"$i":"check","$v":"ਚੁਣੋ"},{"$i":"remove-track","$v":"ਟਰੈਕ ਮਿਟਾਓ"},{"$i":"remove-tracks","$v":"ਟਰੈਕ ਮਿਟਾਓ"},{"$i":"cancel","$v":"ਰੱਦ ਕਰੋ"},{"$i":"delete","$v":"ਮਿਟਾਓ"},{"$i":"song-num-checked","$v":{"zero":"0 ਚੁਣਿਆ","one":[{"t":"idOrVar","v":"n"}," ਚੁਣਿਆ ਗਿਆ"],"two":[{"t":"idOrVar","v":"n"}," ਚੁਣਿਆ ਗਿਆ"],"few":[{"t":"idOrVar","v":"n"}," ਚੁਣਿਆ ਗਿਆ"],"many":[{"t":"idOrVar","v":"n"}," ਚੁਣਿਆ ਗਿਆ"],"other":[{"t":"idOrVar","v":"n"}," ਚੁਣਿਆ ਗਿਆ"]},"$x":[{"t":"idOrVar","v":"plural"},"n"]},{"$i":"delete-playlist-songs","$v":{"zero":"ਕੋਈ ਵੀ ਨਹੀਂ ਚੁਣਿਆ","one":"ਪਲੇਲਿਸਟ ਤੋਂ ਚੁਣਿੰਦਾ ਟਰੈਕ ਨੂੰ ਮਿਟਾਓ?","two":["ਪਲੇਲਿਸਟ ਤੋਂ ",{"t":"idOrVar","v":"n"}," ਟਰੈਕ ਮਿਟਾਓ?"],"few":["ਪਲੇਲਿਸਟ ਤੋਂ ",{"t":"idOrVar","v":"n"}," ਟਰੈਕ ਮਿਟਾਓ?"],"many":["ਪਲੇਲਿਸਟ ਤੋਂ ",{"t":"idOrVar","v":"n"}," ਟਰੈਕ ਮਿਟਾਓ?"],"other":["ਪਲੇਲਿਸਟ ਤੋਂ ",{"t":"idOrVar","v":"n"}," ਟਰੈਕ ਮਿਟਾਓ?"]},"$x":[{"t":"idOrVar","v":"plural"},"n"]},{"$i":"delete-playlist-hint","$v":{"zero":"ਕੁੱਝ ਵੀ ਨਹੀਂ ਮਿਟਾਇਆ ਗਿਆ","one":"ਪਲੇਲਿਸਟ ਵਿੱਚੋਂ ਟਰੈਕ ਮਿਟਾਇਆ ਗਿਆ","two":["ਪਲੇਲਿਸਟ ਵਿੱਚੋਂ ",{"t":"idOrVar","v":"n"}," ਟਰੈਕ ਮਿਟਾਇਆ ਗਿਆ"],"few":["ਪਲੇਲਿਸਟ ਵਿੱਚੋਂ ",{"t":"idOrVar","v":"n"}," ਟਰੈਕ ਮਿਟਾਇਆ ਗਿਆ"],"many":["ਪਲੇਲਿਸਟ ਵਿੱਚੋਂ ",{"t":"idOrVar","v":"n"}," ਟਰੈਕ ਮਿਟਾਇਆ ਗਿਆ"],"other":["ਪਲੇਲਿਸਟ ਵਿੱਚੋਂ ",{"t":"idOrVar","v":"n"}," ਟਰੈਕ ਮਿਟਾਇਆ ਗਿਆ"]},"$x":[{"t":"idOrVar","v":"plural"},"n"]},{"$i":"delete-album-songs","$v":{"zero":"ਕੋਈ ਵੀ ਨਹੀਂ ਚੁਣਿਆ","one":"ਚੁਣਿੰਦਾ ਟਰੈਕ ਨੂੰ ਮਿਟਾਓ?","two":[{"t":"idOrVar","v":"n"}," ਟਰੈਕ ਨੂੰ ਮਿਟਾਓ?"],"few":[{"t":"idOrVar","v":"n"}," ਟਰੈਕ ਨੂੰ ਮਿਟਾਓ?"],"many":[{"t":"idOrVar","v":"n"}," ਟਰੈਕ ਨੂੰ ਮਿਟਾਓ?"],"other":[{"t":"idOrVar","v":"n"}," ਟਰੈਕ ਨੂੰ ਮਿਟਾਓ?"]},"$x":[{"t":"idOrVar","v":"plural"},"n"]},{"$i":"delete-album-songs-hint","$v":{"zero":"ਕੁੱਝ ਵੀ ਨਹੀਂ ਮਿਟਾਇਆ ਗਿਆ","one":"ਟਰੈਕ ਮਿਟਾਇਆ ਗਿਆ","two":[{"t":"idOrVar","v":"n"}," ਟਰੈਕ ਮਿਟਾਇਆ ਗਿਆ"],"few":[{"t":"idOrVar","v":"n"}," ਟਰੈਕ ਮਿਟਾਇਆ ਗਿਆ"],"many":[{"t":"idOrVar","v":"n"}," ਟਰੈਕ ਮਿਟਾਇਆ ਗਿਆ"],"other":[{"t":"idOrVar","v":"n"}," ਟਰੈਕ ਮਿਟਾਇਆ ਗਿਆ"]},"$x":[{"t":"idOrVar","v":"plural"},"n"]},{"$i":"library","$v":"ਲਾਇਬ੍ਰੇਰੀ"},{"$i":"rate","$v":"ਰੇਟ ਕਰੋ"},{"$i":"gridview","$v":"ਗਰਿਡ ਵਿਊ"},{"$i":"confirmation-title","$v":"ਪੁਸ਼ਟੀਕਰਨ"},{"$i":"options","$v":"ਵਿਕਲਪ"},{"$i":"opt-player","$v":"ਪਲੇਅਰ"},{"$i":"opt-delete","$v":"ਮਿਟਾਓ"},{"$i":"opt-mulselect","$v":"ਅਨੇਕ ਚੁਣੋ"},{"$i":"opt-selectall","$v":"ਸਾਰੇ ਚੁਣੋ"},{"$i":"opt-deselectall","$v":"ਸਾਰਿਆਂ ਨੂੰ ਅਣਚੁਣਿਆ ਕਰੋ"},{"$i":"opt-cancel","$v":"ਰੱਦ ਕਰੋ"},{"$i":"opt-library","$v":"ਲਾਇਬ੍ਰੇਰੀ"},{"$i":"opt-shuffleall","$v":"ਸਾਰੇ ਸ਼ਫ਼ਲ ਕਰੋ"},{"$i":"opt-repeatall","$v":"ਸਾਰਿਆਂ ਨੂੰ ਦੋਹਰਾਓ"},{"$i":"opt-back","$v":"ਵਾਪਿਸ ਜਾਓ"},{"$i":"opt-done","$v":"ਪੂਰਾ ਹੋਇਆ"},{"$i":"opt-ok","$v":"ਠੀਕ ਹੈ"},{"$i":"opt-play","$v":"ਚਲਾਓ"},{"$i":"opt-pause","$v":"ਰੋਕੋ"},{"$i":"opt-setring","$v":"ਰਿੰਗਟੋਨ ਦੇ ਤੌਰ ਤੇ ਸੈੱਟ ਕਰੋ"},{"$i":"opt-shuffleoff","$v":"ਸ਼ਫ਼ਲ ਔਫ"},{"$i":"opt-shuffleon","$v":"ਸ਼ਫ਼ਲ ਔਨ"},{"$i":"opt-repeatoff","$v":"ਦੁਹਰਾਈ ਔਫ"},{"$i":"opt-repeatone","$v":"ਇੱਕ ਨੂੰ ਦੋਹਰਾਓ"},{"$i":"opt-share","$v":"ਸਾਂਝਾ ਕਰੋ"},{"$i":"byteUnit-B","$v":"ਬਾਈਟ"},{"$i":"byteUnit-KB","$v":"KB"},{"$i":"byteUnit-MB","$v":"MB"},{"$i":"byteUnit-GB","$v":"GB"},{"$i":"byteUnit-TB","$v":"TB"},{"$i":"byteUnit-PB","$v":"PB"},{"$i":"byteUnit-EB","$v":"EB"},{"$i":"byteUnit-ZB","$v":"ZB"},{"$i":"byteUnit-YB","$v":"YB"},{"$i":"opt-fileinfo","$v":"ਫਾਈਲ ਦੀ ਜਾਣਕਾਰੀ"},{"$i":"info-view","ariaLabel":"ਜਾਣਕਾਰੀ"},{"$i":"name-label","$v":"ਨਾਮ"},{"$i":"size-label","$v":"ਆਕਾਰ"},{"$i":"music-type-label","$v":"ਸੰਗੀਤ ਦੀ ਕਿਸਮ"},{"$i":"playlists-least-played","$v":"ਸਭ ਤੋਂ ਘੱਟ ਚਲਾਇਆ"},{"$i":"imageDescription","$v":[{"t":"idOrVar","v":"orientation"}," ਤਸਵੀਰ, %I:%M %p, %B %e, %Y"]},{"$i":"imageDescriptionNoTimestamp","$v":[{"t":"idOrVar","v":"orientation"}," ਤਸਵੀਰ"]},{"$i":"videoDescription","$v":[{"t":"idOrVar","v":"orientation"}," ਵੀਡਿਓ, %I:%M %p, %B %e, %Y"]},{"$i":"videoDescriptionNoTimestamp","$v":[{"t":"idOrVar","v":"orientation"}," ਵੀਡਿਓ"]},{"$i":"orientationPortrait","$v":"ਪੋਰਟਰੇਟ"},{"$i":"orientationLandscape","$v":"ਲੈਂਡਸਕੇਪ"},{"$i":"playbackPlay","ariaLabel":"ਚਲਾਓ"},{"$i":"playbackPause","ariaLabel":"ਰੋਕੋ"},{"$i":"playbackNext","ariaLabel":"ਅਗਲਾ"},{"$i":"playbackPrevious","ariaLabel":"ਪਿਛਲਾ"},{"$i":"playbackFullscreen","ariaLabel":"ਫੁਲਸਕਰੀਨ"},{"$i":"playbackSeekBar","ariaLabel":["ਸੀਕ ਬਾਰ , ਅਵਧੀ ",{"t":"idOrVar","v":"duration"}]},{"$i":"softkey-options","$v":"ਵਿਕਲਪ"}]