[{"$i":"music","$v":"संगीतः"},{"$i":"mix","$v":"मिश्रणम्"},{"$i":"playlists","$v":"वादकसूची"},{"$i":"artists","$v":"कलाकारः"},{"$i":"albums","$v":"चित्रविथिकाः"},{"$i":"songs","$v":"गीतानि"},{"$i":"more","$v":"अधिकम्"},{"$i":"songName","$v":"गीतनाम"},{"$i":"songArtist","$v":"गीतकलाकारः"},{"$i":"songAlbum","$v":"गीतएल्बमः"},{"$i":"unknownArtist","$v":"अज्ञातकलाकाराः"},{"$i":"unknownAlbum","$v":"अज्ञातप्रदर्शनी"},{"$i":"unknownTitle","$v":"अज्ञातशीर्षकः"},{"$i":"empty-title","$v":"प्रारम्भकरणाय संगीतं योजयतु"},{"$i":"empty-text","$v":"संगीतलाइब्रेरी रिक्तमस्ति । प्रारम्भकर्तुं भण्डारे संगीतं योजयतु।"},{"$i":"nocard2-title","$v":"मेमोरिकार्ड न प्राप्तम्"},{"$i":"nocard3-text","$v":"स्मृतिपत्रं अनुपलब्धम् अस्ति। आरम्भाय स्मृतिप्रत्रं योजयतु।"},{"$i":"pluggedin-title","$v":"फ़ोन प्लगमध्ये गमने सति उपयोगकर्तुं न शक्यते"},{"$i":"pluggedin-text","$v":"भण्डारः वर्तमाने उपयोगे अस्ति। कृपया अस्य ऎपस्य उपयोगकर्तुं दूरभाषम् अनप्लग करोतु।"},{"$i":"upgrade-title","$v":"डाटाबेस अपग्रेडः"},{"$i":"upgrade-text","$v":"संगीतं स्वडाटाबेसम् अपडेटं करोति कृपया प्रतीक्षां करोतु।"},{"$i":"search-music","placeholder":"अन्विष्यताम्"},{"$i":"search-cancel","$v":"निरस्यताम्"},{"$i":"search-artists","$v":"कलाकारः"},{"$i":"search-albums","$v":"चित्रविथिकाः"},{"$i":"search-titles","$v":"पट्टिकाः"},{"$i":"search-close","$v":"निवर्त्यताम्"},{"$i":"search-no-result","$v":"गीतानि न प्राप्तानि।"},{"$i":"artists-search-no-result","$v":"कलाकाराः न प्राप्ताः"},{"$i":"albums-search-no-result","$v":"गीतगुच्छानि न प्राप्तानि"},{"$i":"playlists-shuffle-all","$v":"सकलं मिश्रणम्"},{"$i":"playlists-recently-added","$v":"सद्यः योजिताः"},{"$i":"playlists-most-played","$v":"अधिकतमं क्रीडितम्"},{"$i":"playlists-discover","$v":"अन्विषतु"},{"$i":"no-played-songs","$v":"एतावता न किमपि गीतं वादितम्।"},{"$i":"no-recently-added","$v":"सद्यः न नवीनानि गीतानि योजितानि।"},{"$i":"playlists-highest-rated","$v":"सर्वोच्चं रेट"},{"$i":"picker-title","$v":"एक ट्रैक चिनोतु"},{"$i":"save","$v":"संरक्षितम्"},{"$i":"saved","$v":"संगीतपुस्तकालये सुरक्षितम्।"},{"$i":"audioinvalid","$v":"ऑडियो प्ले कर्तुं न शक्यते: प्रारूप असमर्थितं वर्तते यद्वा फ़ाइल अमान्यो वर्तते।"},{"$i":"overlay-cancel-button","$v":"निरस्यताम्"},{"$i":"music-paused-notification","$v":"कॉलसमये संगीतमवरुद्धम्"},{"$i":"done","$v":"कृतम्"},{"$i":"share-song","ariaLabel":"सभाज्यताम्"},{"$i":"player-album-rating","ariaLabel":"रेटिंग"},{"$i":"rating-star","ariaLabel":{"$x":[{"t":"idOrVar","v":"plural"},"n"],"$v":{"zero":[{"t":"idOrVar","v":"n"}," तारकाः"],"one":[{"t":"idOrVar","v":"n"}," तारकः"],"two":[{"t":"idOrVar","v":"n"}," तारकाः"],"few":[{"t":"idOrVar","v":"n"}," तारकाः"],"many":[{"t":"idOrVar","v":"n"}," तारकाः"],"other":[{"t":"idOrVar","v":"n"}," तारकाः"]}}},{"$i":"go-to-player-view","ariaLabel":"प्लेयर दृश्यमध्ये गच्छतु"},{"$i":"repeat-off","ariaLabel":"पुनरावृत्तिः निभृतः"},{"$i":"repeat-list","ariaLabel":"सर्वं पुनरावृत्तिं करोतु"},{"$i":"repeat-song","ariaLabel":"ट्रैकं पुनरावृत्तिं करोतु"},{"$i":"shuffle-toggle","ariaLabel":"मिश्रणम्"},{"$i":"mix-tab","ariaLabel":"मिश्रणम्"},{"$i":"playlists-tab","ariaLabel":"वादनसूचयः"},{"$i":"artists-tab","ariaLabel":"कलाकारः"},{"$i":"albums-tab","ariaLabel":"चित्रविथिकाः"},{"$i":"songs-tab","ariaLabel":"गीतानि"},{"$i":"check","$v":"चिनोतु"},{"$i":"remove-track","$v":"ट्रकं अपमर्जतु"},{"$i":"remove-tracks","$v":"ट्रकस अपमर्जतु"},{"$i":"cancel","$v":"निरस्यताम्"},{"$i":"delete","$v":"लुप्यताम्"},{"$i":"song-num-checked","$v":{"zero":"0 नियुक्तम्","one":[{"t":"idOrVar","v":"n"}," चयनितम्"],"two":[{"t":"idOrVar","v":"n"}," चयनितम्"],"few":[{"t":"idOrVar","v":"n"}," चयनितम्"],"many":[{"t":"idOrVar","v":"n"}," चयनितम्"],"other":[{"t":"idOrVar","v":"n"}," चयनितम्"]},"$x":[{"t":"idOrVar","v":"plural"},"n"]},{"$i":"delete-playlist-songs","$v":{"zero":"किमपि चयनितं नास्ति","one":"प्लेलिस्टतः चयनितं ट्रेक अपमर्जतु?","two":[{"t":"idOrVar","v":"n"}," प्लेलिस्टतः ट्रेकस अपमर्जतु?"],"few":[{"t":"idOrVar","v":"n"}," प्लेलिस्टतः ट्रेकस अपमर्जतु?"],"many":[{"t":"idOrVar","v":"n"}," प्लेलिस्टतः ट्रेकस अपमर्जतु?"],"other":[{"t":"idOrVar","v":"n"}," प्लेलिस्टतः ट्रेकस अपमर्जतु?"]},"$x":[{"t":"idOrVar","v":"plural"},"n"]},{"$i":"delete-playlist-hint","$v":{"zero":"किमपि न परिष्क्रितम्","one":"प्लेलिस्टतः अपसारितं ट्रैक","two":[{"t":"idOrVar","v":"n"}," प्लेलिस्टतः अपसारितं ट्रैक"],"few":[{"t":"idOrVar","v":"n"}," प्लेलिस्टतः अपसारितं ट्रैक"],"many":[{"t":"idOrVar","v":"n"}," प्लेलिस्टतः अपसारितं ट्रैक"],"other":[{"t":"idOrVar","v":"n"}," प्लेलिस्टतः अपसारितं ट्रैक"]},"$x":[{"t":"idOrVar","v":"plural"},"n"]},{"$i":"delete-album-songs","$v":{"zero":"किमपि चयनितं नास्ति","one":"चयनितं ट्रेक अपमर्जतु?","two":[{"t":"idOrVar","v":"n"}," ट्रेकस अपमर्जतु?"],"few":[{"t":"idOrVar","v":"n"}," ट्रेकस अपमर्जतु?"],"many":[{"t":"idOrVar","v":"n"}," ट्रेकस अपमर्जतु?"],"other":[{"t":"idOrVar","v":"n"}," ट्रेकस अपमर्जतु?"]},"$x":[{"t":"idOrVar","v":"plural"},"n"]},{"$i":"delete-album-songs-hint","$v":{"zero":"किमपि न परिष्क्रितम्","one":"ट्रैक अपसारितम्","two":[{"t":"idOrVar","v":"n"}," ट्रैक अपसारितम्"],"few":[{"t":"idOrVar","v":"n"}," ट्रैक अपसारितम्"],"many":[{"t":"idOrVar","v":"n"}," ट्रैक अपसारितम्"],"other":[{"t":"idOrVar","v":"n"}," ट्रैक अपसारितम्"]},"$x":[{"t":"idOrVar","v":"plural"},"n"]},{"$i":"library","$v":"ग्रन्थालयः"},{"$i":"rate","$v":"मूल्यांकनम्"},{"$i":"gridview","$v":"ग्रिड पश्यतु"},{"$i":"confirmation-title","$v":"अनुमोदनम्"},{"$i":"options","$v":"विकल्पाः"},{"$i":"opt-player","$v":"वादकः"},{"$i":"opt-delete","$v":"लुप्यताम्"},{"$i":"opt-mulselect","$v":"विभिन्नं चिनोतु"},{"$i":"opt-selectall","$v":"सर्वं चिनोतु"},{"$i":"opt-deselectall","$v":"सकलान् अचिह्नितान् करोतु"},{"$i":"opt-cancel","$v":"निरस्यताम्"},{"$i":"opt-library","$v":"ग्रन्थालयः"},{"$i":"opt-shuffleall","$v":"सकलं मिश्रणम्"},{"$i":"opt-repeatall","$v":"सर्वं पुनरावृत्तिं करोतु"},{"$i":"opt-back","$v":"पृष्ठे"},{"$i":"opt-done","$v":"कृतम्"},{"$i":"opt-ok","$v":"नुदताम्"},{"$i":"opt-play","$v":"चाल्यताम्"},{"$i":"opt-pause","$v":"विरमति"},{"$i":"opt-setring","$v":"रिंगटोन व्यवस्थापयतु"},{"$i":"opt-shuffleoff","$v":"मिश्रणं निभृतः"},{"$i":"opt-shuffleon","$v":"मिश्रणं जागृतः"},{"$i":"opt-repeatoff","$v":"पुनरावृत्तिः निभृतः"},{"$i":"opt-repeatone","$v":"एकं पुनरावृत्तिं करोतु"},{"$i":"opt-share","$v":"सभाज्यताम्"},{"$i":"byteUnit-B","$v":"बाइट्स"},{"$i":"byteUnit-KB","$v":"KB"},{"$i":"byteUnit-MB","$v":"MB"},{"$i":"byteUnit-GB","$v":"GB"},{"$i":"byteUnit-TB","$v":"TB"},{"$i":"byteUnit-PB","$v":"PB"},{"$i":"byteUnit-EB","$v":"EB"},{"$i":"byteUnit-ZB","$v":"ZB"},{"$i":"byteUnit-YB","$v":"YB"},{"$i":"opt-fileinfo","$v":"फाइलतथ्यम्"},{"$i":"info-view","ariaLabel":"तथ्यम्"},{"$i":"name-label","$v":"नाम"},{"$i":"size-label","$v":"आकारः"},{"$i":"music-type-label","$v":"संगीतप्रकारः"},{"$i":"playlists-least-played","$v":"न्यूनमक्रीडत्"},{"$i":"imageDescription","$v":[{"t":"idOrVar","v":"orientation"}," चित्रम्, %I:%M %p, %B %e, %Y"]},{"$i":"imageDescriptionNoTimestamp","$v":[{"t":"idOrVar","v":"orientation"}," चित्रम्"]},{"$i":"videoDescription","$v":[{"t":"idOrVar","v":"orientation"}," वीडियो, %I:%M %p, %B %e, %Y"]},{"$i":"videoDescriptionNoTimestamp","$v":[{"t":"idOrVar","v":"orientation"},"वीडियो"]},{"$i":"orientationPortrait","$v":"छायाचित्रम्"},{"$i":"orientationLandscape","$v":"परिदृश्यम्"},{"$i":"playbackPlay","ariaLabel":"चाल्यताम्"},{"$i":"playbackPause","ariaLabel":"विरमति"},{"$i":"playbackNext","ariaLabel":"अग्रिमम्"},{"$i":"playbackPrevious","ariaLabel":"पूर्वतनम्"},{"$i":"playbackFullscreen","ariaLabel":"सम्पूर्णपटलम्"},{"$i":"playbackSeekBar","ariaLabel":["बारस्य अन्वेषणं करोतु, अवधिः ",{"t":"idOrVar","v":"duration"}]},{"$i":"softkey-options","$v":"विकल्पाः"}]