[{"$i":"music","$v":"ᱨᱟᱡᱟᱱ~ᱵᱟᱡᱚᱱ"},{"$i":"mix","$v":"ᱢᱤᱞᱮᱣ"},{"$i":"playlists","$v":"ᱪᱟᱞᱩᱥᱩᱪᱤ"},{"$i":"artists","$v":"ᱦᱩᱱᱟᱹᱨᱤᱭ ᱠᱚ"},{"$i":"albums","$v":"ᱮᱞᱵᱟᱚᱢ ᱠᱚ"},{"$i":"songs","$v":"ᱥᱮᱨᱮᱸᱜ ᱠᱚ"},{"$i":"more","$v":"ᱵᱟᱲᱛᱤ"},{"$i":"songName","$v":"ᱥᱤᱨᱤᱧ ᱧᱩᱛᱩᱢ"},{"$i":"songArtist","$v":"ᱥᱤᱨᱤᱧ ᱚᱱᱚᱞᱤᱭᱮ"},{"$i":"songAlbum","$v":"ᱥᱤᱨᱤᱧ ᱮᱞᱵᱚᱢ"},{"$i":"unknownArtist","$v":"ᱵᱟᱝ ᱵᱟᱰᱟᱭ ᱠᱟᱞᱟᱠᱚᱨ"},{"$i":"unknownAlbum","$v":"ᱵᱟᱝ ᱵᱟᱰᱟᱭ ᱮᱞᱵᱚᱢ"},{"$i":"unknownTitle","$v":"ᱵᱟᱝ ᱵᱟᱰᱟᱭ ᱯᱟᱨᱤᱥ"},{"$i":"empty-title","$v":"ᱮᱦᱚᱵᱟᱜ ᱧᱟᱢ ᱞᱟᱜᱤᱫ ᱥᱤᱨᱤᱧ ᱨᱮ ᱥᱮᱞᱮᱫ"},{"$i":"empty-text","$v":"ᱨᱟᱡᱟᱹᱱ~ᱵᱟᱡᱟᱹᱱ ᱞᱟᱭᱵᱮᱨᱮᱨᱤ ᱫᱚ ᱠᱷᱟᱞᱤ ᱜᱮᱭᱟ. ᱮᱦᱚᱵᱟᱜ ᱧᱟᱢ ᱞᱟᱜᱤᱫ ᱥᱮᱞᱮᱫ ᱢᱮ ᱥᱤᱨᱤᱧ ᱠᱚ."},{"$i":"nocard2-title","$v":"ᱢᱮᱢᱚᱨᱤ ᱠᱟᱨᱰ ᱵᱟᱝ ᱧᱟᱢ ᱟᱠᱟᱱᱟ"},{"$i":"nocard3-text","$v":"ᱢᱮᱢᱚᱨᱤ ᱠᱟᱨᱰ ᱫᱚ ᱵᱟᱢ ᱧᱟᱢᱚᱜᱽ ᱠᱟᱱᱟ᱾ ᱟᱫᱮᱨ ᱢᱮ ᱢᱮᱢᱚᱨᱤ ᱠᱟᱨᱰ ᱮᱦᱚᱵ ᱞᱟᱜᱤᱫᱽ᱾"},{"$i":"pluggedin-title","$v":"ᱡᱚᱠᱷᱚᱱ ᱯᱷᱹᱚᱱ ᱫᱚ ᱯᱚᱞᱚᱜ ᱤᱱ ᱛᱮᱦᱮᱱ ᱨᱮ ᱨᱟᱡᱟᱹᱱ~ᱵᱟᱡᱟᱹᱱ ᱫᱚ ᱵᱟᱝ ᱮᱢ ᱵᱮᱵᱷᱟᱨ ᱫᱟᱲᱤᱭᱟᱜ-ᱟ"},{"$i":"pluggedin-text","$v":"ᱵᱟᱭᱡᱟᱭᱜᱟ ᱫᱚ ᱦᱟᱞᱤ ᱨᱮ ᱵᱮᱵᱷᱟᱨᱚᱜ ᱠᱟᱱᱟ. ᱱᱮᱦᱚᱨ ᱚᱯᱚᱞᱚᱜ ᱢᱮ ᱯᱷᱹᱚᱱ ᱱᱚᱣᱟ ᱮᱯᱞᱤᱠᱮᱥᱚᱱ ᱵᱮᱵᱷᱟᱨ ᱞᱟᱜᱤᱫ."},{"$i":"upgrade-title","$v":"ᱰᱮᱴᱟᱵᱮᱥ ᱱᱟᱣᱟᱱᱟᱜ"},{"$i":"upgrade-text","$v":"ᱱᱮᱦᱚᱨ ᱛᱟᱝ ᱜᱤ ᱢᱮ ᱡᱚᱠᱷᱚᱱ ᱨᱟᱡᱟᱹᱱ~ᱵᱟᱡᱟᱹᱱ ᱱᱚᱣᱟᱭ ᱱᱚᱣᱟ ᱰᱮᱴᱟᱵᱮᱥ."},{"$i":"search-music","placeholder":"ᱥᱮᱱᱨᱟ"},{"$i":"search-cancel","$v":"ᱢᱩᱪᱮᱫ"},{"$i":"search-artists","$v":"ᱦᱩᱱᱟᱹᱨᱤᱭ ᱠᱚ"},{"$i":"search-albums","$v":"ᱮᱞᱵᱟᱚᱢ ᱠᱚ"},{"$i":"search-titles","$v":"ᱴᱨᱮᱠ ᱠᱚ"},{"$i":"search-close","$v":"ᱵᱟᱪᱷᱟᱣ"},{"$i":"search-no-result","$v":"ᱴᱨᱮᱠ ᱠᱮ ᱵᱟᱭ ᱧᱟᱢ ᱞᱮᱱᱟᱟ."},{"$i":"artists-search-no-result","$v":"ᱡᱟᱦᱟᱱ ᱚᱱᱚᱞᱤᱭᱮ ᱠᱚ ᱵᱟᱝ ᱧᱟᱢ ᱞᱮᱱᱟ"},{"$i":"albums-search-no-result","$v":"ᱡᱟᱦᱟᱱ ᱮᱞᱵᱚᱢ ᱠᱚ ᱵᱟᱝ ᱧᱟᱢ ᱞᱮᱱᱟ"},{"$i":"playlists-shuffle-all","$v":"ᱡᱚᱛᱚ ᱦᱟᱸᱛᱮ ᱱᱟᱛᱮ"},{"$i":"playlists-recently-added","$v":"ᱱᱤᱛᱚᱜᱮᱜ ᱥᱮᱞᱮᱫᱟᱜ"},{"$i":"playlists-most-played","$v":"ᱡᱟᱥᱛᱤ ᱪᱟᱞᱩᱟᱠᱟᱱᱟᱜ"},{"$i":"playlists-discover","$v":"ᱯᱟᱱᱛᱮ ᱚᱲᱚᱠ"},{"$i":"no-played-songs","$v":"ᱟᱢ ᱱᱤᱛ ᱦᱟᱵᱤᱡ ᱡᱟᱦᱟᱸᱱ ᱥᱮᱸᱨᱮᱸᱜ ᱠᱚ ᱵᱟᱢ ᱪᱟᱞᱩ ᱟᱠᱟᱫ ᱟ."},{"$i":"no-recently-added","$v":"ᱡᱟᱦᱟ ᱸᱱ ᱱᱟᱣᱟ ᱥᱮᱨᱮᱸᱜ ᱠᱚ ᱱᱤᱛᱚᱜ ᱵᱟᱭ ᱥᱮᱞᱮᱫ ᱠᱟᱱᱟ."},{"$i":"playlists-highest-rated","$v":"ᱪᱮᱛᱟᱱ ᱫᱚᱨᱟᱜ"},{"$i":"picker-title","$v":"ᱴᱨᱮᱠ ᱵᱟᱪᱷᱟᱣ ᱢᱮ"},{"$i":"save","$v":"ᱡᱚᱜᱟᱣᱡᱟᱜᱟ ᱫᱚ ᱵᱟᱝ ᱮᱥᱠᱮᱱ ᱫᱟᱲᱤᱭᱟᱜ-ᱟ."},{"$i":"saved","$v":"ᱨᱟᱡᱟᱹᱱ~ᱵᱟᱡᱟᱹᱱ ᱞᱟᱭᱵᱨᱟᱥᱤ ᱨᱮ ᱡᱚᱜᱟᱣ ᱟᱠᱟᱬᱟ."},{"$i":"audioinvalid","$v":"ᱚᱰᱤᱭᱳ ᱫᱚ ᱵᱟᱝ ᱮᱢ ᱪᱟᱞᱩ ᱰᱟᱲᱤᱭᱟᱜ-ᱟ: ᱯᱷᱹᱚᱨ ᱫᱚ ᱵᱟᱭ ᱜᱚᱲᱚᱜ-ᱟ ᱟᱨᱵᱟᱝᱠᱷᱟ ᱨᱮᱫ ᱵᱟᱝ ᱜᱟᱱᱚᱜ-ᱟ."},{"$i":"overlay-cancel-button","$v":"ᱢᱩᱪᱮᱫ"},{"$i":"music-paused-notification","$v":"ᱠᱚᱞ ᱚᱠᱛᱮ ᱨᱟᱡᱟᱹᱱ~ᱵᱟᱡᱟᱹᱱ ᱛᱷᱤᱨ"},{"$i":"done","$v":"ᱦᱚᱭᱱᱟ"},{"$i":"share-song","ariaLabel":"ᱦᱟᱴᱤᱧ"},{"$i":"player-album-rating","ariaLabel":"ᱫᱚᱨᱚᱜ"},{"$i":"rating-star","ariaLabel":{"$x":[{"t":"idOrVar","v":"plural"},"n"],"$v":{"zero":[{"t":"idOrVar","v":"n"}," ᱤᱯᱤᱞ ᱠᱚ"],"one":[{"t":"idOrVar","v":"n"}," ᱤᱯᱤᱞ"],"two":[{"t":"idOrVar","v":"n"}," ᱤᱯᱤᱞ ᱠᱚ"],"few":[{"t":"idOrVar","v":"n"}," ᱤᱯᱤᱞ ᱠᱚ"],"many":[{"t":"idOrVar","v":"n"}," ᱤᱯᱤᱞ ᱠᱚ"],"other":[{"t":"idOrVar","v":"n"}," ᱤᱯᱤᱞ ᱠᱚ"]}}},{"$i":"go-to-player-view","ariaLabel":"ᱯᱞᱮᱭᱚᱨ ᱧᱮᱞ ᱨᱮ ᱪᱟᱞᱟᱜ"},{"$i":"repeat-off","ariaLabel":"ᱡᱚᱛᱚ ᱫᱚᱦᱚᱲᱟᱭ ᱵᱚᱱᱫᱚ"},{"$i":"repeat-list","ariaLabel":"ᱡᱚᱛᱚ ᱫᱚᱦᱚᱲᱟᱭ ᱢᱮ"},{"$i":"repeat-song","ariaLabel":"ᱥᱤᱨᱤᱧ ᱫᱚᱦᱚᱲᱟ ᱟᱱᱡᱚᱢ"},{"$i":"shuffle-toggle","ariaLabel":"ᱦᱟᱸᱛᱮ ᱱᱟᱛᱮ"},{"$i":"mix-tab","ariaLabel":"ᱢᱤᱞᱮᱣ"},{"$i":"playlists-tab","ariaLabel":"ᱪᱟᱞᱩ ᱥᱩᱪᱤ ᱠᱚ"},{"$i":"artists-tab","ariaLabel":"ᱦᱩᱱᱟᱹᱨᱤᱭ ᱠᱚ"},{"$i":"albums-tab","ariaLabel":"ᱮᱞᱵᱟᱚᱢ ᱠᱚ"},{"$i":"songs-tab","ariaLabel":"ᱥᱮᱨᱮᱸᱜ ᱠᱚ"},{"$i":"check","$v":"ᱵᱟᱪᱷᱟᱣ"},{"$i":"remove-track","$v":"ᱴᱤᱠᱮᱱᱟ ᱢᱮᱴᱟᱣ"},{"$i":"remove-tracks","$v":"ᱴᱤᱠᱮᱱᱟ ᱠᱚ ᱢᱮᱴᱟᱣ"},{"$i":"cancel","$v":"ᱢᱩᱪᱮᱫ"},{"$i":"delete","$v":"ᱢᱮᱴᱟᱣ"},{"$i":"song-num-checked","$v":{"zero":"0 ᱵᱟᱪᱷᱟᱣᱟᱜ","one":[{"t":"idOrVar","v":"n"}," ᱵᱟᱪᱷᱟᱣ ᱟᱠᱟᱱᱟᱜ"],"two":[{"t":"idOrVar","v":"n"}," ᱵᱟᱪᱷᱟᱣ ᱟᱠᱟᱱᱟᱜ"],"few":[{"t":"idOrVar","v":"n"}," ᱵᱟᱪᱷᱟᱣ ᱟᱠᱟᱱᱟᱜ"],"many":[{"t":"idOrVar","v":"n"}," ᱵᱟᱪᱷᱟᱣ ᱟᱠᱟᱱᱟᱜ"],"other":[{"t":"idOrVar","v":"n"}," ᱵᱟᱪᱷᱟᱣ ᱟᱠᱟᱱᱟᱜ"]},"$x":[{"t":"idOrVar","v":"plural"},"n"]},{"$i":"delete-playlist-songs","$v":{"zero":"ᱵᱟᱝ ᱵᱟᱪᱷᱟ ᱟᱠᱟᱱᱟ","one":"ᱪᱟᱞᱩ ᱩᱱᱩᱫᱩᱜ ᱠᱷᱚᱱ ᱵᱟᱪᱷᱟᱣ ᱟᱠᱟᱱ ᱴᱤᱠᱮᱱᱟ ᱢᱮᱴᱟᱣ?","two":[{"t":"idOrVar","v":"n"}," ᱪᱟᱞᱩᱣᱟᱜ ᱠᱷᱚᱱ ᱴᱤᱠᱮᱱᱟ ᱠᱚ ᱢᱮᱴᱟᱣ?"],"few":[{"t":"idOrVar","v":"n"}," ᱪᱟᱞᱩᱣᱟᱜ ᱠᱷᱚᱱ ᱴᱤᱠᱮᱱᱟ ᱠᱚ ᱢᱮᱴᱟᱣ?"],"many":[{"t":"idOrVar","v":"n"}," ᱪᱟᱞᱩᱣᱟᱜ ᱠᱷᱚᱱ ᱴᱤᱠᱮᱱᱟ ᱠᱚ ᱢᱮᱴᱟᱣ?"],"other":[{"t":"idOrVar","v":"n"}," ᱪᱟᱞᱩᱣᱟᱜ ᱠᱷᱚᱱ ᱴᱤᱠᱮᱱᱟ ᱠᱚ ᱢᱮᱴᱟᱣ?"]},"$x":[{"t":"idOrVar","v":"plural"},"n"]},{"$i":"delete-playlist-hint","$v":{"zero":"ᱵᱟᱝ ᱢᱮᱴᱟᱜ-ᱟ","one":"ᱪᱩᱞᱩᱥᱩᱪᱤ ᱠᱷᱚᱱ ᱰᱟᱦᱟᱨ ᱢᱮᱴᱟᱣ ᱟᱠᱟᱱᱟ","two":[{"t":"idOrVar","v":"n"}," ᱰᱟᱦᱟᱨ ᱢᱮᱴᱟᱣ ᱟᱠᱟᱱᱟ ᱪᱟᱞᱩᱥᱩᱱᱤ ᱠᱷᱚᱱ"],"few":[{"t":"idOrVar","v":"n"}," ᱰᱟᱦᱟᱨ ᱢᱮᱴᱟᱣ ᱟᱠᱟᱱᱟ ᱪᱟᱞᱩᱥᱩᱱᱤ ᱠᱷᱚᱱ"],"many":[{"t":"idOrVar","v":"n"}," ᱰᱟᱦᱟᱨ ᱢᱮᱴᱟᱣ ᱟᱠᱟᱱᱟ ᱪᱟᱞᱩᱥᱩᱱᱤ ᱠᱷᱚᱱ"],"other":[{"t":"idOrVar","v":"n"}," ᱰᱟᱦᱟᱨ ᱢᱮᱴᱟᱣ ᱟᱠᱟᱱᱟ ᱪᱟᱞᱩᱥᱩᱱᱤ ᱠᱷᱚᱱ"]},"$x":[{"t":"idOrVar","v":"plural"},"n"]},{"$i":"delete-album-songs","$v":{"zero":"ᱵᱟᱝ ᱵᱟᱪᱷᱟ ᱟᱠᱟᱱᱟ","one":"ᱵᱟᱪᱷᱟᱣ ᱟᱠᱟᱱ ᱴᱤᱠᱮᱱᱟ ᱢᱮᱴᱟᱣ?","two":[{"t":"idOrVar","v":"n"}," ᱴᱤᱠᱮᱱᱟ ᱠᱚ ᱢᱮᱴᱟᱣ?"],"few":[{"t":"idOrVar","v":"n"}," ᱴᱤᱠᱮᱱᱟ ᱠᱚ ᱢᱮᱴᱟᱣ?"],"many":[{"t":"idOrVar","v":"n"}," ᱴᱤᱠᱮᱱᱟ ᱠᱚ ᱢᱮᱴᱟᱣ?"],"other":[{"t":"idOrVar","v":"n"}," ᱴᱤᱠᱮᱱᱟ ᱠᱚ ᱢᱮᱴᱟᱣ?"]},"$x":[{"t":"idOrVar","v":"plural"},"n"]},{"$i":"delete-album-songs-hint","$v":{"zero":"ᱵᱟᱝ ᱢᱮᱴᱟᱜ-ᱟ","one":"ᱰᱟᱦᱟᱨ ᱢᱮᱴᱟᱣ ᱟᱠᱟᱱᱟ","two":[{"t":"idOrVar","v":"n"}," ᱰᱟᱦᱟᱨ ᱢᱮᱴᱟᱣ ᱟᱠᱟᱱᱟ"],"few":[{"t":"idOrVar","v":"n"}," ᱰᱟᱦᱟᱨ ᱢᱮᱴᱟᱣ ᱟᱠᱟᱱᱟ"],"many":[{"t":"idOrVar","v":"n"}," ᱰᱟᱦᱟᱨ ᱢᱮᱴᱟᱣ ᱟᱠᱟᱱᱟ"],"other":[{"t":"idOrVar","v":"n"}," ᱰᱟᱦᱟᱨ ᱢᱮᱴᱟᱣ ᱟᱠᱟᱱᱟ"]},"$x":[{"t":"idOrVar","v":"plural"},"n"]},{"$i":"library","$v":"ᱯᱩᱛᱷᱤ ᱚᱲᱟᱜ"},{"$i":"rate","$v":"ᱫᱚᱨ"},{"$i":"gridview","$v":"ᱜᱨᱤᱰ ᱧᱮᱞ"},{"$i":"confirmation-title","$v":"ᱜᱚᱴᱟᱜ ᱠᱟᱱᱟ"},{"$i":"options","$v":"ᱵᱤᱠᱟᱞᱚᱯ"},{"$i":"opt-player","$v":"ᱯᱞᱮᱭᱚᱨ"},{"$i":"opt-delete","$v":"ᱢᱮᱴᱟᱣ"},{"$i":"opt-mulselect","$v":"ᱟᱭᱢᱟ ᱨᱚᱠᱚᱢ ᱵᱟᱪᱷᱟᱣ ᱢᱮ"},{"$i":"opt-selectall","$v":"ᱡᱚᱛᱚ ᱵᱟᱪᱷᱟᱣ"},{"$i":"opt-deselectall","$v":"ᱡᱚᱛᱚ ᱚᱵᱟᱪᱷᱟᱣ"},{"$i":"opt-cancel","$v":"ᱢᱩᱪᱮᱫ"},{"$i":"opt-library","$v":"ᱯᱩᱛᱷᱤ ᱚᱲᱟᱜ"},{"$i":"opt-shuffleall","$v":"ᱡᱚᱛᱚ ᱦᱟᱸᱛᱮ ᱱᱟᱛᱮ"},{"$i":"opt-repeatall","$v":"ᱡᱚᱛᱚ ᱫᱚᱦᱚᱲᱟᱭ ᱢᱮ"},{"$i":"opt-back","$v":"ᱨᱩᱣᱮᱲ"},{"$i":"opt-done","$v":"ᱦᱚᱭᱱᱟ"},{"$i":"opt-ok","$v":"ᱴᱤᱠ"},{"$i":"opt-play","$v":"ᱪᱟᱞᱩ"},{"$i":"opt-pause","$v":"ᱛᱷᱤᱨ"},{"$i":"opt-setring","$v":"ᱨᱤᱸᱜᱴᱚᱱ ᱞᱮᱠᱟ ᱵᱮᱭᱥᱮᱣ ᱢᱮ"},{"$i":"opt-shuffleoff","$v":"ᱦᱟᱸᱛᱮ ᱱᱟᱛᱮ ᱵᱚᱱᱫᱚ"},{"$i":"opt-shuffleon","$v":"ᱦᱟᱸᱛᱮ ᱱᱟᱛᱮ ᱪᱟᱞᱩ"},{"$i":"opt-repeatoff","$v":"ᱡᱚᱛᱚ ᱫᱚᱦᱚᱲᱟᱭ ᱵᱚᱱᱫᱚ"},{"$i":"opt-repeatone","$v":"ᱢᱤᱛ ᱴᱮᱜ ᱫᱚᱦᱚᱲᱟ"},{"$i":"opt-share","$v":"ᱦᱟᱴᱤᱧ"},{"$i":"byteUnit-B","$v":"ᱵᱟᱭᱤᱴ"},{"$i":"byteUnit-KB","$v":"KB"},{"$i":"byteUnit-MB","$v":"MB"},{"$i":"byteUnit-GB","$v":"GB"},{"$i":"byteUnit-TB","$v":"TB"},{"$i":"byteUnit-PB","$v":"PB"},{"$i":"byteUnit-EB","$v":"EB"},{"$i":"byteUnit-ZB","$v":"ZB"},{"$i":"byteUnit-YB","$v":"YB"},{"$i":"opt-fileinfo","$v":"ᱨᱮᱫ ᱠᱷᱚᱵᱚᱨ"},{"$i":"info-view","ariaLabel":"ᱠᱷᱚᱵᱚᱨ"},{"$i":"name-label","$v":"ᱧᱩᱛᱩᱢ"},{"$i":"size-label","$v":"ᱥᱟᱭᱤᱡ"},{"$i":"music-type-label","$v":"ᱨᱟᱡᱟᱹᱱ~ᱵᱟᱡᱟᱹᱱ ᱨᱚᱠᱚᱢ"},{"$i":"playlists-least-played","$v":"ᱠᱚᱢ ᱠᱷᱚᱱ ᱠᱚᱢ ᱪᱟᱞᱩᱣᱟᱜ"},{"$i":"imageDescription","$v":[{"t":"idOrVar","v":"orientation"}," ᱪᱤᱛᱟᱹᱨ, %I:%M %p, %B %e, %Y"]},{"$i":"imageDescriptionNoTimestamp","$v":[{"t":"idOrVar","v":"orientation"}," ᱪᱤᱛᱟᱹᱨ"]},{"$i":"videoDescription","$v":[{"t":"idOrVar","v":"orientation"}," ᱣᱤᱰᱤᱭᱳ, %I:%M %p, %B %e, %Y"]},{"$i":"videoDescriptionNoTimestamp","$v":[{"t":"idOrVar","v":"orientation"}," ᱣᱤᱰᱤᱭᱳ"]},{"$i":"orientationPortrait","$v":"ᱯᱚᱨᱴᱨᱮᱴ"},{"$i":"orientationLandscape","$v":"ᱜᱟᱸᱰᱤ ᱛᱮ"},{"$i":"playbackPlay","ariaLabel":"ᱪᱟᱞᱩ"},{"$i":"playbackPause","ariaLabel":"ᱛᱷᱤᱨ"},{"$i":"playbackNext","ariaLabel":"ᱫᱟᱨᱟᱭᱟᱜ"},{"$i":"playbackPrevious","ariaLabel":"ᱛᱟᱭᱚᱢᱟᱜ"},{"$i":"playbackFullscreen","ariaLabel":"ᱤᱥᱠᱤᱨᱤᱱ ᱯᱨᱮᱡ"},{"$i":"playbackSeekBar","ariaLabel":["ᱵᱟᱨ ᱧᱮᱞ ᱢᱮ, ᱚᱠᱛᱮ ",{"t":"idOrVar","v":"duration"}]},{"$i":"softkey-options","$v":"ᱵᱤᱠᱟᱞᱚᱯ"}]