[{"$i":"music","$v":"संगित"},{"$i":"mix","$v":"गॾियल"},{"$i":"playlists","$v":"पली लिस्ट"},{"$i":"artists","$v":"किरदार"},{"$i":"albums","$v":"ऐलबम"},{"$i":"songs","$v":"राग"},{"$i":"more","$v":"वधीक"},{"$i":"songName","$v":"गाने जो नालो"},{"$i":"songArtist","$v":"गाने जो फ़नकारु"},{"$i":"songAlbum","$v":"गाने जो एलबम"},{"$i":"unknownArtist","$v":"अन्जान फनकार"},{"$i":"unknownAlbum","$v":"अन्जान आल्बम"},{"$i":"unknownTitle","$v":"अन्जान सुर्खी"},{"$i":"empty-title","$v":"शुरू करणु लाइ गीतु शामिलु कर्यो"},{"$i":"empty-text","$v":"मोसीक़ी जे लाइब्रेरी ख़ाली आहे . शुरू करणु लाइ ज़ख़ीरे ॾांहुं गाना शामिलु कर्यो ."},{"$i":"nocard2-title","$v":"को बि मीमॿीहर कार्डु न मिल्यो"},{"$i":"nocard3-text","$v":"मैमरी कार्डु दस्तयाब नाहे शुरू करणु लाइ मैमरी कार्डु दाख़िलु कर्यो."},{"$i":"pluggedin-title","$v":"जॾहिं फ़ोनु प्लग उन थियल आहे त मोसीक़ी इस्तेमाल नथी करे सघिजे"},{"$i":"pluggedin-text","$v":"हुन वक़्ति ज़ख़ीरो इस्तेमाल में आहे .  ही अइप इस्तेमाल करणु लाइ महिरबानी करे फ़ोनु उन प्लग कर्यो ."},{"$i":"upgrade-title","$v":"अपग्रेड ग़ैरु फ़आल कर्यो"},{"$i":"upgrade-text","$v":"महिरबानी करे इंतिज़ार कर्यो जेसताईं मोसीक़ी उन जे डेटा बेसि खे अपडेट करे ."},{"$i":"search-music","placeholder":"गो॒ल्हि"},{"$i":"search-cancel","$v":"मंसूख़ कर्यो"},{"$i":"search-artists","$v":"किरदार"},{"$i":"search-albums","$v":"ऐलबम"},{"$i":"search-titles","$v":"ट्रेक"},{"$i":"search-close","$v":"बंद"},{"$i":"search-no-result","$v":"के बि ट्रेक न मिलिया."},{"$i":"artists-search-no-result","$v":"के बि फ़नकारु न मिलिया"},{"$i":"albums-search-no-result","$v":"के बि एलबम न मिलिया"},{"$i":"playlists-shuffle-all","$v":"सभई शफ़ल कर्यो"},{"$i":"playlists-recently-added","$v":"ताजी जोडाई वई"},{"$i":"playlists-most-played","$v":"घणो पली कयल"},{"$i":"playlists-discover","$v":"खोजयो"},{"$i":"no-played-songs","$v":"तवहां अञां ताईं के बि गाना पली न कया आहिनि."},{"$i":"no-recently-added","$v":"हालिया में के बि नवां गाना शामिलु न थिया."},{"$i":"playlists-highest-rated","$v":"मथे शिरा थियल"},{"$i":"picker-title","$v":"हिक ट्रेक चूंडियो"},{"$i":"save","$v":"साघो"},{"$i":"saved","$v":"मोसीक़ी जे लाइब्रेरी ॾांहुं महफूज़ु थियल ."},{"$i":"audioinvalid","$v":"ऑडियो पली नथी करे सघिजे: फ़ारमीट ग़ैरु मुआवनत याफ़तह आहे या फाईल नाजाइज़ आहे ."},{"$i":"overlay-cancel-button","$v":"मंसूख़ कर्यो"},{"$i":"music-paused-notification","$v":"कालु दौरान मोसीक़ी रूकिजी वई"},{"$i":"done","$v":"पुरो थियो"},{"$i":"share-song","ariaLabel":"वर्च"},{"$i":"player-album-rating","ariaLabel":"शुरू कारी"},{"$i":"rating-star","ariaLabel":{"$x":[{"t":"idOrVar","v":"plural"},"n"],"$v":{"zero":[{"t":"idOrVar","v":"n"}," तारा"],"one":[{"t":"idOrVar","v":"n"}," तारो"],"two":[{"t":"idOrVar","v":"n"}," तारा"],"few":[{"t":"idOrVar","v":"n"}," तारा"],"many":[{"t":"idOrVar","v":"n"}," तारा"],"other":[{"t":"idOrVar","v":"n"}," तारा"]}}},{"$i":"go-to-player-view","ariaLabel":"प्लेयर मन्ज़रु ॾांहुं वञो"},{"$i":"repeat-off","ariaLabel":"दुहिराइणु बंदु"},{"$i":"repeat-list","ariaLabel":"सभई दुहरायो"},{"$i":"repeat-song","ariaLabel":"ट्रेक दुहरायो"},{"$i":"shuffle-toggle","ariaLabel":"शफ़ल"},{"$i":"mix-tab","ariaLabel":"गॾियल"},{"$i":"playlists-tab","ariaLabel":"प्लेलिस्ट"},{"$i":"artists-tab","ariaLabel":"किरदार"},{"$i":"albums-tab","ariaLabel":"ऐलबम"},{"$i":"songs-tab","ariaLabel":"राग"},{"$i":"check","$v":"चूंडियो"},{"$i":"remove-track","$v":"ट्रेक हज़फ़ कर्यो"},{"$i":"remove-tracks","$v":"ट्रैक्स हज़फ़ कर्यो"},{"$i":"cancel","$v":"मंसूख़ कर्यो"},{"$i":"delete","$v":"रदि"},{"$i":"song-num-checked","$v":{"zero":"0 चुंडियल","one":[{"t":"idOrVar","v":"n"}," चूंड कयल"],"two":[{"t":"idOrVar","v":"n"}," चूंड कयल"],"few":[{"t":"idOrVar","v":"n"}," चूंड कयल"],"many":[{"t":"idOrVar","v":"n"}," चूंड कयल"],"other":[{"t":"idOrVar","v":"n"}," चूंड कयल"]},"$x":[{"t":"idOrVar","v":"plural"},"n"]},{"$i":"delete-playlist-songs","$v":{"zero":"कुझु बि चुंडियल नाहे","one":"पली लिस्ट खां चुंडियल पैग़ामु हज़फ़ कर्यो?","two":["पली लिस्ट खां ",{"t":"idOrVar","v":"n"}," ट्रेक हज़फ़ कर्यो?"],"few":["पली लिस्ट खां ",{"t":"idOrVar","v":"n"}," ट्रेक हज़फ़ कर्यो?"],"many":["पली लिस्ट खां ",{"t":"idOrVar","v":"n"}," ट्रेक हज़फ़ कर्यो?"],"other":["पली लिस्ट खां ",{"t":"idOrVar","v":"n"}," ट्रेक हज़फ़ कर्यो?"]},"$x":[{"t":"idOrVar","v":"plural"},"n"]},{"$i":"delete-playlist-hint","$v":{"zero":"हज़फ़ थियल नाहे","one":"पली लिस्ट खां हज़फ़ किरियल ट्रेक कर्यो","two":[{"t":"idOrVar","v":"n"}," ट्रेक पली लिस्ट मां हज़फ़ थिया"],"few":[{"t":"idOrVar","v":"n"}," ट्रेक पली लिस्ट मां हज़फ़ थिया"],"many":[{"t":"idOrVar","v":"n"}," ट्रेक पली लिस्ट मां हज़फ़ थिया"],"other":[{"t":"idOrVar","v":"n"}," ट्रेक पली लिस्ट मां हज़फ़ थिया"]},"$x":[{"t":"idOrVar","v":"plural"},"n"]},{"$i":"delete-album-songs","$v":{"zero":"कुझु बि चुंडियल नाहे","one":"चुंडियल ट्रेक हज़फ़ कर्यो?","two":[{"t":"idOrVar","v":"n"}," ट्रेक हज़फ़ कर्यो?"],"few":[{"t":"idOrVar","v":"n"}," ट्रेक हज़फ़ कर्यो?"],"many":[{"t":"idOrVar","v":"n"}," ट्रेक हज़फ़ कर्यो?"],"other":[{"t":"idOrVar","v":"n"}," ट्रेक हज़फ़ कर्यो?"]},"$x":[{"t":"idOrVar","v":"plural"},"n"]},{"$i":"delete-album-songs-hint","$v":{"zero":"हज़फ़ थियल नाहे","one":"हज़फ़ कयल ट्रेक कर्यो","two":[{"t":"idOrVar","v":"n"}," ट्रेक हज़फ़ थिया"],"few":[{"t":"idOrVar","v":"n"}," ट्रेक हज़फ़ थिया"],"many":[{"t":"idOrVar","v":"n"}," ट्रेक हज़फ़ थिया"],"other":[{"t":"idOrVar","v":"n"}," ट्रेक हज़फ़ थिया"]},"$x":[{"t":"idOrVar","v":"plural"},"n"]},{"$i":"library","$v":"लाब्रेरी"},{"$i":"rate","$v":"शिरा कर्यो"},{"$i":"gridview","$v":"ग्रिड मन्ज़रु"},{"$i":"confirmation-title","$v":"तसिदीक़"},{"$i":"options","$v":"इख़्तियारु"},{"$i":"opt-player","$v":"प्लेयर"},{"$i":"opt-delete","$v":"रदि"},{"$i":"opt-mulselect","$v":"मुख़्तलिफ़ चूंडियो"},{"$i":"opt-selectall","$v":"सभई चूंडियो"},{"$i":"opt-deselectall","$v":"सभई अण चूंडियो"},{"$i":"opt-cancel","$v":"मंसूख़ कर्यो"},{"$i":"opt-library","$v":"लाब्रेरी"},{"$i":"opt-shuffleall","$v":"सभई शफ़ल कर्यो"},{"$i":"opt-repeatall","$v":"सभई दुहरायो"},{"$i":"opt-back","$v":"वापसि"},{"$i":"opt-done","$v":"पुरो थियो"},{"$i":"opt-ok","$v":"ठीक"},{"$i":"opt-play","$v":"प्ले"},{"$i":"opt-pause","$v":"वक़फ़ो"},{"$i":"opt-setring","$v":"रंगु टूं तौर सीट कर्यो"},{"$i":"opt-shuffleoff","$v":"शफ़ल ऑफ़"},{"$i":"opt-shuffleon","$v":"शफ़ल आन"},{"$i":"opt-repeatoff","$v":"दुहिराइणु बंदु"},{"$i":"opt-repeatone","$v":"हिकु दुहरायो"},{"$i":"opt-share","$v":"वर्च"},{"$i":"byteUnit-B","$v":"बाइट्स"},{"$i":"byteUnit-KB","$v":"KB"},{"$i":"byteUnit-MB","$v":"MB"},{"$i":"byteUnit-GB","$v":"GB"},{"$i":"byteUnit-TB","$v":"TB"},{"$i":"byteUnit-PB","$v":"PB"},{"$i":"byteUnit-EB","$v":"EB"},{"$i":"byteUnit-ZB","$v":"ZB"},{"$i":"byteUnit-YB","$v":"YB"},{"$i":"opt-fileinfo","$v":"फाईल जे मालूमात"},{"$i":"info-view","ariaLabel":"मालूमात"},{"$i":"name-label","$v":"नालो"},{"$i":"size-label","$v":"माप"},{"$i":"music-type-label","$v":"मोसीक़ी जो क़िस्मु"},{"$i":"playlists-least-played","$v":"घटि पली थियल"},{"$i":"imageDescription","$v":[{"t":"idOrVar","v":"orientation"}," तस्वीर %I:%M %p, %B %e, %Y"]},{"$i":"imageDescriptionNoTimestamp","$v":[{"t":"idOrVar","v":"orientation"}," तस्वीर"]},{"$i":"videoDescription","$v":[{"t":"idOrVar","v":"orientation"}," विडियो, %I:%M %p, %B %e, %Y"]},{"$i":"videoDescriptionNoTimestamp","$v":[{"t":"idOrVar","v":"orientation"}," विडियो"]},{"$i":"orientationPortrait","$v":"तस्वीर"},{"$i":"orientationLandscape","$v":"लेंडस्केप"},{"$i":"playbackPlay","ariaLabel":"प्ले"},{"$i":"playbackPause","ariaLabel":"वक़फ़ो"},{"$i":"playbackNext","ariaLabel":"ॿियो"},{"$i":"playbackPrevious","ariaLabel":"अगो॒णा"},{"$i":"playbackFullscreen","ariaLabel":"पुरी स्क्रिन"},{"$i":"playbackSeekBar","ariaLabel":["तलाश बारु, मुदो ",{"t":"idOrVar","v":"duration"}]},{"$i":"softkey-options","$v":"इख़्तियारु"}]