[{"$i":"music","$v":"இசை"},{"$i":"mix","$v":"மிக்ஸ்"},{"$i":"playlists","$v":"இசைப்பட்டியல்"},{"$i":"artists","$v":"கலைஞர்கள்"},{"$i":"albums","$v":"ஆல்பங்கள்"},{"$i":"songs","$v":"பாடல்கள்"},{"$i":"more","$v":"மேலும்"},{"$i":"songName","$v":"பாடல் பெயர்"},{"$i":"songArtist","$v":"பாடல் கலைஞர்"},{"$i":"songAlbum","$v":"பாடல் ஆல்பம்"},{"$i":"unknownArtist","$v":"தெரியாத கலைஞர்"},{"$i":"unknownAlbum","$v":"தெரியாத ஆல்பம்"},{"$i":"unknownTitle","$v":"தெரியாத தலைப்பு"},{"$i":"empty-title","$v":"துவங்க, பாடல்களைச் சேர்"},{"$i":"empty-text","$v":"இசைப் பட்டியல் காலியாக உள்ளது. துவங்க, ஸ்டோரேஜ்-இல் பாடல்களைச் சேர்க்கவும்."},{"$i":"nocard2-title","$v":"மெமரி கார்டு காணப்படவில்லை"},{"$i":"nocard3-text","$v":"மெமரி கார்டு கிடைக்கவில்லை. தொடங்குவதற்கு ஒரு மெமரி கார்டைச் செருகவும்."},{"$i":"pluggedin-title","$v":"ஃபோன் பிளக்இன் செய்யப்பட்டுள்ள போது இசையைப் பயன்படுத்த முடியாது"},{"$i":"pluggedin-text","$v":"ஸ்டோரேஜ் தற்போது பயனில் உள்ளது. இந்த ஆப்-ஐ  பயன்படுத்த தயவுசெய்து ஃபோன்-ஐ அன்பிளக் செய்யவும்."},{"$i":"upgrade-title","$v":"டேட்டாபேஸ் அப்கிரேட்"},{"$i":"upgrade-text","$v":"இசை, அதன் டேட்டாபேஸ்-ஐ மேம்படுத்தும் வரை தயவுசெய்து காத்திருக்கவும்."},{"$i":"search-music","placeholder":"தேடு"},{"$i":"search-cancel","$v":"ரத்து செய்க"},{"$i":"search-artists","$v":"கலைஞர்கள்"},{"$i":"search-albums","$v":"ஆல்பங்கள்"},{"$i":"search-titles","$v":"ட்ராக்கள்"},{"$i":"search-close","$v":"மூடு"},{"$i":"search-no-result","$v":"டிராக் எதுவும் இல்லை."},{"$i":"artists-search-no-result","$v":"எந்த கலைஞர்களும் காணப்படவில்லை"},{"$i":"albums-search-no-result","$v":"ஆல்பங்கள் எதுவும் காணப்படவில்லை"},{"$i":"playlists-shuffle-all","$v":"எல்லாவற்றையும் ஷஃபிள் செய்க"},{"$i":"playlists-recently-added","$v":"சமீபத்தில் சேர்க்கப்பட்டவை"},{"$i":"playlists-most-played","$v":"அதிகம் இயக்கியவை"},{"$i":"playlists-discover","$v":"கண்டுபிடிக்கவும்"},{"$i":"no-played-songs","$v":"இன்னும் எந்த பாடல்களையும் நீங்கள் ப்ளே செய்யவில்லை."},{"$i":"no-recently-added","$v":"சமீபத்தில் புதிய பாடல்கள் எதுவும் சேர்க்கப்படவில்லை."},{"$i":"playlists-highest-rated","$v":"அதிகம் ரேட் செய்யப்பட்டது"},{"$i":"picker-title","$v":"ஒரு ட்ராக்கைத் தேர்ந்தெடு"},{"$i":"save","$v":"சேமி"},{"$i":"saved","$v":"இசை லைப்ரரி-இல் சேமிக்கப்பட்டது."},{"$i":"audioinvalid","$v":"ஆடியோவை இயக்க முடியாது: பார்மெட் ஆதரிக்கப்படவில்லை அல்லது ஃபைல் தவறானது"},{"$i":"overlay-cancel-button","$v":"ரத்து செய்க"},{"$i":"music-paused-notification","$v":"கால்-இன் போது இசை இடைநிறுத்தப்படும்"},{"$i":"done","$v":"முடிந்தது"},{"$i":"share-song","ariaLabel":"பகிர்"},{"$i":"player-album-rating","ariaLabel":"ரேட்ங்"},{"$i":"rating-star","ariaLabel":{"$x":[{"t":"idOrVar","v":"plural"},"n"],"$v":{"zero":[{"t":"idOrVar","v":"n"}," ஸ்டார்கள்"],"one":[{"t":"idOrVar","v":"n"}," ஸ்டார்"],"two":[{"t":"idOrVar","v":"n"}," ஸ்டார்கள்"],"few":[{"t":"idOrVar","v":"n"}," ஸ்டார்கள்"],"many":[{"t":"idOrVar","v":"n"}," ஸ்டார்கள்"],"other":[{"t":"idOrVar","v":"n"}," ஸ்டார்கள்"]}}},{"$i":"go-to-player-view","ariaLabel":"பிளேயர் வியூ-க்கு செல்க"},{"$i":"repeat-off","ariaLabel":"இதிலிருந்து ரெக்கார்ட் செய்க"},{"$i":"repeat-list","ariaLabel":"அனைத்தையும் மீண்டும் செய்க"},{"$i":"repeat-song","ariaLabel":"ட்ராக்கை மீண்டும் செய்க"},{"$i":"shuffle-toggle","ariaLabel":"ஷஃபிள்"},{"$i":"mix-tab","ariaLabel":"மிக்ஸ்"},{"$i":"playlists-tab","ariaLabel":"இசைப்பட்டியல்கள்"},{"$i":"artists-tab","ariaLabel":"கலைஞர்கள்"},{"$i":"albums-tab","ariaLabel":"ஆல்பங்கள்"},{"$i":"songs-tab","ariaLabel":"பாடல்கள்"},{"$i":"check","$v":"தேர்ந்தெடுக்கவும்"},{"$i":"remove-track","$v":"ட்ராக்கை நீக்கு"},{"$i":"remove-tracks","$v":"ட்ராக்குகளை நீக்கு"},{"$i":"cancel","$v":"ரத்து செய்க"},{"$i":"delete","$v":"நீக்கு"},{"$i":"song-num-checked","$v":{"zero":"0 தேர்ந்தெடுக்கப்பட்டது","one":[{"t":"idOrVar","v":"n"}," தேர்ந்தெடுக்கப்பட்டது"],"two":[{"t":"idOrVar","v":"n"}," தேர்ந்தெடுக்கப்பட்டது"],"few":[{"t":"idOrVar","v":"n"}," தேர்ந்தெடுக்கப்பட்டது"],"many":[{"t":"idOrVar","v":"n"}," தேர்ந்தெடுக்கப்பட்டது"],"other":[{"t":"idOrVar","v":"n"}," தேர்ந்தெடுக்கப்பட்டது"]},"$x":[{"t":"idOrVar","v":"plural"},"n"]},{"$i":"delete-playlist-songs","$v":{"zero":"ஒன்றும் தேர்வுசெய்யப்படவில்லை","one":"பிளேலிஸ்ட்டில் இருந்து தேர்ந்தெடுத்த ட்ராக்கை நீக்கவா?","two":["பிளேலிஸ்ட்டில் இருந்து ",{"t":"idOrVar","v":"n"}," ட்ராக்குகளை நீக்கவா?"],"few":["பிளேலிஸ்ட்டில் இருந்து ",{"t":"idOrVar","v":"n"}," ட்ராக்குகளை நீக்கவா?"],"many":["பிளேலிஸ்ட்டில் இருந்து ",{"t":"idOrVar","v":"n"}," ட்ராக்குகளை நீக்கவா?"],"other":["பிளேலிஸ்ட்டில் இருந்து ",{"t":"idOrVar","v":"n"}," ட்ராக்குகளை நீக்கவா?"]},"$x":[{"t":"idOrVar","v":"plural"},"n"]},{"$i":"delete-playlist-hint","$v":{"zero":"ஒன்றும் நீக்கப்படவில்லை","one":"பிளேலிஸ்டிலிருந்து ட்ராக் நீக்கப்பட்டது","two":["பிளேலிஸ்டிலிருந்து ",{"t":"idOrVar","v":"n"}," ட்ராக் நீக்கப்பட்டது"],"few":["பிளேலிஸ்டிலிருந்து ",{"t":"idOrVar","v":"n"}," ட்ராக் நீக்கப்பட்டது"],"many":["பிளேலிஸ்டிலிருந்து ",{"t":"idOrVar","v":"n"}," ட்ராக் நீக்கப்பட்டது"],"other":["பிளேலிஸ்டிலிருந்து ",{"t":"idOrVar","v":"n"}," ட்ராக் நீக்கப்பட்டது"]},"$x":[{"t":"idOrVar","v":"plural"},"n"]},{"$i":"delete-album-songs","$v":{"zero":"ஒன்றும் தேர்வுசெய்யப்படவில்லை","one":"தேர்ந்தெடுத்த ட்ராக்கை நீக்கவா?","two":[{"t":"idOrVar","v":"n"}," ட்ராக்குகளை நீக்கவா?"],"few":[{"t":"idOrVar","v":"n"}," ட்ராக்குகளை நீக்கவா?"],"many":[{"t":"idOrVar","v":"n"}," ட்ராக்குகளை நீக்கவா?"],"other":[{"t":"idOrVar","v":"n"}," ட்ராக்குகளை நீக்கவா?"]},"$x":[{"t":"idOrVar","v":"plural"},"n"]},{"$i":"delete-album-songs-hint","$v":{"zero":"ஒன்றும் நீக்கப்படவில்லை","one":"ட்ராக் நீக்கப்பட்டது","two":[{"t":"idOrVar","v":"n"}," ட்ராக் நீக்கப்பட்டது"],"few":[{"t":"idOrVar","v":"n"}," ட்ராக் நீக்கப்பட்டது"],"many":[{"t":"idOrVar","v":"n"}," ட்ராக் நீக்கப்பட்டது"],"other":[{"t":"idOrVar","v":"n"}," ட்ராக் நீக்கப்பட்டது"]},"$x":[{"t":"idOrVar","v":"plural"},"n"]},{"$i":"library","$v":"லைப்ரரி"},{"$i":"rate","$v":"ரேட்"},{"$i":"gridview","$v":"கிரிட் வியூ"},{"$i":"confirmation-title","$v":"உறுதிப்படுத்துதல்"},{"$i":"options","$v":"விருப்பங்கள்"},{"$i":"opt-player","$v":"பிளேயர்"},{"$i":"opt-delete","$v":"நீக்கு"},{"$i":"opt-mulselect","$v":"ஒன்றுக்கு மேற்பட்டதை தேர்ந்தெடு"},{"$i":"opt-selectall","$v":"அனைத்தையும் தேர்ந்தெடு"},{"$i":"opt-deselectall","$v":"அனைத்தையும் தேர்வுநீக்கு"},{"$i":"opt-cancel","$v":"ரத்து செய்க"},{"$i":"opt-library","$v":"லைப்ரரி"},{"$i":"opt-shuffleall","$v":"எல்லாவற்றையும் ஷஃபிள் செய்க"},{"$i":"opt-repeatall","$v":"அனைத்தையும் மீண்டும் செய்க"},{"$i":"opt-back","$v":"பின் செல்"},{"$i":"opt-done","$v":"முடிந்தது"},{"$i":"opt-ok","$v":"சரி"},{"$i":"opt-play","$v":"இயக்கு"},{"$i":"opt-pause","$v":"இடைநிறுத்து"},{"$i":"opt-setring","$v":"ரிங்டோனாக அமை"},{"$i":"opt-shuffleoff","$v":"ஷஃபிள் ஆஃப்"},{"$i":"opt-shuffleon","$v":"ஷஃபிள் ஆன்"},{"$i":"opt-repeatoff","$v":"இதிலிருந்து ரெக்கார்ட் செய்க"},{"$i":"opt-repeatone","$v":"ஒன்றை மீண்டும் செய்க"},{"$i":"opt-share","$v":"பகிர்"},{"$i":"byteUnit-B","$v":"பைட்"},{"$i":"byteUnit-KB","$v":"KB"},{"$i":"byteUnit-MB","$v":"MB"},{"$i":"byteUnit-GB","$v":"GB"},{"$i":"byteUnit-TB","$v":"TB"},{"$i":"byteUnit-PB","$v":"PB"},{"$i":"byteUnit-EB","$v":"EB"},{"$i":"byteUnit-ZB","$v":"ZB"},{"$i":"byteUnit-YB","$v":"YB"},{"$i":"opt-fileinfo","$v":"ஃபைல் தகவல்"},{"$i":"info-view","ariaLabel":"தகவல்"},{"$i":"name-label","$v":"பெயர்"},{"$i":"size-label","$v":"அளவு"},{"$i":"music-type-label","$v":"இசை வகை"},{"$i":"playlists-least-played","$v":"குறைவாக இயக்கியவை"},{"$i":"imageDescription","$v":[{"t":"idOrVar","v":"orientation"}," படம், %I:%M %p, %B %e, %Y"]},{"$i":"imageDescriptionNoTimestamp","$v":[{"t":"idOrVar","v":"orientation"}," படம்"]},{"$i":"videoDescription","$v":[{"t":"idOrVar","v":"orientation"}," வீடியோ, %I:%M %p, %B %e, %Y"]},{"$i":"videoDescriptionNoTimestamp","$v":[{"t":"idOrVar","v":"orientation"}," வீடியோ"]},{"$i":"orientationPortrait","$v":"போர்ட்ரேட்"},{"$i":"orientationLandscape","$v":"லேண்ட்ஸ்கேப்"},{"$i":"playbackPlay","ariaLabel":"இயக்கு"},{"$i":"playbackPause","ariaLabel":"இடைநிறுத்து"},{"$i":"playbackNext","ariaLabel":"அடுத்த"},{"$i":"playbackPrevious","ariaLabel":"முந்தையது"},{"$i":"playbackFullscreen","ariaLabel":"ஃபுல்ஸ்கிரீன்"},{"$i":"playbackSeekBar","ariaLabel":["சீக் பார், கால அளவு",{"t":"idOrVar","v":"duration"}]},{"$i":"softkey-options","$v":"விருப்பங்கள்"}]