[{"$i":"music","$v":"సంగీతం"},{"$i":"mix","$v":"మిక్స్"},{"$i":"playlists","$v":"ప్లేలిస్ట్"},{"$i":"artists","$v":"ఆర్టిస్టులు"},{"$i":"albums","$v":"ఆల్బమ్‌లు"},{"$i":"songs","$v":"పాటలు"},{"$i":"more","$v":"మరికొన్ని"},{"$i":"songName","$v":"పాట పేరు"},{"$i":"songArtist","$v":"పాట యొక్క ఆర్టిస్ట్"},{"$i":"songAlbum","$v":"పాట యొక్క ఆల్బమ్"},{"$i":"unknownArtist","$v":"తెలియని ఆర్టిస్టు"},{"$i":"unknownAlbum","$v":"తెలియని ఆల్బమ్"},{"$i":"unknownTitle","$v":"తెలియని శీర్షిక"},{"$i":"empty-title","$v":"ప్రారంభించడానికి పాటలను జోడించు"},{"$i":"empty-text","$v":"సంగీత లైబ్రరీ ఖాళీగా ఉంది. ప్రారంభించడం కోసం స్టోరేజ్‌కు పాటలను జోడించండి."},{"$i":"nocard2-title","$v":"మెమరీ కార్డ్ కనబడలేదు"},{"$i":"nocard3-text","$v":"మెమరీ కార్డు అందుబాటులో లేదు. ప్రారంభించడానికి మెమరీ కార్డు పెట్టండి."},{"$i":"pluggedin-title","$v":"ఫోన్‌ను ప్లగిన్ చేసినప్పుడు సంగీతం ఉపయోగించలేరు"},{"$i":"pluggedin-text","$v":"ప్రస్తుతం స్టోరేజ్ ఉపయోగంలో ఉంది. దయచేసి ఈ యాప్‌ను ఉపయోగించడానికి ఫోన్‌ను అన్‌ప్లగ్ చేయండి."},{"$i":"upgrade-title","$v":"డేటాబేస్ అప్‌గ్రేడ్"},{"$i":"upgrade-text","$v":"సంగీతం దాని డేటాబేస్‌ను అప్‌డేట్ చేస్తున్నప్పుడు దయచేసి వేచి ఉండండి"},{"$i":"search-music","placeholder":"శోధించు"},{"$i":"search-cancel","$v":"రద్దు చేయి"},{"$i":"search-artists","$v":"ఆర్టిస్టులు"},{"$i":"search-albums","$v":"ఆల్బమ్‌లు"},{"$i":"search-titles","$v":"ట్రాక్‌లు"},{"$i":"search-close","$v":"మూసివేయి"},{"$i":"search-no-result","$v":"ట్రాక్స్ ఏవీ కనుగొనబడలేదు."},{"$i":"artists-search-no-result","$v":"ఎటువంటి ఆర్టిస్టులు కనబడలేదు"},{"$i":"albums-search-no-result","$v":"ఎటువంటి ఆల్బమ్‌లు కనబడలేదు"},{"$i":"playlists-shuffle-all","$v":"అన్ని షఫుల్ చేయి"},{"$i":"playlists-recently-added","$v":"ఇటీవలే చేర్చబడింది"},{"$i":"playlists-most-played","$v":"ఎక్కువగా ప్లే చేసినది"},{"$i":"playlists-discover","$v":"కనుగొనడం"},{"$i":"no-played-songs","$v":"మీరు ఇంకా ఏ పాటలు ప్లే చేయలేదు."},{"$i":"no-recently-added","$v":"ఇటీవల కొత్త పాటలు ఏవీ జోడించబడలేదు."},{"$i":"playlists-highest-rated","$v":"అత్యధిక రేట్ కలిగినవి"},{"$i":"picker-title","$v":"ట్రాక్‌ని ఎంచుకోండి"},{"$i":"save","$v":"సేవ్ చేయి"},{"$i":"saved","$v":"మ్యూజిక్ లైబ్రరీకి సేవ్ చేయబడింది."},{"$i":"audioinvalid","$v":"ఆడియో ప్లే చేయబడదు: ఫార్మాట్ సపోర్ట్ చేయడం లేదు లేదా ఫైల్ చెల్లదు."},{"$i":"overlay-cancel-button","$v":"రద్దు చేయి"},{"$i":"music-paused-notification","$v":"కాల్‌లో ఉన్నప్పుడు సంగీతం పాజ్ చేయబడింది"},{"$i":"done","$v":"పూర్తయింది"},{"$i":"share-song","ariaLabel":"పంచుకోండి"},{"$i":"player-album-rating","ariaLabel":"రేటింగ్"},{"$i":"rating-star","ariaLabel":{"$x":[{"t":"idOrVar","v":"plural"},"n"],"$v":{"zero":[{"t":"idOrVar","v":"n"}," స్టార్‌లు"],"one":[{"t":"idOrVar","v":"n"}," స్టార్"],"two":[{"t":"idOrVar","v":"n"}," స్టార్‌లు"],"few":[{"t":"idOrVar","v":"n"}," స్టార్‌లు"],"many":[{"t":"idOrVar","v":"n"}," స్టార్‌లు"],"other":[{"t":"idOrVar","v":"n"}," స్టార్‌లు"]}}},{"$i":"go-to-player-view","ariaLabel":"ప్లేయర్ వ్యూకు వెళ్లు"},{"$i":"repeat-off","ariaLabel":"రిపీట్ ఆఫ్ చేయి"},{"$i":"repeat-list","ariaLabel":"అన్ని రిపీట్ చేయి"},{"$i":"repeat-song","ariaLabel":"ట్రాక్ రిపీట్ చేయి"},{"$i":"shuffle-toggle","ariaLabel":"షఫుల్"},{"$i":"mix-tab","ariaLabel":"మిక్స్"},{"$i":"playlists-tab","ariaLabel":"ప్లేలిస్ట్‌లు"},{"$i":"artists-tab","ariaLabel":"ఆర్టిస్టులు"},{"$i":"albums-tab","ariaLabel":"ఆల్బమ్‌లు"},{"$i":"songs-tab","ariaLabel":"పాటలు"},{"$i":"check","$v":"ఎంచుకోండి"},{"$i":"remove-track","$v":"ట్రాక్‌ను తొలగించాలా"},{"$i":"remove-tracks","$v":"ట్రాక్‌లను తొలగించాలా"},{"$i":"cancel","$v":"రద్దు చేయి"},{"$i":"delete","$v":"తొలగించు"},{"$i":"song-num-checked","$v":{"zero":"0 ఎంచుకోబడ్డాయి","one":[{"t":"idOrVar","v":"n"}," ఎంచుకోబడింది"],"two":[{"t":"idOrVar","v":"n"}," ఎంచుకోబడింది"],"few":[{"t":"idOrVar","v":"n"}," ఎంచుకోబడింది"],"many":[{"t":"idOrVar","v":"n"}," ఎంచుకోబడింది"],"other":[{"t":"idOrVar","v":"n"}," ఎంచుకోబడింది"]},"$x":[{"t":"idOrVar","v":"plural"},"n"]},{"$i":"delete-playlist-songs","$v":{"zero":"ఏదీ ఎంచుకోలేదు","one":"ప్లేలిస్ట్ నుండి ఎంచుకున్న ట్రాక్‌ను తొలగించాలా?","two":["ప్లేలిస్ట్ నుండి ",{"t":"idOrVar","v":"n"}," ట్రాక్‌లను తొలగించాలా?"],"few":["ప్లేలిస్ట్ నుండి ",{"t":"idOrVar","v":"n"}," ట్రాక్‌లను తొలగించాలా?"],"many":["ప్లేలిస్ట్ నుండి ",{"t":"idOrVar","v":"n"}," ట్రాక్‌లను తొలగించాలా?"],"other":["ప్లేలిస్ట్ నుండి ",{"t":"idOrVar","v":"n"}," ట్రాక్‌లను తొలగించాలా?"]},"$x":[{"t":"idOrVar","v":"plural"},"n"]},{"$i":"delete-playlist-hint","$v":{"zero":"ఏదీ తొలగించలేదు","one":"ప్లేలిస్ట్ నుండి ట్రాక్ తొలగించబడింది","two":["ప్లేలిస్ట్ నుండి ",{"t":"idOrVar","v":"n"}," ట్రాక్ తొలగించబడింది"],"few":["ప్లేలిస్ట్ నుండి ",{"t":"idOrVar","v":"n"}," ట్రాక్ తొలగించబడింది"],"many":["ప్లేలిస్ట్ నుండి ",{"t":"idOrVar","v":"n"}," ట్రాక్ తొలగించబడింది"],"other":["ప్లేలిస్ట్ నుండి ",{"t":"idOrVar","v":"n"}," ట్రాక్ తొలగించబడింది"]},"$x":[{"t":"idOrVar","v":"plural"},"n"]},{"$i":"delete-album-songs","$v":{"zero":"ఏదీ ఎంచుకోలేదు","one":"ఎంచుకున్న ట్రాక్‌ను తొలగించాలా?","two":[{"t":"idOrVar","v":"n"}," ట్రాక్‌లను తొలగించాలా?"],"few":[{"t":"idOrVar","v":"n"}," ట్రాక్‌లను తొలగించాలా?"],"many":[{"t":"idOrVar","v":"n"}," ట్రాక్‌లను తొలగించాలా?"],"other":[{"t":"idOrVar","v":"n"}," ట్రాక్‌లను తొలగించాలా?"]},"$x":[{"t":"idOrVar","v":"plural"},"n"]},{"$i":"delete-album-songs-hint","$v":{"zero":"ఏదీ తొలగించలేదు","one":"ట్రాక్ తొలగించబడింది","two":[{"t":"idOrVar","v":"n"}," ట్రాక్ తొలగించబడింది"],"few":[{"t":"idOrVar","v":"n"}," ట్రాక్ తొలగించబడింది"],"many":[{"t":"idOrVar","v":"n"}," ట్రాక్ తొలగించబడింది"],"other":[{"t":"idOrVar","v":"n"}," ట్రాక్ తొలగించబడింది"]},"$x":[{"t":"idOrVar","v":"plural"},"n"]},{"$i":"library","$v":"లైబ్రరీ"},{"$i":"rate","$v":"రేట్ చేయుము"},{"$i":"gridview","$v":"గ్రిడ్ వ్యూ"},{"$i":"confirmation-title","$v":"నిర్ధారణ"},{"$i":"options","$v":"ఎంపికలు"},{"$i":"opt-player","$v":"ప్లేయర్"},{"$i":"opt-delete","$v":"తొలగించు"},{"$i":"opt-mulselect","$v":"అనేకవాటిని ఎంచుకోండి"},{"$i":"opt-selectall","$v":"అన్నీ ఎంచుకోండి"},{"$i":"opt-deselectall","$v":"అన్నీ ఎంపికలను తీసివేయి"},{"$i":"opt-cancel","$v":"రద్దు చేయి"},{"$i":"opt-library","$v":"లైబ్రరీ"},{"$i":"opt-shuffleall","$v":"అన్ని షఫుల్ చేయి"},{"$i":"opt-repeatall","$v":"అన్ని రిపీట్ చేయి"},{"$i":"opt-back","$v":"వెనక్కి వెళ్లు"},{"$i":"opt-done","$v":"పూర్తయింది"},{"$i":"opt-ok","$v":"సరే"},{"$i":"opt-play","$v":"ప్లే చేయి"},{"$i":"opt-pause","$v":"పాజ్ చేయి"},{"$i":"opt-setring","$v":"రింగ్‌టోన్ వలె సెట్ చేయి"},{"$i":"opt-shuffleoff","$v":"షఫుల్ ఆఫ్‌లో ఉంది"},{"$i":"opt-shuffleon","$v":"షఫుల్ ఆన్‌లో ఉంది"},{"$i":"opt-repeatoff","$v":"రిపీట్ ఆఫ్ చేయి"},{"$i":"opt-repeatone","$v":"ఒకటి రిపీట్ చేయి"},{"$i":"opt-share","$v":"పంచుకోండి"},{"$i":"byteUnit-B","$v":"బైట్స్"},{"$i":"byteUnit-KB","$v":"KB"},{"$i":"byteUnit-MB","$v":"MB"},{"$i":"byteUnit-GB","$v":"GB"},{"$i":"byteUnit-TB","$v":"TB"},{"$i":"byteUnit-PB","$v":"PB"},{"$i":"byteUnit-EB","$v":"EB"},{"$i":"byteUnit-ZB","$v":"ZB"},{"$i":"byteUnit-YB","$v":"YB"},{"$i":"opt-fileinfo","$v":"ఫైల్ సమాచారం"},{"$i":"info-view","ariaLabel":"సమాచారం"},{"$i":"name-label","$v":"పేరు"},{"$i":"size-label","$v":"సైజు"},{"$i":"music-type-label","$v":"సంగీత రకం"},{"$i":"playlists-least-played","$v":"తక్కువగా ప్లే చేసినది"},{"$i":"imageDescription","$v":[{"t":"idOrVar","v":"orientation"}," చిత్రం, %I:%M %p, %B %e, %Y"]},{"$i":"imageDescriptionNoTimestamp","$v":[{"t":"idOrVar","v":"orientation"}," చిత్రం"]},{"$i":"videoDescription","$v":[{"t":"idOrVar","v":"orientation"}," వీడియో, %I:%M %p, %B %e, %Y"]},{"$i":"videoDescriptionNoTimestamp","$v":[{"t":"idOrVar","v":"orientation"}," వీడియో"]},{"$i":"orientationPortrait","$v":"పోర్ట్‌రైట్"},{"$i":"orientationLandscape","$v":"ల్యాండ్‌స్కేప్"},{"$i":"playbackPlay","ariaLabel":"ప్లే చేయి"},{"$i":"playbackPause","ariaLabel":"పాజ్ చేయి"},{"$i":"playbackNext","ariaLabel":"తదుపరి"},{"$i":"playbackPrevious","ariaLabel":"మునుపటి"},{"$i":"playbackFullscreen","ariaLabel":"పూర్తి స్క్రీన్"},{"$i":"playbackSeekBar","ariaLabel":["బార్‌ను వెతుకు, వ్యవధి ",{"t":"idOrVar","v":"duration"}]},{"$i":"softkey-options","$v":"ఎంపికలు"}]