[{"$i":"music","$v":"मिउजिक"},{"$i":"mix","$v":"गलाय-गथाय"},{"$i":"playlists","$v":"दामनाय फारिलाय"},{"$i":"artists","$v":"खनगिरिफोर"},{"$i":"albums","$v":"एलबामफोर"},{"$i":"songs","$v":"मेथायफोर"},{"$i":"more","$v":"बांसिन"},{"$i":"songName","$v":"मेथाइ मुं"},{"$i":"songArtist","$v":"मेथाइ आरटिस्ट"},{"$i":"songAlbum","$v":"मेथाइ एलबाम"},{"$i":"unknownArtist","$v":"सिनायमोनै देंखोगिरि"},{"$i":"unknownAlbum","$v":"सिनायमोनै एलबाम"},{"$i":"unknownTitle","$v":"सिनायमोनै बिमुं"},{"$i":"empty-title","$v":"जागायजेननो थाखाय मेथाइ दाजाब"},{"$i":"empty-text","$v":"देंखो दोन्थुमा लांदां देंखोखौ दाजाबदेर दोन्थुमखौ जागायनो थाखाय।"},{"$i":"nocard2-title","$v":"लाखिथुमग्रा मोनाखै"},{"$i":"nocard3-text","$v":"मेमरि कार्डआ उदायनाय नङा। जागायनो थाखाय मोनसे मेमरि कार्ड सो।"},{"$i":"pluggedin-title","$v":"देंखोखौ बाहायनो हानाय नङा जेब्ला फनआ मोब्लिब सरजाबनाय"},{"$i":"pluggedin-text","$v":"स्टरेजा दा बाहायजाबाय थादों । बे एपखौ बाहायनो अननानै फनखौ आपलाङ खालाम।"},{"$i":"upgrade-title","$v":"डेटाबेस आपग्रेड"},{"$i":"upgrade-text","$v":"जेब्ला देंखोनि डेताबेसखौ आफडेट खालामो अब्ला दसेसम अननानै नेथ’ ."},{"$i":"search-music","placeholder":"नागिर"},{"$i":"search-cancel","$v":"दान"},{"$i":"search-artists","$v":"खनगिरिफोर"},{"$i":"search-albums","$v":"एलबामफोर"},{"$i":"search-titles","$v":"ट्रेकफोर"},{"$i":"search-close","$v":"बन्द’ खालाम"},{"$i":"search-no-result","$v":"जेबो ट्रेक मोननाय जायाखै।"},{"$i":"artists-search-no-result","$v":"आरटिष्ट मोननाय जायाखै"},{"$i":"albums-search-no-result","$v":"एलबाम मोननाय जायाखै"},{"$i":"playlists-shuffle-all","$v":"साफल अल"},{"$i":"playlists-recently-added","$v":"बावयैसो सिगांयाव दाजाब जानाय"},{"$i":"playlists-most-played","$v":"फ्ले खालामखांनाय"},{"$i":"playlists-discover","$v":"दिहुननाय"},{"$i":"no-played-songs","$v":"दासिमबो नोंथाङा जेबो मेथाइ दामाखै।"},{"$i":"no-recently-added","$v":"बावैसो जेबो गोदान मेथाइ दाजाबदेरनाय जायाखै।"},{"$i":"playlists-highest-rated","$v":"बेसेन गोसासिन"},{"$i":"picker-title","$v":"दोंसे मेथाइ सायख'"},{"$i":"save","$v":"चेब खालाम"},{"$i":"saved","$v":"रिंगुदामसा बाख्रियाव सेफ जाबाय।"},{"$i":"audioinvalid","$v":"अडियखौ खुलिनो हाया: फरमेटा गोरोबाखै एबा फाइला इनभेलिड।"},{"$i":"overlay-cancel-button","$v":"दान"},{"$i":"music-paused-notification","$v":"कल खालामनाय समाव देंखोआ थादगोन"},{"$i":"done","$v":"मावफुंबाय"},{"$i":"share-song","ariaLabel":"चेयार खालाम"},{"$i":"player-album-rating","ariaLabel":"बेसेन होनाय"},{"$i":"rating-star","ariaLabel":{"$x":[{"t":"idOrVar","v":"plural"},"n"],"$v":{"zero":[{"t":"idOrVar","v":"n"}," हाथरखिफोर"],"one":[{"t":"idOrVar","v":"n"}," हाथरखि"],"two":[{"t":"idOrVar","v":"n"}," हाथरखिफोर"],"few":[{"t":"idOrVar","v":"n"}," हाथरखिफोर"],"many":[{"t":"idOrVar","v":"n"}," हाथरखिफोर"],"other":[{"t":"idOrVar","v":"n"}," हाथरखिफोर"]}}},{"$i":"go-to-player-view","ariaLabel":"प्लेयार भिवाव थां"},{"$i":"repeat-off","ariaLabel":"जाहोफिन अफ"},{"$i":"repeat-list","ariaLabel":"गासैखौबो जागायफिन"},{"$i":"repeat-song","ariaLabel":"ट्रेकखौ जाहोफिन"},{"$i":"shuffle-toggle","ariaLabel":"साफल"},{"$i":"mix-tab","ariaLabel":"गलाय-गथाय"},{"$i":"playlists-tab","ariaLabel":"प्ले लिष्ट"},{"$i":"artists-tab","ariaLabel":"खनगिरिफोर"},{"$i":"albums-tab","ariaLabel":"एलबामफोर"},{"$i":"songs-tab","ariaLabel":"मेथायफोर"},{"$i":"check","$v":"सायख'"},{"$i":"remove-track","$v":"ट्रेक्टखौ खोमोर"},{"$i":"remove-tracks","$v":"ट्रेक्टफोरखौ खोमोर"},{"$i":"cancel","$v":"दान"},{"$i":"delete","$v":"दान"},{"$i":"song-num-checked","$v":{"zero":"0 सायख'जाबाय","one":[{"t":"idOrVar","v":"n"}," सायखजाबाय"],"two":[{"t":"idOrVar","v":"n"}," सायखजाबाय"],"few":[{"t":"idOrVar","v":"n"}," सायखजाबाय"],"many":[{"t":"idOrVar","v":"n"}," सायखजाबाय"],"other":[{"t":"idOrVar","v":"n"}," सायखजाबाय"]},"$x":[{"t":"idOrVar","v":"plural"},"n"]},{"$i":"delete-playlist-songs","$v":{"zero":"सायखनाङा","one":"सायख'जानाय मेथाइखौ प्ले लिष्टनिफ्राय खोमोर ?","two":[{"t":"idOrVar","v":"n"}," मेथाइखौ प्ले लिष्टनिफ्राय खोमोर ?"],"few":[{"t":"idOrVar","v":"n"}," मेथाइखौ प्ले लिष्टनिफ्राय खोमोर ?"],"many":[{"t":"idOrVar","v":"n"}," मेथाइखौ प्ले लिष्टनिफ्राय खोमोर ?"],"other":[{"t":"idOrVar","v":"n"}," मेथाइखौ प्ले लिष्टनिफ्राय खोमोर ?"]},"$x":[{"t":"idOrVar","v":"plural"},"n"]},{"$i":"delete-playlist-hint","$v":{"zero":"दान्नाङा","one":"ट्रेकखौ दामनाय फारिनिफ्राय खोमोरबाय","two":[{"t":"idOrVar","v":"n"}," दामनाय फारिलाइनिफ्राय ट्रेकआ दानगारजाबाय"],"few":[{"t":"idOrVar","v":"n"}," दामनाय फारिलाइनिफ्राय ट्रेकआ दानगारजाबाय"],"many":[{"t":"idOrVar","v":"n"}," दामनाय फारिलाइनिफ्राय ट्रेकआ दानगारजाबाय"],"other":[{"t":"idOrVar","v":"n"}," दामनाय फारिलाइनिफ्राय ट्रेकआ दानगारजाबाय"]},"$x":[{"t":"idOrVar","v":"plural"},"n"]},{"$i":"delete-album-songs","$v":{"zero":"सायखनाङा","one":"सायख'जानाय मेथाइखौ खोमोर ?","two":[{"t":"idOrVar","v":"n"}," मेथाइखौ खोमोर ?"],"few":[{"t":"idOrVar","v":"n"}," मेथाइखौ खोमोर ?"],"many":[{"t":"idOrVar","v":"n"}," मेथाइखौ खोमोर ?"],"other":[{"t":"idOrVar","v":"n"}," मेथाइखौ खोमोर ?"]},"$x":[{"t":"idOrVar","v":"plural"},"n"]},{"$i":"delete-album-songs-hint","$v":{"zero":"दान्नाङा","one":"ट्रेकखौ खोमोरबाय","two":[{"t":"idOrVar","v":"n"}," ट्रेकआ दानगारजाबाय"],"few":[{"t":"idOrVar","v":"n"}," ट्रेकआ दानगारजाबाय"],"many":[{"t":"idOrVar","v":"n"}," ट्रेकआ दानगारजाबाय"],"other":[{"t":"idOrVar","v":"n"}," ट्रेकआ दानगारजाबाय"]},"$x":[{"t":"idOrVar","v":"plural"},"n"]},{"$i":"library","$v":"लाइब्रेरि"},{"$i":"rate","$v":"बेसेन"},{"$i":"gridview","$v":"ग्रिड भिउ"},{"$i":"confirmation-title","$v":"थि मिथिथाइ"},{"$i":"options","$v":"राहाफोर"},{"$i":"opt-player","$v":"दामग्रा"},{"$i":"opt-delete","$v":"दान"},{"$i":"opt-mulselect","$v":"गोबां सायख'"},{"$i":"opt-selectall","$v":"गासैखौबो सायख'"},{"$i":"opt-deselectall","$v":"गासैखौबो सायख'नाङा"},{"$i":"opt-cancel","$v":"दान"},{"$i":"opt-library","$v":"लाइब्रेरि"},{"$i":"opt-shuffleall","$v":"साफल अल"},{"$i":"opt-repeatall","$v":"गासैखौबो जागायफिन"},{"$i":"opt-back","$v":"उनफिन"},{"$i":"opt-done","$v":"मावफुंबाय"},{"$i":"opt-ok","$v":"जागोन"},{"$i":"opt-play","$v":"प्ले खालाम"},{"$i":"opt-pause","$v":"थाद'"},{"$i":"opt-setring","$v":"मोनसे रिंटन सेट खालाम"},{"$i":"opt-shuffleoff","$v":"साफल बन्द"},{"$i":"opt-shuffleon","$v":"साफल खुला"},{"$i":"opt-repeatoff","$v":"जाहोफिन अफ"},{"$i":"opt-repeatone","$v":"खेबसे जाहोफिन"},{"$i":"opt-share","$v":"चेयार खालाम"},{"$i":"byteUnit-B","$v":"बाइटस"},{"$i":"byteUnit-KB","$v":"KB"},{"$i":"byteUnit-MB","$v":"MB"},{"$i":"byteUnit-GB","$v":"GB"},{"$i":"byteUnit-TB","$v":"TB"},{"$i":"byteUnit-PB","$v":"PB"},{"$i":"byteUnit-EB","$v":"EB"},{"$i":"byteUnit-ZB","$v":"ZB"},{"$i":"byteUnit-YB","$v":"YB"},{"$i":"opt-fileinfo","$v":"फाइल इनफ"},{"$i":"info-view","ariaLabel":"इनफ"},{"$i":"name-label","$v":"मुं"},{"$i":"size-label","$v":"महर"},{"$i":"music-type-label","$v":"देंखो रोखोम"},{"$i":"playlists-least-played","$v":"एसेसिन गेलेबाय"},{"$i":"imageDescription","$v":[{"t":"idOrVar","v":"orientation"}," इमेज, %I:%M %p, %B %e, %Y"]},{"$i":"imageDescriptionNoTimestamp","$v":[{"t":"idOrVar","v":"orientation"}," इमेज"]},{"$i":"videoDescription","$v":[{"t":"idOrVar","v":"orientation"}," भिडिअ', %I:%M %p, %B %e, %Y"]},{"$i":"videoDescriptionNoTimestamp","$v":[{"t":"idOrVar","v":"orientation"}," भिडिअ'"]},{"$i":"orientationPortrait","$v":"फरट्रैट"},{"$i":"orientationLandscape","$v":"लेन्डस्केप"},{"$i":"playbackPlay","ariaLabel":"प्ले खालाम"},{"$i":"playbackPause","ariaLabel":"थाद'"},{"$i":"playbackNext","ariaLabel":"नेक्स खालाम"},{"$i":"playbackPrevious","ariaLabel":"सिगांनि"},{"$i":"playbackFullscreen","ariaLabel":"आबुं स्क्रिन"},{"$i":"playbackSeekBar","ariaLabel":["बारखौ नाय, सम ",{"t":"idOrVar","v":"duration"}]},{"$i":"softkey-options","$v":"राहाफोर"}]