[{"$i":"music","$v":"میوزک"},{"$i":"mix","$v":"مکس"},{"$i":"playlists","$v":"پلے فہرست"},{"$i":"artists","$v":"فنکاران"},{"$i":"albums","$v":"البمز"},{"$i":"songs","$v":"گانوں کے مطابق"},{"$i":"more","$v":"مزید"},{"$i":"songName","$v":"گانے کا نام"},{"$i":"songArtist","$v":"گانے کا فنکار"},{"$i":"songAlbum","$v":"گانے کا البم"},{"$i":"unknownArtist","$v":"نامعلوم فنکار"},{"$i":"unknownAlbum","$v":"نامعلوم البم"},{"$i":"unknownTitle","$v":"نامعلوم عنوان"},{"$i":"empty-title","$v":"شروع کرنے کیلئے گانے شامل کریں"},{"$i":"empty-text","$v":"میوزک لائبری خالی ہے۔ شروع کرنے کیلئے اسٹوریج میں گانے شامل کریں۔"},{"$i":"nocard2-title","$v":"کوئی میموری کارڈ نہیں ملا"},{"$i":"nocard3-text","$v":"میموری کارڈ دستیاب نہیں ہے۔ شروع کرنے کیلئے میوری کارڈ داخل کریں۔"},{"$i":"pluggedin-title","$v":"فون کے پلگ ان ہونے پر میوزک استعمال نہیں کی جاسکتی"},{"$i":"pluggedin-text","$v":"اسٹوریج فی الحال زیر استعمال ہے۔ براہ کرم اس ایپ کو استعمال کرنے کیلئے فون کو ان پلگ کریں۔"},{"$i":"upgrade-title","$v":"ڈیٹا بیس اپگریڈ"},{"$i":"upgrade-text","$v":"براہ کرم میوزک کے اپنے ڈیٹا بیس اپ ڈیٹ کرنے تک انتظار کریں۔"},{"$i":"search-music","placeholder":"تلاش"},{"$i":"search-cancel","$v":"منسوخ کریں"},{"$i":"search-artists","$v":"فنکاران"},{"$i":"search-albums","$v":"البمز"},{"$i":"search-titles","$v":"ٹریکس"},{"$i":"search-close","$v":"بند کریں"},{"$i":"search-no-result","$v":"کوئی بھی ٹریکس نہیں ملے"},{"$i":"artists-search-no-result","$v":"کوئی فنکار نہیں ملے"},{"$i":"albums-search-no-result","$v":"کوئی البمز نہیں ملے"},{"$i":"playlists-shuffle-all","$v":"تمام کو شفل کریں"},{"$i":"playlists-recently-added","$v":"حالیہ شامل کردہ"},{"$i":"playlists-most-played","$v":"زیادہ پلے کردہ"},{"$i":"playlists-discover","$v":"دریافت کریں"},{"$i":"no-played-songs","$v":"آپ نے ابھی تک کوئی گانے پلے نہیں کئے ہیں"},{"$i":"no-recently-added","$v":"حالیہ طور پر کوئی نئے گانے شامل نہیں کئے گئے"},{"$i":"playlists-highest-rated","$v":"اعلی ترین درجہ بند"},{"$i":"picker-title","$v":"ٹریک منتخب کریں"},{"$i":"save","$v":"محفوظ کریں"},{"$i":"saved","$v":"میوزک گیلری پر محفوظ کردیا گیا۔"},{"$i":"audioinvalid","$v":"آڈیو پلے نہیں کیا جاسکتا: فارمیٹ تائید یافتہ نہیں ہے یا فائل غیر مجاز ہے۔"},{"$i":"overlay-cancel-button","$v":"منسوخ کریں"},{"$i":"music-paused-notification","$v":"کال کے دوران میوزک موقوف ہوگئی"},{"$i":"done","$v":"ہو گیا"},{"$i":"share-song","ariaLabel":"اشتراک کریں"},{"$i":"player-album-rating","ariaLabel":"درجہ بندی"},{"$i":"rating-star","ariaLabel":{"$x":[{"t":"idOrVar","v":"plural"},"n"],"$v":{"zero":[{"t":"idOrVar","v":"n"}," اسٹارز"],"one":[{"t":"idOrVar","v":"n"}," اسٹار"],"two":[{"t":"idOrVar","v":"n"}," اسٹارز"],"few":[{"t":"idOrVar","v":"n"}," اسٹارز"],"many":[{"t":"idOrVar","v":"n"}," اسٹارز"],"other":[{"t":"idOrVar","v":"n"}," اسٹارز"]}}},{"$i":"go-to-player-view","ariaLabel":"پریئر منظر پر جائیں"},{"$i":"repeat-off","ariaLabel":"دوہرانا آف"},{"$i":"repeat-list","ariaLabel":"سبھی کو دہرائیں"},{"$i":"repeat-song","ariaLabel":"ٹریک دوہرائيں"},{"$i":"shuffle-toggle","ariaLabel":"شفل"},{"$i":"mix-tab","ariaLabel":"مکس"},{"$i":"playlists-tab","ariaLabel":"پلے فہرست"},{"$i":"artists-tab","ariaLabel":"فنکاران"},{"$i":"albums-tab","ariaLabel":"البمز"},{"$i":"songs-tab","ariaLabel":"گانوں کے مطابق"},{"$i":"check","$v":"منتخب کریں"},{"$i":"remove-track","$v":"ٹریک حذف کریں"},{"$i":"remove-tracks","$v":"ٹریکس حذف کریں"},{"$i":"cancel","$v":"منسوخ کریں"},{"$i":"delete","$v":"حذف کریں"},{"$i":"song-num-checked","$v":{"zero":"0 منتخب شدہ","one":[{"t":"idOrVar","v":"n"}," منتخب شدہ"],"two":[{"t":"idOrVar","v":"n"}," منتخب شدہ"],"few":[{"t":"idOrVar","v":"n"}," منتخب شدہ"],"many":[{"t":"idOrVar","v":"n"}," منتخب شدہ"],"other":[{"t":"idOrVar","v":"n"}," منتخب شدہ"]},"$x":[{"t":"idOrVar","v":"plural"},"n"]},{"$i":"delete-playlist-songs","$v":{"zero":"منتخب کچھ بھی نہیں","one":"پلے لسٹ سے منتخہ ٹریک حذف کریں؟","two":["پلے لسٹ سے ",{"t":"idOrVar","v":"n"}," ٹریکس حذف کریں؟"],"few":["پلے لسٹ سے ",{"t":"idOrVar","v":"n"}," ٹریکس حذف کریں؟"],"many":["پلے لسٹ سے ",{"t":"idOrVar","v":"n"}," ٹریکس حذف کریں؟"],"other":["پلے لسٹ سے ",{"t":"idOrVar","v":"n"}," ٹریکس حذف کریں؟"]},"$x":[{"t":"idOrVar","v":"plural"},"n"]},{"$i":"delete-playlist-hint","$v":{"zero":"کچھ بھی حذف نہیں کیا گیا","one":"پلے فہرست سے ٹریک حذف کردی گئی","two":["پلے فہرست سے ",{"t":"idOrVar","v":"n"}," ٹریک حذف کردی گئی"],"few":["پلے فہرست سے ",{"t":"idOrVar","v":"n"}," ٹریک حذف کردی گئی"],"many":["پلے فہرست سے ",{"t":"idOrVar","v":"n"}," ٹریک حذف کردی گئی"],"other":["پلے فہرست سے ",{"t":"idOrVar","v":"n"}," ٹریک حذف کردی گئی"]},"$x":[{"t":"idOrVar","v":"plural"},"n"]},{"$i":"delete-album-songs","$v":{"zero":"منتخب کچھ بھی نہیں","one":"منتخبہ ٹریک کو حذف کریں؟","two":[{"t":"idOrVar","v":"n"}," ٹریکس حذف کریں؟"],"few":[{"t":"idOrVar","v":"n"}," ٹریکس حذف کریں؟"],"many":[{"t":"idOrVar","v":"n"}," ٹریکس حذف کریں؟"],"other":[{"t":"idOrVar","v":"n"}," ٹریکس حذف کریں؟"]},"$x":[{"t":"idOrVar","v":"plural"},"n"]},{"$i":"delete-album-songs-hint","$v":{"zero":"کچھ بھی حذف نہیں کیا گیا","one":"ٹریک حذف کردی گئی","two":[{"t":"idOrVar","v":"n"}," ٹریک حذف کیے گئے"],"few":[{"t":"idOrVar","v":"n"}," ٹریک حذف کیے گئے"],"many":[{"t":"idOrVar","v":"n"}," ٹریک حذف کیے گئے"],"other":[{"t":"idOrVar","v":"n"}," ٹریک حذف کیے گئے"]},"$x":[{"t":"idOrVar","v":"plural"},"n"]},{"$i":"library","$v":"لائبریری"},{"$i":"rate","$v":"شرح"},{"$i":"gridview","$v":"جدول کا منظر"},{"$i":"confirmation-title","$v":"توثیق کاری"},{"$i":"options","$v":"اختیارات"},{"$i":"opt-player","$v":"پلیئر"},{"$i":"opt-delete","$v":"حذف کریں"},{"$i":"opt-mulselect","$v":"متعدد منتخب کریں"},{"$i":"opt-selectall","$v":"تمام منتخب کریں"},{"$i":"opt-deselectall","$v":"سبھی کو غیرمنتخب کریں"},{"$i":"opt-cancel","$v":"منسوخ کریں"},{"$i":"opt-library","$v":"لائبریری"},{"$i":"opt-shuffleall","$v":"تمام کو شفل کریں"},{"$i":"opt-repeatall","$v":"سبھی کو دہرائیں"},{"$i":"opt-back","$v":"واپس جائیں"},{"$i":"opt-done","$v":"ہو گیا"},{"$i":"opt-ok","$v":"ٹھیک ہے"},{"$i":"opt-play","$v":"چلائیں"},{"$i":"opt-pause","$v":"موقوف کریں"},{"$i":"opt-setring","$v":"رنگ ٹون کے طور پر سیٹ کریں"},{"$i":"opt-shuffleoff","$v":"شفل آف"},{"$i":"opt-shuffleon","$v":"شفل آن"},{"$i":"opt-repeatoff","$v":"دوہرانا آف"},{"$i":"opt-repeatone","$v":"ایک دوہرائيں"},{"$i":"opt-share","$v":"اشتراک کریں"},{"$i":"byteUnit-B","$v":"بائٹس"},{"$i":"byteUnit-KB","$v":"KB"},{"$i":"byteUnit-MB","$v":"MB"},{"$i":"byteUnit-GB","$v":"GB"},{"$i":"byteUnit-TB","$v":"TB"},{"$i":"byteUnit-PB","$v":"PB"},{"$i":"byteUnit-EB","$v":"EB"},{"$i":"byteUnit-ZB","$v":"ZB"},{"$i":"byteUnit-YB","$v":"YB"},{"$i":"opt-fileinfo","$v":"فائل کی معلومات"},{"$i":"info-view","ariaLabel":"معلومات"},{"$i":"name-label","$v":"نام"},{"$i":"size-label","$v":"سائز"},{"$i":"music-type-label","$v":"میوزک کی قسم"},{"$i":"playlists-least-played","$v":"کم پلے کردہ"},{"$i":"imageDescription","$v":[{"t":"idOrVar","v":"orientation"}," تصویر، %I:%M %p, %B %e, %Y"]},{"$i":"imageDescriptionNoTimestamp","$v":[{"t":"idOrVar","v":"orientation"}," تصویر"]},{"$i":"videoDescription","$v":[{"t":"idOrVar","v":"orientation"}," ویڈیو، %I:%M %p, %B %e, %Y"]},{"$i":"videoDescriptionNoTimestamp","$v":[{"t":"idOrVar","v":"orientation"}," ویڈیو"]},{"$i":"orientationPortrait","$v":"پورٹریٹ"},{"$i":"orientationLandscape","$v":"لینڈ سکیپ"},{"$i":"playbackPlay","ariaLabel":"چلائیں"},{"$i":"playbackPause","ariaLabel":"موقوف کریں"},{"$i":"playbackNext","ariaLabel":"اگلا"},{"$i":"playbackPrevious","ariaLabel":"گزشتہ"},{"$i":"playbackFullscreen","ariaLabel":"مکمل اسکرین"},{"$i":"playbackSeekBar","ariaLabel":["تلاش بار، دورانیہ ",{"t":"idOrVar","v":"duration"}]},{"$i":"softkey-options","$v":"اختیارات"}]