{
    "mood": [
        {
            "key": "1",
            "imgUrl": "expression_01",
            "name":"talk-to-me"
        },
        {
            "key": "2",
            "imgUrl": "expression_02",
            "name":"naughty"
        },
        {
            "key": "3",
            "imgUrl": "expression_03",
            "name":"busy"
        },
        {
            "key": "4",
            "imgUrl": "expression_04",
            "name":"excited"
        },
        {
            "key": "5",
            "imgUrl": "expression_05",
            "name":"pleased"
        },
        {
            "key": "6",
            "imgUrl": "expression_06",
            "name":"despair"
        },
        {
            "key": "7",
            "imgUrl": "expression_07",
            "name":"pitiful"
        },
        {
            "key": "8",
            "imgUrl": "expression_08",
            "name":"boring"
        },
        {
            "key": "9",
            "imgUrl": "expression_09",
            "name":"crazy"
        },
        {
            "key": "10",
            "imgUrl": "expression_10",
            "name":"tired"
        },
        {
            "key": "11",
            "imgUrl": "expression_11",
            "name":"angry"
        },
        {
            "key": "12",
            "imgUrl": "expression_12",
            "name":"sob"
        },
        {
            "key": "13",
            "imgUrl": "expression_13",
            "name":"proud"
        },
        {
            "key": "14",
            "imgUrl": "expression_14",
            "name":"sick"
        },
        {
            "key": "15",
            "imgUrl": "expression_15",
            "name":"shy"
        },
        {
            "key": "16",
            "imgUrl": "expression_16",
            "name":"chuckle"
        },
        {
            "key": "17",
            "imgUrl": "expression_17",
            "name":"boo"
        },
        {
            "key": "18",
            "imgUrl": "expression_18",
            "name":"struggle"
        },
        {
            "key": "19",
            "imgUrl": "expression_19",
            "name":"miss-you"
        },
        {
            "key": "20",
            "imgUrl": "expression_20",
            "name":"none"
        }
    ]
}