[{"$i":"label","$v":"লেবেল"},{"$i":"mobile","$v":"ম’বাইল"},{"$i":"home","$v":"হোম"},{"$i":"work","$v":"কৰ্ম"},{"$i":"personal","$v":"ব্যক্তিগত"},{"$i":"faxHome","$v":"হোমলৈ Fax কৰক"},{"$i":"faxOffice","$v":"কাৰ্য্যালয়লৈ Fax কৰক"},{"$i":"faxOther","$v":"আনক Fax কৰক"},{"$i":"another","$v":"অন্য"},{"$i":"other","$v":"অন্যান্য"},{"$i":"tcl-customTag","$v":"কাষ্টম টেগ"},{"$i":"customTag","$v":"কাষ্টম টেগ","placeholder":"কাষ্টম টেগ"},{"$i":"current","$v":"বৰ্তমান"},{"$i":"itemWithLabel","$v":[{"t":"idOrVar","v":"label"},", ",{"t":"idOrVar","v":"item"}]},{"$i":"error","$v":"ত্ৰুটি"},{"$i":"ok","$v":"ঠিক আছে"},{"$i":"cancel","$v":"বাতিল কৰক"},{"$i":"emergency-call-only","$v":"কেৱল আপাতকালীন কলসমূহ"},{"$i":"emergency-call-error","$v":[{"t":"idOrVar","v":"number"}," এটা আপাতকালীন নম্বৰ নহয় ৷"]},{"$i":"tcl-softkey-call","$v":"কল কৰক"},{"$i":"tcl-ice-list-call","$v":"কল কৰক"},{"$i":"emergency-call","$v":"আপাতকালীন"},{"$i":"phoneNumberInput","ariaLabel":"ফোন নম্বৰ"},{"$i":"keypadDelete","ariaLabel":"বিলোপ কৰক"},{"$i":"voiceMailKey","ariaLabel":"ভইচমেইল"},{"$i":"asterisk","ariaLabel":"এস্ট্ৰিক চিহ্ন"},{"$i":"hashSign","ariaLabel":"হেশ চাইন"},{"$i":"loadingSimContacts","$v":"চিম কাৰ্ডৰ কনটেক্টসমূহ লোড হৈ আছে…"},{"$i":"noContactsWereFound","$v":"কোনো কনটেক্ট বিচাৰি পোৱা নাছিল"},{"$i":"noContactsFoundDialogOk","$v":"ঠিক আছে"},{"$i":"emergencyNumber","$v":"আপাতকালীন নম্বৰ"},{"$i":"callAirplaneModeMessage","$v":"এটা কল কৰিবলৈ আপুনি ছেটিংছত এয়াৰপ্লেন মোড অক্ষম কৰিব লাগিব ৷"},{"$i":"callAirplaneModeBtnOk","$v":"ঠিক আছে"},{"$i":"callAirplaneModeTitle","$v":"এয়াৰপ্লেন মোড সক্ৰিয় কৰা হৈছে"},{"$i":"numberIsBusyTitle","$v":"নম্বৰ ব্যস্ত হৈ আছে"},{"$i":"numberIsBusyMessage","$v":"নম্বৰটো সম্প্ৰতি ব্যস্ত হৈ আছে ৷ অনুগ্ৰহ কৰি পিছত পুনৰ চেষ্টা কৰক।"},{"$i":"fdnIsActiveTitle","$v":"FDN সক্ৰিয়"},{"$i":"fdnIsActiveMessage","$v":["FDN (ফিক্সড ডায়েলিং নম্বৰসমূহ) সক্ৰিয় হৈছে আৰু নিম্নোক্ত নম্বৰটো আপোনাৰ FDN সূচীত নাই: ",{"t":"idOrVar","v":"number"}]},{"$i":"emergencyDialogBodyBadNumber","$v":"এটা কল কৰিবলৈ, ফোনটো এটা নেটৱৰ্কলৈ সংযোগ কৰিবই লাগিব ৷"},{"$i":"emergencyDialogBodyDeviceNotAccepted","$v":"নেটৱৰ্কৰ দ্বাৰা আপাতকালীন কলসমূহ অনুমোদিত নহয় ৷"},{"$i":"emergencyDialogBtnOk","$v":"ঠিক আছে"},{"$i":"emergencyDialogTitle","$v":"কোনো নেটৱৰ্ক সংযোগ নাই"},{"$i":"invalidNumberToDialTitle","$v":"অবৈধ ফোন নম্বৰ"},{"$i":"invalidNumberToDialMessage","$v":"আপুনি কল কৰা ফোন নম্বৰটো বৈধ নহয় ৷"},{"$i":"unableToCallTitle","$v":"এতিয়া এটা ফোন কল কৰিবলৈ অক্ষম"},{"$i":"unableToCallMessage","$v":"এটা কল কৰিব নোৱাৰে ৷ যদি আপুনি ইতিমধ্যে ডায়েল কৰি আছে, তেন্তে অনুগ্ৰহ কৰি ৰাখক৷"},{"$i":"otherConnectionInUseTitle","$v":"অন্য সংযোগ ব্যৱহাৰ হৈ আছে"},{"$i":"otherConnectionInUseMessage","$v":"আপোনাৰ অন্য সংযোগত এটা সক্ৰিয় কল আছে ৷ আপুনি এবাৰত কেৱল এটা সংযোগহে ব্যৱহাৰ কৰিব পাৰে ৷"},{"$i":"connectingEllipsis","$v":"সংযোগ হৈ আছে..."},{"$i":"gaia-menu-cancel","$v":"বাতিল কৰক"},{"$i":"gaia-sim-picker-dial-via-with-number","$v":[{"t":"idOrVar","v":"phoneNumber"}," ৰ মাধ্যমেৰে ডায়েল কৰক"]},{"$i":"gaia-sim-picker-select-sim","$v":"চিম বাছনি কৰক"},{"$i":"gaia-sim-picker-button","$v":["চিম",{"t":"idOrVar","v":"n"}]},{"$i":"gaia-sim-picker-button-default","$v":"(ডিফ’ল্ট)"}]