[{"$i":"label","$v":"লেবেল"},{"$i":"mobile","$v":"মোবাইল"},{"$i":"home","$v":"হোম"},{"$i":"work","$v":"ওয়ার্ক"},{"$i":"personal","$v":"ব্যক্তিগত"},{"$i":"faxHome","$v":"Fax হোম"},{"$i":"faxOffice","$v":"Fax অফিস"},{"$i":"faxOther","$v":"Fax অন্যান্য"},{"$i":"another","$v":"অন্য"},{"$i":"other","$v":"অন্যান্য"},{"$i":"tcl-customTag","$v":"কাস্টম ট্যাগ"},{"$i":"customTag","$v":"কাস্টম ট্যাগ","placeholder":"কাস্টম ট্যাগ"},{"$i":"current","$v":"বর্তমান"},{"$i":"itemWithLabel","$v":[{"t":"idOrVar","v":"label"},", ",{"t":"idOrVar","v":"item"}]},{"$i":"error","$v":"ত্রুটি"},{"$i":"ok","$v":"ঠিক আছে"},{"$i":"cancel","$v":"বাতিল করুন"},{"$i":"emergency-call-only","$v":"শুধুমাত্র জরুরি কল"},{"$i":"emergency-call-error","$v":[{"t":"idOrVar","v":"number"}," জরুরি নম্বর নয়।"]},{"$i":"tcl-softkey-call","$v":"কল"},{"$i":"tcl-ice-list-call","$v":"কল"},{"$i":"emergency-call","$v":"জরুরী"},{"$i":"phoneNumberInput","ariaLabel":"ফোন নম্বর"},{"$i":"keypadDelete","ariaLabel":"মুছুন"},{"$i":"voiceMailKey","ariaLabel":"ভয়েসমেল"},{"$i":"asterisk","ariaLabel":"আস্টেরিস্ক"},{"$i":"hashSign","ariaLabel":"হ্যাশ চিহ্ন"},{"$i":"loadingSimContacts","$v":"সিম কার্ডের পরিচিতিগুলি লোড করছে..."},{"$i":"noContactsWereFound","$v":"কোনো পরিচিতি খুঁজে পাওয়া যায় নি"},{"$i":"noContactsFoundDialogOk","$v":"ঠিক আছে"},{"$i":"emergencyNumber","$v":"জরুরী নম্বর"},{"$i":"callAirplaneModeMessage","$v":"ফোন করতে আপনাকে সেটিংসে এয়ারপ্লেন মোড অক্ষম করতে হবে।"},{"$i":"callAirplaneModeBtnOk","$v":"ঠিক আছে"},{"$i":"callAirplaneModeTitle","$v":"এয়ারপ্লেন মোড সক্রিয় করা হয়েছে"},{"$i":"numberIsBusyTitle","$v":"নম্বর ব্যস্ত আছে"},{"$i":"numberIsBusyMessage","$v":"নম্বরটি এখন ব্যস্ত আছে। পরে আবার চেষ্টা করুন।"},{"$i":"fdnIsActiveTitle","$v":"FDN সক্রিয় আছে"},{"$i":"fdnIsActiveMessage","$v":["FDN(ফিক্সড ডায়ালিং নম্বর) সক্রিয় করা হয়েছে এবং নিম্নলিখিত নম্বরটি আপনার FDN তালিকায় নেই: ",{"t":"idOrVar","v":"number"}]},{"$i":"emergencyDialogBodyBadNumber","$v":"ফোন করতে ফোন অবশ্যই নেটওয়ার্কের সঙ্গে ফোন সংযুক্ত থাকতে হবে।"},{"$i":"emergencyDialogBodyDeviceNotAccepted","$v":"জরুরি কলগুলি নেটওয়ার্ক দ্বারা অনুমোদিত নয়।"},{"$i":"emergencyDialogBtnOk","$v":"ঠিক আছে"},{"$i":"emergencyDialogTitle","$v":"নেটওয়ার্ক সংযোগ নেই"},{"$i":"invalidNumberToDialTitle","$v":"অবৈধ ফোন নম্বর"},{"$i":"invalidNumberToDialMessage","$v":"আপনি যে ফোন নম্বরে কল করছেন সেটি বৈধ নয়।"},{"$i":"unableToCallTitle","$v":"এখনই ফোন করতে অক্ষম"},{"$i":"unableToCallMessage","$v":"কোনো কল করা যাচ্ছে না। আপনি যদি ইতিমধ্যে ডায়াল করতে থাকেন, অনুগ্রহ করে প্রথমে নামিয়ে রাখুন।"},{"$i":"otherConnectionInUseTitle","$v":"অন্য সংযোগ ব্যবহার করা হচ্ছে"},{"$i":"otherConnectionInUseMessage","$v":"আপনি অন্য সংযোগে কল সক্রিয় করতে পারেন। আপনি একবারে একটি সংযোগ ব্যবহার করতে পারেন।"},{"$i":"connectingEllipsis","$v":"সংযুক্ত হচ্ছে..."},{"$i":"gaia-menu-cancel","$v":"বাতিল করুন"},{"$i":"gaia-sim-picker-dial-via-with-number","$v":[{"t":"idOrVar","v":"phoneNumber"},"-এর মাধ্যমে ডায়াল করুন"]},{"$i":"gaia-sim-picker-select-sim","$v":"সিম নির্বাচন করুন"},{"$i":"gaia-sim-picker-button","$v":["সিম",{"t":"idOrVar","v":"n"}]},{"$i":"gaia-sim-picker-button-default","$v":"(ডিফল্ট)"}]