[{"$i":"label","$v":"लेबल"},{"$i":"mobile","$v":"मोबाइल"},{"$i":"home","$v":"होम"},{"$i":"work","$v":"कारज"},{"$i":"personal","$v":"निजी"},{"$i":"faxHome","$v":"फैक्स होम"},{"$i":"faxOffice","$v":"फैक्स दफ्तर"},{"$i":"faxOther","$v":"फैक्स होर"},{"$i":"another","$v":"इक होर"},{"$i":"other","$v":"होर"},{"$i":"tcl-customTag","$v":"कस्टम टैग"},{"$i":"customTag","$v":"कस्टम टैग","placeholder":"कस्टम टैग"},{"$i":"current","$v":"मौजूदा"},{"$i":"itemWithLabel","$v":[{"t":"idOrVar","v":"label"},", ",{"t":"idOrVar","v":"item"}]},{"$i":"error","$v":"त्रुटि"},{"$i":"ok","$v":"ठीक ऐ"},{"$i":"cancel","$v":"रद्द करो"},{"$i":"emergency-call-only","$v":"सिर्फ अपातकाली कालां"},{"$i":"emergency-call-error","$v":[{"t":"idOrVar","v":"number"}," अपातकाली नंबर नेईं ऐ।"]},{"$i":"tcl-softkey-call","$v":"कॉल"},{"$i":"tcl-ice-list-call","$v":"कॉल"},{"$i":"emergency-call","$v":"अपातकाली"},{"$i":"phoneNumberInput","ariaLabel":"फोन नंबर"},{"$i":"keypadDelete","ariaLabel":"हटाना"},{"$i":"voiceMailKey","ariaLabel":"वॉयसमेल"},{"$i":"asterisk","ariaLabel":"तारांकन"},{"$i":"hashSign","ariaLabel":"हैश साइन"},{"$i":"loadingSimContacts","$v":"सिम कार्ड रावते लोड होआ करदे न ..."},{"$i":"noContactsWereFound","$v":"कोई रावते नेईं लब्भे"},{"$i":"noContactsFoundDialogOk","$v":"ठीक ऐ"},{"$i":"emergencyNumber","$v":"अपातकाली नंबर"},{"$i":"callAirplaneModeMessage","$v":"काल करने लेई तुसेंगी सेटिंगें च ब्हाई-ज्हाज मोड नकारा करना होग।"},{"$i":"callAirplaneModeBtnOk","$v":"ठीक ऐ"},{"$i":"callAirplaneModeTitle","$v":"ब्हाई ज्हाज मोड सक्रिय ऐ"},{"$i":"numberIsBusyTitle","$v":"नंबर मसरूफ ऐ"},{"$i":"numberIsBusyMessage","$v":"नंबर इसलै मसरूफ ऐ। मगरा परतियै कोशिश करो।"},{"$i":"fdnIsActiveTitle","$v":"FDN सक्रिय"},{"$i":"fdnIsActiveMessage","$v":["FDN (फिक्स्ड डायलिंग नंबर) सक्रिय ऐ ते एह् नंबर थुआढ़ी FDN सूची च नेईं ऐ: ",{"t":"idOrVar","v":"number"}]},{"$i":"emergencyDialogBodyBadNumber","$v":"काल करने लेई, फोन गी कुसै नेटवर्क कन्नै कनेक्ट होना चाहिदा।"},{"$i":"emergencyDialogBodyDeviceNotAccepted","$v":"नेटवर्क आसेआ अपातकाली कालें दी मंजूरी नेईं ऐ।"},{"$i":"emergencyDialogBtnOk","$v":"ठीक ऐ"},{"$i":"emergencyDialogTitle","$v":"नेटवर्क कनेक्शन नेईं ऐ"},{"$i":"invalidNumberToDialTitle","$v":"अमान्य फोन नंबर"},{"$i":"invalidNumberToDialMessage","$v":"थुआढ़े आसेआ काल कीता गेदा फोन नंबर मान्य नेईं ऐ।"},{"$i":"unableToCallTitle","$v":"हून फोन काल करने च असमर्थ"},{"$i":"unableToCallMessage","$v":"काल नेईं करी सकदे। जेकर तुस पैह्‌ले थमां गै डायल करै करदे ओ, तां किरपा करियै पैह्‌ले हैंग करो৷"},{"$i":"otherConnectionInUseTitle","$v":"बरतून च होर कनेक्शन"},{"$i":"otherConnectionInUseMessage","$v":"थुआढ़े कोल दूये कनेक्शन पर सक्रिय काल ऐ। तुस इक बेल्लै सिर्फ इक्कै कनेक्शन दी बरतून करी सकदे ओ।"},{"$i":"connectingEllipsis","$v":"जुड़ा’रदा ऐ..."},{"$i":"gaia-menu-cancel","$v":"रद्द करो"},{"$i":"gaia-sim-picker-dial-via-with-number","$v":[{"t":"idOrVar","v":"phoneNumber"}," राहें डायल करो"]},{"$i":"gaia-sim-picker-select-sim","$v":"SIM चुनो"},{"$i":"gaia-sim-picker-button","$v":["सिम",{"t":"idOrVar","v":"n"}]},{"$i":"gaia-sim-picker-button-default","$v":"(डिफाल्ट)"}]