[{"$i":"label","$v":"લેબલ"},{"$i":"mobile","$v":"મોબાઇલ"},{"$i":"home","$v":"ઘર"},{"$i":"work","$v":"વર્ક"},{"$i":"personal","$v":"વ્યક્તિગત"},{"$i":"faxHome","$v":"Fax  હોમ"},{"$i":"faxOffice","$v":"Fax  ઓફિસ"},{"$i":"faxOther","$v":"અન્ય Fax"},{"$i":"another","$v":"અન્ય"},{"$i":"other","$v":"અન્ય"},{"$i":"tcl-customTag","$v":"કસ્ટમ ટૅગ"},{"$i":"customTag","$v":"કસ્ટમ ટૅગ","placeholder":"કસ્ટમ ટૅગ"},{"$i":"current","$v":"વર્તમાન"},{"$i":"itemWithLabel","$v":[{"t":"idOrVar","v":"label"},", ",{"t":"idOrVar","v":"item"}]},{"$i":"error","$v":"ત્રુટિ"},{"$i":"ok","$v":"ઑકે"},{"$i":"cancel","$v":"રદ કરો"},{"$i":"emergency-call-only","$v":"ફક્ત આપાતકાલીન કોલ્સ"},{"$i":"emergency-call-error","$v":[{"t":"idOrVar","v":"number"}," એ એકઆપાતકાલીન નંબર નથી."]},{"$i":"tcl-softkey-call","$v":"કોલ કરો"},{"$i":"tcl-ice-list-call","$v":"કોલ કરો"},{"$i":"emergency-call","$v":"આપાતકાલીન"},{"$i":"phoneNumberInput","ariaLabel":"ફોન નંબર"},{"$i":"keypadDelete","ariaLabel":"કાઢો"},{"$i":"voiceMailKey","ariaLabel":"વૉઇસમેઇલ"},{"$i":"asterisk","ariaLabel":"એસ્ટ્રિક ચિહન"},{"$i":"hashSign","ariaLabel":"હૅશ ચિહ્ન"},{"$i":"loadingSimContacts","$v":"સિમ કાર્ડના સંપર્કો લોડ કરી રહ્યાં છે..."},{"$i":"noContactsWereFound","$v":"કોઈ સંપર્ક મળ્યાં નથી"},{"$i":"noContactsFoundDialogOk","$v":"ઑકે"},{"$i":"emergencyNumber","$v":"આપાતકાલીન નંબર"},{"$i":"callAirplaneModeMessage","$v":"કૉલ કરવા માટે તમને સેટિંગ્સમાં એરપ્લેન મોડ અક્ષમ કરવાની જરૂર છે."},{"$i":"callAirplaneModeBtnOk","$v":"ઑકે"},{"$i":"callAirplaneModeTitle","$v":"એરપ્લેન મોડ સક્રિય કરવામાં આવ્યો"},{"$i":"numberIsBusyTitle","$v":"નંબર વ્યસ્ત છે"},{"$i":"numberIsBusyMessage","$v":"નંબર હાલમાં વ્યસ્ત છે. કૃપા કરી ફરી પ્રયત્ન કરવા વિનંતી."},{"$i":"fdnIsActiveTitle","$v":"FDN સક્રિય"},{"$i":"fdnIsActiveMessage","$v":["FDN (ફિક્સ્ડ ડાયલિંગ નંબર) સક્રિય કરેલ છે અને નીચે આપેલ નંબર તમારી FDN લિસ્ટમાં નથી: ",{"t":"idOrVar","v":"number"}]},{"$i":"emergencyDialogBodyBadNumber","$v":"કૉલ કરવા માટે, ફોન નેટવર્ક સાથે કનેક્ટ કરેલો હોવો જોઈએ."},{"$i":"emergencyDialogBodyDeviceNotAccepted","$v":"આપાતકાલીન કૉલ્સ નેટવર્ક દ્વારા સ્વીકાર્ય નથી."},{"$i":"emergencyDialogBtnOk","$v":"ઑકે"},{"$i":"emergencyDialogTitle","$v":"કોઇ નેટવર્ક કનેક્શન નથી"},{"$i":"invalidNumberToDialTitle","$v":"અમાન્ય ફોન નંબર"},{"$i":"invalidNumberToDialMessage","$v":"જે ફોન નંબર પર તમે કૉલ કરી રહ્યાં છો તે માન્ય નથી."},{"$i":"unableToCallTitle","$v":"હાલમાં એક ફોન કૉલ કરવામાં અસમર્થ"},{"$i":"unableToCallMessage","$v":"કૉલ કરી શકાતો નથી. જો તમે પહેલાંથી જ ડાયલ કરતા હો તો, કૃપા કરી પહેલા મૂકી દો."},{"$i":"otherConnectionInUseTitle","$v":"અન્ય કનેક્શન ઉપયોગમાં છે"},{"$i":"otherConnectionInUseMessage","$v":"તમારી પાસે બીજા કનેક્શન પર એક સક્રિય કૉલ છે. તમે એક સમયે ફક્ત એક જ કનેક્શનનો ઉપયોગ કરી શકો છો."},{"$i":"connectingEllipsis","$v":"કનેક્ટ થઈ રહ્યું છે..."},{"$i":"gaia-menu-cancel","$v":"રદ કરો"},{"$i":"gaia-sim-picker-dial-via-with-number","$v":[{"t":"idOrVar","v":"phoneNumber"}," મારફતે ડાયલ કરો"]},{"$i":"gaia-sim-picker-select-sim","$v":"સિમ પસંદ કરો"},{"$i":"gaia-sim-picker-button","$v":["સિમ",{"t":"idOrVar","v":"n"}]},{"$i":"gaia-sim-picker-button-default","$v":"(ડિફૉલ્ટ)"}]