[{"$i":"label","$v":"लेबल"},{"$i":"mobile","$v":"मोबाइल"},{"$i":"home","$v":"होम"},{"$i":"work","$v":"वर्क"},{"$i":"personal","$v":"व्यक्तिगत"},{"$i":"faxHome","$v":"Fax होम"},{"$i":"faxOffice","$v":"Fax ऑफिस"},{"$i":"faxOther","$v":"अन्य Fax"},{"$i":"another","$v":"अन्य"},{"$i":"other","$v":"अन्य"},{"$i":"tcl-customTag","$v":"कस्टम टैग"},{"$i":"customTag","$v":"कस्टम टैग","placeholder":"कस्टम टैग"},{"$i":"current","$v":"वर्तमान में"},{"$i":"itemWithLabel","$v":[{"t":"idOrVar","v":"label"},", ",{"t":"idOrVar","v":"item"}]},{"$i":"error","$v":"त्रुटि"},{"$i":"ok","$v":"ठीक हैं"},{"$i":"cancel","$v":"रद्द करना"},{"$i":"emergency-call-only","$v":"केवल आपातकालीन कॉल"},{"$i":"emergency-call-error","$v":[{"t":"idOrVar","v":"number"}," आपातकालीन नंबर नहीं हैं।"]},{"$i":"tcl-softkey-call","$v":"कॉल करें"},{"$i":"tcl-ice-list-call","$v":"कॉल करें"},{"$i":"emergency-call","$v":"आपातकाल"},{"$i":"phoneNumberInput","ariaLabel":"फ़ोन नंबर"},{"$i":"keypadDelete","ariaLabel":"हटाएँ"},{"$i":"voiceMailKey","ariaLabel":"वॉयसमेल"},{"$i":"asterisk","ariaLabel":"एस्ट्रिक चिह्न"},{"$i":"hashSign","ariaLabel":"हैश चिह्न"},{"$i":"loadingSimContacts","$v":"सिम कार्ड संपर्क लोड हो रहे हैं..."},{"$i":"noContactsWereFound","$v":"कोई संपर्क नहीं मिले"},{"$i":"noContactsFoundDialogOk","$v":"ठीक हैं"},{"$i":"emergencyNumber","$v":"आपातकालीन नंबर"},{"$i":"callAirplaneModeMessage","$v":"कॉल करने के लिए आपको सेटिंगस में जाकर एयरप्लेन मोड को अक्षम करना होगा।"},{"$i":"callAirplaneModeBtnOk","$v":"ठीक हैं"},{"$i":"callAirplaneModeTitle","$v":"एयरप्लेन मोड सक्रिय किया गया"},{"$i":"numberIsBusyTitle","$v":"नंबर व्यस्त हैं"},{"$i":"numberIsBusyMessage","$v":"नंबर वर्तमान में व्यस्त हैं। कृपया पुनः प्रयास करें।"},{"$i":"fdnIsActiveTitle","$v":"FDN सक्रिय हैं"},{"$i":"fdnIsActiveMessage","$v":["FDN (फिक्स्ड डायलिंग नंबर) सक्रिय हैं और निम्न नंबर आपकी FDN लिस्ट में नहीं हैं: ",{"t":"idOrVar","v":"number"}]},{"$i":"emergencyDialogBodyBadNumber","$v":"कॉल करने के लिए, फ़ोन को किसी नेटवर्क से कनेक्ट करना चाहिए।"},{"$i":"emergencyDialogBodyDeviceNotAccepted","$v":"नेटवर्क द्वारा आपातकालीन कॉल की अनुमति नहीं हैं।"},{"$i":"emergencyDialogBtnOk","$v":"ठीक हैं"},{"$i":"emergencyDialogTitle","$v":"कोई नेटवर्क कनेक्शन नहीं हैं"},{"$i":"invalidNumberToDialTitle","$v":"अमान्य फ़ोन नंबर"},{"$i":"invalidNumberToDialMessage","$v":"आप जिस फ़ोन नंबर पर कॉल कर रहे हैं, वह मान्य नहीं हैं।"},{"$i":"unableToCallTitle","$v":"अभी फ़ोन कॉल करने में असमर्थ"},{"$i":"unableToCallMessage","$v":"कॉल नहीं की जा सकती। अगर आप पहले से डायल कर रहे हैं, तो कृपया पहले उसे रोक दें।"},{"$i":"otherConnectionInUseTitle","$v":"अन्य कनेक्शन उपयोग में हैं"},{"$i":"otherConnectionInUseMessage","$v":"आपके पास किसी अन्य कनेक्शन पर एक सक्रिय कॉल हैं। आप एक समय में केवल एक कनेक्शन का उपयोग कर सकते हैं।"},{"$i":"connectingEllipsis","$v":"कनेक्ट हो रहा हैं.."},{"$i":"gaia-menu-cancel","$v":"रद्द करना"},{"$i":"gaia-sim-picker-dial-via-with-number","$v":[{"t":"idOrVar","v":"phoneNumber"}," के ज़रिए डायल करें"]},{"$i":"gaia-sim-picker-select-sim","$v":"सिम को चुनें"},{"$i":"gaia-sim-picker-button","$v":["सिम",{"t":"idOrVar","v":"n"}]},{"$i":"gaia-sim-picker-button-default","$v":"(डिफ़ॉल्ट)"}]