[{"$i":"label","$v":"ಲೇಬಲ್"},{"$i":"mobile","$v":"ಮೊಬೈಲ್"},{"$i":"home","$v":"ಹೋಮ್"},{"$i":"work","$v":"ವರ್ಕ್"},{"$i":"personal","$v":"ವೈಯಕ್ತಿಕ"},{"$i":"faxHome","$v":"ಫ್ಯಾಕ್ಸ್ ಹೋಂ"},{"$i":"faxOffice","$v":"ಫ್ಯಾಕ್ಸ್ ಆಫೀಸ್"},{"$i":"faxOther","$v":"ಫ್ಯಾಕ್ಸ್ ಇತರೆ"},{"$i":"another","$v":"ಇನ್ನೊಂದು"},{"$i":"other","$v":"ಇತರೆ"},{"$i":"tcl-customTag","$v":"ಕಸ್ಟಮ್ ಟ್ಯಾಗ್"},{"$i":"customTag","$v":"ಕಸ್ಟಮ್ ಟ್ಯಾಗ್","placeholder":"ಕಸ್ಟಮ್ ಟ್ಯಾಗ್"},{"$i":"current","$v":"ಪ್ರಸ್ತುತದಲ್ಲಿ"},{"$i":"itemWithLabel","$v":[{"t":"idOrVar","v":"label"},", ",{"t":"idOrVar","v":"item"}]},{"$i":"error","$v":"ದೋಷ"},{"$i":"ok","$v":"ಸರಿ"},{"$i":"cancel","$v":"ರದ್ದು ಮಾಡಿ"},{"$i":"emergency-call-only","$v":"ತುರ್ತು ಕರೆಗಳು ಮಾತ್ರ"},{"$i":"emergency-call-error","$v":[{"t":"idOrVar","v":"number"}," ಇದು ತುರ್ತು ಸಂಖ್ಯೆಯಲ್ಲ."]},{"$i":"tcl-softkey-call","$v":"ಕಾಲ್ ಮಾಡಿ"},{"$i":"tcl-ice-list-call","$v":"ಕಾಲ್ ಮಾಡಿ"},{"$i":"emergency-call","$v":"ತುರ್ತು"},{"$i":"phoneNumberInput","ariaLabel":"ಫೋನ್ ಸಂಖ್ಯೆ"},{"$i":"keypadDelete","ariaLabel":"ಅಳಿಸಿ"},{"$i":"voiceMailKey","ariaLabel":"ಧ್ವನಿಮೇಲ್"},{"$i":"asterisk","ariaLabel":"ಆಸ್ಟ್ರಿಕ್ ಚಿಹ್ನೆ"},{"$i":"hashSign","ariaLabel":"ಹ್ಯಾಷ್ ಚಿನ್ಹೆ"},{"$i":"loadingSimContacts","$v":"ಸಿಮ್ ಕಾರ್ಡ್ ಸಂಪರ್ಕಗಳನ್ನು ಲೋಡ್ ಮಾಡಲಾಗುತ್ತಿದೆ...."},{"$i":"noContactsWereFound","$v":"ಯಾವುದೇ ಸಂಪರ್ಕಗಳು ಕಂಡುಬಂದಿಲ್ಲ"},{"$i":"noContactsFoundDialogOk","$v":"ಸರಿ"},{"$i":"emergencyNumber","$v":"ತುರ್ತು ಸಂಖ್ಯೆ"},{"$i":"callAirplaneModeMessage","$v":"ಕರೆ ಮಾಡಲು ನೀವು ಸೆಟ್ಟಿಂಗ್‌ಗಳಲ್ಲಿ ಏರ್‌ಪ್ಲೇನ್ ಮೋಡ್ ಅನ್ನು ನಿಷ್ಕ್ರಿಯಗೊಳಿಸಬೇಕು."},{"$i":"callAirplaneModeBtnOk","$v":"ಸರಿ"},{"$i":"callAirplaneModeTitle","$v":"ಏರ್‌‌ಪ್ಲೇನ್ ಮೋಡ್ ಸಕ್ರಿಯಗೊಳಿಸಲಾಗಿದೆ"},{"$i":"numberIsBusyTitle","$v":"ಸಂಖ್ಯೆ ಕಾರ್ಯನಿರತವಾಗಿದೆ"},{"$i":"numberIsBusyMessage","$v":"ಸಂಖ್ಯೆಯು ಪ್ರಸ್ತುತ ಕಾರ್ಯನಿರತವಾಗಿದೆ. ದಯವಿಟ್ಟು ಪುನಃ ಪ್ರಯತ್ನಿಸಿ."},{"$i":"fdnIsActiveTitle","$v":"FDN ಸಕ್ರಿಯವಾಗಿದೆ"},{"$i":"fdnIsActiveMessage","$v":["FDN (ಫಿಕ್ಸಡ್ ಡಯಲಿಂಗ್ ಸಂಖ್ಯೆಗಳು) ಸಕ್ರಿಯಗೊಳಿಸಲಾಗಿದೆ ಹಾಗೂ ಈ ಕೆಳಗಿನ ಸಂಖ್ಯೆ ನಿಮ್ಮ FDN ಪಟ್ಟಿಯಲ್ಲಿಲ್ಲ: ",{"t":"idOrVar","v":"number"}]},{"$i":"emergencyDialogBodyBadNumber","$v":"ಕರೆ ಮಾಡಲು, ಫೋನ್‌ ನೆಟ್‌ವರ್ಕ್‌ಗೆ ಸಂಪರ್ಕಗೊಂಡಿರಬೇಕು."},{"$i":"emergencyDialogBodyDeviceNotAccepted","$v":"ತುರ್ತು ಕರೆಗಳನ್ನು ನೆಟ್‌ವರ್ಕ್‌ ಅನುಮತಿಸಿಲ್ಲ."},{"$i":"emergencyDialogBtnOk","$v":"ಸರಿ"},{"$i":"emergencyDialogTitle","$v":"ಯಾವುದೇ ನೆಟ್‌ವರ್ಕ್ ಸಂಪರ್ಕವಿಲ್ಲ"},{"$i":"invalidNumberToDialTitle","$v":"ಅಮಾನ್ಯ ಫೋನ್ ಸಂಖ್ಯೆ"},{"$i":"invalidNumberToDialMessage","$v":"ನೀವು ಕರೆ ಮಾಡುತ್ತಿರುವ ಫೋನ್‌ ನಂಬರ್ ಮಾನ್ಯವಲ್ಲ."},{"$i":"unableToCallTitle","$v":"ಈಗ ಫೋನ್ ಕರೆ ಮಾಡಲು ಅಸಾಧ್ಯ"},{"$i":"unableToCallMessage","$v":"ಒಂದು ಕರೆಯನ್ನು ಮಾಡಲಾಗದು. ನೀವು ಈಗಾಗಲೇ ಡಯಲ್ ಮಾಡುತ್ತಿದ್ದಲ್ಲಿ, ದಯವಿಟ್ಟು ಮೊದಲು ಕರೆಯನ್ನು ಕೊನೆಗೊಳಿಸಿ."},{"$i":"otherConnectionInUseTitle","$v":"ಇತರ ಸಂಪರ್ಕಗಳು ಬಳಕೆಯಲ್ಲಿವೆ"},{"$i":"otherConnectionInUseMessage","$v":"ಇನ್ನೊಂದು ಸಂಪರ್ಕದಲ್ಲಿ ನೀವು ಸಕ್ರಿಯ ಕರೆ ಹೊಂದಿದ್ದೀರಿ. ಒಂದು ಬಾರಿ ನೀವು ಒಂದು ಸಂಪರ್ಕವನ್ನು ಮಾತ್ರ ಬಳಸಬಹುದು."},{"$i":"connectingEllipsis","$v":"ಕನೆಕ್ಟ್ ಆಗುತ್ತಿದೆ"},{"$i":"gaia-menu-cancel","$v":"ರದ್ದು ಮಾಡಿ"},{"$i":"gaia-sim-picker-dial-via-with-number","$v":[{"t":"idOrVar","v":"phoneNumber"}," ಮೂಲಕ ಡಯಲ್ ಮಾಡಿ"]},{"$i":"gaia-sim-picker-select-sim","$v":"ಸಿಮ್ ಆಯ್ಕೆ ಮಾಡಿ"},{"$i":"gaia-sim-picker-button","$v":["ಸಿಮ್",{"t":"idOrVar","v":"n"}]},{"$i":"gaia-sim-picker-button-default","$v":"(ಡಿಫಾಲ್ಟ್)"}]