[{"$i":"label","$v":"लेबल"},{"$i":"mobile","$v":"मोबायल"},{"$i":"home","$v":"घर"},{"$i":"work","$v":"काम"},{"$i":"personal","$v":"वैयक्तीक"},{"$i":"faxHome","$v":"फॅक्स घर"},{"$i":"faxOffice","$v":"फॅक्स कचेरी"},{"$i":"faxOther","$v":"फॅक्स हेर"},{"$i":"another","$v":"दुसरें"},{"$i":"other","$v":"हेर"},{"$i":"tcl-customTag","$v":"कस्टम टॅग"},{"$i":"customTag","$v":"कस्टम टॅग","placeholder":"कस्टम टॅग"},{"$i":"current","$v":"चालंत"},{"$i":"itemWithLabel","$v":[{"t":"idOrVar","v":"label"},", ",{"t":"idOrVar","v":"item"}]},{"$i":"error","$v":"त्रृटी"},{"$i":"ok","$v":"बरें आसा"},{"$i":"cancel","$v":"रद्द करचें"},{"$i":"emergency-call-only","$v":"फकत आपत्कालीन कॉल"},{"$i":"emergency-call-error","$v":[{"t":"idOrVar","v":"number"}," हो आपात्काळ नंबर न्हय."]},{"$i":"tcl-softkey-call","$v":"कॉल"},{"$i":"tcl-ice-list-call","$v":"कॉल"},{"$i":"emergency-call","$v":"आपत्कालीन"},{"$i":"phoneNumberInput","ariaLabel":"फोन नंबर"},{"$i":"keypadDelete","ariaLabel":"पुसून उडयात"},{"$i":"voiceMailKey","ariaLabel":"व्हॉयसमेल"},{"$i":"asterisk","ariaLabel":"फुली"},{"$i":"hashSign","ariaLabel":"हॅश चिन्न"},{"$i":"loadingSimContacts","$v":"SIM कार्ड संपर्क लोड जातात..."},{"$i":"noContactsWereFound","$v":"संपर्क मेळ्ळे ना"},{"$i":"noContactsFoundDialogOk","$v":"बरें आसा"},{"$i":"emergencyNumber","$v":"आपतकाल नंबर"},{"$i":"callAirplaneModeMessage","$v":"कॉल करूंक तुमी मांडावळीत विमान मोड निश्क्रीय करूंक जाय"},{"$i":"callAirplaneModeBtnOk","$v":"बरें आसा"},{"$i":"callAirplaneModeTitle","$v":"विमान मोड क्रियाशील केला"},{"$i":"numberIsBusyTitle","$v":"नंबर व्यस्त आसा"},{"$i":"numberIsBusyMessage","$v":"नंबर सद्या व्यस्त आसा. उपकार करून मागीर परत यत्न करचो."},{"$i":"fdnIsActiveTitle","$v":"FDN क्रियाशील"},{"$i":"fdnIsActiveMessage","$v":["FDN (स्थिर डायलींग नंबर) क्रियाशील केल्लो आसा आनी मुखावयलो नंबर FDN सुचयेंत ना: ",{"t":"idOrVar","v":"number"}]},{"$i":"emergencyDialogBodyBadNumber","$v":"कॉल करूंक, फोन नॅटवर्क कडेन कनॅक्ट करूंक जाय"},{"$i":"emergencyDialogBodyDeviceNotAccepted","$v":"नॅटवर्क ववीं आपात्काळ कॉलांक मान्यताय आसची ना."},{"$i":"emergencyDialogBtnOk","$v":"बरें आसा"},{"$i":"emergencyDialogTitle","$v":"नॅटवर्क जोडणी ना"},{"$i":"invalidNumberToDialTitle","$v":"अवैध फोन नंबर"},{"$i":"invalidNumberToDialMessage","$v":"तुमी कॉल करतात तो फोन नंबर वैध ना"},{"$i":"unableToCallTitle","$v":"आतां फोन कॉल करूंक असमर्थ"},{"$i":"unableToCallMessage","$v":"कॉल करूंक शकना. तुमी आदींच डायल करतात जाल्यार, उपकार करून पयलीं हँग अप करचें."},{"$i":"otherConnectionInUseTitle","$v":"वापरांत हेर कनॅक्शन आसा"},{"$i":"otherConnectionInUseMessage","$v":"वेगळ्या कनॅक्शनाचेर तुमचे कडेन सक्रीय कॉल आसा. तुमी एके वेळार एकूच कनॅक्शन वापरूंक शकतात."},{"$i":"connectingEllipsis","$v":"कनॅक्ट करता..."},{"$i":"gaia-menu-cancel","$v":"रद्द करचें"},{"$i":"gaia-sim-picker-dial-via-with-number","$v":["हाचे वरवीं ",{"t":"idOrVar","v":"phoneNumber"}," डायल"]},{"$i":"gaia-sim-picker-select-sim","$v":"SIM वेंचात"},{"$i":"gaia-sim-picker-button","$v":["SIM",{"t":"idOrVar","v":"n"}]},{"$i":"gaia-sim-picker-button-default","$v":"(डिफॉल्ट)"}]