[{"$i":"label","$v":"لیبل"},{"$i":"mobile","$v":"موبائل"},{"$i":"home","$v":"گھر"},{"$i":"work","$v":"کیم"},{"$i":"personal","$v":"ذٲتی"},{"$i":"faxHome","$v":"فیکس ھوم"},{"$i":"faxOffice","$v":"فیکس دفتر"},{"$i":"faxOther","$v":"فیکس بٲقی"},{"$i":"another","$v":"بدل اکھ"},{"$i":"other","$v":"بدل"},{"$i":"tcl-customTag","$v":"کسٹم ٹیگ"},{"$i":"customTag","$v":"کسٹم ٹیگ","placeholder":"کسٹم ٹیگ"},{"$i":"current","$v":"حالیہ"},{"$i":"itemWithLabel","$v":[{"t":"idOrVar","v":"label"},", ",{"t":"idOrVar","v":"item"}]},{"$i":"error","$v":"سھو"},{"$i":"ok","$v":"ٹھیک"},{"$i":"cancel","$v":"رد کر"},{"$i":"emergency-call-only","$v":"صرف امرجنسی کال"},{"$i":"emergency-call-error","$v":["چھِ نِہ اکھ ھنگٲمی نمبر ",{"t":"idOrVar","v":"number"}]},{"$i":"tcl-softkey-call","$v":"کال"},{"$i":"tcl-ice-list-call","$v":"کال"},{"$i":"emergency-call","$v":"ھنگٲمی"},{"$i":"phoneNumberInput","ariaLabel":"فون نمبر"},{"$i":"keypadDelete","ariaLabel":"خٲرج"},{"$i":"voiceMailKey","ariaLabel":"وائس میل"},{"$i":"asterisk","ariaLabel":"ایسٹرسک"},{"$i":"hashSign","ariaLabel":"ہیش نشان"},{"$i":"loadingSimContacts","$v":"کاڈ رٲبطہ۔۔۔ سِم لوڈ کران"},{"$i":"noContactsWereFound","$v":"کاہ رٲبطہ لوب نِہ"},{"$i":"noContactsFoundDialogOk","$v":"ٹھیک"},{"$i":"emergencyNumber","$v":"امرجنسی نمبر"},{"$i":"callAirplaneModeMessage","$v":"کال کرنِہ خٲطر چھِ توہ ضورتھ سیٹنگس منز ایرپلین انداز ناکار کرُن"},{"$i":"callAirplaneModeBtnOk","$v":"ٹھیک"},{"$i":"callAirplaneModeTitle","$v":"ایر پلین انداز چالو"},{"$i":"numberIsBusyTitle","$v":"نمبر چھِ آوُر"},{"$i":"numberIsBusyMessage","$v":"نمبر چھِ فی الحال آوُر۔ مہربٲنی کریتھ کریو پتِہ پہن کوشش۔"},{"$i":"fdnIsActiveTitle","$v":"چالو FDN"},{"$i":"fdnIsActiveMessage","$v":[":فہرست منز ایف ڈی این فیکسڈ ڈائلنگ نمبر چھِ چالو تِہ یِہ ذیل نمبر چھِ نِہ تہندیس ایف ڈی این ",{"t":"idOrVar","v":"number"}]},{"$i":"emergencyDialogBodyBadNumber","$v":"کال کرنِہ خٲطر، فون گژھ آسُن جوڑیتھ نیٹورکس سیتھ"},{"$i":"emergencyDialogBodyDeviceNotAccepted","$v":"ھنگٲمی کال چھِ نِہ نیٹورک سیتھ اجازت تھاوان۔"},{"$i":"emergencyDialogBtnOk","$v":"ٹھیک"},{"$i":"emergencyDialogTitle","$v":"کاہ نیٹورک کنکشن چھِ نِہ"},{"$i":"invalidNumberToDialTitle","$v":"غیر درست فون نمبر"},{"$i":"invalidNumberToDialMessage","$v":"فون نمبر یتھ توہ کال چھو کران چھِ نِہ درست"},{"$i":"unableToCallTitle","$v":"ناکام وین اکھ کال کرنس"},{"$i":"unableToCallMessage","$v":"ھیکِہ نِہ اکھ کال کریتھ اگر توہ گوڈاے چھو ڈائل کران، مہربٲنی کریتھ کریو گوڈِ بند"},{"$i":"otherConnectionInUseTitle","$v":"بدل کنکشن چھِ استعمالس منز"},{"$i":"otherConnectionInUseMessage","$v":"توہ چھِ اکھ ایکٹیو کال بدل کنکشنس پیٹھ۔ توہ ھیکو صرف اکھ کنکشن اکِہ وقتہ استعمال کریتھ"},{"$i":"connectingEllipsis","$v":"جوڑان"},{"$i":"gaia-menu-cancel","$v":"رد کر"},{"$i":"gaia-sim-picker-dial-via-with-number","$v":["بذریعہ ",{"t":"idOrVar","v":"phoneNumber"}," ڈائل"]},{"$i":"gaia-sim-picker-select-sim","$v":"چُنیو SIM"},{"$i":"gaia-sim-picker-button","$v":["سِم",{"t":"idOrVar","v":"n"}]},{"$i":"gaia-sim-picker-button-default","$v":"﴾ڈِفالٹ﴿"}]