[{"$i":"label","$v":"लेबल"},{"$i":"mobile","$v":"मोबाइल"},{"$i":"home","$v":"होम"},{"$i":"work","$v":"कार्य"},{"$i":"personal","$v":"निजी"},{"$i":"faxHome","$v":"फैक्स होम"},{"$i":"faxOffice","$v":"फैक्स ऑफिस"},{"$i":"faxOther","$v":"fax अदर"},{"$i":"another","$v":"दोसर"},{"$i":"other","$v":"आन"},{"$i":"tcl-customTag","$v":"कस्टम टैग"},{"$i":"customTag","$v":"कस्टम टैग","placeholder":"कस्टम टैग"},{"$i":"current","$v":"करंट"},{"$i":"itemWithLabel","$v":[{"t":"idOrVar","v":"label"},", ",{"t":"idOrVar","v":"item"}]},{"$i":"error","$v":"त्रुटि"},{"$i":"ok","$v":"ओके"},{"$i":"cancel","$v":"रद्द करू"},{"$i":"emergency-call-only","$v":"केवल आपातकालीन कॉल"},{"$i":"emergency-call-error","$v":[{"t":"idOrVar","v":"number"}," आपातकालीन नंबर नै छै."]},{"$i":"tcl-softkey-call","$v":"कॉल"},{"$i":"tcl-ice-list-call","$v":"कॉल"},{"$i":"emergency-call","$v":"आपात"},{"$i":"phoneNumberInput","ariaLabel":"फ़ोन नंबर"},{"$i":"keypadDelete","ariaLabel":"मिटाउ"},{"$i":"voiceMailKey","ariaLabel":"वाय्समेल"},{"$i":"asterisk","ariaLabel":"एस्टरिस्क"},{"$i":"hashSign","ariaLabel":"हॅश साइन"},{"$i":"loadingSimContacts","$v":"सिम कार्ड कांटेक्ट लोड भ रहल छै"},{"$i":"noContactsWereFound","$v":"कोनो कांटेक्ट नै पैल गेल"},{"$i":"noContactsFoundDialogOk","$v":"ओके"},{"$i":"emergencyNumber","$v":"आपातकालीन नंबर"},{"$i":"callAirplaneModeMessage","$v":"कॉल करेई लेल आहां क एयरप्लेन मोड निष्क्रिय करअ परत."},{"$i":"callAirplaneModeBtnOk","$v":"ओके"},{"$i":"callAirplaneModeTitle","$v":"एयरप्लेन मोड सक्रिय"},{"$i":"numberIsBusyTitle","$v":"नंबर व्यस्त छै"},{"$i":"numberIsBusyMessage","$v":"नंबर व्यस्त छै दुबारा स कोसिस करू बाद में."},{"$i":"fdnIsActiveTitle","$v":"FDN सक्रिय"},{"$i":"fdnIsActiveMessage","$v":["एफडीएन (फिक्स्ड डायलइंग नंबर्स ) सक्रिय अछि आ निम्न नंबर अहॉंक एफडीएन सूची मे नहि अछि ",{"t":"idOrVar","v":"number"}]},{"$i":"emergencyDialogBodyBadNumber","$v":"कॉल करेई लेल फ़ोन नेटवर्क सने कनेक्टेड रहबाक चाहि."},{"$i":"emergencyDialogBodyDeviceNotAccepted","$v":"नेटवर्क द्वारा इमरजेंसी कॉल करई क अनुमति नै छै."},{"$i":"emergencyDialogBtnOk","$v":"ओके"},{"$i":"emergencyDialogTitle","$v":"कुनू नेटवर्क कनेक्‍शन नाहिं"},{"$i":"invalidNumberToDialTitle","$v":"अमान्य फ़ोन नंबर"},{"$i":"invalidNumberToDialMessage","$v":"जे फ़ोन नंबर पर आहां कॉल करेई छियेइ से मान्य नै छै."},{"$i":"unableToCallTitle","$v":"एखन फोन कॉल नहि भ सकैत अछि"},{"$i":"unableToCallMessage","$v":"कॉल नहि कएल जा सकैत अछि. अगर अहॉं डायल क रहल छी त पहिने हैंग अप करू."},{"$i":"otherConnectionInUseTitle","$v":"दोसर कनेक्शन प्रयोग में छै"},{"$i":"otherConnectionInUseMessage","$v":"दोसर कनेक्शन पर एकटा सक्रिय कॉल छै एक बेर में एक्के टा कनेक्शन आहां प्रयोग क सकैई छियै."},{"$i":"connectingEllipsis","$v":"कनेक्ट क रहल अछि"},{"$i":"gaia-menu-cancel","$v":"रद्द करू"},{"$i":"gaia-sim-picker-dial-via-with-number","$v":["डायल ",{"t":"idOrVar","v":"phonenumber"}," वाया"]},{"$i":"gaia-sim-picker-select-sim","$v":"सिम केर चयन करू"},{"$i":"gaia-sim-picker-button","$v":["सिम",{"t":"idOrVar","v":"n"}]},{"$i":"gaia-sim-picker-button-default","$v":"( डिफ़ॉल्ट)"}]