[{"$i":"label","$v":"ലേബൽ"},{"$i":"mobile","$v":"മൊബൈൽ"},{"$i":"home","$v":"ഹോം"},{"$i":"work","$v":"വര്‍ക്ക്"},{"$i":"personal","$v":"വ്യക്തിഗതം"},{"$i":"faxHome","$v":"Fax ഹോം"},{"$i":"faxOffice","$v":"Fax ഓഫീസ്"},{"$i":"faxOther","$v":"Fax അദര്‍"},{"$i":"another","$v":"മറ്റുള്ളത്"},{"$i":"other","$v":"മറ്റുള്ളവ"},{"$i":"tcl-customTag","$v":"ഇഷ്ടാനുസൃത ടാഗ്"},{"$i":"customTag","$v":"ഇഷ്ടാനുസൃത ടാഗ്","placeholder":"ഇഷ്ടാനുസൃത ടാഗ്"},{"$i":"current","$v":"നിലവിൽ"},{"$i":"itemWithLabel","$v":[{"t":"idOrVar","v":"label"},", ",{"t":"idOrVar","v":"item"}]},{"$i":"error","$v":"പിശക്"},{"$i":"ok","$v":"ശരി"},{"$i":"cancel","$v":"റദ്ദാക്കുക"},{"$i":"emergency-call-only","$v":"അടിയന്തര കോളുകൾ മാത്രം"},{"$i":"emergency-call-error","$v":[{"t":"idOrVar","v":"number"}," ഒരു അടിയന്തിര നമ്പർ അല്ല."]},{"$i":"tcl-softkey-call","$v":"വിളിക്കുക"},{"$i":"tcl-ice-list-call","$v":"വിളിക്കുക"},{"$i":"emergency-call","$v":"അടിയന്തിരാവസ്ഥ"},{"$i":"phoneNumberInput","ariaLabel":"ഫോൺ നമ്പർ"},{"$i":"keypadDelete","ariaLabel":"ഇല്ലാതാക്കുക"},{"$i":"voiceMailKey","ariaLabel":"വോയ്സ്മെയില്‍"},{"$i":"asterisk","ariaLabel":"ഏസ്ട്രിക് ചിഹ്നം"},{"$i":"hashSign","ariaLabel":"ഹാഷ് ചിഹ്നം"},{"$i":"loadingSimContacts","$v":"സിം കാർഡ് കോൺടാക്റ്റുകൾ ലോഡുചെയ്യുന്നു..."},{"$i":"noContactsWereFound","$v":"കോൺടാക്റ്റുകളൊന്നും കണ്ടെത്തിയില്ല"},{"$i":"noContactsFoundDialogOk","$v":"ശരി"},{"$i":"emergencyNumber","$v":"അടിയന്തര നമ്പർ"},{"$i":"callAirplaneModeMessage","$v":"കോൾ ചെയ്യുന്നതിന് നിങ്ങൾ സെറ്റിംഗ്സില്‍  എയര്‍പ്ലൈന്‍ മോഡ്  പ്രവർത്തനരഹിതമാക്കേണ്ടതുണ്ട്."},{"$i":"callAirplaneModeBtnOk","$v":"ശരി"},{"$i":"callAirplaneModeTitle","$v":"എയര്‍പ്ലൈന്‍ മോഡ്  സജീവമാക്കി"},{"$i":"numberIsBusyTitle","$v":"നമ്പർ തിരക്കിലാണ്"},{"$i":"numberIsBusyMessage","$v":"നമ്പർ ഇപ്പോൾ തിരക്കിലാണ്. ദയവായി പിന്നീട് വീണ്ടും ശ്രമിക്കുക."},{"$i":"fdnIsActiveTitle","$v":"FDN സജീവമാണ്"},{"$i":"fdnIsActiveMessage","$v":["FDN (സ്ഥിര ഡയലിംഗ് നമ്പറുകൾ) സജീവമാക്കി, നിങ്ങളുടെ FDN ലിസ്റ്റിൽ ഇനിപ്പറയുന്ന നമ്പർ ഇല്ല: ",{"t":"idOrVar","v":"number"}]},{"$i":"emergencyDialogBodyBadNumber","$v":"ഫോൺ വിളിക്കുന്നതിന്, ഫോൺ ഒരു നെറ്റ്‌വർക്കിലേക്ക് കണക്റ്റുചെയ്തിരിക്കണം."},{"$i":"emergencyDialogBodyDeviceNotAccepted","$v":"നെറ്റ്‌വർക്ക് വഴി  അടിയന്തിര കോളുകൾ അനുവദിക്കുന്നില്ല."},{"$i":"emergencyDialogBtnOk","$v":"ശരി"},{"$i":"emergencyDialogTitle","$v":"നെറ്റ്‌വർക്ക് കണക്ഷന്‍ ഇല്ല"},{"$i":"invalidNumberToDialTitle","$v":"ഫോൺ നമ്പർ അസാധുവാണ്"},{"$i":"invalidNumberToDialMessage","$v":"നിങ്ങൾ വിളിക്കുന്ന ഫോൺ നമ്പർ സാധുതയുള്ളതല്ല."},{"$i":"unableToCallTitle","$v":"ഇപ്പോഴൊരു ഫോൺ കോൾ ചെയ്യാനാവുന്നില്ല"},{"$i":"unableToCallMessage","$v":"ഒരു കോൾ ചെയ്യാനാവില്ല. നിങ്ങൾ ഇതിനകം ഡയൽ ചെയ്യുന്നുണ്ടെങ്കിൽ, ആദ്യം ഹാംഗ് അപ്പ് ചെയ്യുക"},{"$i":"otherConnectionInUseTitle","$v":"മറ്റ് കണക്ഷൻ ഉപയോഗത്തിലാണ്"},{"$i":"otherConnectionInUseMessage","$v":"മറ്റൊരു കണക്ഷനിൽ നിങ്ങൾക്ക് സജീവമായ ഒരു കോൾ ഉണ്ട്. നിങ്ങൾക്ക് ഒരു സമയത്ത് ഒരു കണക്ഷൻ മാത്രമേ ഉപയോഗിക്കാൻ കഴിയൂ."},{"$i":"connectingEllipsis","$v":"കണക്റ്റുചെയ്യുന്നു..."},{"$i":"gaia-menu-cancel","$v":"റദ്ദാക്കുക"},{"$i":"gaia-sim-picker-dial-via-with-number","$v":["ഇതുവഴി ",{"t":"idOrVar","v":"phoneNumber"}," ഡയൽ ചെയ്യുക"]},{"$i":"gaia-sim-picker-select-sim","$v":"സിം തിരഞ്ഞെടുക്കുക"},{"$i":"gaia-sim-picker-button","$v":["സിം",{"t":"idOrVar","v":"n"}]},{"$i":"gaia-sim-picker-button-default","$v":"(ഡിഫോൾട്ട്)"}]