[{"$i":"label","$v":"থাক"},{"$i":"mobile","$v":"মোবাইল"},{"$i":"home","$v":"হোম"},{"$i":"work","$v":"থবক"},{"$i":"personal","$v":"মশামক্কী"},{"$i":"faxHome","$v":"য়ুমগী ফেক্স"},{"$i":"faxOffice","$v":"ওফিসকি ফেক্স"},{"$i":"faxOther","$v":"অতোপ্পা ফেক্স"},{"$i":"another","$v":"অতোপ্পা"},{"$i":"other","$v":"অতোপ্পা"},{"$i":"tcl-customTag","$v":"কস্টম টেগ"},{"$i":"customTag","$v":"কস্টম টেগ","placeholder":"কস্টম টেগ"},{"$i":"current","$v":"হৌজিক লৈরিবা"},{"$i":"itemWithLabel","$v":[{"t":"idOrVar","v":"label"},", ",{"t":"idOrVar","v":"item"}]},{"$i":"error","$v":"অশোয়বা"},{"$i":"ok","$v":"ওকে"},{"$i":"cancel","$v":"ককথৎলু"},{"$i":"emergency-call-only","$v":"অথু-অকায়গী কোলখক্তা"},{"$i":"emergency-call-error","$v":[{"t":"idOrVar","v":"number"}," ইমর্জেন্সি নম্বর অমা নত্তে."]},{"$i":"tcl-softkey-call","$v":"কোল"},{"$i":"tcl-ice-list-call","$v":"কোল"},{"$i":"emergency-call","$v":"ইমর্জেন্সি"},{"$i":"phoneNumberInput","ariaLabel":"ফোন নম্বর"},{"$i":"keypadDelete","ariaLabel":"মুত্থৎলু"},{"$i":"voiceMailKey","ariaLabel":"ভোইসমেল"},{"$i":"asterisk","ariaLabel":"অস্টেরিস্ক"},{"$i":"hashSign","ariaLabel":"হেশ খুদম"},{"$i":"loadingSimContacts","$v":"সিম কার্দ কন্টেক্তশীং লোদ তৌরি…"},{"$i":"noContactsWereFound","$v":"কন্টেক্ত অমত্তা ফংলমদে"},{"$i":"noContactsFoundDialogOk","$v":"ওকে"},{"$i":"emergencyNumber","$v":"অথু-অকায়গী নম্বর"},{"$i":"callAirplaneModeMessage","$v":"কোল অমা তৌনবা নহাক সেটিংশীংদা এয়রপ্লেন মোদ য়াহন্দবা দরকার ওই."},{"$i":"callAirplaneModeBtnOk","$v":"ওকে"},{"$i":"callAirplaneModeTitle","$v":"এয়রপ্লেন মোদ এক্তিবেত তৌরে"},{"$i":"numberIsBusyTitle","$v":"নম্বর বিজি ওই"},{"$i":"numberIsBusyMessage","$v":"নম্বর অদু হৌজিক চিল্লি. কোন্না হন্না হোৎনবিয়ু."},{"$i":"fdnIsActiveTitle","$v":"FDN এক্তিব ওই"},{"$i":"fdnIsActiveMessage","$v":["FDN (Fixed Dialing Numbers) এক্তিবেত তৌরে অমসুং মখাগী নম্বর অসি নহাক্কি FDN লিস্টতা য়াওদে: ",{"t":"idOrVar","v":"number"}]},{"$i":"emergencyDialogBodyBadNumber","$v":"কোল অমা তৌনবা, ফোন অদু নেটৱার্ক অমদা শম্নগদবনি."},{"$i":"emergencyDialogBodyDeviceNotAccepted","$v":"নেটৱার্ক অদুনা ইমর্জেন্সি কোলশীং য়াহন্দে."},{"$i":"emergencyDialogBtnOk","$v":"ওকে"},{"$i":"emergencyDialogTitle","$v":"নেটৱর্ক কন্নেক্সন অমত্তা লৈতে"},{"$i":"invalidNumberToDialTitle","$v":"চৎনদবা ফোন নম্বর"},{"$i":"invalidNumberToDialMessage","$v":"নহাক্না কোল তৌরিবা ফোন নম্বর অদু চৎনদে."},{"$i":"unableToCallTitle","$v":"হৌজিক ফোন কোল অমা তৌবা ঙমদ্রে"},{"$i":"unableToCallMessage","$v":"কোল অমা তৌবা ঙমদে. নহাক হান্ননা দাইল তৌরিবা ওইরবদি, অহানবদা ফোন থম্বিয়ু."},{"$i":"otherConnectionInUseTitle","$v":"অতোপ্পা শম্নবা শীজিন্নবা"},{"$i":"otherConnectionInUseMessage","$v":"নহাক অতোপ্পা শম্নবা অমদা এক্তিব কোল অমা লৈ. নহাক মতম অমত্তদা শম্নবা অমখক্তং শীজিন্নবা য়াই."},{"$i":"connectingEllipsis","$v":"শম্নরি..."},{"$i":"gaia-menu-cancel","$v":"ককথৎলু"},{"$i":"gaia-sim-picker-dial-via-with-number","$v":[{"t":"idOrVar","v":"phoneNumber"}," দাইল তৌ ফাওনা"]},{"$i":"gaia-sim-picker-select-sim","$v":"SIM খল্লু"},{"$i":"gaia-sim-picker-button","$v":["সিম",{"t":"idOrVar","v":"n"}]},{"$i":"gaia-sim-picker-button-default","$v":"(দিফাওল্ট)"}]