[{"$i":"label","$v":"लेबल"},{"$i":"mobile","$v":"मोबाईल"},{"$i":"home","$v":"होम"},{"$i":"work","$v":"वर्क"},{"$i":"personal","$v":"वैयक्तिक"},{"$i":"faxHome","$v":"Fax (हाेम)"},{"$i":"faxOffice","$v":"Fax ऑफिस"},{"$i":"faxOther","$v":"अन्य Fax"},{"$i":"another","$v":"अन्य"},{"$i":"other","$v":"अन्य"},{"$i":"tcl-customTag","$v":"कस्टम टॅग"},{"$i":"customTag","$v":"कस्टम टॅग","placeholder":"कस्टम टॅग"},{"$i":"current","$v":"वर्तमानात"},{"$i":"itemWithLabel","$v":[{"t":"idOrVar","v":"label"},", ",{"t":"idOrVar","v":"item"}]},{"$i":"error","$v":"त्रुटी"},{"$i":"ok","$v":"ठीक आहे"},{"$i":"cancel","$v":"रद्द करा"},{"$i":"emergency-call-only","$v":"फक्त आपातकालीन कॉल"},{"$i":"emergency-call-error","$v":[{"t":"idOrVar","v":"number"}," हा आपातकालीन नंबर नाही."]},{"$i":"tcl-softkey-call","$v":"कॉल"},{"$i":"tcl-ice-list-call","$v":"कॉल"},{"$i":"emergency-call","$v":"आपातकाल"},{"$i":"phoneNumberInput","ariaLabel":"फोन नंबर"},{"$i":"keypadDelete","ariaLabel":"हटवा"},{"$i":"voiceMailKey","ariaLabel":"व्हॉइसमेल"},{"$i":"asterisk","ariaLabel":"अॅस्ट्रिक चिह्न"},{"$i":"hashSign","ariaLabel":"हॅश चिन्ह"},{"$i":"loadingSimContacts","$v":"सिम कार्ड संपर्क लोड होत आहे .."},{"$i":"noContactsWereFound","$v":"कोणतेही संपर्क सापडले नाही"},{"$i":"noContactsFoundDialogOk","$v":"ठीक आहे"},{"$i":"emergencyNumber","$v":"आपातकालीन नंबर"},{"$i":"callAirplaneModeMessage","$v":"कॉल करण्यासाठी आपण सेटिंग मध्ये एयरप्लेन मोड अक्षम करणे आवश्यक आहे."},{"$i":"callAirplaneModeBtnOk","$v":"ठीक आहे"},{"$i":"callAirplaneModeTitle","$v":"एयरप्लेन मोड सक्रिय केले आहे"},{"$i":"numberIsBusyTitle","$v":"नंबर व्यस्त आहे"},{"$i":"numberIsBusyMessage","$v":"सध्या नंबर व्यस्त आहे. कृपया नंतर पुन्हा प्रयत्न करा."},{"$i":"fdnIsActiveTitle","$v":"FDN सक्रिय"},{"$i":"fdnIsActiveMessage","$v":["FDN (फिक्स्ड डायलिंग नंबर) सक्रिय आहे आणि खालील नंबर आपल्या FDN लिस्ट मध्ये नाही आहे: ",{"t":"idOrVar","v":"number"}]},{"$i":"emergencyDialogBodyBadNumber","$v":"कॉल करण्यासाठी, फोन नेटवर्कशी जोडणे आवश्यक आहे."},{"$i":"emergencyDialogBodyDeviceNotAccepted","$v":"नेटवर्कद्वारे आपातकालीन कॉलला अनुमति नाही."},{"$i":"emergencyDialogBtnOk","$v":"ठीक आहे"},{"$i":"emergencyDialogTitle","$v":"कोणतेही नेटवर्क कनेक्शन नाही"},{"$i":"invalidNumberToDialTitle","$v":"अवैध फोन नंबर"},{"$i":"invalidNumberToDialMessage","$v":"आपण कॉल करत असलेला फोन नंबर वैध नाही."},{"$i":"unableToCallTitle","$v":"आता फोन कॉल करण्यास असमर्थ"},{"$i":"unableToCallMessage","$v":"कॉल करू शकत नाही. आपण आधीपासूनच डायल करत असाल तर,कृपया प्रथम त्याला आधी थांबवा."},{"$i":"otherConnectionInUseTitle","$v":"अन्य कनेक्शन उपयोगात आहेत"},{"$i":"otherConnectionInUseMessage","$v":"इतर कनेक्शनवर आपल्यासाठी एक सक्रीय कॉल आहे. आपण एका वेळी एकच कनेक्शन वापरू शकता."},{"$i":"connectingEllipsis","$v":"कनेक्ट होत आहे..."},{"$i":"gaia-menu-cancel","$v":"रद्द करा"},{"$i":"gaia-sim-picker-dial-via-with-number","$v":[{"t":"idOrVar","v":"phoneNumber"}," याद्वारे डायल करा"]},{"$i":"gaia-sim-picker-select-sim","$v":"सिम निवडा"},{"$i":"gaia-sim-picker-button","$v":["सिम",{"t":"idOrVar","v":"n"}]},{"$i":"gaia-sim-picker-button-default","$v":"(डिफॉल्ट)"}]