[{"$i":"label","$v":"लेबल"},{"$i":"mobile","$v":"मोबाइल"},{"$i":"home","$v":"गृह"},{"$i":"work","$v":"काम"},{"$i":"personal","$v":"व्यक्तिगत"},{"$i":"faxHome","$v":"फ्याक्स गृह"},{"$i":"faxOffice","$v":"फ्याक्स अफिस"},{"$i":"faxOther","$v":"अन्य फ्याक्स गर्नुहोस्"},{"$i":"another","$v":"अर्को"},{"$i":"other","$v":"अन्य"},{"$i":"tcl-customTag","$v":"कस्टम ट्याग"},{"$i":"customTag","$v":"कस्टम ट्याग","placeholder":"कस्टम ट्याग"},{"$i":"current","$v":"हालको"},{"$i":"itemWithLabel","$v":[{"t":"idOrVar","v":"label"},", ",{"t":"idOrVar","v":"item"}]},{"$i":"error","$v":"त्रुटि"},{"$i":"ok","$v":"ठीक छ"},{"$i":"cancel","$v":"रद्द गर्नुहोस्"},{"$i":"emergency-call-only","$v":"आपतकालीन कलहरू मात्र"},{"$i":"emergency-call-error","$v":[{"t":"idOrVar","v":"number"}," आकस्मिक नम्बर होइन।"]},{"$i":"tcl-softkey-call","$v":"कल गर्नुहोस्"},{"$i":"tcl-ice-list-call","$v":"कल गर्नुहोस्"},{"$i":"emergency-call","$v":"आपतकालीन"},{"$i":"phoneNumberInput","ariaLabel":"फोन नम्बर"},{"$i":"keypadDelete","ariaLabel":"मेट्नुहोस्"},{"$i":"voiceMailKey","ariaLabel":"भ्वाइस मेल"},{"$i":"asterisk","ariaLabel":"तारा चिह्न"},{"$i":"hashSign","ariaLabel":"साइन इन छ"},{"$i":"loadingSimContacts","$v":"SIM कार्डको सम्पर्कहरू लोड हुदै..."},{"$i":"noContactsWereFound","$v":"कुनै सम्पर्कहरू फेला परेनन्"},{"$i":"noContactsFoundDialogOk","$v":"ठीक छ"},{"$i":"emergencyNumber","$v":"आपतकालीन नम्बर"},{"$i":"callAirplaneModeMessage","$v":"सम्पर्क राख्न चाहनु हुन्छ भनी तपाईंले सेटिङहरूमा गएर हवाइजहाज मोडलाई असक्षम गर्नुपर्छ"},{"$i":"callAirplaneModeBtnOk","$v":"ठीक छ"},{"$i":"callAirplaneModeTitle","$v":"विमान मोड सक्रिय भयो"},{"$i":"numberIsBusyTitle","$v":"नम्बर ब्यस्त छ"},{"$i":"numberIsBusyMessage","$v":"नम्बर हालैमा व्यस्त छ। कृपया पछि फेरि प्रयास गर्नुहोस्।"},{"$i":"fdnIsActiveTitle","$v":"FDN सक्रिय"},{"$i":"fdnIsActiveMessage","$v":["FDN (फिक्स्ड डायलिङ नम्बर) सक्रिय भयो र तपाईंको FDN नम्बर निम्नलिखित सुचीमा छैन्: ",{"t":"idOrVar","v":"number"}]},{"$i":"emergencyDialogBodyBadNumber","$v":"सम्पर्क राख्न चाहनु हुन्छ भनि फोनलाई नेटवर्कमा जडान गरिएको हुनुपर्छ"},{"$i":"emergencyDialogBodyDeviceNotAccepted","$v":"आपतकालीन कलहरू नेटवर्कद्वारा अनुमति छैन्।"},{"$i":"emergencyDialogBtnOk","$v":"ठीक छ"},{"$i":"emergencyDialogTitle","$v":"नेटवर्क जडान छैन"},{"$i":"invalidNumberToDialTitle","$v":"अवैधानिक फोन नम्बर"},{"$i":"invalidNumberToDialMessage","$v":"तपाईंले सम्पर्क गर्नु भएको फोन उपलब्ध छैन्"},{"$i":"unableToCallTitle","$v":"अहिले फोन कल गर्न सकेन"},{"$i":"unableToCallMessage","$v":"फोन गर्न सक्दैन। डाइलिङ गर्न तयार हुनुहुन्छ भने, कृपया पहिला फोन राख्नुहोस्।"},{"$i":"otherConnectionInUseTitle","$v":"अन्य जडानलाई प्रयोग गर्नुहोस्"},{"$i":"otherConnectionInUseMessage","$v":"तपाईंसँग अर्को जडानमा सक्रिय कल छ। एक पटकमा तपाईंले एउटा मात्र जडान गर्न सक्नुहुन्छ?"},{"$i":"connectingEllipsis","$v":"जडान हुँदै..."},{"$i":"gaia-menu-cancel","$v":"रद्द गर्नुहोस्"},{"$i":"gaia-sim-picker-dial-via-with-number","$v":["मार्फत ",{"t":"idOrVar","v":"phoneNumber"}," डायल गर्नुहोस्"]},{"$i":"gaia-sim-picker-select-sim","$v":"SIM चयन गर्नुहोस्"},{"$i":"gaia-sim-picker-button","$v":["SIM",{"t":"idOrVar","v":"n"}]},{"$i":"gaia-sim-picker-button-default","$v":"(पूर्वनिर्धारित)"}]