[{"$i":"label","$v":"ଲେବଲ୍"},{"$i":"mobile","$v":"ମୋବାଇଲ୍"},{"$i":"home","$v":"ହୋମ୍"},{"$i":"work","$v":"ୱର୍କ"},{"$i":"personal","$v":"ବ୍ୟକ୍ତିଗତ"},{"$i":"faxHome","$v":"Fax ହୋମ୍"},{"$i":"faxOffice","$v":"ଫ୍ୟାକ୍ସ ଅଫିସ୍‌"},{"$i":"faxOther","$v":"ଅନ୍ୟ Fax"},{"$i":"another","$v":"ଅନ୍ୟ"},{"$i":"other","$v":"ଅନ୍ୟ"},{"$i":"tcl-customTag","$v":"କଷ୍ଟମ୍ ଟ୍ୟାଗ"},{"$i":"customTag","$v":"କଷ୍ଟମ୍ ଟ୍ୟାଗ","placeholder":"କଷ୍ଟମ୍ ଟ୍ୟାଗ"},{"$i":"current","$v":"ସମ୍ପ୍ରତି"},{"$i":"itemWithLabel","$v":[{"t":"idOrVar","v":"label"},", ",{"t":"idOrVar","v":"item"}]},{"$i":"error","$v":"ତ୍ରୁଟି"},{"$i":"ok","$v":"ଓକେ"},{"$i":"cancel","$v":"ବାତିଲ କରନ୍ତୁ"},{"$i":"emergency-call-only","$v":"କେବଳ ଜରୁରୀକାଳୀନ କଲ୍‌"},{"$i":"emergency-call-error","$v":[{"t":"idOrVar","v":"number"}," ଏକ ଜରୁରୀକାଳୀନ ନମ୍ଵର ନୁହେଁ।"]},{"$i":"tcl-softkey-call","$v":"କଲ୍ କରନ୍ତୁ"},{"$i":"tcl-ice-list-call","$v":"କଲ୍ କରନ୍ତୁ"},{"$i":"emergency-call","$v":"ଜରୁରୀକାଳ"},{"$i":"phoneNumberInput","ariaLabel":"ଫୋନ୍ ନମ୍ଵର"},{"$i":"keypadDelete","ariaLabel":"ବିଲୋପ କରନ୍ତୁ"},{"$i":"voiceMailKey","ariaLabel":"ଭଏସ୍‌ମେଲ୍"},{"$i":"asterisk","ariaLabel":"ଆଷ୍ଟ୍ରେରିସ୍କ୍ ଚିହ୍ନ"},{"$i":"hashSign","ariaLabel":"ହାଶ୍ ସାଇନ୍"},{"$i":"loadingSimContacts","$v":"ସିମ୍‌ କାର୍ଡ୍ ସମ୍ପର୍କଗୁଡିକ ଲୋଡ୍ ହେଉଛି..."},{"$i":"noContactsWereFound","$v":"କୌଣସି ସମ୍ପର୍କ ମିଳିଲା ନାହିଁ"},{"$i":"noContactsFoundDialogOk","$v":"ଓକେ"},{"$i":"emergencyNumber","$v":"ଜରୁରୀକାଳୀନ ନମ୍ଵର"},{"$i":"callAirplaneModeMessage","$v":"କଲ୍ କରିବାକୁ ଆପଣଙ୍କ ସେଟିଂସରେ ଏୟାର୍‌ପ୍ଲେନ୍ ମୋଡ୍ ଅକ୍ଷମ କରିବା ଆବଶ୍ୟକ।"},{"$i":"callAirplaneModeBtnOk","$v":"ଓକେ"},{"$i":"callAirplaneModeTitle","$v":"ଏୟାର୍‌ପ୍ଲେନ୍ ମୋଡ୍ ସକ୍ରିୟ ହୋଇଛି"},{"$i":"numberIsBusyTitle","$v":"ନମ୍ଵର ବ୍ୟସ୍ତ"},{"$i":"numberIsBusyMessage","$v":"ନମ୍ଵର ବର୍ତ୍ତମାନ ବ୍ୟସ୍ତ ଅଛି। ଦୟାକରି ପରେ ପୁନଃଚେଷ୍ଟା କରନ୍ତୁ।"},{"$i":"fdnIsActiveTitle","$v":"FDN‌ ସକ୍ରିୟ ଅଛି"},{"$i":"fdnIsActiveMessage","$v":["FDN‌ (ଫିକ୍ସଡ୍ ଡାୟଲିଂ ନମ୍ବର) ସକ୍ରିୟ ହୋଇଛି ଏବଂ ନିମ୍ନଲିଖିତ ନମ୍ଵର ଆପଣଙ୍କ FDN‌ ଲିଷ୍ଟ୍‌ରେ ନାହିଁ: ",{"t":"idOrVar","v":"number"}]},{"$i":"emergencyDialogBodyBadNumber","$v":"କଲ୍ କରିବାକୁ, ଫୋନଟି ଏକ ନେଟୱାର୍କ ସହ ସଂଯୋଜିତ ରହିବା ଆବଶ୍ୟକ।"},{"$i":"emergencyDialogBodyDeviceNotAccepted","$v":"ଏହି ନେଟ୍‌ୱାର୍କ୍ ଦ୍ୱାରା ଜରୁରୀକାଳୀନ କଲ୍‌ର ଅନୁମତି ନାହିଁ |"},{"$i":"emergencyDialogBtnOk","$v":"ଓକେ"},{"$i":"emergencyDialogTitle","$v":"କିଛି ନେଟ୍‍ୱାର୍କ ସଂଯୋଗ ନାହିଁ"},{"$i":"invalidNumberToDialTitle","$v":"ଅବୈଧ ଫୋନ୍ ନମ୍ୱର"},{"$i":"invalidNumberToDialMessage","$v":"ଆପଣ କଲ୍ କରୁଥିବା ଫୋନ୍ ନମ୍ଵର ବୈଧ ନୁହେଁ।"},{"$i":"unableToCallTitle","$v":"ବର୍ତ୍ତମାନ ଫୋନ୍ କଲ୍ କରିବାକୁ ଅସମର୍ଥ"},{"$i":"unableToCallMessage","$v":"କଲ୍ କରିପାରିବେ ନାହିଁ | ଯଦି ଆପଣ ପୂର୍ବରୁ ଡାୟଲ୍ କରୁଛନ୍ତି, ଦୟାକରି ପ୍ରଥମେ ହ୍ୟାଙ୍ଗ ଅପ୍‌ କରନ୍ତୁ |"},{"$i":"otherConnectionInUseTitle","$v":"ଅନ୍ୟ ସଂଯୋଜନା ବ୍ୟବହାର ହେଉଛି"},{"$i":"otherConnectionInUseMessage","$v":"ଅନ୍ୟ ସଂଯୋଜନାରେ ଆପଣଙ୍କର ଏକ ସକ୍ରିୟ କଲ୍ ଅଛି। ଆପଣ ଏକ ସମୟରେ ଗୋଟିଏ ସଂଯୋଜନା ବ୍ୟବହାର କରିପାରିବେ |"},{"$i":"connectingEllipsis","$v":"ସଂଯୋଗ କରୁଛି..."},{"$i":"gaia-menu-cancel","$v":"ବାତିଲ କରନ୍ତୁ"},{"$i":"gaia-sim-picker-dial-via-with-number","$v":[{"t":"idOrVar","v":"phoneNumber"}," ମାଧ୍ୟମରେ ଡାୟଲ୍ କରନ୍ତୁ"]},{"$i":"gaia-sim-picker-select-sim","$v":"ସିମ୍ ଚୟନ କରନ୍ତୁ"},{"$i":"gaia-sim-picker-button","$v":["ସିମ୍‌",{"t":"idOrVar","v":"n"}]},{"$i":"gaia-sim-picker-button-default","$v":"(ଡିଫଲ୍ଟ)"}]