[{"$i":"label","$v":"ਲੇਬਲ"},{"$i":"mobile","$v":"ਮੋਬਾਈਲ"},{"$i":"home","$v":"ਹੋਮ"},{"$i":"work","$v":"ਵਰਕ"},{"$i":"personal","$v":"ਨਿੱਜੀ"},{"$i":"faxHome","$v":"Fax ਹੋਮ"},{"$i":"faxOffice","$v":"Fax ਆਫ਼ਿਸ"},{"$i":"faxOther","$v":"ਹੋਰ Fax"},{"$i":"another","$v":"ਹੋਰ"},{"$i":"other","$v":"ਹੋਰ"},{"$i":"tcl-customTag","$v":"ਕਸਟਮ ਟੈਗ"},{"$i":"customTag","$v":"ਕਸਟਮ ਟੈਗ","placeholder":"ਕਸਟਮ ਟੈਗ"},{"$i":"current","$v":"ਵਰਤਮਾਨ"},{"$i":"itemWithLabel","$v":[{"t":"idOrVar","v":"label"},", ",{"t":"idOrVar","v":"item"}]},{"$i":"error","$v":"ਤਰੁੱਟੀ"},{"$i":"ok","$v":"ਠੀਕ ਹੈ"},{"$i":"cancel","$v":"ਰੱਦ ਕਰੋ"},{"$i":"emergency-call-only","$v":"ਕੇਵਲ ਆਪਾਤਕਾਲੀਨ ਕਾਲ"},{"$i":"emergency-call-error","$v":[{"t":"idOrVar","v":"number"}," ਆਪਾਤਕਾਲੀਨ ਨੰਬਰ ਨਹੀਂ ਹੈ।"]},{"$i":"tcl-softkey-call","$v":"ਕਾਲ ਕਰੋ"},{"$i":"tcl-ice-list-call","$v":"ਕਾਲ ਕਰੋ"},{"$i":"emergency-call","$v":"ਅਪਾਤਕਾਲੀਨ"},{"$i":"phoneNumberInput","ariaLabel":"ਫੋਨ ਨੰਬਰ"},{"$i":"keypadDelete","ariaLabel":"ਮਿਟਾਓ"},{"$i":"voiceMailKey","ariaLabel":"ਵੌਇਸਮੇਲ"},{"$i":"asterisk","ariaLabel":"ਏਸਟਰਿਸਕ"},{"$i":"hashSign","ariaLabel":"ਹੈਸ਼ ਸਾਈਨ"},{"$i":"loadingSimContacts","$v":"ਸਿਮ ਕਾਰਡ ਸੰਪਰਕ ਲੋਡ ਹੋ ਰਹੇ ਹਨ.."},{"$i":"noContactsWereFound","$v":"ਕੋਈ ਸੰਪਰਕ ਨਹੀਂ ਮਿਲੇ"},{"$i":"noContactsFoundDialogOk","$v":"ਠੀਕ ਹੈ"},{"$i":"emergencyNumber","$v":"ਆਪਾਤਕਾਲੀਨ ਨੰਬਰ"},{"$i":"callAirplaneModeMessage","$v":"ਕਾਲ ਕਰਨ ਲਈ ਤੁਹਾਨੂੰ ਸੈਟਿੰਗਸ ਵਿੱਚ ਜਾ ਕੇ ਏਅਰਪਲੇਨ ਮੋਡ ਨੂੰ ਅਕਿਰਿਆਸ਼ੀਲ ਕਰਨਾ ਪਵੇਗਾ ।"},{"$i":"callAirplaneModeBtnOk","$v":"ਠੀਕ ਹੈ"},{"$i":"callAirplaneModeTitle","$v":"ਏਅਰਪਲੇਨ ਮੋਡ ਸਕਿਰਿਆ ਕੀਤਾ ਗਿਆ"},{"$i":"numberIsBusyTitle","$v":"ਨੰਬਰ ਵਿਅਸਤ ਹੈ"},{"$i":"numberIsBusyMessage","$v":"ਇਸ ਸਮੇਂ ਨੰਬਰ ਵਿਅਸਤ ਹੈ। ਕਿਰਪਾ ਕਰਕੇ ਬਾਅਦ ਵਿੱਚ ਕੋਸ਼ਿਸ਼ ਕਰੋ।"},{"$i":"fdnIsActiveTitle","$v":"FDN ਸਕਿਰਿਆ ਹੈ"},{"$i":"fdnIsActiveMessage","$v":["FDN (ਫਿਕਸਡ ਡਾਇਲਿੰਗ ਨੰਬਰ) ਕਾਰਜਸ਼ੀਲ ਹੈ ਅਤੇ ਹੇਠਾਂ ਦਿੱਤਾ ਗਿਆ ਨੰਬਰ ਤੁਹਾਡੀ FDN ਲਿਸਟ ਵਿੱਚ ਨਹੀਂ ਹੈ: ",{"t":"idOrVar","v":"number"}]},{"$i":"emergencyDialogBodyBadNumber","$v":"ਕਾਲ ਕਰਨ ਲਈ, ਫੋਨ ਨੂੰ ਨੈਟਵਰਕ ਨਾਲ ਕਨੈਕਟ ਕਰਨਾ ਪਵੇਗਾ।"},{"$i":"emergencyDialogBodyDeviceNotAccepted","$v":"ਨੈਟਵਰਕ ਦੁਆਰਾ ਆਪਾਤਕਾਲੀਨ ਕਾਲ ਦੀ ਮਨਜ਼ੂਰੀ ਨਹੀਂ ਦਿੱਤੀ ਗਈ ਹੈ"},{"$i":"emergencyDialogBtnOk","$v":"ਠੀਕ ਹੈ"},{"$i":"emergencyDialogTitle","$v":"ਕੋਈ ਨੈਟਵਰਕ ਕਨੈਕਸ਼ਨ ਨਹੀਂ ਹੈ"},{"$i":"invalidNumberToDialTitle","$v":"ਅਵੈਧ ਫੋਨ ਨੰਬਰ"},{"$i":"invalidNumberToDialMessage","$v":"ਜਿਸ ਫੋਨ ਨੰਬਰ 'ਤੇ ਤੁਸੀਂ ਕਾਲ ਕਰ ਰਹੇ ਹੋ ਉਹ ਵੈਧ ਨਹੀਂ ਹੈ।"},{"$i":"unableToCallTitle","$v":"ਹੁਣ ਫੋਨ ਕਾਲ ਕਰਨ ਵਿੱਚ ਅਸਮੱਰਥ"},{"$i":"unableToCallMessage","$v":"ਕਾਲ ਨਹੀਂ ਕਰ ਸਕਦੇ। ਜੇਕਰ ਤੁਸੀਂ ਪਹਿਲਾਂ ਹੀ ਡਾਇਲ ਕਰ ਰਹੇ ਹੋ, ਤਾਂ ਕਿਰਪਾ ਕਰਕੇ ਪਹਿਲਾਂ ਰੁਕ ਜਾਓ।"},{"$i":"otherConnectionInUseTitle","$v":"ਹੋਰ ਕਨੈਕਸ਼ਨ ਵਰਤੋਂ ਵਿੱਚ ਹੈ"},{"$i":"otherConnectionInUseMessage","$v":"ਤੁਹਾਡੀ ਦੂਜੇ ਕਨੈਕਸ਼ਨ ਤੇ ਇੱਕ ਕਾਲ ਐਕਟਿਵ ਹੈ । ਤੁਸੀਂ ਇੱਕ ਸਮੇਂ ‘ਤੇ ਕੇਵਲ ਇੱਕ ਕਨੈਕਸ਼ਨ ਵਰਤ ਸਕਦੇ ਹੋ।"},{"$i":"connectingEllipsis","$v":"ਕਨੈਕਟ ਕਰ ਰਿਹਾ ਹੈ..."},{"$i":"gaia-menu-cancel","$v":"ਰੱਦ ਕਰੋ"},{"$i":"gaia-sim-picker-dial-via-with-number","$v":[{"t":"idOrVar","v":"phoneNumber"}," ਰਾਹੀਂ ਡਾਇਲ ਕਰੋ"]},{"$i":"gaia-sim-picker-select-sim","$v":"ਸਿਮ ਚੁਣੋ"},{"$i":"gaia-sim-picker-button","$v":["ਸਿਮ ",{"t":"idOrVar","v":"n"}]},{"$i":"gaia-sim-picker-button-default","$v":"(ਡਿਫੌਲਟ)"}]