[{"$i":"label","$v":"नाम"},{"$i":"mobile","$v":"चलभाषः"},{"$i":"home","$v":"गृहम्"},{"$i":"work","$v":"कार्यालयम्"},{"$i":"personal","$v":"व्यक्तिगतम्"},{"$i":"faxHome","$v":"फैक्स गृहम्"},{"$i":"faxOffice","$v":"फैक्स कार्यालयः"},{"$i":"faxOther","$v":"फैक्स अन्ये"},{"$i":"another","$v":"अन्ये"},{"$i":"other","$v":"अन्यः"},{"$i":"tcl-customTag","$v":"कस्टम टैग"},{"$i":"customTag","$v":"कस्टम टैग","placeholder":"कस्टम टैग"},{"$i":"current","$v":"साम्प्रतम्"},{"$i":"itemWithLabel","$v":[{"t":"idOrVar","v":"label"},", ",{"t":"idOrVar","v":"item"}]},{"$i":"error","$v":"दोषः"},{"$i":"ok","$v":"नुदताम्"},{"$i":"cancel","$v":"निरस्यताम्"},{"$i":"emergency-call-only","$v":"केवलम् आपत्कालीनसम्पर्कः"},{"$i":"emergency-call-error","$v":[{"t":"idOrVar","v":"number"}," इति आपत्कालीनः क्रमाङ्कः नास्ति।"]},{"$i":"tcl-softkey-call","$v":"वार्ता"},{"$i":"tcl-ice-list-call","$v":"वार्ता"},{"$i":"emergency-call","$v":"आपत्कालम्"},{"$i":"phoneNumberInput","ariaLabel":"फोनसंख्या"},{"$i":"keypadDelete","ariaLabel":"लुप्यताम्"},{"$i":"voiceMailKey","ariaLabel":"ध्वनिसन्देशः"},{"$i":"asterisk","ariaLabel":"तारांकनम्"},{"$i":"hashSign","ariaLabel":"हाशचिह्नम्"},{"$i":"loadingSimContacts","$v":"सिमकार्डसंपर्काः लोडभवन्ति..."},{"$i":"noContactsWereFound","$v":"कोऽपि सम्पर्कः न प्राप्तः"},{"$i":"noContactsFoundDialogOk","$v":"नुदताम्"},{"$i":"emergencyNumber","$v":"आपत्कालीनसंख्या"},{"$i":"callAirplaneModeMessage","$v":"आह्वाहनं कर्तुं भवता/भवत्या अभविन्यासे विमानावस्था निष्क्रिया करणीया।"},{"$i":"callAirplaneModeBtnOk","$v":"नुदताम्"},{"$i":"callAirplaneModeTitle","$v":"वायुयानमोड सक्रियः"},{"$i":"numberIsBusyTitle","$v":"संख्या व्यस्तमस्ति"},{"$i":"numberIsBusyMessage","$v":"क्रमाङ्कः अधुना व्यस्तः अस्ति। कृपया पुनश्चेष्टितव्यमनन्तरम् ।"},{"$i":"fdnIsActiveTitle","$v":"FDN सक्रियः"},{"$i":"fdnIsActiveMessage","$v":["FDN (फिक्स्ड डायलिंग नंबरस) सक्रियः वर्तते निम्नसंख्या च भवतः FDN सूच्यां नास्ति : ",{"t":"idOrVar","v":"number"}]},{"$i":"emergencyDialogBodyBadNumber","$v":"आह्वाहनं कर्तुं दूरभाषः जालेन सह संयोजितः स्यादेव।"},{"$i":"emergencyDialogBodyDeviceNotAccepted","$v":"जालेन आपत्कालाह्वाहानि न अनुमोदितानि।"},{"$i":"emergencyDialogBtnOk","$v":"नुदताम्"},{"$i":"emergencyDialogTitle","$v":"जालसंकेतं न वर्तते"},{"$i":"invalidNumberToDialTitle","$v":"अवैधफोनसंख्या"},{"$i":"invalidNumberToDialMessage","$v":"यं क्रमाङ्कं प्रति भवा्न्/भवती आह्वयति, सः अयोग्यः अस्ति।"},{"$i":"unableToCallTitle","$v":"अधुना फ़ोन कॉल कर्तुम् असमर्थम्"},{"$i":"unableToCallMessage","$v":"कॉल कर्तुं न शक्यते यदि भवान् पूर्वमेव डायलम् अकरोत् तर्हि कृपया पूर्वं तिष्ठतु।"},{"$i":"otherConnectionInUseTitle","$v":"उपयोगे अन्यकनेक्शनम्"},{"$i":"otherConnectionInUseMessage","$v":"अन्यसंयोजने भवतः/भवत्याः अन्याह्वाहनं सक्रियम् अस्ति। एकस्मिन् समये भवान्/भवती एकमेव संयोजनं प्रयोक्तुं शक्नोति।"},{"$i":"connectingEllipsis","$v":"संयोज्यमानम्..."},{"$i":"gaia-menu-cancel","$v":"निरस्यताम्"},{"$i":"gaia-sim-picker-dial-via-with-number","$v":["डायल ",{"t":"idOrVar","v":"phoneNumber"}," माध्यमेन डायल करोतु"]},{"$i":"gaia-sim-picker-select-sim","$v":"SIM चीयताम्"},{"$i":"gaia-sim-picker-button","$v":["सिम",{"t":"idOrVar","v":"n"}]},{"$i":"gaia-sim-picker-button-default","$v":"(त्रुटिः)"}]