[{"$i":"label","$v":"ᱥᱟᱨ"},{"$i":"mobile","$v":"ᱢᱳᱵᱟᱭᱤᱞ"},{"$i":"home","$v":"ᱚᱲᱟᱜ"},{"$i":"work","$v":"ᱠᱟᱹᱢᱤ"},{"$i":"personal","$v":"ᱟᱯᱱᱟᱨ"},{"$i":"faxHome","$v":"ᱚᱲᱟᱜ ᱯᱷᱹᱮᱠᱥ"},{"$i":"faxOffice","$v":"ᱠᱟᱨᱭᱟᱞᱚ ᱯᱷᱹᱮᱠᱥ"},{"$i":"faxOther","$v":"ᱮᱴᱟᱜ ᱯᱷᱹᱮᱠᱥ"},{"$i":"another","$v":"ᱮᱴᱟᱜ"},{"$i":"other","$v":"ᱮᱴᱟᱜ"},{"$i":"tcl-customTag","$v":"ᱠᱷᱩᱥᱤᱭᱟᱜ ᱰᱩᱨᱭᱮ"},{"$i":"customTag","$v":"ᱠᱷᱩᱥᱤᱭᱟᱜ ᱰᱩᱨᱭᱮ","placeholder":"ᱠᱷᱩᱥᱤᱭᱟᱜ ᱰᱩᱨᱭᱮ"},{"$i":"current","$v":"ᱦᱟᱞᱤ"},{"$i":"itemWithLabel","$v":[{"t":"idOrVar","v":"label"},", ",{"t":"idOrVar","v":"item"}]},{"$i":"error","$v":"ᱵᱷᱩᱞ"},{"$i":"ok","$v":"ᱴᱤᱠ"},{"$i":"cancel","$v":"ᱢᱩᱪᱮᱫ"},{"$i":"emergency-call-only","$v":"ᱦᱚᱴᱟᱡ ᱠᱚᱞ ᱮᱠᱮᱱ"},{"$i":"emergency-call-error","$v":[{"t":"idOrVar","v":"number"}," ᱱᱚᱣᱟ ᱫᱚ ᱦᱚᱴᱟᱡ ᱞᱮᱠᱷᱟ ᱵᱟᱝ ᱠᱟᱱᱟ."]},{"$i":"tcl-softkey-call","$v":"ᱠᱚᱞ"},{"$i":"tcl-ice-list-call","$v":"ᱠᱚᱞ"},{"$i":"emergency-call","$v":"ᱦᱚᱴᱟᱡ"},{"$i":"phoneNumberInput","ariaLabel":"ᱯᱷᱹᱚᱱ ᱞᱮᱠᱷᱟ"},{"$i":"keypadDelete","ariaLabel":"ᱢᱮᱴᱟᱣ"},{"$i":"voiceMailKey","ariaLabel":"ᱟᱲᱟᱝᱢᱮᱞ"},{"$i":"asterisk","ariaLabel":"ᱮᱥᱴᱨᱤᱠ"},{"$i":"hashSign","ariaLabel":"ᱦᱮᱥ ᱥᱟᱭᱤᱱ"},{"$i":"loadingSimContacts","$v":"SIM ᱠᱟᱨᱰ ᱡᱚᱜᱟᱡᱳᱜ ᱠᱚ ᱵᱷᱟᱨᱤᱜ ᱠᱟᱱᱟ…"},{"$i":"noContactsWereFound","$v":"ᱡᱟᱦᱟ ᱨᱮ ᱜᱮ ᱡᱚᱜᱟᱡᱳᱜ ᱠᱚ ᱵᱟᱝ ᱧᱟᱢᱚᱜ ᱠᱟᱱᱟ"},{"$i":"noContactsFoundDialogOk","$v":"ᱴᱤᱠ"},{"$i":"emergencyNumber","$v":"ᱢᱩᱦᱤᱞ ᱞᱮᱠᱷᱟ"},{"$i":"callAirplaneModeMessage","$v":"ᱠᱚᱞ ᱞᱟᱜᱤᱫ ᱟᱢ ᱫᱚ ᱩᱰᱮᱜᱜᱟᱰᱤ ᱚᱵᱚᱥᱛᱟ ᱚᱥᱚᱠᱪᱷᱚᱢ ᱦᱩᱭᱩᱜ ᱛᱟᱢᱟ ᱨᱮᱴᱤᱸᱜ ᱨᱮ."},{"$i":"callAirplaneModeBtnOk","$v":"ᱴᱤᱠ"},{"$i":"callAirplaneModeTitle","$v":"ᱩᱰᱮᱜ ᱜᱟᱰᱤ ᱚᱵᱚᱥᱛᱟ ᱥᱚᱠᱪᱷᱚᱢ ᱟᱠᱟᱬᱟ"},{"$i":"numberIsBusyTitle","$v":"ᱞᱮᱠᱷᱟ ᱫᱚ ᱵᱮᱛᱚᱜ ᱜᱮᱭᱟ"},{"$i":"numberIsBusyMessage","$v":"ᱱᱚᱣᱟ ᱞᱮᱠᱷᱟ ᱫᱚ ᱦᱟᱞᱤ ᱨᱮ ᱵᱮᱥᱛᱚ ᱜᱮᱭᱟ. ᱱᱮᱦᱚᱨ ᱯᱚᱨᱮ ᱛᱮ ᱫᱚᱦᱚᱲᱟ ᱠᱩᱨᱩᱢᱩᱴᱩᱭ ᱢᱮ."},{"$i":"fdnIsActiveTitle","$v":"FDN ᱚᱠᱪᱷᱚᱢ ᱜᱮᱭᱟ"},{"$i":"fdnIsActiveMessage","$v":["FDN (ᱜᱚᱴᱟ ᱟᱠᱟᱫ ᱰᱟᱭᱞ ᱞᱮᱠᱷᱟ ᱠᱚ) ᱫᱚ ᱥᱚᱠᱪᱷᱚᱢ ᱟᱠᱟᱱᱟ ᱟᱨ ᱯᱚᱸᱱᱟ ᱟᱠᱟᱫ ᱞᱮᱠᱷᱟ ᱫᱚ ᱵᱟᱱᱩᱜ-ᱟ ᱟᱢᱟᱜ FDN ᱩᱱᱩᱫᱩᱜ ᱨᱮ: ",{"t":"idOrVar","v":"number"}]},{"$i":"emergencyDialogBodyBadNumber","$v":"ᱠᱚᱞ ᱞᱟᱜᱤᱫ ᱟᱢ ᱫᱚ, ᱱᱮᱴᱣᱟᱨᱠ ᱨᱮ ᱯᱷᱹᱚᱱ ᱡᱩᱲᱟᱣ ᱞᱟᱜᱛᱤᱣᱟᱢᱟ."},{"$i":"emergencyDialogBodyDeviceNotAccepted","$v":"ᱱᱚᱣᱟ ᱱᱮᱴᱣᱟᱨᱠ ᱫᱟᱨᱟᱭ ᱛᱮ ᱫᱚ ᱦᱚᱴᱟᱡ ᱠᱚᱞ ᱨᱩᱣᱮᱲ ᱫᱚ ᱵᱟᱭ ᱢᱟᱱᱟᱣᱟ."},{"$i":"emergencyDialogBtnOk","$v":"ᱴᱤᱠ"},{"$i":"emergencyDialogTitle","$v":"ᱱᱮᱴᱣᱟᱨᱠ ᱡᱩᱲᱟᱣ ᱵᱟᱱᱩᱜ-ᱟ"},{"$i":"invalidNumberToDialTitle","$v":"ᱯᱷᱹᱚᱱ ᱞᱮᱠᱷᱟ ᱵᱟᱝ ᱜᱟᱱᱚᱜ"},{"$i":"invalidNumberToDialMessage","$v":"ᱟᱢ ᱠᱚᱞᱮᱜ ᱠᱟᱱ ᱯᱷᱹᱚᱱ ᱞᱮᱠᱷᱟ ᱫᱚ ᱵᱷᱩᱞ ᱜᱮᱭᱟ."},{"$i":"unableToCallTitle","$v":"ᱧᱤᱛ ᱫᱚ ᱵᱟᱝ ᱮᱢ ᱯᱷᱹᱚᱱ ᱠᱚᱞ ᱫᱟᱲᱤᱭᱟᱜ-ᱟ"},{"$i":"unableToCallMessage","$v":"ᱵᱟᱝ ᱮᱢ ᱠᱚᱞ ᱫᱟᱲᱤᱭᱟᱜ-ᱟᱜ. ᱡᱩᱫᱤ ᱟᱢ ᱞᱟᱦᱟ ᱠᱷᱚᱱ ᱜᱮᱢ ᱰᱟᱭᱤᱞ ᱟᱠᱟᱫᱟ, ᱱᱮᱦᱚᱨ ᱯᱟᱦᱤᱞ ᱟᱠᱟᱭ ᱢᱮ."},{"$i":"otherConnectionInUseTitle","$v":"ᱮᱴᱟᱜ ᱡᱩᱲᱟᱣ ᱨᱮ ᱵᱮᱵᱷᱟᱨᱚᱜ ᱠᱟᱱᱟ"},{"$i":"otherConnectionInUseMessage","$v":"ᱟᱢ ᱴᱮᱱ ᱫᱚ ᱥᱚᱠᱪᱷᱚᱢ ᱠᱚᱞ ᱢᱮᱱᱟᱜ-ᱟ ᱮᱴᱟᱜ ᱡᱩᱲᱟᱣ ᱠᱷᱚᱱ. ᱟᱢ ᱫᱚ ᱢᱤᱛ ᱚᱠᱛᱮ ᱨᱮ ᱮᱠᱮᱱ ᱢᱤᱛ ᱡᱩᱲᱟᱣ ᱜᱮᱢ ᱵᱮᱵᱷᱟᱨ ᱫᱟᱲᱤᱭᱟᱜ-ᱟ"},{"$i":"connectingEllipsis","$v":"ᱡᱩᱲᱟᱜ ᱠᱟᱱᱟ..."},{"$i":"gaia-menu-cancel","$v":"ᱢᱩᱪᱮᱫ"},{"$i":"gaia-sim-picker-dial-via-with-number","$v":["ᱰᱟᱭᱤᱞ ",{"t":"idOrVar","v":"phoneNumber"},"  ᱫᱟᱨᱟᱭ ᱛᱮ"]},{"$i":"gaia-sim-picker-select-sim","$v":"SIM ᱠᱟᱨᱰ ᱵᱟᱪᱷᱟᱣ ᱢᱮ"},{"$i":"gaia-sim-picker-button","$v":["SIM",{"t":"idOrVar","v":"n"}]},{"$i":"gaia-sim-picker-button-default","$v":"(ᱟᱥᱚᱞ)"}]