[{"$i":"label","$v":"पर्ची"},{"$i":"mobile","$v":"मोबाइल"},{"$i":"home","$v":"घर"},{"$i":"work","$v":"कम"},{"$i":"personal","$v":"जाती"},{"$i":"faxHome","$v":"फैक्स होम"},{"$i":"faxOffice","$v":"फैक्स आफ़ीस"},{"$i":"faxOther","$v":"फैक्स ॿियो"},{"$i":"another","$v":"हिकु ॿियो"},{"$i":"other","$v":"बियो"},{"$i":"tcl-customTag","$v":"रवाजी टैग"},{"$i":"customTag","$v":"रवाजी टैग","placeholder":"रवाजी टैग"},{"$i":"current","$v":"मोजूदह"},{"$i":"itemWithLabel","$v":[{"t":"idOrVar","v":"label"},", ",{"t":"idOrVar","v":"item"}]},{"$i":"error","$v":"गडबडी"},{"$i":"ok","$v":"ठीक"},{"$i":"cancel","$v":"मंसूख़ कर्यो"},{"$i":"emergency-call-only","$v":"छड़ो ज़रूरी तकिड़ा कॉल्स"},{"$i":"emergency-call-error","$v":[{"t":"idOrVar","v":"number"}," हिक हंगामी नम्बरु नाहे"]},{"$i":"tcl-softkey-call","$v":"काल"},{"$i":"tcl-ice-list-call","$v":"काल"},{"$i":"emergency-call","$v":"तकिड़ी ज़रूरत"},{"$i":"phoneNumberInput","ariaLabel":"फ़ोनु नम्बरु"},{"$i":"keypadDelete","ariaLabel":"रदि"},{"$i":"voiceMailKey","ariaLabel":"वाऐसमेल"},{"$i":"asterisk","ariaLabel":"एसटीरक"},{"$i":"hashSign","ariaLabel":"हैश साइन"},{"$i":"loadingSimContacts","$v":"SIM कार्डु राबता लोड किरी प्यो..."},{"$i":"noContactsWereFound","$v":"के बि राबता न मिलिया हुआ"},{"$i":"noContactsFoundDialogOk","$v":"ठीक"},{"$i":"emergencyNumber","$v":"मुश्किलात में नम्बर"},{"$i":"callAirplaneModeMessage","$v":"हिक कालु करणु जे लाइ तवहां खे सीटनगन में एअर प्लैन मूड ग़ैरु फ़आल करणु जी ज़रूरत पवे थी."},{"$i":"callAirplaneModeBtnOk","$v":"ठीक"},{"$i":"callAirplaneModeTitle","$v":"हवाई जहाज़ मूड फ़आल थियो"},{"$i":"numberIsBusyTitle","$v":"नम्बरु मसरूफ़ु आहिनि"},{"$i":"numberIsBusyMessage","$v":"नम्बरु मोजूदह तौर ते मसरूफ़ु आहे. महर्बानी करे पोई वरी कोशिश कजो"},{"$i":"fdnIsActiveTitle","$v":"FDN फ़आल"},{"$i":"fdnIsActiveMessage","$v":["FDN (फ़िक्स्डि डाइलनग नम्बरु फ़आल थियल आहे ऐं ह॓ठियूं नम्बरु तव्हांजीFDN लिस्ट में नाहे ",{"t":"idOrVar","v":"number"}]},{"$i":"emergencyDialogBodyBadNumber","$v":"हिक कालु करणु जे लाइ फ़ोनु खे नेटवर्क सां ॻंढणु ज़रूरी आहे."},{"$i":"emergencyDialogBodyDeviceNotAccepted","$v":"नेटवर्क जे तर्फ़ां हंगामी कॉलिन जी इजाज़त नाहे."},{"$i":"emergencyDialogBtnOk","$v":"ठीक"},{"$i":"emergencyDialogTitle","$v":"को नेटवर्क गंढ कोन्हे"},{"$i":"invalidNumberToDialTitle","$v":"ग़लति फ़ोनु नम्बरु"},{"$i":"invalidNumberToDialMessage","$v":"फ़ोनु नम्बरु जंहिं ते तवहां कालु करे रहिया आहियो सहीह नाहे."},{"$i":"unableToCallTitle","$v":"हाणि फ़ोनु कालु करणु जी क़ाबिलु नाहे"},{"$i":"unableToCallMessage","$v":"हिक कालु नथा करे सघूं जेकॾहिं तवहां पहिरियां खां ई डाइल करे रहिया आहियो, महिरबानी करे पहिरियां हींग अप कर्यो."},{"$i":"otherConnectionInUseTitle","$v":"ॿियो कनेकशन इस्तेमाल में आहे"},{"$i":"otherConnectionInUseMessage","$v":"तवहां वटि हिक ॿी डिवाइस ते फ़आल कालु आहे. तवहां हिक ई वक्त में हिक कनेकशन इस्तेमाल करे सगहो था."},{"$i":"connectingEllipsis","$v":"गंढजे पई..."},{"$i":"gaia-menu-cancel","$v":"मंसूख़ कर्यो"},{"$i":"gaia-sim-picker-dial-via-with-number","$v":["जे ज़रिए ",{"t":"idOrVar","v":"phoneNumber"}," डाइल कर्यो"]},{"$i":"gaia-sim-picker-select-sim","$v":"SIM चुंडो"},{"$i":"gaia-sim-picker-button","$v":["SIM",{"t":"idOrVar","v":"n"}]},{"$i":"gaia-sim-picker-button-default","$v":"(डिफॉल्ट)"}]