[{"$i":"label","$v":"லேபில்"},{"$i":"mobile","$v":"மொபைல்"},{"$i":"home","$v":"ஹோம்"},{"$i":"work","$v":"அலுவலகம்"},{"$i":"personal","$v":"தனிப்பட்டவை"},{"$i":"faxHome","$v":"Fax ஹோம்"},{"$i":"faxOffice","$v":"Fax ஆப்பீஸ்"},{"$i":"faxOther","$v":"மற்றவருக்கு Fax"},{"$i":"another","$v":"வேறொரு"},{"$i":"other","$v":"மற்ற"},{"$i":"tcl-customTag","$v":"கஸ்டம் டேக்"},{"$i":"customTag","$v":"கஸ்டம் டேக்","placeholder":"கஸ்டம் டேக்"},{"$i":"current","$v":"தற்போதைய"},{"$i":"itemWithLabel","$v":[{"t":"idOrVar","v":"label"},", ",{"t":"idOrVar","v":"item"}]},{"$i":"error","$v":"பிழை"},{"$i":"ok","$v":"சரி"},{"$i":"cancel","$v":"ரத்து செய்க"},{"$i":"emergency-call-only","$v":"அவசர கால்-கள் மட்டும்"},{"$i":"emergency-call-error","$v":[{"t":"idOrVar","v":"number"}," அவசரநிலை எண் இல்லை."]},{"$i":"tcl-softkey-call","$v":"கால்"},{"$i":"tcl-ice-list-call","$v":"கால்"},{"$i":"emergency-call","$v":"அவசரநிலை"},{"$i":"phoneNumberInput","ariaLabel":"ஃபோன் எண்"},{"$i":"keypadDelete","ariaLabel":"நீக்கு"},{"$i":"voiceMailKey","ariaLabel":"வாய்ஸ்மெயில்"},{"$i":"asterisk","ariaLabel":"ஆஸ்ட்ரிக்"},{"$i":"hashSign","ariaLabel":"ஹாஷ் சைன்"},{"$i":"loadingSimContacts","$v":"சிம் கார்டு தொடர்புகளை லோட் செய்கிறது…"},{"$i":"noContactsWereFound","$v":"தொடர்புகள் எதுவும் காணப்படவில்லை"},{"$i":"noContactsFoundDialogOk","$v":"சரி"},{"$i":"emergencyNumber","$v":"அவசர எண்"},{"$i":"callAirplaneModeMessage","$v":"கால் செய்ய நீங்கள் செட்டிஙஸ்-இல் ஏரோப்ளைன் மோட்-ஐ முடக்க வேண்டும்."},{"$i":"callAirplaneModeBtnOk","$v":"சரி"},{"$i":"callAirplaneModeTitle","$v":"ஏரோப்ளைன் மோட் செயல்படுத்தப்பட்டது"},{"$i":"numberIsBusyTitle","$v":"எண் பிஸியாக உள்ளது"},{"$i":"numberIsBusyMessage","$v":"எண் தற்போது பிஸியாக உள்ளது. தயவுசெய்து மீண்டும் முயலவும்."},{"$i":"fdnIsActiveTitle","$v":"FDN செயலில் உள்ளது"},{"$i":"fdnIsActiveMessage","$v":["FDN (ஃபிக்ஸ்ட் டயலிங் நம்பர்ஸ்) செயல்படுத்தப்பட்டது, பின்வரும் எண்கள் உங்கள் FDN பட்டியலில் இல்லை: ",{"t":"idOrVar","v":"number"}]},{"$i":"emergencyDialogBodyBadNumber","$v":"கால் செய்ய, ஃபோன் நெட்வொர்க்குடன் கனெக்ட் செய்திருக்க வேண்டும்."},{"$i":"emergencyDialogBodyDeviceNotAccepted","$v":"நெட்வொர்க்கால் அவசர கால்-கள் அனுமதிக்கப்படவில்லை."},{"$i":"emergencyDialogBtnOk","$v":"சரி"},{"$i":"emergencyDialogTitle","$v":"நெட்வொர்க் கனெக்ஷன் இல்லை"},{"$i":"invalidNumberToDialTitle","$v":"செல்லாத ஃபோன் எண்"},{"$i":"invalidNumberToDialMessage","$v":"நீங்கள் கால் செய்யும் ஃபோன் எண் சரியானது அல்ல."},{"$i":"unableToCallTitle","$v":"இப்போது ஒரு ஃபோன் கால் செய்ய இயலவில்லை"},{"$i":"unableToCallMessage","$v":"கால் செய்ய முடியாது. ஏற்கனவே நீங்கள் டயல் செய்தால், முதலில் அதனை நிறுத்தவும்."},{"$i":"otherConnectionInUseTitle","$v":"வேறொரு கனெக்ஷன் பயன்பாட்டில் உள்ளது"},{"$i":"otherConnectionInUseMessage","$v":"உங்களுக்கு மற்றொரு கனெக்ஷனில் செயலில் உள்ள கால் உள்ளது. ஒரே நேரத்தில் ஒரு கனெக்ஷனை மட்டுமே நீங்கள் பயன்படுத்தலாம்."},{"$i":"connectingEllipsis","$v":"கனெக்ட் செய்கிறது..."},{"$i":"gaia-menu-cancel","$v":"ரத்து செய்க"},{"$i":"gaia-sim-picker-dial-via-with-number","$v":["இதன்வழியாக ",{"t":"idOrVar","v":"phoneNumber"},"-ஐ டயல் செய்க"]},{"$i":"gaia-sim-picker-select-sim","$v":"சிம்-ஐ தேர்ந்தெடு"},{"$i":"gaia-sim-picker-button","$v":["சிம்",{"t":"idOrVar","v":"n"}]},{"$i":"gaia-sim-picker-button-default","$v":"(டீஃபால்ட்)"}]