[{"$i":"label","$v":"లేబుల్"},{"$i":"mobile","$v":"మొబైల్"},{"$i":"home","$v":"హోమ్"},{"$i":"work","$v":"కార్యాలయం"},{"$i":"personal","$v":"వ్యక్తిగతం"},{"$i":"faxHome","$v":"FAX హోమ్"},{"$i":"faxOffice","$v":"FAX ఆఫీసు"},{"$i":"faxOther","$v":"ఇతర FAX"},{"$i":"another","$v":"మరొకటి"},{"$i":"other","$v":"ఇతర"},{"$i":"tcl-customTag","$v":"కస్టమ్ ట్యాగ్"},{"$i":"customTag","$v":"కస్టమ్ ట్యాగ్","placeholder":"కస్టమ్ ట్యాగ్"},{"$i":"current","$v":"ప్రస్తుత"},{"$i":"itemWithLabel","$v":[{"t":"idOrVar","v":"label"},", ",{"t":"idOrVar","v":"item"}]},{"$i":"error","$v":"లోపం"},{"$i":"ok","$v":"సరే"},{"$i":"cancel","$v":"రద్దు చేయి"},{"$i":"emergency-call-only","$v":"అత్యవసర కాల్‌లు మాత్రమే"},{"$i":"emergency-call-error","$v":[{"t":"idOrVar","v":"number"}," అత్యవసర నంబర్ కాదు."]},{"$i":"tcl-softkey-call","$v":"కాల్"},{"$i":"tcl-ice-list-call","$v":"కాల్"},{"$i":"emergency-call","$v":"అత్యవసరం"},{"$i":"phoneNumberInput","ariaLabel":"ఫోన్ నంబర్"},{"$i":"keypadDelete","ariaLabel":"తొలగించు"},{"$i":"voiceMailKey","ariaLabel":"వాయిస్‌మెయిల్"},{"$i":"asterisk","ariaLabel":"ఆస్ట్రిక్"},{"$i":"hashSign","ariaLabel":"చిహ్నం ఉంది"},{"$i":"loadingSimContacts","$v":"సిమ్ కార్డ్ పరిచయాలను లోడ్ చేస్తోంది…"},{"$i":"noContactsWereFound","$v":"పరిచయాలు ఏవీ కనబడలేదు"},{"$i":"noContactsFoundDialogOk","$v":"సరే"},{"$i":"emergencyNumber","$v":"అత్యవసర నంబర్"},{"$i":"callAirplaneModeMessage","$v":"ఫోన్ కాల్ చేయడానికి మీరు సెట్టింగ్స్ ‌లలోని ఎయిర్‌ప్లేన్ మోడ్‌ను నిలిపివేయాలి."},{"$i":"callAirplaneModeBtnOk","$v":"సరే"},{"$i":"callAirplaneModeTitle","$v":"ఎయిర్‌ప్లేన్ మోడ్ యాక్టివేట్ అయ్యింది"},{"$i":"numberIsBusyTitle","$v":"నంబర్ బిజీగా ఉంది"},{"$i":"numberIsBusyMessage","$v":"ప్రస్తుతం నంబర్ బిజీగా ఉంది. దయచేసి తర్వాత  మరలా ప్రయత్నించండి."},{"$i":"fdnIsActiveTitle","$v":"FDN సక్రియపరుచు"},{"$i":"fdnIsActiveMessage","$v":["FDN (ఫిక్స్డ్ డయలింగ్ నంబర్‌లు) యాక్టివేట్ అయ్యింది మరియు క్రింది నంబర్ మీ FDN లిస్టులో లేదు: ",{"t":"idOrVar","v":"number"}]},{"$i":"emergencyDialogBodyBadNumber","$v":"ఫోన్ కాల్ చేయడానికి, ఫోన్ తప్పనిసరిగా నెట్‌వర్క్‌కు కనెక్ట్ అయ్యి ఉండాలి."},{"$i":"emergencyDialogBodyDeviceNotAccepted","$v":"నెట్‌వర్క్ ద్వారా అత్యవసర కాల్‌లు అనుమతించబడవు."},{"$i":"emergencyDialogBtnOk","$v":"సరే"},{"$i":"emergencyDialogTitle","$v":"నెట్వర్క్ కనెక్షన్ లేదు"},{"$i":"invalidNumberToDialTitle","$v":"చెల్లని ఫోన్ నంబర్"},{"$i":"invalidNumberToDialMessage","$v":"మీరు కాల్ చేస్తున్న ఫోన్ నంబర్ సరైనది కాదు."},{"$i":"unableToCallTitle","$v":"ఇప్పుడు ఫోన్ కాల్ చేయలేకపోయింది"},{"$i":"unableToCallMessage","$v":"కాల్ చేయలేరు. మీరు ఇప్పటికే డయల్ చేస్తున్నట్లయితే దయచేసి ముందుగా దాన్ని ఆపివేయండి."},{"$i":"otherConnectionInUseTitle","$v":"ఇతర కనెక్షన్ వినియోగంలో ఉంది"},{"$i":"otherConnectionInUseMessage","$v":"మరొక కనెక్షన్‌లో మీకు కాల్ సక్రియంగా ఉంది. మీరు ఒక సమయంలో కేవలం ఒక కనెక్షన్‌ను ఉపయోగించవచ్చు."},{"$i":"connectingEllipsis","$v":"కనెక్ట్ చేస్తోంది..."},{"$i":"gaia-menu-cancel","$v":"రద్దు చేయి"},{"$i":"gaia-sim-picker-dial-via-with-number","$v":["దీని ద్వారా ",{"t":"idOrVar","v":"phoneNumber"}," డయల్ చేయి"]},{"$i":"gaia-sim-picker-select-sim","$v":"సిమ్ ఎంచుకోండి"},{"$i":"gaia-sim-picker-button","$v":["సిమ్",{"t":"idOrVar","v":"n"}]},{"$i":"gaia-sim-picker-button-default","$v":"(డీఫాల్ట్)"}]