[{"$i":"label","$v":"लेबेल"},{"$i":"mobile","$v":"मबाइल"},{"$i":"home","$v":"हम"},{"$i":"work","$v":"वार्क"},{"$i":"personal","$v":"गावारि"},{"$i":"faxHome","$v":"फेक्स हम"},{"$i":"faxOffice","$v":"फेक्स अफिस"},{"$i":"faxOther","$v":"गुबुन फेक्स खालाम"},{"$i":"another","$v":"गुबुन"},{"$i":"other","$v":"गुबुन"},{"$i":"tcl-customTag","$v":"काष्टम टेग"},{"$i":"customTag","$v":"काष्टम टेग","placeholder":"काष्टम टेग"},{"$i":"current","$v":"आथिखाल"},{"$i":"itemWithLabel","$v":[{"t":"idOrVar","v":"label"},", ",{"t":"idOrVar","v":"item"}]},{"$i":"error","$v":"गोरोन्थि"},{"$i":"ok","$v":"जागोन"},{"$i":"cancel","$v":"दान"},{"$i":"emergency-call-only","$v":"हरखाब कलफोरल’"},{"$i":"emergency-call-error","$v":[{"t":"idOrVar","v":"number"}," नांथारगौ समनि नामबार नङा।"]},{"$i":"tcl-softkey-call","$v":"कल खालाम"},{"$i":"tcl-ice-list-call","$v":"कल खालाम"},{"$i":"emergency-call","$v":"हरखाब"},{"$i":"phoneNumberInput","ariaLabel":"जानबुं अनजिमा"},{"$i":"keypadDelete","ariaLabel":"दान"},{"$i":"voiceMailKey","ariaLabel":"भइसमैल खालाम"},{"$i":"asterisk","ariaLabel":"एसटेरिक"},{"$i":"hashSign","ariaLabel":"सागान दं"},{"$i":"loadingSimContacts","$v":"सिमनि जगाज'गफोरा बजाय होगासिनो"},{"$i":"noContactsWereFound","$v":"जगाज'गफोर मोनाय जायाखै"},{"$i":"noContactsFoundDialogOk","$v":"जागोन"},{"$i":"emergencyNumber","$v":"हरखाब नाम्बार"},{"$i":"callAirplaneModeMessage","$v":"कल हरनो थाखाय नोंथाङा बिरखं मडखौ सेटिंग्साव हायि खालामना लानांगोन।"},{"$i":"callAirplaneModeBtnOk","$v":"जागोन"},{"$i":"callAirplaneModeTitle","$v":"बिरखं मोद एकटिभेट खालामनाय जाबाय"},{"$i":"numberIsBusyTitle","$v":"अनजिमाया बाहायजागासिनो"},{"$i":"numberIsBusyMessage","$v":"नामबारा दायो मुखुब दङ। अन्नानै इयुनाव नाजाफिन"},{"$i":"fdnIsActiveTitle","$v":"FDN गोख्रों जाबाय"},{"$i":"fdnIsActiveMessage","$v":["FDN (Fixed Dialing Numbers) आ गोख्रों जाबाय आरो गाहायनि नाम्बारफोरा नोंनि FDN फारिलाइयाव गैया : ",{"t":"idOrVar","v":"number"}]},{"$i":"emergencyDialogBodyBadNumber","$v":"कल हरनो थाखाय नोंथाङा फनना मोनसे नेटवार्कजों फोनांजाथारनांगोन।"},{"$i":"emergencyDialogBodyDeviceNotAccepted","$v":"नांथारगौ समनि कलफोरा नेटवार्कजों गनायथि होजायाखै।"},{"$i":"emergencyDialogBtnOk","$v":"जागोन"},{"$i":"emergencyDialogTitle","$v":"जेबो नेटवार्क फोनांजाबनाय गैया"},{"$i":"invalidNumberToDialTitle","$v":"खान्थि गैयै फन अनजिमा"},{"$i":"invalidNumberToDialMessage","$v":"नोंथाङा कल हरनाय फन नामबारा उदायलिया।"},{"$i":"unableToCallTitle","$v":"दायो फन कल हरनो हायाखै"},{"$i":"unableToCallMessage","$v":"कल खालामनो हाया । नों डाइल खालामबाय थादोंब्ला, अननानै गिबियाव हें खालाम৷"},{"$i":"otherConnectionInUseTitle","$v":"गुबुन गुबुन फोनांजाबनानै बाहायदों"},{"$i":"otherConnectionInUseMessage","$v":"नोंथांहा गुबुन मोनसे फोनांजाबनायाव मोनसे सांग्रां कल दंबावो। सम मोनसेयाव नोंथाङा मोनसेल' फोनांजाबनाय बाहायनो हागोन।"},{"$i":"connectingEllipsis","$v":"फोनांजाबदों..."},{"$i":"gaia-menu-cancel","$v":"दान"},{"$i":"gaia-sim-picker-dial-via-with-number","$v":[{"t":"idOrVar","v":"phoneNumber"}," जों डाइल खालाम"]},{"$i":"gaia-sim-picker-select-sim","$v":"SIM खौ चेलेक खालाम"},{"$i":"gaia-sim-picker-button","$v":["SIM",{"t":"idOrVar","v":"n"}]},{"$i":"gaia-sim-picker-button-default","$v":"(डिफल्ट)"}]