[{"$i":"label","$v":"لیبل"},{"$i":"mobile","$v":"موبائل"},{"$i":"home","$v":"گھر"},{"$i":"work","$v":"دفتر"},{"$i":"personal","$v":"ذاتی"},{"$i":"faxHome","$v":"فیکس ہوم"},{"$i":"faxOffice","$v":"فیکس آفیس"},{"$i":"faxOther","$v":"فیکس دیگر"},{"$i":"another","$v":"دیگر"},{"$i":"other","$v":"دیگر"},{"$i":"tcl-customTag","$v":"کسٹم ٹيگ"},{"$i":"customTag","$v":"کسٹم ٹيگ","placeholder":"کسٹم ٹيگ"},{"$i":"current","$v":"موجودہ"},{"$i":"itemWithLabel","$v":[{"t":"idOrVar","v":"label"},", ",{"t":"idOrVar","v":"item"}]},{"$i":"error","$v":"خرابی"},{"$i":"ok","$v":"ٹھیک ہے"},{"$i":"cancel","$v":"منسوخ کریں"},{"$i":"emergency-call-only","$v":"صرف ہنگامی کالز"},{"$i":"emergency-call-error","$v":[{"t":"idOrVar","v":"number"}," ایک ہنگامی نمبر نہیں ہے۔"]},{"$i":"tcl-softkey-call","$v":"کال کریں"},{"$i":"tcl-ice-list-call","$v":"کال کریں"},{"$i":"emergency-call","$v":"ہنگامی"},{"$i":"phoneNumberInput","ariaLabel":"فون نمبر"},{"$i":"keypadDelete","ariaLabel":"حذف کریں"},{"$i":"voiceMailKey","ariaLabel":"صوتی میل"},{"$i":"asterisk","ariaLabel":"ستارہ کا نشان"},{"$i":"hashSign","ariaLabel":"ہیش سائن"},{"$i":"loadingSimContacts","$v":"سم کارڈ کے روابط لوڈ ہورہے ہیں…"},{"$i":"noContactsWereFound","$v":"کوئی روابط نہیں ملے تھے"},{"$i":"noContactsFoundDialogOk","$v":"ٹھیک ہے"},{"$i":"emergencyNumber","$v":"ہنگامی نمبر"},{"$i":"callAirplaneModeMessage","$v":"کال کرنے کیلئے آپ کو سیٹنگز میں ہوائی جہاز موڈ غیر فعال کرنے کی ضرورت ہوگی۔"},{"$i":"callAirplaneModeBtnOk","$v":"ٹھیک ہے"},{"$i":"callAirplaneModeTitle","$v":"ایئر پلین موڈ فعال شدہ"},{"$i":"numberIsBusyTitle","$v":"نمبر مصروف ہے"},{"$i":"numberIsBusyMessage","$v":"نمبر فی الحال مصروف ہے۔ براہ کرم بعد ازاں دوبارہ کوشش کریں۔"},{"$i":"fdnIsActiveTitle","$v":"FDN فعال"},{"$i":"fdnIsActiveMessage","$v":["FDN (فکسڈ ڈائلنگ نمبرز) فعال شدہ ہے اور مندرجہ ذیل نمبر آپ کی FDN فہرست میں نہیں ہے: ",{"t":"idOrVar","v":"number"}]},{"$i":"emergencyDialogBodyBadNumber","$v":"کال کرنے کیلئے، فون کو نیٹ ورک سے جڑا ہونا ضروری ہے۔"},{"$i":"emergencyDialogBodyDeviceNotAccepted","$v":"ہنگامی کالز نیٹ ورک کے ذریعے اجازت یافتہ نہیں ہے۔"},{"$i":"emergencyDialogBtnOk","$v":"ٹھیک ہے"},{"$i":"emergencyDialogTitle","$v":"کوئی نیٹ ورک کنکشن نہیں"},{"$i":"invalidNumberToDialTitle","$v":"غیر مجاز فون نمبر"},{"$i":"invalidNumberToDialMessage","$v":"آپ جس نمبر پر کال کررہے ہیں وہ غلط ہے۔"},{"$i":"unableToCallTitle","$v":"ابھی فون کال کرنے سے قاصر"},{"$i":"unableToCallMessage","$v":"کال نہیں کیا جاسکتا۔ اگر آپ پہلے سے ڈاؤن لوڈ کررہے ہیں، تو براہ کرم پہلے فون کاٹ دیں۔"},{"$i":"otherConnectionInUseTitle","$v":"دوسرا کنیکشن زیر استعمال ہے"},{"$i":"otherConnectionInUseMessage","$v":"دیگر کنیکشن پر آپ کا کوئی فعال کال ہے۔ آپ ایک وقت میں صرف ایک کنیکشن استعمال کر سکتے ہیں۔"},{"$i":"connectingEllipsis","$v":"مربوط کیا جا رہا ہے..."},{"$i":"gaia-menu-cancel","$v":"منسوخ کریں"},{"$i":"gaia-sim-picker-dial-via-with-number","$v":[{"t":"idOrVar","v":"phoneNumber"}," ڈائل کریں بذریعہ"]},{"$i":"gaia-sim-picker-select-sim","$v":"سم منتخب کریں"},{"$i":"gaia-sim-picker-button","$v":["سم",{"t":"idOrVar","v":"n"}]},{"$i":"gaia-sim-picker-button-default","$v":"(ڈیفالٹ)"}]