[{"$i":"contacts","$v":"কনটেক্টসমূহ"},{"$i":"view","$v":"চাওক"},{"$i":"no-contacts","$v":"কোনো কনটেক্ট নাই"},{"$i":"reading-contacts","$v":"কনটেক্টসমূহ লোড হৈ আছে"},{"$i":"start-adding","$v":"কনটেক্টসমূহ যোগ কৰিবলৈ নতুন কনটেক্ট টিপক ৷"},{"$i":"no-contact-available","$v":"কোনো কনটেক্ট উপলব্ধ নাই"},{"$i":"ok","$v":"ঠিক আছে"},{"$i":"no-phone-number-to-dial","$v":"ডায়েল কৰিবলৈ কোনো ফোন নম্বৰ নাই"},{"$i":"move","$v":"স্থানান্তৰ কৰক"},{"$i":"copy","$v":"প্ৰতিলিপি কৰক"},{"$i":"copy-contacts","$v":"কনটেক্টসমূহ প্ৰতিলিপি কৰক"},{"$i":"move-contacts","$v":"কনটেক্টসমূহ স্থানান্তৰ কৰক"},{"$i":"phone-memory","$v":"ফোন মেম'ৰী"},{"$i":"sim-memory","$v":"চিম মেম'ৰী"},{"$i":"move-from","$v":"ইয়াৰ পৰা স্থানান্তৰ কৰক"},{"$i":"to","$v":"লৈ"},{"$i":"move-contacts-progressing","$v":"কনটেক্ট (সমূহ) স্থানান্তৰ হৈ আছে..."},{"$i":"copy-contacts-progressing","$v":"কনটেক্ট (সমূহ)প্ৰতিলিপি কৰি আছে..."},{"$i":"contact-move-to-sim","$v":[{"t":"idOrVar","v":"migrated"}," কনটেক্ট (সমূহ) চিমলৈ স্থানান্তৰিত হ'ল"]},{"$i":"contact-copy-to-sim","$v":[{"t":"idOrVar","v":"migrated"}," কনটেক্ট (সমূহ) চিমলৈ প্ৰতিলিপি কৰা হৈছে"]},{"$i":"contact-move-to-sim0","$v":[{"t":"idOrVar","v":"migrated"}," কনটেক্ট (সমূহ) চিম 1 লৈ স্থানান্তৰ কৰা হৈছে"]},{"$i":"contact-copy-to-sim0","$v":[{"t":"idOrVar","v":"migrated"}," কনটেক্ট (সমূহ) চিম 1 লৈ প্ৰতিলিপি কৰা হৈছে"]},{"$i":"contact-move-to-sim1","$v":[{"t":"idOrVar","v":"migrated"}," কনটেক্ট (সমূহ) চিম 2 লৈ স্থানান্তৰ কৰা হৈছে"]},{"$i":"contact-copy-to-sim1","$v":[{"t":"idOrVar","v":"migrated"}," কনটেক্ট (সমূহ) চিম 2 লৈ প্ৰতিলিপি কৰা হৈছে"]},{"$i":"contact-move-to-device","$v":[{"t":"idOrVar","v":"migrated"}," কনটেক্ট (সমূহ) ডিভাইচলৈ স্থানান্তৰ কৰা হৈছে"]},{"$i":"contact-copy-to-device","$v":[{"t":"idOrVar","v":"migrated"}," কনটেক্ট (সমূহ) ডিভাইচলৈ প্ৰতিলিপি কৰা হৈছে"]},{"$i":"copy-contact-failed","$v":"কনটেক্ট প্ৰতিলিপি কৰিবলৈ বিফল হ'ল"},{"$i":"move-contact-failed","$v":"কনটেক্ট প্ৰতিলিপি কৰিবলৈ বিফল হ'ল"},{"$i":"contact-copy-error-sim-full","$v":"চিম কাৰ্ড ভৰ্তি হোৱাৰ বাবে কনটেক্টসমূহ প্ৰতিলিপি কৰাটো সম্পূৰ্ণ নহ'ল"},{"$i":"contact-copy-error-unknown","$v":"এটা অজ্ঞাত ত্ৰুতিৰ বাবে কনটেক্টসমূহ প্ৰতিলিপি কৰাটো সম্পূৰ্ণ নহ'ল"},{"$i":"contact-move-error-sim-full","$v":"চিম কাৰ্ড ভৰ্তি হোৱাৰ বাবে কনটেক্টসমূহ স্থানান্তৰ কৰাটো সম্পূৰ্ণ নহ'ল"},{"$i":"contact-move-error-unknown","$v":"এটা অজ্ঞাত ত্ৰুতিৰ বাবে কনটেক্টসমূহ স্থানান্তৰ কৰাটো সম্পূৰ্ণ নহ'ল"},{"$i":"memory","$v":"মেম’ৰী"},{"$i":"phone-and-sim","$v":"ফোন আৰু চিম"},{"$i":"phone","$v":"ফোন"},{"$i":"sim","$v":"চিম"},{"$i":"reloading-contact","$v":"কনটেক্টসমূহ পুনৰ লোড হৈ আছে.."},{"$i":"contact-reloaded","$v":"কনটেক্টসমূহ পুনৰ লোড হৈছে"},{"$i":"message","$v":"বাৰ্তা"},{"$i":"find-duplicate-contacts","$v":"নকল কনটেক্টসমূহ বিচাৰক"},{"$i":"no-duplicate-contact-found","$v":"কোনো নকল কনটেক্ট পোৱা নাই"},{"$i":"change-saved","$v":"পৰিৱৰ্তন চেভ কৰা হৈছে"},{"$i":"contact-updated","$v":"কনটেক্ট আপডেট কৰা হৈছে"},{"$i":"already-ice-contact","$v":"এই কনটেক্টটো ইতিমধ্যে এটা ICE কনটেক্ট"},{"$i":"callAirplaneModeTitle","$v":"এয়াৰপ্লেন মোড সক্ৰিয় কৰা হৈছে"},{"$i":"callAirplaneModeMessage","$v":"এটা কল কৰিবলৈ আপুনি ছেটিংছত এয়াৰপ্লেন মোড অক্ষম কৰিব লাগিব ৷"},{"$i":"emergencyDialogTitle","$v":"কোনো নেটৱৰ্ক সংযোগ নাই"},{"$i":"emergencyDialogBodyBadNumber","$v":"এটা কল কৰিবলৈ, ফোনটো এটা নেটৱৰ্কলৈ সংযোগ কৰিবই লাগিব ৷"},{"$i":"emergencyDialogBodyDeviceNotAccepted","$v":"নেটৱৰ্কৰ দ্বাৰা আপাতকালীন কলসমূহ অনুমোদিত নহয় ৷"},{"$i":"invalidNumberToDialTitle","$v":"অবৈধ ফোন নম্বৰ"},{"$i":"invalidNumberToDialMessage","$v":"আপুনি কল কৰা ফোন নম্বৰটো বৈধ নহয় ৷"},{"$i":"emergency-call-only","$v":"কেৱল আপাতকালীন কল"},{"$i":"emergency-call-error","$v":[{"t":"idOrVar","v":"number"}," এটা আপাতকালীন নম্বৰ নহয় ৷"]},{"$i":"numberIsBusyTitle","$v":"নম্বৰ ব্যস্ত হৈ আছে"},{"$i":"numberIsBusyMessage","$v":"নম্বৰটো সম্প্ৰতি ব্যস্ত হৈ আছে ৷ অনুগ্ৰহ কৰি পিছত পুনৰ চেষ্টা কৰক।"},{"$i":"fdnIsActiveTitle","$v":"FDN সক্ৰিয়"},{"$i":"fdnIsActiveMessage","$v":["FDN (ফিক্সড ডায়েলিং নম্বৰসমূহ) সক্ৰিয় হৈছে আৰু নিম্নোক্ত নম্বৰটো আপোনাৰ FDN সূচীত নাই: ",{"t":"idOrVar","v":"number"}]},{"$i":"otherConnectionInUseTitle","$v":"অন্য সংযোগ ব্যৱহাৰ হৈ আছে"},{"$i":"otherConnectionInUseMessage","$v":"আপোনাৰ অন্য সংযোগত এটা সক্ৰিয় কল আছে ৷ আপুনি এবাৰত কেৱল এটা সংযোগহে ব্যৱহাৰ কৰিব পাৰে ৷"},{"$i":"GenericFailure","$v":"সামান্য বিফলতা"},{"$i":"scCallBarring","$v":"কল প্ৰতিবন্ধকতা"},{"$i":"scCallForwarding","$v":"কল ফৰৱাৰ্ডিং"},{"$i":"scClip","$v":"ইনকামিং কলাৰ ID"},{"$i":"scClir","$v":"আউটগ’য়িং কলাৰ ID"},{"$i":"scPwd","$v":"পাছৱৰ্ড পৰিৱৰ্তন কৰক"},{"$i":"scCallWaiting","$v":"কল অপেক্ষাৰত"},{"$i":"scPin","$v":"পিন পৰিৱৰ্তন কৰক"},{"$i":"scPin2","$v":"পিন2 ৰ পৰিৱৰ্তন"},{"$i":"scPuk","$v":"পিন আনব্লক কৰক"},{"$i":"scPuk2","$v":"পিন2 আনব্লক কৰক"},{"$i":"scImei","$v":"IMEI"},{"$i":"scMeid","$v":"MEID"},{"$i":"scUssd","$v":"USSD"},{"$i":"set-speed-dial","$v":"স্পীড ডায়েল কনটেক্টসমূহ ছেট কৰক"},{"$i":"empty","$v":"খালী"},{"$i":"voicemail","$v":"ভইচমেইল"},{"$i":"speed-dial","$v":"স্পীড ডায়েল"},{"$i":"add","$v":"যোগ কৰক"},{"$i":"replace","$v":"ৰিপ্লেচ কৰক"},{"$i":"remove-from-speed-dial","$v":"স্পীড ডায়েলৰ পৰা আঁতৰাওক"},{"$i":"custom-dialog-replace-speed-dial","$v":["আপুনি ",{"t":"idOrVar","v":"newSpeedDial"},"ৰ সৈতে স্পীড ডায়েল ",{"t":"idOrVar","v":"oldSpeedDial"}," ৰিপ্লেচ কৰিবলৈ বিচাৰেনে?"]},{"$i":"custom-dialog-remove-speed-dial","$v":["আপুনি স্পীড ডায়েলৰ পৰা ",{"t":"idOrVar","v":"name"}," আঁতৰাবলৈ বিচাৰেনে?"]},{"$i":"voice-mail","$v":"ভইচ মেইল"},{"$i":"voice-mail-number","$v":"ভইচ মেইল নম্বৰ"},{"$i":"voice-mail-number-updated","$v":"ভইচ মেইল নম্বৰ আপডেট কৰা হৈছে"},{"$i":"found-duplicates-message","$v":"নিম্নোক্ত কনটেক্টসমূহত নকল তথ্য পোৱা গৈছিল ৷ আপুনি মিশ্ৰিত কৰিব বিচাৰে নেকি?"},{"$i":"confirm-to-merge-contacts","$v":["আপুনি ",{"t":"idOrVar","v":"n"}," কনটেক্ট ",{"t":"idOrVar","v":"name"},"ৰ সৈতে মিশ্ৰণ কৰিবলৈ বিচাৰেনে ?"]},{"$i":"merge","$v":"মিশ্ৰিত কৰক"},{"$i":"contact-merged","$v":"কনটেক্ট মিশ্ৰিত কৰা হৈছে"},{"$i":"add-favorite","$v":"প্ৰিয়ৰূপে যোগ কৰক"},{"$i":"remove-favorite","$v":"অপ্ৰিয়"},{"$i":"favorite-contacts","$v":"প্ৰিয় কনটেক্টসমূহ"},{"$i":"sort-contacts","$v":"কনটেক্টসমূহ ক্ৰমবন্ধ কৰক"},{"$i":"sort-by-first-name","$v":"প্ৰথম নাম অনুযায়ী ক্ৰমবন্ধ কৰক"},{"$i":"sort-by-last-name","$v":"উপাধি অনুযায়ী ক্ৰমবন্ধ কৰক"},{"$i":"no-support-open-multi-vcard","$v":"অধিক কনটেক্টৰ সৈতে ভীকাৰ্ড খুলিব পৰা নাযাব"},{"$i":"sdcard","$v":"মেম’ৰী কাৰ্ড"},{"$i":"simcard","$v":"চিম কাৰ্ড"},{"$i":"import-contacts","$v":"কনটেক্টসমূহ ইমপ’ৰ্ট কৰক"},{"$i":"simContacts-error","$v":"কনটেক্টসমূহ চিমৰপৰা ইমপ’ৰ্ট কৰিব পৰা নগ’ল"},{"$i":"memoryCardContacts-error","$v":"মেম’ৰী কাৰ্ডৰ পৰা কনটেক্টসমূহ ইমপ’ৰ্ট কৰিব পৰা নগ’ল"},{"$i":"simContacts-reading","$v":"চিম কাৰ্ডৰ পৰা কনটেক্টসমূহ পঢ়ি আছে"},{"$i":"memoryCardContacts-reading","$v":"মেম’ৰী কাৰ্ডৰ পৰা কনটেক্টসমূহ পঢ়ি আছে..."},{"$i":"importContactsTitle","$v":"কনটেক্টসমূহ ইমপ’ৰ্ট কৰক"},{"$i":"retry","$v":"পুনঃচেষ্টা কৰক"},{"$i":"noSimMsg","$v":"কনটেক্টসমূহ ইমপ’ৰ্ট কৰিবলৈ আপোনাৰ চিম কাৰ্ড ভৰাওক বা আনলক কৰক"},{"$i":"noSdcardMsg","$v":"কনটেক্টসমূহ ইমপ’ৰ্ট কৰিবলৈ মেম’ৰী কাৰ্ড ভৰাওক"},{"$i":"not-imported","$v":"ইমপ’ৰ্ট কৰা হোৱা নাই"},{"$i":"imported","$v":"ইমপ’ৰ্ট কৰা হল"},{"$i":"importing","$v":"ইমপ’ৰ্ট হৈ আছে"},{"$i":"contact-imported","$v":["ইমপ’ৰ্ট কৰা ",{"t":"idOrVar","v":"imported"}," কনটেক্টসমূহ।",{"t":"idOrVar","v":"dupes"}," কনটেক্টসমূহ মিশ্ৰিত কৰা হৈছে"]},{"$i":"reading-contacts-from-sim","$v":"চিম কাৰ্ডৰপৰা কনটেক্টসমূহ পঢ়ি আছে"},{"$i":"reading-contacts-from-gmail","$v":"জিমেইলৰ পৰা কনটেক্টসমূহ পঢ়ি আছে.."},{"$i":"reading-contacts-from-live","$v":"আউটলুকৰ পৰা কনটেক্টসমূহ পঢ়ি আছে.."},{"$i":"reading-contacts-from-sd","$v":"মেম’ৰী কাৰ্ডৰপৰা কনটেক্টসমূহ পঢ়ি আছে"},{"$i":"reading-contacts-from-vcard","$v":"ফাইলৰপৰা কনটেক্টসমূহ পঢ়ি আছে"},{"$i":"importing-contacts-from-sim","$v":"চিম কাৰ্ডৰ পৰা কনটেক্টসমূহ ইমপ’ৰ্ট কৰি আছে.."},{"$i":"importing-contacts-from-gmail","$v":"জিমেইলৰ পৰা কনটেক্টসমূহ ইমপ’ৰ্ট কৰি আছে.."},{"$i":"importing-contacts-from-live","$v":"আউটলুকৰ পৰা কনটেক্টসমূহ ইমপ’ৰ্ট কৰি আছে.."},{"$i":"importing-contacts-from-sd","$v":"মেম’ৰী কাৰ্ডৰ পৰা কনটেক্টসমূহ ইমপ’ৰ্ট কৰি আছে.."},{"$i":"importing-contacts-from-vcard","$v":"ফাইলৰপৰা কনটেক্টসমূহ ইমপ’ৰ্ট হৈ আছে"},{"$i":"connect-network-to-import","$v":"কনটেক্টসমূহ ইমপ’ৰ্ট কৰিবলৈ, Wi-Fi বা ডাটা নেটৱৰ্কলৈ সংযোগ কৰক"},{"$i":"export","$v":"এক্সপ’ৰ্ট কৰক"},{"$i":"export-contacts","$v":"কনটেক্টসমূহ এক্সপ’ৰ্ট কৰক"},{"$i":"simExport-title","$v":"চিমলৈ এক্সপ’ৰ্ট কৰক"},{"$i":"memoryCardExport-title","$v":"মেম’ৰী কাৰ্ডলৈ এক্সপ’ৰ্ট কৰক"},{"$i":"btExport-title","$v":"ব্লুটুথলৈ এক্সপ’ৰ্ট কৰক"},{"$i":"noSimMsgExport","$v":"কনটেক্টসমূহ এক্সপ’ৰ্ট কৰিবলৈ আপোনাৰ চিম কাৰ্ড ভৰাওক বা আনলক কৰক"},{"$i":"bluetoothNoConnection","$v":"কনটেক্টসমূহ এক্সপ’ৰ্ট কৰিবলৈ এটা ব্লুটুথ ডিভাইচ সংযোগ কৰক ৷"},{"$i":"contact-exported","$v":["কনটেক্টসমূহ এক্সপ’ৰ্ট ",{"t":"idOrVar","v":"exported"}," কৰা হৈছে"]},{"$i":"export-contact-failed","$v":"কনটেক্টসমূহৰ এক্সপ’ৰ্ট বিফল হৈছে"},{"$i":"contact-export-error-sim-full","$v":"চিম কাৰ্ড পূৰ্ণ হোৱাৰ বাবে কনটেক্টসমূহৰ এক্সপ’ৰ্ট সম্পূৰ্ণ নহ’ল"},{"$i":"contact-export-error-unknown","$v":"অজ্ঞাত ত্ৰুতিৰ বাবে কনটেক্টসমূহৰ এক্সপ’ৰ্ট সম্পূৰ্ণ নহ’ল"},{"$i":"save","$v":"ছেভ কৰক"},{"$i":"back","$v":"পিছলৈ যাওক"},{"$i":"givenName","$v":"প্ৰথম নাম"},{"$i":"familyName","$v":"উপাধি"},{"$i":"name","$v":"নাম"},{"$i":"org","$v":"কোম্পানী"},{"$i":"ringtone","$v":"ৰিংট’ন"},{"$i":"note","$v":"টোকা"},{"$i":"email","$v":"ইমেইল"},{"$i":"adr","$v":"ঠিকনা"},{"$i":"custom","$v":"কাষ্টম"},{"$i":"confirm-discard-contact-data","$v":"কনটেক্ট তথ্য আঁতৰোৱা হ’ব ৷ আপুনি এই কনটেক্টটো চেভ কৰিব বিচাৰে নেকি?"},{"$i":"discard","$v":"আতৰাওঁক"},{"$i":"add-others","$v":"অন্য যোগ কৰক"},{"$i":"custom-type","$v":"কাষ্টম প্ৰকাৰ"},{"$i":"input-the-custom-type","$v":"অনুগ্ৰহ কৰি কাষ্টম প্ৰকাৰ ইনপুট কৰক"},{"$i":"contact-saved","$v":"কনটেক্ট চেভ হৈছে"},{"$i":"are-you-sure-to-delete-field","$v":["আপুনি  ",{"t":"idOrVar","v":"field"}," বিলোপ কৰিবলৈ নিশ্চিতনে ?"]},{"$i":"personal","$v":"ব্যক্তিগত"},{"$i":"mobile","$v":"ম’বাইল"},{"$i":"current","$v":"বৰ্তমান"},{"$i":"home","$v":"হোম"},{"$i":"work","$v":"কৰ্ম"},{"$i":"other","$v":"অন্যান্য"},{"$i":"fax-home","$v":"হোমলৈ Fax কৰক"},{"$i":"fax-office","$v":"কাৰ্য্যালয়লৈ Fax কৰক"},{"$i":"fax-other","$v":"আনক Fax কৰক"},{"$i":"add-tel","$v":"ফোন নম্বৰ যোগ কৰক"},{"$i":"add-email","$v":"ইমেইল যোগ কৰক"},{"$i":"add-ringtone","$v":"ৰিংট’ন যোগ কৰক"},{"$i":"add-adr","$v":"ঠিকনা যোগ কৰক"},{"$i":"add-bday","$v":"জন্মদিন যোগ কৰক"},{"$i":"add-photo","$v":"চিত্ৰ যোগ কৰক"},{"$i":"add-note","$v":"টোকা যোগ কৰক"},{"$i":"add-org","$v":"কোম্পানী যোগ কৰক"},{"$i":"delete-tel","$v":"ফোন নম্বৰ বিলোপ কৰক"},{"$i":"delete-email","$v":"ইমেইল বিলোপ কৰক"},{"$i":"delete-ringtone","$v":"ৰিংট’ন বিলোপ কৰক"},{"$i":"delete-adr","$v":"ঠিকনা বিলোপ কৰক"},{"$i":"delete-bday","$v":"জন্মদিন বিলোপ কৰক"},{"$i":"delete-photo","$v":"চিত্ৰ মচি পেলাওঁক"},{"$i":"delete-note","$v":"টোকা বিলোপ কৰক"},{"$i":"delete-org","$v":"কোম্পানী বিলোপ কৰক"},{"$i":"edit-tel-type","$v":"ফোনৰ প্ৰকাৰ সম্পাদনা কৰক"},{"$i":"edit-email-type","$v":"ইমেইলৰ প্ৰকাৰ সম্পাদনা কৰক"},{"$i":"edit-adr-type","$v":"ঠিকনা প্ৰকাৰ সম্পাদনা কৰক"},{"$i":"edit-bday-type","$v":"জন্মদিন সম্পাদনা কৰক"},{"$i":"replace-photo","$v":"ফটো পৰিৱৰ্তন কৰক"},{"$i":"replace-ringtone","$v":"ৰিংট’ন পৰিৱৰ্তন কৰক"},{"$i":"mobile-tel","$v":"ম’বাইল ফোন"},{"$i":"home-tel","$v":"গৃহ ফোন"},{"$i":"work-tel","$v":"কৰ্মস্থানৰ ফোন"},{"$i":"personal-tel","$v":"ব্যক্তিগত ফোন"},{"$i":"fax-home-tel","$v":"হোম Fax"},{"$i":"fax-office-tel","$v":"অ’ফিচ Fax"},{"$i":"fax-other-tel","$v":"অন্যান্য Fax"},{"$i":"other-tel","$v":"অন্য ফোন"},{"$i":"personal-email","$v":"ব্যক্তিগত ই-মেইল"},{"$i":"work-email","$v":"কৰ্মস্থানৰ ই-মেইল"},{"$i":"other-email","$v":"অন্য ই-মেইল"},{"$i":"custom-email","$v":[{"t":"idOrVar","v":"type"}," ই-মেইল"]},{"$i":"custom-tel","$v":[{"t":"idOrVar","v":"type"}," ফোন"]},{"$i":"personal-adr","$v":"ব্যক্তিগত ঠিকনা"},{"$i":"current-adr","$v":"বৰ্তমানৰ ঠিকনা"},{"$i":"home-adr","$v":"গৃহ ঠিকনা"},{"$i":"work-adr","$v":"কৰ্মস্থানৰ ঠিকনা"},{"$i":"custom-adr","$v":[{"t":"idOrVar","v":"type"}," ঠিকনা"]},{"$i":"bday","$v":"জন্ম দিন"},{"$i":"birthday","$v":"জন্ম দিন"},{"$i":"streetAddress","$v":"মাৰ্গ"},{"$i":"locality","$v":"চহৰ"},{"$i":"postalCode","$v":"পিন কোড"},{"$i":"countryName","$v":"দেশ"},{"$i":"region","$v":"স্থিতি"},{"$i":"no-name","$v":"কোনো নাম নাই"},{"$i":"new-contact","$v":"নতুন কনটেক্ট"},{"$i":"options","$v":"বিকল্পসমূহ"},{"$i":"cancel","$v":"বাতিল কৰক"},{"$i":"settings","$v":"ছেটিংছ"},{"$i":"edit","$v":"সম্পাদনা কৰক"},{"$i":"share","$v":"শ্বেয়াৰ কৰক"},{"$i":"remove","$v":"আঁতৰাওক"},{"$i":"music","$v":"সঙ্গীত"},{"$i":"ICEContactsGroup","$v":"ICE কনটেক্টসমূহ"},{"$i":"setICEButton","$v":"ICE কনটেক্টসমূহ ছেট কৰক"},{"$i":"ICESettingTitle","$v":"ICE কনটেক্টসমূহ"},{"$i":"ICEDescription","$v":"আপাতকালীন  ক্ষেত্ৰত  কল কৰিবলৈ  পাঁচটা  কনটেক্ট যোগ কৰক ।"},{"$i":"ICEContact","$v":["ICE  কনটেক্ট ",{"t":"idOrVar","v":"n"}]},{"$i":"ICESelectContact","$v":"এটা কনটেক্ট বাছনি কৰক"},{"$i":"delete-ice-contact-warning","$v":"আপুনি ICE কনটেক্টটো আঁতৰাবলৈ বিচাৰেনে ?"},{"$i":"confirm","$v":"নিশ্চিতিকৰণ"},{"$i":"send-message","$v":"বাৰ্তা প্ৰেৰণ কৰক"},{"$i":"call","$v":"কল কৰক"},{"$i":"send-email","$v":"ইমেইল প্ৰেৰণ কৰক"},{"$i":"choose-number","$v":"এটা নম্বৰ পচন্দ কৰক"},{"$i":"choose-email-adress","$v":"এটা ইমেইল এড্ৰেছ বাছনি কৰক"},{"$i":"delete","$v":"বিলোপ কৰক"},{"$i":"select","$v":"বাছনি কৰক"},{"$i":"select-all","$v":"সকলোবোৰ বাছনি কৰক"},{"$i":"deselect-all","$v":"সকলোবোৰ অ-বাছনি কৰক"},{"$i":"deselect","$v":"অ-বাছনি কৰক"},{"$i":"selected-contacts","$v":{"zero":"একো বাছনি কৰা নাই","one":[{"t":"idOrVar","v":"n"}," বাছনি কৰিছে"],"two":[{"t":"idOrVar","v":"n"}," বাছনি কৰিছে"],"few":[{"t":"idOrVar","v":"n"}," বাছনি কৰিছে"],"many":[{"t":"idOrVar","v":"n"}," বাছনি কৰিছে"],"other":[{"t":"idOrVar","v":"n"}," বাছনি কৰিছে"]},"$x":[{"t":"idOrVar","v":"plural"},"n"]},{"$i":"massive-delete","$v":"কনটেক্টসমূহ বিলোপ কৰক"},{"$i":"confirm-contact-delete","$v":["আপুনি কনটেক্ট ",{"t":"idOrVar","v":"name"}," বিলোপ কৰিবলৈ বিচাৰেনে?"]},{"$i":"DeletedTxt","$v":{"zero":"বিলোপ কৰিবলৈ কোনো কনটেক্ট নাই","one":"1 টা কনটেক্ট আঁতৰোৱা হৈছে","two":[{"t":"idOrVar","v":"n"}," কনটেক্ট আঁতৰোৱা হৈছে"],"few":[{"t":"idOrVar","v":"n"}," কনটেক্ট আঁতৰোৱা হৈছে"],"many":[{"t":"idOrVar","v":"n"}," কনটেক্ট আঁতৰোৱা হৈছে"],"other":[{"t":"idOrVar","v":"n"}," কনটেক্ট আঁতৰোৱা হৈছে"]},"$x":[{"t":"idOrVar","v":"plural"},"n"]},{"$i":"DeletingContacts","$v":"কনটেক্টসমূহ বিলোপ কৰি আছে"},{"$i":"ContactConfirmDel","$v":{"zero":"বিলোপ কৰিবলৈ কোনো কনটেক্ট নাই","one":"1 টা কনটেক্ট বিলোপ কৰিব নেকি ? এইয়া পুনঃপ্ৰাপ্ত কৰিব পৰা নাযাব","two":[{"t":"idOrVar","v":"n"}," কনটেক্ট বিলোপ কৰিব নেকি ? এইয়া পুনঃপ্ৰাপ্ত কৰিব পৰা নাযাব"],"few":[{"t":"idOrVar","v":"n"}," কনটেক্ট বিলোপ কৰিব নেকি ? এইয়া পুনঃপ্ৰাপ্ত কৰিব পৰা নাযাব"],"many":[{"t":"idOrVar","v":"n"}," কনটেক্ট বিলোপ কৰিব নেকি ? এইয়া পুনঃপ্ৰাপ্ত কৰিব পৰা নাযাব"],"other":[{"t":"idOrVar","v":"n"}," কনটেক্ট বিলোপ কৰিব নেকি ? এইয়া পুনঃপ্ৰাপ্ত কৰিব পৰা নাযাব"]},"$x":[{"t":"idOrVar","v":"plural"},"n"]},{"$i":"contact-deleted","$v":[{"t":"idOrVar","v":"n"}," কনটেক্ট আঁতৰোৱা হৈছে"]},{"$i":"change-will-update-until-restart","$v":"পৰিৱৰ্তনসমূহ পৰৱৰ্তী সময়ত আপডেট কৰা হ’ব যেতিয়া কনটেক্টসমূহ লঞ্চ কৰা যায়"},{"$i":"transfer-contacts","$v":"কনটেক্টসমূহ স্থানান্তৰ কৰক"},{"$i":"contacts-management","$v":"কনটেক্টসমূহৰ নিয়ন্ত্ৰণ"},{"$i":"no-contacts-found","$v":"কোনো কনটেক্ট পোৱা নাই"},{"$i":"weekday-0-long","$v":"দেওবাৰ"},{"$i":"weekday-1-long","$v":"সোমবাৰ"},{"$i":"weekday-2-long","$v":"মঙ্গলবাৰ"},{"$i":"weekday-3-long","$v":"বুধবাৰ"},{"$i":"weekday-4-long","$v":"বৃহস্পতিবাৰ"},{"$i":"weekday-5-long","$v":"শুক্ৰবাৰ"},{"$i":"weekday-6-long","$v":"শনিবাৰ"},{"$i":"weekday-0-short","$v":"দেও"},{"$i":"weekday-1-short","$v":"সোম"},{"$i":"weekday-2-short","$v":"মঙ্গল"},{"$i":"weekday-3-short","$v":"বুধ"},{"$i":"weekday-4-short","$v":"বৃহস্পতি"},{"$i":"weekday-5-short","$v":"শুক্ৰ"},{"$i":"weekday-6-short","$v":"শনি"},{"$i":"month-0-long","$v":"জানুৱাৰী"},{"$i":"month-1-long","$v":"ফেব্ৰুৱাৰী"},{"$i":"month-2-long","$v":"মাৰ্চ"},{"$i":"month-3-long","$v":"এপ্ৰিল"},{"$i":"month-4-long","$v":"মে"},{"$i":"month-5-long","$v":"জুন"},{"$i":"month-6-long","$v":"জুলাই"},{"$i":"month-7-long","$v":"আগষ্ট"},{"$i":"month-8-long","$v":"ছেপ্টেম্বৰ"},{"$i":"month-9-long","$v":"অক্টোবৰ"},{"$i":"month-10-long","$v":"নৱেম্বৰ"},{"$i":"month-11-long","$v":"ডিচেম্বৰ"},{"$i":"month-0-genitive","$v":"জানুৱাৰী"},{"$i":"month-1-genitive","$v":"ফেব্ৰুৱাৰী"},{"$i":"month-2-genitive","$v":"মাৰ্চ"},{"$i":"month-3-genitive","$v":"এপ্ৰিল"},{"$i":"month-4-genitive","$v":"মে"},{"$i":"month-5-genitive","$v":"জুন"},{"$i":"month-6-genitive","$v":"জুলাই"},{"$i":"month-7-genitive","$v":"আগষ্ট"},{"$i":"month-8-genitive","$v":"ছেপ্টেম্বৰ"},{"$i":"month-9-genitive","$v":"অক্টোবৰ"},{"$i":"month-10-genitive","$v":"নৱেম্বৰ"},{"$i":"month-11-genitive","$v":"ডিচেম্বৰ"},{"$i":"month-0-short","$v":"জানুৱাৰী"},{"$i":"month-1-short","$v":"ফেব্ৰুৱাৰী"},{"$i":"month-2-short","$v":"মাৰ্চ"},{"$i":"month-3-short","$v":"এপ্ৰিল"},{"$i":"month-4-short","$v":"মে"},{"$i":"month-5-short","$v":"জুন"},{"$i":"month-6-short","$v":"জুলাই"},{"$i":"month-7-short","$v":"আগষ্ট"},{"$i":"month-8-short","$v":"ছেপ্টেম্বৰ"},{"$i":"month-9-short","$v":"অক্টোবৰ"},{"$i":"month-10-short","$v":"নৱেম্বৰ"},{"$i":"month-11-short","$v":"ডিচেম্বৰ"},{"$i":"minutes-ago-long","$v":{"zero":"এইমাত্ৰ","one":"এক মিনিট আগতে","two":[{"t":"idOrVar","v":"value"}," মিনিট আগত"],"few":[{"t":"idOrVar","v":"value"}," মিনিট আগত"],"many":[{"t":"idOrVar","v":"value"}," মিনিট আগত"],"other":[{"t":"idOrVar","v":"value"}," মিনিট আগত"]},"$x":[{"t":"idOrVar","v":"plural"},"value"]},{"$i":"hours-ago-long","$v":{"zero":"এইমাত্ৰ","one":"এঘণ্টা আগতে","two":[{"t":"idOrVar","v":"value"}," ঘণ্টা আগত"],"few":[{"t":"idOrVar","v":"value"}," ঘণ্টা আগত"],"many":[{"t":"idOrVar","v":"value"}," ঘণ্টা আগত"],"other":[{"t":"idOrVar","v":"value"}," ঘণ্টা আগত"]},"$x":[{"t":"idOrVar","v":"plural"},"value"]},{"$i":"days-ago-long","$v":{"zero":"আজি","one":"যোৱাকালি","two":[{"t":"idOrVar","v":"value"}," দিন আগত"],"few":[{"t":"idOrVar","v":"value"}," দিন আগত"],"many":[{"t":"idOrVar","v":"value"}," দিন আগত"],"other":[{"t":"idOrVar","v":"value"}," দিন আগত"]},"$x":[{"t":"idOrVar","v":"plural"},"value"]},{"$i":"weeks-ago-long","$v":{"zero":"এইটো সপ্তাহ","one":"যোৱা সপ্তাহ","two":[{"t":"idOrVar","v":"value"}," সপ্তাহ আগত"],"few":[{"t":"idOrVar","v":"value"}," সপ্তাহ আগত"],"many":[{"t":"idOrVar","v":"value"}," সপ্তাহ আগত"],"other":[{"t":"idOrVar","v":"value"}," সপ্তাহ আগত"]},"$x":[{"t":"idOrVar","v":"plural"},"value"]},{"$i":"months-ago-long","$v":{"zero":"এইটো মাহ","one":"যোৱা মাহ","two":[{"t":"idOrVar","v":"value"}," মাহ আগত"],"few":[{"t":"idOrVar","v":"value"}," মাহ আগত"],"many":[{"t":"idOrVar","v":"value"}," মাহ আগত"],"other":[{"t":"idOrVar","v":"value"}," মাহ আগত"]},"$x":[{"t":"idOrVar","v":"plural"},"value"]},{"$i":"years-ago-long","$v":{"zero":"এইটো বছৰ","one":"যোৱা বছৰ","two":[{"t":"idOrVar","v":"value"}," বছৰ আগত"],"few":[{"t":"idOrVar","v":"value"}," বছৰ আগত"],"many":[{"t":"idOrVar","v":"value"}," বছৰ আগত"],"other":[{"t":"idOrVar","v":"value"}," বছৰ আগত"]},"$x":[{"t":"idOrVar","v":"plural"},"value"]},{"$i":"minutes-until-long","$v":{"zero":"এতিয়া","one":"এক মিনিটত","two":[{"t":"idOrVar","v":"value"}," মিনিটত"],"few":[{"t":"idOrVar","v":"value"}," মিনিটত"],"many":[{"t":"idOrVar","v":"value"}," মিনিটত"],"other":[{"t":"idOrVar","v":"value"}," মিনিটত"]},"$x":[{"t":"idOrVar","v":"plural"},"value"]},{"$i":"hours-until-long","$v":{"zero":"এতিয়া","one":"এক ঘণ্টাত","two":[{"t":"idOrVar","v":"value"}," ঘণ্টাত"],"few":[{"t":"idOrVar","v":"value"}," ঘণ্টাত"],"many":[{"t":"idOrVar","v":"value"}," ঘণ্টাত"],"other":[{"t":"idOrVar","v":"value"}," ঘণ্টাত"]},"$x":[{"t":"idOrVar","v":"plural"},"value"]},{"$i":"days-until-long","$v":{"zero":"আজি","one":"অহাকলি","two":[{"t":"idOrVar","v":"value"}," দিনত"],"few":[{"t":"idOrVar","v":"value"}," দিনত"],"many":[{"t":"idOrVar","v":"value"}," দিনত"],"other":[{"t":"idOrVar","v":"value"}," দিনত"]},"$x":[{"t":"idOrVar","v":"plural"},"value"]},{"$i":"weeks-until-long","$v":{"zero":"এইটো সপ্তাহ","one":"পৰৱৰ্তী সপ্তাহ","two":[{"t":"idOrVar","v":"value"}," সপ্তাহত"],"few":[{"t":"idOrVar","v":"value"}," সপ্তাহত"],"many":[{"t":"idOrVar","v":"value"}," সপ্তাহত"],"other":[{"t":"idOrVar","v":"value"}," সপ্তাহত"]},"$x":[{"t":"idOrVar","v":"plural"},"value"]},{"$i":"months-until-long","$v":{"zero":"এইটো মাহ","one":"পৰৱৰ্তী মাহ","two":[{"t":"idOrVar","v":"value"}," মাহত"],"few":[{"t":"idOrVar","v":"value"}," মাহত"],"many":[{"t":"idOrVar","v":"value"}," মাহত"],"other":[{"t":"idOrVar","v":"value"}," মাহত"]},"$x":[{"t":"idOrVar","v":"plural"},"value"]},{"$i":"years-until-long","$v":{"zero":"এইটো বছৰ","one":"পৰৱৰ্তী বছৰ","two":[{"t":"idOrVar","v":"value"}," বছৰত"],"few":[{"t":"idOrVar","v":"value"}," বছৰত"],"many":[{"t":"idOrVar","v":"value"}," বছৰত"],"other":[{"t":"idOrVar","v":"value"}," বছৰত"]},"$x":[{"t":"idOrVar","v":"plural"},"value"]},{"$i":"minutes-ago-short","$v":{"zero":"এইমাত্ৰ","other":[{"t":"idOrVar","v":"value"}," মিনিট আগত"]},"$x":[{"t":"idOrVar","v":"plural"},"value"]},{"$i":"hours-ago-short","$v":{"zero":"এইমাত্ৰ","other":[{"t":"idOrVar","v":"value"}," ঘণ্টা আগত"]},"$x":[{"t":"idOrVar","v":"plural"},"value"]},{"$i":"days-ago-short","$v":{"zero":"আজি","other":[{"t":"idOrVar","v":"value"}," দিন আগত"]},"$x":[{"t":"idOrVar","v":"plural"},"value"]},{"$i":"minutes-until-short","$v":{"zero":"এতিয়া","other":[{"t":"idOrVar","v":"value"}," মিনিটত"]},"$x":[{"t":"idOrVar","v":"plural"},"value"]},{"$i":"hours-until-short","$v":{"zero":"এতিয়া","other":[{"t":"idOrVar","v":"value"}," ঘণ্টাত"]},"$x":[{"t":"idOrVar","v":"plural"},"value"]},{"$i":"days-until-short","$v":{"zero":"আজি","other":[{"t":"idOrVar","v":"value"}," দিনত"]},"$x":[{"t":"idOrVar","v":"plural"},"value"]},{"$i":"incorrectDate","$v":"(অশুদ্ধ তাৰিখ)"},{"$i":"dateTimeFormat_%c","$v":"%a %b %e %Y %I:%M:%S %p"},{"$i":"dateTimeFormat_%x","$v":"%m/%d/%Y"},{"$i":"dateTimeFormat_%X","$v":"%I:%M:%S %p"},{"$i":"shortTimeFormat","$v":"%I:%M %p"},{"$i":"shortTimeFormat12","$v":"%I:%M %p"},{"$i":"shortTimeFormat24","$v":"%H:%M"},{"$i":"shortDateTimeFormat","$v":"%x %I:%M %p"},{"$i":"weekStartsOnMonday","$v":"0"},{"$i":"firstDayOfTheWeek","$v":"0"},{"$i":"time_am","$v":"AM"},{"$i":"time_pm","$v":"PM"},{"$i":"sim-with-index-and-carrier","$v":["চিম ",{"t":"idOrVar","v":"index"}," - ",{"t":"idOrVar","v":"carrier"}]},{"$i":"sim-without-carrier","$v":["চিম ",{"t":"idOrVar","v":"index"}]}]