[{"$i":"contacts","$v":"পরিচিতি"},{"$i":"view","$v":"দেখুন"},{"$i":"no-contacts","$v":"কোনো পরিচিতি নেই"},{"$i":"reading-contacts","$v":"পরিচিতিগুলি লোড করছে"},{"$i":"start-adding","$v":"পরিচিতিগুলি যোগ করতে নতুন পরিচিতি কী টিপুন ।"},{"$i":"no-contact-available","$v":"কোনো পরিচিতি উপলব্ধ নেই"},{"$i":"ok","$v":"ঠিক আছে"},{"$i":"no-phone-number-to-dial","$v":"ডায়াল করার জন্য কোনো নম্বর নেই"},{"$i":"move","$v":"স্থানান্তরিত করুন"},{"$i":"copy","$v":"কপি"},{"$i":"copy-contacts","$v":"কন্টাক্ট গুলো কপি করুন"},{"$i":"move-contacts","$v":"কন্টাক্ট গুলো স্থানান্তর করুন"},{"$i":"phone-memory","$v":"ফোন মেমরি"},{"$i":"sim-memory","$v":"সিম মেমরি"},{"$i":"move-from","$v":"থেকে স্থানান্তর করুন"},{"$i":"to","$v":"প্রতি"},{"$i":"move-contacts-progressing","$v":"কন্টাক্ট (গুলো ) স্থানান্তর হচ্ছে"},{"$i":"copy-contacts-progressing","$v":"কন্টাক্ট(গুলো) কপি করুন"},{"$i":"contact-move-to-sim","$v":[{"t":"idOrVar","v":"migrated"}," কন্টাক্ট(গুলো) সিমে স্থানান্তর করুন"]},{"$i":"contact-copy-to-sim","$v":[{"t":"idOrVar","v":"migrated"}," কন্টাক্ট(গুলো) সিমে কপি করুন"]},{"$i":"contact-move-to-sim0","$v":[{"t":"idOrVar","v":"migrated"}," কন্টাক্ট (গুলো) সিম 1 এ স্থানান্তরিত করুন"]},{"$i":"contact-copy-to-sim0","$v":[{"t":"idOrVar","v":"migrated"}," কন্টাক্ট (গুলো) সিম 1 এ কপি করুন"]},{"$i":"contact-move-to-sim1","$v":[{"t":"idOrVar","v":"migrated"}," কন্টাক্ট(গুলো) সিম 2 এ স্থানান্তরিত করুন"]},{"$i":"contact-copy-to-sim1","$v":[{"t":"idOrVar","v":"migrated"}," কন্টাক্ট(গুলো) সিম 2 এ কপি করুন"]},{"$i":"contact-move-to-device","$v":[{"t":"idOrVar","v":"migrated"}," কন্টাক্ট(গুলো) ডিভাইসে স্থানান্তরিত করুন"]},{"$i":"contact-copy-to-device","$v":[{"t":"idOrVar","v":"migrated"}," কন্টাক্ট(গুলো) ডিভাইসে কপি করুন"]},{"$i":"copy-contact-failed","$v":"কন্টাক্ট কপি করতে ব্যর্থ"},{"$i":"move-contact-failed","$v":"কন্টাক্ট কপি করতে ব্যর্থ"},{"$i":"contact-copy-error-sim-full","$v":"সিম কার্ড সম্পূর্ণ থাকার কারণে কন্টাক্টগুলো কপি করা সম্ভব নয়"},{"$i":"contact-copy-error-unknown","$v":"অজানা ত্রুটির কারণে কন্টাক্টগুলো কপি করা সম্ভব নয়"},{"$i":"contact-move-error-sim-full","$v":"সিম কার্ড সম্পূর্ণ থাকার কারণে কন্টাক্টগুলো কপি করা সম্ভব নয়"},{"$i":"contact-move-error-unknown","$v":"অজানা ত্রুটির কারণে কন্টাক্টগুলো কপি করা সম্ভব নয়"},{"$i":"memory","$v":"মেমোরি"},{"$i":"phone-and-sim","$v":"ফোন এবং সিম"},{"$i":"phone","$v":"ফোন"},{"$i":"sim","$v":"সিম"},{"$i":"reloading-contact","$v":"কন্টাক্টগুলো পুনরায় লোড হচ্ছে"},{"$i":"contact-reloaded","$v":"কন্টাক্টগুলো পুনরায় লোড হয়ে গেছে"},{"$i":"message","$v":"বার্তা"},{"$i":"find-duplicate-contacts","$v":"ডুপ্লিকেট পরিচিতিগুলি খুঁজুন"},{"$i":"no-duplicate-contact-found","$v":"কোনো ডুপ্লিকেট পরিচিতি খুঁজে পাওয়া যায় নি"},{"$i":"change-saved","$v":"পরিবর্তন সেভ করা হয়েছে"},{"$i":"contact-updated","$v":"পরিচিতি আপডেট করা হয়েছে"},{"$i":"already-ice-contact","$v":"এই পরিচিতিটি ইতিমধ্যেই একটি ICE পরিচিতি"},{"$i":"callAirplaneModeTitle","$v":"এয়ারপ্লেন মোড সক্রিয় করা হয়েছে"},{"$i":"callAirplaneModeMessage","$v":"ফোন করতে আপনাকে সেটিংসে এয়ারপ্লেন মোড অক্ষম করতে হবে।"},{"$i":"emergencyDialogTitle","$v":"নেটওয়ার্ক সংযোগ নেই"},{"$i":"emergencyDialogBodyBadNumber","$v":"ফোন করতে ফোন অবশ্যই নেটওয়ার্কের সঙ্গে ফোন সংযুক্ত থাকতে হবে।"},{"$i":"emergencyDialogBodyDeviceNotAccepted","$v":"জরুরি কলগুলি নেটওয়ার্ক দ্বারা অনুমোদিত নয়।"},{"$i":"invalidNumberToDialTitle","$v":"অবৈধ ফোন নম্বর"},{"$i":"invalidNumberToDialMessage","$v":"আপনি যে ফোন নম্বরে কল করছেন সেটি বৈধ নয়।"},{"$i":"emergency-call-only","$v":"শুধুমাত্র জরুরি কল"},{"$i":"emergency-call-error","$v":[{"t":"idOrVar","v":"number"}," জরুরি নম্বর নয়।"]},{"$i":"numberIsBusyTitle","$v":"নম্বর ব্যস্ত আছে"},{"$i":"numberIsBusyMessage","$v":"নম্বরটি এখন ব্যস্ত আছে। পরে আবার চেষ্টা করুন।"},{"$i":"fdnIsActiveTitle","$v":"FDN সক্রিয় আছে"},{"$i":"fdnIsActiveMessage","$v":["FDN(ফিক্সড ডায়ালিং নম্বর) সক্রিয় করা হয়েছে এবং নিম্নলিখিত নম্বরটি আপনার FDN তালিকায় নেই: ",{"t":"idOrVar","v":"number"}]},{"$i":"otherConnectionInUseTitle","$v":"অন্য সংযোগ ব্যবহার করা হচ্ছে"},{"$i":"otherConnectionInUseMessage","$v":"আপনি অন্য সংযোগে কল সক্রিয় করতে পারেন। আপনি একবারে একটি সংযোগ ব্যবহার করতে পারেন।"},{"$i":"GenericFailure","$v":"প্রাথমিক ভাবে ব্যর্থতা"},{"$i":"scCallBarring","$v":"কল নিষিদ্ধ"},{"$i":"scCallForwarding","$v":"কল ফরোয়ার্ডিং"},{"$i":"scClip","$v":"ইনকামিং কলার ID"},{"$i":"scClir","$v":"আউটগোয়িং কলার ID"},{"$i":"scPwd","$v":"পাসওয়ার্ড পরিবর্তন"},{"$i":"scCallWaiting","$v":"কল অপেক্ষমান"},{"$i":"scPin","$v":"পিন পরিবর্তন"},{"$i":"scPin2","$v":"পিন2 পরিবর্তন"},{"$i":"scPuk","$v":"পিন আনব্লক করুন"},{"$i":"scPuk2","$v":"পিন2 আনব্লক করুন"},{"$i":"scImei","$v":"IMEI"},{"$i":"scMeid","$v":"MEID"},{"$i":"scUssd","$v":"USSD"},{"$i":"set-speed-dial","$v":"স্পীড ডায়ালে পরিচিতি সেট করুন"},{"$i":"empty","$v":"খালি"},{"$i":"voicemail","$v":"ভয়েসমেল"},{"$i":"speed-dial","$v":"স্পীড ডায়াল"},{"$i":"add","$v":"যোগ করুন"},{"$i":"replace","$v":"বদল করুন"},{"$i":"remove-from-speed-dial","$v":"স্পীড ডায়াল থেকে সরান"},{"$i":"custom-dialog-replace-speed-dial","$v":["আপনি কি ",{"t":"idOrVar","v":"oldSpeedDial"},"-কে ",{"t":"idOrVar","v":"newSpeedDial"},"-এর সাথে বদল করতে চান?"]},{"$i":"custom-dialog-remove-speed-dial","$v":["আপনি কি স্পীড ডায়াল থেকে ",{"t":"idOrVar","v":"name"},"-কে সরাতে চান?"]},{"$i":"voice-mail","$v":"ভয়েস মেল"},{"$i":"voice-mail-number","$v":"ভয়েস মেল নম্বর"},{"$i":"voice-mail-number-updated","$v":"ভয়েস মেল নম্বর আপডেট করা হয়েছে"},{"$i":"found-duplicates-message","$v":"নিম্নলিখিত পরিচিতিগুলিতে ডুপ্লিকেট তথ্য খুজে পাওয়া গেছে আপনি কি মার্জ করতে চান?"},{"$i":"confirm-to-merge-contacts","$v":["আপনি ",{"t":"idOrVar","v":"name"},"-এর সাথে ",{"t":"idOrVar","v":"n"},"পরিচিতি কে মার্জ করতে চান?"]},{"$i":"merge","$v":"মার্জ করুন"},{"$i":"contact-merged","$v":"পরিচিতি মেলানো হয়েছে"},{"$i":"add-favorite","$v":"পছন্দ হিসেবে যোগ করুন"},{"$i":"remove-favorite","$v":"পছন্দ থেকে সরান"},{"$i":"favorite-contacts","$v":"পছন্দের পরিচিতি"},{"$i":"sort-contacts","$v":"পরিচিতিগুলি ক্রমানুসারে সাজান"},{"$i":"sort-by-first-name","$v":"প্রথম নাম দ্বারা ক্রমানুসারে সাজান"},{"$i":"sort-by-last-name","$v":"পদবী দ্বারা ক্রমানুসারে সাজান"},{"$i":"no-support-open-multi-vcard","$v":"একাধিক পরিচিতির সাথে ভিকার্ড খুলতে পারবেন না"},{"$i":"sdcard","$v":"মেমোরি কার্ড"},{"$i":"simcard","$v":"সিম কার্ড"},{"$i":"import-contacts","$v":"পরিচিতিগুলি আমদানী করুন"},{"$i":"simContacts-error","$v":"সিম থেকে পরিচিতিগুলি আমদানী করা যায় নি I"},{"$i":"memoryCardContacts-error","$v":"মেমোরি কার্ড থেকে পরিচিতিগুলি আমদানী করা যায় নি I"},{"$i":"simContacts-reading","$v":"সিম কার্ড থেকে পরিচিতিগুলি পড়ছে"},{"$i":"memoryCardContacts-reading","$v":"মেমোরি কার্ড থেকে পরিচিতিগুলি পড়ছে"},{"$i":"importContactsTitle","$v":"পরিচিতিগুলি আমদানী করুন"},{"$i":"retry","$v":"পুনরায় চেষ্টা করুন"},{"$i":"noSimMsg","$v":"পরিচিতিগুলি আমদানী করতে আপনার সিম কার্ড ঢোকান বা আনলক করুন"},{"$i":"noSdcardMsg","$v":"পরিচিতি আমদানী করতে মেমোরি কার্ড ঢোকান"},{"$i":"not-imported","$v":"আমদানী করা হয় নি"},{"$i":"imported","$v":"আমদানী করা হয়েছে"},{"$i":"importing","$v":"আমদানী করা হচ্ছে"},{"$i":"contact-imported","$v":["আমদানী করা ",{"t":"idOrVar","v":"imported"}," পরিচিতিগুলি I ",{"t":"idOrVar","v":"dupes"}," পরিচিতিগুলিকে মার্জ করা হয়েছে I"]},{"$i":"reading-contacts-from-sim","$v":"সিম কার্ড থেকে পরিচিতি পড়ছে .."},{"$i":"reading-contacts-from-gmail","$v":"জিমেইল থেকে পরিচিতিগুলি পড়ছে.."},{"$i":"reading-contacts-from-live","$v":"আউটলুক থেকে পরিচিতিগুলি পড়ছে.."},{"$i":"reading-contacts-from-sd","$v":"মেমোরি থেকে পরিচিতি পড়ছে .."},{"$i":"reading-contacts-from-vcard","$v":"ফাইল থেকে পরিচিতি পড়ছে .."},{"$i":"importing-contacts-from-sim","$v":"সিম কার্ড থেকে পরিচিতিগুলি আমদানী করছে.."},{"$i":"importing-contacts-from-gmail","$v":"জিমেইল থেকে পরিচিতিগুলি আমদানী করছে.."},{"$i":"importing-contacts-from-live","$v":"আউটলুক থেকে পরিচিতিগুলি আমদানী করছে.."},{"$i":"importing-contacts-from-sd","$v":"মেমোরি কার্ড থেকে পরিচিতিগুলি আমদানী করছে.."},{"$i":"importing-contacts-from-vcard","$v":"ফাইল থেকে পরিচিতি আমদানী করা হচ্ছে .."},{"$i":"connect-network-to-import","$v":"পরিচিতিগুলি আমদানী করতে, WiFi বা ডেটা নেটওয়ার্কের সাথে সংযোগ স্থাপন করুন"},{"$i":"export","$v":"রপ্তানি করুন"},{"$i":"export-contacts","$v":"পরিচিতিগুলি রপ্তানি করুন"},{"$i":"simExport-title","$v":"সিম-এ রপ্তানি করুন"},{"$i":"memoryCardExport-title","$v":"মেমোরি কার্ডে রপ্তানি করুন"},{"$i":"btExport-title","$v":"ব্লুটুথে রপ্তানি করুন"},{"$i":"noSimMsgExport","$v":"পরিচিতিগুলি রপ্তানি করতে আপনার সিম কার্ড ঢোকান বা আনলক করুন"},{"$i":"bluetoothNoConnection","$v":"পরিচিতিগুলি রপ্তানি করতে ব্লুটুথ ডিভাইস সংযুক্ত করুন।"},{"$i":"contact-exported","$v":[{"t":"idOrVar","v":"exported"}," পরিচিতিগুলি রপ্তানি করা হয়েছে।"]},{"$i":"export-contact-failed","$v":"পরিচিতি রপ্তানি ব্যর্থ হয়েছে"},{"$i":"contact-export-error-sim-full","$v":"সিম কার্ড পূর্ণ হওয়ার কারণে পরিচিতি রপ্তানি সম্পূর্ণ হয়নি।"},{"$i":"contact-export-error-unknown","$v":"অজানা ত্রুটির কারণে পরিচিতিগুলি রপ্তানি সম্পূর্ণ হয়নি।"},{"$i":"save","$v":"সেভ করুন"},{"$i":"back","$v":"ফিরে যান"},{"$i":"givenName","$v":"প্রথম নাম"},{"$i":"familyName","$v":"পদবী"},{"$i":"name","$v":"নাম"},{"$i":"org","$v":"কোম্পানী"},{"$i":"ringtone","$v":"রিংটোন"},{"$i":"note","$v":"নোট"},{"$i":"email","$v":"ইমেল"},{"$i":"adr","$v":"ঠিকানা"},{"$i":"custom","$v":"কাস্টম"},{"$i":"confirm-discard-contact-data","$v":"পরিচিতির তথ্য বাতিল করা হবে। আপনি কি এই পরিচিতিটি সেভ করতে চান?"},{"$i":"discard","$v":"খারিজ করুন"},{"$i":"add-others","$v":"অন্যদের যোগ করুন"},{"$i":"custom-type","$v":"কাস্টম প্রকার"},{"$i":"input-the-custom-type","$v":"অনুগ্রহ করে কাস্টম প্রকার ইনপুট দিন।"},{"$i":"contact-saved","$v":"পরিচিতি সেভ করা হয়েছে"},{"$i":"are-you-sure-to-delete-field","$v":["আপনি ",{"t":"idOrVar","v":"field"}," মুছে ফেলার ব্যাপারে নিশ্চিত?"]},{"$i":"personal","$v":"ব্যক্তিগত"},{"$i":"mobile","$v":"মোবাইল"},{"$i":"current","$v":"বর্তমান"},{"$i":"home","$v":"হোম"},{"$i":"work","$v":"ওয়ার্ক"},{"$i":"other","$v":"অন্যান্য"},{"$i":"fax-home","$v":"Fax হোম"},{"$i":"fax-office","$v":"Fax অফিস"},{"$i":"fax-other","$v":"Fax অন্যান্য"},{"$i":"add-tel","$v":"ফোন নম্বর যোগ করুন"},{"$i":"add-email","$v":"ইমেল যোগ করুন"},{"$i":"add-ringtone","$v":"রিংটোন যোগ করুন"},{"$i":"add-adr","$v":"ঠিকানা যোগ করুন"},{"$i":"add-bday","$v":"জন্মদিন যোগ করুন"},{"$i":"add-photo","$v":"ছবি যোগ করুন"},{"$i":"add-note","$v":"নোট যোগ করুন"},{"$i":"add-org","$v":"কোম্পানী যোগ করুন"},{"$i":"delete-tel","$v":"ফোন নম্বর মুছুন"},{"$i":"delete-email","$v":"ইমেল মুছুন"},{"$i":"delete-ringtone","$v":"রিংটোন মুছুন"},{"$i":"delete-adr","$v":"ঠিকানা মুছুন"},{"$i":"delete-bday","$v":"জন্মদিন মুছে দিন"},{"$i":"delete-photo","$v":"চিত্র সরান"},{"$i":"delete-note","$v":"নোট মুছুন"},{"$i":"delete-org","$v":"কোম্পানি মুছে দিন"},{"$i":"edit-tel-type","$v":"ফোন প্রকার সম্পাদনা করুন"},{"$i":"edit-email-type","$v":"ইমেল প্রকার সম্পাদনা করুন"},{"$i":"edit-adr-type","$v":"ঠিকানার প্রকার সম্পাদনা করুন"},{"$i":"edit-bday-type","$v":"জন্মদিন সম্পাদনা করুন"},{"$i":"replace-photo","$v":"ফটো পরিবর্তন করুন"},{"$i":"replace-ringtone","$v":"রিংটোন পরিবর্তন করুন"},{"$i":"mobile-tel","$v":"মোবাইল ফোন"},{"$i":"home-tel","$v":"বাড়ির ফোন"},{"$i":"work-tel","$v":"ওয়ার্ক ফোন"},{"$i":"personal-tel","$v":"ব্যক্তিগত ফোন"},{"$i":"fax-home-tel","$v":"হোম Fax"},{"$i":"fax-office-tel","$v":"অফিস Fax"},{"$i":"fax-other-tel","$v":"অন্যান্য Fax"},{"$i":"other-tel","$v":"অন্য ফোন"},{"$i":"personal-email","$v":"ব্যক্তিগত ই-মেল"},{"$i":"work-email","$v":"ওয়ার্ক ইমেল"},{"$i":"other-email","$v":"অন্য ই-মেল"},{"$i":"custom-email","$v":[{"t":"idOrVar","v":"type"}," ইমেল"]},{"$i":"custom-tel","$v":[{"t":"idOrVar","v":"type"}," ফোন"]},{"$i":"personal-adr","$v":"ব্যক্তিগত ঠিকানা"},{"$i":"current-adr","$v":"বর্তমান ঠিকানা"},{"$i":"home-adr","$v":"বাড়ির ঠিকানা"},{"$i":"work-adr","$v":"ওয়ার্ক ঠিকানা"},{"$i":"custom-adr","$v":[{"t":"idOrVar","v":"type"}," ঠিকানা"]},{"$i":"bday","$v":"জন্মদিন"},{"$i":"birthday","$v":"জন্মদিন"},{"$i":"streetAddress","$v":"রাস্তা"},{"$i":"locality","$v":"শহর"},{"$i":"postalCode","$v":"পিন কোড"},{"$i":"countryName","$v":"দেশ"},{"$i":"region","$v":"রাজ্য"},{"$i":"no-name","$v":"কোনো নাম নেই"},{"$i":"new-contact","$v":"নতুন পরিচিতি"},{"$i":"options","$v":"বিকল্পগুলি"},{"$i":"cancel","$v":"বাতিল করুন"},{"$i":"settings","$v":"সেটিংস"},{"$i":"edit","$v":"সম্পাদনা করুন"},{"$i":"share","$v":"শেয়ার করুন"},{"$i":"remove","$v":"সরান"},{"$i":"music","$v":"সঙ্গীত"},{"$i":"ICEContactsGroup","$v":"ICE পরিচিতিগুলি"},{"$i":"setICEButton","$v":"ICE পরিচিতিগুলি সেট করুন"},{"$i":"ICESettingTitle","$v":"ICE পরিচিতিগুলি"},{"$i":"ICEDescription","$v":"জরুরী অবস্থায় কল করার জন্য পাঁচটি পরিচিতি যুক্ত করুন।"},{"$i":"ICEContact","$v":["ICE পরিচিতি ",{"t":"idOrVar","v":"n"}]},{"$i":"ICESelectContact","$v":"একটি পরিচিতি নির্বাচন করুন"},{"$i":"delete-ice-contact-warning","$v":"আপনি কি ICE পরিচিতিটিকে সরাতে চান ?"},{"$i":"confirm","$v":"নিশ্চিতকরণ"},{"$i":"send-message","$v":"বার্তা পাঠান"},{"$i":"call","$v":"কল"},{"$i":"send-email","$v":"মেল পাঠান"},{"$i":"choose-number","$v":"একটি নম্বর বেছে নিন"},{"$i":"choose-email-adress","$v":"একটি ইমেল অ্যাড্রেস বেছে নিন"},{"$i":"delete","$v":"মুছুন"},{"$i":"select","$v":"নির্বাচন করুন"},{"$i":"select-all","$v":"সব নির্বাচন করুন"},{"$i":"deselect-all","$v":"সব অনির্বাচন করুন"},{"$i":"deselect","$v":"অনির্বাচন করুন"},{"$i":"selected-contacts","$v":{"zero":"কোনো নির্বাচন করা নেই","one":[{"t":"idOrVar","v":"n"},"টি নির্বাচিত"],"two":[{"t":"idOrVar","v":"n"},"টি নির্বাচিত"],"few":[{"t":"idOrVar","v":"n"},"টি নির্বাচিত"],"many":[{"t":"idOrVar","v":"n"},"টি নির্বাচিত"],"other":[{"t":"idOrVar","v":"n"},"টি নির্বাচিত"]},"$x":[{"t":"idOrVar","v":"plural"},"n"]},{"$i":"massive-delete","$v":"যোগাযোগ মুছুন"},{"$i":"confirm-contact-delete","$v":["আপনি কি ",{"t":"idOrVar","v":"name"}," পরিচিতিটিকে মুছে ফেলতে চান?"]},{"$i":"DeletedTxt","$v":{"zero":"মোছার জন্য কোনো পরিচিতি নেই","one":"1টি পরিচিতি সরানো হয়েছে","two":[{"t":"idOrVar","v":"n"},"টি পরিচিতি অপসারণ করা হয়েছে"],"few":[{"t":"idOrVar","v":"n"},"টি পরিচিতি অপসারণ করা হয়েছে"],"many":[{"t":"idOrVar","v":"n"},"টি পরিচিতি অপসারণ করা হয়েছে"],"other":[{"t":"idOrVar","v":"n"},"টি পরিচিতি অপসারণ করা হয়েছে"]},"$x":[{"t":"idOrVar","v":"plural"},"n"]},{"$i":"DeletingContacts","$v":"পরিচিতিগুলি মুছে ফেলছে"},{"$i":"ContactConfirmDel","$v":{"zero":"মোছার জন্য কোনো পরিচিতি নেই","one":"1 টি পরিচিতি মুছবেন? এটি পুনঃউদ্ধার করা যাবে না।","two":[{"t":"idOrVar","v":"n"}," পরিচিতিগুলি মুছবেন? এটি পুনঃউদ্ধার করা যাবে না।"],"few":[{"t":"idOrVar","v":"n"}," পরিচিতিগুলি মুছবেন? এটি পুনঃউদ্ধার করা যাবে না।"],"many":[{"t":"idOrVar","v":"n"}," পরিচিতিগুলি মুছবেন? এটি পুনঃউদ্ধার করা যাবে না।"],"other":[{"t":"idOrVar","v":"n"}," পরিচিতিগুলি মুছবেন? এটি পুনঃউদ্ধার করা যাবে না।"]},"$x":[{"t":"idOrVar","v":"plural"},"n"]},{"$i":"contact-deleted","$v":[{"t":"idOrVar","v":"n"},"টি পরিচিতি অপসারণ করা হয়েছে"]},{"$i":"change-will-update-until-restart","$v":"পরিবর্তনগুলি পরবর্তী সময়ে আপডেট করা হবে পরিচিতি লঞ্চ করা হয়েছে I"},{"$i":"transfer-contacts","$v":"পরিচিতিগুলি ট্র্যান্সফার করুন"},{"$i":"contacts-management","$v":"পরিচিতি পরিচালনা"},{"$i":"no-contacts-found","$v":"কোনো পরিচিতি খুঁজে পাওয়া যায় নি"},{"$i":"weekday-0-long","$v":"রবিবার"},{"$i":"weekday-1-long","$v":"সোমবার"},{"$i":"weekday-2-long","$v":"মঙ্গলবার"},{"$i":"weekday-3-long","$v":"বুধবার"},{"$i":"weekday-4-long","$v":"বৃহস্পতিবার"},{"$i":"weekday-5-long","$v":"শুক্রবার"},{"$i":"weekday-6-long","$v":"শনিবার"},{"$i":"weekday-0-short","$v":"রবি"},{"$i":"weekday-1-short","$v":"সোম"},{"$i":"weekday-2-short","$v":"মঙ্গল"},{"$i":"weekday-3-short","$v":"বুধ"},{"$i":"weekday-4-short","$v":"বৃহস্পতি"},{"$i":"weekday-5-short","$v":"শুক্র"},{"$i":"weekday-6-short","$v":"শনি"},{"$i":"month-0-long","$v":"জানুয়ারি"},{"$i":"month-1-long","$v":"ফেব্রুয়ারি"},{"$i":"month-2-long","$v":"মার্চ"},{"$i":"month-3-long","$v":"এপ্রিল"},{"$i":"month-4-long","$v":"মে"},{"$i":"month-5-long","$v":"জুন"},{"$i":"month-6-long","$v":"জুলাই"},{"$i":"month-7-long","$v":"আগস্ট"},{"$i":"month-8-long","$v":"সেপ্টেম্বর"},{"$i":"month-9-long","$v":"অক্টোবর"},{"$i":"month-10-long","$v":"নভেম্বর"},{"$i":"month-11-long","$v":"ডিসেম্বর"},{"$i":"month-0-genitive","$v":"জানুয়ারি"},{"$i":"month-1-genitive","$v":"ফেব্রুয়ারি"},{"$i":"month-2-genitive","$v":"মার্চ"},{"$i":"month-3-genitive","$v":"এপ্রিল"},{"$i":"month-4-genitive","$v":"মে"},{"$i":"month-5-genitive","$v":"জুন"},{"$i":"month-6-genitive","$v":"জুলাই"},{"$i":"month-7-genitive","$v":"আগস্ট"},{"$i":"month-8-genitive","$v":"সেপ্টেম্বর"},{"$i":"month-9-genitive","$v":"অক্টোবর"},{"$i":"month-10-genitive","$v":"নভেম্বর"},{"$i":"month-11-genitive","$v":"ডিসেম্বর"},{"$i":"month-0-short","$v":"জানুয়ারী"},{"$i":"month-1-short","$v":"ফেব্রুয়ারি"},{"$i":"month-2-short","$v":"মার্চ"},{"$i":"month-3-short","$v":"এপ্রিল"},{"$i":"month-4-short","$v":"মে"},{"$i":"month-5-short","$v":"জুন"},{"$i":"month-6-short","$v":"জুলাই"},{"$i":"month-7-short","$v":"আগস্ট"},{"$i":"month-8-short","$v":"সেপ্টেম্বর"},{"$i":"month-9-short","$v":"অক্টোবর"},{"$i":"month-10-short","$v":"নভেম্বর"},{"$i":"month-11-short","$v":"ডিসেম্বর"},{"$i":"minutes-ago-long","$v":{"zero":"এখনই","one":"এক মিনিট আগে","two":[{"t":"idOrVar","v":"value"}," মিনিট আগে"],"few":[{"t":"idOrVar","v":"value"}," মিনিট আগে"],"many":[{"t":"idOrVar","v":"value"}," মিনিট আগে"],"other":[{"t":"idOrVar","v":"value"}," মিনিট আগে"]},"$x":[{"t":"idOrVar","v":"plural"},"value"]},{"$i":"hours-ago-long","$v":{"zero":"এখনই","one":"এক ঘন্টা আগে","two":[{"t":"idOrVar","v":"value"}," ঘন্টা আগে"],"few":[{"t":"idOrVar","v":"value"}," ঘন্টা আগে"],"many":[{"t":"idOrVar","v":"value"}," ঘন্টা আগে"],"other":[{"t":"idOrVar","v":"value"}," ঘন্টা আগে"]},"$x":[{"t":"idOrVar","v":"plural"},"value"]},{"$i":"days-ago-long","$v":{"zero":"আজ","one":"গতকাল","two":[{"t":"idOrVar","v":"value"}," দিন আগে"],"few":[{"t":"idOrVar","v":"value"}," দিন আগে"],"many":[{"t":"idOrVar","v":"value"}," দিন আগে"],"other":[{"t":"idOrVar","v":"value"}," দিন আগে"]},"$x":[{"t":"idOrVar","v":"plural"},"value"]},{"$i":"weeks-ago-long","$v":{"zero":"এই সপ্তাহ","one":"গত সপ্তাহ","two":[{"t":"idOrVar","v":"value"}," সপ্তাহ আগে"],"few":[{"t":"idOrVar","v":"value"}," সপ্তাহ আগে"],"many":[{"t":"idOrVar","v":"value"}," সপ্তাহ আগে"],"other":[{"t":"idOrVar","v":"value"}," সপ্তাহ আগে"]},"$x":[{"t":"idOrVar","v":"plural"},"value"]},{"$i":"months-ago-long","$v":{"zero":"এই মাস","one":"গত মাস","two":[{"t":"idOrVar","v":"value"}," মাস আগে"],"few":[{"t":"idOrVar","v":"value"}," মাস আগে"],"many":[{"t":"idOrVar","v":"value"}," মাস আগে"],"other":[{"t":"idOrVar","v":"value"}," মাস আগে"]},"$x":[{"t":"idOrVar","v":"plural"},"value"]},{"$i":"years-ago-long","$v":{"zero":"এই বছর","one":"গত বছর","two":[{"t":"idOrVar","v":"value"}," বছর আগে"],"few":[{"t":"idOrVar","v":"value"}," বছর আগে"],"many":[{"t":"idOrVar","v":"value"}," বছর আগে"],"other":[{"t":"idOrVar","v":"value"}," বছর আগে"]},"$x":[{"t":"idOrVar","v":"plural"},"value"]},{"$i":"minutes-until-long","$v":{"zero":"এখন","one":"এক মিনিটে","two":[{"t":"idOrVar","v":"value"}," মিনিটে"],"few":[{"t":"idOrVar","v":"value"}," মিনিটে"],"many":[{"t":"idOrVar","v":"value"}," মিনিটে"],"other":[{"t":"idOrVar","v":"value"}," মিনিটে"]},"$x":[{"t":"idOrVar","v":"plural"},"value"]},{"$i":"hours-until-long","$v":{"zero":"এখন","one":"এক ঘন্টায়","two":[{"t":"idOrVar","v":"value"}," ঘন্টায়"],"few":[{"t":"idOrVar","v":"value"}," ঘন্টায়"],"many":[{"t":"idOrVar","v":"value"}," ঘন্টায়"],"other":[{"t":"idOrVar","v":"value"}," ঘন্টায়"]},"$x":[{"t":"idOrVar","v":"plural"},"value"]},{"$i":"days-until-long","$v":{"zero":"আজ","one":"আগামীকাল","two":[{"t":"idOrVar","v":"value"}," দিনে"],"few":[{"t":"idOrVar","v":"value"}," দিনে"],"many":[{"t":"idOrVar","v":"value"}," দিনে"],"other":[{"t":"idOrVar","v":"value"}," দিনে"]},"$x":[{"t":"idOrVar","v":"plural"},"value"]},{"$i":"weeks-until-long","$v":{"zero":"এই সপ্তাহ","one":"পরের সপ্তাহ","two":[{"t":"idOrVar","v":"value"}," সপ্তাহে"],"few":[{"t":"idOrVar","v":"value"}," সপ্তাহে"],"many":[{"t":"idOrVar","v":"value"}," সপ্তাহে"],"other":[{"t":"idOrVar","v":"value"}," সপ্তাহে"]},"$x":[{"t":"idOrVar","v":"plural"},"value"]},{"$i":"months-until-long","$v":{"zero":"এই মাস","one":"পরের মাস","two":[{"t":"idOrVar","v":"value"}," মাসে"],"few":[{"t":"idOrVar","v":"value"}," মাসে"],"many":[{"t":"idOrVar","v":"value"}," মাসে"],"other":[{"t":"idOrVar","v":"value"}," মাসে"]},"$x":[{"t":"idOrVar","v":"plural"},"value"]},{"$i":"years-until-long","$v":{"zero":"এই বছর","one":"পরের বছর","two":[{"t":"idOrVar","v":"value"}," বছরে"],"few":[{"t":"idOrVar","v":"value"}," বছরে"],"many":[{"t":"idOrVar","v":"value"}," বছরে"],"other":[{"t":"idOrVar","v":"value"}," বছরে"]},"$x":[{"t":"idOrVar","v":"plural"},"value"]},{"$i":"minutes-ago-short","$v":{"zero":"এখনই","other":[{"t":"idOrVar","v":"value"},"মিনিট আগে"]},"$x":[{"t":"idOrVar","v":"plural"},"value"]},{"$i":"hours-ago-short","$v":{"zero":"এখনই","other":[{"t":"idOrVar","v":"value"},"ঘন্টা আগে"]},"$x":[{"t":"idOrVar","v":"plural"},"value"]},{"$i":"days-ago-short","$v":{"zero":"আজ","other":[{"t":"idOrVar","v":"value"},"দিন আগে"]},"$x":[{"t":"idOrVar","v":"plural"},"value"]},{"$i":"minutes-until-short","$v":{"zero":"এখন","other":[{"t":"idOrVar","v":"value"},"মাসে"]},"$x":[{"t":"idOrVar","v":"plural"},"value"]},{"$i":"hours-until-short","$v":{"zero":"এখন","other":[{"t":"idOrVar","v":"value"},"ঘন্টায়"]},"$x":[{"t":"idOrVar","v":"plural"},"value"]},{"$i":"days-until-short","$v":{"zero":"আজ","other":[{"t":"idOrVar","v":"value"},"দিনে"]},"$x":[{"t":"idOrVar","v":"plural"},"value"]},{"$i":"incorrectDate","$v":"(ভুল তারিখ)"},{"$i":"dateTimeFormat_%c","$v":"%a %b %e %Y %I:%M:%S %p"},{"$i":"dateTimeFormat_%x","$v":"%m/%d/%Y"},{"$i":"dateTimeFormat_%X","$v":"%I:%M:%S %p"},{"$i":"shortTimeFormat","$v":"%I:%M %p"},{"$i":"shortTimeFormat12","$v":"%I:%M %p"},{"$i":"shortTimeFormat24","$v":"%H:%M"},{"$i":"shortDateTimeFormat","$v":"%x %I:%M %p"},{"$i":"weekStartsOnMonday","$v":"0"},{"$i":"firstDayOfTheWeek","$v":"0"},{"$i":"time_am","$v":"AM"},{"$i":"time_pm","$v":"PM"},{"$i":"sim-with-index-and-carrier","$v":["সিম ",{"t":"idOrVar","v":"index"}," - ",{"t":"idOrVar","v":"carrier"}]},{"$i":"sim-without-carrier","$v":["সিম ",{"t":"idOrVar","v":"index"}]}]