[{"$i":"contacts","$v":"कन्टेक्ट"},{"$i":"view","$v":"दिक्खो"},{"$i":"no-contacts","$v":"कोई रावते नेईं"},{"$i":"reading-contacts","$v":"रावते लोड होआ करदे न"},{"$i":"start-adding","$v":"रावते जोड़ने लेई नमीं रावता दबाओ।"},{"$i":"no-contact-available","$v":"कोई रावता उपलब्ध नेईं ऐ"},{"$i":"ok","$v":"ठीक ऐ"},{"$i":"no-phone-number-to-dial","$v":"डायल करने लेई कोई फोन नंबर नेईं"},{"$i":"move","$v":"मूव करो"},{"$i":"copy","$v":"कापी करो"},{"$i":"copy-contacts","$v":"रावते कापी करो"},{"$i":"move-contacts","$v":"रावते मूव करो"},{"$i":"phone-memory","$v":"फोन मेमोरी"},{"$i":"sim-memory","$v":"सिम मेमोरी"},{"$i":"move-from","$v":"इस थमां मूव करो"},{"$i":"to","$v":"गी"},{"$i":"move-contacts-progressing","$v":"रावते मूव करा करदा ऐ..."},{"$i":"copy-contacts-progressing","$v":"रावते कापी करा करदा ऐ..."},{"$i":"contact-move-to-sim","$v":[{"t":"idOrVar","v":"migrated"}," रावते सिम च मूव कीते गे"]},{"$i":"contact-copy-to-sim","$v":[{"t":"idOrVar","v":"migrated"}," सिम च कापी कीते गे"]},{"$i":"contact-move-to-sim0","$v":[{"t":"idOrVar","v":"migrated"}," रावते सिम 1 च मूव कीते गे"]},{"$i":"contact-copy-to-sim0","$v":[{"t":"idOrVar","v":"migrated"}," रावते सिम 1 च कापी कीते गे"]},{"$i":"contact-move-to-sim1","$v":[{"t":"idOrVar","v":"migrated"}," रावते सिम 2 च मूव कीते गे"]},{"$i":"contact-copy-to-sim1","$v":[{"t":"idOrVar","v":"migrated"}," रावते सिम 2 च कापी कीते गे"]},{"$i":"contact-move-to-device","$v":[{"t":"idOrVar","v":"migrated"}," रावते डिवाइस पर मूव कीते गे"]},{"$i":"contact-copy-to-device","$v":[{"t":"idOrVar","v":"migrated"}," रावते डिवाइस पर कापी कीते गे"]},{"$i":"copy-contact-failed","$v":"रावता कापी करना असफल रेहा"},{"$i":"move-contact-failed","$v":"रावता कापी करना असफल रेहा"},{"$i":"contact-copy-error-sim-full","$v":"सिम कार्ड भरोची दी होने करियै रावते कापी करना पूरा नेईं होआ।"},{"$i":"contact-copy-error-unknown","$v":"अनजान त्रुटि करियै रावते कापी करना पूरा नेईं होआ।"},{"$i":"contact-move-error-sim-full","$v":"सिम कार्ड भरोची दी होने करियै रावते मूव करना पूरा नेईं होआ।"},{"$i":"contact-move-error-unknown","$v":"अनजान त्रुटि करियै रावते मूव करना पूरा नेईं होआ।"},{"$i":"memory","$v":"मेमोरी"},{"$i":"phone-and-sim","$v":"फोन ते सिम"},{"$i":"phone","$v":"फोन"},{"$i":"sim","$v":"SIM"},{"$i":"reloading-contact","$v":"रावते मुढ़-लोड होआ करदे न.."},{"$i":"contact-reloaded","$v":"रावते मुढ़-लोड कीते गे"},{"$i":"message","$v":"संदेश"},{"$i":"find-duplicate-contacts","$v":"डुप्लिकेट रावते तुप्पो"},{"$i":"no-duplicate-contact-found","$v":"कोई डुप्लिकेट रावता नेईं मिलेआ"},{"$i":"change-saved","$v":"बदलाव सहेजेआ गेआ"},{"$i":"contact-updated","$v":"रावता अपडेट कीता गेआ"},{"$i":"already-ice-contact","$v":"एह् रावता पैह्‌ले थमां इक ICE रावता ऐ"},{"$i":"callAirplaneModeTitle","$v":"ब्हाई ज्हाज मोड सक्रिय ऐ"},{"$i":"callAirplaneModeMessage","$v":"काल करने लेई तुसेंगी सेटिंगें च ब्हाई-ज्हाज मोड नकारा करना होग।"},{"$i":"emergencyDialogTitle","$v":"नेटवर्क कनेक्शन नेईं ऐ"},{"$i":"emergencyDialogBodyBadNumber","$v":"काल करने लेई, फोन गी कुसै नेटवर्क कन्नै कनेक्ट होना चाहिदा।"},{"$i":"emergencyDialogBodyDeviceNotAccepted","$v":"नेटवर्क आसेआ अपातकाली कालें दी मंजूरी नेईं ऐ।"},{"$i":"invalidNumberToDialTitle","$v":"अमान्य फोन नंबर"},{"$i":"invalidNumberToDialMessage","$v":"थुआढ़े आसेआ काल कीता गेदा फोन नंबर मान्य नेईं ऐ।"},{"$i":"emergency-call-only","$v":"अपातकाली काल सिर्फ"},{"$i":"emergency-call-error","$v":[{"t":"idOrVar","v":"number"}," अपातकाली नंबर नेईं ऐ।"]},{"$i":"numberIsBusyTitle","$v":"नंबर मसरूफ ऐ"},{"$i":"numberIsBusyMessage","$v":"नंबर इसलै मसरूफ ऐ। मगरा परतियै कोशिश करो।"},{"$i":"fdnIsActiveTitle","$v":"FDN सक्रिय"},{"$i":"fdnIsActiveMessage","$v":["FDN (फिक्स्ड डायलिंग नंबर) सक्रिय ऐ ते एह् नंबर थुआढ़ी FDN सूची च नेईं ऐ: ",{"t":"idOrVar","v":"number"}]},{"$i":"otherConnectionInUseTitle","$v":"बरतून च होर कनेक्शन"},{"$i":"otherConnectionInUseMessage","$v":"थुआढ़े कोल दूये कनेक्शन पर सक्रिय काल ऐ। तुस इक बेल्लै सिर्फ इक्कै कनेक्शन दी बरतून करी सकदे ओ।"},{"$i":"GenericFailure","$v":"सामान्य असफलता"},{"$i":"scCallBarring","$v":"काल प्रतिबंधित"},{"$i":"scCallForwarding","$v":"काल फारवर्डिंग"},{"$i":"scClip","$v":"इनकमिंग कालर ID"},{"$i":"scClir","$v":"आउटगोइंग कालर ID"},{"$i":"scPwd","$v":"पासवर्ड बदलाव"},{"$i":"scCallWaiting","$v":"काल इंतजार च ऐ"},{"$i":"scPin","$v":"PIN बदलाव"},{"$i":"scPin2","$v":"पिन 2 बदलाव"},{"$i":"scPuk","$v":"पिन अन-ब्लाक करो"},{"$i":"scPuk2","$v":"पिन 2 अन-ब्लाक करो"},{"$i":"scImei","$v":"IMEI"},{"$i":"scMeid","$v":"MEID"},{"$i":"scUssd","$v":"USSD"},{"$i":"set-speed-dial","$v":"स्पीड डायल रावते सेट करो"},{"$i":"empty","$v":"खाली"},{"$i":"voicemail","$v":"वॉयसमेल"},{"$i":"speed-dial","$v":"स्पीड डायल"},{"$i":"add","$v":"जोड़ो"},{"$i":"replace","$v":"बदलो"},{"$i":"remove-from-speed-dial","$v":"स्पीड डायल थमां हटाओ"},{"$i":"custom-dialog-replace-speed-dial","$v":["क्या तुस जकीनी तौर पर स्पीड डायल ",{"t":"idOrVar","v":"oldSpeedDial"}," गी ",{"t":"idOrVar","v":"newSpeedDial"}," कन्नै बदलना चांह्​दे ओ?"]},{"$i":"custom-dialog-remove-speed-dial","$v":["क्या तुस जकीनी तौर पर स्पीड डायल से ",{"t":"idOrVar","v":"name"}," हटाना चांह्​दे ओ?"]},{"$i":"voice-mail","$v":"वायस मेल"},{"$i":"voice-mail-number","$v":"वायस मेल नंबर"},{"$i":"voice-mail-number-updated","$v":"वायस मेल नंबर अपडेट कीता गेआ"},{"$i":"found-duplicates-message","$v":"एह्‌कड़े रावतें च डुप्लिकेट जानकारी मिली ही। क्या तुस मर्ज करना चांह्​दे ओ?"},{"$i":"confirm-to-merge-contacts","$v":["क्या तुस ",{"t":"idOrVar","v":"name"}," कन्नै ",{"t":"idOrVar","v":"n"}," रावतें गी मर्ज करना चांह्‌दे ओ?"]},{"$i":"merge","$v":"मर्ज करो"},{"$i":"contact-merged","$v":"रावता मर्ज कीते गेआ"},{"$i":"add-favorite","$v":"पसंदीदा दे रूप च जोड़ो"},{"$i":"remove-favorite","$v":"नापसंद"},{"$i":"favorite-contacts","$v":"पसंदीदा रावते"},{"$i":"sort-contacts","$v":"रावते क्रमबद्ध करो"},{"$i":"sort-by-first-name","$v":"पैह्‌ले नांऽ दे अधार पर क्रमबद्ध करो"},{"$i":"sort-by-last-name","$v":"अंतम नांऽ दे अधार पर क्रमबद्ध करो"},{"$i":"no-support-open-multi-vcard","$v":"मल्टीपल रावतें कन्नै vकार्ड नेईं खोली सकदे"},{"$i":"sdcard","$v":"मेमोरी कार्ड"},{"$i":"simcard","$v":"SIM कार्ड"},{"$i":"import-contacts","$v":"इंपोर्ट रावते"},{"$i":"simContacts-error","$v":"सिम थमां रावते इंपोर्ट नेईं कीते जाई सके।"},{"$i":"memoryCardContacts-error","$v":"मेमोरी कार्ड थमां रावते इंपोर्ट नेईं कीते जाई सके"},{"$i":"simContacts-reading","$v":"सिम कार्ड थमां रावते पढ़े जा करदे न..."},{"$i":"memoryCardContacts-reading","$v":"मेमोरी कार्ड थमां रावते पढ़े जा करदे न..."},{"$i":"importContactsTitle","$v":"इंपोर्ट रावते"},{"$i":"retry","$v":"पुनः प्रयास करें"},{"$i":"noSimMsg","$v":"रावते इंपोर्ट करने लेई अपना सिम कार्ड पाओ जां अनलाक करो"},{"$i":"noSdcardMsg","$v":"रावते इंपोर्ट करने लेई मेमोरी कार्ड पाओ"},{"$i":"not-imported","$v":"इंपोर्ट नेईं कीता गेआ"},{"$i":"imported","$v":"इंपोर्ट कीते दे"},{"$i":"importing","$v":"इंपोर्ट करना"},{"$i":"contact-imported","$v":[{"t":"idOrVar","v":"imported"}," इंपोर्ट कीते गेदे रावते। ",{"t":"idOrVar","v":"dupes"}," रावते मर्ज कीते गे।"]},{"$i":"reading-contacts-from-sim","$v":"सिम कार्ड थमां रावते पढ़ै करदा ऐ.."},{"$i":"reading-contacts-from-gmail","$v":"Gmail थमां रावते पढ़े जा करदे न.."},{"$i":"reading-contacts-from-live","$v":"आउटलुक थमां रावते पढ़ना.."},{"$i":"reading-contacts-from-sd","$v":"मेमोरी कार्ड थमां रावते पढ़ै करदा ऐ..."},{"$i":"reading-contacts-from-vcard","$v":"फाइल थमां रावते पढ़ै करदा ऐ.."},{"$i":"importing-contacts-from-sim","$v":"सिम कार्ड थमां रावते इंपोर्ट करना.."},{"$i":"importing-contacts-from-gmail","$v":"Gmail थमां रावते इंपोर्ट करना.."},{"$i":"importing-contacts-from-live","$v":"आउटलुक थमां रावते इंपोर्ट करना.."},{"$i":"importing-contacts-from-sd","$v":"मेमोरी कार्ड थमां रावते इंपोर्ट करना.."},{"$i":"importing-contacts-from-vcard","$v":"फाइल थमां रावते इंपोर्ट होआ करदे न.."},{"$i":"connect-network-to-import","$v":"रावते इंपोर्ट करने लेई, WiFi जां डेटा नेटवर्क कन्नै कनेक्ट करो"},{"$i":"export","$v":"ऐक्सपोर्ट"},{"$i":"export-contacts","$v":"रावते ऐक्सपोर्ट करो"},{"$i":"simExport-title","$v":"सिम पर ऐक्सपोर्ट करो"},{"$i":"memoryCardExport-title","$v":"मेमोरी कार्ड च ऐक्सपोर्ट करो"},{"$i":"btExport-title","$v":"ब्लूटूथ पर ऐक्सपोर्ट करो"},{"$i":"noSimMsgExport","$v":"रावते इंपोर्ट करने लेई अपना सिम कार्ड पाओ जां अनलाक करो"},{"$i":"bluetoothNoConnection","$v":"रावते इंपोर्ट करने लेई ब्लूटूथ डिवाइस कनेक्ट करो"},{"$i":"contact-exported","$v":[{"t":"idOrVar","v":"exported"}," ऐक्सपोर्ट कीते गेदे रावते।"]},{"$i":"export-contact-failed","$v":"रावता ऐक्सपोर्ट करना असफल"},{"$i":"contact-export-error-sim-full","$v":"सिम कार्ड भरोचे दा ऐ इस करियै रावते ऐक्सपोर्ट करना पूरा नेईं होआ।"},{"$i":"contact-export-error-unknown","$v":"अनजान त्रुटि करियै रावते ऐक्सपोर्ट करना पूरा नेईं होआ।"},{"$i":"save","$v":"बचाओ"},{"$i":"back","$v":"वापस"},{"$i":"givenName","$v":"पैह्‌ला नांऽ"},{"$i":"familyName","$v":"अखीरी नांऽ"},{"$i":"name","$v":"नांऽ"},{"$i":"org","$v":"कंपनी"},{"$i":"ringtone","$v":"रिंगटोन"},{"$i":"note","$v":"नोट"},{"$i":"email","$v":"ईमेल"},{"$i":"adr","$v":"पता"},{"$i":"custom","$v":"कस्टम"},{"$i":"confirm-discard-contact-data","$v":"रावता जानकारी गी रद्द करी दित्ता जाह्‌ग। क्या तुस इस रावते गी सहेजना चांह्‌दे ओ?"},{"$i":"discard","$v":"रद्द"},{"$i":"add-others","$v":"दूयें गी जोड़ो"},{"$i":"custom-type","$v":"कस्टम प्रकार"},{"$i":"input-the-custom-type","$v":"किरपा करियै कस्टम किस्म इनपुट करो"},{"$i":"contact-saved","$v":"रावता सहेजेआ गेआ"},{"$i":"are-you-sure-to-delete-field","$v":["क्या तुस जकीनी तौर पर ",{"t":"idOrVar","v":"field"}," डिलीट करना चांह्​दे ओ?"]},{"$i":"personal","$v":"निजी"},{"$i":"mobile","$v":"मोबाइल"},{"$i":"current","$v":"मौजूदा"},{"$i":"home","$v":"होम"},{"$i":"work","$v":"कारज"},{"$i":"other","$v":"होर"},{"$i":"fax-home","$v":"फैक्स होम"},{"$i":"fax-office","$v":"फैक्स दफ्तर"},{"$i":"fax-other","$v":"फैक्स होर"},{"$i":"add-tel","$v":"फोन नंबर जोड़ो"},{"$i":"add-email","$v":"ईमेल जोड़ो"},{"$i":"add-ringtone","$v":"रिंगटोन जोड़ो"},{"$i":"add-adr","$v":"पता जोड़ो"},{"$i":"add-bday","$v":"जन्मदिन जोड़ो"},{"$i":"add-photo","$v":"तस्वीर जोड़ो"},{"$i":"add-note","$v":"नोट जोड़े"},{"$i":"add-org","$v":"कंपनी जोड़ो"},{"$i":"delete-tel","$v":"फोन नंबर डिलीट करो"},{"$i":"delete-email","$v":"ईमेल डिलीट करो"},{"$i":"delete-ringtone","$v":"रिंगटोन डिलीट करो"},{"$i":"delete-adr","$v":"पता डिलीट करो"},{"$i":"delete-bday","$v":"जन्मदिन डिलीट करो"},{"$i":"delete-photo","$v":"तस्वीर हटाओ"},{"$i":"delete-note","$v":"नोट डिलीट करो"},{"$i":"delete-org","$v":"कंपनी डिलीट करो"},{"$i":"edit-tel-type","$v":"संपादत फोन प्रकार"},{"$i":"edit-email-type","$v":"संपादत ईमेल किस्म"},{"$i":"edit-adr-type","$v":"संपादत पता किस्म"},{"$i":"edit-bday-type","$v":"जन्मदिन संपादत करो"},{"$i":"replace-photo","$v":"फोटो बदलो"},{"$i":"replace-ringtone","$v":"रिंगटोन बदलो"},{"$i":"mobile-tel","$v":"मोबाइल फोन"},{"$i":"home-tel","$v":"घरेलू फोन"},{"$i":"work-tel","$v":"कारजी फोन"},{"$i":"personal-tel","$v":"निजी फोन"},{"$i":"fax-home-tel","$v":"होम फ़ैक्स"},{"$i":"fax-office-tel","$v":"दफ्तरी फैक्स"},{"$i":"fax-other-tel","$v":"होर फैक्स"},{"$i":"other-tel","$v":"होर फोन"},{"$i":"personal-email","$v":"निजी ईमेल"},{"$i":"work-email","$v":"कारजी ई-मेल"},{"$i":"other-email","$v":"होर ई-मेल"},{"$i":"custom-email","$v":[{"t":"idOrVar","v":"type"},"  ई-मेल"]},{"$i":"custom-tel","$v":[{"t":"idOrVar","v":"type"}," फोन"]},{"$i":"personal-adr","$v":"निजी पता"},{"$i":"current-adr","$v":"मौजूदा पता"},{"$i":"home-adr","$v":"घरेलू पता"},{"$i":"work-adr","$v":"दफ्तरी पता"},{"$i":"custom-adr","$v":[{"t":"idOrVar","v":"type"},"  पता"]},{"$i":"bday","$v":"जन्मदिन"},{"$i":"birthday","$v":"जन्मदिन"},{"$i":"streetAddress","$v":"गली"},{"$i":"locality","$v":"शैह्र"},{"$i":"postalCode","$v":"पिन कोड"},{"$i":"countryName","$v":"मुल्ख"},{"$i":"region","$v":"रिआसत"},{"$i":"no-name","$v":"कोई नांऽ नेईं"},{"$i":"new-contact","$v":"नमां रावता"},{"$i":"options","$v":"विकल्प"},{"$i":"cancel","$v":"रद्द करो"},{"$i":"settings","$v":"सेटिंग्स"},{"$i":"edit","$v":"एडिट"},{"$i":"share","$v":"साझा करो"},{"$i":"remove","$v":"हटाना"},{"$i":"music","$v":"म्यूजिक"},{"$i":"ICEContactsGroup","$v":"ICE रावते"},{"$i":"setICEButton","$v":"ICE रावते सेट करो"},{"$i":"ICESettingTitle","$v":"ICE रावते"},{"$i":"ICEDescription","$v":"\"अपातकाल दे मामले च\" कालां करने लेई पंज रावते जोड़ो"},{"$i":"ICEContact","$v":["ICE रावता",{"t":"idOrVar","v":"n"}]},{"$i":"ICESelectContact","$v":"रावता चुनो"},{"$i":"delete-ice-contact-warning","$v":"क्या तुस जकीनी तौर पर ICE रावता हटाना चांह्​दे ओ?"},{"$i":"confirm","$v":"पुश्टिकरण"},{"$i":"send-message","$v":"सनेहा भेजो"},{"$i":"call","$v":"कॉल"},{"$i":"send-email","$v":"ईमेल भेजो"},{"$i":"choose-number","$v":"चुनो-संख्या चुनो"},{"$i":"choose-email-adress","$v":"ईमेल पता चुनो"},{"$i":"delete","$v":"हटाना"},{"$i":"select","$v":"चुनो"},{"$i":"select-all","$v":"सब्भै चुनो"},{"$i":"deselect-all","$v":"सब्भै अन-चुने करो"},{"$i":"deselect","$v":"अन-चुनेआ करो"},{"$i":"selected-contacts","$v":{"zero":"कोई बी चुनिंदा नेईं","one":[{"t":"idOrVar","v":"n"}," चुनिंदा"],"two":[{"t":"idOrVar","v":"n"}," चुनिंदा"],"few":[{"t":"idOrVar","v":"n"}," चुनिंदा"],"many":[{"t":"idOrVar","v":"n"}," चुनिंदा"],"other":[{"t":"idOrVar","v":"n"}," चुनिंदा"]},"$x":[{"t":"idOrVar","v":"plural"},"n"]},{"$i":"massive-delete","$v":"कन्टेक्ट्स हटाओ"},{"$i":"confirm-contact-delete","$v":["क्या तुस जकीनी तौर पर रावता ",{"t":"idOrVar","v":"name"}," डिलीट करना चांह्​दे ओ?"]},{"$i":"DeletedTxt","$v":{"zero":"डिलीट करने लेई कोई रावता नेईं","one":"1 रावता डिलीट कीता गेआ","two":[{"t":"idOrVar","v":"n"}," रावते डिलीट कीते गे"],"few":[{"t":"idOrVar","v":"n"}," रावते डिलीट कीते गे"],"many":[{"t":"idOrVar","v":"n"}," रावते डिलीट कीते गे"],"other":[{"t":"idOrVar","v":"n"}," रावते डिलीट कीते गे"]},"$x":[{"t":"idOrVar","v":"plural"},"n"]},{"$i":"DeletingContacts","$v":"रावते डिलीट करना"},{"$i":"ContactConfirmDel","$v":{"zero":"डिलीट करने लेई कोई रावता नेईं","one":"1 रावता डिलीट करो? एह् मुड़-हासल नेईं कीता जाई सकदा।","two":[{"t":"idOrVar","v":"n"}," रावते डिलीट करो? एह् मुड़-हासल नेईं कीते जाई सकदे।"],"few":[{"t":"idOrVar","v":"n"}," रावते डिलीट करो? एह् मुड़-हासल नेईं कीते जाई सकदे।"],"many":[{"t":"idOrVar","v":"n"}," रावते डिलीट करो? एह् मुड़-हासल नेईं कीते जाई सकदे।"],"other":[{"t":"idOrVar","v":"n"}," रावते डिलीट करो? एह् मुड़-हासल नेईं कीते जाई सकदे।"]},"$x":[{"t":"idOrVar","v":"plural"},"n"]},{"$i":"contact-deleted","$v":[{"t":"idOrVar","v":"n"}," रावते डिलीट कीते गे"]},{"$i":"change-will-update-until-restart","$v":"बदलावें गी अगली बार अपडेट कीता जाह्​ग रावतें गी लांच कीता गेआ ऐ।"},{"$i":"transfer-contacts","$v":"रावते ट्रांसफर करो"},{"$i":"contacts-management","$v":"रावते प्रबंधन"},{"$i":"no-contacts-found","$v":"कोई रावता नेईं लब्भेआ"},{"$i":"weekday-0-long","$v":"ऐतवार"},{"$i":"weekday-1-long","$v":"सोमवार"},{"$i":"weekday-2-long","$v":"मंगलवार"},{"$i":"weekday-3-long","$v":"बुधवार"},{"$i":"weekday-4-long","$v":"बीरवार"},{"$i":"weekday-5-long","$v":"शुक्रवार"},{"$i":"weekday-6-long","$v":"शनिवार"},{"$i":"weekday-0-short","$v":"ऐत"},{"$i":"weekday-1-short","$v":"सोम"},{"$i":"weekday-2-short","$v":"मंगल"},{"$i":"weekday-3-short","$v":"वेब"},{"$i":"weekday-4-short","$v":"वीर"},{"$i":"weekday-5-short","$v":"शुक्र"},{"$i":"weekday-6-short","$v":"शनि"},{"$i":"month-0-long","$v":"जनवरी"},{"$i":"month-1-long","$v":"फरवरी"},{"$i":"month-2-long","$v":"मार्च"},{"$i":"month-3-long","$v":"अप्रैल"},{"$i":"month-4-long","$v":"मई"},{"$i":"month-5-long","$v":"जून"},{"$i":"month-6-long","$v":"जुलाई"},{"$i":"month-7-long","$v":"अगस्त"},{"$i":"month-8-long","$v":"सितंबर"},{"$i":"month-9-long","$v":"अक्टूबर"},{"$i":"month-10-long","$v":"नवंबर"},{"$i":"month-11-long","$v":"दिसंबर"},{"$i":"month-0-genitive","$v":"जनवरी"},{"$i":"month-1-genitive","$v":"फरवरी"},{"$i":"month-2-genitive","$v":"मार्च"},{"$i":"month-3-genitive","$v":"अप्रैल"},{"$i":"month-4-genitive","$v":"मई"},{"$i":"month-5-genitive","$v":"जून"},{"$i":"month-6-genitive","$v":"जुलाई"},{"$i":"month-7-genitive","$v":"अगस्त"},{"$i":"month-8-genitive","$v":"सितंबर"},{"$i":"month-9-genitive","$v":"अक्टूबर"},{"$i":"month-10-genitive","$v":"नवंबर"},{"$i":"month-11-genitive","$v":"दिसंबर"},{"$i":"month-0-short","$v":"जनवरी"},{"$i":"month-1-short","$v":"फरवरी"},{"$i":"month-2-short","$v":"मार्च"},{"$i":"month-3-short","$v":"अप्रैल"},{"$i":"month-4-short","$v":"मई"},{"$i":"month-5-short","$v":"जून"},{"$i":"month-6-short","$v":"जुलाई"},{"$i":"month-7-short","$v":"अगस्त"},{"$i":"month-8-short","$v":"सितम्बर"},{"$i":"month-9-short","$v":"अक्टूबर"},{"$i":"month-10-short","$v":"नवंबर"},{"$i":"month-11-short","$v":"दिसंबर"},{"$i":"minutes-ago-long","$v":{"zero":"हूनै","one":"इक मिनट पैह्‌ले","two":[{"t":"idOrVar","v":"value"}," मिनट पैह्‌ले"],"few":[{"t":"idOrVar","v":"value"}," मिनट पैह्‌ले"],"many":[{"t":"idOrVar","v":"value"}," मिनट पैह्‌ले"],"other":[{"t":"idOrVar","v":"value"}," मिनट पैह्‌ले"]},"$x":[{"t":"idOrVar","v":"plural"},"value"]},{"$i":"hours-ago-long","$v":{"zero":"हूनै","one":"इक घैंटा पैह्‌ले","two":[{"t":"idOrVar","v":"value"}," घैंटे पैह्‌ले"],"few":[{"t":"idOrVar","v":"value"}," घैंटे पैह्‌ले"],"many":[{"t":"idOrVar","v":"value"}," घैंटे पैह्‌ले"],"other":[{"t":"idOrVar","v":"value"}," घैंटे पैह्‌ले"]},"$x":[{"t":"idOrVar","v":"plural"},"value"]},{"$i":"days-ago-long","$v":{"zero":"अज्ज","one":"कल","two":[{"t":"idOrVar","v":"value"}," दिन पैह्‌ले"],"few":[{"t":"idOrVar","v":"value"}," दिन पैह्‌ले"],"many":[{"t":"idOrVar","v":"value"}," दिन पैह्‌ले"],"other":[{"t":"idOrVar","v":"value"}," दिन पैह्‌ले"]},"$x":[{"t":"idOrVar","v":"plural"},"value"]},{"$i":"weeks-ago-long","$v":{"zero":"इस हफ्ते","one":"पिछले हफ्ते","two":[{"t":"idOrVar","v":"value"}," हफ्ते पैह्‌ले"],"few":[{"t":"idOrVar","v":"value"}," हफ्ते पैह्‌ले"],"many":[{"t":"idOrVar","v":"value"}," हफ्ते पैह्‌ले"],"other":[{"t":"idOrVar","v":"value"}," हफ्ते पैह्‌ले"]},"$x":[{"t":"idOrVar","v":"plural"},"value"]},{"$i":"months-ago-long","$v":{"zero":"इस म्हीने","one":"पिछले म्हीने","two":[{"t":"idOrVar","v":"value"}," म्हीने पैह्‌ले"],"few":[{"t":"idOrVar","v":"value"}," म्हीने पैह्‌ले"],"many":[{"t":"idOrVar","v":"value"}," म्हीने पैह्‌ले"],"other":[{"t":"idOrVar","v":"value"}," म्हीने पैह्‌ले"]},"$x":[{"t":"idOrVar","v":"plural"},"value"]},{"$i":"years-ago-long","$v":{"zero":"इस ब'रे","one":"पिछले ब'रे","two":[{"t":"idOrVar","v":"value"}," ब'रे पैह्‌ले"],"few":[{"t":"idOrVar","v":"value"}," ब'रे पैह्‌ले"],"many":[{"t":"idOrVar","v":"value"}," ब'रे पैह्‌ले"],"other":[{"t":"idOrVar","v":"value"}," ब'रे पैह्‌ले"]},"$x":[{"t":"idOrVar","v":"plural"},"value"]},{"$i":"minutes-until-long","$v":{"zero":"हून","one":"इक मिनट च","two":[{"t":"idOrVar","v":"value"}," मिनटें च"],"few":[{"t":"idOrVar","v":"value"}," मिनटें च"],"many":[{"t":"idOrVar","v":"value"}," मिनटें च"],"other":[{"t":"idOrVar","v":"value"}," मिनटें च"]},"$x":[{"t":"idOrVar","v":"plural"},"value"]},{"$i":"hours-until-long","$v":{"zero":"हून","one":"इक घैंटे च","two":[{"t":"idOrVar","v":"value"}," घैंटें च"],"few":[{"t":"idOrVar","v":"value"}," घैंटें च"],"many":[{"t":"idOrVar","v":"value"}," घैंटें च"],"other":[{"t":"idOrVar","v":"value"}," घैंटें च"]},"$x":[{"t":"idOrVar","v":"plural"},"value"]},{"$i":"days-until-long","$v":{"zero":"अज्ज","one":"कल","two":[{"t":"idOrVar","v":"value"}," दिनें च"],"few":[{"t":"idOrVar","v":"value"}," दिनें च"],"many":[{"t":"idOrVar","v":"value"}," दिनें च"],"other":[{"t":"idOrVar","v":"value"}," दिनें च"]},"$x":[{"t":"idOrVar","v":"plural"},"value"]},{"$i":"weeks-until-long","$v":{"zero":"इस हफ्ते","one":"अगले हफ्ते","two":[{"t":"idOrVar","v":"value"},"हफ्तें च"],"few":[{"t":"idOrVar","v":"value"},"हफ्तें च"],"many":[{"t":"idOrVar","v":"value"},"हफ्तें च"],"other":[{"t":"idOrVar","v":"value"},"हफ्तें च"]},"$x":[{"t":"idOrVar","v":"plural"},"value"]},{"$i":"months-until-long","$v":{"zero":"इस म्हीने","one":"अगले म्हीने","two":[{"t":"idOrVar","v":"value"}," म्हीनें च"],"few":[{"t":"idOrVar","v":"value"}," म्हीनें च"],"many":[{"t":"idOrVar","v":"value"}," म्हीनें च"],"other":[{"t":"idOrVar","v":"value"}," म्हीनें च"]},"$x":[{"t":"idOrVar","v":"plural"},"value"]},{"$i":"years-until-long","$v":{"zero":"इस ब'रे","one":"अगले ब'रे","two":[{"t":"idOrVar","v":"value"},"ब'रें च"],"few":[{"t":"idOrVar","v":"value"},"ब'रें च"],"many":[{"t":"idOrVar","v":"value"},"ब'रें च"],"other":[{"t":"idOrVar","v":"value"},"ब'रें च"]},"$x":[{"t":"idOrVar","v":"plural"},"value"]},{"$i":"minutes-ago-short","$v":{"zero":"हूनै","other":[{"t":"idOrVar","v":"value"}," मिनट पैह्‌ले"]},"$x":[{"t":"idOrVar","v":"plural"},"value"]},{"$i":"hours-ago-short","$v":{"zero":"हूनै","other":[{"t":"idOrVar","v":"value"}," घैंटे पैह्‌ले"]},"$x":[{"t":"idOrVar","v":"plural"},"value"]},{"$i":"days-ago-short","$v":{"zero":"अज्ज","other":[{"t":"idOrVar","v":"value"}," दिन पैह्‌ले"]},"$x":[{"t":"idOrVar","v":"plural"},"value"]},{"$i":"minutes-until-short","$v":{"zero":"हून","other":[{"t":"idOrVar","v":"value"},"मिनटें च"]},"$x":[{"t":"idOrVar","v":"plural"},"value"]},{"$i":"hours-until-short","$v":{"zero":"हून","other":[{"t":"idOrVar","v":"value"}," घैंटें च"]},"$x":[{"t":"idOrVar","v":"plural"},"value"]},{"$i":"days-until-short","$v":{"zero":"अज्ज","other":[{"t":"idOrVar","v":"value"},"दिनें च"]},"$x":[{"t":"idOrVar","v":"plural"},"value"]},{"$i":"incorrectDate","$v":"(गलत तरीक)"},{"$i":"dateTimeFormat_%c","$v":"%a %b %e %Y %I:%M:%S %p"},{"$i":"dateTimeFormat_%x","$v":"%m/%d/%Y"},{"$i":"dateTimeFormat_%X","$v":"%I:%M:%S %p"},{"$i":"shortTimeFormat","$v":"%I:%M %p"},{"$i":"shortTimeFormat12","$v":"%I:%M %p"},{"$i":"shortTimeFormat24","$v":"%H:%M"},{"$i":"shortDateTimeFormat","$v":"%x %I:%M %p"},{"$i":"weekStartsOnMonday","$v":"0"},{"$i":"firstDayOfTheWeek","$v":"0"},{"$i":"time_am","$v":"AM"},{"$i":"time_pm","$v":"PM"},{"$i":"sim-with-index-and-carrier","$v":["सिम",{"t":"idOrVar","v":"index"}," -",{"t":"idOrVar","v":"carrier"}]},{"$i":"sim-without-carrier","$v":["सिम ",{"t":"idOrVar","v":"index"}]}]