[{"$i":"contacts","$v":"Contacts"},{"$i":"view","$v":"View"},{"$i":"no-contacts","$v":"No contacts"},{"$i":"reading-contacts","$v":"Loading contacts"},{"$i":"start-adding","$v":"Press New Contact to add contacts."},{"$i":"no-contact-available","$v":"There is no contact available."},{"$i":"ok","$v":"OK"},{"$i":"no-phone-number-to-dial","$v":"No phone number to dial."},{"$i":"move","$v":"Move"},{"$i":"copy","$v":"Copy"},{"$i":"copy-contacts","$v":"Copy contacts"},{"$i":"move-contacts","$v":"Move contacts"},{"$i":"phone-memory","$v":"Phone memory"},{"$i":"sim-memory","$v":"SIM memory"},{"$i":"move-from","$v":"Move from"},{"$i":"to","$v":"To"},{"$i":"move-contacts-progressing","$v":"Moving contact(s)..."},{"$i":"copy-contacts-progressing","$v":"Copying contact(s)..."},{"$i":"contact-move-to-sim","$v":[{"t":"idOrVar","v":"migrated"}," contact(s) moved to SIM"]},{"$i":"contact-copy-to-sim","$v":[{"t":"idOrVar","v":"migrated"}," contact(s) copied to SIM"]},{"$i":"contact-move-to-sim0","$v":[{"t":"idOrVar","v":"migrated"}," contact(s) moved to SIM 1"]},{"$i":"contact-copy-to-sim0","$v":[{"t":"idOrVar","v":"migrated"}," contact(s) copied to SIM 1"]},{"$i":"contact-move-to-sim1","$v":[{"t":"idOrVar","v":"migrated"}," contact(s) moved to SIM 2"]},{"$i":"contact-copy-to-sim1","$v":[{"t":"idOrVar","v":"migrated"}," contact(s) copied to SIM 2"]},{"$i":"contact-move-to-device","$v":[{"t":"idOrVar","v":"migrated"}," contact(s) moved to device"]},{"$i":"contact-copy-to-device","$v":[{"t":"idOrVar","v":"migrated"}," contact(s) copied to device"]},{"$i":"copy-contact-failed","$v":"Copy contact failed"},{"$i":"move-contact-failed","$v":"Move contact failed"},{"$i":"contact-copy-error-sim-full","$v":"Copy contacts not completed because the SIM card is full."},{"$i":"contact-copy-error-unknown","$v":"Copy contacts not completed due to unknown error."},{"$i":"contact-move-error-sim-full","$v":"Move contacts not completed because the SIM card is full."},{"$i":"contact-move-error-unknown","$v":"Move contacts not completed due to unknown error."},{"$i":"memory","$v":"Memory"},{"$i":"phone-and-sim","$v":"Phone and SIM"},{"$i":"phone","$v":"Phone"},{"$i":"sim","$v":"SIM"},{"$i":"reloading-contact","$v":"Reloading contacts.."},{"$i":"contact-reloaded","$v":"Contacts reloaded"},{"$i":"message","$v":"Message"},{"$i":"find-duplicate-contacts","$v":"Find duplicate contacts"},{"$i":"no-duplicate-contact-found","$v":"No duplicate contacts found"},{"$i":"change-saved","$v":"Change saved"},{"$i":"contact-updated","$v":"Contact updated"},{"$i":"already-ice-contact","$v":"This contact is already an ICE contact"},{"$i":"callAirplaneModeTitle","$v":"Airplane mode activated"},{"$i":"callAirplaneModeMessage","$v":"To make a call you need to disable airplane mode in settings."},{"$i":"emergencyDialogTitle","$v":"No network connection"},{"$i":"emergencyDialogBodyBadNumber","$v":"To make a call, the phone must be connected to a network."},{"$i":"emergencyDialogBodyDeviceNotAccepted","$v":"Emergency calls are not allowed by the network."},{"$i":"invalidNumberToDialTitle","$v":"Invalid phone number"},{"$i":"invalidNumberToDialMessage","$v":"The phone number you are calling is not valid."},{"$i":"emergency-call-only","$v":"Emergency Call only"},{"$i":"emergency-call-error","$v":[{"t":"idOrVar","v":"number"}," is not an emergency number."]},{"$i":"numberIsBusyTitle","$v":"Number is busy"},{"$i":"numberIsBusyMessage","$v":"The number is currently busy. Please try again later."},{"$i":"fdnIsActiveTitle","$v":"FDN active"},{"$i":"fdnIsActiveMessage","$v":["FDN (Fixed Dialing Numbers) is activated and the following number is not in your FDN list: ",{"t":"idOrVar","v":"number"}]},{"$i":"otherConnectionInUseTitle","$v":"Other connection in use"},{"$i":"otherConnectionInUseMessage","$v":"You have an active call on another connection. You can only use one connection at a time."},{"$i":"GenericFailure","$v":"Generic failure"},{"$i":"scCallBarring","$v":"Call barring"},{"$i":"scCallForwarding","$v":"Call forwarding"},{"$i":"scClip","$v":"Incoming Caller ID"},{"$i":"scClir","$v":"Outgoing Caller ID"},{"$i":"scPwd","$v":"Password change"},{"$i":"scCallWaiting","$v":"Call waiting"},{"$i":"scPin","$v":"PIN change"},{"$i":"scPin2","$v":"PIN2 change"},{"$i":"scPuk","$v":"Unblock PIN"},{"$i":"scPuk2","$v":"Unblock PIN2"},{"$i":"scImei","$v":"IMEI"},{"$i":"scMeid","$v":"MEID"},{"$i":"scUssd","$v":"USSD"},{"$i":"set-speed-dial","$v":"Set speed dial contacts"},{"$i":"empty","$v":"Empty"},{"$i":"voicemail","$v":"Voicemail"},{"$i":"speed-dial","$v":"Speed dial"},{"$i":"add","$v":"Add"},{"$i":"replace","$v":"Replace"},{"$i":"remove-from-speed-dial","$v":"Remove from speed dial"},{"$i":"custom-dialog-replace-speed-dial","$v":["Are you sure you want to replace Speed Dial ",{"t":"idOrVar","v":"oldSpeedDial"}," with ",{"t":"idOrVar","v":"newSpeedDial"},"?"]},{"$i":"custom-dialog-remove-speed-dial","$v":["Are you sure you want to remove ",{"t":"idOrVar","v":"name"}," from Speed Dial?"]},{"$i":"voice-mail","$v":"Voice mail"},{"$i":"voice-mail-number","$v":"Voice mail number"},{"$i":"voice-mail-number-updated","$v":"Voice mail number updated"},{"$i":"found-duplicates-message","$v":"Duplicate information was found in the following contacts. Would you like to merge?"},{"$i":"confirm-to-merge-contacts","$v":["Are you sure to merge ",{"t":"idOrVar","v":"n"}," contacts with ",{"t":"idOrVar","v":"name"},"?"]},{"$i":"merge","$v":"Merge"},{"$i":"contact-merged","$v":"Contact merged"},{"$i":"add-favorite","$v":"Add to Favorite"},{"$i":"remove-favorite","$v":"Remove from Favorite"},{"$i":"favorite-contacts","$v":"Favorite contacts"},{"$i":"sort-contacts","$v":"Sort contacts"},{"$i":"sort-by-first-name","$v":"Sort by first name"},{"$i":"sort-by-last-name","$v":"Sort by last name"},{"$i":"no-support-open-multi-vcard","$v":"Cannot open vCard with multiple contacts"},{"$i":"sdcard","$v":"Memory card"},{"$i":"simcard","$v":"SIM card"},{"$i":"import-contacts","$v":"Import contacts"},{"$i":"simContacts-error","$v":"Could not import Contacts from SIM."},{"$i":"memoryCardContacts-error","$v":"Could not import contacts from Memory card."},{"$i":"simContacts-reading","$v":"Reading Contacts from SIM Card…"},{"$i":"memoryCardContacts-reading","$v":"Reading Contacts from Memory card…"},{"$i":"importContactsTitle","$v":"Import Contacts"},{"$i":"retry","$v":"Retry"},{"$i":"noSimMsg","$v":"To import contacts insert or unlock your SIM card."},{"$i":"noSdcardMsg","$v":"To import contacts insert Memory card"},{"$i":"not-imported","$v":"Not imported"},{"$i":"imported","$v":"Imported"},{"$i":"importing","$v":"Importing"},{"$i":"contact-imported","$v":["Imported ",{"t":"idOrVar","v":"imported"}," contacts. ",{"t":"idOrVar","v":"dupes"}," contacts merged."]},{"$i":"reading-contacts-from-sim","$v":"Reading contacts from SIM card.."},{"$i":"reading-contacts-from-gmail","$v":"Reading contacts from Gmail.."},{"$i":"reading-contacts-from-live","$v":"Reading contacts from Outlook.."},{"$i":"reading-contacts-from-sd","$v":"Reading contacts from Memory card.."},{"$i":"reading-contacts-from-vcard","$v":"Reading contacts from file.."},{"$i":"importing-contacts-from-sim","$v":"Importing contacts from SIM card.."},{"$i":"importing-contacts-from-gmail","$v":"Importing contacts from Gmail.."},{"$i":"importing-contacts-from-live","$v":"Importing contacts from Outlook.."},{"$i":"importing-contacts-from-sd","$v":"Importing contacts from Memory card.."},{"$i":"importing-contacts-from-vcard","$v":"Importing contacts from file.."},{"$i":"connect-network-to-import","$v":"To import contacts connect to WiFi or data network."},{"$i":"export","$v":"Export"},{"$i":"export-contacts","$v":"Export contacts"},{"$i":"simExport-title","$v":"Export to SIM"},{"$i":"memoryCardExport-title","$v":"Export to memory card"},{"$i":"btExport-title","$v":"Export to Bluetooth"},{"$i":"noSimMsgExport","$v":"To export contacts insert or unlock your SIM card."},{"$i":"bluetoothNoConnection","$v":"To export contacts connect a Bluetooth device."},{"$i":"contact-exported","$v":["Exported ",{"t":"idOrVar","v":"exported"}," contacts."]},{"$i":"export-contact-failed","$v":"Export contact failed"},{"$i":"contact-export-error-sim-full","$v":"Export contacts not completed because the SIM card is full."},{"$i":"contact-export-error-unknown","$v":"Export contacts not completed due to unknown error."},{"$i":"save","$v":"Save"},{"$i":"back","$v":"Back"},{"$i":"givenName","$v":"First name"},{"$i":"familyName","$v":"Last name"},{"$i":"name","$v":"Name"},{"$i":"org","$v":"Company"},{"$i":"ringtone","$v":"Ringtone"},{"$i":"note","$v":"Note"},{"$i":"email","$v":"Email"},{"$i":"adr","$v":"Address"},{"$i":"custom","$v":"Custom"},{"$i":"confirm-discard-contact-data","$v":"Contact information will be discarded. Would you like to save this contact?"},{"$i":"discard","$v":"Discard"},{"$i":"add-others","$v":"Add others"},{"$i":"custom-type","$v":"Custom type"},{"$i":"input-the-custom-type","$v":"Please input the custom type"},{"$i":"contact-saved","$v":"Contact saved"},{"$i":"are-you-sure-to-delete-field","$v":["Are you sure to delete ",{"t":"idOrVar","v":"field"},"?"]},{"$i":"personal","$v":"Personal"},{"$i":"mobile","$v":"Mobile"},{"$i":"current","$v":"Current"},{"$i":"home","$v":"Home"},{"$i":"work","$v":"Work"},{"$i":"other","$v":"Other"},{"$i":"fax-home","$v":"Fax home"},{"$i":"fax-office","$v":"Fax office"},{"$i":"fax-other","$v":"Fax other"},{"$i":"add-tel","$v":"Add phone number"},{"$i":"add-email","$v":"Add email"},{"$i":"add-ringtone","$v":"Add ringtone"},{"$i":"add-adr","$v":"Add address"},{"$i":"add-bday","$v":"Add birthday"},{"$i":"add-photo","$v":"Add picture"},{"$i":"add-note","$v":"Add note"},{"$i":"add-org","$v":"Add company"},{"$i":"delete-tel","$v":"Delete phone number"},{"$i":"delete-email","$v":"Delete email"},{"$i":"delete-ringtone","$v":"Delete ringtone"},{"$i":"delete-adr","$v":"Delete address"},{"$i":"delete-bday","$v":"Delete birthday"},{"$i":"delete-photo","$v":"Remove picture"},{"$i":"delete-note","$v":"Delete note"},{"$i":"delete-org","$v":"Delete company"},{"$i":"edit-tel-type","$v":"Edit phone type"},{"$i":"edit-email-type","$v":"Edit email type"},{"$i":"edit-adr-type","$v":"Edit address type"},{"$i":"edit-bday-type","$v":"Edit birthday"},{"$i":"replace-photo","$v":"Change photo"},{"$i":"replace-ringtone","$v":"Change ringtone"},{"$i":"mobile-tel","$v":"Mobile phone"},{"$i":"home-tel","$v":"Home phone"},{"$i":"work-tel","$v":"Work phone"},{"$i":"personal-tel","$v":"Personal phone"},{"$i":"fax-home-tel","$v":"Home Fax"},{"$i":"fax-office-tel","$v":"Office Fax"},{"$i":"fax-other-tel","$v":"Other Fax"},{"$i":"other-tel","$v":"Other phone"},{"$i":"personal-email","$v":"Personal e-mail"},{"$i":"work-email","$v":"Work e-mail"},{"$i":"other-email","$v":"Other e-mail"},{"$i":"custom-email","$v":[{"t":"idOrVar","v":"type"}," e-mail"]},{"$i":"custom-tel","$v":[{"t":"idOrVar","v":"type"}," phone"]},{"$i":"personal-adr","$v":"Personal address"},{"$i":"current-adr","$v":"Current address"},{"$i":"home-adr","$v":"Home address"},{"$i":"work-adr","$v":"Work address"},{"$i":"custom-adr","$v":[{"t":"idOrVar","v":"type"}," address"]},{"$i":"bday","$v":"Birthday"},{"$i":"birthday","$v":"Birthday"},{"$i":"streetAddress","$v":"Street"},{"$i":"locality","$v":"City"},{"$i":"postalCode","$v":"Pin code"},{"$i":"countryName","$v":"Country"},{"$i":"region","$v":"State"},{"$i":"no-name","$v":"No name"},{"$i":"new-contact","$v":"New contact"},{"$i":"options","$v":"Options"},{"$i":"cancel","$v":"Cancel"},{"$i":"settings","$v":"Settings"},{"$i":"edit","$v":"Edit"},{"$i":"share","$v":"Share"},{"$i":"remove","$v":"Remove"},{"$i":"music","$v":"Music"},{"$i":"ICEContactsGroup","$v":"ICE Contacts"},{"$i":"setICEButton","$v":"Set ICE Contacts"},{"$i":"ICESettingTitle","$v":"ICE Contacts"},{"$i":"ICEDescription","$v":"Add five contacts for making “In Case of Emergency” calls."},{"$i":"ICEContact","$v":["ICE Contact ",{"t":"idOrVar","v":"n"}]},{"$i":"ICESelectContact","$v":"Select a contact"},{"$i":"delete-ice-contact-warning","$v":"Are you sure you want to remove the ICE Contact ?"},{"$i":"confirm","$v":"Confirmation"},{"$i":"send-message","$v":"Send message"},{"$i":"call","$v":"Call"},{"$i":"send-email","$v":"Send email"},{"$i":"choose-number","$v":"Choose a choose-number"},{"$i":"choose-email-adress","$v":"Choose an email address"},{"$i":"delete","$v":"Delete"},{"$i":"select","$v":"Select"},{"$i":"select-all","$v":"Select all"},{"$i":"deselect-all","$v":"Deselect all"},{"$i":"deselect","$v":"Deselect"},{"$i":"selected-contacts","$v":{"zero":"none selected","one":[{"t":"idOrVar","v":"n"}," selected"],"two":[{"t":"idOrVar","v":"n"}," selected"],"few":[{"t":"idOrVar","v":"n"}," selected"],"many":[{"t":"idOrVar","v":"n"}," selected"],"other":[{"t":"idOrVar","v":"n"}," selected"]},"$x":[{"t":"idOrVar","v":"plural"},"n"]},{"$i":"massive-delete","$v":"Delete contacts"},{"$i":"confirm-contact-delete","$v":["Are you sure you want to delete the contact ",{"t":"idOrVar","v":"name"},"?"]},{"$i":"DeletedTxt","$v":{"zero":"No Contact to delete","one":"1 Contact removed","two":[{"t":"idOrVar","v":"n"}," Contacts removed"],"few":[{"t":"idOrVar","v":"n"}," Contacts removed"],"many":[{"t":"idOrVar","v":"n"}," Contacts removed"],"other":[{"t":"idOrVar","v":"n"}," Contacts removed"]},"$x":[{"t":"idOrVar","v":"plural"},"n"]},{"$i":"DeletingContacts","$v":"Deleting contacts"},{"$i":"ContactConfirmDel","$v":{"zero":"No Contact to delete","one":"Delete 1 Contact? This cannot be recovered.","two":["Delete ",{"t":"idOrVar","v":"n"}," Contacts? This cannot be recovered."],"few":["Delete ",{"t":"idOrVar","v":"n"}," Contacts? This cannot be recovered."],"many":["Delete ",{"t":"idOrVar","v":"n"}," Contacts? This cannot be recovered."],"other":["Delete ",{"t":"idOrVar","v":"n"}," Contacts? This cannot be recovered."]},"$x":[{"t":"idOrVar","v":"plural"},"n"]},{"$i":"contact-deleted","$v":[{"t":"idOrVar","v":"n"}," contacts removed"]},{"$i":"change-will-update-until-restart","$v":"Next time when Contacts is launched, changes will be updated ."},{"$i":"transfer-contacts","$v":"Transfer contacts"},{"$i":"contacts-management","$v":"Contacts management"},{"$i":"no-contacts-found","$v":"No contacts found"},{"$i":"weekday-0-long","$v":"Sunday"},{"$i":"weekday-1-long","$v":"Monday"},{"$i":"weekday-2-long","$v":"Tuesday"},{"$i":"weekday-3-long","$v":"Wednesday"},{"$i":"weekday-4-long","$v":"Thursday"},{"$i":"weekday-5-long","$v":"Friday"},{"$i":"weekday-6-long","$v":"Saturday"},{"$i":"weekday-0-short","$v":"Sun"},{"$i":"weekday-1-short","$v":"Mon"},{"$i":"weekday-2-short","$v":"Tue"},{"$i":"weekday-3-short","$v":"Wed"},{"$i":"weekday-4-short","$v":"Thu"},{"$i":"weekday-5-short","$v":"Fri"},{"$i":"weekday-6-short","$v":"Sat"},{"$i":"month-0-long","$v":"January"},{"$i":"month-1-long","$v":"February"},{"$i":"month-2-long","$v":"March"},{"$i":"month-3-long","$v":"April"},{"$i":"month-4-long","$v":"May"},{"$i":"month-5-long","$v":"June"},{"$i":"month-6-long","$v":"July"},{"$i":"month-7-long","$v":"August"},{"$i":"month-8-long","$v":"September"},{"$i":"month-9-long","$v":"October"},{"$i":"month-10-long","$v":"November"},{"$i":"month-11-long","$v":"December"},{"$i":"month-0-genitive","$v":"January"},{"$i":"month-1-genitive","$v":"February"},{"$i":"month-2-genitive","$v":"March"},{"$i":"month-3-genitive","$v":"April"},{"$i":"month-4-genitive","$v":"May"},{"$i":"month-5-genitive","$v":"June"},{"$i":"month-6-genitive","$v":"July"},{"$i":"month-7-genitive","$v":"August"},{"$i":"month-8-genitive","$v":"September"},{"$i":"month-9-genitive","$v":"October"},{"$i":"month-10-genitive","$v":"November"},{"$i":"month-11-genitive","$v":"December"},{"$i":"month-0-short","$v":"Jan"},{"$i":"month-1-short","$v":"Feb"},{"$i":"month-2-short","$v":"Mar"},{"$i":"month-3-short","$v":"Apr"},{"$i":"month-4-short","$v":"May"},{"$i":"month-5-short","$v":"Jun"},{"$i":"month-6-short","$v":"Jul"},{"$i":"month-7-short","$v":"Aug"},{"$i":"month-8-short","$v":"Sep"},{"$i":"month-9-short","$v":"Oct"},{"$i":"month-10-short","$v":"Nov"},{"$i":"month-11-short","$v":"Dec"},{"$i":"minutes-ago-long","$v":{"zero":"just now","one":"a minute ago","two":[{"t":"idOrVar","v":"value"}," minutes ago"],"few":[{"t":"idOrVar","v":"value"}," minutes ago"],"many":[{"t":"idOrVar","v":"value"}," minutes ago"],"other":[{"t":"idOrVar","v":"value"}," minutes ago"]},"$x":[{"t":"idOrVar","v":"plural"},"value"]},{"$i":"hours-ago-long","$v":{"zero":"just now","one":"an hour ago","two":[{"t":"idOrVar","v":"value"}," hours ago"],"few":[{"t":"idOrVar","v":"value"}," hours ago"],"many":[{"t":"idOrVar","v":"value"}," hours ago"],"other":[{"t":"idOrVar","v":"value"}," hours ago"]},"$x":[{"t":"idOrVar","v":"plural"},"value"]},{"$i":"days-ago-long","$v":{"zero":"today","one":"yesterday","two":[{"t":"idOrVar","v":"value"}," days ago"],"few":[{"t":"idOrVar","v":"value"}," days ago"],"many":[{"t":"idOrVar","v":"value"}," days ago"],"other":[{"t":"idOrVar","v":"value"}," days ago"]},"$x":[{"t":"idOrVar","v":"plural"},"value"]},{"$i":"weeks-ago-long","$v":{"zero":"this week","one":"last week","two":[{"t":"idOrVar","v":"value"}," weeks ago"],"few":[{"t":"idOrVar","v":"value"}," weeks ago"],"many":[{"t":"idOrVar","v":"value"}," weeks ago"],"other":[{"t":"idOrVar","v":"value"}," weeks ago"]},"$x":[{"t":"idOrVar","v":"plural"},"value"]},{"$i":"months-ago-long","$v":{"zero":"this month","one":"last month","two":[{"t":"idOrVar","v":"value"}," months ago"],"few":[{"t":"idOrVar","v":"value"}," months ago"],"many":[{"t":"idOrVar","v":"value"}," months ago"],"other":[{"t":"idOrVar","v":"value"}," months ago"]},"$x":[{"t":"idOrVar","v":"plural"},"value"]},{"$i":"years-ago-long","$v":{"zero":"this year","one":"last year","two":[{"t":"idOrVar","v":"value"}," years ago"],"few":[{"t":"idOrVar","v":"value"}," years ago"],"many":[{"t":"idOrVar","v":"value"}," years ago"],"other":[{"t":"idOrVar","v":"value"}," years ago"]},"$x":[{"t":"idOrVar","v":"plural"},"value"]},{"$i":"minutes-until-long","$v":{"zero":"now","one":"in a minute","two":["in ",{"t":"idOrVar","v":"value"}," minutes"],"few":["in ",{"t":"idOrVar","v":"value"}," minutes"],"many":["in ",{"t":"idOrVar","v":"value"}," minutes"],"other":["in ",{"t":"idOrVar","v":"value"}," minutes"]},"$x":[{"t":"idOrVar","v":"plural"},"value"]},{"$i":"hours-until-long","$v":{"zero":"now","one":"in an hour","two":["in ",{"t":"idOrVar","v":"value"}," hours"],"few":["in ",{"t":"idOrVar","v":"value"}," hours"],"many":["in ",{"t":"idOrVar","v":"value"}," hours"],"other":["in ",{"t":"idOrVar","v":"value"}," hours"]},"$x":[{"t":"idOrVar","v":"plural"},"value"]},{"$i":"days-until-long","$v":{"zero":"today","one":"tomorrow","two":["in ",{"t":"idOrVar","v":"value"}," days"],"few":["in ",{"t":"idOrVar","v":"value"}," days"],"many":["in ",{"t":"idOrVar","v":"value"}," days"],"other":["in ",{"t":"idOrVar","v":"value"}," days"]},"$x":[{"t":"idOrVar","v":"plural"},"value"]},{"$i":"weeks-until-long","$v":{"zero":"this week","one":"next week","two":["in ",{"t":"idOrVar","v":"value"}," weeks"],"few":["in ",{"t":"idOrVar","v":"value"}," weeks"],"many":["in ",{"t":"idOrVar","v":"value"}," weeks"],"other":["in ",{"t":"idOrVar","v":"value"}," weeks"]},"$x":[{"t":"idOrVar","v":"plural"},"value"]},{"$i":"months-until-long","$v":{"zero":"this month","one":"next month","two":["in ",{"t":"idOrVar","v":"value"}," months"],"few":["in ",{"t":"idOrVar","v":"value"}," months"],"many":["in ",{"t":"idOrVar","v":"value"}," months"],"other":["in ",{"t":"idOrVar","v":"value"}," months"]},"$x":[{"t":"idOrVar","v":"plural"},"value"]},{"$i":"years-until-long","$v":{"zero":"this year","one":"next year","two":["in ",{"t":"idOrVar","v":"value"}," years"],"few":["in ",{"t":"idOrVar","v":"value"}," years"],"many":["in ",{"t":"idOrVar","v":"value"}," years"],"other":["in ",{"t":"idOrVar","v":"value"}," years"]},"$x":[{"t":"idOrVar","v":"plural"},"value"]},{"$i":"minutes-ago-short","$v":{"zero":"just now","other":[{"t":"idOrVar","v":"value"},"m ago"]},"$x":[{"t":"idOrVar","v":"plural"},"value"]},{"$i":"hours-ago-short","$v":{"zero":"just now","other":[{"t":"idOrVar","v":"value"},"h ago"]},"$x":[{"t":"idOrVar","v":"plural"},"value"]},{"$i":"days-ago-short","$v":{"zero":"today","other":[{"t":"idOrVar","v":"value"},"d ago"]},"$x":[{"t":"idOrVar","v":"plural"},"value"]},{"$i":"minutes-until-short","$v":{"zero":"now","other":["in ",{"t":"idOrVar","v":"value"},"m"]},"$x":[{"t":"idOrVar","v":"plural"},"value"]},{"$i":"hours-until-short","$v":{"zero":"now","other":["in ",{"t":"idOrVar","v":"value"},"h"]},"$x":[{"t":"idOrVar","v":"plural"},"value"]},{"$i":"days-until-short","$v":{"zero":"today","other":["in ",{"t":"idOrVar","v":"value"},"d"]},"$x":[{"t":"idOrVar","v":"plural"},"value"]},{"$i":"incorrectDate","$v":"(incorrect date)"},{"$i":"dateTimeFormat_%c","$v":"%a %b %e %Y %I:%M:%S %p"},{"$i":"dateTimeFormat_%x","$v":"%m/%d/%Y"},{"$i":"dateTimeFormat_%X","$v":"%I:%M:%S %p"},{"$i":"shortTimeFormat","$v":"%I:%M %p"},{"$i":"shortTimeFormat12","$v":"%I:%M %p"},{"$i":"shortTimeFormat24","$v":"%H:%M"},{"$i":"shortDateTimeFormat","$v":"%x %I:%M %p"},{"$i":"weekStartsOnMonday","$v":"0"},{"$i":"firstDayOfTheWeek","$v":"0"},{"$i":"time_am","$v":"AM"},{"$i":"time_pm","$v":"PM"},{"$i":"sim-with-index-and-carrier","$v":["SIM ",{"t":"idOrVar","v":"index"}," - ",{"t":"idOrVar","v":"carrier"}]},{"$i":"sim-without-carrier","$v":["SIM ",{"t":"idOrVar","v":"index"}]}]