[{"$i":"contacts","$v":"संपर्क"},{"$i":"view","$v":"देखें"},{"$i":"no-contacts","$v":"कोई संपर्क नहीं"},{"$i":"reading-contacts","$v":"संपर्क लोड हो रहे हैं"},{"$i":"start-adding","$v":"संपर्क जोड़ने के लिए नया संपर्क दबाएँ।"},{"$i":"no-contact-available","$v":"कोई संपर्क उपलब्ध नहीं हैं"},{"$i":"ok","$v":"ठीक हैं"},{"$i":"no-phone-number-to-dial","$v":"डायल करने के लिए कोई फ़ोन नंबर नहीं हैं"},{"$i":"move","$v":"ले जाएं"},{"$i":"copy","$v":"कॉपी"},{"$i":"copy-contacts","$v":"संपर्क कॉपी कीजिए"},{"$i":"move-contacts","$v":"संपर्क ले जाएं"},{"$i":"phone-memory","$v":"फ़ोन मेमोरी"},{"$i":"sim-memory","$v":"सिम मेमोरी"},{"$i":"move-from","$v":"से ले जाएं"},{"$i":"to","$v":"प्रति"},{"$i":"move-contacts-progressing","$v":"संपर्क ले जा रहे है.."},{"$i":"copy-contacts-progressing","$v":"संपर्क कॉपी हो रहे है..."},{"$i":"contact-move-to-sim","$v":[{"t":"idOrVar","v":"migrated"}," संपर्क सिम में ले जाया गया"]},{"$i":"contact-copy-to-sim","$v":[{"t":"idOrVar","v":"migrated"}," संपर्क सिम में कॉपी किये गए"]},{"$i":"contact-move-to-sim0","$v":[{"t":"idOrVar","v":"migrated"}," संपर्क सिम 1 में ले जाया गया"]},{"$i":"contact-copy-to-sim0","$v":[{"t":"idOrVar","v":"migrated"}," संपर्क सिम 1 में कॉपी किये गए"]},{"$i":"contact-move-to-sim1","$v":[{"t":"idOrVar","v":"migrated"}," संपर्क सिम 2 में ले जाया गया"]},{"$i":"contact-copy-to-sim1","$v":[{"t":"idOrVar","v":"migrated"}," संपर्क सिम 2 में कॉपी किये गए"]},{"$i":"contact-move-to-device","$v":[{"t":"idOrVar","v":"migrated"}," संपर्क डिवाइस में ले जाया गया"]},{"$i":"contact-copy-to-device","$v":[{"t":"idOrVar","v":"migrated"}," संपर्क डिवाइस में कॉपी किये गए"]},{"$i":"copy-contact-failed","$v":"संपर्क कॉपी करने में असफ़ल"},{"$i":"move-contact-failed","$v":"संपर्क कॉपी करने में असफ़ल"},{"$i":"contact-copy-error-sim-full","$v":"सिम कार्ड पुरा भरा होने के कारण संपर्क कॉपी करना पूरा नहीं हो पाया"},{"$i":"contact-copy-error-unknown","$v":"अज्ञात त्रुटि के कारण संपर्क कॉपी करना पूरा नहीं हो पाया"},{"$i":"contact-move-error-sim-full","$v":"सिम कार्ड पुरा भरा होने के कारण संपर्क ले जा नही पाए"},{"$i":"contact-move-error-unknown","$v":"अज्ञात त्रुटि के कारण संपर्क ले जा नही पाए"},{"$i":"memory","$v":"मेमोरी"},{"$i":"phone-and-sim","$v":"फ़ोन और सिम"},{"$i":"phone","$v":"फ़ोन"},{"$i":"sim","$v":"सिम"},{"$i":"reloading-contact","$v":"संपर्क दोबारा लोड हो रहा है..."},{"$i":"contact-reloaded","$v":"संपर्क दोबारा लोड कीये गए"},{"$i":"message","$v":"संदेश"},{"$i":"find-duplicate-contacts","$v":"डुप्लिकेट संपर्क ढूँढें"},{"$i":"no-duplicate-contact-found","$v":"कोई डुप्लिकेट संपर्क नहीं मिले"},{"$i":"change-saved","$v":"परिवर्तन सेव हुआ"},{"$i":"contact-updated","$v":"संपर्क अपडेट किया गया"},{"$i":"already-ice-contact","$v":"यह संपर्क पहले से ही एक ICE संपर्क है"},{"$i":"callAirplaneModeTitle","$v":"एयरप्लेन मोड सक्रिय किया गया"},{"$i":"callAirplaneModeMessage","$v":"कॉल करने के लिए आपको सेटिंगस में जाकर एयरप्लेन मोड को अक्षम करना होगा।"},{"$i":"emergencyDialogTitle","$v":"कोई नेटवर्क कनेक्शन नहीं हैं"},{"$i":"emergencyDialogBodyBadNumber","$v":"कॉल करने के लिए, फ़ोन को किसी नेटवर्क से कनेक्ट करना चाहिए।"},{"$i":"emergencyDialogBodyDeviceNotAccepted","$v":"नेटवर्क द्वारा आपातकालीन कॉल की अनुमति नहीं हैं।"},{"$i":"invalidNumberToDialTitle","$v":"अमान्य फ़ोन नंबर"},{"$i":"invalidNumberToDialMessage","$v":"आप जिस फ़ोन नंबर पर कॉल कर रहे हैं, वह मान्य नहीं हैं।"},{"$i":"emergency-call-only","$v":"केवल आपातकालीन कॉल"},{"$i":"emergency-call-error","$v":[{"t":"idOrVar","v":"number"}," आपातकालीन नंबर नहीं हैं।"]},{"$i":"numberIsBusyTitle","$v":"नंबर व्यस्त हैं"},{"$i":"numberIsBusyMessage","$v":"नंबर वर्तमान में व्यस्त हैं। कृपया पुनः प्रयास करें।"},{"$i":"fdnIsActiveTitle","$v":"FDN सक्रिय हैं"},{"$i":"fdnIsActiveMessage","$v":["FDN (फिक्स्ड डायलिंग नंबर) सक्रिय हैं और निम्न नंबर आपकी FDN लिस्ट में नहीं हैं: ",{"t":"idOrVar","v":"number"}]},{"$i":"otherConnectionInUseTitle","$v":"अन्य कनेक्शन उपयोग में हैं"},{"$i":"otherConnectionInUseMessage","$v":"आपके पास किसी अन्य कनेक्शन पर एक सक्रिय कॉल हैं। आप एक समय में केवल एक कनेक्शन का उपयोग कर सकते हैं।"},{"$i":"GenericFailure","$v":"सामान्य विफलता"},{"$i":"scCallBarring","$v":"कॉल प्रतिबंध"},{"$i":"scCallForwarding","$v":"कॉल फॉरवार्डिंग"},{"$i":"scClip","$v":"इनकमिंग कॉलर ID"},{"$i":"scClir","$v":"आउटगोइंग कॉलर ID"},{"$i":"scPwd","$v":"पासवर्ड बदलें"},{"$i":"scCallWaiting","$v":"कॉल प्रतीक्षा में हैं"},{"$i":"scPin","$v":"पिन बदलें"},{"$i":"scPin2","$v":"पिन2 बदलें"},{"$i":"scPuk","$v":"पिन अनब्लॉक करें"},{"$i":"scPuk2","$v":"पिन2 अनब्लॉक करें"},{"$i":"scImei","$v":"IMEI"},{"$i":"scMeid","$v":"MEID"},{"$i":"scUssd","$v":"USSD"},{"$i":"set-speed-dial","$v":"स्पीड डायल संपर्क सेट करें"},{"$i":"empty","$v":"खाली हैं"},{"$i":"voicemail","$v":"वॉयसमेल"},{"$i":"speed-dial","$v":"स्पीड डायल"},{"$i":"add","$v":"जोड़ें"},{"$i":"replace","$v":"बदलें"},{"$i":"remove-from-speed-dial","$v":"स्पीड डायल से हटाएँ"},{"$i":"custom-dialog-replace-speed-dial","$v":["क्या आप स्पीड डायल ",{"t":"idOrVar","v":"oldSpeedDial"}," को ",{"t":"idOrVar","v":"newSpeedDial"}," से बदलना चाहते हैं?"]},{"$i":"custom-dialog-remove-speed-dial","$v":["क्या आप ",{"t":"idOrVar","v":"name"}," को स्पीड डायल से हटाना चाहते हैं?"]},{"$i":"voice-mail","$v":"वॉयस मेल"},{"$i":"voice-mail-number","$v":"वॉयसमेल नंबर"},{"$i":"voice-mail-number-updated","$v":"वॉयस मेल नंबर का अपडेट किया गया"},{"$i":"found-duplicates-message","$v":"निम्नलिखित संपर्कों में डुप्लिकेट जानकारी मिली थी। क्या आप मर्ज करना चाहते हैं?"},{"$i":"confirm-to-merge-contacts","$v":["क्या आप ",{"t":"idOrVar","v":"name"}," वाले ",{"t":"idOrVar","v":"n"}," संपर्कों को मर्ज करना चाहते हैं?"]},{"$i":"merge","$v":"मर्ज करें"},{"$i":"contact-merged","$v":"संपर्क मर्ज कर दिए गए हैं"},{"$i":"add-favorite","$v":"पसंदीदा के रूप में जोड़ें"},{"$i":"remove-favorite","$v":"पसंदीदा से हटाएं"},{"$i":"favorite-contacts","$v":"पसंदीदा संपर्क"},{"$i":"sort-contacts","$v":"संपर्कों को क्रमबद्ध करें"},{"$i":"sort-by-first-name","$v":"नाम से क्रमबद्ध करें"},{"$i":"sort-by-last-name","$v":"उपनाम से क्रमबद्ध करें"},{"$i":"no-support-open-multi-vcard","$v":"एकाधिक संपर्कों के साथ विकार्ड खोल नहीं सकते"},{"$i":"sdcard","$v":"मेमोरी कार्ड"},{"$i":"simcard","$v":"सिम कार्ड"},{"$i":"import-contacts","$v":"संपर्क आयात करें"},{"$i":"simContacts-error","$v":"सिम से संपर्क आयात नहीं हुआ"},{"$i":"memoryCardContacts-error","$v":"मेमोरी कार्ड से संपर्क आयात नहीं हुआ"},{"$i":"simContacts-reading","$v":"सिम कार्ड से संपर्क पढ़ रहा हैं..."},{"$i":"memoryCardContacts-reading","$v":"मेमोरी कार्ड से संपर्क पढ़ रहा हैं..."},{"$i":"importContactsTitle","$v":"संपर्क आयात करें"},{"$i":"retry","$v":"पुन: प्रयास करें"},{"$i":"noSimMsg","$v":"संपर्क आयात करने के लिए अपना सिम कार्ड डालें या अनलॉक करें"},{"$i":"noSdcardMsg","$v":"संपर्क लेने के लिए मेमोरी कार्ड डालें"},{"$i":"not-imported","$v":"आयात नहीं किया गया"},{"$i":"imported","$v":"आयात किया गया"},{"$i":"importing","$v":"आयात कर रहे है"},{"$i":"contact-imported","$v":["लिए गए ",{"t":"idOrVar","v":"imported"}," संपर्क। ",{"t":"idOrVar","v":"dupes"}," मर्ज किए गए संपर्क।"]},{"$i":"reading-contacts-from-sim","$v":"सिम कार्ड से संपर्क पढ़ रहे हैं.."},{"$i":"reading-contacts-from-gmail","$v":"जीमेल से संपर्क पढ़े जा रहे हैं..."},{"$i":"reading-contacts-from-live","$v":"आउटलुक से संपर्क पढ़े जा रहे हैं..."},{"$i":"reading-contacts-from-sd","$v":"मेमोरी कार्ड से संपर्क पढ़ रहे हैं.."},{"$i":"reading-contacts-from-vcard","$v":"फाइल से संपर्क पढ़ रहे हैं.."},{"$i":"importing-contacts-from-sim","$v":"सिम कार्ड से संपर्क आयात किए जा रहे हैं.."},{"$i":"importing-contacts-from-gmail","$v":"जीमेल से संपर्क आयात किए जा रहे हैं.."},{"$i":"importing-contacts-from-live","$v":"आउटलुक से संपर्क आयात किए जा रहे हैं.."},{"$i":"importing-contacts-from-sd","$v":"मेमोरी कार्ड से संपर्क आयात किए जा रहे हैं.."},{"$i":"importing-contacts-from-vcard","$v":"फाइल से संपर्क आयात कर रहे है.."},{"$i":"connect-network-to-import","$v":"संपर्कों को आयात करने के लिए, WiFi या डेटा नेटवर्क से कनेक्ट करें"},{"$i":"export","$v":"निर्यात करें"},{"$i":"export-contacts","$v":"संपर्क निर्यात करें"},{"$i":"simExport-title","$v":"सिम में निर्यात करें"},{"$i":"memoryCardExport-title","$v":"मेमोरी कार्ड में निर्यात करें"},{"$i":"btExport-title","$v":"ब्लूटूथ में निर्यात करें"},{"$i":"noSimMsgExport","$v":"संपर्क निर्यात करने के लिए अपना सिम कार्ड डालें या अनलॉक करें"},{"$i":"bluetoothNoConnection","$v":"संपर्क निर्यात करने के लिए ब्लूटूथ डिवाइस कनेक्ट करें।"},{"$i":"contact-exported","$v":["भेजे गए ",{"t":"idOrVar","v":"Exported"}," संपर्क।"]},{"$i":"export-contact-failed","$v":"संपर्क निर्यात करना विफल रहा"},{"$i":"contact-export-error-sim-full","$v":"सिम कार्ड पूरा भरा होने के कारण संपर्क निर्यात पूरा नहीं हुआ।"},{"$i":"contact-export-error-unknown","$v":"अज्ञात त्रुटि के कारण संपर्क निर्यात पूरा नहीं हुआ।"},{"$i":"save","$v":"सेव करें"},{"$i":"back","$v":"वापस जाएं"},{"$i":"givenName","$v":"पहला नाम"},{"$i":"familyName","$v":"उपनाम"},{"$i":"name","$v":"नाम"},{"$i":"org","$v":"कंपनी"},{"$i":"ringtone","$v":"रिंगटोन"},{"$i":"note","$v":"नोट"},{"$i":"email","$v":"ईमेल"},{"$i":"adr","$v":"पता"},{"$i":"custom","$v":"कस्टम"},{"$i":"confirm-discard-contact-data","$v":"संपर्क जानकारी को हटा दिया जाएगा। क्या आप इस संपर्क को सेव करना चाहते हैं?"},{"$i":"discard","$v":"हटाएं"},{"$i":"add-others","$v":"अन्य जोड़ें"},{"$i":"custom-type","$v":"कस्टम प्रकार"},{"$i":"input-the-custom-type","$v":"कृपया कस्टम प्रकार का इनपुट दें"},{"$i":"contact-saved","$v":"संपर्क सेव हुआ"},{"$i":"are-you-sure-to-delete-field","$v":["क्या आप ",{"t":"idOrVar","v":"field"}," को हटाना चाहते हैं?"]},{"$i":"personal","$v":"व्यक्तिगत"},{"$i":"mobile","$v":"मोबाइल"},{"$i":"current","$v":"वर्तमान में"},{"$i":"home","$v":"होम"},{"$i":"work","$v":"वर्क"},{"$i":"other","$v":"अन्य"},{"$i":"fax-home","$v":"Fax होम"},{"$i":"fax-office","$v":"Fax ऑफिस"},{"$i":"fax-other","$v":"अन्य Fax"},{"$i":"add-tel","$v":"फ़ोन नंबर जोड़ें"},{"$i":"add-email","$v":"ईमेल जोड़ें"},{"$i":"add-ringtone","$v":"रिंगटोन जोड़ें"},{"$i":"add-adr","$v":"पता जोड़ें"},{"$i":"add-bday","$v":"जन्मदिन जोड़ें"},{"$i":"add-photo","$v":"तस्वीर जोड़ें"},{"$i":"add-note","$v":"नोट जोड़ें"},{"$i":"add-org","$v":"कंपनी जोड़ें"},{"$i":"delete-tel","$v":"फ़ोन नंबर हटाएँ"},{"$i":"delete-email","$v":"ईमेल हटाएँ"},{"$i":"delete-ringtone","$v":"रिंगटोन हटाएँ"},{"$i":"delete-adr","$v":"पता हटाएँ"},{"$i":"delete-bday","$v":"जन्मदिन हटाएँ"},{"$i":"delete-photo","$v":"चित्र हटाएं"},{"$i":"delete-note","$v":"नोट हटाएँ"},{"$i":"delete-org","$v":"कंपनी हटाएँ"},{"$i":"edit-tel-type","$v":"फ़ोन प्रकार संपादित करें"},{"$i":"edit-email-type","$v":"ईमेल प्रकार संपादित करें"},{"$i":"edit-adr-type","$v":"पता प्रकार संपादित करें"},{"$i":"edit-bday-type","$v":"जन्मदिन संपादित करें"},{"$i":"replace-photo","$v":"फोटो बदलें"},{"$i":"replace-ringtone","$v":"रिंगटोन बदलें"},{"$i":"mobile-tel","$v":"मोबाइल फ़ोन"},{"$i":"home-tel","$v":"घर का फ़ोन"},{"$i":"work-tel","$v":"वर्क फ़ोन"},{"$i":"personal-tel","$v":"व्यक्तिगत फ़ोन"},{"$i":"fax-home-tel","$v":"होम Fax"},{"$i":"fax-office-tel","$v":"कार्यालय का Fax"},{"$i":"fax-other-tel","$v":"अन्य Fax"},{"$i":"other-tel","$v":"अन्य फ़ोन"},{"$i":"personal-email","$v":"व्यक्तिगत ई-मेल"},{"$i":"work-email","$v":"वर्क ई-मेल"},{"$i":"other-email","$v":"अन्य ई-मेल"},{"$i":"custom-email","$v":[{"t":"idOrVar","v":"type"}," ई-मेल"]},{"$i":"custom-tel","$v":[{"t":"idOrVar","v":"type"}," फोन"]},{"$i":"personal-adr","$v":"व्यक्तिगत पता"},{"$i":"current-adr","$v":"वर्तमान पता"},{"$i":"home-adr","$v":"घर का पता"},{"$i":"work-adr","$v":"वर्क पता"},{"$i":"custom-adr","$v":[{"t":"idOrVar","v":"type"}," पता"]},{"$i":"bday","$v":"जन्‍मदिन"},{"$i":"birthday","$v":"जन्‍मदिन"},{"$i":"streetAddress","$v":"मार्ग"},{"$i":"locality","$v":"शहर"},{"$i":"postalCode","$v":"पिन कोड"},{"$i":"countryName","$v":"देश"},{"$i":"region","$v":"स्थिति"},{"$i":"no-name","$v":"कोई नाम नहीं"},{"$i":"new-contact","$v":"नया संपर्क"},{"$i":"options","$v":"विकल्प"},{"$i":"cancel","$v":"रद्द करना"},{"$i":"settings","$v":"सेटिंग्स"},{"$i":"edit","$v":"संपादित करें"},{"$i":"share","$v":"साझा करें"},{"$i":"remove","$v":"हटाएं"},{"$i":"music","$v":"संगीत"},{"$i":"ICEContactsGroup","$v":"ICE संपर्क"},{"$i":"setICEButton","$v":"ICE संपर्क सेट करें"},{"$i":"ICESettingTitle","$v":"ICE संपर्क"},{"$i":"ICEDescription","$v":"आपातकालीन स्थिति में कॉल करने के लिए पांच संपर्क जोड़ें"},{"$i":"ICEContact","$v":["ICE संपर्क ",{"t":"idOrVar","v":"n"}]},{"$i":"ICESelectContact","$v":"एक संपर्क चुनें"},{"$i":"delete-ice-contact-warning","$v":"क्या आप ICE संपर्क को निकालना चाहते हैं?"},{"$i":"confirm","$v":"पुष्टिकरण"},{"$i":"send-message","$v":"संदेश भेजें"},{"$i":"call","$v":"कॉल करें"},{"$i":"send-email","$v":"ईमेल भेजें"},{"$i":"choose-number","$v":"एक नंबर चुनें"},{"$i":"choose-email-adress","$v":"एक ईमेल एड्रेस चुनें"},{"$i":"delete","$v":"हटाएँ"},{"$i":"select","$v":"चुनिए"},{"$i":"select-all","$v":"सभी चुनें"},{"$i":"deselect-all","$v":"सभी का चयन हटाएं"},{"$i":"deselect","$v":"चयन हटाएं"},{"$i":"selected-contacts","$v":{"zero":"कोई चयनित नहीं","one":[{"t":"idOrVar","v":"n"}," चयनित"],"two":[{"t":"idOrVar","v":"n"}," चयनित"],"few":[{"t":"idOrVar","v":"n"}," चयनित"],"many":[{"t":"idOrVar","v":"n"}," चयनित"],"other":[{"t":"idOrVar","v":"n"}," चयनित"]},"$x":[{"t":"idOrVar","v":"plural"},"n"]},{"$i":"massive-delete","$v":"संपर्क हटाएँ"},{"$i":"confirm-contact-delete","$v":["क्या आप संपर्क ",{"t":"idOrVar","v":"name"}," को हटाना चाहते हैं?"]},{"$i":"DeletedTxt","$v":{"zero":"हटाने के लिए कोई संपर्क नहीं हैं","one":"1 संपर्क निकाला गया","two":[{"t":"idOrVar","v":"n"}," संपर्क निकाले गए"],"few":[{"t":"idOrVar","v":"n"}," संपर्क निकाले गए"],"many":[{"t":"idOrVar","v":"n"}," संपर्क निकाले गए"],"other":[{"t":"idOrVar","v":"n"}," संपर्क निकाले गए"]},"$x":[{"t":"idOrVar","v":"plural"},"n"]},{"$i":"DeletingContacts","$v":"संपर्क हटाए जा रहे हैं"},{"$i":"ContactConfirmDel","$v":{"zero":"हटाने के लिए कोई संपर्क नहीं हैं","one":"1 संपर्क हटाएं? यह पुनर्प्राप्त नहीं किया जा सकता।","two":[{"t":"idOrVar","v":"n"}," संपर्क हटाएं? यह पुनर्प्राप्त नहीं किया जा सकता।"],"few":[{"t":"idOrVar","v":"n"}," संपर्क हटाएं? यह पुनर्प्राप्त नहीं किया जा सकता।"],"many":[{"t":"idOrVar","v":"n"}," संपर्क हटाएं? यह पुनर्प्राप्त नहीं किया जा सकता।"],"other":[{"t":"idOrVar","v":"n"}," संपर्क हटाएं? यह पुनर्प्राप्त नहीं किया जा सकता।"]},"$x":[{"t":"idOrVar","v":"plural"},"n"]},{"$i":"contact-deleted","$v":[{"t":"idOrVar","v":"n"}," संपर्क निकाले गए"]},{"$i":"change-will-update-until-restart","$v":"परिवर्तनों को अगली बार अपडेट किया जाएगा जब संपर्क को लॉन्च किया जायेगा।"},{"$i":"transfer-contacts","$v":"संपर्क स्थानांतरित करें"},{"$i":"contacts-management","$v":"संपर्क प्रबंधन"},{"$i":"no-contacts-found","$v":"कोई संपर्क नहीं मिला"},{"$i":"weekday-0-long","$v":"रविवार"},{"$i":"weekday-1-long","$v":"सोमवार"},{"$i":"weekday-2-long","$v":"मंगलवार"},{"$i":"weekday-3-long","$v":"बुधवार"},{"$i":"weekday-4-long","$v":"गुरुवार"},{"$i":"weekday-5-long","$v":"शुक्रवार"},{"$i":"weekday-6-long","$v":"शनिवार"},{"$i":"weekday-0-short","$v":"रवि"},{"$i":"weekday-1-short","$v":"सोम"},{"$i":"weekday-2-short","$v":"मंगल"},{"$i":"weekday-3-short","$v":"बुध"},{"$i":"weekday-4-short","$v":"गुरु"},{"$i":"weekday-5-short","$v":"शुक्र"},{"$i":"weekday-6-short","$v":"शनि"},{"$i":"month-0-long","$v":"जनवरी"},{"$i":"month-1-long","$v":"फरवरी"},{"$i":"month-2-long","$v":"मार्च"},{"$i":"month-3-long","$v":"अप्रैल"},{"$i":"month-4-long","$v":"मई"},{"$i":"month-5-long","$v":"जून"},{"$i":"month-6-long","$v":"जुलाई"},{"$i":"month-7-long","$v":"अगस्त"},{"$i":"month-8-long","$v":"सितंबर"},{"$i":"month-9-long","$v":"अक्टूबर"},{"$i":"month-10-long","$v":"नवंबर"},{"$i":"month-11-long","$v":"दिसंबर"},{"$i":"month-0-genitive","$v":"जनवरी"},{"$i":"month-1-genitive","$v":"फरवरी"},{"$i":"month-2-genitive","$v":"मार्च"},{"$i":"month-3-genitive","$v":"अप्रैल"},{"$i":"month-4-genitive","$v":"मई"},{"$i":"month-5-genitive","$v":"जून"},{"$i":"month-6-genitive","$v":"जुलाई"},{"$i":"month-7-genitive","$v":"अगस्त"},{"$i":"month-8-genitive","$v":"सितंबर"},{"$i":"month-9-genitive","$v":"अक्टूबर"},{"$i":"month-10-genitive","$v":"नवंबर"},{"$i":"month-11-genitive","$v":"दिसंबर"},{"$i":"month-0-short","$v":"जनवरी"},{"$i":"month-1-short","$v":"फरवरी"},{"$i":"month-2-short","$v":"मार्च"},{"$i":"month-3-short","$v":"अप्रैल"},{"$i":"month-4-short","$v":"मई"},{"$i":"month-5-short","$v":"जून"},{"$i":"month-6-short","$v":"जुलाई"},{"$i":"month-7-short","$v":"अगस्त"},{"$i":"month-8-short","$v":"सितंबर"},{"$i":"month-9-short","$v":"अक्टूबर"},{"$i":"month-10-short","$v":"नवंबर"},{"$i":"month-11-short","$v":"दिसंबर"},{"$i":"minutes-ago-long","$v":{"zero":"अभी","one":"एक मिनट पहले","two":[{"t":"idOrVar","v":"value"}," मिनट पहले"],"few":[{"t":"idOrVar","v":"value"}," मिनट पहले"],"many":[{"t":"idOrVar","v":"value"}," मिनट पहले"],"other":[{"t":"idOrVar","v":"value"}," मिनट पहले"]},"$x":[{"t":"idOrVar","v":"plural"},"value"]},{"$i":"hours-ago-long","$v":{"zero":"अभी","one":"एक घंटे पहले","two":[{"t":"idOrVar","v":"value"}," घंटे पहले"],"few":[{"t":"idOrVar","v":"value"}," घंटे पहले"],"many":[{"t":"idOrVar","v":"value"}," घंटे पहले"],"other":[{"t":"idOrVar","v":"value"}," घंटे पहले"]},"$x":[{"t":"idOrVar","v":"plural"},"value"]},{"$i":"days-ago-long","$v":{"zero":"आज","one":"बीता कल","two":[{"t":"idOrVar","v":"value"}," दिनों पहले"],"few":[{"t":"idOrVar","v":"value"}," दिनों पहले"],"many":[{"t":"idOrVar","v":"value"}," दिनों पहले"],"other":[{"t":"idOrVar","v":"value"}," दिनों पहले"]},"$x":[{"t":"idOrVar","v":"plural"},"value"]},{"$i":"weeks-ago-long","$v":{"zero":"इस सप्ताह","one":"पिछले सप्ताह","two":[{"t":"idOrVar","v":"value"}," सप्ताह पहले"],"few":[{"t":"idOrVar","v":"value"}," सप्ताह पहले"],"many":[{"t":"idOrVar","v":"value"}," सप्ताह पहले"],"other":[{"t":"idOrVar","v":"value"}," सप्ताह पहले"]},"$x":[{"t":"idOrVar","v":"plural"},"value"]},{"$i":"months-ago-long","$v":{"zero":"इस महीने","one":"पिछले महीने","two":[{"t":"idOrVar","v":"value"}," महीनों पहले"],"few":[{"t":"idOrVar","v":"value"}," महीनों पहले"],"many":[{"t":"idOrVar","v":"value"}," महीनों पहले"],"other":[{"t":"idOrVar","v":"value"}," महीनों पहले"]},"$x":[{"t":"idOrVar","v":"plural"},"value"]},{"$i":"years-ago-long","$v":{"zero":"इस वर्ष","one":"पिछले वर्ष","two":[{"t":"idOrVar","v":"value"}," वर्ष पहले"],"few":[{"t":"idOrVar","v":"value"}," वर्ष पहले"],"many":[{"t":"idOrVar","v":"value"}," वर्ष पहले"],"other":[{"t":"idOrVar","v":"value"}," वर्ष पहले"]},"$x":[{"t":"idOrVar","v":"plural"},"value"]},{"$i":"minutes-until-long","$v":{"zero":"अभी","one":"एक मिनट में","two":[{"t":"idOrVar","v":"value"}," मिनट में"],"few":[{"t":"idOrVar","v":"value"}," मिनट में"],"many":[{"t":"idOrVar","v":"value"}," मिनट में"],"other":[{"t":"idOrVar","v":"value"}," मिनट में"]},"$x":[{"t":"idOrVar","v":"plural"},"value"]},{"$i":"hours-until-long","$v":{"zero":"अभी","one":"एक घंटे में","two":[{"t":"idOrVar","v":"value"}," घंटों में"],"few":[{"t":"idOrVar","v":"value"}," घंटों में"],"many":[{"t":"idOrVar","v":"value"}," घंटों में"],"other":[{"t":"idOrVar","v":"value"}," घंटों में"]},"$x":[{"t":"idOrVar","v":"plural"},"value"]},{"$i":"days-until-long","$v":{"zero":"आज","one":"कल","two":[{"t":"idOrVar","v":"value"}," दिनों में"],"few":[{"t":"idOrVar","v":"value"}," दिनों में"],"many":[{"t":"idOrVar","v":"value"}," दिनों में"],"other":[{"t":"idOrVar","v":"value"}," दिनों में"]},"$x":[{"t":"idOrVar","v":"plural"},"value"]},{"$i":"weeks-until-long","$v":{"zero":"इस सप्ताह","one":"अगले सप्ताह","two":[{"t":"idOrVar","v":"value"}," सप्ताह में"],"few":[{"t":"idOrVar","v":"value"}," सप्ताह में"],"many":[{"t":"idOrVar","v":"value"}," सप्ताह में"],"other":[{"t":"idOrVar","v":"value"}," सप्ताह में"]},"$x":[{"t":"idOrVar","v":"plural"},"value"]},{"$i":"months-until-long","$v":{"zero":"इस महीने","one":"अगले महीने","two":[{"t":"idOrVar","v":"value"}," महीनो में"],"few":[{"t":"idOrVar","v":"value"}," महीनो में"],"many":[{"t":"idOrVar","v":"value"}," महीनो में"],"other":[{"t":"idOrVar","v":"value"}," महीनो में"]},"$x":[{"t":"idOrVar","v":"plural"},"value"]},{"$i":"years-until-long","$v":{"zero":"इस वर्ष","one":"अगले वर्ष","two":[{"t":"idOrVar","v":"value"}," वर्षों में"],"few":[{"t":"idOrVar","v":"value"}," वर्षों में"],"many":[{"t":"idOrVar","v":"value"}," वर्षों में"],"other":[{"t":"idOrVar","v":"value"}," वर्षों में"]},"$x":[{"t":"idOrVar","v":"plural"},"value"]},{"$i":"minutes-ago-short","$v":{"zero":"अभी","other":[{"t":"idOrVar","v":"value"}," मिनट पहले"]},"$x":[{"t":"idOrVar","v":"plural"},"value"]},{"$i":"hours-ago-short","$v":{"zero":"अभी","other":[{"t":"idOrVar","v":"value"}," घंटे पहले"]},"$x":[{"t":"idOrVar","v":"plural"},"value"]},{"$i":"days-ago-short","$v":{"zero":"आज","other":[{"t":"idOrVar","v":"value"}," दिनों पहले"]},"$x":[{"t":"idOrVar","v":"plural"},"value"]},{"$i":"minutes-until-short","$v":{"zero":"अभी","other":[{"t":"idOrVar","v":"value"},"मिनिट में"]},"$x":[{"t":"idOrVar","v":"plural"},"value"]},{"$i":"hours-until-short","$v":{"zero":"अभी","other":[{"t":"idOrVar","v":"value"},"घंटे में"]},"$x":[{"t":"idOrVar","v":"plural"},"value"]},{"$i":"days-until-short","$v":{"zero":"आज","other":[{"t":"idOrVar","v":"value"},"दिन में"]},"$x":[{"t":"idOrVar","v":"plural"},"value"]},{"$i":"incorrectDate","$v":"(गलत दिनांक)"},{"$i":"dateTimeFormat_%c","$v":"%a %b %e %Y %I:%M:%S %p"},{"$i":"dateTimeFormat_%x","$v":"%m/%d/%Y"},{"$i":"dateTimeFormat_%X","$v":"%I:%M:%S %p"},{"$i":"shortTimeFormat","$v":"%I:%M %p"},{"$i":"shortTimeFormat12","$v":"%I:%M %p"},{"$i":"shortTimeFormat24","$v":"%H:%M"},{"$i":"shortDateTimeFormat","$v":"%x %I:%M %p"},{"$i":"weekStartsOnMonday","$v":"0"},{"$i":"firstDayOfTheWeek","$v":"0"},{"$i":"time_am","$v":"AM"},{"$i":"time_pm","$v":"PM"},{"$i":"sim-with-index-and-carrier","$v":["सिम ",{"t":"idOrVar","v":"index"}," - ",{"t":"idOrVar","v":"carrier"}]},{"$i":"sim-without-carrier","$v":["सिम ",{"t":"idOrVar","v":"index"}]}]