[{"$i":"contacts","$v":"संपर्क"},{"$i":"view","$v":"दृश्य"},{"$i":"no-contacts","$v":"नवे संपर्क"},{"$i":"reading-contacts","$v":"संपर्क लोड जातात"},{"$i":"start-adding","$v":"संपर्क जोडूंक नवो संपर्क दामचो"},{"$i":"no-contact-available","$v":"संपर्क उपलब्ध ना"},{"$i":"ok","$v":"बरें आसा"},{"$i":"no-phone-number-to-dial","$v":"डायल करूंक फोन नंबर नात"},{"$i":"move","$v":"हालोवचें"},{"$i":"copy","$v":"नक्कल करची"},{"$i":"copy-contacts","$v":"संपर्कांची नक्कल करची"},{"$i":"move-contacts","$v":"संपर्क हालोवचे"},{"$i":"phone-memory","$v":"फोनाची मेमरी"},{"$i":"sim-memory","$v":"SIM मेमरी"},{"$i":"move-from","$v":"हातूंतल्यान हालोवचें"},{"$i":"to","$v":"प्रती"},{"$i":"move-contacts-progressing","$v":"संपर्क हालयता..."},{"$i":"copy-contacts-progressing","$v":"संपर्कांची नक्कल करता..."},{"$i":"contact-move-to-sim","$v":[{"t":"idOrVar","v":"migrated"}," संपर्क SIM त हालयल्यात"]},{"$i":"contact-copy-to-sim","$v":[{"t":"idOrVar","v":"migrated"}," संपर्क (संपर्कांची) SIM त नक्कल केल्या"]},{"$i":"contact-move-to-sim0","$v":[{"t":"idOrVar","v":"migrated"}," संपर्क SIM 1 त हालयल्यात"]},{"$i":"contact-copy-to-sim0","$v":[{"t":"idOrVar","v":"migrated"}," संपर्क (संपर्कांची) SIM 1 त नक्कल केल्या"]},{"$i":"contact-move-to-sim1","$v":[{"t":"idOrVar","v":"migrated"}," संपर्क SIM 2 त हालयल्यात"]},{"$i":"contact-copy-to-sim1","$v":[{"t":"idOrVar","v":"migrated"}," संपर्क (संपर्कांची) SIM 2 त नक्कल केल्या"]},{"$i":"contact-move-to-device","$v":[{"t":"idOrVar","v":"migrated"}," संपर्क डिव्हायसात हालयल्यात"]},{"$i":"contact-copy-to-device","$v":[{"t":"idOrVar","v":"migrated"}," संपर्क (संपर्कांची) डिव्हायसात नक्कल केल्या"]},{"$i":"copy-contact-failed","$v":"संपर्कांच्या नकलेक अपेस"},{"$i":"move-contact-failed","$v":"संपर्कांच्या नकलेक अपेस"},{"$i":"contact-copy-error-sim-full","$v":"SIM कार्ड पुराय भरलां ताका लागून संपर्कांचीं नक्कल पुराय जालीं ना."},{"$i":"contact-copy-error-unknown","$v":"अज्ञात चुकीक लागून संपर्कांचीं नक्कल पुराय जालीं ना."},{"$i":"contact-move-error-sim-full","$v":"SIM कार्ड पुराय भरलां ताका लागून संपर्कांचीं नक्कल पुराय जालीं ना."},{"$i":"contact-move-error-unknown","$v":"अज्ञात चुकीक लागून संपर्कांचीं नक्कल पुराय जालीं ना."},{"$i":"memory","$v":"मेमरी"},{"$i":"phone-and-sim","$v":"फोन आनी SIM"},{"$i":"phone","$v":"फोन"},{"$i":"sim","$v":"SIM"},{"$i":"reloading-contact","$v":"संपर्क परत लोड करता.."},{"$i":"contact-reloaded","$v":"संपर्क परत लोड केले"},{"$i":"message","$v":"संदेश"},{"$i":"find-duplicate-contacts","$v":"डुप्लिकेट संपर्क सोदचे"},{"$i":"no-duplicate-contact-found","$v":"डुप्लिकेट संपर्क मेळुंक नात"},{"$i":"change-saved","$v":"बदल सांबाळ्ळो"},{"$i":"contact-updated","$v":"संपर्क अपडेट केला"},{"$i":"already-ice-contact","$v":"हो संपर्क आदींच ICE संपर्कात आसा"},{"$i":"callAirplaneModeTitle","$v":"विमान मोड क्रियाशील केला"},{"$i":"callAirplaneModeMessage","$v":"कॉल करूंक तुमी मांडावळीत विमान मोड निश्क्रीय करूंक जाय"},{"$i":"emergencyDialogTitle","$v":"नॅटवर्क जोडणी ना"},{"$i":"emergencyDialogBodyBadNumber","$v":"कॉल करूंक, फोन नॅटवर्क कडेन कनॅक्ट करूंक जाय"},{"$i":"emergencyDialogBodyDeviceNotAccepted","$v":"नॅटवर्क ववीं आपात्काळ कॉलांक मान्यताय आसची ना."},{"$i":"invalidNumberToDialTitle","$v":"अवैध फोन नंबर"},{"$i":"invalidNumberToDialMessage","$v":"तुमी कॉल करतात तो फोन नंबर वैध ना"},{"$i":"emergency-call-only","$v":"फकत आपात्काळ कॉल"},{"$i":"emergency-call-error","$v":[{"t":"idOrVar","v":"number"}," हो आपात्काळ नंबर न्हय."]},{"$i":"numberIsBusyTitle","$v":"नंबर व्यस्त आसा"},{"$i":"numberIsBusyMessage","$v":"नंबर सद्या व्यस्त आसा. उपकार करून मागीर परत यत्न करचो."},{"$i":"fdnIsActiveTitle","$v":"FDN क्रियाशील"},{"$i":"fdnIsActiveMessage","$v":["FDN (स्थिर डायलींग नंबर) क्रियाशील केल्लो आसा आनी मुखावयलो नंबर FDN सुचयेंत ना: ",{"t":"idOrVar","v":"number"}]},{"$i":"otherConnectionInUseTitle","$v":"वापरांत हेर कनॅक्शन आसा"},{"$i":"otherConnectionInUseMessage","$v":"वेगळ्या कनॅक्शनाचेर तुमचे कडेन सक्रीय कॉल आसा. तुमी एके वेळार एकूच कनॅक्शन वापरूंक शकतात."},{"$i":"GenericFailure","$v":"जेनेरीक अपेस"},{"$i":"scCallBarring","$v":"कॉल आडावणीं"},{"$i":"scCallForwarding","$v":"क़ॉल फॉर्वर्ड केलो"},{"$i":"scClip","$v":"इनकमिंग कॉलर ID"},{"$i":"scClir","$v":"आवटगोइंग कॉलर ID"},{"$i":"scPwd","$v":"पासवर्ड बदल"},{"$i":"scCallWaiting","$v":"कॉल रावला"},{"$i":"scPin","$v":"PIN बदल"},{"$i":"scPin2","$v":"PIN 2 बदल"},{"$i":"scPuk","$v":"PIN उगडचो"},{"$i":"scPuk2","$v":"PIN 2 उगडचो"},{"$i":"scImei","$v":"IMEI"},{"$i":"scMeid","$v":"MEID"},{"$i":"scUssd","$v":"USSD"},{"$i":"set-speed-dial","$v":"स्पिड डायल संपर्क मांडचो"},{"$i":"empty","$v":"रिकामी"},{"$i":"voicemail","$v":"व्हॉयसमेल"},{"$i":"speed-dial","$v":"स्पीड डायल"},{"$i":"add","$v":"जोड"},{"$i":"replace","$v":"बदल"},{"$i":"remove-from-speed-dial","$v":"स्पिड डायलांतल्यान काडचो"},{"$i":"custom-dialog-replace-speed-dial","$v":["तुमकां ",{"t":"idOrVar","v":"newSpeedDial"}," वांगडा स्पिड डायल ",{"t":"idOrVar","v":"oldSpeedDial"}," बदलचें आसा हाची तुमकां खात्री आसा?"]},{"$i":"custom-dialog-remove-speed-dial","$v":["तुमकां स्पिड डायलांतल्यान ",{"t":"idOrVar","v":"name"}," काडचें आसा हाची तुमकां खात्री आसा?"]},{"$i":"voice-mail","$v":"वॉयस मेल"},{"$i":"voice-mail-number","$v":"वॉयस मेल नंबर"},{"$i":"voice-mail-number-updated","$v":"वॉय मेल नंबर अपडेट केला"},{"$i":"found-duplicates-message","$v":"मुखावयल्या संपर्कांनी डुप्लिकेट म्हायती मेळ्ळी ना. तुमकां विलीन करचें आसा?"},{"$i":"confirm-to-merge-contacts","$v":["तुमकां ",{"t":"idOrVar","v":"name"}," वांगडा ",{"t":"idOrVar","v":"n"}," संपर्क विलीन करचे आसात हाची तुमकां खात्री आसा?"]},{"$i":"merge","$v":"विलीन करचें"},{"$i":"contact-merged","$v":"कोन्टेक्ट मर्जड"},{"$i":"add-favorite","$v":"आवड म्हूण जोडचें"},{"$i":"remove-favorite","$v":"नापसंत"},{"$i":"favorite-contacts","$v":"आवडीचे संपर्क"},{"$i":"sort-contacts","$v":"संपर्काचे वर्गीकरण करचें"},{"$i":"sort-by-first-name","$v":"पयल्या नांवां प्रमाणें वर्गीकरण करचें"},{"$i":"sort-by-last-name","$v":"निमाण्या नांवां प्रमाणें वर्गीकरण करचें"},{"$i":"no-support-open-multi-vcard","$v":"साबार संपर्कां वरवीं व्हीकार्ड उगडूंक शकनात"},{"$i":"sdcard","$v":"मेमरी कार्ड"},{"$i":"simcard","$v":"SIM कार्ड"},{"$i":"import-contacts","$v":"संपर्क आयात करचे"},{"$i":"simContacts-error","$v":"SIM तल्यान संपर्क आयात करूंक शकले ना"},{"$i":"memoryCardContacts-error","$v":"मेमरी कार्डातल्यान संपर्क आयात करूंक शकले ना"},{"$i":"simContacts-reading","$v":"SIM कार्डातल्यान संपर्क वाचता..."},{"$i":"memoryCardContacts-reading","$v":"मेमरी कार्डातल्यान संपर्क वाचता..."},{"$i":"importContactsTitle","$v":"संपर्क आयात करचे"},{"$i":"retry","$v":"परत यत्न करात"},{"$i":"noSimMsg","$v":"संपर्क आयात करूंक SIM कार्ड रिगोवचें वा अनलॉक करचें"},{"$i":"noSdcardMsg","$v":"संपर्क आयात करूंक मेमरी कार्ड रिगोवचें"},{"$i":"not-imported","$v":"आयात करूंक ना"},{"$i":"imported","$v":"आयात केले"},{"$i":"importing","$v":"आयात करता"},{"$i":"contact-imported","$v":["आयात केल्ले ",{"t":"idOrVar","v":"imported"}," संपर्क. ",{"t":"idOrVar","v":"dupes"}," संपर्क विलीन जाले."]},{"$i":"reading-contacts-from-sim","$v":"SIM कार्डातल्यान संपर्क वाचता.."},{"$i":"reading-contacts-from-gmail","$v":"Gmail तल्यान संपर्क वाचता.."},{"$i":"reading-contacts-from-live","$v":"Outlook तल्यान संपर्क वाचता.."},{"$i":"reading-contacts-from-sd","$v":"मेमरी कार्डातल्यान संपर्क वाचता.."},{"$i":"reading-contacts-from-vcard","$v":"फायलीतल्यान संपर्क वाचता.."},{"$i":"importing-contacts-from-sim","$v":"SIM कार्डातल्यान संपर्क आयात करचे.."},{"$i":"importing-contacts-from-gmail","$v":"Gmail तल्यान संपर्क आयात करता.."},{"$i":"importing-contacts-from-live","$v":"Outlook तल्यान संपर्क आयात करता.."},{"$i":"importing-contacts-from-sd","$v":"मेमरी कार्डातल्यान संपर्क आयात करचे.."},{"$i":"importing-contacts-from-vcard","$v":"फायलीतल्यान संपर्क आयात करता.."},{"$i":"connect-network-to-import","$v":"संपर्क आयात करूंक, WiFi वा डेटा नॅटवर्क कडेन कनॅक्ट करचें"},{"$i":"export","$v":"निर्यात करचो"},{"$i":"export-contacts","$v":"संपर्क निर्यात करचे"},{"$i":"simExport-title","$v":"SIM कडेन निर्यात करची"},{"$i":"memoryCardExport-title","$v":"मेमरी कार्डा कडेन निर्यात करची"},{"$i":"btExport-title","$v":"ब्लूथूथ कडेन निर्यात करची"},{"$i":"noSimMsgExport","$v":"संपर्क निर्यात करूंक SIM कार्ड रिगोवचें वा अनलॉक करचें"},{"$i":"bluetoothNoConnection","$v":"संपर्क निर्यात करूंक ब्लूथूथ डिव्हायस कनॅक्ट करचें."},{"$i":"contact-exported","$v":["निर्यात केल्ले ",{"t":"idOrVar","v":"exported"},"  संपर्क."]},{"$i":"export-contact-failed","$v":"संपर्क निर्यातीक अपेस"},{"$i":"contact-export-error-sim-full","$v":"सिम कार्ड उपाट भरिल्ल्यान संपर्क निर्यात पुराय जाली ना."},{"$i":"contact-export-error-unknown","$v":"अज्ञात चुकी खातीर संपर्क निर्यात पुराय जाली ना."},{"$i":"save","$v":"सांबाळ"},{"$i":"back","$v":"फाटीं"},{"$i":"givenName","$v":"पयलें नांव"},{"$i":"familyName","$v":"निमाणें नांव"},{"$i":"name","$v":"नांव"},{"$i":"org","$v":"कंपनी"},{"$i":"ringtone","$v":"रिंगटोन"},{"$i":"note","$v":"टीप"},{"$i":"email","$v":"ईमेल"},{"$i":"adr","$v":"पत्तो"},{"$i":"custom","$v":"प्रथा"},{"$i":"confirm-discard-contact-data","$v":"संपर्काची म्हायती काडटले. तुमकां हो संपर्क सांबाळचो आसा?"},{"$i":"discard","$v":"काडून उडोवप"},{"$i":"add-others","$v":"हेरांक जोडचे"},{"$i":"custom-type","$v":"कस्टम प्रकार"},{"$i":"input-the-custom-type","$v":"उपकार करून कस्टम प्रकार घालचो"},{"$i":"contact-saved","$v":"संपर्क सांबाळ्ळो"},{"$i":"are-you-sure-to-delete-field","$v":["तुमकां ",{"t":"idOrVar","v":"field"}," ख-यानीच वगळावचें आसा?"]},{"$i":"personal","$v":"वैयक्तीक"},{"$i":"mobile","$v":"मोबायल"},{"$i":"current","$v":"चालंत"},{"$i":"home","$v":"घर"},{"$i":"work","$v":"काम"},{"$i":"other","$v":"हेर"},{"$i":"fax-home","$v":"फॅक्स घर"},{"$i":"fax-office","$v":"फॅक्स कचेरी"},{"$i":"fax-other","$v":"फॅक्स हेर"},{"$i":"add-tel","$v":"फोन नंबर जोडचो"},{"$i":"add-email","$v":"ईमेल जोडचो"},{"$i":"add-ringtone","$v":"रिंगटोन जोडचो"},{"$i":"add-adr","$v":"नामो जोडचो"},{"$i":"add-bday","$v":"वाडदीस जोडचो"},{"$i":"add-photo","$v":"चित्र जोडचें"},{"$i":"add-note","$v":"नोंद जोडची"},{"$i":"add-org","$v":"कंपनी जोडची"},{"$i":"delete-tel","$v":"फोन नंबर वगळावचो"},{"$i":"delete-email","$v":"ईमेल वगळावचो"},{"$i":"delete-ringtone","$v":"रिंगटोन वगळावचो"},{"$i":"delete-adr","$v":"नामो वगळावचो"},{"$i":"delete-bday","$v":"वाडदीस वगळावचो"},{"$i":"delete-photo","$v":"फोटो काड"},{"$i":"delete-note","$v":"नोंद वगळावची"},{"$i":"delete-org","$v":"कंपनी वगळावची"},{"$i":"edit-tel-type","$v":"फोन प्रकार संपादन करचो"},{"$i":"edit-email-type","$v":"ईमेल प्रकार संपादन करचो"},{"$i":"edit-adr-type","$v":"नाम्याचो प्रकार संपादन करचो"},{"$i":"edit-bday-type","$v":"वाडदीस संपादन करचो"},{"$i":"replace-photo","$v":"संपर्क विलीन केला"},{"$i":"replace-ringtone","$v":"रिंगटोन बदलचो"},{"$i":"mobile-tel","$v":"मोबायल फोन"},{"$i":"home-tel","$v":"घरचो फोन"},{"$i":"work-tel","$v":"कामाचो फोन"},{"$i":"personal-tel","$v":"व्यक्तिगत फोन"},{"$i":"fax-home-tel","$v":"घराचो फॅक्स"},{"$i":"fax-office-tel","$v":"कचेरेचो फॅक्स"},{"$i":"fax-other-tel","$v":"हेर Fax"},{"$i":"other-tel","$v":"दुसरो फोन"},{"$i":"personal-email","$v":"व्यक्तिगत ईमेल"},{"$i":"work-email","$v":"कामाचो ईमेल"},{"$i":"other-email","$v":"दुसरो ई-मेल"},{"$i":"custom-email","$v":[{"t":"idOrVar","v":"type"}," ईमेल"]},{"$i":"custom-tel","$v":[{"t":"idOrVar","v":"type"}," फोन"]},{"$i":"personal-adr","$v":"व्यक्तिगत नामो"},{"$i":"current-adr","$v":"चालंत नामो"},{"$i":"home-adr","$v":"घरचो नामो"},{"$i":"work-adr","$v":"कामाचो नामो"},{"$i":"custom-adr","$v":[{"t":"idOrVar","v":"type"}," नामो"]},{"$i":"bday","$v":"वाढदिस"},{"$i":"birthday","$v":"वाढदिस"},{"$i":"streetAddress","$v":"रस्तो"},{"$i":"locality","$v":"शार"},{"$i":"postalCode","$v":"पिन कोड..."},{"$i":"countryName","$v":"देश"},{"$i":"region","$v":"राज्य/स्थिती"},{"$i":"no-name","$v":"नवें नांव"},{"$i":"new-contact","$v":"नवो संपर्क"},{"$i":"options","$v":"पर्याय"},{"$i":"cancel","$v":"रद्द करचें"},{"$i":"settings","$v":"सेटिंग्स"},{"$i":"edit","$v":"संपादन"},{"$i":"share","$v":"वांटून घेयात"},{"$i":"remove","$v":"काडात"},{"$i":"music","$v":"संगीत"},{"$i":"ICEContactsGroup","$v":"ICE संपर्क"},{"$i":"setICEButton","$v":"ICE संपर्क मांडचो"},{"$i":"ICESettingTitle","$v":"ICE संपर्क"},{"$i":"ICEDescription","$v":"\"आपात्काळात\" काल करूंक पाच संपर्क जोडचे"},{"$i":"ICEContact","$v":["ICE संपर्क ",{"t":"idOrVar","v":"n"}]},{"$i":"ICESelectContact","$v":"एक संपर्क वेंच्चो"},{"$i":"delete-ice-contact-warning","$v":"तुमकां ICE संपर्क काडचो आसा हाची तुमकां खात्री आसा"},{"$i":"confirm","$v":"खात्री"},{"$i":"send-message","$v":"संदेश धाडचो"},{"$i":"call","$v":"कॉल"},{"$i":"send-email","$v":"ईमेल धाडचो"},{"$i":"choose-number","$v":"वेंचणीं-क्रमांक वेंच्चो"},{"$i":"choose-email-adress","$v":"ईमेल नामो वेंच्चो"},{"$i":"delete","$v":"पुसून उडयात"},{"$i":"select","$v":"वेंच्चें"},{"$i":"select-all","$v":"सगळें वेंच्चें"},{"$i":"deselect-all","$v":"सगळ्याची वेंचणी रद्द करची"},{"$i":"deselect","$v":"वेंचणी रद्द करची"},{"$i":"selected-contacts","$v":{"zero":"कांय वेंचूक ना","one":[{"t":"idOrVar","v":"n"}," वेंचल्यात"],"two":[{"t":"idOrVar","v":"n"}," वेंचल्यात"],"few":[{"t":"idOrVar","v":"n"}," वेंचल्यात"],"many":[{"t":"idOrVar","v":"n"}," वेंचल्यात"],"other":[{"t":"idOrVar","v":"n"}," वेंचल्यात"]},"$x":[{"t":"idOrVar","v":"plural"},"n"]},{"$i":"massive-delete","$v":"संपर्क पुसून उडयात"},{"$i":"confirm-contact-delete","$v":["तुमकां संपर्क ",{"t":"idOrVar","v":"name"}," वगळावचो आसा हाची तुमकां खात्री आसा?"]},{"$i":"DeletedTxt","$v":{"zero":"वगळावंक संपर्क नात","one":"1 संपर्क काडलो","two":[{"t":"idOrVar","v":"n"}," संपर्क काडले"],"few":[{"t":"idOrVar","v":"n"}," संपर्क काडले"],"many":[{"t":"idOrVar","v":"n"}," संपर्क काडले"],"other":[{"t":"idOrVar","v":"n"}," संपर्क काडले"]},"$x":[{"t":"idOrVar","v":"plural"},"n"]},{"$i":"DeletingContacts","$v":"संपर्क वगळायता"},{"$i":"ContactConfirmDel","$v":{"zero":"वगळावंक संपर्क नात","one":"1 संपर्क वगळावचो? हो परत मेळोवंक जावचो ना.","two":[{"t":"idOrVar","v":"n"}," संपर्क वगळावचे? हें परत मेळोवंक जावचे नात."],"few":[{"t":"idOrVar","v":"n"}," संपर्क वगळावचे? हें परत मेळोवंक जावचे नात."],"many":[{"t":"idOrVar","v":"n"}," संपर्क वगळावचे? हें परत मेळोवंक जावचे नात."],"other":[{"t":"idOrVar","v":"n"}," संपर्क वगळावचे? हें परत मेळोवंक जावचे नात."]},"$x":[{"t":"idOrVar","v":"plural"},"n"]},{"$i":"contact-deleted","$v":[{"t":"idOrVar","v":"n"}," संपर्क काडले"]},{"$i":"change-will-update-until-restart","$v":"फुडले फावट संपर्क लाँच जाता तेन्ना बदल अपडेट जातले."},{"$i":"transfer-contacts","$v":"संपर्क स्थलांतर करचे"},{"$i":"contacts-management","$v":"संपर्काचें वेवस्थापन"},{"$i":"no-contacts-found","$v":"संपर्क मेळुंक नात"},{"$i":"weekday-0-long","$v":"आयतार"},{"$i":"weekday-1-long","$v":"सोमार"},{"$i":"weekday-2-long","$v":"मंगळार"},{"$i":"weekday-3-long","$v":"बुधवार"},{"$i":"weekday-4-long","$v":"बिरेस्तार"},{"$i":"weekday-5-long","$v":"शुक्रार"},{"$i":"weekday-6-long","$v":"शेनवार"},{"$i":"weekday-0-short","$v":"सुर्य"},{"$i":"weekday-1-short","$v":"सोमार"},{"$i":"weekday-2-short","$v":"मं"},{"$i":"weekday-3-short","$v":"बुध"},{"$i":"weekday-4-short","$v":"बिरे"},{"$i":"weekday-5-short","$v":"शुक्र"},{"$i":"weekday-6-short","$v":"शे"},{"$i":"month-0-long","$v":"जानेवारी"},{"$i":"month-1-long","$v":"फेब्रुवारी"},{"$i":"month-2-long","$v":"मार्च"},{"$i":"month-3-long","$v":"एप्रिल"},{"$i":"month-4-long","$v":"माय"},{"$i":"month-5-long","$v":"जून"},{"$i":"month-6-long","$v":"जुलाय"},{"$i":"month-7-long","$v":"आगोस्त"},{"$i":"month-8-long","$v":"सप्टेंबर"},{"$i":"month-9-long","$v":"ऑक्टोबर"},{"$i":"month-10-long","$v":"नोव्हेंबर"},{"$i":"month-11-long","$v":"डिसेंबर"},{"$i":"month-0-genitive","$v":"जानेवारी"},{"$i":"month-1-genitive","$v":"फेब्रुवारी"},{"$i":"month-2-genitive","$v":"मार्च"},{"$i":"month-3-genitive","$v":"एप्रिल"},{"$i":"month-4-genitive","$v":"माय"},{"$i":"month-5-genitive","$v":"जून"},{"$i":"month-6-genitive","$v":"जुलाय"},{"$i":"month-7-genitive","$v":"आगोस्त"},{"$i":"month-8-genitive","$v":"सप्टेंबर"},{"$i":"month-9-genitive","$v":"ऑक्टोबर"},{"$i":"month-10-genitive","$v":"नोव्हेंबर"},{"$i":"month-11-genitive","$v":"डिसेंबर"},{"$i":"month-0-short","$v":"जान"},{"$i":"month-1-short","$v":"फेब्रु"},{"$i":"month-2-short","$v":"मार"},{"$i":"month-3-short","$v":"एप्री"},{"$i":"month-4-short","$v":"माय"},{"$i":"month-5-short","$v":"जू"},{"$i":"month-6-short","$v":"जुला"},{"$i":"month-7-short","$v":"आगो"},{"$i":"month-8-short","$v":"सप्ट"},{"$i":"month-9-short","$v":"ऑक्टो"},{"$i":"month-10-short","$v":"नो"},{"$i":"month-11-short","$v":"डिसें"},{"$i":"minutes-ago-long","$v":{"zero":"आतांच","one":"एक मिनीट आदीं","two":[{"t":"idOrVar","v":"value"}," मिन्टां आदीं"],"few":[{"t":"idOrVar","v":"value"}," मिन्टां आदीं"],"many":[{"t":"idOrVar","v":"value"}," मिन्टां आदीं"],"other":[{"t":"idOrVar","v":"value"}," मिन्टां आदीं"]},"$x":[{"t":"idOrVar","v":"plural"},"value"]},{"$i":"hours-ago-long","$v":{"zero":"आतांच","one":"एक वरा आदीं","two":[{"t":"idOrVar","v":"value"}," वरां आदीं"],"few":[{"t":"idOrVar","v":"value"}," वरां आदीं"],"many":[{"t":"idOrVar","v":"value"}," वरां आदीं"],"other":[{"t":"idOrVar","v":"value"}," वरां आदीं"]},"$x":[{"t":"idOrVar","v":"plural"},"value"]},{"$i":"days-ago-long","$v":{"zero":"आयज","one":"काल","two":[{"t":"idOrVar","v":"value"}," दीसां आदीं"],"few":[{"t":"idOrVar","v":"value"}," दीसां आदीं"],"many":[{"t":"idOrVar","v":"value"}," दीसां आदीं"],"other":[{"t":"idOrVar","v":"value"}," दीसां आदीं"]},"$x":[{"t":"idOrVar","v":"plural"},"value"]},{"$i":"weeks-ago-long","$v":{"zero":"हो सप्तक","one":"निमाणो सप्तक","two":[{"t":"idOrVar","v":"value"}," सप्तकां आदीं"],"few":[{"t":"idOrVar","v":"value"}," सप्तकां आदीं"],"many":[{"t":"idOrVar","v":"value"}," सप्तकां आदीं"],"other":[{"t":"idOrVar","v":"value"}," सप्तकां आदीं"]},"$x":[{"t":"idOrVar","v":"plural"},"value"]},{"$i":"months-ago-long","$v":{"zero":"हो म्हयनो","one":"निमाणो म्हयनो","two":[{"t":"idOrVar","v":"value"}," म्हयन्यां आदीं"],"few":[{"t":"idOrVar","v":"value"}," म्हयन्यां आदीं"],"many":[{"t":"idOrVar","v":"value"}," म्हयन्यां आदीं"],"other":[{"t":"idOrVar","v":"value"}," म्हयन्यां आदीं"]},"$x":[{"t":"idOrVar","v":"plural"},"value"]},{"$i":"years-ago-long","$v":{"zero":"हें वर्स","one":"निमाणें वर्स","two":[{"t":"idOrVar","v":"value"}," वर्सां आदीं"],"few":[{"t":"idOrVar","v":"value"}," वर्सां आदीं"],"many":[{"t":"idOrVar","v":"value"}," वर्सां आदीं"],"other":[{"t":"idOrVar","v":"value"}," वर्सां आदीं"]},"$x":[{"t":"idOrVar","v":"plural"},"value"]},{"$i":"minutes-until-long","$v":{"zero":"आतां","one":"एका मिन्टान","two":[{"t":"idOrVar","v":"value"}," मिन्टांनी"],"few":[{"t":"idOrVar","v":"value"}," मिन्टांनी"],"many":[{"t":"idOrVar","v":"value"}," मिन्टांनी"],"other":[{"t":"idOrVar","v":"value"}," मिन्टांनी"]},"$x":[{"t":"idOrVar","v":"plural"},"value"]},{"$i":"hours-until-long","$v":{"zero":"आतां","one":"एका वरान","two":[{"t":"idOrVar","v":"value"}," वरांनी"],"few":[{"t":"idOrVar","v":"value"}," वरांनी"],"many":[{"t":"idOrVar","v":"value"}," वरांनी"],"other":[{"t":"idOrVar","v":"value"}," वरांनी"]},"$x":[{"t":"idOrVar","v":"plural"},"value"]},{"$i":"days-until-long","$v":{"zero":"आयज","one":"फाल्यां","two":[{"t":"idOrVar","v":"value"}," दिसांनी"],"few":[{"t":"idOrVar","v":"value"}," दिसांनी"],"many":[{"t":"idOrVar","v":"value"}," दिसांनी"],"other":[{"t":"idOrVar","v":"value"}," दिसांनी"]},"$x":[{"t":"idOrVar","v":"plural"},"value"]},{"$i":"weeks-until-long","$v":{"zero":"हो सप्तक","one":"नवो सप्तक","two":[{"t":"idOrVar","v":"value"}," सप्तकांनी"],"few":[{"t":"idOrVar","v":"value"}," सप्तकांनी"],"many":[{"t":"idOrVar","v":"value"}," सप्तकांनी"],"other":[{"t":"idOrVar","v":"value"}," सप्तकांनी"]},"$x":[{"t":"idOrVar","v":"plural"},"value"]},{"$i":"months-until-long","$v":{"zero":"हो म्हयनो","one":"फुडलो म्हयनो","two":[{"t":"idOrVar","v":"value"}," म्हयन्यांनीं"],"few":[{"t":"idOrVar","v":"value"}," म्हयन्यांनीं"],"many":[{"t":"idOrVar","v":"value"}," म्हयन्यांनीं"],"other":[{"t":"idOrVar","v":"value"}," म्हयन्यांनीं"]},"$x":[{"t":"idOrVar","v":"plural"},"value"]},{"$i":"years-until-long","$v":{"zero":"हें वर्स","one":"नवें वर्स","two":[{"t":"idOrVar","v":"value"}," वर्सांनी"],"few":[{"t":"idOrVar","v":"value"}," वर्सांनी"],"many":[{"t":"idOrVar","v":"value"}," वर्सांनी"],"other":[{"t":"idOrVar","v":"value"}," वर्सांनी"]},"$x":[{"t":"idOrVar","v":"plural"},"value"]},{"$i":"minutes-ago-short","$v":{"zero":"आतांच","other":[{"t":"idOrVar","v":"value"},"म्ह आदीं"]},"$x":[{"t":"idOrVar","v":"plural"},"value"]},{"$i":"hours-ago-short","$v":{"zero":"आतांच","other":[{"t":"idOrVar","v":"value"}," व आदीं"]},"$x":[{"t":"idOrVar","v":"plural"},"value"]},{"$i":"days-ago-short","$v":{"zero":"आयज","other":[{"t":"idOrVar","v":"value"},"दी आदीं"]},"$x":[{"t":"idOrVar","v":"plural"},"value"]},{"$i":"minutes-until-short","$v":{"zero":"आतां","other":[{"t":"idOrVar","v":"value"}," मि"]},"$x":[{"t":"idOrVar","v":"plural"},"value"]},{"$i":"hours-until-short","$v":{"zero":"आतां","other":[{"t":"idOrVar","v":"value"}," वर"]},"$x":[{"t":"idOrVar","v":"plural"},"value"]},{"$i":"days-until-short","$v":{"zero":"आयज","other":[{"t":"idOrVar","v":"value"}," दी"]},"$x":[{"t":"idOrVar","v":"plural"},"value"]},{"$i":"incorrectDate","$v":"(चुकीची तारीख)"},{"$i":"dateTimeFormat_%c","$v":"%a %b %e %Y %I:%M:%S %p"},{"$i":"dateTimeFormat_%x","$v":"%m/%d/%Y"},{"$i":"dateTimeFormat_%X","$v":"%I:%M:%S %p"},{"$i":"shortTimeFormat","$v":"%I:%M %p"},{"$i":"shortTimeFormat12","$v":"%I:%M %p"},{"$i":"shortTimeFormat24","$v":"%H:%M"},{"$i":"shortDateTimeFormat","$v":"%x %I:%M %p"},{"$i":"weekStartsOnMonday","$v":"0"},{"$i":"firstDayOfTheWeek","$v":"0"},{"$i":"time_am","$v":"AM"},{"$i":"time_pm","$v":"PM"},{"$i":"sim-with-index-and-carrier","$v":["SIM ",{"t":"idOrVar","v":"index"}," - ",{"t":"idOrVar","v":"carrier"}]},{"$i":"sim-without-carrier","$v":["SIM ",{"t":"idOrVar","v":"index"}]}]