[{"$i":"contacts","$v":"رٲبطہ"},{"$i":"view","$v":"ھاو"},{"$i":"no-contacts","$v":"کاہ رٲبطہ نِہ"},{"$i":"reading-contacts","$v":"لوڈ کران رٲبطہ"},{"$i":"start-adding","$v":"پریس کریو نو رٲبطہ اکھ رٲبطہ شٲمل کرنِہ خٲطر"},{"$i":"no-contact-available","$v":"یتِہ چھِ کاہ رٲبطہ دستیاب"},{"$i":"ok","$v":"ٹھیک"},{"$i":"no-phone-number-to-dial","$v":"کاہ فون نمبر نِہ ڈائل خٲطر"},{"$i":"move","$v":"رأغب کریو"},{"$i":"copy","$v":"کاپی کریو"},{"$i":"copy-contacts","$v":"رأبطہ کریو کاپی"},{"$i":"move-contacts","$v":"رأبطہ کریو رأغب"},{"$i":"phone-memory","$v":"فون میموری"},{"$i":"sim-memory","$v":"سِم میموری"},{"$i":"move-from","$v":"رأغب کریو یِم پیٹھ"},{"$i":"to","$v":"کُن"},{"$i":"move-contacts-progressing","$v":"رأغب کران رأبطہ ۔۔۔"},{"$i":"copy-contacts-progressing","$v":"کاپی کران رأبطہ۔۔۔"},{"$i":"contact-move-to-sim","$v":[{"t":"idOrVar","v":"migrated"}," رأبطہ کٔر سِم ہَس پیٹھ رأغب"]},{"$i":"contact-copy-to-sim","$v":[{"t":"idOrVar","v":"migrated"}," رأبطہ کٔر سِم ہَس پیٹھ کاپی"]},{"$i":"contact-move-to-sim0","$v":[{"t":"idOrVar","v":"migrated"}," رأبطہ کٔر سِم 1 ہَس پیٹھ رأغب"]},{"$i":"contact-copy-to-sim0","$v":[{"t":"idOrVar","v":"migrated"}," رأبطہ کٔر سِم 1 ہَس پیٹھ کاپی"]},{"$i":"contact-move-to-sim1","$v":[{"t":"idOrVar","v":"migrated"}," رأبطہ کٔر سِم 2 ہَسس پیٹھ رأغب"]},{"$i":"contact-copy-to-sim1","$v":[{"t":"idOrVar","v":"migrated"}," رأبطہ کٔر سِم 2 ہَس پیٹھ کاپی"]},{"$i":"contact-move-to-device","$v":[{"t":"idOrVar","v":"migrated"}," رأبطہ کٔر آلہ ہَس پیٹھ رأغب"]},{"$i":"contact-copy-to-device","$v":[{"t":"idOrVar","v":"migrated"}," رأبطہ کر آلہ ہَس پیٹھ کاپی"]},{"$i":"copy-contact-failed","$v":"رأبطہ کاپی کرُن سپُد ناکام"},{"$i":"move-contact-failed","$v":"رأبطہ کاپی کرُن سپُد ناکام"},{"$i":"contact-copy-error-sim-full","$v":"رأبطہ کاپی کرُن سپُد نہٕ مکمل تِکیازٕ سِم کارڑ چھہٕ بھریتھ۔"},{"$i":"contact-copy-error-unknown","$v":"رأبطہ کاپی کرُن سپُد نہٕ مکمل انجان مسلہ سبب۔"},{"$i":"contact-move-error-sim-full","$v":"رأبطہ رأغب کرِن سپِد نہٕ مکمل سِم کارڑ بھریتھ آسنہٕ سیتھۍ۔"},{"$i":"contact-move-error-unknown","$v":"رأبطہ رأغب کرِن سپُد نہٕ مکمل انجان مسلہ سبب۔"},{"$i":"memory","$v":"میمری"},{"$i":"phone-and-sim","$v":"فون تہٕ سِم"},{"$i":"phone","$v":"فون"},{"$i":"sim","$v":"SIM"},{"$i":"reloading-contact","$v":"رأبطہ ری لوڈ کران۔۔"},{"$i":"contact-reloaded","$v":"رأبطہ آئے ری لوڈ کرنہٕ"},{"$i":"message","$v":"مسیج"},{"$i":"find-duplicate-contacts","$v":"لبیو نقلی رٲبطہ"},{"$i":"no-duplicate-contact-found","$v":"کاہ نقلی رٲبطہ لوب نِہ"},{"$i":"change-saved","$v":"ترمیم آئے محفوظ کرنِہ"},{"$i":"contact-updated","$v":"رٲبطہ آؤ اپ ڈیٹ کرنِہ"},{"$i":"already-ice-contact","$v":"رٲبطہ ICE یِہ رٲبطہ چھِ گوڑائے اکھ"},{"$i":"callAirplaneModeTitle","$v":"ایر پلین انداز چالو"},{"$i":"callAirplaneModeMessage","$v":"کال کرنِہ خٲطر چھِ توہ ضورتھ سیٹنگس منز ایرپلین انداز ناکار کرُن"},{"$i":"emergencyDialogTitle","$v":"کاہ نیٹورک کنکشن چھِ نِہ"},{"$i":"emergencyDialogBodyBadNumber","$v":"کال کرنِہ خٲطر، فون گژھ آسُن جوڑیتھ نیٹورکس سیتھ"},{"$i":"emergencyDialogBodyDeviceNotAccepted","$v":"ھنگٲمی کال چھِ نِہ نیٹورک سیتھ اجازت تھاوان۔"},{"$i":"invalidNumberToDialTitle","$v":"غیر درست فون نمبر"},{"$i":"invalidNumberToDialMessage","$v":"فون نمبر یتھ توہ کال چھو کران چھِ نِہ درست"},{"$i":"emergency-call-only","$v":"صرف ھنگٲمی کال"},{"$i":"emergency-call-error","$v":["چھِ نِہ اکھ ھنگٲمی نمبر ",{"t":"idOrVar","v":"number"}]},{"$i":"numberIsBusyTitle","$v":"نمبر چھِ آوُر"},{"$i":"numberIsBusyMessage","$v":"نمبر چھِ فی الحال آوُر۔ مہربٲنی کریتھ کریو پتِہ پہن کوشش۔"},{"$i":"fdnIsActiveTitle","$v":"چالو FDN"},{"$i":"fdnIsActiveMessage","$v":[":فہرست منز ایف ڈی این فیکسڈ ڈائلنگ نمبر چھِ چالو تِہ یِہ ذیل نمبر چھِ نِہ تہندیس ایف ڈی این ",{"t":"idOrVar","v":"number"}]},{"$i":"otherConnectionInUseTitle","$v":"بدل کنکشن چھِ استعمالس منز"},{"$i":"otherConnectionInUseMessage","$v":"توہ چھِ اکھ ایکٹیو کال بدل کنکشنس پیٹھ۔ توہ ھیکو صرف اکھ کنکشن اکِہ وقتہ استعمال کریتھ"},{"$i":"GenericFailure","$v":"کل ناکٲمی"},{"$i":"scCallBarring","$v":"کال بیرنگ"},{"$i":"scCallForwarding","$v":"کال فارویڑنگ"},{"$i":"scClip","$v":"ینِہ واجن کالر ID"},{"$i":"scClir","$v":"گژھن واجن کالر ID"},{"$i":"scPwd","$v":"بدلاۅ شناختی لفظ"},{"$i":"scCallWaiting","$v":"کال پرارناوُن"},{"$i":"scPin","$v":"بدلاۅ PIN"},{"$i":"scPin2","$v":"آو بدلاونِہ پِن2"},{"$i":"scPuk","$v":"پِن ان لاک"},{"$i":"scPuk2","$v":"پِن2 ان لاک"},{"$i":"scImei","$v":"IMEI"},{"$i":"scMeid","$v":"MEID"},{"$i":"scUssd","$v":"USSD"},{"$i":"set-speed-dial","$v":"تھاو سپیڈ ڈائل رٲبطہ"},{"$i":"empty","$v":"ژھور"},{"$i":"voicemail","$v":"وائس میل"},{"$i":"speed-dial","$v":"سپیڈ ڈائل"},{"$i":"add","$v":"شٲمل"},{"$i":"replace","$v":"بدلاو جاے"},{"$i":"remove-from-speed-dial","$v":"معزول کر سپیڈ ڈائل منز"},{"$i":"custom-dialog-replace-speed-dial","$v":["؟",{"t":"idOrVar","v":"newSpeedDial"},"یتھ ",{"t":"idOrVar","v":"oldSpeedDial"}," توہ چھوا یقین توہ چھو یژھان سپیڈ ڈائل بدلاوُن"]},{"$i":"custom-dialog-remove-speed-dial","$v":["سپیڈ ڈائل منز؟ ",{"t":"idOrVar","v":"name"}," توہ چھوا یقین توہ چھو یژھان معزول کرُن"]},{"$i":"voice-mail","$v":"وائس میل"},{"$i":"voice-mail-number","$v":"وائس میل نمبر"},{"$i":"voice-mail-number-updated","$v":"وائس میل نمبر اپ ڈیٹ کرمُت"},{"$i":"found-duplicates-message","$v":"نقلی معلومات آے لبنِہ یتھ ذیل رٲبطس منز۔ توہ چھوا پسند کران مِلاوُن؟"},{"$i":"confirm-to-merge-contacts","$v":["؟",{"t":"idOrVar","v":"name"}," رٲبطہ یتھ ",{"t":"idOrVar","v":"n"}," توہ چھوا یقین مِلاونس"]},{"$i":"merge","$v":"مِلاو"},{"$i":"contact-merged","$v":"رٲبطہ مِلٲے"},{"$i":"add-favorite","$v":"شٲمل کر از مقبول"},{"$i":"remove-favorite","$v":"بے مقبول"},{"$i":"favorite-contacts","$v":"مقبول رٲبطہ"},{"$i":"sort-contacts","$v":"ترتیب کریو رٲبطہ"},{"$i":"sort-by-first-name","$v":"ترتیب از گوڈنُک ناو"},{"$i":"sort-by-last-name","$v":"ترتیب از ٲخری ناو"},{"$i":"no-support-open-multi-vcard","$v":"ھیکِہ نِہ کھولیتھ vCard رڑ بکثرت رٲبطہ ہیتھ"},{"$i":"sdcard","$v":"میمری کاڈ"},{"$i":"simcard","$v":"کاڈ SIM"},{"$i":"import-contacts","$v":"درآمد کر رٲبطہ"},{"$i":"simContacts-error","$v":"ھیکِہ نِہ درآمد کریتھ؟ رٲبطہ SIM پیٹھ؟"},{"$i":"memoryCardContacts-error","$v":"ھیکِہ نِہ درآمد کریتھ رٲبطہ میمری کاڈ پیٹھ"},{"$i":"simContacts-reading","$v":"کاڈ پیٹھ۔۔۔ سِم پران رٲبطہ"},{"$i":"memoryCardContacts-reading","$v":"پران رٲبطہ میمری کاڈ پیٹھ۔۔۔"},{"$i":"importContactsTitle","$v":"درآمد کر رٲبطہ"},{"$i":"retry","$v":"نَے کوشش"},{"$i":"noSimMsg","$v":"کاڈ رٲبطہ درآمد کرنِہ خٲطر سِم لٲگیو یا ان لاک کریو"},{"$i":"noSdcardMsg","$v":"رٲبطہ درآمد کرنِہ خٲطر لٲگیو میمری کاڑ"},{"$i":"not-imported","$v":"چھِ نِہ درآمد کریتھ"},{"$i":"imported","$v":"درآمد کُر"},{"$i":"importing","$v":"درآمد کران"},{"$i":"contact-imported","$v":["درآمد ",{"t":"idOrVar","v":"imported"}," رٲبطہ۔ ",{"t":"idOrVar","v":"dupes"}," رٲبطہ مِلاے۔"]},{"$i":"reading-contacts-from-sim","$v":"پران رٲبطہ SIM کاڑ پیٹھ۔۔"},{"$i":"reading-contacts-from-gmail","$v":"پران رٲبطہ جی میل پیٹھ"},{"$i":"reading-contacts-from-live","$v":"پران رٲبطہ آوٹ لُک پیٹھ"},{"$i":"reading-contacts-from-sd","$v":"پران رٲبطہ میمری کاڑ پیٹھ۔۔"},{"$i":"reading-contacts-from-vcard","$v":"پران رٲبطہ فائلِ پیٹھ۔۔"},{"$i":"importing-contacts-from-sim","$v":"کاڈ پیٹھ سِم رٲبطہ درآمد کران"},{"$i":"importing-contacts-from-gmail","$v":"جی میل پیٹھ رٲبطہ درآمد کران"},{"$i":"importing-contacts-from-live","$v":"آوٹ لُک پیٹھ رٲبطہ درآمد کران"},{"$i":"importing-contacts-from-sd","$v":"میمری کاڈ پیٹھ رٲبطہ درآمد کران"},{"$i":"importing-contacts-from-vcard","$v":"رٲبطہ فائلِ پیٹھ درآمد کران۔۔"},{"$i":"connect-network-to-import","$v":"رٲبطہ درآمد کرنِہ باپت، جوڑیو WiFi ہس یا ڈیٹا نیٹورکس سٲتۍ"},{"$i":"export","$v":"برآمد"},{"$i":"export-contacts","$v":"برآمد کر رٲبطہ"},{"$i":"simExport-title","$v":"کُن سِم برآمد کر"},{"$i":"memoryCardExport-title","$v":"برآمد کر میمری کاڈ کُن"},{"$i":"btExport-title","$v":"برآمد بلوٹوتھ کُن"},{"$i":"noSimMsgExport","$v":"کاڈ رٲبطہ برآمد کرنِہ خٲطر سِم لٲگیو یا ان لاک کریو"},{"$i":"bluetoothNoConnection","$v":"جوڑیو بلوٹوتھ ہس سیتھ رٲبطہ برآمد کرنِہ خٲطر"},{"$i":"contact-exported","$v":["بر آمد لرمِت ",{"t":"idOrVar","v":"exported"}," رٲبطہ"]},{"$i":"export-contact-failed","$v":"رٲبطہ برآمد کرُن سپُد ناکام"},{"$i":"contact-export-error-sim-full","$v":"کارڑ بھریتھ آسنِہ موجُب۔ سم رٲبطہ برآمد کرُن سپُد نِہ کامیاب"},{"$i":"contact-export-error-unknown","$v":"رٲبطہ برآمد کرُن سپُد نِہ کامیاب انجان سھَو موجُب۔"},{"$i":"save","$v":"محفوظ"},{"$i":"back","$v":"پتھ"},{"$i":"givenName","$v":"گوڈنُک ناو"},{"$i":"familyName","$v":"ٲخری ناو"},{"$i":"name","$v":"ناؤ"},{"$i":"org","$v":"کمپنی"},{"$i":"ringtone","$v":"رینگ ٹون"},{"$i":"note","$v":"نوٹ"},{"$i":"email","$v":"ای میل"},{"$i":"adr","$v":"پتہ"},{"$i":"custom","$v":"روایتی"},{"$i":"confirm-discard-contact-data","$v":"رٲبطہ معلومات یِن ختم کرنِہ۔ توہ کروا پسند یِہ رٲبطہ محفوظ کرُن"},{"$i":"discard","$v":"برطرف"},{"$i":"add-others","$v":"شٲمل کر بٲقی"},{"$i":"custom-type","$v":"کسٹم قسم"},{"$i":"input-the-custom-type","$v":"مہربٲنی کریتھ لگٲیو روائتی قسم"},{"$i":"contact-saved","$v":"رٲبطہ کُر محفوظ"},{"$i":"are-you-sure-to-delete-field","$v":[{"t":"idOrVar","v":"field"}," توہ چھوا یقین خٲرج کرنس؟"]},{"$i":"personal","$v":"ذٲتی"},{"$i":"mobile","$v":"موبائل"},{"$i":"current","$v":"حالیہ"},{"$i":"home","$v":"گھر"},{"$i":"work","$v":"کیم"},{"$i":"other","$v":"بدل"},{"$i":"fax-home","$v":"فیکس ھوم"},{"$i":"fax-office","$v":"فیکس دفتر"},{"$i":"fax-other","$v":"فیکس بٲقی"},{"$i":"add-tel","$v":"شٲمل کر فون نمبر"},{"$i":"add-email","$v":"شٲمل کر ای میل"},{"$i":"add-ringtone","$v":"شٲمل کر رینگ ٹون"},{"$i":"add-adr","$v":"شٲمل کر ایڈریس"},{"$i":"add-bday","$v":"شٲمل کر زاے دوہ"},{"$i":"add-photo","$v":"شٲمل کر تصویر"},{"$i":"add-note","$v":"شٲمل کر نوٹ"},{"$i":"add-org","$v":"شٲمل کر کمپنی"},{"$i":"delete-tel","$v":"خٲریج کریو فون نمبر"},{"$i":"delete-email","$v":"خٲرج کریو ای میل"},{"$i":"delete-ringtone","$v":"خٲرج کریو رینگ ٹون"},{"$i":"delete-adr","$v":"خٲرج کریو ایڈریس"},{"$i":"delete-bday","$v":"خٲرج کریو زاے دوہ"},{"$i":"delete-photo","$v":"معزول کر تصویر"},{"$i":"delete-note","$v":"خٲرج کریو نوٹ"},{"$i":"delete-org","$v":"خٲرج کریو کمپنی"},{"$i":"edit-tel-type","$v":"ترمیم کریو فون قسم"},{"$i":"edit-email-type","$v":"ترمیم کریو ای میل قسم"},{"$i":"edit-adr-type","$v":"ترمیم کریو ایڈریس قسم"},{"$i":"edit-bday-type","$v":"ترمیم کریو زاے دوہ"},{"$i":"replace-photo","$v":"بدلاو فوٹو"},{"$i":"replace-ringtone","$v":"بدلاو رینگ ٹون"},{"$i":"mobile-tel","$v":"موبائل فون"},{"$i":"home-tel","$v":"ھوم فون"},{"$i":"work-tel","$v":"ورک فون"},{"$i":"personal-tel","$v":"ذٲتی فون"},{"$i":"fax-home-tel","$v":"گھر فیکس"},{"$i":"fax-office-tel","$v":"دفتر فیکس"},{"$i":"fax-other-tel","$v":"بٲقی فیکس"},{"$i":"other-tel","$v":"بدل فون"},{"$i":"personal-email","$v":"ذٲتی ای میل"},{"$i":"work-email","$v":"ورک ای میل"},{"$i":"other-email","$v":"بدل ای میل"},{"$i":"custom-email","$v":["ای میل ",{"t":"idOrVar","v":"type"}]},{"$i":"custom-tel","$v":["فون ",{"t":"idOrVar","v":"type"}]},{"$i":"personal-adr","$v":"ذٲتی ایڈریس"},{"$i":"current-adr","$v":"حالیہ ایڈریس"},{"$i":"home-adr","$v":"ھوم ایڈریس"},{"$i":"work-adr","$v":"ورک ایڈریس"},{"$i":"custom-adr","$v":["ایڈریس ",{"t":"idOrVar","v":"type"}]},{"$i":"bday","$v":"زاے دوہ"},{"$i":"birthday","$v":"زاے دوہ"},{"$i":"streetAddress","$v":"وتھ"},{"$i":"locality","$v":"شہر"},{"$i":"postalCode","$v":"پِن کوڑ"},{"$i":"countryName","$v":"ملک"},{"$i":"region","$v":"ریاست"},{"$i":"no-name","$v":"کاہ ناو نِہ"},{"$i":"new-contact","$v":"نو رٲبطہ"},{"$i":"options","$v":"انتخابات"},{"$i":"cancel","$v":"رد کر"},{"$i":"settings","$v":"سیٹِنگس"},{"$i":"edit","$v":"درست"},{"$i":"share","$v":"بانٹ"},{"$i":"remove","$v":"معزول"},{"$i":"music","$v":"موسیقی"},{"$i":"ICEContactsGroup","$v":"رٲبطہ آئی سی ای"},{"$i":"setICEButton","$v":"رٲبطہ آئی سی ای تھاو"},{"$i":"ICESettingTitle","$v":"رٲبطہ آئی سی ای"},{"$i":"ICEDescription","$v":"شأمل کریو پانژھ رأبطہ اکھ \"ھنگأمی"},{"$i":"ICEContact","$v":["ICE رٲبطہ ",{"t":"idOrVar","v":"n"}]},{"$i":"ICESelectContact","$v":"رٲبطہ A چُنیو"},{"$i":"delete-ice-contact-warning","$v":"رٲبطہ آئی سی ای توہ چھوا یقین توہ چھو یژھان معزول کرُن"},{"$i":"confirm","$v":"تصدیق"},{"$i":"send-message","$v":"سوزیو مسیج"},{"$i":"call","$v":"کال"},{"$i":"send-email","$v":"سوزیو ای میل"},{"$i":"choose-number","$v":"چُنیو اکھ چُنیو۔نمبر"},{"$i":"choose-email-adress","$v":"چُنیو اکھ ای میل ایڈریس"},{"$i":"delete","$v":"خٲرج"},{"$i":"select","$v":"چُنیو"},{"$i":"select-all","$v":"چُنیو تمام"},{"$i":"deselect-all","$v":"مَہ چُنیو کاہ"},{"$i":"deselect","$v":"مَہ چُنیو"},{"$i":"selected-contacts","$v":{"zero":"کاہ تِہ چُن نِہ","one":["چُنیتھ ",{"t":"idOrVar","v":"n"}],"two":["چُنیتھ ",{"t":"idOrVar","v":"n"}],"few":["چُنیتھ ",{"t":"idOrVar","v":"n"}],"many":["چُنیتھ ",{"t":"idOrVar","v":"n"}],"other":["چُنیتھ ",{"t":"idOrVar","v":"n"}]},"$x":[{"t":"idOrVar","v":"plural"},"n"]},{"$i":"massive-delete","$v":"خٲرج کر رٲبطہ"},{"$i":"confirm-contact-delete","$v":["؟",{"t":"idOrVar","v":"name"}," توہ چھوا یقین توہ چھو یژھان رٲبطہ خٲرج کرُن"]},{"$i":"DeletedTxt","$v":{"zero":"کاہ رٲبطہ نِہ خٲرج کرنِہ خٲطر","one":"رٲبطہ معزول 1","two":["رٲبطہ معزول ",{"t":"idOrVar","v":"n"}],"few":["رٲبطہ معزول ",{"t":"idOrVar","v":"n"}],"many":["رٲبطہ معزول ",{"t":"idOrVar","v":"n"}],"other":["رٲبطہ معزول ",{"t":"idOrVar","v":"n"}]},"$x":[{"t":"idOrVar","v":"plural"},"n"]},{"$i":"DeletingContacts","$v":"خٲرج کران رٲبطہ"},{"$i":"ContactConfirmDel","$v":{"zero":"کاہ رٲبطہ نِہ خٲرج کرنِہ خٲطر","one":"رٲبطہ 1 خٲرج کریو؟ یِہ ھیکوٗ نِہ نَے سر وصول کریتھ۔","two":["رٲبطہ ",{"t":"idOrVar","v":"n"}," خٲرج کریو؟ یِہ ھیکوٗ نِہ نَے سر وصول کریتھ۔"],"few":["رٲبطہ ",{"t":"idOrVar","v":"n"}," خٲرج کریو؟ یِہ ھیکوٗ نِہ نَے سر وصول کریتھ۔"],"many":["رٲبطہ ",{"t":"idOrVar","v":"n"}," خٲرج کریو؟ یِہ ھیکوٗ نِہ نَے سر وصول کریتھ۔"],"other":["رٲبطہ ",{"t":"idOrVar","v":"n"}," خٲرج کریو؟ یِہ ھیکوٗ نِہ نَے سر وصول کریتھ۔"]},"$x":[{"t":"idOrVar","v":"plural"},"n"]},{"$i":"contact-deleted","$v":["رٲبطہ معزول ",{"t":"idOrVar","v":"n"}]},{"$i":"change-will-update-until-restart","$v":"ترمیم یِن محفوظ کرنِہ دُبار یلِہ رٲبطہ لانچ سپدِ۔"},{"$i":"transfer-contacts","$v":"ٹرانسفر رٲبطہ"},{"$i":"contacts-management","$v":"رٲبطہ منیجمنٹ"},{"$i":"no-contacts-found","$v":"کاہ رٲبطہ لوب نِہ"},{"$i":"weekday-0-long","$v":"آتھوار"},{"$i":"weekday-1-long","$v":"ژیندوار"},{"$i":"weekday-2-long","$v":"بوموار"},{"$i":"weekday-3-long","$v":"بُدھوار"},{"$i":"weekday-4-long","$v":"بریسوار"},{"$i":"weekday-5-long","$v":"جُمع"},{"$i":"weekday-6-long","$v":"بٹوار"},{"$i":"weekday-0-short","$v":"آتھوار"},{"$i":"weekday-1-short","$v":"ژیندوار"},{"$i":"weekday-2-short","$v":"بوموار"},{"$i":"weekday-3-short","$v":"بُدھوار"},{"$i":"weekday-4-short","$v":"بریسوار"},{"$i":"weekday-5-short","$v":"جُمع"},{"$i":"weekday-6-short","$v":"بٹوار"},{"$i":"month-0-long","$v":"جنوری"},{"$i":"month-1-long","$v":"فروری"},{"$i":"month-2-long","$v":"مارچ"},{"$i":"month-3-long","$v":"اپریل"},{"$i":"month-4-long","$v":"مئی"},{"$i":"month-5-long","$v":"جون"},{"$i":"month-6-long","$v":"جولائی"},{"$i":"month-7-long","$v":"اگست"},{"$i":"month-8-long","$v":"ستمبر"},{"$i":"month-9-long","$v":"اکتومبر"},{"$i":"month-10-long","$v":"نومبر"},{"$i":"month-11-long","$v":"دسمبر"},{"$i":"month-0-genitive","$v":"جنوری"},{"$i":"month-1-genitive","$v":"فروری"},{"$i":"month-2-genitive","$v":"مارچ"},{"$i":"month-3-genitive","$v":"اپریل"},{"$i":"month-4-genitive","$v":"مئی"},{"$i":"month-5-genitive","$v":"جون"},{"$i":"month-6-genitive","$v":"جولائی"},{"$i":"month-7-genitive","$v":"اگست"},{"$i":"month-8-genitive","$v":"ستمبر"},{"$i":"month-9-genitive","$v":"اکتومبر"},{"$i":"month-10-genitive","$v":"نومبر"},{"$i":"month-11-genitive","$v":"دسمبر"},{"$i":"month-0-short","$v":"جنوری"},{"$i":"month-1-short","$v":"فروری"},{"$i":"month-2-short","$v":"مارچ"},{"$i":"month-3-short","$v":"اپریل"},{"$i":"month-4-short","$v":"مئی"},{"$i":"month-5-short","$v":"جون"},{"$i":"month-6-short","$v":"جولائی"},{"$i":"month-7-short","$v":"اگست"},{"$i":"month-8-short","$v":"ستمبر"},{"$i":"month-9-short","$v":"اکتومبر"},{"$i":"month-10-short","$v":"نومبر"},{"$i":"month-11-short","$v":"دسمبر"},{"$i":"minutes-ago-long","$v":{"zero":"صرف وین","one":"اکھ منٹ برونٹھ","two":["منٹ برونٹھ ",{"t":"idOrVar","v":"value"}],"few":["منٹ برونٹھ ",{"t":"idOrVar","v":"value"}],"many":["منٹ برونٹھ ",{"t":"idOrVar","v":"value"}],"other":["منٹ برونٹھ ",{"t":"idOrVar","v":"value"}]},"$x":[{"t":"idOrVar","v":"plural"},"value"]},{"$i":"hours-ago-long","$v":{"zero":"صرف وین","one":"اکھ گھنٹہ برونٹھ","two":["گھنٹہ برونٹھ ",{"t":"idOrVar","v":"value"}],"few":["گھنٹہ برونٹھ ",{"t":"idOrVar","v":"value"}],"many":["گھنٹہ برونٹھ ",{"t":"idOrVar","v":"value"}],"other":["گھنٹہ برونٹھ ",{"t":"idOrVar","v":"value"}]},"$x":[{"t":"idOrVar","v":"plural"},"value"]},{"$i":"days-ago-long","$v":{"zero":"از","one":"راتھ","two":["دوہ برونٹھ ",{"t":"idOrVar","v":"value"}],"few":["دوہ برونٹھ ",{"t":"idOrVar","v":"value"}],"many":["دوہ برونٹھ ",{"t":"idOrVar","v":"value"}],"other":["دوہ برونٹھ ",{"t":"idOrVar","v":"value"}]},"$x":[{"t":"idOrVar","v":"plural"},"value"]},{"$i":"weeks-ago-long","$v":{"zero":"یِہ ہفتہ","one":"پیتِم ہفتہ","two":["ہفتہ برونٹھ ",{"t":"idOrVar","v":"value"}],"few":["ہفتہ برونٹھ ",{"t":"idOrVar","v":"value"}],"many":["ہفتہ برونٹھ ",{"t":"idOrVar","v":"value"}],"other":["ہفتہ برونٹھ ",{"t":"idOrVar","v":"value"}]},"$x":[{"t":"idOrVar","v":"plural"},"value"]},{"$i":"months-ago-long","$v":{"zero":"یِہ ریتھ","one":"پیتِم ریتھ","two":["ریتھ برونٹھ ",{"t":"idOrVar","v":"value"}],"few":["ریتھ برونٹھ ",{"t":"idOrVar","v":"value"}],"many":["ریتھ برونٹھ ",{"t":"idOrVar","v":"value"}],"other":["ریتھ برونٹھ ",{"t":"idOrVar","v":"value"}]},"$x":[{"t":"idOrVar","v":"plural"},"value"]},{"$i":"years-ago-long","$v":{"zero":"یِہ وریح","one":"پیتِم وریح","two":["وریح برونٹھ ",{"t":"idOrVar","v":"value"}],"few":["وریح برونٹھ ",{"t":"idOrVar","v":"value"}],"many":["وریح برونٹھ ",{"t":"idOrVar","v":"value"}],"other":["وریح برونٹھ ",{"t":"idOrVar","v":"value"}]},"$x":[{"t":"idOrVar","v":"plural"},"value"]},{"$i":"minutes-until-long","$v":{"zero":"وین","one":"اکِس منٹس منز","two":["منز ",{"t":"idOrVar","v":"value"}," منٹن"],"few":["منز ",{"t":"idOrVar","v":"value"}," منٹن"],"many":["منز ",{"t":"idOrVar","v":"value"}," منٹن"],"other":["منز ",{"t":"idOrVar","v":"value"}," منٹن"]},"$x":[{"t":"idOrVar","v":"plural"},"value"]},{"$i":"hours-until-long","$v":{"zero":"وین","one":"اکِس گھنٹس منز","two":["منز ",{"t":"idOrVar","v":"value"}," گھنٹن"],"few":["منز ",{"t":"idOrVar","v":"value"}," گھنٹن"],"many":["منز ",{"t":"idOrVar","v":"value"}," گھنٹن"],"other":["منز ",{"t":"idOrVar","v":"value"}," گھنٹن"]},"$x":[{"t":"idOrVar","v":"plural"},"value"]},{"$i":"days-until-long","$v":{"zero":"از","one":"پگاہ","two":["منز ",{"t":"idOrVar","v":"value"}," دوہن"],"few":["منز ",{"t":"idOrVar","v":"value"}," دوہن"],"many":["منز ",{"t":"idOrVar","v":"value"}," دوہن"],"other":["منز ",{"t":"idOrVar","v":"value"}," دوہن"]},"$x":[{"t":"idOrVar","v":"plural"},"value"]},{"$i":"weeks-until-long","$v":{"zero":"یِہ ہفتہ","one":"نو ہفتہ","two":["منز ",{"t":"idOrVar","v":"value"}," ہفتن"],"few":["منز ",{"t":"idOrVar","v":"value"}," ہفتن"],"many":["منز ",{"t":"idOrVar","v":"value"}," ہفتن"],"other":["منز ",{"t":"idOrVar","v":"value"}," ہفتن"]},"$x":[{"t":"idOrVar","v":"plural"},"value"]},{"$i":"months-until-long","$v":{"zero":"یِہ ریتھ","one":"نو ریتھ","two":["منز ",{"t":"idOrVar","v":"value"}," ریتھن"],"few":["منز ",{"t":"idOrVar","v":"value"}," ریتھن"],"many":["منز ",{"t":"idOrVar","v":"value"}," ریتھن"],"other":["منز ",{"t":"idOrVar","v":"value"}," ریتھن"]},"$x":[{"t":"idOrVar","v":"plural"},"value"]},{"$i":"years-until-long","$v":{"zero":"یِہ وریح","one":"نو وریح","two":["منز ",{"t":"idOrVar","v":"value"}," وریہن"],"few":["منز ",{"t":"idOrVar","v":"value"}," وریہن"],"many":["منز ",{"t":"idOrVar","v":"value"}," وریہن"],"other":["منز ",{"t":"idOrVar","v":"value"}," وریہن"]},"$x":[{"t":"idOrVar","v":"plural"},"value"]},{"$i":"minutes-ago-short","$v":{"zero":"صرف وین","other":["برونٹھ m",{"t":"idOrVar","v":"value"}]},"$x":[{"t":"idOrVar","v":"plural"},"value"]},{"$i":"hours-ago-short","$v":{"zero":"صرف وین","other":["برونٹھ h",{"t":"idOrVar","v":"value"}]},"$x":[{"t":"idOrVar","v":"plural"},"value"]},{"$i":"days-ago-short","$v":{"zero":"از","other":["برونٹھ d",{"t":"idOrVar","v":"value"}]},"$x":[{"t":"idOrVar","v":"plural"},"value"]},{"$i":"minutes-until-short","$v":{"zero":"وین","other":["منز ",{"t":"idOrVar","v":"value"},"m"]},"$x":[{"t":"idOrVar","v":"plural"},"value"]},{"$i":"hours-until-short","$v":{"zero":"وین","other":["منز ",{"t":"idOrVar","v":"value"},"h"]},"$x":[{"t":"idOrVar","v":"plural"},"value"]},{"$i":"days-until-short","$v":{"zero":"از","other":["منز ",{"t":"idOrVar","v":"value"},"d"]},"$x":[{"t":"idOrVar","v":"plural"},"value"]},{"$i":"incorrectDate","$v":"﴾غیر درست تٲریخ﴿"},{"$i":"dateTimeFormat_%c","$v":"%a %b %e %Y %I:%M:%S %p"},{"$i":"dateTimeFormat_%x","$v":"%m/%d/%Y"},{"$i":"dateTimeFormat_%X","$v":"%I:%M:%S %p"},{"$i":"shortTimeFormat","$v":"%I:%M %p"},{"$i":"shortTimeFormat12","$v":"%I:%M %p"},{"$i":"shortTimeFormat24","$v":"%H:%M"},{"$i":"shortDateTimeFormat","$v":"%x %I:%M %p"},{"$i":"weekStartsOnMonday","$v":"0"},{"$i":"firstDayOfTheWeek","$v":"0"},{"$i":"time_am","$v":"AM"},{"$i":"time_pm","$v":"PM"},{"$i":"sim-with-index-and-carrier","$v":["سِم ",{"t":"idOrVar","v":"index"}," - ",{"t":"idOrVar","v":"carrier"}]},{"$i":"sim-without-carrier","$v":["SIM ",{"t":"idOrVar","v":"index"}]}]