[{"$i":"contacts","$v":"संपर्क"},{"$i":"view","$v":"आलोकन"},{"$i":"no-contacts","$v":"कोनो कांटेक्ट नै"},{"$i":"reading-contacts","$v":"कांटेक्ट लोड भ रहल छै"},{"$i":"start-adding","$v":"नया कांटेक्ट जोरैई लेल न्यू कांटेक्ट के दाबू."},{"$i":"no-contact-available","$v":"कोनो कांटेक्ट उपलब्ध नहि अछि"},{"$i":"ok","$v":"ओके"},{"$i":"no-phone-number-to-dial","$v":"डायल करेई लेल कोनो नंबर नै"},{"$i":"move","$v":"आगू बढ़ू"},{"$i":"copy","$v":"कॉपी करू"},{"$i":"copy-contacts","$v":"संपर्क के कॉपी करू"},{"$i":"move-contacts","$v":"संपर्क के आगू बढ़ाऊ"},{"$i":"phone-memory","$v":"फोन मेमोरी"},{"$i":"sim-memory","$v":"सिम मेमोरी"},{"$i":"move-from","$v":"सँ बढ़ाऊ"},{"$i":"to","$v":"वास्‍ते"},{"$i":"move-contacts-progressing","$v":"संपर्क बढि़ रहल अछि ..."},{"$i":"copy-contacts-progressing","$v":"संपर्क कॉपी भ रहल अछि..."},{"$i":"contact-move-to-sim","$v":[{"t":"idOrVar","v":"migrated"}," संपर्क सिम मे चल गेल"]},{"$i":"contact-copy-to-sim","$v":[{"t":"idOrVar","v":"migrated"}," संपर्क सिम मे कॉपी भ गेल"]},{"$i":"contact-move-to-sim0","$v":[{"t":"idOrVar","v":"migrated"}," संपर्क सिम 1 मे चल गेल"]},{"$i":"contact-copy-to-sim0","$v":[{"t":"idOrVar","v":"migrated"}," संपर्क सिम1 मे कॉपी भ गेल"]},{"$i":"contact-move-to-sim1","$v":[{"t":"idOrVar","v":"migrated"}," संपर्क सिम2 मे चल गेल"]},{"$i":"contact-copy-to-sim1","$v":[{"t":"idOrVar","v":"migrated"}," संपर्क सिम 2में कॉपी भ गेल"]},{"$i":"contact-move-to-device","$v":[{"t":"idOrVar","v":"migrated"}," संपर्क डिवाइस मे चल गेल"]},{"$i":"contact-copy-to-device","$v":[{"t":"idOrVar","v":"migrated"}," संपर्क डिवाइस मे कॉपी भ गेल"]},{"$i":"copy-contact-failed","$v":"संपर्क के कॉपी विफल भ गेल"},{"$i":"move-contact-failed","$v":"संपर्क के कॉपी विफल भ गेल"},{"$i":"contact-copy-error-sim-full","$v":"सिम कॉर्ड भरल अछि ताहि सँ संपर्क के कॉपी पूर्ण नहि भ सकल"},{"$i":"contact-copy-error-unknown","$v":"अज्ञात त्रुटि के कारण संपर्क के कॉपी पूर्ण नहि भ सकल"},{"$i":"contact-move-error-sim-full","$v":"सिम कॉर्ड भरल अछि ताहि सँ संपर्क संपर्क आगू नहि बढि़ सकल."},{"$i":"contact-move-error-unknown","$v":"अज्ञात त्रुटि के कारण संपर्क आगू नहि बढि़ सकल ."},{"$i":"memory","$v":"मेमोरी"},{"$i":"phone-and-sim","$v":"फोन आ सिम"},{"$i":"phone","$v":"फोन"},{"$i":"sim","$v":"सिम"},{"$i":"reloading-contact","$v":"संपर्क फेर सँ लोड भ रहल अछि..."},{"$i":"contact-reloaded","$v":"संपर्क फेर सँ लोड भ गेल"},{"$i":"message","$v":"संदेश"},{"$i":"find-duplicate-contacts","$v":"डुप्‍लीकेट संपर्क खोजू"},{"$i":"no-duplicate-contact-found","$v":"कोनो डुप्लीकेट कांटेक्ट पैल गेल्लै"},{"$i":"change-saved","$v":"चेंज सेव्ड"},{"$i":"contact-updated","$v":"संपर्क अपडेट भ गेल"},{"$i":"already-ice-contact","$v":"ई संपर्क पहिने सँ ICE  संपर्क अछि"},{"$i":"callAirplaneModeTitle","$v":"एयरप्लेन मोड सक्रिय"},{"$i":"callAirplaneModeMessage","$v":"कॉल करेई लेल आहां क एयरप्लेन मोड निष्क्रिय करअ परत."},{"$i":"emergencyDialogTitle","$v":"कुनू नेटवर्क कनेक्‍शन नाहिं"},{"$i":"emergencyDialogBodyBadNumber","$v":"कॉल करेई लेल फ़ोन नेटवर्क सने कनेक्टेड रहबाक चाहि."},{"$i":"emergencyDialogBodyDeviceNotAccepted","$v":"नेटवर्क द्वारा इमरजेंसी कॉल करई क अनुमति नै छै."},{"$i":"invalidNumberToDialTitle","$v":"अमान्य फ़ोन नंबर"},{"$i":"invalidNumberToDialMessage","$v":"जे फ़ोन नंबर पर आहां कॉल करेई छियेइ से मान्य नै छै."},{"$i":"emergency-call-only","$v":"इमरजेंसी कॉल मात्र"},{"$i":"emergency-call-error","$v":[{"t":"idOrVar","v":"number"}," आपातकालीन नंबर नै छै."]},{"$i":"numberIsBusyTitle","$v":"नंबर व्यस्त छै"},{"$i":"numberIsBusyMessage","$v":"नंबर व्यस्त छै दुबारा स कोसिस करू बाद में."},{"$i":"fdnIsActiveTitle","$v":"FDN सक्रिय"},{"$i":"fdnIsActiveMessage","$v":["एफडीएन (फिक्स्ड डायलइंग नंबर्स ) सक्रिय अछि आ निम्न नंबर अहॉंक एफडीएन सूची मे नहि अछि ",{"t":"idOrVar","v":"number"}]},{"$i":"otherConnectionInUseTitle","$v":"दोसर कनेक्शन प्रयोग में छै"},{"$i":"otherConnectionInUseMessage","$v":"दोसर कनेक्शन पर एकटा सक्रिय कॉल छै एक बेर में एक्के टा कनेक्शन आहां प्रयोग क सकैई छियै."},{"$i":"GenericFailure","$v":"जेनेरिक फेलियर"},{"$i":"scCallBarring","$v":"कॉल बारिंग"},{"$i":"scCallForwarding","$v":"कॉल फोर्वार्डिंग"},{"$i":"scClip","$v":"इनकमिंग कॉलर ID"},{"$i":"scClir","$v":"आउटगोइंग कॉलर ID"},{"$i":"scPwd","$v":"पासवर्ड परिवर्तन"},{"$i":"scCallWaiting","$v":"प्रतीक्षारत कॉल"},{"$i":"scPin","$v":"पिन परिवर्तन"},{"$i":"scPin2","$v":"पिन2 बदलल गेल"},{"$i":"scPuk","$v":"अनब्लॉक पिन"},{"$i":"scPuk2","$v":"अनब्लॉक पिन 2"},{"$i":"scImei","$v":"IMEI"},{"$i":"scMeid","$v":"MEID"},{"$i":"scUssd","$v":"USSD"},{"$i":"set-speed-dial","$v":"स्पीड डायल संपर्क सेट करू"},{"$i":"empty","$v":"खाली"},{"$i":"voicemail","$v":"वाय्समेल"},{"$i":"speed-dial","$v":"स्‍पीड डायल"},{"$i":"add","$v":"जोड़ू"},{"$i":"replace","$v":"स्‍थानापन्‍न"},{"$i":"remove-from-speed-dial","$v":"स्पीड डायल से हटाऊ"},{"$i":"custom-dialog-replace-speed-dial","$v":["अहॉं ",{"t":"idOrVar","v":"oldSpeedDial"}," क स्पीड डायल ",{"t":"idOrVar","v":"newSpeedDial"}," सँ बदला करै चाहै छी ?"]},{"$i":"custom-dialog-remove-speed-dial","$v":["आहां ",{"t":"idOrVar","v":"name"}," क स्पीड डायल से हटबअ चाहै छियै"]},{"$i":"voice-mail","$v":"वौइस् मेल"},{"$i":"voice-mail-number","$v":"वौइस् मेल नंबर"},{"$i":"voice-mail-number-updated","$v":"वॉयसमेल नंबर अपडेटेड"},{"$i":"found-duplicates-message","$v":"निम्‍नलिखित संपर्क में डुप्‍लीकेट सूचना पाएल गेल अछि, अहॉं मर्ज करअ चाहै छी"},{"$i":"confirm-to-merge-contacts","$v":["नाम ",{"t":"idOrVar","v":"name"}," कें संग ",{"t":"idOrVar","v":"n"}," अहाँ सम्पर्क क मर्ज़ करै चाहैत छी ?"]},{"$i":"merge","$v":"मर्ज"},{"$i":"contact-merged","$v":"संपर्क मर्ज भ गेल"},{"$i":"add-favorite","$v":"फेवरेट क रूप में जोरू"},{"$i":"remove-favorite","$v":"उन्फेवोरिट"},{"$i":"favorite-contacts","$v":"पसंदीदा सम्पर्क"},{"$i":"sort-contacts","$v":"सॉर्ट कॉन्टेक्ट्स"},{"$i":"sort-by-first-name","$v":"पहिल नाम सँ छांटू"},{"$i":"sort-by-last-name","$v":"आखिरी नाम सँ छांटू"},{"$i":"no-support-open-multi-vcard","$v":"मल्टीप्ल कांटेक्ट के संग vcard नहि खुइज सकत"},{"$i":"sdcard","$v":"मेमोरी कार्ड"},{"$i":"simcard","$v":"सिम कार्ड"},{"$i":"import-contacts","$v":"इम्पोर्ट कॉन्टेक्ट्स"},{"$i":"simContacts-error","$v":"सिम से कांटेक्ट इम्पोर्ट नै भ सकल"},{"$i":"memoryCardContacts-error","$v":"मेमोरी कार्ड सँ संपर्क इम्पोर्ट नहि भ सकल"},{"$i":"simContacts-reading","$v":"सिम कार्ड से कांटेक्ट पइढ रहल छि"},{"$i":"memoryCardContacts-reading","$v":"मेमोरी कार्ड से कांटेक्ट पइढ रहल छि"},{"$i":"importContactsTitle","$v":"इम्पोर्ट कॉन्टेक्ट्स"},{"$i":"retry","$v":"पुनर्प्रयास"},{"$i":"noSimMsg","$v":"संपर्क एक्सपोर्ट करेई लेल सिम कार्ड लगाउ या अनलॉक करू"},{"$i":"noSdcardMsg","$v":"कांटेक्ट इम्पोर्ट करबाक लेल मेमोरी कार्ड डालू"},{"$i":"not-imported","$v":"नॉट इम्पोर्टेड"},{"$i":"imported","$v":"इम्पोर्टेड"},{"$i":"importing","$v":"इम्पोर्ट भ रहल अछि"},{"$i":"contact-imported","$v":["आयातित ",{"t":"idOrVar","v":"imported"}," संपर्क. ",{"t":"idOrVar","v":"dupes"}," संपर्क जूरल"]},{"$i":"reading-contacts-from-sim","$v":"सिम कार्ड सँ कांटेक्ट पढ़ल गेल"},{"$i":"reading-contacts-from-gmail","$v":"जीमेल से कांटेक्ट पइढ रहल छि.."},{"$i":"reading-contacts-from-live","$v":"आउटलुक से कांटेक्ट पइढ रहल छि.."},{"$i":"reading-contacts-from-sd","$v":"मेमोरी कार्ड सँ कांटेक्ट पढ़ल गेल"},{"$i":"reading-contacts-from-vcard","$v":"फ़ाइल सँ कांटेक्ट पढ़ल जा रहल अछि"},{"$i":"importing-contacts-from-sim","$v":"सिम कार्ड से कॉन्टेक्ट्स इम्पोर्ट भ रहल छै.."},{"$i":"importing-contacts-from-gmail","$v":"Gmail से कॉन्टेक्ट्स इम्पोर्ट भ रहल छै.."},{"$i":"importing-contacts-from-live","$v":"आउटलुक से कॉन्टेक्ट्स इम्पोर्ट भ रहल छै.."},{"$i":"importing-contacts-from-sd","$v":"मेमोरी कार्ड से कॉन्टेक्ट्स इम्पोर्ट भ रहल छै.."},{"$i":"importing-contacts-from-vcard","$v":"फाइल सँ कॉन्टेक्ट्स इम्पोर्ट करैत अछि"},{"$i":"connect-network-to-import","$v":"कॉन्टेक्ट्स क इम्पोर्ट करै के लेल,WiFi अथवा डेटा नेटवर्क सँ कनेक्ट करू."},{"$i":"export","$v":"एक्सपोर्ट"},{"$i":"export-contacts","$v":"एक्सपोर्ट कॉन्टेक्ट्स"},{"$i":"simExport-title","$v":"सिम में एक्सपोर्ट करू"},{"$i":"memoryCardExport-title","$v":"मेमोरी कार्ड में एक्सपोर्ट करू"},{"$i":"btExport-title","$v":"ब्लूटूथ में एक्सपोर्ट करू"},{"$i":"noSimMsgExport","$v":"संपर्क एक्सपोर्ट करबाक लेल सिम कार्ड लगाउ अथवा अनलॉक करू"},{"$i":"bluetoothNoConnection","$v":"कांटेक्ट एक्सपोर्ट करेई लेल ब्लूटूथ डिवाइस कनेक्ट करू."},{"$i":"contact-exported","$v":["निर्यात ",{"t":"idOrVar","v":"exported"}," संपर्क"]},{"$i":"export-contact-failed","$v":"एक्सपोर्ट कॉंटॅक्ट असफल"},{"$i":"contact-export-error-sim-full","$v":"सिम कॉर्ड भरल रहबाक कारण एक्सपोर्ट कॉंटॅक्ट्स पूर्ण नहि भेल."},{"$i":"contact-export-error-unknown","$v":"अज्ञात त्रुटि के कारण एक्सपोर्ट कॉंटॅक्ट्स पूर्ण नहि भेल."},{"$i":"save","$v":"सेव"},{"$i":"back","$v":"पीछा"},{"$i":"givenName","$v":"फर्स्ट नाम"},{"$i":"familyName","$v":"लास्ट नाम"},{"$i":"name","$v":"नाम"},{"$i":"org","$v":"कंपनी"},{"$i":"ringtone","$v":"रिंगटोन"},{"$i":"note","$v":"नोट"},{"$i":"email","$v":"ईमेल"},{"$i":"adr","$v":"पता"},{"$i":"custom","$v":"कस्टम"},{"$i":"confirm-discard-contact-data","$v":"संपर्क सूचना हटि जायत. अहॉं इ संपर्क क सेव करअ चाहै छी ?"},{"$i":"discard","$v":"नामंजूर"},{"$i":"add-others","$v":"दूसर जोडू"},{"$i":"custom-type","$v":"कस्टम टाइप"},{"$i":"input-the-custom-type","$v":"कस्टम प्रकार इनपुट करूँ"},{"$i":"contact-saved","$v":"कांटेक्ट सेव्ड"},{"$i":"are-you-sure-to-delete-field","$v":["आहा निश्चित छि ",{"t":"idOrVar","v":"फील्ड"}," के हटबे लेल?"]},{"$i":"personal","$v":"निजी"},{"$i":"mobile","$v":"मोबाइल"},{"$i":"current","$v":"करंट"},{"$i":"home","$v":"होम"},{"$i":"work","$v":"कार्य"},{"$i":"other","$v":"आन"},{"$i":"fax-home","$v":"फैक्स होम"},{"$i":"fax-office","$v":"फैक्स ऑफिस"},{"$i":"fax-other","$v":"fax अदर"},{"$i":"add-tel","$v":"फ़ोन नंबर जोरू"},{"$i":"add-email","$v":"ईमेल जोरू"},{"$i":"add-ringtone","$v":"रिंगटोन जोरू"},{"$i":"add-adr","$v":"एड्रेस जोरू"},{"$i":"add-bday","$v":"जन्मदिन जोरू"},{"$i":"add-photo","$v":"पिक्चर जोरू"},{"$i":"add-note","$v":"नोट जोरू"},{"$i":"add-org","$v":"कंपनी जोरू"},{"$i":"delete-tel","$v":"फ़ोन नंबर डिलीट करू"},{"$i":"delete-email","$v":"ईमेल डिलीट करू"},{"$i":"delete-ringtone","$v":"रिंगटोन डिलीट करू"},{"$i":"delete-adr","$v":"डिलीट एड्रेस"},{"$i":"delete-bday","$v":"जनमदिन मिटाऊँ"},{"$i":"delete-photo","$v":"तस्‍वीर हटाउ"},{"$i":"delete-note","$v":"डिलीट नोट"},{"$i":"delete-org","$v":"कम्पनी मिटाऊँ"},{"$i":"edit-tel-type","$v":"फ़ोन टाइप सम्पादित करू"},{"$i":"edit-email-type","$v":"ईमेल टाइप सम्पादित करू"},{"$i":"edit-adr-type","$v":"एज एड्रेस टाइप"},{"$i":"edit-bday-type","$v":"जनम दिन क संपादन करू"},{"$i":"replace-photo","$v":"फ़ोटो बदलू"},{"$i":"replace-ringtone","$v":"रिंगटोन बदलू"},{"$i":"mobile-tel","$v":"मोबाइल फ़ोन"},{"$i":"home-tel","$v":"होम फ़ोन"},{"$i":"work-tel","$v":"वर्क फ़ोन"},{"$i":"personal-tel","$v":"व्यक्तिगत फ़ोन"},{"$i":"fax-home-tel","$v":"होम फैक्‍स"},{"$i":"fax-office-tel","$v":"ऑफिस फैक्स"},{"$i":"fax-other-tel","$v":"आन फैक्‍स"},{"$i":"other-tel","$v":"दोसर फ़ोन"},{"$i":"personal-email","$v":"व्यक्तिगत इ-मेल"},{"$i":"work-email","$v":"वर्क इ मेल"},{"$i":"other-email","$v":"दोसर इ-मेल"},{"$i":"custom-email","$v":[{"t":"idOrVar","v":"type"}," ईमेल"]},{"$i":"custom-tel","$v":[{"t":"idOrVar","v":"type"}," फोन"]},{"$i":"personal-adr","$v":"व्यक्तिगत एड्रेस"},{"$i":"current-adr","$v":"करंट एड्रेस"},{"$i":"home-adr","$v":"होम एड्रेस"},{"$i":"work-adr","$v":"वर्क एड्रेस"},{"$i":"custom-adr","$v":[{"t":"idOrVar","v":"type"}," एड्रेस"]},{"$i":"bday","$v":"जन्‍म दिन"},{"$i":"birthday","$v":"जन्‍म दिन"},{"$i":"streetAddress","$v":"सड़क"},{"$i":"locality","$v":"सिटी"},{"$i":"postalCode","$v":"पिन कोड"},{"$i":"countryName","$v":"देश"},{"$i":"region","$v":"राज्य"},{"$i":"no-name","$v":"कोनो नाम नै"},{"$i":"new-contact","$v":"नया कांटेक्ट"},{"$i":"options","$v":"विकल्प"},{"$i":"cancel","$v":"रद्द करू"},{"$i":"settings","$v":"सेटिंग्स"},{"$i":"edit","$v":"संपादन"},{"$i":"share","$v":"साझाकरण"},{"$i":"remove","$v":"हटाउ"},{"$i":"music","$v":"संगीत"},{"$i":"ICEContactsGroup","$v":"ICE कांटेक्ट"},{"$i":"setICEButton","$v":"ICE कांटेक्ट सेट करू"},{"$i":"ICESettingTitle","$v":"ICE कांटेक्ट"},{"$i":"ICEDescription","$v":"\"आपातकाीलन स्थिति में\" कॉल करबाक लेल पांच टा संपर्क जोड़ु"},{"$i":"ICEContact","$v":["ICE संपर्क  ",{"t":"idOrVar","v":"n"}]},{"$i":"ICESelectContact","$v":"A कांटेक्ट चयनित करू"},{"$i":"delete-ice-contact-warning","$v":"आहां ICE कांटेक्ट हटबअ चाहै छियै?"},{"$i":"confirm","$v":"कन्फर्मेशन"},{"$i":"send-message","$v":"मेसेज भेजू"},{"$i":"call","$v":"कॉल"},{"$i":"send-email","$v":"email भेजू"},{"$i":"choose-number","$v":"एकटा नंबर चुनु"},{"$i":"choose-email-adress","$v":"एकटा ईमेल चुनु"},{"$i":"delete","$v":"मिटाउ"},{"$i":"select","$v":"सलेक्‍ट करू"},{"$i":"select-all","$v":"सब चयनित करू"},{"$i":"deselect-all","$v":"सब क अचयनित करी"},{"$i":"deselect","$v":"अचयनित"},{"$i":"selected-contacts","$v":{"zero":"कोनो चयनित नैई","one":[{"t":"idOrVar","v":"n"}," चयनित"],"two":[{"t":"idOrVar","v":"n"}," चयनित"],"few":[{"t":"idOrVar","v":"n"}," चयनित"],"many":[{"t":"idOrVar","v":"n"}," चयनित"],"other":[{"t":"idOrVar","v":"n"}," चयनित"]},"$x":[{"t":"idOrVar","v":"plural"},"n"]},{"$i":"massive-delete","$v":"संपर्क केर मिटाउ"},{"$i":"confirm-contact-delete","$v":"अहॉं इ संपर्क मिटावै चाहैत छी?"},{"$i":"DeletedTxt","$v":{"zero":"डिलीट करई कोनो कांटेक्ट नै","one":"1 कांटेक्ट हटैल गेल्लै","two":[{"t":"idOrVar","v":"n"}," कांटेक्ट हटैल गेल"],"few":[{"t":"idOrVar","v":"n"}," कांटेक्ट हटैल गेल"],"many":[{"t":"idOrVar","v":"n"}," कांटेक्ट हटैल गेल"],"other":[{"t":"idOrVar","v":"n"}," कांटेक्ट हटैल गेल"]},"$x":[{"t":"idOrVar","v":"plural"},"n"]},{"$i":"DeletingContacts","$v":"कॉन्टेक्ट्स डिलीट भ रहल छै"},{"$i":"ContactConfirmDel","$v":{"zero":"डिलीट करई कोनो कांटेक्ट नै","one":"संपर्क 1 हटबु? ई पुनर्प्राप्त नहि कई ज सकत।","two":["हटबु ",{"t":"idOrVar","v":"n"}," संपर्क? ई पुनर्प्राप्त नहि कएल जा सकत।"],"few":["हटबु ",{"t":"idOrVar","v":"n"}," संपर्क? ई पुनर्प्राप्त नहि कएल जा सकत।"],"many":["हटबु ",{"t":"idOrVar","v":"n"}," संपर्क? ई पुनर्प्राप्त नहि कएल जा सकत।"],"other":["हटबु ",{"t":"idOrVar","v":"n"}," संपर्क? ई पुनर्प्राप्त नहि कएल जा सकत।"]},"$x":[{"t":"idOrVar","v":"plural"},"n"]},{"$i":"contact-deleted","$v":[{"t":"idOrVar","v":"n"}," कांटेक्ट हटैल गेल"]},{"$i":"change-will-update-until-restart","$v":"बदलाव अगला बेर अपडेट होएत. कॉन्टेक्ट्स लांच भेल."},{"$i":"transfer-contacts","$v":"ट्रान्सफर कॉन्टेक्ट्स"},{"$i":"contacts-management","$v":"कांटेक्ट प्रबंधन"},{"$i":"no-contacts-found","$v":"कोनो कांटेक्ट नै पैल गेल्लै"},{"$i":"weekday-0-long","$v":"रवि"},{"$i":"weekday-1-long","$v":"सोम दिन"},{"$i":"weekday-2-long","$v":"मंगल दिन"},{"$i":"weekday-3-long","$v":"बुध दिन"},{"$i":"weekday-4-long","$v":"वृहस्‍पति दिन"},{"$i":"weekday-5-long","$v":"शुक्र दिन"},{"$i":"weekday-6-long","$v":"शनि दिन"},{"$i":"weekday-0-short","$v":"सुन"},{"$i":"weekday-1-short","$v":"मन"},{"$i":"weekday-2-short","$v":"ट्यू"},{"$i":"weekday-3-short","$v":"वेद"},{"$i":"weekday-4-short","$v":"थू"},{"$i":"weekday-5-short","$v":"फ्राइडे"},{"$i":"weekday-6-short","$v":"सैट"},{"$i":"month-0-long","$v":"जनुअरी"},{"$i":"month-1-long","$v":"फेब्रुअरी"},{"$i":"month-2-long","$v":"मार्च"},{"$i":"month-3-long","$v":"अप्रैल"},{"$i":"month-4-long","$v":"मई"},{"$i":"month-5-long","$v":"जून"},{"$i":"month-6-long","$v":"जुलाई"},{"$i":"month-7-long","$v":"अगस्त"},{"$i":"month-8-long","$v":"सितम्बर"},{"$i":"month-9-long","$v":"अक्टूबर"},{"$i":"month-10-long","$v":"नवम्बर"},{"$i":"month-11-long","$v":"दिसम्बर"},{"$i":"month-0-genitive","$v":"जनुअरी"},{"$i":"month-1-genitive","$v":"फेब्रुअरी"},{"$i":"month-2-genitive","$v":"मार्च"},{"$i":"month-3-genitive","$v":"अप्रैल"},{"$i":"month-4-genitive","$v":"मई"},{"$i":"month-5-genitive","$v":"जून"},{"$i":"month-6-genitive","$v":"जुलाई"},{"$i":"month-7-genitive","$v":"अगस्त"},{"$i":"month-8-genitive","$v":"सितम्बर"},{"$i":"month-9-genitive","$v":"अक्टूबर"},{"$i":"month-10-genitive","$v":"नवम्बर"},{"$i":"month-11-genitive","$v":"दिसम्बर"},{"$i":"month-0-short","$v":"जन"},{"$i":"month-1-short","$v":"फेब्रुअरी"},{"$i":"month-2-short","$v":"मर"},{"$i":"month-3-short","$v":"एप्र"},{"$i":"month-4-short","$v":"मई"},{"$i":"month-5-short","$v":"जून"},{"$i":"month-6-short","$v":"जुल"},{"$i":"month-7-short","$v":"औग"},{"$i":"month-8-short","$v":"सेप"},{"$i":"month-9-short","$v":"ओक्ट"},{"$i":"month-10-short","$v":"नोव"},{"$i":"month-11-short","$v":"दिसम्बर"},{"$i":"minutes-ago-long","$v":{"zero":"एखन तुरंत","one":"एक मिनट पहिने","two":[{"t":"idOrVar","v":"value"}," मिनट पहिने"],"few":[{"t":"idOrVar","v":"value"}," मिनट पहिने"],"many":[{"t":"idOrVar","v":"value"}," मिनट पहिने"],"other":[{"t":"idOrVar","v":"value"}," मिनट पहिने"]},"$x":[{"t":"idOrVar","v":"plural"},"value"]},{"$i":"hours-ago-long","$v":{"zero":"एखन तुरंत","one":"एक घंटा पहिने","two":[{"t":"idOrVar","v":"value"}," घंटा पहिने"],"few":[{"t":"idOrVar","v":"value"}," घंटा पहिने"],"many":[{"t":"idOrVar","v":"value"}," घंटा पहिने"],"other":[{"t":"idOrVar","v":"value"}," घंटा पहिने"]},"$x":[{"t":"idOrVar","v":"plural"},"value"]},{"$i":"days-ago-long","$v":{"zero":"आई","one":"काल्हि","two":[{"t":"idOrVar","v":"value"}," दिन पहिने"],"few":[{"t":"idOrVar","v":"value"}," दिन पहिने"],"many":[{"t":"idOrVar","v":"value"}," दिन पहिने"],"other":[{"t":"idOrVar","v":"value"}," दिन पहिने"]},"$x":[{"t":"idOrVar","v":"plural"},"value"]},{"$i":"weeks-ago-long","$v":{"zero":"इ हफ्ता","one":"पिछला हफ्ता","two":[{"t":"idOrVar","v":"value"}," हफ्ता पहिने"],"few":[{"t":"idOrVar","v":"value"}," हफ्ता पहिने"],"many":[{"t":"idOrVar","v":"value"}," हफ्ता पहिने"],"other":[{"t":"idOrVar","v":"value"}," हफ्ता पहिने"]},"$x":[{"t":"idOrVar","v":"plural"},"value"]},{"$i":"months-ago-long","$v":{"zero":"इ महिना","one":"पिछला महिना","two":[{"t":"idOrVar","v":"value"}," मास बाद"],"few":[{"t":"idOrVar","v":"value"}," मास बाद"],"many":[{"t":"idOrVar","v":"value"}," मास बाद"],"other":[{"t":"idOrVar","v":"value"}," मास बाद"]},"$x":[{"t":"idOrVar","v":"plural"},"value"]},{"$i":"years-ago-long","$v":{"zero":"इ साल","one":"पिछला साल","two":[{"t":"idOrVar","v":"value"}," साल पहिने"],"few":[{"t":"idOrVar","v":"value"}," साल पहिने"],"many":[{"t":"idOrVar","v":"value"}," साल पहिने"],"other":[{"t":"idOrVar","v":"value"}," साल पहिने"]},"$x":[{"t":"idOrVar","v":"plural"},"value"]},{"$i":"minutes-until-long","$v":{"zero":"एखन","one":"एक मिनट में","two":[{"t":"idOrVar","v":"value"}," मिनट में"],"few":[{"t":"idOrVar","v":"value"}," मिनट में"],"many":[{"t":"idOrVar","v":"value"}," मिनट में"],"other":[{"t":"idOrVar","v":"value"}," मिनट में"]},"$x":[{"t":"idOrVar","v":"plural"},"value"]},{"$i":"hours-until-long","$v":{"zero":"एखन","one":"एक घंटा में","two":[{"t":"idOrVar","v":"value"}," घंटा में"],"few":[{"t":"idOrVar","v":"value"}," घंटा में"],"many":[{"t":"idOrVar","v":"value"}," घंटा में"],"other":[{"t":"idOrVar","v":"value"}," घंटा में"]},"$x":[{"t":"idOrVar","v":"plural"},"value"]},{"$i":"days-until-long","$v":{"zero":"आई","one":"काल्हि","two":[{"t":"idOrVar","v":"value"}," दिन में"],"few":[{"t":"idOrVar","v":"value"}," दिन में"],"many":[{"t":"idOrVar","v":"value"}," दिन में"],"other":[{"t":"idOrVar","v":"value"}," दिन में"]},"$x":[{"t":"idOrVar","v":"plural"},"value"]},{"$i":"weeks-until-long","$v":{"zero":"इ हफ्ता","one":"आगु क सप्‍ताह","two":[{"t":"idOrVar","v":"value"}," हफ्ता में"],"few":[{"t":"idOrVar","v":"value"}," हफ्ता में"],"many":[{"t":"idOrVar","v":"value"}," हफ्ता में"],"other":[{"t":"idOrVar","v":"value"}," हफ्ता में"]},"$x":[{"t":"idOrVar","v":"plural"},"value"]},{"$i":"months-until-long","$v":{"zero":"इ महिना","one":"अगला महिना","two":[{"t":"idOrVar","v":"value"}," मास मे"],"few":[{"t":"idOrVar","v":"value"}," मास मे"],"many":[{"t":"idOrVar","v":"value"}," मास मे"],"other":[{"t":"idOrVar","v":"value"}," मास मे"]},"$x":[{"t":"idOrVar","v":"plural"},"value"]},{"$i":"years-until-long","$v":{"zero":"इ साल","one":"अगला साल","two":[{"t":"idOrVar","v":"value"}," साल मे"],"few":[{"t":"idOrVar","v":"value"}," साल मे"],"many":[{"t":"idOrVar","v":"value"}," साल मे"],"other":[{"t":"idOrVar","v":"value"}," साल मे"]},"$x":[{"t":"idOrVar","v":"plural"},"value"]},{"$i":"minutes-ago-short","$v":{"zero":"एखन तुरंत","other":[{"t":"idOrVar","v":"value"}," म पहिने"]},"$x":[{"t":"idOrVar","v":"plural"},"value"]},{"$i":"hours-ago-short","$v":{"zero":"एखन तुरंत","other":[{"t":"idOrVar","v":"value"}," h पहिने"]},"$x":[{"t":"idOrVar","v":"plural"},"value"]},{"$i":"days-ago-short","$v":{"zero":"आई","other":[{"t":"idOrVar","v":"value"},"d पहिने"]},"$x":[{"t":"idOrVar","v":"plural"},"value"]},{"$i":"minutes-until-short","$v":{"zero":"एखन","other":[{"t":"idOrVar","v":"value"}," m"]},"$x":[{"t":"idOrVar","v":"plural"},"value"]},{"$i":"hours-until-short","$v":{"zero":"एखन","other":[{"t":"idOrVar","v":"value"},"h"]},"$x":[{"t":"idOrVar","v":"plural"},"value"]},{"$i":"days-until-short","$v":{"zero":"आई","other":[{"t":"idOrVar","v":"value"}," d"]},"$x":[{"t":"idOrVar","v":"plural"},"value"]},{"$i":"incorrectDate","$v":"( गलत तारीख)"},{"$i":"dateTimeFormat_%c","$v":"%a %b %e %Y %I:%M:%S %p"},{"$i":"dateTimeFormat_%x","$v":"%m/%d/%Y"},{"$i":"dateTimeFormat_%X","$v":"%I:%M:%S %p"},{"$i":"shortTimeFormat","$v":"%I:%M %p"},{"$i":"shortTimeFormat12","$v":"%I:%M %p"},{"$i":"shortTimeFormat24","$v":"%H:%M"},{"$i":"shortDateTimeFormat","$v":"%x %I:%M %p"},{"$i":"weekStartsOnMonday","$v":"0"},{"$i":"firstDayOfTheWeek","$v":"0"},{"$i":"time_am","$v":"AM"},{"$i":"time_pm","$v":"PM"},{"$i":"sim-with-index-and-carrier","$v":["सिम ",{"t":"idOrVar","v":"index"},"-",{"t":"idOrVar","v":"carrier"}]},{"$i":"sim-without-carrier","$v":["सिम ",{"t":"idOrVar","v":"index"}]}]