[{"$i":"contacts","$v":"सम्पर्कहरू"},{"$i":"view","$v":"हेर्नुहोस्"},{"$i":"no-contacts","$v":"कुनै सम्पर्कहरू छैनन्"},{"$i":"reading-contacts","$v":"सम्पर्कहरु लोड हुँदै"},{"$i":"start-adding","$v":"नयाँ सम्पर्कमा थप्न सम्पर्कहरू थिच्नुहोस्।"},{"$i":"no-contact-available","$v":"कुनै सम्पर्क उपलब्ध छैन"},{"$i":"ok","$v":"ठीक छ"},{"$i":"no-phone-number-to-dial","$v":"डायल गर्नको लागि फोन नम्बर छैन"},{"$i":"move","$v":"सार्नुहोस्"},{"$i":"copy","$v":"प्रतिलिपि बनाउनुहोस्"},{"$i":"copy-contacts","$v":"सम्पर्कहरू प्रतिलिपि गर्नुहोस्"},{"$i":"move-contacts","$v":"सम्पर्कहरू सार्नुहोस्"},{"$i":"phone-memory","$v":"फोन मेमोरी"},{"$i":"sim-memory","$v":"सिम मेमोरी"},{"$i":"move-from","$v":"बाट सार्नुहोस्"},{"$i":"to","$v":"सम्म"},{"$i":"move-contacts-progressing","$v":"सम्पर्क(हरू) सार्ने...."},{"$i":"copy-contacts-progressing","$v":"सम्पर्क(हरू)को प्रतिलिपि बनाउने.."},{"$i":"contact-move-to-sim","$v":[{"t":"idOrVar","v":"migrated"}," सम्पर्क(हरू) लाई सिममा सारियो"]},{"$i":"contact-copy-to-sim","$v":[{"t":"idOrVar","v":"migrated"}," सम्पर्क(हरू) को सिममा प्रतिलिपि बनाइयो"]},{"$i":"contact-move-to-sim0","$v":[{"t":"idOrVar","v":"migrated"}," सम्पर्क(हरू) लाई सिम 1 मा सारियो"]},{"$i":"contact-copy-to-sim0","$v":[{"t":"idOrVar","v":"migrated"}," सम्पर्क(हरू) को सिम 1 मा प्रतिलिपि बनाइयो"]},{"$i":"contact-move-to-sim1","$v":[{"t":"idOrVar","v":"migrated"}," सम्पर्क(हरू) लाई सिम 2 मा सारियो"]},{"$i":"contact-copy-to-sim1","$v":[{"t":"idOrVar","v":"migrated"}," सम्पर्क(हरू) को सिम 2 मा प्रतिलिपि बनाइयो"]},{"$i":"contact-move-to-device","$v":[{"t":"idOrVar","v":"migrated"}," सम्पर्क(हरू) लाई यन्त्रमा सारियो"]},{"$i":"contact-copy-to-device","$v":[{"t":"idOrVar","v":"migrated"}," सम्पर्क(हरू) को यन्त्रमा प्रतिलिपि बनाइयो"]},{"$i":"copy-contact-failed","$v":"सम्पर्क प्रतिलिपि बनाउने असफल भयो"},{"$i":"move-contact-failed","$v":"सम्पर्क प्रतिलिपि बनाउने असफल भयो"},{"$i":"contact-copy-error-sim-full","$v":"सिम कार्ड पूर्ण भएकोले सम्पर्कहरू प्रतिलिपि बनाउने पूरा भएन।"},{"$i":"contact-copy-error-unknown","$v":"अज्ञात त्रुटिका कारणले सम्पर्कहरू प्रतिलिपि बनाउने पूरा भएन।"},{"$i":"contact-move-error-sim-full","$v":"सिम कार्ड पूर्ण भएकोले सम्पर्कहरू सार्ने पूरा भएन।"},{"$i":"contact-move-error-unknown","$v":"अज्ञात त्रुटिका कारणले सम्पर्कहरू सार्ने पूरा भएन।"},{"$i":"memory","$v":"मेमोरी"},{"$i":"phone-and-sim","$v":"फोन र सिम"},{"$i":"phone","$v":"फोन"},{"$i":"sim","$v":"SIM"},{"$i":"reloading-contact","$v":"सम्पर्कहरू रिलोड गर्दै.."},{"$i":"contact-reloaded","$v":"सम्पर्कहरू रिलोड गरियो"},{"$i":"message","$v":"सन्देश"},{"$i":"find-duplicate-contacts","$v":"नक्कली सम्पर्कहरू पत्ता लगाउनुहोस्"},{"$i":"no-duplicate-contact-found","$v":"प्रतिलिपि सम्पर्कहरू फेला परेनन्"},{"$i":"change-saved","$v":"परिवर्तन बचत गरियो"},{"$i":"contact-updated","$v":"सम्पर्क अद्यावधिक भयो"},{"$i":"already-ice-contact","$v":"यो सम्पर्क पहिले नै ICE सम्पर्क हो"},{"$i":"callAirplaneModeTitle","$v":"विमान मोड सक्रिय भयो"},{"$i":"callAirplaneModeMessage","$v":"सम्पर्क राख्न चाहनु हुन्छ भनी तपाईंले सेटिङहरूमा गएर हवाइजहाज मोडलाई असक्षम गर्नुपर्छ"},{"$i":"emergencyDialogTitle","$v":"नेटवर्क जडान छैन"},{"$i":"emergencyDialogBodyBadNumber","$v":"सम्पर्क राख्न चाहनु हुन्छ भनि फोनलाई नेटवर्कमा जडान गरिएको हुनुपर्छ"},{"$i":"emergencyDialogBodyDeviceNotAccepted","$v":"आपतकालीन कलहरू नेटवर्कद्वारा अनुमति छैन्।"},{"$i":"invalidNumberToDialTitle","$v":"अवैधानिक फोन नम्बर"},{"$i":"invalidNumberToDialMessage","$v":"तपाईंले सम्पर्क गर्नु भएको फोन उपलब्ध छैन्"},{"$i":"emergency-call-only","$v":"आपतकालीन कल मात्र"},{"$i":"emergency-call-error","$v":[{"t":"idOrVar","v":"number"}," आकस्मिक नम्बर होइन।"]},{"$i":"numberIsBusyTitle","$v":"नम्बर ब्यस्त छ"},{"$i":"numberIsBusyMessage","$v":"नम्बर हालैमा व्यस्त छ। कृपया पछि फेरि प्रयास गर्नुहोस्।"},{"$i":"fdnIsActiveTitle","$v":"FDN सक्रिय"},{"$i":"fdnIsActiveMessage","$v":["FDN (फिक्स्ड डायलिङ नम्बर) सक्रिय भयो र तपाईंको FDN नम्बर निम्नलिखित सुचीमा छैन्: ",{"t":"idOrVar","v":"number"}]},{"$i":"otherConnectionInUseTitle","$v":"अन्य जडानलाई प्रयोग गर्नुहोस्"},{"$i":"otherConnectionInUseMessage","$v":"तपाईंसँग अर्को जडानमा सक्रिय कल छ। एक पटकमा तपाईंले एउटा मात्र जडान गर्न सक्नुहुन्छ?"},{"$i":"GenericFailure","$v":"जेनेरिक असफलता"},{"$i":"scCallBarring","$v":"कल ब्यारिङ"},{"$i":"scCallForwarding","$v":"कल फोरवार्डिङ"},{"$i":"scClip","$v":"आगमन कलर ID"},{"$i":"scClir","$v":"बाहिरिने कलर ID"},{"$i":"scPwd","$v":"पासवर्ड परिवर्तन"},{"$i":"scCallWaiting","$v":"कल प्रतिक्षा"},{"$i":"scPin","$v":"PIN परिवर्तन"},{"$i":"scPin2","$v":"PIN2 परिवर्तन"},{"$i":"scPuk","$v":"PIN अनब्लक गर्नुहोस्"},{"$i":"scPuk2","$v":"PIN2 अनब्लक गर्नुहोस्"},{"$i":"scImei","$v":"IMEI"},{"$i":"scMeid","$v":"MEID"},{"$i":"scUssd","$v":"USSD"},{"$i":"set-speed-dial","$v":"स्पिड डायल सम्पर्कहरू सेट गर्नुहोस्"},{"$i":"empty","$v":"खाली"},{"$i":"voicemail","$v":"भ्वाइस मेल"},{"$i":"speed-dial","$v":"द्रूत डायल"},{"$i":"add","$v":"थप्नुहोस्"},{"$i":"replace","$v":"प्रतिस्थापन गर्नुहोस्"},{"$i":"remove-from-speed-dial","$v":"स्पिड डायलबाट हटाउनुहोस्"},{"$i":"custom-dialog-replace-speed-dial","$v":["तपाईं निश्चित रूपमा ",{"t":"idOrVar","v":"newSpeedDial"}," सँग ",{"t":"idOrVar","v":"oldSpeedDial"}," स्पीड डायल बदल्न चाहनुहुन्छ?"]},{"$i":"custom-dialog-remove-speed-dial","$v":["तपाईं निश्चित रूपमा स्पीड डायलबाट ",{"t":"idOrVar","v":"name"}," हटाउन चाहनुहुन्छ?"]},{"$i":"voice-mail","$v":"भ्वाइस मेल"},{"$i":"voice-mail-number","$v":"भ्वाइस मेल नम्बर"},{"$i":"voice-mail-number-updated","$v":"भ्वाइस मेल नम्बरलाई अद्यावधिक गरियो"},{"$i":"found-duplicates-message","$v":"निम्नलिखित सम्पर्कहरूमा प्रतिलिपि जानकारी फेला परेका छन्। तपाईंले मर्ज गर्न चाहनुहुन्छ?"},{"$i":"confirm-to-merge-contacts","$v":["तपाईं ",{"t":"idOrVar","v":"name"}," सँग ",{"t":"idOrVar","v":"n"}," सम्पर्कहरूलाई मर्ज गर्न सुनिश्चित हुनुहुन्छ?"]},{"$i":"merge","$v":"मर्ज गर्नुहोस्"},{"$i":"contact-merged","$v":"सम्पर्क मर्ज गरियो"},{"$i":"add-favorite","$v":"मनपर्ने रूपमा थप्नुहोस्"},{"$i":"remove-favorite","$v":"मनपर्नेबाट हटाउनुहोस्"},{"$i":"favorite-contacts","$v":"मनपर्ने सम्पर्कहरू"},{"$i":"sort-contacts","$v":"सम्पर्कहरू क्रमबद्ध गर्नुहोस्"},{"$i":"sort-by-first-name","$v":"पहिलो नामद्वारा क्रमबद्ध गर्नुहोस्"},{"$i":"sort-by-last-name","$v":"अन्तिम नामद्वारा क्रमबद्ध गर्नुहोस्"},{"$i":"no-support-open-multi-vcard","$v":"बहु सम्पर्कहरूसँग vCard खोल्न सकिंदैन"},{"$i":"sdcard","$v":"मेमोरी कार्ड"},{"$i":"simcard","$v":"SIM कार्ड"},{"$i":"import-contacts","$v":"सम्पर्कहरू आयात गर्नुहोस्"},{"$i":"simContacts-error","$v":"SIM बाट सम्पर्कहरू आयत गर्न सकिएन"},{"$i":"memoryCardContacts-error","$v":"मेमोरीबाट सम्पर्कहरू आयात गर्न सकिदैन"},{"$i":"simContacts-reading","$v":"SIM कार्डबाट पढ्दै"},{"$i":"memoryCardContacts-reading","$v":"मेमोरी कार्डबाट सम्पर्कहरू पढ्दै"},{"$i":"importContactsTitle","$v":"सम्पर्कहरू आयात गर्नुहोस्"},{"$i":"retry","$v":"पुनःप्रयास गर्नुहोस्"},{"$i":"noSimMsg","$v":"सम्पर्कहरूलाई आयात गनको लागि तपाईको SIM कार्ड अनलक वा सम्मिलित गर्नुहोस्"},{"$i":"noSdcardMsg","$v":"सम्पर्कहरू आयात गर्नको लागि मेमोरी कार्ड घुसाउनुहोस्"},{"$i":"not-imported","$v":"आयात गरिएको छैन"},{"$i":"imported","$v":"आयात गरियो"},{"$i":"importing","$v":"आयात गर्दै"},{"$i":"contact-imported","$v":["आयात गरिएका ",{"t":"idOrVar","v":"imported"}," सम्पर्कहरू. ",{"t":"idOrVar","v":"dupes"}," सम्पर्कहरूलाई मर्ज गरियो"]},{"$i":"reading-contacts-from-sim","$v":"SIM कार्डका सम्पर्कहरू पढ्दै..."},{"$i":"reading-contacts-from-gmail","$v":"जिमेलबाट सम्पर्कहरू पढ्दै.."},{"$i":"reading-contacts-from-live","$v":"आउटलुकबाट सम्पर्कहरू पढ्दै.."},{"$i":"reading-contacts-from-sd","$v":"मेमोरी कार्डका सम्पर्कहरू पढ्दै...."},{"$i":"reading-contacts-from-vcard","$v":"फाइलका सम्पर्कहरू पढ्दै..."},{"$i":"importing-contacts-from-sim","$v":"SIM कार्डबाट आयात गरिँदै.."},{"$i":"importing-contacts-from-gmail","$v":"जिमेलबाट सम्पर्कहरू आयात गरिँदै.."},{"$i":"importing-contacts-from-live","$v":"आउटलुकबाट सम्पर्कहरू आयात गरिँदै.."},{"$i":"importing-contacts-from-sd","$v":"मेमोरी कार्डबाट सम्पर्कहरू आयात गरिँदै.."},{"$i":"importing-contacts-from-vcard","$v":"फाइलबाट सम्पर्कहरूलाई आयात गर्दै..."},{"$i":"connect-network-to-import","$v":"सम्पर्कहरूलाई आयात गर्नको लागि WiFi वा डेटा नेटवर्कमा जडान गर्नुहोस्"},{"$i":"export","$v":"निर्यात"},{"$i":"export-contacts","$v":"सम्पर्कहरू निर्यात गर्नुहोस्"},{"$i":"simExport-title","$v":"SIM मा निर्यात गर्नुहोस्"},{"$i":"memoryCardExport-title","$v":"मेमोरी कार्डमा निर्यात गर्नुहोस्"},{"$i":"btExport-title","$v":"ब्लुटुथमा निर्यात गर्नुहोस्"},{"$i":"noSimMsgExport","$v":"सम्पर्कहरूलाई निर्यात गनको लागि तपाईको SIM कार्ड अनलक वा सम्मिलित गर्नुहोस्"},{"$i":"bluetoothNoConnection","$v":"सम्पर्कहरूलाई निर्यात गनर्को लागि यन्त्रमा ब्लुटुथ जडान गर्नुहोस्"},{"$i":"contact-exported","$v":["निर्यात गरिएका ",{"t":"idOrVar","v":"exported"}," सम्पर्कहरू"]},{"$i":"export-contact-failed","$v":"सम्पर्क निर्यात असफल भयो"},{"$i":"contact-export-error-sim-full","$v":"सिम कार्ड पूर्ण भएकोले सम्पर्कहरू निर्यात पूरा भएन।"},{"$i":"contact-export-error-unknown","$v":"अज्ञात त्रुटिका कारणले सम्पर्कहरू निर्यात पूरा भएन।"},{"$i":"save","$v":"सुरक्षित गर्नुहोस्"},{"$i":"back","$v":"पछाडि"},{"$i":"givenName","$v":"पहिलो नाम"},{"$i":"familyName","$v":"अन्तिम नाम"},{"$i":"name","$v":"नाम"},{"$i":"org","$v":"कम्पनी"},{"$i":"ringtone","$v":"रिङटोन"},{"$i":"note","$v":"टिप्पणी"},{"$i":"email","$v":"इमेल"},{"$i":"adr","$v":"ठेगाना"},{"$i":"custom","$v":"अनुकूलन"},{"$i":"confirm-discard-contact-data","$v":"सम्पर्क जानकारी असक्षम बनाइनेछ। तपाईं यस सम्पर्कलाई बचत गर्न चाहनुहुन्छ?"},{"$i":"discard","$v":"त्याग्नुहोस्"},{"$i":"add-others","$v":"अन्य थप्नुहोस्"},{"$i":"custom-type","$v":"कस्टम प्रकार"},{"$i":"input-the-custom-type","$v":"कृपया अनुकूलनको प्रकार इन्पुट गर्नुहोस्"},{"$i":"contact-saved","$v":"बचत गरिएका सम्पर्क"},{"$i":"are-you-sure-to-delete-field","$v":["तपाईं ",{"t":"idOrVar","v":"field"}," मेट्न सुनिश्चित हुनुहुन्छ?"]},{"$i":"personal","$v":"व्यक्तिगत"},{"$i":"mobile","$v":"मोबाइल"},{"$i":"current","$v":"हालको"},{"$i":"home","$v":"गृह"},{"$i":"work","$v":"काम"},{"$i":"other","$v":"अन्य"},{"$i":"fax-home","$v":"फ्याक्स गृह"},{"$i":"fax-office","$v":"फ्याक्स अफिस"},{"$i":"fax-other","$v":"अन्य फ्याक्स गर्नुहोस्"},{"$i":"add-tel","$v":"फोन नम्बर थप्नुहोस्"},{"$i":"add-email","$v":"इमेल थप्नुहोस्"},{"$i":"add-ringtone","$v":"रिङ्गटोन थप्नुहोस्"},{"$i":"add-adr","$v":"ठेगाना थप्नुहोस्"},{"$i":"add-bday","$v":"जन्मदिन थप्नुहोस्"},{"$i":"add-photo","$v":"तस्विर थप्नुहोस्"},{"$i":"add-note","$v":"नोट थप्नुहोस्"},{"$i":"add-org","$v":"कम्पनी थप्नुहोस्"},{"$i":"delete-tel","$v":"फोन नम्बर हटाउनुहोस्"},{"$i":"delete-email","$v":"इमेलहरू हटाउनुहोस्"},{"$i":"delete-ringtone","$v":"रिङटोन हटाउनुहोस्"},{"$i":"delete-adr","$v":"ठेगाना मेटाउनुहोस्"},{"$i":"delete-bday","$v":"जन्मदिन मेटाउनुहोस्"},{"$i":"delete-photo","$v":"तस्वीर हटाउनुहोस्"},{"$i":"delete-note","$v":"नोट मेटाउनुहोस्"},{"$i":"delete-org","$v":"कम्पनी मेटाउनुहोस्"},{"$i":"edit-tel-type","$v":"फोनको प्रकार सम्पादन गर्नुहोस्"},{"$i":"edit-email-type","$v":"इमेलको प्रकार सम्पादन गर्नुहोस्"},{"$i":"edit-adr-type","$v":"ठेगानाको प्रकार सम्पादन गर्नुहोस्"},{"$i":"edit-bday-type","$v":"जन्मदिन सम्पादन गर्नुहोस्"},{"$i":"replace-photo","$v":"फोटो बदल्नुहोस्"},{"$i":"replace-ringtone","$v":"रिङटोन परिवर्तन गर्नुहोस्"},{"$i":"mobile-tel","$v":"मोबाइ फोन"},{"$i":"home-tel","$v":"गृह फोन"},{"$i":"work-tel","$v":"कार्यालयको फोन"},{"$i":"personal-tel","$v":"व्यक्तिगत फोन"},{"$i":"fax-home-tel","$v":"घरको फ्याक्स"},{"$i":"fax-office-tel","$v":"अफिस फ्याक्स"},{"$i":"fax-other-tel","$v":"अन्य फ्याक्स"},{"$i":"other-tel","$v":"अन्य फोन"},{"$i":"personal-email","$v":"व्यक्तिगत इमेल"},{"$i":"work-email","$v":"कार्य इमेल"},{"$i":"other-email","$v":"अन्य इमेल"},{"$i":"custom-email","$v":[{"t":"idOrVar","v":"type"}," इ-मेल"]},{"$i":"custom-tel","$v":[{"t":"idOrVar","v":"type"}," फोन"]},{"$i":"personal-adr","$v":"व्यक्तिगत ठेगानाहरू"},{"$i":"current-adr","$v":"हालको ठेगाना"},{"$i":"home-adr","$v":"गृह ठेगाना"},{"$i":"work-adr","$v":"कार्यालय ठेगाना"},{"$i":"custom-adr","$v":[{"t":"idOrVar","v":"type"}," ठेगाना"]},{"$i":"bday","$v":"जन्मदिन"},{"$i":"birthday","$v":"जन्मदिन"},{"$i":"streetAddress","$v":"स्ट्रीट"},{"$i":"locality","$v":"सहर"},{"$i":"postalCode","$v":"पिन कोड"},{"$i":"countryName","$v":"देश"},{"$i":"region","$v":"राज्य"},{"$i":"no-name","$v":"नाम छैन"},{"$i":"new-contact","$v":"नयाँ सम्पर्क"},{"$i":"options","$v":"विकल्पहरू"},{"$i":"cancel","$v":"रद्द गर्नुहोस्"},{"$i":"settings","$v":"सेटिङ्हरू"},{"$i":"edit","$v":"सम्पादन गर्नुहोस्"},{"$i":"share","$v":"साझेदारी"},{"$i":"remove","$v":"हटाउनुहोस्"},{"$i":"music","$v":"संगीत"},{"$i":"ICEContactsGroup","$v":"ICE सम्पर्कहरू"},{"$i":"setICEButton","$v":"ICE सम्पर्कहरू सेट गर्नुहोस्"},{"$i":"ICESettingTitle","$v":"ICE सम्पर्कहरू"},{"$i":"ICEDescription","$v":"आपतकालीन अवस्थाका कलहरू गर्न पाँच सम्पर्कहरू थप्नुहोस्।"},{"$i":"ICEContact","$v":["ICE सम्पर्क ",{"t":"idOrVar","v":"n"}]},{"$i":"ICESelectContact","$v":"सम्पर्क चयन गर्नुहोस्"},{"$i":"delete-ice-contact-warning","$v":"तपाईं निश्चित रूपमा ICE सम्पर्क हटाउन चाहनुहुन्छ  ?"},{"$i":"confirm","$v":"पुष्टिकरण"},{"$i":"send-message","$v":"सन्देश टाइप गर्नुहोस्"},{"$i":"call","$v":"कल गर्नुहोस्"},{"$i":"send-email","$v":"इमेल पठाउनुहोस्"},{"$i":"choose-number","$v":"छान्नुहोस्-नम्बर छान्नुहोस्"},{"$i":"choose-email-adress","$v":"इमेल ठेगाना छान्नुहोस्"},{"$i":"delete","$v":"मेट्नुहोस्"},{"$i":"select","$v":"चयन गर्नुहोस्"},{"$i":"select-all","$v":"सबै चयन गर्नुहोस्"},{"$i":"deselect-all","$v":"सबै चयनलाई रद्द गर्नुहोस्"},{"$i":"deselect","$v":"चयन हटाउनुहोस्"},{"$i":"selected-contacts","$v":{"zero":"कुनै पनि चयन गरिएको छैन","one":[{"t":"idOrVar","v":"n"}," चयन गरियो"],"two":[{"t":"idOrVar","v":"n"}," चयन गरियो"],"few":[{"t":"idOrVar","v":"n"}," चयन गरियो"],"many":[{"t":"idOrVar","v":"n"}," चयन गरियो"],"other":[{"t":"idOrVar","v":"n"}," चयन गरियो"]},"$x":[{"t":"idOrVar","v":"plural"},"n"]},{"$i":"massive-delete","$v":"सम्पर्क मेटाउने हो"},{"$i":"confirm-contact-delete","$v":["तपाईं निश्चित रूपमा सम्पर्क ",{"t":"idOrVar","v":"name"}," मेटाउन चाहनुहुन्छ?"]},{"$i":"DeletedTxt","$v":{"zero":"मेटाउनको लागि सम्पर्क छैन","one":"1 सम्पर्क हटाउनुहोस्","two":[{"t":"idOrVar","v":"n"}," सम्पर्कहरू हटाइयो"],"few":[{"t":"idOrVar","v":"n"}," सम्पर्कहरू हटाइयो"],"many":[{"t":"idOrVar","v":"n"}," सम्पर्कहरू हटाइयो"],"other":[{"t":"idOrVar","v":"n"}," सम्पर्कहरू हटाइयो"]},"$x":[{"t":"idOrVar","v":"plural"},"n"]},{"$i":"DeletingContacts","$v":"सम्पर्कहरू मेटाउनु"},{"$i":"ContactConfirmDel","$v":{"zero":"मेटाउनको लागि सम्पर्क छैन","one":"1 सम्पर्क मेटाउनुहोस्? यसलाई पुन: प्राप्त गर्न सकिदैन।","two":[{"t":"idOrVar","v":"n"}," सम्पर्कहरू मेटाउनुहोस्? यसलाई पुन: प्राप्त गर्न सकिदैन।"],"few":[{"t":"idOrVar","v":"n"}," सम्पर्कहरू मेटाउनुहोस्? यसलाई पुन: प्राप्त गर्न सकिदैन।"],"many":[{"t":"idOrVar","v":"n"}," सम्पर्कहरू मेटाउनुहोस्? यसलाई पुन: प्राप्त गर्न सकिदैन।"],"other":[{"t":"idOrVar","v":"n"}," सम्पर्कहरू मेटाउनुहोस्? यसलाई पुन: प्राप्त गर्न सकिदैन।"]},"$x":[{"t":"idOrVar","v":"plural"},"n"]},{"$i":"contact-deleted","$v":[{"t":"idOrVar","v":"n"}," सम्पर्कहरू हटाइयो"]},{"$i":"change-will-update-until-restart","$v":"अर्को पटक सम्पर्कहरू सुरू हुदा परिवर्तनहरु अद्यावधिक गरिनेछ।"},{"$i":"transfer-contacts","$v":"सम्पर्कहरूलाई स्थानान्तरण गर्नुहोस्"},{"$i":"contacts-management","$v":"सम्पर्कहरूको व्यवस्थापन"},{"$i":"no-contacts-found","$v":"सम्पर्कहरू फेला परेनन्"},{"$i":"weekday-0-long","$v":"आइतबार"},{"$i":"weekday-1-long","$v":"सोमबार"},{"$i":"weekday-2-long","$v":"मङ्गलबार"},{"$i":"weekday-3-long","$v":"बुधबार"},{"$i":"weekday-4-long","$v":"बिहिबार"},{"$i":"weekday-5-long","$v":"शुक्रबार"},{"$i":"weekday-6-long","$v":"शनिबार"},{"$i":"weekday-0-short","$v":"सूर्य"},{"$i":"weekday-1-short","$v":"सोमबार"},{"$i":"weekday-2-short","$v":"मङ्गलबार"},{"$i":"weekday-3-short","$v":"बुधबार"},{"$i":"weekday-4-short","$v":"बिहीबार"},{"$i":"weekday-5-short","$v":"शुक्रबार"},{"$i":"weekday-6-short","$v":"शनिबार"},{"$i":"month-0-long","$v":"जनवरी"},{"$i":"month-1-long","$v":"फेब्रुअरी"},{"$i":"month-2-long","$v":"मार्च"},{"$i":"month-3-long","$v":"अप्रिल"},{"$i":"month-4-long","$v":"मे"},{"$i":"month-5-long","$v":"जुन"},{"$i":"month-6-long","$v":"जुलाइ"},{"$i":"month-7-long","$v":"अगस्ट"},{"$i":"month-8-long","$v":"सेप्टेम्बर"},{"$i":"month-9-long","$v":"अक्टुबर"},{"$i":"month-10-long","$v":"नोभेम्बर"},{"$i":"month-11-long","$v":"डिसेम्बर"},{"$i":"month-0-genitive","$v":"जनवरी"},{"$i":"month-1-genitive","$v":"फेब्रुअरी"},{"$i":"month-2-genitive","$v":"मार्च"},{"$i":"month-3-genitive","$v":"अप्रिल"},{"$i":"month-4-genitive","$v":"मे"},{"$i":"month-5-genitive","$v":"जुन"},{"$i":"month-6-genitive","$v":"जुलाइ"},{"$i":"month-7-genitive","$v":"अगस्ट"},{"$i":"month-8-genitive","$v":"सेप्टेम्बर"},{"$i":"month-9-genitive","$v":"अक्टुबर"},{"$i":"month-10-genitive","$v":"नोभेम्बर"},{"$i":"month-11-genitive","$v":"डिसेम्बर"},{"$i":"month-0-short","$v":"जनवरी"},{"$i":"month-1-short","$v":"फेब्रुअरी"},{"$i":"month-2-short","$v":"मार्च"},{"$i":"month-3-short","$v":"अप्रिल"},{"$i":"month-4-short","$v":"मे"},{"$i":"month-5-short","$v":"जुन"},{"$i":"month-6-short","$v":"जुलाई"},{"$i":"month-7-short","$v":"अगस्ट"},{"$i":"month-8-short","$v":"सेप्टेम्बर"},{"$i":"month-9-short","$v":"अक्टोबर"},{"$i":"month-10-short","$v":"नोभेम्बर"},{"$i":"month-11-short","$v":"डिसेम्बर"},{"$i":"minutes-ago-long","$v":{"zero":"अहिले भर्खर","one":"एक मिनेट अघि","two":[{"t":"idOrVar","v":"value"}," मिनेट पहिला"],"few":[{"t":"idOrVar","v":"value"}," मिनेट पहिला"],"many":[{"t":"idOrVar","v":"value"}," मिनेट पहिला"],"other":[{"t":"idOrVar","v":"value"}," मिनेट पहिला"]},"$x":[{"t":"idOrVar","v":"plural"},"value"]},{"$i":"hours-ago-long","$v":{"zero":"अहिले भर्खर","one":"एक घण्टा अघि","two":[{"t":"idOrVar","v":"value"}," घण्टा पहिला"],"few":[{"t":"idOrVar","v":"value"}," घण्टा पहिला"],"many":[{"t":"idOrVar","v":"value"}," घण्टा पहिला"],"other":[{"t":"idOrVar","v":"value"}," घण्टा पहिला"]},"$x":[{"t":"idOrVar","v":"plural"},"value"]},{"$i":"days-ago-long","$v":{"zero":"आज","one":"हिजो","two":[{"t":"idOrVar","v":"value"}," दिन पहिला"],"few":[{"t":"idOrVar","v":"value"}," दिन पहिला"],"many":[{"t":"idOrVar","v":"value"}," दिन पहिला"],"other":[{"t":"idOrVar","v":"value"}," दिन पहिला"]},"$x":[{"t":"idOrVar","v":"plural"},"value"]},{"$i":"weeks-ago-long","$v":{"zero":"यो हप्ता","one":"गत हप्ता","two":[{"t":"idOrVar","v":"value"}," हप्ता पहिला"],"few":[{"t":"idOrVar","v":"value"}," हप्ता पहिला"],"many":[{"t":"idOrVar","v":"value"}," हप्ता पहिला"],"other":[{"t":"idOrVar","v":"value"}," हप्ता पहिला"]},"$x":[{"t":"idOrVar","v":"plural"},"value"]},{"$i":"months-ago-long","$v":{"zero":"यो महिना","one":"गत महिना","two":[{"t":"idOrVar","v":"value"}," महिना पहिला"],"few":[{"t":"idOrVar","v":"value"}," महिना पहिला"],"many":[{"t":"idOrVar","v":"value"}," महिना पहिला"],"other":[{"t":"idOrVar","v":"value"}," महिना पहिला"]},"$x":[{"t":"idOrVar","v":"plural"},"value"]},{"$i":"years-ago-long","$v":{"zero":"यो वर्ष","one":"गएको वर्ष","two":[{"t":"idOrVar","v":"value"}," वर्ष पहिला"],"few":[{"t":"idOrVar","v":"value"}," वर्ष पहिला"],"many":[{"t":"idOrVar","v":"value"}," वर्ष पहिला"],"other":[{"t":"idOrVar","v":"value"}," वर्ष पहिला"]},"$x":[{"t":"idOrVar","v":"plural"},"value"]},{"$i":"minutes-until-long","$v":{"zero":"अहिले","one":"एक मिनेटमा","two":[{"t":"idOrVar","v":"value"}," मिनेटमा"],"few":[{"t":"idOrVar","v":"value"}," मिनेटमा"],"many":[{"t":"idOrVar","v":"value"}," मिनेटमा"],"other":[{"t":"idOrVar","v":"value"}," मिनेटमा"]},"$x":[{"t":"idOrVar","v":"plural"},"value"]},{"$i":"hours-until-long","$v":{"zero":"अहिले","one":"एक घण्टामा","two":[{"t":"idOrVar","v":"value"}," घण्टामा"],"few":[{"t":"idOrVar","v":"value"}," घण्टामा"],"many":[{"t":"idOrVar","v":"value"}," घण्टामा"],"other":[{"t":"idOrVar","v":"value"}," घण्टामा"]},"$x":[{"t":"idOrVar","v":"plural"},"value"]},{"$i":"days-until-long","$v":{"zero":"आज","one":"भोली","two":[{"t":"idOrVar","v":"value"}," दिनमा"],"few":[{"t":"idOrVar","v":"value"}," दिनमा"],"many":[{"t":"idOrVar","v":"value"}," दिनमा"],"other":[{"t":"idOrVar","v":"value"}," दिनमा"]},"$x":[{"t":"idOrVar","v":"plural"},"value"]},{"$i":"weeks-until-long","$v":{"zero":"यो हप्ता","one":"अर्को हप्ता","two":[{"t":"idOrVar","v":"value"}," हप्तामा"],"few":[{"t":"idOrVar","v":"value"}," हप्तामा"],"many":[{"t":"idOrVar","v":"value"}," हप्तामा"],"other":[{"t":"idOrVar","v":"value"}," हप्तामा"]},"$x":[{"t":"idOrVar","v":"plural"},"value"]},{"$i":"months-until-long","$v":{"zero":"यो महिना","one":"अर्को महिना","two":[{"t":"idOrVar","v":"value"}," महिनामा"],"few":[{"t":"idOrVar","v":"value"}," महिनामा"],"many":[{"t":"idOrVar","v":"value"}," महिनामा"],"other":[{"t":"idOrVar","v":"value"}," महिनामा"]},"$x":[{"t":"idOrVar","v":"plural"},"value"]},{"$i":"years-until-long","$v":{"zero":"यो वर्ष","one":"अर्को वर्ष","two":[{"t":"idOrVar","v":"value"}," वर्षमा"],"few":[{"t":"idOrVar","v":"value"}," वर्षमा"],"many":[{"t":"idOrVar","v":"value"}," वर्षमा"],"other":[{"t":"idOrVar","v":"value"}," वर्षमा"]},"$x":[{"t":"idOrVar","v":"plural"},"value"]},{"$i":"minutes-ago-short","$v":{"zero":"अहिले भर्खर","other":[{"t":"idOrVar","v":"value"}," मिनेट पहिला"]},"$x":[{"t":"idOrVar","v":"plural"},"value"]},{"$i":"hours-ago-short","$v":{"zero":"अहिले भर्खर","other":[{"t":"idOrVar","v":"value"},"घण्टा पहिला"]},"$x":[{"t":"idOrVar","v":"plural"},"value"]},{"$i":"days-ago-short","$v":{"zero":"आज","other":[{"t":"idOrVar","v":"value"},"दिन पहिला"]},"$x":[{"t":"idOrVar","v":"plural"},"value"]},{"$i":"minutes-until-short","$v":{"zero":"अहिले","other":[{"t":"idOrVar","v":"value"}," मिनेटमा"]},"$x":[{"t":"idOrVar","v":"plural"},"value"]},{"$i":"hours-until-short","$v":{"zero":"अहिले","other":[{"t":"idOrVar","v":"value"}," घण्टामा"]},"$x":[{"t":"idOrVar","v":"plural"},"value"]},{"$i":"days-until-short","$v":{"zero":"आज","other":[{"t":"idOrVar","v":"value"}," दिनमा"]},"$x":[{"t":"idOrVar","v":"plural"},"value"]},{"$i":"incorrectDate","$v":"(गलत मिति)"},{"$i":"dateTimeFormat_%c","$v":"%a %b %e %Y %I:%M:%S %p"},{"$i":"dateTimeFormat_%x","$v":"%m/%d/%Y"},{"$i":"dateTimeFormat_%X","$v":"%I:%M:%S %p"},{"$i":"shortTimeFormat","$v":"%I:%M %p"},{"$i":"shortTimeFormat12","$v":"%I:%M %p"},{"$i":"shortTimeFormat24","$v":"%H:%M"},{"$i":"shortDateTimeFormat","$v":"%x %I:%M %p"},{"$i":"weekStartsOnMonday","$v":"0"},{"$i":"firstDayOfTheWeek","$v":"0"},{"$i":"time_am","$v":"AM"},{"$i":"time_pm","$v":"PM"},{"$i":"sim-with-index-and-carrier","$v":["SIM ",{"t":"idOrVar","v":"index"}," - ",{"t":"idOrVar","v":"carrier"}]},{"$i":"sim-without-carrier","$v":["सिम ",{"t":"idOrVar","v":"index"}]}]