[{"$i":"contacts","$v":"ସମ୍ପର୍କଗୁଡିକ"},{"$i":"view","$v":"ଦେଖନ୍ତୁ"},{"$i":"no-contacts","$v":"କୌଣସି ସମ୍ପର୍କ ନାହିଁ"},{"$i":"reading-contacts","$v":"ସମ୍ପର୍କଗୁଡିକ ଲୋଡ୍ ହେଉଛି"},{"$i":"start-adding","$v":"ସମ୍ପର୍କଗୁଡିକ ଯୋଡିବାକୁ ନୂତନ ସମ୍ପର୍କ ଦବାନ୍ତୁ |"},{"$i":"no-contact-available","$v":"କୌଣସି ସମ୍ପର୍କ ଉପଲବ୍ଧ ନାହିଁ"},{"$i":"ok","$v":"ଓକେ"},{"$i":"no-phone-number-to-dial","$v":"ଡାୟଲ୍ କରିବାକୁ କୌଣସି ଫୋନ୍ ନମ୍ଵର ନାହିଁ"},{"$i":"move","$v":"ସ୍ଥାନାନ୍ତର କରନ୍ତୁ"},{"$i":"copy","$v":"କପି"},{"$i":"copy-contacts","$v":"ସମ୍ପର୍କ କପି କରନ୍ତୁ"},{"$i":"move-contacts","$v":"ସମ୍ପର୍କ ସ୍ଥାନାନ୍ତର କରନ୍ତୁ"},{"$i":"phone-memory","$v":"ଫୋନ୍ ମନି"},{"$i":"sim-memory","$v":"ସିମ୍ ମେମୋରୀ"},{"$i":"move-from","$v":"ଠାରୁ ସ୍ଥାନାନ୍ତର କରନ୍ତୁ"},{"$i":"to","$v":"କୁ"},{"$i":"move-contacts-progressing","$v":"ସମ୍ପର୍କ(ଗୁଡିକ) ସ୍ଥାନାନ୍ତର ହେଉଛି..."},{"$i":"copy-contacts-progressing","$v":"ସମ୍ପର୍କ(ଗୁଡିକ) କପି ହେଉଛି..."},{"$i":"contact-move-to-sim","$v":[{"t":"idOrVar","v":"migrated"}," ସମ୍ପର୍କ(ଗୁଡିକ) ସିମ୍‌କୁ ସ୍ଥାନାନ୍ତର ହୋଇଛି"]},{"$i":"contact-copy-to-sim","$v":[{"t":"idOrVar","v":"migrated"}," ସମ୍ପର୍କ(ଗୁଡିକ) ସିମ୍‌କୁ କପି ହୋଇଛି"]},{"$i":"contact-move-to-sim0","$v":[{"t":"idOrVar","v":"migrated"}," ସମ୍ପର୍କ(ଗୁଡିକ) ସିମ୍‌ 1 କୁ ସ୍ଥାନାନ୍ତର ହୋଇଛି"]},{"$i":"contact-copy-to-sim0","$v":[{"t":"idOrVar","v":"migrated"}," ସମ୍ପର୍କ(ଗୁଡିକ) ସିମ୍‌ 1 କୁ କପି ହୋଇଛି"]},{"$i":"contact-move-to-sim1","$v":[{"t":"idOrVar","v":"migrated"}," ସମ୍ପର୍କ(ଗୁଡିକ) ସିମ୍‌ 2 କୁ ସ୍ଥାନାନ୍ତର ହୋଇଛି"]},{"$i":"contact-copy-to-sim1","$v":[{"t":"idOrVar","v":"migrated"}," ସମ୍ପର୍କ(ଗୁଡିକ) ସିମ୍‌ 2 କୁ କପି ହୋଇଛି"]},{"$i":"contact-move-to-device","$v":[{"t":"idOrVar","v":"migrated"}," ସମ୍ପର୍କ(ଗୁଡିକ) ଡିଭାଇସ୍‌କୁ ସ୍ଥାନାନ୍ତର ହୋଇଛି"]},{"$i":"contact-copy-to-device","$v":[{"t":"idOrVar","v":"migrated"}," ସମ୍ପର୍କ(ଗୁଡିକ) ଡିଭାଇସ୍‌କୁ କପି ହୋଇଛି"]},{"$i":"copy-contact-failed","$v":"ସମ୍ପର୍କର କପି ବିଫଳ"},{"$i":"move-contact-failed","$v":"ସମ୍ପର୍କର କପି ବିଫଳ"},{"$i":"contact-copy-error-sim-full","$v":"ସିମ୍ କାର୍ଡ୍ ପୁର୍ଣ୍ଣ ଥିବାରୁ ସମ୍ପର୍କର କପି ସମ୍ପୁର୍ଣ୍ଣ ହୋଇନାହିଁ"},{"$i":"contact-copy-error-unknown","$v":"ଅଜ୍ଞାତ ତ୍ରୁଟି କାରଣରୁ ସମ୍ପର୍କର କପି ସମ୍ପୁର୍ଣ୍ଣ ହୋଇନାହିଁ"},{"$i":"contact-move-error-sim-full","$v":"ସିମ୍ କାର୍ଡ୍ ପୁର୍ଣ୍ଣ ଥିବାରୁ ସମ୍ପର୍କର ସ୍ଥାନାନ୍ତରଣ ସମ୍ପୁର୍ଣ୍ଣ ହୋଇନାହିଁ"},{"$i":"contact-move-error-unknown","$v":"ଅଜ୍ଞାତ ତ୍ରୁଟି କାରଣରୁ ସମ୍ପର୍କର ସ୍ଥାନାନ୍ତରଣ ସମ୍ପୁର୍ଣ୍ଣ ହୋଇନାହିଁ"},{"$i":"memory","$v":"ମେମୋରୀ"},{"$i":"phone-and-sim","$v":"ଫୋନ୍ ଏବଂ ସିମ୍"},{"$i":"phone","$v":"ଫୋନ୍"},{"$i":"sim","$v":"ସିମ୍"},{"$i":"reloading-contact","$v":"ସମ୍ପର୍କ ପୁନଃ ଲୋଡ୍ ହେଉଛି.."},{"$i":"contact-reloaded","$v":"ସମ୍ପର୍କ ପୁନଃ ଲୋଡ୍ ହୋଇଛି"},{"$i":"message","$v":"ସନ୍ଦେଶ"},{"$i":"find-duplicate-contacts","$v":"ନକଲ ସମ୍ପର୍କଗୁଡ଼ିକ ସନ୍ଧାନ କରନ୍ତୁ"},{"$i":"no-duplicate-contact-found","$v":"କୌଣସି ନକଲ ସମ୍ପର୍କ ମିଳିଲା ନାହିଁ"},{"$i":"change-saved","$v":"ପରିବର୍ତ୍ତନ ସେଭ୍ ହୋଇଛି"},{"$i":"contact-updated","$v":"ସମ୍ପର୍କ ଅପ୍‌ଡେଟ୍ ହୋଇଛି"},{"$i":"already-ice-contact","$v":"ଏହି ସମ୍ପର୍କ ଏକ ICE ସମ୍ପର୍କ ଅଟେ"},{"$i":"callAirplaneModeTitle","$v":"ଏୟାର୍‌ପ୍ଲେନ୍ ମୋଡ୍ ସକ୍ରିୟ ହୋଇଛି"},{"$i":"callAirplaneModeMessage","$v":"କଲ୍ କରିବାକୁ ଆପଣଙ୍କ ସେଟିଂସରେ ଏୟାର୍‌ପ୍ଲେନ୍ ମୋଡ୍ ଅକ୍ଷମ କରିବା ଆବଶ୍ୟକ।"},{"$i":"emergencyDialogTitle","$v":"କିଛି ନେଟ୍‍ୱାର୍କ ସଂଯୋଗ ନାହିଁ"},{"$i":"emergencyDialogBodyBadNumber","$v":"କଲ୍ କରିବାକୁ, ଫୋନଟି ଏକ ନେଟୱାର୍କ ସହ ସଂଯୋଜିତ ରହିବା ଆବଶ୍ୟକ।"},{"$i":"emergencyDialogBodyDeviceNotAccepted","$v":"ଏହି ନେଟ୍‌ୱାର୍କ୍ ଦ୍ୱାରା ଜରୁରୀକାଳୀନ କଲ୍‌ର ଅନୁମତି ନାହିଁ |"},{"$i":"invalidNumberToDialTitle","$v":"ଅବୈଧ ଫୋନ୍ ନମ୍ୱର"},{"$i":"invalidNumberToDialMessage","$v":"ଆପଣ କଲ୍ କରୁଥିବା ଫୋନ୍ ନମ୍ଵର ବୈଧ ନୁହେଁ।"},{"$i":"emergency-call-only","$v":"କେବଳ ଜରୁରୀକାଳୀନ କଲ‌୍"},{"$i":"emergency-call-error","$v":[{"t":"idOrVar","v":"number"}," ଏକ ଜରୁରୀକାଳୀନ ନମ୍ଵର ନୁହେଁ।"]},{"$i":"numberIsBusyTitle","$v":"ନମ୍ଵର ବ୍ୟସ୍ତ"},{"$i":"numberIsBusyMessage","$v":"ନମ୍ଵର ବର୍ତ୍ତମାନ ବ୍ୟସ୍ତ ଅଛି। ଦୟାକରି ପରେ ପୁନଃଚେଷ୍ଟା କରନ୍ତୁ।"},{"$i":"fdnIsActiveTitle","$v":"FDN‌ ସକ୍ରିୟ ଅଛି"},{"$i":"fdnIsActiveMessage","$v":["FDN‌ (ଫିକ୍ସଡ୍ ଡାୟଲିଂ ନମ୍ବର) ସକ୍ରିୟ ହୋଇଛି ଏବଂ ନିମ୍ନଲିଖିତ ନମ୍ଵର ଆପଣଙ୍କ FDN‌ ଲିଷ୍ଟ୍‌ରେ ନାହିଁ: ",{"t":"idOrVar","v":"number"}]},{"$i":"otherConnectionInUseTitle","$v":"ଅନ୍ୟ ସଂଯୋଜନା ବ୍ୟବହାର ହେଉଛି"},{"$i":"otherConnectionInUseMessage","$v":"ଅନ୍ୟ ସଂଯୋଜନାରେ ଆପଣଙ୍କର ଏକ ସକ୍ରିୟ କଲ୍ ଅଛି। ଆପଣ ଏକ ସମୟରେ ଗୋଟିଏ ସଂଯୋଜନା ବ୍ୟବହାର କରିପାରିବେ |"},{"$i":"GenericFailure","$v":"ସାମନ୍ୟ ବିଫଳତା"},{"$i":"scCallBarring","$v":"କଲ୍ ପ୍ରତିବନ୍ଧିତ ହେଉଛି"},{"$i":"scCallForwarding","$v":"କଲ୍ ଫର୍‌ୱାର୍ଡିଙ୍ଗ୍"},{"$i":"scClip","$v":"ଆଗମନ କଲ୍‌ର ID"},{"$i":"scClir","$v":"ବହିର୍ଗମନ କଲ୍‌ର ID"},{"$i":"scPwd","$v":"ପାସ୍‌ୱାର୍ଡ୍ ବଦଳାନ୍ତୁ"},{"$i":"scCallWaiting","$v":"କଲ୍ ଅପେକ୍ଷାରେ ଅଛି"},{"$i":"scPin","$v":"ପିନ୍ ବଦଳାନ୍ତୁ"},{"$i":"scPin2","$v":"ପିନ୍2 ବଦଳାନ୍ତୁ"},{"$i":"scPuk","$v":"ପିନ୍ ଅନାବରୋଧ କରନ୍ତୁ"},{"$i":"scPuk2","$v":"ପିନ୍2 ଅନାବରୋଧ କରନ୍ତୁ"},{"$i":"scImei","$v":"IMEI"},{"$i":"scMeid","$v":"MEID"},{"$i":"scUssd","$v":"USSD"},{"$i":"set-speed-dial","$v":"ସ୍ପିଡ୍ ଡାୟଲ୍‌ ସମ୍ପର୍କଗୁଡିକ ସେଟ୍‌ କରନ୍ତୁ"},{"$i":"empty","$v":"ଖାଲି ଅଛି"},{"$i":"voicemail","$v":"ଭଏସ୍‌ମେଲ୍"},{"$i":"speed-dial","$v":"ସ୍ପିଡ୍ ଡାୟଲ୍"},{"$i":"add","$v":"ଯୋଡ଼ନ୍ତୁ"},{"$i":"replace","$v":"ବଦଳାନ୍ତୁ"},{"$i":"remove-from-speed-dial","$v":"ସ୍ପିଡ୍ ଡାୟଲରୁ ଅପସାରଣ କରନ୍ତୁ"},{"$i":"custom-dialog-replace-speed-dial","$v":["ଆପଣ ",{"t":"idOrVar","v":"oldSpeedDial"}," ସହ ସ୍ପିଡ୍ ଡାୟଲ୍ ",{"t":"idOrVar","v":"newSpeedDial"}," ପ୍ରତିସ୍ଥାପନ କରିବାକୁ ଚାହାଁନ୍ତି କି ?"]},{"$i":"custom-dialog-remove-speed-dial","$v":["ଆପଣ ସ୍ପିଡ୍ ଡାୟଲରୁ ",{"t":"idOrVar","v":"name"}," ଅପସାରଣ କରିବାକୁ ଚାହାଁନ୍ତି କି?"]},{"$i":"voice-mail","$v":"ଭଏସ୍‌ ମେଲ୍"},{"$i":"voice-mail-number","$v":"ଭଏସ୍‌ ମେଲ୍ ନମ୍ଵର"},{"$i":"voice-mail-number-updated","$v":"ଭଏସ୍‌ ମେଲ୍ ନମ୍ଵର ଅପ୍‌ଡେଟ୍‌ ହୋଇଛି"},{"$i":"found-duplicates-message","$v":"ନିମ୍ନଲିଖିତ ସମ୍ପର୍କଗୁଡିକରୁ ନକଲ ସୂଚନା ମିଳିଲା। ଆପଣ ମର୍ଜ୍ କରିବାକୁ ଚାହାଁନ୍ତି ?"},{"$i":"confirm-to-merge-contacts","$v":["ଆପଣ ",{"t":"idOrVar","v":"name"}," ସହ ",{"t":"idOrVar","v":"n"}," ସମ୍ପର୍କ ମର୍ଜ୍ କରିବାକୁ ଚାହାଁନ୍ତି କି?"]},{"$i":"merge","$v":"ମର୍ଜ୍ କରନ୍ତୁ"},{"$i":"contact-merged","$v":"ସମ୍ପର୍କ ମର୍ଜ ହୋଇଛି"},{"$i":"add-favorite","$v":"ପସନ୍ଦିତା ଭାବେ ଯୋଡ଼ନ୍ତୁ"},{"$i":"remove-favorite","$v":"ପସନ୍ଦିତାରୁ ଅପସାରଣ କରନ୍ତୁ"},{"$i":"favorite-contacts","$v":"ପସନ୍ଦିତା ସଂପର୍କଗୁଡ଼ିକ"},{"$i":"sort-contacts","$v":"ସମ୍ପର୍କଗୁଡିକ କ୍ରମବଦ୍ଧ କରନ୍ତୁ"},{"$i":"sort-by-first-name","$v":"ନାମ ଅନୁଯାୟୀ କ୍ରମବଦ୍ଧ କରନ୍ତୁ"},{"$i":"sort-by-last-name","$v":"ଉପନାମ ଅନୁଯାୟୀ କ୍ରମବଦ୍ଧ କରନ୍ତୁ"},{"$i":"no-support-open-multi-vcard","$v":"ଏକାଧିକ ସମ୍ପର୍କ ସହିତ ଭିକାର୍ଡ଼ ଖୋଲା ଯାଇପାରିବ ନାହିଁ"},{"$i":"sdcard","$v":"ମେମୋରୀ କାର୍ଡ୍‌"},{"$i":"simcard","$v":"ସିମ୍ କାର୍ଡ"},{"$i":"import-contacts","$v":"ସମ୍ପର୍କଗୁଡିକ ଆମଦାନୀ କରନ୍ତୁ"},{"$i":"simContacts-error","$v":"ସିମ୍‌ରୁ ସମ୍ପର୍କଗୁଡିକ ଆମଦାନୀ ହୋଇପାରି ନାହିଁ |"},{"$i":"memoryCardContacts-error","$v":"ମେମୋରୀ କାର୍ଡରୁ ସମ୍ପର୍କଗୁଡ଼ିକ ଆମଦାନୀ ହୋଇପାରି ନାହିଁ |"},{"$i":"simContacts-reading","$v":"ସିମ୍‌ କାର୍ଡରୁ ସମ୍ପର୍କଗୁଡିକ ପଢା ହେଉଛି..."},{"$i":"memoryCardContacts-reading","$v":"ମେମୋରୀ କାର୍ଡରୁ ସମ୍ପର୍କଗୁଡିକ ପଢା ହେଉଛି..."},{"$i":"importContactsTitle","$v":"ସମ୍ପର୍କଗୁଡିକ ଆମଦାନୀ କରନ୍ତୁ"},{"$i":"retry","$v":"ପୁନଃଚେଷ୍ଟା କରନ୍ତୁ"},{"$i":"noSimMsg","$v":"ସମ୍ପର୍କଗୁଡିକ ଆମଦାନୀ କରିବାକୁ ସିମ୍ କାର୍ଡ୍‌ ପ୍ରବେଶ ବା ଅନ୍‌ଲକ୍ କରନ୍ତୁ |"},{"$i":"noSdcardMsg","$v":"ସମ୍ପର୍କଗୁଡିକ ଆମଦାନୀ କରିବା ପାଇଁ ମେମୋରୀ କାର୍ଡ୍ ପ୍ରବେଶ କରନ୍ତୁ"},{"$i":"not-imported","$v":"ଆମଦାନୀ ହୋଇନାହିଁ"},{"$i":"imported","$v":"ଆମଦାନୀ ହୋଇଛି"},{"$i":"importing","$v":"ଆମଦାନୀ ହେଉଛି"},{"$i":"contact-imported","$v":["ଆମଦାନୀ ହୋଇଥିବା ",{"t":"idOrVar","v":"imported"}," ସମ୍ପର୍କ | ",{"t":"idOrVar","v":"dupes"}," ମର୍ଜ୍ ହୋଇଥିବା ସମ୍ପର୍କ |"]},{"$i":"reading-contacts-from-sim","$v":"ସିମ୍ କାର୍ଡ଼ରୁ ସମ୍ପର୍କ ପଢା ହେଉଛି.."},{"$i":"reading-contacts-from-gmail","$v":"ଜିମେଲରୁ ସମ୍ପର୍କଗୁଡିକ ପଢା ହେଉଛି .."},{"$i":"reading-contacts-from-live","$v":"ଆଉଟ୍‌ଲୁକ ରୁ ସମ୍ପର୍କଗୁଡିକ ପଢା ହେଉଛି .."},{"$i":"reading-contacts-from-sd","$v":"ମେମୋରୀ କାର୍ଡ଼ରୁ ସମ୍ପର୍କ ପଢା ହେଉଛି.."},{"$i":"reading-contacts-from-vcard","$v":"ଫାଇଲ୍‌ରୁ ସମ୍ପର୍କ ପଢା ହେଉଛି.."},{"$i":"importing-contacts-from-sim","$v":"ସିମ୍‌ କାର୍ଡରୁ ସମ୍ପର୍କଗୁଡିକ ଆମଦାନୀ ହେଉଛି.."},{"$i":"importing-contacts-from-gmail","$v":"ଜିମେଲରୁ ସମ୍ପର୍କଗୁଡିକ ଆମଦାନୀ ହେଉଛି.."},{"$i":"importing-contacts-from-live","$v":"ଆଉଟ୍‌ଲୁକରୁ ସମ୍ପର୍କଗୁଡିକ ଆମଦାନୀ ହେଉଛି.."},{"$i":"importing-contacts-from-sd","$v":"ମେମୋରୀ କାର୍ଡରୁ ସମ୍ପର୍କଗୁଡିକ ଆମଦାନୀ ହେଉଛି.."},{"$i":"importing-contacts-from-vcard","$v":"ଫାଇଲ୍‌ରୁ ସମ୍ପର୍କ ଆମଦାନୀ ହେଉଛି...."},{"$i":"connect-network-to-import","$v":"ସମ୍ପର୍କ ଆମଦାନୀ କରିବାକୁ , WiFi କିମ୍ବା  ଡାଟା ନେଟ୍‌ୱାର୍କକୁ ସଂଯୋଗ କରନ୍ତୁ"},{"$i":"export","$v":"ରପ୍ତାନୀ କରନ୍ତୁ"},{"$i":"export-contacts","$v":"ସମ୍ପର୍କଗୁଡ଼ିକ ରପ୍ତାନୀ କରନ୍ତୁ"},{"$i":"simExport-title","$v":"ସିମ୍‌କୁ ରପ୍ତାନୀ କରନ୍ତୁ"},{"$i":"memoryCardExport-title","$v":"ମେମୋରୀ କାର୍ଡ୍‌‌କୁ ରପ୍ତାନୀ କରନ୍ତୁ"},{"$i":"btExport-title","$v":"ବ୍ଲୁଟୁଥ୍‌କୁ ରପ୍ତାନୀ କରନ୍ତୁ"},{"$i":"noSimMsgExport","$v":"ସମ୍ପର୍କଗୁଡିକ ରପ୍ତାନୀ କରିବାକୁ ଆପଣଙ୍କ ସିମ୍‌ କାର୍ଡ୍ ପ୍ରବେଶ କିମ୍ୱା ଅନଲକ୍ କରନ୍ତୁ |"},{"$i":"bluetoothNoConnection","$v":"ବ୍ଲୁଟୁଥ୍ ଡିଭାଇସ୍ ସଂଯୋଗ କରିବାକୁ ସମ୍ପର୍କଗୁଡିକ ରପ୍ତାନୀ କରନ୍ତୁ।"},{"$i":"contact-exported","$v":["ରପ୍ତାନୀ ହୋଇଥିବା ",{"t":"idOrVar","v":"exported"}," ସମ୍ପର୍କ |"]},{"$i":"export-contact-failed","$v":"ସମ୍ପର୍କ ରପ୍ତାନୀ ବିଫଳ"},{"$i":"contact-export-error-sim-full","$v":"ସିମ୍ କାର୍ଡ୍ ପୁର୍ଣ୍ଣ ହେବାରୁ ସମ୍ପର୍କ ରପ୍ତାନୀ ସମ୍ପୁର୍ଣ୍ଣ ହୋଇନାହିଁ |"},{"$i":"contact-export-error-unknown","$v":"ଅଜଣା ତ୍ରୁଟି ଯୋଗୁଁ ସମ୍ପର୍କ ରପ୍ତାନୀ ସମ୍ପୁର୍ଣ୍ଣ ହୋଇନାହିଁ |"},{"$i":"save","$v":"ସେଭ୍ କରନ୍ତୁ"},{"$i":"back","$v":"ପଛକୁ ଫେରନ୍ତୁ"},{"$i":"givenName","$v":"ପ୍ରଥମ ନାମ"},{"$i":"familyName","$v":"ଉପନାମ"},{"$i":"name","$v":"ନାମ"},{"$i":"org","$v":"କମ୍ପାନୀ"},{"$i":"ringtone","$v":"ରିଂଟୋନ୍"},{"$i":"note","$v":"ନୋଟ୍"},{"$i":"email","$v":"ଇମେଲ୍"},{"$i":"adr","$v":"ଠିକଣା"},{"$i":"custom","$v":"କଷ୍ଟମ୍"},{"$i":"confirm-discard-contact-data","$v":"ସମ୍ପର୍କ ସୂଚନା ପ୍ରତ୍ୟାଖାନ ହେବ। ଏହି ସମ୍ପର୍କ ସେଭ୍ କରିବାକୁ ଆପଣ ଚାହାଁନ୍ତି କି?"},{"$i":"discard","$v":"ପ୍ରତ୍ୟାଖ୍ୟାନ କରନ୍ତୁ"},{"$i":"add-others","$v":"ଅନ୍ୟାନ୍ୟ ଯୋଡ଼ନ୍ତୁ"},{"$i":"custom-type","$v":"କଷ୍ଟମ୍ ପ୍ରକାର"},{"$i":"input-the-custom-type","$v":"ଦୟାକରି କଷ୍ଟମ୍‌ ଟାଇପ୍‌ ଇନ୍‌ପୁଟ୍‌ କରନ୍ତୁ"},{"$i":"contact-saved","$v":"ସମ୍ପର୍କ ସେଭ୍ ହୋଇଛି"},{"$i":"are-you-sure-to-delete-field","$v":["ଆପଣ ",{"t":"idOrVar","v":"field"}," ବିଲୋପ କରିବାକୁ ନିଶ୍ଚିନ୍ତ କି ?"]},{"$i":"personal","$v":"ବ୍ୟକ୍ତିଗତ"},{"$i":"mobile","$v":"ମୋବାଇଲ୍"},{"$i":"current","$v":"ସମ୍ପ୍ରତି"},{"$i":"home","$v":"ହୋମ୍"},{"$i":"work","$v":"ୱର୍କ"},{"$i":"other","$v":"ଅନ୍ୟ"},{"$i":"fax-home","$v":"Fax ହୋମ୍"},{"$i":"fax-office","$v":"ଫ୍ୟାକ୍ସ ଅଫିସ୍‌"},{"$i":"fax-other","$v":"ଅନ୍ୟ Fax"},{"$i":"add-tel","$v":"ଫୋନ୍‌ ନମ୍ବର ଯୋଡ଼ନ୍ତୁ"},{"$i":"add-email","$v":"ଇମେଲ୍ ଯୋଡ଼ନ୍ତୁ"},{"$i":"add-ringtone","$v":"ରିଂଟୋନ୍ ଯୋଡ଼ନ୍ତୁ"},{"$i":"add-adr","$v":"ଠିକଣା ଯୋଡ଼ନ୍ତୁ"},{"$i":"add-bday","$v":"ଜନ୍ମଦିନ ଯୋଡ଼ନ୍ତୁ"},{"$i":"add-photo","$v":"ଫଟୋ ଯୋଡ଼ନ୍ତୁ"},{"$i":"add-note","$v":"ନୋଟ୍ ଯୋଡ଼ନ୍ତୁ"},{"$i":"add-org","$v":"କମ୍ପାନୀ ଯୋଡ଼ନ୍ତୁ"},{"$i":"delete-tel","$v":"ଫୋନ୍ ନମ୍ଵର ବିଲୋପ କରନ୍ତୁ"},{"$i":"delete-email","$v":"ଇମେଲ୍ ବିଲୋପ କରନ୍ତୁ"},{"$i":"delete-ringtone","$v":"ରିଂଟୋନ୍ ବିଲୋପ କରନ୍ତୁ"},{"$i":"delete-adr","$v":"ଠିକଣା ବିଲୋପ କରନ୍ତୁ"},{"$i":"delete-bday","$v":"ଜନ୍ମଦିନ ବିଲୋପ କରନ୍ତୁ"},{"$i":"delete-photo","$v":"ପିକ୍‌ଚର୍ ଅପସାରଣ କରନ୍ତୁ"},{"$i":"delete-note","$v":"ନୋଟ୍ ବିଲୋପ କରନ୍ତୁ"},{"$i":"delete-org","$v":"କମ୍ପାନୀ ବିଲୋପ କରନ୍ତୁ"},{"$i":"edit-tel-type","$v":"ଫୋନ୍ ପ୍ରକାର ସମ୍ପାଦନ କରନ୍ତୁ"},{"$i":"edit-email-type","$v":"ଇମେଲ୍ ପ୍ରକାର ସମ୍ପାଦନ କରନ୍ତୁ"},{"$i":"edit-adr-type","$v":"ଠିକଣା ପ୍ରକାର ସମ୍ପାଦନ କରନ୍ତୁ"},{"$i":"edit-bday-type","$v":"ଜନ୍ମଦିନ ସମ୍ପାଦନ କରନ୍ତୁ"},{"$i":"replace-photo","$v":"ଫଟୋ ବଦଳାନ୍ତୁ"},{"$i":"replace-ringtone","$v":"ରିଂଟୋନ୍ ବଦଳାନ୍ତୁ"},{"$i":"mobile-tel","$v":"ମୋବାଇଲ୍ ଫୋନ୍"},{"$i":"home-tel","$v":"ଘର ଫୋନ୍"},{"$i":"work-tel","$v":"ୱର୍କ ଫୋନ୍"},{"$i":"personal-tel","$v":"ବ୍ୟକ୍ତିଗତ ଫୋନ୍"},{"$i":"fax-home-tel","$v":"ହୋମ୍ Fax"},{"$i":"fax-office-tel","$v":"ଅଫିସ୍‌ Fax"},{"$i":"fax-other-tel","$v":"ଅନ୍ୟ Fax"},{"$i":"other-tel","$v":"ଅନ୍ୟ ଫୋନ୍"},{"$i":"personal-email","$v":"ବ୍ୟକ୍ତିଗତ ଇ-ମେଲ୍"},{"$i":"work-email","$v":"ୱର୍କ ଇ-ମେଲ୍"},{"$i":"other-email","$v":"ଅନ୍ୟ ଇ-ମେଲ୍"},{"$i":"custom-email","$v":[{"t":"idOrVar","v":"type"}," ଇ-ମେଲ୍"]},{"$i":"custom-tel","$v":[{"t":"idOrVar","v":"type"}," ଫୋନ"]},{"$i":"personal-adr","$v":"ବ୍ୟକ୍ତିଗତ ଠିକଣା"},{"$i":"current-adr","$v":"ସମ୍ପ୍ରତି ଠିକଣା"},{"$i":"home-adr","$v":"ଘର ଠିକଣା"},{"$i":"work-adr","$v":"ୱର୍କ ଠିକଣା"},{"$i":"custom-adr","$v":[{"t":"idOrVar","v":"type"}," ଠିକଣା"]},{"$i":"bday","$v":"ଜନ୍ମଦିନ"},{"$i":"birthday","$v":"ଜନ୍ମଦିନ"},{"$i":"streetAddress","$v":"ମାର୍ଗ"},{"$i":"locality","$v":"ସହର"},{"$i":"postalCode","$v":"ପିନ୍ କୋଡ୍"},{"$i":"countryName","$v":"ଦେଶ"},{"$i":"region","$v":"ସ୍ଥିତି"},{"$i":"no-name","$v":"କୌଣସି ନାମ ନାହିଁ"},{"$i":"new-contact","$v":"ନୂତନ ସମ୍ପର୍କ"},{"$i":"options","$v":"ବିକଳ୍ପଗୁଡିକ"},{"$i":"cancel","$v":"ବାତିଲ କରନ୍ତୁ"},{"$i":"settings","$v":"ସେଟିଂସ୍"},{"$i":"edit","$v":"ସମ୍ପାଦନ କରନ୍ତୁ"},{"$i":"share","$v":"ଅଂଶୀଦାର କରନ୍ତୁ"},{"$i":"remove","$v":"ଅପସାରଣ କରନ୍ତୁ"},{"$i":"music","$v":"ସଙ୍ଗୀତ"},{"$i":"ICEContactsGroup","$v":"ICE ସମ୍ପର୍କଗୁଡିକ"},{"$i":"setICEButton","$v":"ICE ସମ୍ପର୍କଗୁଡିକ ସେଟ୍ କରନ୍ତୁ"},{"$i":"ICESettingTitle","$v":"ICE ସମ୍ପର୍କଗୁଡିକ"},{"$i":"ICEDescription","$v":"ଜରୁରିକାଳୀନ ସ୍ଥିତିରେ କଲ୍ କରିବା ପାଇଁ ପାଞ୍ଚଟି ସମ୍ପର୍କ ଯୋଡନ୍ତୁ"},{"$i":"ICEContact","$v":["ICE ସମ୍ପର୍କ ",{"t":"idOrVar","v":"n"}]},{"$i":"ICESelectContact","$v":"ଏକ ସମ୍ପର୍କ ଚୟନ କରନ୍ତୁ"},{"$i":"delete-ice-contact-warning","$v":"ଆପଣ ICE ସମ୍ପର୍କ ଅପସାରଣ କରିବାକୁ ଚାହାଁନ୍ତି  ?"},{"$i":"confirm","$v":"ନିଶ୍ଚିତକରଣ"},{"$i":"send-message","$v":"ସନ୍ଦେଶ ପଠାନ୍ତୁ"},{"$i":"call","$v":"କଲ୍ କରନ୍ତୁ"},{"$i":"send-email","$v":"ଇମେଲ୍ ପଠାନ୍ତୁ"},{"$i":"choose-number","$v":"ଏକ ନମ୍ଵର ଚୟନ କରନ୍ତୁ"},{"$i":"choose-email-adress","$v":"ଏକ ଇମେଲ୍‌ ଆଡ୍ରେସ୍ ଚୟନ କରନ୍ତୁ"},{"$i":"delete","$v":"ବିଲୋପ କରନ୍ତୁ"},{"$i":"select","$v":"ଚୟନ କରନ୍ତୁ"},{"$i":"select-all","$v":"ସମସ୍ତ ଚୟନ କରନ୍ତୁ"},{"$i":"deselect-all","$v":"ସମସ୍ତ ଅଣଚୟନ କରନ୍ତୁ"},{"$i":"deselect","$v":"ଅଣଚୟନ କରନ୍ତୁ"},{"$i":"selected-contacts","$v":{"zero":"କିଛି ଚୟନ କରାଯାଇନାହିଁ","one":[{"t":"idOrVar","v":"n"}," ଚୟନିତ"],"two":[{"t":"idOrVar","v":"n"}," ଚୟନିତ"],"few":[{"t":"idOrVar","v":"n"}," ଚୟନିତ"],"many":[{"t":"idOrVar","v":"n"}," ଚୟନିତ"],"other":[{"t":"idOrVar","v":"n"}," ଚୟନିତ"]},"$x":[{"t":"idOrVar","v":"plural"},"n"]},{"$i":"massive-delete","$v":"ସମ୍ପର୍କଗୁଡ଼ିକ ବିଲୋପ କରନ୍ତୁ"},{"$i":"confirm-contact-delete","$v":["ଆପଣ ସମ୍ପର୍କ “",{"t":"idOrVar","v":"name"},"” ବିଲୋପ କରିବାକୁ ଚାହାଁନ୍ତି କି?"]},{"$i":"DeletedTxt","$v":{"zero":"ବିଲୋପ କରିବାକୁ କୌଣସି ସମ୍ପର୍କ ନାହିଁ","one":"1 ସମ୍ପର୍କ ଅପସାରଣ ହୋଇଛି","two":[{"t":"idOrVar","v":"n"}," ସମ୍ପର୍କ ଅପସାରଣ ହୋଇଛି"],"few":[{"t":"idOrVar","v":"n"}," ସମ୍ପର୍କ ଅପସାରଣ ହୋଇଛି"],"many":[{"t":"idOrVar","v":"n"}," ସମ୍ପର୍କ ଅପସାରଣ ହୋଇଛି"],"other":[{"t":"idOrVar","v":"n"}," ସମ୍ପର୍କ ଅପସାରଣ ହୋଇଛି"]},"$x":[{"t":"idOrVar","v":"plural"},"n"]},{"$i":"DeletingContacts","$v":"ସମ୍ପର୍କ ବିଲୋପ ହେଉଛି"},{"$i":"ContactConfirmDel","$v":{"zero":"ବିଲୋପ କରିବାକୁ କୌଣସି ସମ୍ପର୍କ ନାହିଁ","one":"1 ସମ୍ପର୍କ ବିଲୋପ କରିବେ ? ଏହା ପୁନରୁଦ୍ଧାର ହୋଇପାରିବ ନାହିଁ |","two":[{"t":"idOrVar","v":"n"}," ଟି ସମ୍ପର୍କ ବିଲୋପ କରିବେ ? ଏହା ପୁନରୁଦ୍ଧାର ହୋଇପାରିବ ନାହିଁ |"],"few":[{"t":"idOrVar","v":"n"}," ଟି ସମ୍ପର୍କ ବିଲୋପ କରିବେ ? ଏହା ପୁନରୁଦ୍ଧାର ହୋଇପାରିବ ନାହିଁ |"],"many":[{"t":"idOrVar","v":"n"}," ଟି ସମ୍ପର୍କ ବିଲୋପ କରିବେ ? ଏହା ପୁନରୁଦ୍ଧାର ହୋଇପାରିବ ନାହିଁ |"],"other":[{"t":"idOrVar","v":"n"}," ଟି ସମ୍ପର୍କ ବିଲୋପ କରିବେ ? ଏହା ପୁନରୁଦ୍ଧାର ହୋଇପାରିବ ନାହିଁ |"]},"$x":[{"t":"idOrVar","v":"plural"},"n"]},{"$i":"contact-deleted","$v":[{"t":"idOrVar","v":"n"}," ସମ୍ପର୍କ ଅପସାରଣ ହୋଇଛି"]},{"$i":"change-will-update-until-restart","$v":"ପରବର୍ତ୍ତୀ ସମୟ ରେ ଯୋଗାଯୋଗ ଆରମ୍ଭ ହେଲେ ପରିବର୍ତନ ଗୁଡିକ ଅପଡେଟ ହେବ"},{"$i":"transfer-contacts","$v":"ସମ୍ପର୍କଗୁଡିକ ସ୍ଥାନାନ୍ତର କରନ୍ତୁ"},{"$i":"contacts-management","$v":"ସମ୍ପର୍କ ପରିଚାଳନାବର୍ଗ"},{"$i":"no-contacts-found","$v":"କୌଣସି ସମ୍ପର୍କ ମିଳିଲା ନାହିଁ"},{"$i":"weekday-0-long","$v":"ରବିବାର"},{"$i":"weekday-1-long","$v":"ସୋମବାର"},{"$i":"weekday-2-long","$v":"ମଙ୍ଗଳବାର"},{"$i":"weekday-3-long","$v":"ବୁଧବାର"},{"$i":"weekday-4-long","$v":"ଗୁରୁବାର"},{"$i":"weekday-5-long","$v":"ଶୁକ୍ରବାର"},{"$i":"weekday-6-long","$v":"ଶନିବାର"},{"$i":"weekday-0-short","$v":"ରବି"},{"$i":"weekday-1-short","$v":"ସୋମ"},{"$i":"weekday-2-short","$v":"ମଙ୍ଗଳବାର"},{"$i":"weekday-3-short","$v":"ବୁଧ"},{"$i":"weekday-4-short","$v":"ଗୁରୁବାର"},{"$i":"weekday-5-short","$v":"ଶୁକ୍ର"},{"$i":"weekday-6-short","$v":"ଶନି"},{"$i":"month-0-long","$v":"ଜାନୁଆରୀ"},{"$i":"month-1-long","$v":"ଫେବୃଆରୀ"},{"$i":"month-2-long","$v":"ମାର୍ଚ୍ଚ"},{"$i":"month-3-long","$v":"ଏପ୍ରିଲ୍"},{"$i":"month-4-long","$v":"ମେ"},{"$i":"month-5-long","$v":"ଜୁନ୍"},{"$i":"month-6-long","$v":"ଜୁଲାଇ"},{"$i":"month-7-long","$v":"ଅଗଷ୍ଟ"},{"$i":"month-8-long","$v":"ସେପ୍ଟେମ୍ୱର୍"},{"$i":"month-9-long","$v":"ଅକ୍ଟୋବର"},{"$i":"month-10-long","$v":"ନଭେମ୍ୱର୍"},{"$i":"month-11-long","$v":"ଡିସେମ୍ଵର"},{"$i":"month-0-genitive","$v":"ଜାନୁଆରୀ"},{"$i":"month-1-genitive","$v":"ଫେବୃଆରୀ"},{"$i":"month-2-genitive","$v":"ମାର୍ଚ୍ଚ"},{"$i":"month-3-genitive","$v":"ଏପ୍ରିଲ୍"},{"$i":"month-4-genitive","$v":"ମେ"},{"$i":"month-5-genitive","$v":"ଜୁନ୍"},{"$i":"month-6-genitive","$v":"ଜୁଲାଇ"},{"$i":"month-7-genitive","$v":"ଅଗଷ୍ଟ"},{"$i":"month-8-genitive","$v":"ସେପ୍ଟେମ୍ୱର୍"},{"$i":"month-9-genitive","$v":"ଅକ୍ଟୋବର"},{"$i":"month-10-genitive","$v":"ନଭେମ୍ୱର୍"},{"$i":"month-11-genitive","$v":"ଡିସେମ୍ଵର"},{"$i":"month-0-short","$v":"ଜାନୁଆରୀ"},{"$i":"month-1-short","$v":"ଫେବୃଆରୀ"},{"$i":"month-2-short","$v":"ମାର୍ଚ୍ଚ"},{"$i":"month-3-short","$v":"ଏପ୍ରିଲ୍"},{"$i":"month-4-short","$v":"ମେ"},{"$i":"month-5-short","$v":"ଜୁନ୍"},{"$i":"month-6-short","$v":"ଜୁଲାଇ"},{"$i":"month-7-short","$v":"ଅଗଷ୍ଟ"},{"$i":"month-8-short","$v":"ସେପ୍ଟେମ୍ବର୍‌"},{"$i":"month-9-short","$v":"ଅକ୍ଟୋବର"},{"$i":"month-10-short","$v":"ନଭେମ୍ବର"},{"$i":"month-11-short","$v":"ଡିସେମ୍ବର"},{"$i":"minutes-ago-long","$v":{"zero":"ସାଙ୍ଗେସାଙ୍ଗେ","one":"ଏକ ମିନିଟ୍‌ ପୂର୍ବେ","two":[{"t":"idOrVar","v":"value"}," ମିନିଟ୍ ପୂର୍ବେ"],"few":[{"t":"idOrVar","v":"value"}," ମିନିଟ୍ ପୂର୍ବେ"],"many":[{"t":"idOrVar","v":"value"}," ମିନିଟ୍ ପୂର୍ବେ"],"other":[{"t":"idOrVar","v":"value"}," ମିନିଟ୍ ପୂର୍ବେ"]},"$x":[{"t":"idOrVar","v":"plural"},"value"]},{"$i":"hours-ago-long","$v":{"zero":"ସାଙ୍ଗେସାଙ୍ଗେ","one":"ଏକ ଘଣ୍ଟା ପୂର୍ବେ","two":[{"t":"idOrVar","v":"value"}," ଘଣ୍ଟା ପୂର୍ବେ"],"few":[{"t":"idOrVar","v":"value"}," ଘଣ୍ଟା ପୂର୍ବେ"],"many":[{"t":"idOrVar","v":"value"}," ଘଣ୍ଟା ପୂର୍ବେ"],"other":[{"t":"idOrVar","v":"value"}," ଘଣ୍ଟା ପୂର୍ବେ"]},"$x":[{"t":"idOrVar","v":"plural"},"value"]},{"$i":"days-ago-long","$v":{"zero":"ଆଜି","one":"ଗତକାଲି","two":[{"t":"idOrVar","v":"value"}," ଦିନ ପୂର୍ବେ"],"few":[{"t":"idOrVar","v":"value"}," ଦିନ ପୂର୍ବେ"],"many":[{"t":"idOrVar","v":"value"}," ଦିନ ପୂର୍ବେ"],"other":[{"t":"idOrVar","v":"value"}," ଦିନ ପୂର୍ବେ"]},"$x":[{"t":"idOrVar","v":"plural"},"value"]},{"$i":"weeks-ago-long","$v":{"zero":"ଏହି ସପ୍ତାହ","one":"ଗତ ସପ୍ତାହ","two":[{"t":"idOrVar","v":"value"}," ସପ୍ତାହ ପୂର୍ବେ"],"few":[{"t":"idOrVar","v":"value"}," ସପ୍ତାହ ପୂର୍ବେ"],"many":[{"t":"idOrVar","v":"value"}," ସପ୍ତାହ ପୂର୍ବେ"],"other":[{"t":"idOrVar","v":"value"}," ସପ୍ତାହ ପୂର୍ବେ"]},"$x":[{"t":"idOrVar","v":"plural"},"value"]},{"$i":"months-ago-long","$v":{"zero":"ଏହି ମାସ","one":"ଗତ ମାସ","two":[{"t":"idOrVar","v":"value"}," ମାସ ପୂର୍ବେ"],"few":[{"t":"idOrVar","v":"value"}," ମାସ ପୂର୍ବେ"],"many":[{"t":"idOrVar","v":"value"}," ମାସ ପୂର୍ବେ"],"other":[{"t":"idOrVar","v":"value"}," ମାସ ପୂର୍ବେ"]},"$x":[{"t":"idOrVar","v":"plural"},"value"]},{"$i":"years-ago-long","$v":{"zero":"ଏହି ବର୍ଷ","one":"ଗତ ବର୍ଷ","two":[{"t":"idOrVar","v":"value"}," ବର୍ଷ ପୂର୍ବେ"],"few":[{"t":"idOrVar","v":"value"}," ବର୍ଷ ପୂର୍ବେ"],"many":[{"t":"idOrVar","v":"value"}," ବର୍ଷ ପୂର୍ବେ"],"other":[{"t":"idOrVar","v":"value"}," ବର୍ଷ ପୂର୍ବେ"]},"$x":[{"t":"idOrVar","v":"plural"},"value"]},{"$i":"minutes-until-long","$v":{"zero":"ବର୍ତ୍ତମାନ","one":"ଏକ ମିନିଟ୍‌ ରେ","two":[{"t":"idOrVar","v":"value"}," ମିନିଟ୍‌ରେ"],"few":[{"t":"idOrVar","v":"value"}," ମିନିଟ୍‌ରେ"],"many":[{"t":"idOrVar","v":"value"}," ମିନିଟ୍‌ରେ"],"other":[{"t":"idOrVar","v":"value"}," ମିନିଟ୍‌ରେ"]},"$x":[{"t":"idOrVar","v":"plural"},"value"]},{"$i":"hours-until-long","$v":{"zero":"ବର୍ତ୍ତମାନ","one":"ଏକ ଘଣ୍ଟାରେ","two":[{"t":"idOrVar","v":"value"}," ଘଣ୍ଟାରେ"],"few":[{"t":"idOrVar","v":"value"}," ଘଣ୍ଟାରେ"],"many":[{"t":"idOrVar","v":"value"}," ଘଣ୍ଟାରେ"],"other":[{"t":"idOrVar","v":"value"}," ଘଣ୍ଟାରେ"]},"$x":[{"t":"idOrVar","v":"plural"},"value"]},{"$i":"days-until-long","$v":{"zero":"ଆଜି","one":"ଆସନ୍ତାକାଲି","two":[{"t":"idOrVar","v":"value"}," ଦିନରେ"],"few":[{"t":"idOrVar","v":"value"}," ଦିନରେ"],"many":[{"t":"idOrVar","v":"value"}," ଦିନରେ"],"other":[{"t":"idOrVar","v":"value"}," ଦିନରେ"]},"$x":[{"t":"idOrVar","v":"plural"},"value"]},{"$i":"weeks-until-long","$v":{"zero":"ଏହି ସପ୍ତାହ","one":"ପରବର୍ତ୍ତୀ ସପ୍ତାହ","two":[{"t":"idOrVar","v":"value"}," ସପ୍ତାହରେ"],"few":[{"t":"idOrVar","v":"value"}," ସପ୍ତାହରେ"],"many":[{"t":"idOrVar","v":"value"}," ସପ୍ତାହରେ"],"other":[{"t":"idOrVar","v":"value"}," ସପ୍ତାହରେ"]},"$x":[{"t":"idOrVar","v":"plural"},"value"]},{"$i":"months-until-long","$v":{"zero":"ଏହି ମାସ","one":"ପରବର୍ତ୍ତୀ ମାସ","two":[{"t":"idOrVar","v":"value"}," ମାସରେ"],"few":[{"t":"idOrVar","v":"value"}," ମାସରେ"],"many":[{"t":"idOrVar","v":"value"}," ମାସରେ"],"other":[{"t":"idOrVar","v":"value"}," ମାସରେ"]},"$x":[{"t":"idOrVar","v":"plural"},"value"]},{"$i":"years-until-long","$v":{"zero":"ଏହି ବର୍ଷ","one":"ପରବର୍ତ୍ତୀ ବର୍ଷ","two":[{"t":"idOrVar","v":"value"}," ବର୍ଷରେ"],"few":[{"t":"idOrVar","v":"value"}," ବର୍ଷରେ"],"many":[{"t":"idOrVar","v":"value"}," ବର୍ଷରେ"],"other":[{"t":"idOrVar","v":"value"}," ବର୍ଷରେ"]},"$x":[{"t":"idOrVar","v":"plural"},"value"]},{"$i":"minutes-ago-short","$v":{"zero":"ସାଙ୍ଗେସାଙ୍ଗେ","other":[{"t":"idOrVar","v":"value"},"m ପୂର୍ବେ"]},"$x":[{"t":"idOrVar","v":"plural"},"value"]},{"$i":"hours-ago-short","$v":{"zero":"ସାଙ୍ଗେସାଙ୍ଗେ","other":[{"t":"idOrVar","v":"value"},"h ପୂର୍ବେ"]},"$x":[{"t":"idOrVar","v":"plural"},"value"]},{"$i":"days-ago-short","$v":{"zero":"ଆଜି","other":[{"t":"idOrVar","v":"value"},"d ପୂର୍ବେ"]},"$x":[{"t":"idOrVar","v":"plural"},"value"]},{"$i":"minutes-until-short","$v":{"zero":"ବର୍ତ୍ତମାନ","other":[{"t":"idOrVar","v":"value"}," ମାସରେ"]},"$x":[{"t":"idOrVar","v":"plural"},"value"]},{"$i":"hours-until-short","$v":{"zero":"ବର୍ତ୍ତମାନ","other":[{"t":"idOrVar","v":"value"}," ଘଣ୍ଟାରେ"]},"$x":[{"t":"idOrVar","v":"plural"},"value"]},{"$i":"days-until-short","$v":{"zero":"ଆଜି","other":[{"t":"idOrVar","v":"value"}," ଦିନରେ"]},"$x":[{"t":"idOrVar","v":"plural"},"value"]},{"$i":"incorrectDate","$v":"(ଭୁଲ୍ ତାରିଖ)"},{"$i":"dateTimeFormat_%c","$v":"%a %b %e %Y %I:%M:%S %p"},{"$i":"dateTimeFormat_%x","$v":"%m/%d/%Y"},{"$i":"dateTimeFormat_%X","$v":"%I:%M:%S %p"},{"$i":"shortTimeFormat","$v":"%I:%M %p"},{"$i":"shortTimeFormat12","$v":"%I:%M %p"},{"$i":"shortTimeFormat24","$v":"%H:%M"},{"$i":"shortDateTimeFormat","$v":"%x %I:%M %p"},{"$i":"weekStartsOnMonday","$v":"0"},{"$i":"firstDayOfTheWeek","$v":"0"},{"$i":"time_am","$v":"AM"},{"$i":"time_pm","$v":"PM"},{"$i":"sim-with-index-and-carrier","$v":["ସିମ୍‌ ",{"t":"idOrVar","v":"index"}," - ",{"t":"idOrVar","v":"carrier"}]},{"$i":"sim-without-carrier","$v":["ସିମ୍ ",{"t":"idOrVar","v":"index"}]}]