[{"$i":"contacts","$v":"संपर्काः"},{"$i":"view","$v":"दृश्यताम्"},{"$i":"no-contacts","$v":"सम्पर्कः नास्ति"},{"$i":"reading-contacts","$v":"सम्पर्काः लोडभवन्ति"},{"$i":"start-adding","$v":"संपर्कं योजितुं नूतनं संपर्कं नोदयतु।"},{"$i":"no-contact-available","$v":"किमपि सम्पर्कमुपलब्धं नास्ति"},{"$i":"ok","$v":"नुदताम्"},{"$i":"no-phone-number-to-dial","$v":"कापि प्रवेशितफोनसंख्या नास्ति"},{"$i":"move","$v":"स्थानान्तरतु"},{"$i":"copy","$v":"प्रतिकृतिः"},{"$i":"copy-contacts","$v":"सम्पर्काणां प्रतिकृतिं करोतु"},{"$i":"move-contacts","$v":"सम्पर्कान् स्थानान्तरतु"},{"$i":"phone-memory","$v":"दूरभाषस्य स्मृतिः"},{"$i":"sim-memory","$v":"सिम स्मृतिः"},{"$i":"move-from","$v":"तः स्थानान्तरतु"},{"$i":"to","$v":"प्रति"},{"$i":"move-contacts-progressing","$v":"सम्पर्कान्(कम्) स्थानान्तरति..."},{"$i":"copy-contacts-progressing","$v":"सम्पर्कान्(कम्) प्रतिकृतिं करोति"},{"$i":"contact-move-to-sim","$v":["सिम प्रति ",{"t":"idOrVar","v":"migrated"}," सम्पर्कः(काः) स्थानान्तरितः(ताः)"]},{"$i":"contact-copy-to-sim","$v":["सिम प्रति ",{"t":"idOrVar","v":"migrated"}," सम्पर्कः(काः) प्रतिकृतिकृतः(ताः)"]},{"$i":"contact-move-to-sim0","$v":["सिम 1 प्रति ",{"t":"idOrVar","v":"migrated"}," सम्पर्कः(काः) स्थानान्तरितः(ताः)"]},{"$i":"contact-copy-to-sim0","$v":["सिम 1 प्रति ",{"t":"idOrVar","v":"migrated"}," सम्पर्कः(काः) प्रतिकृतिकृतः(ताः)"]},{"$i":"contact-move-to-sim1","$v":["सिम 2 प्रति ",{"t":"idOrVar","v":"migrated"}," सम्पर्कः(काः) स्थानान्तरितः(ताः)"]},{"$i":"contact-copy-to-sim1","$v":["सिम 2 प्रति ",{"t":"idOrVar","v":"migrated"}," सम्पर्कः(काः) प्रतिकृतिकृतः(ताः)"]},{"$i":"contact-move-to-device","$v":["उपकरणं प्रति ",{"t":"idOrVar","v":"migrated"}," सम्पर्कः(काः) स्थानान्तरितः(ताः)"]},{"$i":"contact-copy-to-device","$v":["उपकरणं प्रति ",{"t":"idOrVar","v":"migrated"}," सम्पर्कः(काः) प्रतिकृतिकृतः(ताः)"]},{"$i":"copy-contact-failed","$v":"सम्पर्कस्य प्रतिकृतिकार्यम् असफलम्"},{"$i":"move-contact-failed","$v":"सम्पर्कस्य प्रतिकृतिकार्यम् असफलम्"},{"$i":"contact-copy-error-sim-full","$v":"यतो हि सिम पत्रं पूर्णम् अस्ति, अतः सम्पर्काणाम् प्रतिकृतिकार्यं न पूर्णम्।"},{"$i":"contact-copy-error-unknown","$v":"अज्ञातदोषत्वात् सम्पर्काणां प्रतिकृतिकार्यं न पूर्णम्।"},{"$i":"contact-move-error-sim-full","$v":"यतो हि सिम पत्रं पूर्णम् अस्ति, अतः सम्पर्काणाम् स्थानान्तरणकार्यं न पूर्णम्।"},{"$i":"contact-move-error-unknown","$v":"अज्ञातदोषत्वात् सम्पर्काणां स्थानान्तरणकार्यं न पूर्णम्।"},{"$i":"memory","$v":"मेमोरी"},{"$i":"phone-and-sim","$v":"दूरभाषः, सिम च"},{"$i":"phone","$v":"चलभाषः"},{"$i":"sim","$v":"SIM"},{"$i":"reloading-contact","$v":"सम्पर्कान् पुनःस्थापयति.."},{"$i":"contact-reloaded","$v":"सम्पर्काः पुनःस्थापिताः"},{"$i":"message","$v":"संदेशः"},{"$i":"find-duplicate-contacts","$v":"डुप्लिकेट संपर्कं अन्वेषयतु"},{"$i":"no-duplicate-contact-found","$v":"किमपि डुप्लिकेटसम्पर्कं नास्ति"},{"$i":"change-saved","$v":"परिवर्तनं रक्षितम्"},{"$i":"contact-updated","$v":"सम्पर्कः अद्यतनीकृतः"},{"$i":"already-ice-contact","$v":"एषः सम्पर्कः पूर्वस्मादेव ICE सम्पर्कः वर्तते।"},{"$i":"callAirplaneModeTitle","$v":"वायुयानमोड सक्रियः"},{"$i":"callAirplaneModeMessage","$v":"आह्वाहनं कर्तुं भवता/भवत्या अभविन्यासे विमानावस्था निष्क्रिया करणीया।"},{"$i":"emergencyDialogTitle","$v":"जालसंकेतं न वर्तते"},{"$i":"emergencyDialogBodyBadNumber","$v":"आह्वाहनं कर्तुं दूरभाषः जालेन सह संयोजितः स्यादेव।"},{"$i":"emergencyDialogBodyDeviceNotAccepted","$v":"जालेन आपत्कालाह्वाहानि न अनुमोदितानि।"},{"$i":"invalidNumberToDialTitle","$v":"अवैधफोनसंख्या"},{"$i":"invalidNumberToDialMessage","$v":"यं क्रमाङ्कं प्रति भवा्न्/भवती आह्वयति, सः अयोग्यः अस्ति।"},{"$i":"emergency-call-only","$v":"आपातकालीन कॉल केवलम्"},{"$i":"emergency-call-error","$v":[{"t":"idOrVar","v":"number"}," इति आपत्कालीनः क्रमाङ्कः नास्ति।"]},{"$i":"numberIsBusyTitle","$v":"संख्या व्यस्तमस्ति"},{"$i":"numberIsBusyMessage","$v":"क्रमाङ्कः अधुना व्यस्तः अस्ति। कृपया पुनश्चेष्टितव्यमनन्तरम् ।"},{"$i":"fdnIsActiveTitle","$v":"FDN सक्रियः"},{"$i":"fdnIsActiveMessage","$v":["FDN (फिक्स्ड डायलिंग नंबरस) सक्रियः वर्तते निम्नसंख्या च भवतः FDN सूच्यां नास्ति : ",{"t":"idOrVar","v":"number"}]},{"$i":"otherConnectionInUseTitle","$v":"उपयोगे अन्यकनेक्शनम्"},{"$i":"otherConnectionInUseMessage","$v":"अन्यसंयोजने भवतः/भवत्याः अन्याह्वाहनं सक्रियम् अस्ति। एकस्मिन् समये भवान्/भवती एकमेव संयोजनं प्रयोक्तुं शक्नोति।"},{"$i":"GenericFailure","$v":"सामान्यविफलता"},{"$i":"scCallBarring","$v":"कॉल प्रतिबंधितम्"},{"$i":"scCallForwarding","$v":"कॉल अग्रेषणम्"},{"$i":"scClip","$v":"आगताह्वानस्य आह्वाहनपरिचयः ID"},{"$i":"scClir","$v":"बहिर्गताह्वानस्य आह्वाहनपरिचयः ID"},{"$i":"scPwd","$v":"कूटसंख्यायाः परिवर्तनम्"},{"$i":"scCallWaiting","$v":"आह्वाहनस्य प्रतीक्षा"},{"$i":"scPin","$v":"PIN परिवर्तनम्"},{"$i":"scPin2","$v":"पिन 2 परिवर्तनम्"},{"$i":"scPuk","$v":"पिन अनवरोधितं करोतु"},{"$i":"scPuk2","$v":"पिन2 अनवरोधितं करोतु"},{"$i":"scImei","$v":"IMEI"},{"$i":"scMeid","$v":"MEID"},{"$i":"scUssd","$v":"USSD"},{"$i":"set-speed-dial","$v":"शीघ्राह्वाहनस्य सम्पर्कान् निर्धारयतु"},{"$i":"empty","$v":"रिक्तम्"},{"$i":"voicemail","$v":"ध्वनिसन्देशः"},{"$i":"speed-dial","$v":"त्वरिदाह्वाहनम्"},{"$i":"add","$v":"युज्यताम्"},{"$i":"replace","$v":"परिवर्त्यताम्"},{"$i":"remove-from-speed-dial","$v":"त्वरिदाह्वाहनात् अपाकरोतु"},{"$i":"custom-dialog-replace-speed-dial","$v":[{"t":"idOrVar","v":"oldSpeedDial"}," इत्येतत् त्वरिदाह्वाहनं ",{"t":"idOrVar","v":"newSpeedDial"}," इत्यनेन परिवर्तयितुं दृढमनाः अस्ति खलु?"]},{"$i":"custom-dialog-remove-speed-dial","$v":["त्वरिदाह्वाहनात् ",{"t":"idOrVar","v":"name"}," अपाकरणे दृढमनाः अस्ति खलु?"]},{"$i":"voice-mail","$v":"ध्वनि-वि-पत्रम्"},{"$i":"voice-mail-number","$v":"ध्वनि-वि-पत्रस्य क्रमाङ्कः"},{"$i":"voice-mail-number-updated","$v":"वॉयस मेल नंबरं अद्यतनं करणीयम्"},{"$i":"found-duplicates-message","$v":"निम्नेषु सम्पर्केषु समानसूचनाः सम्प्राप्ताः। किं भवान्/भवती ताः विलयितुम् इच्छति?"},{"$i":"confirm-to-merge-contacts","$v":[{"t":"idOrVar","v":"n"}," सम्पर्कान् ",{"t":"idOrVar","v":"name"}," इत्यतैः सह विलयितुं दृढमनाः अस्ति खलु?"]},{"$i":"merge","$v":"मिश्रणम्"},{"$i":"contact-merged","$v":"सम्पर्काः विलीनीकृताः"},{"$i":"add-favorite","$v":"अभिप्सितं योजयतु"},{"$i":"remove-favorite","$v":"अप्रियः"},{"$i":"favorite-contacts","$v":"रूचिताः सम्पर्काः"},{"$i":"sort-contacts","$v":"सम्पर्कान् संक्षिप्तं करोतु"},{"$i":"sort-by-first-name","$v":"प्रथमनाम्नः आधारेण क्रमबद्धं करोतु"},{"$i":"sort-by-last-name","$v":"अन्तिमनाम्नः आधारेण क्रमबद्धं करोतु"},{"$i":"no-support-open-multi-vcard","$v":"एकाधिकैः सम्पर्कैः सह vCard उद्घाटयितुं न शक्यते"},{"$i":"sdcard","$v":"मेमोरीकार्ड"},{"$i":"simcard","$v":"SIM कार्ड"},{"$i":"import-contacts","$v":"आमदानिसम्पर्काः"},{"$i":"simContacts-error","$v":"सिमतः संपर्कान्नायातकर्तुं नाशक्नोत्"},{"$i":"memoryCardContacts-error","$v":"आयं नाभवत् मेमोरीकार्डं प्रति सम्पर्कं करोतु"},{"$i":"simContacts-reading","$v":"सिमकार्डतः संपर्कान् पठति ..."},{"$i":"memoryCardContacts-reading","$v":"मेमोरीकार्डतः संपर्कान् पठति ..."},{"$i":"importContactsTitle","$v":"आमदानिसम्पर्काः"},{"$i":"retry","$v":"पुनः प्रयस्यताम्"},{"$i":"noSimMsg","$v":"संपर्कायातकर्तुं स्वकीय सिमकार्ड स्थापयतु यद्वा अनलॉक करोतु"},{"$i":"noSdcardMsg","$v":"संपर्कान् आयातकर्तुं मेमोरी कार्ड स्थापयतु"},{"$i":"not-imported","$v":"आयातं न कृतम्"},{"$i":"imported","$v":"आयातिता"},{"$i":"importing","$v":"आयातं करोति"},{"$i":"contact-imported","$v":["आयातकृतम्",{"t":"idOrVar","v":"imported"},"  संपर्कान् । ",{"t":"idOrVar","v":"Dupes"}," संपर्काः मर्जकृताः ।"]},{"$i":"reading-contacts-from-sim","$v":"सिम कार्डतः संपर्कपठनम् .."},{"$i":"reading-contacts-from-gmail","$v":"जीमेलतः संपर्कान् पठति.."},{"$i":"reading-contacts-from-live","$v":"आउटलुकतः संपर्कान् पठति.."},{"$i":"reading-contacts-from-sd","$v":"मेमोरिकार्डतः संपर्कपठनम् .."},{"$i":"reading-contacts-from-vcard","$v":"फाइलतः संपर्कपठनम् .."},{"$i":"importing-contacts-from-sim","$v":"सिम कार्डतः संपर्कमायातं करणीयम्.."},{"$i":"importing-contacts-from-gmail","$v":"जीमेलतः संपर्कमायातं करणीयम्.."},{"$i":"importing-contacts-from-live","$v":"आउटलुकतः संपर्कमायातं करणीयम्.."},{"$i":"importing-contacts-from-sd","$v":"मेमोरी कार्डतः संपर्कमायातं करणीयम्.."},{"$i":"importing-contacts-from-vcard","$v":"फ़ाइलतः संपर्कान्नायातकरनम् .."},{"$i":"connect-network-to-import","$v":"महत्त्वपूर्णेभ्यः सम्पर्केभ्यः WiFi अथवा दत्तांशजालेन सह सम्पर्कं करोतु"},{"$i":"export","$v":"आयम्"},{"$i":"export-contacts","$v":"आयसम्पर्काः"},{"$i":"simExport-title","$v":"सिम निर्यातं करोतु"},{"$i":"memoryCardExport-title","$v":"मेमोरीकार्डेनिर्यातं करोतु"},{"$i":"btExport-title","$v":"ब्लूटूथे निर्यातं करोतु"},{"$i":"noSimMsgExport","$v":"संपर्कान् निर्यातकर्तुं स्वसिमकार्ड स्थापयतु या अनलॉक करोतु"},{"$i":"bluetoothNoConnection","$v":"सम्पर्कानां निर्यातं कर्तुं ब्लूटूथ-उपकरणेन सह संयोज्यताम्।"},{"$i":"contact-exported","$v":[{"t":"idOrVar","v":"Exported"}," संपर्काः निर्यातं कृतवन्तः"]},{"$i":"export-contact-failed","$v":"निर्यातः सम्पर्कस्य असफलः"},{"$i":"contact-export-error-sim-full","$v":"यतो हि सिम पत्रं पूर्णम् अस्ति, अतः सम्पर्काणाम् निर्यातः न पूर्णः।"},{"$i":"contact-export-error-unknown","$v":"अज्ञातदोषत्वात् सम्पर्काणां निर्यातकार्यं न पूर्णम्।"},{"$i":"save","$v":"संरक्षितम्"},{"$i":"back","$v":"पृष्ठे"},{"$i":"givenName","$v":"प्रथमनाम"},{"$i":"familyName","$v":"अन्तिमनाम"},{"$i":"name","$v":"नाम"},{"$i":"org","$v":"संस्था"},{"$i":"ringtone","$v":"रवः"},{"$i":"note","$v":"टिप्पणीः"},{"$i":"email","$v":"ई-मेल्"},{"$i":"adr","$v":"पत्रसंकेतः"},{"$i":"custom","$v":"स्वानुकूलः"},{"$i":"confirm-discard-contact-data","$v":"सम्पर्कस्य सूचनाः निष्क्रियाः भविष्यन्ति। एनं सम्पर्कं निश्चयेन रक्षितुम् इच्छति?"},{"$i":"discard","$v":"विसर्ज्यताम्"},{"$i":"add-others","$v":"अन्यान् योजयतु"},{"$i":"custom-type","$v":"स्वानुकूलं टङ्कनम्"},{"$i":"input-the-custom-type","$v":"कृपया स्वानुकूलप्रकारं निवेशयतु।"},{"$i":"contact-saved","$v":"सम्पर्कः रक्षितः"},{"$i":"are-you-sure-to-delete-field","$v":["एतत् ",{"t":"idOrVar","v":"field"}," अपाकर्तुं दृढमानाः किम्?"]},{"$i":"personal","$v":"व्यक्तिगतम्"},{"$i":"mobile","$v":"चलभाषः"},{"$i":"current","$v":"साम्प्रतम्"},{"$i":"home","$v":"गृहम्"},{"$i":"work","$v":"कार्यालयम्"},{"$i":"other","$v":"अन्यः"},{"$i":"fax-home","$v":"फैक्स गृहम्"},{"$i":"fax-office","$v":"फैक्स कार्यालयः"},{"$i":"fax-other","$v":"फैक्स अन्ये"},{"$i":"add-tel","$v":"फोनसंख्या योजयतु"},{"$i":"add-email","$v":"ईमेल योजयतु"},{"$i":"add-ringtone","$v":"रिंगटोन योजयतु"},{"$i":"add-adr","$v":"पत्रसंकेतः योजयतु"},{"$i":"add-bday","$v":"जन्मदिनांकं योजयतु"},{"$i":"add-photo","$v":"चित्रं योजयतु"},{"$i":"add-note","$v":"टप्पणीं योजयतु"},{"$i":"add-org","$v":"कम्पनी योजयतु"},{"$i":"delete-tel","$v":"फोनसंख्या अपमर्जतु"},{"$i":"delete-email","$v":"ई-मेल अपमर्जतु"},{"$i":"delete-ringtone","$v":"रिंगटन अपमर्जतु"},{"$i":"delete-adr","$v":"पत्रसंकेतः अपमर्जतु"},{"$i":"delete-bday","$v":"ग्रन्थालयम् अपाकरोतु"},{"$i":"delete-photo","$v":"चित्रम् अपाकरोतु"},{"$i":"delete-note","$v":"नोट अपमर्जतु"},{"$i":"delete-org","$v":"संस्थाम् अपाकरोतु"},{"$i":"edit-tel-type","$v":"दूरभाषः प्रकारः सम्पादनीयः"},{"$i":"edit-email-type","$v":"ई-मेलप्रकारः सम्पादनीयः"},{"$i":"edit-adr-type","$v":"पत्रसंकेतः प्रकारः सम्पादनीयः"},{"$i":"edit-bday-type","$v":"जन्मदिनं सम्पाद्यताम्"},{"$i":"replace-photo","$v":"चित्रम् अपाकरोतु"},{"$i":"replace-ringtone","$v":"रिंगटोन परिवर्तयतु"},{"$i":"mobile-tel","$v":"मोबाइलफोनम्"},{"$i":"home-tel","$v":"गृहदूरभाषः"},{"$i":"work-tel","$v":"कार्यस्य दूरभाषः"},{"$i":"personal-tel","$v":"व्यक्तिगतफोन"},{"$i":"fax-home-tel","$v":"गृहफ़ैक्स"},{"$i":"fax-office-tel","$v":"कार्यालयस्य फेक्स"},{"$i":"fax-other-tel","$v":"अन्यफैक्स"},{"$i":"other-tel","$v":"अन्यफोनः"},{"$i":"personal-email","$v":"व्यक्तिगत इमेल"},{"$i":"work-email","$v":"कार्यस्य ईमेल"},{"$i":"other-email","$v":"अन्यइमेल"},{"$i":"custom-email","$v":[{"t":"idOrVar","v":"type"}," ई-मेल"]},{"$i":"custom-tel","$v":[{"t":"idOrVar","v":"type"}," फोन"]},{"$i":"personal-adr","$v":"व्यक्तिगतसंकेतः"},{"$i":"current-adr","$v":"वर्तमानपत्रसंकेतः"},{"$i":"home-adr","$v":"गृहसंकेतः"},{"$i":"work-adr","$v":"कार्यालयस्य संकेतः"},{"$i":"custom-adr","$v":[{"t":"idOrVar","v":"type"}," पत्रसंकेतः"]},{"$i":"bday","$v":"जन्मदिवसः"},{"$i":"birthday","$v":"जन्मदिवसः"},{"$i":"streetAddress","$v":"वीथी"},{"$i":"locality","$v":"नगरम्"},{"$i":"postalCode","$v":"पिन कूटः"},{"$i":"countryName","$v":"देशः"},{"$i":"region","$v":"राज्यम्"},{"$i":"no-name","$v":"नाम नास्ति"},{"$i":"new-contact","$v":"नूतनसम्पर्कः"},{"$i":"options","$v":"विकल्पाः"},{"$i":"cancel","$v":"निरस्यताम्"},{"$i":"settings","$v":"व्यवस्थापनम्"},{"$i":"edit","$v":"संपाद्यताम्"},{"$i":"share","$v":"सभाज्यताम्"},{"$i":"remove","$v":"लुप्यताम्"},{"$i":"music","$v":"संगीतः"},{"$i":"ICEContactsGroup","$v":"ICE सम्पर्काः"},{"$i":"setICEButton","$v":"ICE संपर्कं व्यवस्थापयतु"},{"$i":"ICESettingTitle","$v":"ICE सम्पर्काः"},{"$i":"ICEDescription","$v":"\"आपातकालीनकॉलविषये\" निर्मातुं पञ्च सम्पर्कान् योजयतु।"},{"$i":"ICEContact","$v":["ICE सम्पर्कः ",{"t":"idOrVar","v":"n"}]},{"$i":"ICESelectContact","$v":"सम्पर्कमेकं चिनोतु"},{"$i":"delete-ice-contact-warning","$v":"किं भवान् निश्चयेन ICE संपर्कं अपसारितकर्तुमिच्छति ?"},{"$i":"confirm","$v":"अनुमोदनम्"},{"$i":"send-message","$v":"सन्देशं प्रेषयतु"},{"$i":"call","$v":"वार्ता"},{"$i":"send-email","$v":"ईमेल प्रेषयतु"},{"$i":"choose-number","$v":"चयनितं संख्या चिनुत"},{"$i":"choose-email-adress","$v":"ईमेलसंकेतं चिनोतु"},{"$i":"delete","$v":"लुप्यताम्"},{"$i":"select","$v":"चिनोतु"},{"$i":"select-all","$v":"सर्वं चिनोतु"},{"$i":"deselect-all","$v":"सकलान् अचिह्नितान् करोतु"},{"$i":"deselect","$v":"निर्वाचनमुक्तं करोतु"},{"$i":"selected-contacts","$v":{"zero":"किमपि न चिनुतम्","one":[{"t":"idOrVar","v":"n"}," चयनितम्"],"two":[{"t":"idOrVar","v":"n"}," चयनितम्"],"few":[{"t":"idOrVar","v":"n"}," चयनितम्"],"many":[{"t":"idOrVar","v":"n"}," चयनितम्"],"other":[{"t":"idOrVar","v":"n"}," चयनितम्"]},"$x":[{"t":"idOrVar","v":"plural"},"n"]},{"$i":"massive-delete","$v":"संपर्कान् लुप्यताम्"},{"$i":"confirm-contact-delete","$v":[{"t":"idOrVar","v":"name"}," सम्पर्कान् अपाकर्तुं दृढमनाः अस्ति खलु?"]},{"$i":"DeletedTxt","$v":{"zero":"अपसारितुं सम्पर्कं नास्ति","one":"1 सम्पर्कः स्थानान्तरितम्","two":[{"t":"idOrVar","v":"n"}," संपर्कम् अपसारिम्"],"few":[{"t":"idOrVar","v":"n"}," संपर्कम् अपसारिम्"],"many":[{"t":"idOrVar","v":"n"}," संपर्कम् अपसारिम्"],"other":[{"t":"idOrVar","v":"n"}," संपर्कम् अपसारिम्"]},"$x":[{"t":"idOrVar","v":"plural"},"n"]},{"$i":"DeletingContacts","$v":"सम्पर्कान् अपमर्जति"},{"$i":"ContactConfirmDel","$v":{"zero":"अपसारितुं सम्पर्कं नास्ति","one":"1 सम्पर्कम् अपाकरोति? एतत् पुनर्प्राप्तुं न शक्यते।","two":[{"t":"idOrVar","v":"n"}," सम्पर्कान् अपाकरोति? एतत् पुनर्प्राप्तुं न शक्यते।"],"few":[{"t":"idOrVar","v":"n"}," सम्पर्कान् अपाकरोति? एतत् पुनर्प्राप्तुं न शक्यते।"],"many":[{"t":"idOrVar","v":"n"}," सम्पर्कान् अपाकरोति? एतत् पुनर्प्राप्तुं न शक्यते।"],"other":[{"t":"idOrVar","v":"n"}," सम्पर्कान् अपाकरोति? एतत् पुनर्प्राप्तुं न शक्यते।"]},"$x":[{"t":"idOrVar","v":"plural"},"n"]},{"$i":"contact-deleted","$v":[{"t":"idOrVar","v":"n"}," संपर्कम् अपसारिम्"]},{"$i":"change-will-update-until-restart","$v":"अग्रे यदा सम्पर्काः प्रस्थापिताः भविष्यति, तदा परिवर्तानि अद्यतनानि भविष्यन्ति।"},{"$i":"transfer-contacts","$v":"संपर्कस्य स्थानांतरणम्"},{"$i":"contacts-management","$v":"संपर्कप्रबंधनम्"},{"$i":"no-contacts-found","$v":"सम्पर्कं न प्राप्तम्"},{"$i":"weekday-0-long","$v":"रविवासरः"},{"$i":"weekday-1-long","$v":"सोमवासरः"},{"$i":"weekday-2-long","$v":"मङ्गलवासरः"},{"$i":"weekday-3-long","$v":"बुधवासरः"},{"$i":"weekday-4-long","$v":"गुरुवासरः"},{"$i":"weekday-5-long","$v":"शुक्रवासरः"},{"$i":"weekday-6-long","$v":"शनिवासरः"},{"$i":"weekday-0-short","$v":"रविः"},{"$i":"weekday-1-short","$v":"सोम"},{"$i":"weekday-2-short","$v":"मंगलवारः"},{"$i":"weekday-3-short","$v":"मेल करनम्"},{"$i":"weekday-4-short","$v":"गुरुवारः"},{"$i":"weekday-5-short","$v":"शुक्र"},{"$i":"weekday-6-short","$v":"उपवेशितम्"},{"$i":"month-0-long","$v":"जनवरी"},{"$i":"month-1-long","$v":"फरवरी"},{"$i":"month-2-long","$v":"मार्च"},{"$i":"month-3-long","$v":"अप्रैल"},{"$i":"month-4-long","$v":"मई"},{"$i":"month-5-long","$v":"जून"},{"$i":"month-6-long","$v":"जुलाई"},{"$i":"month-7-long","$v":"अगस्त"},{"$i":"month-8-long","$v":"सितम्बरः"},{"$i":"month-9-long","$v":"अक्टूबरः"},{"$i":"month-10-long","$v":"नवम्बरः"},{"$i":"month-11-long","$v":"दिसम्बरः"},{"$i":"month-0-genitive","$v":"जनवरी"},{"$i":"month-1-genitive","$v":"फरवरी"},{"$i":"month-2-genitive","$v":"मार्च"},{"$i":"month-3-genitive","$v":"अप्रैल"},{"$i":"month-4-genitive","$v":"मई"},{"$i":"month-5-genitive","$v":"जून"},{"$i":"month-6-genitive","$v":"जुलाई"},{"$i":"month-7-genitive","$v":"अगस्त"},{"$i":"month-8-genitive","$v":"सितम्बरः"},{"$i":"month-9-genitive","$v":"अक्टूबरः"},{"$i":"month-10-genitive","$v":"नवम्बरः"},{"$i":"month-11-genitive","$v":"दिसम्बरः"},{"$i":"month-0-short","$v":"जनवरी"},{"$i":"month-1-short","$v":"फेव"},{"$i":"month-2-short","$v":"मार्च"},{"$i":"month-3-short","$v":"अप्रैल"},{"$i":"month-4-short","$v":"मई"},{"$i":"month-5-short","$v":"जनवरी"},{"$i":"month-6-short","$v":"जुलाई"},{"$i":"month-7-short","$v":"अगस्त"},{"$i":"month-8-short","$v":"सितम्बरः"},{"$i":"month-9-short","$v":"अक्टूबरः"},{"$i":"month-10-short","$v":"नवम्बरः"},{"$i":"month-11-short","$v":"डीईसी"},{"$i":"minutes-ago-long","$v":{"zero":"अधुना","one":"एकमिनट पूर्वम्","two":[{"t":"idOrVar","v":"value"}," मिनिटपूर्वम्"],"few":[{"t":"idOrVar","v":"value"}," मिनिटपूर्वम्"],"many":[{"t":"idOrVar","v":"value"}," मिनिटपूर्वम्"],"other":[{"t":"idOrVar","v":"value"}," मिनिटपूर्वम्"]},"$x":[{"t":"idOrVar","v":"plural"},"value"]},{"$i":"hours-ago-long","$v":{"zero":"अधुना","one":"एकघंटा पूर्वम्","two":[{"t":"idOrVar","v":"value"}," घटिकापूर्वम्"],"few":[{"t":"idOrVar","v":"value"}," घटिकापूर्वम्"],"many":[{"t":"idOrVar","v":"value"}," घटिकापूर्वम्"],"other":[{"t":"idOrVar","v":"value"}," घटिकापूर्वम्"]},"$x":[{"t":"idOrVar","v":"plural"},"value"]},{"$i":"days-ago-long","$v":{"zero":"अद्य","one":"ह्यः","two":[{"t":"idOrVar","v":"value"}," दिनपूर्वम्"],"few":[{"t":"idOrVar","v":"value"}," दिनपूर्वम्"],"many":[{"t":"idOrVar","v":"value"}," दिनपूर्वम्"],"other":[{"t":"idOrVar","v":"value"}," दिनपूर्वम्"]},"$x":[{"t":"idOrVar","v":"plural"},"value"]},{"$i":"weeks-ago-long","$v":{"zero":"अस्मिन् सप्ताहे","one":"ह्यः सप्ताहे","two":[{"t":"idOrVar","v":"value"}," सप्ताहपूर्वम्"],"few":[{"t":"idOrVar","v":"value"}," सप्ताहपूर्वम्"],"many":[{"t":"idOrVar","v":"value"}," सप्ताहपूर्वम्"],"other":[{"t":"idOrVar","v":"value"}," सप्ताहपूर्वम्"]},"$x":[{"t":"idOrVar","v":"plural"},"value"]},{"$i":"months-ago-long","$v":{"zero":"अस्मिन् मासे","one":"ह्यः मासे","two":[{"t":"idOrVar","v":"value"}," मासपूर्वम्"],"few":[{"t":"idOrVar","v":"value"}," मासपूर्वम्"],"many":[{"t":"idOrVar","v":"value"}," मासपूर्वम्"],"other":[{"t":"idOrVar","v":"value"}," मासपूर्वम्"]},"$x":[{"t":"idOrVar","v":"plural"},"value"]},{"$i":"years-ago-long","$v":{"zero":"अस्मिन् वर्षे","one":"ह्यः वर्षे","two":[{"t":"idOrVar","v":"value"}," वर्षपूर्वम्"],"few":[{"t":"idOrVar","v":"value"}," वर्षपूर्वम्"],"many":[{"t":"idOrVar","v":"value"}," वर्षपूर्वम्"],"other":[{"t":"idOrVar","v":"value"}," वर्षपूर्वम्"]},"$x":[{"t":"idOrVar","v":"plural"},"value"]},{"$i":"minutes-until-long","$v":{"zero":"अधुना","one":"एकमिनटमध्ये","two":[{"t":"idOrVar","v":"value"}," निमेषात्मके"],"few":[{"t":"idOrVar","v":"value"}," निमेषात्मके"],"many":[{"t":"idOrVar","v":"value"}," निमेषात्मके"],"other":[{"t":"idOrVar","v":"value"}," निमेषात्मके"]},"$x":[{"t":"idOrVar","v":"plural"},"value"]},{"$i":"hours-until-long","$v":{"zero":"अधुना","one":"एकघंटात्मके","two":[{"t":"idOrVar","v":"value"}," घंटात्मके"],"few":[{"t":"idOrVar","v":"value"}," घंटात्मके"],"many":[{"t":"idOrVar","v":"value"}," घंटात्मके"],"other":[{"t":"idOrVar","v":"value"}," घंटात्मके"]},"$x":[{"t":"idOrVar","v":"plural"},"value"]},{"$i":"days-until-long","$v":{"zero":"अद्य","one":"श्वः","two":[{"t":"idOrVar","v":"value"}," दिनात्मके"],"few":[{"t":"idOrVar","v":"value"}," दिनात्मके"],"many":[{"t":"idOrVar","v":"value"}," दिनात्मके"],"other":[{"t":"idOrVar","v":"value"}," दिनात्मके"]},"$x":[{"t":"idOrVar","v":"plural"},"value"]},{"$i":"weeks-until-long","$v":{"zero":"अस्मिन् सप्ताहे","one":"श्वः सप्ताहे","two":[{"t":"idOrVar","v":"value"}," सप्ताहात्मके"],"few":[{"t":"idOrVar","v":"value"}," सप्ताहात्मके"],"many":[{"t":"idOrVar","v":"value"}," सप्ताहात्मके"],"other":[{"t":"idOrVar","v":"value"}," सप्ताहात्मके"]},"$x":[{"t":"idOrVar","v":"plural"},"value"]},{"$i":"months-until-long","$v":{"zero":"अस्मिन् मासे","one":"श्वः मासे","two":[{"t":"idOrVar","v":"value"}," मासात्मके"],"few":[{"t":"idOrVar","v":"value"}," मासात्मके"],"many":[{"t":"idOrVar","v":"value"}," मासात्मके"],"other":[{"t":"idOrVar","v":"value"}," मासात्मके"]},"$x":[{"t":"idOrVar","v":"plural"},"value"]},{"$i":"years-until-long","$v":{"zero":"अस्मिन् वर्षे","one":"श्वः वर्षे","two":[{"t":"idOrVar","v":"value"}," वर्षात्मके"],"few":[{"t":"idOrVar","v":"value"}," वर्षात्मके"],"many":[{"t":"idOrVar","v":"value"}," वर्षात्मके"],"other":[{"t":"idOrVar","v":"value"}," वर्षात्मके"]},"$x":[{"t":"idOrVar","v":"plural"},"value"]},{"$i":"minutes-ago-short","$v":{"zero":"अधुना","other":[{"t":"idOrVar","v":"value"},"m पूर्वम्"]},"$x":[{"t":"idOrVar","v":"plural"},"value"]},{"$i":"hours-ago-short","$v":{"zero":"अधुना","other":[{"t":"idOrVar","v":"value"},"h पूर्वम्"]},"$x":[{"t":"idOrVar","v":"plural"},"value"]},{"$i":"days-ago-short","$v":{"zero":"अद्य","other":[{"t":"idOrVar","v":"value"},"d पूर्वम्"]},"$x":[{"t":"idOrVar","v":"plural"},"value"]},{"$i":"minutes-until-short","$v":{"zero":"अधुना","other":[{"t":"idOrVar","v":"value"}," m"]},"$x":[{"t":"idOrVar","v":"plural"},"value"]},{"$i":"hours-until-short","$v":{"zero":"अधुना","other":[{"t":"idOrVar","v":"value"}," h"]},"$x":[{"t":"idOrVar","v":"plural"},"value"]},{"$i":"days-until-short","$v":{"zero":"अद्य","other":[{"t":"idOrVar","v":"value"}," d"]},"$x":[{"t":"idOrVar","v":"plural"},"value"]},{"$i":"incorrectDate","$v":"(त्रुटिदिनांकः)"},{"$i":"dateTimeFormat_%c","$v":"%a %b %e %Y %I:%M:%S %p"},{"$i":"dateTimeFormat_%x","$v":"%m/%d/%Y"},{"$i":"dateTimeFormat_%X","$v":"%I:%M:%S %p"},{"$i":"shortTimeFormat","$v":"%I:%M %p"},{"$i":"shortTimeFormat12","$v":"%I:%M %p"},{"$i":"shortTimeFormat24","$v":"%H:%M"},{"$i":"shortDateTimeFormat","$v":"%x %I:%M %p"},{"$i":"weekStartsOnMonday","$v":"0"},{"$i":"firstDayOfTheWeek","$v":"0"},{"$i":"time_am","$v":"AM"},{"$i":"time_pm","$v":"PM"},{"$i":"sim-with-index-and-carrier","$v":["सिम ",{"t":"idOrVar","v":"index"}," - ",{"t":"idOrVar","v":"carrier"}]},{"$i":"sim-without-carrier","$v":["सिम  ",{"t":"idOrVar","v":"index"}]}]