[{"$i":"contacts","$v":"राबता"},{"$i":"view","$v":"डि॒सो"},{"$i":"no-contacts","$v":"के बि राबता न"},{"$i":"reading-contacts","$v":"राबता लोड करे रहियो आहे"},{"$i":"start-adding","$v":"राबता इज़ाफ़ो करणु लाइ नओं राबत़ो खे दॿायो ."},{"$i":"no-contact-available","$v":"हिते को बि राबत़ो दस्तयाब नाहे"},{"$i":"ok","$v":"ठीक"},{"$i":"no-phone-number-to-dial","$v":"डाइल करणु लाइ को बि फ़ोनु नम्बरु नाहे"},{"$i":"move","$v":"मुंतक़िल कर्यो"},{"$i":"copy","$v":"नक़ुल कर्यो"},{"$i":"copy-contacts","$v":"राबता नक़ुल कर्यो"},{"$i":"move-contacts","$v":"राबता मुंतक़िल कर्यो"},{"$i":"phone-memory","$v":"फ़ोनु मैमरी"},{"$i":"sim-memory","$v":"ईस.आई.एम मैमरी"},{"$i":"move-from","$v":"खां मुंतक़िल कर्यो"},{"$i":"to","$v":"खे"},{"$i":"move-contacts-progressing","$v":"राबता मुंतक़िल किरी प्यो..."},{"$i":"copy-contacts-progressing","$v":"राबता नक़ुल किरी प्यो..."},{"$i":"contact-move-to-sim","$v":["{{migrated} थियल राबता ईस.आई.एम ॾांहुं मुंतक़िल थिया"]},{"$i":"contact-copy-to-sim","$v":["{{migrated} थियल राबता ईस.आई.एम ॾांहुं नक़ुल थिया"]},{"$i":"contact-move-to-sim0","$v":["{{migrated} थियल राबता ईस.आई.एम 1 ॾांहुं मुंतक़िल थिया"]},{"$i":"contact-copy-to-sim0","$v":["{{migrated} थियल राबता ईस.आई.एम 1 ॾांहुं नक़ुल थिया"]},{"$i":"contact-move-to-sim1","$v":["{{migrated} थियल राबता ईस.आई.एम 2 ॾांहुं मुंतक़िल थिया"]},{"$i":"contact-copy-to-sim1","$v":["{{migrated} थियल राबता ईस.आई.एम 2 ॾांहुं नक़ुल थिया"]},{"$i":"contact-move-to-device","$v":["{{migrated} थियल राबता डिवाइस ॾांहुं मुंतक़िल थिया"]},{"$i":"contact-copy-to-device","$v":["{{migrated} थियल राबता डिवाइस ॾांहुं नक़ुल थिया"]},{"$i":"copy-contact-failed","$v":"राबत़ो नक़ुल कर्यो नाकाम थियो"},{"$i":"move-contact-failed","$v":"राबत़ो नक़ुल कर्यो नाकाम थियो"},{"$i":"contact-copy-error-sim-full","$v":"राबता नक़ुल कर्यो मुकमिलु न थियो छाकाणि त ईस.आई.एम कार्डु भरियल आहे."},{"$i":"contact-copy-error-unknown","$v":"अण ॼातल नुक़्स जे करे राबता नक़ुल कर्यो मुकमिलु न थियो."},{"$i":"contact-move-error-sim-full","$v":"राबता मुंतक़िल कर्यो मुकमिलु न थियो छाकाणि त ईस.आई.एम कार्डु भरियल आहे."},{"$i":"contact-move-error-unknown","$v":"अण ॼातल नुक़्स जे करे राबता मुंतक़िल कर्यो मुकमिलु न थियो."},{"$i":"memory","$v":"मीमॿीहर"},{"$i":"phone-and-sim","$v":"फ़ोनु ऐं ईस.आई.एम"},{"$i":"phone","$v":"फोन"},{"$i":"sim","$v":"SIM"},{"$i":"reloading-contact","$v":"राबता रे लोड किरी प्यो…"},{"$i":"contact-reloaded","$v":"राबता रे लोड थिया"},{"$i":"message","$v":"नयापो"},{"$i":"find-duplicate-contacts","$v":"डुप्लीकेट राबता ॻोलियो"},{"$i":"no-duplicate-contact-found","$v":"के बि डुप्लीकेट राबता न मिलिया"},{"$i":"change-saved","$v":"तब्दीली महफूज़ु थी"},{"$i":"contact-updated","$v":"राबत़ो अपडेट थियो"},{"$i":"already-ice-contact","$v":"ही राबत़ो पहिरियां खां ई ICE राबत़ो आहे"},{"$i":"callAirplaneModeTitle","$v":"हवाई जहाज़ मूड फ़आल थियो"},{"$i":"callAirplaneModeMessage","$v":"हिक कालु करणु जे लाइ तवहां खे सीटनगन में एअर प्लैन मूड ग़ैरु फ़आल करणु जी ज़रूरत पवे थी."},{"$i":"emergencyDialogTitle","$v":"को नेटवर्क गंढ कोन्हे"},{"$i":"emergencyDialogBodyBadNumber","$v":"हिक कालु करणु जे लाइ फ़ोनु खे नेटवर्क सां ॻंढणु ज़रूरी आहे."},{"$i":"emergencyDialogBodyDeviceNotAccepted","$v":"नेटवर्क जे तर्फ़ां हंगामी कॉलिन जी इजाज़त नाहे."},{"$i":"invalidNumberToDialTitle","$v":"ग़लति फ़ोनु नम्बरु"},{"$i":"invalidNumberToDialMessage","$v":"फ़ोनु नम्बरु जंहिं ते तवहां कालु करे रहिया आहियो सहीह नाहे."},{"$i":"emergency-call-only","$v":"सिर्फ़ हंगामी कालु"},{"$i":"emergency-call-error","$v":[{"t":"idOrVar","v":"number"}," हिक हंगामी नम्बरु नाहे"]},{"$i":"numberIsBusyTitle","$v":"नम्बरु मसरूफ़ु आहिनि"},{"$i":"numberIsBusyMessage","$v":"नम्बरु मोजूदह तौर ते मसरूफ़ु आहे. महर्बानी करे पोई वरी कोशिश कजो"},{"$i":"fdnIsActiveTitle","$v":"FDN फ़आल"},{"$i":"fdnIsActiveMessage","$v":["FDN (फ़िक्स्डि डाइलनग नम्बरु फ़आल थियल आहे ऐं ह॓ठियूं नम्बरु तव्हांजीFDN लिस्ट में नाहे ",{"t":"idOrVar","v":"number"}]},{"$i":"otherConnectionInUseTitle","$v":"ॿियो कनेकशन इस्तेमाल में आहे"},{"$i":"otherConnectionInUseMessage","$v":"तवहां वटि हिक ॿी डिवाइस ते फ़आल कालु आहे. तवहां हिक ई वक्त में हिक कनेकशन इस्तेमाल करे सगहो था."},{"$i":"GenericFailure","$v":"आमु नाकामी"},{"$i":"scCallBarring","$v":"कालु बारनग"},{"$i":"scCallForwarding","$v":"कालु अॻिते करणु"},{"$i":"scClip","$v":"इंदड कालर ID"},{"$i":"scClir","$v":"वेंदड काल ID"},{"$i":"scPwd","$v":"गु॒झो लफजु वदिलाउ"},{"$i":"scCallWaiting","$v":"कॉल जो इंतज़ार"},{"$i":"scPin","$v":"PIN मटण"},{"$i":"scPin2","$v":"PIN2 तब्दील"},{"$i":"scPuk","$v":"PIN इन लॉक कर्यो"},{"$i":"scPuk2","$v":"PIN2 इन ब्लाक कर्यो"},{"$i":"scImei","$v":"IMEI"},{"$i":"scMeid","$v":"MEID"},{"$i":"scUssd","$v":"USSD"},{"$i":"set-speed-dial","$v":"स्पीड डाइल राबता सीट कर्यो"},{"$i":"empty","$v":"खाली कयो"},{"$i":"voicemail","$v":"वाऐसमेल"},{"$i":"speed-dial","$v":"स्पीड डाइल"},{"$i":"add","$v":"गंढो"},{"$i":"replace","$v":"मटो"},{"$i":"remove-from-speed-dial","$v":"स्पीड डाइल खां हटायो"},{"$i":"custom-dialog-replace-speed-dial","$v":["छा तवहां खे पिक आहे ते तवहां ",{"t":"idOrVar","v":"oldSpeedDial"}," खे ",{"t":"idOrVar","v":"newSpeedDial"}," सां स्पीड डाइल मिटाइणु छाहयो था?"]},{"$i":"custom-dialog-remove-speed-dial","$v":["छा तवहां खे पिक आहे त तवहां स्पीड डाइल खां ",{"t":"idOrVar","v":"name"}," हटाइणु चाहियो था?"]},{"$i":"voice-mail","$v":"वाईस मैलु"},{"$i":"voice-mail-number","$v":"वाईस मैलु नम्बरु"},{"$i":"voice-mail-number-updated","$v":"वाईस मैलु नम्बरु अपडेट थियो"},{"$i":"found-duplicates-message","$v":"हेठि ॾिनल राबतन में नक़ुल मालूमात मिली हुई. छा तवहां ज़म करणु पसंदि कर्यो?"},{"$i":"confirm-to-merge-contacts","$v":["छा तवहां खे पिक आहे त तवहां ",{"t":"idOrVar","v":"name"}," सां ",{"t":"idOrVar","v":"n"}," राबता ज़म करणु चाहियो था?"]},{"$i":"merge","$v":"ज़म कर्यो"},{"$i":"contact-merged","$v":"राबत़ो ज़म थियो"},{"$i":"add-favorite","$v":"पसंदीदा तौर शामिलु कर्यो"},{"$i":"remove-favorite","$v":"ग़ैरु पसंददीदह"},{"$i":"favorite-contacts","$v":"पसंदीदा राबता"},{"$i":"sort-contacts","$v":"राबता तरतीब ॾियो"},{"$i":"sort-by-first-name","$v":"पहिरिंय नाले सां तरतीब ॾियो"},{"$i":"sort-by-last-name","$v":"आख़िरी नाले सां तरतीब ॾियो"},{"$i":"no-support-open-multi-vcard","$v":"गहणु राबतन सां वे कार्डु खे नथा खोली सघूं"},{"$i":"sdcard","$v":"मीमॿीहर कार्डु"},{"$i":"simcard","$v":"SIM कार्ड"},{"$i":"import-contacts","$v":"राबता दरआमद कर्यो"},{"$i":"simContacts-error","$v":"SIM खां राबता दरआमद न करे सघिया सें"},{"$i":"memoryCardContacts-error","$v":"मीमॿीहर कार्डु खां राबता दरआमद नथा करे सगहो"},{"$i":"simContacts-reading","$v":"SIM कार्डु खां राबता पढ़े प्यो..."},{"$i":"memoryCardContacts-reading","$v":"मीमॿीहर कार्डु खां राबता पढ़े प्यो..."},{"$i":"importContactsTitle","$v":"राबता दरआमद कर्यो"},{"$i":"retry","$v":"बदहुरायो"},{"$i":"noSimMsg","$v":"राबता दरआमद करणु लाइ पंहिंजे SIM कार्डु दाख़िलु या उन लॉक कर्यो"},{"$i":"noSdcardMsg","$v":"राबता दरआमद करणु लाइ मैमरी कार्डु दाख कर्यो"},{"$i":"not-imported","$v":"दरआमद कयल नाहे"},{"$i":"imported","$v":"दरु आमद थिया"},{"$i":"importing","$v":"दरआमद किरी प्यो"},{"$i":"contact-imported","$v":[{"t":"idOrVar","v":"imported"}," राबता दरआमद थिया ",{"t":"idOrVar","v":"dupes"}," राबता ज़म थिया."]},{"$i":"reading-contacts-from-sim","$v":"SIM कार्डु खां राबता पढ़े प्यो.."},{"$i":"reading-contacts-from-gmail","$v":"Gmail खां राबता पढ़े प्यो.."},{"$i":"reading-contacts-from-live","$v":"Outlook खां राबता पढ़े प्यो.."},{"$i":"reading-contacts-from-sd","$v":"मैमरी कार्डु खां राबता पढ़े प्यो.."},{"$i":"reading-contacts-from-vcard","$v":"फाईल खां राबता पढ़े प्यो.."},{"$i":"importing-contacts-from-sim","$v":"SIM कार्डु खां रबता दरआमद किरी प्यो.."},{"$i":"importing-contacts-from-gmail","$v":"जे मैलु खां राबता दरु आमद किरी प्यो.."},{"$i":"importing-contacts-from-live","$v":"आऊट लकु खां राबता दरआमद किरी प्यो.."},{"$i":"importing-contacts-from-sd","$v":"मीमॿीहर कार्डु खां राबता दरआमद किरी प्यो.."},{"$i":"importing-contacts-from-vcard","$v":"फाईल खां राबता दरआमद किरी प्यो.."},{"$i":"connect-network-to-import","$v":"राबता दरआमद करणु लाइ, WiFi या डेटा नेट वर्क ॾांहुं कनेक्ट कर्यो"},{"$i":"export","$v":"बिर आमद"},{"$i":"export-contacts","$v":"राबता बरामद कर्यो"},{"$i":"simExport-title","$v":"SIM ॾांहुं बरामद कर्यो"},{"$i":"memoryCardExport-title","$v":"मीमॿीहर कार्डु ॾांहुं बरामद कर्यो"},{"$i":"btExport-title","$v":"ब्लूटूथ ॾांहुं बरादमद कर्यो"},{"$i":"noSimMsgExport","$v":"राबता बरामद करणु लाइ पंहिंजे SIM कार्डु दाख़िलु या उन लॉक कर्यो"},{"$i":"bluetoothNoConnection","$v":"राबता बरामद करणु जे लाइ ब्लूटूथ सां ॻंढियो."},{"$i":"contact-exported","$v":[{"t":"idOrVar","v":"exported"}," राबता बरामद थिया"]},{"$i":"export-contact-failed","$v":"राबत़ो बरामद कर्यो नाकामु थियो"},{"$i":"contact-export-error-sim-full","$v":"सिम कार्डु भरियलु आहे इन करे राबता बरामद कर्यो मुकमिलु न थी सघियो."},{"$i":"contact-export-error-unknown","$v":"अण ॼातल नुक़्सु किरी राबता बरामद कर्यो मुकमिलु न थी सघियो."},{"$i":"save","$v":"साघो"},{"$i":"back","$v":"वापसि"},{"$i":"givenName","$v":"पहिरियों नालो"},{"$i":"familyName","$v":"आख़िरी नालो"},{"$i":"name","$v":"नालो"},{"$i":"org","$v":"कम्पनी"},{"$i":"ringtone","$v":"रिगटोन"},{"$i":"note","$v":"नोठ"},{"$i":"email","$v":"इमेल"},{"$i":"adr","$v":"सरनामो"},{"$i":"custom","$v":"संवालियलु"},{"$i":"confirm-discard-contact-data","$v":"राबते जे मालूमात रदि कई वेंदी. छा तवहां ही राबत़ो महफूज़ु करणु पसंदि कर्यो?"},{"$i":"discard","$v":"रदि"},{"$i":"add-others","$v":"ॿिया इज़ाफ़ो कर्यो"},{"$i":"custom-type","$v":"कस्टम टाईप"},{"$i":"input-the-custom-type","$v":"महिरबानी करे कस्टम नमूनो उन पुटु कर्यो"},{"$i":"contact-saved","$v":"राबत़ो महफूज़ु थियो."},{"$i":"are-you-sure-to-delete-field","$v":"छा तव्हांखे पिक आहे त तवहां {field}} हज़फ़ करणु चाहियो था?"},{"$i":"personal","$v":"जाती"},{"$i":"mobile","$v":"मोबाइल"},{"$i":"current","$v":"मोजूदह"},{"$i":"home","$v":"घर"},{"$i":"work","$v":"कम"},{"$i":"other","$v":"बियो"},{"$i":"fax-home","$v":"फैक्स होम"},{"$i":"fax-office","$v":"फैक्स आफ़ीस"},{"$i":"fax-other","$v":"फैक्स ॿियो"},{"$i":"add-tel","$v":"फ़ोनु नम्बरु शामिलु कर्यो"},{"$i":"add-email","$v":"ए मैलु शामिलु कर्यो"},{"$i":"add-ringtone","$v":"रंगु टूं शामिलु कर्यो"},{"$i":"add-adr","$v":"पतो शामिलु कर्यो"},{"$i":"add-bday","$v":"जम ॾींहुं शामिलु कर्यो"},{"$i":"add-photo","$v":"तस्वीर शामिलु कर्यो"},{"$i":"add-note","$v":"नोट इज़ाफ़ो कर्यो."},{"$i":"add-org","$v":"कमुPINय शामिलु करो"},{"$i":"delete-tel","$v":"फ़ोनु नम्बरु हज़फ़ कर्यो"},{"$i":"delete-email","$v":"ए मैलु हज़फ़ कर्यो"},{"$i":"delete-ringtone","$v":"रंगु टूं हज़फ़ कर्यो"},{"$i":"delete-adr","$v":"पतो हज़फ़ कर्यो"},{"$i":"delete-bday","$v":"जनमु ॾींहुं हज़फ़ कर्यो"},{"$i":"delete-photo","$v":"फोटो सोरो"},{"$i":"delete-note","$v":"नोट हज़फ़ कर्यो"},{"$i":"delete-org","$v":"कम्पनी हज़फ़ कर्यो"},{"$i":"edit-tel-type","$v":"फ़ोनु जो क़िस्मु तदवीन कर्यो"},{"$i":"edit-email-type","$v":"ए मैलु जो क़िस्मु तदवीन कर्यो"},{"$i":"edit-adr-type","$v":"पती जो क़िस्मु तदवीन कर्यो"},{"$i":"edit-bday-type","$v":"जनमु ॾींहुं तदवीन कर्यो"},{"$i":"replace-photo","$v":"तस्वीरूं बदलायो"},{"$i":"replace-ringtone","$v":"रंगु टूं तब्दील कर्यो"},{"$i":"mobile-tel","$v":"मोबाईल फ़ोनु"},{"$i":"home-tel","$v":"होम फ़ोनु"},{"$i":"work-tel","$v":"कम जो फ़ोनु"},{"$i":"personal-tel","$v":"ज़ाती फ़ोनु"},{"$i":"fax-home-tel","$v":"घरू फैक्स"},{"$i":"fax-office-tel","$v":"आफ़ीस फैक्स"},{"$i":"fax-other-tel","$v":"बियो फैक्स"},{"$i":"other-tel","$v":"ॿियो फ़ोनु"},{"$i":"personal-email","$v":"ज़ाती ए मैलु"},{"$i":"work-email","$v":"कम जे ए-मैलु"},{"$i":"other-email","$v":"ॿी ए-मैलु"},{"$i":"custom-email","$v":[{"t":"idOrVar","v":"type"},"ए मैलु"]},{"$i":"custom-tel","$v":[{"t":"idOrVar","v":"type"}," फोन"]},{"$i":"personal-adr","$v":"ज़ाती पतो"},{"$i":"current-adr","$v":"मोजोह पतो"},{"$i":"home-adr","$v":"होम पतो"},{"$i":"work-adr","$v":"कम जो पतो"},{"$i":"custom-adr","$v":[{"t":"idOrVar","v":"type"},"पतो"]},{"$i":"bday","$v":"जन्मदिहं"},{"$i":"birthday","$v":"जन्मदिहं"},{"$i":"streetAddress","$v":"वाटि"},{"$i":"locality","$v":"शहर"},{"$i":"postalCode","$v":"पिन कोड"},{"$i":"countryName","$v":"मुल्क"},{"$i":"region","$v":"राज्य"},{"$i":"no-name","$v":"को बि नालो न"},{"$i":"new-contact","$v":"नओं राबत़ो"},{"$i":"options","$v":"इख़्तियारु"},{"$i":"cancel","$v":"मंसूख़ कर्यो"},{"$i":"settings","$v":"सेटिंगयूं"},{"$i":"edit","$v":"फेरबदल"},{"$i":"share","$v":"वर्च"},{"$i":"remove","$v":"सोरो"},{"$i":"music","$v":"संगित"},{"$i":"ICEContactsGroup","$v":"ICE राबता"},{"$i":"setICEButton","$v":"ICE राबता सीट कर्यो"},{"$i":"ICESettingTitle","$v":"ICE राबता"},{"$i":"ICEDescription","$v":"\"हंगामी सूरत\" में कालों करणु लाइ पंज राबता शामिल कर्यो"},{"$i":"ICEContact","$v":["ICE राबत़ो ",{"t":"idOrVar","v":"n"}]},{"$i":"ICESelectContact","$v":"हिक राबत़ो चूंडियो"},{"$i":"delete-ice-contact-warning","$v":"छा तव्हांखे पिक आहे त तवहांICE राबत़ो हटाइणु चाहियो था ?"},{"$i":"confirm","$v":"तसिदीक़"},{"$i":"send-message","$v":"पैग़ामु मोकिलियो"},{"$i":"call","$v":"काल"},{"$i":"send-email","$v":"ए मैलु मोकिलियो"},{"$i":"choose-number","$v":"हिक चूंड-नम्बरु मुंतख़बु कर्यो"},{"$i":"choose-email-adress","$v":"हिक ए मैलु पतो चूंडियो"},{"$i":"delete","$v":"रदि"},{"$i":"select","$v":"चूंडियो"},{"$i":"select-all","$v":"सभई चूंडियो"},{"$i":"deselect-all","$v":"सभई अण चूंडियो"},{"$i":"deselect","$v":"अण चूंडियो"},{"$i":"selected-contacts","$v":{"zero":"कुझु चुंडियल नाहे","one":[{"t":"idOrVar","v":"n"}," मुंतख़बु कयल"],"two":[{"t":"idOrVar","v":"n"}," मुंतख़बु कयल"],"few":[{"t":"idOrVar","v":"n"}," मुंतख़बु कयल"],"many":[{"t":"idOrVar","v":"n"}," मुंतख़बु कयल"],"other":[{"t":"idOrVar","v":"n"}," मुंतख़बु कयल"]},"$x":[{"t":"idOrVar","v":"plural"},"n"]},{"$i":"massive-delete","$v":"रदि कयो राबता"},{"$i":"confirm-contact-delete","$v":["छा तवहां खे पिक आहे त तवहां ",{"t":"idOrVar","v":"name"}," राबता हज़फ़ करणु चाहियो था?"]},{"$i":"DeletedTxt","$v":{"zero":"हज़फ़ करणु लाइ को बि राबत़ो नाहे","one":"1 राबत़ो हटायो व्यो","two":[{"t":"idOrVar","v":"n"}," राबता हटाया व्या"],"few":[{"t":"idOrVar","v":"n"}," राबता हटाया व्या"],"many":[{"t":"idOrVar","v":"n"}," राबता हटाया व्या"],"other":[{"t":"idOrVar","v":"n"}," राबता हटाया व्या"]},"$x":[{"t":"idOrVar","v":"plural"},"n"]},{"$i":"DeletingContacts","$v":"राबता हज़फ़ करणु"},{"$i":"ContactConfirmDel","$v":{"zero":"हज़फ़ करणु लाइ को बि राबत़ो नाहे","one":"1 राबता हज़फ़ कर्यो? इहो ॿीहर बहाल नथो करे सघिजे.","two":[{"t":"idOrVar","v":"n"}," राबता हज़फ़ कर्यो? इहो ॿीहर बहाल नथो करे सघिजे."],"few":[{"t":"idOrVar","v":"n"}," राबता हज़फ़ कर्यो? इहो ॿीहर बहाल नथो करे सघिजे."],"many":[{"t":"idOrVar","v":"n"}," राबता हज़फ़ कर्यो? इहो ॿीहर बहाल नथो करे सघिजे."],"other":[{"t":"idOrVar","v":"n"}," राबता हज़फ़ कर्यो? इहो ॿीहर बहाल नथो करे सघिजे."]},"$x":[{"t":"idOrVar","v":"plural"},"n"]},{"$i":"contact-deleted","$v":[{"t":"idOrVar","v":"n"}," राबता हटाया व्या"]},{"$i":"change-will-update-until-restart","$v":"अॻियनि भेरे राबता लाओंच थियणु ते तब्दीलियूं महफूज़ु कयूं वेंदियूं."},{"$i":"transfer-contacts","$v":"राबता मुंतक़िल कर्यो"},{"$i":"contacts-management","$v":"राबतन जो इंतिज़ामु"},{"$i":"no-contacts-found","$v":"के बि राबत न मिलिया"},{"$i":"weekday-0-long","$v":"आर्तवारु"},{"$i":"weekday-1-long","$v":"सुमर"},{"$i":"weekday-2-long","$v":"मंगल"},{"$i":"weekday-3-long","$v":"बु॒धर"},{"$i":"weekday-4-long","$v":"विशपत"},{"$i":"weekday-5-long","$v":"जुमो"},{"$i":"weekday-6-long","$v":"छंछरु"},{"$i":"weekday-0-short","$v":"आचरु"},{"$i":"weekday-1-short","$v":"सूमरु"},{"$i":"weekday-2-short","$v":"अङारो"},{"$i":"weekday-3-short","$v":"अर्बा"},{"$i":"weekday-4-short","$v":"ख़मीस"},{"$i":"weekday-5-short","$v":"जमावं"},{"$i":"weekday-6-short","$v":"छंछरु"},{"$i":"month-0-long","$v":"जनॿीहर"},{"$i":"month-1-long","$v":"फ़ीबरॿीहर"},{"$i":"month-2-long","$v":"मार्चु"},{"$i":"month-3-long","$v":"अप्रेलु"},{"$i":"month-4-long","$v":"मुई"},{"$i":"month-5-long","$v":"जूनि"},{"$i":"month-6-long","$v":"जूलाइ"},{"$i":"month-7-long","$v":"आगस्टु"},{"$i":"month-8-long","$v":"सेप्टेम्बरु"},{"$i":"month-9-long","$v":"आक्टोबरु"},{"$i":"month-10-long","$v":"नवम्बरु"},{"$i":"month-11-long","$v":"डिसम्बरु"},{"$i":"month-0-genitive","$v":"जनॿीहर"},{"$i":"month-1-genitive","$v":"फ़ीबरॿीहर"},{"$i":"month-2-genitive","$v":"मार्चु"},{"$i":"month-3-genitive","$v":"अप्रेलु"},{"$i":"month-4-genitive","$v":"मुई"},{"$i":"month-5-genitive","$v":"जूनि"},{"$i":"month-6-genitive","$v":"जूलाइ"},{"$i":"month-7-genitive","$v":"आगस्टु"},{"$i":"month-8-genitive","$v":"सेप्टेम्बरु"},{"$i":"month-9-genitive","$v":"आक्टोबरु"},{"$i":"month-10-genitive","$v":"नवम्बरु"},{"$i":"month-11-genitive","$v":"डिसम्बरु"},{"$i":"month-0-short","$v":"जनॿीहर"},{"$i":"month-1-short","$v":"फ़ीबरॿीहर"},{"$i":"month-2-short","$v":"मार्चु"},{"$i":"month-3-short","$v":"अप्रेलु"},{"$i":"month-4-short","$v":"मुई"},{"$i":"month-5-short","$v":"जनॿीहर"},{"$i":"month-6-short","$v":"जूलाइ"},{"$i":"month-7-short","$v":"आगस्टु"},{"$i":"month-8-short","$v":"सेप्टेम्बरु"},{"$i":"month-9-short","$v":"आक्टोबरु"},{"$i":"month-10-short","$v":"नवम्बरु"},{"$i":"month-11-short","$v":"डिसम्बरु"},{"$i":"minutes-ago-long","$v":{"zero":"बिलकुल हाणे","one":"हिक मिंटु अॻु","two":[{"t":"idOrVar","v":"value"}," मिंटु अॻु"],"few":[{"t":"idOrVar","v":"value"}," मिंटु अॻु"],"many":[{"t":"idOrVar","v":"value"}," मिंटु अॻु"],"other":[{"t":"idOrVar","v":"value"}," मिंटु अॻु"]},"$x":[{"t":"idOrVar","v":"plural"},"value"]},{"$i":"hours-ago-long","$v":{"zero":"बिलकुल हाणे","one":"हिक कलाकु अॻु","two":[{"t":"idOrVar","v":"value"}," कलाकु अॻु"],"few":[{"t":"idOrVar","v":"value"}," कलाकु अॻु"],"many":[{"t":"idOrVar","v":"value"}," कलाकु अॻु"],"other":[{"t":"idOrVar","v":"value"}," कलाकु अॻु"]},"$x":[{"t":"idOrVar","v":"plural"},"value"]},{"$i":"days-ago-long","$v":{"zero":"अजु॒","one":"कुल्हा","two":[{"t":"idOrVar","v":"value"}," ॾींहुं अॻु"],"few":[{"t":"idOrVar","v":"value"}," ॾींहुं अॻु"],"many":[{"t":"idOrVar","v":"value"}," ॾींहुं अॻु"],"other":[{"t":"idOrVar","v":"value"}," ॾींहुं अॻु"]},"$x":[{"t":"idOrVar","v":"plural"},"value"]},{"$i":"weeks-ago-long","$v":{"zero":"हुन हफ़्ते","one":"गुज़िरियल हफ़्ते","two":[{"t":"idOrVar","v":"value"}," हफ़ता अॻु"],"few":[{"t":"idOrVar","v":"value"}," हफ़ता अॻु"],"many":[{"t":"idOrVar","v":"value"}," हफ़ता अॻु"],"other":[{"t":"idOrVar","v":"value"}," हफ़ता अॻु"]},"$x":[{"t":"idOrVar","v":"plural"},"value"]},{"$i":"months-ago-long","$v":{"zero":"हुन महीने","one":"गुज़िरियल महीने","two":[{"t":"idOrVar","v":"value"}," महीना अॻु"],"few":[{"t":"idOrVar","v":"value"}," महीना अॻु"],"many":[{"t":"idOrVar","v":"value"}," महीना अॻु"],"other":[{"t":"idOrVar","v":"value"}," महीना अॻु"]},"$x":[{"t":"idOrVar","v":"plural"},"value"]},{"$i":"years-ago-long","$v":{"zero":"हुन सालु","one":"गुज़िरियल सालु","two":[{"t":"idOrVar","v":"value"}," सालु अॻु"],"few":[{"t":"idOrVar","v":"value"}," सालु अॻु"],"many":[{"t":"idOrVar","v":"value"}," सालु अॻु"],"other":[{"t":"idOrVar","v":"value"}," सालु अॻु"]},"$x":[{"t":"idOrVar","v":"plural"},"value"]},{"$i":"minutes-until-long","$v":{"zero":"हाणि","one":"हिक मिंटु में","two":[{"t":"idOrVar","v":"value"}," मिन्टनि में"],"few":[{"t":"idOrVar","v":"value"}," मिन्टनि में"],"many":[{"t":"idOrVar","v":"value"}," मिन्टनि में"],"other":[{"t":"idOrVar","v":"value"}," मिन्टनि में"]},"$x":[{"t":"idOrVar","v":"plural"},"value"]},{"$i":"hours-until-long","$v":{"zero":"हाणि","one":"हिक कलाकु में","two":[{"t":"idOrVar","v":"value"}," कलाकनि में"],"few":[{"t":"idOrVar","v":"value"}," कलाकनि में"],"many":[{"t":"idOrVar","v":"value"}," कलाकनि में"],"other":[{"t":"idOrVar","v":"value"}," कलाकनि में"]},"$x":[{"t":"idOrVar","v":"plural"},"value"]},{"$i":"days-until-long","$v":{"zero":"अजु॒","one":"सुभाणे","two":[{"t":"idOrVar","v":"value"}," ॾींहुं में"],"few":[{"t":"idOrVar","v":"value"}," ॾींहुं में"],"many":[{"t":"idOrVar","v":"value"}," ॾींहुं में"],"other":[{"t":"idOrVar","v":"value"}," ॾींहुं में"]},"$x":[{"t":"idOrVar","v":"plural"},"value"]},{"$i":"weeks-until-long","$v":{"zero":"हुन हफ़्ते","one":"ईंदड़ सालु","two":[{"t":"idOrVar","v":"value"}," हफ़्तनि में"],"few":[{"t":"idOrVar","v":"value"}," हफ़्तनि में"],"many":[{"t":"idOrVar","v":"value"}," हफ़्तनि में"],"other":[{"t":"idOrVar","v":"value"}," हफ़्तनि में"]},"$x":[{"t":"idOrVar","v":"plural"},"value"]},{"$i":"months-until-long","$v":{"zero":"हुन महीने","one":"ईंदड़ महीने","two":[{"t":"idOrVar","v":"value"}," महीननि में"],"few":[{"t":"idOrVar","v":"value"}," महीननि में"],"many":[{"t":"idOrVar","v":"value"}," महीननि में"],"other":[{"t":"idOrVar","v":"value"}," महीननि में"]},"$x":[{"t":"idOrVar","v":"plural"},"value"]},{"$i":"years-until-long","$v":{"zero":"हुन सालु","one":"ईंदड़ सालु","two":[{"t":"idOrVar","v":"value"}," सालनि में"],"few":[{"t":"idOrVar","v":"value"}," सालनि में"],"many":[{"t":"idOrVar","v":"value"}," सालनि में"],"other":[{"t":"idOrVar","v":"value"}," सालनि में"]},"$x":[{"t":"idOrVar","v":"plural"},"value"]},{"$i":"minutes-ago-short","$v":{"zero":"बिलकुल हाणे","other":[{"t":"idOrVar","v":"value"}," मिंटु अॻु"]},"$x":[{"t":"idOrVar","v":"plural"},"value"]},{"$i":"hours-ago-short","$v":{"zero":"बिलकुल हाणे","other":[{"t":"idOrVar","v":"value"}," कलाकु अॻु"]},"$x":[{"t":"idOrVar","v":"plural"},"value"]},{"$i":"days-ago-short","$v":{"zero":"अजु॒","other":[{"t":"idOrVar","v":"value"}," ॾींहुं अॻु"]},"$x":[{"t":"idOrVar","v":"plural"},"value"]},{"$i":"minutes-until-short","$v":{"zero":"हाणि","other":[{"t":"idOrVar","v":"value"},"m में"]},"$x":[{"t":"idOrVar","v":"plural"},"value"]},{"$i":"hours-until-short","$v":{"zero":"हाणि","other":[{"t":"idOrVar","v":"value"},"h में"]},"$x":[{"t":"idOrVar","v":"plural"},"value"]},{"$i":"days-until-short","$v":{"zero":"अजु॒","other":[{"t":"idOrVar","v":"value"},"d में"]},"$x":[{"t":"idOrVar","v":"plural"},"value"]},{"$i":"incorrectDate","$v":"( ग़लति तारीख़)"},{"$i":"dateTimeFormat_%c","$v":"%a %b %e %Y %I:%M:%S %p"},{"$i":"dateTimeFormat_%x","$v":"%m/%d/%Y"},{"$i":"dateTimeFormat_%X","$v":"%I:%M:%S %p"},{"$i":"shortTimeFormat","$v":"%I:%M %p"},{"$i":"shortTimeFormat12","$v":"%I:%M %p"},{"$i":"shortTimeFormat24","$v":"%H:%M"},{"$i":"shortDateTimeFormat","$v":"%x %I:%M %p"},{"$i":"weekStartsOnMonday","$v":"0"},{"$i":"firstDayOfTheWeek","$v":"0"},{"$i":"time_am","$v":"AM"},{"$i":"time_pm","$v":"PM"},{"$i":"sim-with-index-and-carrier","$v":["SIM ",{"t":"idOrVar","v":"index"}," - ",{"t":"idOrVar","v":"carrier"}]},{"$i":"sim-without-carrier","$v":["चीम ",{"t":"idOrVar","v":"index"}]}]