[{"$i":"contacts","$v":"தொடர்புகள்"},{"$i":"view","$v":"காட்டு"},{"$i":"no-contacts","$v":"தொடர்புகள் இல்லை"},{"$i":"reading-contacts","$v":"தொடர்புகளை லோட் செய்கிறது"},{"$i":"start-adding","$v":"தொடர்புகளைச் சேர்க்க, புதிய தொடர்பு என்பதை அழுத்தவும்."},{"$i":"no-contact-available","$v":"தொடர்பு எதுவும் இல்லை"},{"$i":"ok","$v":"சரி"},{"$i":"no-phone-number-to-dial","$v":"டயல் செய்ய, ஃபோன் எண் இல்லை"},{"$i":"move","$v":"நகர்த்தவும்"},{"$i":"copy","$v":"காப்பி"},{"$i":"copy-contacts","$v":"தொடர்புகளை காப்பி செய்யவும்"},{"$i":"move-contacts","$v":"தொடர்புகளை நகர்த்தவும்"},{"$i":"phone-memory","$v":"ஃபோன் மெமரி"},{"$i":"sim-memory","$v":"சிம் மெமரி"},{"$i":"move-from","$v":"இருந்து நகர்த்தவும்"},{"$i":"to","$v":"பெறுநர்"},{"$i":"move-contacts-progressing","$v":"தொடர்பு(களை) நகர்த்துகிறது..."},{"$i":"copy-contacts-progressing","$v":"தொடர்பு(களை) காப்பி செய்கிறது..."},{"$i":"contact-move-to-sim","$v":[{"t":"idOrVar","v":"migrated"}," தொடர்பு(கள்) SIM-க்கு நகர்த்தப்பட்டது"]},{"$i":"contact-copy-to-sim","$v":[{"t":"idOrVar","v":"migrated"}," தொடர்பு(கள்) சிம்-இல் காப்பி செய்யப்பட்டது"]},{"$i":"contact-move-to-sim0","$v":[{"t":"idOrVar","v":"migrated"}," தொடர்பு(கள்) சிம் 1-க்கு நகர்த்தப்பட்டது"]},{"$i":"contact-copy-to-sim0","$v":[{"t":"idOrVar","v":"migrated"}," தொடர்பு(கள்) சிம் 1-இல் காப்பி செய்யப்பட்டது"]},{"$i":"contact-move-to-sim1","$v":[{"t":"idOrVar","v":"migrated"}," தொடர்பு(கள்) சிம் 2-க்கு நகர்த்தப்பட்டது"]},{"$i":"contact-copy-to-sim1","$v":[{"t":"idOrVar","v":"migrated"}," தொடர்பு(கள்) சிம் 2-இல் காப்பி செய்யப்பட்டது"]},{"$i":"contact-move-to-device","$v":[{"t":"idOrVar","v":"migrated"}," தொடர்பு(கள்) டிவைஸ்-க்கு நகர்த்தப்பட்டது"]},{"$i":"contact-copy-to-device","$v":[{"t":"idOrVar","v":"migrated"}," தொடர்பு(கள்) டிவைஸ்-இல் காப்பி செய்யப்பட்டது"]},{"$i":"copy-contact-failed","$v":"தொடர்பை காப்பி செய்வது தோல்வியடைந்தது"},{"$i":"move-contact-failed","$v":"தொடர்பை காப்பி செய்வது தோல்வியடைந்தது"},{"$i":"contact-copy-error-sim-full","$v":"சிம் கார்டு முழுமையடைந்ததால், தொடர்களை காப்பி செய்வது நிறைவடையவில்லை."},{"$i":"contact-copy-error-unknown","$v":"அறியப்படாத பிழை காரணமாக தொடர்களை காப்பி செய்வது நிறைவடையவில்லை."},{"$i":"contact-move-error-sim-full","$v":"சிம் கார்டு முழுமையடைந்ததால் நகர்த்த வேண்டிய தொடர்புகள் நிறைவடையவில்லை."},{"$i":"contact-move-error-unknown","$v":"அறியப்படாத பிழை காரணமாக நகர்த்த வேண்டிய தொடர்புகள் நிறைவடையவில்லை."},{"$i":"memory","$v":"மெமரி"},{"$i":"phone-and-sim","$v":"ஃபோன் மற்றும் சிம்"},{"$i":"phone","$v":"ஃபோன்"},{"$i":"sim","$v":"சிம்"},{"$i":"reloading-contact","$v":"தொடர்புகளை மீண்டும் லோட் செய்கிறது.."},{"$i":"contact-reloaded","$v":"தொடர்புகள் மீண்டும் லோட் செய்யப்பட்டது"},{"$i":"message","$v":"செய்தி"},{"$i":"find-duplicate-contacts","$v":"நகல் தொடர்புகள் உள்ளன"},{"$i":"no-duplicate-contact-found","$v":"நகல் தொடர்புகள் காணப்படவில்லை"},{"$i":"change-saved","$v":"மாற்றம் சேமிக்கப்பட்டது"},{"$i":"contact-updated","$v":"தொடர்பு அப்டேட் செய்யப்பட்டது"},{"$i":"already-ice-contact","$v":"இந்த தொடர்பு ஏற்கனவே ஒரு ICE தொடர்பு"},{"$i":"callAirplaneModeTitle","$v":"ஏரோப்ளைன் மோட் செயல்படுத்தப்பட்டது"},{"$i":"callAirplaneModeMessage","$v":"கால் செய்ய நீங்கள் செட்டிஙஸ்-இல் ஏரோப்ளைன் மோட்-ஐ முடக்க வேண்டும்."},{"$i":"emergencyDialogTitle","$v":"நெட்வொர்க் கனெக்ஷன் இல்லை"},{"$i":"emergencyDialogBodyBadNumber","$v":"கால் செய்ய, ஃபோன் நெட்வொர்க்குடன் கனெக்ட் செய்திருக்க வேண்டும்."},{"$i":"emergencyDialogBodyDeviceNotAccepted","$v":"நெட்வொர்க்கால் அவசர கால்-கள் அனுமதிக்கப்படவில்லை."},{"$i":"invalidNumberToDialTitle","$v":"செல்லாத ஃபோன் எண்"},{"$i":"invalidNumberToDialMessage","$v":"நீங்கள் கால் செய்யும் ஃபோன் எண் சரியானது அல்ல."},{"$i":"emergency-call-only","$v":"அவசர கால் மட்டும்"},{"$i":"emergency-call-error","$v":[{"t":"idOrVar","v":"number"}," அவசரநிலை எண் இல்லை."]},{"$i":"numberIsBusyTitle","$v":"எண் பிஸியாக உள்ளது"},{"$i":"numberIsBusyMessage","$v":"எண் தற்போது பிஸியாக உள்ளது. தயவுசெய்து மீண்டும் முயலவும்."},{"$i":"fdnIsActiveTitle","$v":"FDN செயலில் உள்ளது"},{"$i":"fdnIsActiveMessage","$v":["FDN (ஃபிக்ஸ்ட் டயலிங் நம்பர்ஸ்) செயல்படுத்தப்பட்டது, பின்வரும் எண்கள் உங்கள் FDN பட்டியலில் இல்லை: ",{"t":"idOrVar","v":"number"}]},{"$i":"otherConnectionInUseTitle","$v":"வேறொரு கனெக்ஷன் பயன்பாட்டில் உள்ளது"},{"$i":"otherConnectionInUseMessage","$v":"உங்களுக்கு மற்றொரு கனெக்ஷனில் செயலில் உள்ள கால் உள்ளது. ஒரே நேரத்தில் ஒரு கனெக்ஷனை மட்டுமே நீங்கள் பயன்படுத்தலாம்."},{"$i":"GenericFailure","$v":"பொதுவான செயலிழப்பு"},{"$i":"scCallBarring","$v":"கால் தடுப்பு"},{"$i":"scCallForwarding","$v":"கால் பார்வேர்ட்ங்"},{"$i":"scClip","$v":"இன்கமிங் காலர் ID"},{"$i":"scClir","$v":"அவுட்கோயிங் காலர் ID"},{"$i":"scPwd","$v":"பாஸ்வெர்ட்-ஐ மாற்று"},{"$i":"scCallWaiting","$v":"கால் காத்திருப்பு"},{"$i":"scPin","$v":"பின்னை மாற்று"},{"$i":"scPin2","$v":"பின்2-ஐ மாற்று"},{"$i":"scPuk","$v":"பின்னின் தடையை நீக்கவும்"},{"$i":"scPuk2","$v":"பின்2 -இன் தடையை நீக்கவும்"},{"$i":"scImei","$v":"IMEI"},{"$i":"scMeid","$v":"MEID"},{"$i":"scUssd","$v":"USSD"},{"$i":"set-speed-dial","$v":"ஸ்பீட் டயல் தொடர்புகளை அமைக்கவும்"},{"$i":"empty","$v":"காலி"},{"$i":"voicemail","$v":"வாய்ஸ்மெயில்"},{"$i":"speed-dial","$v":"ஸ்பீட் டயல்"},{"$i":"add","$v":"சேர்க்கவும்"},{"$i":"replace","$v":"மாற்றவும்"},{"$i":"remove-from-speed-dial","$v":"ஸ்பீட் டயலில் இருந்து அகற்றவும்"},{"$i":"custom-dialog-replace-speed-dial","$v":["நீங்கள் நிச்சியமாக ",{"t":"idOrVar","v":"oldSpeedDial"}," ஸ்பீட் டயலை ",{"t":"idOrVar","v":"newSpeedDial"}," மூலம் மாற்ற விரும்புகிறீர்களா?"]},{"$i":"custom-dialog-remove-speed-dial","$v":["நீங்கள் நிச்சியமாக ஸ்பீட் டயலிலிருந்து ",{"t":"idOrVar","v":"name"},"-ஐ அகற்ற விரும்புகிறீர்களா ?"]},{"$i":"voice-mail","$v":"வாய்ஸ் மெயில்"},{"$i":"voice-mail-number","$v":"வாய்ஸ் மெயில் எண்"},{"$i":"voice-mail-number-updated","$v":"வாய்ஸ் மெயில் எண் அப்டேட் செய்யப்பட்டது"},{"$i":"found-duplicates-message","$v":"பின்வரும் தொடர்புகளில் நகல் தகவல்கள் கண்டறியப்பட்டன. நீங்கள் இணைக்க விரும்புகிறீர்களா?"},{"$i":"confirm-to-merge-contacts","$v":[{"t":"idOrVar","v":"n"}," தொடர்புகளை ",{"t":"idOrVar","v":"name"},"ருடன் நிச்சியமாக நீங்கள் இணைக்க விரும்புகிறீர்களா?"]},{"$i":"merge","$v":"இணை"},{"$i":"contact-merged","$v":"தொடர்பு இணைக்கப்பட்டது"},{"$i":"add-favorite","$v":"விருப்பமானதாக சேர்"},{"$i":"remove-favorite","$v":"பிடிக்காதவை"},{"$i":"favorite-contacts","$v":"பிடித்த தொடர்புகள்"},{"$i":"sort-contacts","$v":"தொடர்புகளை வரிசைப்படுத்தவும்"},{"$i":"sort-by-first-name","$v":"முதல் பெயர் படி வரிசைப்படுத்தவும்"},{"$i":"sort-by-last-name","$v":"கடைசி பெயர் படி வரிசைப்படுத்தவும்"},{"$i":"no-support-open-multi-vcard","$v":"பல தொடர்புகளுடன் விகார்டு-ஐ திறக்க முடியாது"},{"$i":"sdcard","$v":"மெமரி கார்டு"},{"$i":"simcard","$v":"சிம் கார்டு"},{"$i":"import-contacts","$v":"தொடர்புகளை இம்போர்ட் செய்க"},{"$i":"simContacts-error","$v":"சிம் -இலிருந்து தொடர்புகளை இம்போர்ட் செய்ய முடியவில்லை."},{"$i":"memoryCardContacts-error","$v":"மெமரி கார்டில் இருந்து தொடர்புகளை இறக்குமதி செய்ய முடியவில்லை."},{"$i":"simContacts-reading","$v":"சிம் கார்டில் உள்ள தொடர்புகளைப் படிக்கிறது…"},{"$i":"memoryCardContacts-reading","$v":"மெமரி கார்டில் உள்ள தொடர்புகளைப் படிக்கிறது…"},{"$i":"importContactsTitle","$v":"தொடர்புகளை இம்போர்ட் செய்க"},{"$i":"retry","$v":"மீண்டும் முயலவும்"},{"$i":"noSimMsg","$v":"தொடர்புகளை இறக்குமதி செய்ய உங்கள் சிம் அட்டையை செருகவும் அல்லது திறக்கவும்."},{"$i":"noSdcardMsg","$v":"தொடர்புகள் இம்போர்ட் செய்ய மெமரி கார்டு-ஐ செருகவும்"},{"$i":"not-imported","$v":"இம்போர்ட் செய்யப்படவில்லை"},{"$i":"imported","$v":"இம்போர்ட் செய்யப்பட்டது"},{"$i":"importing","$v":"இம்போர்ட் செய்கிறது"},{"$i":"contact-imported","$v":["இம்போர்ட் செய்யப்பட்டது ",{"t":"idOrVar","v":"imported"}," தொடர்புகள். ",{"t":"idOrVar","v":"Dupes"}," தொடர்புகள் இணைக்கப்பட்டது."]},{"$i":"reading-contacts-from-sim","$v":"சிம் கார்டிலிருந்து தொடர்புகளைப் படிக்கிறது .."},{"$i":"reading-contacts-from-gmail","$v":"ஜிமெயில் இல் உள்ள தொடர்புகளைப் படிக்கிறது.."},{"$i":"reading-contacts-from-live","$v":"அவுட்லுக்-இல் உள்ள தொடர்புகளைப் படிக்கிறது.."},{"$i":"reading-contacts-from-sd","$v":"மெமரி கார்டு-இல் இருந்து தொடர்புகளைப் படிக்கிறது .."},{"$i":"reading-contacts-from-vcard","$v":"ஃபைல்-இல் இருந்து தொடர்புகளைப் படிக்கிறது .."},{"$i":"importing-contacts-from-sim","$v":"சிம் கார்டில் இருந்து தொடர்புகளை இம்போர்ட் செய்கிறது.."},{"$i":"importing-contacts-from-gmail","$v":"ஜிமெயில்-இலிருந்து தொடர்புகளை இம்போர்ட் செய்கிறது.."},{"$i":"importing-contacts-from-live","$v":"அவுட்லுக்-இலிருந்து தொடர்புகளை இம்போர்ட் செய்கிறது"},{"$i":"importing-contacts-from-sd","$v":"மெமரி கார்டில் இருந்து தொடர்புகளை இம்போர்ட் செய்கிறது.."},{"$i":"importing-contacts-from-vcard","$v":"ஃபைல்-இல் இருந்து தொடர்புகளை இம்போர்ட் செய்கிறது .."},{"$i":"connect-network-to-import","$v":"தொடர்புகளை இம்போர்ட் செய்ய, WiFi அல்லது டேட்டா நெட்வொர்க்குடன் கனெக்ட் செய்யவும்"},{"$i":"export","$v":"எக்ஸ்போர்ட் செய்க"},{"$i":"export-contacts","$v":"தொடர்புகளை எக்ஸ்போர்ட் செய்க"},{"$i":"simExport-title","$v":"சிம்மிற்கு எக்ஸ்போர்ட் செய்க"},{"$i":"memoryCardExport-title","$v":"மெமரி கார்டுக்கு எக்ஸ்போர்ட் செய்"},{"$i":"btExport-title","$v":"ப்ளூடூத்-க்கு எக்ஸ்போர்ட் செய்க"},{"$i":"noSimMsgExport","$v":"தொடர்புகளை எக்ஸ்போர்ட் செய்ய உங்கள் சிம் கார்டு-ஐ செருகவும் அல்லது திறக்கவும்."},{"$i":"bluetoothNoConnection","$v":"தொடர்புகளை எக்ஸ்போர்ட் செய்ய ஒரு ப்ளூடூத் சாதனத்தை கனெக்ட் செய்யவும்."},{"$i":"contact-exported","$v":["எக்ஸ்போர்ட் செய்யப்பட்ட ",{"t":"idOrVar","v":"exported"}," தொடர்புகள்."]},{"$i":"export-contact-failed","$v":"எக்ஸ்போர்ட் செய்யும் தொடர்பு தோல்வியடைந்தது"},{"$i":"contact-export-error-sim-full","$v":"சிம் கார்டு நிறைந்ததால் எக்ஸ்போர்ட் செய்யும் தொடர்புகள் முடிக்கப்படவில்லை."},{"$i":"contact-export-error-unknown","$v":"அறியப்படாத பிழை காரணமாக எக்ஸ்போர்ட் செய்யும் தொடர்புகள் முடிக்கப்படவில்லை."},{"$i":"save","$v":"சேமி"},{"$i":"back","$v":"பின் செல்"},{"$i":"givenName","$v":"முதல் பெயர்"},{"$i":"familyName","$v":"கடைசிப் பெயர்"},{"$i":"name","$v":"பெயர்"},{"$i":"org","$v":"கம்பெனி"},{"$i":"ringtone","$v":"ரிங்டோன்"},{"$i":"note","$v":"நோட்"},{"$i":"email","$v":"இமெயில்"},{"$i":"adr","$v":"முகவரி"},{"$i":"custom","$v":"கஸ்டம்"},{"$i":"confirm-discard-contact-data","$v":"தொடர்புத் தகவல்கள் நிராகரிக்கப்படும். இந்தத் தொடர்பைச் சேமிக்க விரும்புகிறீர்களா?"},{"$i":"discard","$v":"நிராகரி"},{"$i":"add-others","$v":"மற்றவைகளைச் சேர்"},{"$i":"custom-type","$v":"கஸ்டம் வகை"},{"$i":"input-the-custom-type","$v":"தயவுசெய்து கஸ்டம் வகையை உள்ளீடு செய்யவும்"},{"$i":"contact-saved","$v":"தொடர்பு சேமிக்கப்பட்டது"},{"$i":"are-you-sure-to-delete-field","$v":["நீங்கள் ",{"t":"idOrVar","v":"field"}," -ஐ நிச்சயமாக நீக்க வேண்டுமா?"]},{"$i":"personal","$v":"தனிப்பட்டவை"},{"$i":"mobile","$v":"மொபைல்"},{"$i":"current","$v":"தற்போதைய"},{"$i":"home","$v":"ஹோம்"},{"$i":"work","$v":"அலுவலகம்"},{"$i":"other","$v":"மற்ற"},{"$i":"fax-home","$v":"Fax ஹோம்"},{"$i":"fax-office","$v":"Fax ஆப்பீஸ்"},{"$i":"fax-other","$v":"மற்றவருக்கு Fax"},{"$i":"add-tel","$v":"ஃபோன் எண்ணை சேர்"},{"$i":"add-email","$v":"இமெயில்-ஐ சேர்"},{"$i":"add-ringtone","$v":"ரிங்டோனை சேர்"},{"$i":"add-adr","$v":"முகவரியை சேர்"},{"$i":"add-bday","$v":"பிறந்தநாளை சேர்"},{"$i":"add-photo","$v":"படத்தை சேர்"},{"$i":"add-note","$v":"நோட்-ஐ சேர்"},{"$i":"add-org","$v":"கம்பெனி-ஐ சேர்"},{"$i":"delete-tel","$v":"ஃபோன் எண்ணை நீக்குக"},{"$i":"delete-email","$v":"இமெயில்-ஐ நீக்குக"},{"$i":"delete-ringtone","$v":"ரிங்டோனை நீக்குக"},{"$i":"delete-adr","$v":"முகவரியை நீக்குக"},{"$i":"delete-bday","$v":"பிறந்த நாளை நீக்கவும்"},{"$i":"delete-photo","$v":"படத்தை அகற்று"},{"$i":"delete-note","$v":"நோட்-ஐ நீக்கு"},{"$i":"delete-org","$v":"வணிக நிறுவனத்தை நீக்கவும்"},{"$i":"edit-tel-type","$v":"ஃபோன் வகையைத் திருத்து"},{"$i":"edit-email-type","$v":"இமெயில் வகையைத் திருத்து"},{"$i":"edit-adr-type","$v":"முகவரி வகையைத் திருத்து"},{"$i":"edit-bday-type","$v":"பிறந்த நாளை திருத்து"},{"$i":"replace-photo","$v":"போட்டோவை மாற்று"},{"$i":"replace-ringtone","$v":"ரிங்டோன் மாற்றம்"},{"$i":"mobile-tel","$v":"மொபைல் ஃபோன்"},{"$i":"home-tel","$v":"வீட்டு ஃபோன்"},{"$i":"work-tel","$v":"அலுவலக ஃபோன்"},{"$i":"personal-tel","$v":"தனிப்பட்ட ஃபோன்"},{"$i":"fax-home-tel","$v":"ஹோம் Fax"},{"$i":"fax-office-tel","$v":"அலுவலக Fax"},{"$i":"fax-other-tel","$v":"மற்ற Fax"},{"$i":"other-tel","$v":"வேறொரு ஃபோன்"},{"$i":"personal-email","$v":"தனிப்பட்ட இ-மெயில்"},{"$i":"work-email","$v":"அலுவலக இ-மெயில்"},{"$i":"other-email","$v":"வேறொரு இ-மெயில்"},{"$i":"custom-email","$v":[{"t":"idOrVar","v":"type"}," இ-மெயில்"]},{"$i":"custom-tel","$v":[{"t":"idOrVar","v":"type"}," ஃபோன்"]},{"$i":"personal-adr","$v":"தனிப்பட்ட முகவரி"},{"$i":"current-adr","$v":"தற்போதைய முகவரி"},{"$i":"home-adr","$v":"வீட்டு முகவரி"},{"$i":"work-adr","$v":"அலுவலக முகவரி"},{"$i":"custom-adr","$v":[{"t":"idOrVar","v":"type"}," முகவரி"]},{"$i":"bday","$v":"பிறந்தநாள்"},{"$i":"birthday","$v":"பிறந்தநாள்"},{"$i":"streetAddress","$v":"தெரு"},{"$i":"locality","$v":"சிட்டி"},{"$i":"postalCode","$v":"பின் கோட்"},{"$i":"countryName","$v":"நாடு"},{"$i":"region","$v":"மாநிலம்"},{"$i":"no-name","$v":"பெயர் இல்லை"},{"$i":"new-contact","$v":"புதிய தொடர்பு"},{"$i":"options","$v":"விருப்பங்கள்"},{"$i":"cancel","$v":"ரத்து செய்க"},{"$i":"settings","$v":"செட்டிங்ஸ்"},{"$i":"edit","$v":"திருத்து"},{"$i":"share","$v":"பகிர்"},{"$i":"remove","$v":"அகற்று"},{"$i":"music","$v":"இசை"},{"$i":"ICEContactsGroup","$v":"ICE தொடர்புகள்"},{"$i":"setICEButton","$v":"ICE தொடர்புகளை அமை"},{"$i":"ICESettingTitle","$v":"ICE தொடர்புகள்"},{"$i":"ICEDescription","$v":"அவசரகாலத்தில் கால் செய்ய ஐந்து தொடர்புகளைச் சேர்க்கவும்."},{"$i":"ICEContact","$v":["ICE தொடர்பு ",{"t":"idOrVar","v":"n"}]},{"$i":"ICESelectContact","$v":"ஒரு தொடர்புகளைத் தேர்ந்தெடு"},{"$i":"delete-ice-contact-warning","$v":"நீங்கள் நிச்சியமாக ICE தொடர்பை அகற்ற விரும்புகிறீர்களா?"},{"$i":"confirm","$v":"உறுதிப்படுத்துதல்"},{"$i":"send-message","$v":"செய்தியை அனுப்புக"},{"$i":"call","$v":"கால்"},{"$i":"send-email","$v":"இமெயில்-ஐ அனுப்புக"},{"$i":"choose-number","$v":"எண்ணைத் தேர்வுசெய்க"},{"$i":"choose-email-adress","$v":"இமெயில் அட்ரஸ்-ஐ தேர்வுசெய்"},{"$i":"delete","$v":"நீக்கு"},{"$i":"select","$v":"தேர்ந்தெடுக்கவும்"},{"$i":"select-all","$v":"அனைத்தையும் தேர்ந்தெடு"},{"$i":"deselect-all","$v":"அனைத்தையும் தேர்வுநீக்கு"},{"$i":"deselect","$v":"தேர்வுநீக்கு"},{"$i":"selected-contacts","$v":{"zero":"எதுவும் தேர்ந்தெடுக்கப்படவில்லை","one":[{"t":"idOrVar","v":"n"}," தேர்ந்தெடுக்கப்பட்டது"],"two":[{"t":"idOrVar","v":"n"}," தேர்ந்தெடுக்கப்பட்டது"],"few":[{"t":"idOrVar","v":"n"}," தேர்ந்தெடுக்கப்பட்டது"],"many":[{"t":"idOrVar","v":"n"}," தேர்ந்தெடுக்கப்பட்டது"],"other":[{"t":"idOrVar","v":"n"}," தேர்ந்தெடுக்கப்பட்டது"]},"$x":[{"t":"idOrVar","v":"plural"},"n"]},{"$i":"massive-delete","$v":"தொடர்புகளை நீக்குக"},{"$i":"confirm-contact-delete","$v":["நீங்கள் நிச்சியமாக ",{"t":"idOrVar","v":"name"}," தொடர்பை நீக்க விரும்புகிறீர்களா?"]},{"$i":"DeletedTxt","$v":{"zero":"நீக்க, தொடர்பு இல்லை","one":"1 தொடர்பு அகற்றப்பட்டது","two":[{"t":"idOrVar","v":"n"}," தொடர்புகள் அகற்றப்பட்டன"],"few":[{"t":"idOrVar","v":"n"}," தொடர்புகள் அகற்றப்பட்டன"],"many":[{"t":"idOrVar","v":"n"}," தொடர்புகள் அகற்றப்பட்டன"],"other":[{"t":"idOrVar","v":"n"}," தொடர்புகள் அகற்றப்பட்டன"]},"$x":[{"t":"idOrVar","v":"plural"},"n"]},{"$i":"DeletingContacts","$v":"தொடர்புகளை நீக்குகிறது"},{"$i":"ContactConfirmDel","$v":{"zero":"நீக்க, தொடர்பு இல்லை","one":"1 தொடர்பை நீக்கவா? இது மீட்டெடுக்க முடியாது.","two":[{"t":"idOrVar","v":"n"}," தொடர்புகளை நீக்கவா? இது மீட்டெடுக்க முடியாது."],"few":[{"t":"idOrVar","v":"n"}," தொடர்புகளை நீக்கவா? இது மீட்டெடுக்க முடியாது."],"many":[{"t":"idOrVar","v":"n"}," தொடர்புகளை நீக்கவா? இது மீட்டெடுக்க முடியாது."],"other":[{"t":"idOrVar","v":"n"}," தொடர்புகளை நீக்கவா? இது மீட்டெடுக்க முடியாது."]},"$x":[{"t":"idOrVar","v":"plural"},"n"]},{"$i":"contact-deleted","$v":[{"t":"idOrVar","v":"n"}," தொடர்புகள் அகற்றப்பட்டன"]},{"$i":"change-will-update-until-restart","$v":"மாற்றங்கள் அடுத்த முறை அப்டேட் செய்யப்படும் தொடர்புகள் தொடங்கப்பட்டது."},{"$i":"transfer-contacts","$v":"தொடர்புகளை டிரான்ஸ்பர் செய்"},{"$i":"contacts-management","$v":"தொடர்புகள் மேலாண்மை"},{"$i":"no-contacts-found","$v":"தொடர்புகள் கண்டறியப்படவில்லை"},{"$i":"weekday-0-long","$v":"ஞாயிறுக்கிழமை"},{"$i":"weekday-1-long","$v":"திங்கள்"},{"$i":"weekday-2-long","$v":"செவ்வாய்க்கிழமை"},{"$i":"weekday-3-long","$v":"புதன்கிழமை"},{"$i":"weekday-4-long","$v":"வியாழக்கிழமை"},{"$i":"weekday-5-long","$v":"வெள்ளி"},{"$i":"weekday-6-long","$v":"சனிக்கிழமை"},{"$i":"weekday-0-short","$v":"ஞாயிறுக்கிழமை"},{"$i":"weekday-1-short","$v":"திங்கள்"},{"$i":"weekday-2-short","$v":"செவ்வாய்க்கிழமை"},{"$i":"weekday-3-short","$v":"புதன்கிழமை"},{"$i":"weekday-4-short","$v":"வியாழன்"},{"$i":"weekday-5-short","$v":"வெள்ளி"},{"$i":"weekday-6-short","$v":"சனிக்கிழமை"},{"$i":"month-0-long","$v":"ஜனவரி"},{"$i":"month-1-long","$v":"பிப்ரவரி"},{"$i":"month-2-long","$v":"மார்ச்"},{"$i":"month-3-long","$v":"ஏப்ரல்"},{"$i":"month-4-long","$v":"மே"},{"$i":"month-5-long","$v":"ஜூன்"},{"$i":"month-6-long","$v":"ஜூலை"},{"$i":"month-7-long","$v":"ஆகஸ்ட்"},{"$i":"month-8-long","$v":"செப்டம்பர்"},{"$i":"month-9-long","$v":"அக்டோபர்"},{"$i":"month-10-long","$v":"நவம்பர்"},{"$i":"month-11-long","$v":"டிசம்பர்"},{"$i":"month-0-genitive","$v":"ஜனவரி"},{"$i":"month-1-genitive","$v":"பிப்ரவரி"},{"$i":"month-2-genitive","$v":"மார்ச்"},{"$i":"month-3-genitive","$v":"ஏப்ரல்"},{"$i":"month-4-genitive","$v":"மே"},{"$i":"month-5-genitive","$v":"ஜூன்"},{"$i":"month-6-genitive","$v":"ஜூலை"},{"$i":"month-7-genitive","$v":"ஆகஸ்ட்"},{"$i":"month-8-genitive","$v":"செப்டம்பர்"},{"$i":"month-9-genitive","$v":"அக்டோபர்"},{"$i":"month-10-genitive","$v":"நவம்பர்"},{"$i":"month-11-genitive","$v":"டிசம்பர்"},{"$i":"month-0-short","$v":"ஜனவரி"},{"$i":"month-1-short","$v":"பிப்ரவரி"},{"$i":"month-2-short","$v":"மார்ச்"},{"$i":"month-3-short","$v":"ஏப்ரல்"},{"$i":"month-4-short","$v":"மே"},{"$i":"month-5-short","$v":"ஜூன்"},{"$i":"month-6-short","$v":"ஜூலை"},{"$i":"month-7-short","$v":"ஆகஸ்ட்"},{"$i":"month-8-short","$v":"செப்டம்பர்"},{"$i":"month-9-short","$v":"அக்டோபர்"},{"$i":"month-10-short","$v":"நவம்பர்"},{"$i":"month-11-short","$v":"டிசம்பர்"},{"$i":"minutes-ago-long","$v":{"zero":"இப்போது தான்","one":"ஒரு நிமிடம் முன்பாக","two":[{"t":"idOrVar","v":"value"}," நிமிடங்களுக்கு முன்பு"],"few":[{"t":"idOrVar","v":"value"}," நிமிடங்களுக்கு முன்பு"],"many":[{"t":"idOrVar","v":"value"}," நிமிடங்களுக்கு முன்பு"],"other":[{"t":"idOrVar","v":"value"}," நிமிடங்களுக்கு முன்பு"]},"$x":[{"t":"idOrVar","v":"plural"},"value"]},{"$i":"hours-ago-long","$v":{"zero":"இப்போது தான்","one":"ஒரு மணிநேரம் முன்பாக","two":[{"t":"idOrVar","v":"value"}," மணிநேரங்களுக்கு முன்பு"],"few":[{"t":"idOrVar","v":"value"}," மணிநேரங்களுக்கு முன்பு"],"many":[{"t":"idOrVar","v":"value"}," மணிநேரங்களுக்கு முன்பு"],"other":[{"t":"idOrVar","v":"value"}," மணிநேரங்களுக்கு முன்பு"]},"$x":[{"t":"idOrVar","v":"plural"},"value"]},{"$i":"days-ago-long","$v":{"zero":"இன்று","one":"நேற்று","two":[{"t":"idOrVar","v":"value"}," நாட்களுக்கு முன்பு"],"few":[{"t":"idOrVar","v":"value"}," நாட்களுக்கு முன்பு"],"many":[{"t":"idOrVar","v":"value"}," நாட்களுக்கு முன்பு"],"other":[{"t":"idOrVar","v":"value"}," நாட்களுக்கு முன்பு"]},"$x":[{"t":"idOrVar","v":"plural"},"value"]},{"$i":"weeks-ago-long","$v":{"zero":"இந்த வாரம்","one":"கடந்த வாரம்","two":[{"t":"idOrVar","v":"value"}," வாரங்களுக்கு முன்பு"],"few":[{"t":"idOrVar","v":"value"}," வாரங்களுக்கு முன்பு"],"many":[{"t":"idOrVar","v":"value"}," வாரங்களுக்கு முன்பு"],"other":[{"t":"idOrVar","v":"value"}," வாரங்களுக்கு முன்பு"]},"$x":[{"t":"idOrVar","v":"plural"},"value"]},{"$i":"months-ago-long","$v":{"zero":"இந்த மாதம்","one":"கடந்த மாதம்","two":[{"t":"idOrVar","v":"value"}," மாதங்களுக்கு முன்பு"],"few":[{"t":"idOrVar","v":"value"}," மாதங்களுக்கு முன்பு"],"many":[{"t":"idOrVar","v":"value"}," மாதங்களுக்கு முன்பு"],"other":[{"t":"idOrVar","v":"value"}," மாதங்களுக்கு முன்பு"]},"$x":[{"t":"idOrVar","v":"plural"},"value"]},{"$i":"years-ago-long","$v":{"zero":"இந்த வருடம்","one":"கடந்த வருடம்","two":[{"t":"idOrVar","v":"value"}," வருடங்களுக்கு முன்பு"],"few":[{"t":"idOrVar","v":"value"}," வருடங்களுக்கு முன்பு"],"many":[{"t":"idOrVar","v":"value"}," வருடங்களுக்கு முன்பு"],"other":[{"t":"idOrVar","v":"value"}," வருடங்களுக்கு முன்பு"]},"$x":[{"t":"idOrVar","v":"plural"},"value"]},{"$i":"minutes-until-long","$v":{"zero":"இப்போதே","one":"ஒரு நிமிடத்தில்","two":[{"t":"idOrVar","v":"value"}," நிமிடங்களில்"],"few":[{"t":"idOrVar","v":"value"}," நிமிடங்களில்"],"many":[{"t":"idOrVar","v":"value"}," நிமிடங்களில்"],"other":[{"t":"idOrVar","v":"value"}," நிமிடங்களில்"]},"$x":[{"t":"idOrVar","v":"plural"},"value"]},{"$i":"hours-until-long","$v":{"zero":"இப்போதே","one":"ஒரு மணிநேரத்தில்","two":[{"t":"idOrVar","v":"value"}," மணிநேரங்களில்"],"few":[{"t":"idOrVar","v":"value"}," மணிநேரங்களில்"],"many":[{"t":"idOrVar","v":"value"}," மணிநேரங்களில்"],"other":[{"t":"idOrVar","v":"value"}," மணிநேரங்களில்"]},"$x":[{"t":"idOrVar","v":"plural"},"value"]},{"$i":"days-until-long","$v":{"zero":"இன்று","one":"நாளை","two":[{"t":"idOrVar","v":"value"}," நாட்களில்"],"few":[{"t":"idOrVar","v":"value"}," நாட்களில்"],"many":[{"t":"idOrVar","v":"value"}," நாட்களில்"],"other":[{"t":"idOrVar","v":"value"}," நாட்களில்"]},"$x":[{"t":"idOrVar","v":"plural"},"value"]},{"$i":"weeks-until-long","$v":{"zero":"இந்த வாரம்","one":"அடுத்த வாரம்","two":[{"t":"idOrVar","v":"value"}," வாரங்களில்"],"few":[{"t":"idOrVar","v":"value"}," வாரங்களில்"],"many":[{"t":"idOrVar","v":"value"}," வாரங்களில்"],"other":[{"t":"idOrVar","v":"value"}," வாரங்களில்"]},"$x":[{"t":"idOrVar","v":"plural"},"value"]},{"$i":"months-until-long","$v":{"zero":"இந்த மாதம்","one":"அடுத்த மாதம்","two":[{"t":"idOrVar","v":"value"}," மாதங்களில்"],"few":[{"t":"idOrVar","v":"value"}," மாதங்களில்"],"many":[{"t":"idOrVar","v":"value"}," மாதங்களில்"],"other":[{"t":"idOrVar","v":"value"}," மாதங்களில்"]},"$x":[{"t":"idOrVar","v":"plural"},"value"]},{"$i":"years-until-long","$v":{"zero":"இந்த வருடம்","one":"அடுத்த ஆண்டு","two":[{"t":"idOrVar","v":"value"}," வருடங்களில்"],"few":[{"t":"idOrVar","v":"value"}," வருடங்களில்"],"many":[{"t":"idOrVar","v":"value"}," வருடங்களில்"],"other":[{"t":"idOrVar","v":"value"}," வருடங்களில்"]},"$x":[{"t":"idOrVar","v":"plural"},"value"]},{"$i":"minutes-ago-short","$v":{"zero":"இப்போது தான்","other":[{"t":"idOrVar","v":"value"},"நிமிடம் முன்பு"]},"$x":[{"t":"idOrVar","v":"plural"},"value"]},{"$i":"hours-ago-short","$v":{"zero":"இப்போது தான்","other":[{"t":"idOrVar","v":"value"},"மணிநேரம் முன்பு"]},"$x":[{"t":"idOrVar","v":"plural"},"value"]},{"$i":"days-ago-short","$v":{"zero":"இன்று","other":[{"t":"idOrVar","v":"value"},"நாள் முன்பு"]},"$x":[{"t":"idOrVar","v":"plural"},"value"]},{"$i":"minutes-until-short","$v":{"zero":"இப்போதே","other":[{"t":"idOrVar","v":"value"},"நிமிடத்தில்"]},"$x":[{"t":"idOrVar","v":"plural"},"value"]},{"$i":"hours-until-short","$v":{"zero":"இப்போதே","other":[{"t":"idOrVar","v":"value"},"மணிநேரத்தில்"]},"$x":[{"t":"idOrVar","v":"plural"},"value"]},{"$i":"days-until-short","$v":{"zero":"இன்று","other":[{"t":"idOrVar","v":"value"},"நாள் இல்"]},"$x":[{"t":"idOrVar","v":"plural"},"value"]},{"$i":"incorrectDate","$v":"(தவறான தேதி)"},{"$i":"dateTimeFormat_%c","$v":"%a %b %e %Y %I:%M:%S %p"},{"$i":"dateTimeFormat_%x","$v":"%m/%d/%Y"},{"$i":"dateTimeFormat_%X","$v":"%I:%M:%S %p"},{"$i":"shortTimeFormat","$v":"%I:%M %p"},{"$i":"shortTimeFormat12","$v":"%I:%M %p"},{"$i":"shortTimeFormat24","$v":"%H:%M"},{"$i":"shortDateTimeFormat","$v":"%x %I:%M %p"},{"$i":"weekStartsOnMonday","$v":"0"},{"$i":"firstDayOfTheWeek","$v":"0"},{"$i":"time_am","$v":"AM"},{"$i":"time_pm","$v":"PM"},{"$i":"sim-with-index-and-carrier","$v":["சிம் ",{"t":"idOrVar","v":"index"}," - ",{"t":"idOrVar","v":"carrier"}]},{"$i":"sim-without-carrier","$v":["சிம் ",{"t":"idOrVar","v":"index"}]}]