[{"$i":"noAntenna","$v":"হেডছেট লগাওক"},{"$i":"noAntennaMsg","$v":"FM ৰেডিঅ’ক ৰেডিঅ’ চিগনেলসমূহ প্ৰাপ্ত কৰিবলৈ হেডছেট প্লাগত থকাৰ আৱশ্যক ৷"},{"$i":"airplaneModeHeader","$v":"এয়াৰপ্লেন মোড অন আছে ।"},{"$i":"airplaneModeMsg","$v":"FM ৰেডিঅ’ ব্যৱহাৰ কৰিবলৈ এয়াৰপ্লেন মোড অফ কৰক ৷"},{"$i":"speaker-switch","ariaLabel":"স্পীকাৰ"},{"$i":"bookmark-button","ariaLabel":"প্ৰিয়"},{"$i":"dialer-container","ariaLabel":"ফ্ৰীকুৱেন্সী"},{"$i":"frequency-op-seekdown","ariaLabel":"তললৈ যাওক"},{"$i":"frequency-op-seekup","ariaLabel":"ওপৰলৈ যাওক"},{"$i":"power-switch-on","ariaLabel":"অন"},{"$i":"power-switch-off","ariaLabel":"অফ"},{"$i":"fav-list-container","ariaLabel":"প্ৰিয় স্টেচনসমূহ"},{"$i":"tcl-station-added","$v":"প্ৰিয়সমূহলৈ ষ্টেচন যোগ কৰা হৈছে"},{"$i":"tcl-station-removed","$v":"প্ৰিয়সমূহৰ পৰা ষ্টেচন আঁতৰোৱা হৈছে"},{"$i":"tcl-changes-saved","$v":"পৰিৱৰ্তনসমূহ চেভ কৰা হৈছে"},{"$i":"tcl-fm-radio","$v":"FM ৰেডিঅ’"},{"$i":"tcl-edit-favorites","$v":"প্ৰিয়সমূহ সম্পাদনা কৰক"},{"$i":"options","$v":"বিকল্পসমূহ"},{"$i":"switchToEarphone","$v":"ইয়েৰফোনলৈ চুইট্চ কৰক"},{"$i":"switchToSpeaker","$v":"স্পীকাৰলৈ চুইট্চ কৰক"},{"$i":"play","$v":"বজাওঁক"},{"$i":"pause","$v":"ৰখক"},{"$i":"rename","$v":"পুনঃনামাকৰণ কৰক"},{"$i":"cancel","$v":"বাতিল কৰক"},{"$i":"unfavorite","$v":"অপ্ৰিয়"},{"$i":"add-to-favorites","$v":"প্ৰিয়সমূহলৈ যোগ কৰক"},{"$i":"edit-favorites","$v":"প্ৰিয়সমূহ সম্পাদনা কৰক"},{"$i":"save","$v":"ছেভ কৰক"},{"$i":"select","$v":"বাছনি কৰক"},{"$i":"settings","$v":"ছেটিংছ"},{"$i":"volume","$v":"ভলিউম"},{"$i":"softkey-options","$v":"বিকল্পসমূহ"}]