[{"$i":"noAntenna","$v":"একটি হেডসেট প্লাগ ইন করুন"},{"$i":"noAntennaMsg","$v":"FM রেডিওর রেডিও সিগন্যাল প্রাপ্ত করার জন্য হেডসেট লাগানো থাকতে হবে।"},{"$i":"airplaneModeHeader","$v":"এয়ারপ্লেন মোড অন আছে I"},{"$i":"airplaneModeMsg","$v":"FM রেডিও ব্যবহার করতে এয়ারপ্লেন মোড অফ করুন।"},{"$i":"speaker-switch","ariaLabel":"স্পীকার"},{"$i":"bookmark-button","ariaLabel":"পছন্দসই"},{"$i":"dialer-container","ariaLabel":"ফ্রিকুয়েন্সি"},{"$i":"frequency-op-seekdown","ariaLabel":"নীচে খুঁজুন"},{"$i":"frequency-op-seekup","ariaLabel":"উপরে খুঁজুন"},{"$i":"power-switch-on","ariaLabel":"অন"},{"$i":"power-switch-off","ariaLabel":"অফ"},{"$i":"fav-list-container","ariaLabel":"পছন্দের স্টেশনগুলি"},{"$i":"tcl-station-added","$v":"স্টেশন পছন্দতে যোগ করা হয়েছে"},{"$i":"tcl-station-removed","$v":"স্টেশন পছন্দ থেকে সরানো হয়েছে"},{"$i":"tcl-changes-saved","$v":"পরিবর্তনগুলি সেভ করা হয়েছে"},{"$i":"tcl-fm-radio","$v":"FM রেডিও"},{"$i":"tcl-edit-favorites","$v":"পছন্দগুলি সম্পাদনা করুন"},{"$i":"options","$v":"বিকল্পগুলি"},{"$i":"switchToEarphone","$v":"ইয়ারফোনে সুইচ করুন"},{"$i":"switchToSpeaker","$v":"স্পীকারে সুইচ করুন"},{"$i":"play","$v":"বাজান"},{"$i":"pause","$v":"বিরাম দিন"},{"$i":"rename","$v":"পুনঃনামকরণ"},{"$i":"cancel","$v":"বাতিল করুন"},{"$i":"unfavorite","$v":"পছন্দ থেকে সরান"},{"$i":"add-to-favorites","$v":"পছন্দতে যোগ করুন"},{"$i":"edit-favorites","$v":"পছন্দগুলি সম্পাদনা করুন"},{"$i":"save","$v":"সেভ করুন"},{"$i":"select","$v":"নির্বাচন করুন"},{"$i":"settings","$v":"সেটিংস"},{"$i":"volume","$v":"ভলিউম"},{"$i":"softkey-options","$v":"বিকল্পগুলি"}]