[{"$i":"noAntenna","$v":"हेडसेट च प्लग इन करो"},{"$i":"noAntennaMsg","$v":"रेडियो सिग्नल हासल करने लेई FM रेडियो लेई हेडसेट प्लग दी लोड़ ऐ।"},{"$i":"airplaneModeHeader","$v":"ब्हाई ज्हाज मोड चालू ऐ"},{"$i":"airplaneModeMsg","$v":"FM रेडियो दी बरतून करने लेई ब्हाई-ज्हाज मोड बंद करो।"},{"$i":"speaker-switch","ariaLabel":"स्पीकर"},{"$i":"bookmark-button","ariaLabel":"पसंदीदा"},{"$i":"dialer-container","ariaLabel":"फ्रीक्वेंसी"},{"$i":"frequency-op-seekdown","ariaLabel":"ख'ल्ल दिक्खो"},{"$i":"frequency-op-seekup","ariaLabel":"उप्पर दिक्खो"},{"$i":"power-switch-on","ariaLabel":"चालू"},{"$i":"power-switch-off","ariaLabel":"बंद"},{"$i":"fav-list-container","ariaLabel":"पसंदीदा स्टेशन"},{"$i":"tcl-station-added","$v":"स्टेशन पसंदीदा च जोड़ेआ गेआ"},{"$i":"tcl-station-removed","$v":"स्टेशन पसंदीदा थमां हटाया गेआ"},{"$i":"tcl-changes-saved","$v":"बदलाव सहेजेआ गेआ"},{"$i":"tcl-fm-radio","$v":"FM रेडियो"},{"$i":"tcl-edit-favorites","$v":"संपादत पसंदीदा"},{"$i":"options","$v":"विकल्प"},{"$i":"switchToEarphone","$v":"एअरफोन पर स्विच करो"},{"$i":"switchToSpeaker","$v":"स्पीकर पर स्विच करो"},{"$i":"play","$v":"चलाओ"},{"$i":"pause","$v":"विराम"},{"$i":"rename","$v":"नांऽ परतियै लिक्खो"},{"$i":"cancel","$v":"रद्द करो"},{"$i":"unfavorite","$v":"नापसंद"},{"$i":"add-to-favorites","$v":"पसंदीदा सूची च पाओ"},{"$i":"edit-favorites","$v":"संपादत पसंदीदा"},{"$i":"save","$v":"बचाओ"},{"$i":"select","$v":"चुनो"},{"$i":"settings","$v":"सेटिंग्स"},{"$i":"volume","$v":"वाल्यूम"},{"$i":"softkey-options","$v":"विकल्प"}]