[{"$i":"noAntenna","$v":"Plug in a headset"},{"$i":"noAntennaMsg","$v":"FM Radio requires a plugged in headset to receive radio signals."},{"$i":"airplaneModeHeader","$v":"Airplane mode is On."},{"$i":"airplaneModeMsg","$v":"Turn Off Airplane mode to use FM Radio."},{"$i":"speaker-switch","ariaLabel":"Speaker"},{"$i":"bookmark-button","ariaLabel":"Favorite"},{"$i":"dialer-container","ariaLabel":"Frequency"},{"$i":"frequency-op-seekdown","ariaLabel":"Seek Down"},{"$i":"frequency-op-seekup","ariaLabel":"Seek Up"},{"$i":"power-switch-on","ariaLabel":"On"},{"$i":"power-switch-off","ariaLabel":"Off"},{"$i":"fav-list-container","ariaLabel":"Favorite stations"},{"$i":"tcl-station-added","$v":"Station added to Favorites."},{"$i":"tcl-station-removed","$v":"Station removed from Favorites."},{"$i":"tcl-changes-saved","$v":"Changes saved."},{"$i":"tcl-fm-radio","$v":"FM Radio"},{"$i":"tcl-edit-favorites","$v":"Edit Favorites"},{"$i":"options","$v":"Options"},{"$i":"switchToEarphone","$v":"Switch To Earphone"},{"$i":"switchToSpeaker","$v":"Switch To Speaker"},{"$i":"play","$v":"Play"},{"$i":"pause","$v":"Pause"},{"$i":"rename","$v":"Rename"},{"$i":"cancel","$v":"Cancel"},{"$i":"unfavorite","$v":"Unfavorite"},{"$i":"add-to-favorites","$v":"Add to Favorites"},{"$i":"edit-favorites","$v":"Edit Favorites"},{"$i":"save","$v":"Save"},{"$i":"select","$v":"Select"},{"$i":"settings","$v":"Settings"},{"$i":"volume","$v":"Volume"},{"$i":"softkey-options","$v":"Options"}]