[{"$i":"noAntenna","$v":"હેડસેટ નાખો"},{"$i":"noAntennaMsg","$v":"રેડિયો સંકેતો પ્રાપ્ત કરવા માટે FM રેડિયોને પ્લગ ઇન કરેલ હેડસેટની જરૂર પડે છે."},{"$i":"airplaneModeHeader","$v":"એરપ્લેન મોડ ચાલુ છે."},{"$i":"airplaneModeMsg","$v":"FM રેડિયોનો ઉપયોગ કરવા માટે એરપ્લેન મોડ બંધ કરો."},{"$i":"speaker-switch","ariaLabel":"સ્પીકર"},{"$i":"bookmark-button","ariaLabel":"મનપસંદ"},{"$i":"dialer-container","ariaLabel":"આવૃત્તિ"},{"$i":"frequency-op-seekdown","ariaLabel":"નીચે જાઓ"},{"$i":"frequency-op-seekup","ariaLabel":"ઉપર શોધો"},{"$i":"power-switch-on","ariaLabel":"ચાલુ"},{"$i":"power-switch-off","ariaLabel":"બંધ"},{"$i":"fav-list-container","ariaLabel":"મનપસંદ સ્ટેશનો"},{"$i":"tcl-station-added","$v":"સ્ટેશન મનપસંદોમાં ઉમેરેલ છે"},{"$i":"tcl-station-removed","$v":"સ્ટેશન મનપસંદોમાંથી દૂર કરેલ છે"},{"$i":"tcl-changes-saved","$v":"ફેરફારો સાચવ્યાં"},{"$i":"tcl-fm-radio","$v":"FM રેડિયો"},{"$i":"tcl-edit-favorites","$v":"મનપસંદને સંપાદિત કરો"},{"$i":"options","$v":"વિકલ્પ"},{"$i":"switchToEarphone","$v":"ઈયરફોન પર સ્વિચ કરો"},{"$i":"switchToSpeaker","$v":"સ્પીકર પર સ્વિચ કરો"},{"$i":"play","$v":"વગાડો"},{"$i":"pause","$v":"થોભો"},{"$i":"rename","$v":"નામ બદલો"},{"$i":"cancel","$v":"રદ કરો"},{"$i":"unfavorite","$v":"પસંદગીમાંથી દૂર કરો"},{"$i":"add-to-favorites","$v":"પસંદગી માં  ઉમેરો"},{"$i":"edit-favorites","$v":"મનપસંદને સંપાદિત કરો"},{"$i":"save","$v":"સેવ કરો"},{"$i":"select","$v":"પસંદ કરો"},{"$i":"settings","$v":"સેટિંગ્સ"},{"$i":"volume","$v":"વૉલ્યૂમ"},{"$i":"softkey-options","$v":"વિકલ્પ"}]