[{"$i":"noAntenna","$v":"हेडसेट डालें"},{"$i":"noAntennaMsg","$v":"रेडियो सिग्नल प्राप्त करने हेतु FM रेडियो के लिए हेडसेट प्लग की आवश्यकता हैं।"},{"$i":"airplaneModeHeader","$v":"एयरप्लेन मोड ऑन हैं"},{"$i":"airplaneModeMsg","$v":"FM रेडियो का उपयोग करने के लिए एयरप्लेन मोड ऑफ करें।"},{"$i":"speaker-switch","ariaLabel":"स्पीकर"},{"$i":"bookmark-button","ariaLabel":"पसंदीदा"},{"$i":"dialer-container","ariaLabel":"फ्रीक्वेंसी"},{"$i":"frequency-op-seekdown","ariaLabel":"नीचे जाएं"},{"$i":"frequency-op-seekup","ariaLabel":"ऊपर जाएं"},{"$i":"power-switch-on","ariaLabel":"ऑन"},{"$i":"power-switch-off","ariaLabel":"ऑफ"},{"$i":"fav-list-container","ariaLabel":"पसंदीदा स्टेशन"},{"$i":"tcl-station-added","$v":"स्टेशन पसंदीदा में जोड़ा गया"},{"$i":"tcl-station-removed","$v":"स्टेशन पसंदीदा से हटाया गया"},{"$i":"tcl-changes-saved","$v":"परिवर्तन सेव हुए"},{"$i":"tcl-fm-radio","$v":"FM रेडियो"},{"$i":"tcl-edit-favorites","$v":"पसंदीदा संपादित करें"},{"$i":"options","$v":"विकल्प"},{"$i":"switchToEarphone","$v":"ईयरफ़ोन पर स्विच करें"},{"$i":"switchToSpeaker","$v":"स्पीकर पर स्विच करें"},{"$i":"play","$v":"बजाए"},{"$i":"pause","$v":"रोकें"},{"$i":"rename","$v":"नाम बदलें"},{"$i":"cancel","$v":"रद्द करना"},{"$i":"unfavorite","$v":"पसंदीदा से हटाएं"},{"$i":"add-to-favorites","$v":"पसंदीदा में जोड़ें"},{"$i":"edit-favorites","$v":"पसंदीदा संपादित करें"},{"$i":"save","$v":"सेव करें"},{"$i":"select","$v":"चुनिए"},{"$i":"settings","$v":"सेटिंग्स"},{"$i":"volume","$v":"वॉल्यूम"},{"$i":"softkey-options","$v":"विकल्प"}]