[{"$i":"noAntenna","$v":"ಹೆಡ್‌ಸೆಟ್ ಹಾಕಿಕೊಳ್ಳಿ"},{"$i":"noAntennaMsg","$v":"FM ರೇಡಿಯೋದಲ್ಲಿ ರೇಡಿಯೋ ಸಿಗ್ನಲ್‌ಗಳನ್ನು ಸ್ವೀಕರಿಸಲು ಪ್ಲಗಿನ್ ಮಾಡಿದ ಹೆಡ್‌ಸೆಟ್ ಬೇಕು."},{"$i":"airplaneModeHeader","$v":"ಏರ್‌‌ಪ್ಲೇನ್ ಮೋಡ್ ಆನ್ ಆಗಿದೆ"},{"$i":"airplaneModeMsg","$v":"FM ರೇಡಿಯೋ ಬಳಸಲು ಏರ್‌ಪ್ಲೇನ್ ಮೋಡ್ ಆಫ್‌ ಮಾಡಿ."},{"$i":"speaker-switch","ariaLabel":"ಸ್ಪೀಕರ್"},{"$i":"bookmark-button","ariaLabel":"ಮೆಚ್ಚಿನ"},{"$i":"dialer-container","ariaLabel":"ಫ್ರೀಕ್ವೆನ್ಸಿ"},{"$i":"frequency-op-seekdown","ariaLabel":"ಕೆಳಗೆ ಹೋಗಿ"},{"$i":"frequency-op-seekup","ariaLabel":"ಮೇಲೆ ಹೋಗಿ"},{"$i":"power-switch-on","ariaLabel":"ರಂದು"},{"$i":"power-switch-off","ariaLabel":"ಆಫ್"},{"$i":"fav-list-container","ariaLabel":"ಮೆಚ್ಚಿನ ಸ್ಟೇಶನ್‌ಗಳು"},{"$i":"tcl-station-added","$v":"ಮೆಚ್ಚಿನವುಗಳಿಗೆ ಸ್ಟೇಷನ್ ಸೇರಿಸಲಾಗಿದೆ"},{"$i":"tcl-station-removed","$v":"ಮೆಚ್ಚಿನವುಗಳಿಂದ ಸ್ಟೇಷನ್ ತೆಗೆಯಲಾಗಿದೆ"},{"$i":"tcl-changes-saved","$v":"ಉಳಿಸಲಾದ ಬದಲಾವಣೆಗಳು"},{"$i":"tcl-fm-radio","$v":"FM ರೇಡಿಯೋ"},{"$i":"tcl-edit-favorites","$v":"ಮೆಚ್ಚಿನವುಗಳನ್ನು ಸಂಕಲಿಸಿ"},{"$i":"options","$v":"ಆಯ್ಕೆಗಳು"},{"$i":"switchToEarphone","$v":"ಇಯರ್‌ಫೋನ್‌ಗೆ ಬದಲಿಸಿ"},{"$i":"switchToSpeaker","$v":"ಸ್ಪೀಕರ್‌ಗೆ ಬದಲಿಸಿ"},{"$i":"play","$v":"ಪ್ಲೇ ಮಾಡಿ"},{"$i":"pause","$v":"ವಿರಾಮಗೊಳಿಸು"},{"$i":"rename","$v":"ಮರುಹೆಸರಿಸಿ"},{"$i":"cancel","$v":"ರದ್ದು ಮಾಡಿ"},{"$i":"unfavorite","$v":"ಮೆಚ್ಚಿನವುಗಳಿಂದ ತೆಗೆಯಿರಿ"},{"$i":"add-to-favorites","$v":"ಮೆಚ್ಚಿನವುಗಳನ್ನು ಸೇರಿಸಿ"},{"$i":"edit-favorites","$v":"ಮೆಚ್ಚಿನವುಗಳನ್ನು ಸಂಕಲಿಸಿ"},{"$i":"save","$v":"ಸೇವ್ ಮಾಡಿ"},{"$i":"select","$v":"ಆಯ್ಕೆ ಮಾಡಿ"},{"$i":"settings","$v":"ಸೆಟ್ಟಿಂಗ್ಸ್"},{"$i":"volume","$v":"ವಾಲ್ಯೂಮ್"},{"$i":"softkey-options","$v":"ಆಯ್ಕೆಗಳು"}]