[{"$i":"noAntenna","$v":"हेडसॅट प्लग इन करचो"},{"$i":"noAntennaMsg","$v":"FM रेडियोक रेडियो सिग्नलां मेळूंक प्लग इन केल्लो हेडसॅट गरजेचो आसा."},{"$i":"airplaneModeHeader","$v":"विमान मोड चालू आसा"},{"$i":"airplaneModeMsg","$v":"FM रेडियो वापरूंक विमान मोड बंद करचो."},{"$i":"speaker-switch","ariaLabel":"उलोवपी"},{"$i":"bookmark-button","ariaLabel":"आवडीचे"},{"$i":"dialer-container","ariaLabel":"आवृत्तीमान"},{"$i":"frequency-op-seekdown","ariaLabel":"सकयल पळोवचें"},{"$i":"frequency-op-seekup","ariaLabel":"वयर पळोवचें"},{"$i":"power-switch-on","ariaLabel":"चालू"},{"$i":"power-switch-off","ariaLabel":"कुशीक"},{"$i":"fav-list-container","ariaLabel":"आवडीचीं स्टेशनां"},{"$i":"tcl-station-added","$v":"स्टेशन पसंतीक जोडलां"},{"$i":"tcl-station-removed","$v":"स्टेशन पसंतीतल्यान काडलां"},{"$i":"tcl-changes-saved","$v":"बदल सांबाळ्ळे"},{"$i":"tcl-fm-radio","$v":"FM रेडियो"},{"$i":"tcl-edit-favorites","$v":"आवडी संपादन करच्यो"},{"$i":"options","$v":"पर्याय"},{"$i":"switchToEarphone","$v":"इयरफोन कडेन वच्चें"},{"$i":"switchToSpeaker","$v":"स्पिकरा कडेन वच्चें"},{"$i":"play","$v":"चालू कर"},{"$i":"pause","$v":"थांबोवचें"},{"$i":"rename","$v":"पुनर्नामकरण"},{"$i":"cancel","$v":"रद्द करचें"},{"$i":"unfavorite","$v":"नापसंत"},{"$i":"add-to-favorites","$v":"आवडीच्यांच जोडात"},{"$i":"edit-favorites","$v":"आवडी संपादन करच्यो"},{"$i":"save","$v":"सांबाळ"},{"$i":"select","$v":"वेंच्चें"},{"$i":"settings","$v":"सेटिंग्स"},{"$i":"volume","$v":"आवाज"},{"$i":"softkey-options","$v":"पर्याय"}]