[{"$i":"noAntenna","$v":"ہیڈ سیٹ کریو پُلغ ان"},{"$i":"noAntennaMsg","$v":"ریڈیو ہس چھِ ضورتھ ہیڈ سیٹ پُلغ ان کرُن ریڈیو سگنل حٲصل کرنِہ خٲطر FM"},{"$i":"airplaneModeHeader","$v":"ایر پلین انداز چھِ آن"},{"$i":"airplaneModeMsg","$v":"ریڈیو استعمال کرنِہ خٲطر FM کریو آف ایرپلین انداز"},{"$i":"speaker-switch","ariaLabel":"سپیکر"},{"$i":"bookmark-button","ariaLabel":"خاص"},{"$i":"dialer-container","ariaLabel":"کثرت"},{"$i":"frequency-op-seekdown","ariaLabel":"سیک ڈاون"},{"$i":"frequency-op-seekup","ariaLabel":"سیک اپ"},{"$i":"power-switch-on","ariaLabel":"یلِہ"},{"$i":"power-switch-off","ariaLabel":"بند"},{"$i":"fav-list-container","ariaLabel":"مقبول سٹیشن"},{"$i":"tcl-station-added","$v":"سٹیشن آو مقبولن منز شٲمل کرنِہ"},{"$i":"tcl-station-removed","$v":"سٹیشن آو مقبولن منز معزول کرنِہ"},{"$i":"tcl-changes-saved","$v":"بدلاو کر محفوظ"},{"$i":"tcl-fm-radio","$v":"۔FM ریڈیو"},{"$i":"tcl-edit-favorites","$v":"ترمیم کریو مقبول"},{"$i":"options","$v":"انتخابات"},{"$i":"switchToEarphone","$v":"سوئچ کریو ایر فون کُن"},{"$i":"switchToSpeaker","$v":"سوئچ کریو سپیکر کُن"},{"$i":"play","$v":"چلاۅ"},{"$i":"pause","$v":"تیھر"},{"$i":"rename","$v":"نَے سر ناۅ"},{"$i":"cancel","$v":"رد کر"},{"$i":"unfavorite","$v":"بے مقبول"},{"$i":"add-to-favorites","$v":"شٲمل کر خاصن منز"},{"$i":"edit-favorites","$v":"ترمیم کریو مقبول"},{"$i":"save","$v":"محفوظ"},{"$i":"select","$v":"چُنیو"},{"$i":"settings","$v":"سیٹِنگس"},{"$i":"volume","$v":"آواز حد"},{"$i":"softkey-options","$v":"انتخابات"}]