[{"$i":"noAntenna","$v":"हेडसेट प्लग इन करू"},{"$i":"noAntennaMsg","$v":"FM रेडियो में एकटा प्लगएड इन हेडसेट चाही जे रेडियो सिग्नल प्राप्त क सकै."},{"$i":"airplaneModeHeader","$v":"एयरप्लेन मोड चालू छै"},{"$i":"airplaneModeMsg","$v":"FM रेडियो प्रोग करेई लेल एयरप्लेन मोड बंद करू."},{"$i":"speaker-switch","ariaLabel":"स्‍पीकर"},{"$i":"bookmark-button","ariaLabel":"पसंदीदा"},{"$i":"dialer-container","ariaLabel":"फ्रीक्वेंसी"},{"$i":"frequency-op-seekdown","ariaLabel":"सीक डाउन"},{"$i":"frequency-op-seekup","ariaLabel":"सीक अप"},{"$i":"power-switch-on","ariaLabel":"ऑन"},{"$i":"power-switch-off","ariaLabel":"ऑफ"},{"$i":"fav-list-container","ariaLabel":"पसंदीदा स्टेशन"},{"$i":"tcl-station-added","$v":"स्टेशन फेवरेट में जोरल गेल"},{"$i":"tcl-station-removed","$v":"स्टेशन फेवरेट से हटैल गेल"},{"$i":"tcl-changes-saved","$v":"बदलाव सेव भ गेल"},{"$i":"tcl-fm-radio","$v":"FM रेडियो"},{"$i":"tcl-edit-favorites","$v":"फेवरेट सम्पादित करू"},{"$i":"options","$v":"विकल्प"},{"$i":"switchToEarphone","$v":"ईरफ़ोन में स्विच करू"},{"$i":"switchToSpeaker","$v":"स्पीकर में स्विच करू"},{"$i":"play","$v":"प्‍ले"},{"$i":"pause","$v":"पॉज"},{"$i":"rename","$v":"रीनेम"},{"$i":"cancel","$v":"रद्द करू"},{"$i":"unfavorite","$v":"उन्फेवोरिट"},{"$i":"add-to-favorites","$v":"फेवरेट में जोरू"},{"$i":"edit-favorites","$v":"फेवरेट सम्पादित करू"},{"$i":"save","$v":"सेव"},{"$i":"select","$v":"सलेक्‍ट करू"},{"$i":"settings","$v":"सेटिंग्स"},{"$i":"volume","$v":"वाल्‍यूम"},{"$i":"softkey-options","$v":"विकल्प"}]