[{"$i":"noAntenna","$v":"ഒരു ഹെഡ്സെറ്റ് പ്ലഗിൻ ചെയ്യുക"},{"$i":"noAntennaMsg","$v":"റേഡിയോ സിഗ്നലുകൾ ലഭിക്കാൻ FM റേഡിയോയ്ക്ക് പ്ലഗിൻ ചെയ്തിട്ടുള്ള ഹെഡ്സെറ്റ് വേണം."},{"$i":"airplaneModeHeader","$v":"എയര്‍പ്ലൈന്‍ മോഡ്  ഓണാണ്"},{"$i":"airplaneModeMsg","$v":"FM റേഡിയോ ഉപയോഗിക്കാൻ എയര്‍പ്ലൈന്‍ മോഡ്  ഓഫാക്കുക."},{"$i":"speaker-switch","ariaLabel":"സ്പീക്കർ"},{"$i":"bookmark-button","ariaLabel":"പ്രിയപ്പെട്ടവ"},{"$i":"dialer-container","ariaLabel":"ആവൃത്തി"},{"$i":"frequency-op-seekdown","ariaLabel":"താഴേക്ക് പോകുക"},{"$i":"frequency-op-seekup","ariaLabel":"മുകളിൽ പോകുക"},{"$i":"power-switch-on","ariaLabel":"ഓൺ"},{"$i":"power-switch-off","ariaLabel":"ഓഫ്"},{"$i":"fav-list-container","ariaLabel":"പ്രിയപ്പെട്ട സ്റ്റേഷനുകൾ"},{"$i":"tcl-station-added","$v":"പ്രിയപ്പെട്ടവയിലേക്ക് സ്റ്റേഷൻ ചേർത്തു"},{"$i":"tcl-station-removed","$v":"പ്രിയപ്പെട്ടവയില്‍  നിന്ന് സ്റ്റേഷൻ നീക്കംചെയ്തു"},{"$i":"tcl-changes-saved","$v":"മാറ്റങ്ങൾ സേവ് ചെയ്തു"},{"$i":"tcl-fm-radio","$v":"FM റേഡിയോ"},{"$i":"tcl-edit-favorites","$v":"പ്രിയപ്പെട്ടവ  തിരുത്തുക"},{"$i":"options","$v":"ഓപ്ഷന്‍"},{"$i":"switchToEarphone","$v":"ഇയർഫോണിലേക്ക് മാറുക"},{"$i":"switchToSpeaker","$v":"സ്പീക്കറിലേക്ക് മാറുക"},{"$i":"play","$v":"പ്ലേ ചെയ്യുക"},{"$i":"pause","$v":"പോസ്"},{"$i":"rename","$v":"പുനർനാമകരണം"},{"$i":"cancel","$v":"റദ്ദാക്കുക"},{"$i":"unfavorite","$v":"പ്രിയ്യപ്പെട്ടവയല്ലാതാക്കുക"},{"$i":"add-to-favorites","$v":"പ്രിയപ്പെട്ടവയിലേക്ക്   ചേര്‍ക്കുക"},{"$i":"edit-favorites","$v":"പ്രിയപ്പെട്ടവ  തിരുത്തുക"},{"$i":"save","$v":"സേവ് ചെയ്യുക"},{"$i":"select","$v":"തിരഞ്ഞെടുക്കുക"},{"$i":"settings","$v":"സെറ്റിംഗ്സ്"},{"$i":"volume","$v":"വോളിയം"},{"$i":"softkey-options","$v":"ഓപ്ഷന്‍"}]