[{"$i":"noAntenna","$v":"হেদসেত অমা প্লগ ইন তৌ"},{"$i":"noAntennaMsg","$v":"FM রেদিও না রেদিও সিগ্নেলশীং ওক্নবা প্লগ ইন হেদসেট অমা দরকার ওই."},{"$i":"airplaneModeHeader","$v":"এয়রপ্লেন মোদ থাই"},{"$i":"airplaneModeMsg","$v":"FM রেদিও শীজিন্ননবা এয়রপ্লেন মোদ মুথৎলু."},{"$i":"speaker-switch","ariaLabel":"স্পীকর"},{"$i":"bookmark-button","ariaLabel":"পামজবা"},{"$i":"dialer-container","ariaLabel":"ফ্রীক্বেন্সি"},{"$i":"frequency-op-seekdown","ariaLabel":"সীক দাওন"},{"$i":"frequency-op-seekup","ariaLabel":"সীক অপ"},{"$i":"power-switch-on","ariaLabel":"ওন তৌ"},{"$i":"power-switch-off","ariaLabel":"মুত্থৎপা"},{"$i":"fav-list-container","ariaLabel":"ফেবরাইট স্টেসনশীং"},{"$i":"tcl-station-added","$v":"স্টেসন ফেবরাইটস তা হাপচিল্লে"},{"$i":"tcl-station-removed","$v":"স্টেসন ফেবরাইটস তগী লৌথোক্লে"},{"$i":"tcl-changes-saved","$v":"হোংবশীং সেব তৌরে"},{"$i":"tcl-fm-radio","$v":"FM রেডিও"},{"$i":"tcl-edit-favorites","$v":"ফেবরাইটশীং এদিত তৌ"},{"$i":"options","$v":"ওপসনশিং"},{"$i":"switchToEarphone","$v":"ইয়রফোন দা হোংঙু"},{"$i":"switchToSpeaker","$v":"স্পীকরদা হোংঙু"},{"$i":"play","$v":"প্লে তৌ"},{"$i":"pause","$v":"ঙাইহাক লেপ্পু"},{"$i":"rename","$v":"হন্না মিংথোল্লু"},{"$i":"cancel","$v":"ককথৎলু"},{"$i":"unfavorite","$v":"ফেবরাইট ওইবা হন্দোকউ"},{"$i":"add-to-favorites","$v":"পামজবশিংদা হাপচিল্লু"},{"$i":"edit-favorites","$v":"ফেবরাইটশীং এদিত তৌ"},{"$i":"save","$v":"সেব তৌ"},{"$i":"select","$v":"খল্লু"},{"$i":"settings","$v":"সেটিংশিং"},{"$i":"volume","$v":"ভোল্যুম"},{"$i":"softkey-options","$v":"ওপসনশিং"}]