[{"$i":"noAntenna","$v":"हेडसेट जोडा"},{"$i":"noAntennaMsg","$v":"FM रेडिओला रेडिओ सिग्नल प्राप्त करण्यासाठी हेडसेट प्लग आवश्यक आहे."},{"$i":"airplaneModeHeader","$v":"एयरप्लेन मोड ऑन आहे"},{"$i":"airplaneModeMsg","$v":"FM रेडिओ वापरण्यासाठी एयरप्लेन मोड ऑफ करा."},{"$i":"speaker-switch","ariaLabel":"स्पीकर"},{"$i":"bookmark-button","ariaLabel":"पसंतीचे"},{"$i":"dialer-container","ariaLabel":"फ्रीक्वेंसी"},{"$i":"frequency-op-seekdown","ariaLabel":"खाली जा"},{"$i":"frequency-op-seekup","ariaLabel":"वर जा"},{"$i":"power-switch-on","ariaLabel":"ऑन"},{"$i":"power-switch-off","ariaLabel":"आॅफ"},{"$i":"fav-list-container","ariaLabel":"पसंदीचंं स्टेशन"},{"$i":"tcl-station-added","$v":"स्टेशन पसंद मध्ये जोडले गेले"},{"$i":"tcl-station-removed","$v":"स्टेशन पसंद मधून हटवले गेले"},{"$i":"tcl-changes-saved","$v":"बदल जतन केले"},{"$i":"tcl-fm-radio","$v":"FM रेडिओ"},{"$i":"tcl-edit-favorites","$v":"पसंतीचे संपादित करा"},{"$i":"options","$v":"पर्याय"},{"$i":"switchToEarphone","$v":"ईअरफोन वर स्विच करा"},{"$i":"switchToSpeaker","$v":"स्पीकरवर स्विच करा"},{"$i":"play","$v":"वाजवा"},{"$i":"pause","$v":"थांबवा"},{"$i":"rename","$v":"नाव बदला"},{"$i":"cancel","$v":"रद्द करा"},{"$i":"unfavorite","$v":"पसंदी मधून हटवा"},{"$i":"add-to-favorites","$v":"पसंत मध्ये जोडा"},{"$i":"edit-favorites","$v":"पसंतीचे संपादित करा"},{"$i":"save","$v":"जतन करा"},{"$i":"select","$v":"निवडा"},{"$i":"settings","$v":"सेटिंग्स"},{"$i":"volume","$v":"व्हॉल्यूम"},{"$i":"softkey-options","$v":"पर्याय"}]