[{"$i":"noAntenna","$v":"हेडसेटमा प्लग इन गर्नुहोस्"},{"$i":"noAntennaMsg","$v":"रेडियो संकेतहरू प्राप्त गर्न FM रेडियोमा हेडसेट घुसाउन आवश्यक छ।"},{"$i":"airplaneModeHeader","$v":"विमान मोड अन छ"},{"$i":"airplaneModeMsg","$v":"FM रेडियोको प्रयोग गर्न एयरप्लेन मोड बन्द गर्नुहोस्"},{"$i":"speaker-switch","ariaLabel":"स्पिकर"},{"$i":"bookmark-button","ariaLabel":"मनपर्ने"},{"$i":"dialer-container","ariaLabel":"आवृत्ति"},{"$i":"frequency-op-seekdown","ariaLabel":"तल खोज्नुहोस्"},{"$i":"frequency-op-seekup","ariaLabel":"माथि खोज्नुहोस्"},{"$i":"power-switch-on","ariaLabel":"खुला"},{"$i":"power-switch-off","ariaLabel":"निष्क्रिय"},{"$i":"fav-list-container","ariaLabel":"मनपर्ने स्टेशनहरू"},{"$i":"tcl-station-added","$v":"मनपर्नेहरूमा स्टेशन थपियो"},{"$i":"tcl-station-removed","$v":"मनपर्नेहरूबाट हटाइएका स्टेशनहरू"},{"$i":"tcl-changes-saved","$v":"परिवर्तनहरू बचत गरियो"},{"$i":"tcl-fm-radio","$v":"FM रेडियो"},{"$i":"tcl-edit-favorites","$v":"मनपर्नेहरू सम्पादन गर्नुहोस्"},{"$i":"options","$v":"विकल्पहरू"},{"$i":"switchToEarphone","$v":"इयरफोनमा स्विच गर्नुहोस्"},{"$i":"switchToSpeaker","$v":"स्पीकर स्विच गर्नुहोस्"},{"$i":"play","$v":"चलाउनुहोस्"},{"$i":"pause","$v":"पज गर्नुहोस्"},{"$i":"rename","$v":"पुनःनामाकरण गर्नुहोस्"},{"$i":"cancel","$v":"रद्द गर्नुहोस्"},{"$i":"unfavorite","$v":"मनपर्नेबाट हटाउनुहोस्"},{"$i":"add-to-favorites","$v":"मनपर्नेहरूमा थप्नुहोस्"},{"$i":"edit-favorites","$v":"मनपर्नेहरू सम्पादन गर्नुहोस्"},{"$i":"save","$v":"सुरक्षित गर्नुहोस्"},{"$i":"select","$v":"चयन गर्नुहोस्"},{"$i":"settings","$v":"सेटिङ्हरू"},{"$i":"volume","$v":"मात्रा"},{"$i":"softkey-options","$v":"विकल्पहरू"}]