[{"$i":"noAntenna","$v":"ଏକ ହେଡସେଟ୍ ଲଗାନ୍ତୁ"},{"$i":"noAntennaMsg","$v":"FM ରେଡିଓ ପାଇଁ ରେଡିଓ ସିଗନାଲ୍ ପ୍ରାପ୍ତ କରିବାକୁ ହେଡସେଟ୍ ପ୍ଲଗଇନ୍ ହେବା ଆବଶ୍ୟକ।"},{"$i":"airplaneModeHeader","$v":"ଏୟାର୍‌ପ୍ଲେନ୍ ମୋଡ୍ ଅନ୍ ଅଛି |"},{"$i":"airplaneModeMsg","$v":"FM ରେଡିଓ ବ୍ୟବହାର କରିବାକୁ ଏୟାର୍‌ପ୍ଲେନ୍ ମୋଡ୍ ଅଫ୍ କରନ୍ତୁ।"},{"$i":"speaker-switch","ariaLabel":"ସ୍ପିକର୍"},{"$i":"bookmark-button","ariaLabel":"ପ୍ରିୟପସନ୍ଦ"},{"$i":"dialer-container","ariaLabel":"ବାରମ୍ଵାରତା"},{"$i":"frequency-op-seekdown","ariaLabel":"ନିମ୍ନକୁ ଯାଆନ୍ତୁ"},{"$i":"frequency-op-seekup","ariaLabel":"ଉପରକୁ ଯାଆନ୍ତୁ"},{"$i":"power-switch-on","ariaLabel":"ଅନ୍"},{"$i":"power-switch-off","ariaLabel":"ଅଫ୍"},{"$i":"fav-list-container","ariaLabel":"ପସନ୍ଦିତା ଷ୍ଟେସନଗୁଡିକ"},{"$i":"tcl-station-added","$v":"ଷ୍ଟେସନ୍ ପସନ୍ଦିତାଭାବେ ଯୋଡାଯାଇଛି"},{"$i":"tcl-station-removed","$v":"ପସନ୍ଦିତାଗୁଡିକରୁ ଷ୍ଟେସନ୍ ଅପସାରଣ ହୋଇଛି"},{"$i":"tcl-changes-saved","$v":"ପରିବର୍ତ୍ତନଗୁଡିକ ସେଭ୍ ହୋଇଛି"},{"$i":"tcl-fm-radio","$v":"FM ରେଡିଓ"},{"$i":"tcl-edit-favorites","$v":"ପସନ୍ଦିତାଗୁଡିକ ସମ୍ପାଦନ କରନ୍ତୁ"},{"$i":"options","$v":"ବିକଳ୍ପଗୁଡିକ"},{"$i":"switchToEarphone","$v":"ଇଅରଫୋନକୁ ସ୍ଵିଚ୍ କରନ୍ତୁ"},{"$i":"switchToSpeaker","$v":"ସ୍ପିକରକୁ ସ୍ବିଚ୍ କରନ୍ତୁ"},{"$i":"play","$v":"ବଜାନ୍ତୁ"},{"$i":"pause","$v":"ବିରତ କରନ୍ତୁ"},{"$i":"rename","$v":"ନାମ ବଦଳାନ୍ତୁ"},{"$i":"cancel","$v":"ବାତିଲ କରନ୍ତୁ"},{"$i":"unfavorite","$v":"ପସନ୍ଦିତାରୁ ଅପସାରଣ କରନ୍ତୁ"},{"$i":"add-to-favorites","$v":"ପ୍ରିୟପସନ୍ଦରେ ଯୋଡ଼ନ୍ତୁ"},{"$i":"edit-favorites","$v":"ପସନ୍ଦିତାଗୁଡିକ ସମ୍ପାଦନ କରନ୍ତୁ"},{"$i":"save","$v":"ସେଭ୍ କରନ୍ତୁ"},{"$i":"select","$v":"ଚୟନ କରନ୍ତୁ"},{"$i":"settings","$v":"ସେଟିଂସ୍"},{"$i":"volume","$v":"ଭଲ୍ୟୁମ୍"},{"$i":"softkey-options","$v":"ବିକଳ୍ପଗୁଡିକ"}]