[{"$i":"noAntenna","$v":"ਹੈਡਸੈਟ ਵਿੱਚ ਪਲੱਗ ਇਨ ਕਰੋ"},{"$i":"noAntennaMsg","$v":"ਰੇਡੀਓ ਸਿਗਨਲ ਪ੍ਰਾਪਤ ਕਰਨ ਲਈ FM ਰੇਡੀਓ ਲਈ ਹੈਡਸੈਟ ਪਲੱਗ ਇਨ ਕੀਤੇ ਜਾਣ ਦੀ ਲੋੜ ਹੈ।"},{"$i":"airplaneModeHeader","$v":"ਏਅਰਪਲੇਨ ਮੋਡ ਔਨ ਹੈ"},{"$i":"airplaneModeMsg","$v":"FM ਰੇਡੀਓ ਵਰਤਣ ਲਈ ਏਅਰਪਲੇਨ ਮੋਡ ਔਫ ਕਰੋ।"},{"$i":"speaker-switch","ariaLabel":"ਸਪੀਕਰ"},{"$i":"bookmark-button","ariaLabel":"ਪਸੰਦੀਦਾ"},{"$i":"dialer-container","ariaLabel":"ਫ੍ਰੀਕਵੇਂਸੀ"},{"$i":"frequency-op-seekdown","ariaLabel":"ਹੇਠਾਂ ਜਾਓ"},{"$i":"frequency-op-seekup","ariaLabel":"ਉੱਪਰ ਜਾਓ"},{"$i":"power-switch-on","ariaLabel":"ਔਨ"},{"$i":"power-switch-off","ariaLabel":"ਔਫ"},{"$i":"fav-list-container","ariaLabel":"ਪਸੰਦੀਦਾ ਸਟੇਸ਼ਨ"},{"$i":"tcl-station-added","$v":"ਸਟੇਸ਼ਨ ਪਸੰਦੀਦਾ ਵਿੱਚ ਜੋੜਿਆ ਗਿਆ"},{"$i":"tcl-station-removed","$v":"ਸਟੇਸ਼ਨ ਪਸੰਦੀਦਾ ਤੋਂ ਹਟਾਇਆ ਗਿਆ"},{"$i":"tcl-changes-saved","$v":"ਬਦਲਾਵ ਸੇਵ ਕੀਤੇ ਗਏ"},{"$i":"tcl-fm-radio","$v":"FM ਰੇਡੀਓ"},{"$i":"tcl-edit-favorites","$v":"ਪਸੰਦੀਦਾ ਨੂੰ ਸੰਪਾਦਿਤ ਕਰੋ"},{"$i":"options","$v":"ਵਿਕਲਪ"},{"$i":"switchToEarphone","$v":"ਈਅਰਫੋਨ 'ਤੇ ਸਵਿਚ ਕਰੋ"},{"$i":"switchToSpeaker","$v":"ਸਪੀਕਰ 'ਤੇ ਸਵਿਚ ਕਰੋ"},{"$i":"play","$v":"ਚਲਾਓ"},{"$i":"pause","$v":"ਰੋਕੋ"},{"$i":"rename","$v":"ਨਾਮ ਬਦਲੋ"},{"$i":"cancel","$v":"ਰੱਦ ਕਰੋ"},{"$i":"unfavorite","$v":"ਪਸੰਦੀਦਾ ਤੋਂ ਹਟਾਓ"},{"$i":"add-to-favorites","$v":"ਪਸੰਦੀਦਾ ਵਿੱਚ ਜੋੜੋ"},{"$i":"edit-favorites","$v":"ਪਸੰਦੀਦਾ ਨੂੰ ਸੰਪਾਦਿਤ ਕਰੋ"},{"$i":"save","$v":"ਸੇਵ ਕਰੋ"},{"$i":"select","$v":"ਚੁਣੋ"},{"$i":"settings","$v":"ਸੈਟਿੰਗਸ"},{"$i":"volume","$v":"ਵੋਲਿਊਮ"},{"$i":"softkey-options","$v":"ਵਿਕਲਪ"}]