[{"$i":"noAntenna","$v":"हेडसेटमध्ये प्लगान्तः करोतु"},{"$i":"noAntennaMsg","$v":"आकावाणीतरङ्गान् स्वीकर्तुं FM आकाशवाण्याः कृते श्रवणयन्त्रं संयोजितम् आवश्यकम्।"},{"$i":"airplaneModeHeader","$v":"वायुयानमोड उद्‍घाटितोऽस्ति"},{"$i":"airplaneModeMsg","$v":"FM आकाशवाण्याः उपयोगं कर्तुं विमानावस्थां पिदधातु।"},{"$i":"speaker-switch","ariaLabel":"वक्ता"},{"$i":"bookmark-button","ariaLabel":"इष्टः"},{"$i":"dialer-container","ariaLabel":"आवृत्तिः"},{"$i":"frequency-op-seekdown","ariaLabel":"अधः गवेषते"},{"$i":"frequency-op-seekup","ariaLabel":"ऊपरि गवेषते"},{"$i":"power-switch-on","ariaLabel":"सक्रियम्"},{"$i":"power-switch-off","ariaLabel":"निष्क्रमणम्"},{"$i":"fav-list-container","ariaLabel":"रुचिकराणि केन्द्राणि"},{"$i":"tcl-station-added","$v":"स्टेशन इष्टके योजतु"},{"$i":"tcl-station-removed","$v":"स्टेशन इष्टकात् अपसारितम्"},{"$i":"tcl-changes-saved","$v":"परिवर्तनानि सुरक्षितानि"},{"$i":"tcl-fm-radio","$v":"FM आकशवाणी"},{"$i":"tcl-edit-favorites","$v":"अभिष्टानि सम्पाद्यन्ताम्"},{"$i":"options","$v":"विकल्पाः"},{"$i":"switchToEarphone","$v":"श्रवणयन्त्रं प्रति गच्छतु"},{"$i":"switchToSpeaker","$v":"ध्वनिविस्तारकं प्रति गच्छतु"},{"$i":"play","$v":"चाल्यताम्"},{"$i":"pause","$v":"विरमति"},{"$i":"rename","$v":"नामपरिवर्तनम्"},{"$i":"cancel","$v":"निरस्यताम्"},{"$i":"unfavorite","$v":"अप्रियः"},{"$i":"add-to-favorites","$v":"इष्टसंपर्के युज्यताम्"},{"$i":"edit-favorites","$v":"अभिष्टानि सम्पाद्यन्ताम्"},{"$i":"save","$v":"संरक्षितम्"},{"$i":"select","$v":"चिनोतु"},{"$i":"settings","$v":"व्यवस्थापनम्"},{"$i":"volume","$v":"ध्वनिः"},{"$i":"softkey-options","$v":"विकल्पाः"}]