[{"$i":"noAntenna","$v":"ᱦᱮᱥᱥᱮᱴ ᱯᱚᱞᱚᱜᱤᱱ ᱢᱮ"},{"$i":"noAntennaMsg","$v":"FM ᱨᱮᱰᱤᱭᱳ ᱞᱟᱜᱤᱫ ᱞᱟᱜᱛᱤᱭᱟ ᱦᱮᱰᱥᱮᱴ ᱟᱫᱮᱨ ᱨᱮᱰᱤᱭᱳ ᱥᱤᱜᱱᱚᱞ ᱠᱚ ᱟᱛᱟᱝ ᱞᱟᱜᱤᱫ."},{"$i":"airplaneModeHeader","$v":"ᱩᱰᱮᱜ ᱜᱟᱰᱤ ᱚᱵᱚᱥᱛᱟ ᱪᱟᱞᱩ"},{"$i":"airplaneModeMsg","$v":"FM ᱨᱮᱰᱤᱭᱳ ᱵᱮᱵᱷᱟᱨ ᱞᱟᱜᱤᱫ ᱩᱰᱩᱮᱜ ᱜᱟᱰᱤ ᱚᱵᱚᱥᱛᱟ ᱵᱚᱱᱫᱚᱭ ᱢᱮ."},{"$i":"speaker-switch","ariaLabel":"ᱤᱥᱯᱤᱠᱚᱨ"},{"$i":"bookmark-button","ariaLabel":"ᱠᱷᱩᱥᱤᱭᱟᱜ"},{"$i":"dialer-container","ariaLabel":"ᱯᱷᱹᱤᱨᱤᱠᱣᱮᱸᱥᱤ"},{"$i":"frequency-op-seekdown","ariaLabel":"ᱞᱟᱛᱟᱨ ᱧᱮᱞ ᱢᱮ"},{"$i":"frequency-op-seekup","ariaLabel":"ᱪᱮᱛᱟᱱ ᱧᱮᱞ ᱢᱮ"},{"$i":"power-switch-on","ariaLabel":"ᱨᱮ"},{"$i":"power-switch-off","ariaLabel":"ᱵᱚᱱᱫᱚ"},{"$i":"fav-list-container","ariaLabel":"ᱠᱷᱩᱥᱤᱭᱟᱜ ᱮᱥᱴᱮᱥᱚᱱ ᱠᱚ"},{"$i":"tcl-station-added","$v":"ᱠᱷᱩᱥᱤᱭᱟᱜ ᱠᱚ ᱮᱥᱴᱮᱥᱚᱱ ᱨᱮ ᱥᱮᱞᱮᱫ ᱞᱟᱜᱤᱫ"},{"$i":"tcl-station-removed","$v":"ᱠᱷᱩᱥᱤᱭᱟᱜ ᱠᱚ ᱮᱥᱴᱮᱥᱚᱱ ᱠᱷᱚᱱ ᱥᱮᱞᱮᱫ ᱞᱟᱜᱤᱫ"},{"$i":"tcl-changes-saved","$v":"ᱡᱚᱜᱟᱣᱟᱜ ᱵᱚᱫᱚᱞ"},{"$i":"tcl-fm-radio","$v":"FM ᱨᱮᱰᱤᱭᱳ"},{"$i":"tcl-edit-favorites","$v":"ᱠᱷᱩᱥᱤᱭᱟᱜ ᱠᱚ ᱟᱹᱨᱩ"},{"$i":"options","$v":"ᱵᱤᱠᱟᱞᱚᱯ"},{"$i":"switchToEarphone","$v":"ᱮᱭᱟᱨᱯᱷᱹᱚᱱ ᱞᱟᱜᱤᱫ ᱪᱷᱤᱴᱠᱮᱨ"},{"$i":"switchToSpeaker","$v":"ᱥᱤᱯᱤᱠᱚᱨ ᱞᱟᱜᱤᱫ ᱪᱷᱤᱴᱠᱮᱨ"},{"$i":"play","$v":"ᱪᱟᱞᱩ"},{"$i":"pause","$v":"ᱛᱷᱤᱨ"},{"$i":"rename","$v":"ᱧᱩᱛᱩᱢ ᱟᱨᱩ"},{"$i":"cancel","$v":"ᱢᱩᱪᱮᱫ"},{"$i":"unfavorite","$v":"ᱵᱟᱝ ᱠᱷᱩᱥᱤᱭᱟᱜ"},{"$i":"add-to-favorites","$v":"ᱠᱷᱩᱥᱤᱭᱟᱜᱨᱮᱥᱮᱞᱮᱫᱢᱮ"},{"$i":"edit-favorites","$v":"ᱠᱷᱩᱥᱤᱭᱟᱜ ᱠᱚ ᱟᱹᱨᱩ"},{"$i":"save","$v":"ᱡᱚᱜᱟᱣᱡᱟᱜᱟ ᱫᱚ ᱵᱟᱝ ᱮᱥᱠᱮᱱ ᱫᱟᱲᱤᱭᱟᱜ-ᱟ."},{"$i":"select","$v":"ᱵᱟᱪᱷᱟᱣ"},{"$i":"settings","$v":"ᱥᱮᱴᱤᱸᱜ"},{"$i":"volume","$v":"ᱣᱚᱞᱤᱭᱚᱢ"},{"$i":"softkey-options","$v":"ᱵᱤᱠᱟᱞᱚᱯ"}]