[{"$i":"noAntenna","$v":"हिक हेड सीट प्लग उन कर्यो"},{"$i":"noAntennaMsg","$v":"FM रेडियो खे रेडियो सिगनल वसूलु करणु जे लाइ प्लग उन हेड सीट जी ज़रूरत आहे."},{"$i":"airplaneModeHeader","$v":"हवाई जहाज़ वारो मूड चालू आहे"},{"$i":"airplaneModeMsg","$v":"FM रेडियो इस्तेमाल करणु लाइ अईर प्लैन मूड बंदु कर्यो."},{"$i":"speaker-switch","ariaLabel":"स्पीकर"},{"$i":"bookmark-button","ariaLabel":"वणिंदड"},{"$i":"dialer-container","ariaLabel":"वसिअत"},{"$i":"frequency-op-seekdown","ariaLabel":"हेठि तलाश करवयो"},{"$i":"frequency-op-seekup","ariaLabel":"मथे तलाश कर्यो"},{"$i":"power-switch-on","ariaLabel":"मथे"},{"$i":"power-switch-off","ariaLabel":"बंद"},{"$i":"fav-list-container","ariaLabel":"पसंदीदा स्टेशनूं"},{"$i":"tcl-station-added","$v":"इस्टेशन पसंदीदा ॾांहुं शामिलु थी"},{"$i":"tcl-station-removed","$v":"इस्टेशन पसंदीदा खां हटाई वई"},{"$i":"tcl-changes-saved","$v":"तब्दीलियूं महफूज़ु थ्यूं"},{"$i":"tcl-fm-radio","$v":"FM रेडियो"},{"$i":"tcl-edit-favorites","$v":"पसंदीदा तदवीन कर्यो"},{"$i":"options","$v":"इख़्तियारु"},{"$i":"switchToEarphone","$v":"एअर फ़ोनु ते सोइच कर्यो"},{"$i":"switchToSpeaker","$v":"स्पीकर ते सोइच कर्यो"},{"$i":"play","$v":"प्ले"},{"$i":"pause","$v":"वक़फ़ो"},{"$i":"rename","$v":"बि॒हर नालो"},{"$i":"cancel","$v":"मंसूख़ कर्यो"},{"$i":"unfavorite","$v":"ग़ैरु पसंददीदह"},{"$i":"add-to-favorites","$v":"वणिंदडनि में गंढो"},{"$i":"edit-favorites","$v":"पसंदीदा तदवीन कर्यो"},{"$i":"save","$v":"साघो"},{"$i":"select","$v":"चूंडियो"},{"$i":"settings","$v":"सेटिंगयूं"},{"$i":"volume","$v":"वालयूंम"},{"$i":"softkey-options","$v":"इख़्तियारु"}]