[{"$i":"noAntenna","$v":"ஹெட்செட்டைச் பிளக் இன் செய்க"},{"$i":"noAntennaMsg","$v":"FM ரேடியோவுக்கு ரேடியோ சிக்னலை பெற ஒரு பிளக் இன் ஹெட்செட் தேவை."},{"$i":"airplaneModeHeader","$v":"ஏரோப்ளைன் மோட் ஆன்-இல் உள்ளது."},{"$i":"airplaneModeMsg","$v":"FM ரேடியோவை பயன்படுத்த ஏரோப்ளைன் மோட்-ஐ ஆஃப் செய்யவும்."},{"$i":"speaker-switch","ariaLabel":"ஸ்பீக்கர்"},{"$i":"bookmark-button","ariaLabel":"பிடித்தவை"},{"$i":"dialer-container","ariaLabel":"ஃபிரிகுயன்சி"},{"$i":"frequency-op-seekdown","ariaLabel":"கீழே தேடு"},{"$i":"frequency-op-seekup","ariaLabel":"மேலே தேடு"},{"$i":"power-switch-on","ariaLabel":"ஆன்"},{"$i":"power-switch-off","ariaLabel":"ஆஃப்"},{"$i":"fav-list-container","ariaLabel":"பிடித்த ஸ்டேஷன்கள்"},{"$i":"tcl-station-added","$v":"பிடித்தவையில் ஸ்டேஷன் சேர்க்கப்பட்டது"},{"$i":"tcl-station-removed","$v":"பிடித்தவையிலிருந்து ஸ்டேஷன் அகற்றப்பட்டது"},{"$i":"tcl-changes-saved","$v":"மாற்றங்கள் சேமிக்கப்பட்டது"},{"$i":"tcl-fm-radio","$v":"FM ரேடியோ"},{"$i":"tcl-edit-favorites","$v":"விருப்பமானவற்றைத் திருத்து"},{"$i":"options","$v":"விருப்பங்கள்"},{"$i":"switchToEarphone","$v":"இயர்ஃபோனுக்கு மாற்றவும்"},{"$i":"switchToSpeaker","$v":"ஸ்பீக்கர்க்கு மாற்றவும்"},{"$i":"play","$v":"இயக்கு"},{"$i":"pause","$v":"இடைநிறுத்து"},{"$i":"rename","$v":"மறுபெயரிடு"},{"$i":"cancel","$v":"ரத்து செய்க"},{"$i":"unfavorite","$v":"பிடிக்காதவை"},{"$i":"add-to-favorites","$v":"பிடித்தமானவையில் சேர்"},{"$i":"edit-favorites","$v":"விருப்பமானவற்றைத் திருத்து"},{"$i":"save","$v":"சேமி"},{"$i":"select","$v":"தேர்ந்தெடுக்கவும்"},{"$i":"settings","$v":"செட்டிங்ஸ்"},{"$i":"volume","$v":"வால்யூம்"},{"$i":"softkey-options","$v":"விருப்பங்கள்"}]