[{"$i":"noAntenna","$v":"హెడ్‌సెట్‌ను ప్లగిన్ చేయండి"},{"$i":"noAntennaMsg","$v":"FM రేడియో రేడియో సిగ్నల్‌లను స్వీకరించడానికి హెడ్‌సెట్‌ను ప్లగిన్ చేయాలి."},{"$i":"airplaneModeHeader","$v":"ఎయిర్‌ప్లేన్ మోడ్ ఆన్‌లో ఉంది"},{"$i":"airplaneModeMsg","$v":"FM రేడియోను ఉపయోగించడానికి ఎయిర్‌ప్లేన్ మోడ్‌ను ఆఫ్ చేయండి."},{"$i":"speaker-switch","ariaLabel":"స్పీకర్"},{"$i":"bookmark-button","ariaLabel":"ఇష్టమైనవి"},{"$i":"dialer-container","ariaLabel":"ఫ్రీక్వెన్సీ"},{"$i":"frequency-op-seekdown","ariaLabel":"క్రింద వెతుకు"},{"$i":"frequency-op-seekup","ariaLabel":"పైన వెతుకు"},{"$i":"power-switch-on","ariaLabel":"ఆన్"},{"$i":"power-switch-off","ariaLabel":"ఆఫ్"},{"$i":"fav-list-container","ariaLabel":"ఇష్టమైన స్టేషన్స్"},{"$i":"tcl-station-added","$v":"స్టేషన్ ఇష్టమైనవాటికి చేర్చబడింది"},{"$i":"tcl-station-removed","$v":"స్టేషన్ ఇష్టమైనవాటి నుండి తీసివేయబడింది"},{"$i":"tcl-changes-saved","$v":"మార్పులు సేవ్ చేయబడ్డాయి"},{"$i":"tcl-fm-radio","$v":"FM రేడియో"},{"$i":"tcl-edit-favorites","$v":"ఇష్టమైనవాటిని సవరించు"},{"$i":"options","$v":"ఎంపికలు"},{"$i":"switchToEarphone","$v":"ఇయర్‌ఫోన్‌కు మార్చు"},{"$i":"switchToSpeaker","$v":"స్పీకర్‌కు మార్చు"},{"$i":"play","$v":"ప్లే చేయి"},{"$i":"pause","$v":"పాజ్ చేయి"},{"$i":"rename","$v":"పేరు మార్చు"},{"$i":"cancel","$v":"రద్దు చేయి"},{"$i":"unfavorite","$v":"ఇష్టపడనవి"},{"$i":"add-to-favorites","$v":"ఇష్టమైనవాటికి జోడించు"},{"$i":"edit-favorites","$v":"ఇష్టమైనవాటిని సవరించు"},{"$i":"save","$v":"సేవ్ చేయి"},{"$i":"select","$v":"ఎంచుకోండి"},{"$i":"settings","$v":"సెట్టింగ్స్"},{"$i":"volume","$v":"వాల్యూమ్"},{"$i":"softkey-options","$v":"ఎంపికలు"}]