[{"$i":"noAntenna","$v":"मोनसे हेडसेटखौ फ्लाग इन खालाम"},{"$i":"noAntennaMsg","$v":"FM रेडिअनो सिगनेल मोननो थाखाय मोनसे हेडसेट सोना होनांगोन।"},{"$i":"airplaneModeHeader","$v":"बिरखं मोद खुला"},{"$i":"airplaneModeMsg","$v":"FM रेडिअखौ बाहायनो थाखाय बिरखं मडखौ बान्द' खालाम।"},{"$i":"speaker-switch","ariaLabel":"स्पिकार"},{"$i":"bookmark-button","ariaLabel":"मोजां मोननाय"},{"$i":"dialer-container","ariaLabel":"थेरबिसान"},{"$i":"frequency-op-seekdown","ariaLabel":"गाहायाव नागिर"},{"$i":"frequency-op-seekup","ariaLabel":"गोजौवाव नाय"},{"$i":"power-switch-on","ariaLabel":"अन"},{"$i":"power-switch-off","ariaLabel":"अफ खालाम"},{"$i":"fav-list-container","ariaLabel":"मोजांसिन मोननाय थाथावनि"},{"$i":"tcl-station-added","$v":"फेभाराइटाव स्टेसन दाजाब"},{"$i":"tcl-station-removed","$v":"फेभाराइटनिफ्राय स्टेसन बोखार"},{"$i":"tcl-changes-saved","$v":"सोलायनायखौ सेभ खालामबाय"},{"$i":"tcl-fm-radio","$v":"FM रेडिअ’"},{"$i":"tcl-edit-favorites","$v":"मोजांमोननायखौ इडिट खालाम"},{"$i":"options","$v":"राहाफोर"},{"$i":"switchToEarphone","$v":"इयारफननि थाखाय सुइस हो"},{"$i":"switchToSpeaker","$v":"स्पिकारनि थाखाय सुइस हो"},{"$i":"play","$v":"प्ले खालाम"},{"$i":"pause","$v":"थाद'"},{"$i":"rename","$v":"मुं लिरफिन"},{"$i":"cancel","$v":"दान"},{"$i":"unfavorite","$v":"मोजां मोनि"},{"$i":"add-to-favorites","$v":"मोजां मोननायफोरनि थाखाय सरजाब"},{"$i":"edit-favorites","$v":"मोजांमोननायखौ इडिट खालाम"},{"$i":"save","$v":"चेब खालाम"},{"$i":"select","$v":"सायख'"},{"$i":"settings","$v":"चेटिंफोर"},{"$i":"volume","$v":"साउन्ड बिबां"},{"$i":"softkey-options","$v":"राहाफोर"}]