[{"$i":"noAntenna","$v":"ایک ہیڈ سید پلگ ان کریں"},{"$i":"noAntennaMsg","$v":"FM ریڈیو کو سگنل موصول کرنے کیلئے ہیڈسیٹ پلگ ان کرنے کی ضرورت ہے۔"},{"$i":"airplaneModeHeader","$v":"ہوائی جہاز موڈ آن ہے"},{"$i":"airplaneModeMsg","$v":"ایف ایم ریڈیو استعمال کرنے کیلئے ایئر پلین موڈ آف کریں۔"},{"$i":"speaker-switch","ariaLabel":"اسپیکر"},{"$i":"bookmark-button","ariaLabel":"پسندیدہ"},{"$i":"dialer-container","ariaLabel":"فریکوئنسی"},{"$i":"frequency-op-seekdown","ariaLabel":"نیچے تلاش"},{"$i":"frequency-op-seekup","ariaLabel":"اوپر تلاش"},{"$i":"power-switch-on","ariaLabel":"آن"},{"$i":"power-switch-off","ariaLabel":"آف"},{"$i":"fav-list-container","ariaLabel":"پسندیدہ اسٹیشنز"},{"$i":"tcl-station-added","$v":"اسٹیش کو پسندیدہ میں شامل کیا گیا"},{"$i":"tcl-station-removed","$v":"اسٹیشن کو پسندیدہ سے نکال دیا گیا"},{"$i":"tcl-changes-saved","$v":"تبدیلیاں محفوظ ہوگئی"},{"$i":"tcl-fm-radio","$v":"FM ریڈیو"},{"$i":"tcl-edit-favorites","$v":"پسندیدہ میں ترمیم کریں"},{"$i":"options","$v":"اختیارات"},{"$i":"switchToEarphone","$v":"ایئر فون پر سوئچ کریں"},{"$i":"switchToSpeaker","$v":"اسپیکر پر سوئچ کریں"},{"$i":"play","$v":"چلائیں"},{"$i":"pause","$v":"موقوف کریں"},{"$i":"rename","$v":"نام تبدیل کریں"},{"$i":"cancel","$v":"منسوخ کریں"},{"$i":"unfavorite","$v":"ناپسندیدہ"},{"$i":"add-to-favorites","$v":"پسندیدہ میں شامل کریں"},{"$i":"edit-favorites","$v":"پسندیدہ میں ترمیم کریں"},{"$i":"save","$v":"محفوظ کریں"},{"$i":"select","$v":"منتخب کریں"},{"$i":"settings","$v":"ترتیبات"},{"$i":"volume","$v":"والیوم"},{"$i":"softkey-options","$v":"اختیارات"}]