[{"$i":"confirmMsg","$v":[{"t":"idOrVar","v":"deviceId"}," এ আপোনাৰ কনটেক্ট, কল ইতিহাস এক্সেছ কৰিবলৈ বিচাৰিছে, স্বীকাৰ কৰিব?"]},{"$i":"responseMsg","$v":[{"t":"idOrVar","v":"deviceId"},"ৰ বাবে কী"]},{"$i":"confirmTitle","$v":"ফোনবুক এক্সেছ অনুৰোধ"},{"$i":"responseTitle","$v":"ব্লুটুথ চেচন কীৰ প্ৰয়োজন"},{"$i":"initialValue","$v":"চেচন কী লিখক"},{"$i":"gaia-menu-cancel","$v":"বাতিল কৰক"},{"$i":"gaia-sim-picker-dial-via-with-number","$v":[{"t":"idOrVar","v":"phoneNumber"}," ৰ মাধ্যমেৰে ডায়েল কৰক"]},{"$i":"gaia-sim-picker-select-sim","$v":"চিম বাছনি কৰক"},{"$i":"gaia-sim-picker-button","$v":["চিম",{"t":"idOrVar","v":"n"}]},{"$i":"gaia-sim-picker-button-default","$v":"(ডিফ’ল্ট)"},{"$i":"softkey-options","$v":"বিকল্পসমূহ"},{"$i":"details","countcall":"কল কৰক"},{"$i":"edit","$v":"সম্পাদনা কৰক"},{"$i":"cancel","$v":"বাতিল কৰক"},{"$i":"done","$v":"কৰা হল"},{"$i":"ok","$v":"ঠিক আছে"},{"$i":"update","$v":"আপডেট কৰক"},{"$i":"retry","$v":"পুনঃচেষ্টা কৰক"},{"$i":"view","$v":"চাওক"},{"$i":"search","$v":"অনুসন্ধান কৰক"},{"$i":"contacts","$v":"কনটেক্টসমূহ"},{"$i":"addContact","$v":"কনটেক্ট যোগ কৰক"},{"$i":"deleteContact","$v":"কনটেক্ট বিলোপ কৰক"},{"$i":"selectContact","$v":"কনটেক্ট বাছনি কৰক"},{"$i":"selectAll","$v":"সকলোবোৰ বাছনি কৰক"},{"$i":"deselect","$v":"অ-বাছনি কৰক"},{"$i":"deselectAll","$v":"সকলোবোৰ অ-বাছনি কৰক"},{"$i":"editContact","$v":"কনটেক্ট সম্পাদনা কৰক"},{"$i":"deleteConfirmMsg","$v":"কনটেক্ট বিলোপ কৰিব ?"},{"$i":"remove","$v":"আঁতৰাওক"},{"$i":"delete","$v":"বিলোপ কৰক"},{"$i":"comments","$v":"মন্তব্যসমূহ"},{"$i":"no_contact_phones","$v":"এই কনটেক্টটোৰ ফোন নম্বৰ নাই"},{"$i":"no_contact_email","$v":"এই কনটেক্টটোৰ ইমেইল এড্ৰেছ নাই"},{"$i":"no_contact_data","$v":"এই কনটেক্টটোৰ এটা ফোন নম্বৰ আৰু ইমেইল এড্ৰেছ নাই"},{"$i":"removePhotoConfirm","$v":"কনটেক্ট চিত্ৰ আঁতৰাব?"},{"$i":"loadingContacts","$v":"কনটেক্টসমূহ লোড হৈ আছে…"},{"$i":"noContactsActivity2","$v":"আপোনাৰ কনটেক্ট সূচীত কোনো কনটেক্ট নাই"},{"$i":"noName","$v":"কোনো নাম নাই"},{"$i":"givenName","$v":"প্ৰথম নাম"},{"$i":"familyName","$v":"উপাধি"},{"$i":"tel","$v":"ফোন"},{"$i":"carrier","$v":"বাহক","placeholder":"বাহক"},{"$i":"separator","$v":","},{"$i":"email","$v":"ইমেইল"},{"$i":"streetAddress","$v":"মাৰ্গ"},{"$i":"postalCode","$v":"জিপ ক’ড"},{"$i":"locality","$v":"চহৰ"},{"$i":"countryName","$v":"দেশ"},{"$i":"comment","$v":"মন্তব্য"},{"$i":"org","$v":"কোম্পানী"},{"$i":"date","$v":"তাৰিখ","placeholder":"তাৰিখ"},{"$i":"date-span-placeholder","$v":"তাৰিখ"},{"$i":"birthday","$v":"জন্ম দিন"},{"$i":"dateFormat","$v":"%b %e"},{"$i":"dateOutput","$v":[{"t":"idOrVar","v":"dayMonthFormatted"}," ",{"t":"idOrVar","v":"year"}]},{"$i":"anniversary","$v":"বাৰ্ষিকী"},{"$i":"addPhoto","$v":"চিত্ৰ যোগ কৰক"},{"$i":"addPhone","$v":"ফোন যোগ কৰক"},{"$i":"addEmail","$v":"ইমেইল যোগ কৰক"},{"$i":"addAddress","$v":"ঠিকনা যোগ কৰক"},{"$i":"addDate","$v":"তাৰিখ যোগ কৰক"},{"$i":"addComment","$v":"টোকা যোগ কৰক"},{"$i":"addFavorite","$v":"প্ৰিয়ৰূপে যোগ কৰক"},{"$i":"removeFavorite","$v":"প্ৰিয় ৰূপে আঁতৰাওক"},{"$i":"addButton","ariaLabel":"যোগ কৰক"},{"$i":"editButton","ariaLabel":"সম্পাদনা কৰক"},{"$i":"settingsButton","ariaLabel":"ছেটিংছ"},{"$i":"phoneDetail","ariaLabel":"ফোন"},{"$i":"emailDetail","ariaLabel":"ইমেইল"},{"$i":"addressDetail","ariaLabel":"ঠিকনা"},{"$i":"dateDetail","ariaLabel":"তাৰিখ"},{"$i":"composeEmail","ariaLabel":"ইমেইল"},{"$i":"makeCall","ariaLabel":"কল কৰক"},{"$i":"phones","ariaLabel":"ফোনসমূহ"},{"$i":"emails","ariaLabel":"ইমেইলসমূহ"},{"$i":"addresses","ariaLabel":"ঠিকনাসমূহ"},{"$i":"dates","ariaLabel":"তাৰিখবোৰ"},{"$i":"notes","ariaLabel":"টোকাসমূহ"},{"$i":"exit","$v":"প্ৰস্থান কৰক"},{"$i":"expand","$v":"বিস্তৃত কৰক"},{"$i":"labelName","$v":"নাম:"},{"$i":"labelLastName","$v":"উপাধি:"},{"$i":"labelPhoneNumber","$v":"ফোন নম্বৰ:"},{"$i":"labelCarrier","$v":"বাহক:"},{"$i":"labelEmail","$v":"ইমেইল:"},{"$i":"labelStreet","$v":"মাৰ্গ:"},{"$i":"labelZip","$v":"জিপ ক’ড:"},{"$i":"labelCity","$v":"চহৰ:"},{"$i":"labelCountry","$v":"দেশ:"},{"$i":"labelComment","$v":"মন্তব্য:"},{"$i":"legendTitleMain","$v":"মুখ্য তথ্য"},{"$i":"legendPhones","$v":"ফোন নম্বৰসমূহ"},{"$i":"legendEmail","$v":"ইমেইল এড্ৰেছ"},{"$i":"legendAddress","$v":"ঠিকনা"},{"$i":"search-contact","placeholder":"অনুসন্ধান কৰক"},{"$i":"noResults","$v":"কোনো কনটেক্ট পোৱা নাই"},{"$i":"transferContactsTitle","$v":"কনটেক্টসমূহ স্থানান্তৰ কৰক"},{"$i":"importContactsTitle","$v":"কনটেক্টসমূহ ইমপ’ৰ্ট কৰক"},{"$i":"importContactsButton","$v":"কনটেক্টসমূহ ইমপ’ৰ্ট কৰক"},{"$i":"exportContactsTitle","$v":"কনটেক্টসমূহ এক্সপ’ৰ্ট কৰক"},{"$i":"exportContactsButton","$v":"কনটেক্টসমূহ এক্সপ’ৰ্ট কৰক"},{"$i":"exportContactsAction","$v":"এক্সপ’ৰ্ট কৰক"},{"$i":"simExport-title","$v":"চিমলৈ এক্সপ’ৰ্ট কৰক"},{"$i":"memoryCardExport-title","$v":"মেম’ৰী কাৰ্ডলৈ এক্সপ’ৰ্ট কৰক"},{"$i":"btExport-title","$v":"ব্লুটুথলৈ এক্সপ’ৰ্ট কৰক"},{"$i":"memoryCardUMSEnabled","$v":"USB ষ্টোৰেজ সক্ষম হোৱা কাৰণে মেম’ৰী কাৰ্ড ব্যৱহাৰ কৰিব পৰা নাযাব"},{"$i":"exportErrorTitle","$v":"এক্সপ’ৰ্ট ত্ৰুটি"},{"$i":"contactsExported2","$v":{"zero":"কোনো কনটেক্ট এক্সপ’ৰ্ট হোৱা নাই","one":[{"t":"idOrVar","v":"exported"},"/",{"t":"idOrVar","v":"total"}," কনটেক্টসমূহ এক্সপ’ৰ্ট কৰা হৈছে"],"two":[{"t":"idOrVar","v":"exported"},"/",{"t":"idOrVar","v":"total"}," কনটেক্টসমূহ এক্সপ’ৰ্ট কৰা হৈছে"],"few":[{"t":"idOrVar","v":"exported"},"/",{"t":"idOrVar","v":"total"}," কনটেক্টসমূহ এক্সপ’ৰ্ট কৰা হৈছে"],"many":[{"t":"idOrVar","v":"exported"},"/",{"t":"idOrVar","v":"total"}," কনটেক্টসমূহ এক্সপ’ৰ্ট কৰা হৈছে"],"other":[{"t":"idOrVar","v":"exported"},"/",{"t":"idOrVar","v":"total"}," কনটেক্টসমূহ এক্সপ’ৰ্ট কৰা হৈছে"]},"$x":[{"t":"idOrVar","v":"plural"},"exported"]},{"$i":"exportError-general","$v":"এক্সপ’ৰ্ট কৰি থাকোতে কিছু ত্ৰুটি ঘটিছে"},{"$i":"exportError-SD-shared","$v":"মেম’ৰী কাৰ্ড এক্সেছ কৰিব পৰা নাযাব কিয়নো এইয়া শ্বেয়াৰ কৰা হৈছে"},{"$i":"exportError-SD-unavailable","$v":"মেম’ৰী কাৰ্ড উপলব্ধ নহয়"},{"$i":"exportError-SD-noSpace","$v":"কনটেক্টসমূহ এক্সপ’ৰ্ট কৰিবলৈ মেম’ৰী কাৰ্ডত পৰ্য্যাপ্ত স্থান নাই"},{"$i":"exportError-SIM-unavailable","$v":"চিম কাৰ্ড উপলব্ধ নাই"},{"$i":"exportError-BT-shared","$v":"মেম’ৰী কাৰ্ড এক্সেছ কৰিব পৰা নাযাব কিয়নো এইয়া শ্বেয়াৰ কৰা হৈছে"},{"$i":"exportError-BT-unavailable","$v":"মেম’ৰী কাৰ্ড উপলব্ধ নহয়"},{"$i":"exportError-BT-noSpace","$v":"কনটেক্টসমূহ এক্সপ’ৰ্ট কৰিবলৈ মেম’ৰী কাৰ্ডত পৰ্য্যাপ্ত স্থান নাই"},{"$i":"social-network","$v":"ছ’চিয়েল নেটৱৰ্কসমূহ"},{"$i":"social-link","$v":"কনটেক্ট লিংক কৰক"},{"$i":"social-unlink","$v":"কনটেক্ট লিংকহীন কৰক"},{"$i":"social-unlink-confirm-title","$v":"আপুনি আপোনাৰ ফ্ৰেইণ্ডক লিংকহীন কৰিব বিচাৰে নেকি?"},{"$i":"social-unlink-confirm-accept","$v":"লিংকহীন কৰক"},{"$i":"facebook-import","$v":"ফেচবুক ফ্ৰেইণ্ডবোৰক ইমপ’ৰ্ট কৰক"},{"$i":"show-fb-profile","$v":"ফেচবুক প্ৰ’ফাইল চাওক"},{"$i":"msg-send","$v":"বাৰ্তা"},{"$i":"wall-post","$v":"ৱাল পোষ্ট"},{"$i":"share-contact","$v":"কনটেক্ট শ্বেয়াৰ কৰক"},{"$i":"facebook-export-forbidden","$v":"ফেচবুক বাধ্যবাধকতাৰ কাৰণে কনটেক্টটো শ্বেয়াৰ কৰিব পৰা নাযাব ৷"},{"$i":"otherAccount","$v":"অন্য একাউণ্টসমূহ"},{"$i":"facebookSwitchMsg","$v":"ফ্ৰেইণ্ডসমূহক চিংক কৰক"},{"$i":"select_mobile","$v":"ম’বাইল বাছনি কৰক"},{"$i":"select_email","$v":"ইমেইল বাছনি কৰক"},{"$i":"select_recipient","$v":"প্ৰাপ্তকৰ্তা বাছনি কৰক"},{"$i":"sort-by-first-name","$v":"প্ৰথম নাম অনুযায়ী ক্ৰমবন্ধ কৰক"},{"$i":"sort-by-last-name","$v":"উপাধি অনুযায়ী ক্ৰমবন্ধ কৰক"},{"$i":"importSim2","$v":"চিম কাৰ্ড"},{"$i":"importGmail","$v":"জিমেইল"},{"$i":"bluetooth","$v":"ব্লুটুথ"},{"$i":"importOutlook","$v":"আউটলুক"},{"$i":"fbUpdateFriends","$v":"ইমপ’ৰ্ট কৰা ফ্ৰেইণ্ডসমূহক আপডেট কৰক"},{"$i":"cleaningFbData","$v":"ফেচবুক ডাটা আঁতৰাই আছে"},{"$i":"loggingOutFb","$v":"ফেচবুকৰপৰা ল’গ আউট হৈ আছে"},{"$i":"cleanFbConfirmMsg","$v":"সকলো ফেচবুক ডাটা আঁতৰাব?"},{"$i":"renewPwdMsg","$v":"আপোনাৰ ফেচবুকৰ পাছৱৰ্ড পৰিৱৰ্তন হৈছে ৷ অনুগ্ৰহ কৰি, এইটো আপডেট কৰক ৷"},{"$i":"notEnabledYet","$v":"এতিয়ালৈকে সক্ষম হোৱা নাই"},{"$i":"genericNoConnection","$v":"কনটেক্টসমূহ ইমপ’ৰ্ট কৰিবলৈ Wi-Fi বা ডাটা নেটৱৰ্কলৈ সংযোগ কৰক"},{"$i":"bluetoothNoConnection","$v":"কনটেক্টসমূহ এক্সপ’ৰ্ট কৰিবলৈ এটা ব্লুটুথ ডিভাইচ সংযোগ কৰক ৷"},{"$i":"simCard","$v":"চিম কাৰ্ড"},{"$i":"memoryCard","$v":"মেম’ৰী কাৰ্ড"},{"$i":"simNumberNoMSISDN","$v":["চিম ",{"t":"idOrVar","v":"number"},":"]},{"$i":"simNumberWithMSISDN","$v":["চিম ",{"t":"idOrVar","v":"number"},": ",{"t":"idOrVar","v":"msisdn"}]},{"$i":"ICEContactsGroup","$v":"ICE কনটেক্টসমূহ"},{"$i":"setICEButton","$v":"ICE কনটেক্টসমূহ ছেট কৰক"},{"$i":"ICESettingTitle","$v":"ICE কনটেক্টসমূহ"},{"$i":"ICEDescription","$v":"আপাতকালীন  ক্ষেত্ৰত  কল কৰিবলৈ  পাঁচটা  কনটেক্ট যোগ কৰক ।"},{"$i":"ICEContact1","$v":"ICE কনটেক্ট 1"},{"$i":"tcl-ice-contact-1-added","$v":"ICE কনটেক্ট 1 যোগ কৰা হৈছে"},{"$i":"ICESelectContact","$v":"এটা কনটেক্ট বাছনি কৰক"},{"$i":"ICEContact2","$v":"ICE কনটেক্ট 2"},{"$i":"tcl-ice-contact-2-added","$v":"ICE কনটেক্ট 2 যোগ কৰা হৈছে"},{"$i":"ICERepeatedContact","$v":"এই কনটেক্টটোৰ ইতিমধ্যে এটা বিদ্যমান ICE কনটেক্ট আছে"},{"$i":"ICEUnknownError","$v":"কনটেক্টটো ICE ৰূপে ছেট কৰাত এটা ত্ৰুটি হৈছিল ৷"},{"$i":"ICEContactNoNumber","$v":"এই কনটেক্টটোৰ এটা ফোন নম্বৰ নাই"},{"$i":"ICEFacebookContactNotAllowed","$v":"ফেচবুক কনটেক্টসমূহক ICE কনটেক্টসমূহৰ ৰূপত ছেট কৰিব পৰা নাযাব"},{"$i":"ICEContactDelTel","$v":"বিলোপ কৰা ফোন নম্বৰবোৰ ICE কনটেক্টৰ পৰা আঁতৰোৱা হৈছে"},{"$i":"ICEContactDelTelAll","$v":"সকলো নম্বৰ বিলোপ কৰা হৈছে ৷ এই কনটেক্টটো ICE কনটেক্টসমূহৰ পৰা আঁতৰোৱা হৈছে ।"},{"$i":"delete-ice-contact-warning","$v":"আপুনি ICE কনটেক্টটো আঁতৰাবলৈ বিচাৰেনে ?"},{"$i":"add","$v":"যোগ কৰক"},{"$i":"no-contacts","$v":"কোনো কনটেক্ট নাই"},{"$i":"start-adding","$v":"কনটেক্টসমূহ যোগ কৰিবলৈ নতুন কনটেক্ট টিপক ৷"},{"$i":"notImported","$v":"ইমপ’ৰ্ট কৰা হোৱা নাই"},{"$i":"imported","$v":"ইমপ’ৰ্ট কৰা হল"},{"$i":"today","$v":"আজি"},{"$i":"yesterday","$v":"যোৱাকালি"},{"$i":"messageCanceling","$v":"অনুগ্ৰহ কৰি ৰখক ৷ আমি চলিত কাৰ্য্যটো বাতিল কৰি আছো ৷"},{"$i":"organise-contacts","$v":"কনটেক্টসমূহ ব্যৱস্থিত কৰক"},{"$i":"find-merge-contacts","$v":"নকল কনটেক্টসমূহ বিচাৰক"},{"$i":"preparing-contacts","$v":"কনটেক্টসমূহক সাজু কৰি আছে"},{"$i":"exportError-SIM-NoFreeRecordFound","$v":"চিম কাৰ্ড পূৰ্ণ হৈছে"},{"$i":"exportError-SIM-CannotAccessPhoneBook","$v":"চিম কাৰ্ডৰ ফোন বুক এক্সেছ কৰিব পৰা নাযাব"},{"$i":"exportError-SIM-Unavailable","$v":"কোনো চিম পোৱা নাই"},{"$i":"exportError-SIM-GenericError","$v":"এটা কনটেক্ট এক্সপ’ৰ্ট কৰি থাকোতে ত্ৰুটি হৈছে"},{"$i":"noSimMsgExport","$v":"কনটেক্টসমূহ এক্সপ’ৰ্ট কৰিবলৈ আপোনাৰ চিম কাৰ্ড ভৰাওঁক বা আনলক কৰক"},{"$i":"noMemoryCardMsgExport","$v":"কনটেক্টসমূহ এক্সপ’ৰ্ট কৰিবলৈ এখন মেম’ৰী কাৰ্ড ভৰাওঁক"},{"$i":"ContactManagementTitle","$v":"কনটেক্টসমূহৰ নিয়ন্ত্ৰণ"},{"$i":"DeleteTitle","$v":"বিলোপ কৰক"},{"$i":"bulkDeleteButton","$v":"কনটেক্টসমূহ বিলোপ কৰক"},{"$i":"BulkDelCancel","$v":"কনটেক্টসমূহৰ বিলোপকৰণ বাতিল কৰা হ’ল"},{"$i":"DeletedTxt","$v":{"zero":"বিলোপ কৰিবলৈ কোনো কনটেক্ট নাই","one":"1 টা কনটেক্ট আঁতৰোৱা হৈছে","two":[{"t":"idOrVar","v":"n"}," কনটেক্ট আঁতৰোৱা হৈছে"],"few":[{"t":"idOrVar","v":"n"}," কনটেক্ট আঁতৰোৱা হৈছে"],"many":[{"t":"idOrVar","v":"n"}," কনটেক্ট আঁতৰোৱা হৈছে"],"other":[{"t":"idOrVar","v":"n"}," কনটেক্ট আঁতৰোৱা হৈছে"]},"$x":[{"t":"idOrVar","v":"plural"},"n"]},{"$i":"DeletingContacts","$v":"কনটেক্টসমূহ বিলোপ কৰি আছে"},{"$i":"ContactConfirmDel","$v":{"zero":"বিলোপ কৰিবলৈ কোনো কনটেক্ট নাই","one":"1 টা কনটেক্ট বিলোপ কৰিব নেকি ? এইয়া পুনঃপ্ৰাপ্ত কৰিব পৰা নাযাব","two":[{"t":"idOrVar","v":"n"}," কনটেক্ট বিলোপ কৰিব নেকি ? এইয়া পুনঃপ্ৰাপ্ত কৰিব পৰা নাযাব"],"few":[{"t":"idOrVar","v":"n"}," কনটেক্ট বিলোপ কৰিব নেকি ? এইয়া পুনঃপ্ৰাপ্ত কৰিব পৰা নাযাব"],"many":[{"t":"idOrVar","v":"n"}," কনটেক্ট বিলোপ কৰিব নেকি ? এইয়া পুনঃপ্ৰাপ্ত কৰিব পৰা নাযাব"],"other":[{"t":"idOrVar","v":"n"}," কনটেক্ট বিলোপ কৰিব নেকি ? এইয়া পুনঃপ্ৰাপ্ত কৰিব পৰা নাযাব"]},"$x":[{"t":"idOrVar","v":"plural"},"n"]},{"$i":"SelectedTxt","$v":{"zero":[{"t":"idOrVar","v":"n"}," বাছনি কৰিছে"],"one":[{"t":"idOrVar","v":"n"}," বাছনি কৰিছে"],"two":[{"t":"idOrVar","v":"n"}," বাছনি কৰিছে"],"few":[{"t":"idOrVar","v":"n"}," বাছনি কৰিছে"],"many":[{"t":"idOrVar","v":"n"}," বাছনি কৰিছে"],"other":[{"t":"idOrVar","v":"n"}," বাছনি কৰিছে"]},"$x":[{"t":"idOrVar","v":"plural"},"n"]},{"$i":"video","$v":"ভিডিঅ’"},{"$i":"audio","$v":"অডিঅ’"},{"$i":"pick_destination","$v":[{"t":"idOrVar","v":"destination"}," ",{"t":"idOrVar","v":"carrier"}]},{"$i":"removeField","ariaLabel":"আঁতৰাওক"},{"$i":"undo","ariaLabel":"আনডু কৰক"},{"$i":"send-sms-button","ariaLabel":"SMS"},{"$i":"ice_contacts","$v":"ICE কনটেক্টসমূহ"},{"$i":"edit-picture","$v":"চিত্ৰ সম্পাদনা কৰক"},{"$i":"remove-photo","$v":"চিত্ৰ মচি পেলাওঁক"},{"$i":"change-photo","$v":"চিত্ৰ পৰিৱৰ্তন কৰক"},{"$i":"photo-options","$v":"ফটো বিকল্পসমূহ"},{"$i":"tcl-all","$v":"সকলো"},{"$i":"tcl-speed-dial","$v":"স্পীড ডায়েল"},{"$i":"tcl-new-contact","$v":"নতুন কনটেক্ট"},{"$i":"tcl-settings","$v":"ছেটিংছ"},{"$i":"tcl-save","$v":"ছেভ কৰক"},{"$i":"save","$v":"ছেভ কৰক"},{"$i":"tcl-add","$v":"যোগ কৰক"},{"$i":"tcl-contact-add-ringtone","$v":"ৰিংট’ন যোগ কৰক"},{"$i":"tcl-custom-dialog-title-default","$v":"নিশ্চিতিকৰণ"},{"$i":"confirm-dialog-title-default","$v":"নিশ্চিতিকৰণ"},{"$i":"discard","$v":"আতৰাওঁক"},{"$i":"custom-tag-title","$v":"কাষ্টম টেগ"},{"$i":"tcl-contact-added","$v":"কনটেক্ট যোগ কৰা হৈছে"},{"$i":"tcl-contact-updated","$v":"কনটেক্ট বিৱৰণ আপডেট কৰা হৈছে"},{"$i":"tcl-contact-removed","$v":"কনটেক্ট বিলোপ কৰা হৈছে"},{"$i":"tcl-contact-unremoved","$v":"আঁতৰাবলৈ অক্ষম"},{"$i":"edit-phone-type","$v":"ফোনৰ প্ৰকাৰ সম্পাদনা কৰক"},{"$i":"edit-email-type","$v":"ইমেইলৰ প্ৰকাৰ সম্পাদনা কৰক"},{"$i":"edit-address-type","$v":"ঠিকনা প্ৰকাৰ সম্পাদনা কৰক"},{"$i":"edit-date-type","$v":"তাৰিখৰ প্ৰকাৰ সম্পাদনা কৰক"},{"$i":"tcl-select-phone-type","$v":"ফোনৰ প্ৰকাৰ বাছনি কৰক"},{"$i":"tcl-select-email-type","$v":"ইমেইল প্ৰকাৰ বাছনি কৰক"},{"$i":"tcl-select-address-type","$v":"ঠিকনা প্ৰকাৰ বাছনি কৰক"},{"$i":"tcl-select-date-type","$v":"তাৰিখৰ প্ৰকাৰ বাছনি কৰক"},{"$i":"add-phone","$v":"ফোন নম্বৰ যোগ কৰক"},{"$i":"add-email","$v":"ইমেইল যোগ কৰক"},{"$i":"add-address","$v":"ঠিকনা যোগ কৰক"},{"$i":"add-date","$v":"তাৰিখ যোগ কৰক"},{"$i":"add-phone-type","$v":"ফোনৰ প্ৰকাৰ"},{"$i":"add-email-type","$v":"ইমেইলৰ প্ৰকাৰ"},{"$i":"add-address-type","$v":"ঠিকনাৰ প্ৰকাৰ"},{"$i":"add-date-type","$v":"তাৰিখৰ প্ৰকাৰ"},{"$i":"delete-phone","$v":"ফোন নম্বৰ বিলোপ কৰক"},{"$i":"delete-email","$v":"ইমেইল বিলোপ কৰক"},{"$i":"delete-address","$v":"ঠিকনা বিলোপ কৰক"},{"$i":"delete-date","$v":"তাৰিখ বিলোপ কৰক"},{"$i":"delete-note","$v":"টোকা বিলোপ কৰক"},{"$i":"delete-comment-warning","$v":"আপুনি টোকাটো বিলোপ কৰিবলৈ বিচাৰেনে?"},{"$i":"tcl-deleting-messages-phone","$v":["আপুনি ফোন: \"",{"t":"idOrVar","v":"type_name"},"\" বিলোপ কৰিবলৈ বিচাৰেনে?"]},{"$i":"tcl-deleting-messages-email","$v":["আপুনি ইমেইল: \"",{"t":"idOrVar","v":"type_name"},"\" বিলোপ কৰিবলৈ বিচাৰেনে"]},{"$i":"tcl-deleting-messages-address","$v":["আপুনি ঠিকনা : \"",{"t":"idOrVar","v":"type_name"},"\" বিলোপ কৰিবলৈ বিচাৰেনে?"]},{"$i":"tcl-deleting-messages-date","$v":"আপুনি তাৰিখটো বিলোপ কৰিবলৈ বিচাৰেনে?"},{"$i":"deleting-message-warning","$v":["আপুনি \"",{"t":"idOrVar","v":"type_name"},"\" বিলোপ কৰিবলৈ বিচাৰেনে?"]},{"$i":"tcl-deleting-messages-comment","$v":"আপুনি মন্তব্যটো বিলোপ কৰিবলৈ বিচাৰেনে?"},{"$i":"delecting-messages-contact","$v":["আপুনি কনটেক্ট \"",{"t":"idOrVar","v":"type_name"},"\" বিলোপ কৰিবলৈ বিচাৰেনে?"]},{"$i":"delecting-this-contact","$v":"এইটো কনটেক্ট বিলোপ কৰিব?"},{"$i":"deleting-messages-ringtone","$v":"আপুনি ৰিংট’নটো বিলোপ কৰিবলৈ বিচাৰেনে?"},{"$i":"deleting-messages-picture","$v":"আপুনি চিত্ৰখন আঁতৰাবলৈ বিচাৰেনে?"},{"$i":"tcl-deleting-notification-ringtone","$v":"ৰিংট’ন বিলোপ কৰা হৈছে"},{"$i":"tcl-deleting-notification-comment","$v":"মন্তব্য বিলোপ কৰা হৈছে"},{"$i":"note","$v":"টোকা"},{"$i":"address","$v":"ঠিকনা"},{"$i":"tcl-noContacts","$v":"আপোনাৰ কনটেক্ট সূচী খালী হৈ থকা কাৰণে কনটেক্টলৈ যোগ কৰিব পৰা নাযাব"},{"$i":"tcl-noContacts-no-email","$v":"ইমেইলৰ সৈতে কোনো কনটেক্ট নথকা কাৰণে কনটেক্টলৈ যোগ কৰিব পৰা নাযাব"},{"$i":"tcl-noContacts-no-tel","$v":"ফোন নম্বৰৰ সৈতে কোনো কনটেক্ট নথকা কাৰণে কনটেক্টলৈ যোগ কৰিব পৰা নাযাব"},{"$i":"tcl-noContactsTitle","$v":"কোনো কনটেক্ট নাই"},{"$i":"tcl-change-voice-mail","$v":"ভইচ মেইল নম্বৰ পৰিৱৰ্তন কৰক"},{"$i":"tcl-replace","$v":"ৰিপ্লেচ কৰক"},{"$i":"tcl-remove-speed-dial","$v":"স্পীড ডায়েলৰ পৰা আঁতৰাওক"},{"$i":"tcl-notification-speed-dial-added","$v":"স্পীড ডায়েল নম্বৰ যোগ কৰা হৈছে"},{"$i":"tcl-notification-speed-dial-removed","$v":"স্পীড ডায়েল নম্বৰ আঁতৰোৱা হৈছে"},{"$i":"tcl-notification-speed-dial-updated","$v":"স্পীড ডায়েল নম্বৰ আপডেট কৰা হৈছে"},{"$i":"tcl-notification-voice-mail-updated","$v":"ভইচ মেইল নম্বৰ আপডেট কৰা হৈছে"},{"$i":"tcl-notification-contact-assigned","$v":"স্পীড ডায়েললৈ কনটেক্ট এচাইন কৰা হৈছে"},{"$i":"empty","$v":"খালী"},{"$i":"tcl-voice-mail","$v":"ভইচ মেইল"},{"$i":"contact-confirm-save","$v":"কনটেক্ট তথ্য আঁতৰোৱা হ’ব ৷ আপুনি এই কনটেক্টটো চেভ কৰিব বিচাৰে নেকি?"},{"$i":"contact-confirm-form-save","$v":"পৰিৱৰ্তনসমূহ অগ্ৰাহ্য কৰা হ’ব ৷ আপুনি এই কনটেক্টটো চেভ কৰিব বিচাৰে নেকি?"},{"$i":"tcl-yes","$v":"হয়"},{"$i":"tcl-no","$v":"নহয়"},{"$i":"tcl-default-ringtone","$v":"ডিফ’ল্ট ৰিংট’ন"},{"$i":"tcl-add-ringtone","$v":"ৰিংট’নসমূহ"},{"$i":"tcl-ringtone","$v":"ৰিংট’ন"},{"$i":"change-ringtone","$v":"ৰিংট’ন পৰিৱৰ্তন কৰক"},{"$i":"delete-ringtone","$v":"ৰিংট’ন বিলোপ কৰক"},{"$i":"tcl-settings-title","$v":"কনটেক্টসমূহৰ ছেটিংছ"},{"$i":"settings-sort-contacts-title","$v":"কনটেক্টসমূহ ক্ৰমবন্ধ কৰক"},{"$i":"tcl-oder-notification","$v":"পৰিৱৰ্তনসমূহ চেভ কৰা হৈছে"},{"$i":"changes-saved-notification","$v":"পৰিৱৰ্তনসমূহ চেভ কৰা হৈছে ৷"},{"$i":"tcl-imported-status","$v":[{"t":"idOrVar","v":"n"}," কনটেক্ট ইমপ’ৰ্ট কৰা হৈছে ",{"t":"idOrVar","v":"numDups"}," কনটেক্ট মিশ্ৰিত কৰা হৈছে"]},{"$i":"tcl-on","$v":"অন"},{"$i":"tcl-off","$v":"অফ"},{"$i":"on","$v":"অন"},{"$i":"off","$v":"অফ"},{"$i":"tcl-contact-empty-number","$v":"খালী ফোন নম্বৰ"},{"$i":"contact-no-dial-number","$v":"ডায়েল কৰিবলৈ কোনো ফোন নম্বৰ নাই ৷"},{"$i":"tcl-select-number","$v":"নম্বৰ বাছনি কৰক"},{"$i":"tcl-select-email","$v":"ইমেইল বাছনি কৰক"},{"$i":"select-email","$v":"ইমেইল বাছনি কৰক"},{"$i":"tcl-send-message","$v":"বাৰ্তা প্ৰেৰণ কৰক"},{"$i":"send-email","$v":"ইমেইল প্ৰেৰণ কৰক"},{"$i":"tcl-share","$v":"শ্বেয়াৰ কৰক"},{"$i":"tcl-find-duplicate","$v":"নকল কনটেক্টসমূহ বিচাৰক"},{"$i":"tcl-add-favorite","$v":"প্ৰিয়ৰূপে যোগ কৰক"},{"$i":"tcl-remove-favorite","$v":"অপ্ৰিয়"},{"$i":"tcl-link-social-networks","$v":"ছ’চিয়েল নেটৱৰ্কসমূহলৈ লিংক কৰক"},{"$i":"tcl-delete","$v":"বিলোপ কৰক"},{"$i":"tcl-detail-send-sms","$v":"নতুন SMS"},{"$i":"tcl-detail-call","$v":"কল কৰক"},{"$i":"tcl-detail-send-email","$v":"লিখক"},{"$i":"sms","$v":"বাৰ্তা"},{"$i":"tcl-search-contact","$v":"অনুসন্ধান কৰক"},{"$i":"tcl-number","$v":["নম্বৰ ",{"t":"idOrVar","v":"number"}]},{"$i":"tcl-custom-dialog-replace-speed-dial","$v":["আপুনি ",{"t":"idOrVar","v":"newSpeedDial"},"ৰ সৈতে স্পীড ডায়েল ",{"t":"idOrVar","v":"oldSpeedDial"}," ৰিপ্লেচ কৰিবলৈ বিচাৰেনে?"]},{"$i":"custom-dialog-remove-speed-dial","$v":["আপুনি স্পীড ডায়েলৰ পৰা ",{"t":"idOrVar","v":"name"}," আঁতৰাবলৈ বিচাৰেনে?"]},{"$i":"tcl-options","$v":"বিকল্পসমূহ"},{"$i":"tcl-success-merged","$v":[{"t":"idOrVar","v":"number"}," কনটেক্ট(সমূহ) মিশ্ৰিত কৰা হৈছে"]},{"$i":"tcl-contact-confirm-merge","$v":["আপুনি ",{"t":"idOrVar","v":"name"},"ৰ সৈতে ",{"t":"idOrVar","v":"count"}," কনটেক্ট(সমূহ)মিশ্ৰিত কৰিবলৈ বিচাৰেনে?"]},{"$i":"tcl-merge","$v":"মিশ্ৰিত কৰক"},{"$i":"add-speed-dial-failed-title","$v":"স্পীড ডায়েল যোগ কৰাত বিফল হৈছে"},{"$i":"add-speed-dial-failed-content","$v":[{"t":"idOrVar","v":"name"}," ইতিমধ্যে স্পীড ডায়েলত মজুত আছে, অনুগ্ৰহ কৰি অন্য কনটেক্ট পচন্দ কৰক ৷"]},{"$i":"merge","$v":"মিশ্ৰিত কৰক"},{"$i":"tcl-attention","$v":"মনোযোগ দিয়ক"},{"$i":"attention","$v":"মনোযোগ দিয়ক"},{"$i":"tcl-speed-dial-add-contact","$v":{"$o":"কোনো কনটেক্ট নাই ৷<br><br>অনুগ্ৰহ কৰি এটা কনটেক্ট বনাওক ৷"}},{"$i":"tcl-voice-mail-header","$v":"ভইচ মেইল"},{"$i":"tcl-voice-mail-number","$v":"ভইচ মেইল নম্বৰ"},{"$i":"tcl-select-all","$v":"সকলোবোৰ বাছনি কৰক"},{"$i":"tcl-deselect-all","$v":"সকলোবোৰ অ-বাছনি কৰক"},{"$i":"systemring","$v":"ৰিংট’ন"},{"$i":"moremusic","$v":"সঙ্গীত"},{"$i":"tcl-add-ringselect","$v":"ইয়াৰ পৰা বাছনি কৰক"},{"$i":"type-select","$v":"বাছনি কৰক"},{"$i":"dialnum-view","$v":"চাওক"},{"$i":"select-a-contact-title","$v":"এটা কনটেক্ট বাছনি কৰক"},{"$i":"select-a-number-title","$v":"এটা নম্বৰ বাছনি কৰক"},{"$i":"invalid-vcf-file","$v":"অবৈধ vcf ফাইল"},{"$i":"voiceMail","$v":"ভইচমেইল"},{"$i":"back","$v":"পিছলৈ যাওক"},{"$i":"noSimMsg","$v":"কনটেক্টসমূহ ইমপ’ৰ্ট কৰিবলৈ আপোনাৰ চিম কাৰ্ড ভৰাওঁক বা আনলক কৰক"},{"$i":"noMemoryCardMsg","$v":"কনটেক্টসমূহ ইমপ’ৰ্ট কৰিবলৈ এখন মেম’ৰী কাৰ্ড ভৰাওঁক"},{"$i":"importMemoryCard","$v":"মেম’ৰী কাৰ্ড"},{"$i":"noConnection11","$v":"ফেচবুকৰৰ ফ্ৰেইণ্ডসমূহ বা কনটেক্টসমূহ ইমপ’ৰ্ট কৰিবলৈ Wi-Fi বা ডাটা নেটৱৰ্কলৈ সংযোগ কৰক"},{"$i":"emptyAccount","$v":"এই একাউণ্টটোত কোনো ফ্ৰেইণ্ড বা কনটেক্ট পোৱা নাই ৷"},{"$i":"simContacts-import","$v":"চিম কনটেক্টবোৰ ইমপ’ৰ্ট কৰক"},{"$i":"simContacts-importing","$v":"চিম কাৰ্ডৰ পৰা কনটেক্টসমূহ ইমপ’ৰ্ট কৰি আছে"},{"$i":"simContacts-reading","$v":"চিম কাৰ্ডৰ পৰা কনটেক্টসমূহ পঢ়ি আছে"},{"$i":"simContacts-error","$v":"কনটেক্টসমূহ চিমৰপৰা ইমপ’ৰ্ট নহ’ল"},{"$i":"simContacts-imported3","$v":{"zero":"ইমপ’ৰ্ট কৰিবলৈ চিমত কোনো কনটেক্ট পোৱা নাই","one":"এটা কনটেক্ট ইমপ’ৰ্ট কৰা হৈছে","two":[{"t":"idOrVar","v":"n"}," কনটেক্ট ইমপ’ৰ্ট কৰা হৈছে"],"few":[{"t":"idOrVar","v":"n"}," কনটেক্ট ইমপ’ৰ্ট কৰা হৈছে"],"many":[{"t":"idOrVar","v":"n"}," কনটেক্ট ইমপ’ৰ্ট কৰা হৈছে"],"other":[{"t":"idOrVar","v":"n"}," কনটেক্ট ইমপ’ৰ্ট কৰা হৈছে"]},"$x":[{"t":"idOrVar","v":"plural"},"n"]},{"$i":"memoryCardContacts-import","$v":"মেম’ৰী কাৰ্ডৰ পৰা কনটেক্টসমূহ ইমপ’ৰ্ট কৰক"},{"$i":"memoryCardContacts-importing","$v":"মেম’ৰী কাৰ্ডৰ পৰা কনটেক্টসমূহ ইমপ’ৰ্ট কৰি আছে…"},{"$i":"memoryCardContacts-reading","$v":"মেম’ৰী কাৰ্ডৰ পৰা কনটেক্টসমূহ পঢ়ি আছে..."},{"$i":"memoryCardContacts-error","$v":"মেম’ৰী কাৰ্ডৰ পৰা কনটেক্টসমূহ ইমপ’ৰ্ট কৰিব পৰা নগ’ল"},{"$i":"memoryCardContacts-imported3","$v":{"zero":"ইমপ’ৰ্ট কৰিবলৈ মেম’ৰী কাৰ্ডত কোনো কনটেক্ট পোৱা নাই","one":"এটা কনটেক্ট ইমপ’ৰ্ট কৰা হৈছে","two":[{"t":"idOrVar","v":"n"}," কনটেক্ট ইমপ’ৰ্ট কৰা হৈছে"],"few":[{"t":"idOrVar","v":"n"}," কনটেক্ট ইমপ’ৰ্ট কৰা হৈছে"],"many":[{"t":"idOrVar","v":"n"}," কনটেক্ট ইমপ’ৰ্ট কৰা হৈছে"],"other":[{"t":"idOrVar","v":"n"}," কনটেক্ট ইমপ’ৰ্ট কৰা হৈছে"]},"$x":[{"t":"idOrVar","v":"plural"},"n"]},{"$i":"genericProgress","$v":[{"t":"idOrVar","v":"current"},"/",{"t":"idOrVar","v":"total"}]},{"$i":"facebook","$v":"ফেচবুক"},{"$i":"facebook-import-msg2","$v":[{"t":"idOrVar","v":"imported"},"/",{"t":"idOrVar","v":"total"}," ফ্ৰেইণ্ড ইমপ’ৰ্ট হৈছে"]},{"$i":"contactsMerged","$v":{"zero":"কোনো নকল কনটেক্ট মিশ্ৰিত হোৱা নাই","one":"এটা নকল কনটেক্ট মিশ্ৰিত কৰা হৈছে","two":[{"t":"idOrVar","v":"numDups"}," কনটেক্টসমূহ মিশ্ৰিত হৈছে"],"few":[{"t":"idOrVar","v":"numDups"}," কনটেক্টসমূহ মিশ্ৰিত হৈছে"],"many":[{"t":"idOrVar","v":"numDups"}," কনটেক্টসমূহ মিশ্ৰিত হৈছে"],"other":[{"t":"idOrVar","v":"numDups"}," কনটেক্টসমূহ মিশ্ৰিত হৈছে"]},"$x":[{"t":"idOrVar","v":"plural"},"numDups"]},{"$i":"weekday-0-long","$v":"দেওবাৰ"},{"$i":"weekday-1-long","$v":"সোমবাৰ"},{"$i":"weekday-2-long","$v":"মঙ্গলবাৰ"},{"$i":"weekday-3-long","$v":"বুধবাৰ"},{"$i":"weekday-4-long","$v":"বৃহস্পতিবাৰ"},{"$i":"weekday-5-long","$v":"শুক্ৰবাৰ"},{"$i":"weekday-6-long","$v":"শনিবাৰ"},{"$i":"weekday-0-short","$v":"দেও"},{"$i":"weekday-1-short","$v":"সোম"},{"$i":"weekday-2-short","$v":"মঙ্গল"},{"$i":"weekday-3-short","$v":"বুধ"},{"$i":"weekday-4-short","$v":"বৃহস্পতি"},{"$i":"weekday-5-short","$v":"শুক্ৰ"},{"$i":"weekday-6-short","$v":"শনি"},{"$i":"month-0-long","$v":"জানুৱাৰী"},{"$i":"month-1-long","$v":"ফেব্ৰুৱাৰী"},{"$i":"month-2-long","$v":"মাৰ্চ"},{"$i":"month-3-long","$v":"এপ্ৰিল"},{"$i":"month-4-long","$v":"মে"},{"$i":"month-5-long","$v":"জুন"},{"$i":"month-6-long","$v":"জুলাই"},{"$i":"month-7-long","$v":"আগষ্ট"},{"$i":"month-8-long","$v":"ছেপ্টেম্বৰ"},{"$i":"month-9-long","$v":"অক্টোবৰ"},{"$i":"month-10-long","$v":"নৱেম্বৰ"},{"$i":"month-11-long","$v":"ডিচেম্বৰ"},{"$i":"month-0-genitive","$v":"জানুৱাৰী"},{"$i":"month-1-genitive","$v":"ফেব্ৰুৱাৰী"},{"$i":"month-2-genitive","$v":"মাৰ্চ"},{"$i":"month-3-genitive","$v":"এপ্ৰিল"},{"$i":"month-4-genitive","$v":"মে"},{"$i":"month-5-genitive","$v":"জুন"},{"$i":"month-6-genitive","$v":"জুলাই"},{"$i":"month-7-genitive","$v":"আগষ্ট"},{"$i":"month-8-genitive","$v":"ছেপ্টেম্বৰ"},{"$i":"month-9-genitive","$v":"অক্টোবৰ"},{"$i":"month-10-genitive","$v":"নৱেম্বৰ"},{"$i":"month-11-genitive","$v":"ডিচেম্বৰ"},{"$i":"month-0-short","$v":"জানুৱাৰী"},{"$i":"month-1-short","$v":"ফেব্ৰুৱাৰী"},{"$i":"month-2-short","$v":"মাৰ্চ"},{"$i":"month-3-short","$v":"এপ্ৰিল"},{"$i":"month-4-short","$v":"মে"},{"$i":"month-5-short","$v":"জুন"},{"$i":"month-6-short","$v":"জুলাই"},{"$i":"month-7-short","$v":"আগষ্ট"},{"$i":"month-8-short","$v":"ছেপ্টেম্বৰ"},{"$i":"month-9-short","$v":"অক্টোবৰ"},{"$i":"month-10-short","$v":"নৱেম্বৰ"},{"$i":"month-11-short","$v":"ডিচেম্বৰ"},{"$i":"minutes-ago-long","$v":{"zero":"এইমাত্ৰ","one":"এক মিনিট আগতে","two":[{"t":"idOrVar","v":"value"}," মিনিট আগত"],"few":[{"t":"idOrVar","v":"value"}," মিনিট আগত"],"many":[{"t":"idOrVar","v":"value"}," মিনিট আগত"],"other":[{"t":"idOrVar","v":"value"}," মিনিট আগত"]},"$x":[{"t":"idOrVar","v":"plural"},"value"]},{"$i":"hours-ago-long","$v":{"zero":"এইমাত্ৰ","one":"এঘণ্টা আগতে","two":[{"t":"idOrVar","v":"value"}," ঘণ্টা আগত"],"few":[{"t":"idOrVar","v":"value"}," ঘণ্টা আগত"],"many":[{"t":"idOrVar","v":"value"}," ঘণ্টা আগত"],"other":[{"t":"idOrVar","v":"value"}," ঘণ্টা আগত"]},"$x":[{"t":"idOrVar","v":"plural"},"value"]},{"$i":"days-ago-long","$v":{"zero":"আজি","one":"যোৱাকালি","two":[{"t":"idOrVar","v":"value"}," দিন আগত"],"few":[{"t":"idOrVar","v":"value"}," দিন আগত"],"many":[{"t":"idOrVar","v":"value"}," দিন আগত"],"other":[{"t":"idOrVar","v":"value"}," দিন আগত"]},"$x":[{"t":"idOrVar","v":"plural"},"value"]},{"$i":"weeks-ago-long","$v":{"zero":"এইটো সপ্তাহ","one":"যোৱা সপ্তাহ","two":[{"t":"idOrVar","v":"value"}," সপ্তাহ আগত"],"few":[{"t":"idOrVar","v":"value"}," সপ্তাহ আগত"],"many":[{"t":"idOrVar","v":"value"}," সপ্তাহ আগত"],"other":[{"t":"idOrVar","v":"value"}," সপ্তাহ আগত"]},"$x":[{"t":"idOrVar","v":"plural"},"value"]},{"$i":"months-ago-long","$v":{"zero":"এইটো মাহ","one":"যোৱা মাহ","two":[{"t":"idOrVar","v":"value"}," মাহ আগত"],"few":[{"t":"idOrVar","v":"value"}," মাহ আগত"],"many":[{"t":"idOrVar","v":"value"}," মাহ আগত"],"other":[{"t":"idOrVar","v":"value"}," মাহ আগত"]},"$x":[{"t":"idOrVar","v":"plural"},"value"]},{"$i":"years-ago-long","$v":{"zero":"এইটো বছৰ","one":"যোৱা বছৰ","two":[{"t":"idOrVar","v":"value"}," বছৰ আগত"],"few":[{"t":"idOrVar","v":"value"}," বছৰ আগত"],"many":[{"t":"idOrVar","v":"value"}," বছৰ আগত"],"other":[{"t":"idOrVar","v":"value"}," বছৰ আগত"]},"$x":[{"t":"idOrVar","v":"plural"},"value"]},{"$i":"minutes-until-long","$v":{"zero":"এতিয়া","one":"এক মিনিটত","two":[{"t":"idOrVar","v":"value"}," মিনিটত"],"few":[{"t":"idOrVar","v":"value"}," মিনিটত"],"many":[{"t":"idOrVar","v":"value"}," মিনিটত"],"other":[{"t":"idOrVar","v":"value"}," মিনিটত"]},"$x":[{"t":"idOrVar","v":"plural"},"value"]},{"$i":"hours-until-long","$v":{"zero":"এতিয়া","one":"এক ঘণ্টাত","two":[{"t":"idOrVar","v":"value"}," ঘণ্টাত"],"few":[{"t":"idOrVar","v":"value"}," ঘণ্টাত"],"many":[{"t":"idOrVar","v":"value"}," ঘণ্টাত"],"other":[{"t":"idOrVar","v":"value"}," ঘণ্টাত"]},"$x":[{"t":"idOrVar","v":"plural"},"value"]},{"$i":"days-until-long","$v":{"zero":"আজি","one":"অহাকলি","two":[{"t":"idOrVar","v":"value"}," দিনত"],"few":[{"t":"idOrVar","v":"value"}," দিনত"],"many":[{"t":"idOrVar","v":"value"}," দিনত"],"other":[{"t":"idOrVar","v":"value"}," দিনত"]},"$x":[{"t":"idOrVar","v":"plural"},"value"]},{"$i":"weeks-until-long","$v":{"zero":"এইটো সপ্তাহ","one":"পৰৱৰ্তী সপ্তাহ","two":[{"t":"idOrVar","v":"value"}," সপ্তাহত"],"few":[{"t":"idOrVar","v":"value"}," সপ্তাহত"],"many":[{"t":"idOrVar","v":"value"}," সপ্তাহত"],"other":[{"t":"idOrVar","v":"value"}," সপ্তাহত"]},"$x":[{"t":"idOrVar","v":"plural"},"value"]},{"$i":"months-until-long","$v":{"zero":"এইটো মাহ","one":"পৰৱৰ্তী মাহ","two":[{"t":"idOrVar","v":"value"}," মাহত"],"few":[{"t":"idOrVar","v":"value"}," মাহত"],"many":[{"t":"idOrVar","v":"value"}," মাহত"],"other":[{"t":"idOrVar","v":"value"}," মাহত"]},"$x":[{"t":"idOrVar","v":"plural"},"value"]},{"$i":"years-until-long","$v":{"zero":"এইটো বছৰ","one":"পৰৱৰ্তী বছৰ","two":[{"t":"idOrVar","v":"value"}," বছৰত"],"few":[{"t":"idOrVar","v":"value"}," বছৰত"],"many":[{"t":"idOrVar","v":"value"}," বছৰত"],"other":[{"t":"idOrVar","v":"value"}," বছৰত"]},"$x":[{"t":"idOrVar","v":"plural"},"value"]},{"$i":"minutes-ago-short","$v":{"zero":"এইমাত্ৰ","other":[{"t":"idOrVar","v":"value"}," মিনিট আগত"]},"$x":[{"t":"idOrVar","v":"plural"},"value"]},{"$i":"hours-ago-short","$v":{"zero":"এইমাত্ৰ","other":[{"t":"idOrVar","v":"value"}," ঘণ্টা আগত"]},"$x":[{"t":"idOrVar","v":"plural"},"value"]},{"$i":"days-ago-short","$v":{"zero":"আজি","other":[{"t":"idOrVar","v":"value"}," দিন আগত"]},"$x":[{"t":"idOrVar","v":"plural"},"value"]},{"$i":"minutes-until-short","$v":{"zero":"এতিয়া","other":[{"t":"idOrVar","v":"value"}," মিনিটত"]},"$x":[{"t":"idOrVar","v":"plural"},"value"]},{"$i":"hours-until-short","$v":{"zero":"এতিয়া","other":[{"t":"idOrVar","v":"value"}," ঘণ্টাত"]},"$x":[{"t":"idOrVar","v":"plural"},"value"]},{"$i":"days-until-short","$v":{"zero":"আজি","other":[{"t":"idOrVar","v":"value"}," দিনত"]},"$x":[{"t":"idOrVar","v":"plural"},"value"]},{"$i":"incorrectDate","$v":"(অশুদ্ধ তাৰিখ)"},{"$i":"dateTimeFormat_%c","$v":"%a %b %e %Y %I:%M:%S %p"},{"$i":"dateTimeFormat_%x","$v":"%m/%d/%Y"},{"$i":"dateTimeFormat_%X","$v":"%I:%M:%S %p"},{"$i":"shortTimeFormat","$v":"%I:%M %p"},{"$i":"shortTimeFormat12","$v":"%I:%M %p"},{"$i":"shortTimeFormat24","$v":"%H:%M"},{"$i":"shortDateTimeFormat","$v":"%x %I:%M %p"},{"$i":"weekStartsOnMonday","$v":"0"},{"$i":"firstDayOfTheWeek","$v":"0"},{"$i":"time_am","$v":"AM"},{"$i":"time_pm","$v":"PM"},{"$i":"label","$v":"লেবেল"},{"$i":"mobile","$v":"ম’বাইল"},{"$i":"home","$v":"হোম"},{"$i":"work","$v":"কৰ্ম"},{"$i":"personal","$v":"ব্যক্তিগত"},{"$i":"faxHome","$v":"হোমলৈ Fax কৰক"},{"$i":"faxOffice","$v":"কাৰ্য্যালয়লৈ Fax কৰক"},{"$i":"faxOther","$v":"আনক Fax কৰক"},{"$i":"another","$v":"অন্য"},{"$i":"other","$v":"অন্যান্য"},{"$i":"tcl-customTag","$v":"কাষ্টম টেগ"},{"$i":"customTag","$v":"কাষ্টম টেগ","placeholder":"কাষ্টম টেগ"},{"$i":"current","$v":"বৰ্তমান"},{"$i":"itemWithLabel","$v":[{"t":"idOrVar","v":"label"},", ",{"t":"idOrVar","v":"item"}]},{"$i":"waitDuplicateContacts","$v":"নকল কনটেক্টসমূহৰ বাবে সন্ধান কৰি আছে"},{"$i":"waitMergingDuplicateContacts","$v":"নকল কনটেক্টসমূহ মিশ্ৰিত কৰা হৈছে"},{"$i":"alertNoDuplicateContacts","$v":"কোনো নকল কনটেক্ট পোৱা নাই"},{"$i":"curtainCancel","$v":"বাতিল কৰক"},{"$i":"close","$v":"বন্ধ কৰক"},{"$i":"mergeDuplicateTitle","$v":"নকল পোৱা গৈছে"},{"$i":"suggestedDuplicatesMessage","innerHTML":{"$o":["<bdi>",{"t":"idOrVar","v":"name"},"</bdi>ৰ বাবে পৰামৰ্শিত নকল কনটেক্টসমূহ"]}},{"$i":"mergeActionButtonLabel","$v":{"zero":"কোনো কনটেক্ট বাছনি কৰা হোৱা নাই","one":[{"t":"idOrVar","v":"n"}," কনটেক্টৰ সৈতে মিশ্ৰণ কৰক"],"two":[{"t":"idOrVar","v":"n"}," কনটেক্টৰ সৈতে মিশ্ৰণ কৰক"],"few":[{"t":"idOrVar","v":"n"}," কনটেক্টৰ সৈতে মিশ্ৰণ কৰক"],"many":[{"t":"idOrVar","v":"n"}," কনটেক্টৰ সৈতে মিশ্ৰণ কৰক"],"other":[{"t":"idOrVar","v":"n"}," কনটেক্টৰ সৈতে মিশ্ৰণ কৰক"]},"$x":[{"t":"idOrVar","v":"plural"},"n"]},{"$i":"duplicatesFoundTitle","$v":"নকল পোৱা গৈছে"},{"$i":"foundDuplicatesMessage","innerHTML":"নিম্নোক্ত কনটেক্টসমূহত নকল তথ্য পোৱা গৈছিল ৷ আপুনি মিশ্ৰিত কৰিব বিচাৰে নেকি?"},{"$i":"tcl-merge-selected-counts","$v":["(",{"t":"idOrVar","v":"n"},") বাছনি কৰিছে"]},{"$i":"tcl-wait-duplicate-contacts","$v":"নকল কনটেক্টসমূহ বিচাৰক"},{"$i":"tcl-wait-txt","$v":"নকল কনটেক্টসমূহৰ বাবে সন্ধান কৰি আছে..."},{"$i":"import","$v":"ইমপ’ৰ্ট কৰক"},{"$i":"fbFriends","$v":"ফেচবুক ফ্ৰেইণ্ডবোৰ"},{"$i":"live-serviceName","$v":"আউটলুক"},{"$i":"gmail-serviceName","$v":"জিমেইল"},{"$i":"facebook-serviceName","$v":"ফেচবুক ফ্ৰেইণ্ডবোৰ"},{"$i":"viewAll","$v":"ফেচবুকৰ সকলো ফ্ৰেইণ্ডক চাওক"},{"$i":"viewRecommend","$v":"কেৱল প্ৰস্তাৱিতহে চাওক"},{"$i":"linkProposal","$v":{"zero":"কোনো মিলা ফ্ৰেইণ্ড নাই ৷ সকলোবোৰ দেখুৱাই আছে","one":"প্ৰস্তাৱিতটো বাছনি কৰক","two":"প্ৰস্তাৱিত এটা বাছনি কৰক","few":"প্ৰস্তাৱিত এটা বাছনি কৰক","many":"প্ৰস্তাৱিত এটা বাছনি কৰক","other":"প্ৰস্তাৱিত এটা বাছনি কৰক"},"$x":[{"t":"idOrVar","v":"plural"},"numFriends"]},{"$i":"fbFriendsFound","$v":{"zero":"আপোনাৰ সকলো ফ্ৰেইণ্ডক ইমপ’ৰ্ট কৰা হৈছে","one":"ইমপ’ৰ্ট কৰিবলৈ এজন ফ্ৰেইণ্ড পোৱা গৈছে","two":["ইমপ’ৰ্ট কৰিবলৈ ",{"t":"idOrVar","v":"numFriends"}," ফ্ৰেইণ্ড পোৱা গৈছে"],"few":["ইমপ’ৰ্ট কৰিবলৈ ",{"t":"idOrVar","v":"numFriends"}," ফ্ৰেইণ্ড পোৱা গৈছে"],"many":["ইমপ’ৰ্ট কৰিবলৈ ",{"t":"idOrVar","v":"numFriends"}," ফ্ৰেইণ্ড পোৱা গৈছে"],"other":["ইমপ’ৰ্ট কৰিবলৈ ",{"t":"idOrVar","v":"numFriends"}," ফ্ৰেইণ্ড পোৱা গৈছে"]},"$x":[{"t":"idOrVar","v":"plural"},"numFriends"]},{"$i":"fbNoFriends","$v":"ইমপ’ৰ্ট কৰিবলৈ কোনো কনটেক্ট উপলব্ধ নাই"},{"$i":"done-search","$v":"কৰা হল"},{"$i":"progressFB3ImportTitle","$v":"কনটেক্টসমূহলৈ ফ্ৰেইণ্ডবোৰ ইমপ’ৰ্ট কৰি আছে"},{"$i":"progressFB","$v":[{"t":"idOrVar","v":"current"},"/",{"t":"idOrVar","v":"total"}]},{"$i":"progressFB3UpdateTitle","$v":"কনটেক্টসমূহত থকা ফ্ৰেইণ্ডসমূহক আপডেট কৰি আছে"},{"$i":"message2","$v":"এইটোৱে কিছুসময় ল’ব পাৰে"},{"$i":"messageLinking","$v":"অনুগ্ৰহ কৰি ৰখক ৷ আমি আপোনাৰ ফ্ৰেইণ্ড আৰু আপোনাৰ কনটেক্ট লিংক কৰি আছো ৷"},{"$i":"error1","$v":["ত্ৰুটি ",{"t":"idOrVar","v":"from"}]},{"$i":"error2","$v":"আপুনি পুনঃচেষ্টা কৰিব বিচাৰে নেকি?"},{"$i":"errorProposal","$v":"প্ৰস্তাৱসমূহ গণনা কৰি আছে"},{"$i":"errorFriends","$v":"ফ্ৰেইণ্ডসমূহ পুনৰুদ্ধাৰ কৰি আছে"},{"$i":"errorLinking","$v":"কনটেক্ট লিংক কৰা হৈ আছে"},{"$i":"timeout1","$v":[{"t":"idOrVar","v":"from"}," টাইমআউট অতিক্ৰম কৰিছে"]},{"$i":"timeout2","$v":"আপুনি পুনঃচেষ্টা কৰিব বিচাৰে নেকি?"},{"$i":"timeoutProposal","$v":"প্ৰস্তাৱসমূহ গণনা কৰি আছে"},{"$i":"timeoutFriends","$v":"ফ্ৰেইণ্ডসমূহ পুনৰুদ্ধাৰ কৰি আছে"},{"$i":"timeoutLinking","$v":"কনটেক্টসমূহ লিংক কৰা হৈ আছে"},{"$i":"wait1","$v":"অনুগ্ৰহ ৰখক"},{"$i":"wait2","$v":"এইটোৱে কিছুসময় ল’ব পাৰে"},{"$i":"waitProposal","$v":"অনুগ্ৰহ কৰি ৰখক৷ আমি এটা প্ৰস্তাৱ গণনা কৰি আছোঁ ৷"},{"$i":"waitFriends","$v":"অনুগ্ৰহ ৰখক ৷ আমি আপোনাৰ ফ্ৰেইণ্ডৰ সূচী লাভ কৰিবলৈ সংযোগ কৰি আছো ৷"},{"$i":"curtainRetry","$v":"পুনঃচেষ্টা কৰক"},{"$i":"curtainOK","$v":"ঠিক আছে"},{"$i":"connectionLost","$v":"ইণ্টাৰনেট সংযোগ নাই"},{"$i":"connectionLostMsg","$v":"আপোনাৰ কনটেক্টসমূহলৈ ফ্ৰেইণ্ডৰ ফটো যোগ কৰা নহ’ব ৷ যিকোনো প্ৰকাৰে অব্যাহত ৰাখিব?"},{"$i":"yesOption","$v":"ঠিক আছে"},{"$i":"noOption","$v":"বাতিল কৰক"},{"$i":"waitFriendslive","$v":"আউটলুকৰ পৰা কনটেক্টসমূহ পঢ়ি আছে..."},{"$i":"waitFriendsgmail","$v":"জিমেইলৰ পৰা কনটেক্টসমূহ পঢ়ি আছে..."},{"$i":"friendsUpdated","$v":{"zero":"কোনো ফ্ৰেইণ্ড আপডেট হোৱা নাই","one":"এজন ফ্ৰেইণ্ড আপডেট কৰা হৈছে","two":[{"t":"idOrVar","v":"numFriends"}," ফ্ৰেইণ্ড আপডেট কৰা হৈছে"],"few":[{"t":"idOrVar","v":"numFriends"}," ফ্ৰেইণ্ড আপডেট কৰা হৈছে"],"many":[{"t":"idOrVar","v":"numFriends"}," ফ্ৰেইণ্ড আপডেট কৰা হৈছে"],"other":[{"t":"idOrVar","v":"numFriends"}," ফ্ৰেইণ্ড আপডেট কৰা হৈছে"]},"$x":[{"t":"idOrVar","v":"plural"},"numFriends"]},{"$i":"friendsMerged","$v":{"zero":"কোনো নকল ফ্ৰেইণ্ড মিশ্ৰিত কৰা নাই","one":"এজন নকল ফ্ৰেইণ্ড মিশ্ৰিত কৰা হৈছে","two":[{"t":"idOrVar","v":"numDups"}," ফ্ৰেইণ্ড মিশ্ৰিত কৰা হ’ল"],"few":[{"t":"idOrVar","v":"numDups"}," ফ্ৰেইণ্ড মিশ্ৰিত কৰা হ’ল"],"many":[{"t":"idOrVar","v":"numDups"}," ফ্ৰেইণ্ড মিশ্ৰিত কৰা হ’ল"],"other":[{"t":"idOrVar","v":"numDups"}," ফ্ৰেইণ্ড মিশ্ৰিত কৰা হ’ল"]},"$x":[{"t":"idOrVar","v":"plural"},"numDups"]},{"$i":"notificationLogin","$v":"আপোনাৰ ফেচবুক চেচন অবৈধ ৷ অনুগ্ৰহ কৰি চাইন ইন কৰক ৷"},{"$i":"syncError","$v":"আপোনাৰ ফ্ৰেইণ্ডৰ ডাটা চিংক্ৰ’নাইজ কৰাত এটা ত্ৰুটি হৈছিল"},{"$i":"progressFB3liveTitle","$v":"আউটলুকৰ পৰা কনটেক্টসমূহ ইমপ’ৰ্ট কৰি আছে..."},{"$i":"progressFB3gmailTitle","$v":"জিমেইলৰ পৰা কনটেক্টসমূহ ইমপ’ৰ্ট কৰি আছে ..."},{"$i":"tcl-calllog-entry-removed-succ-notification","$v":"কল ল’গ প্ৰবিষ্টি আঁতৰোৱা হৈছে"},{"$i":"tcl-calllog-entry-removed-err-notification","$v":"কল ল’গ প্ৰবিষ্টি আতৰাব পৰা নাযাব"},{"$i":"addNewNumber","$v":"নতুন নম্বৰ যোগ কৰক"},{"$i":"contactDetails","$v":"কনটেক্ট বিৱৰণসমূহ"},{"$i":"addToExistingContact","$v":"বিদ্যমান কনটেক্টলৈ যোগ কৰক"},{"$i":"all","$v":"সকলো","ariaLabel":"সকলো"},{"$i":"bluetoothOption","ariaLabel":"ব্লুটুথ"},{"$i":"callLog","$v":"কল ল’গ"},{"$i":"callLogEdit","title":"কল ল’গ সম্পাদনা কৰক"},{"$i":"tcl-option-menu-call-log-edit","$v":"কল ল’গ সম্পাদনা কৰক"},{"$i":"callLogEditDialog","ariaLabel":"কল ল’গ সংলাপ সম্পাদনা কৰক"},{"$i":"tcl-call-log-delete-group-notification","$v":[{"t":"idOrVar","v":"n"}," প্ৰবিষ্টিসমূহ বিলোপ কৰা হৈছে"]},{"$i":"connecting","$v":"সংযোগ হৈ আছে"},{"$i":"connectingEllipsis","$v":"সংযোগ হৈ আছে..."},{"$i":"call-forwarding-async","$v":["অচিংক্ৰ’নাস: ",{"t":"idOrVar","v":"async"}]},{"$i":"call-forwarding-data","$v":["ডাটা: ",{"t":"idOrVar","v":"data"}]},{"$i":"call-forwarding-error","$v":"কল ফৰৱাৰ্ডিং স্থিতি পুনৰুদ্ধাৰ কৰি থকা সময়ত এটা ত্ৰুটি হৈছে"},{"$i":"call-forwarding-fax","$v":["FAX: ",{"t":"idOrVar","v":"fax"}]},{"$i":"call-forwarding-inactive","$v":"নিষ্ক্ৰিয় কৰক"},{"$i":"call-forwarding-packet","$v":["পেকেট: ",{"t":"idOrVar","v":"packet"}]},{"$i":"call-forwarding-pad","$v":["PAD: ",{"t":"idOrVar","v":"pad"}]},{"$i":"call-forwarding-sms","$v":["SMS: ",{"t":"idOrVar","v":"sms"}]},{"$i":"call-forwarding-status","$v":"কল ফৰৱাৰ্ডিং স্থিতি"},{"$i":"call-forwarding-sync","$v":["চিংক্ৰ’নাস: ",{"t":"idOrVar","v":"sync"}]},{"$i":"call-forwarding-voice","$v":["ভইচ: ",{"t":"idOrVar","v":"voice"}]},{"$i":"confirm-deletion","$v":"বাছনি কৰা কলসমূহ পৰিষ্কাৰ কৰিবনে?"},{"$i":"createNewContact","$v":"নতুন কনটেক্ট বনাওক"},{"$i":"calllog-deselectAll","$v":"সকলোবোৰ অ-বাছনি কৰক"},{"$i":"dialerAddContact","ariaLabel":"কনটেক্ট যোগ কৰক"},{"$i":"dialerAddContactDialog","ariaLabel":"কনটেক্ট সংলাপ যোগ কৰক"},{"$i":"callInformation","$v":"কল তথ্য"},{"$i":"edit-selected","$v":{"one":["বাছনিযুক্ত (",{"t":"idOrVar","v":"n"},")"],"two":["বাছনিযুক্ত (",{"t":"idOrVar","v":"n"},")"],"few":["বাছনিযুক্ত (",{"t":"idOrVar","v":"n"},")"],"many":["বাছনিযুক্ত (",{"t":"idOrVar","v":"n"},")"],"other":["বাছনিযুক্ত (",{"t":"idOrVar","v":"n"},")"]},"$x":[{"t":"idOrVar","v":"plural"},"n"]},{"$i":"tcl-edit-not-selected","$v":"বাছনিযুক্ত (0)"},{"$i":"hideKeypad","ariaLabel":"কীপেড লুকুৱাওক"},{"$i":"ignore","$v":"কল অৱজ্ঞা কৰক"},{"$i":"incoming","$v":"ইনকামিং"},{"$i":"keypad","ariaLabel":"কীপেড"},{"$i":"info-missed","$v":"মিছ্ড"},{"$i":"missed","$v":"মিছ্ড","ariaLabel":"মিছ্ড"},{"$i":"dialed","$v":"ডায়েল কৰা হৈছে"},{"$i":"received","$v":"প্ৰাপ্ত কৰা হৈছে"},{"$i":"canceled","$v":"বাতিল কৰা হল"},{"$i":"missedCall","$v":"মিছ্ড কল"},{"$i":"missedCallMultiSims","$v":["(চিম ",{"t":"idOrVar","v":"n"},") মিছ্ড কল"]},{"$i":"mmi-error","$v":"বাৰ্তাটো প্ৰেৰণ কৰি থাকোতে এটা ত্ৰুটি হৈছে"},{"$i":"mmi-session-expired","$v":"চেছনৰ ম্যাদ উকলিল"},{"$i":"mmi-successfully-sent","$v":"বাৰ্তা সফলভাৱে প্ৰেৰণ কৰা হ’ল"},{"$i":"mmi-notification-title-with-sim","$v":["(",{"t":"idOrVar","v":"sim"},") ",{"t":"idOrVar","v":"title"}]},{"$i":"mute","ariaLabel":"নিঃশব্দ"},{"$i":"newCall","ariaLabel":"নতুন কল"},{"$i":"no-logs-msg-1","$v":"কোনো কল ৰেকৰ্ড হোৱা নাই"},{"$i":"no-logs-msg-2","$v":"এতিয়া যোগাযোগ আৰম্ভ কৰক"},{"$i":"no-logs-msg-3","$v":"কোনো কল ৰেকৰ্ড হোৱা নাই"},{"$i":"no-logs-msg-4","$v":"এতিয়া যোগাযোগ আৰম্ভ কৰক"},{"$i":"onHoldOption","ariaLabel":"হ’ল্ডত আছে"},{"$i":"outgoing","$v":"আডটগ’য়িং"},{"$i":"recents","ariaLabel":"শেহতীয়া কলসমূহ"},{"$i":"reply","$v":"উত্তৰ দিয়ক"},{"$i":"calllog-selectAll","$v":"সকলোবোৰ বাছনি কৰক"},{"$i":"send","$v":"প্ৰেৰণ কৰক"},{"$i":"switch-calls","$v":"কলসমূহ চুইট্চ কৰক"},{"$i":"withheld-number","$v":"অজ্ঞাত"},{"$i":"from-contact","$v":[{"t":"idOrVar","v":"contact"},"ৰ পৰা"]},{"$i":"from-number","$v":[{"t":"idOrVar","v":"number"},"ৰ পৰা"]},{"$i":"from-withheld-number","$v":"অজ্ঞাত নম্বৰৰ পৰা"},{"$i":"sending","$v":"প্ৰেৰণ কৰি আছে..."},{"$i":"speakerOption","ariaLabel":"স্পীকাৰ"},{"$i":"ussd-services","$v":[{"t":"idOrVar","v":"operator"}," সেৱাসমূহ"]},{"$i":"toggleKeypad","ariaLabel":"কীপেড ট’গল কৰক"},{"$i":"type-your-response","placeholder":"আপোনাৰ সঁহাৰি টাইপ কৰক…"},{"$i":"clear-all-text","$v":"সকলোবোৰ টেক্সট্ চাফা কৰক"},{"$i":"hide","$v":"লুকুৱাওক"},{"$i":"call","$v":"কল কৰক"},{"$i":"hold","ariaLabel":"হ’ল্ড"},{"$i":"resume","$v":"পুনৰ আৰম্ভ কৰক","ariaLabel":"পুনৰ আৰম্ভ কৰক"},{"$i":"sendSms","$v":"বাৰ্তা প্ৰেৰণ কৰক"},{"$i":"callEnded","$v":"কল সমাপ্ত হ’ল"},{"$i":"via-sim","$v":["চিম",{"t":"idOrVar","v":"n"}," যোগে"]},{"$i":"sim-number","$v":["চিম",{"t":"idOrVar","v":"n"}]},{"$i":"unknown","$v":"অজ্ঞাত"},{"$i":"hangup-a11y-button","ariaLabel":"সংযোগ বিচ্ছিন্ন কৰক"},{"$i":"pickup-a11y-button","ariaLabel":"পিক আপ"},{"$i":"unlock-a11y-button","ariaLabel":"শ্লাইডাৰ"},{"$i":"settings","$v":"ছেটিংছ"},{"$i":"tcl-delete-log","$v":"আপুনি কল ল’গৰ পৰা বাছনি কৰা প্ৰবিষ্টিসমূহ বিলোপ কৰিবলৈ বিচাৰেনে?"},{"$i":"delete-n-log?","$v":{"zero":"একোৱেই বাছনি কৰা নাই","one":"বাছনি কৰা ল’গ বিলোপ কৰিব?","two":[{"t":"idOrVar","v":"n"}," ল’গ বিলোপ কৰিব?"],"few":[{"t":"idOrVar","v":"n"}," ল’গ বিলোপ কৰিব?"],"many":[{"t":"idOrVar","v":"n"}," ল’গ বিলোপ কৰিব?"],"other":[{"t":"idOrVar","v":"n"}," ল’গ বিলোপ কৰিব?"]},"$x":[{"t":"idOrVar","v":"plural"},"n"]},{"$i":"callDurationMinutes","$v":[{"t":"idOrVar","v":"m"},":",{"t":"idOrVar","v":"s"}]},{"$i":"callDurationHours","$v":[{"t":"idOrVar","v":"h"},":",{"t":"idOrVar","v":"m"},":",{"t":"idOrVar","v":"s"}]},{"$i":"callDurationTextFormatSeconds","$v":[{"t":"idOrVar","v":"s"}," ছেকেণ্ড"]},{"$i":"callDurationTextFormatMinutes","$v":[{"t":"idOrVar","v":"m"}," মিনিট ",{"t":"idOrVar","v":"s"}," ছেকেণ্ড"]},{"$i":"callDurationTextFormatHours","$v":[{"t":"idOrVar","v":"h"}," ঘণ্টা ",{"t":"idOrVar","v":"m"}," মিনিট ",{"t":"idOrVar","v":"s"}," ছেকেণ্ড"]},{"$i":"suggestionMatches","$v":{"one":["\"",{"t":"idOrVar","v":"matchNumber"},"\"ৰ বাবে ",{"t":"idOrVar","v":"n"}," মিলিছে"],"two":["\"",{"t":"idOrVar","v":"matchNumber"},"\"ৰ বাবে ",{"t":"idOrVar","v":"n"}," মিলিছে"],"few":["\"",{"t":"idOrVar","v":"matchNumber"},"\"ৰ বাবে ",{"t":"idOrVar","v":"n"}," মিলিছে"],"many":["\"",{"t":"idOrVar","v":"matchNumber"},"\"ৰ বাবে ",{"t":"idOrVar","v":"n"}," মিলিছে"],"other":["\"",{"t":"idOrVar","v":"matchNumber"},"\"ৰ বাবে ",{"t":"idOrVar","v":"n"}," মিলিছে"]},"$x":[{"t":"idOrVar","v":"plural"},"n"]},{"$i":"scCallBarring","$v":"কল প্ৰতিবন্ধকতা"},{"$i":"scCallForwarding","$v":"কল ফৰৱাৰ্ডিং"},{"$i":"scClip","$v":"ইনকামিং কলাৰ ID"},{"$i":"scClir","$v":"আউটগ’য়িং কলাৰ ID"},{"$i":"scPwd","$v":"পাছৱৰ্ড পৰিৱৰ্তন কৰক"},{"$i":"scCallWaiting","$v":"কল অপেক্ষাৰত"},{"$i":"scPin","$v":"পিন পৰিৱৰ্তন কৰক"},{"$i":"scPin2","$v":"পিন2 ৰ পৰিৱৰ্তন"},{"$i":"scPuk","$v":"পিন আনব্লক কৰক"},{"$i":"scPuk2","$v":"পিন2 আনব্লক কৰক"},{"$i":"scImei","$v":"IMEI"},{"$i":"scMeid","$v":"MEID"},{"$i":"scUssd","$v":"USSD"},{"$i":"serviceClassVoice","$v":"ভইচ"},{"$i":"serviceClassData","$v":"ডাটা"},{"$i":"serviceClassFax","$v":"FAX"},{"$i":"serviceClassSms","$v":"SMS"},{"$i":"serviceClassDataSync","$v":"চিংক"},{"$i":"serviceClassDataAsync","$v":"এচিংক"},{"$i":"serviceClassPacket","$v":"পেকেট"},{"$i":"serviceClassPad","$v":"PAD"},{"$i":"smServiceEnabled","$v":"সেৱা সক্ষম কৰা হৈছিল"},{"$i":"smServiceDisabled","$v":"সেৱা অক্ষম কৰা হৈছে"},{"$i":"smServiceRegistered","$v":"পঞ্জীয়ন সফল হৈছিল"},{"$i":"smServiceErased","$v":"বিলোপকৰণ সফল হ’ল"},{"$i":"smServiceInterrogated","$v":"অনুৰোধ সফল হৈছিল"},{"$i":"smServiceNotProvisioned","$v":"সেৱাৰ সুবিধা নাই"},{"$i":"smClirPermanent","$v":"আপুনি কলাৰ ID ছেটিংছ পৰিৱৰ্তন কৰিব নোৱাৰে"},{"$i":"smClirDefaultOnNextCallOn","$v":"ক’লাৰ ID ডিফ’ল্টৰূপে প্ৰতিবন্ধিত কৰা হৈছে। পৰৱৰ্তী কল: প্ৰতিবন্ধিত"},{"$i":"smClirDefaultOnNextCallOff","$v":"ক’লাৰ ID ডিফ’ল্টৰূপে প্ৰতিবন্ধিত কৰা হৈছে। পৰৱৰ্তী কল: প্ৰতিবন্ধিত নহয়"},{"$i":"smClirDefaultOffNextCallOn","$v":"ক’লাৰ ID ডিফ’ল্টৰূপে অপ্ৰতিবন্ধিত কৰা হৈছে। পৰৱৰ্তী কল: প্ৰতিবন্ধিত"},{"$i":"smClirDefaultOffNextCallOff","$v":"ক’লাৰ ID ডিফ’ল্টৰূপে অপ্ৰতিবন্ধিত কৰা হৈছে। পৰৱৰ্তী কল: প্ৰতিবন্ধিত নহয়"},{"$i":"smServiceEnabledFor","$v":"সেৱা ইয়াৰ বাবে সক্ষম হৈছিল:"},{"$i":"smPinChanged","$v":"পিন সফলভাৱে পৰিৱৰ্তন কৰা হ’ল"},{"$i":"smPinUnblocked","$v":"পিন সফলভাৱে আনব্লক কৰা হ’ল"},{"$i":"smPin2Changed","$v":"পিন2 সফলভাৱে পৰিৱৰ্তন কৰা হ’ল"},{"$i":"smPin2Unblocked","$v":"পিন2 সফলভাৱে আনব্লক কৰা হ’ল"},{"$i":"ServiceIsEnabled","$v":"সেৱা সক্ষম কৰা হৈছে"},{"$i":"ServiceIsDisabled","$v":"সেৱা অক্ষম কৰা হৈছে"},{"$i":"ServiceIsEnabledFor","$v":"সেৱা ইয়াৰ বাবে সক্ষম হৈছে:"},{"$i":"emMmiError","$v":"সংযোগ সমস্যা বা অবৈধ MMI ক’ড"},{"$i":"emMmiErrorPasswordIncorrect","$v":"অশুদ্ধ পাছৱৰ্ড"},{"$i":"emMmiErrorNotSupported","$v":"অবৈধ বা অসমৰ্থিত MMI ক’ড"},{"$i":"emMmiErrorInvalidAction","$v":"অবৈধ কাৰ্য্য"},{"$i":"emMmiErrorInvalidScCode","$v":"অবৈধ সেৱা ক’ড"},{"$i":"emMmiErrorBadPuk","$v":"আপুনি টাইপ কৰা PUK টো শুদ্ধ নহয়"},{"$i":"emMmiErrorBadPin","$v":"আপুনি টাইপ কৰা পুৰণা পিনটো শুদ্ধ নহয় ৷"},{"$i":"emMmiErrorNeedPuk2","$v":"চিম কাৰ্ড আনব্লক কৰিবলৈ PUK2 টাইপ কৰক"},{"$i":"emMmiErrorMismatchPin","$v":"আপুনি টাইপ কৰা পিন মিলা নাই"},{"$i":"emMmiErrorInvalidPin","$v":"4 ৰ পৰা 8 সংখ্যাৰ এটা পিন টাইপ কৰক"},{"$i":"emMmiErrorNeedsPuk","$v":"আপোনাৰ চিম কাৰ্ড PUK লক হয়"},{"$i":"emMmiErrorEnablePin","$v":"অসফল ৷ SIM/RUIM লক সক্ষম কৰক"},{"$i":"emMmiErrorMmiFdn","$v":"কেৱল ফিক্সড ডায়েলিং নম্বৰৰ কাৰণেহে অপাৰেচন প্ৰতিবন্ধিত কৰা হৈছে"},{"$i":"emMmiErrorStkCcUssdDial","$v":"USSD অনুৰোধক ডায়েল অনুৰোধলৈ সংশোধন কৰা হৈছে ৷"},{"$i":"emMmiErrorStkCcUssdSs","$v":"USSD অনুৰোধক SS অনুৰোধলৈ সংশোধন কৰা হৈছে ৷"},{"$i":"emMmiErrorStkCcUssdUssd","$v":"USSD অনুৰোধক নতুন USSD অনুৰোধলৈ সংশোধন কৰা হৈছে ৷"},{"$i":"emMmiErrorStkCcSsDial","$v":"SS অনুৰোধ ডায়েল অনুৰোধলৈ সংশোধন কৰা হৈছে"},{"$i":"emMmiErrorStkCcSsUssd","$v":"SS অনুৰোধ USSD অনুৰোধলৈ সংশোধন কৰা হৈছে ৷"},{"$i":"emMmiErrorStkCcSsSs","$v":"SS অনুৰোধ নতুন SS অনুৰোধলৈ সংশোধন কৰা হৈছে"},{"$i":"emMmiErrorPinPukAttempts","$v":{"one":["কেৱল ",{"t":"idOrVar","v":"n"}," প্ৰচেষ্টা বাকী আছে"],"two":[{"t":"idOrVar","v":"n"}," প্ৰচেষ্টা বাকী আছে"],"few":[{"t":"idOrVar","v":"n"}," প্ৰচেষ্টা বাকী আছে"],"many":[{"t":"idOrVar","v":"n"}," প্ৰচেষ্টা বাকী আছে"],"other":[{"t":"idOrVar","v":"n"}," প্ৰচেষ্টা বাকী আছে"]},"$x":[{"t":"idOrVar","v":"plural"},"n"]},{"$i":"emMmiErrorSimBlocked","$v":"পুনঃচেষ্টাৰ সৰ্বাধিক সংখ্যা অতিক্ৰম হৈছে ৷ চিম ব্লক কৰা হৈছে"},{"$i":"RadioNotAvailable","$v":"ৰেডিঅ’ উপলব্ধ নহয়"},{"$i":"GenericFailure","$v":"সামান্য বিফলতা"},{"$i":"PasswordIncorrect","$v":"পাছৱৰ্ড অশুদ্ধ"},{"$i":"SimPin2","$v":"চিম পিন2"},{"$i":"SimPuk2","$v":"চিম PUK2"},{"$i":"RequestNotSupported","$v":"অনুৰোধ সমৰ্থিত নহয়"},{"$i":"OpNotAllowedDuringVoiceCall","$v":"ভইচ কল চলি থকা সময়ত অপাৰেচন অনুমোদিত নহয়"},{"$i":"SmsSendFailRetry","$v":"SMS প্ৰেৰণ কৰাত বিফল পুনঃচেষ্টা কৰক"},{"$i":"SimAbsent","$v":"চিম নাই"},{"$i":"SubscriptionNotAvailable","$v":"চাবস্ক্ৰিপচন উপলব্ধ নাই"},{"$i":"ModeNotSupported","$v":"মোড সমৰ্থিত নহয়"},{"$i":"FdnCheckFailure","$v":"Fdn পৰীক্ষা বিফল"},{"$i":"IllegalSimOrMe","$v":"অবৈধ চিম বা ME"},{"$i":"DialModifiedToUssd","$v":"USSD লৈ ডায়েল সংশোধিত কৰা হৈছে"},{"$i":"DialModifiedToSs","$v":"SS লৈ ডায়েল সংশোধিত কৰা হৈছে"},{"$i":"DialModifiedToDial","$v":"ডায়েললৈ ডায়েল সংশোধিত কৰা হৈছে"},{"$i":"UssdModifiedToDial","$v":"USSD ক ডায়েললৈ সংশোধন কৰা হৈছে"},{"$i":"UssdModifiedToSs","$v":"USSD ক SS লৈ সংশোধন কৰা হৈছে"},{"$i":"UssdModifiedToUssd","$v":"USSD ক USSD লৈ সংশোধন কৰা হৈছে"},{"$i":"SsModifiedToDial","$v":"SS ক ডায়েললৈ সংশোধন কৰা হৈছে"},{"$i":"SsModifiedToUssd","$v":"SS ক USSD লৈ সংশোধন কৰা হৈছে"},{"$i":"SsModifiedToSs","$v":"SS ক SS লৈ সংশোধন কৰা হৈছে"},{"$i":"SubscriptionNotSupported","$v":"চাবস্ক্ৰিপচন সমৰ্থিত নহয়"},{"$i":"InvalidParameter","$v":"অবৈধ পেৰামিটাৰ"},{"$i":"RejectedByRemote","$v":"ৰিম’টৰ দ্বাৰা নাকচ কৰিছে"},{"$i":"conferenceCall","$v":[{"t":"idOrVar","v":"n"}," এলাৰ্ট"]},{"$i":"caller-left-call","$v":[{"t":"idOrVar","v":"caller"},"এ কলটো এৰিছে ৷"]},{"$i":"conferenceAddError","$v":"কলসমূহ মিশ্ৰণ কৰিবলৈ অক্ষম"},{"$i":"conferenceRemoveError","$v":"কলসমূহ অমিশ্ৰণ কৰিবলৈ অক্ষম"},{"$i":"longDateFormat","$v":"%A, %b %e"},{"$i":"select-audio-sources","$v":"অডিঅ’ উৎসসমূহ বাছনি কৰক"},{"$i":"bluetooth-handsfree-device","$v":"ব্লুটুথ হেণ্ডচফ্ৰী ডিভাইচ"},{"$i":"receiver","$v":"প্ৰাপ্তকৰ্তা"},{"$i":"speaker","$v":"স্পীকাৰ"},{"$i":"tcl-cancel","$v":"বাতিল কৰক"},{"$i":"tcl-dialer","$v":"ডায়েলাৰ"},{"$i":"tcl-confirmation","$v":"নিশ্চিতিকৰণ"},{"$i":"log-item","$v":"বিকল্পসমূহ"},{"$i":"tcl-assign-speed-dial","$v":{"$o":["\"",{"t":"idOrVar","v":"speedDial"},"\" বুটামত কনটেক্ট স্পীড ডায়েল ৰূপে যোগ কৰা হোৱা নাছিল ৷<br><br>এতিয়া এচাইন কৰিব নেকি?"]}},{"$i":"tcl-assign","$v":"এচাইন কৰক"},{"$i":"select","$v":"বাছনি কৰক"},{"$i":"view-all","$v":"সকলো চাওক"},{"$i":"search-results","$v":"ফলাফল অনুসন্ধান কৰক"},{"$i":"no-recent-numbers","$v":"কল ল’গসমূহত ডায়েল কৰিবলৈ কোনো শেহতীয়া নম্বৰ নাই"},{"$i":"wifi-calling","$v":"Wi-Fi কলিং"},{"$i":"dialer-prompt","$v":"কললৈ যোগ কৰিবলৈ নম্বৰ ডায়েল কৰক বা কনটেক্ট বাছনি কৰক"},{"$i":"hours","$v":"ঘণ্টা"},{"$i":"minutes","$v":"মিনিট"},{"$i":"seconds","$v":"ছেকেণ্ড"},{"$i":"voicemailNoNumberTitle","$v":"ভইচমেইল নম্বৰ অনুপলব্ধ"},{"$i":"voicemailNoNumberText","$v":"ভইচমেইললৈ কল কৰিবলৈ অক্ষম ৷ কল কৰিবলৈ ভইচমেইল নম্বৰটো ছেট কৰক ৷"},{"$i":"voicemailNoNumberSettings","$v":"ছেটিংছ"},{"$i":"voicemailNoNumberCancel","$v":"বাতিল কৰক"},{"$i":"phoneNumberInput","ariaLabel":"ফোন নম্বৰ"},{"$i":"keypadDelete","ariaLabel":"বিলোপ কৰক"},{"$i":"voiceMailKey","ariaLabel":"ভইচমেইল"},{"$i":"asterisk","ariaLabel":"এস্ট্ৰিক চিহ্ন"},{"$i":"hashSign","ariaLabel":"হেশ চাইন"},{"$i":"loadingSimContacts","$v":"চিম কাৰ্ডৰ কনটেক্টসমূহ লোড হৈ আছে…"},{"$i":"noContactsWereFound","$v":"কোনো কনটেক্ট বিচাৰি পোৱা নাছিল"},{"$i":"noContactsFoundDialogOk","$v":"ঠিক আছে"},{"$i":"emergencyNumber","$v":"আপাতকালীন নম্বৰ"},{"$i":"callAirplaneModeMessage","$v":"এটা কল কৰিবলৈ আপুনি ছেটিংছত এয়াৰপ্লেন মোড অক্ষম কৰিব লাগিব ৷"},{"$i":"callAirplaneModeBtnOk","$v":"ঠিক আছে"},{"$i":"callAirplaneModeTitle","$v":"এয়াৰপ্লেন মোড সক্ৰিয় কৰা হৈছে"},{"$i":"numberIsBusyTitle","$v":"নম্বৰ ব্যস্ত হৈ আছে"},{"$i":"numberIsBusyMessage","$v":"নম্বৰটো সম্প্ৰতি ব্যস্ত হৈ আছে ৷ অনুগ্ৰহ কৰি পিছত পুনৰ চেষ্টা কৰক।"},{"$i":"fdnIsActiveTitle","$v":"FDN সক্ৰিয়"},{"$i":"fdnIsActiveMessage","$v":["FDN (ফিক্সড ডায়েলিং নম্বৰসমূহ) সক্ৰিয় হৈছে আৰু নিম্নোক্ত নম্বৰটো আপোনাৰ FDN সূচীত নাই: ",{"t":"idOrVar","v":"number"}]},{"$i":"emergencyDialogBodyBadNumber","$v":"এটা কল কৰিবলৈ, ফোনটো এটা নেটৱৰ্কলৈ সংযোগ কৰিবই লাগিব ৷"},{"$i":"emergencyDialogBodyDeviceNotAccepted","$v":"নেটৱৰ্কৰ দ্বাৰা আপাতকালীন কলসমূহ অনুমোদিত নহয় ৷"},{"$i":"emergencyDialogBtnOk","$v":"ঠিক আছে"},{"$i":"emergencyDialogTitle","$v":"কোনো নেটৱৰ্ক সংযোগ নাই"},{"$i":"invalidNumberToDialTitle","$v":"অবৈধ ফোন নম্বৰ"},{"$i":"invalidNumberToDialMessage","$v":"আপুনি কল কৰা ফোন নম্বৰটো বৈধ নহয় ৷"},{"$i":"unableToCallTitle","$v":"এতিয়া এটা ফোন কল কৰিবলৈ অক্ষম"},{"$i":"unableToCallMessage","$v":"এটা কল কৰিব নোৱাৰে ৷ যদি আপুনি ইতিমধ্যে ডায়েল কৰি আছে, তেন্তে অনুগ্ৰহ কৰি ৰাখক৷"},{"$i":"otherConnectionInUseTitle","$v":"অন্য সংযোগ ব্যৱহাৰ হৈ আছে"},{"$i":"otherConnectionInUseMessage","$v":"আপোনাৰ অন্য সংযোগত এটা সক্ৰিয় কল আছে ৷ আপুনি এবাৰত কেৱল এটা সংযোগহে ব্যৱহাৰ কৰিব পাৰে ৷"},{"$i":"tcl-call-log","$v":"কল ল’গ"},{"$i":"tcl-contacts","$v":"কনটেক্টসমূহ"},{"$i":"tcl-call","$v":"কল কৰক"},{"$i":"tcl-add-contact","$v":"বিদ্যমান কনটেক্টলৈ যোগ কৰক"},{"$i":"tcl-create-contact","$v":"নতুন কনটেক্ট বনাওক"},{"$i":"tcl-add-speed-dial","$v":"স্পীড ডায়েললৈ যোগ কৰক"},{"$i":"sim-with-index-and-carrier","$v":["SIM ",{"t":"idOrVar","v":"index"}," - ",{"t":"idOrVar","v":"carrier"}]},{"$i":"sim-without-carrier","$v":["SIM ",{"t":"idOrVar","v":"index"}]}]