[{"$i":"confirmMsg","$v":[{"t":"idOrVar","v":"deviceId"}," আপনার পরিচিতিগুলি এবং কলের ইতিহাস অ্যাক্সেস করতে চায়, স্বীকার করবেন ?"]},{"$i":"responseMsg","$v":[{"t":"idOrVar","v":"deviceId"},"-এর জন্য কী"]},{"$i":"confirmTitle","$v":"ফোনবুক অ্যাক্সেসের অনুরোধ"},{"$i":"responseTitle","$v":"ব্লুটুথ সেশন কী প্রয়োজন"},{"$i":"initialValue","$v":"সেশন কী লিখুন"},{"$i":"gaia-menu-cancel","$v":"বাতিল করুন"},{"$i":"gaia-sim-picker-dial-via-with-number","$v":[{"t":"idOrVar","v":"phoneNumber"},"-এর মাধ্যমে ডায়াল করুন"]},{"$i":"gaia-sim-picker-select-sim","$v":"সিম নির্বাচন করুন"},{"$i":"gaia-sim-picker-button","$v":["সিম",{"t":"idOrVar","v":"n"}]},{"$i":"gaia-sim-picker-button-default","$v":"(ডিফল্ট)"},{"$i":"softkey-options","$v":"বিকল্পগুলি"},{"$i":"details","countcall":"কল"},{"$i":"edit","$v":"সম্পাদনা করুন"},{"$i":"cancel","$v":"বাতিল করুন"},{"$i":"done","$v":"সম্পন্ন"},{"$i":"ok","$v":"ঠিক আছে"},{"$i":"update","$v":"আপডেট করুন"},{"$i":"retry","$v":"পুনরায় চেষ্টা করুন"},{"$i":"view","$v":"দেখুন"},{"$i":"search","$v":"অনুসন্ধান করুন"},{"$i":"contacts","$v":"পরিচিতি"},{"$i":"addContact","$v":"পরিচিতি যোগ করুন"},{"$i":"deleteContact","$v":"পরিচিতি মুছুন"},{"$i":"selectContact","$v":"পরিচিতি নির্বাচন করুন"},{"$i":"selectAll","$v":"সব নির্বাচন করুন"},{"$i":"deselect","$v":"অনির্বাচন করুন"},{"$i":"deselectAll","$v":"সব অনির্বাচন করুন"},{"$i":"editContact","$v":"পরিচিতি সম্পাদনা করুন"},{"$i":"deleteConfirmMsg","$v":"পরিচিতি মুছুন ?"},{"$i":"remove","$v":"সরান"},{"$i":"delete","$v":"মুছুন"},{"$i":"comments","$v":"মন্তব্যগুলি"},{"$i":"no_contact_phones","$v":"এই পরিচিতিতে কোনো ফোন নম্বর নেই"},{"$i":"no_contact_email","$v":"এই পরিচিতিতে কোনো ইমেল অ্যাড্রেস নেই"},{"$i":"no_contact_data","$v":"এই পরিচিতিতে কোনো ফোন নম্বর ও ইমেল অ্যাড্রেস নেই"},{"$i":"removePhotoConfirm","$v":"পরিচিতির ছবি সরান ?"},{"$i":"loadingContacts","$v":"পরিচিতিগুলি লোড করছে..."},{"$i":"noContactsActivity2","$v":"আপনার পরিচিতির তালিকাতে কোনো পরিচিতি নেই"},{"$i":"noName","$v":"কোনো নাম নেই"},{"$i":"givenName","$v":"প্রথম নাম"},{"$i":"familyName","$v":"পদবী"},{"$i":"tel","$v":"ফোন"},{"$i":"carrier","$v":"ক্যারিয়ার","placeholder":"ক্যারিয়ার"},{"$i":"separator","$v":","},{"$i":"email","$v":"ইমেল"},{"$i":"streetAddress","$v":"রাস্তা"},{"$i":"postalCode","$v":"জিপ কোড"},{"$i":"locality","$v":"শহর"},{"$i":"countryName","$v":"দেশ"},{"$i":"comment","$v":"মন্তব্য"},{"$i":"org","$v":"কোম্পানী"},{"$i":"date","$v":"তারিখ","placeholder":"তারিখ"},{"$i":"date-span-placeholder","$v":"তারিখ"},{"$i":"birthday","$v":"জন্মদিন"},{"$i":"dateFormat","$v":"%b %e"},{"$i":"dateOutput","$v":[{"t":"idOrVar","v":"dayMonthFormatted"}," ",{"t":"idOrVar","v":"year"}]},{"$i":"anniversary","$v":"বার্ষিকী"},{"$i":"addPhoto","$v":"ছবি যোগ করুন"},{"$i":"addPhone","$v":"ফোন যোগ করুন"},{"$i":"addEmail","$v":"ইমেল যোগ করুন"},{"$i":"addAddress","$v":"ঠিকানা যোগ করুন"},{"$i":"addDate","$v":"তারিখ যোগ করুন"},{"$i":"addComment","$v":"নোট যোগ করুন"},{"$i":"addFavorite","$v":"পছন্দ হিসেবে যোগ করুন"},{"$i":"removeFavorite","$v":"পছন্দ হিসেবে সরান"},{"$i":"addButton","ariaLabel":"যোগ করুন"},{"$i":"editButton","ariaLabel":"সম্পাদনা করুন"},{"$i":"settingsButton","ariaLabel":"সেটিংস"},{"$i":"phoneDetail","ariaLabel":"ফোন"},{"$i":"emailDetail","ariaLabel":"ইমেল"},{"$i":"addressDetail","ariaLabel":"ঠিকানা"},{"$i":"dateDetail","ariaLabel":"তারিখ"},{"$i":"composeEmail","ariaLabel":"ইমেল"},{"$i":"makeCall","ariaLabel":"কল"},{"$i":"phones","ariaLabel":"ফোনগুলি"},{"$i":"emails","ariaLabel":"ইমেলগুলি"},{"$i":"addresses","ariaLabel":"ঠিকানাগুলি"},{"$i":"dates","ariaLabel":"তারিখ"},{"$i":"notes","ariaLabel":"নোট"},{"$i":"exit","$v":"প্রস্থান করুন"},{"$i":"expand","$v":"সম্প্রসারিত করুন"},{"$i":"labelName","$v":"নাম :"},{"$i":"labelLastName","$v":"পদবী :"},{"$i":"labelPhoneNumber","$v":"ফোন নম্বর :"},{"$i":"labelCarrier","$v":"ক্যারিয়ার:"},{"$i":"labelEmail","$v":"ইমেল :"},{"$i":"labelStreet","$v":"রাস্তা :"},{"$i":"labelZip","$v":"পিন কোড :"},{"$i":"labelCity","$v":"শহর:"},{"$i":"labelCountry","$v":"দেশ:"},{"$i":"labelComment","$v":"মন্তব্য:"},{"$i":"legendTitleMain","$v":"মূল তথ্য"},{"$i":"legendPhones","$v":"ফোন নম্বরগুলি"},{"$i":"legendEmail","$v":"ইমেল অ্যাড্রেস"},{"$i":"legendAddress","$v":"ঠিকানা"},{"$i":"search-contact","placeholder":"অনুসন্ধান করুন"},{"$i":"noResults","$v":"কোনো পরিচিতি খুঁজে পাওয়া যায় নি"},{"$i":"transferContactsTitle","$v":"পরিচিতিগুলি ট্র্যান্সফার করুন"},{"$i":"importContactsTitle","$v":"পরিচিতিগুলি আমদানী করুন"},{"$i":"importContactsButton","$v":"পরিচিতিগুলি আমদানী করুন"},{"$i":"exportContactsTitle","$v":"পরিচিতিগুলি রপ্তানি করুন"},{"$i":"exportContactsButton","$v":"পরিচিতিগুলি রপ্তানি করুন"},{"$i":"exportContactsAction","$v":"রপ্তানি করুন"},{"$i":"simExport-title","$v":"সিম-এ রপ্তানি করুন"},{"$i":"memoryCardExport-title","$v":"মেমোরি কার্ডে রপ্তানি করুন"},{"$i":"btExport-title","$v":"ব্লুটুথে রপ্তানি করুন"},{"$i":"memoryCardUMSEnabled","$v":"USB স্টোরেজ সক্ষম করা আছে বলে মেমোরি কার্ড ব্যবহার করা যাচ্ছে না"},{"$i":"exportErrorTitle","$v":"ত্রুটি রপ্তানি করুন"},{"$i":"contactsExported2","$v":{"zero":"কোনো পরিচিতি রপ্তানি করা হয় নি","one":[{"t":"idOrVar","v":"exported"},"/",{"t":"idOrVar","v":"total"},"টি পরিচিতি রপ্তানি করা হয়েছে"],"two":[{"t":"idOrVar","v":"exported"},"/",{"t":"idOrVar","v":"total"},"টি পরিচিতি রপ্তানি করা হয়েছে"],"few":[{"t":"idOrVar","v":"exported"},"/",{"t":"idOrVar","v":"total"},"টি পরিচিতি রপ্তানি করা হয়েছে"],"many":[{"t":"idOrVar","v":"exported"},"/",{"t":"idOrVar","v":"total"},"টি পরিচিতি রপ্তানি করা হয়েছে"],"other":[{"t":"idOrVar","v":"exported"},"/",{"t":"idOrVar","v":"total"},"টি পরিচিতি রপ্তানি করা হয়েছে"]},"$x":[{"t":"idOrVar","v":"plural"},"exported"]},{"$i":"exportError-general","$v":"রপ্তানি করার সময় কিছু ত্রুটি হয়েছে I"},{"$i":"exportError-SD-shared","$v":"শেয়ার করা আছে বলে মেমোরি কার্ড অ্যাক্সেস করা যাচ্ছে না I"},{"$i":"exportError-SD-unavailable","$v":"মেমোরি কার্ড উপলব্ধ নয় I"},{"$i":"exportError-SD-noSpace","$v":"মেমোরি কার্ডে পরিচিতি রপ্তানি করার মতো পর্যাপ্ত স্থান নেই I"},{"$i":"exportError-SIM-unavailable","$v":"সিম কার্ড উপলব্ধ নয় I"},{"$i":"exportError-BT-shared","$v":"শেয়ার করা আছে বলে মেমোরি কার্ড অ্যাক্সেস করা যাচ্ছে না I"},{"$i":"exportError-BT-unavailable","$v":"মেমোরি কার্ড উপলব্ধ নয় I"},{"$i":"exportError-BT-noSpace","$v":"মেমোরি কার্ডে পরিচিতি রপ্তানি করার মতো পর্যাপ্ত স্থান নেই I"},{"$i":"social-network","$v":"সোশ্যাল নেটওয়ার্ক"},{"$i":"social-link","$v":"পরিচিত লিঙ্ক করুন"},{"$i":"social-unlink","$v":"পরিচিতি আনলিঙ্ক করুন"},{"$i":"social-unlink-confirm-title","$v":"আপনি কি আপনার ফ্রেন্ড থেকে আনলিঙ্ক করতে চান ?"},{"$i":"social-unlink-confirm-accept","$v":"আনলিঙ্ক করুন"},{"$i":"facebook-import","$v":"ফেসবুক ফ্রেন্ডস আমদানী করুন"},{"$i":"show-fb-profile","$v":"ফেসবুক প্রোফাইল দেখুন"},{"$i":"msg-send","$v":"বার্তা"},{"$i":"wall-post","$v":"ওয়াল পোস্ট"},{"$i":"share-contact","$v":"পরিচিতি শেয়ার করুন"},{"$i":"facebook-export-forbidden","$v":"ফেসবুকের বাধ্যতার জন্য পরিচিতিটি শেয়ার করা যাবে না ।"},{"$i":"otherAccount","$v":"অন্য অ্যাকাউন্টগুলি"},{"$i":"facebookSwitchMsg","$v":"ফ্রেন্ডস্ সিঙ্ক করুন"},{"$i":"select_mobile","$v":"মোবাইল নির্বাচন করুন"},{"$i":"select_email","$v":"ইমেল নির্বাচন করুন"},{"$i":"select_recipient","$v":"প্রাপক নির্বাচন করুন"},{"$i":"sort-by-first-name","$v":"প্রথম নাম দ্বারা ক্রমানুসারে সাজান"},{"$i":"sort-by-last-name","$v":"পদবী দ্বারা ক্রমানুসারে সাজান"},{"$i":"importSim2","$v":"সিম কার্ড"},{"$i":"importGmail","$v":"জিমেইল"},{"$i":"bluetooth","$v":"ব্লুটুথ"},{"$i":"importOutlook","$v":"আউটলুক"},{"$i":"fbUpdateFriends","$v":"আমদানী করা ফ্রেন্ড আপডেট করুন"},{"$i":"cleaningFbData","$v":"ফেসবুকের ডেটা সরাচ্ছে"},{"$i":"loggingOutFb","$v":"ফেসবুক থেকে লগ আউট করছে"},{"$i":"cleanFbConfirmMsg","$v":"সকল ফেসবুক ডেটা সরান ?"},{"$i":"renewPwdMsg","$v":"আপনার ফেসবুক পাসওয়ার্ড পরিবর্তন হয়েছে। অনুগ্রহ করে এটিকে আপডেট করুন ।"},{"$i":"notEnabledYet","$v":"এখনও সক্ষম করা হয় নি"},{"$i":"genericNoConnection","$v":"পরিচিতিগুলি আমদানী করতে WiFi বা ডেটা নেটওয়ার্কের সঙ্গে সংযুক্ত করুন"},{"$i":"bluetoothNoConnection","$v":"পরিচিতিগুলি রপ্তানি করতে ব্লুটুথ ডিভাইস সংযুক্ত করুন।"},{"$i":"simCard","$v":"সিম কার্ড"},{"$i":"memoryCard","$v":"মেমোরি কার্ড"},{"$i":"simNumberNoMSISDN","$v":["সিম ",{"t":"idOrVar","v":"number"},":"]},{"$i":"simNumberWithMSISDN","$v":["সিম ",{"t":"idOrVar","v":"number"},": ",{"t":"idOrVar","v":"msisdn"}]},{"$i":"ICEContactsGroup","$v":"ICE পরিচিতিগুলি"},{"$i":"setICEButton","$v":"ICE পরিচিতিগুলি সেট করুন"},{"$i":"ICESettingTitle","$v":"ICE পরিচিতিগুলি"},{"$i":"ICEDescription","$v":"জরুরী অবস্থায় কল করার জন্য পাঁচটি পরিচিতি যুক্ত করুন।"},{"$i":"ICEContact1","$v":"ICE পরিচিতি 1"},{"$i":"tcl-ice-contact-1-added","$v":"ICE পরিচিতি 1 যোগ করা হয়েছে"},{"$i":"ICESelectContact","$v":"একটি পরিচিতি নির্বাচন করুন"},{"$i":"ICEContact2","$v":"ICE পরিচিতি 2"},{"$i":"tcl-ice-contact-2-added","$v":"ICE পরিচিতি 2 যোগ করা হয়েছে"},{"$i":"ICERepeatedContact","$v":"এই পরিচিতিটি ইতিমধ্যেই একটি বিদ্যমান ICE পরিচিতি"},{"$i":"ICEUnknownError","$v":"ত্রুটির কারণে পরিচিতি ICE হিসেবে সেট করা যাচ্ছে না।"},{"$i":"ICEContactNoNumber","$v":"এই পরিচিতিতে কোনো ফোন নম্বর নেই"},{"$i":"ICEFacebookContactNotAllowed","$v":"ফেসবুকের পরিচিতিগুলিকে ICE পরিচিতি হিসেবে সেট করা যাবে না"},{"$i":"ICEContactDelTel","$v":"মুছে ফেলা ফোন নম্বর ICE পরিচিতি থেকে সরানো হয়েছে I"},{"$i":"ICEContactDelTelAll","$v":"সব নম্বরগুলি মুছে ফেলা হয়েছে। এই পরিচিতিটি ICE পরিচিতি থেকে সরানো হয়েছে ।"},{"$i":"delete-ice-contact-warning","$v":"আপনি কি ICE পরিচিতিটিকে সরাতে চান ?"},{"$i":"add","$v":"যোগ করুন"},{"$i":"no-contacts","$v":"কোনো পরিচিতি নেই"},{"$i":"start-adding","$v":"পরিচিতিগুলি যোগ করতে নতুন পরিচিতি কী টিপুন ।"},{"$i":"notImported","$v":"আমদানী করা হয় নি"},{"$i":"imported","$v":"আমদানী করা হয়েছে"},{"$i":"today","$v":"আজ"},{"$i":"yesterday","$v":"গতকাল"},{"$i":"messageCanceling","$v":"অনুগ্রহ করে অপেক্ষা করুন। আমরা চলতে থাকা অপারেশনটি বাতিল করছি ।"},{"$i":"organise-contacts","$v":"পরিচিতিগুলি সংগঠিত করুন"},{"$i":"find-merge-contacts","$v":"ডুপ্লিকেট পরিচিতিগুলি খুঁজুন"},{"$i":"preparing-contacts","$v":"পরিচিতিগুলি প্রস্তুত করছে"},{"$i":"exportError-SIM-NoFreeRecordFound","$v":"সিম কার্ড পূর্ণ"},{"$i":"exportError-SIM-CannotAccessPhoneBook","$v":"সিম কার্ডের ফোন বুক অ্যাক্সেস করা যাচ্ছে না"},{"$i":"exportError-SIM-Unavailable","$v":"কোনো সিম সনাক্ত হয় নি"},{"$i":"exportError-SIM-GenericError","$v":"পরিচিতি রপ্তানি করার সময় একটি ত্রুটি হয়েছে"},{"$i":"noSimMsgExport","$v":"পরিচিতিগুলি রপ্তানি করতে আপনার সিম কার্ড ঢোকান বা আনলক করুন"},{"$i":"noMemoryCardMsgExport","$v":"পরিচিতিগুলি রপ্তানি করতে মেমোরি কার্ড ঢোকান"},{"$i":"ContactManagementTitle","$v":"পরিচিতি পরিচালনা"},{"$i":"DeleteTitle","$v":"মুছুন"},{"$i":"bulkDeleteButton","$v":"যোগাযোগ মুছুন"},{"$i":"BulkDelCancel","$v":"পরিচিতিগুলি মুছে ফেলা বাতিল হয়েছে"},{"$i":"DeletedTxt","$v":{"zero":"মোছার জন্য কোনো পরিচিতি নেই","one":"1টি পরিচিতি সরানো হয়েছে","two":[{"t":"idOrVar","v":"n"},"টি পরিচিতি অপসারণ করা হয়েছে"],"few":[{"t":"idOrVar","v":"n"},"টি পরিচিতি অপসারণ করা হয়েছে"],"many":[{"t":"idOrVar","v":"n"},"টি পরিচিতি অপসারণ করা হয়েছে"],"other":[{"t":"idOrVar","v":"n"},"টি পরিচিতি অপসারণ করা হয়েছে"]},"$x":[{"t":"idOrVar","v":"plural"},"n"]},{"$i":"DeletingContacts","$v":"পরিচিতিগুলি মুছে ফেলছে"},{"$i":"ContactConfirmDel","$v":{"zero":"মোছার জন্য কোনো পরিচিতি নেই","one":"1 টি পরিচিতি মুছবেন? এটি পুনঃউদ্ধার করা যাবে না।","two":[{"t":"idOrVar","v":"n"}," পরিচিতিগুলি মুছবেন? এটি পুনঃউদ্ধার করা যাবে না।"],"few":[{"t":"idOrVar","v":"n"}," পরিচিতিগুলি মুছবেন? এটি পুনঃউদ্ধার করা যাবে না।"],"many":[{"t":"idOrVar","v":"n"}," পরিচিতিগুলি মুছবেন? এটি পুনঃউদ্ধার করা যাবে না।"],"other":[{"t":"idOrVar","v":"n"}," পরিচিতিগুলি মুছবেন? এটি পুনঃউদ্ধার করা যাবে না।"]},"$x":[{"t":"idOrVar","v":"plural"},"n"]},{"$i":"SelectedTxt","$v":{"zero":[{"t":"idOrVar","v":"n"},"টি নির্বাচিত"],"one":[{"t":"idOrVar","v":"n"},"টি নির্বাচিত"],"two":[{"t":"idOrVar","v":"n"},"টি নির্বাচিত"],"few":[{"t":"idOrVar","v":"n"},"টি নির্বাচিত"],"many":[{"t":"idOrVar","v":"n"},"টি নির্বাচিত"],"other":[{"t":"idOrVar","v":"n"},"টি নির্বাচিত"]},"$x":[{"t":"idOrVar","v":"plural"},"n"]},{"$i":"video","$v":"ভিডিও"},{"$i":"audio","$v":"অডিও"},{"$i":"pick_destination","$v":[{"t":"idOrVar","v":"destination"}," ",{"t":"idOrVar","v":"carrier"}]},{"$i":"removeField","ariaLabel":"সরান"},{"$i":"undo","ariaLabel":"আনডু"},{"$i":"send-sms-button","ariaLabel":"SMS"},{"$i":"ice_contacts","$v":"ICE পরিচিতিগুলি"},{"$i":"edit-picture","$v":"ছবি সম্পাদনা করুন"},{"$i":"remove-photo","$v":"চিত্র সরান"},{"$i":"change-photo","$v":"ছবি পরিবর্তন করুন"},{"$i":"photo-options","$v":"ফটোর বিকল্পগুলি"},{"$i":"tcl-all","$v":"সমস্ত"},{"$i":"tcl-speed-dial","$v":"স্পীড ডায়াল"},{"$i":"tcl-new-contact","$v":"নতুন পরিচিতি"},{"$i":"tcl-settings","$v":"সেটিংস"},{"$i":"tcl-save","$v":"সেভ করুন"},{"$i":"save","$v":"সেভ করুন"},{"$i":"tcl-add","$v":"যোগ করুন"},{"$i":"tcl-contact-add-ringtone","$v":"রিংটোন যোগ করুন"},{"$i":"tcl-custom-dialog-title-default","$v":"নিশ্চিতকরণ"},{"$i":"confirm-dialog-title-default","$v":"নিশ্চিতকরণ"},{"$i":"discard","$v":"খারিজ করুন"},{"$i":"custom-tag-title","$v":"কাস্টম ট্যাগ"},{"$i":"tcl-contact-added","$v":"পরিচিতি যোগ করা হয়েছে"},{"$i":"tcl-contact-updated","$v":"পরিচিতির বিবরণ আপডেট করা হয়েছে"},{"$i":"tcl-contact-removed","$v":"পরিচিতি মোছা হয়েছে"},{"$i":"tcl-contact-unremoved","$v":"অপসারণ করতে অক্ষম"},{"$i":"edit-phone-type","$v":"ফোন প্রকার সম্পাদনা করুন"},{"$i":"edit-email-type","$v":"ইমেল প্রকার সম্পাদনা করুন"},{"$i":"edit-address-type","$v":"ঠিকানার প্রকার সম্পাদনা করুন"},{"$i":"edit-date-type","$v":"তারিখ প্রকার সম্পাদনা করুন"},{"$i":"tcl-select-phone-type","$v":"ফোনের প্রকার নির্বাচন করুন"},{"$i":"tcl-select-email-type","$v":"ইমেলের প্রকার নির্বাচন করুন"},{"$i":"tcl-select-address-type","$v":"ঠিকানার প্রকার নির্বাচন করুন"},{"$i":"tcl-select-date-type","$v":"তারিখের প্রকার নির্বাচন করুন"},{"$i":"add-phone","$v":"ফোন নম্বর যোগ করুন"},{"$i":"add-email","$v":"ইমেল যোগ করুন"},{"$i":"add-address","$v":"ঠিকানা যোগ করুন"},{"$i":"add-date","$v":"তারিখ যোগ করুন"},{"$i":"add-phone-type","$v":"ফোনের প্রকার"},{"$i":"add-email-type","$v":"ইমেলের প্রকার"},{"$i":"add-address-type","$v":"ঠিকানার প্রকার"},{"$i":"add-date-type","$v":"তারিখে প্রকার"},{"$i":"delete-phone","$v":"ফোন নম্বর মুছুন"},{"$i":"delete-email","$v":"ইমেল মুছুন"},{"$i":"delete-address","$v":"ঠিকানা মুছুন"},{"$i":"delete-date","$v":"তারিখ মুছুন"},{"$i":"delete-note","$v":"নোট মুছুন"},{"$i":"delete-comment-warning","$v":"আপনি কি নোটটিকে মুছে ফেলতে চান ?"},{"$i":"tcl-deleting-messages-phone","$v":["আপনি কি ফোনটিকে মুছে ফেলতে চান: \"",{"t":"idOrVar","v":"type_name"},"\" ?"]},{"$i":"tcl-deleting-messages-email","$v":["আপনি কি ইমেলটিকে মুছে ফেলতে চান: \"",{"t":"idOrVar","v":"type_name"},"\" ?"]},{"$i":"tcl-deleting-messages-address","$v":["আপনি কি ঠিকানাটিকে মুছে ফেলতে চান: \"",{"t":"idOrVar","v":"type_name"},"\" ?"]},{"$i":"tcl-deleting-messages-date","$v":"আপনি কি তারিখটিকে মুছে ফেলতে চান ?"},{"$i":"deleting-message-warning","$v":["আপনি কি নিশ্চিত যে আপনি \"",{"t":"idOrVar","v":"type_name"},"\" মুছে ফেলতে চান ?"]},{"$i":"tcl-deleting-messages-comment","$v":"আপনি কি মন্তব্যটিকে মুছে ফেলতে চান ?"},{"$i":"delecting-messages-contact","$v":["আপনি কি \"",{"t":"idOrVar","v":"type_name"},"\" পরিচিতিটিকে মুছে ফেলতে চান ?"]},{"$i":"delecting-this-contact","$v":"এই পরিচিতিটি মুছুন ?"},{"$i":"deleting-messages-ringtone","$v":"আপনি কি রিংটোনটিকে মুছে ফেলতে চান ?"},{"$i":"deleting-messages-picture","$v":"আপনি কি ছবিটিকে সরাতে চান ?"},{"$i":"tcl-deleting-notification-ringtone","$v":"রিংটোন মোছে হয়েছে"},{"$i":"tcl-deleting-notification-comment","$v":"মন্তব্য মোছা হয়েছে"},{"$i":"note","$v":"নোট"},{"$i":"address","$v":"ঠিকানা"},{"$i":"tcl-noContacts","$v":"পরিচিতির তালিকা খালি থাকার জন্য পরিচিতিতে যোগ করা যাচ্ছে না I"},{"$i":"tcl-noContacts-no-email","$v":"ইমেলে কোনো পরিচিতি না থাকার জন্য পরিচিতিতে যোগ করা যাচ্ছে না I"},{"$i":"tcl-noContacts-no-tel","$v":"ফোন নম্বর সহ কোনো পরিচিতি না থাকার জন্য পরিচিতিতে যোগ করা যাচ্ছে না I"},{"$i":"tcl-noContactsTitle","$v":"কোনো পরিচিতি নেই"},{"$i":"tcl-change-voice-mail","$v":"ভয়েস মেল নম্বর পরিবর্তন করুন"},{"$i":"tcl-replace","$v":"বদল করুন"},{"$i":"tcl-remove-speed-dial","$v":"স্পীড ডায়াল থেকে সরান"},{"$i":"tcl-notification-speed-dial-added","$v":"স্পীড ডায়াল নম্বর যোগ করা হয়েছে"},{"$i":"tcl-notification-speed-dial-removed","$v":"স্পীড ডায়াল নম্বর সরানো হয়েছে"},{"$i":"tcl-notification-speed-dial-updated","$v":"স্পীড ডায়াল নম্বর আপডেট করা হয়েছে"},{"$i":"tcl-notification-voice-mail-updated","$v":"ভয়েস মেল নম্বর আপডেট করা হয়েছে"},{"$i":"tcl-notification-contact-assigned","$v":"স্পীড ডায়ালের জন্য পরিচিত অ্যাসাইন করা হয়েছে"},{"$i":"empty","$v":"খালি"},{"$i":"tcl-voice-mail","$v":"ভয়েস মেল"},{"$i":"contact-confirm-save","$v":"পরিচিতির তথ্য বাতিল করা হবে। আপনি কি এই পরিচিতিটি সেভ করতে চান?"},{"$i":"contact-confirm-form-save","$v":"পরিবর্তনগুলি বাতিল করা হবে। আপনি কি এই পরিচিতিটি সেভ করতে চান ?"},{"$i":"tcl-yes","$v":"হ্যাঁ"},{"$i":"tcl-no","$v":"না"},{"$i":"tcl-default-ringtone","$v":"ডিফল্ট রিংটোন"},{"$i":"tcl-add-ringtone","$v":"রিংটোন্স"},{"$i":"tcl-ringtone","$v":"রিংটোন"},{"$i":"change-ringtone","$v":"রিংটোন পরিবর্তন করুন"},{"$i":"delete-ringtone","$v":"রিংটোন মুছুন"},{"$i":"tcl-settings-title","$v":"পরিচিতি সেটিংস"},{"$i":"settings-sort-contacts-title","$v":"পরিচিতিগুলি ক্রমানুসারে সাজান"},{"$i":"tcl-oder-notification","$v":"পরিবর্তনগুলি সেভ করা হয়েছে"},{"$i":"changes-saved-notification","$v":"পরিবর্তনগুলি সেভ করা হয়েছে।"},{"$i":"tcl-imported-status","$v":[{"t":"idOrVar","v":"n"}," পরিচিতি আমদানী করা হয়েছে ",{"t":"idOrVar","v":"numDups"}," পরিচিতি মার্জ করা হয়েছে"]},{"$i":"tcl-on","$v":"অন"},{"$i":"tcl-off","$v":"অফ"},{"$i":"on","$v":"অন"},{"$i":"off","$v":"অফ"},{"$i":"tcl-contact-empty-number","$v":"ফোন নম্বর খালি"},{"$i":"contact-no-dial-number","$v":"ডায়াল করার জন্য কোনো নম্বর নেই ।"},{"$i":"tcl-select-number","$v":"নম্বর নির্বাচন করুন"},{"$i":"tcl-select-email","$v":"ইমেল নির্বাচন করুন"},{"$i":"select-email","$v":"ইমেল নির্বাচন করুন"},{"$i":"tcl-send-message","$v":"বার্তা পাঠান"},{"$i":"send-email","$v":"মেল পাঠান"},{"$i":"tcl-share","$v":"শেয়ার করুন"},{"$i":"tcl-find-duplicate","$v":"ডুপ্লিকেট পরিচিতিগুলি খুঁজুন"},{"$i":"tcl-add-favorite","$v":"পছন্দ হিসেবে যোগ করুন"},{"$i":"tcl-remove-favorite","$v":"পছন্দ থেকে সরান"},{"$i":"tcl-link-social-networks","$v":"সামাজিক নেটওয়ার্কগুলিতে লিঙ্ক করুন"},{"$i":"tcl-delete","$v":"মুছুন"},{"$i":"tcl-detail-send-sms","$v":"নতুন SMS"},{"$i":"tcl-detail-call","$v":"কল"},{"$i":"tcl-detail-send-email","$v":"রচনা করুন"},{"$i":"sms","$v":"বার্তা"},{"$i":"tcl-search-contact","$v":"অনুসন্ধান করুন"},{"$i":"tcl-number","$v":["নম্বর ",{"t":"idOrVar","v":"number"}]},{"$i":"tcl-custom-dialog-replace-speed-dial","$v":["আপনি কি ",{"t":"idOrVar","v":"oldSpeedDial"},"-কে ",{"t":"idOrVar","v":"newSpeedDial"},"-এর সাথে বদল করতে চান?"]},{"$i":"custom-dialog-remove-speed-dial","$v":["আপনি কি স্পীড ডায়াল থেকে ",{"t":"idOrVar","v":"name"},"-কে সরাতে চান?"]},{"$i":"tcl-options","$v":"বিকল্পগুলি"},{"$i":"tcl-success-merged","$v":[{"t":"idOrVar","v":"number"},"টি পরিচিতি মার্জ করা হয়েছে"]},{"$i":"tcl-contact-confirm-merge","$v":["আপনি কি ",{"t":"idOrVar","v":"name"},"-এর সাথে ",{"t":"idOrVar","v":"count"},"টি পরিচিতিকে একত্রিত করতে চান ?"]},{"$i":"tcl-merge","$v":"মার্জ করুন"},{"$i":"add-speed-dial-failed-title","$v":"স্পীড ডায়াল যোগ করা ব্যর্থ হয়েছে"},{"$i":"add-speed-dial-failed-content","$v":[{"t":"idOrVar","v":"name"}," ইতিমধ্যেই স্পীড ডায়ালে রয়েছে, অনুগ্রহ করে আরেকটি পরিচিতি চয়ন করুন ।"]},{"$i":"merge","$v":"মার্জ করুন"},{"$i":"tcl-attention","$v":"মনোযোগ"},{"$i":"attention","$v":"মনোযোগ"},{"$i":"tcl-speed-dial-add-contact","$v":{"$o":"কোনো পরিচিতি নেই।<br><br>অনুগ্রহ করে একটি পরিচিতি তৈরি করুন ।"}},{"$i":"tcl-voice-mail-header","$v":"ভয়েস মেল"},{"$i":"tcl-voice-mail-number","$v":"ভয়েস মেল নম্বর"},{"$i":"tcl-select-all","$v":"সব নির্বাচন করুন"},{"$i":"tcl-deselect-all","$v":"সব অনির্বাচন করুন"},{"$i":"systemring","$v":"রিংটোন"},{"$i":"moremusic","$v":"সঙ্গীত"},{"$i":"tcl-add-ringselect","$v":"থেকে নির্বাচন করুন"},{"$i":"type-select","$v":"নির্বাচন করুন"},{"$i":"dialnum-view","$v":"দেখুন"},{"$i":"select-a-contact-title","$v":"একটি পরিচিতি নির্বাচন করুন"},{"$i":"select-a-number-title","$v":"একটি নম্বর নির্বাচন করুন"},{"$i":"invalid-vcf-file","$v":"অবৈধ vcf ফাইল"},{"$i":"voiceMail","$v":"ভয়েসমেল"},{"$i":"back","$v":"ফিরে যান"},{"$i":"noSimMsg","$v":"পরিচিতিগুলি আমদানী করতে আপনার সিম কার্ড ঢোকান বা আনলক করুন"},{"$i":"noMemoryCardMsg","$v":"পরিচিতিগুলি আমদানী করতে মেমোরি কার্ড ঢোকান"},{"$i":"importMemoryCard","$v":"মেমোরি কার্ড"},{"$i":"noConnection11","$v":"ফেসবুক ফ্রেন্ডস্ বা পরিচিতিগুলি আমদানী করতে WiFi বা ডেটা নেটওয়ার্কের সঙ্গে সংযুক্ত করুন"},{"$i":"emptyAccount","$v":"এই অ্যাকাউন্টে কোনো ফ্রেন্ড বা পরিচিতি খুঁজে পাওয়া যায় নি ।"},{"$i":"simContacts-import","$v":"সিম পরিচিতিগুলি আমদানী করুন"},{"$i":"simContacts-importing","$v":"সিম কার্ড থেকে পরিচিতিগুলি আমদানী করছে"},{"$i":"simContacts-reading","$v":"সিম কার্ড থেকে পরিচিতিগুলি পড়ছে"},{"$i":"simContacts-error","$v":"সিম থেকে পরিচিতিগুলি আমদানী করা যায়নি"},{"$i":"simContacts-imported3","$v":{"zero":"আমদানী করতে সিম-এ কোনো পরিচিতি সনাক্ত করা যায় নি","one":"একটি পরিচিতি আমদানী করা হয়েছে","two":[{"t":"idOrVar","v":"n"}," পরিচিতি আমদানী করা হয়েছে"],"few":[{"t":"idOrVar","v":"n"}," পরিচিতি আমদানী করা হয়েছে"],"many":[{"t":"idOrVar","v":"n"}," পরিচিতি আমদানী করা হয়েছে"],"other":[{"t":"idOrVar","v":"n"}," পরিচিতি আমদানী করা হয়েছে"]},"$x":[{"t":"idOrVar","v":"plural"},"n"]},{"$i":"memoryCardContacts-import","$v":"মেমোরি কার্ড থেকে পরিচিতিগুলি আমদানী করুন"},{"$i":"memoryCardContacts-importing","$v":"মেমোরি কার্ড থেকে পরিচিতিগুলি আমদানী করছে..."},{"$i":"memoryCardContacts-reading","$v":"মেমোরি কার্ড থেকে পরিচিতিগুলি পড়ছে"},{"$i":"memoryCardContacts-error","$v":"মেমোরি কার্ড থেকে পরিচিতিগুলি আমদানী করা যায় নি"},{"$i":"memoryCardContacts-imported3","$v":{"zero":"আমদানী করতে মেমোরি কার্ডে কোনো পরিচিতি সনাক্ত করা যায় নি","one":"একটি পরিচিতি আমদানী করা হয়েছে","two":[{"t":"idOrVar","v":"n"}," পরিচিতি আমদানী করা হয়েছে"],"few":[{"t":"idOrVar","v":"n"}," পরিচিতি আমদানী করা হয়েছে"],"many":[{"t":"idOrVar","v":"n"}," পরিচিতি আমদানী করা হয়েছে"],"other":[{"t":"idOrVar","v":"n"}," পরিচিতি আমদানী করা হয়েছে"]},"$x":[{"t":"idOrVar","v":"plural"},"n"]},{"$i":"genericProgress","$v":[{"t":"idOrVar","v":"current"},"/",{"t":"idOrVar","v":"total"}]},{"$i":"facebook","$v":"ফেসবুক"},{"$i":"facebook-import-msg2","$v":[{"t":"idOrVar","v":"imported"},"/",{"t":"idOrVar","v":"total"}," ফ্রেন্ডস্ আমদানী করা হয়েছে"]},{"$i":"contactsMerged","$v":{"zero":"কোনো ডুপ্লিকেট পরিচিতি মার্জ করা হয় নি","one":"একটি ডুপ্লিকেট পরিচিতি মার্জ করা হয়েছে","two":[{"t":"idOrVar","v":"numDups"},"টি পরিচিতি মার্জ করা হয়েছে"],"few":[{"t":"idOrVar","v":"numDups"},"টি পরিচিতি মার্জ করা হয়েছে"],"many":[{"t":"idOrVar","v":"numDups"},"টি পরিচিতি মার্জ করা হয়েছে"],"other":[{"t":"idOrVar","v":"numDups"},"টি পরিচিতি মার্জ করা হয়েছে"]},"$x":[{"t":"idOrVar","v":"plural"},"numDups"]},{"$i":"weekday-0-long","$v":"রবিবার"},{"$i":"weekday-1-long","$v":"সোমবার"},{"$i":"weekday-2-long","$v":"মঙ্গলবার"},{"$i":"weekday-3-long","$v":"বুধবার"},{"$i":"weekday-4-long","$v":"বৃহস্পতিবার"},{"$i":"weekday-5-long","$v":"শুক্রবার"},{"$i":"weekday-6-long","$v":"শনিবার"},{"$i":"weekday-0-short","$v":"রবি"},{"$i":"weekday-1-short","$v":"সোম"},{"$i":"weekday-2-short","$v":"মঙ্গল"},{"$i":"weekday-3-short","$v":"বুধ"},{"$i":"weekday-4-short","$v":"বৃহস্পতি"},{"$i":"weekday-5-short","$v":"শুক্র"},{"$i":"weekday-6-short","$v":"শনি"},{"$i":"month-0-long","$v":"জানুয়ারি"},{"$i":"month-1-long","$v":"ফেব্রুয়ারি"},{"$i":"month-2-long","$v":"মার্চ"},{"$i":"month-3-long","$v":"এপ্রিল"},{"$i":"month-4-long","$v":"মে"},{"$i":"month-5-long","$v":"জুন"},{"$i":"month-6-long","$v":"জুলাই"},{"$i":"month-7-long","$v":"আগস্ট"},{"$i":"month-8-long","$v":"সেপ্টেম্বর"},{"$i":"month-9-long","$v":"অক্টোবর"},{"$i":"month-10-long","$v":"নভেম্বর"},{"$i":"month-11-long","$v":"ডিসেম্বর"},{"$i":"month-0-genitive","$v":"জানুয়ারি"},{"$i":"month-1-genitive","$v":"ফেব্রুয়ারি"},{"$i":"month-2-genitive","$v":"মার্চ"},{"$i":"month-3-genitive","$v":"এপ্রিল"},{"$i":"month-4-genitive","$v":"মে"},{"$i":"month-5-genitive","$v":"জুন"},{"$i":"month-6-genitive","$v":"জুলাই"},{"$i":"month-7-genitive","$v":"আগস্ট"},{"$i":"month-8-genitive","$v":"সেপ্টেম্বর"},{"$i":"month-9-genitive","$v":"অক্টোবর"},{"$i":"month-10-genitive","$v":"নভেম্বর"},{"$i":"month-11-genitive","$v":"ডিসেম্বর"},{"$i":"month-0-short","$v":"জানুয়ারী"},{"$i":"month-1-short","$v":"ফেব্রুয়ারি"},{"$i":"month-2-short","$v":"মার্চ"},{"$i":"month-3-short","$v":"এপ্রিল"},{"$i":"month-4-short","$v":"মে"},{"$i":"month-5-short","$v":"জুন"},{"$i":"month-6-short","$v":"জুলাই"},{"$i":"month-7-short","$v":"আগস্ট"},{"$i":"month-8-short","$v":"সেপ্টেম্বর"},{"$i":"month-9-short","$v":"অক্টোবর"},{"$i":"month-10-short","$v":"নভেম্বর"},{"$i":"month-11-short","$v":"ডিসেম্বর"},{"$i":"minutes-ago-long","$v":{"zero":"এখনই","one":"এক মিনিট আগে","two":[{"t":"idOrVar","v":"value"}," মিনিট আগে"],"few":[{"t":"idOrVar","v":"value"}," মিনিট আগে"],"many":[{"t":"idOrVar","v":"value"}," মিনিট আগে"],"other":[{"t":"idOrVar","v":"value"}," মিনিট আগে"]},"$x":[{"t":"idOrVar","v":"plural"},"value"]},{"$i":"hours-ago-long","$v":{"zero":"এখনই","one":"এক ঘন্টা আগে","two":[{"t":"idOrVar","v":"value"}," ঘন্টা আগে"],"few":[{"t":"idOrVar","v":"value"}," ঘন্টা আগে"],"many":[{"t":"idOrVar","v":"value"}," ঘন্টা আগে"],"other":[{"t":"idOrVar","v":"value"}," ঘন্টা আগে"]},"$x":[{"t":"idOrVar","v":"plural"},"value"]},{"$i":"days-ago-long","$v":{"zero":"আজ","one":"গতকাল","two":[{"t":"idOrVar","v":"value"}," দিন আগে"],"few":[{"t":"idOrVar","v":"value"}," দিন আগে"],"many":[{"t":"idOrVar","v":"value"}," দিন আগে"],"other":[{"t":"idOrVar","v":"value"}," দিন আগে"]},"$x":[{"t":"idOrVar","v":"plural"},"value"]},{"$i":"weeks-ago-long","$v":{"zero":"এই সপ্তাহ","one":"গত সপ্তাহ","two":[{"t":"idOrVar","v":"value"}," সপ্তাহ আগে"],"few":[{"t":"idOrVar","v":"value"}," সপ্তাহ আগে"],"many":[{"t":"idOrVar","v":"value"}," সপ্তাহ আগে"],"other":[{"t":"idOrVar","v":"value"}," সপ্তাহ আগে"]},"$x":[{"t":"idOrVar","v":"plural"},"value"]},{"$i":"months-ago-long","$v":{"zero":"এই মাস","one":"গত মাস","two":[{"t":"idOrVar","v":"value"}," মাস আগে"],"few":[{"t":"idOrVar","v":"value"}," মাস আগে"],"many":[{"t":"idOrVar","v":"value"}," মাস আগে"],"other":[{"t":"idOrVar","v":"value"}," মাস আগে"]},"$x":[{"t":"idOrVar","v":"plural"},"value"]},{"$i":"years-ago-long","$v":{"zero":"এই বছর","one":"গত বছর","two":[{"t":"idOrVar","v":"value"}," বছর আগে"],"few":[{"t":"idOrVar","v":"value"}," বছর আগে"],"many":[{"t":"idOrVar","v":"value"}," বছর আগে"],"other":[{"t":"idOrVar","v":"value"}," বছর আগে"]},"$x":[{"t":"idOrVar","v":"plural"},"value"]},{"$i":"minutes-until-long","$v":{"zero":"এখন","one":"এক মিনিটে","two":[{"t":"idOrVar","v":"value"}," মিনিটে"],"few":[{"t":"idOrVar","v":"value"}," মিনিটে"],"many":[{"t":"idOrVar","v":"value"}," মিনিটে"],"other":[{"t":"idOrVar","v":"value"}," মিনিটে"]},"$x":[{"t":"idOrVar","v":"plural"},"value"]},{"$i":"hours-until-long","$v":{"zero":"এখন","one":"এক ঘন্টায়","two":[{"t":"idOrVar","v":"value"}," ঘন্টায়"],"few":[{"t":"idOrVar","v":"value"}," ঘন্টায়"],"many":[{"t":"idOrVar","v":"value"}," ঘন্টায়"],"other":[{"t":"idOrVar","v":"value"}," ঘন্টায়"]},"$x":[{"t":"idOrVar","v":"plural"},"value"]},{"$i":"days-until-long","$v":{"zero":"আজ","one":"আগামীকাল","two":[{"t":"idOrVar","v":"value"}," দিনে"],"few":[{"t":"idOrVar","v":"value"}," দিনে"],"many":[{"t":"idOrVar","v":"value"}," দিনে"],"other":[{"t":"idOrVar","v":"value"}," দিনে"]},"$x":[{"t":"idOrVar","v":"plural"},"value"]},{"$i":"weeks-until-long","$v":{"zero":"এই সপ্তাহ","one":"পরের সপ্তাহ","two":[{"t":"idOrVar","v":"value"}," সপ্তাহে"],"few":[{"t":"idOrVar","v":"value"}," সপ্তাহে"],"many":[{"t":"idOrVar","v":"value"}," সপ্তাহে"],"other":[{"t":"idOrVar","v":"value"}," সপ্তাহে"]},"$x":[{"t":"idOrVar","v":"plural"},"value"]},{"$i":"months-until-long","$v":{"zero":"এই মাস","one":"পরের মাস","two":[{"t":"idOrVar","v":"value"}," মাসে"],"few":[{"t":"idOrVar","v":"value"}," মাসে"],"many":[{"t":"idOrVar","v":"value"}," মাসে"],"other":[{"t":"idOrVar","v":"value"}," মাসে"]},"$x":[{"t":"idOrVar","v":"plural"},"value"]},{"$i":"years-until-long","$v":{"zero":"এই বছর","one":"পরের বছর","two":[{"t":"idOrVar","v":"value"}," বছরে"],"few":[{"t":"idOrVar","v":"value"}," বছরে"],"many":[{"t":"idOrVar","v":"value"}," বছরে"],"other":[{"t":"idOrVar","v":"value"}," বছরে"]},"$x":[{"t":"idOrVar","v":"plural"},"value"]},{"$i":"minutes-ago-short","$v":{"zero":"এখনই","other":[{"t":"idOrVar","v":"value"},"মিনিট আগে"]},"$x":[{"t":"idOrVar","v":"plural"},"value"]},{"$i":"hours-ago-short","$v":{"zero":"এখনই","other":[{"t":"idOrVar","v":"value"},"ঘন্টা আগে"]},"$x":[{"t":"idOrVar","v":"plural"},"value"]},{"$i":"days-ago-short","$v":{"zero":"আজ","other":[{"t":"idOrVar","v":"value"},"দিন আগে"]},"$x":[{"t":"idOrVar","v":"plural"},"value"]},{"$i":"minutes-until-short","$v":{"zero":"এখন","other":[{"t":"idOrVar","v":"value"},"মাসে"]},"$x":[{"t":"idOrVar","v":"plural"},"value"]},{"$i":"hours-until-short","$v":{"zero":"এখন","other":[{"t":"idOrVar","v":"value"},"ঘন্টায়"]},"$x":[{"t":"idOrVar","v":"plural"},"value"]},{"$i":"days-until-short","$v":{"zero":"আজ","other":[{"t":"idOrVar","v":"value"},"দিনে"]},"$x":[{"t":"idOrVar","v":"plural"},"value"]},{"$i":"incorrectDate","$v":"(ভুল তারিখ)"},{"$i":"dateTimeFormat_%c","$v":"%a %b %e %Y %I:%M:%S %p"},{"$i":"dateTimeFormat_%x","$v":"%m/%d/%Y"},{"$i":"dateTimeFormat_%X","$v":"%I:%M:%S %p"},{"$i":"shortTimeFormat","$v":"%I:%M %p"},{"$i":"shortTimeFormat12","$v":"%I:%M %p"},{"$i":"shortTimeFormat24","$v":"%H:%M"},{"$i":"shortDateTimeFormat","$v":"%x %I:%M %p"},{"$i":"weekStartsOnMonday","$v":"0"},{"$i":"firstDayOfTheWeek","$v":"0"},{"$i":"time_am","$v":"AM"},{"$i":"time_pm","$v":"PM"},{"$i":"label","$v":"লেবেল"},{"$i":"mobile","$v":"মোবাইল"},{"$i":"home","$v":"হোম"},{"$i":"work","$v":"ওয়ার্ক"},{"$i":"personal","$v":"ব্যক্তিগত"},{"$i":"faxHome","$v":"Fax হোম"},{"$i":"faxOffice","$v":"Fax অফিস"},{"$i":"faxOther","$v":"Fax অন্যান্য"},{"$i":"another","$v":"অন্য"},{"$i":"other","$v":"অন্যান্য"},{"$i":"tcl-customTag","$v":"কাস্টম ট্যাগ"},{"$i":"customTag","$v":"কাস্টম ট্যাগ","placeholder":"কাস্টম ট্যাগ"},{"$i":"current","$v":"বর্তমান"},{"$i":"itemWithLabel","$v":[{"t":"idOrVar","v":"label"},", ",{"t":"idOrVar","v":"item"}]},{"$i":"waitDuplicateContacts","$v":"ডুপ্লিকেট পরিচিতিগুলি খুঁজছে"},{"$i":"waitMergingDuplicateContacts","$v":"সদৃশ পরিচিতিগুলি মার্জ হচ্ছে"},{"$i":"alertNoDuplicateContacts","$v":"কোনো ডুপ্লিকেট পরিচিতি খুঁজে পাওয়া যায় নি"},{"$i":"curtainCancel","$v":"বাতিল করুন"},{"$i":"close","$v":"বন্ধ করুন"},{"$i":"mergeDuplicateTitle","$v":"ডুপ্লিকেট পাওয়া গেছে"},{"$i":"suggestedDuplicatesMessage","innerHTML":{"$o":["<bdi>",{"t":"idOrVar","v":"name"},"</bdi>-এর জন্য পরামর্শ করা ডুপ্লিকেট পরিচিতি"]}},{"$i":"mergeActionButtonLabel","$v":{"zero":"কোনো পরিচিতি নির্বাচিত নেই","one":[{"t":"idOrVar","v":"n"},"টি পরিচিতির সাথে মার্জ করুন"],"two":[{"t":"idOrVar","v":"n"},"টি পরিচিতির সাথে মার্জ করুন"],"few":[{"t":"idOrVar","v":"n"},"টি পরিচিতির সাথে মার্জ করুন"],"many":[{"t":"idOrVar","v":"n"},"টি পরিচিতির সাথে মার্জ করুন"],"other":[{"t":"idOrVar","v":"n"},"টি পরিচিতির সাথে মার্জ করুন"]},"$x":[{"t":"idOrVar","v":"plural"},"n"]},{"$i":"duplicatesFoundTitle","$v":"ডুপ্লিকেট পাওয়া গেছে"},{"$i":"foundDuplicatesMessage","innerHTML":"নিম্নলিখিত পরিচিতিগুলিতে ডুপ্লিকেট তথ্য খুজে পাওয়া গেছে আপনি কি মার্জ করতে চান?"},{"$i":"tcl-merge-selected-counts","$v":[{"t":"idOrVar","v":"n"},"টি নির্বাচিত"]},{"$i":"tcl-wait-duplicate-contacts","$v":"ডুপ্লিকেট পরিচিতিগুলি খুঁজুন"},{"$i":"tcl-wait-txt","$v":"ডুপ্লিকেট পরিচিতিগুলি খুজছে..."},{"$i":"import","$v":"আমদানী করুন"},{"$i":"fbFriends","$v":"ফেসবুকে ফ্রেন্ডস্"},{"$i":"live-serviceName","$v":"আউটলুক"},{"$i":"gmail-serviceName","$v":"জিমেইল"},{"$i":"facebook-serviceName","$v":"ফেসবুকে ফ্রেন্ডস্"},{"$i":"viewAll","$v":"সমস্ত ফেসবুক ফ্রেন্ডস্ দেখুন"},{"$i":"viewRecommend","$v":"কেবলমাত্র প্রস্তাবিত বিষয়টি দেখুন"},{"$i":"linkProposal","$v":{"zero":"কোনো মানানসই বন্ধু নেই। সব দেখাচ্ছে","one":"সুপারিশকৃতটির মধ্যে একটি নির্বাচন করুন","two":"সুপারিশকৃত একটি নির্বাচন করুন","few":"সুপারিশকৃত একটি নির্বাচন করুন","many":"সুপারিশকৃত একটি নির্বাচন করুন","other":"সুপারিশকৃত একটি নির্বাচন করুন"},"$x":[{"t":"idOrVar","v":"plural"},"numFriends"]},{"$i":"fbFriendsFound","$v":{"zero":"আপনার সমস্ত ফ্রেন্ডস্ আমদানী করা হয়েছে","one":"আমদানী করতে একজন ফ্রেন্ড পাওয়া গেছে","two":["আমদানী করতে ",{"t":"idOrVar","v":"numFriends"}," ফ্রেন্ডস্ পাওয়া গেছে"],"few":["আমদানী করতে ",{"t":"idOrVar","v":"numFriends"}," ফ্রেন্ডস্ পাওয়া গেছে"],"many":["আমদানী করতে ",{"t":"idOrVar","v":"numFriends"}," ফ্রেন্ডস্ পাওয়া গেছে"],"other":["আমদানী করতে ",{"t":"idOrVar","v":"numFriends"}," ফ্রেন্ডস্ পাওয়া গেছে"]},"$x":[{"t":"idOrVar","v":"plural"},"numFriends"]},{"$i":"fbNoFriends","$v":"আমদানী করার জন্য কোনো পরিচিতি নেই"},{"$i":"done-search","$v":"সম্পন্ন"},{"$i":"progressFB3ImportTitle","$v":"পরিচিতিতে ফ্রেন্ডস্ আমদানী করছে"},{"$i":"progressFB","$v":[{"t":"idOrVar","v":"current"},"/",{"t":"idOrVar","v":"total"}]},{"$i":"progressFB3UpdateTitle","$v":"পরিচিতিতে ফ্রেন্ডস্ আপডেট করা হচ্ছে"},{"$i":"message2","$v":"এটির জন্য কয়েক মিনিট সময় লাগতে পারে"},{"$i":"messageLinking","$v":"অনুগ্রহ করে অপেক্ষা করুন। আমরা আপনার বন্ধু এবং আপনার পরিচিতিকে সংযুক্ত করছি ।"},{"$i":"error1","$v":[{"t":"idOrVar","v":"from"}," ত্রুটি"]},{"$i":"error2","$v":"আপনি কি আবার চেষ্টা করতে চান ?"},{"$i":"errorProposal","$v":"প্রস্তাব ক্যালকুলেট করা হচ্ছে"},{"$i":"errorFriends","$v":"ফ্রেন্ডস্ পুনরুদ্ধার করা হচ্ছে"},{"$i":"errorLinking","$v":"পরিচিতি লিঙ্ক হচ্ছে"},{"$i":"timeout1","$v":[{"t":"idOrVar","v":"from"}," টাইমআউট পেরিয়ে গেছে"]},{"$i":"timeout2","$v":"আপনি কি আবার চেষ্টা করতে চান ?"},{"$i":"timeoutProposal","$v":"প্রস্তাব ক্যালকুলেট করা হচ্ছে"},{"$i":"timeoutFriends","$v":"ফ্রেন্ডস্ পুনরুদ্ধার করা হচ্ছে"},{"$i":"timeoutLinking","$v":"পরিচিতিগুলি লিঙ্ক হচ্ছে"},{"$i":"wait1","$v":"অনুগ্রহ করে অপেক্ষা করুন"},{"$i":"wait2","$v":"এটির জন্য কয়েক মিনিট সময় লাগতে পারে"},{"$i":"waitProposal","$v":"অনুগ্রহ করে অপেক্ষা করুন। আমরা একটি প্রস্তাব গণনা করছি ।"},{"$i":"waitFriends","$v":"অনুগ্রহ করে অপেক্ষা করুন। আমরা আপনার ফ্রেন্ড লিস্ট পেতে সংযোগ করছি ।"},{"$i":"curtainRetry","$v":"পুনরায় চেষ্টা করুন"},{"$i":"curtainOK","$v":"ঠিক আছে"},{"$i":"connectionLost","$v":"কোনো ইন্টারনেট সংযোগ নেই"},{"$i":"connectionLostMsg","$v":"ফ্রেন্ডস্ ফটোগুলি আপনার পরিচিতিগুলিতে যোগ করা হবে না। যে কোনো ভাবে চালিয়ে যান ?"},{"$i":"yesOption","$v":"ঠিক আছে"},{"$i":"noOption","$v":"বাতিল করুন"},{"$i":"waitFriendslive","$v":"আউটলুক থেকে পরিচিতিগুলি পড়ছে..."},{"$i":"waitFriendsgmail","$v":"জিমেইল থেকে পরিচিতিগুলি পড়ছে..."},{"$i":"friendsUpdated","$v":{"zero":"কোনো ফ্রেন্ডস্ আপডেট করা হয় নি","one":"একজন ফ্রেন্ড আপডেট করা হয়েছে","two":[{"t":"idOrVar","v":"numFriends"},"ফ্রেন্ডস্ আপডেট করা হয়েছে"],"few":[{"t":"idOrVar","v":"numFriends"},"ফ্রেন্ডস্ আপডেট করা হয়েছে"],"many":[{"t":"idOrVar","v":"numFriends"},"ফ্রেন্ডস্ আপডেট করা হয়েছে"],"other":[{"t":"idOrVar","v":"numFriends"},"ফ্রেন্ডস্ আপডেট করা হয়েছে"]},"$x":[{"t":"idOrVar","v":"plural"},"numFriends"]},{"$i":"friendsMerged","$v":{"zero":"কোনো ডুপ্লিকেট বন্ধু মার্জ করা হয় নি","one":"একজন ডুপ্লিকেট ফ্রেন্ড মার্জ করা হয়েছে","two":[{"t":"idOrVar","v":"numDups"}," ফ্রেন্ডস্ মার্জ করা হয়েছে"],"few":[{"t":"idOrVar","v":"numDups"}," ফ্রেন্ডস্ মার্জ করা হয়েছে"],"many":[{"t":"idOrVar","v":"numDups"}," ফ্রেন্ডস্ মার্জ করা হয়েছে"],"other":[{"t":"idOrVar","v":"numDups"}," ফ্রেন্ডস্ মার্জ করা হয়েছে"]},"$x":[{"t":"idOrVar","v":"plural"},"numDups"]},{"$i":"notificationLogin","$v":"আপনার ফেসবুক সেশন অবৈধ। অনুগ্রহ করে সাইন ইন করুন ।"},{"$i":"syncError","$v":"আপনার ফ্রেন্ড ডেটা সিঙ্ক্রোনাইজ করার সময় ত্রুটি হয়েছে"},{"$i":"progressFB3liveTitle","$v":"আউটলুক থেকে পরিচিতিগুলি আমদানী করছে..."},{"$i":"progressFB3gmailTitle","$v":"জিমেইল থেকে পরিচিতিগুলি আমদানী করছে..."},{"$i":"tcl-calllog-entry-removed-succ-notification","$v":"কল লগের এন্ট্রি সরানো হয়েছে"},{"$i":"tcl-calllog-entry-removed-err-notification","$v":"কল লগ এন্ট্রি অপসারণ করতে পারবেন না"},{"$i":"addNewNumber","$v":"নতুন নম্বর যোগ করুন"},{"$i":"contactDetails","$v":"পরিচিতির বিবরণ"},{"$i":"addToExistingContact","$v":"বিদ্যমান পরিচিতিতে যোগ করুন"},{"$i":"all","$v":"সমস্ত","ariaLabel":"সমস্ত"},{"$i":"bluetoothOption","ariaLabel":"ব্লুটুথ"},{"$i":"callLog","$v":"কল লগ"},{"$i":"callLogEdit","title":"কল লগ সম্পাদনা করুন"},{"$i":"tcl-option-menu-call-log-edit","$v":"কল লগ সম্পাদনা করুন"},{"$i":"callLogEditDialog","ariaLabel":"কল লগ ডায়লগ সম্পাদনা করুন"},{"$i":"tcl-call-log-delete-group-notification","$v":[{"t":"idOrVar","v":"n"},"টি এন্ট্রি মোছা হয়েছে"]},{"$i":"connecting","$v":"সংযুক্ত হচ্ছে"},{"$i":"connectingEllipsis","$v":"সংযুক্ত হচ্ছে..."},{"$i":"call-forwarding-async","$v":["অ্যাসিন্ক্রোনাস: ",{"t":"idOrVar","v":"async"}]},{"$i":"call-forwarding-data","$v":["তথ্য: ",{"t":"idOrVar","v":"data"}]},{"$i":"call-forwarding-error","$v":"কল ফরোয়ার্ড করার স্থিতি পুনরুদ্ধার করার সময় একটি ত্রুটি হয়েছে I"},{"$i":"call-forwarding-fax","$v":["FAX: ",{"t":"idOrVar","v":"fax"}]},{"$i":"call-forwarding-inactive","$v":"নিষ্ক্রিয়"},{"$i":"call-forwarding-packet","$v":["প্যাকেট: ",{"t":"idOrVar","v":"packet"}]},{"$i":"call-forwarding-pad","$v":["PAD: ",{"t":"idOrVar","v":"pad"}]},{"$i":"call-forwarding-sms","$v":["SMS: ",{"t":"idOrVar","v":"SMS"}]},{"$i":"call-forwarding-status","$v":"কল ফরোয়ার্ডিং স্থিতি"},{"$i":"call-forwarding-sync","$v":["সমকালীন: ",{"t":"idOrVar","v":"sync"}]},{"$i":"call-forwarding-voice","$v":["ভয়েস: ",{"t":"idOrVar","v":"voice"}]},{"$i":"confirm-deletion","$v":"নির্বাচিত কলগুলি সাফ করবেন?"},{"$i":"createNewContact","$v":"নতুন পরিচিতি তৈরি করুন"},{"$i":"calllog-deselectAll","$v":"সব অনির্বাচন করুন"},{"$i":"dialerAddContact","ariaLabel":"পরিচিতি যোগ করুন"},{"$i":"dialerAddContactDialog","ariaLabel":"পরিচিতি ডায়লগ যোগ করুন"},{"$i":"callInformation","$v":"কলের তথ্য"},{"$i":"edit-selected","$v":{"one":["নির্বাচিত(",{"t":"idOrVar","v":"n"},")"],"two":["নির্বাচিত(",{"t":"idOrVar","v":"n"},")"],"few":["নির্বাচিত(",{"t":"idOrVar","v":"n"},")"],"many":["নির্বাচিত(",{"t":"idOrVar","v":"n"},")"],"other":["নির্বাচিত(",{"t":"idOrVar","v":"n"},")"]},"$x":[{"t":"idOrVar","v":"plural"},"n"]},{"$i":"tcl-edit-not-selected","$v":"নির্বাচিত (0)"},{"$i":"hideKeypad","ariaLabel":"কিপ্যাড লুকান"},{"$i":"ignore","$v":"কল উপেক্ষা করুন"},{"$i":"incoming","$v":"ইনকামিং"},{"$i":"keypad","ariaLabel":"কিপ্যাড"},{"$i":"info-missed","$v":"মিসড্"},{"$i":"missed","$v":"মিসড্","ariaLabel":"মিসড্"},{"$i":"dialed","$v":"ডায়াল করা হয়েছে"},{"$i":"received","$v":"প্রাপ্ত"},{"$i":"canceled","$v":"বাতিল করা হয়েছে"},{"$i":"missedCall","$v":"মিসড্ কল"},{"$i":"missedCallMultiSims","$v":["(সিম ",{"t":"idOrVar","v":"n"},") মি‌স্‌ড কল"]},{"$i":"mmi-error","$v":"বার্তাটি পাঠাবার সময় একটি ত্রুটি হয়েছে I"},{"$i":"mmi-session-expired","$v":"সেশনের মেয়াদ পেরিয়ে গেছে"},{"$i":"mmi-successfully-sent","$v":"বার্তা সফলভাবে পাঠানো হয়েছে"},{"$i":"mmi-notification-title-with-sim","$v":["(",{"t":"idOrVar","v":"sim"},") ",{"t":"idOrVar","v":"title"}]},{"$i":"mute","ariaLabel":"মিউট"},{"$i":"newCall","ariaLabel":"নতুন কল"},{"$i":"no-logs-msg-1","$v":"কোনো কল রেকর্ড করা হয় নি"},{"$i":"no-logs-msg-2","$v":"এখনই যোগাযোগ করা শুরু করুন"},{"$i":"no-logs-msg-3","$v":"কোনো কল রেকর্ড করা হয় নি"},{"$i":"no-logs-msg-4","$v":"এখনই যোগাযোগ করা শুরু করুন"},{"$i":"onHoldOption","ariaLabel":"অপেক্ষারত-তে আছে"},{"$i":"outgoing","$v":"আউটগোয়িং"},{"$i":"recents","ariaLabel":"সাম্প্রতিক কলগুলি"},{"$i":"reply","$v":"উত্তর দিন"},{"$i":"calllog-selectAll","$v":"সব নির্বাচন করুন"},{"$i":"send","$v":"পাঠান"},{"$i":"switch-calls","$v":"কলগুলিতে সুইচ করুন"},{"$i":"withheld-number","$v":"অজানা"},{"$i":"from-contact","$v":[{"t":"idOrVar","v":"contact"}," থেকে"]},{"$i":"from-number","$v":[{"t":"idOrVar","v":"number"}," থেকে"]},{"$i":"from-withheld-number","$v":"অজানা নম্বর থেকে"},{"$i":"sending","$v":"পাঠানো হচ্ছে..."},{"$i":"speakerOption","ariaLabel":"স্পীকার"},{"$i":"ussd-services","$v":[{"t":"idOrVar","v":"operator"}," পরিষেবা"]},{"$i":"toggleKeypad","ariaLabel":"কীপ্যাড টগল করুন"},{"$i":"type-your-response","placeholder":"আপনার মতামত টাইপ করুন..."},{"$i":"clear-all-text","$v":"সব টেক্সট সাফ করুন"},{"$i":"hide","$v":"লুকান"},{"$i":"call","$v":"কল"},{"$i":"hold","ariaLabel":"ধরে থাকুন"},{"$i":"resume","$v":"পুনঃআরম্ভ","ariaLabel":"পুনঃআরম্ভ"},{"$i":"sendSms","$v":"বার্তা পাঠান"},{"$i":"callEnded","$v":"কল সমাপ্ত হয়েছে"},{"$i":"via-sim","$v":["সিম",{"t":"idOrVar","v":"n"},"-এর মাধ্যমে"]},{"$i":"sim-number","$v":["সিম",{"t":"idOrVar","v":"n"}]},{"$i":"unknown","$v":"অজানা"},{"$i":"hangup-a11y-button","ariaLabel":"সংযোগ বিচ্ছিন্ন করুন"},{"$i":"pickup-a11y-button","ariaLabel":"তুলুন"},{"$i":"unlock-a11y-button","ariaLabel":"স্লাইডার"},{"$i":"settings","$v":"সেটিংস"},{"$i":"tcl-delete-log","$v":"আপনি কি কল লগ থেকে বেছে নেওয়া এন্ট্রিগুলিকে মুছে ফেলতে চান?"},{"$i":"delete-n-log?","$v":{"zero":"কিছু নির্বাচন করা হয় নি","one":"নির্বাচিত লগ মুছবেন?","two":[{"t":"idOrVar","v":"n"},"টি লগ মুছবেন?"],"few":[{"t":"idOrVar","v":"n"},"টি লগ মুছবেন?"],"many":[{"t":"idOrVar","v":"n"},"টি লগ মুছবেন?"],"other":[{"t":"idOrVar","v":"n"},"টি লগ মুছবেন?"]},"$x":[{"t":"idOrVar","v":"plural"},"n"]},{"$i":"callDurationMinutes","$v":[{"t":"idOrVar","v":"m"},":",{"t":"idOrVar","v":"s"}]},{"$i":"callDurationHours","$v":[{"t":"idOrVar","v":"h"},":",{"t":"idOrVar","v":"m"},":",{"t":"idOrVar","v":"s"}]},{"$i":"callDurationTextFormatSeconds","$v":[{"t":"idOrVar","v":"s"}," সেকেন্ড"]},{"$i":"callDurationTextFormatMinutes","$v":[{"t":"idOrVar","v":"m"}," মিনিট ",{"t":"idOrVar","v":"s"}," সেকেন্ড"]},{"$i":"callDurationTextFormatHours","$v":[{"t":"idOrVar","v":"h"}," ঘন্টা ",{"t":"idOrVar","v":"m"}," মিনিট ",{"t":"idOrVar","v":"s"}," সেকেন্ড"]},{"$i":"suggestionMatches","$v":{"one":["\"",{"t":"idOrVar","v":"matchNumber"},"\"-এর জন্য ",{"t":"idOrVar","v":"n"},"টি মিল"],"two":["\"",{"t":"idOrVar","v":"matchNumber"},"\"-এর জন্য ",{"t":"idOrVar","v":"n"},"টি মিল"],"few":["\"",{"t":"idOrVar","v":"matchNumber"},"\"-এর জন্য ",{"t":"idOrVar","v":"n"},"টি মিল"],"many":["\"",{"t":"idOrVar","v":"matchNumber"},"\"-এর জন্য ",{"t":"idOrVar","v":"n"},"টি মিল"],"other":["\"",{"t":"idOrVar","v":"matchNumber"},"\"-এর জন্য ",{"t":"idOrVar","v":"n"},"টি মিল"]},"$x":[{"t":"idOrVar","v":"plural"},"n"]},{"$i":"scCallBarring","$v":"কল নিষিদ্ধ"},{"$i":"scCallForwarding","$v":"কল ফরোয়ার্ডিং"},{"$i":"scClip","$v":"ইনকামিং কলার ID"},{"$i":"scClir","$v":"আউটগোয়িং কলার ID"},{"$i":"scPwd","$v":"পাসওয়ার্ড পরিবর্তন"},{"$i":"scCallWaiting","$v":"কল অপেক্ষমান"},{"$i":"scPin","$v":"পিন পরিবর্তন"},{"$i":"scPin2","$v":"পিন2 পরিবর্তন"},{"$i":"scPuk","$v":"পিন আনব্লক করুন"},{"$i":"scPuk2","$v":"পিন2 আনব্লক করুন"},{"$i":"scImei","$v":"IMEI"},{"$i":"scMeid","$v":"MEID"},{"$i":"scUssd","$v":"USSD"},{"$i":"serviceClassVoice","$v":"ভয়েস"},{"$i":"serviceClassData","$v":"ডেটা"},{"$i":"serviceClassFax","$v":"FAX"},{"$i":"serviceClassSms","$v":"SMS"},{"$i":"serviceClassDataSync","$v":"সিঙ্ক"},{"$i":"serviceClassDataAsync","$v":"অ্যাসিং"},{"$i":"serviceClassPacket","$v":"প্যাকেট"},{"$i":"serviceClassPad","$v":"PAD"},{"$i":"smServiceEnabled","$v":"পরিষেবা সক্ষম আছে"},{"$i":"smServiceDisabled","$v":"পরিষেবা অক্ষম করা হয়েছে"},{"$i":"smServiceRegistered","$v":"নিবন্ধন সফল হয়েছে"},{"$i":"smServiceErased","$v":"মুছে ফেলা সফল ছিল"},{"$i":"smServiceInterrogated","$v":"অনুরোধ সফল হয়েছে"},{"$i":"smServiceNotProvisioned","$v":"পরিষেবার প্রস্তুত করা হয় নি"},{"$i":"smClirPermanent","$v":"আপনি কলার ID সেটিংস পরিবর্তন করতে পারবেন না"},{"$i":"smClirDefaultOnNextCallOn","$v":"কলার ID ডিফল্ট হিসাবে সীমাবদ্ধ নয়। পরবর্তী কল: সীমাবদ্ধ"},{"$i":"smClirDefaultOnNextCallOff","$v":"কলার ID ডিফল্ট হিসাবে সীমাবদ্ধ নয়। পরবর্তী কল: সীমাবদ্ধ নয়"},{"$i":"smClirDefaultOffNextCallOn","$v":"কলার ID ডিফল্ট হিসাবে সীমাবদ্ধ নয়। পরবর্তী কল: সীমাবদ্ধ"},{"$i":"smClirDefaultOffNextCallOff","$v":"কলার ID ডিফল্ট হিসাবে সীমাবদ্ধ নয়। পরবর্তী কল: সীমাবদ্ধ নয়"},{"$i":"smServiceEnabledFor","$v":"এর জন্য পরিষেবার সক্ষম করা ছিল:"},{"$i":"smPinChanged","$v":"পিন সফলভাবে পরিবর্তন করা হয়েছে"},{"$i":"smPinUnblocked","$v":"পিন সফলভাবে আনলক করা হয়েছে"},{"$i":"smPin2Changed","$v":"পিন2 সফলভাবে পরিবর্তন করা হয়েছে"},{"$i":"smPin2Unblocked","$v":"পিন2 সফলভাবে অবরোধ মুক্ত করা হয়েছে"},{"$i":"ServiceIsEnabled","$v":"পরিষেবা সক্ষম আছে"},{"$i":"ServiceIsDisabled","$v":"পরিষেবা অক্ষম আছে"},{"$i":"ServiceIsEnabledFor","$v":"এর জন্য পরিষেবা সক্ষম আছে:"},{"$i":"emMmiError","$v":"সংযোগের সমস্যা বা অবৈধ MMI কোড"},{"$i":"emMmiErrorPasswordIncorrect","$v":"ভুল পাসওয়ার্ড"},{"$i":"emMmiErrorNotSupported","$v":"অবৈধ বা অসমর্থিত MMI কোড"},{"$i":"emMmiErrorInvalidAction","$v":"অবৈধ অ্যাক্সন"},{"$i":"emMmiErrorInvalidScCode","$v":"অবৈধ পরিষেবা কোড"},{"$i":"emMmiErrorBadPuk","$v":"আপনার টাইপ করা PUKটি ভুল"},{"$i":"emMmiErrorBadPin","$v":"আপনার টাইপ করা পুরানো পিনটি ঠিক নয়।"},{"$i":"emMmiErrorNeedPuk2","$v":"সিম কার্ড আনব্লক করতে PUK2 টাইপ করুন"},{"$i":"emMmiErrorMismatchPin","$v":"আপনি যে পিন টাইপ করেছেন সেটি মেলেনি"},{"$i":"emMmiErrorInvalidPin","$v":"একটি 4 থেকে 8 সংখ্যার পিন টাইপ করুন।"},{"$i":"emMmiErrorNeedsPuk","$v":"আপনার সিম কার্ডটি PUK-লকযুক্ত"},{"$i":"emMmiErrorEnablePin","$v":"অসফল. SIM/RUIM লক সক্ষম করুন"},{"$i":"emMmiErrorMmiFdn","$v":"অপারেশন শুধুমাত্র স্থায়ী ডায়াল করার নম্বরগুলিতে সীমাবদ্ধ"},{"$i":"emMmiErrorStkCcUssdDial","$v":"USSD অনুরোধটিকে ডায়াল অনুরোধে পরিবর্তন করা হয়েছে৷"},{"$i":"emMmiErrorStkCcUssdSs","$v":"USSD অনুরোধটিকে SS অনুরোধে পরিবর্তন করা হয়েছে৷"},{"$i":"emMmiErrorStkCcUssdUssd","$v":"USSD অনুরোধটিকে নতুন USSD অনুরোধে পরিবর্তন করা হয়েছে৷"},{"$i":"emMmiErrorStkCcSsDial","$v":"SS অনুরোধ ডায়াল অনুরোধে পরিবর্তন করা হয়েছে"},{"$i":"emMmiErrorStkCcSsUssd","$v":"SS অনুরোধটিকে নতুন USSD অনুরোধে পরিবর্তন করা হয়েছে"},{"$i":"emMmiErrorStkCcSsSs","$v":"SS অনুরোধ নতুন SS অনুরোধে পরিবর্তন করা হয়েছে"},{"$i":"emMmiErrorPinPukAttempts","$v":{"one":["আর মাত্র ",{"t":"idOrVar","v":"n"},"টি প্রচেষ্টা অবশিষ্ট"],"two":[{"t":"idOrVar","v":"n"},"টি পুনঃপ্রয়াস অবশিষ্ট আছে"],"few":[{"t":"idOrVar","v":"n"},"টি পুনঃপ্রয়াস অবশিষ্ট আছে"],"many":[{"t":"idOrVar","v":"n"},"টি পুনঃপ্রয়াস অবশিষ্ট আছে"],"other":[{"t":"idOrVar","v":"n"},"টি পুনঃপ্রয়াস অবশিষ্ট আছে"]},"$x":[{"t":"idOrVar","v":"plural"},"n"]},{"$i":"emMmiErrorSimBlocked","$v":"পুনপ্রচেষ্টার সর্বোচ্চ নম্বর পেরিয়ে গেছে। সিম অবরুদ্ধ করা হয়েছে"},{"$i":"RadioNotAvailable","$v":"রেডিও উপলব্ধ নয়"},{"$i":"GenericFailure","$v":"প্রাথমিক ভাবে ব্যর্থতা"},{"$i":"PasswordIncorrect","$v":"পাসওয়ার্ড ভুল"},{"$i":"SimPin2","$v":"সিম পিন2"},{"$i":"SimPuk2","$v":"সিম PUK2"},{"$i":"RequestNotSupported","$v":"অনুরোধ সমর্থিত নয়"},{"$i":"OpNotAllowedDuringVoiceCall","$v":"ভয়েস কলের সময় অপারেশন অনুমোদিত নয়"},{"$i":"SmsSendFailRetry","$v":"SMS পাঠানো ব্যর্থ আবার চেষ্টা করুন"},{"$i":"SimAbsent","$v":"সিম অনুপস্থিত"},{"$i":"SubscriptionNotAvailable","$v":"সদস্যতা উপলব্ধ নয়"},{"$i":"ModeNotSupported","$v":"মোড সমর্থিত নয়"},{"$i":"FdnCheckFailure","$v":"Fdn ব্যর্থতা পরীক্ষা করুন"},{"$i":"IllegalSimOrMe","$v":"অবৈধ সিম বা ME"},{"$i":"DialModifiedToUssd","$v":"ডায়াল USSD-এ পরিবর্তন করা হয়েছে"},{"$i":"DialModifiedToSs","$v":"ডায়াল SS-এ পরিবর্তন করা হয়েছে"},{"$i":"DialModifiedToDial","$v":"ডায়াল ডায়ালে পরিবর্তন করা হয়েছে"},{"$i":"UssdModifiedToDial","$v":"USSD, ডায়ালে পরিবর্তন করা হয়েছে"},{"$i":"UssdModifiedToSs","$v":"SS, USSD তে পরিবর্তন করা হয়েছে"},{"$i":"UssdModifiedToUssd","$v":"USSD, USSD তে পরিবর্তন করা হয়েছে"},{"$i":"SsModifiedToDial","$v":"SS, ডায়ালে পরিবর্তন করা হয়েছে"},{"$i":"SsModifiedToUssd","$v":"SS, USSDতে পরিবর্তন করা হয়েছে"},{"$i":"SsModifiedToSs","$v":"SS, SSতে পরিবর্তন করা হয়েছে"},{"$i":"SubscriptionNotSupported","$v":"সদস্যতা সমর্থিত নয়"},{"$i":"InvalidParameter","$v":"অবৈধ প্যারামিটার"},{"$i":"RejectedByRemote","$v":"রিমোট দ্বারা প্রত্যাখাত"},{"$i":"conferenceCall","$v":["কনফারেন্স (",{"t":"idOrVar","v":"n"},")"]},{"$i":"caller-left-call","$v":[{"t":"idOrVar","v":"caller"}," কল ছেড়ে দিয়েছে।"]},{"$i":"conferenceAddError","$v":"কল মার্জ করতে অক্ষম"},{"$i":"conferenceRemoveError","$v":"কল আনমার্জ করতে অক্ষম"},{"$i":"longDateFormat","$v":"%A, %b %e"},{"$i":"select-audio-sources","$v":"অডিওর উৎসগুলি নির্বাচন করুন"},{"$i":"bluetooth-handsfree-device","$v":"ব্লুটুথ হ্যান্ডসফ্রী ডিভাইস"},{"$i":"receiver","$v":"প্রাপক"},{"$i":"speaker","$v":"স্পীকার"},{"$i":"tcl-cancel","$v":"বাতিল করুন"},{"$i":"tcl-dialer","$v":"ডায়ালার"},{"$i":"tcl-confirmation","$v":"নিশ্চিতকরণ"},{"$i":"log-item","$v":"বিকল্পগুলি"},{"$i":"tcl-assign-speed-dial","$v":{"$o":["\"",{"t":"idOrVar","v":"speedDial"},"\" বটনে একটি স্পীড ডায়াল হিসেবে পরিচিতি যোগ করা যায় নি।<br><br>এখনই অর্পণ করবেন?"]}},{"$i":"tcl-assign","$v":"অ্যাসাইন করুন"},{"$i":"select","$v":"নির্বাচন করুন"},{"$i":"view-all","$v":"সবগুলি দেখুন"},{"$i":"search-results","$v":"অনুসন্ধানের ফলাফলগুলি"},{"$i":"no-recent-numbers","$v":"ডায়াল করতে কল লগগুলিতে কোনো সাম্প্রতিক নম্বর নেই।"},{"$i":"wifi-calling","$v":"WiFi কলিং"},{"$i":"dialer-prompt","$v":"নম্বর ডায়াল করুন বা কলে যোগ করতে পরিচিতি নির্বাচন করুন"},{"$i":"hours","$v":"ঘন্টা"},{"$i":"minutes","$v":"মিনিট"},{"$i":"seconds","$v":"সেকেন্ড"},{"$i":"voicemailNoNumberTitle","$v":"ভয়েসমেল নম্বর অনুপলব্ধ"},{"$i":"voicemailNoNumberText","$v":"ভয়েসমেলে ফোন করা যাবে না। ফোন করার জন্য ভয়েসমেল নম্বর সেটআপ করুন।"},{"$i":"voicemailNoNumberSettings","$v":"সেটিংস"},{"$i":"voicemailNoNumberCancel","$v":"বাতিল করুন"},{"$i":"phoneNumberInput","ariaLabel":"ফোন নম্বর"},{"$i":"keypadDelete","ariaLabel":"মুছুন"},{"$i":"voiceMailKey","ariaLabel":"ভয়েসমেল"},{"$i":"asterisk","ariaLabel":"আস্টেরিস্ক"},{"$i":"hashSign","ariaLabel":"হ্যাশ চিহ্ন"},{"$i":"loadingSimContacts","$v":"সিম কার্ডের পরিচিতিগুলি লোড করছে..."},{"$i":"noContactsWereFound","$v":"কোনো পরিচিতি খুঁজে পাওয়া যায় নি"},{"$i":"noContactsFoundDialogOk","$v":"ঠিক আছে"},{"$i":"emergencyNumber","$v":"জরুরী নম্বর"},{"$i":"callAirplaneModeMessage","$v":"ফোন করতে আপনাকে সেটিংসে এয়ারপ্লেন মোড অক্ষম করতে হবে।"},{"$i":"callAirplaneModeBtnOk","$v":"ঠিক আছে"},{"$i":"callAirplaneModeTitle","$v":"এয়ারপ্লেন মোড সক্রিয় করা হয়েছে"},{"$i":"numberIsBusyTitle","$v":"নম্বর ব্যস্ত আছে"},{"$i":"numberIsBusyMessage","$v":"নম্বরটি এখন ব্যস্ত আছে। পরে আবার চেষ্টা করুন।"},{"$i":"fdnIsActiveTitle","$v":"FDN সক্রিয় আছে"},{"$i":"fdnIsActiveMessage","$v":["FDN(ফিক্সড ডায়ালিং নম্বর) সক্রিয় করা হয়েছে এবং নিম্নলিখিত নম্বরটি আপনার FDN তালিকায় নেই: ",{"t":"idOrVar","v":"number"}]},{"$i":"emergencyDialogBodyBadNumber","$v":"ফোন করতে ফোন অবশ্যই নেটওয়ার্কের সঙ্গে ফোন সংযুক্ত থাকতে হবে।"},{"$i":"emergencyDialogBodyDeviceNotAccepted","$v":"জরুরি কলগুলি নেটওয়ার্ক দ্বারা অনুমোদিত নয়।"},{"$i":"emergencyDialogBtnOk","$v":"ঠিক আছে"},{"$i":"emergencyDialogTitle","$v":"নেটওয়ার্ক সংযোগ নেই"},{"$i":"invalidNumberToDialTitle","$v":"অবৈধ ফোন নম্বর"},{"$i":"invalidNumberToDialMessage","$v":"আপনি যে ফোন নম্বরে কল করছেন সেটি বৈধ নয়।"},{"$i":"unableToCallTitle","$v":"এখনই ফোন করতে অক্ষম"},{"$i":"unableToCallMessage","$v":"কোনো কল করা যাচ্ছে না। আপনি যদি ইতিমধ্যে ডায়াল করতে থাকেন, অনুগ্রহ করে প্রথমে নামিয়ে রাখুন।"},{"$i":"otherConnectionInUseTitle","$v":"অন্য সংযোগ ব্যবহার করা হচ্ছে"},{"$i":"otherConnectionInUseMessage","$v":"আপনি অন্য সংযোগে কল সক্রিয় করতে পারেন। আপনি একবারে একটি সংযোগ ব্যবহার করতে পারেন।"},{"$i":"tcl-call-log","$v":"কল লগ"},{"$i":"tcl-contacts","$v":"পরিচিতি"},{"$i":"tcl-call","$v":"কল"},{"$i":"tcl-add-contact","$v":"বিদ্যমান পরিচিতিতে যোগ করুন"},{"$i":"tcl-create-contact","$v":"নতুন পরিচিতি তৈরি করুন"},{"$i":"tcl-add-speed-dial","$v":"স্পীড ডায়ালে যোগ করুন"},{"$i":"sim-with-index-and-carrier","$v":["SIM ",{"t":"idOrVar","v":"index"}," - ",{"t":"idOrVar","v":"carrier"}]},{"$i":"sim-without-carrier","$v":["SIM ",{"t":"idOrVar","v":"index"}]}]