[{"$i":"confirmMsg","$v":[{"t":"idOrVar","v":"deviceId"}," would like to access your contacts and call history, accept?"]},{"$i":"responseMsg","$v":[{"t":"idOrVar","v":"deviceId"}," लेई कुंजी"]},{"$i":"confirmTitle","$v":"फोनबुक ऐक्सस अनुरोध"},{"$i":"responseTitle","$v":"ब्लूटूथ सत्र कुंजी दी लोड़ ऐ"},{"$i":"initialValue","$v":"सत्र कुंजी दर्ज करो"},{"$i":"gaia-menu-cancel","$v":"रद्द करो"},{"$i":"gaia-sim-picker-dial-via-with-number","$v":[{"t":"idOrVar","v":"phoneNumber"}," राहें डायल करो"]},{"$i":"gaia-sim-picker-select-sim","$v":"SIM चुनो"},{"$i":"gaia-sim-picker-button","$v":["सिम",{"t":"idOrVar","v":"n"}]},{"$i":"gaia-sim-picker-button-default","$v":"(डिफाल्ट)"},{"$i":"softkey-options","$v":"विकल्प"},{"$i":"details","countcall":"कॉल"},{"$i":"edit","$v":"एडिट"},{"$i":"cancel","$v":"रद्द करो"},{"$i":"done","$v":"होई गेआ"},{"$i":"ok","$v":"ठीक ऐ"},{"$i":"update","$v":"अपडेट करो"},{"$i":"retry","$v":"पुनः प्रयास करें"},{"$i":"view","$v":"दिक्खो"},{"$i":"search","$v":"तपाश"},{"$i":"contacts","$v":"कन्टेक्ट"},{"$i":"addContact","$v":"कन्टेक्ट जोड़ो"},{"$i":"deleteContact","$v":"कन्टेक्ट गी हटाना ऐ"},{"$i":"selectContact","$v":"रावता चुनो"},{"$i":"selectAll","$v":"सब्भै चुनो"},{"$i":"deselect","$v":"अन-चुनेआ करो"},{"$i":"deselectAll","$v":"सब्भै अन-चुने करो"},{"$i":"editContact","$v":"कन्टेक्ट एडिट करो"},{"$i":"deleteConfirmMsg","$v":"कन्टेक्ट गी हटाना ऐ?"},{"$i":"remove","$v":"हटाना"},{"$i":"delete","$v":"हटाना"},{"$i":"comments","$v":"टिप्पणियां"},{"$i":"no_contact_phones","$v":"इस रावते कोल फोन नंबर नेईं ऐ"},{"$i":"no_contact_email","$v":"इस रावते कोल ईमेल पता नेईं ऐ"},{"$i":"no_contact_data","$v":"इस रावते कोल फोन नंबर ते ईमेल पता नेईं ऐ"},{"$i":"removePhotoConfirm","$v":"रावता तस्वीर हटाओ?"},{"$i":"loadingContacts","$v":"रावते लोड होआ करदे न..."},{"$i":"noContactsActivity2","$v":"थुआढ़ी रावता सूची च कोई रावता नेईं ऐ"},{"$i":"noName","$v":"कोई नांऽ नेईं"},{"$i":"givenName","$v":"पैह्‌ला नांऽ"},{"$i":"familyName","$v":"अखीरी नांऽ"},{"$i":"tel","$v":"फोन"},{"$i":"carrier","$v":"केरियर","placeholder":"केरियर"},{"$i":"separator","$v":","},{"$i":"email","$v":"ईमेल"},{"$i":"streetAddress","$v":"गली"},{"$i":"postalCode","$v":"पिन कोड"},{"$i":"locality","$v":"शैह्र"},{"$i":"countryName","$v":"मुल्ख"},{"$i":"comment","$v":"टिप्पणी"},{"$i":"org","$v":"कंपनी"},{"$i":"date","$v":"तरीक","placeholder":"तरीक"},{"$i":"date-span-placeholder","$v":"तरीक"},{"$i":"birthday","$v":"जन्मदिन"},{"$i":"dateFormat","$v":"%b %e"},{"$i":"dateOutput","$v":[{"t":"idOrVar","v":"dayMonthFormatted"}," ",{"t":"idOrVar","v":"year"}]},{"$i":"anniversary","$v":"बरसगंढ"},{"$i":"addPhoto","$v":"तस्वीर जोड़ो"},{"$i":"addPhone","$v":"फोन जोड़ो"},{"$i":"addEmail","$v":"ईमेल जोड़ो"},{"$i":"addAddress","$v":"पता जोड़ो"},{"$i":"addDate","$v":"तरीक जोड़ो"},{"$i":"addComment","$v":"नोट जोड़े"},{"$i":"addFavorite","$v":"पसंदीदा दे रूप च जोड़ो"},{"$i":"removeFavorite","$v":"पसंदीदा दे रूप च हटाओ"},{"$i":"addButton","ariaLabel":"जोड़ो"},{"$i":"editButton","ariaLabel":"एडिट"},{"$i":"settingsButton","ariaLabel":"सेटिंग्स"},{"$i":"phoneDetail","ariaLabel":"फोन"},{"$i":"emailDetail","ariaLabel":"ईमेल"},{"$i":"addressDetail","ariaLabel":"पता"},{"$i":"dateDetail","ariaLabel":"तरीक"},{"$i":"composeEmail","ariaLabel":"ईमेल"},{"$i":"makeCall","ariaLabel":"कॉल"},{"$i":"phones","ariaLabel":"फोन"},{"$i":"emails","ariaLabel":"ईमेल"},{"$i":"addresses","ariaLabel":"पते"},{"$i":"dates","ariaLabel":"तरीकां"},{"$i":"notes","ariaLabel":"नोट्स"},{"$i":"exit","$v":"बाहर जाओ"},{"$i":"expand","$v":"विस्तार करो"},{"$i":"labelName","$v":"नांऽ।"},{"$i":"labelLastName","$v":"अखीरी नांऽ:"},{"$i":"labelPhoneNumber","$v":"फोन नंबर:"},{"$i":"labelCarrier","$v":"केरियर:"},{"$i":"labelEmail","$v":"ईमेल:"},{"$i":"labelStreet","$v":"गली:"},{"$i":"labelZip","$v":"पिन कोड:"},{"$i":"labelCity","$v":"शैह्र:"},{"$i":"labelCountry","$v":"मुल्ख:"},{"$i":"labelComment","$v":"टिप्पणी:"},{"$i":"legendTitleMain","$v":"प्रमुक्ख जानकारी"},{"$i":"legendPhones","$v":"फोन नंबर"},{"$i":"legendEmail","$v":"ईमेल पता"},{"$i":"legendAddress","$v":"पता"},{"$i":"search-contact","placeholder":"तपाश"},{"$i":"noResults","$v":"कोई रावता नेईं लब्भेआ"},{"$i":"transferContactsTitle","$v":"रावते ट्रांसफर करो"},{"$i":"importContactsTitle","$v":"इंपोर्ट रावते"},{"$i":"importContactsButton","$v":"इंपोर्ट रावते"},{"$i":"exportContactsTitle","$v":"रावते ऐक्सपोर्ट करो"},{"$i":"exportContactsButton","$v":"रावते ऐक्सपोर्ट करो"},{"$i":"exportContactsAction","$v":"ऐक्सपोर्ट"},{"$i":"simExport-title","$v":"सिम पर ऐक्सपोर्ट करो"},{"$i":"memoryCardExport-title","$v":"मेमोरी कार्ड च ऐक्सपोर्ट करो"},{"$i":"btExport-title","$v":"ब्लूटूथ पर ऐक्सपोर्ट करो"},{"$i":"memoryCardUMSEnabled","$v":"मेमोरी कार्ड दी बरतून नेईं कीता जाई सकदी कीजे USB स्टोरज समर्थ ऐ"},{"$i":"exportErrorTitle","$v":"ऐक्सपोर्ट त्रुटि"},{"$i":"contactsExported2","$v":{"zero":"कोई रावता ऐक्सपोर्ट नेईं होआ","one":[{"t":"idOrVar","v":"exported"}," / ",{"t":"idOrVar","v":"total"}," रावता ऐक्सपोर्ट कीते गे"],"two":[{"t":"idOrVar","v":"exported"}," / ",{"t":"idOrVar","v":"total"}," रावता ऐक्सपोर्ट कीते गे"],"few":[{"t":"idOrVar","v":"exported"}," / ",{"t":"idOrVar","v":"total"}," रावता ऐक्सपोर्ट कीते गे"],"many":[{"t":"idOrVar","v":"exported"}," / ",{"t":"idOrVar","v":"total"}," रावता ऐक्सपोर्ट कीते गे"],"other":[{"t":"idOrVar","v":"exported"}," / ",{"t":"idOrVar","v":"total"}," रावता ऐक्सपोर्ट कीते गे"]},"$x":[{"t":"idOrVar","v":"plural"},"exported"]},{"$i":"exportError-general","$v":"इंपोर्ट करदे बेल्लै किश त्रुटि होई"},{"$i":"exportError-SD-shared","$v":"मेमोरी कार्ड एक्सेस नेईं करी सकदा कीजे एह् सांझा  ऐ"},{"$i":"exportError-SD-unavailable","$v":"मेमोरी कार्ड उपलब्ध नेईं ऐ"},{"$i":"exportError-SD-noSpace","$v":"रावते इंपोर्ट करने लेई मेमोरी कार्ड पर मनासब स्पेस नेईं ऐ"},{"$i":"exportError-SIM-unavailable","$v":"सिम कार्ड उपलब्ध नेईं ऐ"},{"$i":"exportError-BT-shared","$v":"मेमोरी कार्ड एक्सेस नेईं करी सकदा कीजे एह् सांझा  ऐ"},{"$i":"exportError-BT-unavailable","$v":"मेमोरी कार्ड उपलब्ध नेईं ऐ"},{"$i":"exportError-BT-noSpace","$v":"रावते इंपोर्ट करने लेई मेमोरी कार्ड पर मनासब स्पेस नेईं ऐ"},{"$i":"social-network","$v":"शोशल नेटवर्क"},{"$i":"social-link","$v":"रावता लिंक करो"},{"$i":"social-unlink","$v":"रावता अनलिंक करो"},{"$i":"social-unlink-confirm-title","$v":"क्या तुस अपने मित्तर गी अनलिंक करना चांह्​दे ओ?"},{"$i":"social-unlink-confirm-accept","$v":"अनलिंक करो"},{"$i":"facebook-import","$v":"फेसबुक दोस्तें गी इंपोर्ट करो"},{"$i":"show-fb-profile","$v":"Facebook प्रोफाइल दिक्खो"},{"$i":"msg-send","$v":"संदेश"},{"$i":"wall-post","$v":"वाल पोस्ट"},{"$i":"share-contact","$v":"रावता सांझा करो"},{"$i":"facebook-export-forbidden","$v":"Facebook बिघ्न करियै रावता सांझा नेईं कीता जाई सकदा।"},{"$i":"otherAccount","$v":"होर खाते"},{"$i":"facebookSwitchMsg","$v":"मित्तर सिंक करो"},{"$i":"select_mobile","$v":"मोबाइल चुनो"},{"$i":"select_email","$v":"ईमेल चुनो"},{"$i":"select_recipient","$v":"हासलकर्ता चुनो"},{"$i":"sort-by-first-name","$v":"पैह्‌ले नांऽ दे अधार पर क्रमबद्ध करो"},{"$i":"sort-by-last-name","$v":"अंतम नांऽ दे अधार पर क्रमबद्ध करो"},{"$i":"importSim2","$v":"SIM कार्ड"},{"$i":"importGmail","$v":"जीमेल"},{"$i":"bluetooth","$v":"ब्लूटुथ"},{"$i":"importOutlook","$v":"आउटलुक"},{"$i":"fbUpdateFriends","$v":"इंपोर्ट कीते गेदे मित्तर अपडेट करो"},{"$i":"cleaningFbData","$v":"Facebook डेटा हटाना"},{"$i":"loggingOutFb","$v":"Facebook थमां लाग आउट करना"},{"$i":"cleanFbConfirmMsg","$v":"सबूरा Facebook  डेटा हटाओ?"},{"$i":"renewPwdMsg","$v":"Facebook च थुआढ़ा पासवर्ड बदलेआ गेआ ऐ। किरपा करियै, इसी अपडेट करो।"},{"$i":"notEnabledYet","$v":"अजें तगर समर्थ नेईं ऐ"},{"$i":"genericNoConnection","$v":"रावते इंपोर्ट करने लेई WiFi जां डेटा नेटवर्क कन्नै कनेक्ट करो"},{"$i":"bluetoothNoConnection","$v":"रावते इंपोर्ट करने लेई ब्लूटूथ डिवाइस कनेक्ट करो"},{"$i":"simCard","$v":"SIM कार्ड"},{"$i":"memoryCard","$v":"मेमोरी कार्ड"},{"$i":"simNumberNoMSISDN","$v":["सिम ",{"t":"idOrVar","v":"number"},":"]},{"$i":"simNumberWithMSISDN","$v":["सिम ",{"t":"idOrVar","v":"number"},": ",{"t":"idOrVar","v":"msisdn"}]},{"$i":"ICEContactsGroup","$v":"ICE रावते"},{"$i":"setICEButton","$v":"ICE रावते सेट करो"},{"$i":"ICESettingTitle","$v":"ICE रावते"},{"$i":"ICEDescription","$v":"\"अपातकाल दे मामले च\" कालां करने लेई पंज रावते जोड़ो"},{"$i":"ICEContact1","$v":"ICE रावता 1"},{"$i":"tcl-ice-contact-1-added","$v":"ICE रावता 1 जोड़ेआ गेआ"},{"$i":"ICESelectContact","$v":"रावता चुनो"},{"$i":"ICEContact2","$v":"ICE रावता 2"},{"$i":"tcl-ice-contact-2-added","$v":"ICE रावता 2 जोड़ेआ गेआ"},{"$i":"ICERepeatedContact","$v":"एह् रावता पैह्‌ले थमां गै मौजूदा ICE रावता ऐ"},{"$i":"ICEUnknownError","$v":"रावता ICE दे रूप च सेट करने च त्रुटि होई"},{"$i":"ICEContactNoNumber","$v":"इस रावते कोल फोन नंबर नेईं ऐ"},{"$i":"ICEFacebookContactNotAllowed","$v":"Facebook रावतें गी ICE रावतें दे रूप च सेट नेईं कीता जाई सकदा"},{"$i":"ICEContactDelTel","$v":"डिलीट कीते गेदे फोन नंबर गी ICE रावते थमां हटाई दित्ता गेआ ऐ"},{"$i":"ICEContactDelTelAll","$v":"सब्भै नंबर डिलीट कीते गेदे न एह् रावता ICE रावतें थमां हटाई दित्ता गेआ ऐ।"},{"$i":"delete-ice-contact-warning","$v":"क्या तुस जकीनी तौर पर ICE रावता हटाना चांह्​दे ओ?"},{"$i":"add","$v":"जोड़ो"},{"$i":"no-contacts","$v":"कोई रावते नेईं"},{"$i":"start-adding","$v":"रावते जोड़ने लेई नमीं रावता दबाओ।"},{"$i":"notImported","$v":"इंपोर्ट नेईं कीता गेआ"},{"$i":"imported","$v":"इंपोर्ट कीते दे"},{"$i":"today","$v":"अज्ज"},{"$i":"yesterday","$v":"कल"},{"$i":"messageCanceling","$v":"किरपा करियै होल्ड करी रक्खो। अस चलै करदी प्रक्रिया गी रद्द करै करनेआं।"},{"$i":"organise-contacts","$v":"रावता बवस्थत करो"},{"$i":"find-merge-contacts","$v":"डुप्लिकेट रावते तुप्पो"},{"$i":"preparing-contacts","$v":"रावते त्यार होआ करदे न"},{"$i":"exportError-SIM-NoFreeRecordFound","$v":"सिम कार्ड भरोचे दा ऐ"},{"$i":"exportError-SIM-CannotAccessPhoneBook","$v":"सिम कार्ड दी फोन बुक एक्सेस नेईं करी सकदे"},{"$i":"exportError-SIM-Unavailable","$v":"कोई सिम दा पता नेईं चलेआ"},{"$i":"exportError-SIM-GenericError","$v":"रावता ऐक्सपोर्ट करदे बेल्लै त्रुटि होई"},{"$i":"noSimMsgExport","$v":"रावते इंपोर्ट करने लेई अपना सिम कार्ड पाओ जां अनलाक करो"},{"$i":"noMemoryCardMsgExport","$v":"रावते इंपोर्ट करने लेई मेमोरी कार्ड पाओ"},{"$i":"ContactManagementTitle","$v":"रावते प्रबंधन"},{"$i":"DeleteTitle","$v":"हटाना"},{"$i":"bulkDeleteButton","$v":"कन्टेक्ट्स हटाओ"},{"$i":"BulkDelCancel","$v":"रावते डिलीट करना रद्द"},{"$i":"DeletedTxt","$v":{"zero":"डिलीट करने लेई कोई रावता नेईं","one":"1 रावता डिलीट कीता गेआ","two":[{"t":"idOrVar","v":"n"}," रावते डिलीट कीते गे"],"few":[{"t":"idOrVar","v":"n"}," रावते डिलीट कीते गे"],"many":[{"t":"idOrVar","v":"n"}," रावते डिलीट कीते गे"],"other":[{"t":"idOrVar","v":"n"}," रावते डिलीट कीते गे"]},"$x":[{"t":"idOrVar","v":"plural"},"n"]},{"$i":"DeletingContacts","$v":"रावते डिलीट करना"},{"$i":"ContactConfirmDel","$v":{"zero":"डिलीट करने लेई कोई रावता नेईं","one":"1 रावता डिलीट करो? एह् मुड़-हासल नेईं कीता जाई सकदा।","two":[{"t":"idOrVar","v":"n"}," रावते डिलीट करो? एह् मुड़-हासल नेईं कीते जाई सकदे।"],"few":[{"t":"idOrVar","v":"n"}," रावते डिलीट करो? एह् मुड़-हासल नेईं कीते जाई सकदे।"],"many":[{"t":"idOrVar","v":"n"}," रावते डिलीट करो? एह् मुड़-हासल नेईं कीते जाई सकदे।"],"other":[{"t":"idOrVar","v":"n"}," रावते डिलीट करो? एह् मुड़-हासल नेईं कीते जाई सकदे।"]},"$x":[{"t":"idOrVar","v":"plural"},"n"]},{"$i":"SelectedTxt","$v":{"zero":[{"t":"idOrVar","v":"n"}," चुनिंदा"],"one":[{"t":"idOrVar","v":"n"}," चुनिंदा"],"two":[{"t":"idOrVar","v":"n"}," चुनिंदा"],"few":[{"t":"idOrVar","v":"n"}," चुनिंदा"],"many":[{"t":"idOrVar","v":"n"}," चुनिंदा"],"other":[{"t":"idOrVar","v":"n"}," चुनिंदा"]},"$x":[{"t":"idOrVar","v":"plural"},"n"]},{"$i":"video","$v":"वीडियो"},{"$i":"audio","$v":"आडियो"},{"$i":"pick_destination","$v":[{"t":"idOrVar","v":"destination"}," ",{"t":"idOrVar","v":"carrier"}]},{"$i":"removeField","ariaLabel":"हटाना"},{"$i":"undo","ariaLabel":"पैह्ले आह्ला लेखा करो"},{"$i":"send-sms-button","ariaLabel":"SMS"},{"$i":"ice_contacts","$v":"ICE रावते"},{"$i":"edit-picture","$v":"संपादत तस्वीर"},{"$i":"remove-photo","$v":"तस्वीर हटाओ"},{"$i":"change-photo","$v":"तस्वीर बदलो"},{"$i":"photo-options","$v":"फोटो विकल्प"},{"$i":"tcl-all","$v":"सब्बै"},{"$i":"tcl-speed-dial","$v":"स्पीड डायल"},{"$i":"tcl-new-contact","$v":"नमां रावता"},{"$i":"tcl-settings","$v":"सेटिंग्स"},{"$i":"tcl-save","$v":"बचाओ"},{"$i":"save","$v":"बचाओ"},{"$i":"tcl-add","$v":"जोड़ो"},{"$i":"tcl-contact-add-ringtone","$v":"रिंगटोन जोड़ो"},{"$i":"tcl-custom-dialog-title-default","$v":"पुश्टिकरण"},{"$i":"confirm-dialog-title-default","$v":"पुश्टिकरण"},{"$i":"discard","$v":"रद्द"},{"$i":"custom-tag-title","$v":"कस्टम टैग"},{"$i":"tcl-contact-added","$v":"रावता जोड़ेआ गेआ"},{"$i":"tcl-contact-updated","$v":"रावता विवरण अपडेट कीता गेआ"},{"$i":"tcl-contact-removed","$v":"रावता डिलीट कीता गेआ"},{"$i":"tcl-contact-unremoved","$v":"हटाने च असमर्थ"},{"$i":"edit-phone-type","$v":"संपादत फोन प्रकार"},{"$i":"edit-email-type","$v":"संपादत ईमेल किस्म"},{"$i":"edit-address-type","$v":"संपादत पता किस्म"},{"$i":"edit-date-type","$v":"संपादत तरीक किस्म"},{"$i":"tcl-select-phone-type","$v":"फोन किस्म चुनो"},{"$i":"tcl-select-email-type","$v":"ईमेल किस्म चुनो"},{"$i":"tcl-select-address-type","$v":"पता किस्म चुनो"},{"$i":"tcl-select-date-type","$v":"तरीक किस्म चुनो"},{"$i":"add-phone","$v":"फोन नंबर जोड़ो"},{"$i":"add-email","$v":"ईमेल जोड़ो"},{"$i":"add-address","$v":"पता जोड़ो"},{"$i":"add-date","$v":"तरीक जोड़ो"},{"$i":"add-phone-type","$v":"फोन किस्म"},{"$i":"add-email-type","$v":"ईमेल किस्म"},{"$i":"add-address-type","$v":"पता किस्म"},{"$i":"add-date-type","$v":"तरीक प्रकार"},{"$i":"delete-phone","$v":"फोन नंबर डिलीट करो"},{"$i":"delete-email","$v":"ईमेल डिलीट करो"},{"$i":"delete-address","$v":"पता डिलीट करो"},{"$i":"delete-date","$v":"तरीक डिलीट करो"},{"$i":"delete-note","$v":"नोट डिलीट करो"},{"$i":"delete-comment-warning","$v":"क्या तुस जकीनी तौर पर नोट डिलीट करना चांह्​दे ओ??"},{"$i":"tcl-deleting-messages-phone","$v":["क्या तुस जकीनी तौर पर फोन डिलीट करना चांह्​दे ओ: \"",{"t":"idOrVar","v":"type_name"},"\"?"]},{"$i":"tcl-deleting-messages-email","$v":["क्या तुस जकीनी तौर पर ईमेल डिलीट करना चांह्​दे ओ: \"",{"t":"idOrVar","v":"type_name"},"\"?"]},{"$i":"tcl-deleting-messages-address","$v":["क्या तुस जकीनी तौर पर पता डिलीट करना चांह्​दे ओ: \"",{"t":"idOrVar","v":"type_name"},"\"?"]},{"$i":"tcl-deleting-messages-date","$v":"क्या तुस जकीनी तौर पर तरीक डिलीट करना चांह्​दे ओ?"},{"$i":"deleting-message-warning","$v":["क्या तुस जकीनी तौर पर \"",{"t":"idOrVar","v":"type_name"},"\" गी डिलीट करना चांह्​दे ओ?"]},{"$i":"tcl-deleting-messages-comment","$v":"क्या तुस जकीनी तौर पर टिप्पणी डिलीट करना चांह्​दे ओ??"},{"$i":"delecting-messages-contact","$v":["क्या तुस जकीनी तौर पर रावता \"",{"t":"idOrVar","v":"type_name"},"\"डिलीट करना चांह्​दे ओ?"]},{"$i":"delecting-this-contact","$v":"इस रावते गी डिलीट करो?"},{"$i":"deleting-messages-ringtone","$v":"क्या तुस जकीनी तौर पर रिंगटोन डिलीट करना चांह्​दे ओ?"},{"$i":"deleting-messages-picture","$v":"क्या तुस जकीनी तौर पर तस्वीर हटाना चांह्​दे ओ?"},{"$i":"tcl-deleting-notification-ringtone","$v":"रिंगटोन डिलीट कीती गेई"},{"$i":"tcl-deleting-notification-comment","$v":"टिप्पणी हटाई गेई"},{"$i":"note","$v":"नोट"},{"$i":"address","$v":"पता"},{"$i":"tcl-noContacts","$v":"रावते च नेईं जोड़ी सकदे कीजे थुआढ़ी रावता सूची खाली ऐ"},{"$i":"tcl-noContacts-no-email","$v":"रावते च नेईं जोड़ी सकदे कीजे ईमेल कन्नै कोई रावता नेईं"},{"$i":"tcl-noContacts-no-tel","$v":"रावते च नेईं जोड़ी सकदे कीजे फोन नंबर कन्नै कोई रावता नेईं"},{"$i":"tcl-noContactsTitle","$v":"कोई रावते नेईं"},{"$i":"tcl-change-voice-mail","$v":"वायस मेल नंबर बदलो"},{"$i":"tcl-replace","$v":"बदलो"},{"$i":"tcl-remove-speed-dial","$v":"स्पीड डायल थमां हटाओ"},{"$i":"tcl-notification-speed-dial-added","$v":"स्पीड डायल नंबर जोड़ेआ गेआ"},{"$i":"tcl-notification-speed-dial-removed","$v":"स्पीड डायल नंबर हटाया गेआ"},{"$i":"tcl-notification-speed-dial-updated","$v":"स्पीड डायल नंबर अपडेट कीता गेआ"},{"$i":"tcl-notification-voice-mail-updated","$v":"वायस मेल नंबर अपडेट कीता गेआ"},{"$i":"tcl-notification-contact-assigned","$v":"रावता स्पीड डायल च निर्धारत कीता गेआ"},{"$i":"empty","$v":"खाली"},{"$i":"tcl-voice-mail","$v":"वायस मेल"},{"$i":"contact-confirm-save","$v":"रावता जानकारी गी रद्द करी दित्ता जाह्‌ग। क्या तुस इस रावते गी सहेजना चांह्‌दे ओ?"},{"$i":"contact-confirm-form-save","$v":"बदलाव खारज करी दित्ते जाङन। क्या तुस इस रावते गी सहेजना चांह्‌दे ओ?"},{"$i":"tcl-yes","$v":"हां"},{"$i":"tcl-no","$v":"नां"},{"$i":"tcl-default-ringtone","$v":"डिफाल्ट रिंगटोन"},{"$i":"tcl-add-ringtone","$v":"रिंगटोनां"},{"$i":"tcl-ringtone","$v":"रिंगटोन"},{"$i":"change-ringtone","$v":"रिंगटोन बदलो"},{"$i":"delete-ringtone","$v":"रिंगटोन डिलीट करो"},{"$i":"tcl-settings-title","$v":"रावते सेटिंगां"},{"$i":"settings-sort-contacts-title","$v":"रावते क्रमबद्ध करो"},{"$i":"tcl-oder-notification","$v":"बदलाव सहेजेआ गेआ"},{"$i":"changes-saved-notification","$v":"बदलाव सहेजेआ गेआ।"},{"$i":"tcl-imported-status","$v":["इंपोर्ट कीते दे ",{"t":"idOrVar","v":"n"}," रावते ",{"t":"idOrVar","v":"numDups"}," रावतें गी मर्ज कीता गेआ"]},{"$i":"tcl-on","$v":"चालू"},{"$i":"tcl-off","$v":"बंद"},{"$i":"on","$v":"चालू"},{"$i":"off","$v":"बंद"},{"$i":"tcl-contact-empty-number","$v":"खाली फोन नंबर"},{"$i":"contact-no-dial-number","$v":"डायल करने लेई कोई फोन नंबर नेईं।"},{"$i":"tcl-select-number","$v":"नंबर चुनो"},{"$i":"tcl-select-email","$v":"ईमेल चुनो"},{"$i":"select-email","$v":"ईमेल चुनो"},{"$i":"tcl-send-message","$v":"सनेहा भेजो"},{"$i":"send-email","$v":"ईमेल भेजो"},{"$i":"tcl-share","$v":"साझा करो"},{"$i":"tcl-find-duplicate","$v":"डुप्लिकेट रावते तुप्पो"},{"$i":"tcl-add-favorite","$v":"पसंदीदा दे रूप च जोड़ो"},{"$i":"tcl-remove-favorite","$v":"नापसंद"},{"$i":"tcl-link-social-networks","$v":"सोशल नेटवर्कें कन्नै लिंक करो"},{"$i":"tcl-delete","$v":"हटाना"},{"$i":"tcl-detail-send-sms","$v":"नमां SMS"},{"$i":"tcl-detail-call","$v":"कॉल"},{"$i":"tcl-detail-send-email","$v":"लिखो"},{"$i":"sms","$v":"संदेश"},{"$i":"tcl-search-contact","$v":"तपाश"},{"$i":"tcl-number","$v":["नंबर ",{"t":"idOrVar","v":"number"}]},{"$i":"tcl-custom-dialog-replace-speed-dial","$v":["क्या तुस जकीनी तौर पर स्पीड डायल ",{"t":"idOrVar","v":"oldSpeedDial"}," गी ",{"t":"idOrVar","v":"newSpeedDial"}," कन्नै बदलना चांह्​दे ओ?"]},{"$i":"custom-dialog-remove-speed-dial","$v":["क्या तुस जकीनी तौर पर स्पीड डायल से ",{"t":"idOrVar","v":"name"}," हटाना चांह्​दे ओ?"]},{"$i":"tcl-options","$v":"विकल्प"},{"$i":"tcl-success-merged","$v":[{"t":"idOrVar","v":"number"}," रावते मर्ज कीते गे"]},{"$i":"tcl-contact-confirm-merge","$v":["क्या तुस जकीनी तौर पर",{"t":"idOrVar","v":"name"}," कन्नै ",{"t":"idOrVar","v":"count"}," रावतें गी मर्ज करना चांह्​दे ओ?"]},{"$i":"tcl-merge","$v":"मर्ज करो"},{"$i":"add-speed-dial-failed-title","$v":"स्पीड डायल जोड़ना असफल"},{"$i":"add-speed-dial-failed-content","$v":[{"t":"idOrVar","v":"name"}," स्पीड डायल च पैह्‌ले थमां गै मौजूद ऐ, किरपा करियै दूआ रावता चुनो।"]},{"$i":"merge","$v":"मर्ज करो"},{"$i":"tcl-attention","$v":"ध्यान"},{"$i":"attention","$v":"ध्यान"},{"$i":"tcl-speed-dial-add-contact","$v":{"$o":"कोई रावता नेईं ऐ। <br> <br> किरपा करियै रावता बनाओ।"}},{"$i":"tcl-voice-mail-header","$v":"वायस मेल"},{"$i":"tcl-voice-mail-number","$v":"वायस मेल नंबर"},{"$i":"tcl-select-all","$v":"सब्भै चुनो"},{"$i":"tcl-deselect-all","$v":"सब्भै अन-चुने करो"},{"$i":"systemring","$v":"रिंगटोन"},{"$i":"moremusic","$v":"म्यूजिक"},{"$i":"tcl-add-ringselect","$v":"थमां चुनो"},{"$i":"type-select","$v":"चुनो"},{"$i":"dialnum-view","$v":"दिक्खो"},{"$i":"select-a-contact-title","$v":"रावता चुनो"},{"$i":"select-a-number-title","$v":"नंबर चुनो"},{"$i":"invalid-vcf-file","$v":"अमान्य vcf फाइल"},{"$i":"voiceMail","$v":"वॉयसमेल"},{"$i":"back","$v":"वापस"},{"$i":"noSimMsg","$v":"रावते इंपोर्ट करने लेई अपना सिम कार्ड पाओ जां अनलाक करो"},{"$i":"noMemoryCardMsg","$v":"रावते इंपोर्ट करने लेई मेमोरी कार्ड पाओ"},{"$i":"importMemoryCard","$v":"मेमोरी कार्ड"},{"$i":"noConnection11","$v":"फेसबुक मित्तर जां रावते इंपोर्ट करने लेई WiFi जां डेटा नेटवर्क कन्नै कनेक्ट करो"},{"$i":"emptyAccount","$v":"इस खाते च कोई मित्तर जां रावते नेईं मिले।"},{"$i":"simContacts-import","$v":"सिम रावते इंपोर्ट करो"},{"$i":"simContacts-importing","$v":"सिम कार्ड थमां रावते इंपोर्ट करना"},{"$i":"simContacts-reading","$v":"सिम कार्ड थमां रावते पढ़े जा करदे न..."},{"$i":"simContacts-error","$v":"सिम थमां रावते इंपोर्ट नेईं कीते जाई सके।"},{"$i":"simContacts-imported3","$v":{"zero":"इंपोर्ट करने लेई सिम पर कुसै रावते दा पता नेईं चलेआ","one":"इंपोर्ट कीते दा इक रावता","two":["इंपोर्ट कीते दे ",{"t":"idOrVar","v":"n"}," रावते"],"few":["इंपोर्ट कीते दे ",{"t":"idOrVar","v":"n"}," रावते"],"many":["इंपोर्ट कीते दे ",{"t":"idOrVar","v":"n"}," रावते"],"other":["इंपोर्ट कीते दे ",{"t":"idOrVar","v":"n"}," रावते"]},"$x":[{"t":"idOrVar","v":"plural"},"n"]},{"$i":"memoryCardContacts-import","$v":"मेमोरी कार्ड थमां रावते इंपोर्ट करो"},{"$i":"memoryCardContacts-importing","$v":"मेमोरी कार्ड थमां रावते इंपोर्ट होआ करदे न ..."},{"$i":"memoryCardContacts-reading","$v":"मेमोरी कार्ड थमां रावते पढ़े जा करदे न..."},{"$i":"memoryCardContacts-error","$v":"मेमोरी कार्ड थमां रावते इंपोर्ट नेईं कीते जाई सके"},{"$i":"memoryCardContacts-imported3","$v":{"zero":"इंपोर्ट करने लेई मेमोरी कार्ड पर कुसै रावते दा पता नेईं चलेआ","one":"इंपोर्ट कीते दा इक रावता","two":["इंपोर्ट कीते दे ",{"t":"idOrVar","v":"n"}," रावते"],"few":["इंपोर्ट कीते दे ",{"t":"idOrVar","v":"n"}," रावते"],"many":["इंपोर्ट कीते दे ",{"t":"idOrVar","v":"n"}," रावते"],"other":["इंपोर्ट कीते दे ",{"t":"idOrVar","v":"n"}," रावते"]},"$x":[{"t":"idOrVar","v":"plural"},"n"]},{"$i":"genericProgress","$v":[{"t":"idOrVar","v":"current"},"/",{"t":"idOrVar","v":"total"}]},{"$i":"facebook","$v":"Facebook"},{"$i":"facebook-import-msg2","$v":[{"t":"idOrVar","v":"Imported"}," / ",{"t":"idOrVar","v":"total"}," मित्तर इंपोर्ट कीते गेदे न"]},{"$i":"contactsMerged","$v":{"zero":"डुप्लिकेट कीते गेदे कुसै रावते गी मर्ज नेईं कीता गेआ","one":"इक डुप्लिकेट रावता मर्ज कीता गेआ","two":[{"t":"idOrVar","v":"numDups"}," रावते मर्ज कीते गे"],"few":[{"t":"idOrVar","v":"numDups"}," रावते मर्ज कीते गे"],"many":[{"t":"idOrVar","v":"numDups"}," रावते मर्ज कीते गे"],"other":[{"t":"idOrVar","v":"numDups"}," रावते मर्ज कीते गे"]},"$x":[{"t":"idOrVar","v":"plural"},"numDups"]},{"$i":"weekday-0-long","$v":"ऐतवार"},{"$i":"weekday-1-long","$v":"सोमवार"},{"$i":"weekday-2-long","$v":"मंगलवार"},{"$i":"weekday-3-long","$v":"बुधवार"},{"$i":"weekday-4-long","$v":"बीरवार"},{"$i":"weekday-5-long","$v":"शुक्रवार"},{"$i":"weekday-6-long","$v":"शनिवार"},{"$i":"weekday-0-short","$v":"ऐत"},{"$i":"weekday-1-short","$v":"सोम"},{"$i":"weekday-2-short","$v":"मंगल"},{"$i":"weekday-3-short","$v":"वेब"},{"$i":"weekday-4-short","$v":"वीर"},{"$i":"weekday-5-short","$v":"शुक्र"},{"$i":"weekday-6-short","$v":"शनि"},{"$i":"month-0-long","$v":"जनवरी"},{"$i":"month-1-long","$v":"फरवरी"},{"$i":"month-2-long","$v":"मार्च"},{"$i":"month-3-long","$v":"अप्रैल"},{"$i":"month-4-long","$v":"मई"},{"$i":"month-5-long","$v":"जून"},{"$i":"month-6-long","$v":"जुलाई"},{"$i":"month-7-long","$v":"अगस्त"},{"$i":"month-8-long","$v":"सितंबर"},{"$i":"month-9-long","$v":"अक्टूबर"},{"$i":"month-10-long","$v":"नवंबर"},{"$i":"month-11-long","$v":"दिसंबर"},{"$i":"month-0-genitive","$v":"जनवरी"},{"$i":"month-1-genitive","$v":"फरवरी"},{"$i":"month-2-genitive","$v":"मार्च"},{"$i":"month-3-genitive","$v":"अप्रैल"},{"$i":"month-4-genitive","$v":"मई"},{"$i":"month-5-genitive","$v":"जून"},{"$i":"month-6-genitive","$v":"जुलाई"},{"$i":"month-7-genitive","$v":"अगस्त"},{"$i":"month-8-genitive","$v":"सितंबर"},{"$i":"month-9-genitive","$v":"अक्टूबर"},{"$i":"month-10-genitive","$v":"नवंबर"},{"$i":"month-11-genitive","$v":"दिसंबर"},{"$i":"month-0-short","$v":"जनवरी"},{"$i":"month-1-short","$v":"फरवरी"},{"$i":"month-2-short","$v":"मार्च"},{"$i":"month-3-short","$v":"अप्रैल"},{"$i":"month-4-short","$v":"मई"},{"$i":"month-5-short","$v":"जून"},{"$i":"month-6-short","$v":"जुलाई"},{"$i":"month-7-short","$v":"अगस्त"},{"$i":"month-8-short","$v":"सितम्बर"},{"$i":"month-9-short","$v":"अक्टूबर"},{"$i":"month-10-short","$v":"नवंबर"},{"$i":"month-11-short","$v":"दिसंबर"},{"$i":"minutes-ago-long","$v":{"zero":"हूनै","one":"इक मिनट पैह्‌ले","two":[{"t":"idOrVar","v":"value"}," मिनट पैह्‌ले"],"few":[{"t":"idOrVar","v":"value"}," मिनट पैह्‌ले"],"many":[{"t":"idOrVar","v":"value"}," मिनट पैह्‌ले"],"other":[{"t":"idOrVar","v":"value"}," मिनट पैह्‌ले"]},"$x":[{"t":"idOrVar","v":"plural"},"value"]},{"$i":"hours-ago-long","$v":{"zero":"हूनै","one":"इक घैंटा पैह्‌ले","two":[{"t":"idOrVar","v":"value"}," घैंटे पैह्‌ले"],"few":[{"t":"idOrVar","v":"value"}," घैंटे पैह्‌ले"],"many":[{"t":"idOrVar","v":"value"}," घैंटे पैह्‌ले"],"other":[{"t":"idOrVar","v":"value"}," घैंटे पैह्‌ले"]},"$x":[{"t":"idOrVar","v":"plural"},"value"]},{"$i":"days-ago-long","$v":{"zero":"अज्ज","one":"कल","two":[{"t":"idOrVar","v":"value"}," दिन पैह्‌ले"],"few":[{"t":"idOrVar","v":"value"}," दिन पैह्‌ले"],"many":[{"t":"idOrVar","v":"value"}," दिन पैह्‌ले"],"other":[{"t":"idOrVar","v":"value"}," दिन पैह्‌ले"]},"$x":[{"t":"idOrVar","v":"plural"},"value"]},{"$i":"weeks-ago-long","$v":{"zero":"इस हफ्ते","one":"पिछले हफ्ते","two":[{"t":"idOrVar","v":"value"}," हफ्ते पैह्‌ले"],"few":[{"t":"idOrVar","v":"value"}," हफ्ते पैह्‌ले"],"many":[{"t":"idOrVar","v":"value"}," हफ्ते पैह्‌ले"],"other":[{"t":"idOrVar","v":"value"}," हफ्ते पैह्‌ले"]},"$x":[{"t":"idOrVar","v":"plural"},"value"]},{"$i":"months-ago-long","$v":{"zero":"इस म्हीने","one":"पिछले म्हीने","two":[{"t":"idOrVar","v":"value"}," म्हीने पैह्‌ले"],"few":[{"t":"idOrVar","v":"value"}," म्हीने पैह्‌ले"],"many":[{"t":"idOrVar","v":"value"}," म्हीने पैह्‌ले"],"other":[{"t":"idOrVar","v":"value"}," म्हीने पैह्‌ले"]},"$x":[{"t":"idOrVar","v":"plural"},"value"]},{"$i":"years-ago-long","$v":{"zero":"इस ब'रे","one":"पिछले ब'रे","two":[{"t":"idOrVar","v":"value"}," ब'रे पैह्‌ले"],"few":[{"t":"idOrVar","v":"value"}," ब'रे पैह्‌ले"],"many":[{"t":"idOrVar","v":"value"}," ब'रे पैह्‌ले"],"other":[{"t":"idOrVar","v":"value"}," ब'रे पैह्‌ले"]},"$x":[{"t":"idOrVar","v":"plural"},"value"]},{"$i":"minutes-until-long","$v":{"zero":"हून","one":"इक मिनट च","two":[{"t":"idOrVar","v":"value"}," मिनटें च"],"few":[{"t":"idOrVar","v":"value"}," मिनटें च"],"many":[{"t":"idOrVar","v":"value"}," मिनटें च"],"other":[{"t":"idOrVar","v":"value"}," मिनटें च"]},"$x":[{"t":"idOrVar","v":"plural"},"value"]},{"$i":"hours-until-long","$v":{"zero":"हून","one":"इक घैंटे च","two":[{"t":"idOrVar","v":"value"}," घैंटें च"],"few":[{"t":"idOrVar","v":"value"}," घैंटें च"],"many":[{"t":"idOrVar","v":"value"}," घैंटें च"],"other":[{"t":"idOrVar","v":"value"}," घैंटें च"]},"$x":[{"t":"idOrVar","v":"plural"},"value"]},{"$i":"days-until-long","$v":{"zero":"अज्ज","one":"कल","two":[{"t":"idOrVar","v":"value"}," दिनें च"],"few":[{"t":"idOrVar","v":"value"}," दिनें च"],"many":[{"t":"idOrVar","v":"value"}," दिनें च"],"other":[{"t":"idOrVar","v":"value"}," दिनें च"]},"$x":[{"t":"idOrVar","v":"plural"},"value"]},{"$i":"weeks-until-long","$v":{"zero":"इस हफ्ते","one":"अगले हफ्ते","two":[{"t":"idOrVar","v":"value"},"हफ्तें च"],"few":[{"t":"idOrVar","v":"value"},"हफ्तें च"],"many":[{"t":"idOrVar","v":"value"},"हफ्तें च"],"other":[{"t":"idOrVar","v":"value"},"हफ्तें च"]},"$x":[{"t":"idOrVar","v":"plural"},"value"]},{"$i":"months-until-long","$v":{"zero":"इस म्हीने","one":"अगले म्हीने","two":[{"t":"idOrVar","v":"value"}," म्हीनें च"],"few":[{"t":"idOrVar","v":"value"}," म्हीनें च"],"many":[{"t":"idOrVar","v":"value"}," म्हीनें च"],"other":[{"t":"idOrVar","v":"value"}," म्हीनें च"]},"$x":[{"t":"idOrVar","v":"plural"},"value"]},{"$i":"years-until-long","$v":{"zero":"इस ब'रे","one":"अगले ब'रे","two":[{"t":"idOrVar","v":"value"},"ब'रें च"],"few":[{"t":"idOrVar","v":"value"},"ब'रें च"],"many":[{"t":"idOrVar","v":"value"},"ब'रें च"],"other":[{"t":"idOrVar","v":"value"},"ब'रें च"]},"$x":[{"t":"idOrVar","v":"plural"},"value"]},{"$i":"minutes-ago-short","$v":{"zero":"हूनै","other":[{"t":"idOrVar","v":"value"}," मिनट पैह्‌ले"]},"$x":[{"t":"idOrVar","v":"plural"},"value"]},{"$i":"hours-ago-short","$v":{"zero":"हूनै","other":[{"t":"idOrVar","v":"value"}," घैंटे पैह्‌ले"]},"$x":[{"t":"idOrVar","v":"plural"},"value"]},{"$i":"days-ago-short","$v":{"zero":"अज्ज","other":[{"t":"idOrVar","v":"value"}," दिन पैह्‌ले"]},"$x":[{"t":"idOrVar","v":"plural"},"value"]},{"$i":"minutes-until-short","$v":{"zero":"हून","other":[{"t":"idOrVar","v":"value"},"मिनटें च"]},"$x":[{"t":"idOrVar","v":"plural"},"value"]},{"$i":"hours-until-short","$v":{"zero":"हून","other":[{"t":"idOrVar","v":"value"}," घैंटें च"]},"$x":[{"t":"idOrVar","v":"plural"},"value"]},{"$i":"days-until-short","$v":{"zero":"अज्ज","other":[{"t":"idOrVar","v":"value"},"दिनें च"]},"$x":[{"t":"idOrVar","v":"plural"},"value"]},{"$i":"incorrectDate","$v":"(गलत तरीक)"},{"$i":"dateTimeFormat_%c","$v":"%a %b %e %Y %I:%M:%S %p"},{"$i":"dateTimeFormat_%x","$v":"%m/%d/%Y"},{"$i":"dateTimeFormat_%X","$v":"%I:%M:%S %p"},{"$i":"shortTimeFormat","$v":"%I:%M %p"},{"$i":"shortTimeFormat12","$v":"%I:%M %p"},{"$i":"shortTimeFormat24","$v":"%H:%M"},{"$i":"shortDateTimeFormat","$v":"%x %I:%M %p"},{"$i":"weekStartsOnMonday","$v":"0"},{"$i":"firstDayOfTheWeek","$v":"0"},{"$i":"time_am","$v":"AM"},{"$i":"time_pm","$v":"PM"},{"$i":"label","$v":"लेबल"},{"$i":"mobile","$v":"मोबाइल"},{"$i":"home","$v":"होम"},{"$i":"work","$v":"कारज"},{"$i":"personal","$v":"निजी"},{"$i":"faxHome","$v":"फैक्स होम"},{"$i":"faxOffice","$v":"फैक्स दफ्तर"},{"$i":"faxOther","$v":"फैक्स होर"},{"$i":"another","$v":"इक होर"},{"$i":"other","$v":"होर"},{"$i":"tcl-customTag","$v":"कस्टम टैग"},{"$i":"customTag","$v":"कस्टम टैग","placeholder":"कस्टम टैग"},{"$i":"current","$v":"मौजूदा"},{"$i":"itemWithLabel","$v":[{"t":"idOrVar","v":"label"},", ",{"t":"idOrVar","v":"item"}]},{"$i":"waitDuplicateContacts","$v":"डुप्लिकेट रावतें दी तलाश च"},{"$i":"waitMergingDuplicateContacts","$v":"डुप्लिकेट रावते मर्ज करना"},{"$i":"alertNoDuplicateContacts","$v":"कोई डुप्लिकेट रावता नेईं मिलेआ"},{"$i":"curtainCancel","$v":"रद्द करो"},{"$i":"close","$v":"बंद करो"},{"$i":"mergeDuplicateTitle","$v":"डुप्लिकेट मिलेआ"},{"$i":"suggestedDuplicatesMessage","innerHTML":{"$o":["<bdi>",{"t":"idOrVar","v":"name"},"</bdi>लेई सुझामें डुप्लिकेट रावते"]}},{"$i":"mergeActionButtonLabel","$v":{"zero":"कोई रावता चुनिंदा नेईं","one":[{"t":"idOrVar","v":"n"},"रावते कन्नै मर्ज करो"],"two":[{"t":"idOrVar","v":"n"},"रावतें कन्नै मर्ज करो"],"few":[{"t":"idOrVar","v":"n"},"रावतें कन्नै मर्ज करो"],"many":[{"t":"idOrVar","v":"n"},"रावतें कन्नै मर्ज करो"],"other":[{"t":"idOrVar","v":"n"},"रावतें कन्नै मर्ज करो"]},"$x":[{"t":"idOrVar","v":"plural"},"n"]},{"$i":"duplicatesFoundTitle","$v":"डुप्लिकेट मिलेआ"},{"$i":"foundDuplicatesMessage","innerHTML":"एह्‌कड़े रावतें च डुप्लिकेट जानकारी मिली ही। क्या तुस मर्ज करना चांह्​दे ओ?"},{"$i":"tcl-merge-selected-counts","$v":[{"t":"idOrVar","v":"n"}," चुनिंदा"]},{"$i":"tcl-wait-duplicate-contacts","$v":"डुप्लिकेट रावते तुप्पो"},{"$i":"tcl-wait-txt","$v":"डुप्लिकेट रावतें दी तलाश च…"},{"$i":"import","$v":"इंपोर्ट"},{"$i":"fbFriends","$v":"Facebook दोस्त"},{"$i":"live-serviceName","$v":"आउटलुक"},{"$i":"gmail-serviceName","$v":"जीमेल"},{"$i":"facebook-serviceName","$v":"Facebook दोस्त"},{"$i":"viewAll","$v":"सब्भै Facebook मित्तर दिक्खो"},{"$i":"viewRecommend","$v":"सिर्फ सफारश-शुदा दिक्खो"},{"$i":"linkProposal","$v":{"zero":"कोई मेल खंदे मित्तर नेईं सब्भै दस्सै करदा ऐ","one":"इक सुझामां चुनो","two":"इक सफारश-शुदा चुनो","few":"इक सफारश-शुदा चुनो","many":"इक सफारश-शुदा चुनो","other":"इक सफारश-शुदा चुनो"},"$x":[{"t":"idOrVar","v":"plural"},"numFriends"]},{"$i":"fbFriendsFound","$v":{"zero":"थुआढ़े सब्भै मित्तर इंपोर्ट कीते गेदे न","one":"इंपोर्ट करने लेई इक मित्तर मिलेआ","two":["इंपोर्ट करने लेई ",{"t":"idOrVar","v":"numFriends"}," मित्तर मिले"],"few":["इंपोर्ट करने लेई ",{"t":"idOrVar","v":"numFriends"}," मित्तर मिले"],"many":["इंपोर्ट करने लेई ",{"t":"idOrVar","v":"numFriends"}," मित्तर मिले"],"other":["इंपोर्ट करने लेई ",{"t":"idOrVar","v":"numFriends"}," मित्तर मिले"]},"$x":[{"t":"idOrVar","v":"plural"},"numFriends"]},{"$i":"fbNoFriends","$v":"इंपोर्ट करने लेई कोई बी रावता उपलब्ध नेईं ऐ"},{"$i":"done-search","$v":"होई गेआ"},{"$i":"progressFB3ImportTitle","$v":"रावतें च मित्तरें गी इंपोर्ट करना"},{"$i":"progressFB","$v":[{"t":"idOrVar","v":"current"},"/",{"t":"idOrVar","v":"total"}]},{"$i":"progressFB3UpdateTitle","$v":"रावतें च मित्तर अपडेट होआ करदे न"},{"$i":"message2","$v":"इस च किश मिनट लग्गी सकदे न"},{"$i":"messageLinking","$v":"किरपा करियै होल्ड करी रक्खो। अस थुआढ़े मित्तर ते थुआढ़े रावता गी जोड़ै करनेआं।"},{"$i":"error1","$v":[{"t":"idOrVar","v":"from"},"त्रुटि"]},{"$i":"error2","$v":"क्या तुस परतियै कोशिश करना चांह्​दे ओ?"},{"$i":"errorProposal","$v":"प्रस्तावें दा गिनती होआ करदा ऐ"},{"$i":"errorFriends","$v":"मित्तर मुड़-हासल करना"},{"$i":"errorLinking","$v":"रावता लिंक होआ करदा ऐ"},{"$i":"timeout1","$v":[{"t":"idOrVar","v":"from"}," टाइमआउट बधी गेदा ऐ"]},{"$i":"timeout2","$v":"क्या तुस परतियै कोशिश करना चांह्​दे ओ?"},{"$i":"timeoutProposal","$v":"प्रस्तावें दा गिनती होआ करदा ऐ"},{"$i":"timeoutFriends","$v":"मित्तर मुड़-हासल करना"},{"$i":"timeoutLinking","$v":"रावते लिंक होआ करदे न"},{"$i":"wait1","$v":"किरपा करियै होल्ड करी रक्खो"},{"$i":"wait2","$v":"इस च किश मिनट लग्गी सकदे न"},{"$i":"waitProposal","$v":"किरपा करियै होल्ड करी रक्खो। अस पेशकश दी गिनती करै करनेआं।"},{"$i":"waitFriends","$v":"किरपा करियै होल्ड करी रक्खो। अस थुआढ़ी मित्तर सूची हासल करने लेई कनेक्ट होआ करनेआं।"},{"$i":"curtainRetry","$v":"पुनः प्रयास करें"},{"$i":"curtainOK","$v":"ठीक ऐ"},{"$i":"connectionLost","$v":"कोई इंटरनेट कनेक्शन नेईं"},{"$i":"connectionLostMsg","$v":"मित्तरें दियां तस्वीरां थुआढ़े रावतें च नेईं जोड़ियां जाङन फ्ही बी जारी रक्खो?"},{"$i":"yesOption","$v":"ठीक ऐ"},{"$i":"noOption","$v":"रद्द करो"},{"$i":"waitFriendslive","$v":"आउटलुक थमां रावते पढ़ना…"},{"$i":"waitFriendsgmail","$v":"Gmail थमां रावते पढ़े जा करदे न..."},{"$i":"friendsUpdated","$v":{"zero":"कोई मित्तर अपडेट नेईं होआ","one":"अपडेटड इक मित्तर","two":[{"t":"idOrVar","v":"numFriends"}," मित्तर अपडेट कीते गे"],"few":[{"t":"idOrVar","v":"numFriends"}," मित्तर अपडेट कीते गे"],"many":[{"t":"idOrVar","v":"numFriends"}," मित्तर अपडेट कीते गे"],"other":[{"t":"idOrVar","v":"numFriends"}," मित्तर अपडेट कीते गे"]},"$x":[{"t":"idOrVar","v":"plural"},"numFriends"]},{"$i":"friendsMerged","$v":{"zero":"डुप्लिकेट कीते गेदे कुसै मित्तर गी मर्ज नेईं कीता गेआ","one":"इक डुप्लिकेट मित्तर मर्ज कीता गेआ","two":[{"t":"idOrVar","v":"numDups"}," मित्तर मर्ज कीते गे"],"few":[{"t":"idOrVar","v":"numDups"}," मित्तर मर्ज कीते गे"],"many":[{"t":"idOrVar","v":"numDups"}," मित्तर मर्ज कीते गे"],"other":[{"t":"idOrVar","v":"numDups"}," मित्तर मर्ज कीते गे"]},"$x":[{"t":"idOrVar","v":"plural"},"numDups"]},{"$i":"notificationLogin","$v":"थुआढ़ा Facebook सत्र अमान्य ऐ। किरपा करियै साइन इन करो।"},{"$i":"syncError","$v":"थुआढ़े मित्तर दे डेटा गी सिंक्रनाइज़ करने च त्रुटि होई"},{"$i":"progressFB3liveTitle","$v":"आउटलुक थमां रावते इंपोर्ट करना…"},{"$i":"progressFB3gmailTitle","$v":"Gmail थमां रावते इंपोर्ट करना…"},{"$i":"tcl-calllog-entry-removed-succ-notification","$v":"काल लाग प्रविश्टि हटाई गेई"},{"$i":"tcl-calllog-entry-removed-err-notification","$v":"काल लाग प्रविश्टि हटाई नेईं सकदे"},{"$i":"addNewNumber","$v":"नमां नंबर जोड़ो"},{"$i":"contactDetails","$v":"कन्टेक्ट सरबंधी ब्यौरे"},{"$i":"addToExistingContact","$v":"मौजूदा रावते च जोड़ो"},{"$i":"all","$v":"सब्बै","ariaLabel":"सब्बै"},{"$i":"bluetoothOption","ariaLabel":"ब्लूटुथ"},{"$i":"callLog","$v":"काल लाग"},{"$i":"callLogEdit","title":"संपादत काल लाग"},{"$i":"tcl-option-menu-call-log-edit","$v":"संपादत काल लाग"},{"$i":"callLogEditDialog","ariaLabel":"काल लाग डायलग संपादत करो"},{"$i":"tcl-call-log-delete-group-notification","$v":[{"t":"idOrVar","v":"n"}," प्रविश्टियां डिलीट कीती गेइयां"]},{"$i":"connecting","$v":"जुड़ा’रदा ऐ"},{"$i":"connectingEllipsis","$v":"जुड़ा’रदा ऐ..."},{"$i":"call-forwarding-async","$v":["अतुल्यकालिक: ",{"t":"idOrVar","v":"async"}]},{"$i":"call-forwarding-data","$v":["डेटाः ",{"t":"idOrVar","v":"data"}]},{"$i":"call-forwarding-error","$v":"काल फारवर्डिंग स्थिति मुड़-हासल करदे बेल्लै त्रुटि होई"},{"$i":"call-forwarding-fax","$v":["FAX: ",{"t":"idOrVar","v":"fax"}]},{"$i":"call-forwarding-inactive","$v":"निश्क्रिय"},{"$i":"call-forwarding-packet","$v":["पैकेट: ",{"t":"idOrVar","v":"packet"}]},{"$i":"call-forwarding-pad","$v":["PAD: ",{"t":"idOrVar","v":"pad"}]},{"$i":"call-forwarding-sms","$v":["SMS: ",{"t":"idOrVar","v":"sms"}]},{"$i":"call-forwarding-status","$v":"काल फारवर्डिंग स्थिति"},{"$i":"call-forwarding-sync","$v":["सिंगक्रनस: ",{"t":"idOrVar","v":"sync"}]},{"$i":"call-forwarding-voice","$v":["वायस: ",{"t":"idOrVar","v":"voice"}]},{"$i":"confirm-deletion","$v":"चुनिंदा काल साफ करो?"},{"$i":"createNewContact","$v":"नमां रावता बनाओ"},{"$i":"calllog-deselectAll","$v":"सब्भै अन-चुने करो"},{"$i":"dialerAddContact","ariaLabel":"कन्टेक्ट जोड़ो"},{"$i":"dialerAddContactDialog","ariaLabel":"रावता डायलग जोड़ो"},{"$i":"callInformation","$v":"काल जानकारी"},{"$i":"edit-selected","$v":{"one":["चुनिंदा (",{"t":"idOrVar","v":"n"},")"],"two":["चुनिंदा (",{"t":"idOrVar","v":"n"},")"],"few":["चुनिंदा (",{"t":"idOrVar","v":"n"},")"],"many":["चुनिंदा (",{"t":"idOrVar","v":"n"},")"],"other":["चुनिंदा (",{"t":"idOrVar","v":"n"},")"]},"$x":[{"t":"idOrVar","v":"plural"},"n"]},{"$i":"tcl-edit-not-selected","$v":"चुनिंदा (0)"},{"$i":"hideKeypad","ariaLabel":"कीपैड छपैलो"},{"$i":"ignore","$v":"काल नजरअंदाज करो"},{"$i":"incoming","$v":"इनकमिंग"},{"$i":"keypad","ariaLabel":"कीपैड"},{"$i":"info-missed","$v":"मिस्ड"},{"$i":"missed","$v":"मिस्ड","ariaLabel":"मिस्ड"},{"$i":"dialed","$v":"डायल कीते गेदे"},{"$i":"received","$v":"हासल कीता"},{"$i":"canceled","$v":"रद्द ऐ"},{"$i":"missedCall","$v":"मिस्ड कॉल"},{"$i":"missedCallMultiSims","$v":["(सिम ",{"t":"idOrVar","v":"n"},") मिस्ड काल"]},{"$i":"mmi-error","$v":"सनेहा भेजदे बेल्लै त्रुटि होई"},{"$i":"mmi-session-expired","$v":"सत्र मन्याद खत्म होई"},{"$i":"mmi-successfully-sent","$v":"सनेहा सफलतापूर्वक भेजी दित्ता"},{"$i":"mmi-notification-title-with-sim","$v":["(",{"t":"idOrVar","v":"sim"},") ",{"t":"idOrVar","v":"title"}]},{"$i":"mute","ariaLabel":"म्यूट करो"},{"$i":"newCall","ariaLabel":"नमीं काल"},{"$i":"no-logs-msg-1","$v":"कोई काल रिकार्ड नेईं ऐ"},{"$i":"no-logs-msg-2","$v":"हून संचार शुरू करो"},{"$i":"no-logs-msg-3","$v":"कोई काल रिकार्ड नेईं ऐ"},{"$i":"no-logs-msg-4","$v":"हून संचार शुरू करो"},{"$i":"onHoldOption","ariaLabel":"होल्ड पर"},{"$i":"outgoing","$v":"आउटगोइंग"},{"$i":"recents","ariaLabel":"हालिया कालां"},{"$i":"reply","$v":"जवाब देओ"},{"$i":"calllog-selectAll","$v":"सब्भै चुनो"},{"$i":"send","$v":"भेजो"},{"$i":"switch-calls","$v":"कालां स्विच करो"},{"$i":"withheld-number","$v":"अज्ञात"},{"$i":"from-contact","$v":[{"t":"idOrVar","v":"contact"}," थमां"]},{"$i":"from-number","$v":[{"t":"idOrVar","v":"number"}," थमां"]},{"$i":"from-withheld-number","$v":"अनजांते नंबर थमां"},{"$i":"sending","$v":"भेजै  करदा ऐ…"},{"$i":"speakerOption","ariaLabel":"स्पीकर"},{"$i":"ussd-services","$v":[{"t":"idOrVar","v":"operator"}," सेवां"]},{"$i":"toggleKeypad","ariaLabel":"कीपैड टागल करो"},{"$i":"type-your-response","placeholder":"अपनी प्रतिक्रिया टाइप करो..."},{"$i":"clear-all-text","$v":"सबूरा पाठ साफ करो"},{"$i":"hide","$v":"छपैलो"},{"$i":"call","$v":"कॉल"},{"$i":"hold","ariaLabel":"होल्ड"},{"$i":"resume","$v":"बायोडाटा","ariaLabel":"बायोडाटा"},{"$i":"sendSms","$v":"सनेहा भेजो"},{"$i":"callEnded","$v":"काल खत्म"},{"$i":"via-sim","$v":["सिम ",{"t":"idOrVar","v":"n"}," राहें"]},{"$i":"sim-number","$v":["सिम",{"t":"idOrVar","v":"n"}]},{"$i":"unknown","$v":"अज्ञात"},{"$i":"hangup-a11y-button","ariaLabel":"हैंग अप"},{"$i":"pickup-a11y-button","ariaLabel":"पिक अप"},{"$i":"unlock-a11y-button","ariaLabel":"स्लाइडर"},{"$i":"settings","$v":"सेटिंग्स"},{"$i":"tcl-delete-log","$v":"क्या तुस जकीनी तौर पर काल लाग थमां चुनिंदा इंदराजें गी डिलीट करना चांह्​दे ओ?"},{"$i":"delete-n-log?","$v":{"zero":"किश बी चुनिंदा नेईं","one":"चुनिंदा लाग डिलीट करो?","two":[{"t":"idOrVar","v":"n"}," लागां डिलीट करो?"],"few":[{"t":"idOrVar","v":"n"}," लागां डिलीट करो?"],"many":[{"t":"idOrVar","v":"n"}," लागां डिलीट करो?"],"other":[{"t":"idOrVar","v":"n"}," लागां डिलीट करो?"]},"$x":[{"t":"idOrVar","v":"plural"},"n"]},{"$i":"callDurationMinutes","$v":[{"t":"idOrVar","v":"m"},":",{"t":"idOrVar","v":"s"}]},{"$i":"callDurationHours","$v":[{"t":"idOrVar","v":"h"},":",{"t":"idOrVar","v":"m"},":",{"t":"idOrVar","v":"s"}]},{"$i":"callDurationTextFormatSeconds","$v":[{"t":"idOrVar","v":"s"}," सेकंड"]},{"$i":"callDurationTextFormatMinutes","$v":[{"t":"idOrVar","v":"m"}," m ",{"t":"idOrVar","v":"s"}," s"]},{"$i":"callDurationTextFormatHours","$v":[{"t":"idOrVar","v":"h"}," घैंटे ",{"t":"idOrVar","v":"m"}," मिनट ",{"t":"idOrVar","v":"s"},"सेकंड"]},{"$i":"suggestionMatches","$v":{"one":["\"",{"t":"idOrVar","v":"matchNumber"},"\" ",{"t":"idOrVar","v":"n"}," लेई मिलान करो"],"two":["\"",{"t":"idOrVar","v":"matchNumber"},"\" ",{"t":"idOrVar","v":"n"}," लेई मिलान करो"],"few":["\"",{"t":"idOrVar","v":"matchNumber"},"\" ",{"t":"idOrVar","v":"n"}," लेई मिलान करो"],"many":["\"",{"t":"idOrVar","v":"matchNumber"},"\" ",{"t":"idOrVar","v":"n"}," लेई मिलान करो"],"other":["\"",{"t":"idOrVar","v":"matchNumber"},"\" ",{"t":"idOrVar","v":"n"}," लेई मिलान करो"]},"$x":[{"t":"idOrVar","v":"plural"},"n"]},{"$i":"scCallBarring","$v":"काल प्रतिबंधित"},{"$i":"scCallForwarding","$v":"काल फारवर्डिंग"},{"$i":"scClip","$v":"इनकमिंग कालर ID"},{"$i":"scClir","$v":"आउटगोइंग कालर ID"},{"$i":"scPwd","$v":"पासवर्ड बदलाव"},{"$i":"scCallWaiting","$v":"काल इंतजार च ऐ"},{"$i":"scPin","$v":"PIN बदलाव"},{"$i":"scPin2","$v":"पिन 2 बदलाव"},{"$i":"scPuk","$v":"पिन अन-ब्लाक करो"},{"$i":"scPuk2","$v":"पिन 2 अन-ब्लाक करो"},{"$i":"scImei","$v":"IMEI"},{"$i":"scMeid","$v":"MEID"},{"$i":"scUssd","$v":"USSD"},{"$i":"serviceClassVoice","$v":"वायस"},{"$i":"serviceClassData","$v":"डेटा"},{"$i":"serviceClassFax","$v":"FAX"},{"$i":"serviceClassSms","$v":"SMS"},{"$i":"serviceClassDataSync","$v":"सिंक करो"},{"$i":"serviceClassDataAsync","$v":"एसिंक"},{"$i":"serviceClassPacket","$v":"पैकेट"},{"$i":"serviceClassPad","$v":"PAD"},{"$i":"smServiceEnabled","$v":"सेवा समर्थ ही"},{"$i":"smServiceDisabled","$v":"सेवा नकारा करी दित्ती गेई ऐ"},{"$i":"smServiceRegistered","$v":"पंजीकरण सफल रेहा"},{"$i":"smServiceErased","$v":"डिलीट करना सफल रेहा"},{"$i":"smServiceInterrogated","$v":"अनुरोध सफल हा"},{"$i":"smServiceNotProvisioned","$v":"सेवा गी प्रावधान नेईं कीता गेआ"},{"$i":"smClirPermanent","$v":"तुस कालर ID सेटिंग नेईं बदली सकदे"},{"$i":"smClirDefaultOnNextCallOn","$v":"कालर ID प्रतिबंधत करने लेई डिफाल्ट। अगली काल: वर्जत"},{"$i":"smClirDefaultOnNextCallOff","$v":"कालर ID प्रतिबंधत करने लेई डिफाल्ट। अगली काल: वर्जत नेईं"},{"$i":"smClirDefaultOffNextCallOn","$v":"कालर ID डिफाल्ट रूप कन्नै वर्जत नेईं ऐ। अगली काल: वर्जत"},{"$i":"smClirDefaultOffNextCallOff","$v":"कालर ID डिफाल्ट रूप कन्नै वर्जत नेईं ऐ। अगली काल: वर्जत नेईं"},{"$i":"smServiceEnabledFor","$v":":लेई सेवा समर्थ कीता गेई ही"},{"$i":"smPinChanged","$v":"पिन सफलतापूर्वक बदलेआ गेआ"},{"$i":"smPinUnblocked","$v":"पिन सफलतापूर्वक अनब्लाक कीता गेआ"},{"$i":"smPin2Changed","$v":"पिन 2 सफलतापूर्वक बदली गेआ"},{"$i":"smPin2Unblocked","$v":"पिन 2 सफलतापूर्वक अनब्लाक कीता गेआ"},{"$i":"ServiceIsEnabled","$v":"सेवा समर्थ ऐ"},{"$i":"ServiceIsDisabled","$v":"सेवा नकारा ऐ"},{"$i":"ServiceIsEnabledFor","$v":"इसदे लेई सेवा समर्थ ऐ:"},{"$i":"emMmiError","$v":"कनेक्शन समस्या जां अमान्य MMI कोड"},{"$i":"emMmiErrorPasswordIncorrect","$v":"गलत पासवर्ड"},{"$i":"emMmiErrorNotSupported","$v":"अमान्य जां असमर्थत MMI कोड"},{"$i":"emMmiErrorInvalidAction","$v":"अमान्य कार्रवाई"},{"$i":"emMmiErrorInvalidScCode","$v":"अमान्य सेवा कोड"},{"$i":"emMmiErrorBadPuk","$v":"थुआढ़े आसेआ टाइप कीता गेआ PUK स्हेई नेईं ऐ"},{"$i":"emMmiErrorBadPin","$v":"थुआढ़े आसेआ टाइप कीता गेदा पराना पिन स्हेई नेईं ऐ।"},{"$i":"emMmiErrorNeedPuk2","$v":"सिम कार्ड अन-ब्लाक करने लेई PUK2 टाइप करो"},{"$i":"emMmiErrorMismatchPin","$v":"थुआढ़े आसेआ टाइप कीते गेदे पिन मेल नेईं खंदे न"},{"$i":"emMmiErrorInvalidPin","$v":"4 थमां 8 नंबर आह्‌ला पिन टाइप करो"},{"$i":"emMmiErrorNeedsPuk","$v":"थुआढ़ा सिम कार्ड PUK- लाक ऐ"},{"$i":"emMmiErrorEnablePin","$v":"असफल। सिम / RUIM लाक समर्थ करो"},{"$i":"emMmiErrorMmiFdn","$v":"प्रक्रिया फिक्सड डायलिंग नंबरें लेई गै सीमत ऐ"},{"$i":"emMmiErrorStkCcUssdDial","$v":"USSD आवेदन DIAL आवेदन च संशोधत कीता गेआ ऐ।"},{"$i":"emMmiErrorStkCcUssdSs","$v":"USSD आवेदन SS आवेदन च संशोधत कीता गेआ ऐ।"},{"$i":"emMmiErrorStkCcUssdUssd","$v":"USSD अनुरोध गी नमें USSD अनुरोध च संशोधत कीता गेआ ऐ"},{"$i":"emMmiErrorStkCcSsDial","$v":"SS अनुरोध डायल अनुरोध च संशोधत कीता गेआ ऐ"},{"$i":"emMmiErrorStkCcSsUssd","$v":"SS अनुरोध USSD अनुरोध च संशोधत कीता गेआ ऐ"},{"$i":"emMmiErrorStkCcSsSs","$v":"SS अनुरोध गी नमें SS अनुरोध च संशोधत कीता गेआ ऐ"},{"$i":"emMmiErrorPinPukAttempts","$v":{"one":["सिर्फ ",{"t":"idOrVar","v":"n"}," कोशश बाकी ऐ"],"two":[{"t":"idOrVar","v":"n"}," मुड़-कोशिशां बाकी न"],"few":[{"t":"idOrVar","v":"n"}," मुड़-कोशिशां बाकी न"],"many":[{"t":"idOrVar","v":"n"}," मुड़-कोशिशां बाकी न"],"other":[{"t":"idOrVar","v":"n"}," मुड़-कोशिशां बाकी न"]},"$x":[{"t":"idOrVar","v":"plural"},"n"]},{"$i":"emMmiErrorSimBlocked","$v":"मुड़-कोशिशें दी बद्धो-बद्ध संख्या पार होई गेई। सिम ब्लाक ऐ"},{"$i":"RadioNotAvailable","$v":"रेडियो उपलब्ध नेईं ऐ"},{"$i":"GenericFailure","$v":"सामान्य असफलता"},{"$i":"PasswordIncorrect","$v":"गलत पासवर्ड"},{"$i":"SimPin2","$v":"सिम पिन 2"},{"$i":"SimPuk2","$v":"सिम PUK2"},{"$i":"RequestNotSupported","$v":"अनुरोध समर्थत नेईं ऐ"},{"$i":"OpNotAllowedDuringVoiceCall","$v":"वायसकाल दरान प्रक्रिया दी मंजूरी नेईं"},{"$i":"SmsSendFailRetry","$v":"SMS भेजना असफल मुड़-कोशिश"},{"$i":"SimAbsent","$v":"सिम गैर-हाजर"},{"$i":"SubscriptionNotAvailable","$v":"सदस्यता उपलब्ध नेईं ऐ"},{"$i":"ModeNotSupported","$v":"मोड समर्थत नेईं"},{"$i":"FdnCheckFailure","$v":"FDN जांच असफलता"},{"$i":"IllegalSimOrMe","$v":"अवैध सिम जां ME"},{"$i":"DialModifiedToUssd","$v":"डायल USSD करने लेई संशोधत"},{"$i":"DialModifiedToSs","$v":"डायल SS करने लेई संशोधत"},{"$i":"DialModifiedToDial","$v":"डायल करने लेई डायल संशोधत"},{"$i":"UssdModifiedToDial","$v":"USSD डायल करने लेई संशोधत"},{"$i":"UssdModifiedToSs","$v":"USSD गी SS च संशोधत कीता गेआ"},{"$i":"UssdModifiedToUssd","$v":"USSD गी USSD च संशोधत कीता गेआ"},{"$i":"SsModifiedToDial","$v":"SS गी डायल करने लेई संशोधत कीता गेआ"},{"$i":"SsModifiedToUssd","$v":"SS गी USSD च संशोधत कीता गेआ"},{"$i":"SsModifiedToSs","$v":"SS गी SS च संशोधत कीता गेआ"},{"$i":"SubscriptionNotSupported","$v":"सदस्यता समर्थत नेईं ऐ"},{"$i":"InvalidParameter","$v":"अमान्य पैरामीटर"},{"$i":"RejectedByRemote","$v":"रिमोट आसेआ नां-मंजूर"},{"$i":"conferenceCall","$v":["कांफ्रेंस (",{"t":"idOrVar","v":"n"},")"]},{"$i":"caller-left-call","$v":[{"t":"idOrVar","v":"caller"}," ने काल छोड़ी दित्ती ऐ"]},{"$i":"conferenceAddError","$v":"कालां मर्ज करने च असमर्थ"},{"$i":"conferenceRemoveError","$v":"कालां अन-मर्ज करने च असमर्थ"},{"$i":"longDateFormat","$v":"%A, %b %e"},{"$i":"select-audio-sources","$v":"आडियो स्रोत चुनो"},{"$i":"bluetooth-handsfree-device","$v":"ब्लूटूथ हैंड्सफ्री डिवाइस"},{"$i":"receiver","$v":"हासलकर्ता"},{"$i":"speaker","$v":"स्पीकर"},{"$i":"tcl-cancel","$v":"रद्द करो"},{"$i":"tcl-dialer","$v":"डायलर"},{"$i":"tcl-confirmation","$v":"पुश्टिकरण"},{"$i":"log-item","$v":"विकल्प"},{"$i":"tcl-assign-speed-dial","$v":{"$o":["बटन \"",{"t":"idOrVar","v":"speedDial"},"\" पर स्पीड डायल दे रूप च रावता नेईं जोड़ेआ गेआ हा। <br> <br> हून निर्धारत करो?"]}},{"$i":"tcl-assign","$v":"निर्धारत करना"},{"$i":"select","$v":"चुनो"},{"$i":"view-all","$v":"सब्भै दिक्खो"},{"$i":"search-results","$v":"तपाश परिणाम"},{"$i":"no-recent-numbers","$v":"डायल करने लेई काल लाग च कोई बी हालिया नंबर नेईं।"},{"$i":"wifi-calling","$v":"WiFi कालिंग"},{"$i":"dialer-prompt","$v":"काल च जोड़ने लेई नंबर डायल करो जां रावता चुनो"},{"$i":"hours","$v":"घैंटे"},{"$i":"minutes","$v":"मिनट"},{"$i":"seconds","$v":"सेकंड"},{"$i":"voicemailNoNumberTitle","$v":"वायसमेल नंबर अन-उपलब्ध ऐ"},{"$i":"voicemailNoNumberText","$v":"वायसमेल गी काल करने च असमर्थ। काल करने लेई वायसमेल नंबर सेट करो৷"},{"$i":"voicemailNoNumberSettings","$v":"सेटिंग्स"},{"$i":"voicemailNoNumberCancel","$v":"रद्द करो"},{"$i":"phoneNumberInput","ariaLabel":"फोन नंबर"},{"$i":"keypadDelete","ariaLabel":"हटाना"},{"$i":"voiceMailKey","ariaLabel":"वॉयसमेल"},{"$i":"asterisk","ariaLabel":"तारांकन"},{"$i":"hashSign","ariaLabel":"हैश साइन"},{"$i":"loadingSimContacts","$v":"सिम कार्ड रावते लोड होआ करदे न ..."},{"$i":"noContactsWereFound","$v":"कोई रावते नेईं लब्भे"},{"$i":"noContactsFoundDialogOk","$v":"ठीक ऐ"},{"$i":"emergencyNumber","$v":"अपातकाली नंबर"},{"$i":"callAirplaneModeMessage","$v":"काल करने लेई तुसेंगी सेटिंगें च ब्हाई-ज्हाज मोड नकारा करना होग।"},{"$i":"callAirplaneModeBtnOk","$v":"ठीक ऐ"},{"$i":"callAirplaneModeTitle","$v":"ब्हाई ज्हाज मोड सक्रिय ऐ"},{"$i":"numberIsBusyTitle","$v":"नंबर मसरूफ ऐ"},{"$i":"numberIsBusyMessage","$v":"नंबर इसलै मसरूफ ऐ। मगरा परतियै कोशिश करो।"},{"$i":"fdnIsActiveTitle","$v":"FDN सक्रिय"},{"$i":"fdnIsActiveMessage","$v":["FDN (फिक्स्ड डायलिंग नंबर) सक्रिय ऐ ते एह् नंबर थुआढ़ी FDN सूची च नेईं ऐ: ",{"t":"idOrVar","v":"number"}]},{"$i":"emergencyDialogBodyBadNumber","$v":"काल करने लेई, फोन गी कुसै नेटवर्क कन्नै कनेक्ट होना चाहिदा।"},{"$i":"emergencyDialogBodyDeviceNotAccepted","$v":"नेटवर्क आसेआ अपातकाली कालें दी मंजूरी नेईं ऐ।"},{"$i":"emergencyDialogBtnOk","$v":"ठीक ऐ"},{"$i":"emergencyDialogTitle","$v":"नेटवर्क कनेक्शन नेईं ऐ"},{"$i":"invalidNumberToDialTitle","$v":"अमान्य फोन नंबर"},{"$i":"invalidNumberToDialMessage","$v":"थुआढ़े आसेआ काल कीता गेदा फोन नंबर मान्य नेईं ऐ।"},{"$i":"unableToCallTitle","$v":"हून फोन काल करने च असमर्थ"},{"$i":"unableToCallMessage","$v":"काल नेईं करी सकदे। जेकर तुस पैह्‌ले थमां गै डायल करै करदे ओ, तां किरपा करियै पैह्‌ले हैंग करो৷"},{"$i":"otherConnectionInUseTitle","$v":"बरतून च होर कनेक्शन"},{"$i":"otherConnectionInUseMessage","$v":"थुआढ़े कोल दूये कनेक्शन पर सक्रिय काल ऐ। तुस इक बेल्लै सिर्फ इक्कै कनेक्शन दी बरतून करी सकदे ओ।"},{"$i":"tcl-call-log","$v":"काल लाग"},{"$i":"tcl-contacts","$v":"कन्टेक्ट"},{"$i":"tcl-call","$v":"कॉल"},{"$i":"tcl-add-contact","$v":"मौजूदा रावते च जोड़ो"},{"$i":"tcl-create-contact","$v":"नमां रावता बनाओ"},{"$i":"tcl-add-speed-dial","$v":"स्पीड डायल च जोड़ो"},{"$i":"sim-with-index-and-carrier","$v":["SIM ",{"t":"idOrVar","v":"index"}," - ",{"t":"idOrVar","v":"carrier"}]},{"$i":"sim-without-carrier","$v":["SIM ",{"t":"idOrVar","v":"index"}]}]