[{"$i":"confirmMsg","$v":[{"t":"idOrVar","v":"deviceId"}," would like to access your contacts and call history, accept?"]},{"$i":"responseMsg","$v":["key for ",{"t":"idOrVar","v":"deviceId"}]},{"$i":"confirmTitle","$v":"Phonebook access request"},{"$i":"responseTitle","$v":"Bluetooth session key required"},{"$i":"initialValue","$v":"Enter session key"},{"$i":"gaia-menu-cancel","$v":"Cancel"},{"$i":"gaia-sim-picker-dial-via-with-number","$v":["Dial ",{"t":"idOrVar","v":"phoneNumber"}," via"]},{"$i":"gaia-sim-picker-select-sim","$v":"Select SIM"},{"$i":"gaia-sim-picker-button","$v":["SIM",{"t":"idOrVar","v":"n"}]},{"$i":"gaia-sim-picker-button-default","$v":"(default)"},{"$i":"softkey-options","$v":"Options"},{"$i":"details","countcall":"Call"},{"$i":"edit","$v":"Edit"},{"$i":"cancel","$v":"Cancel"},{"$i":"done","$v":"Done"},{"$i":"ok","$v":"OK"},{"$i":"update","$v":"Update"},{"$i":"retry","$v":"Retry"},{"$i":"view","$v":"View"},{"$i":"search","$v":"Search"},{"$i":"contacts","$v":"Contacts"},{"$i":"addContact","$v":"Add contact"},{"$i":"deleteContact","$v":"Delete contact"},{"$i":"selectContact","$v":"Select contact"},{"$i":"selectAll","$v":"Select All"},{"$i":"deselect","$v":"Deselect"},{"$i":"deselectAll","$v":"Deselect All"},{"$i":"editContact","$v":"Edit contact"},{"$i":"deleteConfirmMsg","$v":"Delete contact?"},{"$i":"remove","$v":"Remove"},{"$i":"delete","$v":"Delete"},{"$i":"comments","$v":"Comments"},{"$i":"no_contact_phones","$v":"This contact does not have a phone number."},{"$i":"no_contact_email","$v":"This contact does not have an email address."},{"$i":"no_contact_data","$v":"This contact does not have a phone number and email address."},{"$i":"removePhotoConfirm","$v":"Remove contact picture?"},{"$i":"loadingContacts","$v":"Loading contacts…"},{"$i":"noContactsActivity2","$v":"No contacts in your Contacts list."},{"$i":"noName","$v":"No Name"},{"$i":"givenName","$v":"First Name"},{"$i":"familyName","$v":"Last Name"},{"$i":"tel","$v":"Phone"},{"$i":"carrier","$v":"Carrier","placeholder":"Carrier"},{"$i":"separator","$v":","},{"$i":"email","$v":"Email"},{"$i":"streetAddress","$v":"Street"},{"$i":"postalCode","$v":"Zip code"},{"$i":"locality","$v":"City"},{"$i":"countryName","$v":"Country"},{"$i":"comment","$v":"Comment"},{"$i":"org","$v":"Company"},{"$i":"date","$v":"Date","placeholder":"Date"},{"$i":"date-span-placeholder","$v":"Date"},{"$i":"birthday","$v":"Birthday"},{"$i":"dateFormat","$v":"%B %e"},{"$i":"dateOutput","$v":[{"t":"idOrVar","v":"dayMonthFormatted"}," ",{"t":"idOrVar","v":"year"}]},{"$i":"anniversary","$v":"Anniversary"},{"$i":"addPhoto","$v":"Add Picture"},{"$i":"addPhone","$v":"Add Phone"},{"$i":"addEmail","$v":"Add Email"},{"$i":"addAddress","$v":"Add Address"},{"$i":"addDate","$v":"Add Date"},{"$i":"addComment","$v":"Add Note"},{"$i":"addFavorite","$v":"Add as Favorite"},{"$i":"removeFavorite","$v":"Remove as Favorite"},{"$i":"addButton","ariaLabel":"Add"},{"$i":"editButton","ariaLabel":"Edit"},{"$i":"settingsButton","ariaLabel":"Settings"},{"$i":"phoneDetail","ariaLabel":"Phone"},{"$i":"emailDetail","ariaLabel":"Email"},{"$i":"addressDetail","ariaLabel":"Address"},{"$i":"dateDetail","ariaLabel":"Date"},{"$i":"composeEmail","ariaLabel":"Email"},{"$i":"makeCall","ariaLabel":"Call"},{"$i":"phones","ariaLabel":"Phones"},{"$i":"emails","ariaLabel":"Emails"},{"$i":"addresses","ariaLabel":"Addresses"},{"$i":"dates","ariaLabel":"Dates"},{"$i":"notes","ariaLabel":"Notes"},{"$i":"exit","$v":"Exit"},{"$i":"expand","$v":"Expand"},{"$i":"labelName","$v":"Name:"},{"$i":"labelLastName","$v":"Last name:"},{"$i":"labelPhoneNumber","$v":"Phone number:"},{"$i":"labelCarrier","$v":"Carrier:"},{"$i":"labelEmail","$v":"Email:"},{"$i":"labelStreet","$v":"Street:"},{"$i":"labelZip","$v":"Zip code:"},{"$i":"labelCity","$v":"City:"},{"$i":"labelCountry","$v":"Country:"},{"$i":"labelComment","$v":"Comment:"},{"$i":"legendTitleMain","$v":"Main information"},{"$i":"legendPhones","$v":"Phone numbers"},{"$i":"legendEmail","$v":"Email address"},{"$i":"legendAddress","$v":"Address"},{"$i":"search-contact","placeholder":"Search"},{"$i":"noResults","$v":"No contacts found"},{"$i":"transferContactsTitle","$v":"Transfer Contacts"},{"$i":"importContactsTitle","$v":"Import Contacts"},{"$i":"importContactsButton","$v":"Import Contacts"},{"$i":"exportContactsTitle","$v":"Export Contacts"},{"$i":"exportContactsButton","$v":"Export Contacts"},{"$i":"exportContactsAction","$v":"Export"},{"$i":"simExport-title","$v":"Export to SIM"},{"$i":"memoryCardExport-title","$v":"Export to memory card"},{"$i":"btExport-title","$v":"Export to Bluetooth"},{"$i":"memoryCardUMSEnabled","$v":"Cannot use memory card because USB storage is enabled."},{"$i":"exportErrorTitle","$v":"Export error"},{"$i":"contactsExported2","$v":{"zero":"No contacts exported.","one":[{"t":"idOrVar","v":"exported"},"/",{"t":"idOrVar","v":"total"}," contacts exported."],"two":[{"t":"idOrVar","v":"exported"},"/",{"t":"idOrVar","v":"total"}," contacts exported."],"few":[{"t":"idOrVar","v":"exported"},"/",{"t":"idOrVar","v":"total"}," contacts exported."],"many":[{"t":"idOrVar","v":"exported"},"/",{"t":"idOrVar","v":"total"}," contacts exported."],"other":[{"t":"idOrVar","v":"exported"},"/",{"t":"idOrVar","v":"total"}," contacts exported."]},"$x":[{"t":"idOrVar","v":"plural"},"exported"]},{"$i":"exportError-general","$v":"Some error happened while exporting."},{"$i":"exportError-SD-shared","$v":"Can’t access memory card because it’s shared."},{"$i":"exportError-SD-unavailable","$v":"Memory card is not available."},{"$i":"exportError-SD-noSpace","$v":"There’s not enough space on the memory card to export the contacts."},{"$i":"exportError-SIM-unavailable","$v":"SIM card is not available."},{"$i":"exportError-BT-shared","$v":"Can’t access memory card because it’s shared."},{"$i":"exportError-BT-unavailable","$v":"Memory card is not available."},{"$i":"exportError-BT-noSpace","$v":"There’s not enough space on the memory card to export the contacts."},{"$i":"social-network","$v":"Social networks"},{"$i":"social-link","$v":"Link contact"},{"$i":"social-unlink","$v":"Unlink contact"},{"$i":"social-unlink-confirm-title","$v":"Do you want to unlink your friend?"},{"$i":"social-unlink-confirm-accept","$v":"Unlink"},{"$i":"facebook-import","$v":"Import Facebook friends"},{"$i":"show-fb-profile","$v":"View Facebook profile"},{"$i":"msg-send","$v":"Message"},{"$i":"wall-post","$v":"Wall post"},{"$i":"share-contact","$v":"Share Contact"},{"$i":"facebook-export-forbidden","$v":"The contact cannot be shared due to Facebook constraint."},{"$i":"otherAccount","$v":"Other accounts"},{"$i":"facebookSwitchMsg","$v":"Sync friends"},{"$i":"select_mobile","$v":"Select mobile"},{"$i":"select_email","$v":"Select email"},{"$i":"select_recipient","$v":"Select recipient"},{"$i":"sort-by-first-name","$v":"Sort by first name"},{"$i":"sort-by-last-name","$v":"Sort by last name"},{"$i":"importSim2","$v":"SIM card"},{"$i":"importGmail","$v":"Gmail"},{"$i":"bluetooth","$v":"Bluetooth"},{"$i":"importOutlook","$v":"Outlook"},{"$i":"fbUpdateFriends","$v":"Update imported friends."},{"$i":"cleaningFbData","$v":"Removing Facebook data."},{"$i":"loggingOutFb","$v":"Logging out from Facebook."},{"$i":"cleanFbConfirmMsg","$v":"Remove all Facebook data?"},{"$i":"renewPwdMsg","$v":"Your password in Facebook has changed. Please, update it."},{"$i":"notEnabledYet","$v":"Not enabled yet"},{"$i":"genericNoConnection","$v":"To import contacts connect to Wi-Fi or data network."},{"$i":"bluetoothNoConnection","$v":"To export contacts connect a Bluetooth device."},{"$i":"simCard","$v":"SIM card"},{"$i":"memoryCard","$v":"Memory card"},{"$i":"simNumberNoMSISDN","$v":["SIM ",{"t":"idOrVar","v":"number"},":"]},{"$i":"simNumberWithMSISDN","$v":["SIM ",{"t":"idOrVar","v":"number"},": ",{"t":"idOrVar","v":"msisdn"}]},{"$i":"ICEContactsGroup","$v":"ICE Contacts"},{"$i":"setICEButton","$v":"Set ICE Contacts"},{"$i":"ICESettingTitle","$v":"ICE Contacts"},{"$i":"ICEDescription","$v":"Add five contacts for making “In Case of Emergency” calls."},{"$i":"ICEContact1","$v":"ICE contact 1"},{"$i":"tcl-ice-contact-1-added","$v":"ICE Contact 1 added"},{"$i":"ICESelectContact","$v":"Select a contact"},{"$i":"ICEContact2","$v":"ICE contact 2"},{"$i":"tcl-ice-contact-2-added","$v":"ICE Contact 2 added"},{"$i":"ICERepeatedContact","$v":"This contact already exists in ICE contact."},{"$i":"ICEUnknownError","$v":"There was an error setting the contact as ICE."},{"$i":"ICEContactNoNumber","$v":"This contact doesn't have a phone number."},{"$i":"ICEFacebookContactNotAllowed","$v":"Facebook contacts cannot be set as ICE contacts."},{"$i":"ICEContactDelTel","$v":"Deleted phone numbers are removed from ICE Contact."},{"$i":"ICEContactDelTelAll","$v":"All the numbers are deleted. This contact is removed from the ICE Contacts."},{"$i":"delete-ice-contact-warning","$v":"Are you sure you want to remove the ICE Contact ?"},{"$i":"add","$v":"Add"},{"$i":"no-contacts","$v":"No contacts"},{"$i":"start-adding","$v":"Press New Contact to add contacts."},{"$i":"notImported","$v":"Not imported"},{"$i":"imported","$v":"Imported"},{"$i":"today","$v":"Today"},{"$i":"yesterday","$v":"Yesterday"},{"$i":"messageCanceling","$v":"Please hold on. We are canceling the ongoing operation."},{"$i":"organise-contacts","$v":"Organize Contacts"},{"$i":"find-merge-contacts","$v":"Find duplicate contacts"},{"$i":"preparing-contacts","$v":"Preparing contacts"},{"$i":"exportError-SIM-NoFreeRecordFound","$v":"SIM Card is full"},{"$i":"exportError-SIM-CannotAccessPhoneBook","$v":"Cannot access SIM card’s phone book."},{"$i":"exportError-SIM-Unavailable","$v":"No SIM detected"},{"$i":"exportError-SIM-GenericError","$v":"An error occurred while exporting a contact."},{"$i":"noSimMsgExport","$v":"To export contacts insert or unlock your SIM card."},{"$i":"noMemoryCardMsgExport","$v":"To export contacts insert a memory card."},{"$i":"ContactManagementTitle","$v":"Contacts Management"},{"$i":"DeleteTitle","$v":"Delete"},{"$i":"bulkDeleteButton","$v":"Delete Contacts"},{"$i":"BulkDelCancel","$v":"Contacts deletion cancelled"},{"$i":"DeletedTxt","$v":{"zero":"No Contact to Delete","one":"1 Contact removed","two":[{"t":"idOrVar","v":"n"}," Contacts removed"],"few":[{"t":"idOrVar","v":"n"}," Contacts removed"],"many":[{"t":"idOrVar","v":"n"}," Contacts removed"],"other":[{"t":"idOrVar","v":"n"}," Contacts removed"]},"$x":[{"t":"idOrVar","v":"plural"},"n"]},{"$i":"DeletingContacts","$v":"Deleting contacts"},{"$i":"ContactConfirmDel","$v":{"zero":"No Contact to Delete","one":"Delete 1 Contact? This cannot be recovered.","two":["Delete ",{"t":"idOrVar","v":"n"}," Contacts? This cannot be recovered."],"few":["Delete ",{"t":"idOrVar","v":"n"}," Contacts? This cannot be recovered."],"many":["Delete ",{"t":"idOrVar","v":"n"}," Contacts? This cannot be recovered."],"other":["Delete ",{"t":"idOrVar","v":"n"}," Contacts? This cannot be recovered."]},"$x":[{"t":"idOrVar","v":"plural"},"n"]},{"$i":"SelectedTxt","$v":{"zero":[{"t":"idOrVar","v":"n"}," Selected"],"one":[{"t":"idOrVar","v":"n"}," Selected"],"two":[{"t":"idOrVar","v":"n"}," Selected"],"few":[{"t":"idOrVar","v":"n"}," Selected"],"many":[{"t":"idOrVar","v":"n"}," Selected"],"other":[{"t":"idOrVar","v":"n"}," Selected"]},"$x":[{"t":"idOrVar","v":"plural"},"n"]},{"$i":"video","$v":"Video"},{"$i":"audio","$v":"Audio"},{"$i":"pick_destination","$v":[{"t":"idOrVar","v":"destination"}," ",{"t":"idOrVar","v":"carrier"}]},{"$i":"removeField","ariaLabel":"Remove"},{"$i":"undo","ariaLabel":"Undo"},{"$i":"send-sms-button","ariaLabel":"SMS"},{"$i":"ice_contacts","$v":"ICE Contacts"},{"$i":"edit-picture","$v":"Edit Picture"},{"$i":"remove-photo","$v":"Remove picture"},{"$i":"change-photo","$v":"Change picture"},{"$i":"photo-options","$v":"Photo options"},{"$i":"tcl-all","$v":"All"},{"$i":"tcl-speed-dial","$v":"Speed Dial"},{"$i":"tcl-new-contact","$v":"New Contact"},{"$i":"tcl-settings","$v":"Settings"},{"$i":"tcl-save","$v":"Save"},{"$i":"save","$v":"Save"},{"$i":"tcl-add","$v":"Add"},{"$i":"tcl-contact-add-ringtone","$v":"Add Ringtone"},{"$i":"tcl-custom-dialog-title-default","$v":"Confirmation"},{"$i":"confirm-dialog-title-default","$v":"Confirmation"},{"$i":"discard","$v":"Discard"},{"$i":"custom-tag-title","$v":"Custom Tag"},{"$i":"tcl-contact-added","$v":"Contact added"},{"$i":"tcl-contact-updated","$v":"Contact details updated"},{"$i":"tcl-contact-removed","$v":"Contact deleted"},{"$i":"tcl-contact-unremoved","$v":"Unable to remove"},{"$i":"edit-phone-type","$v":"Edit phone type"},{"$i":"edit-email-type","$v":"Edit email type"},{"$i":"edit-address-type","$v":"Edit address type"},{"$i":"edit-date-type","$v":"Edit date type"},{"$i":"tcl-select-phone-type","$v":"Select Phone Type"},{"$i":"tcl-select-email-type","$v":"Select Email Type"},{"$i":"tcl-select-address-type","$v":"Select Address Type"},{"$i":"tcl-select-date-type","$v":"Select Date Type"},{"$i":"add-phone","$v":"Add phone number"},{"$i":"add-email","$v":"Add email"},{"$i":"add-address","$v":"Add address"},{"$i":"add-date","$v":"Add date"},{"$i":"add-phone-type","$v":"Phone Type"},{"$i":"add-email-type","$v":"Email Type"},{"$i":"add-address-type","$v":"Address Type"},{"$i":"add-date-type","$v":"Date Type"},{"$i":"delete-phone","$v":"Delete phone number"},{"$i":"delete-email","$v":"Delete email"},{"$i":"delete-address","$v":"Delete address"},{"$i":"delete-date","$v":"Delete date"},{"$i":"delete-note","$v":"Delete note"},{"$i":"delete-comment-warning","$v":"Are you sure you want to delete the Note?"},{"$i":"tcl-deleting-messages-phone","$v":["Are you sure you want to delete the phone number: \"",{"t":"idOrVar","v":"type_name"},"\"?"]},{"$i":"tcl-deleting-messages-email","$v":["Are you sure you want to delete the email: \"",{"t":"idOrVar","v":"type_name"},"\"?"]},{"$i":"tcl-deleting-messages-address","$v":["Are you sure you want to delete the address: \"",{"t":"idOrVar","v":"type_name"},"\"?"]},{"$i":"tcl-deleting-messages-date","$v":"Are you sure you want to delete the date?"},{"$i":"deleting-message-warning","$v":["Are you sure you want to delete \"",{"t":"idOrVar","v":"type_name"},"\"?"]},{"$i":"tcl-deleting-messages-comment","$v":"Are you sure you want to delete the comment?"},{"$i":"delecting-messages-contact","$v":["Are you sure you want to delete the contact \"",{"t":"idOrVar","v":"type_name"},"\"?"]},{"$i":"delecting-this-contact","$v":"Delete this contact?"},{"$i":"deleting-messages-ringtone","$v":"Are you sure you want to delete the Ringtone?"},{"$i":"deleting-messages-picture","$v":"Are you sure you want to remove the picture?"},{"$i":"tcl-deleting-notification-ringtone","$v":"Ringtone Deleted"},{"$i":"tcl-deleting-notification-comment","$v":"Comment Deleted"},{"$i":"note","$v":"Note"},{"$i":"address","$v":"Address"},{"$i":"tcl-noContacts","$v":"Cannot add to contact as your contact list is empty."},{"$i":"tcl-noContacts-no-email","$v":"Cannot add to contact as no contacts with email."},{"$i":"tcl-noContacts-no-tel","$v":"Cannot add to contact as no contacts with phone number."},{"$i":"tcl-noContactsTitle","$v":"No Contacts"},{"$i":"tcl-change-voice-mail","$v":"Change Voice Mail Number."},{"$i":"tcl-replace","$v":"Replace"},{"$i":"tcl-remove-speed-dial","$v":"Remove from Speed Dial."},{"$i":"tcl-notification-speed-dial-added","$v":"Speed Dial number added."},{"$i":"tcl-notification-speed-dial-removed","$v":"Speed Dial number removed."},{"$i":"tcl-notification-speed-dial-updated","$v":"Speed Dial number updated."},{"$i":"tcl-notification-voice-mail-updated","$v":"Voice Mail number updated."},{"$i":"tcl-notification-contact-assigned","$v":"Contact assigned to Speed Dial."},{"$i":"empty","$v":"Empty"},{"$i":"tcl-voice-mail","$v":"Voice Mail"},{"$i":"contact-confirm-save","$v":"Contact information will be discarded. Would you like to save this contact?"},{"$i":"contact-confirm-form-save","$v":"The changes will be discarded. Would you like to save this contact?"},{"$i":"tcl-yes","$v":"Yes"},{"$i":"tcl-no","$v":"No"},{"$i":"tcl-default-ringtone","$v":"Default ringtone"},{"$i":"tcl-add-ringtone","$v":"Ringtones"},{"$i":"tcl-ringtone","$v":"Ringtone"},{"$i":"change-ringtone","$v":"Change ringtone"},{"$i":"delete-ringtone","$v":"Delete ringtone"},{"$i":"tcl-settings-title","$v":"Contacts Settings"},{"$i":"settings-sort-contacts-title","$v":"Sort Contacts"},{"$i":"tcl-oder-notification","$v":"Changes saved."},{"$i":"changes-saved-notification","$v":"Changes saved."},{"$i":"tcl-imported-status","$v":["Imported ",{"t":"idOrVar","v":"n"}," contacts ",{"t":"idOrVar","v":"numDups"}," contacts merged."]},{"$i":"tcl-on","$v":"On"},{"$i":"tcl-off","$v":"Off"},{"$i":"on","$v":"On"},{"$i":"off","$v":"Off"},{"$i":"tcl-contact-empty-number","$v":"Empty phone number."},{"$i":"contact-no-dial-number","$v":"No phone number to dial."},{"$i":"tcl-select-number","$v":"Select Number"},{"$i":"tcl-select-email","$v":"Select Email"},{"$i":"select-email","$v":"Select Email"},{"$i":"tcl-send-message","$v":"Send Message"},{"$i":"send-email","$v":"Send Email"},{"$i":"tcl-share","$v":"Share"},{"$i":"tcl-find-duplicate","$v":"Find Duplicate Contacts"},{"$i":"tcl-add-favorite","$v":"Add as Favorite"},{"$i":"tcl-remove-favorite","$v":"Unfavorite"},{"$i":"tcl-link-social-networks","$v":"Link to Social Networks"},{"$i":"tcl-delete","$v":"Delete"},{"$i":"tcl-detail-send-sms","$v":"New SMS"},{"$i":"tcl-detail-call","$v":"Call"},{"$i":"tcl-detail-send-email","$v":"Compose"},{"$i":"sms","$v":"Message"},{"$i":"tcl-search-contact","$v":"Search"},{"$i":"tcl-number","$v":["number ",{"t":"idOrVar","v":"number"}]},{"$i":"tcl-custom-dialog-replace-speed-dial","$v":["Are you sure you want to replace Speed Dial ",{"t":"idOrVar","v":"oldSpeedDial"}," with ",{"t":"idOrVar","v":"newSpeedDial"},"?"]},{"$i":"custom-dialog-remove-speed-dial","$v":["Are you sure you want to remove ",{"t":"idOrVar","v":"name"}," from Speed Dial?"]},{"$i":"tcl-options","$v":"Options"},{"$i":"tcl-success-merged","$v":[{"t":"idOrVar","v":"number"}," contact(s) merged."]},{"$i":"tcl-contact-confirm-merge","$v":["Are you sure you want to merge ",{"t":"idOrVar","v":"count"}," contact(s) with ",{"t":"idOrVar","v":"name"},"?"]},{"$i":"tcl-merge","$v":"Merge"},{"$i":"add-speed-dial-failed-title","$v":"Add Speed Dial Failed"},{"$i":"add-speed-dial-failed-content","$v":[{"t":"idOrVar","v":"name"}," already exists in speed dial, please choose another contact."]},{"$i":"merge","$v":"Merge"},{"$i":"tcl-attention","$v":"Attention"},{"$i":"attention","$v":"Attention"},{"$i":"tcl-speed-dial-add-contact","$v":{"$o":"There are no Contacts.<br><br>Please create a contact."}},{"$i":"tcl-voice-mail-header","$v":"Voice Mail"},{"$i":"tcl-voice-mail-number","$v":"Voice Mail Number"},{"$i":"tcl-select-all","$v":"Select All"},{"$i":"tcl-deselect-all","$v":"Deselect All"},{"$i":"systemring","$v":"Ringtone"},{"$i":"moremusic","$v":"Music"},{"$i":"tcl-add-ringselect","$v":"Select From"},{"$i":"type-select","$v":"Select"},{"$i":"dialnum-view","$v":"View"},{"$i":"select-a-contact-title","$v":"Select a Contact"},{"$i":"select-a-number-title","$v":"Select a Number"},{"$i":"invalid-vcf-file","$v":"Invalid vcf file"},{"$i":"voiceMail","$v":"Voicemail"},{"$i":"back","$v":"Back"},{"$i":"noSimMsg","$v":"To import contacts insert or unlock your SIM card"},{"$i":"noMemoryCardMsg","$v":"To import contacts insert a memory card"},{"$i":"importMemoryCard","$v":"Memory card"},{"$i":"noConnection11","$v":"To import Facebook friends or contacts connect to Wi-Fi or data network"},{"$i":"emptyAccount","$v":"No friends or contacts found in this account."},{"$i":"simContacts-import","$v":"Import SIM contacts"},{"$i":"simContacts-importing","$v":"Importing Contacts from SIM Card"},{"$i":"simContacts-reading","$v":"Reading Contacts from SIM Card…"},{"$i":"simContacts-error","$v":"Could not import Сontacts from SIM"},{"$i":"simContacts-imported3","$v":{"zero":"No contacts detected on SIM to import","one":"Imported one contact","two":["Imported ",{"t":"idOrVar","v":"n"}," contacts"],"few":["Imported ",{"t":"idOrVar","v":"n"}," contacts"],"many":["Imported ",{"t":"idOrVar","v":"n"}," contacts"],"other":["Imported ",{"t":"idOrVar","v":"n"}," contacts"]},"$x":[{"t":"idOrVar","v":"plural"},"n"]},{"$i":"memoryCardContacts-import","$v":"Import contacts from memory card"},{"$i":"memoryCardContacts-importing","$v":"Importing Contacts from Memory card"},{"$i":"memoryCardContacts-reading","$v":"Reading Contacts from Memory card…"},{"$i":"memoryCardContacts-error","$v":"Could not import contacts from memory card"},{"$i":"memoryCardContacts-imported3","$v":{"zero":"No contacts detected on memory card to import","one":"Imported one contact","two":["Imported ",{"t":"idOrVar","v":"n"}," contacts"],"few":["Imported ",{"t":"idOrVar","v":"n"}," contacts"],"many":["Imported ",{"t":"idOrVar","v":"n"}," contacts"],"other":["Imported ",{"t":"idOrVar","v":"n"}," contacts"]},"$x":[{"t":"idOrVar","v":"plural"},"n"]},{"$i":"genericProgress","$v":[{"t":"idOrVar","v":"current"},"/",{"t":"idOrVar","v":"total"}]},{"$i":"facebook","$v":"Facebook"},{"$i":"facebook-import-msg2","$v":[{"t":"idOrVar","v":"imported"},"/",{"t":"idOrVar","v":"total"}," friends imported"]},{"$i":"contactsMerged","$v":{"zero":"No duplicated contacts merged","one":"One duplicated contact merged","two":[{"t":"idOrVar","v":"numDups"}," contacts merged"],"few":[{"t":"idOrVar","v":"numDups"}," contacts merged"],"many":[{"t":"idOrVar","v":"numDups"}," contacts merged"],"other":[{"t":"idOrVar","v":"numDups"}," contacts merged"]},"$x":[{"t":"idOrVar","v":"plural"},"numDups"]},{"$i":"weekday-0-long","$v":"Sunday"},{"$i":"weekday-1-long","$v":"Monday"},{"$i":"weekday-2-long","$v":"Tuesday"},{"$i":"weekday-3-long","$v":"Wednesday"},{"$i":"weekday-4-long","$v":"Thursday"},{"$i":"weekday-5-long","$v":"Friday"},{"$i":"weekday-6-long","$v":"Saturday"},{"$i":"weekday-0-short","$v":"Sun"},{"$i":"weekday-1-short","$v":"Mon"},{"$i":"weekday-2-short","$v":"Tue"},{"$i":"weekday-3-short","$v":"Wed"},{"$i":"weekday-4-short","$v":"Thu"},{"$i":"weekday-5-short","$v":"Fri"},{"$i":"weekday-6-short","$v":"Sat"},{"$i":"month-0-long","$v":"January"},{"$i":"month-1-long","$v":"February"},{"$i":"month-2-long","$v":"March"},{"$i":"month-3-long","$v":"April"},{"$i":"month-4-long","$v":"May"},{"$i":"month-5-long","$v":"June"},{"$i":"month-6-long","$v":"July"},{"$i":"month-7-long","$v":"August"},{"$i":"month-8-long","$v":"September"},{"$i":"month-9-long","$v":"October"},{"$i":"month-10-long","$v":"November"},{"$i":"month-11-long","$v":"December"},{"$i":"month-0-genitive","$v":"January"},{"$i":"month-1-genitive","$v":"February"},{"$i":"month-2-genitive","$v":"March"},{"$i":"month-3-genitive","$v":"April"},{"$i":"month-4-genitive","$v":"May"},{"$i":"month-5-genitive","$v":"June"},{"$i":"month-6-genitive","$v":"July"},{"$i":"month-7-genitive","$v":"August"},{"$i":"month-8-genitive","$v":"September"},{"$i":"month-9-genitive","$v":"October"},{"$i":"month-10-genitive","$v":"November"},{"$i":"month-11-genitive","$v":"December"},{"$i":"month-0-short","$v":"Jan"},{"$i":"month-1-short","$v":"Feb"},{"$i":"month-2-short","$v":"Mar"},{"$i":"month-3-short","$v":"Apr"},{"$i":"month-4-short","$v":"May"},{"$i":"month-5-short","$v":"Jun"},{"$i":"month-6-short","$v":"Jul"},{"$i":"month-7-short","$v":"Aug"},{"$i":"month-8-short","$v":"Sep"},{"$i":"month-9-short","$v":"Oct"},{"$i":"month-10-short","$v":"Nov"},{"$i":"month-11-short","$v":"Dec"},{"$i":"minutes-ago-long","$v":{"zero":"just now","one":"a minute ago","two":[{"t":"idOrVar","v":"value"}," minutes ago"],"few":[{"t":"idOrVar","v":"value"}," minutes ago"],"many":[{"t":"idOrVar","v":"value"}," minutes ago"],"other":[{"t":"idOrVar","v":"value"}," minutes ago"]},"$x":[{"t":"idOrVar","v":"plural"},"value"]},{"$i":"hours-ago-long","$v":{"zero":"just now","one":"an hour ago","two":[{"t":"idOrVar","v":"value"}," hours ago"],"few":[{"t":"idOrVar","v":"value"}," hours ago"],"many":[{"t":"idOrVar","v":"value"}," hours ago"],"other":[{"t":"idOrVar","v":"value"}," hours ago"]},"$x":[{"t":"idOrVar","v":"plural"},"value"]},{"$i":"days-ago-long","$v":{"zero":"today","one":"yesterday","two":[{"t":"idOrVar","v":"value"}," days ago"],"few":[{"t":"idOrVar","v":"value"}," days ago"],"many":[{"t":"idOrVar","v":"value"}," days ago"],"other":[{"t":"idOrVar","v":"value"}," days ago"]},"$x":[{"t":"idOrVar","v":"plural"},"value"]},{"$i":"weeks-ago-long","$v":{"zero":"this week","one":"last week","two":[{"t":"idOrVar","v":"value"}," weeks ago"],"few":[{"t":"idOrVar","v":"value"}," weeks ago"],"many":[{"t":"idOrVar","v":"value"}," weeks ago"],"other":[{"t":"idOrVar","v":"value"}," weeks ago"]},"$x":[{"t":"idOrVar","v":"plural"},"value"]},{"$i":"months-ago-long","$v":{"zero":"this month","one":"last month","two":[{"t":"idOrVar","v":"value"}," months ago"],"few":[{"t":"idOrVar","v":"value"}," months ago"],"many":[{"t":"idOrVar","v":"value"}," months ago"],"other":[{"t":"idOrVar","v":"value"}," months ago"]},"$x":[{"t":"idOrVar","v":"plural"},"value"]},{"$i":"years-ago-long","$v":{"zero":"this year","one":"last year","two":[{"t":"idOrVar","v":"value"}," years ago"],"few":[{"t":"idOrVar","v":"value"}," years ago"],"many":[{"t":"idOrVar","v":"value"}," years ago"],"other":[{"t":"idOrVar","v":"value"}," years ago"]},"$x":[{"t":"idOrVar","v":"plural"},"value"]},{"$i":"minutes-until-long","$v":{"zero":"now","one":"in a minute","two":["in ",{"t":"idOrVar","v":"value"}," minutes"],"few":["in ",{"t":"idOrVar","v":"value"}," minutes"],"many":["in ",{"t":"idOrVar","v":"value"}," minutes"],"other":["in ",{"t":"idOrVar","v":"value"}," minutes"]},"$x":[{"t":"idOrVar","v":"plural"},"value"]},{"$i":"hours-until-long","$v":{"zero":"now","one":"in an hour","two":["in ",{"t":"idOrVar","v":"value"}," hours"],"few":["in ",{"t":"idOrVar","v":"value"}," hours"],"many":["in ",{"t":"idOrVar","v":"value"}," hours"],"other":["in ",{"t":"idOrVar","v":"value"}," hours"]},"$x":[{"t":"idOrVar","v":"plural"},"value"]},{"$i":"days-until-long","$v":{"zero":"today","one":"tomorrow","two":["in ",{"t":"idOrVar","v":"value"}," days"],"few":["in ",{"t":"idOrVar","v":"value"}," days"],"many":["in ",{"t":"idOrVar","v":"value"}," days"],"other":["in ",{"t":"idOrVar","v":"value"}," days"]},"$x":[{"t":"idOrVar","v":"plural"},"value"]},{"$i":"weeks-until-long","$v":{"zero":"this week","one":"next week","two":["in ",{"t":"idOrVar","v":"value"}," weeks"],"few":["in ",{"t":"idOrVar","v":"value"}," weeks"],"many":["in ",{"t":"idOrVar","v":"value"}," weeks"],"other":["in ",{"t":"idOrVar","v":"value"}," weeks"]},"$x":[{"t":"idOrVar","v":"plural"},"value"]},{"$i":"months-until-long","$v":{"zero":"this month","one":"next month","two":["in ",{"t":"idOrVar","v":"value"}," months"],"few":["in ",{"t":"idOrVar","v":"value"}," months"],"many":["in ",{"t":"idOrVar","v":"value"}," months"],"other":["in ",{"t":"idOrVar","v":"value"}," months"]},"$x":[{"t":"idOrVar","v":"plural"},"value"]},{"$i":"years-until-long","$v":{"zero":"this year","one":"next year","two":["in ",{"t":"idOrVar","v":"value"}," years"],"few":["in ",{"t":"idOrVar","v":"value"}," years"],"many":["in ",{"t":"idOrVar","v":"value"}," years"],"other":["in ",{"t":"idOrVar","v":"value"}," years"]},"$x":[{"t":"idOrVar","v":"plural"},"value"]},{"$i":"minutes-ago-short","$v":{"zero":"just now","other":[{"t":"idOrVar","v":"value"},"m ago"]},"$x":[{"t":"idOrVar","v":"plural"},"value"]},{"$i":"hours-ago-short","$v":{"zero":"just now","other":[{"t":"idOrVar","v":"value"},"h ago"]},"$x":[{"t":"idOrVar","v":"plural"},"value"]},{"$i":"days-ago-short","$v":{"zero":"today","other":[{"t":"idOrVar","v":"value"},"d ago"]},"$x":[{"t":"idOrVar","v":"plural"},"value"]},{"$i":"minutes-until-short","$v":{"zero":"now","other":["in ",{"t":"idOrVar","v":"value"},"m"]},"$x":[{"t":"idOrVar","v":"plural"},"value"]},{"$i":"hours-until-short","$v":{"zero":"now","other":["in ",{"t":"idOrVar","v":"value"},"h"]},"$x":[{"t":"idOrVar","v":"plural"},"value"]},{"$i":"days-until-short","$v":{"zero":"today","other":["in ",{"t":"idOrVar","v":"value"},"d"]},"$x":[{"t":"idOrVar","v":"plural"},"value"]},{"$i":"incorrectDate","$v":"(incorrect date)"},{"$i":"dateTimeFormat_%c","$v":"%a %b %e %Y %I:%M:%S %p"},{"$i":"dateTimeFormat_%x","$v":"%m/%d/%Y"},{"$i":"dateTimeFormat_%X","$v":"%I:%M:%S %p"},{"$i":"shortTimeFormat","$v":"%I:%M %p"},{"$i":"shortTimeFormat12","$v":"%I:%M %p"},{"$i":"shortTimeFormat24","$v":"%H:%M"},{"$i":"shortDateTimeFormat","$v":"%x %I:%M %p"},{"$i":"weekStartsOnMonday","$v":"0"},{"$i":"firstDayOfTheWeek","$v":"0"},{"$i":"time_am","$v":"AM"},{"$i":"time_pm","$v":"PM"},{"$i":"label","$v":"Label"},{"$i":"mobile","$v":"Mobile"},{"$i":"home","$v":"Home"},{"$i":"work","$v":"Work"},{"$i":"personal","$v":"Personal"},{"$i":"faxHome","$v":"Fax home"},{"$i":"faxOffice","$v":"Fax office"},{"$i":"faxOther","$v":"Fax other"},{"$i":"another","$v":"Another"},{"$i":"other","$v":"Other"},{"$i":"tcl-customTag","$v":"Custom tag"},{"$i":"customTag","$v":"Custom tag","placeholder":"Custom tag"},{"$i":"current","$v":"Current"},{"$i":"itemWithLabel","$v":[{"t":"idOrVar","v":"label"},", ",{"t":"idOrVar","v":"item"}]},{"$i":"waitDuplicateContacts","$v":"Looking for duplicate contacts."},{"$i":"waitMergingDuplicateContacts","$v":"Merging duplicate contacts."},{"$i":"alertNoDuplicateContacts","$v":"No duplicate contacts found."},{"$i":"curtainCancel","$v":"Cancel"},{"$i":"close","$v":"Close"},{"$i":"mergeDuplicateTitle","$v":"Duplicates found"},{"$i":"suggestedDuplicatesMessage","innerHTML":{"$o":["Suggested duplicate contacts for <bdi>",{"t":"idOrVar","v":"name"},"</bdi>"]}},{"$i":"mergeActionButtonLabel","$v":{"zero":"No contacts selected","one":["Merge with ",{"t":"idOrVar","v":"n"}," contact"],"two":["Merge with ",{"t":"idOrVar","v":"n"}," contacts"],"few":["Merge with ",{"t":"idOrVar","v":"n"}," contacts"],"many":["Merge with ",{"t":"idOrVar","v":"n"}," contacts"],"other":["Merge with ",{"t":"idOrVar","v":"n"}," contacts"]},"$x":[{"t":"idOrVar","v":"plural"},"n"]},{"$i":"duplicatesFoundTitle","$v":"Duplicates found"},{"$i":"foundDuplicatesMessage","innerHTML":"Duplicate information was found in the following contacts. Would you like to merge?"},{"$i":"tcl-merge-selected-counts","$v":[{"t":"idOrVar","v":"n"}," selected"]},{"$i":"tcl-wait-duplicate-contacts","$v":"Find Duplicate Contacts"},{"$i":"tcl-wait-txt","$v":"Looking for Duplicate Contacts..."},{"$i":"import","$v":"Import"},{"$i":"fbFriends","$v":"Facebook Friends"},{"$i":"live-serviceName","$v":"Outlook"},{"$i":"gmail-serviceName","$v":"Gmail"},{"$i":"facebook-serviceName","$v":"Facebook Friends"},{"$i":"viewAll","$v":"View All Facebook Friends"},{"$i":"viewRecommend","$v":"View Only Recommended"},{"$i":"linkProposal","$v":{"zero":"No matching friends. Showing all","one":"Select the recommended one","two":"Select a recommended one","few":"Select a recommended one","many":"Select a recommended one","other":"Select a recommended one"},"$x":[{"t":"idOrVar","v":"plural"},"numFriends"]},{"$i":"fbFriendsFound","$v":{"zero":"All your friends are imported","one":"Found one friend to import","two":["Found ",{"t":"idOrVar","v":"numFriends"}," friends to import"],"few":["Found ",{"t":"idOrVar","v":"numFriends"}," friends to import"],"many":["Found ",{"t":"idOrVar","v":"numFriends"}," friends to import"],"other":["Found ",{"t":"idOrVar","v":"numFriends"}," friends to import"]},"$x":[{"t":"idOrVar","v":"plural"},"numFriends"]},{"$i":"fbNoFriends","$v":"No contacts available to import"},{"$i":"done-search","$v":"Done"},{"$i":"progressFB3ImportTitle","$v":"Importing friends to Contacts"},{"$i":"progressFB","$v":[{"t":"idOrVar","v":"current"},"/",{"t":"idOrVar","v":"total"}]},{"$i":"progressFB3UpdateTitle","$v":"Updating friends in Contacts"},{"$i":"message2","$v":"This may take a couple of minutes"},{"$i":"messageLinking","$v":"Please hold on. We are linking your friend and your contact."},{"$i":"error1","$v":["Error ",{"t":"idOrVar","v":"from"}]},{"$i":"error2","$v":"Do you want to retry?"},{"$i":"errorProposal","$v":"calculating proposals"},{"$i":"errorFriends","$v":"retrieving friends"},{"$i":"errorLinking","$v":"linking contact"},{"$i":"timeout1","$v":["Exceeded timeout ",{"t":"idOrVar","v":"from"}]},{"$i":"timeout2","$v":"Do you want to retry?"},{"$i":"timeoutProposal","$v":"calculating proposals"},{"$i":"timeoutFriends","$v":"retrieving friends"},{"$i":"timeoutLinking","$v":"linking contacts"},{"$i":"wait1","$v":"Please hold on"},{"$i":"wait2","$v":"This may take a couple of minutes"},{"$i":"waitProposal","$v":"Please hold on. We are calculating a proposal."},{"$i":"waitFriends","$v":"Please hold on. We are connecting to obtain your friend list."},{"$i":"curtainRetry","$v":"Retry"},{"$i":"curtainOK","$v":"OK"},{"$i":"connectionLost","$v":"No Internet connection"},{"$i":"connectionLostMsg","$v":"Friends’ photos will not be added to your contacts. Continue anyway?"},{"$i":"yesOption","$v":"OK"},{"$i":"noOption","$v":"Cancel"},{"$i":"waitFriendslive","$v":"Reading contacts from Outlook..."},{"$i":"waitFriendsgmail","$v":"Reading contacts from Gmail..."},{"$i":"friendsUpdated","$v":{"zero":"No friends updated","one":"Updated one friend","two":["Updated ",{"t":"idOrVar","v":"numFriends"}," friends"],"few":["Updated ",{"t":"idOrVar","v":"numFriends"}," friends"],"many":["Updated ",{"t":"idOrVar","v":"numFriends"}," friends"],"other":["Updated ",{"t":"idOrVar","v":"numFriends"}," friends"]},"$x":[{"t":"idOrVar","v":"plural"},"numFriends"]},{"$i":"friendsMerged","$v":{"zero":"No duplicated friends merged","one":"One duplicated friend merged","two":[{"t":"idOrVar","v":"numDups"}," friends merged"],"few":[{"t":"idOrVar","v":"numDups"}," friends merged"],"many":[{"t":"idOrVar","v":"numDups"}," friends merged"],"other":[{"t":"idOrVar","v":"numDups"}," friends merged"]},"$x":[{"t":"idOrVar","v":"plural"},"numDups"]},{"$i":"notificationLogin","$v":"Your Facebook session is invalid. Please sign in."},{"$i":"syncError","$v":"There was an error synchronizing your friend’s data"},{"$i":"progressFB3liveTitle","$v":"Importing contacts from Outlook..."},{"$i":"progressFB3gmailTitle","$v":"Importing contacts from Gmail..."},{"$i":"tcl-calllog-entry-removed-succ-notification","$v":"Call Log entry removed."},{"$i":"tcl-calllog-entry-removed-err-notification","$v":"Can not remove Call Log entry."},{"$i":"addNewNumber","$v":"Add new number"},{"$i":"contactDetails","$v":"Contact details"},{"$i":"addToExistingContact","$v":"Add to existing contact"},{"$i":"all","$v":"All","ariaLabel":"All"},{"$i":"bluetoothOption","ariaLabel":"Bluetooth"},{"$i":"callLog","$v":"Call log"},{"$i":"callLogEdit","title":"Edit call log"},{"$i":"tcl-option-menu-call-log-edit","$v":"Edit Call log."},{"$i":"callLogEditDialog","ariaLabel":"Edit call log dialog."},{"$i":"tcl-call-log-delete-group-notification","$v":[{"t":"idOrVar","v":"n"}," entries were deleted."]},{"$i":"connecting","$v":"Connecting"},{"$i":"connectingEllipsis","$v":"Connecting..."},{"$i":"call-forwarding-async","$v":["Asynchronous: ",{"t":"idOrVar","v":"async"}]},{"$i":"call-forwarding-data","$v":["Data: ",{"t":"idOrVar","v":"data"}]},{"$i":"call-forwarding-error","$v":"An error occurred while retrieving call forwarding status."},{"$i":"call-forwarding-fax","$v":["FAX: ",{"t":"idOrVar","v":"fax"}]},{"$i":"call-forwarding-inactive","$v":"Inactive"},{"$i":"call-forwarding-packet","$v":["Packet: ",{"t":"idOrVar","v":"packet"}]},{"$i":"call-forwarding-pad","$v":["PAD: ",{"t":"idOrVar","v":"pad"}]},{"$i":"call-forwarding-sms","$v":["SMS: ",{"t":"idOrVar","v":"sms"}]},{"$i":"call-forwarding-status","$v":"Call forwarding status"},{"$i":"call-forwarding-sync","$v":["Synchronous: ",{"t":"idOrVar","v":"sync"}]},{"$i":"call-forwarding-voice","$v":["Voice: ",{"t":"idOrVar","v":"voice"}]},{"$i":"confirm-deletion","$v":"Clear selected calls?"},{"$i":"createNewContact","$v":"Create new contact"},{"$i":"calllog-deselectAll","$v":"Deselect All"},{"$i":"dialerAddContact","ariaLabel":"Add contact"},{"$i":"dialerAddContactDialog","ariaLabel":"Add Contact Dialog"},{"$i":"callInformation","$v":"Call Information"},{"$i":"edit-selected","$v":{"one":["selected(",{"t":"idOrVar","v":"n"},")"],"two":["selected(",{"t":"idOrVar","v":"n"},")"],"few":["selected(",{"t":"idOrVar","v":"n"},")"],"many":["selected(",{"t":"idOrVar","v":"n"},")"],"other":["selected(",{"t":"idOrVar","v":"n"},")"]},"$x":[{"t":"idOrVar","v":"plural"},"n"]},{"$i":"tcl-edit-not-selected","$v":"selected(0)"},{"$i":"hideKeypad","ariaLabel":"Hide keypad"},{"$i":"ignore","$v":"Ignore Call"},{"$i":"incoming","$v":"Incoming"},{"$i":"keypad","ariaLabel":"Keypad"},{"$i":"info-missed","$v":"Missed"},{"$i":"missed","$v":"Missed","ariaLabel":"Missed"},{"$i":"dialed","$v":"Dialed"},{"$i":"received","$v":"Received"},{"$i":"canceled","$v":"Canceled"},{"$i":"missedCall","$v":"Missed call"},{"$i":"missedCallMultiSims","$v":["(SIM ",{"t":"idOrVar","v":"n"},") Missed call"]},{"$i":"mmi-error","$v":"An error occurred while sending the message."},{"$i":"mmi-session-expired","$v":"Session expired"},{"$i":"mmi-successfully-sent","$v":"Message successfully sent"},{"$i":"mmi-notification-title-with-sim","$v":["(",{"t":"idOrVar","v":"sim"},") ",{"t":"idOrVar","v":"title"}]},{"$i":"mute","ariaLabel":"Mute"},{"$i":"newCall","ariaLabel":"New call"},{"$i":"no-logs-msg-1","$v":"No calls recorded"},{"$i":"no-logs-msg-2","$v":"Start communicating now"},{"$i":"no-logs-msg-3","$v":"No calls recorded"},{"$i":"no-logs-msg-4","$v":"Start communicating now"},{"$i":"onHoldOption","ariaLabel":"On hold"},{"$i":"outgoing","$v":"Outgoing"},{"$i":"recents","ariaLabel":"Recent calls"},{"$i":"reply","$v":"Reply"},{"$i":"calllog-selectAll","$v":"Select All"},{"$i":"send","$v":"Send"},{"$i":"switch-calls","$v":"Switch calls"},{"$i":"withheld-number","$v":"Unknown"},{"$i":"from-contact","$v":["From ",{"t":"idOrVar","v":"contact"}]},{"$i":"from-number","$v":["From ",{"t":"idOrVar","v":"number"}]},{"$i":"from-withheld-number","$v":"From unknown number"},{"$i":"sending","$v":"Sending…"},{"$i":"speakerOption","ariaLabel":"Speaker"},{"$i":"ussd-services","$v":[{"t":"idOrVar","v":"operator"}," services"]},{"$i":"toggleKeypad","ariaLabel":"Toggle keypad"},{"$i":"type-your-response","placeholder":"Type your response…"},{"$i":"clear-all-text","$v":"Clear all text"},{"$i":"hide","$v":"Hide"},{"$i":"call","$v":"Call"},{"$i":"hold","ariaLabel":"Hold"},{"$i":"resume","$v":"Resume","ariaLabel":"Resume"},{"$i":"sendSms","$v":"Send Message"},{"$i":"callEnded","$v":"Call Ended"},{"$i":"via-sim","$v":["via SIM",{"t":"idOrVar","v":"n"}]},{"$i":"sim-number","$v":["SIM",{"t":"idOrVar","v":"n"}]},{"$i":"unknown","$v":"Unknown"},{"$i":"hangup-a11y-button","ariaLabel":"Hang Up"},{"$i":"pickup-a11y-button","ariaLabel":"Pick up"},{"$i":"unlock-a11y-button","ariaLabel":"Slider"},{"$i":"settings","$v":"Settings"},{"$i":"tcl-delete-log","$v":"Are you sure you want to delete selected entries from the Call Log?"},{"$i":"delete-n-log?","$v":{"zero":"Nothing selected","one":"Delete selected log?","two":["Delete ",{"t":"idOrVar","v":"n"}," logs?"],"few":["Delete ",{"t":"idOrVar","v":"n"}," logs?"],"many":["Delete ",{"t":"idOrVar","v":"n"}," logs?"],"other":["Delete ",{"t":"idOrVar","v":"n"}," logs?"]},"$x":[{"t":"idOrVar","v":"plural"},"n"]},{"$i":"callDurationMinutes","$v":[{"t":"idOrVar","v":"m"},":",{"t":"idOrVar","v":"s"}]},{"$i":"callDurationHours","$v":[{"t":"idOrVar","v":"h"},":",{"t":"idOrVar","v":"m"},":",{"t":"idOrVar","v":"s"}]},{"$i":"callDurationTextFormatSeconds","$v":[{"t":"idOrVar","v":"s"}," s"]},{"$i":"callDurationTextFormatMinutes","$v":[{"t":"idOrVar","v":"m"}," m ",{"t":"idOrVar","v":"s"}," s"]},{"$i":"callDurationTextFormatHours","$v":[{"t":"idOrVar","v":"h"}," h ",{"t":"idOrVar","v":"m"}," m ",{"t":"idOrVar","v":"s"}," s"]},{"$i":"suggestionMatches","$v":{"one":[{"t":"idOrVar","v":"n"}," match for \"",{"t":"idOrVar","v":"matchNumber"},"\""],"two":[{"t":"idOrVar","v":"n"}," matches for \"",{"t":"idOrVar","v":"matchNumber"},"\""],"few":[{"t":"idOrVar","v":"n"}," matches for \"",{"t":"idOrVar","v":"matchNumber"},"\""],"many":[{"t":"idOrVar","v":"n"}," matches for \"",{"t":"idOrVar","v":"matchNumber"},"\""],"other":[{"t":"idOrVar","v":"n"}," matches for \"",{"t":"idOrVar","v":"matchNumber"},"\""]},"$x":[{"t":"idOrVar","v":"plural"},"n"]},{"$i":"scCallBarring","$v":"Call barring"},{"$i":"scCallForwarding","$v":"Call forwarding"},{"$i":"scClip","$v":"Incoming Caller ID"},{"$i":"scClir","$v":"Outgoing Caller ID"},{"$i":"scPwd","$v":"Password change"},{"$i":"scCallWaiting","$v":"Call waiting"},{"$i":"scPin","$v":"PIN change"},{"$i":"scPin2","$v":"PIN2 change"},{"$i":"scPuk","$v":"Unblock PIN"},{"$i":"scPuk2","$v":"Unblock PIN2"},{"$i":"scImei","$v":"IMEI"},{"$i":"scMeid","$v":"MEID"},{"$i":"scUssd","$v":"USSD"},{"$i":"serviceClassVoice","$v":"Voice"},{"$i":"serviceClassData","$v":"Data"},{"$i":"serviceClassFax","$v":"FAX"},{"$i":"serviceClassSms","$v":"SMS"},{"$i":"serviceClassDataSync","$v":"Sync"},{"$i":"serviceClassDataAsync","$v":"Async"},{"$i":"serviceClassPacket","$v":"Packet"},{"$i":"serviceClassPad","$v":"PAD"},{"$i":"smServiceEnabled","$v":"Service was enabled."},{"$i":"smServiceDisabled","$v":"Service has been disabled."},{"$i":"smServiceRegistered","$v":"Registration was successful."},{"$i":"smServiceErased","$v":"Deletion was successful."},{"$i":"smServiceInterrogated","$v":"Request was successful."},{"$i":"smServiceNotProvisioned","$v":"Service not provisioned."},{"$i":"smClirPermanent","$v":"You cannot change the caller ID setting."},{"$i":"smClirDefaultOnNextCallOn","$v":"Caller ID defaults to restricted. Next call: Restricted"},{"$i":"smClirDefaultOnNextCallOff","$v":"Caller ID defaults to restricted. Next call: Not restricted"},{"$i":"smClirDefaultOffNextCallOn","$v":"Caller ID defaults to not restricted. Next call: Restricted"},{"$i":"smClirDefaultOffNextCallOff","$v":"Caller ID defaults to not restricted. Next call: Not restricted"},{"$i":"smServiceEnabledFor","$v":"Service was enabled for:"},{"$i":"smPinChanged","$v":"PIN successfully changed"},{"$i":"smPinUnblocked","$v":"PIN successfully unblocked"},{"$i":"smPin2Changed","$v":"PIN2 successfully changed"},{"$i":"smPin2Unblocked","$v":"PIN2 successfully unblocked"},{"$i":"ServiceIsEnabled","$v":"Service is enabled"},{"$i":"ServiceIsDisabled","$v":"Service is disabled"},{"$i":"ServiceIsEnabledFor","$v":"Service is enabled for:"},{"$i":"emMmiError","$v":"Connection problem or invalid MMI code."},{"$i":"emMmiErrorPasswordIncorrect","$v":"Incorrect password."},{"$i":"emMmiErrorNotSupported","$v":"Invalid or Unsupported MMI Code."},{"$i":"emMmiErrorInvalidAction","$v":"Invalid action."},{"$i":"emMmiErrorInvalidScCode","$v":"Invalid service code."},{"$i":"emMmiErrorBadPuk","$v":"The PUK you entered is not correct."},{"$i":"emMmiErrorBadPin","$v":"The old PIN you entered is not correct."},{"$i":"emMmiErrorNeedPuk2","$v":"Enter PUK2 to unlock SIM card."},{"$i":"emMmiErrorMismatchPin","$v":"The PINs you entered do not match."},{"$i":"emMmiErrorInvalidPin","$v":"Enter a PIN that is of 4 to 8 numbers."},{"$i":"emMmiErrorNeedsPuk","$v":"Your SIM card is PUK-locked."},{"$i":"emMmiErrorEnablePin","$v":"Unsuccessful. Enable SIM/RUIM LOCK."},{"$i":"emMmiErrorMmiFdn","$v":"Operation is restricted to fixed dialing numbers only."},{"$i":"emMmiErrorStkCcUssdDial","$v":"USSD request is modified to DIAL request."},{"$i":"emMmiErrorStkCcUssdSs","$v":"USSD request is modified to SS request."},{"$i":"emMmiErrorStkCcUssdUssd","$v":"USSD request is modified to new USSD request."},{"$i":"emMmiErrorStkCcSsDial","$v":"SS request is modified to DIAL request."},{"$i":"emMmiErrorStkCcSsUssd","$v":"SS request is modified to USSD request."},{"$i":"emMmiErrorStkCcSsSs","$v":"SS request is modified to new SS request."},{"$i":"emMmiErrorPinPukAttempts","$v":{"one":["Only ",{"t":"idOrVar","v":"n"}," retry left"],"two":[{"t":"idOrVar","v":"n"}," retries left"],"few":[{"t":"idOrVar","v":"n"}," retries left"],"many":[{"t":"idOrVar","v":"n"}," retries left"],"other":[{"t":"idOrVar","v":"n"}," retries left"]},"$x":[{"t":"idOrVar","v":"plural"},"n"]},{"$i":"emMmiErrorSimBlocked","$v":"Maximum number of retries exceeded. SIM blocked."},{"$i":"RadioNotAvailable","$v":"Radio not available"},{"$i":"GenericFailure","$v":"Generic failure"},{"$i":"PasswordIncorrect","$v":"Password incorrect"},{"$i":"SimPin2","$v":"SIM PIN2"},{"$i":"SimPuk2","$v":"SIM PUK2"},{"$i":"RequestNotSupported","$v":"Request not supported"},{"$i":"OpNotAllowedDuringVoiceCall","$v":"Operation not allowed during voice call"},{"$i":"SmsSendFailRetry","$v":"SMS send fail retry"},{"$i":"SimAbsent","$v":"SIM absent"},{"$i":"SubscriptionNotAvailable","$v":"Subscription not available"},{"$i":"ModeNotSupported","$v":"Mode not supported"},{"$i":"FdnCheckFailure","$v":"Fdn check failure"},{"$i":"IllegalSimOrMe","$v":"Illegal SIM or ME"},{"$i":"DialModifiedToUssd","$v":"Dial modified to USSD"},{"$i":"DialModifiedToSs","$v":"Dial modified to SS"},{"$i":"DialModifiedToDial","$v":"Dial modified to dial"},{"$i":"UssdModifiedToDial","$v":"USSD modified to dial"},{"$i":"UssdModifiedToSs","$v":"USSD modified to SS"},{"$i":"UssdModifiedToUssd","$v":"USSD modified to USSD"},{"$i":"SsModifiedToDial","$v":"SS modified to dial"},{"$i":"SsModifiedToUssd","$v":"SS modified to USSD"},{"$i":"SsModifiedToSs","$v":"SS modified to SS"},{"$i":"SubscriptionNotSupported","$v":"Subscription not supported"},{"$i":"InvalidParameter","$v":"Invalid parameter"},{"$i":"RejectedByRemote","$v":"Rejected by remote"},{"$i":"conferenceCall","$v":["Conference (",{"t":"idOrVar","v":"n"},")"]},{"$i":"caller-left-call","$v":[{"t":"idOrVar","v":"caller"}," has left the call."]},{"$i":"conferenceAddError","$v":"Unable to merge calls"},{"$i":"conferenceRemoveError","$v":"Unable to unmerge calls"},{"$i":"longDateFormat","$v":"%A, %B %e"},{"$i":"select-audio-sources","$v":"Select audio sources"},{"$i":"bluetooth-handsfree-device","$v":"Bluetooth handsfree device"},{"$i":"receiver","$v":"Receiver"},{"$i":"speaker","$v":"Speaker"},{"$i":"tcl-cancel","$v":"Cancel"},{"$i":"tcl-dialer","$v":"Dialer"},{"$i":"tcl-confirmation","$v":"Confirmation"},{"$i":"log-item","$v":"Options"},{"$i":"tcl-assign-speed-dial","$v":{"$o":["Contact was not added as a Speed Dial on button \"",{"t":"idOrVar","v":"speedDial"},"\"<br><br>Assign now?"]}},{"$i":"tcl-assign","$v":"Assign"},{"$i":"select","$v":"Select"},{"$i":"view-all","$v":"View all"},{"$i":"search-results","$v":"Search Results"},{"$i":"no-recent-numbers","$v":"There is no recent numbers in the Call Logs to dial."},{"$i":"wifi-calling","$v":"Wi-Fi calling"},{"$i":"dialer-prompt","$v":"Dial number or select contact to add to call"},{"$i":"hours","$v":"hours"},{"$i":"minutes","$v":"minutes"},{"$i":"seconds","$v":"seconds"},{"$i":"voicemailNoNumberTitle","$v":"Voicemail number is unavailable"},{"$i":"voicemailNoNumberText","$v":"Unable to call the voicemail. Set up the voicemail number to place the call."},{"$i":"voicemailNoNumberSettings","$v":"Settings"},{"$i":"voicemailNoNumberCancel","$v":"Cancel"},{"$i":"phoneNumberInput","ariaLabel":"Phone number"},{"$i":"keypadDelete","ariaLabel":"Delete"},{"$i":"voiceMailKey","ariaLabel":"Voicemail"},{"$i":"asterisk","ariaLabel":"Asterisk"},{"$i":"hashSign","ariaLabel":"Hash sign"},{"$i":"loadingSimContacts","$v":"Loading SIM card contacts…"},{"$i":"noContactsWereFound","$v":"No contacts were found"},{"$i":"noContactsFoundDialogOk","$v":"OK"},{"$i":"emergencyNumber","$v":"Emergency number"},{"$i":"callAirplaneModeMessage","$v":"To make a call you need to disable airplane mode in settings."},{"$i":"callAirplaneModeBtnOk","$v":"OK"},{"$i":"callAirplaneModeTitle","$v":"Airplane mode activated"},{"$i":"numberIsBusyTitle","$v":"Number is busy"},{"$i":"numberIsBusyMessage","$v":"The number is currently busy. Please try again later."},{"$i":"fdnIsActiveTitle","$v":"FDN active"},{"$i":"fdnIsActiveMessage","$v":["FDN (Fixed Dialing Numbers) is activated and the following number is not in your FDN list: ",{"t":"idOrVar","v":"number"}]},{"$i":"emergencyDialogBodyBadNumber","$v":"To make a call, the phone must be connected to a network."},{"$i":"emergencyDialogBodyDeviceNotAccepted","$v":"Emergency calls are not allowed by the network."},{"$i":"emergencyDialogBtnOk","$v":"OK"},{"$i":"emergencyDialogTitle","$v":"No network connection"},{"$i":"invalidNumberToDialTitle","$v":"Invalid phone number"},{"$i":"invalidNumberToDialMessage","$v":"The phone number you are calling is not valid."},{"$i":"unableToCallTitle","$v":"Unable to make a phone call now"},{"$i":"unableToCallMessage","$v":"Cannot make a call. If you are already dialing, please hang up first."},{"$i":"otherConnectionInUseTitle","$v":"Other connection in use"},{"$i":"otherConnectionInUseMessage","$v":"You have an active call on another connection. You can only use one connection at a time."},{"$i":"tcl-call-log","$v":"Call Log"},{"$i":"tcl-contacts","$v":"Contacts"},{"$i":"tcl-call","$v":"Call"},{"$i":"tcl-add-contact","$v":"Add to Existing Contact"},{"$i":"tcl-create-contact","$v":"Create New Contact"},{"$i":"tcl-add-speed-dial","$v":"Add to Speed Dial"},{"$i":"sim-with-index-and-carrier","$v":["SIM ",{"t":"idOrVar","v":"index"}," - ",{"t":"idOrVar","v":"carrier"}]},{"$i":"sim-without-carrier","$v":["SIM ",{"t":"idOrVar","v":"index"}]}]