[{"$i":"confirmMsg","$v":[{"t":"idOrVar","v":"deviceId"}," તમારા સંપર્કો અને કૉલ ઇતિહાસ ઍક્સેસ કરવા માંગે છે, સ્વીકારીએ?"]},{"$i":"responseMsg","$v":[{"t":"idOrVar","v":"deviceId"}," માટે કી"]},{"$i":"confirmTitle","$v":"ફોનબુક ઍક્સેસ માટેની વિનંતી"},{"$i":"responseTitle","$v":"બ્લૂટૂથ સેશન કિ આવશ્યક"},{"$i":"initialValue","$v":"સેશન કી દાખલ કરો"},{"$i":"gaia-menu-cancel","$v":"રદ કરો"},{"$i":"gaia-sim-picker-dial-via-with-number","$v":[{"t":"idOrVar","v":"phoneNumber"}," મારફતે ડાયલ કરો"]},{"$i":"gaia-sim-picker-select-sim","$v":"સિમ પસંદ કરો"},{"$i":"gaia-sim-picker-button","$v":["સિમ",{"t":"idOrVar","v":"n"}]},{"$i":"gaia-sim-picker-button-default","$v":"(ડિફૉલ્ટ)"},{"$i":"softkey-options","$v":"વિકલ્પ"},{"$i":"details","countcall":"કોલ કરો"},{"$i":"edit","$v":"સંપાદિત કરો"},{"$i":"cancel","$v":"રદ કરો"},{"$i":"done","$v":"થઈ ગયું"},{"$i":"ok","$v":"ઑકે"},{"$i":"update","$v":"અપડેટ કરો"},{"$i":"retry","$v":"ફરી પ્રયાસ કરો"},{"$i":"view","$v":"જુઓ"},{"$i":"search","$v":"શોધો"},{"$i":"contacts","$v":"સંપર્કો"},{"$i":"addContact","$v":"સંપર્ક ઉમેરો"},{"$i":"deleteContact","$v":"સંપર્ક દુર કરો"},{"$i":"selectContact","$v":"સંપર્ક પસંદ કરો"},{"$i":"selectAll","$v":"તમામ પસંદ કરો"},{"$i":"deselect","$v":"પસંદ રદ કરો"},{"$i":"deselectAll","$v":"તમામ પસંદ રદ કરો"},{"$i":"editContact","$v":"સંપર્ક સંપાદિત કરો"},{"$i":"deleteConfirmMsg","$v":"સંપર્ક દૂર કરવા માંગો છો?"},{"$i":"remove","$v":"દૂર કરો"},{"$i":"delete","$v":"કાઢો"},{"$i":"comments","$v":"ટિપ્પણીઓ"},{"$i":"no_contact_phones","$v":"આ સંપર્કમાં કોઈ ફોન નંબર નથી"},{"$i":"no_contact_email","$v":"આ સંપર્કમાં કોઈ ઇમેઇલ એડ્રેસ નથી"},{"$i":"no_contact_data","$v":"આ સંપર્કમાં કોઈ ફોન નંબર અને ઇમેઇલ સરનામું નથી"},{"$i":"removePhotoConfirm","$v":"સંપર્ક ચિત્ર દૂર કરો?"},{"$i":"loadingContacts","$v":"સંપર્ક લોડ કરી રહ્યા છીએ..."},{"$i":"noContactsActivity2","$v":"તમારી સંપર્ક લિસ્ટમાં કોઈ સંપર્ક નથી"},{"$i":"noName","$v":"કોઇ નામ નથી"},{"$i":"givenName","$v":"પ્રથમ નામ"},{"$i":"familyName","$v":"અટક"},{"$i":"tel","$v":"ફોન"},{"$i":"carrier","$v":"કેરિયર","placeholder":"કેરિયર"},{"$i":"separator","$v":","},{"$i":"email","$v":"ઈમેઈલ"},{"$i":"streetAddress","$v":"રસ્તો"},{"$i":"postalCode","$v":"ઝિપ કોડ"},{"$i":"locality","$v":"શહેર"},{"$i":"countryName","$v":"દેશ"},{"$i":"comment","$v":"ટિપ્પણી"},{"$i":"org","$v":"કંપની"},{"$i":"date","$v":"તારીખ","placeholder":"તારીખ"},{"$i":"date-span-placeholder","$v":"તારીખ"},{"$i":"birthday","$v":"જન્મદિવસ"},{"$i":"dateFormat","$v":"%b %e"},{"$i":"dateOutput","$v":[{"t":"idOrVar","v":"dayMonthFormatted"}," ",{"t":"idOrVar","v":"year"}]},{"$i":"anniversary","$v":"વર્ષગાંઠ"},{"$i":"addPhoto","$v":"ચિત્ર ઉમેરો"},{"$i":"addPhone","$v":"ફોન ઉમેરો"},{"$i":"addEmail","$v":"ઈમેઈલ ઉમેરો"},{"$i":"addAddress","$v":"સરનામું ઉમેરો"},{"$i":"addDate","$v":"તારીખ ઉમેરો"},{"$i":"addComment","$v":"નોંધ ઉમેરો"},{"$i":"addFavorite","$v":"મનપસંદ તરીકે ઉમેરો"},{"$i":"removeFavorite","$v":"મનપસંદ તરીકે દૂર કરો"},{"$i":"addButton","ariaLabel":"ઉમેરો"},{"$i":"editButton","ariaLabel":"સંપાદિત કરો"},{"$i":"settingsButton","ariaLabel":"સેટિંગ્સ"},{"$i":"phoneDetail","ariaLabel":"ફોન"},{"$i":"emailDetail","ariaLabel":"ઈમેઈલ"},{"$i":"addressDetail","ariaLabel":"સરનામું"},{"$i":"dateDetail","ariaLabel":"તારીખ"},{"$i":"composeEmail","ariaLabel":"ઈમેઈલ"},{"$i":"makeCall","ariaLabel":"કોલ કરો"},{"$i":"phones","ariaLabel":"ફોન"},{"$i":"emails","ariaLabel":"ઈમેઈલ્સ"},{"$i":"addresses","ariaLabel":"સરનામું"},{"$i":"dates","ariaLabel":"તારીખો"},{"$i":"notes","ariaLabel":"નોંધ"},{"$i":"exit","$v":"બહાર નીકળો"},{"$i":"expand","$v":"વિસ્તૃત કરો"},{"$i":"labelName","$v":"નામ:"},{"$i":"labelLastName","$v":"અટક:"},{"$i":"labelPhoneNumber","$v":"ફોન નંબર:"},{"$i":"labelCarrier","$v":"વાહક:"},{"$i":"labelEmail","$v":"ઇમેઇલ:"},{"$i":"labelStreet","$v":"રસ્તો:"},{"$i":"labelZip","$v":"પિન કોડ:"},{"$i":"labelCity","$v":"શહેર:"},{"$i":"labelCountry","$v":"દેશ:"},{"$i":"labelComment","$v":"ટિપ્પણી:"},{"$i":"legendTitleMain","$v":"મુખ્ય માહિતી"},{"$i":"legendPhones","$v":"ફોન નંબરો"},{"$i":"legendEmail","$v":"ઈમેઈલ એડ્રેસ"},{"$i":"legendAddress","$v":"સરનામું"},{"$i":"search-contact","placeholder":"શોધો"},{"$i":"noResults","$v":"કોઇ સંપર્ક મળ્યા નથી"},{"$i":"transferContactsTitle","$v":"સંપર્ક ટ્રાન્સફર કરો"},{"$i":"importContactsTitle","$v":"સંપર્કો આયાત કરો"},{"$i":"importContactsButton","$v":"સંપર્કો આયાત કરો"},{"$i":"exportContactsTitle","$v":"સંપર્કોનો નિકાસ કરો"},{"$i":"exportContactsButton","$v":"સંપર્કોનો નિકાસ કરો"},{"$i":"exportContactsAction","$v":"નિકાસ કરો"},{"$i":"simExport-title","$v":"સિમ પર નિકાસ કરો"},{"$i":"memoryCardExport-title","$v":"મેમરી કાર્ડ પર નિકાસ કરો"},{"$i":"btExport-title","$v":"બ્લૂટૂથ પર નિકાસ કરો"},{"$i":"memoryCardUMSEnabled","$v":"USB સ્ટોરેજ સક્ષમ કરેલ હોવાથી મેમરી કાર્ડનો ઉપયોગ કરી શકાતો નથી"},{"$i":"exportErrorTitle","$v":"નિકાસ ભૂલ"},{"$i":"contactsExported2","$v":{"zero":"કોઈ સંપર્કનો નિકાસ કરવામાં આવ્યો નથી","one":[{"t":"idOrVar","v":"exported"},"/",{"t":"idOrVar","v":"total"}," સંપર્કોનો નિકાસ કરવામાં આવ્યો"],"two":[{"t":"idOrVar","v":"exported"},"/",{"t":"idOrVar","v":"total"}," સંપર્કોનો નિકાસ કરવામાં આવ્યો"],"few":[{"t":"idOrVar","v":"exported"},"/",{"t":"idOrVar","v":"total"}," સંપર્કોનો નિકાસ કરવામાં આવ્યો"],"many":[{"t":"idOrVar","v":"exported"},"/",{"t":"idOrVar","v":"total"}," સંપર્કોનો નિકાસ કરવામાં આવ્યો"],"other":[{"t":"idOrVar","v":"exported"},"/",{"t":"idOrVar","v":"total"}," સંપર્કોનો નિકાસ કરવામાં આવ્યો"]},"$x":[{"t":"idOrVar","v":"plural"},"exported"]},{"$i":"exportError-general","$v":"નિકાસ કરવામાં કેટલીક ભૂલ થઈ"},{"$i":"exportError-SD-shared","$v":"મેમરી કાર્ડ ઍક્સેસ કરી શકાતું નથી કારણ કે તે શેઅર કરવામાં આવ્યું છે"},{"$i":"exportError-SD-unavailable","$v":"મેમરી કાર્ડ ઉપલબ્ધ નથી"},{"$i":"exportError-SD-noSpace","$v":"સંપર્કોનો નિકાસ કરવા માટે મેમરી કાર્ડ પર પૂરતી જગ્યા નથી"},{"$i":"exportError-SIM-unavailable","$v":"સિમ કાર્ડ ઉપલબ્ધ નથી"},{"$i":"exportError-BT-shared","$v":"મેમરી કાર્ડ ઍક્સેસ કરી શકાતું નથી કારણ કે તે શેઅર કરવામાં આવ્યું છે"},{"$i":"exportError-BT-unavailable","$v":"મેમરી કાર્ડ ઉપલબ્ધ નથી"},{"$i":"exportError-BT-noSpace","$v":"સંપર્કોનો નિકાસ કરવા માટે મેમરી કાર્ડ પર પૂરતી જગ્યા નથી"},{"$i":"social-network","$v":"સોશિયલ નેટવર્ક"},{"$i":"social-link","$v":"સંપર્ક લિંક કરો"},{"$i":"social-unlink","$v":"સંપર્ક અનલિંક કરો"},{"$i":"social-unlink-confirm-title","$v":"શું તમે તમારા ફ્રેન્ડને અનલિંક કરવા માંગો છો?"},{"$i":"social-unlink-confirm-accept","$v":"અનલિંક કરો"},{"$i":"facebook-import","$v":"ફેસબુક ફ્રેન્ડ્સ આયાત કરો"},{"$i":"show-fb-profile","$v":"ફેસબુક પ્રોફાઇલ જુઓ"},{"$i":"msg-send","$v":"સંદેશ"},{"$i":"wall-post","$v":"વૉલ પોસ્ટ"},{"$i":"share-contact","$v":"સંપર્ક શેઅર કરો"},{"$i":"facebook-export-forbidden","$v":"ફેસબુક અવરોધના કારણે સંપર્ક શેર કરી શકાતો નથી."},{"$i":"otherAccount","$v":"અન્ય એકાઉન્ટ"},{"$i":"facebookSwitchMsg","$v":"ફ્રેન્ડસ સિંક કરો"},{"$i":"select_mobile","$v":"મોબાઇલ પસંદ કરો"},{"$i":"select_email","$v":"ઇમેઇલ પસંદ કરો"},{"$i":"select_recipient","$v":"પ્રાપ્તકર્તા પસંદ કરો"},{"$i":"sort-by-first-name","$v":"પ્રથમ નામ દ્વારા સૉર્ટ કરો"},{"$i":"sort-by-last-name","$v":"અટક દ્વારા સૉર્ટ કરો"},{"$i":"importSim2","$v":"સિમ કાર્ડ"},{"$i":"importGmail","$v":"જીમેઇલ"},{"$i":"bluetooth","$v":"બ્લૂટૂથ"},{"$i":"importOutlook","$v":"આઉટલુક"},{"$i":"fbUpdateFriends","$v":"આયાત કરેલ ફ્રેન્ડ્સ અપડેટ કરો"},{"$i":"cleaningFbData","$v":"ફેસબુક ડેટા દૂર કરી રહ્યાં છીએ"},{"$i":"loggingOutFb","$v":"ફેસબુકમાંથી લૉગ આઉટ કરી રહ્યાં છે"},{"$i":"cleanFbConfirmMsg","$v":"તમામ ફેસબુક ડેટા દૂર કરો?"},{"$i":"renewPwdMsg","$v":"ફેસબુકમાં તમારો પાસવર્ડ બદલવામાં આવ્યો છે. કૃપા કરી, તેને અપડેટ કરો."},{"$i":"notEnabledYet","$v":"હજી સક્ષમ કરવામાં આવ્યું નથી"},{"$i":"genericNoConnection","$v":"સંપર્કો આયાત કરવા માટે WiFi અથવા ડેટા નેટવર્ક સાથે કનેક્ટ કરો"},{"$i":"bluetoothNoConnection","$v":"સંપર્કનો નિકાસ કરવા માટે એક બ્લૂટૂથ ડિવાઇસ કનેક્ટ કરો."},{"$i":"simCard","$v":"સિમ કાર્ડ"},{"$i":"memoryCard","$v":"મેમરી કાર્ડ"},{"$i":"simNumberNoMSISDN","$v":["સિમ ",{"t":"idOrVar","v":"number"}," :"]},{"$i":"simNumberWithMSISDN","$v":["સિમ ",{"t":"idOrVar","v":"number"},": ",{"t":"idOrVar","v":"msisdn"}]},{"$i":"ICEContactsGroup","$v":"ICE સંપર્કો"},{"$i":"setICEButton","$v":"ICE સંપર્કો સેટ કરો"},{"$i":"ICESettingTitle","$v":"ICE સંપર્કો"},{"$i":"ICEDescription","$v":"\"અપાત્કાલીન સ્થિતિમાં\" કોલ કરવા માટે પાંચ સંપર્કો ઉમેરો."},{"$i":"ICEContact1","$v":"ICE સંપર્ક 1"},{"$i":"tcl-ice-contact-1-added","$v":"ICE સંપર્ક 1 ઉમેરવામાં આવ્યો"},{"$i":"ICESelectContact","$v":"એક સંપર્ક પસંદ કરો"},{"$i":"ICEContact2","$v":"ICE સંપર્ક 2"},{"$i":"tcl-ice-contact-2-added","$v":"ICE સંપર્ક 2 ઉમેરવામાં આવ્યો"},{"$i":"ICERepeatedContact","$v":"આ સંપર્ક પહેલાંથી જ એક મોજૂદ ICE સંપર્ક છે"},{"$i":"ICEUnknownError","$v":"ICE તરીકે સંપર્ક સેટ કરવામાં એક ભૂલ આવી હતી"},{"$i":"ICEContactNoNumber","$v":"આ સંપર્કમાં ફોન નંબર નથી"},{"$i":"ICEFacebookContactNotAllowed","$v":"ફેસબુક સંપર્કો ICE સંપર્કો તરીકે સેટ કરી શકાતા નથી"},{"$i":"ICEContactDelTel","$v":"દૂર કરેલ ફોન નંબરો ICE સંપર્કમાંથી દૂર કરવામાં આવ્યા છે"},{"$i":"ICEContactDelTelAll","$v":"બધા નંબરો દૂર કરવામાં આવ્યા છે. આ સંપર્ક ICE સંપર્કોમાંથી દૂર કરવામાં આવ્યો છે."},{"$i":"delete-ice-contact-warning","$v":"શું તમે ICE સંપર્ક દૂર કરવા માંગો છો ?"},{"$i":"add","$v":"ઉમેરો"},{"$i":"no-contacts","$v":"કોઈ સંપર્ક નથી"},{"$i":"start-adding","$v":"સંપર્કો ઉમેરવા માટે નવો સંપર્ક દબાવો."},{"$i":"notImported","$v":"આયાત કરેલ નથી"},{"$i":"imported","$v":"આયાત કરેલ"},{"$i":"today","$v":"આજે"},{"$i":"yesterday","$v":"ગઈકાલ"},{"$i":"messageCanceling","$v":"કૃપા કરી રોકાઓ. અમે ચાલુ ઓપરેશન રદ કરી રહ્યાં છીએ."},{"$i":"organise-contacts","$v":"સંપર્કો સંગઠિત કરો"},{"$i":"find-merge-contacts","$v":"ડુપ્લિકેટ સંપર્કો શોધો"},{"$i":"preparing-contacts","$v":"સંપર્કો તૈયાર કરી રહ્યાં છે"},{"$i":"exportError-SIM-NoFreeRecordFound","$v":"સિમ કાર્ડ ભરેલુ છે"},{"$i":"exportError-SIM-CannotAccessPhoneBook","$v":"સિમ કાર્ડના ફોનબુકને ઍક્સેસ કરી શકાતું નથી"},{"$i":"exportError-SIM-Unavailable","$v":"કોઈ સિમ મળ્યું નથી"},{"$i":"exportError-SIM-GenericError","$v":"સંપર્કનો નિકાસ કરતી વખતે એક ત્રુટિ આવી"},{"$i":"noSimMsgExport","$v":"સંપર્કોનો નિકાસ કરવા માટે તમારું સિમ કાર્ડ સામેલ અથવા અનલૉક કરો"},{"$i":"noMemoryCardMsgExport","$v":"સંપર્કોનો નિકાસ કરવા માટે એક મેમરી કાર્ડ સામેલ કરો"},{"$i":"ContactManagementTitle","$v":"સંપર્કોનું સંચાલન"},{"$i":"DeleteTitle","$v":"કાઢો"},{"$i":"bulkDeleteButton","$v":"સંપર્કો દુર કરો"},{"$i":"BulkDelCancel","$v":"સંપર્કો રદ કરવાનું રદ કર્યું"},{"$i":"DeletedTxt","$v":{"zero":"દૂર કરવા માટે કોઈ સંપર્ક નથી","one":"1 સંપર્ક કાઢવામાં આવ્યો","two":[{"t":"idOrVar","v":"n"}," સંપર્કો દૂર કરવામાં આવ્યા"],"few":[{"t":"idOrVar","v":"n"}," સંપર્કો દૂર કરવામાં આવ્યા"],"many":[{"t":"idOrVar","v":"n"}," સંપર્કો દૂર કરવામાં આવ્યા"],"other":[{"t":"idOrVar","v":"n"}," સંપર્કો દૂર કરવામાં આવ્યા"]},"$x":[{"t":"idOrVar","v":"plural"},"n"]},{"$i":"DeletingContacts","$v":"સંપર્કો દુર કરી રહ્યા છે"},{"$i":"ContactConfirmDel","$v":{"zero":"દૂર કરવા માટે કોઈ સંપર્ક નથી","one":"1 સંપર્ક દૂર કરવો છે? આ પુનઃપ્રાપ્ત કરી શકાતો નથી.","two":[{"t":"idOrVar","v":"n"}," સંપર્કો કાઢી નાખીએ? આ પુનઃપ્રાપ્ત કરી શકાતા  નથી."],"few":[{"t":"idOrVar","v":"n"}," સંપર્કો કાઢી નાખીએ? આ પુનઃપ્રાપ્ત કરી શકાતા  નથી."],"many":[{"t":"idOrVar","v":"n"}," સંપર્કો કાઢી નાખીએ? આ પુનઃપ્રાપ્ત કરી શકાતા  નથી."],"other":[{"t":"idOrVar","v":"n"}," સંપર્કો કાઢી નાખીએ? આ પુનઃપ્રાપ્ત કરી શકાતા  નથી."]},"$x":[{"t":"idOrVar","v":"plural"},"n"]},{"$i":"SelectedTxt","$v":{"zero":[{"t":"idOrVar","v":"n"}," પસંદ કરેલ"],"one":[{"t":"idOrVar","v":"n"}," પસંદ કરેલ"],"two":[{"t":"idOrVar","v":"n"}," પસંદ કરેલ"],"few":[{"t":"idOrVar","v":"n"}," પસંદ કરેલ"],"many":[{"t":"idOrVar","v":"n"}," પસંદ કરેલ"],"other":[{"t":"idOrVar","v":"n"}," પસંદ કરેલ"]},"$x":[{"t":"idOrVar","v":"plural"},"n"]},{"$i":"video","$v":"વિડિયો"},{"$i":"audio","$v":"ઓડિયો"},{"$i":"pick_destination","$v":[{"t":"idOrVar","v":"destination"}," ",{"t":"idOrVar","v":"carrier"}]},{"$i":"removeField","ariaLabel":"દૂર કરો"},{"$i":"undo","ariaLabel":"અનડૂ કરો"},{"$i":"send-sms-button","ariaLabel":"SMS"},{"$i":"ice_contacts","$v":"ICE સંપર્કો"},{"$i":"edit-picture","$v":"ચિત્ર સંપાદિત કરો"},{"$i":"remove-photo","$v":"ચિત્ર દૂર કરો"},{"$i":"change-photo","$v":"ચિત્ર બદલો"},{"$i":"photo-options","$v":"ફોટો વિકલ્પો"},{"$i":"tcl-all","$v":"દરેક"},{"$i":"tcl-speed-dial","$v":"સ્પીડ ડાયલ"},{"$i":"tcl-new-contact","$v":"નવો સંપર્ક"},{"$i":"tcl-settings","$v":"સેટિંગ્સ"},{"$i":"tcl-save","$v":"સેવ કરો"},{"$i":"save","$v":"સેવ કરો"},{"$i":"tcl-add","$v":"ઉમેરો"},{"$i":"tcl-contact-add-ringtone","$v":"રિંગટોન ઉમેરો"},{"$i":"tcl-custom-dialog-title-default","$v":"ખાતરી"},{"$i":"confirm-dialog-title-default","$v":"ખાતરી"},{"$i":"discard","$v":"દુર કરો"},{"$i":"custom-tag-title","$v":"કસ્ટમ ટૅગ"},{"$i":"tcl-contact-added","$v":"સંપર્ક ઉમેરવામાં આવ્યો"},{"$i":"tcl-contact-updated","$v":"સંપર્ક વિગતો અપડેટ કરવામાં આવી"},{"$i":"tcl-contact-removed","$v":"સંપર્ક રદ કરવામાં આવ્યું"},{"$i":"tcl-contact-unremoved","$v":"દૂર કરવામાં અસમર્થ"},{"$i":"edit-phone-type","$v":"ફોન પ્રકાર સંપાદિત કરો"},{"$i":"edit-email-type","$v":"ઇમેઇલ પ્રકાર સંપાદિત કરો"},{"$i":"edit-address-type","$v":"સરનામા પ્રકાર સંપાદિત કરો"},{"$i":"edit-date-type","$v":"તારીખ પ્રકાર સંપાદિત કરો"},{"$i":"tcl-select-phone-type","$v":"ફોન પ્રકાર પસંદ કરો"},{"$i":"tcl-select-email-type","$v":"ઇમેઇલ પ્રકાર પસંદ કરો"},{"$i":"tcl-select-address-type","$v":"સરનામાનો પ્રકાર પસંદ કરો"},{"$i":"tcl-select-date-type","$v":"તારીખ પ્રકાર પસંદ કરો"},{"$i":"add-phone","$v":"ફોન નંબર ઉમેરો"},{"$i":"add-email","$v":"ઈમેઈલ ઉમેરો"},{"$i":"add-address","$v":"સરનામું ઉમેરો"},{"$i":"add-date","$v":"તારીખ ઉમેરો"},{"$i":"add-phone-type","$v":"ફોન પ્રકાર"},{"$i":"add-email-type","$v":"ઈમેઈલ પ્રકાર"},{"$i":"add-address-type","$v":"સરનામાંનો પ્રકાર"},{"$i":"add-date-type","$v":"ડેટા પ્રકાર"},{"$i":"delete-phone","$v":"ફોન નંબર દુર કરો"},{"$i":"delete-email","$v":"ઇમેઇલ દુર કરો"},{"$i":"delete-address","$v":"સરનામું દુર કરો"},{"$i":"delete-date","$v":"તારીખ દુર કરો"},{"$i":"delete-note","$v":"નોટ દુર કરો"},{"$i":"delete-comment-warning","$v":"શું તમે નોંધ દૂર કરવા માંગો છો?"},{"$i":"tcl-deleting-messages-phone","$v":["શું તમે ફોન: \"",{"t":"idOrVar","v":"type_name"},"\" દૂર કરવા માંગો છો?"]},{"$i":"tcl-deleting-messages-email","$v":["શું તમે ઇમેઇલ:\"",{"t":"idOrVar","v":"type_name"},"\" દૂર કરવા માંગો છો?"]},{"$i":"tcl-deleting-messages-address","$v":["શું તમે સરનામું: \"",{"t":"idOrVar","v":"type_name"},"\" દૂર કરવા માંગો છો?"]},{"$i":"tcl-deleting-messages-date","$v":"શું તમે તારીખ દૂર કરવા માંગો છો?"},{"$i":"deleting-message-warning","$v":["શું તમે \"",{"t":"idOrVar","v":"type_name"},"\"ને દૂર કરવા માંગો છો?"]},{"$i":"tcl-deleting-messages-comment","$v":"શું તમે ટિપ્પણી દૂર કરવા માંગો છો?"},{"$i":"delecting-messages-contact","$v":["શું તમે સંપર્ક \"",{"t":"idOrVar","v":"type_name"},"\" દૂર કરવા માંગો છો?"]},{"$i":"delecting-this-contact","$v":"આ સંપર્ક દૂર કરવા માંગો છો?"},{"$i":"deleting-messages-ringtone","$v":"શું તમે રિંગટોન દૂર કરવા માંગો છો?"},{"$i":"deleting-messages-picture","$v":"શું તમે ચિત્ર દૂર કરવા માંગો છો?"},{"$i":"tcl-deleting-notification-ringtone","$v":"રિંગટોન દૂર કરવામાં આવ્યો"},{"$i":"tcl-deleting-notification-comment","$v":"ટિપ્પણી કાઢવામાં આવી"},{"$i":"note","$v":"નોંધ"},{"$i":"address","$v":"સરનામું"},{"$i":"tcl-noContacts","$v":"તમારી સંપર્ક સૂચિ ખાલી હોવાથી સંપર્કમાં ઉમેરી શકતા નથી"},{"$i":"tcl-noContacts-no-email","$v":"ઇમેઇલ સાથે કોઈપણ સંપર્કો ન હોવાથી સંપર્કમાં ઉમેરી શકતા નથી"},{"$i":"tcl-noContacts-no-tel","$v":"ફોન નંબર સાથે કોઈપણ સંપર્કો ન હોવાથી સંપર્કમાં ઉમેરી શકતા નથી"},{"$i":"tcl-noContactsTitle","$v":"કોઈ સંપર્ક નથી"},{"$i":"tcl-change-voice-mail","$v":"વૉઇસમેઇલ નંબર બદલો"},{"$i":"tcl-replace","$v":"બદલો"},{"$i":"tcl-remove-speed-dial","$v":"સ્પીડ ડાયલમાંથી દૂર કરો"},{"$i":"tcl-notification-speed-dial-added","$v":"સ્પીડ ડાયલ નંબર ઉમેરાયેલ છે"},{"$i":"tcl-notification-speed-dial-removed","$v":"સ્પીડ ડાયલ નંબર દૂર કરેલ છે"},{"$i":"tcl-notification-speed-dial-updated","$v":"સ્પીડ ડાયલ નંબર અપડેટ કરેલ છે"},{"$i":"tcl-notification-voice-mail-updated","$v":"વૉઇસમેઇલ નંબર અપડેટ કરવામાં આવ્યો"},{"$i":"tcl-notification-contact-assigned","$v":"સ્પીડ ડાયલ માટે સંપર્ક અસાઇન કરવામાં આવ્યો"},{"$i":"empty","$v":"ખાલી છે"},{"$i":"tcl-voice-mail","$v":"વૉઇસમેઇલ"},{"$i":"contact-confirm-save","$v":"સંપર્ક માહિતી કાઢી નાખવામાં આવશે. શું તમે આ સંપર્ક સાચવવા માંગો છો?"},{"$i":"contact-confirm-form-save","$v":"ફેરફારો દૂર કરવામાં આવશે. શું તમે આ સંપર્ક સેવ કરવા માંગો છો?"},{"$i":"tcl-yes","$v":"હા"},{"$i":"tcl-no","$v":"નહીં"},{"$i":"tcl-default-ringtone","$v":"ડિફોલ્ટ રિંગટોન"},{"$i":"tcl-add-ringtone","$v":"રિંગટોન"},{"$i":"tcl-ringtone","$v":"રિંગટોન"},{"$i":"change-ringtone","$v":"રિંગટોન બદલો"},{"$i":"delete-ringtone","$v":"રિંગટોન દુર કરો"},{"$i":"tcl-settings-title","$v":"સંપર્કોના સેટિંગ્સ"},{"$i":"settings-sort-contacts-title","$v":"સંપર્કો સૉર્ટ કરો"},{"$i":"tcl-oder-notification","$v":"ફેરફારો સાચવ્યાં"},{"$i":"changes-saved-notification","$v":"ફેરફારો સેવ કરેલ છે."},{"$i":"tcl-imported-status","$v":[{"t":"idOrVar","v":"n"}," સંપર્કો આયાત થયા ",{"t":"idOrVar","v":"numDups"}," સંપર્કો મર્જ થયા"]},{"$i":"tcl-on","$v":"ચાલુ"},{"$i":"tcl-off","$v":"બંધ"},{"$i":"on","$v":"ચાલુ"},{"$i":"off","$v":"બંધ"},{"$i":"tcl-contact-empty-number","$v":"ફોન નંબર ખાલી છે"},{"$i":"contact-no-dial-number","$v":"ડાયલ કરવા માટે કોઈ ફોન નંબર નથી."},{"$i":"tcl-select-number","$v":"નંબર પસંદ કરો"},{"$i":"tcl-select-email","$v":"ઇમેઇલ પસંદ કરો"},{"$i":"select-email","$v":"ઇમેઇલ પસંદ કરો"},{"$i":"tcl-send-message","$v":"સંદેશ મોકલો"},{"$i":"send-email","$v":"ઇ-મેઇલ મોકલો"},{"$i":"tcl-share","$v":"શેઅર કરો"},{"$i":"tcl-find-duplicate","$v":"ડુપ્લિકેટ સંપર્કો શોધો"},{"$i":"tcl-add-favorite","$v":"મનપસંદ તરીકે ઉમેરો"},{"$i":"tcl-remove-favorite","$v":"પસંદગીમાંથી દૂર કરો"},{"$i":"tcl-link-social-networks","$v":"સોશિયલ નેટવર્ક સાથે લિંક કરો"},{"$i":"tcl-delete","$v":"કાઢો"},{"$i":"tcl-detail-send-sms","$v":"નવો SMS"},{"$i":"tcl-detail-call","$v":"કોલ કરો"},{"$i":"tcl-detail-send-email","$v":"તૈયાર કરો"},{"$i":"sms","$v":"સંદેશ"},{"$i":"tcl-search-contact","$v":"શોધો"},{"$i":"tcl-number","$v":["નંબર ",{"t":"idOrVar","v":"number"}]},{"$i":"tcl-custom-dialog-replace-speed-dial","$v":["શું તમે સ્પીડ ડાયલ ",{"t":"idOrVar","v":"oldSpeedDial"},"ને ",{"t":"idOrVar","v":"newSpeedDial"}," સાથે બદલવા માંગો છો?"]},{"$i":"custom-dialog-remove-speed-dial","$v":["શું તમે સ્પીડ ડાયલમાંથી ",{"t":"idOrVar","v":"name"}," દૂર કરવા માંગો છો?"]},{"$i":"tcl-options","$v":"વિકલ્પ"},{"$i":"tcl-success-merged","$v":[{"t":"idOrVar","v":"Number"}," સંપર્ક(ર્કો) મર્જ કરવામાં આવ્યા"]},{"$i":"tcl-contact-confirm-merge","$v":["શું તમે ",{"t":"idOrVar","v":"name"}," સાથે ",{"t":"idOrVar","v":"count"}," સંપર્કો મર્જ કરવા માંગો છો?"]},{"$i":"tcl-merge","$v":"મર્જ કરો"},{"$i":"add-speed-dial-failed-title","$v":"સ્પીડ ડાયલ ઉમેરવામાં નિષ્ફળ"},{"$i":"add-speed-dial-failed-content","$v":[{"t":"idOrVar","v":"name"}," પહેલાંથી જ સ્પીડ ડાયલમાં મોજૂદ છે, કૃપા કરી બીજો સંપર્ક પસંદ કરો."]},{"$i":"merge","$v":"મર્જ કરો"},{"$i":"tcl-attention","$v":"ધ્યાન આપો"},{"$i":"attention","$v":"ધ્યાન આપો"},{"$i":"tcl-speed-dial-add-contact","$v":{"$o":"કોઈ સંપર્કો નથી. <br><br> કૃપા કરી એક સંપર્ક બનાવો."}},{"$i":"tcl-voice-mail-header","$v":"વૉઇસમેઇલ"},{"$i":"tcl-voice-mail-number","$v":"વૉઇસ મેઇલ નંબર"},{"$i":"tcl-select-all","$v":"તમામ પસંદ કરો"},{"$i":"tcl-deselect-all","$v":"તમામ પસંદ રદ કરો"},{"$i":"systemring","$v":"રિંગટોન"},{"$i":"moremusic","$v":"સંગીત"},{"$i":"tcl-add-ringselect","$v":"માંથી પસંદ કરો"},{"$i":"type-select","$v":"પસંદ કરો"},{"$i":"dialnum-view","$v":"જુઓ"},{"$i":"select-a-contact-title","$v":"એક સંપર્ક પસંદ કરો"},{"$i":"select-a-number-title","$v":"એક નંબર પસંદ કરો"},{"$i":"invalid-vcf-file","$v":"અમાન્ય vcf ફાઇલ"},{"$i":"voiceMail","$v":"વૉઇસમેઇલ"},{"$i":"back","$v":"પાછળ"},{"$i":"noSimMsg","$v":"સંપર્કો આયાત કરવા માટે તમારું સિમ કાર્ડ સામેલ અથવા અનલૉક કરો"},{"$i":"noMemoryCardMsg","$v":"સંપર્કો આયાત કરવા માટે એક મેમરી કાર્ડ સામેલ કરો"},{"$i":"importMemoryCard","$v":"મેમરી કાર્ડ"},{"$i":"noConnection11","$v":"ફેસબુક મિત્રો અથવા સંપર્કો આયાત કરવા માટે WiFi અથવા ડેટા નેટવર્ક સાથે કનેક્ટ કરો"},{"$i":"emptyAccount","$v":"આ એકાઉન્ટમાં કોઈપણ ફ્રેન્ડ્સ અથવા સંપર્કો મળ્યાં નથી."},{"$i":"simContacts-import","$v":"સિમ સંપર્કો આયાત કરો"},{"$i":"simContacts-importing","$v":"સિમ કાર્ડમાંથી સંપર્કો આયાત કરી રહ્યાં છીએ"},{"$i":"simContacts-reading","$v":"સિમ કાર્ડમાંથી સંપર્ક વાંચી રહ્યાં છીએ ..."},{"$i":"simContacts-error","$v":"સિમ ના સંપર્કોને પાછા લાવી શકાયા નથી"},{"$i":"simContacts-imported3","$v":{"zero":"આયાત કરવા માટે સિમ પર કોઈ સંપર્ક મળ્યાં નથી","one":"એક સંપર્ક આયાત થયો","two":[{"t":"idOrVar","v":"n"}," સંપર્કો આયાત થયા"],"few":[{"t":"idOrVar","v":"n"}," સંપર્કો આયાત થયા"],"many":[{"t":"idOrVar","v":"n"}," સંપર્કો આયાત થયા"],"other":[{"t":"idOrVar","v":"n"}," સંપર્કો આયાત થયા"]},"$x":[{"t":"idOrVar","v":"plural"},"n"]},{"$i":"memoryCardContacts-import","$v":"મેમરી કાર્ડમાંથી સંપર્કો આયાત કરો"},{"$i":"memoryCardContacts-importing","$v":"મેમરી કાર્ડ માંથી સંપર્કો આયાત કરી રહ્યાં છીએ..."},{"$i":"memoryCardContacts-reading","$v":"મેમરી કાર્ડમાંથી સંપર્ક વાંચી રહ્યાં છીએ ..."},{"$i":"memoryCardContacts-error","$v":"મેમરી કાર્ડમાંથી સંપર્કો આયાત કરી શકાયા નહીં"},{"$i":"memoryCardContacts-imported3","$v":{"zero":"આયાત કરવા માટે મેમરી કાર્ડમાં કોઈ સંપર્ક મળ્યાં નથી","one":"એક સંપર્ક આયાત થયો","two":[{"t":"idOrVar","v":"n"}," સંપર્કો આયાત થયા"],"few":[{"t":"idOrVar","v":"n"}," સંપર્કો આયાત થયા"],"many":[{"t":"idOrVar","v":"n"}," સંપર્કો આયાત થયા"],"other":[{"t":"idOrVar","v":"n"}," સંપર્કો આયાત થયા"]},"$x":[{"t":"idOrVar","v":"plural"},"n"]},{"$i":"genericProgress","$v":[{"t":"idOrVar","v":"current"},"/",{"t":"idOrVar","v":"total"}]},{"$i":"facebook","$v":"ફેસબુક"},{"$i":"facebook-import-msg2","$v":[{"t":"idOrVar","v":"imported"},"/",{"t":"idOrVar","v":"total"}," ફ્રેન્ડ આયાત કરવામાં આવ્યા"]},{"$i":"contactsMerged","$v":{"zero":"કોઈ ડુપ્લિકેટ સંપર્ક મર્જ કર્યા નથી","one":"એક ડુપ્લિકેટ સંપર્ક મર્જ કર્યો","two":[{"t":"idOrVar","v":"numDups"}," સંપર્કો મર્જ કરવામાં આવ્યા"],"few":[{"t":"idOrVar","v":"numDups"}," સંપર્કો મર્જ કરવામાં આવ્યા"],"many":[{"t":"idOrVar","v":"numDups"}," સંપર્કો મર્જ કરવામાં આવ્યા"],"other":[{"t":"idOrVar","v":"numDups"}," સંપર્કો મર્જ કરવામાં આવ્યા"]},"$x":[{"t":"idOrVar","v":"plural"},"numDups"]},{"$i":"weekday-0-long","$v":"રવિવાર"},{"$i":"weekday-1-long","$v":"સોમવાર"},{"$i":"weekday-2-long","$v":"મંગળવાર"},{"$i":"weekday-3-long","$v":"બુધવાર"},{"$i":"weekday-4-long","$v":"ગુરૂવાર"},{"$i":"weekday-5-long","$v":"શુક્રવાર"},{"$i":"weekday-6-long","$v":"શનિવાર"},{"$i":"weekday-0-short","$v":"રવિ"},{"$i":"weekday-1-short","$v":"સોમ"},{"$i":"weekday-2-short","$v":"મંગળ"},{"$i":"weekday-3-short","$v":"બુધ"},{"$i":"weekday-4-short","$v":"ગુરુ"},{"$i":"weekday-5-short","$v":"શુક્રવાર"},{"$i":"weekday-6-short","$v":"શનિ"},{"$i":"month-0-long","$v":"જાન્યુઆરી"},{"$i":"month-1-long","$v":"ફેબ્રુઆરી"},{"$i":"month-2-long","$v":"માર્ચ"},{"$i":"month-3-long","$v":"એપ્રિલ"},{"$i":"month-4-long","$v":"મે"},{"$i":"month-5-long","$v":"જૂન"},{"$i":"month-6-long","$v":"જુલાઈ"},{"$i":"month-7-long","$v":"ઓગસ્ટ"},{"$i":"month-8-long","$v":"સપ્ટેમ્બર"},{"$i":"month-9-long","$v":"ઓક્ટોબર"},{"$i":"month-10-long","$v":"નવેમ્બર"},{"$i":"month-11-long","$v":"ડિસેમ્બર"},{"$i":"month-0-genitive","$v":"જાન્યુઆરી"},{"$i":"month-1-genitive","$v":"ફેબ્રુઆરી"},{"$i":"month-2-genitive","$v":"માર્ચ"},{"$i":"month-3-genitive","$v":"એપ્રિલ"},{"$i":"month-4-genitive","$v":"મે"},{"$i":"month-5-genitive","$v":"જૂન"},{"$i":"month-6-genitive","$v":"જુલાઈ"},{"$i":"month-7-genitive","$v":"ઓગસ્ટ"},{"$i":"month-8-genitive","$v":"સપ્ટેમ્બર"},{"$i":"month-9-genitive","$v":"ઓક્ટોબર"},{"$i":"month-10-genitive","$v":"નવેમ્બર"},{"$i":"month-11-genitive","$v":"ડિસેમ્બર"},{"$i":"month-0-short","$v":"જાન્યુઆરી"},{"$i":"month-1-short","$v":"ફેબ્રુઆરી"},{"$i":"month-2-short","$v":"માર્ચ"},{"$i":"month-3-short","$v":"એપ્રિલ"},{"$i":"month-4-short","$v":"મે"},{"$i":"month-5-short","$v":"જૂન"},{"$i":"month-6-short","$v":"જુલાઈ"},{"$i":"month-7-short","$v":"ઓગસ્ટ"},{"$i":"month-8-short","$v":"સપ્ટેમ્બર"},{"$i":"month-9-short","$v":"ઓક્ટોબર"},{"$i":"month-10-short","$v":"નવેમ્બર"},{"$i":"month-11-short","$v":"ડિસેમ્બર"},{"$i":"minutes-ago-long","$v":{"zero":"અત્યારે જ","one":"એક મિનિટ પહેલાં","two":[{"t":"idOrVar","v":"value"}," મિનિટ પહેલા"],"few":[{"t":"idOrVar","v":"value"}," મિનિટ પહેલા"],"many":[{"t":"idOrVar","v":"value"}," મિનિટ પહેલા"],"other":[{"t":"idOrVar","v":"value"}," મિનિટ પહેલા"]},"$x":[{"t":"idOrVar","v":"plural"},"value"]},{"$i":"hours-ago-long","$v":{"zero":"અત્યારે જ","one":"એક કલાક પહેલાં","two":[{"t":"idOrVar","v":"value"}," કલાક પહેલા"],"few":[{"t":"idOrVar","v":"value"}," કલાક પહેલા"],"many":[{"t":"idOrVar","v":"value"}," કલાક પહેલા"],"other":[{"t":"idOrVar","v":"value"}," કલાક પહેલા"]},"$x":[{"t":"idOrVar","v":"plural"},"value"]},{"$i":"days-ago-long","$v":{"zero":"આજે","one":"ગઈકાલ","two":[{"t":"idOrVar","v":"value"}," દિવસ પહેલા"],"few":[{"t":"idOrVar","v":"value"}," દિવસ પહેલા"],"many":[{"t":"idOrVar","v":"value"}," દિવસ પહેલા"],"other":[{"t":"idOrVar","v":"value"}," દિવસ પહેલા"]},"$x":[{"t":"idOrVar","v":"plural"},"value"]},{"$i":"weeks-ago-long","$v":{"zero":"આ અઠવાડિયું","one":"ગયા અઠવાડિયે","two":[{"t":"idOrVar","v":"value"}," અઠવાડિયા પહેલા"],"few":[{"t":"idOrVar","v":"value"}," અઠવાડિયા પહેલા"],"many":[{"t":"idOrVar","v":"value"}," અઠવાડિયા પહેલા"],"other":[{"t":"idOrVar","v":"value"}," અઠવાડિયા પહેલા"]},"$x":[{"t":"idOrVar","v":"plural"},"value"]},{"$i":"months-ago-long","$v":{"zero":"આ મહિનો","one":"ગયા મહિને","two":[{"t":"idOrVar","v":"value"}," મહિના પહેલા"],"few":[{"t":"idOrVar","v":"value"}," મહિના પહેલા"],"many":[{"t":"idOrVar","v":"value"}," મહિના પહેલા"],"other":[{"t":"idOrVar","v":"value"}," મહિના પહેલા"]},"$x":[{"t":"idOrVar","v":"plural"},"value"]},{"$i":"years-ago-long","$v":{"zero":"આ વર્ષ","one":"ગયા વર્ષે","two":[{"t":"idOrVar","v":"value"}," વર્ષ પહેલા"],"few":[{"t":"idOrVar","v":"value"}," વર્ષ પહેલા"],"many":[{"t":"idOrVar","v":"value"}," વર્ષ પહેલા"],"other":[{"t":"idOrVar","v":"value"}," વર્ષ પહેલા"]},"$x":[{"t":"idOrVar","v":"plural"},"value"]},{"$i":"minutes-until-long","$v":{"zero":"હમણાં","one":"એક મિનિટમાં","two":[{"t":"idOrVar","v":"value"}," મિનિટમાં"],"few":[{"t":"idOrVar","v":"value"}," મિનિટમાં"],"many":[{"t":"idOrVar","v":"value"}," મિનિટમાં"],"other":[{"t":"idOrVar","v":"value"}," મિનિટમાં"]},"$x":[{"t":"idOrVar","v":"plural"},"value"]},{"$i":"hours-until-long","$v":{"zero":"હમણાં","one":"એક કલાકમાં","two":[{"t":"idOrVar","v":"value"}," કલાકમાં"],"few":[{"t":"idOrVar","v":"value"}," કલાકમાં"],"many":[{"t":"idOrVar","v":"value"}," કલાકમાં"],"other":[{"t":"idOrVar","v":"value"}," કલાકમાં"]},"$x":[{"t":"idOrVar","v":"plural"},"value"]},{"$i":"days-until-long","$v":{"zero":"આજે","one":"આવતીકાલ","two":[{"t":"idOrVar","v":"value"}," દિવસમાં"],"few":[{"t":"idOrVar","v":"value"}," દિવસમાં"],"many":[{"t":"idOrVar","v":"value"}," દિવસમાં"],"other":[{"t":"idOrVar","v":"value"}," દિવસમાં"]},"$x":[{"t":"idOrVar","v":"plural"},"value"]},{"$i":"weeks-until-long","$v":{"zero":"આ અઠવાડિયું","one":"આગળનું અઠવાડિયું","two":[{"t":"idOrVar","v":"value"}," અઠવાડિયામાં"],"few":[{"t":"idOrVar","v":"value"}," અઠવાડિયામાં"],"many":[{"t":"idOrVar","v":"value"}," અઠવાડિયામાં"],"other":[{"t":"idOrVar","v":"value"}," અઠવાડિયામાં"]},"$x":[{"t":"idOrVar","v":"plural"},"value"]},{"$i":"months-until-long","$v":{"zero":"આ મહિનો","one":"આગળનો મહિનો","two":[{"t":"idOrVar","v":"value"}," મહિનામાં"],"few":[{"t":"idOrVar","v":"value"}," મહિનામાં"],"many":[{"t":"idOrVar","v":"value"}," મહિનામાં"],"other":[{"t":"idOrVar","v":"value"}," મહિનામાં"]},"$x":[{"t":"idOrVar","v":"plural"},"value"]},{"$i":"years-until-long","$v":{"zero":"આ વર્ષ","one":"આગળનું વર્ષ","two":[{"t":"idOrVar","v":"value"}," વર્ષમાં"],"few":[{"t":"idOrVar","v":"value"}," વર્ષમાં"],"many":[{"t":"idOrVar","v":"value"}," વર્ષમાં"],"other":[{"t":"idOrVar","v":"value"}," વર્ષમાં"]},"$x":[{"t":"idOrVar","v":"plural"},"value"]},{"$i":"minutes-ago-short","$v":{"zero":"અત્યારે જ","other":[{"t":"idOrVar","v":"value"},"મિનિટ પહેલા"]},"$x":[{"t":"idOrVar","v":"plural"},"value"]},{"$i":"hours-ago-short","$v":{"zero":"અત્યારે જ","other":[{"t":"idOrVar","v":"value"},"કલાક પહેલા"]},"$x":[{"t":"idOrVar","v":"plural"},"value"]},{"$i":"days-ago-short","$v":{"zero":"આજે","other":[{"t":"idOrVar","v":"value"},"દિવસ પહેલા"]},"$x":[{"t":"idOrVar","v":"plural"},"value"]},{"$i":"minutes-until-short","$v":{"zero":"હમણાં","other":[{"t":"idOrVar","v":"value"},"મિનિટ માં"]},"$x":[{"t":"idOrVar","v":"plural"},"value"]},{"$i":"hours-until-short","$v":{"zero":"હમણાં","other":[{"t":"idOrVar","v":"value"},"કલાક માં"]},"$x":[{"t":"idOrVar","v":"plural"},"value"]},{"$i":"days-until-short","$v":{"zero":"આજે","other":[{"t":"idOrVar","v":"value"},"દિવસ માં"]},"$x":[{"t":"idOrVar","v":"plural"},"value"]},{"$i":"incorrectDate","$v":"(ખોટી તારીખ)"},{"$i":"dateTimeFormat_%c","$v":"%a %b %e %Y %I:%M:%S %p"},{"$i":"dateTimeFormat_%x","$v":"%m/%d/%Y"},{"$i":"dateTimeFormat_%X","$v":"%I:%M:%S %p"},{"$i":"shortTimeFormat","$v":"%I:%M %p"},{"$i":"shortTimeFormat12","$v":"%I:%M %p"},{"$i":"shortTimeFormat24","$v":"%H:%M"},{"$i":"shortDateTimeFormat","$v":"%x %I:%M %p"},{"$i":"weekStartsOnMonday","$v":"0"},{"$i":"firstDayOfTheWeek","$v":"0"},{"$i":"time_am","$v":"AM"},{"$i":"time_pm","$v":"PM"},{"$i":"label","$v":"લેબલ"},{"$i":"mobile","$v":"મોબાઇલ"},{"$i":"home","$v":"ઘર"},{"$i":"work","$v":"વર્ક"},{"$i":"personal","$v":"વ્યક્તિગત"},{"$i":"faxHome","$v":"Fax  હોમ"},{"$i":"faxOffice","$v":"Fax  ઓફિસ"},{"$i":"faxOther","$v":"અન્ય Fax"},{"$i":"another","$v":"અન્ય"},{"$i":"other","$v":"અન્ય"},{"$i":"tcl-customTag","$v":"કસ્ટમ ટૅગ"},{"$i":"customTag","$v":"કસ્ટમ ટૅગ","placeholder":"કસ્ટમ ટૅગ"},{"$i":"current","$v":"વર્તમાન"},{"$i":"itemWithLabel","$v":[{"t":"idOrVar","v":"label"},", ",{"t":"idOrVar","v":"item"}]},{"$i":"waitDuplicateContacts","$v":"ડુપ્લિકેટ સંપર્કો શોધી રહ્યાં છીએ"},{"$i":"waitMergingDuplicateContacts","$v":"ડુપ્લિકેટ સંપર્કો મર્જ કરી રહ્યાં છીએ"},{"$i":"alertNoDuplicateContacts","$v":"કોઈ ડુપ્લિકેટ સંપર્ક મળ્યાં નથી"},{"$i":"curtainCancel","$v":"રદ કરો"},{"$i":"close","$v":"બંધ કરો"},{"$i":"mergeDuplicateTitle","$v":"ડુપ્લિકેટ્સ મળ્યા"},{"$i":"suggestedDuplicatesMessage","innerHTML":{"$o":["<bdi>",{"t":"idOrVar","v":"name"},"</bdi> માટે સૂચવેલ ડુપ્લિકેટ સંપર્કો"]}},{"$i":"mergeActionButtonLabel","$v":{"zero":"કોઇ સંપર્ક પસંદ કરેલ નથી","one":[{"t":"idOrVar","v":"n"}," સંપર્ક સાથે મર્જ કરો"],"two":[{"t":"idOrVar","v":"n"}," સંપર્કો સાથે મર્જ કરો"],"few":[{"t":"idOrVar","v":"n"}," સંપર્કો સાથે મર્જ કરો"],"many":[{"t":"idOrVar","v":"n"}," સંપર્કો સાથે મર્જ કરો"],"other":[{"t":"idOrVar","v":"n"}," સંપર્કો સાથે મર્જ કરો"]},"$x":[{"t":"idOrVar","v":"plural"},"n"]},{"$i":"duplicatesFoundTitle","$v":"ડુપ્લિકેટ્સ મળ્યા"},{"$i":"foundDuplicatesMessage","innerHTML":"નીચે આપેલ સંપર્કોમાં ડુપ્લિકેટ માહિતી મળી હતી. શું તમે મર્જ કરવા માંગો છો?"},{"$i":"tcl-merge-selected-counts","$v":[{"t":"idOrVar","v":"n"}," પસંદ કરેલ"]},{"$i":"tcl-wait-duplicate-contacts","$v":"ડુપ્લિકેટ સંપર્કો શોધો"},{"$i":"tcl-wait-txt","$v":"ડુપ્લિકેટ સંપર્કો શોધી રહ્યાં છીએ..."},{"$i":"import","$v":"આયાત કરો"},{"$i":"fbFriends","$v":"ફેસબુક ફ્રેન્ડ્સ"},{"$i":"live-serviceName","$v":"આઉટલુક"},{"$i":"gmail-serviceName","$v":"જીમેઇલ"},{"$i":"facebook-serviceName","$v":"ફેસબુક ફ્રેન્ડ્સ"},{"$i":"viewAll","$v":"તમામ ફેસબુક મિત્રો જુઓ"},{"$i":"viewRecommend","$v":"ફક્ત ભલામણ જુઓ"},{"$i":"linkProposal","$v":{"zero":"કોઈ મેળ ખાતા ફ્રેન્ડ્સ નથી, તમામ દર્શાવેલ છે.","one":"એક ભલામણ કરેલ પસંદ કરો","two":"ભલામણ કરેલ પસંદ કરો","few":"ભલામણ કરેલ પસંદ કરો","many":"ભલામણ કરેલ પસંદ કરો","other":"ભલામણ કરેલ પસંદ કરો"},"$x":[{"t":"idOrVar","v":"plural"},"numFriends"]},{"$i":"fbFriendsFound","$v":{"zero":"તમારા બધા મિત્રો આયાત કરવામાં આવ્યા છે","one":"આયાત કરવા માટે એક ફ્રેન્ડ મળ્યો","two":["આયાત કરવા માટે ",{"t":"idOrVar","v":"numFriends"}," ફ્રેન્ડ્સ મળ્યા"],"few":["આયાત કરવા માટે ",{"t":"idOrVar","v":"numFriends"}," ફ્રેન્ડ્સ મળ્યા"],"many":["આયાત કરવા માટે ",{"t":"idOrVar","v":"numFriends"}," ફ્રેન્ડ્સ મળ્યા"],"other":["આયાત કરવા માટે ",{"t":"idOrVar","v":"numFriends"}," ફ્રેન્ડ્સ મળ્યા"]},"$x":[{"t":"idOrVar","v":"plural"},"numFriends"]},{"$i":"fbNoFriends","$v":"આયાત કરવા માટે કોઈ સંપર્ક ઉપલબ્ધ નથી"},{"$i":"done-search","$v":"થઈ ગયું"},{"$i":"progressFB3ImportTitle","$v":"ફ્રેન્ડ્સને સંપર્કોમાં આયાત કરવામાં આવી રહ્યાં છે"},{"$i":"progressFB","$v":[{"t":"idOrVar","v":"current"},"/",{"t":"idOrVar","v":"total"}]},{"$i":"progressFB3UpdateTitle","$v":"સંપર્કોમાં ફ્રેન્ડ્સ અપડેટ કરી રહ્યાં છે"},{"$i":"message2","$v":"આમાં થોડી મિનિટો લાગી શકે છે"},{"$i":"messageLinking","$v":"કૃપા કરી રોકાઓ. અમે તમારા ફ્રેન્ડ અને તમારા સંપર્કને લિંક કરી રહ્યાં છીએ."},{"$i":"error1","$v":["ત્રુટિ ",{"t":"idOrVar","v":"from"}]},{"$i":"error2","$v":"શું તમે પુનઃપ્રયાસ કરવા માંગો છો?"},{"$i":"errorProposal","$v":"દરખાસ્તોની ગણતરી કરી રહ્યાં છે"},{"$i":"errorFriends","$v":"મિત્રો પુનઃપ્રાપ્ત કરાઈ રહ્યાં છે"},{"$i":"errorLinking","$v":"સંપર્ક લિંક કરી રહ્યાં છે"},{"$i":"timeout1","$v":[{"t":"idOrVar","v":"from"}," સમયસમાપ્તિ એક્સિડ થઈ"]},{"$i":"timeout2","$v":"શું તમે પુનઃપ્રયાસ કરવા માંગો છો?"},{"$i":"timeoutProposal","$v":"દરખાસ્તોની ગણતરી કરી રહ્યાં છે"},{"$i":"timeoutFriends","$v":"મિત્રો પુનઃપ્રાપ્ત કરાઈ રહ્યાં છે"},{"$i":"timeoutLinking","$v":"સંપર્ક લિંક કરી રહ્યાં છે"},{"$i":"wait1","$v":"કૃપા કરી રોકાઓ"},{"$i":"wait2","$v":"આમાં થોડી મિનિટો લાગી શકે છે"},{"$i":"waitProposal","$v":"કૃપા કરી રોકાઓ. અમે એક દરખાસ્તની ગણતરી કરી રહ્યાં છીએ."},{"$i":"waitFriends","$v":"કૃપા કરી રોકાઓ. અમે તમારી ફ્રેન્ડલિસ્ટ મેળવવા માટે કનેક્ટ કરી રહ્યાં છીએ."},{"$i":"curtainRetry","$v":"ફરી પ્રયાસ કરો"},{"$i":"curtainOK","$v":"ઑકે"},{"$i":"connectionLost","$v":"કોઇ ઇન્ટરનેટ કનેક્શન નથી"},{"$i":"connectionLostMsg","$v":"ફ્રેન્ડ્સના ફોટા તમારા સંપર્કોમાં ઉમેરવામાં નહીં આવે. તેમ છતાં ચાલુ રાખીએ?"},{"$i":"yesOption","$v":"ઑકે"},{"$i":"noOption","$v":"રદ કરો"},{"$i":"waitFriendslive","$v":"આઉટલુકમાંથી સંપર્કો વાંચી રહ્યાં છીએ..."},{"$i":"waitFriendsgmail","$v":"જીમેઈલમાંથી સંપર્કો વાંચી રહ્યાં છીએ..."},{"$i":"friendsUpdated","$v":{"zero":"કોઈ ફ્રેન્ડ્સ અપડેટ થયા નથી","one":"એક ફ્રેન્ડ અપડેટ કરવામાં આવ્યો","two":[{"t":"idOrVar","v":"numFriends"}," ફ્રેન્ડ્સ અપડેટ કરવામાં આવ્યા"],"few":[{"t":"idOrVar","v":"numFriends"}," ફ્રેન્ડ્સ અપડેટ કરવામાં આવ્યા"],"many":[{"t":"idOrVar","v":"numFriends"}," ફ્રેન્ડ્સ અપડેટ કરવામાં આવ્યા"],"other":[{"t":"idOrVar","v":"numFriends"}," ફ્રેન્ડ્સ અપડેટ કરવામાં આવ્યા"]},"$x":[{"t":"idOrVar","v":"plural"},"numFriends"]},{"$i":"friendsMerged","$v":{"zero":"કોઈ ડુપ્લિકેટ ફ્રેન્ડ્સ મર્જ કર્યા નથી","one":"એક ડુપ્લિકેટ ફ્રેન્ડ મર્જ કર્યો","two":[{"t":"idOrVar","v":"numDups"}," ફ્રેન્ડ્સ મર્જ કરવામાં આવ્યા"],"few":[{"t":"idOrVar","v":"numDups"}," ફ્રેન્ડ્સ મર્જ કરવામાં આવ્યા"],"many":[{"t":"idOrVar","v":"numDups"}," ફ્રેન્ડ્સ મર્જ કરવામાં આવ્યા"],"other":[{"t":"idOrVar","v":"numDups"}," ફ્રેન્ડ્સ મર્જ કરવામાં આવ્યા"]},"$x":[{"t":"idOrVar","v":"plural"},"numDups"]},{"$i":"notificationLogin","$v":"તમારું ફેસબુક સત્ર અમાન્ય છે. કૃપા કરી સાઇન ઇન કરો."},{"$i":"syncError","$v":"તમારા ફ્રેન્ડનો ડેટા સમન્વિત કરવામાં એક ત્રુટિ આવી હતી"},{"$i":"progressFB3liveTitle","$v":"આઉટલુકમાંથી સંપર્કો આયાત કરો..."},{"$i":"progressFB3gmailTitle","$v":"જીમેઈલમાંથી સંપર્કો આયાત કરી રહ્યાં છે..."},{"$i":"tcl-calllog-entry-removed-succ-notification","$v":"કૉલ લૉગ નોંધ દૂર કરવામાં આવી"},{"$i":"tcl-calllog-entry-removed-err-notification","$v":"કૉલ લોગ એન્ટ્રીને દૂર કરી શકાતી નથી"},{"$i":"addNewNumber","$v":"નવો નંબર ઉમેરો"},{"$i":"contactDetails","$v":"સંપર્ક વિગતો"},{"$i":"addToExistingContact","$v":"મોજૂદ સંપર્કમાં ઉમેરો"},{"$i":"all","$v":"દરેક","ariaLabel":"દરેક"},{"$i":"bluetoothOption","ariaLabel":"બ્લૂટૂથ"},{"$i":"callLog","$v":"કોલ લોગ"},{"$i":"callLogEdit","title":"કૉલ લૉગ સંપાદિત કરો"},{"$i":"tcl-option-menu-call-log-edit","$v":"કૉલ લૉગ સંપાદિત કરો"},{"$i":"callLogEditDialog","ariaLabel":"કૉલ લૉગ ડાયલોગ સંપાદિત કરો"},{"$i":"tcl-call-log-delete-group-notification","$v":[{"t":"idOrVar","v":"n"}," નોંધો દૂર કરવામાં આવી"]},{"$i":"connecting","$v":"કનેક્ટ થઈ રહ્યું છે"},{"$i":"connectingEllipsis","$v":"કનેક્ટ થઈ રહ્યું છે..."},{"$i":"call-forwarding-async","$v":["અસમકાલિક: ",{"t":"idOrVar","v":"async"}]},{"$i":"call-forwarding-data","$v":["ડેટા: ",{"t":"idOrVar","v":"data"}]},{"$i":"call-forwarding-error","$v":"કૉલ ફોરવર્ડિંગ સ્થિતિ પુનર્પ્રાપ્ત કરતી વખતે એક ત્રુટિ આવી"},{"$i":"call-forwarding-fax","$v":["FAX: ",{"t":"idOrVar","v":"fax"}]},{"$i":"call-forwarding-inactive","$v":"નિષ્ક્રિય"},{"$i":"call-forwarding-packet","$v":["પેકેટ: ",{"t":"idOrVar","v":"packet"}]},{"$i":"call-forwarding-pad","$v":["PAD: ",{"t":"idOrVar","v":"pad"}]},{"$i":"call-forwarding-sms","$v":["SMS: ",{"t":"idOrVar","v":"sms"}]},{"$i":"call-forwarding-status","$v":"કૉલ ફોરવર્ડિંગ સ્થિતિ"},{"$i":"call-forwarding-sync","$v":["સમકાલિક: ",{"t":"idOrVar","v":"sync"}]},{"$i":"call-forwarding-voice","$v":["વૉઇસ: ",{"t":"idOrVar","v":"voice"}]},{"$i":"confirm-deletion","$v":"શું પસંદ કરેલ કૉલ સાફ કરવા છે?"},{"$i":"createNewContact","$v":"નવો સંપર્ક બનાવો"},{"$i":"calllog-deselectAll","$v":"તમામ પસંદ રદ કરો"},{"$i":"dialerAddContact","ariaLabel":"સંપર્ક ઉમેરો"},{"$i":"dialerAddContactDialog","ariaLabel":"સંપર્ક સંવાદ ઉમેરો"},{"$i":"callInformation","$v":"કૉલ માહિતી"},{"$i":"edit-selected","$v":{"one":["પસંદ થયેલ(",{"t":"idOrVar","v":"n"},")"],"two":["પસંદ થયેલ(",{"t":"idOrVar","v":"n"},")"],"few":["પસંદ થયેલ(",{"t":"idOrVar","v":"n"},")"],"many":["પસંદ થયેલ(",{"t":"idOrVar","v":"n"},")"],"other":["પસંદ થયેલ(",{"t":"idOrVar","v":"n"},")"]},"$x":[{"t":"idOrVar","v":"plural"},"n"]},{"$i":"tcl-edit-not-selected","$v":"પસંદ થયેલ(0)"},{"$i":"hideKeypad","ariaLabel":"કીપેડ છુપાવો"},{"$i":"ignore","$v":"કોલની અવગણના કરો"},{"$i":"incoming","$v":"ઇનકમિંગ"},{"$i":"keypad","ariaLabel":"કીપૅડ"},{"$i":"info-missed","$v":"મિસ્ડ"},{"$i":"missed","$v":"મિસ્ડ","ariaLabel":"મિસ્ડ"},{"$i":"dialed","$v":"ડાયલ કરેલ"},{"$i":"received","$v":"મેળવ્યું"},{"$i":"canceled","$v":"રદ્દ થયેલ"},{"$i":"missedCall","$v":"મિસ્ડ કોલ"},{"$i":"missedCallMultiSims","$v":["(સિમ ",{"t":"idOrVar","v":"n"},") મિસ્ડ કોલ"]},{"$i":"mmi-error","$v":"સંદેશ મોકલતી વખતે એક ત્રુટિ આવી"},{"$i":"mmi-session-expired","$v":"સત્રની સમયસીમા સમાપ્ત થઈ"},{"$i":"mmi-successfully-sent","$v":"સંદેશ સફળતાપૂર્વક મોકલવામાં આવ્યો"},{"$i":"mmi-notification-title-with-sim","$v":["(",{"t":"idOrVar","v":"sim"},") ",{"t":"idOrVar","v":"title"}]},{"$i":"mute","ariaLabel":"મ્યૂટ કરો"},{"$i":"newCall","ariaLabel":"નવો કૉલ"},{"$i":"no-logs-msg-1","$v":"કોઈ કૉલ રેકોર્ડ કરેલા નથી"},{"$i":"no-logs-msg-2","$v":"હવે સંચાર શરૂ કરો"},{"$i":"no-logs-msg-3","$v":"કોઈ કૉલ રેકોર્ડ કરેલા નથી"},{"$i":"no-logs-msg-4","$v":"હવે સંચાર શરૂ કરો"},{"$i":"onHoldOption","ariaLabel":"હોલ્ડ પર"},{"$i":"outgoing","$v":"આઉટગોઇંગ"},{"$i":"recents","ariaLabel":"હાલના કૉલ્સ"},{"$i":"reply","$v":"જવાબ આપો"},{"$i":"calllog-selectAll","$v":"તમામ પસંદ કરો"},{"$i":"send","$v":"મોકલો"},{"$i":"switch-calls","$v":"કૉલ સ્વિચ કરો"},{"$i":"withheld-number","$v":"અજ્ઞાત"},{"$i":"from-contact","$v":[{"t":"idOrVar","v":"contact"},"થી"]},{"$i":"from-number","$v":[{"t":"idOrVar","v":"number"},"થી"]},{"$i":"from-withheld-number","$v":"અજ્ઞાન નંબરથી"},{"$i":"sending","$v":"મોકલી રહ્યા છીએ…"},{"$i":"speakerOption","ariaLabel":"સ્પીકર"},{"$i":"ussd-services","$v":[{"t":"idOrVar","v":"operator"}," સેવાઓ"]},{"$i":"toggleKeypad","ariaLabel":"કીપૅડ ટૉગલ કરો"},{"$i":"type-your-response","placeholder":"તમારા પ્રતિભાવ લખો..."},{"$i":"clear-all-text","$v":"તમામ ટેક્સ્ટ સાફ કરો"},{"$i":"hide","$v":"છુપાવો"},{"$i":"call","$v":"કોલ કરો"},{"$i":"hold","ariaLabel":"હોલ્ડ"},{"$i":"resume","$v":"ફરીથી શરૂ કરો","ariaLabel":"ફરીથી શરૂ કરો"},{"$i":"sendSms","$v":"સંદેશ મોકલો"},{"$i":"callEnded","$v":"કૉલ સમાપ્ત થયો"},{"$i":"via-sim","$v":["સિમ",{"t":"idOrVar","v":"n"}," મારફતે"]},{"$i":"sim-number","$v":["સિમ",{"t":"idOrVar","v":"n"}]},{"$i":"unknown","$v":"અજ્ઞાત"},{"$i":"hangup-a11y-button","ariaLabel":"ડિસ્કનેક્ટ કરો"},{"$i":"pickup-a11y-button","ariaLabel":"પીક અપ"},{"$i":"unlock-a11y-button","ariaLabel":"સ્લાઇડર"},{"$i":"settings","$v":"સેટિંગ્સ"},{"$i":"tcl-delete-log","$v":"શું તમે કૉલ લૉગમાંથી પસંદ કરેલી નોંધો કાઢી નાખવા માંગો છો?"},{"$i":"delete-n-log?","$v":{"zero":"કંઇ પણ પસંદ કરેલ નથી","one":"શું પસંદ કરેલ લૉગ દૂર કરવા છે?","two":["શું ",{"t":"idOrVar","v":"n"}," લૉગ્સ દૂર કરવા છે?"],"few":["શું ",{"t":"idOrVar","v":"n"}," લૉગ્સ દૂર કરવા છે?"],"many":["શું ",{"t":"idOrVar","v":"n"}," લૉગ્સ દૂર કરવા છે?"],"other":["શું ",{"t":"idOrVar","v":"n"}," લૉગ્સ દૂર કરવા છે?"]},"$x":[{"t":"idOrVar","v":"plural"},"n"]},{"$i":"callDurationMinutes","$v":[{"t":"idOrVar","v":"m"},":",{"t":"idOrVar","v":"s"}]},{"$i":"callDurationHours","$v":[{"t":"idOrVar","v":"h"},":",{"t":"idOrVar","v":"m"},":",{"t":"idOrVar","v":"s"}]},{"$i":"callDurationTextFormatSeconds","$v":[{"t":"idOrVar","v":"s"}," સેકન્ડ"]},{"$i":"callDurationTextFormatMinutes","$v":[{"t":"idOrVar","v":"m"}," મિનિટ ",{"t":"idOrVar","v":"s"}," સેકન્ડ"]},{"$i":"callDurationTextFormatHours","$v":[{"t":"idOrVar","v":"h"}," કલાક ",{"t":"idOrVar","v":"m"}," મિનિટ ",{"t":"idOrVar","v":"s"}," સેકન્ડ"]},{"$i":"suggestionMatches","$v":{"one":[{"t":"idOrVar","v":"matchNumber"}," માટે ",{"t":"idOrVar","v":"n"}," મેચ"],"two":[{"t":"idOrVar","v":"matchNumber"}," માટે ",{"t":"idOrVar","v":"n"}," મેચ"],"few":[{"t":"idOrVar","v":"matchNumber"}," માટે ",{"t":"idOrVar","v":"n"}," મેચ"],"many":[{"t":"idOrVar","v":"matchNumber"}," માટે ",{"t":"idOrVar","v":"n"}," મેચ"],"other":[{"t":"idOrVar","v":"matchNumber"}," માટે ",{"t":"idOrVar","v":"n"}," મેચ"]},"$x":[{"t":"idOrVar","v":"plural"},"n"]},{"$i":"scCallBarring","$v":"કૉલ બેરિંગ"},{"$i":"scCallForwarding","$v":"કૉલ ફોરવર્ડિંગ"},{"$i":"scClip","$v":"ઇનકમિંગ કૉલર ID"},{"$i":"scClir","$v":"આઉટગોઇંગ કૉલર ID"},{"$i":"scPwd","$v":"પાસવર્ડ બદલો"},{"$i":"scCallWaiting","$v":"કૉલ પ્રતીક્ષામાં છે"},{"$i":"scPin","$v":"પિન બદલો"},{"$i":"scPin2","$v":"પિન2 બદલો"},{"$i":"scPuk","$v":"પિન અનબ્લોક કરો"},{"$i":"scPuk2","$v":"પિન2 અનબ્લોક કરો"},{"$i":"scImei","$v":"IMEI"},{"$i":"scMeid","$v":"MEID"},{"$i":"scUssd","$v":"USSD"},{"$i":"serviceClassVoice","$v":"વૉઇસ"},{"$i":"serviceClassData","$v":"ડેટા"},{"$i":"serviceClassFax","$v":"FAX"},{"$i":"serviceClassSms","$v":"SMS"},{"$i":"serviceClassDataSync","$v":"સિંક"},{"$i":"serviceClassDataAsync","$v":"અસિંક"},{"$i":"serviceClassPacket","$v":"પૅકેટ"},{"$i":"serviceClassPad","$v":"PAD"},{"$i":"smServiceEnabled","$v":"સેવા સક્ષમ કરવામાં આવી હતી"},{"$i":"smServiceDisabled","$v":"સેવા અક્ષમ છે"},{"$i":"smServiceRegistered","$v":"નોંધણી સફળ રહી"},{"$i":"smServiceErased","$v":"ક્રિસ્ટલાઈઝ સફળ રહ્યું"},{"$i":"smServiceInterrogated","$v":"વિનંતી સફળ રહી"},{"$i":"smServiceNotProvisioned","$v":"સેવાની જોગવાઈ કરવામાં આવી નથી"},{"$i":"smClirPermanent","$v":"તમે કૉલર ID સેટિંગ બદલી શકતા નથી"},{"$i":"smClirDefaultOnNextCallOn","$v":"કોલર ID ડિફૉલ્ટ રૂપે પ્રતિબંધિત છે. પછીનો કોલ: પ્રતિબંધિત"},{"$i":"smClirDefaultOnNextCallOff","$v":"કોલર ID ડિફૉલ્ટ રૂપે પ્રતિબંધિત છે. પછીનો કોલ: પ્રતિબંધિત નથી."},{"$i":"smClirDefaultOffNextCallOn","$v":"કોલર ID ડિફૉલ્ટ રૂપે પ્રતિબંધિત નથી. પછીનો કોલ: પ્રતિબંધિત"},{"$i":"smClirDefaultOffNextCallOff","$v":"કોલર ID ડિફૉલ્ટ રૂપે પ્રતિબંધિત નથી. પછીનો કોલ: પ્રતિબંધિત નથી."},{"$i":"smServiceEnabledFor","$v":"સેવા માટે સક્ષમ કરી:"},{"$i":"smPinChanged","$v":"પિન સફળતાપૂર્વક બદલવામાં આવ્યો"},{"$i":"smPinUnblocked","$v":"પિન સફળતાપૂર્વક અનાવરોધિત કરવામાં આવ્યો"},{"$i":"smPin2Changed","$v":"પિન2 સફળતાપૂર્વક બદલવામાં આવ્યો"},{"$i":"smPin2Unblocked","$v":"પિન2 સફળતાપૂર્વક અનાવરોધિત કરવામાં આવ્યો"},{"$i":"ServiceIsEnabled","$v":"સેવા સક્ષમ છે"},{"$i":"ServiceIsDisabled","$v":"સેવા અક્ષમ છે"},{"$i":"ServiceIsEnabledFor","$v":"સેવા સક્ષમ કરેલ છે:"},{"$i":"emMmiError","$v":"કનેક્શન સમસ્યા અથવા અમાન્ય MMI કોડ"},{"$i":"emMmiErrorPasswordIncorrect","$v":"ખોટો પાસવર્ડ"},{"$i":"emMmiErrorNotSupported","$v":"અમાન્ય અથવા અસમર્થિત MMI કોડ"},{"$i":"emMmiErrorInvalidAction","$v":"અમાન્ય કાર્યવાહી"},{"$i":"emMmiErrorInvalidScCode","$v":"અમાન્ય સેવા કોડ"},{"$i":"emMmiErrorBadPuk","$v":"તમે લખેલો PUK સાચો નથી"},{"$i":"emMmiErrorBadPin","$v":"તમે લખેલ જૂનો પિન સાચો નથી."},{"$i":"emMmiErrorNeedPuk2","$v":"સિમ કાર્ડ અનાવરોધિત કરવા માટે PUK2 લખો"},{"$i":"emMmiErrorMismatchPin","$v":"તમારાં દ્વારા લખેલ પિન મેળ ખાતા નથી"},{"$i":"emMmiErrorInvalidPin","$v":"4 થી 8 નંબર હોય એવો કોઈ પિન લખો"},{"$i":"emMmiErrorNeedsPuk","$v":"તમારું સિમ કાર્ડ PUK- લૉક કરેલ છે"},{"$i":"emMmiErrorEnablePin","$v":"અસફળ. SIM/RUIM લૉક સક્ષમ કરો"},{"$i":"emMmiErrorMmiFdn","$v":"ઑપરેશન ફક્ત ફિક્સડ ડાયલિંગ નંબર માટે પ્રતિબંધિત છે"},{"$i":"emMmiErrorStkCcUssdDial","$v":"USSD વિનંતીને ડાયલ વિનંતી પર સંશોધિત કરી."},{"$i":"emMmiErrorStkCcUssdSs","$v":"USSD વિનંતીને SS વિનંતી પર સંશોધિત કરી."},{"$i":"emMmiErrorStkCcUssdUssd","$v":"USSD વિનંતીને નવી USSD વિનંતી પર સંશોધિત કરી."},{"$i":"emMmiErrorStkCcSsDial","$v":"SS વિનંતી ડાયલ વિનંતી પર સંશોધિત કરવામાં આવી"},{"$i":"emMmiErrorStkCcSsUssd","$v":"SS વિનંતીને USSD વિનંતી પર સંશોધિત કરી."},{"$i":"emMmiErrorStkCcSsSs","$v":"SS વિનંતી નવી SS વિનંતી પર સંશોધિત કરવામાં આવી"},{"$i":"emMmiErrorPinPukAttempts","$v":{"one":["માત્ર ",{"t":"idOrVar","v":"n"}," પુનઃપ્રયાસ બાકી"],"two":[{"t":"idOrVar","v":"n"}," પુનઃપ્રયાસો બાકી"],"few":[{"t":"idOrVar","v":"n"}," પુનઃપ્રયાસો બાકી"],"many":[{"t":"idOrVar","v":"n"}," પુનઃપ્રયાસો બાકી"],"other":[{"t":"idOrVar","v":"n"}," પુનઃપ્રયાસો બાકી"]},"$x":[{"t":"idOrVar","v":"plural"},"n"]},{"$i":"emMmiErrorSimBlocked","$v":"પુનઃપ્રયાસોની મહત્તમ સંખ્યા ઓળંગાઈ ગઈ છે. સિમ અવરોધિત કરવામાં આવ્યું"},{"$i":"RadioNotAvailable","$v":"રેડિયો ઉપલબ્ધ નથી"},{"$i":"GenericFailure","$v":"સામાન્ય નિષ્ફળતા"},{"$i":"PasswordIncorrect","$v":"પાસવર્ડ ખોટો છે"},{"$i":"SimPin2","$v":"સિમ પિન2"},{"$i":"SimPuk2","$v":"સિમ PUK2"},{"$i":"RequestNotSupported","$v":"વિનંતી સમર્થિત નથી"},{"$i":"OpNotAllowedDuringVoiceCall","$v":"વૉઇસ કૉલ દરમિયાન ઑપરેશનની મંજૂરી નથી"},{"$i":"SmsSendFailRetry","$v":"SMS મોકલવાનું નિષ્ફળ,પુનઃપ્રયાસ કરો"},{"$i":"SimAbsent","$v":"સિમ નથી"},{"$i":"SubscriptionNotAvailable","$v":"સબ્સ્ક્રિપ્શન ઉપલબ્ધ નથી"},{"$i":"ModeNotSupported","$v":"મોડ સમર્થિત નથી"},{"$i":"FdnCheckFailure","$v":"FDN તપાસમાં નિષ્ફળતા"},{"$i":"IllegalSimOrMe","$v":"ગેરકાયદેસર સિમ અથવા ME"},{"$i":"DialModifiedToUssd","$v":"ડાયલ ને સંશોધિત કરી USSD પર કરવામાં આવ્યું"},{"$i":"DialModifiedToSs","$v":"ડાયલ ને સંશોધિત કરી SS પર કરવામાં આવ્યું"},{"$i":"DialModifiedToDial","$v":"ડાયલ ને સંશોધિત કરી ડાયલ કરવામાં આવ્યું"},{"$i":"UssdModifiedToDial","$v":"USSD ડાયલ પર સંશોધિત કરવામાં આવ્યું"},{"$i":"UssdModifiedToSs","$v":"USSDને SS પર સંશોધિત કરવામાં આવ્યું"},{"$i":"UssdModifiedToUssd","$v":"USSDને USSD પર સંશોધિત કરવામાં આવ્યું"},{"$i":"SsModifiedToDial","$v":"SS ડાયલ પર સંશોધિત કરવામાં આવ્યું"},{"$i":"SsModifiedToUssd","$v":"SSને USSD પર સંશોધિત કરવામાં આવ્યું"},{"$i":"SsModifiedToSs","$v":"SSને SS પર સંશોધિત કરવામાં આવ્યું"},{"$i":"SubscriptionNotSupported","$v":"સબ્સ્ક્રિપ્શન સમર્થિત નથી"},{"$i":"InvalidParameter","$v":"અમાન્ય પેરામીટર"},{"$i":"RejectedByRemote","$v":"રિમોટ દ્વારા અસ્વીકૃત"},{"$i":"conferenceCall","$v":["કોન્ફરન્સ (",{"t":"idOrVar","v":"n"},")"]},{"$i":"caller-left-call","$v":[{"t":"idOrVar","v":"caller"}," એ કૉલ મૂકી દીધો છે."]},{"$i":"conferenceAddError","$v":"કૉલ્સ મર્જ કરવામાં અસમર્થ"},{"$i":"conferenceRemoveError","$v":"કૉલ્સ અનમર્જ કરવામાં અસમર્થ"},{"$i":"longDateFormat","$v":"%A, %b %e"},{"$i":"select-audio-sources","$v":"ઑડિયો સ્રોત પસંદ કરો"},{"$i":"bluetooth-handsfree-device","$v":"બ્લૂટૂથ હેન્ડ્સફ્રી ડિવાઇસ"},{"$i":"receiver","$v":"મેળવનાર"},{"$i":"speaker","$v":"સ્પીકર"},{"$i":"tcl-cancel","$v":"રદ કરો"},{"$i":"tcl-dialer","$v":"ડાયલર"},{"$i":"tcl-confirmation","$v":"ખાતરી"},{"$i":"log-item","$v":"વિકલ્પ"},{"$i":"tcl-assign-speed-dial","$v":{"$o":["\"",{"t":"idOrVar","v":"speedDial"},"' બટન પર સ્પીડ ડાયલ તરીકે સંપર્ક ઉમેરવામાં આવ્યો ન હતો.<br><br>શું હવે અસાઇન કરીએ?"]}},{"$i":"tcl-assign","$v":"અસાઇન કરો"},{"$i":"select","$v":"પસંદ કરો"},{"$i":"view-all","$v":"તમામ જુઓ"},{"$i":"search-results","$v":"શોધો પરિણામ"},{"$i":"no-recent-numbers","$v":"ડાયલ કરવા માટે કોલ લોગ્સમાં હાલમાં કોઈ નંબર નથી."},{"$i":"wifi-calling","$v":"WiFi કોલીંગ"},{"$i":"dialer-prompt","$v":"નંબર ડાયલ કરો અથવા કૉલમાં જોડવા માટે સંપર્ક પસંદ કરો"},{"$i":"hours","$v":"કલાક"},{"$i":"minutes","$v":"મિનિટ"},{"$i":"seconds","$v":"સેકન્ડ"},{"$i":"voicemailNoNumberTitle","$v":"વૉઇસમેઇલ નંબર અનુપલબ્ધ છે"},{"$i":"voicemailNoNumberText","$v":"વૉઇસ મેઇલને કૉલ કરવામાં અસમર્થ. કૉલ કરવા માટે વૉઇસ મેઇલ નંબર સેટ કરો."},{"$i":"voicemailNoNumberSettings","$v":"સેટિંગ્સ"},{"$i":"voicemailNoNumberCancel","$v":"રદ કરો"},{"$i":"phoneNumberInput","ariaLabel":"ફોન નંબર"},{"$i":"keypadDelete","ariaLabel":"કાઢો"},{"$i":"voiceMailKey","ariaLabel":"વૉઇસમેઇલ"},{"$i":"asterisk","ariaLabel":"એસ્ટ્રિક ચિહન"},{"$i":"hashSign","ariaLabel":"હૅશ ચિહ્ન"},{"$i":"loadingSimContacts","$v":"સિમ કાર્ડના સંપર્કો લોડ કરી રહ્યાં છે..."},{"$i":"noContactsWereFound","$v":"કોઈ સંપર્ક મળ્યાં નથી"},{"$i":"noContactsFoundDialogOk","$v":"ઑકે"},{"$i":"emergencyNumber","$v":"આપાતકાલીન નંબર"},{"$i":"callAirplaneModeMessage","$v":"કૉલ કરવા માટે તમને સેટિંગ્સમાં એરપ્લેન મોડ અક્ષમ કરવાની જરૂર છે."},{"$i":"callAirplaneModeBtnOk","$v":"ઑકે"},{"$i":"callAirplaneModeTitle","$v":"એરપ્લેન મોડ સક્રિય કરવામાં આવ્યો"},{"$i":"numberIsBusyTitle","$v":"નંબર વ્યસ્ત છે"},{"$i":"numberIsBusyMessage","$v":"નંબર હાલમાં વ્યસ્ત છે. કૃપા કરી ફરી પ્રયત્ન કરવા વિનંતી."},{"$i":"fdnIsActiveTitle","$v":"FDN સક્રિય"},{"$i":"fdnIsActiveMessage","$v":["FDN (ફિક્સ્ડ ડાયલિંગ નંબર) સક્રિય કરેલ છે અને નીચે આપેલ નંબર તમારી FDN લિસ્ટમાં નથી: ",{"t":"idOrVar","v":"number"}]},{"$i":"emergencyDialogBodyBadNumber","$v":"કૉલ કરવા માટે, ફોન નેટવર્ક સાથે કનેક્ટ કરેલો હોવો જોઈએ."},{"$i":"emergencyDialogBodyDeviceNotAccepted","$v":"આપાતકાલીન કૉલ્સ નેટવર્ક દ્વારા સ્વીકાર્ય નથી."},{"$i":"emergencyDialogBtnOk","$v":"ઑકે"},{"$i":"emergencyDialogTitle","$v":"કોઇ નેટવર્ક કનેક્શન નથી"},{"$i":"invalidNumberToDialTitle","$v":"અમાન્ય ફોન નંબર"},{"$i":"invalidNumberToDialMessage","$v":"જે ફોન નંબર પર તમે કૉલ કરી રહ્યાં છો તે માન્ય નથી."},{"$i":"unableToCallTitle","$v":"હાલમાં એક ફોન કૉલ કરવામાં અસમર્થ"},{"$i":"unableToCallMessage","$v":"કૉલ કરી શકાતો નથી. જો તમે પહેલાંથી જ ડાયલ કરતા હો તો, કૃપા કરી પહેલા મૂકી દો."},{"$i":"otherConnectionInUseTitle","$v":"અન્ય કનેક્શન ઉપયોગમાં છે"},{"$i":"otherConnectionInUseMessage","$v":"તમારી પાસે બીજા કનેક્શન પર એક સક્રિય કૉલ છે. તમે એક સમયે ફક્ત એક જ કનેક્શનનો ઉપયોગ કરી શકો છો."},{"$i":"tcl-call-log","$v":"કોલ લોગ"},{"$i":"tcl-contacts","$v":"સંપર્કો"},{"$i":"tcl-call","$v":"કોલ કરો"},{"$i":"tcl-add-contact","$v":"મોજૂદ સંપર્કમાં ઉમેરો"},{"$i":"tcl-create-contact","$v":"નવો સંપર્ક બનાવો"},{"$i":"tcl-add-speed-dial","$v":"સ્પીડ ડાયલમાં ઉમેરો"},{"$i":"sim-with-index-and-carrier","$v":["SIM ",{"t":"idOrVar","v":"index"}," - ",{"t":"idOrVar","v":"carrier"}]},{"$i":"sim-without-carrier","$v":["SIM ",{"t":"idOrVar","v":"index"}]}]