[{"$i":"confirmMsg","$v":[{"t":"idOrVar","v":"deviceId"}," आपके संपर्कों और कॉल इतिहास को एक्सेस करना चाहता हैं, स्वीकार करें?"]},{"$i":"responseMsg","$v":[{"t":"idOrVar","v":"deviceId"}," के लिए की"]},{"$i":"confirmTitle","$v":"फ़ोनबुक एक्सेस अनुरोध"},{"$i":"responseTitle","$v":"ब्लूटूथ सेशन की आवश्यक"},{"$i":"initialValue","$v":"सेशन की दर्ज करें"},{"$i":"gaia-menu-cancel","$v":"रद्द करना"},{"$i":"gaia-sim-picker-dial-via-with-number","$v":[{"t":"idOrVar","v":"phoneNumber"}," के ज़रिए डायल करें"]},{"$i":"gaia-sim-picker-select-sim","$v":"सिम को चुनें"},{"$i":"gaia-sim-picker-button","$v":["सिम",{"t":"idOrVar","v":"n"}]},{"$i":"gaia-sim-picker-button-default","$v":"(डिफ़ॉल्ट)"},{"$i":"softkey-options","$v":"विकल्प"},{"$i":"details","countcall":"कॉल करें"},{"$i":"edit","$v":"संपादित करें"},{"$i":"cancel","$v":"रद्द करना"},{"$i":"done","$v":"हो गया"},{"$i":"ok","$v":"ठीक हैं"},{"$i":"update","$v":"अपडेट करें"},{"$i":"retry","$v":"पुन: प्रयास करें"},{"$i":"view","$v":"देखें"},{"$i":"search","$v":"खोजें"},{"$i":"contacts","$v":"संपर्क"},{"$i":"addContact","$v":"संपर्क जोड़ें"},{"$i":"deleteContact","$v":"संपर्क हटाएँ"},{"$i":"selectContact","$v":"संपर्क चुनें"},{"$i":"selectAll","$v":"सभी चुनें"},{"$i":"deselect","$v":"चयन हटाएं"},{"$i":"deselectAll","$v":"सभी का चयन हटाएं"},{"$i":"editContact","$v":"संपर्क संपादित करें"},{"$i":"deleteConfirmMsg","$v":"संपर्क हटाएँ?"},{"$i":"remove","$v":"हटाएं"},{"$i":"delete","$v":"हटाएँ"},{"$i":"comments","$v":"टिप्पणियाँ"},{"$i":"no_contact_phones","$v":"इस संपर्क में फ़ोन नंबर नहीं हैं"},{"$i":"no_contact_email","$v":"इस संपर्क में ईमेल एड्रेस नहीं हैं"},{"$i":"no_contact_data","$v":"इस संपर्क में फ़ोन नंबर और ईमेल एड्रेस नहीं हैं"},{"$i":"removePhotoConfirm","$v":"संपर्क तस्वीर निकालें?"},{"$i":"loadingContacts","$v":"संपर्क लोड हो रहे हैं..."},{"$i":"noContactsActivity2","$v":"आपकी संपर्क लिस्ट में कोई संपर्क नहीं हैं"},{"$i":"noName","$v":"कोई नाम नहीं"},{"$i":"givenName","$v":"पहला नाम"},{"$i":"familyName","$v":"उपनाम"},{"$i":"tel","$v":"फ़ोन"},{"$i":"carrier","$v":"कैरियर","placeholder":"कैरियर"},{"$i":"separator","$v":","},{"$i":"email","$v":"ईमेल"},{"$i":"streetAddress","$v":"मार्ग"},{"$i":"postalCode","$v":"ज़िप कोड"},{"$i":"locality","$v":"शहर"},{"$i":"countryName","$v":"देश"},{"$i":"comment","$v":"टिप्पणी"},{"$i":"org","$v":"कंपनी"},{"$i":"date","$v":"दिनांक","placeholder":"दिनांक"},{"$i":"date-span-placeholder","$v":"दिनांक"},{"$i":"birthday","$v":"जन्‍मदिन"},{"$i":"dateFormat","$v":"%b %e"},{"$i":"dateOutput","$v":[{"t":"idOrVar","v":"dayMonthFormatted"}," ",{"t":"idOrVar","v":"year"}]},{"$i":"anniversary","$v":"वर्षगांठ"},{"$i":"addPhoto","$v":"तस्वीर जोड़ें"},{"$i":"addPhone","$v":"फ़ोन जोड़ें"},{"$i":"addEmail","$v":"ईमेल जोड़ें"},{"$i":"addAddress","$v":"पता जोड़ें"},{"$i":"addDate","$v":"दिनांक जोड़ें"},{"$i":"addComment","$v":"नोट जोड़ें"},{"$i":"addFavorite","$v":"पसंदीदा के रूप में जोड़ें"},{"$i":"removeFavorite","$v":"पसंदीदा से हटाएं"},{"$i":"addButton","ariaLabel":"जोड़ें"},{"$i":"editButton","ariaLabel":"संपादित करें"},{"$i":"settingsButton","ariaLabel":"सेटिंग्स"},{"$i":"phoneDetail","ariaLabel":"फ़ोन"},{"$i":"emailDetail","ariaLabel":"ईमेल"},{"$i":"addressDetail","ariaLabel":"पता"},{"$i":"dateDetail","ariaLabel":"दिनांक"},{"$i":"composeEmail","ariaLabel":"ईमेल"},{"$i":"makeCall","ariaLabel":"कॉल करें"},{"$i":"phones","ariaLabel":"फ़ोन"},{"$i":"emails","ariaLabel":"ईमेल"},{"$i":"addresses","ariaLabel":"पता"},{"$i":"dates","ariaLabel":"दिनांक"},{"$i":"notes","ariaLabel":"नोट"},{"$i":"exit","$v":"बाहर निकलें"},{"$i":"expand","$v":"विस्तारित करें"},{"$i":"labelName","$v":"नाम:"},{"$i":"labelLastName","$v":"उपनाम"},{"$i":"labelPhoneNumber","$v":"फ़ोन नंबर:"},{"$i":"labelCarrier","$v":"कैरियर:"},{"$i":"labelEmail","$v":"ईमेल:"},{"$i":"labelStreet","$v":"मार्ग:"},{"$i":"labelZip","$v":"पिन कोड"},{"$i":"labelCity","$v":"शहर:"},{"$i":"labelCountry","$v":"देश:"},{"$i":"labelComment","$v":"टिप्पणी:"},{"$i":"legendTitleMain","$v":"मुख्य जानकारी"},{"$i":"legendPhones","$v":"फ़ोन नंबर"},{"$i":"legendEmail","$v":"ईमेल एड्रेस"},{"$i":"legendAddress","$v":"पता"},{"$i":"search-contact","placeholder":"खोजें"},{"$i":"noResults","$v":"कोई संपर्क नहीं मिला"},{"$i":"transferContactsTitle","$v":"संपर्क स्थानांतरित करें"},{"$i":"importContactsTitle","$v":"संपर्क आयात करें"},{"$i":"importContactsButton","$v":"संपर्क आयात करें"},{"$i":"exportContactsTitle","$v":"संपर्क निर्यात करें"},{"$i":"exportContactsButton","$v":"संपर्क निर्यात करें"},{"$i":"exportContactsAction","$v":"निर्यात करें"},{"$i":"simExport-title","$v":"सिम में निर्यात करें"},{"$i":"memoryCardExport-title","$v":"मेमोरी कार्ड में निर्यात करें"},{"$i":"btExport-title","$v":"ब्लूटूथ में निर्यात करें"},{"$i":"memoryCardUMSEnabled","$v":"मेमोरी कार्ड का उपयोग नहीं किया जा सकता क्योंकि USB स्टोरेज सक्षम हैं"},{"$i":"exportErrorTitle","$v":"निर्यात त्रुटि"},{"$i":"contactsExported2","$v":{"zero":"कोई संपर्क निर्यात नहीं हुआ","one":[{"t":"idOrVar","v":"exported"},"/",{"t":"idOrVar","v":"total"}," संपर्क निर्यात किए गए"],"two":[{"t":"idOrVar","v":"exported"},"/",{"t":"idOrVar","v":"total"}," संपर्क निर्यात किए गए"],"few":[{"t":"idOrVar","v":"exported"},"/",{"t":"idOrVar","v":"total"}," संपर्क निर्यात किए गए"],"many":[{"t":"idOrVar","v":"exported"},"/",{"t":"idOrVar","v":"total"}," संपर्क निर्यात किए गए"],"other":[{"t":"idOrVar","v":"exported"},"/",{"t":"idOrVar","v":"total"}," संपर्क निर्यात किए गए"]},"$x":[{"t":"idOrVar","v":"plural"},"exported"]},{"$i":"exportError-general","$v":"निर्यात करते समय कुछ त्रुटि हुई"},{"$i":"exportError-SD-shared","$v":"मेमोरी कार्ड को एक्सेस नहीं किया जा सकता क्योंकि इसे साझा किया गया हैं"},{"$i":"exportError-SD-unavailable","$v":"मेमोरी कार्ड उपलब्ध नहीं हैं"},{"$i":"exportError-SD-noSpace","$v":"संपर्कों को निर्यात करने के लिए मेमोरी कार्ड में पर्याप्त स्थान नहीं हैं"},{"$i":"exportError-SIM-unavailable","$v":"सिम कार्ड उपलब्ध नहीं हैं"},{"$i":"exportError-BT-shared","$v":"मेमोरी कार्ड को एक्सेस नहीं किया जा सकता क्योंकि इसे साझा किया गया हैं"},{"$i":"exportError-BT-unavailable","$v":"मेमोरी कार्ड उपलब्ध नहीं हैं"},{"$i":"exportError-BT-noSpace","$v":"संपर्कों को निर्यात करने के लिए मेमोरी कार्ड में पर्याप्त स्थान नहीं हैं"},{"$i":"social-network","$v":"सोशल नेटवर्क"},{"$i":"social-link","$v":"संपर्क लिंक करें"},{"$i":"social-unlink","$v":"संपर्क अनलिंक करें"},{"$i":"social-unlink-confirm-title","$v":"क्या आप अपने फ्रेंड को अनलिंक करना चाहते हैं?"},{"$i":"social-unlink-confirm-accept","$v":"अनलिंक करें"},{"$i":"facebook-import","$v":"फेसबुक फ्रेंड्स को आयात करें"},{"$i":"show-fb-profile","$v":"फेसबुक प्रोफ़ाइल देखें"},{"$i":"msg-send","$v":"संदेश"},{"$i":"wall-post","$v":"वॉल पोस्ट"},{"$i":"share-contact","$v":"संपर्क साझा करें"},{"$i":"facebook-export-forbidden","$v":"फेसबुक बाधा के कारण संपर्क साझा नहीं किया जा सकता।"},{"$i":"otherAccount","$v":"अन्य अकाउंट"},{"$i":"facebookSwitchMsg","$v":"फ्रेंड्स को सिंक करें"},{"$i":"select_mobile","$v":"मोबाइल चुनें"},{"$i":"select_email","$v":"ईमेल चुनें"},{"$i":"select_recipient","$v":"प्राप्तकर्ता चुनें"},{"$i":"sort-by-first-name","$v":"नाम से क्रमबद्ध करें"},{"$i":"sort-by-last-name","$v":"उपनाम से क्रमबद्ध करें"},{"$i":"importSim2","$v":"सिम कार्ड"},{"$i":"importGmail","$v":"जीमेल"},{"$i":"bluetooth","$v":"ब्लूटूथ"},{"$i":"importOutlook","$v":"आउटलुक"},{"$i":"fbUpdateFriends","$v":"आयातित फ्रेंड अपडेट करें"},{"$i":"cleaningFbData","$v":"फेसबुक डेटा हटाया जा रहा हैं"},{"$i":"loggingOutFb","$v":"फेसबुक से लॉग आउट हो रहा हैं"},{"$i":"cleanFbConfirmMsg","$v":"सभी फेसबुक डेटा निकालें?"},{"$i":"renewPwdMsg","$v":"फेसबुक में आपका पासवर्ड बदल गया हैं। कृपया, इसे अपडेट करें।"},{"$i":"notEnabledYet","$v":"अभी तक सक्षम नहीं हैं"},{"$i":"genericNoConnection","$v":"संपर्क आयात करने के लिए WiFi या डेटा नेटवर्क से कनेक्ट करें"},{"$i":"bluetoothNoConnection","$v":"संपर्क निर्यात करने के लिए ब्लूटूथ डिवाइस कनेक्ट करें।"},{"$i":"simCard","$v":"सिम कार्ड"},{"$i":"memoryCard","$v":"मेमोरी कार्ड"},{"$i":"simNumberNoMSISDN","$v":["सिम ",{"t":"idOrVar","v":"number"},":"]},{"$i":"simNumberWithMSISDN","$v":["सिम ",{"t":"idOrVar","v":"number"},": ",{"t":"idOrVar","v":"msisdn"}]},{"$i":"ICEContactsGroup","$v":"ICE संपर्क"},{"$i":"setICEButton","$v":"ICE संपर्क सेट करें"},{"$i":"ICESettingTitle","$v":"ICE संपर्क"},{"$i":"ICEDescription","$v":"आपातकालीन स्थिति में कॉल करने के लिए पांच संपर्क जोड़ें"},{"$i":"ICEContact1","$v":"ICE संपर्क 1"},{"$i":"tcl-ice-contact-1-added","$v":"ICE संपर्क 1 जोड़ा गया"},{"$i":"ICESelectContact","$v":"एक संपर्क चुनें"},{"$i":"ICEContact2","$v":"ICE संपर्क 2"},{"$i":"tcl-ice-contact-2-added","$v":"ICE संपर्क 2 जोड़ा गया"},{"$i":"ICERepeatedContact","$v":"यह संपर्क पहले से ही एक मौजूद ICE संपर्क हैं"},{"$i":"ICEUnknownError","$v":"संपर्क को ICE के रूप में सेट करने में त्रुटि हुई"},{"$i":"ICEContactNoNumber","$v":"इस संपर्क में फ़ोन नंबर नहीं हैं"},{"$i":"ICEFacebookContactNotAllowed","$v":"फेसबुक संपर्क ICE संपर्क के रूप में सेट नहीं किए जा सकते"},{"$i":"ICEContactDelTel","$v":"हटाए गए फ़ोन नंबर ICE संपर्क से निकाल दिए गए हैं"},{"$i":"ICEContactDelTelAll","$v":"सभी नंबर हटा दिए गए हैं। यह संपर्क ICE संपर्क से हटा दिया गया हैं।"},{"$i":"delete-ice-contact-warning","$v":"क्या आप ICE संपर्क को निकालना चाहते हैं?"},{"$i":"add","$v":"जोड़ें"},{"$i":"no-contacts","$v":"कोई संपर्क नहीं"},{"$i":"start-adding","$v":"संपर्क जोड़ने के लिए नया संपर्क दबाएँ।"},{"$i":"notImported","$v":"आयात नहीं किया गया"},{"$i":"imported","$v":"आयात किया गया"},{"$i":"today","$v":"आज"},{"$i":"yesterday","$v":"बीता कल"},{"$i":"messageCanceling","$v":"कृपया रुकें। हम हो रहे ऑपरेशन को रद्द कर रहे हैं।"},{"$i":"organise-contacts","$v":"संपर्क व्यवस्थित करें"},{"$i":"find-merge-contacts","$v":"डुप्लिकेट संपर्क ढूँढें"},{"$i":"preparing-contacts","$v":"संपर्क तैयार हो रहे हैं"},{"$i":"exportError-SIM-NoFreeRecordFound","$v":"सिम कार्ड पूरा भरा हैं"},{"$i":"exportError-SIM-CannotAccessPhoneBook","$v":"सिम कार्ड के फ़ोन बुक को एक्सेस नहीं कर सकते"},{"$i":"exportError-SIM-Unavailable","$v":"कोई सिम नहीं मिला"},{"$i":"exportError-SIM-GenericError","$v":"संपर्क आयात करते समय एक त्रुटि हुई"},{"$i":"noSimMsgExport","$v":"संपर्क निर्यात करने के लिए अपना सिम कार्ड डालें या अनलॉक करें"},{"$i":"noMemoryCardMsgExport","$v":"संपर्क निर्यात करने के लिए एक मेमोरी कार्ड डालें"},{"$i":"ContactManagementTitle","$v":"संपर्क प्रबंधन"},{"$i":"DeleteTitle","$v":"हटाएँ"},{"$i":"bulkDeleteButton","$v":"संपर्क हटाएँ"},{"$i":"BulkDelCancel","$v":"संपर्क हटाना रद्द किया गया"},{"$i":"DeletedTxt","$v":{"zero":"हटाने के लिए कोई संपर्क नहीं हैं","one":"1 संपर्क निकाला गया","two":[{"t":"idOrVar","v":"n"}," संपर्क निकाले गए"],"few":[{"t":"idOrVar","v":"n"}," संपर्क निकाले गए"],"many":[{"t":"idOrVar","v":"n"}," संपर्क निकाले गए"],"other":[{"t":"idOrVar","v":"n"}," संपर्क निकाले गए"]},"$x":[{"t":"idOrVar","v":"plural"},"n"]},{"$i":"DeletingContacts","$v":"संपर्क हटाए जा रहे हैं"},{"$i":"ContactConfirmDel","$v":{"zero":"हटाने के लिए कोई संपर्क नहीं हैं","one":"1 संपर्क हटाएं? यह पुनर्प्राप्त नहीं किया जा सकता।","two":[{"t":"idOrVar","v":"n"}," संपर्क हटाएं? यह पुनर्प्राप्त नहीं किया जा सकता।"],"few":[{"t":"idOrVar","v":"n"}," संपर्क हटाएं? यह पुनर्प्राप्त नहीं किया जा सकता।"],"many":[{"t":"idOrVar","v":"n"}," संपर्क हटाएं? यह पुनर्प्राप्त नहीं किया जा सकता।"],"other":[{"t":"idOrVar","v":"n"}," संपर्क हटाएं? यह पुनर्प्राप्त नहीं किया जा सकता।"]},"$x":[{"t":"idOrVar","v":"plural"},"n"]},{"$i":"SelectedTxt","$v":{"zero":[{"t":"idOrVar","v":"n"}," चयनित"],"one":[{"t":"idOrVar","v":"n"}," चयनित"],"two":[{"t":"idOrVar","v":"n"}," चयनित"],"few":[{"t":"idOrVar","v":"n"}," चयनित"],"many":[{"t":"idOrVar","v":"n"}," चयनित"],"other":[{"t":"idOrVar","v":"n"}," चयनित"]},"$x":[{"t":"idOrVar","v":"plural"},"n"]},{"$i":"video","$v":"वीडियो"},{"$i":"audio","$v":"ऑडियो"},{"$i":"pick_destination","$v":[{"t":"idOrVar","v":"destination"}," ",{"t":"idOrVar","v":"carrier"}]},{"$i":"removeField","ariaLabel":"हटाएं"},{"$i":"undo","ariaLabel":"अनडू करें"},{"$i":"send-sms-button","ariaLabel":"SMS"},{"$i":"ice_contacts","$v":"ICE संपर्क"},{"$i":"edit-picture","$v":"तस्वीर संपादित करें"},{"$i":"remove-photo","$v":"चित्र हटाएं"},{"$i":"change-photo","$v":"तस्वीर बदलें"},{"$i":"photo-options","$v":"फ़ोटो विकल्प"},{"$i":"tcl-all","$v":"सभी"},{"$i":"tcl-speed-dial","$v":"स्पीड डायल"},{"$i":"tcl-new-contact","$v":"नया संपर्क"},{"$i":"tcl-settings","$v":"सेटिंग्स"},{"$i":"tcl-save","$v":"सेव करें"},{"$i":"save","$v":"सेव करें"},{"$i":"tcl-add","$v":"जोड़ें"},{"$i":"tcl-contact-add-ringtone","$v":"रिंगटोन जोड़ें"},{"$i":"tcl-custom-dialog-title-default","$v":"पुष्टिकरण"},{"$i":"confirm-dialog-title-default","$v":"पुष्टिकरण"},{"$i":"discard","$v":"हटाएं"},{"$i":"custom-tag-title","$v":"कस्टम टैग"},{"$i":"tcl-contact-added","$v":"संपर्क जोड़ा गया"},{"$i":"tcl-contact-updated","$v":"संपर्क विवरण अपडेट किए गए"},{"$i":"tcl-contact-removed","$v":"संपर्क हटाया गया"},{"$i":"tcl-contact-unremoved","$v":"हटाने में असमर्थ"},{"$i":"edit-phone-type","$v":"फ़ोन प्रकार संपादित करें"},{"$i":"edit-email-type","$v":"ईमेल प्रकार संपादित करें"},{"$i":"edit-address-type","$v":"पता प्रकार संपादित करें"},{"$i":"edit-date-type","$v":"दिनांक प्रकार संपादित करें"},{"$i":"tcl-select-phone-type","$v":"फ़ोन प्रकार चुनें"},{"$i":"tcl-select-email-type","$v":"ईमेल प्रकार चुनें"},{"$i":"tcl-select-address-type","$v":"पता प्रकार चुनें"},{"$i":"tcl-select-date-type","$v":"दिनांक प्रकार चुनें"},{"$i":"add-phone","$v":"फ़ोन नंबर जोड़ें"},{"$i":"add-email","$v":"ईमेल जोड़ें"},{"$i":"add-address","$v":"पता जोड़ें"},{"$i":"add-date","$v":"दिनांक जोड़ें"},{"$i":"add-phone-type","$v":"फ़ोन प्रकार"},{"$i":"add-email-type","$v":"ईमेल प्रकार"},{"$i":"add-address-type","$v":"पता प्रकार"},{"$i":"add-date-type","$v":"दिनांक प्रकार"},{"$i":"delete-phone","$v":"फ़ोन नंबर हटाएँ"},{"$i":"delete-email","$v":"ईमेल हटाएँ"},{"$i":"delete-address","$v":"पता हटाएँ"},{"$i":"delete-date","$v":"दिनांक हटाएँ"},{"$i":"delete-note","$v":"नोट हटाएँ"},{"$i":"delete-comment-warning","$v":"क्या आप नोट को हटाना चाहते हैं?"},{"$i":"tcl-deleting-messages-phone","$v":["क्या आप इस फ़ोन को हटाना चाहते हैं: \"",{"t":"idOrVar","v":"type_name"},"\"?"]},{"$i":"tcl-deleting-messages-email","$v":["क्या आप इस ईमेल को हटाना चाहते हैं: \"",{"t":"idOrVar","v":"type_name"},"\"?"]},{"$i":"tcl-deleting-messages-address","$v":["क्या आप इस पते को हटाना चाहते हैं: \"",{"t":"idOrVar","v":"type_name"},"\"?"]},{"$i":"tcl-deleting-messages-date","$v":"क्या आप दिनांक को हटाना चाहते हैं?"},{"$i":"deleting-message-warning","$v":["क्या आप \"",{"t":"idOrVar","v":"type_name"},"\" को हटाना चाहते हैं?"]},{"$i":"tcl-deleting-messages-comment","$v":"क्या आप टिप्पणी को हटाना चाहते हैं?"},{"$i":"delecting-messages-contact","$v":["क्या आप संपर्क \"",{"t":"idOrVar","v":"type_name"},"\" को हटाना चाहते हैं?"]},{"$i":"delecting-this-contact","$v":"यह संपर्क हटाएँ?"},{"$i":"deleting-messages-ringtone","$v":"क्या आप रिंगटोन को हटाना चाहते हैं?"},{"$i":"deleting-messages-picture","$v":"क्या आप तस्वीर को निकालना चाहते हैं?"},{"$i":"tcl-deleting-notification-ringtone","$v":"रिंगटोन हटाया गया"},{"$i":"tcl-deleting-notification-comment","$v":"टिप्पणी हटाई गई"},{"$i":"note","$v":"नोट"},{"$i":"address","$v":"पता"},{"$i":"tcl-noContacts","$v":"संपर्क में नहीं जोड़ा जा सकता क्योंकि आपकी संपर्क लिस्ट खाली हैं"},{"$i":"tcl-noContacts-no-email","$v":"संपर्क में नहीं जोड़ा जा सकता क्योंकि किसी भी संपर्क में ईमेल नहीं हैं"},{"$i":"tcl-noContacts-no-tel","$v":"संपर्क में नहीं जोड़ा जा सकता क्योंकि किसी भी संपर्क में फ़ोन नंबर नहीं हैं"},{"$i":"tcl-noContactsTitle","$v":"कोई संपर्क नहीं"},{"$i":"tcl-change-voice-mail","$v":"ध्वनि मेल नंबर बदलें"},{"$i":"tcl-replace","$v":"बदलें"},{"$i":"tcl-remove-speed-dial","$v":"स्पीड डायल से हटाएँ"},{"$i":"tcl-notification-speed-dial-added","$v":"स्पीड डायल नंबर जोड़ा गया"},{"$i":"tcl-notification-speed-dial-removed","$v":"स्पीड डायल नंबर हटाया गया"},{"$i":"tcl-notification-speed-dial-updated","$v":"स्पीड डायल नंबर अपडेट किया गया"},{"$i":"tcl-notification-voice-mail-updated","$v":"वॉयस मेल नंबर का अपडेट किया गया"},{"$i":"tcl-notification-contact-assigned","$v":"स्पीड डायल के लिए संपर्क असाइन किया गया"},{"$i":"empty","$v":"खाली हैं"},{"$i":"tcl-voice-mail","$v":"वॉयस मेल"},{"$i":"contact-confirm-save","$v":"संपर्क जानकारी को हटा दिया जाएगा। क्या आप इस संपर्क को सेव करना चाहते हैं?"},{"$i":"contact-confirm-form-save","$v":"परिवर्तन निरस्त कर दिए जाएँगे। क्या आप इस संपर्क को सेव करना चाहते हैं?"},{"$i":"tcl-yes","$v":"हां"},{"$i":"tcl-no","$v":"नहीं"},{"$i":"tcl-default-ringtone","$v":"डिफ़ॉल्‍ट रिंगटोन"},{"$i":"tcl-add-ringtone","$v":"रिंगटोन"},{"$i":"tcl-ringtone","$v":"रिंगटोन"},{"$i":"change-ringtone","$v":"रिंगटोन बदलें"},{"$i":"delete-ringtone","$v":"रिंगटोन हटाएँ"},{"$i":"tcl-settings-title","$v":"संपर्क सेटिंग्स"},{"$i":"settings-sort-contacts-title","$v":"संपर्कों को क्रमबद्ध करें"},{"$i":"tcl-oder-notification","$v":"परिवर्तन सेव हुए"},{"$i":"changes-saved-notification","$v":"परिवर्तन सेव किया गया।"},{"$i":"tcl-imported-status","$v":[{"t":"idOrVar","v":"n"}," संपर्क आयात हुए ",{"t":"idOrVar","v":"numDups"}," संपर्क मर्ज किए गए"]},{"$i":"tcl-on","$v":"ऑन"},{"$i":"tcl-off","$v":"ऑफ"},{"$i":"on","$v":"ऑन"},{"$i":"off","$v":"ऑफ"},{"$i":"tcl-contact-empty-number","$v":"फ़ोन नंबर खाली हैं"},{"$i":"contact-no-dial-number","$v":"डायल करने के लिए कोई फ़ोन नंबर नहीं।"},{"$i":"tcl-select-number","$v":"नंबर चुनें"},{"$i":"tcl-select-email","$v":"ईमेल चुनें"},{"$i":"select-email","$v":"ईमेल चुनें"},{"$i":"tcl-send-message","$v":"संदेश भेजें"},{"$i":"send-email","$v":"ईमेल भेजें"},{"$i":"tcl-share","$v":"साझा करें"},{"$i":"tcl-find-duplicate","$v":"डुप्लिकेट संपर्क ढूँढें"},{"$i":"tcl-add-favorite","$v":"पसंदीदा के रूप में जोड़ें"},{"$i":"tcl-remove-favorite","$v":"पसंदीदा से हटाएं"},{"$i":"tcl-link-social-networks","$v":"सोशल नेटवर्क से लिंक करें"},{"$i":"tcl-delete","$v":"हटाएँ"},{"$i":"tcl-detail-send-sms","$v":"नया SMS"},{"$i":"tcl-detail-call","$v":"कॉल करें"},{"$i":"tcl-detail-send-email","$v":"लिखें"},{"$i":"sms","$v":"संदेश"},{"$i":"tcl-search-contact","$v":"खोजें"},{"$i":"tcl-number","$v":["नंबर ",{"t":"idOrVar","v":"number"}]},{"$i":"tcl-custom-dialog-replace-speed-dial","$v":["क्या आप स्पीड डायल ",{"t":"idOrVar","v":"oldSpeedDial"}," को ",{"t":"idOrVar","v":"newSpeedDial"}," से बदलना चाहते हैं?"]},{"$i":"custom-dialog-remove-speed-dial","$v":["क्या आप ",{"t":"idOrVar","v":"name"}," को स्पीड डायल से हटाना चाहते हैं?"]},{"$i":"tcl-options","$v":"विकल्प"},{"$i":"tcl-success-merged","$v":[{"t":"idOrVar","v":"number"}," संपर्क मर्ज किए गए"]},{"$i":"tcl-contact-confirm-merge","$v":["क्या आप ",{"t":"idOrVar","v":"name"}," के साथ ",{"t":"idOrVar","v":"count"}," संपर्क(र्कों) को मर्ज करना चाहते हैं?"]},{"$i":"tcl-merge","$v":"मर्ज करें"},{"$i":"add-speed-dial-failed-title","$v":"स्पीड डायल जोड़ना विफल रहा"},{"$i":"add-speed-dial-failed-content","$v":[{"t":"idOrVar","v":"name"}," पहले से ही स्पीड डायल में मौजूद हैं , कृपया कोई अन्य संपर्क चुनें।"]},{"$i":"merge","$v":"मर्ज करें"},{"$i":"tcl-attention","$v":"ध्यान दें"},{"$i":"attention","$v":"ध्यान दें"},{"$i":"tcl-speed-dial-add-contact","$v":{"$o":"कोई संपर्क नहीं हैं।<br><br>कृपया एक संपर्क बनाएँ।"}},{"$i":"tcl-voice-mail-header","$v":"वॉयस मेल"},{"$i":"tcl-voice-mail-number","$v":"वॉयसमेल नंबर"},{"$i":"tcl-select-all","$v":"सभी चुनें"},{"$i":"tcl-deselect-all","$v":"सभी का चयन हटाएं"},{"$i":"systemring","$v":"रिंगटोन"},{"$i":"moremusic","$v":"संगीत"},{"$i":"tcl-add-ringselect","$v":"इनमे से चुनें"},{"$i":"type-select","$v":"चुनिए"},{"$i":"dialnum-view","$v":"देखें"},{"$i":"select-a-contact-title","$v":"एक संपर्क चुनें"},{"$i":"select-a-number-title","$v":"एक नंबर चुनें"},{"$i":"invalid-vcf-file","$v":"अमान्य vcf फाइल"},{"$i":"voiceMail","$v":"वॉयसमेल"},{"$i":"back","$v":"वापस जाएं"},{"$i":"noSimMsg","$v":"संपर्क आयात करने के लिए अपना सिम कार्ड डालें या अनलॉक करें"},{"$i":"noMemoryCardMsg","$v":"संपर्क आयात करने के लिए एक मेमोरी कार्ड डालें"},{"$i":"importMemoryCard","$v":"मेमोरी कार्ड"},{"$i":"noConnection11","$v":"फेसबुक फ्रेंड या संपर्क आयात करने के लिए WiFi या डेटा नेटवर्क से कनेक्ट करें"},{"$i":"emptyAccount","$v":"इस अकाउंट में कोई फ्रेंड या संपर्क नहीं मिला।"},{"$i":"simContacts-import","$v":"सिम संपर्क आयात करें"},{"$i":"simContacts-importing","$v":"सिम कार्ड से संपर्क आयात किए जा रहे हैं"},{"$i":"simContacts-reading","$v":"सिम कार्ड से संपर्क पढ़ रहा हैं..."},{"$i":"simContacts-error","$v":"सिम से संपर्क आयात नहीं हुआ"},{"$i":"simContacts-imported3","$v":{"zero":"आयात करने के लिए सिम पर कोई संपर्क नहीं मिला","one":"संपर्क आयात हुआ","two":[{"t":"idOrVar","v":"n"}," संपर्क आयात हुआ"],"few":[{"t":"idOrVar","v":"n"}," संपर्क आयात हुआ"],"many":[{"t":"idOrVar","v":"n"}," संपर्क आयात हुआ"],"other":[{"t":"idOrVar","v":"n"}," संपर्क आयात हुआ"]},"$x":[{"t":"idOrVar","v":"plural"},"n"]},{"$i":"memoryCardContacts-import","$v":"मेमोरी कार्ड से संपर्क आयात करें"},{"$i":"memoryCardContacts-importing","$v":"मेमोरी कार्ड से संपर्क आयात किए जा रहे हैं..."},{"$i":"memoryCardContacts-reading","$v":"मेमोरी कार्ड से संपर्क पढ़ रहा हैं..."},{"$i":"memoryCardContacts-error","$v":"मेमोरी कार्ड से संपर्क आयात नहीं हुआ"},{"$i":"memoryCardContacts-imported3","$v":{"zero":"आयात करने के लिए मेमोरी कार्ड पर कोई संपर्क नहीं मिला","one":"संपर्क आयात हुआ","two":[{"t":"idOrVar","v":"n"}," संपर्क आयात हुआ"],"few":[{"t":"idOrVar","v":"n"}," संपर्क आयात हुआ"],"many":[{"t":"idOrVar","v":"n"}," संपर्क आयात हुआ"],"other":[{"t":"idOrVar","v":"n"}," संपर्क आयात हुआ"]},"$x":[{"t":"idOrVar","v":"plural"},"n"]},{"$i":"genericProgress","$v":[{"t":"idOrVar","v":"current"},"/",{"t":"idOrVar","v":"total"}]},{"$i":"facebook","$v":"फेसबुक"},{"$i":"facebook-import-msg2","$v":[{"t":"idOrVar","v":"imported"},"/",{"t":"idOrVar","v":"total"}," फ्रेंड आयात हुए"]},{"$i":"contactsMerged","$v":{"zero":"कोई डुप्लिकेट संपर्क मर्ज नहीं हुआ","one":"एक डुप्लिकेट संपर्क मर्ज हुआ","two":[{"t":"idOrVar","v":"numDups"}," संपर्क मर्ज हुआ"],"few":[{"t":"idOrVar","v":"numDups"}," संपर्क मर्ज हुआ"],"many":[{"t":"idOrVar","v":"numDups"}," संपर्क मर्ज हुआ"],"other":[{"t":"idOrVar","v":"numDups"}," संपर्क मर्ज हुआ"]},"$x":[{"t":"idOrVar","v":"plural"},"numDups"]},{"$i":"weekday-0-long","$v":"रविवार"},{"$i":"weekday-1-long","$v":"सोमवार"},{"$i":"weekday-2-long","$v":"मंगलवार"},{"$i":"weekday-3-long","$v":"बुधवार"},{"$i":"weekday-4-long","$v":"गुरुवार"},{"$i":"weekday-5-long","$v":"शुक्रवार"},{"$i":"weekday-6-long","$v":"शनिवार"},{"$i":"weekday-0-short","$v":"रवि"},{"$i":"weekday-1-short","$v":"सोम"},{"$i":"weekday-2-short","$v":"मंगल"},{"$i":"weekday-3-short","$v":"बुध"},{"$i":"weekday-4-short","$v":"गुरु"},{"$i":"weekday-5-short","$v":"शुक्र"},{"$i":"weekday-6-short","$v":"शनि"},{"$i":"month-0-long","$v":"जनवरी"},{"$i":"month-1-long","$v":"फरवरी"},{"$i":"month-2-long","$v":"मार्च"},{"$i":"month-3-long","$v":"अप्रैल"},{"$i":"month-4-long","$v":"मई"},{"$i":"month-5-long","$v":"जून"},{"$i":"month-6-long","$v":"जुलाई"},{"$i":"month-7-long","$v":"अगस्त"},{"$i":"month-8-long","$v":"सितंबर"},{"$i":"month-9-long","$v":"अक्टूबर"},{"$i":"month-10-long","$v":"नवंबर"},{"$i":"month-11-long","$v":"दिसंबर"},{"$i":"month-0-genitive","$v":"जनवरी"},{"$i":"month-1-genitive","$v":"फरवरी"},{"$i":"month-2-genitive","$v":"मार्च"},{"$i":"month-3-genitive","$v":"अप्रैल"},{"$i":"month-4-genitive","$v":"मई"},{"$i":"month-5-genitive","$v":"जून"},{"$i":"month-6-genitive","$v":"जुलाई"},{"$i":"month-7-genitive","$v":"अगस्त"},{"$i":"month-8-genitive","$v":"सितंबर"},{"$i":"month-9-genitive","$v":"अक्टूबर"},{"$i":"month-10-genitive","$v":"नवंबर"},{"$i":"month-11-genitive","$v":"दिसंबर"},{"$i":"month-0-short","$v":"जनवरी"},{"$i":"month-1-short","$v":"फरवरी"},{"$i":"month-2-short","$v":"मार्च"},{"$i":"month-3-short","$v":"अप्रैल"},{"$i":"month-4-short","$v":"मई"},{"$i":"month-5-short","$v":"जून"},{"$i":"month-6-short","$v":"जुलाई"},{"$i":"month-7-short","$v":"अगस्त"},{"$i":"month-8-short","$v":"सितंबर"},{"$i":"month-9-short","$v":"अक्टूबर"},{"$i":"month-10-short","$v":"नवंबर"},{"$i":"month-11-short","$v":"दिसंबर"},{"$i":"minutes-ago-long","$v":{"zero":"अभी","one":"एक मिनट पहले","two":[{"t":"idOrVar","v":"value"}," मिनट पहले"],"few":[{"t":"idOrVar","v":"value"}," मिनट पहले"],"many":[{"t":"idOrVar","v":"value"}," मिनट पहले"],"other":[{"t":"idOrVar","v":"value"}," मिनट पहले"]},"$x":[{"t":"idOrVar","v":"plural"},"value"]},{"$i":"hours-ago-long","$v":{"zero":"अभी","one":"एक घंटे पहले","two":[{"t":"idOrVar","v":"value"}," घंटे पहले"],"few":[{"t":"idOrVar","v":"value"}," घंटे पहले"],"many":[{"t":"idOrVar","v":"value"}," घंटे पहले"],"other":[{"t":"idOrVar","v":"value"}," घंटे पहले"]},"$x":[{"t":"idOrVar","v":"plural"},"value"]},{"$i":"days-ago-long","$v":{"zero":"आज","one":"बीता कल","two":[{"t":"idOrVar","v":"value"}," दिनों पहले"],"few":[{"t":"idOrVar","v":"value"}," दिनों पहले"],"many":[{"t":"idOrVar","v":"value"}," दिनों पहले"],"other":[{"t":"idOrVar","v":"value"}," दिनों पहले"]},"$x":[{"t":"idOrVar","v":"plural"},"value"]},{"$i":"weeks-ago-long","$v":{"zero":"इस सप्ताह","one":"पिछले सप्ताह","two":[{"t":"idOrVar","v":"value"}," सप्ताह पहले"],"few":[{"t":"idOrVar","v":"value"}," सप्ताह पहले"],"many":[{"t":"idOrVar","v":"value"}," सप्ताह पहले"],"other":[{"t":"idOrVar","v":"value"}," सप्ताह पहले"]},"$x":[{"t":"idOrVar","v":"plural"},"value"]},{"$i":"months-ago-long","$v":{"zero":"इस महीने","one":"पिछले महीने","two":[{"t":"idOrVar","v":"value"}," महीनों पहले"],"few":[{"t":"idOrVar","v":"value"}," महीनों पहले"],"many":[{"t":"idOrVar","v":"value"}," महीनों पहले"],"other":[{"t":"idOrVar","v":"value"}," महीनों पहले"]},"$x":[{"t":"idOrVar","v":"plural"},"value"]},{"$i":"years-ago-long","$v":{"zero":"इस वर्ष","one":"पिछले वर्ष","two":[{"t":"idOrVar","v":"value"}," वर्ष पहले"],"few":[{"t":"idOrVar","v":"value"}," वर्ष पहले"],"many":[{"t":"idOrVar","v":"value"}," वर्ष पहले"],"other":[{"t":"idOrVar","v":"value"}," वर्ष पहले"]},"$x":[{"t":"idOrVar","v":"plural"},"value"]},{"$i":"minutes-until-long","$v":{"zero":"अभी","one":"एक मिनट में","two":[{"t":"idOrVar","v":"value"}," मिनट में"],"few":[{"t":"idOrVar","v":"value"}," मिनट में"],"many":[{"t":"idOrVar","v":"value"}," मिनट में"],"other":[{"t":"idOrVar","v":"value"}," मिनट में"]},"$x":[{"t":"idOrVar","v":"plural"},"value"]},{"$i":"hours-until-long","$v":{"zero":"अभी","one":"एक घंटे में","two":[{"t":"idOrVar","v":"value"}," घंटों में"],"few":[{"t":"idOrVar","v":"value"}," घंटों में"],"many":[{"t":"idOrVar","v":"value"}," घंटों में"],"other":[{"t":"idOrVar","v":"value"}," घंटों में"]},"$x":[{"t":"idOrVar","v":"plural"},"value"]},{"$i":"days-until-long","$v":{"zero":"आज","one":"कल","two":[{"t":"idOrVar","v":"value"}," दिनों में"],"few":[{"t":"idOrVar","v":"value"}," दिनों में"],"many":[{"t":"idOrVar","v":"value"}," दिनों में"],"other":[{"t":"idOrVar","v":"value"}," दिनों में"]},"$x":[{"t":"idOrVar","v":"plural"},"value"]},{"$i":"weeks-until-long","$v":{"zero":"इस सप्ताह","one":"अगले सप्ताह","two":[{"t":"idOrVar","v":"value"}," सप्ताह में"],"few":[{"t":"idOrVar","v":"value"}," सप्ताह में"],"many":[{"t":"idOrVar","v":"value"}," सप्ताह में"],"other":[{"t":"idOrVar","v":"value"}," सप्ताह में"]},"$x":[{"t":"idOrVar","v":"plural"},"value"]},{"$i":"months-until-long","$v":{"zero":"इस महीने","one":"अगले महीने","two":[{"t":"idOrVar","v":"value"}," महीनो में"],"few":[{"t":"idOrVar","v":"value"}," महीनो में"],"many":[{"t":"idOrVar","v":"value"}," महीनो में"],"other":[{"t":"idOrVar","v":"value"}," महीनो में"]},"$x":[{"t":"idOrVar","v":"plural"},"value"]},{"$i":"years-until-long","$v":{"zero":"इस वर्ष","one":"अगले वर्ष","two":[{"t":"idOrVar","v":"value"}," वर्षों में"],"few":[{"t":"idOrVar","v":"value"}," वर्षों में"],"many":[{"t":"idOrVar","v":"value"}," वर्षों में"],"other":[{"t":"idOrVar","v":"value"}," वर्षों में"]},"$x":[{"t":"idOrVar","v":"plural"},"value"]},{"$i":"minutes-ago-short","$v":{"zero":"अभी","other":[{"t":"idOrVar","v":"value"}," मिनट पहले"]},"$x":[{"t":"idOrVar","v":"plural"},"value"]},{"$i":"hours-ago-short","$v":{"zero":"अभी","other":[{"t":"idOrVar","v":"value"}," घंटे पहले"]},"$x":[{"t":"idOrVar","v":"plural"},"value"]},{"$i":"days-ago-short","$v":{"zero":"आज","other":[{"t":"idOrVar","v":"value"}," दिनों पहले"]},"$x":[{"t":"idOrVar","v":"plural"},"value"]},{"$i":"minutes-until-short","$v":{"zero":"अभी","other":[{"t":"idOrVar","v":"value"},"मिनिट में"]},"$x":[{"t":"idOrVar","v":"plural"},"value"]},{"$i":"hours-until-short","$v":{"zero":"अभी","other":[{"t":"idOrVar","v":"value"},"घंटे में"]},"$x":[{"t":"idOrVar","v":"plural"},"value"]},{"$i":"days-until-short","$v":{"zero":"आज","other":[{"t":"idOrVar","v":"value"},"दिन में"]},"$x":[{"t":"idOrVar","v":"plural"},"value"]},{"$i":"incorrectDate","$v":"(गलत दिनांक)"},{"$i":"dateTimeFormat_%c","$v":"%a %b %e %Y %I:%M:%S %p"},{"$i":"dateTimeFormat_%x","$v":"%m/%d/%Y"},{"$i":"dateTimeFormat_%X","$v":"%I:%M:%S %p"},{"$i":"shortTimeFormat","$v":"%I:%M %p"},{"$i":"shortTimeFormat12","$v":"%I:%M %p"},{"$i":"shortTimeFormat24","$v":"%H:%M"},{"$i":"shortDateTimeFormat","$v":"%x %I:%M %p"},{"$i":"weekStartsOnMonday","$v":"0"},{"$i":"firstDayOfTheWeek","$v":"0"},{"$i":"time_am","$v":"AM"},{"$i":"time_pm","$v":"PM"},{"$i":"label","$v":"लेबल"},{"$i":"mobile","$v":"मोबाइल"},{"$i":"home","$v":"होम"},{"$i":"work","$v":"वर्क"},{"$i":"personal","$v":"व्यक्तिगत"},{"$i":"faxHome","$v":"Fax होम"},{"$i":"faxOffice","$v":"Fax ऑफिस"},{"$i":"faxOther","$v":"अन्य Fax"},{"$i":"another","$v":"अन्य"},{"$i":"other","$v":"अन्य"},{"$i":"tcl-customTag","$v":"कस्टम टैग"},{"$i":"customTag","$v":"कस्टम टैग","placeholder":"कस्टम टैग"},{"$i":"current","$v":"वर्तमान में"},{"$i":"itemWithLabel","$v":[{"t":"idOrVar","v":"label"},", ",{"t":"idOrVar","v":"item"}]},{"$i":"waitDuplicateContacts","$v":"डुप्लिकेट संपर्क ढूँढ रहे हैं"},{"$i":"waitMergingDuplicateContacts","$v":"डुप्लिकेट संपर्क मर्ज किए जा रहे हैं"},{"$i":"alertNoDuplicateContacts","$v":"कोई डुप्लिकेट संपर्क नहीं मिले"},{"$i":"curtainCancel","$v":"रद्द करना"},{"$i":"close","$v":"बंद करें"},{"$i":"mergeDuplicateTitle","$v":"डुप्लिकेट मिले"},{"$i":"suggestedDuplicatesMessage","innerHTML":{"$o":["<bdi>",{"t":"idOrVar","v":"name"},"</bdi> के लिए सुझाए गए डुप्लिकेट संपर्क"]}},{"$i":"mergeActionButtonLabel","$v":{"zero":"कोई संपर्क चयनित नहीं हैं","one":[{"t":"idOrVar","v":"n"}," संपर्क के साथ मर्ज करें"],"two":[{"t":"idOrVar","v":"n"}," संपर्कों के साथ मर्ज करें"],"few":[{"t":"idOrVar","v":"n"}," संपर्कों के साथ मर्ज करें"],"many":[{"t":"idOrVar","v":"n"}," संपर्कों के साथ मर्ज करें"],"other":[{"t":"idOrVar","v":"n"}," संपर्कों के साथ मर्ज करें"]},"$x":[{"t":"idOrVar","v":"plural"},"n"]},{"$i":"duplicatesFoundTitle","$v":"डुप्लिकेट मिले"},{"$i":"foundDuplicatesMessage","innerHTML":"निम्नलिखित संपर्कों में डुप्लिकेट जानकारी मिली थी। क्या आप मर्ज करना चाहते हैं?"},{"$i":"tcl-merge-selected-counts","$v":[{"t":"idOrVar","v":"n"}," चयनित"]},{"$i":"tcl-wait-duplicate-contacts","$v":"डुप्लिकेट संपर्क ढूँढें"},{"$i":"tcl-wait-txt","$v":"डुप्लिकेट संपर्क ढूँढ रहे हैं..."},{"$i":"import","$v":"आयात करें"},{"$i":"fbFriends","$v":"फेसबुक फ्रेंड्स"},{"$i":"live-serviceName","$v":"आउटलुक"},{"$i":"gmail-serviceName","$v":"जीमेल"},{"$i":"facebook-serviceName","$v":"फेसबुक फ्रेंड्स"},{"$i":"viewAll","$v":"सभी फेसबुक फ्रेंड्स देखें"},{"$i":"viewRecommend","$v":"केवल सुझाए गए देखें"},{"$i":"linkProposal","$v":{"zero":"कोई फ्रेंड मेल नहीं खाते। सभी दिखाए जा रहे हैं","one":"सुझाये गए को चुनें","two":"सुझाये गए को चुनें","few":"सुझाये गए को चुनें","many":"सुझाये गए को चुनें","other":"सुझाये गए को चुनें"},"$x":[{"t":"idOrVar","v":"plural"},"numFriends"]},{"$i":"fbFriendsFound","$v":{"zero":"आपके सभी फ्रेंड्स आयात किए गए हैं","one":"आयात करने के लिए एक फ्रेंड मिला","two":["आयात करने के लिए ",{"t":"idOrVar","v":"numFriends"}," फ्रेंड्स मिले"],"few":["आयात करने के लिए ",{"t":"idOrVar","v":"numFriends"}," फ्रेंड्स मिले"],"many":["आयात करने के लिए ",{"t":"idOrVar","v":"numFriends"}," फ्रेंड्स मिले"],"other":["आयात करने के लिए ",{"t":"idOrVar","v":"numFriends"}," फ्रेंड्स मिले"]},"$x":[{"t":"idOrVar","v":"plural"},"numFriends"]},{"$i":"fbNoFriends","$v":"आयात करने के लिए कोई संपर्क उपलब्ध नहीं हैं"},{"$i":"done-search","$v":"हो गया"},{"$i":"progressFB3ImportTitle","$v":"फ्रेंड्स को संपर्क में आयात किया जा रहा हैं"},{"$i":"progressFB","$v":[{"t":"idOrVar","v":"current"},"/",{"t":"idOrVar","v":"total"}]},{"$i":"progressFB3UpdateTitle","$v":"संपर्क में फ्रेंड्स अपडेट किए जा रहे हैं"},{"$i":"message2","$v":"इसमें कुछ समय लग सकते हैं"},{"$i":"messageLinking","$v":"कृपया रुकें। हम आपके फ्रेंड और संपर्क को लिंक कर रहे हैं।"},{"$i":"error1","$v":[{"t":"idOrVar","v":"from"}," त्रुटि"]},{"$i":"error2","$v":"क्या आप फिर से प्रयास करना चाहते हैं?"},{"$i":"errorProposal","$v":"प्रस्ताव कॅल्क्युलेट हो रहा हैं"},{"$i":"errorFriends","$v":"फ्रेंड्स रीट्रीव हो रहे हैं"},{"$i":"errorLinking","$v":"संपर्क लिंक किया जा रहा हैं"},{"$i":"timeout1","$v":[{"t":"idOrVar","v":"from"}," टाइमआउट एक्सीड हग्या"]},{"$i":"timeout2","$v":"क्या आप फिर से प्रयास करना चाहते हैं?"},{"$i":"timeoutProposal","$v":"प्रस्ताव कॅल्क्युलेट हो रहा हैं"},{"$i":"timeoutFriends","$v":"फ्रेंड्स रीट्रीव हो रहे हैं"},{"$i":"timeoutLinking","$v":"संपर्क लिंक किए जा रहे हैं"},{"$i":"wait1","$v":"कृपया रुकें"},{"$i":"wait2","$v":"इसमें कुछ समय लग सकते हैं"},{"$i":"waitProposal","$v":"कृपया रुकें। हम एक प्रस्ताव कॅल्क्युलेट कर रहे हैं।"},{"$i":"waitFriends","$v":"कृपया रुकें। हम आपकी फ्रेंड लिस्ट प्राप्त करने के लिए कनेक्ट कर रहे हैं।"},{"$i":"curtainRetry","$v":"पुन: प्रयास करें"},{"$i":"curtainOK","$v":"ठीक हैं"},{"$i":"connectionLost","$v":"कोई इंटरनेट कनेक्शन नहीं"},{"$i":"connectionLostMsg","$v":"फ्रेंड्स के फ़ोटो आपके संपर्क में नहीं जोड़ी जाएँगी। जारी रखें?"},{"$i":"yesOption","$v":"ठीक हैं"},{"$i":"noOption","$v":"रद्द करना"},{"$i":"waitFriendslive","$v":"आउटलुक से संपर्क पढ़े जा रहे हैं..."},{"$i":"waitFriendsgmail","$v":"जीमेल से संपर्क पढ़े जा रहे हैं..."},{"$i":"friendsUpdated","$v":{"zero":"कोई फ्रेंड अपडेट नहीं हुए","one":"एक फ्रेंड अपडेट किया गया","two":[{"t":"idOrVar","v":"numFriends"}," फ्रेंड्स को अपडेट किया गया"],"few":[{"t":"idOrVar","v":"numFriends"}," फ्रेंड्स को अपडेट किया गया"],"many":[{"t":"idOrVar","v":"numFriends"}," फ्रेंड्स को अपडेट किया गया"],"other":[{"t":"idOrVar","v":"numFriends"}," फ्रेंड्स को अपडेट किया गया"]},"$x":[{"t":"idOrVar","v":"plural"},"numFriends"]},{"$i":"friendsMerged","$v":{"zero":"कोई डुप्लिकेट फ्रेंड्स मर्ज नहीं किए गए","one":"एक डुप्लिकेट फ्रेंड मर्ज किया गया","two":[{"t":"idOrVar","v":"numDups"}," फ्रेंड्स मर्ज किए गए"],"few":[{"t":"idOrVar","v":"numDups"}," फ्रेंड्स मर्ज किए गए"],"many":[{"t":"idOrVar","v":"numDups"}," फ्रेंड्स मर्ज किए गए"],"other":[{"t":"idOrVar","v":"numDups"}," फ्रेंड्स मर्ज किए गए"]},"$x":[{"t":"idOrVar","v":"plural"},"numDups"]},{"$i":"notificationLogin","$v":"आपका फेसबुक सेशन अमान्य हैं। कृपया साइन इन करें।"},{"$i":"syncError","$v":"आपके फ्रेंड के डेटा को सिंक्रोनाइज़ करने में त्रुटि हुई"},{"$i":"progressFB3liveTitle","$v":"आउटलुक से संपर्क आयात हो रहा हैं..."},{"$i":"progressFB3gmailTitle","$v":"जीमेल से संपर्क आयात हो रहा हैं..."},{"$i":"tcl-calllog-entry-removed-succ-notification","$v":"कॉल लॉग एंट्री हटाई गई"},{"$i":"tcl-calllog-entry-removed-err-notification","$v":"कॉल लॉग एंट्री को हटा नहीं सकते"},{"$i":"addNewNumber","$v":"नया नंबर जोड़ें"},{"$i":"contactDetails","$v":"संपर्क विवरण"},{"$i":"addToExistingContact","$v":"मौजूदा संपर्क में जोड़ें"},{"$i":"all","$v":"सभी","ariaLabel":"सभी"},{"$i":"bluetoothOption","ariaLabel":"ब्लूटूथ"},{"$i":"callLog","$v":"कॉल लॉग"},{"$i":"callLogEdit","title":"कॉल लॉग संपादित करें"},{"$i":"tcl-option-menu-call-log-edit","$v":"कॉल लॉग संपादित करें"},{"$i":"callLogEditDialog","ariaLabel":"कॉल लॉग डायलॉग संपादित करें"},{"$i":"tcl-call-log-delete-group-notification","$v":[{"t":"idOrVar","v":"n"}," एंट्रियां हटा दी गई थीं"]},{"$i":"connecting","$v":"कनेक्ट हो रहा हैं"},{"$i":"connectingEllipsis","$v":"कनेक्ट हो रहा हैं.."},{"$i":"call-forwarding-async","$v":["असिंक्रोन्स: ",{"t":"idOrVar","v":"async"}]},{"$i":"call-forwarding-data","$v":["डेटा: ",{"t":"idOrVar","v":"data"}]},{"$i":"call-forwarding-error","$v":"कॉल फॉरवर्ड स्थिति पुनर्प्राप्त करते समय एक त्रुटि हुई"},{"$i":"call-forwarding-fax","$v":["FAX: ",{"t":"idOrVar","v":"fax"}]},{"$i":"call-forwarding-inactive","$v":"निष्क्रिय"},{"$i":"call-forwarding-packet","$v":["पैकेट: ",{"t":"idOrVar","v":"packet"}]},{"$i":"call-forwarding-pad","$v":["PAD: ",{"t":"idOrVar","v":"pad"}]},{"$i":"call-forwarding-sms","$v":["SMS: ",{"t":"idOrVar","v":"sms"}]},{"$i":"call-forwarding-status","$v":"कॉल फॉरवर्डिंग स्थिति"},{"$i":"call-forwarding-sync","$v":["समकालिक: ",{"t":"idOrVar","v":"sync"}]},{"$i":"call-forwarding-voice","$v":["वॉयस: ",{"t":"idOrVar","v":"voice"}]},{"$i":"confirm-deletion","$v":"चयनित कॉल साफ़ करें?"},{"$i":"createNewContact","$v":"नया संपर्क बनाएँ"},{"$i":"calllog-deselectAll","$v":"सभी का चयन हटाएं"},{"$i":"dialerAddContact","ariaLabel":"संपर्क जोड़ें"},{"$i":"dialerAddContactDialog","ariaLabel":"संपर्क डॉयलॉग जोड़ें"},{"$i":"callInformation","$v":"कॉल जानकारी"},{"$i":"edit-selected","$v":{"one":["चयनित(",{"t":"idOrVar","v":"n"},")"],"two":["चयनित(",{"t":"idOrVar","v":"n"},")"],"few":["चयनित(",{"t":"idOrVar","v":"n"},")"],"many":["चयनित(",{"t":"idOrVar","v":"n"},")"],"other":["चयनित(",{"t":"idOrVar","v":"n"},")"]},"$x":[{"t":"idOrVar","v":"plural"},"n"]},{"$i":"tcl-edit-not-selected","$v":"चयनित(0)"},{"$i":"hideKeypad","ariaLabel":"कीपैड छिपाएँ"},{"$i":"ignore","$v":"कॉल को अनदेखा करें"},{"$i":"incoming","$v":"इनकमिंग"},{"$i":"keypad","ariaLabel":"कीपैड"},{"$i":"info-missed","$v":"मिस्ड"},{"$i":"missed","$v":"मिस्ड","ariaLabel":"मिस्ड"},{"$i":"dialed","$v":"डायल किया गया"},{"$i":"received","$v":"प्राप्त"},{"$i":"canceled","$v":"रद्द किया गया"},{"$i":"missedCall","$v":"मिस्ड कॉल"},{"$i":"missedCallMultiSims","$v":["(सिम ",{"t":"idOrVar","v":"n"},") छूटी हुई कॉल"]},{"$i":"mmi-error","$v":"संदेश भेजते समय एक त्रुटि हुई"},{"$i":"mmi-session-expired","$v":"सेशन का समय-सीमा समाप्त"},{"$i":"mmi-successfully-sent","$v":"संदेश सफलतापूर्वक भेजा गया"},{"$i":"mmi-notification-title-with-sim","$v":["(",{"t":"idOrVar","v":"sim"},") ",{"t":"idOrVar","v":"title"}]},{"$i":"mute","ariaLabel":"म्यूट करें"},{"$i":"newCall","ariaLabel":"नई कॉल"},{"$i":"no-logs-msg-1","$v":"कोई कॉल रिकॉर्ड नहीं हुई"},{"$i":"no-logs-msg-2","$v":"अभी संवाद स्थापित करें"},{"$i":"no-logs-msg-3","$v":"कोई कॉल रिकॉर्ड नहीं हुई"},{"$i":"no-logs-msg-4","$v":"अभी संवाद स्थापित करें"},{"$i":"onHoldOption","ariaLabel":"होल्ड पर"},{"$i":"outgoing","$v":"आउटगोइंग"},{"$i":"recents","ariaLabel":"हाल की कॉलें"},{"$i":"reply","$v":"जवाब दें"},{"$i":"calllog-selectAll","$v":"सभी चुनें"},{"$i":"send","$v":"भेजें"},{"$i":"switch-calls","$v":"कॉल स्विच करें"},{"$i":"withheld-number","$v":"अज्ञात"},{"$i":"from-contact","$v":[{"t":"idOrVar","v":"contact"}," से"]},{"$i":"from-number","$v":[{"t":"idOrVar","v":"number"}," से"]},{"$i":"from-withheld-number","$v":"अज्ञात नंबर से"},{"$i":"sending","$v":"भेजा जा रहा हैं…"},{"$i":"speakerOption","ariaLabel":"स्पीकर"},{"$i":"ussd-services","$v":[{"t":"idOrVar","v":"operator"}," सेवाएँ"]},{"$i":"toggleKeypad","ariaLabel":"कीपैड टॉगल करें"},{"$i":"type-your-response","placeholder":"अपना जवाब लिखें..."},{"$i":"clear-all-text","$v":"सभी टेक्स्ट साफ़ करें"},{"$i":"hide","$v":"छिपाएं"},{"$i":"call","$v":"कॉल करें"},{"$i":"hold","ariaLabel":"होल्ड"},{"$i":"resume","$v":"दोबारा शुरू करें","ariaLabel":"दोबारा शुरू करें"},{"$i":"sendSms","$v":"संदेश भेजें"},{"$i":"callEnded","$v":"कॉल समाप्त हुआ"},{"$i":"via-sim","$v":["सिम",{"t":"idOrVar","v":"n"}," के ज़रिए"]},{"$i":"sim-number","$v":["सिम",{"t":"idOrVar","v":"n"}]},{"$i":"unknown","$v":"अज्ञात"},{"$i":"hangup-a11y-button","ariaLabel":"डिस्कनेक्ट करें"},{"$i":"pickup-a11y-button","ariaLabel":"पिक अप"},{"$i":"unlock-a11y-button","ariaLabel":"स्लाइडर"},{"$i":"settings","$v":"सेटिंग्स"},{"$i":"tcl-delete-log","$v":"क्या आप वाकई कॉल लॉग से चयनित एंट्रीयाँ हटाना चाहते हैं?"},{"$i":"delete-n-log?","$v":{"zero":"कुछ भी चयनित नहीं","one":"चयनित लॉग हटाएँ?","two":[{"t":"idOrVar","v":"n"}," लॉग हटाएँ?"],"few":[{"t":"idOrVar","v":"n"}," लॉग हटाएँ?"],"many":[{"t":"idOrVar","v":"n"}," लॉग हटाएँ?"],"other":[{"t":"idOrVar","v":"n"}," लॉग हटाएँ?"]},"$x":[{"t":"idOrVar","v":"plural"},"n"]},{"$i":"callDurationMinutes","$v":[{"t":"idOrVar","v":"m"},":",{"t":"idOrVar","v":"s"}]},{"$i":"callDurationHours","$v":[{"t":"idOrVar","v":"h"},":",{"t":"idOrVar","v":"m"},":",{"t":"idOrVar","v":"s"}]},{"$i":"callDurationTextFormatSeconds","$v":[{"t":"idOrVar","v":"s"}," सेकंड"]},{"$i":"callDurationTextFormatMinutes","$v":[{"t":"idOrVar","v":"m"}," मिनिट ",{"t":"idOrVar","v":"s"}," सेकंड"]},{"$i":"callDurationTextFormatHours","$v":[{"t":"idOrVar","v":"h"}," घंटे ",{"t":"idOrVar","v":"m"}," मिनिट ",{"t":"idOrVar","v":"s"}," सेकंड"]},{"$i":"suggestionMatches","$v":{"one":["\"",{"t":"idOrVar","v":"matchNumber"},"\" के लिए ",{"t":"idOrVar","v":"n"}," मैच"],"two":["\"",{"t":"idOrVar","v":"matchNumber"},"\" के लिए ",{"t":"idOrVar","v":"n"}," मैच"],"few":["\"",{"t":"idOrVar","v":"matchNumber"},"\" के लिए ",{"t":"idOrVar","v":"n"}," मैच"],"many":["\"",{"t":"idOrVar","v":"matchNumber"},"\" के लिए ",{"t":"idOrVar","v":"n"}," मैच"],"other":["\"",{"t":"idOrVar","v":"matchNumber"},"\" के लिए ",{"t":"idOrVar","v":"n"}," मैच"]},"$x":[{"t":"idOrVar","v":"plural"},"n"]},{"$i":"scCallBarring","$v":"कॉल प्रतिबंध"},{"$i":"scCallForwarding","$v":"कॉल फॉरवार्डिंग"},{"$i":"scClip","$v":"इनकमिंग कॉलर ID"},{"$i":"scClir","$v":"आउटगोइंग कॉलर ID"},{"$i":"scPwd","$v":"पासवर्ड बदलें"},{"$i":"scCallWaiting","$v":"कॉल प्रतीक्षा में हैं"},{"$i":"scPin","$v":"पिन बदलें"},{"$i":"scPin2","$v":"पिन2 बदलें"},{"$i":"scPuk","$v":"पिन अनब्लॉक करें"},{"$i":"scPuk2","$v":"पिन2 अनब्लॉक करें"},{"$i":"scImei","$v":"IMEI"},{"$i":"scMeid","$v":"MEID"},{"$i":"scUssd","$v":"USSD"},{"$i":"serviceClassVoice","$v":"ध्‍वनि"},{"$i":"serviceClassData","$v":"डेटा"},{"$i":"serviceClassFax","$v":"FAX"},{"$i":"serviceClassSms","$v":"SMS"},{"$i":"serviceClassDataSync","$v":"सिंक"},{"$i":"serviceClassDataAsync","$v":"असिंक"},{"$i":"serviceClassPacket","$v":"पैकेट"},{"$i":"serviceClassPad","$v":"PAD"},{"$i":"smServiceEnabled","$v":"सेवा सक्षम हुई"},{"$i":"smServiceDisabled","$v":"सेवा अक्षम हुई"},{"$i":"smServiceRegistered","$v":"पंजीकरण सफल रहा"},{"$i":"smServiceErased","$v":"हटाना सफल रहा"},{"$i":"smServiceInterrogated","$v":"अनुरोध सफल रहा"},{"$i":"smServiceNotProvisioned","$v":"सेवा का प्रावधान नहीं हैं"},{"$i":"smClirPermanent","$v":"आप कॉलर ID सेटिंग्स नहीं बदल सकते"},{"$i":"smClirDefaultOnNextCallOn","$v":"कॉलर ID डिफॉल्ट के रूप में प्रतिबंधित हैं। अगला कॉल: प्रतिबंधित"},{"$i":"smClirDefaultOnNextCallOff","$v":"कॉलर ID डिफॉल्ट के रूप में प्रतिबंधित हैं। अगला कॉल: प्रतिबंधित नहीं"},{"$i":"smClirDefaultOffNextCallOn","$v":"कॉलर ID डिफॉल्ट के रूप में प्रतिबंधित नहीं हैं। अगला कॉल: प्रतिबंधित"},{"$i":"smClirDefaultOffNextCallOff","$v":"कॉलर ID डिफॉल्ट के रूप में प्रतिबंधित नहीं हैं। अगला कॉल: प्रतिबंधित नहीं"},{"$i":"smServiceEnabledFor","$v":"सेवा सक्षम हुई:"},{"$i":"smPinChanged","$v":"पिन सफलतापूर्वक बदला गया"},{"$i":"smPinUnblocked","$v":"पिन सफलतापूर्वक अनवरोधित किया गया"},{"$i":"smPin2Changed","$v":"पिन2 सफलतापूर्वक बदला गया"},{"$i":"smPin2Unblocked","$v":"पिन2 सफलतापूर्वक अनवरोधित किया गया"},{"$i":"ServiceIsEnabled","$v":"सेवा सक्षम हैं"},{"$i":"ServiceIsDisabled","$v":"सेवा अक्षम हैं"},{"$i":"ServiceIsEnabledFor","$v":"सेवा सक्षम हुई:"},{"$i":"emMmiError","$v":"कनेक्शन समस्या या अमान्य MMI कोड"},{"$i":"emMmiErrorPasswordIncorrect","$v":"गलत पासवर्ड"},{"$i":"emMmiErrorNotSupported","$v":"अमान्य या असमर्थित MMI कोड"},{"$i":"emMmiErrorInvalidAction","$v":"अमान्य कार्रवाई"},{"$i":"emMmiErrorInvalidScCode","$v":"अमान्य सेवा कोड"},{"$i":"emMmiErrorBadPuk","$v":"आपके द्वारा लिखा गया PUK सही नहीं हैं"},{"$i":"emMmiErrorBadPin","$v":"आपके द्वारा लिखा गया पुराना पिन सही नहीं हैं।"},{"$i":"emMmiErrorNeedPuk2","$v":"सिम कार्ड को अनब्लॉक करने के लिए PUK2 लिखें"},{"$i":"emMmiErrorMismatchPin","$v":"आपके द्वारा लिखे गए पिन मेल नहीं खा रहे"},{"$i":"emMmiErrorInvalidPin","$v":"4 से 8 संख्याओं का पिन लिखें"},{"$i":"emMmiErrorNeedsPuk","$v":"आपके सिम कार्ड में PUK लॉक हैं"},{"$i":"emMmiErrorEnablePin","$v":"असफल। SIM/RUIM लॉक सक्षम करें"},{"$i":"emMmiErrorMmiFdn","$v":"ऑपरेशन केवल फिक्सड डायलिंग नंबरों के लिए ही सीमित हैं"},{"$i":"emMmiErrorStkCcUssdDial","$v":"USSD अनुरोध को डायल अनुरोध में बदल दिया गया हैं ."},{"$i":"emMmiErrorStkCcUssdSs","$v":"USSD अनुरोध को SS अनुरोध में बदल दिया गया हैं ."},{"$i":"emMmiErrorStkCcUssdUssd","$v":"USSD अनुरोध को नए USSD अनुरोध में बदल दिया गया हैं ."},{"$i":"emMmiErrorStkCcSsDial","$v":"SS अनुरोध को बदल के डायल अनुरोध में बदल दिया गया हैं"},{"$i":"emMmiErrorStkCcSsUssd","$v":"SS अनुरोध को बदल के USSD अनुरोध में बदल दिया गया हैं"},{"$i":"emMmiErrorStkCcSsSs","$v":"SS अनुरोध को बदल के नए SS अनुरोध में बदल दिया गया हैं"},{"$i":"emMmiErrorPinPukAttempts","$v":{"one":["केवल ",{"t":"idOrVar","v":"n"}," पुनर्प्रयास शेष हैं"],"two":[{"t":"idOrVar","v":"n"}," पुनर्प्रयास शेष हैं"],"few":[{"t":"idOrVar","v":"n"}," पुनर्प्रयास शेष हैं"],"many":[{"t":"idOrVar","v":"n"}," पुनर्प्रयास शेष हैं"],"other":[{"t":"idOrVar","v":"n"}," पुनर्प्रयास शेष हैं"]},"$x":[{"t":"idOrVar","v":"plural"},"n"]},{"$i":"emMmiErrorSimBlocked","$v":"पुनर्प्रयास की अधिकतम संख्या पार हो गई हैं। सिम ब्लॉक्ड हैं"},{"$i":"RadioNotAvailable","$v":"रेडियो उपलब्ध नहीं हैं"},{"$i":"GenericFailure","$v":"सामान्य विफलता"},{"$i":"PasswordIncorrect","$v":"पासवर्ड गलत हैं"},{"$i":"SimPin2","$v":"सिम पिन 2"},{"$i":"SimPuk2","$v":"सिम PUK2"},{"$i":"RequestNotSupported","$v":"अनुरोध समर्थित नहीं हैं"},{"$i":"OpNotAllowedDuringVoiceCall","$v":"ध्वनि कॉल के दौरान ऑपरेशन की अनुमति नहीं हैं"},{"$i":"SmsSendFailRetry","$v":"SMS भेजना विफल पुनर्प्रयास करें"},{"$i":"SimAbsent","$v":"सिम नही है"},{"$i":"SubscriptionNotAvailable","$v":"सदस्यता उपलब्ध नहीं हैं"},{"$i":"ModeNotSupported","$v":"मोड समर्थित नहीं"},{"$i":"FdnCheckFailure","$v":"Fdn जांच विफल रही"},{"$i":"IllegalSimOrMe","$v":"अवैध सिम या ME"},{"$i":"DialModifiedToUssd","$v":"डायल को बदल के USSD किया गया"},{"$i":"DialModifiedToSs","$v":"डायल को बदल के SS किया गया"},{"$i":"DialModifiedToDial","$v":"डायल को बदल के डायल किया गया"},{"$i":"UssdModifiedToDial","$v":"USSD को बदल के डायल किया गया"},{"$i":"UssdModifiedToSs","$v":"USSD को बदल के SS किया गया"},{"$i":"UssdModifiedToUssd","$v":"USSD को बदल के USSD किया गया"},{"$i":"SsModifiedToDial","$v":"SS को बदल के डायल किया गया"},{"$i":"SsModifiedToUssd","$v":"SS को बदल के USSD किया गया"},{"$i":"SsModifiedToSs","$v":"SS को बदल के SS किया गया"},{"$i":"SubscriptionNotSupported","$v":"सदस्यता समर्थित नहीं हैं"},{"$i":"InvalidParameter","$v":"अमान्य पैरामीटर"},{"$i":"RejectedByRemote","$v":"रिमोट द्वारा अस्वीकृत"},{"$i":"conferenceCall","$v":["कॉन्फ्रेंस (",{"t":"idOrVar","v":"n"},")"]},{"$i":"caller-left-call","$v":[{"t":"idOrVar","v":"caller"}," ने कॉल छोड़ दिया हैं।"]},{"$i":"conferenceAddError","$v":"कॉल मर्ज करने में असमर्थ"},{"$i":"conferenceRemoveError","$v":"कॉल को अनमर्ज करने में असमर्थ"},{"$i":"longDateFormat","$v":"%A, %b %e"},{"$i":"select-audio-sources","$v":"ऑडियो स्रोत चुनें"},{"$i":"bluetooth-handsfree-device","$v":"ब्लूटूथ हैंड्सफ्री डिवाइस"},{"$i":"receiver","$v":"रिसीवर"},{"$i":"speaker","$v":"स्पीकर"},{"$i":"tcl-cancel","$v":"रद्द करना"},{"$i":"tcl-dialer","$v":"डायलर"},{"$i":"tcl-confirmation","$v":"पुष्टिकरण"},{"$i":"log-item","$v":"विकल्प"},{"$i":"tcl-assign-speed-dial","$v":{"$o":["संपर्क को \"",{"t":"idOrVar","v":"speedDial"},"\" बटन पर स्पीड डायल के रूप में नहीं जोड़ा गया था। <br><br>अभी असाइन करें?"]}},{"$i":"tcl-assign","$v":"असाइन करें"},{"$i":"select","$v":"चुनिए"},{"$i":"view-all","$v":"सभी देखें"},{"$i":"search-results","$v":"खोज परिणाम"},{"$i":"no-recent-numbers","$v":"डायल करने के लिए कॉल लॉग्स में हाल ही का कोई नंबर नहीं है"},{"$i":"wifi-calling","$v":"WiFi कॉलिंग"},{"$i":"dialer-prompt","$v":"नंबर डायल करें या कॉल में जोड़ने के लिए संपर्क चुनें"},{"$i":"hours","$v":"घंटे"},{"$i":"minutes","$v":"मिनट"},{"$i":"seconds","$v":"सेकेंड"},{"$i":"voicemailNoNumberTitle","$v":"वॉयसमेल नंबर अनुपलब्ध हैं"},{"$i":"voicemailNoNumberText","$v":"वॉयसमेल को कॉल करने में असमर्थ। कॉल करने के लिए वॉयसमेल नंबर सेट करें।"},{"$i":"voicemailNoNumberSettings","$v":"सेटिंग्स"},{"$i":"voicemailNoNumberCancel","$v":"रद्द करना"},{"$i":"phoneNumberInput","ariaLabel":"फ़ोन नंबर"},{"$i":"keypadDelete","ariaLabel":"हटाएँ"},{"$i":"voiceMailKey","ariaLabel":"वॉयसमेल"},{"$i":"asterisk","ariaLabel":"एस्ट्रिक चिह्न"},{"$i":"hashSign","ariaLabel":"हैश चिह्न"},{"$i":"loadingSimContacts","$v":"सिम कार्ड संपर्क लोड हो रहे हैं..."},{"$i":"noContactsWereFound","$v":"कोई संपर्क नहीं मिले"},{"$i":"noContactsFoundDialogOk","$v":"ठीक हैं"},{"$i":"emergencyNumber","$v":"आपातकालीन नंबर"},{"$i":"callAirplaneModeMessage","$v":"कॉल करने के लिए आपको सेटिंगस में जाकर एयरप्लेन मोड को अक्षम करना होगा।"},{"$i":"callAirplaneModeBtnOk","$v":"ठीक हैं"},{"$i":"callAirplaneModeTitle","$v":"एयरप्लेन मोड सक्रिय किया गया"},{"$i":"numberIsBusyTitle","$v":"नंबर व्यस्त हैं"},{"$i":"numberIsBusyMessage","$v":"नंबर वर्तमान में व्यस्त हैं। कृपया पुनः प्रयास करें।"},{"$i":"fdnIsActiveTitle","$v":"FDN सक्रिय हैं"},{"$i":"fdnIsActiveMessage","$v":["FDN (फिक्स्ड डायलिंग नंबर) सक्रिय हैं और निम्न नंबर आपकी FDN लिस्ट में नहीं हैं: ",{"t":"idOrVar","v":"number"}]},{"$i":"emergencyDialogBodyBadNumber","$v":"कॉल करने के लिए, फ़ोन को किसी नेटवर्क से कनेक्ट करना चाहिए।"},{"$i":"emergencyDialogBodyDeviceNotAccepted","$v":"नेटवर्क द्वारा आपातकालीन कॉल की अनुमति नहीं हैं।"},{"$i":"emergencyDialogBtnOk","$v":"ठीक हैं"},{"$i":"emergencyDialogTitle","$v":"कोई नेटवर्क कनेक्शन नहीं हैं"},{"$i":"invalidNumberToDialTitle","$v":"अमान्य फ़ोन नंबर"},{"$i":"invalidNumberToDialMessage","$v":"आप जिस फ़ोन नंबर पर कॉल कर रहे हैं, वह मान्य नहीं हैं।"},{"$i":"unableToCallTitle","$v":"अभी फ़ोन कॉल करने में असमर्थ"},{"$i":"unableToCallMessage","$v":"कॉल नहीं की जा सकती। अगर आप पहले से डायल कर रहे हैं, तो कृपया पहले उसे रोक दें।"},{"$i":"otherConnectionInUseTitle","$v":"अन्य कनेक्शन उपयोग में हैं"},{"$i":"otherConnectionInUseMessage","$v":"आपके पास किसी अन्य कनेक्शन पर एक सक्रिय कॉल हैं। आप एक समय में केवल एक कनेक्शन का उपयोग कर सकते हैं।"},{"$i":"tcl-call-log","$v":"कॉल लॉग"},{"$i":"tcl-contacts","$v":"संपर्क"},{"$i":"tcl-call","$v":"कॉल करें"},{"$i":"tcl-add-contact","$v":"मौजूदा संपर्क में जोड़ें"},{"$i":"tcl-create-contact","$v":"नया संपर्क बनाएँ"},{"$i":"tcl-add-speed-dial","$v":"स्पीड डायल में जोड़ें"},{"$i":"sim-with-index-and-carrier","$v":["SIM ",{"t":"idOrVar","v":"index"}," - ",{"t":"idOrVar","v":"carrier"}]},{"$i":"sim-without-carrier","$v":["SIM ",{"t":"idOrVar","v":"index"}]}]