[{"$i":"confirmMsg","$v":[{"t":"idOrVar","v":"deviceId"}," ನಿಮ್ಮ ಸಂಪರ್ಕಗಳು ಮತ್ತು ಕರೆ ಇತಿಹಾಸವನ್ನು ಪ್ರವೇಶಿಸಲು ಬಯಸುತ್ತದೆ, ಸಮ್ಮತಿಸುತ್ತೀರ?"]},{"$i":"responseMsg","$v":[{"t":"idOrVar","v":"deviceId"}," ಗೆ ಕೀ"]},{"$i":"confirmTitle","$v":"ಫೋನ್‌ಬುಕ್ ಅಕ್ಸೆಸ್ ಮನವಿ"},{"$i":"responseTitle","$v":"ಬ್ಲೂಟೂತ್ ಸೆಷನ್ ಕೀ ಅಗತ್ಯವಿದೆ"},{"$i":"initialValue","$v":"ಸೆಷನ್ ಕೀಯನ್ನು ನಮೂದಿಸಿ"},{"$i":"gaia-menu-cancel","$v":"ರದ್ದು ಮಾಡಿ"},{"$i":"gaia-sim-picker-dial-via-with-number","$v":[{"t":"idOrVar","v":"phoneNumber"}," ಮೂಲಕ ಡಯಲ್ ಮಾಡಿ"]},{"$i":"gaia-sim-picker-select-sim","$v":"ಸಿಮ್ ಆಯ್ಕೆ ಮಾಡಿ"},{"$i":"gaia-sim-picker-button","$v":["ಸಿಮ್",{"t":"idOrVar","v":"n"}]},{"$i":"gaia-sim-picker-button-default","$v":"(ಡಿಫಾಲ್ಟ್)"},{"$i":"softkey-options","$v":"ಆಯ್ಕೆಗಳು"},{"$i":"details","countcall":"ಕಾಲ್ ಮಾಡಿ"},{"$i":"edit","$v":"ಸಂಪಾದಿಸಿ"},{"$i":"cancel","$v":"ರದ್ದು ಮಾಡಿ"},{"$i":"done","$v":"ಮುಗಿದಿದೆ"},{"$i":"ok","$v":"ಸರಿ"},{"$i":"update","$v":"ಅಪ್ಡೇಟ್ ಮಾಡಿ"},{"$i":"retry","$v":"ಮರುಪ್ರಯತ್ನಿಸಿ"},{"$i":"view","$v":"ವೀಕ್ಷಿಸಿ"},{"$i":"search","$v":"ಹುಡುಕಿ"},{"$i":"contacts","$v":"ಸಂಪರ್ಕಗಳು"},{"$i":"addContact","$v":"ಸಂಪರ್ಕವನ್ನು ಸೇರಿಸಿ"},{"$i":"deleteContact","$v":"ಸಂಪರ್ಕ ಅಳಿಸಿ"},{"$i":"selectContact","$v":"ಸಂಪರ್ಕ ಆಯ್ಕೆ ಮಾಡಿ"},{"$i":"selectAll","$v":"ಎಲ್ಲ ಆಯ್ಕೆ ಮಾಡಿ"},{"$i":"deselect","$v":"ಆಯ್ಕೆ ತೆಗೆದುಹಾಕಿ"},{"$i":"deselectAll","$v":"ಎಲ್ಲ ಆಯ್ಕೆ ತೆಗೆಯಿರಿ"},{"$i":"editContact","$v":"ಸಂಪರ್ಕವನ್ನು ಸಂಪಾದಿಸಿ"},{"$i":"deleteConfirmMsg","$v":"ಸಂಪರ್ಕ ಅಳಿಸಿ?"},{"$i":"remove","$v":"ತೆಗೆದುಹಾಕಿ"},{"$i":"delete","$v":"ಅಳಿಸಿ"},{"$i":"comments","$v":"ಟಿಪ್ಪಣಿಗಳು"},{"$i":"no_contact_phones","$v":"ಈ ಸಂಪರ್ಕವು ಫೋನ್ ಸಂಖ್ಯೆಯನ್ನು ಹೊಂದಿಲ್ಲ"},{"$i":"no_contact_email","$v":"ಈ ಸಂಪರ್ಕವು ಇಮೇಲ್ ವಿಳಾಸವನ್ನು ಹೊಂದಿಲ್ಲ"},{"$i":"no_contact_data","$v":"ಈ ಸಂಪರ್ಕವು ಫೋನ್ ಸಂಖ್ಯೆ ಹಾಗೂ ಇಮೇಲ್ ವಿಳಾಸವನ್ನು ಹೊಂದಿಲ್ಲ"},{"$i":"removePhotoConfirm","$v":"ಸಂಪರ್ಕ ಚಿತ್ರ ತೆಗೆದುಹಾಕಿ?"},{"$i":"loadingContacts","$v":"ಸಂಪರ್ಕಗಳನ್ನು ಲೋಡ್ ಮಾಡಲಾಗುತ್ತಿದೆ...."},{"$i":"noContactsActivity2","$v":"ನಿಮ್ಮ ಸಂಪರ್ಕಗಳ ಪಟ್ಟಿಯಲ್ಲಿ ಯಾವುದೇ ಸಂಪರ್ಕಗಳಿಲ್ಲ"},{"$i":"noName","$v":"ಯಾವುದೇ ಹೆಸರಿಲ್ಲ"},{"$i":"givenName","$v":"ಮೊದಲ ಹೆಸರು"},{"$i":"familyName","$v":"ಕೊನೆಯ ಹೆಸರು"},{"$i":"tel","$v":"ಫೋನ್"},{"$i":"carrier","$v":"ಕ್ಯಾರಿಯರ್","placeholder":"ಕ್ಯಾರಿಯರ್"},{"$i":"separator","$v":","},{"$i":"email","$v":"ಇಮೇಲ್"},{"$i":"streetAddress","$v":"ರಸ್ತೆ"},{"$i":"postalCode","$v":"ಜಿಪ್ ಕೋಡ್"},{"$i":"locality","$v":"ನಗರ"},{"$i":"countryName","$v":"ದೇಶ"},{"$i":"comment","$v":"ಟಿಪ್ಪಣಿ"},{"$i":"org","$v":"ಕಂಪನಿ"},{"$i":"date","$v":"ದಿನಾಂಕ","placeholder":"ದಿನಾಂಕ"},{"$i":"date-span-placeholder","$v":"ದಿನಾಂಕ"},{"$i":"birthday","$v":"ಜನ್ಮದಿನ"},{"$i":"dateFormat","$v":"%b %e"},{"$i":"dateOutput","$v":[{"t":"idOrVar","v":"dayMonthFormatted"}," ",{"t":"idOrVar","v":"year"}]},{"$i":"anniversary","$v":"ವಾರ್ಷಿಕೋತ್ಸವ"},{"$i":"addPhoto","$v":"ಚಿತ್ರ ಸೇರಿಸಿ"},{"$i":"addPhone","$v":"ಫೋನ್ ಸೇರಿಸಿ"},{"$i":"addEmail","$v":"ಇಮೇಲ್ ಸೇರಿಸಿ"},{"$i":"addAddress","$v":"ಅಡ್ರೆಸ್ ಸೇರಿಸಿ"},{"$i":"addDate","$v":"ದಿನಾಂಕವನ್ನು ಸೇರಿಸಿ"},{"$i":"addComment","$v":"ಟಿಪ್ಪಣಿ ಸೇರಿಸಿ"},{"$i":"addFavorite","$v":"ಮೆಚ್ಚಿನದ್ದಾಗಿ ಸೇರಿಸಿ"},{"$i":"removeFavorite","$v":"ಮೆಚ್ಚಿನವು ಎಂಬುದನ್ನು ತೆಗೆದುಹಾಕಿ"},{"$i":"addButton","ariaLabel":"ಸೇರಿಸಿ"},{"$i":"editButton","ariaLabel":"ಸಂಪಾದಿಸಿ"},{"$i":"settingsButton","ariaLabel":"ಸೆಟ್ಟಿಂಗ್ಸ್"},{"$i":"phoneDetail","ariaLabel":"ಫೋನ್"},{"$i":"emailDetail","ariaLabel":"ಇಮೇಲ್"},{"$i":"addressDetail","ariaLabel":"ವಿಳಾಸ"},{"$i":"dateDetail","ariaLabel":"ದಿನಾಂಕ"},{"$i":"composeEmail","ariaLabel":"ಇಮೇಲ್"},{"$i":"makeCall","ariaLabel":"ಕಾಲ್ ಮಾಡಿ"},{"$i":"phones","ariaLabel":"ಫೋನ್‌ಗಳು"},{"$i":"emails","ariaLabel":"ಇಮೇಲ್‌ಗಳು"},{"$i":"addresses","ariaLabel":"ವಿಳಾಸಗಳು"},{"$i":"dates","ariaLabel":"ದಿನಾಂಕಗಳು"},{"$i":"notes","ariaLabel":"ಸೂಚನೆಗಳು"},{"$i":"exit","$v":"ನಿರ್ಗಮಿಸಿ"},{"$i":"expand","$v":"ವಿಸ್ತರಿಸಿ"},{"$i":"labelName","$v":"ಹೆಸರು:"},{"$i":"labelLastName","$v":"ಕೊನೆಯ ಹೆಸರು:"},{"$i":"labelPhoneNumber","$v":"ಫೋನ್ ಸಂಖ್ಯೆ:"},{"$i":"labelCarrier","$v":"ವಾಹಕ:"},{"$i":"labelEmail","$v":"ಇಮೇಲ್:"},{"$i":"labelStreet","$v":"ರಸ್ತೆ:"},{"$i":"labelZip","$v":"ಪಿನ್ ಕೋಡ್."},{"$i":"labelCity","$v":"ನಗರ:"},{"$i":"labelCountry","$v":"ದೇಶ:"},{"$i":"labelComment","$v":"ಟಿಪ್ಪಣಿ:"},{"$i":"legendTitleMain","$v":"ಮುಖ್ಯ ಮಾಹಿತಿ"},{"$i":"legendPhones","$v":"ಫೋನ್ ಸಂಖ್ಯೆಗಳು"},{"$i":"legendEmail","$v":"ಇಮೇಲ್ ಅಡ್ರೆಸ್"},{"$i":"legendAddress","$v":"ವಿಳಾಸ"},{"$i":"search-contact","placeholder":"ಹುಡುಕಿ"},{"$i":"noResults","$v":"ಯಾವುದೇ ಸಂಪರ್ಕಗಳು ಕಂಡುಬಂದಿಲ್ಲ"},{"$i":"transferContactsTitle","$v":"ಸಂಪರ್ಕಗಳನ್ನು ವರ್ಗಾವಣೆ ಮಾಡಿ"},{"$i":"importContactsTitle","$v":"ಸಂಪರ್ಕಗಳನ್ನು ಆಮದು ಮಾಡಿ"},{"$i":"importContactsButton","$v":"ಸಂಪರ್ಕಗಳನ್ನು ಆಮದು ಮಾಡಿ"},{"$i":"exportContactsTitle","$v":"ಸಂಪರ್ಕಗಳನ್ನು ರಫ್ತು ಮಾಡಿ"},{"$i":"exportContactsButton","$v":"ಸಂಪರ್ಕಗಳನ್ನು ರಫ್ತು ಮಾಡಿ"},{"$i":"exportContactsAction","$v":"ರಫ್ತು ಮಾಡಿ"},{"$i":"simExport-title","$v":"ಸಿಮ್‌ಗೆ ರಫ್ತು ಮಾಡಿ"},{"$i":"memoryCardExport-title","$v":"ಮೆಮೊರಿ ಕಾರ್ಡ್‌ಗೆ ರಫ್ತು ಮಾಡಿ"},{"$i":"btExport-title","$v":"ಬ್ಲೂಟೂತ್‌ಗೆ ರಫ್ತು ಮಾಡಿ"},{"$i":"memoryCardUMSEnabled","$v":"USB ಸ್ಟೋರೇಜ್ ಸಕ್ರಿಯಗೊಳಿಸಿರುವುದರಿಂದ ಮೆಮೊರಿ ಕಾರ್ಡ್ ಬಳಸಲಾಗುತ್ತಿಲ್ಲ"},{"$i":"exportErrorTitle","$v":"ರಫ್ತು ದೋಷ"},{"$i":"contactsExported2","$v":{"zero":"ಯಾವುದೇ ಸಂಪರ್ಕಗಳನ್ನು ರಫ್ತ ಮಾಡಲಾಗಿಲ್ಲ","one":[{"t":"idOrVar","v":"exported"},"/",{"t":"idOrVar","v":"total"}," ಸಂಪರ್ಕಗಳನ್ನು ರಫ್ತು ಮಾಡಲಾಗಿದೆ"],"two":[{"t":"idOrVar","v":"exported"},"/",{"t":"idOrVar","v":"total"}," ಸಂಪರ್ಕಗಳನ್ನು ರಫ್ತು ಮಾಡಲಾಗಿದೆ"],"few":[{"t":"idOrVar","v":"exported"},"/",{"t":"idOrVar","v":"total"}," ಸಂಪರ್ಕಗಳನ್ನು ರಫ್ತು ಮಾಡಲಾಗಿದೆ"],"many":[{"t":"idOrVar","v":"exported"},"/",{"t":"idOrVar","v":"total"}," ಸಂಪರ್ಕಗಳನ್ನು ರಫ್ತು ಮಾಡಲಾಗಿದೆ"],"other":[{"t":"idOrVar","v":"exported"},"/",{"t":"idOrVar","v":"total"}," ಸಂಪರ್ಕಗಳನ್ನು ರಫ್ತು ಮಾಡಲಾಗಿದೆ"]},"$x":[{"t":"idOrVar","v":"plural"},"exported"]},{"$i":"exportError-general","$v":"ಎಕ್ಸ್‌ಪೋರ್ಟ್‌ ಮಾಡುವಾಗ ಕೆಲವು ದೋಷ ಕಂಡುಬಂದಿದೆ"},{"$i":"exportError-SD-shared","$v":"ಮೆಮೊರಿ ಕಾರ್ಡ್ ಅನ್ನು ಹಂಚಿಕೊಳ್ಳುತ್ತಿರುವುದರಿಂದ ಅದನ್ನು ಪ್ರವೇಶಿಸಲಾಗದು"},{"$i":"exportError-SD-unavailable","$v":"ಮೆಮೊರಿ ಕಾರ್ಡ್ ಲಭ್ಯವಿಲ್ಲ"},{"$i":"exportError-SD-noSpace","$v":"ಸಂಪರ್ಕಗಳನ್ನು ಎಕ್ಸ್‌ಪೋರ್ಟ್‌ ಮಾಡಲು ಮೆಮೊರಿ ಕಾರ್ಡ್‌ನಲ್ಲಿ ಸಾಕಷ್ಟು ಸ್ಥಳಾವಕಾಶವಿಲ್ಲ"},{"$i":"exportError-SIM-unavailable","$v":"ಸಿಮ್‌ ಕಾರ್ಡ್ ಲಭ್ಯವಿಲ್ಲ"},{"$i":"exportError-BT-shared","$v":"ಮೆಮೊರಿ ಕಾರ್ಡ್ ಅನ್ನು ಹಂಚಿಕೊಳ್ಳುತ್ತಿರುವುದರಿಂದ ಅದನ್ನು ಪ್ರವೇಶಿಸಲಾಗದು"},{"$i":"exportError-BT-unavailable","$v":"ಮೆಮೊರಿ ಕಾರ್ಡ್ ಲಭ್ಯವಿಲ್ಲ"},{"$i":"exportError-BT-noSpace","$v":"ಸಂಪರ್ಕಗಳನ್ನು ಎಕ್ಸ್‌ಪೋರ್ಟ್‌ ಮಾಡಲು ಮೆಮೊರಿ ಕಾರ್ಡ್‌ನಲ್ಲಿ ಸಾಕಷ್ಟು ಸ್ಥಳಾವಕಾಶವಿಲ್ಲ"},{"$i":"social-network","$v":"ಸಾಮಾಜಿಕ ನೆಟ್‌ವರ್ಕ್‌ಗಳು"},{"$i":"social-link","$v":"ಸಂಪರ್ಕ ಲಿಂಕ್ ಮಾಡಿ"},{"$i":"social-unlink","$v":"ಸಂಪರ್ಕ ಅನ್‌ಲಿಂಕ್ ಮಾಡಿ"},{"$i":"social-unlink-confirm-title","$v":"ನೀವು ನಿಮ್ಮ ಸ್ನೇಹಿತರನ್ನು ಅನ್‌ಲಿಂಕ್ ಮಾಡಬಯಸುತ್ತಿರಾ?"},{"$i":"social-unlink-confirm-accept","$v":"ಅನ್‌ಲಿಂಕ್ ಮಾಡಿ"},{"$i":"facebook-import","$v":"ಫೇಸ್‌ಬುಕ್ ಫ್ರೆಂಡ್ಸ್ ಆಮದು ಮಾಡಿ"},{"$i":"show-fb-profile","$v":"ಫೇಸ್‌ಬುಕ್‌ ಪ್ರೊಫೈಲ್ ವೀಕ್ಷಿಸಿ"},{"$i":"msg-send","$v":"ಸಂದೇಶ"},{"$i":"wall-post","$v":"ವಾಲ್‌ಪೋಸ್ಟ್"},{"$i":"share-contact","$v":"ಸಂಪರ್ಕ ಹಂಚಿಕೊಳ್ಳಿ"},{"$i":"facebook-export-forbidden","$v":"ಫೇಸ್‌ಬುಕ್‌ ಮಿತಿಯಿಂದಾಗಿ ಸಂಪರ್ಕವನ್ನು ಹಂಚಿಕೊಳ್ಳಲಾಗುವುದಿಲ್ಲ."},{"$i":"otherAccount","$v":"ಇತರ ಅಕೌಂಟ್"},{"$i":"facebookSwitchMsg","$v":"ಸ್ನೇಹಿತರುಗಳನ್ನು ಸಿಂಕ್ ಮಾಡಿ"},{"$i":"select_mobile","$v":"ಮೊಬೈಲ್ ಆಯ್ಕೆ ಮಾಡಿ"},{"$i":"select_email","$v":"ಇಮೇಲ್ ಆಯ್ಕೆ ಮಾಡಿ"},{"$i":"select_recipient","$v":"ಸ್ವೀಕೃತಿದಾರರನ್ನು ಆಯ್ಕೆ ಮಾಡಿ"},{"$i":"sort-by-first-name","$v":"ಮೊದಲ ಹೆಸರಿನ ಪ್ರಕಾರ ಆಯೋಜಿಸಿ"},{"$i":"sort-by-last-name","$v":"ಕೊನೆಯ ಹೆಸರಿನ ಪ್ರಕಾರ ಆಯೋಜಿಸಿ"},{"$i":"importSim2","$v":"ಸಿಮ್‌ ಕಾರ್ಡ್"},{"$i":"importGmail","$v":"ಜಿಮೇಲ್"},{"$i":"bluetooth","$v":"ಬ್ಲೂಟೂತ್‌‌"},{"$i":"importOutlook","$v":"ಔಟ್‌ಲುಕ್"},{"$i":"fbUpdateFriends","$v":"ಆಮದು ಮಾಡಿದ ಸ್ನೇಹಿತರನ್ನು ಅಪ್‌ಡೇಟ್ ಮಾಡಿ"},{"$i":"cleaningFbData","$v":"ಫೇಸ್‌ಬುಕ್ ಡೇಟಾ ತೆಗೆದುಹಾಕಲಾಗುತ್ತಿದೆ"},{"$i":"loggingOutFb","$v":"ಫೇಸ್‌ಬುಕ್‌ನಿಂದ ಲಾಗೌಟ್ ಮಾಡಲಾಗುತ್ತಿದೆ"},{"$i":"cleanFbConfirmMsg","$v":"ಎಲ್ಲಾ ಫೇಸ್‌ಬುಕ್ ಡೇಟಾ ತೆಗೆದುಹಾಕಿ?"},{"$i":"renewPwdMsg","$v":"ಫೇಸ್‌ಬುಕ್‌ನಲ್ಲಿ ನಿಮ್ಮ ಪಾಸ್‌ವರ್ಡ್‌ ಬದಲಾಗಿದೆ. ದಯವಿಟ್ಟು, ಇದನ್ನು ಅಪ್‌ಡೇಟ್ ಮಾಡಿ."},{"$i":"notEnabledYet","$v":"ಇನ್ನೂ ಸಕ್ರಿಯಗೊಳಿಸಿಲ್ಲ"},{"$i":"genericNoConnection","$v":"ಸಂಪರ್ಕಗಳನ್ನು ಆಮದು ಮಾಡಲು WiFi ಅಥವಾ ಡೇಟಾ ನೆಟ್‌ವರ್ಕ್‌ಗೆ ಸಂಪರ್ಕಿಸಿ"},{"$i":"bluetoothNoConnection","$v":"ಸಂಪರ್ಕಗಳನ್ನು ರಫ್ತು ಮಾಡಲು ಬ್ಲೂಟೂತ್ ಡಿವೈಸ್ ಸಂಪರ್ಕಿಸಿ."},{"$i":"simCard","$v":"ಸಿಮ್‌ ಕಾರ್ಡ್"},{"$i":"memoryCard","$v":"ಮೆಮೊರಿ ಕಾರ್ಡ್"},{"$i":"simNumberNoMSISDN","$v":["ಸಿಮ್ ",{"t":"idOrVar","v":"number"},":"]},{"$i":"simNumberWithMSISDN","$v":["ಸಿಮ್ ",{"t":"idOrVar","v":"number"},": ",{"t":"idOrVar","v":"msisdn"}]},{"$i":"ICEContactsGroup","$v":"ICE ಸಂಪರ್ಕಗಳು"},{"$i":"setICEButton","$v":"ICE ಸಂಪರ್ಕಗಳನ್ನು ಹೊಂದಿಸಿ"},{"$i":"ICESettingTitle","$v":"ICE ಸಂಪರ್ಕಗಳು"},{"$i":"ICEDescription","$v":"ತುರ್ತು ಪರಿಸ್ಥಿತಿಯಲ್ಲಿ ಕರೆ ಮಾಡಲು ಐದು ಸಂಪರ್ಕಗಳನ್ನು ಸೇರಿಸಿ."},{"$i":"ICEContact1","$v":"ICE ಸಂಪರ್ಕ 1"},{"$i":"tcl-ice-contact-1-added","$v":"ICE ಸಂಪರ್ಕ 1 ಸೇರಿಸಲಾಗಿದೆ"},{"$i":"ICESelectContact","$v":"ಒಂದು ಸಂಪರ್ಕ ಆಯ್ಕೆ ಮಾಡಿ"},{"$i":"ICEContact2","$v":"ICE ಸಂಪರ್ಕ 2"},{"$i":"tcl-ice-contact-2-added","$v":"ICE ಸಂಪರ್ಕ 2 ಸೇರಿಸಲಾಗಿದೆ"},{"$i":"ICERepeatedContact","$v":"ಈ ಸಂಪರ್ಕವು ಈಗಾಗಲೇ ಪ್ರಸ್ತುತ ICE ಸಂಪರ್ಕವಾಗಿದೆ"},{"$i":"ICEUnknownError","$v":"ICE ಎಂದು ಸಂಪರ್ಕವನ್ನು ಸೆಟ್ಟಿಂಗ್ ಮಾಡುವಲ್ಲಿ ಸಮಸ್ಯೆಯಿತ್ತು"},{"$i":"ICEContactNoNumber","$v":"ಈ ಸಂಪರ್ಕವು ಫೋನ್ ಸಂಖ್ಯೆಯನ್ನು ಹೊಂದಿಲ್ಲ"},{"$i":"ICEFacebookContactNotAllowed","$v":"ಫೇಸ್‌ಬುಕ್ ಸಂಪರ್ಕಗಳನ್ನು ICE ಸಂಪರ್ಕಗಳೆಂದು ಅಳವಡಿಸಲಾಗದು"},{"$i":"ICEContactDelTel","$v":"ಅಳಿಸಿದ ಫೋನ್ ಸಂಖ್ಯೆಗಳನ್ನು ICE ಸಂಪರ್ಕದಿಂದ ತೆಗೆಯಲಾಗಿದೆ"},{"$i":"ICEContactDelTelAll","$v":"ಎಲ್ಲಾ ಸಂಖ್ಯೆಗಳನ್ನೂ ಅಳಿಸಲಾಗುತ್ತದೆ. ಈ ಸಂಪರ್ಕವನ್ನು ICE ಸಂಪರ್ಕಗಳಿಂದ ಅಳಿಸಲಾಗುತ್ತದೆ."},{"$i":"delete-ice-contact-warning","$v":"ನೀವು ICE ಸಂಪರ್ಕವನ್ನು ತೆಗೆಯಬೇಕೆನ್ನುವ ಬಗ್ಗೆ ನಿಮಗೆ ಖಾತ್ರಿ ಇದೆಯೇ ?"},{"$i":"add","$v":"ಸೇರಿಸಿ"},{"$i":"no-contacts","$v":"ಯಾವುದೇ ಸಂಪರ್ಕಗಳಿಲ್ಲ"},{"$i":"start-adding","$v":"ಸಂಪರ್ಕಗಳನ್ನು ಸೇರಿಸಲು ಹೊಸ ಸಂಪರ್ಕ ಒತ್ತಿ."},{"$i":"notImported","$v":"ಆಮದು ಮಾಡಲಾಗಿಲ್ಲ"},{"$i":"imported","$v":"ಆಮದು ಮಾಡಲಾಗಿದೆ"},{"$i":"today","$v":"ಇಂದು"},{"$i":"yesterday","$v":"ನಿನ್ನೆ"},{"$i":"messageCanceling","$v":"ದಯವಿಟ್ಟು ಹೋಲ್ಡ್ ಆನ್ ಮಾಡಿ. ನಾವು ಪ್ರಸ್ತುತ ಕಾರ್ಯನಿರ್ವಹಣೆಯನ್ನು ರದ್ದು ಮಾಡುತ್ತಿದ್ದೇವೆ."},{"$i":"organise-contacts","$v":"ಸಂಪರ್ಕಗಳನ್ನು ಆಯೋಜಿಸಿ"},{"$i":"find-merge-contacts","$v":"ಡೂಪ್ಲಿಕೇಟ್ ಸಂಪರ್ಕಗಳನ್ನು ಕಂಡುಹಿಡಿಯಿರಿ"},{"$i":"preparing-contacts","$v":"ಸಂಪರ್ಕಗಳನ್ನು ತಯಾರಿಸಲಾಗುತ್ತಿದೆ"},{"$i":"exportError-SIM-NoFreeRecordFound","$v":"ಸಿಮ್ ಕಾರ್ಡ್‌ ಭರ್ತಿಯಾಗಿದೆ"},{"$i":"exportError-SIM-CannotAccessPhoneBook","$v":"ಸಿಮ್ ಕಾರ್ಡ್‌ನ ಫೋನ್ ಬುಕ್ ಅನ್ನು ಪ್ರವೇಶಿಸಲಾಗುತ್ತಿಲ್ಲ"},{"$i":"exportError-SIM-Unavailable","$v":"ಯಾವುದೇ ಸಿಮ್‌ ಕಂಡುಬಂದಿಲ್ಲ"},{"$i":"exportError-SIM-GenericError","$v":"ಒಂದು ಸಂಪರ್ಕವನ್ನು ನಿರ್ಯಾತ ಮಾಡುವಾಗ ಒಂದು ದೋಷ ಕಂಡುಬಂದಿದೆ."},{"$i":"noSimMsgExport","$v":"ಸಂಪರ್ಕಗಳನ್ನು ರಫ್ತು ಮಾಡಲು ನಿಮ್ಮ ಸಿಮ್ ಕಾರ್ಡ್‌ ಅನ್ನು ಒಳಸೇರಿಸಿ ಅಥವಾ ಅನ್‌ಲಾಕ್ ಮಾಡಿ"},{"$i":"noMemoryCardMsgExport","$v":"ಸಂಪರ್ಕಗಳನ್ನು ರಫ್ತು ಮಾಡಲು ಮೆಮೊರಿ ಕಾರ್ಡ್‌ ಸೇರಿಸಿ"},{"$i":"ContactManagementTitle","$v":"ಸಂಪರ್ಕಗಳ ನಿರ್ವಹಣೆ"},{"$i":"DeleteTitle","$v":"ಅಳಿಸಿ"},{"$i":"bulkDeleteButton","$v":"ಸಂಪರ್ಕಗಳನ್ನು ಅಳಿಸಿ"},{"$i":"BulkDelCancel","$v":"ಸಂಪರ್ಕಗಳ ಅಳಿಸುವಿಕೆ ಅನ್ನು ರದ್ದುಗೊಳಿಸಲಾಗಿದೆ"},{"$i":"DeletedTxt","$v":{"zero":"ಅಳಿಸಲು ಯಾವುದೇ ಸಂಪರ್ಕವಿಲ್ಲ","one":"1 ಸಂಪರ್ಕವನ್ನು ತೆಗೆಯಲಾಗಿದೆ","two":[{"t":"idOrVar","v":"n"}," ಸಂಪರ್ಕಗಳನ್ನು ಅಳಿಸಲಾಗಿದೆ"],"few":[{"t":"idOrVar","v":"n"}," ಸಂಪರ್ಕಗಳನ್ನು ಅಳಿಸಲಾಗಿದೆ"],"many":[{"t":"idOrVar","v":"n"}," ಸಂಪರ್ಕಗಳನ್ನು ಅಳಿಸಲಾಗಿದೆ"],"other":[{"t":"idOrVar","v":"n"}," ಸಂಪರ್ಕಗಳನ್ನು ಅಳಿಸಲಾಗಿದೆ"]},"$x":[{"t":"idOrVar","v":"plural"},"n"]},{"$i":"DeletingContacts","$v":"ಸಂಪರ್ಕಗಳನ್ನು ಅಳಿಸಲಾಗುತ್ತಿದೆ"},{"$i":"ContactConfirmDel","$v":{"zero":"ಅಳಿಸಲು ಯಾವುದೇ ಸಂಪರ್ಕವಿಲ್ಲ","one":"ಒಂದು ಸಂಪರ್ಕವನ್ನು ಅಳಿಸುವುದೇ? ಇದನ್ನು ಮರುಪಡೆಯಲು ಸಾಧ್ಯವಿಲ್ಲ.","two":[{"t":"idOrVar","v":"n"}," ಸಂಪರ್ಕಗಳನ್ನು ಅಳಿಸುವುದೇ? ಇದನ್ನು ಮರುಪಡೆಯಲು ಸಾಧ್ಯವಿಲ್ಲ."],"few":[{"t":"idOrVar","v":"n"}," ಸಂಪರ್ಕಗಳನ್ನು ಅಳಿಸುವುದೇ? ಇದನ್ನು ಮರುಪಡೆಯಲು ಸಾಧ್ಯವಿಲ್ಲ."],"many":[{"t":"idOrVar","v":"n"}," ಸಂಪರ್ಕಗಳನ್ನು ಅಳಿಸುವುದೇ? ಇದನ್ನು ಮರುಪಡೆಯಲು ಸಾಧ್ಯವಿಲ್ಲ."],"other":[{"t":"idOrVar","v":"n"}," ಸಂಪರ್ಕಗಳನ್ನು ಅಳಿಸುವುದೇ? ಇದನ್ನು ಮರುಪಡೆಯಲು ಸಾಧ್ಯವಿಲ್ಲ."]},"$x":[{"t":"idOrVar","v":"plural"},"n"]},{"$i":"SelectedTxt","$v":{"zero":[{"t":"idOrVar","v":"n"}," ಆಯ್ಕೆ ಮಾಡಲಾಗಿದೆ"],"one":[{"t":"idOrVar","v":"n"}," ಆಯ್ಕೆ ಮಾಡಲಾಗಿದೆ"],"two":[{"t":"idOrVar","v":"n"}," ಆಯ್ಕೆ ಮಾಡಲಾಗಿದೆ"],"few":[{"t":"idOrVar","v":"n"}," ಆಯ್ಕೆ ಮಾಡಲಾಗಿದೆ"],"many":[{"t":"idOrVar","v":"n"}," ಆಯ್ಕೆ ಮಾಡಲಾಗಿದೆ"],"other":[{"t":"idOrVar","v":"n"}," ಆಯ್ಕೆ ಮಾಡಲಾಗಿದೆ"]},"$x":[{"t":"idOrVar","v":"plural"},"n"]},{"$i":"video","$v":"ವೀಡಿಯೊ"},{"$i":"audio","$v":"ಆಡಿಯೋ"},{"$i":"pick_destination","$v":[{"t":"idOrVar","v":"destination"}," ",{"t":"idOrVar","v":"carrier"}]},{"$i":"removeField","ariaLabel":"ತೆಗೆದುಹಾಕಿ"},{"$i":"undo","ariaLabel":"ಅಂಡು ಮಾಡಿ"},{"$i":"send-sms-button","ariaLabel":"SMS"},{"$i":"ice_contacts","$v":"ICE ಸಂಪರ್ಕಗಳು"},{"$i":"edit-picture","$v":"ಚಿತ್ರವನ್ನು ಸಂಪಾದಿಸಿ"},{"$i":"remove-photo","$v":"ಚಿತ್ರ ತೆಗೆಯಿರಿ"},{"$i":"change-photo","$v":"ಚಿತ್ರ ಬದಲಾಯಿಸಿ"},{"$i":"photo-options","$v":"ಫೋಟೋ ಆಯ್ಕೆಗಳು"},{"$i":"tcl-all","$v":"ಎಲ್ಲಾ"},{"$i":"tcl-speed-dial","$v":"ವೇಗದ ಡಯಲ್"},{"$i":"tcl-new-contact","$v":"ಹೊಸ ಸಂಪರ್ಕ"},{"$i":"tcl-settings","$v":"ಸೆಟ್ಟಿಂಗ್ಸ್"},{"$i":"tcl-save","$v":"ಸೇವ್ ಮಾಡಿ"},{"$i":"save","$v":"ಸೇವ್ ಮಾಡಿ"},{"$i":"tcl-add","$v":"ಸೇರಿಸಿ"},{"$i":"tcl-contact-add-ringtone","$v":"ರಿಂಗ್‌ಟೋನ್ ಸೇರಿಸಿ"},{"$i":"tcl-custom-dialog-title-default","$v":"ದೃಢೀಕರಣ"},{"$i":"confirm-dialog-title-default","$v":"ದೃಢೀಕರಣ"},{"$i":"discard","$v":"ತೆಗೆಯಿರಿ"},{"$i":"custom-tag-title","$v":"ಕಸ್ಟಮ್ ಟ್ಯಾಗ್"},{"$i":"tcl-contact-added","$v":"ಸಂಪರ್ಕಗಳನ್ನು ಸೇರಿಸಲಾಗಿದೆ"},{"$i":"tcl-contact-updated","$v":"ಸಂಪರ್ಕ ವಿವರಗಳನ್ನು ಅಪ್ಡೇಟ್ ಮಾಡಲಾಗಿದೆ"},{"$i":"tcl-contact-removed","$v":"ಸಂಪರ್ಕವನ್ನು ಅಳಿಸಲಾಗಿದೆ"},{"$i":"tcl-contact-unremoved","$v":"ತೆಗೆಯಲು ಅಸಾಧ್ಯ"},{"$i":"edit-phone-type","$v":"ಫೋನ್ ವಿಧವನ್ನು ಸಂಪಾದಿಸಿ"},{"$i":"edit-email-type","$v":"ಇಮೇಲ್ ವಿಧವನ್ನು ಸಂಪಾದಿಸಿ"},{"$i":"edit-address-type","$v":"ವಿಳಾಸದ ವಿಧವನ್ನು ಸಂಪಾದಿಸಿ"},{"$i":"edit-date-type","$v":"ದಿನಾಂಕದ ವಿಧವನ್ನು ಸಂಪಾದಿಸಿ"},{"$i":"tcl-select-phone-type","$v":"ಫೋನ್ ವಿಧ ಮಾಡಿ"},{"$i":"tcl-select-email-type","$v":"ಇಮೇಲ್ ವಿಧ ಆಯ್ಕೆ ಮಾಡಿ"},{"$i":"tcl-select-address-type","$v":"ವಿಳಾಸ ವಿಧ ಆಯ್ಕೆ ಮಾಡಿ"},{"$i":"tcl-select-date-type","$v":"ದಿನಾಂಕ ವಿಧ ಮಾಡಿ"},{"$i":"add-phone","$v":"ಫೋನ್ ಸಂಖ್ಯೆ ಸೇರಿಸಿ"},{"$i":"add-email","$v":"ಇಮೇಲ್ ಸೇರಿಸಿ"},{"$i":"add-address","$v":"ಅಡ್ರೆಸ್ ಸೇರಿಸಿ"},{"$i":"add-date","$v":"ದಿನಾಂಕವನ್ನು ಸೇರಿಸಿ"},{"$i":"add-phone-type","$v":"ಫೋನ್ ವಿಧ"},{"$i":"add-email-type","$v":"ಇಮೇಲ್ ವಿಧ"},{"$i":"add-address-type","$v":"ವಿಳಾಸದ ವಿಧ"},{"$i":"add-date-type","$v":"ದಿನಾಂಕದ ಪ್ರಕಾರ"},{"$i":"delete-phone","$v":"ಫೋನ್ ಸಂಖ್ಯೆ ಅಳಿಸಿ"},{"$i":"delete-email","$v":"ಇಮೇಲ್ ಅಳಿಸಿ"},{"$i":"delete-address","$v":"ವಿಳಾಸವನ್ನು ಅಳಿಸಿ"},{"$i":"delete-date","$v":"ದಿನಾಂಕವನ್ನು ಅಳಿಸಿ"},{"$i":"delete-note","$v":"ಟಿಪ್ಪಣಿಯನ್ನು ಅಳಿಸಿ"},{"$i":"delete-comment-warning","$v":"ನೀವು ಟಿಪ್ಪಣಿಯನ್ನು ಅಳಿಸಬೇಕೆನ್ನುವ ಬಗ್ಗೆ ನಿಮಗೆ ಖಾತ್ರಿ ಇದೆಯೇ?"},{"$i":"tcl-deleting-messages-phone","$v":["ನೀವು ಫೋನ್ ಅಳಿಸಲು ಖಚಿತವಾಗಿ ಬಯಸುವಿರಾ: \"",{"t":"idOrVar","v":"type_name"},"\"?"]},{"$i":"tcl-deleting-messages-email","$v":["ನೀವು ಇಮೇಲ್ ಅಳಿಸಲು ಖಚಿತವಾಗಿ ಬಯಸುವಿರಾ: \"",{"t":"idOrVar","v":"type_name"},"\"?"]},{"$i":"tcl-deleting-messages-address","$v":["ನೀವು ವಿಳಾಸವನ್ನು ಅಳಿಸಲು ಖಚಿತವಾಗಿ ಬಯಸುವಿರಾ \"",{"t":"idOrVar","v":"type_name"},"\"?"]},{"$i":"tcl-deleting-messages-date","$v":"ನೀವು ದಿನಾಂಕವನ್ನು ಅಳಿಸಲು ಖಚಿತವಾಗಿ ಬಯಸುವಿರಾ?"},{"$i":"deleting-message-warning","$v":["ನೀವು ನಿಜವಾಗಲೂ \"",{"t":"idOrVar","v":"type_name"},"\" ಅನ್ನು ಅಳಿಸಬಯಸುವಿರಾ?"]},{"$i":"tcl-deleting-messages-comment","$v":"ಕಾಮೆಂಟ್ ಅಳಿಸಲು ನೀವು ಖಚಿತವಾಗಿ ಬಯಸುವಿರಾ"},{"$i":"delecting-messages-contact","$v":["ನೀವು ನಿಜವಾಗಲೂ \"",{"t":"idOrVar","v":"type_name"},"\" ಸಂಪರ್ಕವನ್ನು ಅಳಿಸಲು ಬಯಸುವಿರಾ?"]},{"$i":"delecting-this-contact","$v":"ಈ ಸಂಪರ್ಕವನ್ನು ಅಳಿಸಿ?"},{"$i":"deleting-messages-ringtone","$v":"ನೀವು ರಿಂಗ್‌ಟೋನ್ ಅಳಿಸಬೇಕೆನ್ನುವ ಬಗ್ಗೆ ನಿಮಗೆ ಖಾತ್ರಿ ಇದೆಯೇ?"},{"$i":"deleting-messages-picture","$v":"ಚಿತ್ರವನ್ನು ತೆಗೆದುಹಾಕಲು ನೀವು ಖಚಿತವಾಗಿ ಬಯಸುವಿರಾ?"},{"$i":"tcl-deleting-notification-ringtone","$v":"ರಿಂಗ್‌ಟೋನ್ ಅಳಿಸಲಾಗಿದೆ"},{"$i":"tcl-deleting-notification-comment","$v":"ಟಿಪ್ಪಣಿಯನ್ನು ಅಳಿಸಲಾಗಿದೆ"},{"$i":"note","$v":"ಸೂಚನೆ"},{"$i":"address","$v":"ವಿಳಾಸ"},{"$i":"tcl-noContacts","$v":"ನಿಮ್ಮ ಸಂಪರ್ಕದ ಪಟ್ಟಿ ಖಾಲಿಯಾಗಿರುವುದರಿಂದ ಸಂಪರ್ಕಕ್ಕೆ ಸೇರಿಸಲಾಗುವುದಿಲ್ಲ"},{"$i":"tcl-noContacts-no-email","$v":"ಇಮೇಲ್‌ ಜೊತೆಗೆ ಯಾವುದೇ ಸಂಪರ್ಕಗಳು ಇಲ್ಲದಿರುವುದರಿಂದ ಸಂಪರ್ಕಕ್ಕೆ ಸೇರಿಸಲಾಗುವುದಿಲ್ಲ"},{"$i":"tcl-noContacts-no-tel","$v":"ಫೋನ್ ಸಂಖ್ಯೆಯ ಜೊತೆಗೆ ಯಾವುದೇ ಸಂಪರ್ಕಗಳು ಇಲ್ಲದಿರುವುದರಿಂದ ಸಂಪರ್ಕಕ್ಕೆ ಸೇರಿಸಲಾಗುವುದಿಲ್ಲ"},{"$i":"tcl-noContactsTitle","$v":"ಯಾವುದೇ ಸಂಪರ್ಕಗಳಿಲ್ಲ"},{"$i":"tcl-change-voice-mail","$v":"ವಾಯ್ಸ್ ಮೇಲ್ ಸಂಖ್ಯೆಯನ್ನು ಬದಲಾಯಿಸಿ"},{"$i":"tcl-replace","$v":"ಸ್ಥಾನಾಂತರಿಸಿ"},{"$i":"tcl-remove-speed-dial","$v":"ಸ್ಪೀಡ್ ಡಯಲ್‌ನಿಂದ ತೆಗೆದುಹಾಕಿ"},{"$i":"tcl-notification-speed-dial-added","$v":"ಸ್ಪೀಚ್ ಡಯಲ್ ಸಂಖ್ಯೆಯನ್ನು ಸೇರಿಸಲಾಗಿದೆ"},{"$i":"tcl-notification-speed-dial-removed","$v":"ಸ್ಪೀಚ್ ಡಯಲ್ ಸಂಖ್ಯೆಯನ್ನು ತೆಗೆಯಲಾಗಿದೆ"},{"$i":"tcl-notification-speed-dial-updated","$v":"ಸ್ಪೀಚ್ ಡಯಲ್ ಸಂಖ್ಯೆಯನ್ನು ನವೀಕರಿಸಲಾಗಿದೆ"},{"$i":"tcl-notification-voice-mail-updated","$v":"ವಾಯ್ಸ್‌ಮೇಲ್ ಸಂಖ್ಯೆ ಅಪ್‌ಡೇಟ್ ಮಾಡಲಾಗಿದೆ"},{"$i":"tcl-notification-contact-assigned","$v":"ಸ್ಪೀಡ್ ಡಯಲ್‌ಗೆ ಸಂಪರ್ಕವನ್ನು ಸೇರಿಸಲಾಗಿದೆ"},{"$i":"empty","$v":"ಖಾಲಿ ಇದೆ"},{"$i":"tcl-voice-mail","$v":"ವಾಯ್ಸ್‌ ಮೇಲ್"},{"$i":"contact-confirm-save","$v":"ಸಂಪರ್ಕಗಳನ್ನು ವಿವರಗಳನ್ನು ತೆಗೆಯಲಾಗುತ್ತದೆ ನೀವು ಈ ಸಂಪರ್ಕವನ್ನು ಉಳಿಸಬಯಸುವಿರಾ?"},{"$i":"contact-confirm-form-save","$v":"ಬದಲಾವಣೆಗಳನ್ನು ತೆಗೆಯಲಾಗುತ್ತದೆ. ನೀವು ಈ ಸಂಪರ್ಕವನ್ನು ಉಳಿಸಬಯಸುವಿರಾ"},{"$i":"tcl-yes","$v":"ಹೌದು"},{"$i":"tcl-no","$v":"ಇಲ್ಲ"},{"$i":"tcl-default-ringtone","$v":"ಡೀಫಾಲ್ಟ್ ರಿಂಗ್‌ಟೋನ್"},{"$i":"tcl-add-ringtone","$v":"ರಿಂಗ್‌ಟೋನ್‌ಗಳು"},{"$i":"tcl-ringtone","$v":"ರಿಂಗ್‌ಟೋನ್‌"},{"$i":"change-ringtone","$v":"ರಿಂಗ್‌ಟೋನ್ ಬದಲಾಯಿಸಿ"},{"$i":"delete-ringtone","$v":"ರಿಂಗ್‌ಟೋನ್ ಅಳಿಸಿ"},{"$i":"tcl-settings-title","$v":"ಸಂಪರ್ಕ ಸೆಟ್ಟಿಂಗ್ಸ್"},{"$i":"settings-sort-contacts-title","$v":"ಸಂಪರ್ಕಗಳನ್ನು ಆಯೋಜಿಸಿ"},{"$i":"tcl-oder-notification","$v":"ಉಳಿಸಲಾದ ಬದಲಾವಣೆಗಳು"},{"$i":"changes-saved-notification","$v":"ಬದಲಾವಣೆಗಳನ್ನು ಉಳಿಸಲಾಗಿದೆ."},{"$i":"tcl-imported-status","$v":[{"t":"idOrVar","v":"n"}," ಸಂಪರ್ಕಗಳನ್ನು ಆಮದು ಮಾಡಲಾಯಿತು ",{"t":"idOrVar","v":"numDups"}," ಸಂಪರ್ಕಗಳನ್ನು ಸೇರಿಸಲಾಯಿತು"]},{"$i":"tcl-on","$v":"ರಂದು"},{"$i":"tcl-off","$v":"ಆಫ್"},{"$i":"on","$v":"ರಂದು"},{"$i":"off","$v":"ಆಫ್"},{"$i":"tcl-contact-empty-number","$v":"ಫೋನ್ ಸಂಖ್ಯೆಯನ್ನು ಖಾಲಿ ಮಾಡಿ"},{"$i":"contact-no-dial-number","$v":"ಡಯಲ್ ಮಾಡಲು ಯಾವುದೇ ಫೋನ್ ಸಂಖ್ಯೆ ಇಲ್ಲ."},{"$i":"tcl-select-number","$v":"ಸಂಖ್ಯೆ ಆಯ್ಕೆ ಮಾಡಿ"},{"$i":"tcl-select-email","$v":"ಇಮೇಲ್ ಆಯ್ಕೆ ಮಾಡಿ"},{"$i":"select-email","$v":"ಇಮೇಲ್ ಆಯ್ಕೆ ಮಾಡಿ"},{"$i":"tcl-send-message","$v":"ಸಂದೇಶ ಕಳುಹಿಸಿ"},{"$i":"send-email","$v":"ಇಮೇಲ್ ಕಳುಹಿಸಿ"},{"$i":"tcl-share","$v":"ಹಂಚು"},{"$i":"tcl-find-duplicate","$v":"ಡೂಪ್ಲಿಕೇಟ್ ಸಂಪರ್ಕಗಳನ್ನು ಕಂಡುಹಿಡಿಯಿರಿ"},{"$i":"tcl-add-favorite","$v":"ಮೆಚ್ಚಿನದ್ದಾಗಿ ಸೇರಿಸಿ"},{"$i":"tcl-remove-favorite","$v":"ಮೆಚ್ಚಿನವುಗಳಿಂದ ತೆಗೆಯಿರಿ"},{"$i":"tcl-link-social-networks","$v":"ಸಾಮಾಜಿಕ ಮಾಧ್ಯಮಗಳಿಗೆ ಲಿಂಕ್ ಮಾಡಿ"},{"$i":"tcl-delete","$v":"ಅಳಿಸಿ"},{"$i":"tcl-detail-send-sms","$v":"ಹೊಸ SMS"},{"$i":"tcl-detail-call","$v":"ಕಾಲ್ ಮಾಡಿ"},{"$i":"tcl-detail-send-email","$v":"ಕಂಪೋಸ್ ಮಾಡಿ"},{"$i":"sms","$v":"ಸಂದೇಶ"},{"$i":"tcl-search-contact","$v":"ಹುಡುಕಿ"},{"$i":"tcl-number","$v":["ಸಂಖ್ಯೆ ",{"t":"idOrVar","v":"number"}]},{"$i":"tcl-custom-dialog-replace-speed-dial","$v":["ನೀವು ಸ್ಪೀಡ್ ಡಯಲ್‌ ",{"t":"idOrVar","v":"oldSpeedDial"}," ಅನ್ನು ",{"t":"idOrVar","v":"newSpeedDial"}," ನಿಂದ ಬದಲಾಯಿಸಲು ಖಚಿತವಾಗಿ ಬಯಸುವಿರಾ?"]},{"$i":"custom-dialog-remove-speed-dial","$v":["ನೀವು ಸ್ಪೀಡ್ ಡಯಲ್‌ನಿಂದ ",{"t":"idOrVar","v":"name"}," ತೆಗೆಯಲು ಖಚಿತವಾಗಿ ಬಯಸುವಿರಾ?"]},{"$i":"tcl-options","$v":"ಆಯ್ಕೆಗಳು"},{"$i":"tcl-success-merged","$v":[{"t":"idOrVar","v":"number"}," ಸಂಪರ್ಕ(ಗಳು) ಮರ್ಜ್ ಮಾಡಲಾಗಿದೆ"]},{"$i":"tcl-contact-confirm-merge","$v":["ನೀವು ನಿಜವಾಗಲೂ ",{"t":"idOrVar","v":"count"}," ಸಂಪರ್ಕ(ಗಳನ್ನು) ",{"t":"idOrVar","v":"name"}," ಜೊತೆ ಸೇರಿಸಬಯಸುವಿರಾ?"]},{"$i":"tcl-merge","$v":"ಮರ್ಜ್ ಮಾಡಿ"},{"$i":"add-speed-dial-failed-title","$v":"ಸ್ಪೀಡ್ ಡಯಲ್ ಸೇರಿಸುವುದು ವಿಫಲಗೊಂಡಿದೆ"},{"$i":"add-speed-dial-failed-content","$v":[{"t":"idOrVar","v":"name"}," ಈಗಾಗಲೇ ಸ್ಪೀಡ್‌ ಡಯಲ್‌ನಲ್ಲಿದೆ, ದಯವಿಟ್ಟು ಇನ್ನೊಂದು ಸಂಪರ್ಕವನ್ನು ಆಯ್ಕೆ ಮಾಡಿ."]},{"$i":"merge","$v":"ಮರ್ಜ್ ಮಾಡಿ"},{"$i":"tcl-attention","$v":"ಗಮನಿಸಿ"},{"$i":"attention","$v":"ಗಮನಿಸಿ"},{"$i":"tcl-speed-dial-add-contact","$v":{"$o":"ಯಾವುದೇ ಸಂಪರ್ಕಗಳಿಲ್ಲ.<br><br>ದಯವಿಟ್ಟು ಸಂಪರ್ಕವನ್ನು ರಚಿಸಿ."}},{"$i":"tcl-voice-mail-header","$v":"ವಾಯ್ಸ್‌ ಮೇಲ್"},{"$i":"tcl-voice-mail-number","$v":"ವಾಯ್ಸ್‌ ಮೇಲ್ ಸಂಖ್ಯೆ"},{"$i":"tcl-select-all","$v":"ಎಲ್ಲ ಆಯ್ಕೆ ಮಾಡಿ"},{"$i":"tcl-deselect-all","$v":"ಎಲ್ಲ ಆಯ್ಕೆ ತೆಗೆಯಿರಿ"},{"$i":"systemring","$v":"ರಿಂಗ್‌ಟೋನ್‌"},{"$i":"moremusic","$v":"ಸಂಗೀತ"},{"$i":"tcl-add-ringselect","$v":"ಇಂದ ಆಯ್ಕೆ ಮಾಡಿ"},{"$i":"type-select","$v":"ಆಯ್ಕೆ ಮಾಡಿ"},{"$i":"dialnum-view","$v":"ವೀಕ್ಷಿಸಿ"},{"$i":"select-a-contact-title","$v":"ಒಂದು ಸಂಪರ್ಕ ಆಯ್ಕೆ ಮಾಡಿ"},{"$i":"select-a-number-title","$v":"ಒಂದು ಸಂಖ್ಯೆ ಆಯ್ಕೆ ಮಾಡಿ"},{"$i":"invalid-vcf-file","$v":"ಅಮಾನ್ಯವಾದ vcf ಫೈಲ್"},{"$i":"voiceMail","$v":"ಧ್ವನಿಮೇಲ್"},{"$i":"back","$v":"ಹಿಂದೆ"},{"$i":"noSimMsg","$v":"ಸಂಪರ್ಕಗಳನ್ನು ಆಮದು ಮಾಡಲು ನಿಮ್ಮ ಸಿಮ್ ಕಾರ್ಡ್‌ ಅನ್ನು ಒಳಸೇರಿಸಿ ಅಥವಾ ಅನ್‌ಲಾಕ್ ಮಾಡಿ"},{"$i":"noMemoryCardMsg","$v":"ಸಂಪರ್ಕಗಳನ್ನು ಆಮದು ಮಾಡಲು ಮೆಮೊರಿ ಕಾರ್ಡ್‌ ಸೇರಿಸಿ"},{"$i":"importMemoryCard","$v":"ಮೆಮೊರಿ ಕಾರ್ಡ್"},{"$i":"noConnection11","$v":"ಫೇಸ್‌ಬುಕ್‌ ಸ್ನೇಹಿತರು ಅಥವಾ ಸಂಪರ್ಕಗಳನ್ನು ಆಮದು ಮಾಡಲು WiFi ಅಥವಾ ಡೇಟಾ ನೆಟ್‌ವರ್ಕ್‌ಗೆ ಸಂಪರ್ಕಿಸಿ"},{"$i":"emptyAccount","$v":"ಈ ಅಕೌಂಟ್‌ನಲ್ಲಿ ಯಾವುದೇ ಸ್ನೇಹಿತರು ಅಥವಾ ಸಂಪರ್ಕಗಳು ಕಂಡುಬಂದಿಲ್ಲ."},{"$i":"simContacts-import","$v":"ಸಿಮ್ ಸಂಪರ್ಕಗಳನ್ನು ಆಮದು ಮಾಡಿ"},{"$i":"simContacts-importing","$v":"ಸಿಮ್ ಕಾರ್ಡ್‌ನಿಂದ ಸಂಪರ್ಕಗಳನ್ನು ಆಮದು ಮಾಡಲಾಗುತ್ತಿದೆ"},{"$i":"simContacts-reading","$v":"ಸಿ‌ಮ್‌ ಕಾರ್ಡ್‌ನಿಂದ ಸಂಪರ್ಕಗಳನ್ನು ಓದಲಾಗುತ್ತಿದೆ..."},{"$i":"simContacts-error","$v":"ಸಿಮ್‌ನಿಂದ ಸಂಪರ್ಕಗಳನ್ನು ಆಮದು ಮಾಡಲಾಗಲಿಲ್ಲ"},{"$i":"simContacts-imported3","$v":{"zero":"ಅಮದು ಮಾಡಲು ಸಿಮ್‌ನಲ್ಲಿ ಯಾವುದೇ ಸಂಪರ್ಕ ಕಂಡುಬಂದಿಲ್ಲ","one":"ಒಂದು ಸಂಪರ್ಕವನ್ನು ಆಮದು ಮಾಡಿ","two":[{"t":"idOrVar","v":"n"}," ಸಂಪರ್ಕಗಳನ್ನು ಆಮದು ಮಾಡಲಾಯಿತು"],"few":[{"t":"idOrVar","v":"n"}," ಸಂಪರ್ಕಗಳನ್ನು ಆಮದು ಮಾಡಲಾಯಿತು"],"many":[{"t":"idOrVar","v":"n"}," ಸಂಪರ್ಕಗಳನ್ನು ಆಮದು ಮಾಡಲಾಯಿತು"],"other":[{"t":"idOrVar","v":"n"}," ಸಂಪರ್ಕಗಳನ್ನು ಆಮದು ಮಾಡಲಾಯಿತು"]},"$x":[{"t":"idOrVar","v":"plural"},"n"]},{"$i":"memoryCardContacts-import","$v":"ಮೆಮೊರಿ ಕಾರ್ಡ್‌ನಿಂದ ಸಂಪರ್ಕಗಳನ್ನು ಆಮದು ಮಾಡಿ"},{"$i":"memoryCardContacts-importing","$v":"ಮೆಮೊರಿ ಕಾರ್ಡ್‌ನಿಂದ ಸಂಪರ್ಕಗಳನ್ನು ಆಮದು ಮಾಡಲಾಗುತ್ತಿದೆ..."},{"$i":"memoryCardContacts-reading","$v":"ಮೆಮೊರಿ ಕಾರ್ಡ್‌ನಿಂದ ಸಂಪರ್ಕಗಳನ್ನು ಓದಲಾಗುತ್ತಿದೆ..."},{"$i":"memoryCardContacts-error","$v":"ಮೆಮೊರಿ ಕಾರ್ಡ್‌ನಿಂದ ಸಂಪರ್ಕಗಳನ್ನು ಆಮದು ಮಾಡಲಾಗಲಿಲ್ಲ"},{"$i":"memoryCardContacts-imported3","$v":{"zero":"ಅಮದು ಮಾಡಲು ಮೆಮೊರಿ ಕಾರ್ಡ್‌ನಲ್ಲಿ ಯಾವುದೇ ಸಂಪರ್ಕ ಕಂಡುಬಂದಿಲ್ಲ","one":"ಒಂದು ಸಂಪರ್ಕವನ್ನು ಆಮದು ಮಾಡಿ","two":[{"t":"idOrVar","v":"n"}," ಸಂಪರ್ಕಗಳನ್ನು ಆಮದು ಮಾಡಲಾಯಿತು"],"few":[{"t":"idOrVar","v":"n"}," ಸಂಪರ್ಕಗಳನ್ನು ಆಮದು ಮಾಡಲಾಯಿತು"],"many":[{"t":"idOrVar","v":"n"}," ಸಂಪರ್ಕಗಳನ್ನು ಆಮದು ಮಾಡಲಾಯಿತು"],"other":[{"t":"idOrVar","v":"n"}," ಸಂಪರ್ಕಗಳನ್ನು ಆಮದು ಮಾಡಲಾಯಿತು"]},"$x":[{"t":"idOrVar","v":"plural"},"n"]},{"$i":"genericProgress","$v":[{"t":"idOrVar","v":"current"},"/",{"t":"idOrVar","v":"total"}]},{"$i":"facebook","$v":"ಫೇಸ್‌ಬುಕ್"},{"$i":"facebook-import-msg2","$v":[{"t":"idOrVar","v":"imported"},"/",{"t":"idOrVar","v":"total"}," ಸ್ನೇಹಿತರನ್ನು ಆಮದು ಮಾಡಲಾಗಿದೆ"]},{"$i":"contactsMerged","$v":{"zero":"ಯಾವುದೇ ಡೂಪ್ಲಿಕೇಟ್ ಸಂಪರ್ಕಗಳನ್ನು ಮರ್ಜ್‌ ಮಾಡಿಲ್ಲ","one":"ಒಂದು ನಕಲು ಸಂಪರ್ಕಗಳನ್ನು ಮರ್ಜ್‌ ಮಾಡಲಾಗಿದೆ","two":[{"t":"idOrVar","v":"numDups"}," ಸಂಪರ್ಕಗಳನ್ನು ಮರ್ಜ್ ಮಾಡಲಾಗಿದೆ"],"few":[{"t":"idOrVar","v":"numDups"}," ಸಂಪರ್ಕಗಳನ್ನು ಮರ್ಜ್ ಮಾಡಲಾಗಿದೆ"],"many":[{"t":"idOrVar","v":"numDups"}," ಸಂಪರ್ಕಗಳನ್ನು ಮರ್ಜ್ ಮಾಡಲಾಗಿದೆ"],"other":[{"t":"idOrVar","v":"numDups"}," ಸಂಪರ್ಕಗಳನ್ನು ಮರ್ಜ್ ಮಾಡಲಾಗಿದೆ"]},"$x":[{"t":"idOrVar","v":"plural"},"numDups"]},{"$i":"weekday-0-long","$v":"ಭಾನುವಾರ"},{"$i":"weekday-1-long","$v":"ಸೋಮವಾರ"},{"$i":"weekday-2-long","$v":"ಮಂಗಳವಾರ"},{"$i":"weekday-3-long","$v":"ಬುಧವಾರ"},{"$i":"weekday-4-long","$v":"ಗುರುವಾರ"},{"$i":"weekday-5-long","$v":"ಶುಕ್ರವಾರ"},{"$i":"weekday-6-long","$v":"ಶನಿವಾರ"},{"$i":"weekday-0-short","$v":"ಭಾನು"},{"$i":"weekday-1-short","$v":"ಸೋಮ"},{"$i":"weekday-2-short","$v":"ಮಂಗಳ"},{"$i":"weekday-3-short","$v":"ಬುಧ"},{"$i":"weekday-4-short","$v":"ಗುರು"},{"$i":"weekday-5-short","$v":"ಶುಕ್ರ"},{"$i":"weekday-6-short","$v":"ಶನಿವಾರ"},{"$i":"month-0-long","$v":"ಜನವರಿ"},{"$i":"month-1-long","$v":"ಫೆಬ್ರವರಿ"},{"$i":"month-2-long","$v":"ಮಾರ್ಚ್"},{"$i":"month-3-long","$v":"ಏಪ್ರಿಲ್"},{"$i":"month-4-long","$v":"ಮೇ"},{"$i":"month-5-long","$v":"ಜೂನ್"},{"$i":"month-6-long","$v":"ಜುಲೈ"},{"$i":"month-7-long","$v":"ಆಗಸ್ಟ್"},{"$i":"month-8-long","$v":"ಸಪ್ಟೆಂಬರ್"},{"$i":"month-9-long","$v":"ಅಕ್ಟೋಬರ್"},{"$i":"month-10-long","$v":"ನವೆಂಬರ್"},{"$i":"month-11-long","$v":"ಡಿಸೆಂಬರ್"},{"$i":"month-0-genitive","$v":"ಜನವರಿ"},{"$i":"month-1-genitive","$v":"ಫೆಬ್ರವರಿ"},{"$i":"month-2-genitive","$v":"ಮಾರ್ಚ್"},{"$i":"month-3-genitive","$v":"ಏಪ್ರಿಲ್"},{"$i":"month-4-genitive","$v":"ಮೇ"},{"$i":"month-5-genitive","$v":"ಜೂನ್"},{"$i":"month-6-genitive","$v":"ಜುಲೈ"},{"$i":"month-7-genitive","$v":"ಆಗಸ್ಟ್"},{"$i":"month-8-genitive","$v":"ಸಪ್ಟೆಂಬರ್"},{"$i":"month-9-genitive","$v":"ಅಕ್ಟೋಬರ್"},{"$i":"month-10-genitive","$v":"ನವೆಂಬರ್"},{"$i":"month-11-genitive","$v":"ಡಿಸೆಂಬರ್"},{"$i":"month-0-short","$v":"ಜನವರಿ"},{"$i":"month-1-short","$v":"ಫೆಬ್ರವರಿ"},{"$i":"month-2-short","$v":"ಮಾರ್ಚ್"},{"$i":"month-3-short","$v":"ಏಪ್ರಿಲ್"},{"$i":"month-4-short","$v":"ಮೇ"},{"$i":"month-5-short","$v":"ಜೂನ್"},{"$i":"month-6-short","$v":"ಜುಲೈ"},{"$i":"month-7-short","$v":"ಆಗಸ್ಟ್"},{"$i":"month-8-short","$v":"ಸೆಪ್ಟೆಂಬರ್"},{"$i":"month-9-short","$v":"ಅಕ್ಟೋಬರ್"},{"$i":"month-10-short","$v":"ನವೆಂಬರ್"},{"$i":"month-11-short","$v":"ಡಿಸೆಂಬರ್"},{"$i":"minutes-ago-long","$v":{"zero":"ಈಗಷ್ಟೇ","one":"ಒಂದು ನಿಮಿಷದ ಹಿಂದೆ","two":[{"t":"idOrVar","v":"value"}," ನಿಮಿಷಗಳ ಹಿಂದೆ"],"few":[{"t":"idOrVar","v":"value"}," ನಿಮಿಷಗಳ ಹಿಂದೆ"],"many":[{"t":"idOrVar","v":"value"}," ನಿಮಿಷಗಳ ಹಿಂದೆ"],"other":[{"t":"idOrVar","v":"value"}," ನಿಮಿಷಗಳ ಹಿಂದೆ"]},"$x":[{"t":"idOrVar","v":"plural"},"value"]},{"$i":"hours-ago-long","$v":{"zero":"ಈಗಷ್ಟೇ","one":"ಒಂದು ಗಂಟೆ ಹಿಂದೆ","two":[{"t":"idOrVar","v":"value"}," ಗಂಟೆಗಳ ಹಿಂದೆ"],"few":[{"t":"idOrVar","v":"value"}," ಗಂಟೆಗಳ ಹಿಂದೆ"],"many":[{"t":"idOrVar","v":"value"}," ಗಂಟೆಗಳ ಹಿಂದೆ"],"other":[{"t":"idOrVar","v":"value"}," ಗಂಟೆಗಳ ಹಿಂದೆ"]},"$x":[{"t":"idOrVar","v":"plural"},"value"]},{"$i":"days-ago-long","$v":{"zero":"ಇಂದು","one":"ನಿನ್ನೆ","two":[{"t":"idOrVar","v":"value"}," ದಿನಗಳ ಹಿಂದೆ"],"few":[{"t":"idOrVar","v":"value"}," ದಿನಗಳ ಹಿಂದೆ"],"many":[{"t":"idOrVar","v":"value"}," ದಿನಗಳ ಹಿಂದೆ"],"other":[{"t":"idOrVar","v":"value"}," ದಿನಗಳ ಹಿಂದೆ"]},"$x":[{"t":"idOrVar","v":"plural"},"value"]},{"$i":"weeks-ago-long","$v":{"zero":"ಈ ವಾರ","one":"ಕಳೆದ ವಾರ","two":[{"t":"idOrVar","v":"value"}," ವಾರಗಳ ಹಿಂದೆ"],"few":[{"t":"idOrVar","v":"value"}," ವಾರಗಳ ಹಿಂದೆ"],"many":[{"t":"idOrVar","v":"value"}," ವಾರಗಳ ಹಿಂದೆ"],"other":[{"t":"idOrVar","v":"value"}," ವಾರಗಳ ಹಿಂದೆ"]},"$x":[{"t":"idOrVar","v":"plural"},"value"]},{"$i":"months-ago-long","$v":{"zero":"ಈ ತಿಂಗಳು","one":"ಕಳೆದ ತಿಂಗಳು","two":[{"t":"idOrVar","v":"value"}," ತಿಂಗಳುಗಳ ಹಿಂದೆ"],"few":[{"t":"idOrVar","v":"value"}," ತಿಂಗಳುಗಳ ಹಿಂದೆ"],"many":[{"t":"idOrVar","v":"value"}," ತಿಂಗಳುಗಳ ಹಿಂದೆ"],"other":[{"t":"idOrVar","v":"value"}," ತಿಂಗಳುಗಳ ಹಿಂದೆ"]},"$x":[{"t":"idOrVar","v":"plural"},"value"]},{"$i":"years-ago-long","$v":{"zero":"ಈ ವರ್ಷ","one":"ಕಳೆದ ವರ್ಷ","two":[{"t":"idOrVar","v":"Value"}," ವರ್ಷಗಳ ಹಿಂದೆ"],"few":[{"t":"idOrVar","v":"Value"}," ವರ್ಷಗಳ ಹಿಂದೆ"],"many":[{"t":"idOrVar","v":"Value"}," ವರ್ಷಗಳ ಹಿಂದೆ"],"other":[{"t":"idOrVar","v":"Value"}," ವರ್ಷಗಳ ಹಿಂದೆ"]},"$x":[{"t":"idOrVar","v":"plural"},"value"]},{"$i":"minutes-until-long","$v":{"zero":"ಇದೀಗ","one":"ಒಂದು ನಿಮಿಷದಲ್ಲಿ","two":[{"t":"idOrVar","v":"value"}," ನಿಮಿಷಗಳಲ್ಲಿ"],"few":[{"t":"idOrVar","v":"value"}," ನಿಮಿಷಗಳಲ್ಲಿ"],"many":[{"t":"idOrVar","v":"value"}," ನಿಮಿಷಗಳಲ್ಲಿ"],"other":[{"t":"idOrVar","v":"value"}," ನಿಮಿಷಗಳಲ್ಲಿ"]},"$x":[{"t":"idOrVar","v":"plural"},"value"]},{"$i":"hours-until-long","$v":{"zero":"ಇದೀಗ","one":"ಒಂದು ಗಂಟೆಯಲ್ಲಿ","two":[{"t":"idOrVar","v":"value"}," ಗಂಟೆಗಳಲ್ಲಿ"],"few":[{"t":"idOrVar","v":"value"}," ಗಂಟೆಗಳಲ್ಲಿ"],"many":[{"t":"idOrVar","v":"value"}," ಗಂಟೆಗಳಲ್ಲಿ"],"other":[{"t":"idOrVar","v":"value"}," ಗಂಟೆಗಳಲ್ಲಿ"]},"$x":[{"t":"idOrVar","v":"plural"},"value"]},{"$i":"days-until-long","$v":{"zero":"ಇಂದು","one":"ನಾಳೆ","two":[{"t":"idOrVar","v":"value"}," ದಿನಗಳಲ್ಲಿ"],"few":[{"t":"idOrVar","v":"value"}," ದಿನಗಳಲ್ಲಿ"],"many":[{"t":"idOrVar","v":"value"}," ದಿನಗಳಲ್ಲಿ"],"other":[{"t":"idOrVar","v":"value"}," ದಿನಗಳಲ್ಲಿ"]},"$x":[{"t":"idOrVar","v":"plural"},"value"]},{"$i":"weeks-until-long","$v":{"zero":"ಈ ವಾರ","one":"ಮುಂದಿನ ವಾರ","two":[{"t":"idOrVar","v":"value"}," ವಾರಗಳಲ್ಲಿ"],"few":[{"t":"idOrVar","v":"value"}," ವಾರಗಳಲ್ಲಿ"],"many":[{"t":"idOrVar","v":"value"}," ವಾರಗಳಲ್ಲಿ"],"other":[{"t":"idOrVar","v":"value"}," ವಾರಗಳಲ್ಲಿ"]},"$x":[{"t":"idOrVar","v":"plural"},"value"]},{"$i":"months-until-long","$v":{"zero":"ಈ ತಿಂಗಳು","one":"ಮುಂದಿನ ತಿಂಗಳು","two":[{"t":"idOrVar","v":"value"}," ತಿಂಗಳುಗಳಲ್ಲಿ"],"few":[{"t":"idOrVar","v":"value"}," ತಿಂಗಳುಗಳಲ್ಲಿ"],"many":[{"t":"idOrVar","v":"value"}," ತಿಂಗಳುಗಳಲ್ಲಿ"],"other":[{"t":"idOrVar","v":"value"}," ತಿಂಗಳುಗಳಲ್ಲಿ"]},"$x":[{"t":"idOrVar","v":"plural"},"value"]},{"$i":"years-until-long","$v":{"zero":"ಈ ವರ್ಷ","one":"ಮುಂದಿನ ವರ್ಷ","two":[{"t":"idOrVar","v":"value"}," ವರ್ಷಗಳಲ್ಲಿ"],"few":[{"t":"idOrVar","v":"value"}," ವರ್ಷಗಳಲ್ಲಿ"],"many":[{"t":"idOrVar","v":"value"}," ವರ್ಷಗಳಲ್ಲಿ"],"other":[{"t":"idOrVar","v":"value"}," ವರ್ಷಗಳಲ್ಲಿ"]},"$x":[{"t":"idOrVar","v":"plural"},"value"]},{"$i":"minutes-ago-short","$v":{"zero":"ಈಗಷ್ಟೇ","other":[{"t":"idOrVar","v":"value"},"ನಿಮಿಷಗಳ ಹಿಂದೆ"]},"$x":[{"t":"idOrVar","v":"plural"},"value"]},{"$i":"hours-ago-short","$v":{"zero":"ಈಗಷ್ಟೇ","other":[{"t":"idOrVar","v":"value"},"ಗಂಟೆಗಳ ಹಿಂದೆ"]},"$x":[{"t":"idOrVar","v":"plural"},"value"]},{"$i":"days-ago-short","$v":{"zero":"ಇಂದು","other":[{"t":"idOrVar","v":"value"},"ದಿನದ ಹಿಂದೆ"]},"$x":[{"t":"idOrVar","v":"plural"},"value"]},{"$i":"minutes-until-short","$v":{"zero":"ಇದೀಗ","other":[{"t":"idOrVar","v":"value"},"ನಿಮಿಷಗಳಲ್ಲಿ"]},"$x":[{"t":"idOrVar","v":"plural"},"value"]},{"$i":"hours-until-short","$v":{"zero":"ಇದೀಗ","other":[{"t":"idOrVar","v":"value"},"ಗಂಟೆಗಳಲ್ಲಿ"]},"$x":[{"t":"idOrVar","v":"plural"},"value"]},{"$i":"days-until-short","$v":{"zero":"ಇಂದು","other":[{"t":"idOrVar","v":"value"},"ದಿನದಲ್ಲಿ"]},"$x":[{"t":"idOrVar","v":"plural"},"value"]},{"$i":"incorrectDate","$v":"(ತಪ್ಪಾದ ದಿನಾಂಕ)"},{"$i":"dateTimeFormat_%c","$v":"%a %b %e %Y %I:%M:%S %p"},{"$i":"dateTimeFormat_%x","$v":"%m/%d/%Y"},{"$i":"dateTimeFormat_%X","$v":"%I:%M:%S %p"},{"$i":"shortTimeFormat","$v":"%I:%M %p"},{"$i":"shortTimeFormat12","$v":"%I:%M %p"},{"$i":"shortTimeFormat24","$v":"%H:%M"},{"$i":"shortDateTimeFormat","$v":"%x %I:%M %p"},{"$i":"weekStartsOnMonday","$v":"0"},{"$i":"firstDayOfTheWeek","$v":"0"},{"$i":"time_am","$v":"AM"},{"$i":"time_pm","$v":"PM"},{"$i":"label","$v":"ಲೇಬಲ್"},{"$i":"mobile","$v":"ಮೊಬೈಲ್"},{"$i":"home","$v":"ಹೋಮ್"},{"$i":"work","$v":"ವರ್ಕ್"},{"$i":"personal","$v":"ವೈಯಕ್ತಿಕ"},{"$i":"faxHome","$v":"ಫ್ಯಾಕ್ಸ್ ಹೋಂ"},{"$i":"faxOffice","$v":"ಫ್ಯಾಕ್ಸ್ ಆಫೀಸ್"},{"$i":"faxOther","$v":"ಫ್ಯಾಕ್ಸ್ ಇತರೆ"},{"$i":"another","$v":"ಇನ್ನೊಂದು"},{"$i":"other","$v":"ಇತರೆ"},{"$i":"tcl-customTag","$v":"ಕಸ್ಟಮ್ ಟ್ಯಾಗ್"},{"$i":"customTag","$v":"ಕಸ್ಟಮ್ ಟ್ಯಾಗ್","placeholder":"ಕಸ್ಟಮ್ ಟ್ಯಾಗ್"},{"$i":"current","$v":"ಪ್ರಸ್ತುತದಲ್ಲಿ"},{"$i":"itemWithLabel","$v":[{"t":"idOrVar","v":"label"},", ",{"t":"idOrVar","v":"item"}]},{"$i":"waitDuplicateContacts","$v":"ಡೂಪ್ಲಿಕೇಟ್ ಸಂಪರ್ಕಗಳಿಗಾಗಿ ಹುಡುಕುತ್ತಿದ್ದೀರಾ"},{"$i":"waitMergingDuplicateContacts","$v":"ಡೂಪ್ಲಿಕೇಟ್ ಸಂಪರ್ಕಗಳನ್ನು ಮರ್ಜ್ ಮಾಡಿ"},{"$i":"alertNoDuplicateContacts","$v":"ಯಾವುದೇ ಡೂಪ್ಲಿಕೇಟ್ ಸಂಪರ್ಕಗಳು ಕಂಡುಬಂದಿಲ್ಲ"},{"$i":"curtainCancel","$v":"ರದ್ದು ಮಾಡಿ"},{"$i":"close","$v":"ಮುಚ್ಚಿರಿ"},{"$i":"mergeDuplicateTitle","$v":"ಡೂಪ್ಲಿಕೇಟ್ಸ್ ಕಂಡುಬಂದಿದೆ"},{"$i":"suggestedDuplicatesMessage","innerHTML":{"$o":["ಡೂಪ್ಲಿಕೇಟ್ ಸಂಪರ್ಕಗಳನ್ನು <bdi>",{"t":"idOrVar","v":"name"},"</bdi>ಗೆ ಸಲಹೆ ಮಾಡಲಾಗಿದೆ"]}},{"$i":"mergeActionButtonLabel","$v":{"zero":"ಯಾವುದೇ ಸಂಪರ್ಕಗಳನ್ನು ಆಯ್ಕೆ ಮಾಡಿಲ್ಲ","one":[{"t":"idOrVar","v":"n"}," ಸಂಪರ್ಕಗಳ ಜೊತೆ ಮರ್ಜ್ ಮಾಡಿ"],"two":[{"t":"idOrVar","v":"n"}," ಸಂಪರ್ಕದ ಜೊತೆ ಮರ್ಜ್ ಮಾಡಿ"],"few":[{"t":"idOrVar","v":"n"}," ಸಂಪರ್ಕದ ಜೊತೆ ಮರ್ಜ್ ಮಾಡಿ"],"many":[{"t":"idOrVar","v":"n"}," ಸಂಪರ್ಕದ ಜೊತೆ ಮರ್ಜ್ ಮಾಡಿ"],"other":[{"t":"idOrVar","v":"n"}," ಸಂಪರ್ಕದ ಜೊತೆ ಮರ್ಜ್ ಮಾಡಿ"]},"$x":[{"t":"idOrVar","v":"plural"},"n"]},{"$i":"duplicatesFoundTitle","$v":"ಡೂಪ್ಲಿಕೇಟ್ಸ್ ಕಂಡುಬಂದಿದೆ"},{"$i":"foundDuplicatesMessage","innerHTML":"ಕೆಳಗಿನ ಸಂಪರ್ಕಗಳಲ್ಲಿ ಡೂಪ್ಲಿಕೇಟ್ ಮಾಡಿದ ಮಾಹಿತಿ ಕಂಡುಬಂತು ನೀವು ಸೇರಿಸಬಯಸುವಿರಾ?"},{"$i":"tcl-merge-selected-counts","$v":[{"t":"idOrVar","v":"n"}," ಆಯ್ಕೆ ಮಾಡಲಾಗಿದೆ"]},{"$i":"tcl-wait-duplicate-contacts","$v":"ಡೂಪ್ಲಿಕೇಟ್ ಸಂಪರ್ಕಗಳನ್ನು ಕಂಡುಹಿಡಿಯಿರಿ"},{"$i":"tcl-wait-txt","$v":"ಡೂಪ್ಲಿಕೇಟ್ ಸಂಪರ್ಕಗಳಿಗಾಗಿ ಹುಡುಕುತ್ತಿದ್ದೀರಾ..."},{"$i":"import","$v":"ಆಮದು ಮಾಡಿ"},{"$i":"fbFriends","$v":"ಫೇಸ್‌ಬುಕ್ ಸ್ನೇಹಿತರು"},{"$i":"live-serviceName","$v":"ಔಟ್‌ಲುಕ್"},{"$i":"gmail-serviceName","$v":"ಜಿಮೇಲ್"},{"$i":"facebook-serviceName","$v":"ಫೇಸ್‌ಬುಕ್ ಸ್ನೇಹಿತರು"},{"$i":"viewAll","$v":"ಎಲ್ಲಾ ಫೇಸ್‌ಬುಕ್‌ ಸ್ನೇಹಿತರನ್ನು ವೀಕ್ಷಿಸಿ"},{"$i":"viewRecommend","$v":"ಶಿಫಾರಸು ಮಾಡಿರುವುದನ್ನು ಮಾತ್ರ ವೀಕ್ಷಿಸಿ"},{"$i":"linkProposal","$v":{"zero":"ಯಾವುದೇ ಹೊಂದುವ ಸ್ನೇಹಿತರಿಲ್ಲ ಎಲ್ಲವನ್ನೂ ತೋರಿಸಲಾಗುತ್ತಿದೆ","one":"ಶಿಫಾರಸು ಮಾಡಿರುವುದನ್ನು ಆಯ್ಕೆ ಮಾಡಿ","two":"ಶಿಫಾರಸು ಮಾಡಿರುವುದನ್ನು ಆಯ್ಕೆ ಮಾಡಿ","few":"ಶಿಫಾರಸು ಮಾಡಿರುವುದನ್ನು ಆಯ್ಕೆ ಮಾಡಿ","many":"ಶಿಫಾರಸು ಮಾಡಿರುವುದನ್ನು ಆಯ್ಕೆ ಮಾಡಿ","other":"ಶಿಫಾರಸು ಮಾಡಿರುವುದನ್ನು ಆಯ್ಕೆ ಮಾಡಿ"},"$x":[{"t":"idOrVar","v":"plural"},"numFriends"]},{"$i":"fbFriendsFound","$v":{"zero":"ನಿಮ್ಮೆಲ್ಲ ಸ್ನೇಹಿತರನ್ನೂ ಇಂಪೋರ್ಟ್ ಮಾಡಲಾಗಿದೆ","one":"ಇಂಪೋರ್ಟ್ ಮಾಡಲು ಒಬ್ಬ ಸ್ನೇಹಿತರು ದೊರಕಿದರು","two":["ಇಂಪೋರ್ಟ್ ಮಾಡಲು ",{"t":"idOrVar","v":"numFriends"}," ಸ್ನೇಹಿತರು ದೊರಕಿದರು"],"few":["ಇಂಪೋರ್ಟ್ ಮಾಡಲು ",{"t":"idOrVar","v":"numFriends"}," ಸ್ನೇಹಿತರು ದೊರಕಿದರು"],"many":["ಇಂಪೋರ್ಟ್ ಮಾಡಲು ",{"t":"idOrVar","v":"numFriends"}," ಸ್ನೇಹಿತರು ದೊರಕಿದರು"],"other":["ಇಂಪೋರ್ಟ್ ಮಾಡಲು ",{"t":"idOrVar","v":"numFriends"}," ಸ್ನೇಹಿತರು ದೊರಕಿದರು"]},"$x":[{"t":"idOrVar","v":"plural"},"numFriends"]},{"$i":"fbNoFriends","$v":"ಅಮದು ಮಾಡಲು ಸಂಪರ್ಕಗಳು ಲಭ್ಯವಿಲ್ಲ"},{"$i":"done-search","$v":"ಮುಗಿದಿದೆ"},{"$i":"progressFB3ImportTitle","$v":"ಸ್ನೇಹಿತರನ್ನು ಸಂಪರ್ಕಗಳಿಗೆ ಆಮದು ಮಾಡಲಾಗುತ್ತಿದೆ"},{"$i":"progressFB","$v":[{"t":"idOrVar","v":"current"},"/",{"t":"idOrVar","v":"total"}]},{"$i":"progressFB3UpdateTitle","$v":"ಸಂಪರ್ಕಗಳಲ್ಲಿ ಸ್ನೇಹಿತರನ್ನು ಅಪ್‌ಡೇಟ್ ಮಾಡಲಾಗುತ್ತಿದೆ"},{"$i":"message2","$v":"ಇದು ಕೆಲವು ನಿಮಿಷಗಳನ್ನು ತೆಗೆದುಕೊಳ್ಳಬಹುದು"},{"$i":"messageLinking","$v":"ದಯವಿಟ್ಟು ಹೋಲ್ಡ್ ಆನ್ ಮಾಡಿ. ನಾವು ನಿಮ್ಮ ಸ್ನೇಹಿತರು ಮತ್ತು ಸಂಪರ್ಕವನ್ನು ಲಿಂಕ್ ಮಾಡುತ್ತಿದ್ದೇವೆ."},{"$i":"error1","$v":[{"t":"idOrVar","v":"from"}," ಇಂದ ದೋಷ"]},{"$i":"error2","$v":"ನೀವು ಮರುಪ್ರಯತ್ನಿಸಲು ಬಯಸುವಿರಾ?"},{"$i":"errorProposal","$v":"ಪ್ರಸ್ತಾವನೆಗಳನ್ನು ಲೆಕ್ಕಾಚಾರ ಮಾಡಲಾಗುತ್ತಿದೆ"},{"$i":"errorFriends","$v":"ಸ್ನೇಹಿತರನ್ನು ಮರುಪಡೆಯಲಾಗುತ್ತಿದೆ"},{"$i":"errorLinking","$v":"ಸಂಪರ್ಕ ಲಿಂಕ್ ಆಗುತ್ತಿದೆ"},{"$i":"timeout1","$v":[{"t":"idOrVar","v":"from"}," ಅವಧಿ ಮೀರಿದೆ"]},{"$i":"timeout2","$v":"ನೀವು ಮರುಪ್ರಯತ್ನಿಸಲು ಬಯಸುವಿರಾ?"},{"$i":"timeoutProposal","$v":"ಪ್ರಸ್ತಾವನೆಗಳನ್ನು ಲೆಕ್ಕಾಚಾರ ಮಾಡಲಾಗುತ್ತಿದೆ"},{"$i":"timeoutFriends","$v":"ಸ್ನೇಹಿತರನ್ನು ಮರುಪಡೆಯಲಾಗುತ್ತಿದೆ"},{"$i":"timeoutLinking","$v":"ಸಂಪರ್ಕಗಳು ಲಿಂಕ್ ಆಗುತ್ತಿದೆ"},{"$i":"wait1","$v":"ದಯವಿಟ್ಟು ಹೋಲ್ಡ್ ಆನ್ ಮಾಡಿ"},{"$i":"wait2","$v":"ಇದು ಕೆಲವು ನಿಮಿಷಗಳನ್ನು ತೆಗೆದುಕೊಳ್ಳಬಹುದು"},{"$i":"waitProposal","$v":"ದಯವಿಟ್ಟು ಹೋಲ್ಡ್ ಆನ್ ಮಾಡಿ. ನಾವು ಪ್ರಸ್ತಾವನೆಯನ್ನು ಲೆಕ್ಕಾಚಾರ ಮಾಡುತ್ತಿದ್ದೇವೆ."},{"$i":"waitFriends","$v":"ದಯವಿಟ್ಟು ಹೋಲ್ಡ್ ಆನ್ ಮಾಡಿ. ನಿಮ್ಮ ಸ್ನೇಹಿತರ ಪಟ್ಟಿಯನ್ನು ಪಡೆಯಲು ನಾವು ಸಂಪರ್ಕಿಸುತ್ತಿದ್ದೇವೆ."},{"$i":"curtainRetry","$v":"ಮರುಪ್ರಯತ್ನಿಸಿ"},{"$i":"curtainOK","$v":"ಸರಿ"},{"$i":"connectionLost","$v":"ಯಾವುದೇ ಇಂಟರ್ನೆಟ್ ಸಂಪರ್ಕವಿಲ್ಲ"},{"$i":"connectionLostMsg","$v":"ಸ್ನೇಹಿತರ ಫೋಟೋಗಳನ್ನು ನಿಮ್ಮ ಸಂಪರ್ಕಗಳಿಗೆ ಸೇರಿಸಲಾಗುವುದಿಲ್ಲ. ಹೇಗಿದ್ದರೂ ಮುಂದುವರಿಸಿ?"},{"$i":"yesOption","$v":"ಸರಿ"},{"$i":"noOption","$v":"ರದ್ದು ಮಾಡಿ"},{"$i":"waitFriendslive","$v":"ಔಟ್‌ಲುಕ್‌ನಿಂದ ಸಂಪರ್ಕಗಳನ್ನು ಓದಲಾಗುತ್ತಿದೆ..."},{"$i":"waitFriendsgmail","$v":"ಜಿಮೇಲ್‌ನಿಂದ ಸಂಪರ್ಕಗಳನ್ನು ಓದಲಾಗುತ್ತಿದೆ..."},{"$i":"friendsUpdated","$v":{"zero":"ಯಾವುದೇ ಸ್ನೇಹಿತರನ್ನು ಅಪ್‌ಡೇಟ್ ಮಾಡಲಾಗಿಲ್ಲ","one":"ಒಬ್ಬ ಸ್ನೇಹಿತರನ್ನು ಅಪ್‌ಡೇಟ್ ಮಾಡಿ","two":[{"t":"idOrVar","v":"numFriends"}," ಸ್ನೇಹಿತರನ್ನು ಅಪ್‌ಡೇಟ್ ಮಾಡಲಾಗಿದೆ"],"few":[{"t":"idOrVar","v":"numFriends"}," ಸ್ನೇಹಿತರನ್ನು ಅಪ್‌ಡೇಟ್ ಮಾಡಲಾಗಿದೆ"],"many":[{"t":"idOrVar","v":"numFriends"}," ಸ್ನೇಹಿತರನ್ನು ಅಪ್‌ಡೇಟ್ ಮಾಡಲಾಗಿದೆ"],"other":[{"t":"idOrVar","v":"numFriends"}," ಸ್ನೇಹಿತರನ್ನು ಅಪ್‌ಡೇಟ್ ಮಾಡಲಾಗಿದೆ"]},"$x":[{"t":"idOrVar","v":"plural"},"numFriends"]},{"$i":"friendsMerged","$v":{"zero":"ಯಾವುದೇ ಡೂಪ್ಲಿಕೇಟ್ ಸ್ನೇಹಿತರನ್ನು ಮರ್ಜ್‌ ಮಾಡಿಲ್ಲ","one":"ಒಂದು ನಕಲು ಸ್ನೇಹಿತನನ್ನು ಮರ್ಜ್‌ ಮಾಡಲಾಗಿದೆ","two":[{"t":"idOrVar","v":"numDups"}," ಸ್ನೇಹಿತರನ್ನು ಮರ್ಜ್ ಮಾಡಲಾಗಿದೆ"],"few":[{"t":"idOrVar","v":"numDups"}," ಸ್ನೇಹಿತರನ್ನು ಮರ್ಜ್ ಮಾಡಲಾಗಿದೆ"],"many":[{"t":"idOrVar","v":"numDups"}," ಸ್ನೇಹಿತರನ್ನು ಮರ್ಜ್ ಮಾಡಲಾಗಿದೆ"],"other":[{"t":"idOrVar","v":"numDups"}," ಸ್ನೇಹಿತರನ್ನು ಮರ್ಜ್ ಮಾಡಲಾಗಿದೆ"]},"$x":[{"t":"idOrVar","v":"plural"},"numDups"]},{"$i":"notificationLogin","$v":"ನಿಮ್ಮ ಫೇಸ್‌ಬುಕ್ ಅವಧಿ ಅಮಾನ್ಯವಾಗಿದೆ. ದಯವಿಟ್ಟು ಸೈನ್ ಇನ್ ಮಾಡಿ."},{"$i":"syncError","$v":"ನಿಮ್ಮ ಸ್ನೇಹಿತರ ಡೇಟಾವನ್ನು ಸಿಂಕ್ರೊನೈಸಿಂಗ್ ಮಾಡುವಲ್ಲಿ ಸಮಸ್ಯೆಯಿತ್ತು"},{"$i":"progressFB3liveTitle","$v":"ಔಟ್‌ಲುಕ್‌ನಿಂದ ಸಂಪರ್ಕಗಳನ್ನು ಆಮದು ಮಾಡಲಾಗುತ್ತಿದೆ..."},{"$i":"progressFB3gmailTitle","$v":"ಜಿಮೇಲ್‌ನಿಂದ ಸಂಪರ್ಕಗಳನ್ನು ಆಮದು ಮಾಡಲಾಗುತ್ತಿದೆ..."},{"$i":"tcl-calllog-entry-removed-succ-notification","$v":"ಕಾಲ್ ಲಾಗ್ ಎಂಟ್ರಿ ತೆಗೆಯಲಾಗಿದೆ"},{"$i":"tcl-calllog-entry-removed-err-notification","$v":"ಕಾಲ್ ಲಾಗ್ ನಮೂದನ್ನು ತೆಗೆದುಹಾಕಲು ಸಾಧ್ಯವಿಲ್ಲ"},{"$i":"addNewNumber","$v":"ಹೊಸ ಸಂಖ್ಯೆಯನ್ನು ಸೇರಿಸಿ"},{"$i":"contactDetails","$v":"ಸಂಪರ್ಕ ವಿವರಗಳು"},{"$i":"addToExistingContact","$v":"ಅಸ್ತಿತ್ವದಲ್ಲಿರುವ ಸಂಪರ್ಕಕ್ಕೆ ಸೇರಿಸಿ"},{"$i":"all","$v":"ಎಲ್ಲಾ","ariaLabel":"ಎಲ್ಲಾ"},{"$i":"bluetoothOption","ariaLabel":"ಬ್ಲೂಟೂತ್‌‌"},{"$i":"callLog","$v":"ಕಾಲ್ ಲಾಗ್"},{"$i":"callLogEdit","title":"ಕಾಲ್ ಲಾಗ್ ಅನ್ನು ಸಂಪಾದಿಸಿ"},{"$i":"tcl-option-menu-call-log-edit","$v":"ಕಾಲ್ ಲಾಗ್ ಅನ್ನು ಸಂಪಾದಿಸಿ"},{"$i":"callLogEditDialog","ariaLabel":"ಕಾಲ್ ಲಾಗ್ ಡೈಲಾಗ್ ಸಂಪಾದಿಸಿ"},{"$i":"tcl-call-log-delete-group-notification","$v":[{"t":"idOrVar","v":"n"}," ನಮೂದುಗಳನ್ನು ಅಳಿಸಲಾಗಿದೆ"]},{"$i":"connecting","$v":"ಕನೆಕ್ಟ್ ಆಗುತ್ತಿದೆ"},{"$i":"connectingEllipsis","$v":"ಕನೆಕ್ಟ್ ಆಗುತ್ತಿದೆ"},{"$i":"call-forwarding-async","$v":["ಅಸಿಂಕ್ರೋನಸ್ ",{"t":"idOrVar","v":"async"}]},{"$i":"call-forwarding-data","$v":["ಡೇಟಾ: ",{"t":"idOrVar","v":"data"}]},{"$i":"call-forwarding-error","$v":"ಕಾಲ್ ಫಾರ್ವರ್ಡಿಂಗ್ ಸ್ಥಿತಿಯನ್ನು ಮರಳಿ ಪಡೆಯುವಾಗ ಒಂದು ದೋಷ ಉಂಟಾಗಿದೆ."},{"$i":"call-forwarding-fax","$v":["FAX: ",{"t":"idOrVar","v":"fax"}]},{"$i":"call-forwarding-inactive","$v":"ನಿಷ್ಕ್ರಿಯ"},{"$i":"call-forwarding-packet","$v":["ಪ್ಯಾಕೆಟ್: ",{"t":"idOrVar","v":"packet"}]},{"$i":"call-forwarding-pad","$v":["PAD: ",{"t":"idOrVar","v":"pad"}]},{"$i":"call-forwarding-sms","$v":["SMS: ",{"t":"idOrVar","v":"sms"}]},{"$i":"call-forwarding-status","$v":"ಕಾಲ್ ಫಾರ್ವರ್ಡಿಂಗ್ ಸ್ಥಿತಿ"},{"$i":"call-forwarding-sync","$v":["ಸಿಂಕ್ರೊನಸ್; ",{"t":"idOrVar","v":"sync"}]},{"$i":"call-forwarding-voice","$v":["ವಾಯ್ಸ್‌: ",{"t":"idOrVar","v":"voice"}]},{"$i":"confirm-deletion","$v":"ಆಯ್ದ ಕರೆಗಳನ್ನು ಕ್ಲಿಯರ್ ಮಾಡುವುದೇ?"},{"$i":"createNewContact","$v":"ಹೊಸ ಸಂಪರ್ಕವನ್ನು ರಚಿಸಿ"},{"$i":"calllog-deselectAll","$v":"ಎಲ್ಲ ಆಯ್ಕೆ ತೆಗೆಯಿರಿ"},{"$i":"dialerAddContact","ariaLabel":"ಸಂಪರ್ಕವನ್ನು ಸೇರಿಸಿ"},{"$i":"dialerAddContactDialog","ariaLabel":"ಸಂಪರ್ಕ ಡೈಲಾಗ್ ಸೇರಿಸಿ"},{"$i":"callInformation","$v":"ಕಾಲ್ ಮಾಹಿತಿ"},{"$i":"edit-selected","$v":{"one":["ಆಯ್ಕೆ ಮಾಡಲಾಗಿದೆ(",{"t":"idOrVar","v":"n"},")"],"two":["ಆಯ್ಕೆ ಮಾಡಲಾಗಿದೆ(",{"t":"idOrVar","v":"n"},")"],"few":["ಆಯ್ಕೆ ಮಾಡಲಾಗಿದೆ(",{"t":"idOrVar","v":"n"},")"],"many":["ಆಯ್ಕೆ ಮಾಡಲಾಗಿದೆ(",{"t":"idOrVar","v":"n"},")"],"other":["ಆಯ್ಕೆ ಮಾಡಲಾಗಿದೆ(",{"t":"idOrVar","v":"n"},")"]},"$x":[{"t":"idOrVar","v":"plural"},"n"]},{"$i":"tcl-edit-not-selected","$v":"ಆಯ್ಕೆ ಮಾಡಲಾಗಿದೆ (0)"},{"$i":"hideKeypad","ariaLabel":"ಕೀಪ್ಯಾಡ್ ಅಡಗಿಸಿ"},{"$i":"ignore","$v":"ಕರೆಯನ್ನು ನಿರ್ಲಕ್ಷಿಸಿ"},{"$i":"incoming","$v":"ಒಳಬರುವ"},{"$i":"keypad","ariaLabel":"ಕೀಪ್ಯಾಡ್"},{"$i":"info-missed","$v":"ಮಿಸ್ಡ್"},{"$i":"missed","$v":"ಮಿಸ್ಡ್","ariaLabel":"ಮಿಸ್ಡ್"},{"$i":"dialed","$v":"ಡಯಲ್ ಮಾಡಲಾಗಿದ"},{"$i":"received","$v":"ಸ್ವೀಕರಿಸಿದೆ"},{"$i":"canceled","$v":"ರದ್ದುಗೊಳಿಸಲಾಗಿದೆ"},{"$i":"missedCall","$v":"ಮಿಸ್ಡ್ ಕಾಲ್"},{"$i":"missedCallMultiSims","$v":["(ಸಿಮ್ ",{"t":"idOrVar","v":"n"},") ಮಿಸ್ಡ್ ಕಾಲ್"]},{"$i":"mmi-error","$v":"ಸಂದೇಶ ಕಳಿಸುವಾಗ ದೋಷ ಸಂಭವಿಸಿದೆ."},{"$i":"mmi-session-expired","$v":"ಅವಧಿ ಮೀರಿದೆ"},{"$i":"mmi-successfully-sent","$v":"ಸಂದೇಶವನ್ನು ಯಶಸ್ವಿಯಾಗಿ ಕಳುಹಿಸಲಾಗಿದೆ"},{"$i":"mmi-notification-title-with-sim","$v":["(",{"t":"idOrVar","v":"sim"},") ",{"t":"idOrVar","v":"title"}]},{"$i":"mute","ariaLabel":"ಮ್ಯೂಟ್ ಮಾಡಿ"},{"$i":"newCall","ariaLabel":"ಹೊಸ ಕಾಲ್"},{"$i":"no-logs-msg-1","$v":"ಯಾವುದೇ ಕರೆಗಳನ್ನು ರೆಕಾರ್ಡ್ ಮಾಡಲಾಗಿಲ್ಲ"},{"$i":"no-logs-msg-2","$v":"ಸಂವಹನ ನಡೆಸಲು ಈಗಲೇ ಆರಂಭಿಸಿ"},{"$i":"no-logs-msg-3","$v":"ಯಾವುದೇ ಕರೆಗಳನ್ನು ರೆಕಾರ್ಡ್ ಮಾಡಲಾಗಿಲ್ಲ"},{"$i":"no-logs-msg-4","$v":"ಸಂವಹನ ನಡೆಸಲು ಈಗಲೇ ಆರಂಭಿಸಿ"},{"$i":"onHoldOption","ariaLabel":"ತಡೆಹಿಡಿಯಲಾಗಿದೆ"},{"$i":"outgoing","$v":"ಔಟ್‌ಗೋಯಿಂಗ್"},{"$i":"recents","ariaLabel":"ಇತ್ತೀಚಿನ ಕರೆಗಳು"},{"$i":"reply","$v":"ಪ್ರತ್ಯುತ್ತರ ನೀಡು"},{"$i":"calllog-selectAll","$v":"ಎಲ್ಲ ಆಯ್ಕೆ ಮಾಡಿ"},{"$i":"send","$v":"ಕಳುಹಿಸಿ"},{"$i":"switch-calls","$v":"ಕರೆಗಳನ್ನು ಬದಲಿಸಿ"},{"$i":"withheld-number","$v":"ಅಪರಿಚಿತ"},{"$i":"from-contact","$v":["ಇಂದ ",{"t":"idOrVar","v":"contact"}]},{"$i":"from-number","$v":["ಇಂದ ",{"t":"idOrVar","v":"number"}]},{"$i":"from-withheld-number","$v":"ಅಜ್ಞಾತ ಸಂಖ್ಯೆಯಿಂದ"},{"$i":"sending","$v":"ಕಳುಹಿಸಲಾಗುತ್ತಿದೆ..."},{"$i":"speakerOption","ariaLabel":"ಸ್ಪೀಕರ್"},{"$i":"ussd-services","$v":[{"t":"idOrVar","v":"operator"}," ಸೇವೆಗಳು"]},{"$i":"toggleKeypad","ariaLabel":"ಕೀಪ್ಯಾಡ್ ಟಾಗಲ್ ಮಾಡಿ"},{"$i":"type-your-response","placeholder":"ನಿಮ್ಮ ಪ್ರತಿಕ್ರಿಯೆಗಳನ್ನು ಟೈಪ್ ಮಾಡಿ..."},{"$i":"clear-all-text","$v":"ಎಲ್ಲಾ ಪಠ್ಯವನ್ನು ಕ್ಲಿಯರ್ ಮಾಡಿ"},{"$i":"hide","$v":"ಮರೆಮಾಡು"},{"$i":"call","$v":"ಕಾಲ್ ಮಾಡಿ"},{"$i":"hold","ariaLabel":"ಹೋಲ್ಡ್"},{"$i":"resume","$v":"ಮುಂದುವರಿಸಿ","ariaLabel":"ಮುಂದುವರಿಸಿ"},{"$i":"sendSms","$v":"ಸಂದೇಶ ಕಳುಹಿಸಿ"},{"$i":"callEnded","$v":"ಕಾಲ್ ಮುಕ್ತಾಯಗೊಂಡಿದೆ"},{"$i":"via-sim","$v":["ಸಿಮ್ ",{"t":"idOrVar","v":"n"}," ಮೂಲಕ"]},{"$i":"sim-number","$v":["ಸಿಮ್",{"t":"idOrVar","v":"n"}]},{"$i":"unknown","$v":"ಅಪರಿಚಿತ"},{"$i":"hangup-a11y-button","ariaLabel":"ಡಿಸ್ಕನೆಕ್ಟ್ ಮಾಡಿ"},{"$i":"pickup-a11y-button","ariaLabel":"ಪಿಕ್ಅಪ್ ಮಾಡಿ"},{"$i":"unlock-a11y-button","ariaLabel":"ಸ್ಲೈಡರ್"},{"$i":"settings","$v":"ಸೆಟ್ಟಿಂಗ್ಸ್"},{"$i":"tcl-delete-log","$v":"ಕರೆ ಪಟ್ಟಿಯಿಂದ ಆಯ್ದ ನಮೂದುಗಳನ್ನು ಅಳಿಸಬೇಕೆನ್ನುವ ಬಗ್ಗೆ ನಿಮಗೆ ಖಾತ್ರಿ ಇದೆಯೇ?"},{"$i":"delete-n-log?","$v":{"zero":"ಯಾವುದನ್ನೂ ಆಯ್ಕೆ ಮಾಡಿಲ್ಲ","one":"ಆಯ್ಕೆಮಾಡಿದ ಲಾಗ್ ಅನ್ನು ಅಳಿಸುವುದೇ?","two":[{"t":"idOrVar","v":"n"}," ಲಾಗ್‌ಗಳನ್ನು ಅಳಿಸುವುದೇ?"],"few":[{"t":"idOrVar","v":"n"}," ಲಾಗ್‌ಗಳನ್ನು ಅಳಿಸುವುದೇ?"],"many":[{"t":"idOrVar","v":"n"}," ಲಾಗ್‌ಗಳನ್ನು ಅಳಿಸುವುದೇ?"],"other":[{"t":"idOrVar","v":"n"}," ಲಾಗ್‌ಗಳನ್ನು ಅಳಿಸುವುದೇ?"]},"$x":[{"t":"idOrVar","v":"plural"},"n"]},{"$i":"callDurationMinutes","$v":[{"t":"idOrVar","v":"m"},":",{"t":"idOrVar","v":"s"}]},{"$i":"callDurationHours","$v":[{"t":"idOrVar","v":"h"},":",{"t":"idOrVar","v":"m"},":",{"t":"idOrVar","v":"s"}]},{"$i":"callDurationTextFormatSeconds","$v":[{"t":"idOrVar","v":"s"}," ಸೆಕೆಂಡುಗಳು"]},{"$i":"callDurationTextFormatMinutes","$v":[{"t":"idOrVar","v":"m"}," ನಿಮಿಷಗಳು ",{"t":"idOrVar","v":"s"}," ಸೆಕೆಂಡುಗಳು"]},{"$i":"callDurationTextFormatHours","$v":[{"t":"idOrVar","v":"h"}," ಗಂಟೆಗಳು ",{"t":"idOrVar","v":"m"}," ನಿಮಿಷಗಳು ",{"t":"idOrVar","v":"s"}," ಸೆಕೆಂಡುಗಳು"]},{"$i":"suggestionMatches","$v":{"one":[{"t":"idOrVar","v":"n"}," \"",{"t":"idOrVar","v":"matchNumber"},"\" ಗೆ ಹೊಂದುತ್ತದೆ"],"two":[{"t":"idOrVar","v":"n"}," \"",{"t":"idOrVar","v":"matchNumber"},"\" ಗೆ ಹೊಂದುತ್ತವೆ"],"few":[{"t":"idOrVar","v":"n"}," \"",{"t":"idOrVar","v":"matchNumber"},"\" ಗೆ ಹೊಂದುತ್ತವೆ"],"many":[{"t":"idOrVar","v":"n"}," \"",{"t":"idOrVar","v":"matchNumber"},"\" ಗೆ ಹೊಂದುತ್ತವೆ"],"other":[{"t":"idOrVar","v":"n"}," \"",{"t":"idOrVar","v":"matchNumber"},"\" ಗೆ ಹೊಂದುತ್ತವೆ"]},"$x":[{"t":"idOrVar","v":"plural"},"n"]},{"$i":"scCallBarring","$v":"ಕಾಲ್ ಬಾರಿಂಗ್"},{"$i":"scCallForwarding","$v":"ಕಾಲ್ ಫಾರ್ವರ್ಡಿಂಗ್"},{"$i":"scClip","$v":"ಒಳಬರುವ ಕರೆಮಾಡುವವರ ID"},{"$i":"scClir","$v":"ಔಟ್‌ಗೋಯಿಂಗ್ ಕಾಲರ್ ID"},{"$i":"scPwd","$v":"ಪಾಸ್‌ವರ್ಡ್ ಬದಲಾವಣೆ"},{"$i":"scCallWaiting","$v":"ಕಾಲ್ ನಿರೀಕ್ಷೆಯಲ್ಲಿದೆ"},{"$i":"scPin","$v":"ಪಿನ್ ಬದಲಾವಣೆ"},{"$i":"scPin2","$v":"ಪಿನ್2 ಬದಲಾವಣೆ"},{"$i":"scPuk","$v":"ಪಿನ್ ಅನ್‌ಬ್ಲಾಕ್ ಮಾಡಿ"},{"$i":"scPuk2","$v":"ಪಿನ್‌2 ಅನ್‌ಬ್ಲಾಕ್ ಮಾಡಿ"},{"$i":"scImei","$v":"IMEI"},{"$i":"scMeid","$v":"MEID"},{"$i":"scUssd","$v":"USSD"},{"$i":"serviceClassVoice","$v":"ಧ್ವನಿ"},{"$i":"serviceClassData","$v":"ಡೇಟಾ"},{"$i":"serviceClassFax","$v":"FAX"},{"$i":"serviceClassSms","$v":"SMS"},{"$i":"serviceClassDataSync","$v":"ಸಿಂಕ್ ಮಾಡಿ"},{"$i":"serviceClassDataAsync","$v":"ಅಸಿಂಕ್"},{"$i":"serviceClassPacket","$v":"ಪ್ಯಾಕೆಟ್"},{"$i":"serviceClassPad","$v":"PAD"},{"$i":"smServiceEnabled","$v":"ಸರ್ವೀಸ್ ಸಕ್ರಿಯಗೊಂಡಿತ್ತು"},{"$i":"smServiceDisabled","$v":"ಸೇವೆ ನಿಷ್ಕ್ರಿಯಳಿಸಲಾಗುತ್ತಿದೆ"},{"$i":"smServiceRegistered","$v":"ನೋಂದಣಿ ಯಶಸ್ವಿಯಾಗಿದೆ"},{"$i":"smServiceErased","$v":"ಅಳಿಸುವಿಕೆ ಯಶಸ್ವಿಯಾಗಿದೆ"},{"$i":"smServiceInterrogated","$v":"ಮನವಿ ಯಶಸ್ವಿಯಾಗಿದೆ"},{"$i":"smServiceNotProvisioned","$v":"ಸೇವೆ ಒದಗಿಸಿಲ್ಲ"},{"$i":"smClirPermanent","$v":"ನೀವು ಕಾಲರ್ ID ಸೆಟ್ಟಿಂಗ್‌ ಅನ್ನು ಬದಲಿಸಲಾಗದು"},{"$i":"smClirDefaultOnNextCallOn","$v":"ಕಾಲರ್‌ ID ಡೀಫಾಲ್ಟ್‌ ಆಗಿ ನಿರ್ಬಂಧಿಸಲ್ಪಟ್ಟಿದೆ. ಮುಂದಿನ ಕರೆ: ನಿರ್ಬಂಧಿಸಲ್ಪಟ್ಟಿದೆ"},{"$i":"smClirDefaultOnNextCallOff","$v":"ಕಾಲರ್‌ ID ಡೀಫಾಲ್ಟ್‌ ಆಗಿ ನಿರ್ಬಂಧಿಸಲ್ಪಟ್ಟಿದೆ. ಮುಂದಿನ ಕರೆ: ನಿರ್ಬಂಧಿಸಿಲ್ಲ"},{"$i":"smClirDefaultOffNextCallOn","$v":"ಕಾಲರ್‌ ID ಡೀಫಾಲ್ಟ್‌ ಆಗಿ ನಿರ್ಬಂಧಿಸಲ್ಪಟ್ಟಿಲ್ಲ. ಮುಂದಿನ ಕರೆ: ನಿರ್ಬಂಧಿಸಲ್ಪಟ್ಟಿದೆ"},{"$i":"smClirDefaultOffNextCallOff","$v":"ಕಾಲರ್‌ ID ಡೀಫಾಲ್ಟ್‌ ಆಗಿ ನಿರ್ಬಂಧಿಸಲ್ಪಟ್ಟಿಲ್ಲ. ಮುಂದಿನ ಕರೆ: ನಿರ್ಬಂಧಿಸಿಲ್ಲ"},{"$i":"smServiceEnabledFor","$v":"ಸೇವೆಯನ್ನು ಇವುಗಳಿಗಾಗಿ ಸಕ್ರಿಯಗೊಳಿಸಲಾಗಿದೆ:"},{"$i":"smPinChanged","$v":"ಪಿನ್‌ ಯಶಸ್ವಿಯಾಗಿ ಬದಲಾಗಿದೆ"},{"$i":"smPinUnblocked","$v":"ಪಿನ್ ಯಶಸ್ವಿಯಾಗಿ ಅನ್‌ಬ್ಲಾಕ್ ಆಗಿದೆ"},{"$i":"smPin2Changed","$v":"ಪಿನ್‌2 ಬದಲಾವಣೆ ಯಶಸ್ವಿಯಾಗಿದೆ"},{"$i":"smPin2Unblocked","$v":"ಪಿನ್‌2 ಯಶಸ್ವಿಯಾಗಿ ಅನ್‌ಬ್ಲಾಕ್ ಆಗಿದೆ"},{"$i":"ServiceIsEnabled","$v":"ಸೇವೆ ಸಕ್ರಿಯಗೊಂಡಿದೆ"},{"$i":"ServiceIsDisabled","$v":"ಸೇವೆ ನಿಷ್ಕ್ರಿಯಗೊಂಡಿದೆ"},{"$i":"ServiceIsEnabledFor","$v":"ಸರ್ವೀಸ್ ಇದಕ್ಕಾಗಿ ಸಕ್ರಿಯಗೊಂಡಿದೆ:"},{"$i":"emMmiError","$v":"ಕನೆಕ್ಷನ್ ಸಮಸ್ಯೆ ಅಥವಾ ಅಮಾನ್ಯ MMI ಕೋಡ್"},{"$i":"emMmiErrorPasswordIncorrect","$v":"ತಪ್ಪಾದ ಪಾಸ್‌ವರ್ಡ್‌"},{"$i":"emMmiErrorNotSupported","$v":"ಅಮಾನ್ಯ ಅಥವಾ ಬೆಂಬಲಿಸಿರದ MMI ಕೋಡ್"},{"$i":"emMmiErrorInvalidAction","$v":"ಅಮಾನ್ಯ ಕ್ರಮ"},{"$i":"emMmiErrorInvalidScCode","$v":"ಅಮಾನ್ಯ ಸೇವಾ ಕೋಡ್"},{"$i":"emMmiErrorBadPuk","$v":"ನೀವು ಟೈಪ್ ಮಾಡಿದ PUK ತಪ್ಪಾಗಿದೆ"},{"$i":"emMmiErrorBadPin","$v":"ನೀವು ಟೈಪ್ ಮಾಡಿದ ಪಿನ್ ತಪ್ಪಾಗಿದೆ."},{"$i":"emMmiErrorNeedPuk2","$v":"ಸಿಮ್ ಕಾರ್ಡ್‌ ಅನ್‌ಬ್ಲಾಕ್ ಮಾಡಲು PUK2 ಟೈಪ್ ಮಾಡಿ"},{"$i":"emMmiErrorMismatchPin","$v":"ನೀವು ಟೈಪ್ ಮಾಡಿದ ಪಿನ್‌ಗಳು ಹೊಂದುತ್ತಿಲ್ಲ"},{"$i":"emMmiErrorInvalidPin","$v":"4 ರಿಂದ 8 ಸಂಖ್ಯೆಗಳ ಪಿನ್ ಟೈಪ್ ಮಾಡಿ"},{"$i":"emMmiErrorNeedsPuk","$v":"ನಿಮ್ಮ ಸಿಮ್ ಕಾರ್ಡ್‌ PUK-ಲಾಕ್ ಆಗಿದೆ"},{"$i":"emMmiErrorEnablePin","$v":"ಯಶಸ್ವಿಯಾಗಿಲ್ಲ. SIM/RUIM ಲಾಕ್ ಸಕ್ರಿಯಗೊಳಿಸಿ"},{"$i":"emMmiErrorMmiFdn","$v":"ಫಿಕ್ಸೆಡ್ ಡಯಲಿಂಗ್ ಸಂಖ್ಯೆಗಳಿಗೆ ಮಾತ್ರ ಕಾರ್ಯನಿರ್ವಹಣೆ ಸೀಮಿತವಾಗಿದೆ"},{"$i":"emMmiErrorStkCcUssdDial","$v":"USSD ವಿನಂತಿಯನ್ನು DIAL ವಿನಂತಿಗೆ ಮಾರ್ಪಡಿಸಲಾಗಿದೆ."},{"$i":"emMmiErrorStkCcUssdSs","$v":"USSD ವಿನಂತಿಯನ್ನು SS ವಿನಂತಿಗೆ ಮಾರ್ಪಡಿಸಲಾಗಿದೆ."},{"$i":"emMmiErrorStkCcUssdUssd","$v":"USSD ವಿನಂತಿಯನ್ನು ಹೊಸ USSD ವಿನಂತಿಗೆ ಮಾರ್ಪಡಿಸಲಾಗಿದೆ."},{"$i":"emMmiErrorStkCcSsDial","$v":"SS ಮನವಿಯನ್ನು ಡಯಲ್ ಮನವಿಗೆ ತಿದ್ದುಪಡಿ ಮಾಡಲಾಗಿದೆ"},{"$i":"emMmiErrorStkCcSsUssd","$v":"SS ವಿನಂತಿಯನ್ನು USSD ವಿನಂತಿಗೆ ಮಾರ್ಪಡಿಸಲಾಗಿದೆ."},{"$i":"emMmiErrorStkCcSsSs","$v":"SS ಮನವಿಯನ್ನು ಹೊಸ ಎಸ್‌ಎಸ್‌ ಮನವಿಗೆ ತಿದ್ದುಪಡಿ ಮಾಡಲಾಗಿದೆ"},{"$i":"emMmiErrorPinPukAttempts","$v":{"one":["ಕೇವಲ ",{"t":"idOrVar","v":"n"}," ಮರುಪ್ರಯತ್ನ ಬಾಕಿ ಇದೆ"],"two":[{"t":"idOrVar","v":"n"}," ಮರುಪ್ರಯತ್ನಗಳು ಬಾಕಿ ಇವೆ"],"few":[{"t":"idOrVar","v":"n"}," ಮರುಪ್ರಯತ್ನಗಳು ಬಾಕಿ ಇವೆ"],"many":[{"t":"idOrVar","v":"n"}," ಮರುಪ್ರಯತ್ನಗಳು ಬಾಕಿ ಇವೆ"],"other":[{"t":"idOrVar","v":"n"}," ಮರುಪ್ರಯತ್ನಗಳು ಬಾಕಿ ಇವೆ"]},"$x":[{"t":"idOrVar","v":"plural"},"n"]},{"$i":"emMmiErrorSimBlocked","$v":"ಮರುಪ್ರಯತ್ನಗಳ ಗರಿಷ್ಠ ಸಂಖ್ಯೆ ತಲುಪಿದೆ. ಸಿಮ್ ತಡೆಗಟ್ಟಲಾಗಿದೆ"},{"$i":"RadioNotAvailable","$v":"ರೇಡಿಯೋ ಲಭ್ಯವಿಲ್ಲ"},{"$i":"GenericFailure","$v":"ಸಾಮಾನ್ಯ ವೈಫಲ್ಯ."},{"$i":"PasswordIncorrect","$v":"ಪಾಸ್‌ಕೋಡ್‌ ತಪ್ಪಾಗಿದೆ"},{"$i":"SimPin2","$v":"ಸಿಮ್‌ ಪಿನ್‌2"},{"$i":"SimPuk2","$v":"ಸಿಮ್ PUK2"},{"$i":"RequestNotSupported","$v":"ಮನವಿ ಬೆಂಬಿಸಲಾಗಿಲ್ಲ"},{"$i":"OpNotAllowedDuringVoiceCall","$v":"ಧ್ವನಿ ಕರೆಯಲ್ಲಿ ಕಾರ್ಯನಿರ್ವಹಣೆ ಅನುಮೋದಿಸಲ್ಪಟ್ಟಿಲ್ಲ"},{"$i":"SmsSendFailRetry","$v":"SMS ಕಳುಹಿಸುವಿಕೆ ವಿಫಲವಾಗಿದೆ ಮರುಪ್ರಯತ್ನಿಸಿ"},{"$i":"SimAbsent","$v":"ಸಿಮ್ ಇಲ್ಲ"},{"$i":"SubscriptionNotAvailable","$v":"ಚಂದಾದಾರಿಕೆ ಲಭ್ಯವಿಲ್ಲ"},{"$i":"ModeNotSupported","$v":"ಮೋಡ್ ಬೆಂಬಲಿತವಾಗಿಲ್ಲ"},{"$i":"FdnCheckFailure","$v":"FDN ಪರೀಕ್ಷೆಯ ವೈಫಲ್ಯ"},{"$i":"IllegalSimOrMe","$v":"ಕಾನೂನುಬಾಹಿರ ಸಿಮ್ ಅಥವಾ ME"},{"$i":"DialModifiedToUssd","$v":"ಡಯಲ್ ಅನ್ನು USSD‌ಗೆ ಬದಲಿಸಲಾಗಿದೆ"},{"$i":"DialModifiedToSs","$v":"ಡಯಲ್ ಅನ್ನು SSಗೆ ಬದಲಿಸಲಾಗಿದೆ"},{"$i":"DialModifiedToDial","$v":"ಡಯಲ್ ಅನ್ನು ಡಯಲ್‌ಗೆ ಬದಲಿಸಲಾಗಿದೆ"},{"$i":"UssdModifiedToDial","$v":"USSD ಅನ್ನು DIALಗೆ ತಿದ್ದುಪಡಿ ಮಾಡಲಾಗಿದೆ"},{"$i":"UssdModifiedToSs","$v":"USSD ಅನ್ನು SS‌ಗೆ ತಿದ್ದುಪಡಿ ಮಾಡಲಾಗಿದೆ"},{"$i":"UssdModifiedToUssd","$v":"USSD ಅನ್ನು USSD‌ಗೆ ತಿದ್ದುಪಡಿ ಮಾಡಲಾಗಿದೆ"},{"$i":"SsModifiedToDial","$v":"SS ಅನ್ನು ಡಯಲ್‌ಗೆ ತಿದ್ದುಪಡಿ ಮಾಡಲಾಗಿದೆ"},{"$i":"SsModifiedToUssd","$v":"SS ಅನ್ನು USSD‌ಗೆ ತಿದ್ದುಪಡಿ ಮಾಡಲಾಗಿದೆ"},{"$i":"SsModifiedToSs","$v":"SS ಅನ್ನು SSಗೆ ತಿದ್ದುಪಡಿ ಮಾಡಲಾಗಿದೆ"},{"$i":"SubscriptionNotSupported","$v":"ಚಂದಾದಾರಿಕೆ ಬೆಂಬಲಿಸಲ್ಪಟ್ಟಿಲ್ಲ"},{"$i":"InvalidParameter","$v":"ಅಮಾನ್ಯ ಪ್ಯಾರಾಮೀಟರ್"},{"$i":"RejectedByRemote","$v":"ರಿಮೋಟ್‌ನಿಂದ ತಿರಸ್ಕರಿಸಲಾಗಿದೆ"},{"$i":"conferenceCall","$v":["ಕಾನ್‌ಫರೆನ್ಸ್ (",{"t":"idOrVar","v":"n"},")"]},{"$i":"caller-left-call","$v":[{"t":"idOrVar","v":"caller"}," ಕರೆಯನ್ನು ತೊರೆದಿದ್ದಾರೆ."]},{"$i":"conferenceAddError","$v":"ಕರೆಗಳನ್ನು ಜೋಡಿಸಲು ಅಸಾಧ್ಯ"},{"$i":"conferenceRemoveError","$v":"ಕರೆಗಳ ಜೋಡಿ ಪ್ರತ್ಯೇಕಿಸಲು ಅಸಾಧ್ಯ"},{"$i":"longDateFormat","$v":"%A, %b %e"},{"$i":"select-audio-sources","$v":"ಆಡಿಯೋ ಮೂಲಗಳನ್ನು ಆಯ್ಕೆ ಮಾಡಿ"},{"$i":"bluetooth-handsfree-device","$v":"ಬ್ಲೂಟೂತ್ ಹ್ಯಾಂಡ್ಸ್ ಫ್ರೀ ಡಿವೈಸ್"},{"$i":"receiver","$v":"ಸ್ವೀಕರಿಸುವವರು"},{"$i":"speaker","$v":"ಸ್ಪೀಕರ್"},{"$i":"tcl-cancel","$v":"ರದ್ದು ಮಾಡಿ"},{"$i":"tcl-dialer","$v":"ಡಯಲರ್"},{"$i":"tcl-confirmation","$v":"ದೃಢೀಕರಣ"},{"$i":"log-item","$v":"ಆಯ್ಕೆಗಳು"},{"$i":"tcl-assign-speed-dial","$v":{"$o":["ಸಂಪರ್ಕವನ್ನು ಬಟನ್‌ನಲ್ಲಿ ಸ್ಪೀಡ್ ಡಯಲ್ ಆಗಿ ಸೇರಿಸಲಾಗಿಲ್ಲ \"",{"t":"idOrVar","v":"speedDial"},"\".<br><br>ಇದೀಗ ನಿಯೋಜಿಸುವುದೇ?"]}},{"$i":"tcl-assign","$v":"ನಿಯೋಜಿಸಿ"},{"$i":"select","$v":"ಆಯ್ಕೆ ಮಾಡಿ"},{"$i":"view-all","$v":"ಎಲ್ಲವನ್ನೂ ವೀಕ್ಷಿಸಿ"},{"$i":"search-results","$v":"ಹುಡುಕಾಟ ಫಲಿತಾಂಶಗಳು"},{"$i":"no-recent-numbers","$v":"ಡಯಲ್ ಮಾಡಲು ಕಾಲ್ ಲಾಗ್‌ ನಲ್ಲಿ ಇತ್ತೀಚಿನ ಸಂಖ್ಯೆಗಳಿಲ್ಲ."},{"$i":"wifi-calling","$v":"WiFi ಕಾಲಿಂಗ್"},{"$i":"dialer-prompt","$v":"ಸಂಖ್ಯೆ ಡಯಲ್ ಮಾಡಿ ಅಥವಾ ಕರೆ ಮಾಡಲು ಸಂಪರ್ಕವನ್ನು ಆರಿಸಿ"},{"$i":"hours","$v":"ಗಂಟೆಗಳು"},{"$i":"minutes","$v":"ನಿಮಿಷಗಳು"},{"$i":"seconds","$v":"ಸೆಕೆಂಡುಗಳು"},{"$i":"voicemailNoNumberTitle","$v":"ವಾಯ್ಸ್‌ಮೇಲ್ ಸಂಖ್ಯೆ ಲಭ್ಯವಿಲ್ಲ"},{"$i":"voicemailNoNumberText","$v":"ವಾಯ್ಸ್‌ಮೇಲ್‌ಗೆ ಕರೆ ಮಾಡಲು ಅಸಾಧ್ಯ ಕರೆ ಮಾಡಲು ವಾಯ್ಸ್‌ಮೇಲ್ ಸಂಖ್ಯೆಯನ್ನು ಹೊಂದಿಸಿ."},{"$i":"voicemailNoNumberSettings","$v":"ಸೆಟ್ಟಿಂಗ್ಸ್"},{"$i":"voicemailNoNumberCancel","$v":"ರದ್ದು ಮಾಡಿ"},{"$i":"phoneNumberInput","ariaLabel":"ಫೋನ್ ಸಂಖ್ಯೆ"},{"$i":"keypadDelete","ariaLabel":"ಅಳಿಸಿ"},{"$i":"voiceMailKey","ariaLabel":"ಧ್ವನಿಮೇಲ್"},{"$i":"asterisk","ariaLabel":"ಆಸ್ಟ್ರಿಕ್ ಚಿಹ್ನೆ"},{"$i":"hashSign","ariaLabel":"ಹ್ಯಾಷ್ ಚಿನ್ಹೆ"},{"$i":"loadingSimContacts","$v":"ಸಿಮ್ ಕಾರ್ಡ್ ಸಂಪರ್ಕಗಳನ್ನು ಲೋಡ್ ಮಾಡಲಾಗುತ್ತಿದೆ...."},{"$i":"noContactsWereFound","$v":"ಯಾವುದೇ ಸಂಪರ್ಕಗಳು ಕಂಡುಬಂದಿಲ್ಲ"},{"$i":"noContactsFoundDialogOk","$v":"ಸರಿ"},{"$i":"emergencyNumber","$v":"ತುರ್ತು ಸಂಖ್ಯೆ"},{"$i":"callAirplaneModeMessage","$v":"ಕರೆ ಮಾಡಲು ನೀವು ಸೆಟ್ಟಿಂಗ್‌ಗಳಲ್ಲಿ ಏರ್‌ಪ್ಲೇನ್ ಮೋಡ್ ಅನ್ನು ನಿಷ್ಕ್ರಿಯಗೊಳಿಸಬೇಕು."},{"$i":"callAirplaneModeBtnOk","$v":"ಸರಿ"},{"$i":"callAirplaneModeTitle","$v":"ಏರ್‌‌ಪ್ಲೇನ್ ಮೋಡ್ ಸಕ್ರಿಯಗೊಳಿಸಲಾಗಿದೆ"},{"$i":"numberIsBusyTitle","$v":"ಸಂಖ್ಯೆ ಕಾರ್ಯನಿರತವಾಗಿದೆ"},{"$i":"numberIsBusyMessage","$v":"ಸಂಖ್ಯೆಯು ಪ್ರಸ್ತುತ ಕಾರ್ಯನಿರತವಾಗಿದೆ. ದಯವಿಟ್ಟು ಪುನಃ ಪ್ರಯತ್ನಿಸಿ."},{"$i":"fdnIsActiveTitle","$v":"FDN ಸಕ್ರಿಯವಾಗಿದೆ"},{"$i":"fdnIsActiveMessage","$v":["FDN (ಫಿಕ್ಸಡ್ ಡಯಲಿಂಗ್ ಸಂಖ್ಯೆಗಳು) ಸಕ್ರಿಯಗೊಳಿಸಲಾಗಿದೆ ಹಾಗೂ ಈ ಕೆಳಗಿನ ಸಂಖ್ಯೆ ನಿಮ್ಮ FDN ಪಟ್ಟಿಯಲ್ಲಿಲ್ಲ: ",{"t":"idOrVar","v":"number"}]},{"$i":"emergencyDialogBodyBadNumber","$v":"ಕರೆ ಮಾಡಲು, ಫೋನ್‌ ನೆಟ್‌ವರ್ಕ್‌ಗೆ ಸಂಪರ್ಕಗೊಂಡಿರಬೇಕು."},{"$i":"emergencyDialogBodyDeviceNotAccepted","$v":"ತುರ್ತು ಕರೆಗಳನ್ನು ನೆಟ್‌ವರ್ಕ್‌ ಅನುಮತಿಸಿಲ್ಲ."},{"$i":"emergencyDialogBtnOk","$v":"ಸರಿ"},{"$i":"emergencyDialogTitle","$v":"ಯಾವುದೇ ನೆಟ್‌ವರ್ಕ್ ಸಂಪರ್ಕವಿಲ್ಲ"},{"$i":"invalidNumberToDialTitle","$v":"ಅಮಾನ್ಯ ಫೋನ್ ಸಂಖ್ಯೆ"},{"$i":"invalidNumberToDialMessage","$v":"ನೀವು ಕರೆ ಮಾಡುತ್ತಿರುವ ಫೋನ್‌ ನಂಬರ್ ಮಾನ್ಯವಲ್ಲ."},{"$i":"unableToCallTitle","$v":"ಈಗ ಫೋನ್ ಕರೆ ಮಾಡಲು ಅಸಾಧ್ಯ"},{"$i":"unableToCallMessage","$v":"ಒಂದು ಕರೆಯನ್ನು ಮಾಡಲಾಗದು. ನೀವು ಈಗಾಗಲೇ ಡಯಲ್ ಮಾಡುತ್ತಿದ್ದಲ್ಲಿ, ದಯವಿಟ್ಟು ಮೊದಲು ಕರೆಯನ್ನು ಕೊನೆಗೊಳಿಸಿ."},{"$i":"otherConnectionInUseTitle","$v":"ಇತರ ಸಂಪರ್ಕಗಳು ಬಳಕೆಯಲ್ಲಿವೆ"},{"$i":"otherConnectionInUseMessage","$v":"ಇನ್ನೊಂದು ಸಂಪರ್ಕದಲ್ಲಿ ನೀವು ಸಕ್ರಿಯ ಕರೆ ಹೊಂದಿದ್ದೀರಿ. ಒಂದು ಬಾರಿ ನೀವು ಒಂದು ಸಂಪರ್ಕವನ್ನು ಮಾತ್ರ ಬಳಸಬಹುದು."},{"$i":"tcl-call-log","$v":"ಕಾಲ್ ಲಾಗ್"},{"$i":"tcl-contacts","$v":"ಸಂಪರ್ಕಗಳು"},{"$i":"tcl-call","$v":"ಕಾಲ್ ಮಾಡಿ"},{"$i":"tcl-add-contact","$v":"ಅಸ್ತಿತ್ವದಲ್ಲಿರುವ ಸಂಪರ್ಕಕ್ಕೆ ಸೇರಿಸಿ"},{"$i":"tcl-create-contact","$v":"ಹೊಸ ಸಂಪರ್ಕವನ್ನು ರಚಿಸಿ"},{"$i":"tcl-add-speed-dial","$v":"ಸ್ಪೀಡ್ ಡಯಲ್‌ಗೆ ಸೇರಿಸಿ"},{"$i":"sim-with-index-and-carrier","$v":["SIM ",{"t":"idOrVar","v":"index"}," - ",{"t":"idOrVar","v":"carrier"}]},{"$i":"sim-without-carrier","$v":["SIM ",{"t":"idOrVar","v":"index"}]}]