[{"$i":"confirmMsg","$v":[{"t":"idOrVar","v":"deviceId"}," क तुमचे संपर्क आनी कॉल इतिहास ऍक्सॅस करचो आसा, स्विकार करचो?"]},{"$i":"responseMsg","$v":[{"t":"idOrVar","v":"deviceId"}," खातीर की"]},{"$i":"confirmTitle","$v":"फोनपटी ऍक्सॅस विनंती"},{"$i":"responseTitle","$v":"ब्लूथूथ सत्र की गरजेची"},{"$i":"initialValue","$v":"सत्र की नोंद करची"},{"$i":"gaia-menu-cancel","$v":"रद्द करचें"},{"$i":"gaia-sim-picker-dial-via-with-number","$v":["हाचे वरवीं ",{"t":"idOrVar","v":"phoneNumber"}," डायल"]},{"$i":"gaia-sim-picker-select-sim","$v":"SIM वेंचात"},{"$i":"gaia-sim-picker-button","$v":["SIM",{"t":"idOrVar","v":"n"}]},{"$i":"gaia-sim-picker-button-default","$v":"(डिफॉल्ट)"},{"$i":"softkey-options","$v":"पर्याय"},{"$i":"details","countcall":"कॉल"},{"$i":"edit","$v":"संपादन"},{"$i":"cancel","$v":"रद्द करचें"},{"$i":"done","$v":"केलें"},{"$i":"ok","$v":"बरें आसा"},{"$i":"update","$v":"अपडेट करचें"},{"$i":"retry","$v":"परत यत्न करात"},{"$i":"view","$v":"दृश्य"},{"$i":"search","$v":"सोदप"},{"$i":"contacts","$v":"संपर्क"},{"$i":"addContact","$v":"संपर्क जोडात"},{"$i":"deleteContact","$v":"संपर्क काडून उडवचो"},{"$i":"selectContact","$v":"संपर्क वेंच्चो"},{"$i":"selectAll","$v":"सगळें वेंच्चें"},{"$i":"deselect","$v":"वेंचणी रद्द करची"},{"$i":"deselectAll","$v":"सगळ्याची वेंचणी रद्द करची"},{"$i":"editContact","$v":"संपर्क संपादन करात"},{"$i":"deleteConfirmMsg","$v":"संपर्क काडून उडवचो"},{"$i":"remove","$v":"काडात"},{"$i":"delete","$v":"पुसून उडयात"},{"$i":"comments","$v":"टिप्पण्यो"},{"$i":"no_contact_phones","$v":"ह्या संपर्कांत फोन नंबर ना"},{"$i":"no_contact_email","$v":"ह्या संपर्कांत ईमेल नामो ना"},{"$i":"no_contact_data","$v":"ह्या संपर्कांत फोन नंबर आनी ईमेल नामो ना"},{"$i":"removePhotoConfirm","$v":"संपर्काचें चित्र काडचें"},{"$i":"loadingContacts","$v":"संपर्क लोड जातात..."},{"$i":"noContactsActivity2","$v":"तुमच्या संपर्क सुचयेंत संपर्क नात"},{"$i":"noName","$v":"नवें नांव"},{"$i":"givenName","$v":"पयलें नांव"},{"$i":"familyName","$v":"निमाणें नांव"},{"$i":"tel","$v":"फोन"},{"$i":"carrier","$v":"वाहक","placeholder":"वाहक"},{"$i":"separator","$v":","},{"$i":"email","$v":"ईमेल"},{"$i":"streetAddress","$v":"रस्तो"},{"$i":"postalCode","$v":"झीप कोड"},{"$i":"locality","$v":"शार"},{"$i":"countryName","$v":"देश"},{"$i":"comment","$v":"टिप्पणी"},{"$i":"org","$v":"कंपनी"},{"$i":"date","$v":"तारीख","placeholder":"तारीख"},{"$i":"date-span-placeholder","$v":"तारीख"},{"$i":"birthday","$v":"वाढदिस"},{"$i":"dateFormat","$v":"%b %e"},{"$i":"dateOutput","$v":[{"t":"idOrVar","v":"dayMonthFormatted"}," ",{"t":"idOrVar","v":"year"}]},{"$i":"anniversary","$v":"वर्धापन दीस"},{"$i":"addPhoto","$v":"चित्र जोडचें"},{"$i":"addPhone","$v":"फोन जोडचो"},{"$i":"addEmail","$v":"ईमेल जोडचो"},{"$i":"addAddress","$v":"नामो जोडचो"},{"$i":"addDate","$v":"तारीख जोडची"},{"$i":"addComment","$v":"नोंद जोडची"},{"$i":"addFavorite","$v":"आवड म्हूण जोडचें"},{"$i":"removeFavorite","$v":"पसंती काडची"},{"$i":"addButton","ariaLabel":"जोड"},{"$i":"editButton","ariaLabel":"संपादन"},{"$i":"settingsButton","ariaLabel":"सेटिंग्स"},{"$i":"phoneDetail","ariaLabel":"फोन"},{"$i":"emailDetail","ariaLabel":"ईमेल"},{"$i":"addressDetail","ariaLabel":"पत्तो"},{"$i":"dateDetail","ariaLabel":"तारीख"},{"$i":"composeEmail","ariaLabel":"ईमेल"},{"$i":"makeCall","ariaLabel":"कॉल"},{"$i":"phones","ariaLabel":"फोन"},{"$i":"emails","ariaLabel":"ईमेली"},{"$i":"addresses","ariaLabel":"नामे"},{"$i":"dates","ariaLabel":"तारखो"},{"$i":"notes","ariaLabel":"टिप्पणां"},{"$i":"exit","$v":"भायर सरात"},{"$i":"expand","$v":"विस्तारावचें"},{"$i":"labelName","$v":"नांव"},{"$i":"labelLastName","$v":"निमाणें नांव"},{"$i":"labelPhoneNumber","$v":"फोन नंबर"},{"$i":"labelCarrier","$v":"वाहक"},{"$i":"labelEmail","$v":"ईमेल"},{"$i":"labelStreet","$v":"रस्तो"},{"$i":"labelZip","$v":"झीप कोड"},{"$i":"labelCity","$v":"शार"},{"$i":"labelCountry","$v":"देश"},{"$i":"labelComment","$v":"टिप्पणी"},{"$i":"legendTitleMain","$v":"मुखेल म्हायती"},{"$i":"legendPhones","$v":"फोन नंबर"},{"$i":"legendEmail","$v":"ईमेल नामो"},{"$i":"legendAddress","$v":"पत्तो"},{"$i":"search-contact","placeholder":"सोदप"},{"$i":"noResults","$v":"संपर्क मेळुंक नात"},{"$i":"transferContactsTitle","$v":"संपर्क स्थलांतर करचे"},{"$i":"importContactsTitle","$v":"संपर्क आयात करचे"},{"$i":"importContactsButton","$v":"संपर्क आयात करचे"},{"$i":"exportContactsTitle","$v":"संपर्क निर्यात करचे"},{"$i":"exportContactsButton","$v":"संपर्क निर्यात करचे"},{"$i":"exportContactsAction","$v":"निर्यात करचो"},{"$i":"simExport-title","$v":"SIM कडेन निर्यात करची"},{"$i":"memoryCardExport-title","$v":"मेमरी कार्डा कडेन निर्यात करची"},{"$i":"btExport-title","$v":"ब्लूथूथ कडेन निर्यात करची"},{"$i":"memoryCardUMSEnabled","$v":"मेमरी वापरूंक शकना कारण USB सांठवण सक्रीय केल्ली आसा"},{"$i":"exportErrorTitle","$v":"चुक निर्यात करची"},{"$i":"contactsExported2","$v":{"zero":"निर्यात करूंक संपर्क नात","one":[{"t":"idOrVar","v":"exported"},"/",{"t":"idOrVar","v":"total"}," संपर्क आयात केल्यात"],"two":[{"t":"idOrVar","v":"exported"},"/",{"t":"idOrVar","v":"total"}," संपर्क आयात केल्यात"],"few":[{"t":"idOrVar","v":"exported"},"/",{"t":"idOrVar","v":"total"}," संपर्क आयात केल्यात"],"many":[{"t":"idOrVar","v":"exported"},"/",{"t":"idOrVar","v":"total"}," संपर्क आयात केल्यात"],"other":[{"t":"idOrVar","v":"exported"},"/",{"t":"idOrVar","v":"total"}," संपर्क आयात केल्यात"]},"$x":[{"t":"idOrVar","v":"plural"},"exported"]},{"$i":"exportError-general","$v":"निर्यात करतना कांय चूक उप्रासली"},{"$i":"exportError-SD-shared","$v":"मेमरी कार्ड ऍक्सॅस करूंक शकना कारण ती वाटल्या"},{"$i":"exportError-SD-unavailable","$v":"मेमरी कार्ड उपलब्ध ना"},{"$i":"exportError-SD-noSpace","$v":"संपर्क निर्यात करूंक मेमरी कार्डाचेर फावोशी सुवात ना"},{"$i":"exportError-SIM-unavailable","$v":"SIM कार्ड उपलब्ध ना"},{"$i":"exportError-BT-shared","$v":"मेमरी कार्ड ऍक्सॅस करूंक शकना कारण ती वाटल्या"},{"$i":"exportError-BT-unavailable","$v":"मेमरी कार्ड उपलब्ध ना"},{"$i":"exportError-BT-noSpace","$v":"संपर्क निर्यात करूंक मेमरी कार्डाचेर फावोशी सुवात ना"},{"$i":"social-network","$v":"सोशल नॅटवर्क"},{"$i":"social-link","$v":"संपर्क लिंक करचो"},{"$i":"social-unlink","$v":"संपर्काचें लिंक काडचें"},{"$i":"social-unlink-confirm-title","$v":"तुमकां तुमचो इश्ट अनलिंक करचो आसा"},{"$i":"social-unlink-confirm-accept","$v":"लिंक काडचें"},{"$i":"facebook-import","$v":"फेसबुक इश्ट आयात करचे"},{"$i":"show-fb-profile","$v":"फेसबूक प्रोफायल पळोवची"},{"$i":"msg-send","$v":"संदेश"},{"$i":"wall-post","$v":"वॉल पोस्ट"},{"$i":"share-contact","$v":"संपर्क वांटचो"},{"$i":"facebook-export-forbidden","$v":"फेसबुक आडावणेंक लागून संपर्क वांटूक शकना"},{"$i":"otherAccount","$v":"हेर खातीं"},{"$i":"facebookSwitchMsg","$v":"इश्ट सिंक्रोनायझ करचे"},{"$i":"select_mobile","$v":"मोबायल वेंच्चो"},{"$i":"select_email","$v":"ईमेल वेंच्चो"},{"$i":"select_recipient","$v":"प्राप्तकर्ता वेंच्चो"},{"$i":"sort-by-first-name","$v":"पयल्या नांवां प्रमाणें वर्गीकरण करचें"},{"$i":"sort-by-last-name","$v":"निमाण्या नांवां प्रमाणें वर्गीकरण करचें"},{"$i":"importSim2","$v":"SIM कार्ड"},{"$i":"importGmail","$v":"Gmail"},{"$i":"bluetooth","$v":"Bluetooth"},{"$i":"importOutlook","$v":"आवटलूक"},{"$i":"fbUpdateFriends","$v":"आयात केल्ले इश्ट अपडेट करचे"},{"$i":"cleaningFbData","$v":"फेसबुक डेटा काडटा"},{"$i":"loggingOutFb","$v":"फेसबुकांतल्यान लॉग आवट करता"},{"$i":"cleanFbConfirmMsg","$v":"सगळो फेसबुक डेटा काडचो"},{"$i":"renewPwdMsg","$v":"तुमचो फेसबुकातलो पासवर्ड बदल्ला. उपकार करून, तो अपडेट करचो"},{"$i":"notEnabledYet","$v":"अजून सक्षम केल्लें ना"},{"$i":"genericNoConnection","$v":"संपर्क आयात करूंक वा संपर्क करूंक WiFi वा डेटा नॅटवर्क कडेन कनॅक्ट करचें"},{"$i":"bluetoothNoConnection","$v":"संपर्क निर्यात करूंक ब्लूथूथ डिव्हायस कनॅक्ट करचें."},{"$i":"simCard","$v":"SIM कार्ड"},{"$i":"memoryCard","$v":"मेमरी कार्ड"},{"$i":"simNumberNoMSISDN","$v":["SIM ",{"t":"idOrVar","v":"number"},":"]},{"$i":"simNumberWithMSISDN","$v":["SIM ",{"t":"idOrVar","v":"number"},": ",{"t":"idOrVar","v":"msisdn"}]},{"$i":"ICEContactsGroup","$v":"ICE संपर्क"},{"$i":"setICEButton","$v":"ICE संपर्क मांडचो"},{"$i":"ICESettingTitle","$v":"ICE संपर्क"},{"$i":"ICEDescription","$v":"\"आपात्काळात\" काल करूंक पाच संपर्क जोडचे"},{"$i":"ICEContact1","$v":"ICE संपर्क 1"},{"$i":"tcl-ice-contact-1-added","$v":"ICE संपर्क 1 जोडला"},{"$i":"ICESelectContact","$v":"एक संपर्क वेंच्चो"},{"$i":"ICEContact2","$v":"ICE संपर्क 2"},{"$i":"tcl-ice-contact-2-added","$v":"ICE संपर्क 2 जोडला"},{"$i":"ICERepeatedContact","$v":"हो संपर्क आदींच आशिल्लो ICE संपर्क आसा"},{"$i":"ICEUnknownError","$v":"ICE म्हूण संपर्क मांडटना चूक जाली"},{"$i":"ICEContactNoNumber","$v":"ह्या संपर्कांत फोन नंबर ना"},{"$i":"ICEFacebookContactNotAllowed","$v":"फेसबुक संपर्क ICE संपर्क म्हूण मांडूक शकना"},{"$i":"ICEContactDelTel","$v":"ICE संपर्कातल्यान वगळायिल्ले फोन नंबर काडल्यात"},{"$i":"ICEContactDelTelAll","$v":"सगळे नंबर वगळायल्यात. हो संपर्क ICE संपर्कांतल्यान काडला"},{"$i":"delete-ice-contact-warning","$v":"तुमकां ICE संपर्क काडचो आसा हाची तुमकां खात्री आसा"},{"$i":"add","$v":"जोड"},{"$i":"no-contacts","$v":"नवे संपर्क"},{"$i":"start-adding","$v":"संपर्क जोडूंक नवो संपर्क दामचो"},{"$i":"notImported","$v":"आयात करूंक ना"},{"$i":"imported","$v":"आयात केले"},{"$i":"today","$v":"आयज"},{"$i":"yesterday","$v":"काल"},{"$i":"messageCanceling","$v":"उपकार करून रावचें. आमी चालू कृती रद्द करतात"},{"$i":"organise-contacts","$v":"संपर्क संघटीत करचो"},{"$i":"find-merge-contacts","$v":"डुप्लिकेट संपर्क सोदचे"},{"$i":"preparing-contacts","$v":"संपर्कांची तयारी करता"},{"$i":"exportError-SIM-NoFreeRecordFound","$v":"SIM कार्ड पुराय भरलां"},{"$i":"exportError-SIM-CannotAccessPhoneBook","$v":"SIM कार्डाची फोन पटी ऍक्सॅस करूंक शकना"},{"$i":"exportError-SIM-Unavailable","$v":"SIM मेळ्ळें ना"},{"$i":"exportError-SIM-GenericError","$v":"संपर्क निर्यात करतना एक चूक उप्रासली"},{"$i":"noSimMsgExport","$v":"संपर्क निर्यात करूंक SIM कार्ड रिगोवचें वा अनलॉक करचें"},{"$i":"noMemoryCardMsgExport","$v":"संपर्क निर्यात करूंक मेमरी कार्ड रिगोवचें"},{"$i":"ContactManagementTitle","$v":"संपर्काचें वेवस्थापन"},{"$i":"DeleteTitle","$v":"पुसून उडयात"},{"$i":"bulkDeleteButton","$v":"संपर्क पुसून उडयात"},{"$i":"BulkDelCancel","$v":"संपर्क वगळावणी रद्द केली"},{"$i":"DeletedTxt","$v":{"zero":"वगळावंक संपर्क नात","one":"1 संपर्क काडलो","two":[{"t":"idOrVar","v":"n"}," संपर्क काडले"],"few":[{"t":"idOrVar","v":"n"}," संपर्क काडले"],"many":[{"t":"idOrVar","v":"n"}," संपर्क काडले"],"other":[{"t":"idOrVar","v":"n"}," संपर्क काडले"]},"$x":[{"t":"idOrVar","v":"plural"},"n"]},{"$i":"DeletingContacts","$v":"संपर्क वगळायता"},{"$i":"ContactConfirmDel","$v":{"zero":"वगळावंक संपर्क नात","one":"1 संपर्क वगळावचो? हो परत मेळोवंक जावचो ना.","two":[{"t":"idOrVar","v":"n"}," संपर्क वगळावचे? हें परत मेळोवंक जावचे नात."],"few":[{"t":"idOrVar","v":"n"}," संपर्क वगळावचे? हें परत मेळोवंक जावचे नात."],"many":[{"t":"idOrVar","v":"n"}," संपर्क वगळावचे? हें परत मेळोवंक जावचे नात."],"other":[{"t":"idOrVar","v":"n"}," संपर्क वगळावचे? हें परत मेळोवंक जावचे नात."]},"$x":[{"t":"idOrVar","v":"plural"},"n"]},{"$i":"SelectedTxt","$v":{"zero":[{"t":"idOrVar","v":"n"}," वेंचल्यात"],"one":[{"t":"idOrVar","v":"n"}," वेंचल्यात"],"two":[{"t":"idOrVar","v":"n"}," वेंचल्यात"],"few":[{"t":"idOrVar","v":"n"}," वेंचल्यात"],"many":[{"t":"idOrVar","v":"n"}," वेंचल्यात"],"other":[{"t":"idOrVar","v":"n"}," वेंचल्यात"]},"$x":[{"t":"idOrVar","v":"plural"},"n"]},{"$i":"video","$v":"व्हिडिओ"},{"$i":"audio","$v":"ओडिओ"},{"$i":"pick_destination","$v":[{"t":"idOrVar","v":"destination"}," ",{"t":"idOrVar","v":"carrier"}]},{"$i":"removeField","ariaLabel":"काडात"},{"$i":"undo","ariaLabel":"केल्लें ना करात"},{"$i":"send-sms-button","ariaLabel":"SMS"},{"$i":"ice_contacts","$v":"ICE संपर्क"},{"$i":"edit-picture","$v":"चित्र संपादन करचें"},{"$i":"remove-photo","$v":"फोटो काड"},{"$i":"change-photo","$v":"चित्र बदलचें"},{"$i":"photo-options","$v":"फोटो पर्याय"},{"$i":"tcl-all","$v":"सगले"},{"$i":"tcl-speed-dial","$v":"स्पीड डायल"},{"$i":"tcl-new-contact","$v":"नवो संपर्क"},{"$i":"tcl-settings","$v":"सेटिंग्स"},{"$i":"tcl-save","$v":"सांबाळ"},{"$i":"save","$v":"सांबाळ"},{"$i":"tcl-add","$v":"जोड"},{"$i":"tcl-contact-add-ringtone","$v":"रिंगटोन जोडचो"},{"$i":"tcl-custom-dialog-title-default","$v":"खात्री"},{"$i":"confirm-dialog-title-default","$v":"खात्री"},{"$i":"discard","$v":"काडून उडोवप"},{"$i":"custom-tag-title","$v":"कस्टम टॅग"},{"$i":"tcl-contact-added","$v":"संपर्क जोडला"},{"$i":"tcl-contact-updated","$v":"संपर्काचो तपशील अपडेट केला"},{"$i":"tcl-contact-removed","$v":"संपर्क वगळायलो"},{"$i":"tcl-contact-unremoved","$v":"काडूंक असमर्थ"},{"$i":"edit-phone-type","$v":"फोन प्रकार संपादन करचो"},{"$i":"edit-email-type","$v":"ईमेल प्रकार संपादन करचो"},{"$i":"edit-address-type","$v":"नाम्याचो प्रकार संपादन करचो"},{"$i":"edit-date-type","$v":"तारखेचो प्रकार संपादन करचो"},{"$i":"tcl-select-phone-type","$v":"फोनाचो प्रकार वेंच्चो"},{"$i":"tcl-select-email-type","$v":"ईमेल प्रकार वेंच्चो"},{"$i":"tcl-select-address-type","$v":"नाम्याचो प्रकार वेंच्चो"},{"$i":"tcl-select-date-type","$v":"तारीख प्रकार वेंच्चो"},{"$i":"add-phone","$v":"फोन नंबर जोडचो"},{"$i":"add-email","$v":"ईमेल जोडचो"},{"$i":"add-address","$v":"नामो जोडचो"},{"$i":"add-date","$v":"तारीख जोडची"},{"$i":"add-phone-type","$v":"फोनाचो प्रकार"},{"$i":"add-email-type","$v":"ईमेल प्रकार"},{"$i":"add-address-type","$v":"नाम्याचो प्रकार"},{"$i":"add-date-type","$v":"तारखेचो प्रकार"},{"$i":"delete-phone","$v":"फोन नंबर वगळावचो"},{"$i":"delete-email","$v":"ईमेल वगळावचो"},{"$i":"delete-address","$v":"नामो वगळावचो"},{"$i":"delete-date","$v":"तारीख वगळावची"},{"$i":"delete-note","$v":"नोंद वगळावची"},{"$i":"delete-comment-warning","$v":"तुमकां नोंद वगळावची आसा हाची तुमकां खात्री आसा"},{"$i":"tcl-deleting-messages-phone","$v":["तुमकां फोन वगळावचो आसा हाची तुमकां खात्री आसा: \"",{"t":"idOrVar","v":"type_name"},"\""]},{"$i":"tcl-deleting-messages-email","$v":["तुमकां ईमेल वगळावचो आसा हाची तुमकां खात्री आसा: \"",{"t":"idOrVar","v":"type_name"},"\""]},{"$i":"tcl-deleting-messages-address","$v":["तुमकां नामो वगळावचो आसा हाची तुमकां खात्री आसा: \"",{"t":"idOrVar","v":"type_name"},"\""]},{"$i":"tcl-deleting-messages-date","$v":"तुमकां तारीख वगळावची आसा हाची तुमकां खात्री आसा"},{"$i":"deleting-message-warning","$v":["तुमकां \"",{"t":"idOrVar","v":"type_name"},"\" वगळावचें आसा हाची तुमकां खात्री आसा"]},{"$i":"tcl-deleting-messages-comment","$v":"तुमकां टिप्पणी वगळावची आसा हाची तुमकां खात्री आसा"},{"$i":"delecting-messages-contact","$v":["तुमकां संपर्क \"",{"t":"idOrVar","v":"type_name"},"\" वगळावचो आसा हाची तुमकां खात्री आसा"]},{"$i":"delecting-this-contact","$v":"हो संपर्क वगळावचो"},{"$i":"deleting-messages-ringtone","$v":"तुमकां रिंगटोन वगळावचो आसा हाची तुमकां खात्री आसा"},{"$i":"deleting-messages-picture","$v":"तुमकां चित्र काडचें आसा हाची तुमकां खात्री आसा"},{"$i":"tcl-deleting-notification-ringtone","$v":"रिंगटोन वगळायलो"},{"$i":"tcl-deleting-notification-comment","$v":"टिप्पणी वगळायली"},{"$i":"note","$v":"टीप"},{"$i":"address","$v":"पत्तो"},{"$i":"tcl-noContacts","$v":"तुमची संपर्क सुची रिकामी आशिल्ल्यान संपर्काकडेन जोडूंक शकना"},{"$i":"tcl-noContacts-no-email","$v":"ईमेल वांगडा संपर्क नाशिल्ल्यान संपर्का कडेन जोडूंक शकना"},{"$i":"tcl-noContacts-no-tel","$v":"फोन नंबरा वांगडा संपर्क नाशिल्ल्यान संपर्का कडेन जोडूंक शकना"},{"$i":"tcl-noContactsTitle","$v":"नवे संपर्क"},{"$i":"tcl-change-voice-mail","$v":"वॉयस मेल नंबर बदलचो"},{"$i":"tcl-replace","$v":"बदल"},{"$i":"tcl-remove-speed-dial","$v":"स्पिड डायलांतल्यान काडचो"},{"$i":"tcl-notification-speed-dial-added","$v":"स्पीड डायल नंबर जोडला"},{"$i":"tcl-notification-speed-dial-removed","$v":"स्पीड डायल नंबर काडला"},{"$i":"tcl-notification-speed-dial-updated","$v":"स्पीड डायल नंबर अपडेट केला"},{"$i":"tcl-notification-voice-mail-updated","$v":"वॉय मेल नंबर अपडेट केला"},{"$i":"tcl-notification-contact-assigned","$v":"स्पिड डायलाक संपर्क दिला"},{"$i":"empty","$v":"रिकामी"},{"$i":"tcl-voice-mail","$v":"वॉयस मेल"},{"$i":"contact-confirm-save","$v":"संपर्काची म्हायती काडटले. तुमकां हो संपर्क सांबाळचो आसा?"},{"$i":"contact-confirm-form-save","$v":"बदल काडटले. तुमकां हो संपर्क सांबाळूंक मानवतलें"},{"$i":"tcl-yes","$v":"हय"},{"$i":"tcl-no","$v":"ना"},{"$i":"tcl-default-ringtone","$v":"मूलभूत रिंगटोन"},{"$i":"tcl-add-ringtone","$v":"रिंगटोन"},{"$i":"tcl-ringtone","$v":"रिंगटोन"},{"$i":"change-ringtone","$v":"रिंगटोन बदलचो"},{"$i":"delete-ringtone","$v":"रिंगटोन वगळावचो"},{"$i":"tcl-settings-title","$v":"संपर्काच्यो मांडावळी"},{"$i":"settings-sort-contacts-title","$v":"संपर्काचे वर्गीकरण करचें"},{"$i":"tcl-oder-notification","$v":"बदल सांबाळ्ळे"},{"$i":"changes-saved-notification","$v":"बदल सांबाळ्ळे."},{"$i":"tcl-imported-status","$v":[{"t":"idOrVar","v":"n"}," संपर्क आयात केले ",{"t":"idOrVar","v":"numDups"}," संपर्क विलीन केले"]},{"$i":"tcl-on","$v":"चालू"},{"$i":"tcl-off","$v":"कुशीक"},{"$i":"on","$v":"चालू"},{"$i":"off","$v":"कुशीक"},{"$i":"tcl-contact-empty-number","$v":"फोन नंबर रिकामो आसा"},{"$i":"contact-no-dial-number","$v":"डायल करूंक फोन नंबर नात"},{"$i":"tcl-select-number","$v":"नंबर वेंच्चो"},{"$i":"tcl-select-email","$v":"ईमेल वेंच्चो"},{"$i":"select-email","$v":"ईमेल वेंच्चो"},{"$i":"tcl-send-message","$v":"संदेश धाडचो"},{"$i":"send-email","$v":"ईमेल धाडचो"},{"$i":"tcl-share","$v":"वांटून घेयात"},{"$i":"tcl-find-duplicate","$v":"डुप्लिकेट संपर्क सोदचे"},{"$i":"tcl-add-favorite","$v":"आवड म्हूण जोडचें"},{"$i":"tcl-remove-favorite","$v":"नापसंत"},{"$i":"tcl-link-social-networks","$v":"सोशल नॅटवर्कां कडेन लिंक करचो"},{"$i":"tcl-delete","$v":"पुसून उडयात"},{"$i":"tcl-detail-send-sms","$v":"नवो SMS"},{"$i":"tcl-detail-call","$v":"कॉल"},{"$i":"tcl-detail-send-email","$v":"रचना"},{"$i":"sms","$v":"संदेश"},{"$i":"tcl-search-contact","$v":"सोदप"},{"$i":"tcl-number","$v":["नंबर ",{"t":"idOrVar","v":"number"}]},{"$i":"tcl-custom-dialog-replace-speed-dial","$v":["तुमकां ",{"t":"idOrVar","v":"newSpeedDial"}," वांगडा स्पिड डायल ",{"t":"idOrVar","v":"oldSpeedDial"}," बदलचें आसा हाची तुमकां खात्री आसा?"]},{"$i":"custom-dialog-remove-speed-dial","$v":["तुमकां स्पिड डायलांतल्यान ",{"t":"idOrVar","v":"name"}," काडचें आसा हाची तुमकां खात्री आसा?"]},{"$i":"tcl-options","$v":"पर्याय"},{"$i":"tcl-success-merged","$v":[{"t":"idOrVar","v":"number"}," संपर्क विलीन केल्यात"]},{"$i":"tcl-contact-confirm-merge","$v":["तुमकां ",{"t":"idOrVar","v":"name"}," वांगडा ",{"t":"idOrVar","v":"count"}," संपर्क विलीन करचे आसात हाची तुमकां खात्री आसा"]},{"$i":"tcl-merge","$v":"विलीन करचें"},{"$i":"add-speed-dial-failed-title","$v":"स्पीड डायल अपेशी जोडचें"},{"$i":"add-speed-dial-failed-content","$v":[{"t":"idOrVar","v":"name"}," आदींच स्पीड डायलांत आसा, उपकार करून वेगळो संपर्क वेंच्चो"]},{"$i":"merge","$v":"विलीन करचें"},{"$i":"tcl-attention","$v":"लक्ष दियात"},{"$i":"attention","$v":"लक्ष दियात"},{"$i":"tcl-speed-dial-add-contact","$v":{"$o":"संपर्क नात. <br><br>उपकार करून संपर्क निर्माण करचो"}},{"$i":"tcl-voice-mail-header","$v":"वॉयस मेल"},{"$i":"tcl-voice-mail-number","$v":"वॉयस मेल नंबर"},{"$i":"tcl-select-all","$v":"सगळें वेंच्चें"},{"$i":"tcl-deselect-all","$v":"सगळ्याची वेंचणी रद्द करची"},{"$i":"systemring","$v":"रिंगटोन"},{"$i":"moremusic","$v":"संगीत"},{"$i":"tcl-add-ringselect","$v":"हातूतल्यान वेंच्चें"},{"$i":"type-select","$v":"वेंच्चें"},{"$i":"dialnum-view","$v":"दृश्य"},{"$i":"select-a-contact-title","$v":"एक संपर्क वेंच्चो"},{"$i":"select-a-number-title","$v":"एक नंबर वेंच्चो"},{"$i":"invalid-vcf-file","$v":"अवैध व्हीसीएफ फील"},{"$i":"voiceMail","$v":"व्हॉयसमेल"},{"$i":"back","$v":"फाटीं"},{"$i":"noSimMsg","$v":"संपर्क आयात करूंक SIM कार्ड रिगोवचें वा अनलॉक करचें"},{"$i":"noMemoryCardMsg","$v":"संपर्क करूंक मेमरी कार्ड रिगोवचें"},{"$i":"importMemoryCard","$v":"मेमरी कार्ड"},{"$i":"noConnection11","$v":"फेसबूक इश्ट आयात करूंक वा संपर्क करूंक WiFi वा डेटा नॅटवर्क कडेन कनॅक्ट करचें"},{"$i":"emptyAccount","$v":"ह्या खात्यांत इश्ट वा संपर्क मेळ्ळे नात"},{"$i":"simContacts-import","$v":"SIM संपर्क आयात करचे"},{"$i":"simContacts-importing","$v":"SIM कार्डातल्यान संपर्क आयात करचे"},{"$i":"simContacts-reading","$v":"SIM कार्डातल्यान संपर्क वाचता..."},{"$i":"simContacts-error","$v":"SIM तल्यान संपर्क आयात करूंक शकले ना"},{"$i":"simContacts-imported3","$v":{"zero":"आयात करूंक SIM चेर संपर्क उपलब्ध नात","one":"एक संपर्क आयात केलो","two":[{"t":"idOrVar","v":"n"}," संपर्क आयात केले"],"few":[{"t":"idOrVar","v":"n"}," संपर्क आयात केले"],"many":[{"t":"idOrVar","v":"n"}," संपर्क आयात केले"],"other":[{"t":"idOrVar","v":"n"}," संपर्क आयात केले"]},"$x":[{"t":"idOrVar","v":"plural"},"n"]},{"$i":"memoryCardContacts-import","$v":"मेमरी कार्डातल्यान संपर्क आयात करचे"},{"$i":"memoryCardContacts-importing","$v":"मेमरी कार्डातल्यान संपर्क आयात करता..."},{"$i":"memoryCardContacts-reading","$v":"मेमरी कार्डातल्यान संपर्क वाचता..."},{"$i":"memoryCardContacts-error","$v":"मेमरी कार्डातल्यान संपर्क आयात करूंक शकले ना"},{"$i":"memoryCardContacts-imported3","$v":{"zero":"आयात करूंक मेमरी कार्डाचेर संपर्क मेळुंक ना","one":"एक संपर्क आयात केलो","two":[{"t":"idOrVar","v":"n"}," संपर्क आयात केले"],"few":[{"t":"idOrVar","v":"n"}," संपर्क आयात केले"],"many":[{"t":"idOrVar","v":"n"}," संपर्क आयात केले"],"other":[{"t":"idOrVar","v":"n"}," संपर्क आयात केले"]},"$x":[{"t":"idOrVar","v":"plural"},"n"]},{"$i":"genericProgress","$v":[{"t":"idOrVar","v":"current"},"/",{"t":"idOrVar","v":"total"}]},{"$i":"facebook","$v":"फेसबुक"},{"$i":"facebook-import-msg2","$v":[{"t":"idOrVar","v":"imported"},"/",{"t":"idOrVar","v":"total"}," इश्ट आयात केल्यात"]},{"$i":"contactsMerged","$v":{"zero":"डुप्लिकेट संपर्क विलीन केल्ले नात","one":"एक डुप्लिकेट केल्लो संपर्क विलीन केला","two":[{"t":"idOrVar","v":"numDups"}," संपर्क विलीन केल्यात"],"few":[{"t":"idOrVar","v":"numDups"}," संपर्क विलीन केल्यात"],"many":[{"t":"idOrVar","v":"numDups"}," संपर्क विलीन केल्यात"],"other":[{"t":"idOrVar","v":"numDups"}," संपर्क विलीन केल्यात"]},"$x":[{"t":"idOrVar","v":"plural"},"numDups"]},{"$i":"weekday-0-long","$v":"आयतार"},{"$i":"weekday-1-long","$v":"सोमार"},{"$i":"weekday-2-long","$v":"मंगळार"},{"$i":"weekday-3-long","$v":"बुधवार"},{"$i":"weekday-4-long","$v":"बिरेस्तार"},{"$i":"weekday-5-long","$v":"शुक्रार"},{"$i":"weekday-6-long","$v":"शेनवार"},{"$i":"weekday-0-short","$v":"सुर्य"},{"$i":"weekday-1-short","$v":"सोमार"},{"$i":"weekday-2-short","$v":"मं"},{"$i":"weekday-3-short","$v":"बुध"},{"$i":"weekday-4-short","$v":"बिरे"},{"$i":"weekday-5-short","$v":"शुक्र"},{"$i":"weekday-6-short","$v":"शे"},{"$i":"month-0-long","$v":"जानेवारी"},{"$i":"month-1-long","$v":"फेब्रुवारी"},{"$i":"month-2-long","$v":"मार्च"},{"$i":"month-3-long","$v":"एप्रिल"},{"$i":"month-4-long","$v":"माय"},{"$i":"month-5-long","$v":"जून"},{"$i":"month-6-long","$v":"जुलाय"},{"$i":"month-7-long","$v":"आगोस्त"},{"$i":"month-8-long","$v":"सप्टेंबर"},{"$i":"month-9-long","$v":"ऑक्टोबर"},{"$i":"month-10-long","$v":"नोव्हेंबर"},{"$i":"month-11-long","$v":"डिसेंबर"},{"$i":"month-0-genitive","$v":"जानेवारी"},{"$i":"month-1-genitive","$v":"फेब्रुवारी"},{"$i":"month-2-genitive","$v":"मार्च"},{"$i":"month-3-genitive","$v":"एप्रिल"},{"$i":"month-4-genitive","$v":"माय"},{"$i":"month-5-genitive","$v":"जून"},{"$i":"month-6-genitive","$v":"जुलाय"},{"$i":"month-7-genitive","$v":"आगोस्त"},{"$i":"month-8-genitive","$v":"सप्टेंबर"},{"$i":"month-9-genitive","$v":"ऑक्टोबर"},{"$i":"month-10-genitive","$v":"नोव्हेंबर"},{"$i":"month-11-genitive","$v":"डिसेंबर"},{"$i":"month-0-short","$v":"जान"},{"$i":"month-1-short","$v":"फेब्रु"},{"$i":"month-2-short","$v":"मार"},{"$i":"month-3-short","$v":"एप्री"},{"$i":"month-4-short","$v":"माय"},{"$i":"month-5-short","$v":"जू"},{"$i":"month-6-short","$v":"जुला"},{"$i":"month-7-short","$v":"आगो"},{"$i":"month-8-short","$v":"सप्ट"},{"$i":"month-9-short","$v":"ऑक्टो"},{"$i":"month-10-short","$v":"नो"},{"$i":"month-11-short","$v":"डिसें"},{"$i":"minutes-ago-long","$v":{"zero":"आतांच","one":"एक मिनीट आदीं","two":[{"t":"idOrVar","v":"value"}," मिन्टां आदीं"],"few":[{"t":"idOrVar","v":"value"}," मिन्टां आदीं"],"many":[{"t":"idOrVar","v":"value"}," मिन्टां आदीं"],"other":[{"t":"idOrVar","v":"value"}," मिन्टां आदीं"]},"$x":[{"t":"idOrVar","v":"plural"},"value"]},{"$i":"hours-ago-long","$v":{"zero":"आतांच","one":"एक वरा आदीं","two":[{"t":"idOrVar","v":"value"}," वरां आदीं"],"few":[{"t":"idOrVar","v":"value"}," वरां आदीं"],"many":[{"t":"idOrVar","v":"value"}," वरां आदीं"],"other":[{"t":"idOrVar","v":"value"}," वरां आदीं"]},"$x":[{"t":"idOrVar","v":"plural"},"value"]},{"$i":"days-ago-long","$v":{"zero":"आयज","one":"काल","two":[{"t":"idOrVar","v":"value"}," दीसां आदीं"],"few":[{"t":"idOrVar","v":"value"}," दीसां आदीं"],"many":[{"t":"idOrVar","v":"value"}," दीसां आदीं"],"other":[{"t":"idOrVar","v":"value"}," दीसां आदीं"]},"$x":[{"t":"idOrVar","v":"plural"},"value"]},{"$i":"weeks-ago-long","$v":{"zero":"हो सप्तक","one":"निमाणो सप्तक","two":[{"t":"idOrVar","v":"value"}," सप्तकां आदीं"],"few":[{"t":"idOrVar","v":"value"}," सप्तकां आदीं"],"many":[{"t":"idOrVar","v":"value"}," सप्तकां आदीं"],"other":[{"t":"idOrVar","v":"value"}," सप्तकां आदीं"]},"$x":[{"t":"idOrVar","v":"plural"},"value"]},{"$i":"months-ago-long","$v":{"zero":"हो म्हयनो","one":"निमाणो म्हयनो","two":[{"t":"idOrVar","v":"value"}," म्हयन्यां आदीं"],"few":[{"t":"idOrVar","v":"value"}," म्हयन्यां आदीं"],"many":[{"t":"idOrVar","v":"value"}," म्हयन्यां आदीं"],"other":[{"t":"idOrVar","v":"value"}," म्हयन्यां आदीं"]},"$x":[{"t":"idOrVar","v":"plural"},"value"]},{"$i":"years-ago-long","$v":{"zero":"हें वर्स","one":"निमाणें वर्स","two":[{"t":"idOrVar","v":"value"}," वर्सां आदीं"],"few":[{"t":"idOrVar","v":"value"}," वर्सां आदीं"],"many":[{"t":"idOrVar","v":"value"}," वर्सां आदीं"],"other":[{"t":"idOrVar","v":"value"}," वर्सां आदीं"]},"$x":[{"t":"idOrVar","v":"plural"},"value"]},{"$i":"minutes-until-long","$v":{"zero":"आतां","one":"एका मिन्टान","two":[{"t":"idOrVar","v":"value"}," मिन्टांनी"],"few":[{"t":"idOrVar","v":"value"}," मिन्टांनी"],"many":[{"t":"idOrVar","v":"value"}," मिन्टांनी"],"other":[{"t":"idOrVar","v":"value"}," मिन्टांनी"]},"$x":[{"t":"idOrVar","v":"plural"},"value"]},{"$i":"hours-until-long","$v":{"zero":"आतां","one":"एका वरान","two":[{"t":"idOrVar","v":"value"}," वरांनी"],"few":[{"t":"idOrVar","v":"value"}," वरांनी"],"many":[{"t":"idOrVar","v":"value"}," वरांनी"],"other":[{"t":"idOrVar","v":"value"}," वरांनी"]},"$x":[{"t":"idOrVar","v":"plural"},"value"]},{"$i":"days-until-long","$v":{"zero":"आयज","one":"फाल्यां","two":[{"t":"idOrVar","v":"value"}," दिसांनी"],"few":[{"t":"idOrVar","v":"value"}," दिसांनी"],"many":[{"t":"idOrVar","v":"value"}," दिसांनी"],"other":[{"t":"idOrVar","v":"value"}," दिसांनी"]},"$x":[{"t":"idOrVar","v":"plural"},"value"]},{"$i":"weeks-until-long","$v":{"zero":"हो सप्तक","one":"नवो सप्तक","two":[{"t":"idOrVar","v":"value"}," सप्तकांनी"],"few":[{"t":"idOrVar","v":"value"}," सप्तकांनी"],"many":[{"t":"idOrVar","v":"value"}," सप्तकांनी"],"other":[{"t":"idOrVar","v":"value"}," सप्तकांनी"]},"$x":[{"t":"idOrVar","v":"plural"},"value"]},{"$i":"months-until-long","$v":{"zero":"हो म्हयनो","one":"फुडलो म्हयनो","two":[{"t":"idOrVar","v":"value"}," म्हयन्यांनीं"],"few":[{"t":"idOrVar","v":"value"}," म्हयन्यांनीं"],"many":[{"t":"idOrVar","v":"value"}," म्हयन्यांनीं"],"other":[{"t":"idOrVar","v":"value"}," म्हयन्यांनीं"]},"$x":[{"t":"idOrVar","v":"plural"},"value"]},{"$i":"years-until-long","$v":{"zero":"हें वर्स","one":"नवें वर्स","two":[{"t":"idOrVar","v":"value"}," वर्सांनी"],"few":[{"t":"idOrVar","v":"value"}," वर्सांनी"],"many":[{"t":"idOrVar","v":"value"}," वर्सांनी"],"other":[{"t":"idOrVar","v":"value"}," वर्सांनी"]},"$x":[{"t":"idOrVar","v":"plural"},"value"]},{"$i":"minutes-ago-short","$v":{"zero":"आतांच","other":[{"t":"idOrVar","v":"value"},"म्ह आदीं"]},"$x":[{"t":"idOrVar","v":"plural"},"value"]},{"$i":"hours-ago-short","$v":{"zero":"आतांच","other":[{"t":"idOrVar","v":"value"}," व आदीं"]},"$x":[{"t":"idOrVar","v":"plural"},"value"]},{"$i":"days-ago-short","$v":{"zero":"आयज","other":[{"t":"idOrVar","v":"value"},"दी आदीं"]},"$x":[{"t":"idOrVar","v":"plural"},"value"]},{"$i":"minutes-until-short","$v":{"zero":"आतां","other":[{"t":"idOrVar","v":"value"}," मि"]},"$x":[{"t":"idOrVar","v":"plural"},"value"]},{"$i":"hours-until-short","$v":{"zero":"आतां","other":[{"t":"idOrVar","v":"value"}," वर"]},"$x":[{"t":"idOrVar","v":"plural"},"value"]},{"$i":"days-until-short","$v":{"zero":"आयज","other":[{"t":"idOrVar","v":"value"}," दी"]},"$x":[{"t":"idOrVar","v":"plural"},"value"]},{"$i":"incorrectDate","$v":"(चुकीची तारीख)"},{"$i":"dateTimeFormat_%c","$v":"%a %b %e %Y %I:%M:%S %p"},{"$i":"dateTimeFormat_%x","$v":"%m/%d/%Y"},{"$i":"dateTimeFormat_%X","$v":"%I:%M:%S %p"},{"$i":"shortTimeFormat","$v":"%I:%M %p"},{"$i":"shortTimeFormat12","$v":"%I:%M %p"},{"$i":"shortTimeFormat24","$v":"%H:%M"},{"$i":"shortDateTimeFormat","$v":"%x %I:%M %p"},{"$i":"weekStartsOnMonday","$v":"0"},{"$i":"firstDayOfTheWeek","$v":"0"},{"$i":"time_am","$v":"AM"},{"$i":"time_pm","$v":"PM"},{"$i":"label","$v":"लेबल"},{"$i":"mobile","$v":"मोबायल"},{"$i":"home","$v":"घर"},{"$i":"work","$v":"काम"},{"$i":"personal","$v":"वैयक्तीक"},{"$i":"faxHome","$v":"फॅक्स घर"},{"$i":"faxOffice","$v":"फॅक्स कचेरी"},{"$i":"faxOther","$v":"फॅक्स हेर"},{"$i":"another","$v":"दुसरें"},{"$i":"other","$v":"हेर"},{"$i":"tcl-customTag","$v":"कस्टम टॅग"},{"$i":"customTag","$v":"कस्टम टॅग","placeholder":"कस्टम टॅग"},{"$i":"current","$v":"चालंत"},{"$i":"itemWithLabel","$v":[{"t":"idOrVar","v":"label"},", ",{"t":"idOrVar","v":"item"}]},{"$i":"waitDuplicateContacts","$v":"डुप्लिकेट संपर्कां खातीर पळयता"},{"$i":"waitMergingDuplicateContacts","$v":"डुप्लिकेट संपर्क विलीन करता"},{"$i":"alertNoDuplicateContacts","$v":"डुप्लिकेट संपर्क मेळुंक नात"},{"$i":"curtainCancel","$v":"रद्द करचें"},{"$i":"close","$v":"बंद कर"},{"$i":"mergeDuplicateTitle","$v":"डुप्लिकेट मेळ्ळें"},{"$i":"suggestedDuplicatesMessage","innerHTML":{"$o":["<bdi>",{"t":"idOrVar","v":"name"},"</bdi> खातीर सुचयल्ले डुप्लिकेट संपर्क"]}},{"$i":"mergeActionButtonLabel","$v":{"zero":"संपर्क वेंचूंक नात","one":[{"t":"idOrVar","v":"n"}," संपर्का वांगडा विलीन करचें"],"two":[{"t":"idOrVar","v":"n"}," संपर्कां वांगडा विलीन करचें"],"few":[{"t":"idOrVar","v":"n"}," संपर्कां वांगडा विलीन करचें"],"many":[{"t":"idOrVar","v":"n"}," संपर्कां वांगडा विलीन करचें"],"other":[{"t":"idOrVar","v":"n"}," संपर्कां वांगडा विलीन करचें"]},"$x":[{"t":"idOrVar","v":"plural"},"n"]},{"$i":"duplicatesFoundTitle","$v":"डुप्लिकेट मेळ्ळें"},{"$i":"foundDuplicatesMessage","innerHTML":"मुखावयल्या संपर्कांनी डुप्लिकेट म्हायती मेळ्ळी ना. तुमकां विलीन करचें आसा?"},{"$i":"tcl-merge-selected-counts","$v":[{"t":"idOrVar","v":"n"}," वेंचलां"]},{"$i":"tcl-wait-duplicate-contacts","$v":"डुप्लिकेट संपर्क सोदचे"},{"$i":"tcl-wait-txt","$v":"डुप्लिकेट संपर्कां खातीर पळयता"},{"$i":"import","$v":"आयात"},{"$i":"fbFriends","$v":"फेसबुक इश्ट"},{"$i":"live-serviceName","$v":"आवटलूक"},{"$i":"gmail-serviceName","$v":"Gmail"},{"$i":"facebook-serviceName","$v":"फेसबुक इश्ट"},{"$i":"viewAll","$v":"व्हिडियो सगळे फेसबूक इश्ट"},{"$i":"viewRecommend","$v":"फकत शिफारस केल्लेंच पळोवचें"},{"$i":"linkProposal","$v":{"zero":"जुळपी इश्ट नात. सगळें दाखयता","one":"शिफारस केल्लें एक वेंच्चें","two":"शिफारस केल्लें एक वेंच्चें","few":"शिफारस केल्लें एक वेंच्चें","many":"शिफारस केल्लें एक वेंच्चें","other":"शिफारस केल्लें एक वेंच्चें"},"$x":[{"t":"idOrVar","v":"plural"},"numFriends"]},{"$i":"fbFriendsFound","$v":{"zero":"तुमचे सगळे इश्ट आयात केल्यात","one":"आयात करूंक एक इश्ट मेळ्ळो","two":["आयात करूंक ",{"t":"idOrVar","v":"numFriends"}," इश्ट मेळ्ळो"],"few":["आयात करूंक ",{"t":"idOrVar","v":"numFriends"}," इश्ट मेळ्ळो"],"many":["आयात करूंक ",{"t":"idOrVar","v":"numFriends"}," इश्ट मेळ्ळो"],"other":["आयात करूंक ",{"t":"idOrVar","v":"numFriends"}," इश्ट मेळ्ळो"]},"$x":[{"t":"idOrVar","v":"plural"},"numFriends"]},{"$i":"fbNoFriends","$v":"आयात करूंक संपर्क उपलब्ध नात"},{"$i":"done-search","$v":"केलें"},{"$i":"progressFB3ImportTitle","$v":"सपर्कांत इश्ट आयात करता"},{"$i":"progressFB","$v":[{"t":"idOrVar","v":"current"},"/",{"t":"idOrVar","v":"total"}]},{"$i":"progressFB3UpdateTitle","$v":"संपर्कातले इश्ट अपडेट करता"},{"$i":"message2","$v":"हाका खूप मिन्टां लागूंक शकतात"},{"$i":"messageLinking","$v":"उपकार करून रावचें. आमी तुमचो इश्ट आनी तुमचो संपर्क लिंक करतात"},{"$i":"error1","$v":[{"t":"idOrVar","v":"from"}," चूक"]},{"$i":"error2","$v":"तुमकां परत यत्न करचो आसा"},{"$i":"errorProposal","$v":"प्रस्ताव मेजता"},{"$i":"errorFriends","$v":"इश्ट परत मेळयता"},{"$i":"errorLinking","$v":"लिंकींग संपर्क"},{"$i":"timeout1","$v":[{"t":"idOrVar","v":"from"}," अतिरिक्त कालबाह्य"]},{"$i":"timeout2","$v":"तुमकां परत यत्न करचो आसा"},{"$i":"timeoutProposal","$v":"प्रस्ताव मेजता"},{"$i":"timeoutFriends","$v":"इश्ट परत मेळयता"},{"$i":"timeoutLinking","$v":"लिंकींग संपर्क"},{"$i":"wait1","$v":"उपकार करून रावचें"},{"$i":"wait2","$v":"हाका खूप मिन्टां लागूंक शकतात"},{"$i":"waitProposal","$v":"उपकार करून रावचें. आमी प्रस्ताव मेजतात"},{"$i":"waitFriends","$v":"उपकार करून रावचें. तुमची इश्ट सुची मेळोवंक आमी कनॅक्ट जातात"},{"$i":"curtainRetry","$v":"परत यत्न करात"},{"$i":"curtainOK","$v":"बरें आसा"},{"$i":"connectionLost","$v":"इंडरनेट जोडणी ना"},{"$i":"connectionLostMsg","$v":"इश्टांचे फोटो तुमच्या संपर्कांत जोडले वचचे नात. किदेंय जालें तरी फुडें वचचें"},{"$i":"yesOption","$v":"बरें आसा"},{"$i":"noOption","$v":"रद्द करचें"},{"$i":"waitFriendslive","$v":"Outlook तल्यान संपर्क वाचता"},{"$i":"waitFriendsgmail","$v":"Gmail तल्यान संपर्क वाचता"},{"$i":"friendsUpdated","$v":{"zero":"इश्ट अपडेट करूंक नात","one":"एक इश्ट अपडेट केला","two":["अपडेट केल्ले ",{"t":"idOrVar","v":"numFriends"}," इश्ट"],"few":["अपडेट केल्ले ",{"t":"idOrVar","v":"numFriends"}," इश्ट"],"many":["अपडेट केल्ले ",{"t":"idOrVar","v":"numFriends"}," इश्ट"],"other":["अपडेट केल्ले ",{"t":"idOrVar","v":"numFriends"}," इश्ट"]},"$x":[{"t":"idOrVar","v":"plural"},"numFriends"]},{"$i":"friendsMerged","$v":{"zero":"डुप्लिकेट इश्ट विलीन केल्ले नात","one":"एक डुप्लिकेट केल्लो इश्ट विलीन केला","two":[{"t":"idOrVar","v":"numDups"}," संपर्क विलीन केल्यात"],"few":[{"t":"idOrVar","v":"numDups"}," संपर्क विलीन केल्यात"],"many":[{"t":"idOrVar","v":"numDups"}," संपर्क विलीन केल्यात"],"other":[{"t":"idOrVar","v":"numDups"}," संपर्क विलीन केल्यात"]},"$x":[{"t":"idOrVar","v":"plural"},"numDups"]},{"$i":"notificationLogin","$v":"तुमचें फेसबुक सत्र अवैध आसा. उपकार करून सायन इन करचें"},{"$i":"syncError","$v":"तुमच्या इश्टाचो डेटा सिंक्रोनायझ करतना चूक जाली"},{"$i":"progressFB3liveTitle","$v":"Outlook तल्यान संपर्क आयात करता"},{"$i":"progressFB3gmailTitle","$v":"Gmail तल्यान संपर्क आयात करता"},{"$i":"tcl-calllog-entry-removed-succ-notification","$v":"कॉल लॉग प्रवेशीका काडली"},{"$i":"tcl-calllog-entry-removed-err-notification","$v":"कॉल लॉग प्रवेश काडूंक शकनात"},{"$i":"addNewNumber","$v":"नवो नंबर जोडचो"},{"$i":"contactDetails","$v":"संपर्क तपशील"},{"$i":"addToExistingContact","$v":"अस्तित्वातलो संपर्क जोडचो"},{"$i":"all","$v":"सगले","ariaLabel":"सगले"},{"$i":"bluetoothOption","ariaLabel":"Bluetooth"},{"$i":"callLog","$v":"कॉल लॉग"},{"$i":"callLogEdit","title":"कॉल लॉग्ज संपादन करचो"},{"$i":"tcl-option-menu-call-log-edit","$v":"कॉल लॉग्ज संपादन करचो"},{"$i":"callLogEditDialog","ariaLabel":"कॉल लॉग संवाद संपादन करचो"},{"$i":"tcl-call-log-delete-group-notification","$v":[{"t":"idOrVar","v":"n"}," प्रवेशीका वगळायली"]},{"$i":"connecting","$v":"कनॅक्ट करता"},{"$i":"connectingEllipsis","$v":"कनॅक्ट करता..."},{"$i":"call-forwarding-async","$v":["असायनक्रोनस: ",{"t":"idOrVar","v":"async"}]},{"$i":"call-forwarding-data","$v":["डेटा: ",{"t":"idOrVar","v":"data"}]},{"$i":"call-forwarding-error","$v":"कॉल फॉर्वर्डिंग स्थितीच्या पुनर्प्राप्ती वेळार चूक उप्रासली"},{"$i":"call-forwarding-fax","$v":["FAX: ",{"t":"idOrVar","v":"fax"}]},{"$i":"call-forwarding-inactive","$v":"निश्क्रीय"},{"$i":"call-forwarding-packet","$v":["पॅकेट: ",{"t":"idOrVar","v":"packet"}]},{"$i":"call-forwarding-pad","$v":["PAD: ",{"t":"idOrVar","v":"pad"}]},{"$i":"call-forwarding-sms","$v":["SMS: ",{"t":"idOrVar","v":"sms"}]},{"$i":"call-forwarding-status","$v":"कॉल फॉर्वर्डिंग स्थिती"},{"$i":"call-forwarding-sync","$v":["सिंक्रोनस: ",{"t":"idOrVar","v":"sync"}]},{"$i":"call-forwarding-voice","$v":["वॉयस: ",{"t":"idOrVar","v":"voice"}]},{"$i":"confirm-deletion","$v":"वेंचीक कॉलां पुसचीं?"},{"$i":"createNewContact","$v":"नवो संपर्क निर्माण करचो"},{"$i":"calllog-deselectAll","$v":"सगळ्याची वेंचणी रद्द करची"},{"$i":"dialerAddContact","ariaLabel":"संपर्क जोडात"},{"$i":"dialerAddContactDialog","ariaLabel":"संपर्काचो डायलॉग जोडचो"},{"$i":"callInformation","$v":"कॉलाची म्हायती"},{"$i":"edit-selected","$v":{"one":["वेंचला (",{"t":"idOrVar","v":"n"},")"],"two":["वेंचला (",{"t":"idOrVar","v":"n"},")"],"few":["वेंचला (",{"t":"idOrVar","v":"n"},")"],"many":["वेंचला (",{"t":"idOrVar","v":"n"},")"],"other":["वेंचला (",{"t":"idOrVar","v":"n"},")"]},"$x":[{"t":"idOrVar","v":"plural"},"n"]},{"$i":"tcl-edit-not-selected","$v":"वेंचिक (0)"},{"$i":"hideKeypad","ariaLabel":"किपॅड लिपोवचें"},{"$i":"ignore","$v":"कॉलाकडेन दुर्लक्ष करचें"},{"$i":"incoming","$v":"इनकमिंग"},{"$i":"keypad","ariaLabel":"किपॅड"},{"$i":"info-missed","$v":"चुकलो/लें/ली"},{"$i":"missed","$v":"चुकलो/लें/ली","ariaLabel":"चुकलो/लें/ली"},{"$i":"dialed","$v":"डायल केल्लें"},{"$i":"received","$v":"पावलां"},{"$i":"canceled","$v":"रद्द केल्लें"},{"$i":"missedCall","$v":"मिस कॉल"},{"$i":"missedCallMultiSims","$v":["(सिम ",{"t":"idOrVar","v":"n"},") मिस्ड कॉल"]},{"$i":"mmi-error","$v":"संदेश धाडटना एक चूक उप्रासली"},{"$i":"mmi-session-expired","$v":"सत्र सोंपलां"},{"$i":"mmi-successfully-sent","$v":"संदेश येसस्वीरितीन धाडलो"},{"$i":"mmi-notification-title-with-sim","$v":["(",{"t":"idOrVar","v":"sim"},") ",{"t":"idOrVar","v":"title"}]},{"$i":"mute","ariaLabel":"मोनो"},{"$i":"newCall","ariaLabel":"नवो कॉल"},{"$i":"no-logs-msg-1","$v":"कॉलां रिकॉर्ड केल्ले नात"},{"$i":"no-logs-msg-2","$v":"आतां दळणवळण सुरू करचें"},{"$i":"no-logs-msg-3","$v":"कॉलां रिकॉर्ड केल्ले नात"},{"$i":"no-logs-msg-4","$v":"आतां दळणवळण सुरू करचें"},{"$i":"onHoldOption","ariaLabel":"होल्डार आसा"},{"$i":"outgoing","$v":"आवटगोईंग"},{"$i":"recents","ariaLabel":"हालींचीं कॉलां"},{"$i":"reply","$v":"जाप दी"},{"$i":"calllog-selectAll","$v":"सगळें वेंच्चें"},{"$i":"send","$v":"धाड"},{"$i":"switch-calls","$v":"कॉलां कडेन वच्चें"},{"$i":"withheld-number","$v":"नकळ"},{"$i":"from-contact","$v":[{"t":"idOrVar","v":"contact"}," कडल्यान"]},{"$i":"from-number","$v":[{"t":"idOrVar","v":"number"}," कडल्यान"]},{"$i":"from-withheld-number","$v":"अज्ञात नंबरातल्यान"},{"$i":"sending","$v":"धाडटा..."},{"$i":"speakerOption","ariaLabel":"उलोवपी"},{"$i":"ussd-services","$v":[{"t":"idOrVar","v":"operator"}," सेवा"]},{"$i":"toggleKeypad","ariaLabel":"किपॅड टोगल करचें"},{"$i":"type-your-response","placeholder":"तुमचो प्रतिसाद टंक करचो..."},{"$i":"clear-all-text","$v":"सगळें लिखीत पुसचें"},{"$i":"hide","$v":"लिपय"},{"$i":"call","$v":"कॉल"},{"$i":"hold","ariaLabel":"राव"},{"$i":"resume","$v":"परत सुरू","ariaLabel":"परत सुरू"},{"$i":"sendSms","$v":"संदेश धाडचो"},{"$i":"callEnded","$v":"कॉल समाप्त केलो"},{"$i":"via-sim","$v":["SIM ",{"t":"idOrVar","v":"n"}," वरवीं"]},{"$i":"sim-number","$v":["SIM",{"t":"idOrVar","v":"n"}]},{"$i":"unknown","$v":"नकळ"},{"$i":"hangup-a11y-button","ariaLabel":"बंद कर"},{"$i":"pickup-a11y-button","ariaLabel":"घेवचें"},{"$i":"unlock-a11y-button","ariaLabel":"स्लायडर"},{"$i":"settings","$v":"सेटिंग्स"},{"$i":"tcl-delete-log","$v":"तुमकां कॉल लॉग कडल्यान वेंचीक प्रवेशीका वगळावच्यो आसात हाची तुमकां खात्री आसा?"},{"$i":"delete-n-log?","$v":{"zero":"कांयच वेंचूक ना","one":"वेंचीक लॉग वगळावचो?","two":[{"t":"idOrVar","v":"n"}," लॉगां वगळावचीं?"],"few":[{"t":"idOrVar","v":"n"}," लॉगां वगळावचीं?"],"many":[{"t":"idOrVar","v":"n"}," लॉगां वगळावचीं?"],"other":[{"t":"idOrVar","v":"n"}," लॉगां वगळावचीं?"]},"$x":[{"t":"idOrVar","v":"plural"},"n"]},{"$i":"callDurationMinutes","$v":[{"t":"idOrVar","v":"m"},":",{"t":"idOrVar","v":"s"}]},{"$i":"callDurationHours","$v":[{"t":"idOrVar","v":"h"},":",{"t":"idOrVar","v":"m"},":",{"t":"idOrVar","v":"s"}]},{"$i":"callDurationTextFormatSeconds","$v":[{"t":"idOrVar","v":"s"}," s"]},{"$i":"callDurationTextFormatMinutes","$v":[{"t":"idOrVar","v":"m"}," m ",{"t":"idOrVar","v":"s"}," s"]},{"$i":"callDurationTextFormatHours","$v":[{"t":"idOrVar","v":"h"}," h ",{"t":"idOrVar","v":"m"}," m ",{"t":"idOrVar","v":"s"}," s"]},{"$i":"suggestionMatches","$v":{"one":["\"",{"t":"idOrVar","v":"matchNumber"},"\" खातीर ",{"t":"idOrVar","v":"n"}," जुळण"],"two":["\"",{"t":"idOrVar","v":"matchNumber"},"\" खातीर ",{"t":"idOrVar","v":"n"}," जुळण"],"few":["\"",{"t":"idOrVar","v":"matchNumber"},"\" खातीर ",{"t":"idOrVar","v":"n"}," जुळण"],"many":["\"",{"t":"idOrVar","v":"matchNumber"},"\" खातीर ",{"t":"idOrVar","v":"n"}," जुळण"],"other":["\"",{"t":"idOrVar","v":"matchNumber"},"\" खातीर ",{"t":"idOrVar","v":"n"}," जुळण"]},"$x":[{"t":"idOrVar","v":"plural"},"n"]},{"$i":"scCallBarring","$v":"कॉल आडावणीं"},{"$i":"scCallForwarding","$v":"क़ॉल फॉर्वर्ड केलो"},{"$i":"scClip","$v":"इनकमिंग कॉलर ID"},{"$i":"scClir","$v":"आवटगोइंग कॉलर ID"},{"$i":"scPwd","$v":"पासवर्ड बदल"},{"$i":"scCallWaiting","$v":"कॉल रावला"},{"$i":"scPin","$v":"PIN बदल"},{"$i":"scPin2","$v":"PIN 2 बदल"},{"$i":"scPuk","$v":"PIN उगडचो"},{"$i":"scPuk2","$v":"PIN 2 उगडचो"},{"$i":"scImei","$v":"IMEI"},{"$i":"scMeid","$v":"MEID"},{"$i":"scUssd","$v":"USSD"},{"$i":"serviceClassVoice","$v":"आवाज"},{"$i":"serviceClassData","$v":"डेटा"},{"$i":"serviceClassFax","$v":"FAX"},{"$i":"serviceClassSms","$v":"SMS"},{"$i":"serviceClassDataSync","$v":"सिंक"},{"$i":"serviceClassDataAsync","$v":"एसिंक"},{"$i":"serviceClassPacket","$v":"पॅकेट"},{"$i":"serviceClassPad","$v":"PAD"},{"$i":"smServiceEnabled","$v":"सेवा सक्रीय केल्ली"},{"$i":"smServiceDisabled","$v":"सेवा निश्क्रीय जाल्या"},{"$i":"smServiceRegistered","$v":"नोंदणेक येस आयलें"},{"$i":"smServiceErased","$v":"वगळावणेक येस आयलें"},{"$i":"smServiceInterrogated","$v":"विनंती येसस्वी जाली"},{"$i":"smServiceNotProvisioned","$v":"सेवेची पुरवण करूंक ना"},{"$i":"smClirPermanent","$v":"तुमी कॉलर ID मांडावळ बदलूंक शकतात"},{"$i":"smClirDefaultOnNextCallOn","$v":"कॉलर ID सीमीत कडेनवचूक चुकता. उपरांतचो कॉलः सीमीत"},{"$i":"smClirDefaultOnNextCallOff","$v":"कॉलर ID सीमीत कडेनवचूक चुकता. उपरांतचो कॉलः सीमीत ना"},{"$i":"smClirDefaultOffNextCallOn","$v":"कॉलर ID सीमीत ना कडेन वता. उपरांतचो कॉलः सीमीत"},{"$i":"smClirDefaultOffNextCallOff","$v":"कॉलर ID सीमीत ना कडेन वता. उपरांतचो कॉलः सीमीत ना"},{"$i":"smServiceEnabledFor","$v":"सेवा सक्षम आशिल्ली खातीरः"},{"$i":"smPinChanged","$v":"PIN येसस्वीरितीन बदल्ला"},{"$i":"smPinUnblocked","$v":"PIN येसस्वीरितीन उगडला"},{"$i":"smPin2Changed","$v":"PIN 2 येसस्वीरितीन बदल्ला"},{"$i":"smPin2Unblocked","$v":"PIN 2 येसस्वीरितीन उगडला"},{"$i":"ServiceIsEnabled","$v":"सेवा सक्रीय केल्या"},{"$i":"ServiceIsDisabled","$v":"सेवा निश्क्रीय केल्या"},{"$i":"ServiceIsEnabledFor","$v":"सेवा हाचे खातीर सक्रीय केल्या:"},{"$i":"emMmiError","$v":"कनॅक्शनाची समस्या वा अवैध MMI कोड"},{"$i":"emMmiErrorPasswordIncorrect","$v":"पासवर्ड चुकीचो आसा"},{"$i":"emMmiErrorNotSupported","$v":"अवैध वा तेंको नाशिल्लो MMI कोड"},{"$i":"emMmiErrorInvalidAction","$v":"अवैध कृती"},{"$i":"emMmiErrorInvalidScCode","$v":"अवैध सेवा कोड"},{"$i":"emMmiErrorBadPuk","$v":"तुमी टंक केल्लो  PUK चुकीचो आसा"},{"$i":"emMmiErrorBadPin","$v":"तुमी टंक केल्लो पोरणो PIN चुकीचो आसा"},{"$i":"emMmiErrorNeedPuk2","$v":"SIM कार्ड उकतें करूंक  PUK2 टंक करचो"},{"$i":"emMmiErrorMismatchPin","$v":"तुमी टंक केल्ले PIN जुळनात"},{"$i":"emMmiErrorInvalidPin","$v":"4 ते 8 नंबर आशिल्लो PIN टंक करचो"},{"$i":"emMmiErrorNeedsPuk","$v":"तुमचें SIM कार्ड  PUK लॉक केल्लें आसा"},{"$i":"emMmiErrorEnablePin","$v":"अयेसस्वी. SIM/RUIM लॉक सक्षम करचें"},{"$i":"emMmiErrorMmiFdn","$v":"कांय निश्चीत डायलींग नंबरां कडेनूच कृती मर्यादीत आसा"},{"$i":"emMmiErrorStkCcUssdDial","$v":"USSD विनंती बदलून DIAL विनंती केला."},{"$i":"emMmiErrorStkCcUssdSs","$v":"USSD विनंती बदलून SS विनंती केला."},{"$i":"emMmiErrorStkCcUssdUssd","$v":"USSD विनंती बदलून नवी USSD विनंती केल्या."},{"$i":"emMmiErrorStkCcSsDial","$v":"एसएस विनंती डायल विनंतीत बदल्ल्या"},{"$i":"emMmiErrorStkCcSsUssd","$v":"SS विनंती बदलून USSD विनंती केला."},{"$i":"emMmiErrorStkCcSsSs","$v":"एसएस विनंती नव्या एसएस विनंतीत बदल्ल्या"},{"$i":"emMmiErrorPinPukAttempts","$v":{"one":["फकत ",{"t":"idOrVar","v":"n"}," परत यत्न उरला"],"two":[{"t":"idOrVar","v":"n"}," परत यत्न उरल्यात"],"few":[{"t":"idOrVar","v":"n"}," परत यत्न उरल्यात"],"many":[{"t":"idOrVar","v":"n"}," परत यत्न उरल्यात"],"other":[{"t":"idOrVar","v":"n"}," परत यत्न उरल्यात"]},"$x":[{"t":"idOrVar","v":"plural"},"n"]},{"$i":"emMmiErrorSimBlocked","$v":"परत यत्न करपाच्या कमाल संख्ये कडेन पावल्यात. SIM आडायलां"},{"$i":"RadioNotAvailable","$v":"रेडियो उपलब्ध ना"},{"$i":"GenericFailure","$v":"जेनेरीक अपेस"},{"$i":"PasswordIncorrect","$v":"पासवर्ड चुकीचो आसा"},{"$i":"SimPin2","$v":"SIM PIN2"},{"$i":"SimPuk2","$v":"SIM  PUK2"},{"$i":"RequestNotSupported","$v":"विनंतीक तेंको ना"},{"$i":"OpNotAllowedDuringVoiceCall","$v":"वॉयस कॉला वेळार कृतीक मान्यताय ना"},{"$i":"SmsSendFailRetry","$v":"SMS धाडप अपेस परत यत्न"},{"$i":"SimAbsent","$v":"SIM गैरहजर"},{"$i":"SubscriptionNotAvailable","$v":"वर्गणी उपलब्ध ना"},{"$i":"ModeNotSupported","$v":"मोडाक तेंको ना"},{"$i":"FdnCheckFailure","$v":"FDN तपासणी अपेस"},{"$i":"IllegalSimOrMe","$v":"अवैध SIM वा ME"},{"$i":"DialModifiedToUssd","$v":"USSD कडेन डायल बदल्लां"},{"$i":"DialModifiedToSs","$v":"एसएस कडेन डायल बदल्लां"},{"$i":"DialModifiedToDial","$v":"डायल कडेन डायल बदल्लां"},{"$i":"UssdModifiedToDial","$v":"USSD डायलांत बदल्ला"},{"$i":"UssdModifiedToSs","$v":"SS बदल्ला USSD हातूंत"},{"$i":"UssdModifiedToUssd","$v":"USSD बदल्ला USSD हातूंत"},{"$i":"SsModifiedToDial","$v":"एसएस डायलांत बदल्ला"},{"$i":"SsModifiedToUssd","$v":"SS बदल्ला USSD हातूंत"},{"$i":"SsModifiedToSs","$v":"एसएस बदल्ला एस एस हातूंत"},{"$i":"SubscriptionNotSupported","$v":"वर्गणेक तेंको ना"},{"$i":"InvalidParameter","$v":"अवैध परामिटर"},{"$i":"RejectedByRemote","$v":"पयसुल्ल्यान न्हयकारलें"},{"$i":"conferenceCall","$v":["परिशद (",{"t":"idOrVar","v":"n"},")"]},{"$i":"caller-left-call","$v":[{"t":"idOrVar","v":"caller"}," न कॉल दवरलो."]},{"$i":"conferenceAddError","$v":"कॉल विलीन करूंक असमर्थ"},{"$i":"conferenceRemoveError","$v":"विलीन केल्ले कॉल काडूंक असमर्थ"},{"$i":"longDateFormat","$v":"%A, %b %e"},{"$i":"select-audio-sources","$v":"ऑडियो स्त्रोत वेंच्चो"},{"$i":"bluetooth-handsfree-device","$v":"ब्लूथूथ हँड्सफ्री डिव्हायस"},{"$i":"receiver","$v":"मेळोवपी"},{"$i":"speaker","$v":"उलोवपी"},{"$i":"tcl-cancel","$v":"रद्द करचें"},{"$i":"tcl-dialer","$v":"डायलर"},{"$i":"tcl-confirmation","$v":"खात्री"},{"$i":"log-item","$v":"पर्याय"},{"$i":"tcl-assign-speed-dial","$v":{"$o":["बटन \"",{"t":"idOrVar","v":"speedDial"},"\" चेर स्पिड डायल खातीर संपर्क जोडूंक नाशिल्लो.br><br>आतां नेमून दिवचें?"]}},{"$i":"tcl-assign","$v":"नेमणूक"},{"$i":"select","$v":"वेंच्चें"},{"$i":"view-all","$v":"सगळें पळोवचें"},{"$i":"search-results","$v":"सोद निकाल"},{"$i":"no-recent-numbers","$v":"डायल करूंक कॉल लॉग्सांत हालींचे एक्कूय नंबर नात."},{"$i":"wifi-calling","$v":"WiFi कॉलिंग"},{"$i":"dialer-prompt","$v":"नंबर डायल करचो वा कॉलाक जोडूंक संपर्क वेंच्चो"},{"$i":"hours","$v":"वरां"},{"$i":"minutes","$v":"मिन्टां"},{"$i":"seconds","$v":"सेकंद"},{"$i":"voicemailNoNumberTitle","$v":"वॉयसमेल नंबर अनुपलब्ध"},{"$i":"voicemailNoNumberText","$v":"वॉयसमेलाक कॉल करूंक असमर्थ. कॉल करूंक वॉयसमेल नंबर स्थापन करचो."},{"$i":"voicemailNoNumberSettings","$v":"सेटिंग्स"},{"$i":"voicemailNoNumberCancel","$v":"रद्द करचें"},{"$i":"phoneNumberInput","ariaLabel":"फोन नंबर"},{"$i":"keypadDelete","ariaLabel":"पुसून उडयात"},{"$i":"voiceMailKey","ariaLabel":"व्हॉयसमेल"},{"$i":"asterisk","ariaLabel":"फुली"},{"$i":"hashSign","ariaLabel":"हॅश चिन्न"},{"$i":"loadingSimContacts","$v":"SIM कार्ड संपर्क लोड जातात..."},{"$i":"noContactsWereFound","$v":"संपर्क मेळ्ळे ना"},{"$i":"noContactsFoundDialogOk","$v":"बरें आसा"},{"$i":"emergencyNumber","$v":"आपतकाल नंबर"},{"$i":"callAirplaneModeMessage","$v":"कॉल करूंक तुमी मांडावळीत विमान मोड निश्क्रीय करूंक जाय"},{"$i":"callAirplaneModeBtnOk","$v":"बरें आसा"},{"$i":"callAirplaneModeTitle","$v":"विमान मोड क्रियाशील केला"},{"$i":"numberIsBusyTitle","$v":"नंबर व्यस्त आसा"},{"$i":"numberIsBusyMessage","$v":"नंबर सद्या व्यस्त आसा. उपकार करून मागीर परत यत्न करचो."},{"$i":"fdnIsActiveTitle","$v":"FDN क्रियाशील"},{"$i":"fdnIsActiveMessage","$v":["FDN (स्थिर डायलींग नंबर) क्रियाशील केल्लो आसा आनी मुखावयलो नंबर FDN सुचयेंत ना: ",{"t":"idOrVar","v":"number"}]},{"$i":"emergencyDialogBodyBadNumber","$v":"कॉल करूंक, फोन नॅटवर्क कडेन कनॅक्ट करूंक जाय"},{"$i":"emergencyDialogBodyDeviceNotAccepted","$v":"नॅटवर्क ववीं आपात्काळ कॉलांक मान्यताय आसची ना."},{"$i":"emergencyDialogBtnOk","$v":"बरें आसा"},{"$i":"emergencyDialogTitle","$v":"नॅटवर्क जोडणी ना"},{"$i":"invalidNumberToDialTitle","$v":"अवैध फोन नंबर"},{"$i":"invalidNumberToDialMessage","$v":"तुमी कॉल करतात तो फोन नंबर वैध ना"},{"$i":"unableToCallTitle","$v":"आतां फोन कॉल करूंक असमर्थ"},{"$i":"unableToCallMessage","$v":"कॉल करूंक शकना. तुमी आदींच डायल करतात जाल्यार, उपकार करून पयलीं हँग अप करचें."},{"$i":"otherConnectionInUseTitle","$v":"वापरांत हेर कनॅक्शन आसा"},{"$i":"otherConnectionInUseMessage","$v":"वेगळ्या कनॅक्शनाचेर तुमचे कडेन सक्रीय कॉल आसा. तुमी एके वेळार एकूच कनॅक्शन वापरूंक शकतात."},{"$i":"tcl-call-log","$v":"कॉल लॉग"},{"$i":"tcl-contacts","$v":"संपर्क"},{"$i":"tcl-call","$v":"कॉल"},{"$i":"tcl-add-contact","$v":"अस्तित्वातलो संपर्क जोडचो"},{"$i":"tcl-create-contact","$v":"नवो संपर्क निर्माण करचो"},{"$i":"tcl-add-speed-dial","$v":"स्पिड डाय कडेन जोडचें"},{"$i":"sim-with-index-and-carrier","$v":["SIM ",{"t":"idOrVar","v":"index"}," - ",{"t":"idOrVar","v":"carrier"}]},{"$i":"sim-without-carrier","$v":["SIM ",{"t":"idOrVar","v":"index"}]}]