[{"$i":"confirmMsg","$v":["کر پسند تہند رٲبطہ، کال تواریخ حٲصل کرُن، قبول ",{"t":"idOrVar","v":"deviceId"}]},{"$i":"responseMsg","$v":[{"t":"idOrVar","v":"deviceId"}," کی خٲطر"]},{"$i":"confirmTitle","$v":"فون بُک رسٲئی درخواست"},{"$i":"responseTitle","$v":"بلوٹوتھ مرحلہ کی چھِ ضورتھ"},{"$i":"initialValue","$v":"دِیو مرحلہ کی"},{"$i":"gaia-menu-cancel","$v":"رد کر"},{"$i":"gaia-sim-picker-dial-via-with-number","$v":["بذریعہ ",{"t":"idOrVar","v":"phoneNumber"}," ڈائل"]},{"$i":"gaia-sim-picker-select-sim","$v":"چُنیو SIM"},{"$i":"gaia-sim-picker-button","$v":["سِم",{"t":"idOrVar","v":"n"}]},{"$i":"gaia-sim-picker-button-default","$v":"﴾ڈِفالٹ﴿"},{"$i":"softkey-options","$v":"انتخابات"},{"$i":"details","countcall":"کال"},{"$i":"edit","$v":"درست"},{"$i":"cancel","$v":"رد کر"},{"$i":"done","$v":"مکمل"},{"$i":"ok","$v":"ٹھیک"},{"$i":"update","$v":"اپ ڈیٹ"},{"$i":"retry","$v":"نَے کوشش"},{"$i":"view","$v":"ھاو"},{"$i":"search","$v":"ژھار"},{"$i":"contacts","$v":"رٲبطہ"},{"$i":"addContact","$v":"شٲمل کر رٲبطہ"},{"$i":"deleteContact","$v":"خٲرج کریو رٲبطہ"},{"$i":"selectContact","$v":"چُنیو رٲبطہ"},{"$i":"selectAll","$v":"چُنیو تمام"},{"$i":"deselect","$v":"مَہ چُنیو"},{"$i":"deselectAll","$v":"مَہ چُنیو کاہ"},{"$i":"editContact","$v":"درست کریو رٲبطہ"},{"$i":"deleteConfirmMsg","$v":"خٲرج کریو رٲبطہ"},{"$i":"remove","$v":"معزول"},{"$i":"delete","$v":"خٲرج"},{"$i":"comments","$v":"حاشی"},{"$i":"no_contact_phones","$v":"یتھ رٲبطس چھِ نِہ اکھ فون نمبر"},{"$i":"no_contact_email","$v":"یتھ رٲبطس چھِ نِہ اکھ ای میل ایڈریس"},{"$i":"no_contact_data","$v":"یتھ رٲبطس چھِ نِہ اکھ فون نمبر تِہ ای میل ایڈریس"},{"$i":"removePhotoConfirm","$v":"معزول کر رٲبطہ تصویر"},{"$i":"loadingContacts","$v":"لوڈ کران رٲبطہ۔۔۔"},{"$i":"noContactsActivity2","$v":"کاہ رٲبطہ نِہ تہندیس رٲبطہ فہرتس منز"},{"$i":"noName","$v":"کاہ ناو نِہ"},{"$i":"givenName","$v":"گوڈنُک ناو"},{"$i":"familyName","$v":"ٲخری ناو"},{"$i":"tel","$v":"فون"},{"$i":"carrier","$v":"کیریر","placeholder":"کیریر"},{"$i":"separator","$v":","},{"$i":"email","$v":"ای میل"},{"$i":"streetAddress","$v":"وتھ"},{"$i":"postalCode","$v":"زیپ کوڈ"},{"$i":"locality","$v":"شہر"},{"$i":"countryName","$v":"ملک"},{"$i":"comment","$v":"حاشی"},{"$i":"org","$v":"کمپنی"},{"$i":"date","$v":"تٲریخ","placeholder":"تٲریخ"},{"$i":"date-span-placeholder","$v":"تٲریخ"},{"$i":"birthday","$v":"زاے دوہ"},{"$i":"dateFormat","$v":"%b %e"},{"$i":"dateOutput","$v":[{"t":"idOrVar","v":"dayMonthFormatted"}," ",{"t":"idOrVar","v":"year"}]},{"$i":"anniversary","$v":"سال گرہ"},{"$i":"addPhoto","$v":"شٲمل کر تصویر"},{"$i":"addPhone","$v":"شٲمل کر فون"},{"$i":"addEmail","$v":"شٲمل کر ای میل"},{"$i":"addAddress","$v":"شٲمل کر ایڈریس"},{"$i":"addDate","$v":"شٲمل کر تٲریخ"},{"$i":"addComment","$v":"شٲمل کر نوٹ"},{"$i":"addFavorite","$v":"شٲمل کر از مقبول"},{"$i":"removeFavorite","$v":"معزول کر تمام مقبول"},{"$i":"addButton","ariaLabel":"شٲمل"},{"$i":"editButton","ariaLabel":"درست"},{"$i":"settingsButton","ariaLabel":"سیٹِنگس"},{"$i":"phoneDetail","ariaLabel":"فون"},{"$i":"emailDetail","ariaLabel":"ای میل"},{"$i":"addressDetail","ariaLabel":"پتہ"},{"$i":"dateDetail","ariaLabel":"تٲریخ"},{"$i":"composeEmail","ariaLabel":"ای میل"},{"$i":"makeCall","ariaLabel":"کال"},{"$i":"phones","ariaLabel":"فونِ"},{"$i":"emails","ariaLabel":"ای میلِ"},{"$i":"addresses","ariaLabel":"ایڈریس"},{"$i":"dates","ariaLabel":"تٲریخ"},{"$i":"notes","ariaLabel":"نوٹ"},{"$i":"exit","$v":"بند"},{"$i":"expand","$v":"بڑھراو"},{"$i":"labelName","$v":"ناؤ:"},{"$i":"labelLastName","$v":"ٲخری ناو:"},{"$i":"labelPhoneNumber","$v":"فون نمبر:"},{"$i":"labelCarrier","$v":"کیریر:"},{"$i":"labelEmail","$v":"ای میل:"},{"$i":"labelStreet","$v":"وتھ:"},{"$i":"labelZip","$v":"زیپ کوڈ:"},{"$i":"labelCity","$v":"شہر:"},{"$i":"labelCountry","$v":"ملک:"},{"$i":"labelComment","$v":"حاشی:"},{"$i":"legendTitleMain","$v":"بنیٲدی معلومات"},{"$i":"legendPhones","$v":"فون نمبرات"},{"$i":"legendEmail","$v":"ای میل ایڈریس"},{"$i":"legendAddress","$v":"پتہ"},{"$i":"search-contact","placeholder":"ژھار"},{"$i":"noResults","$v":"کاہ رٲبطہ لوب نِہ"},{"$i":"transferContactsTitle","$v":"ٹرانسفر رٲبطہ"},{"$i":"importContactsTitle","$v":"درآمد کر رٲبطہ"},{"$i":"importContactsButton","$v":"درآمد کر رٲبطہ"},{"$i":"exportContactsTitle","$v":"برآمد کر رٲبطہ"},{"$i":"exportContactsButton","$v":"برآمد کر رٲبطہ"},{"$i":"exportContactsAction","$v":"برآمد"},{"$i":"simExport-title","$v":"کُن سِم برآمد کر"},{"$i":"memoryCardExport-title","$v":"برآمد کر میمری کاڈ کُن"},{"$i":"btExport-title","$v":"برآمد بلوٹوتھ کُن"},{"$i":"memoryCardUMSEnabled","$v":"سٹوریج چھِ کارگر کریتھ یو ایس بی ھیکِہ نِہ استعمال کریتھ میمری کاڈ تِکیاز"},{"$i":"exportErrorTitle","$v":"برآمد سھو"},{"$i":"contactsExported2","$v":{"zero":"کاہ رٲبطہ کُر نِہ برآمد","one":["رٲبطہ برآمد ",{"t":"idOrVar","v":"exported"},"/",{"t":"idOrVar","v":"total"}],"two":["رٲبطہ برآمد ",{"t":"idOrVar","v":"exported"},"/",{"t":"idOrVar","v":"total"}],"few":["رٲبطہ برآمد ",{"t":"idOrVar","v":"exported"},"/",{"t":"idOrVar","v":"total"}],"many":["رٲبطہ برآمد ",{"t":"idOrVar","v":"exported"},"/",{"t":"idOrVar","v":"total"}],"other":["رٲبطہ برآمد ",{"t":"idOrVar","v":"exported"},"/",{"t":"idOrVar","v":"total"}]},"$x":[{"t":"idOrVar","v":"plural"},"exported"]},{"$i":"exportError-general","$v":"کیاہ تام سھو آو برآمدیی دوران"},{"$i":"exportError-SD-shared","$v":"ھیکِہ نِہ رسٲئی پٲیِتھ میمری کاڈس تِکیاز یِہ چھِ بٲنٹیتھ"},{"$i":"exportError-SD-unavailable","$v":"میمری کاڈ چھِ نِہ دستیاب"},{"$i":"exportError-SD-noSpace","$v":"یتِہ چھِ نِہ کٲفی جاے میمری کاڈس منز رٲبطہ برآمد کرنِہ خٲطر"},{"$i":"exportError-SIM-unavailable","$v":"کاڈ چھِ نِہ دستیاب سِم"},{"$i":"exportError-BT-shared","$v":"ھیکِہ نِہ رسٲئی پٲیِتھ میمری کاڈس تِکیاز یِہ چھِ بٲنٹیتھ"},{"$i":"exportError-BT-unavailable","$v":"میمری کاڈ چھِ نِہ دستیاب"},{"$i":"exportError-BT-noSpace","$v":"یتِہ چھِ نِہ کٲفی جاے میمری کاڈس منز رٲبطہ برآمد کرنِہ خٲطر"},{"$i":"social-network","$v":"سٲجی رٲبطہ"},{"$i":"social-link","$v":"رٲبطہ کر تارکانج"},{"$i":"social-unlink","$v":"ان لینک کریو رٲبطہ"},{"$i":"social-unlink-confirm-title","$v":"توہ چھوا یژھان تُہند دوست ان لینک کرُن"},{"$i":"social-unlink-confirm-accept","$v":"ان لینک"},{"$i":"facebook-import","$v":"درآمد کر فیس بُک دوست"},{"$i":"show-fb-profile","$v":"ھاو فیس بُک پروفائل"},{"$i":"msg-send","$v":"مسیج"},{"$i":"wall-post","$v":"وال پوسٹ"},{"$i":"share-contact","$v":"بٲنٹیو رٲبطہ"},{"$i":"facebook-export-forbidden","$v":"رٲبطہ ھیکو نِہ بٲنٹیتھ فیس بُک پابندی رُکاوٹ سبب"},{"$i":"otherAccount","$v":"بٲقی خاتہ"},{"$i":"facebookSwitchMsg","$v":"سینک کریو دوست"},{"$i":"select_mobile","$v":"چُنیو موبائل"},{"$i":"select_email","$v":"چُنیو ای میل"},{"$i":"select_recipient","$v":"چُنیو وصول کنندہ"},{"$i":"sort-by-first-name","$v":"ترتیب از گوڈنُک ناو"},{"$i":"sort-by-last-name","$v":"ترتیب از ٲخری ناو"},{"$i":"importSim2","$v":"کاڈ SIM"},{"$i":"importGmail","$v":"جی میل"},{"$i":"bluetooth","$v":"بلوٹوتھ"},{"$i":"importOutlook","$v":"آوٹ لُک"},{"$i":"fbUpdateFriends","$v":"اپ ڈیٹ کریو درآمد دوست"},{"$i":"cleaningFbData","$v":"معزول کران فیس بُک ڈیٹا"},{"$i":"loggingOutFb","$v":"فیس بُک پیٹھ لاگ آوٹ کران"},{"$i":"cleanFbConfirmMsg","$v":"معزول کر تمام فیس بُک ڈیٹا"},{"$i":"renewPwdMsg","$v":"تُہند شناختی لفظ فیس بُکس پیٹھ آو بدلاونِہ۔ مہربٲنی کریتھ، کریو یِہ اپ ڈیٹ"},{"$i":"notEnabledYet","$v":"آو نِہ وین کارگر کرنِہ"},{"$i":"genericNoConnection","$v":"یا ڈیٹا نیٹورکس سیتھ رٲبطہ درآمد کرنِہ خٲطر وائی فائی جوڑیو"},{"$i":"bluetoothNoConnection","$v":"جوڑیو بلوٹوتھ ہس سیتھ رٲبطہ برآمد کرنِہ خٲطر"},{"$i":"simCard","$v":"کاڈ SIM"},{"$i":"memoryCard","$v":"میمری کاڈ"},{"$i":"simNumberNoMSISDN","$v":["SIM ",{"t":"idOrVar","v":"number"},":"]},{"$i":"simNumberWithMSISDN","$v":["سِم ",{"t":"idOrVar","v":"number"},": ",{"t":"idOrVar","v":"msisdn"}]},{"$i":"ICEContactsGroup","$v":"رٲبطہ آئی سی ای"},{"$i":"setICEButton","$v":"رٲبطہ آئی سی ای تھاو"},{"$i":"ICESettingTitle","$v":"رٲبطہ آئی سی ای"},{"$i":"ICEDescription","$v":"شأمل کریو پانژھ رأبطہ اکھ \"ھنگأمی"},{"$i":"ICEContact1","$v":"1 رٲبطہ آئی سی ای"},{"$i":"tcl-ice-contact-1-added","$v":"کُر شٲمل 1 رٲبطہ آئی سی ای"},{"$i":"ICESelectContact","$v":"رٲبطہ A چُنیو"},{"$i":"ICEContact2","$v":"2 رٲبطہ آئی سی ای"},{"$i":"tcl-ice-contact-2-added","$v":"کُر شٲمل 2 رٲبطہ آئی سی ای"},{"$i":"ICERepeatedContact","$v":"رٲبطہ آئی سی ای یِہ رٲبطہ چھِ گوڈاے اکھ"},{"$i":"ICEUnknownError","$v":"تھاونس منز آئی سی ای یتِہ آے اکھ مشکلات رٲبطہ از"},{"$i":"ICEContactNoNumber","$v":"یتھ رٲبطس چھِ نِہ اکھ فون نمبر"},{"$i":"ICEFacebookContactNotAllowed","$v":"رٲبطہ آئی سی ای فیس بُک رٲبطہ ھیکو نِہ تھٲویتھ از"},{"$i":"ICEContactDelTel","$v":"رٲبطہ منز آئی سی ای خٲرج کرمِت فون نمبر چھِ یِوان معزول کرنِہ"},{"$i":"ICEContactDelTelAll","$v":"تمام نمبر آے خٲرج کرنِہ۔ رٲبطہ پیٹھ آئی سی ای رٲبطہ چھِ آمُت معزول کرنِہ"},{"$i":"delete-ice-contact-warning","$v":"رٲبطہ آئی سی ای توہ چھوا یقین توہ چھو یژھان معزول کرُن"},{"$i":"add","$v":"شٲمل"},{"$i":"no-contacts","$v":"کاہ رٲبطہ نِہ"},{"$i":"start-adding","$v":"پریس کریو نو رٲبطہ اکھ رٲبطہ شٲمل کرنِہ خٲطر"},{"$i":"notImported","$v":"چھِ نِہ درآمد کریتھ"},{"$i":"imported","$v":"درآمد کُر"},{"$i":"today","$v":"از"},{"$i":"yesterday","$v":"راتھ"},{"$i":"messageCanceling","$v":"مہربٲنی کریتھ کریو ہولڈ۔ ٲیس چھِ رد کران اکھ آن گوئنگ آپریشن"},{"$i":"organise-contacts","$v":"ترتیب کریو رٲبطہ"},{"$i":"find-merge-contacts","$v":"لبیو نقلی رٲبطہ"},{"$i":"preparing-contacts","$v":"رٲبطہ تیار کران"},{"$i":"exportError-SIM-NoFreeRecordFound","$v":"کاڈ چھِ بھریتھ SIM"},{"$i":"exportError-SIM-CannotAccessPhoneBook","$v":"کاڈُک فون بُک سِم ھیکِہ نِہ حٲصل کریتھ"},{"$i":"exportError-SIM-Unavailable","$v":"کاڈ پو نِہ سِم کاہ"},{"$i":"exportError-SIM-GenericError","$v":"اکھ سھو آو رٲبطہ برآمد کرنس دوران"},{"$i":"noSimMsgExport","$v":"کاڈ رٲبطہ برآمد کرنِہ خٲطر سِم لٲگیو یا ان لاک کریو"},{"$i":"noMemoryCardMsgExport","$v":"لٲگیو میمری کاڈ رٲبطہ برآمد کرنِہ خٲطر"},{"$i":"ContactManagementTitle","$v":"رٲبطہ منیجمنٹ"},{"$i":"DeleteTitle","$v":"خٲرج"},{"$i":"bulkDeleteButton","$v":"خٲرج کر رٲبطہ"},{"$i":"BulkDelCancel","$v":"رٲبطہ خٲرج کرُن سپُد رد"},{"$i":"DeletedTxt","$v":{"zero":"کاہ رٲبطہ نِہ خٲرج کرنِہ خٲطر","one":"رٲبطہ معزول 1","two":["رٲبطہ معزول ",{"t":"idOrVar","v":"n"}],"few":["رٲبطہ معزول ",{"t":"idOrVar","v":"n"}],"many":["رٲبطہ معزول ",{"t":"idOrVar","v":"n"}],"other":["رٲبطہ معزول ",{"t":"idOrVar","v":"n"}]},"$x":[{"t":"idOrVar","v":"plural"},"n"]},{"$i":"DeletingContacts","$v":"خٲرج کران رٲبطہ"},{"$i":"ContactConfirmDel","$v":{"zero":"کاہ رٲبطہ نِہ خٲرج کرنِہ خٲطر","one":"رٲبطہ 1 خٲرج کریو؟ یِہ ھیکوٗ نِہ نَے سر وصول کریتھ۔","two":["رٲبطہ ",{"t":"idOrVar","v":"n"}," خٲرج کریو؟ یِہ ھیکوٗ نِہ نَے سر وصول کریتھ۔"],"few":["رٲبطہ ",{"t":"idOrVar","v":"n"}," خٲرج کریو؟ یِہ ھیکوٗ نِہ نَے سر وصول کریتھ۔"],"many":["رٲبطہ ",{"t":"idOrVar","v":"n"}," خٲرج کریو؟ یِہ ھیکوٗ نِہ نَے سر وصول کریتھ۔"],"other":["رٲبطہ ",{"t":"idOrVar","v":"n"}," خٲرج کریو؟ یِہ ھیکوٗ نِہ نَے سر وصول کریتھ۔"]},"$x":[{"t":"idOrVar","v":"plural"},"n"]},{"$i":"SelectedTxt","$v":{"zero":["چُنیتھ ",{"t":"idOrVar","v":"n"}],"one":["چُنیتھ ",{"t":"idOrVar","v":"n"}],"two":["چُنیتھ ",{"t":"idOrVar","v":"n"}],"few":["چُنیتھ ",{"t":"idOrVar","v":"n"}],"many":["چُنیتھ ",{"t":"idOrVar","v":"n"}],"other":["چُنیتھ ",{"t":"idOrVar","v":"n"}]},"$x":[{"t":"idOrVar","v":"plural"},"n"]},{"$i":"video","$v":"ویڈیو"},{"$i":"audio","$v":"آواز"},{"$i":"pick_destination","$v":[{"t":"idOrVar","v":"destination"}," ",{"t":"idOrVar","v":"carrier"}]},{"$i":"removeField","ariaLabel":"معزول"},{"$i":"undo","ariaLabel":"واپس کر"},{"$i":"send-sms-button","ariaLabel":"SMS"},{"$i":"ice_contacts","$v":"رٲبطہ آئی سی ای"},{"$i":"edit-picture","$v":"ترمیم کریو تصویر"},{"$i":"remove-photo","$v":"معزول کر تصویر"},{"$i":"change-photo","$v":"بدلاو تصویر"},{"$i":"photo-options","$v":"فوٹو انتخاب"},{"$i":"tcl-all","$v":"سٲری"},{"$i":"tcl-speed-dial","$v":"سپیڈ ڈائل"},{"$i":"tcl-new-contact","$v":"نو رٲبطہ"},{"$i":"tcl-settings","$v":"سیٹِنگس"},{"$i":"tcl-save","$v":"محفوظ"},{"$i":"save","$v":"محفوظ"},{"$i":"tcl-add","$v":"شٲمل"},{"$i":"tcl-contact-add-ringtone","$v":"شٲمل کر رینگ ٹون"},{"$i":"tcl-custom-dialog-title-default","$v":"تصدیق"},{"$i":"confirm-dialog-title-default","$v":"تصدیق"},{"$i":"discard","$v":"برطرف"},{"$i":"custom-tag-title","$v":"کسٹم ٹیگ"},{"$i":"tcl-contact-added","$v":"رٲبطہ کُر شٲمل"},{"$i":"tcl-contact-updated","$v":"رٲبطہ تفصیل کر اپ ڈیٹ"},{"$i":"tcl-contact-removed","$v":"رٲبطہ کُر خٲرج"},{"$i":"tcl-contact-unremoved","$v":"ناکام معزول کرنس"},{"$i":"edit-phone-type","$v":"ترمیم کریو فون قسم"},{"$i":"edit-email-type","$v":"ترمیم کریو ای میل قسم"},{"$i":"edit-address-type","$v":"ترمیم کریو ایڈریس قسم"},{"$i":"edit-date-type","$v":"ترمیم کریو تٲریخ قسم"},{"$i":"tcl-select-phone-type","$v":"چُنیو فون قسم"},{"$i":"tcl-select-email-type","$v":"چُنیو ای میل قسم"},{"$i":"tcl-select-address-type","$v":"چُنیو ایڈریس قسم"},{"$i":"tcl-select-date-type","$v":"چُنیو تٲریخ قسم"},{"$i":"add-phone","$v":"شٲمل کر فون نمبر"},{"$i":"add-email","$v":"شٲمل کر ای میل"},{"$i":"add-address","$v":"شٲمل کر ایڈریس"},{"$i":"add-date","$v":"شٲمل کر تٲریخ"},{"$i":"add-phone-type","$v":"فون قسم"},{"$i":"add-email-type","$v":"ای میل قسم"},{"$i":"add-address-type","$v":"ایڈریس قسم"},{"$i":"add-date-type","$v":"ڈیٹا قسم"},{"$i":"delete-phone","$v":"خٲریج کریو فون نمبر"},{"$i":"delete-email","$v":"خٲرج کریو ای میل"},{"$i":"delete-address","$v":"خٲرج کریو ایڈریس"},{"$i":"delete-date","$v":"خٲرج کریو تٲریخ"},{"$i":"delete-note","$v":"خٲرج کریو نوٹ"},{"$i":"delete-comment-warning","$v":"توہ چھوا یقین توہ چھو یژھان نوٹ خٲرج کرِن"},{"$i":"tcl-deleting-messages-phone","$v":[":توہ چھوا یقین توہ چھو یژھان فون خٲرج کرُن \"",{"t":"idOrVar","v":"type_name"},"\""]},{"$i":"tcl-deleting-messages-email","$v":[":توہ چھوا یقین توہ چھو یژھان ای میل خٲرج کرُن \"",{"t":"idOrVar","v":"type_name"},"\""]},{"$i":"tcl-deleting-messages-address","$v":[":توہ چھوا یقین توہ چھو یژھان ایڈریس خٲرج کرُن \"",{"t":"idOrVar","v":"type_name"},"\""]},{"$i":"tcl-deleting-messages-date","$v":"توہ چھوا یقین توہ چھو یژھان تٲریخ خٲرج کرُن"},{"$i":"deleting-message-warning","$v":[{"t":"idOrVar","v":"type_name"}," توہ چھوا یقین توہ چھو یژھان خٲرج کرُن"]},{"$i":"tcl-deleting-messages-comment","$v":"توہ چھوا یقین توہ چھو یژھان حاشی خٲرج کرُن"},{"$i":"delecting-messages-contact","$v":[{"t":"idOrVar","v":"type_name"}," توہ چھوا یقین توہ چھو یژھان رٲبطہ خٲرج کرُن"]},{"$i":"delecting-this-contact","$v":"خٲرج کریو یِہ رٲبطہ"},{"$i":"deleting-messages-ringtone","$v":"توہ چھوا یقین توہ چھو یژھان رینگ ٹون خٲرج کرِن"},{"$i":"deleting-messages-picture","$v":"توہ چھوا یقین توہ چھو یژھان تصویر معزول کرُن"},{"$i":"tcl-deleting-notification-ringtone","$v":"رینگ ٹون آو خٲرج کرنِہ"},{"$i":"tcl-deleting-notification-comment","$v":"حاشی کر خٲرج"},{"$i":"note","$v":"نوٹ"},{"$i":"address","$v":"پتہ"},{"$i":"tcl-noContacts","$v":"ھیکِہ نِہ شٲمل کریتھ رٲبطن منز کیازکہ تُہند رٲبطہ فہرست چھِ خٲلی"},{"$i":"tcl-noContacts-no-email","$v":"ھیکِہ نِہ شٲمل کریتھ رٲبطن منز از نو رٲبطہ ای میل ذریعہ"},{"$i":"tcl-noContacts-no-tel","$v":"ھیکِہ نِہ شٲمل کریتھ رٲبطن منز از نو رٲبطہ فون نمبر ذریعہ"},{"$i":"tcl-noContactsTitle","$v":"کاہ رٲبطہ نِہ"},{"$i":"tcl-change-voice-mail","$v":"بدلاو وائس میل نمبر"},{"$i":"tcl-replace","$v":"بدلاو جاے"},{"$i":"tcl-remove-speed-dial","$v":"معزول کر سپیڈ ڈائل منز"},{"$i":"tcl-notification-speed-dial-added","$v":"سپیڈ ڈائل نمبر کُر شٲمل"},{"$i":"tcl-notification-speed-dial-removed","$v":"سپیڈ ڈائل نمبر کُر معزول"},{"$i":"tcl-notification-speed-dial-updated","$v":"سپیڈ ڈائل نمبر کُر اپ ڈیٹ"},{"$i":"tcl-notification-voice-mail-updated","$v":"وائس میل نمبر اپ ڈیٹ کرمُت"},{"$i":"tcl-notification-contact-assigned","$v":"رٲبطہ جوڑ سپیڈ ڈائلس سیتھ"},{"$i":"empty","$v":"ژھور"},{"$i":"tcl-voice-mail","$v":"وائس میل"},{"$i":"contact-confirm-save","$v":"رٲبطہ معلومات یِن ختم کرنِہ۔ توہ کروا پسند یِہ رٲبطہ محفوظ کرُن"},{"$i":"contact-confirm-form-save","$v":"تبدیلی یِن ختم کرنِہ۔ توہ کروا پسند یِہ رٲبطہ محفوظ کرُن"},{"$i":"tcl-yes","$v":"آ"},{"$i":"tcl-no","$v":"نَہ"},{"$i":"tcl-default-ringtone","$v":"ڈِفالٹ رینگ ٹون"},{"$i":"tcl-add-ringtone","$v":"رینگ ٹون"},{"$i":"tcl-ringtone","$v":"رینگ ٹون"},{"$i":"change-ringtone","$v":"بدلاو رینگ ٹون"},{"$i":"delete-ringtone","$v":"خٲرج کریو رینگ ٹون"},{"$i":"tcl-settings-title","$v":"رٲبطہ سیٹنگس"},{"$i":"settings-sort-contacts-title","$v":"ترتیب کریو رٲبطہ"},{"$i":"tcl-oder-notification","$v":"بدلاو کر محفوظ"},{"$i":"changes-saved-notification","$v":"بدلاو کر محفوظ"},{"$i":"tcl-imported-status","$v":["رٲبطہ مِلاے ",{"t":"idOrVar","v":"numDups"}," رٲبطہ ",{"t":"idOrVar","v":"n"}," درآمد کُر"]},{"$i":"tcl-on","$v":"یلِہ"},{"$i":"tcl-off","$v":"بند"},{"$i":"on","$v":"یلِہ"},{"$i":"off","$v":"بند"},{"$i":"tcl-contact-empty-number","$v":"خٲلی فون نمبر"},{"$i":"contact-no-dial-number","$v":"کاہ فون نمبر نِہ ڈائل خٲطر"},{"$i":"tcl-select-number","$v":"چُنیو نمبر"},{"$i":"tcl-select-email","$v":"چُنیو ای میل"},{"$i":"select-email","$v":"چُنیو ای میل"},{"$i":"tcl-send-message","$v":"سوزیو مسیج"},{"$i":"send-email","$v":"سوزیو ای میل"},{"$i":"tcl-share","$v":"بانٹ"},{"$i":"tcl-find-duplicate","$v":"لبیو نقلی رٲبطہ"},{"$i":"tcl-add-favorite","$v":"شٲمل کر از مقبول"},{"$i":"tcl-remove-favorite","$v":"بے مقبول"},{"$i":"tcl-link-social-networks","$v":"تارکانج کر سوشل نیٹورکس کُن"},{"$i":"tcl-delete","$v":"خٲرج"},{"$i":"tcl-detail-send-sms","$v":"SMS نیو"},{"$i":"tcl-detail-call","$v":"کال"},{"$i":"tcl-detail-send-email","$v":"تحریر"},{"$i":"sms","$v":"مسیج"},{"$i":"tcl-search-contact","$v":"ژھار"},{"$i":"tcl-number","$v":[{"t":"idOrVar","v":"number"}," نمبر"]},{"$i":"tcl-custom-dialog-replace-speed-dial","$v":["؟",{"t":"idOrVar","v":"newSpeedDial"},"یتھ ",{"t":"idOrVar","v":"oldSpeedDial"}," توہ چھوا یقین توہ چھو یژھان سپیڈ ڈائل بدلاوُن"]},{"$i":"custom-dialog-remove-speed-dial","$v":["سپیڈ ڈائل منز؟ ",{"t":"idOrVar","v":"name"}," توہ چھوا یقین توہ چھو یژھان معزول کرُن"]},{"$i":"tcl-options","$v":"انتخابات"},{"$i":"tcl-success-merged","$v":["رٲبطہ مِلٲئمِت ",{"t":"idOrVar","v":"number"}]},{"$i":"tcl-contact-confirm-merge","$v":[{"t":"idOrVar","v":"name"}," رٲبطہ یتھ سیتھ ",{"t":"idOrVar","v":"count"}," توہ چھوا یقین توہ چھو یژھان مِلاوُن"]},{"$i":"tcl-merge","$v":"مِلاو"},{"$i":"add-speed-dial-failed-title","$v":"سپیڈ ڈائل شٲمل کرُن گو ناکام"},{"$i":"add-speed-dial-failed-content","$v":["گوڈاے موجود سپیڈ ڈائلس منز، مہربٲنی کریتھ چُنیو بدل رٲبطہ ",{"t":"idOrVar","v":"name"}]},{"$i":"merge","$v":"مِلاو"},{"$i":"tcl-attention","$v":"دھیان دیو"},{"$i":"attention","$v":"دھیان دیو"},{"$i":"tcl-speed-dial-add-contact","$v":{"$o":"مہربٲنی کریتھ بنٲیو اکھ رٲبطہ<br><br> یتِہ چھِ نِہ کاہ تِہ رٲبطہ۔"}},{"$i":"tcl-voice-mail-header","$v":"وائس میل"},{"$i":"tcl-voice-mail-number","$v":"وائس میل نمبر"},{"$i":"tcl-select-all","$v":"چُنیو تمام"},{"$i":"tcl-deselect-all","$v":"مَہ چُنیو کاہ"},{"$i":"systemring","$v":"رینگ ٹون"},{"$i":"moremusic","$v":"موسیقی"},{"$i":"tcl-add-ringselect","$v":"چُنیو طرفہ"},{"$i":"type-select","$v":"چُنیو"},{"$i":"dialnum-view","$v":"ھاو"},{"$i":"select-a-contact-title","$v":"رٲبطہ A چُنیو"},{"$i":"select-a-number-title","$v":"نمبر A چُنیو"},{"$i":"invalid-vcf-file","$v":"فِل وی سی ایف غیر درست"},{"$i":"voiceMail","$v":"وائس میل"},{"$i":"back","$v":"پتھ"},{"$i":"noSimMsg","$v":"کاڈ رٲبطہ درآمد کرنِہ خٲطر سِم لٲگیو یا ان لاک کریو"},{"$i":"noMemoryCardMsg","$v":"لٲگیو میمری کاڈ رٲبطہ درآمد کرنِہ خٲطر"},{"$i":"importMemoryCard","$v":"میمری کاڈ"},{"$i":"noConnection11","$v":"یا ڈیٹا نیٹورکس سیتھ رٲبطہ یا فیس بُک رٲبطہ درآمد کرنِہ خٲطر وائی فائی جوڑیو"},{"$i":"emptyAccount","$v":"کاہ دوست یا رٲبطہ لوب نِہ یتھ خاتس منز"},{"$i":"simContacts-import","$v":"رٲبطہ سِم ردآمد کریو"},{"$i":"simContacts-importing","$v":"کاڈ پیٹھ سِم رٲبطہ درآمد کران"},{"$i":"simContacts-reading","$v":"کاڈ پیٹھ۔۔۔ سِم پران رٲبطہ"},{"$i":"simContacts-error","$v":"ھیکِہ نِہ درآمد کریتھ؟ رٲبطہ SIM پیٹھ؟"},{"$i":"simContacts-imported3","$v":{"zero":"کاڈس پیٹھ درآمدی خٲطر سِم کاہ رٲبطہ پو نِہ","one":"درآمد کُر اکھ رٲبطہ","two":["رٲبطہ ",{"t":"idOrVar","v":"n"}," درآمد کُر"],"few":["رٲبطہ ",{"t":"idOrVar","v":"n"}," درآمد کُر"],"many":["رٲبطہ ",{"t":"idOrVar","v":"n"}," درآمد کُر"],"other":["رٲبطہ ",{"t":"idOrVar","v":"n"}," درآمد کُر"]},"$x":[{"t":"idOrVar","v":"plural"},"n"]},{"$i":"memoryCardContacts-import","$v":"درآمد کریو رٲبطہ میمری کاڈ پیٹھ"},{"$i":"memoryCardContacts-importing","$v":"میمری کاڈ پیٹھ رٲبطہ درآمد کران۔۔۔"},{"$i":"memoryCardContacts-reading","$v":"پران رٲبطہ میمری کاڈ پیٹھ۔۔۔"},{"$i":"memoryCardContacts-error","$v":"ھیکِہ نِہ درآمد کریتھ رٲبطہ میمری کاڈ پیٹھ"},{"$i":"memoryCardContacts-imported3","$v":{"zero":"کاہ رٲبطہ پو نِہ میمری کاڈس پیٹھ درآمدی خٲطر","one":"درآمد کُر اکھ رٲبطہ","two":["رٲبطہ ",{"t":"idOrVar","v":"n"}," درآمد کُر"],"few":["رٲبطہ ",{"t":"idOrVar","v":"n"}," درآمد کُر"],"many":["رٲبطہ ",{"t":"idOrVar","v":"n"}," درآمد کُر"],"other":["رٲبطہ ",{"t":"idOrVar","v":"n"}," درآمد کُر"]},"$x":[{"t":"idOrVar","v":"plural"},"n"]},{"$i":"genericProgress","$v":[{"t":"idOrVar","v":"current"},"/",{"t":"idOrVar","v":"total"}]},{"$i":"facebook","$v":"فیس بُک"},{"$i":"facebook-import-msg2","$v":["دوست درآمد ",{"t":"idOrVar","v":"imported"},"/",{"t":"idOrVar","v":"total"}]},{"$i":"contactsMerged","$v":{"zero":"کاہ نقلی رٲبطہ مِلو نِہ","one":"اکھ نقلی رٲبطہ آو مِلاونِہ","two":["رٲبطہ آے مِلاونِہ ",{"t":"idOrVar","v":"numDups"}],"few":["رٲبطہ آے مِلاونِہ ",{"t":"idOrVar","v":"numDups"}],"many":["رٲبطہ آے مِلاونِہ ",{"t":"idOrVar","v":"numDups"}],"other":["رٲبطہ آے مِلاونِہ ",{"t":"idOrVar","v":"numDups"}]},"$x":[{"t":"idOrVar","v":"plural"},"numDups"]},{"$i":"weekday-0-long","$v":"آتھوار"},{"$i":"weekday-1-long","$v":"ژیندوار"},{"$i":"weekday-2-long","$v":"بوموار"},{"$i":"weekday-3-long","$v":"بُدھوار"},{"$i":"weekday-4-long","$v":"بریسوار"},{"$i":"weekday-5-long","$v":"جُمع"},{"$i":"weekday-6-long","$v":"بٹوار"},{"$i":"weekday-0-short","$v":"آتھوار"},{"$i":"weekday-1-short","$v":"ژیندوار"},{"$i":"weekday-2-short","$v":"بوموار"},{"$i":"weekday-3-short","$v":"بُدھوار"},{"$i":"weekday-4-short","$v":"بریسوار"},{"$i":"weekday-5-short","$v":"جُمع"},{"$i":"weekday-6-short","$v":"بٹوار"},{"$i":"month-0-long","$v":"جنوری"},{"$i":"month-1-long","$v":"فروری"},{"$i":"month-2-long","$v":"مارچ"},{"$i":"month-3-long","$v":"اپریل"},{"$i":"month-4-long","$v":"مئی"},{"$i":"month-5-long","$v":"جون"},{"$i":"month-6-long","$v":"جولائی"},{"$i":"month-7-long","$v":"اگست"},{"$i":"month-8-long","$v":"ستمبر"},{"$i":"month-9-long","$v":"اکتومبر"},{"$i":"month-10-long","$v":"نومبر"},{"$i":"month-11-long","$v":"دسمبر"},{"$i":"month-0-genitive","$v":"جنوری"},{"$i":"month-1-genitive","$v":"فروری"},{"$i":"month-2-genitive","$v":"مارچ"},{"$i":"month-3-genitive","$v":"اپریل"},{"$i":"month-4-genitive","$v":"مئی"},{"$i":"month-5-genitive","$v":"جون"},{"$i":"month-6-genitive","$v":"جولائی"},{"$i":"month-7-genitive","$v":"اگست"},{"$i":"month-8-genitive","$v":"ستمبر"},{"$i":"month-9-genitive","$v":"اکتومبر"},{"$i":"month-10-genitive","$v":"نومبر"},{"$i":"month-11-genitive","$v":"دسمبر"},{"$i":"month-0-short","$v":"جنوری"},{"$i":"month-1-short","$v":"فروری"},{"$i":"month-2-short","$v":"مارچ"},{"$i":"month-3-short","$v":"اپریل"},{"$i":"month-4-short","$v":"مئی"},{"$i":"month-5-short","$v":"جون"},{"$i":"month-6-short","$v":"جولائی"},{"$i":"month-7-short","$v":"اگست"},{"$i":"month-8-short","$v":"ستمبر"},{"$i":"month-9-short","$v":"اکتومبر"},{"$i":"month-10-short","$v":"نومبر"},{"$i":"month-11-short","$v":"دسمبر"},{"$i":"minutes-ago-long","$v":{"zero":"صرف وین","one":"اکھ منٹ برونٹھ","two":["منٹ برونٹھ ",{"t":"idOrVar","v":"value"}],"few":["منٹ برونٹھ ",{"t":"idOrVar","v":"value"}],"many":["منٹ برونٹھ ",{"t":"idOrVar","v":"value"}],"other":["منٹ برونٹھ ",{"t":"idOrVar","v":"value"}]},"$x":[{"t":"idOrVar","v":"plural"},"value"]},{"$i":"hours-ago-long","$v":{"zero":"صرف وین","one":"اکھ گھنٹہ برونٹھ","two":["گھنٹہ برونٹھ ",{"t":"idOrVar","v":"value"}],"few":["گھنٹہ برونٹھ ",{"t":"idOrVar","v":"value"}],"many":["گھنٹہ برونٹھ ",{"t":"idOrVar","v":"value"}],"other":["گھنٹہ برونٹھ ",{"t":"idOrVar","v":"value"}]},"$x":[{"t":"idOrVar","v":"plural"},"value"]},{"$i":"days-ago-long","$v":{"zero":"از","one":"راتھ","two":["دوہ برونٹھ ",{"t":"idOrVar","v":"value"}],"few":["دوہ برونٹھ ",{"t":"idOrVar","v":"value"}],"many":["دوہ برونٹھ ",{"t":"idOrVar","v":"value"}],"other":["دوہ برونٹھ ",{"t":"idOrVar","v":"value"}]},"$x":[{"t":"idOrVar","v":"plural"},"value"]},{"$i":"weeks-ago-long","$v":{"zero":"یِہ ہفتہ","one":"پیتِم ہفتہ","two":["ہفتہ برونٹھ ",{"t":"idOrVar","v":"value"}],"few":["ہفتہ برونٹھ ",{"t":"idOrVar","v":"value"}],"many":["ہفتہ برونٹھ ",{"t":"idOrVar","v":"value"}],"other":["ہفتہ برونٹھ ",{"t":"idOrVar","v":"value"}]},"$x":[{"t":"idOrVar","v":"plural"},"value"]},{"$i":"months-ago-long","$v":{"zero":"یِہ ریتھ","one":"پیتِم ریتھ","two":["ریتھ برونٹھ ",{"t":"idOrVar","v":"value"}],"few":["ریتھ برونٹھ ",{"t":"idOrVar","v":"value"}],"many":["ریتھ برونٹھ ",{"t":"idOrVar","v":"value"}],"other":["ریتھ برونٹھ ",{"t":"idOrVar","v":"value"}]},"$x":[{"t":"idOrVar","v":"plural"},"value"]},{"$i":"years-ago-long","$v":{"zero":"یِہ وریح","one":"پیتِم وریح","two":["وریح برونٹھ ",{"t":"idOrVar","v":"value"}],"few":["وریح برونٹھ ",{"t":"idOrVar","v":"value"}],"many":["وریح برونٹھ ",{"t":"idOrVar","v":"value"}],"other":["وریح برونٹھ ",{"t":"idOrVar","v":"value"}]},"$x":[{"t":"idOrVar","v":"plural"},"value"]},{"$i":"minutes-until-long","$v":{"zero":"وین","one":"اکِس منٹس منز","two":["منز ",{"t":"idOrVar","v":"value"}," منٹن"],"few":["منز ",{"t":"idOrVar","v":"value"}," منٹن"],"many":["منز ",{"t":"idOrVar","v":"value"}," منٹن"],"other":["منز ",{"t":"idOrVar","v":"value"}," منٹن"]},"$x":[{"t":"idOrVar","v":"plural"},"value"]},{"$i":"hours-until-long","$v":{"zero":"وین","one":"اکِس گھنٹس منز","two":["منز ",{"t":"idOrVar","v":"value"}," گھنٹن"],"few":["منز ",{"t":"idOrVar","v":"value"}," گھنٹن"],"many":["منز ",{"t":"idOrVar","v":"value"}," گھنٹن"],"other":["منز ",{"t":"idOrVar","v":"value"}," گھنٹن"]},"$x":[{"t":"idOrVar","v":"plural"},"value"]},{"$i":"days-until-long","$v":{"zero":"از","one":"پگاہ","two":["منز ",{"t":"idOrVar","v":"value"}," دوہن"],"few":["منز ",{"t":"idOrVar","v":"value"}," دوہن"],"many":["منز ",{"t":"idOrVar","v":"value"}," دوہن"],"other":["منز ",{"t":"idOrVar","v":"value"}," دوہن"]},"$x":[{"t":"idOrVar","v":"plural"},"value"]},{"$i":"weeks-until-long","$v":{"zero":"یِہ ہفتہ","one":"نو ہفتہ","two":["منز ",{"t":"idOrVar","v":"value"}," ہفتن"],"few":["منز ",{"t":"idOrVar","v":"value"}," ہفتن"],"many":["منز ",{"t":"idOrVar","v":"value"}," ہفتن"],"other":["منز ",{"t":"idOrVar","v":"value"}," ہفتن"]},"$x":[{"t":"idOrVar","v":"plural"},"value"]},{"$i":"months-until-long","$v":{"zero":"یِہ ریتھ","one":"نو ریتھ","two":["منز ",{"t":"idOrVar","v":"value"}," ریتھن"],"few":["منز ",{"t":"idOrVar","v":"value"}," ریتھن"],"many":["منز ",{"t":"idOrVar","v":"value"}," ریتھن"],"other":["منز ",{"t":"idOrVar","v":"value"}," ریتھن"]},"$x":[{"t":"idOrVar","v":"plural"},"value"]},{"$i":"years-until-long","$v":{"zero":"یِہ وریح","one":"نو وریح","two":["منز ",{"t":"idOrVar","v":"value"}," وریہن"],"few":["منز ",{"t":"idOrVar","v":"value"}," وریہن"],"many":["منز ",{"t":"idOrVar","v":"value"}," وریہن"],"other":["منز ",{"t":"idOrVar","v":"value"}," وریہن"]},"$x":[{"t":"idOrVar","v":"plural"},"value"]},{"$i":"minutes-ago-short","$v":{"zero":"صرف وین","other":["برونٹھ m",{"t":"idOrVar","v":"value"}]},"$x":[{"t":"idOrVar","v":"plural"},"value"]},{"$i":"hours-ago-short","$v":{"zero":"صرف وین","other":["برونٹھ h",{"t":"idOrVar","v":"value"}]},"$x":[{"t":"idOrVar","v":"plural"},"value"]},{"$i":"days-ago-short","$v":{"zero":"از","other":["برونٹھ d",{"t":"idOrVar","v":"value"}]},"$x":[{"t":"idOrVar","v":"plural"},"value"]},{"$i":"minutes-until-short","$v":{"zero":"وین","other":["منز ",{"t":"idOrVar","v":"value"},"m"]},"$x":[{"t":"idOrVar","v":"plural"},"value"]},{"$i":"hours-until-short","$v":{"zero":"وین","other":["منز ",{"t":"idOrVar","v":"value"},"h"]},"$x":[{"t":"idOrVar","v":"plural"},"value"]},{"$i":"days-until-short","$v":{"zero":"از","other":["منز ",{"t":"idOrVar","v":"value"},"d"]},"$x":[{"t":"idOrVar","v":"plural"},"value"]},{"$i":"incorrectDate","$v":"﴾غیر درست تٲریخ﴿"},{"$i":"dateTimeFormat_%c","$v":"%a %b %e %Y %I:%M:%S %p"},{"$i":"dateTimeFormat_%x","$v":"%m/%d/%Y"},{"$i":"dateTimeFormat_%X","$v":"%I:%M:%S %p"},{"$i":"shortTimeFormat","$v":"%I:%M %p"},{"$i":"shortTimeFormat12","$v":"%I:%M %p"},{"$i":"shortTimeFormat24","$v":"%H:%M"},{"$i":"shortDateTimeFormat","$v":"%x %I:%M %p"},{"$i":"weekStartsOnMonday","$v":"0"},{"$i":"firstDayOfTheWeek","$v":"0"},{"$i":"time_am","$v":"AM"},{"$i":"time_pm","$v":"PM"},{"$i":"label","$v":"لیبل"},{"$i":"mobile","$v":"موبائل"},{"$i":"home","$v":"گھر"},{"$i":"work","$v":"کیم"},{"$i":"personal","$v":"ذٲتی"},{"$i":"faxHome","$v":"فیکس ھوم"},{"$i":"faxOffice","$v":"فیکس دفتر"},{"$i":"faxOther","$v":"فیکس بٲقی"},{"$i":"another","$v":"بدل اکھ"},{"$i":"other","$v":"بدل"},{"$i":"tcl-customTag","$v":"کسٹم ٹیگ"},{"$i":"customTag","$v":"کسٹم ٹیگ","placeholder":"کسٹم ٹیگ"},{"$i":"current","$v":"حالیہ"},{"$i":"itemWithLabel","$v":[{"t":"idOrVar","v":"label"},", ",{"t":"idOrVar","v":"item"}]},{"$i":"waitDuplicateContacts","$v":"ژھاران نقلی رٲبطہ"},{"$i":"waitMergingDuplicateContacts","$v":"مِلاوان نقلی رٲبطہ"},{"$i":"alertNoDuplicateContacts","$v":"کاہ نقلی رٲبطہ لوب نِہ"},{"$i":"curtainCancel","$v":"رد کر"},{"$i":"close","$v":"بند"},{"$i":"mergeDuplicateTitle","$v":"نقلی آو لبنِہ"},{"$i":"suggestedDuplicatesMessage","innerHTML":{"$o":["<bdi>",{"t":"idOrVar","v":"name"},"</bdi> مشورہ کُر نقلی رٲبطہ یتھ"]}},{"$i":"mergeActionButtonLabel","$v":{"zero":"کاہ رٲبطہ چُن نِہ","one":["رٲبطہ سیتھ ",{"t":"idOrVar","v":"n"}," مِلاو"],"two":["رٲبطن سیتھ ",{"t":"idOrVar","v":"n"}," مِلاو"],"few":["رٲبطن سیتھ ",{"t":"idOrVar","v":"n"}," مِلاو"],"many":["رٲبطن سیتھ ",{"t":"idOrVar","v":"n"}," مِلاو"],"other":["رٲبطن سیتھ ",{"t":"idOrVar","v":"n"}," مِلاو"]},"$x":[{"t":"idOrVar","v":"plural"},"n"]},{"$i":"duplicatesFoundTitle","$v":"نقلی آو لبنِہ"},{"$i":"foundDuplicatesMessage","innerHTML":"نقلی معلومات آے لبنِہ یتھ ذیل رٲبطس منز۔ توہ چھوا پسند کران مِلاوُن؟"},{"$i":"tcl-merge-selected-counts","$v":["چُنیتھ ",{"t":"idOrVar","v":"n"}]},{"$i":"tcl-wait-duplicate-contacts","$v":"لبیو نقلی رٲبطہ"},{"$i":"tcl-wait-txt","$v":"ژھاران نقلی رٲبطہ…"},{"$i":"import","$v":"درآمد"},{"$i":"fbFriends","$v":"فیس بُک دوست"},{"$i":"live-serviceName","$v":"آوٹ لُک"},{"$i":"gmail-serviceName","$v":"جی میل"},{"$i":"facebook-serviceName","$v":"فیس بُک دوست"},{"$i":"viewAll","$v":"ھاو تمام فیس بُک دوست"},{"$i":"viewRecommend","$v":"ھاو صرف سفٲرش کردہ"},{"$i":"linkProposal","$v":{"zero":"کاہ میلوُن دوست نِہ۔ ھاوان تمام","one":"چُنیو سفٲرش کرمُت اکھ","two":"چُنیو اکھ سفٲرش کردہ","few":"چُنیو اکھ سفٲرش کردہ","many":"چُنیو اکھ سفٲرش کردہ","other":"چُنیو اکھ سفٲرش کردہ"},"$x":[{"t":"idOrVar","v":"plural"},"numFriends"]},{"$i":"fbFriendsFound","$v":{"zero":"تمام تہیند دوست آے درآمد کرنِہ","one":"لوب اکھ دوست درآمد خٲطر","two":["درآمد خٲطر ",{"t":"idOrVar","v":"numFriends"}," لوب دوست"],"few":["درآمد خٲطر ",{"t":"idOrVar","v":"numFriends"}," لوب دوست"],"many":["درآمد خٲطر ",{"t":"idOrVar","v":"numFriends"}," لوب دوست"],"other":["درآمد خٲطر ",{"t":"idOrVar","v":"numFriends"}," لوب دوست"]},"$x":[{"t":"idOrVar","v":"plural"},"numFriends"]},{"$i":"fbNoFriends","$v":"کاہ رٲبطہ نِہ موجود درآمدی خٲطر"},{"$i":"done-search","$v":"مکمل"},{"$i":"progressFB3ImportTitle","$v":"دوست درآمد کران رٲبطن منز"},{"$i":"progressFB","$v":[{"t":"idOrVar","v":"current"},"/",{"t":"idOrVar","v":"total"}]},{"$i":"progressFB3UpdateTitle","$v":"اپ ڈیٹ کریو رٲبطن منز دوست"},{"$i":"message2","$v":"یتھ ھیکن لگیتھ کیہ منٹ"},{"$i":"messageLinking","$v":"مہربٲنی کریتھ کریو ہولڈ۔ ٲیس چھِ لینک کران تُہند دوست تِہ تہیند رٲبطہ"},{"$i":"error1","$v":[{"t":"idOrVar","v":"from"}," سھو"]},{"$i":"error2","$v":"توہ چھوا یژھان نَے کوشش کرُن"},{"$i":"errorProposal","$v":"شمار کران تجویز"},{"$i":"errorFriends","$v":"حٲصل کران دوست"},{"$i":"errorLinking","$v":"رٲبطہ تارکانج کران"},{"$i":"timeout1","$v":[{"t":"idOrVar","v":"from"}," تجاوُز کرُن وقت ختم"]},{"$i":"timeout2","$v":"توہ چھوا یژھان نَے کوشش کرُن"},{"$i":"timeoutProposal","$v":"شمار کران تجویز"},{"$i":"timeoutFriends","$v":"حٲصل کران دوست"},{"$i":"timeoutLinking","$v":"رٲبطہ تارکانج کران"},{"$i":"wait1","$v":"مہربٲنی کریتھ کریو ہولڈ"},{"$i":"wait2","$v":"یتھ ھیکن لگیتھ کیہ منٹ"},{"$i":"waitProposal","$v":"مہربٲنی کریتھ کریو ہولڈ۔ ٲیس چھِ شمار کران اکھ پرسنل"},{"$i":"waitFriends","$v":"مہربٲنی کریتھ کریو ہولڈ۔ ٲیس چھِ جوڑان تُہند دوست فہرست حٲصل کرنِہ خٲطر"},{"$i":"curtainRetry","$v":"نَے کوشش"},{"$i":"curtainOK","$v":"ٹھیک"},{"$i":"connectionLost","$v":"کاہ انٹنیٹ کنکشن نِہ"},{"$i":"connectionLostMsg","$v":"دوست فوٹو یِن نِہ شٲمل کرنِہ تہندین رٲبطن منز۔ توپت تِہ تھاو جٲری"},{"$i":"yesOption","$v":"ٹھیک"},{"$i":"noOption","$v":"رد کر"},{"$i":"waitFriendslive","$v":"پران رٲبطہ آوٹ لُک پیٹھ…"},{"$i":"waitFriendsgmail","$v":"پران رٲبطہ جی میل پیٹھ…"},{"$i":"friendsUpdated","$v":{"zero":"کاہ دوست آو نِہ اپ ڈیٹ کرنِہ","one":"اپ ڈیٹ کریو اکھ دوست","two":["دوست ",{"t":"idOrVar","v":"numFriends"}," اپ ڈیٹ کرمِت"],"few":["دوست ",{"t":"idOrVar","v":"numFriends"}," اپ ڈیٹ کرمِت"],"many":["دوست ",{"t":"idOrVar","v":"numFriends"}," اپ ڈیٹ کرمِت"],"other":["دوست ",{"t":"idOrVar","v":"numFriends"}," اپ ڈیٹ کرمِت"]},"$x":[{"t":"idOrVar","v":"plural"},"numFriends"]},{"$i":"friendsMerged","$v":{"zero":"کاہ نقلی دوست رٲبطہ مِلو نِہ","one":"اکھ نقلی دوست آو مِلاونِہ","two":["دوست آے مِلاونِہ ",{"t":"idOrVar","v":"numDups"}],"few":["دوست آے مِلاونِہ ",{"t":"idOrVar","v":"numDups"}],"many":["دوست آے مِلاونِہ ",{"t":"idOrVar","v":"numDups"}],"other":["دوست آے مِلاونِہ ",{"t":"idOrVar","v":"numDups"}]},"$x":[{"t":"idOrVar","v":"plural"},"numDups"]},{"$i":"notificationLogin","$v":"تُہند فیس بُک مرحلہ چھِ نِہ درست۔ مہربٲنی کریتھ کریو سائن ان"},{"$i":"syncError","$v":"یتِہ آو اکھ سھو تہندیس دوست سوندھ ڈیٹا سینکرونائز کرنس منز"},{"$i":"progressFB3liveTitle","$v":"آوٹ لُک پیٹھ رٲبطہ درآمد کران…"},{"$i":"progressFB3gmailTitle","$v":"جی میل پیٹھ رٲبطہ درآمد کران…"},{"$i":"tcl-calllog-entry-removed-succ-notification","$v":"کال لاگ انٹری آے معزول کرنِہ"},{"$i":"tcl-calllog-entry-removed-err-notification","$v":"ھیکِہ نِہ کال لاگ انٹری معزول کریتھ"},{"$i":"addNewNumber","$v":"شٲمل کر نو نمبر"},{"$i":"contactDetails","$v":"رٲبطہ تفصیل"},{"$i":"addToExistingContact","$v":"شٲمل کر موجودہ رٲبطن منز"},{"$i":"all","$v":"سٲری","ariaLabel":"سٲری"},{"$i":"bluetoothOption","ariaLabel":"بلوٹوتھ"},{"$i":"callLog","$v":"کال لاگ"},{"$i":"callLogEdit","title":"ترمیم کریو کال لاگ"},{"$i":"tcl-option-menu-call-log-edit","$v":"ترمیم کریو کال لاگ"},{"$i":"callLogEditDialog","ariaLabel":"ترمیم کریو کال ڈائلوگ"},{"$i":"tcl-call-log-delete-group-notification","$v":["انٹری آے خٲرج کرنِہ ",{"t":"idOrVar","v":"n"}]},{"$i":"connecting","$v":"جوڑان"},{"$i":"connectingEllipsis","$v":"جوڑان"},{"$i":"call-forwarding-async","$v":[":اسینکرونس ",{"t":"idOrVar","v":"async"}]},{"$i":"call-forwarding-data","$v":["ڈیٹا: ",{"t":"idOrVar","v":"data"}]},{"$i":"call-forwarding-error","$v":"اکھ سھو آو کال فارویڑنگ حالت حٲصل کرنس منز"},{"$i":"call-forwarding-fax","$v":["FAX: ",{"t":"idOrVar","v":"fax"}]},{"$i":"call-forwarding-inactive","$v":"ان ایکٹیو"},{"$i":"call-forwarding-packet","$v":[":پیکٹ ",{"t":"idOrVar","v":"packet"}]},{"$i":"call-forwarding-pad","$v":["PAD: ",{"t":"idOrVar","v":"pad"}]},{"$i":"call-forwarding-sms","$v":["SMS: ",{"t":"idOrVar","v":"sms"}]},{"$i":"call-forwarding-status","$v":"کال فارویڑنگ حالت"},{"$i":"call-forwarding-sync","$v":[":سینکرونس ",{"t":"idOrVar","v":"sync"}]},{"$i":"call-forwarding-voice","$v":[":وائس ",{"t":"idOrVar","v":"voice"}]},{"$i":"confirm-deletion","$v":"صاف کریو چُننِہ مِت کالِ؟"},{"$i":"createNewContact","$v":"بناو نو رٲبطہ"},{"$i":"calllog-deselectAll","$v":"مَہ چُنیو کاہ"},{"$i":"dialerAddContact","ariaLabel":"شٲمل کر رٲبطہ"},{"$i":"dialerAddContactDialog","ariaLabel":"شٲمل کر رٲبطہ ڈائلوگ"},{"$i":"callInformation","$v":"کال معلومات"},{"$i":"edit-selected","$v":{"one":["(",{"t":"idOrVar","v":"n"},")چُنیتھ"],"two":["(",{"t":"idOrVar","v":"n"},")چُنیتھ"],"few":["(",{"t":"idOrVar","v":"n"},")چُنیتھ"],"many":["(",{"t":"idOrVar","v":"n"},")چُنیتھ"],"other":["(",{"t":"idOrVar","v":"n"},")چُنیتھ"]},"$x":[{"t":"idOrVar","v":"plural"},"n"]},{"$i":"tcl-edit-not-selected","$v":"(0)چُنیتھ"},{"$i":"hideKeypad","ariaLabel":"چھُپاو کی پیڑ"},{"$i":"ignore","$v":"نظر انداز کر کال"},{"$i":"incoming","$v":"ینِہ واجن"},{"$i":"keypad","ariaLabel":"کی پیڑ"},{"$i":"info-missed","$v":"میسِڈ"},{"$i":"missed","$v":"میسِڈ","ariaLabel":"میسِڈ"},{"$i":"dialed","$v":"ڈائلڈ"},{"$i":"received","$v":"محصول"},{"$i":"canceled","$v":"رد کُر"},{"$i":"missedCall","$v":"میسِڈ کال"},{"$i":"missedCallMultiSims","$v":["میسڈ کال ﴾سِم ",{"t":"idOrVar","v":"n"},"﴿"]},{"$i":"mmi-error","$v":"اکھ سھو آو مسیج سوزنس دوران"},{"$i":"mmi-session-expired","$v":"مرحلہ سپُد ختم"},{"$i":"mmi-successfully-sent","$v":"مسیج آے کامیٲبی سان سوزنِہ"},{"$i":"mmi-notification-title-with-sim","$v":["(",{"t":"idOrVar","v":"sim"},") ",{"t":"idOrVar","v":"title"}]},{"$i":"mute","ariaLabel":"خاموش"},{"$i":"newCall","ariaLabel":"نیو کال"},{"$i":"no-logs-msg-1","$v":"کاہ کال رکاڈ نِہ"},{"$i":"no-logs-msg-2","$v":"شروع کر گفتگو وین"},{"$i":"no-logs-msg-3","$v":"کاہ کال رکاڈ نِہ"},{"$i":"no-logs-msg-4","$v":"شروع کر گفتگو وین"},{"$i":"onHoldOption","ariaLabel":"ھولڈس پیٹھ"},{"$i":"outgoing","$v":"آوٹ گوئنگ"},{"$i":"recents","ariaLabel":"تازہ کالِ"},{"$i":"reply","$v":"جواب دِیوٗ"},{"$i":"calllog-selectAll","$v":"چُنیو تمام"},{"$i":"send","$v":"سوز"},{"$i":"switch-calls","$v":"سوئچ کریو کالن کُن"},{"$i":"withheld-number","$v":"انجان"},{"$i":"from-contact","$v":[{"t":"idOrVar","v":"contact"}," پیٹھ"]},{"$i":"from-number","$v":[{"t":"idOrVar","v":"number"}," پیٹھ"]},{"$i":"from-withheld-number","$v":"انجان نمبر پیٹھ"},{"$i":"sending","$v":"سوزان۔ ۔ ۔"},{"$i":"speakerOption","ariaLabel":"سپیکر"},{"$i":"ussd-services","$v":["سروس ",{"t":"idOrVar","v":"operator"}]},{"$i":"toggleKeypad","ariaLabel":"ٹاگل کی پیڑ"},{"$i":"type-your-response","placeholder":"لکھیو پنُن جواب۔۔۔"},{"$i":"clear-all-text","$v":"صاف کریو تمام ٹیکسٹ"},{"$i":"hide","$v":"چھُپاو"},{"$i":"call","$v":"کال"},{"$i":"hold","ariaLabel":"ھولڈ"},{"$i":"resume","$v":"ریزوم","ariaLabel":"ریزوم"},{"$i":"sendSms","$v":"سوزیو مسیج"},{"$i":"callEnded","$v":"کال ختم"},{"$i":"via-sim","$v":[{"t":"idOrVar","v":"n"},"سِم بذریعہ"]},{"$i":"sim-number","$v":["سِم",{"t":"idOrVar","v":"n"}]},{"$i":"unknown","$v":"انجان"},{"$i":"hangup-a11y-button","ariaLabel":"تراو پتھر"},{"$i":"pickup-a11y-button","ariaLabel":"تُلیو"},{"$i":"unlock-a11y-button","ariaLabel":"سلائڈر"},{"$i":"settings","$v":"سیٹِنگس"},{"$i":"tcl-delete-log","$v":"توہ چھوا یقین توہ چھو یژھان کال لاگ پیٹھ چُننِہ آمِت انٹری خٲرج کرِن؟"},{"$i":"delete-n-log?","$v":{"zero":"کیہ نِہ چُنیتھ","one":"خٲرج کریو چُننِہ آمِت لاگ؟","two":["لاگس؟ ",{"t":"idOrVar","v":"n"}," خٲرج کریو"],"few":["لاگس؟ ",{"t":"idOrVar","v":"n"}," خٲرج کریو"],"many":["لاگس؟ ",{"t":"idOrVar","v":"n"}," خٲرج کریو"],"other":["لاگس؟ ",{"t":"idOrVar","v":"n"}," خٲرج کریو"]},"$x":[{"t":"idOrVar","v":"plural"},"n"]},{"$i":"callDurationMinutes","$v":[{"t":"idOrVar","v":"m"},":",{"t":"idOrVar","v":"s"}]},{"$i":"callDurationHours","$v":[{"t":"idOrVar","v":"h"},":",{"t":"idOrVar","v":"m"},":",{"t":"idOrVar","v":"s"}]},{"$i":"callDurationTextFormatSeconds","$v":[{"t":"idOrVar","v":"s"}," s"]},{"$i":"callDurationTextFormatMinutes","$v":[{"t":"idOrVar","v":"m"}," m ",{"t":"idOrVar","v":"s"}," s"]},{"$i":"callDurationTextFormatHours","$v":[{"t":"idOrVar","v":"h"}," h ",{"t":"idOrVar","v":"m"}," m ",{"t":"idOrVar","v":"s"}," s"]},{"$i":"suggestionMatches","$v":{"one":["\"",{"t":"idOrVar","v":"matchNumber"},"\" رلان یتھ ",{"t":"idOrVar","v":"n"}],"two":["\"",{"t":"idOrVar","v":"matchNumber"},"\" رلان یتھ ",{"t":"idOrVar","v":"n"}],"few":["\"",{"t":"idOrVar","v":"matchNumber"},"\" رلان یتھ ",{"t":"idOrVar","v":"n"}],"many":["\"",{"t":"idOrVar","v":"matchNumber"},"\" رلان یتھ ",{"t":"idOrVar","v":"n"}],"other":["\"",{"t":"idOrVar","v":"matchNumber"},"\" رلان یتھ ",{"t":"idOrVar","v":"n"}]},"$x":[{"t":"idOrVar","v":"plural"},"n"]},{"$i":"scCallBarring","$v":"کال بیرنگ"},{"$i":"scCallForwarding","$v":"کال فارویڑنگ"},{"$i":"scClip","$v":"ینِہ واجن کالر ID"},{"$i":"scClir","$v":"گژھن واجن کالر ID"},{"$i":"scPwd","$v":"بدلاۅ شناختی لفظ"},{"$i":"scCallWaiting","$v":"کال پرارناوُن"},{"$i":"scPin","$v":"بدلاۅ PIN"},{"$i":"scPin2","$v":"آو بدلاونِہ پِن2"},{"$i":"scPuk","$v":"پِن ان لاک"},{"$i":"scPuk2","$v":"پِن2 ان لاک"},{"$i":"scImei","$v":"IMEI"},{"$i":"scMeid","$v":"MEID"},{"$i":"scUssd","$v":"USSD"},{"$i":"serviceClassVoice","$v":"وائس"},{"$i":"serviceClassData","$v":"ڈیٹا"},{"$i":"serviceClassFax","$v":"FAX"},{"$i":"serviceClassSms","$v":"SMS"},{"$i":"serviceClassDataSync","$v":"سینک"},{"$i":"serviceClassDataAsync","$v":"اکھ سینک"},{"$i":"serviceClassPacket","$v":"پیکٹ"},{"$i":"serviceClassPad","$v":"PAD"},{"$i":"smServiceEnabled","$v":"سروس آے کارگر کرنِہ"},{"$i":"smServiceDisabled","$v":"سروس چھِ آمِژ ناکار کرنِہ"},{"$i":"smServiceRegistered","$v":"اندراج سپُد کامیاب"},{"$i":"smServiceErased","$v":"اِخراج کرُن سپُد کامیاب"},{"$i":"smServiceInterrogated","$v":"درخواست روز کامیاب"},{"$i":"smServiceNotProvisioned","$v":"سروس چھِ نِہ پرویجن کریتھ"},{"$i":"smClirPermanent","$v":"سیٹنگس ID توہ ھیکو نِہ تبدیل کریتھ کالر"},{"$i":"smClirDefaultOnNextCallOn","$v":"کالر ID چھِ پابند ڈِفالٹن۔ نیو کال: محدود"},{"$i":"smClirDefaultOnNextCallOff","$v":"کالر ID چھِ پابند ڈِفالٹن۔ نیو کال: غیر محدود"},{"$i":"smClirDefaultOffNextCallOn","$v":"کالر ID چھِ ڈِفالٹ تھٲویتھ غیر محدود۔ نیو کال: محدود"},{"$i":"smClirDefaultOffNextCallOff","$v":"کالر ID چھِ ڈِفالٹ تھٲویتھ غیر محدود۔ نیو کال: غیر محدود"},{"$i":"smServiceEnabledFor","$v":"سروس آے کارگر کرنِہ یتھ خٲطر:"},{"$i":"smPinChanged","$v":"آو کامیٲبی سان بدلاونِہ پِن"},{"$i":"smPinUnblocked","$v":"آو کامیٲبی سان ان لاک کرنِہ پِن"},{"$i":"smPin2Changed","$v":"آو کامیٲبی سان بدلاونِہ پِن2"},{"$i":"smPin2Unblocked","$v":"آو کامیٲبی سان ان لاک کرنِہ پِن2"},{"$i":"ServiceIsEnabled","$v":"سروس چھِ کارگر"},{"$i":"ServiceIsDisabled","$v":"سروس چھِ ناکار کریتھ"},{"$i":"ServiceIsEnabledFor","$v":"سروس چھِ کارگر یتھ خٲطر:"},{"$i":"emMmiError","$v":"کوڈ MMI کنکشن مشکلات یا غلط"},{"$i":"emMmiErrorPasswordIncorrect","$v":"غیر درست شناختی لفظ"},{"$i":"emMmiErrorNotSupported","$v":"کوڈ MMI غیر درست یا بے سہارہ"},{"$i":"emMmiErrorInvalidAction","$v":"غیر درست حرکت"},{"$i":"emMmiErrorInvalidScCode","$v":"غیر درست سروس کوڈ"},{"$i":"emMmiErrorBadPuk","$v":"یوس توہ لکھیو چھِ غیر درست پی یو کے"},{"$i":"emMmiErrorBadPin","$v":"یوس توہ لکھیو چھِ نِہ درست PIN پرون"},{"$i":"emMmiErrorNeedPuk2","$v":"کاڈ ان لاک کرنِہ خٲطر سِم پنُن پی یو کے2 لکھیو"},{"$i":"emMmiErrorMismatchPin","$v":"یِم توہ لکھیو چھِ نِہ رلان پِنs"},{"$i":"emMmiErrorInvalidPin","$v":"نمبرات 8 پیٹھ 4 یوس آسِہ پِن لکھیو اکھ"},{"$i":"emMmiErrorNeedsPuk","$v":"لاک گومُت پی یو کے چھِ سِم تُہند"},{"$i":"emMmiErrorEnablePin","$v":"ناکامیاب LOCK سِم/RUIM کارگر کریو"},{"$i":"emMmiErrorMmiFdn","$v":"آپریشن چھِ پابند صرف فیکسڈ ڈائلنگ نمبرن"},{"$i":"emMmiErrorStkCcUssdDial","$v":"USSD عرضی چھِ ترٲشیتھ ڈائل عرضی خٲطر۔"},{"$i":"emMmiErrorStkCcUssdSs","$v":"USSD عرضی چھِ ترٲشیتھ SS عرضی خٲطر۔"},{"$i":"emMmiErrorStkCcUssdUssd","$v":"USSD عرضی چھِ ترٲشیتھ نیو USSD عرضی خٲطر۔"},{"$i":"emMmiErrorStkCcSsDial","$v":"درخواست آے تراش کرنِہ ڈائل درخواست SS"},{"$i":"emMmiErrorStkCcSsUssd","$v":"SS عرضی چھِ ترٲشیتھ USSD عرضی خٲطر۔"},{"$i":"emMmiErrorStkCcSsSs","$v":"درخواست SS درخواست آے تراش کرنِہ اکھ نیو SS"},{"$i":"emMmiErrorPinPukAttempts","$v":{"one":["نَے کوشش بٲقی ",{"t":"idOrVar","v":"n"}," صرف"],"two":["نَے سر کوشش بٲقی ",{"t":"idOrVar","v":"n"}],"few":["نَے سر کوشش بٲقی ",{"t":"idOrVar","v":"n"}],"many":["نَے سر کوشش بٲقی ",{"t":"idOrVar","v":"n"}],"other":["نَے سر کوشش بٲقی ",{"t":"idOrVar","v":"n"}]},"$x":[{"t":"idOrVar","v":"plural"},"n"]},{"$i":"emMmiErrorSimBlocked","$v":"زیادِ خوت زیادِ نَے سر کوشش گَے تجاوُز بلاکڈ سِم"},{"$i":"RadioNotAvailable","$v":"ریڈیو چھِ نِہ دستیاب"},{"$i":"GenericFailure","$v":"کل ناکٲمی"},{"$i":"PasswordIncorrect","$v":"غلط پاس کوڈ"},{"$i":"SimPin2","$v":"سِم پِن2"},{"$i":"SimPuk2","$v":"سِم پی یو کے2"},{"$i":"RequestNotSupported","$v":"درخواست چھِ بے سہارہ"},{"$i":"OpNotAllowedDuringVoiceCall","$v":"آپریشن چھِ نِہ اجازت تھاوان وائس کالِ دوران"},{"$i":"SmsSendFailRetry","$v":"سوزُن ناکام نَے کریو کوشش SMS"},{"$i":"SimAbsent","$v":"غٲئب سِم"},{"$i":"SubscriptionNotAvailable","$v":"سبسکریپشن چھِ نِہ دستیاب"},{"$i":"ModeNotSupported","$v":"انداز چھِ بے سہارہ"},{"$i":"FdnCheckFailure","$v":"جانچ ناکٲمی ایف ڈی این"},{"$i":"IllegalSimOrMe","$v":"ME یا سِم ناجٲئز"},{"$i":"DialModifiedToUssd","$v":"سیتھ USSD ڈائل کُر تراش"},{"$i":"DialModifiedToSs","$v":"سیتھ SS ڈائل کُر تراش"},{"$i":"DialModifiedToDial","$v":"ڈائل کُر تراش ڈائل خٲطر"},{"$i":"UssdModifiedToDial","$v":"آو تراش کرنِہ ڈائل USSD"},{"$i":"UssdModifiedToSs","$v":"USSD آو تراش کرنِہ SS"},{"$i":"UssdModifiedToUssd","$v":"USSD آو تراش کرنِہ USSD"},{"$i":"SsModifiedToDial","$v":"آو تراش کرنِہ ڈائل SS"},{"$i":"SsModifiedToUssd","$v":"SS آو تراش کرنِہ USSD"},{"$i":"SsModifiedToSs","$v":"SS آو تراش کرنِہ SS"},{"$i":"SubscriptionNotSupported","$v":"سبسکریپشن چھِ بے سہارہ"},{"$i":"InvalidParameter","$v":"غیر درست پیرا میٹر"},{"$i":"RejectedByRemote","$v":"ریموٹ ذریعہ انکار"},{"$i":"conferenceCall","$v":["(",{"t":"idOrVar","v":"n"},") کانفرنس"]},{"$i":"caller-left-call","$v":["ہن ترٲے یلِہ کال ",{"t":"idOrVar","v":"caller"}]},{"$i":"conferenceAddError","$v":"ناکام کال مِلاونس"},{"$i":"conferenceRemoveError","$v":"ناکام کال نَہ مِلاونس"},{"$i":"longDateFormat","$v":"%A, %b %e"},{"$i":"select-audio-sources","$v":"چُنیو اکھ آڈیو ذریعہ"},{"$i":"bluetooth-handsfree-device","$v":"بلوٹوتھ ہینڈس فری ڈِوائس"},{"$i":"receiver","$v":"حصول کنندہ"},{"$i":"speaker","$v":"سپیکر"},{"$i":"tcl-cancel","$v":"رد کر"},{"$i":"tcl-dialer","$v":"ڈائلر"},{"$i":"tcl-confirmation","$v":"تصدیق"},{"$i":"log-item","$v":"انتخابات"},{"$i":"tcl-assign-speed-dial","$v":["۔\"",{"t":"idOrVar","v":"speedDial"},"\" رٲبطہ آو نِہ شٲمل کرنِہ بٹنس پیٹھ از سپیڈ ڈائل"]},{"$i":"tcl-assign","$v":"مقرر کر"},{"$i":"select","$v":"چُنیو"},{"$i":"view-all","$v":"ھاو تمام"},{"$i":"search-results","$v":"ژھارن نتیجہ"},{"$i":"no-recent-numbers","$v":"یتِہ چھِ نِہ کاہ تازہ نمبرات کال لاگس اندر ڈائل باپت۔"},{"$i":"wifi-calling","$v":"کالنگ وائی فائی"},{"$i":"dialer-prompt","$v":"ڈائل کر نمبر یا چُنیو رٲبطہ کال شٲمل کرنِہ خٲطر"},{"$i":"hours","$v":"گھنٹہ"},{"$i":"minutes","$v":"منٹ"},{"$i":"seconds","$v":"سیکنڈ"},{"$i":"voicemailNoNumberTitle","$v":"وائس میل نمبر چھِ نِہ دستیاب"},{"$i":"voicemailNoNumberText","$v":"ناکام وائس میل کال کرنس سیٹ اپ کریو وائس میل نمبر کال کرنِہ خٲطر"},{"$i":"voicemailNoNumberSettings","$v":"سیٹِنگس"},{"$i":"voicemailNoNumberCancel","$v":"رد کر"},{"$i":"phoneNumberInput","ariaLabel":"فون نمبر"},{"$i":"keypadDelete","ariaLabel":"خٲرج"},{"$i":"voiceMailKey","ariaLabel":"وائس میل"},{"$i":"asterisk","ariaLabel":"ایسٹرسک"},{"$i":"hashSign","ariaLabel":"ہیش نشان"},{"$i":"loadingSimContacts","$v":"کاڈ رٲبطہ۔۔۔ سِم لوڈ کران"},{"$i":"noContactsWereFound","$v":"کاہ رٲبطہ لوب نِہ"},{"$i":"noContactsFoundDialogOk","$v":"ٹھیک"},{"$i":"emergencyNumber","$v":"امرجنسی نمبر"},{"$i":"callAirplaneModeMessage","$v":"کال کرنِہ خٲطر چھِ توہ ضورتھ سیٹنگس منز ایرپلین انداز ناکار کرُن"},{"$i":"callAirplaneModeBtnOk","$v":"ٹھیک"},{"$i":"callAirplaneModeTitle","$v":"ایر پلین انداز چالو"},{"$i":"numberIsBusyTitle","$v":"نمبر چھِ آوُر"},{"$i":"numberIsBusyMessage","$v":"نمبر چھِ فی الحال آوُر۔ مہربٲنی کریتھ کریو پتِہ پہن کوشش۔"},{"$i":"fdnIsActiveTitle","$v":"چالو FDN"},{"$i":"fdnIsActiveMessage","$v":[":فہرست منز ایف ڈی این فیکسڈ ڈائلنگ نمبر چھِ چالو تِہ یِہ ذیل نمبر چھِ نِہ تہندیس ایف ڈی این ",{"t":"idOrVar","v":"number"}]},{"$i":"emergencyDialogBodyBadNumber","$v":"کال کرنِہ خٲطر، فون گژھ آسُن جوڑیتھ نیٹورکس سیتھ"},{"$i":"emergencyDialogBodyDeviceNotAccepted","$v":"ھنگٲمی کال چھِ نِہ نیٹورک سیتھ اجازت تھاوان۔"},{"$i":"emergencyDialogBtnOk","$v":"ٹھیک"},{"$i":"emergencyDialogTitle","$v":"کاہ نیٹورک کنکشن چھِ نِہ"},{"$i":"invalidNumberToDialTitle","$v":"غیر درست فون نمبر"},{"$i":"invalidNumberToDialMessage","$v":"فون نمبر یتھ توہ کال چھو کران چھِ نِہ درست"},{"$i":"unableToCallTitle","$v":"ناکام وین اکھ کال کرنس"},{"$i":"unableToCallMessage","$v":"ھیکِہ نِہ اکھ کال کریتھ اگر توہ گوڈاے چھو ڈائل کران، مہربٲنی کریتھ کریو گوڈِ بند"},{"$i":"otherConnectionInUseTitle","$v":"بدل کنکشن چھِ استعمالس منز"},{"$i":"otherConnectionInUseMessage","$v":"توہ چھِ اکھ ایکٹیو کال بدل کنکشنس پیٹھ۔ توہ ھیکو صرف اکھ کنکشن اکِہ وقتہ استعمال کریتھ"},{"$i":"tcl-call-log","$v":"کال لاگ"},{"$i":"tcl-contacts","$v":"رٲبطہ"},{"$i":"tcl-call","$v":"کال"},{"$i":"tcl-add-contact","$v":"شٲمل کر موجودہ رٲبطن منز"},{"$i":"tcl-create-contact","$v":"بناو نو رٲبطہ"},{"$i":"tcl-add-speed-dial","$v":"شٲمل کر سپیڈ ڈائلس پیٹھ"},{"$i":"sim-with-index-and-carrier","$v":["SIM ",{"t":"idOrVar","v":"index"}," - ",{"t":"idOrVar","v":"carrier"}]},{"$i":"sim-without-carrier","$v":["SIM ",{"t":"idOrVar","v":"index"}]}]