[{"$i":"confirmMsg","$v":[{"t":"idOrVar","v":"deviceId"}," आहां क कांटेक्ट और कॉल हिस्ट्री एक्सेस करअ चाहै छै?"]},{"$i":"responseMsg","$v":[{"t":"idOrVar","v":"deviceId"}," लेल की"]},{"$i":"confirmTitle","$v":"फ़ोनबुक एक्सेस रिक्वेस्ट"},{"$i":"responseTitle","$v":"ब्लूटूथ सेशन के चाही"},{"$i":"initialValue","$v":"सेशन की दियोक"},{"$i":"gaia-menu-cancel","$v":"रद्द करू"},{"$i":"gaia-sim-picker-dial-via-with-number","$v":["डायल ",{"t":"idOrVar","v":"phonenumber"}," वाया"]},{"$i":"gaia-sim-picker-select-sim","$v":"सिम केर चयन करू"},{"$i":"gaia-sim-picker-button","$v":["सिम",{"t":"idOrVar","v":"n"}]},{"$i":"gaia-sim-picker-button-default","$v":"( डिफ़ॉल्ट)"},{"$i":"softkey-options","$v":"विकल्प"},{"$i":"details","countcall":"कॉल"},{"$i":"edit","$v":"संपादन"},{"$i":"cancel","$v":"रद्द करू"},{"$i":"done","$v":"भ गेल"},{"$i":"ok","$v":"ओके"},{"$i":"update","$v":"अपडेट"},{"$i":"retry","$v":"पुनर्प्रयास"},{"$i":"view","$v":"आलोकन"},{"$i":"search","$v":"सर्च"},{"$i":"contacts","$v":"संपर्क"},{"$i":"addContact","$v":"संपर्क जोड़ू"},{"$i":"deleteContact","$v":"संपर्क मिटाउ"},{"$i":"selectContact","$v":"कांटेक्ट चुनु"},{"$i":"selectAll","$v":"सब चयनित करू"},{"$i":"deselect","$v":"अचयनित"},{"$i":"deselectAll","$v":"सब क अचयनित करी"},{"$i":"editContact","$v":"संपर्क के संपादन"},{"$i":"deleteConfirmMsg","$v":"संपर्क केर मिटाउ"},{"$i":"remove","$v":"हटाउ"},{"$i":"delete","$v":"मिटाउ"},{"$i":"comments","$v":"कमेंट्स"},{"$i":"no_contact_phones","$v":"एई कांटेक्ट में फ़ोन नंबर नै छै"},{"$i":"no_contact_email","$v":"एई कांटेक्ट में ईमेल नै छै"},{"$i":"no_contact_data","$v":"एई कांटेक्ट में फ़ोन नंबर और ईमेल एड्रेस नै छै"},{"$i":"removePhotoConfirm","$v":"कांटेक्ट पिक्चर हटाऊ?"},{"$i":"loadingContacts","$v":"कांटेक्ट लोड भ रहल छै"},{"$i":"noContactsActivity2","$v":"अहॉंक संपर्क सूची मे कुनू संपर्क नहि"},{"$i":"noName","$v":"कोनो नाम नै"},{"$i":"givenName","$v":"फर्स्ट नाम"},{"$i":"familyName","$v":"लास्ट नाम"},{"$i":"tel","$v":"फोन"},{"$i":"carrier","$v":"कैरियर","placeholder":"कैरियर"},{"$i":"separator","$v":","},{"$i":"email","$v":"ईमेल"},{"$i":"streetAddress","$v":"सड़क"},{"$i":"postalCode","$v":"ज़िप कोड"},{"$i":"locality","$v":"सिटी"},{"$i":"countryName","$v":"देश"},{"$i":"comment","$v":"कमेंट"},{"$i":"org","$v":"कंपनी"},{"$i":"date","$v":"तिथि","placeholder":"तिथि"},{"$i":"date-span-placeholder","$v":"तिथि"},{"$i":"birthday","$v":"जन्‍म दिन"},{"$i":"dateFormat","$v":"%B %e"},{"$i":"dateOutput","$v":[{"t":"idOrVar","v":"dayMonthFormatted"}," ",{"t":"idOrVar","v":"year"}]},{"$i":"anniversary","$v":"वर्षगांठ"},{"$i":"addPhoto","$v":"पिक्चर जोरू"},{"$i":"addPhone","$v":"फ़ोन जोरू"},{"$i":"addEmail","$v":"ईमेल जोरू"},{"$i":"addAddress","$v":"एड्रेस जोरू"},{"$i":"addDate","$v":"डेट जोरू"},{"$i":"addComment","$v":"नोट जोरू"},{"$i":"addFavorite","$v":"फेवरेट क रूप में जोरू"},{"$i":"removeFavorite","$v":"फेवरेट से हटाऊ"},{"$i":"addButton","ariaLabel":"जोड़ू"},{"$i":"editButton","ariaLabel":"संपादन"},{"$i":"settingsButton","ariaLabel":"सेटिंग्स"},{"$i":"phoneDetail","ariaLabel":"फोन"},{"$i":"emailDetail","ariaLabel":"ईमेल"},{"$i":"addressDetail","ariaLabel":"पता"},{"$i":"dateDetail","ariaLabel":"तिथि"},{"$i":"composeEmail","ariaLabel":"ईमेल"},{"$i":"makeCall","ariaLabel":"कॉल"},{"$i":"phones","ariaLabel":"फ़ोन्स"},{"$i":"emails","ariaLabel":"ईमेल्स"},{"$i":"addresses","ariaLabel":"अड्रेसस"},{"$i":"dates","ariaLabel":"तारीख"},{"$i":"notes","ariaLabel":"नोट्स"},{"$i":"exit","$v":"बाहर जाउ"},{"$i":"expand","$v":"एक्स्पएन्ड"},{"$i":"labelName","$v":"नाम:"},{"$i":"labelLastName","$v":"लास्ट नाम:"},{"$i":"labelPhoneNumber","$v":"फ़ोन नंबर:"},{"$i":"labelCarrier","$v":"कैर्रिएर:"},{"$i":"labelEmail","$v":"ईमेल:"},{"$i":"labelStreet","$v":"सड़क:"},{"$i":"labelZip","$v":"ज़िप कोड:"},{"$i":"labelCity","$v":"सिटी:"},{"$i":"labelCountry","$v":"देश:"},{"$i":"labelComment","$v":"कमेंट:"},{"$i":"legendTitleMain","$v":"मुख्य जानकारी"},{"$i":"legendPhones","$v":"फ़ोन नंबर्स"},{"$i":"legendEmail","$v":"ईमेल एड्रेस"},{"$i":"legendAddress","$v":"पता"},{"$i":"search-contact","placeholder":"सर्च"},{"$i":"noResults","$v":"कोनो कांटेक्ट नै पैल गेल्लै"},{"$i":"transferContactsTitle","$v":"ट्रान्सफर कॉन्टेक्ट्स"},{"$i":"importContactsTitle","$v":"इम्पोर्ट कॉन्टेक्ट्स"},{"$i":"importContactsButton","$v":"इम्पोर्ट कॉन्टेक्ट्स"},{"$i":"exportContactsTitle","$v":"एक्सपोर्ट कॉन्टेक्ट्स"},{"$i":"exportContactsButton","$v":"एक्सपोर्ट कॉन्टेक्ट्स"},{"$i":"exportContactsAction","$v":"एक्सपोर्ट"},{"$i":"simExport-title","$v":"सिम में एक्सपोर्ट करू"},{"$i":"memoryCardExport-title","$v":"मेमोरी कार्ड में एक्सपोर्ट करू"},{"$i":"btExport-title","$v":"ब्लूटूथ में एक्सपोर्ट करू"},{"$i":"memoryCardUMSEnabled","$v":"मेमोरी कार्ड कें इस्‍तेमाल नहि क सकैत छी कारण यूएसबी सक्रिय अछि."},{"$i":"exportErrorTitle","$v":"एक्सपोर्ट एरर"},{"$i":"contactsExported2","$v":{"zero":"कोनो कांटेक्ट एक्सपोर्ट नै कैल गेल्लै","one":[{"t":"idOrVar","v":"exported"},"/",{"t":"idOrVar","v":"total"}," कांटेक्ट एक्सपोर्टेड"],"two":[{"t":"idOrVar","v":"exported"},"/",{"t":"idOrVar","v":"total"}," कांटेक्ट एक्सपोर्टेड"],"few":[{"t":"idOrVar","v":"exported"},"/",{"t":"idOrVar","v":"total"}," कांटेक्ट एक्सपोर्टेड"],"many":[{"t":"idOrVar","v":"exported"},"/",{"t":"idOrVar","v":"total"}," कांटेक्ट एक्सपोर्टेड"],"other":[{"t":"idOrVar","v":"exported"},"/",{"t":"idOrVar","v":"total"}," कांटेक्ट एक्सपोर्टेड"]},"$x":[{"t":"idOrVar","v":"plural"},"exported"]},{"$i":"exportError-general","$v":"एक्सपोर्ट करें काल में किछ एरर भ गेल्लइ"},{"$i":"exportError-SD-shared","$v":"मेमोरी कार्ड क इस्‍तेमाल नहि क सकै छी कारण ओ साझा अछि."},{"$i":"exportError-SD-unavailable","$v":"मेमोरी कार्ड मौजूद नहि अछि"},{"$i":"exportError-SD-noSpace","$v":"संपर्क एक्सपोर्ट करबाक लेल पर्याप्त स्पेस नहि अछि."},{"$i":"exportError-SIM-unavailable","$v":"सिम कार्ड उपलब्ध नहि अछि"},{"$i":"exportError-BT-shared","$v":"मेमोरी कार्ड क इस्‍तेमाल नहि क सकै छी कारण ओ साझा अछि."},{"$i":"exportError-BT-unavailable","$v":"मेमोरी कार्ड मौजूद नहि अछि"},{"$i":"exportError-BT-noSpace","$v":"संपर्क एक्सपोर्ट करबाक लेल पर्याप्त स्पेस नहि अछि."},{"$i":"social-network","$v":"सोशल नेटवर्क्स"},{"$i":"social-link","$v":"लिंक कांटेक्ट"},{"$i":"social-unlink","$v":"अनलिंक कांटेक्ट"},{"$i":"social-unlink-confirm-title","$v":"अहॉं अप्‍पन दोस्त क अनलिंक करअ चाहै छी ?"},{"$i":"social-unlink-confirm-accept","$v":"अनलिंक"},{"$i":"facebook-import","$v":"इम्पोर्ट फेसबुक फ्रेंड्स"},{"$i":"show-fb-profile","$v":"फेसबुक प्रोफाइल देखू"},{"$i":"msg-send","$v":"संदेश"},{"$i":"wall-post","$v":"वाल पोस्ट"},{"$i":"share-contact","$v":"कांटेक्ट साझा करू"},{"$i":"facebook-export-forbidden","$v":"फेसबुक बाध्यता क कारन इ कांटेक्ट साझा नै भ सकैई या."},{"$i":"otherAccount","$v":"अदर एकाउंट्स"},{"$i":"facebookSwitchMsg","$v":"सिंक फ्रेंड्स"},{"$i":"select_mobile","$v":"मोबाइल चुनु"},{"$i":"select_email","$v":"ईमेल चयनित करू"},{"$i":"select_recipient","$v":"प्राप्‍तकर्ता चुनू"},{"$i":"sort-by-first-name","$v":"पहिल नाम सँ छांटू"},{"$i":"sort-by-last-name","$v":"आखिरी नाम सँ छांटू"},{"$i":"importSim2","$v":"सिम कार्ड"},{"$i":"importGmail","$v":"जीमेल"},{"$i":"bluetooth","$v":"ब्‍ल्‍यूटूथ"},{"$i":"importOutlook","$v":"आउटलुक"},{"$i":"fbUpdateFriends","$v":"अपडेट इम्पोर्टेड कांटेक्ट"},{"$i":"cleaningFbData","$v":"फेसबुक डाटा हटैल ज रहल छै"},{"$i":"loggingOutFb","$v":"फेसबुक से लॉग आउट भ रहल छै"},{"$i":"cleanFbConfirmMsg","$v":"सब फेसबुक डाटा हटाऊ?"},{"$i":"renewPwdMsg","$v":"आहां क फेसबुक पासवर्ड बदलल गेल. कृपया, अपडेट करू."},{"$i":"notEnabledYet","$v":"एखन तक सक्रिय नै"},{"$i":"genericNoConnection","$v":"कांटेक्ट इम्पोर्ट करेई लेल वाई फाई या डाटा नेटवर्क लगाउ"},{"$i":"bluetoothNoConnection","$v":"कांटेक्ट एक्सपोर्ट करेई लेल ब्लूटूथ डिवाइस कनेक्ट करू."},{"$i":"simCard","$v":"सिम कार्ड"},{"$i":"memoryCard","$v":"मेमोरी कार्ड"},{"$i":"simNumberNoMSISDN","$v":["सिम ",{"t":"idOrVar","v":"number"}]},{"$i":"simNumberWithMSISDN","$v":["सिम ",{"t":"idOrVar","v":"number"}," ",{"t":"idOrVar","v":"msisdn"}]},{"$i":"ICEContactsGroup","$v":"ICE कांटेक्ट"},{"$i":"setICEButton","$v":"ICE कांटेक्ट सेट करू"},{"$i":"ICESettingTitle","$v":"ICE कांटेक्ट"},{"$i":"ICEDescription","$v":"\"आपातकाीलन स्थिति में\" कॉल करबाक लेल पांच टा संपर्क जोड़ु"},{"$i":"ICEContact1","$v":"ICE कांटेक्ट 1"},{"$i":"tcl-ice-contact-1-added","$v":"ICE कांटेक्ट 1 जोरल गेल"},{"$i":"ICESelectContact","$v":"A कांटेक्ट चयनित करू"},{"$i":"ICEContact2","$v":"ICE कांटेक्ट 2"},{"$i":"tcl-ice-contact-2-added","$v":"ICE कांटेक्ट 2 जोरल गेल"},{"$i":"ICERepeatedContact","$v":"इ कांटेक्ट पहिने से ICE कांटेक्ट छै"},{"$i":"ICEUnknownError","$v":"ICE कांटेक्ट भेजेई में समस्या आइब गेल्लइ"},{"$i":"ICEContactNoNumber","$v":"एई कांटेक्ट में फ़ोन नंबर नै छै"},{"$i":"ICEFacebookContactNotAllowed","$v":"फेसबुक संपर्क कें आइसीई संपर्क कें रूप में सेट नहि कएल जा सकैत अछि."},{"$i":"ICEContactDelTel","$v":"जे फ़ोन नंबर डिलीट भ जायत अछि से आइसीई संपर्क सँ हटि जायत अछि."},{"$i":"ICEContactDelTelAll","$v":"सब नंबर डिलीट भ गेल्लै ICE कांटेक्ट से इ कांटेक्ट हइट गेल्लै."},{"$i":"delete-ice-contact-warning","$v":"आहां ICE कांटेक्ट हटबअ चाहै छियै?"},{"$i":"add","$v":"जोड़ू"},{"$i":"no-contacts","$v":"कोनो कांटेक्ट नै"},{"$i":"start-adding","$v":"नया कांटेक्ट जोरैई लेल न्यू कांटेक्ट के दाबू."},{"$i":"notImported","$v":"नॉट इम्पोर्टेड"},{"$i":"imported","$v":"इम्पोर्टेड"},{"$i":"today","$v":"आई"},{"$i":"yesterday","$v":"काल्हि"},{"$i":"messageCanceling","$v":"कृपया रुकू .जारी प्रोग्राम कैंसिल भ रहल छै."},{"$i":"organise-contacts","$v":"ऑर्गनाइज़ कांटेक्ट"},{"$i":"find-merge-contacts","$v":"डुप्‍लीकेट संपर्क खोजू"},{"$i":"preparing-contacts","$v":"कांटेक्ट तैयार भा रहल छै"},{"$i":"exportError-SIM-NoFreeRecordFound","$v":"सिम कार्ड फुल"},{"$i":"exportError-SIM-CannotAccessPhoneBook","$v":"सिम कार्ड कें फोन बुक एक्‍सेस नहि क सकैत छी."},{"$i":"exportError-SIM-Unavailable","$v":"सिम कार्ड नहि भेटल"},{"$i":"exportError-SIM-GenericError","$v":"संपर्क एक्‍सपोर्ट करवाक घड़ी एरर भ गेल."},{"$i":"noSimMsgExport","$v":"कांटेक्ट एक्सपोर्ट करेई लेल सिम कार्ड लागू या अनलॉक करू"},{"$i":"noMemoryCardMsgExport","$v":"कांटेक्ट एक्सपोर्ट करेई लेल मेमोरी कार्ड लगाऊ"},{"$i":"ContactManagementTitle","$v":"कांटेक्ट प्रबंधन"},{"$i":"DeleteTitle","$v":"मिटाउ"},{"$i":"bulkDeleteButton","$v":"संपर्क केर मिटाउ"},{"$i":"BulkDelCancel","$v":"संपर्क हटाएब रद्द।"},{"$i":"DeletedTxt","$v":{"zero":"डिलीट करई कोनो कांटेक्ट नै","one":"1 कांटेक्ट हटैल गेल्लै","two":[{"t":"idOrVar","v":"n"}," कांटेक्ट हटैल गेल"],"few":[{"t":"idOrVar","v":"n"}," कांटेक्ट हटैल गेल"],"many":[{"t":"idOrVar","v":"n"}," कांटेक्ट हटैल गेल"],"other":[{"t":"idOrVar","v":"n"}," कांटेक्ट हटैल गेल"]},"$x":[{"t":"idOrVar","v":"plural"},"n"]},{"$i":"DeletingContacts","$v":"कॉन्टेक्ट्स डिलीट भ रहल छै"},{"$i":"ContactConfirmDel","$v":{"zero":"डिलीट करई कोनो कांटेक्ट नै","one":"संपर्क 1 हटबु? ई पुनर्प्राप्त नहि कई ज सकत।","two":["हटबु ",{"t":"idOrVar","v":"n"}," संपर्क? ई पुनर्प्राप्त नहि कएल जा सकत।"],"few":["हटबु ",{"t":"idOrVar","v":"n"}," संपर्क? ई पुनर्प्राप्त नहि कएल जा सकत।"],"many":["हटबु ",{"t":"idOrVar","v":"n"}," संपर्क? ई पुनर्प्राप्त नहि कएल जा सकत।"],"other":["हटबु ",{"t":"idOrVar","v":"n"}," संपर्क? ई पुनर्प्राप्त नहि कएल जा सकत।"]},"$x":[{"t":"idOrVar","v":"plural"},"n"]},{"$i":"SelectedTxt","$v":{"zero":[{"t":"idOrVar","v":"n"}," चयनित"],"one":[{"t":"idOrVar","v":"n"}," चयनित"],"two":[{"t":"idOrVar","v":"n"}," चयनित"],"few":[{"t":"idOrVar","v":"n"}," चयनित"],"many":[{"t":"idOrVar","v":"n"}," चयनित"],"other":[{"t":"idOrVar","v":"n"}," चयनित"]},"$x":[{"t":"idOrVar","v":"plural"},"n"]},{"$i":"video","$v":"वीडियो"},{"$i":"audio","$v":"ऑडियो"},{"$i":"pick_destination","$v":[{"t":"idOrVar","v":"destination"}," ",{"t":"idOrVar","v":"carrier"}]},{"$i":"removeField","ariaLabel":"हटाउ"},{"$i":"undo","ariaLabel":"अनडू"},{"$i":"send-sms-button","ariaLabel":"SMS"},{"$i":"ice_contacts","$v":"ICE कांटेक्ट"},{"$i":"edit-picture","$v":"पिक्चर सम्पादित करू"},{"$i":"remove-photo","$v":"तस्‍वीर हटाउ"},{"$i":"change-photo","$v":"पिक्चर बदलू"},{"$i":"photo-options","$v":"फोटो विकल्प"},{"$i":"tcl-all","$v":"सब"},{"$i":"tcl-speed-dial","$v":"स्‍पीड डायल"},{"$i":"tcl-new-contact","$v":"नया कांटेक्ट"},{"$i":"tcl-settings","$v":"सेटिंग्स"},{"$i":"tcl-save","$v":"सेव"},{"$i":"save","$v":"सेव"},{"$i":"tcl-add","$v":"जोड़ू"},{"$i":"tcl-contact-add-ringtone","$v":"रिंगटोन जोरू"},{"$i":"tcl-custom-dialog-title-default","$v":"कन्फर्मेशन"},{"$i":"confirm-dialog-title-default","$v":"कन्फर्मेशन"},{"$i":"discard","$v":"नामंजूर"},{"$i":"custom-tag-title","$v":"कस्टम टैग"},{"$i":"tcl-contact-added","$v":"कांटेक्ट जोरल गेल"},{"$i":"tcl-contact-updated","$v":"कांटेक्ट जानकारी अपडेट"},{"$i":"tcl-contact-removed","$v":"कांटेक्ट डिलीट भ गेल्लै"},{"$i":"tcl-contact-unremoved","$v":"नै हेइट सकल"},{"$i":"edit-phone-type","$v":"फ़ोन टाइप सम्पादित करू"},{"$i":"edit-email-type","$v":"ईमेल टाइप सम्पादित करू"},{"$i":"edit-address-type","$v":"एज एड्रेस टाइप"},{"$i":"edit-date-type","$v":"डाटा टाइप सम्पादित करू"},{"$i":"tcl-select-phone-type","$v":"फ़ोन टाइप चयनित करू"},{"$i":"tcl-select-email-type","$v":"ईमेल टाइप चयनित करू"},{"$i":"tcl-select-address-type","$v":"एड्रेस टाइप चयनित करू"},{"$i":"tcl-select-date-type","$v":"डेट टाइप चयनित करू"},{"$i":"add-phone","$v":"फ़ोन नंबर जोरू"},{"$i":"add-email","$v":"ईमेल जोरू"},{"$i":"add-address","$v":"एड्रेस जोरू"},{"$i":"add-date","$v":"डेट जोरू"},{"$i":"add-phone-type","$v":"फोन टाइप"},{"$i":"add-email-type","$v":"ईमेल टाइप"},{"$i":"add-address-type","$v":"एड्रेस टाइप"},{"$i":"add-date-type","$v":"तारीख प्रकार"},{"$i":"delete-phone","$v":"फ़ोन नंबर डिलीट करू"},{"$i":"delete-email","$v":"ईमेल डिलीट करू"},{"$i":"delete-address","$v":"डिलीट एड्रेस"},{"$i":"delete-date","$v":"तारीख डिलीट करू"},{"$i":"delete-note","$v":"डिलीट नोट"},{"$i":"delete-comment-warning","$v":"आहां नोट क डिलीट करा चाहै छियै?"},{"$i":"tcl-deleting-messages-phone","$v":["आहां फ़ोन डिलीट करा चाहै छियै \"",{"t":"idOrVar","v":"type_name"},"\"?"]},{"$i":"tcl-deleting-messages-email","$v":["आहां ईमेल डिलीट करा चाहै छियै \"",{"t":"idOrVar","v":"type_name"},"\"?"]},{"$i":"tcl-deleting-messages-address","$v":["आहां एड्रेस क डिलीट करा चाहै छियै \"",{"t":"idOrVar","v":"type_name"},"\"?"]},{"$i":"tcl-deleting-messages-date","$v":"आहां तारीख क डिलीट करा चाहै छियै?"},{"$i":"deleting-message-warning","$v":["आहां \"",{"t":"idOrVar","v":"type_name"},"\" क डिलीट करअ चाहै छियै?"]},{"$i":"tcl-deleting-messages-comment","$v":"आहां कमेंट क डिलीट करा चाहै छियै?"},{"$i":"delecting-messages-contact","$v":["आहां कांटेक्ट \"",{"t":"idOrVar","v":"type_name"},"\" डिलीट करा चाहै छियै?"]},{"$i":"delecting-this-contact","$v":"इ कांटेक्ट डिलीट करू?"},{"$i":"deleting-messages-ringtone","$v":"आहां रिंगटोन क डिलीट करा चाहै छियै?"},{"$i":"deleting-messages-picture","$v":"आहां फोटो हटबा चाहै छियै?"},{"$i":"tcl-deleting-notification-ringtone","$v":"रिंगटोन डिलीट भ गेल्लई"},{"$i":"tcl-deleting-notification-comment","$v":"टिप्‍पणी मिटा गेल"},{"$i":"note","$v":"नोट"},{"$i":"address","$v":"पता"},{"$i":"tcl-noContacts","$v":"कांटेक्ट नै जोरल जा सकै या कारणेँ कांटेक्ट लिस्ट खाली छै."},{"$i":"tcl-noContacts-no-email","$v":"कांटेक्ट नहि जोड़ल जा सकै अछि कारण कोनो कांटेक्ट मे ईमेल नहि अछि."},{"$i":"tcl-noContacts-no-tel","$v":"कांटेक्ट नहि जोड़ल जा सकै अछि कारण संपर्क सूची खाली अछि."},{"$i":"tcl-noContactsTitle","$v":"कोनो कांटेक्ट नै"},{"$i":"tcl-change-voice-mail","$v":"वॉयसमेल नंबर बदलू"},{"$i":"tcl-replace","$v":"स्‍थानापन्‍न"},{"$i":"tcl-remove-speed-dial","$v":"स्पीड डायल से हटाऊ"},{"$i":"tcl-notification-speed-dial-added","$v":"स्पीड डायल नंबर जोरल गेल"},{"$i":"tcl-notification-speed-dial-removed","$v":"स्पीड डायल नंबर हटैल गेल"},{"$i":"tcl-notification-speed-dial-updated","$v":"स्पीड डायल नंबर अपडेट कैइल गेल"},{"$i":"tcl-notification-voice-mail-updated","$v":"वॉयसमेल नंबर अपडेटेड"},{"$i":"tcl-notification-contact-assigned","$v":"कांटेक्ट में स्पीड डायल असाइन कैल गेल्लै"},{"$i":"empty","$v":"खाली"},{"$i":"tcl-voice-mail","$v":"वौइस् मेल"},{"$i":"contact-confirm-save","$v":"संपर्क सूचना हटि जायत. अहॉं इ संपर्क क सेव करअ चाहै छी ?"},{"$i":"contact-confirm-form-save","$v":"बदलाव सब हैइट जेत्तई. आहां इ कांटेक्ट सेव करअ चाहै छियै."},{"$i":"tcl-yes","$v":"हँ"},{"$i":"tcl-no","$v":"नाहिं"},{"$i":"tcl-default-ringtone","$v":"डिफॉल्‍ट रिंगटोन"},{"$i":"tcl-add-ringtone","$v":"रिंगटोन्‍स"},{"$i":"tcl-ringtone","$v":"रिंगटोन"},{"$i":"change-ringtone","$v":"रिंगटोन बदलू"},{"$i":"delete-ringtone","$v":"रिंगटोन डिलीट करू"},{"$i":"tcl-settings-title","$v":"संपर्क सेटिंग्‍स"},{"$i":"settings-sort-contacts-title","$v":"सॉर्ट कॉन्टेक्ट्स"},{"$i":"tcl-oder-notification","$v":"बदलाव सेव भ गेल"},{"$i":"changes-saved-notification","$v":"बदलाव संग्रक्षित."},{"$i":"tcl-imported-status","$v":[{"t":"idOrVar","v":"n"}," कॉन्टेक्ट्स इम्पोर्ट कैल गेल्लै ",{"t":"idOrVar","v":"numDups"}," कॉन्टेक्ट्स मर्ज कैलगेल्लै"]},{"$i":"tcl-on","$v":"ऑन"},{"$i":"tcl-off","$v":"ऑफ"},{"$i":"on","$v":"ऑन"},{"$i":"off","$v":"ऑफ"},{"$i":"tcl-contact-empty-number","$v":"फ़ोन नंबर खाली करु"},{"$i":"contact-no-dial-number","$v":"डायल करेई लेल कोनो नंबर नै."},{"$i":"tcl-select-number","$v":"नंबर चयनित करू"},{"$i":"tcl-select-email","$v":"ईमेल चयनित करू"},{"$i":"select-email","$v":"ईमेल चयनित करू"},{"$i":"tcl-send-message","$v":"मेसेज भेजू"},{"$i":"send-email","$v":"email भेजू"},{"$i":"tcl-share","$v":"साझाकरण"},{"$i":"tcl-find-duplicate","$v":"डुप्‍लीकेट संपर्क खोजू"},{"$i":"tcl-add-favorite","$v":"फेवरेट क रूप में जोरू"},{"$i":"tcl-remove-favorite","$v":"उन्फेवोरिट"},{"$i":"tcl-link-social-networks","$v":"सोशल मीडिया सने लिंक करू"},{"$i":"tcl-delete","$v":"मिटाउ"},{"$i":"tcl-detail-send-sms","$v":"नया SMS"},{"$i":"tcl-detail-call","$v":"कॉल"},{"$i":"tcl-detail-send-email","$v":"कंपोज"},{"$i":"sms","$v":"संदेश"},{"$i":"tcl-search-contact","$v":"सर्च"},{"$i":"tcl-number","$v":["नंबर",{"t":"idOrVar","v":"number"}]},{"$i":"tcl-custom-dialog-replace-speed-dial","$v":["अहॉं ",{"t":"idOrVar","v":"oldSpeedDial"}," क स्पीड डायल ",{"t":"idOrVar","v":"newSpeedDial"}," सँ बदला करै चाहै छी ?"]},{"$i":"custom-dialog-remove-speed-dial","$v":["आहां ",{"t":"idOrVar","v":"name"}," क स्पीड डायल से हटबअ चाहै छियै"]},{"$i":"tcl-options","$v":"विकल्प"},{"$i":"tcl-success-merged","$v":[{"t":"idOrVar","v":"number"}," कांटेक्ट मर्ज कैइल गेल"]},{"$i":"tcl-contact-confirm-merge","$v":["आहां मर्ज ",{"t":"idOrVar","v":"count"}," क कॉन्टेक्ट्स ",{"t":"idOrVar","v":"name"}," सने मर्ज करअ चाहै छियै?"]},{"$i":"tcl-merge","$v":"मर्ज"},{"$i":"add-speed-dial-failed-title","$v":"स्‍पीड डायलक जोड़ विफल"},{"$i":"add-speed-dial-failed-content","$v":[{"t":"idOrVar","v":"name"}," स्पीड डायल में पहिने से छै."]},{"$i":"merge","$v":"मर्ज"},{"$i":"tcl-attention","$v":"ध्‍यान दिय"},{"$i":"attention","$v":"ध्‍यान दिय"},{"$i":"tcl-speed-dial-add-contact","$v":"कोनो कॉन्टेक्ट्स नैई छै. कृपया एकटा कांटेक्ट बनाऊ."},{"$i":"tcl-voice-mail-header","$v":"वौइस् मेल"},{"$i":"tcl-voice-mail-number","$v":"वौइस् मेल नंबर"},{"$i":"tcl-select-all","$v":"सब चयनित करू"},{"$i":"tcl-deselect-all","$v":"सब क अचयनित करी"},{"$i":"systemring","$v":"रिंगटोन"},{"$i":"moremusic","$v":"संगीत"},{"$i":"tcl-add-ringselect","$v":"से चयनित करू"},{"$i":"type-select","$v":"सलेक्‍ट करू"},{"$i":"dialnum-view","$v":"आलोकन"},{"$i":"select-a-contact-title","$v":"A कांटेक्ट चयनित करू"},{"$i":"select-a-number-title","$v":"A नंबर चयनित करू"},{"$i":"invalid-vcf-file","$v":"अमान्य VCF फाइल"},{"$i":"voiceMail","$v":"वाय्समेल"},{"$i":"back","$v":"पीछा"},{"$i":"noSimMsg","$v":"कांटेक्ट इपोर्ट करेई लेल सिम कार्ड लगाउ या अनलॉक करू"},{"$i":"noMemoryCardMsg","$v":"कांटेक्ट इम्पोर्ट करेई लेल मेमोरी कार्ड लगाऊ"},{"$i":"importMemoryCard","$v":"मेमोरी कार्ड"},{"$i":"noConnection11","$v":"फेसबुक फ्रेंड इम्पोर्ट करबाक लेल Wi-Fi अथवा डेटा नेटवर्क सँ कनेक्ट करू"},{"$i":"emptyAccount","$v":"ई अकाउंट मे कोनो कांटेक्ट नहि भेटल."},{"$i":"simContacts-import","$v":"इम्पोर्ट सिम कॉन्टेक्ट्स"},{"$i":"simContacts-importing","$v":"सिम कार्ड से कॉन्टेक्ट्स इम्पोर्ट भ रहल छै"},{"$i":"simContacts-reading","$v":"सिम कार्ड से कांटेक्ट पइढ रहल छि"},{"$i":"simContacts-error","$v":"कॉन्टेक्ट्स इम्पोर्ट नहि भ रहल अछि"},{"$i":"simContacts-imported3","$v":{"zero":"सिम में इम्पोर्ट करीई लेल कोनो कांटेक्ट पेल नै गेल्लै","one":"एक टा संपर्क इर्म्‍पोट भेल","two":[{"t":"idOrVar","v":"n"}," कॉन्टेक्ट्स इम्पोर्ट कैल गेल्लै"],"few":[{"t":"idOrVar","v":"n"}," कॉन्टेक्ट्स इम्पोर्ट कैल गेल्लै"],"many":[{"t":"idOrVar","v":"n"}," कॉन्टेक्ट्स इम्पोर्ट कैल गेल्लै"],"other":[{"t":"idOrVar","v":"n"}," कॉन्टेक्ट्स इम्पोर्ट कैल गेल्लै"]},"$x":[{"t":"idOrVar","v":"plural"},"n"]},{"$i":"memoryCardContacts-import","$v":"मेमोरी कार्ड से कॉन्टेक्ट्स इम्पोर्ट करू"},{"$i":"memoryCardContacts-importing","$v":"मेमोरी कार्ड से कॉन्टेक्ट्स इम्पोर्ट भ रहल छै"},{"$i":"memoryCardContacts-reading","$v":"मेमोरी कार्ड से कांटेक्ट पइढ रहल छि"},{"$i":"memoryCardContacts-error","$v":"मेमोरी कार्ड से कांटेक्ट इम्पोर्ट नै भ सकल"},{"$i":"memoryCardContacts-imported3","$v":{"zero":"मेमोरी कार्ड में इम्पोर्ट करीई लेल कोनो कांटेक्ट पेल नै गेल्लै","one":"एक टा संपर्क इर्म्‍पोट भेल","two":[{"t":"idOrVar","v":"n"}," कॉन्टेक्ट्स इम्पोर्ट कैल गेल्लै"],"few":[{"t":"idOrVar","v":"n"}," कॉन्टेक्ट्स इम्पोर्ट कैल गेल्लै"],"many":[{"t":"idOrVar","v":"n"}," कॉन्टेक्ट्स इम्पोर्ट कैल गेल्लै"],"other":[{"t":"idOrVar","v":"n"}," कॉन्टेक्ट्स इम्पोर्ट कैल गेल्लै"]},"$x":[{"t":"idOrVar","v":"plural"},"n"]},{"$i":"genericProgress","$v":[{"t":"idOrVar","v":"current"},"/",{"t":"idOrVar","v":"total"}]},{"$i":"facebook","$v":"फेसबुक"},{"$i":"facebook-import-msg2","$v":[{"t":"idOrVar","v":"imported"},"/",{"t":"idOrVar","v":"total"}," फ्रेंड्स एक्सपोर्टेड"]},{"$i":"contactsMerged","$v":{"zero":"कोनो डुप्लीकेट कांटेक्ट मर्ज नै कैल गेल्लै","one":"एक टा डुप्लीकेट कांटेक्ट मर्ज कैल गेल","two":[{"t":"idOrVar","v":"numDups"}," कांटेक्ट मर्ज कैइल गेल"],"few":[{"t":"idOrVar","v":"numDups"}," कांटेक्ट मर्ज कैइल गेल"],"many":[{"t":"idOrVar","v":"numDups"}," कांटेक्ट मर्ज कैइल गेल"],"other":[{"t":"idOrVar","v":"numDups"}," कांटेक्ट मर्ज कैइल गेल"]},"$x":[{"t":"idOrVar","v":"plural"},"numDups"]},{"$i":"weekday-0-long","$v":"रवि"},{"$i":"weekday-1-long","$v":"सोम दिन"},{"$i":"weekday-2-long","$v":"मंगल दिन"},{"$i":"weekday-3-long","$v":"बुध दिन"},{"$i":"weekday-4-long","$v":"वृहस्‍पति दिन"},{"$i":"weekday-5-long","$v":"शुक्र दिन"},{"$i":"weekday-6-long","$v":"शनि दिन"},{"$i":"weekday-0-short","$v":"सुन"},{"$i":"weekday-1-short","$v":"मन"},{"$i":"weekday-2-short","$v":"ट्यू"},{"$i":"weekday-3-short","$v":"वेद"},{"$i":"weekday-4-short","$v":"थू"},{"$i":"weekday-5-short","$v":"फ्राइडे"},{"$i":"weekday-6-short","$v":"सैट"},{"$i":"month-0-long","$v":"जनुअरी"},{"$i":"month-1-long","$v":"फेब्रुअरी"},{"$i":"month-2-long","$v":"मार्च"},{"$i":"month-3-long","$v":"अप्रैल"},{"$i":"month-4-long","$v":"मई"},{"$i":"month-5-long","$v":"जून"},{"$i":"month-6-long","$v":"जुलाई"},{"$i":"month-7-long","$v":"अगस्त"},{"$i":"month-8-long","$v":"सितम्बर"},{"$i":"month-9-long","$v":"अक्टूबर"},{"$i":"month-10-long","$v":"नवम्बर"},{"$i":"month-11-long","$v":"दिसम्बर"},{"$i":"month-0-genitive","$v":"जनुअरी"},{"$i":"month-1-genitive","$v":"फेब्रुअरी"},{"$i":"month-2-genitive","$v":"मार्च"},{"$i":"month-3-genitive","$v":"अप्रैल"},{"$i":"month-4-genitive","$v":"मई"},{"$i":"month-5-genitive","$v":"जून"},{"$i":"month-6-genitive","$v":"जुलाई"},{"$i":"month-7-genitive","$v":"अगस्त"},{"$i":"month-8-genitive","$v":"सितम्बर"},{"$i":"month-9-genitive","$v":"अक्टूबर"},{"$i":"month-10-genitive","$v":"नवम्बर"},{"$i":"month-11-genitive","$v":"दिसम्बर"},{"$i":"month-0-short","$v":"जन"},{"$i":"month-1-short","$v":"फेब्रुअरी"},{"$i":"month-2-short","$v":"मर"},{"$i":"month-3-short","$v":"एप्र"},{"$i":"month-4-short","$v":"मई"},{"$i":"month-5-short","$v":"जून"},{"$i":"month-6-short","$v":"जुल"},{"$i":"month-7-short","$v":"औग"},{"$i":"month-8-short","$v":"सेप"},{"$i":"month-9-short","$v":"ओक्ट"},{"$i":"month-10-short","$v":"नोव"},{"$i":"month-11-short","$v":"दिसम्बर"},{"$i":"minutes-ago-long","$v":{"zero":"एखन तुरंत","one":"एक मिनट पहिने","two":[{"t":"idOrVar","v":"value"}," मिनट पहिने"],"few":[{"t":"idOrVar","v":"value"}," मिनट पहिने"],"many":[{"t":"idOrVar","v":"value"}," मिनट पहिने"],"other":[{"t":"idOrVar","v":"value"}," मिनट पहिने"]},"$x":[{"t":"idOrVar","v":"plural"},"value"]},{"$i":"hours-ago-long","$v":{"zero":"एखन तुरंत","one":"एक घंटा पहिने","two":[{"t":"idOrVar","v":"value"}," घंटा पहिने"],"few":[{"t":"idOrVar","v":"value"}," घंटा पहिने"],"many":[{"t":"idOrVar","v":"value"}," घंटा पहिने"],"other":[{"t":"idOrVar","v":"value"}," घंटा पहिने"]},"$x":[{"t":"idOrVar","v":"plural"},"value"]},{"$i":"days-ago-long","$v":{"zero":"आई","one":"काल्हि","two":[{"t":"idOrVar","v":"value"}," दिन पहिने"],"few":[{"t":"idOrVar","v":"value"}," दिन पहिने"],"many":[{"t":"idOrVar","v":"value"}," दिन पहिने"],"other":[{"t":"idOrVar","v":"value"}," दिन पहिने"]},"$x":[{"t":"idOrVar","v":"plural"},"value"]},{"$i":"weeks-ago-long","$v":{"zero":"इ हफ्ता","one":"पिछला हफ्ता","two":[{"t":"idOrVar","v":"value"}," हफ्ता पहिने"],"few":[{"t":"idOrVar","v":"value"}," हफ्ता पहिने"],"many":[{"t":"idOrVar","v":"value"}," हफ्ता पहिने"],"other":[{"t":"idOrVar","v":"value"}," हफ्ता पहिने"]},"$x":[{"t":"idOrVar","v":"plural"},"value"]},{"$i":"months-ago-long","$v":{"zero":"इ महिना","one":"पिछला महिना","two":[{"t":"idOrVar","v":"value"}," मास बाद"],"few":[{"t":"idOrVar","v":"value"}," मास बाद"],"many":[{"t":"idOrVar","v":"value"}," मास बाद"],"other":[{"t":"idOrVar","v":"value"}," मास बाद"]},"$x":[{"t":"idOrVar","v":"plural"},"value"]},{"$i":"years-ago-long","$v":{"zero":"इ साल","one":"पिछला साल","two":[{"t":"idOrVar","v":"value"}," साल पहिने"],"few":[{"t":"idOrVar","v":"value"}," साल पहिने"],"many":[{"t":"idOrVar","v":"value"}," साल पहिने"],"other":[{"t":"idOrVar","v":"value"}," साल पहिने"]},"$x":[{"t":"idOrVar","v":"plural"},"value"]},{"$i":"minutes-until-long","$v":{"zero":"एखन","one":"एक मिनट में","two":[{"t":"idOrVar","v":"value"}," मिनट में"],"few":[{"t":"idOrVar","v":"value"}," मिनट में"],"many":[{"t":"idOrVar","v":"value"}," मिनट में"],"other":[{"t":"idOrVar","v":"value"}," मिनट में"]},"$x":[{"t":"idOrVar","v":"plural"},"value"]},{"$i":"hours-until-long","$v":{"zero":"एखन","one":"एक घंटा में","two":[{"t":"idOrVar","v":"value"}," घंटा में"],"few":[{"t":"idOrVar","v":"value"}," घंटा में"],"many":[{"t":"idOrVar","v":"value"}," घंटा में"],"other":[{"t":"idOrVar","v":"value"}," घंटा में"]},"$x":[{"t":"idOrVar","v":"plural"},"value"]},{"$i":"days-until-long","$v":{"zero":"आई","one":"काल्हि","two":[{"t":"idOrVar","v":"value"}," दिन में"],"few":[{"t":"idOrVar","v":"value"}," दिन में"],"many":[{"t":"idOrVar","v":"value"}," दिन में"],"other":[{"t":"idOrVar","v":"value"}," दिन में"]},"$x":[{"t":"idOrVar","v":"plural"},"value"]},{"$i":"weeks-until-long","$v":{"zero":"इ हफ्ता","one":"आगु क सप्‍ताह","two":[{"t":"idOrVar","v":"value"}," हफ्ता में"],"few":[{"t":"idOrVar","v":"value"}," हफ्ता में"],"many":[{"t":"idOrVar","v":"value"}," हफ्ता में"],"other":[{"t":"idOrVar","v":"value"}," हफ्ता में"]},"$x":[{"t":"idOrVar","v":"plural"},"value"]},{"$i":"months-until-long","$v":{"zero":"इ महिना","one":"अगला महिना","two":[{"t":"idOrVar","v":"value"}," मास मे"],"few":[{"t":"idOrVar","v":"value"}," मास मे"],"many":[{"t":"idOrVar","v":"value"}," मास मे"],"other":[{"t":"idOrVar","v":"value"}," मास मे"]},"$x":[{"t":"idOrVar","v":"plural"},"value"]},{"$i":"years-until-long","$v":{"zero":"इ साल","one":"अगला साल","two":[{"t":"idOrVar","v":"value"}," साल मे"],"few":[{"t":"idOrVar","v":"value"}," साल मे"],"many":[{"t":"idOrVar","v":"value"}," साल मे"],"other":[{"t":"idOrVar","v":"value"}," साल मे"]},"$x":[{"t":"idOrVar","v":"plural"},"value"]},{"$i":"minutes-ago-short","$v":{"zero":"एखन तुरंत","other":[{"t":"idOrVar","v":"value"}," म पहिने"]},"$x":[{"t":"idOrVar","v":"plural"},"value"]},{"$i":"hours-ago-short","$v":{"zero":"एखन तुरंत","other":[{"t":"idOrVar","v":"value"}," h पहिने"]},"$x":[{"t":"idOrVar","v":"plural"},"value"]},{"$i":"days-ago-short","$v":{"zero":"आई","other":[{"t":"idOrVar","v":"value"},"d पहिने"]},"$x":[{"t":"idOrVar","v":"plural"},"value"]},{"$i":"minutes-until-short","$v":{"zero":"एखन","other":[{"t":"idOrVar","v":"value"}," m"]},"$x":[{"t":"idOrVar","v":"plural"},"value"]},{"$i":"hours-until-short","$v":{"zero":"एखन","other":[{"t":"idOrVar","v":"value"},"h"]},"$x":[{"t":"idOrVar","v":"plural"},"value"]},{"$i":"days-until-short","$v":{"zero":"आई","other":[{"t":"idOrVar","v":"value"}," d"]},"$x":[{"t":"idOrVar","v":"plural"},"value"]},{"$i":"incorrectDate","$v":"( गलत तारीख)"},{"$i":"dateTimeFormat_%c","$v":"%a %b %e %Y %I:%M:%S %p"},{"$i":"dateTimeFormat_%x","$v":"%m/%d/%Y"},{"$i":"dateTimeFormat_%X","$v":"%I:%M:%S %p"},{"$i":"shortTimeFormat","$v":"%I:%M %p"},{"$i":"shortTimeFormat12","$v":"%I:%M %p"},{"$i":"shortTimeFormat24","$v":"%H:%M"},{"$i":"shortDateTimeFormat","$v":"%x %I:%M %p"},{"$i":"weekStartsOnMonday","$v":"0"},{"$i":"firstDayOfTheWeek","$v":"0"},{"$i":"time_am","$v":"AM"},{"$i":"time_pm","$v":"PM"},{"$i":"label","$v":"लेबल"},{"$i":"mobile","$v":"मोबाइल"},{"$i":"home","$v":"होम"},{"$i":"work","$v":"कार्य"},{"$i":"personal","$v":"निजी"},{"$i":"faxHome","$v":"फैक्स होम"},{"$i":"faxOffice","$v":"फैक्स ऑफिस"},{"$i":"faxOther","$v":"fax अदर"},{"$i":"another","$v":"दोसर"},{"$i":"other","$v":"आन"},{"$i":"tcl-customTag","$v":"कस्टम टैग"},{"$i":"customTag","$v":"कस्टम टैग","placeholder":"कस्टम टैग"},{"$i":"current","$v":"करंट"},{"$i":"itemWithLabel","$v":[{"t":"idOrVar","v":"label"},", ",{"t":"idOrVar","v":"item"}]},{"$i":"waitDuplicateContacts","$v":"डुप्लीकेट कॉंटॅक्ट्स लेल देखल जा रहल अछि"},{"$i":"waitMergingDuplicateContacts","$v":"डुप्लीकेट कांटेक्ट मर्ज भ रहल छै"},{"$i":"alertNoDuplicateContacts","$v":"कोनो डुप्लीकेट कांटेक्ट पैल गेल्लै"},{"$i":"curtainCancel","$v":"रद्द करू"},{"$i":"close","$v":"बंद"},{"$i":"mergeDuplicateTitle","$v":"डुप्लीकेट फाउंड"},{"$i":"suggestedDuplicatesMessage","innerHTML":{"$o":["डुप्लीकेट कांटेक्ट सुझाव <bdi>",{"t":"idOrVar","v":"name"},"</bdi>"]}},{"$i":"mergeActionButtonLabel","$v":{"zero":"कुनू संपर्क चयनित नाहिं","one":[{"t":"idOrVar","v":"n"}," कांटेक्ट सने कॉल मर्ज करू"],"two":[{"t":"idOrVar","v":"n"}," संपर्क संग कॉल मर्ज करू"],"few":[{"t":"idOrVar","v":"n"}," संपर्क संग कॉल मर्ज करू"],"many":[{"t":"idOrVar","v":"n"}," संपर्क संग कॉल मर्ज करू"],"other":[{"t":"idOrVar","v":"n"}," संपर्क संग कॉल मर्ज करू"]},"$x":[{"t":"idOrVar","v":"plural"},"n"]},{"$i":"duplicatesFoundTitle","$v":"डुप्लीकेट फाउंड"},{"$i":"foundDuplicatesMessage","innerHTML":"निम्‍नलिखित संपर्क में डुप्‍लीकेट सूचना पाएल गेल अछि, अहॉं मर्ज करअ चाहै छी"},{"$i":"tcl-merge-selected-counts","$v":[{"t":"idOrVar","v":"n"}," चयनित"]},{"$i":"tcl-wait-duplicate-contacts","$v":"डुप्‍लीकेट संपर्क खोजू"},{"$i":"tcl-wait-txt","$v":"डुप्लीकेट कांटेक्ट लेल देखल जा रहल छै..."},{"$i":"import","$v":"इंपोर्ट"},{"$i":"fbFriends","$v":"फेसबुक फ्रेंड्स"},{"$i":"live-serviceName","$v":"आउटलुक"},{"$i":"gmail-serviceName","$v":"जीमेल"},{"$i":"facebook-serviceName","$v":"फेसबुक फ्रेंड्स"},{"$i":"viewAll","$v":"सबटा फेसबुक फ्रेंड देखू"},{"$i":"viewRecommend","$v":"मात्र सिफारिश कैइल गेल देखू"},{"$i":"linkProposal","$v":{"zero":"कोनो मैचिंग मित्र नहि. सब देखा रहल छी","one":"सिफारिश कैइल गेल चयनित करू","two":"सिफारिश कैइल गेल चयनित करू","few":"सिफारिश कैइल गेल चयनित करू","many":"सिफारिश कैइल गेल चयनित करू","other":"सिफारिश कैइल गेल चयनित करू"},"$x":[{"t":"idOrVar","v":"plural"},"numFriends"]},{"$i":"fbFriendsFound","$v":{"zero":"अहॉंक सब दोस्‍त इंपोर्ट भ गेल अछि.","one":"इम्पोर्ट करे लेल एकटा मित्र भेटलेई","two":["इम्पोर्ट करवाक लेल मित्र ",{"t":"idOrVar","v":"numFriends"}," भेटल छैक."],"few":["इम्पोर्ट करवाक लेल मित्र ",{"t":"idOrVar","v":"numFriends"}," भेटल छैक."],"many":["इम्पोर्ट करवाक लेल मित्र ",{"t":"idOrVar","v":"numFriends"}," भेटल छैक."],"other":["इम्पोर्ट करवाक लेल मित्र ",{"t":"idOrVar","v":"numFriends"}," भेटल छैक."]},"$x":[{"t":"idOrVar","v":"plural"},"numFriends"]},{"$i":"fbNoFriends","$v":"इम्पोर्ट करीई लेल कोनो कांटेक्ट उपलब्ध नै"},{"$i":"done-search","$v":"भ गेल"},{"$i":"progressFB3ImportTitle","$v":"कॉन्टेक्ट्स में फ्रेंड्स इम्पोर्ट भ रहल छै"},{"$i":"progressFB","$v":[{"t":"idOrVar","v":"current"},"/",{"t":"idOrVar","v":"total"}]},{"$i":"progressFB3UpdateTitle","$v":"कांटेक्ट में फ्रेंड अपडेट भ रहल छै"},{"$i":"message2","$v":"एई में दू मिनट लैग सकै या"},{"$i":"messageLinking","$v":"कृपया रुकू. आहां क फ्रेंड क आहां क कांटेक्ट सने लिंक कैइल जा रहल अइछ."},{"$i":"error1","$v":["एरर ",{"t":"idOrVar","v":"from"}]},{"$i":"error2","$v":"आहां पुनः प्रयास करअ चाहै छियै?"},{"$i":"errorProposal","$v":"कैलकुलेटिंग प्रोपोज़ल्स"},{"$i":"errorFriends","$v":"फ्रेंड्स पुनर्प्राप्त क रहल छि"},{"$i":"errorLinking","$v":"कांटेक्ट लिंक भ रहल छै"},{"$i":"timeout1","$v":"टाइमआउट एक्सीडेड"},{"$i":"timeout2","$v":"आहां पुनः प्रयास करअ चाहै छियै?"},{"$i":"timeoutProposal","$v":"कैलकुलेटिंग प्रोपोज़ल्स"},{"$i":"timeoutFriends","$v":"फ्रेंड्स पुनर्प्राप्त क रहल छि"},{"$i":"timeoutLinking","$v":"संपर्क लिंक भ रहल अछि"},{"$i":"wait1","$v":"कृपया रुकू"},{"$i":"wait2","$v":"एई में दू मिनट लैग सकै या"},{"$i":"waitProposal","$v":"कृपया रुकू. एकटा प्रपोजल गिनल जा रहल छै."},{"$i":"waitFriends","$v":"कृपया रुकू. आहां क फ्रेंड लिस्ट प्राप्त कारेई लेल कनेक्ट भा रहल छै."},{"$i":"curtainRetry","$v":"पुनर्प्रयास"},{"$i":"curtainOK","$v":"ओके"},{"$i":"connectionLost","$v":"कुनू इंटरनेट कनेक्‍शन नहि"},{"$i":"connectionLostMsg","$v":"दोस्त केर फोटो अहॉं क संपर्क मे नहि जोड़ल जा सकै अछि, कुपू ताह जारी राखू ?"},{"$i":"yesOption","$v":"ओके"},{"$i":"noOption","$v":"रद्द करू"},{"$i":"waitFriendslive","$v":"आउटलुक से कांटेक्ट पइढ रहल छि..."},{"$i":"waitFriendsgmail","$v":"जीमेल से कांटेक्ट पइढ रहल छि..."},{"$i":"friendsUpdated","$v":{"zero":"नो फ्रेंड्स अपडेट","one":"एकटा दोस्त अपडेट करू","two":[{"t":"idOrVar","v":"numFriends"}," के अपडेट करू"],"few":[{"t":"idOrVar","v":"numFriends"}," के अपडेट करू"],"many":[{"t":"idOrVar","v":"numFriends"}," के अपडेट करू"],"other":[{"t":"idOrVar","v":"numFriends"}," के अपडेट करू"]},"$x":[{"t":"idOrVar","v":"plural"},"numFriends"]},{"$i":"friendsMerged","$v":{"zero":"कोनो डुप्लीकेट फ्रेंड मर्ज नै कैल गेल्लै","one":"एक टा डुप्लीकेट दोस्‍त मर्ज कैल गेल","two":[{"t":"idOrVar","v":"numDups"}," फ्रेंड्स मर्ज कैइल गेल"],"few":[{"t":"idOrVar","v":"numDups"}," फ्रेंड्स मर्ज कैइल गेल"],"many":[{"t":"idOrVar","v":"numDups"}," फ्रेंड्स मर्ज कैइल गेल"],"other":[{"t":"idOrVar","v":"numDups"}," फ्रेंड्स मर्ज कैइल गेल"]},"$x":[{"t":"idOrVar","v":"plural"},"numDups"]},{"$i":"notificationLogin","$v":"अहॉंक फेसबुक सेशन अमान्य अछि. कृपया साइन इन करू."},{"$i":"syncError","$v":"दोस्त केर डाटा सिंक्रोनाइज करेई में एरर"},{"$i":"progressFB3liveTitle","$v":"आउटलुक से कॉन्टेक्ट्स इम्पोर्ट भ रहल छै"},{"$i":"progressFB3gmailTitle","$v":"Gmail से कॉन्टेक्ट्स इम्पोर्ट भ रहल छै"},{"$i":"tcl-calllog-entry-removed-succ-notification","$v":"कॉल लॉग हटैल गेल्लै"},{"$i":"tcl-calllog-entry-removed-err-notification","$v":"कॉल लॉग के प्रविष्‍टी हटाएल नहि जा सकैत अछि"},{"$i":"addNewNumber","$v":"नया नंबर जोरू"},{"$i":"contactDetails","$v":"संपर्क विवरण"},{"$i":"addToExistingContact","$v":"मौजूदा संपर्क सँ जोड़ू"},{"$i":"all","$v":"सब","ariaLabel":"सब"},{"$i":"bluetoothOption","ariaLabel":"ब्‍ल्‍यूटूथ"},{"$i":"callLog","$v":"कॉल लॉग"},{"$i":"callLogEdit","title":"कॉल लोग सम्पादित करू"},{"$i":"tcl-option-menu-call-log-edit","$v":"कॉल लोग सम्पादित करू"},{"$i":"callLogEditDialog","ariaLabel":"कॉल लोफ डायलॉग सम्पादित करू"},{"$i":"tcl-call-log-delete-group-notification","$v":[{"t":"idOrVar","v":"n"}," एंट्री डिलीट कैइल गेल्लइ"]},{"$i":"connecting","$v":"कनेक्ट भ रहल अछि"},{"$i":"connectingEllipsis","$v":"कनेक्ट क रहल अछि"},{"$i":"call-forwarding-async","$v":"एसिंक्रोनस"},{"$i":"call-forwarding-data","$v":"डेटा"},{"$i":"call-forwarding-error","$v":"कॉल फॉरवर्ड स्टेटस रिट्रीव करबाक काल मे एरर भ गेल."},{"$i":"call-forwarding-fax","$v":["FAX: ",{"t":"idOrVar","v":"fax"}]},{"$i":"call-forwarding-inactive","$v":"असक्रिय"},{"$i":"call-forwarding-packet","$v":["पैकेट: ",{"t":"idOrVar","v":"packet"}]},{"$i":"call-forwarding-pad","$v":["PAD: ",{"t":"idOrVar","v":"pad"}]},{"$i":"call-forwarding-sms","$v":["SMS: ",{"t":"idOrVar","v":"sms"}]},{"$i":"call-forwarding-status","$v":"कॉल फॉरवर्डिंग स्टेटस"},{"$i":"call-forwarding-sync","$v":["सिंक्रोनस ",{"t":"idOrVar","v":"sync"}]},{"$i":"call-forwarding-voice","$v":["वाय्स : ",{"t":"idOrVar","v":"voice"}]},{"$i":"confirm-deletion","$v":"चयनित कॉल साफ़ करू?"},{"$i":"createNewContact","$v":"नवका संपर्क क्रियेट करू"},{"$i":"calllog-deselectAll","$v":"सब क अचयनित करी"},{"$i":"dialerAddContact","ariaLabel":"संपर्क जोड़ू"},{"$i":"dialerAddContactDialog","ariaLabel":"कांटेक्ट डायलॉग जोरू"},{"$i":"callInformation","$v":"कॉल जानकारी"},{"$i":"edit-selected","$v":{"one":["चयनित (",{"t":"idOrVar","v":"n"},")"],"two":["चयनित (",{"t":"idOrVar","v":"n"},")"],"few":["चयनित (",{"t":"idOrVar","v":"n"},")"],"many":["चयनित (",{"t":"idOrVar","v":"n"},")"],"other":["चयनित (",{"t":"idOrVar","v":"n"},")"]},"$x":[{"t":"idOrVar","v":"plural"},"n"]},{"$i":"tcl-edit-not-selected","$v":"चयनित (0)"},{"$i":"hideKeypad","ariaLabel":"हाईड कीपैड"},{"$i":"ignore","$v":"कॉल अनठाउ"},{"$i":"incoming","$v":"इनकमिंग"},{"$i":"keypad","ariaLabel":"कीपैड"},{"$i":"info-missed","$v":"छूटल"},{"$i":"missed","$v":"छूटल","ariaLabel":"छूटल"},{"$i":"dialed","$v":"डायल किया गया"},{"$i":"received","$v":"प्राप्त भेल"},{"$i":"canceled","$v":"कैंसिल भ गेल्लै"},{"$i":"missedCall","$v":"छूटल कॉल"},{"$i":"missedCallMultiSims","$v":["(सिम ",{"t":"idOrVar","v":"n"},") मिस्ड कॉल"]},{"$i":"mmi-error","$v":"संदेश पठेबाक काल मे एरर भ गेल."},{"$i":"mmi-session-expired","$v":"सेशन एक्सपाइर्ड"},{"$i":"mmi-successfully-sent","$v":"मेसेज सफलता पूर्वक भेजल गेल"},{"$i":"mmi-notification-title-with-sim","$v":["(",{"t":"idOrVar","v":"sim"},") ",{"t":"idOrVar","v":"title"}]},{"$i":"mute","ariaLabel":"म्‍यूट"},{"$i":"newCall","ariaLabel":"नया कॉल"},{"$i":"no-logs-msg-1","$v":"कोनो कॉल रिकार्डेड नै छै"},{"$i":"no-logs-msg-2","$v":"एखन संचार शुरू करू"},{"$i":"no-logs-msg-3","$v":"कोनो कॉल रिकार्डेड नै छै"},{"$i":"no-logs-msg-4","$v":"एखन संचार शुरू करू"},{"$i":"onHoldOption","ariaLabel":"ऑन होल्‍ड"},{"$i":"outgoing","$v":"आउटगोइंग"},{"$i":"recents","ariaLabel":"रीसेंट कॉल्स"},{"$i":"reply","$v":"जवाब"},{"$i":"calllog-selectAll","$v":"सब चयनित करू"},{"$i":"send","$v":"भेजू"},{"$i":"switch-calls","$v":"स्विच कॉल्स"},{"$i":"withheld-number","$v":"अज्ञात"},{"$i":"from-contact","$v":["से ",{"t":"idOrVar","v":"contact"}]},{"$i":"from-number","$v":["से ",{"t":"idOrVar","v":"number"}]},{"$i":"from-withheld-number","$v":"अनजान नम्बर सा"},{"$i":"sending","$v":"भेजा रहल छै"},{"$i":"speakerOption","ariaLabel":"स्‍पीकर"},{"$i":"ussd-services","$v":[{"t":"idOrVar","v":"operator"}," सर्विसेज"]},{"$i":"toggleKeypad","ariaLabel":"टॉगल कीपैड"},{"$i":"type-your-response","placeholder":"अप्पन जवाब टाइप करू"},{"$i":"clear-all-text","$v":"सब टेक्स्ट साफ़ करू"},{"$i":"hide","$v":"छिपाउ"},{"$i":"call","$v":"कॉल"},{"$i":"hold","ariaLabel":"होल्‍ड"},{"$i":"resume","$v":"रेज़्यूमे","ariaLabel":"रेज़्यूमे"},{"$i":"sendSms","$v":"मेसेज भेजू"},{"$i":"callEnded","$v":"कॉल समाप्त"},{"$i":"via-sim","$v":["सिम ",{"t":"idOrVar","v":"n"}," से"]},{"$i":"sim-number","$v":["सिम",{"t":"idOrVar","v":"n"}]},{"$i":"unknown","$v":"अज्ञात"},{"$i":"hangup-a11y-button","ariaLabel":"हैंग अप"},{"$i":"pickup-a11y-button","ariaLabel":"पिक उप"},{"$i":"unlock-a11y-button","ariaLabel":"स्लाइडर"},{"$i":"settings","$v":"सेटिंग्स"},{"$i":"tcl-delete-log","$v":"आहां कॉल लोग से एंट्री डिलीट करअ चाहै छियै?"},{"$i":"delete-n-log?","$v":{"zero":"किछ चयनित नै","one":"चयनित लॉग डिलीट करू?","two":[{"t":"idOrVar","v":"n"}," लॉग्स डिलीट करू?"],"few":[{"t":"idOrVar","v":"n"}," लॉग्स डिलीट करू?"],"many":[{"t":"idOrVar","v":"n"}," लॉग्स डिलीट करू?"],"other":[{"t":"idOrVar","v":"n"}," लॉग्स डिलीट करू?"]},"$x":[{"t":"idOrVar","v":"plural"},"n"]},{"$i":"callDurationMinutes","$v":[{"t":"idOrVar","v":"m"},":",{"t":"idOrVar","v":"s"}]},{"$i":"callDurationHours","$v":[{"t":"idOrVar","v":"h"},":",{"t":"idOrVar","v":"m"},":",{"t":"idOrVar","v":"s"}]},{"$i":"callDurationTextFormatSeconds","$v":[{"t":"idOrVar","v":"s"}," s"]},{"$i":"callDurationTextFormatMinutes","$v":[{"t":"idOrVar","v":"m"}," m ",{"t":"idOrVar","v":"s"},"s"]},{"$i":"callDurationTextFormatHours","$v":[{"t":"idOrVar","v":"h"}," h ",{"t":"idOrVar","v":"m"}," m ",{"t":"idOrVar","v":"s"}," s"]},{"$i":"suggestionMatches","$v":{"one":[{"t":"idOrVar","v":"n"}," लेल \"",{"t":"idOrVar","v":"matchNumber"},"\""],"two":[{"t":"idOrVar","v":"n"}," लेल \"",{"t":"idOrVar","v":"matchNumber"},"\""],"few":[{"t":"idOrVar","v":"n"}," लेल \"",{"t":"idOrVar","v":"matchNumber"},"\""],"many":[{"t":"idOrVar","v":"n"}," लेल \"",{"t":"idOrVar","v":"matchNumber"},"\""],"other":[{"t":"idOrVar","v":"n"}," लेल \"",{"t":"idOrVar","v":"matchNumber"},"\""]},"$x":[{"t":"idOrVar","v":"plural"},"n"]},{"$i":"scCallBarring","$v":"कॉल बारिंग"},{"$i":"scCallForwarding","$v":"कॉल फोर्वार्डिंग"},{"$i":"scClip","$v":"इनकमिंग कॉलर ID"},{"$i":"scClir","$v":"आउटगोइंग कॉलर ID"},{"$i":"scPwd","$v":"पासवर्ड परिवर्तन"},{"$i":"scCallWaiting","$v":"प्रतीक्षारत कॉल"},{"$i":"scPin","$v":"पिन परिवर्तन"},{"$i":"scPin2","$v":"पिन2 बदलल गेल"},{"$i":"scPuk","$v":"अनब्लॉक पिन"},{"$i":"scPuk2","$v":"अनब्लॉक पिन 2"},{"$i":"scImei","$v":"IMEI"},{"$i":"scMeid","$v":"MEID"},{"$i":"scUssd","$v":"USSD"},{"$i":"serviceClassVoice","$v":"व्‍वाइस"},{"$i":"serviceClassData","$v":"डेटा"},{"$i":"serviceClassFax","$v":"FAX"},{"$i":"serviceClassSms","$v":"SMS"},{"$i":"serviceClassDataSync","$v":"सिंक"},{"$i":"serviceClassDataAsync","$v":"एसिंक"},{"$i":"serviceClassPacket","$v":"पैकेट"},{"$i":"serviceClassPad","$v":"PAD"},{"$i":"smServiceEnabled","$v":"सर्विस सक्रिय कैइल गेल्लई"},{"$i":"smServiceDisabled","$v":"सर्विस निष्क्रिय क देल गेल छै"},{"$i":"smServiceRegistered","$v":"पंजीकरण सफल"},{"$i":"smServiceErased","$v":"हटाएब सफ़ल रहल।"},{"$i":"smServiceInterrogated","$v":"आग्रह सफल"},{"$i":"smServiceNotProvisioned","$v":"सर्विस केर प्रावधान नै छै"},{"$i":"smClirPermanent","$v":"आहां कॉलर ID सेटिंग्स नै बदेइल छियै"},{"$i":"smClirDefaultOnNextCallOn","$v":"कॉलर ID डिफॉल्‍ट रूप सँ प्रतिबंधित. आगू के कॉल: प्रतिबंधित"},{"$i":"smClirDefaultOnNextCallOff","$v":"कॉलर ID डिफॉल्‍ट रूप सँ प्रतिबंधित. आगू के कॉल: प्रतिबंधित नाहिं"},{"$i":"smClirDefaultOffNextCallOn","$v":"कॉलर ID डिफॉल्‍ट रूप सँ प्रतिबंधित नाहिं. आगू के कॉल: प्रतिबंधित"},{"$i":"smClirDefaultOffNextCallOff","$v":"कॉलर ID डिफॉल्‍ट रूप सँ प्रतिबंधित नाहिं. आगू के कॉल: प्रतिबंधित नाहिं"},{"$i":"smServiceEnabledFor","$v":"के लेल सेवा सक्षम छल :"},{"$i":"smPinChanged","$v":"पिन सफलतापूर्वक बदलल गेल"},{"$i":"smPinUnblocked","$v":"पिन सफलतापूर्वक अनब्लॉक"},{"$i":"smPin2Changed","$v":"पिन2 सफलतापूर्वक बदलल गेल"},{"$i":"smPin2Unblocked","$v":"पिन2 सफलतापूर्वक अनब्लॉक"},{"$i":"ServiceIsEnabled","$v":"सर्विस सक्रिय छै"},{"$i":"ServiceIsDisabled","$v":"सर्विस निष्क्रिय छै"},{"$i":"ServiceIsEnabledFor","$v":"लेल सर्विस सक्रिय छै:"},{"$i":"emMmiError","$v":"कनेक्शन प्रॉब्लम या अमान्य MMI कोड"},{"$i":"emMmiErrorPasswordIncorrect","$v":"त्रुटिपूर्ण पासवर्ड"},{"$i":"emMmiErrorNotSupported","$v":"अमान्य अथवा असमर्थित एमएमआइ कोड"},{"$i":"emMmiErrorInvalidAction","$v":"अमान्य एक्शन"},{"$i":"emMmiErrorInvalidScCode","$v":"अमान्य सर्विस कोड"},{"$i":"emMmiErrorBadPuk","$v":"PUK गलत छै"},{"$i":"emMmiErrorBadPin","$v":"पुराण पिन ज आहां देलियाई से गलत छै."},{"$i":"emMmiErrorNeedPuk2","$v":"सिम कार्ड क अनब्लॉक करेई लेल PUK2 टाइप करू"},{"$i":"emMmiErrorMismatchPin","$v":"ज पिन आहां लिखालियेई से नै मिललई"},{"$i":"emMmiErrorInvalidPin","$v":"एकटा एहेन पिन दियौ जे 4 से 8 नंबर क होए"},{"$i":"emMmiErrorNeedsPuk","$v":"आहां क सिम कार्ड PUK- लॉक्ड इछ"},{"$i":"emMmiErrorEnablePin","$v":"विफल सिम/RUIM लॉक सक्रिय करू"},{"$i":"emMmiErrorMmiFdn","$v":"ऑपरेशन रोकल गेल छै. फिक्स्ड डायलइंग नंबर मात्र"},{"$i":"emMmiErrorStkCcUssdDial","$v":"USSD रिक्वेस्ट डायल रिक्वेस्ट में बदलि गेल अछि"},{"$i":"emMmiErrorStkCcUssdSs","$v":"USSD रिक्वेस्ट SS रिक्वेस्ट में बदलि गेल अछि"},{"$i":"emMmiErrorStkCcUssdUssd","$v":"USSD रिक्वेस्ट नवका USSD रिक्वेस्ट में परिवर्तित भ गेल अछि"},{"$i":"emMmiErrorStkCcSsDial","$v":"SS रिक्वेस्ट डायल रिक्वेस्ट में संशोधित कैल गेल"},{"$i":"emMmiErrorStkCcSsUssd","$v":"SS अनुरोध USSD अनुरोध में बदलि गेल अछि."},{"$i":"emMmiErrorStkCcSsSs","$v":"SS रिक्वेस्ट नया SS रिक्वेस्ट में संशोधित कैल गेल"},{"$i":"emMmiErrorPinPukAttempts","$v":{"one":["मात्र ",{"t":"idOrVar","v":"n"}," प्रयास बाकी"],"two":[{"t":"idOrVar","v":"n"}," एंट्री बाकी"],"few":[{"t":"idOrVar","v":"n"}," एंट्री बाकी"],"many":[{"t":"idOrVar","v":"n"}," एंट्री बाकी"],"other":[{"t":"idOrVar","v":"n"}," एंट्री बाकी"]},"$x":[{"t":"idOrVar","v":"plural"},"n"]},{"$i":"emMmiErrorSimBlocked","$v":"रिट्राइ क अधिकतम नंबर भ गेल सिम ब्‍लॉक भ गेल"},{"$i":"RadioNotAvailable","$v":"रेडियो उपलब्ध नैई"},{"$i":"GenericFailure","$v":"जेनेरिक फेलियर"},{"$i":"PasswordIncorrect","$v":"गलत पासवर्ड"},{"$i":"SimPin2","$v":"सिम पिन 2"},{"$i":"SimPuk2","$v":"सिम PUK 2"},{"$i":"RequestNotSupported","$v":"रिक्वेस्ट नॉट सपोर्टेड"},{"$i":"OpNotAllowedDuringVoiceCall","$v":"वौइस् कॉल क दौरान ऑपरेशन क इज़ाज़त नै छै"},{"$i":"SmsSendFailRetry","$v":"SMS भेजननाइ विफल"},{"$i":"SimAbsent","$v":"सिम मौजूद नै"},{"$i":"SubscriptionNotAvailable","$v":"सब्सक्रिप्शन मौजूद नै"},{"$i":"ModeNotSupported","$v":"मोड सपोर्टेड नै छै"},{"$i":"FdnCheckFailure","$v":"FDN जांच विफल"},{"$i":"IllegalSimOrMe","$v":"अवैधानिक सिम अथवा एमई"},{"$i":"DialModifiedToUssd","$v":"डायल मॉडिफाइड टू USSD"},{"$i":"DialModifiedToSs","$v":"डायल मॉडिफाइड टू SS"},{"$i":"DialModifiedToDial","$v":"डायल मॉडिफाइड टू डायल"},{"$i":"UssdModifiedToDial","$v":"USSD डायल में संशोधित कैल गेल"},{"$i":"UssdModifiedToSs","$v":"USSD SS में संसोधित कैल गेल"},{"$i":"UssdModifiedToUssd","$v":"USSD USSD में संसोधित कैल गेल"},{"$i":"SsModifiedToDial","$v":"SS डायल में संशोधित कैल गेल"},{"$i":"SsModifiedToUssd","$v":"SS USSD में संशोधित कैल गेल"},{"$i":"SsModifiedToSs","$v":"SS SS में संशोधित कैल गेल"},{"$i":"SubscriptionNotSupported","$v":"सब्सक्रिप्शन सपोर्टेड नै छै"},{"$i":"InvalidParameter","$v":"अमान्य पैरामीटर"},{"$i":"RejectedByRemote","$v":"रिमोट द्वारा ठुक्रैलगेल"},{"$i":"conferenceCall","$v":["कांफ्रेंस (",{"t":"idOrVar","v":"n"},")"]},{"$i":"caller-left-call","$v":[{"t":"idOrVar","v":"caller"}," कॉल सँ बाहर भ गेलाह"]},{"$i":"conferenceAddError","$v":"कॉल मर्ज नहि भ सकैत अछि"},{"$i":"conferenceRemoveError","$v":"कॉल अनमर्ज नहि भ सकैत अछि"},{"$i":"longDateFormat","$v":"%A, %B %e"},{"$i":"select-audio-sources","$v":"ऑडियो-सर्विस चुनु"},{"$i":"bluetooth-handsfree-device","$v":"ब्लूटूथ हॅंडस्फ्री डिवाइस"},{"$i":"receiver","$v":"रिसीवर"},{"$i":"speaker","$v":"स्‍पीकर"},{"$i":"tcl-cancel","$v":"रद्द करू"},{"$i":"tcl-dialer","$v":"डायलर"},{"$i":"tcl-confirmation","$v":"कन्फर्मेशन"},{"$i":"log-item","$v":"विकल्प"},{"$i":"tcl-assign-speed-dial","$v":{"$o":["संपर्क \"",{"t":"idOrVar","v":"speedDial"},"\" बटन पर स्पीड डायल मे नहि जोड़ल गेल .<br><br>एखन असाइन करू?"]}},{"$i":"tcl-assign","$v":"असाइन"},{"$i":"select","$v":"सलेक्‍ट करू"},{"$i":"view-all","$v":"सब देखू"},{"$i":"search-results","$v":"खोज केर परिणाम"},{"$i":"no-recent-numbers","$v":"डायल करै के लेल कॉल लॉग्स में कोनो नया नंबर नहि अछि ।"},{"$i":"wifi-calling","$v":"वाई फाई कालिंग"},{"$i":"dialer-prompt","$v":"नंबर डायल करू या कांटेक्ट केर चयन करू डायल करइ लेल"},{"$i":"hours","$v":"घंटे"},{"$i":"minutes","$v":"मिनट्स"},{"$i":"seconds","$v":"सेकंड्स"},{"$i":"voicemailNoNumberTitle","$v":"वाय्समेल नंबर अनुपलब्ध"},{"$i":"voicemailNoNumberText","$v":"वॉयसमेल क कॉल नहि भ सकल. कॉल करबाक लेल वॉयसमेल नंबर सेट करू."},{"$i":"voicemailNoNumberSettings","$v":"सेटिंग्स"},{"$i":"voicemailNoNumberCancel","$v":"रद्द करू"},{"$i":"phoneNumberInput","ariaLabel":"फ़ोन नंबर"},{"$i":"keypadDelete","ariaLabel":"मिटाउ"},{"$i":"voiceMailKey","ariaLabel":"वाय्समेल"},{"$i":"asterisk","ariaLabel":"एस्टरिस्क"},{"$i":"hashSign","ariaLabel":"हॅश साइन"},{"$i":"loadingSimContacts","$v":"सिम कार्ड कांटेक्ट लोड भ रहल छै"},{"$i":"noContactsWereFound","$v":"कोनो कांटेक्ट नै पैल गेल"},{"$i":"noContactsFoundDialogOk","$v":"ओके"},{"$i":"emergencyNumber","$v":"आपातकालीन नंबर"},{"$i":"callAirplaneModeMessage","$v":"कॉल करेई लेल आहां क एयरप्लेन मोड निष्क्रिय करअ परत."},{"$i":"callAirplaneModeBtnOk","$v":"ओके"},{"$i":"callAirplaneModeTitle","$v":"एयरप्लेन मोड सक्रिय"},{"$i":"numberIsBusyTitle","$v":"नंबर व्यस्त छै"},{"$i":"numberIsBusyMessage","$v":"नंबर व्यस्त छै दुबारा स कोसिस करू बाद में."},{"$i":"fdnIsActiveTitle","$v":"FDN सक्रिय"},{"$i":"fdnIsActiveMessage","$v":["एफडीएन (फिक्स्ड डायलइंग नंबर्स ) सक्रिय अछि आ निम्न नंबर अहॉंक एफडीएन सूची मे नहि अछि ",{"t":"idOrVar","v":"number"}]},{"$i":"emergencyDialogBodyBadNumber","$v":"कॉल करेई लेल फ़ोन नेटवर्क सने कनेक्टेड रहबाक चाहि."},{"$i":"emergencyDialogBodyDeviceNotAccepted","$v":"नेटवर्क द्वारा इमरजेंसी कॉल करई क अनुमति नै छै."},{"$i":"emergencyDialogBtnOk","$v":"ओके"},{"$i":"emergencyDialogTitle","$v":"कुनू नेटवर्क कनेक्‍शन नाहिं"},{"$i":"invalidNumberToDialTitle","$v":"अमान्य फ़ोन नंबर"},{"$i":"invalidNumberToDialMessage","$v":"जे फ़ोन नंबर पर आहां कॉल करेई छियेइ से मान्य नै छै."},{"$i":"unableToCallTitle","$v":"एखन फोन कॉल नहि भ सकैत अछि"},{"$i":"unableToCallMessage","$v":"कॉल नहि कएल जा सकैत अछि. अगर अहॉं डायल क रहल छी त पहिने हैंग अप करू."},{"$i":"otherConnectionInUseTitle","$v":"दोसर कनेक्शन प्रयोग में छै"},{"$i":"otherConnectionInUseMessage","$v":"दोसर कनेक्शन पर एकटा सक्रिय कॉल छै एक बेर में एक्के टा कनेक्शन आहां प्रयोग क सकैई छियै."},{"$i":"tcl-call-log","$v":"कॉल लॉग"},{"$i":"tcl-contacts","$v":"संपर्क"},{"$i":"tcl-call","$v":"कॉल"},{"$i":"tcl-add-contact","$v":"मौजूदा संपर्क सँ जोड़ू"},{"$i":"tcl-create-contact","$v":"नवका संपर्क क्रियेट करू"},{"$i":"tcl-add-speed-dial","$v":"स्पीड दिल में जोरू"},{"$i":"sim-with-index-and-carrier","$v":["SIM ",{"t":"idOrVar","v":"index"}," - ",{"t":"idOrVar","v":"carrier"}]},{"$i":"sim-without-carrier","$v":["SIM ",{"t":"idOrVar","v":"index"}]}]