[{"$i":"confirmMsg","$v":["നിങ്ങളുടെ കോൺടാക്റ്റുകളും കോൾ ചരിത്രവും ആക്സസ്സുചെയ്യാൻ ",{"t":"idOrVar","v":"deviceId"}," ആഗ്രഹിക്കുന്നു?സ്വീകരിക്കുക?"]},{"$i":"responseMsg","$v":[{"t":"idOrVar","v":"deviceId"}," എന്നതിനുള്ള കീ"]},{"$i":"confirmTitle","$v":"ഫോൺബുക്ക് ആക്സസ്സ് അഭ്യർത്ഥന"},{"$i":"responseTitle","$v":"ബ്ലുടൂത്ത് സെഷൻ കീ ആവശ്യമാണ്"},{"$i":"initialValue","$v":"സെഷൻ കീ നൽകുക"},{"$i":"gaia-menu-cancel","$v":"റദ്ദാക്കുക"},{"$i":"gaia-sim-picker-dial-via-with-number","$v":["ഇതുവഴി ",{"t":"idOrVar","v":"phoneNumber"}," ഡയൽ ചെയ്യുക"]},{"$i":"gaia-sim-picker-select-sim","$v":"സിം തിരഞ്ഞെടുക്കുക"},{"$i":"gaia-sim-picker-button","$v":["സിം",{"t":"idOrVar","v":"n"}]},{"$i":"gaia-sim-picker-button-default","$v":"(ഡിഫോൾട്ട്)"},{"$i":"softkey-options","$v":"ഓപ്ഷന്‍"},{"$i":"details","countcall":"വിളിക്കുക"},{"$i":"edit","$v":"തിരുത്തുക"},{"$i":"cancel","$v":"റദ്ദാക്കുക"},{"$i":"done","$v":"പൂർത്തിയാക്കി"},{"$i":"ok","$v":"ശരി"},{"$i":"update","$v":"അപ്ഡേറ്റ് ചെയ്യുക"},{"$i":"retry","$v":"വീണ്ടും ശ്രമിക്കുക"},{"$i":"view","$v":"കാണുക"},{"$i":"search","$v":"തിരയുക"},{"$i":"contacts","$v":"കോൺടാക്റ്റ്"},{"$i":"addContact","$v":"കോണ്‍‌ടാക്റ്റ് ചേര്‍‌ക്കുക"},{"$i":"deleteContact","$v":"കോണ്‍ടാക്റ്റ് ഇല്ലാതാക്കുക"},{"$i":"selectContact","$v":"കോൺടാക്റ്റ് തിരഞ്ഞെടുക്കുക"},{"$i":"selectAll","$v":"എല്ലാം തിരഞ്ഞെടുക്കുക"},{"$i":"deselect","$v":"തിരഞ്ഞെടുത്തത് മാറ്റുക"},{"$i":"deselectAll","$v":"തിരഞ്ഞെടുത്തത് എല്ലാം മാറ്റുക"},{"$i":"editContact","$v":"കോൺടാക്റ്റ്  തിരുത്തുക"},{"$i":"deleteConfirmMsg","$v":"കോണ്ടാക്റ്റ് ഇല്ലാതാക്കുക?"},{"$i":"remove","$v":"നീക്കംചെയ്യുക"},{"$i":"delete","$v":"ഇല്ലാതാക്കുക"},{"$i":"comments","$v":"കമൻറുകൾ"},{"$i":"no_contact_phones","$v":"ഈ കോൺടാക്റ്റിന് ഒരു ഫോൺ നമ്പർ ഇല്ല."},{"$i":"no_contact_email","$v":"ഈ കോൺടാക്റ്റിന് ഒരു ഇമെയിൽ അഡ്രസ്‌ ഇല്ല."},{"$i":"no_contact_data","$v":"ഈ കോൺടാക്റ്റിന് ഫോൺ നമ്പറും ഇമെയിൽ അഡ്രസും  ഇല്ല."},{"$i":"removePhotoConfirm","$v":"കോൺടാക്റ്റ് ചിത്രം നീക്കംചെയ്യുക?"},{"$i":"loadingContacts","$v":"കോൺടാക്റ്റുകൾ ലോഡുചെയ്യുന്നു..."},{"$i":"noContactsActivity2","$v":"നിങ്ങളുടെ കോൺടാക്റ്റ് ലിസ്റ്റിൽ കോൺടാക്റ്റുകളൊന്നുമില്ല"},{"$i":"noName","$v":"പേരില്ല"},{"$i":"givenName","$v":"പേരിന്‍റെ ആദ്യഭാഗം"},{"$i":"familyName","$v":"പേരിന്‍റെ അവസാനഭാഗം"},{"$i":"tel","$v":"ഫോണ്‍"},{"$i":"carrier","$v":"കാരിയര്‍","placeholder":"കാരിയര്‍"},{"$i":"separator","$v":","},{"$i":"email","$v":"ഇമെയിൽ"},{"$i":"streetAddress","$v":"തെരുവ്"},{"$i":"postalCode","$v":"സിപ് കോഡ്"},{"$i":"locality","$v":"നഗരം"},{"$i":"countryName","$v":"രാജ്യം"},{"$i":"comment","$v":"കമൻറ്റ്"},{"$i":"org","$v":"കമ്പനി"},{"$i":"date","$v":"തീയ്യതി","placeholder":"തീയ്യതി"},{"$i":"date-span-placeholder","$v":"തീയ്യതി"},{"$i":"birthday","$v":"ജന്മദിനം"},{"$i":"dateFormat","$v":"%b %e"},{"$i":"dateOutput","$v":[{"t":"idOrVar","v":"dayMonthFormatted"}," ",{"t":"idOrVar","v":"year"}]},{"$i":"anniversary","$v":"വാര്‍‌ഷികം"},{"$i":"addPhoto","$v":"ചിത്രം ചേർക്കുക"},{"$i":"addPhone","$v":"ഫോൺ ചേർക്കുക"},{"$i":"addEmail","$v":"ഇമെയിൽ ചേർക്കുക"},{"$i":"addAddress","$v":"വിലാസം ചേർക്കുക"},{"$i":"addDate","$v":"തീയ്യതി ചേർക്കുക"},{"$i":"addComment","$v":"നോട്ട്  ചേര്‍ക്കുക"},{"$i":"addFavorite","$v":"പ്രിയപ്പെട്ടതായി ചേർക്കുക"},{"$i":"removeFavorite","$v":"പ്രിയ്യപ്പെട്ടവയില്‍  നിന്നും  നീക്കംചെയ്യുക"},{"$i":"addButton","ariaLabel":"ചേര്‍ക്കുക"},{"$i":"editButton","ariaLabel":"തിരുത്തുക"},{"$i":"settingsButton","ariaLabel":"സെറ്റിംഗ്സ്"},{"$i":"phoneDetail","ariaLabel":"ഫോണ്‍"},{"$i":"emailDetail","ariaLabel":"ഇമെയിൽ"},{"$i":"addressDetail","ariaLabel":"വിലാസം"},{"$i":"dateDetail","ariaLabel":"തീയ്യതി"},{"$i":"composeEmail","ariaLabel":"ഇമെയിൽ"},{"$i":"makeCall","ariaLabel":"വിളിക്കുക"},{"$i":"phones","ariaLabel":"ഫോണ്‍"},{"$i":"emails","ariaLabel":"ഇമെയില്‍"},{"$i":"addresses","ariaLabel":"വിലാസം"},{"$i":"dates","ariaLabel":"തീയ്യതി"},{"$i":"notes","ariaLabel":"നോട്ട്"},{"$i":"exit","$v":"പുറത്തുകടക്കുക"},{"$i":"expand","$v":"വികസിപ്പിക്കുക"},{"$i":"labelName","$v":"പേര്:"},{"$i":"labelLastName","$v":"പേരിന്‍റെ അവസാനഭാഗം:"},{"$i":"labelPhoneNumber","$v":"ഫോൺ നമ്പർ:"},{"$i":"labelCarrier","$v":"കാരിയര്‍ :"},{"$i":"labelEmail","$v":"ഇമെയിൽ:"},{"$i":"labelStreet","$v":"തെരുവ്:"},{"$i":"labelZip","$v":"സിപ്  കോഡ്:"},{"$i":"labelCity","$v":"നഗരം:"},{"$i":"labelCountry","$v":"രാജ്യം:"},{"$i":"labelComment","$v":"കമൻറ്:"},{"$i":"legendTitleMain","$v":"പ്രധാന വിവരം"},{"$i":"legendPhones","$v":"ഫോൺ നമ്പര്‍"},{"$i":"legendEmail","$v":"ഇമെയിൽ അഡ്രസ്‌"},{"$i":"legendAddress","$v":"വിലാസം"},{"$i":"search-contact","placeholder":"തിരയുക"},{"$i":"noResults","$v":"കോൺടാക്റ്റുകളൊന്നും കണ്ടെത്തിയില്ല"},{"$i":"transferContactsTitle","$v":"കോൺടാക്റ്റുകൾ കൈമാറുക"},{"$i":"importContactsTitle","$v":"കോൺടാക്റ്റുകൾ ഇമ്പോർട്ടുചെയ്യുക"},{"$i":"importContactsButton","$v":"കോൺടാക്റ്റുകൾ ഇമ്പോർട്ടുചെയ്യുക"},{"$i":"exportContactsTitle","$v":"കോൺടാക്റ്റുകൾ എക്സ്പോർട്ടുചെയ്യുക"},{"$i":"exportContactsButton","$v":"കോൺടാക്റ്റുകൾ എക്സ്പോർട്ടുചെയ്യുക"},{"$i":"exportContactsAction","$v":"എക്സ്പോർട്ടുചെയ്യുക"},{"$i":"simExport-title","$v":"സിമ്മിലേക്ക് എക്സ്പോർട്ടുചെയ്യുക"},{"$i":"memoryCardExport-title","$v":"മെമ്മറി കാർഡിലേക്ക് എക്സ്പോർട്ടുചെയ്യുക"},{"$i":"btExport-title","$v":"ബ്ലുടൂത്തിലേക്ക് എക്സ്പോർട്ടുചെയ്യുക"},{"$i":"memoryCardUMSEnabled","$v":"USB സ്റ്റോറേജ് പ്രവർത്തനക്ഷമമാക്കിയതിനാൽ മെമ്മറി കാർഡ് ഉപയോഗിക്കാൻ കഴിയില്ല"},{"$i":"exportErrorTitle","$v":"എക്സ്പോർട്ട് പിശക്"},{"$i":"contactsExported2","$v":{"zero":"കോൺടാക്റ്റുകളൊന്നും എക്സ്പോർട്ട് ചെയ്തിട്ടില്ല","one":[{"t":"idOrVar","v":"exported"},"/",{"t":"idOrVar","v":"total"}," കോൺടാക്റ്റുകളെ എക്സ്പോർട്ടുചെയ്തു"],"two":[{"t":"idOrVar","v":"exported"},"/",{"t":"idOrVar","v":"total"}," കോൺടാക്റ്റുകളെ എക്സ്പോർട്ടുചെയ്തു"],"few":[{"t":"idOrVar","v":"exported"},"/",{"t":"idOrVar","v":"total"}," കോൺടാക്റ്റുകളെ എക്സ്പോർട്ടുചെയ്തു"],"many":[{"t":"idOrVar","v":"exported"},"/",{"t":"idOrVar","v":"total"}," കോൺടാക്റ്റുകളെ എക്സ്പോർട്ടുചെയ്തു"],"other":[{"t":"idOrVar","v":"exported"},"/",{"t":"idOrVar","v":"total"}," കോൺടാക്റ്റുകളെ എക്സ്പോർട്ടുചെയ്തു"]},"$x":[{"t":"idOrVar","v":"plural"},"exported"]},{"$i":"exportError-general","$v":"എക്സ്പോർട്ട് ചെയ്യുന്നതിനിടെ ചില പിശക് സംഭവിച്ചു."},{"$i":"exportError-SD-shared","$v":"മെമ്മറി കാർഡ് പങ്കിട്ടിരിക്കുന്ന കാരണം  ആക്സസ്സുചെയ്യാൻ കഴിയില്ല"},{"$i":"exportError-SD-unavailable","$v":"മെമ്മറി കാർഡ് ലഭ്യമല്ല"},{"$i":"exportError-SD-noSpace","$v":"മെമ്മറി കാർഡിൽ കോൺടാക്റ്റുകൾ എക്സ്പോർട്ട് ചെയ്യാൻ പര്യാപ്തമായ ഇടമില്ല."},{"$i":"exportError-SIM-unavailable","$v":"സിം കാർഡ് ലഭ്യമല്ല"},{"$i":"exportError-BT-shared","$v":"മെമ്മറി കാർഡ് പങ്കിട്ടിരിക്കുന്ന കാരണം  ആക്സസ്സുചെയ്യാൻ കഴിയില്ല"},{"$i":"exportError-BT-unavailable","$v":"മെമ്മറി കാർഡ് ലഭ്യമല്ല"},{"$i":"exportError-BT-noSpace","$v":"മെമ്മറി കാർഡിൽ കോൺടാക്റ്റുകൾ എക്സ്പോർട്ട് ചെയ്യാൻ പര്യാപ്തമായ ഇടമില്ല."},{"$i":"social-network","$v":"സോഷ്യൽ നെറ്റ്‌വർക്കുകൾ"},{"$i":"social-link","$v":"കോൺടാക്റ്റ് ലിങ്കുചെയ്യുക"},{"$i":"social-unlink","$v":"കോൺടാക്റ്റ് അൺലിങ്കുചെയ്യുക"},{"$i":"social-unlink-confirm-title","$v":"ഫ്രണ്ടിനെ  അൺലിങ്കുചെയ്യണോ?"},{"$i":"social-unlink-confirm-accept","$v":"അൺലിങ്കുചെയ്യുക"},{"$i":"facebook-import","$v":"ഫേസ്ബുക്ക്‌ ഫ്രണ്ട്സുകളെ ഇമ്പോർട്ടുചെയ്യുക"},{"$i":"show-fb-profile","$v":"ഫേസ്ബുക്ക് പ്രൊഫൈൽ കാണുക"},{"$i":"msg-send","$v":"സന്ദേശം"},{"$i":"wall-post","$v":"വാൾ പോസ്റ്റ്"},{"$i":"share-contact","$v":"കോൺടാക്റ്റ് പങ്കിടുക"},{"$i":"facebook-export-forbidden","$v":"ഫേസ്ബുക്കിന്‍റെ നിയന്ത്രണം മൂലം കോൺടാക്റ്റ് പങ്കുവയ്ക്കാൻ കഴിയില്ല"},{"$i":"otherAccount","$v":"മറ്റ് അക്കൗണ്ട്"},{"$i":"facebookSwitchMsg","$v":"ഫ്രണ്ട്സിനെ  സമന്വയിപ്പിക്കുക"},{"$i":"select_mobile","$v":"മൊബൈൽ തിരഞ്ഞെടുക്കുക"},{"$i":"select_email","$v":"ഇമെയിൽ തിരഞ്ഞെടുക്കുക"},{"$i":"select_recipient","$v":"സ്വീകർത്താവിനെ തിരഞ്ഞെടുക്കുക"},{"$i":"sort-by-first-name","$v":"പേരിന്‍റെ ആദ്യഭാഗം അനുസരിച്ച് അടുക്കുക"},{"$i":"sort-by-last-name","$v":"പേരിന്‍റെ അവസാന ഭാഗം അനുസരിച്ച് അടുക്കുക"},{"$i":"importSim2","$v":"സിം കാർഡ്"},{"$i":"importGmail","$v":"ജിമെയില്‍"},{"$i":"bluetooth","$v":"ബ്ലുടൂത്ത്"},{"$i":"importOutlook","$v":"ഔട്ട്‌ലുക്ക്"},{"$i":"fbUpdateFriends","$v":"ഇമ്പോർട്ടുചെയ്ത ഫ്രണ്ട്സ്കളെ അപ്ഡേറ്റുചെയ്യുക"},{"$i":"cleaningFbData","$v":"ഫേസ്ബുക്ക്‌ ഡാറ്റ നീക്കംചെയ്യുന്നു"},{"$i":"loggingOutFb","$v":"ഫേസ്ബുക്കിൽ നിന്ന് ലോഗൗട്ട് ചെയ്യുന്നു"},{"$i":"cleanFbConfirmMsg","$v":"എല്ലാ ഫേസ്ബുക്ക് ഡാറ്റയും നീക്കംചെയ്യുക?"},{"$i":"renewPwdMsg","$v":"ഫേസ്ബുക്കിലെ നിങ്ങളുടെ പാസ്‌വേഡ് മാറ്റിയിരിക്കുന്നു.ദയവായി  ഇത് അപ്ഡേറ്റുചെയ്യുക."},{"$i":"notEnabledYet","$v":"ഇതുവരെ പ്രവർത്തനക്ഷമമാക്കിയിട്ടില്ല"},{"$i":"genericNoConnection","$v":"കോൺടാക്റ്റുകളെ ഇമ്പോർട്ടുചെയ്യാൻ Wi-Fi അല്ലെങ്കിൽ ഡാറ്റ നെറ്റ്‌വർക്കിലേക്ക് കണക്റ്റുചെയ്യുക."},{"$i":"bluetoothNoConnection","$v":"കോൺടാക്റ്റുകൾ എക്സ്പോർട്ട് ചെയ്യാൻ ബ്ലുടൂത്ത് ഉപകരണം കണക്ട് ചെയ്യുക."},{"$i":"simCard","$v":"സിം കാർഡ്"},{"$i":"memoryCard","$v":"മെമ്മറി കാർഡ്"},{"$i":"simNumberNoMSISDN","$v":["സിം ",{"t":"idOrVar","v":"number"},":"]},{"$i":"simNumberWithMSISDN","$v":["സിം ",{"t":"idOrVar","v":"number"},": ",{"t":"idOrVar","v":"msisdn"}]},{"$i":"ICEContactsGroup","$v":"ICE കോൺടാക്റ്റ്"},{"$i":"setICEButton","$v":"ICE കോൺടാക്റ്റുകൾ സെറ്റ് ചെയ്യുക"},{"$i":"ICESettingTitle","$v":"ICE കോൺടാക്റ്റ്"},{"$i":"ICEDescription","$v":"അടിയന്തിരമായി കോളുകൾ ചെയ്യുന്നതിനായി അഞ്ച് കോൺടാക്റ്റുകൾ ചേർക്കുക."},{"$i":"ICEContact1","$v":"ICE കോൺടാക്റ്റ് 1"},{"$i":"tcl-ice-contact-1-added","$v":"ICE കോൺടാക്റ്റ് 1 ചേർത്തു"},{"$i":"ICESelectContact","$v":"ഒരു കോൺടാക്റ്റ് തിരഞ്ഞെടുക്കുക"},{"$i":"ICEContact2","$v":"ICE കോൺടാക്റ്റ് 2"},{"$i":"tcl-ice-contact-2-added","$v":"ICE കോൺടാക്റ്റ് 2 ചേർത്തു"},{"$i":"ICERepeatedContact","$v":"ഈ കോൺടാക്റ്റ് ഇതിനകം തന്നെ നിലവിലൊരു ICE കോൺടാക്റ്റ് ആണ്"},{"$i":"ICEUnknownError","$v":"ICE ആയി കോൺടാക്റ്റ് സെറ്റ് ചെയ്യുന്നതില്‍  ഒരു പിശകുണ്ടായി"},{"$i":"ICEContactNoNumber","$v":"ഈ കോൺടാക്റ്റിന് ഒരു ഫോൺ നമ്പർ ഇല്ല"},{"$i":"ICEFacebookContactNotAllowed","$v":"ഫേസ്ബുക്ക്‌ കോൺടാക്റ്റുകള്‍ ICE കോൺടാക്റ്റുകളായി സജ്ജമാക്കാൻ കഴിയില്ല"},{"$i":"ICEContactDelTel","$v":"ICE കോൺടാക്റ്റിൽ നിന്ന് നീക്കംചെയ്ത ഫോൺ നമ്പറുകൾ ഇല്ലാതാക്കി."},{"$i":"ICEContactDelTelAll","$v":"എല്ലാ നമ്പറുകളും ഇല്ലാതാക്കപ്പെട്ടു. ICE കോൺടാക്റ്റുകളിൽ നിന്ന് ഈ കോൺടാക്റ്റ് നീക്കംചെയ്തിരിക്കുന്നു."},{"$i":"delete-ice-contact-warning","$v":"ICE കോൺടാക്റ്റ് നീക്കംചെയ്യണമെന്ന് നിങ്ങള്‍ക്ക്  തീർച്ചയാണോ?"},{"$i":"add","$v":"ചേര്‍ക്കുക"},{"$i":"no-contacts","$v":"കോൺടാക്റ്റുകളൊന്നുമില്ല"},{"$i":"start-adding","$v":"കോൺടാക്റ്റുകൾ ചേർക്കാൻ പുതിയ കോൺടാക്റ്റ് അമർത്തുക."},{"$i":"notImported","$v":"ഇമ്പോർട്ടുചെയ്തിട്ടില്ല"},{"$i":"imported","$v":"ഇമ്പോർട്ടുചെയ്തു"},{"$i":"today","$v":"ഇന്ന്"},{"$i":"yesterday","$v":"ഇന്നലെ"},{"$i":"messageCanceling","$v":"ദയവായി ഹോള്‍ഡ്‌ ചെയ്യുക . നടന്നുകൊണ്ടിരിക്കുന്ന പ്രവർത്തനം ഞങ്ങൾ റദ്ദാക്കുകയാണ്."},{"$i":"organise-contacts","$v":"കോൺടാക്റ്റുകൾ ഓർഗനൈസുചെയ്യുക"},{"$i":"find-merge-contacts","$v":"ഡ്യൂപ്ലിക്കേറ്റ് കോൺടാക്റ്റുകൾ കണ്ടെത്തുക"},{"$i":"preparing-contacts","$v":"കോൺടാക്റ്റുകൾ തയ്യാറാക്കുന്നു"},{"$i":"exportError-SIM-NoFreeRecordFound","$v":"സിം കാർഡ് നിറഞ്ഞു"},{"$i":"exportError-SIM-CannotAccessPhoneBook","$v":"സിം കാർഡിന് ഫോണ്‍ ബുക്ക്‌ ആക്സസ്സുചെയ്യാൻ കഴിയില്ല"},{"$i":"exportError-SIM-Unavailable","$v":"സിം കണ്ടെത്തിയില്ല"},{"$i":"exportError-SIM-GenericError","$v":"ഒരു കോൺടാക്റ്റ് എക്സ്പോർട്ടുചെയ്യുന്നതിനിടെ ഒരു പിശക് സംഭവിച്ചു"},{"$i":"noSimMsgExport","$v":"കോൺടാക്റ്റുകൾ എക്സ്പോർട്ട് ചെയ്യാൻ നിങ്ങളുടെ സിം കാർഡ് ചേർക്കുക അല്ലെങ്കിൽ അൺലോക്കുചെയ്യുക"},{"$i":"noMemoryCardMsgExport","$v":"കോൺടാക്റ്റുകൾ എക്സ്പോർട്ട് ചെയ്യാൻ മെമ്മറി കാർഡ് ചേർക്കുക"},{"$i":"ContactManagementTitle","$v":"കോൺടാക്റ്റ് മാനേജ്‌മെന്റ്"},{"$i":"DeleteTitle","$v":"ഇല്ലാതാക്കുക"},{"$i":"bulkDeleteButton","$v":"കോണ്‍ടാക്റ്റുകള്‍ ഇല്ലാതാക്കുക"},{"$i":"BulkDelCancel","$v":"കോൺടാക്റ്റുകളുടെ നീക്കം ചെയ്യല്‍  റദ്ദാക്കി"},{"$i":"DeletedTxt","$v":{"zero":"ഇല്ലാതാക്കാൻ കോൺടാക്റ്റുകളൊന്നുമില്ല","one":"1 കോൺടാക്റ്റ് നീക്കംചെയ്തു","two":[{"t":"idOrVar","v":"n"}," കോൺടാക്റ്റുകൾ നീക്കംചെയ്തു"],"few":[{"t":"idOrVar","v":"n"}," കോൺടാക്റ്റുകൾ നീക്കംചെയ്തു"],"many":[{"t":"idOrVar","v":"n"}," കോൺടാക്റ്റുകൾ നീക്കംചെയ്തു"],"other":[{"t":"idOrVar","v":"n"}," കോൺടാക്റ്റുകൾ നീക്കംചെയ്തു"]},"$x":[{"t":"idOrVar","v":"plural"},"n"]},{"$i":"DeletingContacts","$v":"കോൺടാക്റ്റുകൾ ഇല്ലാതാക്കുന്നു"},{"$i":"ContactConfirmDel","$v":{"zero":"ഇല്ലാതാക്കാൻ കോൺടാക്റ്റുകളൊന്നുമില്ല","one":"1 കോൺടാക്റ്റ് ഇല്ലാതാക്കണോ? ഇത് വീണ്ടെടുക്കാനാവില്ല.","two":[{"t":"idOrVar","v":"n"}," കോൺടാക്റ്റുകൾ ഇല്ലാതാക്കണോ? ഇത് വീണ്ടെടുക്കാനാവില്ല."],"few":[{"t":"idOrVar","v":"n"}," കോൺടാക്റ്റുകൾ ഇല്ലാതാക്കണോ? ഇത് വീണ്ടെടുക്കാനാവില്ല."],"many":[{"t":"idOrVar","v":"n"}," കോൺടാക്റ്റുകൾ ഇല്ലാതാക്കണോ? ഇത് വീണ്ടെടുക്കാനാവില്ല."],"other":[{"t":"idOrVar","v":"n"}," കോൺടാക്റ്റുകൾ ഇല്ലാതാക്കണോ? ഇത് വീണ്ടെടുക്കാനാവില്ല."]},"$x":[{"t":"idOrVar","v":"plural"},"n"]},{"$i":"SelectedTxt","$v":{"zero":[{"t":"idOrVar","v":"n"}," തിരഞ്ഞെടുത്തു"],"one":[{"t":"idOrVar","v":"n"}," തിരഞ്ഞെടുത്തു"],"two":[{"t":"idOrVar","v":"n"}," തിരഞ്ഞെടുത്തു"],"few":[{"t":"idOrVar","v":"n"}," തിരഞ്ഞെടുത്തു"],"many":[{"t":"idOrVar","v":"n"}," തിരഞ്ഞെടുത്തു"],"other":[{"t":"idOrVar","v":"n"}," തിരഞ്ഞെടുത്തു"]},"$x":[{"t":"idOrVar","v":"plural"},"n"]},{"$i":"video","$v":"വീഡിയോ"},{"$i":"audio","$v":"ഓഡിയോ"},{"$i":"pick_destination","$v":[{"t":"idOrVar","v":"destination"}," ",{"t":"idOrVar","v":"carrier"}]},{"$i":"removeField","ariaLabel":"നീക്കംചെയ്യുക"},{"$i":"undo","ariaLabel":"പഴയപടിയാക്കുക"},{"$i":"send-sms-button","ariaLabel":"SMS"},{"$i":"ice_contacts","$v":"ICE കോൺടാക്റ്റ്"},{"$i":"edit-picture","$v":"ചിത്രം തിരുത്തുക"},{"$i":"remove-photo","$v":"ചിത്രം നീക്കംചെയ്യുക"},{"$i":"change-photo","$v":"ചിത്രം മാറ്റുക"},{"$i":"photo-options","$v":"ഫോട്ടോ ഓപ്ഷന്‍"},{"$i":"tcl-all","$v":"എല്ലാം"},{"$i":"tcl-speed-dial","$v":"സ്പീഡ് ഡയൽ"},{"$i":"tcl-new-contact","$v":"പുതിയ കോൺടാക്റ്റ്"},{"$i":"tcl-settings","$v":"സെറ്റിംഗ്സ്"},{"$i":"tcl-save","$v":"സേവ് ചെയ്യുക"},{"$i":"save","$v":"സേവ് ചെയ്യുക"},{"$i":"tcl-add","$v":"ചേര്‍ക്കുക"},{"$i":"tcl-contact-add-ringtone","$v":"റിംഗ്ടോൺ ചേർക്കുക"},{"$i":"tcl-custom-dialog-title-default","$v":"സ്ഥിരീകരണം"},{"$i":"confirm-dialog-title-default","$v":"സ്ഥിരീകരണം"},{"$i":"discard","$v":"നിരസിക്കുക"},{"$i":"custom-tag-title","$v":"ഇഷ്ടാനുസൃത ടാഗ്"},{"$i":"tcl-contact-added","$v":"കോൺടാക്റ്റ് ചേർത്തിരിക്കുന്നു"},{"$i":"tcl-contact-updated","$v":"കോൺടാക്റ്റ് വിശദാംശങ്ങൾ അപ്ഡേറ്റുചെയ്തു"},{"$i":"tcl-contact-removed","$v":"കോൺടാക്റ്റ്  ഇല്ലാതാക്കി"},{"$i":"tcl-contact-unremoved","$v":"നീക്കംചെയ്യാനാവുന്നില്ല"},{"$i":"edit-phone-type","$v":"ഫോൺ തരം തിരുത്തുക"},{"$i":"edit-email-type","$v":"ഇമെയിൽ തരം തിരുത്തുക"},{"$i":"edit-address-type","$v":"വിലാസ തരം തിരുത്തുക"},{"$i":"edit-date-type","$v":"തീയ്യതി തരം തിരുത്തുക"},{"$i":"tcl-select-phone-type","$v":"ഫോൺ തരം തിരഞ്ഞെടുക്കുക"},{"$i":"tcl-select-email-type","$v":"ഇമെയിൽ തരം തിരഞ്ഞെടുക്കുക"},{"$i":"tcl-select-address-type","$v":"വിലാസ തരം തിരഞ്ഞെടുക്കുക"},{"$i":"tcl-select-date-type","$v":"തീയ്യതി തരം തിരഞ്ഞെടുക്കുക"},{"$i":"add-phone","$v":"ഫോൺ നമ്പർ ചേർക്കുക"},{"$i":"add-email","$v":"ഇമെയിൽ ചേർക്കുക"},{"$i":"add-address","$v":"വിലാസം ചേർക്കുക"},{"$i":"add-date","$v":"തീയ്യതി ചേർക്കുക"},{"$i":"add-phone-type","$v":"ഫോൺ തരം"},{"$i":"add-email-type","$v":"ഇമെയിൽ തരം"},{"$i":"add-address-type","$v":"വിലാസ തരം"},{"$i":"add-date-type","$v":"തീയ്യതി തരം"},{"$i":"delete-phone","$v":"ഫോൺ നമ്പർ ഇല്ലാതാക്കുക"},{"$i":"delete-email","$v":"ഇമെയിൽ ഇല്ലാതാക്കുക"},{"$i":"delete-address","$v":"വിലാസം ഇല്ലാതാക്കുക"},{"$i":"delete-date","$v":"തീയ്യതി ഇല്ലാതാക്കുക"},{"$i":"delete-note","$v":"നോട്ട്  ഇല്ലാതാക്കുക"},{"$i":"delete-comment-warning","$v":"നോട്ട്  ഇല്ലാതാക്കണമെന്ന് തീർച്ചയാണോ?"},{"$i":"tcl-deleting-messages-phone","$v":["ഫോൺ ഇല്ലാതാക്കണമെന്ന് നിങ്ങള്‍ക്ക്  തീർച്ചയാണോ: \"",{"t":"idOrVar","v":"type_name"},"\"?"]},{"$i":"tcl-deleting-messages-email","$v":["ഇമെയിൽ ഇല്ലാതാക്കണമെന്ന് നിങ്ങള്‍ക്ക്  തീർച്ചയാണോ: \"",{"t":"idOrVar","v":"type_name"},"\"?"]},{"$i":"tcl-deleting-messages-address","$v":["ഈ വിലാസം ഇല്ലാതാക്കണമെന്ന് നിങ്ങൾക്ക് തീർച്ചയാണോ: \"",{"t":"idOrVar","v":"type_name"},"\"?"]},{"$i":"tcl-deleting-messages-date","$v":"തീയ്യതി ഇല്ലാതാക്കണമെന്ന് നിങ്ങള്‍ക്ക്  തീർച്ചയാണോ?"},{"$i":"deleting-message-warning","$v":[{"t":"idOrVar","v":"type_name"}," ഇല്ലാതാക്കണമെന്ന് തീർച്ചയാണോ?"]},{"$i":"tcl-deleting-messages-comment","$v":"നിങ്ങള്‍ക്ക്  കമൻറ് ഇല്ലാതാക്കണമെന്ന് തീർച്ചയാണോ?"},{"$i":"delecting-messages-contact","$v":["നിങ്ങള്‍ക്ക് ",{"t":"idOrVar","v":"type_name"}," എന്ന കോൺടാക്റ്റ് നീക്കംചെയ്യണമെന്ന് തീർച്ചയാണോ?"]},{"$i":"delecting-this-contact","$v":"ഈ കോൺടാക്റ്റ് ഇല്ലാതാക്കുക?"},{"$i":"deleting-messages-ringtone","$v":"നിങ്ങൾക്ക് റിംഗ്ടോൺ ഇല്ലാതാക്കണമെന്ന് തീർച്ചയാണോ?"},{"$i":"deleting-messages-picture","$v":"ചിത്രം നീക്കംചെയ്യണമെന്ന് നിങ്ങള്‍ക്ക്  തീർച്ചയാണോ?"},{"$i":"tcl-deleting-notification-ringtone","$v":"റിംഗ്ടോൺ ഇല്ലാതാക്കി"},{"$i":"tcl-deleting-notification-comment","$v":"കമൻറ്റ് ഇല്ലാതാക്കി"},{"$i":"note","$v":"നോട്ട്"},{"$i":"address","$v":"വിലാസം"},{"$i":"tcl-noContacts","$v":"കോൺടാക്റ്റ് ലിസ്റ്റ് ശൂന്യമായതിനാൽ കോൺടാക്റ്റിലേക്ക് ചേർക്കാൻ കഴിയില്ല."},{"$i":"tcl-noContacts-no-email","$v":"ഇമെയിലുകളുള്ള കോൺടാക്റ്റുകളൊന്നും ഇല്ലാത്തതിനാൽ കോൺടാക്റ്റിലേക്ക് ചേർക്കാൻ കഴിയില്ല."},{"$i":"tcl-noContacts-no-tel","$v":"ഫോൺ നമ്പറുള്ള കോൺടാക്റ്റുകളൊന്നും ഇല്ലാത്തതിനാൽ കോൺടാക്റ്റിലേക്ക് ചേർക്കാൻ കഴിയില്ല."},{"$i":"tcl-noContactsTitle","$v":"കോൺടാക്റ്റുകളൊന്നുമില്ല"},{"$i":"tcl-change-voice-mail","$v":"വോയ്സ് മെയിൽ നമ്പർ മാറ്റുക"},{"$i":"tcl-replace","$v":"മാറ്റുക"},{"$i":"tcl-remove-speed-dial","$v":"സ്പീഡ് ഡയലിൽ നിന്ന് നീക്കംചെയ്യുക"},{"$i":"tcl-notification-speed-dial-added","$v":"സ്പീഡ് ഡയൽ നമ്പർ ചേർത്തു"},{"$i":"tcl-notification-speed-dial-removed","$v":"സ്പീഡ് ഡയൽ നമ്പർ നീക്കംചെയ്തു"},{"$i":"tcl-notification-speed-dial-updated","$v":"സ്പീഡ് ഡയൽ നമ്പർ അപ്ഡേറ്റുചെയ്തു"},{"$i":"tcl-notification-voice-mail-updated","$v":"വോയ്സ് മെയിൽ നമ്പർ അപ്ഡേറ്റുചെയ്തു"},{"$i":"tcl-notification-contact-assigned","$v":"സ്പീഡ് ഡയലിനായി കോൺടാക്റ്റ് നിയോഗിച്ചിച്ചു"},{"$i":"empty","$v":"ശൂന്യം"},{"$i":"tcl-voice-mail","$v":"വോയ്സ് മെയിൽ"},{"$i":"contact-confirm-save","$v":"കോൺടാക്റ്റ് വിവരങ്ങൾ തള്ളിക്കളയപ്പെടും. ഈ കോൺടാക്റ്റ് സേവ് ചെയ്യാന്‍  ആഗ്രഹിക്കുന്നുണ്ടോ?"},{"$i":"contact-confirm-form-save","$v":"മാറ്റങ്ങൾ തള്ളിക്കളയപ്പെടും. ഈ കോൺടാക്റ്റ് സേവ് ചെയ്യാന്‍  ആഗ്രഹിക്കുന്നുണ്ടോ?"},{"$i":"tcl-yes","$v":"ശരി"},{"$i":"tcl-no","$v":"ഇല്ല"},{"$i":"tcl-default-ringtone","$v":"ഡിഫോൾട്ട് റിംഗ്‌ടോൺ"},{"$i":"tcl-add-ringtone","$v":"റിംഗ്ടോണ്‍"},{"$i":"tcl-ringtone","$v":"റിംഗ്ടോൺ"},{"$i":"change-ringtone","$v":"റിംഗ്ടോൺ മാറ്റുക"},{"$i":"delete-ringtone","$v":"റിംഗ്ടോൺ ഇല്ലാതാക്കുക"},{"$i":"tcl-settings-title","$v":"കോൺടാക്റ്റ് സെറ്റിംഗ്സ്"},{"$i":"settings-sort-contacts-title","$v":"കോൺടാക്റ്റുകൾ അടുക്കുക"},{"$i":"tcl-oder-notification","$v":"മാറ്റങ്ങൾ സേവ് ചെയ്തു"},{"$i":"changes-saved-notification","$v":"മാറ്റങ്ങൾ സേവ് ചെയ്തു."},{"$i":"tcl-imported-status","$v":[{"t":"idOrVar","v":"n"}," കോൺടാക്റ്റുകളെ ഇമ്പോർട്ടുചെയ്തു ",{"t":"idOrVar","v":"numDups"}," കോൺടാക്റ്റുകളെ ലയിപ്പിച്ചു"]},{"$i":"tcl-on","$v":"ഓൺ"},{"$i":"tcl-off","$v":"ഓഫ്"},{"$i":"on","$v":"ഓൺ"},{"$i":"off","$v":"ഓഫ്"},{"$i":"tcl-contact-empty-number","$v":"ശൂന്യമായ ഫോൺ നമ്പർ"},{"$i":"contact-no-dial-number","$v":"ഡയൽ ചെയ്യാൻ ഫോൺ നമ്പറൊന്നുമില്ല."},{"$i":"tcl-select-number","$v":"നമ്പർ തിരഞ്ഞെടുക്കുക"},{"$i":"tcl-select-email","$v":"ഇമെയിൽ തിരഞ്ഞെടുക്കുക"},{"$i":"select-email","$v":"ഇമെയിൽ തിരഞ്ഞെടുക്കുക"},{"$i":"tcl-send-message","$v":"സന്ദേശം അയക്കുക"},{"$i":"send-email","$v":"ഇമെയിൽ അയക്കുക"},{"$i":"tcl-share","$v":"പങ്കിടുക"},{"$i":"tcl-find-duplicate","$v":"ഡ്യൂപ്ലിക്കേറ്റ് കോൺടാക്റ്റുകൾ കണ്ടെത്തുക"},{"$i":"tcl-add-favorite","$v":"പ്രിയപ്പെട്ടതായി ചേർക്കുക"},{"$i":"tcl-remove-favorite","$v":"പ്രിയ്യപ്പെട്ടവയല്ലാതാക്കുക"},{"$i":"tcl-link-social-networks","$v":"സോഷ്യൽ നെറ്റ്‌വർക്കുകളിലേക്ക് ലിങ്കുചെയ്യുക"},{"$i":"tcl-delete","$v":"ഇല്ലാതാക്കുക"},{"$i":"tcl-detail-send-sms","$v":"പുതിയ SMS"},{"$i":"tcl-detail-call","$v":"വിളിക്കുക"},{"$i":"tcl-detail-send-email","$v":"രചിക്കുക"},{"$i":"sms","$v":"സന്ദേശം"},{"$i":"tcl-search-contact","$v":"തിരയുക"},{"$i":"tcl-number","$v":["നമ്പർ ",{"t":"idOrVar","v":"number"}]},{"$i":"tcl-custom-dialog-replace-speed-dial","$v":[{"t":"idOrVar","v":"oldSpeedDial"}," എന്ന സ്പീഡ്  ഡയലിന് പകരം ",{"t":"idOrVar","v":"newSpeedDial"}," ഉപയോഗിക്കണമെന്ന് തീർച്ചയാണോ?"]},{"$i":"custom-dialog-remove-speed-dial","$v":["സ്പീഡ് ഡയലിൽ നിന്ന് ",{"t":"idOrVar","v":"name"}," നീക്കംചെയ്യണമെന്ന് തീർച്ചയാണോ?"]},{"$i":"tcl-options","$v":"ഓപ്ഷന്‍"},{"$i":"tcl-success-merged","$v":[{"t":"idOrVar","v":"number"}," കോൺടാക്റ്റ്(കൾ) ലയിപ്പിച്ചു"]},{"$i":"tcl-contact-confirm-merge","$v":[{"t":"idOrVar","v":"name"}," പേരുള്ള ",{"t":"idOrVar","v":"count"}," കോൺടാക്റ്റ്(കൾ) ലയിപ്പിക്കണമെന്ന് നിങ്ങള്‍ക്ക്  തീർച്ചയാണോ?"]},{"$i":"tcl-merge","$v":"ലയിപ്പിക്കുക"},{"$i":"add-speed-dial-failed-title","$v":"സ്പീഡ്  ഡയൽ ചേർക്കുന്നത് പരാജയപ്പെട്ടു"},{"$i":"add-speed-dial-failed-content","$v":["സ്പീഡ് ഡയലിൽ ഇതിനകം തന്നെ ",{"t":"idOrVar","v":"name"}," നിലവിലുണ്ട്, ദയവായി മറ്റൊരു കോൺടാക്റ്റ് തിരഞ്ഞെടുക്കുക."]},{"$i":"merge","$v":"ലയിപ്പിക്കുക"},{"$i":"tcl-attention","$v":"ശ്രദ്ധിക്കുക"},{"$i":"attention","$v":"ശ്രദ്ധിക്കുക"},{"$i":"tcl-speed-dial-add-contact","$v":{"$o":"കോൺടാക്റ്റുകളൊന്നുമില്ല.<br><br>ദയവായി  ഒരു കോൺടാക്റ്റ് സൃഷ്ടിക്കുക."}},{"$i":"tcl-voice-mail-header","$v":"വോയ്സ് മെയിൽ"},{"$i":"tcl-voice-mail-number","$v":"വോയ്സ് മെയിൽ നമ്പർ"},{"$i":"tcl-select-all","$v":"എല്ലാം തിരഞ്ഞെടുക്കുക"},{"$i":"tcl-deselect-all","$v":"തിരഞ്ഞെടുത്തത് എല്ലാം മാറ്റുക"},{"$i":"systemring","$v":"റിംഗ്ടോൺ"},{"$i":"moremusic","$v":"സംഗീതം"},{"$i":"tcl-add-ringselect","$v":"ഇതില്‍ നിന്നും തിരഞ്ഞെടുക്കുക"},{"$i":"type-select","$v":"തിരഞ്ഞെടുക്കുക"},{"$i":"dialnum-view","$v":"കാണുക"},{"$i":"select-a-contact-title","$v":"ഒരു കോൺടാക്റ്റ് തിരഞ്ഞെടുക്കുക"},{"$i":"select-a-number-title","$v":"ഒരു നമ്പർ തെരഞ്ഞെടുക്കുക"},{"$i":"invalid-vcf-file","$v":"vcf ഫയൽ അസാധുവാണ്"},{"$i":"voiceMail","$v":"വോയ്സ്മെയില്‍"},{"$i":"back","$v":"മടങ്ങുക"},{"$i":"noSimMsg","$v":"കോൺടാക്റ്റുകൾ ഇമ്പോർട്ടുചെയ്യാൻ നിങ്ങളുടെ സിം കാർഡ് ചേർക്കുക അല്ലെങ്കിൽ അൺലോക്കുചെയ്യുക"},{"$i":"noMemoryCardMsg","$v":"കോൺടാക്റ്റുകൾ ഇമ്പോർട്ടുചെയ്യാൻ ഒരു മെമ്മറി കാർഡ് ചേർക്കുക"},{"$i":"importMemoryCard","$v":"മെമ്മറി കാർഡ്"},{"$i":"noConnection11","$v":"ഫേസ്ബുക്ക് ഫ്രണ്ട്സ്കളെയോ  കോൺടാക്റ്റുകളെയോ ഇമ്പോർട്ടുചെയ്യാൻ Wi-Fi അല്ലെങ്കിൽ ഡാറ്റ നെറ്റ്‌വർക്കിലേക്ക് കണക്റ്റുചെയ്യുക"},{"$i":"emptyAccount","$v":"ഈ അക്കൗണ്ടിൽ ഫ്രണ്ട്സ്കുളോ  കോൺടാക്റ്റുകളോ ഒന്നും കണ്ടെത്തിയില്ല."},{"$i":"simContacts-import","$v":"സിം കോണ്‍ടാക്റ്റുകള്‍ ഇമ്പോർട്ടുചെയ്യുക"},{"$i":"simContacts-importing","$v":"സിം കാർഡിൽ നിന്ന് കോൺടാക്റ്റുകൾ ഇമ്പോർട്ടുചെയ്യുന്നു"},{"$i":"simContacts-reading","$v":"സിം കാർഡിൽ നിന്ന് കോൺടാക്റ്റുകൾ വായിക്കുന്നു..."},{"$i":"simContacts-error","$v":"സിമ്മില്‍ നിന്നുള്ള കോണ്ടാക്റ്റുകള്‍ ഇമ്പോർട്ടുചെയ്യാനായില്ല"},{"$i":"simContacts-imported3","$v":{"zero":"ഇമ്പോർട്ടുചെയ്യുന്നതിന് സിമ്മില്‍ കോൺടാക്റ്റുകളൊന്നും കണ്ടെത്തിയില്ല","one":"ഒരു കോൺടാക്റ്റ് ഇമ്പോർട്ടുചെയ്തു","two":[{"t":"idOrVar","v":"n"}," കോൺടാക്റ്റുകളെ ഇമ്പോർട്ടുചെയ്തു"],"few":[{"t":"idOrVar","v":"n"}," കോൺടാക്റ്റുകളെ ഇമ്പോർട്ടുചെയ്തു"],"many":[{"t":"idOrVar","v":"n"}," കോൺടാക്റ്റുകളെ ഇമ്പോർട്ടുചെയ്തു"],"other":[{"t":"idOrVar","v":"n"}," കോൺടാക്റ്റുകളെ ഇമ്പോർട്ടുചെയ്തു"]},"$x":[{"t":"idOrVar","v":"plural"},"n"]},{"$i":"memoryCardContacts-import","$v":"മെമ്മറി കാർഡിൽ നിന്ന് കോൺടാക്റ്റുകൾ ഇമ്പോർട്ടുചെയ്യുക"},{"$i":"memoryCardContacts-importing","$v":"മെമ്മറി കാർഡിൽ നിന്ന് കോൺടാക്റ്റുകൾ ഇമ്പോർട്ടുചെയ്യുന്നു"},{"$i":"memoryCardContacts-reading","$v":"മെമ്മറി കാർഡിൽ നിന്ന് കോൺടാക്റ്റുകൾ വായിക്കുന്നു..."},{"$i":"memoryCardContacts-error","$v":"മെമ്മറി കാർഡിൽ നിന്ന് കോൺടാക്റ്റുകൾ ഇമ്പോർട്ടുചെയ്യാൻ കഴിഞ്ഞില്ല"},{"$i":"memoryCardContacts-imported3","$v":{"zero":"ഇമ്പോർട്ടുചെയ്യുന്നതിന് മെമ്മറി കാർഡിൽ കോൺടാക്റ്റുകളൊന്നും കണ്ടെത്തിയില്ല","one":"ഒരു കോൺടാക്റ്റ് ഇമ്പോർട്ടുചെയ്തു","two":[{"t":"idOrVar","v":"n"}," കോൺടാക്റ്റുകളെ ഇമ്പോർട്ടുചെയ്തു"],"few":[{"t":"idOrVar","v":"n"}," കോൺടാക്റ്റുകളെ ഇമ്പോർട്ടുചെയ്തു"],"many":[{"t":"idOrVar","v":"n"}," കോൺടാക്റ്റുകളെ ഇമ്പോർട്ടുചെയ്തു"],"other":[{"t":"idOrVar","v":"n"}," കോൺടാക്റ്റുകളെ ഇമ്പോർട്ടുചെയ്തു"]},"$x":[{"t":"idOrVar","v":"plural"},"n"]},{"$i":"genericProgress","$v":[{"t":"idOrVar","v":"current"},"/",{"t":"idOrVar","v":"total"}]},{"$i":"facebook","$v":"ഫേസ്ബുക്ക്‌"},{"$i":"facebook-import-msg2","$v":[{"t":"idOrVar","v":"imported"},"/",{"t":"idOrVar","v":"total"}," ഫ്രണ്ട്സ്കളെ  ഇമ്പോർട്ടുചെയ്തു"]},{"$i":"contactsMerged","$v":{"zero":"ഡ്യൂപ്ലിക്കേറ്റ് കോൺടാക്റ്റുകളൊന്നും ലയിപ്പിച്ചിട്ടില്ല","one":"ഒരു ഡ്യൂപ്ലിക്കേറ്റ് കോൺടാക്റ്റ് മെര്‍ജ് ചെയ്തു","two":[{"t":"idOrVar","v":"numDups"}," കോൺടാക്റ്റുകളെ ലയിപ്പിച്ചു"],"few":[{"t":"idOrVar","v":"numDups"}," കോൺടാക്റ്റുകളെ ലയിപ്പിച്ചു"],"many":[{"t":"idOrVar","v":"numDups"}," കോൺടാക്റ്റുകളെ ലയിപ്പിച്ചു"],"other":[{"t":"idOrVar","v":"numDups"}," കോൺടാക്റ്റുകളെ ലയിപ്പിച്ചു"]},"$x":[{"t":"idOrVar","v":"plural"},"numDups"]},{"$i":"weekday-0-long","$v":"ഞായറാഴ്ച"},{"$i":"weekday-1-long","$v":"തിങ്കളാഴ്ച"},{"$i":"weekday-2-long","$v":"ചൊവ്വാഴ്ച"},{"$i":"weekday-3-long","$v":"ബുധനാഴ്ച"},{"$i":"weekday-4-long","$v":"വ്യാഴാഴ്ച"},{"$i":"weekday-5-long","$v":"വെള്ളിയാഴ്ച"},{"$i":"weekday-6-long","$v":"ശനിയാഴ്ച"},{"$i":"weekday-0-short","$v":"ഞായർ"},{"$i":"weekday-1-short","$v":"തിങ്കൾ"},{"$i":"weekday-2-short","$v":"ചൊവ്വ"},{"$i":"weekday-3-short","$v":"ബുധൻ"},{"$i":"weekday-4-short","$v":"വ്യാഴം"},{"$i":"weekday-5-short","$v":"വെള്ളി"},{"$i":"weekday-6-short","$v":"ശനി"},{"$i":"month-0-long","$v":"ജനുവരി"},{"$i":"month-1-long","$v":"ഫെബ്രുവരി"},{"$i":"month-2-long","$v":"മാർച്ച്"},{"$i":"month-3-long","$v":"ഏപ്രിൽ"},{"$i":"month-4-long","$v":"മെയ്"},{"$i":"month-5-long","$v":"ജൂൺ"},{"$i":"month-6-long","$v":"ജൂലൈ"},{"$i":"month-7-long","$v":"ആഗസ്റ്റ്"},{"$i":"month-8-long","$v":"സെപ്റ്റംബർ"},{"$i":"month-9-long","$v":"ഒക്ടോബർ"},{"$i":"month-10-long","$v":"നവംബർ"},{"$i":"month-11-long","$v":"ഡിസംബർ"},{"$i":"month-0-genitive","$v":"ജനുവരി"},{"$i":"month-1-genitive","$v":"ഫെബ്രുവരി"},{"$i":"month-2-genitive","$v":"മാർച്ച്"},{"$i":"month-3-genitive","$v":"ഏപ്രിൽ"},{"$i":"month-4-genitive","$v":"മെയ്"},{"$i":"month-5-genitive","$v":"ജൂൺ"},{"$i":"month-6-genitive","$v":"ജൂലൈ"},{"$i":"month-7-genitive","$v":"ആഗസ്റ്റ്"},{"$i":"month-8-genitive","$v":"സെപ്റ്റംബർ"},{"$i":"month-9-genitive","$v":"ഒക്ടോബർ"},{"$i":"month-10-genitive","$v":"നവംബർ"},{"$i":"month-11-genitive","$v":"ഡിസംബർ"},{"$i":"month-0-short","$v":"ജനുവരി"},{"$i":"month-1-short","$v":"ഫെബ്രുവരി"},{"$i":"month-2-short","$v":"മാർച്ച്"},{"$i":"month-3-short","$v":"ഏപ്രിൽ"},{"$i":"month-4-short","$v":"മെയ്"},{"$i":"month-5-short","$v":"ജൂൺ"},{"$i":"month-6-short","$v":"ജൂലൈ"},{"$i":"month-7-short","$v":"ആഗസ്റ്റ്"},{"$i":"month-8-short","$v":"സെപ്റ്റംബർ"},{"$i":"month-9-short","$v":"ഒക്ടോബർ"},{"$i":"month-10-short","$v":"നവംബർ"},{"$i":"month-11-short","$v":"ഡിസംബർ"},{"$i":"minutes-ago-long","$v":{"zero":"ഇപ്പോൾ തന്നെ","one":"ഒരു മിനിറ്റ് മുമ്പ്","two":[{"t":"idOrVar","v":"value"}," മിനിറ്റുകൾക്ക് മുമ്പ്"],"few":[{"t":"idOrVar","v":"value"}," മിനിറ്റുകൾക്ക് മുമ്പ്"],"many":[{"t":"idOrVar","v":"value"}," മിനിറ്റുകൾക്ക് മുമ്പ്"],"other":[{"t":"idOrVar","v":"value"}," മിനിറ്റുകൾക്ക് മുമ്പ്"]},"$x":[{"t":"idOrVar","v":"plural"},"value"]},{"$i":"hours-ago-long","$v":{"zero":"ഇപ്പോൾ തന്നെ","one":"ഒരു മണിക്കൂർ മുമ്പ്","two":[{"t":"idOrVar","v":"value"}," മണിക്കൂറുകൾക്ക് മുമ്പ്"],"few":[{"t":"idOrVar","v":"value"}," മണിക്കൂറുകൾക്ക് മുമ്പ്"],"many":[{"t":"idOrVar","v":"value"}," മണിക്കൂറുകൾക്ക് മുമ്പ്"],"other":[{"t":"idOrVar","v":"value"}," മണിക്കൂറുകൾക്ക് മുമ്പ്"]},"$x":[{"t":"idOrVar","v":"plural"},"value"]},{"$i":"days-ago-long","$v":{"zero":"ഇന്ന്","one":"ഇന്നലെ","two":[{"t":"idOrVar","v":"value"}," ദിവസങ്ങൾക്ക് മുമ്പ്"],"few":[{"t":"idOrVar","v":"value"}," ദിവസങ്ങൾക്ക് മുമ്പ്"],"many":[{"t":"idOrVar","v":"value"}," ദിവസങ്ങൾക്ക് മുമ്പ്"],"other":[{"t":"idOrVar","v":"value"}," ദിവസങ്ങൾക്ക് മുമ്പ്"]},"$x":[{"t":"idOrVar","v":"plural"},"value"]},{"$i":"weeks-ago-long","$v":{"zero":"ഈ ആഴ്ച","one":"കഴിഞ്ഞ ആഴ്ച","two":[{"t":"idOrVar","v":"value"}," ആഴ്ചകൾക്ക് മുമ്പ്"],"few":[{"t":"idOrVar","v":"value"}," ആഴ്ചകൾക്ക് മുമ്പ്"],"many":[{"t":"idOrVar","v":"value"}," ആഴ്ചകൾക്ക് മുമ്പ്"],"other":[{"t":"idOrVar","v":"value"}," ആഴ്ചകൾക്ക് മുമ്പ്"]},"$x":[{"t":"idOrVar","v":"plural"},"value"]},{"$i":"months-ago-long","$v":{"zero":"ഈ മാസം","one":"കഴിഞ്ഞ മാസം","two":[{"t":"idOrVar","v":"value"}," മാസങ്ങൾക്ക് മുമ്പ്"],"few":[{"t":"idOrVar","v":"value"}," മാസങ്ങൾക്ക് മുമ്പ്"],"many":[{"t":"idOrVar","v":"value"}," മാസങ്ങൾക്ക് മുമ്പ്"],"other":[{"t":"idOrVar","v":"value"}," മാസങ്ങൾക്ക് മുമ്പ്"]},"$x":[{"t":"idOrVar","v":"plural"},"value"]},{"$i":"years-ago-long","$v":{"zero":"ഈ വർഷം","one":"കഴിഞ്ഞ വർഷം","two":[{"t":"idOrVar","v":"value"}," വർഷങ്ങൾക്ക് മുമ്പ്"],"few":[{"t":"idOrVar","v":"value"}," വർഷങ്ങൾക്ക് മുമ്പ്"],"many":[{"t":"idOrVar","v":"value"}," വർഷങ്ങൾക്ക് മുമ്പ്"],"other":[{"t":"idOrVar","v":"value"}," വർഷങ്ങൾക്ക് മുമ്പ്"]},"$x":[{"t":"idOrVar","v":"plural"},"value"]},{"$i":"minutes-until-long","$v":{"zero":"ഇപ്പോൾ","one":"ഒരു മിനിറ്റിൽ","two":[{"t":"idOrVar","v":"value"}," മിനിറ്റുകളിൽ"],"few":[{"t":"idOrVar","v":"value"}," മിനിറ്റുകളിൽ"],"many":[{"t":"idOrVar","v":"value"}," മിനിറ്റുകളിൽ"],"other":[{"t":"idOrVar","v":"value"}," മിനിറ്റുകളിൽ"]},"$x":[{"t":"idOrVar","v":"plural"},"value"]},{"$i":"hours-until-long","$v":{"zero":"ഇപ്പോൾ","one":"ഒരു മണിക്കൂറിൽ","two":[{"t":"idOrVar","v":"value"}," മണിക്കൂറുകളിൽ"],"few":[{"t":"idOrVar","v":"value"}," മണിക്കൂറുകളിൽ"],"many":[{"t":"idOrVar","v":"value"}," മണിക്കൂറുകളിൽ"],"other":[{"t":"idOrVar","v":"value"}," മണിക്കൂറുകളിൽ"]},"$x":[{"t":"idOrVar","v":"plural"},"value"]},{"$i":"days-until-long","$v":{"zero":"ഇന്ന്","one":"നാളെ","two":[{"t":"idOrVar","v":"value"}," ദിവസങ്ങളിൽ"],"few":[{"t":"idOrVar","v":"value"}," ദിവസങ്ങളിൽ"],"many":[{"t":"idOrVar","v":"value"}," ദിവസങ്ങളിൽ"],"other":[{"t":"idOrVar","v":"value"}," ദിവസങ്ങളിൽ"]},"$x":[{"t":"idOrVar","v":"plural"},"value"]},{"$i":"weeks-until-long","$v":{"zero":"ഈ ആഴ്ച","one":"അടുത്ത ആഴ്ച","two":[{"t":"idOrVar","v":"value"}," ആഴ്ചകളിൽ"],"few":[{"t":"idOrVar","v":"value"}," ആഴ്ചകളിൽ"],"many":[{"t":"idOrVar","v":"value"}," ആഴ്ചകളിൽ"],"other":[{"t":"idOrVar","v":"value"}," ആഴ്ചകളിൽ"]},"$x":[{"t":"idOrVar","v":"plural"},"value"]},{"$i":"months-until-long","$v":{"zero":"ഈ മാസം","one":"അടുത്ത മാസം","two":[{"t":"idOrVar","v":"value"}," മാസങ്ങളിൽ"],"few":[{"t":"idOrVar","v":"value"}," മാസങ്ങളിൽ"],"many":[{"t":"idOrVar","v":"value"}," മാസങ്ങളിൽ"],"other":[{"t":"idOrVar","v":"value"}," മാസങ്ങളിൽ"]},"$x":[{"t":"idOrVar","v":"plural"},"value"]},{"$i":"years-until-long","$v":{"zero":"ഈ വർഷം","one":"അടുത്ത വർഷം","two":[{"t":"idOrVar","v":"value"}," വർഷങ്ങളിൽ"],"few":[{"t":"idOrVar","v":"value"}," വർഷങ്ങളിൽ"],"many":[{"t":"idOrVar","v":"value"}," വർഷങ്ങളിൽ"],"other":[{"t":"idOrVar","v":"value"}," വർഷങ്ങളിൽ"]},"$x":[{"t":"idOrVar","v":"plural"},"value"]},{"$i":"minutes-ago-short","$v":{"zero":"ഇപ്പോൾ തന്നെ","other":[{"t":"idOrVar","v":"value"}," മിനിറ്റ്  മുമ്പ്"]},"$x":[{"t":"idOrVar","v":"plural"},"value"]},{"$i":"hours-ago-short","$v":{"zero":"ഇപ്പോൾ തന്നെ","other":[{"t":"idOrVar","v":"value"}," മണിക്കൂറുകള്‍ക്ക്  മുമ്പ്"]},"$x":[{"t":"idOrVar","v":"plural"},"value"]},{"$i":"days-ago-short","$v":{"zero":"ഇന്ന്","other":[{"t":"idOrVar","v":"value"}," ദിവസങ്ങള്‍ക്ക്  മുമ്പ്"]},"$x":[{"t":"idOrVar","v":"plural"},"value"]},{"$i":"minutes-until-short","$v":{"zero":"ഇപ്പോൾ","other":[{"t":"idOrVar","v":"value"},"മിനിറ്റില്‍"]},"$x":[{"t":"idOrVar","v":"plural"},"value"]},{"$i":"hours-until-short","$v":{"zero":"ഇപ്പോൾ","other":[{"t":"idOrVar","v":"value"},"മണിക്കൂറില്‍"]},"$x":[{"t":"idOrVar","v":"plural"},"value"]},{"$i":"days-until-short","$v":{"zero":"ഇന്ന്","other":[{"t":"idOrVar","v":"value"},"ദിവസത്തില്‍"]},"$x":[{"t":"idOrVar","v":"plural"},"value"]},{"$i":"incorrectDate","$v":"(തെറ്റായ തീയ്യതി)"},{"$i":"dateTimeFormat_%c","$v":"%a %b %e %Y %I:%M:%S %p"},{"$i":"dateTimeFormat_%x","$v":"%m/%d/%Y"},{"$i":"dateTimeFormat_%X","$v":"%I:%M:%S %p"},{"$i":"shortTimeFormat","$v":"%I:%M %p"},{"$i":"shortTimeFormat12","$v":"%I:%M %p"},{"$i":"shortTimeFormat24","$v":"%H:%M"},{"$i":"shortDateTimeFormat","$v":"%x %I:%M %p"},{"$i":"weekStartsOnMonday","$v":"0"},{"$i":"firstDayOfTheWeek","$v":"0"},{"$i":"time_am","$v":"AM"},{"$i":"time_pm","$v":"PM"},{"$i":"label","$v":"ലേബൽ"},{"$i":"mobile","$v":"മൊബൈൽ"},{"$i":"home","$v":"ഹോം"},{"$i":"work","$v":"വര്‍ക്ക്"},{"$i":"personal","$v":"വ്യക്തിഗതം"},{"$i":"faxHome","$v":"Fax ഹോം"},{"$i":"faxOffice","$v":"Fax ഓഫീസ്"},{"$i":"faxOther","$v":"Fax അദര്‍"},{"$i":"another","$v":"മറ്റുള്ളത്"},{"$i":"other","$v":"മറ്റുള്ളവ"},{"$i":"tcl-customTag","$v":"ഇഷ്ടാനുസൃത ടാഗ്"},{"$i":"customTag","$v":"ഇഷ്ടാനുസൃത ടാഗ്","placeholder":"ഇഷ്ടാനുസൃത ടാഗ്"},{"$i":"current","$v":"നിലവിൽ"},{"$i":"itemWithLabel","$v":[{"t":"idOrVar","v":"label"},", ",{"t":"idOrVar","v":"item"}]},{"$i":"waitDuplicateContacts","$v":"ഡ്യൂപ്ലിക്കേറ്റ് കോൺടാക്റ്റുകൾക്കായി തിരയുന്നു"},{"$i":"waitMergingDuplicateContacts","$v":"ഡ്യൂപ്ലിക്കേറ്റ് കോൺടാക്റ്റുകൾ ലയിപ്പിക്കുന്നു"},{"$i":"alertNoDuplicateContacts","$v":"ഡ്യൂപ്ലിക്കേറ്റ് കോൺടാക്റ്റുകളൊന്നും കണ്ടെത്തിയില്ല"},{"$i":"curtainCancel","$v":"റദ്ദാക്കുക"},{"$i":"close","$v":"അടയ്‌ക്കുക"},{"$i":"mergeDuplicateTitle","$v":"ഡ്യൂപ്ലിക്കേറ്റുകൾ കണ്ടെത്തി"},{"$i":"suggestedDuplicatesMessage","innerHTML":{"$o":["<bdi>",{"t":"idOrVar","v":"name"},"</bdi> വേണ്ടി  നിർദ്ദേശിക്കപ്പെട്ട ഡ്യൂപ്ലിക്കേറ്റ് കോൺടാക്റ്റുകൾ"]}},{"$i":"mergeActionButtonLabel","$v":{"zero":"കോൺടാക്റ്റുകളൊന്നും തിരഞ്ഞെടുത്തിട്ടില്ല","one":[{"t":"idOrVar","v":"n"}," കോൺടാക്റ്റുമായി ലയിപ്പിക്കുക"],"two":[{"t":"idOrVar","v":"n"}," കോൺടാക്റ്റുകളുമായി ലയിപ്പിക്കുക"],"few":[{"t":"idOrVar","v":"n"}," കോൺടാക്റ്റുകളുമായി ലയിപ്പിക്കുക"],"many":[{"t":"idOrVar","v":"n"}," കോൺടാക്റ്റുകളുമായി ലയിപ്പിക്കുക"],"other":[{"t":"idOrVar","v":"n"}," കോൺടാക്റ്റുകളുമായി ലയിപ്പിക്കുക"]},"$x":[{"t":"idOrVar","v":"plural"},"n"]},{"$i":"duplicatesFoundTitle","$v":"ഡ്യൂപ്ലിക്കേറ്റുകൾ കണ്ടെത്തി"},{"$i":"foundDuplicatesMessage","innerHTML":"ഇനിപ്പറയുന്ന കോൺടാക്റ്റുകളിൽ ഡ്യൂപ്ലിക്കേറ്റ് വിവരം കണ്ടെത്തി. നിങ്ങൾക്ക് ലയിപ്പിക്കാൻ താൽപ്പര്യമുണ്ടോ?"},{"$i":"tcl-merge-selected-counts","$v":[{"t":"idOrVar","v":"n"}," തിരഞ്ഞെടുത്തു"]},{"$i":"tcl-wait-duplicate-contacts","$v":"ഡ്യൂപ്ലിക്കേറ്റ് കോൺടാക്റ്റുകൾ കണ്ടെത്തുക"},{"$i":"tcl-wait-txt","$v":"ഡ്യൂപ്ലിക്കേറ്റ് കോൺടാക്റ്റുകൾക്കായി തിരയുന്നു..."},{"$i":"import","$v":"ഇമ്പോര്‍ട്ട് ചെയ്യുക"},{"$i":"fbFriends","$v":"ഫേസ്ബുക്ക്‌ ഫ്രണ്ട്സ്"},{"$i":"live-serviceName","$v":"ഔട്ട്‌ലുക്ക്"},{"$i":"gmail-serviceName","$v":"ജിമെയില്‍"},{"$i":"facebook-serviceName","$v":"ഫേസ്ബുക്ക്‌ ഫ്രണ്ട്സ്"},{"$i":"viewAll","$v":"എല്ലാ ഫേസ്ബുക്ക് ഫ്രണ്ട്സുകളെയും കാണുക"},{"$i":"viewRecommend","$v":"ശുപാർശചെയ്തത്  മാത്രം കാണുക"},{"$i":"linkProposal","$v":{"zero":"പൊരുത്തപ്പെടുന്ന ഫ്രണ്ട്സ്കളില്ല. എല്ലാം കാണിക്കുന്നു","one":"ശുപാർശ ചെയ്ത ഒരെണ്ണം തിരഞ്ഞെടുക്കുക","two":"ശുപാർശ ചെയ്യുന്ന ഒന്ന് തിരഞ്ഞെടുക്കുക","few":"ശുപാർശ ചെയ്യുന്ന ഒന്ന് തിരഞ്ഞെടുക്കുക","many":"ശുപാർശ ചെയ്യുന്ന ഒന്ന് തിരഞ്ഞെടുക്കുക","other":"ശുപാർശ ചെയ്യുന്ന ഒന്ന് തിരഞ്ഞെടുക്കുക"},"$x":[{"t":"idOrVar","v":"plural"},"numFriends"]},{"$i":"fbFriendsFound","$v":{"zero":"നിങ്ങളുടെ എല്ലാ ഫ്രണ്ട്സിനെയും   ഇമ്പോർട്ടുചെയ്തു","one":"ഇമ്പോർട്ടുചെയ്യാൻ ഒരു ഫ്രണ്ടിനെ കണ്ടെത്തി","two":["ഇമ്പോർട്ടുചെയ്യാൻ ",{"t":"idOrVar","v":"numFriends"}," ഫ്രണ്ട്സ്കളെ  കണ്ടെത്തി"],"few":["ഇമ്പോർട്ടുചെയ്യാൻ ",{"t":"idOrVar","v":"numFriends"}," ഫ്രണ്ട്സ്കളെ  കണ്ടെത്തി"],"many":["ഇമ്പോർട്ടുചെയ്യാൻ ",{"t":"idOrVar","v":"numFriends"}," ഫ്രണ്ട്സ്കളെ  കണ്ടെത്തി"],"other":["ഇമ്പോർട്ടുചെയ്യാൻ ",{"t":"idOrVar","v":"numFriends"}," ഫ്രണ്ട്സ്കളെ  കണ്ടെത്തി"]},"$x":[{"t":"idOrVar","v":"plural"},"numFriends"]},{"$i":"fbNoFriends","$v":"ഇമ്പോർട്ടുചെയ്യുന്നതിന് കോൺടാക്റ്റുകളൊന്നും ലഭ്യമല്ല"},{"$i":"done-search","$v":"പൂർത്തിയാക്കി"},{"$i":"progressFB3ImportTitle","$v":"കോൺടാക്റ്റുകളിലേക്ക് ഫ്രണ്ട്സുകളെ  ഇമ്പോർട്ടുചെയ്യുന്നു"},{"$i":"progressFB","$v":[{"t":"idOrVar","v":"current"},"/",{"t":"idOrVar","v":"total"}]},{"$i":"progressFB3UpdateTitle","$v":"കോൺടാക്റ്റുകളിലെ ഫ്രണ്ട്സ്കളെ അപ്ഡേറ്റുചെയ്യുന്നു"},{"$i":"message2","$v":"ഇതിന് കുറച്ച് മിനിറ്റ് എടുത്തേക്കാം"},{"$i":"messageLinking","$v":"ദയവായി ഹോള്‍ഡ്‌ ചെയ്യുക .നിങ്ങളുടെ ഫ്രണ്ടിനേയും  കോൺടാക്റ്റിനെയും ഞങ്ങൾ ലിങ്ക് ചെയ്യുന്നു ."},{"$i":"error1","$v":["പിശക് ",{"t":"idOrVar","v":"from"}]},{"$i":"error2","$v":"വീണ്ടും ശ്രമിക്കണോ?"},{"$i":"errorProposal","$v":"നിർദ്ദേശങ്ങൾ കണക്കുകൂട്ടുന്നു"},{"$i":"errorFriends","$v":"ഫ്രണ്ട്സ്കളെ  വീണ്ടെടുക്കുന്നു"},{"$i":"errorLinking","$v":"കോൺടാക്റ്റ് ലിങ്കുചെയ്യുന്നു"},{"$i":"timeout1","$v":[{"t":"idOrVar","v":"from"}," നിന്ന്  സമയപരിധി കവിഞ്ഞു"]},{"$i":"timeout2","$v":"വീണ്ടും ശ്രമിക്കണോ?"},{"$i":"timeoutProposal","$v":"നിർദ്ദേശങ്ങൾ കണക്കുകൂട്ടുന്നു"},{"$i":"timeoutFriends","$v":"ഫ്രണ്ട്സ്കളെ  വീണ്ടെടുക്കുന്നു"},{"$i":"timeoutLinking","$v":"കോൺടാക്റ്റുകൾ ലിങ്കുചെയ്യുന്നു"},{"$i":"wait1","$v":"ദയവായി ഹോള്‍ഡ്‌ ചെയ്യുക"},{"$i":"wait2","$v":"ഇതിന് കുറച്ച് മിനിറ്റ് എടുത്തേക്കാം"},{"$i":"waitProposal","$v":"ദയവായി ഹോള്‍ഡ്‌ ചെയ്യുക . ഞങ്ങളൊരു പ്രപ്പോസൽ കണക്കുകൂട്ടുകയാണ്."},{"$i":"waitFriends","$v":"ദയവായി ഹോള്‍ഡ്‌ ചെയ്യുക . നിങ്ങളുടെ ഫ്രണ്ട് ലിസ്റ്റ് സ്വീകരിക്കുന്നതിന് ഞങ്ങൾ കണക്റ്റുചെയ്യുന്നു."},{"$i":"curtainRetry","$v":"വീണ്ടും ശ്രമിക്കുക"},{"$i":"curtainOK","$v":"ശരി"},{"$i":"connectionLost","$v":"ഇൻറർനെറ്റ് കണക്ഷനില്ല"},{"$i":"connectionLostMsg","$v":"ഫ്രണ്ട്സ്കുളുടെ  ഫോട്ടോകൾ നിങ്ങളുടെ കോൺടാക്റ്റിൽ ചേർക്കപ്പെടില്ല. എന്തായാലും തുടരുക?"},{"$i":"yesOption","$v":"ശരി"},{"$i":"noOption","$v":"റദ്ദാക്കുക"},{"$i":"waitFriendslive","$v":"ഔട്ട്‌ലുക്കില്‍ നിന്ന് കോൺടാക്റ്റുകൾ വായിക്കുന്നു..."},{"$i":"waitFriendsgmail","$v":"ജിമെയിലിൽ നിന്ന് കോൺടാക്റ്റുകൾ വായിക്കുന്നു..."},{"$i":"friendsUpdated","$v":{"zero":"ഫ്രണ്ട്സുകളെയൊന്നും അപ്ഡേറ്റുചെയ്തിട്ടില്ല","one":"ഒരു ഫ്രണ്ടിനെ അപ്ഡേറ്റുചെയ്തു","two":[{"t":"idOrVar","v":"numFriends"}," ഫ്രണ്ട്സ്കുളെ അപ്ഡേറ്റുചെയ്തു"],"few":[{"t":"idOrVar","v":"numFriends"}," ഫ്രണ്ട്സ്കുളെ അപ്ഡേറ്റുചെയ്തു"],"many":[{"t":"idOrVar","v":"numFriends"}," ഫ്രണ്ട്സ്കുളെ അപ്ഡേറ്റുചെയ്തു"],"other":[{"t":"idOrVar","v":"numFriends"}," ഫ്രണ്ട്സ്കുളെ അപ്ഡേറ്റുചെയ്തു"]},"$x":[{"t":"idOrVar","v":"plural"},"numFriends"]},{"$i":"friendsMerged","$v":{"zero":"ഡ്യൂപ്ലിക്കേറ്റ് ഫ്രണ്ട്സുകളെ   ലയിപ്പിച്ചിട്ടില്ല","one":"ഒരു ഡ്യൂപ്ലിക്കേറ്റ് ഫ്രണ്ടിനെ മെര്‍ജ് ചെയ്തു","two":[{"t":"idOrVar","v":"numDups"}," ഫ്രണ്ട്സ്കളെ  ലയിപ്പിച്ചു"],"few":[{"t":"idOrVar","v":"numDups"}," ഫ്രണ്ട്സ്കളെ  ലയിപ്പിച്ചു"],"many":[{"t":"idOrVar","v":"numDups"}," ഫ്രണ്ട്സ്കളെ  ലയിപ്പിച്ചു"],"other":[{"t":"idOrVar","v":"numDups"}," ഫ്രണ്ട്സ്കളെ  ലയിപ്പിച്ചു"]},"$x":[{"t":"idOrVar","v":"plural"},"numDups"]},{"$i":"notificationLogin","$v":"നിങ്ങളുടെ ഫേസ്ബുക്ക് സെഷൻ അസാധുവാണ്.ദയവായി  സൈൻ ഇൻ ചെയ്യുക."},{"$i":"syncError","$v":"നിങ്ങളുടെ ഫ്രണ്ടിന്‍റെ  ഡാറ്റ സമന്വയിപ്പിക്കുന്നതിൽ ഒരു പിശകുണ്ടായി"},{"$i":"progressFB3liveTitle","$v":"ഔട്ട്‌ലുക്കിൽ നിന്ന് കോൺടാക്റ്റുകൾ ഇമ്പോർട്ടുചെയ്യുന്നു..."},{"$i":"progressFB3gmailTitle","$v":"ജിമെയിലില്‍ നിന്ന് കോൺടാക്റ്റുകൾ ഇമ്പോർട്ടുചെയ്യുന്നു..."},{"$i":"tcl-calllog-entry-removed-succ-notification","$v":"കോൾ ലോഗ് എൻട്രി നീക്കംചെയ്തു"},{"$i":"tcl-calllog-entry-removed-err-notification","$v":"കോൾ ലോഗ് എൻട്രി നീക്കംചെയ്യാൻ കഴിയില്ല"},{"$i":"addNewNumber","$v":"പുതിയ നമ്പർ ചേർക്കുക"},{"$i":"contactDetails","$v":"കോൺടാക്റ്റ് വിശദാംശങ്ങൾ"},{"$i":"addToExistingContact","$v":"നിലവിലുള്ള കോൺടാക്റ്റിലേക്ക് ചേർക്കുക"},{"$i":"all","$v":"എല്ലാം","ariaLabel":"എല്ലാം"},{"$i":"bluetoothOption","ariaLabel":"ബ്ലുടൂത്ത്"},{"$i":"callLog","$v":"കോള്‍  ലോഗ്"},{"$i":"callLogEdit","title":"കോൾ ലോഗ് തിരുത്തുക"},{"$i":"tcl-option-menu-call-log-edit","$v":"കോൾ ലോഗ് തിരുത്തുക"},{"$i":"callLogEditDialog","ariaLabel":"കോൾ ലോഗ് ഡയലോഗ് തിരുത്തുക"},{"$i":"tcl-call-log-delete-group-notification","$v":[{"t":"idOrVar","v":"n"}," എൻട്രികൾ ഇല്ലാതാക്കി"]},{"$i":"connecting","$v":"കണക്റ്റുചെയ്യുന്നു"},{"$i":"connectingEllipsis","$v":"കണക്റ്റുചെയ്യുന്നു..."},{"$i":"call-forwarding-async","$v":["അസിംക്രണസ്: ",{"t":"idOrVar","v":"async"}]},{"$i":"call-forwarding-data","$v":["ഡാറ്റ: ",{"t":"idOrVar","v":"data"}]},{"$i":"call-forwarding-error","$v":"കോൾ കൈമാറൽ നില വീണ്ടെടുക്കുന്നതിനിടെ ഒരു പിശക് സംഭവിച്ചു"},{"$i":"call-forwarding-fax","$v":["FAX: ",{"t":"idOrVar","v":"fax"}]},{"$i":"call-forwarding-inactive","$v":"നിഷ്ക്രിയം"},{"$i":"call-forwarding-packet","$v":["പാക്കറ്റ്: ",{"t":"idOrVar","v":"packet"}]},{"$i":"call-forwarding-pad","$v":["PAD: ",{"t":"idOrVar","v":"pad"}]},{"$i":"call-forwarding-sms","$v":["SMS: ",{"t":"idOrVar","v":"sms"}]},{"$i":"call-forwarding-status","$v":"കോൾ ഫോർവാർഡുചെയ്യൽ നില"},{"$i":"call-forwarding-sync","$v":["സമന്വയിപ്പിക്കുക: ",{"t":"idOrVar","v":"sync"}]},{"$i":"call-forwarding-voice","$v":["ശബ്‌ദം: ",{"t":"idOrVar","v":"voice"}]},{"$i":"confirm-deletion","$v":"തിരഞ്ഞെടുത്ത കോളുകൾ മായ്ക്കണോ?"},{"$i":"createNewContact","$v":"പുതിയ കോൺടാക്റ്റ് സൃഷ്ടിക്കുക"},{"$i":"calllog-deselectAll","$v":"തിരഞ്ഞെടുത്തത് എല്ലാം മാറ്റുക"},{"$i":"dialerAddContact","ariaLabel":"കോണ്‍‌ടാക്റ്റ് ചേര്‍‌ക്കുക"},{"$i":"dialerAddContactDialog","ariaLabel":"കോണ്‍‌ടാക്റ്റ് ഡയലോഗ്  ചേര്‍‌ക്കുക"},{"$i":"callInformation","$v":"കോൾ വിവരങ്ങൾ"},{"$i":"edit-selected","$v":{"one":["തിരഞ്ഞെടുത്ത(",{"t":"idOrVar","v":"n"},")"],"two":["തിരഞ്ഞെടുത്ത(",{"t":"idOrVar","v":"n"},")"],"few":["തിരഞ്ഞെടുത്ത(",{"t":"idOrVar","v":"n"},")"],"many":["തിരഞ്ഞെടുത്ത(",{"t":"idOrVar","v":"n"},")"],"other":["തിരഞ്ഞെടുത്ത(",{"t":"idOrVar","v":"n"},")"]},"$x":[{"t":"idOrVar","v":"plural"},"n"]},{"$i":"tcl-edit-not-selected","$v":"തിരഞ്ഞെടുത്തു(0)"},{"$i":"hideKeypad","ariaLabel":"കീപാഡ് മറയ്ക്കുക"},{"$i":"ignore","$v":"കോൾ അവഗണിക്കുക"},{"$i":"incoming","$v":"ഇൻകമിംഗ്"},{"$i":"keypad","ariaLabel":"കീപാഡ്"},{"$i":"info-missed","$v":"മിസ്ഡ്"},{"$i":"missed","$v":"മിസ്ഡ്","ariaLabel":"മിസ്ഡ്"},{"$i":"dialed","$v":"ഡയൽ ചെയ്തു"},{"$i":"received","$v":"ലഭിച്ചവ"},{"$i":"canceled","$v":"റദ്ദാക്കി"},{"$i":"missedCall","$v":"മിസ്ഡ് കോൾ"},{"$i":"missedCallMultiSims","$v":["(സിം ",{"t":"idOrVar","v":"n"},") മിസ്ഡ് കോൾ"]},{"$i":"mmi-error","$v":"സന്ദേശം അയയ്ക്കുന്നതിനിടെ ഒരു പിശക് സംഭവിച്ചു"},{"$i":"mmi-session-expired","$v":"സെഷൻ സമയം കഴിഞ്ഞു"},{"$i":"mmi-successfully-sent","$v":"സന്ദേശം വിജയകരമായി അയച്ചു"},{"$i":"mmi-notification-title-with-sim","$v":["(",{"t":"idOrVar","v":"sim"},") ",{"t":"idOrVar","v":"title"}]},{"$i":"mute","ariaLabel":"മ്യൂട്ട്"},{"$i":"newCall","ariaLabel":"പുതിയ കോൾ"},{"$i":"no-logs-msg-1","$v":"കോളുകളൊന്നും റെക്കോർഡുചെയ്തിട്ടില്ല"},{"$i":"no-logs-msg-2","$v":"ഇപ്പോൾ ആശയവിനിമയം ചെയ്ത് തുടങ്ങുക"},{"$i":"no-logs-msg-3","$v":"കോളുകളൊന്നും റെക്കോർഡുചെയ്തിട്ടില്ല"},{"$i":"no-logs-msg-4","$v":"ഇപ്പോൾ ആശയവിനിമയം ചെയ്ത് തുടങ്ങുക"},{"$i":"onHoldOption","ariaLabel":"ഹോള്‍ഡ് ചെയ്തിരിക്കുന്നു"},{"$i":"outgoing","$v":"ഔട്ട്ഗോയിംഗ്"},{"$i":"recents","ariaLabel":"സമീപകാല കോളുകൾ"},{"$i":"reply","$v":"മറുപടി"},{"$i":"calllog-selectAll","$v":"എല്ലാം തിരഞ്ഞെടുക്കുക"},{"$i":"send","$v":"അയക്കുക"},{"$i":"switch-calls","$v":"കോളുകൾ സ്വിച്ച് ചെയ്യുക"},{"$i":"withheld-number","$v":"അജ്ഞാതം"},{"$i":"from-contact","$v":[{"t":"idOrVar","v":"contact"}," ല്‍ നിന്ന്"]},{"$i":"from-number","$v":[{"t":"idOrVar","v":"number"}," ല്‍ നിന്ന്"]},{"$i":"from-withheld-number","$v":"അജ്ഞാത നമ്പറിൽ നിന്ന്"},{"$i":"sending","$v":"അയയ്‌ക്കുന്നു…"},{"$i":"speakerOption","ariaLabel":"സ്പീക്കർ"},{"$i":"ussd-services","$v":[{"t":"idOrVar","v":"operator"}," സേവനങ്ങൾ"]},{"$i":"toggleKeypad","ariaLabel":"കീബോർഡ് ടോഗിൾ ചെയ്യുക"},{"$i":"type-your-response","placeholder":"നിങ്ങളുടെ പ്രതികരണം ടൈപ്പുചെയ്യുക..."},{"$i":"clear-all-text","$v":"എല്ലാ ടെക്സ്റ്റും മായ്ക്കുക"},{"$i":"hide","$v":"മറയ്‌ക്കുക"},{"$i":"call","$v":"വിളിക്കുക"},{"$i":"hold","ariaLabel":"ഹോള്‍ഡ്‌"},{"$i":"resume","$v":"പുനരാരംഭിക്കുക","ariaLabel":"പുനരാരംഭിക്കുക"},{"$i":"sendSms","$v":"സന്ദേശം അയക്കുക"},{"$i":"callEnded","$v":"കോൾ അവസാനിച്ചു"},{"$i":"via-sim","$v":["സിം വഴി ",{"t":"idOrVar","v":"n"}]},{"$i":"sim-number","$v":["സിം",{"t":"idOrVar","v":"n"}]},{"$i":"unknown","$v":"അജ്ഞാതം"},{"$i":"hangup-a11y-button","ariaLabel":"ഹാംഗ് അപ്പ് ചെയ്യുക"},{"$i":"pickup-a11y-button","ariaLabel":"പിക്ക് അപ്പ്‌"},{"$i":"unlock-a11y-button","ariaLabel":"സ്ലൈഡർ"},{"$i":"settings","$v":"സെറ്റിംഗ്സ്"},{"$i":"tcl-delete-log","$v":"കോൾ ലോഗിൽ നിന്നും തിരഞ്ഞെടുത്ത എൻട്രികൾ ഇല്ലാതാക്കണമെന്ന് തീർച്ചയാണോ?"},{"$i":"delete-n-log?","$v":{"zero":"ഒന്നും തിരഞ്ഞെടുത്തില്ല","one":"തിരഞ്ഞെടുത്ത ലോഗ് നീക്കംചെയ്യണോ?","two":[{"t":"idOrVar","v":"n"}," ലോഗുകൾ നീക്കംചെയ്യണോ?"],"few":[{"t":"idOrVar","v":"n"}," ലോഗുകൾ നീക്കംചെയ്യണോ?"],"many":[{"t":"idOrVar","v":"n"}," ലോഗുകൾ നീക്കംചെയ്യണോ?"],"other":[{"t":"idOrVar","v":"n"}," ലോഗുകൾ നീക്കംചെയ്യണോ?"]},"$x":[{"t":"idOrVar","v":"plural"},"n"]},{"$i":"callDurationMinutes","$v":[{"t":"idOrVar","v":"m"},":",{"t":"idOrVar","v":"s"}]},{"$i":"callDurationHours","$v":[{"t":"idOrVar","v":"h"},":",{"t":"idOrVar","v":"m"},":",{"t":"idOrVar","v":"s"}]},{"$i":"callDurationTextFormatSeconds","$v":[{"t":"idOrVar","v":"s"}," സെക്കന്റ്‌"]},{"$i":"callDurationTextFormatMinutes","$v":[{"t":"idOrVar","v":"m"}," മിനിറ്റ്  ",{"t":"idOrVar","v":"s"}," സെക്കന്റ്‌"]},{"$i":"callDurationTextFormatHours","$v":[{"t":"idOrVar","v":"h"}," മണിക്കൂര്‍  ",{"t":"idOrVar","v":"m"}," മിനിറ്റ്  ",{"t":"idOrVar","v":"s"}," സെക്കന്റ്‌"]},{"$i":"suggestionMatches","$v":{"one":["\"",{"t":"idOrVar","v":"matchNumber"},"\" നു വേണ്ടി  ",{"t":"idOrVar","v":"n"}," പൊരുത്തം"],"two":["\"",{"t":"idOrVar","v":"matchNumber"},"\" നു വേണ്ടി ",{"t":"idOrVar","v":"n"}," പൊരുത്തം"],"few":["\"",{"t":"idOrVar","v":"matchNumber"},"\" നു വേണ്ടി ",{"t":"idOrVar","v":"n"}," പൊരുത്തം"],"many":["\"",{"t":"idOrVar","v":"matchNumber"},"\" നു വേണ്ടി ",{"t":"idOrVar","v":"n"}," പൊരുത്തം"],"other":["\"",{"t":"idOrVar","v":"matchNumber"},"\" നു വേണ്ടി ",{"t":"idOrVar","v":"n"}," പൊരുത്തം"]},"$x":[{"t":"idOrVar","v":"plural"},"n"]},{"$i":"scCallBarring","$v":"കോൾ തടയൽ"},{"$i":"scCallForwarding","$v":"കോൾ ഫോർവാർഡുചെയ്യൽ"},{"$i":"scClip","$v":"ഇൻകമിംഗ് കോളർ ID"},{"$i":"scClir","$v":"ഔട്ട്ഗോയിംഗ് കോളർ ID"},{"$i":"scPwd","$v":"പാസ്‌വേഡ് മാറ്റം"},{"$i":"scCallWaiting","$v":"കോള്‍ വെയ്റ്റിംഗ്"},{"$i":"scPin","$v":"പിൻ മാറ്റം"},{"$i":"scPin2","$v":"പിന്‍2 മാറ്റം"},{"$i":"scPuk","$v":"പിന്‍ അൺബ്ലോക്കുചെയ്യുക"},{"$i":"scPuk2","$v":"പിന്‍2 അൺബ്ലോക്കുചെയ്യുക"},{"$i":"scImei","$v":"IMEI"},{"$i":"scMeid","$v":"MEID"},{"$i":"scUssd","$v":"USSD"},{"$i":"serviceClassVoice","$v":"ശബ്‌ദം"},{"$i":"serviceClassData","$v":"ഡാറ്റ"},{"$i":"serviceClassFax","$v":"FAX"},{"$i":"serviceClassSms","$v":"SMS"},{"$i":"serviceClassDataSync","$v":"സമന്വയിപ്പിക്കുക"},{"$i":"serviceClassDataAsync","$v":"അസിംക്"},{"$i":"serviceClassPacket","$v":"പാക്കറ്റ്"},{"$i":"serviceClassPad","$v":"PAD"},{"$i":"smServiceEnabled","$v":"സേവനം പ്രവർത്തനക്ഷമമാക്കി"},{"$i":"smServiceDisabled","$v":"സേവനം പ്രവർത്തനരഹിതമാക്കിയിരിക്കുന്നു"},{"$i":"smServiceRegistered","$v":"രജിസ്ട്രേഷൻ വിജയകരമായിരുന്നു"},{"$i":"smServiceErased","$v":"ഇല്ലാതാക്കൽ വിജയകരമായിരുന്നു"},{"$i":"smServiceInterrogated","$v":"അഭ്യർത്ഥന വിജയകരമായിരുന്നു"},{"$i":"smServiceNotProvisioned","$v":"സേവനം വ്യവസ്ഥ ചെയ്തിട്ടില്ല"},{"$i":"smClirPermanent","$v":"നിങ്ങൾക്ക് കോളർ ID സെറ്റിംഗ്സ്  മാറ്റാൻ കഴിയില്ല"},{"$i":"smClirDefaultOnNextCallOn","$v":"കോളര്‍ ID ഡിഫോള്‍ട്ടായി പരിമിതപ്പെടുത്തിയിരിക്കുന്നു. അടുത്ത കോള്‍ : പരിമിതപെടുത്തി"},{"$i":"smClirDefaultOnNextCallOff","$v":"കോളര്‍ ID ഡിഫോള്‍ട്ടായി പരിമിതപ്പെടുത്തിയിരിക്കുന്നു. അടുത്ത കോള്‍ : പരിമിതപ്പെടുത്തിയിട്ടില്ല"},{"$i":"smClirDefaultOffNextCallOn","$v":"കോളര്‍ ID ഡീഫാള്‍ട്ടായി തടസ്സപ്പെടുത്തിയിട്ടില്ല. അടുത്ത കോള്‍ :പരിമിതപ്പെടുത്തി"},{"$i":"smClirDefaultOffNextCallOff","$v":"കോളര്‍ ID ഡീഫാള്‍ട്ടായി  തടസ്സപ്പെടുത്തിയിട്ടില്ല. അടുത്ത കോള്‍ : പരിമിതപ്പെടുത്തിയിട്ടില്ല"},{"$i":"smServiceEnabledFor","$v":"സേവനം ഇവയ്‌ക്കായി പ്രവർത്തനക്ഷമമാക്കി:"},{"$i":"smPinChanged","$v":"പിന്‍ വിജയകരമായി മാറ്റി"},{"$i":"smPinUnblocked","$v":"പിന്‍ വിജയകരമായി അൺബ്ലോക്കുചെയ്തു"},{"$i":"smPin2Changed","$v":"പിന്‍2 വിജയകരമായി മാറ്റി"},{"$i":"smPin2Unblocked","$v":"പിന്‍2 വിജയകരമായി അൺബ്ലോക്കുചെയ്തു"},{"$i":"ServiceIsEnabled","$v":"സേവനം പ്രവർത്തനക്ഷമമായി"},{"$i":"ServiceIsDisabled","$v":"സേവനം പ്രവർത്തനരഹിതമാക്കി"},{"$i":"ServiceIsEnabledFor","$v":"സേവനം ഇതിന് പ്രവർത്തനക്ഷമമാക്കി:"},{"$i":"emMmiError","$v":"കണക്ഷൻ പ്രശ്നം അല്ലെങ്കിൽ അസാധുവായ MMI കോഡ്"},{"$i":"emMmiErrorPasswordIncorrect","$v":"തെറ്റായ പാസ്‌വേഡ്"},{"$i":"emMmiErrorNotSupported","$v":"അസാധുവായ അല്ലെങ്കിൽ പിന്തുണയില്ലാത്ത MMI കോഡ്"},{"$i":"emMmiErrorInvalidAction","$v":"പ്രവർത്തനം അസാധുവാണ്"},{"$i":"emMmiErrorInvalidScCode","$v":"സർവീസ് കോഡ് അസാധുവാണ്"},{"$i":"emMmiErrorBadPuk","$v":"നിങ്ങൾ ടൈപ്പുചെയ്ത PUK ശരിയല്ല"},{"$i":"emMmiErrorBadPin","$v":"നിങ്ങൾ ടൈപ്പുചെയ്ത പഴയ പിന്‍ തെറ്റാണ്."},{"$i":"emMmiErrorNeedPuk2","$v":"സിം കാർഡ് അൺബ്ലോക്കുചെയ്യുന്നതിന് PUK2 ടൈപ്പുചെയ്യുക"},{"$i":"emMmiErrorMismatchPin","$v":"നിങ്ങൾ ടൈപ്പുചെയ്ത പിന്‍സ് പൊരുത്തപ്പെടുന്നില്ല"},{"$i":"emMmiErrorInvalidPin","$v":"4 മുതൽ 8 വരെ അക്കങ്ങളുള്ള ഒരു പിന്‍ ടൈപ്പുചെയ്യുക"},{"$i":"emMmiErrorNeedsPuk","$v":"നിങ്ങളുടെ സിം കാർഡില്‍  PUK ലോക്ക് ചെയ്തിരിക്കുന്നു"},{"$i":"emMmiErrorEnablePin","$v":"പരാജയപ്പെട്ടു. SIM/RUIM ലോക്ക് പ്രവർത്തനക്ഷമമാക്കുക"},{"$i":"emMmiErrorMmiFdn","$v":"സ്ഥിര ഡയലിംഗ് നമ്പറുകൾക്ക് മാത്രമായി പ്രവർത്തനം പരിമിതപ്പെടുത്തിയിരിക്കുന്നു"},{"$i":"emMmiErrorStkCcUssdDial","$v":"USSD അഭ്യർത്ഥന, ഡയല്‍ അഭ്യർത്ഥനയായി പരിഷ്‌ക്കരിച്ചു."},{"$i":"emMmiErrorStkCcUssdSs","$v":"USSD അഭ്യർത്ഥന SS അഭ്യർത്ഥനയിലേക്ക്  പരിഷ്‌ക്കരിച്ചു."},{"$i":"emMmiErrorStkCcUssdUssd","$v":"USSD അഭ്യർത്ഥന പുതിയ USSD അഭ്യർത്ഥനയായി പരിഷ്‌ക്കരിച്ചു."},{"$i":"emMmiErrorStkCcSsDial","$v":"ഡയൽ അഭ്യർത്ഥനയിലേക്ക് SS അഭ്യർത്ഥന പരിഷ്ക്കരിച്ചു"},{"$i":"emMmiErrorStkCcSsUssd","$v":"SS അഭ്യർത്ഥന USSD അഭ്യർത്ഥനയായി പരിഷ്‌ക്കരിച്ചു."},{"$i":"emMmiErrorStkCcSsSs","$v":"പുതിയ SS അഭ്യർത്ഥനയിലേക്ക് SS അഭ്യർത്ഥന പരിഷ്ക്കരിച്ചു"},{"$i":"emMmiErrorPinPukAttempts","$v":{"one":[{"t":"idOrVar","v":"n"}," പുനഃശ്രമം കൂടി ബാക്കിയുണ്ട്"],"two":[{"t":"idOrVar","v":"n"}," പുനഃശ്രമങ്ങൾ ശേഷിക്കുന്നു"],"few":[{"t":"idOrVar","v":"n"}," പുനഃശ്രമങ്ങൾ ശേഷിക്കുന്നു"],"many":[{"t":"idOrVar","v":"n"}," പുനഃശ്രമങ്ങൾ ശേഷിക്കുന്നു"],"other":[{"t":"idOrVar","v":"n"}," പുനഃശ്രമങ്ങൾ ശേഷിക്കുന്നു"]},"$x":[{"t":"idOrVar","v":"plural"},"n"]},{"$i":"emMmiErrorSimBlocked","$v":"പുനഃശ്രമങ്ങളുടെ പരമാവധി എണ്ണം മറികടന്നു. സിം തടഞ്ഞു."},{"$i":"RadioNotAvailable","$v":"റേഡിയോ ലഭ്യമല്ല"},{"$i":"GenericFailure","$v":"പൊതുവായ പരാജയം"},{"$i":"PasswordIncorrect","$v":"പാസ്‌വേഡ് തെറ്റാണ്"},{"$i":"SimPin2","$v":"സിം പിന്‍2"},{"$i":"SimPuk2","$v":"സിം PUK2"},{"$i":"RequestNotSupported","$v":"അഭ്യർത്ഥനയ്ക്ക് പിന്തുണയില്ല"},{"$i":"OpNotAllowedDuringVoiceCall","$v":"വോയിസ്‌  കോളിൽ പ്രവർത്തനം അനുവദനീയമല്ല"},{"$i":"SmsSendFailRetry","$v":"SMS അയയ്ക്കുന്നത് പരാജയം, വീണ്ടും ശ്രമിക്കുക"},{"$i":"SimAbsent","$v":"സിം ഇല്ല"},{"$i":"SubscriptionNotAvailable","$v":"സബ്സ്ക്രിപ്ഷൻ ലഭ്യമല്ല"},{"$i":"ModeNotSupported","$v":"മോഡ് പിന്തുണയ്ക്കുന്നില്ല"},{"$i":"FdnCheckFailure","$v":"Fdn പരിശോധന പരാജയം"},{"$i":"IllegalSimOrMe","$v":"നിയമവിരുദ്ധ സിം അല്ലെങ്കിൽ ME"},{"$i":"DialModifiedToUssd","$v":"USSD ലേക്ക് ഡയൽ പരിഷ്ക്കരിച്ചു"},{"$i":"DialModifiedToSs","$v":"SS ലേക്ക് ഡയൽ പരിഷ്ക്കരിച്ചു"},{"$i":"DialModifiedToDial","$v":"ഡയലിലേക്ക് ഡയൽ പരിഷ്ക്കരിച്ചു"},{"$i":"UssdModifiedToDial","$v":"ഡയലിലേക്ക്  USSD പരിഷ്ക്കരിച്ചു"},{"$i":"UssdModifiedToSs","$v":"SS ലേക്ക് USSD പരിഷ്ക്കരിച്ചു"},{"$i":"UssdModifiedToUssd","$v":"USSD ലേക്ക് USSD പരിഷ്ക്കരിച്ചു"},{"$i":"SsModifiedToDial","$v":"ഡയലിലേക്ക് SS പരിഷ്ക്കരിച്ചു"},{"$i":"SsModifiedToUssd","$v":"USSD ലേക്ക് SS പരിഷ്ക്കരിച്ചു"},{"$i":"SsModifiedToSs","$v":"SS ലേക്ക് SS പരിഷ്ക്കരിച്ചു"},{"$i":"SubscriptionNotSupported","$v":"സബ്സ്ക്രിപ്ഷന് പിന്തുണയില്ല"},{"$i":"InvalidParameter","$v":"പാരാമീറ്റർ അസാധുവാണ്"},{"$i":"RejectedByRemote","$v":"റിമോട്ട്  മുഖേന നിരസിച്ചു"},{"$i":"conferenceCall","$v":["കോൺഫറൻസ് (",{"t":"idOrVar","v":"n"},")"]},{"$i":"caller-left-call","$v":[{"t":"idOrVar","v":"caller"}," കോൾ ഉപേക്ഷിച്ചു."]},{"$i":"conferenceAddError","$v":"കോളുകൾ ലയിപ്പിക്കാനാവുന്നില്ല"},{"$i":"conferenceRemoveError","$v":"കോളുകൾ ലയിപ്പിച്ചത് മാറ്റാനാവുന്നില്ല"},{"$i":"longDateFormat","$v":"%A, %b %e"},{"$i":"select-audio-sources","$v":"ഓഡിയോ ഉറവിടങ്ങൾ തിരഞ്ഞെടുക്കുക"},{"$i":"bluetooth-handsfree-device","$v":"ബ്ലുടൂത്ത് ഹാൻഡ്സ്ഫ്രീ ഉപകരണം"},{"$i":"receiver","$v":"ലഭിക്കുന്നയാൾ"},{"$i":"speaker","$v":"സ്പീക്കർ"},{"$i":"tcl-cancel","$v":"റദ്ദാക്കുക"},{"$i":"tcl-dialer","$v":"ഡയലർ"},{"$i":"tcl-confirmation","$v":"സ്ഥിരീകരണം"},{"$i":"log-item","$v":"ഓപ്ഷന്‍"},{"$i":"tcl-assign-speed-dial","$v":{"$o":["\"",{"t":"idOrVar","v":"speedDial"},"\" എന്ന ബട്ടണിൽ സ്പീഡ് ഡയൽ ആയി കോൺടാക്റ്റ് ചേർത്തിട്ടില്ല.<br><br>ഇപ്പോൾ നിയോഗിക്കണോ ?"]}},{"$i":"tcl-assign","$v":"നിയോഗിക്കുക"},{"$i":"select","$v":"തിരഞ്ഞെടുക്കുക"},{"$i":"view-all","$v":"എല്ലാം കാണുക"},{"$i":"search-results","$v":"തിരയൽ ഫലങ്ങൾ"},{"$i":"no-recent-numbers","$v":"ഡയൽ ചെയ്യാനായി  കോൾ ലോഗുകളിൽ സമീപകാല നമ്പറുകളൊന്നുമില്ല."},{"$i":"wifi-calling","$v":"Wi-Fi കോളിംഗ്"},{"$i":"dialer-prompt","$v":"നമ്പർ ഡയൽ ചെയ്യുക അല്ലെങ്കിൽ കോൾ ചെയ്യുന്നതിന് ചേർക്കേണ്ട കോൺടാക്റ്റിനെ തിരഞ്ഞെടുക്കുക"},{"$i":"hours","$v":"മണിക്കൂറുകൾ"},{"$i":"minutes","$v":"മിനിറ്റ്"},{"$i":"seconds","$v":"സെക്കന്റ്"},{"$i":"voicemailNoNumberTitle","$v":"വോയ്സ്മെയിൽ നമ്പർ ലഭ്യമല്ല"},{"$i":"voicemailNoNumberText","$v":"വോയ്സ്മെയിൽ വിളിക്കാനാവുന്നില്ല കോൾ ചെയ്യുന്നതിന് വോയ്സ്മെയിൽ നമ്പർ സെറ്റ് അപ്പ്‌ ചെയ്യുക."},{"$i":"voicemailNoNumberSettings","$v":"സെറ്റിംഗ്സ്"},{"$i":"voicemailNoNumberCancel","$v":"റദ്ദാക്കുക"},{"$i":"phoneNumberInput","ariaLabel":"ഫോൺ നമ്പർ"},{"$i":"keypadDelete","ariaLabel":"ഇല്ലാതാക്കുക"},{"$i":"voiceMailKey","ariaLabel":"വോയ്സ്മെയില്‍"},{"$i":"asterisk","ariaLabel":"ഏസ്ട്രിക് ചിഹ്നം"},{"$i":"hashSign","ariaLabel":"ഹാഷ് ചിഹ്നം"},{"$i":"loadingSimContacts","$v":"സിം കാർഡ് കോൺടാക്റ്റുകൾ ലോഡുചെയ്യുന്നു..."},{"$i":"noContactsWereFound","$v":"കോൺടാക്റ്റുകളൊന്നും കണ്ടെത്തിയില്ല"},{"$i":"noContactsFoundDialogOk","$v":"ശരി"},{"$i":"emergencyNumber","$v":"അടിയന്തര നമ്പർ"},{"$i":"callAirplaneModeMessage","$v":"കോൾ ചെയ്യുന്നതിന് നിങ്ങൾ സെറ്റിംഗ്സില്‍  എയര്‍പ്ലൈന്‍ മോഡ്  പ്രവർത്തനരഹിതമാക്കേണ്ടതുണ്ട്."},{"$i":"callAirplaneModeBtnOk","$v":"ശരി"},{"$i":"callAirplaneModeTitle","$v":"എയര്‍പ്ലൈന്‍ മോഡ്  സജീവമാക്കി"},{"$i":"numberIsBusyTitle","$v":"നമ്പർ തിരക്കിലാണ്"},{"$i":"numberIsBusyMessage","$v":"നമ്പർ ഇപ്പോൾ തിരക്കിലാണ്. ദയവായി പിന്നീട് വീണ്ടും ശ്രമിക്കുക."},{"$i":"fdnIsActiveTitle","$v":"FDN സജീവമാണ്"},{"$i":"fdnIsActiveMessage","$v":["FDN (സ്ഥിര ഡയലിംഗ് നമ്പറുകൾ) സജീവമാക്കി, നിങ്ങളുടെ FDN ലിസ്റ്റിൽ ഇനിപ്പറയുന്ന നമ്പർ ഇല്ല: ",{"t":"idOrVar","v":"number"}]},{"$i":"emergencyDialogBodyBadNumber","$v":"ഫോൺ വിളിക്കുന്നതിന്, ഫോൺ ഒരു നെറ്റ്‌വർക്കിലേക്ക് കണക്റ്റുചെയ്തിരിക്കണം."},{"$i":"emergencyDialogBodyDeviceNotAccepted","$v":"നെറ്റ്‌വർക്ക് വഴി  അടിയന്തിര കോളുകൾ അനുവദിക്കുന്നില്ല."},{"$i":"emergencyDialogBtnOk","$v":"ശരി"},{"$i":"emergencyDialogTitle","$v":"നെറ്റ്‌വർക്ക് കണക്ഷന്‍ ഇല്ല"},{"$i":"invalidNumberToDialTitle","$v":"ഫോൺ നമ്പർ അസാധുവാണ്"},{"$i":"invalidNumberToDialMessage","$v":"നിങ്ങൾ വിളിക്കുന്ന ഫോൺ നമ്പർ സാധുതയുള്ളതല്ല."},{"$i":"unableToCallTitle","$v":"ഇപ്പോഴൊരു ഫോൺ കോൾ ചെയ്യാനാവുന്നില്ല"},{"$i":"unableToCallMessage","$v":"ഒരു കോൾ ചെയ്യാനാവില്ല. നിങ്ങൾ ഇതിനകം ഡയൽ ചെയ്യുന്നുണ്ടെങ്കിൽ, ആദ്യം ഹാംഗ് അപ്പ് ചെയ്യുക"},{"$i":"otherConnectionInUseTitle","$v":"മറ്റ് കണക്ഷൻ ഉപയോഗത്തിലാണ്"},{"$i":"otherConnectionInUseMessage","$v":"മറ്റൊരു കണക്ഷനിൽ നിങ്ങൾക്ക് സജീവമായ ഒരു കോൾ ഉണ്ട്. നിങ്ങൾക്ക് ഒരു സമയത്ത് ഒരു കണക്ഷൻ മാത്രമേ ഉപയോഗിക്കാൻ കഴിയൂ."},{"$i":"tcl-call-log","$v":"കോള്‍  ലോഗ്"},{"$i":"tcl-contacts","$v":"കോൺടാക്റ്റ്"},{"$i":"tcl-call","$v":"വിളിക്കുക"},{"$i":"tcl-add-contact","$v":"നിലവിലുള്ള കോൺടാക്റ്റിലേക്ക് ചേർക്കുക"},{"$i":"tcl-create-contact","$v":"പുതിയ കോൺടാക്റ്റ് സൃഷ്ടിക്കുക"},{"$i":"tcl-add-speed-dial","$v":"സ്പീഡ് ഡയലിലേക്ക് ചേർക്കുക"},{"$i":"sim-with-index-and-carrier","$v":["SIM ",{"t":"idOrVar","v":"index"}," - ",{"t":"idOrVar","v":"carrier"}]},{"$i":"sim-without-carrier","$v":["SIM ",{"t":"idOrVar","v":"index"}]}]