[{"$i":"confirmMsg","$v":[{"t":"idOrVar","v":"deviceId"}," নহাক্কি কন্টেক্তশীং অমসুং কোল হিস্টরি এক্সেস তৌবা পামগনি, য়াব্রা?"]},{"$i":"responseMsg","$v":[{"t":"idOrVar","v":"deviceId"}," গী কী"]},{"$i":"confirmTitle","$v":"ফোনবুক এক্সেস তৌনবগী হায়জবা"},{"$i":"responseTitle","$v":"ব্লুটুথ সেসনগী কী দরকার ওই"},{"$i":"initialValue","$v":"সেসন কী মেনশিল্লু"},{"$i":"gaia-menu-cancel","$v":"ককথৎলু"},{"$i":"gaia-sim-picker-dial-via-with-number","$v":[{"t":"idOrVar","v":"phoneNumber"}," দাইল তৌ ফাওনা"]},{"$i":"gaia-sim-picker-select-sim","$v":"SIM খল্লু"},{"$i":"gaia-sim-picker-button","$v":["সিম",{"t":"idOrVar","v":"n"}]},{"$i":"gaia-sim-picker-button-default","$v":"(দিফাওল্ট)"},{"$i":"softkey-options","$v":"ওপসনশিং"},{"$i":"details","countcall":"কোল"},{"$i":"edit","$v":"ইদিত তৌ"},{"$i":"cancel","$v":"ককথৎলু"},{"$i":"done","$v":"তৌরে"},{"$i":"ok","$v":"ওকে"},{"$i":"update","$v":"অপডেট তৌ"},{"$i":"retry","$v":"হন্না হোৎনৌ"},{"$i":"view","$v":"শক্তম"},{"$i":"search","$v":"থিয়ু"},{"$i":"contacts","$v":"পাউ-ফাওনগদবশিং"},{"$i":"addContact","$v":"পাউ-ফাওনগদবু হাপচিল্লু"},{"$i":"deleteContact","$v":"পাউ-ফাওনগদবদু মুত্থৎলু"},{"$i":"selectContact","$v":"কন্টেক্ত খল্লু"},{"$i":"selectAll","$v":"লোইনমক হায়বদু খল্লু"},{"$i":"deselect","$v":"খনবা তোকউ"},{"$i":"deselectAll","$v":"লোইনমক খনবা তোকউ"},{"$i":"editContact","$v":"পাউ-ফাওনগদবদু ইদিত তৌ"},{"$i":"deleteConfirmMsg","$v":"পাউ-ফাওনগদবদু মুত্থৎলু?"},{"$i":"remove","$v":"লৌথোকপা"},{"$i":"delete","$v":"মুত্থৎলু"},{"$i":"comments","$v":"মত পীবশীং"},{"$i":"no_contact_phones","$v":"কন্টেক্ত অসিগী ফোন নম্বর অমা লৈতে"},{"$i":"no_contact_email","$v":"কন্টেক্ত অসিগী ইমেল এদ্রেশ অমা লৈতে"},{"$i":"no_contact_data","$v":"কন্টেক্ত অসিগী ফোন নম্বর অমা অমসুং ইমেল এদ্রেশ লৈতে"},{"$i":"removePhotoConfirm","$v":"কন্টেক্ত পিকচর লৌথোকউ?"},{"$i":"loadingContacts","$v":"কন্টেক্তশীং লোদ তৌরি…"},{"$i":"noContactsActivity2","$v":"নহাক্কি কন্টেক্তশীংগী লিস্টতা কন্টেক্ত অমত্তা য়াওদে"},{"$i":"noName","$v":"মমিং লৈতে"},{"$i":"givenName","$v":"অহানবা মমিং"},{"$i":"familyName","$v":"ইকোন কোনবা মমিং"},{"$i":"tel","$v":"ফোন"},{"$i":"carrier","$v":"কেরিয়র","placeholder":"কেরিয়র"},{"$i":"separator","$v":","},{"$i":"email","$v":"ইমেল"},{"$i":"streetAddress","$v":"লমজাও-সোড়োক"},{"$i":"postalCode","$v":"জিপ কোদ"},{"$i":"locality","$v":"সহর"},{"$i":"countryName","$v":"লৈবাক"},{"$i":"comment","$v":"মত পীবা"},{"$i":"org","$v":"কম্পনী"},{"$i":"date","$v":"তারিক","placeholder":"তারিক"},{"$i":"date-span-placeholder","$v":"তারিক"},{"$i":"birthday","$v":"মপোক নুমিৎ"},{"$i":"dateFormat","$v":"%b %e"},{"$i":"dateOutput","$v":[{"t":"idOrVar","v":"dayMonthFormatted"}," ",{"t":"idOrVar","v":"year"}]},{"$i":"anniversary","$v":"চহী কুমওন"},{"$i":"addPhoto","$v":"পিকচর হাপচিল্লু"},{"$i":"addPhone","$v":"ফোন হাপচিল্লু"},{"$i":"addEmail","$v":"ইমেল হাপচিল্লু"},{"$i":"addAddress","$v":"এদ্রেশ হাপচিল্লু"},{"$i":"addDate","$v":"তাং হাপচিল্লু"},{"$i":"addComment","$v":"নোট হাপচিল্লু"},{"$i":"addFavorite","$v":"ফেবরাইট ওইনা হাপচিল্লু"},{"$i":"removeFavorite","$v":"ফেবরাইট ওইনা লৌথোকউ"},{"$i":"addButton","ariaLabel":"তিনশিল্লু"},{"$i":"editButton","ariaLabel":"ইদিত তৌ"},{"$i":"settingsButton","ariaLabel":"সেটিংশিং"},{"$i":"phoneDetail","ariaLabel":"ফোন"},{"$i":"emailDetail","ariaLabel":"ইমেল"},{"$i":"addressDetail","ariaLabel":"লৈফম"},{"$i":"dateDetail","ariaLabel":"তারিক"},{"$i":"composeEmail","ariaLabel":"ইমেল"},{"$i":"makeCall","ariaLabel":"কোল"},{"$i":"phones","ariaLabel":"ফোনশীং"},{"$i":"emails","ariaLabel":"ইমেলশীং"},{"$i":"addresses","ariaLabel":"এদ্রেশশীং"},{"$i":"dates","ariaLabel":"তাংশীং"},{"$i":"notes","ariaLabel":"নোটশিং"},{"$i":"exit","$v":"থোকখিবা"},{"$i":"expand","$v":"চাওথোকউ"},{"$i":"labelName","$v":"মমিং:"},{"$i":"labelLastName","$v":"ইকোন কোনবা মমিং:"},{"$i":"labelPhoneNumber","$v":"ফোন নম্বর:"},{"$i":"labelCarrier","$v":"কেরিয়র:"},{"$i":"labelEmail","$v":"ইমেল:"},{"$i":"labelStreet","$v":"লমজাও-সোড়োক:"},{"$i":"labelZip","$v":"জিপ কোদ:"},{"$i":"labelCity","$v":"সহর:"},{"$i":"labelCountry","$v":"লৈবাক:"},{"$i":"labelComment","$v":"মত পীবা:"},{"$i":"legendTitleMain","$v":"মরু ওইবা পাও"},{"$i":"legendPhones","$v":"ফোন নম্বরশীং"},{"$i":"legendEmail","$v":"ইমেল এদ্রেশ"},{"$i":"legendAddress","$v":"লৈফম"},{"$i":"search-contact","placeholder":"থিয়ু"},{"$i":"noResults","$v":"কন্টেক্ত অমত্তা ফংদে"},{"$i":"transferContactsTitle","$v":"কন্টেক্তশীং ত্রান্সফর তৌ"},{"$i":"importContactsTitle","$v":"কন্টেক্তশীং ইম্পোর্ট তৌ"},{"$i":"importContactsButton","$v":"কন্টেক্তশীং ইম্পোর্ট তৌ"},{"$i":"exportContactsTitle","$v":"কন্টেক্তশীং এক্সপোর্ট তৌ"},{"$i":"exportContactsButton","$v":"কন্টেক্তশীং এক্সপোর্ট তৌ"},{"$i":"exportContactsAction","$v":"এক্সপোর্ট তৌ"},{"$i":"simExport-title","$v":"সিমদা এক্সপোর্ট তৌ"},{"$i":"memoryCardExport-title","$v":"মেমোরি কার্দতা এক্সপোর্ট তৌ"},{"$i":"btExport-title","$v":"ব্লুটুথতা এক্সপোর্ট তৌ"},{"$i":"memoryCardUMSEnabled","$v":"মেমোরি কার্দ শীজিন্নবা ঙমদে মরমদি USB স্টোরেজ য়াহল্লে"},{"$i":"exportErrorTitle","$v":"অরানবা এক্সপোর্ট তৌ"},{"$i":"contactsExported2","$v":{"zero":"কন্টেক্ত অমত্তা এক্সপোর্ট তৌদে","one":[{"t":"idOrVar","v":"exported"},"/",{"t":"idOrVar","v":"total"}," কন্টেক্তশীং এক্সপোর্ট তৌবা"],"two":[{"t":"idOrVar","v":"exported"},"/",{"t":"idOrVar","v":"total"}," কন্টেক্তশীং এক্সপোর্ট তৌবা"],"few":[{"t":"idOrVar","v":"exported"},"/",{"t":"idOrVar","v":"total"}," কন্টেক্তশীং এক্সপোর্ট তৌবা"],"many":[{"t":"idOrVar","v":"exported"},"/",{"t":"idOrVar","v":"total"}," কন্টেক্তশীং এক্সপোর্ট তৌবা"],"other":[{"t":"idOrVar","v":"exported"},"/",{"t":"idOrVar","v":"total"}," কন্টেক্তশীং এক্সপোর্ট তৌবা"]},"$x":[{"t":"idOrVar","v":"plural"},"exported"]},{"$i":"exportError-general","$v":"এক্সপোর্ট তৌরিঙৈদা অরানবা খরা থোক্লে"},{"$i":"exportError-SD-shared","$v":"মেমোরি কার্দ এক্সেস তৌবা ঙমদে মরমদি মদু করিগুম্বা অমগা শরুক য়ামিন্নরি"},{"$i":"exportError-SD-unavailable","$v":"মেমোরি কার্দ ফংদে"},{"$i":"exportError-SD-noSpace","$v":"কন্টেক্তশীং অদু এক্সপোর্ট তৌনবা মেমোরি কার্দ অদুদা স্পেস মতিক চানা লৈতে"},{"$i":"exportError-SIM-unavailable","$v":"সিম কার্দ ফংদে"},{"$i":"exportError-BT-shared","$v":"মেমোরি কার্দ এক্সেস তৌবা ঙমদে মরমদি মদু করিগুম্বা অমগা শরুক য়ামিন্নরি"},{"$i":"exportError-BT-unavailable","$v":"মেমোরি কার্দ ফংদে"},{"$i":"exportError-BT-noSpace","$v":"কন্টেক্তশীং অদু এক্সপোর্ট তৌনবা মেমোরি কার্দ অদুদা স্পেস মতিক চানা লৈতে"},{"$i":"social-network","$v":"সমাজগী ওইবা নেটৱার্কশীং"},{"$i":"social-link","$v":"কন্টেক্তদা লিঙ্ক তৌ"},{"$i":"social-unlink","$v":"কন্টেক্ত লিঙ্ক তৌগনু"},{"$i":"social-unlink-confirm-title","$v":"নহাক নহাক্কি মরুপ অনলিঙ্ক তৌবা পাম্ব্রা?"},{"$i":"social-unlink-confirm-accept","$v":"লিঙ্ক তৌগনু"},{"$i":"facebook-import","$v":"ফেসবুক মরুপশীং ইম্পোর্ট তৌ"},{"$i":"show-fb-profile","$v":"ফেসবুক প্রোফাইল য়েংঙু"},{"$i":"msg-send","$v":"মেসেজ"},{"$i":"wall-post","$v":"ফক্লাংদা থেৎপা"},{"$i":"share-contact","$v":"কন্টেক্ত শরুক য়ামিন্নৌ"},{"$i":"facebook-export-forbidden","$v":"কন্টেক্ত অদু ফেসবুক্কি অথিংবা লৈবনা মরম ওইদুনা শরুক য়ামিন্নবা য়াদে."},{"$i":"otherAccount","$v":"অতোপ্পা একাওন্টশীং"},{"$i":"facebookSwitchMsg","$v":"সিঙ্ক মরুপশীং"},{"$i":"select_mobile","$v":"মোবাইল খল্লু"},{"$i":"select_email","$v":"ইমেল খল্লু"},{"$i":"select_recipient","$v":"ফংগদবা মী খল্লু"},{"$i":"sort-by-first-name","$v":"অহানবা মমিংনা খন্দোক-খাইদোকউ"},{"$i":"sort-by-last-name","$v":"অরোইবা মমিংনা খন্দোক-খাইদোকউ"},{"$i":"importSim2","$v":"SIM কার্ড"},{"$i":"importGmail","$v":"জিমেল"},{"$i":"bluetooth","$v":"ব্লুটূথ"},{"$i":"importOutlook","$v":"ৱাখল্লোন"},{"$i":"fbUpdateFriends","$v":"ইম্পোর্ট তৌরকপা মরুপশীং অপদেত তৌ"},{"$i":"cleaningFbData","$v":"ফেসবুক দাতা লৌথোক্লি"},{"$i":"loggingOutFb","$v":"ফোসবুকতগী লোগ আওট তৌরি"},{"$i":"cleanFbConfirmMsg","$v":"ফেসবুক দাতা লোইনমক লৌথোকউ?"},{"$i":"renewPwdMsg","$v":"নহাক্কি ফেসবুক কি পাসৱার্দ হোংখ্রে. চানবিদুনা, মদু অপদেত তৌবিয়ু."},{"$i":"notEnabledYet","$v":"হৌজিক ফাওবা য়াহন্দে"},{"$i":"genericNoConnection","$v":"কন্টেক্তশীং ইম্পোর্ট তৌনবা ৱাই-ফাই নত্ত্রগা দাতা নেটৱার্কতা শম্নৌ"},{"$i":"bluetoothNoConnection","$v":"কন্টেক্তশীং এক্সপোর্ট তৌনবা ব্লুটুথ দিভাইস অমা শম্নৌ."},{"$i":"simCard","$v":"SIM কার্ড"},{"$i":"memoryCard","$v":"মেমোরি কার্দ"},{"$i":"simNumberNoMSISDN","$v":["সিম ",{"t":"idOrVar","v":"number"},":"]},{"$i":"simNumberWithMSISDN","$v":["সিম ",{"t":"idOrVar","v":"number"},": ",{"t":"idOrVar","v":"msisdn"}]},{"$i":"ICEContactsGroup","$v":"ICE কন্টেক্তশীং"},{"$i":"setICEButton","$v":"ICE কন্টেক্তশীং শেম্মু"},{"$i":"ICESettingTitle","$v":"ICE কন্টেক্তশীং"},{"$i":"ICEDescription","$v":"“ইন কেস ওফ ইমর্জেন্সি” কোলশীং তৌনবা কন্টেক্তশীং মঙা হাপচিল্লু"},{"$i":"ICEContact1","$v":"ICE কন্টেক্ত 1"},{"$i":"tcl-ice-contact-1-added","$v":"ICE কন্টেক্ত 1 হাপচিল্লে"},{"$i":"ICESelectContact","$v":"কন্টেক্ত অমা খল্লু"},{"$i":"ICEContact2","$v":"ICE কন্টেক্ত 2"},{"$i":"tcl-ice-contact-2-added","$v":"ICE কন্টেক্ত 2 হাপচিল্লে"},{"$i":"ICERepeatedContact","$v":"কন্টেক্ত অসি হান্নদগী লৈবা ICE কন্টেক্ত অমনি"},{"$i":"ICEUnknownError","$v":"কন্টেক্ত অদু ICE ওইনা শেম্বদা অরানবা অমা লৈরে"},{"$i":"ICEContactNoNumber","$v":"কন্টেক্ত অসিগী ফোন নম্বর অমা লৈতে"},{"$i":"ICEFacebookContactNotAllowed","$v":"ফেসবুক কন্টেক্তশীংবু ICE কন্টেক্তশীং ওইনা শেম্বা য়াদে"},{"$i":"ICEContactDelTel","$v":"মুথৎলবা ফোন নম্বরশীং ICE কন্টেক্ত তগী লৌথোক্লে"},{"$i":"ICEContactDelTelAll","$v":"নম্বরশীং লোইনমক মুথৎলে. কন্টেক্ত অসি ICE কন্টেক্তশীং অদুদগী লৌথোক্লে."},{"$i":"delete-ice-contact-warning","$v":"নহাক ICE কন্টেক্ত অদু লৌথোকপা পাম্মি হায়বা নহাক শোয়দ্রব্রা ?"},{"$i":"add","$v":"তিনশিল্লু"},{"$i":"no-contacts","$v":"কন্টেক্তশীং লৈতে"},{"$i":"start-adding","$v":"কন্টেক্তশীং হাপচিন্নবা ন্যু কন্টেক্ত নম্মু."},{"$i":"notImported","$v":"ইম্পোর্ট তৌদে"},{"$i":"imported","$v":"ইম্পোর্ট তৌরে"},{"$i":"today","$v":"ঙসি"},{"$i":"yesterday","$v":"ঙরাং"},{"$i":"messageCanceling","$v":"ঙাইহাক্তা ঙাইবিয়ু. ঐখোয় চত্থরিবা ওপরেসন অদু ককথৎলি."},{"$i":"organise-contacts","$v":"কন্টেক্তশীং শীল্লাংঙু"},{"$i":"find-merge-contacts","$v":"চপ মান্নবা অনিশুবা কন্টেক্তশীং পুথোকউ"},{"$i":"preparing-contacts","$v":"কন্টেক্তশীং শেম শারি"},{"$i":"exportError-SIM-NoFreeRecordFound","$v":"SIM কার্দ পিক থল্লি"},{"$i":"exportError-SIM-CannotAccessPhoneBook","$v":"সিম কার্দকি ফোন বুক এক্সেস তৌবা ঙমদে"},{"$i":"exportError-SIM-Unavailable","$v":"সিম অমত্তা থেংনদে"},{"$i":"exportError-SIM-GenericError","$v":"কন্টেক্ত অমা এক্সপোর্ট তৌরিঙৈদা অরানবা অমা থোক্লে"},{"$i":"noSimMsgExport","$v":"কন্টেক্তশীং এক্সপোর্ট তৌনবা নহাক্কি সিম কার্দ থিংজিল্লু নত্ত্রগা অনলোক তৌ"},{"$i":"noMemoryCardMsgExport","$v":"কন্টেক্তশীং এক্সপোর্ট তৌনবা মেমোরি কার্দ অমা থিংজিল্লু"},{"$i":"ContactManagementTitle","$v":"কন্টেক্তশীংগী মেনেজমেন্ট"},{"$i":"DeleteTitle","$v":"মুত্থৎলু"},{"$i":"bulkDeleteButton","$v":"পাউ-ফাওনগদবশিংদু মুত্থৎলু"},{"$i":"BulkDelCancel","$v":"কন্টেক্তশীং মুথৎপা ককথৎলে"},{"$i":"DeletedTxt","$v":{"zero":"মুথৎনবা কন্টেক্ত লৈতে","one":"কন্টেক্ত 1 লৌথোক্লে","two":["কন্টেক্ত ",{"t":"idOrVar","v":"n"}," লৌথোক্লে"],"few":["কন্টেক্ত ",{"t":"idOrVar","v":"n"}," লৌথোক্লে"],"many":["কন্টেক্ত ",{"t":"idOrVar","v":"n"}," লৌথোক্লে"],"other":["কন্টেক্ত ",{"t":"idOrVar","v":"n"}," লৌথোক্লে"]},"$x":[{"t":"idOrVar","v":"plural"},"n"]},{"$i":"DeletingContacts","$v":"কন্টেক্তশীং মুথৎলি"},{"$i":"ContactConfirmDel","$v":{"zero":"মুথৎনবা কন্টেক্ত লৈতে","one":"1 কন্টেক্ত মুথৎকদ্রা? মসি হন্না ফংবা ঙমদে.","two":[{"t":"idOrVar","v":"n"}," কন্টেক্তশীং মুথৎকদ্রা?মসি হন্না ফংবা ঙম্লরোই"],"few":[{"t":"idOrVar","v":"n"}," কন্টেক্তশীং মুথৎকদ্রা?মসি হন্না ফংবা ঙম্লরোই"],"many":[{"t":"idOrVar","v":"n"}," কন্টেক্তশীং মুথৎকদ্রা?মসি হন্না ফংবা ঙম্লরোই"],"other":[{"t":"idOrVar","v":"n"}," কন্টেক্তশীং মুথৎকদ্রা?মসি হন্না ফংবা ঙম্লরোই"]},"$x":[{"t":"idOrVar","v":"plural"},"n"]},{"$i":"SelectedTxt","$v":{"zero":[{"t":"idOrVar","v":"n"}," খল্লে"],"one":[{"t":"idOrVar","v":"n"}," খল্লে"],"two":[{"t":"idOrVar","v":"n"}," খল্লে"],"few":[{"t":"idOrVar","v":"n"}," খল্লে"],"many":[{"t":"idOrVar","v":"n"}," খল্লে"],"other":[{"t":"idOrVar","v":"n"}," খল্লে"]},"$x":[{"t":"idOrVar","v":"plural"},"n"]},{"$i":"video","$v":"ভিদিও"},{"$i":"audio","$v":"ওদিও"},{"$i":"pick_destination","$v":[{"t":"idOrVar","v":"destination"}," ",{"t":"idOrVar","v":"carrier"}]},{"$i":"removeField","ariaLabel":"লৌথোকপা"},{"$i":"undo","ariaLabel":"অন্দু"},{"$i":"send-sms-button","ariaLabel":"SMS"},{"$i":"ice_contacts","$v":"ICE কন্টেক্তশীং"},{"$i":"edit-picture","$v":"পিকচর এদিত তৌ"},{"$i":"remove-photo","$v":"লাই লৌথোকউ"},{"$i":"change-photo","$v":"পিকচর হোংঙু"},{"$i":"photo-options","$v":"ফোটো ওপসনশীং"},{"$i":"tcl-all","$v":"পূম্নমক"},{"$i":"tcl-speed-dial","$v":"স্পীদ দাইল"},{"$i":"tcl-new-contact","$v":"অনৌবা কন্টেক্ত"},{"$i":"tcl-settings","$v":"সেটিংশিং"},{"$i":"tcl-save","$v":"সেব তৌ"},{"$i":"save","$v":"সেব তৌ"},{"$i":"tcl-add","$v":"তিনশিল্লু"},{"$i":"tcl-contact-add-ringtone","$v":"রিংতোন হাপচিল্লু"},{"$i":"tcl-custom-dialog-title-default","$v":"চুম্মি হায়বা"},{"$i":"confirm-dialog-title-default","$v":"চুম্মি হায়বা"},{"$i":"discard","$v":"লংশেকপা"},{"$i":"custom-tag-title","$v":"কস্টম টেগ"},{"$i":"tcl-contact-added","$v":"কন্টেক্ত হাপচিল্লে"},{"$i":"tcl-contact-updated","$v":"কন্টেক্তকি অকুপ্পা ৱারোলশীং অপদেত তৌরে"},{"$i":"tcl-contact-removed","$v":"কন্টেক্ত মুথৎলে"},{"$i":"tcl-contact-unremoved","$v":"লৌথোকপা ঙমদ্রে"},{"$i":"edit-phone-type","$v":"ফোন মখল এদিত তৌ"},{"$i":"edit-email-type","$v":"ইমেল মখল এদিত তৌ"},{"$i":"edit-address-type","$v":"এদ্রেশ মখল এদিত তৌ"},{"$i":"edit-date-type","$v":"তাং মখল এদিত তৌ"},{"$i":"tcl-select-phone-type","$v":"ফোন মখল খল্লু"},{"$i":"tcl-select-email-type","$v":"ইমেল মখল খল্লু"},{"$i":"tcl-select-address-type","$v":"এদ্রেশ মখল খল্লু"},{"$i":"tcl-select-date-type","$v":"তাং মখল খল্লু"},{"$i":"add-phone","$v":"ফোন নম্বর হাপচিল্লু"},{"$i":"add-email","$v":"ইমেল হাপচিল্লু"},{"$i":"add-address","$v":"এদ্রেশ হাপচিল্লু"},{"$i":"add-date","$v":"তাং হাপচিল্লু"},{"$i":"add-phone-type","$v":"ফোন মখল"},{"$i":"add-email-type","$v":"ইমেল মখল"},{"$i":"add-address-type","$v":"এদ্রেশ মখল"},{"$i":"add-date-type","$v":"তাং মখল"},{"$i":"delete-phone","$v":"ফোন নম্বর মুথৎলু"},{"$i":"delete-email","$v":"ইমেল মুথৎলু"},{"$i":"delete-address","$v":"এদ্রেশ মুথৎলু"},{"$i":"delete-date","$v":"তাং মুথৎলু"},{"$i":"delete-note","$v":"নোট মুথৎলু"},{"$i":"delete-comment-warning","$v":"নহাক নোট অদু মুথৎপা পাম্মি হায়বা নহাক শোয়দ্রব্রা?"},{"$i":"tcl-deleting-messages-phone","$v":["নহাক ফোন অদু মুথৎপা পাম্মি হায়বা নহাক শোয়দ্রব্রা: \"",{"t":"idOrVar","v":"type_name"},"\"?"]},{"$i":"tcl-deleting-messages-email","$v":["নহাক ইমেল অদু মুথৎপা পাম্মি হায়বা নহাক শোয়দ্রব্রা: \"",{"t":"idOrVar","v":"type_name"},"\"?"]},{"$i":"tcl-deleting-messages-address","$v":["নহাক এদ্রেশ অদু মুথৎপা পাম্মি হায়বা নহাক শোয়দ্রব্রা: \"",{"t":"idOrVar","v":"type_name"},"\"?"]},{"$i":"tcl-deleting-messages-date","$v":"নহাক তাং অদু মুথৎপা পাম্মি হায়বা নহাক শোয়দ্রব্রা?"},{"$i":"deleting-message-warning","$v":["নহাক \"",{"t":"idOrVar","v":"type_name"},"\" মুথৎপা পাম্মি হায়বা নহাক শোয়দ্রব্রা?"]},{"$i":"tcl-deleting-messages-comment","$v":"নহাক মত পীবা অদু মুথৎপা পাম্মি হায়বা নহাক শোয়দ্রব্রা?"},{"$i":"delecting-messages-contact","$v":["নহাক কন্টেক্ত \"",{"t":"idOrVar","v":"type_name"},"\" অদু মুথৎপা পাম্মি হায়বা নহাক শোয়দ্রব্রা?"]},{"$i":"delecting-this-contact","$v":"কন্টেক্ত অসি মুথৎলু?"},{"$i":"deleting-messages-ringtone","$v":"নহাক রিংতোন অদু মুথৎপা পাম্মি হায়বা নহাক শোয়দ্রব্রা?"},{"$i":"deleting-messages-picture","$v":"নহাক পিকচর অদু লৌথোকপা পাম্মি হায়বা নহাক শোয়দ্রব্রা?"},{"$i":"tcl-deleting-notification-ringtone","$v":"রিংতোন মুথৎলে"},{"$i":"tcl-deleting-notification-comment","$v":"মত পীবা মুথৎলে"},{"$i":"note","$v":"নোট"},{"$i":"address","$v":"লৈফম"},{"$i":"tcl-noContacts","$v":"নহাক্কি কন্টেক্ত লিস্ট অদু ইহাং হাংবনিনা কন্টেক্ততা হাপচিনবা য়াদে"},{"$i":"tcl-noContacts-no-email","$v":"ইমেলগা লোয়নবা কন্টেক্তশীং নত্তবা হায়না কন্টেক্ততা হাপচিনবা য়াদে"},{"$i":"tcl-noContacts-no-tel","$v":"ফোন নম্বরগা লোয়নবা কন্টেক্তশীং নত্তবা হায়না কন্টেক্ততা হাপচিনবা য়াদে"},{"$i":"tcl-noContactsTitle","$v":"কন্টেক্তশীং লৈতে"},{"$i":"tcl-change-voice-mail","$v":"ভোইস মেল নম্বর হোংঙু"},{"$i":"tcl-replace","$v":"মহুৎ শিনবা"},{"$i":"tcl-remove-speed-dial","$v":"স্পীদ দাইলদগী লৌথোকউ"},{"$i":"tcl-notification-speed-dial-added","$v":"স্পীদ দাইল নম্বর হাপচিল্লে"},{"$i":"tcl-notification-speed-dial-removed","$v":"স্পীদ দাইল নম্বর লৌথোক্লে"},{"$i":"tcl-notification-speed-dial-updated","$v":"স্পীদ দাইল নম্বর অপদেত তৌরে"},{"$i":"tcl-notification-voice-mail-updated","$v":"ভোইস মেল নম্বর অপদেত তৌরে"},{"$i":"tcl-notification-contact-assigned","$v":"স্পীদ দাইলদা কন্টেক্ত থবক শীন্নরে"},{"$i":"empty","$v":"অহাঙবা"},{"$i":"tcl-voice-mail","$v":"ভোইস মেল"},{"$i":"contact-confirm-save","$v":"কন্টেক্তকি পাও লংথোকখ্রগনি. নহাক কন্টেক্ত অসি সেব তৌবা পামগদ্রা?"},{"$i":"contact-confirm-form-save","$v":"অহোংবশীং অদু লংথোকখ্রগনি. নহাক কন্টেক্ত অসি সেব তৌবা পামগদ্রা?"},{"$i":"tcl-yes","$v":"ফংনীংই"},{"$i":"tcl-no","$v":"ফংনীংদে"},{"$i":"tcl-default-ringtone","$v":"ডিফোল্ট রিঙটোন"},{"$i":"tcl-add-ringtone","$v":"রিঙটোনশিং"},{"$i":"tcl-ringtone","$v":"রিঙটোন"},{"$i":"change-ringtone","$v":"রিংতোন হোংঙু"},{"$i":"delete-ringtone","$v":"রিংতোন মুথৎলু"},{"$i":"tcl-settings-title","$v":"কন্টেক্তশীংগী সেটিংশীং"},{"$i":"settings-sort-contacts-title","$v":"কন্টেক্তশীং খন্দোক-খাইদোকউ"},{"$i":"tcl-oder-notification","$v":"হোংবশীং সেব তৌরে"},{"$i":"changes-saved-notification","$v":"অহোংবশীং সেব তৌরে."},{"$i":"tcl-imported-status","$v":["কন্টেক্তশীং ",{"t":"idOrVar","v":"n"}," ইম্পোর্ট তৌরে কন্টেক্তশীং ",{"t":"idOrVar","v":"numDups"}," পুনশিল্লে"]},{"$i":"tcl-on","$v":"ওন তৌ"},{"$i":"tcl-off","$v":"মুত্থৎপা"},{"$i":"on","$v":"ওন তৌ"},{"$i":"off","$v":"মুত্থৎপা"},{"$i":"tcl-contact-empty-number","$v":"ইহাং হাংবা ফোন নম্বর"},{"$i":"contact-no-dial-number","$v":"দাইল তৌনবা ফোন নম্বর লৈতে."},{"$i":"tcl-select-number","$v":"নম্বর খল্লু"},{"$i":"tcl-select-email","$v":"ইমেল খল্লু"},{"$i":"select-email","$v":"ইমেল খল্লু"},{"$i":"tcl-send-message","$v":"মেসেজ থাও"},{"$i":"send-email","$v":"ইমেল থাও"},{"$i":"tcl-share","$v":"শীজিন্নমিন্নৌ"},{"$i":"tcl-find-duplicate","$v":"চপ মান্নবা অনিশুবা কন্টেক্তশীং পুথোকউ"},{"$i":"tcl-add-favorite","$v":"ফেবরাইট ওইনা হাপচিল্লু"},{"$i":"tcl-remove-favorite","$v":"ফেবরাইট ওইবা হন্দোকউ"},{"$i":"tcl-link-social-networks","$v":"সোসিয়েল নেটৱার্কশীংদা লিঙ্ক তৌ"},{"$i":"tcl-delete","$v":"মুত্থৎলু"},{"$i":"tcl-detail-send-sms","$v":"অনৌবা SMS"},{"$i":"tcl-detail-call","$v":"কোল"},{"$i":"tcl-detail-send-email","$v":"শাগৎলু"},{"$i":"sms","$v":"মেসেজ"},{"$i":"tcl-search-contact","$v":"থিয়ু"},{"$i":"tcl-number","$v":["নম্বর ",{"t":"idOrVar","v":"number"}]},{"$i":"tcl-custom-dialog-replace-speed-dial","$v":["নহাক স্পীদ দাইল ",{"t":"idOrVar","v":"oldSpeedDial"}," অসিবু ",{"t":"idOrVar","v":"newSpeedDial"}," না মহুৎ শিনবা পাম্মি হায়বা নহাক শোয়দ্রব্রা?"]},{"$i":"custom-dialog-remove-speed-dial","$v":["নহাক ",{"t":"idOrVar","v":"name"}," অসি স্পীদ দাইলদগী লৌথোকপা পাম্মি হায়বা নহাক শোয়দ্রব্রা?"]},{"$i":"tcl-options","$v":"ওপসনশিং"},{"$i":"tcl-success-merged","$v":["কন্টেক্ত ",{"t":"idOrVar","v":"number"}," পুনশিন্নরে"]},{"$i":"tcl-contact-confirm-merge","$v":["নহাক কন্টেক্ত (শীং) ",{"t":"idOrVar","v":"count"}," অদু ",{"t":"idOrVar","v":"name"}," গা লোয়ননা পুনশিন্নবা পাম্মি হায়বা নহাক শোয়দ্রব্রা?"]},{"$i":"tcl-merge","$v":"পুনশিন্নৌ"},{"$i":"add-speed-dial-failed-title","$v":"স্পীদ দাইল হাপচিনবা মায় পাক্তে"},{"$i":"add-speed-dial-failed-content","$v":[{"t":"idOrVar","v":"name"}," স্পীদ দাইলদা হান্নদগী লৈ, অতোপ্পা কন্টেক্ত অমা খনবিয়ু."]},{"$i":"merge","$v":"পুনশিন্নৌ"},{"$i":"tcl-attention","$v":"পুক্নিং চংউ"},{"$i":"attention","$v":"পুক্নিং চংউ"},{"$i":"tcl-speed-dial-add-contact","$v":{"$o":"কন্টেক্তশীং অমত্তা লৈতে. <br><br>কন্টেক্ত অমা শেম্বিযু."}},{"$i":"tcl-voice-mail-header","$v":"ভোইস মেল"},{"$i":"tcl-voice-mail-number","$v":"ভোইস মেল নম্বর"},{"$i":"tcl-select-all","$v":"লোইনমক হায়বদু খল্লু"},{"$i":"tcl-deselect-all","$v":"লোইনমক খনবা তোকউ"},{"$i":"systemring","$v":"রিঙটোন"},{"$i":"moremusic","$v":"ঈশৈ"},{"$i":"tcl-add-ringselect","$v":"খল্লু দগী"},{"$i":"type-select","$v":"খল্লু"},{"$i":"dialnum-view","$v":"শক্তম"},{"$i":"select-a-contact-title","$v":"কন্টেক্ত অমা খল্লু"},{"$i":"select-a-number-title","$v":"নম্বর অমা খল্লু"},{"$i":"invalid-vcf-file","$v":"চৎনদবা ভি:সি:এফ: ফিল"},{"$i":"voiceMail","$v":"ভোইসমেল"},{"$i":"back","$v":"মনিং হল্লু"},{"$i":"noSimMsg","$v":"কন্টেক্তশীং ইম্পোর্ট তৌনবা নহাক্কি সিম কার্দ থিংজিল্লু নত্ত্রগা অনলোক তৌ"},{"$i":"noMemoryCardMsg","$v":"কন্টেক্তশীং ইম্পোর্ট তৌনবা মেমোরি কার্দ অমা থিংজিল্লু"},{"$i":"importMemoryCard","$v":"মেমোরি কার্দ"},{"$i":"noConnection11","$v":"ফেসবুক মরুপশীং নত্ত্রগা কন্টেক্তশীং ইম্পোর্ট তৌনবা ৱাই-ফাই নত্ত্রগা দাতা নেটৱার্কতা শম্নৌ"},{"$i":"emptyAccount","$v":"মরুপশীং নত্ত্রগা কন্টেক্তশীং একাওন্ট অসিদা ফংদে."},{"$i":"simContacts-import","$v":"সিম কন্টেক্তশীং ইম্পোর্ট তৌ"},{"$i":"simContacts-importing","$v":"সিম কার্দতগী কন্টেক্তশীং ইম্পোর্ট তৌরি"},{"$i":"simContacts-reading","$v":"সিম কার্দতগী কন্টেক্তশীং পারি…"},{"$i":"simContacts-error","$v":"সিমদগী কন্টেক্তশীং ইমপোর্ট তৌবা ঙমদে"},{"$i":"simContacts-imported3","$v":{"zero":"ইমপোর্ট তৌনবা সিমদা কন্টেক্ত অমত্তা থেংনদে","one":"কন্টেক্ত অমা ইম্পোর্ট তৌ","two":["কন্টেক্তশীং ",{"t":"idOrVar","v":"n"}," ইম্পোর্ট তৌরে"],"few":["কন্টেক্তশীং ",{"t":"idOrVar","v":"n"}," ইম্পোর্ট তৌরে"],"many":["কন্টেক্তশীং ",{"t":"idOrVar","v":"n"}," ইম্পোর্ট তৌরে"],"other":["কন্টেক্তশীং ",{"t":"idOrVar","v":"n"}," ইম্পোর্ট তৌরে"]},"$x":[{"t":"idOrVar","v":"plural"},"n"]},{"$i":"memoryCardContacts-import","$v":"মেমোরি কার্দতগী কন্টেক্তশীং ইম্পোর্ট তৌ"},{"$i":"memoryCardContacts-importing","$v":"মেমোরি কার্দতগী কন্টেক্তশীং ইম্পোর্ট তৌরি…"},{"$i":"memoryCardContacts-reading","$v":"মেমোরি কার্দতগী কন্টেক্তশীং পারি…"},{"$i":"memoryCardContacts-error","$v":"মেমোরি কার্দতগী কন্টেক্তশীং ইম্পোর্ট তৌবা ঙমদে"},{"$i":"memoryCardContacts-imported3","$v":{"zero":"ইমপোর্ট তৌনবা মেমোরি কার্দতা কন্টেক্ত অমত্তা থেংনদে","one":"কন্টেক্ত অমা ইম্পোর্ট তৌ","two":["কন্টেক্তশীং ",{"t":"idOrVar","v":"n"}," ইম্পোর্ট তৌরে"],"few":["কন্টেক্তশীং ",{"t":"idOrVar","v":"n"}," ইম্পোর্ট তৌরে"],"many":["কন্টেক্তশীং ",{"t":"idOrVar","v":"n"}," ইম্পোর্ট তৌরে"],"other":["কন্টেক্তশীং ",{"t":"idOrVar","v":"n"}," ইম্পোর্ট তৌরে"]},"$x":[{"t":"idOrVar","v":"plural"},"n"]},{"$i":"genericProgress","$v":[{"t":"idOrVar","v":"current"},"/",{"t":"idOrVar","v":"total"}]},{"$i":"facebook","$v":"ফেসবুক"},{"$i":"facebook-import-msg2","$v":[{"t":"idOrVar","v":"imported"},"/",{"t":"idOrVar","v":"total"}," মরুপশীং ইম্পোর্ট তৌবা"]},{"$i":"contactsMerged","$v":{"zero":"দুপ্লিকেত কন্টেক্ত অমত্তা পুনশিন্নদে","one":"অনি থোকপা কন্টেক্ত অমা পুনশিন্নরে","two":["কন্টেক্ত ",{"t":"idOrVar","v":"numDups"}," পুনশিন্নবা"],"few":["কন্টেক্ত ",{"t":"idOrVar","v":"numDups"}," পুনশিন্নবা"],"many":["কন্টেক্ত ",{"t":"idOrVar","v":"numDups"}," পুনশিন্নবা"],"other":["কন্টেক্ত ",{"t":"idOrVar","v":"numDups"}," পুনশিন্নবা"]},"$x":[{"t":"idOrVar","v":"plural"},"numDups"]},{"$i":"weekday-0-long","$v":"নোংমাইজিং"},{"$i":"weekday-1-long","$v":"নিংথৌকাবা"},{"$i":"weekday-2-long","$v":"লৈবাকপোকপা"},{"$i":"weekday-3-long","$v":"য়ুমশকৈশ"},{"$i":"weekday-4-long","$v":"শগোলশেল"},{"$i":"weekday-5-long","$v":"ইরাই"},{"$i":"weekday-6-long","$v":"থাংজ"},{"$i":"weekday-0-short","$v":"নুমিৎ"},{"$i":"weekday-1-short","$v":"নিংথৌকাবা"},{"$i":"weekday-2-short","$v":"লৈবাকপোকপা"},{"$i":"weekday-3-short","$v":"য়ুমশকৈশা"},{"$i":"weekday-4-short","$v":"শগোলশেন"},{"$i":"weekday-5-short","$v":"ইরাই"},{"$i":"weekday-6-short","$v":"থাংজ"},{"$i":"month-0-long","$v":"জানুৱারি"},{"$i":"month-1-long","$v":"ফেব্রুৱারি"},{"$i":"month-2-long","$v":"মার্চ"},{"$i":"month-3-long","$v":"এপ্রিল"},{"$i":"month-4-long","$v":"মে"},{"$i":"month-5-long","$v":"জুন"},{"$i":"month-6-long","$v":"জুলাই"},{"$i":"month-7-long","$v":"ওগস্ট"},{"$i":"month-8-long","$v":"সেপ্টেম্বর"},{"$i":"month-9-long","$v":"ওক্তোবর"},{"$i":"month-10-long","$v":"নোবেম্বর"},{"$i":"month-11-long","$v":"দিসেম্বর"},{"$i":"month-0-genitive","$v":"জানুৱারি"},{"$i":"month-1-genitive","$v":"ফেব্রুৱারি"},{"$i":"month-2-genitive","$v":"মার্চ"},{"$i":"month-3-genitive","$v":"এপ্রিল"},{"$i":"month-4-genitive","$v":"মে"},{"$i":"month-5-genitive","$v":"জুন"},{"$i":"month-6-genitive","$v":"জুলাই"},{"$i":"month-7-genitive","$v":"ওগস্ট"},{"$i":"month-8-genitive","$v":"সেপ্টেম্বর"},{"$i":"month-9-genitive","$v":"ওক্তোবর"},{"$i":"month-10-genitive","$v":"নোবেম্বর"},{"$i":"month-11-genitive","$v":"দিসেম্বর"},{"$i":"month-0-short","$v":"জানুৱারি"},{"$i":"month-1-short","$v":"ফেব্রুৱারি"},{"$i":"month-2-short","$v":"মার্চ"},{"$i":"month-3-short","$v":"এপ্রিল"},{"$i":"month-4-short","$v":"মে"},{"$i":"month-5-short","$v":"জুন"},{"$i":"month-6-short","$v":"জুলাই"},{"$i":"month-7-short","$v":"ওগস্ট"},{"$i":"month-8-short","$v":"সেপ্টেম্বর"},{"$i":"month-9-short","$v":"ওক্তোবর"},{"$i":"month-10-short","$v":"নোবেম্বর"},{"$i":"month-11-short","$v":"দিসেম্বর"},{"$i":"minutes-ago-long","$v":{"zero":"হৌজিক্তা","one":"মিনট অমা মমাংদা","two":["মিনট ",{"t":"idOrVar","v":"value"}," মমাংদা"],"few":["মিনট ",{"t":"idOrVar","v":"value"}," মমাংদা"],"many":["মিনট ",{"t":"idOrVar","v":"value"}," মমাংদা"],"other":["মিনট ",{"t":"idOrVar","v":"value"}," মমাংদা"]},"$x":[{"t":"idOrVar","v":"plural"},"value"]},{"$i":"hours-ago-long","$v":{"zero":"হৌজিক্তা","one":"পুং অমা মমাংদা","two":["পুং ",{"t":"idOrVar","v":"value"}," মমাংদা"],"few":["পুং ",{"t":"idOrVar","v":"value"}," মমাংদা"],"many":["পুং ",{"t":"idOrVar","v":"value"}," মমাংদা"],"other":["পুং ",{"t":"idOrVar","v":"value"}," মমাংদা"]},"$x":[{"t":"idOrVar","v":"plural"},"value"]},{"$i":"days-ago-long","$v":{"zero":"ঙসি","one":"ঙরাং","two":["নুমিৎ ",{"t":"idOrVar","v":"value"}," মমাংদা"],"few":["নুমিৎ ",{"t":"idOrVar","v":"value"}," মমাংদা"],"many":["নুমিৎ ",{"t":"idOrVar","v":"value"}," মমাংদা"],"other":["নুমিৎ ",{"t":"idOrVar","v":"value"}," মমাংদা"]},"$x":[{"t":"idOrVar","v":"plural"},"value"]},{"$i":"weeks-ago-long","$v":{"zero":"চয়োল অসি","one":"ইকোন কোনবা চয়োল","two":["চয়োল ",{"t":"idOrVar","v":"value"}," মমাংদা"],"few":["চয়োল ",{"t":"idOrVar","v":"value"}," মমাংদা"],"many":["চয়োল ",{"t":"idOrVar","v":"value"}," মমাংদা"],"other":["চয়োল ",{"t":"idOrVar","v":"value"}," মমাংদা"]},"$x":[{"t":"idOrVar","v":"plural"},"value"]},{"$i":"months-ago-long","$v":{"zero":"থা অসি","one":"ইকোন কোনবা থা","two":["থা ",{"t":"idOrVar","v":"value"}," মামংদা"],"few":["থা ",{"t":"idOrVar","v":"value"}," মামংদা"],"many":["থা ",{"t":"idOrVar","v":"value"}," মামংদা"],"other":["থা ",{"t":"idOrVar","v":"value"}," মামংদা"]},"$x":[{"t":"idOrVar","v":"plural"},"value"]},{"$i":"years-ago-long","$v":{"zero":"চহী অসি","one":"ইকোন কোনবা চহী","two":["চহী ",{"t":"idOrVar","v":"value"}," মমাংদা"],"few":["চহী ",{"t":"idOrVar","v":"value"}," মমাংদা"],"many":["চহী ",{"t":"idOrVar","v":"value"}," মমাংদা"],"other":["চহী ",{"t":"idOrVar","v":"value"}," মমাংদা"]},"$x":[{"t":"idOrVar","v":"plural"},"value"]},{"$i":"minutes-until-long","$v":{"zero":"হৌজিক্তা","one":"মিনট অমদা","two":["মিনট ",{"t":"idOrVar","v":"value"}," দা"],"few":["মিনট ",{"t":"idOrVar","v":"value"}," দা"],"many":["মিনট ",{"t":"idOrVar","v":"value"}," দা"],"other":["মিনট ",{"t":"idOrVar","v":"value"}," দা"]},"$x":[{"t":"idOrVar","v":"plural"},"value"]},{"$i":"hours-until-long","$v":{"zero":"হৌজিক্তা","one":"পুং অমদা","two":["পুং ",{"t":"idOrVar","v":"value"}," দা"],"few":["পুং ",{"t":"idOrVar","v":"value"}," দা"],"many":["পুং ",{"t":"idOrVar","v":"value"}," দা"],"other":["পুং ",{"t":"idOrVar","v":"value"}," দা"]},"$x":[{"t":"idOrVar","v":"plural"},"value"]},{"$i":"days-until-long","$v":{"zero":"ঙসি","one":"হয়েং","two":["নুমিৎ ",{"t":"idOrVar","v":"value"}," তা"],"few":["নুমিৎ ",{"t":"idOrVar","v":"value"}," তা"],"many":["নুমিৎ ",{"t":"idOrVar","v":"value"}," তা"],"other":["নুমিৎ ",{"t":"idOrVar","v":"value"}," তা"]},"$x":[{"t":"idOrVar","v":"plural"},"value"]},{"$i":"weeks-until-long","$v":{"zero":"চয়োল অসি","one":"মথংগী চয়োল","two":["চয়োল ",{"t":"idOrVar","v":"value"}," দা"],"few":["চয়োল ",{"t":"idOrVar","v":"value"}," দা"],"many":["চয়োল ",{"t":"idOrVar","v":"value"}," দা"],"other":["চয়োল ",{"t":"idOrVar","v":"value"}," দা"]},"$x":[{"t":"idOrVar","v":"plural"},"value"]},{"$i":"months-until-long","$v":{"zero":"থা অসি","one":"মথংগী থা","two":["থা ",{"t":"idOrVar","v":"value"}," দা"],"few":["থা ",{"t":"idOrVar","v":"value"}," দা"],"many":["থা ",{"t":"idOrVar","v":"value"}," দা"],"other":["থা ",{"t":"idOrVar","v":"value"}," দা"]},"$x":[{"t":"idOrVar","v":"plural"},"value"]},{"$i":"years-until-long","$v":{"zero":"চহী অসি","one":"মথংগী চহী","two":["চহী ",{"t":"idOrVar","v":"value"}," দা"],"few":["চহী ",{"t":"idOrVar","v":"value"}," দা"],"many":["চহী ",{"t":"idOrVar","v":"value"}," দা"],"other":["চহী ",{"t":"idOrVar","v":"value"}," দা"]},"$x":[{"t":"idOrVar","v":"plural"},"value"]},{"$i":"minutes-ago-short","$v":{"zero":"হৌজিক্তা","other":["থা ",{"t":"idOrVar","v":"value"}," মমাংদা"]},"$x":[{"t":"idOrVar","v":"plural"},"value"]},{"$i":"hours-ago-short","$v":{"zero":"হৌজিক্তা","other":["পুং ",{"t":"idOrVar","v":"value"}," মমাংদা"]},"$x":[{"t":"idOrVar","v":"plural"},"value"]},{"$i":"days-ago-short","$v":{"zero":"ঙসি","other":["নুমিৎ ",{"t":"idOrVar","v":"value"}," মমাংদা"]},"$x":[{"t":"idOrVar","v":"plural"},"value"]},{"$i":"minutes-until-short","$v":{"zero":"হৌজিক্তা","other":["থা ",{"t":"idOrVar","v":"value"}," দা"]},"$x":[{"t":"idOrVar","v":"plural"},"value"]},{"$i":"hours-until-short","$v":{"zero":"হৌজিক্তা","other":["পুং ",{"t":"idOrVar","v":"value"}," দা"]},"$x":[{"t":"idOrVar","v":"plural"},"value"]},{"$i":"days-until-short","$v":{"zero":"ঙসি","other":["নুমিৎ ",{"t":"idOrVar","v":"value"}," তা"]},"$x":[{"t":"idOrVar","v":"plural"},"value"]},{"$i":"incorrectDate","$v":"(চুমদবা তাং)"},{"$i":"dateTimeFormat_%c","$v":"%a %b %e %Y %I:%M:%S %p"},{"$i":"dateTimeFormat_%x","$v":"%m/%d/%Y"},{"$i":"dateTimeFormat_%X","$v":"%I:%M:%S %p"},{"$i":"shortTimeFormat","$v":"%I:%M %p"},{"$i":"shortTimeFormat12","$v":"%I:%M %p"},{"$i":"shortTimeFormat24","$v":"%H:%M"},{"$i":"shortDateTimeFormat","$v":"%x %I:%M %p"},{"$i":"weekStartsOnMonday","$v":"0"},{"$i":"firstDayOfTheWeek","$v":"0"},{"$i":"time_am","$v":"AM"},{"$i":"time_pm","$v":"PM"},{"$i":"label","$v":"থাক"},{"$i":"mobile","$v":"মোবাইল"},{"$i":"home","$v":"হোম"},{"$i":"work","$v":"থবক"},{"$i":"personal","$v":"মশামক্কী"},{"$i":"faxHome","$v":"য়ুমগী ফেক্স"},{"$i":"faxOffice","$v":"ওফিসকি ফেক্স"},{"$i":"faxOther","$v":"অতোপ্পা ফেক্স"},{"$i":"another","$v":"অতোপ্পা"},{"$i":"other","$v":"অতোপ্পা"},{"$i":"tcl-customTag","$v":"কস্টম টেগ"},{"$i":"customTag","$v":"কস্টম টেগ","placeholder":"কস্টম টেগ"},{"$i":"current","$v":"হৌজিক লৈরিবা"},{"$i":"itemWithLabel","$v":[{"t":"idOrVar","v":"label"},", ",{"t":"idOrVar","v":"item"}]},{"$i":"waitDuplicateContacts","$v":"চপ মান্ননা অনি থোকপা কন্টেক্তশীংগী য়েংলি"},{"$i":"waitMergingDuplicateContacts","$v":"দুপ্লিকেত কন্টেক্তশীং পুনশিন্নরি"},{"$i":"alertNoDuplicateContacts","$v":"দুপ্লিকেত কন্টেক্ত অমত্তা ফংদে"},{"$i":"curtainCancel","$v":"ককথৎলু"},{"$i":"close","$v":"থিংজিল্লু"},{"$i":"mergeDuplicateTitle","$v":"চপ মান্ননা অনি থোক্না ফংলে"},{"$i":"suggestedDuplicatesMessage","innerHTML":{"$o":["ওইবা য়াবা ৱা হৌদোকপা দুপ্লিকেত কন্টেক্তশীং গী <bdi>",{"t":"idOrVar","v":"name"},"</bdi>"]}},{"$i":"mergeActionButtonLabel","$v":{"zero":"কন্টেক্ত অমত্তা খন্দে","one":[{"t":"idOrVar","v":"n"}," কন্টেক্তকা পুনশিন্নৌ"],"two":[{"t":"idOrVar","v":"n"}," কন্টেক্তশীংগা পুনশিন্নৌ"],"few":[{"t":"idOrVar","v":"n"}," কন্টেক্তশীংগা পুনশিন্নৌ"],"many":[{"t":"idOrVar","v":"n"}," কন্টেক্তশীংগা পুনশিন্নৌ"],"other":[{"t":"idOrVar","v":"n"}," কন্টেক্তশীংগা পুনশিন্নৌ"]},"$x":[{"t":"idOrVar","v":"plural"},"n"]},{"$i":"duplicatesFoundTitle","$v":"চপ মান্ননা অনি থোক্না ফংলে"},{"$i":"foundDuplicatesMessage","innerHTML":"মখাগী কন্টেক্তশীং অসিদা পাও অনি থোক্না ফংলে. নহাক পুনশিন্নবা পামগদ্রা?"},{"$i":"tcl-merge-selected-counts","$v":[{"t":"idOrVar","v":"n"}," খল্লে"]},{"$i":"tcl-wait-duplicate-contacts","$v":"চপ মান্নবা অনিশুবা কন্টেক্তশীং পুথোকউ"},{"$i":"tcl-wait-txt","$v":"চপ মান্ননা অনি থোকপা কন্টেক্তশীংগী য়েংলি..."},{"$i":"import","$v":"পুশিল্লকউ"},{"$i":"fbFriends","$v":"ফেসবুক মরুপশীং"},{"$i":"live-serviceName","$v":"ৱাখল্লোন"},{"$i":"gmail-serviceName","$v":"জিমেল"},{"$i":"facebook-serviceName","$v":"ফেসবুক মরুপশীং"},{"$i":"viewAll","$v":"ফেসবুক মরুপ লোইনমক য়েংঙু"},{"$i":"viewRecommend","$v":"য়েংবা খক্তং রিকোম্মেন্দ তৌই"},{"$i":"linkProposal","$v":{"zero":"মপা চানবা মরুপশীং লৈতে. লোইনমক উহল্লি","one":"রিকোমেন্দ তৌখিবা অমদু খল্লু","two":"রিকোমেন্দ তৌবা অমা খল্লু","few":"রিকোমেন্দ তৌবা অমা খল্লু","many":"রিকোমেন্দ তৌবা অমা খল্লু","other":"রিকোমেন্দ তৌবা অমা খল্লু"},"$x":[{"t":"idOrVar","v":"plural"},"numFriends"]},{"$i":"fbFriendsFound","$v":{"zero":"নহাক্কি মরুপশীং লোইনমক ইম্পোর্ট তৌরক্লে","one":"ইম্পোর্ট তৌনবা মরুপ অমা ফংলে","two":["ইম্পোর্ট তৌনবা মরুপশীং ",{"t":"idOrVar","v":"numFriends"}," ফংলে"],"few":["ইম্পোর্ট তৌনবা মরুপশীং ",{"t":"idOrVar","v":"numFriends"}," ফংলে"],"many":["ইম্পোর্ট তৌনবা মরুপশীং ",{"t":"idOrVar","v":"numFriends"}," ফংলে"],"other":["ইম্পোর্ট তৌনবা মরুপশীং ",{"t":"idOrVar","v":"numFriends"}," ফংলে"]},"$x":[{"t":"idOrVar","v":"plural"},"numFriends"]},{"$i":"fbNoFriends","$v":"কন্টেক্ত অমত্তা ইমপোর্ট তৌনবা ফংদে"},{"$i":"done-search","$v":"তৌরে"},{"$i":"progressFB3ImportTitle","$v":"মরুপশীংবু কন্টেক্তশীংদা ইম্পোর্ট তৌরি"},{"$i":"progressFB","$v":[{"t":"idOrVar","v":"current"},"/",{"t":"idOrVar","v":"total"}]},{"$i":"progressFB3UpdateTitle","$v":"কন্টেক্তশীংদা লৈবা মরুপশীং অপদেত তৌরি"},{"$i":"message2","$v":"মসি তৌবদা মিনট অনিমুক চংবা য়াই"},{"$i":"messageLinking","$v":"ঙাইহাক্তা ঙাইবিয়ু. ঐখোয় নহাক্কি মরুপ অমসুং নহাক্কি কন্টেক্ত শম্নরি."},{"$i":"error1","$v":["অরানবা ",{"t":"idOrVar","v":"from"}]},{"$i":"error2","$v":"নহাক হন্না হোৎনবা পাম্ব্রা?"},{"$i":"errorProposal","$v":"প্রস্তাবশীং হোৎলি"},{"$i":"errorFriends","$v":"মরুপশীং হন্না ফংনবা তৌরি"},{"$i":"errorLinking","$v":"কন্টেক্ত লিঙ্ক তৌরি"},{"$i":"timeout1","$v":[{"t":"idOrVar","v":"from"}," দগী টাইমআওট হেল্লে"]},{"$i":"timeout2","$v":"নহাক হন্না হোৎনবা পাম্ব্রা?"},{"$i":"timeoutProposal","$v":"প্রস্তাবশীং হোৎলি"},{"$i":"timeoutFriends","$v":"মরুপশীং হন্না ফংনবা তৌরি"},{"$i":"timeoutLinking","$v":"কন্টেক্তশীং লিঙ্ক তৌরি"},{"$i":"wait1","$v":"ঙাইহাক্তা ঙাইবিয়ু"},{"$i":"wait2","$v":"মসি তৌবদা মিনট অনিমুক চংবা য়াই"},{"$i":"waitProposal","$v":"ঙাইহাক্তা ঙাইবিয়ু. ঐখোয় প্রস্তাব অমা হোৎলি."},{"$i":"waitFriends","$v":"ঙাইহাক্তা ঙাইবিয়ু. ঐখোয় নহাক্কি মরুপকি লিস্ট ফংনবা শম্নরি."},{"$i":"curtainRetry","$v":"হন্না হোৎনৌ"},{"$i":"curtainOK","$v":"ওকে"},{"$i":"connectionLost","$v":"ইন্টরনেট কনেক্সন ফংদে"},{"$i":"connectionLostMsg","$v":"মরুপশীংগী ফোটোশীং নহাক্কি কন্টেক্তশীংদা হাপচিল্লোই. অমরা অমরা মখা চত্থৌ?"},{"$i":"yesOption","$v":"ওকে"},{"$i":"noOption","$v":"ককথৎলু"},{"$i":"waitFriendslive","$v":"আওটলূকতগী কন্টেক্তশীং পারি..."},{"$i":"waitFriendsgmail","$v":"জিমেলদগী কন্টেক্তশীং পারি..."},{"$i":"friendsUpdated","$v":{"zero":"মরুপশীং অমত্তা অপদেত তৌদে","one":"মরুপ অমা অপদেত তৌরে","two":["অপদেত তৌরবা মরুপশীং ",{"t":"idOrVar","v":"numFriends"}],"few":["অপদেত তৌরবা মরুপশীং ",{"t":"idOrVar","v":"numFriends"}],"many":["অপদেত তৌরবা মরুপশীং ",{"t":"idOrVar","v":"numFriends"}],"other":["অপদেত তৌরবা মরুপশীং ",{"t":"idOrVar","v":"numFriends"}]},"$x":[{"t":"idOrVar","v":"plural"},"numFriends"]},{"$i":"friendsMerged","$v":{"zero":"দুপ্লিকেত মরুপশীং অমত্তা পুনশিন্নদে","one":"অনি থোকপা মরুপ অমা পুনশিন্নরে","two":["মরুপ ",{"t":"idOrVar","v":"numDups"}," পুনশিন্নবা"],"few":["মরুপ ",{"t":"idOrVar","v":"numDups"}," পুনশিন্নবা"],"many":["মরুপ ",{"t":"idOrVar","v":"numDups"}," পুনশিন্নবা"],"other":["মরুপ ",{"t":"idOrVar","v":"numDups"}," পুনশিন্নবা"]},"$x":[{"t":"idOrVar","v":"plural"},"numDups"]},{"$i":"notificationLogin","$v":"নহাক্কি ফেসবুক সেসন চৎনদ্রে. সাইন ইন তৌবিয়ু."},{"$i":"syncError","$v":"নহাক্কি মরুপকি দাতা সিনক্রোনাইজ তৌবদা অরানবা অমা লৈরে"},{"$i":"progressFB3liveTitle","$v":"আওটলুকতগী কন্টেক্তশীং ইম্পোর্ট তৌরি..."},{"$i":"progressFB3gmailTitle","$v":"জিমেলদগী কন্টেক্তশীং ইম্পোর্ট তৌরি..."},{"$i":"tcl-calllog-entry-removed-succ-notification","$v":"কোল লোগকি মিং পরেং লৌথোক্লে"},{"$i":"tcl-calllog-entry-removed-err-notification","$v":"কোল লোগ মেনশিনবা লৌথোকপা য়াদে"},{"$i":"addNewNumber","$v":"অনৌবা নম্বর হাপচিল্লু"},{"$i":"contactDetails","$v":"পাউ-ফাওনগদবগী অকূপ্পা মরোলশিং"},{"$i":"addToExistingContact","$v":"হৌজিক লৈবা কন্টেক্ততা হাপচিল্লু"},{"$i":"all","$v":"পূম্নমক","ariaLabel":"পূম্নমক"},{"$i":"bluetoothOption","ariaLabel":"ব্লুটূথ"},{"$i":"callLog","$v":"কোল লোগ"},{"$i":"callLogEdit","title":"কোল লোগ এদিত তৌ"},{"$i":"tcl-option-menu-call-log-edit","$v":"কোল লোগ এদিত তৌ"},{"$i":"callLogEditDialog","ariaLabel":"কোল লোগ দাইলোগ এদিত তৌ"},{"$i":"tcl-call-log-delete-group-notification","$v":["মেনশিনবা ",{"t":"idOrVar","v":"n"}," মুথৎখ্রে"]},{"$i":"connecting","$v":"শম্নরি"},{"$i":"connectingEllipsis","$v":"শম্নরি..."},{"$i":"call-forwarding-async","$v":["সিনক্রোনস ওইদবা: ",{"t":"idOrVar","v":"async"}]},{"$i":"call-forwarding-data","$v":["দাতা: ",{"t":"idOrVar","v":"data"}]},{"$i":"call-forwarding-error","$v":"কোল ফোরৱার্দ তৌনবা স্টেটস হন্না ফংনবা তৌরিঙৈদা অরানবা অমা থোক্লে"},{"$i":"call-forwarding-fax","$v":["FAX: ",{"t":"idOrVar","v":"fax"}]},{"$i":"call-forwarding-inactive","$v":"এক্তিব ওইদবা"},{"$i":"call-forwarding-packet","$v":["পেকেত: ",{"t":"idOrVar","v":"packet"}]},{"$i":"call-forwarding-pad","$v":["PAD: ",{"t":"idOrVar","v":"pad"}]},{"$i":"call-forwarding-sms","$v":["SMS: ",{"t":"idOrVar","v":"sms"}]},{"$i":"call-forwarding-status","$v":"কোল ফোরৱার্দ তৌবগী স্টেটস"},{"$i":"call-forwarding-sync","$v":["মতম চপ মান্ননা ওইমিন্নবা: ",{"t":"idOrVar","v":"sync"}]},{"$i":"call-forwarding-voice","$v":["ভোইস: ",{"t":"idOrVar","v":"voice"}]},{"$i":"confirm-deletion","$v":"খল্লবা কোলশীং হাংহনগদ্রা?"},{"$i":"createNewContact","$v":"অনৌবা একাওন্ট শেম্মু"},{"$i":"calllog-deselectAll","$v":"লোইনমক খনবা তোকউ"},{"$i":"dialerAddContact","ariaLabel":"পাউ-ফাওনগদবু হাপচিল্লু"},{"$i":"dialerAddContactDialog","ariaLabel":"কন্টেক্ত দাইলোগ হাপচিল্লু"},{"$i":"callInformation","$v":"কোলগী পাও"},{"$i":"edit-selected","$v":{"one":["(",{"t":"idOrVar","v":"n"},") খল্লে"],"two":["(",{"t":"idOrVar","v":"n"},") খল্লে"],"few":["(",{"t":"idOrVar","v":"n"},") খল্লে"],"many":["(",{"t":"idOrVar","v":"n"},") খল্লে"],"other":["(",{"t":"idOrVar","v":"n"},") খল্লে"]},"$x":[{"t":"idOrVar","v":"plural"},"n"]},{"$i":"tcl-edit-not-selected","$v":"(0) খল্লে"},{"$i":"hideKeypad","ariaLabel":"কীপেদ লোৎলু"},{"$i":"ignore","$v":"কোল খঙজিন্নগনু"},{"$i":"incoming","$v":"চংলকপা"},{"$i":"keypad","ariaLabel":"কীপেড"},{"$i":"info-missed","$v":"পায়হৌদবা"},{"$i":"missed","$v":"পায়হৌদবা","ariaLabel":"পায়হৌদবা"},{"$i":"dialed","$v":"দাইল তৌরে"},{"$i":"received","$v":"ফংলে"},{"$i":"canceled","$v":"ককথৎলে"},{"$i":"missedCall","$v":"পায়হৌদবা কোল"},{"$i":"missedCallMultiSims","$v":["(সিম ",{"t":"idOrVar","v":"n"},") গী ওকহৌদবা কোল"]},{"$i":"mmi-error","$v":"মেসেজ অদু থারিঙৈদা অরানবা অমা থোক্লে"},{"$i":"mmi-session-expired","$v":"সেসন মতম লোইরে"},{"$i":"mmi-successfully-sent","$v":"মেসেজ মায় পাক্না থাখ্রে"},{"$i":"mmi-notification-title-with-sim","$v":["(",{"t":"idOrVar","v":"sim"},") ",{"t":"idOrVar","v":"title"}]},{"$i":"mute","ariaLabel":"খোন্থোক্তবা"},{"$i":"newCall","ariaLabel":"অনৌবা কোল"},{"$i":"no-logs-msg-1","$v":"কোল অমত্তা রেকোর্দ তৌদে"},{"$i":"no-logs-msg-2","$v":"হৌজিক পাও ফাওনবা হৌ"},{"$i":"no-logs-msg-3","$v":"কোল অমত্তা রেকোর্দ তৌদে"},{"$i":"no-logs-msg-4","$v":"হৌজিক পাও ফাওনবা হৌ"},{"$i":"onHoldOption","ariaLabel":"পায়রগা লৈহনবা"},{"$i":"outgoing","$v":"চৎথোকখিবা"},{"$i":"recents","ariaLabel":"হন্দক্তা তৌবা কোলশীং"},{"$i":"reply","$v":"পাউখুম"},{"$i":"calllog-selectAll","$v":"লোইনমক হায়বদু খল্লু"},{"$i":"send","$v":"থাদোকখো"},{"$i":"switch-calls","$v":"কোলশীং হোংঙু"},{"$i":"withheld-number","$v":"খঙদবা"},{"$i":"from-contact","$v":[{"t":"idOrVar","v":"contact"}," দগী"]},{"$i":"from-number","$v":[{"t":"idOrVar","v":"number"}," দগী"]},{"$i":"from-withheld-number","$v":"কনাগীনো খঙদবা নম্বরদগী"},{"$i":"sending","$v":"থারি…"},{"$i":"speakerOption","ariaLabel":"স্পীকর"},{"$i":"ussd-services","$v":[{"t":"idOrVar","v":"operator"}," সার্ভিসশীং"]},{"$i":"toggleKeypad","ariaLabel":"টোগল কীপেদ"},{"$i":"type-your-response","placeholder":"নহাক্কি পাওখুম টাইপ তৌ…"},{"$i":"clear-all-text","$v":"টেকস্ট লোইনমক হাংহল্লু"},{"$i":"hide","$v":"লোৎলু"},{"$i":"call","$v":"কোল"},{"$i":"hold","ariaLabel":"পায়য়ু"},{"$i":"resume","$v":"হান্নগীদা হঞ্জিনবা","ariaLabel":"হান্নগীদা হঞ্জিনবা"},{"$i":"sendSms","$v":"মেসেজ থাও"},{"$i":"callEnded","$v":"কোল লোইরে"},{"$i":"via-sim","$v":["সিম ",{"t":"idOrVar","v":"n"}," ফাওনা"]},{"$i":"sim-number","$v":["সিম",{"t":"idOrVar","v":"n"}]},{"$i":"unknown","$v":"খঙদবা"},{"$i":"hangup-a11y-button","ariaLabel":"য়ৈথোক্তুনা থম্বা"},{"$i":"pickup-a11y-button","ariaLabel":"খুনগৎপা"},{"$i":"unlock-a11y-button","ariaLabel":"নান্থনবা"},{"$i":"settings","$v":"সেটিংশিং"},{"$i":"tcl-delete-log","$v":"নহাক কোল লোগ অদুদগী খল্লবা মীং পরেংশীং অদু মুথৎপা পাম্মি হায়বা নহাক শোয়দ্রব্রা?"},{"$i":"delete-n-log?","$v":{"zero":"করিমত্তা খন্দে","one":"খল্লবা লোগ মুথৎকদ্রা?","two":[{"t":"idOrVar","v":"n"}," লোগশীং মুথৎকদ্রা?"],"few":[{"t":"idOrVar","v":"n"}," লোগশীং মুথৎকদ্রা?"],"many":[{"t":"idOrVar","v":"n"}," লোগশীং মুথৎকদ্রা?"],"other":[{"t":"idOrVar","v":"n"}," লোগশীং মুথৎকদ্রা?"]},"$x":[{"t":"idOrVar","v":"plural"},"n"]},{"$i":"callDurationMinutes","$v":[{"t":"idOrVar","v":"m"},":",{"t":"idOrVar","v":"s"}]},{"$i":"callDurationHours","$v":[{"t":"idOrVar","v":"h"},":",{"t":"idOrVar","v":"m"},":",{"t":"idOrVar","v":"s"}]},{"$i":"callDurationTextFormatSeconds","$v":[{"t":"idOrVar","v":"s"}," সেকেন্দ"]},{"$i":"callDurationTextFormatMinutes","$v":["মিনট ",{"t":"idOrVar","v":"m"}," সেকেন্দ ",{"t":"idOrVar","v":"s"}]},{"$i":"callDurationTextFormatHours","$v":[{"t":"idOrVar","v":"h"}," পুং ",{"t":"idOrVar","v":"m"}," মিনট ",{"t":"idOrVar","v":"s"}," সেকেন্দ"]},{"$i":"suggestionMatches","$v":{"one":[{"t":"idOrVar","v":"n"}," মেটচ গী \"",{"t":"idOrVar","v":"matchNumber"},"\""],"two":[{"t":"idOrVar","v":"n"}," মেটচ গী \"",{"t":"idOrVar","v":"matchNumber"},"\""],"few":[{"t":"idOrVar","v":"n"}," মেটচ গী \"",{"t":"idOrVar","v":"matchNumber"},"\""],"many":[{"t":"idOrVar","v":"n"}," মেটচ গী \"",{"t":"idOrVar","v":"matchNumber"},"\""],"other":[{"t":"idOrVar","v":"n"}," মেটচ গী \"",{"t":"idOrVar","v":"matchNumber"},"\""]},"$x":[{"t":"idOrVar","v":"plural"},"n"]},{"$i":"scCallBarring","$v":"কোল তৌবা য়াহন্দ্রি"},{"$i":"scCallForwarding","$v":"কোল ফোরৱার্দ তৌরি"},{"$i":"scClip","$v":"লাক্লিবা কোলর ID"},{"$i":"scClir","$v":"চত্থোকখিবা কোলর ID"},{"$i":"scPwd","$v":"পাসৱর্ড হোংলে"},{"$i":"scCallWaiting","$v":"কোল অঙাইবা"},{"$i":"scPin","$v":"PIN হোংলে"},{"$i":"scPin2","$v":"পিন2 হোংবা"},{"$i":"scPuk","$v":"পিন ব্লোক তৌবা তোকউ"},{"$i":"scPuk2","$v":"পিন2 ব্লোক তৌবা তোকউ"},{"$i":"scImei","$v":"IMEI"},{"$i":"scMeid","$v":"MEID"},{"$i":"scUssd","$v":"USSD"},{"$i":"serviceClassVoice","$v":"ভোইস"},{"$i":"serviceClassData","$v":"ডাটা"},{"$i":"serviceClassFax","$v":"FAX"},{"$i":"serviceClassSms","$v":"SMS"},{"$i":"serviceClassDataSync","$v":"সিঙ্ক তৌ"},{"$i":"serviceClassDataAsync","$v":"সিঙ্ক তৌগনু"},{"$i":"serviceClassPacket","$v":"পেকেট"},{"$i":"serviceClassPad","$v":"PAD"},{"$i":"smServiceEnabled","$v":"সার্ভিস য়াহনখিদ্রে"},{"$i":"smServiceDisabled","$v":"সার্ভিস য়াহনখিদ্রে"},{"$i":"smServiceRegistered","$v":"রেজিস্টর তৌবা মায় পাকখি"},{"$i":"smServiceErased","$v":"মুথৎপা মায় পাক্লে"},{"$i":"smServiceInterrogated","$v":"হায়জবা মায় পাকখি"},{"$i":"smServiceNotProvisioned","$v":"সার্ভিস পীনবা য়াওখিদে"},{"$i":"smClirPermanent","$v":"নহাক কোলর ID সেটিং অদু হোংবা য়ারোই"},{"$i":"smClirDefaultOnNextCallOn","$v":"কোলর ID দিফোলটশিং অথিংবদা লৈরে. মথংগী কোল: থিংলে"},{"$i":"smClirDefaultOnNextCallOff","$v":"কোলর ID দিফোলটশিং অথিংবদা লৈরে. মথংগী কোল: থিংদে"},{"$i":"smClirDefaultOffNextCallOn","$v":"কোলর ID দিফোলটশিং অথিংবদা লৈত্রে. মথংগী কোল: থিংলে"},{"$i":"smClirDefaultOffNextCallOff","$v":"কোলর ID দিফোলটশিং অথিংবদা লৈত্রে. মথংগী কোল: থিংদে"},{"$i":"smServiceEnabledFor","$v":"মসিগীদমক সর্ভিস য়াহল্লে:"},{"$i":"smPinChanged","$v":"পিন মায় পাক্না হোংলে"},{"$i":"smPinUnblocked","$v":"পিন মায় পাক্না ব্লোক তৌবদগী লৌথোক্লে"},{"$i":"smPin2Changed","$v":"পিন2 মায় পাক্না হোংলে"},{"$i":"smPin2Unblocked","$v":"পিন2 মায় পাক্না ব্লোক তৌবদগী লৌথোক্লে"},{"$i":"ServiceIsEnabled","$v":"সার্ভিস য়াহল্লে"},{"$i":"ServiceIsDisabled","$v":"সার্ভিস য়াহন্দ্রে"},{"$i":"ServiceIsEnabledFor","$v":"সার্ভর য়াহল্লে গী:"},{"$i":"emMmiError","$v":"শম্নবগী সমস্য নত্ত্রগা চৎনদবা MMI কোদ"},{"$i":"emMmiErrorPasswordIncorrect","$v":"চুমদবা পাসৱার্দ"},{"$i":"emMmiErrorNotSupported","$v":"চৎনদবা নত্ত্রগা সপোর্ট তৌদবা MMI কোদ"},{"$i":"emMmiErrorInvalidAction","$v":"চৎনদবা থবক তৌবা"},{"$i":"emMmiErrorInvalidScCode","$v":"চৎনদবা সার্ভিস কোদ"},{"$i":"emMmiErrorBadPuk","$v":"নহাক্না টাইপ তৌবা  PUK চুমদে"},{"$i":"emMmiErrorBadPin","$v":"নহাক্না টাইপ তৌবা অরিবা পিন অদু চুমদে."},{"$i":"emMmiErrorNeedPuk2","$v":"সিম কার্দ ব্লোক তৌবা তোক্নবা  PUK2 টাইপ তৌ"},{"$i":"emMmiErrorMismatchPin","$v":"নহাক্না টাইপ তৌবা পিনীং চান্নদে"},{"$i":"emMmiErrorInvalidPin","$v":"নম্বরশীং 4 দগী 8 ওইবা পিন অমা টাইপ তৌ"},{"$i":"emMmiErrorNeedsPuk","$v":"নহাক্কি সিম কার্দ  PUK-লোক তৌই"},{"$i":"emMmiErrorEnablePin","$v":"মায় পাক্তবা. সিম/আর:য়ু:আই:এম: লোক য়াহল্লু"},{"$i":"emMmiErrorMmiFdn","$v":"ওপরেসন অসি ফিক্স তৌবা দাইলিং নম্বরশীং খক্তংদা তৌনবা অথিংবা লৈ"},{"$i":"emMmiErrorStkCcUssdDial","$v":"USSD হায়জবসি DIAL হায়জবদা শেমদোক্লে."},{"$i":"emMmiErrorStkCcUssdSs","$v":"USSD হায়জবসি SS হায়জবদা শেমদোক্লে."},{"$i":"emMmiErrorStkCcUssdUssd","$v":"USSD হায়জবসি অনৌবা USSD হায়জবদা শেমদোক্লে."},{"$i":"emMmiErrorStkCcSsDial","$v":"এস:এস: হায়জবা দি:আই:এ:এল: হায়জবদা শেমদোক্লে"},{"$i":"emMmiErrorStkCcSsUssd","$v":"USSD হায়জবসি SS হায়জবদা শেমদোক্লে."},{"$i":"emMmiErrorStkCcSsSs","$v":"এস:এস: হায়জবা অনৌবা এস:এস: হায়জবদা শেমদোক্লে"},{"$i":"emMmiErrorPinPukAttempts","$v":{"one":["হন্না হোৎনবা ",{"t":"idOrVar","v":"n"}," খক্তং ঙাইরে"],"two":["হোৎনগদবা ",{"t":"idOrVar","v":"n"}," লৈরি"],"few":["হোৎনগদবা ",{"t":"idOrVar","v":"n"}," লৈরি"],"many":["হোৎনগদবা ",{"t":"idOrVar","v":"n"}," লৈরি"],"other":["হোৎনগদবা ",{"t":"idOrVar","v":"n"}," লৈরি"]},"$x":[{"t":"idOrVar","v":"plural"},"n"]},{"$i":"emMmiErrorSimBlocked","$v":"খ্বাইদগী য়াম্বা হন্না হোৎনবা মশীং হেল্লে. সিম ব্লোক তৌরে"},{"$i":"RadioNotAvailable","$v":"রেদিও ফংদে"},{"$i":"GenericFailure","$v":"ময়ামগী ওইনা শোয়বা"},{"$i":"PasswordIncorrect","$v":"পাসৱার্দ চুমদে"},{"$i":"SimPin2","$v":"সিম পিন 2"},{"$i":"SimPuk2","$v":"সিম  PUK2"},{"$i":"RequestNotSupported","$v":"হায়জবা সপোর্ট তৌদে"},{"$i":"OpNotAllowedDuringVoiceCall","$v":"ওপরেসন অসি ভোইস কোল মনুংদা তৌবা য়াদে"},{"$i":"SmsSendFailRetry","$v":"SMS থাবা মায় পাক্তে হন্না হোৎনৌ"},{"$i":"SimAbsent","$v":"সিম য়াওদে"},{"$i":"SubscriptionNotAvailable","$v":"সবস্ক্রিপসন ফংদে"},{"$i":"ModeNotSupported","$v":"মোদ সপোর্ট তৌদে"},{"$i":"FdnCheckFailure","$v":"FDN চেক তৌবা মায় পাক্তবা"},{"$i":"IllegalSimOrMe","$v":"আইননা য়াদবা সিম নত্ত্রগা ME"},{"$i":"DialModifiedToUssd","$v":"দাইল শেমদোক্লে USSD তা"},{"$i":"DialModifiedToSs","$v":"দাইল শেমদোক্লে এস:এস: তা"},{"$i":"DialModifiedToDial","$v":"দাইল শেমদোক্লে দাইল দা"},{"$i":"UssdModifiedToDial","$v":"USSD দাইলদা শেমদোক্লে"},{"$i":"UssdModifiedToSs","$v":"USSD শেমদোক্লে এস:এস: তা"},{"$i":"UssdModifiedToUssd","$v":"USSD শেমদোক্লে USSD তা"},{"$i":"SsModifiedToDial","$v":"এস:এস: দাইলদা শেমদোক্লে"},{"$i":"SsModifiedToUssd","$v":"এস:এস: শেমদোক্লে USSD তা"},{"$i":"SsModifiedToSs","$v":"এস:এস: শেমদোক্লে এস:এস: তা"},{"$i":"SubscriptionNotSupported","$v":"সবস্ক্রিপসন সপোর্ট তৌদে"},{"$i":"InvalidParameter","$v":"চৎনদবা পেরামিটর"},{"$i":"RejectedByRemote","$v":"রিমোটনা লৌ য়াদ্রে"},{"$i":"conferenceCall","$v":["কনফরেন্স (",{"t":"idOrVar","v":"n"},")"]},{"$i":"caller-left-call","$v":[{"t":"idOrVar","v":"caller"}," না কোল অদু থমখ্রে."]},{"$i":"conferenceAddError","$v":"কোলশীং পুনশিন্নবা ঙমদ্রে"},{"$i":"conferenceRemoveError","$v":"কোলশীং পুনশিন্নদবা ঙমদ্রে"},{"$i":"longDateFormat","$v":"%A, %b %e"},{"$i":"select-audio-sources","$v":"ওদিও হৌরকফমশীং খল্লু"},{"$i":"bluetooth-handsfree-device","$v":"ব্লুটুথ হেন্দসফ্রী দিভাইস"},{"$i":"receiver","$v":"ওক্লিবা মী"},{"$i":"speaker","$v":"স্পীকর"},{"$i":"tcl-cancel","$v":"ককথৎলু"},{"$i":"tcl-dialer","$v":"দাইল তৌরিমী"},{"$i":"tcl-confirmation","$v":"চুম্মি হায়বা"},{"$i":"log-item","$v":"ওপসনশিং"},{"$i":"tcl-assign-speed-dial","$v":{"$o":["কন্টেক্ত অদু বট্টন্দা স্পীদ দাইল ওইনা হাপচিন্দে \"",{"t":"idOrVar","v":"speedDial"},"\".<br><br>হৌজিক থবক শীন্নৌ?"]}},{"$i":"tcl-assign","$v":"থবক পীবা"},{"$i":"select","$v":"খল্লু"},{"$i":"view-all","$v":"লোইনমক য়েংঙু"},{"$i":"search-results","$v":"থিবগী ফলশীং"},{"$i":"no-recent-numbers","$v":"কোল লোগশিংদা ডাইল তৌনবা অনৌবা নম্বর অমত্তা য়াওদে৷"},{"$i":"wifi-calling","$v":"ৱাই-ফাই কোল তৌরি"},{"$i":"dialer-prompt","$v":"নম্বর দাইল তৌ নত্ত্রগা কোলদা হাপচিন্নবা কন্টেক্ত খল্লু"},{"$i":"hours","$v":"পুংশীং"},{"$i":"minutes","$v":"মিনটশীং"},{"$i":"seconds","$v":"সেকেণ্ডশিং"},{"$i":"voicemailNoNumberTitle","$v":"ভোইসমেল নম্বর ফংদে"},{"$i":"voicemailNoNumberText","$v":"ভোইসমেলদা কোল তৌবা ঙমদে. কোল অদু তৌনবা ভোইসমেল নম্বর অদু সেট অপ তৌ."},{"$i":"voicemailNoNumberSettings","$v":"সেটিংশিং"},{"$i":"voicemailNoNumberCancel","$v":"ককথৎলু"},{"$i":"phoneNumberInput","ariaLabel":"ফোন নম্বর"},{"$i":"keypadDelete","ariaLabel":"মুত্থৎলু"},{"$i":"voiceMailKey","ariaLabel":"ভোইসমেল"},{"$i":"asterisk","ariaLabel":"অস্টেরিস্ক"},{"$i":"hashSign","ariaLabel":"হেশ খুদম"},{"$i":"loadingSimContacts","$v":"সিম কার্দ কন্টেক্তশীং লোদ তৌরি…"},{"$i":"noContactsWereFound","$v":"কন্টেক্ত অমত্তা ফংলমদে"},{"$i":"noContactsFoundDialogOk","$v":"ওকে"},{"$i":"emergencyNumber","$v":"অথু-অকায়গী নম্বর"},{"$i":"callAirplaneModeMessage","$v":"কোল অমা তৌনবা নহাক সেটিংশীংদা এয়রপ্লেন মোদ য়াহন্দবা দরকার ওই."},{"$i":"callAirplaneModeBtnOk","$v":"ওকে"},{"$i":"callAirplaneModeTitle","$v":"এয়রপ্লেন মোদ এক্তিবেত তৌরে"},{"$i":"numberIsBusyTitle","$v":"নম্বর বিজি ওই"},{"$i":"numberIsBusyMessage","$v":"নম্বর অদু হৌজিক চিল্লি. কোন্না হন্না হোৎনবিয়ু."},{"$i":"fdnIsActiveTitle","$v":"FDN এক্তিব ওই"},{"$i":"fdnIsActiveMessage","$v":["FDN (Fixed Dialing Numbers) এক্তিবেত তৌরে অমসুং মখাগী নম্বর অসি নহাক্কি FDN লিস্টতা য়াওদে: ",{"t":"idOrVar","v":"number"}]},{"$i":"emergencyDialogBodyBadNumber","$v":"কোল অমা তৌনবা, ফোন অদু নেটৱার্ক অমদা শম্নগদবনি."},{"$i":"emergencyDialogBodyDeviceNotAccepted","$v":"নেটৱার্ক অদুনা ইমর্জেন্সি কোলশীং য়াহন্দে."},{"$i":"emergencyDialogBtnOk","$v":"ওকে"},{"$i":"emergencyDialogTitle","$v":"নেটৱর্ক কন্নেক্সন অমত্তা লৈতে"},{"$i":"invalidNumberToDialTitle","$v":"চৎনদবা ফোন নম্বর"},{"$i":"invalidNumberToDialMessage","$v":"নহাক্না কোল তৌরিবা ফোন নম্বর অদু চৎনদে."},{"$i":"unableToCallTitle","$v":"হৌজিক ফোন কোল অমা তৌবা ঙমদ্রে"},{"$i":"unableToCallMessage","$v":"কোল অমা তৌবা ঙমদে. নহাক হান্ননা দাইল তৌরিবা ওইরবদি, অহানবদা ফোন থম্বিয়ু."},{"$i":"otherConnectionInUseTitle","$v":"অতোপ্পা শম্নবা শীজিন্নবা"},{"$i":"otherConnectionInUseMessage","$v":"নহাক অতোপ্পা শম্নবা অমদা এক্তিব কোল অমা লৈ. নহাক মতম অমত্তদা শম্নবা অমখক্তং শীজিন্নবা য়াই."},{"$i":"tcl-call-log","$v":"কোল লোগ"},{"$i":"tcl-contacts","$v":"পাউ-ফাওনগদবশিং"},{"$i":"tcl-call","$v":"কোল"},{"$i":"tcl-add-contact","$v":"হৌজিক লৈবা কন্টেক্ততা হাপচিল্লু"},{"$i":"tcl-create-contact","$v":"অনৌবা একাওন্ট শেম্মু"},{"$i":"tcl-add-speed-dial","$v":"স্পীদ দাইলদা হাপচিল্লু"},{"$i":"sim-with-index-and-carrier","$v":["SIM ",{"t":"idOrVar","v":"index"}," - ",{"t":"idOrVar","v":"carrier"}]},{"$i":"sim-without-carrier","$v":["SIM ",{"t":"idOrVar","v":"index"}]}]