[{"$i":"confirmMsg","$v":[{"t":"idOrVar","v":"deviceId"}," ला आपले संपर्क आणि कॉल इतिहास अॅक्सेस करावयाचा आहे, स्वीकार करायचे का?"]},{"$i":"responseMsg","$v":[{"t":"idOrVar","v":"deviceId"}," च्‍या साठी की"]},{"$i":"confirmTitle","$v":"फोनबुक अॅक्सेस विनंती"},{"$i":"responseTitle","$v":"ब्ल्यूटूथ सेशन की आवश्‍यक आहे"},{"$i":"initialValue","$v":"सेशन की प्रविष्ट करा"},{"$i":"gaia-menu-cancel","$v":"रद्द करा"},{"$i":"gaia-sim-picker-dial-via-with-number","$v":[{"t":"idOrVar","v":"phoneNumber"}," याद्वारे डायल करा"]},{"$i":"gaia-sim-picker-select-sim","$v":"सिम निवडा"},{"$i":"gaia-sim-picker-button","$v":["सिम",{"t":"idOrVar","v":"n"}]},{"$i":"gaia-sim-picker-button-default","$v":"(डिफॉल्ट)"},{"$i":"softkey-options","$v":"पर्याय"},{"$i":"details","countcall":"कॉल"},{"$i":"edit","$v":"संपादित करा"},{"$i":"cancel","$v":"रद्द करा"},{"$i":"done","$v":"पूर्ण झाले"},{"$i":"ok","$v":"ठीक आहे"},{"$i":"update","$v":"अपडेट करा"},{"$i":"retry","$v":"पुन्हा प्रयत्न करा"},{"$i":"view","$v":"बघा"},{"$i":"search","$v":"शोधा"},{"$i":"contacts","$v":"संपर्क"},{"$i":"addContact","$v":"संपर्क जोडा"},{"$i":"deleteContact","$v":"संपर्क हटवा"},{"$i":"selectContact","$v":"संपर्क निवडा"},{"$i":"selectAll","$v":"सर्व निवडा"},{"$i":"deselect","$v":"निवड रद्द करा"},{"$i":"deselectAll","$v":"सर्व निवड रद्द करा"},{"$i":"editContact","$v":"संपर्क संपादित करा"},{"$i":"deleteConfirmMsg","$v":"संपर्क हटवा?"},{"$i":"remove","$v":"हटवा"},{"$i":"delete","$v":"हटवा"},{"$i":"comments","$v":"टिप्पणी"},{"$i":"no_contact_phones","$v":"या संपर्क मध्ये फोन नंबर नाही आहे"},{"$i":"no_contact_email","$v":"या संपर्कात ईमेल अॅड्रेस नाही आहे"},{"$i":"no_contact_data","$v":"या संपर्क मध्ये फोन नंबर आणि ईमेल पत्ता उपलब्ध नाही"},{"$i":"removePhotoConfirm","$v":"संपर्क प्रतिमा हटवायची आहे का?"},{"$i":"loadingContacts","$v":"संपर्क लोड होत आहे .."},{"$i":"noContactsActivity2","$v":"आपल्या संपर्क लिस्ट मध्ये कोणतेही संपर्क नाही"},{"$i":"noName","$v":"कोणतेही नाव नाही"},{"$i":"givenName","$v":"पहिले नाव"},{"$i":"familyName","$v":"आडनाव"},{"$i":"tel","$v":"फोन"},{"$i":"carrier","$v":"केरीअर","placeholder":"केरीअर"},{"$i":"separator","$v":","},{"$i":"email","$v":"ईमेल"},{"$i":"streetAddress","$v":"मार्ग"},{"$i":"postalCode","$v":"झिप कोड"},{"$i":"locality","$v":"शहर"},{"$i":"countryName","$v":"देश"},{"$i":"comment","$v":"टिप्पणी"},{"$i":"org","$v":"कंपनी"},{"$i":"date","$v":"तारीख","placeholder":"तारीख"},{"$i":"date-span-placeholder","$v":"तारीख"},{"$i":"birthday","$v":"वाढदिवस"},{"$i":"dateFormat","$v":"%b %e"},{"$i":"dateOutput","$v":[{"t":"idOrVar","v":"dayMonthFormatted"}," ",{"t":"idOrVar","v":"year"}]},{"$i":"anniversary","$v":"वर्धापन दिन"},{"$i":"addPhoto","$v":"प्रतिमा जोडा"},{"$i":"addPhone","$v":"फोन जोडा"},{"$i":"addEmail","$v":"ईमेल जोडा"},{"$i":"addAddress","$v":"पत्ता जोडा"},{"$i":"addDate","$v":"तारीख जोडा"},{"$i":"addComment","$v":"नोट जोडा"},{"$i":"addFavorite","$v":"पसंत म्हणून जोडा"},{"$i":"removeFavorite","$v":"पसंद हटवा"},{"$i":"addButton","ariaLabel":"जोडा"},{"$i":"editButton","ariaLabel":"संपादित करा"},{"$i":"settingsButton","ariaLabel":"सेटिंग्स"},{"$i":"phoneDetail","ariaLabel":"फोन"},{"$i":"emailDetail","ariaLabel":"ईमेल"},{"$i":"addressDetail","ariaLabel":"पत्ता"},{"$i":"dateDetail","ariaLabel":"तारीख"},{"$i":"composeEmail","ariaLabel":"ईमेल"},{"$i":"makeCall","ariaLabel":"कॉल"},{"$i":"phones","ariaLabel":"फोन"},{"$i":"emails","ariaLabel":"ईमेल"},{"$i":"addresses","ariaLabel":"पत्ता"},{"$i":"dates","ariaLabel":"तारीख"},{"$i":"notes","ariaLabel":"नोट"},{"$i":"exit","$v":"बाहेर पडा"},{"$i":"expand","$v":"विस्तारित करा"},{"$i":"labelName","$v":"नाव:"},{"$i":"labelLastName","$v":"आडनाव:"},{"$i":"labelPhoneNumber","$v":"फोन नंबर:"},{"$i":"labelCarrier","$v":"कॅरियर:"},{"$i":"labelEmail","$v":"ईमेल:"},{"$i":"labelStreet","$v":"मार्ग:"},{"$i":"labelZip","$v":"पिन कोड:"},{"$i":"labelCity","$v":"शहर:"},{"$i":"labelCountry","$v":"देश:"},{"$i":"labelComment","$v":"टिप्पणी:"},{"$i":"legendTitleMain","$v":"मुख्य माहिती"},{"$i":"legendPhones","$v":"फोन नंबर"},{"$i":"legendEmail","$v":"ईमेल अॅड्रेस"},{"$i":"legendAddress","$v":"पत्ता"},{"$i":"search-contact","placeholder":"शोधा"},{"$i":"noResults","$v":"कोणतेही संपर्क सापडले नाही"},{"$i":"transferContactsTitle","$v":"संपर्क स्थानांतरित करा"},{"$i":"importContactsTitle","$v":"संपर्क आयात करा"},{"$i":"importContactsButton","$v":"संपर्क आयात करा"},{"$i":"exportContactsTitle","$v":"संपर्क निर्यात करा"},{"$i":"exportContactsButton","$v":"संपर्क निर्यात करा"},{"$i":"exportContactsAction","$v":"निर्यात करा"},{"$i":"simExport-title","$v":"सिम वर निर्यात करा"},{"$i":"memoryCardExport-title","$v":"मेमरी कार्डवर निर्यात करा"},{"$i":"btExport-title","$v":"ब्ल्यूटूथ वर निर्यात करा"},{"$i":"memoryCardUMSEnabled","$v":"USB स्टोरेज सक्षम असल्याने मेमरी कार्डचा उपयोग करू शकत नाही"},{"$i":"exportErrorTitle","$v":"निर्यात त्रुटी"},{"$i":"contactsExported2","$v":{"zero":"कोणतेही संपर्क निर्यात झाले नाही","one":[{"t":"idOrVar","v":"exported"},"/",{"t":"idOrVar","v":"total"}," संपर्क निर्यात केले"],"two":[{"t":"idOrVar","v":"exported"},"/",{"t":"idOrVar","v":"total"}," संपर्क निर्यात केले"],"few":[{"t":"idOrVar","v":"exported"},"/",{"t":"idOrVar","v":"total"}," संपर्क निर्यात केले"],"many":[{"t":"idOrVar","v":"exported"},"/",{"t":"idOrVar","v":"total"}," संपर्क निर्यात केले"],"other":[{"t":"idOrVar","v":"exported"},"/",{"t":"idOrVar","v":"total"}," संपर्क निर्यात केले"]},"$x":[{"t":"idOrVar","v":"plural"},"exported"]},{"$i":"exportError-general","$v":"निर्यात करताना काही त्रुटी आली"},{"$i":"exportError-SD-shared","$v":"मेमरी कार्ड सामायिक केले असल्याने त्याचा उपयोग करू शकत नाही"},{"$i":"exportError-SD-unavailable","$v":"मेमरी कार्ड उपलब्ध नाही"},{"$i":"exportError-SD-noSpace","$v":"संपर्क निर्यात करण्यासाठी मेमरी कार्डवर पुरेशी जागा नाही"},{"$i":"exportError-SIM-unavailable","$v":"सिम कार्ड उपलब्ध नाही"},{"$i":"exportError-BT-shared","$v":"मेमरी कार्ड सामायिक केले असल्याने त्याचा उपयोग करू शकत नाही"},{"$i":"exportError-BT-unavailable","$v":"मेमरी कार्ड उपलब्ध नाही"},{"$i":"exportError-BT-noSpace","$v":"संपर्क निर्यात करण्यासाठी मेमरी कार्डवर पुरेशी जागा नाही"},{"$i":"social-network","$v":"सोशल नेटवर्क"},{"$i":"social-link","$v":"संपर्क लिंक करा"},{"$i":"social-unlink","$v":"संपर्क अनलिंक करा"},{"$i":"social-unlink-confirm-title","$v":"आपल्याला आपल्या फ्रेन्डला अनलिंक करायचे आहे का?"},{"$i":"social-unlink-confirm-accept","$v":"अनलिंक करा"},{"$i":"facebook-import","$v":"फेसबुक फ्रेन्डसला आयात करा"},{"$i":"show-fb-profile","$v":"फेसबुक प्रोफाईल बघा"},{"$i":"msg-send","$v":"संदेश"},{"$i":"wall-post","$v":"वॉल पोस्ट"},{"$i":"share-contact","$v":"संपर्क सामायिक करा"},{"$i":"facebook-export-forbidden","$v":"फेसबुकच्या मर्यादे मुळे संपर्क सामाय‍िक केले जाऊ शकत नाही?"},{"$i":"otherAccount","$v":"अन्य अकाउन्ट"},{"$i":"facebookSwitchMsg","$v":"फ्रेन्डला सिंक करा"},{"$i":"select_mobile","$v":"मोबाइल निवडा"},{"$i":"select_email","$v":"ईमेल निवडा"},{"$i":"select_recipient","$v":"प्राप्तकर्ता निवडा"},{"$i":"sort-by-first-name","$v":"नावा क्रमबद्ध करा"},{"$i":"sort-by-last-name","$v":"आडनावाने क्रमबद्ध करा"},{"$i":"importSim2","$v":"सिम कार्ड"},{"$i":"importGmail","$v":"जीमेल"},{"$i":"bluetooth","$v":"ब्ल्यूटूथ"},{"$i":"importOutlook","$v":"आउटलुक"},{"$i":"fbUpdateFriends","$v":"आयात केलेले फ्रेन्ड अपडेट करा"},{"$i":"cleaningFbData","$v":"फेसबुक डेटा हटवला जात आहे"},{"$i":"loggingOutFb","$v":"फेसबुक वरून लॉग आउट होत आहे"},{"$i":"cleanFbConfirmMsg","$v":"सर्व फेसबुक डेटा हटवायचे का?"},{"$i":"renewPwdMsg","$v":"फेसबुक मधील आपला पासवर्ड बदलण्यात आला आहे. कृपया, हे अपडेट करा."},{"$i":"notEnabledYet","$v":"अद्याप सक्षम नाही"},{"$i":"genericNoConnection","$v":"संपर्क आयात करण्यासाठी WiFi किंवा डेटा नेटवर्कशी जोडा"},{"$i":"bluetoothNoConnection","$v":"संपर्क निर्यात करण्यासाठी ब्ल्यूटूथ डिवाइस जोडा."},{"$i":"simCard","$v":"सिम कार्ड"},{"$i":"memoryCard","$v":"मेमरी कार्ड"},{"$i":"simNumberNoMSISDN","$v":["सिम ",{"t":"idOrVar","v":"number"},":"]},{"$i":"simNumberWithMSISDN","$v":["सिम ",{"t":"idOrVar","v":"number"},": ",{"t":"idOrVar","v":"msisdn"}]},{"$i":"ICEContactsGroup","$v":"ICE संपर्क"},{"$i":"setICEButton","$v":"ICE संपर्क सेट करा"},{"$i":"ICESettingTitle","$v":"ICE संपर्क"},{"$i":"ICEDescription","$v":"आपत्कालीन पर‍िस्थितीत कॉल करण्यासाठी पाच संपर्क जोडा."},{"$i":"ICEContact1","$v":"ICE संपर्क 1"},{"$i":"tcl-ice-contact-1-added","$v":"ICE संपर्क 1 जोडला"},{"$i":"ICESelectContact","$v":"एक संपर्क निवडा"},{"$i":"ICEContact2","$v":"ICE संपर्क 2"},{"$i":"tcl-ice-contact-2-added","$v":"ICE संपर्क 2 जोडला"},{"$i":"ICERepeatedContact","$v":"हा संपर्क आधीच एक वर्तमान ICE संपर्क आहे"},{"$i":"ICEUnknownError","$v":"संपर्कास ICE म्हणून सेट करताना त्रुटी आली आहे"},{"$i":"ICEContactNoNumber","$v":"या संपर्कात फोन नंबर उपलब्ध नाही"},{"$i":"ICEFacebookContactNotAllowed","$v":"फेसबुक संपर्क ICE संपर्क म्हणून सेट केले जाऊ शकत नाही"},{"$i":"ICEContactDelTel","$v":"हटवलेले फोन नंबर ICE संपर्कांतून काढून टाकले गेले आहे"},{"$i":"ICEContactDelTelAll","$v":"सर्व नंबर हटविले. हा संपर्क ICE संपर्कांवरून काढून टाकायचे आहे का?"},{"$i":"delete-ice-contact-warning","$v":"आपण ICE संपर्क काढून टाकायचे आहे का?"},{"$i":"add","$v":"जोडा"},{"$i":"no-contacts","$v":"कोणताही संपर्क नाही"},{"$i":"start-adding","$v":"संपर्क जोडण्यासाठी नवीन संपर्क दाबा."},{"$i":"notImported","$v":"आयात केले गेले नाही"},{"$i":"imported","$v":"आयात केले गेले"},{"$i":"today","$v":"आज"},{"$i":"yesterday","$v":"काल"},{"$i":"messageCanceling","$v":"कृपया थांबा. आम्ही ऑन ऑपरेशन रद्द करत आहोत."},{"$i":"organise-contacts","$v":"संपर्क व्यवस्थापित करा"},{"$i":"find-merge-contacts","$v":"डुप्लिकेट संपर्क शोधा"},{"$i":"preparing-contacts","$v":"संपर्क तयार होत आहे"},{"$i":"exportError-SIM-NoFreeRecordFound","$v":"सिम कार्ड पूर्ण भरले आहे"},{"$i":"exportError-SIM-CannotAccessPhoneBook","$v":"सिम कार्डच्या फोन बुकला वापरू शकत नाही"},{"$i":"exportError-SIM-Unavailable","$v":"कोणतेही सिम सापडले नाही"},{"$i":"exportError-SIM-GenericError","$v":"संपर्क निर्यात करताना त्रुटी आली आहे"},{"$i":"noSimMsgExport","$v":"संपर्क निर्यात करण्यासाठी आपले सिम कार्ड प्रविष्‍ट करा किंवा अनलॉक करा"},{"$i":"noMemoryCardMsgExport","$v":"संपर्क निर्यात करण्यासाठी मेमरी कार्ड प्रविष्‍ट करा"},{"$i":"ContactManagementTitle","$v":"संपर्क व्यवस्थापन"},{"$i":"DeleteTitle","$v":"हटवा"},{"$i":"bulkDeleteButton","$v":"संपर्क हटवा"},{"$i":"BulkDelCancel","$v":"संपर्क हटवणे रद्द केले आहे"},{"$i":"DeletedTxt","$v":{"zero":"हटवण्यासाठी कोणताही संपर्क नाही","one":"1 संपर्क हटवले","two":[{"t":"idOrVar","v":"n"}," संपर्क हटवले गेले"],"few":[{"t":"idOrVar","v":"n"}," संपर्क हटवले गेले"],"many":[{"t":"idOrVar","v":"n"}," संपर्क हटवले गेले"],"other":[{"t":"idOrVar","v":"n"}," संपर्क हटवले गेले"]},"$x":[{"t":"idOrVar","v":"plural"},"n"]},{"$i":"DeletingContacts","$v":"संपर्क हटवत आहोत"},{"$i":"ContactConfirmDel","$v":{"zero":"हटवण्यासाठी कोणताही संपर्क नाही","one":"1 संपर्क हटवा? हे पुनर्प्राप्त केले जाऊ शकत नाही.","two":[{"t":"idOrVar","v":"n"}," संपर्क हटवा? हे पुनर्प्राप्त केले जाऊ शकत नाही"],"few":[{"t":"idOrVar","v":"n"}," संपर्क हटवा? हे पुनर्प्राप्त केले जाऊ शकत नाही"],"many":[{"t":"idOrVar","v":"n"}," संपर्क हटवा? हे पुनर्प्राप्त केले जाऊ शकत नाही"],"other":[{"t":"idOrVar","v":"n"}," संपर्क हटवा? हे पुनर्प्राप्त केले जाऊ शकत नाही"]},"$x":[{"t":"idOrVar","v":"plural"},"n"]},{"$i":"SelectedTxt","$v":{"zero":[{"t":"idOrVar","v":"n"}," निवडलेले"],"one":[{"t":"idOrVar","v":"n"}," निवडलेले"],"two":[{"t":"idOrVar","v":"n"}," निवडलेले"],"few":[{"t":"idOrVar","v":"n"}," निवडलेले"],"many":[{"t":"idOrVar","v":"n"}," निवडलेले"],"other":[{"t":"idOrVar","v":"n"}," निवडलेले"]},"$x":[{"t":"idOrVar","v":"plural"},"n"]},{"$i":"video","$v":"व्हिडिओ"},{"$i":"audio","$v":"ऑडिओ"},{"$i":"pick_destination","$v":[{"t":"idOrVar","v":"destination"}," ",{"t":"idOrVar","v":"carrier"}]},{"$i":"removeField","ariaLabel":"हटवा"},{"$i":"undo","ariaLabel":"अन्डू करा"},{"$i":"send-sms-button","ariaLabel":"SMS"},{"$i":"ice_contacts","$v":"ICE संपर्क"},{"$i":"edit-picture","$v":"चित्र संपादित करा"},{"$i":"remove-photo","$v":"चित्र हटवा"},{"$i":"change-photo","$v":"प्रतिमा बदला"},{"$i":"photo-options","$v":"फोटो पर्याय"},{"$i":"tcl-all","$v":"सर्व"},{"$i":"tcl-speed-dial","$v":"स्पीड डायल"},{"$i":"tcl-new-contact","$v":"नवीन संपर्क"},{"$i":"tcl-settings","$v":"सेटिंग्स"},{"$i":"tcl-save","$v":"जतन करा"},{"$i":"save","$v":"जतन करा"},{"$i":"tcl-add","$v":"जोडा"},{"$i":"tcl-contact-add-ringtone","$v":"रिंगटोन जोडा"},{"$i":"tcl-custom-dialog-title-default","$v":"पुष्टीकरण"},{"$i":"confirm-dialog-title-default","$v":"पुष्टीकरण"},{"$i":"discard","$v":"हटवा"},{"$i":"custom-tag-title","$v":"कस्टम टॅग"},{"$i":"tcl-contact-added","$v":"संपर्क जोडले गेले"},{"$i":"tcl-contact-updated","$v":"संपर्क तपशील अपडेट केले आहे"},{"$i":"tcl-contact-removed","$v":"संपर्क हटवले गेले"},{"$i":"tcl-contact-unremoved","$v":"हटवण्यात असमर्थ"},{"$i":"edit-phone-type","$v":"फोन प्रकार संपादित करा"},{"$i":"edit-email-type","$v":"ईमेल प्रकार संपादित करा"},{"$i":"edit-address-type","$v":"पत्त्याचा प्रकार संपादित करा"},{"$i":"edit-date-type","$v":"तारखेचा प्रकार संपादित करा"},{"$i":"tcl-select-phone-type","$v":"फोन प्रकार निवडा"},{"$i":"tcl-select-email-type","$v":"ईमेल प्रकार निवडा"},{"$i":"tcl-select-address-type","$v":"पत्ता प्रकार निवडा"},{"$i":"tcl-select-date-type","$v":"तारीख प्रकार निवडा"},{"$i":"add-phone","$v":"फोन नंबर जोडा"},{"$i":"add-email","$v":"ईमेल जोडा"},{"$i":"add-address","$v":"पत्ता जोडा"},{"$i":"add-date","$v":"तारीख जोडा"},{"$i":"add-phone-type","$v":"फोन प्रकार"},{"$i":"add-email-type","$v":"ईमेल प्रकार"},{"$i":"add-address-type","$v":"पत्त्याचा प्रकार"},{"$i":"add-date-type","$v":"तारीख प्रकार"},{"$i":"delete-phone","$v":"फोन नंबर हटवा"},{"$i":"delete-email","$v":"ईमेल हटवा"},{"$i":"delete-address","$v":"पत्ता हटवा"},{"$i":"delete-date","$v":"तारीख हटवा"},{"$i":"delete-note","$v":"नोट हटवा"},{"$i":"delete-comment-warning","$v":"आपण नोट हटवण्‍यास तयार आहात का?"},{"$i":"tcl-deleting-messages-phone","$v":["आपण फोन हटवण्‍यास तयार आहात का: \"",{"t":"idOrVar","v":"type_name"},"\"?"]},{"$i":"tcl-deleting-messages-email","$v":["आपण ईमेल  हटवण्‍यास तयार आहात का: \"",{"t":"idOrVar","v":"type_name"},"\"?"]},{"$i":"tcl-deleting-messages-address","$v":["आपण पत्ता हटवण्‍यास तयार आहात का: \"",{"t":"idOrVar","v":"type_name"},"\"?"]},{"$i":"tcl-deleting-messages-date","$v":"आपण  तारीख  हटवण्‍यास तयार आहात का?"},{"$i":"deleting-message-warning","$v":["आपण \"",{"t":"idOrVar","v":"type_name"},"\" हटवण्‍यास तयार आहात का?"]},{"$i":"tcl-deleting-messages-comment","$v":"आपण टिप्पणी हटवण्‍यास तयार आहात का?"},{"$i":"delecting-messages-contact","$v":["आपण\"",{"t":"idOrVar","v":"type_name"},"\" संपर्क हटवण्‍यास तयार आहात का?"]},{"$i":"delecting-this-contact","$v":"हा संपर्क हटवायचा?"},{"$i":"deleting-messages-ringtone","$v":"आपण रिंगटोन हटवण्‍यास तयार आहात का?"},{"$i":"deleting-messages-picture","$v":"आपण प्रतिमा हटवण्‍यास तयार आहात का?"},{"$i":"tcl-deleting-notification-ringtone","$v":"रिंगटोन हटवले गेले"},{"$i":"tcl-deleting-notification-comment","$v":"टिप्पणी हटवण्यात आली"},{"$i":"note","$v":"नोट"},{"$i":"address","$v":"पत्ता"},{"$i":"tcl-noContacts","$v":"संपर्का मध्ये जोडू शकत नाही कारण आपली लिस्ट रिकामी आहे."},{"$i":"tcl-noContacts-no-email","$v":"संपर्का मध्ये जोडू शकत नाही कारण कोणत्याही संपर्क मध्ये ईमेल नाही आहे"},{"$i":"tcl-noContacts-no-tel","$v":"संपर्का मध्ये जोडू शकत नाही कारण कोणत्याही संपर्क मध्ये फोन नंबर नाही आहे"},{"$i":"tcl-noContactsTitle","$v":"कोणताही संपर्क नाही"},{"$i":"tcl-change-voice-mail","$v":"ध्वनि मेल नंबर बदला"},{"$i":"tcl-replace","$v":"बदला"},{"$i":"tcl-remove-speed-dial","$v":"स्पीड डायल वरून हटवा"},{"$i":"tcl-notification-speed-dial-added","$v":"स्पीड डायल नंबर जोडले गेले"},{"$i":"tcl-notification-speed-dial-removed","$v":"स्पीड डायल नंबर हटवले गेले"},{"$i":"tcl-notification-speed-dial-updated","$v":"स्पीड डायल नंबर अपडेट केले गेले"},{"$i":"tcl-notification-voice-mail-updated","$v":"व्हॉइस मेल नंबर अपडेट केला"},{"$i":"tcl-notification-contact-assigned","$v":"स्पीड डायल साठी संपर्क नेमून दिले आहे"},{"$i":"empty","$v":"रिकामे आहे"},{"$i":"tcl-voice-mail","$v":"व्हॉईसमेल"},{"$i":"contact-confirm-save","$v":"संपर्क माहिती टाकून दिली जाईल. आपल्याला हा संपर्क जतन करायचा आहे का?"},{"$i":"contact-confirm-form-save","$v":"बदल वगळले जातील. आपणास हा संपर्क जतन करायचा आहे का?"},{"$i":"tcl-yes","$v":"होय"},{"$i":"tcl-no","$v":"नाही"},{"$i":"tcl-default-ringtone","$v":"डिफॉल्ट रिंगटोन"},{"$i":"tcl-add-ringtone","$v":"रिंगटोन"},{"$i":"tcl-ringtone","$v":"रिंगटोन"},{"$i":"change-ringtone","$v":"रिंगटोन बदला"},{"$i":"delete-ringtone","$v":"रिंगटोन हटवा"},{"$i":"tcl-settings-title","$v":"संपर्क सेटिंग्स"},{"$i":"settings-sort-contacts-title","$v":"संपर्क क्रमबद्ध करा"},{"$i":"tcl-oder-notification","$v":"बदल जतन केले"},{"$i":"changes-saved-notification","$v":"बदल जतन केले."},{"$i":"tcl-imported-status","$v":[{"t":"idOrVar","v":"n"}," संपर्क आयात केले ",{"t":"idOrVar","v":"numDups"}," संपर्क मर्ज केले"]},{"$i":"tcl-on","$v":"ऑन"},{"$i":"tcl-off","$v":"आॅफ"},{"$i":"on","$v":"ऑन"},{"$i":"off","$v":"आॅफ"},{"$i":"tcl-contact-empty-number","$v":"फोन नंबर रिकामे आहे"},{"$i":"contact-no-dial-number","$v":"डायल करण्यासाठी कोणताही फोन नंबर नाही."},{"$i":"tcl-select-number","$v":"नंबर निवडा"},{"$i":"tcl-select-email","$v":"ईमेल निवडा"},{"$i":"select-email","$v":"ईमेल निवडा"},{"$i":"tcl-send-message","$v":"संदेश पाठवा"},{"$i":"send-email","$v":"ई - मेल पाठवा"},{"$i":"tcl-share","$v":"सामायिक करा"},{"$i":"tcl-find-duplicate","$v":"डुप्लिकेट संपर्क शोधा"},{"$i":"tcl-add-favorite","$v":"पसंत म्हणून जोडा"},{"$i":"tcl-remove-favorite","$v":"पसंदी मधून हटवा"},{"$i":"tcl-link-social-networks","$v":"सोशल नेटवर्क वर लिंक करा"},{"$i":"tcl-delete","$v":"हटवा"},{"$i":"tcl-detail-send-sms","$v":"नवीन SMS"},{"$i":"tcl-detail-call","$v":"कॉल"},{"$i":"tcl-detail-send-email","$v":"लिहा"},{"$i":"sms","$v":"संदेश"},{"$i":"tcl-search-contact","$v":"शोधा"},{"$i":"tcl-number","$v":["नंबर ",{"t":"idOrVar","v":"number"}]},{"$i":"tcl-custom-dialog-replace-speed-dial","$v":["आपण स्पीड डायल ",{"t":"idOrVar","v":"oldSpeedDial"}," ला ",{"t":"idOrVar","v":"newSpeedDial"}," सोबत बदल्यास तयार आहात का?"]},{"$i":"custom-dialog-remove-speed-dial","$v":["आपल्याला स्पीड डायलवरून ",{"t":"idOrVar","v":"name"}," हटवायचे आहे का?"]},{"$i":"tcl-options","$v":"पर्याय"},{"$i":"tcl-success-merged","$v":[{"t":"idOrVar","v":"number"}," संपर्क मर्ज केले गेले"]},{"$i":"tcl-contact-confirm-merge","$v":["आपण ",{"t":"idOrVar","v":"name"}," यानावाने असलेले ",{"t":"idOrVar","v":"count"}," संपर्क जोडायचे आहे का?"]},{"$i":"tcl-merge","$v":"मर्ज करा"},{"$i":"add-speed-dial-failed-title","$v":"स्पीड डायल जोडण्‍यात अपयश"},{"$i":"add-speed-dial-failed-content","$v":[{"t":"idOrVar","v":"name"}," आधीपासून स्पीड डायल मध्ये अस्तित्वात आहे, कृपया अन्य संपर्क निवडा."]},{"$i":"merge","$v":"मर्ज करा"},{"$i":"tcl-attention","$v":"लक्ष द्या"},{"$i":"attention","$v":"लक्ष द्या"},{"$i":"tcl-speed-dial-add-contact","$v":{"$o":"इथे कोणतेही संपर्क नाहीत. <br> <br> कृपया संपर्क तयार करा."}},{"$i":"tcl-voice-mail-header","$v":"व्हॉईसमेल"},{"$i":"tcl-voice-mail-number","$v":"व्हॉईसमेल नंबर"},{"$i":"tcl-select-all","$v":"सर्व निवडा"},{"$i":"tcl-deselect-all","$v":"सर्व निवड रद्द करा"},{"$i":"systemring","$v":"रिंगटोन"},{"$i":"moremusic","$v":"संगीत"},{"$i":"tcl-add-ringselect","$v":"या मधील निवडा"},{"$i":"type-select","$v":"निवडा"},{"$i":"dialnum-view","$v":"बघा"},{"$i":"select-a-contact-title","$v":"एक संपर्क निवडा"},{"$i":"select-a-number-title","$v":"एक नंबर निवडा"},{"$i":"invalid-vcf-file","$v":"अवैध vcf फाईल"},{"$i":"voiceMail","$v":"व्हॉइसमेल"},{"$i":"back","$v":"मागे जा"},{"$i":"noSimMsg","$v":"संपर्क आयात करण्यासाठी आपले सिम कार्ड प्रविष्‍ट करा किंवा अनलॉक करा"},{"$i":"noMemoryCardMsg","$v":"संपर्क आयात करण्यासाठी एक मेमरी कार्ड प्रविष्‍ट करा"},{"$i":"importMemoryCard","$v":"मेमरी कार्ड"},{"$i":"noConnection11","$v":"फेसबुक वरील फ्रेन्ड किंवा संपर्क आयात करण्यासाठी WiFi  किंवा डेटा नेटवर्कला कनेक्‍‍ट करा"},{"$i":"emptyAccount","$v":"या अकाउन्ट मध्ये कोणतेही फ्रेन्ड किंवा संपर्क सापडले नाहीत."},{"$i":"simContacts-import","$v":"सिम संपर्क आयात करा"},{"$i":"simContacts-importing","$v":"सिम कार्डवरून संपर्क आयात करत आहे"},{"$i":"simContacts-reading","$v":"सिम कार्ड वरून संपर्क वाचत आहे ..."},{"$i":"simContacts-error","$v":"सिम मधून संपर्क आयात झाले नाही"},{"$i":"simContacts-imported3","$v":{"zero":"आयात करण्यासाठी सिम वर कोणतेही संपर्क सापडले नाही","one":"संपर्क आयात केले","two":[{"t":"idOrVar","v":"n"}," संपर्क आयात केले"],"few":[{"t":"idOrVar","v":"n"}," संपर्क आयात केले"],"many":[{"t":"idOrVar","v":"n"}," संपर्क आयात केले"],"other":[{"t":"idOrVar","v":"n"}," संपर्क आयात केले"]},"$x":[{"t":"idOrVar","v":"plural"},"n"]},{"$i":"memoryCardContacts-import","$v":"मेमरी कार्ड पासून संपर्क आयात करा"},{"$i":"memoryCardContacts-importing","$v":"मेमरी कार्ड वरून संपर्क आयात करत आहे..."},{"$i":"memoryCardContacts-reading","$v":"मेमरी कार्ड मधून संपर्क वाचत आहे ..."},{"$i":"memoryCardContacts-error","$v":"मेमरी कार्ड पासून संपर्क आयात नाही झाले"},{"$i":"memoryCardContacts-imported3","$v":{"zero":"आयात करण्यासाठी मेमरी कार्ड वर कोणतेही संपर्क सापडले नाही","one":"संपर्क आयात केले","two":[{"t":"idOrVar","v":"n"}," संपर्क आयात केले"],"few":[{"t":"idOrVar","v":"n"}," संपर्क आयात केले"],"many":[{"t":"idOrVar","v":"n"}," संपर्क आयात केले"],"other":[{"t":"idOrVar","v":"n"}," संपर्क आयात केले"]},"$x":[{"t":"idOrVar","v":"plural"},"n"]},{"$i":"genericProgress","$v":[{"t":"idOrVar","v":"current"},"/",{"t":"idOrVar","v":"total"}]},{"$i":"facebook","$v":"फेसबुक"},{"$i":"facebook-import-msg2","$v":[{"t":"idOrVar","v":"imported"},"/",{"t":"idOrVar","v":"total"}," फ्रेन्ड आयात केले"]},{"$i":"contactsMerged","$v":{"zero":"कोणतेही डुप्लिकेट संपर्क मर्ज झाले नाही","one":"एक डुप्लिकेट संपर्क मर्ज झाले","two":[{"t":"idOrVar","v":"numDups"}," संपर्क मर्ज झाले"],"few":[{"t":"idOrVar","v":"numDups"}," संपर्क मर्ज झाले"],"many":[{"t":"idOrVar","v":"numDups"}," संपर्क मर्ज झाले"],"other":[{"t":"idOrVar","v":"numDups"}," संपर्क मर्ज झाले"]},"$x":[{"t":"idOrVar","v":"plural"},"numDups"]},{"$i":"weekday-0-long","$v":"रविवार"},{"$i":"weekday-1-long","$v":"सोमवार"},{"$i":"weekday-2-long","$v":"मंगळवार"},{"$i":"weekday-3-long","$v":"बुधवार"},{"$i":"weekday-4-long","$v":"गुरुवार"},{"$i":"weekday-5-long","$v":"शुक्रवार"},{"$i":"weekday-6-long","$v":"शनिवार"},{"$i":"weekday-0-short","$v":"रवि"},{"$i":"weekday-1-short","$v":"सोम"},{"$i":"weekday-2-short","$v":"मंगळ"},{"$i":"weekday-3-short","$v":"बुध"},{"$i":"weekday-4-short","$v":"गुरु"},{"$i":"weekday-5-short","$v":"शुक्र"},{"$i":"weekday-6-short","$v":"शनि"},{"$i":"month-0-long","$v":"जानेवारी"},{"$i":"month-1-long","$v":"फेब्रुवारी"},{"$i":"month-2-long","$v":"मार्च"},{"$i":"month-3-long","$v":"एप्रिल"},{"$i":"month-4-long","$v":"मे"},{"$i":"month-5-long","$v":"जून"},{"$i":"month-6-long","$v":"जुलै"},{"$i":"month-7-long","$v":"ऑगस्ट"},{"$i":"month-8-long","$v":"सप्टेंबर"},{"$i":"month-9-long","$v":"ऑक्टोबर"},{"$i":"month-10-long","$v":"नोव्हेंबर"},{"$i":"month-11-long","$v":"डिसेंबर"},{"$i":"month-0-genitive","$v":"जानेवारी"},{"$i":"month-1-genitive","$v":"फेब्रुवारी"},{"$i":"month-2-genitive","$v":"मार्च"},{"$i":"month-3-genitive","$v":"एप्रिल"},{"$i":"month-4-genitive","$v":"मे"},{"$i":"month-5-genitive","$v":"जून"},{"$i":"month-6-genitive","$v":"जुलै"},{"$i":"month-7-genitive","$v":"ऑगस्ट"},{"$i":"month-8-genitive","$v":"सप्टेंबर"},{"$i":"month-9-genitive","$v":"ऑक्टोबर"},{"$i":"month-10-genitive","$v":"नोव्हेंबर"},{"$i":"month-11-genitive","$v":"डिसेंबर"},{"$i":"month-0-short","$v":"जानेवारी"},{"$i":"month-1-short","$v":"फेब्रुवारी"},{"$i":"month-2-short","$v":"मार्च"},{"$i":"month-3-short","$v":"एप्रिल"},{"$i":"month-4-short","$v":"मे"},{"$i":"month-5-short","$v":"जून"},{"$i":"month-6-short","$v":"जुलै"},{"$i":"month-7-short","$v":"ऑगस्‍ट"},{"$i":"month-8-short","$v":"सप्टेंबर"},{"$i":"month-9-short","$v":"ऑक्टोबर"},{"$i":"month-10-short","$v":"नोव्हेंबर"},{"$i":"month-11-short","$v":"डिसेंबर"},{"$i":"minutes-ago-long","$v":{"zero":"आत्ताच","one":"एक मिनिटापूर्वी","two":[{"t":"idOrVar","v":"value"}," मिनिटा पूर्वी"],"few":[{"t":"idOrVar","v":"value"}," मिनिटा पूर्वी"],"many":[{"t":"idOrVar","v":"value"}," मिनिटा पूर्वी"],"other":[{"t":"idOrVar","v":"value"}," मिनिटा पूर्वी"]},"$x":[{"t":"idOrVar","v":"plural"},"value"]},{"$i":"hours-ago-long","$v":{"zero":"आत्ताच","one":"एका तासापूर्वी","two":[{"t":"idOrVar","v":"value"}," तासा पूर्वी"],"few":[{"t":"idOrVar","v":"value"}," तासा पूर्वी"],"many":[{"t":"idOrVar","v":"value"}," तासा पूर्वी"],"other":[{"t":"idOrVar","v":"value"}," तासा पूर्वी"]},"$x":[{"t":"idOrVar","v":"plural"},"value"]},{"$i":"days-ago-long","$v":{"zero":"आज","one":"काल","two":[{"t":"idOrVar","v":"value"}," दिवसा पूर्वी"],"few":[{"t":"idOrVar","v":"value"}," दिवसा पूर्वी"],"many":[{"t":"idOrVar","v":"value"}," दिवसा पूर्वी"],"other":[{"t":"idOrVar","v":"value"}," दिवसा पूर्वी"]},"$x":[{"t":"idOrVar","v":"plural"},"value"]},{"$i":"weeks-ago-long","$v":{"zero":"हा आठवडा","one":"शेवटचा आठवडा","two":[{"t":"idOrVar","v":"value"}," आठवड्या पूर्वी"],"few":[{"t":"idOrVar","v":"value"}," आठवड्या पूर्वी"],"many":[{"t":"idOrVar","v":"value"}," आठवड्या पूर्वी"],"other":[{"t":"idOrVar","v":"value"}," आठवड्या पूर्वी"]},"$x":[{"t":"idOrVar","v":"plural"},"value"]},{"$i":"months-ago-long","$v":{"zero":"हा महिना","one":"शेवटचा महिना","two":[{"t":"idOrVar","v":"value"}," महिने पूर्वी"],"few":[{"t":"idOrVar","v":"value"}," महिने पूर्वी"],"many":[{"t":"idOrVar","v":"value"}," महिने पूर्वी"],"other":[{"t":"idOrVar","v":"value"}," महिने पूर्वी"]},"$x":[{"t":"idOrVar","v":"plural"},"value"]},{"$i":"years-ago-long","$v":{"zero":"हे वर्ष","one":"शेवटचे वर्ष","two":[{"t":"idOrVar","v":"value"}," वर्षां पूर्वी"],"few":[{"t":"idOrVar","v":"value"}," वर्षां पूर्वी"],"many":[{"t":"idOrVar","v":"value"}," वर्षां पूर्वी"],"other":[{"t":"idOrVar","v":"value"}," वर्षां पूर्वी"]},"$x":[{"t":"idOrVar","v":"plural"},"value"]},{"$i":"minutes-until-long","$v":{"zero":"आत्ता","one":"एका मिनिटा मध्ये","two":[{"t":"idOrVar","v":"value"}," मिनिटा मध्ये"],"few":[{"t":"idOrVar","v":"value"}," मिनिटा मध्ये"],"many":[{"t":"idOrVar","v":"value"}," मिनिटा मध्ये"],"other":[{"t":"idOrVar","v":"value"}," मिनिटा मध्ये"]},"$x":[{"t":"idOrVar","v":"plural"},"value"]},{"$i":"hours-until-long","$v":{"zero":"आत्ता","one":"एका तासा मध्ये","two":[{"t":"idOrVar","v":"value"}," तासा मध्ये"],"few":[{"t":"idOrVar","v":"value"}," तासा मध्ये"],"many":[{"t":"idOrVar","v":"value"}," तासा मध्ये"],"other":[{"t":"idOrVar","v":"value"}," तासा मध्ये"]},"$x":[{"t":"idOrVar","v":"plural"},"value"]},{"$i":"days-until-long","$v":{"zero":"आज","one":"उद्या","two":[{"t":"idOrVar","v":"value"}," दिवसां मध्ये"],"few":[{"t":"idOrVar","v":"value"}," दिवसां मध्ये"],"many":[{"t":"idOrVar","v":"value"}," दिवसां मध्ये"],"other":[{"t":"idOrVar","v":"value"}," दिवसां मध्ये"]},"$x":[{"t":"idOrVar","v":"plural"},"value"]},{"$i":"weeks-until-long","$v":{"zero":"हा आठवडा","one":"पुढील आठवडा","two":[{"t":"idOrVar","v":"value"}," आठवड्यां मध्ये"],"few":[{"t":"idOrVar","v":"value"}," आठवड्यां मध्ये"],"many":[{"t":"idOrVar","v":"value"}," आठवड्यां मध्ये"],"other":[{"t":"idOrVar","v":"value"}," आठवड्यां मध्ये"]},"$x":[{"t":"idOrVar","v":"plural"},"value"]},{"$i":"months-until-long","$v":{"zero":"हा महिना","one":"पुढील महिना","two":[{"t":"idOrVar","v":"value"}," महिन्यां मध्ये"],"few":[{"t":"idOrVar","v":"value"}," महिन्यां मध्ये"],"many":[{"t":"idOrVar","v":"value"}," महिन्यां मध्ये"],"other":[{"t":"idOrVar","v":"value"}," महिन्यां मध्ये"]},"$x":[{"t":"idOrVar","v":"plural"},"value"]},{"$i":"years-until-long","$v":{"zero":"हे वर्ष","one":"पुढील वर्ष","two":[{"t":"idOrVar","v":"value"}," वर्षां मध्ये"],"few":[{"t":"idOrVar","v":"value"}," वर्षां मध्ये"],"many":[{"t":"idOrVar","v":"value"}," वर्षां मध्ये"],"other":[{"t":"idOrVar","v":"value"}," वर्षां मध्ये"]},"$x":[{"t":"idOrVar","v":"plural"},"value"]},{"$i":"minutes-ago-short","$v":{"zero":"आत्ताच","other":[{"t":"idOrVar","v":"value"}," महिन्या पूर्वी"]},"$x":[{"t":"idOrVar","v":"plural"},"value"]},{"$i":"hours-ago-short","$v":{"zero":"आत्ताच","other":[{"t":"idOrVar","v":"value"}," तासा पूर्वी"]},"$x":[{"t":"idOrVar","v":"plural"},"value"]},{"$i":"days-ago-short","$v":{"zero":"आज","other":[{"t":"idOrVar","v":"value"}," दिवसा पूर्वी"]},"$x":[{"t":"idOrVar","v":"plural"},"value"]},{"$i":"minutes-until-short","$v":{"zero":"आत्ता","other":[{"t":"idOrVar","v":"value"},"मिनिटा मध्ये"]},"$x":[{"t":"idOrVar","v":"plural"},"value"]},{"$i":"hours-until-short","$v":{"zero":"आत्ता","other":[{"t":"idOrVar","v":"value"},"तासा मध्ये"]},"$x":[{"t":"idOrVar","v":"plural"},"value"]},{"$i":"days-until-short","$v":{"zero":"आज","other":[{"t":"idOrVar","v":"value"},"दिवसां मध्ये"]},"$x":[{"t":"idOrVar","v":"plural"},"value"]},{"$i":"incorrectDate","$v":"(चुकीची तारीख)"},{"$i":"dateTimeFormat_%c","$v":"%a %b %e %Y %I:%M:%S %p"},{"$i":"dateTimeFormat_%x","$v":"%m/%d/%Y"},{"$i":"dateTimeFormat_%X","$v":"%I:%M:%S %p"},{"$i":"shortTimeFormat","$v":"%I:%M %p"},{"$i":"shortTimeFormat12","$v":"%I:%M %p"},{"$i":"shortTimeFormat24","$v":"%H:%M"},{"$i":"shortDateTimeFormat","$v":"%x %I:%M %p"},{"$i":"weekStartsOnMonday","$v":"0"},{"$i":"firstDayOfTheWeek","$v":"0"},{"$i":"time_am","$v":"AM"},{"$i":"time_pm","$v":"PM"},{"$i":"label","$v":"लेबल"},{"$i":"mobile","$v":"मोबाईल"},{"$i":"home","$v":"होम"},{"$i":"work","$v":"वर्क"},{"$i":"personal","$v":"वैयक्तिक"},{"$i":"faxHome","$v":"Fax (हाेम)"},{"$i":"faxOffice","$v":"Fax ऑफिस"},{"$i":"faxOther","$v":"अन्य Fax"},{"$i":"another","$v":"अन्य"},{"$i":"other","$v":"अन्य"},{"$i":"tcl-customTag","$v":"कस्टम टॅग"},{"$i":"customTag","$v":"कस्टम टॅग","placeholder":"कस्टम टॅग"},{"$i":"current","$v":"वर्तमानात"},{"$i":"itemWithLabel","$v":[{"t":"idOrVar","v":"label"},", ",{"t":"idOrVar","v":"item"}]},{"$i":"waitDuplicateContacts","$v":"डुप्लिकेट संपर्क शोधत आहे"},{"$i":"waitMergingDuplicateContacts","$v":"डुप्लिकेट संपर्क मर्ज केले जात आहे"},{"$i":"alertNoDuplicateContacts","$v":"कोणतेही डुप्लिकेट संपर्क सापडले नाही"},{"$i":"curtainCancel","$v":"रद्द करा"},{"$i":"close","$v":"बंद करा"},{"$i":"mergeDuplicateTitle","$v":"डुप्लिकेट सापडले"},{"$i":"suggestedDuplicatesMessage","innerHTML":{"$o":["<bdi> ",{"t":"idOrVar","v":"name"}," </bdi> साठी सुचविलेले डुप्लिकेट संपर्क"]}},{"$i":"mergeActionButtonLabel","$v":{"zero":"कोणतेही संपर्क निवडले नाही","one":[{"t":"idOrVar","v":"n"}," संपर्का सोबत मर्ज करा"],"two":[{"t":"idOrVar","v":"n"}," संपर्का सोबत मर्ज करा"],"few":[{"t":"idOrVar","v":"n"}," संपर्का सोबत मर्ज करा"],"many":[{"t":"idOrVar","v":"n"}," संपर्का सोबत मर्ज करा"],"other":[{"t":"idOrVar","v":"n"}," संपर्का सोबत मर्ज करा"]},"$x":[{"t":"idOrVar","v":"plural"},"n"]},{"$i":"duplicatesFoundTitle","$v":"डुप्लिकेट सापडले"},{"$i":"foundDuplicatesMessage","innerHTML":"खालील संपर्कांमध्ये डुप्लिकेट माहिती सापडली आहे. आपल्याला जोडायची आहे का?"},{"$i":"tcl-merge-selected-counts","$v":[{"t":"idOrVar","v":"n"}," निवडलेले"]},{"$i":"tcl-wait-duplicate-contacts","$v":"डुप्लिकेट संपर्क शोधा"},{"$i":"tcl-wait-txt","$v":"डुप्लिकेट संपर्क शोधत आहे..."},{"$i":"import","$v":"आयात करा"},{"$i":"fbFriends","$v":"फेसबुक फ्रेन्डस"},{"$i":"live-serviceName","$v":"आउटलुक"},{"$i":"gmail-serviceName","$v":"जीमेल"},{"$i":"facebook-serviceName","$v":"फेसबुक फ्रेन्डस"},{"$i":"viewAll","$v":"सर्व फेसबुक फ्रेन्डस बघा"},{"$i":"viewRecommend","$v":"केवळ शिफारस केलेले बघा"},{"$i":"linkProposal","$v":{"zero":"कोणतेही फ्रेन्डस जुळत नाही. सर्व दाखवले जात आहे","one":"शिफारस केलेल्या मधील निवडा","two":"शिफारस केलेल्या मधील निवडा","few":"शिफारस केलेल्या मधील निवडा","many":"शिफारस केलेल्या मधील निवडा","other":"शिफारस केलेल्या मधील निवडा"},"$x":[{"t":"idOrVar","v":"plural"},"numFriends"]},{"$i":"fbFriendsFound","$v":{"zero":"आपले सर्व फ्रेन्डस आयात केले गेले आहे","one":"आयात करण्यासाठी एक फ्रेन्ड सापडला","two":["आयात करण्यासाठी ",{"t":"idOrVar","v":"numFriends"}," फ्रेन्डस सापडले"],"few":["आयात करण्यासाठी ",{"t":"idOrVar","v":"numFriends"}," फ्रेन्डस सापडले"],"many":["आयात करण्यासाठी ",{"t":"idOrVar","v":"numFriends"}," फ्रेन्डस सापडले"],"other":["आयात करण्यासाठी ",{"t":"idOrVar","v":"numFriends"}," फ्रेन्डस सापडले"]},"$x":[{"t":"idOrVar","v":"plural"},"numFriends"]},{"$i":"fbNoFriends","$v":"आयात करण्यासाठी कोणतेही संपर्क उपलब्ध नाही"},{"$i":"done-search","$v":"पूर्ण झाले"},{"$i":"progressFB3ImportTitle","$v":"फ्रेन्डसला संपर्कात आयात करत आहे"},{"$i":"progressFB","$v":[{"t":"idOrVar","v":"current"},"/",{"t":"idOrVar","v":"total"}]},{"$i":"progressFB3UpdateTitle","$v":"संपर्का मधील फ्रेन्ड अपडेट करत आहे"},{"$i":"message2","$v":"याला काही मिनिटे लागू शकतात"},{"$i":"messageLinking","$v":"कृपया थांबा. आम्ही तुमचे फ्रेन्ड आणि तुमच्या संपर्काशी लिंक करत आहोत."},{"$i":"error1","$v":[{"t":"idOrVar","v":"from"}," त्रुटी"]},{"$i":"error2","$v":"आपल्याला पुन्हा प्रयत्न करायचा आहे का?"},{"$i":"errorProposal","$v":"प्रस्ताव कॅल्क्युलेट होतआहे"},{"$i":"errorFriends","$v":"फ्रेन्ड पुनर्प्राप्त होत आहे"},{"$i":"errorLinking","$v":"संपर्क लिंक केले जात आहे"},{"$i":"timeout1","$v":[{"t":"idOrVar","v":"from"}," समय सीमा समाप्त झाली आहे"]},{"$i":"timeout2","$v":"आपल्याला पुन्हा प्रयत्न करायचा आहे का?"},{"$i":"timeoutProposal","$v":"प्रस्ताव कॅल्क्युलेट होतआहे"},{"$i":"timeoutFriends","$v":"फ्रेन्ड पुनर्प्राप्त होत आहे"},{"$i":"timeoutLinking","$v":"संपर्कांना लिंक केले जात आहे"},{"$i":"wait1","$v":"कृपया थांबा"},{"$i":"wait2","$v":"याला काही मिनिटे लागू शकतात"},{"$i":"waitProposal","$v":"कृपया थांबा. आम्ही प्रस्ताव मोजत आहोत."},{"$i":"waitFriends","$v":"कृपया थांबा. आम्ही तुमचे फ्रेन्ड लिस्‍‍‍ट प्राप्त करण्यासाठी कनेक्ट करत आहे."},{"$i":"curtainRetry","$v":"पुन्हा प्रयत्न करा"},{"$i":"curtainOK","$v":"ठीक आहे"},{"$i":"connectionLost","$v":"कोणतेही इंटरनेट कनेक्शन नाही"},{"$i":"connectionLostMsg","$v":"फ्रेन्डसचे फोटो आपल्या संपर्कांमध्ये जोडले जाणार नाही. आपल्याला तरीही पुढे चालू ठेवायचे आहे का?"},{"$i":"yesOption","$v":"ठीक आहे"},{"$i":"noOption","$v":"रद्द करा"},{"$i":"waitFriendslive","$v":"आऊटलूक मधून संपर्क वाचत आहे..."},{"$i":"waitFriendsgmail","$v":"जीमेल वरून संपर्क वाचत आहे..."},{"$i":"friendsUpdated","$v":{"zero":"कोणतेही फ्रेन्ड अपडेट नाही झाले","one":"एक फ्रेन्ड अपडेट केले आहे","two":[{"t":"idOrVar","v":"numFriends"}," फ्रेन्डला  अपडेट आहे"],"few":[{"t":"idOrVar","v":"numFriends"}," फ्रेन्डला  अपडेट आहे"],"many":[{"t":"idOrVar","v":"numFriends"}," फ्रेन्डला  अपडेट आहे"],"other":[{"t":"idOrVar","v":"numFriends"}," फ्रेन्डला  अपडेट आहे"]},"$x":[{"t":"idOrVar","v":"plural"},"numFriends"]},{"$i":"friendsMerged","$v":{"zero":"कोणतेही फ्रेन्डस मर्ज झाले नाही","one":"एक डुप्लिकेट फ्रेन्ड मर्ज केले गेले","two":[{"t":"idOrVar","v":"numDups"}," फ्रेन्डस मर्ज केले गेले"],"few":[{"t":"idOrVar","v":"numDups"}," फ्रेन्डस मर्ज केले गेले"],"many":[{"t":"idOrVar","v":"numDups"}," फ्रेन्डस मर्ज केले गेले"],"other":[{"t":"idOrVar","v":"numDups"}," फ्रेन्डस मर्ज केले गेले"]},"$x":[{"t":"idOrVar","v":"plural"},"numDups"]},{"$i":"notificationLogin","$v":"आपले फेसबुक सेशन अवैध आहे. कृपया साईन इन करा."},{"$i":"syncError","$v":"आपल्‍या फ्रेन्डच्या डेटाला सिंक्रोनाइज करताना त्रुटी आली आहे"},{"$i":"progressFB3liveTitle","$v":"आउटलुक वरून संपर्क आयात होत आहे..."},{"$i":"progressFB3gmailTitle","$v":"जीमेलवरून संपर्क आयात होत आहे..."},{"$i":"tcl-calllog-entry-removed-succ-notification","$v":"कॉल लॉग एन्ट्री हटवण्यात आली आहे"},{"$i":"tcl-calllog-entry-removed-err-notification","$v":"कॉल लॉग एन्ट्री हटवू शकत नाही"},{"$i":"addNewNumber","$v":"नवीन नंबर जोडा"},{"$i":"contactDetails","$v":"संपर्क तपशील"},{"$i":"addToExistingContact","$v":"वर्तमान संपर्कामध्ये जोडा"},{"$i":"all","$v":"सर्व","ariaLabel":"सर्व"},{"$i":"bluetoothOption","ariaLabel":"ब्ल्यूटूथ"},{"$i":"callLog","$v":"कॉल लॉग"},{"$i":"callLogEdit","title":"कॉल लॉग संपादित करा"},{"$i":"tcl-option-menu-call-log-edit","$v":"कॉल लॉग संपादित करा"},{"$i":"callLogEditDialog","ariaLabel":"कॉल लॉग डायलॉग संपादित करा"},{"$i":"tcl-call-log-delete-group-notification","$v":[{"t":"idOrVar","v":"n"}," एन्ट्री हटवल्या आहे"]},{"$i":"connecting","$v":"कनेक्ट होत आहे"},{"$i":"connectingEllipsis","$v":"कनेक्ट होत आहे..."},{"$i":"call-forwarding-async","$v":["असिंक्रोनस: ",{"t":"idOrVar","v":"async"},"}"]},{"$i":"call-forwarding-data","$v":["डेटा: ",{"t":"idOrVar","v":"data"}]},{"$i":"call-forwarding-error","$v":"कॉल फॉरवर्ड स्थिती पुनर्प्राप्त करताना एक त्रुटी आली आहे"},{"$i":"call-forwarding-fax","$v":["FAX: ",{"t":"idOrVar","v":"fax"}]},{"$i":"call-forwarding-inactive","$v":"निष्क्रिय"},{"$i":"call-forwarding-packet","$v":["पॅकेट: ",{"t":"idOrVar","v":"packet"}]},{"$i":"call-forwarding-pad","$v":["PAD: ",{"t":"idOrVar","v":"pad"}]},{"$i":"call-forwarding-sms","$v":["SMS: ",{"t":"idOrVar","v":"sms"}]},{"$i":"call-forwarding-status","$v":"कॉल फॉरवार्डिंग स्थिती"},{"$i":"call-forwarding-sync","$v":["समकालिक: ",{"t":"idOrVar","v":"sync"}]},{"$i":"call-forwarding-voice","$v":["व्हॉइस: ",{"t":"idOrVar","v":"voice"}]},{"$i":"confirm-deletion","$v":"निवडक कॉल साफ करायचे आहे का?"},{"$i":"createNewContact","$v":"नवीन संपर्क तयार करा"},{"$i":"calllog-deselectAll","$v":"सर्व निवड रद्द करा"},{"$i":"dialerAddContact","ariaLabel":"संपर्क जोडा"},{"$i":"dialerAddContactDialog","ariaLabel":"संपर्क डायलॉग जोडा"},{"$i":"callInformation","$v":"कॉलची माहिती"},{"$i":"edit-selected","$v":{"one":["निवडलेले(",{"t":"idOrVar","v":"n"},")"],"two":["निवडलेले(",{"t":"idOrVar","v":"n"},")"],"few":["निवडलेले(",{"t":"idOrVar","v":"n"},")"],"many":["निवडलेले(",{"t":"idOrVar","v":"n"},")"],"other":["निवडलेले(",{"t":"idOrVar","v":"n"},")"]},"$x":[{"t":"idOrVar","v":"plural"},"n"]},{"$i":"tcl-edit-not-selected","$v":"निवडलेले(0)"},{"$i":"hideKeypad","ariaLabel":"कीपॅड लपवा"},{"$i":"ignore","$v":"कॉलला दुर्लक्षित करा"},{"$i":"incoming","$v":"इनकमिंग"},{"$i":"keypad","ariaLabel":"कीपॅड"},{"$i":"info-missed","$v":"मिस्ड"},{"$i":"missed","$v":"मिस्ड","ariaLabel":"मिस्ड"},{"$i":"dialed","$v":"डायल केले आहे"},{"$i":"received","$v":"प्राप्त"},{"$i":"canceled","$v":"रद्द केले आहे"},{"$i":"missedCall","$v":"मिस्ड कॉल"},{"$i":"missedCallMultiSims","$v":["(सिम  ",{"t":"idOrVar","v":"n"},") सुटलेला कॉल"]},{"$i":"mmi-error","$v":"संदेश पाठवताना एक त्रुटी आली आहे"},{"$i":"mmi-session-expired","$v":"सेशनचे समय-सीमा समाप्त"},{"$i":"mmi-successfully-sent","$v":"संदेश यशस्वीपणे पाठवले गेले"},{"$i":"mmi-notification-title-with-sim","$v":["(",{"t":"idOrVar","v":"sim"},") ",{"t":"idOrVar","v":"title"}]},{"$i":"mute","ariaLabel":"निःशब्द करा"},{"$i":"newCall","ariaLabel":"नवीन कॉल"},{"$i":"no-logs-msg-1","$v":"कोणतेही कॉल रेकॉर्ड नाही"},{"$i":"no-logs-msg-2","$v":"आता संवाद सुरू करा"},{"$i":"no-logs-msg-3","$v":"कोणतेही कॉल रेकॉर्ड नाही"},{"$i":"no-logs-msg-4","$v":"आता संवाद सुरू करा"},{"$i":"onHoldOption","ariaLabel":"होल्ड वर"},{"$i":"outgoing","$v":"आउटगोइंग"},{"$i":"recents","ariaLabel":"अलीकडील कॉल"},{"$i":"reply","$v":"उत्तर द्या"},{"$i":"calllog-selectAll","$v":"सर्व निवडा"},{"$i":"send","$v":"पाठवा"},{"$i":"switch-calls","$v":"कॉल स्विच करा"},{"$i":"withheld-number","$v":"अज्ञात"},{"$i":"from-contact","$v":[{"t":"idOrVar","v":"contact"},"पासून"]},{"$i":"from-number","$v":[{"t":"idOrVar","v":"number"}," पासून"]},{"$i":"from-withheld-number","$v":"अज्ञात नंबरवरून"},{"$i":"sending","$v":"पाठवत आहे..."},{"$i":"speakerOption","ariaLabel":"स्पीकर"},{"$i":"ussd-services","$v":[{"t":"idOrVar","v":"operator"}," सेवा"]},{"$i":"toggleKeypad","ariaLabel":"कीपॅड टॉगल करा"},{"$i":"type-your-response","placeholder":"आपले उत्तर लिहा..."},{"$i":"clear-all-text","$v":"सर्व मजकूर साफ करा"},{"$i":"hide","$v":"लपवा"},{"$i":"call","$v":"कॉल"},{"$i":"hold","ariaLabel":"होल्ड"},{"$i":"resume","$v":"पुन्हा सुरु करा","ariaLabel":"पुन्हा सुरु करा"},{"$i":"sendSms","$v":"संदेश पाठवा"},{"$i":"callEnded","$v":"कॉल समाप्त झाला"},{"$i":"via-sim","$v":["सिम",{"t":"idOrVar","v":"n"}," द्वारे"]},{"$i":"sim-number","$v":["सिम",{"t":"idOrVar","v":"n"}]},{"$i":"unknown","$v":"अज्ञात"},{"$i":"hangup-a11y-button","ariaLabel":"डिस्कनेक्ट करा"},{"$i":"pickup-a11y-button","ariaLabel":"पिक अप"},{"$i":"unlock-a11y-button","ariaLabel":"स्लायडर"},{"$i":"settings","$v":"सेटिंग्स"},{"$i":"tcl-delete-log","$v":"आपल्याला निवडलेल्या एन्ट्री काढून टाकायच्या आहेत का?"},{"$i":"delete-n-log?","$v":{"zero":"काही सुद्धा निवडले नाही","one":"निवडक लॉग हटवायचे का?","two":[{"t":"idOrVar","v":"n"}," लॉग हटवायचे आहेत का?"],"few":[{"t":"idOrVar","v":"n"}," लॉग हटवायचे आहेत का?"],"many":[{"t":"idOrVar","v":"n"}," लॉग हटवायचे आहेत का?"],"other":[{"t":"idOrVar","v":"n"}," लॉग हटवायचे आहेत का?"]},"$x":[{"t":"idOrVar","v":"plural"},"n"]},{"$i":"callDurationMinutes","$v":[{"t":"idOrVar","v":"m"},":",{"t":"idOrVar","v":"s"}]},{"$i":"callDurationHours","$v":[{"t":"idOrVar","v":"h"},":",{"t":"idOrVar","v":"m"},":",{"t":"idOrVar","v":"s"}]},{"$i":"callDurationTextFormatSeconds","$v":[{"t":"idOrVar","v":"s"}," સેકન્ડ"]},{"$i":"callDurationTextFormatMinutes","$v":[{"t":"idOrVar","v":"m"}," मिनिट ",{"t":"idOrVar","v":"s"}," सेकंद"]},{"$i":"callDurationTextFormatHours","$v":[{"t":"idOrVar","v":"h"}," तास ",{"t":"idOrVar","v":"m"}," मिनिट ",{"t":"idOrVar","v":"s"}," सेकंद"]},{"$i":"suggestionMatches","$v":{"one":[{"t":"idOrVar","v":"matchNumber"}," साठी ",{"t":"idOrVar","v":"n"}," मॅच"],"two":[{"t":"idOrVar","v":"matchNumber"}," साठी ",{"t":"idOrVar","v":"n"}," मॅच"],"few":[{"t":"idOrVar","v":"matchNumber"}," साठी ",{"t":"idOrVar","v":"n"}," मॅच"],"many":[{"t":"idOrVar","v":"matchNumber"}," साठी ",{"t":"idOrVar","v":"n"}," मॅच"],"other":[{"t":"idOrVar","v":"matchNumber"}," साठी ",{"t":"idOrVar","v":"n"}," मॅच"]},"$x":[{"t":"idOrVar","v":"plural"},"n"]},{"$i":"scCallBarring","$v":"कॉल प्रतिबंध"},{"$i":"scCallForwarding","$v":"कॉल फॉरवार्डिंग"},{"$i":"scClip","$v":"इनकमिंग कॉलर ID"},{"$i":"scClir","$v":"आउटगोइंग कॉलर ID"},{"$i":"scPwd","$v":"पासवर्ड बदला"},{"$i":"scCallWaiting","$v":"कॉल प्रतीक्षेत आहे"},{"$i":"scPin","$v":"पिन बदला"},{"$i":"scPin2","$v":"पिन2 बदला"},{"$i":"scPuk","$v":"पिन अनब्लॉक करा"},{"$i":"scPuk2","$v":"पिन2 अनब्लॉक करा"},{"$i":"scImei","$v":"IMEI"},{"$i":"scMeid","$v":"MEID"},{"$i":"scUssd","$v":"USSD"},{"$i":"serviceClassVoice","$v":"व्हॉइस"},{"$i":"serviceClassData","$v":"डेटा"},{"$i":"serviceClassFax","$v":"FAX"},{"$i":"serviceClassSms","$v":"SMS"},{"$i":"serviceClassDataSync","$v":"सिंक"},{"$i":"serviceClassDataAsync","$v":"असिंक"},{"$i":"serviceClassPacket","$v":"पॅकेट"},{"$i":"serviceClassPad","$v":"PAD"},{"$i":"smServiceEnabled","$v":"सेवा सक्षम केली आहे"},{"$i":"smServiceDisabled","$v":"सेवा अक्षम झाली"},{"$i":"smServiceRegistered","$v":"नोंदणीकरण यशस्वी झाले"},{"$i":"smServiceErased","$v":"हटवण्यात यश"},{"$i":"smServiceInterrogated","$v":"विनंती यशस्वी झाली"},{"$i":"smServiceNotProvisioned","$v":"सेवेची तरतूद नाही आहे"},{"$i":"smClirPermanent","$v":"आपण कॉलर ID सेटिंग्स बदलू शकतात"},{"$i":"smClirDefaultOnNextCallOn","$v":"कॉलर ID डिफॉल्ट रूपात प्रतिबंधित आहे. पुढील कॉल: प्रतिबंधित"},{"$i":"smClirDefaultOnNextCallOff","$v":"कॉलर ID डिफॉल्ट रूपात प्रतिबंधित आहे. पुढील कॉल: प्रतिबंधित नाही"},{"$i":"smClirDefaultOffNextCallOn","$v":"कॉलर ID डिफॉल्ट रूपात प्रतिबंधित नाही आहे. पुढील कॉल: प्रतिबंधित आहे"},{"$i":"smClirDefaultOffNextCallOff","$v":"कॉलर ID डिफॉल्ट रूपात प्रतिबंधित नाही आहे. पुढील कॉल: प्रतिबंधित नाही आहे"},{"$i":"smServiceEnabledFor","$v":"यासाठी सेवा सक्षम झाली:"},{"$i":"smPinChanged","$v":"पिन यशस्वीरित्या बदलला गेला"},{"$i":"smPinUnblocked","$v":"पिन यशस्वीरित्या अनब्‍लॉक केला गेला"},{"$i":"smPin2Changed","$v":"पिन2 मध्ये यशस्वीरित्या बदल"},{"$i":"smPin2Unblocked","$v":"पिन2 यशस्वीरित्या अनब्‍लॉक केले गेले"},{"$i":"ServiceIsEnabled","$v":"सेवा सक्षम आहे"},{"$i":"ServiceIsDisabled","$v":"सेवा अक्षम आहे"},{"$i":"ServiceIsEnabledFor","$v":"यासाठी सेवा सक्षम झाली:"},{"$i":"emMmiError","$v":"कनेक्शन समस्या किंवा अवैध MMI कोड"},{"$i":"emMmiErrorPasswordIncorrect","$v":"चुकीचा पासवर्ड"},{"$i":"emMmiErrorNotSupported","$v":"अवैध किंवा असमर्थित MMI कोड"},{"$i":"emMmiErrorInvalidAction","$v":"अवैध कारवाई"},{"$i":"emMmiErrorInvalidScCode","$v":"अवैध सेवा कोड"},{"$i":"emMmiErrorBadPuk","$v":"आपल्या द्वारे लिहलेला PUK योग्य नाही आहे"},{"$i":"emMmiErrorBadPin","$v":"आपण लिहलेला जुना पिन बरोबर नाही."},{"$i":"emMmiErrorNeedPuk2","$v":"सिम कार्ड अनब्लॉक करण्यासाठी PUK2 लिहा"},{"$i":"emMmiErrorMismatchPin","$v":"आपल्या द्वारे लिहलेला पिन जुळत नाही"},{"$i":"emMmiErrorInvalidPin","$v":"4 ते 8 नंबरचा पिन लिहा"},{"$i":"emMmiErrorNeedsPuk","$v":"आपले सिम कार्ड मध्ये PUK-लॉक आहे"},{"$i":"emMmiErrorEnablePin","$v":"अयशस्वी. SIM/RUIM लॉक सक्षम करा"},{"$i":"emMmiErrorMmiFdn","$v":"ऑपरेशन केवळ फिक्स्ड डायलिंग नंबरवर मर्यादित आहे"},{"$i":"emMmiErrorStkCcUssdDial","$v":"USSD विंनतीला डायल विंनती मध्ये बदल केला आहे"},{"$i":"emMmiErrorStkCcUssdSs","$v":"USSD विंनतीला SS विंनती मध्ये बदल केला आहे"},{"$i":"emMmiErrorStkCcUssdUssd","$v":"USSD विंनतीला नवीन USSD विंनती मध्ये बदल केला आहे"},{"$i":"emMmiErrorStkCcSsDial","$v":"SS विंनतीला बदलून डायल विंनती मध्ये बदल केला आहे"},{"$i":"emMmiErrorStkCcSsUssd","$v":"SS विंनतीला बदलून USSD विंनती मध्ये बदल केला आहे"},{"$i":"emMmiErrorStkCcSsSs","$v":"SS विंनतीला बदलून SS विंनती मध्ये बदल केला आहे"},{"$i":"emMmiErrorPinPukAttempts","$v":{"one":["केवळ ",{"t":"idOrVar","v":"n"}," पुनर्प्रयत्न बाकी आहे"],"two":[{"t":"idOrVar","v":"n"}," पुर्नप्रयत्न बाकी आहे"],"few":[{"t":"idOrVar","v":"n"}," पुर्नप्रयत्न बाकी आहे"],"many":[{"t":"idOrVar","v":"n"}," पुर्नप्रयत्न बाकी आहे"],"other":[{"t":"idOrVar","v":"n"}," पुर्नप्रयत्न बाकी आहे"]},"$x":[{"t":"idOrVar","v":"plural"},"n"]},{"$i":"emMmiErrorSimBlocked","$v":"कमाल प्रयत्नांची संख्या ओलांडली आहे. सिम ब्लॉक केले आहे."},{"$i":"RadioNotAvailable","$v":"रेडिओ उपलब्ध नाही आहे"},{"$i":"GenericFailure","$v":"सामान्य अपयश"},{"$i":"PasswordIncorrect","$v":"पासवर्ड चुकीचा आहे"},{"$i":"SimPin2","$v":"सिम पिन2"},{"$i":"SimPuk2","$v":"सिम  PUK2"},{"$i":"RequestNotSupported","$v":"विनंतीला समर्थन नाही"},{"$i":"OpNotAllowedDuringVoiceCall","$v":"व्हॉइस कॉल दरम्यान ऑपरेशनला अनुमती नाही"},{"$i":"SmsSendFailRetry","$v":"SMS पाठवण्यात अपयश पुन्हा प्रयत्न करा"},{"$i":"SimAbsent","$v":"सिम उपलब्ध नाही"},{"$i":"SubscriptionNotAvailable","$v":"सदस्यता उपलब्ध नाही"},{"$i":"ModeNotSupported","$v":"मोड समर्थित नाही"},{"$i":"FdnCheckFailure","$v":"Fdn अपयशाची तपासणी करा"},{"$i":"IllegalSimOrMe","$v":"अवैध सिम किंवा ME"},{"$i":"DialModifiedToUssd","$v":"डायल मध्ये बदल करून USSD  केले आहे"},{"$i":"DialModifiedToSs","$v":"डायल मध्ये बदल करून SS केले आहे"},{"$i":"DialModifiedToDial","$v":"डायल मध्ये बदल करून डायल केले आहे"},{"$i":"UssdModifiedToDial","$v":"USSD ला बदलून डायल केले आहे"},{"$i":"UssdModifiedToSs","$v":"USSD ला बदलून SS केले आहे"},{"$i":"UssdModifiedToUssd","$v":"USSD ला बदलून USSD केले आहे"},{"$i":"SsModifiedToDial","$v":"SS ला बदलून डायल केले गेले"},{"$i":"SsModifiedToUssd","$v":"SS  ला बदलून USSD केले आहे"},{"$i":"SsModifiedToSs","$v":"SS ला बदलून  SS केले आहे"},{"$i":"SubscriptionNotSupported","$v":"सदस्यता समर्थित नाही"},{"$i":"InvalidParameter","$v":"अवैध परिमापन"},{"$i":"RejectedByRemote","$v":"रिमोट द्वारा अस्वीकृत"},{"$i":"conferenceCall","$v":["काॅन्फरन्स  (",{"t":"idOrVar","v":"n"},")"]},{"$i":"caller-left-call","$v":[{"t":"idOrVar","v":"caller"}," यांनी कॉल सोडून दिला आहे."]},{"$i":"conferenceAddError","$v":"कॉल मर्ज करण्यास असमर्थ"},{"$i":"conferenceRemoveError","$v":"कॉल अनमर्ज करण्यास असमर्थ"},{"$i":"longDateFormat","$v":"%A, %b %e"},{"$i":"select-audio-sources","$v":"ऑडिओ स्रोत निवडा"},{"$i":"bluetooth-handsfree-device","$v":"ब्ल्यूटूथ हँड्सफ्री डिवाइस"},{"$i":"receiver","$v":"रिसिव्हर"},{"$i":"speaker","$v":"स्पीकर"},{"$i":"tcl-cancel","$v":"रद्द करा"},{"$i":"tcl-dialer","$v":"डायलर"},{"$i":"tcl-confirmation","$v":"पुष्टीकरण"},{"$i":"log-item","$v":"पर्याय"},{"$i":"tcl-assign-speed-dial","$v":{"$o":["संपर्कला \"",{"t":"idOrVar","v":"speedDial"},"\" बटनवर स्पीड डायलच्या रूपात नाही जोडले गेले होते. <br><br>आता असाईन करा?"]}},{"$i":"tcl-assign","$v":"नेमून द्या"},{"$i":"select","$v":"निवडा"},{"$i":"view-all","$v":"सर्व बघा"},{"$i":"search-results","$v":"शोध परिणाम"},{"$i":"no-recent-numbers","$v":"डायल करण्यासाठी कॉल लॉगमध्ये अलीकडील कोणतेही नंबर नाही."},{"$i":"wifi-calling","$v":"WiFi कॉलिंग"},{"$i":"dialer-prompt","$v":"नंबर डायल करा  किंवा कॉल जोडण्‍यासाठी संपर्क निवडा"},{"$i":"hours","$v":"तास"},{"$i":"minutes","$v":"मिनिट"},{"$i":"seconds","$v":"सेकंद"},{"$i":"voicemailNoNumberTitle","$v":"व्हॉइसमेल"},{"$i":"voicemailNoNumberText","$v":"व्हॉईसमेल कॉल करण्यास असमर्थ. कॉल करण्यासाठी व्हॉईसमेल नंबर सेट करा."},{"$i":"voicemailNoNumberSettings","$v":"सेटिंग्स"},{"$i":"voicemailNoNumberCancel","$v":"रद्द करा"},{"$i":"phoneNumberInput","ariaLabel":"फोन नंबर"},{"$i":"keypadDelete","ariaLabel":"हटवा"},{"$i":"voiceMailKey","ariaLabel":"व्हॉइसमेल"},{"$i":"asterisk","ariaLabel":"अॅस्ट्रिक चिह्न"},{"$i":"hashSign","ariaLabel":"हॅश चिन्ह"},{"$i":"loadingSimContacts","$v":"सिम कार्ड संपर्क लोड होत आहे .."},{"$i":"noContactsWereFound","$v":"कोणतेही संपर्क सापडले नाही"},{"$i":"noContactsFoundDialogOk","$v":"ठीक आहे"},{"$i":"emergencyNumber","$v":"आपातकालीन नंबर"},{"$i":"callAirplaneModeMessage","$v":"कॉल करण्यासाठी आपण सेटिंग मध्ये एयरप्लेन मोड अक्षम करणे आवश्यक आहे."},{"$i":"callAirplaneModeBtnOk","$v":"ठीक आहे"},{"$i":"callAirplaneModeTitle","$v":"एयरप्लेन मोड सक्रिय केले आहे"},{"$i":"numberIsBusyTitle","$v":"नंबर व्यस्त आहे"},{"$i":"numberIsBusyMessage","$v":"सध्या नंबर व्यस्त आहे. कृपया नंतर पुन्हा प्रयत्न करा."},{"$i":"fdnIsActiveTitle","$v":"FDN सक्रिय"},{"$i":"fdnIsActiveMessage","$v":["FDN (फिक्स्ड डायलिंग नंबर) सक्रिय आहे आणि खालील नंबर आपल्या FDN लिस्ट मध्ये नाही आहे: ",{"t":"idOrVar","v":"number"}]},{"$i":"emergencyDialogBodyBadNumber","$v":"कॉल करण्यासाठी, फोन नेटवर्कशी जोडणे आवश्यक आहे."},{"$i":"emergencyDialogBodyDeviceNotAccepted","$v":"नेटवर्कद्वारे आपातकालीन कॉलला अनुमति नाही."},{"$i":"emergencyDialogBtnOk","$v":"ठीक आहे"},{"$i":"emergencyDialogTitle","$v":"कोणतेही नेटवर्क कनेक्शन नाही"},{"$i":"invalidNumberToDialTitle","$v":"अवैध फोन नंबर"},{"$i":"invalidNumberToDialMessage","$v":"आपण कॉल करत असलेला फोन नंबर वैध नाही."},{"$i":"unableToCallTitle","$v":"आता फोन कॉल करण्यास असमर्थ"},{"$i":"unableToCallMessage","$v":"कॉल करू शकत नाही. आपण आधीपासूनच डायल करत असाल तर,कृपया प्रथम त्याला आधी थांबवा."},{"$i":"otherConnectionInUseTitle","$v":"अन्य कनेक्शन उपयोगात आहेत"},{"$i":"otherConnectionInUseMessage","$v":"इतर कनेक्शनवर आपल्यासाठी एक सक्रीय कॉल आहे. आपण एका वेळी एकच कनेक्शन वापरू शकता."},{"$i":"tcl-call-log","$v":"कॉल लॉग"},{"$i":"tcl-contacts","$v":"संपर्क"},{"$i":"tcl-call","$v":"कॉल"},{"$i":"tcl-add-contact","$v":"वर्तमान संपर्कामध्ये जोडा"},{"$i":"tcl-create-contact","$v":"नवीन संपर्क तयार करा"},{"$i":"tcl-add-speed-dial","$v":"स्पीड डायलला जोडा"},{"$i":"sim-with-index-and-carrier","$v":["SIM ",{"t":"idOrVar","v":"index"}," - ",{"t":"idOrVar","v":"carrier"}]},{"$i":"sim-without-carrier","$v":["SIM ",{"t":"idOrVar","v":"index"}]}]