[{"$i":"confirmMsg","$v":[{"t":"idOrVar","v":"deviceId"}," ले तपाईंका सम्पर्कहरू तथा कल इतिहासमा पहुँच गर्न चाहान्छ, स्वीकार गर्नुहोस्।"]},{"$i":"responseMsg","$v":[{"t":"idOrVar","v":"deviceId"}," का लागि कुञ्जी"]},{"$i":"confirmTitle","$v":"फोनबुक पहुँचको अनुरोध"},{"$i":"responseTitle","$v":"ब्लुटूथ सत्र कुञ्जी चाहिन्छ"},{"$i":"initialValue","$v":"सत्रको कुञ्जी प्रविष्ट गर्नुहोस्"},{"$i":"gaia-menu-cancel","$v":"रद्द गर्नुहोस्"},{"$i":"gaia-sim-picker-dial-via-with-number","$v":["मार्फत ",{"t":"idOrVar","v":"phoneNumber"}," डायल गर्नुहोस्"]},{"$i":"gaia-sim-picker-select-sim","$v":"SIM चयन गर्नुहोस्"},{"$i":"gaia-sim-picker-button","$v":["SIM",{"t":"idOrVar","v":"n"}]},{"$i":"gaia-sim-picker-button-default","$v":"(पूर्वनिर्धारित)"},{"$i":"softkey-options","$v":"विकल्पहरू"},{"$i":"details","countcall":"कल गर्नुहोस्"},{"$i":"edit","$v":"सम्पादन गर्नुहोस्"},{"$i":"cancel","$v":"रद्द गर्नुहोस्"},{"$i":"done","$v":"भयो"},{"$i":"ok","$v":"ठीक छ"},{"$i":"update","$v":"अद्यावधिक गर्नुहोस्"},{"$i":"retry","$v":"पुनःप्रयास गर्नुहोस्"},{"$i":"view","$v":"हेर्नुहोस्"},{"$i":"search","$v":"खोज्नुहोस्"},{"$i":"contacts","$v":"सम्पर्कहरू"},{"$i":"addContact","$v":"सम्पर्क थप्नुहोस्"},{"$i":"deleteContact","$v":"सम्पर्क मेटाउनुहोस्"},{"$i":"selectContact","$v":"सम्पर्क चयन गर्नुहोस्"},{"$i":"selectAll","$v":"सबै चयन गर्नुहोस्"},{"$i":"deselect","$v":"चयन हटाउनुहोस्"},{"$i":"deselectAll","$v":"सबै चयनलाई रद्द गर्नुहोस्"},{"$i":"editContact","$v":"सम्पर्क सम्पादन"},{"$i":"deleteConfirmMsg","$v":"सम्पर्क मेटाउनुहोस् ?"},{"$i":"remove","$v":"हटाउनुहोस्"},{"$i":"delete","$v":"मेट्नुहोस्"},{"$i":"comments","$v":"टिप्पणीहरू"},{"$i":"no_contact_phones","$v":"यो सम्पर्कमा फोन नम्बर छैन"},{"$i":"no_contact_email","$v":"यो सम्पर्कमा इमेल ठेगाना छैन"},{"$i":"no_contact_data","$v":"यो सम्पर्कमा फोन नम्बर र ठेगाना छैन"},{"$i":"removePhotoConfirm","$v":"सम्पर्क तस्विर हटाउनुहोस् ?"},{"$i":"loadingContacts","$v":"सम्पर्कहरु लोड हुँदै..."},{"$i":"noContactsActivity2","$v":"तपाईंको सम्पर्कहरूको सूचीमा कुनै सम्पर्कहरू भटिएन"},{"$i":"noName","$v":"नाम छैन"},{"$i":"givenName","$v":"पहिलो नाम"},{"$i":"familyName","$v":"अन्तिम नाम"},{"$i":"tel","$v":"फोन"},{"$i":"carrier","$v":"वाहक","placeholder":"वाहक"},{"$i":"separator","$v":","},{"$i":"email","$v":"इमेल"},{"$i":"streetAddress","$v":"स्ट्रीट"},{"$i":"postalCode","$v":"ZIP कोड"},{"$i":"locality","$v":"सहर"},{"$i":"countryName","$v":"देश"},{"$i":"comment","$v":"टिप्पणी"},{"$i":"org","$v":"कम्पनी"},{"$i":"date","$v":"मिति","placeholder":"मिति"},{"$i":"date-span-placeholder","$v":"मिति"},{"$i":"birthday","$v":"जन्मदिन"},{"$i":"dateFormat","$v":"%b %e"},{"$i":"dateOutput","$v":[{"t":"idOrVar","v":"dayMonthFormatted"}," ",{"t":"idOrVar","v":"year"}]},{"$i":"anniversary","$v":"वार्षिक समारोह"},{"$i":"addPhoto","$v":"तस्विर थप्नुहोस्"},{"$i":"addPhone","$v":"फोन थप्नुहोस्"},{"$i":"addEmail","$v":"इमेल थप्नुहोस्"},{"$i":"addAddress","$v":"ठेगाना थप्नुहोस्"},{"$i":"addDate","$v":"मिति थप्नुहोस्"},{"$i":"addComment","$v":"नोट थप्नुहोस्"},{"$i":"addFavorite","$v":"मनपर्ने रूपमा थप्नुहोस्"},{"$i":"removeFavorite","$v":"मनपर्ने जस्तो हटाउनुहोस्"},{"$i":"addButton","ariaLabel":"थप्नुहोस्"},{"$i":"editButton","ariaLabel":"सम्पादन गर्नुहोस्"},{"$i":"settingsButton","ariaLabel":"सेटिङ्हरू"},{"$i":"phoneDetail","ariaLabel":"फोन"},{"$i":"emailDetail","ariaLabel":"इमेल"},{"$i":"addressDetail","ariaLabel":"ठेगाना"},{"$i":"dateDetail","ariaLabel":"मिति"},{"$i":"composeEmail","ariaLabel":"इमेल"},{"$i":"makeCall","ariaLabel":"कल गर्नुहोस्"},{"$i":"phones","ariaLabel":"फोनहरू"},{"$i":"emails","ariaLabel":"इमेलहरू"},{"$i":"addresses","ariaLabel":"ठेगानाहरू"},{"$i":"dates","ariaLabel":"मिति"},{"$i":"notes","ariaLabel":"टिप्पणीहरू"},{"$i":"exit","$v":"बाहिर"},{"$i":"expand","$v":"विस्तृत गर्नुहोस्"},{"$i":"labelName","$v":"नाम:"},{"$i":"labelLastName","$v":"अन्तिम नाम:"},{"$i":"labelPhoneNumber","$v":"फोन नम्बर:"},{"$i":"labelCarrier","$v":"वाहक:"},{"$i":"labelEmail","$v":"इमेल:"},{"$i":"labelStreet","$v":"स्ट्रीट:"},{"$i":"labelZip","$v":"ZIP कोड:"},{"$i":"labelCity","$v":"सहर:"},{"$i":"labelCountry","$v":"देश:"},{"$i":"labelComment","$v":"टिप्पणी:"},{"$i":"legendTitleMain","$v":"मुख्य जानकारी"},{"$i":"legendPhones","$v":"फोन नम्बरहरू"},{"$i":"legendEmail","$v":"इमेल ठेगाना"},{"$i":"legendAddress","$v":"ठेगाना"},{"$i":"search-contact","placeholder":"खोज्नुहोस्"},{"$i":"noResults","$v":"सम्पर्कहरू फेला परेनन्"},{"$i":"transferContactsTitle","$v":"सम्पर्कहरूलाई स्थानान्तरण गर्नुहोस्"},{"$i":"importContactsTitle","$v":"सम्पर्कहरू आयात गर्नुहोस्"},{"$i":"importContactsButton","$v":"सम्पर्कहरू आयात गर्नुहोस्"},{"$i":"exportContactsTitle","$v":"सम्पर्कहरू निर्यात गर्नुहोस्"},{"$i":"exportContactsButton","$v":"सम्पर्कहरू निर्यात गर्नुहोस्"},{"$i":"exportContactsAction","$v":"निर्यात"},{"$i":"simExport-title","$v":"SIM मा निर्यात गर्नुहोस्"},{"$i":"memoryCardExport-title","$v":"मेमोरी कार्डमा निर्यात गर्नुहोस्"},{"$i":"btExport-title","$v":"ब्लुटुथमा निर्यात गर्नुहोस्"},{"$i":"memoryCardUMSEnabled","$v":"मेमोरी कार्ड प्रयोग गर्न सकिदैन किनभने USB भण्डारण सक्षम गरिएको"},{"$i":"exportErrorTitle","$v":"निर्यातमा त्रुटि आयो"},{"$i":"contactsExported2","$v":{"zero":"कुनै सम्पर्कहरू निर्यात भएन","one":[{"t":"idOrVar","v":"exported"},"/",{"t":"idOrVar","v":"total"}," सम्पर्कहरू निर्यात गरियो"],"two":[{"t":"idOrVar","v":"exported"},"/",{"t":"idOrVar","v":"total"}," सम्पर्कहरू निर्यात गरियो"],"few":[{"t":"idOrVar","v":"exported"},"/",{"t":"idOrVar","v":"total"}," सम्पर्कहरू निर्यात गरियो"],"many":[{"t":"idOrVar","v":"exported"},"/",{"t":"idOrVar","v":"total"}," सम्पर्कहरू निर्यात गरियो"],"other":[{"t":"idOrVar","v":"exported"},"/",{"t":"idOrVar","v":"total"}," सम्पर्कहरू निर्यात गरियो"]},"$x":[{"t":"idOrVar","v":"plural"},"exported"]},{"$i":"exportError-general","$v":"केही त्रुटि भएको थियो भनी निर्यात गर्नुहोस्"},{"$i":"exportError-SD-shared","$v":"मेमोरी कार्ड पहुँच गर्न सकिएन किनभके यसलाई साझा गरिएको छ"},{"$i":"exportError-SD-unavailable","$v":"मेमोरी कार्ड उपलब्ध छैन"},{"$i":"exportError-SD-noSpace","$v":"सम्पर्कहरू निर्यात गर्न मेमोरी कार्डमा पर्याप्त खाली ठाउँ छैन"},{"$i":"exportError-SIM-unavailable","$v":"SIM कार्ड उपलब्ध छैन"},{"$i":"exportError-BT-shared","$v":"मेमोरी कार्ड पहुँच गर्न सकिएन किनभके यसलाई साझा गरिएको छ"},{"$i":"exportError-BT-unavailable","$v":"मेमोरी कार्ड उपलब्ध छैन"},{"$i":"exportError-BT-noSpace","$v":"सम्पर्कहरू निर्यात गर्न मेमोरी कार्डमा पर्याप्त खाली ठाउँ छैन"},{"$i":"social-network","$v":"सामाजिक नेटवर्कहरू"},{"$i":"social-link","$v":"सम्पर्क लिङ्क गर्नुहोस्"},{"$i":"social-unlink","$v":"सम्पर्क अनलिङ्क गर्नुहोस्"},{"$i":"social-unlink-confirm-title","$v":"तपाईँ आफ्नो साथीलाई अनलिङ्क गर्न चाहनुहुन्छ ?"},{"$i":"social-unlink-confirm-accept","$v":"अनलिंक"},{"$i":"facebook-import","$v":"फेसबुक साथीहरू आयात गर्नुहोस्"},{"$i":"show-fb-profile","$v":"Facebook को प्रोफाइल हेर्नुहोस्"},{"$i":"msg-send","$v":"सन्देश"},{"$i":"wall-post","$v":"वाल पोस्ट"},{"$i":"share-contact","$v":"सम्पर्क साझा गर्नुहोस्"},{"$i":"facebook-export-forbidden","$v":"फेसबुक अवरोधको कारणले सम्पर्क साझा गर्न सकिएन।"},{"$i":"otherAccount","$v":"अन्य एकाउंटहरू"},{"$i":"facebookSwitchMsg","$v":"समक्रमण साथीहरू"},{"$i":"select_mobile","$v":"मोबाइल चयन गर्नुहोस्"},{"$i":"select_email","$v":"इमेल चयन गर्नुहोस्"},{"$i":"select_recipient","$v":"प्राप्तकर्ता चयन गर्नुहोस्"},{"$i":"sort-by-first-name","$v":"पहिलो नामद्वारा क्रमबद्ध गर्नुहोस्"},{"$i":"sort-by-last-name","$v":"अन्तिम नामद्वारा क्रमबद्ध गर्नुहोस्"},{"$i":"importSim2","$v":"SIM कार्ड"},{"$i":"importGmail","$v":"Gmail"},{"$i":"bluetooth","$v":"ब्लुटुथ"},{"$i":"importOutlook","$v":"Outlook"},{"$i":"fbUpdateFriends","$v":"आयातित साथीहरूलाई अधावधिक गर्नुहोस्"},{"$i":"cleaningFbData","$v":"फेसबुक डेटा हटाउँदै"},{"$i":"loggingOutFb","$v":"फेसबुकबाट लगिङ आउट गर्नुहोस्"},{"$i":"cleanFbConfirmMsg","$v":"सबै फेसबुक डेटा हटाउनुहोस् ?"},{"$i":"renewPwdMsg","$v":"तपाईंको Facebook को पासवर्ड परिवर्तन भएको छ। कृपया यसलाई अद्यावधिक गर्नुहोस्।"},{"$i":"notEnabledYet","$v":"सक्षम नगरिएको"},{"$i":"genericNoConnection","$v":"सम्पर्कहरूलाई आयात गर्नको लागि WiFi वा डेटा नेटवर्कमा जडान गर्नुहोस्"},{"$i":"bluetoothNoConnection","$v":"सम्पर्कहरूलाई निर्यात गनर्को लागि यन्त्रमा ब्लुटुथ जडान गर्नुहोस्"},{"$i":"simCard","$v":"SIM कार्ड"},{"$i":"memoryCard","$v":"मेमोरी कार्ड"},{"$i":"simNumberNoMSISDN","$v":["सिम ",{"t":"idOrVar","v":"number"},":"]},{"$i":"simNumberWithMSISDN","$v":["SIM ",{"t":"idOrVar","v":"number"},": ",{"t":"idOrVar","v":"msisdn"}]},{"$i":"ICEContactsGroup","$v":"ICE सम्पर्कहरू"},{"$i":"setICEButton","$v":"ICE सम्पर्कहरू सेट गर्नुहोस्"},{"$i":"ICESettingTitle","$v":"ICE सम्पर्कहरू"},{"$i":"ICEDescription","$v":"आपतकालीन अवस्थाका कलहरू गर्न पाँच सम्पर्कहरू थप्नुहोस्।"},{"$i":"ICEContact1","$v":"ICE सम्पर्क1"},{"$i":"tcl-ice-contact-1-added","$v":"ICE सम्पर्क1 थपियो"},{"$i":"ICESelectContact","$v":"सम्पर्क चयन गर्नुहोस्"},{"$i":"ICEContact2","$v":"ICE सम्पर्क2"},{"$i":"tcl-ice-contact-2-added","$v":"ICE सम्पर्क2 थपियो"},{"$i":"ICERepeatedContact","$v":"यो सम्पर्क पहिले नै अवस्थित ICE सम्पर्क हो"},{"$i":"ICEUnknownError","$v":"ICE जस्तै सम्पर्कलाई सेटिङ गर्दा त्रुटि देखा पर्यो"},{"$i":"ICEContactNoNumber","$v":"यो सम्पर्कमा फोन नम्बर छैन"},{"$i":"ICEFacebookContactNotAllowed","$v":"Facebook सम्पर्कहरूलाई ICE सम्पर्कहरूको रूपमा बचत गर्न सकिदैन"},{"$i":"ICEContactDelTel","$v":"मेटाइएको फोन नम्बरहरू ICE सम्पर्कबाट हटाइयो"},{"$i":"ICEContactDelTelAll","$v":"सबै नम्बरहरू मेटाइयो। यो सम्पर्कलाईं ICE सम्पर्कहरूबाट हटाइयो।"},{"$i":"delete-ice-contact-warning","$v":"तपाईं निश्चित रूपमा ICE सम्पर्क हटाउन चाहनुहुन्छ  ?"},{"$i":"add","$v":"थप्नुहोस्"},{"$i":"no-contacts","$v":"कुनै सम्पर्कहरू छैनन्"},{"$i":"start-adding","$v":"नयाँ सम्पर्कमा थप्न सम्पर्कहरू थिच्नुहोस्।"},{"$i":"notImported","$v":"आयात गरिएको छैन"},{"$i":"imported","$v":"आयात गरियो"},{"$i":"today","$v":"आज"},{"$i":"yesterday","$v":"हिजो"},{"$i":"messageCanceling","$v":"कृपया होल्ड अन गर्नुहोस्। हामीले चालू सञ्चालन रद्द गर्दैछौँ।"},{"$i":"organise-contacts","$v":"सम्पर्कहरू व्यवस्थित गर्नुहोस्"},{"$i":"find-merge-contacts","$v":"नक्कली सम्पर्कहरू पत्ता लगाउनुहोस्"},{"$i":"preparing-contacts","$v":"सम्पर्कहरू तयारी गर्दै"},{"$i":"exportError-SIM-NoFreeRecordFound","$v":"SIM कार्ड भरि छ"},{"$i":"exportError-SIM-CannotAccessPhoneBook","$v":"SIM कार्डको फोन पुस्तिका पहुँच गर्न सकिदैन"},{"$i":"exportError-SIM-Unavailable","$v":"कुनै SIM कार्ड पत्ता लागेन"},{"$i":"exportError-SIM-GenericError","$v":"सम्पर्क निर्यात गरेको बेला त्रुटि आयो"},{"$i":"noSimMsgExport","$v":"सम्पर्कहरूलाई निर्यात गनको लागि तपाईको SIM कार्ड अनलक वा सम्मिलित गर्नुहोस्"},{"$i":"noMemoryCardMsgExport","$v":"सम्पर्कहरूलाई निर्यात गनको लागि मेमोरी कार्ड सम्मिलित गर्नुहोस्"},{"$i":"ContactManagementTitle","$v":"सम्पर्कहरूको व्यवस्थापन"},{"$i":"DeleteTitle","$v":"मेट्नुहोस्"},{"$i":"bulkDeleteButton","$v":"सम्पर्क मेटाउने हो"},{"$i":"BulkDelCancel","$v":"सम्पर्कहरू मेटाउने रद्द गरियो"},{"$i":"DeletedTxt","$v":{"zero":"मेटाउनको लागि सम्पर्क छैन","one":"1 सम्पर्क हटाउनुहोस्","two":[{"t":"idOrVar","v":"n"}," सम्पर्कहरू हटाइयो"],"few":[{"t":"idOrVar","v":"n"}," सम्पर्कहरू हटाइयो"],"many":[{"t":"idOrVar","v":"n"}," सम्पर्कहरू हटाइयो"],"other":[{"t":"idOrVar","v":"n"}," सम्पर्कहरू हटाइयो"]},"$x":[{"t":"idOrVar","v":"plural"},"n"]},{"$i":"DeletingContacts","$v":"सम्पर्कहरू मेटाउनु"},{"$i":"ContactConfirmDel","$v":{"zero":"मेटाउनको लागि सम्पर्क छैन","one":"1 सम्पर्क मेटाउनुहोस्? यसलाई पुन: प्राप्त गर्न सकिदैन।","two":[{"t":"idOrVar","v":"n"}," सम्पर्कहरू मेटाउनुहोस्? यसलाई पुन: प्राप्त गर्न सकिदैन।"],"few":[{"t":"idOrVar","v":"n"}," सम्पर्कहरू मेटाउनुहोस्? यसलाई पुन: प्राप्त गर्न सकिदैन।"],"many":[{"t":"idOrVar","v":"n"}," सम्पर्कहरू मेटाउनुहोस्? यसलाई पुन: प्राप्त गर्न सकिदैन।"],"other":[{"t":"idOrVar","v":"n"}," सम्पर्कहरू मेटाउनुहोस्? यसलाई पुन: प्राप्त गर्न सकिदैन।"]},"$x":[{"t":"idOrVar","v":"plural"},"n"]},{"$i":"SelectedTxt","$v":{"zero":[{"t":"idOrVar","v":"n"}," चयन गरियो"],"one":[{"t":"idOrVar","v":"n"}," चयन गरियो"],"two":[{"t":"idOrVar","v":"n"}," चयन गरियो"],"few":[{"t":"idOrVar","v":"n"}," चयन गरियो"],"many":[{"t":"idOrVar","v":"n"}," चयन गरियो"],"other":[{"t":"idOrVar","v":"n"}," चयन गरियो"]},"$x":[{"t":"idOrVar","v":"plural"},"n"]},{"$i":"video","$v":"भिडियो"},{"$i":"audio","$v":"अडियो"},{"$i":"pick_destination","$v":[{"t":"idOrVar","v":"destination"}," ",{"t":"idOrVar","v":"carrier"}]},{"$i":"removeField","ariaLabel":"हटाउनुहोस्"},{"$i":"undo","ariaLabel":"अनडू गर्नुहोस्"},{"$i":"send-sms-button","ariaLabel":"SMS"},{"$i":"ice_contacts","$v":"ICE सम्पर्कहरू"},{"$i":"edit-picture","$v":"तस्विर सम्पादन गर्नुहोस"},{"$i":"remove-photo","$v":"तस्वीर हटाउनुहोस्"},{"$i":"change-photo","$v":"तस्वीर परिवर्तन गर्नुहोस्"},{"$i":"photo-options","$v":"फोटो विकल्पहरू"},{"$i":"tcl-all","$v":"सबै"},{"$i":"tcl-speed-dial","$v":"द्रूत डायल"},{"$i":"tcl-new-contact","$v":"नयाँ सम्पर्क"},{"$i":"tcl-settings","$v":"सेटिङ्हरू"},{"$i":"tcl-save","$v":"सुरक्षित गर्नुहोस्"},{"$i":"save","$v":"सुरक्षित गर्नुहोस्"},{"$i":"tcl-add","$v":"थप्नुहोस्"},{"$i":"tcl-contact-add-ringtone","$v":"रिङ्गटोन थप्नुहोस्"},{"$i":"tcl-custom-dialog-title-default","$v":"पुष्टिकरण"},{"$i":"confirm-dialog-title-default","$v":"पुष्टिकरण"},{"$i":"discard","$v":"त्याग्नुहोस्"},{"$i":"custom-tag-title","$v":"कस्टम ट्याग"},{"$i":"tcl-contact-added","$v":"सम्पर्क थप्नुहोस्"},{"$i":"tcl-contact-updated","$v":"सम्पर्क विवरण अद्यावधिक गरियो"},{"$i":"tcl-contact-removed","$v":"सम्पर्क मेटियो"},{"$i":"tcl-contact-unremoved","$v":"हटाउन सकेन"},{"$i":"edit-phone-type","$v":"फोनको प्रकार सम्पादन गर्नुहोस्"},{"$i":"edit-email-type","$v":"इमेलको प्रकार सम्पादन गर्नुहोस्"},{"$i":"edit-address-type","$v":"ठेगानाको प्रकार सम्पादन गर्नुहोस्"},{"$i":"edit-date-type","$v":"मितिको प्रकार सम्पादन गर्नुहोस्"},{"$i":"tcl-select-phone-type","$v":"फोनको प्रकार चयन गर्नुहोस्"},{"$i":"tcl-select-email-type","$v":"इमेलको प्रकार चयन गर्नुहोस्"},{"$i":"tcl-select-address-type","$v":"ठेगानाको प्रकार चयन गर्नुहोस्"},{"$i":"tcl-select-date-type","$v":"मितिको प्रकार चयन गर्नुहोस्"},{"$i":"add-phone","$v":"फोन नम्बर थप्नुहोस्"},{"$i":"add-email","$v":"इमेल थप्नुहोस्"},{"$i":"add-address","$v":"ठेगाना थप्नुहोस्"},{"$i":"add-date","$v":"मिति थप्नुहोस्"},{"$i":"add-phone-type","$v":"फोनको प्रकार"},{"$i":"add-email-type","$v":"इमेलको प्रकार"},{"$i":"add-address-type","$v":"ठेगानाको प्रकार"},{"$i":"add-date-type","$v":"मिति प्रकार"},{"$i":"delete-phone","$v":"फोन नम्बर हटाउनुहोस्"},{"$i":"delete-email","$v":"इमेलहरू हटाउनुहोस्"},{"$i":"delete-address","$v":"ठेगाना मेटाउनुहोस्"},{"$i":"delete-date","$v":"मिति मेटाउनुहोस्"},{"$i":"delete-note","$v":"नोट मेटाउनुहोस्"},{"$i":"delete-comment-warning","$v":"तपाईं निश्चित रूपमा नोट मेटाउन निश्चित हुनुहुन्छ ?"},{"$i":"tcl-deleting-messages-phone","$v":["तपाईं निश्चित रूपमा नोट मेटाउन निश्चित हुनुहुन्छ \"",{"t":"idOrVar","v":"type_name"},"\" ?"]},{"$i":"tcl-deleting-messages-email","$v":["तपाईं निश्चित रूपमा इमेल मेटाउन हुनुहुन्छ: \"",{"t":"idOrVar","v":"type_name"},"\" ?"]},{"$i":"tcl-deleting-messages-address","$v":["तपाईं निश्चित रूपमा नोट मेटाउन निश्चित हुनुहुन्छ \"",{"t":"idOrVar","v":"type_name"},"\" ?"]},{"$i":"tcl-deleting-messages-date","$v":"तपाईं निश्चित रूपमा नोट मेटाउन निश्चित हुनुहुन्छ ?"},{"$i":"deleting-message-warning","$v":["तपाईंले निश्चित रूपमा \"",{"t":"idOrVar","v":"type_name"},"\" लाई मेटाउन चाहनुहुन्छ ?"]},{"$i":"tcl-deleting-messages-comment","$v":"तपाईं निश्चित रूपमा टिप्पणीलाई मेटाउन हुनुहुन्छ ?"},{"$i":"delecting-messages-contact","$v":["तपाईं निश्चित रूपमा सम्पर्क \"",{"t":"idOrVar","v":"type_name"},"\" मेटाउन चाहनुहुन्छ ?"]},{"$i":"delecting-this-contact","$v":"यो सम्पर्क मेटाउनुहोस् ?"},{"$i":"deleting-messages-ringtone","$v":"तपाईं निश्चित रूपमा नोट मेटाउन निश्चित हुनुहुन्छ ?"},{"$i":"deleting-messages-picture","$v":"तपाईं निश्चित रूपमा तस्विर हटाउन चाहनुहुन्छ ?"},{"$i":"tcl-deleting-notification-ringtone","$v":"रिङ्गटोन मेटाइयो"},{"$i":"tcl-deleting-notification-comment","$v":"टिप्पणी मटाइयो"},{"$i":"note","$v":"टिप्पणी"},{"$i":"address","$v":"ठेगाना"},{"$i":"tcl-noContacts","$v":"तपाईंको सम्पर्क सूची खाली हुनाले सम्पर्कहरू थप्न सकिंदैन"},{"$i":"tcl-noContacts-no-email","$v":"सम्पर्क इमेलसँग कुनै सम्पर्कहरू थप्न सकिंदैन"},{"$i":"tcl-noContacts-no-tel","$v":"सम्पर्क फोन नम्बरसँग कुनै सम्पर्कहरू थप्न सकिंदैन"},{"$i":"tcl-noContactsTitle","$v":"कुनै सम्पर्कहरू छैनन्"},{"$i":"tcl-change-voice-mail","$v":"भ्वाइस मेलको नम्बर परिवर्तन गर्नुहोस्"},{"$i":"tcl-replace","$v":"प्रतिस्थापन गर्नुहोस्"},{"$i":"tcl-remove-speed-dial","$v":"स्पिड डायलबाट हटाउनुहोस्"},{"$i":"tcl-notification-speed-dial-added","$v":"वाचन डायल नम्बर थपियो"},{"$i":"tcl-notification-speed-dial-removed","$v":"वाचन डायल नम्बर हटाइयो"},{"$i":"tcl-notification-speed-dial-updated","$v":"वाचन डायल नम्बर अद्यावधिक गरियो"},{"$i":"tcl-notification-voice-mail-updated","$v":"भ्वाइस मेल नम्बरलाई अद्यावधिक गरियो"},{"$i":"tcl-notification-contact-assigned","$v":"स्पिड डायल नम्बरमा सम्पर्क निर्दिष्ट गरियो"},{"$i":"empty","$v":"खाली"},{"$i":"tcl-voice-mail","$v":"भ्वाइस मेल"},{"$i":"contact-confirm-save","$v":"सम्पर्क जानकारी असक्षम बनाइनेछ। तपाईं यस सम्पर्कलाई बचत गर्न चाहनुहुन्छ?"},{"$i":"contact-confirm-form-save","$v":"परिवर्तनहरू खारेज गरिनेछ। तपाईं सम्पर्कहरूलाई बचत गर्न चाहनुहुन्छ ?"},{"$i":"tcl-yes","$v":"हो"},{"$i":"tcl-no","$v":"होइन"},{"$i":"tcl-default-ringtone","$v":"पूर्वनिर्धारित रिङटोन"},{"$i":"tcl-add-ringtone","$v":"रिङटोनहरू"},{"$i":"tcl-ringtone","$v":"रिङटोन"},{"$i":"change-ringtone","$v":"रिङटोन परिवर्तन गर्नुहोस्"},{"$i":"delete-ringtone","$v":"रिङटोन हटाउनुहोस्"},{"$i":"tcl-settings-title","$v":"सम्पर्कहरूको सेटिङहरू"},{"$i":"settings-sort-contacts-title","$v":"सम्पर्कहरू क्रमबद्ध गर्नुहोस्"},{"$i":"tcl-oder-notification","$v":"परिवर्तनहरू बचत गरियो"},{"$i":"changes-saved-notification","$v":"परिवर्तनहरू बचत गरियो।"},{"$i":"tcl-imported-status","$v":[{"t":"idOrVar","v":"n"}," सम्पर्कहरू ",{"t":"idOrVar","v":"numDups"}," सम्पर्कहरू मर्ज आयात गरियो"]},{"$i":"tcl-on","$v":"खुला"},{"$i":"tcl-off","$v":"निष्क्रिय"},{"$i":"on","$v":"खुला"},{"$i":"off","$v":"निष्क्रिय"},{"$i":"tcl-contact-empty-number","$v":"फोन नम्बर खाली गर्नुहोस्"},{"$i":"contact-no-dial-number","$v":"डायल गर्नको लागि फोन नम्बर छैन।"},{"$i":"tcl-select-number","$v":"संख्या चयन गर्नुहोस्"},{"$i":"tcl-select-email","$v":"इमेल चयन गर्नुहोस्"},{"$i":"select-email","$v":"इमेल चयन गर्नुहोस्"},{"$i":"tcl-send-message","$v":"सन्देश टाइप गर्नुहोस्"},{"$i":"send-email","$v":"इमेल पठाउनुहोस्"},{"$i":"tcl-share","$v":"साझेदारी"},{"$i":"tcl-find-duplicate","$v":"नक्कली सम्पर्कहरू पत्ता लगाउनुहोस्"},{"$i":"tcl-add-favorite","$v":"मनपर्ने रूपमा थप्नुहोस्"},{"$i":"tcl-remove-favorite","$v":"मनपर्नेबाट हटाउनुहोस्"},{"$i":"tcl-link-social-networks","$v":"सामाजिक नेटवर्कहरूमा लिङ्क गर्नुहोस्"},{"$i":"tcl-delete","$v":"मेट्नुहोस्"},{"$i":"tcl-detail-send-sms","$v":"नयाँ SMS"},{"$i":"tcl-detail-call","$v":"कल गर्नुहोस्"},{"$i":"tcl-detail-send-email","$v":"रचना गर्नुहोस"},{"$i":"sms","$v":"सन्देश"},{"$i":"tcl-search-contact","$v":"खोज्नुहोस्"},{"$i":"tcl-number","$v":["नम्बर ",{"t":"idOrVar","v":"number"}]},{"$i":"tcl-custom-dialog-replace-speed-dial","$v":["तपाईं निश्चित रूपमा ",{"t":"idOrVar","v":"newSpeedDial"}," सँग ",{"t":"idOrVar","v":"oldSpeedDial"}," स्पीड डायल बदल्न चाहनुहुन्छ?"]},{"$i":"custom-dialog-remove-speed-dial","$v":["तपाईं निश्चित रूपमा स्पीड डायलबाट ",{"t":"idOrVar","v":"name"}," हटाउन चाहनुहुन्छ?"]},{"$i":"tcl-options","$v":"विकल्पहरू"},{"$i":"tcl-success-merged","$v":[{"t":"idOrVar","v":"number"}," मर्ज गरिए"]},{"$i":"tcl-contact-confirm-merge","$v":["तपाईं निश्चित रूपमा ",{"t":"idOrVar","v":"count"}," सम्पर्कहरूसँग ",{"t":"idOrVar","v":"name"}," मर्ज गर्नुहोस् ?"]},{"$i":"tcl-merge","$v":"मर्ज गर्नुहोस्"},{"$i":"add-speed-dial-failed-title","$v":"स्पिड डायल असफल थप्नुहोस्"},{"$i":"add-speed-dial-failed-content","$v":[{"t":"idOrVar","v":"name"}," पहिलै नै स्पिड डायलमा अवस्थित छ, कृपया अर्को सम्पर्क चयन गर्नुहोस्।"]},{"$i":"merge","$v":"मर्ज गर्नुहोस्"},{"$i":"tcl-attention","$v":"सावधानी"},{"$i":"attention","$v":"सावधानी"},{"$i":"tcl-speed-dial-add-contact","$v":{"$o":"त्यहाँ कुनै सम्पर्कहरू छैनन्।<br><br>कृपया सम्पर्क सिर्जना गर्नुहोस्।"}},{"$i":"tcl-voice-mail-header","$v":"भ्वाइस मेल"},{"$i":"tcl-voice-mail-number","$v":"भ्वाइस मेल नम्बर"},{"$i":"tcl-select-all","$v":"सबै चयन गर्नुहोस्"},{"$i":"tcl-deselect-all","$v":"सबै चयनलाई रद्द गर्नुहोस्"},{"$i":"systemring","$v":"रिङटोन"},{"$i":"moremusic","$v":"संगीत"},{"$i":"tcl-add-ringselect","$v":"बाट चयन गर्नुहोस्"},{"$i":"type-select","$v":"चयन गर्नुहोस्"},{"$i":"dialnum-view","$v":"हेर्नुहोस्"},{"$i":"select-a-contact-title","$v":"सम्पर्क चयन गर्नुहोस्"},{"$i":"select-a-number-title","$v":"नम्बर चयन गर्नुहोस्"},{"$i":"invalid-vcf-file","$v":"अमान्य भिसिइफ फिल"},{"$i":"voiceMail","$v":"भ्वाइस मेल"},{"$i":"back","$v":"पछाडि"},{"$i":"noSimMsg","$v":"सम्पर्कहरूलाई आयात गनको लागि तपाईको SIM कार्ड अनलक वा सम्मिलित गर्नुहोस्"},{"$i":"noMemoryCardMsg","$v":"सम्पर्कहरूलाई आयात गर्नको लागि मेमोरी कार्ड सम्मिलित गर्नुहोस्"},{"$i":"importMemoryCard","$v":"मेमोरी कार्ड"},{"$i":"noConnection11","$v":"Facebook साथीहरूलाई वा सम्पर्कहरूलाई आयात गर्नको लागि WiFi वा डेटा नेटवर्कमा जडान गर्नुहोस्"},{"$i":"emptyAccount","$v":"यो खातामा कुनै साथीहरू वा सम्पर्कहरू फेला परेनन्।"},{"$i":"simContacts-import","$v":"SIM सम्पर्कहरु आयात गर्नुहोस्"},{"$i":"simContacts-importing","$v":"SIM कार्डबाट आयात गरिँदै"},{"$i":"simContacts-reading","$v":"SIM कार्डबाट पढ्दै"},{"$i":"simContacts-error","$v":"SIM बाट सम्पर्कहरू आयत गर्न सकिएन"},{"$i":"simContacts-imported3","$v":{"zero":"आयात गर्नको लागि SIMमा कुनै सम्पर्कहरू पत्ता लागेन","one":"एउटा सम्पर्क आयात गरियो","two":[{"t":"idOrVar","v":"n"}," सम्पर्कहरू आयात गरियो"],"few":[{"t":"idOrVar","v":"n"}," सम्पर्कहरू आयात गरियो"],"many":[{"t":"idOrVar","v":"n"}," सम्पर्कहरू आयात गरियो"],"other":[{"t":"idOrVar","v":"n"}," सम्पर्कहरू आयात गरियो"]},"$x":[{"t":"idOrVar","v":"plural"},"n"]},{"$i":"memoryCardContacts-import","$v":"मेमोरी कार्डबाट सम्पर्कहरू आयात गर्नुहोस्"},{"$i":"memoryCardContacts-importing","$v":"मेमोरी कार्डबाट सम्पर्कहरू गरिँदै...."},{"$i":"memoryCardContacts-reading","$v":"मेमोरी कार्डबाट सम्पर्कहरू पढ्दै"},{"$i":"memoryCardContacts-error","$v":"मेमोरीबाट सम्पर्कहरू आयात गर्न सकिदैन"},{"$i":"memoryCardContacts-imported3","$v":{"zero":"आयात गर्नको लागि मेमोरी काडमा कुनै सम्पर्कहरू पत्ता लागेन","one":"एउटा सम्पर्क आयात गरियो","two":[{"t":"idOrVar","v":"n"}," सम्पर्कहरू आयात गरियो"],"few":[{"t":"idOrVar","v":"n"}," सम्पर्कहरू आयात गरियो"],"many":[{"t":"idOrVar","v":"n"}," सम्पर्कहरू आयात गरियो"],"other":[{"t":"idOrVar","v":"n"}," सम्पर्कहरू आयात गरियो"]},"$x":[{"t":"idOrVar","v":"plural"},"n"]},{"$i":"genericProgress","$v":[{"t":"idOrVar","v":"current"},"/",{"t":"idOrVar","v":"total"}]},{"$i":"facebook","$v":"Facebook"},{"$i":"facebook-import-msg2","$v":[{"t":"idOrVar","v":"imported"},"/",{"t":"idOrVar","v":"total"}," साथीहरू आयात गरियो"]},{"$i":"contactsMerged","$v":{"zero":"प्रतिलिपि सम्पर्कहरू मर्ज गरिएनन्","one":"एउटा नक्कली सम्पर्क मर्ज गरिएको","two":[{"t":"idOrVar","v":"numDups"}," सम्पर्कहरू मर्ज गरिए"],"few":[{"t":"idOrVar","v":"numDups"}," सम्पर्कहरू मर्ज गरिए"],"many":[{"t":"idOrVar","v":"numDups"}," सम्पर्कहरू मर्ज गरिए"],"other":[{"t":"idOrVar","v":"numDups"}," सम्पर्कहरू मर्ज गरिए"]},"$x":[{"t":"idOrVar","v":"plural"},"numDups"]},{"$i":"weekday-0-long","$v":"आइतबार"},{"$i":"weekday-1-long","$v":"सोमबार"},{"$i":"weekday-2-long","$v":"मङ्गलबार"},{"$i":"weekday-3-long","$v":"बुधबार"},{"$i":"weekday-4-long","$v":"बिहिबार"},{"$i":"weekday-5-long","$v":"शुक्रबार"},{"$i":"weekday-6-long","$v":"शनिबार"},{"$i":"weekday-0-short","$v":"सूर्य"},{"$i":"weekday-1-short","$v":"सोमबार"},{"$i":"weekday-2-short","$v":"मङ्गलबार"},{"$i":"weekday-3-short","$v":"बुधबार"},{"$i":"weekday-4-short","$v":"बिहीबार"},{"$i":"weekday-5-short","$v":"शुक्रबार"},{"$i":"weekday-6-short","$v":"शनिबार"},{"$i":"month-0-long","$v":"जनवरी"},{"$i":"month-1-long","$v":"फेब्रुअरी"},{"$i":"month-2-long","$v":"मार्च"},{"$i":"month-3-long","$v":"अप्रिल"},{"$i":"month-4-long","$v":"मे"},{"$i":"month-5-long","$v":"जुन"},{"$i":"month-6-long","$v":"जुलाइ"},{"$i":"month-7-long","$v":"अगस्ट"},{"$i":"month-8-long","$v":"सेप्टेम्बर"},{"$i":"month-9-long","$v":"अक्टुबर"},{"$i":"month-10-long","$v":"नोभेम्बर"},{"$i":"month-11-long","$v":"डिसेम्बर"},{"$i":"month-0-genitive","$v":"जनवरी"},{"$i":"month-1-genitive","$v":"फेब्रुअरी"},{"$i":"month-2-genitive","$v":"मार्च"},{"$i":"month-3-genitive","$v":"अप्रिल"},{"$i":"month-4-genitive","$v":"मे"},{"$i":"month-5-genitive","$v":"जुन"},{"$i":"month-6-genitive","$v":"जुलाइ"},{"$i":"month-7-genitive","$v":"अगस्ट"},{"$i":"month-8-genitive","$v":"सेप्टेम्बर"},{"$i":"month-9-genitive","$v":"अक्टुबर"},{"$i":"month-10-genitive","$v":"नोभेम्बर"},{"$i":"month-11-genitive","$v":"डिसेम्बर"},{"$i":"month-0-short","$v":"जनवरी"},{"$i":"month-1-short","$v":"फेब्रुअरी"},{"$i":"month-2-short","$v":"मार्च"},{"$i":"month-3-short","$v":"अप्रिल"},{"$i":"month-4-short","$v":"मे"},{"$i":"month-5-short","$v":"जुन"},{"$i":"month-6-short","$v":"जुलाई"},{"$i":"month-7-short","$v":"अगस्ट"},{"$i":"month-8-short","$v":"सेप्टेम्बर"},{"$i":"month-9-short","$v":"अक्टोबर"},{"$i":"month-10-short","$v":"नोभेम्बर"},{"$i":"month-11-short","$v":"डिसेम्बर"},{"$i":"minutes-ago-long","$v":{"zero":"अहिले भर्खर","one":"एक मिनेट अघि","two":[{"t":"idOrVar","v":"value"}," मिनेट पहिला"],"few":[{"t":"idOrVar","v":"value"}," मिनेट पहिला"],"many":[{"t":"idOrVar","v":"value"}," मिनेट पहिला"],"other":[{"t":"idOrVar","v":"value"}," मिनेट पहिला"]},"$x":[{"t":"idOrVar","v":"plural"},"value"]},{"$i":"hours-ago-long","$v":{"zero":"अहिले भर्खर","one":"एक घण्टा अघि","two":[{"t":"idOrVar","v":"value"}," घण्टा पहिला"],"few":[{"t":"idOrVar","v":"value"}," घण्टा पहिला"],"many":[{"t":"idOrVar","v":"value"}," घण्टा पहिला"],"other":[{"t":"idOrVar","v":"value"}," घण्टा पहिला"]},"$x":[{"t":"idOrVar","v":"plural"},"value"]},{"$i":"days-ago-long","$v":{"zero":"आज","one":"हिजो","two":[{"t":"idOrVar","v":"value"}," दिन पहिला"],"few":[{"t":"idOrVar","v":"value"}," दिन पहिला"],"many":[{"t":"idOrVar","v":"value"}," दिन पहिला"],"other":[{"t":"idOrVar","v":"value"}," दिन पहिला"]},"$x":[{"t":"idOrVar","v":"plural"},"value"]},{"$i":"weeks-ago-long","$v":{"zero":"यो हप्ता","one":"गत हप्ता","two":[{"t":"idOrVar","v":"value"}," हप्ता पहिला"],"few":[{"t":"idOrVar","v":"value"}," हप्ता पहिला"],"many":[{"t":"idOrVar","v":"value"}," हप्ता पहिला"],"other":[{"t":"idOrVar","v":"value"}," हप्ता पहिला"]},"$x":[{"t":"idOrVar","v":"plural"},"value"]},{"$i":"months-ago-long","$v":{"zero":"यो महिना","one":"गत महिना","two":[{"t":"idOrVar","v":"value"}," महिना पहिला"],"few":[{"t":"idOrVar","v":"value"}," महिना पहिला"],"many":[{"t":"idOrVar","v":"value"}," महिना पहिला"],"other":[{"t":"idOrVar","v":"value"}," महिना पहिला"]},"$x":[{"t":"idOrVar","v":"plural"},"value"]},{"$i":"years-ago-long","$v":{"zero":"यो वर्ष","one":"गएको वर्ष","two":[{"t":"idOrVar","v":"value"}," वर्ष पहिला"],"few":[{"t":"idOrVar","v":"value"}," वर्ष पहिला"],"many":[{"t":"idOrVar","v":"value"}," वर्ष पहिला"],"other":[{"t":"idOrVar","v":"value"}," वर्ष पहिला"]},"$x":[{"t":"idOrVar","v":"plural"},"value"]},{"$i":"minutes-until-long","$v":{"zero":"अहिले","one":"एक मिनेटमा","two":[{"t":"idOrVar","v":"value"}," मिनेटमा"],"few":[{"t":"idOrVar","v":"value"}," मिनेटमा"],"many":[{"t":"idOrVar","v":"value"}," मिनेटमा"],"other":[{"t":"idOrVar","v":"value"}," मिनेटमा"]},"$x":[{"t":"idOrVar","v":"plural"},"value"]},{"$i":"hours-until-long","$v":{"zero":"अहिले","one":"एक घण्टामा","two":[{"t":"idOrVar","v":"value"}," घण्टामा"],"few":[{"t":"idOrVar","v":"value"}," घण्टामा"],"many":[{"t":"idOrVar","v":"value"}," घण्टामा"],"other":[{"t":"idOrVar","v":"value"}," घण्टामा"]},"$x":[{"t":"idOrVar","v":"plural"},"value"]},{"$i":"days-until-long","$v":{"zero":"आज","one":"भोली","two":[{"t":"idOrVar","v":"value"}," दिनमा"],"few":[{"t":"idOrVar","v":"value"}," दिनमा"],"many":[{"t":"idOrVar","v":"value"}," दिनमा"],"other":[{"t":"idOrVar","v":"value"}," दिनमा"]},"$x":[{"t":"idOrVar","v":"plural"},"value"]},{"$i":"weeks-until-long","$v":{"zero":"यो हप्ता","one":"अर्को हप्ता","two":[{"t":"idOrVar","v":"value"}," हप्तामा"],"few":[{"t":"idOrVar","v":"value"}," हप्तामा"],"many":[{"t":"idOrVar","v":"value"}," हप्तामा"],"other":[{"t":"idOrVar","v":"value"}," हप्तामा"]},"$x":[{"t":"idOrVar","v":"plural"},"value"]},{"$i":"months-until-long","$v":{"zero":"यो महिना","one":"अर्को महिना","two":[{"t":"idOrVar","v":"value"}," महिनामा"],"few":[{"t":"idOrVar","v":"value"}," महिनामा"],"many":[{"t":"idOrVar","v":"value"}," महिनामा"],"other":[{"t":"idOrVar","v":"value"}," महिनामा"]},"$x":[{"t":"idOrVar","v":"plural"},"value"]},{"$i":"years-until-long","$v":{"zero":"यो वर्ष","one":"अर्को वर्ष","two":[{"t":"idOrVar","v":"value"}," वर्षमा"],"few":[{"t":"idOrVar","v":"value"}," वर्षमा"],"many":[{"t":"idOrVar","v":"value"}," वर्षमा"],"other":[{"t":"idOrVar","v":"value"}," वर्षमा"]},"$x":[{"t":"idOrVar","v":"plural"},"value"]},{"$i":"minutes-ago-short","$v":{"zero":"अहिले भर्खर","other":[{"t":"idOrVar","v":"value"}," मिनेट पहिला"]},"$x":[{"t":"idOrVar","v":"plural"},"value"]},{"$i":"hours-ago-short","$v":{"zero":"अहिले भर्खर","other":[{"t":"idOrVar","v":"value"},"घण्टा पहिला"]},"$x":[{"t":"idOrVar","v":"plural"},"value"]},{"$i":"days-ago-short","$v":{"zero":"आज","other":[{"t":"idOrVar","v":"value"},"दिन पहिला"]},"$x":[{"t":"idOrVar","v":"plural"},"value"]},{"$i":"minutes-until-short","$v":{"zero":"अहिले","other":[{"t":"idOrVar","v":"value"}," मिनेटमा"]},"$x":[{"t":"idOrVar","v":"plural"},"value"]},{"$i":"hours-until-short","$v":{"zero":"अहिले","other":[{"t":"idOrVar","v":"value"}," घण्टामा"]},"$x":[{"t":"idOrVar","v":"plural"},"value"]},{"$i":"days-until-short","$v":{"zero":"आज","other":[{"t":"idOrVar","v":"value"}," दिनमा"]},"$x":[{"t":"idOrVar","v":"plural"},"value"]},{"$i":"incorrectDate","$v":"(गलत मिति)"},{"$i":"dateTimeFormat_%c","$v":"%a %b %e %Y %I:%M:%S %p"},{"$i":"dateTimeFormat_%x","$v":"%m/%d/%Y"},{"$i":"dateTimeFormat_%X","$v":"%I:%M:%S %p"},{"$i":"shortTimeFormat","$v":"%I:%M %p"},{"$i":"shortTimeFormat12","$v":"%I:%M %p"},{"$i":"shortTimeFormat24","$v":"%H:%M"},{"$i":"shortDateTimeFormat","$v":"%x %I:%M %p"},{"$i":"weekStartsOnMonday","$v":"0"},{"$i":"firstDayOfTheWeek","$v":"0"},{"$i":"time_am","$v":"AM"},{"$i":"time_pm","$v":"PM"},{"$i":"label","$v":"लेबल"},{"$i":"mobile","$v":"मोबाइल"},{"$i":"home","$v":"गृह"},{"$i":"work","$v":"काम"},{"$i":"personal","$v":"व्यक्तिगत"},{"$i":"faxHome","$v":"फ्याक्स गृह"},{"$i":"faxOffice","$v":"फ्याक्स अफिस"},{"$i":"faxOther","$v":"अन्य फ्याक्स गर्नुहोस्"},{"$i":"another","$v":"अर्को"},{"$i":"other","$v":"अन्य"},{"$i":"tcl-customTag","$v":"कस्टम ट्याग"},{"$i":"customTag","$v":"कस्टम ट्याग","placeholder":"कस्टम ट्याग"},{"$i":"current","$v":"हालको"},{"$i":"itemWithLabel","$v":[{"t":"idOrVar","v":"label"},", ",{"t":"idOrVar","v":"item"}]},{"$i":"waitDuplicateContacts","$v":"प्रतिलिपि सम्पर्कहरूको लागि हेर्दै गर्नुहोस्"},{"$i":"waitMergingDuplicateContacts","$v":"दोहोरिएका सम्पर्कहरू मर्ज गर्दै"},{"$i":"alertNoDuplicateContacts","$v":"प्रतिलिपि सम्पर्कहरू फेला परेनन्"},{"$i":"curtainCancel","$v":"रद्द गर्नुहोस्"},{"$i":"close","$v":"बन्द गर्नुहोस्"},{"$i":"mergeDuplicateTitle","$v":"प्रतिलिपिहरू भेटिए"},{"$i":"suggestedDuplicatesMessage","innerHTML":{"$o":["<bdi>",{"t":"idOrVar","v":"name"},"</bdi> को लागि प्रतिलिपि सम्पर्कहरू सुझाव गरियो"]}},{"$i":"mergeActionButtonLabel","$v":{"zero":"कुनै सम्पर्कहरू चयन भएनन्","one":[{"t":"idOrVar","v":"n"}," सम्पर्कसँग मर्ज गर्नुहोस्"],"two":[{"t":"idOrVar","v":"n"}," सम्पर्कहरूसँग मर्ज गर्नुहोस्"],"few":[{"t":"idOrVar","v":"n"}," सम्पर्कहरूसँग मर्ज गर्नुहोस्"],"many":[{"t":"idOrVar","v":"n"}," सम्पर्कहरूसँग मर्ज गर्नुहोस्"],"other":[{"t":"idOrVar","v":"n"}," सम्पर्कहरूसँग मर्ज गर्नुहोस्"]},"$x":[{"t":"idOrVar","v":"plural"},"n"]},{"$i":"duplicatesFoundTitle","$v":"प्रतिलिपिहरू भेटिए"},{"$i":"foundDuplicatesMessage","innerHTML":"निम्नलिखित सम्पर्कहरूमा प्रतिलिपि जानकारी फेला परेका छन्। तपाईंले मर्ज गर्न चाहनुहुन्छ?"},{"$i":"tcl-merge-selected-counts","$v":[{"t":"idOrVar","v":"n"}," चयन गरियो"]},{"$i":"tcl-wait-duplicate-contacts","$v":"नक्कली सम्पर्कहरू पत्ता लगाउनुहोस्"},{"$i":"tcl-wait-txt","$v":"प्रतिलिपि सम्पर्कहरूको लागि हेर्दै गर्नुहोस्..."},{"$i":"import","$v":"आयात गर्नुहोस्"},{"$i":"fbFriends","$v":"Facebook साथीहरू"},{"$i":"live-serviceName","$v":"Outlook"},{"$i":"gmail-serviceName","$v":"Gmail"},{"$i":"facebook-serviceName","$v":"Facebook साथीहरू"},{"$i":"viewAll","$v":"Facebook का सबै साथीहरू हेर्नुहोस्"},{"$i":"viewRecommend","$v":"सिफारिस गरिएको मात्र हेर्नुहोस्"},{"$i":"linkProposal","$v":{"zero":"साथीहरू मिल्दो छनन्। सबै देखाउदैं","one":"सिफारिश गरिएको एक चयन गर्नुहोस्","two":"एउटा सिफारिस गर्नुहोस्","few":"एउटा सिफारिस गर्नुहोस्","many":"एउटा सिफारिस गर्नुहोस्","other":"एउटा सिफारिस गर्नुहोस्"},"$x":[{"t":"idOrVar","v":"plural"},"numFriends"]},{"$i":"fbFriendsFound","$v":{"zero":"तपाईंको सबै साथीहरू आयातित भए","one":"आयात गर्नको लागि एउटा साथी भेटाउनुहोस्","two":["आयात गर्नको लागि साथीहरू ",{"t":"idOrVar","v":"numFriends"}," भेटाउनुहोस्"],"few":["आयात गर्नको लागि साथीहरू ",{"t":"idOrVar","v":"numFriends"}," भेटाउनुहोस्"],"many":["आयात गर्नको लागि साथीहरू ",{"t":"idOrVar","v":"numFriends"}," भेटाउनुहोस्"],"other":["आयात गर्नको लागि साथीहरू ",{"t":"idOrVar","v":"numFriends"}," भेटाउनुहोस्"]},"$x":[{"t":"idOrVar","v":"plural"},"numFriends"]},{"$i":"fbNoFriends","$v":"आयात गर्नको लागि कुनै सम्पर्क उपलब्ध छैन"},{"$i":"done-search","$v":"भयो"},{"$i":"progressFB3ImportTitle","$v":"साथीहरूमा सम्पर्कहरू गरिँदै"},{"$i":"progressFB","$v":[{"t":"idOrVar","v":"current"},"/",{"t":"idOrVar","v":"total"}]},{"$i":"progressFB3UpdateTitle","$v":"सम्पर्कमा साथीहरूलाई अद्यावधिक गर्दै"},{"$i":"message2","$v":"यसले केही मिनेट लिन सक्छ"},{"$i":"messageLinking","$v":"कृपया होल्ड अन गर्नुहोस्। हामीले तपाईंको साथी र सम्पर्क लिङ्क गर्दैछौँ।"},{"$i":"error1","$v":["त्रुटि ",{"t":"idOrVar","v":"from"}]},{"$i":"error2","$v":"तपाईं पुन: प्रयास गर्न चाहनुहुन्छ ?"},{"$i":"errorProposal","$v":"प्रस्तावहरू गणना गर्दै"},{"$i":"errorFriends","$v":"साथीहरू पुनः प्राप्त गर्ने"},{"$i":"errorLinking","$v":"लिङ्क गर्ने सम्पर्क"},{"$i":"timeout1","$v":["पार भएको ",{"t":"idOrVar","v":"from"}," समय"]},{"$i":"timeout2","$v":"तपाईं पुन: प्रयास गर्न चाहनुहुन्छ ?"},{"$i":"timeoutProposal","$v":"प्रस्तावहरू गणना गर्दै"},{"$i":"timeoutFriends","$v":"साथीहरू पुनः प्राप्त गर्ने"},{"$i":"timeoutLinking","$v":"लिङ्क गर्ने सम्पर्कहरू"},{"$i":"wait1","$v":"कृपया होल्ड अन गर्नुहोस्"},{"$i":"wait2","$v":"यसले केही मिनेट लिन सक्छ"},{"$i":"waitProposal","$v":"कृपया होल्ड अन गर्नुहोस्। हामीले गणना प्रस्ताव गर्दैछौँ।"},{"$i":"waitFriends","$v":"कृपया होल्ड अन गर्नुहोस्। हामीले तपाईंको साथी सूची हासिल गर्न जडान गर्दैछौँ।"},{"$i":"curtainRetry","$v":"पुनःप्रयास गर्नुहोस्"},{"$i":"curtainOK","$v":"ठीक छ"},{"$i":"connectionLost","$v":"इन्टरनेट जडान छैन"},{"$i":"connectionLostMsg","$v":"तपाईंको सम्पर्कहरूमा साथीहरूको फोटोहरू थपियो कुनैपनि हालतमा जारी राख्नुहोस् ?"},{"$i":"yesOption","$v":"ठीक छ"},{"$i":"noOption","$v":"रद्द गर्नुहोस्"},{"$i":"waitFriendslive","$v":"आउटलुकबाट सम्पर्कहरू पढ्दै..."},{"$i":"waitFriendsgmail","$v":"जिमेलबाट सम्पर्कहरू पढ्दै..."},{"$i":"friendsUpdated","$v":{"zero":"साथीहरू अद्यावधिक भएनन्","one":"अद्यावधिक गरिएको एउटा साथी","two":["अद्यावधिक गरिएका ",{"t":"idOrVar","v":"numFriends"}," साथीहरू"],"few":["अद्यावधिक गरिएका ",{"t":"idOrVar","v":"numFriends"}," साथीहरू"],"many":["अद्यावधिक गरिएका ",{"t":"idOrVar","v":"numFriends"}," साथीहरू"],"other":["अद्यावधिक गरिएका ",{"t":"idOrVar","v":"numFriends"}," साथीहरू"]},"$x":[{"t":"idOrVar","v":"plural"},"numFriends"]},{"$i":"friendsMerged","$v":{"zero":"प्रतिलिपि साथीहरू मर्ज भएनन्","one":"एउटा नक्कली साथी मर्ज गरिएको","two":[{"t":"idOrVar","v":"numDups"}," साथीहरूलाई मर्ज गरिए"],"few":[{"t":"idOrVar","v":"numDups"}," साथीहरूलाई मर्ज गरिए"],"many":[{"t":"idOrVar","v":"numDups"}," साथीहरूलाई मर्ज गरिए"],"other":[{"t":"idOrVar","v":"numDups"}," साथीहरूलाई मर्ज गरिए"]},"$x":[{"t":"idOrVar","v":"plural"},"numDups"]},{"$i":"notificationLogin","$v":"तपाईंको Facebook सत्र अमान्य छ। कृपया साइन इन गर्नुहोस्।"},{"$i":"syncError","$v":"तपाईंको साथीहरुको डेटालाई सिंक्रोनाइज गर्दा त्रुटि देखापर्यो"},{"$i":"progressFB3liveTitle","$v":"आउटलुकबाट सम्पर्कहरू आयात गरिँदै..."},{"$i":"progressFB3gmailTitle","$v":"जिमेलबाट सम्पर्कहरू आयात गरिँदै..."},{"$i":"tcl-calllog-entry-removed-succ-notification","$v":"कल लग प्रविष्टि हटाइयो"},{"$i":"tcl-calllog-entry-removed-err-notification","$v":"कल लग प्रविष्टि हटाउन सकिएन"},{"$i":"addNewNumber","$v":"नयाँ नम्बर थप्नुहोस्"},{"$i":"contactDetails","$v":"विवरणहरूलाई सम्पर्क गर्नुहोस्"},{"$i":"addToExistingContact","$v":"विद्यमान सम्पर्कमा थप्नुहोस्"},{"$i":"all","$v":"सबै","ariaLabel":"सबै"},{"$i":"bluetoothOption","ariaLabel":"ब्लुटुथ"},{"$i":"callLog","$v":"कल लग"},{"$i":"callLogEdit","title":"कल लग सम्पादन गर्नुहोस्"},{"$i":"tcl-option-menu-call-log-edit","$v":"कल लग सम्पादन गर्नुहोस्"},{"$i":"callLogEditDialog","ariaLabel":"कल लग संवाद सम्पादन गर्नुहोस्"},{"$i":"tcl-call-log-delete-group-notification","$v":[{"t":"idOrVar","v":"n"}," प्रविष्टिहरू मेटाइए"]},{"$i":"connecting","$v":"जडान हुँदै"},{"$i":"connectingEllipsis","$v":"जडान हुँदै..."},{"$i":"call-forwarding-async","$v":["असिङ्क्रनस: ",{"t":"idOrVar","v":"async"}]},{"$i":"call-forwarding-data","$v":["डेटा: ",{"t":"idOrVar","v":"data"}]},{"$i":"call-forwarding-error","$v":"अवस्था अगाडि पुनः प्राप्ति कल गर्दै गर्दा त्रुटि आयो"},{"$i":"call-forwarding-fax","$v":["FAX: ",{"t":"idOrVar","v":"fax"}]},{"$i":"call-forwarding-inactive","$v":"निष्क्रिय"},{"$i":"call-forwarding-packet","$v":["प्याकेट: ",{"t":"idOrVar","v":"packet"}]},{"$i":"call-forwarding-pad","$v":["PAD: ",{"t":"idOrVar","v":"pad"}]},{"$i":"call-forwarding-sms","$v":["SMS: ",{"t":"idOrVar","v":"sms"}]},{"$i":"call-forwarding-status","$v":"कल स्थिति अगाडि बढाउदै"},{"$i":"call-forwarding-sync","$v":["समक्रमण गर्न सकिने: ",{"t":"idOrVar","v":"sync"}]},{"$i":"call-forwarding-voice","$v":["भ्वाइस: ",{"t":"idOrVar","v":"voice"}]},{"$i":"confirm-deletion","$v":"चयन गरिएका कलहरू खाली गर्ने?"},{"$i":"createNewContact","$v":"नयाँ सम्पर्क सिर्जना गर्नुहोस्"},{"$i":"calllog-deselectAll","$v":"सबै चयनलाई रद्द गर्नुहोस्"},{"$i":"dialerAddContact","ariaLabel":"सम्पर्क थप्नुहोस्"},{"$i":"dialerAddContactDialog","ariaLabel":"सम्पर्क संवाद थप्नुहोस्"},{"$i":"callInformation","$v":"कल जानकारी"},{"$i":"edit-selected","$v":{"one":["चयन गरिएका(",{"t":"idOrVar","v":"n"},")"],"two":["चयन गरिएका(",{"t":"idOrVar","v":"n"},")"],"few":["चयन गरिएका(",{"t":"idOrVar","v":"n"},")"],"many":["चयन गरिएका(",{"t":"idOrVar","v":"n"},")"],"other":["चयन गरिएका(",{"t":"idOrVar","v":"n"},")"]},"$x":[{"t":"idOrVar","v":"plural"},"n"]},{"$i":"tcl-edit-not-selected","$v":"चयन गरिएको(0)"},{"$i":"hideKeypad","ariaLabel":"कीप्याड लुकाउनुहोस्"},{"$i":"ignore","$v":"कल अस्विकार गर्नुहोस्"},{"$i":"incoming","$v":"आगमन"},{"$i":"keypad","ariaLabel":"कीप्याड"},{"$i":"info-missed","$v":"छुटेको"},{"$i":"missed","$v":"छुटेको","ariaLabel":"छुटेको"},{"$i":"dialed","$v":"डायल गरियो"},{"$i":"received","$v":"प्राप्त गरिएको"},{"$i":"canceled","$v":"रद्द गरियो"},{"$i":"missedCall","$v":"छुटेको कल"},{"$i":"missedCallMultiSims","$v":["(सिम ",{"t":"idOrVar","v":"n"},") कल गर्नुहोस्"]},{"$i":"mmi-error","$v":"सन्देश पठाउँदै गर्दा त्रुटि फेला पर्यो"},{"$i":"mmi-session-expired","$v":"सत्रको समय सकियो"},{"$i":"mmi-successfully-sent","$v":"सन्देश सफलतापूर्वक पठाइएको"},{"$i":"mmi-notification-title-with-sim","$v":["(",{"t":"idOrVar","v":"sim"},") ",{"t":"idOrVar","v":"title"}]},{"$i":"mute","ariaLabel":"म्यूट गर्नुहोस्"},{"$i":"newCall","ariaLabel":"नयाँ कल"},{"$i":"no-logs-msg-1","$v":"कुनै कल रेकर्डिङ छैनन्"},{"$i":"no-logs-msg-2","$v":"अहिले सञ्चारण सुरु गर्नुहोस्"},{"$i":"no-logs-msg-3","$v":"कुनै कल रेकर्डिङ छैनन्"},{"$i":"no-logs-msg-4","$v":"अहिले सञ्चारण सुरु गर्नुहोस्"},{"$i":"onHoldOption","ariaLabel":"होल्डमा"},{"$i":"outgoing","$v":"बहिर्गमन"},{"$i":"recents","ariaLabel":"हालैका कलहरू"},{"$i":"reply","$v":"जवाफ पठाउनुहोस्"},{"$i":"calllog-selectAll","$v":"सबै चयन गर्नुहोस्"},{"$i":"send","$v":"पठाउनुहोस्"},{"$i":"switch-calls","$v":"कलहरू स्विच गर्नुहोस्"},{"$i":"withheld-number","$v":"अज्ञात"},{"$i":"from-contact","$v":[{"t":"idOrVar","v":"contact"}," बाट"]},{"$i":"from-number","$v":[{"t":"idOrVar","v":"number"}," बाट"]},{"$i":"from-withheld-number","$v":"अज्ञात नम्बरबाट"},{"$i":"sending","$v":"पठाउँदै..."},{"$i":"speakerOption","ariaLabel":"स्पिकर"},{"$i":"ussd-services","$v":[{"t":"idOrVar","v":"operator"}," सेवाहरू"]},{"$i":"toggleKeypad","ariaLabel":"टगल किप्याड"},{"$i":"type-your-response","placeholder":"आफ्नो प्रतिक्रिया टाइप गर्नुहोस्..."},{"$i":"clear-all-text","$v":"सबै पाठ खाली गर्नुहोस्"},{"$i":"hide","$v":"लुकाउनुहोस्"},{"$i":"call","$v":"कल गर्नुहोस्"},{"$i":"hold","ariaLabel":"होल्ड गर्नुहोस्"},{"$i":"resume","$v":"पुनः सुरु गर्नुहोस्","ariaLabel":"पुनः सुरु गर्नुहोस्"},{"$i":"sendSms","$v":"सन्देश टाइप गर्नुहोस्"},{"$i":"callEnded","$v":"कल समाप्त भयो"},{"$i":"via-sim","$v":["SIM",{"t":"idOrVar","v":"n"}," मार्फत"]},{"$i":"sim-number","$v":["SIM",{"t":"idOrVar","v":"n"}]},{"$i":"unknown","$v":"अज्ञात"},{"$i":"hangup-a11y-button","ariaLabel":"राख्नुहोस्"},{"$i":"pickup-a11y-button","ariaLabel":"पिक अप गर्नुहोस्"},{"$i":"unlock-a11y-button","ariaLabel":"स्लाइडर"},{"$i":"settings","$v":"सेटिङ्हरू"},{"$i":"tcl-delete-log","$v":"तपाईं निश्चित रूपमा कल लगमा चयन गरिएका प्रविष्टिहरू मेटाउन चाहनुहुन्छ?"},{"$i":"delete-n-log?","$v":{"zero":"केहीपनि चयन गरिएन","one":"चयन गरिएका लग मेटाउने?","two":[{"t":"idOrVar","v":"n"}," लगहरू मेटाउने?"],"few":[{"t":"idOrVar","v":"n"}," लगहरू मेटाउने?"],"many":[{"t":"idOrVar","v":"n"}," लगहरू मेटाउने?"],"other":[{"t":"idOrVar","v":"n"}," लगहरू मेटाउने?"]},"$x":[{"t":"idOrVar","v":"plural"},"n"]},{"$i":"callDurationMinutes","$v":[{"t":"idOrVar","v":"m"},":",{"t":"idOrVar","v":"s"}]},{"$i":"callDurationHours","$v":[{"t":"idOrVar","v":"h"},":",{"t":"idOrVar","v":"m"},":",{"t":"idOrVar","v":"s"}]},{"$i":"callDurationTextFormatSeconds","$v":[{"t":"idOrVar","v":"s"}," सेकेण्ड"]},{"$i":"callDurationTextFormatMinutes","$v":[{"t":"idOrVar","v":"m"}," मिनेट ",{"t":"idOrVar","v":"s"}," सेकेण्ड"]},{"$i":"callDurationTextFormatHours","$v":[{"t":"idOrVar","v":"h"}," घण्टा ",{"t":"idOrVar","v":"m"}," मिनेट ",{"t":"idOrVar","v":"s"}," सेकेण्ड"]},{"$i":"suggestionMatches","$v":{"one":["\"",{"t":"idOrVar","v":"matchNumber"},"\" का लागि ",{"t":"idOrVar","v":"n"}," मेल खाने"],"two":["\"",{"t":"idOrVar","v":"matchNumber"},"\" का लागि ",{"t":"idOrVar","v":"n"}," मेल खाने"],"few":["\"",{"t":"idOrVar","v":"matchNumber"},"\" का लागि ",{"t":"idOrVar","v":"n"}," मेल खाने"],"many":["\"",{"t":"idOrVar","v":"matchNumber"},"\" का लागि ",{"t":"idOrVar","v":"n"}," मेल खाने"],"other":["\"",{"t":"idOrVar","v":"matchNumber"},"\" का लागि ",{"t":"idOrVar","v":"n"}," मेल खाने"]},"$x":[{"t":"idOrVar","v":"plural"},"n"]},{"$i":"scCallBarring","$v":"कल ब्यारिङ"},{"$i":"scCallForwarding","$v":"कल फोरवार्डिङ"},{"$i":"scClip","$v":"आगमन कलर ID"},{"$i":"scClir","$v":"बाहिरिने कलर ID"},{"$i":"scPwd","$v":"पासवर्ड परिवर्तन"},{"$i":"scCallWaiting","$v":"कल प्रतिक्षा"},{"$i":"scPin","$v":"PIN परिवर्तन"},{"$i":"scPin2","$v":"PIN2 परिवर्तन"},{"$i":"scPuk","$v":"PIN अनब्लक गर्नुहोस्"},{"$i":"scPuk2","$v":"PIN2 अनब्लक गर्नुहोस्"},{"$i":"scImei","$v":"IMEI"},{"$i":"scMeid","$v":"MEID"},{"$i":"scUssd","$v":"USSD"},{"$i":"serviceClassVoice","$v":"आवाज"},{"$i":"serviceClassData","$v":"डेटा"},{"$i":"serviceClassFax","$v":"FAX"},{"$i":"serviceClassSms","$v":"SMS"},{"$i":"serviceClassDataSync","$v":"सिंक गर्नुहोस्"},{"$i":"serviceClassDataAsync","$v":"Async"},{"$i":"serviceClassPacket","$v":"प्याकेट"},{"$i":"serviceClassPad","$v":"PAD"},{"$i":"smServiceEnabled","$v":"सेवा सक्षम पारियो"},{"$i":"smServiceDisabled","$v":"सेवा असक्षम पारिएको छ"},{"$i":"smServiceRegistered","$v":"दर्ता सफल भयो"},{"$i":"smServiceErased","$v":"मेटाउने सफल भयो"},{"$i":"smServiceInterrogated","$v":"अनुरोध सफलतापूर्वक भयो"},{"$i":"smServiceNotProvisioned","$v":"सेवाको व्यवस्था छैन"},{"$i":"smClirPermanent","$v":"तपाईंले कलर ID सेटिङ परिवर्तन गर्न सक्नुहुन्न"},{"$i":"smClirDefaultOnNextCallOn","$v":"कलर ID प्रतिबन्धितमा पूर्वनिर्धारितहरूमा छ। अर्को कल: प्रतिबन्धित"},{"$i":"smClirDefaultOnNextCallOff","$v":"कलर ID प्रतिबन्धितमा पूर्वनिर्धारितहरूमा छ। अर्को कल: प्रतिबन्धित छैन"},{"$i":"smClirDefaultOffNextCallOn","$v":"कलर ID पूर्वनिर्धारितदेखि प्रतिबन्धित छैन। अर्को कल: प्रतिबन्धित"},{"$i":"smClirDefaultOffNextCallOff","$v":"कलर ID पूर्वनिर्धारितदेखि प्रतिबन्धित छैन। अर्को कल: प्रतिबन्धित छैन"},{"$i":"smServiceEnabledFor","$v":"निम्न उल्लेखितको लागि सेवा सक्षम पारियो:"},{"$i":"smPinChanged","$v":"PIN सफलतापूर्वक परिवर्तन भयो"},{"$i":"smPinUnblocked","$v":"PIN सफलतापूर्वक अनब्लक भयो"},{"$i":"smPin2Changed","$v":"PIN2 सफलतापूर्वक परिवर्तन भयो"},{"$i":"smPin2Unblocked","$v":"PIN2 सफलतापूर्वक अनब्लक गरियो"},{"$i":"ServiceIsEnabled","$v":"सेवा सक्षम गरिएको"},{"$i":"ServiceIsDisabled","$v":"सेवा असक्षम पारिएको"},{"$i":"ServiceIsEnabledFor","$v":"यसका लागि सेवा सक्षम गरियो:"},{"$i":"emMmiError","$v":"जडान समस्या वा अमान्य MMI कोड"},{"$i":"emMmiErrorPasswordIncorrect","$v":"गलत पासवर्ड"},{"$i":"emMmiErrorNotSupported","$v":"अमान्य वा असमर्थित MMI कोड"},{"$i":"emMmiErrorInvalidAction","$v":"अवैध कार्य"},{"$i":"emMmiErrorInvalidScCode","$v":"अमान्य सेवा कोड"},{"$i":"emMmiErrorBadPuk","$v":"तपाईंले टाइप गर्नुभएको PUK गलत छ"},{"$i":"emMmiErrorBadPin","$v":"तपाईंले टाइप गर्नुभएको पुरानो PIN गलत छ"},{"$i":"emMmiErrorNeedPuk2","$v":"SIM कार्डलाई अन-अवरुद्ध गर्नका लागि PUK2 टाइप गर्नुहोस्"},{"$i":"emMmiErrorMismatchPin","$v":"तपाईंले टाइप गर्नुभएको PIN हरू मेल खाँदैनन्"},{"$i":"emMmiErrorInvalidPin","$v":"4 देखि 8 वटा नम्बरसम्म भएको एउटा PIN टाइप गर्नुहोस्"},{"$i":"emMmiErrorNeedsPuk","$v":"तपाईंको SIM कार्ड PUK-लक भएको छ"},{"$i":"emMmiErrorEnablePin","$v":"असफल। SIM/RUIM लकलाई सक्षम पार्नुहोस्"},{"$i":"emMmiErrorMmiFdn","$v":"अपरेशन निश्चित डायल नम्बरहरूको लागि मात्र प्रतिबन्धित छ"},{"$i":"emMmiErrorStkCcUssdDial","$v":"USSD अनुरोध DIAL अनुरोधमा परिमार्जन गरिएको छ"},{"$i":"emMmiErrorStkCcUssdSs","$v":"USSD अनुरोध SS अनुरोधमा परिमार्जन गरिएको छ"},{"$i":"emMmiErrorStkCcUssdUssd","$v":"USSD अनुरोध नयाँ USSD अनुरोधमा परिमार्जन गरिएको छ"},{"$i":"emMmiErrorStkCcSsDial","$v":"SS अनुरोधलाई DIAL अनुरोधमा परिमार्जन गरिएको छ"},{"$i":"emMmiErrorStkCcSsUssd","$v":"SS अनुरोध USSD अनुरोधमा परिमार्जन गरिएको छ"},{"$i":"emMmiErrorStkCcSsSs","$v":"SS अनुरोधलाई नयाँ SS अनुरोधमा परिमार्जन गरिएको छ"},{"$i":"emMmiErrorPinPukAttempts","$v":{"one":[{"t":"idOrVar","v":"n"}," पुन: प्रयास बायाँ मात्र"],"two":[{"t":"idOrVar","v":"n"}," पुन: प्रयासहरू बाँकी"],"few":[{"t":"idOrVar","v":"n"}," पुन: प्रयासहरू बाँकी"],"many":[{"t":"idOrVar","v":"n"}," पुन: प्रयासहरू बाँकी"],"other":[{"t":"idOrVar","v":"n"}," पुन: प्रयासहरू बाँकी"]},"$x":[{"t":"idOrVar","v":"plural"},"n"]},{"$i":"emMmiErrorSimBlocked","$v":"अधिकतम पुन:प्रयासहरूको नम्बर नाघ्यो। SIM रोकिएको छ"},{"$i":"RadioNotAvailable","$v":"रेडियो उपलब्ध छैन"},{"$i":"GenericFailure","$v":"जेनेरिक असफलता"},{"$i":"PasswordIncorrect","$v":"पासवर्ड गलत छ"},{"$i":"SimPin2","$v":"SIM PIN2"},{"$i":"SimPuk2","$v":"SIM PUK2"},{"$i":"RequestNotSupported","$v":"अनुरोध समर्थित भएन"},{"$i":"OpNotAllowedDuringVoiceCall","$v":"भ्वाइस कल चलिरहेको बेला कार्य गर्न पाइँदैन"},{"$i":"SmsSendFailRetry","$v":"SMS ले असफल प्रयास पठायो"},{"$i":"SimAbsent","$v":"SIM अनुपस्थित"},{"$i":"SubscriptionNotAvailable","$v":"सदस्यता उपलब्ध छैन"},{"$i":"ModeNotSupported","$v":"मोड समर्थित छैन"},{"$i":"FdnCheckFailure","$v":"Fdn जाँच असफलता"},{"$i":"IllegalSimOrMe","$v":"गैरकानूनी SIM वाME"},{"$i":"DialModifiedToUssd","$v":"USSDको लागि डायल संशोधित"},{"$i":"DialModifiedToSs","$v":"एसएसको लागि डायल संशोधित"},{"$i":"DialModifiedToDial","$v":"डायलको लागि डायल संशोधित"},{"$i":"UssdModifiedToDial","$v":"USSD लाई डाइलमा परिमार्जन गरियो"},{"$i":"UssdModifiedToSs","$v":"SS लाई USSD मा परिमार्जन गरियो"},{"$i":"UssdModifiedToUssd","$v":"USSD लाई USSD मा परिमार्जन गरियो"},{"$i":"SsModifiedToDial","$v":"SS लाई डाइलमा परिमार्जन गरियो"},{"$i":"SsModifiedToUssd","$v":"SS लाई USSD मा परिमार्जन गरियो"},{"$i":"SsModifiedToSs","$v":"SS लाई SS मा परिमार्जन गरियो"},{"$i":"SubscriptionNotSupported","$v":"सदस्यता समर्थित छैन"},{"$i":"InvalidParameter","$v":"अमान्य मापदण्ड"},{"$i":"RejectedByRemote","$v":"रिमोटबाट अस्वीकृत"},{"$i":"conferenceCall","$v":["कन्फेरेन्स (",{"t":"idOrVar","v":"n"},")"]},{"$i":"caller-left-call","$v":[{"t":"idOrVar","v":"caller"}," कलबाट बाहिरिनुभएको छ।"]},{"$i":"conferenceAddError","$v":"कलहरू मर्ज गर्न सकेन"},{"$i":"conferenceRemoveError","$v":"कलहरू अनमर्ज गर्न सकेन"},{"$i":"longDateFormat","$v":"%A, %b %e"},{"$i":"select-audio-sources","$v":"अडियो स्रोतहरू चयन गर्नुहोस्"},{"$i":"bluetooth-handsfree-device","$v":"ब्लूटुथ ह्याण्डस्फ्री यन्त्र"},{"$i":"receiver","$v":"प्रापक"},{"$i":"speaker","$v":"स्पिकर"},{"$i":"tcl-cancel","$v":"रद्द गर्नुहोस्"},{"$i":"tcl-dialer","$v":"डायलर"},{"$i":"tcl-confirmation","$v":"पुष्टिकरण"},{"$i":"log-item","$v":"विकल्पहरू"},{"$i":"tcl-assign-speed-dial","$v":{"$o":["बटन \"",{"t":"idOrVar","v":"speedDial"},"\" मा स्पिड डायलको रूपमा सम्पर्कलाई थपिएन। <br><br>अहिले निर्दिष्ट गर्ने?"]}},{"$i":"tcl-assign","$v":"स्वीकृति"},{"$i":"select","$v":"चयन गर्नुहोस्"},{"$i":"view-all","$v":"सबै हेर्नुहोस्"},{"$i":"search-results","$v":"खोज परिणामहरू"},{"$i":"no-recent-numbers","$v":"त्यहाँ डायल गर्न फोन लगहरूमा अहिलेको नम्बरहरू छैनन।"},{"$i":"wifi-calling","$v":"WiFi कलिङ"},{"$i":"dialer-prompt","$v":"कल थप्न सम्पर्क चयन वा नम्बर डायल गर्नुहोस्"},{"$i":"hours","$v":"घण्टा"},{"$i":"minutes","$v":"मिनेट"},{"$i":"seconds","$v":"सेकेण्ड"},{"$i":"voicemailNoNumberTitle","$v":"भ्वाइसमेल नम्बर अनुपलब्ध छ"},{"$i":"voicemailNoNumberText","$v":"भ्वाइसमेललाई कल गर्न सकेन कललाई प्रतिस्थापन गर्न भ्वाइसमेल सेट अप गर्नुहोस्।"},{"$i":"voicemailNoNumberSettings","$v":"सेटिङ्हरू"},{"$i":"voicemailNoNumberCancel","$v":"रद्द गर्नुहोस्"},{"$i":"phoneNumberInput","ariaLabel":"फोन नम्बर"},{"$i":"keypadDelete","ariaLabel":"मेट्नुहोस्"},{"$i":"voiceMailKey","ariaLabel":"भ्वाइस मेल"},{"$i":"asterisk","ariaLabel":"तारा चिह्न"},{"$i":"hashSign","ariaLabel":"साइन इन छ"},{"$i":"loadingSimContacts","$v":"SIM कार्डको सम्पर्कहरू लोड हुदै..."},{"$i":"noContactsWereFound","$v":"कुनै सम्पर्कहरू फेला परेनन्"},{"$i":"noContactsFoundDialogOk","$v":"ठीक छ"},{"$i":"emergencyNumber","$v":"आपतकालीन नम्बर"},{"$i":"callAirplaneModeMessage","$v":"सम्पर्क राख्न चाहनु हुन्छ भनी तपाईंले सेटिङहरूमा गएर हवाइजहाज मोडलाई असक्षम गर्नुपर्छ"},{"$i":"callAirplaneModeBtnOk","$v":"ठीक छ"},{"$i":"callAirplaneModeTitle","$v":"विमान मोड सक्रिय भयो"},{"$i":"numberIsBusyTitle","$v":"नम्बर ब्यस्त छ"},{"$i":"numberIsBusyMessage","$v":"नम्बर हालैमा व्यस्त छ। कृपया पछि फेरि प्रयास गर्नुहोस्।"},{"$i":"fdnIsActiveTitle","$v":"FDN सक्रिय"},{"$i":"fdnIsActiveMessage","$v":["FDN (फिक्स्ड डायलिङ नम्बर) सक्रिय भयो र तपाईंको FDN नम्बर निम्नलिखित सुचीमा छैन्: ",{"t":"idOrVar","v":"number"}]},{"$i":"emergencyDialogBodyBadNumber","$v":"सम्पर्क राख्न चाहनु हुन्छ भनि फोनलाई नेटवर्कमा जडान गरिएको हुनुपर्छ"},{"$i":"emergencyDialogBodyDeviceNotAccepted","$v":"आपतकालीन कलहरू नेटवर्कद्वारा अनुमति छैन्।"},{"$i":"emergencyDialogBtnOk","$v":"ठीक छ"},{"$i":"emergencyDialogTitle","$v":"नेटवर्क जडान छैन"},{"$i":"invalidNumberToDialTitle","$v":"अवैधानिक फोन नम्बर"},{"$i":"invalidNumberToDialMessage","$v":"तपाईंले सम्पर्क गर्नु भएको फोन उपलब्ध छैन्"},{"$i":"unableToCallTitle","$v":"अहिले फोन कल गर्न सकेन"},{"$i":"unableToCallMessage","$v":"फोन गर्न सक्दैन। डाइलिङ गर्न तयार हुनुहुन्छ भने, कृपया पहिला फोन राख्नुहोस्।"},{"$i":"otherConnectionInUseTitle","$v":"अन्य जडानलाई प्रयोग गर्नुहोस्"},{"$i":"otherConnectionInUseMessage","$v":"तपाईंसँग अर्को जडानमा सक्रिय कल छ। एक पटकमा तपाईंले एउटा मात्र जडान गर्न सक्नुहुन्छ?"},{"$i":"tcl-call-log","$v":"कल लग"},{"$i":"tcl-contacts","$v":"सम्पर्कहरू"},{"$i":"tcl-call","$v":"कल गर्नुहोस्"},{"$i":"tcl-add-contact","$v":"विद्यमान सम्पर्कमा थप्नुहोस्"},{"$i":"tcl-create-contact","$v":"नयाँ सम्पर्क सिर्जना गर्नुहोस्"},{"$i":"tcl-add-speed-dial","$v":"स्पिड डाइलमा थप्नुहोस्"},{"$i":"sim-with-index-and-carrier","$v":["SIM ",{"t":"idOrVar","v":"index"}," - ",{"t":"idOrVar","v":"carrier"}]},{"$i":"sim-without-carrier","$v":["SIM ",{"t":"idOrVar","v":"index"}]}]