[{"$i":"confirmMsg","$v":[{"t":"idOrVar","v":"deviceId"}," ଆପଣଙ୍କ ସମ୍ପର୍କଗୁଡିକ ଏବଂ କଲ୍ ଇତିହାସ ଆକସେସ୍ କରିବାକୁ ଚାହେଁ, ସ୍ବୀକାର କରିବେ ?"]},{"$i":"responseMsg","$v":[{"t":"idOrVar","v":"deviceId"}," ପାଇଁ କୀ"]},{"$i":"confirmTitle","$v":"ଫୋନବୁକ୍ ଆକ୍‌ସେସ୍ ଅନୁରୋଧ"},{"$i":"responseTitle","$v":"ବ୍ଲୁଟୁଥ୍ ସେଶନ୍ କୀ ଆବଶ୍ୟକ"},{"$i":"initialValue","$v":"ସେଶନ କୀ ପ୍ରବେଶ କରନ୍ତୁ"},{"$i":"gaia-menu-cancel","$v":"ବାତିଲ କରନ୍ତୁ"},{"$i":"gaia-sim-picker-dial-via-with-number","$v":[{"t":"idOrVar","v":"phoneNumber"}," ମାଧ୍ୟମରେ ଡାୟଲ୍ କରନ୍ତୁ"]},{"$i":"gaia-sim-picker-select-sim","$v":"ସିମ୍ ଚୟନ କରନ୍ତୁ"},{"$i":"gaia-sim-picker-button","$v":["ସିମ୍‌",{"t":"idOrVar","v":"n"}]},{"$i":"gaia-sim-picker-button-default","$v":"(ଡିଫଲ୍ଟ)"},{"$i":"softkey-options","$v":"ବିକଳ୍ପଗୁଡିକ"},{"$i":"details","countcall":"କଲ୍ କରନ୍ତୁ"},{"$i":"edit","$v":"ସମ୍ପାଦନ କରନ୍ତୁ"},{"$i":"cancel","$v":"ବାତିଲ କରନ୍ତୁ"},{"$i":"done","$v":"ସମ୍ପୁର୍ଣ୍ଣ"},{"$i":"ok","$v":"ଓକେ"},{"$i":"update","$v":"ଅପ୍‌ଡେଟ୍ କରନ୍ତୁ"},{"$i":"retry","$v":"ପୁନଃଚେଷ୍ଟା କରନ୍ତୁ"},{"$i":"view","$v":"ଦେଖନ୍ତୁ"},{"$i":"search","$v":"ସନ୍ଧାନ କରନ୍ତୁ"},{"$i":"contacts","$v":"ସମ୍ପର୍କଗୁଡିକ"},{"$i":"addContact","$v":"ସମ୍ପର୍କ ଯୋଡ଼ନ୍ତୁ"},{"$i":"deleteContact","$v":"ସମ୍ପର୍କ ବିଲୋପ କରନ୍ତୁ"},{"$i":"selectContact","$v":"ସମ୍ପର୍କ ଚୟନ କରନ୍ତୁ"},{"$i":"selectAll","$v":"ସମସ୍ତ ଚୟନ କରନ୍ତୁ"},{"$i":"deselect","$v":"ଅଣଚୟନ କରନ୍ତୁ"},{"$i":"deselectAll","$v":"ସମସ୍ତ ଅଣଚୟନ କରନ୍ତୁ"},{"$i":"editContact","$v":"ସମ୍ପର୍କ ସମ୍ପାଦନ କରନ୍ତୁ"},{"$i":"deleteConfirmMsg","$v":"ସମ୍ପର୍କ ବିଲୋପ କରିବେ ?"},{"$i":"remove","$v":"ଅପସାରଣ କରନ୍ତୁ"},{"$i":"delete","$v":"ବିଲୋପ କରନ୍ତୁ"},{"$i":"comments","$v":"ମନ୍ତବ୍ୟଗୁଡିକ"},{"$i":"no_contact_phones","$v":"ଏହି ସମ୍ପର୍କରେ ଫୋନ୍ ନମ୍ଵର ନାହିଁ |"},{"$i":"no_contact_email","$v":"ଏହି ସମ୍ପର୍କରେ ଇମେଲ୍ ଆଡ୍ରେସ୍ ନାହିଁ |"},{"$i":"no_contact_data","$v":"ଏହି ସମ୍ପର୍କରେ ଫୋନ୍ ନମ୍ଵର ଏବଂ ଇମେଲ୍ ଆଡ୍ରେସ୍ ନାହିଁ |"},{"$i":"removePhotoConfirm","$v":"ସମ୍ପର୍କ ଫଟୋ ଅପସାରଣ କରିବେ ?"},{"$i":"loadingContacts","$v":"ସମ୍ପର୍କଗୁଡିକ ଲୋଡ୍ ହେଉଛି..."},{"$i":"noContactsActivity2","$v":"ଆପଣଙ୍କ ସମ୍ପର୍କ ଲିଷ୍ଟ୍‌ରେ କୌଣସି ସମ୍ପର୍କ ନାହିଁ"},{"$i":"noName","$v":"କୌଣସି ନାମ ନାହିଁ"},{"$i":"givenName","$v":"ପ୍ରଥମ ନାମ"},{"$i":"familyName","$v":"ଉପନାମ"},{"$i":"tel","$v":"ଫୋନ୍"},{"$i":"carrier","$v":"କ୍ୟାରିୟର୍","placeholder":"କ୍ୟାରିୟର୍"},{"$i":"separator","$v":","},{"$i":"email","$v":"ଇମେଲ୍"},{"$i":"streetAddress","$v":"ମାର୍ଗ"},{"$i":"postalCode","$v":"ଜିପ୍‌ କୋଡ୍"},{"$i":"locality","$v":"ସହର"},{"$i":"countryName","$v":"ଦେଶ"},{"$i":"comment","$v":"ମନ୍ତବ୍ୟ"},{"$i":"org","$v":"କମ୍ପାନୀ"},{"$i":"date","$v":"ତାରିଖ","placeholder":"ତାରିଖ"},{"$i":"date-span-placeholder","$v":"ତାରିଖ"},{"$i":"birthday","$v":"ଜନ୍ମଦିନ"},{"$i":"dateFormat","$v":"%b %e"},{"$i":"dateOutput","$v":[{"t":"idOrVar","v":"dayMonthFormatted"}," ",{"t":"idOrVar","v":"year"}]},{"$i":"anniversary","$v":"ଆନିଭର୍ସରୀ"},{"$i":"addPhoto","$v":"ଫଟୋ ଯୋଡ଼ନ୍ତୁ"},{"$i":"addPhone","$v":"ଫୋନ୍ ଯୋଡ଼ନ୍ତୁ"},{"$i":"addEmail","$v":"ଇମେଲ୍ ଯୋଡ଼ନ୍ତୁ"},{"$i":"addAddress","$v":"ଠିକଣା ଯୋଡ଼ନ୍ତୁ"},{"$i":"addDate","$v":"ତାରିଖ ଯୋଡ଼ନ୍ତୁ"},{"$i":"addComment","$v":"ନୋଟ୍ ଯୋଡ଼ନ୍ତୁ"},{"$i":"addFavorite","$v":"ପସନ୍ଦିତା ଭାବେ ଯୋଡ଼ନ୍ତୁ"},{"$i":"removeFavorite","$v":"ପସନ୍ଦିତାରୁ ଅପସାରଣ କରନ୍ତୁ"},{"$i":"addButton","ariaLabel":"ଯୋଡ଼ନ୍ତୁ"},{"$i":"editButton","ariaLabel":"ସମ୍ପାଦନ କରନ୍ତୁ"},{"$i":"settingsButton","ariaLabel":"ସେଟିଂସ୍"},{"$i":"phoneDetail","ariaLabel":"ଫୋନ୍"},{"$i":"emailDetail","ariaLabel":"ଇମେଲ୍"},{"$i":"addressDetail","ariaLabel":"ଠିକଣା"},{"$i":"dateDetail","ariaLabel":"ତାରିଖ"},{"$i":"composeEmail","ariaLabel":"ଇମେଲ୍"},{"$i":"makeCall","ariaLabel":"କଲ୍ କରନ୍ତୁ"},{"$i":"phones","ariaLabel":"ଫୋନ୍‌ଗୁଡିକ"},{"$i":"emails","ariaLabel":"ଇମେଲ୍"},{"$i":"addresses","ariaLabel":"ଠିକଣାଗୁଡିକ"},{"$i":"dates","ariaLabel":"ତାରିଖ"},{"$i":"notes","ariaLabel":"ନୋଟ୍"},{"$i":"exit","$v":"ପ୍ରସ୍ଥାନ କରନ୍ତୁ"},{"$i":"expand","$v":"ବିସ୍ତାରିତ କରନ୍ତୁ"},{"$i":"labelName","$v":"ନାମ:"},{"$i":"labelLastName","$v":"ଉପନାମ:"},{"$i":"labelPhoneNumber","$v":"ଫୋନ୍ ନମ୍ଵର:"},{"$i":"labelCarrier","$v":"ବାହାକ:"},{"$i":"labelEmail","$v":"ଇମେଲ୍:"},{"$i":"labelStreet","$v":"ମାର୍ଗ:"},{"$i":"labelZip","$v":"ଜିପ୍‌ କୋଡ୍:"},{"$i":"labelCity","$v":"ସହର:"},{"$i":"labelCountry","$v":"ଦେଶ:"},{"$i":"labelComment","$v":"ମନ୍ତବ୍ୟ:"},{"$i":"legendTitleMain","$v":"ମୁଖ୍ୟ ସୂଚନା"},{"$i":"legendPhones","$v":"ଫୋନ ନମ୍ବରଗୁଡିକ"},{"$i":"legendEmail","$v":"ଇମେଲ୍ ଆଡ୍ରେସ୍"},{"$i":"legendAddress","$v":"ଠିକଣା"},{"$i":"search-contact","placeholder":"ସନ୍ଧାନ କରନ୍ତୁ"},{"$i":"noResults","$v":"କୌଣସି ସମ୍ପର୍କ ମିଳିଲା ନାହିଁ"},{"$i":"transferContactsTitle","$v":"ସମ୍ପର୍କଗୁଡିକ ସ୍ଥାନାନ୍ତର କରନ୍ତୁ"},{"$i":"importContactsTitle","$v":"ସମ୍ପର୍କଗୁଡିକ ଆମଦାନୀ କରନ୍ତୁ"},{"$i":"importContactsButton","$v":"ସମ୍ପର୍କଗୁଡିକ ଆମଦାନୀ କରନ୍ତୁ"},{"$i":"exportContactsTitle","$v":"ସମ୍ପର୍କଗୁଡ଼ିକ ରପ୍ତାନୀ କରନ୍ତୁ"},{"$i":"exportContactsButton","$v":"ସମ୍ପର୍କଗୁଡ଼ିକ ରପ୍ତାନୀ କରନ୍ତୁ"},{"$i":"exportContactsAction","$v":"ରପ୍ତାନୀ କରନ୍ତୁ"},{"$i":"simExport-title","$v":"ସିମ୍‌କୁ ରପ୍ତାନୀ କରନ୍ତୁ"},{"$i":"memoryCardExport-title","$v":"ମେମୋରୀ କାର୍ଡ୍‌‌କୁ ରପ୍ତାନୀ କରନ୍ତୁ"},{"$i":"btExport-title","$v":"ବ୍ଲୁଟୁଥ୍‌କୁ ରପ୍ତାନୀ କରନ୍ତୁ"},{"$i":"memoryCardUMSEnabled","$v":"USB ଷ୍ଟୋରେଜ୍ ସକ୍ଷମ ଥିବା କାରଣରୁ ମେମୋରୀ କାର୍ଡ୍‌ ବ୍ୟବହାର କରିପାରିବେ ନାହିଁ"},{"$i":"exportErrorTitle","$v":"ତ୍ରୁଟି ରପ୍ତାନୀ କରନ୍ତୁ"},{"$i":"contactsExported2","$v":{"zero":"କୌଣସି ସମ୍ପର୍କ ରପ୍ତାନୀ ହୋଇନାହିଁ","one":[{"t":"idOrVar","v":"exported"},"/",{"t":"idOrVar","v":"total"}," ସମ୍ପର୍କଗୁଡିକ ରପ୍ତାନୀ ହୋଇଛି"],"two":[{"t":"idOrVar","v":"exported"},"/",{"t":"idOrVar","v":"total"}," ସମ୍ପର୍କଗୁଡିକ ରପ୍ତାନୀ ହୋଇଛି"],"few":[{"t":"idOrVar","v":"exported"},"/",{"t":"idOrVar","v":"total"}," ସମ୍ପର୍କଗୁଡିକ ରପ୍ତାନୀ ହୋଇଛି"],"many":[{"t":"idOrVar","v":"exported"},"/",{"t":"idOrVar","v":"total"}," ସମ୍ପର୍କଗୁଡିକ ରପ୍ତାନୀ ହୋଇଛି"],"other":[{"t":"idOrVar","v":"exported"},"/",{"t":"idOrVar","v":"total"}," ସମ୍ପର୍କଗୁଡିକ ରପ୍ତାନୀ ହୋଇଛି"]},"$x":[{"t":"idOrVar","v":"plural"},"exported"]},{"$i":"exportError-general","$v":"ରପ୍ତାନୀ ସମୟରେ କିଛି ତ୍ରୁଟି ଘଟିଛି |"},{"$i":"exportError-SD-shared","$v":"ଏହା ଅଂଶୀଦାର ହେବା କାରଣରୁ ମେମୋରୀ କାର୍ଡ୍‌ ଆକସେସ୍ କରିପାରିବେ ନାହିଁ |"},{"$i":"exportError-SD-unavailable","$v":"ମେମୋରୀ କାର୍ଡ୍‌ ଉପଲବ୍ଧ ନାହିଁ |"},{"$i":"exportError-SD-noSpace","$v":"ସମ୍ପର୍କଗୁଡିକ ରପ୍ତାନୀ କରିବାକୁ ମେମୋରୀ କାର୍ଡରେ ପର୍ଯ୍ୟାପ୍ତ ସ୍ଥାନ ନାହିଁ |"},{"$i":"exportError-SIM-unavailable","$v":"ସିମ୍‌ କାର୍ଡ୍ ଉପଲବ୍ଧ ନାହିଁ |"},{"$i":"exportError-BT-shared","$v":"ଏହା ଅଂଶୀଦାର ହେବା କାରଣରୁ ମେମୋରୀ କାର୍ଡ୍‌ ଆକସେସ୍ କରିପାରିବେ ନାହିଁ |"},{"$i":"exportError-BT-unavailable","$v":"ମେମୋରୀ କାର୍ଡ୍‌ ଉପଲବ୍ଧ ନାହିଁ |"},{"$i":"exportError-BT-noSpace","$v":"ସମ୍ପର୍କଗୁଡିକ ରପ୍ତାନୀ କରିବାକୁ ମେମୋରୀ କାର୍ଡରେ ପର୍ଯ୍ୟାପ୍ତ ସ୍ଥାନ ନାହିଁ |"},{"$i":"social-network","$v":"ସୋସିଆଲ୍ ନେଟ୍‌ୱାର୍କଗୁଡିକ"},{"$i":"social-link","$v":"ସମ୍ପର୍କଗୁଡିକ ଲିଙ୍କ୍ କରନ୍ତୁ"},{"$i":"social-unlink","$v":"ସମ୍ପର୍କ ଅନ୍‌ଲିଙ୍କ୍ କରନ୍ତୁ"},{"$i":"social-unlink-confirm-title","$v":"ଆପଣ ଆପଣଙ୍କ ବନ୍ଧୁଙ୍କୁ ଅନ୍‌ଲିଙ୍କ୍ କରିବାକୁ ଚାହାଁନ୍ତି ?"},{"$i":"social-unlink-confirm-accept","$v":"ଅନ୍‌ଲିଙ୍କ୍ କରନ୍ତୁ"},{"$i":"facebook-import","$v":"ଫେସ୍‌ବୁକ୍ ଫ୍ରେଣ୍ଡ୍ସ୍‌ଙ୍କୁ ଆମଦାନୀ କରନ୍ତୁ"},{"$i":"show-fb-profile","$v":"ଫେସ୍‌ବୁକ୍ ପ୍ରୋଫାଇଲ୍ ଦେଖନ୍ତୁ"},{"$i":"msg-send","$v":"ସନ୍ଦେଶ"},{"$i":"wall-post","$v":"ୱାଲ୍ ପୋଷ୍ଟ"},{"$i":"share-contact","$v":"ସମ୍ପର୍କ ଅଂଶୀଦାର କରନ୍ତୁ"},{"$i":"facebook-export-forbidden","$v":"ଫେସ୍‌ବୁକ୍ ବାଧା କାରଣରୁ ସମ୍ପର୍କ ଅଂଶୀଦାର ହୋଇପାରିବ ନାହିଁ |"},{"$i":"otherAccount","$v":"ଅନ୍ୟ ଆକାଉଣ୍ଟ"},{"$i":"facebookSwitchMsg","$v":"ବନ୍ଧୁଗଣ ସିଙ୍କ୍ କରନ୍ତୁ"},{"$i":"select_mobile","$v":"ମୋବାଇଲ୍ ଚୟନ କରନ୍ତୁ"},{"$i":"select_email","$v":"ଇମେଲ୍‌ଗୁଡିକ ଚୟନ କରନ୍ତୁ"},{"$i":"select_recipient","$v":"ପ୍ରାପ୍ତେଷୁ ଚୟନ କରନ୍ତୁ"},{"$i":"sort-by-first-name","$v":"ନାମ ଅନୁଯାୟୀ କ୍ରମବଦ୍ଧ କରନ୍ତୁ"},{"$i":"sort-by-last-name","$v":"ଉପନାମ ଅନୁଯାୟୀ କ୍ରମବଦ୍ଧ କରନ୍ତୁ"},{"$i":"importSim2","$v":"ସିମ୍ କାର୍ଡ"},{"$i":"importGmail","$v":"ଜିମେଲ୍"},{"$i":"bluetooth","$v":"ବ୍ଲୁଟୁଥ୍"},{"$i":"importOutlook","$v":"ଆଉଟ୍‌ଲୁକ"},{"$i":"fbUpdateFriends","$v":"ଆମଦାନୀ ହୋଇଥିବା ବନ୍ଧୁ ଅପ୍‌ଡେଟ୍ କରନ୍ତୁ"},{"$i":"cleaningFbData","$v":"ଫେସ୍‌ବୁକ୍ ଡାଟା ଅପସାରଣ ହେଉଛି"},{"$i":"loggingOutFb","$v":"ଫେସବୁକରୁ ଲଗ୍ ଆଉଟ୍ ହେଉଛି"},{"$i":"cleanFbConfirmMsg","$v":"ସମସ୍ତ ଫେସ୍‌ବୁକ୍ ଡାଟା ଅପସାରଣ କରିବେ ?"},{"$i":"renewPwdMsg","$v":"ଫେସବୁକରେ ଆପଣଙ୍କ ପାସ୍‌ୱାର୍ଡ୍ ପରିବର୍ତ୍ତନ ହୋଇଛି। ଦୟାକରି, ଏହା ଅପ୍‌ଡେଟ୍ କରନ୍ତୁ |"},{"$i":"notEnabledYet","$v":"ଏପର୍ଯ୍ୟନ୍ତ ସକ୍ଷମ ହୋଇନାହିଁ"},{"$i":"genericNoConnection","$v":"ସମ୍ପର୍କଗୁଡିକ ଆମଦାନୀ କରିବାକୁ Wi-Fi କିମ୍ୱା ଡାଟା ନେଟୱାର୍କ୍ ସଂଯୋଗ କରନ୍ତୁ |"},{"$i":"bluetoothNoConnection","$v":"ବ୍ଲୁଟୁଥ୍ ଡିଭାଇସ୍ ସଂଯୋଗ କରିବାକୁ ସମ୍ପର୍କଗୁଡିକ ରପ୍ତାନୀ କରନ୍ତୁ।"},{"$i":"simCard","$v":"ସିମ୍ କାର୍ଡ"},{"$i":"memoryCard","$v":"ମେମୋରୀ କାର୍ଡ୍‌"},{"$i":"simNumberNoMSISDN","$v":["ସିମ୍ ",{"t":"idOrVar","v":"number"}]},{"$i":"simNumberWithMSISDN","$v":["ସିମ୍‌ ",{"t":"idOrVar","v":"number"},": ",{"t":"idOrVar","v":"msisdn"}]},{"$i":"ICEContactsGroup","$v":"ICE ସମ୍ପର୍କଗୁଡିକ"},{"$i":"setICEButton","$v":"ICE ସମ୍ପର୍କଗୁଡିକ ସେଟ୍ କରନ୍ତୁ"},{"$i":"ICESettingTitle","$v":"ICE ସମ୍ପର୍କଗୁଡିକ"},{"$i":"ICEDescription","$v":"ଜରୁରିକାଳୀନ ସ୍ଥିତିରେ କଲ୍ କରିବା ପାଇଁ ପାଞ୍ଚଟି ସମ୍ପର୍କ ଯୋଡନ୍ତୁ"},{"$i":"ICEContact1","$v":"ICE ସମ୍ପର୍କ 1"},{"$i":"tcl-ice-contact-1-added","$v":"ICE ସମ୍ପର୍କ 1 ଯୋଡାଯାଇଛି"},{"$i":"ICESelectContact","$v":"ଏକ ସମ୍ପର୍କ ଚୟନ କରନ୍ତୁ"},{"$i":"ICEContact2","$v":"ICE ସମ୍ପର୍କ 2"},{"$i":"tcl-ice-contact-2-added","$v":"ICE ସମ୍ପର୍କ 2 ଯୋଡାଯାଇଛି"},{"$i":"ICERepeatedContact","$v":"ଏହି ସମ୍ପର୍କ ପୂର୍ବରୁ ବିଦ୍ୟମାନ ଏକ ICE ସମ୍ପର୍କ ଅଟେ"},{"$i":"ICEUnknownError","$v":"ସମ୍ପର୍କକୁ ICE ଭାବେ ସେଟିଂ କରିବାକୁ ଏକ ତ୍ରୁଟି ହୋଇଛି"},{"$i":"ICEContactNoNumber","$v":"ଏହି ସମ୍ପର୍କରେ ଫୋନ୍ ନମ୍ଵର ନାହିଁ"},{"$i":"ICEFacebookContactNotAllowed","$v":"ଫେସ୍‌ବୁକ୍ ସମ୍ପର୍କଗୁଡ଼ିକ ICE ସମ୍ପର୍କଗୁଡ଼ିକ ଭାବେ ସେଟ୍ ହୋଇପାରିବ ନାହିଁ"},{"$i":"ICEContactDelTel","$v":"ବିଲୋପିତ ଫୋନ୍ ନମ୍ଵରଗୁଡିକ ICE ସମ୍ପର୍କରୁ ଅପସାରଣ ହୋଇଛି |"},{"$i":"ICEContactDelTelAll","$v":"ସମସ୍ତ ନମ୍ବର ବିଲୋପିତ। ICE ସମ୍ପର୍କଗୁଡିକରୁ ଏହି ସମ୍ପର୍କ ଅପସାରଣ ହୋଇଛି |"},{"$i":"delete-ice-contact-warning","$v":"ଆପଣ ICE ସମ୍ପର୍କ ଅପସାରଣ କରିବାକୁ ଚାହାଁନ୍ତି  ?"},{"$i":"add","$v":"ଯୋଡ଼ନ୍ତୁ"},{"$i":"no-contacts","$v":"କୌଣସି ସମ୍ପର୍କ ନାହିଁ"},{"$i":"start-adding","$v":"ସମ୍ପର୍କଗୁଡିକ ଯୋଡିବାକୁ ନୂତନ ସମ୍ପର୍କ ଦବାନ୍ତୁ |"},{"$i":"notImported","$v":"ଆମଦାନୀ ହୋଇନାହିଁ"},{"$i":"imported","$v":"ଆମଦାନୀ ହୋଇଛି"},{"$i":"today","$v":"ଆଜି"},{"$i":"yesterday","$v":"ଗତକାଲି"},{"$i":"messageCanceling","$v":"ଦୟାକରି ଧରି ରଖନ୍ତୁ। ଆମେ ଚାଲୁଥିବା ସଞ୍ଚାଳନ ବାତିଲ କରୁଛୁ |"},{"$i":"organise-contacts","$v":"ସମ୍ପର୍କଗୁଡିକ ବ୍ୟବସ୍ଥିତ କରନ୍ତୁ"},{"$i":"find-merge-contacts","$v":"ନକଲ ସମ୍ପର୍କଗୁଡ଼ିକ ସନ୍ଧାନ କରନ୍ତୁ"},{"$i":"preparing-contacts","$v":"ସମ୍ପର୍କଗୁଡିକ ପ୍ରସ୍ତୁତ ହେଉଛି"},{"$i":"exportError-SIM-NoFreeRecordFound","$v":"ସିମ୍ କାର୍ଡ ପୂର୍ଣ୍ଣ ଅଛି"},{"$i":"exportError-SIM-CannotAccessPhoneBook","$v":"ସିମ୍‌ କାର୍ଡ୍‌ର ଫୋନ୍ ବୁକ୍ ଆକସେସ୍ କରିପାରିବେ ନାହିଁ"},{"$i":"exportError-SIM-Unavailable","$v":"କୌଣସି ସିମ୍‌ ଚିହ୍ନଟ ହୋଇନାହିଁ"},{"$i":"exportError-SIM-GenericError","$v":"ଏକ ସମ୍ପର୍କ ରପ୍ତାନୀ କରିବାବେଳେ ଏକ ତ୍ରୁଟି ଘଟିଛି"},{"$i":"noSimMsgExport","$v":"ସମ୍ପର୍କଗୁଡିକ ରପ୍ତାନୀ କରିବାକୁ ଆପଣଙ୍କ ସିମ୍‌ କାର୍ଡ୍ ପ୍ରବେଶ କିମ୍ୱା ଅନ୍‌ଲକ୍ କରନ୍ତୁ"},{"$i":"noMemoryCardMsgExport","$v":"ସମ୍ପର୍କଗୁଡିକ ରପ୍ତାନୀ କରିବାକୁ ମେମୋରୀ କାର୍ଡ୍‌ ପ୍ରବେଶ କରନ୍ତୁ"},{"$i":"ContactManagementTitle","$v":"ସମ୍ପର୍କ ପରିଚାଳନାବର୍ଗ"},{"$i":"DeleteTitle","$v":"ବିଲୋପ କରନ୍ତୁ"},{"$i":"bulkDeleteButton","$v":"ସମ୍ପର୍କଗୁଡ଼ିକ ବିଲୋପ କରନ୍ତୁ"},{"$i":"BulkDelCancel","$v":"ସମ୍ପର୍କଗୁଡିକର ବିଲୋପନ ବାତିଲ ହୋଇଛି"},{"$i":"DeletedTxt","$v":{"zero":"ବିଲୋପ କରିବାକୁ କୌଣସି ସମ୍ପର୍କ ନାହିଁ","one":"1 ସମ୍ପର୍କ ଅପସାରଣ ହୋଇଛି","two":[{"t":"idOrVar","v":"n"}," ସମ୍ପର୍କ ଅପସାରଣ ହୋଇଛି"],"few":[{"t":"idOrVar","v":"n"}," ସମ୍ପର୍କ ଅପସାରଣ ହୋଇଛି"],"many":[{"t":"idOrVar","v":"n"}," ସମ୍ପର୍କ ଅପସାରଣ ହୋଇଛି"],"other":[{"t":"idOrVar","v":"n"}," ସମ୍ପର୍କ ଅପସାରଣ ହୋଇଛି"]},"$x":[{"t":"idOrVar","v":"plural"},"n"]},{"$i":"DeletingContacts","$v":"ସମ୍ପର୍କ ବିଲୋପ ହେଉଛି"},{"$i":"ContactConfirmDel","$v":{"zero":"ବିଲୋପ କରିବାକୁ କୌଣସି ସମ୍ପର୍କ ନାହିଁ","one":"1 ସମ୍ପର୍କ ବିଲୋପ କରିବେ ? ଏହା ପୁନରୁଦ୍ଧାର ହୋଇପାରିବ ନାହିଁ |","two":[{"t":"idOrVar","v":"n"}," ଟି ସମ୍ପର୍କ ବିଲୋପ କରିବେ ? ଏହା ପୁନରୁଦ୍ଧାର ହୋଇପାରିବ ନାହିଁ |"],"few":[{"t":"idOrVar","v":"n"}," ଟି ସମ୍ପର୍କ ବିଲୋପ କରିବେ ? ଏହା ପୁନରୁଦ୍ଧାର ହୋଇପାରିବ ନାହିଁ |"],"many":[{"t":"idOrVar","v":"n"}," ଟି ସମ୍ପର୍କ ବିଲୋପ କରିବେ ? ଏହା ପୁନରୁଦ୍ଧାର ହୋଇପାରିବ ନାହିଁ |"],"other":[{"t":"idOrVar","v":"n"}," ଟି ସମ୍ପର୍କ ବିଲୋପ କରିବେ ? ଏହା ପୁନରୁଦ୍ଧାର ହୋଇପାରିବ ନାହିଁ |"]},"$x":[{"t":"idOrVar","v":"plural"},"n"]},{"$i":"SelectedTxt","$v":{"zero":[{"t":"idOrVar","v":"n"}," ଚୟନିତ"],"one":[{"t":"idOrVar","v":"n"}," ଚୟନିତ"],"two":[{"t":"idOrVar","v":"n"}," ଚୟନିତ"],"few":[{"t":"idOrVar","v":"n"}," ଚୟନିତ"],"many":[{"t":"idOrVar","v":"n"}," ଚୟନିତ"],"other":[{"t":"idOrVar","v":"n"}," ଚୟନିତ"]},"$x":[{"t":"idOrVar","v":"plural"},"n"]},{"$i":"video","$v":"ଭିଡିଓ"},{"$i":"audio","$v":"ଅଡିଓ"},{"$i":"pick_destination","$v":[{"t":"idOrVar","v":"destination"}," ",{"t":"idOrVar","v":"carrier"}]},{"$i":"removeField","ariaLabel":"ଅପସାରଣ କରନ୍ତୁ"},{"$i":"undo","ariaLabel":"ପୂର୍ବବତ୍ କରନ୍ତୁ"},{"$i":"send-sms-button","ariaLabel":"SMS"},{"$i":"ice_contacts","$v":"ICE ସମ୍ପର୍କଗୁଡିକ"},{"$i":"edit-picture","$v":"ଫଟୋ ସମ୍ପାଦନ କରନ୍ତୁ"},{"$i":"remove-photo","$v":"ପିକ୍‌ଚର୍ ଅପସାରଣ କରନ୍ତୁ"},{"$i":"change-photo","$v":"ଫଟୋ ବଦଳାନ୍ତୁ"},{"$i":"photo-options","$v":"ଫଟୋ ବିକଳ୍ପଗୁଡିକ"},{"$i":"tcl-all","$v":"ସମସ୍ତ"},{"$i":"tcl-speed-dial","$v":"ସ୍ପିଡ୍ ଡାୟଲ୍"},{"$i":"tcl-new-contact","$v":"ନୂତନ ସମ୍ପର୍କ"},{"$i":"tcl-settings","$v":"ସେଟିଂସ୍"},{"$i":"tcl-save","$v":"ସେଭ୍ କରନ୍ତୁ"},{"$i":"save","$v":"ସେଭ୍ କରନ୍ତୁ"},{"$i":"tcl-add","$v":"ଯୋଡ଼ନ୍ତୁ"},{"$i":"tcl-contact-add-ringtone","$v":"ରିଂଟୋନ୍ ଯୋଡ଼ନ୍ତୁ"},{"$i":"tcl-custom-dialog-title-default","$v":"ନିଶ୍ଚିତକରଣ"},{"$i":"confirm-dialog-title-default","$v":"ନିଶ୍ଚିତକରଣ"},{"$i":"discard","$v":"ପ୍ରତ୍ୟାଖ୍ୟାନ କରନ୍ତୁ"},{"$i":"custom-tag-title","$v":"କଷ୍ଟମ୍ ଟ୍ୟାଗ"},{"$i":"tcl-contact-added","$v":"ସମ୍ପର୍କ ଯୋଡାଯାଇଛି"},{"$i":"tcl-contact-updated","$v":"ସମ୍ପର୍କ ବିବରଣୀ ଅପ୍‌ଡେଟ୍‌ ହୋଇଛି"},{"$i":"tcl-contact-removed","$v":"ସମ୍ପର୍କ ବିଲୋପିତ ହୋଇଛି"},{"$i":"tcl-contact-unremoved","$v":"ଅପସାରଣ କରିବାକୁ ଅସମର୍ଥ"},{"$i":"edit-phone-type","$v":"ଫୋନ୍ ପ୍ରକାର ସମ୍ପାଦନ କରନ୍ତୁ"},{"$i":"edit-email-type","$v":"ଇମେଲ୍ ପ୍ରକାର ସମ୍ପାଦନ କରନ୍ତୁ"},{"$i":"edit-address-type","$v":"ଠିକଣା ପ୍ରକାର ସମ୍ପାଦନ କରନ୍ତୁ"},{"$i":"edit-date-type","$v":"ତାରିଖ ପ୍ରକାର ସମ୍ପାଦନ କରନ୍ତୁ"},{"$i":"tcl-select-phone-type","$v":"ଫୋନ୍ ପ୍ରକାର ଚୟନ କରନ୍ତୁ"},{"$i":"tcl-select-email-type","$v":"ଇମେଲ୍ ପ୍ରକାର ଚୟନ କରନ୍ତୁ"},{"$i":"tcl-select-address-type","$v":"ଠିକଣା ପ୍ରକାର ଚୟନ କରନ୍ତୁ"},{"$i":"tcl-select-date-type","$v":"ତାରିଖ ପ୍ରକାର ଚୟନ କରନ୍ତୁ"},{"$i":"add-phone","$v":"ଫୋନ୍‌ ନମ୍ବର ଯୋଡ଼ନ୍ତୁ"},{"$i":"add-email","$v":"ଇମେଲ୍ ଯୋଡ଼ନ୍ତୁ"},{"$i":"add-address","$v":"ଠିକଣା ଯୋଡ଼ନ୍ତୁ"},{"$i":"add-date","$v":"ତାରିଖ ଯୋଡ଼ନ୍ତୁ"},{"$i":"add-phone-type","$v":"ଫୋନ୍ ପ୍ରକାର"},{"$i":"add-email-type","$v":"ଇମେଲ୍ ପ୍ରକାର"},{"$i":"add-address-type","$v":"ଠିକଣା ପ୍ରକାର"},{"$i":"add-date-type","$v":"ତାରିଖ ପ୍ରକାର"},{"$i":"delete-phone","$v":"ଫୋନ୍ ନମ୍ଵର ବିଲୋପ କରନ୍ତୁ"},{"$i":"delete-email","$v":"ଇମେଲ୍ ବିଲୋପ କରନ୍ତୁ"},{"$i":"delete-address","$v":"ଠିକଣା ବିଲୋପ କରନ୍ତୁ"},{"$i":"delete-date","$v":"ତାରିଖ ବିଲୋପ କରନ୍ତୁ"},{"$i":"delete-note","$v":"ନୋଟ୍ ବିଲୋପ କରନ୍ତୁ"},{"$i":"delete-comment-warning","$v":"ଆପଣ ନୋଟ୍‌ ବିଲୋପ କରିବାକୁ ଚାହାଁନ୍ତି କି ?"},{"$i":"tcl-deleting-messages-phone","$v":["ଆପଣ ଫୋନ୍‌ ବିଲୋପ କରିବାକୁ ଚାହାଁନ୍ତି କି: \"",{"t":"idOrVar","v":"type_name"},"\" ?"]},{"$i":"tcl-deleting-messages-email","$v":["ଆପଣ ଇମେଲ୍‌ ବିଲୋପ କରିବାକୁ ଚାହାଁନ୍ତି କି: \"",{"t":"idOrVar","v":"type_name"},"\" ?"]},{"$i":"tcl-deleting-messages-address","$v":["ଆପଣ ଏହି ଠିକଣା ଅପସାରଣ କରିବାକୁ ଚାହାଁନ୍ତି କି: \"",{"t":"idOrVar","v":"type_name"},"\" ?"]},{"$i":"tcl-deleting-messages-date","$v":"ଆପଣ ତାରିଖ ବିଲୋପ କରିବାକୁ ଚାହାଁନ୍ତି କି ?"},{"$i":"deleting-message-warning","$v":["ଆପଣ \"",{"t":"idOrVar","v":"type_name"},"\" ବିଲୋପ କରିବାକୁ ଚାହାଁନ୍ତି କି ?"]},{"$i":"tcl-deleting-messages-comment","$v":"ଆପଣ ମତାମତ ବିଲୋପ କରିବାକୁ ଚାହାଁନ୍ତି କି ?"},{"$i":"delecting-messages-contact","$v":["ଆପଣ ସମ୍ପର୍କ \"",{"t":"idOrVar","v":"type_name"},"\" ବିଲୋପ କରିବାକୁ ଚାହାଁନ୍ତି ?"]},{"$i":"delecting-this-contact","$v":"ଏହି ସମ୍ପର୍କ ବିଲୋପ କରିବେ ?"},{"$i":"deleting-messages-ringtone","$v":"ଆପଣ ରିଂଟୋନ୍‌ ବିଲୋପ କରିବାକୁ ଚାହାଁନ୍ତି କି ?"},{"$i":"deleting-messages-picture","$v":"ଆପଣ ଫଟୋ ଅପସାରଣ କରିବାକୁ ଚାହାଁନ୍ତି ?"},{"$i":"tcl-deleting-notification-ringtone","$v":"ରିଂଟୋନ୍ ବିଲୋପିତ"},{"$i":"tcl-deleting-notification-comment","$v":"ମନ୍ତବ୍ୟ ବିଲୋପିତ"},{"$i":"note","$v":"ନୋଟ୍"},{"$i":"address","$v":"ଠିକଣା"},{"$i":"tcl-noContacts","$v":"ଆପଣଙ୍କ ସମ୍ପର୍କ ଲିଷ୍ଟ୍ ଶୂନ୍ୟ ଥିବାରୁ ସମ୍ପର୍କରେ ଯୋଡିପାରିବେ ନାହିଁ |"},{"$i":"tcl-noContacts-no-email","$v":"ଇମେଲ୍ ସହ କୌଣସି ସମ୍ପର୍କ ନ ଥିବାରୁ ସମ୍ପର୍କରେ ଯୋଡି ପାରିବେ ନାହିଁ |"},{"$i":"tcl-noContacts-no-tel","$v":"ଫୋନ୍ ନମ୍ଵର ସହ କୌଣସି ସମ୍ପର୍କ ନ ଥିବାରୁ ସମ୍ପର୍କରେ ଯୋଡି ପାରିବେ ନାହିଁ |"},{"$i":"tcl-noContactsTitle","$v":"କୌଣସି ସମ୍ପର୍କ ନାହିଁ"},{"$i":"tcl-change-voice-mail","$v":"ଭଏସ୍‌ ମେଲ୍ ନମ୍ଵର ବଦଳାନ୍ତୁ"},{"$i":"tcl-replace","$v":"ବଦଳାନ୍ତୁ"},{"$i":"tcl-remove-speed-dial","$v":"ସ୍ପିଡ୍ ଡାୟଲରୁ ଅପସାରଣ କରନ୍ତୁ"},{"$i":"tcl-notification-speed-dial-added","$v":"ସ୍ପିଡ୍ ଡାୟଲ୍ ନମ୍ଵର ଯୋଡାଯାଇଛି"},{"$i":"tcl-notification-speed-dial-removed","$v":"ସ୍ପିଡ୍ ଡାୟଲ୍ ନମ୍ଵର ଅପସାରଣ ହୋଇଛି"},{"$i":"tcl-notification-speed-dial-updated","$v":"ସ୍ପିଡ୍ ଡାୟଲ୍ ନମ୍ଵର ଅପ୍‌ଡେଟ୍‌ ହୋଇଛି"},{"$i":"tcl-notification-voice-mail-updated","$v":"ଭଏସ୍‌ ମେଲ୍ ନମ୍ଵର ଅପ୍‌ଡେଟ୍‌ ହୋଇଛି"},{"$i":"tcl-notification-contact-assigned","$v":"ସ୍ପିଡ୍ ଡାୟଲ୍‌କୁ ସମ୍ପର୍କ ନ୍ୟସ୍ତ ହୋଇଛି"},{"$i":"empty","$v":"ଖାଲି ଅଛି"},{"$i":"tcl-voice-mail","$v":"ଭଏସ୍‌ ମେଲ୍"},{"$i":"contact-confirm-save","$v":"ସମ୍ପର୍କ ସୂଚନା ପ୍ରତ୍ୟାଖାନ ହେବ। ଏହି ସମ୍ପର୍କ ସେଭ୍ କରିବାକୁ ଆପଣ ଚାହାଁନ୍ତି କି?"},{"$i":"contact-confirm-form-save","$v":"ପରିବର୍ତ୍ତନଗୁଡିକ ପ୍ରତ୍ୟାଖ୍ୟାନ ହେବ। ଏହି ସମ୍ପର୍କ ସେଭ୍ କରିବାକୁ ଆପଣ ଚାହାଁନ୍ତି  ?"},{"$i":"tcl-yes","$v":"ହଁ"},{"$i":"tcl-no","$v":"ନାହିଁ"},{"$i":"tcl-default-ringtone","$v":"ଡିଫଲ୍ଟ୍ ରିଂଟୋନ୍"},{"$i":"tcl-add-ringtone","$v":"ରିଂଟୋନ୍‌ଗୁଡିକ"},{"$i":"tcl-ringtone","$v":"ରିଂଟୋନ୍"},{"$i":"change-ringtone","$v":"ରିଂଟୋନ୍ ବଦଳାନ୍ତୁ"},{"$i":"delete-ringtone","$v":"ରିଂଟୋନ୍ ବିଲୋପ କରନ୍ତୁ"},{"$i":"tcl-settings-title","$v":"ସମ୍ପର୍କ ସେଟିଂସ୍"},{"$i":"settings-sort-contacts-title","$v":"ସମ୍ପର୍କଗୁଡିକ କ୍ରମବଦ୍ଧ କରନ୍ତୁ"},{"$i":"tcl-oder-notification","$v":"ପରିବର୍ତ୍ତନଗୁଡିକ ସେଭ୍ ହୋଇଛି"},{"$i":"changes-saved-notification","$v":"ପରିବର୍ତ୍ତନଗୁଡିକ ସେଭ୍ ହୋଇଛି।"},{"$i":"tcl-imported-status","$v":[{"t":"idOrVar","v":"n"}," ଟି ସମ୍ପର୍କ ଆମଦାନୀ ହୋଇଛି ",{"t":"idOrVar","v":"numDups"}," ସମ୍ପର୍କ ମର୍ଜ୍ ହୋଇନାହିଁ"]},{"$i":"tcl-on","$v":"ଅନ୍"},{"$i":"tcl-off","$v":"ଅଫ୍"},{"$i":"on","$v":"ଅନ୍"},{"$i":"off","$v":"ଅଫ୍"},{"$i":"tcl-contact-empty-number","$v":"ଫୋନ୍ ନମ୍ଵର ଖାଲି ଅଛି"},{"$i":"contact-no-dial-number","$v":"ଡାୟଲ୍ କରିବାକୁ କୌଣସି ଫୋନ୍ ନମ୍ଵର ନାହିଁ |"},{"$i":"tcl-select-number","$v":"ନମ୍ଵର ଚୟନ କରନ୍ତୁ"},{"$i":"tcl-select-email","$v":"ଇମେଲ୍‌ଗୁଡିକ ଚୟନ କରନ୍ତୁ"},{"$i":"select-email","$v":"ଇମେଲ୍‌ଗୁଡିକ ଚୟନ କରନ୍ତୁ"},{"$i":"tcl-send-message","$v":"ସନ୍ଦେଶ ପଠାନ୍ତୁ"},{"$i":"send-email","$v":"ଇମେଲ୍ ପଠାନ୍ତୁ"},{"$i":"tcl-share","$v":"ଅଂଶୀଦାର କରନ୍ତୁ"},{"$i":"tcl-find-duplicate","$v":"ନକଲ ସମ୍ପର୍କଗୁଡ଼ିକ ସନ୍ଧାନ କରନ୍ତୁ"},{"$i":"tcl-add-favorite","$v":"ପସନ୍ଦିତା ଭାବେ ଯୋଡ଼ନ୍ତୁ"},{"$i":"tcl-remove-favorite","$v":"ପସନ୍ଦିତାରୁ ଅପସାରଣ କରନ୍ତୁ"},{"$i":"tcl-link-social-networks","$v":"ସୋସିଆଲ୍ ନେଟୱାର୍କଗୁଡିକୁ ଲିଙ୍କ୍ କରନ୍ତୁ"},{"$i":"tcl-delete","$v":"ବିଲୋପ କରନ୍ତୁ"},{"$i":"tcl-detail-send-sms","$v":"ନୂତନ SMS‌"},{"$i":"tcl-detail-call","$v":"କଲ୍ କରନ୍ତୁ"},{"$i":"tcl-detail-send-email","$v":"ଲେଖନ୍ତୁ"},{"$i":"sms","$v":"ସନ୍ଦେଶ"},{"$i":"tcl-search-contact","$v":"ସନ୍ଧାନ କରନ୍ତୁ"},{"$i":"tcl-number","$v":["ନମ୍ଵର ",{"t":"idOrVar","v":"number"}]},{"$i":"tcl-custom-dialog-replace-speed-dial","$v":["ଆପଣ ",{"t":"idOrVar","v":"oldSpeedDial"}," ସହ ସ୍ପିଡ୍ ଡାୟଲ୍ ",{"t":"idOrVar","v":"newSpeedDial"}," ପ୍ରତିସ୍ଥାପନ କରିବାକୁ ଚାହାଁନ୍ତି କି ?"]},{"$i":"custom-dialog-remove-speed-dial","$v":["ଆପଣ ସ୍ପିଡ୍ ଡାୟଲରୁ ",{"t":"idOrVar","v":"name"}," ଅପସାରଣ କରିବାକୁ ଚାହାଁନ୍ତି କି?"]},{"$i":"tcl-options","$v":"ବିକଳ୍ପଗୁଡିକ"},{"$i":"tcl-success-merged","$v":[{"t":"idOrVar","v":"number"}," ସମ୍ପର୍କ(ଗୁଡିକ) ମର୍ଜ୍ ହୋଇଛି"]},{"$i":"tcl-contact-confirm-merge","$v":["ଆପଣ ",{"t":"idOrVar","v":"name"}," ସହ ",{"t":"idOrVar","v":"count"}," ସମ୍ପର୍କ(ଗୁଡିକ) ମର୍ଜ୍ କରିବାକୁ ଚାହାଁନ୍ତି କି ?"]},{"$i":"tcl-merge","$v":"ମର୍ଜ୍ କରନ୍ତୁ"},{"$i":"add-speed-dial-failed-title","$v":"ସ୍ପିଡ୍ ଡାୟଲ୍ ଯୋଡ଼ିବା ବିଫଳ"},{"$i":"add-speed-dial-failed-content","$v":["ସ୍ପିଡ୍ ଡାୟଲ୍‌ରେ ",{"t":"idOrVar","v":"name"}," ପୂର୍ବରୁ ବିଦ୍ୟମାନ, ଦୟାକରି ଅନ୍ୟ ସମ୍ପର୍କ ବାଛନ୍ତୁ |"]},{"$i":"merge","$v":"ମର୍ଜ୍ କରନ୍ତୁ"},{"$i":"tcl-attention","$v":"ଧ୍ୟାନ ଦିଅନ୍ତୁ"},{"$i":"attention","$v":"ଧ୍ୟାନ ଦିଅନ୍ତୁ"},{"$i":"tcl-speed-dial-add-contact","$v":{"$o":"କୌଣସି ସମ୍ପର୍କ ନାହିଁ।<br><br>ଦୟାକରି ଏକ ସମ୍ପର୍କ ସୃଷ୍ଟି କରନ୍ତୁ |"}},{"$i":"tcl-voice-mail-header","$v":"ଭଏସ୍‌ ମେଲ୍"},{"$i":"tcl-voice-mail-number","$v":"ଭଏସ୍‌ ମେଲ୍ ନମ୍ଵର"},{"$i":"tcl-select-all","$v":"ସମସ୍ତ ଚୟନ କରନ୍ତୁ"},{"$i":"tcl-deselect-all","$v":"ସମସ୍ତ ଅଣଚୟନ କରନ୍ତୁ"},{"$i":"systemring","$v":"ରିଂଟୋନ୍"},{"$i":"moremusic","$v":"ସଙ୍ଗୀତ"},{"$i":"tcl-add-ringselect","$v":"ରୁ ଚୟନ କରନ୍ତୁ"},{"$i":"type-select","$v":"ଚୟନ କରନ୍ତୁ"},{"$i":"dialnum-view","$v":"ଦେଖନ୍ତୁ"},{"$i":"select-a-contact-title","$v":"ଏକ ସମ୍ପର୍କ ଚୟନ କରନ୍ତୁ"},{"$i":"select-a-number-title","$v":"ଏକ ସଂଖ୍ୟା ଚୟନ କରନ୍ତୁ"},{"$i":"invalid-vcf-file","$v":"ଅବୈଧ vcf ଫାଇଲ୍"},{"$i":"voiceMail","$v":"ଭଏସ୍‌ମେଲ୍"},{"$i":"back","$v":"ପଛକୁ ଫେରନ୍ତୁ"},{"$i":"noSimMsg","$v":"ସମ୍ପର୍କଗୁଡିକ ଆମଦାନୀ କରିବାକୁ ସିମ୍ କାର୍ଡ୍‌ ପ୍ରବେଶ କରନ୍ତୁ ବା ଅନ୍‌ଲକ୍ କରନ୍ତୁ"},{"$i":"noMemoryCardMsg","$v":"ସମ୍ପର୍କଗୁଡିକ ଆମଦାନୀ କରିବାକୁ ଏକ ମେମୋରୀ କାର୍ଡ୍‌ ପ୍ରବେଶ କରନ୍ତୁ"},{"$i":"importMemoryCard","$v":"ମେମୋରୀ କାର୍ଡ୍‌"},{"$i":"noConnection11","$v":"ଫେସ୍‌ବୁକ୍ ଫ୍ରେଣ୍ଡ୍‌ସ୍ କିମ୍ୱା ସମ୍ପର୍କଗୁଡିକ ଆମଦାନୀ କରିବାକୁ Wi-Fi କିମ୍ୱା ଡାଟା ନେଟ୍‌ୱାର୍କ୍ ସଂଯୋଗ କରନ୍ତୁ"},{"$i":"emptyAccount","$v":"ଏହି ଆକାଉଣ୍ଟରେ କୌଣସି ବନ୍ଧୁ କିମ୍ୱା ସମ୍ପର୍କ ମିଳିଲା ନାହିଁ |"},{"$i":"simContacts-import","$v":"ସିମ୍ ସମ୍ପର୍କଗୁଡିକୁ ଆମଦାନୀ କରନ୍ତୁ"},{"$i":"simContacts-importing","$v":"ସିମ୍‌ କାର୍ଡରୁ ସମ୍ପର୍କଗୁଡିକ ଆମଦାନୀ ହେଉଛି"},{"$i":"simContacts-reading","$v":"ସିମ୍‌ କାର୍ଡରୁ ସମ୍ପର୍କଗୁଡିକ ପଢା ହେଉଛି..."},{"$i":"simContacts-error","$v":"ସିମ୍‌ରୁ ସମ୍ପର୍କ ଆମଦାନୀ କରି ହେବ ନାହିଁ"},{"$i":"simContacts-imported3","$v":{"zero":"ଆମଦାନୀ କରିବାକୁ ସିମ୍‌ରେ କୌଣସି ସମ୍ପର୍କ ଚିହ୍ନଟ ହୋଇନାହିଁ","one":"ଗୋଟିଏ ସମ୍ପର୍କ ଆମଦାନୀ ହୋଇଛି","two":[{"t":"idOrVar","v":"n"}," ଟି ସମ୍ପର୍କ ଆମଦାନୀ ହୋଇଛି"],"few":[{"t":"idOrVar","v":"n"}," ଟି ସମ୍ପର୍କ ଆମଦାନୀ ହୋଇଛି"],"many":[{"t":"idOrVar","v":"n"}," ଟି ସମ୍ପର୍କ ଆମଦାନୀ ହୋଇଛି"],"other":[{"t":"idOrVar","v":"n"}," ଟି ସମ୍ପର୍କ ଆମଦାନୀ ହୋଇଛି"]},"$x":[{"t":"idOrVar","v":"plural"},"n"]},{"$i":"memoryCardContacts-import","$v":"ମେମୋରୀ କାର୍ଡରୁ ସମ୍ପର୍କଗୁଡିକ ଆମଦାନୀ କରନ୍ତୁ"},{"$i":"memoryCardContacts-importing","$v":"ମେମୋରୀ କାର୍ଡରୁ ସମ୍ପର୍କଗୁଡିକ ଆମଦାନୀ ହେଉଛି"},{"$i":"memoryCardContacts-reading","$v":"ମେମୋରୀ କାର୍ଡରୁ ସମ୍ପର୍କଗୁଡିକ ପଢା ହେଉଛି..."},{"$i":"memoryCardContacts-error","$v":"ମେମୋରୀ କାର୍ଡରୁ ସମ୍ପର୍କଗୁଡ଼ିକ ଆମଦାନୀ ହୋଇପାରି ନାହିଁ"},{"$i":"memoryCardContacts-imported3","$v":{"zero":"ଆମଦାନୀ କରିବାକୁ ମେମୋରୀ କାର୍ଡରେ କୌଣସି ବିଷୟବସ୍ତୁ ଚିହ୍ନଟ ହୋଇନାହିଁ","one":"ଗୋଟିଏ ସମ୍ପର୍କ ଆମଦାନୀ ହୋଇଛି","two":[{"t":"idOrVar","v":"n"}," ଟି ସମ୍ପର୍କ ଆମଦାନୀ ହୋଇଛି"],"few":[{"t":"idOrVar","v":"n"}," ଟି ସମ୍ପର୍କ ଆମଦାନୀ ହୋଇଛି"],"many":[{"t":"idOrVar","v":"n"}," ଟି ସମ୍ପର୍କ ଆମଦାନୀ ହୋଇଛି"],"other":[{"t":"idOrVar","v":"n"}," ଟି ସମ୍ପର୍କ ଆମଦାନୀ ହୋଇଛି"]},"$x":[{"t":"idOrVar","v":"plural"},"n"]},{"$i":"genericProgress","$v":[{"t":"idOrVar","v":"current"},"/",{"t":"idOrVar","v":"total"}]},{"$i":"facebook","$v":"ଫେସ୍‌ବୁକ୍"},{"$i":"facebook-import-msg2","$v":[{"t":"idOrVar","v":"imported"},"/",{"t":"idOrVar","v":"total"}," ବନ୍ଧୁ ଆମଦାନୀ ହୋଇଛି"]},{"$i":"contactsMerged","$v":{"zero":"କୌଣସି ନକଲ ହୋଇଥିବା ସମ୍ପର୍କ ମର୍ଜ୍ ହୋଇନାହିଁ","one":"ଏକ ନକଲ ହୋଇଥିବା ସମ୍ପର୍କ ମର୍ଜ୍ ହୋଇଛି","two":[{"t":"idOrVar","v":"numDups"}," ସମ୍ପର୍କଗୁଡିକ ମର୍ଜ୍ ହୋଇଛି"],"few":[{"t":"idOrVar","v":"numDups"}," ସମ୍ପର୍କଗୁଡିକ ମର୍ଜ୍ ହୋଇଛି"],"many":[{"t":"idOrVar","v":"numDups"}," ସମ୍ପର୍କଗୁଡିକ ମର୍ଜ୍ ହୋଇଛି"],"other":[{"t":"idOrVar","v":"numDups"}," ସମ୍ପର୍କଗୁଡିକ ମର୍ଜ୍ ହୋଇଛି"]},"$x":[{"t":"idOrVar","v":"plural"},"numDups"]},{"$i":"weekday-0-long","$v":"ରବିବାର"},{"$i":"weekday-1-long","$v":"ସୋମବାର"},{"$i":"weekday-2-long","$v":"ମଙ୍ଗଳବାର"},{"$i":"weekday-3-long","$v":"ବୁଧବାର"},{"$i":"weekday-4-long","$v":"ଗୁରୁବାର"},{"$i":"weekday-5-long","$v":"ଶୁକ୍ରବାର"},{"$i":"weekday-6-long","$v":"ଶନିବାର"},{"$i":"weekday-0-short","$v":"ରବି"},{"$i":"weekday-1-short","$v":"ସୋମ"},{"$i":"weekday-2-short","$v":"ମଙ୍ଗଳବାର"},{"$i":"weekday-3-short","$v":"ବୁଧ"},{"$i":"weekday-4-short","$v":"ଗୁରୁବାର"},{"$i":"weekday-5-short","$v":"ଶୁକ୍ର"},{"$i":"weekday-6-short","$v":"ଶନି"},{"$i":"month-0-long","$v":"ଜାନୁଆରୀ"},{"$i":"month-1-long","$v":"ଫେବୃଆରୀ"},{"$i":"month-2-long","$v":"ମାର୍ଚ୍ଚ"},{"$i":"month-3-long","$v":"ଏପ୍ରିଲ୍"},{"$i":"month-4-long","$v":"ମେ"},{"$i":"month-5-long","$v":"ଜୁନ୍"},{"$i":"month-6-long","$v":"ଜୁଲାଇ"},{"$i":"month-7-long","$v":"ଅଗଷ୍ଟ"},{"$i":"month-8-long","$v":"ସେପ୍ଟେମ୍ୱର୍"},{"$i":"month-9-long","$v":"ଅକ୍ଟୋବର"},{"$i":"month-10-long","$v":"ନଭେମ୍ୱର୍"},{"$i":"month-11-long","$v":"ଡିସେମ୍ଵର"},{"$i":"month-0-genitive","$v":"ଜାନୁଆରୀ"},{"$i":"month-1-genitive","$v":"ଫେବୃଆରୀ"},{"$i":"month-2-genitive","$v":"ମାର୍ଚ୍ଚ"},{"$i":"month-3-genitive","$v":"ଏପ୍ରିଲ୍"},{"$i":"month-4-genitive","$v":"ମେ"},{"$i":"month-5-genitive","$v":"ଜୁନ୍"},{"$i":"month-6-genitive","$v":"ଜୁଲାଇ"},{"$i":"month-7-genitive","$v":"ଅଗଷ୍ଟ"},{"$i":"month-8-genitive","$v":"ସେପ୍ଟେମ୍ୱର୍"},{"$i":"month-9-genitive","$v":"ଅକ୍ଟୋବର"},{"$i":"month-10-genitive","$v":"ନଭେମ୍ୱର୍"},{"$i":"month-11-genitive","$v":"ଡିସେମ୍ଵର"},{"$i":"month-0-short","$v":"ଜାନୁଆରୀ"},{"$i":"month-1-short","$v":"ଫେବୃଆରୀ"},{"$i":"month-2-short","$v":"ମାର୍ଚ୍ଚ"},{"$i":"month-3-short","$v":"ଏପ୍ରିଲ୍"},{"$i":"month-4-short","$v":"ମେ"},{"$i":"month-5-short","$v":"ଜୁନ୍"},{"$i":"month-6-short","$v":"ଜୁଲାଇ"},{"$i":"month-7-short","$v":"ଅଗଷ୍ଟ"},{"$i":"month-8-short","$v":"ସେପ୍ଟେମ୍ବର୍‌"},{"$i":"month-9-short","$v":"ଅକ୍ଟୋବର"},{"$i":"month-10-short","$v":"ନଭେମ୍ବର"},{"$i":"month-11-short","$v":"ଡିସେମ୍ବର"},{"$i":"minutes-ago-long","$v":{"zero":"ସାଙ୍ଗେସାଙ୍ଗେ","one":"ଏକ ମିନିଟ୍‌ ପୂର୍ବେ","two":[{"t":"idOrVar","v":"value"}," ମିନିଟ୍ ପୂର୍ବେ"],"few":[{"t":"idOrVar","v":"value"}," ମିନିଟ୍ ପୂର୍ବେ"],"many":[{"t":"idOrVar","v":"value"}," ମିନିଟ୍ ପୂର୍ବେ"],"other":[{"t":"idOrVar","v":"value"}," ମିନିଟ୍ ପୂର୍ବେ"]},"$x":[{"t":"idOrVar","v":"plural"},"value"]},{"$i":"hours-ago-long","$v":{"zero":"ସାଙ୍ଗେସାଙ୍ଗେ","one":"ଏକ ଘଣ୍ଟା ପୂର୍ବେ","two":[{"t":"idOrVar","v":"value"}," ଘଣ୍ଟା ପୂର୍ବେ"],"few":[{"t":"idOrVar","v":"value"}," ଘଣ୍ଟା ପୂର୍ବେ"],"many":[{"t":"idOrVar","v":"value"}," ଘଣ୍ଟା ପୂର୍ବେ"],"other":[{"t":"idOrVar","v":"value"}," ଘଣ୍ଟା ପୂର୍ବେ"]},"$x":[{"t":"idOrVar","v":"plural"},"value"]},{"$i":"days-ago-long","$v":{"zero":"ଆଜି","one":"ଗତକାଲି","two":[{"t":"idOrVar","v":"value"}," ଦିନ ପୂର୍ବେ"],"few":[{"t":"idOrVar","v":"value"}," ଦିନ ପୂର୍ବେ"],"many":[{"t":"idOrVar","v":"value"}," ଦିନ ପୂର୍ବେ"],"other":[{"t":"idOrVar","v":"value"}," ଦିନ ପୂର୍ବେ"]},"$x":[{"t":"idOrVar","v":"plural"},"value"]},{"$i":"weeks-ago-long","$v":{"zero":"ଏହି ସପ୍ତାହ","one":"ଗତ ସପ୍ତାହ","two":[{"t":"idOrVar","v":"value"}," ସପ୍ତାହ ପୂର୍ବେ"],"few":[{"t":"idOrVar","v":"value"}," ସପ୍ତାହ ପୂର୍ବେ"],"many":[{"t":"idOrVar","v":"value"}," ସପ୍ତାହ ପୂର୍ବେ"],"other":[{"t":"idOrVar","v":"value"}," ସପ୍ତାହ ପୂର୍ବେ"]},"$x":[{"t":"idOrVar","v":"plural"},"value"]},{"$i":"months-ago-long","$v":{"zero":"ଏହି ମାସ","one":"ଗତ ମାସ","two":[{"t":"idOrVar","v":"value"}," ମାସ ପୂର୍ବେ"],"few":[{"t":"idOrVar","v":"value"}," ମାସ ପୂର୍ବେ"],"many":[{"t":"idOrVar","v":"value"}," ମାସ ପୂର୍ବେ"],"other":[{"t":"idOrVar","v":"value"}," ମାସ ପୂର୍ବେ"]},"$x":[{"t":"idOrVar","v":"plural"},"value"]},{"$i":"years-ago-long","$v":{"zero":"ଏହି ବର୍ଷ","one":"ଗତ ବର୍ଷ","two":[{"t":"idOrVar","v":"value"}," ବର୍ଷ ପୂର୍ବେ"],"few":[{"t":"idOrVar","v":"value"}," ବର୍ଷ ପୂର୍ବେ"],"many":[{"t":"idOrVar","v":"value"}," ବର୍ଷ ପୂର୍ବେ"],"other":[{"t":"idOrVar","v":"value"}," ବର୍ଷ ପୂର୍ବେ"]},"$x":[{"t":"idOrVar","v":"plural"},"value"]},{"$i":"minutes-until-long","$v":{"zero":"ବର୍ତ୍ତମାନ","one":"ଏକ ମିନିଟ୍‌ ରେ","two":[{"t":"idOrVar","v":"value"}," ମିନିଟ୍‌ରେ"],"few":[{"t":"idOrVar","v":"value"}," ମିନିଟ୍‌ରେ"],"many":[{"t":"idOrVar","v":"value"}," ମିନିଟ୍‌ରେ"],"other":[{"t":"idOrVar","v":"value"}," ମିନିଟ୍‌ରେ"]},"$x":[{"t":"idOrVar","v":"plural"},"value"]},{"$i":"hours-until-long","$v":{"zero":"ବର୍ତ୍ତମାନ","one":"ଏକ ଘଣ୍ଟାରେ","two":[{"t":"idOrVar","v":"value"}," ଘଣ୍ଟାରେ"],"few":[{"t":"idOrVar","v":"value"}," ଘଣ୍ଟାରେ"],"many":[{"t":"idOrVar","v":"value"}," ଘଣ୍ଟାରେ"],"other":[{"t":"idOrVar","v":"value"}," ଘଣ୍ଟାରେ"]},"$x":[{"t":"idOrVar","v":"plural"},"value"]},{"$i":"days-until-long","$v":{"zero":"ଆଜି","one":"ଆସନ୍ତାକାଲି","two":[{"t":"idOrVar","v":"value"}," ଦିନରେ"],"few":[{"t":"idOrVar","v":"value"}," ଦିନରେ"],"many":[{"t":"idOrVar","v":"value"}," ଦିନରେ"],"other":[{"t":"idOrVar","v":"value"}," ଦିନରେ"]},"$x":[{"t":"idOrVar","v":"plural"},"value"]},{"$i":"weeks-until-long","$v":{"zero":"ଏହି ସପ୍ତାହ","one":"ପରବର୍ତ୍ତୀ ସପ୍ତାହ","two":[{"t":"idOrVar","v":"value"}," ସପ୍ତାହରେ"],"few":[{"t":"idOrVar","v":"value"}," ସପ୍ତାହରେ"],"many":[{"t":"idOrVar","v":"value"}," ସପ୍ତାହରେ"],"other":[{"t":"idOrVar","v":"value"}," ସପ୍ତାହରେ"]},"$x":[{"t":"idOrVar","v":"plural"},"value"]},{"$i":"months-until-long","$v":{"zero":"ଏହି ମାସ","one":"ପରବର୍ତ୍ତୀ ମାସ","two":[{"t":"idOrVar","v":"value"}," ମାସରେ"],"few":[{"t":"idOrVar","v":"value"}," ମାସରେ"],"many":[{"t":"idOrVar","v":"value"}," ମାସରେ"],"other":[{"t":"idOrVar","v":"value"}," ମାସରେ"]},"$x":[{"t":"idOrVar","v":"plural"},"value"]},{"$i":"years-until-long","$v":{"zero":"ଏହି ବର୍ଷ","one":"ପରବର୍ତ୍ତୀ ବର୍ଷ","two":[{"t":"idOrVar","v":"value"}," ବର୍ଷରେ"],"few":[{"t":"idOrVar","v":"value"}," ବର୍ଷରେ"],"many":[{"t":"idOrVar","v":"value"}," ବର୍ଷରେ"],"other":[{"t":"idOrVar","v":"value"}," ବର୍ଷରେ"]},"$x":[{"t":"idOrVar","v":"plural"},"value"]},{"$i":"minutes-ago-short","$v":{"zero":"ସାଙ୍ଗେସାଙ୍ଗେ","other":[{"t":"idOrVar","v":"value"},"m ପୂର୍ବେ"]},"$x":[{"t":"idOrVar","v":"plural"},"value"]},{"$i":"hours-ago-short","$v":{"zero":"ସାଙ୍ଗେସାଙ୍ଗେ","other":[{"t":"idOrVar","v":"value"},"h ପୂର୍ବେ"]},"$x":[{"t":"idOrVar","v":"plural"},"value"]},{"$i":"days-ago-short","$v":{"zero":"ଆଜି","other":[{"t":"idOrVar","v":"value"},"d ପୂର୍ବେ"]},"$x":[{"t":"idOrVar","v":"plural"},"value"]},{"$i":"minutes-until-short","$v":{"zero":"ବର୍ତ୍ତମାନ","other":[{"t":"idOrVar","v":"value"}," ମାସରେ"]},"$x":[{"t":"idOrVar","v":"plural"},"value"]},{"$i":"hours-until-short","$v":{"zero":"ବର୍ତ୍ତମାନ","other":[{"t":"idOrVar","v":"value"}," ଘଣ୍ଟାରେ"]},"$x":[{"t":"idOrVar","v":"plural"},"value"]},{"$i":"days-until-short","$v":{"zero":"ଆଜି","other":[{"t":"idOrVar","v":"value"}," ଦିନରେ"]},"$x":[{"t":"idOrVar","v":"plural"},"value"]},{"$i":"incorrectDate","$v":"(ଭୁଲ୍ ତାରିଖ)"},{"$i":"dateTimeFormat_%c","$v":"%a %b %e %Y %I:%M:%S %p"},{"$i":"dateTimeFormat_%x","$v":"%m/%d/%Y"},{"$i":"dateTimeFormat_%X","$v":"%I:%M:%S %p"},{"$i":"shortTimeFormat","$v":"%I:%M %p"},{"$i":"shortTimeFormat12","$v":"%I:%M %p"},{"$i":"shortTimeFormat24","$v":"%H:%M"},{"$i":"shortDateTimeFormat","$v":"%x %I:%M %p"},{"$i":"weekStartsOnMonday","$v":"0"},{"$i":"firstDayOfTheWeek","$v":"0"},{"$i":"time_am","$v":"AM"},{"$i":"time_pm","$v":"PM"},{"$i":"label","$v":"ଲେବଲ୍"},{"$i":"mobile","$v":"ମୋବାଇଲ୍"},{"$i":"home","$v":"ହୋମ୍"},{"$i":"work","$v":"ୱର୍କ"},{"$i":"personal","$v":"ବ୍ୟକ୍ତିଗତ"},{"$i":"faxHome","$v":"Fax ହୋମ୍"},{"$i":"faxOffice","$v":"ଫ୍ୟାକ୍ସ ଅଫିସ୍‌"},{"$i":"faxOther","$v":"ଅନ୍ୟ Fax"},{"$i":"another","$v":"ଅନ୍ୟ"},{"$i":"other","$v":"ଅନ୍ୟ"},{"$i":"tcl-customTag","$v":"କଷ୍ଟମ୍ ଟ୍ୟାଗ"},{"$i":"customTag","$v":"କଷ୍ଟମ୍ ଟ୍ୟାଗ","placeholder":"କଷ୍ଟମ୍ ଟ୍ୟାଗ"},{"$i":"current","$v":"ସମ୍ପ୍ରତି"},{"$i":"itemWithLabel","$v":[{"t":"idOrVar","v":"label"},", ",{"t":"idOrVar","v":"item"}]},{"$i":"waitDuplicateContacts","$v":"ନକଲ ସମ୍ପର୍କଗୁଡିକୁ ଖୋଜୁଛନ୍ତି"},{"$i":"waitMergingDuplicateContacts","$v":"ନକଲ ସମ୍ପର୍କଗୁଡିକ ମର୍ଜ୍ ହେଉଛି"},{"$i":"alertNoDuplicateContacts","$v":"କୌଣସି ନକଲ ସମ୍ପର୍କ ମିଳିଲା ନାହିଁ"},{"$i":"curtainCancel","$v":"ବାତିଲ କରନ୍ତୁ"},{"$i":"close","$v":"ବନ୍ଦ କରନ୍ତୁ"},{"$i":"mergeDuplicateTitle","$v":"ନକଲଗୁଡିକ ମିଳିଲା"},{"$i":"suggestedDuplicatesMessage","innerHTML":{"$o":["<bdi>",{"t":"idOrVar","v":"name"},"</bdi> ପାଇଁ ପ୍ରସ୍ତାବିତ ନକଲ ସମ୍ପର୍କଗୁଡିକ"]}},{"$i":"mergeActionButtonLabel","$v":{"zero":"କୌଣସି ସଂପର୍କ ଚୟନ କରାଯାଇନାହିଁ","one":[{"t":"idOrVar","v":"n"}," ସମ୍ପର୍କ ସହ ମର୍ଜ୍ କରନ୍ତୁ"],"two":[{"t":"idOrVar","v":"n"}," ସମ୍ପର୍କଗୁଡିକ ସହ ମର୍ଜ୍ କରନ୍ତୁ"],"few":[{"t":"idOrVar","v":"n"}," ସମ୍ପର୍କଗୁଡିକ ସହ ମର୍ଜ୍ କରନ୍ତୁ"],"many":[{"t":"idOrVar","v":"n"}," ସମ୍ପର୍କଗୁଡିକ ସହ ମର୍ଜ୍ କରନ୍ତୁ"],"other":[{"t":"idOrVar","v":"n"}," ସମ୍ପର୍କଗୁଡିକ ସହ ମର୍ଜ୍ କରନ୍ତୁ"]},"$x":[{"t":"idOrVar","v":"plural"},"n"]},{"$i":"duplicatesFoundTitle","$v":"ନକଲଗୁଡିକ ମିଳିଲା"},{"$i":"foundDuplicatesMessage","innerHTML":"ନିମ୍ନଲିଖିତ ସମ୍ପର୍କଗୁଡିକରୁ ନକଲ ସୂଚନା ମିଳିଲା। ଆପଣ ମର୍ଜ୍ କରିବାକୁ ଚାହାଁନ୍ତି ?"},{"$i":"tcl-merge-selected-counts","$v":[{"t":"idOrVar","v":"n"}," ଚୟନିତ"]},{"$i":"tcl-wait-duplicate-contacts","$v":"ନକଲ ସମ୍ପର୍କଗୁଡ଼ିକ ସନ୍ଧାନ କରନ୍ତୁ"},{"$i":"tcl-wait-txt","$v":"ନକଲ ସମ୍ପର୍କଗୁଡିକୁ ଖୋଜୁଛନ୍ତି.."},{"$i":"import","$v":"ଆମଦାନୀ କରନ୍ତୁ"},{"$i":"fbFriends","$v":"ଫେସ୍‌ବୁକ୍ ଫ୍ରେଣ୍ଡ୍‌ସ୍"},{"$i":"live-serviceName","$v":"ଆଉଟ୍‌ଲୁକ"},{"$i":"gmail-serviceName","$v":"ଜିମେଲ୍"},{"$i":"facebook-serviceName","$v":"ଫେସ୍‌ବୁକ୍ ଫ୍ରେଣ୍ଡ୍‌ସ୍"},{"$i":"viewAll","$v":"ସମସ୍ତ ଫେସ୍‌ବୁକ୍ ଫ୍ରେଣ୍ଡ୍‌ସ୍ ଦେଖନ୍ତୁ"},{"$i":"viewRecommend","$v":"କେବଳ ସୁପାରିଶ କରାଯାଇଥିବା ଦେଖନ୍ତୁ"},{"$i":"linkProposal","$v":{"zero":"କୌଣସି ମେଳକ ବନ୍ଧୁ ନାହିଁ। ସମସ୍ତ ଦେଖାଇ ଦିଆଯାଉଛି","one":"ଏକ ସୁପାରିଶ କରାଯାଇଥିବାକୁ ଚୟନ କରନ୍ତୁ","two":"ଏକ ସୁପାରିଶ କରାଯାଇଥିବାକୁ ଚୟନ କରନ୍ତୁ","few":"ଏକ ସୁପାରିଶ କରାଯାଇଥିବାକୁ ଚୟନ କରନ୍ତୁ","many":"ଏକ ସୁପାରିଶ କରାଯାଇଥିବାକୁ ଚୟନ କରନ୍ତୁ","other":"ଏକ ସୁପାରିଶ କରାଯାଇଥିବାକୁ ଚୟନ କରନ୍ତୁ"},"$x":[{"t":"idOrVar","v":"plural"},"numFriends"]},{"$i":"fbFriendsFound","$v":{"zero":"ଆପଣଙ୍କ ସମସ୍ତ ବନ୍ଧୁ ଆମଦାନୀ ହୋଇଛନ୍ତି","one":"ଆମଦାନୀ କରିବାକୁ ଏକ ବନ୍ଧୁ ମିଳିଲା","two":["ଆମଦାନୀ କରିବାକୁ ",{"t":"idOrVar","v":"numFriends"}," ଜଣ ବନ୍ଧୁ ମିଳିଲେ"],"few":["ଆମଦାନୀ କରିବାକୁ ",{"t":"idOrVar","v":"numFriends"}," ଜଣ ବନ୍ଧୁ ମିଳିଲେ"],"many":["ଆମଦାନୀ କରିବାକୁ ",{"t":"idOrVar","v":"numFriends"}," ଜଣ ବନ୍ଧୁ ମିଳିଲେ"],"other":["ଆମଦାନୀ କରିବାକୁ ",{"t":"idOrVar","v":"numFriends"}," ଜଣ ବନ୍ଧୁ ମିଳିଲେ"]},"$x":[{"t":"idOrVar","v":"plural"},"numFriends"]},{"$i":"fbNoFriends","$v":"ଆମଦାନୀ କରିବାକୁ କୌଣସି ସମ୍ପର୍କ ଉପଲବ୍ଧ ନାହିଁ"},{"$i":"done-search","$v":"ସମ୍ପୁର୍ଣ୍ଣ"},{"$i":"progressFB3ImportTitle","$v":"ସମ୍ପର୍କଗୁଡିକକୁ ବନ୍ଧୁ ଆମଦାନୀ ହେଉଛି"},{"$i":"progressFB","$v":[{"t":"idOrVar","v":"current"},"/",{"t":"idOrVar","v":"total"}]},{"$i":"progressFB3UpdateTitle","$v":"ସମ୍ପର୍କଗୁଡିକର ବନ୍ଧୁଗୁଡିକ ଅପ୍‌ଡେଟ୍‌ ହେଉଛି"},{"$i":"message2","$v":"ଏଥିରେ କିଛି ସମୟ ଲାଗିପାରେ"},{"$i":"messageLinking","$v":"ଦୟାକରି ଧରି ରଖନ୍ତୁ। ଆମେ ଆପଣଙ୍କ ବନ୍ଧୁ ଏବଂ ଆପଣଙ୍କ ସମ୍ପର୍କ ଲିଙ୍କ୍ କରୁଛୁ |"},{"$i":"error1","$v":["ତ୍ରୁଟି ",{"t":"idOrVar","v":"from"}]},{"$i":"error2","$v":"ଆପଣ ପୁନଃଚେଷ୍ଟା କରିବାକୁ ଚାହାଁନ୍ତି ?"},{"$i":"errorProposal","$v":"ପ୍ରସ୍ତାବଗୁଡିକୁ ଗଣନା କରୁଛି"},{"$i":"errorFriends","$v":"ବନ୍ଧୁଗୁଡିକ ଉଦ୍ଧାର ହେଉଛି"},{"$i":"errorLinking","$v":"ସମ୍ପର୍କ ଲିଙ୍କ୍ ହେଉଛି"},{"$i":"timeout1","$v":[{"t":"idOrVar","v":"from"}," ରୁ ସମୟ ସୀମା ସମାପ୍ତ ହୋଇଛି"]},{"$i":"timeout2","$v":"ଆପଣ ପୁନଃଚେଷ୍ଟା କରିବାକୁ ଚାହାଁନ୍ତି ?"},{"$i":"timeoutProposal","$v":"ପ୍ରସ୍ତାବଗୁଡିକୁ ଗଣନା କରୁଛି"},{"$i":"timeoutFriends","$v":"ବନ୍ଧୁଗୁଡିକ ଉଦ୍ଧାର ହେଉଛି"},{"$i":"timeoutLinking","$v":"ସମ୍ପର୍କଗୁଡିକ ଲିଙ୍କ୍ ହେଉଛି"},{"$i":"wait1","$v":"ଦୟାକରି ଧରି ରଖନ୍ତୁ"},{"$i":"wait2","$v":"ଏଥିରେ କିଛି ସମୟ ଲାଗିପାରେ"},{"$i":"waitProposal","$v":"ଦୟାକରି ଧରି ରଖନ୍ତୁ। ଆମେ ଏକ ପ୍ରସ୍ତାବ ଗଣନା କରୁଛୁ |"},{"$i":"waitFriends","$v":"ଦୟାକରି ଧରି ରଖନ୍ତୁ। ଆମେ ଆପଣଙ୍କ ବନ୍ଧୁ ଲିଷ୍ଟ୍ ପ୍ରାପ୍ତ କରିବାକୁ ସଂଯୋଗ କରୁଛୁ |"},{"$i":"curtainRetry","$v":"ପୁନଃଚେଷ୍ଟା କରନ୍ତୁ"},{"$i":"curtainOK","$v":"ଓକେ"},{"$i":"connectionLost","$v":"କୌଣସି ଇଣ୍ଟର୍ନେଟ୍‌ ସଂଯୋଗ ନାହିଁ"},{"$i":"connectionLostMsg","$v":"ଆପଣଙ୍କ ସମ୍ପର୍କରେ ବନ୍ଧୁଙ୍କ ଫଟୋ ଯୋଡାଯାଇ ପାରିବ ନାହିଁ। ଯେକୌଣସି ଭାବେ ଜାରିରଖିବେ ?"},{"$i":"yesOption","$v":"ଓକେ"},{"$i":"noOption","$v":"ବାତିଲ କରନ୍ତୁ"},{"$i":"waitFriendslive","$v":"ଆଉଟ୍‌ଲୁକ୍‌ରୁ ସମ୍ପର୍କଗୁଡିକ ପଢାହେଉଛି..."},{"$i":"waitFriendsgmail","$v":"ଜିମେଲ୍‌ରୁ ସମ୍ପର୍କଗୁଡିକ ପଢାହେଉଛି..."},{"$i":"friendsUpdated","$v":{"zero":"କୌଣସି ବନ୍ଧୁ ଅପ୍‌ଡେଟ୍‌ ହୋଇନାହିଁ","one":"ଏକ ବନ୍ଧୁ ଅପ୍‌ଡେଟ୍ ହୋଇଛି","two":[{"t":"idOrVar","v":"numFriends"}," ଜଣ ବନ୍ଧୁ ଅପ୍‌ଡେଟ୍ ହୋଇଛି"],"few":[{"t":"idOrVar","v":"numFriends"}," ଜଣ ବନ୍ଧୁ ଅପ୍‌ଡେଟ୍ ହୋଇଛି"],"many":[{"t":"idOrVar","v":"numFriends"}," ଜଣ ବନ୍ଧୁ ଅପ୍‌ଡେଟ୍ ହୋଇଛି"],"other":[{"t":"idOrVar","v":"numFriends"}," ଜଣ ବନ୍ଧୁ ଅପ୍‌ଡେଟ୍ ହୋଇଛି"]},"$x":[{"t":"idOrVar","v":"plural"},"numFriends"]},{"$i":"friendsMerged","$v":{"zero":"କୌଣସି ନକଲ ହୋଇଥିବା ବନ୍ଧୁ ମର୍ଜ୍ ହୋଇନାହିଁ","one":"ଏକ ନକଲ ହୋଇଥିବା ବନ୍ଧୁ ମର୍ଜ୍ ହୋଇଛି","two":[{"t":"idOrVar","v":"numDups"}," ବନ୍ଧୁ ମର୍ଜ୍ ହୋଇଛି"],"few":[{"t":"idOrVar","v":"numDups"}," ବନ୍ଧୁ ମର୍ଜ୍ ହୋଇଛି"],"many":[{"t":"idOrVar","v":"numDups"}," ବନ୍ଧୁ ମର୍ଜ୍ ହୋଇଛି"],"other":[{"t":"idOrVar","v":"numDups"}," ବନ୍ଧୁ ମର୍ଜ୍ ହୋଇଛି"]},"$x":[{"t":"idOrVar","v":"plural"},"numDups"]},{"$i":"notificationLogin","$v":"ଆପଣଙ୍କ ଫେସ୍‌ବୁକ୍ ସେଶନ ଅବୈଧ ଅଟେ। ଦୟାକରି ସାଇନ୍‌ ଇନ୍‌ କରନ୍ତୁ |"},{"$i":"syncError","$v":"ଆପଣଙ୍କ ବନ୍ଧୁଙ୍କ ଡାଟା ସିଂକ୍ରୋନାଇଜିଂ କରିବାରେ ଏକ ତ୍ରୁଟି ହୋଇଛି"},{"$i":"progressFB3liveTitle","$v":"ଆଉଟ୍‌ଲୁକରୁ ସମ୍ପର୍କଗୁଡିକ ଆମଦାନୀ ହେଉଛି..."},{"$i":"progressFB3gmailTitle","$v":"ଜିମେଲରୁ ସମ୍ପର୍କଗୁଡିକ ଆମଦାନୀ ହେଉଛି..."},{"$i":"tcl-calllog-entry-removed-succ-notification","$v":"କଲ୍ ଲଗ୍ ଏଣ୍ଟ୍ରି ଅପସାରଣ ହୋଇଛି"},{"$i":"tcl-calllog-entry-removed-err-notification","$v":"କଲ୍ ଲଗ୍ ଏଣ୍ଟ୍ରି ଅପସାରଣ କରିପାରିବେ ନାହିଁ"},{"$i":"addNewNumber","$v":"ନୂତନ ନମ୍ଵର ଯୋଡ଼ନ୍ତୁ"},{"$i":"contactDetails","$v":"ସମ୍ପର୍କ ବିବରଣୀ"},{"$i":"addToExistingContact","$v":"ବିଦ୍ୟମାନ ସମ୍ପର୍କରେ ଯୋଡ଼ନ୍ତୁ"},{"$i":"all","$v":"ସମସ୍ତ","ariaLabel":"ସମସ୍ତ"},{"$i":"bluetoothOption","ariaLabel":"ବ୍ଲୁଟୁଥ୍"},{"$i":"callLog","$v":"କଲ୍ ଲଗ୍"},{"$i":"callLogEdit","title":"କଲ୍ ଲଗ୍ ସମ୍ପାଦନ କରନ୍ତୁ"},{"$i":"tcl-option-menu-call-log-edit","$v":"କଲ୍ ଲଗ୍ ସମ୍ପାଦନ କରନ୍ତୁ"},{"$i":"callLogEditDialog","ariaLabel":"କଲ୍ ଲଗ୍ ଡାୟଲଗ୍ ସମ୍ପାଦନ କରନ୍ତୁ"},{"$i":"tcl-call-log-delete-group-notification","$v":[{"t":"idOrVar","v":"n"}," ଏଣ୍ଟ୍ରିଗୁଡିକ ବିଲୋପିତ"]},{"$i":"connecting","$v":"ସଂଯୋଗ ହେଉଛି"},{"$i":"connectingEllipsis","$v":"ସଂଯୋଗ କରୁଛି..."},{"$i":"call-forwarding-async","$v":["ଅସମକାଳୀନ: ",{"t":"idOrVar","v":"async"}]},{"$i":"call-forwarding-data","$v":["ଡାଟା: ",{"t":"idOrVar","v":"data"}]},{"$i":"call-forwarding-error","$v":"କଲ୍ ଫରୱାର୍ଡିଙ୍ଗ୍ ସ୍ଥିତି ପୁନରୁଦ୍ଧାର କରିବାବେଳେ ଏକ ତ୍ରୁଟି ଘଟିଛି |"},{"$i":"call-forwarding-fax","$v":["FAX: ",{"t":"idOrVar","v":"fax"}]},{"$i":"call-forwarding-inactive","$v":"ନିଷ୍କ୍ରିୟ"},{"$i":"call-forwarding-packet","$v":["ପ୍ୟାକେଟ୍: ",{"t":"idOrVar","v":"packet"}]},{"$i":"call-forwarding-pad","$v":["PAD: ",{"t":"idOrVar","v":"pad"}]},{"$i":"call-forwarding-sms","$v":["SMS: ",{"t":"idOrVar","v":"sms"}]},{"$i":"call-forwarding-status","$v":"କଲ୍ ଫର୍‌ୱାର୍ଡିଙ୍ଗ୍ ସ୍ଥିତି"},{"$i":"call-forwarding-sync","$v":["ଅସମକାଳୀନ: ",{"t":"idOrVar","v":"sync"}]},{"$i":"call-forwarding-voice","$v":["ଭଏସ୍: ",{"t":"idOrVar","v":"voice"}]},{"$i":"confirm-deletion","$v":"ଚୟନିତ କଲଗୁଡିକ ଖାଲି କରିବେ?"},{"$i":"createNewContact","$v":"ନୂତନ ସମ୍ପର୍କ ସୃଷ୍ଟି କରନ୍ତୁ"},{"$i":"calllog-deselectAll","$v":"ସମସ୍ତ ଅଣଚୟନ କରନ୍ତୁ"},{"$i":"dialerAddContact","ariaLabel":"ସମ୍ପର୍କ ଯୋଡ଼ନ୍ତୁ"},{"$i":"dialerAddContactDialog","ariaLabel":"ସମ୍ପର୍କ ଡାୟଲଗ୍ ଯୋଡ଼ନ୍ତୁ"},{"$i":"callInformation","$v":"କଲ୍ ସୂଚନା"},{"$i":"edit-selected","$v":{"one":["ଚୟନିତ(",{"t":"idOrVar","v":"n"},")"],"two":["ଚୟନିତ(",{"t":"idOrVar","v":"n"},")"],"few":["ଚୟନିତ(",{"t":"idOrVar","v":"n"},")"],"many":["ଚୟନିତ(",{"t":"idOrVar","v":"n"},")"],"other":["ଚୟନିତ(",{"t":"idOrVar","v":"n"},")"]},"$x":[{"t":"idOrVar","v":"plural"},"n"]},{"$i":"tcl-edit-not-selected","$v":"ଚୟନିତ(0)"},{"$i":"hideKeypad","ariaLabel":"କୀପ୍ୟାଡ୍ ଲୁଚାନ୍ତୁ"},{"$i":"ignore","$v":"କଲ୍ ଉପେକ୍ଷା କରନ୍ତୁ"},{"$i":"incoming","$v":"ଆଗମନ"},{"$i":"keypad","ariaLabel":"କୀପ୍ୟାଡ୍"},{"$i":"info-missed","$v":"ମିସ୍‌ଡ୍"},{"$i":"missed","$v":"ମିସ୍‌ଡ୍","ariaLabel":"ମିସ୍‌ଡ୍"},{"$i":"dialed","$v":"ଡାୟଲ୍ ହୋଇଛି"},{"$i":"received","$v":"ପ୍ରାପ୍ତ ହୋଇଛି"},{"$i":"canceled","$v":"ବାତିଲ ହୋଇଛି"},{"$i":"missedCall","$v":"ମିସ୍‌ଡ୍ କଲ୍"},{"$i":"missedCallMultiSims","$v":["(ସିମ୍‌ ",{"t":"idOrVar","v":"n"},") ମିସ୍‌ଡ଼  କଲ୍"]},{"$i":"mmi-error","$v":"ସନ୍ଦେଶ ପଠାଇବାବେଳେ ଏକ ତ୍ରୁଟି ଘଟିଛି |"},{"$i":"mmi-session-expired","$v":"ସେଶନ ସମୟ ସମାପ୍ତି ହୋଇଛି"},{"$i":"mmi-successfully-sent","$v":"ସନ୍ଦେଶ ସଫଳପୂର୍ବକ ପ୍ରେରିତ ହୋଇଛି"},{"$i":"mmi-notification-title-with-sim","$v":["(",{"t":"idOrVar","v":"sim"},") ",{"t":"idOrVar","v":"title"}]},{"$i":"mute","ariaLabel":"ମ୍ୟୁଟ୍ କରନ୍ତୁ"},{"$i":"newCall","ariaLabel":"ନୂତନ କଲ୍"},{"$i":"no-logs-msg-1","$v":"କୌଣସି କଲ୍‌ ରେକର୍ଡ୍ ହୋଇନାହିଁ"},{"$i":"no-logs-msg-2","$v":"ବର୍ତ୍ତମାନ ଯୋଗାଯୋଗ ଆରମ୍ଭ କରନ୍ତୁ"},{"$i":"no-logs-msg-3","$v":"କୌଣସି କଲ୍‌ ରେକର୍ଡ୍ ହୋଇନାହିଁ"},{"$i":"no-logs-msg-4","$v":"ବର୍ତ୍ତମାନ ଯୋଗାଯୋଗ ଆରମ୍ଭ କରନ୍ତୁ"},{"$i":"onHoldOption","ariaLabel":"ହୋଲ୍ଡ୍‌ରେ ଅଛି"},{"$i":"outgoing","$v":"ବହିର୍ଗମନ"},{"$i":"recents","ariaLabel":"ସମ୍ପ୍ରତି କଲଗୁଡିକ"},{"$i":"reply","$v":"ପ୍ରତ୍ୟୁତ୍ତର ଦିଅନ୍ତୁ"},{"$i":"calllog-selectAll","$v":"ସମସ୍ତ ଚୟନ କରନ୍ତୁ"},{"$i":"send","$v":"ପଠାନ୍ତୁ"},{"$i":"switch-calls","$v":"କଲ୍ ସ୍ଵିଚ୍ କରନ୍ତୁ"},{"$i":"withheld-number","$v":"ଅଜ୍ଞାତ"},{"$i":"from-contact","$v":[{"t":"idOrVar","v":"contact"}," ଠାରୁ"]},{"$i":"from-number","$v":[{"t":"idOrVar","v":"number"}," ଠାରୁ"]},{"$i":"from-withheld-number","$v":"ଅଜ୍ଞାତ ନମ୍ୱରରୁ"},{"$i":"sending","$v":"ପଠାଯାଉଛି..."},{"$i":"speakerOption","ariaLabel":"ସ୍ପିକର୍"},{"$i":"ussd-services","$v":[{"t":"idOrVar","v":"operator"}," ସେବାଗୁଡିକ"]},{"$i":"toggleKeypad","ariaLabel":"କୀପ୍ୟାଡ୍ ଟୋଗଲ୍‌ କରନ୍ତୁ"},{"$i":"type-your-response","placeholder":"ଆପଣଙ୍କ ପ୍ରତିକ୍ରିୟା ଟାଇପ୍ କରନ୍ତୁ…"},{"$i":"clear-all-text","$v":"ସମସ୍ତ ଟେକ୍ସଟ୍ ଖାଲି କରନ୍ତୁ"},{"$i":"hide","$v":"ଲୁଚାନ୍ତୁ"},{"$i":"call","$v":"କଲ୍ କରନ୍ତୁ"},{"$i":"hold","ariaLabel":"ହୋଲ୍ଡ୍"},{"$i":"resume","$v":"ପୁନଃ ଆରମ୍ଭ କରନ୍ତୁ","ariaLabel":"ପୁନଃ ଆରମ୍ଭ କରନ୍ତୁ"},{"$i":"sendSms","$v":"ସନ୍ଦେଶ ପଠାନ୍ତୁ"},{"$i":"callEnded","$v":"କଲ୍ ଶେଷ ହୋଇଛି"},{"$i":"via-sim","$v":["ସିମ୍‌",{"t":"idOrVar","v":"n"}," ମାଧ୍ୟମରେ"]},{"$i":"sim-number","$v":["ସିମ୍‌",{"t":"idOrVar","v":"n"}]},{"$i":"unknown","$v":"ଅଜ୍ଞାତ"},{"$i":"hangup-a11y-button","ariaLabel":"ହ୍ୟାଙ୍ଗ୍ ଅପ୍‌ କରନ୍ତୁ"},{"$i":"pickup-a11y-button","ariaLabel":"ପିକ୍ ଅପ୍"},{"$i":"unlock-a11y-button","ariaLabel":"ସ୍ଲାଇଡର୍"},{"$i":"settings","$v":"ସେଟିଂସ୍"},{"$i":"tcl-delete-log","$v":"କଲ୍ ଲଗ୍‌ରୁ ଆପଣ ଚୟନିତ ଏଣ୍ଟ୍ରିଗୁଡିକ ବିଲୋପ କରିବାକୁ ଚାହାଁନ୍ତି କି?"},{"$i":"delete-n-log?","$v":{"zero":"କିଛି ବି ଚୟନିତ ହୋଇନାହିଁ","one":"ଚୟନିତ ଲଗ୍ ବିଲୋପ କରିବେ?","two":[{"t":"idOrVar","v":"n"}," ଲଗ୍ ବିଲୋପ କରିବେ?"],"few":[{"t":"idOrVar","v":"n"}," ଲଗ୍ ବିଲୋପ କରିବେ?"],"many":[{"t":"idOrVar","v":"n"}," ଲଗ୍ ବିଲୋପ କରିବେ?"],"other":[{"t":"idOrVar","v":"n"}," ଲଗ୍ ବିଲୋପ କରିବେ?"]},"$x":[{"t":"idOrVar","v":"plural"},"n"]},{"$i":"callDurationMinutes","$v":[{"t":"idOrVar","v":"M"},":",{"t":"idOrVar","v":"s"}]},{"$i":"callDurationHours","$v":[{"t":"idOrVar","v":"h"},":",{"t":"idOrVar","v":"m"},":",{"t":"idOrVar","v":"s"}]},{"$i":"callDurationTextFormatSeconds","$v":[{"t":"idOrVar","v":"s"}," ସେକେଣ୍ଡ୍"]},{"$i":"callDurationTextFormatMinutes","$v":[{"t":"idOrVar","v":"M"}," ମିନିଟ୍ ",{"t":"idOrVar","v":"s"}," ସେକେଣ୍ଡ୍"]},{"$i":"callDurationTextFormatHours","$v":[{"t":"idOrVar","v":"h"}," ଘଣ୍ଟା ",{"t":"idOrVar","v":"m"}," ମିନିଟ୍ ",{"t":"idOrVar","v":"s"}," ସେକେଣ୍ଡ୍"]},{"$i":"suggestionMatches","$v":{"one":["\"",{"t":"idOrVar","v":"matchNumber"},"\" ପାଇଁ ",{"t":"idOrVar","v":"n"}," ମେଳକ"],"two":["\"",{"t":"idOrVar","v":"matchNumber"},"\" ପାଇଁ ",{"t":"idOrVar","v":"n"}," ମେଳକ"],"few":["\"",{"t":"idOrVar","v":"matchNumber"},"\" ପାଇଁ ",{"t":"idOrVar","v":"n"}," ମେଳକ"],"many":["\"",{"t":"idOrVar","v":"matchNumber"},"\" ପାଇଁ ",{"t":"idOrVar","v":"n"}," ମେଳକ"],"other":["\"",{"t":"idOrVar","v":"matchNumber"},"\" ପାଇଁ ",{"t":"idOrVar","v":"n"}," ମେଳକ"]},"$x":[{"t":"idOrVar","v":"plural"},"n"]},{"$i":"scCallBarring","$v":"କଲ୍ ପ୍ରତିବନ୍ଧିତ ହେଉଛି"},{"$i":"scCallForwarding","$v":"କଲ୍ ଫର୍‌ୱାର୍ଡିଙ୍ଗ୍"},{"$i":"scClip","$v":"ଆଗମନ କଲ୍‌ର ID"},{"$i":"scClir","$v":"ବହିର୍ଗମନ କଲ୍‌ର ID"},{"$i":"scPwd","$v":"ପାସ୍‌ୱାର୍ଡ୍ ବଦଳାନ୍ତୁ"},{"$i":"scCallWaiting","$v":"କଲ୍ ଅପେକ୍ଷାରେ ଅଛି"},{"$i":"scPin","$v":"ପିନ୍ ବଦଳାନ୍ତୁ"},{"$i":"scPin2","$v":"ପିନ୍2 ବଦଳାନ୍ତୁ"},{"$i":"scPuk","$v":"ପିନ୍ ଅନାବରୋଧ କରନ୍ତୁ"},{"$i":"scPuk2","$v":"ପିନ୍2 ଅନାବରୋଧ କରନ୍ତୁ"},{"$i":"scImei","$v":"IMEI"},{"$i":"scMeid","$v":"MEID"},{"$i":"scUssd","$v":"USSD"},{"$i":"serviceClassVoice","$v":"ଭଏସ୍"},{"$i":"serviceClassData","$v":"ଡାଟା"},{"$i":"serviceClassFax","$v":"FAX"},{"$i":"serviceClassSms","$v":"SMS"},{"$i":"serviceClassDataSync","$v":"ସିଙ୍କ୍"},{"$i":"serviceClassDataAsync","$v":"ଏସିଙ୍କ୍"},{"$i":"serviceClassPacket","$v":"ପ୍ୟାକେଟ୍"},{"$i":"serviceClassPad","$v":"PAD"},{"$i":"smServiceEnabled","$v":"ସେବା ସକ୍ଷମ ହୋଇଥିଲା"},{"$i":"smServiceDisabled","$v":"ସେବା ଅକ୍ଷମ କରିଦିଆଯାଇଛି"},{"$i":"smServiceRegistered","$v":"ପଞ୍ଜିକରଣ ସଫଳ ହୋଇଛି"},{"$i":"smServiceErased","$v":"ବିଲୋପନ ସଫଳ ହୋଇଛି"},{"$i":"smServiceInterrogated","$v":"ଅନୁରୋଧ ସଫଳ ହୋଇଛି"},{"$i":"smServiceNotProvisioned","$v":"ସେବା ବ୍ୟବସ୍ଥା ନାହିଁ"},{"$i":"smClirPermanent","$v":"ଆପଣ କଲର୍ ID ସେଟିଂ ବଦଳାଇ ପାରିବେ ନାହିଁ"},{"$i":"smClirDefaultOnNextCallOn","$v":"କଲର୍ ID ଡିଫଲ୍ଟ୍ ଭାବେ ପ୍ରତିବନ୍ଧିତ ହୋଇଛି। ପରବର୍ତ୍ତୀ କଲ୍: ପ୍ରତିବନ୍ଧିତ"},{"$i":"smClirDefaultOnNextCallOff","$v":"କଲର୍ ID ଡିଫଲ୍ଟ୍ ଭାବେ ପ୍ରତିବନ୍ଧିତ ହୋଇଛି। ପରବର୍ତ୍ତୀ କଲ୍: ପ୍ରତିବନ୍ଧିତ ହୋଇନାହିଁ"},{"$i":"smClirDefaultOffNextCallOn","$v":"କଲର୍ ID ଡିଫଲ୍ଟ୍ ଭାବେ ପ୍ରତିବନ୍ଧିତ ହୋଇନାହିଁ । ପରବର୍ତ୍ତୀ କଲ୍: ପ୍ରତିବନ୍ଧିତ"},{"$i":"smClirDefaultOffNextCallOff","$v":"କଲର୍ ID ଡିଫଲ୍ଟ୍ ଭାବେ ପ୍ରତିବନ୍ଧିତ ହୋଇନାହିଁ । ପରବର୍ତ୍ତୀ କଲ୍: ପ୍ରତିବନ୍ଧିତ ହୋଇନାହିଁ"},{"$i":"smServiceEnabledFor","$v":"ପାଇଁ ସେବା ସକ୍ଷମ ହୋଇଥିଲା:"},{"$i":"smPinChanged","$v":"ପିନ୍‌ ସଫଳପୂର୍ବକ ବଦଳିଛି"},{"$i":"smPinUnblocked","$v":"ପିନ୍‌ ସଫଳପୂର୍ବକ ଅନାବରୋଧିତ"},{"$i":"smPin2Changed","$v":"ପିନ୍‌2 ସଫଳପୂର୍ବକ ବଦଳିଛି"},{"$i":"smPin2Unblocked","$v":"ପିନ୍‌2 ସଫଳପୂର୍ବକ ଅନାବରୋଧିତ"},{"$i":"ServiceIsEnabled","$v":"ସେବା ସକ୍ଷମ ହୋଇଛି"},{"$i":"ServiceIsDisabled","$v":"ସେବା ଅକ୍ଷମ ହୋଇଛି"},{"$i":"ServiceIsEnabledFor","$v":"ପାଇଁ ସେବା ସକ୍ଷମ ହୋଇଛି:"},{"$i":"emMmiError","$v":"ସଂଯୋଜନା ସମସ୍ୟା କିମ୍ୱା ଅବୈଧ MMI କୋଡ୍"},{"$i":"emMmiErrorPasswordIncorrect","$v":"ଭୁଲ୍ ପାସ୍‌ୱାର୍ଡ୍"},{"$i":"emMmiErrorNotSupported","$v":"ଅବୈଧ କିମ୍ୱା ଅସମର୍ଥିତ MMI କୋଡ୍"},{"$i":"emMmiErrorInvalidAction","$v":"ଅବୈଧ କ୍ରିୟା"},{"$i":"emMmiErrorInvalidScCode","$v":"ଅବୈଧ ସେବା କୋଡ୍"},{"$i":"emMmiErrorBadPuk","$v":"ଆପଣ ଟାଇପ୍ କରିଥିବା PUK ସଠିକ୍ ନୁହେଁ"},{"$i":"emMmiErrorBadPin","$v":"ଆପଣ ଟାଇପ୍ କରିଥିବା ପୁରାତନ ପିନ୍‌ ସଠିକ୍ ନୁହେଁ।"},{"$i":"emMmiErrorNeedPuk2","$v":"ସିମ୍‌ କାର୍ଡ୍ ଅନାବରୋଧ କରିବାକୁ PUK2 ଟାଇପ୍ କରନ୍ତୁ"},{"$i":"emMmiErrorMismatchPin","$v":"ଆପଣ ଟାଇପ୍ କରିଥିବା ପିନ୍‌ଗୁଡିକ ମେଳ ଖାଉନାହିଁ"},{"$i":"emMmiErrorInvalidPin","$v":"4 ରୁ 8 ଅଙ୍କବିଶିଷ୍ଟ ପିନ୍‌ ଟାଇପ୍ କରନ୍ତୁ"},{"$i":"emMmiErrorNeedsPuk","$v":"ଆପଣଙ୍କ ସିମ୍‌ କାର୍ଡ PUK-ଲକ୍ ହୋଇଛି"},{"$i":"emMmiErrorEnablePin","$v":"ଅସଫଳ। SIM/RUIM ଲକ୍ ସକ୍ଷମ କରନ୍ତୁ"},{"$i":"emMmiErrorMmiFdn","$v":"କେବଳ ଫିକ୍ସ ଡାୟଲିଂ ନମ୍ବର ପାଇଁ ସଞ୍ଚାଳନ ପ୍ରତିବନ୍ଧିତ ଅଟେ"},{"$i":"emMmiErrorStkCcUssdDial","$v":"USSD ଅନୁରୋଧକୁ ବଦଳାଇ DIAL ଅନୁରୋଧ କରାହୋଇଛି"},{"$i":"emMmiErrorStkCcUssdSs","$v":"USSD ଅନୁରୋଧକୁ ବଦଳାଇ SS ଅନୁରୋଧ କରାହୋଇଛି"},{"$i":"emMmiErrorStkCcUssdUssd","$v":"USSD ଅନୁରୋଧକୁ ବଦଳାଇ ନୂତନ USSD ଅନୁରୋଧ କରାହୋଇଛି"},{"$i":"emMmiErrorStkCcSsDial","$v":"SS ଅନୁରୋଧକୁ ବଦଳାଇ ଡାୟଲ୍ ଅନୁରୋଧ କରାହୋଇଛି"},{"$i":"emMmiErrorStkCcSsUssd","$v":"SS ଅନୁରୋଧକୁ ବଦଳାଇ USSD ଅନୁରୋଧ କରାହୋଇଛି"},{"$i":"emMmiErrorStkCcSsSs","$v":"SS ଅନୁରୋଧକୁ ବଦଳାଇ ନୁଆ SS ଅନୁରୋଧ କରାହୋଇଛି"},{"$i":"emMmiErrorPinPukAttempts","$v":{"one":["କେବଳ ",{"t":"idOrVar","v":"n"},"ଟି ପୁନଃଚେଷ୍ଟା ବାକି"],"two":[{"t":"idOrVar","v":"n"}," ଟି ପୁନଃଚେଷ୍ଟା ବାକି ଅଛି"],"few":[{"t":"idOrVar","v":"n"}," ଟି ପୁନଃଚେଷ୍ଟା ବାକି ଅଛି"],"many":[{"t":"idOrVar","v":"n"}," ଟି ପୁନଃଚେଷ୍ଟା ବାକି ଅଛି"],"other":[{"t":"idOrVar","v":"n"}," ଟି ପୁନଃଚେଷ୍ଟା ବାକି ଅଛି"]},"$x":[{"t":"idOrVar","v":"plural"},"n"]},{"$i":"emMmiErrorSimBlocked","$v":"ସର୍ବାଧିକ ନମ୍ଵରର ପୁନଃଚେଷ୍ଟା ଅତିକ୍ରମ ହୋଇଛି। ସିମ୍‌ ଅବରୋଧ ହୋଇଛି |"},{"$i":"RadioNotAvailable","$v":"ରେଡିଓ ଉପଲବ୍ଧ ନାହିଁ"},{"$i":"GenericFailure","$v":"ସାମନ୍ୟ ବିଫଳତା"},{"$i":"PasswordIncorrect","$v":"ପାସ୍‌ୱାର୍ଡ୍ ଭୁଲ୍"},{"$i":"SimPin2","$v":"ସିମ୍‌ ପିନ୍‌2"},{"$i":"SimPuk2","$v":"ସିମ୍‌ PUK2"},{"$i":"RequestNotSupported","$v":"ଅନୁରୋଧ ସମର୍ଥିତ ନୁହେଁ"},{"$i":"OpNotAllowedDuringVoiceCall","$v":"ଭଏସ୍ କଲ୍ ସମୟରେ ସଞ୍ଚାଳନ ଅନୁମୋଦିତ ନୁହେଁ"},{"$i":"SmsSendFailRetry","$v":"SMS‌ ପ୍ରେରଣ ବିଫଳ ପୁନଃଚେଷ୍ଟା କରନ୍ତୁ"},{"$i":"SimAbsent","$v":"ସିମ୍‌ ଅନୁପସ୍ଥିତ"},{"$i":"SubscriptionNotAvailable","$v":"ସଦସ୍ୟତା ଉପଲବ୍ଧ ନାହିଁ"},{"$i":"ModeNotSupported","$v":"ମୋଡ୍ ସମର୍ଥିତ ହୋଇନାହିଁ"},{"$i":"FdnCheckFailure","$v":"FDN‌ ବିଫଳତାର ଯାଞ୍ଚ କରନ୍ତୁ"},{"$i":"IllegalSimOrMe","$v":"ବେଆଇନ ସିମ୍‌ କିମ୍ୱା ME"},{"$i":"DialModifiedToUssd","$v":"ଡାୟଲ୍‌କୁ ବଦଳାଇ USSD କରାଯାଇଛି"},{"$i":"DialModifiedToSs","$v":"ଡାୟଲ୍‌କୁ ବଦଳାଇ SS କରାଯାଇଛି"},{"$i":"DialModifiedToDial","$v":"ଡାୟଲ୍‌କୁ ବଦଳାଇ ଡାୟଲ୍ କରାଯାଇଛି"},{"$i":"UssdModifiedToDial","$v":"USSDକୁ ବଦଳାଇ ଡାୟଲ୍ କରାହୋଇଛି"},{"$i":"UssdModifiedToSs","$v":"USSDକୁ ବଦଳାଇ SS କରାହୋଇଛି"},{"$i":"UssdModifiedToUssd","$v":"USSDକୁ ବଦଳାଇ USSD କରାହୋଇଛି"},{"$i":"SsModifiedToDial","$v":"SSକୁ ବଦଳାଇ ଡାୟଲ୍ କରାହୋଇଛି"},{"$i":"SsModifiedToUssd","$v":"SSକୁ ବଦଳାଇ USSD କରାହୋଇଛି"},{"$i":"SsModifiedToSs","$v":"SSକୁ ବଦଳାଇ SS କରାହୋଇଛି"},{"$i":"SubscriptionNotSupported","$v":"ସଦସ୍ୟତା ସମର୍ଥିତ ନୁହେଁ"},{"$i":"InvalidParameter","$v":"ଅବୈଧ ପାରାମିଟର"},{"$i":"RejectedByRemote","$v":"ରିମୋଟ୍ ଦ୍ୱାରା ଅଗ୍ରାହ୍ୟ ହୋଇଛି"},{"$i":"conferenceCall","$v":["କନଫରେନ୍ସ (",{"t":"idOrVar","v":"n"},")"]},{"$i":"caller-left-call","$v":[{"t":"idOrVar","v":"caller"}," କଲ୍ ପରିତ୍ୟାଗ କରିଛନ୍ତି ।"]},{"$i":"conferenceAddError","$v":"କଲଗୁଡିକୁ ମର୍ଜ୍ କରିବାକୁ ଅସମର୍ଥ"},{"$i":"conferenceRemoveError","$v":"କଲଗୁଡିକ ଅନ୍‌ମର୍ଜ୍ କରିବାକୁ ଅସମର୍ଥ"},{"$i":"longDateFormat","$v":"%A, %b %e"},{"$i":"select-audio-sources","$v":"ଅଡିଓ ସୋର୍ସ୍‌ଗୁଡିକ ଚୟନ କରନ୍ତୁ"},{"$i":"bluetooth-handsfree-device","$v":"ବ୍ଲୁଟୁଥ୍ ହ୍ୟାଣ୍ଡସ୍ ଫ୍ରୀ ଡିଭାଇସ୍"},{"$i":"receiver","$v":"ପ୍ରାପ୍ତକର୍ତ୍ତା"},{"$i":"speaker","$v":"ସ୍ପିକର୍"},{"$i":"tcl-cancel","$v":"ବାତିଲ କରନ୍ତୁ"},{"$i":"tcl-dialer","$v":"ଡାୟଲର୍"},{"$i":"tcl-confirmation","$v":"ନିଶ୍ଚିତକରଣ"},{"$i":"log-item","$v":"ବିକଳ୍ପଗୁଡିକ"},{"$i":"tcl-assign-speed-dial","$v":{"$o":["\"",{"t":"idOrVar","v":"speedDial"},"\" ବଟନ୍‌ରେ ସମ୍ପର୍କ  ସ୍ପିଡ୍ ଡାୟଲ୍ ଭାବରେ ଯୋଡାଯାଇ ନାହିଁ। <br><br>ବର୍ତ୍ତମାନ ନ୍ୟସ୍ତ କରିବେ?"]}},{"$i":"tcl-assign","$v":"ନ୍ୟସ୍ତ କରନ୍ତୁ"},{"$i":"select","$v":"ଚୟନ କରନ୍ତୁ"},{"$i":"view-all","$v":"ସମସ୍ତ ଦେଖନ୍ତୁ"},{"$i":"search-results","$v":"ସନ୍ଧାନ ଫଳାଫଳଗୁଡିକ"},{"$i":"no-recent-numbers","$v":"ଡାଏଲ୍ କରିବାକୁ କଲ୍ ଲଗ୍‌ରେ ସମ୍ପ୍ରତି କୌଣସି ନମ୍ବର ନାହିଁ |"},{"$i":"wifi-calling","$v":"Wi-Fi କଲିଙ୍ଗ୍"},{"$i":"dialer-prompt","$v":"କଲ୍‌ରେ ଯୋଡିବାକୁ ନମ୍ଵର ଡାୟଲ୍ କରନ୍ତୁ କିମ୍ୱା ସମ୍ପର୍କ ଚୟନ କରନ୍ତୁ"},{"$i":"hours","$v":"ଘଣ୍ଟା"},{"$i":"minutes","$v":"ମିନିଟ୍"},{"$i":"seconds","$v":"ସେକେଣ୍ଡ"},{"$i":"voicemailNoNumberTitle","$v":"ଭଏସ୍‌ମେଲ୍ ନମ୍ଵର ଅନୁପଲବ୍ଧ"},{"$i":"voicemailNoNumberText","$v":"ଭଏସମେଲକୁ କଲ୍ କରିବାକୁ ଅସମର୍ଥ | କଲ୍ କରିବାକୁ ଭଏସମେଲ୍ ନମ୍ଵର ସେଟ୍‌ ଅପ୍ କରନ୍ତୁ।"},{"$i":"voicemailNoNumberSettings","$v":"ସେଟିଂସ୍"},{"$i":"voicemailNoNumberCancel","$v":"ବାତିଲ କରନ୍ତୁ"},{"$i":"phoneNumberInput","ariaLabel":"ଫୋନ୍ ନମ୍ଵର"},{"$i":"keypadDelete","ariaLabel":"ବିଲୋପ କରନ୍ତୁ"},{"$i":"voiceMailKey","ariaLabel":"ଭଏସ୍‌ମେଲ୍"},{"$i":"asterisk","ariaLabel":"ଆଷ୍ଟ୍ରେରିସ୍କ୍ ଚିହ୍ନ"},{"$i":"hashSign","ariaLabel":"ହାଶ୍ ସାଇନ୍"},{"$i":"loadingSimContacts","$v":"ସିମ୍‌ କାର୍ଡ୍ ସମ୍ପର୍କଗୁଡିକ ଲୋଡ୍ ହେଉଛି..."},{"$i":"noContactsWereFound","$v":"କୌଣସି ସମ୍ପର୍କ ମିଳିଲା ନାହିଁ"},{"$i":"noContactsFoundDialogOk","$v":"ଓକେ"},{"$i":"emergencyNumber","$v":"ଜରୁରୀକାଳୀନ ନମ୍ଵର"},{"$i":"callAirplaneModeMessage","$v":"କଲ୍ କରିବାକୁ ଆପଣଙ୍କ ସେଟିଂସରେ ଏୟାର୍‌ପ୍ଲେନ୍ ମୋଡ୍ ଅକ୍ଷମ କରିବା ଆବଶ୍ୟକ।"},{"$i":"callAirplaneModeBtnOk","$v":"ଓକେ"},{"$i":"callAirplaneModeTitle","$v":"ଏୟାର୍‌ପ୍ଲେନ୍ ମୋଡ୍ ସକ୍ରିୟ ହୋଇଛି"},{"$i":"numberIsBusyTitle","$v":"ନମ୍ଵର ବ୍ୟସ୍ତ"},{"$i":"numberIsBusyMessage","$v":"ନମ୍ଵର ବର୍ତ୍ତମାନ ବ୍ୟସ୍ତ ଅଛି। ଦୟାକରି ପରେ ପୁନଃଚେଷ୍ଟା କରନ୍ତୁ।"},{"$i":"fdnIsActiveTitle","$v":"FDN‌ ସକ୍ରିୟ ଅଛି"},{"$i":"fdnIsActiveMessage","$v":["FDN‌ (ଫିକ୍ସଡ୍ ଡାୟଲିଂ ନମ୍ବର) ସକ୍ରିୟ ହୋଇଛି ଏବଂ ନିମ୍ନଲିଖିତ ନମ୍ଵର ଆପଣଙ୍କ FDN‌ ଲିଷ୍ଟ୍‌ରେ ନାହିଁ: ",{"t":"idOrVar","v":"number"}]},{"$i":"emergencyDialogBodyBadNumber","$v":"କଲ୍ କରିବାକୁ, ଫୋନଟି ଏକ ନେଟୱାର୍କ ସହ ସଂଯୋଜିତ ରହିବା ଆବଶ୍ୟକ।"},{"$i":"emergencyDialogBodyDeviceNotAccepted","$v":"ଏହି ନେଟ୍‌ୱାର୍କ୍ ଦ୍ୱାରା ଜରୁରୀକାଳୀନ କଲ୍‌ର ଅନୁମତି ନାହିଁ |"},{"$i":"emergencyDialogBtnOk","$v":"ଓକେ"},{"$i":"emergencyDialogTitle","$v":"କିଛି ନେଟ୍‍ୱାର୍କ ସଂଯୋଗ ନାହିଁ"},{"$i":"invalidNumberToDialTitle","$v":"ଅବୈଧ ଫୋନ୍ ନମ୍ୱର"},{"$i":"invalidNumberToDialMessage","$v":"ଆପଣ କଲ୍ କରୁଥିବା ଫୋନ୍ ନମ୍ଵର ବୈଧ ନୁହେଁ।"},{"$i":"unableToCallTitle","$v":"ବର୍ତ୍ତମାନ ଫୋନ୍ କଲ୍ କରିବାକୁ ଅସମର୍ଥ"},{"$i":"unableToCallMessage","$v":"କଲ୍ କରିପାରିବେ ନାହିଁ | ଯଦି ଆପଣ ପୂର୍ବରୁ ଡାୟଲ୍ କରୁଛନ୍ତି, ଦୟାକରି ପ୍ରଥମେ ହ୍ୟାଙ୍ଗ ଅପ୍‌ କରନ୍ତୁ |"},{"$i":"otherConnectionInUseTitle","$v":"ଅନ୍ୟ ସଂଯୋଜନା ବ୍ୟବହାର ହେଉଛି"},{"$i":"otherConnectionInUseMessage","$v":"ଅନ୍ୟ ସଂଯୋଜନାରେ ଆପଣଙ୍କର ଏକ ସକ୍ରିୟ କଲ୍ ଅଛି। ଆପଣ ଏକ ସମୟରେ ଗୋଟିଏ ସଂଯୋଜନା ବ୍ୟବହାର କରିପାରିବେ |"},{"$i":"tcl-call-log","$v":"କଲ୍ ଲଗ୍"},{"$i":"tcl-contacts","$v":"ସମ୍ପର୍କଗୁଡିକ"},{"$i":"tcl-call","$v":"କଲ୍ କରନ୍ତୁ"},{"$i":"tcl-add-contact","$v":"ବିଦ୍ୟମାନ ସମ୍ପର୍କରେ ଯୋଡ଼ନ୍ତୁ"},{"$i":"tcl-create-contact","$v":"ନୂତନ ସମ୍ପର୍କ ସୃଷ୍ଟି କରନ୍ତୁ"},{"$i":"tcl-add-speed-dial","$v":"ସ୍ପିଡ୍ ଡାୟଲ୍‌‌ରେ ଯୋଡ଼ନ୍ତୁ"},{"$i":"sim-with-index-and-carrier","$v":["SIM ",{"t":"idOrVar","v":"index"}," - ",{"t":"idOrVar","v":"carrier"}]},{"$i":"sim-without-carrier","$v":["SIM ",{"t":"idOrVar","v":"index"}]}]