[{"$i":"confirmMsg","$v":[{"t":"idOrVar","v":"deviceId"}," ਤੁਹਾਡੇ ਸੰਪਰਕ ਅਤੇ ਕਾਲ ਇਤਿਹਾਸ ਨੂੰ ਐਕਸਸ ਕਰਨਾ ਚਾਹੁੰਦਾ ਹੈ, ਸਵੀਕਾਰ ਕਰੋ?"]},{"$i":"responseMsg","$v":[{"t":"idOrVar","v":"deviceId"}," ਦੇ ਲਈ ਕੀ"]},{"$i":"confirmTitle","$v":"ਫੋਨਬੁੱਕ ਐਕਸਸ ਦੀ ਬੇਨਤੀ"},{"$i":"responseTitle","$v":"ਬਲੂਟੂਥ ਸੈਸ਼ਨ ਕੀ ਜ਼ਰੂਰੀ ਹੈ"},{"$i":"initialValue","$v":"ਸੈਸ਼ਨ ਕੀ ਦਾਖਲ ਕਰੋ"},{"$i":"gaia-menu-cancel","$v":"ਰੱਦ ਕਰੋ"},{"$i":"gaia-sim-picker-dial-via-with-number","$v":[{"t":"idOrVar","v":"phoneNumber"}," ਰਾਹੀਂ ਡਾਇਲ ਕਰੋ"]},{"$i":"gaia-sim-picker-select-sim","$v":"ਸਿਮ ਚੁਣੋ"},{"$i":"gaia-sim-picker-button","$v":["ਸਿਮ ",{"t":"idOrVar","v":"n"}]},{"$i":"gaia-sim-picker-button-default","$v":"(ਡਿਫੌਲਟ)"},{"$i":"softkey-options","$v":"ਵਿਕਲਪ"},{"$i":"details","countcall":"ਕਾਲ ਕਰੋ"},{"$i":"edit","$v":"ਸੰਪਾਦਿਤ ਕਰੋ"},{"$i":"cancel","$v":"ਰੱਦ ਕਰੋ"},{"$i":"done","$v":"ਪੂਰਾ ਹੋਇਆ"},{"$i":"ok","$v":"ਠੀਕ ਹੈ"},{"$i":"update","$v":"ਅਪਡੇਟ ਕਰੋ"},{"$i":"retry","$v":"ਦੁਬਾਰਾ ਕੋਸ਼ਿਸ਼ ਕਰੋ"},{"$i":"view","$v":"ਦੇਖੋ"},{"$i":"search","$v":"ਖੋਜੋ"},{"$i":"contacts","$v":"ਸੰਪਰਕ"},{"$i":"addContact","$v":"ਸੰਪਰਕ ਜੋੜੋ"},{"$i":"deleteContact","$v":"ਸੰਪਰਕ ਮਿਟਾਓ"},{"$i":"selectContact","$v":"ਸੰਪਰਕ ਚੁਣੋ"},{"$i":"selectAll","$v":"ਸਾਰੇ ਚੁਣੋ"},{"$i":"deselect","$v":"ਅਣਚੁਣਿਆ ਕਰੋ"},{"$i":"deselectAll","$v":"ਸਾਰਿਆਂ ਨੂੰ ਅਣਚੁਣਿਆ ਕਰੋ"},{"$i":"editContact","$v":"ਸੰਪਰਕ ਸੰਪਾਦਿਤ ਕਰੋ"},{"$i":"deleteConfirmMsg","$v":"ਸੰਪਰਕ ਹਟਾਓ?"},{"$i":"remove","$v":"ਹਟਾਓ"},{"$i":"delete","$v":"ਮਿਟਾਓ"},{"$i":"comments","$v":"ਟਿੱਪਣੀਆਂ"},{"$i":"no_contact_phones","$v":"ਇਸ ਸੰਪਰਕ ਵਿੱਚ ਫੋਨ ਨੰਬਰ ਨਹੀਂ ਹੈ"},{"$i":"no_contact_email","$v":"ਇਸ ਸੰਪਰਕ ਵਿੱਚ ਈਮੇਲ ਐਡਰੈੱਸ ਨਹੀਂ ਹੈ"},{"$i":"no_contact_data","$v":"ਇਸ ਸੰਪਰਕ ਵਿੱਚ ਫੋਨ ਨੰਬਰ ਅਤੇ ਈਮੇਲ ਐਡਰੈੱਸ ਨਹੀਂ ਹੈ"},{"$i":"removePhotoConfirm","$v":"ਸੰਪਰਕ ਤਸਵੀਰ ਹਟਾਓ?"},{"$i":"loadingContacts","$v":"ਸੰਪਰਕ ਲੋਡ ਹੋ ਰਹੇ ਹਨ..."},{"$i":"noContactsActivity2","$v":"ਤੁਹਾਡੀ ਸੰਪਰਕ ਸੂਚੀ ਵਿੱਚ ਕੋਈ ਸੰਪਰਕ ਨਹੀਂ ਹੈ"},{"$i":"noName","$v":"ਕੋਈ ਨਾਮ ਨਹੀਂ"},{"$i":"givenName","$v":"ਪਹਿਲਾਂ ਨਾਮ"},{"$i":"familyName","$v":"ਉਪਨਾਮ"},{"$i":"tel","$v":"ਫੋਨ"},{"$i":"carrier","$v":"ਕੈਰੀਅਰ","placeholder":"ਕੈਰੀਅਰ"},{"$i":"separator","$v":","},{"$i":"email","$v":"ਈਮੇਲ"},{"$i":"streetAddress","$v":"ਸਟ੍ਰੀਟ"},{"$i":"postalCode","$v":"ਜ਼ਿਪ ਕੋਡ"},{"$i":"locality","$v":"ਸ਼ਹਿਰ"},{"$i":"countryName","$v":"ਦੇਸ਼"},{"$i":"comment","$v":"ਟਿੱਪਣੀ"},{"$i":"org","$v":"ਕੰਪਨੀ"},{"$i":"date","$v":"ਮਿਤੀ","placeholder":"ਮਿਤੀ"},{"$i":"date-span-placeholder","$v":"ਮਿਤੀ"},{"$i":"birthday","$v":"ਜਨਮਦਿਨ"},{"$i":"dateFormat","$v":"%b %e"},{"$i":"dateOutput","$v":[{"t":"idOrVar","v":"dayMonthFormatted"}," ",{"t":"idOrVar","v":"year"}]},{"$i":"anniversary","$v":"ਵਰ੍ਹੇਗੰਢ"},{"$i":"addPhoto","$v":"ਤਸਵੀਰ ਜੋੜੋ"},{"$i":"addPhone","$v":"ਫੋਨ ਜੋੜੋ"},{"$i":"addEmail","$v":"ਈਮੇਲ ਜੋੜੋ"},{"$i":"addAddress","$v":"ਪਤਾ ਜੋੜੋ"},{"$i":"addDate","$v":"ਮਿਤੀ ਜੋੜੋ"},{"$i":"addComment","$v":"ਨੋਟ ਜੋੜੋ"},{"$i":"addFavorite","$v":"ਪਸੰਦੀਦਾ ਵਜੋਂ ਜੋੜੋ"},{"$i":"removeFavorite","$v":"ਪਸੰਦੀਦਾ ਵਜੋਂ ਹਟਾਓ"},{"$i":"addButton","ariaLabel":"ਜੋੜੋ"},{"$i":"editButton","ariaLabel":"ਸੰਪਾਦਿਤ ਕਰੋ"},{"$i":"settingsButton","ariaLabel":"ਸੈਟਿੰਗਸ"},{"$i":"phoneDetail","ariaLabel":"ਫੋਨ"},{"$i":"emailDetail","ariaLabel":"ਈਮੇਲ"},{"$i":"addressDetail","ariaLabel":"ਪਤਾ"},{"$i":"dateDetail","ariaLabel":"ਮਿਤੀ"},{"$i":"composeEmail","ariaLabel":"ਈਮੇਲ"},{"$i":"makeCall","ariaLabel":"ਕਾਲ ਕਰੋ"},{"$i":"phones","ariaLabel":"ਫੋਨ"},{"$i":"emails","ariaLabel":"ਈਮੇਲ"},{"$i":"addresses","ariaLabel":"ਪਤੇ"},{"$i":"dates","ariaLabel":"ਮਿਤੀ"},{"$i":"notes","ariaLabel":"ਨੋਟ"},{"$i":"exit","$v":"ਬਾਹਰ ਨਿਕਲੋ"},{"$i":"expand","$v":"ਵਿਸਤਾਰ ਕਰੋ"},{"$i":"labelName","$v":"ਨਾਮ:"},{"$i":"labelLastName","$v":"ਉਪਨਾਮ:"},{"$i":"labelPhoneNumber","$v":"ਫੋਨ ਨੰਬਰ:"},{"$i":"labelCarrier","$v":"ਕੈਰੀਅਰ:"},{"$i":"labelEmail","$v":"ਈਮੇਲ:"},{"$i":"labelStreet","$v":"ਸਟ੍ਰੀਟ :"},{"$i":"labelZip","$v":"ਜ਼ਿਪ ਕੋਡ:"},{"$i":"labelCity","$v":"ਸ਼ਹਿਰ:"},{"$i":"labelCountry","$v":"ਦੇਸ਼:"},{"$i":"labelComment","$v":"ਟਿੱਪਣੀ:"},{"$i":"legendTitleMain","$v":"ਮੁੱਖ ਜਾਣਕਾਰੀ"},{"$i":"legendPhones","$v":"ਫੋਨ ਨੰਬਰ"},{"$i":"legendEmail","$v":"ਈਮੇਲ ਐਡਰੈੱਸ"},{"$i":"legendAddress","$v":"ਪਤਾ"},{"$i":"search-contact","placeholder":"ਖੋਜੋ"},{"$i":"noResults","$v":"ਕੋਈ ਸੰਪਰਕ ਨਹੀਂ ਮਿਲਿਆ"},{"$i":"transferContactsTitle","$v":"ਸੰਪਰਕ ਟ੍ਰਾਂਸਫ਼ਰ ਕਰੋ"},{"$i":"importContactsTitle","$v":"ਸੰਪਰਕ ਇਮਪੋਰਟ ਕਰੋ"},{"$i":"importContactsButton","$v":"ਸੰਪਰਕ ਇਮਪੋਰਟ ਕਰੋ"},{"$i":"exportContactsTitle","$v":"ਸੰਪਰਕ ਐਕਸਪੋਰਟ ਕਰੋ"},{"$i":"exportContactsButton","$v":"ਸੰਪਰਕ ਐਕਸਪੋਰਟ ਕਰੋ"},{"$i":"exportContactsAction","$v":"ਐਕਸਪੋਰਟ ਕਰੋ"},{"$i":"simExport-title","$v":"ਸਿਮ ਤੇ ਐਕਸਪੋਰਟ ਕਰੋ"},{"$i":"memoryCardExport-title","$v":"ਮੈਮਰੀ ਕਾਰਡ ਤੇ ਐਕਸਪੋਰਟ ਕਰੋ"},{"$i":"btExport-title","$v":"ਬਲੂਟੁੱਥ ਤੇ ਐਕਸਪੋਰਟ ਕਰੋ"},{"$i":"memoryCardUMSEnabled","$v":"ਮੈਮਰੀ ਕਾਰਡ ਦੀ ਵਰਤੋਂ ਨਹੀਂ ਹੋ ਸਕਦੀ ਕਿਉਂਕਿ USB ਸਟੋਰੇਜ਼ ਕਿਰਿਆਸ਼ੀਲ ਹੈ"},{"$i":"exportErrorTitle","$v":"ਤਰੁੱਟੀ ਐਕਸਪੋਰਟ ਕਰੋ"},{"$i":"contactsExported2","$v":{"zero":"ਕੋਈ ਸੰਪਰਕ ਐਕਸਪੋਰਟ ਨਹੀਂ ਕੀਤੇ ਗਏ","one":[{"t":"idOrVar","v":"exported"},"/",{"t":"idOrVar","v":"total"}," ਸੰਪਰਕ ਐਕਸਪੋਰਟ ਕੀਤੇ ਗਏ"],"two":[{"t":"idOrVar","v":"exported"},"/",{"t":"idOrVar","v":"total"}," ਸੰਪਰਕ ਐਕਸਪੋਰਟ ਕੀਤੇ ਗਏ"],"few":[{"t":"idOrVar","v":"exported"},"/",{"t":"idOrVar","v":"total"}," ਸੰਪਰਕ ਐਕਸਪੋਰਟ ਕੀਤੇ ਗਏ"],"many":[{"t":"idOrVar","v":"exported"},"/",{"t":"idOrVar","v":"total"}," ਸੰਪਰਕ ਐਕਸਪੋਰਟ ਕੀਤੇ ਗਏ"],"other":[{"t":"idOrVar","v":"exported"},"/",{"t":"idOrVar","v":"total"}," ਸੰਪਰਕ ਐਕਸਪੋਰਟ ਕੀਤੇ ਗਏ"]},"$x":[{"t":"idOrVar","v":"plural"},"exported"]},{"$i":"exportError-general","$v":"ਐਕਸਪੋਰਟ ਕਰਨ ਸਮੇਂ ਕੁੱਝ ਤਰੁੱਟੀ ਹੋਈ।"},{"$i":"exportError-SD-shared","$v":"ਮੈਮਰੀ ਕਾਰਡ ਨੂੰ ਐਕਸਸ ਨਹੀਂ ਕਰ ਸਕਦੇ ਕਿਉਂਕਿ ਇਸ ਨੂੰ ਸਾਂਝਾ ਕੀਤਾ ਗਿਆ ਹੈ"},{"$i":"exportError-SD-unavailable","$v":"ਮੈਮਰੀ ਕਾਰਡ ਉਪਲਬਧ ਨਹੀਂ ਹੈ।"},{"$i":"exportError-SD-noSpace","$v":"ਸੰਪਰਕ ਐਕਸਪੋਰਟ ਕਰਨ ਲਈ ਮੈਮਰੀ ਕਾਰਡ ਵਿੱਚ ਕਾਫੀ ਸਪੇਸ ਨਹੀਂ ਹੈ"},{"$i":"exportError-SIM-unavailable","$v":"ਸਿਮ ਕਾਰਡ ਉਪਲਬਧ ਨਹੀਂ ਹੈ।"},{"$i":"exportError-BT-shared","$v":"ਮੈਮਰੀ ਕਾਰਡ ਨੂੰ ਐਕਸਸ ਨਹੀਂ ਕਰ ਸਕਦੇ ਕਿਉਂਕਿ ਇਸ ਨੂੰ ਸਾਂਝਾ ਕੀਤਾ ਗਿਆ ਹੈ"},{"$i":"exportError-BT-unavailable","$v":"ਮੈਮਰੀ ਕਾਰਡ ਉਪਲਬਧ ਨਹੀਂ ਹੈ।"},{"$i":"exportError-BT-noSpace","$v":"ਸੰਪਰਕ ਐਕਸਪੋਰਟ ਕਰਨ ਲਈ ਮੈਮਰੀ ਕਾਰਡ ਵਿੱਚ ਕਾਫੀ ਸਪੇਸ ਨਹੀਂ ਹੈ"},{"$i":"social-network","$v":"ਸੋਸ਼ਲ ਨੈਟਵਰਕ"},{"$i":"social-link","$v":"ਸੰਪਰਕ ਲਿੰਕ ਕਰੋ"},{"$i":"social-unlink","$v":"ਸੰਪਰਕ ਅਨਲਿੰਕ ਕਰੋ"},{"$i":"social-unlink-confirm-title","$v":"ਕੀ ਤੁਸੀਂ ਆਪਣੇ ਫ੍ਰੈਂਡ ਨੂੰ ਅਨਲਿੰਕ ਕਰਨਾ ਚਾਹੁੰਦੇ ਹੋ?"},{"$i":"social-unlink-confirm-accept","$v":"ਅਨਲਿੰਕ ਕਰੋ"},{"$i":"facebook-import","$v":"ਫੇਸਬੁੱਕ ਫ੍ਰੈਂਡਸ ਇਮਪੋਰਟ ਕਰੋ"},{"$i":"show-fb-profile","$v":"ਫੇਸਬੁੱਕ ਪ੍ਰੋਫਾਇਲ ਦੇਖੋ"},{"$i":"msg-send","$v":"ਸੰਦੇਸ਼"},{"$i":"wall-post","$v":"ਵਾਲਪੋਸਟ"},{"$i":"share-contact","$v":"ਸੰਪਰਕ ਸਾਂਝਾ ਕਰੋ"},{"$i":"facebook-export-forbidden","$v":"ਫੇਸਬੁੱਕ ਪਾਬੰਦੀ ਕਾਰਨ ਸੰਪਰਕ ਸਾਂਝਾ ਨਹੀਂ ਕੀਤਾ ਜਾ ਸਕਦਾ।"},{"$i":"otherAccount","$v":"ਹੋਰ ਅਕਾਊਂਟ"},{"$i":"facebookSwitchMsg","$v":"ਫ੍ਰੈਂਡਸ ਨੂੰ ਸਿੰਕ ਕਰੋ"},{"$i":"select_mobile","$v":"ਮੋਬਾਇਲ ਚੁਣੋ"},{"$i":"select_email","$v":"ਈਮੇਲ ਚੁਣੋ"},{"$i":"select_recipient","$v":"ਪ੍ਰਾਪਤਕਰਤਾ ਚੁਣੋ"},{"$i":"sort-by-first-name","$v":"ਪਹਿਲੇ ਨਾਮ ਦੇ ਅਨੁਸਾਰ ਕ੍ਰਮਬੱਧ ਕਰੋ"},{"$i":"sort-by-last-name","$v":"ਉਪਨਾਮ ਦੇ ਅਨੁਸਾਰ ਕ੍ਰਮਬੱਧ ਕਰੋ"},{"$i":"importSim2","$v":"ਸਿਮ ਕਾਰਡ"},{"$i":"importGmail","$v":"ਜੀਮੇਲ"},{"$i":"bluetooth","$v":"ਬਲੂਟੁੱਥ"},{"$i":"importOutlook","$v":"ਆਊਟਲੁਕ"},{"$i":"fbUpdateFriends","$v":"ਇੰਪੋਰਟ ਕੀਤੇ ਫ੍ਰੈਂਡ ਅਪਡੇਟ ਕਰੋ"},{"$i":"cleaningFbData","$v":"ਫੇਸਬੁੱਕ ਡੇਟਾ ਹਟਾਇਆ ਜਾ ਰਿਹਾ ਹੈ"},{"$i":"loggingOutFb","$v":"ਫੇਸਬੁੱਕ ਵਿੱਚੋਂ ਲੌਗ ਆਊਟ ਹੋ ਰਿਹਾ ਹੈ"},{"$i":"cleanFbConfirmMsg","$v":"ਸਾਰਾ ਫੇਸਬੁੱਕ ਡੇਟਾ ਹਟਾਓ?"},{"$i":"renewPwdMsg","$v":"ਤੁਹਾਡਾ ਫੇਸਬੁੱਕ ਪਾਸਵਰਡ ਬਦਲ ਗਿਆ ਹੈ । ਕਿਰਪਾ ਕਰਕੇ, ਇਸਨੂੰ ਅਪਡੇਟ ਕਰੋ।"},{"$i":"notEnabledYet","$v":"ਅਜੇ ਤੱਕ ਕਾਰਜਸ਼ੀਲ ਨਹੀਂ ਕੀਤਾ ਹੈ"},{"$i":"genericNoConnection","$v":"ਸੰਪਰਕ ਇਮਪੋਰਟ ਕਰਨ ਲਈ WiFi ਜਾਂ ਡੇਟਾ ਨੈਟਵਰਕ ਨਾਲ ਕਨੈਕਟ ਕਰੋ"},{"$i":"bluetoothNoConnection","$v":"ਸੰਪਰਕ ਐਕਸਪੋਰਟ ਕਰਨ ਲਈ ਬਲੂਟੁੱਥ ਡਿਵਾਇਸ ਨਾਲ ਕਨੈਕਟ ਕਰੋ।"},{"$i":"simCard","$v":"ਸਿਮ ਕਾਰਡ"},{"$i":"memoryCard","$v":"ਮੈਮਰੀ ਕਾਰਡ"},{"$i":"simNumberNoMSISDN","$v":["ਸਿਮ ",{"t":"idOrVar","v":"number"},":"]},{"$i":"simNumberWithMSISDN","$v":["ਸਿਮ ",{"t":"idOrVar","v":"number"},": ",{"t":"idOrVar","v":"msisdn"}]},{"$i":"ICEContactsGroup","$v":"ICE ਸੰਪਰਕ"},{"$i":"setICEButton","$v":"ICE ਸੰਪਰਕ ਸੈੱਟ ਕਰੋ"},{"$i":"ICESettingTitle","$v":"ICE ਸੰਪਰਕ"},{"$i":"ICEDescription","$v":"ਸੰਕਟਕਾਲੀਨ  ਸਥਿਤੀ ਵਿੱਚ  ਕਾਲ ਕਰਨ ਦੇ ਲਈ ਪੰਜ ਸੰਪਰਕ ਜੋੜੋ"},{"$i":"ICEContact1","$v":"ICE ਸੰਪਰਕ 1"},{"$i":"tcl-ice-contact-1-added","$v":"ICE ਸੰਪਰਕ 1 ਜੋੜਿਆ ਗਿਆ"},{"$i":"ICESelectContact","$v":"ਇੱਕ ਸੰਪਰਕ ਚੁਣੋ"},{"$i":"ICEContact2","$v":"ICE ਸੰਪਰਕ 2"},{"$i":"tcl-ice-contact-2-added","$v":"ICE ਸੰਪਰਕ 2 ਜੋੜਿਆ ਗਿਆ"},{"$i":"ICERepeatedContact","$v":"ਇਹ ਸੰਪਰਕ ਪਹਿਲਾਂ ਤੋਂ ਹੀ ਮੌਜੂਦ ICE ਸੰਪਰਕ ਹੈ"},{"$i":"ICEUnknownError","$v":"ਸੰਪਰਕ ਨੂੰ ICE ਦੇ ਤੌਰ ਤੇ ਸੈੱਟ ਕਰਨ ਵਿੱਚ ਤਰੁੱਟੀ ਆਈ"},{"$i":"ICEContactNoNumber","$v":"ਇਸ ਸੰਪਰਕ ਵਿੱਚ ਫੋਨ ਨੰਬਰ ਨਹੀਂ ਹੈ"},{"$i":"ICEFacebookContactNotAllowed","$v":"ਫੇਸਬੁੱਕ ਸੰਪਰਕ ICE ਸੰਪਰਕ ਵਜੋਂ ਸੈੱਟ ਨਹੀਂ ਕੀਤੇ ਜਾ ਸਕਦੇ"},{"$i":"ICEContactDelTel","$v":"ਮਿਟਾਏ ਗਏ ਫੋਨ ਨੰਬਰ ICE ਸੰਪਰਕ ਤੋਂ ਹਟਾਏ ਗਏ ਹਨ"},{"$i":"ICEContactDelTelAll","$v":"ਸਾਰੇ ਨੰਬਰ ਮਿਟ ਗਏ ਹਨ। ਇਸ ਸੰਪਰਕ ਨੂੰ ICE ਸੰਪਰਕ ਤੋਂ ਹਟਾਇਆ ਗਿਆ ਹੈ।"},{"$i":"delete-ice-contact-warning","$v":"ਕੀ ਤੁਸੀਂ ICE ਸੰਪਰਕ ਨੂੰ ਹਟਾਉਣਾ ਚਾਹੁੰਦੇ ਹੋ ?"},{"$i":"add","$v":"ਜੋੜੋ"},{"$i":"no-contacts","$v":"ਕੋਈ ਸੰਪਰਕ ਨਹੀਂ"},{"$i":"start-adding","$v":"ਸੰਪਰਕ ਜੋੜਨ ਲਈ ਨਵੇਂ ਸੰਪਰਕ ਨੂੰ ਦਬਾਓ।"},{"$i":"notImported","$v":"ਇਮਪੋਰਟ ਨਹੀਂ ਕੀਤਾ ਗਿਆ"},{"$i":"imported","$v":"ਇਮਪੋਰਟ ਕੀਤਾ ਗਿਆ"},{"$i":"today","$v":"ਅੱਜ"},{"$i":"yesterday","$v":"ਗੁਜ਼ਰਿਆ ਹੋਇਆ ਕੱਲ"},{"$i":"messageCanceling","$v":"ਕਿਰਪਾ ਕਰਕੇ ਹੋਲਡ ਕਰੋ। ਅਸੀਂ ਚੱਲ ਰਹੇ ਆਪਰੇਸ਼ਨ ਨੂੰ ਰੱਦ ਕਰ ਰਹੇ ਹਾਂ।"},{"$i":"organise-contacts","$v":"ਸੰਪਰਕ ਵਿਵਸਥਿਤ ਕਰੋ"},{"$i":"find-merge-contacts","$v":"ਡੁਪਲੀਕੇਟ ਸੰਪਰਕ ਲੱਭੋ"},{"$i":"preparing-contacts","$v":"ਸੰਪਰਕ ਤਿਆਰ ਹੋ ਰਹੇ ਹਨ"},{"$i":"exportError-SIM-NoFreeRecordFound","$v":"ਸਿਮ ਕਾਰਡ ਭਰਿਆ ਹੈ"},{"$i":"exportError-SIM-CannotAccessPhoneBook","$v":"ਸਿਮ ਕਾਰਡ ਦੀ ਫੋਨ ਬੁੱਕ ਨੂੰ ਐਕਸਸ ਨਹੀਂ ਕਰ ਸਕਦੇ"},{"$i":"exportError-SIM-Unavailable","$v":"ਕੋਈ ਸਿਮ ਨਹੀਂ ਮਿਲਿਆ"},{"$i":"exportError-SIM-GenericError","$v":"ਸੰਪਰਕ ਐਕਸਪੋਰਟ ਕਰਦੇ ਸਮੇਂ ਇੱਕ ਤਰੁੱਟੀ ਹੋਈ ਹੈ"},{"$i":"noSimMsgExport","$v":"ਸੰਪਰਕ ਐਕਸਪੋਰਟ ਕਰਨ ਲਈ ਆਪਣਾ ਸਿਮ ਕਾਰਡ ਪਾਓ ਜਾਂ ਅਨਲੌਕ ਕਰੋ"},{"$i":"noMemoryCardMsgExport","$v":"ਸੰਪਰਕ ਐਕਸਪੋਰਟ ਕਰਨ ਲਈ ਮੈਮਰੀ ਕਾਰਡ ਪਾਓ"},{"$i":"ContactManagementTitle","$v":"ਸੰਪਰਕ ਪ੍ਰਬੰਧਨ"},{"$i":"DeleteTitle","$v":"ਮਿਟਾਓ"},{"$i":"bulkDeleteButton","$v":"ਸੰਪਰਕ ਮਿਟਾਓ"},{"$i":"BulkDelCancel","$v":"ਸੰਪਰਕ ਮਿਟਾਉਣਾ ਰੱਦ ਕੀਤਾ ਗਿਆ"},{"$i":"DeletedTxt","$v":{"zero":"ਮਿਟਾਉਣ ਲਈ ਕੋਈ ਸੰਪਰਕ ਨਹੀਂ","one":"1 ਸੰਪਰਕ ਹਟਾਇਆ ਗਿਆ","two":[{"t":"idOrVar","v":"n"}," ਸੰਪਰਕ ਹਟਾਏ ਗਏ"],"few":[{"t":"idOrVar","v":"n"}," ਸੰਪਰਕ ਹਟਾਏ ਗਏ"],"many":[{"t":"idOrVar","v":"n"}," ਸੰਪਰਕ ਹਟਾਏ ਗਏ"],"other":[{"t":"idOrVar","v":"n"}," ਸੰਪਰਕ ਹਟਾਏ ਗਏ"]},"$x":[{"t":"idOrVar","v":"plural"},"n"]},{"$i":"DeletingContacts","$v":"ਸੰਪਰਕ ਮਿਟ ਰਹੇ ਹਨ"},{"$i":"ContactConfirmDel","$v":{"zero":"ਮਿਟਾਉਣ ਲਈ ਕੋਈ ਸੰਪਰਕ ਨਹੀਂ","one":"ਕੀ 1 ਸੰਪਰਕ ਮਿਟਾਉਣਾ ਹੈ ? ਇਸ ਨੂੰ ਮੁੜ ਪ੍ਰਾਪਤ ਨਹੀਂ ਕੀਤਾ ਜਾ ਸਕਦਾ।","two":["ਕੀ ",{"t":"idOrVar","v":"n"}," ਸੰਪਰਕ ਮਿਟਾਉਣੇ ਹਨ ? ਇਸ ਨੂੰ ਮੁੜ ਪ੍ਰਾਪਤ ਨਹੀਂ ਕੀਤਾ ਜਾ ਸਕਦਾ।"],"few":["ਕੀ ",{"t":"idOrVar","v":"n"}," ਸੰਪਰਕ ਮਿਟਾਉਣੇ ਹਨ ? ਇਸ ਨੂੰ ਮੁੜ ਪ੍ਰਾਪਤ ਨਹੀਂ ਕੀਤਾ ਜਾ ਸਕਦਾ।"],"many":["ਕੀ ",{"t":"idOrVar","v":"n"}," ਸੰਪਰਕ ਮਿਟਾਉਣੇ ਹਨ ? ਇਸ ਨੂੰ ਮੁੜ ਪ੍ਰਾਪਤ ਨਹੀਂ ਕੀਤਾ ਜਾ ਸਕਦਾ।"],"other":["ਕੀ ",{"t":"idOrVar","v":"n"}," ਸੰਪਰਕ ਮਿਟਾਉਣੇ ਹਨ ? ਇਸ ਨੂੰ ਮੁੜ ਪ੍ਰਾਪਤ ਨਹੀਂ ਕੀਤਾ ਜਾ ਸਕਦਾ।"]},"$x":[{"t":"idOrVar","v":"plural"},"n"]},{"$i":"SelectedTxt","$v":{"zero":[{"t":"idOrVar","v":"n"}," ਚੁਣੇ ਗਏ"],"one":[{"t":"idOrVar","v":"n"}," ਚੁਣੇ ਗਏ"],"two":[{"t":"idOrVar","v":"n"}," ਚੁਣੇ ਗਏ"],"few":[{"t":"idOrVar","v":"n"}," ਚੁਣੇ ਗਏ"],"many":[{"t":"idOrVar","v":"n"}," ਚੁਣੇ ਗਏ"],"other":[{"t":"idOrVar","v":"n"}," ਚੁਣੇ ਗਏ"]},"$x":[{"t":"idOrVar","v":"plural"},"n"]},{"$i":"video","$v":"ਵੀਡੀਓ"},{"$i":"audio","$v":"ਆਡੀਓ"},{"$i":"pick_destination","$v":[{"t":"idOrVar","v":"destination"}," ",{"t":"idOrVar","v":"carrier"}]},{"$i":"removeField","ariaLabel":"ਹਟਾਓ"},{"$i":"undo","ariaLabel":"ਅਨਡੂ ਕਰੋ"},{"$i":"send-sms-button","ariaLabel":"SMS"},{"$i":"ice_contacts","$v":"ICE ਸੰਪਰਕ"},{"$i":"edit-picture","$v":"ਤਸਵੀਰ ਸੰਪਾਦਿਤ ਕਰੋ"},{"$i":"remove-photo","$v":"ਤਸਵੀਰ ਹਟਾਓ"},{"$i":"change-photo","$v":"ਤਸਵੀਰ ਬਦਲੋ"},{"$i":"photo-options","$v":"ਫੋਟੋ ਵਿਕਲਪ"},{"$i":"tcl-all","$v":"ਸਾਰੇ"},{"$i":"tcl-speed-dial","$v":"ਸਪੀਡ ਡਾਇਲ"},{"$i":"tcl-new-contact","$v":"ਨਵਾਂ ਸੰਪਰਕ"},{"$i":"tcl-settings","$v":"ਸੈਟਿੰਗਸ"},{"$i":"tcl-save","$v":"ਸੇਵ ਕਰੋ"},{"$i":"save","$v":"ਸੇਵ ਕਰੋ"},{"$i":"tcl-add","$v":"ਜੋੜੋ"},{"$i":"tcl-contact-add-ringtone","$v":"ਰਿੰਗਟੋਨ ਜੋੜੋ"},{"$i":"tcl-custom-dialog-title-default","$v":"ਪੁਸ਼ਟੀਕਰਨ"},{"$i":"confirm-dialog-title-default","$v":"ਪੁਸ਼ਟੀਕਰਨ"},{"$i":"discard","$v":"ਰੱਦ ਕਰੋ"},{"$i":"custom-tag-title","$v":"ਕਸਟਮ ਟੈਗ"},{"$i":"tcl-contact-added","$v":"ਸੰਪਰਕ ਜੋੜਿਆ ਗਿਆ"},{"$i":"tcl-contact-updated","$v":"ਸੰਪਰਕ ਵੇਰਵੇ ਅਪਡੇਟ ਕੀਤੇ ਗਏ"},{"$i":"tcl-contact-removed","$v":"ਸੰਪਰਕ ਮਿਟਾਇਆ ਗਿਆ"},{"$i":"tcl-contact-unremoved","$v":"ਹਟਾਉਣ ਵਿੱਚ ਅਸਮੱਰਥ"},{"$i":"edit-phone-type","$v":"ਫੋਨ ਦੀ ਕਿਸਮ ਸੰਪਾਦਿਤ ਕਰੋ"},{"$i":"edit-email-type","$v":"ਈਮੇਲ ਦੀ ਕਿਸਮ ਸੰਪਾਦਿਤ ਕਰੋ"},{"$i":"edit-address-type","$v":"ਪਤੇ ਦੀ ਕਿਸਮ ਸੰਪਾਦਿਤ ਕਰੋ"},{"$i":"edit-date-type","$v":"ਮਿਤੀ ਦੀ ਕਿਸਮ ਸੰਪਾਦਿਤ ਕਰੋ"},{"$i":"tcl-select-phone-type","$v":"ਫੋਨ ਦੀ ਕਿਸਮ ਚੁਣੋ"},{"$i":"tcl-select-email-type","$v":"ਈਮੇਲ ਦੀ ਕਿਸਮ ਚੁਣੋ"},{"$i":"tcl-select-address-type","$v":"ਪਤੇ ਦੀ ਕਿਸਮ ਚੁਣੋ"},{"$i":"tcl-select-date-type","$v":"ਮਿਤੀ ਦੀ ਕਿਸਮ ਚੁਣੋ"},{"$i":"add-phone","$v":"ਫੋਨ ਨੰਬਰ ਜੋੜੋ"},{"$i":"add-email","$v":"ਈਮੇਲ ਜੋੜੋ"},{"$i":"add-address","$v":"ਪਤਾ ਜੋੜੋ"},{"$i":"add-date","$v":"ਮਿਤੀ ਜੋੜੋ"},{"$i":"add-phone-type","$v":"ਫੋਨ ਦੀ ਕਿਸਮ"},{"$i":"add-email-type","$v":"ਈਮੇਲ ਦੀ ਕਿਸਮ"},{"$i":"add-address-type","$v":"ਪਤੇ ਦੀ ਕਿਸਮ"},{"$i":"add-date-type","$v":"ਡੇਟਾ ਦੀ ਕਿਸਮ"},{"$i":"delete-phone","$v":"ਫੋਨ ਨੰਬਰ ਮਿਟਾਓ"},{"$i":"delete-email","$v":"ਈਮੇਲ ਮਿਟਾਓ"},{"$i":"delete-address","$v":"ਪਤਾ ਮਿਟਾਓ"},{"$i":"delete-date","$v":"ਮਿਤੀ ਮਿਟਾਓ"},{"$i":"delete-note","$v":"ਨੋਟ ਮਿਟਾਓ"},{"$i":"delete-comment-warning","$v":"ਕੀ ਤੁਸੀਂ ਨੋਟ ਨੂੰ ਮਿਟਾਉਣਾ ਚਾਹੁੰਦੇ ਹੋ?"},{"$i":"tcl-deleting-messages-phone","$v":["ਕੀ ਤੁਸੀਂ ਫੋਨ ਨੂੰ ਮਿਟਾਉਣਾ ਚਾਹੁੰਦੇ ਹੋ: \"",{"t":"idOrVar","v":"type_name"},"\"?"]},{"$i":"tcl-deleting-messages-email","$v":["ਕੀ ਤੁਸੀਂ ਈਮੇਲ ਨੂੰ ਮਿਟਾਉਣਾ ਚਾਹੁੰਦੇ ਹੋ: \"",{"t":"idOrVar","v":"type_name"},"\"?"]},{"$i":"tcl-deleting-messages-address","$v":["ਕੀ ਤੁਸੀਂ ਪਤੇ ਨੂੰ ਮਿਟਾਉਣਾ ਚਾਹੁੰਦੇ ਹੋ: \"",{"t":"idOrVar","v":"type_name"},"\"?"]},{"$i":"tcl-deleting-messages-date","$v":"ਕੀ ਤੁਸੀਂ ਮਿਤੀ ਨੂੰ ਮਿਟਾਉਣਾ ਚਾਹੁੰਦੇ ਹੋ?"},{"$i":"deleting-message-warning","$v":["ਕੀ ਤੁਸੀਂ \"",{"t":"idOrVar","v":"type_name"},"\" ਨੂੰ ਮਿਟਾਉਣਾ ਚਾਹੁੰਦੇ ਹੋ?"]},{"$i":"tcl-deleting-messages-comment","$v":"ਕੀ ਤੁਸੀਂ ਟਿੱਪਣੀ ਨੂੰ ਮਿਟਾਉਣਾ ਚਾਹੁੰਦੇ ਹੋ?"},{"$i":"delecting-messages-contact","$v":["ਕੀ ਤੁਸੀਂ ਸੰਪਰਕ \"",{"t":"idOrVar","v":"type_name"},"\" ਨੂੰ ਮਿਟਾਉਣਾ ਚਾਹੁੰਦੇ ਹੋ?"]},{"$i":"delecting-this-contact","$v":"ਇਸ ਸੰਪਰਕ ਨੂੰ ਮਿਟਾਓ?"},{"$i":"deleting-messages-ringtone","$v":"ਕੀ ਤੁਸੀਂ ਰਿੰਗਟੋਨ ਨੂੰ ਮਿਟਾਉਣਾ ਚਾਹੁੰਦੇ ਹੋ?"},{"$i":"deleting-messages-picture","$v":"ਕੀ ਤੁਸੀਂ ਤਸਵੀਰ ਨੂੰ ਹਟਾਉਣਾ ਚਾਹੁੰਦੇ ਹੋ?"},{"$i":"tcl-deleting-notification-ringtone","$v":"ਰਿੰਗਟੋਨ ਮਿਟਾਇਆ ਗਿਆ"},{"$i":"tcl-deleting-notification-comment","$v":"ਟਿੱਪਣੀ ਮਿਟਾਈ ਗਈ"},{"$i":"note","$v":"ਨੋਟ"},{"$i":"address","$v":"ਪਤਾ"},{"$i":"tcl-noContacts","$v":"ਸੰਪਰਕ ਵਿੱਚ ਨਹੀਂ ਜੋੜ ਸਕਦੇ ਕਿਉਂਕਿ ਤੁਹਾਡੀ ਸੰਪਰਕ ਲਿਸਟ ਖਾਲ੍ਹੀ ਹੈ"},{"$i":"tcl-noContacts-no-email","$v":"ਸੰਪਰਕ ਵਿੱਚ ਨਹੀਂ ਜੋੜ ਸਕਦੇ ਕਿਉਂਕਿ ਕਿਸੇ ਵੀ ਸੰਪਰਕ ਵਿੱਚ ਈਮੇਲ ਨਹੀਂ ਹੈ"},{"$i":"tcl-noContacts-no-tel","$v":"ਸੰਪਰਕ ਵਿੱਚ ਨਹੀਂ ਜੋੜ ਸਕਦੇ ਕਿਉਂਕਿ ਕਿਸੇ ਵੀ ਸੰਪਰਕ ਵਿੱਚ ਫੋਨ ਨੰਬਰ ਨਹੀਂ ਹੈ"},{"$i":"tcl-noContactsTitle","$v":"ਕੋਈ ਸੰਪਰਕ ਨਹੀਂ"},{"$i":"tcl-change-voice-mail","$v":"ਵੌਇਸ ਮੇਲ ਨੰਬਰ ਬਦਲੋ"},{"$i":"tcl-replace","$v":"ਬਦਲੋ"},{"$i":"tcl-remove-speed-dial","$v":"ਸਪੀਡ ਡਾਇਲ ਤੋਂ ਹਟਾਓ"},{"$i":"tcl-notification-speed-dial-added","$v":"ਸਪੀਡ ਡਾਇਲ ਨੰਬਰ ਜੋੜਿਆ ਗਿਆ"},{"$i":"tcl-notification-speed-dial-removed","$v":"ਸਪੀਡ ਡਾਇਲ ਨੰਬਰ ਹਟਾਇਆ ਗਿਆ"},{"$i":"tcl-notification-speed-dial-updated","$v":"ਸਪੀਡ ਡਾਇਲ ਨੰਬਰ ਅਪਡੇਟ ਕੀਤਾ ਗਿਆ"},{"$i":"tcl-notification-voice-mail-updated","$v":"ਵੌਇਸ ਮੇਲ ਨੰਬਰ ਅਪਡੇਟ ਹੋਇਆ"},{"$i":"tcl-notification-contact-assigned","$v":"ਸਪੀਡ ਡਾਇਲ ਦੇ ਲਈ ਸੰਪਰਕ ਅਸਾਈਨ ਕੀਤਾ ਗਿਆ"},{"$i":"empty","$v":"ਖਾਲੀ ਹੈ"},{"$i":"tcl-voice-mail","$v":"ਵੌਇਸ ਮੇਲ"},{"$i":"contact-confirm-save","$v":"ਸੰਪਰਕ ਜਾਣਕਾਰੀ ਨੂੰ ਰੱਦ ਕੀਤਾ ਜਾਏਗਾ। ਕੀ ਤੁਸੀਂ ਇਸ ਸੰਪਰਕ ਨੂੰ ਸੇਵ ਕਰਨਾ ਚਾਹੁੰਦੇ ਹੋ?"},{"$i":"contact-confirm-form-save","$v":"ਬਦਲਾਵ ਰੱਦ ਕੀਤੇ ਜਾਣਗੇ। ਕੀ ਤੁਸੀਂ ਇਸ ਸੰਪਰਕ ਨੂੰ ਸੇਵ ਕਰਨਾ ਚਾਹੁੰਦੇ ਹੋ?"},{"$i":"tcl-yes","$v":"ਹਾਂ"},{"$i":"tcl-no","$v":"ਨਹੀਂ"},{"$i":"tcl-default-ringtone","$v":"ਡਿਫੌਲਟ ਰਿੰਗਟੋਨ"},{"$i":"tcl-add-ringtone","$v":"ਰਿੰਗਟੋਨ"},{"$i":"tcl-ringtone","$v":"ਰਿੰਗਟੋਨ"},{"$i":"change-ringtone","$v":"ਰਿੰਗਟੋਨ ਬਦਲੋ"},{"$i":"delete-ringtone","$v":"ਰਿੰਗਟੋਨ ਮਿਟਾਓ"},{"$i":"tcl-settings-title","$v":"ਸੰਪਰਕ ਸੈਟਿੰਗਸ"},{"$i":"settings-sort-contacts-title","$v":"ਸੰਪਰਕਾਂ ਨੂੰ ਕ੍ਰਮਬੱਧ ਕਰੋ"},{"$i":"tcl-oder-notification","$v":"ਬਦਲਾਵ ਸੇਵ ਕੀਤੇ ਗਏ"},{"$i":"changes-saved-notification","$v":"ਬਦਲਾਵ ਸੇਵ ਕੀਤਾ ਗਿਆ।"},{"$i":"tcl-imported-status","$v":[{"t":"idOrVar","v":"N"}," ਸੰਪਰਕ ਇਮਪੋਰਟ ਕੀਤੇ ਗਏ ",{"t":"idOrVar","v":"numDups"}," ਸੰਪਰਕ ਮਰਜ ਕੀਤੇ ਗਏ"]},{"$i":"tcl-on","$v":"ਔਨ"},{"$i":"tcl-off","$v":"ਔਫ"},{"$i":"on","$v":"ਔਨ"},{"$i":"off","$v":"ਔਫ"},{"$i":"tcl-contact-empty-number","$v":"ਫੋਨ ਨੰਬਰ ਖਾਲ੍ਹੀ ਹੈ"},{"$i":"contact-no-dial-number","$v":"ਡਾਇਲ ਕਰਨ ਲਈ ਕੋਈ ਵੀ ਫੋਨ ਨੰਬਰ ਨਹੀਂ ਹੈ।"},{"$i":"tcl-select-number","$v":"ਨੰਬਰ ਚੁਣੋ"},{"$i":"tcl-select-email","$v":"ਈਮੇਲ ਚੁਣੋ"},{"$i":"select-email","$v":"ਈਮੇਲ ਚੁਣੋ"},{"$i":"tcl-send-message","$v":"ਸੰਦੇਸ਼ ਭੇਜੋ"},{"$i":"send-email","$v":"ਈਮੇਲ ਭੇਜੋ"},{"$i":"tcl-share","$v":"ਸਾਂਝਾ ਕਰੋ"},{"$i":"tcl-find-duplicate","$v":"ਡੁਪਲੀਕੇਟ ਸੰਪਰਕ ਲੱਭੋ"},{"$i":"tcl-add-favorite","$v":"ਪਸੰਦੀਦਾ ਵਜੋਂ ਜੋੜੋ"},{"$i":"tcl-remove-favorite","$v":"ਪਸੰਦੀਦਾ ਤੋਂ ਹਟਾਓ"},{"$i":"tcl-link-social-networks","$v":"ਸੋਸ਼ਲ ਨੈਟਵਰਕ ਨਾਲ ਲਿੰਕ ਕਰੋ"},{"$i":"tcl-delete","$v":"ਮਿਟਾਓ"},{"$i":"tcl-detail-send-sms","$v":"ਨਵਾਂ SMS"},{"$i":"tcl-detail-call","$v":"ਕਾਲ ਕਰੋ"},{"$i":"tcl-detail-send-email","$v":"ਲਿਖੋ"},{"$i":"sms","$v":"ਸੰਦੇਸ਼"},{"$i":"tcl-search-contact","$v":"ਖੋਜੋ"},{"$i":"tcl-number","$v":["ਨੰਬਰ ",{"t":"idOrVar","v":"number"}]},{"$i":"tcl-custom-dialog-replace-speed-dial","$v":["ਕੀ ਤੁਸੀਂ ਸਪੀਡ ਡਾਇਲ ",{"t":"idOrVar","v":"oldSpeedDial"}," ਨੂੰ ",{"t":"idOrVar","v":"newSpeedDial"}," ਨਾਲ ਬਦਲਣਾ ਚਾਹੁੰਦੇ ਹੋ?"]},{"$i":"custom-dialog-remove-speed-dial","$v":["ਕੀ ਤੁਸੀਂ ਸਪੀਡ ਡਾਇਲ ਤੋਂ ",{"t":"idOrVar","v":"name"}," ਨੂੰ ਹਟਾਉਣਾ ਚਾਹੁੰਦੇ ਹੋ?"]},{"$i":"tcl-options","$v":"ਵਿਕਲਪ"},{"$i":"tcl-success-merged","$v":[{"t":"idOrVar","v":"number"}," ਸੰਪਰਕ ਮਰਜ ਹੋਏ"]},{"$i":"tcl-contact-confirm-merge","$v":["ਕੀ ਤੁਸੀਂ ਨਿਰਸੰਦੇਹ ",{"t":"idOrVar","v":"name"}," ਨਾਲ ",{"t":"idOrVar","v":"count"}," ਸੰਪਰਕ(ਸੰਪਰਕਾਂ) ਨੂੰ ਮਰਜ ਕਰਨਾ ਚਾਹੁੰਦੇ ਹੋ?"]},{"$i":"tcl-merge","$v":"ਮਰਜ ਕਰੋ"},{"$i":"add-speed-dial-failed-title","$v":"ਸਪੀਡ ਡਾਇਲ ਜੋੜਨਾ ਅਸਫ਼ਲ ਹੋਇਆ"},{"$i":"add-speed-dial-failed-content","$v":[{"t":"idOrVar","v":"name"}," ਪਹਿਲਾਂ ਤੋਂ ਹੀ ਸਪੀਡ ਡਾਇਲ ਵਿੱਚ ਮੌਜੂਦ ਹੈ, ਕਿਰਪਾ ਕਰਕੇ ਦੂਜਾ ਸੰਪਰਕ ਚੁਣੋ।"]},{"$i":"merge","$v":"ਮਰਜ ਕਰੋ"},{"$i":"tcl-attention","$v":"ਧਿਆਨ ਦਿਓ"},{"$i":"attention","$v":"ਧਿਆਨ ਦਿਓ"},{"$i":"tcl-speed-dial-add-contact","$v":{"$o":"ਕੋਈ ਸੰਪਰਕ ਨਹੀਂ ਹਨ । <br><br> ਕਿਰਪਾ ਕਰਕੇ ਇੱਕ ਸੰਪਰਕ ਬਣਾਓ।"}},{"$i":"tcl-voice-mail-header","$v":"ਵੌਇਸ ਮੇਲ"},{"$i":"tcl-voice-mail-number","$v":"ਵੌਇਸ ਮੇਲ ਨੰਬਰ"},{"$i":"tcl-select-all","$v":"ਸਾਰੇ ਚੁਣੋ"},{"$i":"tcl-deselect-all","$v":"ਸਾਰਿਆਂ ਨੂੰ ਅਣਚੁਣਿਆ ਕਰੋ"},{"$i":"systemring","$v":"ਰਿੰਗਟੋਨ"},{"$i":"moremusic","$v":"ਸੰਗੀਤ"},{"$i":"tcl-add-ringselect","$v":"ਇਸ ਵਿੱਚੋਂ ਚੁਣੋ"},{"$i":"type-select","$v":"ਚੁਣੋ"},{"$i":"dialnum-view","$v":"ਦੇਖੋ"},{"$i":"select-a-contact-title","$v":"ਇੱਕ ਸੰਪਰਕ ਚੁਣੋ"},{"$i":"select-a-number-title","$v":"ਇੱਕ ਨੰਬਰ ਚੁਣੋ"},{"$i":"invalid-vcf-file","$v":"ਅਵੈਧ vcf ਫਾਈਲ"},{"$i":"voiceMail","$v":"ਵੌਇਸਮੇਲ"},{"$i":"back","$v":"ਵਾਪਿਸ ਜਾਓ"},{"$i":"noSimMsg","$v":"ਸੰਪਰਕ ਇਮਪੋਰਟ ਕਰਨ ਲਈ ਆਪਣਾ ਸਿਮ ਕਾਰਡ ਪਾਓ ਜਾਂ ਅਨਲੌਕ ਕਰੋ"},{"$i":"noMemoryCardMsg","$v":"ਸੰਪਰਕ ਇਮਪੋਰਟ ਕਰਨ ਲਈ ਮੈਮਰੀ ਕਾਰਡ ਪਾਓ"},{"$i":"importMemoryCard","$v":"ਮੈਮਰੀ ਕਾਰਡ"},{"$i":"noConnection11","$v":"ਫੇਸਬੁੱਕ ਫ੍ਰੈਂਡ ਜਾਂ ਸੰਪਰਕ ਇਮਪੋਰਟ ਕਰਨ ਲਈ WiFi ਜਾਂ ਡੇਟਾ ਨੈਟਵਰਕ ਨਾਲ ਕਨੈਕਟ ਕਰੋ"},{"$i":"emptyAccount","$v":"ਇਸ ਅਕਾਊਂਟ ਵਿੱਚ ਕੋਈ ਵੀ ਫ੍ਰੈਂਡ ਜਾ ਸੰਪਰਕ ਨਹੀਂ ਮਿਲੇ ਹਨ।"},{"$i":"simContacts-import","$v":"ਸਿਮ ਸੰਪਰਕ ਇਮਪੋਰਟ ਕਰੋ"},{"$i":"simContacts-importing","$v":"ਸਿਮ ਕਾਰਡ ਤੋਂ ਸੰਪਰਕ ਇਮਪੋਰਟ ਕੀਤੇ ਜਾ ਰਹੇ ਹਨ"},{"$i":"simContacts-reading","$v":"ਸਿਮ ਕਾਰਡ ਤੋਂ ਸੰਪਰਕ ਪੜ੍ਹ ਰਿਹਾ ਹੈ..."},{"$i":"simContacts-error","$v":"ਸਿਮ ਤੋਂ ਸੰਪਰਕ ਇਮਪੋਰਟ ਨਹੀਂ ਕਰ ਸਕਦਾ"},{"$i":"simContacts-imported3","$v":{"zero":"ਇਮਪੋਰਟ ਕਰਨ ਲਈ ਸਿਮ 'ਤੇ ਕੋਈ ਵੀ ਸੰਪਰਕ ਨਹੀਂ ਮਿਲੇ","one":"ਇੱਕ ਸੰਪਰਕ ਇਮਪੋਰਟ ਹੋਇਆ","two":[{"t":"idOrVar","v":"n"}," ਸੰਪਰਕ ਇਮਪੋਰਟ ਹੋਇਆ"],"few":[{"t":"idOrVar","v":"n"}," ਸੰਪਰਕ ਇਮਪੋਰਟ ਹੋਇਆ"],"many":[{"t":"idOrVar","v":"n"}," ਸੰਪਰਕ ਇਮਪੋਰਟ ਹੋਇਆ"],"other":[{"t":"idOrVar","v":"n"}," ਸੰਪਰਕ ਇਮਪੋਰਟ ਹੋਇਆ"]},"$x":[{"t":"idOrVar","v":"plural"},"n"]},{"$i":"memoryCardContacts-import","$v":"ਮੈਮਰੀ ਕਾਰਡ ਤੋਂ ਸੰਪਰਕ ਇਮਪੋਰਟ ਕਰੋ"},{"$i":"memoryCardContacts-importing","$v":"ਮੈਮਰੀ ਕਾਰਡ ਤੋਂ ਸੰਪਰਕ ਇਮਪੋਰਟ ਕੀਤੇ ਜਾ ਰਹੇ ਹਨ"},{"$i":"memoryCardContacts-reading","$v":"ਮੈਮਰੀ ਕਾਰਡ ਤੋਂ ਸੰਪਰਕ ਪੜ੍ਹ ਰਿਹਾ ਹੈ.."},{"$i":"memoryCardContacts-error","$v":"ਮੈਮਰੀ ਕਾਰਡ ਤੋਂ ਸੰਪਰਕ ਇਮਪੋਰਟ ਨਹੀਂ ਹੋਏ"},{"$i":"memoryCardContacts-imported3","$v":{"zero":"ਇਮਪੋਰਟ ਕਰਨ ਲਈ ਮੈਮਰੀ ਕਾਰਡ ਤੇ ਕੋਈ ਵੀ ਸੰਪਰਕ ਨਹੀਂ ਮਿਲੇ","one":"ਇੱਕ ਸੰਪਰਕ ਇਮਪੋਰਟ ਹੋਇਆ","two":[{"t":"idOrVar","v":"n"}," ਸੰਪਰਕ ਇਮਪੋਰਟ ਹੋਇਆ"],"few":[{"t":"idOrVar","v":"n"}," ਸੰਪਰਕ ਇਮਪੋਰਟ ਹੋਇਆ"],"many":[{"t":"idOrVar","v":"n"}," ਸੰਪਰਕ ਇਮਪੋਰਟ ਹੋਇਆ"],"other":[{"t":"idOrVar","v":"n"}," ਸੰਪਰਕ ਇਮਪੋਰਟ ਹੋਇਆ"]},"$x":[{"t":"idOrVar","v":"plural"},"n"]},{"$i":"genericProgress","$v":[{"t":"idOrVar","v":"current"},"/",{"t":"idOrVar","v":"total"}]},{"$i":"facebook","$v":"ਫੇਸਬੁੱਕ"},{"$i":"facebook-import-msg2","$v":[{"t":"idOrVar","v":"imported"},"/",{"t":"idOrVar","v":"total"}," ਫ੍ਰੈਂਡਸ ਇੰਪੋਰਟ ਕੀਤੇ ਗਏ"]},{"$i":"contactsMerged","$v":{"zero":"ਕੋਈ ਡੁਪਲੀਕੇਟ ਸੰਪਰਕ ਮਰਜ ਨਹੀਂ ਹੋਏ","one":"ਇੱਕ ਡੁਪਲੀਕੇਟ ਸੰਪਰਕ ਮਰਜ ਹੋਇਆ","two":[{"t":"idOrVar","v":"numDups"}," ਸੰਪਰਕ ਮਰਜ ਹੋਏ"],"few":[{"t":"idOrVar","v":"numDups"}," ਸੰਪਰਕ ਮਰਜ ਹੋਏ"],"many":[{"t":"idOrVar","v":"numDups"}," ਸੰਪਰਕ ਮਰਜ ਹੋਏ"],"other":[{"t":"idOrVar","v":"numDups"}," ਸੰਪਰਕ ਮਰਜ ਹੋਏ"]},"$x":[{"t":"idOrVar","v":"plural"},"numDups"]},{"$i":"weekday-0-long","$v":"ਐਤਵਾਰ"},{"$i":"weekday-1-long","$v":"ਸੋਮਵਾਰ"},{"$i":"weekday-2-long","$v":"ਮੰਗਲਵਾਰ"},{"$i":"weekday-3-long","$v":"ਬੁੱਧਵਾਰ"},{"$i":"weekday-4-long","$v":"ਵੀਰਵਾਰ"},{"$i":"weekday-5-long","$v":"ਸ਼ੁੱਕਰਵਾਰ"},{"$i":"weekday-6-long","$v":"ਸ਼ਨੀਵਾਰ"},{"$i":"weekday-0-short","$v":"ਐਤ"},{"$i":"weekday-1-short","$v":"ਸੋਮ"},{"$i":"weekday-2-short","$v":"ਮੰਗਲ"},{"$i":"weekday-3-short","$v":"ਬੁੱਧ"},{"$i":"weekday-4-short","$v":"ਵੀਰ"},{"$i":"weekday-5-short","$v":"ਸ਼ੁੱਕਰਵਾਰ"},{"$i":"weekday-6-short","$v":"ਸ਼ਨੀ"},{"$i":"month-0-long","$v":"ਜਨਵਰੀ"},{"$i":"month-1-long","$v":"ਫਰਵਰੀ"},{"$i":"month-2-long","$v":"ਮਾਰਚ"},{"$i":"month-3-long","$v":"ਅਪ੍ਰੈਲ"},{"$i":"month-4-long","$v":"ਮਈ"},{"$i":"month-5-long","$v":"ਜੂਨ"},{"$i":"month-6-long","$v":"ਜੁਲਾਈ"},{"$i":"month-7-long","$v":"ਅਗਸਤ"},{"$i":"month-8-long","$v":"ਸਤੰਬਰ"},{"$i":"month-9-long","$v":"ਅਕਤੂਬਰ"},{"$i":"month-10-long","$v":"ਨਵੰਬਰ"},{"$i":"month-11-long","$v":"ਦਸੰਬਰ"},{"$i":"month-0-genitive","$v":"ਜਨਵਰੀ"},{"$i":"month-1-genitive","$v":"ਫਰਵਰੀ"},{"$i":"month-2-genitive","$v":"ਮਾਰਚ"},{"$i":"month-3-genitive","$v":"ਅਪ੍ਰੈਲ"},{"$i":"month-4-genitive","$v":"ਮਈ"},{"$i":"month-5-genitive","$v":"ਜੂਨ"},{"$i":"month-6-genitive","$v":"ਜੁਲਾਈ"},{"$i":"month-7-genitive","$v":"ਅਗਸਤ"},{"$i":"month-8-genitive","$v":"ਸਤੰਬਰ"},{"$i":"month-9-genitive","$v":"ਅਕਤੂਬਰ"},{"$i":"month-10-genitive","$v":"ਨਵੰਬਰ"},{"$i":"month-11-genitive","$v":"ਦਸੰਬਰ"},{"$i":"month-0-short","$v":"ਜਨਵਰੀ"},{"$i":"month-1-short","$v":"ਫਰਵਰੀ"},{"$i":"month-2-short","$v":"ਮਾਰਚ"},{"$i":"month-3-short","$v":"ਅਪ੍ਰੈਲ"},{"$i":"month-4-short","$v":"ਮਈ"},{"$i":"month-5-short","$v":"ਜੂਨ"},{"$i":"month-6-short","$v":"ਜੁਲਾਈ"},{"$i":"month-7-short","$v":"ਅਗਸਤ"},{"$i":"month-8-short","$v":"ਸਤੰਬਰ"},{"$i":"month-9-short","$v":"ਅਕਤੂਬਰ"},{"$i":"month-10-short","$v":"ਨਵੰਬਰ"},{"$i":"month-11-short","$v":"ਦਸੰਬਰ"},{"$i":"minutes-ago-long","$v":{"zero":"ਸਿਰਫ਼ ਹੁਣ","one":"ਇੱਕ ਮਿੰਟ ਪਹਿਲਾਂ","two":[{"t":"idOrVar","v":"value"}," ਮਿੰਟ ਪਹਿਲਾਂ"],"few":[{"t":"idOrVar","v":"value"}," ਮਿੰਟ ਪਹਿਲਾਂ"],"many":[{"t":"idOrVar","v":"value"}," ਮਿੰਟ ਪਹਿਲਾਂ"],"other":[{"t":"idOrVar","v":"value"}," ਮਿੰਟ ਪਹਿਲਾਂ"]},"$x":[{"t":"idOrVar","v":"plural"},"value"]},{"$i":"hours-ago-long","$v":{"zero":"ਸਿਰਫ਼ ਹੁਣ","one":"ਇੱਕ ਘੰਟਾ ਪਹਿਲਾਂ","two":[{"t":"idOrVar","v":"value"}," ਘੰਟੇ ਪਹਿਲਾਂ"],"few":[{"t":"idOrVar","v":"value"}," ਘੰਟੇ ਪਹਿਲਾਂ"],"many":[{"t":"idOrVar","v":"value"}," ਘੰਟੇ ਪਹਿਲਾਂ"],"other":[{"t":"idOrVar","v":"value"}," ਘੰਟੇ ਪਹਿਲਾਂ"]},"$x":[{"t":"idOrVar","v":"plural"},"value"]},{"$i":"days-ago-long","$v":{"zero":"ਅੱਜ","one":"ਗੁਜ਼ਰਿਆ ਹੋਇਆ ਕੱਲ","two":[{"t":"idOrVar","v":"value"}," ਦਿਨ ਪਹਿਲਾਂ"],"few":[{"t":"idOrVar","v":"value"}," ਦਿਨ ਪਹਿਲਾਂ"],"many":[{"t":"idOrVar","v":"value"}," ਦਿਨ ਪਹਿਲਾਂ"],"other":[{"t":"idOrVar","v":"value"}," ਦਿਨ ਪਹਿਲਾਂ"]},"$x":[{"t":"idOrVar","v":"plural"},"value"]},{"$i":"weeks-ago-long","$v":{"zero":"ਇਹ ਹਫ਼ਤਾ","one":"ਪਿਛਲਾ ਹਫ਼ਤਾ","two":[{"t":"idOrVar","v":"value"}," ਹਫ਼ਤੇ ਪਹਿਲਾਂ"],"few":[{"t":"idOrVar","v":"value"}," ਹਫ਼ਤੇ ਪਹਿਲਾਂ"],"many":[{"t":"idOrVar","v":"value"}," ਹਫ਼ਤੇ ਪਹਿਲਾਂ"],"other":[{"t":"idOrVar","v":"value"}," ਹਫ਼ਤੇ ਪਹਿਲਾਂ"]},"$x":[{"t":"idOrVar","v":"plural"},"value"]},{"$i":"months-ago-long","$v":{"zero":"ਇਹ ਮਹੀਨਾ","one":"ਪਿਛਲਾ ਮਹੀਨਾ","two":[{"t":"idOrVar","v":"value"}," ਮਹੀਨੇ ਮਹੀਨਾ"],"few":[{"t":"idOrVar","v":"value"}," ਮਹੀਨੇ ਮਹੀਨਾ"],"many":[{"t":"idOrVar","v":"value"}," ਮਹੀਨੇ ਮਹੀਨਾ"],"other":[{"t":"idOrVar","v":"value"}," ਮਹੀਨੇ ਮਹੀਨਾ"]},"$x":[{"t":"idOrVar","v":"plural"},"value"]},{"$i":"years-ago-long","$v":{"zero":"ਇਹ ਸਾਲ","one":"ਪਿਛਲਾ ਸਾਲ","two":[{"t":"idOrVar","v":"value"}," ਸਾਲ ਪਹਿਲਾਂ"],"few":[{"t":"idOrVar","v":"value"}," ਸਾਲ ਪਹਿਲਾਂ"],"many":[{"t":"idOrVar","v":"value"}," ਸਾਲ ਪਹਿਲਾਂ"],"other":[{"t":"idOrVar","v":"value"}," ਸਾਲ ਪਹਿਲਾਂ"]},"$x":[{"t":"idOrVar","v":"plural"},"value"]},{"$i":"minutes-until-long","$v":{"zero":"ਹੁਣ","one":"ਇੱਕ ਮਿੰਟ ਵਿੱਚ","two":[{"t":"idOrVar","v":"value"}," ਮਿੰਟਾਂ ਵਿੱਚ"],"few":[{"t":"idOrVar","v":"value"}," ਮਿੰਟਾਂ ਵਿੱਚ"],"many":[{"t":"idOrVar","v":"value"}," ਮਿੰਟਾਂ ਵਿੱਚ"],"other":[{"t":"idOrVar","v":"value"}," ਮਿੰਟਾਂ ਵਿੱਚ"]},"$x":[{"t":"idOrVar","v":"plural"},"value"]},{"$i":"hours-until-long","$v":{"zero":"ਹੁਣ","one":"ਇੱਕ ਘੰਟੇ ਵਿੱਚ","two":[{"t":"idOrVar","v":"value"}," ਘੰਟਿਆਂ ਵਿੱਚ"],"few":[{"t":"idOrVar","v":"value"}," ਘੰਟਿਆਂ ਵਿੱਚ"],"many":[{"t":"idOrVar","v":"value"}," ਘੰਟਿਆਂ ਵਿੱਚ"],"other":[{"t":"idOrVar","v":"value"}," ਘੰਟਿਆਂ ਵਿੱਚ"]},"$x":[{"t":"idOrVar","v":"plural"},"value"]},{"$i":"days-until-long","$v":{"zero":"ਅੱਜ","one":"ਆਉਣ ਵਾਲਾ ਕੱਲ","two":[{"t":"idOrVar","v":"value"}," ਦਿਨਾਂ ਵਿੱਚ"],"few":[{"t":"idOrVar","v":"value"}," ਦਿਨਾਂ ਵਿੱਚ"],"many":[{"t":"idOrVar","v":"value"}," ਦਿਨਾਂ ਵਿੱਚ"],"other":[{"t":"idOrVar","v":"value"}," ਦਿਨਾਂ ਵਿੱਚ"]},"$x":[{"t":"idOrVar","v":"plural"},"value"]},{"$i":"weeks-until-long","$v":{"zero":"ਇਹ ਹਫ਼ਤਾ","one":"ਅਗਲਾ ਹਫ਼ਤਾ","two":[{"t":"idOrVar","v":"value"}," ਹਫ਼ਤਿਆਂ ਵਿੱਚ"],"few":[{"t":"idOrVar","v":"value"}," ਹਫ਼ਤਿਆਂ ਵਿੱਚ"],"many":[{"t":"idOrVar","v":"value"}," ਹਫ਼ਤਿਆਂ ਵਿੱਚ"],"other":[{"t":"idOrVar","v":"value"}," ਹਫ਼ਤਿਆਂ ਵਿੱਚ"]},"$x":[{"t":"idOrVar","v":"plural"},"value"]},{"$i":"months-until-long","$v":{"zero":"ਇਹ ਮਹੀਨਾ","one":"ਅਗਲਾ ਮਹੀਨਾ","two":[{"t":"idOrVar","v":"value"}," ਮਹੀਨਿਆਂ ਵਿੱਚ"],"few":[{"t":"idOrVar","v":"value"}," ਮਹੀਨਿਆਂ ਵਿੱਚ"],"many":[{"t":"idOrVar","v":"value"}," ਮਹੀਨਿਆਂ ਵਿੱਚ"],"other":[{"t":"idOrVar","v":"value"}," ਮਹੀਨਿਆਂ ਵਿੱਚ"]},"$x":[{"t":"idOrVar","v":"plural"},"value"]},{"$i":"years-until-long","$v":{"zero":"ਇਹ ਸਾਲ","one":"ਅਗਲਾ ਸਾਲ","two":[{"t":"idOrVar","v":"value"}," ਸਾਲਾਂ ਵਿੱਚ"],"few":[{"t":"idOrVar","v":"value"}," ਸਾਲਾਂ ਵਿੱਚ"],"many":[{"t":"idOrVar","v":"value"}," ਸਾਲਾਂ ਵਿੱਚ"],"other":[{"t":"idOrVar","v":"value"}," ਸਾਲਾਂ ਵਿੱਚ"]},"$x":[{"t":"idOrVar","v":"plural"},"value"]},{"$i":"minutes-ago-short","$v":{"zero":"ਸਿਰਫ਼ ਹੁਣ","other":[{"t":"idOrVar","v":"value"}," ਮਿੰਟ ਪਹਿਲਾਂ"]},"$x":[{"t":"idOrVar","v":"plural"},"value"]},{"$i":"hours-ago-short","$v":{"zero":"ਸਿਰਫ਼ ਹੁਣ","other":[{"t":"idOrVar","v":"value"}," ਘੰਟਾ ਪਹਿਲਾਂ"]},"$x":[{"t":"idOrVar","v":"plural"},"value"]},{"$i":"days-ago-short","$v":{"zero":"ਅੱਜ","other":[{"t":"idOrVar","v":"value"}," ਦਿਨ ਪਹਿਲਾਂ"]},"$x":[{"t":"idOrVar","v":"plural"},"value"]},{"$i":"minutes-until-short","$v":{"zero":"ਹੁਣ","other":[{"t":"idOrVar","v":"value"}," ਮਿੰਟ ਵਿੱਚ"]},"$x":[{"t":"idOrVar","v":"plural"},"value"]},{"$i":"hours-until-short","$v":{"zero":"ਹੁਣ","other":[{"t":"idOrVar","v":"value"}," ਘੰਟੇ ਵਿੱਚ"]},"$x":[{"t":"idOrVar","v":"plural"},"value"]},{"$i":"days-until-short","$v":{"zero":"ਅੱਜ","other":[{"t":"idOrVar","v":"value"}," ਦਿਨ ਵਿੱਚ"]},"$x":[{"t":"idOrVar","v":"plural"},"value"]},{"$i":"incorrectDate","$v":"(ਗਲਤ ਮਿਤੀ)"},{"$i":"dateTimeFormat_%c","$v":"%a %b %e %Y %I:%M:%S %p"},{"$i":"dateTimeFormat_%x","$v":"%m/%d/%Y"},{"$i":"dateTimeFormat_%X","$v":"%I:%M:%S %p"},{"$i":"shortTimeFormat","$v":"%I:%M %p"},{"$i":"shortTimeFormat12","$v":"%I:%M %p"},{"$i":"shortTimeFormat24","$v":"%H:%M"},{"$i":"shortDateTimeFormat","$v":"%x %I:%M %p"},{"$i":"weekStartsOnMonday","$v":"0"},{"$i":"firstDayOfTheWeek","$v":"0"},{"$i":"time_am","$v":"AM"},{"$i":"time_pm","$v":"PM"},{"$i":"label","$v":"ਲੇਬਲ"},{"$i":"mobile","$v":"ਮੋਬਾਈਲ"},{"$i":"home","$v":"ਹੋਮ"},{"$i":"work","$v":"ਵਰਕ"},{"$i":"personal","$v":"ਨਿੱਜੀ"},{"$i":"faxHome","$v":"Fax ਹੋਮ"},{"$i":"faxOffice","$v":"Fax ਆਫ਼ਿਸ"},{"$i":"faxOther","$v":"ਹੋਰ Fax"},{"$i":"another","$v":"ਹੋਰ"},{"$i":"other","$v":"ਹੋਰ"},{"$i":"tcl-customTag","$v":"ਕਸਟਮ ਟੈਗ"},{"$i":"customTag","$v":"ਕਸਟਮ ਟੈਗ","placeholder":"ਕਸਟਮ ਟੈਗ"},{"$i":"current","$v":"ਵਰਤਮਾਨ"},{"$i":"itemWithLabel","$v":[{"t":"idOrVar","v":"label"},", ",{"t":"idOrVar","v":"item"}]},{"$i":"waitDuplicateContacts","$v":"ਡੁਪਲੀਕੇਟ ਸੰਪਰਕ ਲੱਭ ਰਹੇ ਹਾਂ"},{"$i":"waitMergingDuplicateContacts","$v":"ਡੁਪਲੀਕੇਟ ਸੰਪਰਕ ਮਰਜ ਕੀਤੇ ਜਾ ਰਹੇ ਹਨ"},{"$i":"alertNoDuplicateContacts","$v":"ਕੋਈ ਡੁਪਲੀਕੇਟ ਸੰਪਰਕ ਨਹੀਂ ਮਿਲੇ"},{"$i":"curtainCancel","$v":"ਰੱਦ ਕਰੋ"},{"$i":"close","$v":"ਬੰਦ ਕਰੋ"},{"$i":"mergeDuplicateTitle","$v":"ਡੁਪਲੀਕੇਟ ਮਿਲੇ"},{"$i":"suggestedDuplicatesMessage","innerHTML":{"$o":["<bdi>",{"t":"idOrVar","v":"name"},"</bdi> ਦੇ ਲਈ ਸੁਝਾਏ ਗਏ ਡੁਪਲੀਕੇਟ ਸੰਪਰਕ"]}},{"$i":"mergeActionButtonLabel","$v":{"zero":"ਕੋਈ ਸੰਪਰਕ ਨਹੀਂ ਚੁਣਿਆ ਗਿਆ","one":[{"t":"idOrVar","v":"n"}," ਸੰਪਰਕ ਨਾਲ ਮਰਜ ਕਰੋ"],"two":[{"t":"idOrVar","v":"n"}," ਸੰਪਰਕਾਂ ਨਾਲ ਮਰਜ ਕਰੋ"],"few":[{"t":"idOrVar","v":"n"}," ਸੰਪਰਕਾਂ ਨਾਲ ਮਰਜ ਕਰੋ"],"many":[{"t":"idOrVar","v":"n"}," ਸੰਪਰਕਾਂ ਨਾਲ ਮਰਜ ਕਰੋ"],"other":[{"t":"idOrVar","v":"n"}," ਸੰਪਰਕਾਂ ਨਾਲ ਮਰਜ ਕਰੋ"]},"$x":[{"t":"idOrVar","v":"plural"},"n"]},{"$i":"duplicatesFoundTitle","$v":"ਡੁਪਲੀਕੇਟ ਮਿਲੇ"},{"$i":"foundDuplicatesMessage","innerHTML":"ਹੇਠਾਂ ਦਿੱਤੇ ਗਏ ਸੰਪਰਕਾਂ ਵਿੱਚ ਡੁਪਲੀਕੇਟ ਜਾਣਕਾਰੀ ਮਿਲੀ ਸੀ । ਕੀ ਤੁਸੀਂ ਮਰਜ ਕਰਨਾ ਚਾਹੋਗੇ ?"},{"$i":"tcl-merge-selected-counts","$v":[{"t":"idOrVar","v":"n"}," ਚੁਣਿਆ ਗਿਆ"]},{"$i":"tcl-wait-duplicate-contacts","$v":"ਡੁਪਲੀਕੇਟ ਸੰਪਰਕ ਲੱਭੋ"},{"$i":"tcl-wait-txt","$v":"ਡੁਪਲੀਕੇਟ ਸੰਪਰਕ ਲੱਭ ਰਹੇ ਹਾਂ..."},{"$i":"import","$v":"ਇਮਪੋਰਟ ਕਰੋ"},{"$i":"fbFriends","$v":"ਫੇਸਬੁੱਕ ਫ੍ਰੈਂਡਸ"},{"$i":"live-serviceName","$v":"ਆਊਟਲੁਕ"},{"$i":"gmail-serviceName","$v":"ਜੀਮੇਲ"},{"$i":"facebook-serviceName","$v":"ਫੇਸਬੁੱਕ ਫ੍ਰੈਂਡਸ"},{"$i":"viewAll","$v":"ਸਾਰੇ ਫੇਸਬੁੱਕ ਫ੍ਰੈਂਡਸ ਦੇਖੋ"},{"$i":"viewRecommend","$v":"ਕੇਵਲ ਸੁਝਾਏ ਗਏ ਦੇਖੋ"},{"$i":"linkProposal","$v":{"zero":"ਕੋਈ ਮੇਲ ਖਾਂਦੇ ਫ੍ਰੈਂਡਸ ਨਹੀਂ ਮਿਲੇ । ਸਾਰੇ ਦਿਖਾ ਰਿਹਾ ਹੈ","one":"ਸੁਝਾਏ ਗਏ ਨੂੰ ਚੁਣੋ","two":"ਸੁਝਾਏ ਗਏ ਨੂੰ ਚੁਣੋ","few":"ਸੁਝਾਏ ਗਏ ਨੂੰ ਚੁਣੋ","many":"ਸੁਝਾਏ ਗਏ ਨੂੰ ਚੁਣੋ","other":"ਸੁਝਾਏ ਗਏ ਨੂੰ ਚੁਣੋ"},"$x":[{"t":"idOrVar","v":"plural"},"numFriends"]},{"$i":"fbFriendsFound","$v":{"zero":"ਤੁਹਾਡੇ ਸਾਰੇ ਫ੍ਰੈਂਡਸ ਇਮਪੋਰਟ ਕੀਤੇ ਗਏ ਹਨ","one":"ਇਮਪੋਰਟ ਕਰਨ ਲਈ ਇੱਕ ਫ੍ਰੈਂਡ ਮਿਲਿਆ","two":["ਇਮਪੋਰਟ ਕਰਨ ਲਈ ",{"t":"idOrVar","v":"numFriends"}," ਫ੍ਰੈਂਡਸ ਮਿਲੇ"],"few":["ਇਮਪੋਰਟ ਕਰਨ ਲਈ ",{"t":"idOrVar","v":"numFriends"}," ਫ੍ਰੈਂਡਸ ਮਿਲੇ"],"many":["ਇਮਪੋਰਟ ਕਰਨ ਲਈ ",{"t":"idOrVar","v":"numFriends"}," ਫ੍ਰੈਂਡਸ ਮਿਲੇ"],"other":["ਇਮਪੋਰਟ ਕਰਨ ਲਈ ",{"t":"idOrVar","v":"numFriends"}," ਫ੍ਰੈਂਡਸ ਮਿਲੇ"]},"$x":[{"t":"idOrVar","v":"plural"},"numFriends"]},{"$i":"fbNoFriends","$v":"ਇਮਪੋਰਟ ਕਰਨ ਲਈ ਕੋਈ ਵੀ ਸੰਪਰਕ ਉਪਲਬਧ ਨਹੀਂ ਹਨ"},{"$i":"done-search","$v":"ਪੂਰਾ ਹੋਇਆ"},{"$i":"progressFB3ImportTitle","$v":"ਫ੍ਰੈਂਡਸ ਨੂੰ ਸੰਪਰਕ ਵਿੱਚ ਇਮਪੋਰਟ ਕੀਤਾ ਜਾ ਰਿਹਾ ਹੈ"},{"$i":"progressFB","$v":[{"t":"idOrVar","v":"current"},"/",{"t":"idOrVar","v":"total"}]},{"$i":"progressFB3UpdateTitle","$v":"ਸੰਪਰਕ ਵਿੱਚ ਫ੍ਰੈਂਡਸ ਅਪਡੇਟ ਹੋ ਰਹੇ ਹਨ"},{"$i":"message2","$v":"ਇਸ ਵਿੱਚ ਕਈ ਮਿੰਟ ਲੱਗ ਸਕਦੇ ਹਨ"},{"$i":"messageLinking","$v":"ਕਿਰਪਾ ਕਰਕੇ ਹੋਲਡ ਕਰੋ। ਅਸੀਂ ਤੁਹਾਡੇ ਫ੍ਰੈਂਡ ਅਤੇ ਤੁਹਾਡੇ ਸੰਪਰਕ ਨੂੰ ਲਿੰਕ ਕਰ ਰਹੇ ਹਾਂ।"},{"$i":"error1","$v":["ਤਰੁੱਟੀ ",{"t":"idOrVar","v":"from"}]},{"$i":"error2","$v":"ਕੀ ਤੁਸੀਂ ਦੁਬਾਰਾ ਕੋਸ਼ਿਸ਼ ਕਰਨਾ ਚਾਹੁੰਦੇ ਹੋ?"},{"$i":"errorProposal","$v":"ਪ੍ਰਸਤਾਵ ਦੀ ਗਣਨਾ ਹੋ ਰਹੀ ਹੈ"},{"$i":"errorFriends","$v":"ਫ੍ਰੈਂਡ ਮੁੜ ਪ੍ਰਾਪਤ ਕੀਤੇ ਜਾ ਰਹੇ ਹਨ"},{"$i":"errorLinking","$v":"ਸੰਪਰਕ ਲਿੰਕ ਕੀਤਾ ਜਾ ਰਿਹਾ ਹੈ"},{"$i":"timeout1","$v":[{"t":"idOrVar","v":"From"}," ਤੋਂ ਸਮਾਂ ਸੀਮਾ ਸਮਾਪਤ ਹੋ ਗਈ"]},{"$i":"timeout2","$v":"ਕੀ ਤੁਸੀਂ ਦੁਬਾਰਾ ਕੋਸ਼ਿਸ਼ ਕਰਨਾ ਚਾਹੁੰਦੇ ਹੋ?"},{"$i":"timeoutProposal","$v":"ਪ੍ਰਸਤਾਵ ਦੀ ਗਣਨਾ ਹੋ ਰਹੀ ਹੈ"},{"$i":"timeoutFriends","$v":"ਫ੍ਰੈਂਡ ਮੁੜ ਪ੍ਰਾਪਤ ਕੀਤੇ ਜਾ ਰਹੇ ਹਨ"},{"$i":"timeoutLinking","$v":"ਸੰਪਰਕ ਲਿੰਕ ਕੀਤੇ ਜਾ ਰਹੇ ਹਨ"},{"$i":"wait1","$v":"ਕਿਰਪਾ ਕਰਕੇ ਹੋਲਡ ਕਰੋ"},{"$i":"wait2","$v":"ਇਸ ਵਿੱਚ ਕਈ ਮਿੰਟ ਲੱਗ ਸਕਦੇ ਹਨ"},{"$i":"waitProposal","$v":"ਕਿਰਪਾ ਕਰਕੇ ਹੋਲਡ ਕਰੋ। ਅਸੀਂ ਇੱਕ ਸੁਝਾਵ ਨੂੰ ਕੈਲਕੂਲੇਟ ਕਰ ਰਹੇ ਹਾਂ।"},{"$i":"waitFriends","$v":"ਕਿਰਪਾ ਕਰਕੇ ਹੋਲਡ ਕਰੋ। ਅਸੀਂ ਤੁਹਾਡੀ ਫ੍ਰੈਂਡ ਲਿਸਟ ਪ੍ਰਾਪਤ ਕਰਨ ਲਈ ਕਨੈਕਟ ਕਰ ਰਹੇ ਹਾਂ।"},{"$i":"curtainRetry","$v":"ਦੁਬਾਰਾ ਕੋਸ਼ਿਸ਼ ਕਰੋ"},{"$i":"curtainOK","$v":"ਠੀਕ ਹੈ"},{"$i":"connectionLost","$v":"ਕੋਈ ਇੰਟਰਨੈਟ ਕਨੈਕਸ਼ਨ ਨਹੀਂ"},{"$i":"connectionLostMsg","$v":"ਫ੍ਰੈਂਡਸ ਦੀਆਂ ਫੋਟੋਆਂ ਨੂੰ ਤੁਹਾਡੇ ਸੰਪਰਕਾਂ ਵਿੱਚ ਨਹੀਂ ਜੋੜਿਆ ਜਾਏਗਾ। ਫਿਰ ਵੀ ਜਾਰੀ ਰੱਖੋ?"},{"$i":"yesOption","$v":"ਠੀਕ ਹੈ"},{"$i":"noOption","$v":"ਰੱਦ ਕਰੋ"},{"$i":"waitFriendslive","$v":"ਆਊਟਲੁੱਕ ਤੋਂ ਸੰਪਰਕਾਂ ਨੂੰ ਪੜ੍ਹ ਰਿਹਾ ਹੈ..."},{"$i":"waitFriendsgmail","$v":"ਜੀਮੇਲ ਤੋਂ ਸੰਪਰਕ ਪੜ੍ਹ ਰਿਹਾ ਹੈ ..."},{"$i":"friendsUpdated","$v":{"zero":"ਕੋਈ ਫ੍ਰੈਂਡ ਅਪਡੇਟ ਨਹੀਂ ਹੋਏ","one":"ਫ੍ਰੈਂਡ ਅਪਡੇਟ ਕੀਤਾ ਗਿਆ","two":[{"t":"idOrVar","v":"numFriends"}," ਫ੍ਰੈਂਡਸ ਅਪਡੇਟ ਕੀਤੇ ਗਏ"],"few":[{"t":"idOrVar","v":"numFriends"}," ਫ੍ਰੈਂਡਸ ਅਪਡੇਟ ਕੀਤੇ ਗਏ"],"many":[{"t":"idOrVar","v":"numFriends"}," ਫ੍ਰੈਂਡਸ ਅਪਡੇਟ ਕੀਤੇ ਗਏ"],"other":[{"t":"idOrVar","v":"numFriends"}," ਫ੍ਰੈਂਡਸ ਅਪਡੇਟ ਕੀਤੇ ਗਏ"]},"$x":[{"t":"idOrVar","v":"plural"},"numFriends"]},{"$i":"friendsMerged","$v":{"zero":"ਕੋਈ ਡੁਪਲੀਕੇਟ ਫ੍ਰੈਂਡਸ ਮਰਜ ਨਹੀਂ ਕੀਤੇ ਗਏ","one":"ਡੁਪਲੀਕੇਟ ਫ੍ਰੈਂਡ ਮਰਜ ਹੋਇਆ","two":[{"t":"idOrVar","v":"numDups"}," ਫ੍ਰੈਂਡਸ ਮਰਜ ਹੋਏ"],"few":[{"t":"idOrVar","v":"numDups"}," ਫ੍ਰੈਂਡਸ ਮਰਜ ਹੋਏ"],"many":[{"t":"idOrVar","v":"numDups"}," ਫ੍ਰੈਂਡਸ ਮਰਜ ਹੋਏ"],"other":[{"t":"idOrVar","v":"numDups"}," ਫ੍ਰੈਂਡਸ ਮਰਜ ਹੋਏ"]},"$x":[{"t":"idOrVar","v":"plural"},"numDups"]},{"$i":"notificationLogin","$v":"ਤੁਹਾਡਾ ਫੇਸਬੁੱਕ ਸੈਸ਼ਨ ਅਵੈਧ ਹੈ। ਕਿਰਪਾ ਕਰਕੇ ਸਾਇਨ ਇਨ ਕਰੋ।"},{"$i":"syncError","$v":"ਤੁਹਾਡੇ ਫ੍ਰੈਂਡ ਦੇ ਡੇਟਾ ਨੂੰ ਸਿੰਕਰੋਨਾਇਜ਼ ਕਰਨ ਵਿੱਚ ਤਰੁੱਟੀ ਆਈ"},{"$i":"progressFB3liveTitle","$v":"ਆਊਟਲੁੱਕ ਤੋਂ ਸੰਪਰਕ ਇੰਪੋਰਟ ਹੋ ਰਹੇ ਹਨ..."},{"$i":"progressFB3gmailTitle","$v":"ਜੀਮੇਲ ਤੋਂ ਸੰਪਰਕ ਇੰਪੋਰਟ ਹੋ ਰਹੇ ਹਨ..."},{"$i":"tcl-calllog-entry-removed-succ-notification","$v":"ਕਾਲ ਲੌਗ ਐਂਟਰੀ ਨੂੰ ਹਟਾਇਆ ਗਿਆ"},{"$i":"tcl-calllog-entry-removed-err-notification","$v":"ਕਾਲ ਲੌਗ ਐਂਟਰੀ ਨੂੰ ਹਟਾ ਨਹੀਂ ਸਕਦੇ"},{"$i":"addNewNumber","$v":"ਨਵਾਂ ਨੰਬਰ ਜੋੜੋ"},{"$i":"contactDetails","$v":"ਸੰਪਰਕ ਵੇਰਵੇ"},{"$i":"addToExistingContact","$v":"ਮੌਜੂਦਾ ਸੰਪਰਕ ਵਿੱਚ ਜੋੜੋ"},{"$i":"all","$v":"ਸਾਰੇ","ariaLabel":"ਸਾਰੇ"},{"$i":"bluetoothOption","ariaLabel":"ਬਲੂਟੁੱਥ"},{"$i":"callLog","$v":"ਕਾਲ ਲੌਗ"},{"$i":"callLogEdit","title":"ਕਾਲ ਲੌਗ ਸੰਪਾਦਿਤ ਕਰੋ"},{"$i":"tcl-option-menu-call-log-edit","$v":"ਕਾਲ ਲੌਗ ਸੰਪਾਦਿਤ ਕਰੋ"},{"$i":"callLogEditDialog","ariaLabel":"ਕਾਲ ਲੌਗ ਡਾਇਲੌਗ ਸੰਪਾਦਿਤ ਕਰੋ"},{"$i":"tcl-call-log-delete-group-notification","$v":[{"t":"idOrVar","v":"n"}," ਐਂਟਰੀਆਂ ਮਿਟਾਈਆਂ ਗਈਆਂ"]},{"$i":"connecting","$v":"ਕਨੈਕਟ ਹੋ ਰਿਹਾ ਹੈ"},{"$i":"connectingEllipsis","$v":"ਕਨੈਕਟ ਕਰ ਰਿਹਾ ਹੈ..."},{"$i":"call-forwarding-async","$v":["ਅਸਿੰਕਰਨਸ: ",{"t":"idOrVar","v":"async"}]},{"$i":"call-forwarding-data","$v":["ਡੇਟਾ: ",{"t":"idOrVar","v":"data"}]},{"$i":"call-forwarding-error","$v":"ਕਾਲ ਫਾਰਵਰਡਿੰਗ ਸਥਿਤੀ ਨੂੰ ਪ੍ਰਾਪਤ ਕਰਦੇ ਵੇਲੇ ਇੱਕ ਤਰੁੱਟੀ ਹੋਈ ਹੈ"},{"$i":"call-forwarding-fax","$v":["FAX: ",{"t":"idOrVar","v":"fax"}]},{"$i":"call-forwarding-inactive","$v":"ਨਿਸ਼ਕਿਰਿਆ"},{"$i":"call-forwarding-packet","$v":["ਪੈਕਟ: ",{"t":"idOrVar","v":"packet"}]},{"$i":"call-forwarding-pad","$v":["PAD: ",{"t":"idOrVar","v":"pad"}]},{"$i":"call-forwarding-sms","$v":["SMS: ",{"t":"idOrVar","v":"sms"}]},{"$i":"call-forwarding-status","$v":"ਕਾਲ ਫਾਰਵਰਡਿੰਗ ਸਥਿਤੀ"},{"$i":"call-forwarding-sync","$v":["ਸਿੰਕ੍ਰਨਸ: ",{"t":"idOrVar","v":"sync"}]},{"$i":"call-forwarding-voice","$v":["ਵੌਇਸ: ",{"t":"idOrVar","v":"voice"}]},{"$i":"confirm-deletion","$v":"ਚੁਣਿੰਦਾ ਕਾਲ ਮਿਟਾਓ?"},{"$i":"createNewContact","$v":"ਨਵਾਂ ਸੰਪਰਕ ਬਣਾਓ"},{"$i":"calllog-deselectAll","$v":"ਸਾਰਿਆਂ ਨੂੰ ਅਣਚੁਣਿਆ ਕਰੋ"},{"$i":"dialerAddContact","ariaLabel":"ਸੰਪਰਕ ਜੋੜੋ"},{"$i":"dialerAddContactDialog","ariaLabel":"ਸੰਪਰਕ ਡਾਇਲੌਗ ਜੋੜੋ"},{"$i":"callInformation","$v":"ਕਾਲ ਜਾਣਕਾਰੀ"},{"$i":"edit-selected","$v":{"one":["ਚੁਣਿਆ ਗਿਆ (",{"t":"idOrVar","v":"n"},")"],"two":["ਚੁਣਿਆ ਗਿਆ (",{"t":"idOrVar","v":"n"},")"],"few":["ਚੁਣਿਆ ਗਿਆ (",{"t":"idOrVar","v":"n"},")"],"many":["ਚੁਣਿਆ ਗਿਆ (",{"t":"idOrVar","v":"n"},")"],"other":["ਚੁਣਿਆ ਗਿਆ (",{"t":"idOrVar","v":"n"},")"]},"$x":[{"t":"idOrVar","v":"plural"},"n"]},{"$i":"tcl-edit-not-selected","$v":"ਚੁਣਿਆ ਗਿਆ (0)"},{"$i":"hideKeypad","ariaLabel":"ਕੀਪੈਡ ਲੁਕਾਓ"},{"$i":"ignore","$v":"ਕਾਲ ਨੂੰ ਅਣਡਿੱਠ ਕਰੋ"},{"$i":"incoming","$v":"ਇਨਕਮਿੰਗ"},{"$i":"keypad","ariaLabel":"ਕੀਪੈਡ"},{"$i":"info-missed","$v":"ਮਿਸਡ"},{"$i":"missed","$v":"ਮਿਸਡ","ariaLabel":"ਮਿਸਡ"},{"$i":"dialed","$v":"ਡਾਇਲ ਕੀਤਾ ਗਿਆ"},{"$i":"received","$v":"ਪ੍ਰਾਪਤ ਹੋਇਆ"},{"$i":"canceled","$v":"ਰੱਦ ਕੀਤਾ ਗਿਆ"},{"$i":"missedCall","$v":"ਮਿਸਡ ਕਾਲ"},{"$i":"missedCallMultiSims","$v":["(ਸਿਮ ",{"t":"idOrVar","v":"n"},") ਮਿੱਸਡ ਕਾਲ"]},{"$i":"mmi-error","$v":"ਸੰਦੇਸ਼ ਭੇਜਣ ਵੇਲੇ ਇੱਕ ਤਰੁੱਟੀ ਹੋਈ ਹੈ"},{"$i":"mmi-session-expired","$v":"ਸੈਸ਼ਨ ਦੀ ਸਮਾਂ ਸੀਮਾਂ ਸਮਾਪਤ"},{"$i":"mmi-successfully-sent","$v":"ਸੰਦੇਸ਼ ਸਫ਼ਲਤਾਪੂਰਵਕ ਭੇਜਿਆ ਗਿਆ"},{"$i":"mmi-notification-title-with-sim","$v":["(",{"t":"idOrVar","v":"sim"},") ",{"t":"idOrVar","v":"title"}]},{"$i":"mute","ariaLabel":"ਮਿਊਟ ਕਰੋ"},{"$i":"newCall","ariaLabel":"ਨਵੀਂ ਕਾਲ"},{"$i":"no-logs-msg-1","$v":"ਕੋਈ ਕਾਲ ਰਿਕਾਰਡ ਨਹੀਂ ਹੋਈ"},{"$i":"no-logs-msg-2","$v":"ਹੁਣ ਸੰਪਰਕ ਕਰਨਾ ਸ਼ੁਰੂ ਕਰੋ"},{"$i":"no-logs-msg-3","$v":"ਕੋਈ ਕਾਲ ਰਿਕਾਰਡ ਨਹੀਂ ਹੋਈ"},{"$i":"no-logs-msg-4","$v":"ਹੁਣ ਸੰਪਰਕ ਕਰਨਾ ਸ਼ੁਰੂ ਕਰੋ"},{"$i":"onHoldOption","ariaLabel":"ਹੋਲਡ 'ਤੇ"},{"$i":"outgoing","$v":"ਆਊਟਗੋਇੰਗ"},{"$i":"recents","ariaLabel":"ਹਾਲ ਹੀ ਦੀਆਂ ਕਾਲਾਂ"},{"$i":"reply","$v":"ਜਵਾਬ ਦਿਓ"},{"$i":"calllog-selectAll","$v":"ਸਾਰੇ ਚੁਣੋ"},{"$i":"send","$v":"ਭੇਜੋ"},{"$i":"switch-calls","$v":"ਕਾਲ ਸਵਿਚ ਕਰੋ"},{"$i":"withheld-number","$v":"ਅਗਿਆਤ"},{"$i":"from-contact","$v":[{"t":"idOrVar","v":"contact"}," ਤੋਂ"]},{"$i":"from-number","$v":[{"t":"idOrVar","v":"number"}," ਤੋਂ"]},{"$i":"from-withheld-number","$v":"ਅਗਿਆਤ ਨੰਬਰ ਤੋਂ"},{"$i":"sending","$v":"ਭੇਜਿਆ ਜਾ ਰਿਹਾ ਹੈ..."},{"$i":"speakerOption","ariaLabel":"ਸਪੀਕਰ"},{"$i":"ussd-services","$v":[{"t":"idOrVar","v":"operator"}," ਸੇਵਾਵਾਂ"]},{"$i":"toggleKeypad","ariaLabel":"ਕੀਪੈਡ ਟੋਗਲ ਕਰੋ"},{"$i":"type-your-response","placeholder":"ਆਪਣਾ ਜਵਾਬ ਲਿਖੋ ..."},{"$i":"clear-all-text","$v":"ਸਾਰਾ ਟੈਕਸਟ ਮਿਟਾਓ"},{"$i":"hide","$v":"ਲੁਕਾਓ"},{"$i":"call","$v":"ਕਾਲ ਕਰੋ"},{"$i":"hold","ariaLabel":"ਹੋਲਡ"},{"$i":"resume","$v":"ਦੁਬਾਰਾ ਸ਼ੁਰੂ ਕਰੋ","ariaLabel":"ਦੁਬਾਰਾ ਸ਼ੁਰੂ ਕਰੋ"},{"$i":"sendSms","$v":"ਸੰਦੇਸ਼ ਭੇਜੋ"},{"$i":"callEnded","$v":"ਕਾਲ ਸਮਾਪਤ ਹੋਈ"},{"$i":"via-sim","$v":["ਸਿਮ ",{"t":"idOrVar","v":"n"}," ਦੁਆਰਾ"]},{"$i":"sim-number","$v":["ਸਿਮ ",{"t":"idOrVar","v":"n"}]},{"$i":"unknown","$v":"ਅਗਿਆਤ"},{"$i":"hangup-a11y-button","ariaLabel":"ਡਿਸਕਨੈਕਟ ਕਰੋ"},{"$i":"pickup-a11y-button","ariaLabel":"ਪਿਕ ਅਪ"},{"$i":"unlock-a11y-button","ariaLabel":"ਸਲਾਇਡਰ"},{"$i":"settings","$v":"ਸੈਟਿੰਗਸ"},{"$i":"tcl-delete-log","$v":"ਕੀ ਤੁਸੀਂ ਕਾਲ ਲੌਗ ਤੋਂ ਚੁਣਿੰਦਾ ਐਂਟਰੀਆਂ ਨੂੰ ਮਿਟਾਉਣਾ ਚਾਹੁੰਦੇ ਹੋ?"},{"$i":"delete-n-log?","$v":{"zero":"ਕੋਈ ਵੀ ਨਹੀਂ ਚੁਣਿਆ","one":"ਚੁਣਿੰਦਾ ਲੌਗ ਨੂੰ ਮਿਟਾਓ?","two":[{"t":"idOrVar","v":"n"}," ਲੌਗ ਮਿਟਾਓ?"],"few":[{"t":"idOrVar","v":"n"}," ਲੌਗ ਮਿਟਾਓ?"],"many":[{"t":"idOrVar","v":"n"}," ਲੌਗ ਮਿਟਾਓ?"],"other":[{"t":"idOrVar","v":"n"}," ਲੌਗ ਮਿਟਾਓ?"]},"$x":[{"t":"idOrVar","v":"plural"},"n"]},{"$i":"callDurationMinutes","$v":[{"t":"idOrVar","v":"m"},":",{"t":"idOrVar","v":"s"}]},{"$i":"callDurationHours","$v":[{"t":"idOrVar","v":"h"},":",{"t":"idOrVar","v":"m"},":",{"t":"idOrVar","v":"s"}]},{"$i":"callDurationTextFormatSeconds","$v":[{"t":"idOrVar","v":"s"}," ਸੈਕੰਡ"]},{"$i":"callDurationTextFormatMinutes","$v":[{"t":"idOrVar","v":"m"}," ਮਿੰਟ ",{"t":"idOrVar","v":"s"}," ਸੈਕਿੰਡ"]},{"$i":"callDurationTextFormatHours","$v":[{"t":"idOrVar","v":"h"},"ਘੰਟੇ ",{"t":"idOrVar","v":"m"}," ਮਿੰਟ ",{"t":"idOrVar","v":"s"}," ਸੈਕੰਡ"]},{"$i":"suggestionMatches","$v":{"one":["\"",{"t":"idOrVar","v":"matchNumber"},"\" ਦੇ ਲਈ ",{"t":"idOrVar","v":"n"}," ਮੈਚ"],"two":["\"",{"t":"idOrVar","v":"matchNumber"},"\" ਦੇ ਲਈ ",{"t":"idOrVar","v":"n"}," ਮੈਚ"],"few":["\"",{"t":"idOrVar","v":"matchNumber"},"\" ਦੇ ਲਈ ",{"t":"idOrVar","v":"n"}," ਮੈਚ"],"many":["\"",{"t":"idOrVar","v":"matchNumber"},"\" ਦੇ ਲਈ ",{"t":"idOrVar","v":"n"}," ਮੈਚ"],"other":["\"",{"t":"idOrVar","v":"matchNumber"},"\" ਦੇ ਲਈ ",{"t":"idOrVar","v":"n"}," ਮੈਚ"]},"$x":[{"t":"idOrVar","v":"plural"},"n"]},{"$i":"scCallBarring","$v":"ਕਾਲ ਬੈਰਿੰਗ"},{"$i":"scCallForwarding","$v":"ਕਾਲ ਫਾਰਵਰਡਿੰਗ"},{"$i":"scClip","$v":"ਇਨਕਮਿੰਗ ਕਾਲਰ ID"},{"$i":"scClir","$v":"ਆਊਟਗੋਇੰਗ ਕਾਲਰ ID"},{"$i":"scPwd","$v":"ਪਾਸਵਰਡ ਬਦਲੋ"},{"$i":"scCallWaiting","$v":"ਕਾਲ ਉਡੀਕ ਵਿੱਚ ਹੈ"},{"$i":"scPin","$v":"ਪਿਨ ਬਦਲੋ"},{"$i":"scPin2","$v":"ਪਿਨ2 ਬਦਲੋ"},{"$i":"scPuk","$v":"ਪਿਨ ਅਨਬਲੌਕ ਕਰੋ"},{"$i":"scPuk2","$v":"ਪਿਨ2 ਅਨਬਲੌਕ ਕਰੋ"},{"$i":"scImei","$v":"IMEI"},{"$i":"scMeid","$v":"MEID"},{"$i":"scUssd","$v":"USSD"},{"$i":"serviceClassVoice","$v":"ਵੌਇਸ"},{"$i":"serviceClassData","$v":"ਡੇਟਾ"},{"$i":"serviceClassFax","$v":"FAX"},{"$i":"serviceClassSms","$v":"SMS"},{"$i":"serviceClassDataSync","$v":"ਸਿੰਕ"},{"$i":"serviceClassDataAsync","$v":"ਅਸਿੰਕ"},{"$i":"serviceClassPacket","$v":"ਪੈਕੇਟ"},{"$i":"serviceClassPad","$v":"PAD"},{"$i":"smServiceEnabled","$v":"ਸੇਵਾ ਕਾਰਜਸ਼ੀਲ ਹੋਈ"},{"$i":"smServiceDisabled","$v":"ਸੇਵਾ ਨੂੰ ਅਕਿਰਿਆਸ਼ੀਲ ਕੀਤਾ ਹੈ"},{"$i":"smServiceRegistered","$v":"ਪੰਜੀਕਰਣ ਸਫਲ ਰਿਹਾ"},{"$i":"smServiceErased","$v":"ਮਿਟਾਉਣਾ ਸਫਲ ਰਿਹਾ"},{"$i":"smServiceInterrogated","$v":"ਬੇਨਤੀ ਸਫ਼ਲ ਰਹੀ"},{"$i":"smServiceNotProvisioned","$v":"ਸੇਵਾ ਦਾ ਪ੍ਰਬੰਧ ਨਹੀਂ ਹੈ"},{"$i":"smClirPermanent","$v":"ਤੁਸੀਂ ਕਾਲਰ ID ਸੈਟਿੰਗਸ ਨਹੀਂ ਬਦਲ ਸਕਦੇ"},{"$i":"smClirDefaultOnNextCallOn","$v":"ਕਾਲਰ ID ਡਿਫੌਲਟ ਦੇ ਤੌਰ ਤੇ ਪ੍ਰਤਿਬੰਧਿਤ ਹੈ। ਅਗਲੀ ਕਾਲ: ਪ੍ਰਤਿਬੰਧਿਤ"},{"$i":"smClirDefaultOnNextCallOff","$v":"ਕਾਲਰ ID ਡਿਫੌਲਟ ਦੇ ਤੌਰ ਤੇ ਪ੍ਰਤਿਬੰਧਿਤ ਹੈ। ਅਗਲੀ ਕਾਲ: ਪ੍ਰਤਿਬੰਧਿਤ ਨਹੀਂ"},{"$i":"smClirDefaultOffNextCallOn","$v":"ਕਾਲਰ ID ਡਿਫੌਲਟ ਦੇ ਤੌਰ ਤੇ ਪ੍ਰਤਿਬੰਧਿਤ ਨਹੀਂ ਹੈ। ਅਗਲੀ ਕਾਲ: ਪ੍ਰਤਿਬੰਧਿਤ"},{"$i":"smClirDefaultOffNextCallOff","$v":"ਕਾਲਰ ID ਡਿਫੌਲਟ ਦੇ ਤੌਰ ਤੇ ਪ੍ਰਤਿਬੰਧਿਤ ਨਹੀਂ ਹੈ। ਅਗਲੀ ਕਾਲ: ਪ੍ਰਤਿਬੰਧਿਤ ਨਹੀਂ"},{"$i":"smServiceEnabledFor","$v":"ਇਸ ਲਈ ਸੇਵਾ ਕਾਰਜਸ਼ੀਲ ਹੈ :"},{"$i":"smPinChanged","$v":"ਪਿਨ ਸਫ਼ਲਤਾਪੂਰਵਕ ਬਦਲਿਆ ਗਿਆ"},{"$i":"smPinUnblocked","$v":"ਪਿਨ ਸਫ਼ਲਤਾਪੂਰਵਕ ਅਨਬਲੌਕ ਕੀਤਾ ਗਿਆ"},{"$i":"smPin2Changed","$v":"ਪਿਨ2 ਸਫ਼ਲਤਾਪੂਰਵਕ ਬਦਲਿਆ ਗਿਆ"},{"$i":"smPin2Unblocked","$v":"ਪਿਨ2 ਸਫ਼ਲਤਾਪੂਰਵਕ ਅਨਬਲੌਕ ਕੀਤਾ ਗਿਆ"},{"$i":"ServiceIsEnabled","$v":"ਸੇਵਾ ਕਾਰਜਸ਼ੀਲ ਹੈ"},{"$i":"ServiceIsDisabled","$v":"ਸੇਵਾ ਅਕਿਰਿਆਸ਼ੀਲ ਹੈ"},{"$i":"ServiceIsEnabledFor","$v":"ਇਸ ਲਈ ਸੇਵਾ ਕਾਰਜਸ਼ੀਲ ਹੈ:"},{"$i":"emMmiError","$v":"ਕਨੈਕਸ਼ਨ ਸਮੱਸਿਆ ਜਾਂ ਅਵੈਧ MMI ਕੋਡ"},{"$i":"emMmiErrorPasswordIncorrect","$v":"ਗਲਤ ਪਾਸਵਰਡ"},{"$i":"emMmiErrorNotSupported","$v":"ਅਵੈਧ ਜਾਂ ਅਸਮਰੱਥਿਤ MMI ਕੋਡ"},{"$i":"emMmiErrorInvalidAction","$v":"ਅਵੈਧ ਕਾਰਵਾਈ"},{"$i":"emMmiErrorInvalidScCode","$v":"ਅਵੈਧ ਸੇਵਾ ਕੋਡ"},{"$i":"emMmiErrorBadPuk","$v":"ਤੁਹਾਡੇ ਦੁਆਰਾ ਲਿਖਿਆ PUK ਸਹੀ ਨਹੀਂ ਹੈ"},{"$i":"emMmiErrorBadPin","$v":"ਤੁਹਾਡੇ ਦੁਆਰਾ ਲਿਖਿਆ ਪੁਰਾਣਾ ਪਿਨ ਸਹੀ ਨਹੀਂ ਹੈ।"},{"$i":"emMmiErrorNeedPuk2","$v":"ਸਿਮ ਕਾਰਡ ਅਨਬਲੌਕ ਕਰਨ ਲਈ PUK2 ਲਿਖੋ"},{"$i":"emMmiErrorMismatchPin","$v":"ਤੁਹਾਡੇ ਦੁਆਰਾ ਲਿਖੇ ਪਿਨ ਮੇਲ ਨਹੀਂ ਹੁੰਦੇ"},{"$i":"emMmiErrorInvalidPin","$v":"4 ਤੋਂ 8 ਨੰਬਰ ਦਾ ਪਿਨ ਲਿਖੋ"},{"$i":"emMmiErrorNeedsPuk","$v":"ਤੁਹਾਡੇ ਸਿਮ ਕਾਰਡ ਵਿੱਚ PUK ਲੌਕ ਹੈ"},{"$i":"emMmiErrorEnablePin","$v":"ਅਸਫਲ। SIM/RUIM ਲੌਕ ਕਾਰਜਸ਼ੀਲ ਕਰੋ"},{"$i":"emMmiErrorMmiFdn","$v":"ਆਪਰੇਸ਼ਨ ਕੇਵਲ ਫਿਕਸਡ ਡਾਇਲਿੰਗ ਨੰਬਰਾਂ ਤੱਕ ਹੀ ਸੀਮਿਤ ਹੈ"},{"$i":"emMmiErrorStkCcUssdDial","$v":"USSD ਬੇਨਤੀ ਡਾਇਲ ਬੇਨਤੀ ਵਿੱਚ ਸੰਸ਼ੋਧਿਤ ਕੀਤੀ ਗਈ ਹੈ"},{"$i":"emMmiErrorStkCcUssdSs","$v":"USSD ਬੇਨਤੀ SS ਬੇਨਤੀ ਵਿੱਚ ਸੰਸ਼ੋਧਿਤ ਕੀਤੀ ਗਈ ਹੈ"},{"$i":"emMmiErrorStkCcUssdUssd","$v":"USSD ਬੇਨਤੀ ਨਵੀਂ USSD ਬੇਨਤੀ ਵਿੱਚ ਸੰਸ਼ੋਧਿਤ ਕੀਤੀ ਗਈ ਹੈ"},{"$i":"emMmiErrorStkCcSsDial","$v":"SS ਬੇਨਤੀ ਨੂੰ ਡਾਇਲ ਬੇਨਤੀ ਵਿੱਚ ਸੰਸ਼ੋਧਿਤ ਕੀਤਾ ਗਿਆ ਹੈ"},{"$i":"emMmiErrorStkCcSsUssd","$v":"SS ਬੇਨਤੀ ਨੂੰ USSD ਬੇਨਤੀ ਵਿੱਚ ਸੰਸ਼ੋਧਿਤ ਕੀਤਾ ਗਿਆ ਹੈ"},{"$i":"emMmiErrorStkCcSsSs","$v":"SS ਬੇਨਤੀ ਨੂੰ ਨਵੀਂ SS ਬੇਨਤੀ ਵਿੱਚ ਸੰਸ਼ੋਧਿਤ ਕੀਤਾ ਗਿਆ ਹੈ"},{"$i":"emMmiErrorPinPukAttempts","$v":{"one":["ਕੇਵਲ ",{"t":"idOrVar","v":"n"}," ਕੋਸ਼ਿਸ਼ ਬਾਕੀ ਹੈ"],"two":[{"t":"idOrVar","v":"n"}," ਪੁਨਰਕੋਸ਼ਿਸ਼ ਬਾਕੀ ਹੈ"],"few":[{"t":"idOrVar","v":"n"}," ਪੁਨਰਕੋਸ਼ਿਸ਼ ਬਾਕੀ ਹੈ"],"many":[{"t":"idOrVar","v":"n"}," ਪੁਨਰਕੋਸ਼ਿਸ਼ ਬਾਕੀ ਹੈ"],"other":[{"t":"idOrVar","v":"n"}," ਪੁਨਰਕੋਸ਼ਿਸ਼ ਬਾਕੀ ਹੈ"]},"$x":[{"t":"idOrVar","v":"plural"},"n"]},{"$i":"emMmiErrorSimBlocked","$v":"ਮੁੜ ਕੋਸ਼ਿਸ਼ਾਂ ਦੀ ਅਧਿਕਤਮ ਸੰਖਿਆ ਵੱਧ ਹੋ ਗਈ ਹੈ। ਸਿਮ ਬਲੌਕ ਹੈ।"},{"$i":"RadioNotAvailable","$v":"ਰੇਡੀਓ ਉਪਲਬਧ ਨਹੀਂ ਹੈ"},{"$i":"GenericFailure","$v":"ਸਧਾਰਣ ਅਸਫਲਤਾ"},{"$i":"PasswordIncorrect","$v":"ਪਾਸਵਰਡ ਗਲਤ ਹੈ"},{"$i":"SimPin2","$v":"ਸਿਮ ਪਿਨ 2"},{"$i":"SimPuk2","$v":"ਸਿਮ PUK2"},{"$i":"RequestNotSupported","$v":"ਬੇਨਤੀ ਸਮਰੱਥਿਤ ਨਹੀਂ ਹੈ"},{"$i":"OpNotAllowedDuringVoiceCall","$v":"ਵੌਇਸ ਕਾਲ ਦੌਰਾਨ ਆਪਰੇਸ਼ਨ ਦੀ ਇਜਾਜ਼ਤ ਨਹੀਂ ਹੈ"},{"$i":"SmsSendFailRetry","$v":"SMS ਭੇਜਣਾ ਅਸਫਲ ਰਿਹਾ ਦੁਬਾਰਾ ਕੋਸ਼ਿਸ਼ ਕਰੋ"},{"$i":"SimAbsent","$v":"ਸਿਮ ਮੌਜੂਦ ਨਹੀਂ ਹੈ"},{"$i":"SubscriptionNotAvailable","$v":"ਸਬਸਕ੍ਰਿਪਸ਼ਨ ਉਪਲਬਧ ਨਹੀਂ ਹੈ"},{"$i":"ModeNotSupported","$v":"ਮੋਡ ਸਮਰੱਥਿਤ ਨਹੀਂ"},{"$i":"FdnCheckFailure","$v":"FDN ਅਸਫਲਤਾ ਦੀ ਜਾਂਚ ਕਰੋ"},{"$i":"IllegalSimOrMe","$v":"ਅਵੈਧ ਸਿਮ ਜਾਂ ME"},{"$i":"DialModifiedToUssd","$v":"ਡਾਇਲ ਨੂੰ USSD ਤੇ ਬਦਲਿਆ ਗਿਆ ਹੈ ਹੈ"},{"$i":"DialModifiedToSs","$v":"ਡਾਇਲ ਨੂੰ SS ਤੇ ਬਦਲਿਆ ਗਿਆ ਹੈ"},{"$i":"DialModifiedToDial","$v":"ਡਾਇਲ ਨੂੰ ਡਾਇਲ ਤੇ ਬਦਲਿਆ ਗਿਆ ਹੈ"},{"$i":"UssdModifiedToDial","$v":"USSD ਨੂੰ ਡਾਇਲ ਵਿੱਚ ਸੰਸ਼ੋਧਿਤ ਕੀਤਾ ਗਿਆ"},{"$i":"UssdModifiedToSs","$v":"SS ਨੂੰ USSD ਵਿੱਚ ਸੰਸ਼ੋਧਿਤ ਕੀਤਾ ਗਿਆ"},{"$i":"UssdModifiedToUssd","$v":"USSD ਨੂੰ USSD ਵਿੱਚ ਸੰਸ਼ੋਧਿਤ ਕੀਤਾ ਗਿਆ"},{"$i":"SsModifiedToDial","$v":"SS ਨੂੰ ਡਾਇਲ ਵਿੱਚ ਸੰਸ਼ੋਧਿਤ ਕੀਤਾ ਗਿਆ"},{"$i":"SsModifiedToUssd","$v":"SS ਨੂੰ USSD ਵਿੱਚ ਸੰਸ਼ੋਧਿਤ ਕੀਤਾ ਗਿਆ"},{"$i":"SsModifiedToSs","$v":"SS ਨੂੰ SS ਵਿੱਚ ਸੰਸ਼ੋਧਿਤ ਕੀਤਾ ਗਿਆ"},{"$i":"SubscriptionNotSupported","$v":"ਸਬਸਕ੍ਰਿਪਸ਼ਨ ਸਮਰੱਥਿਤ ਨਹੀਂ ਹੈ"},{"$i":"InvalidParameter","$v":"ਅਵੈਧ ਪੈਰਾਮੀਟਰ"},{"$i":"RejectedByRemote","$v":"ਰਿਮੋਟ ਦੁਆਰਾ ਅਸਵੀਕਾਰ ਕੀਤਾ"},{"$i":"conferenceCall","$v":["ਕਾਨਫਰੰਸ (",{"t":"idOrVar","v":"n"},")"]},{"$i":"caller-left-call","$v":[{"t":"idOrVar","v":"caller"}," ਕਾਲ ਛੱਡ ਦਿੱਤੀ ਹੈ।"]},{"$i":"conferenceAddError","$v":"ਕਾਲ ਮਰਜ ਕਰਨ ਵਿੱਚ ਅਸਮੱਰਥ"},{"$i":"conferenceRemoveError","$v":"ਕਾਲ ਨੂੰ ਅਨਮਰਜ ਕਰਨ ਵਿੱਚ ਅਸਮੱਰਥ"},{"$i":"longDateFormat","$v":"%A, %b %e"},{"$i":"select-audio-sources","$v":"ਆਡੀਓ ਸਰੋਤ ਚੁਣੋ"},{"$i":"bluetooth-handsfree-device","$v":"ਬਲੂਟੁੱਥ ਹੈਂਡਫਰੀ ਡਿਵਾਇਸ"},{"$i":"receiver","$v":"ਪ੍ਰਾਪਤ ਕਰਤਾ"},{"$i":"speaker","$v":"ਸਪੀਕਰ"},{"$i":"tcl-cancel","$v":"ਰੱਦ ਕਰੋ"},{"$i":"tcl-dialer","$v":"ਡਾਇਲਰ"},{"$i":"tcl-confirmation","$v":"ਪੁਸ਼ਟੀਕਰਨ"},{"$i":"log-item","$v":"ਵਿਕਲਪ"},{"$i":"tcl-assign-speed-dial","$v":{"$o":["ਸੰਪਰਕ ਨੂੰ \"",{"t":"idOrVar","v":"speedDial"},"\" ਬਟਨ ਤੇ ਸਪੀਡ ਡਾਇਲ ਵਜੋਂ ਨਹੀਂ ਜੋੜਿਆ ਗਿਆ ਸੀ।<br><br> ਹੁਣ ਅਸਾਇਨ ਕਰਨਾ ਚਾਹੁੰਦੇ ਹੋ?"]}},{"$i":"tcl-assign","$v":"ਅਸਾਈਨ ਕਰੋ"},{"$i":"select","$v":"ਚੁਣੋ"},{"$i":"view-all","$v":"ਸਾਰੇ ਦੇਖੋ"},{"$i":"search-results","$v":"ਸਰਚ ਦੇ ਨਤੀਜੇ"},{"$i":"no-recent-numbers","$v":"ਡਾਇਲ ਕਰਨ ਲਈ ਕਾਲ ਲੌਗ ਵਿੱਚ ਹਾਲ ਹੀ ਦੇ ਕੋਈ ਨੰਬਰ ਨਹੀਂ ਹਨ।"},{"$i":"wifi-calling","$v":"WiFi ਕਾਲਿੰਗ"},{"$i":"dialer-prompt","$v":"ਨੰਬਰ ਡਾਇਲ ਕਰੋ ਜਾਂ ਕਾਲ ਵਿੱਚ ਜੋੜਨ ਲਈ ਸੰਪਰਕ ਚੁਣੋ"},{"$i":"hours","$v":"ਘੰਟੇ"},{"$i":"minutes","$v":"ਮਿੰਟ"},{"$i":"seconds","$v":"ਸੈਕਿੰਡ"},{"$i":"voicemailNoNumberTitle","$v":"ਵੌਇਸਮੇਲ ਨੰਬਰ ਅਣਉਪਲਬਧ ਹੈ"},{"$i":"voicemailNoNumberText","$v":"ਵੌਇਸਮੇਲ ਕਾਲ ਕਰਨ ਵਿੱਚ ਅਸਮੱਰਥ ਕਾੱਲ ਕਰਨ ਲਈ ਵੌਇਸਮੇਲ ਨੰਬਰ ਸੈੱਟ ਕਰੋ।"},{"$i":"voicemailNoNumberSettings","$v":"ਸੈਟਿੰਗਸ"},{"$i":"voicemailNoNumberCancel","$v":"ਰੱਦ ਕਰੋ"},{"$i":"phoneNumberInput","ariaLabel":"ਫੋਨ ਨੰਬਰ"},{"$i":"keypadDelete","ariaLabel":"ਮਿਟਾਓ"},{"$i":"voiceMailKey","ariaLabel":"ਵੌਇਸਮੇਲ"},{"$i":"asterisk","ariaLabel":"ਏਸਟਰਿਸਕ"},{"$i":"hashSign","ariaLabel":"ਹੈਸ਼ ਸਾਈਨ"},{"$i":"loadingSimContacts","$v":"ਸਿਮ ਕਾਰਡ ਸੰਪਰਕ ਲੋਡ ਹੋ ਰਹੇ ਹਨ.."},{"$i":"noContactsWereFound","$v":"ਕੋਈ ਸੰਪਰਕ ਨਹੀਂ ਮਿਲੇ"},{"$i":"noContactsFoundDialogOk","$v":"ਠੀਕ ਹੈ"},{"$i":"emergencyNumber","$v":"ਆਪਾਤਕਾਲੀਨ ਨੰਬਰ"},{"$i":"callAirplaneModeMessage","$v":"ਕਾਲ ਕਰਨ ਲਈ ਤੁਹਾਨੂੰ ਸੈਟਿੰਗਸ ਵਿੱਚ ਜਾ ਕੇ ਏਅਰਪਲੇਨ ਮੋਡ ਨੂੰ ਅਕਿਰਿਆਸ਼ੀਲ ਕਰਨਾ ਪਵੇਗਾ ।"},{"$i":"callAirplaneModeBtnOk","$v":"ਠੀਕ ਹੈ"},{"$i":"callAirplaneModeTitle","$v":"ਏਅਰਪਲੇਨ ਮੋਡ ਸਕਿਰਿਆ ਕੀਤਾ ਗਿਆ"},{"$i":"numberIsBusyTitle","$v":"ਨੰਬਰ ਵਿਅਸਤ ਹੈ"},{"$i":"numberIsBusyMessage","$v":"ਇਸ ਸਮੇਂ ਨੰਬਰ ਵਿਅਸਤ ਹੈ। ਕਿਰਪਾ ਕਰਕੇ ਬਾਅਦ ਵਿੱਚ ਕੋਸ਼ਿਸ਼ ਕਰੋ।"},{"$i":"fdnIsActiveTitle","$v":"FDN ਸਕਿਰਿਆ ਹੈ"},{"$i":"fdnIsActiveMessage","$v":["FDN (ਫਿਕਸਡ ਡਾਇਲਿੰਗ ਨੰਬਰ) ਕਾਰਜਸ਼ੀਲ ਹੈ ਅਤੇ ਹੇਠਾਂ ਦਿੱਤਾ ਗਿਆ ਨੰਬਰ ਤੁਹਾਡੀ FDN ਲਿਸਟ ਵਿੱਚ ਨਹੀਂ ਹੈ: ",{"t":"idOrVar","v":"number"}]},{"$i":"emergencyDialogBodyBadNumber","$v":"ਕਾਲ ਕਰਨ ਲਈ, ਫੋਨ ਨੂੰ ਨੈਟਵਰਕ ਨਾਲ ਕਨੈਕਟ ਕਰਨਾ ਪਵੇਗਾ।"},{"$i":"emergencyDialogBodyDeviceNotAccepted","$v":"ਨੈਟਵਰਕ ਦੁਆਰਾ ਆਪਾਤਕਾਲੀਨ ਕਾਲ ਦੀ ਮਨਜ਼ੂਰੀ ਨਹੀਂ ਦਿੱਤੀ ਗਈ ਹੈ"},{"$i":"emergencyDialogBtnOk","$v":"ਠੀਕ ਹੈ"},{"$i":"emergencyDialogTitle","$v":"ਕੋਈ ਨੈਟਵਰਕ ਕਨੈਕਸ਼ਨ ਨਹੀਂ ਹੈ"},{"$i":"invalidNumberToDialTitle","$v":"ਅਵੈਧ ਫੋਨ ਨੰਬਰ"},{"$i":"invalidNumberToDialMessage","$v":"ਜਿਸ ਫੋਨ ਨੰਬਰ 'ਤੇ ਤੁਸੀਂ ਕਾਲ ਕਰ ਰਹੇ ਹੋ ਉਹ ਵੈਧ ਨਹੀਂ ਹੈ।"},{"$i":"unableToCallTitle","$v":"ਹੁਣ ਫੋਨ ਕਾਲ ਕਰਨ ਵਿੱਚ ਅਸਮੱਰਥ"},{"$i":"unableToCallMessage","$v":"ਕਾਲ ਨਹੀਂ ਕਰ ਸਕਦੇ। ਜੇਕਰ ਤੁਸੀਂ ਪਹਿਲਾਂ ਹੀ ਡਾਇਲ ਕਰ ਰਹੇ ਹੋ, ਤਾਂ ਕਿਰਪਾ ਕਰਕੇ ਪਹਿਲਾਂ ਰੁਕ ਜਾਓ।"},{"$i":"otherConnectionInUseTitle","$v":"ਹੋਰ ਕਨੈਕਸ਼ਨ ਵਰਤੋਂ ਵਿੱਚ ਹੈ"},{"$i":"otherConnectionInUseMessage","$v":"ਤੁਹਾਡੀ ਦੂਜੇ ਕਨੈਕਸ਼ਨ ਤੇ ਇੱਕ ਕਾਲ ਐਕਟਿਵ ਹੈ । ਤੁਸੀਂ ਇੱਕ ਸਮੇਂ ‘ਤੇ ਕੇਵਲ ਇੱਕ ਕਨੈਕਸ਼ਨ ਵਰਤ ਸਕਦੇ ਹੋ।"},{"$i":"tcl-call-log","$v":"ਕਾਲ ਲੌਗ"},{"$i":"tcl-contacts","$v":"ਸੰਪਰਕ"},{"$i":"tcl-call","$v":"ਕਾਲ ਕਰੋ"},{"$i":"tcl-add-contact","$v":"ਮੌਜੂਦਾ ਸੰਪਰਕ ਵਿੱਚ ਜੋੜੋ"},{"$i":"tcl-create-contact","$v":"ਨਵਾਂ ਸੰਪਰਕ ਬਣਾਓ"},{"$i":"tcl-add-speed-dial","$v":"ਸਪੀਡ ਡਾਇਲ ਵਿੱਚ ਜੋੜੋ"},{"$i":"sim-with-index-and-carrier","$v":["SIM ",{"t":"idOrVar","v":"index"}," - ",{"t":"idOrVar","v":"carrier"}]},{"$i":"sim-without-carrier","$v":["SIM ",{"t":"idOrVar","v":"index"}]}]