[{"$i":"confirmMsg","$v":[{"t":"idOrVar","v":"deviceId"}," इति भवतः/भवत्याः सम्पकान्, आह्वाहनेतिहासं प्राप्तुं शक्नोति, अनुमोदति?"]},{"$i":"responseMsg","$v":[{"t":"idOrVar","v":"deviceId"}," इत्यस्य कृते कूटः"]},{"$i":"confirmTitle","$v":"फोनबुक प्राप्तुम् अनुरोधम्"},{"$i":"responseTitle","$v":"ब्लूटूथसत्रं कुंजीपटलमावश्यकम्"},{"$i":"initialValue","$v":"सत्रस्य कूटं लिख्यताम्"},{"$i":"gaia-menu-cancel","$v":"निरस्यताम्"},{"$i":"gaia-sim-picker-dial-via-with-number","$v":["डायल ",{"t":"idOrVar","v":"phoneNumber"}," माध्यमेन डायल करोतु"]},{"$i":"gaia-sim-picker-select-sim","$v":"SIM चीयताम्"},{"$i":"gaia-sim-picker-button","$v":["सिम",{"t":"idOrVar","v":"n"}]},{"$i":"gaia-sim-picker-button-default","$v":"(त्रुटिः)"},{"$i":"softkey-options","$v":"विकल्पाः"},{"$i":"details","countcall":"वार्ता"},{"$i":"edit","$v":"संपाद्यताम्"},{"$i":"cancel","$v":"निरस्यताम्"},{"$i":"done","$v":"कृतम्"},{"$i":"ok","$v":"नुदताम्"},{"$i":"update","$v":"अद्यतनीकरणम्"},{"$i":"retry","$v":"पुनः प्रयस्यताम्"},{"$i":"view","$v":"दृश्यताम्"},{"$i":"search","$v":"अन्विष्यताम्"},{"$i":"contacts","$v":"संपर्काः"},{"$i":"addContact","$v":"संपर्कं युज्यताम्"},{"$i":"deleteContact","$v":"संपर्कं लुप्यताम्"},{"$i":"selectContact","$v":"सम्पर्कं चिनोतु"},{"$i":"selectAll","$v":"सर्वं चिनोतु"},{"$i":"deselect","$v":"निर्वाचनमुक्तं करोतु"},{"$i":"deselectAll","$v":"सकलान् अचिह्नितान् करोतु"},{"$i":"editContact","$v":"संपर्कं संपाद्यताम्"},{"$i":"deleteConfirmMsg","$v":"संपर्कं लुप्यताम्?"},{"$i":"remove","$v":"लुप्यताम्"},{"$i":"delete","$v":"लुप्यताम्"},{"$i":"comments","$v":"टिप्पण्यः"},{"$i":"no_contact_phones","$v":"अस्य संपर्कस्य समीपे फ़ोनसंख्या नास्ति"},{"$i":"no_contact_email","$v":"अस्य संपर्कस्य समीपे ईमेलसंकेतः नास्ति"},{"$i":"no_contact_data","$v":"अस्य संपर्कस्य समीपे फ़ोनसंख्या ईमेलसंकेतः नास्ति"},{"$i":"removePhotoConfirm","$v":"सम्पर्कचित्रमपसारयतु?"},{"$i":"loadingContacts","$v":"सम्पर्काः लोडभवन्ति…"},{"$i":"noContactsActivity2","$v":"भवतः सम्पर्कसूच्यां कोऽपि सम्पर्कः न वर्तते"},{"$i":"noName","$v":"नाम नास्ति"},{"$i":"givenName","$v":"प्रथमनाम"},{"$i":"familyName","$v":"अन्तिमनाम"},{"$i":"tel","$v":"चलभाषः"},{"$i":"carrier","$v":"वाहकः","placeholder":"वाहकः"},{"$i":"separator","$v":","},{"$i":"email","$v":"ई-मेल्"},{"$i":"streetAddress","$v":"वीथी"},{"$i":"postalCode","$v":"जिप कोड"},{"$i":"locality","$v":"नगरम्"},{"$i":"countryName","$v":"देशः"},{"$i":"comment","$v":"टिप्पणी"},{"$i":"org","$v":"संस्था"},{"$i":"date","$v":"दिनांकः","placeholder":"दिनांकः"},{"$i":"date-span-placeholder","$v":"दिनांकः"},{"$i":"birthday","$v":"जन्मदिवसः"},{"$i":"dateFormat","$v":"%b %e"},{"$i":"dateOutput","$v":[{"t":"idOrVar","v":"dayMonthFormatted"}," ",{"t":"idOrVar","v":"year"}]},{"$i":"anniversary","$v":"वार्षिकोत्सवः"},{"$i":"addPhoto","$v":"चित्रं योजयतु"},{"$i":"addPhone","$v":"फोन योजयतु"},{"$i":"addEmail","$v":"ईमेल योजयतु"},{"$i":"addAddress","$v":"पत्रसंकेतः योजयतु"},{"$i":"addDate","$v":"दिनांकः योजयतु"},{"$i":"addComment","$v":"टप्पणीं योजयतु"},{"$i":"addFavorite","$v":"अभिप्सितं योजयतु"},{"$i":"removeFavorite","$v":"प्रियरूपेण अपसारयतु"},{"$i":"addButton","ariaLabel":"युज्यताम्"},{"$i":"editButton","ariaLabel":"संपाद्यताम्"},{"$i":"settingsButton","ariaLabel":"व्यवस्थापनम्"},{"$i":"phoneDetail","ariaLabel":"चलभाषः"},{"$i":"emailDetail","ariaLabel":"ई-मेल्"},{"$i":"addressDetail","ariaLabel":"पत्रसंकेतः"},{"$i":"dateDetail","ariaLabel":"दिनांकः"},{"$i":"composeEmail","ariaLabel":"ई-मेल्"},{"$i":"makeCall","ariaLabel":"वार्ता"},{"$i":"phones","ariaLabel":"दूरभाषाः"},{"$i":"emails","ariaLabel":"ईमेलस"},{"$i":"addresses","ariaLabel":"पत्रसंकेताः"},{"$i":"dates","ariaLabel":"तिथयः"},{"$i":"notes","ariaLabel":"टिप्पणी"},{"$i":"exit","$v":"निष्क्राम्यताम्"},{"$i":"expand","$v":"विस्तारम्"},{"$i":"labelName","$v":"नाम:"},{"$i":"labelLastName","$v":"अन्तिमनाम:"},{"$i":"labelPhoneNumber","$v":"फोनसंख्या:"},{"$i":"labelCarrier","$v":"वाहकः"},{"$i":"labelEmail","$v":"ई-मेल्:"},{"$i":"labelStreet","$v":"वीथी:"},{"$i":"labelZip","$v":"जिप कोड:"},{"$i":"labelCity","$v":"नगरम्:"},{"$i":"labelCountry","$v":"देशः"},{"$i":"labelComment","$v":"टिप्पणी:"},{"$i":"legendTitleMain","$v":"प्रमुखसूचना"},{"$i":"legendPhones","$v":"फोनसंख्या"},{"$i":"legendEmail","$v":"ई-मेलसंकेतः"},{"$i":"legendAddress","$v":"पत्रसंकेतः"},{"$i":"search-contact","placeholder":"अन्विष्यताम्"},{"$i":"noResults","$v":"सम्पर्कं न प्राप्तम्"},{"$i":"transferContactsTitle","$v":"संपर्कस्य स्थानांतरणम्"},{"$i":"importContactsTitle","$v":"आमदानिसम्पर्काः"},{"$i":"importContactsButton","$v":"आमदानिसम्पर्काः"},{"$i":"exportContactsTitle","$v":"आयसम्पर्काः"},{"$i":"exportContactsButton","$v":"आयसम्पर्काः"},{"$i":"exportContactsAction","$v":"आयम्"},{"$i":"simExport-title","$v":"सिम निर्यातं करोतु"},{"$i":"memoryCardExport-title","$v":"मेमोरीकार्डेनिर्यातं करोतु"},{"$i":"btExport-title","$v":"ब्लूटूथे निर्यातं करोतु"},{"$i":"memoryCardUMSEnabled","$v":"मेमोरीकार्डस्य उपयोगः कर्तुं न शक्यते कुतोहि USB संग्रहणः सक्षमः विद्यते"},{"$i":"exportErrorTitle","$v":"आयं त्रुटिः"},{"$i":"contactsExported2","$v":{"zero":"कोऽपि सम्पर्कः निर्यातः न वर्तते","one":[{"t":"idOrVar","v":"exported"},"/",{"t":"idOrVar","v":"total"}," संपर्कं निर्यातं कृतम्"],"two":[{"t":"idOrVar","v":"exported"},"/",{"t":"idOrVar","v":"total"}," संपर्कं निर्यातं कृतम्"],"few":[{"t":"idOrVar","v":"exported"},"/",{"t":"idOrVar","v":"total"}," संपर्कं निर्यातं कृतम्"],"many":[{"t":"idOrVar","v":"exported"},"/",{"t":"idOrVar","v":"total"}," संपर्कं निर्यातं कृतम्"],"other":[{"t":"idOrVar","v":"exported"},"/",{"t":"idOrVar","v":"total"}," संपर्कं निर्यातं कृतम्"]},"$x":[{"t":"idOrVar","v":"plural"},"exported"]},{"$i":"exportError-general","$v":"निर्यातसमये कापि त्रुटिः जाता"},{"$i":"exportError-SD-shared","$v":"मेमोरीकार्डएक्सेस कर्तुं नार्हति कुतोहि इदं शेयरमभवत्"},{"$i":"exportError-SD-unavailable","$v":"मेमोरी कार्ड उपलब्धं नास्ति"},{"$i":"exportError-SD-noSpace","$v":"संपर्कान् निर्यातकर्तुं मेमोरीकार्डमध्ये पर्याप्तस्थानं नास्ति"},{"$i":"exportError-SIM-unavailable","$v":"सिमकार्ड उपलब्धं नास्ति"},{"$i":"exportError-BT-shared","$v":"मेमोरीकार्डएक्सेस कर्तुं नार्हति कुतोहि इदं शेयरमभवत्"},{"$i":"exportError-BT-unavailable","$v":"मेमोरी कार्ड उपलब्धं नास्ति"},{"$i":"exportError-BT-noSpace","$v":"संपर्कान् निर्यातकर्तुं मेमोरीकार्डमध्ये पर्याप्तस्थानं नास्ति"},{"$i":"social-network","$v":"सामाजिकनेटवर्कम्"},{"$i":"social-link","$v":"लिंकसंपर्कम्"},{"$i":"social-unlink","$v":"संपर्कम् अनलिंकं करोतु"},{"$i":"social-unlink-confirm-title","$v":"किं भवान् स्वमित्रम् अनलिंककर्तुमिच्छति?"},{"$i":"social-unlink-confirm-accept","$v":"लिंकमुक्तम्"},{"$i":"facebook-import","$v":"आमदानिफेसबुकमित्राणि"},{"$i":"show-fb-profile","$v":"फेसबुकस्य प्रोफ़ाइलं पश्यतु"},{"$i":"msg-send","$v":"संदेशः"},{"$i":"wall-post","$v":"वाल पोस्ट"},{"$i":"share-contact","$v":"सम्पर्कं शेयरं करोतु"},{"$i":"facebook-export-forbidden","$v":"फेसबुकबाधाकारणेन संपर्कं शेयरकर्तुं न शक्यते।"},{"$i":"otherAccount","$v":"अन्य अकाउंट"},{"$i":"facebookSwitchMsg","$v":"मित्राणि समन्वयितं करोतु"},{"$i":"select_mobile","$v":"मोबाइलं चिनोतु"},{"$i":"select_email","$v":"ईमेल चिनोतु"},{"$i":"select_recipient","$v":"प्राप्तकर्ता चिनोतु"},{"$i":"sort-by-first-name","$v":"प्रथमनाम्नः आधारेण क्रमबद्धं करोतु"},{"$i":"sort-by-last-name","$v":"अन्तिमनाम्नः आधारेण क्रमबद्धं करोतु"},{"$i":"importSim2","$v":"SIM कार्ड"},{"$i":"importGmail","$v":"Gmail"},{"$i":"bluetooth","$v":"ब्लूटूथ्"},{"$i":"importOutlook","$v":"आउटलुक"},{"$i":"fbUpdateFriends","$v":"आयातितमित्रम् अपडेट करोतु"},{"$i":"cleaningFbData","$v":"पफेसबुकतथ्यम् अपसारयतु"},{"$i":"loggingOutFb","$v":"फेसबुकद्वारा प्रवेशकरणम्"},{"$i":"cleanFbConfirmMsg","$v":"फेसबुकस्य सर्वाणि तथ्यानि अपसारयतु?"},{"$i":"renewPwdMsg","$v":"फेसबुके भवतः पासवर्ड परिवर्तितम् । कृपया, एतद् अपडेट करोतु।"},{"$i":"notEnabledYet","$v":"एतावत् पर्यन्तं सक्षमो नास्ति"},{"$i":"genericNoConnection","$v":"संपर्कायातकर्तुं वाई-फ़ाई यद्वा डेटानेटवर्केन संयुक्तं करोतु"},{"$i":"bluetoothNoConnection","$v":"सम्पर्कानां निर्यातं कर्तुं ब्लूटूथ-उपकरणेन सह संयोज्यताम्।"},{"$i":"simCard","$v":"SIM कार्ड"},{"$i":"memoryCard","$v":"मेमोरीकार्ड"},{"$i":"simNumberNoMSISDN","$v":["सिम ",{"t":"idOrVar","v":"number"},":"]},{"$i":"simNumberWithMSISDN","$v":["सिम ",{"t":"idOrVar","v":"number"},": ",{"t":"idOrVar","v":"msisdn"}]},{"$i":"ICEContactsGroup","$v":"ICE सम्पर्काः"},{"$i":"setICEButton","$v":"ICE संपर्कं व्यवस्थापयतु"},{"$i":"ICESettingTitle","$v":"ICE सम्पर्काः"},{"$i":"ICEDescription","$v":"\"आपातकालीनकॉलविषये\" निर्मातुं पञ्च सम्पर्कान् योजयतु।"},{"$i":"ICEContact1","$v":"ICE संपर्कः 1"},{"$i":"tcl-ice-contact-1-added","$v":"ICE संपर्कः 1 योजितम्"},{"$i":"ICESelectContact","$v":"सम्पर्कमेकं चिनोतु"},{"$i":"ICEContact2","$v":"ICE संपर्कः 2"},{"$i":"tcl-ice-contact-2-added","$v":"ICE संपर्कः 2 योजितम्"},{"$i":"ICERepeatedContact","$v":"संपर्कमिदं पूर्वतः एव विद्यनाम् ICE संपर्कोऽस्ति"},{"$i":"ICEUnknownError","$v":"संपर्कं ICE रूपेण व्यवस्थापितुं त्रुटिः जाता"},{"$i":"ICEContactNoNumber","$v":"अस्य संपर्कस्य समीपे फ़ोनसंख्या नास्ति"},{"$i":"ICEFacebookContactNotAllowed","$v":"फेसबुकसंपर्कान् ICE संपर्करूपेण व्यवस्थितुं न शक्यते"},{"$i":"ICEContactDelTel","$v":"अपसारितफोनसंख्याः ICE सम्पर्कतः अपमर्जितम्"},{"$i":"ICEContactDelTelAll","$v":"सर्वा संख्या डिलिटकृता । सम्पर्कोऽयं ICE सम्पर्केभ्यः स्थानान्तरितः।"},{"$i":"delete-ice-contact-warning","$v":"किं भवान् निश्चयेन ICE संपर्कं अपसारितकर्तुमिच्छति ?"},{"$i":"add","$v":"युज्यताम्"},{"$i":"no-contacts","$v":"सम्पर्कः नास्ति"},{"$i":"start-adding","$v":"संपर्कं योजितुं नूतनं संपर्कं नोदयतु।"},{"$i":"notImported","$v":"आयातं न कृतम्"},{"$i":"imported","$v":"आयातिता"},{"$i":"today","$v":"अद्य"},{"$i":"yesterday","$v":"ह्यः"},{"$i":"messageCanceling","$v":"कृपया तिष्ठतु। वयं प्रारब्धापरेशनं अपसारयामः।"},{"$i":"organise-contacts","$v":"संपर्कं व्यवस्थितं करोतु"},{"$i":"find-merge-contacts","$v":"डुप्लिकेट संपर्कं अन्वेषयतु"},{"$i":"preparing-contacts","$v":"सम्पर्काः प्रस्तुतं भवन्ति"},{"$i":"exportError-SIM-NoFreeRecordFound","$v":"SIM कार्ड पूर्णम्"},{"$i":"exportError-SIM-CannotAccessPhoneBook","$v":"सिम कार्डस्य फोनबुक एक्सेस कर्तुं न शक्यते"},{"$i":"exportError-SIM-Unavailable","$v":"सिम न प्राप्तम्"},{"$i":"exportError-SIM-GenericError","$v":"सम्पर्कनिर्यातकरणसमये त्रुटिः जाता"},{"$i":"noSimMsgExport","$v":"संपर्कान् निर्यातकर्तुं स्वसिमकार्ड स्थापयतु या अनलॉक करोतु"},{"$i":"noMemoryCardMsgExport","$v":"संपर्कान् निर्यातकर्तुं एकमेमोरीकार्ड स्थापयतु"},{"$i":"ContactManagementTitle","$v":"संपर्कप्रबंधनम्"},{"$i":"DeleteTitle","$v":"लुप्यताम्"},{"$i":"bulkDeleteButton","$v":"संपर्कान् लुप्यताम्"},{"$i":"BulkDelCancel","$v":"सम्पर्काणाम् अपाकरणं निरस्तम्"},{"$i":"DeletedTxt","$v":{"zero":"अपसारितुं सम्पर्कं नास्ति","one":"1 सम्पर्कः स्थानान्तरितम्","two":[{"t":"idOrVar","v":"n"}," संपर्कम् अपसारिम्"],"few":[{"t":"idOrVar","v":"n"}," संपर्कम् अपसारिम्"],"many":[{"t":"idOrVar","v":"n"}," संपर्कम् अपसारिम्"],"other":[{"t":"idOrVar","v":"n"}," संपर्कम् अपसारिम्"]},"$x":[{"t":"idOrVar","v":"plural"},"n"]},{"$i":"DeletingContacts","$v":"सम्पर्कान् अपमर्जति"},{"$i":"ContactConfirmDel","$v":{"zero":"अपसारितुं सम्पर्कं नास्ति","one":"1 सम्पर्कम् अपाकरोति? एतत् पुनर्प्राप्तुं न शक्यते।","two":[{"t":"idOrVar","v":"n"}," सम्पर्कान् अपाकरोति? एतत् पुनर्प्राप्तुं न शक्यते।"],"few":[{"t":"idOrVar","v":"n"}," सम्पर्कान् अपाकरोति? एतत् पुनर्प्राप्तुं न शक्यते।"],"many":[{"t":"idOrVar","v":"n"}," सम्पर्कान् अपाकरोति? एतत् पुनर्प्राप्तुं न शक्यते।"],"other":[{"t":"idOrVar","v":"n"}," सम्पर्कान् अपाकरोति? एतत् पुनर्प्राप्तुं न शक्यते।"]},"$x":[{"t":"idOrVar","v":"plural"},"n"]},{"$i":"SelectedTxt","$v":{"zero":[{"t":"idOrVar","v":"n"}," चयनितम्"],"one":[{"t":"idOrVar","v":"n"}," चयनितम्"],"two":[{"t":"idOrVar","v":"n"}," चयनितम्"],"few":[{"t":"idOrVar","v":"n"}," चयनितम्"],"many":[{"t":"idOrVar","v":"n"}," चयनितम्"],"other":[{"t":"idOrVar","v":"n"}," चयनितम्"]},"$x":[{"t":"idOrVar","v":"plural"},"n"]},{"$i":"video","$v":"दृश्यः"},{"$i":"audio","$v":"श्रव्यः"},{"$i":"pick_destination","$v":[{"t":"idOrVar","v":"destination"}," ",{"t":"idOrVar","v":"carrier"}]},{"$i":"removeField","ariaLabel":"लुप्यताम्"},{"$i":"undo","ariaLabel":"पूर्ववत्कुर्यताम्"},{"$i":"send-sms-button","ariaLabel":"SMS"},{"$i":"ice_contacts","$v":"ICE सम्पर्काः"},{"$i":"edit-picture","$v":"चित्रं सम्पादनीयम्"},{"$i":"remove-photo","$v":"चित्रम् अपाकरोतु"},{"$i":"change-photo","$v":"चित्रं परिवर्तयतु"},{"$i":"photo-options","$v":"चित्रस्य विकल्पम्"},{"$i":"tcl-all","$v":"सर्वम्"},{"$i":"tcl-speed-dial","$v":"त्वरिदाह्वाहनम्"},{"$i":"tcl-new-contact","$v":"नूतनसम्पर्कः"},{"$i":"tcl-settings","$v":"व्यवस्थापनम्"},{"$i":"tcl-save","$v":"संरक्षितम्"},{"$i":"save","$v":"संरक्षितम्"},{"$i":"tcl-add","$v":"युज्यताम्"},{"$i":"tcl-contact-add-ringtone","$v":"रिंगटोन योजयतु"},{"$i":"tcl-custom-dialog-title-default","$v":"अनुमोदनम्"},{"$i":"confirm-dialog-title-default","$v":"अनुमोदनम्"},{"$i":"discard","$v":"विसर्ज्यताम्"},{"$i":"custom-tag-title","$v":"कस्टम टैग"},{"$i":"tcl-contact-added","$v":"सम्पर्कः संयुक्तः"},{"$i":"tcl-contact-updated","$v":"सम्पर्कविवरणम् अपडेटकृतम्"},{"$i":"tcl-contact-removed","$v":"सम्पर्कमपसारितम्"},{"$i":"tcl-contact-unremoved","$v":"अपसारितुम् असमर्थम्"},{"$i":"edit-phone-type","$v":"दूरभाषः प्रकारः सम्पादनीयः"},{"$i":"edit-email-type","$v":"ई-मेलप्रकारः सम्पादनीयः"},{"$i":"edit-address-type","$v":"पत्रसंकेतः प्रकारः सम्पादनीयः"},{"$i":"edit-date-type","$v":"तिथिप्रकारः सम्पादनीयः"},{"$i":"tcl-select-phone-type","$v":"फोनप्रकारं चिनोतु"},{"$i":"tcl-select-email-type","$v":"ईमेलप्रकारं चिनोतु"},{"$i":"tcl-select-address-type","$v":"संकेतप्रकारं चिनोतु"},{"$i":"tcl-select-date-type","$v":"तिथिप्रकारं चिनोतु"},{"$i":"add-phone","$v":"फोनसंख्या योजयतु"},{"$i":"add-email","$v":"ईमेल योजयतु"},{"$i":"add-address","$v":"पत्रसंकेतः योजयतु"},{"$i":"add-date","$v":"दिनांकः योजयतु"},{"$i":"add-phone-type","$v":"फोनप्रकारः"},{"$i":"add-email-type","$v":"ई-मेल प्रकारः"},{"$i":"add-address-type","$v":"पत्रसंकेतप्रकारः"},{"$i":"add-date-type","$v":"तिथि-प्रकारः"},{"$i":"delete-phone","$v":"फोनसंख्या अपमर्जतु"},{"$i":"delete-email","$v":"ई-मेल अपमर्जतु"},{"$i":"delete-address","$v":"पत्रसंकेतः अपमर्जतु"},{"$i":"delete-date","$v":"तिथिः अपमर्जतु"},{"$i":"delete-note","$v":"नोट अपमर्जतु"},{"$i":"delete-comment-warning","$v":"किं भवान् निश्चयेन नोट डिलिटकर्तुमिच्छति?"},{"$i":"tcl-deleting-messages-phone","$v":["किं भवान् निश्चयेन दूरभाषं डिलिटकर्तुमिच्छति : \"",{"t":"idOrVar","v":"type_name"},"\"?"]},{"$i":"tcl-deleting-messages-email","$v":["किं भवान् निश्चयेन ईमेल डिलिटकर्तुमिच्छति : \"",{"t":"idOrVar","v":"type_name"},"\"?"]},{"$i":"tcl-deleting-messages-address","$v":["किं भवान् निश्चयेन पत्रसंकेतं डिलिटकर्तुमिच्छति : \"",{"t":"idOrVar","v":"type_name"},"\"?"]},{"$i":"tcl-deleting-messages-date","$v":"किं भवान् निश्चयेन दिनांकं डिलिटकर्तुमिच्छति?"},{"$i":"deleting-message-warning","$v":["किं भवान् निश्चयेन \"",{"t":"idOrVar","v":"type_name"},"\" इत्येतत् डिलिटकर्तुमिच्छति?"]},{"$i":"tcl-deleting-messages-comment","$v":"किं भवान् निश्चयेन टिप्पणी डिलिटकर्तुमिच्छति?"},{"$i":"delecting-messages-contact","$v":["किं भवान् निश्चयेन सम्पर्कं \"",{"t":"idOrVar","v":"type_name"},"\" डिलिटकर्तुमिच्छति?"]},{"$i":"delecting-this-contact","$v":"इमं सम्पर्कम् अपमर्जतु?"},{"$i":"deleting-messages-ringtone","$v":"किं भवान् निश्चयेन रिंगटोन डिलिटकर्तुमिच्छति?"},{"$i":"deleting-messages-picture","$v":"किं भवान् निश्चयेन चित्रम् अपसारितुं कर्तुमिच्छति?"},{"$i":"tcl-deleting-notification-ringtone","$v":"रिंगटोनम् अपसारितम्"},{"$i":"tcl-deleting-notification-comment","$v":"टिप्पणी अपसारितम्"},{"$i":"note","$v":"टिप्पणीः"},{"$i":"address","$v":"पत्रसंकेतः"},{"$i":"tcl-noContacts","$v":"संपर्के योजयितुं न शक्यते कुतोहि भवतः सम्पर्कसूचिः रिक्ता विद्यते"},{"$i":"tcl-noContacts-no-email","$v":"ईमेलसहितं संपर्करूपेण संपर्के योजयितुं न शक्यते"},{"$i":"tcl-noContacts-no-tel","$v":"फोनसंख्यासहितं संपर्करूपेण संपर्के योजयितुं न शक्यते"},{"$i":"tcl-noContactsTitle","$v":"सम्पर्कः नास्ति"},{"$i":"tcl-change-voice-mail","$v":"वॉयसमेलसंख्या परिवर्तयतु"},{"$i":"tcl-replace","$v":"परिवर्त्यताम्"},{"$i":"tcl-remove-speed-dial","$v":"त्वरिदाह्वाहनात् अपाकरोतु"},{"$i":"tcl-notification-speed-dial-added","$v":"स्पीड डायल नंबरयुक्तम्"},{"$i":"tcl-notification-speed-dial-removed","$v":"स्पीड डायल नंबरम् अपसारितम्"},{"$i":"tcl-notification-speed-dial-updated","$v":"स्पीड डायल नंबरं साम्प्रतकालकं कृतम्"},{"$i":"tcl-notification-voice-mail-updated","$v":"वॉयस मेल नंबरं अद्यतनं करणीयम्"},{"$i":"tcl-notification-contact-assigned","$v":"स्पीडडायलसहितं सम्पर्कं करोतु"},{"$i":"empty","$v":"रिक्तम्"},{"$i":"tcl-voice-mail","$v":"ध्वनि-वि-पत्रम्"},{"$i":"contact-confirm-save","$v":"सम्पर्कस्य सूचनाः निष्क्रियाः भविष्यन्ति। एनं सम्पर्कं निश्चयेन रक्षितुम् इच्छति?"},{"$i":"contact-confirm-form-save","$v":"परिवर्तनस्य अपसारणं भविष्यति । किं भवान् सम्पर्कोऽयं संरक्षितुमिच्छति?"},{"$i":"tcl-yes","$v":"भवतु"},{"$i":"tcl-no","$v":"मा भवतु"},{"$i":"tcl-default-ringtone","$v":"उत्सर्गः रवः"},{"$i":"tcl-add-ringtone","$v":"रवाः"},{"$i":"tcl-ringtone","$v":"रवः"},{"$i":"change-ringtone","$v":"रिंगटोन परिवर्तयतु"},{"$i":"delete-ringtone","$v":"रिंगटन अपमर्जतु"},{"$i":"tcl-settings-title","$v":"संपर्क सेटिंग्स"},{"$i":"settings-sort-contacts-title","$v":"सम्पर्कान् संक्षिप्तं करोतु"},{"$i":"tcl-oder-notification","$v":"परिवर्तनानि सुरक्षितानि"},{"$i":"changes-saved-notification","$v":"परिवर्तनानि रक्षितानि।"},{"$i":"tcl-imported-status","$v":["आयातितं ",{"t":"idOrVar","v":"n"}," संपर्कं ",{"t":"idOrVar","v":"numDups"}," संपर्कान् मर्ज़कृतम्"]},{"$i":"tcl-on","$v":"सक्रियम्"},{"$i":"tcl-off","$v":"निष्क्रमणम्"},{"$i":"on","$v":"सक्रियम्"},{"$i":"off","$v":"निष्क्रमणम्"},{"$i":"tcl-contact-empty-number","$v":"फोनसंख्याया अभावः"},{"$i":"contact-no-dial-number","$v":"कापि प्रवेशितफोनसंख्या नास्ति।"},{"$i":"tcl-select-number","$v":"संख्या चिनोतु"},{"$i":"tcl-select-email","$v":"ईमेल चिनोतु"},{"$i":"select-email","$v":"ईमेल चिनोतु"},{"$i":"tcl-send-message","$v":"सन्देशं प्रेषयतु"},{"$i":"send-email","$v":"ईमेल प्रेषयतु"},{"$i":"tcl-share","$v":"सभाज्यताम्"},{"$i":"tcl-find-duplicate","$v":"डुप्लिकेट संपर्कं अन्वेषयतु"},{"$i":"tcl-add-favorite","$v":"अभिप्सितं योजयतु"},{"$i":"tcl-remove-favorite","$v":"अप्रियः"},{"$i":"tcl-link-social-networks","$v":"सामाजिकनेटवर्कसहितं लिंक"},{"$i":"tcl-delete","$v":"लुप्यताम्"},{"$i":"tcl-detail-send-sms","$v":"नूतनः SMS"},{"$i":"tcl-detail-call","$v":"वार्ता"},{"$i":"tcl-detail-send-email","$v":"रचयिता"},{"$i":"sms","$v":"संदेशः"},{"$i":"tcl-search-contact","$v":"अन्विष्यताम्"},{"$i":"tcl-number","$v":["संख्या ",{"t":"idOrVar","v":"number"}]},{"$i":"tcl-custom-dialog-replace-speed-dial","$v":[{"t":"idOrVar","v":"oldSpeedDial"}," इत्येतत् त्वरिदाह्वाहनं ",{"t":"idOrVar","v":"newSpeedDial"}," इत्यनेन परिवर्तयितुं दृढमनाः अस्ति खलु?"]},{"$i":"custom-dialog-remove-speed-dial","$v":["त्वरिदाह्वाहनात् ",{"t":"idOrVar","v":"name"}," अपाकरणे दृढमनाः अस्ति खलु?"]},{"$i":"tcl-options","$v":"विकल्पाः"},{"$i":"tcl-success-merged","$v":[{"t":"idOrVar","v":"number"}," संपर्काः मर्जकृतन्"]},{"$i":"tcl-contact-confirm-merge","$v":["किं भवान् निश्चयेन ",{"t":"idOrVar","v":"count"}," सम्पर्कान् मर्जकर्तुमिच्छति ",{"t":"idOrVar","v":"name"}," सह?"]},{"$i":"tcl-merge","$v":"मिश्रणम्"},{"$i":"add-speed-dial-failed-title","$v":"स्पीडडायलयोजनं विफलम्"},{"$i":"add-speed-dial-failed-content","$v":[{"t":"idOrVar","v":"name"}," स्पीडडायलमध्ये पूर्वमेव विद्यमानमस्ति, कृपया अपरसंपर्कं चिनोतु।"]},{"$i":"merge","$v":"मिश्रणम्"},{"$i":"tcl-attention","$v":"सावधानः"},{"$i":"attention","$v":"सावधानः"},{"$i":"tcl-speed-dial-add-contact","$v":{"$o":"कोऽपि संपर्कः नास्ति । <br> <br> कृपया संपर्कं निर्मायतु।"}},{"$i":"tcl-voice-mail-header","$v":"ध्वनि-वि-पत्रम्"},{"$i":"tcl-voice-mail-number","$v":"ध्वनि-वि-पत्रस्य क्रमाङ्कः"},{"$i":"tcl-select-all","$v":"सर्वं चिनोतु"},{"$i":"tcl-deselect-all","$v":"सकलान् अचिह्नितान् करोतु"},{"$i":"systemring","$v":"रवः"},{"$i":"moremusic","$v":"संगीतः"},{"$i":"tcl-add-ringselect","$v":"तः चिनोतु"},{"$i":"type-select","$v":"चिनोतु"},{"$i":"dialnum-view","$v":"दृश्यताम्"},{"$i":"select-a-contact-title","$v":"सम्पर्कमेकं चिनोतु"},{"$i":"select-a-number-title","$v":"संख्या एका चिनोतु"},{"$i":"invalid-vcf-file","$v":"अवैधं वीसीएफ फाइल"},{"$i":"voiceMail","$v":"ध्वनिसन्देशः"},{"$i":"back","$v":"पृष्ठे"},{"$i":"noSimMsg","$v":"संपर्कायातकर्तुं स्वकीय सिमकार्ड स्थापयतु यद्वा अनलॉक करोतु"},{"$i":"noMemoryCardMsg","$v":"संपर्कायातकर्तुं एकमेमोरीकार्ड स्थापयतु"},{"$i":"importMemoryCard","$v":"मेमोरीकार्ड"},{"$i":"noConnection11","$v":"फेसबुक मित्राणि यद्वा संपर्कानि वाई-फाई यद्वा डेटानेटवर्केन संयुक्तकर्तुम् आयातं करोतु"},{"$i":"emptyAccount","$v":"अस्मिन् अकाउंटे किमपि मित्रं सम्पर्कं च नास्ति।"},{"$i":"simContacts-import","$v":"आमदानिसिमसम्पर्काः"},{"$i":"simContacts-importing","$v":"सिम कार्डतः संपर्कमायातं करणीयम्"},{"$i":"simContacts-reading","$v":"सिमकार्डतः संपर्कान् पठति ..."},{"$i":"simContacts-error","$v":"सिमतः संपर्कान्नायातकर्तुं नाशक्नोत्"},{"$i":"simContacts-imported3","$v":{"zero":"आयातकर्तुं सिममध्ये कोऽपि सम्पर्को न प्राप्तः","one":"आयातितमेकं संपर्कम्","two":["आयातितं ",{"t":"idOrVar","v":"n"}," संपर्कम्"],"few":["आयातितं ",{"t":"idOrVar","v":"n"}," संपर्कम्"],"many":["आयातितं ",{"t":"idOrVar","v":"n"}," संपर्कम्"],"other":["आयातितं ",{"t":"idOrVar","v":"n"}," संपर्कम्"]},"$x":[{"t":"idOrVar","v":"plural"},"n"]},{"$i":"memoryCardContacts-import","$v":"मेमोरीकार्डतः सम्पर्कामदानिं करोतु"},{"$i":"memoryCardContacts-importing","$v":"मेमोरी कार्डतः संपर्कमायातं करोति …"},{"$i":"memoryCardContacts-reading","$v":"मेमोरीकार्डतः संपर्कान् पठति ..."},{"$i":"memoryCardContacts-error","$v":"आयं नाभवत् मेमोरीकार्डं प्रति सम्पर्कं करोतु"},{"$i":"memoryCardContacts-imported3","$v":{"zero":"आयातकर्तुं मेमोरिकार्डमध्ये कोऽपि सम्पर्को न प्राप्तः","one":"आयातितमेकं संपर्कम्","two":["आयातितं ",{"t":"idOrVar","v":"n"}," संपर्कम्"],"few":["आयातितं ",{"t":"idOrVar","v":"n"}," संपर्कम्"],"many":["आयातितं ",{"t":"idOrVar","v":"n"}," संपर्कम्"],"other":["आयातितं ",{"t":"idOrVar","v":"n"}," संपर्कम्"]},"$x":[{"t":"idOrVar","v":"plural"},"n"]},{"$i":"genericProgress","$v":[{"t":"idOrVar","v":"current"},"/",{"t":"idOrVar","v":"total"}]},{"$i":"facebook","$v":"फेसबुक"},{"$i":"facebook-import-msg2","$v":[{"t":"idOrVar","v":"imported"},"/",{"t":"idOrVar","v":"total"}," मित्रमातितम्"]},{"$i":"contactsMerged","$v":{"zero":"किमपि डुप्लिकेटसम्पर्कं नापसारितम्","one":"एकं डुप्लिकेटसंपर्कं मर्जकृतम्","two":[{"t":"idOrVar","v":"numDups"}," संपर्कान् मिलनकृतम्"],"few":[{"t":"idOrVar","v":"numDups"}," संपर्कान् मिलनकृतम्"],"many":[{"t":"idOrVar","v":"numDups"}," संपर्कान् मिलनकृतम्"],"other":[{"t":"idOrVar","v":"numDups"}," संपर्कान् मिलनकृतम्"]},"$x":[{"t":"idOrVar","v":"plural"},"numDups"]},{"$i":"weekday-0-long","$v":"रविवासरः"},{"$i":"weekday-1-long","$v":"सोमवासरः"},{"$i":"weekday-2-long","$v":"मङ्गलवासरः"},{"$i":"weekday-3-long","$v":"बुधवासरः"},{"$i":"weekday-4-long","$v":"गुरुवासरः"},{"$i":"weekday-5-long","$v":"शुक्रवासरः"},{"$i":"weekday-6-long","$v":"शनिवासरः"},{"$i":"weekday-0-short","$v":"रविः"},{"$i":"weekday-1-short","$v":"सोम"},{"$i":"weekday-2-short","$v":"मंगलवारः"},{"$i":"weekday-3-short","$v":"मेल करनम्"},{"$i":"weekday-4-short","$v":"गुरुवारः"},{"$i":"weekday-5-short","$v":"शुक्र"},{"$i":"weekday-6-short","$v":"उपवेशितम्"},{"$i":"month-0-long","$v":"जनवरी"},{"$i":"month-1-long","$v":"फरवरी"},{"$i":"month-2-long","$v":"मार्च"},{"$i":"month-3-long","$v":"अप्रैल"},{"$i":"month-4-long","$v":"मई"},{"$i":"month-5-long","$v":"जून"},{"$i":"month-6-long","$v":"जुलाई"},{"$i":"month-7-long","$v":"अगस्त"},{"$i":"month-8-long","$v":"सितम्बरः"},{"$i":"month-9-long","$v":"अक्टूबरः"},{"$i":"month-10-long","$v":"नवम्बरः"},{"$i":"month-11-long","$v":"दिसम्बरः"},{"$i":"month-0-genitive","$v":"जनवरी"},{"$i":"month-1-genitive","$v":"फरवरी"},{"$i":"month-2-genitive","$v":"मार्च"},{"$i":"month-3-genitive","$v":"अप्रैल"},{"$i":"month-4-genitive","$v":"मई"},{"$i":"month-5-genitive","$v":"जून"},{"$i":"month-6-genitive","$v":"जुलाई"},{"$i":"month-7-genitive","$v":"अगस्त"},{"$i":"month-8-genitive","$v":"सितम्बरः"},{"$i":"month-9-genitive","$v":"अक्टूबरः"},{"$i":"month-10-genitive","$v":"नवम्बरः"},{"$i":"month-11-genitive","$v":"दिसम्बरः"},{"$i":"month-0-short","$v":"जनवरी"},{"$i":"month-1-short","$v":"फेव"},{"$i":"month-2-short","$v":"मार्च"},{"$i":"month-3-short","$v":"अप्रैल"},{"$i":"month-4-short","$v":"मई"},{"$i":"month-5-short","$v":"जनवरी"},{"$i":"month-6-short","$v":"जुलाई"},{"$i":"month-7-short","$v":"अगस्त"},{"$i":"month-8-short","$v":"सितम्बरः"},{"$i":"month-9-short","$v":"अक्टूबरः"},{"$i":"month-10-short","$v":"नवम्बरः"},{"$i":"month-11-short","$v":"डीईसी"},{"$i":"minutes-ago-long","$v":{"zero":"अधुना","one":"एकमिनट पूर्वम्","two":[{"t":"idOrVar","v":"value"}," मिनिटपूर्वम्"],"few":[{"t":"idOrVar","v":"value"}," मिनिटपूर्वम्"],"many":[{"t":"idOrVar","v":"value"}," मिनिटपूर्वम्"],"other":[{"t":"idOrVar","v":"value"}," मिनिटपूर्वम्"]},"$x":[{"t":"idOrVar","v":"plural"},"value"]},{"$i":"hours-ago-long","$v":{"zero":"अधुना","one":"एकघंटा पूर्वम्","two":[{"t":"idOrVar","v":"value"}," घटिकापूर्वम्"],"few":[{"t":"idOrVar","v":"value"}," घटिकापूर्वम्"],"many":[{"t":"idOrVar","v":"value"}," घटिकापूर्वम्"],"other":[{"t":"idOrVar","v":"value"}," घटिकापूर्वम्"]},"$x":[{"t":"idOrVar","v":"plural"},"value"]},{"$i":"days-ago-long","$v":{"zero":"अद्य","one":"ह्यः","two":[{"t":"idOrVar","v":"value"}," दिनपूर्वम्"],"few":[{"t":"idOrVar","v":"value"}," दिनपूर्वम्"],"many":[{"t":"idOrVar","v":"value"}," दिनपूर्वम्"],"other":[{"t":"idOrVar","v":"value"}," दिनपूर्वम्"]},"$x":[{"t":"idOrVar","v":"plural"},"value"]},{"$i":"weeks-ago-long","$v":{"zero":"अस्मिन् सप्ताहे","one":"ह्यः सप्ताहे","two":[{"t":"idOrVar","v":"value"}," सप्ताहपूर्वम्"],"few":[{"t":"idOrVar","v":"value"}," सप्ताहपूर्वम्"],"many":[{"t":"idOrVar","v":"value"}," सप्ताहपूर्वम्"],"other":[{"t":"idOrVar","v":"value"}," सप्ताहपूर्वम्"]},"$x":[{"t":"idOrVar","v":"plural"},"value"]},{"$i":"months-ago-long","$v":{"zero":"अस्मिन् मासे","one":"ह्यः मासे","two":[{"t":"idOrVar","v":"value"}," मासपूर्वम्"],"few":[{"t":"idOrVar","v":"value"}," मासपूर्वम्"],"many":[{"t":"idOrVar","v":"value"}," मासपूर्वम्"],"other":[{"t":"idOrVar","v":"value"}," मासपूर्वम्"]},"$x":[{"t":"idOrVar","v":"plural"},"value"]},{"$i":"years-ago-long","$v":{"zero":"अस्मिन् वर्षे","one":"ह्यः वर्षे","two":[{"t":"idOrVar","v":"value"}," वर्षपूर्वम्"],"few":[{"t":"idOrVar","v":"value"}," वर्षपूर्वम्"],"many":[{"t":"idOrVar","v":"value"}," वर्षपूर्वम्"],"other":[{"t":"idOrVar","v":"value"}," वर्षपूर्वम्"]},"$x":[{"t":"idOrVar","v":"plural"},"value"]},{"$i":"minutes-until-long","$v":{"zero":"अधुना","one":"एकमिनटमध्ये","two":[{"t":"idOrVar","v":"value"}," निमेषात्मके"],"few":[{"t":"idOrVar","v":"value"}," निमेषात्मके"],"many":[{"t":"idOrVar","v":"value"}," निमेषात्मके"],"other":[{"t":"idOrVar","v":"value"}," निमेषात्मके"]},"$x":[{"t":"idOrVar","v":"plural"},"value"]},{"$i":"hours-until-long","$v":{"zero":"अधुना","one":"एकघंटात्मके","two":[{"t":"idOrVar","v":"value"}," घंटात्मके"],"few":[{"t":"idOrVar","v":"value"}," घंटात्मके"],"many":[{"t":"idOrVar","v":"value"}," घंटात्मके"],"other":[{"t":"idOrVar","v":"value"}," घंटात्मके"]},"$x":[{"t":"idOrVar","v":"plural"},"value"]},{"$i":"days-until-long","$v":{"zero":"अद्य","one":"श्वः","two":[{"t":"idOrVar","v":"value"}," दिनात्मके"],"few":[{"t":"idOrVar","v":"value"}," दिनात्मके"],"many":[{"t":"idOrVar","v":"value"}," दिनात्मके"],"other":[{"t":"idOrVar","v":"value"}," दिनात्मके"]},"$x":[{"t":"idOrVar","v":"plural"},"value"]},{"$i":"weeks-until-long","$v":{"zero":"अस्मिन् सप्ताहे","one":"श्वः सप्ताहे","two":[{"t":"idOrVar","v":"value"}," सप्ताहात्मके"],"few":[{"t":"idOrVar","v":"value"}," सप्ताहात्मके"],"many":[{"t":"idOrVar","v":"value"}," सप्ताहात्मके"],"other":[{"t":"idOrVar","v":"value"}," सप्ताहात्मके"]},"$x":[{"t":"idOrVar","v":"plural"},"value"]},{"$i":"months-until-long","$v":{"zero":"अस्मिन् मासे","one":"श्वः मासे","two":[{"t":"idOrVar","v":"value"}," मासात्मके"],"few":[{"t":"idOrVar","v":"value"}," मासात्मके"],"many":[{"t":"idOrVar","v":"value"}," मासात्मके"],"other":[{"t":"idOrVar","v":"value"}," मासात्मके"]},"$x":[{"t":"idOrVar","v":"plural"},"value"]},{"$i":"years-until-long","$v":{"zero":"अस्मिन् वर्षे","one":"श्वः वर्षे","two":[{"t":"idOrVar","v":"value"}," वर्षात्मके"],"few":[{"t":"idOrVar","v":"value"}," वर्षात्मके"],"many":[{"t":"idOrVar","v":"value"}," वर्षात्मके"],"other":[{"t":"idOrVar","v":"value"}," वर्षात्मके"]},"$x":[{"t":"idOrVar","v":"plural"},"value"]},{"$i":"minutes-ago-short","$v":{"zero":"अधुना","other":[{"t":"idOrVar","v":"value"},"m पूर्वम्"]},"$x":[{"t":"idOrVar","v":"plural"},"value"]},{"$i":"hours-ago-short","$v":{"zero":"अधुना","other":[{"t":"idOrVar","v":"value"},"h पूर्वम्"]},"$x":[{"t":"idOrVar","v":"plural"},"value"]},{"$i":"days-ago-short","$v":{"zero":"अद्य","other":[{"t":"idOrVar","v":"value"},"d पूर्वम्"]},"$x":[{"t":"idOrVar","v":"plural"},"value"]},{"$i":"minutes-until-short","$v":{"zero":"अधुना","other":[{"t":"idOrVar","v":"value"}," m"]},"$x":[{"t":"idOrVar","v":"plural"},"value"]},{"$i":"hours-until-short","$v":{"zero":"अधुना","other":[{"t":"idOrVar","v":"value"}," h"]},"$x":[{"t":"idOrVar","v":"plural"},"value"]},{"$i":"days-until-short","$v":{"zero":"अद्य","other":[{"t":"idOrVar","v":"value"}," d"]},"$x":[{"t":"idOrVar","v":"plural"},"value"]},{"$i":"incorrectDate","$v":"(त्रुटिदिनांकः)"},{"$i":"dateTimeFormat_%c","$v":"%a %b %e %Y %I:%M:%S %p"},{"$i":"dateTimeFormat_%x","$v":"%m/%d/%Y"},{"$i":"dateTimeFormat_%X","$v":"%I:%M:%S %p"},{"$i":"shortTimeFormat","$v":"%I:%M %p"},{"$i":"shortTimeFormat12","$v":"%I:%M %p"},{"$i":"shortTimeFormat24","$v":"%H:%M"},{"$i":"shortDateTimeFormat","$v":"%x %I:%M %p"},{"$i":"weekStartsOnMonday","$v":"0"},{"$i":"firstDayOfTheWeek","$v":"0"},{"$i":"time_am","$v":"AM"},{"$i":"time_pm","$v":"PM"},{"$i":"label","$v":"नाम"},{"$i":"mobile","$v":"चलभाषः"},{"$i":"home","$v":"गृहम्"},{"$i":"work","$v":"कार्यालयम्"},{"$i":"personal","$v":"व्यक्तिगतम्"},{"$i":"faxHome","$v":"फैक्स गृहम्"},{"$i":"faxOffice","$v":"फैक्स कार्यालयः"},{"$i":"faxOther","$v":"फैक्स अन्ये"},{"$i":"another","$v":"अन्ये"},{"$i":"other","$v":"अन्यः"},{"$i":"tcl-customTag","$v":"कस्टम टैग"},{"$i":"customTag","$v":"कस्टम टैग","placeholder":"कस्टम टैग"},{"$i":"current","$v":"साम्प्रतम्"},{"$i":"itemWithLabel","$v":[{"t":"idOrVar","v":"label"},", ",{"t":"idOrVar","v":"item"}]},{"$i":"waitDuplicateContacts","$v":"डुप्लिकेट संपर्काणां नीरिक्षणम्"},{"$i":"waitMergingDuplicateContacts","$v":"डुप्लिकेटसंपर्कं मर्ज करोतु"},{"$i":"alertNoDuplicateContacts","$v":"किमपि डुप्लिकेटसम्पर्कं नास्ति"},{"$i":"curtainCancel","$v":"निरस्यताम्"},{"$i":"close","$v":"निवर्त्यताम्"},{"$i":"mergeDuplicateTitle","$v":"डुप्लिकेट लब्धम्"},{"$i":"suggestedDuplicatesMessage","innerHTML":{"$o":["<bdi>",{"t":"idOrVar","v":"name"},"</bdi> अस्य कृते प्रस्तावितं डुप्लिकेट संपर्कानि"]}},{"$i":"mergeActionButtonLabel","$v":{"zero":"कोऽपि सम्पर्कः चयनितः न वर्तते","one":[{"t":"idOrVar","v":"n"}," संपर्कसहितं मर्ज करोतु"],"two":[{"t":"idOrVar","v":"n"}," संपर्कसहितं मर्ज करोतु"],"few":[{"t":"idOrVar","v":"n"}," संपर्कसहितं मर्ज करोतु"],"many":[{"t":"idOrVar","v":"n"}," संपर्कसहितं मर्ज करोतु"],"other":[{"t":"idOrVar","v":"n"}," संपर्कसहितं मर्ज करोतु"]},"$x":[{"t":"idOrVar","v":"plural"},"n"]},{"$i":"duplicatesFoundTitle","$v":"डुप्लिकेट लब्धम्"},{"$i":"foundDuplicatesMessage","innerHTML":"निम्नेषु सम्पर्केषु समानसूचनाः सम्प्राप्ताः। किं भवान्/भवती ताः विलयितुम् इच्छति?"},{"$i":"tcl-merge-selected-counts","$v":[{"t":"idOrVar","v":"n"}," चयनितम्"]},{"$i":"tcl-wait-duplicate-contacts","$v":"डुप्लिकेट संपर्कं अन्वेषयतु"},{"$i":"tcl-wait-txt","$v":"डुप्लिकेट संपर्काणां नीरिक्षणम्..."},{"$i":"import","$v":"आयापकम्"},{"$i":"fbFriends","$v":"फेसबुकमित्राणि"},{"$i":"live-serviceName","$v":"आउटलुक"},{"$i":"gmail-serviceName","$v":"Gmail"},{"$i":"facebook-serviceName","$v":"फेसबुकमित्राणि"},{"$i":"viewAll","$v":"सकलफेसबुकमित्राणि पश्यन्तु"},{"$i":"viewRecommend","$v":"केवलम् अनुशंसितं पश्यतु"},{"$i":"linkProposal","$v":{"zero":"किमपि मिलनमित्रं नास्ति । सर्वं दर्शयति","one":"प्रस्तावितमेकं चिनोतु","two":"एक अनुशंसितं चिनोतु","few":"एक अनुशंसितं चिनोतु","many":"एक अनुशंसितं चिनोतु","other":"एक अनुशंसितं चिनोतु"},"$x":[{"t":"idOrVar","v":"plural"},"numFriends"]},{"$i":"fbFriendsFound","$v":{"zero":"भवतः सर्वाणि मित्राणि आयातकृतानि","one":"आयातकर्तुमेकं मित्रं प्राप्तम्","two":["आयातकर्तुं ",{"t":"idOrVar","v":"numFriends"}," मित्रं प्राप्तम्"],"few":["आयातकर्तुं ",{"t":"idOrVar","v":"numFriends"}," मित्रं प्राप्तम्"],"many":["आयातकर्तुं ",{"t":"idOrVar","v":"numFriends"}," मित्रं प्राप्तम्"],"other":["आयातकर्तुं ",{"t":"idOrVar","v":"numFriends"}," मित्रं प्राप्तम्"]},"$x":[{"t":"idOrVar","v":"plural"},"numFriends"]},{"$i":"fbNoFriends","$v":"आयातकर्तुं कोऽपि सम्पर्कोपलब्धो नास्ति"},{"$i":"done-search","$v":"कृतम्"},{"$i":"progressFB3ImportTitle","$v":"संपर्केषु मित्राणि आयातकरणानि"},{"$i":"progressFB","$v":[{"t":"idOrVar","v":"current"},"/",{"t":"idOrVar","v":"total"}]},{"$i":"progressFB3UpdateTitle","$v":"संपर्केषु मित्राणि अपडेट करोतु"},{"$i":"message2","$v":"अस्मिन् किञ्चित् मिनटं लगितुं शक्यते"},{"$i":"messageLinking","$v":"कृपया तिष्ठतु। वयं भवतः मित्रं सम्पर्कं च योजयामः।"},{"$i":"error1","$v":["त्रुटिः ",{"t":"idOrVar","v":"from"}]},{"$i":"error2","$v":"किं भवान् पुनः प्रयासं कर्तुमिच्छति?"},{"$i":"errorProposal","$v":"प्रस्तावस्य गणना"},{"$i":"errorFriends","$v":"मित्रान् पुनः प्राप्तकरणम्"},{"$i":"errorLinking","$v":"सम्पर्कस्य योजनम्"},{"$i":"timeout1","$v":["समयः समाप्तः ",{"t":"idOrVar","v":"from"}]},{"$i":"timeout2","$v":"किं भवान् पुनः प्रयासं कर्तुमिच्छति?"},{"$i":"timeoutProposal","$v":"प्रस्तावस्य गणना"},{"$i":"timeoutFriends","$v":"मित्रान् पुनः प्राप्तकरणम्"},{"$i":"timeoutLinking","$v":"सम्पर्काणां योजनम्"},{"$i":"wait1","$v":"कृपया तिष्ठतु"},{"$i":"wait2","$v":"अस्मिन् किञ्चित् मिनटं लगितुं शक्यते"},{"$i":"waitProposal","$v":"कृपया तिष्ठतु। वयमेकप्रस्तावस्य गणनां कुर्मः।"},{"$i":"waitFriends","$v":"कृपया तिष्ठतु। वयं भवतः मित्रस्य सूचीप्राप्तुं संयुक्तं भवामः।"},{"$i":"curtainRetry","$v":"पुनः प्रयस्यताम्"},{"$i":"curtainOK","$v":"नुदताम्"},{"$i":"connectionLost","$v":"अन्तर्जालसंयोजनं न वर्तते"},{"$i":"connectionLostMsg","$v":"मित्राणां चित्राणि भवतः सम्पर्केषु योजितुं न शक्यन्ते। तथापि निरन्तरम्?"},{"$i":"yesOption","$v":"नुदताम्"},{"$i":"noOption","$v":"निरस्यताम्"},{"$i":"waitFriendslive","$v":"आउटलुकतः संपर्कान् पठति..."},{"$i":"waitFriendsgmail","$v":"जीमेलतः संपर्कान् पठति..."},{"$i":"friendsUpdated","$v":{"zero":"किमपि मित्रं साम्प्रतं नाभवत्","one":"एकमित्रम् अद्यतनमभवत्","two":[{"t":"idOrVar","v":"numFriends"}," मित्राणि अद्यतनं कृतानि"],"few":[{"t":"idOrVar","v":"numFriends"}," मित्राणि अद्यतनं कृतानि"],"many":[{"t":"idOrVar","v":"numFriends"}," मित्राणि अद्यतनं कृतानि"],"other":[{"t":"idOrVar","v":"numFriends"}," मित्राणि अद्यतनं कृतानि"]},"$x":[{"t":"idOrVar","v":"plural"},"numFriends"]},{"$i":"friendsMerged","$v":{"zero":"किमपि डुप्लिकेटमित्रं नापसारितम्","one":"एकं डुप्लिकेटमित्रं मर्जकृतम्","two":[{"t":"idOrVar","v":"numDups"}," मित्रान् विलयकृतम्"],"few":[{"t":"idOrVar","v":"numDups"}," मित्रान् विलयकृतम्"],"many":[{"t":"idOrVar","v":"numDups"}," मित्रान् विलयकृतम्"],"other":[{"t":"idOrVar","v":"numDups"}," मित्रान् विलयकृतम्"]},"$x":[{"t":"idOrVar","v":"plural"},"numDups"]},{"$i":"notificationLogin","$v":"भवतः फेसबुकसत्रम् अवैधमस्ति । कृपया अन्तः प्रवेशयतु।"},{"$i":"syncError","$v":"भवतः मित्रस्य डेटां सिंक्रनाइज़करणे एका त्रुटिः जाता"},{"$i":"progressFB3liveTitle","$v":"आउटलुकतः संपर्कमायातं करणीयम्..."},{"$i":"progressFB3gmailTitle","$v":"जीमेलतः संपर्कमायातं करणीयम्..."},{"$i":"tcl-calllog-entry-removed-succ-notification","$v":"कॉल लॉग प्रवेशितान् स्थानन्तरितम्"},{"$i":"tcl-calllog-entry-removed-err-notification","$v":"आह्वाहनसंरक्षितावलम् अपाकर्तुं न शक्नोति"},{"$i":"addNewNumber","$v":"नूतनसंख्या योजयतु"},{"$i":"contactDetails","$v":"सम्पर्कविवरणम्"},{"$i":"addToExistingContact","$v":"अवस्थितसम्पर्केषु योजयतु"},{"$i":"all","$v":"सर्वम्","ariaLabel":"सर्वम्"},{"$i":"bluetoothOption","ariaLabel":"ब्लूटूथ्"},{"$i":"callLog","$v":"आह्वाहनस्य संरक्षितावलिः"},{"$i":"callLogEdit","title":"कॉललॉग सम्पादनीयम्"},{"$i":"tcl-option-menu-call-log-edit","$v":"कॉललॉग सम्पादनीयम्"},{"$i":"callLogEditDialog","ariaLabel":"कॉललॉगसंवादः सम्पादनीयः"},{"$i":"tcl-call-log-delete-group-notification","$v":[{"t":"idOrVar","v":"n"}," प्रविष्टिः अपसारिता"]},{"$i":"connecting","$v":"संयोज्यमानम्"},{"$i":"connectingEllipsis","$v":"संयोज्यमानम्..."},{"$i":"call-forwarding-async","$v":["अतुल्यकालिक: ",{"t":"idOrVar","v":"async"}]},{"$i":"call-forwarding-data","$v":["विषयः : ",{"t":"idOrVar","v":"data"}]},{"$i":"call-forwarding-error","$v":"कॉल फ़ॉरवर्डिंग स्थिति पुनर्प्राप्तकरणसमये कापि त्रुटिः जाता"},{"$i":"call-forwarding-fax","$v":["FAX: ",{"t":"idOrVar","v":"fax"}]},{"$i":"call-forwarding-inactive","$v":"निष्क्रियः"},{"$i":"call-forwarding-packet","$v":["पैकेट: ",{"t":"idOrVar","v":"packet"}]},{"$i":"call-forwarding-pad","$v":["PAD: ",{"t":"idOrVar","v":"pad"}]},{"$i":"call-forwarding-sms","$v":["SMS: ",{"t":"idOrVar","v":"sms"}]},{"$i":"call-forwarding-status","$v":"कॉल अग्रेषणस्थितिः"},{"$i":"call-forwarding-sync","$v":["तुल्यकालिक: ",{"t":"idOrVar","v":"sync"}]},{"$i":"call-forwarding-voice","$v":["स्वरः : ",{"t":"idOrVar","v":"voice"}]},{"$i":"confirm-deletion","$v":"चितानि आह्वाहनानि अपाकरोति?"},{"$i":"createNewContact","$v":"नूतनं सम्पर्कं निर्माणं करोतु"},{"$i":"calllog-deselectAll","$v":"सकलान् अचिह्नितान् करोतु"},{"$i":"dialerAddContact","ariaLabel":"संपर्कं युज्यताम्"},{"$i":"dialerAddContactDialog","ariaLabel":"सम्पर्कसंवादं योजयतु"},{"$i":"callInformation","$v":"कॉल सूचना"},{"$i":"edit-selected","$v":{"one":["चयनितम् (",{"t":"idOrVar","v":"n"},")"],"two":["चयनितम् (",{"t":"idOrVar","v":"n"},")"],"few":["चयनितम् (",{"t":"idOrVar","v":"n"},")"],"many":["चयनितम् (",{"t":"idOrVar","v":"n"},")"],"other":["चयनितम् (",{"t":"idOrVar","v":"n"},")"]},"$x":[{"t":"idOrVar","v":"plural"},"n"]},{"$i":"tcl-edit-not-selected","$v":"चयनितम् (0)"},{"$i":"hideKeypad","ariaLabel":"कीपैड विलोपयतु"},{"$i":"ignore","$v":"कॉल न ग्रहणीयम्"},{"$i":"incoming","$v":"आगमनशीलम्"},{"$i":"keypad","ariaLabel":"किञ्जिकाफलकम्"},{"$i":"info-missed","$v":"अयुज्यः"},{"$i":"missed","$v":"अयुज्यः","ariaLabel":"अयुज्यः"},{"$i":"dialed","$v":"डायलकृतम्"},{"$i":"received","$v":"प्राप्तम्"},{"$i":"canceled","$v":"निरसनम्"},{"$i":"missedCall","$v":"अयुज्यवार्ता"},{"$i":"missedCallMultiSims","$v":["(सिम ",{"t":"idOrVar","v":"n"},") मिस कॉल"]},{"$i":"mmi-error","$v":"सन्देशप्रेषणसमये कापि त्रुटिः जाता"},{"$i":"mmi-session-expired","$v":"सत्रं समाप्तम्"},{"$i":"mmi-successfully-sent","$v":"सन्देशं सफलतापूर्वकं प्रेषितम्"},{"$i":"mmi-notification-title-with-sim","$v":["(",{"t":"idOrVar","v":"sim"},") ",{"t":"idOrVar","v":"title"}]},{"$i":"mute","ariaLabel":"ध्वनिमौनीकरणम्"},{"$i":"newCall","ariaLabel":"नूतनकॉल"},{"$i":"no-logs-msg-1","$v":"कोऽपि कॉलरिकर्डः नास्ति"},{"$i":"no-logs-msg-2","$v":"अधुना संचारं प्रारंभं करोतु"},{"$i":"no-logs-msg-3","$v":"कोऽपि कॉलरिकर्डः नास्ति"},{"$i":"no-logs-msg-4","$v":"अधुना संचारं प्रारंभं करोतु"},{"$i":"onHoldOption","ariaLabel":"सन्धारेण"},{"$i":"outgoing","$v":"निवर्तमानम्"},{"$i":"recents","ariaLabel":"साम्प्रतिकं कॉल"},{"$i":"reply","$v":"प्रत्युत्तरम्"},{"$i":"calllog-selectAll","$v":"सर्वं चिनोतु"},{"$i":"send","$v":"प्रेष्यताम्"},{"$i":"switch-calls","$v":"कॉल स्विच करोतु"},{"$i":"withheld-number","$v":"अज्ञातः"},{"$i":"from-contact","$v":[{"t":"idOrVar","v":"contact"}," तः"]},{"$i":"from-number","$v":[{"t":"idOrVar","v":"number"}," तः"]},{"$i":"from-withheld-number","$v":"अज्ञातक्रमाङ्कात्"},{"$i":"sending","$v":"प्रेषयति …"},{"$i":"speakerOption","ariaLabel":"वक्ता"},{"$i":"ussd-services","$v":[{"t":"idOrVar","v":"operator"}," सेवाः"]},{"$i":"toggleKeypad","ariaLabel":"कीपैड टॉगल करोतु"},{"$i":"type-your-response","placeholder":"स्वकीयां प्रतिक्रियां लिखतु..."},{"$i":"clear-all-text","$v":"सकलपाठ्यं परिष्क्रियताम्"},{"$i":"hide","$v":"गुप्यताम्"},{"$i":"call","$v":"वार्ता"},{"$i":"hold","ariaLabel":"वार्ताचालनं अवरुध्यताम्"},{"$i":"resume","$v":"पुनरारभतु","ariaLabel":"पुनरारभतु"},{"$i":"sendSms","$v":"सन्देशं प्रेषयतु"},{"$i":"callEnded","$v":"कॉल समाप्तम्"},{"$i":"via-sim","$v":["सिम माध्यमेन ",{"t":"idOrVar","v":"n"}]},{"$i":"sim-number","$v":["सिम",{"t":"idOrVar","v":"n"}]},{"$i":"unknown","$v":"अज्ञातः"},{"$i":"hangup-a11y-button","ariaLabel":"उद्बन्धनम्"},{"$i":"pickup-a11y-button","ariaLabel":"पिक अप"},{"$i":"unlock-a11y-button","ariaLabel":"स्लाइडरः"},{"$i":"settings","$v":"व्यवस्थापनम्"},{"$i":"tcl-delete-log","$v":"आह्वाहनस्य संरक्षितावल्याः चितान् निवेशान् अपाकर्तुं दृढमनाः अस्ति खलु?"},{"$i":"delete-n-log?","$v":{"zero":"किमपि चयनितं नास्ति","one":"चितां संरक्षितावलिम् अपाकरोति?","two":[{"t":"idOrVar","v":"n"}," संरक्षितावलिः अपाक्रयते?"],"few":[{"t":"idOrVar","v":"n"}," संरक्षितावलिः अपाक्रयते?"],"many":[{"t":"idOrVar","v":"n"}," संरक्षितावलिः अपाक्रयते?"],"other":[{"t":"idOrVar","v":"n"}," संरक्षितावलिः अपाक्रयते?"]},"$x":[{"t":"idOrVar","v":"plural"},"n"]},{"$i":"callDurationMinutes","$v":[{"t":"idOrVar","v":"m"},":",{"t":"idOrVar","v":"s"}]},{"$i":"callDurationHours","$v":[{"t":"idOrVar","v":"h"},":",{"t":"idOrVar","v":"m"},":",{"t":"idOrVar","v":"s"}]},{"$i":"callDurationTextFormatSeconds","$v":[{"t":"idOrVar","v":"s"}," पलम्"]},{"$i":"callDurationTextFormatMinutes","$v":[{"t":"idOrVar","v":"m"}," m ",{"t":"idOrVar","v":"s"}," s"]},{"$i":"callDurationTextFormatHours","$v":[{"t":"idOrVar","v":"h"}," घण्टा ",{"t":"idOrVar","v":"m"}," निमेषः ",{"t":"idOrVar","v":"s"}," पलम्"]},{"$i":"suggestionMatches","$v":{"one":["\"",{"t":"idOrVar","v":"matchNumber"},"\"",{"t":"idOrVar","v":"n"}," इत्यस्य कृते मिलनं करोतु"],"two":["\"",{"t":"idOrVar","v":"matchNumber"},"\"",{"t":"idOrVar","v":"n"}," इत्यस्य कृते मिलनं करोतु"],"few":["\"",{"t":"idOrVar","v":"matchNumber"},"\"",{"t":"idOrVar","v":"n"}," इत्यस्य कृते मिलनं करोतु"],"many":["\"",{"t":"idOrVar","v":"matchNumber"},"\"",{"t":"idOrVar","v":"n"}," इत्यस्य कृते मिलनं करोतु"],"other":["\"",{"t":"idOrVar","v":"matchNumber"},"\"",{"t":"idOrVar","v":"n"}," इत्यस्य कृते मिलनं करोतु"]},"$x":[{"t":"idOrVar","v":"plural"},"n"]},{"$i":"scCallBarring","$v":"कॉल प्रतिबंधितम्"},{"$i":"scCallForwarding","$v":"कॉल अग्रेषणम्"},{"$i":"scClip","$v":"आगताह्वानस्य आह्वाहनपरिचयः ID"},{"$i":"scClir","$v":"बहिर्गताह्वानस्य आह्वाहनपरिचयः ID"},{"$i":"scPwd","$v":"कूटसंख्यायाः परिवर्तनम्"},{"$i":"scCallWaiting","$v":"आह्वाहनस्य प्रतीक्षा"},{"$i":"scPin","$v":"PIN परिवर्तनम्"},{"$i":"scPin2","$v":"पिन 2 परिवर्तनम्"},{"$i":"scPuk","$v":"पिन अनवरोधितं करोतु"},{"$i":"scPuk2","$v":"पिन2 अनवरोधितं करोतु"},{"$i":"scImei","$v":"IMEI"},{"$i":"scMeid","$v":"MEID"},{"$i":"scUssd","$v":"USSD"},{"$i":"serviceClassVoice","$v":"ध्वनिः"},{"$i":"serviceClassData","$v":"दत्तांशः"},{"$i":"serviceClassFax","$v":"FAX"},{"$i":"serviceClassSms","$v":"SMS"},{"$i":"serviceClassDataSync","$v":"समायोजिता"},{"$i":"serviceClassDataAsync","$v":"असमायोजिता"},{"$i":"serviceClassPacket","$v":"खण्डः"},{"$i":"serviceClassPad","$v":"PAD"},{"$i":"smServiceEnabled","$v":"सेवा सक्षमा आसीत्"},{"$i":"smServiceDisabled","$v":"सेवा अक्षमा कृता"},{"$i":"smServiceRegistered","$v":"पंजीकरणं सफलम्"},{"$i":"smServiceErased","$v":"अपाकरणं सफलम् आसीत्"},{"$i":"smServiceInterrogated","$v":"अनुरोधं सफलमासीत्"},{"$i":"smServiceNotProvisioned","$v":"सेवा प्रावधाना नास्ति"},{"$i":"smClirPermanent","$v":"भवान् कॉलर ID सेटिंग परिवर्तितुं न शक्यते"},{"$i":"smClirDefaultOnNextCallOn","$v":"पूर्वनियोजितवार्ताकारस्य ID प्रतिबंधितम्। अग्रिमा वार्ता: प्रतिबन्धिता"},{"$i":"smClirDefaultOnNextCallOff","$v":"पूर्वनियोजितवार्ताकारस्य ID प्रतिबंधितम्। अग्रिमा वार्ता: न प्रतिबन्धिता"},{"$i":"smClirDefaultOffNextCallOn","$v":"पूर्वनियोजितवार्ताकारस्य ID न प्रतिबंधितम्। अग्रिमा वार्ता: प्रतिबन्धिता"},{"$i":"smClirDefaultOffNextCallOff","$v":"पूर्वनियोजितवार्ताकारस्य ID न प्रतिबंधितम्। अग्रिमा वार्ता: न प्रतिबन्धिता"},{"$i":"smServiceEnabledFor","$v":"सेवा सक्षमीकृता कृते।"},{"$i":"smPinChanged","$v":"पिन सफलतापूर्वकं परिवर्तीतम्"},{"$i":"smPinUnblocked","$v":"पिन सफलतापूर्वक अनब्लॉककृतम्"},{"$i":"smPin2Changed","$v":"पिन 2 सफलतापूर्वकं परिवर्तितम्"},{"$i":"smPin2Unblocked","$v":"पिन 2 सफलतापूर्वक अनब्लॉककृतम्"},{"$i":"ServiceIsEnabled","$v":"सेवा सक्षमा"},{"$i":"ServiceIsDisabled","$v":"सेवा अक्षमा"},{"$i":"ServiceIsEnabledFor","$v":"सेवा सक्रिया अस्ति कृते :"},{"$i":"emMmiError","$v":"संयोगसमस्या यद्वा अवैध MMI कोड"},{"$i":"emMmiErrorPasswordIncorrect","$v":"त्रुटियुक्तः कूटः"},{"$i":"emMmiErrorNotSupported","$v":"अवैधः यद्वा असमर्थितः MMI कोड"},{"$i":"emMmiErrorInvalidAction","$v":"अवैधकर्म"},{"$i":"emMmiErrorInvalidScCode","$v":"अवैधसेवाकोड"},{"$i":"emMmiErrorBadPuk","$v":"भवता लिखितं PUK सम्यक् नास्ति"},{"$i":"emMmiErrorBadPin","$v":"पुरातनः टङ्कितः PIN मिथ्या अस्ति।"},{"$i":"emMmiErrorNeedPuk2","$v":"सिम कार्डम् अनलॉककर्तुं PUK2 लिख्यताम्"},{"$i":"emMmiErrorMismatchPin","$v":"भवता टाइपकृतं पिन न मिलति"},{"$i":"emMmiErrorInvalidPin","$v":"4 तः 8 संख्यात्मकं पिन लिखतु"},{"$i":"emMmiErrorNeedsPuk","$v":"भवतः सिमकार्ड PUK- लॉक अस्ति"},{"$i":"emMmiErrorEnablePin","$v":"असफलम् । सिम / रियूम लॉक सक्षमं करोतु"},{"$i":"emMmiErrorMmiFdn","$v":"ऑपरेशन फिक्सड डायलिंग संख्यायाः कृते सीमितमस्ति"},{"$i":"emMmiErrorStkCcUssdDial","$v":"DIAL-विनत्यै USSD-विनतिः परिवर्तता"},{"$i":"emMmiErrorStkCcUssdSs","$v":"SS-विनत्यै USSD-विनतिः परिवर्तता"},{"$i":"emMmiErrorStkCcUssdUssd","$v":"नविनायै USSD-विनत्यै USSD-विनतिः परिवर्तता"},{"$i":"emMmiErrorStkCcSsDial","$v":"एसएस अनुरोधं डायल अनुरोधे संशोधितम्"},{"$i":"emMmiErrorStkCcSsUssd","$v":"USSD-विनत्यै SS-विनतिः परिवर्तता"},{"$i":"emMmiErrorStkCcSsSs","$v":"एसएस अनुरोधं नूतनं एसएस अनुरोधे संशोधितम्"},{"$i":"emMmiErrorPinPukAttempts","$v":{"one":["केवलं ",{"t":"idOrVar","v":"n"}," वामतः पुनः प्रयासः करणीयः"],"two":[{"t":"idOrVar","v":"n"}," वामतः पुनः चेष्टां करोति"],"few":[{"t":"idOrVar","v":"n"}," वामतः पुनः चेष्टां करोति"],"many":[{"t":"idOrVar","v":"n"}," वामतः पुनः चेष्टां करोति"],"other":[{"t":"idOrVar","v":"n"}," वामतः पुनः चेष्टां करोति"]},"$x":[{"t":"idOrVar","v":"plural"},"n"]},{"$i":"emMmiErrorSimBlocked","$v":"पुनर्प्रयासस्य अधिकतमसंख्या अतिक्रमणमभवत् । सिम अवरुद्धः"},{"$i":"RadioNotAvailable","$v":"रेडियो उपलब्धः नास्ति"},{"$i":"GenericFailure","$v":"सामान्यविफलता"},{"$i":"PasswordIncorrect","$v":"पासकोडत्रुटिः"},{"$i":"SimPin2","$v":"सिम पिन 2"},{"$i":"SimPuk2","$v":"सिम PUK2"},{"$i":"RequestNotSupported","$v":"अनुरोधः समर्थितः न"},{"$i":"OpNotAllowedDuringVoiceCall","$v":"ध्वनिकॉलसमये ऑपरेशनस्य अनुमतिः नास्ति"},{"$i":"SmsSendFailRetry","$v":"SMS प्रेषयितु पुनः प्रयासं करोतु"},{"$i":"SimAbsent","$v":"सिम अनुपस्थितम्"},{"$i":"SubscriptionNotAvailable","$v":"सदस्यता उपलब्धं नास्ति"},{"$i":"ModeNotSupported","$v":"मोड समर्थितं न"},{"$i":"FdnCheckFailure","$v":"FDN चेक विफलता"},{"$i":"IllegalSimOrMe","$v":"अवैध सिम यद्वा ME"},{"$i":"DialModifiedToUssd","$v":"डायल USSD कर्तुं संशोधितम्"},{"$i":"DialModifiedToSs","$v":"डायल SS कर्तुं संशोधितम्"},{"$i":"DialModifiedToDial","$v":"डायल कर्तुं डायल संशोधितम्"},{"$i":"UssdModifiedToDial","$v":"USSD DIAL कर्तुं संशोधितं कृतम्"},{"$i":"UssdModifiedToSs","$v":"USSD SS कर्तुं संशोधितं कृतम्"},{"$i":"UssdModifiedToUssd","$v":"USSD USSD कर्तुं संशोधितं कृतम्"},{"$i":"SsModifiedToDial","$v":"एसएस डायल कर्तुं संशोधितं कृतम्"},{"$i":"SsModifiedToUssd","$v":"SS USSD कर्तुं संशोधितं कृतम्"},{"$i":"SsModifiedToSs","$v":"एसएस संशोधितं भूत्वा एसएस"},{"$i":"SubscriptionNotSupported","$v":"सदस्यता समर्थितं नास्ति"},{"$i":"InvalidParameter","$v":"अविधमापदण्डः"},{"$i":"RejectedByRemote","$v":"रिमोट द्वारा अस्वीकृतम्"},{"$i":"conferenceCall","$v":["सम्मेलनम् ",{"t":"idOrVar","v":"n"}]},{"$i":"caller-left-call","$v":[{"t":"idOrVar","v":"caller"}," इत्यनेन आह्वाहनं परित्यक्तम्।"]},{"$i":"conferenceAddError","$v":"कॉल मर्ज कर्तुम् असमर्थम्"},{"$i":"conferenceRemoveError","$v":"कॉल मर्जमुक्तकर्तुम् असमर्थम्"},{"$i":"longDateFormat","$v":"%A, %b %e"},{"$i":"select-audio-sources","$v":"ऑडियो स्रोतं चिनोतु"},{"$i":"bluetooth-handsfree-device","$v":"ब्लूटूथ हैंड्सफ्री डिवाइसः"},{"$i":"receiver","$v":"गृहीता"},{"$i":"speaker","$v":"वक्ता"},{"$i":"tcl-cancel","$v":"निरस्यताम्"},{"$i":"tcl-dialer","$v":"अङ्कपट्टिका"},{"$i":"tcl-confirmation","$v":"अनुमोदनम्"},{"$i":"log-item","$v":"विकल्पाः"},{"$i":"tcl-assign-speed-dial","$v":{"$o":["बटने स्पीडडायलरूपेण सम्पर्कं संयुक्तं नाभवत् \"",{"t":"idOrVar","v":"speedDial"},"\".<br><br>अधुना निर्धारयति?"]}},{"$i":"tcl-assign","$v":"नियोजनम्"},{"$i":"select","$v":"चिनोतु"},{"$i":"view-all","$v":"सर्वे पश्यन्तु"},{"$i":"search-results","$v":"अन्वेषणस्य परिणामम्"},{"$i":"no-recent-numbers","$v":"आह्वाहनस्य संरक्षितावल्याम् आह्वाहनाय सद्यः केऽपि क्रमाङ्काः न सन्ति।"},{"$i":"wifi-calling","$v":"वाई-फाई कॉलिंग"},{"$i":"dialer-prompt","$v":"कॉल करणाय योजनाय संख्या डायल करोतु यद्वा सम्पर्कं निर्वाचनं करोतु"},{"$i":"hours","$v":"घटिकाः"},{"$i":"minutes","$v":"मिनिटस"},{"$i":"seconds","$v":"पलानि"},{"$i":"voicemailNoNumberTitle","$v":"स्वरमेलसंख्या नोपलब्धा"},{"$i":"voicemailNoNumberText","$v":"ध्वनिमेलं कॉल करणे असमर्थः । कॉल करणाय ध्वनिमेलसंख्या व्यवस्थापयतु।"},{"$i":"voicemailNoNumberSettings","$v":"व्यवस्थापनम्"},{"$i":"voicemailNoNumberCancel","$v":"निरस्यताम्"},{"$i":"phoneNumberInput","ariaLabel":"फोनसंख्या"},{"$i":"keypadDelete","ariaLabel":"लुप्यताम्"},{"$i":"voiceMailKey","ariaLabel":"ध्वनिसन्देशः"},{"$i":"asterisk","ariaLabel":"तारांकनम्"},{"$i":"hashSign","ariaLabel":"हाशचिह्नम्"},{"$i":"loadingSimContacts","$v":"सिमकार्डसंपर्काः लोडभवन्ति..."},{"$i":"noContactsWereFound","$v":"कोऽपि सम्पर्कः न प्राप्तः"},{"$i":"noContactsFoundDialogOk","$v":"नुदताम्"},{"$i":"emergencyNumber","$v":"आपत्कालीनसंख्या"},{"$i":"callAirplaneModeMessage","$v":"आह्वाहनं कर्तुं भवता/भवत्या अभविन्यासे विमानावस्था निष्क्रिया करणीया।"},{"$i":"callAirplaneModeBtnOk","$v":"नुदताम्"},{"$i":"callAirplaneModeTitle","$v":"वायुयानमोड सक्रियः"},{"$i":"numberIsBusyTitle","$v":"संख्या व्यस्तमस्ति"},{"$i":"numberIsBusyMessage","$v":"क्रमाङ्कः अधुना व्यस्तः अस्ति। कृपया पुनश्चेष्टितव्यमनन्तरम् ।"},{"$i":"fdnIsActiveTitle","$v":"FDN सक्रियः"},{"$i":"fdnIsActiveMessage","$v":["FDN (फिक्स्ड डायलिंग नंबरस) सक्रियः वर्तते निम्नसंख्या च भवतः FDN सूच्यां नास्ति : ",{"t":"idOrVar","v":"number"}]},{"$i":"emergencyDialogBodyBadNumber","$v":"आह्वाहनं कर्तुं दूरभाषः जालेन सह संयोजितः स्यादेव।"},{"$i":"emergencyDialogBodyDeviceNotAccepted","$v":"जालेन आपत्कालाह्वाहानि न अनुमोदितानि।"},{"$i":"emergencyDialogBtnOk","$v":"नुदताम्"},{"$i":"emergencyDialogTitle","$v":"जालसंकेतं न वर्तते"},{"$i":"invalidNumberToDialTitle","$v":"अवैधफोनसंख्या"},{"$i":"invalidNumberToDialMessage","$v":"यं क्रमाङ्कं प्रति भवा्न्/भवती आह्वयति, सः अयोग्यः अस्ति।"},{"$i":"unableToCallTitle","$v":"अधुना फ़ोन कॉल कर्तुम् असमर्थम्"},{"$i":"unableToCallMessage","$v":"कॉल कर्तुं न शक्यते यदि भवान् पूर्वमेव डायलम् अकरोत् तर्हि कृपया पूर्वं तिष्ठतु।"},{"$i":"otherConnectionInUseTitle","$v":"उपयोगे अन्यकनेक्शनम्"},{"$i":"otherConnectionInUseMessage","$v":"अन्यसंयोजने भवतः/भवत्याः अन्याह्वाहनं सक्रियम् अस्ति। एकस्मिन् समये भवान्/भवती एकमेव संयोजनं प्रयोक्तुं शक्नोति।"},{"$i":"tcl-call-log","$v":"आह्वाहनस्य संरक्षितावलिः"},{"$i":"tcl-contacts","$v":"संपर्काः"},{"$i":"tcl-call","$v":"वार्ता"},{"$i":"tcl-add-contact","$v":"अवस्थितसम्पर्केषु योजयतु"},{"$i":"tcl-create-contact","$v":"नूतनं सम्पर्कं निर्माणं करोतु"},{"$i":"tcl-add-speed-dial","$v":"स्पीडडायले योजयतु"},{"$i":"sim-with-index-and-carrier","$v":["SIM ",{"t":"idOrVar","v":"index"}," - ",{"t":"idOrVar","v":"carrier"}]},{"$i":"sim-without-carrier","$v":["SIM ",{"t":"idOrVar","v":"index"}]}]