[{"$i":"confirmMsg","$v":[{"t":"idOrVar","v":"deviceId"}," ᱪᱤᱛ ᱟᱢᱟᱜ ᱡᱚᱜᱟᱡᱳᱜ ᱠᱚ ᱟᱨ ᱠᱚᱞ ᱤᱛᱤᱦᱟᱥ ᱠᱚ ᱜᱷᱟᱛ ᱟᱠᱟᱱᱟ, ᱦᱟᱛᱟᱣ ᱢᱮ?"]},{"$i":"responseMsg","$v":["ᱠᱟᱴᱤ ᱞᱟᱜᱤᱫ ",{"t":"idOrVar","v":"deviceId"}]},{"$i":"confirmTitle","$v":"ᱯᱷᱹᱚᱱᱯᱩᱛᱷᱤ ᱜᱷᱟᱛ ᱱᱮᱦᱚᱨ"},{"$i":"responseTitle","$v":"Bluetooth ᱚᱠᱛᱮ ᱠᱟᱴᱤ ᱫᱚ ᱞᱟᱜᱛᱤ ᱜᱮᱭᱟ"},{"$i":"initialValue","$v":"ᱟᱫᱮᱨ ᱢᱮ ᱚᱠᱛᱮ ᱠᱟᱴᱤ"},{"$i":"gaia-menu-cancel","$v":"ᱢᱩᱪᱮᱫ"},{"$i":"gaia-sim-picker-dial-via-with-number","$v":["ᱰᱟᱭᱤᱞ ",{"t":"idOrVar","v":"phoneNumber"},"  ᱫᱟᱨᱟᱭ ᱛᱮ"]},{"$i":"gaia-sim-picker-select-sim","$v":"SIM ᱠᱟᱨᱰ ᱵᱟᱪᱷᱟᱣ ᱢᱮ"},{"$i":"gaia-sim-picker-button","$v":["SIM",{"t":"idOrVar","v":"n"}]},{"$i":"gaia-sim-picker-button-default","$v":"(ᱟᱥᱚᱞ)"},{"$i":"softkey-options","$v":"ᱵᱤᱠᱟᱞᱚᱯ"},{"$i":"details","countcall":"ᱠᱚᱞ"},{"$i":"edit","$v":"ᱟᱨᱩ"},{"$i":"cancel","$v":"ᱢᱩᱪᱮᱫ"},{"$i":"done","$v":"ᱦᱚᱭᱱᱟ"},{"$i":"ok","$v":"ᱴᱤᱠ"},{"$i":"update","$v":"ᱱᱟᱣᱟᱭ"},{"$i":"retry","$v":"ᱞᱮᱜᱟᱭ"},{"$i":"view","$v":"ᱧᱮᱸᱞ"},{"$i":"search","$v":"ᱥᱮᱱᱨᱟ"},{"$i":"contacts","$v":"ᱡᱚᱜᱟᱡᱳᱜᱠᱚ"},{"$i":"addContact","$v":"ᱡᱚᱜᱟᱡᱳᱜ ᱥᱮᱞᱮᱫ"},{"$i":"deleteContact","$v":"ᱡᱚᱜᱟᱡᱳᱜ ᱢᱮᱴᱟᱣ"},{"$i":"selectContact","$v":"ᱡᱚᱜᱟᱡᱳᱜ ᱵᱟᱪᱷᱟᱣ ᱢᱮ"},{"$i":"selectAll","$v":"ᱡᱚᱛᱚ ᱵᱟᱪᱷᱟᱣ"},{"$i":"deselect","$v":"ᱚᱵᱟᱪᱷᱟᱣ"},{"$i":"deselectAll","$v":"ᱡᱚᱛᱚ ᱚᱵᱟᱪᱷᱟᱣ"},{"$i":"editContact","$v":"ᱡᱚᱜᱟᱡᱳᱜᱟᱨᱩ"},{"$i":"deleteConfirmMsg","$v":"ᱡᱚᱜᱟᱡᱳᱜ ᱢᱮᱴᱟᱣ?"},{"$i":"remove","$v":"ᱚᱪᱚᱜ"},{"$i":"delete","$v":"ᱢᱮᱴᱟᱣ"},{"$i":"comments","$v":"ᱠᱟᱛᱷᱟ ᱠᱚ"},{"$i":"no_contact_phones","$v":"ᱯᱷᱹᱚᱱ ᱞᱮᱠᱷᱟ ᱵᱟᱱᱩᱜ-ᱟ ᱱᱚᱣᱟ ᱡᱚᱜᱟᱡᱳᱜ ᱨᱮ ᱫᱚ"},{"$i":"no_contact_email","$v":"ᱤᱢᱤᱞ ᱴᱟᱸᱣ ᱵᱟᱱᱩᱜ-ᱟ ᱱᱚᱣᱟ ᱡᱚᱜᱟᱡᱳᱜ ᱨᱮ ᱫᱚ"},{"$i":"no_contact_data","$v":"ᱯᱷᱹᱚᱱ ᱞᱮᱠᱷᱟ ᱟᱨ ᱤᱢᱤᱞ ᱴᱟᱸᱣ ᱵᱟᱱᱩᱜ-ᱟ ᱱᱚᱣᱟ ᱡᱚᱜᱟᱡᱳᱜ ᱨᱮ ᱫᱚ"},{"$i":"removePhotoConfirm","$v":"ᱡᱚᱜᱟᱡᱳᱜ ᱪᱤᱛᱟᱹᱨ ᱚᱪᱚᱜ?"},{"$i":"loadingContacts","$v":"ᱡᱚᱜᱟᱡᱳᱜ ᱠᱚ ᱵᱷᱟᱨᱤᱜ ᱠᱟᱱᱟ…"},{"$i":"noContactsActivity2","$v":"ᱟᱢᱟᱜ ᱡᱚᱜᱟᱡᱳᱜ ᱥᱩᱪᱤ ᱨᱮ ᱵᱟᱝ ᱧᱟᱢᱚᱜ ᱠᱟᱱᱟ ᱡᱚᱜᱟᱡᱳᱜ"},{"$i":"noName","$v":"ᱵᱟᱱᱩᱜ-ᱟ ᱧᱩᱛᱩᱢ"},{"$i":"givenName","$v":"ᱯᱟᱦᱤᱞ ᱧᱩᱛᱩᱢ"},{"$i":"familyName","$v":"ᱥᱮᱥ ᱧᱩᱛᱩᱢ"},{"$i":"tel","$v":"ᱯᱷᱹᱚᱱ"},{"$i":"carrier","$v":"ᱣᱟᱦᱚᱠ","placeholder":"ᱣᱟᱦᱚᱠ"},{"$i":"separator","$v":","},{"$i":"email","$v":"ᱤᱢᱮᱞ"},{"$i":"streetAddress","$v":"ᱠᱩᱞᱦᱤ"},{"$i":"postalCode","$v":"ᱡᱤᱯ ᱠᱳᱰ"},{"$i":"locality","$v":"ᱥᱚᱦᱚᱨ"},{"$i":"countryName","$v":"ᱫᱤᱥᱮᱢ"},{"$i":"comment","$v":"ᱠᱟᱛᱷᱟ"},{"$i":"org","$v":"ᱠᱚᱢᱯᱟᱱᱤ"},{"$i":"date","$v":"ᱢᱳᱦᱤᱛ","placeholder":"ᱢᱳᱦᱤᱛ"},{"$i":"date-span-placeholder","$v":"ᱢᱳᱦᱤᱛ"},{"$i":"birthday","$v":"ᱡᱚᱱᱚᱢ ᱢᱟᱦᱟ"},{"$i":"dateFormat","$v":"%b %e"},{"$i":"dateOutput","$v":[{"t":"idOrVar","v":"dayMonthFormatted"}," ",{"t":"idOrVar","v":"year"}]},{"$i":"anniversary","$v":"ᱣᱟᱨᱥᱤ"},{"$i":"addPhoto","$v":"ᱪᱤᱛᱟᱹᱨ ᱥᱮᱞᱮᱫ"},{"$i":"addPhone","$v":"ᱯᱷᱹᱚᱱ ᱥᱮᱞᱮᱫ"},{"$i":"addEmail","$v":"ᱤᱢᱮᱞ ᱥᱮᱞᱮᱫ"},{"$i":"addAddress","$v":"ᱴᱟᱸᱣ ᱥᱮᱞᱮᱫ"},{"$i":"addDate","$v":"ᱛᱟᱨᱤᱠᱷ ᱥᱮᱞᱮᱫ"},{"$i":"addComment","$v":"ᱪᱤᱭᱮ ᱥᱮᱞᱮᱫ"},{"$i":"addFavorite","$v":"ᱠᱷᱩᱥᱤᱭᱟᱜ ᱞᱮᱠᱟ ᱥᱮᱞᱮᱫ"},{"$i":"removeFavorite","$v":"ᱠᱷᱩᱥᱤᱭᱟᱜ ᱞᱮᱠᱟ ᱚᱪᱚᱜ"},{"$i":"addButton","ariaLabel":"ᱥᱮᱞᱮᱫ ᱢᱮ ᱠᱷᱟᱛᱟ ᱡᱟᱦᱟᱸ ᱨᱮ ᱚᱱᱞᱟᱩᱤᱱ ᱡᱚᱜᱟᱡᱳᱜ ᱮᱢ ᱡᱚᱜᱟᱣ ᱫᱟᱲᱤᱭᱟᱜ-ᱟ"},{"$i":"editButton","ariaLabel":"ᱟᱨᱩ"},{"$i":"settingsButton","ariaLabel":"ᱥᱮᱴᱤᱸᱜ"},{"$i":"phoneDetail","ariaLabel":"ᱯᱷᱹᱚᱱ"},{"$i":"emailDetail","ariaLabel":"ᱤᱢᱮᱞ"},{"$i":"addressDetail","ariaLabel":"ᱴᱟᱸᱣ"},{"$i":"dateDetail","ariaLabel":"ᱢᱳᱦᱤᱛ"},{"$i":"composeEmail","ariaLabel":"ᱤᱢᱮᱞ"},{"$i":"makeCall","ariaLabel":"ᱠᱚᱞ"},{"$i":"phones","ariaLabel":"ᱯᱷᱹᱚᱱ ᱠᱚ"},{"$i":"emails","ariaLabel":"ᱤᱢᱮᱞ ᱠᱚ"},{"$i":"addresses","ariaLabel":"ᱴᱟᱸᱣ ᱠᱚ"},{"$i":"dates","ariaLabel":"ᱛᱟᱨᱤᱠᱷ ᱠᱚ"},{"$i":"notes","ariaLabel":"ᱪᱤᱭᱮ"},{"$i":"exit","$v":"ᱵᱟᱦᱨᱮ"},{"$i":"expand","$v":"ᱩᱥᱟᱨ ᱢᱮ"},{"$i":"labelName","$v":"ᱧᱩᱛᱩᱢ:"},{"$i":"labelLastName","$v":"ᱥᱮᱥ ᱧᱩᱛᱩᱢ:"},{"$i":"labelPhoneNumber","$v":"ᱯᱷᱹᱚᱱ ᱞᱮᱠᱷᱟ:"},{"$i":"labelCarrier","$v":"ᱣᱟᱦᱚᱠ:"},{"$i":"labelEmail","$v":"ᱤᱢᱮᱞ:"},{"$i":"labelStreet","$v":"ᱠᱩᱞᱦᱤ:"},{"$i":"labelZip","$v":"ᱡᱤᱯ ᱠᱳᱰ:"},{"$i":"labelCity","$v":"ᱥᱚᱦᱚᱨ:"},{"$i":"labelCountry","$v":"ᱫᱤᱥᱮᱢ:"},{"$i":"labelComment","$v":"ᱠᱟᱛᱷᱟ:"},{"$i":"legendTitleMain","$v":"ᱟᱥᱚᱞ ᱠᱷᱚᱵᱚᱨ"},{"$i":"legendPhones","$v":"ᱯᱷᱹᱚᱱ ᱞᱮᱠᱷᱟ ᱠᱚ"},{"$i":"legendEmail","$v":"ᱤᱢᱮᱞ ᱴᱟᱸᱣ"},{"$i":"legendAddress","$v":"ᱴᱟᱸᱣ"},{"$i":"search-contact","placeholder":"ᱥᱮᱱᱨᱟ"},{"$i":"noResults","$v":"ᱵᱟᱝ ᱧᱟᱢᱚᱜ ᱠᱟᱱᱟ ᱡᱚᱜᱟᱡᱳᱜ ᱠᱚ"},{"$i":"transferContactsTitle","$v":"ᱡᱚᱜᱟᱡᱳᱜ ᱠᱚ ᱠᱩᱞᱩᱜ ᱠᱟᱱᱟ"},{"$i":"importContactsTitle","$v":"ᱟᱜᱩᱣᱟᱜ ᱡᱚᱜᱟᱡᱳᱜ ᱠᱚ"},{"$i":"importContactsButton","$v":"ᱟᱜᱩᱣᱟᱜ ᱡᱚᱜᱟᱡᱳᱜ ᱠᱚ"},{"$i":"exportContactsTitle","$v":"ᱡᱚᱜᱟᱡᱳᱜ ᱠᱚ ᱵᱟᱦᱨᱮ ᱠᱩᱞ"},{"$i":"exportContactsButton","$v":"ᱡᱚᱜᱟᱡᱳᱜ ᱠᱚ ᱵᱟᱦᱨᱮ ᱠᱩᱞ"},{"$i":"exportContactsAction","$v":"ᱵᱟᱦᱨᱮ ᱠᱩᱞ"},{"$i":"simExport-title","$v":"SIM ᱞᱟᱜᱤᱫ ᱵᱟᱦᱟᱨ ᱠᱩᱞ"},{"$i":"memoryCardExport-title","$v":"ᱢᱮᱢᱚᱨᱤ ᱠᱟᱨᱰ ᱞᱟᱜᱤᱫ ᱵᱟᱦᱨᱮ ᱠᱩᱞ"},{"$i":"btExport-title","$v":"Bluetooth ᱞᱟᱜᱤᱫ ᱵᱟᱦᱨᱮ ᱠᱩᱞ"},{"$i":"memoryCardUMSEnabled","$v":"ᱢᱮᱢᱚᱨᱤ ᱠᱟᱨᱰ ᱫᱚ ᱵᱟᱝ ᱮᱢ ᱵᱮᱵᱷᱟᱨ ᱫᱟᱲᱤᱭᱟᱜ-ᱟ ᱪᱮᱫᱟᱜ ᱥᱮ USB ᱵᱟᱭᱡᱟᱭᱜᱟ ᱫᱚ ᱥᱚᱠᱪᱷᱚᱢ ᱟᱠᱟᱱᱟ"},{"$i":"exportErrorTitle","$v":"ᱵᱟᱦᱨᱮ ᱠᱩᱞ ᱨᱮ ᱵᱷᱩᱞ"},{"$i":"contactsExported2","$v":{"zero":"ᱵᱟᱦᱨᱮ ᱠᱩᱞᱟᱜ ᱡᱚᱜᱟᱡᱳᱜ ᱠᱚ ᱵᱟᱝ ᱧᱟᱢᱚᱜ ᱠᱟᱱᱟ","one":[{"t":"idOrVar","v":"exported"},"/",{"t":"idOrVar","v":"total"}," ᱡᱚᱜᱟᱡᱳᱜ ᱠᱚ ᱵᱟᱦᱨᱮ ᱠᱩᱞ ᱟᱠᱟᱱᱟ"],"two":[{"t":"idOrVar","v":"exported"},"/",{"t":"idOrVar","v":"total"}," ᱡᱚᱜᱟᱡᱳᱜ ᱠᱚ ᱵᱟᱦᱨᱮ ᱠᱩᱞ ᱟᱠᱟᱱᱟ"],"few":[{"t":"idOrVar","v":"exported"},"/",{"t":"idOrVar","v":"total"}," ᱡᱚᱜᱟᱡᱳᱜ ᱠᱚ ᱵᱟᱦᱨᱮ ᱠᱩᱞ ᱟᱠᱟᱱᱟ"],"many":[{"t":"idOrVar","v":"exported"},"/",{"t":"idOrVar","v":"total"}," ᱡᱚᱜᱟᱡᱳᱜ ᱠᱚ ᱵᱟᱦᱨᱮ ᱠᱩᱞ ᱟᱠᱟᱱᱟ"],"other":[{"t":"idOrVar","v":"exported"},"/",{"t":"idOrVar","v":"total"}," ᱡᱚᱜᱟᱡᱳᱜ ᱠᱚ ᱵᱟᱦᱨᱮ ᱠᱩᱞ ᱟᱠᱟᱱᱟ"]},"$x":[{"t":"idOrVar","v":"plural"},"exported"]},{"$i":"exportError-general","$v":"ᱛᱷᱚᱲᱟ ᱵᱷᱩᱞ ᱦᱩᱭᱟᱠᱟᱱᱟ ᱡᱚᱠᱷᱚᱱ ᱵᱟᱨᱮ ᱠᱩᱞᱩᱜ ᱠᱟᱱᱟ"},{"$i":"exportError-SD-shared","$v":"ᱢᱮᱢᱚᱨᱤ ᱠᱟᱨᱰ ᱫᱚ ᱵᱟᱝ ᱮᱢ ᱜᱷᱟᱛ ᱫᱟᱲᱤᱭᱟᱜ-ᱟ ᱪᱮᱫᱟᱜ ᱥᱮ ᱱᱚᱣᱟ ᱦᱟᱴᱤᱧ ᱟᱠᱟᱱᱟ"},{"$i":"exportError-SD-unavailable","$v":"ᱢᱮᱢᱚᱨᱤ ᱠᱟᱨᱰ ᱫᱚ ᱵᱟᱝ ᱧᱟᱢᱚᱜ-ᱟ"},{"$i":"exportError-SD-noSpace","$v":"ᱡᱚᱜᱟᱡᱳᱜ ᱵᱟᱦᱨᱮ ᱠᱩᱞ ᱞᱟᱜᱤᱫ ᱢᱮᱢᱚᱨᱤ ᱠᱟᱨᱰ ᱨᱮ ᱞᱟᱜᱛᱤᱭᱟ ᱡᱟᱭᱜᱟ ᱵᱟᱱᱩᱜ-ᱟ"},{"$i":"exportError-SIM-unavailable","$v":"SIM ᱠᱟᱨᱰ ᱫᱚ ᱵᱟᱝ ᱧᱟᱢᱚᱜ-ᱟ"},{"$i":"exportError-BT-shared","$v":"ᱢᱮᱢᱚᱨᱤ ᱠᱟᱨᱰ ᱫᱚ ᱵᱟᱝ ᱮᱢ ᱜᱷᱟᱛ ᱫᱟᱲᱤᱭᱟᱜ-ᱟ ᱪᱮᱫᱟᱜ ᱥᱮ ᱱᱚᱣᱟ ᱦᱟᱴᱤᱧ ᱟᱠᱟᱱᱟ"},{"$i":"exportError-BT-unavailable","$v":"ᱢᱮᱢᱚᱨᱤ ᱠᱟᱨᱰ ᱫᱚ ᱵᱟᱝ ᱧᱟᱢᱚᱜ-ᱟ"},{"$i":"exportError-BT-noSpace","$v":"ᱡᱚᱜᱟᱡᱳᱜ ᱵᱟᱦᱨᱮ ᱠᱩᱞ ᱞᱟᱜᱤᱫ ᱢᱮᱢᱚᱨᱤ ᱠᱟᱨᱰ ᱨᱮ ᱞᱟᱜᱛᱤᱭᱟ ᱡᱟᱭᱜᱟ ᱵᱟᱱᱩᱜ-ᱟ"},{"$i":"social-network","$v":"ᱥᱚᱥᱟᱞ ᱱᱮᱴᱣᱟᱨᱠ ᱠᱚ"},{"$i":"social-link","$v":"ᱡᱚᱜᱟᱡᱳᱜ ᱞᱤᱸᱠ"},{"$i":"social-unlink","$v":"ᱡᱚᱜᱟᱡᱳᱜ ᱨᱮᱭᱟᱜ ᱞᱤᱸᱠ ᱪᱷᱟᱰᱟᱣ ᱢᱮ"},{"$i":"social-unlink-confirm-title","$v":"ᱪᱤᱫ ᱟᱢ ᱟᱢ ᱨᱮᱱ ᱜᱟᱛᱤ ᱚᱞᱤᱸᱠ ᱥᱟᱱᱟᱭᱮᱜ ᱢᱮᱭᱟ?"},{"$i":"social-unlink-confirm-accept","$v":"ᱞᱤᱸᱠ ᱪᱷᱟᱰᱟᱣ ᱢᱮ"},{"$i":"facebook-import","$v":"Facebook ᱜᱟᱛᱤ ᱠᱚ ᱟᱜᱩ"},{"$i":"show-fb-profile","$v":"Facebook ᱯᱨᱳᱯᱷᱹᱟᱭᱤᱞ ᱧᱮᱢ ᱢᱮ"},{"$i":"msg-send","$v":"ᱠᱷᱚᱵᱚᱨ"},{"$i":"wall-post","$v":"ᱣᱟᱞ ᱠᱩᱞ"},{"$i":"share-contact","$v":"ᱡᱚᱜᱟᱡᱳᱜ ᱦᱟᱴᱤᱧ"},{"$i":"facebook-export-forbidden","$v":"Facebook ᱵᱟᱨᱚᱱ ᱠᱟᱨᱚᱱ ᱛᱮ ᱱᱚᱣᱟ ᱡᱚᱜᱟᱡᱳᱜ ᱫᱚ ᱵᱟᱝ ᱮᱢ ᱵᱮᱵᱷᱟᱨ ᱫᱟᱲᱤᱭᱟᱜ-ᱟ."},{"$i":"otherAccount","$v":"ᱮᱴᱟᱜ ᱠᱷᱟᱛᱟ ᱠᱚ"},{"$i":"facebookSwitchMsg","$v":"ᱠᱟᱛᱤ ᱠᱚ ᱥᱤᱸᱜᱠᱨᱳᱱᱟᱭᱤᱡ"},{"$i":"select_mobile","$v":"ᱢᱳᱵᱟᱭᱤᱞ ᱵᱟᱪᱷᱟᱣ ᱢᱮ"},{"$i":"select_email","$v":"ᱤᱢᱮᱞ ᱵᱟᱪᱷᱟᱣ ᱢᱮ"},{"$i":"select_recipient","$v":"ᱟᱛᱟᱝ ᱤᱡ ᱵᱟᱪᱷᱟᱣ ᱢᱮ"},{"$i":"sort-by-first-name","$v":"ᱯᱟᱦᱤᱞ ᱧᱩᱛᱩᱢ ᱫᱟᱨᱟᱭ ᱛᱮ ᱠᱷᱟᱴᱚ"},{"$i":"sort-by-last-name","$v":"ᱢᱩᱪᱮᱫ ᱧᱩᱛᱩᱢ ᱫᱟᱨᱟ ᱛᱮ ᱠᱷᱟᱴᱟ"},{"$i":"importSim2","$v":"SIM ᱠᱟᱨᱰ"},{"$i":"importGmail","$v":"Gmail"},{"$i":"bluetooth","$v":"Bluetooth"},{"$i":"importOutlook","$v":"Outlook"},{"$i":"fbUpdateFriends","$v":"ᱜᱟᱛᱤ ᱠᱚ ᱟᱜᱩ ᱥᱮᱛ ᱱᱟᱣᱟᱭ ᱢᱮ"},{"$i":"cleaningFbData","$v":"Facebook ᱰᱮᱴᱟ ᱚᱪᱚᱜᱚᱜ ᱠᱟᱱᱟ"},{"$i":"loggingOutFb","$v":"Facebook ᱠᱷᱚᱱ ᱞᱳᱜ ᱵᱟᱦᱨᱮ"},{"$i":"cleanFbConfirmMsg","$v":"ᱡᱚᱛᱚ Facebook ᱰᱮᱴᱟ ᱚᱪᱚᱜ?"},{"$i":"renewPwdMsg","$v":"ᱟᱢᱟᱜ Facebook ᱨᱮᱭᱟᱜ ᱯᱟᱥᱣᱟᱨᱰ ᱫᱚ ᱵᱚᱫᱚᱞ ᱟᱠᱟᱱᱟ. ᱱᱮᱦᱚᱨ, ᱱᱚᱣᱟ ᱱᱟᱣᱟᱭ ᱢᱮ."},{"$i":"notEnabledYet","$v":"ᱧᱤᱛ ᱥᱚᱠᱪᱷᱚᱢ ᱵᱟᱱᱩᱜ-ᱟ"},{"$i":"genericNoConnection","$v":"ᱰᱮᱴᱟ ᱱᱮᱴᱣᱟᱨᱠ ᱟᱨᱵᱟᱝᱠᱷᱟᱱ WiFi ᱡᱩᱲᱟᱣ ᱟᱠᱟᱱᱟ ᱡᱚᱜᱟᱡᱳᱜ ᱠᱚ ᱟᱜᱩ ᱞᱟᱜᱤᱫ"},{"$i":"bluetoothNoConnection","$v":"Bluetooth ᱭᱚᱱᱛᱨᱚ ᱡᱩᱲᱟᱣ ᱟᱠᱟᱱᱟ ᱟᱠᱟᱱᱟ ᱵᱟᱦᱨᱮ ᱠᱩᱞ ᱞᱟᱜᱤᱫ."},{"$i":"simCard","$v":"SIM ᱠᱟᱨᱰ"},{"$i":"memoryCard","$v":"ᱢᱮᱢᱚᱨᱤ ᱠᱟᱨᱰ"},{"$i":"simNumberNoMSISDN","$v":["SIM ",{"t":"idOrVar","v":"number"},":"]},{"$i":"simNumberWithMSISDN","$v":["SIM ",{"t":"idOrVar","v":"number"},": ",{"t":"idOrVar","v":"msisdn"}]},{"$i":"ICEContactsGroup","$v":"ICE ᱡᱚᱜᱟᱡᱳᱜ ᱠᱚ"},{"$i":"setICEButton","$v":"ᱵᱮᱭᱥᱮᱣ ICE ᱡᱚᱜᱟᱡᱳᱜ ᱠᱚ"},{"$i":"ICESettingTitle","$v":"ICE ᱡᱚᱜᱟᱡᱳᱜ ᱠᱚ"},{"$i":"ICEDescription","$v":"“ᱚᱠᱚᱴ ᱚᱵᱚᱥᱛᱟ ᱨᱮ” ᱠᱚᱞ ᱛᱮᱭᱟᱨ ᱞᱟᱹᱜᱤᱫ ᱢᱚᱲᱮ ᱜᱚᱴᱟᱝ ᱥᱚᱢᱯᱚᱠ ᱥᱮᱞᱮᱫ ᱢᱮ"},{"$i":"ICEContact1","$v":"ICE ᱡᱚᱜᱟᱡᱳᱜ 1"},{"$i":"tcl-ice-contact-1-added","$v":"ICE ᱡᱚᱜᱟᱡᱳᱜ 1 ᱥᱮᱞᱮᱫ ᱟᱠᱟᱱᱟ"},{"$i":"ICESelectContact","$v":"ᱵᱟᱪᱷᱟᱣ ᱢᱮ A ᱡᱚᱜᱟᱡᱳᱜ"},{"$i":"ICEContact2","$v":"ICE ᱡᱚᱜᱟᱡᱳᱜ 2"},{"$i":"tcl-ice-contact-2-added","$v":"ICE ᱡᱚᱜᱟᱡᱳᱜ 2 ᱥᱮᱞᱮᱫ ᱟᱠᱟᱱᱟ"},{"$i":"ICERepeatedContact","$v":"ᱱᱚᱣᱟ ᱡᱚᱜᱟᱡᱳᱜ ᱫᱚ ᱞᱟᱦᱟ ᱠᱷᱚᱱ ᱜᱮ ᱢᱤᱛ ICE ᱡᱚᱜᱟᱡᱳᱜ ᱢᱮᱱᱟᱜ-ᱟ"},{"$i":"ICEUnknownError","$v":"ICE ᱞᱮᱠᱟ ᱡᱚᱜᱟᱡᱳᱜ ᱥᱮᱴᱤᱸᱜ ᱨᱮ ᱵᱷᱩᱞᱟᱜ ᱢᱮᱱᱟᱜ-ᱟ"},{"$i":"ICEContactNoNumber","$v":"ᱯᱷᱹᱚᱱ ᱞᱮᱠᱷᱟ ᱵᱟᱝ ᱧᱟᱢᱚᱜ ᱠᱟᱱᱟ ᱡᱚᱜᱟᱡᱳᱜ ᱨᱮ ᱫᱚ"},{"$i":"ICEFacebookContactNotAllowed","$v":"Facebook ᱜᱟᱛᱤ ᱠᱚ ᱫᱚ ᱵᱟᱢ ᱮᱢ ᱵᱮᱭᱥᱮᱣ ᱫᱟᱲᱤ ᱟᱠᱩᱣᱟᱜ ICE ᱡᱚᱜᱟᱡᱳᱜ ᱞᱮᱠᱟ"},{"$i":"ICEContactDelTel","$v":"ICE ᱡᱚᱜᱟᱡᱳᱜ ᱠᱷᱚᱱ ᱢᱮᱴᱟᱣ ᱟᱠᱟᱱ ᱯᱷᱹᱚᱱ ᱞᱮᱠᱷᱟ ᱫᱚ ᱚᱪᱚᱜ ᱟᱠᱟᱱᱟ"},{"$i":"ICEContactDelTelAll","$v":"ᱡᱚᱛᱚ ᱞᱮᱠᱷᱟ ᱠᱚ ᱢᱮᱴᱟᱣ ᱟᱠᱟᱱᱟ. ᱱᱚᱣᱟ ᱡᱚᱜᱟᱡᱳᱜ ᱫᱚ ᱚᱪᱚᱜ ᱟᱠᱟᱱᱟ ICE ᱡᱚᱜᱟᱡᱳᱜ ᱠᱚ ᱠᱷᱚᱱ."},{"$i":"delete-ice-contact-warning","$v":"ᱪᱤᱛ ᱟᱢ ᱥᱟᱨᱤ ᱛᱮ ᱱᱚᱣᱟ ICE ᱡᱚᱜᱟᱡᱳᱜ ᱚᱪᱚᱜ ᱥᱟᱱᱟᱭᱮᱜ ᱢᱮᱭᱟ ?"},{"$i":"add","$v":"ᱥᱮᱞᱮᱫ ᱢᱮ ᱠᱷᱟᱛᱟ ᱡᱟᱦᱟᱸ ᱨᱮ ᱚᱱᱞᱟᱩᱤᱱ ᱡᱚᱜᱟᱡᱳᱜ ᱮᱢ ᱡᱚᱜᱟᱣ ᱫᱟᱲᱤᱭᱟᱜ-ᱟ"},{"$i":"no-contacts","$v":"ᱵᱟᱱᱩᱜ-ᱟ ᱡᱚᱜᱟᱡᱳᱜ ᱠᱚ"},{"$i":"start-adding","$v":"ᱩᱛᱟᱭ ᱱᱟᱣᱟ ᱡᱚᱜᱟᱡᱳᱜ ᱡᱚᱜᱟᱡᱳᱜ ᱥᱮᱞᱮᱫ ᱞᱟᱜᱤᱫ."},{"$i":"notImported","$v":"ᱵᱟᱝ ᱟᱹᱜᱩ ᱫᱟᱲᱤᱭᱟᱜ-ᱟ"},{"$i":"imported","$v":"ᱟᱜᱩ ᱟᱠᱟᱱᱟ"},{"$i":"today","$v":"ᱛᱤᱦᱤᱧ"},{"$i":"yesterday","$v":"ᱦᱚᱞᱟ"},{"$i":"messageCanceling","$v":"ᱱᱮᱦᱚᱨ ᱥᱟᱵ ᱫᱚᱦᱚᱭ ᱢᱮ. ᱟᱞᱮ ᱫᱚ ᱞᱮ ᱢᱩᱪᱮᱫ ᱫᱟ ᱵᱟᱦᱟᱨᱮ ᱠᱟᱹᱢᱤᱦᱚᱨᱟ."},{"$i":"organise-contacts","$v":"ᱡᱚᱜᱟᱡᱳᱜ ᱠᱚ ᱥᱟᱡᱟᱣ"},{"$i":"find-merge-contacts","$v":"ᱱᱚᱠᱚᱞᱟᱜ ᱡᱚᱜᱟᱡᱳᱜ ᱠᱚ ᱥᱮᱸᱫᱨᱟ"},{"$i":"preparing-contacts","$v":"ᱥᱟᱲᱟᱜ ᱠᱟᱱᱟ ᱡᱚᱜᱟᱡᱳᱜ ᱠᱚ"},{"$i":"exportError-SIM-NoFreeRecordFound","$v":"SIM ᱠᱟᱨᱰ ᱫᱚ ᱯᱮᱨᱮᱡ ᱟᱠᱟᱱᱟ"},{"$i":"exportError-SIM-CannotAccessPhoneBook","$v":"ᱯᱷᱹᱚᱱ ᱯᱩᱛᱷᱤ SIM ᱠᱟᱨᱰ ᱨᱮᱭᱟᱜ ᱨᱮ ᱫᱚ ᱵᱟᱝ ᱮᱢ ᱜᱷᱟᱛ ᱫᱟᱲᱤᱭᱟᱜ-ᱟ"},{"$i":"exportError-SIM-Unavailable","$v":"ᱵᱟᱱᱩᱜ-ᱟ SIM ᱧᱟᱢᱟᱜ"},{"$i":"exportError-SIM-GenericError","$v":"ᱡᱚᱜᱟᱡᱳᱜ ᱵᱟᱦᱨᱮ ᱠᱩᱞ ᱚᱠᱨᱮ ᱨᱮ ᱵᱷᱩᱞᱟᱜ ᱧᱟᱢ ᱟᱠᱟᱱᱟ"},{"$i":"noSimMsgExport","$v":"ᱟᱢᱟᱜ SIM ᱠᱟᱨᱰ ᱠᱩᱞᱩᱯ ᱡᱷᱤᱡ ᱟᱨᱵᱟᱝᱠᱷᱟᱱ ᱡᱚᱜᱟᱡᱳᱜ ᱵᱟᱦᱨᱮ ᱠᱩᱞ ᱞᱟᱜᱤᱫ ᱟᱫᱮᱨ ᱢᱮ"},{"$i":"noMemoryCardMsgExport","$v":"ᱢᱮᱢᱚᱨᱤ ᱠᱟᱨᱰ ᱟᱫᱮᱨ ᱟᱠᱟᱱᱟ ᱡᱚᱜᱟᱡᱳᱜ ᱵᱟᱦᱨᱮ ᱠᱩᱞ ᱞᱟᱜᱤᱫ"},{"$i":"ContactManagementTitle","$v":"ᱡᱚᱜᱟᱡᱳᱜ ᱥᱟᱥᱚᱱᱤᱡ"},{"$i":"DeleteTitle","$v":"ᱢᱮᱴᱟᱣ"},{"$i":"bulkDeleteButton","$v":"ᱡᱚᱜᱟᱡᱳᱜ ᱠᱚ ᱢᱮᱴᱟᱣ"},{"$i":"BulkDelCancel","$v":"ᱡᱚᱜᱟᱡᱳᱜᱽ ᱢᱮᱴᱟᱣ ᱫᱚ ᱢᱩᱪᱮᱫᱽ ᱟᱠᱟᱱᱟ"},{"$i":"DeletedTxt","$v":{"zero":"ᱵᱟᱱᱩᱜ-ᱟ ᱡᱚᱜᱟᱡᱳᱜ ᱢᱮᱴᱟᱣ ᱞᱟᱜᱤᱫ","one":"1 ᱡᱚᱜᱟᱡᱳᱜ ᱚᱪᱚᱜ ᱟᱠᱟᱱᱟ","two":[{"t":"idOrVar","v":"n"},"ᱡᱚᱜᱟᱡᱳᱜ ᱠᱚ ᱚᱪᱚᱜ ᱟᱠᱟᱱᱟ"],"few":[{"t":"idOrVar","v":"n"},"ᱡᱚᱜᱟᱡᱳᱜ ᱠᱚ ᱚᱪᱚᱜ ᱟᱠᱟᱱᱟ"],"many":[{"t":"idOrVar","v":"n"},"ᱡᱚᱜᱟᱡᱳᱜ ᱠᱚ ᱚᱪᱚᱜ ᱟᱠᱟᱱᱟ"],"other":[{"t":"idOrVar","v":"n"},"ᱡᱚᱜᱟᱡᱳᱜ ᱠᱚ ᱚᱪᱚᱜ ᱟᱠᱟᱱᱟ"]},"$x":[{"t":"idOrVar","v":"plural"},"n"]},{"$i":"DeletingContacts","$v":"ᱡᱚᱜᱟᱡᱳᱜ ᱠᱚ ᱢᱮᱴᱟᱜ ᱠᱟᱱᱟ"},{"$i":"ContactConfirmDel","$v":{"zero":"ᱵᱟᱱᱩᱜ-ᱟ ᱡᱚᱜᱟᱡᱳᱜ ᱢᱮᱴᱟᱣ ᱞᱟᱜᱤᱫ","one":"ᱢᱮᱴᱟᱣ 1 ᱡᱚᱜᱟᱡᱳᱜ ᱠᱚ? ᱱᱚᱣᱟ ᱫᱚ ᱵᱟᱝ ᱧᱟᱢ ᱨᱩᱣᱮᱲᱚ-ᱟ᱾","two":["ᱢᱮᱴᱟᱣ ",{"t":"idOrVar","v":"n"}," ᱡᱚᱜᱟᱡᱳᱜ ᱠᱚ? ᱱᱚᱣᱟ ᱫᱚ ᱵᱟᱝ ᱧᱟᱢ ᱨᱩᱣᱮᱲᱚ-ᱟ᱾"],"few":["ᱢᱮᱴᱟᱣ ",{"t":"idOrVar","v":"n"}," ᱡᱚᱜᱟᱡᱳᱜ ᱠᱚ? ᱱᱚᱣᱟ ᱫᱚ ᱵᱟᱝ ᱧᱟᱢ ᱨᱩᱣᱮᱲᱚ-ᱟ᱾"],"many":["ᱢᱮᱴᱟᱣ ",{"t":"idOrVar","v":"n"}," ᱡᱚᱜᱟᱡᱳᱜ ᱠᱚ? ᱱᱚᱣᱟ ᱫᱚ ᱵᱟᱝ ᱧᱟᱢ ᱨᱩᱣᱮᱲᱚ-ᱟ᱾"],"other":["ᱢᱮᱴᱟᱣ ",{"t":"idOrVar","v":"n"}," ᱡᱚᱜᱟᱡᱳᱜ ᱠᱚ? ᱱᱚᱣᱟ ᱫᱚ ᱵᱟᱝ ᱧᱟᱢ ᱨᱩᱣᱮᱲᱚ-ᱟ᱾"]},"$x":[{"t":"idOrVar","v":"plural"},"n"]},{"$i":"SelectedTxt","$v":{"zero":[{"t":"idOrVar","v":"n"}," ᱵᱟᱪᱷᱟᱣ ᱟᱠᱟᱱᱟ"],"one":[{"t":"idOrVar","v":"n"}," ᱵᱟᱪᱷᱟᱣ ᱟᱠᱟᱱᱟ"],"two":[{"t":"idOrVar","v":"n"}," ᱵᱟᱪᱷᱟᱣ ᱟᱠᱟᱱᱟ"],"few":[{"t":"idOrVar","v":"n"}," ᱵᱟᱪᱷᱟᱣ ᱟᱠᱟᱱᱟ"],"many":[{"t":"idOrVar","v":"n"}," ᱵᱟᱪᱷᱟᱣ ᱟᱠᱟᱱᱟ"],"other":[{"t":"idOrVar","v":"n"}," ᱵᱟᱪᱷᱟᱣ ᱟᱠᱟᱱᱟ"]},"$x":[{"t":"idOrVar","v":"plural"},"n"]},{"$i":"video","$v":"ᱣᱤᱰᱤᱭᱳ"},{"$i":"audio","$v":"ᱚᱰᱤᱭᱳ"},{"$i":"pick_destination","$v":[{"t":"idOrVar","v":"destination"}," ",{"t":"idOrVar","v":"carrier"}]},{"$i":"removeField","ariaLabel":"ᱚᱪᱚᱜ"},{"$i":"undo","ariaLabel":"ᱨᱩᱣᱮᱲᱟᱜᱩ"},{"$i":"send-sms-button","ariaLabel":"SMS"},{"$i":"ice_contacts","$v":"ICE ᱡᱚᱜᱟᱡᱳᱜ ᱠᱚ"},{"$i":"edit-picture","$v":"ᱪᱤᱛᱟᱹᱨ ᱟᱹᱨᱩ"},{"$i":"remove-photo","$v":"ᱪᱤᱛᱟᱹᱨ ᱚᱪᱚᱜ ᱢᱮ"},{"$i":"change-photo","$v":"ᱪᱤᱛᱟᱹᱨ ᱵᱚᱫᱚᱞ"},{"$i":"photo-options","$v":"ᱪᱤᱛᱟᱹᱨ ᱵᱤᱠᱟᱞᱚᱯ ᱠᱚ"},{"$i":"tcl-all","$v":"ᱡᱚᱛᱚ"},{"$i":"tcl-speed-dial","$v":"ᱛᱟᱯᱤᱥ ᱰᱟᱭᱤᱞ"},{"$i":"tcl-new-contact","$v":"ᱱᱟᱣᱟ ᱡᱚᱜᱟᱡᱳᱜ"},{"$i":"tcl-settings","$v":"ᱥᱮᱴᱤᱸᱜ"},{"$i":"tcl-save","$v":"ᱡᱚᱜᱟᱣᱡᱟᱜᱟ ᱫᱚ ᱵᱟᱝ ᱮᱥᱠᱮᱱ ᱫᱟᱲᱤᱭᱟᱜ-ᱟ."},{"$i":"save","$v":"ᱡᱚᱜᱟᱣᱡᱟᱜᱟ ᱫᱚ ᱵᱟᱝ ᱮᱥᱠᱮᱱ ᱫᱟᱲᱤᱭᱟᱜ-ᱟ."},{"$i":"tcl-add","$v":"ᱥᱮᱞᱮᱫ ᱢᱮ ᱠᱷᱟᱛᱟ ᱡᱟᱦᱟᱸ ᱨᱮ ᱚᱱᱞᱟᱩᱤᱱ ᱡᱚᱜᱟᱡᱳᱜ ᱮᱢ ᱡᱚᱜᱟᱣ ᱫᱟᱲᱤᱭᱟᱜ-ᱟ"},{"$i":"tcl-contact-add-ringtone","$v":"ᱨᱤᱸᱜᱴᱚᱱ ᱥᱮᱞᱮᱫ"},{"$i":"tcl-custom-dialog-title-default","$v":"ᱜᱚᱴᱟᱜ ᱠᱟᱱᱟ"},{"$i":"confirm-dialog-title-default","$v":"ᱜᱚᱴᱟᱜ ᱠᱟᱱᱟ"},{"$i":"discard","$v":"ᱵᱟᱜᱤ"},{"$i":"custom-tag-title","$v":"ᱠᱷᱩᱥᱤᱭᱟᱜ ᱰᱩᱨᱭᱮ"},{"$i":"tcl-contact-added","$v":"ᱡᱚᱜᱟᱡᱳᱜ ᱥᱮᱞᱮᱫ ᱠᱟᱱᱟ"},{"$i":"tcl-contact-updated","$v":"ᱡᱚᱜᱟᱡᱳᱜ ᱵᱤᱵᱚᱨᱚᱱ ᱵᱷᱟᱨᱤᱜ ᱟᱠᱟᱱᱟ"},{"$i":"tcl-contact-removed","$v":"ᱡᱚᱜᱟᱡᱳᱜ ᱢᱮᱴᱟᱣ ᱟᱠᱟᱱᱟ"},{"$i":"tcl-contact-unremoved","$v":"ᱵᱟᱝ ᱮᱢ ᱟᱹᱨᱩ ᱫᱟᱲᱤᱭᱟᱜ-ᱟ"},{"$i":"edit-phone-type","$v":"ᱯᱷᱹᱚᱱ ᱨᱚᱠᱚᱢ ᱟᱹᱨᱩ"},{"$i":"edit-email-type","$v":"ᱤᱢᱮᱞ ᱨᱚᱠᱚᱢ ᱟᱹᱨᱩ"},{"$i":"edit-address-type","$v":"ᱴᱟᱸᱣ ᱨᱚᱠᱚᱢ ᱟᱹᱨᱩᱭ ᱢᱮ"},{"$i":"edit-date-type","$v":"ᱛᱟᱨᱤᱠᱷ ᱨᱚᱠᱚᱢ ᱟᱹᱨᱩ"},{"$i":"tcl-select-phone-type","$v":"ᱯᱷᱹᱚᱱ ᱨᱚᱠᱚᱢ ᱵᱟᱪᱷᱟᱣ ᱢᱮ"},{"$i":"tcl-select-email-type","$v":"ᱤᱢᱮᱞ ᱨᱚᱠᱚᱢ ᱵᱟᱪᱷᱟᱣ ᱢᱮ"},{"$i":"tcl-select-address-type","$v":"ᱵᱟᱪᱷᱟᱣ ᱢᱮ ᱴᱟᱸᱣ ᱨᱚᱠᱚᱢ"},{"$i":"tcl-select-date-type","$v":"ᱛᱟᱨᱤᱠᱷ ᱨᱚᱠᱚᱢ ᱵᱟᱪᱷᱟᱣ ᱢᱮ"},{"$i":"add-phone","$v":"ᱯᱷᱹᱚᱱ ᱞᱮᱠᱦᱟ ᱥᱮᱞᱮᱫ"},{"$i":"add-email","$v":"ᱤᱢᱮᱞ ᱥᱮᱞᱮᱫ"},{"$i":"add-address","$v":"ᱴᱟᱸᱣ ᱥᱮᱞᱮᱫ"},{"$i":"add-date","$v":"ᱛᱟᱨᱤᱠᱷ ᱥᱮᱞᱮᱫ"},{"$i":"add-phone-type","$v":"ᱯᱷᱹᱚᱱ ᱨᱚᱠᱚᱢ"},{"$i":"add-email-type","$v":"ᱤᱢᱮᱞ ᱨᱚᱠᱚᱢ"},{"$i":"add-address-type","$v":"ᱴᱟᱸᱣ ᱚᱞ"},{"$i":"add-date-type","$v":"ᱰᱮᱴᱟ ᱨᱚᱠᱚᱢ"},{"$i":"delete-phone","$v":"ᱯᱷᱹᱚᱱ ᱞᱮᱠᱷᱟ ᱢᱮᱴᱟᱣ"},{"$i":"delete-email","$v":"ᱤᱢᱮᱞ ᱢᱮᱴᱟᱣ"},{"$i":"delete-address","$v":"ᱴᱟᱸᱣ ᱢᱮᱴᱟᱣ"},{"$i":"delete-date","$v":"ᱛᱟᱨᱤᱠᱷ ᱢᱮᱴᱟᱣ"},{"$i":"delete-note","$v":"ᱪᱤᱭᱮ ᱢᱮᱴᱟᱣ"},{"$i":"delete-comment-warning","$v":"ᱪᱤᱫ ᱟᱢ ᱥᱟᱨᱤ ᱛᱮ ᱪᱤᱭᱮ ᱢᱮᱴᱟᱣ ᱥᱟᱱᱟᱭᱮᱜ ᱢᱮᱭᱟ?"},{"$i":"tcl-deleting-messages-phone","$v":["ᱪᱤᱫ ᱟᱢ ᱥᱟᱨᱤ ᱛᱮ ᱯᱷᱹᱚᱱ ᱢᱮᱴᱟᱣ ᱥᱟᱱᱟᱭᱮᱜ ᱢᱮᱭᱟ \"",{"t":"idOrVar","v":"type_name"},"\"?"]},{"$i":"tcl-deleting-messages-email","$v":["ᱪᱤᱫ ᱟᱢ ᱥᱟᱨᱤ ᱛᱮ ᱤᱢᱮᱞ ᱢᱮᱴᱟᱣ ᱥᱟᱱᱟᱭᱮᱜ ᱢᱮᱭᱟ \"",{"t":"idOrVar","v":"type_name"},"\"?"]},{"$i":"tcl-deleting-messages-address","$v":["ᱪᱤᱫ ᱟᱢ ᱥᱟᱨᱤ ᱛᱮ ᱴᱟᱸᱣ ᱢᱮᱴᱟᱣ ᱥᱟᱱᱟᱭᱮᱜ ᱢᱮᱭᱟ \"",{"t":"idOrVar","v":"type_name"},"\"?"]},{"$i":"tcl-deleting-messages-date","$v":"ᱪᱤᱫ ᱟᱢ ᱥᱟᱨᱤ ᱛᱮ ᱛᱟᱨᱤᱠᱷ ᱢᱮᱴᱟᱣ ᱥᱟᱱᱟᱭᱮᱜ ᱢᱮᱭᱟ?"},{"$i":"deleting-message-warning","$v":["ᱪᱮᱫ ᱟᱢ ᱜᱚᱴᱟ ᱟᱠᱟᱫᱟ ᱟᱢ ᱢᱮᱴᱟᱣ ᱥᱟᱱᱟᱭᱮᱜ ᱢᱮᱭᱟ \"",{"t":"idOrVar","v":"type_name"},"\"?"]},{"$i":"tcl-deleting-messages-comment","$v":"ᱪᱤᱫ ᱟᱢ ᱥᱟᱨᱤ ᱛᱮ ᱠᱟᱛᱷᱟ ᱢᱮᱴᱟᱣ ᱥᱟᱱᱟᱭᱮᱜ ᱢᱮᱭᱟ?"},{"$i":"delecting-messages-contact","$v":["ᱪᱤᱫ ᱟᱢ ᱥᱟᱨᱤ ᱛᱮ ᱡᱚᱜᱟᱡᱳᱜ \"",{"t":"idOrVar","v":"type_name"},"\" ᱢᱮᱴᱟᱣ ᱥᱟᱱᱟᱭᱮᱜ ᱢᱮᱭᱟ?"]},{"$i":"delecting-this-contact","$v":"ᱱᱚᱣᱟ ᱡᱚᱜᱟᱡᱳᱜ ᱢᱮᱴᱟᱣ?"},{"$i":"deleting-messages-ringtone","$v":"ᱪᱤᱫ ᱟᱢ ᱥᱟᱨᱤ ᱛᱮ ᱨᱤᱸᱜᱴᱚᱱ ᱢᱮᱴᱟᱣ ᱥᱟᱱᱟᱭᱮᱜ ᱢᱮᱭᱟ?"},{"$i":"deleting-messages-picture","$v":"ᱪᱤᱛ ᱟᱢ ᱥᱟᱨᱤ ᱛᱮ ᱱᱚᱣᱟ ᱪᱤᱛᱟᱹᱨ ᱚᱪᱚᱜ ᱥᱟᱱᱟᱭᱮᱜ ᱢᱮᱭᱟ?"},{"$i":"tcl-deleting-notification-ringtone","$v":"ᱨᱤᱸᱜᱴᱚᱱ ᱢᱮᱴᱟᱣ ᱟᱠᱟᱱᱟ"},{"$i":"tcl-deleting-notification-comment","$v":"ᱠᱟᱛᱷᱟ ᱢᱤᱴᱟᱣ"},{"$i":"note","$v":"ᱪᱤᱱᱮ"},{"$i":"address","$v":"ᱴᱟᱸᱣ"},{"$i":"tcl-noContacts","$v":"ᱟᱢᱟᱜ ᱠᱷᱟᱞᱤᱭᱟᱜ ᱡᱚᱜᱟᱡᱳᱜ ᱥᱩᱱᱤ ᱞᱮᱠᱟ ᱛᱮ ᱡᱚᱜᱟᱡᱳᱜ ᱞᱟᱜᱤᱫ ᱵᱟᱝ ᱮᱢ ᱥᱮᱞᱮᱫ ᱫᱟᱲᱤᱭᱟᱜ-ᱟ"},{"$i":"tcl-noContacts-no-email","$v":"ᱤᱢᱮᱞ ᱥᱚᱛᱮᱜ ᱡᱟᱦᱟ ᱞᱮᱠᱟᱱᱟᱜ ᱡᱚᱜᱟᱡᱳᱜ ᱞᱮᱠᱟ ᱛᱮ ᱡᱚᱜᱟᱡᱳᱜ ᱞᱟᱜᱤᱫ ᱵᱟᱝ ᱮᱢ ᱥᱮᱞᱮᱫ ᱫᱟᱲᱤᱭᱟᱜ-ᱟ"},{"$i":"tcl-noContacts-no-tel","$v":"ᱯᱷᱹᱚᱱ ᱞᱮᱠᱷᱟ ᱥᱚᱛᱮᱜ ᱡᱟᱦᱟ ᱞᱮᱠᱟᱱᱟᱜ ᱡᱚᱜᱟᱡᱳᱜ ᱞᱮᱠᱟ ᱛᱮ ᱡᱚᱜᱟᱡᱳᱜ ᱞᱟᱜᱤᱫ ᱵᱟᱝ ᱮᱢ ᱥᱮᱞᱮᱫ ᱫᱟᱲᱤᱭᱟᱜ-ᱟ"},{"$i":"tcl-noContactsTitle","$v":"ᱵᱟᱱᱩᱜ-ᱟ ᱡᱚᱜᱟᱡᱳᱜ ᱠᱚ"},{"$i":"tcl-change-voice-mail","$v":"ᱟᱲᱟᱢ ᱢᱮᱞ ᱞᱮᱠᱷᱟ ᱵᱚᱫᱚᱞ"},{"$i":"tcl-replace","$v":"ᱜᱷᱩᱨᱮ ᱛᱮ ᱫᱚᱦᱚ"},{"$i":"tcl-remove-speed-dial","$v":"ᱛᱟᱯᱤᱥ ᱰᱟᱭᱤᱞ ᱠᱷᱚᱱ ᱚᱪᱚᱜ"},{"$i":"tcl-notification-speed-dial-added","$v":"ᱛᱟᱯᱤᱥ ᱰᱟᱭᱤᱞ ᱞᱮᱠᱷᱟ ᱥᱮᱞᱮᱫ ᱟᱠᱟᱱᱟ"},{"$i":"tcl-notification-speed-dial-removed","$v":"ᱛᱟᱯᱤᱥ ᱰᱟᱭᱤᱞ ᱞᱮᱠᱷᱟ ᱫᱚ ᱚᱪᱚᱜ ᱟᱠᱟᱱᱟ"},{"$i":"tcl-notification-speed-dial-updated","$v":"ᱛᱟᱯᱤᱥ ᱰᱟᱭᱤᱞ ᱞᱮᱠᱷᱟ ᱫᱚ ᱱᱟᱣᱟ ᱟᱠᱟᱱᱟ"},{"$i":"tcl-notification-voice-mail-updated","$v":"ᱟᱲᱟᱝ ᱢᱮᱞ ᱞᱮᱠᱷᱟ ᱫᱚ ᱱᱟᱣᱟ ᱟᱠᱟᱱᱟ"},{"$i":"tcl-notification-contact-assigned","$v":"ᱡᱚᱜᱟᱡᱳᱜ ᱮᱢ ᱟᱠᱟᱱᱟ ᱛᱟᱯᱤᱥ ᱠᱚᱞ ᱞᱟᱜᱤᱫ"},{"$i":"empty","$v":"ᱠᱷᱟᱞᱤ"},{"$i":"tcl-voice-mail","$v":"ᱟᱲᱟᱝ ᱢᱮᱞ"},{"$i":"contact-confirm-save","$v":"ᱡᱚᱜᱟᱡᱳᱜ ᱠᱷᱚᱵᱚᱨ ᱫᱚ ᱵᱮᱜᱤ ᱟᱠᱟᱱᱟ. ᱪᱤᱫ ᱟᱢ ᱱᱚᱣᱟ ᱡᱚᱜᱟᱡᱳᱜ ᱡᱚᱜᱟᱣ ᱥᱟᱱᱟᱭᱮᱜ ᱢᱮᱭᱟ"},{"$i":"contact-confirm-form-save","$v":"ᱵᱟᱜᱤᱭᱟᱜ ᱫᱚ ᱵᱚᱫᱚᱞᱚᱜ-ᱟ. ᱪᱤᱫ ᱟᱢ ᱱᱚᱣᱟ ᱡᱚᱜᱟᱡᱳᱜ ᱡᱚᱜᱟᱣ ᱥᱟᱱᱟᱭᱮᱜ ᱢᱮᱭᱟ?"},{"$i":"tcl-yes","$v":"ᱦᱚᱸ"},{"$i":"tcl-no","$v":"ᱵᱟᱝ"},{"$i":"tcl-default-ringtone","$v":"ᱟᱥᱚᱞ ᱨᱤᱸᱴᱚᱱ"},{"$i":"tcl-add-ringtone","$v":"ᱨᱤᱸᱜᱴᱚᱱ"},{"$i":"tcl-ringtone","$v":"ᱨᱤᱸᱜᱴᱚᱱ"},{"$i":"change-ringtone","$v":"ᱨᱤᱸᱜᱴᱚᱱ ᱵᱚᱫᱚᱞ"},{"$i":"delete-ringtone","$v":"ᱨᱤᱸᱜᱴᱚᱱ ᱢᱮᱴᱟᱣ"},{"$i":"tcl-settings-title","$v":"ᱡᱚᱜᱟᱡᱳᱜ ᱥᱮᱴᱤᱸᱜ"},{"$i":"settings-sort-contacts-title","$v":"ᱡᱚᱜᱟᱡᱳᱜ ᱠᱚ ᱠᱷᱟᱴᱚ"},{"$i":"tcl-oder-notification","$v":"ᱡᱚᱜᱟᱣᱟᱜ ᱵᱚᱫᱚᱞ"},{"$i":"changes-saved-notification","$v":"ᱡᱚᱜᱟᱣᱟᱜ ᱵᱚᱫᱚᱞ."},{"$i":"tcl-imported-status","$v":["ᱢᱮᱥᱟᱞ ᱟᱠᱟᱱ ᱡᱚᱜᱟᱡᱳᱜ ᱠᱚ ",{"t":"idOrVar","v":"numDups"}," ᱡᱚᱜᱟᱡᱳᱜ ᱠᱚ ",{"t":"idOrVar","v":"n"}," ᱟᱜᱩ ᱟᱠᱟᱱᱟ"]},{"$i":"tcl-on","$v":"ᱨᱮ"},{"$i":"tcl-off","$v":"ᱵᱚᱱᱫᱚ"},{"$i":"on","$v":"ᱨᱮ"},{"$i":"off","$v":"ᱵᱚᱱᱫᱚ"},{"$i":"tcl-contact-empty-number","$v":"ᱯᱷᱹᱚᱱ ᱞᱮᱠᱦᱟ ᱠᱷᱟᱞᱤ"},{"$i":"contact-no-dial-number","$v":"ᱰᱟᱭᱤᱞ ᱞᱟᱜᱤᱫ ᱯᱷᱹᱚᱱ ᱞᱮᱠᱷᱟ ᱵᱟᱱᱩᱜ-ᱟ."},{"$i":"tcl-select-number","$v":"ᱞᱮᱠᱷᱟ ᱵᱟᱪᱷᱟᱣ ᱢᱮ"},{"$i":"tcl-select-email","$v":"ᱤᱢᱮᱞ ᱵᱟᱪᱷᱟᱣ ᱢᱮ"},{"$i":"select-email","$v":"ᱤᱢᱮᱞ ᱵᱟᱪᱷᱟᱣ ᱢᱮ"},{"$i":"tcl-send-message","$v":"ᱠᱷᱚᱵᱚᱨ ᱠᱩᱞ"},{"$i":"send-email","$v":"ᱤᱢᱮᱞ ᱠᱩᱞ"},{"$i":"tcl-share","$v":"ᱦᱟᱴᱤᱧ"},{"$i":"tcl-find-duplicate","$v":"ᱱᱚᱠᱚᱞᱟᱜ ᱡᱚᱜᱟᱡᱳᱜ ᱠᱚ ᱥᱮᱸᱫᱨᱟ"},{"$i":"tcl-add-favorite","$v":"ᱠᱷᱩᱥᱤᱭᱟᱜ ᱞᱮᱠᱟ ᱥᱮᱞᱮᱫ"},{"$i":"tcl-remove-favorite","$v":"ᱵᱟᱝ ᱠᱷᱩᱥᱤᱭᱟᱜ"},{"$i":"tcl-link-social-networks","$v":"ᱥᱳᱥᱤᱭᱚᱞ ᱱᱮᱴᱣᱟᱨᱠ ᱞᱟᱜᱤᱫ ᱞᱤᱸᱠ"},{"$i":"tcl-delete","$v":"ᱢᱮᱴᱟᱣ"},{"$i":"tcl-detail-send-sms","$v":"ᱱᱟᱣᱟ SMS"},{"$i":"tcl-detail-call","$v":"ᱠᱚᱞ"},{"$i":"tcl-detail-send-email","$v":"ᱥᱤᱸᱡᱚᱱ"},{"$i":"sms","$v":"ᱠᱷᱚᱵᱚᱨ"},{"$i":"tcl-search-contact","$v":"ᱥᱮᱱᱨᱟ"},{"$i":"tcl-number","$v":["ᱞᱮᱠᱷᱟ ",{"t":"idOrVar","v":"number"}]},{"$i":"tcl-custom-dialog-replace-speed-dial","$v":["ᱪᱤᱛ ᱟᱢ ᱥᱟᱨᱤ ᱛᱮ ",{"t":"idOrVar","v":"oldSpeedDial"}," ᱥᱚᱛᱮᱜ ",{"t":"idOrVar","v":"newSpeedDial"}," ᱢᱮᱱᱟᱜ ᱪᱮᱛᱟᱱ ᱨᱮ ᱫᱚᱦᱚ ᱥᱟᱱᱟᱭᱮᱜ ᱢᱮᱭᱟ?"]},{"$i":"custom-dialog-remove-speed-dial","$v":["ᱪᱤᱛ ᱟᱢ ᱥᱟᱨᱤ ᱛᱮ ",{"t":"idOrVar","v":"name"}," ᱠᱷᱚᱱ ᱛᱟᱯᱤᱥ ᱰᱟᱭᱤᱞ ᱚᱪᱚᱜ ᱥᱟᱱᱟᱭᱮᱜ ᱢᱮᱭᱟ?"]},{"$i":"tcl-options","$v":"ᱵᱤᱠᱟᱞᱚᱯ"},{"$i":"tcl-success-merged","$v":[{"t":"idOrVar","v":"number"}," contact(s) ᱢᱮᱥᱟᱣ ᱟᱠᱟᱱᱟ"]},{"$i":"tcl-contact-confirm-merge","$v":["ᱪᱤᱫ ᱟᱢ ᱥᱟᱨᱤ ᱛᱮ ᱱᱚᱣᱟ ᱢᱮᱥᱟᱣ ᱥᱟᱱᱟᱭᱮᱜ ᱢᱮᱭᱟ ",{"t":"idOrVar","v":"count"}," ᱡᱚᱜᱟᱡᱳᱜ(ᱠᱚ) ᱥᱚᱛᱮᱜ ",{"t":"idOrVar","v":"name"},"?"]},{"$i":"tcl-merge","$v":"ᱢᱤᱞᱮᱣ"},{"$i":"add-speed-dial-failed-title","$v":"ᱛᱟᱯᱤᱥ ᱰᱟᱭᱮᱞ ᱰᱤᱜᱷᱮᱣᱟᱜ ᱥᱮᱞᱮᱫ"},{"$i":"add-speed-dial-failed-content","$v":[{"t":"idOrVar","v":"name"}," ᱞᱟᱦᱟ ᱠᱷᱚᱱ ᱜᱮ ᱛᱟᱯᱤᱥ ᱰᱟᱭᱤᱞ ᱨᱮ ᱢᱮᱱᱟᱜ-ᱟ, ᱱᱮᱦᱚᱨ ᱵᱟᱪᱷᱟᱣ ᱢᱮ ᱮᱴᱟᱜ ᱡᱚᱜᱟᱡᱳᱜ."]},{"$i":"merge","$v":"ᱢᱤᱞᱮᱣ"},{"$i":"tcl-attention","$v":"ᱥᱚᱸᱛᱚᱨ"},{"$i":"attention","$v":"ᱥᱚᱸᱛᱚᱨ"},{"$i":"tcl-speed-dial-add-contact","$v":{"$o":"ᱱᱚᱸᱰᱮ ᱫᱚ ᱡᱚᱜᱟᱡᱳᱜ ᱵᱟᱱᱩᱜ-ᱟ. <br><br> ᱱᱮᱦᱚᱨ ᱡᱚᱜᱟᱡᱳᱜ ᱵᱤᱱᱟᱣ ᱢᱮ."}},{"$i":"tcl-voice-mail-header","$v":"ᱟᱲᱟᱝ ᱢᱮᱞ"},{"$i":"tcl-voice-mail-number","$v":"ᱟᱲᱟᱝ ᱢᱮᱞ ᱞᱮᱠᱷᱟ"},{"$i":"tcl-select-all","$v":"ᱡᱚᱛᱚ ᱵᱟᱪᱷᱟᱣ"},{"$i":"tcl-deselect-all","$v":"ᱡᱚᱛᱚ ᱚᱵᱟᱪᱷᱟᱣ"},{"$i":"systemring","$v":"ᱨᱤᱸᱜᱴᱚᱱ"},{"$i":"moremusic","$v":"ᱨᱟᱡᱟᱱ~ᱵᱟᱡᱚᱱ"},{"$i":"tcl-add-ringselect","$v":"ᱠᱷᱚᱱ ᱵᱟᱪᱷᱟᱣ ᱢᱮ"},{"$i":"type-select","$v":"ᱵᱟᱪᱷᱟᱣ"},{"$i":"dialnum-view","$v":"ᱧᱮᱸᱞ"},{"$i":"select-a-contact-title","$v":"ᱵᱟᱪᱷᱟᱣ ᱢᱮ A ᱡᱚᱜᱟᱡᱳᱜ"},{"$i":"select-a-number-title","$v":"ᱵᱟᱪᱷᱟᱣ ᱢᱮ A ᱞᱮᱠᱷᱟ"},{"$i":"invalid-vcf-file","$v":"vcf fil ᱵᱟᱝ ᱜᱟᱱᱚᱜ"},{"$i":"voiceMail","$v":"ᱟᱲᱟᱝᱢᱮᱞ"},{"$i":"back","$v":"ᱨᱩᱣᱮᱲ"},{"$i":"noSimMsg","$v":"ᱟᱢᱟᱜ SIM ᱠᱟᱨᱰ ᱠᱩᱞᱩᱯ ᱡᱷᱤᱡ ᱟᱨᱵᱟᱝᱠᱷᱟᱱ ᱟᱫᱮᱨ ᱢᱮ ᱡᱚᱜᱟᱡᱳᱜ ᱠᱚ ᱟᱜᱩ ᱞᱟᱜᱤᱫ"},{"$i":"noMemoryCardMsg","$v":"ᱢᱮᱢᱚᱨᱤ ᱠᱟᱨᱰ ᱟᱫᱮᱨ ᱢᱮ ᱡᱚᱜᱟᱡᱳᱜ ᱟᱜᱩ ᱞᱟᱜᱤᱫ"},{"$i":"importMemoryCard","$v":"ᱢᱮᱢᱚᱨᱤ ᱠᱟᱨᱰ"},{"$i":"noConnection11","$v":"WiFi ᱰᱮᱴᱟ ᱱᱮᱴᱣᱟᱨᱠ ᱞᱟᱜᱤᱫ ᱡᱩᱲᱟᱣ ᱟᱠᱟᱱᱟ ᱡᱚᱜᱟᱡᱳᱜ ᱟᱨᱵᱟᱝᱠᱷᱟᱱ Facebook ᱜᱟᱛᱤ ᱠᱚ ᱟᱜᱩ ᱞᱟᱜᱤᱫ"},{"$i":"emptyAccount","$v":"ᱱᱚᱣᱟ ᱠᱷᱟᱛᱟ ᱞᱟᱜᱤᱫ ᱜᱟᱛᱤ ᱠᱚ ᱟᱨ ᱵᱟᱝ ᱠᱷᱟᱱ ᱡᱚᱜᱟᱡᱳᱜ ᱠᱚ ᱵᱟᱱᱩᱜ-ᱟ."},{"$i":"simContacts-import","$v":"SIM ᱡᱚᱜᱟᱡᱳᱜ ᱠᱚ ᱟᱜᱩ"},{"$i":"simContacts-importing","$v":"SIM ᱠᱟᱨᱰ ᱠᱷᱚᱱ ᱡᱚᱜᱟᱡᱳᱜ ᱠᱚ ᱟᱜᱩᱜ ᱠᱟᱱᱟ"},{"$i":"simContacts-reading","$v":"SIM ᱠᱟᱨᱰ ᱠᱷᱚᱱ ᱡᱚᱜᱟᱡᱳᱜ ᱠᱚ ᱯᱟᱲᱦᱟᱜ ᱠᱟᱱᱟ…"},{"$i":"simContacts-error","$v":"SIM ᱠᱷᱚᱱ ᱫᱚ ᱡᱚᱜᱟᱡᱳᱜ ᱠᱚ ᱵᱟᱝ ᱮᱢ ᱟᱜᱩ ᱫᱟᱲᱤᱭᱟᱜ-ᱟ"},{"$i":"simContacts-imported3","$v":{"zero":"ᱟᱜᱩ ᱞᱟᱜᱤᱫ SIM ᱨᱮ ᱡᱚᱜᱟᱡᱳᱜ ᱠᱚ ᱵᱟᱝ ᱧᱟᱢᱚᱜ ᱠᱟᱱᱟ","one":"ᱢᱤᱛ ᱡᱚᱜᱟᱡᱳᱜ ᱟᱜᱩ ᱟᱠᱟᱱᱟ","two":[{"t":"idOrVar","v":"n"}," ᱡᱚᱜᱟᱡᱳᱜ ᱠᱚ ᱟᱜᱩ ᱟᱠᱟᱱᱟ"],"few":[{"t":"idOrVar","v":"n"}," ᱡᱚᱜᱟᱡᱳᱜ ᱠᱚ ᱟᱜᱩ ᱟᱠᱟᱱᱟ"],"many":[{"t":"idOrVar","v":"n"}," ᱡᱚᱜᱟᱡᱳᱜ ᱠᱚ ᱟᱜᱩ ᱟᱠᱟᱱᱟ"],"other":[{"t":"idOrVar","v":"n"}," ᱡᱚᱜᱟᱡᱳᱜ ᱠᱚ ᱟᱜᱩ ᱟᱠᱟᱱᱟ"]},"$x":[{"t":"idOrVar","v":"plural"},"n"]},{"$i":"memoryCardContacts-import","$v":"ᱢᱮᱢᱚᱨᱤ ᱠᱟᱨᱰ ᱠᱷᱚᱱ ᱡᱚᱜᱟᱡᱳᱜ ᱠᱚ ᱟᱜᱩ"},{"$i":"memoryCardContacts-importing","$v":"ᱢᱮᱢᱚᱨᱤ ᱠᱟᱨᱰ ᱠᱷᱚᱱ ᱡᱚᱜᱟᱡᱳᱜ ᱠᱚ ᱟᱜᱩᱜ ᱠᱟᱱᱟ"},{"$i":"memoryCardContacts-reading","$v":"ᱢᱮᱢᱚᱨᱤ ᱠᱟᱨᱰ ᱠᱷᱚᱱ ᱡᱚᱜᱟᱡᱳᱜ ᱠᱚ ᱯᱟᱲᱦᱟᱜ ᱠᱟᱱᱟ…"},{"$i":"memoryCardContacts-error","$v":"ᱵᱟᱝ ᱟᱜᱩ ᱫᱟᱲᱤᱭᱟᱜ-ᱟ? ᱢᱮᱢᱚᱨᱤ ᱠᱷᱚᱱ ᱡᱚᱜᱟᱡᱳᱜ ᱠᱚ"},{"$i":"memoryCardContacts-imported3","$v":{"zero":"ᱟᱜᱩ ᱞᱟᱜᱤᱫ ᱢᱮᱢᱚᱨᱤ ᱠᱟᱨᱰ ᱨᱮ ᱡᱚᱜᱟᱡᱳᱜ ᱠᱚ ᱵᱟᱝ ᱧᱟᱢᱚᱜ ᱠᱟᱱᱟ","one":"ᱢᱤᱛ ᱡᱚᱜᱟᱡᱳᱜ ᱟᱜᱩ ᱟᱠᱟᱱᱟ","two":[{"t":"idOrVar","v":"n"}," ᱡᱚᱜᱟᱡᱳᱜ ᱠᱚ ᱟᱜᱩ ᱟᱠᱟᱱᱟ"],"few":[{"t":"idOrVar","v":"n"}," ᱡᱚᱜᱟᱡᱳᱜ ᱠᱚ ᱟᱜᱩ ᱟᱠᱟᱱᱟ"],"many":[{"t":"idOrVar","v":"n"}," ᱡᱚᱜᱟᱡᱳᱜ ᱠᱚ ᱟᱜᱩ ᱟᱠᱟᱱᱟ"],"other":[{"t":"idOrVar","v":"n"}," ᱡᱚᱜᱟᱡᱳᱜ ᱠᱚ ᱟᱜᱩ ᱟᱠᱟᱱᱟ"]},"$x":[{"t":"idOrVar","v":"plural"},"n"]},{"$i":"genericProgress","$v":[{"t":"idOrVar","v":"current"},"/",{"t":"idOrVar","v":"total"}]},{"$i":"facebook","$v":"Facebook"},{"$i":"facebook-import-msg2","$v":[{"t":"idOrVar","v":"imported"},"/",{"t":"idOrVar","v":"total"}," ᱜᱟᱛᱤ ᱠᱚ ᱟᱜᱩ ᱟᱠᱟᱱᱟ"]},{"$i":"contactsMerged","$v":{"zero":"ᱱᱚᱠᱚᱞᱟᱜ ᱡᱚᱜᱟᱡᱳᱜ ᱠᱚ ᱵᱟᱝ ᱢᱮᱥᱟᱣ ᱟᱠᱟᱱᱟ","one":"ᱢᱤᱞ ᱱᱚᱠᱚᱞᱟᱜ ᱡᱚᱜᱟᱡᱳᱜ ᱢᱤᱥᱟᱣ ᱟᱠᱟᱱᱟ","two":[{"t":"idOrVar","v":"numDups"}," ᱡᱚᱜᱟᱡᱳᱜ ᱠᱚ ᱢᱮᱥᱟᱣ ᱟᱠᱟᱱᱟ"],"few":[{"t":"idOrVar","v":"numDups"}," ᱡᱚᱜᱟᱡᱳᱜ ᱠᱚ ᱢᱮᱥᱟᱣ ᱟᱠᱟᱱᱟ"],"many":[{"t":"idOrVar","v":"numDups"}," ᱡᱚᱜᱟᱡᱳᱜ ᱠᱚ ᱢᱮᱥᱟᱣ ᱟᱠᱟᱱᱟ"],"other":[{"t":"idOrVar","v":"numDups"}," ᱡᱚᱜᱟᱡᱳᱜ ᱠᱚ ᱢᱮᱥᱟᱣ ᱟᱠᱟᱱᱟ"]},"$x":[{"t":"idOrVar","v":"plural"},"numDups"]},{"$i":"weekday-0-long","$v":"ᱥᱤᱸᱜᱮᱢᱟᱦᱟ"},{"$i":"weekday-1-long","$v":"ᱚᱛᱮᱢᱟᱦᱟ"},{"$i":"weekday-2-long","$v":"ᱵᱟᱞᱮᱢᱟᱦᱟ"},{"$i":"weekday-3-long","$v":"ᱥᱟᱹᱜᱩᱱᱢᱟᱦᱟ"},{"$i":"weekday-4-long","$v":"ᱥᱟᱨᱫᱤᱢᱟᱦᱟ"},{"$i":"weekday-5-long","$v":"ᱡᱟᱨᱩᱢᱢᱟᱦᱟ"},{"$i":"weekday-6-long","$v":"ᱧᱩᱦᱩᱢᱢᱟᱦᱟ"},{"$i":"weekday-0-short","$v":"ᱪᱟᱸᱫᱩ"},{"$i":"weekday-1-short","$v":"ᱢᱳᱱ"},{"$i":"weekday-2-short","$v":"ᱥᱟᱜᱩᱱ"},{"$i":"weekday-3-short","$v":"ᱥᱟᱜᱩᱱ"},{"$i":"weekday-4-short","$v":"ᱛᱷᱩ"},{"$i":"weekday-5-short","$v":"ᱜᱟᱛᱤ"},{"$i":"weekday-6-short","$v":"ᱥᱮᱴ"},{"$i":"month-0-long","$v":"ᱯᱩᱥ"},{"$i":"month-1-long","$v":"ᱢᱟᱜ"},{"$i":"month-2-long","$v":"ᱯᱷᱹᱟᱜᱩᱱ"},{"$i":"month-3-long","$v":"ᱪᱮᱛ"},{"$i":"month-4-long","$v":"ᱵᱮᱭᱥᱮᱠᱷ"},{"$i":"month-5-long","$v":"ᱡᱩᱥᱴᱤ"},{"$i":"month-6-long","$v":"ᱟᱥᱟᱲ"},{"$i":"month-7-long","$v":"ᱥᱚᱨᱟᱵᱚᱱ"},{"$i":"month-8-long","$v":"ᱵᱷᱟᱨᱫᱚᱨ"},{"$i":"month-9-long","$v":"ᱟᱥᱤᱱ"},{"$i":"month-10-long","$v":"ᱠᱟᱨᱛᱤᱠ"},{"$i":"month-11-long","$v":"ᱟᱜᱷᱟᱸᱲ"},{"$i":"month-0-genitive","$v":"ᱯᱩᱥ"},{"$i":"month-1-genitive","$v":"ᱢᱟᱜ"},{"$i":"month-2-genitive","$v":"ᱯᱷᱹᱟᱜᱩᱱ"},{"$i":"month-3-genitive","$v":"ᱪᱮᱛ"},{"$i":"month-4-genitive","$v":"ᱵᱮᱭᱥᱮᱠᱷ"},{"$i":"month-5-genitive","$v":"ᱡᱩᱥᱴᱤ"},{"$i":"month-6-genitive","$v":"ᱟᱥᱟᱲ"},{"$i":"month-7-genitive","$v":"ᱥᱚᱨᱟᱵᱚᱱ"},{"$i":"month-8-genitive","$v":"ᱵᱷᱟᱨᱫᱚᱨ"},{"$i":"month-9-genitive","$v":"ᱟᱥᱤᱱ"},{"$i":"month-10-genitive","$v":"ᱠᱟᱨᱛᱤᱠ"},{"$i":"month-11-genitive","$v":"ᱟᱜᱷᱟᱸᱲ"},{"$i":"month-0-short","$v":"ᱯᱩᱥ"},{"$i":"month-1-short","$v":"ᱢᱟᱜ"},{"$i":"month-2-short","$v":"ᱢᱟᱨ"},{"$i":"month-3-short","$v":"ᱪᱮᱛ"},{"$i":"month-4-short","$v":"ᱵᱮᱭᱥᱮᱠᱷ"},{"$i":"month-5-short","$v":"ᱡᱩᱥᱴᱤ"},{"$i":"month-6-short","$v":"ᱟᱥᱟᱲ"},{"$i":"month-7-short","$v":"ᱥᱚᱨᱟᱵᱚᱱ"},{"$i":"month-8-short","$v":"ᱥᱮᱯ"},{"$i":"month-9-short","$v":"ᱟᱥᱤᱱ"},{"$i":"month-10-short","$v":"ᱠᱟᱨᱛᱤᱠ"},{"$i":"month-11-short","$v":"ᱟᱜᱷᱟᱸᱲ"},{"$i":"minutes-ago-long","$v":{"zero":"ᱧᱤᱛ ᱜᱮ","one":"ᱢᱤᱛ ᱴᱤᱯᱤᱡ ᱞᱟᱦᱟ","two":[{"t":"idOrVar","v":"value"}," ᱪᱟᱞᱟᱣᱮᱱ ᱴᱤᱯᱤᱡ ᱠᱚ"],"few":[{"t":"idOrVar","v":"value"}," ᱪᱟᱞᱟᱣᱮᱱ ᱴᱤᱯᱤᱡ ᱠᱚ"],"many":[{"t":"idOrVar","v":"value"}," ᱪᱟᱞᱟᱣᱮᱱ ᱴᱤᱯᱤᱡ ᱠᱚ"],"other":[{"t":"idOrVar","v":"value"}," ᱪᱟᱞᱟᱣᱮᱱ ᱴᱤᱯᱤᱡ ᱠᱚ"]},"$x":[{"t":"idOrVar","v":"plural"},"value"]},{"$i":"hours-ago-long","$v":{"zero":"ᱧᱤᱛ ᱜᱮ","one":"ᱢᱤᱛ ᱜᱷᱚᱱᱴᱟ ᱞᱟᱦᱟ","two":[{"t":"idOrVar","v":"value"}," ᱪᱟᱞᱟᱣᱮᱱ ᱢᱟᱦᱟ ᱠᱚ"],"few":[{"t":"idOrVar","v":"value"}," ᱪᱟᱞᱟᱣᱮᱱ ᱢᱟᱦᱟ ᱠᱚ"],"many":[{"t":"idOrVar","v":"value"}," ᱪᱟᱞᱟᱣᱮᱱ ᱢᱟᱦᱟ ᱠᱚ"],"other":[{"t":"idOrVar","v":"value"}," ᱪᱟᱞᱟᱣᱮᱱ ᱢᱟᱦᱟ ᱠᱚ"]},"$x":[{"t":"idOrVar","v":"plural"},"value"]},{"$i":"days-ago-long","$v":{"zero":"ᱛᱤᱦᱤᱧ","one":"ᱦᱚᱞᱟ","two":[{"t":"idOrVar","v":"value"}," ᱢᱟᱦᱟ ᱠᱚ ᱞᱟᱦᱟ"],"few":[{"t":"idOrVar","v":"value"}," ᱢᱟᱦᱟ ᱠᱚ ᱞᱟᱦᱟ"],"many":[{"t":"idOrVar","v":"value"}," ᱢᱟᱦᱟ ᱠᱚ ᱞᱟᱦᱟ"],"other":[{"t":"idOrVar","v":"value"}," ᱢᱟᱦᱟ ᱠᱚ ᱞᱟᱦᱟ"]},"$x":[{"t":"idOrVar","v":"plural"},"value"]},{"$i":"weeks-ago-long","$v":{"zero":"ᱱᱚᱣᱟ ᱦᱚᱯᱛᱟ","one":"ᱢᱩᱪᱮᱫ ᱦᱚᱯᱛᱟ","two":[{"t":"idOrVar","v":"value"}," ᱪᱟᱞᱟᱣᱮᱱ ᱦᱚᱯᱛᱟ"],"few":[{"t":"idOrVar","v":"value"}," ᱪᱟᱞᱟᱣᱮᱱ ᱦᱚᱯᱛᱟ"],"many":[{"t":"idOrVar","v":"value"}," ᱪᱟᱞᱟᱣᱮᱱ ᱦᱚᱯᱛᱟ"],"other":[{"t":"idOrVar","v":"value"}," ᱪᱟᱞᱟᱣᱮᱱ ᱦᱚᱯᱛᱟ"]},"$x":[{"t":"idOrVar","v":"plural"},"value"]},{"$i":"months-ago-long","$v":{"zero":"ᱱᱚᱣᱟ ᱪᱟᱸᱫᱩ","one":"ᱢᱩᱪᱮᱫ ᱪᱟᱸᱫᱩ","two":[{"t":"idOrVar","v":"value"}," ᱪᱟᱞᱟᱣᱮᱱ ᱪᱟᱸᱫᱩ ᱠᱚ"],"few":[{"t":"idOrVar","v":"value"}," ᱪᱟᱞᱟᱣᱮᱱ ᱪᱟᱸᱫᱩ ᱠᱚ"],"many":[{"t":"idOrVar","v":"value"}," ᱪᱟᱞᱟᱣᱮᱱ ᱪᱟᱸᱫᱩ ᱠᱚ"],"other":[{"t":"idOrVar","v":"value"}," ᱪᱟᱞᱟᱣᱮᱱ ᱪᱟᱸᱫᱩ ᱠᱚ"]},"$x":[{"t":"idOrVar","v":"plural"},"value"]},{"$i":"years-ago-long","$v":{"zero":"ᱱᱚᱣᱟ ᱥᱮᱨᱢᱟ","one":"ᱢᱩᱪᱮᱫ ᱵᱚᱪᱷᱚᱨ","two":[{"t":"idOrVar","v":"value"}," ᱪᱟᱞᱟᱣᱮᱱ ᱥᱮᱨᱢᱟ"],"few":[{"t":"idOrVar","v":"value"}," ᱪᱟᱞᱟᱣᱮᱱ ᱥᱮᱨᱢᱟ"],"many":[{"t":"idOrVar","v":"value"}," ᱪᱟᱞᱟᱣᱮᱱ ᱥᱮᱨᱢᱟ"],"other":[{"t":"idOrVar","v":"value"}," ᱪᱟᱞᱟᱣᱮᱱ ᱥᱮᱨᱢᱟ"]},"$x":[{"t":"idOrVar","v":"plural"},"value"]},{"$i":"minutes-until-long","$v":{"zero":"ᱧᱤᱛ","one":"ᱴᱤᱯᱤᱡ ᱨᱮ","two":["ᱨᱮ ",{"t":"idOrVar","v":"value"}," ᱴᱤᱯᱤᱡ ᱠᱚ"],"few":["ᱨᱮ ",{"t":"idOrVar","v":"value"}," ᱴᱤᱯᱤᱡ ᱠᱚ"],"many":["ᱨᱮ ",{"t":"idOrVar","v":"value"}," ᱴᱤᱯᱤᱡ ᱠᱚ"],"other":["ᱨᱮ ",{"t":"idOrVar","v":"value"}," ᱴᱤᱯᱤᱡ ᱠᱚ"]},"$x":[{"t":"idOrVar","v":"plural"},"value"]},{"$i":"hours-until-long","$v":{"zero":"ᱧᱤᱛ","one":"ᱜᱷᱚᱱᱴᱟ ᱨᱮ","two":["ᱨᱮ ",{"t":"idOrVar","v":"value"}," ᱜᱷᱚᱱᱴᱟ ᱠᱚ"],"few":["ᱨᱮ ",{"t":"idOrVar","v":"value"}," ᱜᱷᱚᱱᱴᱟ ᱠᱚ"],"many":["ᱨᱮ ",{"t":"idOrVar","v":"value"}," ᱜᱷᱚᱱᱴᱟ ᱠᱚ"],"other":["ᱨᱮ ",{"t":"idOrVar","v":"value"}," ᱜᱷᱚᱱᱴᱟ ᱠᱚ"]},"$x":[{"t":"idOrVar","v":"plural"},"value"]},{"$i":"days-until-long","$v":{"zero":"ᱛᱤᱦᱤᱧ","one":"ᱜᱟᱯᱟ","two":["ᱨᱮ ",{"t":"idOrVar","v":"value"}," ᱢᱟᱦᱟ ᱠᱚ"],"few":["ᱨᱮ ",{"t":"idOrVar","v":"value"}," ᱢᱟᱦᱟ ᱠᱚ"],"many":["ᱨᱮ ",{"t":"idOrVar","v":"value"}," ᱢᱟᱦᱟ ᱠᱚ"],"other":["ᱨᱮ ",{"t":"idOrVar","v":"value"}," ᱢᱟᱦᱟ ᱠᱚ"]},"$x":[{"t":"idOrVar","v":"plural"},"value"]},{"$i":"weeks-until-long","$v":{"zero":"ᱱᱚᱣᱟ ᱦᱚᱯᱛᱟ","one":"ᱫᱟᱨᱟᱭ ᱠᱟᱱ ᱦᱚᱯᱛᱟ","two":["ᱨᱮ ",{"t":"idOrVar","v":"value"}," ᱦᱚᱯᱛᱟ ᱠᱚ"],"few":["ᱨᱮ ",{"t":"idOrVar","v":"value"}," ᱦᱚᱯᱛᱟ ᱠᱚ"],"many":["ᱨᱮ ",{"t":"idOrVar","v":"value"}," ᱦᱚᱯᱛᱟ ᱠᱚ"],"other":["ᱨᱮ ",{"t":"idOrVar","v":"value"}," ᱦᱚᱯᱛᱟ ᱠᱚ"]},"$x":[{"t":"idOrVar","v":"plural"},"value"]},{"$i":"months-until-long","$v":{"zero":"ᱱᱚᱣᱟ ᱪᱟᱸᱫᱩ","one":"ᱫᱟᱨᱟᱭ ᱠᱟᱱ ᱪᱟᱸᱫᱩ","two":["ᱨᱮ ",{"t":"idOrVar","v":"value"}," ᱪᱟᱸᱫᱩ ᱠᱚ"],"few":["ᱨᱮ ",{"t":"idOrVar","v":"value"}," ᱪᱟᱸᱫᱩ ᱠᱚ"],"many":["ᱨᱮ ",{"t":"idOrVar","v":"value"}," ᱪᱟᱸᱫᱩ ᱠᱚ"],"other":["ᱨᱮ ",{"t":"idOrVar","v":"value"}," ᱪᱟᱸᱫᱩ ᱠᱚ"]},"$x":[{"t":"idOrVar","v":"plural"},"value"]},{"$i":"years-until-long","$v":{"zero":"ᱱᱚᱣᱟ ᱥᱮᱨᱢᱟ","one":"ᱫᱟᱨᱟᱭ ᱠᱟᱱ ᱥᱮᱨᱢᱟ","two":["ᱨᱮ ",{"t":"idOrVar","v":"value"}," ᱥᱮᱨᱢᱟ ᱠᱚ"],"few":["ᱨᱮ ",{"t":"idOrVar","v":"value"}," ᱥᱮᱨᱢᱟ ᱠᱚ"],"many":["ᱨᱮ ",{"t":"idOrVar","v":"value"}," ᱥᱮᱨᱢᱟ ᱠᱚ"],"other":["ᱨᱮ ",{"t":"idOrVar","v":"value"}," ᱥᱮᱨᱢᱟ ᱠᱚ"]},"$x":[{"t":"idOrVar","v":"plural"},"value"]},{"$i":"minutes-ago-short","$v":{"zero":"ᱧᱤᱛ ᱜᱮ","other":[{"t":"idOrVar","v":"value"}," ᱪᱟᱞᱟᱣ ᱴ"]},"$x":[{"t":"idOrVar","v":"plural"},"value"]},{"$i":"hours-ago-short","$v":{"zero":"ᱧᱤᱛ ᱜᱮ","other":[{"t":"idOrVar","v":"value"}," ᱪᱟᱞᱟᱣᱮᱱ ᱜ"]},"$x":[{"t":"idOrVar","v":"plural"},"value"]},{"$i":"days-ago-short","$v":{"zero":"ᱛᱤᱦᱤᱧ","other":[{"t":"idOrVar","v":"value"}," ᱪᱟᱞᱟᱣᱮᱱ ᱢ"]},"$x":[{"t":"idOrVar","v":"plural"},"value"]},{"$i":"minutes-until-short","$v":{"zero":"ᱧᱤᱛ","other":["ᱨᱮ ",{"t":"idOrVar","v":"value"},"ᱴ"]},"$x":[{"t":"idOrVar","v":"plural"},"value"]},{"$i":"hours-until-short","$v":{"zero":"ᱧᱤᱛ","other":["ᱨᱮ ",{"t":"idOrVar","v":"value"},"ᱜ"]},"$x":[{"t":"idOrVar","v":"plural"},"value"]},{"$i":"days-until-short","$v":{"zero":"ᱛᱤᱦᱤᱧ","other":["ᱨᱮ ",{"t":"idOrVar","v":"value"},"ᱢ"]},"$x":[{"t":"idOrVar","v":"plural"},"value"]},{"$i":"incorrectDate","$v":"(ᱛᱨᱤᱠᱷ ᱫᱚ ᱵᱷᱩᱞ ᱜᱮᱭᱟ)"},{"$i":"dateTimeFormat_%c","$v":"%a %b %e %Y %I:%M:%S %p"},{"$i":"dateTimeFormat_%x","$v":"%m/%d/%Y"},{"$i":"dateTimeFormat_%X","$v":"%I:%M:%S %p"},{"$i":"shortTimeFormat","$v":"%I:%M %p"},{"$i":"shortTimeFormat12","$v":"%I:%M %p"},{"$i":"shortTimeFormat24","$v":"%H:%M"},{"$i":"shortDateTimeFormat","$v":"%x %I:%M %p"},{"$i":"weekStartsOnMonday","$v":"0"},{"$i":"firstDayOfTheWeek","$v":"0"},{"$i":"time_am","$v":"AM"},{"$i":"time_pm","$v":"PM"},{"$i":"label","$v":"ᱥᱟᱨ"},{"$i":"mobile","$v":"ᱢᱳᱵᱟᱭᱤᱞ"},{"$i":"home","$v":"ᱚᱲᱟᱜ"},{"$i":"work","$v":"ᱠᱟᱹᱢᱤ"},{"$i":"personal","$v":"ᱟᱯᱱᱟᱨ"},{"$i":"faxHome","$v":"ᱚᱲᱟᱜ ᱯᱷᱹᱮᱠᱥ"},{"$i":"faxOffice","$v":"ᱠᱟᱨᱭᱟᱞᱚ ᱯᱷᱹᱮᱠᱥ"},{"$i":"faxOther","$v":"ᱮᱴᱟᱜ ᱯᱷᱹᱮᱠᱥ"},{"$i":"another","$v":"ᱮᱴᱟᱜ"},{"$i":"other","$v":"ᱮᱴᱟᱜ"},{"$i":"tcl-customTag","$v":"ᱠᱷᱩᱥᱤᱭᱟᱜ ᱰᱩᱨᱭᱮ"},{"$i":"customTag","$v":"ᱠᱷᱩᱥᱤᱭᱟᱜ ᱰᱩᱨᱭᱮ","placeholder":"ᱠᱷᱩᱥᱤᱭᱟᱜ ᱰᱩᱨᱭᱮ"},{"$i":"current","$v":"ᱦᱟᱞᱤ"},{"$i":"itemWithLabel","$v":[{"t":"idOrVar","v":"label"},", ",{"t":"idOrVar","v":"item"}]},{"$i":"waitDuplicateContacts","$v":"ᱡᱚᱜᱟᱡᱳᱜ ᱠᱚ ᱱᱚᱠᱚᱞ ᱞᱟᱜᱤᱫ ᱧᱮᱞ"},{"$i":"waitMergingDuplicateContacts","$v":"ᱱᱚᱠᱚᱞᱟᱜ ᱡᱚᱜᱟᱡᱳᱜ ᱠᱚ ᱢᱮᱞᱮᱜ ᱠᱟᱱᱟ"},{"$i":"alertNoDuplicateContacts","$v":"ᱱᱚᱠᱚᱞᱟᱜ ᱡᱚᱜᱟᱡᱳᱜ ᱵᱟᱝ ᱧᱟᱢ ᱟᱠᱟᱱᱟ"},{"$i":"curtainCancel","$v":"ᱢᱩᱪᱮᱫ"},{"$i":"close","$v":"ᱵᱟᱪᱷᱟᱣ"},{"$i":"mergeDuplicateTitle","$v":"ᱱᱚᱠᱚᱞᱟᱜ ᱧᱟᱢ ᱟᱠᱟᱱᱟ"},{"$i":"suggestedDuplicatesMessage","innerHTML":{"$o":["<bdi>",{"t":"idOrVar","v":"name"},"</bdi> ᱞᱟᱜᱤᱫ ᱡᱚᱜᱟᱡᱳᱜ ᱠᱚ ᱱᱚᱠᱚᱞ ᱵᱟᱛᱞᱟᱣᱟᱜ"]}},{"$i":"mergeActionButtonLabel","$v":{"zero":"ᱵᱟᱪᱷᱟᱣ ᱟᱠᱟᱱ ᱡᱚᱜᱟᱡᱳᱜ ᱵᱟᱱᱩᱜ-ᱟ","one":[{"t":"idOrVar","v":"n"}," ᱡᱚᱜᱟᱡᱳᱜ ᱥᱚᱛᱮᱜ ᱢᱮᱞᱮᱣ ᱢᱮ"],"two":[{"t":"idOrVar","v":"n"}," ᱡᱚᱜᱟᱡᱳᱜ ᱠᱚ ᱥᱚᱛᱮᱜ ᱢᱮᱞᱮᱣ ᱢᱮ"],"few":[{"t":"idOrVar","v":"n"}," ᱡᱚᱜᱟᱡᱳᱜ ᱠᱚ ᱥᱚᱛᱮᱜ ᱢᱮᱞᱮᱣ ᱢᱮ"],"many":[{"t":"idOrVar","v":"n"}," ᱡᱚᱜᱟᱡᱳᱜ ᱠᱚ ᱥᱚᱛᱮᱜ ᱢᱮᱞᱮᱣ ᱢᱮ"],"other":[{"t":"idOrVar","v":"n"}," ᱡᱚᱜᱟᱡᱳᱜ ᱠᱚ ᱥᱚᱛᱮᱜ ᱢᱮᱞᱮᱣ ᱢᱮ"]},"$x":[{"t":"idOrVar","v":"plural"},"n"]},{"$i":"duplicatesFoundTitle","$v":"ᱱᱚᱠᱚᱞᱟᱜ ᱧᱟᱢ ᱟᱠᱟᱱᱟ"},{"$i":"foundDuplicatesMessage","innerHTML":"ᱯᱚᱸᱡᱟ ᱟᱠᱟᱫ ᱡᱚᱜᱟᱡᱳᱜ ᱠᱚ ᱱᱚᱠᱚᱞᱟᱜ ᱠᱷᱚᱵᱚᱨ ᱧᱟᱢ ᱟᱠᱟᱱ ᱨᱮ. ᱪᱮᱫ ᱟᱢ ᱢᱤᱞᱮᱣ ᱥᱟᱱᱟᱭᱮᱜ ᱢᱮᱧᱟ?"},{"$i":"tcl-merge-selected-counts","$v":[{"t":"idOrVar","v":"n"}," ᱵᱟᱪᱷᱟᱣ ᱟᱠᱟᱱᱟᱜ"]},{"$i":"tcl-wait-duplicate-contacts","$v":"ᱱᱚᱠᱚᱞᱟᱜ ᱡᱚᱜᱟᱡᱳᱜ ᱠᱚ ᱥᱮᱸᱫᱨᱟ"},{"$i":"tcl-wait-txt","$v":"ᱡᱚᱜᱟᱡᱳᱜ ᱠᱚ ᱱᱚᱠᱚᱞ ᱞᱟᱜᱤᱫ ᱧᱮᱞ…."},{"$i":"import","$v":"ᱟᱜᱩ"},{"$i":"fbFriends","$v":"Facebook ᱜᱟᱛᱤ ᱠᱚ"},{"$i":"live-serviceName","$v":"Outlook"},{"$i":"gmail-serviceName","$v":"Gmail"},{"$i":"facebook-serviceName","$v":"Facebook ᱜᱟᱛᱤ ᱠᱚ"},{"$i":"viewAll","$v":"ᱧᱮᱞ ᱢᱮ ᱡᱚᱛᱚ Facebook ᱜᱟᱛᱤ ᱠᱚ"},{"$i":"viewRecommend","$v":"ᱮᱠᱮᱱ ᱵᱟᱛᱟᱣᱟᱜ ᱧᱮᱢ ᱢᱮ"},{"$i":"linkProposal","$v":{"zero":"ᱜᱟᱛᱤ ᱡᱩᱲᱤ ᱠᱚ ᱵᱟᱱᱩᱜ-ᱟ. ᱡᱚᱛᱚ ᱥᱚᱫᱚᱨᱚᱜ ᱠᱟᱱᱟ","one":"ᱱᱚᱣᱟ ᱢᱤᱛ ᱵᱟᱛᱞᱟᱣᱟᱜ ᱵᱟᱪᱷᱟᱣ ᱢᱮ","two":"ᱢᱤᱛ ᱵᱟᱛᱞᱟᱣᱟᱜ ᱵᱟᱪᱷᱟᱣ ᱢᱮ","few":"ᱢᱤᱛ ᱵᱟᱛᱞᱟᱣᱟᱜ ᱵᱟᱪᱷᱟᱣ ᱢᱮ","many":"ᱢᱤᱛ ᱵᱟᱛᱞᱟᱣᱟᱜ ᱵᱟᱪᱷᱟᱣ ᱢᱮ","other":"ᱢᱤᱛ ᱵᱟᱛᱞᱟᱣᱟᱜ ᱵᱟᱪᱷᱟᱣ ᱢᱮ"},"$x":[{"t":"idOrVar","v":"plural"},"numFriends"]},{"$i":"fbFriendsFound","$v":{"zero":"ᱡᱚᱛᱚ ᱟᱢ ᱨᱮᱱ ᱜᱟᱛᱤ ᱠᱚ ᱟᱨᱜᱩ ᱟᱠᱟᱱᱟ","one":"ᱟᱜᱩ ᱠᱷᱚᱱ ᱢᱤᱛ ᱜᱟᱛᱤ ᱧᱟᱢ ᱟᱠᱟᱱᱟ","two":["ᱟᱜᱩ ᱠᱷᱚᱱ ",{"t":"idOrVar","v":"numFriends"}," ᱜᱟᱛᱤ ᱧᱟᱢ ᱟᱠᱟᱱᱟ"],"few":["ᱟᱜᱩ ᱠᱷᱚᱱ ",{"t":"idOrVar","v":"numFriends"}," ᱜᱟᱛᱤ ᱧᱟᱢ ᱟᱠᱟᱱᱟ"],"many":["ᱟᱜᱩ ᱠᱷᱚᱱ ",{"t":"idOrVar","v":"numFriends"}," ᱜᱟᱛᱤ ᱧᱟᱢ ᱟᱠᱟᱱᱟ"],"other":["ᱟᱜᱩ ᱠᱷᱚᱱ ",{"t":"idOrVar","v":"numFriends"}," ᱜᱟᱛᱤ ᱧᱟᱢ ᱟᱠᱟᱱᱟ"]},"$x":[{"t":"idOrVar","v":"plural"},"numFriends"]},{"$i":"fbNoFriends","$v":"ᱟᱜᱩ ᱞᱟᱜᱤᱫ ᱡᱚᱜᱟᱡᱳᱜ ᱠᱚ ᱵᱟᱝ ᱧᱟᱢᱚᱜ ᱠᱟᱱᱟ"},{"$i":"done-search","$v":"ᱦᱚᱭᱱᱟ"},{"$i":"progressFB3ImportTitle","$v":"ᱡᱚᱜᱟᱡᱳᱜ ᱠᱚ ᱞᱟᱜᱤᱫ ᱜᱟᱛᱤ ᱠᱚ ᱟᱜᱩ"},{"$i":"progressFB","$v":[{"t":"idOrVar","v":"current"},"/",{"t":"idOrVar","v":"total"}]},{"$i":"progressFB3UpdateTitle","$v":"ᱜᱟᱛᱤ ᱠᱚᱣᱟᱜ ᱡᱚᱜᱟᱡᱳᱜ ᱠᱚ ᱨᱮ ᱱᱟᱣᱟᱜ ᱠᱟᱱᱟ"},{"$i":"message2","$v":"ᱱᱚᱣ ᱫᱚᱭ ᱦᱟᱛᱟᱣᱟ ᱵᱟᱨ ᱴᱤᱯᱤᱡ ᱠᱚ"},{"$i":"messageLinking","$v":"ᱱᱮᱦᱚᱨ ᱥᱟᱵ ᱫᱚᱦᱚᱭ ᱢᱮ. ᱟᱞᱮ ᱫᱚ ᱟᱢ ᱨᱮᱱ ᱜᱟᱛᱤ ᱟᱨ ᱟᱢᱟᱜ ᱡᱚᱜᱟᱡᱳᱜ ᱞᱮ ᱡᱩᱲᱟᱣ ᱫᱟ."},{"$i":"error1","$v":["ᱵᱷᱩᱞ ",{"t":"idOrVar","v":"from"}]},{"$i":"error2","$v":"ᱪᱮᱫ ᱟᱢ ᱫᱚᱦᱚᱲᱟ ᱠᱩᱨᱩᱢᱩᱴᱩ ᱥᱟᱱᱟᱭᱮᱜ ᱢᱮᱭᱟ?"},{"$i":"errorProposal","$v":"ᱯᱨᱟᱥᱛᱟᱣ ᱥᱩᱢᱩᱸᱝ ᱠᱟᱱᱟ"},{"$i":"errorFriends","$v":"ᱜᱟᱛᱤ ᱠᱚ ᱩᱰᱩ"},{"$i":"errorLinking","$v":"ᱡᱚᱜᱟᱡᱳᱜ ᱞᱤᱸᱠᱚᱜ ᱠᱟᱱᱟ"},{"$i":"timeout1","$v":["ᱟᱥᱟᱣᱟᱜ ᱚᱠᱛᱮ ᱪᱟᱵᱟ ᱟᱠᱟᱱᱟ ",{"t":"idOrVar","v":"from"}]},{"$i":"timeout2","$v":"ᱪᱮᱫ ᱟᱢ ᱫᱚᱦᱚᱲᱟ ᱠᱩᱨᱩᱢᱩᱴᱩ ᱥᱟᱱᱟᱭᱮᱜ ᱢᱮᱭᱟ?"},{"$i":"timeoutProposal","$v":"ᱯᱨᱟᱥᱛᱟᱣ ᱥᱩᱢᱩᱸᱝ ᱠᱟᱱᱟ"},{"$i":"timeoutFriends","$v":"ᱜᱟᱛᱤ ᱠᱚ ᱩᱰᱩ"},{"$i":"timeoutLinking","$v":"ᱡᱚᱜᱟᱡᱳᱜ ᱠᱚ ᱞᱤᱸᱠᱚᱜ ᱠᱟᱱᱟ"},{"$i":"wait1","$v":"ᱱᱮᱦᱚᱨ ᱥᱟᱵ ᱫᱚᱦᱚᱭ ᱢᱮ"},{"$i":"wait2","$v":"ᱱᱚᱣ ᱫᱚᱭ ᱦᱟᱛᱟᱣᱟ ᱵᱟᱨ ᱴᱤᱯᱤᱡ ᱠᱚ"},{"$i":"waitProposal","$v":"ᱱᱮᱦᱚᱨ ᱥᱟᱵ ᱫᱚᱦᱚᱭ ᱢᱮ. ᱟᱞᱮ ᱫᱚ ᱞᱮ ᱜᱚᱱᱚᱜᱮᱜ ᱛᱟᱢᱟ ᱯᱨᱟᱥᱛᱟᱢ."},{"$i":"waitFriends","$v":"ᱱᱮᱦᱚᱨ ᱥᱟᱵ ᱫᱚᱦᱚᱭ ᱢᱮ. ᱟᱞᱮ ᱟᱢᱟᱜ ᱜᱟᱛᱤ ᱥᱩᱱᱤ ᱧᱟᱢ ᱡᱩᱲᱟᱜ ᱠᱟᱱᱟ."},{"$i":"curtainRetry","$v":"ᱞᱮᱜᱟᱭ"},{"$i":"curtainOK","$v":"ᱴᱤᱠ"},{"$i":"connectionLost","$v":"ᱤᱱᱴᱚᱨᱱᱮᱴ ᱡᱩᱲᱟᱣ ᱵᱟᱱᱩᱜ-ᱟ"},{"$i":"connectionLostMsg","$v":"ᱜᱟᱛᱤ ᱠᱚᱣᱟᱜ ᱪᱤᱛᱟᱹᱨ ᱫᱚ ᱵᱟᱝ ᱥᱮᱞᱮᱫ ᱟᱠᱟᱱᱟ ᱟᱢᱟᱜ ᱡᱚᱜᱟᱡᱳᱜ ᱠᱚ ᱨᱮ. ᱡᱟᱦᱟᱞᱮᱠᱟ ᱛᱮᱜᱤ ᱞᱟᱦᱟᱭ ᱢᱮ?"},{"$i":"yesOption","$v":"ᱴᱤᱠ"},{"$i":"noOption","$v":"ᱢᱩᱪᱮᱫ"},{"$i":"waitFriendslive","$v":"Outlook ᱠᱷᱚᱱ ᱡᱚᱜᱟᱡᱳᱜ ᱠᱚ ᱯᱟᱲᱦᱟᱜ ᱠᱟᱱᱟ…"},{"$i":"waitFriendsgmail","$v":"Gmail ᱠᱷᱚᱱ ᱡᱚᱜᱟᱡᱳᱜ ᱠᱚ ᱯᱟᱲᱦᱟᱜ ᱠᱟᱱᱟ…"},{"$i":"friendsUpdated","$v":{"zero":"ᱜᱟᱛᱤ ᱠᱚ ᱱᱟᱣᱟᱭ ᱵᱟᱱᱩᱜ-ᱟ","one":"ᱢᱤᱛ ᱜᱟᱛᱤ ᱱᱟᱣᱟ ᱟᱠᱟᱱᱟ","two":[{"t":"idOrVar","v":"numFriends"}," ᱜᱟᱛᱤ ᱱᱟᱣᱟ ᱟᱠᱟᱱᱟ"],"few":[{"t":"idOrVar","v":"numFriends"}," ᱜᱟᱛᱤ ᱱᱟᱣᱟ ᱟᱠᱟᱱᱟ"],"many":[{"t":"idOrVar","v":"numFriends"}," ᱜᱟᱛᱤ ᱱᱟᱣᱟ ᱟᱠᱟᱱᱟ"],"other":[{"t":"idOrVar","v":"numFriends"}," ᱜᱟᱛᱤ ᱱᱟᱣᱟ ᱟᱠᱟᱱᱟ"]},"$x":[{"t":"idOrVar","v":"plural"},"numFriends"]},{"$i":"friendsMerged","$v":{"zero":"ᱜᱟᱛᱤ ᱱᱚᱠᱚᱞ ᱠᱚ ᱵᱟᱝ ᱢᱮᱥᱟᱣ ᱟᱠᱟᱱᱟ","one":"ᱢᱤᱞ ᱱᱚᱠᱚᱞᱟᱜ ᱜᱟᱛᱤ ᱢᱤᱥᱟᱣ ᱟᱠᱟᱱᱟ","two":[{"t":"idOrVar","v":"numDups"}," ᱜᱟᱛᱤ ᱠᱚ ᱢᱮᱥᱟᱣ ᱟᱠᱟᱱᱟ"],"few":[{"t":"idOrVar","v":"numDups"}," ᱜᱟᱛᱤ ᱠᱚ ᱢᱮᱥᱟᱣ ᱟᱠᱟᱱᱟ"],"many":[{"t":"idOrVar","v":"numDups"}," ᱜᱟᱛᱤ ᱠᱚ ᱢᱮᱥᱟᱣ ᱟᱠᱟᱱᱟ"],"other":[{"t":"idOrVar","v":"numDups"}," ᱜᱟᱛᱤ ᱠᱚ ᱢᱮᱥᱟᱣ ᱟᱠᱟᱱᱟ"]},"$x":[{"t":"idOrVar","v":"plural"},"numDups"]},{"$i":"notificationLogin","$v":"ᱟᱢᱟᱜ Facebook ᱚᱠᱛᱮ ᱫᱚ ᱵᱟᱝ ᱜᱟᱱᱚᱜ-ᱟ. ᱱᱮᱦᱚᱨ ᱥᱟᱭᱤᱡ ᱤᱱ ᱢᱮ."},{"$i":"syncError","$v":"ᱟᱢ ᱨᱮᱱ ᱜᱟᱛᱤ ᱠᱚᱣᱟᱜ ᱰᱮᱴᱟ ᱥᱤᱸᱜᱠᱨᱳᱱᱟᱭᱤᱡ ᱨᱮ ᱵᱷᱩᱞᱟᱜ ᱢᱮᱱᱟᱜ-ᱟ"},{"$i":"progressFB3liveTitle","$v":"Outlook ᱠᱷᱚᱱ ᱡᱚᱜᱟᱡᱳᱜ ᱠᱚ ᱟᱜᱩᱜ ᱠᱟᱱᱟ…"},{"$i":"progressFB3gmailTitle","$v":"Gmail ᱠᱷᱚᱱ ᱡᱚᱜᱟᱡᱳᱜ ᱠᱚ ᱟᱜᱩᱜ ᱠᱟᱱᱟ…"},{"$i":"tcl-calllog-entry-removed-succ-notification","$v":"ᱠᱚᱞ ᱞᱳᱜ ᱟᱫᱮᱨᱟᱜ ᱫᱚ ᱚᱪᱚᱜ ᱟᱠᱟᱱᱟ"},{"$i":"tcl-calllog-entry-removed-err-notification","$v":"ᱠᱚᱞ ᱞᱚᱜ ᱟᱫᱮᱨ ᱵᱟᱢ ᱥᱟᱦᱟ ᱫᱟᱲᱮᱭᱟᱜ ᱟ"},{"$i":"addNewNumber","$v":"ᱱᱟᱣᱟ ᱞᱮᱠᱷᱟ ᱥᱮᱞᱮᱫ"},{"$i":"contactDetails","$v":"ᱡᱚᱜᱟᱡᱳᱜᱵᱤᱵᱚᱨᱚᱱᱠᱚ"},{"$i":"addToExistingContact","$v":"ᱢᱮᱱᱟᱜ ᱡᱚᱜᱟᱡᱳᱜ ᱨᱮ ᱥᱮᱞᱮᱫ"},{"$i":"all","$v":"ᱡᱚᱛᱚ","ariaLabel":"ᱡᱚᱛᱚ"},{"$i":"bluetoothOption","ariaLabel":"Bluetooth"},{"$i":"callLog","$v":"ᱠᱚᱞ ᱞᱳᱜ"},{"$i":"callLogEdit","title":"ᱠᱚᱞ ᱞᱳᱜ ᱟᱹᱨᱩ"},{"$i":"tcl-option-menu-call-log-edit","$v":"ᱠᱚᱞ ᱞᱳᱜ ᱟᱹᱨᱩ"},{"$i":"callLogEditDialog","ariaLabel":"ᱠᱚᱞ ᱞᱳᱜ ᱰᱟᱭᱞᱳᱜ ᱟᱹᱨᱩ"},{"$i":"tcl-call-log-delete-group-notification","$v":[{"t":"idOrVar","v":"n"}," ᱟᱫᱮᱨ ᱟᱠᱟᱫᱟᱜ ᱚᱪᱚᱜ ᱟᱠᱟᱱᱟ"]},{"$i":"connecting","$v":"ᱡᱩᱲᱟᱜ ᱠᱟᱱᱟ"},{"$i":"connectingEllipsis","$v":"ᱡᱩᱲᱟᱜ ᱠᱟᱱᱟ..."},{"$i":"call-forwarding-async","$v":["ᱮᱥᱤᱸᱜᱠᱨᱳᱱᱟᱭᱤᱡ: ",{"t":"idOrVar","v":"async"}]},{"$i":"call-forwarding-data","$v":["ᱰᱮᱴᱟ: ",{"t":"idOrVar","v":"data"}]},{"$i":"call-forwarding-error","$v":"ᱠᱚᱞ ᱰᱷᱤᱛᱚᱜ ᱚᱵᱚᱥᱛᱟ ᱧᱟᱢ ᱟᱨᱩ ᱟᱠᱛᱮ ᱨᱮ ᱵᱷᱩᱞᱟᱜ ᱧᱟᱢ ᱟᱠᱟᱱᱟ"},{"$i":"call-forwarding-fax","$v":["FAX: ",{"t":"idOrVar","v":"fax"}]},{"$i":"call-forwarding-inactive","$v":"ᱚᱥᱚᱠᱪᱷᱚᱢ"},{"$i":"call-forwarding-packet","$v":["ᱜᱷᱮᱸᱴ: ",{"t":"idOrVar","v":"packet"}]},{"$i":"call-forwarding-pad","$v":["PAD: ",{"t":"idOrVar","v":"pad"}]},{"$i":"call-forwarding-sms","$v":["SMS: ",{"t":"idOrVar","v":"sms"}]},{"$i":"call-forwarding-status","$v":"ᱠᱚᱞ ᱰᱷᱤᱴᱚᱨ ᱚᱵᱚᱥᱛᱟ"},{"$i":"call-forwarding-sync","$v":["ᱥᱤᱸᱜᱠᱨᱳᱱᱚᱣᱟᱥ: ",{"t":"idOrVar","v":"sync"}]},{"$i":"call-forwarding-voice","$v":["ᱟᱲᱟᱝ ",{"t":"idOrVar","v":"voice"}]},{"$i":"confirm-deletion","$v":"ᱵᱟᱪᱷᱟᱣ ᱟᱠᱟᱱ ᱠᱚᱞ ᱞᱚ ᱥᱟᱯᱷᱹᱟ?"},{"$i":"createNewContact","$v":"ᱱᱟᱣᱟ ᱠᱷᱟᱛᱟ ᱵᱤᱱᱟᱣ"},{"$i":"calllog-deselectAll","$v":"ᱡᱚᱛᱚ ᱚᱵᱟᱪᱷᱟᱣ"},{"$i":"dialerAddContact","ariaLabel":"ᱡᱚᱜᱟᱡᱳᱜ ᱥᱮᱞᱮᱫ"},{"$i":"dialerAddContactDialog","ariaLabel":"ᱡᱚᱜᱟᱡᱳᱜ ᱫᱟᱭᱞᱚᱜ ᱥᱮᱞᱮᱫ"},{"$i":"callInformation","$v":"ᱠᱚᱞ ᱠᱷᱚᱵᱚᱨ"},{"$i":"edit-selected","$v":{"one":["ᱵᱟᱪᱷᱟᱣ ᱟᱠᱟᱱᱟᱜ(",{"t":"idOrVar","v":"n"},")"],"two":["ᱵᱟᱪᱷᱟᱣ ᱟᱠᱟᱱᱟᱜ(",{"t":"idOrVar","v":"n"},")"],"few":["ᱵᱟᱪᱷᱟᱣ ᱟᱠᱟᱱᱟᱜ(",{"t":"idOrVar","v":"n"},")"],"many":["ᱵᱟᱪᱷᱟᱣ ᱟᱠᱟᱱᱟᱜ(",{"t":"idOrVar","v":"n"},")"],"other":["ᱵᱟᱪᱷᱟᱣ ᱟᱠᱟᱱᱟᱜ(",{"t":"idOrVar","v":"n"},")"]},"$x":[{"t":"idOrVar","v":"plural"},"n"]},{"$i":"tcl-edit-not-selected","$v":"ᱵᱟᱪᱷᱟᱣ ᱟᱠᱟᱱᱟᱜ(0)"},{"$i":"hideKeypad","ariaLabel":"ᱩᱠᱩ ᱠᱤᱯᱮᱰ"},{"$i":"ignore","$v":"ᱠᱚᱵ ᱵᱟᱜᱤ ᱧᱟᱢ"},{"$i":"incoming","$v":"ᱫᱟᱨᱟᱭ ᱠᱟᱱᱟᱜ"},{"$i":"keypad","ariaLabel":"ᱠᱤᱯᱮᱰ"},{"$i":"info-missed","$v":"ᱦᱤᱲᱤᱧ ᱟᱠᱟᱱᱟᱜ"},{"$i":"missed","$v":"ᱦᱤᱲᱤᱧ ᱟᱠᱟᱱᱟᱜ","ariaLabel":"ᱦᱤᱲᱤᱧ ᱟᱠᱟᱱᱟᱜ"},{"$i":"dialed","$v":"ᱰᱟᱭᱤᱞ ᱟᱠᱟᱱᱟ"},{"$i":"received","$v":"ᱦᱟᱛᱟᱣᱮᱱᱟ"},{"$i":"canceled","$v":"ᱥᱮᱥ ᱟᱠᱟᱱᱟ"},{"$i":"missedCall","$v":"ᱦᱟᱲᱤᱧ ᱟᱠᱟᱱ ᱠᱚᱞ"},{"$i":"missedCallMultiSims","$v":["(SIM ",{"t":"idOrVar","v":"n"},") ᱦᱟᱲᱤᱧ ᱟᱠᱟᱱ ᱠᱚᱞ"]},{"$i":"mmi-error","$v":"ᱠᱷᱚᱵᱚᱨ ᱠᱩᱞᱩᱜ ᱚᱠᱛᱮ ᱨᱮ ᱵᱷᱩᱞᱟᱜ ᱧᱟᱢ ᱟᱠᱟᱱᱟ"},{"$i":"mmi-session-expired","$v":"ᱚᱠᱛᱮ ᱫᱚ ᱯᱟᱨᱚᱢ ᱟᱠᱟᱱᱟ"},{"$i":"mmi-successfully-sent","$v":"ᱠᱷᱚᱵᱚᱨ ᱫᱚ ᱱᱟᱯᱟᱭ ᱛᱮ ᱠᱩᱞ ᱱᱟ"},{"$i":"mmi-notification-title-with-sim","$v":["(",{"t":"idOrVar","v":"sim"},") ",{"t":"idOrVar","v":"title"}]},{"$i":"mute","ariaLabel":"ᱛᱷᱤᱨ"},{"$i":"newCall","ariaLabel":"ᱱᱟᱣᱟ ᱠᱚᱞ"},{"$i":"no-logs-msg-1","$v":"ᱵᱟᱱᱩᱜ-ᱟ ᱠᱚᱞ ᱨᱮᱠᱟᱨᱰᱟᱜ ᱠᱚ"},{"$i":"no-logs-msg-2","$v":"ᱧᱤᱛ ᱜᱟᱯᱟᱞᱢᱟᱨᱟᱣ ᱮᱦᱚᱵ"},{"$i":"no-logs-msg-3","$v":"ᱵᱟᱱᱩᱜ-ᱟ ᱠᱚᱞ ᱨᱮᱠᱟᱨᱰᱟᱜ ᱠᱚ"},{"$i":"no-logs-msg-4","$v":"ᱧᱤᱛ ᱜᱟᱯᱟᱞᱢᱟᱨᱟᱣ ᱮᱦᱚᱵ"},{"$i":"onHoldOption","ariaLabel":"ᱥᱟᱵ ᱨᱮ"},{"$i":"outgoing","$v":"ᱵᱟᱦᱨᱮ ᱪᱟᱞᱟᱜ-ᱟ"},{"$i":"recents","ariaLabel":"ᱦᱟᱞᱤ ᱠᱚᱞ ᱠᱚ"},{"$i":"reply","$v":"ᱛᱮᱞᱟ"},{"$i":"calllog-selectAll","$v":"ᱡᱚᱛᱚ ᱵᱟᱪᱷᱟᱣ"},{"$i":"send","$v":"ᱠᱩᱞ"},{"$i":"switch-calls","$v":"ᱠᱚᱞ ᱠᱚ ᱞᱟᱜᱤᱫ ᱪᱷᱤᱴᱠᱮᱨ"},{"$i":"withheld-number","$v":"ᱵᱟᱝ ᱵᱟᱰᱟᱭᱟᱜ"},{"$i":"from-contact","$v":["ᱠᱷᱚᱱ ",{"t":"idOrVar","v":"contact"}]},{"$i":"from-number","$v":["ᱠᱷᱚᱱ ",{"t":"idOrVar","v":"number"}]},{"$i":"from-withheld-number","$v":"ᱵᱟᱝ ᱵᱟᱰᱟᱭ ᱞᱮᱠᱷᱟ ᱠᱷᱚᱱ"},{"$i":"sending","$v":"ᱠᱩᱞᱩᱜ ᱠᱟᱱᱟ..."},{"$i":"speakerOption","ariaLabel":"ᱤᱥᱯᱤᱠᱚᱨ"},{"$i":"ussd-services","$v":[{"t":"idOrVar","v":"operator"}," ᱥᱮᱣᱟ ᱠᱚ"]},{"$i":"toggleKeypad","ariaLabel":"ᱴᱚᱜᱮᱞ ᱠᱤᱯᱮᱰ"},{"$i":"type-your-response","placeholder":"ᱚᱞ ᱢᱮ ᱟᱠᱟᱜ ᱛᱮᱞᱟᱣᱟᱜ…"},{"$i":"clear-all-text","$v":"ᱡᱚᱛᱚ ᱞᱤᱯᱤ ᱥᱟᱯᱷᱹᱟ"},{"$i":"hide","$v":"ᱩᱠᱩ"},{"$i":"call","$v":"ᱠᱚᱞ"},{"$i":"hold","ariaLabel":"ᱥᱟᱵ"},{"$i":"resume","$v":"ᱜᱷᱩᱨᱮ ᱛᱮ ᱮᱦᱚᱵ","ariaLabel":"ᱜᱷᱩᱨᱮ ᱛᱮ ᱮᱦᱚᱵ"},{"$i":"sendSms","$v":"ᱠᱷᱚᱵᱚᱨ ᱠᱩᱞ"},{"$i":"callEnded","$v":"ᱠᱚᱞ ᱥᱮᱥ ᱟᱠᱟᱱᱟ"},{"$i":"via-sim","$v":[{"t":"idOrVar","v":"n"}," SIM ᱫᱟᱨᱟᱭ ᱛᱮ"]},{"$i":"sim-number","$v":["SIM",{"t":"idOrVar","v":"n"}]},{"$i":"unknown","$v":"ᱵᱟᱝ ᱵᱟᱰᱟᱭᱟᱜ"},{"$i":"hangup-a11y-button","ariaLabel":"ᱟᱠᱟ ᱫᱚᱦᱚ"},{"$i":"pickup-a11y-button","ariaLabel":"ᱟᱛᱟᱝ ᱢᱮ"},{"$i":"unlock-a11y-button","ariaLabel":"ᱥᱞᱟᱭᱰᱚᱨ"},{"$i":"settings","$v":"ᱥᱮᱴᱤᱸᱜ"},{"$i":"tcl-delete-log","$v":"ᱪᱤᱫ ᱟᱢ ᱥᱟᱨᱤ ᱛᱮ ᱠᱚᱞ ᱞᱳᱜ ᱠᱷᱚᱱ ᱵᱟᱪᱷᱟᱣ ᱟᱠᱟᱫ ᱟᱫᱮᱨᱟᱜ ᱢᱮᱴᱟᱣ ᱥᱟᱱᱟᱭᱮᱜ ᱢᱮᱭᱟ?"},{"$i":"delete-n-log?","$v":{"zero":"ᱵᱟᱝ ᱵᱟᱪᱷᱟ ᱟᱠᱟᱱᱟ","one":"ᱵᱟᱪᱷᱟᱣ ᱟᱠᱟᱱ ᱞᱳᱜ ᱢᱮᱴᱟᱣ?","two":[{"t":"idOrVar","v":"n"}," ᱞᱳᱜ ᱠᱚ ᱢᱮᱴᱟᱣ?"],"few":[{"t":"idOrVar","v":"n"}," ᱞᱳᱜ ᱠᱚ ᱢᱮᱴᱟᱣ?"],"many":[{"t":"idOrVar","v":"n"}," ᱞᱳᱜ ᱠᱚ ᱢᱮᱴᱟᱣ?"],"other":[{"t":"idOrVar","v":"n"}," ᱞᱳᱜ ᱠᱚ ᱢᱮᱴᱟᱣ?"]},"$x":[{"t":"idOrVar","v":"plural"},"n"]},{"$i":"callDurationMinutes","$v":[{"t":"idOrVar","v":"m"},":",{"t":"idOrVar","v":"s"}]},{"$i":"callDurationHours","$v":[{"t":"idOrVar","v":"h"},":",{"t":"idOrVar","v":"m"},":",{"t":"idOrVar","v":"s"}]},{"$i":"callDurationTextFormatSeconds","$v":[{"t":"idOrVar","v":"s"}," s"]},{"$i":"callDurationTextFormatMinutes","$v":[{"t":"idOrVar","v":"m"}," m ",{"t":"idOrVar","v":"s"}," s"]},{"$i":"callDurationTextFormatHours","$v":[{"t":"idOrVar","v":"h"}," h ",{"t":"idOrVar","v":"m"}," m ",{"t":"idOrVar","v":"s"}," s"]},{"$i":"suggestionMatches","$v":{"one":[{"t":"idOrVar","v":"n"}," ᱡᱩᱲᱤ ᱞᱟᱜᱤᱫ \"",{"t":"idOrVar","v":"matchNumber"},"\""],"two":[{"t":"idOrVar","v":"n"}," ᱡᱩᱲᱤ ᱞᱟᱜᱤᱫ \"",{"t":"idOrVar","v":"matchNumber"},"\""],"few":[{"t":"idOrVar","v":"n"}," ᱡᱩᱲᱤ ᱞᱟᱜᱤᱫ \"",{"t":"idOrVar","v":"matchNumber"},"\""],"many":[{"t":"idOrVar","v":"n"}," ᱡᱩᱲᱤ ᱞᱟᱜᱤᱫ \"",{"t":"idOrVar","v":"matchNumber"},"\""],"other":[{"t":"idOrVar","v":"n"}," ᱡᱩᱲᱤ ᱞᱟᱜᱤᱫ \"",{"t":"idOrVar","v":"matchNumber"},"\""]},"$x":[{"t":"idOrVar","v":"plural"},"n"]},{"$i":"scCallBarring","$v":"ᱠᱚᱞ ᱵᱟᱨᱚᱱᱟᱜ"},{"$i":"scCallForwarding","$v":"ᱠᱚᱞ ᱰᱷᱤᱴᱚᱜ ᱠᱟᱱᱟ"},{"$i":"scClip","$v":"ᱫᱟᱨᱟᱭ ᱠᱟᱱ ᱠᱚᱞᱚᱨ ID"},{"$i":"scClir","$v":"ᱵᱟᱦᱨᱮ ᱪᱟᱞᱟᱜ ᱠᱟᱱᱟ ᱠᱚᱞᱚᱨ ID"},{"$i":"scPwd","$v":"ᱯᱟᱥᱣᱟᱨᱰ ᱵᱚᱫᱚᱞ"},{"$i":"scCallWaiting","$v":"ᱠᱚᱞ ᱛᱟᱝᱜᱤ"},{"$i":"scPin","$v":"PIN ᱵᱚᱫᱚᱞ"},{"$i":"scPin2","$v":"PIN2 ᱵᱚᱫᱚᱞ"},{"$i":"scPuk","$v":"PIN ᱵᱟᱝ ᱵᱟᱨᱚᱱᱟᱜ"},{"$i":"scPuk2","$v":"PIN2 ᱵᱟᱝ ᱵᱟᱨᱚᱱᱟᱜ"},{"$i":"scImei","$v":"IMEI"},{"$i":"scMeid","$v":"MEID"},{"$i":"scUssd","$v":"USSD"},{"$i":"serviceClassVoice","$v":"ᱟᱲᱟᱝ"},{"$i":"serviceClassData","$v":"ᱰᱮᱴᱟ"},{"$i":"serviceClassFax","$v":"FAX"},{"$i":"serviceClassSms","$v":"SMS"},{"$i":"serviceClassDataSync","$v":"ᱥᱤᱸᱜᱠᱨᱳᱱᱟᱭᱤᱡ"},{"$i":"serviceClassDataAsync","$v":"ᱚᱥᱤᱸᱜᱠᱨᱳᱱᱟᱭᱤᱡ"},{"$i":"serviceClassPacket","$v":"ᱯᱚᱠᱮᱴ"},{"$i":"serviceClassPad","$v":"PAD"},{"$i":"smServiceEnabled","$v":"ᱥᱮᱣᱟ ᱫᱚ ᱥᱚᱠᱪᱷᱚᱢ ᱟᱠᱟᱱᱟ"},{"$i":"smServiceDisabled","$v":"ᱥᱮᱣᱟ ᱫᱚ ᱚᱥᱚᱠᱪᱷᱚᱢ ᱟᱠᱟᱱᱟ"},{"$i":"smServiceRegistered","$v":"ᱚᱞ ᱩᱪᱩ ᱫᱚ ᱱᱟᱯᱟᱭ ᱛᱮ ᱥᱮᱛ ᱟᱠᱟᱱᱟ"},{"$i":"smServiceErased","$v":"ᱢᱮᱴᱟᱣ ᱫᱚ ᱱᱟᱯᱟᱭ ᱛᱮ ᱢᱩᱪᱮᱫᱽ ᱟᱠᱟᱱᱟ"},{"$i":"smServiceInterrogated","$v":"ᱱᱮᱦᱚᱨᱟᱜ ᱫᱚ ᱱᱟᱯᱟᱭ ᱛᱮ ᱥᱮᱛ ᱟᱠᱟᱱᱟ"},{"$i":"smServiceNotProvisioned","$v":"ᱥᱮᱣᱟ ᱫᱚ ᱞᱮᱜᱟ ᱞᱟᱜᱤᱫ ᱵᱟᱱᱩᱜ-ᱟ"},{"$i":"smClirPermanent","$v":"ᱟᱢ ᱫᱚ ᱵᱟᱝ ᱮᱢ ᱵᱚᱫᱚᱞ ᱫᱟᱲᱤᱭᱜ-ᱟ ᱠᱚᱞᱚᱨ ID ᱥᱮᱴᱤᱸᱜ"},{"$i":"smClirDefaultOnNextCallOn","$v":"ᱠᱚᱞᱚᱨ ID ᱟᱥᱚᱞᱟᱜ ᱫᱚ ᱵᱟᱨᱚᱱ ᱜᱮᱭᱟ. ᱫᱟᱨᱟᱭ ᱠᱟᱱᱟ ᱠᱚᱞ: ᱵᱟᱨᱚᱱ"},{"$i":"smClirDefaultOnNextCallOff","$v":"ᱠᱚᱞᱚᱨ ID ᱟᱥᱚᱞᱟᱜ ᱫᱚ ᱵᱟᱨᱚᱱ ᱜᱮᱭᱟ. ᱫᱟᱨᱟᱭ ᱠᱟᱱᱟ ᱠᱚᱞ: ᱵᱟᱝ ᱵᱟᱨᱚᱱᱟᱜ"},{"$i":"smClirDefaultOffNextCallOn","$v":"ᱠᱚᱞᱚᱨ ID ᱟᱥᱚᱞᱟᱜ ᱫᱚ ᱵᱟᱝ ᱵᱟᱨᱚᱱᱟ. ᱫᱟᱨᱟᱭ ᱠᱟᱱᱟ ᱠᱚᱞ: ᱵᱟᱨᱚᱱ"},{"$i":"smClirDefaultOffNextCallOff","$v":"ᱠᱚᱞᱚᱨ ID ᱟᱥᱚᱞᱟᱜ ᱫᱚ ᱵᱟᱝ ᱵᱟᱨᱚᱱᱟ. ᱫᱟᱨᱟᱭ ᱠᱟᱱᱟ ᱠᱚᱞ: ᱵᱟᱝ ᱵᱟᱨᱚᱱᱟᱜ"},{"$i":"smServiceEnabledFor","$v":"ᱥᱮᱣᱟ ᱫᱚ ᱥᱚᱪᱷᱚᱢ ᱜᱮᱭᱟ:"},{"$i":"smPinChanged","$v":"PIN ᱫᱚ ᱱᱟᱯᱟᱭ ᱛᱮ ᱵᱚᱫᱚᱞ ᱟᱠᱟᱱᱟ"},{"$i":"smPinUnblocked","$v":"PIN ᱫᱚ ᱱᱟᱯᱟᱭ ᱛᱮ ᱠᱩᱞᱩᱯ ᱡᱷᱤᱡ ᱟᱠᱟᱱᱟ"},{"$i":"smPin2Changed","$v":"PIN2 ᱱᱟᱯᱟᱣ ᱛᱮ ᱵᱚᱫᱚᱞ ᱟᱠᱟᱱᱟ"},{"$i":"smPin2Unblocked","$v":"PIN2 ᱱᱟᱯᱟᱭ ᱛᱮ ᱠᱩᱞᱩ ᱡᱷᱤᱡ ᱟᱠᱟᱱᱟ"},{"$i":"ServiceIsEnabled","$v":"ᱥᱮᱣᱟ ᱫᱚ ᱥᱚᱠᱪᱷᱚᱢ ᱜᱮᱭᱟ"},{"$i":"ServiceIsDisabled","$v":"ᱥᱮᱣᱟ ᱫᱚ ᱚᱥᱚᱠᱪᱷᱚᱢ ᱜᱮᱭᱟ"},{"$i":"ServiceIsEnabledFor","$v":"ᱥᱮᱣᱟ ᱥᱚᱠᱪᱷᱚᱢ ᱞᱟᱜᱤᱫ:"},{"$i":"emMmiError","$v":"ᱡᱩᱲᱟᱣ ᱨᱮ ᱢᱩᱥᱠᱤᱞ ᱟᱨᱵᱟᱝᱠᱷᱟᱱ ᱵᱟᱝ ᱜᱟᱱᱚᱜ MMI ᱠᱳᱰ"},{"$i":"emMmiErrorPasswordIncorrect","$v":"ᱯᱟᱥᱣᱟᱨᱰ ᱵᱷᱩᱞᱟᱜ ᱜᱮᱭᱟ"},{"$i":"emMmiErrorNotSupported","$v":"ᱵᱟᱝ ᱜᱟᱱᱚ ᱟᱨᱵᱟᱝᱠᱷᱟᱱ ᱵᱟᱭ ᱜᱚᱲᱚᱜ-ᱟ MMI ᱠᱟᱨᱰ"},{"$i":"emMmiErrorInvalidAction","$v":"ᱜᱷᱟᱛ ᱵᱟᱝ ᱜᱟᱱᱚᱜ"},{"$i":"emMmiErrorInvalidScCode","$v":"ᱥᱮᱣᱟ ᱠᱳᱰ ᱵᱟᱝ ᱜᱟᱱᱚᱜ"},{"$i":"emMmiErrorBadPuk","$v":"ᱱᱚᱣᱟ PUK ᱟᱢ ᱚᱞᱟᱜ ᱫᱚ ᱵᱟᱝ ᱥᱩᱦᱤᱭᱟᱜ"},{"$i":"emMmiErrorBadPin","$v":"ᱱᱚᱣᱟ ᱢᱟᱨᱤ PIN ᱟᱢ ᱚᱞᱟᱜ ᱫᱚ ᱵᱷᱩᱞ ᱜᱮᱭᱟ."},{"$i":"emMmiErrorNeedPuk2","$v":"SIM ᱠᱟᱨᱰ ᱡᱷᱤᱡ ᱞᱟᱜᱤᱫ ᱚᱞ ᱢᱮ PUK2"},{"$i":"emMmiErrorMismatchPin","$v":"ᱱᱚᱣᱟ PIN ᱠᱚ ᱟᱢ ᱚᱞ ᱟᱠᱟᱫᱟᱜ ᱫᱚ ᱵᱟᱝ ᱡᱩᱲᱤ ᱞᱮᱱᱟ"},{"$i":"emMmiErrorInvalidPin","$v":"ᱚᱞ ᱢᱮ PIN ᱡᱟᱦᱟ ᱫᱚ 4 ᱠᱷᱚᱱ 8 ᱞᱮᱠᱷᱟ ᱠᱚ"},{"$i":"emMmiErrorNeedsPuk","$v":"ᱟᱢᱟᱜ SIM ᱠᱟᱨᱰ ᱨᱮᱭᱟᱜ PUK ᱠᱩᱞᱩᱯ ᱟᱠᱟᱱᱟ"},{"$i":"emMmiErrorEnablePin","$v":"ᱵᱟᱝᱥᱮᱛᱟᱜ. SIM/RUIM ᱠᱩᱞᱩᱯ ᱥᱚᱠᱪᱷᱚᱢ"},{"$i":"emMmiErrorMmiFdn","$v":"ᱠᱟᱹᱢᱤᱦᱚᱨᱟ ᱫᱚ ᱵᱟᱨᱚᱱ ᱟᱠᱟᱱᱟ ᱮᱠᱮᱱ ᱜᱚᱴᱟ ᱟᱠᱟᱫ ᱞᱮᱠᱷᱟ ᱠᱚ ᱨᱮ"},{"$i":"emMmiErrorStkCcUssdDial","$v":"USSD ᱱᱮᱦᱚᱨ ᱫᱚ ᱟᱹᱨᱩ ᱟᱠᱟᱱᱟ  DIAL ᱱᱮᱦᱚᱨ ᱞᱟᱜᱤᱫ"},{"$i":"emMmiErrorStkCcUssdSs","$v":"USSD ᱱᱮᱦᱚᱨ ᱫᱚ ᱟᱹᱨᱩ ᱟᱠᱟᱱᱟ  SS ᱱᱮᱦᱚᱨ ᱞᱟᱜᱤᱫ"},{"$i":"emMmiErrorStkCcUssdUssd","$v":"USSD ᱱᱮᱦᱚᱨ ᱫᱟᱭ ᱱᱟᱣᱟ USSD ᱱᱮᱦᱚᱨ ᱟᱹᱨᱩ ᱞᱟᱜᱤᱫ."},{"$i":"emMmiErrorStkCcSsDial","$v":"SS ᱰᱟᱭᱤᱞᱟᱜ ᱱᱮᱦᱚᱨ ᱟᱠᱟᱫ ᱟᱹᱨᱩ ᱞᱟᱜᱤᱫ ᱱᱮᱦᱚᱨ"},{"$i":"emMmiErrorStkCcSsUssd","$v":"SS ᱱᱮᱦᱚᱨ ᱫᱚ ᱟᱹᱨᱩ ᱟᱠᱟᱱᱟ  USSD ᱱᱮᱦᱚᱨ ᱞᱟᱜᱤᱫ"},{"$i":"emMmiErrorStkCcSsSs","$v":"SS ᱱᱟᱣᱟ SS ᱱᱮᱦᱚᱨ ᱞᱟᱜᱤᱫ ᱱᱮᱦᱚᱨᱟᱜ ᱟᱹᱨᱩ"},{"$i":"emMmiErrorPinPukAttempts","$v":{"one":["ᱮᱠᱮᱱ ",{"t":"idOrVar","v":"n"}," ᱞᱮᱜᱟ ᱵᱟᱸᱪᱟᱣ ᱟᱠᱟᱱᱟ"],"two":[{"t":"idOrVar","v":"n"}," ᱵᱟᱪᱷᱟᱣ ᱟᱠᱟᱠᱱᱟᱜ"],"few":[{"t":"idOrVar","v":"n"}," ᱵᱟᱪᱷᱟᱣ ᱟᱠᱟᱠᱱᱟᱜ"],"many":[{"t":"idOrVar","v":"n"}," ᱵᱟᱪᱷᱟᱣ ᱟᱠᱟᱠᱱᱟᱜ"],"other":[{"t":"idOrVar","v":"n"}," ᱵᱟᱪᱷᱟᱣ ᱟᱠᱟᱠᱱᱟᱜ"]},"$x":[{"t":"idOrVar","v":"plural"},"n"]},{"$i":"emMmiErrorSimBlocked","$v":"ᱵᱟᱲᱛᱤ ᱠᱷᱚᱱ ᱵᱟᱲᱛᱤ ᱪᱷᱩᱴᱤ ᱫᱚ ᱯᱟᱨᱚᱢ ᱟᱠᱟᱫᱟ. SIM ᱫᱚ ᱵᱟᱨᱚᱱ ᱟᱠᱟᱱᱟ"},{"$i":"RadioNotAvailable","$v":"ᱨᱮᱰᱤᱭᱳ ᱫᱚ ᱵᱟᱝ ᱧᱟᱢᱚᱜ-ᱟ"},{"$i":"GenericFailure","$v":"ᱟᱥᱚᱞᱟᱜ ᱫᱚ ᱰᱤᱜᱷᱮᱣᱱᱟ"},{"$i":"PasswordIncorrect","$v":"ᱯᱟᱥᱣᱟᱨᱰ ᱫᱚ ᱵᱷᱩᱜ ᱜᱮᱭᱟ"},{"$i":"SimPin2","$v":"SIM PIN2"},{"$i":"SimPuk2","$v":"SIM PUK2"},{"$i":"RequestNotSupported","$v":"ᱱᱮᱦᱚᱨᱟᱜ ᱟᱠᱫᱟᱜ ᱫᱚ ᱵᱟᱭ ᱜᱚᱲᱚᱜ-ᱟ"},{"$i":"OpNotAllowedDuringVoiceCall","$v":"ᱠᱟᱹᱢᱤᱦᱚᱨᱟ ᱫᱚ ᱵᱟᱝ ᱢᱟᱱᱟᱜ-ᱟ ᱟᱲᱟᱝ ᱠᱚᱞ ᱚᱠᱛᱮ ᱨᱮ"},{"$i":"SmsSendFailRetry","$v":"SMS send fail retry"},{"$i":"SimAbsent","$v":"SIM ᱵᱟᱱᱩᱜ-ᱟ"},{"$i":"SubscriptionNotAvailable","$v":"ᱵᱟᱝ ᱧᱟᱢᱚᱜ ᱠᱟᱱᱟ ᱢᱮᱢᱵᱚᱨ"},{"$i":"ModeNotSupported","$v":"ᱢᱳᱰ ᱫᱚ ᱵᱟᱭ ᱜᱚᱲᱚᱜ-ᱟ"},{"$i":"FdnCheckFailure","$v":"FDN ᱧᱮᱞ ᱫᱚ ᱰᱤᱜᱷᱮᱣ ᱟᱠᱟᱱᱟ"},{"$i":"IllegalSimOrMe","$v":"ᱚᱠᱟᱱᱩᱱ SIM ᱟᱨᱵᱟᱝᱠᱷᱟᱱ ME"},{"$i":"DialModifiedToUssd","$v":"USSD ᱞᱟᱜᱤᱫ ᱰᱟᱭᱤᱞ ᱟᱹᱨᱩ ᱟᱠᱟᱱᱟ"},{"$i":"DialModifiedToSs","$v":"SS ᱞᱟᱜᱤᱫ ᱰᱟᱭᱤᱞ ᱟᱹᱨᱩ ᱟᱠᱟᱱᱟ"},{"$i":"DialModifiedToDial","$v":"ᱰᱟᱭᱤᱞ ᱞᱟᱜᱤᱫ ᱰᱟᱭᱤᱞ ᱟᱹᱨᱩ ᱟᱠᱟᱱᱟ"},{"$i":"UssdModifiedToDial","$v":"USSD ᱰᱟᱭᱤᱞ ᱟᱹᱨᱩ ᱞᱟᱜᱤᱫ"},{"$i":"UssdModifiedToSs","$v":"USSD ᱟᱹᱨᱩ ᱞᱟᱜᱤᱫ SS"},{"$i":"UssdModifiedToUssd","$v":"USSD ᱟᱹᱨᱩ ᱞᱟᱜᱤᱫ USSD"},{"$i":"SsModifiedToDial","$v":"SS ᱰᱟᱭᱤᱞ ᱟᱹᱨᱩ ᱞᱟᱜᱤᱫ"},{"$i":"SsModifiedToUssd","$v":"USSD ᱟᱹᱨᱩ ᱞᱟᱜᱤᱫ SS"},{"$i":"SsModifiedToSs","$v":"SS ᱟᱹᱨᱩ ᱞᱟᱜᱤᱫ SS"},{"$i":"SubscriptionNotSupported","$v":"ᱵᱟᱭ ᱜᱚᱲᱟᱜ-ᱟ ᱢᱮᱢᱵᱚᱨ ᱫᱚ"},{"$i":"InvalidParameter","$v":"ᱯᱟᱨᱟᱢᱤᱴᱚᱨ ᱵᱟᱝ ᱜᱟᱱᱚᱜ"},{"$i":"RejectedByRemote","$v":"ᱨᱮᱢᱳᱴ ᱫᱟᱨᱟᱭ ᱛᱮ ᱵᱷᱟᱸᱜᱚᱲᱟ ᱟᱠᱟᱱᱟ"},{"$i":"conferenceCall","$v":["ᱵᱟᱭᱥᱤ (",{"t":"idOrVar","v":"n"},")"]},{"$i":"caller-left-call","$v":[{"t":"idOrVar","v":"caller"}," ᱠᱚᱞ ᱵᱟᱸᱪᱟᱣ ᱟᱠᱟᱱᱟ."]},{"$i":"conferenceAddError","$v":"ᱠᱚᱞ ᱠᱚ ᱵᱟᱝ ᱮᱢ ᱢᱮᱥᱟᱣ ᱫᱟᱲᱤᱭᱟᱜ-ᱟ"},{"$i":"conferenceRemoveError","$v":"ᱠᱚᱞ ᱠᱚ ᱵᱮᱜᱟᱨ ᱵᱟᱝ ᱮᱢ ᱫᱟᱲᱤᱭᱟᱜ-ᱟ"},{"$i":"longDateFormat","$v":"%A, %b %e"},{"$i":"select-audio-sources","$v":"ᱚᱰᱤᱭᱳ ᱧᱟᱢᱚᱜ ᱡᱟᱭᱜᱟ ᱵᱟᱪᱷᱟᱣ ᱢᱮ"},{"$i":"bluetooth-handsfree-device","$v":"Bluetooth ᱵᱮᱜᱚᱨ ᱛᱤ ᱛᱮᱭᱟᱜ ᱭᱚᱱᱛᱨᱚ"},{"$i":"receiver","$v":"ᱟᱛᱟᱝᱤᱡ"},{"$i":"speaker","$v":"ᱤᱥᱯᱤᱠᱚᱨ"},{"$i":"tcl-cancel","$v":"ᱢᱩᱪᱮᱫ"},{"$i":"tcl-dialer","$v":"ᱰᱟᱭᱞᱚᱨ"},{"$i":"tcl-confirmation","$v":"ᱜᱚᱴᱟᱜ ᱠᱟᱱᱟ"},{"$i":"log-item","$v":"ᱵᱤᱠᱟᱞᱚᱯ"},{"$i":"tcl-assign-speed-dial","$v":{"$o":["ᱡᱚᱜᱟᱡᱳᱜ ᱫᱚ ᱵᱟᱝ ᱥᱮᱞᱮᱫ ᱟᱠᱟᱱᱟ ᱛᱟᱯᱤᱥ ᱰᱟᱭᱤᱞ ᱵᱚᱴᱚᱱ ᱨᱮ \"",{"t":"idOrVar","v":"speedDial"},"\".<br><br>ᱧᱤᱛ ᱮᱢ ᱟᱠᱟᱱᱟ?"]}},{"$i":"tcl-assign","$v":"ᱮᱢ ᱟᱠᱟᱱᱟ"},{"$i":"select","$v":"ᱵᱟᱪᱷᱟᱣ"},{"$i":"view-all","$v":"ᱡᱚᱛᱚ ᱧᱮᱞ"},{"$i":"search-results","$v":"ᱥᱮᱸᱫᱨᱟ ᱥᱤᱯᱮ ᱠᱚ"},{"$i":"no-recent-numbers","$v":"ᱰᱟᱭᱤᱞ ᱨᱮᱭᱟᱜ ᱠᱚᱞᱚᱜ ᱨᱮ ᱵᱟᱱᱩᱜ-ᱟ ᱦᱟᱞᱤ ᱛᱮᱭᱟᱜ ᱞᱮᱠᱷᱟ ᱠᱚ᱾"},{"$i":"wifi-calling","$v":"WiFi ᱠᱚᱞᱚᱜ ᱠᱟᱱᱟ"},{"$i":"dialer-prompt","$v":"ᱰᱟᱭᱤᱞ ᱞᱮᱠᱷᱟ ᱟᱨᱵᱟᱝᱠᱷᱟᱱ ᱡᱚᱜᱟᱡᱳᱜ ᱥᱮᱞᱮᱫ ᱞᱟᱜᱤᱫ ᱠᱚᱞ"},{"$i":"hours","$v":"ᱜᱷᱚᱱᱴᱟ ᱠᱚ"},{"$i":"minutes","$v":"ᱴᱤᱯᱤᱡ ᱠᱚ"},{"$i":"seconds","$v":"ᱴᱤᱯᱤᱡ"},{"$i":"voicemailNoNumberTitle","$v":"ᱟᱲᱟᱝᱢᱮᱞ ᱞᱮᱠᱷᱟ ᱫᱚ ᱵᱟᱝ ᱧᱟᱢᱚᱜ ᱠᱟᱱᱟ"},{"$i":"voicemailNoNumberText","$v":"ᱟᱲᱟᱝᱢᱮᱞ ᱠᱚᱞ ᱫᱚ ᱵᱟᱝ ᱦᱚᱭ ᱫᱟᱲᱤᱭᱟᱜ-ᱟ ᱠᱚᱞ ᱞᱟᱜᱤᱫ ᱵᱮᱭᱥᱮᱣ ᱢᱮ ᱟᱲᱟᱝᱢᱮᱞ ᱞᱮᱠᱷᱟ."},{"$i":"voicemailNoNumberSettings","$v":"ᱥᱮᱴᱤᱸᱜ"},{"$i":"voicemailNoNumberCancel","$v":"ᱢᱩᱪᱮᱫ"},{"$i":"phoneNumberInput","ariaLabel":"ᱯᱷᱹᱚᱱ ᱞᱮᱠᱷᱟ"},{"$i":"keypadDelete","ariaLabel":"ᱢᱮᱴᱟᱣ"},{"$i":"voiceMailKey","ariaLabel":"ᱟᱲᱟᱝᱢᱮᱞ"},{"$i":"asterisk","ariaLabel":"ᱮᱥᱴᱨᱤᱠ"},{"$i":"hashSign","ariaLabel":"ᱦᱮᱥ ᱥᱟᱭᱤᱱ"},{"$i":"loadingSimContacts","$v":"SIM ᱠᱟᱨᱰ ᱡᱚᱜᱟᱡᱳᱜ ᱠᱚ ᱵᱷᱟᱨᱤᱜ ᱠᱟᱱᱟ…"},{"$i":"noContactsWereFound","$v":"ᱡᱟᱦᱟ ᱨᱮ ᱜᱮ ᱡᱚᱜᱟᱡᱳᱜ ᱠᱚ ᱵᱟᱝ ᱧᱟᱢᱚᱜ ᱠᱟᱱᱟ"},{"$i":"noContactsFoundDialogOk","$v":"ᱴᱤᱠ"},{"$i":"emergencyNumber","$v":"ᱢᱩᱦᱤᱞ ᱞᱮᱠᱷᱟ"},{"$i":"callAirplaneModeMessage","$v":"ᱠᱚᱞ ᱞᱟᱜᱤᱫ ᱟᱢ ᱫᱚ ᱩᱰᱮᱜᱜᱟᱰᱤ ᱚᱵᱚᱥᱛᱟ ᱚᱥᱚᱠᱪᱷᱚᱢ ᱦᱩᱭᱩᱜ ᱛᱟᱢᱟ ᱨᱮᱴᱤᱸᱜ ᱨᱮ."},{"$i":"callAirplaneModeBtnOk","$v":"ᱴᱤᱠ"},{"$i":"callAirplaneModeTitle","$v":"ᱩᱰᱮᱜ ᱜᱟᱰᱤ ᱚᱵᱚᱥᱛᱟ ᱥᱚᱠᱪᱷᱚᱢ ᱟᱠᱟᱬᱟ"},{"$i":"numberIsBusyTitle","$v":"ᱞᱮᱠᱷᱟ ᱫᱚ ᱵᱮᱛᱚᱜ ᱜᱮᱭᱟ"},{"$i":"numberIsBusyMessage","$v":"ᱱᱚᱣᱟ ᱞᱮᱠᱷᱟ ᱫᱚ ᱦᱟᱞᱤ ᱨᱮ ᱵᱮᱥᱛᱚ ᱜᱮᱭᱟ. ᱱᱮᱦᱚᱨ ᱯᱚᱨᱮ ᱛᱮ ᱫᱚᱦᱚᱲᱟ ᱠᱩᱨᱩᱢᱩᱴᱩᱭ ᱢᱮ."},{"$i":"fdnIsActiveTitle","$v":"FDN ᱚᱠᱪᱷᱚᱢ ᱜᱮᱭᱟ"},{"$i":"fdnIsActiveMessage","$v":["FDN (ᱜᱚᱴᱟ ᱟᱠᱟᱫ ᱰᱟᱭᱞ ᱞᱮᱠᱷᱟ ᱠᱚ) ᱫᱚ ᱥᱚᱠᱪᱷᱚᱢ ᱟᱠᱟᱱᱟ ᱟᱨ ᱯᱚᱸᱱᱟ ᱟᱠᱟᱫ ᱞᱮᱠᱷᱟ ᱫᱚ ᱵᱟᱱᱩᱜ-ᱟ ᱟᱢᱟᱜ FDN ᱩᱱᱩᱫᱩᱜ ᱨᱮ: ",{"t":"idOrVar","v":"number"}]},{"$i":"emergencyDialogBodyBadNumber","$v":"ᱠᱚᱞ ᱞᱟᱜᱤᱫ ᱟᱢ ᱫᱚ, ᱱᱮᱴᱣᱟᱨᱠ ᱨᱮ ᱯᱷᱹᱚᱱ ᱡᱩᱲᱟᱣ ᱞᱟᱜᱛᱤᱣᱟᱢᱟ."},{"$i":"emergencyDialogBodyDeviceNotAccepted","$v":"ᱱᱚᱣᱟ ᱱᱮᱴᱣᱟᱨᱠ ᱫᱟᱨᱟᱭ ᱛᱮ ᱫᱚ ᱦᱚᱴᱟᱡ ᱠᱚᱞ ᱨᱩᱣᱮᱲ ᱫᱚ ᱵᱟᱭ ᱢᱟᱱᱟᱣᱟ."},{"$i":"emergencyDialogBtnOk","$v":"ᱴᱤᱠ"},{"$i":"emergencyDialogTitle","$v":"ᱱᱮᱴᱣᱟᱨᱠ ᱡᱩᱲᱟᱣ ᱵᱟᱱᱩᱜ-ᱟ"},{"$i":"invalidNumberToDialTitle","$v":"ᱯᱷᱹᱚᱱ ᱞᱮᱠᱷᱟ ᱵᱟᱝ ᱜᱟᱱᱚᱜ"},{"$i":"invalidNumberToDialMessage","$v":"ᱟᱢ ᱠᱚᱞᱮᱜ ᱠᱟᱱ ᱯᱷᱹᱚᱱ ᱞᱮᱠᱷᱟ ᱫᱚ ᱵᱷᱩᱞ ᱜᱮᱭᱟ."},{"$i":"unableToCallTitle","$v":"ᱧᱤᱛ ᱫᱚ ᱵᱟᱝ ᱮᱢ ᱯᱷᱹᱚᱱ ᱠᱚᱞ ᱫᱟᱲᱤᱭᱟᱜ-ᱟ"},{"$i":"unableToCallMessage","$v":"ᱵᱟᱝ ᱮᱢ ᱠᱚᱞ ᱫᱟᱲᱤᱭᱟᱜ-ᱟᱜ. ᱡᱩᱫᱤ ᱟᱢ ᱞᱟᱦᱟ ᱠᱷᱚᱱ ᱜᱮᱢ ᱰᱟᱭᱤᱞ ᱟᱠᱟᱫᱟ, ᱱᱮᱦᱚᱨ ᱯᱟᱦᱤᱞ ᱟᱠᱟᱭ ᱢᱮ."},{"$i":"otherConnectionInUseTitle","$v":"ᱮᱴᱟᱜ ᱡᱩᱲᱟᱣ ᱨᱮ ᱵᱮᱵᱷᱟᱨᱚᱜ ᱠᱟᱱᱟ"},{"$i":"otherConnectionInUseMessage","$v":"ᱟᱢ ᱴᱮᱱ ᱫᱚ ᱥᱚᱠᱪᱷᱚᱢ ᱠᱚᱞ ᱢᱮᱱᱟᱜ-ᱟ ᱮᱴᱟᱜ ᱡᱩᱲᱟᱣ ᱠᱷᱚᱱ. ᱟᱢ ᱫᱚ ᱢᱤᱛ ᱚᱠᱛᱮ ᱨᱮ ᱮᱠᱮᱱ ᱢᱤᱛ ᱡᱩᱲᱟᱣ ᱜᱮᱢ ᱵᱮᱵᱷᱟᱨ ᱫᱟᱲᱤᱭᱟᱜ-ᱟ"},{"$i":"tcl-call-log","$v":"ᱠᱚᱞ ᱞᱳᱜ"},{"$i":"tcl-contacts","$v":"ᱡᱚᱜᱟᱡᱳᱜᱠᱚ"},{"$i":"tcl-call","$v":"ᱠᱚᱞ"},{"$i":"tcl-add-contact","$v":"ᱢᱮᱱᱟᱜ ᱡᱚᱜᱟᱡᱳᱜ ᱨᱮ ᱥᱮᱞᱮᱫ"},{"$i":"tcl-create-contact","$v":"ᱱᱟᱣᱟ ᱠᱷᱟᱛᱟ ᱵᱤᱱᱟᱣ"},{"$i":"tcl-add-speed-dial","$v":"ᱛᱟᱯᱤᱥ ᱰᱟᱭᱮᱞ ᱨᱮ ᱥᱮᱞᱮᱫ"},{"$i":"sim-with-index-and-carrier","$v":["SIM ",{"t":"idOrVar","v":"index"}," - ",{"t":"idOrVar","v":"carrier"}]},{"$i":"sim-without-carrier","$v":["SIM ",{"t":"idOrVar","v":"index"}]}]