[{"$i":"confirmMsg","$v":[{"t":"idOrVar","v":"deviceId"}," तवहां जा राबता ऐं कालु सरगुज़श्त ताईं रसाई पसंदि करे थो, कबूल कर्यो."]},{"$i":"responseMsg","$v":[{"t":"idOrVar","v":"deviceId"}," लाइ के"]},{"$i":"confirmTitle","$v":"फ़ोनु बुक जे दरख़्वास्त"},{"$i":"responseTitle","$v":"ब्लूटूथ सेशन के घुर्बल आहे"},{"$i":"initialValue","$v":"सेशन जे के दाख़िलु कर्यो"},{"$i":"gaia-menu-cancel","$v":"मंसूख़ कर्यो"},{"$i":"gaia-sim-picker-dial-via-with-number","$v":["जे ज़रिए ",{"t":"idOrVar","v":"phoneNumber"}," डाइल कर्यो"]},{"$i":"gaia-sim-picker-select-sim","$v":"SIM चुंडो"},{"$i":"gaia-sim-picker-button","$v":["SIM",{"t":"idOrVar","v":"n"}]},{"$i":"gaia-sim-picker-button-default","$v":"(डिफॉल्ट)"},{"$i":"softkey-options","$v":"इख़्तियारु"},{"$i":"details","countcall":"काल"},{"$i":"edit","$v":"फेरबदल"},{"$i":"cancel","$v":"मंसूख़ कर्यो"},{"$i":"done","$v":"पुरो थियो"},{"$i":"ok","$v":"ठीक"},{"$i":"update","$v":"अपडेट"},{"$i":"retry","$v":"बदहुरायो"},{"$i":"view","$v":"डि॒सो"},{"$i":"search","$v":"गो॒ल्हि"},{"$i":"contacts","$v":"राबता"},{"$i":"addContact","$v":"राबतो गंढो"},{"$i":"deleteContact","$v":"कान्टेक्ट सूचीअ खे मिटायो"},{"$i":"selectContact","$v":"राबत़ो चूंडियो"},{"$i":"selectAll","$v":"सभई चूंडियो"},{"$i":"deselect","$v":"अण चूंडियो"},{"$i":"deselectAll","$v":"सभई अण चूंडियो"},{"$i":"editContact","$v":"राब्ता फेबदल कयो"},{"$i":"deleteConfirmMsg","$v":"कान्टेक्ट सूचीअ खे मिटायो?"},{"$i":"remove","$v":"सोरो"},{"$i":"delete","$v":"रदि"},{"$i":"comments","$v":"तबसरा"},{"$i":"no_contact_phones","$v":"हुन राबते जो फ़ोनु नम्बरु कोन्हे"},{"$i":"no_contact_email","$v":"हुन राबते खे हिक ए मैलु पतो नाहे"},{"$i":"no_contact_data","$v":"हुन राबते जो फ़ोनु नम्बरु ऐं ए मैलु पतो कोन्हे"},{"$i":"removePhotoConfirm","$v":"राबते जी तस्वीर हटायो?"},{"$i":"loadingContacts","$v":"राबता लोड करे रहियो आहे..."},{"$i":"noContactsActivity2","$v":"के बि राबता तवहां जी राबते जी फ़हिरसत में नाहिनि"},{"$i":"noName","$v":"को बि नालो न"},{"$i":"givenName","$v":"पहिरियों नालो"},{"$i":"familyName","$v":"आख़िरी नालो"},{"$i":"tel","$v":"फोन"},{"$i":"carrier","$v":"कैरीयर","placeholder":"कैरीयर"},{"$i":"separator","$v":","},{"$i":"email","$v":"इमेल"},{"$i":"streetAddress","$v":"वाटि"},{"$i":"postalCode","$v":"ज़िप कोड"},{"$i":"locality","$v":"शहर"},{"$i":"countryName","$v":"मुल्क"},{"$i":"comment","$v":"तबसरो"},{"$i":"org","$v":"कम्पनी"},{"$i":"date","$v":"तारिख","placeholder":"तारिख"},{"$i":"date-span-placeholder","$v":"तारिख"},{"$i":"birthday","$v":"जन्मदिहं"},{"$i":"dateFormat","$v":"%b %e"},{"$i":"dateOutput","$v":[{"t":"idOrVar","v":"dayMonthFormatted"}," ",{"t":"idOrVar","v":"year"}]},{"$i":"anniversary","$v":"सालगिरह"},{"$i":"addPhoto","$v":"तस्वीर शामिलु कर्यो"},{"$i":"addPhone","$v":"फ़ोनु शामिलु कर्यो"},{"$i":"addEmail","$v":"ए मैलु शामिलु कर्यो"},{"$i":"addAddress","$v":"पतो शामिलु कर्यो"},{"$i":"addDate","$v":"तारीख़ शामिलु कर्यो"},{"$i":"addComment","$v":"नोट इज़ाफ़ो कर्यो."},{"$i":"addFavorite","$v":"पसंदीदा तौर शामिलु कर्यो"},{"$i":"removeFavorite","$v":"पसंदीदा तौर हटायो"},{"$i":"addButton","ariaLabel":"गंढो"},{"$i":"editButton","ariaLabel":"फेरबदल"},{"$i":"settingsButton","ariaLabel":"सेटिंगयूं"},{"$i":"phoneDetail","ariaLabel":"फोन"},{"$i":"emailDetail","ariaLabel":"इमेल"},{"$i":"addressDetail","ariaLabel":"सरनामो"},{"$i":"dateDetail","ariaLabel":"तारिख"},{"$i":"composeEmail","ariaLabel":"इमेल"},{"$i":"makeCall","ariaLabel":"काल"},{"$i":"phones","ariaLabel":"फ़ोनु"},{"$i":"emails","ariaLabel":"ए मेलों"},{"$i":"addresses","ariaLabel":"पिता"},{"$i":"dates","ariaLabel":"तारीख़ोन"},{"$i":"notes","ariaLabel":"नोटअ"},{"$i":"exit","$v":"बा॒हर"},{"$i":"expand","$v":"फहलायो"},{"$i":"labelName","$v":"नालो:"},{"$i":"labelLastName","$v":"आख़िरी नालो:"},{"$i":"labelPhoneNumber","$v":"फ़ोनु नम्बरु:"},{"$i":"labelCarrier","$v":"कैरीयर:"},{"$i":"labelEmail","$v":"इमेल:"},{"$i":"labelStreet","$v":"वाटि:"},{"$i":"labelZip","$v":"ज़िप कोड:"},{"$i":"labelCity","$v":"शहर:"},{"$i":"labelCountry","$v":"मुल्क:"},{"$i":"labelComment","$v":"तबसरो:"},{"$i":"legendTitleMain","$v":"मुख मालूमात"},{"$i":"legendPhones","$v":"फ़ोनु नम्बरु"},{"$i":"legendEmail","$v":"ए मैलु पतो"},{"$i":"legendAddress","$v":"सरनामो"},{"$i":"search-contact","placeholder":"गो॒ल्हि"},{"$i":"noResults","$v":"के बि राबत न मिलिया"},{"$i":"transferContactsTitle","$v":"राबता मुंतक़िल कर्यो"},{"$i":"importContactsTitle","$v":"राबता दरआमद कर्यो"},{"$i":"importContactsButton","$v":"राबता दरआमद कर्यो"},{"$i":"exportContactsTitle","$v":"राबता बरामद कर्यो"},{"$i":"exportContactsButton","$v":"राबता बरामद कर्यो"},{"$i":"exportContactsAction","$v":"बिर आमद"},{"$i":"simExport-title","$v":"SIM ॾांहुं बरामद कर्यो"},{"$i":"memoryCardExport-title","$v":"मीमॿीहर कार्डु ॾांहुं बरामद कर्यो"},{"$i":"btExport-title","$v":"ब्लूटूथ ॾांहुं बरादमद कर्यो"},{"$i":"memoryCardUMSEnabled","$v":"मीमॿीहर कार्डु इस्तेमाल नथा करे सघूं छाकाणि तUSB ज़ख़ीरो फ़आल थियल आहे"},{"$i":"exportErrorTitle","$v":"बरामद जो नुक़्सु"},{"$i":"contactsExported2","$v":{"zero":"के बि राबता बरामद न थिया","one":[{"t":"idOrVar","v":"exported"},"/",{"t":"idOrVar","v":"total"}," राबता बरामद थिया"],"two":[{"t":"idOrVar","v":"exported"},"/",{"t":"idOrVar","v":"total"}," राबता बरामद थिया"],"few":[{"t":"idOrVar","v":"exported"},"/",{"t":"idOrVar","v":"total"}," राबता बरामद थिया"],"many":[{"t":"idOrVar","v":"exported"},"/",{"t":"idOrVar","v":"total"}," राबता बरामद थिया"],"other":[{"t":"idOrVar","v":"exported"},"/",{"t":"idOrVar","v":"total"}," राबता बरामद थिया"]},"$x":[{"t":"idOrVar","v":"plural"},"exported"]},{"$i":"exportError-general","$v":"बरामद करणु दौरान कुझु नुक़्सु थियो"},{"$i":"exportError-SD-shared","$v":"मीमॿीहर कार्डु रसाई नथा करे सघूं छाकाणि त इहो हिसेदारी कयल आहे"},{"$i":"exportError-SD-unavailable","$v":"मीमॿीहर कार्डु मौजूदु नाहे"},{"$i":"exportError-SD-noSpace","$v":"राबता बरामद करणु लाइ मैमरी कार्डु ते काफ़ी जॻह नाहे"},{"$i":"exportError-SIM-unavailable","$v":"SIM कार्डु दस्तयाब नाहे"},{"$i":"exportError-BT-shared","$v":"मीमॿीहर कार्डु रसाई नथा करे सघूं छाकाणि त इहो हिसेदारी कयल आहे"},{"$i":"exportError-BT-unavailable","$v":"मीमॿीहर कार्डु मौजूदु नाहे"},{"$i":"exportError-BT-noSpace","$v":"राबता बरामद करणु लाइ मैमरी कार्डु ते काफ़ी जॻह नाहे"},{"$i":"social-network","$v":"समाजी नेट वर्क"},{"$i":"social-link","$v":"राबते किरी कड़ियो"},{"$i":"social-unlink","$v":"राबत़ो उन लिंक कर्यो"},{"$i":"social-unlink-confirm-title","$v":"छा तवहां पंहिंजे दोस्तु खे इन लिंक करणु चाहियो था?"},{"$i":"social-unlink-confirm-accept","$v":"इन लिंक कर्यो"},{"$i":"facebook-import","$v":"फ़ीस बुक दोस्तु दरआमद कर्यो"},{"$i":"show-fb-profile","$v":"फ़ीस बुक जो पुरो फाईल ॾिसो"},{"$i":"msg-send","$v":"नयापो"},{"$i":"wall-post","$v":"वाल पोस्ट"},{"$i":"share-contact","$v":"राबत़ो हिसेदारी कर्यो"},{"$i":"facebook-export-forbidden","$v":"फ़ीस बुक जे रुकावट जे करे राबत़ो वंडजी नथो सघिजे ."},{"$i":"otherAccount","$v":"ॿिया अकाऊंट"},{"$i":"facebookSwitchMsg","$v":"हम वक़्तु साज़ी दोस्तु"},{"$i":"select_mobile","$v":"मोबाईल चूंडियो"},{"$i":"select_email","$v":"ए मैलु चूंड करो"},{"$i":"select_recipient","$v":"वसूलु कंदड़ु चूंडियो"},{"$i":"sort-by-first-name","$v":"पहिरिंय नाले सां तरतीब ॾियो"},{"$i":"sort-by-last-name","$v":"आख़िरी नाले सां तरतीब ॾियो"},{"$i":"importSim2","$v":"SIM कार्ड"},{"$i":"importGmail","$v":"जीमेल"},{"$i":"bluetooth","$v":"बल्तुथ"},{"$i":"importOutlook","$v":"आऊट लकु"},{"$i":"fbUpdateFriends","$v":"बिर आमद कुलु दोस्तु अपदीट कर्यो"},{"$i":"cleaningFbData","$v":"फ़ीस बुक डेटा हटाई प्यो"},{"$i":"loggingOutFb","$v":"फ़ीस बुक खां लॉग आऊट कर्यो"},{"$i":"cleanFbConfirmMsg","$v":"फ़ीस बुक जी सॼी डेटा हटायो?"},{"$i":"renewPwdMsg","$v":"फ़ीस बुक में तव्हांजो पास वर्ड तब्दील थियो  . महिरबानी करे उन खे अपडेट कर्यो ."},{"$i":"notEnabledYet","$v":"अञां फ़आल नाहे"},{"$i":"genericNoConnection","$v":"राबता दरआमद करणु लाइWiFi या डेटा नेट वर्क सां कनेक्ट कर्यो"},{"$i":"bluetoothNoConnection","$v":"राबता बरामद करणु जे लाइ ब्लूटूथ सां ॻंढियो."},{"$i":"simCard","$v":"SIM कार्ड"},{"$i":"memoryCard","$v":"मीमॿीहर कार्डु"},{"$i":"simNumberNoMSISDN","$v":["चीम ",{"t":"idOrVar","v":"number"},":"]},{"$i":"simNumberWithMSISDN","$v":["SIM ",{"t":"idOrVar","v":"number"},": ",{"t":"idOrVar","v":"msisdn"}]},{"$i":"ICEContactsGroup","$v":"ICE राबता"},{"$i":"setICEButton","$v":"ICE राबता सीट कर्यो"},{"$i":"ICESettingTitle","$v":"ICE राबता"},{"$i":"ICEDescription","$v":"\"हंगामी सूरत\" में कालों करणु लाइ पंज राबता शामिल कर्यो"},{"$i":"ICEContact1","$v":"ICE राबत़ो1"},{"$i":"tcl-ice-contact-1-added","$v":"ICE राबत़ो1 शामिलु थियो"},{"$i":"ICESelectContact","$v":"हिक राबत़ो चूंडियो"},{"$i":"ICEContact2","$v":"ICE राबत़ो2"},{"$i":"tcl-ice-contact-2-added","$v":"ICE राबत़ो2 शामिलु थियो"},{"$i":"ICERepeatedContact","$v":"ही राबत़ो पहिरियां खां ई हिक मोजूदहICE राबत़ो आहे"},{"$i":"ICEUnknownError","$v":"ICE तौर राबत़ो मोकिलणु दौरान हिकु नुक़्सु हो"},{"$i":"ICEContactNoNumber","$v":"हुन राबते खे हिक फ़ोनु नम्बरु नाहे"},{"$i":"ICEFacebookContactNotAllowed","$v":"फ़ीस बुक राबतन खेICE राबतन तौर सीट नथो करे सघिजे"},{"$i":"ICEContactDelTel","$v":"हज़फ़ कयल फ़ोनु नम्बरुICE राबते खां हटाएल आहिनि"},{"$i":"ICEContactDelTelAll","$v":"सभई नम्बरु हज़फ़ थियल आहिनि . ही राबज़ोICE राबतन मां हज़फ़ थियल आहे ."},{"$i":"delete-ice-contact-warning","$v":"छा तव्हांखे पिक आहे त तवहांICE राबत़ो हटाइणु चाहियो था ?"},{"$i":"add","$v":"गंढो"},{"$i":"no-contacts","$v":"के बि राबता न"},{"$i":"start-adding","$v":"राबता इज़ाफ़ो करणु लाइ नओं राबत़ो खे दॿायो ."},{"$i":"notImported","$v":"दरआमद कयल नाहे"},{"$i":"imported","$v":"दरु आमद थिया"},{"$i":"today","$v":"अजु॒"},{"$i":"yesterday","$v":"कुल्हा"},{"$i":"messageCanceling","$v":"महिरबानी करे होल्ड कर्यो .  असां हलंदड़ ऑपरेशन मंसूख़ करियूं प्या ."},{"$i":"organise-contacts","$v":"राबता मुनज़्ज़म कर्यो"},{"$i":"find-merge-contacts","$v":"डुप्लीकेट राबता ॻोलियो"},{"$i":"preparing-contacts","$v":"राबता तयार किरी प्यो"},{"$i":"exportError-SIM-NoFreeRecordFound","$v":"SIM कार्डु भरियल आहे"},{"$i":"exportError-SIM-CannotAccessPhoneBook","$v":"SIM कार्डु जी फ़ोनु बुक ताईं रसाई नथा करे सघूं"},{"$i":"exportError-SIM-Unavailable","$v":"को बि SIM पतो न लॻे"},{"$i":"exportError-SIM-GenericError","$v":"हिक राबत़ो बरामद करणु दौरान हिकु नुक़्सु थियो"},{"$i":"noSimMsgExport","$v":"राबता बरामद करणु लाइ पंहिंजे SIM कार्डु दाख़िलु या उन लॉक कर्यो"},{"$i":"noMemoryCardMsgExport","$v":"राबता बरामद करणु लाइ हिकु मैमरी कार्डु दाख़िलु कर्यो"},{"$i":"ContactManagementTitle","$v":"राबतन जो इंतिज़ामु"},{"$i":"DeleteTitle","$v":"रदि"},{"$i":"bulkDeleteButton","$v":"रदि कयो राबता"},{"$i":"BulkDelCancel","$v":"राबता हज़फ़ करणु नाकामु थियो"},{"$i":"DeletedTxt","$v":{"zero":"हज़फ़ करणु लाइ को बि राबत़ो नाहे","one":"1 राबत़ो हटायो व्यो","two":[{"t":"idOrVar","v":"n"}," राबता हटाया व्या"],"few":[{"t":"idOrVar","v":"n"}," राबता हटाया व्या"],"many":[{"t":"idOrVar","v":"n"}," राबता हटाया व्या"],"other":[{"t":"idOrVar","v":"n"}," राबता हटाया व्या"]},"$x":[{"t":"idOrVar","v":"plural"},"n"]},{"$i":"DeletingContacts","$v":"राबता हज़फ़ करणु"},{"$i":"ContactConfirmDel","$v":{"zero":"हज़फ़ करणु लाइ को बि राबत़ो नाहे","one":"1 राबता हज़फ़ कर्यो? इहो ॿीहर बहाल नथो करे सघिजे.","two":[{"t":"idOrVar","v":"n"}," राबता हज़फ़ कर्यो? इहो ॿीहर बहाल नथो करे सघिजे."],"few":[{"t":"idOrVar","v":"n"}," राबता हज़फ़ कर्यो? इहो ॿीहर बहाल नथो करे सघिजे."],"many":[{"t":"idOrVar","v":"n"}," राबता हज़फ़ कर्यो? इहो ॿीहर बहाल नथो करे सघिजे."],"other":[{"t":"idOrVar","v":"n"}," राबता हज़फ़ कर्यो? इहो ॿीहर बहाल नथो करे सघिजे."]},"$x":[{"t":"idOrVar","v":"plural"},"n"]},{"$i":"SelectedTxt","$v":{"zero":[{"t":"idOrVar","v":"n"}," मुंतख़बु कयल"],"one":[{"t":"idOrVar","v":"n"}," मुंतख़बु कयल"],"two":[{"t":"idOrVar","v":"n"}," मुंतख़बु कयल"],"few":[{"t":"idOrVar","v":"n"}," मुंतख़बु कयल"],"many":[{"t":"idOrVar","v":"n"}," मुंतख़बु कयल"],"other":[{"t":"idOrVar","v":"n"}," मुंतख़बु कयल"]},"$x":[{"t":"idOrVar","v":"plural"},"n"]},{"$i":"video","$v":"विडियो"},{"$i":"audio","$v":"आडियो"},{"$i":"pick_destination","$v":[{"t":"idOrVar","v":"destination"}," ",{"t":"idOrVar","v":"carrier"}]},{"$i":"removeField","ariaLabel":"सोरो"},{"$i":"undo","ariaLabel":"अण-कयो"},{"$i":"send-sms-button","ariaLabel":"SMS"},{"$i":"ice_contacts","$v":"ICE राबता"},{"$i":"edit-picture","$v":"तस्वीर तदवीन कर्यो"},{"$i":"remove-photo","$v":"फोटो सोरो"},{"$i":"change-photo","$v":"तस्वीर तब्दील कर्यो"},{"$i":"photo-options","$v":"फ़ोटो इख़्तियारु"},{"$i":"tcl-all","$v":"सभु"},{"$i":"tcl-speed-dial","$v":"स्पीड डाइल"},{"$i":"tcl-new-contact","$v":"नओं राबत़ो"},{"$i":"tcl-settings","$v":"सेटिंगयूं"},{"$i":"tcl-save","$v":"साघो"},{"$i":"save","$v":"साघो"},{"$i":"tcl-add","$v":"गंढो"},{"$i":"tcl-contact-add-ringtone","$v":"रंगु टूं शामिलु कर्यो"},{"$i":"tcl-custom-dialog-title-default","$v":"तसिदीक़"},{"$i":"confirm-dialog-title-default","$v":"तसिदीक़"},{"$i":"discard","$v":"रदि"},{"$i":"custom-tag-title","$v":"रवाजी टैग"},{"$i":"tcl-contact-added","$v":"राबत़ो इज़ाफ़ो थियो"},{"$i":"tcl-contact-updated","$v":"राबते जा तफ़सील अपडेट थिया"},{"$i":"tcl-contact-removed","$v":"राबत़ो हज़फ़ थियो"},{"$i":"tcl-contact-unremoved","$v":"हटाइणु जे क़ाबिलु नाहे"},{"$i":"edit-phone-type","$v":"फ़ोनु जो क़िस्मु तदवीन कर्यो"},{"$i":"edit-email-type","$v":"ए मैलु जो क़िस्मु तदवीन कर्यो"},{"$i":"edit-address-type","$v":"पती जो क़िस्मु तदवीन कर्यो"},{"$i":"edit-date-type","$v":"तारीख़ जो क़िस्मु तदवीन कर्यो"},{"$i":"tcl-select-phone-type","$v":"फ़ोनु जो क़िस्मु चूंडियो"},{"$i":"tcl-select-email-type","$v":"ए मैलु जो क़िस्मु चूंडियो"},{"$i":"tcl-select-address-type","$v":"एड्रेस जो क़िस्मु चूंडियो"},{"$i":"tcl-select-date-type","$v":"तारीख़ जो क़िस्मु चूंडियो"},{"$i":"add-phone","$v":"फ़ोनु नम्बरु शामिलु कर्यो"},{"$i":"add-email","$v":"ए मैलु शामिलु कर्यो"},{"$i":"add-address","$v":"पतो शामिलु कर्यो"},{"$i":"add-date","$v":"तारीख़ शामिलु कर्यो"},{"$i":"add-phone-type","$v":"फ़ोनु जो क़िस्मु"},{"$i":"add-email-type","$v":"ए मैलु जो क़िस्मु"},{"$i":"add-address-type","$v":"पती जो क़िस्मु"},{"$i":"add-date-type","$v":"तारीख़ जो क़िस्मु"},{"$i":"delete-phone","$v":"फ़ोनु नम्बरु हज़फ़ कर्यो"},{"$i":"delete-email","$v":"ए मैलु हज़फ़ कर्यो"},{"$i":"delete-address","$v":"पतो हज़फ़ कर्यो"},{"$i":"delete-date","$v":"तारीख़ हज़फ़ कर्यो"},{"$i":"delete-note","$v":"नोट हज़फ़ कर्यो"},{"$i":"delete-comment-warning","$v":"छा तवहां नोट ख़तमु करणु चाहियो था?"},{"$i":"tcl-deleting-messages-phone","$v":["छा तवहां खे पिक आहे त तवहां फ़ोनु ख़तमु करणु चाहियो था: \"",{"t":"idOrVar","v":"type_name"},"\" ?"]},{"$i":"tcl-deleting-messages-email","$v":["छा तवहां खे पिक आहे त तवहां ए मैलु ख़तमु करणु चाहियो था: \"",{"t":"idOrVar","v":"type_name"},"\" ?"]},{"$i":"tcl-deleting-messages-address","$v":["छा तवहां खे यक़ीनु आहे त तवहां राबत़ो ख़तमु करणु चाहियो था: \"",{"t":"idOrVar","v":"type_name"},"\"?"]},{"$i":"tcl-deleting-messages-date","$v":"छा तवहां खे पिक आहे त तवहां तारीख़ ख़तमु करणु चाहियो था?"},{"$i":"deleting-message-warning","$v":["छा तव्हांखे पिक आहे त तवहां \"",{"t":"idOrVar","v":"type_name"},"\" हज़फ़ करणु चाहियो था?"]},{"$i":"tcl-deleting-messages-comment","$v":"छा तवहां खे यक़ीनु आहे त तवहां तबसरो ख़तमु करणु चाहियो था?"},{"$i":"delecting-messages-contact","$v":["छा तवहां खे यक़ीनु आह त तवहां \"",{"t":"idOrVar","v":"type_name"},"\" ख़तमु करणु चाहियो था?"]},{"$i":"delecting-this-contact","$v":"ही राबत़ो हज़फ़ कर्यो?"},{"$i":"deleting-messages-ringtone","$v":"छा तवहां रंगु टूं ख़तमु करणु चाहियो था?"},{"$i":"deleting-messages-picture","$v":"छा तव्हांखे पिक आहे त तवहां तस्वीर हटाइणु चाहियो था?"},{"$i":"tcl-deleting-notification-ringtone","$v":"रंगु टूं हज़फ़ थी"},{"$i":"tcl-deleting-notification-comment","$v":"तबसरो हज़फ़ थियो"},{"$i":"note","$v":"नोठ"},{"$i":"address","$v":"सरनामो"},{"$i":"tcl-noContacts","$v":"राबते ॾांहुं शामिलु नथा करे सघूं जीअं त तव्हांजी राबते जी फ़हिरसत ख़ाली आहे"},{"$i":"tcl-noContacts-no-email","$v":"राबते ॾांहुं शामिलु नथा करे सघूं जीअं त ए मैलु सां के बि राबता नाहिनि"},{"$i":"tcl-noContacts-no-tel","$v":"राबते ॾांहुं शामिलु नथा करे सघूं जीअं त ए मैलु सां के बि फ़ोनु नम्बरु नाहिनि"},{"$i":"tcl-noContactsTitle","$v":"के बि राबता न"},{"$i":"tcl-change-voice-mail","$v":"आवाज़ु मैलु नम्बरु तब्दील कर्यो"},{"$i":"tcl-replace","$v":"मटो"},{"$i":"tcl-remove-speed-dial","$v":"स्पीड डाइल खां हटायो"},{"$i":"tcl-notification-speed-dial-added","$v":"स्पीड डाइल इज़ाफ़ो थियो"},{"$i":"tcl-notification-speed-dial-removed","$v":"स्पीड डाइल नम्बरु हटायो व्यो"},{"$i":"tcl-notification-speed-dial-updated","$v":"स्पीड डाइल नम्बरु अपडेट थियो"},{"$i":"tcl-notification-voice-mail-updated","$v":"वाईस मैलु नम्बरु अपडेट थियो"},{"$i":"tcl-notification-contact-assigned","$v":"स्पीड डाइल ॾांहुं इसाईनि थियल राबत़ो"},{"$i":"empty","$v":"खाली कयो"},{"$i":"tcl-voice-mail","$v":"वाईस मैलु"},{"$i":"contact-confirm-save","$v":"राबते जे मालूमात रदि कई वेंदी. छा तवहां ही राबत़ो महफूज़ु करणु पसंदि कर्यो?"},{"$i":"contact-confirm-form-save","$v":"तब्दीलियूं मंसूख़ कयूं वेंदियूं .  छा तवहां ही राबत़ो महफूज़ु करणु पसंदि कंदा ?"},{"$i":"tcl-yes","$v":"हा"},{"$i":"tcl-no","$v":"न"},{"$i":"tcl-default-ringtone","$v":"मुल रिंगटोन"},{"$i":"tcl-add-ringtone","$v":"रिंगटोनअ"},{"$i":"tcl-ringtone","$v":"रिगटोन"},{"$i":"change-ringtone","$v":"रंगु टूं तब्दील कर्यो"},{"$i":"delete-ringtone","$v":"रंगु टूं हज़फ़ कर्यो"},{"$i":"tcl-settings-title","$v":"राबतन जूनि सीटींगूं"},{"$i":"settings-sort-contacts-title","$v":"राबता तरतीब ॾियो"},{"$i":"tcl-oder-notification","$v":"तब्दीलियूं महफूज़ु थ्यूं"},{"$i":"changes-saved-notification","$v":"तब्दीलियूं महफूज़ु कयूं."},{"$i":"tcl-imported-status","$v":[{"t":"idOrVar","v":"n"}," राबता दरआमद थिया ",{"t":"idOrVar","v":"numDups"}," राबता ज़म थिया"]},{"$i":"tcl-on","$v":"मथे"},{"$i":"tcl-off","$v":"बंद"},{"$i":"on","$v":"मथे"},{"$i":"off","$v":"बंद"},{"$i":"tcl-contact-empty-number","$v":"ख़ाली फ़ोनु नम्बरु"},{"$i":"contact-no-dial-number","$v":"डाइल करणु लाइ को बि फ़ोनु नम्बरु नाहे ."},{"$i":"tcl-select-number","$v":"नम्बरु चूंडियो"},{"$i":"tcl-select-email","$v":"ए मैलु चूंड करो"},{"$i":"select-email","$v":"ए मैलु चूंड करो"},{"$i":"tcl-send-message","$v":"पैग़ामु मोकिलियो"},{"$i":"send-email","$v":"ए मैलु मोकिलियो"},{"$i":"tcl-share","$v":"वर्च"},{"$i":"tcl-find-duplicate","$v":"डुप्लीकेट राबता ॻोलियो"},{"$i":"tcl-add-favorite","$v":"पसंदीदा तौर शामिलु कर्यो"},{"$i":"tcl-remove-favorite","$v":"ग़ैरु पसंददीदह"},{"$i":"tcl-link-social-networks","$v":"समाजी नेट वरकन ॾांहु कड़ी"},{"$i":"tcl-delete","$v":"रदि"},{"$i":"tcl-detail-send-sms","$v":"नओंSMS"},{"$i":"tcl-detail-call","$v":"काल"},{"$i":"tcl-detail-send-email","$v":"कमपोज"},{"$i":"sms","$v":"नयापो"},{"$i":"tcl-search-contact","$v":"गो॒ल्हि"},{"$i":"tcl-number","$v":["नम्बरु ",{"t":"idOrVar","v":"number"}]},{"$i":"tcl-custom-dialog-replace-speed-dial","$v":["छा तवहां खे पिक आहे ते तवहां ",{"t":"idOrVar","v":"oldSpeedDial"}," खे ",{"t":"idOrVar","v":"newSpeedDial"}," सां स्पीड डाइल मिटाइणु छाहयो था?"]},{"$i":"custom-dialog-remove-speed-dial","$v":["छा तवहां खे पिक आहे त तवहां स्पीड डाइल खां ",{"t":"idOrVar","v":"name"}," हटाइणु चाहियो था?"]},{"$i":"tcl-options","$v":"इख़्तियारु"},{"$i":"tcl-success-merged","$v":[{"t":"idOrVar","v":"number"}," राबता ज़म थिया"]},{"$i":"tcl-contact-confirm-merge","$v":["चा तव्हांखे पिक आहे टह तवहां ",{"t":"idOrVar","v":"name"}," नाली सां ",{"t":"idOrVar","v":"count"}," राबता हज़फ़ करणु चायो था?"]},{"$i":"tcl-merge","$v":"ज़म कर्यो"},{"$i":"add-speed-dial-failed-title","$v":"स्पीड डुअल शामिलु कर्यो नाकामु थियो"},{"$i":"add-speed-dial-failed-content","$v":[{"t":"idOrVar","v":"name"},"रफ़्तार डाइल में वजूदु रखे थो, महिरबानी करे ॿी राबते जे चवन्द कर्यो ."]},{"$i":"merge","$v":"ज़म कर्यो"},{"$i":"tcl-attention","$v":"ध्यान द्यो"},{"$i":"attention","$v":"ध्यान द्यो"},{"$i":"tcl-speed-dial-add-contact","$v":{"$o":"हिते के बि राबता नाहिनि . <br><br>महिरबानी करे हिक राबत़ो ठाहियो ."}},{"$i":"tcl-voice-mail-header","$v":"वाईस मैलु"},{"$i":"tcl-voice-mail-number","$v":"वाईस मैलु नम्बरु"},{"$i":"tcl-select-all","$v":"सभई चूंडियो"},{"$i":"tcl-deselect-all","$v":"सभई अण चूंडियो"},{"$i":"systemring","$v":"रिगटोन"},{"$i":"moremusic","$v":"संगित"},{"$i":"tcl-add-ringselect","$v":"खां चूंडियो"},{"$i":"type-select","$v":"चूंडियो"},{"$i":"dialnum-view","$v":"डि॒सो"},{"$i":"select-a-contact-title","$v":"हिक राबत़ो चूंडियो"},{"$i":"select-a-number-title","$v":"हिक नम्बरु चूंडियो"},{"$i":"invalid-vcf-file","$v":"ग़लतिvcf फ़ुल"},{"$i":"voiceMail","$v":"वाऐसमेल"},{"$i":"back","$v":"वापसि"},{"$i":"noSimMsg","$v":"राबता दरआमद करणु लाइ पंहिंजे SIM कार्डु दाख़िलु या उन लॉक कर्यो"},{"$i":"noMemoryCardMsg","$v":"राबता दरआमद करणु लाइ हिकु मीमीवरी कार्डु दाख़िलु कर्यो"},{"$i":"importMemoryCard","$v":"मीमॿीहर कार्डु"},{"$i":"noConnection11","$v":"फ़ीस बुक दोस्तु या राबता दरआमद करणु लाइWiFi या डेटा नेट वर्क ॾांहुं कनेक्ट कर्यो"},{"$i":"emptyAccount","$v":"हुन अकाऊंट में के बि दोस्तु या राबता न मिलिया ."},{"$i":"simContacts-import","$v":"SIM राबता दरआमद कर्यो"},{"$i":"simContacts-importing","$v":"SIM कार्डु खां रबता दरआमद किरी प्यो"},{"$i":"simContacts-reading","$v":"SIM कार्डु खां राबता पढ़े प्यो..."},{"$i":"simContacts-error","$v":"SIM खां राबता दरआमद न करे सघिया सें"},{"$i":"simContacts-imported3","$v":{"zero":"दरआमद करणु लाइ SIM ते के बि राबत़ो पतो न लॻा","one":"हिक राबत़ो दरआमद कर्यो","two":[{"t":"idOrVar","v":"n"}," राबता दरआमद थिया"],"few":[{"t":"idOrVar","v":"n"}," राबता दरआमद थिया"],"many":[{"t":"idOrVar","v":"n"}," राबता दरआमद थिया"],"other":[{"t":"idOrVar","v":"n"}," राबता दरआमद थिया"]},"$x":[{"t":"idOrVar","v":"plural"},"n"]},{"$i":"memoryCardContacts-import","$v":"मीमॿीहर कार्डु खां राबता दरआमद कर्यो"},{"$i":"memoryCardContacts-importing","$v":"मीमॿीहर कार्डु खां राबता दरआमद किरी प्यो..."},{"$i":"memoryCardContacts-reading","$v":"मीमॿीहर कार्डु खां राबता पढ़े प्यो..."},{"$i":"memoryCardContacts-error","$v":"मीमॿीहर कार्डु खां राबता दरआमद नथा करे सगहो"},{"$i":"memoryCardContacts-imported3","$v":{"zero":"दरआमद करणु लाइ मीमॿीहर कार्डु ते के बि राबता पतो न लॻा","one":"हिक राबत़ो दरआमद कर्यो","two":[{"t":"idOrVar","v":"n"}," राबता दरआमद थिया"],"few":[{"t":"idOrVar","v":"n"}," राबता दरआमद थिया"],"many":[{"t":"idOrVar","v":"n"}," राबता दरआमद थिया"],"other":[{"t":"idOrVar","v":"n"}," राबता दरआमद थिया"]},"$x":[{"t":"idOrVar","v":"plural"},"n"]},{"$i":"genericProgress","$v":[{"t":"idOrVar","v":"current"},"/",{"t":"idOrVar","v":"total"}]},{"$i":"facebook","$v":"फ़ीस बुक"},{"$i":"facebook-import-msg2","$v":[{"t":"idOrVar","v":"imported"},"/",{"t":"idOrVar","v":"total"}," दोस्तु दरआमद थिया"]},{"$i":"contactsMerged","$v":{"zero":"मै बि राबता ज़म न थिया","one":"हिक डुप्लीकेट राबत़ो ज़म थियो","two":[{"t":"idOrVar","v":"numDups"}," राबता ज़म थिया"],"few":[{"t":"idOrVar","v":"numDups"}," राबता ज़म थिया"],"many":[{"t":"idOrVar","v":"numDups"}," राबता ज़म थिया"],"other":[{"t":"idOrVar","v":"numDups"}," राबता ज़म थिया"]},"$x":[{"t":"idOrVar","v":"plural"},"numDups"]},{"$i":"weekday-0-long","$v":"आर्तवारु"},{"$i":"weekday-1-long","$v":"सुमर"},{"$i":"weekday-2-long","$v":"मंगल"},{"$i":"weekday-3-long","$v":"बु॒धर"},{"$i":"weekday-4-long","$v":"विशपत"},{"$i":"weekday-5-long","$v":"जुमो"},{"$i":"weekday-6-long","$v":"छंछरु"},{"$i":"weekday-0-short","$v":"आचरु"},{"$i":"weekday-1-short","$v":"सूमरु"},{"$i":"weekday-2-short","$v":"अङारो"},{"$i":"weekday-3-short","$v":"अर्बा"},{"$i":"weekday-4-short","$v":"ख़मीस"},{"$i":"weekday-5-short","$v":"जमावं"},{"$i":"weekday-6-short","$v":"छंछरु"},{"$i":"month-0-long","$v":"जनॿीहर"},{"$i":"month-1-long","$v":"फ़ीबरॿीहर"},{"$i":"month-2-long","$v":"मार्चु"},{"$i":"month-3-long","$v":"अप्रेलु"},{"$i":"month-4-long","$v":"मुई"},{"$i":"month-5-long","$v":"जूनि"},{"$i":"month-6-long","$v":"जूलाइ"},{"$i":"month-7-long","$v":"आगस्टु"},{"$i":"month-8-long","$v":"सेप्टेम्बरु"},{"$i":"month-9-long","$v":"आक्टोबरु"},{"$i":"month-10-long","$v":"नवम्बरु"},{"$i":"month-11-long","$v":"डिसम्बरु"},{"$i":"month-0-genitive","$v":"जनॿीहर"},{"$i":"month-1-genitive","$v":"फ़ीबरॿीहर"},{"$i":"month-2-genitive","$v":"मार्चु"},{"$i":"month-3-genitive","$v":"अप्रेलु"},{"$i":"month-4-genitive","$v":"मुई"},{"$i":"month-5-genitive","$v":"जूनि"},{"$i":"month-6-genitive","$v":"जूलाइ"},{"$i":"month-7-genitive","$v":"आगस्टु"},{"$i":"month-8-genitive","$v":"सेप्टेम्बरु"},{"$i":"month-9-genitive","$v":"आक्टोबरु"},{"$i":"month-10-genitive","$v":"नवम्बरु"},{"$i":"month-11-genitive","$v":"डिसम्बरु"},{"$i":"month-0-short","$v":"जनॿीहर"},{"$i":"month-1-short","$v":"फ़ीबरॿीहर"},{"$i":"month-2-short","$v":"मार्चु"},{"$i":"month-3-short","$v":"अप्रेलु"},{"$i":"month-4-short","$v":"मुई"},{"$i":"month-5-short","$v":"जनॿीहर"},{"$i":"month-6-short","$v":"जूलाइ"},{"$i":"month-7-short","$v":"आगस्टु"},{"$i":"month-8-short","$v":"सेप्टेम्बरु"},{"$i":"month-9-short","$v":"आक्टोबरु"},{"$i":"month-10-short","$v":"नवम्बरु"},{"$i":"month-11-short","$v":"डिसम्बरु"},{"$i":"minutes-ago-long","$v":{"zero":"बिलकुल हाणे","one":"हिक मिंटु अॻु","two":[{"t":"idOrVar","v":"value"}," मिंटु अॻु"],"few":[{"t":"idOrVar","v":"value"}," मिंटु अॻु"],"many":[{"t":"idOrVar","v":"value"}," मिंटु अॻु"],"other":[{"t":"idOrVar","v":"value"}," मिंटु अॻु"]},"$x":[{"t":"idOrVar","v":"plural"},"value"]},{"$i":"hours-ago-long","$v":{"zero":"बिलकुल हाणे","one":"हिक कलाकु अॻु","two":[{"t":"idOrVar","v":"value"}," कलाकु अॻु"],"few":[{"t":"idOrVar","v":"value"}," कलाकु अॻु"],"many":[{"t":"idOrVar","v":"value"}," कलाकु अॻु"],"other":[{"t":"idOrVar","v":"value"}," कलाकु अॻु"]},"$x":[{"t":"idOrVar","v":"plural"},"value"]},{"$i":"days-ago-long","$v":{"zero":"अजु॒","one":"कुल्हा","two":[{"t":"idOrVar","v":"value"}," ॾींहुं अॻु"],"few":[{"t":"idOrVar","v":"value"}," ॾींहुं अॻु"],"many":[{"t":"idOrVar","v":"value"}," ॾींहुं अॻु"],"other":[{"t":"idOrVar","v":"value"}," ॾींहुं अॻु"]},"$x":[{"t":"idOrVar","v":"plural"},"value"]},{"$i":"weeks-ago-long","$v":{"zero":"हुन हफ़्ते","one":"गुज़िरियल हफ़्ते","two":[{"t":"idOrVar","v":"value"}," हफ़ता अॻु"],"few":[{"t":"idOrVar","v":"value"}," हफ़ता अॻु"],"many":[{"t":"idOrVar","v":"value"}," हफ़ता अॻु"],"other":[{"t":"idOrVar","v":"value"}," हफ़ता अॻु"]},"$x":[{"t":"idOrVar","v":"plural"},"value"]},{"$i":"months-ago-long","$v":{"zero":"हुन महीने","one":"गुज़िरियल महीने","two":[{"t":"idOrVar","v":"value"}," महीना अॻु"],"few":[{"t":"idOrVar","v":"value"}," महीना अॻु"],"many":[{"t":"idOrVar","v":"value"}," महीना अॻु"],"other":[{"t":"idOrVar","v":"value"}," महीना अॻु"]},"$x":[{"t":"idOrVar","v":"plural"},"value"]},{"$i":"years-ago-long","$v":{"zero":"हुन सालु","one":"गुज़िरियल सालु","two":[{"t":"idOrVar","v":"value"}," सालु अॻु"],"few":[{"t":"idOrVar","v":"value"}," सालु अॻु"],"many":[{"t":"idOrVar","v":"value"}," सालु अॻु"],"other":[{"t":"idOrVar","v":"value"}," सालु अॻु"]},"$x":[{"t":"idOrVar","v":"plural"},"value"]},{"$i":"minutes-until-long","$v":{"zero":"हाणि","one":"हिक मिंटु में","two":[{"t":"idOrVar","v":"value"}," मिन्टनि में"],"few":[{"t":"idOrVar","v":"value"}," मिन्टनि में"],"many":[{"t":"idOrVar","v":"value"}," मिन्टनि में"],"other":[{"t":"idOrVar","v":"value"}," मिन्टनि में"]},"$x":[{"t":"idOrVar","v":"plural"},"value"]},{"$i":"hours-until-long","$v":{"zero":"हाणि","one":"हिक कलाकु में","two":[{"t":"idOrVar","v":"value"}," कलाकनि में"],"few":[{"t":"idOrVar","v":"value"}," कलाकनि में"],"many":[{"t":"idOrVar","v":"value"}," कलाकनि में"],"other":[{"t":"idOrVar","v":"value"}," कलाकनि में"]},"$x":[{"t":"idOrVar","v":"plural"},"value"]},{"$i":"days-until-long","$v":{"zero":"अजु॒","one":"सुभाणे","two":[{"t":"idOrVar","v":"value"}," ॾींहुं में"],"few":[{"t":"idOrVar","v":"value"}," ॾींहुं में"],"many":[{"t":"idOrVar","v":"value"}," ॾींहुं में"],"other":[{"t":"idOrVar","v":"value"}," ॾींहुं में"]},"$x":[{"t":"idOrVar","v":"plural"},"value"]},{"$i":"weeks-until-long","$v":{"zero":"हुन हफ़्ते","one":"ईंदड़ सालु","two":[{"t":"idOrVar","v":"value"}," हफ़्तनि में"],"few":[{"t":"idOrVar","v":"value"}," हफ़्तनि में"],"many":[{"t":"idOrVar","v":"value"}," हफ़्तनि में"],"other":[{"t":"idOrVar","v":"value"}," हफ़्तनि में"]},"$x":[{"t":"idOrVar","v":"plural"},"value"]},{"$i":"months-until-long","$v":{"zero":"हुन महीने","one":"ईंदड़ महीने","two":[{"t":"idOrVar","v":"value"}," महीननि में"],"few":[{"t":"idOrVar","v":"value"}," महीननि में"],"many":[{"t":"idOrVar","v":"value"}," महीननि में"],"other":[{"t":"idOrVar","v":"value"}," महीननि में"]},"$x":[{"t":"idOrVar","v":"plural"},"value"]},{"$i":"years-until-long","$v":{"zero":"हुन सालु","one":"ईंदड़ सालु","two":[{"t":"idOrVar","v":"value"}," सालनि में"],"few":[{"t":"idOrVar","v":"value"}," सालनि में"],"many":[{"t":"idOrVar","v":"value"}," सालनि में"],"other":[{"t":"idOrVar","v":"value"}," सालनि में"]},"$x":[{"t":"idOrVar","v":"plural"},"value"]},{"$i":"minutes-ago-short","$v":{"zero":"बिलकुल हाणे","other":[{"t":"idOrVar","v":"value"}," मिंटु अॻु"]},"$x":[{"t":"idOrVar","v":"plural"},"value"]},{"$i":"hours-ago-short","$v":{"zero":"बिलकुल हाणे","other":[{"t":"idOrVar","v":"value"}," कलाकु अॻु"]},"$x":[{"t":"idOrVar","v":"plural"},"value"]},{"$i":"days-ago-short","$v":{"zero":"अजु॒","other":[{"t":"idOrVar","v":"value"}," ॾींहुं अॻु"]},"$x":[{"t":"idOrVar","v":"plural"},"value"]},{"$i":"minutes-until-short","$v":{"zero":"हाणि","other":[{"t":"idOrVar","v":"value"},"m में"]},"$x":[{"t":"idOrVar","v":"plural"},"value"]},{"$i":"hours-until-short","$v":{"zero":"हाणि","other":[{"t":"idOrVar","v":"value"},"h में"]},"$x":[{"t":"idOrVar","v":"plural"},"value"]},{"$i":"days-until-short","$v":{"zero":"अजु॒","other":[{"t":"idOrVar","v":"value"},"d में"]},"$x":[{"t":"idOrVar","v":"plural"},"value"]},{"$i":"incorrectDate","$v":"( ग़लति तारीख़)"},{"$i":"dateTimeFormat_%c","$v":"%a %b %e %Y %I:%M:%S %p"},{"$i":"dateTimeFormat_%x","$v":"%m/%d/%Y"},{"$i":"dateTimeFormat_%X","$v":"%I:%M:%S %p"},{"$i":"shortTimeFormat","$v":"%I:%M %p"},{"$i":"shortTimeFormat12","$v":"%I:%M %p"},{"$i":"shortTimeFormat24","$v":"%H:%M"},{"$i":"shortDateTimeFormat","$v":"%x %I:%M %p"},{"$i":"weekStartsOnMonday","$v":"0"},{"$i":"firstDayOfTheWeek","$v":"0"},{"$i":"time_am","$v":"AM"},{"$i":"time_pm","$v":"PM"},{"$i":"label","$v":"पर्ची"},{"$i":"mobile","$v":"मोबाइल"},{"$i":"home","$v":"घर"},{"$i":"work","$v":"कम"},{"$i":"personal","$v":"जाती"},{"$i":"faxHome","$v":"फैक्स होम"},{"$i":"faxOffice","$v":"फैक्स आफ़ीस"},{"$i":"faxOther","$v":"फैक्स ॿियो"},{"$i":"another","$v":"हिकु ॿियो"},{"$i":"other","$v":"बियो"},{"$i":"tcl-customTag","$v":"रवाजी टैग"},{"$i":"customTag","$v":"रवाजी टैग","placeholder":"रवाजी टैग"},{"$i":"current","$v":"मोजूदह"},{"$i":"itemWithLabel","$v":[{"t":"idOrVar","v":"label"},", ",{"t":"idOrVar","v":"item"}]},{"$i":"waitDuplicateContacts","$v":"डुप्लीकेट राबतन लाइ ॾिसी प्यो"},{"$i":"waitMergingDuplicateContacts","$v":"डुप्लीकेट राबता ज़म करणु"},{"$i":"alertNoDuplicateContacts","$v":"के बि डुप्लीकेट राबता न मिलिया"},{"$i":"curtainCancel","$v":"मंसूख़ कर्यो"},{"$i":"close","$v":"बंद"},{"$i":"mergeDuplicateTitle","$v":"डुप्लीकेट मिलिया"},{"$i":"suggestedDuplicatesMessage","innerHTML":{"$o":["<bdi>",{"t":"idOrVar","v":"name"},"</bdi> लाइ तजवीज़ कयल डुप्लीकेट राबता"]}},{"$i":"mergeActionButtonLabel","$v":{"zero":"के बि राबता मुंतख़बु न कया व्या","one":[{"t":"idOrVar","v":"n"}," राबते सां ज़म कर्यो"],"two":[{"t":"idOrVar","v":"n"}," राबतन सां ज़म कर्यो"],"few":[{"t":"idOrVar","v":"n"}," राबतन सां ज़म कर्यो"],"many":[{"t":"idOrVar","v":"n"}," राबतन सां ज़म कर्यो"],"other":[{"t":"idOrVar","v":"n"}," राबतन सां ज़म कर्यो"]},"$x":[{"t":"idOrVar","v":"plural"},"n"]},{"$i":"duplicatesFoundTitle","$v":"डुप्लीकेट मिलिया"},{"$i":"foundDuplicatesMessage","innerHTML":"हेठि ॾिनल राबतन में नक़ुल मालूमात मिली हुई. छा तवहां ज़म करणु पसंदि कर्यो?"},{"$i":"tcl-merge-selected-counts","$v":[{"t":"idOrVar","v":"n"}," चूंड कयल"]},{"$i":"tcl-wait-duplicate-contacts","$v":"डुप्लीकेट राबता ॻोलियो"},{"$i":"tcl-wait-txt","$v":"डुप्लीकेट राबतन लाइ ॾिसी प्यो"},{"$i":"import","$v":"इम्पोर्ट"},{"$i":"fbFriends","$v":"फ़ीस बोक दोस्तु"},{"$i":"live-serviceName","$v":"आऊट लकु"},{"$i":"gmail-serviceName","$v":"जीमेल"},{"$i":"facebook-serviceName","$v":"फ़ीस बोक दोस्तु"},{"$i":"viewAll","$v":"सभई फ़ीस बुक दोस्तु ॾिसो"},{"$i":"viewRecommend","$v":"सिर्फ़ ॿुधो तजवीज़ कयल"},{"$i":"linkProposal","$v":{"zero":"के बि मैचिंग दोस्तु न सभई ॾ॓खारी प्यो","one":"हिक तजवीज़ कयल चूंडियो","two":"हिक तजवीज़ कयल चूंडियो","few":"हिक तजवीज़ कयल चूंडियो","many":"हिक तजवीज़ कयल चूंडियो","other":"हिक तजवीज़ कयल चूंडियो"},"$x":[{"t":"idOrVar","v":"plural"},"numFriends"]},{"$i":"fbFriendsFound","$v":{"zero":"तोहिन जा सभई दोस्तु दरु आमद थियल आहिनि","one":"दरआमद करणु लाइ हिकु दोस्तु मिल्यो","two":["दरआमद करणु लाइ ",{"t":"idOrVar","v":"numFriends"}," दोस्तु मिलिया"],"few":["दरआमद करणु लाइ ",{"t":"idOrVar","v":"numFriends"}," दोस्तु मिलिया"],"many":["दरआमद करणु लाइ ",{"t":"idOrVar","v":"numFriends"}," दोस्तु मिलिया"],"other":["दरआमद करणु लाइ ",{"t":"idOrVar","v":"numFriends"}," दोस्तु मिलिया"]},"$x":[{"t":"idOrVar","v":"plural"},"numFriends"]},{"$i":"fbNoFriends","$v":"दरु आमद करणु लाइ के बि राबता दस्तयाब नाहिनि"},{"$i":"done-search","$v":"पुरो थियो"},{"$i":"progressFB3ImportTitle","$v":"दोस्तनि खे राबतन ॾांहुं दरआमद किरी प्यो"},{"$i":"progressFB","$v":[{"t":"idOrVar","v":"current"},"/",{"t":"idOrVar","v":"total"}]},{"$i":"progressFB3UpdateTitle","$v":"राबतन में दोस्तु अपडेट करणु"},{"$i":"message2","$v":"ही कुझु वक़्त वठी सघे थो"},{"$i":"messageLinking","$v":"महिरबानी करे होल्ड कर्यो  . असां तव्हांजी दोस्तु ऐं तव्हांजी राबते खे कड़ी करे रहिया आहियूं ."},{"$i":"error1","$v":[{"t":"idOrVar","v":"from"}," नुक़्सु"]},{"$i":"error2","$v":"छा तवहां ॿीहर कोशिश करणु चाहियो था?"},{"$i":"errorProposal","$v":"परोपोज़ल हिसाबु लॻाई प्यो"},{"$i":"errorFriends","$v":"दोस्तु वापसि हासिलु करणु"},{"$i":"errorLinking","$v":"राबत़ो कड़ी करणु"},{"$i":"timeout1","$v":["टाईम आऊट वधी व्यो ",{"t":"idOrVar","v":"from"}]},{"$i":"timeout2","$v":"छा तवहां ॿीहर कोशिश करणु चाहियो था?"},{"$i":"timeoutProposal","$v":"परोपोज़ल हिसाबु लॻाई प्यो"},{"$i":"timeoutFriends","$v":"दोस्तु वापसि हासिलु करणु"},{"$i":"timeoutLinking","$v":"राबता कड़ी करणु"},{"$i":"wait1","$v":"महिरबानी करे होल्ड कर्यो"},{"$i":"wait2","$v":"ही कुझु वक़्त वठी सघे थो"},{"$i":"waitProposal","$v":"महिरबानी करे होल्ड कर्यो  . असां हिक परोपोज़ल हिसाबु लॻायूं प्या ."},{"$i":"waitFriends","$v":"महिरबानी करे होल्ड कर्यो  . असां तव्हांजी दोस्तनि जी लिस्ट हासिलु करणु लाइ कनेक्ट करे रहिया आहियूं ."},{"$i":"curtainRetry","$v":"बदहुरायो"},{"$i":"curtainOK","$v":"ठीक"},{"$i":"connectionLost","$v":"काई भी इन्टरनेट कनेक्शन न आहे"},{"$i":"connectionLostMsg","$v":"दोस्तों जूं तस्वीरूं तोहांजन राबतन में शामिलु न कयूं वेंदियूं . हर हालु में जारी रुखो?"},{"$i":"yesOption","$v":"ठीक"},{"$i":"noOption","$v":"मंसूख़ कर्यो"},{"$i":"waitFriendslive","$v":"Outlook खां राबता पढ़े प्यो..."},{"$i":"waitFriendsgmail","$v":"जे मैलु खां राबता पढ़े प्यो..."},{"$i":"friendsUpdated","$v":{"zero":"के बि दोस्तु अपडेट न थिया","one":"अपडेट थियल हिक दोस्तु","two":["अपडेट थियल ",{"t":"idOrVar","v":"numFriends"}," दोस्तु"],"few":["अपडेट थियल ",{"t":"idOrVar","v":"numFriends"}," दोस्तु"],"many":["अपडेट थियल ",{"t":"idOrVar","v":"numFriends"}," दोस्तु"],"other":["अपडेट थियल ",{"t":"idOrVar","v":"numFriends"}," दोस्तु"]},"$x":[{"t":"idOrVar","v":"plural"},"numFriends"]},{"$i":"friendsMerged","$v":{"zero":"के बि डुप्लीकेट राबता ज़म न थिया","one":"हिक डुप्लीकेट दोस्तु ज़म थियो","two":[{"t":"idOrVar","v":"numDups"}," दोस्तु ज़म थिया"],"few":[{"t":"idOrVar","v":"numDups"}," दोस्तु ज़म थिया"],"many":[{"t":"idOrVar","v":"numDups"}," दोस्तु ज़म थिया"],"other":[{"t":"idOrVar","v":"numDups"}," दोस्तु ज़म थिया"]},"$x":[{"t":"idOrVar","v":"plural"},"numDups"]},{"$i":"notificationLogin","$v":"तव्हांजो मालूमाती मोट सेशन ग़लति आहे .  महिरबानी करे साइन उन कर्यो ."},{"$i":"syncError","$v":"तव्हांजी दोस्तु जे डेटा हम वक़्तु साज़ी करणु में हिक नुक़्सु हो"},{"$i":"progressFB3liveTitle","$v":"आऊट लकु खां राबता दरआमद किरी प्यो..."},{"$i":"progressFB3gmailTitle","$v":"जे मैलु खां राबता दरु आमद किरी प्यो..."},{"$i":"tcl-calllog-entry-removed-succ-notification","$v":"कालु लॉग दाख़िला हटाई वई"},{"$i":"tcl-calllog-entry-removed-err-notification","$v":"कालु लॉग अनटरी हटाई नथा सगूं"},{"$i":"addNewNumber","$v":"नओं नम्बरु शामिलु कर्यो"},{"$i":"contactDetails","$v":"राबते जा विचुड"},{"$i":"addToExistingContact","$v":"मौजूदु राबते ॾांहुं शामिलु कर्यो"},{"$i":"all","$v":"सभु","ariaLabel":"सभु"},{"$i":"bluetoothOption","ariaLabel":"बल्तुथ"},{"$i":"callLog","$v":"कालु लॉग"},{"$i":"callLogEdit","title":"कालु लॉग तदवीन कर्यो"},{"$i":"tcl-option-menu-call-log-edit","$v":"कालु लॉग तदवीन कर्यो"},{"$i":"callLogEditDialog","ariaLabel":"कालु लॉग डाइलाग तदवीन कर्यो"},{"$i":"tcl-call-log-delete-group-notification","$v":[{"t":"idOrVar","v":"n"}," दाख़लाऊं ख़तमु कयूं वयूं"]},{"$i":"connecting","$v":"गंढजे पई"},{"$i":"connectingEllipsis","$v":"गंढजे पई..."},{"$i":"call-forwarding-async","$v":["असाइनकोरोंस ",{"t":"idOrVar","v":"async"}]},{"$i":"call-forwarding-data","$v":["तारिख: ",{"t":"idOrVar","v":"data"}]},{"$i":"call-forwarding-error","$v":"कालु फ़ारवर्डिंग हेसियत खे हासिलु करणु दौरान हिकु नुक़्सु थियो"},{"$i":"call-forwarding-fax","$v":["FAX: ",{"t":"idOrVar","v":"fax"}]},{"$i":"call-forwarding-inactive","$v":"ग़ैरु चुस्तु"},{"$i":"call-forwarding-packet","$v":["पाकेटु ",{"t":"idOrVar","v":"packet"}]},{"$i":"call-forwarding-pad","$v":["PAD: ",{"t":"idOrVar","v":"pad"}]},{"$i":"call-forwarding-sms","$v":["SMS: ",{"t":"idOrVar","v":"sms"}]},{"$i":"call-forwarding-status","$v":"कालु अॻिते मोकिलणु जी हेसियत"},{"$i":"call-forwarding-sync","$v":["सिनक्रोनस ",{"t":"idOrVar","v":"sync"}]},{"$i":"call-forwarding-voice","$v":["वाईस ",{"t":"idOrVar","v":"voice"}]},{"$i":"confirm-deletion","$v":"चुंडियल कालों साफ़ु कर्यो?"},{"$i":"createNewContact","$v":"नओं अकाऊंट ठाहियो"},{"$i":"calllog-deselectAll","$v":"सभई अण चूंडियो"},{"$i":"dialerAddContact","ariaLabel":"राबतो गंढो"},{"$i":"dialerAddContactDialog","ariaLabel":"राबते वारो डाइलाग शामिलु कर्यो"},{"$i":"callInformation","$v":"कालु जे मालूमात"},{"$i":"edit-selected","$v":{"one":["चुंडियल(",{"t":"idOrVar","v":"n"},")"],"two":["चुंडियल(",{"t":"idOrVar","v":"n"},")"],"few":["चुंडियल(",{"t":"idOrVar","v":"n"},")"],"many":["चुंडियल(",{"t":"idOrVar","v":"n"},")"],"other":["चुंडियल(",{"t":"idOrVar","v":"n"},")"]},"$x":[{"t":"idOrVar","v":"plural"},"n"]},{"$i":"tcl-edit-not-selected","$v":"चुंडियल0)"},{"$i":"hideKeypad","ariaLabel":"के बोर्डु लिकायो"},{"$i":"ignore","$v":"कालु नज़र अंदाज़ु कर्यो"},{"$i":"incoming","$v":"ईंदड़"},{"$i":"keypad","ariaLabel":"कीपैड"},{"$i":"info-missed","$v":"मिस कयलु"},{"$i":"missed","$v":"मिस कयलु","ariaLabel":"मिस कयलु"},{"$i":"dialed","$v":"डाइल थियल"},{"$i":"received","$v":"हथु कयो"},{"$i":"canceled","$v":"मंसूख़ थियो"},{"$i":"missedCall","$v":"मिस काल"},{"$i":"missedCallMultiSims","$v":["(सिम ",{"t":"idOrVar","v":"n"},") मिस्ड कालों)"]},{"$i":"mmi-error","$v":"पैग़ामु मोकिलणु दौरान हिकु नुक़्सु थियो"},{"$i":"mmi-session-expired","$v":"सेशन मुदे ख़ारिज थियो"},{"$i":"mmi-successfully-sent","$v":"पैग़ामु कामयाबी सां मोकिलियो व्यो"},{"$i":"mmi-notification-title-with-sim","$v":["(",{"t":"idOrVar","v":"sim"},") ",{"t":"idOrVar","v":"title"}]},{"$i":"mute","ariaLabel":"म्यूट करण"},{"$i":"newCall","ariaLabel":"नई कालु"},{"$i":"no-logs-msg-1","$v":"के बि कालों रिकार्ड न थ्यूं"},{"$i":"no-logs-msg-2","$v":"हाणे गुफ़्तगू करणु शुरू कर्यो"},{"$i":"no-logs-msg-3","$v":"के बि कालों रिकार्ड न थ्यूं"},{"$i":"no-logs-msg-4","$v":"हाणे गुफ़्तगू करणु शुरू कर्यो"},{"$i":"onHoldOption","ariaLabel":"होल्ड ते"},{"$i":"outgoing","$v":"वेंदड़"},{"$i":"recents","ariaLabel":"हालिया कालों"},{"$i":"reply","$v":"जवाबु"},{"$i":"calllog-selectAll","$v":"सभई चूंडियो"},{"$i":"send","$v":"मोकलण"},{"$i":"switch-calls","$v":"कालों सोइच कर्यो"},{"$i":"withheld-number","$v":"अणजातलु"},{"$i":"from-contact","$v":[{"t":"idOrVar","v":"contact"}," खां"]},{"$i":"from-number","$v":[{"t":"idOrVar","v":"number"}," खां"]},{"$i":"from-withheld-number","$v":"ना मालूमु नम्बरु खां"},{"$i":"sending","$v":"मोकिले रहियो आहे..."},{"$i":"speakerOption","ariaLabel":"स्पीकर"},{"$i":"ussd-services","$v":[{"t":"idOrVar","v":"operator"}," ख़िदमतूं"]},{"$i":"toggleKeypad","ariaLabel":"टोगल के पेड"},{"$i":"type-your-response","placeholder":"पंहिंजो जवाबु टाईप कर्यो…"},{"$i":"clear-all-text","$v":"सॼो मतनि साफ़ु कर्यो"},{"$i":"hide","$v":"लुकायो"},{"$i":"call","$v":"काल"},{"$i":"hold","ariaLabel":"रोकण"},{"$i":"resume","$v":"बि॒हर शुरु कयो","ariaLabel":"बि॒हर शुरु कयो"},{"$i":"sendSms","$v":"पैग़ामु मोकिलियो"},{"$i":"callEnded","$v":"कालु ख़तमु थी"},{"$i":"via-sim","$v":["ज़रिए SIM",{"t":"idOrVar","v":"n"}]},{"$i":"sim-number","$v":["SIM",{"t":"idOrVar","v":"n"}]},{"$i":"unknown","$v":"अणजातलु"},{"$i":"hangup-a11y-button","ariaLabel":"अटकी वयो"},{"$i":"pickup-a11y-button","ariaLabel":"पिक अप"},{"$i":"unlock-a11y-button","ariaLabel":"सलाईडर"},{"$i":"settings","$v":"सेटिंगयूं"},{"$i":"tcl-delete-log","$v":"छा तवहां खे पिक आहे त तवहां कालु लॉग खां चुंडियल दाख़लाऊं हज़फ़ करणु चाहियो था?"},{"$i":"delete-n-log?","$v":{"zero":"कुझु बि चुंडियल नाहे","one":"चुंडियल लॉग हज़फ़ कर्यो?","two":[{"t":"idOrVar","v":"n"}," लॉग हज़फ़ कर्यो?"],"few":[{"t":"idOrVar","v":"n"}," लॉग हज़फ़ कर्यो?"],"many":[{"t":"idOrVar","v":"n"}," लॉग हज़फ़ कर्यो?"],"other":[{"t":"idOrVar","v":"n"}," लॉग हज़फ़ कर्यो?"]},"$x":[{"t":"idOrVar","v":"plural"},"n"]},{"$i":"callDurationMinutes","$v":[{"t":"idOrVar","v":"m"},":",{"t":"idOrVar","v":"s"}]},{"$i":"callDurationHours","$v":[{"t":"idOrVar","v":"h"},":",{"t":"idOrVar","v":"m"},":",{"t":"idOrVar","v":"s"}]},{"$i":"callDurationTextFormatSeconds","$v":[{"t":"idOrVar","v":"s"}," s"]},{"$i":"callDurationTextFormatMinutes","$v":[{"t":"idOrVar","v":"m"}," m ",{"t":"idOrVar","v":"s"}," s"]},{"$i":"callDurationTextFormatHours","$v":[{"t":"idOrVar","v":"h"}," h ",{"t":"idOrVar","v":"m"}," m ",{"t":"idOrVar","v":"s"}," s"]},{"$i":"suggestionMatches","$v":{"one":["\"",{"t":"idOrVar","v":"matchNumber"},"\" लाइ ",{"t":"idOrVar","v":"n"}," मैचि"],"two":["\"",{"t":"idOrVar","v":"matchNumber"},"\" लाइ ",{"t":"idOrVar","v":"n"}," मैचि"],"few":["\"",{"t":"idOrVar","v":"matchNumber"},"\" लाइ ",{"t":"idOrVar","v":"n"}," मैचि"],"many":["\"",{"t":"idOrVar","v":"matchNumber"},"\" लाइ ",{"t":"idOrVar","v":"n"}," मैचि"],"other":["\"",{"t":"idOrVar","v":"matchNumber"},"\" लाइ ",{"t":"idOrVar","v":"n"}," मैचि"]},"$x":[{"t":"idOrVar","v":"plural"},"n"]},{"$i":"scCallBarring","$v":"कालु बारनग"},{"$i":"scCallForwarding","$v":"कालु अॻिते करणु"},{"$i":"scClip","$v":"इंदड कालर ID"},{"$i":"scClir","$v":"वेंदड काल ID"},{"$i":"scPwd","$v":"गु॒झो लफजु वदिलाउ"},{"$i":"scCallWaiting","$v":"कॉल जो इंतज़ार"},{"$i":"scPin","$v":"PIN मटण"},{"$i":"scPin2","$v":"PIN2 तब्दील"},{"$i":"scPuk","$v":"PIN इन लॉक कर्यो"},{"$i":"scPuk2","$v":"PIN2 इन ब्लाक कर्यो"},{"$i":"scImei","$v":"IMEI"},{"$i":"scMeid","$v":"MEID"},{"$i":"scUssd","$v":"USSD"},{"$i":"serviceClassVoice","$v":"आवाज"},{"$i":"serviceClassData","$v":"डटा"},{"$i":"serviceClassFax","$v":"FAX"},{"$i":"serviceClassSms","$v":"SMS"},{"$i":"serviceClassDataSync","$v":"सिंक"},{"$i":"serviceClassDataAsync","$v":"ओसिंक"},{"$i":"serviceClassPacket","$v":"पेकेट"},{"$i":"serviceClassPad","$v":"PAD"},{"$i":"smServiceEnabled","$v":"ख़िदिमत फ़आल कई वई हुई"},{"$i":"smServiceDisabled","$v":"ख़िदिमत ग़ैरु फ़आल कई वई आहे"},{"$i":"smServiceRegistered","$v":"रजिस्ट्रेशन कामयाबु थी हुई"},{"$i":"smServiceErased","$v":"हज़फ़ करणु कामयाबु हो"},{"$i":"smServiceInterrogated","$v":"दरख़्वास्त कामयाबु हुई"},{"$i":"smServiceNotProvisioned","$v":"ख़िदिमत प्रोवीज़न थियल नाहे"},{"$i":"smClirPermanent","$v":"तवहां कालरु ID सीटनगूं तब्दील नथा करे सगहो"},{"$i":"smClirDefaultOnNextCallOn","$v":"कालर ID मुलअ रोकिंदा. ब॒यो काल: रेकियलु"},{"$i":"smClirDefaultOnNextCallOff","$v":"कालर ID मुलअ रोकिंदा. ब॒यो काल: रोकियल नाहिनि"},{"$i":"smClirDefaultOffNextCallOn","$v":"काल ID मुल थे रोकियल नाहिनि. ब॒यो काल: रेकियलु"},{"$i":"smClirDefaultOffNextCallOff","$v":"काल ID मुल थे रोकियल नाहिनि. ब॒यो काल: रोकियल नाहिनि"},{"$i":"smServiceEnabledFor","$v":"हिन जे लाए ख़िदमत (सर्विस) एनेबल कई वई:"},{"$i":"smPinChanged","$v":"PIN कामयाबी सां तब्दील थियो"},{"$i":"smPinUnblocked","$v":"PIN कामयाबी सां उन ब्लाक थियो"},{"$i":"smPin2Changed","$v":"PIN2 कामयाबी सां तब्दील थियो"},{"$i":"smPin2Unblocked","$v":"PIN2 कामयाबी सां उन ब्लाक थियो"},{"$i":"ServiceIsEnabled","$v":"ख़िदिमत फ़आल आहे"},{"$i":"ServiceIsDisabled","$v":"ख़िदिमत ग़ैरु फ़आल आहे"},{"$i":"ServiceIsEnabledFor","$v":"जे लाइ सुरूरु फ़आल कयो व्यो आहे:"},{"$i":"emMmiError","$v":"कनेकशन मसइलो या ग़लतिMMI कोड"},{"$i":"emMmiErrorPasswordIncorrect","$v":"ग़लति पास वार्ड"},{"$i":"emMmiErrorNotSupported","$v":"ग़लति या ग़ैरु मुआवनत याफ़तहMMI कोड"},{"$i":"emMmiErrorInvalidAction","$v":"ग़लति अमलु"},{"$i":"emMmiErrorInvalidScCode","$v":"ग़लति ख़िदिमत कोड"},{"$i":"emMmiErrorBadPuk","$v":"तव्हांजो टाईप कयल PUK ग़लति आहे"},{"$i":"emMmiErrorBadPin","$v":"तवहां जो टाईप कयल पुराणोPIN सहीह नाहे."},{"$i":"emMmiErrorNeedPuk2","$v":"SIM कार्डु खे इन ब्लाक करणु लाइPUK2 कोड टाईप कर्यो"},{"$i":"emMmiErrorMismatchPin","$v":"तव्हांजा टाईप कयल PIN भेट नथा थियनि"},{"$i":"emMmiErrorInvalidPin","$v":"हिक पिन टाईप कर्यो जेको 4 खां 8 नम्बरु आहे"},{"$i":"emMmiErrorNeedsPuk","$v":"तव्हांजी SIM PUK-लॉक थियल आहे"},{"$i":"emMmiErrorEnablePin","$v":"नाकामु SIM/RUIM लॉक फ़आल कर्यो"},{"$i":"emMmiErrorMmiFdn","$v":"ऑपरेशन सिर्फ़ फ़िक्स्डि डाइलनग नम्बरु ताईं महिदूदु आहे"},{"$i":"emMmiErrorStkCcUssdDial","$v":"USSD आछ फेरबदल कयलु आहे DIAL आछ लाई."},{"$i":"emMmiErrorStkCcUssdSs","$v":"USSD आछ फेरबदल कयलु आहे SS आछ लाई."},{"$i":"emMmiErrorStkCcUssdUssd","$v":"USSD आछ फेरबदल कयलु आहे नऐ USSD आछलाई."},{"$i":"emMmiErrorStkCcSsDial","$v":"SS दरख़्वास्त डाइल दरख़्वास्त ॾांहुं तरमीम थियो"},{"$i":"emMmiErrorStkCcSsUssd","$v":"SS आछ फेरबदल कयलु आहे USSD आछ लाई."},{"$i":"emMmiErrorStkCcSsSs","$v":"SS दरख़्वास्त नईSS दरख़्वास्त ॾांहुं तरमीम थी"},{"$i":"emMmiErrorPinPukAttempts","$v":{"one":["सिर्फ़ ",{"t":"idOrVar","v":"n"}," ॿीहर कोशिश करणु बाक़ी"],"two":[{"t":"idOrVar","v":"n"}," दाख़लाऊं बाक़ी"],"few":[{"t":"idOrVar","v":"n"}," दाख़लाऊं बाक़ी"],"many":[{"t":"idOrVar","v":"n"}," दाख़लाऊं बाक़ी"],"other":[{"t":"idOrVar","v":"n"}," दाख़लाऊं बाक़ी"]},"$x":[{"t":"idOrVar","v":"plural"},"n"]},{"$i":"emMmiErrorSimBlocked","$v":"वधि में वधि ॿीहर कोशिश करणु पोरो थियो SIM ब्लाक थी"},{"$i":"RadioNotAvailable","$v":"रेडियो दस्तयाब नाहे"},{"$i":"GenericFailure","$v":"आमु नाकामी"},{"$i":"PasswordIncorrect","$v":"पास कोड ग़लति"},{"$i":"SimPin2","$v":"SIM PIN2"},{"$i":"SimPuk2","$v":"SIM PUK2"},{"$i":"RequestNotSupported","$v":"दरख़्वास्त जे मुआवनत नाहे"},{"$i":"OpNotAllowedDuringVoiceCall","$v":"वाईस कालु दौरान ऑपरेशन जी इजाज़त नाहे"},{"$i":"SmsSendFailRetry","$v":"SMS मोकिलणु नाकामु थियो ॿीहर कोशिश कर्यो"},{"$i":"SimAbsent","$v":"SIM ग़ैरु हाज़ुरु"},{"$i":"SubscriptionNotAvailable","$v":"सब्सक्रिप्शन मौजूदु उन्ही"},{"$i":"ModeNotSupported","$v":"मूड जे मुआवनत नाहे"},{"$i":"FdnCheckFailure","$v":"Fdn चेकु नाकामी"},{"$i":"IllegalSimOrMe","$v":"ग़ैरु क़ानूनी SIM याME"},{"$i":"DialModifiedToUssd","$v":"डाइलUSSD ॾांहुं तदवीन थियो"},{"$i":"DialModifiedToSs","$v":"डाइलSS ॾांहुं तदवीन थियो"},{"$i":"DialModifiedToDial","$v":"डाइल डाइल ॾांहुं तदवीन थियो"},{"$i":"UssdModifiedToDial","$v":"USSD डाइल ॾांहुं तरमीम थियो"},{"$i":"UssdModifiedToSs","$v":"SS ॾांहुं तरमीम थियो USSD"},{"$i":"UssdModifiedToUssd","$v":"USSD ॾांहुं तरमीम थियो USSD"},{"$i":"SsModifiedToDial","$v":"SS डाइल ॾांहुं तरमीम थियो"},{"$i":"SsModifiedToUssd","$v":"SS ॾांहुं तरमीम थियो USSD"},{"$i":"SsModifiedToSs","$v":"SS ॾांहुं तरमीम थियोSS"},{"$i":"SubscriptionNotSupported","$v":"सब्सक्रिप्शन जे मुआवनत नाहे"},{"$i":"InvalidParameter","$v":"ग़लति पैरामीटर"},{"$i":"RejectedByRemote","$v":"बईद पारां रदि कयो व्यो"},{"$i":"conferenceCall","$v":["कान्फरन्स (",{"t":"idOrVar","v":"n"},")"]},{"$i":"caller-left-call","$v":[{"t":"idOrVar","v":"caller"}," कालु छॾे ॾिनी आहे."]},{"$i":"conferenceAddError","$v":"कालों ज़म करणु जी क़ाबिलु नाहे"},{"$i":"conferenceRemoveError","$v":"कालों ज़म करणु जी क़ाबिलु नाहे"},{"$i":"longDateFormat","$v":"%A, %b %e"},{"$i":"select-audio-sources","$v":"ऑडियो वसीला चूंडियो"},{"$i":"bluetooth-handsfree-device","$v":"ब्लूटूथ हैंड्स फ़्री डिवाइस"},{"$i":"receiver","$v":"वसूलु कंदड़ु"},{"$i":"speaker","$v":"स्पीकर"},{"$i":"tcl-cancel","$v":"मंसूख़ कर्यो"},{"$i":"tcl-dialer","$v":"डाऐलर"},{"$i":"tcl-confirmation","$v":"तसिदीक़"},{"$i":"log-item","$v":"इख़्तियारु"},{"$i":"tcl-assign-speed-dial","$v":{"$o":["बटणु \"",{"t":"idOrVar","v":"speedDial"},"\" ते स्पीड डाइल जे तौर ते राबत़ो इज़ाफ़ो न कयो व्यो.<br><br>हाणे इसाईनि कर्यो?"]}},{"$i":"tcl-assign","$v":"इसाईनि"},{"$i":"select","$v":"चूंडियो"},{"$i":"view-all","$v":"सभई ॾेखारियो"},{"$i":"search-results","$v":"नतीजा तलाश कर्यो"},{"$i":"no-recent-numbers","$v":"डाइल करणु लाइ हिते को बि हालिया नम्बरु नाहे."},{"$i":"wifi-calling","$v":"WiFi कॉलिंग"},{"$i":"dialer-prompt","$v":"नम्बरु डाइल कर्यो या कालु ॾांहुं इज़ाफ़ो करणु लाइ राबत़ो चूंडियो"},{"$i":"hours","$v":"कलाकु"},{"$i":"minutes","$v":"मिंटु"},{"$i":"seconds","$v":"लेकेंडअ"},{"$i":"voicemailNoNumberTitle","$v":"वाईस मैलु नम्बरु मौजूदु उन्ही"},{"$i":"voicemailNoNumberText","$v":"वाईस मैलु खे कालु करणु जी क़ाबिलु नाहे कालु खे रखणु लाइ वाईस मैलु नम्बरु सीट अप कर्यो."},{"$i":"voicemailNoNumberSettings","$v":"सेटिंगयूं"},{"$i":"voicemailNoNumberCancel","$v":"मंसूख़ कर्यो"},{"$i":"phoneNumberInput","ariaLabel":"फ़ोनु नम्बरु"},{"$i":"keypadDelete","ariaLabel":"रदि"},{"$i":"voiceMailKey","ariaLabel":"वाऐसमेल"},{"$i":"asterisk","ariaLabel":"एसटीरक"},{"$i":"hashSign","ariaLabel":"हैश साइन"},{"$i":"loadingSimContacts","$v":"SIM कार्डु राबता लोड किरी प्यो..."},{"$i":"noContactsWereFound","$v":"के बि राबता न मिलिया हुआ"},{"$i":"noContactsFoundDialogOk","$v":"ठीक"},{"$i":"emergencyNumber","$v":"मुश्किलात में नम्बर"},{"$i":"callAirplaneModeMessage","$v":"हिक कालु करणु जे लाइ तवहां खे सीटनगन में एअर प्लैन मूड ग़ैरु फ़आल करणु जी ज़रूरत पवे थी."},{"$i":"callAirplaneModeBtnOk","$v":"ठीक"},{"$i":"callAirplaneModeTitle","$v":"हवाई जहाज़ मूड फ़आल थियो"},{"$i":"numberIsBusyTitle","$v":"नम्बरु मसरूफ़ु आहिनि"},{"$i":"numberIsBusyMessage","$v":"नम्बरु मोजूदह तौर ते मसरूफ़ु आहे. महर्बानी करे पोई वरी कोशिश कजो"},{"$i":"fdnIsActiveTitle","$v":"FDN फ़आल"},{"$i":"fdnIsActiveMessage","$v":["FDN (फ़िक्स्डि डाइलनग नम्बरु फ़आल थियल आहे ऐं ह॓ठियूं नम्बरु तव्हांजीFDN लिस्ट में नाहे ",{"t":"idOrVar","v":"number"}]},{"$i":"emergencyDialogBodyBadNumber","$v":"हिक कालु करणु जे लाइ फ़ोनु खे नेटवर्क सां ॻंढणु ज़रूरी आहे."},{"$i":"emergencyDialogBodyDeviceNotAccepted","$v":"नेटवर्क जे तर्फ़ां हंगामी कॉलिन जी इजाज़त नाहे."},{"$i":"emergencyDialogBtnOk","$v":"ठीक"},{"$i":"emergencyDialogTitle","$v":"को नेटवर्क गंढ कोन्हे"},{"$i":"invalidNumberToDialTitle","$v":"ग़लति फ़ोनु नम्बरु"},{"$i":"invalidNumberToDialMessage","$v":"फ़ोनु नम्बरु जंहिं ते तवहां कालु करे रहिया आहियो सहीह नाहे."},{"$i":"unableToCallTitle","$v":"हाणि फ़ोनु कालु करणु जी क़ाबिलु नाहे"},{"$i":"unableToCallMessage","$v":"हिक कालु नथा करे सघूं जेकॾहिं तवहां पहिरियां खां ई डाइल करे रहिया आहियो, महिरबानी करे पहिरियां हींग अप कर्यो."},{"$i":"otherConnectionInUseTitle","$v":"ॿियो कनेकशन इस्तेमाल में आहे"},{"$i":"otherConnectionInUseMessage","$v":"तवहां वटि हिक ॿी डिवाइस ते फ़आल कालु आहे. तवहां हिक ई वक्त में हिक कनेकशन इस्तेमाल करे सगहो था."},{"$i":"tcl-call-log","$v":"कालु लॉग"},{"$i":"tcl-contacts","$v":"राबता"},{"$i":"tcl-call","$v":"काल"},{"$i":"tcl-add-contact","$v":"मौजूदु राबते ॾांहुं शामिलु कर्यो"},{"$i":"tcl-create-contact","$v":"नओं अकाऊंट ठाहियो"},{"$i":"tcl-add-speed-dial","$v":"स्पीड डया ॾांहुं शामिलु कर्यो"},{"$i":"sim-with-index-and-carrier","$v":["SIM ",{"t":"idOrVar","v":"index"}," - ",{"t":"idOrVar","v":"carrier"}]},{"$i":"sim-without-carrier","$v":["SIM ",{"t":"idOrVar","v":"index"}]}]