[{"$i":"confirmMsg","$v":["உங்கள் தொடர்புகள் மற்றும் கால் வரலாற்றை அக்சஸ் செய்ய, ",{"t":"idOrVar","v":"deviceId"}," விரும்புகிறது, ஏற்கவா?"]},{"$i":"responseMsg","$v":[{"t":"idOrVar","v":"deviceId"}," க்கான கீ"]},{"$i":"confirmTitle","$v":"ஃபோன்புக் அக்சஸ் கோரிக்கை"},{"$i":"responseTitle","$v":"ப்ளூடூத் செஸ்சன் கீ தேவை"},{"$i":"initialValue","$v":"செஸ்சன் கீ-ஐ உள்ளிடுக"},{"$i":"gaia-menu-cancel","$v":"ரத்து செய்க"},{"$i":"gaia-sim-picker-dial-via-with-number","$v":["இதன்வழியாக ",{"t":"idOrVar","v":"phoneNumber"},"-ஐ டயல் செய்க"]},{"$i":"gaia-sim-picker-select-sim","$v":"சிம்-ஐ தேர்ந்தெடு"},{"$i":"gaia-sim-picker-button","$v":["சிம்",{"t":"idOrVar","v":"n"}]},{"$i":"gaia-sim-picker-button-default","$v":"(டீஃபால்ட்)"},{"$i":"softkey-options","$v":"விருப்பங்கள்"},{"$i":"details","countcall":"கால்"},{"$i":"edit","$v":"திருத்து"},{"$i":"cancel","$v":"ரத்து செய்க"},{"$i":"done","$v":"முடிந்தது"},{"$i":"ok","$v":"சரி"},{"$i":"update","$v":"அப்டேட்"},{"$i":"retry","$v":"மீண்டும் முயலவும்"},{"$i":"view","$v":"காட்டு"},{"$i":"search","$v":"தேடு"},{"$i":"contacts","$v":"தொடர்புகள்"},{"$i":"addContact","$v":"தொடர்பை சேர்"},{"$i":"deleteContact","$v":"தொடர்பை நீக்குக"},{"$i":"selectContact","$v":"தொடர்பை தேர்ந்தெடு"},{"$i":"selectAll","$v":"அனைத்தையும் தேர்ந்தெடு"},{"$i":"deselect","$v":"தேர்வுநீக்கு"},{"$i":"deselectAll","$v":"அனைத்தையும் தேர்வுநீக்கு"},{"$i":"editContact","$v":"தொடர்பைத் திருத்து"},{"$i":"deleteConfirmMsg","$v":"தொடர்பை நீக்கவா?"},{"$i":"remove","$v":"அகற்று"},{"$i":"delete","$v":"நீக்கு"},{"$i":"comments","$v":"கருத்துகள்"},{"$i":"no_contact_phones","$v":"இந்த தொடர்புக்கு ஃபோன் எண் இல்லை."},{"$i":"no_contact_email","$v":"இந்த தொடர்புக்கு மின்னஞ்சல் முகவரி இல்லை"},{"$i":"no_contact_data","$v":"இந்த தொடர்புக்கு ஃபோன் எண் மற்றும் மின்னஞ்சல் முகவரி இல்லை"},{"$i":"removePhotoConfirm","$v":"தொடர்புப் படத்தை அகற்றவா?"},{"$i":"loadingContacts","$v":"தொடர்புகளை லோட் செய்கிறது…"},{"$i":"noContactsActivity2","$v":"உங்கள் தொடர்புகள் பட்டியலில் தொடர்புகள் எதுவுமில்லை"},{"$i":"noName","$v":"பெயர் இல்லை"},{"$i":"givenName","$v":"முதல் பெயர்"},{"$i":"familyName","$v":"கடைசிப் பெயர்"},{"$i":"tel","$v":"ஃபோன்"},{"$i":"carrier","$v":"கேரியர்","placeholder":"கேரியர்"},{"$i":"separator","$v":","},{"$i":"email","$v":"இமெயில்"},{"$i":"streetAddress","$v":"தெரு"},{"$i":"postalCode","$v":"ஜிப் கோட்"},{"$i":"locality","$v":"சிட்டி"},{"$i":"countryName","$v":"நாடு"},{"$i":"comment","$v":"கருத்து"},{"$i":"org","$v":"கம்பெனி"},{"$i":"date","$v":"தேதி","placeholder":"தேதி"},{"$i":"date-span-placeholder","$v":"தேதி"},{"$i":"birthday","$v":"பிறந்தநாள்"},{"$i":"dateFormat","$v":"%b %e"},{"$i":"dateOutput","$v":[{"t":"idOrVar","v":"dayMonthFormatted"}," ",{"t":"idOrVar","v":"year"}]},{"$i":"anniversary","$v":"ஆண்டுவிழா"},{"$i":"addPhoto","$v":"படத்தை சேர்"},{"$i":"addPhone","$v":"ஃபோனை சேர்"},{"$i":"addEmail","$v":"இமெயில்-ஐ சேர்"},{"$i":"addAddress","$v":"முகவரியை சேர்"},{"$i":"addDate","$v":"தேதியை சேர்"},{"$i":"addComment","$v":"நோட்-ஐ சேர்"},{"$i":"addFavorite","$v":"விருப்பமானதாக சேர்"},{"$i":"removeFavorite","$v":"விருப்பமானதை அகற்று"},{"$i":"addButton","ariaLabel":"சேர்க்கவும்"},{"$i":"editButton","ariaLabel":"திருத்து"},{"$i":"settingsButton","ariaLabel":"செட்டிங்ஸ்"},{"$i":"phoneDetail","ariaLabel":"ஃபோன்"},{"$i":"emailDetail","ariaLabel":"இமெயில்"},{"$i":"addressDetail","ariaLabel":"முகவரி"},{"$i":"dateDetail","ariaLabel":"தேதி"},{"$i":"composeEmail","ariaLabel":"இமெயில்"},{"$i":"makeCall","ariaLabel":"கால்"},{"$i":"phones","ariaLabel":"ஃபோன்ஸ்"},{"$i":"emails","ariaLabel":"இமெயில்-கள்"},{"$i":"addresses","ariaLabel":"முகவரிகள்"},{"$i":"dates","ariaLabel":"தேதிகள்"},{"$i":"notes","ariaLabel":"நோட்கள்"},{"$i":"exit","$v":"வெளியேறு"},{"$i":"expand","$v":"விரி"},{"$i":"labelName","$v":"பெயர்:"},{"$i":"labelLastName","$v":"கடைசிப் பெயர்:"},{"$i":"labelPhoneNumber","$v":"ஃபோன் எண்:"},{"$i":"labelCarrier","$v":"கேரியர்:"},{"$i":"labelEmail","$v":"இமெயில்:"},{"$i":"labelStreet","$v":"தெரு:"},{"$i":"labelZip","$v":"ஜிப் கோட்:"},{"$i":"labelCity","$v":"நகரம்:"},{"$i":"labelCountry","$v":"நாடு:"},{"$i":"labelComment","$v":"கருத்து:"},{"$i":"legendTitleMain","$v":"முக்கிய தகவல்"},{"$i":"legendPhones","$v":"ஃபோன் எண்கள்"},{"$i":"legendEmail","$v":"இமெயில் அட்ரஸ்"},{"$i":"legendAddress","$v":"முகவரி"},{"$i":"search-contact","placeholder":"தேடு"},{"$i":"noResults","$v":"தொடர்புகள் கண்டறியப்படவில்லை"},{"$i":"transferContactsTitle","$v":"தொடர்புகளை டிரான்ஸ்பர் செய்"},{"$i":"importContactsTitle","$v":"தொடர்புகளை இம்போர்ட் செய்க"},{"$i":"importContactsButton","$v":"தொடர்புகளை இம்போர்ட் செய்க"},{"$i":"exportContactsTitle","$v":"தொடர்புகளை எக்ஸ்போர்ட் செய்க"},{"$i":"exportContactsButton","$v":"தொடர்புகளை எக்ஸ்போர்ட் செய்க"},{"$i":"exportContactsAction","$v":"எக்ஸ்போர்ட் செய்க"},{"$i":"simExport-title","$v":"சிம்மிற்கு எக்ஸ்போர்ட் செய்க"},{"$i":"memoryCardExport-title","$v":"மெமரி கார்டுக்கு எக்ஸ்போர்ட் செய்"},{"$i":"btExport-title","$v":"ப்ளூடூத்-க்கு எக்ஸ்போர்ட் செய்க"},{"$i":"memoryCardUMSEnabled","$v":"USB ஸ்டோரேஜ் இயக்கப்பட்டுள்ளதால் மெமரி கார்டைப் பயன்படுத்த இயலாது"},{"$i":"exportErrorTitle","$v":"எக்ஸ்போர்ட் பிழை"},{"$i":"contactsExported2","$v":{"zero":"தொடர்புகள் எதுவும் எக்ஸ்போர்ட் செய்யவில்லை","one":[{"t":"idOrVar","v":"exported"},"/",{"t":"idOrVar","v":"total"}," தொடர்புகள் எக்ஸ்போர்ட் செய்யப்பட்டது"],"two":[{"t":"idOrVar","v":"exported"},"/",{"t":"idOrVar","v":"total"}," தொடர்புகள் எக்ஸ்போர்ட் செய்யப்பட்டது"],"few":[{"t":"idOrVar","v":"exported"},"/",{"t":"idOrVar","v":"total"}," தொடர்புகள் எக்ஸ்போர்ட் செய்யப்பட்டது"],"many":[{"t":"idOrVar","v":"exported"},"/",{"t":"idOrVar","v":"total"}," தொடர்புகள் எக்ஸ்போர்ட் செய்யப்பட்டது"],"other":[{"t":"idOrVar","v":"exported"},"/",{"t":"idOrVar","v":"total"}," தொடர்புகள் எக்ஸ்போர்ட் செய்யப்பட்டது"]},"$x":[{"t":"idOrVar","v":"plural"},"exported"]},{"$i":"exportError-general","$v":"தொடர்புகளை எக்ஸ்போர்ட் செய்ய ஒரு ப்ளூடூத் சாதனத்தை கனெக்ட் செய்யவும்."},{"$i":"exportError-SD-shared","$v":"மெமரி கார்டு பகிரப்பட்டுள்ளதால், அதனை அணுக இயலாது."},{"$i":"exportError-SD-unavailable","$v":"மெமரி கார்டு கிடைக்கவில்லை."},{"$i":"exportError-SD-noSpace","$v":"மெமரி கார்டு-இல் தொடர்புகளை எக்ஸ்போர்ட் செய்ய போதுமான இடமில்லை"},{"$i":"exportError-SIM-unavailable","$v":"சிம் கார்டு கிடைக்கவில்லை."},{"$i":"exportError-BT-shared","$v":"மெமரி கார்டு பகிரப்பட்டுள்ளதால், அதனை அணுக இயலாது."},{"$i":"exportError-BT-unavailable","$v":"மெமரி கார்டு கிடைக்கவில்லை."},{"$i":"exportError-BT-noSpace","$v":"மெமரி கார்டு-இல் தொடர்புகளை எக்ஸ்போர்ட் செய்ய போதுமான இடமில்லை"},{"$i":"social-network","$v":"சோசியல் நெட்வொர்க்"},{"$i":"social-link","$v":"தொடர்பை லிங்க் செய்க"},{"$i":"social-unlink","$v":"தொடர்பை அன்லிங்க் செய்க"},{"$i":"social-unlink-confirm-title","$v":"உங்கள் ப்ரெண்ட்-ஐ அன்லிங்க் செய்ய விரும்புகிறீர்களா?"},{"$i":"social-unlink-confirm-accept","$v":"அன்லிங்க் செய்"},{"$i":"facebook-import","$v":"பேஸ்புக் ப்ரெண்ட்ஸ்-ஐ இம்போர்ட் செய்க"},{"$i":"show-fb-profile","$v":"பேஸ்புக் சுயவிவரத்தை காட்டவும்"},{"$i":"msg-send","$v":"செய்தி"},{"$i":"wall-post","$v":"வால் போஸ்ட்"},{"$i":"share-contact","$v":"தொடர்பை பகிரவும்"},{"$i":"facebook-export-forbidden","$v":"பேஸ்புக் கட்டுப்பாடு காரணமாக தொடர்பை பகிர முடியவில்லை."},{"$i":"otherAccount","$v":"மற்ற அக்கவுண்ட்-கள்"},{"$i":"facebookSwitchMsg","$v":"ப்ரெண்ட்-களை சின்க் செய்க"},{"$i":"select_mobile","$v":"மொபைல்-ஐ தேர்ந்தெடு"},{"$i":"select_email","$v":"இமெயில்-ஐ தேர்ந்தெடு"},{"$i":"select_recipient","$v":"பெறுநரைத் தேர்ந்தெடு"},{"$i":"sort-by-first-name","$v":"முதல் பெயர் படி வரிசைப்படுத்தவும்"},{"$i":"sort-by-last-name","$v":"கடைசி பெயர் படி வரிசைப்படுத்தவும்"},{"$i":"importSim2","$v":"சிம் கார்டு"},{"$i":"importGmail","$v":"ஜிமெயில்"},{"$i":"bluetooth","$v":"ப்ளூடூத்"},{"$i":"importOutlook","$v":"அவுட்லுக்"},{"$i":"fbUpdateFriends","$v":"இம்போர்ட் செய்யப்பட்ட ப்ரெண்ட்-களை அப்டேட் செய்க"},{"$i":"cleaningFbData","$v":"பேஸ்புக் டேட்டாவை அகற்றுகிறது"},{"$i":"loggingOutFb","$v":"பேஸ்புக் இலிருந்து லாஃக் அவுட் ஆகுகிறது"},{"$i":"cleanFbConfirmMsg","$v":"எல்லா பேஸ்புக் டேட்டாவையும் அகற்றவா?"},{"$i":"renewPwdMsg","$v":"பேஸ்புக்கில் உங்கள் பாஸ்வெர்ட் மாற்றப்பட்டுள்ளது. தயவுசெய்து, அதை அப்டேட் செய்யவும்."},{"$i":"notEnabledYet","$v":"இன்னும் இயக்கப்படவில்லை"},{"$i":"genericNoConnection","$v":"தொடர்புகளை இறக்குமதி செய்ய WiFi அல்லது தரவு நெட்வொர்க்குடன் இணையவும்."},{"$i":"bluetoothNoConnection","$v":"தொடர்புகளை எக்ஸ்போர்ட் செய்ய ஒரு ப்ளூடூத் சாதனத்தை கனெக்ட் செய்யவும்."},{"$i":"simCard","$v":"சிம் கார்டு"},{"$i":"memoryCard","$v":"மெமரி கார்டு"},{"$i":"simNumberNoMSISDN","$v":["சிம் ",{"t":"idOrVar","v":"number"},":"]},{"$i":"simNumberWithMSISDN","$v":["சிம் ",{"t":"idOrVar","v":"number"},": ",{"t":"idOrVar","v":"msisdn"}]},{"$i":"ICEContactsGroup","$v":"ICE தொடர்புகள்"},{"$i":"setICEButton","$v":"ICE தொடர்புகளை அமை"},{"$i":"ICESettingTitle","$v":"ICE தொடர்புகள்"},{"$i":"ICEDescription","$v":"அவசரகாலத்தில் கால் செய்ய ஐந்து தொடர்புகளைச் சேர்க்கவும்."},{"$i":"ICEContact1","$v":"ICE தொடர்பு 1"},{"$i":"tcl-ice-contact-1-added","$v":"ICE தொடர்பு 1 சேர்க்கப்பட்டது"},{"$i":"ICESelectContact","$v":"ஒரு தொடர்புகளைத் தேர்ந்தெடு"},{"$i":"ICEContact2","$v":"ICE தொடர்பு 2"},{"$i":"tcl-ice-contact-2-added","$v":"ICE தொடர்பு 2 சேர்க்கப்பட்டது"},{"$i":"ICERepeatedContact","$v":"இந்த தொடர்பு ஏற்கனவே ICE தொடர்பில் உள்ளது"},{"$i":"ICEUnknownError","$v":"தொடர்பை ICE என அமைப்பதில் பிழை ஏற்பட்டது"},{"$i":"ICEContactNoNumber","$v":"இந்த தொடர்புக்கு ஃபோன் எண் இல்லை"},{"$i":"ICEFacebookContactNotAllowed","$v":"பேஸ்புக் தொடர்புகளை ICE தொடர்புகளாக அமைக்க முடியாது"},{"$i":"ICEContactDelTel","$v":"நீக்கப்பட்ட ஃபோன் எண்கள் ICE தொடர்பில் இருந்து அகற்றப்பட்டது."},{"$i":"ICEContactDelTelAll","$v":"எண்கள் அனைத்தும் நீக்கப்படும். இந்தத் தொடர்பு ICE தொடர்புகளில் இருந்து அகற்றப்படும்."},{"$i":"delete-ice-contact-warning","$v":"நீங்கள் நிச்சியமாக ICE தொடர்பை அகற்ற விரும்புகிறீர்களா?"},{"$i":"add","$v":"சேர்க்கவும்"},{"$i":"no-contacts","$v":"தொடர்புகள் இல்லை"},{"$i":"start-adding","$v":"தொடர்புகளைச் சேர்க்க, புதிய தொடர்பு என்பதை அழுத்தவும்."},{"$i":"notImported","$v":"இம்போர்ட் செய்யப்படவில்லை"},{"$i":"imported","$v":"இம்போர்ட் செய்யப்பட்டது"},{"$i":"today","$v":"இன்று"},{"$i":"yesterday","$v":"நேற்று"},{"$i":"messageCanceling","$v":"தயவுசெய்து காத்திருக்கவும். செயலில் உள்ள ஆபரேஷனை ரத்துசெய்கின்றோம்."},{"$i":"organise-contacts","$v":"தொடர்புகளை ஒழுங்கமை"},{"$i":"find-merge-contacts","$v":"நகல் தொடர்புகள் உள்ளன"},{"$i":"preparing-contacts","$v":"தொடர்புகளைத் தயார்செய்கிறது"},{"$i":"exportError-SIM-NoFreeRecordFound","$v":"சிம் கார்டு நிரம்பியது"},{"$i":"exportError-SIM-CannotAccessPhoneBook","$v":"சிம் கார்டின் ஃபோன் புக்கை அக்சஸ் செய்ய முடியாது"},{"$i":"exportError-SIM-Unavailable","$v":"சிம் கண்டறியப்படவில்லை"},{"$i":"exportError-SIM-GenericError","$v":"தொடர்பை எக்ஸ்போர்ட் செய்யும் போது ஒரு பிழை ஏற்பட்டது"},{"$i":"noSimMsgExport","$v":"தொடர்புகளை எக்ஸ்போர்ட் செய்ய உங்கள் சிம் கார்டு-ஐ செருகவும் அல்லது அன்லாக் செய்யவும்"},{"$i":"noMemoryCardMsgExport","$v":"தொடர்புகளை எக்ஸ்போர்ட் செய்ய மெமரி கார்டு-ஐ செருகவும்"},{"$i":"ContactManagementTitle","$v":"தொடர்புகள் மேலாண்மை"},{"$i":"DeleteTitle","$v":"நீக்கு"},{"$i":"bulkDeleteButton","$v":"தொடர்புகளை நீக்குக"},{"$i":"BulkDelCancel","$v":"தொடர்புகள் நீக்கல் ரத்துசெய்யப்பட்டது"},{"$i":"DeletedTxt","$v":{"zero":"நீக்க, தொடர்பு இல்லை","one":"1 தொடர்பு அகற்றப்பட்டது","two":[{"t":"idOrVar","v":"n"}," தொடர்புகள் அகற்றப்பட்டன"],"few":[{"t":"idOrVar","v":"n"}," தொடர்புகள் அகற்றப்பட்டன"],"many":[{"t":"idOrVar","v":"n"}," தொடர்புகள் அகற்றப்பட்டன"],"other":[{"t":"idOrVar","v":"n"}," தொடர்புகள் அகற்றப்பட்டன"]},"$x":[{"t":"idOrVar","v":"plural"},"n"]},{"$i":"DeletingContacts","$v":"தொடர்புகளை நீக்குகிறது"},{"$i":"ContactConfirmDel","$v":{"zero":"நீக்க, தொடர்பு இல்லை","one":"1 தொடர்பை நீக்கவா? இது மீட்டெடுக்க முடியாது.","two":[{"t":"idOrVar","v":"n"}," தொடர்புகளை நீக்கவா? இது மீட்டெடுக்க முடியாது."],"few":[{"t":"idOrVar","v":"n"}," தொடர்புகளை நீக்கவா? இது மீட்டெடுக்க முடியாது."],"many":[{"t":"idOrVar","v":"n"}," தொடர்புகளை நீக்கவா? இது மீட்டெடுக்க முடியாது."],"other":[{"t":"idOrVar","v":"n"}," தொடர்புகளை நீக்கவா? இது மீட்டெடுக்க முடியாது."]},"$x":[{"t":"idOrVar","v":"plural"},"n"]},{"$i":"SelectedTxt","$v":{"zero":[{"t":"idOrVar","v":"n"}," தேர்ந்தெடுக்கப்பட்டது"],"one":[{"t":"idOrVar","v":"n"}," தேர்ந்தெடுக்கப்பட்டது"],"two":[{"t":"idOrVar","v":"n"}," தேர்ந்தெடுக்கப்பட்டது"],"few":[{"t":"idOrVar","v":"n"}," தேர்ந்தெடுக்கப்பட்டது"],"many":[{"t":"idOrVar","v":"n"}," தேர்ந்தெடுக்கப்பட்டது"],"other":[{"t":"idOrVar","v":"n"}," தேர்ந்தெடுக்கப்பட்டது"]},"$x":[{"t":"idOrVar","v":"plural"},"n"]},{"$i":"video","$v":"வீடியோ"},{"$i":"audio","$v":"ஆடியோ"},{"$i":"pick_destination","$v":[{"t":"idOrVar","v":"destination"}," ",{"t":"idOrVar","v":"carrier"}]},{"$i":"removeField","ariaLabel":"அகற்று"},{"$i":"undo","ariaLabel":"அன்டு"},{"$i":"send-sms-button","ariaLabel":"SMS"},{"$i":"ice_contacts","$v":"ICE தொடர்புகள்"},{"$i":"edit-picture","$v":"படத்தைத் திருத்து"},{"$i":"remove-photo","$v":"படத்தை அகற்று"},{"$i":"change-photo","$v":"பட மாற்றம்"},{"$i":"photo-options","$v":"போட்டோ விருப்பங்கள்"},{"$i":"tcl-all","$v":"எல்லாம்"},{"$i":"tcl-speed-dial","$v":"ஸ்பீட் டயல்"},{"$i":"tcl-new-contact","$v":"புதிய தொடர்பு"},{"$i":"tcl-settings","$v":"செட்டிங்ஸ்"},{"$i":"tcl-save","$v":"சேமி"},{"$i":"save","$v":"சேமி"},{"$i":"tcl-add","$v":"சேர்க்கவும்"},{"$i":"tcl-contact-add-ringtone","$v":"ரிங்டோனை சேர்"},{"$i":"tcl-custom-dialog-title-default","$v":"உறுதிப்படுத்துதல்"},{"$i":"confirm-dialog-title-default","$v":"உறுதிப்படுத்துதல்"},{"$i":"discard","$v":"நிராகரி"},{"$i":"custom-tag-title","$v":"கஸ்டம் டேக்"},{"$i":"tcl-contact-added","$v":"தொடர்பு சேர்க்கப்பட்டது"},{"$i":"tcl-contact-updated","$v":"தொடர்பு விவரங்கள் புதுப்பிக்கப்பட்டது"},{"$i":"tcl-contact-removed","$v":"தொடர்பு நீக்கப்பட்டது"},{"$i":"tcl-contact-unremoved","$v":"அகற்ற இயலவில்லை"},{"$i":"edit-phone-type","$v":"ஃபோன் வகையைத் திருத்து"},{"$i":"edit-email-type","$v":"இமெயில் வகையைத் திருத்து"},{"$i":"edit-address-type","$v":"முகவரி வகையைத் திருத்து"},{"$i":"edit-date-type","$v":"தேதி வகையைத் திருத்து"},{"$i":"tcl-select-phone-type","$v":"ஃபோன் வகையைத் தேர்ந்தெடு"},{"$i":"tcl-select-email-type","$v":"இமெயில் வகையைத் தேர்ந்தெடு"},{"$i":"tcl-select-address-type","$v":"முகவரி வகையைத் தேர்ந்தெடு"},{"$i":"tcl-select-date-type","$v":"தேதி வகையைத் தேர்ந்தெடு"},{"$i":"add-phone","$v":"ஃபோன் எண்ணை சேர்"},{"$i":"add-email","$v":"இமெயில்-ஐ சேர்"},{"$i":"add-address","$v":"முகவரியை சேர்"},{"$i":"add-date","$v":"தேதியை சேர்"},{"$i":"add-phone-type","$v":"ஃபோன் வகை"},{"$i":"add-email-type","$v":"இமெயில் வகை"},{"$i":"add-address-type","$v":"முகவரி வகை"},{"$i":"add-date-type","$v":"தேதி வகை"},{"$i":"delete-phone","$v":"ஃபோன் எண்ணை நீக்குக"},{"$i":"delete-email","$v":"இமெயில்-ஐ நீக்குக"},{"$i":"delete-address","$v":"முகவரியை நீக்குக"},{"$i":"delete-date","$v":"தேதியை நீக்குக"},{"$i":"delete-note","$v":"நோட்-ஐ நீக்கு"},{"$i":"delete-comment-warning","$v":"நீங்கள் நிச்சியமாக குறிப்பை நீக்க விரும்புகிறீர்களா?"},{"$i":"tcl-deleting-messages-phone","$v":["நீங்கள் நிச்சியமாக ஃபோனை நீக்க விரும்புகிறீர்களா: \"",{"t":"idOrVar","v":"type_name"},"\"?"]},{"$i":"tcl-deleting-messages-email","$v":["நீங்கள் நிச்சியமாக இமெயில்-ஐ நீக்க விரும்புகிறீர்களா: \"",{"t":"idOrVar","v":"type_name"},"\"?"]},{"$i":"tcl-deleting-messages-address","$v":["நீங்கள் நிச்சியமாக முகவரியை நீக்க விரும்புகிறீர்களா: \"",{"t":"idOrVar","v":"type_name"},"\"?"]},{"$i":"tcl-deleting-messages-date","$v":"நீங்கள் நிச்சியமாக தேதியை நீக்க விரும்புகிறீர்களா?"},{"$i":"deleting-message-warning","$v":["நீங்கள் நிச்சியமாக ",{"t":"idOrVar","v":"type_name"},"-ஐ நீக்க விரும்புகிறீர்களா?"]},{"$i":"tcl-deleting-messages-comment","$v":"நீங்கள் நிச்சியமாக கருத்தை நீக்க விரும்புகிறீர்களா?"},{"$i":"delecting-messages-contact","$v":["நீங்கள் நிச்சியமாக ",{"t":"idOrVar","v":"type_name"}," தொடர்பை நீக்க விரும்புகிறீர்களா?"]},{"$i":"delecting-this-contact","$v":"இந்தத் தொடர்பை நீக்கவா?"},{"$i":"deleting-messages-ringtone","$v":"நீங்கள் நிச்சியமாக ரிங்டோனை நீக்க விரும்புகிறீர்களா?"},{"$i":"deleting-messages-picture","$v":"நீங்கள் நிச்சியமாக படத்தை அகற்ற விரும்புகிறீர்களா?"},{"$i":"tcl-deleting-notification-ringtone","$v":"ரிங்டோன் நீக்கப்பட்டது"},{"$i":"tcl-deleting-notification-comment","$v":"கருத்து நீக்கப்பட்டது"},{"$i":"note","$v":"நோட்"},{"$i":"address","$v":"முகவரி"},{"$i":"tcl-noContacts","$v":"உங்கள் தொடர்புப் பட்டியல் காலியாக இருப்பதால் தொடர்பில் சேர்க்க முடியாது."},{"$i":"tcl-noContacts-no-email","$v":"இமெயில் முகவரி கொண்ட தொடர்புகள் இல்லை என்பதால் தொடர்பில் சேர்க்க முடியாது."},{"$i":"tcl-noContacts-no-tel","$v":"ஃபோன் எண் கொண்ட தொடர்புகள் இல்லை என்பதால் தொடர்பில் சேர்க்க முடியாது."},{"$i":"tcl-noContactsTitle","$v":"தொடர்புகள் இல்லை"},{"$i":"tcl-change-voice-mail","$v":"வாய்ஸ் மெயில் எண் மாற்றம்"},{"$i":"tcl-replace","$v":"மாற்றவும்"},{"$i":"tcl-remove-speed-dial","$v":"ஸ்பீட் டயலில் இருந்து அகற்றவும்"},{"$i":"tcl-notification-speed-dial-added","$v":"ஸ்பீட் டயல் எண் சேர்க்கப்பட்டது"},{"$i":"tcl-notification-speed-dial-removed","$v":"ஸ்பீட் டயல் எண் அகற்றப்பட்டது"},{"$i":"tcl-notification-speed-dial-updated","$v":"ஸ்பீட் டயல் எண் அப்டேட் செய்யப்பட்டது"},{"$i":"tcl-notification-voice-mail-updated","$v":"வாய்ஸ் மெயில் எண் அப்டேட் செய்யப்பட்டது"},{"$i":"tcl-notification-contact-assigned","$v":"தொடர்பு ஸ்பீட் டயலில் ஒதுக்கப்பட்டது"},{"$i":"empty","$v":"காலி"},{"$i":"tcl-voice-mail","$v":"வாய்ஸ் மெயில்"},{"$i":"contact-confirm-save","$v":"தொடர்புத் தகவல்கள் நிராகரிக்கப்படும். இந்தத் தொடர்பைச் சேமிக்க விரும்புகிறீர்களா?"},{"$i":"contact-confirm-form-save","$v":"மாற்றங்கள் நிராகரிக்கப்படும். இந்தத் தொடர்பைச் சேமிக்க விரும்புகிறீர்களா?"},{"$i":"tcl-yes","$v":"ஆம்"},{"$i":"tcl-no","$v":"அனுமதிக்கப்படவில்லை"},{"$i":"tcl-default-ringtone","$v":"டீஃபால்ட் ரிங்டோன்"},{"$i":"tcl-add-ringtone","$v":"ரிங்டோன்கள்"},{"$i":"tcl-ringtone","$v":"ரிங்டோன்"},{"$i":"change-ringtone","$v":"ரிங்டோன் மாற்றம்"},{"$i":"delete-ringtone","$v":"ரிங்டோனை நீக்குக"},{"$i":"tcl-settings-title","$v":"தொடர்புகள் செட்டிங்ஸ்"},{"$i":"settings-sort-contacts-title","$v":"தொடர்புகளை வரிசைப்படுத்தவும்"},{"$i":"tcl-oder-notification","$v":"மாற்றங்கள் சேமிக்கப்பட்டது"},{"$i":"changes-saved-notification","$v":"மாற்றங்கள் சேமிக்கப்பட்டன."},{"$i":"tcl-imported-status","$v":[{"t":"idOrVar","v":"n"}," தொடர்புகள் இம்போர்ட் செய்யப்பட்டது ",{"t":"idOrVar","v":"numDups"}," தொடர்புகள் இணைக்கப்பட்டது"]},{"$i":"tcl-on","$v":"ஆன்"},{"$i":"tcl-off","$v":"ஆஃப்"},{"$i":"on","$v":"ஆன்"},{"$i":"off","$v":"ஆஃப்"},{"$i":"tcl-contact-empty-number","$v":"ஃபோன் எண் காலியாக உள்ளது"},{"$i":"contact-no-dial-number","$v":"டயல் செய்ய, ஃபோன் எண் இல்லை."},{"$i":"tcl-select-number","$v":"எண்ணைத் தேர்ந்தெடு"},{"$i":"tcl-select-email","$v":"இமெயில்-ஐ தேர்ந்தெடு"},{"$i":"select-email","$v":"இமெயில்-ஐ தேர்ந்தெடு"},{"$i":"tcl-send-message","$v":"செய்தியை அனுப்புக"},{"$i":"send-email","$v":"இமெயில்-ஐ அனுப்புக"},{"$i":"tcl-share","$v":"பகிர்"},{"$i":"tcl-find-duplicate","$v":"நகல் தொடர்புகள் உள்ளன"},{"$i":"tcl-add-favorite","$v":"விருப்பமானதாக சேர்"},{"$i":"tcl-remove-favorite","$v":"பிடிக்காதவை"},{"$i":"tcl-link-social-networks","$v":"சோஷியல் நெட்வொர்க்குகளுடன் லிங்க் செய்க"},{"$i":"tcl-delete","$v":"நீக்கு"},{"$i":"tcl-detail-send-sms","$v":"புதிய SMS"},{"$i":"tcl-detail-call","$v":"கால்"},{"$i":"tcl-detail-send-email","$v":"உருவாக்கு"},{"$i":"sms","$v":"செய்தி"},{"$i":"tcl-search-contact","$v":"தேடு"},{"$i":"tcl-number","$v":["நம்பர் ",{"t":"idOrVar","v":"number"}]},{"$i":"tcl-custom-dialog-replace-speed-dial","$v":["நீங்கள் நிச்சியமாக ",{"t":"idOrVar","v":"oldSpeedDial"}," ஸ்பீட் டயலை ",{"t":"idOrVar","v":"newSpeedDial"}," மூலம் மாற்ற விரும்புகிறீர்களா?"]},{"$i":"custom-dialog-remove-speed-dial","$v":["நீங்கள் நிச்சியமாக ஸ்பீட் டயலிலிருந்து ",{"t":"idOrVar","v":"name"},"-ஐ அகற்ற விரும்புகிறீர்களா ?"]},{"$i":"tcl-options","$v":"விருப்பங்கள்"},{"$i":"tcl-success-merged","$v":[{"t":"idOrVar","v":"number"}," தொடர்பு(கள்) இணைக்கப்பட்டனர்"]},{"$i":"tcl-contact-confirm-merge","$v":["நீங்கள் நிச்சியமாக ",{"t":"idOrVar","v":"name"}," கொண்ட ",{"t":"idOrVar","v":"count"}," தொடர்பை(களை) இணைக்க விரும்புகிறீர்களா?"]},{"$i":"tcl-merge","$v":"இணை"},{"$i":"add-speed-dial-failed-title","$v":"தோல்வியடைந்த ஸ்பீட் டயலைச் சேர்"},{"$i":"add-speed-dial-failed-content","$v":["ஸ்பீட் டயலில், ஏற்கனவே ",{"t":"idOrVar","v":"name"}," உள்ளது தயவுசெய்து மற்றொரு தொடர்பைத் தேர்வு செய்யவும்."]},{"$i":"merge","$v":"இணை"},{"$i":"tcl-attention","$v":"கவனத்திற்கு"},{"$i":"attention","$v":"கவனத்திற்கு"},{"$i":"tcl-speed-dial-add-contact","$v":{"$o":"தொடர்புகள் எதுவுமில்லை.<br><br> தயவுசெய்து தொடர்பை உருவாக்கவும்."}},{"$i":"tcl-voice-mail-header","$v":"வாய்ஸ் மெயில்"},{"$i":"tcl-voice-mail-number","$v":"வாய்ஸ் மெயில் எண்"},{"$i":"tcl-select-all","$v":"அனைத்தையும் தேர்ந்தெடு"},{"$i":"tcl-deselect-all","$v":"அனைத்தையும் தேர்வுநீக்கு"},{"$i":"systemring","$v":"ரிங்டோன்"},{"$i":"moremusic","$v":"இசை"},{"$i":"tcl-add-ringselect","$v":"இதிலிருந்து தேர்ந்தெடு"},{"$i":"type-select","$v":"தேர்ந்தெடுக்கவும்"},{"$i":"dialnum-view","$v":"காட்டு"},{"$i":"select-a-contact-title","$v":"ஒரு தொடர்புகளைத் தேர்ந்தெடு"},{"$i":"select-a-number-title","$v":"ஒரு எண்ணைத் தேர்ந்தெடு"},{"$i":"invalid-vcf-file","$v":"செல்லாத vcf ஃபைல்"},{"$i":"voiceMail","$v":"வாய்ஸ்மெயில்"},{"$i":"back","$v":"பின் செல்"},{"$i":"noSimMsg","$v":"தொடர்புகளை இம்போர்ட் செய்ய உங்கள் சிம் கார்டு-ஐ செருகவும் அல்லது அன்லாக் செய்யவும்"},{"$i":"noMemoryCardMsg","$v":"தொடர்புகளை இம்போர்ட் செய்ய மெமரி கார்டு-ஐ செருகவும்"},{"$i":"importMemoryCard","$v":"மெமரி கார்டு"},{"$i":"noConnection11","$v":"பேஸ்புக் ப்ரெண்ட்-கள் அல்லது தொடர்புகளை இம்போர்ட் செய்ய WiFi அல்லது டேட்டா நெட்வொர்க்குடன் கனெக்ட் செய்யவும்"},{"$i":"emptyAccount","$v":"இந்தக் அக்கவுண்ட்-இல் ப்ரெண்ட்-கள் அல்லது தொடர்புகள் யாரும் கண்டறியப்படவில்லை."},{"$i":"simContacts-import","$v":"சிம் தொடர்புகளை இம்போர்ட் செய்க"},{"$i":"simContacts-importing","$v":"சிம் கார்டில் இருந்து தொடர்புகளை இம்போர்ட் செய்கிறது"},{"$i":"simContacts-reading","$v":"சிம் கார்டில் உள்ள தொடர்புகளைப் படிக்கிறது…"},{"$i":"simContacts-error","$v":"சிம்-இல் இருந்து தொடர்புகளை இம்போர்ட் செய்ய முடியவில்லை"},{"$i":"simContacts-imported3","$v":{"zero":"இம்போர்ட் செய்ய, சிம்மில் தொடர்புகள் எதுவுமில்லை","one":"ஒரு தொடர்பு இம்போர்ட் செய்யப்பட்டது","two":[{"t":"idOrVar","v":"n"}," தொடர்புகள் இம்போர்ட் செய்யப்பட்டது"],"few":[{"t":"idOrVar","v":"n"}," தொடர்புகள் இம்போர்ட் செய்யப்பட்டது"],"many":[{"t":"idOrVar","v":"n"}," தொடர்புகள் இம்போர்ட் செய்யப்பட்டது"],"other":[{"t":"idOrVar","v":"n"}," தொடர்புகள் இம்போர்ட் செய்யப்பட்டது"]},"$x":[{"t":"idOrVar","v":"plural"},"n"]},{"$i":"memoryCardContacts-import","$v":"மெமரி கார்டில் இருந்து தொடர்புகளை இம்போர்ட் செய்க"},{"$i":"memoryCardContacts-importing","$v":"மெமரி கார்டில் இருந்து தொடர்புகளை இம்போர்ட் செய்கிறது"},{"$i":"memoryCardContacts-reading","$v":"மெமரி கார்டில் உள்ள தொடர்புகளைப் படிக்கிறது…"},{"$i":"memoryCardContacts-error","$v":"மெமரி கார்டில் இருந்து தொடர்புகளை இம்போர்ட் செய்ய முடியவில்லை"},{"$i":"memoryCardContacts-imported3","$v":{"zero":"இம்போர்ட் செய்ய, மெமரி கார்டில் தொடர்புகள் எதுவுமில்லை","one":"ஒரு தொடர்பு இம்போர்ட் செய்யப்பட்டது","two":[{"t":"idOrVar","v":"n"}," தொடர்புகள் இம்போர்ட் செய்யப்பட்டது"],"few":[{"t":"idOrVar","v":"n"}," தொடர்புகள் இம்போர்ட் செய்யப்பட்டது"],"many":[{"t":"idOrVar","v":"n"}," தொடர்புகள் இம்போர்ட் செய்யப்பட்டது"],"other":[{"t":"idOrVar","v":"n"}," தொடர்புகள் இம்போர்ட் செய்யப்பட்டது"]},"$x":[{"t":"idOrVar","v":"plural"},"n"]},{"$i":"genericProgress","$v":[{"t":"idOrVar","v":"current"},"/",{"t":"idOrVar","v":"total"}]},{"$i":"facebook","$v":"பேஸ்புக்"},{"$i":"facebook-import-msg2","$v":[{"t":"idOrVar","v":"Imported"},"/",{"t":"idOrVar","v":"total"}," ப்ரெண்ட்-கள் இம்போர்ட் செய்யப்பட்டனர்"]},{"$i":"contactsMerged","$v":{"zero":"நகல் தொடர்புகள் எதுவும் இணைக்கப்படவில்லை","one":"ஒரு நகல் தொடர்பு இணைக்கப்பட்டது","two":[{"t":"idOrVar","v":"numDups"}," தொடர்புகள் இணைக்கப்பட்டது"],"few":[{"t":"idOrVar","v":"numDups"}," தொடர்புகள் இணைக்கப்பட்டது"],"many":[{"t":"idOrVar","v":"numDups"}," தொடர்புகள் இணைக்கப்பட்டது"],"other":[{"t":"idOrVar","v":"numDups"}," தொடர்புகள் இணைக்கப்பட்டது"]},"$x":[{"t":"idOrVar","v":"plural"},"numDups"]},{"$i":"weekday-0-long","$v":"ஞாயிறுக்கிழமை"},{"$i":"weekday-1-long","$v":"திங்கள்"},{"$i":"weekday-2-long","$v":"செவ்வாய்க்கிழமை"},{"$i":"weekday-3-long","$v":"புதன்கிழமை"},{"$i":"weekday-4-long","$v":"வியாழக்கிழமை"},{"$i":"weekday-5-long","$v":"வெள்ளி"},{"$i":"weekday-6-long","$v":"சனிக்கிழமை"},{"$i":"weekday-0-short","$v":"ஞாயிறுக்கிழமை"},{"$i":"weekday-1-short","$v":"திங்கள்"},{"$i":"weekday-2-short","$v":"செவ்வாய்க்கிழமை"},{"$i":"weekday-3-short","$v":"புதன்கிழமை"},{"$i":"weekday-4-short","$v":"வியாழன்"},{"$i":"weekday-5-short","$v":"வெள்ளி"},{"$i":"weekday-6-short","$v":"சனிக்கிழமை"},{"$i":"month-0-long","$v":"ஜனவரி"},{"$i":"month-1-long","$v":"பிப்ரவரி"},{"$i":"month-2-long","$v":"மார்ச்"},{"$i":"month-3-long","$v":"ஏப்ரல்"},{"$i":"month-4-long","$v":"மே"},{"$i":"month-5-long","$v":"ஜூன்"},{"$i":"month-6-long","$v":"ஜூலை"},{"$i":"month-7-long","$v":"ஆகஸ்ட்"},{"$i":"month-8-long","$v":"செப்டம்பர்"},{"$i":"month-9-long","$v":"அக்டோபர்"},{"$i":"month-10-long","$v":"நவம்பர்"},{"$i":"month-11-long","$v":"டிசம்பர்"},{"$i":"month-0-genitive","$v":"ஜனவரி"},{"$i":"month-1-genitive","$v":"பிப்ரவரி"},{"$i":"month-2-genitive","$v":"மார்ச்"},{"$i":"month-3-genitive","$v":"ஏப்ரல்"},{"$i":"month-4-genitive","$v":"மே"},{"$i":"month-5-genitive","$v":"ஜூன்"},{"$i":"month-6-genitive","$v":"ஜூலை"},{"$i":"month-7-genitive","$v":"ஆகஸ்ட்"},{"$i":"month-8-genitive","$v":"செப்டம்பர்"},{"$i":"month-9-genitive","$v":"அக்டோபர்"},{"$i":"month-10-genitive","$v":"நவம்பர்"},{"$i":"month-11-genitive","$v":"டிசம்பர்"},{"$i":"month-0-short","$v":"ஜனவரி"},{"$i":"month-1-short","$v":"பிப்ரவரி"},{"$i":"month-2-short","$v":"மார்ச்"},{"$i":"month-3-short","$v":"ஏப்ரல்"},{"$i":"month-4-short","$v":"மே"},{"$i":"month-5-short","$v":"ஜூன்"},{"$i":"month-6-short","$v":"ஜூலை"},{"$i":"month-7-short","$v":"ஆகஸ்ட்"},{"$i":"month-8-short","$v":"செப்டம்பர்"},{"$i":"month-9-short","$v":"அக்டோபர்"},{"$i":"month-10-short","$v":"நவம்பர்"},{"$i":"month-11-short","$v":"டிசம்பர்"},{"$i":"minutes-ago-long","$v":{"zero":"இப்போது தான்","one":"ஒரு நிமிடம் முன்பாக","two":[{"t":"idOrVar","v":"value"}," நிமிடங்களுக்கு முன்பு"],"few":[{"t":"idOrVar","v":"value"}," நிமிடங்களுக்கு முன்பு"],"many":[{"t":"idOrVar","v":"value"}," நிமிடங்களுக்கு முன்பு"],"other":[{"t":"idOrVar","v":"value"}," நிமிடங்களுக்கு முன்பு"]},"$x":[{"t":"idOrVar","v":"plural"},"value"]},{"$i":"hours-ago-long","$v":{"zero":"இப்போது தான்","one":"ஒரு மணிநேரம் முன்பாக","two":[{"t":"idOrVar","v":"value"}," மணிநேரங்களுக்கு முன்பு"],"few":[{"t":"idOrVar","v":"value"}," மணிநேரங்களுக்கு முன்பு"],"many":[{"t":"idOrVar","v":"value"}," மணிநேரங்களுக்கு முன்பு"],"other":[{"t":"idOrVar","v":"value"}," மணிநேரங்களுக்கு முன்பு"]},"$x":[{"t":"idOrVar","v":"plural"},"value"]},{"$i":"days-ago-long","$v":{"zero":"இன்று","one":"நேற்று","two":[{"t":"idOrVar","v":"value"}," நாட்களுக்கு முன்பு"],"few":[{"t":"idOrVar","v":"value"}," நாட்களுக்கு முன்பு"],"many":[{"t":"idOrVar","v":"value"}," நாட்களுக்கு முன்பு"],"other":[{"t":"idOrVar","v":"value"}," நாட்களுக்கு முன்பு"]},"$x":[{"t":"idOrVar","v":"plural"},"value"]},{"$i":"weeks-ago-long","$v":{"zero":"இந்த வாரம்","one":"கடந்த வாரம்","two":[{"t":"idOrVar","v":"value"}," வாரங்களுக்கு முன்பு"],"few":[{"t":"idOrVar","v":"value"}," வாரங்களுக்கு முன்பு"],"many":[{"t":"idOrVar","v":"value"}," வாரங்களுக்கு முன்பு"],"other":[{"t":"idOrVar","v":"value"}," வாரங்களுக்கு முன்பு"]},"$x":[{"t":"idOrVar","v":"plural"},"value"]},{"$i":"months-ago-long","$v":{"zero":"இந்த மாதம்","one":"கடந்த மாதம்","two":[{"t":"idOrVar","v":"value"}," மாதங்களுக்கு முன்பு"],"few":[{"t":"idOrVar","v":"value"}," மாதங்களுக்கு முன்பு"],"many":[{"t":"idOrVar","v":"value"}," மாதங்களுக்கு முன்பு"],"other":[{"t":"idOrVar","v":"value"}," மாதங்களுக்கு முன்பு"]},"$x":[{"t":"idOrVar","v":"plural"},"value"]},{"$i":"years-ago-long","$v":{"zero":"இந்த வருடம்","one":"கடந்த வருடம்","two":[{"t":"idOrVar","v":"value"}," வருடங்களுக்கு முன்பு"],"few":[{"t":"idOrVar","v":"value"}," வருடங்களுக்கு முன்பு"],"many":[{"t":"idOrVar","v":"value"}," வருடங்களுக்கு முன்பு"],"other":[{"t":"idOrVar","v":"value"}," வருடங்களுக்கு முன்பு"]},"$x":[{"t":"idOrVar","v":"plural"},"value"]},{"$i":"minutes-until-long","$v":{"zero":"இப்போதே","one":"ஒரு நிமிடத்தில்","two":[{"t":"idOrVar","v":"value"}," நிமிடங்களில்"],"few":[{"t":"idOrVar","v":"value"}," நிமிடங்களில்"],"many":[{"t":"idOrVar","v":"value"}," நிமிடங்களில்"],"other":[{"t":"idOrVar","v":"value"}," நிமிடங்களில்"]},"$x":[{"t":"idOrVar","v":"plural"},"value"]},{"$i":"hours-until-long","$v":{"zero":"இப்போதே","one":"ஒரு மணிநேரத்தில்","two":[{"t":"idOrVar","v":"value"}," மணிநேரங்களில்"],"few":[{"t":"idOrVar","v":"value"}," மணிநேரங்களில்"],"many":[{"t":"idOrVar","v":"value"}," மணிநேரங்களில்"],"other":[{"t":"idOrVar","v":"value"}," மணிநேரங்களில்"]},"$x":[{"t":"idOrVar","v":"plural"},"value"]},{"$i":"days-until-long","$v":{"zero":"இன்று","one":"நாளை","two":[{"t":"idOrVar","v":"value"}," நாட்களில்"],"few":[{"t":"idOrVar","v":"value"}," நாட்களில்"],"many":[{"t":"idOrVar","v":"value"}," நாட்களில்"],"other":[{"t":"idOrVar","v":"value"}," நாட்களில்"]},"$x":[{"t":"idOrVar","v":"plural"},"value"]},{"$i":"weeks-until-long","$v":{"zero":"இந்த வாரம்","one":"அடுத்த வாரம்","two":[{"t":"idOrVar","v":"value"}," வாரங்களில்"],"few":[{"t":"idOrVar","v":"value"}," வாரங்களில்"],"many":[{"t":"idOrVar","v":"value"}," வாரங்களில்"],"other":[{"t":"idOrVar","v":"value"}," வாரங்களில்"]},"$x":[{"t":"idOrVar","v":"plural"},"value"]},{"$i":"months-until-long","$v":{"zero":"இந்த மாதம்","one":"அடுத்த மாதம்","two":[{"t":"idOrVar","v":"value"}," மாதங்களில்"],"few":[{"t":"idOrVar","v":"value"}," மாதங்களில்"],"many":[{"t":"idOrVar","v":"value"}," மாதங்களில்"],"other":[{"t":"idOrVar","v":"value"}," மாதங்களில்"]},"$x":[{"t":"idOrVar","v":"plural"},"value"]},{"$i":"years-until-long","$v":{"zero":"இந்த வருடம்","one":"அடுத்த ஆண்டு","two":[{"t":"idOrVar","v":"value"}," வருடங்களில்"],"few":[{"t":"idOrVar","v":"value"}," வருடங்களில்"],"many":[{"t":"idOrVar","v":"value"}," வருடங்களில்"],"other":[{"t":"idOrVar","v":"value"}," வருடங்களில்"]},"$x":[{"t":"idOrVar","v":"plural"},"value"]},{"$i":"minutes-ago-short","$v":{"zero":"இப்போது தான்","other":[{"t":"idOrVar","v":"value"},"நிமிடம் முன்பு"]},"$x":[{"t":"idOrVar","v":"plural"},"value"]},{"$i":"hours-ago-short","$v":{"zero":"இப்போது தான்","other":[{"t":"idOrVar","v":"value"},"மணிநேரம் முன்பு"]},"$x":[{"t":"idOrVar","v":"plural"},"value"]},{"$i":"days-ago-short","$v":{"zero":"இன்று","other":[{"t":"idOrVar","v":"value"},"நாள் முன்பு"]},"$x":[{"t":"idOrVar","v":"plural"},"value"]},{"$i":"minutes-until-short","$v":{"zero":"இப்போதே","other":[{"t":"idOrVar","v":"value"},"நிமிடத்தில்"]},"$x":[{"t":"idOrVar","v":"plural"},"value"]},{"$i":"hours-until-short","$v":{"zero":"இப்போதே","other":[{"t":"idOrVar","v":"value"},"மணிநேரத்தில்"]},"$x":[{"t":"idOrVar","v":"plural"},"value"]},{"$i":"days-until-short","$v":{"zero":"இன்று","other":[{"t":"idOrVar","v":"value"},"நாள் இல்"]},"$x":[{"t":"idOrVar","v":"plural"},"value"]},{"$i":"incorrectDate","$v":"(தவறான தேதி)"},{"$i":"dateTimeFormat_%c","$v":"%a %b %e %Y %I:%M:%S %p"},{"$i":"dateTimeFormat_%x","$v":"%m/%d/%Y"},{"$i":"dateTimeFormat_%X","$v":"%I:%M:%S %p"},{"$i":"shortTimeFormat","$v":"%I:%M %p"},{"$i":"shortTimeFormat12","$v":"%I:%M %p"},{"$i":"shortTimeFormat24","$v":"%H:%M"},{"$i":"shortDateTimeFormat","$v":"%x %I:%M %p"},{"$i":"weekStartsOnMonday","$v":"0"},{"$i":"firstDayOfTheWeek","$v":"0"},{"$i":"time_am","$v":"AM"},{"$i":"time_pm","$v":"PM"},{"$i":"label","$v":"லேபில்"},{"$i":"mobile","$v":"மொபைல்"},{"$i":"home","$v":"ஹோம்"},{"$i":"work","$v":"அலுவலகம்"},{"$i":"personal","$v":"தனிப்பட்டவை"},{"$i":"faxHome","$v":"Fax ஹோம்"},{"$i":"faxOffice","$v":"Fax ஆப்பீஸ்"},{"$i":"faxOther","$v":"மற்றவருக்கு Fax"},{"$i":"another","$v":"வேறொரு"},{"$i":"other","$v":"மற்ற"},{"$i":"tcl-customTag","$v":"கஸ்டம் டேக்"},{"$i":"customTag","$v":"கஸ்டம் டேக்","placeholder":"கஸ்டம் டேக்"},{"$i":"current","$v":"தற்போதைய"},{"$i":"itemWithLabel","$v":[{"t":"idOrVar","v":"label"},", ",{"t":"idOrVar","v":"item"}]},{"$i":"waitDuplicateContacts","$v":"நகல் தொடர்புகள் உள்ளதா என்று பார்க்கிறது"},{"$i":"waitMergingDuplicateContacts","$v":"நகல் தொடர்புகளை இணைகிறது"},{"$i":"alertNoDuplicateContacts","$v":"நகல் தொடர்புகள் காணப்படவில்லை"},{"$i":"curtainCancel","$v":"ரத்து செய்க"},{"$i":"close","$v":"மூடு"},{"$i":"mergeDuplicateTitle","$v":"நகல்கள் கண்டறியப்பட்டன"},{"$i":"suggestedDuplicatesMessage","innerHTML":{"$o":["<bdi>",{"t":"idOrVar","v":"name"},"</bdi> க்கான பரிந்துரைக்கப்பட்ட போலி தொடர்புகள்"]}},{"$i":"mergeActionButtonLabel","$v":{"zero":"தொடர்புகள் எதுவும் தேர்ந்தெடுக்கப்படவில்லை","one":[{"t":"idOrVar","v":"n"}," தொடர்புடன் இணை"],"two":[{"t":"idOrVar","v":"n"}," தொடர்புகளுடன் இணை"],"few":[{"t":"idOrVar","v":"n"}," தொடர்புகளுடன் இணை"],"many":[{"t":"idOrVar","v":"n"}," தொடர்புகளுடன் இணை"],"other":[{"t":"idOrVar","v":"n"}," தொடர்புகளுடன் இணை"]},"$x":[{"t":"idOrVar","v":"plural"},"n"]},{"$i":"duplicatesFoundTitle","$v":"நகல்கள் கண்டறியப்பட்டன"},{"$i":"foundDuplicatesMessage","innerHTML":"பின்வரும் தொடர்புகளில் நகல் தகவல்கள் கண்டறியப்பட்டன. நீங்கள் இணைக்க விரும்புகிறீர்களா?"},{"$i":"tcl-merge-selected-counts","$v":[{"t":"idOrVar","v":"n"}," தேர்ந்தெடுக்கப்பட்டது"]},{"$i":"tcl-wait-duplicate-contacts","$v":"நகல் தொடர்புகள் உள்ளன"},{"$i":"tcl-wait-txt","$v":"நகல் தொடர்புகள் உள்ளதா என்று பார்க்கிறது..."},{"$i":"import","$v":"இம்போர்ட்"},{"$i":"fbFriends","$v":"பேஸ்புக் ப்ரெண்ட்ஸ்"},{"$i":"live-serviceName","$v":"அவுட்லுக்"},{"$i":"gmail-serviceName","$v":"ஜிமெயில்"},{"$i":"facebook-serviceName","$v":"பேஸ்புக் ப்ரெண்ட்ஸ்"},{"$i":"viewAll","$v":"அனைத்து பேஸ்புக் ப்ரெண்ட்-களையும் காட்டவும்"},{"$i":"viewRecommend","$v":"பரிந்துரைத்ததை மட்டும் காட்டவும்"},{"$i":"linkProposal","$v":{"zero":"பொருந்தும் ப்ரெண்ட்ஸ் இல்லை. எல்லாம் காட்டுகிறது","one":"பரிந்துரைக்கப்பட்ட ஒன்றைத் தேர்ந்தெடு","two":"பரிந்துரைக்கப்பட்ட ஒன்றைத் தேர்ந்தெடு","few":"பரிந்துரைக்கப்பட்ட ஒன்றைத் தேர்ந்தெடு","many":"பரிந்துரைக்கப்பட்ட ஒன்றைத் தேர்ந்தெடு","other":"பரிந்துரைக்கப்பட்ட ஒன்றைத் தேர்ந்தெடு"},"$x":[{"t":"idOrVar","v":"plural"},"numFriends"]},{"$i":"fbFriendsFound","$v":{"zero":"உங்கள் எல்லாம் ப்ரெண்ட்ஸ் தொடர்புகளையும் இம்போர்ட் செய்யப்பட்டது","one":"இம்போர்ட் செய்ய, ஒரு ப்ரெண்ட் காணப்பட்டார்","two":["இம்போர்ட் செய்ய, ",{"t":"idOrVar","v":"numFriends"}," ப்ரெண்ட்ஸ் காணப்பட்டனர்"],"few":["இம்போர்ட் செய்ய, ",{"t":"idOrVar","v":"numFriends"}," ப்ரெண்ட்ஸ் காணப்பட்டனர்"],"many":["இம்போர்ட் செய்ய, ",{"t":"idOrVar","v":"numFriends"}," ப்ரெண்ட்ஸ் காணப்பட்டனர்"],"other":["இம்போர்ட் செய்ய, ",{"t":"idOrVar","v":"numFriends"}," ப்ரெண்ட்ஸ் காணப்பட்டனர்"]},"$x":[{"t":"idOrVar","v":"plural"},"numFriends"]},{"$i":"fbNoFriends","$v":"இம்போர்ட் செய்ய, தொடர்புகள் எதுவுமில்லை"},{"$i":"done-search","$v":"முடிந்தது"},{"$i":"progressFB3ImportTitle","$v":"தொடர்புகளுக்கு ப்ரெண்ட்ஸ்-ஐ இம்போர்ட் செய்கிறது"},{"$i":"progressFB","$v":[{"t":"idOrVar","v":"current"},"/",{"t":"idOrVar","v":"total"}]},{"$i":"progressFB3UpdateTitle","$v":"தொடர்புகளில் ப்ரெண்ட்-களை அப்டேட் செய்கிறது"},{"$i":"message2","$v":"இதற்கு சில நிமிடங்கள் ஆகலாம்"},{"$i":"messageLinking","$v":"தயவுசெய்து காத்திருக்கவும். உங்கள் ப்ரெண்ட் மற்றும் உங்கள் தொடர்பை லிங்க் செய்கின்றோம்."},{"$i":"error1","$v":["பிழை ",{"t":"idOrVar","v":"from"}]},{"$i":"error2","$v":"நீங்கள் மீண்டும் முயற்சிக்க விரும்புகிறீர்களா?"},{"$i":"errorProposal","$v":"கருத்துருக்களை கணக்கிடுகிறது"},{"$i":"errorFriends","$v":"ப்ரெண்ட்-களை மீட்டெடுக்கிறது"},{"$i":"errorLinking","$v":"தொடர்பை லிங்க் செய்கிறது"},{"$i":"timeout1","$v":[{"t":"idOrVar","v":"from"}," இலிருந்து காலக்கெடுவைத் தாண்டியது"]},{"$i":"timeout2","$v":"நீங்கள் மீண்டும் முயற்சிக்க விரும்புகிறீர்களா?"},{"$i":"timeoutProposal","$v":"கருத்துருக்களை கணக்கிடுகிறது"},{"$i":"timeoutFriends","$v":"ப்ரெண்ட்-களை மீட்டெடுக்கிறது"},{"$i":"timeoutLinking","$v":"தொடர்புகளை லிங்க் செய்கிறது"},{"$i":"wait1","$v":"தயவுசெய்து காத்திருக்கவும்"},{"$i":"wait2","$v":"இதற்கு சில நிமிடங்கள் ஆகலாம்"},{"$i":"waitProposal","$v":"தயவுசெய்து காத்திருக்கவும். ஒரு கருத்துருக்களை கணக்கிடுகின்றோம்."},{"$i":"waitFriends","$v":"தயவுசெய்து காத்திருக்கவும். உங்கள் ப்ரெண்ட் பட்டியலைப் பெற, கனெக்ட் செய்கின்றோம்."},{"$i":"curtainRetry","$v":"மீண்டும் முயலவும்"},{"$i":"curtainOK","$v":"சரி"},{"$i":"connectionLost","$v":"இன்டர்நெட் கனெக்ஷன் இல்லை"},{"$i":"connectionLostMsg","$v":"உங்கள் தொடர்புகளில் ப்ரெண்ட்-களின் போட்டோக்கள் சேர்க்கப்படாது. எப்படி இருந்தாலும் தொடரவா?"},{"$i":"yesOption","$v":"சரி"},{"$i":"noOption","$v":"ரத்து செய்க"},{"$i":"waitFriendslive","$v":"அவுட்லுக்-இல் உள்ள தொடர்புகளைப் படிக்கிறது..."},{"$i":"waitFriendsgmail","$v":"ஜிமெயில் -இல் உள்ள தொடர்புகளைப் படிக்கிறது..."},{"$i":"friendsUpdated","$v":{"zero":"ப்ரெண்ட்ஸ் யாரும் அப்டேட் செய்யப்படவில்லை","one":"ஒரு ப்ரெண்ட்-ஐ அப்டேட் செய்யப்பட்டார்","two":[{"t":"idOrVar","v":"numFriends"}," ப்ரெண்ட் செய்யப்பட்டார்கள்"],"few":[{"t":"idOrVar","v":"numFriends"}," ப்ரெண்ட் செய்யப்பட்டார்கள்"],"many":[{"t":"idOrVar","v":"numFriends"}," ப்ரெண்ட் செய்யப்பட்டார்கள்"],"other":[{"t":"idOrVar","v":"numFriends"}," ப்ரெண்ட் செய்யப்பட்டார்கள்"]},"$x":[{"t":"idOrVar","v":"plural"},"numFriends"]},{"$i":"friendsMerged","$v":{"zero":"நகல் ப்ரெண்ட்ஸ் யாரும் இணைக்கப்படவில்லை","one":"ஒரு நகல் ப்ரெண்ட் இணைக்கப்பட்டார்","two":[{"t":"idOrVar","v":"numDups"}," ப்ரெண்ட்-கள் இணைக்கப்பட்டனர்"],"few":[{"t":"idOrVar","v":"numDups"}," ப்ரெண்ட்-கள் இணைக்கப்பட்டனர்"],"many":[{"t":"idOrVar","v":"numDups"}," ப்ரெண்ட்-கள் இணைக்கப்பட்டனர்"],"other":[{"t":"idOrVar","v":"numDups"}," ப்ரெண்ட்-கள் இணைக்கப்பட்டனர்"]},"$x":[{"t":"idOrVar","v":"plural"},"numDups"]},{"$i":"notificationLogin","$v":"உங்கள் பேஸ்புக் செஸ்சன் தவறானது. தயவுசெய்து சைன் இன் செய்யவும்."},{"$i":"syncError","$v":"உங்கள் ப்ரெண்ட்-களின் டேட்டாவை சின்க்ரோனைஸ் செய்வதில் பிழை ஏற்பட்டது"},{"$i":"progressFB3liveTitle","$v":"அவுட்லுக்-இல் இருந்து தொடர்புகளை இம்போர்ட் செய்கிறது..."},{"$i":"progressFB3gmailTitle","$v":"ஜிமெயில் -இலிருந்து தொடர்புகளை இம்போர்ட் செய்கிறது..."},{"$i":"tcl-calllog-entry-removed-succ-notification","$v":"கால் லாஃக் என்ட்ரி அகற்றப்பட்டது"},{"$i":"tcl-calllog-entry-removed-err-notification","$v":"கால் லாகு என்ட்ரி-ஐ நீக்க முடியாது"},{"$i":"addNewNumber","$v":"புதிய எண்ணை சேர்"},{"$i":"contactDetails","$v":"தொடர்பு விவரங்கள்"},{"$i":"addToExistingContact","$v":"ஏற்கனவே உள்ள தொடர்பில் சேர்"},{"$i":"all","$v":"எல்லாம்","ariaLabel":"எல்லாம்"},{"$i":"bluetoothOption","ariaLabel":"ப்ளூடூத்"},{"$i":"callLog","$v":"கால் லாஃக்"},{"$i":"callLogEdit","title":"கால் லாஃக்-ஐ திருத்து"},{"$i":"tcl-option-menu-call-log-edit","$v":"கால் லாஃக்-ஐ திருத்து"},{"$i":"callLogEditDialog","ariaLabel":"கால் லாஃக் செய்தியைத் திருத்து"},{"$i":"tcl-call-log-delete-group-notification","$v":[{"t":"idOrVar","v":"n"}," என்ட்ரி-கள் நீக்கப்பட்டது"]},{"$i":"connecting","$v":"கனெக்ட் செய்கிறது"},{"$i":"connectingEllipsis","$v":"கனெக்ட் செய்கிறது..."},{"$i":"call-forwarding-async","$v":["அசின்க்ரோனஸ்: ",{"t":"idOrVar","v":"async"}]},{"$i":"call-forwarding-data","$v":["டேட்டா: ",{"t":"idOrVar","v":"data"}]},{"$i":"call-forwarding-error","$v":"இந்த சிம் கார்டு நிரந்தரமாக பயன்படுத்த முடியாமல் போவதற்கு முன்பாக சரியான கோட்-ஐ உள்ளிட உங்களுக்கு ஒரு முயற்சி மீதமுள்ளது கூடுதல் தகவல்களுக்கு உங்கள் சிம் கார்டு ஆவணத்தைப் பார்க்கவும் அல்லது உங்கள் கேரியரைத் தொடர்பு கொள்ளவும்."},{"$i":"call-forwarding-fax","$v":["FAX: ",{"t":"idOrVar","v":"fax"}]},{"$i":"call-forwarding-inactive","$v":"செயல்படாதது"},{"$i":"call-forwarding-packet","$v":["பாக்கெட்: ",{"t":"idOrVar","v":"packet"}]},{"$i":"call-forwarding-pad","$v":["PAD: ",{"t":"idOrVar","v":"pad"}]},{"$i":"call-forwarding-sms","$v":["SMS: ",{"t":"idOrVar","v":"sms"}]},{"$i":"call-forwarding-status","$v":"கால் பார்வேர்ட்ங் நிலை"},{"$i":"call-forwarding-sync","$v":["ஒத்தியங்கு: ",{"t":"idOrVar","v":"sync"}]},{"$i":"call-forwarding-voice","$v":["வாய்ஸ்: ",{"t":"idOrVar","v":"voice"}]},{"$i":"confirm-deletion","$v":"தேர்ந்தெடுத்த கால்-களை அழிக்கவா?"},{"$i":"createNewContact","$v":"புதிய தொடர்பை உருவாக்கு"},{"$i":"calllog-deselectAll","$v":"அனைத்தையும் தேர்வுநீக்கு"},{"$i":"dialerAddContact","ariaLabel":"தொடர்பை சேர்"},{"$i":"dialerAddContactDialog","ariaLabel":"தொடர்பு டயலாக்-ஐ சேர்"},{"$i":"callInformation","$v":"கால் தகவல்"},{"$i":"edit-selected","$v":{"one":["(",{"t":"idOrVar","v":"n"},")தேர்ந்தெடுக்கப்பட்டது"],"two":["(",{"t":"idOrVar","v":"n"},")தேர்ந்தெடுக்கப்பட்டது"],"few":["(",{"t":"idOrVar","v":"n"},")தேர்ந்தெடுக்கப்பட்டது"],"many":["(",{"t":"idOrVar","v":"n"},")தேர்ந்தெடுக்கப்பட்டது"],"other":["(",{"t":"idOrVar","v":"n"},")தேர்ந்தெடுக்கப்பட்டது"]},"$x":[{"t":"idOrVar","v":"plural"},"n"]},{"$i":"tcl-edit-not-selected","$v":"(0)தேர்ந்தெடுக்கப்பட்டது"},{"$i":"hideKeypad","ariaLabel":"கீபேடு-ஐ மறைக்கவும்"},{"$i":"ignore","$v":"கால்-ஐ புறக்கணி"},{"$i":"incoming","$v":"இன்கமிங்"},{"$i":"keypad","ariaLabel":"கீபேட்"},{"$i":"info-missed","$v":"தவறியவை"},{"$i":"missed","$v":"தவறியவை","ariaLabel":"தவறியவை"},{"$i":"dialed","$v":"டயல் செய்யப்பட்டது"},{"$i":"received","$v":"பெறப்பட்டது"},{"$i":"canceled","$v":"ரத்துசெய்யப்பட்டது"},{"$i":"missedCall","$v":"தவறிய கால்"},{"$i":"missedCallMultiSims","$v":["(சிம் ",{"t":"idOrVar","v":"n"},") தவறிய கால்"]},{"$i":"mmi-error","$v":"செய்தியை அனுப்பும் போது பிழை ஏற்பட்டது."},{"$i":"mmi-session-expired","$v":"செஸ்சன் காலாவதியானது"},{"$i":"mmi-successfully-sent","$v":"செய்தி வெற்றிகரமாக அனுப்பப்பட்டது"},{"$i":"mmi-notification-title-with-sim","$v":["(",{"t":"idOrVar","v":"sim"},") ",{"t":"idOrVar","v":"title"}]},{"$i":"mute","ariaLabel":"ம்யூட் செய்க"},{"$i":"newCall","ariaLabel":"புதிய கால்"},{"$i":"no-logs-msg-1","$v":"கால்-கள் ரெக்கார்ட் செய்யப்படவில்லை"},{"$i":"no-logs-msg-2","$v":"இப்போது தொடர்பு கொள்ள தொடங்கவும்"},{"$i":"no-logs-msg-3","$v":"கால்-கள் ரெக்கார்ட் செய்யப்படவில்லை"},{"$i":"no-logs-msg-4","$v":"இப்போது தொடர்பு கொள்ள தொடங்கவும்"},{"$i":"onHoldOption","ariaLabel":"ஹோல்ட்-இல் உள்ளது"},{"$i":"outgoing","$v":"அவுட்கோயிங்"},{"$i":"recents","ariaLabel":"சமீபத்திய கால்-கள்"},{"$i":"reply","$v":"பதிலளிக்கவும்"},{"$i":"calllog-selectAll","$v":"அனைத்தையும் தேர்ந்தெடு"},{"$i":"send","$v":"அனுப்பு"},{"$i":"switch-calls","$v":"கால்-களுக்கு மாற்றவும்"},{"$i":"withheld-number","$v":"தெரியாத"},{"$i":"from-contact","$v":[{"t":"idOrVar","v":"contact"}," முதல்"]},{"$i":"from-number","$v":[{"t":"idOrVar","v":"number"}," முதல்"]},{"$i":"from-withheld-number","$v":"தெரியாத எண்ணிலிருந்து"},{"$i":"sending","$v":"அனுப்புகிறது…"},{"$i":"speakerOption","ariaLabel":"ஸ்பீக்கர்"},{"$i":"ussd-services","$v":[{"t":"idOrVar","v":"operator"}," சேவைகள்"]},{"$i":"toggleKeypad","ariaLabel":"டோக்கில் கீபேட்"},{"$i":"type-your-response","placeholder":"உங்கள் பதிலை டைப் செய்க…"},{"$i":"clear-all-text","$v":"எல்லா உரையையும் அழி"},{"$i":"hide","$v":"மறைக்கவும்"},{"$i":"call","$v":"கால்"},{"$i":"hold","ariaLabel":"ஹோல்ட்"},{"$i":"resume","$v":"மீண்டும் தொடர்","ariaLabel":"மீண்டும் தொடர்"},{"$i":"sendSms","$v":"செய்தியை அனுப்புக"},{"$i":"callEnded","$v":"கால் முடிந்தது"},{"$i":"via-sim","$v":["சிம்",{"t":"idOrVar","v":"n"}," இன் வழியாக"]},{"$i":"sim-number","$v":["சிம்",{"t":"idOrVar","v":"n"}]},{"$i":"unknown","$v":"தெரியாத"},{"$i":"hangup-a11y-button","ariaLabel":"கால்-ஐ துண்டி"},{"$i":"pickup-a11y-button","ariaLabel":"பிக் அப்"},{"$i":"unlock-a11y-button","ariaLabel":"ஸ்லைடர்"},{"$i":"settings","$v":"செட்டிங்ஸ்"},{"$i":"tcl-delete-log","$v":"கால் லாஃக்-இல் இருந்து தேர்வுசெய்ய என்ட்ரி-களை நீங்கள் நிச்சியமாக நீக்க விரும்புகிறீர்களா?"},{"$i":"delete-n-log?","$v":{"zero":"ஒன்றும் தேர்வுசெய்யப்படவில்லை","one":"தேர்ந்தெடுத்த லாஃக்-ஐ நீக்கவா?","two":[{"t":"idOrVar","v":"n"}," லாஃக் நீக்கவா?"],"few":[{"t":"idOrVar","v":"n"}," லாஃக் நீக்கவா?"],"many":[{"t":"idOrVar","v":"n"}," லாஃக் நீக்கவா?"],"other":[{"t":"idOrVar","v":"n"}," லாஃக் நீக்கவா?"]},"$x":[{"t":"idOrVar","v":"plural"},"n"]},{"$i":"callDurationMinutes","$v":[{"t":"idOrVar","v":"m"},":",{"t":"idOrVar","v":"s"}]},{"$i":"callDurationHours","$v":[{"t":"idOrVar","v":"h"},":",{"t":"idOrVar","v":"m"},":",{"t":"idOrVar","v":"s"}]},{"$i":"callDurationTextFormatSeconds","$v":[{"t":"idOrVar","v":"s"}," நொடி"]},{"$i":"callDurationTextFormatMinutes","$v":[{"t":"idOrVar","v":"m"}," நிமிடம் ",{"t":"idOrVar","v":"s"}," நொடி"]},{"$i":"callDurationTextFormatHours","$v":[{"t":"idOrVar","v":"h"}," மணிநேரம் ",{"t":"idOrVar","v":"m"}," நிமிடம் ",{"t":"idOrVar","v":"s"}," நொடி"]},{"$i":"suggestionMatches","$v":{"one":[{"t":"idOrVar","v":"matchNumber"}," க்கு ",{"t":"idOrVar","v":"n"}," பொருந்தும்"],"two":[{"t":"idOrVar","v":"matchNumber"}," க்கு ",{"t":"idOrVar","v":"n"}," பொருந்துகின்றது"],"few":[{"t":"idOrVar","v":"matchNumber"}," க்கு ",{"t":"idOrVar","v":"n"}," பொருந்துகின்றது"],"many":[{"t":"idOrVar","v":"matchNumber"}," க்கு ",{"t":"idOrVar","v":"n"}," பொருந்துகின்றது"],"other":[{"t":"idOrVar","v":"matchNumber"}," க்கு ",{"t":"idOrVar","v":"n"}," பொருந்துகின்றது"]},"$x":[{"t":"idOrVar","v":"plural"},"n"]},{"$i":"scCallBarring","$v":"கால் தடுப்பு"},{"$i":"scCallForwarding","$v":"கால் பார்வேர்ட்ங்"},{"$i":"scClip","$v":"இன்கமிங் காலர் ID"},{"$i":"scClir","$v":"அவுட்கோயிங் காலர் ID"},{"$i":"scPwd","$v":"பாஸ்வெர்ட்-ஐ மாற்று"},{"$i":"scCallWaiting","$v":"கால் காத்திருப்பு"},{"$i":"scPin","$v":"பின்னை மாற்று"},{"$i":"scPin2","$v":"பின்2-ஐ மாற்று"},{"$i":"scPuk","$v":"பின்னின் தடையை நீக்கவும்"},{"$i":"scPuk2","$v":"பின்2 -இன் தடையை நீக்கவும்"},{"$i":"scImei","$v":"IMEI"},{"$i":"scMeid","$v":"MEID"},{"$i":"scUssd","$v":"USSD"},{"$i":"serviceClassVoice","$v":"வாய்ஸ்"},{"$i":"serviceClassData","$v":"டேட்டா"},{"$i":"serviceClassFax","$v":"FAX"},{"$i":"serviceClassSms","$v":"SMS"},{"$i":"serviceClassDataSync","$v":"சின்க்"},{"$i":"serviceClassDataAsync","$v":"அசின்க்"},{"$i":"serviceClassPacket","$v":"பேக்கெட்"},{"$i":"serviceClassPad","$v":"PAD"},{"$i":"smServiceEnabled","$v":"சேவை செயல்படுத்தப்பட்டது"},{"$i":"smServiceDisabled","$v":"சேவை முடக்கப்பட்டுள்ளது"},{"$i":"smServiceRegistered","$v":"வெற்றிகரமாகப் பதிவுசெய்யப்பட்டது"},{"$i":"smServiceErased","$v":"நீக்குதல் வெற்றி பெற்றது"},{"$i":"smServiceInterrogated","$v":"கோரிக்கை வெற்றியடைந்தது"},{"$i":"smServiceNotProvisioned","$v":"சேவை ஒதுக்கீடு செய்யப்படவில்லை"},{"$i":"smClirPermanent","$v":"காலர் ID அமைப்பை நீங்கள் மாற்ற முடியாது"},{"$i":"smClirDefaultOnNextCallOn","$v":"காலர் ID டீஃபால்ட்ஸ் கட்டுப்படுத்தப்பட்டுள்ளது. அடுத்த கால்: கட்டுப்படுத்தப்பட்டுள்ளது"},{"$i":"smClirDefaultOnNextCallOff","$v":"காலர் ID டீஃபால்ட்ஸ் கட்டுப்படுத்தப்பட்டுள்ளது. அடுத்த கால்: கட்டுப்படுத்தப்படவில்லை"},{"$i":"smClirDefaultOffNextCallOn","$v":"காலர் ID டீஃபால்ட்ஸ் கட்டுப்படுத்தப்படவில்லை. அடுத்த கால்: கட்டுப்படுத்தப்பட்டுள்ளது"},{"$i":"smClirDefaultOffNextCallOff","$v":"காலர் ID டீஃபால்ட்ஸ் கட்டுப்படுத்தப்படவில்லை. அடுத்த கால்: கட்டுப்படுத்தப்படவில்லை"},{"$i":"smServiceEnabledFor","$v":"இதற்காக சேவை செயல்படுத்தப்பட்டது:"},{"$i":"smPinChanged","$v":"பின் வெற்றிகரமாக மாற்றப்பட்டது"},{"$i":"smPinUnblocked","$v":"பின் வெற்றிகரமாக தடைநீக்கப்பட்டது"},{"$i":"smPin2Changed","$v":"பின்2 வெற்றிகரமாக மாற்றப்பட்டது"},{"$i":"smPin2Unblocked","$v":"பின்2 வெற்றிகரமாக தடைநீக்கப்பட்டது"},{"$i":"ServiceIsEnabled","$v":"சேவை செயல்படுத்தப்பட்டுள்ளது"},{"$i":"ServiceIsDisabled","$v":"சேவை முடக்கப்பட்டது"},{"$i":"ServiceIsEnabledFor","$v":"இதற்காக சேவை செயல்படுத்தப்பட்டுள்ளது:"},{"$i":"emMmiError","$v":"கனெக்ஷன் சிக்கல் அல்லது செல்லாத MMI கோட்"},{"$i":"emMmiErrorPasswordIncorrect","$v":"தவறான பாஸ்வெர்ட்"},{"$i":"emMmiErrorNotSupported","$v":"செல்லாத அல்லது ஆதரிக்கப்படாத MMI கோட்"},{"$i":"emMmiErrorInvalidAction","$v":"செல்லாத  செயல்"},{"$i":"emMmiErrorInvalidScCode","$v":"செல்லாத சேவைக் கோட்"},{"$i":"emMmiErrorBadPuk","$v":"நீங்கள் டைப் செய்த PUK சரியானது இல்லை"},{"$i":"emMmiErrorBadPin","$v":"நீங்கள் டைப் செய்த பழைய பின் சரியானது இல்லை."},{"$i":"emMmiErrorNeedPuk2","$v":"சிம் கார்டு தடையை நீக்க PUK2 என்று டைப் செய்யவும்"},{"$i":"emMmiErrorMismatchPin","$v":"நீங்கள் டைப் செய்த பின்கள் பொருந்தவில்லை"},{"$i":"emMmiErrorInvalidPin","$v":"4 முதல் 8 எண்களை கொண்டுள்ள பின்னை டைப் செய்யவும்"},{"$i":"emMmiErrorNeedsPuk","$v":"உங்கள் சிம் கார்டு PUK லாக்  செய்யப்பட்டுள்ளது"},{"$i":"emMmiErrorEnablePin","$v":"வெற்றியடையவில்லை. SIM/RUIM லாக்-ஐ செயல்படுத்தவும்"},{"$i":"emMmiErrorMmiFdn","$v":"ஃபிக்ஸ்ட் டயலிங் எண்களுக்கு மட்டும் ஆபரேஷன் தடுக்கப்பட்டுள்ளது"},{"$i":"emMmiErrorStkCcUssdDial","$v":"USSD கோரிக்கையானது டயல் கோரிக்கைக்கு மாற்றப்பட்டது"},{"$i":"emMmiErrorStkCcUssdSs","$v":"USSD கோரிக்கையானது SS கோரிக்கைக்கு மாற்றப்பட்டது"},{"$i":"emMmiErrorStkCcUssdUssd","$v":"USSD கோரிக்கையானது புதிய USSD கோரிக்கைக்கு மாற்றப்பட்டது"},{"$i":"emMmiErrorStkCcSsDial","$v":"டயல் கோரிக்கைக்கு SS கோரிக்கை திருத்தப்பட்டது"},{"$i":"emMmiErrorStkCcSsUssd","$v":"USSD கோரிக்கைக்கு SS கோரிக்கை திருத்தப்பட்டது"},{"$i":"emMmiErrorStkCcSsSs","$v":"புதிய SS கோரிக்கைக்கு SS கோரிக்கை திருத்தப்பட்டது"},{"$i":"emMmiErrorPinPukAttempts","$v":{"one":[{"t":"idOrVar","v":"n"}," முயற்சிகள் மட்டுமே மீதமுள்ளது"],"two":["மீண்டும் முயற்சித்தல் ",{"t":"idOrVar","v":"n"}," மீதமுள்ளன"],"few":["மீண்டும் முயற்சித்தல் ",{"t":"idOrVar","v":"n"}," மீதமுள்ளன"],"many":["மீண்டும் முயற்சித்தல் ",{"t":"idOrVar","v":"n"}," மீதமுள்ளன"],"other":["மீண்டும் முயற்சித்தல் ",{"t":"idOrVar","v":"n"}," மீதமுள்ளன"]},"$x":[{"t":"idOrVar","v":"plural"},"n"]},{"$i":"emMmiErrorSimBlocked","$v":"உள்ளீடுகளின் அதிகபட்ச எண்ணிக்கையைத் தாண்டியது. சிம் தடுக்கப்பட்டது."},{"$i":"RadioNotAvailable","$v":"ரேடியோ கிடைக்கவில்லை"},{"$i":"GenericFailure","$v":"பொதுவான செயலிழப்பு"},{"$i":"PasswordIncorrect","$v":"பாஸ்வெர்ட் தவறானது"},{"$i":"SimPin2","$v":"சிம் பின்2"},{"$i":"SimPuk2","$v":"சிம் PUK2"},{"$i":"RequestNotSupported","$v":"கோரிக்கை ஆதரிக்கப்படவில்லை"},{"$i":"OpNotAllowedDuringVoiceCall","$v":"வாய்ஸ் கால்-இன் போது ஆபரேஷன் அனுமதிக்கப்படவில்லை"},{"$i":"SmsSendFailRetry","$v":"SMS அனுப்பியது தோல்வியுற்றது மீண்டும் முயலவும்"},{"$i":"SimAbsent","$v":"சிம் இல்லை"},{"$i":"SubscriptionNotAvailable","$v":"சந்தா கிடைக்கவில்லை"},{"$i":"ModeNotSupported","$v":"மோட் ஆதரிக்கப்படவில்லை"},{"$i":"FdnCheckFailure","$v":"FDN சோதனை தோல்வி"},{"$i":"IllegalSimOrMe","$v":"சட்டவிரோத சிம் அல்லது ME"},{"$i":"DialModifiedToUssd","$v":"USSD-க்கு டயல் மாற்றப்பட்டது"},{"$i":"DialModifiedToSs","$v":"SS-க்கு டயல் மாற்றப்பட்டது"},{"$i":"DialModifiedToDial","$v":"டயலுக்கு டயல் மாற்றப்பட்டது"},{"$i":"UssdModifiedToDial","$v":"USSD, டயல் ஆக திருத்தப்பட்டது"},{"$i":"UssdModifiedToSs","$v":"USSD, SS ஆக திருத்தப்பட்டது"},{"$i":"UssdModifiedToUssd","$v":"USSD, USSD ஆக திருத்தப்பட்டது"},{"$i":"SsModifiedToDial","$v":"SS, டயலுக்கு திருத்தப்பட்டது"},{"$i":"SsModifiedToUssd","$v":"SS, USSD-க்கு திருத்தப்பட்டது"},{"$i":"SsModifiedToSs","$v":"SS, SS-க்கு திருத்தப்பட்டது"},{"$i":"SubscriptionNotSupported","$v":"சந்தா ஆதரிக்கப்படவில்லை"},{"$i":"InvalidParameter","$v":"செல்லாத பேராமீட்டர்"},{"$i":"RejectedByRemote","$v":"ரிமோட்டால், நிராகரிக்கப்பட்டது"},{"$i":"conferenceCall","$v":["கான்பரென்ஸ் (",{"t":"idOrVar","v":"n"},")"]},{"$i":"caller-left-call","$v":[{"t":"idOrVar","v":"caller"}," கால்-ஐ விட்டு விலகினார்."]},{"$i":"conferenceAddError","$v":"கால்-களை இணைக்க இயலவில்லை"},{"$i":"conferenceRemoveError","$v":"கால்-களை பிரிக்க இயலவில்லை"},{"$i":"longDateFormat","$v":"%A, %b %e"},{"$i":"select-audio-sources","$v":"ஆடியோ சோர்ஸ்களை தேர்ந்தெடு"},{"$i":"bluetooth-handsfree-device","$v":"ப்ளூடூத் ஹேண்ட்ஸ்ப்ரீ சாதனம்"},{"$i":"receiver","$v":"பெறுநர்"},{"$i":"speaker","$v":"ஸ்பீக்கர்"},{"$i":"tcl-cancel","$v":"ரத்து செய்க"},{"$i":"tcl-dialer","$v":"டயலர்"},{"$i":"tcl-confirmation","$v":"உறுதிப்படுத்துதல்"},{"$i":"log-item","$v":"விருப்பங்கள்"},{"$i":"tcl-assign-speed-dial","$v":{"$o":["\"",{"t":"idOrVar","v":"speedDial"},"\" பட்டனில் தொடர்பு ஸ்பீட் டயலாகச் சேர்க்கப்படவில்லை. <br><br>இப்போதே ஒதுக்கவா?"]}},{"$i":"tcl-assign","$v":"ஒதுக்கு"},{"$i":"select","$v":"தேர்ந்தெடுக்கவும்"},{"$i":"view-all","$v":"அனைத்தையும் காட்டவும்"},{"$i":"search-results","$v":"முடிவுகளைத் தேடுக"},{"$i":"no-recent-numbers","$v":"டயல் செய்ய கால் லாஃக்களில் சமீபத்திய எண்கள் இல்லை."},{"$i":"wifi-calling","$v":"Wi-Fi காலிங்"},{"$i":"dialer-prompt","$v":"எண்ணை டயல் செய்யவும் அல்லது கால்-இல் சேர்க்க தொடர்பைத் தேர்வுசெய்க"},{"$i":"hours","$v":"மணிநேரங்கள்"},{"$i":"minutes","$v":"நிமிடங்கள்"},{"$i":"seconds","$v":"நொடிகள்"},{"$i":"voicemailNoNumberTitle","$v":"வாய்ஸ்மெயில் எண் கிடைக்கவில்லை"},{"$i":"voicemailNoNumberText","$v":"வாய்ஸ் மெயில் கால் செய்ய இயலவில்லை. கால் செய்ய வாய்ஸ் மெயில் எண்ணை அமைக்கவும்."},{"$i":"voicemailNoNumberSettings","$v":"செட்டிங்ஸ்"},{"$i":"voicemailNoNumberCancel","$v":"ரத்து செய்க"},{"$i":"phoneNumberInput","ariaLabel":"ஃபோன் எண்"},{"$i":"keypadDelete","ariaLabel":"நீக்கு"},{"$i":"voiceMailKey","ariaLabel":"வாய்ஸ்மெயில்"},{"$i":"asterisk","ariaLabel":"ஆஸ்ட்ரிக்"},{"$i":"hashSign","ariaLabel":"ஹாஷ் சைன்"},{"$i":"loadingSimContacts","$v":"சிம் கார்டு தொடர்புகளை லோட் செய்கிறது…"},{"$i":"noContactsWereFound","$v":"தொடர்புகள் எதுவும் காணப்படவில்லை"},{"$i":"noContactsFoundDialogOk","$v":"சரி"},{"$i":"emergencyNumber","$v":"அவசர எண்"},{"$i":"callAirplaneModeMessage","$v":"கால் செய்ய நீங்கள் செட்டிஙஸ்-இல் ஏரோப்ளைன் மோட்-ஐ முடக்க வேண்டும்."},{"$i":"callAirplaneModeBtnOk","$v":"சரி"},{"$i":"callAirplaneModeTitle","$v":"ஏரோப்ளைன் மோட் செயல்படுத்தப்பட்டது"},{"$i":"numberIsBusyTitle","$v":"எண் பிஸியாக உள்ளது"},{"$i":"numberIsBusyMessage","$v":"எண் தற்போது பிஸியாக உள்ளது. தயவுசெய்து மீண்டும் முயலவும்."},{"$i":"fdnIsActiveTitle","$v":"FDN செயலில் உள்ளது"},{"$i":"fdnIsActiveMessage","$v":["FDN (ஃபிக்ஸ்ட் டயலிங் நம்பர்ஸ்) செயல்படுத்தப்பட்டது, பின்வரும் எண்கள் உங்கள் FDN பட்டியலில் இல்லை: ",{"t":"idOrVar","v":"number"}]},{"$i":"emergencyDialogBodyBadNumber","$v":"கால் செய்ய, ஃபோன் நெட்வொர்க்குடன் கனெக்ட் செய்திருக்க வேண்டும்."},{"$i":"emergencyDialogBodyDeviceNotAccepted","$v":"நெட்வொர்க்கால் அவசர கால்-கள் அனுமதிக்கப்படவில்லை."},{"$i":"emergencyDialogBtnOk","$v":"சரி"},{"$i":"emergencyDialogTitle","$v":"நெட்வொர்க் கனெக்ஷன் இல்லை"},{"$i":"invalidNumberToDialTitle","$v":"செல்லாத ஃபோன் எண்"},{"$i":"invalidNumberToDialMessage","$v":"நீங்கள் கால் செய்யும் ஃபோன் எண் சரியானது அல்ல."},{"$i":"unableToCallTitle","$v":"இப்போது ஒரு ஃபோன் கால் செய்ய இயலவில்லை"},{"$i":"unableToCallMessage","$v":"கால் செய்ய முடியாது. ஏற்கனவே நீங்கள் டயல் செய்தால், முதலில் அதனை நிறுத்தவும்."},{"$i":"otherConnectionInUseTitle","$v":"வேறொரு கனெக்ஷன் பயன்பாட்டில் உள்ளது"},{"$i":"otherConnectionInUseMessage","$v":"உங்களுக்கு மற்றொரு கனெக்ஷனில் செயலில் உள்ள கால் உள்ளது. ஒரே நேரத்தில் ஒரு கனெக்ஷனை மட்டுமே நீங்கள் பயன்படுத்தலாம்."},{"$i":"tcl-call-log","$v":"கால் லாஃக்"},{"$i":"tcl-contacts","$v":"தொடர்புகள்"},{"$i":"tcl-call","$v":"கால்"},{"$i":"tcl-add-contact","$v":"ஏற்கனவே உள்ள தொடர்பில் சேர்"},{"$i":"tcl-create-contact","$v":"புதிய தொடர்பை உருவாக்கு"},{"$i":"tcl-add-speed-dial","$v":"ஸ்பீட் டயலில் சேர்"},{"$i":"sim-with-index-and-carrier","$v":["SIM ",{"t":"idOrVar","v":"index"}," - ",{"t":"idOrVar","v":"carrier"}]},{"$i":"sim-without-carrier","$v":["SIM ",{"t":"idOrVar","v":"index"}]}]