[{"$i":"confirmMsg","$v":[{"t":"idOrVar","v":"deviceId"}," మీ పరిచాయలను మరియు కాల్ చరిత్రను యాక్సెస్ చేయాలనుకుంటుంది, అంగీకరించాలా?"]},{"$i":"responseMsg","$v":[{"t":"idOrVar","v":"deviceId"}," కోసం కీ"]},{"$i":"confirmTitle","$v":"ఫోన్ పుస్తకం యాక్సెస్ అభ్యర్థన"},{"$i":"responseTitle","$v":"బ్లూటూత్ సెషన్ కీ అవసరం"},{"$i":"initialValue","$v":"సెషన్ కీని నమోదు చేయి"},{"$i":"gaia-menu-cancel","$v":"రద్దు చేయి"},{"$i":"gaia-sim-picker-dial-via-with-number","$v":["దీని ద్వారా ",{"t":"idOrVar","v":"phoneNumber"}," డయల్ చేయి"]},{"$i":"gaia-sim-picker-select-sim","$v":"సిమ్ ఎంచుకోండి"},{"$i":"gaia-sim-picker-button","$v":["సిమ్",{"t":"idOrVar","v":"n"}]},{"$i":"gaia-sim-picker-button-default","$v":"(డీఫాల్ట్)"},{"$i":"softkey-options","$v":"ఎంపికలు"},{"$i":"details","countcall":"కాల్"},{"$i":"edit","$v":"సవరించు"},{"$i":"cancel","$v":"రద్దు చేయి"},{"$i":"done","$v":"పూర్తయింది"},{"$i":"ok","$v":"సరే"},{"$i":"update","$v":"అప్‌డేట్"},{"$i":"retry","$v":"మళ్లీ ప్రయత్నించు"},{"$i":"view","$v":"వీక్షించు"},{"$i":"search","$v":"శోధించు"},{"$i":"contacts","$v":"పరిచయాలు"},{"$i":"addContact","$v":"పరిచయాన్ని జోడించు"},{"$i":"deleteContact","$v":"పరిచయాన్ని తొలగించాలా"},{"$i":"selectContact","$v":"పరిచయాన్ని ఎంచుకోండి"},{"$i":"selectAll","$v":"అన్నీ ఎంచుకోండి"},{"$i":"deselect","$v":"ఎంపికను తీసివేయుము"},{"$i":"deselectAll","$v":"అన్నీ ఎంపికలను తీసివేయి"},{"$i":"editContact","$v":"పరిచయాన్ని సవరించు"},{"$i":"deleteConfirmMsg","$v":"పరిచయాన్ని తొలిగించాలా?"},{"$i":"remove","$v":"తీసివేయండి"},{"$i":"delete","$v":"తొలగించు"},{"$i":"comments","$v":"వ్యాఖ్యలు"},{"$i":"no_contact_phones","$v":"ఈ పరిచయానికి ఫోన్ నంబర్ లేదు"},{"$i":"no_contact_email","$v":"ఈ పరిచయానికి ఈమెయిల్ అడ్రస్ లేదు"},{"$i":"no_contact_data","$v":"ఈ పరిచయానికి ఫోన్ నంబర్ మరియు ఈమెయిల్  చిరునామా లేదు"},{"$i":"removePhotoConfirm","$v":"పరిచయ ఫోటోని తీసివేయాలా?"},{"$i":"loadingContacts","$v":"పరిచయాలను లోడ్ చేస్తోంది…"},{"$i":"noContactsActivity2","$v":"మీ పరిచయాల లిస్టులో పరిచయాలు ఏవీ లేవు"},{"$i":"noName","$v":"పేరు లేదు"},{"$i":"givenName","$v":"మొదటి పేరు"},{"$i":"familyName","$v":"చివరి పేరు"},{"$i":"tel","$v":"ఫోన్"},{"$i":"carrier","$v":"క్యారియర్","placeholder":"క్యారియర్"},{"$i":"separator","$v":","},{"$i":"email","$v":"ఈమెయిల్‌"},{"$i":"streetAddress","$v":"వీధి"},{"$i":"postalCode","$v":"జిప్ కోడ్"},{"$i":"locality","$v":"నగరం"},{"$i":"countryName","$v":"దేశం"},{"$i":"comment","$v":"వ్యాఖ్య"},{"$i":"org","$v":"కంపెనీ"},{"$i":"date","$v":"తేదీ","placeholder":"తేదీ"},{"$i":"date-span-placeholder","$v":"తేదీ"},{"$i":"birthday","$v":"పుట్టినరోజు"},{"$i":"dateFormat","$v":"%b %e"},{"$i":"dateOutput","$v":[{"t":"idOrVar","v":"dayMonthFormatted"}," ",{"t":"idOrVar","v":"year"}]},{"$i":"anniversary","$v":"వార్షికోత్సవం"},{"$i":"addPhoto","$v":"ఫోటోని జోడించు"},{"$i":"addPhone","$v":"ఫోన్‌ను జోడించు"},{"$i":"addEmail","$v":"ఈమెయిల్‌ను జోడించు"},{"$i":"addAddress","$v":"చిరునామాను జోడించు"},{"$i":"addDate","$v":"తేదీని జోడించు"},{"$i":"addComment","$v":"గమనికను జోడించు"},{"$i":"addFavorite","$v":"ఇష్టమైనదిగా జోడించు"},{"$i":"removeFavorite","$v":"ఇష్టమైనవిగా తీసివేయండి"},{"$i":"addButton","ariaLabel":"జోడించు"},{"$i":"editButton","ariaLabel":"సవరించు"},{"$i":"settingsButton","ariaLabel":"సెట్టింగ్స్"},{"$i":"phoneDetail","ariaLabel":"ఫోన్"},{"$i":"emailDetail","ariaLabel":"ఈమెయిల్‌"},{"$i":"addressDetail","ariaLabel":"చిరునామా"},{"$i":"dateDetail","ariaLabel":"తేదీ"},{"$i":"composeEmail","ariaLabel":"ఈమెయిల్‌"},{"$i":"makeCall","ariaLabel":"కాల్"},{"$i":"phones","ariaLabel":"ఫోన్‌లు"},{"$i":"emails","ariaLabel":"ఈమెయిల్ లు"},{"$i":"addresses","ariaLabel":"చిరునామాలు"},{"$i":"dates","ariaLabel":"తేదీలు"},{"$i":"notes","ariaLabel":"గమనికలు"},{"$i":"exit","$v":"నిష్క్రమించండి"},{"$i":"expand","$v":"విస్తరించు"},{"$i":"labelName","$v":"పేరు:"},{"$i":"labelLastName","$v":"చివరి పేరు:"},{"$i":"labelPhoneNumber","$v":"ఫోన్ నంబర్:"},{"$i":"labelCarrier","$v":"క్యారియర్:"},{"$i":"labelEmail","$v":"ఈమెయిల్‌:"},{"$i":"labelStreet","$v":"వీధి:"},{"$i":"labelZip","$v":"జిప్ కోడ్:"},{"$i":"labelCity","$v":"నగరం:"},{"$i":"labelCountry","$v":"దేశం:"},{"$i":"labelComment","$v":"వ్యాఖ్య:"},{"$i":"legendTitleMain","$v":"ప్రధాన సమాచారం"},{"$i":"legendPhones","$v":"ఫోన్ నంబర్‌లు"},{"$i":"legendEmail","$v":"ఈమెయిల్ అడ్రస్"},{"$i":"legendAddress","$v":"చిరునామా"},{"$i":"search-contact","placeholder":"శోధించు"},{"$i":"noResults","$v":"పరిచయాలు కనబడలేదు"},{"$i":"transferContactsTitle","$v":"పరిచయాలను బదిలీ చేయి"},{"$i":"importContactsTitle","$v":"పరిచయాలను దిగుమతి చేయి"},{"$i":"importContactsButton","$v":"పరిచయాలను దిగుమతి చేయి"},{"$i":"exportContactsTitle","$v":"పరిచయాలను ఎగుమతి చేయండి"},{"$i":"exportContactsButton","$v":"పరిచయాలను ఎగుమతి చేయండి"},{"$i":"exportContactsAction","$v":"ఎగుమతి"},{"$i":"simExport-title","$v":"సిమ్‌కి ఎగుమతి చేయండి"},{"$i":"memoryCardExport-title","$v":"మెమరీ కార్డ్‌కి ఎగుమతి చేయండి"},{"$i":"btExport-title","$v":"బ్లూటూత్‌కి ఎగుమతి చేయండి"},{"$i":"memoryCardUMSEnabled","$v":"USB స్టోరేజ్ ప్రారంభించబడినందున మెమరీ కార్డ్‌ను ఉపయోగించలేరు"},{"$i":"exportErrorTitle","$v":"దోషాన్ని ఎగుమతి చేయండి"},{"$i":"contactsExported2","$v":{"zero":"పరిచయాలు ఏవీ ఎగుమతి చేయబడలేదు","one":[{"t":"idOrVar","v":"exported"},"/",{"t":"idOrVar","v":"total"}," పరిచయాలు ఎగుమతి చేయబడ్డాయి"],"two":[{"t":"idOrVar","v":"exported"},"/",{"t":"idOrVar","v":"total"}," పరిచయాలు ఎగుమతి చేయబడ్డాయి"],"few":[{"t":"idOrVar","v":"exported"},"/",{"t":"idOrVar","v":"total"}," పరిచయాలు ఎగుమతి చేయబడ్డాయి"],"many":[{"t":"idOrVar","v":"exported"},"/",{"t":"idOrVar","v":"total"}," పరిచయాలు ఎగుమతి చేయబడ్డాయి"],"other":[{"t":"idOrVar","v":"exported"},"/",{"t":"idOrVar","v":"total"}," పరిచయాలు ఎగుమతి చేయబడ్డాయి"]},"$x":[{"t":"idOrVar","v":"plural"},"exported"]},{"$i":"exportError-general","$v":"ఎగుమతి చేసే సమయంలో లోపం ఏర్పడింది"},{"$i":"exportError-SD-shared","$v":"మెమరీ కార్డ్ పంచుకోబడినందున దాన్ని యాక్సెస్ చేయలేరు"},{"$i":"exportError-SD-unavailable","$v":"మెమరీ కార్డ్ అందుబాటులో లేదు"},{"$i":"exportError-SD-noSpace","$v":"పరిచయాలను ఎగుమతి చేయడానికి మెమరీ కార్డ్‌లో తగినంత ఖాళీ స్థలం లేదు"},{"$i":"exportError-SIM-unavailable","$v":"సిమ్ కార్డ్ అందుబాటులో లేదు"},{"$i":"exportError-BT-shared","$v":"మెమరీ కార్డ్ పంచుకోబడినందున దాన్ని యాక్సెస్ చేయలేరు"},{"$i":"exportError-BT-unavailable","$v":"మెమరీ కార్డ్ అందుబాటులో లేదు"},{"$i":"exportError-BT-noSpace","$v":"పరిచయాలను ఎగుమతి చేయడానికి మెమరీ కార్డ్‌లో తగినంత ఖాళీ స్థలం లేదు"},{"$i":"social-network","$v":"సోషల్ నెట్‌వర్క్‌లు"},{"$i":"social-link","$v":"పరిచయాన్ని లింక్ చేయి"},{"$i":"social-unlink","$v":"పరిచయాన్ని అన్‌లింక్ చేయి"},{"$i":"social-unlink-confirm-title","$v":"మీరు మీ ఫ్రెండ్‌ని అన్‌లింక్ చేయాలనుకుంటున్నారా?"},{"$i":"social-unlink-confirm-accept","$v":"అన్‌లింక్"},{"$i":"facebook-import","$v":"ఫేస్‌బుక్ ఫ్రెండ్లను దిగుమతి చేయి"},{"$i":"show-fb-profile","$v":"ఫేస్‌బుక్ ప్రొఫైల్‌ను వీక్షించు"},{"$i":"msg-send","$v":"సందేశం"},{"$i":"wall-post","$v":"వాల్ పోస్ట్"},{"$i":"share-contact","$v":"పరిచయాన్ని పంచుకోండి"},{"$i":"facebook-export-forbidden","$v":"ఫేస్‌బుక్ నియమం కారణంగా పరిచయం పంచుకోబడదు."},{"$i":"otherAccount","$v":"ఇతర అకౌంట్‌లు"},{"$i":"facebookSwitchMsg","$v":"ఫ్రెండ్లను సింక్ చేయి"},{"$i":"select_mobile","$v":"మొబైల్‌ని ఎంచుకోండి"},{"$i":"select_email","$v":"ఈమెయిల్‌ను ఎంచుకోండి"},{"$i":"select_recipient","$v":"గ్రహీతను ఎంచుకోండి"},{"$i":"sort-by-first-name","$v":"మొదటి పేరు ద్వారా క్రమబద్ధీకరణ చేయి"},{"$i":"sort-by-last-name","$v":"చివరి పేరు ద్వారా క్రమబద్ధీకరణ చేయి"},{"$i":"importSim2","$v":"సిమ్ కార్డు"},{"$i":"importGmail","$v":"జిమెయిల్"},{"$i":"bluetooth","$v":"బ్లూటూత్"},{"$i":"importOutlook","$v":"అవుట్‌లుక్"},{"$i":"fbUpdateFriends","$v":"దిగుమతి చేసిన ఫ్రెండ్లను అప్‌డేట్ చేయి"},{"$i":"cleaningFbData","$v":"ఫేస్‌బుక్ డేటాను తీసివేస్తోంది"},{"$i":"loggingOutFb","$v":"ఫేస్‌బుక్ నుండి లాగ్ అవుట్ చేస్తోంది"},{"$i":"cleanFbConfirmMsg","$v":"మొత్తం ఫేస్‌బుక్ డేటాను తీసివేయాలా?"},{"$i":"renewPwdMsg","$v":"మీ ఫేస్‌బుక్ పాస్‌వర్డ్ మార్చబడింది. దయచేసి దీన్ని అప్‌డేట్ చేయండి."},{"$i":"notEnabledYet","$v":"ఇంకా ప్రారంభించలేదు"},{"$i":"genericNoConnection","$v":"పరిచయాలను దిగుమతి చేయడానికి WiFi లేదా డేటా నెట్‌వర్క్‌కి కనెక్ట్ చేయండి"},{"$i":"bluetoothNoConnection","$v":"పరిచయాలను ఎగుమతి చేయడానికి బ్లూటూత్ పరికరాన్ని కనెక్ట్ చేయండి."},{"$i":"simCard","$v":"సిమ్ కార్డు"},{"$i":"memoryCard","$v":"మెమరీ కార్డ్"},{"$i":"simNumberNoMSISDN","$v":["సిమ్ ",{"t":"idOrVar","v":"number"},":"]},{"$i":"simNumberWithMSISDN","$v":["సిమ్ ",{"t":"idOrVar","v":"number"},": ",{"t":"idOrVar","v":"msisdn"}]},{"$i":"ICEContactsGroup","$v":"ICE పరిచయాలు"},{"$i":"setICEButton","$v":"ICE పరిచయాలను సెట్ చేయి"},{"$i":"ICESettingTitle","$v":"ICE పరిచయాలు"},{"$i":"ICEDescription","$v":"అత్యవసర పరిస్థితుల్లో కాల్స్ చేయడానికి ఐదు పరిచయాలను జోడించండి."},{"$i":"ICEContact1","$v":"ICE పరిచయం 1"},{"$i":"tcl-ice-contact-1-added","$v":"ICE పరిచయం 1 జోడించబడింది"},{"$i":"ICESelectContact","$v":"పరిచయాన్ని ఎంచుకోండి"},{"$i":"ICEContact2","$v":"ICE పరిచయం 2"},{"$i":"tcl-ice-contact-2-added","$v":"ICE పరిచయం 2 జోడించబడింది"},{"$i":"ICERepeatedContact","$v":"ఈ పరిచయం ఇప్పటికే ఒక ICE పరిచయంగా ఉంది"},{"$i":"ICEUnknownError","$v":"పరిచయాన్ని ICE వలె సెట్ చేయడంలో లోపం ఏర్పడింది"},{"$i":"ICEContactNoNumber","$v":"ఈ పరిచయానికి ఫోన్ నంబర్ లేదు"},{"$i":"ICEFacebookContactNotAllowed","$v":"ఫేస్‌బుక్ పరిచయాలు ICE పరిచయాలుగా సెట్ చేయబడవు"},{"$i":"ICEContactDelTel","$v":"తొలగించబడిన ఫోన్ నంబర్‌లు ICE పరిచయం నుండి తీసివేయబడ్డాయి"},{"$i":"ICEContactDelTelAll","$v":"అన్ని నంబర్‌లు తొలగించబడ్డాయి. ICE పరిచయాల నుండి ఈ పరిచయం తీసివేయబడింది."},{"$i":"delete-ice-contact-warning","$v":"మీరు ICE పరిచయాన్ని తీసివేయాలనుకుంటున్నారా ?"},{"$i":"add","$v":"జోడించు"},{"$i":"no-contacts","$v":"పరిచయాలు లేవు"},{"$i":"start-adding","$v":"పరిచయాలను జోడించడానికి కొత్త పరిచయాన్ని నొక్కండి."},{"$i":"notImported","$v":"దిగుమతి కాలేదు"},{"$i":"imported","$v":"దిగుమతి అయ్యింది"},{"$i":"today","$v":"ఈరోజు"},{"$i":"yesterday","$v":"నిన్న"},{"$i":"messageCanceling","$v":"దయచేసి అలాగే ఉండండి. మేము జరుగుతున్న చర్యను రద్దు చేస్తున్నాము."},{"$i":"organise-contacts","$v":"పరిచయాలను నిర్వహించు"},{"$i":"find-merge-contacts","$v":"నకిలీ పరిచయాలను కనుగొనండి"},{"$i":"preparing-contacts","$v":"పరిచయాలను సిద్ధం చేస్తోంది"},{"$i":"exportError-SIM-NoFreeRecordFound","$v":"సిమ్ కార్డ్ నిండినది"},{"$i":"exportError-SIM-CannotAccessPhoneBook","$v":"సిమ్ కార్డ్ ఫోన్ పుస్తకాన్ని యాక్సెస్ చేయలేరు"},{"$i":"exportError-SIM-Unavailable","$v":"సిమ్ గుర్తించబడలేదు"},{"$i":"exportError-SIM-GenericError","$v":"పరిచయాన్ని ఎగుమతి చేస్తున్నప్పుడు లోపం ఏర్పడింది"},{"$i":"noSimMsgExport","$v":"పరిచయాలను ఎగుమతి చేయడానికి మీ సిమ్ కార్డ్‌ను పెట్టండి లేదా అన్‌లాక్ చేయండి"},{"$i":"noMemoryCardMsgExport","$v":"పరిచయాలను ఎగుమతి చేయడానికి మెమరీ కార్డ్‌ను పెట్టండి"},{"$i":"ContactManagementTitle","$v":"పరిచయాల నిర్వహణ"},{"$i":"DeleteTitle","$v":"తొలగించు"},{"$i":"bulkDeleteButton","$v":"పరిచయాలు తొలగించాలా"},{"$i":"BulkDelCancel","$v":"పరిచయాలను తొలగించడం రద్దు చేయబడింది"},{"$i":"DeletedTxt","$v":{"zero":"తొలగించడానికి పరిచయం లేదు","one":"1 పరిచయం తీసివేయబడింది","two":[{"t":"idOrVar","v":"n"}," పరిచయాలు తీసివేయబడ్డాయి"],"few":[{"t":"idOrVar","v":"n"}," పరిచయాలు తీసివేయబడ్డాయి"],"many":[{"t":"idOrVar","v":"n"}," పరిచయాలు తీసివేయబడ్డాయి"],"other":[{"t":"idOrVar","v":"n"}," పరిచయాలు తీసివేయబడ్డాయి"]},"$x":[{"t":"idOrVar","v":"plural"},"n"]},{"$i":"DeletingContacts","$v":"పరిచయాలను తొలగిస్తోంది"},{"$i":"ContactConfirmDel","$v":{"zero":"తొలగించడానికి పరిచయం లేదు","one":"1 పరిచయాన్ని తొలగించాలనుకుంటున్నారా? ఇది పునరుద్ధరించబడదు.","two":[{"t":"idOrVar","v":"n"}," పరిచయాలను తొలగించాలనుకుంటున్నారా? ఇవి పునరుద్ధరించబడవు ."],"few":[{"t":"idOrVar","v":"n"}," పరిచయాలను తొలగించాలనుకుంటున్నారా? ఇవి పునరుద్ధరించబడవు ."],"many":[{"t":"idOrVar","v":"n"}," పరిచయాలను తొలగించాలనుకుంటున్నారా? ఇవి పునరుద్ధరించబడవు ."],"other":[{"t":"idOrVar","v":"n"}," పరిచయాలను తొలగించాలనుకుంటున్నారా? ఇవి పునరుద్ధరించబడవు ."]},"$x":[{"t":"idOrVar","v":"plural"},"n"]},{"$i":"SelectedTxt","$v":{"zero":[{"t":"idOrVar","v":"n"}," ఎంచుకోబడింది"],"one":[{"t":"idOrVar","v":"n"}," ఎంచుకోబడింది"],"two":[{"t":"idOrVar","v":"n"}," ఎంచుకోబడింది"],"few":[{"t":"idOrVar","v":"n"}," ఎంచుకోబడింది"],"many":[{"t":"idOrVar","v":"n"}," ఎంచుకోబడింది"],"other":[{"t":"idOrVar","v":"n"}," ఎంచుకోబడింది"]},"$x":[{"t":"idOrVar","v":"plural"},"n"]},{"$i":"video","$v":"వీడియో"},{"$i":"audio","$v":"ఆడియో"},{"$i":"pick_destination","$v":[{"t":"idOrVar","v":"destination"}," ",{"t":"idOrVar","v":"carrier"}]},{"$i":"removeField","ariaLabel":"తీసివేయండి"},{"$i":"undo","ariaLabel":"అన్‌డూ చేయి"},{"$i":"send-sms-button","ariaLabel":"SMS"},{"$i":"ice_contacts","$v":"ICE పరిచయాలు"},{"$i":"edit-picture","$v":"ఫోటోని సవరించు"},{"$i":"remove-photo","$v":"ఫోటోని తీసివేయండి"},{"$i":"change-photo","$v":"ఫోటోని మార్చండి"},{"$i":"photo-options","$v":"ఫోటో ఎంపికలు"},{"$i":"tcl-all","$v":"అన్నీ"},{"$i":"tcl-speed-dial","$v":"స్పీడ్ డయల్"},{"$i":"tcl-new-contact","$v":"కొత్త పరిచయం"},{"$i":"tcl-settings","$v":"సెట్టింగ్స్"},{"$i":"tcl-save","$v":"సేవ్ చేయి"},{"$i":"save","$v":"సేవ్ చేయి"},{"$i":"tcl-add","$v":"జోడించు"},{"$i":"tcl-contact-add-ringtone","$v":"రింగ్‌టోన్‌ను జోడించు"},{"$i":"tcl-custom-dialog-title-default","$v":"నిర్ధారణ"},{"$i":"confirm-dialog-title-default","$v":"నిర్ధారణ"},{"$i":"discard","$v":"విస్మరించు"},{"$i":"custom-tag-title","$v":"కస్టమ్ ట్యాగ్"},{"$i":"tcl-contact-added","$v":"పరిచయం జోడించబడింది"},{"$i":"tcl-contact-updated","$v":"పరిచయం వివరాలు అప్‌డేట్ అయ్యాయి"},{"$i":"tcl-contact-removed","$v":"పరిచయం తొలిగించబడింది"},{"$i":"tcl-contact-unremoved","$v":"తీసివేయడం సాధ్యం కాలేదు"},{"$i":"edit-phone-type","$v":"ఫోన్ రకాన్ని సవరించు"},{"$i":"edit-email-type","$v":"ఈమెయిల్  రకాన్ని సవరించు"},{"$i":"edit-address-type","$v":"చిరునామా రకాన్ని సవరించు"},{"$i":"edit-date-type","$v":"తేదీ రకాన్ని సవరించు"},{"$i":"tcl-select-phone-type","$v":"ఫోన్ రకాన్ని ఎంచుకోండి"},{"$i":"tcl-select-email-type","$v":"ఈమెయిల్  రకాన్ని ఎంచుకోండి"},{"$i":"tcl-select-address-type","$v":"చిరునామా రకాన్ని ఎంచుకోండి"},{"$i":"tcl-select-date-type","$v":"తేదీ రకాన్ని ఎంచుకోండి"},{"$i":"add-phone","$v":"ఫోన్ నంబర్‌ను జోడించు"},{"$i":"add-email","$v":"ఈమెయిల్‌ను జోడించు"},{"$i":"add-address","$v":"చిరునామాను జోడించు"},{"$i":"add-date","$v":"తేదీని జోడించు"},{"$i":"add-phone-type","$v":"ఫోన్ రకం"},{"$i":"add-email-type","$v":"ఈమెయిల్  రకం"},{"$i":"add-address-type","$v":"చిరునామా రకం"},{"$i":"add-date-type","$v":"తేదీ రకం"},{"$i":"delete-phone","$v":"ఫోన్ నంబర్‌ను తొలగించాలా"},{"$i":"delete-email","$v":"ఈమెయిల్ ను తొలగించాలా"},{"$i":"delete-address","$v":"చిరునామాను తొలగించాలా"},{"$i":"delete-date","$v":"తేదీని తొలగించాలా"},{"$i":"delete-note","$v":"గమనికను తొలగించాలా"},{"$i":"delete-comment-warning","$v":"మీరు గమనికను తొలగించాలనుకుంటున్నారా?"},{"$i":"tcl-deleting-messages-phone","$v":["మీరు ఈ ఫోన్‌ను తొలగించాలనుకుంటున్నారా: \"",{"t":"idOrVar","v":"type_name"},"\"?"]},{"$i":"tcl-deleting-messages-email","$v":["మీరు ఈ ఈమెయిల్‌ను తొలగించాలనుకుంటున్నారా: \"",{"t":"idOrVar","v":"type_name"},"\"?"]},{"$i":"tcl-deleting-messages-address","$v":["మీరు ఈ చిరునామాను తొలగించాలనుకుంటున్నారా: \"",{"t":"idOrVar","v":"type_name"},"\"?"]},{"$i":"tcl-deleting-messages-date","$v":"మీరు తేదీని తొలగించాలనుకుంటున్నారా?"},{"$i":"deleting-message-warning","$v":["మీరు \"",{"t":"idOrVar","v":"type_name"},"\"ని తొలగించాలనుకుంటున్నారా?"]},{"$i":"tcl-deleting-messages-comment","$v":"మీరు వ్యాఖ్యను తొలగించాలనుకుంటున్నారా?"},{"$i":"delecting-messages-contact","$v":["మీరు \"",{"t":"idOrVar","v":"type_name"},"\" పరిచయాన్ని తొలగించాలనుకుంటున్నారా?"]},{"$i":"delecting-this-contact","$v":"ఈ పరిచయాన్ని తొలగించాలా?"},{"$i":"deleting-messages-ringtone","$v":"మీరు రింగ్‌టోన్‌ను తొలగించాలనుకుంటున్నారా?"},{"$i":"deleting-messages-picture","$v":"మీరు ఫోటోని తీసివేయాలనుకుంటున్నారా?"},{"$i":"tcl-deleting-notification-ringtone","$v":"రింగ్‌టోన్ తొలగించబడింది"},{"$i":"tcl-deleting-notification-comment","$v":"వ్యాఖ్య తొలగించబడింది"},{"$i":"note","$v":"గమనిక"},{"$i":"address","$v":"చిరునామా"},{"$i":"tcl-noContacts","$v":"మీ పరిచయ లిస్ట్ ఖాళీగా ఉన్నందున పరిచయానికి జోడించలేరు."},{"$i":"tcl-noContacts-no-email","$v":"ఈమెయిల్  ఉన్న పరిచయాలు ఏవీ లేనందున పరిచయానికి జోడించలేరు"},{"$i":"tcl-noContacts-no-tel","$v":"ఫోన్ నంబర్ ఉన్న పరిచయాలు ఏవీ లేనందున పరిచయానికి జోడించలేరు"},{"$i":"tcl-noContactsTitle","$v":"పరిచయాలు లేవు"},{"$i":"tcl-change-voice-mail","$v":"వాయిస్ మెయిల్ నంబర్‌ను మార్చండి"},{"$i":"tcl-replace","$v":"భర్తీ చేయి"},{"$i":"tcl-remove-speed-dial","$v":"స్పీడ్ డయల్ నుండి తీసివేయండి"},{"$i":"tcl-notification-speed-dial-added","$v":"స్పీడ్ డయల్ నంబర్ జోడించబడింది"},{"$i":"tcl-notification-speed-dial-removed","$v":"స్పీడ్ డయిల్ నంబర్ తీసివేయబడింది"},{"$i":"tcl-notification-speed-dial-updated","$v":"స్పీడ్ డయిల్ నంబర్ అప్‌డేట్ అయ్యింది"},{"$i":"tcl-notification-voice-mail-updated","$v":"వాయిస్ మెయిల్ నంబర్ అప్‌డేట్ అయ్యింది"},{"$i":"tcl-notification-contact-assigned","$v":"పరిచయం స్పీడ్ డయల్‌కు కేటాయించబడింది"},{"$i":"empty","$v":"ఖాళీ"},{"$i":"tcl-voice-mail","$v":"వాయిస్ మెయిల్"},{"$i":"contact-confirm-save","$v":"పరిచయ సమాచారం తిసివేయబడింది. మీరు ఈ పరిచయాన్ని సేవ్ చేయాలనుకుంటున్నారా?"},{"$i":"contact-confirm-form-save","$v":"మార్పులు తీసివేయబడతాయి. మీరు ఈ పరిచయాన్ని సేవ్ చేయాలనుకుంటున్నారా?"},{"$i":"tcl-yes","$v":"సరే"},{"$i":"tcl-no","$v":"లేదు"},{"$i":"tcl-default-ringtone","$v":"డీఫాల్ట్ రింగ్‌టోన్"},{"$i":"tcl-add-ringtone","$v":"రింగ్‌టోన్‌లు"},{"$i":"tcl-ringtone","$v":"రింగ్‌టోన్"},{"$i":"change-ringtone","$v":"రింగ్‌టోన్‌ను మార్చండి"},{"$i":"delete-ringtone","$v":"రింగ్‌టోన్‌ను తొలగించాలా"},{"$i":"tcl-settings-title","$v":"పరిచయాల సెట్టింగ్స్"},{"$i":"settings-sort-contacts-title","$v":"పరిచయాలను క్రమబద్ధీకరణ చేయి"},{"$i":"tcl-oder-notification","$v":"మార్పులు సేవ్ చేయబడ్డాయి"},{"$i":"changes-saved-notification","$v":"మార్పులు సేవ్ చేయబడ్డాయి."},{"$i":"tcl-imported-status","$v":[{"t":"idOrVar","v":"n"}," పరిచయాలు దిగుమతి చేయబడ్డాయి ",{"t":"idOrVar","v":"numDups"}," పరిచయాలు విలీనం చేయబడ్డాయి"]},{"$i":"tcl-on","$v":"ఆన్"},{"$i":"tcl-off","$v":"ఆఫ్"},{"$i":"on","$v":"ఆన్"},{"$i":"off","$v":"ఆఫ్"},{"$i":"tcl-contact-empty-number","$v":"ఫోన్ నంబర్ ఖాళీగా ఉంది"},{"$i":"contact-no-dial-number","$v":"డయల్ చేయడానికి ఫోన్ నంబర్ ఏదీ లేదు."},{"$i":"tcl-select-number","$v":"నంబర్‌ని ఎంచుకోండి"},{"$i":"tcl-select-email","$v":"ఈమెయిల్‌ను ఎంచుకోండి"},{"$i":"select-email","$v":"ఈమెయిల్‌ను ఎంచుకోండి"},{"$i":"tcl-send-message","$v":"సందేశం పంపు"},{"$i":"send-email","$v":"ఈమెయిల్ ను పంపు"},{"$i":"tcl-share","$v":"పంచుకోండి"},{"$i":"tcl-find-duplicate","$v":"నకిలీ పరిచయాలను కనుగొనండి"},{"$i":"tcl-add-favorite","$v":"ఇష్టమైనదిగా జోడించు"},{"$i":"tcl-remove-favorite","$v":"ఇష్టపడనవి"},{"$i":"tcl-link-social-networks","$v":"సోషల్ నెట్‌వర్క్‌లకు లింక్ చేయి"},{"$i":"tcl-delete","$v":"తొలగించు"},{"$i":"tcl-detail-send-sms","$v":"కొత్త SMS"},{"$i":"tcl-detail-call","$v":"కాల్"},{"$i":"tcl-detail-send-email","$v":"కంపోజ్ చేయండి"},{"$i":"sms","$v":"సందేశం"},{"$i":"tcl-search-contact","$v":"శోధించు"},{"$i":"tcl-number","$v":["నంబర్ ",{"t":"idOrVar","v":"number"}]},{"$i":"tcl-custom-dialog-replace-speed-dial","$v":[{"t":"idOrVar","v":"newSpeedDial"},"తో ",{"t":"idOrVar","v":"oldSpeedDial"}," స్పీడ్ డయల్‌ను భర్తీ చేయాలనుకుంటున్నారా?"]},{"$i":"custom-dialog-remove-speed-dial","$v":["మీరు స్పీడ్ డయల్ నుండి ",{"t":"idOrVar","v":"name"},"ని తీసివేయాలనుకుంటున్నారా?"]},{"$i":"tcl-options","$v":"ఎంపికలు"},{"$i":"tcl-success-merged","$v":[{"t":"idOrVar","v":"number"}," పరిచయం(లు) విలీనం చేయబడ్డాయి"]},{"$i":"tcl-contact-confirm-merge","$v":["మీరు ",{"t":"idOrVar","v":"name"}," గల ",{"t":"idOrVar","v":"count"}," పరిచయం(ల)ను విలీనం చేయాలనుకుంటున్నారా?"]},{"$i":"tcl-merge","$v":"విలీనం చేయి"},{"$i":"add-speed-dial-failed-title","$v":"స్పీడ్ డయల్‌ను జోడించడం విఫలమైంది"},{"$i":"add-speed-dial-failed-content","$v":[{"t":"idOrVar","v":"name"}," ఇప్పటికే స్వీడ్ డయల్‌లో ఉనికిలో ఉంది, దయచేసి మరొక పరిచయాన్ని ఎంచుకోండి."]},{"$i":"merge","$v":"విలీనం చేయి"},{"$i":"tcl-attention","$v":"గమనిక"},{"$i":"attention","$v":"గమనిక"},{"$i":"tcl-speed-dial-add-contact","$v":{"$o":"పరిచయాలు ఏవీ లేవు.<br><br>దయచేసి పరిచయాన్ని సృష్టించండి."}},{"$i":"tcl-voice-mail-header","$v":"వాయిస్ మెయిల్"},{"$i":"tcl-voice-mail-number","$v":"వాయిస్ మెయిల్ నంబర్"},{"$i":"tcl-select-all","$v":"అన్నీ ఎంచుకోండి"},{"$i":"tcl-deselect-all","$v":"అన్నీ ఎంపికలను తీసివేయి"},{"$i":"systemring","$v":"రింగ్‌టోన్"},{"$i":"moremusic","$v":"సంగీతం"},{"$i":"tcl-add-ringselect","$v":"వీరి నుండి ఎంచుకోండి"},{"$i":"type-select","$v":"ఎంచుకోండి"},{"$i":"dialnum-view","$v":"వీక్షించు"},{"$i":"select-a-contact-title","$v":"పరిచయాన్ని ఎంచుకోండి"},{"$i":"select-a-number-title","$v":"నంబర్‌ని ఎంచుకోండి"},{"$i":"invalid-vcf-file","$v":"చెల్లని vcf ఫైల్"},{"$i":"voiceMail","$v":"వాయిస్‌మెయిల్"},{"$i":"back","$v":"వెనక్కి వెళ్లు"},{"$i":"noSimMsg","$v":"పరిచయాలను దిగుమతి చేయడానికి మీ సిమ్ కార్డ్‌ను పెట్టండి లేదా అన్‌లాక్ చేయండి"},{"$i":"noMemoryCardMsg","$v":"పరిచయాలను దిగుమతి చేయడానికి మెమరీ కార్డ్‌ను పెట్టండి"},{"$i":"importMemoryCard","$v":"మెమరీ కార్డ్"},{"$i":"noConnection11","$v":"ఫేస్‌బుక్ ఫ్రెండ్లను లేదా పరిచయాలను దిగుమతి చేయడానికి WiFi లేదా డేటా నెట్‌వర్క్‌కి కనెక్ట్ చేయండి"},{"$i":"emptyAccount","$v":"ఈ అకౌంట్‌లో ఫ్రెండ్స్ లేదా పరిచయాలు ఏవీ కనబడలేదు."},{"$i":"simContacts-import","$v":"సిమ్ పరిచయాలను దిగుమతి చేయి"},{"$i":"simContacts-importing","$v":"సిమ్ కార్డ్ నుండి పరిచయాలను దిగుమతి చేస్తోంది"},{"$i":"simContacts-reading","$v":"సిమ్ కార్డ్ నుండి పరిచయాలను చదువుతోంది…"},{"$i":"simContacts-error","$v":"సిమ్ నుండి పరిచయాలను దిగుమతి చేయడం సాధ్యపడలేదు"},{"$i":"simContacts-imported3","$v":{"zero":"దిగుమతి చేయడానికి సిమ్‌లో పరిచయాలు ఏవీ గుర్తించబడలేదు","one":"ఒక పరిచయం దిగుమతి అయ్యింది","two":[{"t":"idOrVar","v":"n"}," పరిచయాలు దిగుమతి చేయబడ్డాయి"],"few":[{"t":"idOrVar","v":"n"}," పరిచయాలు దిగుమతి చేయబడ్డాయి"],"many":[{"t":"idOrVar","v":"n"}," పరిచయాలు దిగుమతి చేయబడ్డాయి"],"other":[{"t":"idOrVar","v":"n"}," పరిచయాలు దిగుమతి చేయబడ్డాయి"]},"$x":[{"t":"idOrVar","v":"plural"},"n"]},{"$i":"memoryCardContacts-import","$v":"మెమరీ కార్డ్ నుండి పరిచయాలను దిగుమతి చేయి"},{"$i":"memoryCardContacts-importing","$v":"మెమరీ కార్డ్ నుండి పరిచయాలను దిగుమతి చేస్తోంది…"},{"$i":"memoryCardContacts-reading","$v":"మెమరీ కార్డ్ నుండి పరిచయాలను చదువుతోంది…"},{"$i":"memoryCardContacts-error","$v":"మెమరీ కార్డ్ నుండి పరిచయాలను దిగుమతి చేయడం సాధ్యపడలేదా"},{"$i":"memoryCardContacts-imported3","$v":{"zero":"దిగుమతి చేయడానికి మెమరీ కార్డ్‌లో పరిచయాలు ఏవీ గుర్తించబడలేదు","one":"ఒక పరిచయం దిగుమతి అయ్యింది","two":[{"t":"idOrVar","v":"n"}," పరిచయాలు దిగుమతి చేయబడ్డాయి"],"few":[{"t":"idOrVar","v":"n"}," పరిచయాలు దిగుమతి చేయబడ్డాయి"],"many":[{"t":"idOrVar","v":"n"}," పరిచయాలు దిగుమతి చేయబడ్డాయి"],"other":[{"t":"idOrVar","v":"n"}," పరిచయాలు దిగుమతి చేయబడ్డాయి"]},"$x":[{"t":"idOrVar","v":"plural"},"n"]},{"$i":"genericProgress","$v":[{"t":"idOrVar","v":"current"},"/",{"t":"idOrVar","v":"total"}]},{"$i":"facebook","$v":"ఫేస్‌బుక్"},{"$i":"facebook-import-msg2","$v":[{"t":"idOrVar","v":"imported"},"/",{"t":"idOrVar","v":"total"}," ఫ్రెండ్స్ దిగుమతి చేయబడ్డారు"]},{"$i":"contactsMerged","$v":{"zero":"నకిలీ పరిచయాలు ఏవీ విలీనం కాలేదు","one":"ఒక నకిలీ పరిచయం విలీనం చేయబడింది","two":[{"t":"idOrVar","v":"numDups"}," పరిచయాలు విలీనం చేయబడ్డాయి"],"few":[{"t":"idOrVar","v":"numDups"}," పరిచయాలు విలీనం చేయబడ్డాయి"],"many":[{"t":"idOrVar","v":"numDups"}," పరిచయాలు విలీనం చేయబడ్డాయి"],"other":[{"t":"idOrVar","v":"numDups"}," పరిచయాలు విలీనం చేయబడ్డాయి"]},"$x":[{"t":"idOrVar","v":"plural"},"numDups"]},{"$i":"weekday-0-long","$v":"ఆదివారం"},{"$i":"weekday-1-long","$v":"సోమవారం"},{"$i":"weekday-2-long","$v":"మంగళవారం"},{"$i":"weekday-3-long","$v":"బుధవారం"},{"$i":"weekday-4-long","$v":"గురువారం"},{"$i":"weekday-5-long","$v":"శుక్రవారం"},{"$i":"weekday-6-long","$v":"శనివారం"},{"$i":"weekday-0-short","$v":"ఆది"},{"$i":"weekday-1-short","$v":"సోమ"},{"$i":"weekday-2-short","$v":"మంగళ"},{"$i":"weekday-3-short","$v":"బుధ"},{"$i":"weekday-4-short","$v":"గురు"},{"$i":"weekday-5-short","$v":"శుక్ర"},{"$i":"weekday-6-short","$v":"శని"},{"$i":"month-0-long","$v":"జనవరి"},{"$i":"month-1-long","$v":"ఫిబ్రవరి"},{"$i":"month-2-long","$v":"మార్చి"},{"$i":"month-3-long","$v":"ఏప్రిల్"},{"$i":"month-4-long","$v":"మే"},{"$i":"month-5-long","$v":"జూన్"},{"$i":"month-6-long","$v":"జూలై"},{"$i":"month-7-long","$v":"ఆగష్టు"},{"$i":"month-8-long","$v":"సెప్టెంబరు"},{"$i":"month-9-long","$v":"అక్టోబర్"},{"$i":"month-10-long","$v":"నవంబర్"},{"$i":"month-11-long","$v":"డిసెంబర్"},{"$i":"month-0-genitive","$v":"జనవరి"},{"$i":"month-1-genitive","$v":"ఫిబ్రవరి"},{"$i":"month-2-genitive","$v":"మార్చి"},{"$i":"month-3-genitive","$v":"ఏప్రిల్"},{"$i":"month-4-genitive","$v":"మే"},{"$i":"month-5-genitive","$v":"జూన్"},{"$i":"month-6-genitive","$v":"జూలై"},{"$i":"month-7-genitive","$v":"ఆగష్టు"},{"$i":"month-8-genitive","$v":"సెప్టెంబరు"},{"$i":"month-9-genitive","$v":"అక్టోబర్"},{"$i":"month-10-genitive","$v":"నవంబర్"},{"$i":"month-11-genitive","$v":"డిసెంబర్"},{"$i":"month-0-short","$v":"జనవరి"},{"$i":"month-1-short","$v":"ఫిబ్రవరి"},{"$i":"month-2-short","$v":"మార్చి"},{"$i":"month-3-short","$v":"ఏప్రిల్"},{"$i":"month-4-short","$v":"మే"},{"$i":"month-5-short","$v":"జూన్"},{"$i":"month-6-short","$v":"జూలై"},{"$i":"month-7-short","$v":"ఆగష్టు"},{"$i":"month-8-short","$v":"సెప్టెంబరు"},{"$i":"month-9-short","$v":"అక్టోబర్"},{"$i":"month-10-short","$v":"నవంబర్"},{"$i":"month-11-short","$v":"డిసెంబర్"},{"$i":"minutes-ago-long","$v":{"zero":"ఇప్పుడే","one":"నిమిషం క్రితం","two":[{"t":"idOrVar","v":"value"}," నిమిషాల క్రితం"],"few":[{"t":"idOrVar","v":"value"}," నిమిషాల క్రితం"],"many":[{"t":"idOrVar","v":"value"}," నిమిషాల క్రితం"],"other":[{"t":"idOrVar","v":"value"}," నిమిషాల క్రితం"]},"$x":[{"t":"idOrVar","v":"plural"},"value"]},{"$i":"hours-ago-long","$v":{"zero":"ఇప్పుడే","one":"గంట క్రితం","two":[{"t":"idOrVar","v":"value"}," గంటల క్రితం"],"few":[{"t":"idOrVar","v":"value"}," గంటల క్రితం"],"many":[{"t":"idOrVar","v":"value"}," గంటల క్రితం"],"other":[{"t":"idOrVar","v":"value"}," గంటల క్రితం"]},"$x":[{"t":"idOrVar","v":"plural"},"value"]},{"$i":"days-ago-long","$v":{"zero":"ఈరోజు","one":"నిన్న","two":[{"t":"idOrVar","v":"value"}," రోజుల క్రితం"],"few":[{"t":"idOrVar","v":"value"}," రోజుల క్రితం"],"many":[{"t":"idOrVar","v":"value"}," రోజుల క్రితం"],"other":[{"t":"idOrVar","v":"value"}," రోజుల క్రితం"]},"$x":[{"t":"idOrVar","v":"plural"},"value"]},{"$i":"weeks-ago-long","$v":{"zero":"ఈ వారం","one":"గత వారం","two":[{"t":"idOrVar","v":"value"}," వారాల క్రితం"],"few":[{"t":"idOrVar","v":"value"}," వారాల క్రితం"],"many":[{"t":"idOrVar","v":"value"}," వారాల క్రితం"],"other":[{"t":"idOrVar","v":"value"}," వారాల క్రితం"]},"$x":[{"t":"idOrVar","v":"plural"},"value"]},{"$i":"months-ago-long","$v":{"zero":"ఈ నెల","one":"గత నెల","two":[{"t":"idOrVar","v":"value"}," నెలల క్రితం"],"few":[{"t":"idOrVar","v":"value"}," నెలల క్రితం"],"many":[{"t":"idOrVar","v":"value"}," నెలల క్రితం"],"other":[{"t":"idOrVar","v":"value"}," నెలల క్రితం"]},"$x":[{"t":"idOrVar","v":"plural"},"value"]},{"$i":"years-ago-long","$v":{"zero":"ఈ సంవత్సరం","one":"గత సంవత్సరం","two":[{"t":"idOrVar","v":"value"}," సంవత్సరాల క్రితం"],"few":[{"t":"idOrVar","v":"value"}," సంవత్సరాల క్రితం"],"many":[{"t":"idOrVar","v":"value"}," సంవత్సరాల క్రితం"],"other":[{"t":"idOrVar","v":"value"}," సంవత్సరాల క్రితం"]},"$x":[{"t":"idOrVar","v":"plural"},"value"]},{"$i":"minutes-until-long","$v":{"zero":"ఇప్పుడు","one":"నిమిషంలో","two":[{"t":"idOrVar","v":"value"}," నిమిషాల్లో"],"few":[{"t":"idOrVar","v":"value"}," నిమిషాల్లో"],"many":[{"t":"idOrVar","v":"value"}," నిమిషాల్లో"],"other":[{"t":"idOrVar","v":"value"}," నిమిషాల్లో"]},"$x":[{"t":"idOrVar","v":"plural"},"value"]},{"$i":"hours-until-long","$v":{"zero":"ఇప్పుడు","one":"గంటలో","two":[{"t":"idOrVar","v":"value"}," గంటల్లో"],"few":[{"t":"idOrVar","v":"value"}," గంటల్లో"],"many":[{"t":"idOrVar","v":"value"}," గంటల్లో"],"other":[{"t":"idOrVar","v":"value"}," గంటల్లో"]},"$x":[{"t":"idOrVar","v":"plural"},"value"]},{"$i":"days-until-long","$v":{"zero":"ఈరోజు","one":"రేపు","two":[{"t":"idOrVar","v":"value"}," రోజుల్లో"],"few":[{"t":"idOrVar","v":"value"}," రోజుల్లో"],"many":[{"t":"idOrVar","v":"value"}," రోజుల్లో"],"other":[{"t":"idOrVar","v":"value"}," రోజుల్లో"]},"$x":[{"t":"idOrVar","v":"plural"},"value"]},{"$i":"weeks-until-long","$v":{"zero":"ఈ వారం","one":"తదుపరి వారం","two":[{"t":"idOrVar","v":"value"}," వారాల్లో"],"few":[{"t":"idOrVar","v":"value"}," వారాల్లో"],"many":[{"t":"idOrVar","v":"value"}," వారాల్లో"],"other":[{"t":"idOrVar","v":"value"}," వారాల్లో"]},"$x":[{"t":"idOrVar","v":"plural"},"value"]},{"$i":"months-until-long","$v":{"zero":"ఈ నెల","one":"తదుపరి నెల","two":[{"t":"idOrVar","v":"value"}," నెలల్లో"],"few":[{"t":"idOrVar","v":"value"}," నెలల్లో"],"many":[{"t":"idOrVar","v":"value"}," నెలల్లో"],"other":[{"t":"idOrVar","v":"value"}," నెలల్లో"]},"$x":[{"t":"idOrVar","v":"plural"},"value"]},{"$i":"years-until-long","$v":{"zero":"ఈ సంవత్సరం","one":"తదుపరి సంవత్సరం","two":"{value}} సంవత్సరాల్లో","few":"{value}} సంవత్సరాల్లో","many":"{value}} సంవత్సరాల్లో","other":"{value}} సంవత్సరాల్లో"},"$x":[{"t":"idOrVar","v":"plural"},"value"]},{"$i":"minutes-ago-short","$v":{"zero":"ఇప్పుడే","other":[{"t":"idOrVar","v":"value"},"నిమిషం క్రితం"]},"$x":[{"t":"idOrVar","v":"plural"},"value"]},{"$i":"hours-ago-short","$v":{"zero":"ఇప్పుడే","other":[{"t":"idOrVar","v":"value"},"గంట క్రితం"]},"$x":[{"t":"idOrVar","v":"plural"},"value"]},{"$i":"days-ago-short","$v":{"zero":"ఈరోజు","other":[{"t":"idOrVar","v":"value"},"రోజు క్రితం"]},"$x":[{"t":"idOrVar","v":"plural"},"value"]},{"$i":"minutes-until-short","$v":{"zero":"ఇప్పుడు","other":[{"t":"idOrVar","v":"value"},"నిమిషాల్లో"]},"$x":[{"t":"idOrVar","v":"plural"},"value"]},{"$i":"hours-until-short","$v":{"zero":"ఇప్పుడు","other":[{"t":"idOrVar","v":"value"},"గంటలో"]},"$x":[{"t":"idOrVar","v":"plural"},"value"]},{"$i":"days-until-short","$v":{"zero":"ఈరోజు","other":[{"t":"idOrVar","v":"value"},"తేదీలో"]},"$x":[{"t":"idOrVar","v":"plural"},"value"]},{"$i":"incorrectDate","$v":"(తప్పుగా ఉన్న తేదీ)"},{"$i":"dateTimeFormat_%c","$v":"%a %b %e %Y %I:%M:%S %p"},{"$i":"dateTimeFormat_%x","$v":"%m/%d/%Y"},{"$i":"dateTimeFormat_%X","$v":"%I:%M:%S %p"},{"$i":"shortTimeFormat","$v":"%I:%M %p"},{"$i":"shortTimeFormat12","$v":"%I:%M %p"},{"$i":"shortTimeFormat24","$v":"%H:%M"},{"$i":"shortDateTimeFormat","$v":"%x %I:%M %p"},{"$i":"weekStartsOnMonday","$v":"0"},{"$i":"firstDayOfTheWeek","$v":"0"},{"$i":"time_am","$v":"AM"},{"$i":"time_pm","$v":"PM"},{"$i":"label","$v":"లేబుల్"},{"$i":"mobile","$v":"మొబైల్"},{"$i":"home","$v":"హోమ్"},{"$i":"work","$v":"కార్యాలయం"},{"$i":"personal","$v":"వ్యక్తిగతం"},{"$i":"faxHome","$v":"FAX హోమ్"},{"$i":"faxOffice","$v":"FAX ఆఫీసు"},{"$i":"faxOther","$v":"ఇతర FAX"},{"$i":"another","$v":"మరొకటి"},{"$i":"other","$v":"ఇతర"},{"$i":"tcl-customTag","$v":"కస్టమ్ ట్యాగ్"},{"$i":"customTag","$v":"కస్టమ్ ట్యాగ్","placeholder":"కస్టమ్ ట్యాగ్"},{"$i":"current","$v":"ప్రస్తుత"},{"$i":"itemWithLabel","$v":[{"t":"idOrVar","v":"label"},", ",{"t":"idOrVar","v":"item"}]},{"$i":"waitDuplicateContacts","$v":"నకిలీ పరిచయాల కోసం వెతుకుతుంది"},{"$i":"waitMergingDuplicateContacts","$v":"నకిలీ పరిచయాలను విలీనం చేస్తోంది"},{"$i":"alertNoDuplicateContacts","$v":"నకిలీ పరిచయాలు ఏవీ కనబడలేదు"},{"$i":"curtainCancel","$v":"రద్దు చేయి"},{"$i":"close","$v":"మూసివేయి"},{"$i":"mergeDuplicateTitle","$v":"నకిలీలు కనిపించాయి"},{"$i":"suggestedDuplicatesMessage","innerHTML":{"$o":["<bdi>",{"t":"idOrVar","v":"name"},"</bdi> కోసం సూచించబడిన నకిలీ పరిచయాలు"]}},{"$i":"mergeActionButtonLabel","$v":{"zero":"పరిచయాలు ఏవీ ఎంచుకోబడలేదు","one":[{"t":"idOrVar","v":"n"}," పరిచయంతో విలీనం చేయి"],"two":[{"t":"idOrVar","v":"n"}," పరిచయాలతో విలీనం చేయి"],"few":[{"t":"idOrVar","v":"n"}," పరిచయాలతో విలీనం చేయి"],"many":[{"t":"idOrVar","v":"n"}," పరిచయాలతో విలీనం చేయి"],"other":[{"t":"idOrVar","v":"n"}," పరిచయాలతో విలీనం చేయి"]},"$x":[{"t":"idOrVar","v":"plural"},"n"]},{"$i":"duplicatesFoundTitle","$v":"నకిలీలు కనిపించాయి"},{"$i":"foundDuplicatesMessage","innerHTML":"క్రింది పరిచయాల్లో నకిలీ సమాచారం కనబడింది. మీరు విలీనం చేయాలనుకుంటున్నారా?"},{"$i":"tcl-merge-selected-counts","$v":[{"t":"idOrVar","v":"n"}," ఎంచుకోబడింది"]},{"$i":"tcl-wait-duplicate-contacts","$v":"నకిలీ పరిచయాలను కనుగొనండి"},{"$i":"tcl-wait-txt","$v":"నకిలీ పరిచయాల కోసం శోధిస్తోంది..."},{"$i":"import","$v":"దిగుమతి చేయి"},{"$i":"fbFriends","$v":"ఫేస్‌బుక్ ఫ్రెండ్స"},{"$i":"live-serviceName","$v":"అవుట్‌లుక్"},{"$i":"gmail-serviceName","$v":"జిమెయిల్"},{"$i":"facebook-serviceName","$v":"ఫేస్‌బుక్ ఫ్రెండ్స"},{"$i":"viewAll","$v":"అన్నీ ఫేస్‌బుక్ ఫ్రెండ్లను వీక్షించు"},{"$i":"viewRecommend","$v":"సిఫార్సు చేసినవి మాత్రమే వీక్షించు"},{"$i":"linkProposal","$v":{"zero":"సరిపోలే ఫ్రెండ్స్ లేరు. అన్నీ చూపుతోంది","one":"సిఫార్సు చేసినది ఎంచుకోండి","two":"సిఫార్సు చేసినది ఎంచుకోండి","few":"సిఫార్సు చేసినది ఎంచుకోండి","many":"సిఫార్సు చేసినది ఎంచుకోండి","other":"సిఫార్సు చేసినది ఎంచుకోండి"},"$x":[{"t":"idOrVar","v":"plural"},"numFriends"]},{"$i":"fbFriendsFound","$v":{"zero":"మీ ఫ్రెండ్స్ పరిచయాలన్నీ ఇంపోర్ట్ చేయబడ్డాయి","one":"దిగుమతి చేయడానికి ఒక ఫ్రెండ్ కనబడ్డారు","two":["దిగుమతి చేయడానికి ",{"t":"idOrVar","v":"numFriends"}," మంది ఫ్రెండ్స్ కననబడ్డారు"],"few":["దిగుమతి చేయడానికి ",{"t":"idOrVar","v":"numFriends"}," మంది ఫ్రెండ్స్ కననబడ్డారు"],"many":["దిగుమతి చేయడానికి ",{"t":"idOrVar","v":"numFriends"}," మంది ఫ్రెండ్స్ కననబడ్డారు"],"other":["దిగుమతి చేయడానికి ",{"t":"idOrVar","v":"numFriends"}," మంది ఫ్రెండ్స్ కననబడ్డారు"]},"$x":[{"t":"idOrVar","v":"plural"},"numFriends"]},{"$i":"fbNoFriends","$v":"దిగుమతి చేయడానికి అందుబాటులో పరిచయాలు ఏవీ లేవు"},{"$i":"done-search","$v":"పూర్తయింది"},{"$i":"progressFB3ImportTitle","$v":"ఫ్రెండ్లను పరిచయాలకు దిగుమతి చేస్తోంది"},{"$i":"progressFB","$v":[{"t":"idOrVar","v":"current"},"/",{"t":"idOrVar","v":"total"}]},{"$i":"progressFB3UpdateTitle","$v":"పరిచయాలలో ఫ్రెండ్లను అప్‌డేట్ చేస్తోంది"},{"$i":"message2","$v":"దీనికి కొన్ని నిమిషాల సమయం పట్టవచ్చు"},{"$i":"messageLinking","$v":"దయచేసి అలాగే ఉండండి. మేము మీ ఫ్రెండ్‌ని మరియు మీ పరిచయాన్ని లింక్ చేస్తున్నాము."},{"$i":"error1","$v":["లోపం ",{"t":"idOrVar","v":"from"}]},{"$i":"error2","$v":"మీరు మళ్లీ ప్రయత్నించాలనుకుంటున్నారా?"},{"$i":"errorProposal","$v":"ప్రతిపాదనలు లెక్కించడం"},{"$i":"errorFriends","$v":"ఫ్రెండ్లను తిరిగి పొందుతోంది"},{"$i":"errorLinking","$v":"పరిచయాన్ని లింక్ చేస్తోంది"},{"$i":"timeout1","$v":[{"t":"idOrVar","v":"from"}," సమయ గడువు మించిపోయింది"]},{"$i":"timeout2","$v":"మీరు మళ్లీ ప్రయత్నించాలనుకుంటున్నారా?"},{"$i":"timeoutProposal","$v":"ప్రతిపాదనలు లెక్కించడం"},{"$i":"timeoutFriends","$v":"ఫ్రెండ్లను తిరిగి పొందుతోంది"},{"$i":"timeoutLinking","$v":"పరిచయాలను లింక్ చేస్తోంది"},{"$i":"wait1","$v":"దయచేసి అలాగే ఉండండి"},{"$i":"wait2","$v":"దీనికి కొన్ని నిమిషాల సమయం పట్టవచ్చు"},{"$i":"waitProposal","$v":"దయచేసి అలాగే ఉండండి. మేము ప్రతిపాదనను లెక్కిస్తున్నాం."},{"$i":"waitFriends","$v":"దయచేసి అలాగే ఉండండి. మేము మీ ఫ్రెండ్ లిస్టును పొందడానికి కనెక్ట్ చేస్తున్నాము"},{"$i":"curtainRetry","$v":"మళ్లీ ప్రయత్నించు"},{"$i":"curtainOK","$v":"సరే"},{"$i":"connectionLost","$v":"ఇంటర్నెట్ కనెక్షన్ లేదు"},{"$i":"connectionLostMsg","$v":"మీ పరిచయాలకు ఫ్రెండ్స్ ఫోటోలు జోడించబడవు. ఏదేమైనా కొనసాగించు?"},{"$i":"yesOption","$v":"సరే"},{"$i":"noOption","$v":"రద్దు చేయి"},{"$i":"waitFriendslive","$v":"అవుట్‌లుక్ నుండి పరిచయాలను చదువుతోంది..."},{"$i":"waitFriendsgmail","$v":"జిమెయిల్ నుండి పరిచయాలను చదువుతోంది..."},{"$i":"friendsUpdated","$v":{"zero":"ఎటువంటి ఫ్రెండ్స్ అప్‌డేట్ అవ్వలేదు","one":"ఒక ఫ్రెండ్ అప్‌డేట్ చేయబడింది","two":[{"t":"idOrVar","v":"numFriends"}," ఫ్రెండ్స్ అప్‌డేట్ చేయబడ్డారు"],"few":[{"t":"idOrVar","v":"numFriends"}," ఫ్రెండ్స్ అప్‌డేట్ చేయబడ్డారు"],"many":[{"t":"idOrVar","v":"numFriends"}," ఫ్రెండ్స్ అప్‌డేట్ చేయబడ్డారు"],"other":[{"t":"idOrVar","v":"numFriends"}," ఫ్రెండ్స్ అప్‌డేట్ చేయబడ్డారు"]},"$x":[{"t":"idOrVar","v":"plural"},"numFriends"]},{"$i":"friendsMerged","$v":{"zero":"నకిలీ ఫ్రెండ్స్ విలీనం కాలేదు","one":"ఒక నకిలీ ఫ్రెండ్ విలీనం చేయబడ్డారు","two":[{"t":"idOrVar","v":"numDups"}," ఫ్రెండ్స్ విలీనం చేయబడ్డారు"],"few":[{"t":"idOrVar","v":"numDups"}," ఫ్రెండ్స్ విలీనం చేయబడ్డారు"],"many":[{"t":"idOrVar","v":"numDups"}," ఫ్రెండ్స్ విలీనం చేయబడ్డారు"],"other":[{"t":"idOrVar","v":"numDups"}," ఫ్రెండ్స్ విలీనం చేయబడ్డారు"]},"$x":[{"t":"idOrVar","v":"plural"},"numDups"]},{"$i":"notificationLogin","$v":"మీ ఫేస్‌బుక్ సెషన్ చెల్లదు. దయచేసి సైన్ ఇన్ చేయండి."},{"$i":"syncError","$v":"మీ ఫ్రెండ్ డేటాను సింక్ చేయడంలో  లోపం ఏర్పడింది"},{"$i":"progressFB3liveTitle","$v":"అవుట్‌లుక్ నుండి పరిచయాలను దిగుమతి చేస్తోంది..."},{"$i":"progressFB3gmailTitle","$v":"జిమెయిల్ నుండి పరిచయాలను దిగుమతి చేస్తోంది..."},{"$i":"tcl-calllog-entry-removed-succ-notification","$v":"కాల్ వివరాల ఎంట్రీ తీసివేయబడింది"},{"$i":"tcl-calllog-entry-removed-err-notification","$v":"కాల్ వివరాల ఎంట్రీని తీసివేయలేరు"},{"$i":"addNewNumber","$v":"కొత్త నంబర్‌ను జోడించు"},{"$i":"contactDetails","$v":"పరిచయ వివరాలు"},{"$i":"addToExistingContact","$v":"ప్రస్తుత పరిచయానికి జోడించు"},{"$i":"all","$v":"అన్నీ","ariaLabel":"అన్నీ"},{"$i":"bluetoothOption","ariaLabel":"బ్లూటూత్"},{"$i":"callLog","$v":"కాల్ వివరాలు"},{"$i":"callLogEdit","title":"కాల్ వివరాలను సవరించు"},{"$i":"tcl-option-menu-call-log-edit","$v":"కాల్ వివరాలను సవరించు"},{"$i":"callLogEditDialog","ariaLabel":"కాల్ వివరాల డైలాగ్‌ను సవరించు"},{"$i":"tcl-call-log-delete-group-notification","$v":[{"t":"idOrVar","v":"n"}," ఎంట్రీలు తొలగించబడ్డాయి"]},{"$i":"connecting","$v":"కనెక్ట్ చేస్తోంది"},{"$i":"connectingEllipsis","$v":"కనెక్ట్ చేస్తోంది..."},{"$i":"call-forwarding-async","$v":["అసింక్రోనస్:",{"t":"idOrVar","v":"async"}]},{"$i":"call-forwarding-data","$v":["డేటా: ",{"t":"idOrVar","v":"data"}]},{"$i":"call-forwarding-error","$v":"కాల్ ఫార్వార్డింగ్ స్థితిని తిరిగి పొందుతున్నప్పుడు లోపం ఏర్పడింది"},{"$i":"call-forwarding-fax","$v":["FAX: ",{"t":"idOrVar","v":"fax"}]},{"$i":"call-forwarding-inactive","$v":"నిష్క్రియంగా ఉంది"},{"$i":"call-forwarding-packet","$v":["ప్యాకెట్: ",{"t":"idOrVar","v":"packet"}]},{"$i":"call-forwarding-pad","$v":["PAD: ",{"t":"idOrVar","v":"pad"}]},{"$i":"call-forwarding-sms","$v":["SMS: ",{"t":"idOrVar","v":"sms"}]},{"$i":"call-forwarding-status","$v":"కాల్ ఫార్వార్డింగ్ స్థితి"},{"$i":"call-forwarding-sync","$v":["సింక్రోనస్: ",{"t":"idOrVar","v":"sync"}]},{"$i":"call-forwarding-voice","$v":["వాయిస్: ",{"t":"idOrVar","v":"voice"}]},{"$i":"confirm-deletion","$v":"ఎంచుకున్న కాల్‌లను క్లియర్ చేయాలా?"},{"$i":"createNewContact","$v":"కొత్త పరిచయాన్ని సృష్టించు"},{"$i":"calllog-deselectAll","$v":"అన్నీ ఎంపికలను తీసివేయి"},{"$i":"dialerAddContact","ariaLabel":"పరిచయాన్ని జోడించు"},{"$i":"dialerAddContactDialog","ariaLabel":"పరిచయ డైలాగ్‌ను జోడించు"},{"$i":"callInformation","$v":"కాల్ సమాచారం"},{"$i":"edit-selected","$v":{"one":["(",{"t":"idOrVar","v":"n"},") ఎంచుకోబడింది"],"two":["(",{"t":"idOrVar","v":"n"},") ఎంచుకోబడింది"],"few":["(",{"t":"idOrVar","v":"n"},") ఎంచుకోబడింది"],"many":["(",{"t":"idOrVar","v":"n"},") ఎంచుకోబడింది"],"other":["(",{"t":"idOrVar","v":"n"},") ఎంచుకోబడింది"]},"$x":[{"t":"idOrVar","v":"plural"},"n"]},{"$i":"tcl-edit-not-selected","$v":"(0) ఎంచుకోబడింది"},{"$i":"hideKeypad","ariaLabel":"కీప్యాడ్‌ను దాచు"},{"$i":"ignore","$v":"కాల్‌ను విస్మరించు"},{"$i":"incoming","$v":"ఇన్‌కమింగ్"},{"$i":"keypad","ariaLabel":"కీప్యాడ్"},{"$i":"info-missed","$v":"మిస్‌‌డ్"},{"$i":"missed","$v":"మిస్‌‌డ్","ariaLabel":"మిస్‌‌డ్"},{"$i":"dialed","$v":"డయల్ చేయబడింది"},{"$i":"received","$v":"స్వీకరించబడినది"},{"$i":"canceled","$v":"రద్దు చేయబడింది"},{"$i":"missedCall","$v":"మిస్‌‌డ్ కాల్"},{"$i":"missedCallMultiSims","$v":["(సిమ్ ",{"t":"idOrVar","v":"n"},") మిస్‌డ్ కాల్"]},{"$i":"mmi-error","$v":"సందేశాన్ని పంపుతున్నప్పుడు లోపం ఏర్పడింది"},{"$i":"mmi-session-expired","$v":"సెషన్ గడువు ముగిసింది"},{"$i":"mmi-successfully-sent","$v":"సందేశం విజయవంతంగా పంపబడింది"},{"$i":"mmi-notification-title-with-sim","$v":["(",{"t":"idOrVar","v":"sim"},") ",{"t":"idOrVar","v":"title"}]},{"$i":"mute","ariaLabel":"మ్యూట్"},{"$i":"newCall","ariaLabel":"కొత్త కాల్"},{"$i":"no-logs-msg-1","$v":"కాల్‌లు ఏవీ రికార్డ్ చేయలేదు"},{"$i":"no-logs-msg-2","$v":"ఇప్పుడే కమ్యూనికేట్ చేయడం ప్రారంభించు"},{"$i":"no-logs-msg-3","$v":"కాల్‌లు ఏవీ రికార్డ్ చేయలేదు"},{"$i":"no-logs-msg-4","$v":"ఇప్పుడే కమ్యూనికేట్ చేయడం ప్రారంభించు"},{"$i":"onHoldOption","ariaLabel":"హోల్డ్ లో ఉంది"},{"$i":"outgoing","$v":"అవుట్‌గోయింగ్"},{"$i":"recents","ariaLabel":"ఇటీవలి కాల్‌లు"},{"$i":"reply","$v":"జవాబు ఇవ్వు"},{"$i":"calllog-selectAll","$v":"అన్నీ ఎంచుకోండి"},{"$i":"send","$v":"పంపు"},{"$i":"switch-calls","$v":"కాల్‌లు మార్చు"},{"$i":"withheld-number","$v":"తెలియని"},{"$i":"from-contact","$v":[{"t":"idOrVar","v":"contact"}," నుండి"]},{"$i":"from-number","$v":[{"t":"idOrVar","v":"number"}," నుండి"]},{"$i":"from-withheld-number","$v":"తెలియని నంబర్ నుండి"},{"$i":"sending","$v":"పంపుతోంది..."},{"$i":"speakerOption","ariaLabel":"స్పీకర్"},{"$i":"ussd-services","$v":[{"t":"idOrVar","v":"operator"}," సేవలు"]},{"$i":"toggleKeypad","ariaLabel":"టాగిల్ కీప్యాడ్"},{"$i":"type-your-response","placeholder":"మీ ప్రతిస్పందనను టైప్ చేయండి..."},{"$i":"clear-all-text","$v":"మొత్తం టెక్స్ట్‌ను క్లియర్ చేయి"},{"$i":"hide","$v":"దాచు"},{"$i":"call","$v":"కాల్"},{"$i":"hold","ariaLabel":"హోల్డ్"},{"$i":"resume","$v":"పునరుద్ధరించు","ariaLabel":"పునరుద్ధరించు"},{"$i":"sendSms","$v":"సందేశం పంపు"},{"$i":"callEnded","$v":"కాల్ ముగిసింది"},{"$i":"via-sim","$v":["సిమ్",{"t":"idOrVar","v":"n"}," ద్వారా"]},{"$i":"sim-number","$v":["సిమ్",{"t":"idOrVar","v":"n"}]},{"$i":"unknown","$v":"తెలియని"},{"$i":"hangup-a11y-button","ariaLabel":"డిస్‌కనెక్ట్ చేయి"},{"$i":"pickup-a11y-button","ariaLabel":"పికప్"},{"$i":"unlock-a11y-button","ariaLabel":"స్లయిడర్"},{"$i":"settings","$v":"సెట్టింగ్స్"},{"$i":"tcl-delete-log","$v":"మీరు కాల్ వివరాల నుండి ఎంచుకున్న ఎంట్రీలను తొలగించాలనుకుంటున్నారా?"},{"$i":"delete-n-log?","$v":{"zero":"ఏదీ ఎంచుకోలేదు","one":"ఎంచుకున్న లాగ్‌ను తొలగించాలా?","two":[{"t":"idOrVar","v":"n"}," లాగ్‌లను తొలగించాలా?"],"few":[{"t":"idOrVar","v":"n"}," లాగ్‌లను తొలగించాలా?"],"many":[{"t":"idOrVar","v":"n"}," లాగ్‌లను తొలగించాలా?"],"other":[{"t":"idOrVar","v":"n"}," లాగ్‌లను తొలగించాలా?"]},"$x":[{"t":"idOrVar","v":"plural"},"n"]},{"$i":"callDurationMinutes","$v":[{"t":"idOrVar","v":"m"},":",{"t":"idOrVar","v":"s"}]},{"$i":"callDurationHours","$v":[{"t":"idOrVar","v":"h"},":",{"t":"idOrVar","v":"m"},":",{"t":"idOrVar","v":"s"}]},{"$i":"callDurationTextFormatSeconds","$v":[{"t":"idOrVar","v":"s"}," సెకను"]},{"$i":"callDurationTextFormatMinutes","$v":[{"t":"idOrVar","v":"m"}," నిమిషం ",{"t":"idOrVar","v":"s"}," సెకను"]},{"$i":"callDurationTextFormatHours","$v":[{"t":"idOrVar","v":"h"}," గంట ",{"t":"idOrVar","v":"m"}," నిమిషం ",{"t":"idOrVar","v":"s"}," సెకను"]},{"$i":"suggestionMatches","$v":{"one":["\"",{"t":"idOrVar","v":"matchNumber"},"\" కొరకు ",{"t":"idOrVar","v":"n"}," మ్యాచ్"],"two":["\"",{"t":"idOrVar","v":"matchNumber"},"\" కొరకు ",{"t":"idOrVar","v":"n"}," మ్యాచ్‌లు"],"few":["\"",{"t":"idOrVar","v":"matchNumber"},"\" కొరకు ",{"t":"idOrVar","v":"n"}," మ్యాచ్‌లు"],"many":["\"",{"t":"idOrVar","v":"matchNumber"},"\" కొరకు ",{"t":"idOrVar","v":"n"}," మ్యాచ్‌లు"],"other":["\"",{"t":"idOrVar","v":"matchNumber"},"\" కొరకు ",{"t":"idOrVar","v":"n"}," మ్యాచ్‌లు"]},"$x":[{"t":"idOrVar","v":"plural"},"n"]},{"$i":"scCallBarring","$v":"కాల్ నిషేధం"},{"$i":"scCallForwarding","$v":"కాల్ ఫార్వార్డింగ్"},{"$i":"scClip","$v":"ఇన్‌కమింగ్ కాలర్ ID"},{"$i":"scClir","$v":"అవుట్‌గోయింగ్ కాలర్ ID"},{"$i":"scPwd","$v":"పాస్‌వర్డ్ మార్చు"},{"$i":"scCallWaiting","$v":"కాల్ వేచి ఉంది"},{"$i":"scPin","$v":"పిన్‌ మార్పు"},{"$i":"scPin2","$v":"పిన్2 మార్చు"},{"$i":"scPuk","$v":"పిన్‌ను అన్‌బ్లాక్ చేయి"},{"$i":"scPuk2","$v":"పిన్2ను అన్‌బ్లాక్ చేయి"},{"$i":"scImei","$v":"IMEI"},{"$i":"scMeid","$v":"MEID"},{"$i":"scUssd","$v":"USSD"},{"$i":"serviceClassVoice","$v":"వాయిస్"},{"$i":"serviceClassData","$v":"డేటా"},{"$i":"serviceClassFax","$v":"FAX"},{"$i":"serviceClassSms","$v":"SMS"},{"$i":"serviceClassDataSync","$v":"సింక్"},{"$i":"serviceClassDataAsync","$v":"అసింక్"},{"$i":"serviceClassPacket","$v":"ప్యాకెట్"},{"$i":"serviceClassPad","$v":"PAD"},{"$i":"smServiceEnabled","$v":"సర్వీస్ ప్రారంభించబడింది"},{"$i":"smServiceDisabled","$v":"సర్వీస్ నిలిపివేయబడింది"},{"$i":"smServiceRegistered","$v":"రిజిస్ట్రేషన్ విజయవంతమైంది"},{"$i":"smServiceErased","$v":"తొలగించడం విజయవంతమైంది"},{"$i":"smServiceInterrogated","$v":"అభ్యర్థన విజయవంతమైంది"},{"$i":"smServiceNotProvisioned","$v":"సర్వీస్ సదుపాయం లేదు"},{"$i":"smClirPermanent","$v":"మీరు కాలర్ ID సెట్టింగ్స్ ‌ను మార్చలేరు"},{"$i":"smClirDefaultOnNextCallOn","$v":"కాలర్ ID డీఫాల్ట్స్‌కు నియంత్రించబడింది. తదుపరి కాల్: బ్లాక్ చేయబడింది"},{"$i":"smClirDefaultOnNextCallOff","$v":"కాలర్ ID డీఫాల్ట్స్‌కు నియంత్రించబడింది. తదుపరి కాల్: బ్లాక్ చేయలేదు"},{"$i":"smClirDefaultOffNextCallOn","$v":"కాలర్ ID డీఫాల్ట్స్‌కు నియంత్రించబడలేదు. తదుపరి కాల్: బ్లాక్ చేయబడింది"},{"$i":"smClirDefaultOffNextCallOff","$v":"కాలర్ ID డీఫాల్ట్స్‌కు నియంత్రించబడలేదు. తదుపరి కాల్: బ్లాక్ చేయబడలేదు"},{"$i":"smServiceEnabledFor","$v":"వీటి కోసం సేవా ప్రారంభించబడింది:"},{"$i":"smPinChanged","$v":"పిన్ విజయవంతంగా మార్చబడింది"},{"$i":"smPinUnblocked","$v":"పిన్ విజయవంతంగా అన్‌బ్లాక్ చేయబడింది"},{"$i":"smPin2Changed","$v":"పిన్2 విజయవంతంగా మార్చబడింది"},{"$i":"smPin2Unblocked","$v":"పిన్2 విజయవంతంగా అన్‌బ్లాక్ చేయబడింది"},{"$i":"ServiceIsEnabled","$v":"సర్వీస్ ప్రారంభించబడింది"},{"$i":"ServiceIsDisabled","$v":"సర్వీస్ నిలిపివేయబడింది"},{"$i":"ServiceIsEnabledFor","$v":"దీని కోసం సేవా ప్రారంభించబడింది:"},{"$i":"emMmiError","$v":"కనెక్షన్ సమస్య లేదా చెల్లని MMI కోడ్"},{"$i":"emMmiErrorPasswordIncorrect","$v":"పాస్‌వర్డ్ తప్పు"},{"$i":"emMmiErrorNotSupported","$v":"చెల్లని లేదా సపోర్ట్ చేయని MMI కోడ్"},{"$i":"emMmiErrorInvalidAction","$v":"చెల్లని చర్య"},{"$i":"emMmiErrorInvalidScCode","$v":"చెల్లని సేవా కోడ్"},{"$i":"emMmiErrorBadPuk","$v":"మీరు టైప్ చేసిన PUK తప్పు"},{"$i":"emMmiErrorBadPin","$v":"మీరు నమోదు చేసిన పాత పిన్ తప్పు."},{"$i":"emMmiErrorNeedPuk2","$v":"సిమ్ కార్డ్‌ను అన్‌బ్లాక్ చేయడానికి PUK2ను టైప్ చేయండి"},{"$i":"emMmiErrorMismatchPin","$v":"మీరు టైప్ చేసిన పిన్‌లు సరిపోలి లేదు"},{"$i":"emMmiErrorInvalidPin","$v":"4 నుంచి 8 నంబర్లను కలిగి ఉన్న పిన్‌ను టైప్ చేయండి"},{"$i":"emMmiErrorNeedsPuk","$v":"మీ సిమ్ కార్డ్ PUK- లాక్ చేయబడింది"},{"$i":"emMmiErrorEnablePin","$v":"విజయవంతం కాలేదు. SIM/RUIM లాక్‌ను ప్రారంభించు"},{"$i":"emMmiErrorMmiFdn","$v":"ఫిక్స్డ్ డయలింగ్ నంబర్‌లకు మాత్రమే చర్య నియంత్రించబడుతుంది"},{"$i":"emMmiErrorStkCcUssdDial","$v":"USSD అభ్యర్థన డయల్ అభ్యర్థనకు సవరించబడింది"},{"$i":"emMmiErrorStkCcUssdSs","$v":"USSD అభ్యర్థన SS అభ్యర్థనకు సవరించబడింది"},{"$i":"emMmiErrorStkCcUssdUssd","$v":"USSD అభ్యర్థన కొత్త USSD అభ్యర్థనకు సవరించబడింది"},{"$i":"emMmiErrorStkCcSsDial","$v":"SS అభ్యర్థన డయల్ అభ్యర్థనకు సవరించబడింది"},{"$i":"emMmiErrorStkCcSsUssd","$v":"SS అభ్యర్థన USSD అభ్యర్థనకు సవరించబడింది"},{"$i":"emMmiErrorStkCcSsSs","$v":"SS అభ్యర్థన కొత్త SS అభ్యర్థనకు సవరించబడింది"},{"$i":"emMmiErrorPinPukAttempts","$v":{"one":[{"t":"idOrVar","v":"n"}," పునఃప్రయత్నం మాత్రమే మిగిలి ఉంది"],"two":[{"t":"idOrVar","v":"n"}," పునఃప్రయత్నాలు మిగిలి ఉన్నాయి"],"few":[{"t":"idOrVar","v":"n"}," పునఃప్రయత్నాలు మిగిలి ఉన్నాయి"],"many":[{"t":"idOrVar","v":"n"}," పునఃప్రయత్నాలు మిగిలి ఉన్నాయి"],"other":[{"t":"idOrVar","v":"n"}," పునఃప్రయత్నాలు మిగిలి ఉన్నాయి"]},"$x":[{"t":"idOrVar","v":"plural"},"n"]},{"$i":"emMmiErrorSimBlocked","$v":"గరిష్ట పునఃప్రయత్నాల సంఖ్యను చేరుకుంది. సిమ్ బ్లాక్ చేయబడింది"},{"$i":"RadioNotAvailable","$v":"రేడియో అందుబాటులో లేదు"},{"$i":"GenericFailure","$v":"సాధారణ వైఫల్యం"},{"$i":"PasswordIncorrect","$v":"పాస్‌వర్డ్ తప్పు"},{"$i":"SimPin2","$v":"సిమ్ పిన్2"},{"$i":"SimPuk2","$v":"సిమ్ PUK2"},{"$i":"RequestNotSupported","$v":"అభ్యర్థన సపోర్ట్ కావడం లేదు"},{"$i":"OpNotAllowedDuringVoiceCall","$v":"వాయిస్ కాల్ సమయంలో చర్య అనుమతించబడదు"},{"$i":"SmsSendFailRetry","$v":"SMS పంపడం విఫలమైంది మళ్లీ ప్రయత్నించండి"},{"$i":"SimAbsent","$v":"సిమ్ లేదు"},{"$i":"SubscriptionNotAvailable","$v":"సబ్‌స్క్రిప్షన్ అందుబాటులో లేదు"},{"$i":"ModeNotSupported","$v":"మోడ్‌కి సపోర్ట్ లేదు"},{"$i":"FdnCheckFailure","$v":"FDN చెక్  వైఫల్యం"},{"$i":"IllegalSimOrMe","$v":"చట్టవిరుద్ధ సిమ్ లేదా ME"},{"$i":"DialModifiedToUssd","$v":"డయల్ USSD కి సవరించబడింది"},{"$i":"DialModifiedToSs","$v":"డయల్ SS కి సవరించబడింది"},{"$i":"DialModifiedToDial","$v":"డయల్ డయల్‌కి సవరించబడింది"},{"$i":"UssdModifiedToDial","$v":"USSD డయల్‌కు సవరించబడింది"},{"$i":"UssdModifiedToSs","$v":"USSD SSకు సవరించబడింది"},{"$i":"UssdModifiedToUssd","$v":"USSD USSDకు సవరించబడింది"},{"$i":"SsModifiedToDial","$v":"SS డయల్‌కు సవరించబడింది"},{"$i":"SsModifiedToUssd","$v":"SS USSDకు సవరించబడింది"},{"$i":"SsModifiedToSs","$v":"SS SS కు సవరించబడింది"},{"$i":"SubscriptionNotSupported","$v":"సబ్‌స్క్రిప్షన్ సపోర్ట్ చేయడం లేదు"},{"$i":"InvalidParameter","$v":"చెల్లని ప్యారామీటర్"},{"$i":"RejectedByRemote","$v":"రిమోట్ ద్వారా తిరస్కరించబడింది"},{"$i":"conferenceCall","$v":["సమావేశం (",{"t":"idOrVar","v":"n"},")"]},{"$i":"caller-left-call","$v":[{"t":"idOrVar","v":"caller"}," కాల్‌‌ను వదిలిపెట్టారు."]},{"$i":"conferenceAddError","$v":"కాల్‌లను విలీనం చేయలేకపోయింది"},{"$i":"conferenceRemoveError","$v":"కాల్‌లను అన్‌మెర్జ్ చేయడం సాధ్యపడలేదు"},{"$i":"longDateFormat","$v":"%A, %b %e"},{"$i":"select-audio-sources","$v":"ఆడియో సోర్స్‌లను ఎంచుకోండి"},{"$i":"bluetooth-handsfree-device","$v":"బ్లూటూత్ హ్యాండ్స్‌ఫ్రీ పరికరం"},{"$i":"receiver","$v":"రిసీవర్"},{"$i":"speaker","$v":"స్పీకర్"},{"$i":"tcl-cancel","$v":"రద్దు చేయి"},{"$i":"tcl-dialer","$v":"డయలర్"},{"$i":"tcl-confirmation","$v":"నిర్ధారణ"},{"$i":"log-item","$v":"ఎంపికలు"},{"$i":"tcl-assign-speed-dial","$v":{"$o":["పరిచయం \"",{"t":"idOrVar","v":"speedDial"},"\" బటన్‌పై స్పీడ్ డయల్‌గా జోడించబడలేదు.<br><br>ఇప్పుడు కేటాయించాలా?"]}},{"$i":"tcl-assign","$v":"కేటాయించు"},{"$i":"select","$v":"ఎంచుకోండి"},{"$i":"view-all","$v":"అన్నీ వీక్షించండి"},{"$i":"search-results","$v":"శోధన ఫలితాలు"},{"$i":"no-recent-numbers","$v":"డయల్ చేయడానికి కాల్ లాగ్‌లో ఇటీవలి నంబర్స్ ఏవి  లేవు."},{"$i":"wifi-calling","$v":"WiFi కాలింగ్"},{"$i":"dialer-prompt","$v":"నంబర్ డయల్ చేయండి లేదా కాల్ చేయడానికి జోడించాల్సిన పరిచయాన్ని ఎంచుకోండి"},{"$i":"hours","$v":"గంటలు"},{"$i":"minutes","$v":"నిమిషాలు"},{"$i":"seconds","$v":"సెకనులు"},{"$i":"voicemailNoNumberTitle","$v":"వాయిస్‌మెయిల్ నంబర్ అందుబాటులో లేదు"},{"$i":"voicemailNoNumberText","$v":"వాయిస్‌మెయిల్‌కు కాల్ చేయలేకపోయింది. కాల్ చేయడానికి వాయిస్‌మెయిల్ నంబర్‌ను సెటప్ చేయండి."},{"$i":"voicemailNoNumberSettings","$v":"సెట్టింగ్స్"},{"$i":"voicemailNoNumberCancel","$v":"రద్దు చేయి"},{"$i":"phoneNumberInput","ariaLabel":"ఫోన్ నంబర్"},{"$i":"keypadDelete","ariaLabel":"తొలగించు"},{"$i":"voiceMailKey","ariaLabel":"వాయిస్‌మెయిల్"},{"$i":"asterisk","ariaLabel":"ఆస్ట్రిక్"},{"$i":"hashSign","ariaLabel":"చిహ్నం ఉంది"},{"$i":"loadingSimContacts","$v":"సిమ్ కార్డ్ పరిచయాలను లోడ్ చేస్తోంది…"},{"$i":"noContactsWereFound","$v":"పరిచయాలు ఏవీ కనబడలేదు"},{"$i":"noContactsFoundDialogOk","$v":"సరే"},{"$i":"emergencyNumber","$v":"అత్యవసర నంబర్"},{"$i":"callAirplaneModeMessage","$v":"ఫోన్ కాల్ చేయడానికి మీరు సెట్టింగ్స్ ‌లలోని ఎయిర్‌ప్లేన్ మోడ్‌ను నిలిపివేయాలి."},{"$i":"callAirplaneModeBtnOk","$v":"సరే"},{"$i":"callAirplaneModeTitle","$v":"ఎయిర్‌ప్లేన్ మోడ్ యాక్టివేట్ అయ్యింది"},{"$i":"numberIsBusyTitle","$v":"నంబర్ బిజీగా ఉంది"},{"$i":"numberIsBusyMessage","$v":"ప్రస్తుతం నంబర్ బిజీగా ఉంది. దయచేసి తర్వాత  మరలా ప్రయత్నించండి."},{"$i":"fdnIsActiveTitle","$v":"FDN సక్రియపరుచు"},{"$i":"fdnIsActiveMessage","$v":["FDN (ఫిక్స్డ్ డయలింగ్ నంబర్‌లు) యాక్టివేట్ అయ్యింది మరియు క్రింది నంబర్ మీ FDN లిస్టులో లేదు: ",{"t":"idOrVar","v":"number"}]},{"$i":"emergencyDialogBodyBadNumber","$v":"ఫోన్ కాల్ చేయడానికి, ఫోన్ తప్పనిసరిగా నెట్‌వర్క్‌కు కనెక్ట్ అయ్యి ఉండాలి."},{"$i":"emergencyDialogBodyDeviceNotAccepted","$v":"నెట్‌వర్క్ ద్వారా అత్యవసర కాల్‌లు అనుమతించబడవు."},{"$i":"emergencyDialogBtnOk","$v":"సరే"},{"$i":"emergencyDialogTitle","$v":"నెట్వర్క్ కనెక్షన్ లేదు"},{"$i":"invalidNumberToDialTitle","$v":"చెల్లని ఫోన్ నంబర్"},{"$i":"invalidNumberToDialMessage","$v":"మీరు కాల్ చేస్తున్న ఫోన్ నంబర్ సరైనది కాదు."},{"$i":"unableToCallTitle","$v":"ఇప్పుడు ఫోన్ కాల్ చేయలేకపోయింది"},{"$i":"unableToCallMessage","$v":"కాల్ చేయలేరు. మీరు ఇప్పటికే డయల్ చేస్తున్నట్లయితే దయచేసి ముందుగా దాన్ని ఆపివేయండి."},{"$i":"otherConnectionInUseTitle","$v":"ఇతర కనెక్షన్ వినియోగంలో ఉంది"},{"$i":"otherConnectionInUseMessage","$v":"మరొక కనెక్షన్‌లో మీకు కాల్ సక్రియంగా ఉంది. మీరు ఒక సమయంలో కేవలం ఒక కనెక్షన్‌ను ఉపయోగించవచ్చు."},{"$i":"tcl-call-log","$v":"కాల్ వివరాలు"},{"$i":"tcl-contacts","$v":"పరిచయాలు"},{"$i":"tcl-call","$v":"కాల్"},{"$i":"tcl-add-contact","$v":"ప్రస్తుత పరిచయానికి జోడించు"},{"$i":"tcl-create-contact","$v":"కొత్త పరిచయాన్ని సృష్టించు"},{"$i":"tcl-add-speed-dial","$v":"స్పీడ్ డయల్‌కి జోడించు"},{"$i":"sim-with-index-and-carrier","$v":["SIM ",{"t":"idOrVar","v":"index"}," - ",{"t":"idOrVar","v":"carrier"}]},{"$i":"sim-without-carrier","$v":["SIM ",{"t":"idOrVar","v":"index"}]}]