[{"$i":"confirmMsg","$v":[{"t":"idOrVar","v":"deviceId"}," आ नोंथांनि जगाजगफोर आरो कल जारिमिनखौ नायनो नागिरदों, गनायनो ना?"]},{"$i":"responseMsg","$v":[{"t":"idOrVar","v":"deviceId"}," -नि थाखाय कि"]},{"$i":"confirmTitle","$v":"जानबुं बिजाब लामानि आर'ज"},{"$i":"responseTitle","$v":"ब्लुटुथ सेसन कि नांगौ"},{"$i":"initialValue","$v":"सेसन किखौ सो"},{"$i":"gaia-menu-cancel","$v":"दान"},{"$i":"gaia-sim-picker-dial-via-with-number","$v":[{"t":"idOrVar","v":"phoneNumber"}," जों डाइल खालाम"]},{"$i":"gaia-sim-picker-select-sim","$v":"SIM खौ चेलेक खालाम"},{"$i":"gaia-sim-picker-button","$v":["SIM",{"t":"idOrVar","v":"n"}]},{"$i":"gaia-sim-picker-button-default","$v":"(डिफल्ट)"},{"$i":"softkey-options","$v":"राहाफोर"},{"$i":"details","countcall":"कल खालाम"},{"$i":"edit","$v":"इडिट खालाम"},{"$i":"cancel","$v":"दान"},{"$i":"done","$v":"मावफुंबाय"},{"$i":"ok","$v":"जागोन"},{"$i":"update","$v":"फोजौनाय"},{"$i":"retry","$v":"नाजाफिन"},{"$i":"view","$v":"नाय"},{"$i":"search","$v":"नागिर"},{"$i":"contacts","$v":"जगाजगफोर"},{"$i":"addContact","$v":"जगाजग सरजाब"},{"$i":"deleteContact","$v":"जगाजगखौ दान"},{"$i":"selectContact","$v":"कनटेक्ट सायख'"},{"$i":"selectAll","$v":"गासैखौबो सायख'"},{"$i":"deselect","$v":"सायख'नाङा"},{"$i":"deselectAll","$v":"गासैखौबो सायख'नाङा"},{"$i":"editContact","$v":"जगाजग इडिट खालाम"},{"$i":"deleteConfirmMsg","$v":"जगाजगखौ दान ?"},{"$i":"remove","$v":"बोखार"},{"$i":"delete","$v":"दान"},{"$i":"comments","$v":"कमेन्टफोर"},{"$i":"no_contact_phones","$v":"बे जगाजगनियाव मोनसे फन नम्बर गैया"},{"$i":"no_contact_email","$v":"बे जगाजगनियाव जेबो इमैल थं गैया"},{"$i":"no_contact_data","$v":"बे जगाजगनियाव मोनसे फन नम्बर आरो इमैल थं गैया"},{"$i":"removePhotoConfirm","$v":"जगाजग सावगारिखौ बोखार ?"},{"$i":"loadingContacts","$v":"जगाज'गफोरा बजाय होगासिनो"},{"$i":"noContactsActivity2","$v":"नोंथांनि जगाज'ग फारिलायाव जगाज'गफोर गैया"},{"$i":"noName","$v":"मुं गैया"},{"$i":"givenName","$v":"गिबि मुं"},{"$i":"familyName","$v":"जोबथा मुं"},{"$i":"tel","$v":"पन"},{"$i":"carrier","$v":"केरियार","placeholder":"केरियार"},{"$i":"separator","$v":","},{"$i":"email","$v":"इमैल"},{"$i":"streetAddress","$v":"लामा"},{"$i":"postalCode","$v":"जिप कड"},{"$i":"locality","$v":"नोगोर"},{"$i":"countryName","$v":"हादर"},{"$i":"comment","$v":"कमेन्ट"},{"$i":"org","$v":"कम्पानि"},{"$i":"date","$v":"खालार","placeholder":"खालार"},{"$i":"date-span-placeholder","$v":"खालार"},{"$i":"birthday","$v":"जोनोम सान"},{"$i":"dateFormat","$v":"%b %e"},{"$i":"dateOutput","$v":[{"t":"idOrVar","v":"dayMonthFormatted"}," ",{"t":"idOrVar","v":"year"}]},{"$i":"anniversary","$v":"माइथायारि फालिथाइ"},{"$i":"addPhoto","$v":"सावगारि दाजाब"},{"$i":"addPhone","$v":"फन दाजाब"},{"$i":"addEmail","$v":"इमेइल दाजाब"},{"$i":"addAddress","$v":"थं दाजाब"},{"$i":"addDate","$v":"अक्त दाजाब"},{"$i":"addComment","$v":"नटखौ दाजाबदेर"},{"$i":"addFavorite","$v":"फेभरेट दाजाब"},{"$i":"removeFavorite","$v":"मोजांमोनसिननाय बादियै बोखार"},{"$i":"addButton","ariaLabel":"सरजाब"},{"$i":"editButton","ariaLabel":"इडिट खालाम"},{"$i":"settingsButton","ariaLabel":"चेटिंफोर"},{"$i":"phoneDetail","ariaLabel":"पन"},{"$i":"emailDetail","ariaLabel":"इमैल"},{"$i":"addressDetail","ariaLabel":"थं"},{"$i":"dateDetail","ariaLabel":"खालार"},{"$i":"composeEmail","ariaLabel":"इमैल"},{"$i":"makeCall","ariaLabel":"कल खालाम"},{"$i":"phones","ariaLabel":"जानबुंफोर"},{"$i":"emails","ariaLabel":"इमेइलफोर"},{"$i":"addresses","ariaLabel":"थंफोर"},{"$i":"dates","ariaLabel":"अक्त"},{"$i":"notes","ariaLabel":"सुंद’ फोरमायथिफोर"},{"$i":"exit","$v":"इकजिथ खालाम"},{"$i":"expand","$v":"फुवार"},{"$i":"labelName","$v":"मुं:"},{"$i":"labelLastName","$v":"जोबथा मुं:"},{"$i":"labelPhoneNumber","$v":"जानबुं अनजिमा:"},{"$i":"labelCarrier","$v":"केरियार:"},{"$i":"labelEmail","$v":"इमैल:"},{"$i":"labelStreet","$v":"लामा:"},{"$i":"labelZip","$v":"जिप कड:"},{"$i":"labelCity","$v":"नोगोर:"},{"$i":"labelCountry","$v":"हादर:"},{"$i":"labelComment","$v":"कमेन्ट:"},{"$i":"legendTitleMain","$v":"गाहाय खौरां"},{"$i":"legendPhones","$v":"जानबुं अनजिमाफोर"},{"$i":"legendEmail","$v":"इमेइल थं"},{"$i":"legendAddress","$v":"थं"},{"$i":"search-contact","placeholder":"नागिर"},{"$i":"noResults","$v":"जगाज'गफोर मोनाखै"},{"$i":"transferContactsTitle","$v":"कन्टेक्टफोरखौ दैथाय"},{"$i":"importContactsTitle","$v":"कनटेक्टफोर लाबो"},{"$i":"importContactsButton","$v":"कनटेक्टफोर लाबो"},{"$i":"exportContactsTitle","$v":"कनटेक्ट हरनाय"},{"$i":"exportContactsButton","$v":"कनटेक्ट हरनाय"},{"$i":"exportContactsAction","$v":"हरनाय"},{"$i":"simExport-title","$v":"सिमाव हरनाय"},{"$i":"memoryCardExport-title","$v":"मेमरि कार्डाव हरनाय"},{"$i":"btExport-title","$v":"ब्लुटुथजों हरनाय"},{"$i":"memoryCardUMSEnabled","$v":"USB स्टरेजा खामानि मावाखैखाय मेमरि कार्ड बाहायनो हाया"},{"$i":"exportErrorTitle","$v":"हरनायाव एरर"},{"$i":"contactsExported2","$v":{"zero":"गुबुनाव हरनो जगाज'गफोर गैया","one":[{"t":"idOrVar","v":"exported"},"/",{"t":"idOrVar","v":"total"}," जगाजगफोरखौ दैथाइहरबाय"],"two":[{"t":"idOrVar","v":"exported"},"/",{"t":"idOrVar","v":"total"}," जगाजगफोरखौ दैथाइहरबाय"],"few":[{"t":"idOrVar","v":"exported"},"/",{"t":"idOrVar","v":"total"}," जगाजगफोरखौ दैथाइहरबाय"],"many":[{"t":"idOrVar","v":"exported"},"/",{"t":"idOrVar","v":"total"}," जगाजगफोरखौ दैथाइहरबाय"],"other":[{"t":"idOrVar","v":"exported"},"/",{"t":"idOrVar","v":"total"}," जगाजगफोरखौ दैथाइहरबाय"]},"$x":[{"t":"idOrVar","v":"plural"},"exported"]},{"$i":"exportError-general","$v":"हरबाय थानायाव खायसे एरर नुजाबाय"},{"$i":"exportError-SD-shared","$v":"मेमरि कार्ड एकसेस खालामनो हाया मानोना बेयो सेयार खालामजादों"},{"$i":"exportError-SD-unavailable","$v":"लाखिथुमग्राया थोजासे नङा"},{"$i":"exportError-SD-noSpace","$v":"जगाजगफोरखौ हरनो थाखै मेमरि कार्दआव थोजासे जायगा गैया"},{"$i":"exportError-SIM-unavailable","$v":"SIM कार्डा गैला"},{"$i":"exportError-BT-shared","$v":"मेमरि कार्ड एकसेस खालामनो हाया मानोना बेयो सेयार खालामजादों"},{"$i":"exportError-BT-unavailable","$v":"लाखिथुमग्राया थोजासे नङा"},{"$i":"exportError-BT-noSpace","$v":"जगाजगफोरखौ हरनो थाखै मेमरि कार्दआव थोजासे जायगा गैया"},{"$i":"social-network","$v":"ससियेल नेटवर्कस"},{"$i":"social-link","$v":"जगाज'ग सोमोन्दो"},{"$i":"social-unlink","$v":"सोमोन्दो गैयै जगाजग"},{"$i":"social-unlink-confirm-title","$v":"नों नोंनि लोगोफोरखौ आनलाइक नागिरदों नामा ?"},{"$i":"social-unlink-confirm-accept","$v":"सोमोन्दो गैयै"},{"$i":"facebook-import","$v":"फेसबुक लोगोफोर लाबो"},{"$i":"show-fb-profile","$v":"फेसबुकनि प्रफाइलखौ दिन्थि"},{"$i":"msg-send","$v":"रादाब"},{"$i":"wall-post","$v":"वाल"},{"$i":"share-contact","$v":"सेयार कनटेक्ट"},{"$i":"facebook-export-forbidden","$v":"फेसबुक हेंथानि थाखै जगाजग रानलायनो हाया।"},{"$i":"otherAccount","$v":"गुबुन गुबुन सानरिखिफोर"},{"$i":"facebookSwitchMsg","$v":"लोगोसे मावनाय लोगोफोर"},{"$i":"select_mobile","$v":"मबाइल सायख'"},{"$i":"select_email","$v":"इमेइलखौ सायख'"},{"$i":"select_recipient","$v":"आजावग्रा सायख'"},{"$i":"sort-by-first-name","$v":"गिबि मुंनिफ्राय सर्ट खालाम"},{"$i":"sort-by-last-name","$v":"जोबथा मुंनिफ्राय सर्ट खालाम"},{"$i":"importSim2","$v":"SIM कार्ड"},{"$i":"importGmail","$v":"जिमेल"},{"$i":"bluetooth","$v":"ब्लुटुट"},{"$i":"importOutlook","$v":"बायजोनिफ्राय नोजोर"},{"$i":"fbUpdateFriends","$v":"फोदाननाय थिसनजानाय लोगोफोर"},{"$i":"cleaningFbData","$v":"फेसबुक डेताखौ बोखारगासिनो"},{"$i":"loggingOutFb","$v":"मोखां बिजाबनिफ्राय ओंखार"},{"$i":"cleanFbConfirmMsg","$v":"गासै फेसबुक डेताखौ बोखार ?"},{"$i":"renewPwdMsg","$v":"नोंथांनि फेसबुकनि पासवार्डआ सोलायबाय। अननानै बेखौ फोदान।"},{"$i":"notEnabledYet","$v":"दासिमबो ओंथिगोनां जायाखै"},{"$i":"genericNoConnection","$v":"थंफोरखौ लाबोनो मोनसे मेमरि कार्ड सो।"},{"$i":"bluetoothNoConnection","$v":"जगाजगफोरखौ दैथायहरनो थाखाय ब्लुटुथ डिभाइसजों फोनांजाब।"},{"$i":"simCard","$v":"SIM कार्ड"},{"$i":"memoryCard","$v":"लाखिथुमग्रा"},{"$i":"simNumberNoMSISDN","$v":["सिम ",{"t":"idOrVar","v":"number"},":"]},{"$i":"simNumberWithMSISDN","$v":["SIM ",{"t":"idOrVar","v":"number"},": ",{"t":"idOrVar","v":"msisdn"}]},{"$i":"ICEContactsGroup","$v":"ICE कनटेक्टफोर"},{"$i":"setICEButton","$v":"ICE कनटेक्टफोरखौ सेट खालाम"},{"$i":"ICESettingTitle","$v":"ICE कनटेक्टफोर"},{"$i":"ICEDescription","$v":"गोनांथारनि थाखाय कल हरनो  मोनबा जगाजगखौ दाजाबदेर।"},{"$i":"ICEContact1","$v":"ICE कनटेक्ट 1"},{"$i":"tcl-ice-contact-1-added","$v":"ICE कनटेक्ट 1 दाजाबबाय"},{"$i":"ICESelectContact","$v":"ए कनटेक्टखौ सायख'"},{"$i":"ICEContact2","$v":"ICE कनटेक्ट 2"},{"$i":"tcl-ice-contact-2-added","$v":"ICE कनटेक्ट 2 दाजाबबाय"},{"$i":"ICERepeatedContact","$v":"बे जगाजगा सिगांनिफ्रायनो मोनसे थाखानाय ICE जगाजग"},{"$i":"ICEUnknownError","$v":"जगाजगफोरखौ ICE नि महराव सेत खालामनायाव गोबां गोरोन्थि दंमोन"},{"$i":"ICEContactNoNumber","$v":"बे जगाजगनियाव मोनसे फन नम्बर गैया"},{"$i":"ICEFacebookContactNotAllowed","$v":"फेसबुक कनटेक्टखौ ICE कनटेक्ट महरै सेट खालामनो हाया"},{"$i":"ICEContactDelTel","$v":"ICE कनटेक्टनिफ्राय खोमोरनाय फन नाम्बारफोरखौ बोखारनाय जादों"},{"$i":"ICEContactDelTelAll","$v":"गासै नाम्बारफोरखौ खोमोरनाय जाबाय बे कनटेक्टखौ ICE कनटेक्टनिफ्राय खोमोरनाय जाबाय।"},{"$i":"delete-ice-contact-warning","$v":"मा नों थारैनो ICE कनटेक्टफोरखौ खोमोरनो नागिरदों  ?"},{"$i":"add","$v":"सरजाब"},{"$i":"no-contacts","$v":"जगाज'ग गैया"},{"$i":"start-adding","$v":"जगाजगफोरखौ सरजाबनायनि थाखाय गोदान जगाजगखौ थु।"},{"$i":"notImported","$v":"थिसन्नाखै"},{"$i":"imported","$v":"लाबोबाय"},{"$i":"today","$v":"दिनै"},{"$i":"yesterday","$v":"मैया"},{"$i":"messageCanceling","$v":"अननानै हमनानै ला। जों सोलिबाय थानाय अफारेसनखौ दानफिनगासिनो।"},{"$i":"organise-contacts","$v":"गौथुमारि जगाज'ग"},{"$i":"find-merge-contacts","$v":"नखल कनटेक्टफोरखौ नागिर"},{"$i":"preparing-contacts","$v":"जगाजगफोरखौ थियारि खालामगासिनो"},{"$i":"exportError-SIM-NoFreeRecordFound","$v":"SIM कार्डा आबुं"},{"$i":"exportError-SIM-CannotAccessPhoneBook","$v":"सिम कार्डनि फन बुकखौ नायनो हाया"},{"$i":"exportError-SIM-Unavailable","$v":"सिम नागिरना मोनाखै"},{"$i":"exportError-SIM-GenericError","$v":"मोनसे कनटेक्ट खालामबाय थानायाव जेंना नुजाबाय"},{"$i":"noSimMsgExport","$v":"कन्टेक्टफोरखौ दैथायनो सिम कार्डखौ सो नङाब्ला बख"},{"$i":"noMemoryCardMsgExport","$v":"कन्टेक्टफोरखौ दैथायनो मेमरि कार्ड सो"},{"$i":"ContactManagementTitle","$v":"कनटेक्ट मेनेजमेन्ट"},{"$i":"DeleteTitle","$v":"दान"},{"$i":"bulkDeleteButton","$v":"जगाजगफोरखौ दान"},{"$i":"BulkDelCancel","$v":"जगाजगफोरखौ दानगारनाया फेलें जाबाय"},{"$i":"DeletedTxt","$v":{"zero":"दान्नो थाखाय जगाज'ग गैया","one":"1 कनटेक्ट हुगारजादों","two":[{"t":"idOrVar","v":"n"}," जगाजगफोरा बोखारजाबाय"],"few":[{"t":"idOrVar","v":"n"}," जगाजगफोरा बोखारजाबाय"],"many":[{"t":"idOrVar","v":"n"}," जगाजगफोरा बोखारजाबाय"],"other":[{"t":"idOrVar","v":"n"}," जगाजगफोरा बोखारजाबाय"]},"$x":[{"t":"idOrVar","v":"plural"},"n"]},{"$i":"DeletingContacts","$v":"कनटेक्टफोरखौ खोमोरबाय थानाय जादों"},{"$i":"ContactConfirmDel","$v":{"zero":"दान्नो थाखाय जगाज'ग गैया","one":"मोन 1 जगाजगखौ दानगारनो? बेखौ बोखारजाया।","two":[{"t":"idOrVar","v":"n"}," जगाजगफोरखौ दानगारनो? बेखौ बोखारजाया।"],"few":[{"t":"idOrVar","v":"n"}," जगाजगफोरखौ दानगारनो? बेखौ बोखारजाया।"],"many":[{"t":"idOrVar","v":"n"}," जगाजगफोरखौ दानगारनो? बेखौ बोखारजाया।"],"other":[{"t":"idOrVar","v":"n"}," जगाजगफोरखौ दानगारनो? बेखौ बोखारजाया।"]},"$x":[{"t":"idOrVar","v":"plural"},"n"]},{"$i":"SelectedTxt","$v":{"zero":[{"t":"idOrVar","v":"n"}," सायखजाबाय"],"one":[{"t":"idOrVar","v":"n"}," सायखजाबाय"],"two":[{"t":"idOrVar","v":"n"}," सायखजाबाय"],"few":[{"t":"idOrVar","v":"n"}," सायखजाबाय"],"many":[{"t":"idOrVar","v":"n"}," सायखजाबाय"],"other":[{"t":"idOrVar","v":"n"}," सायखजाबाय"]},"$x":[{"t":"idOrVar","v":"plural"},"n"]},{"$i":"video","$v":"भिडिअ"},{"$i":"audio","$v":"अडिअ"},{"$i":"pick_destination","$v":[{"t":"idOrVar","v":"destination"}," ",{"t":"idOrVar","v":"carrier"}]},{"$i":"removeField","ariaLabel":"बोखार"},{"$i":"undo","ariaLabel":"आन्डु खालाम"},{"$i":"send-sms-button","ariaLabel":"SMS"},{"$i":"ice_contacts","$v":"ICE कनटेक्टफोर"},{"$i":"edit-picture","$v":"फटखौ इडिट खालाम"},{"$i":"remove-photo","$v":"सावगारि बोखार"},{"$i":"change-photo","$v":"फटखौ सोलाय"},{"$i":"photo-options","$v":"सावगारि सायखनायफोर"},{"$i":"tcl-all","$v":"गासैबो"},{"$i":"tcl-speed-dial","$v":"गोख्रै डाइल"},{"$i":"tcl-new-contact","$v":"गोदान जगाज'ग"},{"$i":"tcl-settings","$v":"चेटिंफोर"},{"$i":"tcl-save","$v":"चेब खालाम"},{"$i":"save","$v":"चेब खालाम"},{"$i":"tcl-add","$v":"सरजाब"},{"$i":"tcl-contact-add-ringtone","$v":"रिंतन दाजाब"},{"$i":"tcl-custom-dialog-title-default","$v":"थि मिथिथाइ"},{"$i":"confirm-dialog-title-default","$v":"थि मिथिथाइ"},{"$i":"discard","$v":"खोमोर"},{"$i":"custom-tag-title","$v":"काष्टम टेग"},{"$i":"tcl-contact-added","$v":"कनटेक्ट दाजाब"},{"$i":"tcl-contact-updated","$v":"कनटेक्ट डिटेइलस आपडेट खालामबाय"},{"$i":"tcl-contact-removed","$v":"कनटेक्ट खोमोरबाय"},{"$i":"tcl-contact-unremoved","$v":"बोखारनो हायाखै"},{"$i":"edit-phone-type","$v":"फन टाइपखौ इडिट खालाम"},{"$i":"edit-email-type","$v":"इमेइल टाइपखौ इडिट खालाम"},{"$i":"edit-address-type","$v":"थं टाइपखौ इडिट खालाम"},{"$i":"edit-date-type","$v":"अक्ट टाइपखौ इडिट खालाम"},{"$i":"tcl-select-phone-type","$v":"फन रोखोमखौ सायख'"},{"$i":"tcl-select-email-type","$v":"इमेइल रोखोमखौ सायख'"},{"$i":"tcl-select-address-type","$v":"एडड्रेस रोखोमखौ सायख'"},{"$i":"tcl-select-date-type","$v":"अक्ट रोखोमखौ सायख'"},{"$i":"add-phone","$v":"फन नामबार दाजाब"},{"$i":"add-email","$v":"इमेइल दाजाब"},{"$i":"add-address","$v":"थं दाजाब"},{"$i":"add-date","$v":"अक्त दाजाब"},{"$i":"add-phone-type","$v":"जानबुंनि रोखोम"},{"$i":"add-email-type","$v":"इमेइल टाइप"},{"$i":"add-address-type","$v":"थं रोखोम"},{"$i":"add-date-type","$v":"अक्त रोखोम"},{"$i":"delete-phone","$v":"फन नाम्बारखौ खोमोर"},{"$i":"delete-email","$v":"इमेइलखौ खोमोर"},{"$i":"delete-address","$v":"थंखौ खोमोर"},{"$i":"delete-date","$v":"अक्तखौ खोमोर"},{"$i":"delete-note","$v":"नटखौ खोमोर"},{"$i":"delete-comment-warning","$v":"मा नों थारैनो नटखौ खोमोरनो नागिरदों ?"},{"$i":"tcl-deleting-messages-phone","$v":["मा नों थारैनो फनखौ खोमोनरनो नागिरदों “",{"t":"idOrVar","v":"type_name"},"\" ?"]},{"$i":"tcl-deleting-messages-email","$v":["मा नों थारैनो इमेइलखौ खोमोनरनो नागिरदों “",{"t":"idOrVar","v":"type_name"},"\" ?"]},{"$i":"tcl-deleting-messages-address","$v":["मा नों थारैनो थंखौ खोमोरनो नागिरदों “",{"t":"idOrVar","v":"type_name"},"\" ?"]},{"$i":"tcl-deleting-messages-date","$v":"मा नों थारैनो अक्तखौ खोमोरनो नागिरदों ?"},{"$i":"deleting-message-warning","$v":["मा नों थारैनो \"",{"t":"idOrVar","v":"type_name"},"\" खौ खोमोरनो नागिरदों ?"]},{"$i":"tcl-deleting-messages-comment","$v":"मा नों थारैनो कमेन्टफोरखौ खोमोरनो नागिरदों ?"},{"$i":"delecting-messages-contact","$v":["मा नों थारैनो कनटेक्ट \"",{"t":"idOrVar","v":"type_name"},"\" खौ खोमोरनो नागिरदों ?"]},{"$i":"delecting-this-contact","$v":"बे कनटेक्टखौ खोमोर ?"},{"$i":"deleting-messages-ringtone","$v":"मा नों थारैनो रिंटनखौ खोमोरनो नागिरदों ?"},{"$i":"deleting-messages-picture","$v":"नों थारैनो फटखौ बोखारनो नागिरदों ?"},{"$i":"tcl-deleting-notification-ringtone","$v":"रिंटना दानजाबाय"},{"$i":"tcl-deleting-notification-comment","$v":"कमेन्ट खोमोर"},{"$i":"note","$v":"सुंद’ फोरमायथि"},{"$i":"address","$v":"थं"},{"$i":"tcl-noContacts","$v":"कनटेक्ट फारिलाइया लांदांखाय एड कनटेक्ट खालामनो हाया"},{"$i":"tcl-noContacts-no-email","$v":"इमेइलजों कनटेक्ट गैयिखाय एड कनटेक्ट खालामनो हाया"},{"$i":"tcl-noContacts-no-tel","$v":"फन नाम्बारजों कनटेक्ट गैयिखाय एड कनटेक्ट खालामनो हाया"},{"$i":"tcl-noContactsTitle","$v":"जगाज'ग गैया"},{"$i":"tcl-change-voice-mail","$v":"भिस मेइल नाम्बारखौ सोलाय"},{"$i":"tcl-replace","$v":"जायगा सोलाइ"},{"$i":"tcl-remove-speed-dial","$v":"गोख्रै बुनायनिफ्राय बोखार"},{"$i":"tcl-notification-speed-dial-added","$v":"स्पिड डाइल नाम्बार दाजाब"},{"$i":"tcl-notification-speed-dial-removed","$v":"स्पिड डाइल नाम्बार बोशार"},{"$i":"tcl-notification-speed-dial-updated","$v":"स्पिड डाइल नाम्बार आपडेट खालाम"},{"$i":"tcl-notification-voice-mail-updated","$v":"भइस मेल अनजिमाया फोदानजाबाय"},{"$i":"tcl-notification-contact-assigned","$v":"स्पिड डाइलाव कनटेक्ट दाजाब"},{"$i":"empty","$v":"खालि"},{"$i":"tcl-voice-mail","$v":"भइस मेल"},{"$i":"contact-confirm-save","$v":"जगाजगनि मिथिथाइफोरा दानजासिगोन। नोंथाङा बे जगाजगाव सेफ खालामनो लुबैयो नामा?"},{"$i":"contact-confirm-form-save","$v":"सोलायनायफोरखौ नागारनाय जागोन नों बे कनटेक्टखौ सेभ खालामगोन ना ?"},{"$i":"tcl-yes","$v":"औ"},{"$i":"tcl-no","$v":"ओहो"},{"$i":"tcl-default-ringtone","$v":"थाखानाय रिंटन"},{"$i":"tcl-add-ringtone","$v":"रिंटनफोर"},{"$i":"tcl-ringtone","$v":"रिंटन"},{"$i":"change-ringtone","$v":"रिंटनखौ सोलाय"},{"$i":"delete-ringtone","$v":"रिंटनखौ खोमोर"},{"$i":"tcl-settings-title","$v":"कनटेक्ट सेटिंस"},{"$i":"settings-sort-contacts-title","$v":"सर्ट कनटेक्टस"},{"$i":"tcl-oder-notification","$v":"सोलायनायखौ सेभ खालामबाय"},{"$i":"changes-saved-notification","$v":"सोलायनाया सेफ जाबाय।"},{"$i":"tcl-imported-status","$v":["लाबोनाय ",{"t":"idOrVar","v":"n"}," कनटेक्टफोर ",{"t":"idOrVar","v":"numDups"}," कनटेक्ट मार्ज खालामबाय"]},{"$i":"tcl-on","$v":"अन"},{"$i":"tcl-off","$v":"अफ खालाम"},{"$i":"on","$v":"अन"},{"$i":"off","$v":"अफ खालाम"},{"$i":"tcl-contact-empty-number","$v":"फन नाम्बार लांदां"},{"$i":"contact-no-dial-number","$v":"बुनो जानबुं अनजिमा।"},{"$i":"tcl-select-number","$v":"नाम्बार सायख'"},{"$i":"tcl-select-email","$v":"इमेइलखौ सायख'"},{"$i":"select-email","$v":"इमेइलखौ सायख'"},{"$i":"tcl-send-message","$v":"मेसेज दैथाय"},{"$i":"send-email","$v":"इमेइल दैथाय"},{"$i":"tcl-share","$v":"चेयार खालाम"},{"$i":"tcl-find-duplicate","$v":"नखल कनटेक्टफोरखौ नागिर"},{"$i":"tcl-add-favorite","$v":"फेभरेट दाजाब"},{"$i":"tcl-remove-favorite","$v":"मोजां मोनि"},{"$i":"tcl-link-social-networks","$v":"समाजारि जेखनजों सोमोन्दो गोनां"},{"$i":"tcl-delete","$v":"दान"},{"$i":"tcl-detail-send-sms","$v":"गोदान SMS"},{"$i":"tcl-detail-call","$v":"कल खालाम"},{"$i":"tcl-detail-send-email","$v":"सुजु"},{"$i":"sms","$v":"रादाब"},{"$i":"tcl-search-contact","$v":"नागिर"},{"$i":"tcl-number","$v":["अनजिमा ",{"t":"idOrVar","v":"number"}]},{"$i":"tcl-custom-dialog-replace-speed-dial","$v":["नोंथाङा थारैनो गोख्रै डाइल ",{"t":"idOrVar","v":"oldSpeedDial"}," खौ ",{"t":"idOrVar","v":"newSpeedDial"}," जों सोलायफिननो लुबैयो नामा?"]},{"$i":"custom-dialog-remove-speed-dial","$v":["नोंथाङा थारैनो गोख्रै डाइलनिफ्राय ",{"t":"idOrVar","v":"name"}," खौ दाननो लुबैयो नामा?"]},{"$i":"tcl-options","$v":"राहाफोर"},{"$i":"tcl-success-merged","$v":[{"t":"idOrVar","v":"number"}," जगाजग(-फोर) आ सरजाबजाबाय"]},{"$i":"tcl-contact-confirm-merge","$v":["मा नों थारैनो ",{"t":"idOrVar","v":"count"}," कनटेक्ट (फोर) खौ ",{"t":"idOrVar","v":"name"}," जों गोरोबहोनो नागिरदों ?"]},{"$i":"tcl-merge","$v":"रुगुं सिमा"},{"$i":"add-speed-dial-failed-title","$v":"स्पिड दाइल फेइल दाजाब"},{"$i":"add-speed-dial-failed-content","$v":[{"t":"idOrVar","v":"name"}," -आ गोख्रै डाइलआव दंखायो, अननानै गुबुन मोनसे जगाजगखौ बासि।"]},{"$i":"merge","$v":"रुगुं सिमा"},{"$i":"tcl-attention","$v":"सांग्रां जा"},{"$i":"attention","$v":"सांग्रां जा"},{"$i":"tcl-speed-dial-add-contact","$v":{"$o":"जेबो जगाजग गैया। <br><br> अन्नानै मोनसे जगाजग बानाय।"}},{"$i":"tcl-voice-mail-header","$v":"भइस मेल"},{"$i":"tcl-voice-mail-number","$v":"भइस मेल नामबार"},{"$i":"tcl-select-all","$v":"गासैखौबो सायख'"},{"$i":"tcl-deselect-all","$v":"गासैखौबो सायख'नाङा"},{"$i":"systemring","$v":"रिंटन"},{"$i":"moremusic","$v":"मिउजिक"},{"$i":"tcl-add-ringselect","$v":"निफ्राय सायख'"},{"$i":"type-select","$v":"सायख'"},{"$i":"dialnum-view","$v":"नाय"},{"$i":"select-a-contact-title","$v":"ए कनटेक्टखौ सायख'"},{"$i":"select-a-number-title","$v":"ए नाम्बारखौ सायख'"},{"$i":"invalid-vcf-file","$v":"खान्थि गैयै vcf पिल"},{"$i":"voiceMail","$v":"भइसमैल खालाम"},{"$i":"back","$v":"उनफिन"},{"$i":"noSimMsg","$v":"थफोरखौ लाबोनो थाखाय नोनि सिम कार्डखौ सोनागोन एबा बखनांगोन"},{"$i":"noMemoryCardMsg","$v":"थंफोरखौ लाबोनो मेमरि कार्ड सो।"},{"$i":"importMemoryCard","$v":"लाखिथुमग्रा"},{"$i":"noConnection11","$v":"फेसबुकनि लोगोफोरखौ लाबोनो एबा थंफोरनि थाखाय वाइफाइ एबा डाटा नेटवार्कजों फोनांजाब।"},{"$i":"emptyAccount","$v":"बे सानरिखियाव लोगोफोर एबा जगाज'गफोर मोनाखै"},{"$i":"simContacts-import","$v":"सिम कनटेक्टफोर लाबो"},{"$i":"simContacts-importing","$v":"सिम कार्डनिफ्राय कनटेक्टफोरखौ लाबोबाय थादों"},{"$i":"simContacts-reading","$v":"SIM कार्डनिफ्राय जगाजगफोरखौ फरायगासिनो..."},{"$i":"simContacts-error","$v":"SIM निफ्राय कन्टेकफोरखौ सोसननो हायाखै"},{"$i":"simContacts-imported3","$v":{"zero":"सोसननो थाखाय सिमाव जगाज'गफोर गैया","one":"मोनसे कनटेक्ट लाबोबाय","two":["लाबोनाय ",{"t":"idOrVar","v":"n"}," कनटेक्टफोर"],"few":["लाबोनाय ",{"t":"idOrVar","v":"n"}," कनटेक्टफोर"],"many":["लाबोनाय ",{"t":"idOrVar","v":"n"}," कनटेक्टफोर"],"other":["लाबोनाय ",{"t":"idOrVar","v":"n"}," कनटेक्टफोर"]},"$x":[{"t":"idOrVar","v":"plural"},"n"]},{"$i":"memoryCardContacts-import","$v":"मेमरि कार्डनिफ्राय कनटेक्टफोरखौ लाबो"},{"$i":"memoryCardContacts-importing","$v":"मेमरि कार्डनिफ्राय कनटेक्टफोरखौ लाबोबाय थादों …"},{"$i":"memoryCardContacts-reading","$v":"मेम’रि कार्डनिफ्राय जगाजगफोरखौ फरायगासिनो..."},{"$i":"memoryCardContacts-error","$v":"मेमरि कार्डनिफ्राय कनटेक्टफोरखौ लांनो हाया"},{"$i":"memoryCardContacts-imported3","$v":{"zero":"सोसननो थाखाय लाखिथुमग्रामाव जगाज'गफोर गैया","one":"मोनसे कनटेक्ट लाबोबाय","two":["लाबोनाय ",{"t":"idOrVar","v":"n"}," कनटेक्टफोर"],"few":["लाबोनाय ",{"t":"idOrVar","v":"n"}," कनटेक्टफोर"],"many":["लाबोनाय ",{"t":"idOrVar","v":"n"}," कनटेक्टफोर"],"other":["लाबोनाय ",{"t":"idOrVar","v":"n"}," कनटेक्टफोर"]},"$x":[{"t":"idOrVar","v":"plural"},"n"]},{"$i":"genericProgress","$v":[{"t":"idOrVar","v":"current"},"/",{"t":"idOrVar","v":"total"}]},{"$i":"facebook","$v":"फेसबुक"},{"$i":"facebook-import-msg2","$v":[{"t":"idOrVar","v":"imported"},"/",{"t":"idOrVar","v":"total"}," लोगोफोरा थिसनजाबाय"]},{"$i":"contactsMerged","$v":{"zero":"नंखायै जगाज'गफोर गोरोबाखैखै","one":"मोनसे नंखाय जगाज'गजों मिलायनाय","two":[{"t":"idOrVar","v":"numDups"}," जगाजगफोरखौ सरजाबजाबाय"],"few":[{"t":"idOrVar","v":"numDups"}," जगाजगफोरखौ सरजाबजाबाय"],"many":[{"t":"idOrVar","v":"numDups"}," जगाजगफोरखौ सरजाबजाबाय"],"other":[{"t":"idOrVar","v":"numDups"}," जगाजगफोरखौ सरजाबजाबाय"]},"$x":[{"t":"idOrVar","v":"plural"},"numDups"]},{"$i":"weekday-0-long","$v":"रुबिबार"},{"$i":"weekday-1-long","$v":"समबार"},{"$i":"weekday-2-long","$v":"मंगलबार"},{"$i":"weekday-3-long","$v":"बुधबार"},{"$i":"weekday-4-long","$v":"बिस्थिबार"},{"$i":"weekday-5-long","$v":"सक्रुबार"},{"$i":"weekday-6-long","$v":"सनिबार"},{"$i":"weekday-0-short","$v":"सान"},{"$i":"weekday-1-short","$v":"मन"},{"$i":"weekday-2-short","$v":"मंगल"},{"$i":"weekday-3-short","$v":"वेब"},{"$i":"weekday-4-short","$v":"टिएइचइउ"},{"$i":"weekday-5-short","$v":"फ्रि"},{"$i":"weekday-6-short","$v":"सेट"},{"$i":"month-0-long","$v":"जानुवारि"},{"$i":"month-1-long","$v":"फेब्रुवारि"},{"$i":"month-2-long","$v":"मार्च"},{"$i":"month-3-long","$v":"एप्रिल"},{"$i":"month-4-long","$v":"मे"},{"$i":"month-5-long","$v":"जुन"},{"$i":"month-6-long","$v":"जुलाइ"},{"$i":"month-7-long","$v":"आगष्ट"},{"$i":"month-8-long","$v":"सेप्तेम्बार"},{"$i":"month-9-long","$v":"अक्ट'बर"},{"$i":"month-10-long","$v":"नभेमबर"},{"$i":"month-11-long","$v":"दिसेम्बार"},{"$i":"month-0-genitive","$v":"जानुवारि"},{"$i":"month-1-genitive","$v":"फेब्रुवारि"},{"$i":"month-2-genitive","$v":"मार्च"},{"$i":"month-3-genitive","$v":"एप्रिल"},{"$i":"month-4-genitive","$v":"मे"},{"$i":"month-5-genitive","$v":"जुन"},{"$i":"month-6-genitive","$v":"जुलाइ"},{"$i":"month-7-genitive","$v":"आगष्ट"},{"$i":"month-8-genitive","$v":"सेप्तेम्बार"},{"$i":"month-9-genitive","$v":"अक्ट'बर"},{"$i":"month-10-genitive","$v":"नभेमबर"},{"$i":"month-11-genitive","$v":"दिसेम्बार"},{"$i":"month-0-short","$v":"जान"},{"$i":"month-1-short","$v":"फेब"},{"$i":"month-2-short","$v":"गाज्रि"},{"$i":"month-3-short","$v":"एप्रि"},{"$i":"month-4-short","$v":"मे"},{"$i":"month-5-short","$v":"जुन"},{"$i":"month-6-short","$v":"जुल"},{"$i":"month-7-short","$v":"आग"},{"$i":"month-8-short","$v":"सेप"},{"$i":"month-9-short","$v":"अक्ट'बर"},{"$i":"month-10-short","$v":"नभ"},{"$i":"month-11-short","$v":"दिस"},{"$i":"minutes-ago-long","$v":{"zero":"दाबावैसो","one":"से मिनिट सिगङाव","two":[{"t":"idOrVar","v":"value"}," मिनिट सिगां"],"few":[{"t":"idOrVar","v":"value"}," मिनिट सिगां"],"many":[{"t":"idOrVar","v":"value"}," मिनिट सिगां"],"other":[{"t":"idOrVar","v":"value"}," मिनिट सिगां"]},"$x":[{"t":"idOrVar","v":"plural"},"value"]},{"$i":"hours-ago-long","$v":{"zero":"दाबावैसो","one":"घन्टासे सिगाङाव","two":[{"t":"idOrVar","v":"value"}," घन्टा सिगां"],"few":[{"t":"idOrVar","v":"value"}," घन्टा सिगां"],"many":[{"t":"idOrVar","v":"value"}," घन्टा सिगां"],"other":[{"t":"idOrVar","v":"value"}," घन्टा सिगां"]},"$x":[{"t":"idOrVar","v":"plural"},"value"]},{"$i":"days-ago-long","$v":{"zero":"दिनै","one":"मैया","two":[{"t":"idOrVar","v":"value"}," सान सिगां"],"few":[{"t":"idOrVar","v":"value"}," सान सिगां"],"many":[{"t":"idOrVar","v":"value"}," सान सिगां"],"other":[{"t":"idOrVar","v":"value"}," सान सिगां"]},"$x":[{"t":"idOrVar","v":"plural"},"value"]},{"$i":"weeks-ago-long","$v":{"zero":"बे हबथा","one":"थांनाय हबथा","two":[{"t":"idOrVar","v":"value"}," हाबथा सिगां"],"few":[{"t":"idOrVar","v":"value"}," हाबथा सिगां"],"many":[{"t":"idOrVar","v":"value"}," हाबथा सिगां"],"other":[{"t":"idOrVar","v":"value"}," हाबथा सिगां"]},"$x":[{"t":"idOrVar","v":"plural"},"value"]},{"$i":"months-ago-long","$v":{"zero":"बे दान","one":"थांनाय दान","two":[{"t":"idOrVar","v":"value"}," दान सिगां"],"few":[{"t":"idOrVar","v":"value"}," दान सिगां"],"many":[{"t":"idOrVar","v":"value"}," दान सिगां"],"other":[{"t":"idOrVar","v":"value"}," दान सिगां"]},"$x":[{"t":"idOrVar","v":"plural"},"value"]},{"$i":"years-ago-long","$v":{"zero":"बे बोसोर","one":"थांनाय बोसोर","two":[{"t":"idOrVar","v":"value"}," बोसोर सिगां"],"few":[{"t":"idOrVar","v":"value"}," बोसोर सिगां"],"many":[{"t":"idOrVar","v":"value"}," बोसोर सिगां"],"other":[{"t":"idOrVar","v":"value"}," बोसोर सिगां"]},"$x":[{"t":"idOrVar","v":"plural"},"value"]},{"$i":"minutes-until-long","$v":{"zero":"दायो","one":"से मिनिटआव","two":[{"t":"idOrVar","v":"value"}," मिनिटआव"],"few":[{"t":"idOrVar","v":"value"}," मिनिटआव"],"many":[{"t":"idOrVar","v":"value"}," मिनिटआव"],"other":[{"t":"idOrVar","v":"value"}," मिनिटआव"]},"$x":[{"t":"idOrVar","v":"plural"},"value"]},{"$i":"hours-until-long","$v":{"zero":"दायो","one":"से घन्टायाव","two":[{"t":"idOrVar","v":"value"}," घन्टायाव"],"few":[{"t":"idOrVar","v":"value"}," घन्टायाव"],"many":[{"t":"idOrVar","v":"value"}," घन्टायाव"],"other":[{"t":"idOrVar","v":"value"}," घन्टायाव"]},"$x":[{"t":"idOrVar","v":"plural"},"value"]},{"$i":"days-until-long","$v":{"zero":"दिनै","one":"गाबोन","two":[{"t":"idOrVar","v":"value"}," सानफोराव"],"few":[{"t":"idOrVar","v":"value"}," सानफोराव"],"many":[{"t":"idOrVar","v":"value"}," सानफोराव"],"other":[{"t":"idOrVar","v":"value"}," सानफोराव"]},"$x":[{"t":"idOrVar","v":"plural"},"value"]},{"$i":"weeks-until-long","$v":{"zero":"बे हबथा","one":"फैगौ हबथा","two":[{"t":"idOrVar","v":"value"}," हबथाफोराव"],"few":[{"t":"idOrVar","v":"value"}," हबथाफोराव"],"many":[{"t":"idOrVar","v":"value"}," हबथाफोराव"],"other":[{"t":"idOrVar","v":"value"}," हबथाफोराव"]},"$x":[{"t":"idOrVar","v":"plural"},"value"]},{"$i":"months-until-long","$v":{"zero":"बे दान","one":"फैगौ दान","two":[{"t":"idOrVar","v":"value"}," दानफोराव"],"few":[{"t":"idOrVar","v":"value"}," दानफोराव"],"many":[{"t":"idOrVar","v":"value"}," दानफोराव"],"other":[{"t":"idOrVar","v":"value"}," दानफोराव"]},"$x":[{"t":"idOrVar","v":"plural"},"value"]},{"$i":"years-until-long","$v":{"zero":"बे बोसोर","one":"फैगौ बोसोर","two":[{"t":"idOrVar","v":"value"}," बोसोरफोराव"],"few":[{"t":"idOrVar","v":"value"}," बोसोरफोराव"],"many":[{"t":"idOrVar","v":"value"}," बोसोरफोराव"],"other":[{"t":"idOrVar","v":"value"}," बोसोरफोराव"]},"$x":[{"t":"idOrVar","v":"plural"},"value"]},{"$i":"minutes-ago-short","$v":{"zero":"दाबावैसो","other":[{"t":"idOrVar","v":"value"},"मिनिट सिगां"]},"$x":[{"t":"idOrVar","v":"plural"},"value"]},{"$i":"hours-ago-short","$v":{"zero":"दाबावैसो","other":[{"t":"idOrVar","v":"value"},"घन्टा सिगां"]},"$x":[{"t":"idOrVar","v":"plural"},"value"]},{"$i":"days-ago-short","$v":{"zero":"दिनै","other":[{"t":"idOrVar","v":"value"},"सान सिगां"]},"$x":[{"t":"idOrVar","v":"plural"},"value"]},{"$i":"minutes-until-short","$v":{"zero":"दायो","other":[{"t":"idOrVar","v":"value"},"मिनिटआव"]},"$x":[{"t":"idOrVar","v":"plural"},"value"]},{"$i":"hours-until-short","$v":{"zero":"दायो","other":[{"t":"idOrVar","v":"value"},"घन्टायाव"]},"$x":[{"t":"idOrVar","v":"plural"},"value"]},{"$i":"days-until-short","$v":{"zero":"दिनै","other":[{"t":"idOrVar","v":"value"},"सानाव"]},"$x":[{"t":"idOrVar","v":"plural"},"value"]},{"$i":"incorrectDate","$v":"(गोरोनथि अक्त)"},{"$i":"dateTimeFormat_%c","$v":"%a %b %e %Y %I:%M:%S %p"},{"$i":"dateTimeFormat_%x","$v":"%m/%d/%Y"},{"$i":"dateTimeFormat_%X","$v":"%I:%M:%S %p"},{"$i":"shortTimeFormat","$v":"%I:%M %p"},{"$i":"shortTimeFormat12","$v":"%I:%M %p"},{"$i":"shortTimeFormat24","$v":"%H:%M"},{"$i":"shortDateTimeFormat","$v":"%x %I:%M %p"},{"$i":"weekStartsOnMonday","$v":"0"},{"$i":"firstDayOfTheWeek","$v":"0"},{"$i":"time_am","$v":"AM"},{"$i":"time_pm","$v":"PM"},{"$i":"label","$v":"लेबेल"},{"$i":"mobile","$v":"मबाइल"},{"$i":"home","$v":"हम"},{"$i":"work","$v":"वार्क"},{"$i":"personal","$v":"गावारि"},{"$i":"faxHome","$v":"फेक्स हम"},{"$i":"faxOffice","$v":"फेक्स अफिस"},{"$i":"faxOther","$v":"गुबुन फेक्स खालाम"},{"$i":"another","$v":"गुबुन"},{"$i":"other","$v":"गुबुन"},{"$i":"tcl-customTag","$v":"काष्टम टेग"},{"$i":"customTag","$v":"काष्टम टेग","placeholder":"काष्टम टेग"},{"$i":"current","$v":"आथिखाल"},{"$i":"itemWithLabel","$v":[{"t":"idOrVar","v":"label"},", ",{"t":"idOrVar","v":"item"}]},{"$i":"waitDuplicateContacts","$v":"नंखाय जगाज'गनि थाखाय नायगासिनो"},{"$i":"waitMergingDuplicateContacts","$v":"रुगुं सिमानि नंखाय जगाज'गफोर"},{"$i":"alertNoDuplicateContacts","$v":"नंखाय जगाज'गफोर मोनाखै"},{"$i":"curtainCancel","$v":"दान"},{"$i":"close","$v":"बन्द’ खालाम"},{"$i":"mergeDuplicateTitle","$v":"नखल मोननाय जादों"},{"$i":"suggestedDuplicatesMessage","innerHTML":{"$o":["<bdi>",{"t":"idOrVar","v":"name"},"</bdi> नि थाखै नकल खालामनाय जगाजगफोरनि बोसोन होबाय"]}},{"$i":"mergeActionButtonLabel","$v":{"zero":"सायखजानाय जगाज'गफोर गैया","one":[{"t":"idOrVar","v":"n"}," जगाज'गजों रुगुं सिमा"],"two":[{"t":"idOrVar","v":"n"}," जगाज'गपोरजों रुगुं सिमा"],"few":[{"t":"idOrVar","v":"n"}," जगाज'गपोरजों रुगुं सिमा"],"many":[{"t":"idOrVar","v":"n"}," जगाज'गपोरजों रुगुं सिमा"],"other":[{"t":"idOrVar","v":"n"}," जगाज'गपोरजों रुगुं सिमा"]},"$x":[{"t":"idOrVar","v":"plural"},"n"]},{"$i":"duplicatesFoundTitle","$v":"नखल मोननाय जादों"},{"$i":"foundDuplicatesMessage","innerHTML":"गाहायाव होनाय जगाजगफोरनि नकल मिथिथाइफोर मोनदों। नोंथाङा सरजाबनो लुबैयो नामा?"},{"$i":"tcl-merge-selected-counts","$v":[{"t":"idOrVar","v":"n"}," सायखजाबाय"]},{"$i":"tcl-wait-duplicate-contacts","$v":"नखल कनटेक्टफोरखौ नागिर"},{"$i":"tcl-wait-txt","$v":"नंखाय जगाज'गनि थाखाय नायगासिनो..."},{"$i":"import","$v":"लाबो"},{"$i":"fbFriends","$v":"फेसबुक लोगोफोर"},{"$i":"live-serviceName","$v":"बायजोनिफ्राय नोजोर"},{"$i":"gmail-serviceName","$v":"जिमेल"},{"$i":"facebook-serviceName","$v":"फेसबुक लोगोफोर"},{"$i":"viewAll","$v":"फेसबुकनि गासैबो लोगोफोरखौ दिन्थि"},{"$i":"viewRecommend","$v":"गनायथिजानायखौल' दिन्थि"},{"$i":"linkProposal","$v":{"zero":"गोरोबनाय लोगो मोनाखै गासिखौबो देखायजोब","one":"गनायथिहोजानाय मोनसे सायख'","two":"मोनसे गनायथिहोजानाय सायख'","few":"मोनसे गनायथिहोजानाय सायख'","many":"मोनसे गनायथिहोजानाय सायख'","other":"मोनसे गनायथिहोजानाय सायख'"},"$x":[{"t":"idOrVar","v":"plural"},"numFriends"]},{"$i":"fbFriendsFound","$v":{"zero":"नोंनि गासै लोगोफोरखौ लाबोफिननाय जाबाय","one":"लाबोनो थाखाय सासे लोगो मोनबाय","two":[{"t":"idOrVar","v":"numFriends"}," लाबोनो थाखाय सासे लोगो मोनबाय"],"few":[{"t":"idOrVar","v":"numFriends"}," लाबोनो थाखाय सासे लोगो मोनबाय"],"many":[{"t":"idOrVar","v":"numFriends"}," लाबोनो थाखाय सासे लोगो मोनबाय"],"other":[{"t":"idOrVar","v":"numFriends"}," लाबोनो थाखाय सासे लोगो मोनबाय"]},"$x":[{"t":"idOrVar","v":"plural"},"numFriends"]},{"$i":"fbNoFriends","$v":"सोसननो जगाज'गफोरा थोजासे नङा"},{"$i":"done-search","$v":"मावफुंबाय"},{"$i":"progressFB3ImportTitle","$v":"कनटेक्ट खालामनो लोगोफोरखौ लाबोबाय थादों"},{"$i":"progressFB","$v":[{"t":"idOrVar","v":"current"},"/",{"t":"idOrVar","v":"total"}]},{"$i":"progressFB3UpdateTitle","$v":"जगाजगफोराव लोगोफोरखौ फोदाननाय"},{"$i":"message2","$v":"बेयो माखासे मिनिट लानो हागौ"},{"$i":"messageLinking","$v":"अननानै हमनानै ला। जों नोंथांनि लोगो आरो नोंथांनि जगाजगखौ लिंक खालामगासिनो दं।"},{"$i":"error1","$v":["एरर ",{"t":"idOrVar","v":"from"}]},{"$i":"error2","$v":"नों नाजाफिननो नागिरो नामा ?"},{"$i":"errorProposal","$v":"थिंखिफोरखौ साननाय"},{"$i":"errorFriends","$v":"लोगोफोरखौ बोखांफिननाय"},{"$i":"errorLinking","$v":"जगाजगजों सोमोन्दो खालामनाय"},{"$i":"timeout1","$v":["खाखानाय समा जोबबाय ",{"t":"idOrVar","v":"from"}]},{"$i":"timeout2","$v":"नों नाजाफिननो नागिरो नामा ?"},{"$i":"timeoutProposal","$v":"थिंखिफोरखौ साननाय"},{"$i":"timeoutFriends","$v":"लोगोफोरखौ बोखांफिननाय"},{"$i":"timeoutLinking","$v":"जगाजगफोरजों सोमोन्दो खालामनाय"},{"$i":"wait1","$v":"अननानै हमनानै ला"},{"$i":"wait2","$v":"बेयो माखासे मिनिट लानो हागौ"},{"$i":"waitProposal","$v":"अननानै हमनानै ला। जों मोनसे थांखिखौ सानगासिनो।"},{"$i":"waitFriends","$v":"अननानै हमनानै ला। जों नोंथांनि लोगो मुंफारिखौ लाफानायनि थाखाय फोनांजाबगासिनो दं।"},{"$i":"curtainRetry","$v":"नाजाफिन"},{"$i":"curtainOK","$v":"जागोन"},{"$i":"connectionLost","$v":"इन्टारनेट फोनांजाबनाय गैया"},{"$i":"connectionLostMsg","$v":"लोगोफोरनि फटफोरखौ नोंनि कनटेक्टफोराव दाजाबनाय नङा । जायखि जाया राहायै मावफु ?"},{"$i":"yesOption","$v":"जागोन"},{"$i":"noOption","$v":"दान"},{"$i":"waitFriendslive","$v":"नायस्रानायनिफ्राय जगाजगफोरखौ फरायगासिनो..."},{"$i":"waitFriendsgmail","$v":"जिमैलनिफ्राय जगाजगफोरखौ फरायगासिनो..."},{"$i":"friendsUpdated","$v":{"zero":"लोगोफोर गोदान्थि खालामाखै","one":"फोदानजानाय सासे लोगो","two":["फोदानजानाय ",{"t":"idOrVar","v":"numFriends"}," लोगोफोर"],"few":["फोदानजानाय ",{"t":"idOrVar","v":"numFriends"}," लोगोफोर"],"many":["फोदानजानाय ",{"t":"idOrVar","v":"numFriends"}," लोगोफोर"],"other":["फोदानजानाय ",{"t":"idOrVar","v":"numFriends"}," लोगोफोर"]},"$x":[{"t":"idOrVar","v":"plural"},"numFriends"]},{"$i":"friendsMerged","$v":{"zero":"नंखायै लोगोफोर गोरोबाखै","one":"मोनसे नंखाय लोगोजों मिलायनाय","two":[{"t":"idOrVar","v":"numDups"}," लोगोफोरखौ सरजाबजाबाय"],"few":[{"t":"idOrVar","v":"numDups"}," लोगोफोरखौ सरजाबजाबाय"],"many":[{"t":"idOrVar","v":"numDups"}," लोगोफोरखौ सरजाबजाबाय"],"other":[{"t":"idOrVar","v":"numDups"}," लोगोफोरखौ सरजाबजाबाय"]},"$x":[{"t":"idOrVar","v":"plural"},"numDups"]},{"$i":"notificationLogin","$v":"नोंथांनि फेसबुकनि सम सिमाया उदायलिया। अननानै साइन इन खालाम।"},{"$i":"syncError","$v":"नोंथांनि लोगोफोरनि देताखौ सिनक्रनायज खालामनायाव मोनसे गोरोन्थि जादोंमोन"},{"$i":"progressFB3liveTitle","$v":"आउटलकनिफ्राय कनटेक्टफोरखौ लाबोबाय थादों..."},{"$i":"progressFB3gmailTitle","$v":"जिमेइलनिफ्राय कनटेक्टफोरखौ लाबोबाय थादों..."},{"$i":"tcl-calllog-entry-removed-succ-notification","$v":"कल लगखौ बन्द खालामनाय"},{"$i":"tcl-calllog-entry-removed-err-notification","$v":"कल लक होनायखौ बोखारनो हाया"},{"$i":"addNewNumber","$v":"गोदान नाम्बार दाजाब"},{"$i":"contactDetails","$v":"जगाजग गुदि-खिथाफोर"},{"$i":"addToExistingContact","$v":"थाखानाय कनटेक्ट महरै दाजाब"},{"$i":"all","$v":"गासैबो","ariaLabel":"गासैबो"},{"$i":"bluetoothOption","ariaLabel":"ब्लुटुट"},{"$i":"callLog","$v":"कल लग"},{"$i":"callLogEdit","title":"कल लगखौ इडिट खालाम"},{"$i":"tcl-option-menu-call-log-edit","$v":"कल लगखौ इडिट खालाम"},{"$i":"callLogEditDialog","ariaLabel":"कल लग डाइलगखौ इडिट खालाम"},{"$i":"tcl-call-log-delete-group-notification","$v":[{"t":"idOrVar","v":"n"}," सोसननायफोरा दानगारजाबाय"]},{"$i":"connecting","$v":"फोनांजाबदों"},{"$i":"connectingEllipsis","$v":"फोनांजाबदों..."},{"$i":"call-forwarding-async","$v":["एसिनक्रनास ",{"t":"idOrVar","v":"async"}]},{"$i":"call-forwarding-data","$v":["डेटा: ",{"t":"idOrVar","v":"data"}]},{"$i":"call-forwarding-error","$v":"कल फरवार्ड थासारि नायफिननायाव मोनसे जेंना नुजाबाय"},{"$i":"call-forwarding-fax","$v":["FAX: ",{"t":"idOrVar","v":"fax"}]},{"$i":"call-forwarding-inactive","$v":"इनेकटिभ"},{"$i":"call-forwarding-packet","$v":["थफ्ला: ",{"t":"idOrVar","v":"packet"}]},{"$i":"call-forwarding-pad","$v":["PAD: ",{"t":"idOrVar","v":"pad"}]},{"$i":"call-forwarding-sms","$v":["SMS: ",{"t":"idOrVar","v":"sms"}]},{"$i":"call-forwarding-status","$v":"कल फरवार्डिं थासारि"},{"$i":"call-forwarding-sync","$v":["मोनसे समावनो जानाय ",{"t":"idOrVar","v":"sync"}]},{"$i":"call-forwarding-voice","$v":["भइस: ",{"t":"idOrVar","v":"voice"}]},{"$i":"confirm-deletion","$v":"सायखजानाय कलफोरखौ स्रां खालामनो ना?"},{"$i":"createNewContact","$v":"गोदान कनटेक्ट खुलि"},{"$i":"calllog-deselectAll","$v":"गासैखौबो सायख'नाङा"},{"$i":"dialerAddContact","ariaLabel":"जगाजग सरजाब"},{"$i":"dialerAddContactDialog","ariaLabel":"Contact Dialog दाजाब"},{"$i":"callInformation","$v":"कल इनफरमेसन"},{"$i":"edit-selected","$v":{"one":["सायखजानाय(",{"t":"idOrVar","v":"n"},")"],"two":["सायखजानाय(",{"t":"idOrVar","v":"n"},")"],"few":["सायखजानाय(",{"t":"idOrVar","v":"n"},")"],"many":["सायखजानाय(",{"t":"idOrVar","v":"n"},")"],"other":["सायखजानाय(",{"t":"idOrVar","v":"n"},")"]},"$x":[{"t":"idOrVar","v":"plural"},"n"]},{"$i":"tcl-edit-not-selected","$v":"सायखजानाय(0)"},{"$i":"hideKeypad","ariaLabel":"किपेड दोनखोमानाय"},{"$i":"ignore","$v":"कलखौ नेवसि"},{"$i":"incoming","$v":"इनकामिं"},{"$i":"keypad","ariaLabel":"कीपेड्"},{"$i":"info-missed","$v":"मिस जादोंमोन"},{"$i":"missed","$v":"मिस जादोंमोन","ariaLabel":"मिस जादोंमोन"},{"$i":"dialed","$v":"डाइल खालामबाय"},{"$i":"received","$v":"आजावबाय"},{"$i":"canceled","$v":"केनसेल खालामबाय"},{"$i":"missedCall","$v":"मिस कल"},{"$i":"missedCallMultiSims","$v":["(सिम ",{"t":"idOrVar","v":"n"},") मिस कल"]},{"$i":"mmi-error","$v":"मेसेज दैथायबाय थानायाव जेंना नुजाबाय"},{"$i":"mmi-session-expired","$v":"सेसना जोबबाय"},{"$i":"mmi-successfully-sent","$v":"खौरां दैथाय हरनाया जाफुंबाय"},{"$i":"mmi-notification-title-with-sim","$v":["(",{"t":"idOrVar","v":"sim"},") ",{"t":"idOrVar","v":"title"}]},{"$i":"mute","ariaLabel":"मिउट खालाम"},{"$i":"newCall","ariaLabel":"गोदान कल"},{"$i":"no-logs-msg-1","$v":"कलफोरखौ थिसन्नानै दोनाखै"},{"$i":"no-logs-msg-2","$v":"रायलायनायखौ दानो जागाय"},{"$i":"no-logs-msg-3","$v":"कलफोरखौ थिसन्नानै दोनाखै"},{"$i":"no-logs-msg-4","$v":"रायलायनायखौ दानो जागाय"},{"$i":"onHoldOption","ariaLabel":"हल्डाव दं"},{"$i":"outgoing","$v":"ओंखारलांनाय"},{"$i":"recents","ariaLabel":"बावैसोनि कलफोर"},{"$i":"reply","$v":"फिन हरफिन"},{"$i":"calllog-selectAll","$v":"गासैखौबो सायख'"},{"$i":"send","$v":"दैथाइहर"},{"$i":"switch-calls","$v":"स्वित्स कल्स"},{"$i":"withheld-number","$v":"सिनायमोनै"},{"$i":"from-contact","$v":["From ",{"t":"idOrVar","v":"contact"}]},{"$i":"from-number","$v":[{"t":"idOrVar","v":"number"}," निफ्राय"]},{"$i":"from-withheld-number","$v":"मिथिमोनि नामबारनिफ्राय"},{"$i":"sending","$v":"दैथायहरबाय थादों …"},{"$i":"speakerOption","ariaLabel":"स्पिकार"},{"$i":"ussd-services","$v":[{"t":"idOrVar","v":"operator"}," सार्भिसफोर"]},{"$i":"toggleKeypad","ariaLabel":"टगल किपेद"},{"$i":"type-your-response","placeholder":"नोंथांनि फिनहरनायखौ टाइप खालाम…"},{"$i":"clear-all-text","$v":"गासे टेक्सफोरखौ खोमोर"},{"$i":"hide","$v":"दोनखुमानाय"},{"$i":"call","$v":"कल खालाम"},{"$i":"hold","ariaLabel":"हल्ड(हम)"},{"$i":"resume","$v":"जागायफिन(रिसुम)","ariaLabel":"जागायफिन(रिसुम)"},{"$i":"sendSms","$v":"मेसेज दैथाय"},{"$i":"callEnded","$v":"कल जोबनाय"},{"$i":"via-sim","$v":["SIM",{"t":"idOrVar","v":"n"}," जानानै"]},{"$i":"sim-number","$v":["SIM",{"t":"idOrVar","v":"n"}]},{"$i":"unknown","$v":"सिनायमोनै"},{"$i":"hangup-a11y-button","ariaLabel":"हें जाबाय"},{"$i":"pickup-a11y-button","ariaLabel":"मोजां जाखां"},{"$i":"unlock-a11y-button","ariaLabel":"स्लाइडार"},{"$i":"settings","$v":"चेटिंफोर"},{"$i":"tcl-delete-log","$v":"नोंथाङा थारैनो कल लगनिफ्राय सायखजानाय थिसनथाइफोरखौ दानगारनो लुबैयो नामा?"},{"$i":"delete-n-log?","$v":{"zero":"सायखनाङा","one":"सायखजानाय लगखौ दानगारनो?","two":[{"t":"idOrVar","v":"n"}," लगफोरखौ दानगारनो?"],"few":[{"t":"idOrVar","v":"n"}," लगफोरखौ दानगारनो?"],"many":[{"t":"idOrVar","v":"n"}," लगफोरखौ दानगारनो?"],"other":[{"t":"idOrVar","v":"n"}," लगफोरखौ दानगारनो?"]},"$x":[{"t":"idOrVar","v":"plural"},"n"]},{"$i":"callDurationMinutes","$v":[{"t":"idOrVar","v":"m"},":",{"t":"idOrVar","v":"s"}]},{"$i":"callDurationHours","$v":[{"t":"idOrVar","v":"h"},":",{"t":"idOrVar","v":"m"},":",{"t":"idOrVar","v":"s"}]},{"$i":"callDurationTextFormatSeconds","$v":[{"t":"idOrVar","v":"s"}," सेकेन्ड"]},{"$i":"callDurationTextFormatMinutes","$v":[{"t":"idOrVar","v":"m"}," मिनिट ",{"t":"idOrVar","v":"s"}," सेकेन्ड"]},{"$i":"callDurationTextFormatHours","$v":[{"t":"idOrVar","v":"h"}," घन्ट ",{"t":"idOrVar","v":"m"}," मिनिट ",{"t":"idOrVar","v":"s"}," सेकेन्ड"]},{"$i":"suggestionMatches","$v":{"one":[{"t":"idOrVar","v":"n"}," निथाखाय गोरोबदों \"",{"t":"idOrVar","v":"matchNumber"},"\""],"two":[{"t":"idOrVar","v":"n"}," निथाखाय गोरोबदों \"",{"t":"idOrVar","v":"matchNumber"},"\""],"few":[{"t":"idOrVar","v":"n"}," निथाखाय गोरोबदों \"",{"t":"idOrVar","v":"matchNumber"},"\""],"many":[{"t":"idOrVar","v":"n"}," निथाखाय गोरोबदों \"",{"t":"idOrVar","v":"matchNumber"},"\""],"other":[{"t":"idOrVar","v":"n"}," निथाखाय गोरोबदों \"",{"t":"idOrVar","v":"matchNumber"},"\""]},"$x":[{"t":"idOrVar","v":"plural"},"n"]},{"$i":"scCallBarring","$v":"कल होबथानाय"},{"$i":"scCallForwarding","$v":"कल फरवार्ड"},{"$i":"scClip","$v":"इनकामिं कलार ID"},{"$i":"scClir","$v":"आउटगयिं कलार ID"},{"$i":"scPwd","$v":"फासवार्डखौ सोलाइ"},{"$i":"scCallWaiting","$v":"कल नेदों"},{"$i":"scPin","$v":"PIN खौ सोलाइ"},{"$i":"scPin2","$v":"2थि फांथे इसाराया सोलाय"},{"$i":"scPuk","$v":"PIN मारिथेनायखौ खुलि"},{"$i":"scPuk2","$v":"PIN2 मारिथेनायखौ खुलि"},{"$i":"scImei","$v":"IMEI"},{"$i":"scMeid","$v":"MEID"},{"$i":"scUssd","$v":"USSD"},{"$i":"serviceClassVoice","$v":"भइस"},{"$i":"serviceClassData","$v":"डेता"},{"$i":"serviceClassFax","$v":"FAX"},{"$i":"serviceClassSms","$v":"SMS"},{"$i":"serviceClassDataSync","$v":"सिंक"},{"$i":"serviceClassDataAsync","$v":"Async"},{"$i":"serviceClassPacket","$v":"फेकेट"},{"$i":"serviceClassPad","$v":"PAD"},{"$i":"smServiceEnabled","$v":"सार्भिसखौ गोख्रों खालामनाय जादोंमोन"},{"$i":"smServiceDisabled","$v":"सार्भिसखौ फेलें खालामनाय जाबाय"},{"$i":"smServiceRegistered","$v":"रेजिस्ट्रेसना जाफुंबायमोन"},{"$i":"smServiceErased","$v":"दानगारनाया जाफुंबाय"},{"$i":"smServiceInterrogated","$v":"खावलायनाया जाफुंबायमोन"},{"$i":"smServiceNotProvisioned","$v":"सार्भिसनि लाखिनाय जायाखै"},{"$i":"smClirPermanent","$v":"नोंथाङा कलार ID सेटिंग्सखौ सोलायनो हाया"},{"$i":"smClirDefaultOnNextCallOn","$v":"कलार ID डिफल्टफोरा हेंथा गोनां। नैथि कल: हेंथा गोनां"},{"$i":"smClirDefaultOnNextCallOff","$v":"कलार ID डिफल्टफोरा हेंथा गोनां। नैथि कल: हेंथा गैया"},{"$i":"smClirDefaultOffNextCallOn","$v":"कलार ID डिफल्टफोरा हेंथा गोनां नङा। नैथि कल: हेंथा गोनां"},{"$i":"smClirDefaultOffNextCallOff","$v":"कलार ID डिफल्टफोरा हेंथा गोनां नङा। नैथि कल: हेंथा गैया"},{"$i":"smServiceEnabledFor","$v":"थाखाय सारभिचा हानाय जादोंमोन:"},{"$i":"smPinChanged","$v":"फांथे इसाराया सोलायनाया जाफुंबाय"},{"$i":"smPinUnblocked","$v":"फांथे इसाराया खेवनाया जाफुंबाय"},{"$i":"smPin2Changed","$v":"2थि फांथे इसाराया सोलायबाय"},{"$i":"smPin2Unblocked","$v":"2थि फांथे इसाराया खेवनाया जाफुंबाय"},{"$i":"ServiceIsEnabled","$v":"सार्भिसा गोख्रों"},{"$i":"ServiceIsDisabled","$v":"सार्भिसा फेलें"},{"$i":"ServiceIsEnabledFor","$v":"सिबिथाया हानाय जानानै दङ:"},{"$i":"emMmiError","$v":"फोनांजाबनाय जेंना एबा गोरोन्थि MMI कड"},{"$i":"emMmiErrorPasswordIncorrect","$v":"गोरोन्थि पासवर्ड"},{"$i":"emMmiErrorNotSupported","$v":"खान्थि गैयै एबा MMI कड मदद खालामाखै"},{"$i":"emMmiErrorInvalidAction","$v":"खान्थि गैयै मावथाय"},{"$i":"emMmiErrorInvalidScCode","$v":"खान्थि गैयै खामानिनि कड"},{"$i":"emMmiErrorBadPuk","$v":"नोंथाङा ताइप खालामनाय PUK आ गोरोबा"},{"$i":"emMmiErrorBadPin","$v":"नोंथाङा टाइप खालामनाय गोजाम PIN आ थार नङा।"},{"$i":"emMmiErrorNeedPuk2","$v":"SIM कार्ड गोथेनायखौ खुलिनो थाखाय PUK2 टाइप खालाम"},{"$i":"emMmiErrorMismatchPin","$v":"नोंथाङा ताइप खालामनाय पिनफोरा गोरोबा"},{"$i":"emMmiErrorInvalidPin","$v":"4 निफ्राय 8 अनजिमा थानाय मोनसे PIN टाइप खालाम"},{"$i":"emMmiErrorNeedsPuk","$v":"नोंथांनि SIM कार्ड आ PUK-मारिथेबाय"},{"$i":"emMmiErrorEnablePin","$v":"जाफुंसारै SIM/RUIM मारिनायखौ हानाय खालाम"},{"$i":"emMmiErrorMmiFdn","$v":"थि कल अनजिमानि थाखायल' नायबिजिरनाया गोख्रों जादों"},{"$i":"emMmiErrorStkCcUssdDial","$v":"DIAL खावलाइनायनि थाखाय USSD खावलाइनाया फोसाबबाय।"},{"$i":"emMmiErrorStkCcUssdSs","$v":"SS खावलाइनायनि थाखाय USSD खावलाइनाया फोसाबबाय।"},{"$i":"emMmiErrorStkCcUssdUssd","$v":"गोदान USSD खावलाइनायनि थाखाय USSD खावलाइनाया फोसाबबाय।"},{"$i":"emMmiErrorStkCcSsDial","$v":"DIAL खावलायनायाव SS खावलायनाया फोसाबजाबाय"},{"$i":"emMmiErrorStkCcSsUssd","$v":"USSD खावलाइनायनि थाखाय SS खावलाइनाया फोसाबबाय।"},{"$i":"emMmiErrorStkCcSsSs","$v":"गोदान SS खावलायनायाव SS खावलायनाया फोसाबजाबाय"},{"$i":"emMmiErrorPinPukAttempts","$v":{"one":[{"t":"idOrVar","v":"n"}," नाजानायलखौ नाजा"],"two":[{"t":"idOrVar","v":"n"}," आगसिथिं नाजाफिन"],"few":[{"t":"idOrVar","v":"n"}," आगसिथिं नाजाफिन"],"many":[{"t":"idOrVar","v":"n"}," आगसिथिं नाजाफिन"],"other":[{"t":"idOrVar","v":"n"}," आगसिथिं नाजाफिन"]},"$x":[{"t":"idOrVar","v":"plural"},"n"]},{"$i":"emMmiErrorSimBlocked","$v":"गोबां अनजिमा बारलांना उदां जाबाय सिम ब्लक जाबाय"},{"$i":"RadioNotAvailable","$v":"रेडिअ गैया"},{"$i":"GenericFailure","$v":"सरासनस्रा फेलें जानाय"},{"$i":"PasswordIncorrect","$v":"खेंस्ला इसारा गोरोन्थि"},{"$i":"SimPin2","$v":"SIM PIN2"},{"$i":"SimPuk2","$v":"SIM PUK2"},{"$i":"RequestNotSupported","$v":"खावलायनाया मदद होजानाय नङा"},{"$i":"OpNotAllowedDuringVoiceCall","$v":"बुंथि कल हरनाय समाव नायबिजिराखै"},{"$i":"SmsSendFailRetry","$v":"SMS दैथायहरनाया फेलें नाजाफिन"},{"$i":"SimAbsent","$v":"SIM नुजाथियै"},{"$i":"SubscriptionNotAvailable","$v":"साबसक्रिपसन मोननाय जायाखै"},{"$i":"ModeNotSupported","$v":"खान्थिबादि मद'द खालामाखै"},{"$i":"FdnCheckFailure","$v":"Fdn सेक खालामनायाव फेलें"},{"$i":"IllegalSimOrMe","$v":"आयेन बेरेखा SIM एबा ME"},{"$i":"DialModifiedToUssd","$v":"USSD खालामनो मडिफाइड डाइल खालाम"},{"$i":"DialModifiedToSs","$v":"SS खालामनो मडिफाइड डाइल खालाम"},{"$i":"DialModifiedToDial","$v":"डाइल खालामनो डाइल मडिफाइड खालाम"},{"$i":"UssdModifiedToDial","$v":"डाइल खालामनायाव USSD आ फोसाबजाबाय"},{"$i":"UssdModifiedToSs","$v":"USSD आव SS आ फोसाबजाबाय"},{"$i":"UssdModifiedToUssd","$v":"USSD आव USSD आ फोसाबजाबाय"},{"$i":"SsModifiedToDial","$v":"डाइल खालामनायाव SS आ फोसाबजाबाय"},{"$i":"SsModifiedToUssd","$v":"SSआव USSD आ फोसाबजाबाय"},{"$i":"SsModifiedToSs","$v":"SSआव SS आ फोसाबजाबाय"},{"$i":"SubscriptionNotSupported","$v":"साबसक्रिपसन सापर्ट जायाखै"},{"$i":"InvalidParameter","$v":"खान्थि गैयै सिमा हांखो"},{"$i":"RejectedByRemote","$v":"रिमटजों दानगारजाबाय"},{"$i":"conferenceCall","$v":["कनफारेन्स (",{"t":"idOrVar","v":"n"},")"]},{"$i":"caller-left-call","$v":[{"t":"idOrVar","v":"caller"}," आ कल हरनायखौ नागारबाय।"]},{"$i":"conferenceAddError","$v":"कलफोरखौ सरजाबनो हायाखै"},{"$i":"conferenceRemoveError","$v":"कलफोरखौ सरजाबै खालामनो हायाखै"},{"$i":"longDateFormat","$v":"%A, %b %e"},{"$i":"select-audio-sources","$v":"अडिय फुंखाफोर सायख'"},{"$i":"bluetooth-handsfree-device","$v":"ब्लुटुथ हेन्सफ्रि डिभाइस"},{"$i":"receiver","$v":"आजावग्रा"},{"$i":"speaker","$v":"स्पिकार"},{"$i":"tcl-cancel","$v":"दान"},{"$i":"tcl-dialer","$v":"दाइल खालामग्रा"},{"$i":"tcl-confirmation","$v":"थि मिथिथाइ"},{"$i":"log-item","$v":"राहाफोर"},{"$i":"tcl-assign-speed-dial","$v":{"$o":["जगाजगआ गोख्रै डाइल महरै \"",{"t":"idOrVar","v":"speedDial"},"\" बुटामाव दाजाबजायाखैमोन।<br><br>एसाइन खालामनो नामा?"]}},{"$i":"tcl-assign","$v":"हो"},{"$i":"select","$v":"सायख'"},{"$i":"view-all","$v":"गासैखौबो दिन्थि"},{"$i":"search-results","$v":"फिथायफोरखौ नागिर"},{"$i":"no-recent-numbers","$v":"बुनो थाखाय दाबावैनि अनजिमा कल लगाव गैया।"},{"$i":"wifi-calling","$v":"WiFi कल हरदों"},{"$i":"dialer-prompt","$v":"एड तु कल खालामनो डाइल नाम्बार एबा कनटेक्ट सायख'"},{"$i":"hours","$v":"घन्टाफोर"},{"$i":"minutes","$v":"मिनिटफोर"},{"$i":"seconds","$v":"सेकेन्डफोर"},{"$i":"voicemailNoNumberTitle","$v":"भइसमेल अनजिमाया गैया"},{"$i":"voicemailNoNumberText","$v":"भइसमेल कल खालामनो हायाखै कल हरनो थाखाय भइसमेलखौ दाना ला৷"},{"$i":"voicemailNoNumberSettings","$v":"चेटिंफोर"},{"$i":"voicemailNoNumberCancel","$v":"दान"},{"$i":"phoneNumberInput","ariaLabel":"जानबुं अनजिमा"},{"$i":"keypadDelete","ariaLabel":"दान"},{"$i":"voiceMailKey","ariaLabel":"भइसमैल खालाम"},{"$i":"asterisk","ariaLabel":"एसटेरिक"},{"$i":"hashSign","ariaLabel":"सागान दं"},{"$i":"loadingSimContacts","$v":"सिमनि जगाज'गफोरा बजाय होगासिनो"},{"$i":"noContactsWereFound","$v":"जगाज'गफोर मोनाय जायाखै"},{"$i":"noContactsFoundDialogOk","$v":"जागोन"},{"$i":"emergencyNumber","$v":"हरखाब नाम्बार"},{"$i":"callAirplaneModeMessage","$v":"कल हरनो थाखाय नोंथाङा बिरखं मडखौ सेटिंग्साव हायि खालामना लानांगोन।"},{"$i":"callAirplaneModeBtnOk","$v":"जागोन"},{"$i":"callAirplaneModeTitle","$v":"बिरखं मोद एकटिभेट खालामनाय जाबाय"},{"$i":"numberIsBusyTitle","$v":"अनजिमाया बाहायजागासिनो"},{"$i":"numberIsBusyMessage","$v":"नामबारा दायो मुखुब दङ। अन्नानै इयुनाव नाजाफिन"},{"$i":"fdnIsActiveTitle","$v":"FDN गोख्रों जाबाय"},{"$i":"fdnIsActiveMessage","$v":["FDN (Fixed Dialing Numbers) आ गोख्रों जाबाय आरो गाहायनि नाम्बारफोरा नोंनि FDN फारिलाइयाव गैया : ",{"t":"idOrVar","v":"number"}]},{"$i":"emergencyDialogBodyBadNumber","$v":"कल हरनो थाखाय नोंथाङा फनना मोनसे नेटवार्कजों फोनांजाथारनांगोन।"},{"$i":"emergencyDialogBodyDeviceNotAccepted","$v":"नांथारगौ समनि कलफोरा नेटवार्कजों गनायथि होजायाखै।"},{"$i":"emergencyDialogBtnOk","$v":"जागोन"},{"$i":"emergencyDialogTitle","$v":"जेबो नेटवार्क फोनांजाबनाय गैया"},{"$i":"invalidNumberToDialTitle","$v":"खान्थि गैयै फन अनजिमा"},{"$i":"invalidNumberToDialMessage","$v":"नोंथाङा कल हरनाय फन नामबारा उदायलिया।"},{"$i":"unableToCallTitle","$v":"दायो फन कल हरनो हायाखै"},{"$i":"unableToCallMessage","$v":"कल खालामनो हाया । नों डाइल खालामबाय थादोंब्ला, अननानै गिबियाव हें खालाम৷"},{"$i":"otherConnectionInUseTitle","$v":"गुबुन गुबुन फोनांजाबनानै बाहायदों"},{"$i":"otherConnectionInUseMessage","$v":"नोंथांहा गुबुन मोनसे फोनांजाबनायाव मोनसे सांग्रां कल दंबावो। सम मोनसेयाव नोंथाङा मोनसेल' फोनांजाबनाय बाहायनो हागोन।"},{"$i":"tcl-call-log","$v":"कल लग"},{"$i":"tcl-contacts","$v":"जगाजगफोर"},{"$i":"tcl-call","$v":"कल खालाम"},{"$i":"tcl-add-contact","$v":"थाखानाय कनटेक्ट महरै दाजाब"},{"$i":"tcl-create-contact","$v":"गोदान कनटेक्ट खुलि"},{"$i":"tcl-add-speed-dial","$v":"स्पिड दाइल महरै दाजाब"},{"$i":"sim-with-index-and-carrier","$v":["SIM ",{"t":"idOrVar","v":"index"}," - ",{"t":"idOrVar","v":"carrier"}]},{"$i":"sim-without-carrier","$v":["SIM ",{"t":"idOrVar","v":"index"}]}]