[{"$i":"confirmMsg","$v":[{"t":"idOrVar","v":"deviceId"}," آپ کے روابط اور کال سرگزشت تک رسائی کرنا چاہتا ہے، قبول کریں؟"]},{"$i":"responseMsg","$v":[{"t":"idOrVar","v":"deviceId"}," کی کلید"]},{"$i":"confirmTitle","$v":"فون بک رسائی کی درخواست"},{"$i":"responseTitle","$v":"بلوٹوتھ سیشن کلید درکار ہے"},{"$i":"initialValue","$v":"سیشن کلید درج کریں"},{"$i":"gaia-menu-cancel","$v":"منسوخ کریں"},{"$i":"gaia-sim-picker-dial-via-with-number","$v":[{"t":"idOrVar","v":"phoneNumber"}," ڈائل کریں بذریعہ"]},{"$i":"gaia-sim-picker-select-sim","$v":"سم منتخب کریں"},{"$i":"gaia-sim-picker-button","$v":["سم",{"t":"idOrVar","v":"n"}]},{"$i":"gaia-sim-picker-button-default","$v":"(ڈیفالٹ)"},{"$i":"softkey-options","$v":"اختیارات"},{"$i":"details","countcall":"کال کریں"},{"$i":"edit","$v":"ترمیم کریں"},{"$i":"cancel","$v":"منسوخ کریں"},{"$i":"done","$v":"ہو گیا"},{"$i":"ok","$v":"ٹھیک ہے"},{"$i":"update","$v":"تازہ معلومات"},{"$i":"retry","$v":"دوبارہ کوشش کریں"},{"$i":"view","$v":"دیکھیں"},{"$i":"search","$v":"تلاش"},{"$i":"contacts","$v":"رابطے"},{"$i":"addContact","$v":"رابطہ شامل کریں"},{"$i":"deleteContact","$v":"رابطہ حذف کریں"},{"$i":"selectContact","$v":"رابطہ منتخب کریں"},{"$i":"selectAll","$v":"تمام منتخب کریں"},{"$i":"deselect","$v":"غیر منتخب کریں"},{"$i":"deselectAll","$v":"سبھی کو غیرمنتخب کریں"},{"$i":"editContact","$v":"رابطہ میں ترمیم کریں"},{"$i":"deleteConfirmMsg","$v":"رابطہ کو حذف کریں"},{"$i":"remove","$v":"ہٹائیں"},{"$i":"delete","$v":"حذف کریں"},{"$i":"comments","$v":"تبصرے"},{"$i":"no_contact_phones","$v":"اس رابطہ کا فون نمبر نہیں ہے۔"},{"$i":"no_contact_email","$v":"اس رابطہ کا ای میل پتہ نہیں ہے۔"},{"$i":"no_contact_data","$v":"اس رابطہ کا فون نمبر اور ای میل پتہ نہیں ہے۔"},{"$i":"removePhotoConfirm","$v":"رابطہ کی تصویر نکالیں؟"},{"$i":"loadingContacts","$v":"روابط لوڈ ہورہے ہیں…"},{"$i":"noContactsActivity2","$v":"آپ کی روابط کی فہرست میں کوئی روابط نہیں ہے"},{"$i":"noName","$v":"کوئی نام نہیں"},{"$i":"givenName","$v":"پہلا نام"},{"$i":"familyName","$v":"آخری نام"},{"$i":"tel","$v":"فون"},{"$i":"carrier","$v":"کیریئر","placeholder":"کیریئر"},{"$i":"separator","$v":","},{"$i":"email","$v":"ای میل"},{"$i":"streetAddress","$v":"گلی"},{"$i":"postalCode","$v":"زپ کوڈ"},{"$i":"locality","$v":"شہر"},{"$i":"countryName","$v":"ملک"},{"$i":"comment","$v":"تبصرہ"},{"$i":"org","$v":"کمپنی"},{"$i":"date","$v":"تاریخ","placeholder":"تاریخ"},{"$i":"date-span-placeholder","$v":"تاریخ"},{"$i":"birthday","$v":"یوم پیدائش"},{"$i":"dateFormat","$v":"%B %e"},{"$i":"dateOutput","$v":[{"t":"idOrVar","v":"dayMonthFormatted"}," ",{"t":"idOrVar","v":"year"}]},{"$i":"anniversary","$v":"سالگرہ"},{"$i":"addPhoto","$v":"تصویر شامل کریں"},{"$i":"addPhone","$v":"فون شامل کریں"},{"$i":"addEmail","$v":"ای میل شامل کریں"},{"$i":"addAddress","$v":"پتہ شامل کریں"},{"$i":"addDate","$v":"تاریخ شامل کریں"},{"$i":"addComment","$v":"نوٹ شامل کریں"},{"$i":"addFavorite","$v":"بطور پسندیدہ شامل کریں"},{"$i":"removeFavorite","$v":"پسندیدہ کے طور پر ہٹائيں"},{"$i":"addButton","ariaLabel":"شامل کریں"},{"$i":"editButton","ariaLabel":"ترمیم کریں"},{"$i":"settingsButton","ariaLabel":"ترتیبات"},{"$i":"phoneDetail","ariaLabel":"فون"},{"$i":"emailDetail","ariaLabel":"ای میل"},{"$i":"addressDetail","ariaLabel":"پتہ"},{"$i":"dateDetail","ariaLabel":"تاریخ"},{"$i":"composeEmail","ariaLabel":"ای میل"},{"$i":"makeCall","ariaLabel":"کال کریں"},{"$i":"phones","ariaLabel":"فونز"},{"$i":"emails","ariaLabel":"ای میلز"},{"$i":"addresses","ariaLabel":"پتے"},{"$i":"dates","ariaLabel":"تاریخیں"},{"$i":"notes","ariaLabel":"نوٹس"},{"$i":"exit","$v":"باہر نکلیں"},{"$i":"expand","$v":"توسیع"},{"$i":"labelName","$v":"نام:"},{"$i":"labelLastName","$v":"آخری نام:"},{"$i":"labelPhoneNumber","$v":"فون نمبر:"},{"$i":"labelCarrier","$v":":کیریئر"},{"$i":"labelEmail","$v":"ای میل:"},{"$i":"labelStreet","$v":"گلی:"},{"$i":"labelZip","$v":"زپ کوڈ:"},{"$i":"labelCity","$v":":شہر"},{"$i":"labelCountry","$v":":ملک"},{"$i":"labelComment","$v":":تبصرہ"},{"$i":"legendTitleMain","$v":"اصل معلومات"},{"$i":"legendPhones","$v":"فون نمبرز"},{"$i":"legendEmail","$v":"ای میل ایڈریس"},{"$i":"legendAddress","$v":"پتہ"},{"$i":"search-contact","placeholder":"تلاش"},{"$i":"noResults","$v":"کوئی روابط نہیں ملے"},{"$i":"transferContactsTitle","$v":"رابطہ منتقل کریں"},{"$i":"importContactsTitle","$v":"روابط درآمد کریں"},{"$i":"importContactsButton","$v":"روابط درآمد کریں"},{"$i":"exportContactsTitle","$v":"روابط برآمد کریں"},{"$i":"exportContactsButton","$v":"روابط برآمد کریں"},{"$i":"exportContactsAction","$v":"برآمد کریں"},{"$i":"simExport-title","$v":"سم پر برآمد کریں"},{"$i":"memoryCardExport-title","$v":"میموری کارڈ پر برآمد کریں"},{"$i":"btExport-title","$v":"بلوٹوتھ پر برآمد کریں"},{"$i":"memoryCardUMSEnabled","$v":"USB اسٹوریج کے اہل ہونے پر میموری کارڈ استعمال نہیں کیا جاسکتا"},{"$i":"exportErrorTitle","$v":"برآمد کا نقص"},{"$i":"contactsExported2","$v":{"zero":"کوئی روابط برآمد نہیں کیے گئے","one":[{"t":"idOrVar","v":"exported"},"/",{"t":"idOrVar","v":"total"}," روابط برآمد کیے گئے"],"two":[{"t":"idOrVar","v":"exported"},"/",{"t":"idOrVar","v":"total"}," روابط برآمد کیے گئے"],"few":[{"t":"idOrVar","v":"exported"},"/",{"t":"idOrVar","v":"total"}," روابط برآمد کیے گئے"],"many":[{"t":"idOrVar","v":"exported"},"/",{"t":"idOrVar","v":"total"}," روابط برآمد کیے گئے"],"other":[{"t":"idOrVar","v":"exported"},"/",{"t":"idOrVar","v":"total"}," روابط برآمد کیے گئے"]},"$x":[{"t":"idOrVar","v":"plural"},"exported"]},{"$i":"exportError-general","$v":"برآمد کرتے ہوئے کچھ غلطی واقع ہوئی۔"},{"$i":"exportError-SD-shared","$v":"میموری کارڈ کا استعمال نہیں کیا جاسکتا چونکہ یہ اشتراک کردہ ہے۔"},{"$i":"exportError-SD-unavailable","$v":"میموری کارڈ دستیاب نہیں ہے۔"},{"$i":"exportError-SD-noSpace","$v":"روابط برآمد کرنے کیلئے میموری کارڈ پر جگہ کافی نہیں ہے۔"},{"$i":"exportError-SIM-unavailable","$v":"سم کارڈ دستیاب نہیں ہے۔"},{"$i":"exportError-BT-shared","$v":"میموری کارڈ کا استعمال نہیں کیا جاسکتا چونکہ یہ اشتراک کردہ ہے۔"},{"$i":"exportError-BT-unavailable","$v":"میموری کارڈ دستیاب نہیں ہے۔"},{"$i":"exportError-BT-noSpace","$v":"روابط برآمد کرنے کیلئے میموری کارڈ پر جگہ کافی نہیں ہے۔"},{"$i":"social-network","$v":"سماجی نیٹ ورک"},{"$i":"social-link","$v":"رابطہ لنک کریں"},{"$i":"social-unlink","$v":"رابطہ غیر منسلک کریں"},{"$i":"social-unlink-confirm-title","$v":"کیا آپ اپنے دوست کو ان لنک کرنا چاہتے ہیں؟"},{"$i":"social-unlink-confirm-accept","$v":"لنک ختم کریں"},{"$i":"facebook-import","$v":"فیس بک کے دوست درآمد کریں"},{"$i":"show-fb-profile","$v":"فیس بک پروفائل دیکھیں"},{"$i":"msg-send","$v":"پیغام"},{"$i":"wall-post","$v":"وال پوسٹ"},{"$i":"share-contact","$v":"رابطہ کا اشتراک"},{"$i":"facebook-export-forbidden","$v":"فیس بک کی پابندی کی وجہ سے رابطہ کا اشتراک نہیں کیا جاسکتا۔"},{"$i":"otherAccount","$v":"دیگر اکاؤںٹس"},{"$i":"facebookSwitchMsg","$v":"دوست سنک کریں"},{"$i":"select_mobile","$v":"موبائل منتخب کریں"},{"$i":"select_email","$v":"ای میل منتخب کریں"},{"$i":"select_recipient","$v":"وصول کنندہ منتخب کریں"},{"$i":"sort-by-first-name","$v":"پہلے نام سے ترتیب دیں"},{"$i":"sort-by-last-name","$v":"آخری نام سے ترتیب دیں"},{"$i":"importSim2","$v":"سم کارڈ"},{"$i":"importGmail","$v":"Gmail"},{"$i":"bluetooth","$v":"بلوٹوتھ"},{"$i":"importOutlook","$v":"آؤٹ لوک"},{"$i":"fbUpdateFriends","$v":"درآمد شدہ دوست اپ ڈیٹ کریں"},{"$i":"cleaningFbData","$v":"فیس بک کا ڈیٹا نکالنا"},{"$i":"loggingOutFb","$v":"فیس بک سے لاگ آؤٹ ہو رہا ہے"},{"$i":"cleanFbConfirmMsg","$v":"فیس کا تمام ڈیٹا نکالیں؟"},{"$i":"renewPwdMsg","$v":"آپ کے فیس بک کا پاس ورڈ تبدیل ہوگیا۔ براہ کرم، اسے اپ ڈیٹ کریں۔"},{"$i":"notEnabledYet","$v":"اب تک اہل نہیں کیا گیا"},{"$i":"genericNoConnection","$v":"روابط درآمد کرنے کیلئے WiFi یا ڈیٹا نیٹ ورک سے مربوط ہوں۔"},{"$i":"bluetoothNoConnection","$v":"روابط برآمد کرنے کیلئے ایک بلوٹوتھ آلہ جوڑیں۔"},{"$i":"simCard","$v":"سم کارڈ"},{"$i":"memoryCard","$v":"میموری کارڈ"},{"$i":"simNumberNoMSISDN","$v":["سم ",{"t":"idOrVar","v":"number"},":"]},{"$i":"simNumberWithMSISDN","$v":["سم ",{"t":"idOrVar","v":"number"},": ",{"t":"idOrVar","v":"msisdn"}]},{"$i":"ICEContactsGroup","$v":"ICE روابط"},{"$i":"setICEButton","$v":"ICE روابط سیٹ کریں"},{"$i":"ICESettingTitle","$v":"ICE روابط"},{"$i":"ICEDescription","$v":"ہنگامی صورتحال میں کالز کرنے کیلئے پانچ روابط شامل کریں۔"},{"$i":"ICEContact1","$v":"ICE رابطہ 1"},{"$i":"tcl-ice-contact-1-added","$v":"ICE رابطہ 1 شامل کیا گیا"},{"$i":"ICESelectContact","$v":"اے رابطہ منتخب کریں"},{"$i":"ICEContact2","$v":"ICE رابطہ 2"},{"$i":"tcl-ice-contact-2-added","$v":"ICE رابطہ 2 شامل کیا گیا"},{"$i":"ICERepeatedContact","$v":"یہ رابطہ پہلے سے ایک ICE کا موجودہ رابطہ ہے"},{"$i":"ICEUnknownError","$v":"رابطہ کو بطور ICE سیٹ کرنے میں کچھ مسئلہ تھا"},{"$i":"ICEContactNoNumber","$v":"اس رابطہ کا فون نمبر نہیں ہے"},{"$i":"ICEFacebookContactNotAllowed","$v":"فیس بک کے روابط کو ICE روابط کے طور پر محفوظ نہیں کیا جاسکتا"},{"$i":"ICEContactDelTel","$v":"حذف کردہ فون نمبرز ICE رابطہ سے نکال دیے گئے ہیں۔"},{"$i":"ICEContactDelTelAll","$v":"تمام ارکان حذف کردیے گئے ہیں۔ یہ رابطہ ICE روابط سے نکال دیا گیا ہے۔"},{"$i":"delete-ice-contact-warning","$v":"کیا آپ یقیناً ICE رابطہ نکالنا چاہتے ہیں؟"},{"$i":"add","$v":"شامل کریں"},{"$i":"no-contacts","$v":"کوئی روابط نہیں"},{"$i":"start-adding","$v":"براہ کرم رابطہ شامل کرنے کیلئے نئے رابطہ کو دبائيں۔"},{"$i":"notImported","$v":"درآمد نہیں کیا گیا"},{"$i":"imported","$v":"درآمد شدہ"},{"$i":"today","$v":"آج"},{"$i":"yesterday","$v":"گزشتہ کل"},{"$i":"messageCanceling","$v":"براہ کرم انتظار کریں۔ ہم آپ کا جاری آپریشن منسوخ کررہے ہیں۔"},{"$i":"organise-contacts","$v":"روابط کا نظم کریں"},{"$i":"find-merge-contacts","$v":"دوہرائے ہوئے رابطے تلاش کریں"},{"$i":"preparing-contacts","$v":"روابط تیار کرنا"},{"$i":"exportError-SIM-NoFreeRecordFound","$v":"سم کارڈ بھر ہوا ہے"},{"$i":"exportError-SIM-CannotAccessPhoneBook","$v":"سم کارڈ کی فون بک تک رسائی نہیں کی جاسکتی"},{"$i":"exportError-SIM-Unavailable","$v":"کوئی سم کارڈ کی شناخت نہیں ہوئی"},{"$i":"exportError-SIM-GenericError","$v":"رابطہ برآمد کرنے پر نقص واقع ہوا"},{"$i":"noSimMsgExport","$v":"روابط برآمد کرنے کیلئے اپنے سم کارڈ داخل کریں یا انلاک کریں"},{"$i":"noMemoryCardMsgExport","$v":"روابط برآمد کرنے کیلئے ایک میموری کارڈ داخل کریں"},{"$i":"ContactManagementTitle","$v":"روابط کا نظم"},{"$i":"DeleteTitle","$v":"حذف کریں"},{"$i":"bulkDeleteButton","$v":"رابطہ کو حذف کریں"},{"$i":"BulkDelCancel","$v":"روابط حذف کرنا منسوخ کردیا گیا"},{"$i":"DeletedTxt","$v":{"zero":"حذف کرنے کیلئے کوئی رابطہ نہیں","one":"1 رابطہ نکال دیا گیا","two":[{"t":"idOrVar","v":"n"}," روابط نکال دیا گیا"],"few":[{"t":"idOrVar","v":"n"}," روابط نکال دیا گیا"],"many":[{"t":"idOrVar","v":"n"}," روابط نکال دیا گیا"],"other":[{"t":"idOrVar","v":"n"}," روابط نکال دیا گیا"]},"$x":[{"t":"idOrVar","v":"plural"},"n"]},{"$i":"DeletingContacts","$v":"روابط حذف کرنا"},{"$i":"ContactConfirmDel","$v":{"zero":"حذف کرنے کیلئے کوئی رابطہ نہیں","one":"1 رابطہ حذف کریں؟ اسے بحال نہیں کیا جاسکتا ہے۔","two":[{"t":"idOrVar","v":"n"}," روابط حذف کریں؟ اسے بحال نہیں کیا جاسکتا ہے۔"],"few":[{"t":"idOrVar","v":"n"}," روابط حذف کریں؟ اسے بحال نہیں کیا جاسکتا ہے۔"],"many":[{"t":"idOrVar","v":"n"}," روابط حذف کریں؟ اسے بحال نہیں کیا جاسکتا ہے۔"],"other":[{"t":"idOrVar","v":"n"}," روابط حذف کریں؟ اسے بحال نہیں کیا جاسکتا ہے۔"]},"$x":[{"t":"idOrVar","v":"plural"},"n"]},{"$i":"SelectedTxt","$v":{"zero":[{"t":"idOrVar","v":"n"}," منتخب شدہ"],"one":[{"t":"idOrVar","v":"n"}," منتخب شدہ"],"two":[{"t":"idOrVar","v":"n"}," منتخب شدہ"],"few":[{"t":"idOrVar","v":"n"}," منتخب شدہ"],"many":[{"t":"idOrVar","v":"n"}," منتخب شدہ"],"other":[{"t":"idOrVar","v":"n"}," منتخب شدہ"]},"$x":[{"t":"idOrVar","v":"plural"},"n"]},{"$i":"video","$v":"ویڈیو"},{"$i":"audio","$v":"آڈیو"},{"$i":"pick_destination","$v":[{"t":"idOrVar","v":"destination"}," ",{"t":"idOrVar","v":"carrier"}]},{"$i":"removeField","ariaLabel":"ہٹائیں"},{"$i":"undo","ariaLabel":"کالعدم کریں"},{"$i":"send-sms-button","ariaLabel":"SMS"},{"$i":"ice_contacts","$v":"ICE روابط"},{"$i":"edit-picture","$v":"تصویر کی تدوین کریں"},{"$i":"remove-photo","$v":"تصویر نکالیں"},{"$i":"change-photo","$v":"تصویر تبدیل کریں"},{"$i":"photo-options","$v":"تصویر کا آپشن"},{"$i":"tcl-all","$v":"تمام"},{"$i":"tcl-speed-dial","$v":"تیز ڈائل"},{"$i":"tcl-new-contact","$v":"نیا رابطہ"},{"$i":"tcl-settings","$v":"ترتیبات"},{"$i":"tcl-save","$v":"محفوظ کریں"},{"$i":"save","$v":"محفوظ کریں"},{"$i":"tcl-add","$v":"شامل کریں"},{"$i":"tcl-contact-add-ringtone","$v":"رنگ ٹون شامل کریں"},{"$i":"tcl-custom-dialog-title-default","$v":"توثیق کاری"},{"$i":"confirm-dialog-title-default","$v":"توثیق کاری"},{"$i":"discard","$v":"رد کریں"},{"$i":"custom-tag-title","$v":"کسٹم ٹيگ"},{"$i":"tcl-contact-added","$v":"رابطہ شامل کیا گیا"},{"$i":"tcl-contact-updated","$v":"رابطہ کی تفصیلات اپ ڈیٹ کردی گئی"},{"$i":"tcl-contact-removed","$v":"رابطہ حذف کردیا گیا"},{"$i":"tcl-contact-unremoved","$v":"نکالنے سے قاصر"},{"$i":"edit-phone-type","$v":"فون کی قسم کی تدوین کریں"},{"$i":"edit-email-type","$v":"ای میل کی قسم کی تدوین کریں"},{"$i":"edit-address-type","$v":"پتہ کی قسم کی تدوین کریں"},{"$i":"edit-date-type","$v":"تاریخ کی قسم کی تدوین کریں"},{"$i":"tcl-select-phone-type","$v":"فون کی قسم کی منتخب کریں"},{"$i":"tcl-select-email-type","$v":"ای میل کی قسم کی منتخب کریں"},{"$i":"tcl-select-address-type","$v":"پتہ کی قسم کی منتخب کریں"},{"$i":"tcl-select-date-type","$v":"تاریخ کی قسم منتخب کریں"},{"$i":"add-phone","$v":"فون نمبر شامل کریں"},{"$i":"add-email","$v":"ای میل شامل کریں"},{"$i":"add-address","$v":"پتہ شامل کریں"},{"$i":"add-date","$v":"تاریخ شامل کریں"},{"$i":"add-phone-type","$v":"فون کی قسم"},{"$i":"add-email-type","$v":"ای میل کی قسم"},{"$i":"add-address-type","$v":"پتہ کی قسم"},{"$i":"add-date-type","$v":"تاریخ کی قسم"},{"$i":"delete-phone","$v":"فون نمبر حذف کریں"},{"$i":"delete-email","$v":"ای میل حذف کریں"},{"$i":"delete-address","$v":"پتہ حذف کریں"},{"$i":"delete-date","$v":"تاریخ حذف کریں"},{"$i":"delete-note","$v":"نوٹ حذف کریں"},{"$i":"delete-comment-warning","$v":"کیا آپ یقیناً نوٹ حذف کرنا چاہتے ہیں؟"},{"$i":"tcl-deleting-messages-phone","$v":["کیا آپ یقیناً فون حذف کرنا چاہتے ہیں: \"",{"t":"idOrVar","v":"type_name"},"\""]},{"$i":"tcl-deleting-messages-email","$v":["کیا آپ یقیناً ای میل حذف کرنا چاہتے ہیں: \"",{"t":"idOrVar","v":"type_name"},"\"؟"]},{"$i":"tcl-deleting-messages-address","$v":["کیا آپ یقیناً پتہ حذف کرنا چاہتے ہیں: \"",{"t":"idOrVar","v":"type_name"},"\"؟"]},{"$i":"tcl-deleting-messages-date","$v":"کیا آپ یقیناً تاریخ حذف کرنا چاہتے ہیں؟"},{"$i":"deleting-message-warning","$v":["کیا آپ یقیناً \"",{"t":"idOrVar","v":"type_name"},"\" حذف کرنا چاہتے ہیں؟"]},{"$i":"tcl-deleting-messages-comment","$v":"کیا آپ یقیناً تبصرہ حذف کرنا چاہتے ہیں؟"},{"$i":"delecting-messages-contact","$v":["کیا آپ یقیناً \"",{"t":"idOrVar","v":"type_name"},"\" رابطہ حذف کرنا چاہتے ہیں؟"]},{"$i":"delecting-this-contact","$v":"اس رابطہ حذف کریں؟"},{"$i":"deleting-messages-ringtone","$v":"کیا آپ یقیناً رنگ ٹون حذف کرنا چاہتے ہیں؟"},{"$i":"deleting-messages-picture","$v":"کیا آپ یقیناً تصویر نکالنا چاہتے ہیں؟"},{"$i":"tcl-deleting-notification-ringtone","$v":"رنگ ٹون کی شناخت ہوئی"},{"$i":"tcl-deleting-notification-comment","$v":"تبصرہ حذف کردیا گیا"},{"$i":"note","$v":"نوٹ"},{"$i":"address","$v":"پتہ"},{"$i":"tcl-noContacts","$v":"آپ کی رابطہ کی فہرست خالی ہے کے طور پر رابطہ میں شامل نہیں کیا جاسکتا۔"},{"$i":"tcl-noContacts-no-email","$v":"ای میل کے ساتھ کوئی روابط نہیں کے طور پر رابطہ میں شامل نہیں کیا جاسکتا۔"},{"$i":"tcl-noContacts-no-tel","$v":"فون نمبر کے ساتھ کوئی روابط نہیں کے طور پر رابطہ میں شامل نہیں کیا جاسکتا۔"},{"$i":"tcl-noContactsTitle","$v":"کوئی روابط نہیں"},{"$i":"tcl-change-voice-mail","$v":"وائس میل کا نمبر تبدیل کریں"},{"$i":"tcl-replace","$v":"بدلیں"},{"$i":"tcl-remove-speed-dial","$v":"اسپیڈ ڈائل سے ہٹائیں"},{"$i":"tcl-notification-speed-dial-added","$v":"تیز ڈائلنگ نمبر شامل ہوگیا"},{"$i":"tcl-notification-speed-dial-removed","$v":"تیز ڈائلنگ نمبر نکال دیا گیا"},{"$i":"tcl-notification-speed-dial-updated","$v":"تیز ڈائلنگ نمبر اپ ڈیٹ کر دیا گیا"},{"$i":"tcl-notification-voice-mail-updated","$v":"وائس میل نمبر اپ ڈیٹ کردیا گیا"},{"$i":"tcl-notification-contact-assigned","$v":"رابطہ کو تیز ڈائل پر تفویض کیا گیا"},{"$i":"empty","$v":"خالی"},{"$i":"tcl-voice-mail","$v":"وائس میل"},{"$i":"contact-confirm-save","$v":"رابطہ کی معلومات رد کر دی جائے گی۔ کیا آپ اس رابطہ کو محفوظ کرنا چاہیں گے؟"},{"$i":"contact-confirm-form-save","$v":"تبدیلیاں رد ہوجائے گی۔ کیا آپ اس رابطہ کو محفوظ کرنا چاہیں گے؟"},{"$i":"tcl-yes","$v":"ہاں"},{"$i":"tcl-no","$v":"نہیں"},{"$i":"tcl-default-ringtone","$v":"ڈیفالٹ رنگ ٹون"},{"$i":"tcl-add-ringtone","$v":"رنگ ٹونز"},{"$i":"tcl-ringtone","$v":"رنگ ٹون"},{"$i":"change-ringtone","$v":"رنگ ٹون تبدیل کریں"},{"$i":"delete-ringtone","$v":"رنگ ٹون حذف کریں"},{"$i":"tcl-settings-title","$v":"روابط کی سیٹنگز"},{"$i":"settings-sort-contacts-title","$v":"روابط کو ترتیب دیں"},{"$i":"tcl-oder-notification","$v":"تبدیلیاں محفوظ ہوگئی"},{"$i":"changes-saved-notification","$v":"تبدیلیاں محفوظ ہوگئی۔"},{"$i":"tcl-imported-status","$v":[{"t":"idOrVar","v":"n"}," روابط درامد شدہ ",{"t":"idOrVar","v":"numDups"}," روابطہ ضم کردہ"]},{"$i":"tcl-on","$v":"آن"},{"$i":"tcl-off","$v":"آف"},{"$i":"on","$v":"آن"},{"$i":"off","$v":"آف"},{"$i":"tcl-contact-empty-number","$v":"خالی فون نمبر"},{"$i":"contact-no-dial-number","$v":"ڈائل کرنے کیلئے کوئی فون نمبر نہیں۔"},{"$i":"tcl-select-number","$v":"نمبر منتخب کریں"},{"$i":"tcl-select-email","$v":"ای میل منتخب کریں"},{"$i":"select-email","$v":"ای میل منتخب کریں"},{"$i":"tcl-send-message","$v":"پیغام بھیجیں"},{"$i":"send-email","$v":"ای میل بھیجیں"},{"$i":"tcl-share","$v":"اشتراک کریں"},{"$i":"tcl-find-duplicate","$v":"دوہرائے ہوئے رابطے تلاش کریں"},{"$i":"tcl-add-favorite","$v":"بطور پسندیدہ شامل کریں"},{"$i":"tcl-remove-favorite","$v":"ناپسندیدہ"},{"$i":"tcl-link-social-networks","$v":"سماجی نیٹ ورکس سے لنک کریں"},{"$i":"tcl-delete","$v":"حذف کریں"},{"$i":"tcl-detail-send-sms","$v":"نیا SMS"},{"$i":"tcl-detail-call","$v":"کال کریں"},{"$i":"tcl-detail-send-email","$v":"کمپوز کریں"},{"$i":"sms","$v":"پیغام"},{"$i":"tcl-search-contact","$v":"تلاش"},{"$i":"tcl-number","$v":["نمبر ",{"t":"idOrVar","v":"number"}]},{"$i":"tcl-custom-dialog-replace-speed-dial","$v":["کیا آپ یقیناً تیز ڈائل ",{"t":"idOrVar","v":"oldSpeedDial"}," کو ",{"t":"idOrVar","v":"newSpeedDial"}," سے تبدیل کرنا چاہتے ہیں؟"]},{"$i":"custom-dialog-remove-speed-dial","$v":["کیا آپ یقیناً تیز ڈائل سے ",{"t":"idOrVar","v":"name"}," نکالنا چاہتے ہیں"]},{"$i":"tcl-options","$v":"اختیارات"},{"$i":"tcl-success-merged","$v":[{"t":"idOrVar","v":"number"}," رابطہ(روابط) ملائے گئے"]},{"$i":"tcl-contact-confirm-merge","$v":["کیا آپ یقیناً ",{"t":"idOrVar","v":"count"}," رابطہ(روابط) کو ",{"t":"idOrVar","v":"name"}," ساتھ ضم کرنا چاہتے ہیں؟"]},{"$i":"tcl-merge","$v":"ملائیں"},{"$i":"add-speed-dial-failed-title","$v":"تیز ڈائل ناکام شامل کریں"},{"$i":"add-speed-dial-failed-content","$v":[{"t":"idOrVar","v":"name"}," پہلے سے تیز ڈائل میں موجود ہے، براہ کرم کوئی دوسرا رابطہ چنیں"]},{"$i":"merge","$v":"ملائیں"},{"$i":"tcl-attention","$v":"توجہ دیں"},{"$i":"attention","$v":"توجہ دیں"},{"$i":"tcl-speed-dial-add-contact","$v":{"$o":"کوئی روابطہ نہیں ہیں۔<br><br>براہ کرم رابطہ تخلیق کریں۔"}},{"$i":"tcl-voice-mail-header","$v":"وائس میل"},{"$i":"tcl-voice-mail-number","$v":"وائس میل کا نمبر"},{"$i":"tcl-select-all","$v":"تمام منتخب کریں"},{"$i":"tcl-deselect-all","$v":"سبھی کو غیرمنتخب کریں"},{"$i":"systemring","$v":"رنگ ٹون"},{"$i":"moremusic","$v":"میوزک"},{"$i":"tcl-add-ringselect","$v":"فارم منتخب کریں"},{"$i":"type-select","$v":"منتخب کریں"},{"$i":"dialnum-view","$v":"دیکھیں"},{"$i":"select-a-contact-title","$v":"اے رابطہ منتخب کریں"},{"$i":"select-a-number-title","$v":"اے نمبر منتخب کریں"},{"$i":"invalid-vcf-file","$v":"غیر مجاز وی سی ایف فائل"},{"$i":"voiceMail","$v":"صوتی میل"},{"$i":"back","$v":"واپس جائیں"},{"$i":"noSimMsg","$v":"روابط درآمد کرنے کیلئے اپنے سم کارڈ داخل کریں یا انلاک کریں"},{"$i":"noMemoryCardMsg","$v":"روابط درآمد کرنے کیلئے ایک میموری کارڈ داخل کریں"},{"$i":"importMemoryCard","$v":"میموری کارڈ"},{"$i":"noConnection11","$v":"فیس بک کے دوست یا روابط درآمد کرنے کیلئے WiFi یا ڈیٹا نیٹ ورک سے مربوط ہوں"},{"$i":"emptyAccount","$v":"اس اکاؤںٹ میں کوئی دوست یا روابط نہیں ملے۔"},{"$i":"simContacts-import","$v":"سم کے روابط درآمد کریں"},{"$i":"simContacts-importing","$v":"روابط کو سم سے درآمد کرنا.."},{"$i":"simContacts-reading","$v":"سم کارڈ سے روابط پڑھ رہا ہے…"},{"$i":"simContacts-error","$v":"روابط کو سم سے درآمد نہیں کرسکا"},{"$i":"simContacts-imported3","$v":{"zero":"درآمد کرنے کیلئے سم پر کوئی روابط کی شناخت نہیں ہوئی","one":"ایک رابطہ درآمد کیا گیا","two":[{"t":"idOrVar","v":"n"}," روابط درآمد کیے گئے"],"few":[{"t":"idOrVar","v":"n"}," روابط درآمد کیے گئے"],"many":[{"t":"idOrVar","v":"n"}," روابط درآمد کیے گئے"],"other":[{"t":"idOrVar","v":"n"}," روابط درآمد کیے گئے"]},"$x":[{"t":"idOrVar","v":"plural"},"n"]},{"$i":"memoryCardContacts-import","$v":"روابط کو میموری کارڈ سے درآمد کریں"},{"$i":"memoryCardContacts-importing","$v":"روابط کو میموری کارڈ سے درآمد کرنا"},{"$i":"memoryCardContacts-reading","$v":"میموری کارڈ سے روابط پڑھ رہا ہے…"},{"$i":"memoryCardContacts-error","$v":"میموری کارڈ سے روابط درآمد نہیں کیے جاسکے"},{"$i":"memoryCardContacts-imported3","$v":{"zero":"درآمد کرنے کیلئے میموری کارڈ پر کوئی روابط کی شناخت نہیں ہوئی","one":"ایک رابطہ درآمد کیا گیا","two":[{"t":"idOrVar","v":"n"}," روابط درآمد کیے گئے"],"few":[{"t":"idOrVar","v":"n"}," روابط درآمد کیے گئے"],"many":[{"t":"idOrVar","v":"n"}," روابط درآمد کیے گئے"],"other":[{"t":"idOrVar","v":"n"}," روابط درآمد کیے گئے"]},"$x":[{"t":"idOrVar","v":"plural"},"n"]},{"$i":"genericProgress","$v":[{"t":"idOrVar","v":"current"},"/",{"t":"idOrVar","v":"total"}]},{"$i":"facebook","$v":"فیس بک"},{"$i":"facebook-import-msg2","$v":[{"t":"idOrVar","v":"imported"},"/",{"t":"idOrVar","v":"total"}," دوست درآمد کیے گئے"]},{"$i":"contactsMerged","$v":{"zero":"کوئی دہرائے گئے روابط نہیں ملائے گئے","one":"ایک دہرایا گیا رابطہ نہیں ملایا گیا","two":[{"t":"idOrVar","v":"numDups"}," روابط ملائے گئے"],"few":[{"t":"idOrVar","v":"numDups"}," روابط ملائے گئے"],"many":[{"t":"idOrVar","v":"numDups"}," روابط ملائے گئے"],"other":[{"t":"idOrVar","v":"numDups"}," روابط ملائے گئے"]},"$x":[{"t":"idOrVar","v":"plural"},"numDups"]},{"$i":"weekday-0-long","$v":"اتوار"},{"$i":"weekday-1-long","$v":"پیر"},{"$i":"weekday-2-long","$v":"منگل"},{"$i":"weekday-3-long","$v":"بدھ"},{"$i":"weekday-4-long","$v":"جمعرات"},{"$i":"weekday-5-long","$v":"جمعہ"},{"$i":"weekday-6-long","$v":"سنیچر"},{"$i":"weekday-0-short","$v":"اتوار"},{"$i":"weekday-1-short","$v":"پیر"},{"$i":"weekday-2-short","$v":"منگل"},{"$i":"weekday-3-short","$v":"بدھ"},{"$i":"weekday-4-short","$v":"جمعرات"},{"$i":"weekday-5-short","$v":"جمعہ"},{"$i":"weekday-6-short","$v":"ہفتہ"},{"$i":"month-0-long","$v":"جنوری"},{"$i":"month-1-long","$v":"فروری"},{"$i":"month-2-long","$v":"مارچ"},{"$i":"month-3-long","$v":"اپریل"},{"$i":"month-4-long","$v":"مئی"},{"$i":"month-5-long","$v":"جون"},{"$i":"month-6-long","$v":"جولائی"},{"$i":"month-7-long","$v":"اگست"},{"$i":"month-8-long","$v":"ستمبر"},{"$i":"month-9-long","$v":"اکتوبر"},{"$i":"month-10-long","$v":"نومبر"},{"$i":"month-11-long","$v":"دسمبر"},{"$i":"month-0-genitive","$v":"جنوری"},{"$i":"month-1-genitive","$v":"فروری"},{"$i":"month-2-genitive","$v":"مارچ"},{"$i":"month-3-genitive","$v":"اپریل"},{"$i":"month-4-genitive","$v":"مئی"},{"$i":"month-5-genitive","$v":"جون"},{"$i":"month-6-genitive","$v":"جولائی"},{"$i":"month-7-genitive","$v":"اگست"},{"$i":"month-8-genitive","$v":"ستمبر"},{"$i":"month-9-genitive","$v":"اکتوبر"},{"$i":"month-10-genitive","$v":"نومبر"},{"$i":"month-11-genitive","$v":"دسمبر"},{"$i":"month-0-short","$v":"جنوری"},{"$i":"month-1-short","$v":"فروری"},{"$i":"month-2-short","$v":"مارچ"},{"$i":"month-3-short","$v":"اپریل"},{"$i":"month-4-short","$v":"مئی"},{"$i":"month-5-short","$v":"جون"},{"$i":"month-6-short","$v":"جولائی"},{"$i":"month-7-short","$v":"اگست"},{"$i":"month-8-short","$v":"ستمبر"},{"$i":"month-9-short","$v":"اکتوبر"},{"$i":"month-10-short","$v":"نومبر"},{"$i":"month-11-short","$v":"دسمبر"},{"$i":"minutes-ago-long","$v":{"zero":"ابھی ابھی","one":"ایک منٹ قبل","two":[{"t":"idOrVar","v":"value"}," منٹس قبل"],"few":[{"t":"idOrVar","v":"value"}," منٹس قبل"],"many":[{"t":"idOrVar","v":"value"}," منٹس قبل"],"other":[{"t":"idOrVar","v":"value"}," منٹس قبل"]},"$x":[{"t":"idOrVar","v":"plural"},"value"]},{"$i":"hours-ago-long","$v":{"zero":"ابھی ابھی","one":"ایک گھنٹہ قبل","two":[{"t":"idOrVar","v":"value"}," گھنٹوں قبل"],"few":[{"t":"idOrVar","v":"value"}," گھنٹوں قبل"],"many":[{"t":"idOrVar","v":"value"}," گھنٹوں قبل"],"other":[{"t":"idOrVar","v":"value"}," گھنٹوں قبل"]},"$x":[{"t":"idOrVar","v":"plural"},"value"]},{"$i":"days-ago-long","$v":{"zero":"آج","one":"گزشتہ کل","two":[{"t":"idOrVar","v":"value"}," دن قبل"],"few":[{"t":"idOrVar","v":"value"}," دن قبل"],"many":[{"t":"idOrVar","v":"value"}," دن قبل"],"other":[{"t":"idOrVar","v":"value"}," دن قبل"]},"$x":[{"t":"idOrVar","v":"plural"},"value"]},{"$i":"weeks-ago-long","$v":{"zero":"اس ہفتہ","one":"آخری ہفتہ","two":[{"t":"idOrVar","v":"value"}," ہفتے قبل"],"few":[{"t":"idOrVar","v":"value"}," ہفتے قبل"],"many":[{"t":"idOrVar","v":"value"}," ہفتے قبل"],"other":[{"t":"idOrVar","v":"value"}," ہفتے قبل"]},"$x":[{"t":"idOrVar","v":"plural"},"value"]},{"$i":"months-ago-long","$v":{"zero":"اس ماہ","one":"آخری مہینہ","two":[{"t":"idOrVar","v":"value"}," مہینہ قبل"],"few":[{"t":"idOrVar","v":"value"}," مہینہ قبل"],"many":[{"t":"idOrVar","v":"value"}," مہینہ قبل"],"other":[{"t":"idOrVar","v":"value"}," مہینہ قبل"]},"$x":[{"t":"idOrVar","v":"plural"},"value"]},{"$i":"years-ago-long","$v":{"zero":"اس سال","one":"آخری سال","two":[{"t":"idOrVar","v":"value"}," سال قبل"],"few":[{"t":"idOrVar","v":"value"}," سال قبل"],"many":[{"t":"idOrVar","v":"value"}," سال قبل"],"other":[{"t":"idOrVar","v":"value"}," سال قبل"]},"$x":[{"t":"idOrVar","v":"plural"},"value"]},{"$i":"minutes-until-long","$v":{"zero":"ابھی","one":"ایک منٹ میں","two":[{"t":"idOrVar","v":"value"}," منٹوں میں"],"few":[{"t":"idOrVar","v":"value"}," منٹوں میں"],"many":[{"t":"idOrVar","v":"value"}," منٹوں میں"],"other":[{"t":"idOrVar","v":"value"}," منٹوں میں"]},"$x":[{"t":"idOrVar","v":"plural"},"value"]},{"$i":"hours-until-long","$v":{"zero":"ابھی","one":"ایک گھٹے میں","two":[{"t":"idOrVar","v":"value"}," گھنٹوں میں"],"few":[{"t":"idOrVar","v":"value"}," گھنٹوں میں"],"many":[{"t":"idOrVar","v":"value"}," گھنٹوں میں"],"other":[{"t":"idOrVar","v":"value"}," گھنٹوں میں"]},"$x":[{"t":"idOrVar","v":"plural"},"value"]},{"$i":"days-until-long","$v":{"zero":"آج","one":"tomorrow","two":[{"t":"idOrVar","v":"value"}," دنوں میں"],"few":[{"t":"idOrVar","v":"value"}," دنوں میں"],"many":[{"t":"idOrVar","v":"value"}," دنوں میں"],"other":[{"t":"idOrVar","v":"value"}," دنوں میں"]},"$x":[{"t":"idOrVar","v":"plural"},"value"]},{"$i":"weeks-until-long","$v":{"zero":"اس ہفتہ","one":"اگلے ہفتے","two":[{"t":"idOrVar","v":"value"}," ہفتوں میں"],"few":[{"t":"idOrVar","v":"value"}," ہفتوں میں"],"many":[{"t":"idOrVar","v":"value"}," ہفتوں میں"],"other":[{"t":"idOrVar","v":"value"}," ہفتوں میں"]},"$x":[{"t":"idOrVar","v":"plural"},"value"]},{"$i":"months-until-long","$v":{"zero":"اس ماہ","one":"اگلے ماہ","two":[{"t":"idOrVar","v":"value"}," مہینوں میں"],"few":[{"t":"idOrVar","v":"value"}," مہینوں میں"],"many":[{"t":"idOrVar","v":"value"}," مہینوں میں"],"other":[{"t":"idOrVar","v":"value"}," مہینوں میں"]},"$x":[{"t":"idOrVar","v":"plural"},"value"]},{"$i":"years-until-long","$v":{"zero":"اس سال","one":"اگلے سال","two":[{"t":"idOrVar","v":"value"}," سالوں میں"],"few":[{"t":"idOrVar","v":"value"}," سالوں میں"],"many":[{"t":"idOrVar","v":"value"}," سالوں میں"],"other":[{"t":"idOrVar","v":"value"}," سالوں میں"]},"$x":[{"t":"idOrVar","v":"plural"},"value"]},{"$i":"minutes-ago-short","$v":{"zero":"ابھی ابھی","other":[{"t":"idOrVar","v":"value"}," منٹ قبل"]},"$x":[{"t":"idOrVar","v":"plural"},"value"]},{"$i":"hours-ago-short","$v":{"zero":"ابھی ابھی","other":[{"t":"idOrVar","v":"value"}," گھنٹہ قبل"]},"$x":[{"t":"idOrVar","v":"plural"},"value"]},{"$i":"days-ago-short","$v":{"zero":"آج","other":[{"t":"idOrVar","v":"value"}," دن قبل"]},"$x":[{"t":"idOrVar","v":"plural"},"value"]},{"$i":"minutes-until-short","$v":{"zero":"ابھی","other":[{"t":"idOrVar","v":"value"}," منٹ میں"]},"$x":[{"t":"idOrVar","v":"plural"},"value"]},{"$i":"hours-until-short","$v":{"zero":"ابھی","other":[{"t":"idOrVar","v":"value"}," گھنٹے میں"]},"$x":[{"t":"idOrVar","v":"plural"},"value"]},{"$i":"days-until-short","$v":{"zero":"آج","other":[{"t":"idOrVar","v":"value"}," دن میں"]},"$x":[{"t":"idOrVar","v":"plural"},"value"]},{"$i":"incorrectDate","$v":"(غلط تاریخ)"},{"$i":"dateTimeFormat_%c","$v":"%a %b %e %Y %I:%M:%S %p"},{"$i":"dateTimeFormat_%x","$v":"%m/%d/%Y"},{"$i":"dateTimeFormat_%X","$v":"%I:%M:%S %p"},{"$i":"shortTimeFormat","$v":"%I:%M %p"},{"$i":"shortTimeFormat12","$v":"%I:%M %p"},{"$i":"shortTimeFormat24","$v":"%H:%M"},{"$i":"shortDateTimeFormat","$v":"%x %I:%M %p"},{"$i":"weekStartsOnMonday","$v":"0"},{"$i":"firstDayOfTheWeek","$v":"0"},{"$i":"time_am","$v":"AM"},{"$i":"time_pm","$v":"PM"},{"$i":"label","$v":"لیبل"},{"$i":"mobile","$v":"موبائل"},{"$i":"home","$v":"گھر"},{"$i":"work","$v":"دفتر"},{"$i":"personal","$v":"ذاتی"},{"$i":"faxHome","$v":"فیکس ہوم"},{"$i":"faxOffice","$v":"فیکس آفیس"},{"$i":"faxOther","$v":"فیکس دیگر"},{"$i":"another","$v":"دیگر"},{"$i":"other","$v":"دیگر"},{"$i":"tcl-customTag","$v":"کسٹم ٹيگ"},{"$i":"customTag","$v":"کسٹم ٹيگ","placeholder":"کسٹم ٹيگ"},{"$i":"current","$v":"موجودہ"},{"$i":"itemWithLabel","$v":[{"t":"idOrVar","v":"label"},", ",{"t":"idOrVar","v":"item"}]},{"$i":"waitDuplicateContacts","$v":"دوہرائے ہوئے رابطے تلاش کررہا ہے"},{"$i":"waitMergingDuplicateContacts","$v":"دوہرائے ہوئے روابط ملانا"},{"$i":"alertNoDuplicateContacts","$v":"کوئی دہرائے ہوئے روابط نہیں ملے"},{"$i":"curtainCancel","$v":"منسوخ کریں"},{"$i":"close","$v":"بند کریں"},{"$i":"mergeDuplicateTitle","$v":"نقلیں پائيں گئی"},{"$i":"suggestedDuplicatesMessage","innerHTML":{"$o":["<bdi>",{"t":"idOrVar","v":"name"},"</bdi> کیلئے نقلی روابط کی تجویز کی گئی"]}},{"$i":"mergeActionButtonLabel","$v":{"zero":"کوئی روابط منتخب نہیں کیے گئے","one":[{"t":"idOrVar","v":"n"}," رابطہ سے ملائيں"],"two":[{"t":"idOrVar","v":"n"}," روابط سے ملائيں"],"few":[{"t":"idOrVar","v":"n"}," روابط سے ملائيں"],"many":[{"t":"idOrVar","v":"n"}," روابط سے ملائيں"],"other":[{"t":"idOrVar","v":"n"}," روابط سے ملائيں"]},"$x":[{"t":"idOrVar","v":"plural"},"n"]},{"$i":"duplicatesFoundTitle","$v":"نقلیں پائيں گئی"},{"$i":"foundDuplicatesMessage","innerHTML":"مندرجہ روابط میں نقلی معلومات پائی گئی تھی۔ کیا آپ ضم کرنا چاہیں گے؟"},{"$i":"tcl-merge-selected-counts","$v":[{"t":"idOrVar","v":"n"}," منتخب شدہ"]},{"$i":"tcl-wait-duplicate-contacts","$v":"دوہرائے ہوئے رابطے تلاش کریں"},{"$i":"tcl-wait-txt","$v":"دوہرائے ہوئے رابطے تلاش کررہا ہے…"},{"$i":"import","$v":"درآمد کریں"},{"$i":"fbFriends","$v":"فیس بک کے دوست"},{"$i":"live-serviceName","$v":"آؤٹ لوک"},{"$i":"gmail-serviceName","$v":"Gmail"},{"$i":"facebook-serviceName","$v":"فیس بک کے دوست"},{"$i":"viewAll","$v":"فیس بک کے تمام دوستوں کو دیکھیں"},{"$i":"viewRecommend","$v":"صرف تجویز کردہ دیکھیں"},{"$i":"linkProposal","$v":{"zero":"کوئی مماثل دوست نہیں۔ سبھی دکھارہا ہے","one":"تجویز کردہ منتخب کریں","two":"تجویز کردہ منتخب کریں","few":"تجویز کردہ منتخب کریں","many":"تجویز کردہ منتخب کریں","other":"تجویز کردہ منتخب کریں"},"$x":[{"t":"idOrVar","v":"plural"},"numFriends"]},{"$i":"fbFriendsFound","$v":{"zero":"آپ کے تمام دوست درآمد کرلیے گئے ہیں","one":"درآمد کرنے کیلئے ایک دوست پایا گیا","two":["درآمد کرنے کیلئے ",{"t":"idOrVar","v":"numFriends"}," دوست پائے گئے"],"few":["درآمد کرنے کیلئے ",{"t":"idOrVar","v":"numFriends"}," دوست پائے گئے"],"many":["درآمد کرنے کیلئے ",{"t":"idOrVar","v":"numFriends"}," دوست پائے گئے"],"other":["درآمد کرنے کیلئے ",{"t":"idOrVar","v":"numFriends"}," دوست پائے گئے"]},"$x":[{"t":"idOrVar","v":"plural"},"numFriends"]},{"$i":"fbNoFriends","$v":"درآمد کرنے کیلئے کوئی روابط نہیں"},{"$i":"done-search","$v":"ہو گیا"},{"$i":"progressFB3ImportTitle","$v":"دوستوں کو روابط میں درآمد کرنا"},{"$i":"progressFB","$v":[{"t":"idOrVar","v":"current"},"/",{"t":"idOrVar","v":"total"}]},{"$i":"progressFB3UpdateTitle","$v":"روابط میں دوستوں کو اپ ڈیٹ کرنا"},{"$i":"message2","$v":"اس میں کچھ منٹس درکار ہوں گے"},{"$i":"messageLinking","$v":"براہ کرم انتظار کریں۔ ہم آپ کے دوست اور آپ کے رابطہ کو لنک کررہے ہیں۔"},{"$i":"error1","$v":["نقص ",{"t":"idOrVar","v":"from"}]},{"$i":"error2","$v":"کیا آپ دوبارہ کوشش کرنا چاہتے ہیں؟"},{"$i":"errorProposal","$v":"تجویز کا حساب کرنا"},{"$i":"errorFriends","$v":"دوستوں کو بازیافت کرنا"},{"$i":"errorLinking","$v":"رابطہ لنک کرنا"},{"$i":"timeout1","$v":["تجاوز کردہ اختتام وقت ",{"t":"idOrVar","v":"from"}]},{"$i":"timeout2","$v":"کیا آپ دوبارہ کوشش کرنا چاہتے ہیں؟"},{"$i":"timeoutProposal","$v":"تجویز کا حساب کرنا"},{"$i":"timeoutFriends","$v":"دوستوں کو بازیافت کرنا"},{"$i":"timeoutLinking","$v":"روابط لنک کرنا"},{"$i":"wait1","$v":"براہ کرم انتظار کریں"},{"$i":"wait2","$v":"اس میں کچھ منٹس درکار ہوں گے"},{"$i":"waitProposal","$v":"براہ کرم انتظار کریں۔ ہم تجویز کا حساب کر رہے ہیں۔"},{"$i":"waitFriends","$v":"براہ کرم انتظار کریں۔ ہم آپ کے دوست کی فہرست حاصل کرنے کیلئے جڑ رہے ہیں۔"},{"$i":"curtainRetry","$v":"دوبارہ کوشش کریں"},{"$i":"curtainOK","$v":"ٹھیک ہے"},{"$i":"connectionLost","$v":"کوئی انٹرنیٹ کنیکشن نہیں"},{"$i":"connectionLostMsg","$v":"دوست کی تصویر آپ کے روابط میں شامل نہیں کی جائے گی۔ کسی بھی صورت میں جاری رکھیں؟"},{"$i":"yesOption","$v":"ٹھیک ہے"},{"$i":"noOption","$v":"منسوخ کریں"},{"$i":"waitFriendslive","$v":"آؤٹ لوک سے روابط پڑھنا…"},{"$i":"waitFriendsgmail","$v":"جی میل سے روابط پڑھنا…"},{"$i":"friendsUpdated","$v":{"zero":"کوئی دوست اپ ڈیٹ نہیں کیے گئے","one":"ایک دوست اپ ڈیٹ کیا گیا","two":[{"t":"idOrVar","v":"numFriends"}," دوست اپ ڈیٹ کیے گئے"],"few":[{"t":"idOrVar","v":"numFriends"}," دوست اپ ڈیٹ کیے گئے"],"many":[{"t":"idOrVar","v":"numFriends"}," دوست اپ ڈیٹ کیے گئے"],"other":[{"t":"idOrVar","v":"numFriends"}," دوست اپ ڈیٹ کیے گئے"]},"$x":[{"t":"idOrVar","v":"plural"},"numFriends"]},{"$i":"friendsMerged","$v":{"zero":"کوئی دہرائے گئے دوست نہیں ملائے گئے","one":"ایک دہرایا گیا دوست ملایا گیا","two":[{"t":"idOrVar","v":"numDups"}," دوست ملائے گئے"],"few":[{"t":"idOrVar","v":"numDups"}," دوست ملائے گئے"],"many":[{"t":"idOrVar","v":"numDups"}," دوست ملائے گئے"],"other":[{"t":"idOrVar","v":"numDups"}," دوست ملائے گئے"]},"$x":[{"t":"idOrVar","v":"plural"},"numDups"]},{"$i":"notificationLogin","$v":"آپ کا فیس بک سیشن غیر مجاز ہے۔ براہ کرم سائن ان کریں۔"},{"$i":"syncError","$v":"آپ کے دوست کے ڈیٹا کی ہم وقت سازی کرنے میں کچھ مسئلہ تھا"},{"$i":"progressFB3liveTitle","$v":"آؤٹ لوک سے روابط درآمد کرنا"},{"$i":"progressFB3gmailTitle","$v":"جی میل سے روابط درآمد کرنا"},{"$i":"tcl-calllog-entry-removed-succ-notification","$v":"کال لاگ اندراج نکال دیا گیا"},{"$i":"tcl-calllog-entry-removed-err-notification","$v":"کال لاگ اینٹری ہٹائی نہیں جاسکتی"},{"$i":"addNewNumber","$v":"نیا نمبر شامل کریں"},{"$i":"contactDetails","$v":"رابطہ کی تفصیلات"},{"$i":"addToExistingContact","$v":"موجودہ رابطہ میں شامل کریں"},{"$i":"all","$v":"تمام","ariaLabel":"تمام"},{"$i":"bluetoothOption","ariaLabel":"بلوٹوتھ"},{"$i":"callLog","$v":"کال لاگ"},{"$i":"callLogEdit","title":"کال لاگ کی تدوین کریں"},{"$i":"tcl-option-menu-call-log-edit","$v":"کال لاگ کی تدوین کریں"},{"$i":"callLogEditDialog","ariaLabel":"کال لاگ ڈائلوگ کی تدوین کریں"},{"$i":"tcl-call-log-delete-group-notification","$v":[{"t":"idOrVar","v":"n"}," اندراج حذف کردیے گئے تھے"]},{"$i":"connecting","$v":"مربوط کیا جا رہا ہے"},{"$i":"connectingEllipsis","$v":"مربوط کیا جا رہا ہے..."},{"$i":"call-forwarding-async","$v":["ناہَم زَمان: ",{"t":"idOrVar","v":"async"}]},{"$i":"call-forwarding-data","$v":["ڈيٹا: ",{"t":"idOrVar","v":"data"}]},{"$i":"call-forwarding-error","$v":"کال فارورڈ کرنے کی صورتحال کو بازیافت کرتے وقت نقص واقع ہوا۔"},{"$i":"call-forwarding-fax","$v":["FAX: ",{"t":"idOrVar","v":"fax"}]},{"$i":"call-forwarding-inactive","$v":"غیر فعال"},{"$i":"call-forwarding-packet","$v":["پیکیٹ: ",{"t":"idOrVar","v":"packet"}]},{"$i":"call-forwarding-pad","$v":["PAD: ",{"t":"idOrVar","v":"pad"}]},{"$i":"call-forwarding-sms","$v":["SMS: ",{"t":"idOrVar","v":"sms"}]},{"$i":"call-forwarding-status","$v":"کال فارورڈ کرنے کی صورتحال"},{"$i":"call-forwarding-sync","$v":["ہم وقتی: ",{"t":"idOrVar","v":"sync"}]},{"$i":"call-forwarding-voice","$v":["وائس: ",{"t":"idOrVar","v":"voice"}]},{"$i":"confirm-deletion","$v":"منتخبہ کالز صاف کریں؟"},{"$i":"createNewContact","$v":"نیا اکاؤںٹ بنائیں"},{"$i":"calllog-deselectAll","$v":"سبھی کو غیرمنتخب کریں"},{"$i":"dialerAddContact","ariaLabel":"رابطہ شامل کریں"},{"$i":"dialerAddContactDialog","ariaLabel":"رابطہ کی ڈائلوگ شامل کریں"},{"$i":"callInformation","$v":"کال کی معلومات"},{"$i":"edit-selected","$v":{"one":["(",{"t":"idOrVar","v":"n"},") منتخب شدہ"],"two":["(",{"t":"idOrVar","v":"n"},") منتخب شدہ"],"few":["(",{"t":"idOrVar","v":"n"},") منتخب شدہ"],"many":["(",{"t":"idOrVar","v":"n"},") منتخب شدہ"],"other":["(",{"t":"idOrVar","v":"n"},") منتخب شدہ"]},"$x":[{"t":"idOrVar","v":"plural"},"n"]},{"$i":"tcl-edit-not-selected","$v":"(0) منتخب شدہ"},{"$i":"hideKeypad","ariaLabel":"کی پیڈ چھپائیں"},{"$i":"ignore","$v":"کال کو نظر انداز کریں"},{"$i":"incoming","$v":"آنے والی"},{"$i":"keypad","ariaLabel":"کی پیڈ"},{"$i":"info-missed","$v":"فوت شدہ"},{"$i":"missed","$v":"فوت شدہ","ariaLabel":"فوت شدہ"},{"$i":"dialed","$v":"ڈائل کردہ"},{"$i":"received","$v":"موصول"},{"$i":"canceled","$v":"منسوخ کر دی گئی"},{"$i":"missedCall","$v":"فوت شدہ کال"},{"$i":"missedCallMultiSims","$v":["(سم ",{"t":"idOrVar","v":"n"},") فوت شدہ کال"]},{"$i":"mmi-error","$v":"پیغام بھیجتے وقت ایک نقص واقع ہوا۔"},{"$i":"mmi-session-expired","$v":"سیشن ختم ہوگیا"},{"$i":"mmi-successfully-sent","$v":"پیغامات کامیابی کے ساتھ بھیجا گیا"},{"$i":"mmi-notification-title-with-sim","$v":["(",{"t":"idOrVar","v":"sim"},") ",{"t":"idOrVar","v":"title"}]},{"$i":"mute","ariaLabel":"خاموش"},{"$i":"newCall","ariaLabel":"نیا کال"},{"$i":"no-logs-msg-1","$v":"کوئی کالز ریکارڈ نہیں کیا گيا"},{"$i":"no-logs-msg-2","$v":"ابھی مواصلت شروع کریں"},{"$i":"no-logs-msg-3","$v":"کوئی کالز ریکارڈ نہیں کیا گيا"},{"$i":"no-logs-msg-4","$v":"ابھی مواصلت شروع کریں"},{"$i":"onHoldOption","ariaLabel":"ہولڈ پر"},{"$i":"outgoing","$v":"باہر جانے والی"},{"$i":"recents","ariaLabel":"حالیہ کالز"},{"$i":"reply","$v":"جواب دیں"},{"$i":"calllog-selectAll","$v":"تمام منتخب کریں"},{"$i":"send","$v":"بھیجیں"},{"$i":"switch-calls","$v":"کالز سوئچ کریں"},{"$i":"withheld-number","$v":"نامعلوم"},{"$i":"from-contact","$v":[{"t":"idOrVar","v":"contact"}," سے"]},{"$i":"from-number","$v":[{"t":"idOrVar","v":"number"}," سے"]},{"$i":"from-withheld-number","$v":"نامعلوم نمبر سے"},{"$i":"sending","$v":"بھیج رہا ہے…"},{"$i":"speakerOption","ariaLabel":"اسپیکر"},{"$i":"ussd-services","$v":[{"t":"idOrVar","v":"operator"}," سروس"]},{"$i":"toggleKeypad","ariaLabel":"ٹوگل کی پیڈ"},{"$i":"type-your-response","placeholder":"اپنا جواب ٹائپ کریں…"},{"$i":"clear-all-text","$v":"سبھی متن صاف کریں"},{"$i":"hide","$v":"چھپائیں"},{"$i":"call","$v":"کال کریں"},{"$i":"hold","ariaLabel":"پکڑیں"},{"$i":"resume","$v":"دوبارہ شروع کریں","ariaLabel":"دوبارہ شروع کریں"},{"$i":"sendSms","$v":"پیغام بھیجیں"},{"$i":"callEnded","$v":"کال ختم ہوا"},{"$i":"via-sim","$v":["بذریعہ سم",{"t":"idOrVar","v":"n"}]},{"$i":"sim-number","$v":["سم",{"t":"idOrVar","v":"n"}]},{"$i":"unknown","$v":"نامعلوم"},{"$i":"hangup-a11y-button","ariaLabel":"ختم کریں"},{"$i":"pickup-a11y-button","ariaLabel":"اٹھائیں"},{"$i":"unlock-a11y-button","ariaLabel":"سلائیڈر"},{"$i":"settings","$v":"ترتیبات"},{"$i":"tcl-delete-log","$v":"کیا آپ یقیناً کال لاگ سے منتخبہ اندراجات حذف کرنا چاہتے ہیں؟"},{"$i":"delete-n-log?","$v":{"zero":"منتخب کچھ بھی نہیں","one":"منتخبہ لاگ کو حذف کریں؟","two":[{"t":"idOrVar","v":"n"}," لاگز حذف کریں؟"],"few":[{"t":"idOrVar","v":"n"}," لاگز حذف کریں؟"],"many":[{"t":"idOrVar","v":"n"}," لاگز حذف کریں؟"],"other":[{"t":"idOrVar","v":"n"}," لاگز حذف کریں؟"]},"$x":[{"t":"idOrVar","v":"plural"},"n"]},{"$i":"callDurationMinutes","$v":[{"t":"idOrVar","v":"m"},":",{"t":"idOrVar","v":"s"}]},{"$i":"callDurationHours","$v":[{"t":"idOrVar","v":"h"},":",{"t":"idOrVar","v":"m"},":",{"t":"idOrVar","v":"s"}]},{"$i":"callDurationTextFormatSeconds","$v":[{"t":"idOrVar","v":"s"}," سیکنڈ"]},{"$i":"callDurationTextFormatMinutes","$v":[{"t":"idOrVar","v":"m"}," منٹ ",{"t":"idOrVar","v":"s"}," سیکنڈ"]},{"$i":"callDurationTextFormatHours","$v":[{"t":"idOrVar","v":"h"}," گھنٹہ ",{"t":"idOrVar","v":"m"}," منٹ ",{"t":"idOrVar","v":"s"}," سیکنڈ"]},{"$i":"suggestionMatches","$v":{"one":["\"",{"t":"idOrVar","v":"matchNumber"},"\" کیلئے ",{"t":"idOrVar","v":"n"}," میچ"],"two":["\"",{"t":"idOrVar","v":"matchNumber"},"\" کیلئے ",{"t":"idOrVar","v":"n"}," میچ"],"few":["\"",{"t":"idOrVar","v":"matchNumber"},"\" کیلئے ",{"t":"idOrVar","v":"n"}," میچ"],"many":["\"",{"t":"idOrVar","v":"matchNumber"},"\" کیلئے ",{"t":"idOrVar","v":"n"}," میچ"],"other":["\"",{"t":"idOrVar","v":"matchNumber"},"\" کیلئے ",{"t":"idOrVar","v":"n"}," میچ"]},"$x":[{"t":"idOrVar","v":"plural"},"n"]},{"$i":"scCallBarring","$v":"کال بارنگ"},{"$i":"scCallForwarding","$v":"کال فارورڈ کرنا"},{"$i":"scClip","$v":"‏ان کمنگ کالر ID"},{"$i":"scClir","$v":"‏آؤٹ گوئنگ کالر ID"},{"$i":"scPwd","$v":"پاس ورڈ میں تبدیلی"},{"$i":"scCallWaiting","$v":"کال منتظر"},{"$i":"scPin","$v":"‏PIN میں تبدیلی"},{"$i":"scPin2","$v":"PIN2 تبدیل"},{"$i":"scPuk","$v":"ان بلاک PIN"},{"$i":"scPuk2","$v":"ان بلاک PIN2"},{"$i":"scImei","$v":"IMEI"},{"$i":"scMeid","$v":"MEID"},{"$i":"scUssd","$v":"USSD"},{"$i":"serviceClassVoice","$v":"آواز"},{"$i":"serviceClassData","$v":"ڈیٹا"},{"$i":"serviceClassFax","$v":"FAX"},{"$i":"serviceClassSms","$v":"SMS"},{"$i":"serviceClassDataSync","$v":"مطابقت پذیری کریں"},{"$i":"serviceClassDataAsync","$v":"Async"},{"$i":"serviceClassPacket","$v":"پیکٹ"},{"$i":"serviceClassPad","$v":"PAD"},{"$i":"smServiceEnabled","$v":"سروس فعال شدہ تھی"},{"$i":"smServiceDisabled","$v":"سروس غیر فعال کردی گئی ہے"},{"$i":"smServiceRegistered","$v":"رجسٹریشن کامیاب تھا"},{"$i":"smServiceErased","$v":"حذف کرنا کامیاب رہا"},{"$i":"smServiceInterrogated","$v":"درخواست ناکام ہوئی تھی"},{"$i":"smServiceNotProvisioned","$v":"سروس فراہم نہیں کی گئی"},{"$i":"smClirPermanent","$v":"آپ کالر آئی ڈی سیٹنگ تبدیل نہیں کر سکتے ہیں"},{"$i":"smClirDefaultOnNextCallOn","$v":"کالر ID ڈیفالٹس محدود کرنا۔ اگلی کال: محدود"},{"$i":"smClirDefaultOnNextCallOff","$v":"کالر ID ڈیفالٹس محدود کرنا۔ اگلی کال: محدود نہیں"},{"$i":"smClirDefaultOffNextCallOn","$v":"کالر ID ڈیفالٹس محدود نہ کرنا۔ اگلی کال: محدود"},{"$i":"smClirDefaultOffNextCallOff","$v":"کالر ID ڈیفالٹس محدود نہ کرنا۔ اگلی کال: محدود نہیں"},{"$i":"smServiceEnabledFor","$v":"سروس فعال کی گئی برائے:"},{"$i":"smPinChanged","$v":"PIN کامیابی کے ساتھ تبدیل ہوگئی"},{"$i":"smPinUnblocked","$v":"PIN کامیابی کے ساتھ انبلاک ہوگئی"},{"$i":"smPin2Changed","$v":"PIN2 کامیابی کے ساتھ تبدیل ہوگئی"},{"$i":"smPin2Unblocked","$v":"PIN2 کامیابی کے ساتھ ان بلاک ہوگئی"},{"$i":"ServiceIsEnabled","$v":"سروس فعال ہے"},{"$i":"ServiceIsDisabled","$v":"سروس غیر فعال ہے"},{"$i":"ServiceIsEnabledFor","$v":"سروس فعال ہے برائے:"},{"$i":"emMmiError","$v":"کنیکشن کا نقص یا غیر مجاز MMI کوڈ"},{"$i":"emMmiErrorPasswordIncorrect","$v":"غلط پاس ورڈ"},{"$i":"emMmiErrorNotSupported","$v":"غیر مجاز یا غیر تائید یافتہ MMI کوڈ"},{"$i":"emMmiErrorInvalidAction","$v":"غیر مجاز عمل"},{"$i":"emMmiErrorInvalidScCode","$v":"غیر مجاز سروس کوڈ"},{"$i":"emMmiErrorBadPuk","$v":"آپ نے جو PUK ٹائپ کی ہے وہ غلط ہے"},{"$i":"emMmiErrorBadPin","$v":"آپ نے جو پرانی PIN ٹائپ کی ہے وہ غلط ہے۔"},{"$i":"emMmiErrorNeedPuk2","$v":"سم کارڈ کو ان بلاک کرنے کیلئے PUK2 ٹائپ کریں"},{"$i":"emMmiErrorMismatchPin","$v":"آپ نے جو PINs ٹائپ کی ہیں وہ میل نہیں کھاتی"},{"$i":"emMmiErrorInvalidPin","$v":"PIN ٹائپ کریں جو 4 سے 8 اعداد پر مشتمل ہو"},{"$i":"emMmiErrorNeedsPuk","$v":"آپ کا سم کارڈ PUK لاک ہوگیا ہے"},{"$i":"emMmiErrorEnablePin","$v":"ناکامیاب۔ SIM/RUIM LOCK فعال کریں"},{"$i":"emMmiErrorMmiFdn","$v":"آپریشن صرف طئے شدہ ڈائلنگ نمبرز کیلئے محدود ہے"},{"$i":"emMmiErrorStkCcUssdDial","$v":"‏USSD درخواست میں ترمیم کر کے DIAL درخواست بنا دی گئی ہے۔"},{"$i":"emMmiErrorStkCcUssdSs","$v":"‏USSD درخواست میں ترمیم کر کے SS درخواست بنا دی گئی ہے۔"},{"$i":"emMmiErrorStkCcUssdUssd","$v":"‏USSD درخواست میں ترمیم کر کے نئی USSD درخواست بنا دی گئی ہے۔"},{"$i":"emMmiErrorStkCcSsDial","$v":"SS کی درخواست کی ڈائل کی درخواست میں ترمیم کر دی گئی ہے"},{"$i":"emMmiErrorStkCcSsUssd","$v":"‏SS درخواست میں ترمیم کر کے USSD درخواست بنا دی گئی ہے۔"},{"$i":"emMmiErrorStkCcSsSs","$v":"SS کی درخواست کی نئی SS کی درخواست میں ترمیم کر دی گئی ہے"},{"$i":"emMmiErrorPinPukAttempts","$v":{"one":["صرف ",{"t":"idOrVar","v":"n"}," کوشش باقی ہے"],"two":[{"t":"idOrVar","v":"n"}," کوششیں باقی ہے"],"few":[{"t":"idOrVar","v":"n"}," کوششیں باقی ہے"],"many":[{"t":"idOrVar","v":"n"}," کوششیں باقی ہے"],"other":[{"t":"idOrVar","v":"n"}," کوششیں باقی ہے"]},"$x":[{"t":"idOrVar","v":"plural"},"n"]},{"$i":"emMmiErrorSimBlocked","$v":"دوبارہ کوشش کرنے کے زیادہ سے زیادہ مواقع سے تجاوز کر گیا۔ سم بلاک ہوگیا۔"},{"$i":"RadioNotAvailable","$v":"ریڈیو دستیاب نہیں ہے"},{"$i":"GenericFailure","$v":"کلی ناکامی"},{"$i":"PasswordIncorrect","$v":"پاس ورڈ غلط ہے"},{"$i":"SimPin2","$v":"سم پن2"},{"$i":"SimPuk2","$v":"سم PUK2"},{"$i":"RequestNotSupported","$v":"درخواست تعاون یافتہ نہیں ہے"},{"$i":"OpNotAllowedDuringVoiceCall","$v":"وائس کال کے دوران آپریشن کی اجازت نہیں ہے"},{"$i":"SmsSendFailRetry","$v":"SMS بھیجنا ناکام دوبارہ کوشش کریں"},{"$i":"SimAbsent","$v":"سم غیر حاضر"},{"$i":"SubscriptionNotAvailable","$v":"سبسکرپشن دستیاب نہیں ہے"},{"$i":"ModeNotSupported","$v":"موڈ تعاون نہیں کرتا"},{"$i":"FdnCheckFailure","$v":"Fdn کی ناکامی"},{"$i":"IllegalSimOrMe","$v":"غیر قانونی سم یا ME"},{"$i":"DialModifiedToUssd","$v":"ڈائل کی USSD پر ترمیم کی گئی"},{"$i":"DialModifiedToSs","$v":"ڈائل کی SS پر ترمیم کی گئی"},{"$i":"DialModifiedToDial","$v":"ڈائل کی ڈائل پر ترمیم کی گئی"},{"$i":"UssdModifiedToDial","$v":"USSD کی ڈائل میں تریم کردی گئی"},{"$i":"UssdModifiedToSs","$v":"USSD کی SS میں تریم کردی گئی"},{"$i":"UssdModifiedToUssd","$v":"USSD کی USSD میں تریم کردی گئی"},{"$i":"SsModifiedToDial","$v":"SS کی ڈائل میں تریم کردی گئی"},{"$i":"SsModifiedToUssd","$v":"SS کی USSD میں تریم کردی گئی"},{"$i":"SsModifiedToSs","$v":"SS کی SS میں تریم کردی گئی"},{"$i":"SubscriptionNotSupported","$v":"سبسکرپشن تعاون یافتہ نہیں ہے"},{"$i":"InvalidParameter","$v":"غلط پیمانہ"},{"$i":"RejectedByRemote","$v":"ریموٹ کے ذریعے مسترد کیا گیا"},{"$i":"conferenceCall","$v":["کانفرنس (",{"t":"idOrVar","v":"n"},")"]},{"$i":"caller-left-call","$v":[{"t":"idOrVar","v":"caller"}," نے کال چھوڑ دیا۔"]},{"$i":"conferenceAddError","$v":"کالز ضم کرنے سے قاصر"},{"$i":"conferenceRemoveError","$v":"کالز علحدہ کرنے سے قاصر"},{"$i":"longDateFormat","$v":"%A, %B %e"},{"$i":"select-audio-sources","$v":"آڈیو سورس منتخب کریں"},{"$i":"bluetooth-handsfree-device","$v":"بلوٹوتھ ہینڈز فری آلہ"},{"$i":"receiver","$v":"وصول کنندہ"},{"$i":"speaker","$v":"اسپیکر"},{"$i":"tcl-cancel","$v":"منسوخ کریں"},{"$i":"tcl-dialer","$v":"ڈائلر"},{"$i":"tcl-confirmation","$v":"توثیق کاری"},{"$i":"log-item","$v":"اختیارات"},{"$i":"tcl-assign-speed-dial","$v":{"$o":["رابطہ کو بٹن \"",{"t":"idOrVar","v":"speedDial"},"\" پر بطور تیز ڈائل شامل نہیں کیا گیا تھا۔ <br><br>ابھی تفویض کریں؟"]}},{"$i":"tcl-assign","$v":"تفویض کریں"},{"$i":"select","$v":"منتخب کریں"},{"$i":"view-all","$v":"سبھی دیکھیں"},{"$i":"search-results","$v":"تلاش کے نتائج"},{"$i":"no-recent-numbers","$v":"ڈائل کرنے کیلئے کال لاگز میں کوئی حالیہ نمبرات موجود نہیں ہے۔"},{"$i":"wifi-calling","$v":"WiFi کالنگ"},{"$i":"dialer-prompt","$v":"نمبر ڈائل کریں یا کال میں شامل کرنے کیلئے رابطہ منتخب کریں"},{"$i":"hours","$v":"گھنٹے"},{"$i":"minutes","$v":"منٹس"},{"$i":"seconds","$v":"سیکنڈز"},{"$i":"voicemailNoNumberTitle","$v":"وائس میل نمبر دستیاب نہیں ہے"},{"$i":"voicemailNoNumberText","$v":"وائس میل کال کرنے سے قاصر۔ کال کرنے کیلئے وائس میل نمبر سیٹ اپ کریں۔"},{"$i":"voicemailNoNumberSettings","$v":"ترتیبات"},{"$i":"voicemailNoNumberCancel","$v":"منسوخ کریں"},{"$i":"phoneNumberInput","ariaLabel":"فون نمبر"},{"$i":"keypadDelete","ariaLabel":"حذف کریں"},{"$i":"voiceMailKey","ariaLabel":"صوتی میل"},{"$i":"asterisk","ariaLabel":"ستارہ کا نشان"},{"$i":"hashSign","ariaLabel":"ہیش سائن"},{"$i":"loadingSimContacts","$v":"سم کارڈ کے روابط لوڈ ہورہے ہیں…"},{"$i":"noContactsWereFound","$v":"کوئی روابط نہیں ملے تھے"},{"$i":"noContactsFoundDialogOk","$v":"ٹھیک ہے"},{"$i":"emergencyNumber","$v":"ہنگامی نمبر"},{"$i":"callAirplaneModeMessage","$v":"کال کرنے کیلئے آپ کو سیٹنگز میں ہوائی جہاز موڈ غیر فعال کرنے کی ضرورت ہوگی۔"},{"$i":"callAirplaneModeBtnOk","$v":"ٹھیک ہے"},{"$i":"callAirplaneModeTitle","$v":"ایئر پلین موڈ فعال شدہ"},{"$i":"numberIsBusyTitle","$v":"نمبر مصروف ہے"},{"$i":"numberIsBusyMessage","$v":"نمبر فی الحال مصروف ہے۔ براہ کرم بعد ازاں دوبارہ کوشش کریں۔"},{"$i":"fdnIsActiveTitle","$v":"FDN فعال"},{"$i":"fdnIsActiveMessage","$v":["FDN (فکسڈ ڈائلنگ نمبرز) فعال شدہ ہے اور مندرجہ ذیل نمبر آپ کی FDN فہرست میں نہیں ہے: ",{"t":"idOrVar","v":"number"}]},{"$i":"emergencyDialogBodyBadNumber","$v":"کال کرنے کیلئے، فون کو نیٹ ورک سے جڑا ہونا ضروری ہے۔"},{"$i":"emergencyDialogBodyDeviceNotAccepted","$v":"ہنگامی کالز نیٹ ورک کے ذریعے اجازت یافتہ نہیں ہے۔"},{"$i":"emergencyDialogBtnOk","$v":"ٹھیک ہے"},{"$i":"emergencyDialogTitle","$v":"کوئی نیٹ ورک کنکشن نہیں"},{"$i":"invalidNumberToDialTitle","$v":"غیر مجاز فون نمبر"},{"$i":"invalidNumberToDialMessage","$v":"آپ جس نمبر پر کال کررہے ہیں وہ غلط ہے۔"},{"$i":"unableToCallTitle","$v":"ابھی فون کال کرنے سے قاصر"},{"$i":"unableToCallMessage","$v":"کال نہیں کیا جاسکتا۔ اگر آپ پہلے سے ڈاؤن لوڈ کررہے ہیں، تو براہ کرم پہلے فون کاٹ دیں۔"},{"$i":"otherConnectionInUseTitle","$v":"دوسرا کنیکشن زیر استعمال ہے"},{"$i":"otherConnectionInUseMessage","$v":"دیگر کنیکشن پر آپ کا کوئی فعال کال ہے۔ آپ ایک وقت میں صرف ایک کنیکشن استعمال کر سکتے ہیں۔"},{"$i":"tcl-call-log","$v":"کال لاگ"},{"$i":"tcl-contacts","$v":"رابطے"},{"$i":"tcl-call","$v":"کال کریں"},{"$i":"tcl-add-contact","$v":"موجودہ رابطہ میں شامل کریں"},{"$i":"tcl-create-contact","$v":"نیا اکاؤںٹ بنائیں"},{"$i":"tcl-add-speed-dial","$v":"سپیڈ ڈائل میں شامل کریں"},{"$i":"sim-with-index-and-carrier","$v":["SIM ",{"t":"idOrVar","v":"index"}," - ",{"t":"idOrVar","v":"carrier"}]},{"$i":"sim-without-carrier","$v":["SIM ",{"t":"idOrVar","v":"index"}]}]