[{"$i":"tcl-calllog-entry-removed-succ-notification","$v":"কল ল’গ প্ৰবিষ্টি আঁতৰোৱা হৈছে"},{"$i":"tcl-calllog-entry-removed-err-notification","$v":"কল ল’গ প্ৰবিষ্টি আতৰাব পৰা নাযাব"},{"$i":"addNewNumber","$v":"নতুন নম্বৰ যোগ কৰক"},{"$i":"contactDetails","$v":"কনটেক্ট বিৱৰণসমূহ"},{"$i":"addToExistingContact","$v":"বিদ্যমান কনটেক্টলৈ যোগ কৰক"},{"$i":"all","$v":"সকলো","ariaLabel":"সকলো"},{"$i":"bluetoothOption","$v":""},{"$i":"callLog","$v":"কল ল’গ"},{"$i":"callLogEdit","title":"কল ল’গ সম্পাদনা কৰক"},{"$i":"tcl-option-menu-call-log-edit","$v":"কল ল’গ সম্পাদনা কৰক"},{"$i":"callLogEditDialog","ariaLabel":"কল ল’গ সংলাপ সম্পাদনা কৰক"},{"$i":"tcl-call-log-delete-group-notification","$v":[{"t":"idOrVar","v":"n"}," প্ৰবিষ্টিসমূহ বিলোপ কৰা হৈছে"]},{"$i":"connecting","$v":"কলিং"},{"$i":"connectingEllipsis","$v":"সংযোগ হৈ আছে..."},{"$i":"call-forwarding-async","$v":["অচিংক্ৰ’নাস: ",{"t":"idOrVar","v":"async"}]},{"$i":"call-forwarding-data","$v":["ডাটা: ",{"t":"idOrVar","v":"data"}]},{"$i":"call-forwarding-error","$v":"কল ফৰৱাৰ্ডিং স্থিতি পুনৰুদ্ধাৰ কৰি থকা সময়ত এটা ত্ৰুটি হৈছে"},{"$i":"call-forwarding-fax","$v":["FAX: ",{"t":"idOrVar","v":"fax"}]},{"$i":"call-forwarding-inactive","$v":"নিষ্ক্ৰিয় কৰক"},{"$i":"call-forwarding-packet","$v":["পেকেট: ",{"t":"idOrVar","v":"packet"}]},{"$i":"call-forwarding-pad","$v":["PAD: ",{"t":"idOrVar","v":"pad"}]},{"$i":"call-forwarding-sms","$v":["SMS: ",{"t":"idOrVar","v":"sms"}]},{"$i":"call-forwarding-status","$v":"কল ফৰৱাৰ্ডিং স্থিতি"},{"$i":"call-forwarding-sync","$v":["চিংক্ৰ’নাস: ",{"t":"idOrVar","v":"sync"}]},{"$i":"call-forwarding-voice","$v":["ভইচ: ",{"t":"idOrVar","v":"voice"}]},{"$i":"close","$v":"বন্ধ কৰক"},{"$i":"confirm-deletion","$v":"বাছনি কৰা কলসমূহ পৰিষ্কাৰ কৰিবনে?"},{"$i":"contacts","ariaLabel":"কনটেক্টসমূহ"},{"$i":"createNewContact","$v":"নতুন কনটেক্ট বনাওক"},{"$i":"delete","$v":"বিলোপ কৰক"},{"$i":"calllog-deselectAll","$v":"সকলোবোৰ অ-বাছনি কৰক"},{"$i":"dialerAddContact","$v":""},{"$i":"dialerAddContactDialog","ariaLabel":"কনটেক্ট সংলাপ যোগ কৰক"},{"$i":"callInformation","$v":"কল তথ্য"},{"$i":"edit-selected","$v":{"one":["বাছনিযুক্ত (",{"t":"idOrVar","v":"n"},")"],"two":["বাছনিযুক্ত (",{"t":"idOrVar","v":"n"},")"],"few":["বাছনিযুক্ত (",{"t":"idOrVar","v":"n"},")"],"many":["বাছনিযুক্ত (",{"t":"idOrVar","v":"n"},")"],"other":["বাছনিযুক্ত (",{"t":"idOrVar","v":"n"},")"]},"$x":[{"t":"idOrVar","v":"plural"},"n"]},{"$i":"tcl-edit-not-selected","$v":"বাছনিযুক্ত (0)"},{"$i":"edit","$v":"সম্পাদনা কৰক"},{"$i":"hideKeypad","ariaLabel":"কীপেড লুকুৱাওক"},{"$i":"ignore","$v":""},{"$i":"incoming","$v":"ইনকামিং"},{"$i":"keypad","ariaLabel":"কীপেড"},{"$i":"makeCall","$v":""},{"$i":"merge","$v":""},{"$i":"info-missed","$v":"মিছ্ড"},{"$i":"missed","$v":"মিছ্ড","ariaLabel":"মিছ্ড"},{"$i":"dialed","$v":"ডায়েল কৰা হৈছে"},{"$i":"received","$v":"প্ৰাপ্ত কৰা হৈছে"},{"$i":"canceled","$v":"বাতিল কৰা হল"},{"$i":"missedCall","$v":"মিছ্ড কল"},{"$i":"missedCallMultiSims","$v":["(চিম ",{"t":"idOrVar","v":"n"},") মিছ্ড কল"]},{"$i":"mmi-error","$v":"বাৰ্তাটো প্ৰেৰণ কৰি থাকোতে এটা ত্ৰুটি হৈছে"},{"$i":"mmi-session-expired","$v":"চেছনৰ ম্যাদ উকলিল"},{"$i":"mmi-successfully-sent","$v":"বাৰ্তা সফলভাৱে প্ৰেৰণ কৰা হ’ল"},{"$i":"mmi-notification-title-with-sim","$v":["(",{"t":"idOrVar","v":"sim"},") ",{"t":"idOrVar","v":"title"}]},{"$i":"mute","$v":""},{"$i":"newCall","$v":""},{"$i":"no-logs-msg-1","$v":"কোনো কল ৰেকৰ্ড হোৱা নাই"},{"$i":"no-logs-msg-2","$v":"এতিয়া যোগাযোগ আৰম্ভ কৰক"},{"$i":"no-logs-msg-3","$v":"কোনো কল ৰেকৰ্ড হোৱা নাই"},{"$i":"no-logs-msg-4","$v":"এতিয়া যোগাযোগ আৰম্ভ কৰক"},{"$i":"onHoldOption","$v":""},{"$i":"outgoing","$v":"আডটগ’য়িং"},{"$i":"recents","ariaLabel":"শেহতীয়া কলসমূহ"},{"$i":"reply","$v":"উত্তৰ দিয়ক"},{"$i":"calllog-selectAll","$v":"সকলোবোৰ বাছনি কৰক"},{"$i":"send","$v":"প্ৰেৰণ কৰক"},{"$i":"switch-calls","$v":"কলসমূহ চুইট্চ কৰক"},{"$i":"today","$v":"আজি"},{"$i":"withheld-number","$v":"অজ্ঞাত"},{"$i":"from-contact","$v":[{"t":"idOrVar","v":"contact"},"ৰ পৰা"]},{"$i":"from-number","$v":[{"t":"idOrVar","v":"number"},"ৰ পৰা"]},{"$i":"from-withheld-number","$v":"অজ্ঞাত নম্বৰৰ পৰা"},{"$i":"yesterday","$v":"যোৱাকালি"},{"$i":"sending","$v":"প্ৰেৰণ কৰি আছে..."},{"$i":"speakerOption","$v":""},{"$i":"ussd-services","$v":[{"t":"idOrVar","v":"operator"}," সেৱাসমূহ"]},{"$i":"toggleKeypad","$v":""},{"$i":"type-your-response","placeholder":"আপোনাৰ সঁহাৰি টাইপ কৰক…"},{"$i":"clear-all-text","$v":"সকলোবোৰ টেক্সট্ চাফা কৰক"},{"$i":"hide","$v":"লুকুৱাওক"},{"$i":"call","$v":"কল কৰক"},{"$i":"hold","$v":"হ’ল্ড"},{"$i":"resume","$v":"পুনৰ আৰম্ভ কৰক","ariaLabel":"পুনৰ আৰম্ভ কৰক"},{"$i":"sendSms","$v":"বাৰ্তা প্ৰেৰণ কৰক"},{"$i":"callEnded","$v":"কল সমাপ্ত হ’ল"},{"$i":"via-sim","$v":["চিম",{"t":"idOrVar","v":"n"}," যোগে"]},{"$i":"sim-number","$v":["চিম",{"t":"idOrVar","v":"n"}]},{"$i":"unknown","$v":"অজ্ঞাত"},{"$i":"cancel","$v":"বাতিল কৰক"},{"$i":"hangup-a11y-button","$v":""},{"$i":"pickup-a11y-button","$v":""},{"$i":"unlock-a11y-button","ariaLabel":"শ্লাইডাৰ"},{"$i":"settings","$v":"ছেটিংছ"},{"$i":"tcl-delete-log","$v":"আপুনি কল ল’গৰ পৰা বাছনি কৰা প্ৰবিষ্টিসমূহ বিলোপ কৰিবলৈ বিচাৰেনে?"},{"$i":"delete-n-log?","$v":{"zero":"একোৱেই বাছনি কৰা নাই","one":"বাছনি কৰা ল’গ বিলোপ কৰিব?","two":[{"t":"idOrVar","v":"n"}," ল’গ বিলোপ কৰিব?"],"few":[{"t":"idOrVar","v":"n"}," ল’গ বিলোপ কৰিব?"],"many":[{"t":"idOrVar","v":"n"}," ল’গ বিলোপ কৰিব?"],"other":[{"t":"idOrVar","v":"n"}," ল’গ বিলোপ কৰিব?"]},"$x":[{"t":"idOrVar","v":"plural"},"n"]},{"$i":"composeEmail","ariaLabel":"ইমেইল"},{"$i":"emailDetail","ariaLabel":"ইমেইল"},{"$i":"phoneDetail","ariaLabel":"ফোন"},{"$i":"send-sms-button","ariaLabel":"SMS"},{"$i":"separator","$v":","},{"$i":"callDurationMinutes","$v":[{"t":"idOrVar","v":"m"},":",{"t":"idOrVar","v":"s"}]},{"$i":"callDurationHours","$v":[{"t":"idOrVar","v":"h"},":",{"t":"idOrVar","v":"m"},":",{"t":"idOrVar","v":"s"}]},{"$i":"callDurationTextFormatSeconds","$v":[{"t":"idOrVar","v":"s"}," ছেকেণ্ড"]},{"$i":"callDurationTextFormatMinutes","$v":[{"t":"idOrVar","v":"m"}," মিনিট ",{"t":"idOrVar","v":"s"}," ছেকেণ্ড"]},{"$i":"callDurationTextFormatHours","$v":[{"t":"idOrVar","v":"h"}," ঘণ্টা ",{"t":"idOrVar","v":"m"}," মিনিট ",{"t":"idOrVar","v":"s"}," ছেকেণ্ড"]},{"$i":"suggestionMatches","$v":{"one":["\"",{"t":"idOrVar","v":"matchNumber"},"\"ৰ বাবে ",{"t":"idOrVar","v":"n"}," মিলিছে"],"two":["\"",{"t":"idOrVar","v":"matchNumber"},"\"ৰ বাবে ",{"t":"idOrVar","v":"n"}," মিলিছে"],"few":["\"",{"t":"idOrVar","v":"matchNumber"},"\"ৰ বাবে ",{"t":"idOrVar","v":"n"}," মিলিছে"],"many":["\"",{"t":"idOrVar","v":"matchNumber"},"\"ৰ বাবে ",{"t":"idOrVar","v":"n"}," মিলিছে"],"other":["\"",{"t":"idOrVar","v":"matchNumber"},"\"ৰ বাবে ",{"t":"idOrVar","v":"n"}," মিলিছে"]},"$x":[{"t":"idOrVar","v":"plural"},"n"]},{"$i":"scCallBarring","$v":"কল প্ৰতিবন্ধকতা"},{"$i":"scCallForwarding","$v":"কল ফৰৱাৰ্ডিং"},{"$i":"scClip","$v":"ইনকামিং কলাৰ ID"},{"$i":"scClir","$v":"আউটগ’য়িং কলাৰ ID"},{"$i":"scPwd","$v":"পাছৱৰ্ড পৰিৱৰ্তন কৰক"},{"$i":"scCallWaiting","$v":"কল অপেক্ষাৰত"},{"$i":"scPin","$v":"পিন পৰিৱৰ্তন কৰক"},{"$i":"scPin2","$v":"পিন2 ৰ পৰিৱৰ্তন"},{"$i":"scPuk","$v":"পিন আনব্লক কৰক"},{"$i":"scPuk2","$v":"পিন2 আনব্লক কৰক"},{"$i":"scImei","$v":"IMEI"},{"$i":"scMeid","$v":"MEID"},{"$i":"scUssd","$v":"USSD"},{"$i":"serviceClassVoice","$v":"ভইচ"},{"$i":"serviceClassData","$v":"ডাটা"},{"$i":"serviceClassFax","$v":"FAX"},{"$i":"serviceClassSms","$v":"SMS"},{"$i":"serviceClassDataSync","$v":"চিংক"},{"$i":"serviceClassDataAsync","$v":"এচিংক"},{"$i":"serviceClassPacket","$v":"পেকেট"},{"$i":"serviceClassPad","$v":"PAD"},{"$i":"smServiceEnabled","$v":"সেৱা সক্ষম কৰা হৈছিল"},{"$i":"smServiceDisabled","$v":"সেৱা অক্ষম কৰা হৈছে"},{"$i":"smServiceRegistered","$v":"পঞ্জীয়ন সফল হৈছিল"},{"$i":"smServiceErased","$v":"বিলোপকৰণ সফল হ’ল"},{"$i":"smServiceInterrogated","$v":"অনুৰোধ সফল হৈছিল"},{"$i":"smServiceNotProvisioned","$v":"সেৱাৰ সুবিধা নাই"},{"$i":"smClirPermanent","$v":"আপুনি কলাৰ ID ছেটিংছ পৰিৱৰ্তন কৰিব নোৱাৰে"},{"$i":"smClirDefaultOnNextCallOn","$v":"ক’লাৰ ID ডিফ’ল্টৰূপে প্ৰতিবন্ধিত কৰা হৈছে। পৰৱৰ্তী কল: প্ৰতিবন্ধিত"},{"$i":"smClirDefaultOnNextCallOff","$v":"ক’লাৰ ID ডিফ’ল্টৰূপে প্ৰতিবন্ধিত কৰা হৈছে। পৰৱৰ্তী কল: প্ৰতিবন্ধিত নহয়"},{"$i":"smClirDefaultOffNextCallOn","$v":"ক’লাৰ ID ডিফ’ল্টৰূপে অপ্ৰতিবন্ধিত কৰা হৈছে। পৰৱৰ্তী কল: প্ৰতিবন্ধিত"},{"$i":"smClirDefaultOffNextCallOff","$v":"ক’লাৰ ID ডিফ’ল্টৰূপে অপ্ৰতিবন্ধিত কৰা হৈছে। পৰৱৰ্তী কল: প্ৰতিবন্ধিত নহয়"},{"$i":"smServiceEnabledFor","$v":"সেৱা ইয়াৰ বাবে সক্ষম হৈছিল:"},{"$i":"smPinChanged","$v":"পিন সফলভাৱে পৰিৱৰ্তন কৰা হ’ল"},{"$i":"smPinUnblocked","$v":"পিন সফলভাৱে আনব্লক কৰা হ’ল"},{"$i":"smPin2Changed","$v":"পিন2 সফলভাৱে পৰিৱৰ্তন কৰা হ’ল"},{"$i":"smPin2Unblocked","$v":"পিন2 সফলভাৱে আনব্লক কৰা হ’ল"},{"$i":"ServiceIsEnabled","$v":"সেৱা সক্ষম কৰা হৈছে"},{"$i":"ServiceIsDisabled","$v":"সেৱা অক্ষম কৰা হৈছে"},{"$i":"ServiceIsEnabledFor","$v":"সেৱা ইয়াৰ বাবে সক্ষম হৈছে:"},{"$i":"emMmiError","$v":"সংযোগ সমস্যা বা অবৈধ MMI ক’ড"},{"$i":"emMmiErrorPasswordIncorrect","$v":"অশুদ্ধ পাছৱৰ্ড"},{"$i":"emMmiErrorNotSupported","$v":"অবৈধ বা অসমৰ্থিত MMI ক’ড"},{"$i":"emMmiErrorInvalidAction","$v":"অবৈধ কাৰ্য্য"},{"$i":"emMmiErrorInvalidScCode","$v":"অবৈধ সেৱা ক’ড"},{"$i":"emMmiErrorBadPuk","$v":"আপুনি টাইপ কৰা PUK টো শুদ্ধ নহয়"},{"$i":"emMmiErrorBadPin","$v":"আপুনি টাইপ কৰা পুৰণা পিনটো শুদ্ধ নহয় ৷"},{"$i":"emMmiErrorNeedPuk2","$v":"চিম কাৰ্ড আনব্লক কৰিবলৈ PUK2 টাইপ কৰক"},{"$i":"emMmiErrorMismatchPin","$v":"আপুনি টাইপ কৰা পিন মিলা নাই"},{"$i":"emMmiErrorInvalidPin","$v":"4 ৰ পৰা 8 সংখ্যাৰ এটা পিন টাইপ কৰক"},{"$i":"emMmiErrorNeedsPuk","$v":"আপোনাৰ চিম কাৰ্ড PUK লক হয়"},{"$i":"emMmiErrorEnablePin","$v":"অসফল ৷ SIM/RUIM লক সক্ষম কৰক"},{"$i":"emMmiErrorMmiFdn","$v":"কেৱল ফিক্সড ডায়েলিং নম্বৰৰ কাৰণেহে অপাৰেচন প্ৰতিবন্ধিত কৰা হৈছে"},{"$i":"emMmiErrorStkCcUssdDial","$v":"USSD অনুৰোধক ডায়েল অনুৰোধলৈ সংশোধন কৰা হৈছে ৷"},{"$i":"emMmiErrorStkCcUssdSs","$v":"USSD অনুৰোধক SS অনুৰোধলৈ সংশোধন কৰা হৈছে ৷"},{"$i":"emMmiErrorStkCcUssdUssd","$v":"USSD অনুৰোধক নতুন USSD অনুৰোধলৈ সংশোধন কৰা হৈছে ৷"},{"$i":"emMmiErrorStkCcSsDial","$v":"SS অনুৰোধ ডায়েল অনুৰোধলৈ সংশোধন কৰা হৈছে"},{"$i":"emMmiErrorStkCcSsUssd","$v":"SS অনুৰোধ USSD অনুৰোধলৈ সংশোধন কৰা হৈছে ৷"},{"$i":"emMmiErrorStkCcSsSs","$v":"SS অনুৰোধ নতুন SS অনুৰোধলৈ সংশোধন কৰা হৈছে"},{"$i":"emMmiErrorPinPukAttempts","$v":{"one":["কেৱল ",{"t":"idOrVar","v":"n"}," প্ৰচেষ্টা বাকী আছে"],"two":[{"t":"idOrVar","v":"n"}," প্ৰচেষ্টা বাকী আছে"],"few":[{"t":"idOrVar","v":"n"}," প্ৰচেষ্টা বাকী আছে"],"many":[{"t":"idOrVar","v":"n"}," প্ৰচেষ্টা বাকী আছে"],"other":[{"t":"idOrVar","v":"n"}," প্ৰচেষ্টা বাকী আছে"]},"$x":[{"t":"idOrVar","v":"plural"},"n"]},{"$i":"emMmiErrorSimBlocked","$v":"পুনঃচেষ্টাৰ সৰ্বাধিক সংখ্যা অতিক্ৰম হৈছে ৷ চিম ব্লক কৰা হৈছে"},{"$i":"RadioNotAvailable","$v":"ৰেডিঅ’ উপলব্ধ নহয়"},{"$i":"GenericFailure","$v":"সামান্য বিফলতা"},{"$i":"PasswordIncorrect","$v":"পাছৱৰ্ড অশুদ্ধ"},{"$i":"SimPin2","$v":"চিম পিন2"},{"$i":"SimPuk2","$v":"চিম PUK2"},{"$i":"RequestNotSupported","$v":"অনুৰোধ সমৰ্থিত নহয়"},{"$i":"OpNotAllowedDuringVoiceCall","$v":"ভইচ কল চলি থকা সময়ত অপাৰেচন অনুমোদিত নহয়"},{"$i":"SmsSendFailRetry","$v":"SMS প্ৰেৰণ কৰাত বিফল পুনঃচেষ্টা কৰক"},{"$i":"SimAbsent","$v":"চিম নাই"},{"$i":"SubscriptionNotAvailable","$v":"চাবস্ক্ৰিপচন উপলব্ধ নাই"},{"$i":"ModeNotSupported","$v":"মোড সমৰ্থিত নহয়"},{"$i":"FdnCheckFailure","$v":"Fdn পৰীক্ষা বিফল"},{"$i":"IllegalSimOrMe","$v":"অবৈধ চিম বা ME"},{"$i":"DialModifiedToUssd","$v":"USSD লৈ ডায়েল সংশোধিত কৰা হৈছে"},{"$i":"DialModifiedToSs","$v":"SS লৈ ডায়েল সংশোধিত কৰা হৈছে"},{"$i":"DialModifiedToDial","$v":"ডায়েললৈ ডায়েল সংশোধিত কৰা হৈছে"},{"$i":"UssdModifiedToDial","$v":"USSD ক ডায়েললৈ সংশোধন কৰা হৈছে"},{"$i":"UssdModifiedToSs","$v":"USSD ক SS লৈ সংশোধন কৰা হৈছে"},{"$i":"UssdModifiedToUssd","$v":"USSD ক USSD লৈ সংশোধন কৰা হৈছে"},{"$i":"SsModifiedToDial","$v":"SS ক ডায়েললৈ সংশোধন কৰা হৈছে"},{"$i":"SsModifiedToUssd","$v":"SS ক USSD লৈ সংশোধন কৰা হৈছে"},{"$i":"SsModifiedToSs","$v":"SS ক SS লৈ সংশোধন কৰা হৈছে"},{"$i":"SubscriptionNotSupported","$v":"চাবস্ক্ৰিপচন সমৰ্থিত নহয়"},{"$i":"InvalidParameter","$v":"অবৈধ পেৰামিটাৰ"},{"$i":"RejectedByRemote","$v":"ৰিম’টৰ দ্বাৰা নাকচ কৰিছে"},{"$i":"conferenceCall","$v":[{"t":"idOrVar","v":"n"}," এলাৰ্ট"]},{"$i":"caller-left-call","$v":[{"t":"idOrVar","v":"caller"},"এ কলটো এৰিছে ৷"]},{"$i":"conferenceAddError","$v":"কলসমূহ মিশ্ৰণ কৰিবলৈ অক্ষম"},{"$i":"conferenceRemoveError","$v":"কলসমূহ অমিশ্ৰণ কৰিবলৈ অক্ষম"},{"$i":"longDateFormat","$v":"%A, %b %e"},{"$i":"select-audio-sources","$v":"অডিঅ’ উৎসসমূহ বাছনি কৰক"},{"$i":"bluetooth-handsfree-device","$v":"ব্লুটুথ হেণ্ডচফ্ৰী ডিভাইচ"},{"$i":"receiver","$v":"প্ৰাপ্তকৰ্তা"},{"$i":"speaker","$v":"স্পীকাৰ"},{"$i":"tcl-cancel","$v":"বাতিল কৰক"},{"$i":"tcl-dialer","$v":"ডায়েলাৰ"},{"$i":"tcl-confirmation","$v":"নিশ্চিতিকৰণ"},{"$i":"log-item","$v":"বিকল্পসমূহ"},{"$i":"tcl-assign-speed-dial","$v":{"$o":["\"",{"t":"idOrVar","v":"speedDial"},"\" বুটামত কনটেক্ট স্পীড ডায়েল ৰূপে যোগ কৰা হোৱা নাছিল ৷<br><br>এতিয়া এচাইন কৰিব নেকি?"]}},{"$i":"tcl-assign","$v":"এচাইন কৰক"},{"$i":"select","$v":"বাছনি কৰক"},{"$i":"deselect","$v":"অ-বাছনি কৰক"},{"$i":"view-all","$v":"সকলো চাওক"},{"$i":"search-results","$v":"ফলাফল অনুসন্ধান কৰক"},{"$i":"no-recent-numbers","$v":"কল ল’গসমূহত ডায়েল কৰিবলৈ কোনো শেহতীয়া নম্বৰ নাই"},{"$i":"wifi-calling","$v":"Wi-Fi কলিং"},{"$i":"dialer-prompt","$v":"কললৈ যোগ কৰিবলৈ নম্বৰ ডায়েল কৰক বা কনটেক্ট বাছনি কৰক"},{"$i":"hours","$v":"ঘণ্টা"},{"$i":"minutes","$v":"মিনিট"},{"$i":"seconds","$v":"ছেকেণ্ড"},{"$i":"voiceMail","$v":"ভইচমেইল"},{"$i":"weekday-0-long","$v":"দেওবাৰ"},{"$i":"weekday-1-long","$v":"সোমবাৰ"},{"$i":"weekday-2-long","$v":"মঙ্গলবাৰ"},{"$i":"weekday-3-long","$v":"বুধবাৰ"},{"$i":"weekday-4-long","$v":"বৃহস্পতিবাৰ"},{"$i":"weekday-5-long","$v":"শুক্ৰবাৰ"},{"$i":"weekday-6-long","$v":"শনিবাৰ"},{"$i":"weekday-0-short","$v":"দেও"},{"$i":"weekday-1-short","$v":"সোম"},{"$i":"weekday-2-short","$v":"মঙ্গল"},{"$i":"weekday-3-short","$v":"বুধ"},{"$i":"weekday-4-short","$v":"বৃহস্পতি"},{"$i":"weekday-5-short","$v":"শুক্ৰ"},{"$i":"weekday-6-short","$v":"শনি"},{"$i":"month-0-long","$v":"জানুৱাৰী"},{"$i":"month-1-long","$v":"ফেব্ৰুৱাৰী"},{"$i":"month-2-long","$v":"মাৰ্চ"},{"$i":"month-3-long","$v":"এপ্ৰিল"},{"$i":"month-4-long","$v":"মে"},{"$i":"month-5-long","$v":"জুন"},{"$i":"month-6-long","$v":"জুলাই"},{"$i":"month-7-long","$v":"আগষ্ট"},{"$i":"month-8-long","$v":"ছেপ্টেম্বৰ"},{"$i":"month-9-long","$v":"অক্টোবৰ"},{"$i":"month-10-long","$v":"নৱেম্বৰ"},{"$i":"month-11-long","$v":"ডিচেম্বৰ"},{"$i":"month-0-genitive","$v":"জানুৱাৰী"},{"$i":"month-1-genitive","$v":"ফেব্ৰুৱাৰী"},{"$i":"month-2-genitive","$v":"মাৰ্চ"},{"$i":"month-3-genitive","$v":"এপ্ৰিল"},{"$i":"month-4-genitive","$v":"মে"},{"$i":"month-5-genitive","$v":"জুন"},{"$i":"month-6-genitive","$v":"জুলাই"},{"$i":"month-7-genitive","$v":"আগষ্ট"},{"$i":"month-8-genitive","$v":"ছেপ্টেম্বৰ"},{"$i":"month-9-genitive","$v":"অক্টোবৰ"},{"$i":"month-10-genitive","$v":"নৱেম্বৰ"},{"$i":"month-11-genitive","$v":"ডিচেম্বৰ"},{"$i":"month-0-short","$v":"জানুৱাৰী"},{"$i":"month-1-short","$v":"ফেব্ৰুৱাৰী"},{"$i":"month-2-short","$v":"মাৰ্চ"},{"$i":"month-3-short","$v":"এপ্ৰিল"},{"$i":"month-4-short","$v":"মে"},{"$i":"month-5-short","$v":"জুন"},{"$i":"month-6-short","$v":"জুলাই"},{"$i":"month-7-short","$v":"আগষ্ট"},{"$i":"month-8-short","$v":"ছেপ্টেম্বৰ"},{"$i":"month-9-short","$v":"অক্টোবৰ"},{"$i":"month-10-short","$v":"নৱেম্বৰ"},{"$i":"month-11-short","$v":"ডিচেম্বৰ"},{"$i":"minutes-ago-long","$v":{"zero":"এইমাত্ৰ","one":"এক মিনিট আগতে","two":[{"t":"idOrVar","v":"value"}," মিনিট আগত"],"few":[{"t":"idOrVar","v":"value"}," মিনিট আগত"],"many":[{"t":"idOrVar","v":"value"}," মিনিট আগত"],"other":[{"t":"idOrVar","v":"value"}," মিনিট আগত"]},"$x":[{"t":"idOrVar","v":"plural"},"value"]},{"$i":"hours-ago-long","$v":{"zero":"এইমাত্ৰ","one":"এঘণ্টা আগতে","two":[{"t":"idOrVar","v":"value"}," ঘণ্টা আগত"],"few":[{"t":"idOrVar","v":"value"}," ঘণ্টা আগত"],"many":[{"t":"idOrVar","v":"value"}," ঘণ্টা আগত"],"other":[{"t":"idOrVar","v":"value"}," ঘণ্টা আগত"]},"$x":[{"t":"idOrVar","v":"plural"},"value"]},{"$i":"days-ago-long","$v":{"zero":"আজি","one":"যোৱাকালি","two":[{"t":"idOrVar","v":"value"}," দিন আগত"],"few":[{"t":"idOrVar","v":"value"}," দিন আগত"],"many":[{"t":"idOrVar","v":"value"}," দিন আগত"],"other":[{"t":"idOrVar","v":"value"}," দিন আগত"]},"$x":[{"t":"idOrVar","v":"plural"},"value"]},{"$i":"weeks-ago-long","$v":{"zero":"এইটো সপ্তাহ","one":"যোৱা সপ্তাহ","two":[{"t":"idOrVar","v":"value"}," সপ্তাহ আগত"],"few":[{"t":"idOrVar","v":"value"}," সপ্তাহ আগত"],"many":[{"t":"idOrVar","v":"value"}," সপ্তাহ আগত"],"other":[{"t":"idOrVar","v":"value"}," সপ্তাহ আগত"]},"$x":[{"t":"idOrVar","v":"plural"},"value"]},{"$i":"months-ago-long","$v":{"zero":"এইটো মাহ","one":"যোৱা মাহ","two":[{"t":"idOrVar","v":"value"}," মাহ আগত"],"few":[{"t":"idOrVar","v":"value"}," মাহ আগত"],"many":[{"t":"idOrVar","v":"value"}," মাহ আগত"],"other":[{"t":"idOrVar","v":"value"}," মাহ আগত"]},"$x":[{"t":"idOrVar","v":"plural"},"value"]},{"$i":"years-ago-long","$v":{"zero":"এইটো বছৰ","one":"যোৱা বছৰ","two":[{"t":"idOrVar","v":"value"}," বছৰ আগত"],"few":[{"t":"idOrVar","v":"value"}," বছৰ আগত"],"many":[{"t":"idOrVar","v":"value"}," বছৰ আগত"],"other":[{"t":"idOrVar","v":"value"}," বছৰ আগত"]},"$x":[{"t":"idOrVar","v":"plural"},"value"]},{"$i":"minutes-until-long","$v":{"zero":"এতিয়া","one":"এক মিনিটত","two":[{"t":"idOrVar","v":"value"}," মিনিটত"],"few":[{"t":"idOrVar","v":"value"}," মিনিটত"],"many":[{"t":"idOrVar","v":"value"}," মিনিটত"],"other":[{"t":"idOrVar","v":"value"}," মিনিটত"]},"$x":[{"t":"idOrVar","v":"plural"},"value"]},{"$i":"hours-until-long","$v":{"zero":"এতিয়া","one":"এক ঘণ্টাত","two":[{"t":"idOrVar","v":"value"}," ঘণ্টাত"],"few":[{"t":"idOrVar","v":"value"}," ঘণ্টাত"],"many":[{"t":"idOrVar","v":"value"}," ঘণ্টাত"],"other":[{"t":"idOrVar","v":"value"}," ঘণ্টাত"]},"$x":[{"t":"idOrVar","v":"plural"},"value"]},{"$i":"days-until-long","$v":{"zero":"আজি","one":"অহাকলি","two":[{"t":"idOrVar","v":"value"}," দিনত"],"few":[{"t":"idOrVar","v":"value"}," দিনত"],"many":[{"t":"idOrVar","v":"value"}," দিনত"],"other":[{"t":"idOrVar","v":"value"}," দিনত"]},"$x":[{"t":"idOrVar","v":"plural"},"value"]},{"$i":"weeks-until-long","$v":{"zero":"এইটো সপ্তাহ","one":"পৰৱৰ্তী সপ্তাহ","two":[{"t":"idOrVar","v":"value"}," সপ্তাহত"],"few":[{"t":"idOrVar","v":"value"}," সপ্তাহত"],"many":[{"t":"idOrVar","v":"value"}," সপ্তাহত"],"other":[{"t":"idOrVar","v":"value"}," সপ্তাহত"]},"$x":[{"t":"idOrVar","v":"plural"},"value"]},{"$i":"months-until-long","$v":{"zero":"এইটো মাহ","one":"পৰৱৰ্তী মাহ","two":[{"t":"idOrVar","v":"value"}," মাহত"],"few":[{"t":"idOrVar","v":"value"}," মাহত"],"many":[{"t":"idOrVar","v":"value"}," মাহত"],"other":[{"t":"idOrVar","v":"value"}," মাহত"]},"$x":[{"t":"idOrVar","v":"plural"},"value"]},{"$i":"years-until-long","$v":{"zero":"এইটো বছৰ","one":"পৰৱৰ্তী বছৰ","two":[{"t":"idOrVar","v":"value"}," বছৰত"],"few":[{"t":"idOrVar","v":"value"}," বছৰত"],"many":[{"t":"idOrVar","v":"value"}," বছৰত"],"other":[{"t":"idOrVar","v":"value"}," বছৰত"]},"$x":[{"t":"idOrVar","v":"plural"},"value"]},{"$i":"minutes-ago-short","$v":{"zero":"এইমাত্ৰ","other":[{"t":"idOrVar","v":"value"}," মিনিট আগত"]},"$x":[{"t":"idOrVar","v":"plural"},"value"]},{"$i":"hours-ago-short","$v":{"zero":"এইমাত্ৰ","other":[{"t":"idOrVar","v":"value"}," ঘণ্টা আগত"]},"$x":[{"t":"idOrVar","v":"plural"},"value"]},{"$i":"days-ago-short","$v":{"zero":"আজি","other":[{"t":"idOrVar","v":"value"}," দিন আগত"]},"$x":[{"t":"idOrVar","v":"plural"},"value"]},{"$i":"minutes-until-short","$v":{"zero":"এতিয়া","other":[{"t":"idOrVar","v":"value"}," মিনিটত"]},"$x":[{"t":"idOrVar","v":"plural"},"value"]},{"$i":"hours-until-short","$v":{"zero":"এতিয়া","other":[{"t":"idOrVar","v":"value"}," ঘণ্টাত"]},"$x":[{"t":"idOrVar","v":"plural"},"value"]},{"$i":"days-until-short","$v":{"zero":"আজি","other":[{"t":"idOrVar","v":"value"}," দিনত"]},"$x":[{"t":"idOrVar","v":"plural"},"value"]},{"$i":"incorrectDate","$v":"(অশুদ্ধ তাৰিখ)"},{"$i":"dateTimeFormat_%c","$v":"%a %b %e %Y %I:%M:%S %p"},{"$i":"dateTimeFormat_%x","$v":"%m/%d/%Y"},{"$i":"dateTimeFormat_%X","$v":"%I:%M:%S %p"},{"$i":"shortTimeFormat","$v":"%I:%M %p"},{"$i":"shortTimeFormat12","$v":"%I:%M %p"},{"$i":"shortTimeFormat24","$v":"%H:%M"},{"$i":"shortDateTimeFormat","$v":"%x %I:%M %p"},{"$i":"weekStartsOnMonday","$v":"0"},{"$i":"firstDayOfTheWeek","$v":"0"},{"$i":"time_am","$v":"AM"},{"$i":"time_pm","$v":"PM"},{"$i":"label","$v":"লেবেল"},{"$i":"mobile","$v":"ম’বাইল"},{"$i":"home","$v":"হোম"},{"$i":"work","$v":"কৰ্ম"},{"$i":"personal","$v":"ব্যক্তিগত"},{"$i":"faxHome","$v":"হোমলৈ Fax কৰক"},{"$i":"faxOffice","$v":"কাৰ্য্যালয়লৈ Fax কৰক"},{"$i":"faxOther","$v":"আনক Fax কৰক"},{"$i":"another","$v":"অন্য"},{"$i":"other","$v":"অন্যান্য"},{"$i":"tcl-customTag","$v":"কাষ্টম টেগ"},{"$i":"customTag","$v":"কাষ্টম টেগ","placeholder":"কাষ্টম টেগ"},{"$i":"current","$v":"বৰ্তমান"},{"$i":"itemWithLabel","$v":[{"t":"idOrVar","v":"label"},", ",{"t":"idOrVar","v":"item"}]},{"$i":"airplaneMode","$v":"এয়াৰপ্লেন মোড"},{"$i":"searching","$v":"অনুসন্ধান কৰি আছে..."},{"$i":"noNetwork","$v":"কোনো নেটৱৰ্ক নাই"},{"$i":"roaming","$v":[{"t":"idOrVar","v":"operator"}," (ৰ’মিং)"]},{"$i":"operator-info","$v":[{"t":"idOrVar","v":"carrier"}," ",{"t":"idOrVar","v":"region"}]},{"$i":"emergencyCallsOnly","$v":"কেৱল আপাতকালীন কলসমূহ"},{"$i":"emergencyCallsOnly-unknownSIMState","$v":"(অজ্ঞাত চিম স্থিতি)"},{"$i":"emergencyCallsOnly-noSIM","$v":"(কোনো চিম নাই)"},{"$i":"emergencyCallsOnly-pinRequired","$v":"(চিম পিনৰ প্ৰয়োজন হৈছে)"},{"$i":"emergencyCallsOnly-pukRequired","$v":"(চিম PUKৰ আৱশ্যক)"},{"$i":"emergencyCallsOnly-networkLocked","$v":"(নেটৱৰ্ক লক হৈছে)"},{"$i":"emergencyCallsOnly-serviceProviderLocked","$v":"(সেৱা প্ৰদানকাৰী লক হৈছে)"},{"$i":"emergencyCallsOnly-corporateLocked","$v":"(ক’ৰ্পৰেট লক হৈছে)"},{"$i":"emergencyCallsOnly-network1Locked","$v":"(নেটৱৰ্ক1 লক হৈছে)"},{"$i":"emergencyCallsOnly-network2Locked","$v":"(নেটৱৰ্ক2 লক হৈছে)"},{"$i":"emergencyCallsOnly-hrpdNetworkLocked","$v":"(hrpd নেটৱৰ্ক লক হৈছে)"},{"$i":"emergencyCallsOnly-ruimCorporateLocked","$v":"(ruim ক’ৰ্পৰেট লক হৈছে)"},{"$i":"emergencyCallsOnly-ruimServiceProviderLocked","$v":"(ruim সেৱা প্ৰদানকাৰী লক হৈছে)"},{"$i":"lockscreen-sim-id","$v":["চিম ",{"t":"idOrVar","v":"n"}]},{"$i":"charging-no-time","$v":[{"t":"idOrVar","v":"level"},"% চাৰ্জ হ’ল"]},{"$i":"charging-minutes","$v":{"zero":[{"t":"idOrVar","v":"level"},"% চাৰ্জ হ’ল, ",{"t":"idOrVar","v":"minutes"}," মিনিটত সম্পূৰ্ণকৈ চাৰ্জ হ’ব"],"one":[{"t":"idOrVar","v":"level"},"% চাৰ্জ হ’ল, ",{"t":"idOrVar","v":"minutes"}," মিনিটত সম্পূৰ্ণকৈ চাৰ্জ হ’ব"],"two":[{"t":"idOrVar","v":"level"},"% চাৰ্জ হ’ল, ",{"t":"idOrVar","v":"minutes"}," মিনিটত সম্পূৰ্ণকৈ চাৰ্জ হ’ব"],"few":[{"t":"idOrVar","v":"level"},"% চাৰ্জ হ’ল, ",{"t":"idOrVar","v":"minutes"}," মিনিটত সম্পূৰ্ণকৈ চাৰ্জ হ’ব"],"many":[{"t":"idOrVar","v":"level"},"% চাৰ্জ হ’ল, ",{"t":"idOrVar","v":"minutes"}," মিনিটত সম্পূৰ্ণকৈ চাৰ্জ হ’ব"],"other":[{"t":"idOrVar","v":"level"},"% চাৰ্জ হ’ল, ",{"t":"idOrVar","v":"minutes"}," মিনিটত সম্পূৰ্ণকৈ চাৰ্জ হ’ব"]},"$x":[{"t":"idOrVar","v":"plural"},"minutes"]},{"$i":"charging-hours","$v":{"zero":[{"t":"idOrVar","v":"level"},"% চাৰ্জ হ’ল, (",{"t":"idOrVar","v":"hours"},"ঘণ্টা ",{"t":"idOrVar","v":"minutes"}," মিনিটত সম্পূৰ্ণকৈ চাৰ্জ হ’ব)"],"one":[{"t":"idOrVar","v":"level"},"% চাৰ্জ হ’ল, (",{"t":"idOrVar","v":"hours"},"ঘণ্টা ",{"t":"idOrVar","v":"minutes"}," মিনিটত সম্পূৰ্ণকৈ চাৰ্জ হ’ব)"],"two":[{"t":"idOrVar","v":"level"},"% চাৰ্জ হ’ল, (",{"t":"idOrVar","v":"hours"},"ঘণ্টা ",{"t":"idOrVar","v":"minutes"}," মিনিটত সম্পূৰ্ণকৈ চাৰ্জ হ’ব)"],"few":[{"t":"idOrVar","v":"level"},"% চাৰ্জ হ’ল, (",{"t":"idOrVar","v":"hours"},"ঘণ্টা ",{"t":"idOrVar","v":"minutes"}," মিনিটত সম্পূৰ্ণকৈ চাৰ্জ হ’ব)"],"many":[{"t":"idOrVar","v":"level"},"% চাৰ্জ হ’ল, (",{"t":"idOrVar","v":"hours"},"ঘণ্টা ",{"t":"idOrVar","v":"minutes"}," মিনিটত সম্পূৰ্ণকৈ চাৰ্জ হ’ব)"],"other":[{"t":"idOrVar","v":"level"},"% চাৰ্জ হ’ল, (",{"t":"idOrVar","v":"hours"},"ঘণ্টা ",{"t":"idOrVar","v":"minutes"}," মিনিটত সম্পূৰ্ণকৈ চাৰ্জ হ’ব)"]},"$x":[{"t":"idOrVar","v":"plural"},"minutes"]},{"$i":"phoneNumberInput","ariaLabel":"ফোন নম্বৰ"},{"$i":"keypadDelete","ariaLabel":"বিলোপ কৰক"},{"$i":"voiceMailKey","ariaLabel":"ভইচমেইল"},{"$i":"asterisk","ariaLabel":"এস্ট্ৰিক চিহ্ন"},{"$i":"hashSign","ariaLabel":"হেশ চাইন"},{"$i":"loadingSimContacts","$v":"চিম কাৰ্ডৰ কনটেক্টসমূহ লোড হৈ আছে…"},{"$i":"noContactsWereFound","$v":"কোনো কনটেক্ট বিচাৰি পোৱা নাছিল"},{"$i":"noContactsFoundDialogOk","$v":"ঠিক আছে"},{"$i":"emergencyNumber","$v":"আপাতকালীন নম্বৰ"},{"$i":"callAirplaneModeMessage","$v":"এটা কল কৰিবলৈ আপুনি ছেটিংছত এয়াৰপ্লেন মোড অক্ষম কৰিব লাগিব ৷"},{"$i":"callAirplaneModeBtnOk","$v":"ঠিক আছে"},{"$i":"callAirplaneModeTitle","$v":"এয়াৰপ্লেন মোড সক্ৰিয় কৰা হৈছে"},{"$i":"numberIsBusyTitle","$v":"নম্বৰ ব্যস্ত হৈ আছে"},{"$i":"numberIsBusyMessage","$v":"নম্বৰটো সম্প্ৰতি ব্যস্ত হৈ আছে ৷ অনুগ্ৰহ কৰি পিছত পুনৰ চেষ্টা কৰক।"},{"$i":"fdnIsActiveTitle","$v":"FDN সক্ৰিয়"},{"$i":"fdnIsActiveMessage","$v":["FDN (ফিক্সড ডায়েলিং নম্বৰসমূহ) সক্ৰিয় হৈছে আৰু নিম্নোক্ত নম্বৰটো আপোনাৰ FDN সূচীত নাই: ",{"t":"idOrVar","v":"number"}]},{"$i":"emergencyDialogBodyBadNumber","$v":"এটা কল কৰিবলৈ, ফোনটো এটা নেটৱৰ্কলৈ সংযোগ কৰিবই লাগিব ৷"},{"$i":"emergencyDialogBodyDeviceNotAccepted","$v":"নেটৱৰ্কৰ দ্বাৰা আপাতকালীন কলসমূহ অনুমোদিত নহয় ৷"},{"$i":"emergencyDialogBtnOk","$v":"ঠিক আছে"},{"$i":"emergencyDialogTitle","$v":"কোনো নেটৱৰ্ক সংযোগ নাই"},{"$i":"invalidNumberToDialTitle","$v":"অবৈধ ফোন নম্বৰ"},{"$i":"invalidNumberToDialMessage","$v":"আপুনি কল কৰা ফোন নম্বৰটো বৈধ নহয় ৷"},{"$i":"unableToCallTitle","$v":"এতিয়া এটা ফোন কল কৰিবলৈ অক্ষম"},{"$i":"unableToCallMessage","$v":"এটা কল কৰিব নোৱাৰে ৷ যদি আপুনি ইতিমধ্যে ডায়েল কৰি আছে, তেন্তে অনুগ্ৰহ কৰি ৰাখক৷"},{"$i":"otherConnectionInUseTitle","$v":"অন্য সংযোগ ব্যৱহাৰ হৈ আছে"},{"$i":"otherConnectionInUseMessage","$v":"আপোনাৰ অন্য সংযোগত এটা সক্ৰিয় কল আছে ৷ আপুনি এবাৰত কেৱল এটা সংযোগহে ব্যৱহাৰ কৰিব পাৰে ৷"},{"$i":"clear","$v":"চাফা কৰক"},{"$i":"dialer","$v":"ডায়েলাৰ"},{"$i":"tcl-incomming-call","$v":"ইনকামিং কল"},{"$i":"tcl-in-call","$v":"কলত"},{"$i":"tcl-answer","$v":"উত্তৰ দিয়ক"},{"$i":"tcl-end-answer","$v":"সমাপ্ত কৰক আৰু উত্তৰ দিয়ক"},{"$i":"tcl-decline","$v":"অস্বীকাৰ কৰক"},{"$i":"tcl-mute","$v":"নিঃশব্দ"},{"$i":"tcl-unmute","$v":"ধ্বনিগত কৰক"},{"$i":"tcl-speaker","$v":"স্পীকাৰ"},{"$i":"tcl-speaker-off","$v":"স্পীকাৰ অফ"},{"$i":"tcl-microphone-mute-notification","$v":"মাইক্ৰ’ফোন নিঃশব্দ কৰা হৈছে"},{"$i":"tcl-microphone-active-notification","$v":"মাইক্ৰ’ফোন সক্ৰিয় হৈছে"},{"$i":"tcl-speaker-off-notification","$v":"বাহ্যিক স্পীকাৰ অফ কৰা হৈছে"},{"$i":"tcl-speaker-on-notification","$v":"বাহ্যিক স্পীকাৰ অন কৰা হৈছে"},{"$i":"tcl-hold-and-answer","$v":"হ’ল্ডত ৰাখক আৰু উত্তৰ দিয়ক"},{"$i":"tcl-ignore-call","$v":"ইনকামিং কল অৱজ্ঞা কৰক"},{"$i":"tcl-add-to-call","$v":"কল যোগ কৰক"},{"$i":"tcl-switch-to-second-line","$v":"কল স্বাপ কৰক"},{"$i":"tcl-merge-calls","$v":"কল মিশ্ৰণ কৰক"},{"$i":"btnOk","$v":"ঠিক আছে"},{"$i":"losing-wifi-msg","$v":"Wi-Fi হেৰুৱাই আছে"},{"$i":"hd","$v":"HD"},{"$i":"manage-call","$v":"কল নিয়ন্ত্ৰণ কৰক"},{"$i":"end","$v":"কল সমাপ্ত কৰক"},{"$i":"private","$v":"ব্যক্তিগত"},{"$i":"sound","$v":"ধ্বনি"},{"$i":"bluetooth-device","$v":"ব্লুটুথ ডিভাইচ"},{"$i":"handset-earpiece","$v":"হেণ্ডছেট"},{"$i":"call-ended","$v":"কল সমাপ্ত হ’ল"},{"$i":"payphone","$v":"পেফোন"},{"$i":"contact","$v":"কনটেক্ট"},{"$i":"volume","$v":"ভলিউম"},{"$i":"softkey-options","$v":"বিকল্পসমূহ"},{"$i":"resume-call","$v":"কল পুনৰাম্ভ কৰক"},{"$i":"switch-to-device-toast","$v":"ব্লুটুথ ডিভাইচলৈ চুইট্চ কৰা হ’ল"},{"$i":"switch-to-handset-toast","$v":"হেণ্ডছেট ইয়েৰপিচ ডিভাইচলৈ চুইট্চ কৰা হ’ল"},{"$i":"switch-to-speaker-toast","$v":"স্পীকাৰলৈ চুইট্চ কৰা হ’ল"},{"$i":"emergency-call","$v":"এটা আপাতকালীন কল আছে ।"},{"$i":"link","$v":"লিঙ্ক:"},{"$i":"call-left-conference-toast","$v":[{"t":"idOrVar","v":"number"}," এ কলটো এৰিছে"]}]