[{"$i":"tcl-calllog-entry-removed-succ-notification","$v":"কল লগের এন্ট্রি সরানো হয়েছে"},{"$i":"tcl-calllog-entry-removed-err-notification","$v":"কল লগ এন্ট্রি অপসারণ করতে পারবেন না"},{"$i":"addNewNumber","$v":"নতুন নম্বর যোগ করুন"},{"$i":"contactDetails","$v":"পরিচিতির বিবরণ"},{"$i":"addToExistingContact","$v":"বিদ্যমান পরিচিতিতে যোগ করুন"},{"$i":"all","$v":"সমস্ত","ariaLabel":"সমস্ত"},{"$i":"bluetoothOption","$v":""},{"$i":"callLog","$v":"কল লগ"},{"$i":"callLogEdit","title":"কল লগ সম্পাদনা করুন"},{"$i":"tcl-option-menu-call-log-edit","$v":"কল লগ সম্পাদনা করুন"},{"$i":"callLogEditDialog","ariaLabel":"কল লগ ডায়লগ সম্পাদনা করুন"},{"$i":"tcl-call-log-delete-group-notification","$v":[{"t":"idOrVar","v":"n"},"টি এন্ট্রি মোছা হয়েছে"]},{"$i":"connecting","$v":"কলিং"},{"$i":"connectingEllipsis","$v":"সংযুক্ত হচ্ছে..."},{"$i":"call-forwarding-async","$v":["অ্যাসিন্ক্রোনাস: ",{"t":"idOrVar","v":"async"}]},{"$i":"call-forwarding-data","$v":["তথ্য: ",{"t":"idOrVar","v":"data"}]},{"$i":"call-forwarding-error","$v":"কল ফরোয়ার্ড করার স্থিতি পুনরুদ্ধার করার সময় একটি ত্রুটি হয়েছে I"},{"$i":"call-forwarding-fax","$v":["FAX: ",{"t":"idOrVar","v":"fax"}]},{"$i":"call-forwarding-inactive","$v":"নিষ্ক্রিয়"},{"$i":"call-forwarding-packet","$v":["প্যাকেট: ",{"t":"idOrVar","v":"packet"}]},{"$i":"call-forwarding-pad","$v":["PAD: ",{"t":"idOrVar","v":"pad"}]},{"$i":"call-forwarding-sms","$v":["SMS: ",{"t":"idOrVar","v":"SMS"}]},{"$i":"call-forwarding-status","$v":"কল ফরোয়ার্ডিং স্থিতি"},{"$i":"call-forwarding-sync","$v":["সমকালীন: ",{"t":"idOrVar","v":"sync"}]},{"$i":"call-forwarding-voice","$v":["ভয়েস: ",{"t":"idOrVar","v":"voice"}]},{"$i":"close","$v":"বন্ধ করুন"},{"$i":"confirm-deletion","$v":"নির্বাচিত কলগুলি সাফ করবেন?"},{"$i":"contacts","ariaLabel":"পরিচিতি"},{"$i":"createNewContact","$v":"নতুন পরিচিতি তৈরি করুন"},{"$i":"delete","$v":"মুছুন"},{"$i":"calllog-deselectAll","$v":"সব অনির্বাচন করুন"},{"$i":"dialerAddContact","$v":""},{"$i":"dialerAddContactDialog","ariaLabel":"পরিচিতি ডায়লগ যোগ করুন"},{"$i":"callInformation","$v":"কলের তথ্য"},{"$i":"edit-selected","$v":{"one":["নির্বাচিত(",{"t":"idOrVar","v":"n"},")"],"two":["নির্বাচিত(",{"t":"idOrVar","v":"n"},")"],"few":["নির্বাচিত(",{"t":"idOrVar","v":"n"},")"],"many":["নির্বাচিত(",{"t":"idOrVar","v":"n"},")"],"other":["নির্বাচিত(",{"t":"idOrVar","v":"n"},")"]},"$x":[{"t":"idOrVar","v":"plural"},"n"]},{"$i":"tcl-edit-not-selected","$v":"নির্বাচিত (0)"},{"$i":"edit","$v":"সম্পাদনা করুন"},{"$i":"hideKeypad","ariaLabel":"কিপ্যাড লুকান"},{"$i":"ignore","$v":""},{"$i":"incoming","$v":"ইনকামিং"},{"$i":"keypad","ariaLabel":"কিপ্যাড"},{"$i":"makeCall","$v":""},{"$i":"merge","$v":""},{"$i":"info-missed","$v":"মিসড্"},{"$i":"missed","$v":"মিসড্","ariaLabel":"মিসড্"},{"$i":"dialed","$v":"ডায়াল করা হয়েছে"},{"$i":"received","$v":"প্রাপ্ত"},{"$i":"canceled","$v":"বাতিল করা হয়েছে"},{"$i":"missedCall","$v":"মিসড্ কল"},{"$i":"missedCallMultiSims","$v":["(সিম ",{"t":"idOrVar","v":"n"},") মি‌স্‌ড কল"]},{"$i":"mmi-error","$v":"বার্তাটি পাঠাবার সময় একটি ত্রুটি হয়েছে I"},{"$i":"mmi-session-expired","$v":"সেশনের মেয়াদ পেরিয়ে গেছে"},{"$i":"mmi-successfully-sent","$v":"বার্তা সফলভাবে পাঠানো হয়েছে"},{"$i":"mmi-notification-title-with-sim","$v":["(",{"t":"idOrVar","v":"sim"},") ",{"t":"idOrVar","v":"title"}]},{"$i":"mute","$v":""},{"$i":"newCall","$v":""},{"$i":"no-logs-msg-1","$v":"কোনো কল রেকর্ড করা হয় নি"},{"$i":"no-logs-msg-2","$v":"এখনই যোগাযোগ করা শুরু করুন"},{"$i":"no-logs-msg-3","$v":"কোনো কল রেকর্ড করা হয় নি"},{"$i":"no-logs-msg-4","$v":"এখনই যোগাযোগ করা শুরু করুন"},{"$i":"onHoldOption","$v":""},{"$i":"outgoing","$v":"আউটগোয়িং"},{"$i":"recents","ariaLabel":"সাম্প্রতিক কলগুলি"},{"$i":"reply","$v":"উত্তর দিন"},{"$i":"calllog-selectAll","$v":"সব নির্বাচন করুন"},{"$i":"send","$v":"পাঠান"},{"$i":"switch-calls","$v":"কলগুলিতে সুইচ করুন"},{"$i":"today","$v":"আজ"},{"$i":"withheld-number","$v":"অজানা"},{"$i":"from-contact","$v":[{"t":"idOrVar","v":"contact"}," থেকে"]},{"$i":"from-number","$v":[{"t":"idOrVar","v":"number"}," থেকে"]},{"$i":"from-withheld-number","$v":"অজানা নম্বর থেকে"},{"$i":"yesterday","$v":"গতকাল"},{"$i":"sending","$v":"পাঠানো হচ্ছে..."},{"$i":"speakerOption","$v":""},{"$i":"ussd-services","$v":[{"t":"idOrVar","v":"operator"}," পরিষেবা"]},{"$i":"toggleKeypad","$v":""},{"$i":"type-your-response","placeholder":"আপনার মতামত টাইপ করুন..."},{"$i":"clear-all-text","$v":"সব টেক্সট সাফ করুন"},{"$i":"hide","$v":"লুকান"},{"$i":"call","$v":"কল"},{"$i":"hold","$v":"ধরে থাকুন"},{"$i":"resume","$v":"পুনঃআরম্ভ","ariaLabel":"পুনঃআরম্ভ"},{"$i":"sendSms","$v":"বার্তা পাঠান"},{"$i":"callEnded","$v":"কল সমাপ্ত হয়েছে"},{"$i":"via-sim","$v":["সিম",{"t":"idOrVar","v":"n"},"-এর মাধ্যমে"]},{"$i":"sim-number","$v":["সিম",{"t":"idOrVar","v":"n"}]},{"$i":"unknown","$v":"অজানা"},{"$i":"cancel","$v":"বাতিল করুন"},{"$i":"hangup-a11y-button","$v":""},{"$i":"pickup-a11y-button","$v":""},{"$i":"unlock-a11y-button","ariaLabel":"স্লাইডার"},{"$i":"settings","$v":"সেটিংস"},{"$i":"tcl-delete-log","$v":"আপনি কি কল লগ থেকে বেছে নেওয়া এন্ট্রিগুলিকে মুছে ফেলতে চান?"},{"$i":"delete-n-log?","$v":{"zero":"কিছু নির্বাচন করা হয় নি","one":"নির্বাচিত লগ মুছবেন?","two":[{"t":"idOrVar","v":"n"},"টি লগ মুছবেন?"],"few":[{"t":"idOrVar","v":"n"},"টি লগ মুছবেন?"],"many":[{"t":"idOrVar","v":"n"},"টি লগ মুছবেন?"],"other":[{"t":"idOrVar","v":"n"},"টি লগ মুছবেন?"]},"$x":[{"t":"idOrVar","v":"plural"},"n"]},{"$i":"composeEmail","ariaLabel":"ইমেল"},{"$i":"emailDetail","ariaLabel":"ইমেল"},{"$i":"phoneDetail","ariaLabel":"ফোন"},{"$i":"send-sms-button","ariaLabel":"SMS"},{"$i":"separator","$v":","},{"$i":"callDurationMinutes","$v":[{"t":"idOrVar","v":"m"},":",{"t":"idOrVar","v":"s"}]},{"$i":"callDurationHours","$v":[{"t":"idOrVar","v":"h"},":",{"t":"idOrVar","v":"m"},":",{"t":"idOrVar","v":"s"}]},{"$i":"callDurationTextFormatSeconds","$v":[{"t":"idOrVar","v":"s"}," সেকেন্ড"]},{"$i":"callDurationTextFormatMinutes","$v":[{"t":"idOrVar","v":"m"}," মিনিট ",{"t":"idOrVar","v":"s"}," সেকেন্ড"]},{"$i":"callDurationTextFormatHours","$v":[{"t":"idOrVar","v":"h"}," ঘন্টা ",{"t":"idOrVar","v":"m"}," মিনিট ",{"t":"idOrVar","v":"s"}," সেকেন্ড"]},{"$i":"suggestionMatches","$v":{"one":["\"",{"t":"idOrVar","v":"matchNumber"},"\"-এর জন্য ",{"t":"idOrVar","v":"n"},"টি মিল"],"two":["\"",{"t":"idOrVar","v":"matchNumber"},"\"-এর জন্য ",{"t":"idOrVar","v":"n"},"টি মিল"],"few":["\"",{"t":"idOrVar","v":"matchNumber"},"\"-এর জন্য ",{"t":"idOrVar","v":"n"},"টি মিল"],"many":["\"",{"t":"idOrVar","v":"matchNumber"},"\"-এর জন্য ",{"t":"idOrVar","v":"n"},"টি মিল"],"other":["\"",{"t":"idOrVar","v":"matchNumber"},"\"-এর জন্য ",{"t":"idOrVar","v":"n"},"টি মিল"]},"$x":[{"t":"idOrVar","v":"plural"},"n"]},{"$i":"scCallBarring","$v":"কল নিষিদ্ধ"},{"$i":"scCallForwarding","$v":"কল ফরোয়ার্ডিং"},{"$i":"scClip","$v":"ইনকামিং কলার ID"},{"$i":"scClir","$v":"আউটগোয়িং কলার ID"},{"$i":"scPwd","$v":"পাসওয়ার্ড পরিবর্তন"},{"$i":"scCallWaiting","$v":"কল অপেক্ষমান"},{"$i":"scPin","$v":"পিন পরিবর্তন"},{"$i":"scPin2","$v":"পিন2 পরিবর্তন"},{"$i":"scPuk","$v":"পিন আনব্লক করুন"},{"$i":"scPuk2","$v":"পিন2 আনব্লক করুন"},{"$i":"scImei","$v":"IMEI"},{"$i":"scMeid","$v":"MEID"},{"$i":"scUssd","$v":"USSD"},{"$i":"serviceClassVoice","$v":"ভয়েস"},{"$i":"serviceClassData","$v":"ডেটা"},{"$i":"serviceClassFax","$v":"FAX"},{"$i":"serviceClassSms","$v":"SMS"},{"$i":"serviceClassDataSync","$v":"সিঙ্ক"},{"$i":"serviceClassDataAsync","$v":"অ্যাসিং"},{"$i":"serviceClassPacket","$v":"প্যাকেট"},{"$i":"serviceClassPad","$v":"PAD"},{"$i":"smServiceEnabled","$v":"পরিষেবা সক্ষম আছে"},{"$i":"smServiceDisabled","$v":"পরিষেবা অক্ষম করা হয়েছে"},{"$i":"smServiceRegistered","$v":"নিবন্ধন সফল হয়েছে"},{"$i":"smServiceErased","$v":"মুছে ফেলা সফল ছিল"},{"$i":"smServiceInterrogated","$v":"অনুরোধ সফল হয়েছে"},{"$i":"smServiceNotProvisioned","$v":"পরিষেবার প্রস্তুত করা হয় নি"},{"$i":"smClirPermanent","$v":"আপনি কলার ID সেটিংস পরিবর্তন করতে পারবেন না"},{"$i":"smClirDefaultOnNextCallOn","$v":"কলার ID ডিফল্ট হিসাবে সীমাবদ্ধ নয়। পরবর্তী কল: সীমাবদ্ধ"},{"$i":"smClirDefaultOnNextCallOff","$v":"কলার ID ডিফল্ট হিসাবে সীমাবদ্ধ নয়। পরবর্তী কল: সীমাবদ্ধ নয়"},{"$i":"smClirDefaultOffNextCallOn","$v":"কলার ID ডিফল্ট হিসাবে সীমাবদ্ধ নয়। পরবর্তী কল: সীমাবদ্ধ"},{"$i":"smClirDefaultOffNextCallOff","$v":"কলার ID ডিফল্ট হিসাবে সীমাবদ্ধ নয়। পরবর্তী কল: সীমাবদ্ধ নয়"},{"$i":"smServiceEnabledFor","$v":"এর জন্য পরিষেবার সক্ষম করা ছিল:"},{"$i":"smPinChanged","$v":"পিন সফলভাবে পরিবর্তন করা হয়েছে"},{"$i":"smPinUnblocked","$v":"পিন সফলভাবে আনলক করা হয়েছে"},{"$i":"smPin2Changed","$v":"পিন2 সফলভাবে পরিবর্তন করা হয়েছে"},{"$i":"smPin2Unblocked","$v":"পিন2 সফলভাবে অবরোধ মুক্ত করা হয়েছে"},{"$i":"ServiceIsEnabled","$v":"পরিষেবা সক্ষম আছে"},{"$i":"ServiceIsDisabled","$v":"পরিষেবা অক্ষম আছে"},{"$i":"ServiceIsEnabledFor","$v":"এর জন্য পরিষেবা সক্ষম আছে:"},{"$i":"emMmiError","$v":"সংযোগের সমস্যা বা অবৈধ MMI কোড"},{"$i":"emMmiErrorPasswordIncorrect","$v":"ভুল পাসওয়ার্ড"},{"$i":"emMmiErrorNotSupported","$v":"অবৈধ বা অসমর্থিত MMI কোড"},{"$i":"emMmiErrorInvalidAction","$v":"অবৈধ অ্যাক্সন"},{"$i":"emMmiErrorInvalidScCode","$v":"অবৈধ পরিষেবা কোড"},{"$i":"emMmiErrorBadPuk","$v":"আপনার টাইপ করা PUKটি ভুল"},{"$i":"emMmiErrorBadPin","$v":"আপনার টাইপ করা পুরানো পিনটি ঠিক নয়।"},{"$i":"emMmiErrorNeedPuk2","$v":"সিম কার্ড আনব্লক করতে PUK2 টাইপ করুন"},{"$i":"emMmiErrorMismatchPin","$v":"আপনি যে পিন টাইপ করেছেন সেটি মেলেনি"},{"$i":"emMmiErrorInvalidPin","$v":"একটি 4 থেকে 8 সংখ্যার পিন টাইপ করুন।"},{"$i":"emMmiErrorNeedsPuk","$v":"আপনার সিম কার্ডটি PUK-লকযুক্ত"},{"$i":"emMmiErrorEnablePin","$v":"অসফল. SIM/RUIM লক সক্ষম করুন"},{"$i":"emMmiErrorMmiFdn","$v":"অপারেশন শুধুমাত্র স্থায়ী ডায়াল করার নম্বরগুলিতে সীমাবদ্ধ"},{"$i":"emMmiErrorStkCcUssdDial","$v":"USSD অনুরোধটিকে ডায়াল অনুরোধে পরিবর্তন করা হয়েছে৷"},{"$i":"emMmiErrorStkCcUssdSs","$v":"USSD অনুরোধটিকে SS অনুরোধে পরিবর্তন করা হয়েছে৷"},{"$i":"emMmiErrorStkCcUssdUssd","$v":"USSD অনুরোধটিকে নতুন USSD অনুরোধে পরিবর্তন করা হয়েছে৷"},{"$i":"emMmiErrorStkCcSsDial","$v":"SS অনুরোধ ডায়াল অনুরোধে পরিবর্তন করা হয়েছে"},{"$i":"emMmiErrorStkCcSsUssd","$v":"SS অনুরোধটিকে নতুন USSD অনুরোধে পরিবর্তন করা হয়েছে"},{"$i":"emMmiErrorStkCcSsSs","$v":"SS অনুরোধ নতুন SS অনুরোধে পরিবর্তন করা হয়েছে"},{"$i":"emMmiErrorPinPukAttempts","$v":{"one":["আর মাত্র ",{"t":"idOrVar","v":"n"},"টি প্রচেষ্টা অবশিষ্ট"],"two":[{"t":"idOrVar","v":"n"},"টি পুনঃপ্রয়াস অবশিষ্ট আছে"],"few":[{"t":"idOrVar","v":"n"},"টি পুনঃপ্রয়াস অবশিষ্ট আছে"],"many":[{"t":"idOrVar","v":"n"},"টি পুনঃপ্রয়াস অবশিষ্ট আছে"],"other":[{"t":"idOrVar","v":"n"},"টি পুনঃপ্রয়াস অবশিষ্ট আছে"]},"$x":[{"t":"idOrVar","v":"plural"},"n"]},{"$i":"emMmiErrorSimBlocked","$v":"পুনপ্রচেষ্টার সর্বোচ্চ নম্বর পেরিয়ে গেছে। সিম অবরুদ্ধ করা হয়েছে"},{"$i":"RadioNotAvailable","$v":"রেডিও উপলব্ধ নয়"},{"$i":"GenericFailure","$v":"প্রাথমিক ভাবে ব্যর্থতা"},{"$i":"PasswordIncorrect","$v":"পাসওয়ার্ড ভুল"},{"$i":"SimPin2","$v":"সিম পিন2"},{"$i":"SimPuk2","$v":"সিম PUK2"},{"$i":"RequestNotSupported","$v":"অনুরোধ সমর্থিত নয়"},{"$i":"OpNotAllowedDuringVoiceCall","$v":"ভয়েস কলের সময় অপারেশন অনুমোদিত নয়"},{"$i":"SmsSendFailRetry","$v":"SMS পাঠানো ব্যর্থ আবার চেষ্টা করুন"},{"$i":"SimAbsent","$v":"সিম অনুপস্থিত"},{"$i":"SubscriptionNotAvailable","$v":"সদস্যতা উপলব্ধ নয়"},{"$i":"ModeNotSupported","$v":"মোড সমর্থিত নয়"},{"$i":"FdnCheckFailure","$v":"Fdn ব্যর্থতা পরীক্ষা করুন"},{"$i":"IllegalSimOrMe","$v":"অবৈধ সিম বা ME"},{"$i":"DialModifiedToUssd","$v":"ডায়াল USSD-এ পরিবর্তন করা হয়েছে"},{"$i":"DialModifiedToSs","$v":"ডায়াল SS-এ পরিবর্তন করা হয়েছে"},{"$i":"DialModifiedToDial","$v":"ডায়াল ডায়ালে পরিবর্তন করা হয়েছে"},{"$i":"UssdModifiedToDial","$v":"USSD, ডায়ালে পরিবর্তন করা হয়েছে"},{"$i":"UssdModifiedToSs","$v":"SS, USSD তে পরিবর্তন করা হয়েছে"},{"$i":"UssdModifiedToUssd","$v":"USSD, USSD তে পরিবর্তন করা হয়েছে"},{"$i":"SsModifiedToDial","$v":"SS, ডায়ালে পরিবর্তন করা হয়েছে"},{"$i":"SsModifiedToUssd","$v":"SS, USSDতে পরিবর্তন করা হয়েছে"},{"$i":"SsModifiedToSs","$v":"SS, SSতে পরিবর্তন করা হয়েছে"},{"$i":"SubscriptionNotSupported","$v":"সদস্যতা সমর্থিত নয়"},{"$i":"InvalidParameter","$v":"অবৈধ প্যারামিটার"},{"$i":"RejectedByRemote","$v":"রিমোট দ্বারা প্রত্যাখাত"},{"$i":"conferenceCall","$v":["কনফারেন্স (",{"t":"idOrVar","v":"n"},")"]},{"$i":"caller-left-call","$v":[{"t":"idOrVar","v":"caller"}," কল ছেড়ে দিয়েছে।"]},{"$i":"conferenceAddError","$v":"কল মার্জ করতে অক্ষম"},{"$i":"conferenceRemoveError","$v":"কল আনমার্জ করতে অক্ষম"},{"$i":"longDateFormat","$v":"%A, %b %e"},{"$i":"select-audio-sources","$v":"অডিওর উৎসগুলি নির্বাচন করুন"},{"$i":"bluetooth-handsfree-device","$v":"ব্লুটুথ হ্যান্ডসফ্রী ডিভাইস"},{"$i":"receiver","$v":"প্রাপক"},{"$i":"speaker","$v":"স্পীকার"},{"$i":"tcl-cancel","$v":"বাতিল করুন"},{"$i":"tcl-dialer","$v":"ডায়ালার"},{"$i":"tcl-confirmation","$v":"নিশ্চিতকরণ"},{"$i":"log-item","$v":"বিকল্পগুলি"},{"$i":"tcl-assign-speed-dial","$v":{"$o":["\"",{"t":"idOrVar","v":"speedDial"},"\" বটনে একটি স্পীড ডায়াল হিসেবে পরিচিতি যোগ করা যায় নি।<br><br>এখনই অর্পণ করবেন?"]}},{"$i":"tcl-assign","$v":"অ্যাসাইন করুন"},{"$i":"select","$v":"নির্বাচন করুন"},{"$i":"deselect","$v":"অনির্বাচন করুন"},{"$i":"view-all","$v":"সবগুলি দেখুন"},{"$i":"search-results","$v":"অনুসন্ধানের ফলাফলগুলি"},{"$i":"no-recent-numbers","$v":"ডায়াল করতে কল লগগুলিতে কোনো সাম্প্রতিক নম্বর নেই।"},{"$i":"wifi-calling","$v":"WiFi কলিং"},{"$i":"dialer-prompt","$v":"নম্বর ডায়াল করুন বা কলে যোগ করতে পরিচিতি নির্বাচন করুন"},{"$i":"hours","$v":"ঘন্টা"},{"$i":"minutes","$v":"মিনিট"},{"$i":"seconds","$v":"সেকেন্ড"},{"$i":"voiceMail","$v":"ভয়েসমেল"},{"$i":"weekday-0-long","$v":"রবিবার"},{"$i":"weekday-1-long","$v":"সোমবার"},{"$i":"weekday-2-long","$v":"মঙ্গলবার"},{"$i":"weekday-3-long","$v":"বুধবার"},{"$i":"weekday-4-long","$v":"বৃহস্পতিবার"},{"$i":"weekday-5-long","$v":"শুক্রবার"},{"$i":"weekday-6-long","$v":"শনিবার"},{"$i":"weekday-0-short","$v":"রবি"},{"$i":"weekday-1-short","$v":"সোম"},{"$i":"weekday-2-short","$v":"মঙ্গল"},{"$i":"weekday-3-short","$v":"বুধ"},{"$i":"weekday-4-short","$v":"বৃহস্পতি"},{"$i":"weekday-5-short","$v":"শুক্র"},{"$i":"weekday-6-short","$v":"শনি"},{"$i":"month-0-long","$v":"জানুয়ারি"},{"$i":"month-1-long","$v":"ফেব্রুয়ারি"},{"$i":"month-2-long","$v":"মার্চ"},{"$i":"month-3-long","$v":"এপ্রিল"},{"$i":"month-4-long","$v":"মে"},{"$i":"month-5-long","$v":"জুন"},{"$i":"month-6-long","$v":"জুলাই"},{"$i":"month-7-long","$v":"আগস্ট"},{"$i":"month-8-long","$v":"সেপ্টেম্বর"},{"$i":"month-9-long","$v":"অক্টোবর"},{"$i":"month-10-long","$v":"নভেম্বর"},{"$i":"month-11-long","$v":"ডিসেম্বর"},{"$i":"month-0-genitive","$v":"জানুয়ারি"},{"$i":"month-1-genitive","$v":"ফেব্রুয়ারি"},{"$i":"month-2-genitive","$v":"মার্চ"},{"$i":"month-3-genitive","$v":"এপ্রিল"},{"$i":"month-4-genitive","$v":"মে"},{"$i":"month-5-genitive","$v":"জুন"},{"$i":"month-6-genitive","$v":"জুলাই"},{"$i":"month-7-genitive","$v":"আগস্ট"},{"$i":"month-8-genitive","$v":"সেপ্টেম্বর"},{"$i":"month-9-genitive","$v":"অক্টোবর"},{"$i":"month-10-genitive","$v":"নভেম্বর"},{"$i":"month-11-genitive","$v":"ডিসেম্বর"},{"$i":"month-0-short","$v":"জানুয়ারী"},{"$i":"month-1-short","$v":"ফেব্রুয়ারি"},{"$i":"month-2-short","$v":"মার্চ"},{"$i":"month-3-short","$v":"এপ্রিল"},{"$i":"month-4-short","$v":"মে"},{"$i":"month-5-short","$v":"জুন"},{"$i":"month-6-short","$v":"জুলাই"},{"$i":"month-7-short","$v":"আগস্ট"},{"$i":"month-8-short","$v":"সেপ্টেম্বর"},{"$i":"month-9-short","$v":"অক্টোবর"},{"$i":"month-10-short","$v":"নভেম্বর"},{"$i":"month-11-short","$v":"ডিসেম্বর"},{"$i":"minutes-ago-long","$v":{"zero":"এখনই","one":"এক মিনিট আগে","two":[{"t":"idOrVar","v":"value"}," মিনিট আগে"],"few":[{"t":"idOrVar","v":"value"}," মিনিট আগে"],"many":[{"t":"idOrVar","v":"value"}," মিনিট আগে"],"other":[{"t":"idOrVar","v":"value"}," মিনিট আগে"]},"$x":[{"t":"idOrVar","v":"plural"},"value"]},{"$i":"hours-ago-long","$v":{"zero":"এখনই","one":"এক ঘন্টা আগে","two":[{"t":"idOrVar","v":"value"}," ঘন্টা আগে"],"few":[{"t":"idOrVar","v":"value"}," ঘন্টা আগে"],"many":[{"t":"idOrVar","v":"value"}," ঘন্টা আগে"],"other":[{"t":"idOrVar","v":"value"}," ঘন্টা আগে"]},"$x":[{"t":"idOrVar","v":"plural"},"value"]},{"$i":"days-ago-long","$v":{"zero":"আজ","one":"গতকাল","two":[{"t":"idOrVar","v":"value"}," দিন আগে"],"few":[{"t":"idOrVar","v":"value"}," দিন আগে"],"many":[{"t":"idOrVar","v":"value"}," দিন আগে"],"other":[{"t":"idOrVar","v":"value"}," দিন আগে"]},"$x":[{"t":"idOrVar","v":"plural"},"value"]},{"$i":"weeks-ago-long","$v":{"zero":"এই সপ্তাহ","one":"গত সপ্তাহ","two":[{"t":"idOrVar","v":"value"}," সপ্তাহ আগে"],"few":[{"t":"idOrVar","v":"value"}," সপ্তাহ আগে"],"many":[{"t":"idOrVar","v":"value"}," সপ্তাহ আগে"],"other":[{"t":"idOrVar","v":"value"}," সপ্তাহ আগে"]},"$x":[{"t":"idOrVar","v":"plural"},"value"]},{"$i":"months-ago-long","$v":{"zero":"এই মাস","one":"গত মাস","two":[{"t":"idOrVar","v":"value"}," মাস আগে"],"few":[{"t":"idOrVar","v":"value"}," মাস আগে"],"many":[{"t":"idOrVar","v":"value"}," মাস আগে"],"other":[{"t":"idOrVar","v":"value"}," মাস আগে"]},"$x":[{"t":"idOrVar","v":"plural"},"value"]},{"$i":"years-ago-long","$v":{"zero":"এই বছর","one":"গত বছর","two":[{"t":"idOrVar","v":"value"}," বছর আগে"],"few":[{"t":"idOrVar","v":"value"}," বছর আগে"],"many":[{"t":"idOrVar","v":"value"}," বছর আগে"],"other":[{"t":"idOrVar","v":"value"}," বছর আগে"]},"$x":[{"t":"idOrVar","v":"plural"},"value"]},{"$i":"minutes-until-long","$v":{"zero":"এখন","one":"এক মিনিটে","two":[{"t":"idOrVar","v":"value"}," মিনিটে"],"few":[{"t":"idOrVar","v":"value"}," মিনিটে"],"many":[{"t":"idOrVar","v":"value"}," মিনিটে"],"other":[{"t":"idOrVar","v":"value"}," মিনিটে"]},"$x":[{"t":"idOrVar","v":"plural"},"value"]},{"$i":"hours-until-long","$v":{"zero":"এখন","one":"এক ঘন্টায়","two":[{"t":"idOrVar","v":"value"}," ঘন্টায়"],"few":[{"t":"idOrVar","v":"value"}," ঘন্টায়"],"many":[{"t":"idOrVar","v":"value"}," ঘন্টায়"],"other":[{"t":"idOrVar","v":"value"}," ঘন্টায়"]},"$x":[{"t":"idOrVar","v":"plural"},"value"]},{"$i":"days-until-long","$v":{"zero":"আজ","one":"আগামীকাল","two":[{"t":"idOrVar","v":"value"}," দিনে"],"few":[{"t":"idOrVar","v":"value"}," দিনে"],"many":[{"t":"idOrVar","v":"value"}," দিনে"],"other":[{"t":"idOrVar","v":"value"}," দিনে"]},"$x":[{"t":"idOrVar","v":"plural"},"value"]},{"$i":"weeks-until-long","$v":{"zero":"এই সপ্তাহ","one":"পরের সপ্তাহ","two":[{"t":"idOrVar","v":"value"}," সপ্তাহে"],"few":[{"t":"idOrVar","v":"value"}," সপ্তাহে"],"many":[{"t":"idOrVar","v":"value"}," সপ্তাহে"],"other":[{"t":"idOrVar","v":"value"}," সপ্তাহে"]},"$x":[{"t":"idOrVar","v":"plural"},"value"]},{"$i":"months-until-long","$v":{"zero":"এই মাস","one":"পরের মাস","two":[{"t":"idOrVar","v":"value"}," মাসে"],"few":[{"t":"idOrVar","v":"value"}," মাসে"],"many":[{"t":"idOrVar","v":"value"}," মাসে"],"other":[{"t":"idOrVar","v":"value"}," মাসে"]},"$x":[{"t":"idOrVar","v":"plural"},"value"]},{"$i":"years-until-long","$v":{"zero":"এই বছর","one":"পরের বছর","two":[{"t":"idOrVar","v":"value"}," বছরে"],"few":[{"t":"idOrVar","v":"value"}," বছরে"],"many":[{"t":"idOrVar","v":"value"}," বছরে"],"other":[{"t":"idOrVar","v":"value"}," বছরে"]},"$x":[{"t":"idOrVar","v":"plural"},"value"]},{"$i":"minutes-ago-short","$v":{"zero":"এখনই","other":[{"t":"idOrVar","v":"value"},"মিনিট আগে"]},"$x":[{"t":"idOrVar","v":"plural"},"value"]},{"$i":"hours-ago-short","$v":{"zero":"এখনই","other":[{"t":"idOrVar","v":"value"},"ঘন্টা আগে"]},"$x":[{"t":"idOrVar","v":"plural"},"value"]},{"$i":"days-ago-short","$v":{"zero":"আজ","other":[{"t":"idOrVar","v":"value"},"দিন আগে"]},"$x":[{"t":"idOrVar","v":"plural"},"value"]},{"$i":"minutes-until-short","$v":{"zero":"এখন","other":[{"t":"idOrVar","v":"value"},"মাসে"]},"$x":[{"t":"idOrVar","v":"plural"},"value"]},{"$i":"hours-until-short","$v":{"zero":"এখন","other":[{"t":"idOrVar","v":"value"},"ঘন্টায়"]},"$x":[{"t":"idOrVar","v":"plural"},"value"]},{"$i":"days-until-short","$v":{"zero":"আজ","other":[{"t":"idOrVar","v":"value"},"দিনে"]},"$x":[{"t":"idOrVar","v":"plural"},"value"]},{"$i":"incorrectDate","$v":"(ভুল তারিখ)"},{"$i":"dateTimeFormat_%c","$v":"%a %b %e %Y %I:%M:%S %p"},{"$i":"dateTimeFormat_%x","$v":"%m/%d/%Y"},{"$i":"dateTimeFormat_%X","$v":"%I:%M:%S %p"},{"$i":"shortTimeFormat","$v":"%I:%M %p"},{"$i":"shortTimeFormat12","$v":"%I:%M %p"},{"$i":"shortTimeFormat24","$v":"%H:%M"},{"$i":"shortDateTimeFormat","$v":"%x %I:%M %p"},{"$i":"weekStartsOnMonday","$v":"0"},{"$i":"firstDayOfTheWeek","$v":"0"},{"$i":"time_am","$v":"AM"},{"$i":"time_pm","$v":"PM"},{"$i":"label","$v":"লেবেল"},{"$i":"mobile","$v":"মোবাইল"},{"$i":"home","$v":"হোম"},{"$i":"work","$v":"ওয়ার্ক"},{"$i":"personal","$v":"ব্যক্তিগত"},{"$i":"faxHome","$v":"Fax হোম"},{"$i":"faxOffice","$v":"Fax অফিস"},{"$i":"faxOther","$v":"Fax অন্যান্য"},{"$i":"another","$v":"অন্য"},{"$i":"other","$v":"অন্যান্য"},{"$i":"tcl-customTag","$v":"কাস্টম ট্যাগ"},{"$i":"customTag","$v":"কাস্টম ট্যাগ","placeholder":"কাস্টম ট্যাগ"},{"$i":"current","$v":"বর্তমান"},{"$i":"itemWithLabel","$v":[{"t":"idOrVar","v":"label"},", ",{"t":"idOrVar","v":"item"}]},{"$i":"airplaneMode","$v":"এয়ারপ্লেন মোড"},{"$i":"searching","$v":"অনুসন্ধান করছে..."},{"$i":"noNetwork","$v":"কোনো নেটওয়ার্ক নেই"},{"$i":"roaming","$v":[{"t":"idOrVar","v":"operator"}," (রোমিং)"]},{"$i":"operator-info","$v":[{"t":"idOrVar","v":"carrier"}," ",{"t":"idOrVar","v":"region"}]},{"$i":"emergencyCallsOnly","$v":"শুধুমাত্র জরুরি কল"},{"$i":"emergencyCallsOnly-unknownSIMState","$v":"(অজানা সিম স্থিতি)"},{"$i":"emergencyCallsOnly-noSIM","$v":"(কোনো সিম নেই)"},{"$i":"emergencyCallsOnly-pinRequired","$v":"(সিম পিন প্রয়োজন)"},{"$i":"emergencyCallsOnly-pukRequired","$v":"(সিম PUK প্রয়োজন)"},{"$i":"emergencyCallsOnly-networkLocked","$v":"(নেটওয়ার্ক লক করা হয়েছে)"},{"$i":"emergencyCallsOnly-serviceProviderLocked","$v":"(পরিষেবা প্রদানকারী লক করা হয়েছে)"},{"$i":"emergencyCallsOnly-corporateLocked","$v":"(কর্পোরেট লক করা হয়েছে)"},{"$i":"emergencyCallsOnly-network1Locked","$v":"(নেটওয়ার্ক1 লক করা হয়েছে)"},{"$i":"emergencyCallsOnly-network2Locked","$v":"(নেটওয়ার্ক2 লক করা হয়েছে)"},{"$i":"emergencyCallsOnly-hrpdNetworkLocked","$v":"(hrpd নেটওয়ার্ক লক করা হয়েছে)"},{"$i":"emergencyCallsOnly-ruimCorporateLocked","$v":"(ruim কর্পোরেট লক করা হয়েছে)"},{"$i":"emergencyCallsOnly-ruimServiceProviderLocked","$v":"(ruim পরিষেবা প্রদানকারী লক করা হয়েছে)"},{"$i":"lockscreen-sim-id","$v":["সিম ",{"t":"idOrVar","v":"n"}]},{"$i":"charging-no-time","$v":[{"t":"idOrVar","v":"level"},"% চার্জ হয়েছে"]},{"$i":"charging-minutes","$v":{"zero":[{"t":"idOrVar","v":"level"},"% চার্জ হয়েছে (পূর্ণ চার্জ হতে ",{"t":"idOrVar","v":"minutes"},"মিনিট)"],"one":[{"t":"idOrVar","v":"level"},"% চার্জ হয়েছে (পূর্ণ চার্জ হতে ",{"t":"idOrVar","v":"minutes"},"মিনিট)"],"two":[{"t":"idOrVar","v":"level"},"% চার্জ হয়েছে (পূর্ণ চার্জ হতে ",{"t":"idOrVar","v":"minutes"},"মিনিট)"],"few":[{"t":"idOrVar","v":"level"},"% চার্জ হয়েছে (পূর্ণ চার্জ হতে ",{"t":"idOrVar","v":"minutes"},"মিনিট)"],"many":[{"t":"idOrVar","v":"level"},"% চার্জ হয়েছে (পূর্ণ চার্জ হতে ",{"t":"idOrVar","v":"minutes"},"মিনিট)"],"other":[{"t":"idOrVar","v":"level"},"% চার্জ হয়েছে (পূর্ণ চার্জ হতে ",{"t":"idOrVar","v":"minutes"},"মিনিট)"]},"$x":[{"t":"idOrVar","v":"plural"},"minutes"]},{"$i":"charging-hours","$v":{"zero":[{"t":"idOrVar","v":"level"},"% চার্জ হয়েছে (পূর্ণ চার্জ হতে ",{"t":"idOrVar","v":"hours"},"ঘন্টা ",{"t":"idOrVar","v":"minutes"},"মিনিট)"],"one":[{"t":"idOrVar","v":"level"},"% চার্জ হয়েছে (পূর্ণ চার্জ হতে ",{"t":"idOrVar","v":"hours"},"ঘন্টা ",{"t":"idOrVar","v":"minutes"},"মিনিট)"],"two":[{"t":"idOrVar","v":"level"},"% চার্জ হয়েছে (পূর্ণ চার্জ হতে ",{"t":"idOrVar","v":"hours"},"ঘন্টা ",{"t":"idOrVar","v":"minutes"},"মিনিট)"],"few":[{"t":"idOrVar","v":"level"},"% চার্জ হয়েছে (পূর্ণ চার্জ হতে ",{"t":"idOrVar","v":"hours"},"ঘন্টা ",{"t":"idOrVar","v":"minutes"},"মিনিট)"],"many":[{"t":"idOrVar","v":"level"},"% চার্জ হয়েছে (পূর্ণ চার্জ হতে ",{"t":"idOrVar","v":"hours"},"ঘন্টা ",{"t":"idOrVar","v":"minutes"},"মিনিট)"],"other":[{"t":"idOrVar","v":"level"},"% চার্জ হয়েছে (পূর্ণ চার্জ হতে ",{"t":"idOrVar","v":"hours"},"ঘন্টা ",{"t":"idOrVar","v":"minutes"},"মিনিট)"]},"$x":[{"t":"idOrVar","v":"plural"},"minutes"]},{"$i":"phoneNumberInput","ariaLabel":"ফোন নম্বর"},{"$i":"keypadDelete","ariaLabel":"মুছুন"},{"$i":"voiceMailKey","ariaLabel":"ভয়েসমেল"},{"$i":"asterisk","ariaLabel":"আস্টেরিস্ক"},{"$i":"hashSign","ariaLabel":"হ্যাশ চিহ্ন"},{"$i":"loadingSimContacts","$v":"সিম কার্ডের পরিচিতিগুলি লোড করছে..."},{"$i":"noContactsWereFound","$v":"কোনো পরিচিতি খুঁজে পাওয়া যায় নি"},{"$i":"noContactsFoundDialogOk","$v":"ঠিক আছে"},{"$i":"emergencyNumber","$v":"জরুরী নম্বর"},{"$i":"callAirplaneModeMessage","$v":"ফোন করতে আপনাকে সেটিংসে এয়ারপ্লেন মোড অক্ষম করতে হবে।"},{"$i":"callAirplaneModeBtnOk","$v":"ঠিক আছে"},{"$i":"callAirplaneModeTitle","$v":"এয়ারপ্লেন মোড সক্রিয় করা হয়েছে"},{"$i":"numberIsBusyTitle","$v":"নম্বর ব্যস্ত আছে"},{"$i":"numberIsBusyMessage","$v":"নম্বরটি এখন ব্যস্ত আছে। পরে আবার চেষ্টা করুন।"},{"$i":"fdnIsActiveTitle","$v":"FDN সক্রিয় আছে"},{"$i":"fdnIsActiveMessage","$v":["FDN(ফিক্সড ডায়ালিং নম্বর) সক্রিয় করা হয়েছে এবং নিম্নলিখিত নম্বরটি আপনার FDN তালিকায় নেই: ",{"t":"idOrVar","v":"number"}]},{"$i":"emergencyDialogBodyBadNumber","$v":"ফোন করতে ফোন অবশ্যই নেটওয়ার্কের সঙ্গে ফোন সংযুক্ত থাকতে হবে।"},{"$i":"emergencyDialogBodyDeviceNotAccepted","$v":"জরুরি কলগুলি নেটওয়ার্ক দ্বারা অনুমোদিত নয়।"},{"$i":"emergencyDialogBtnOk","$v":"ঠিক আছে"},{"$i":"emergencyDialogTitle","$v":"নেটওয়ার্ক সংযোগ নেই"},{"$i":"invalidNumberToDialTitle","$v":"অবৈধ ফোন নম্বর"},{"$i":"invalidNumberToDialMessage","$v":"আপনি যে ফোন নম্বরে কল করছেন সেটি বৈধ নয়।"},{"$i":"unableToCallTitle","$v":"এখনই ফোন করতে অক্ষম"},{"$i":"unableToCallMessage","$v":"কোনো কল করা যাচ্ছে না। আপনি যদি ইতিমধ্যে ডায়াল করতে থাকেন, অনুগ্রহ করে প্রথমে নামিয়ে রাখুন।"},{"$i":"otherConnectionInUseTitle","$v":"অন্য সংযোগ ব্যবহার করা হচ্ছে"},{"$i":"otherConnectionInUseMessage","$v":"আপনি অন্য সংযোগে কল সক্রিয় করতে পারেন। আপনি একবারে একটি সংযোগ ব্যবহার করতে পারেন।"},{"$i":"clear","$v":"সাফ করুন"},{"$i":"dialer","$v":"ডায়ালার"},{"$i":"tcl-incomming-call","$v":"ইনকামিং কল"},{"$i":"tcl-in-call","$v":"কলে আছেন"},{"$i":"tcl-answer","$v":"উত্তর দিন"},{"$i":"tcl-end-answer","$v":"সমাপ্তি এবং উত্তর দিন"},{"$i":"tcl-decline","$v":"অস্বীকার করুন"},{"$i":"tcl-mute","$v":"মিউট"},{"$i":"tcl-unmute","$v":"আনমিউট করুন"},{"$i":"tcl-speaker","$v":"স্পীকার"},{"$i":"tcl-speaker-off","$v":"স্পীকার অফ"},{"$i":"tcl-microphone-mute-notification","$v":"মাইক্রোফোন মিউট করা হয়েছে"},{"$i":"tcl-microphone-active-notification","$v":"মাইক্রোফোন সক্রিয় আছে"},{"$i":"tcl-speaker-off-notification","$v":"বাইরের স্পীকার অফ করা হয়েছে"},{"$i":"tcl-speaker-on-notification","$v":"বাইরের স্পীকার অন করা হয়েছে"},{"$i":"tcl-hold-and-answer","$v":"হোল্ড এ রাখুন এবং উত্তর দিন"},{"$i":"tcl-ignore-call","$v":"ইনকামিং কল উপেক্ষা করুন"},{"$i":"tcl-add-to-call","$v":"কল যোগ করুন"},{"$i":"tcl-switch-to-second-line","$v":"কল সোয়াপ করুন"},{"$i":"tcl-merge-calls","$v":"কল মার্জ করুন"},{"$i":"btnOk","$v":"ঠিক আছে"},{"$i":"losing-wifi-msg","$v":"wifi দুর্বল হচ্ছে"},{"$i":"hd","$v":"HD"},{"$i":"manage-call","$v":"কল পরিচালনা করুন"},{"$i":"end","$v":"কল সমাপ্ত"},{"$i":"private","$v":"ব্যক্তিগত"},{"$i":"sound","$v":"ধ্বনি"},{"$i":"bluetooth-device","$v":"ব্লুটুথ ডিভাইস"},{"$i":"handset-earpiece","$v":"হ্যান্ডসেট"},{"$i":"call-ended","$v":"কল সমাপ্ত হয়েছে"},{"$i":"payphone","$v":"পেফোন"},{"$i":"contact","$v":"পরিচিতি"},{"$i":"volume","$v":"ভলিউম"},{"$i":"softkey-options","$v":"বিকল্পগুলি"},{"$i":"resume-call","$v":"কল পুনরায় অন করুন"},{"$i":"switch-to-device-toast","$v":"ব্লুটুথ ডিভাইসে সুইচ করেছে"},{"$i":"switch-to-handset-toast","$v":"হ্যান্ডসেট ইয়ারপিস ডিভাইসে সুইচ করেছে"},{"$i":"switch-to-speaker-toast","$v":"স্পীকারে সুইচ করেছে"},{"$i":"emergency-call","$v":"একটি জরুরী কল আছে।"},{"$i":"link","$v":"লিঙ্ক:"},{"$i":"call-left-conference-toast","$v":[{"t":"idOrVar","v":"number"}," কল ছেড়ে দিয়েছে"]}]