[{"$i":"tcl-calllog-entry-removed-succ-notification","$v":"काल लाग प्रविश्टि हटाई गेई"},{"$i":"tcl-calllog-entry-removed-err-notification","$v":"काल लाग प्रविश्टि हटाई नेईं सकदे"},{"$i":"addNewNumber","$v":"नमां नंबर जोड़ो"},{"$i":"contactDetails","$v":"कन्टेक्ट सरबंधी ब्यौरे"},{"$i":"addToExistingContact","$v":"मौजूदा रावते च जोड़ो"},{"$i":"all","$v":"सब्बै","ariaLabel":"सब्बै"},{"$i":"bluetoothOption","$v":""},{"$i":"callLog","$v":"काल लाग"},{"$i":"callLogEdit","title":"संपादत काल लाग"},{"$i":"tcl-option-menu-call-log-edit","$v":"संपादत काल लाग"},{"$i":"callLogEditDialog","ariaLabel":"काल लाग डायलग संपादत करो"},{"$i":"tcl-call-log-delete-group-notification","$v":[{"t":"idOrVar","v":"n"}," प्रविश्टियां डिलीट कीती गेइयां"]},{"$i":"connecting","$v":"कालिंग"},{"$i":"connectingEllipsis","$v":"जुड़ा’रदा ऐ..."},{"$i":"call-forwarding-async","$v":["अतुल्यकालिक: ",{"t":"idOrVar","v":"async"}]},{"$i":"call-forwarding-data","$v":["डेटाः ",{"t":"idOrVar","v":"data"}]},{"$i":"call-forwarding-error","$v":"काल फारवर्डिंग स्थिति मुड़-हासल करदे बेल्लै त्रुटि होई"},{"$i":"call-forwarding-fax","$v":["FAX: ",{"t":"idOrVar","v":"fax"}]},{"$i":"call-forwarding-inactive","$v":"निश्क्रिय"},{"$i":"call-forwarding-packet","$v":["पैकेट: ",{"t":"idOrVar","v":"packet"}]},{"$i":"call-forwarding-pad","$v":["PAD: ",{"t":"idOrVar","v":"pad"}]},{"$i":"call-forwarding-sms","$v":["SMS: ",{"t":"idOrVar","v":"sms"}]},{"$i":"call-forwarding-status","$v":"काल फारवर्डिंग स्थिति"},{"$i":"call-forwarding-sync","$v":["सिंगक्रनस: ",{"t":"idOrVar","v":"sync"}]},{"$i":"call-forwarding-voice","$v":["वायस: ",{"t":"idOrVar","v":"voice"}]},{"$i":"close","$v":"बंद करो"},{"$i":"confirm-deletion","$v":"चुनिंदा काल साफ करो?"},{"$i":"contacts","ariaLabel":"कन्टेक्ट"},{"$i":"createNewContact","$v":"नमां रावता बनाओ"},{"$i":"delete","$v":"हटाना"},{"$i":"calllog-deselectAll","$v":"सब्भै अन-चुने करो"},{"$i":"dialerAddContact","$v":""},{"$i":"dialerAddContactDialog","ariaLabel":"रावता डायलग जोड़ो"},{"$i":"callInformation","$v":"काल जानकारी"},{"$i":"edit-selected","$v":{"one":["चुनिंदा (",{"t":"idOrVar","v":"n"},")"],"two":["चुनिंदा (",{"t":"idOrVar","v":"n"},")"],"few":["चुनिंदा (",{"t":"idOrVar","v":"n"},")"],"many":["चुनिंदा (",{"t":"idOrVar","v":"n"},")"],"other":["चुनिंदा (",{"t":"idOrVar","v":"n"},")"]},"$x":[{"t":"idOrVar","v":"plural"},"n"]},{"$i":"tcl-edit-not-selected","$v":"चुनिंदा (0)"},{"$i":"edit","$v":"एडिट"},{"$i":"hideKeypad","ariaLabel":"कीपैड छपैलो"},{"$i":"ignore","$v":""},{"$i":"incoming","$v":"इनकमिंग"},{"$i":"keypad","ariaLabel":"कीपैड"},{"$i":"makeCall","$v":""},{"$i":"merge","$v":""},{"$i":"info-missed","$v":"मिस्ड"},{"$i":"missed","$v":"मिस्ड","ariaLabel":"मिस्ड"},{"$i":"dialed","$v":"डायल कीते गेदे"},{"$i":"received","$v":"हासल कीता"},{"$i":"canceled","$v":"रद्द ऐ"},{"$i":"missedCall","$v":"मिस्ड कॉल"},{"$i":"missedCallMultiSims","$v":["(सिम ",{"t":"idOrVar","v":"n"},") मिस्ड काल"]},{"$i":"mmi-error","$v":"सनेहा भेजदे बेल्लै त्रुटि होई"},{"$i":"mmi-session-expired","$v":"सत्र मन्याद खत्म होई"},{"$i":"mmi-successfully-sent","$v":"सनेहा सफलतापूर्वक भेजी दित्ता"},{"$i":"mmi-notification-title-with-sim","$v":["(",{"t":"idOrVar","v":"sim"},") ",{"t":"idOrVar","v":"title"}]},{"$i":"mute","$v":""},{"$i":"newCall","$v":""},{"$i":"no-logs-msg-1","$v":"कोई काल रिकार्ड नेईं ऐ"},{"$i":"no-logs-msg-2","$v":"हून संचार शुरू करो"},{"$i":"no-logs-msg-3","$v":"कोई काल रिकार्ड नेईं ऐ"},{"$i":"no-logs-msg-4","$v":"हून संचार शुरू करो"},{"$i":"onHoldOption","$v":""},{"$i":"outgoing","$v":"आउटगोइंग"},{"$i":"recents","ariaLabel":"हालिया कालां"},{"$i":"reply","$v":"जवाब देओ"},{"$i":"calllog-selectAll","$v":"सब्भै चुनो"},{"$i":"send","$v":"भेजो"},{"$i":"switch-calls","$v":"कालां स्विच करो"},{"$i":"today","$v":"अज्ज"},{"$i":"withheld-number","$v":"अज्ञात"},{"$i":"from-contact","$v":[{"t":"idOrVar","v":"contact"}," थमां"]},{"$i":"from-number","$v":[{"t":"idOrVar","v":"number"}," थमां"]},{"$i":"from-withheld-number","$v":"अनजांते नंबर थमां"},{"$i":"yesterday","$v":"कल"},{"$i":"sending","$v":"भेजै  करदा ऐ…"},{"$i":"speakerOption","$v":""},{"$i":"ussd-services","$v":[{"t":"idOrVar","v":"operator"}," सेवां"]},{"$i":"toggleKeypad","$v":""},{"$i":"type-your-response","placeholder":"अपनी प्रतिक्रिया टाइप करो..."},{"$i":"clear-all-text","$v":"सबूरा पाठ साफ करो"},{"$i":"hide","$v":"छपैलो"},{"$i":"call","$v":"कॉल"},{"$i":"hold","$v":"होल्ड"},{"$i":"resume","$v":"बायोडाटा","ariaLabel":"बायोडाटा"},{"$i":"sendSms","$v":"सनेहा भेजो"},{"$i":"callEnded","$v":"काल खत्म"},{"$i":"via-sim","$v":["सिम ",{"t":"idOrVar","v":"n"}," राहें"]},{"$i":"sim-number","$v":["सिम",{"t":"idOrVar","v":"n"}]},{"$i":"unknown","$v":"अज्ञात"},{"$i":"cancel","$v":"रद्द करो"},{"$i":"hangup-a11y-button","$v":""},{"$i":"pickup-a11y-button","$v":""},{"$i":"unlock-a11y-button","ariaLabel":"स्लाइडर"},{"$i":"settings","$v":"सेटिंग्स"},{"$i":"tcl-delete-log","$v":"क्या तुस जकीनी तौर पर काल लाग थमां चुनिंदा इंदराजें गी डिलीट करना चांह्​दे ओ?"},{"$i":"delete-n-log?","$v":{"zero":"किश बी चुनिंदा नेईं","one":"चुनिंदा लाग डिलीट करो?","two":[{"t":"idOrVar","v":"n"}," लागां डिलीट करो?"],"few":[{"t":"idOrVar","v":"n"}," लागां डिलीट करो?"],"many":[{"t":"idOrVar","v":"n"}," लागां डिलीट करो?"],"other":[{"t":"idOrVar","v":"n"}," लागां डिलीट करो?"]},"$x":[{"t":"idOrVar","v":"plural"},"n"]},{"$i":"composeEmail","ariaLabel":"ईमेल"},{"$i":"emailDetail","ariaLabel":"ईमेल"},{"$i":"phoneDetail","ariaLabel":"फोन"},{"$i":"send-sms-button","ariaLabel":"SMS"},{"$i":"separator","$v":","},{"$i":"callDurationMinutes","$v":[{"t":"idOrVar","v":"m"},":",{"t":"idOrVar","v":"s"}]},{"$i":"callDurationHours","$v":[{"t":"idOrVar","v":"h"},":",{"t":"idOrVar","v":"m"},":",{"t":"idOrVar","v":"s"}]},{"$i":"callDurationTextFormatSeconds","$v":[{"t":"idOrVar","v":"s"}," सेकंड"]},{"$i":"callDurationTextFormatMinutes","$v":[{"t":"idOrVar","v":"m"}," m ",{"t":"idOrVar","v":"s"}," s"]},{"$i":"callDurationTextFormatHours","$v":[{"t":"idOrVar","v":"h"}," घैंटे ",{"t":"idOrVar","v":"m"}," मिनट ",{"t":"idOrVar","v":"s"},"सेकंड"]},{"$i":"suggestionMatches","$v":{"one":["\"",{"t":"idOrVar","v":"matchNumber"},"\" ",{"t":"idOrVar","v":"n"}," लेई मिलान करो"],"two":["\"",{"t":"idOrVar","v":"matchNumber"},"\" ",{"t":"idOrVar","v":"n"}," लेई मिलान करो"],"few":["\"",{"t":"idOrVar","v":"matchNumber"},"\" ",{"t":"idOrVar","v":"n"}," लेई मिलान करो"],"many":["\"",{"t":"idOrVar","v":"matchNumber"},"\" ",{"t":"idOrVar","v":"n"}," लेई मिलान करो"],"other":["\"",{"t":"idOrVar","v":"matchNumber"},"\" ",{"t":"idOrVar","v":"n"}," लेई मिलान करो"]},"$x":[{"t":"idOrVar","v":"plural"},"n"]},{"$i":"scCallBarring","$v":"काल प्रतिबंधित"},{"$i":"scCallForwarding","$v":"काल फारवर्डिंग"},{"$i":"scClip","$v":"इनकमिंग कालर ID"},{"$i":"scClir","$v":"आउटगोइंग कालर ID"},{"$i":"scPwd","$v":"पासवर्ड बदलाव"},{"$i":"scCallWaiting","$v":"काल इंतजार च ऐ"},{"$i":"scPin","$v":"PIN बदलाव"},{"$i":"scPin2","$v":"पिन 2 बदलाव"},{"$i":"scPuk","$v":"पिन अन-ब्लाक करो"},{"$i":"scPuk2","$v":"पिन 2 अन-ब्लाक करो"},{"$i":"scImei","$v":"IMEI"},{"$i":"scMeid","$v":"MEID"},{"$i":"scUssd","$v":"USSD"},{"$i":"serviceClassVoice","$v":"वायस"},{"$i":"serviceClassData","$v":"डेटा"},{"$i":"serviceClassFax","$v":"FAX"},{"$i":"serviceClassSms","$v":"SMS"},{"$i":"serviceClassDataSync","$v":"सिंक करो"},{"$i":"serviceClassDataAsync","$v":"एसिंक"},{"$i":"serviceClassPacket","$v":"पैकेट"},{"$i":"serviceClassPad","$v":"PAD"},{"$i":"smServiceEnabled","$v":"सेवा समर्थ ही"},{"$i":"smServiceDisabled","$v":"सेवा नकारा करी दित्ती गेई ऐ"},{"$i":"smServiceRegistered","$v":"पंजीकरण सफल रेहा"},{"$i":"smServiceErased","$v":"डिलीट करना सफल रेहा"},{"$i":"smServiceInterrogated","$v":"अनुरोध सफल हा"},{"$i":"smServiceNotProvisioned","$v":"सेवा गी प्रावधान नेईं कीता गेआ"},{"$i":"smClirPermanent","$v":"तुस कालर ID सेटिंग नेईं बदली सकदे"},{"$i":"smClirDefaultOnNextCallOn","$v":"कालर ID प्रतिबंधत करने लेई डिफाल्ट। अगली काल: वर्जत"},{"$i":"smClirDefaultOnNextCallOff","$v":"कालर ID प्रतिबंधत करने लेई डिफाल्ट। अगली काल: वर्जत नेईं"},{"$i":"smClirDefaultOffNextCallOn","$v":"कालर ID डिफाल्ट रूप कन्नै वर्जत नेईं ऐ। अगली काल: वर्जत"},{"$i":"smClirDefaultOffNextCallOff","$v":"कालर ID डिफाल्ट रूप कन्नै वर्जत नेईं ऐ। अगली काल: वर्जत नेईं"},{"$i":"smServiceEnabledFor","$v":":लेई सेवा समर्थ कीता गेई ही"},{"$i":"smPinChanged","$v":"पिन सफलतापूर्वक बदलेआ गेआ"},{"$i":"smPinUnblocked","$v":"पिन सफलतापूर्वक अनब्लाक कीता गेआ"},{"$i":"smPin2Changed","$v":"पिन 2 सफलतापूर्वक बदली गेआ"},{"$i":"smPin2Unblocked","$v":"पिन 2 सफलतापूर्वक अनब्लाक कीता गेआ"},{"$i":"ServiceIsEnabled","$v":"सेवा समर्थ ऐ"},{"$i":"ServiceIsDisabled","$v":"सेवा नकारा ऐ"},{"$i":"ServiceIsEnabledFor","$v":"इसदे लेई सेवा समर्थ ऐ:"},{"$i":"emMmiError","$v":"कनेक्शन समस्या जां अमान्य MMI कोड"},{"$i":"emMmiErrorPasswordIncorrect","$v":"गलत पासवर्ड"},{"$i":"emMmiErrorNotSupported","$v":"अमान्य जां असमर्थत MMI कोड"},{"$i":"emMmiErrorInvalidAction","$v":"अमान्य कार्रवाई"},{"$i":"emMmiErrorInvalidScCode","$v":"अमान्य सेवा कोड"},{"$i":"emMmiErrorBadPuk","$v":"थुआढ़े आसेआ टाइप कीता गेआ PUK स्हेई नेईं ऐ"},{"$i":"emMmiErrorBadPin","$v":"थुआढ़े आसेआ टाइप कीता गेदा पराना पिन स्हेई नेईं ऐ।"},{"$i":"emMmiErrorNeedPuk2","$v":"सिम कार्ड अन-ब्लाक करने लेई PUK2 टाइप करो"},{"$i":"emMmiErrorMismatchPin","$v":"थुआढ़े आसेआ टाइप कीते गेदे पिन मेल नेईं खंदे न"},{"$i":"emMmiErrorInvalidPin","$v":"4 थमां 8 नंबर आह्‌ला पिन टाइप करो"},{"$i":"emMmiErrorNeedsPuk","$v":"थुआढ़ा सिम कार्ड PUK- लाक ऐ"},{"$i":"emMmiErrorEnablePin","$v":"असफल। सिम / RUIM लाक समर्थ करो"},{"$i":"emMmiErrorMmiFdn","$v":"प्रक्रिया फिक्सड डायलिंग नंबरें लेई गै सीमत ऐ"},{"$i":"emMmiErrorStkCcUssdDial","$v":"USSD आवेदन DIAL आवेदन च संशोधत कीता गेआ ऐ।"},{"$i":"emMmiErrorStkCcUssdSs","$v":"USSD आवेदन SS आवेदन च संशोधत कीता गेआ ऐ।"},{"$i":"emMmiErrorStkCcUssdUssd","$v":"USSD अनुरोध गी नमें USSD अनुरोध च संशोधत कीता गेआ ऐ"},{"$i":"emMmiErrorStkCcSsDial","$v":"SS अनुरोध डायल अनुरोध च संशोधत कीता गेआ ऐ"},{"$i":"emMmiErrorStkCcSsUssd","$v":"SS अनुरोध USSD अनुरोध च संशोधत कीता गेआ ऐ"},{"$i":"emMmiErrorStkCcSsSs","$v":"SS अनुरोध गी नमें SS अनुरोध च संशोधत कीता गेआ ऐ"},{"$i":"emMmiErrorPinPukAttempts","$v":{"one":["सिर्फ ",{"t":"idOrVar","v":"n"}," कोशश बाकी ऐ"],"two":[{"t":"idOrVar","v":"n"}," मुड़-कोशिशां बाकी न"],"few":[{"t":"idOrVar","v":"n"}," मुड़-कोशिशां बाकी न"],"many":[{"t":"idOrVar","v":"n"}," मुड़-कोशिशां बाकी न"],"other":[{"t":"idOrVar","v":"n"}," मुड़-कोशिशां बाकी न"]},"$x":[{"t":"idOrVar","v":"plural"},"n"]},{"$i":"emMmiErrorSimBlocked","$v":"मुड़-कोशिशें दी बद्धो-बद्ध संख्या पार होई गेई। सिम ब्लाक ऐ"},{"$i":"RadioNotAvailable","$v":"रेडियो उपलब्ध नेईं ऐ"},{"$i":"GenericFailure","$v":"सामान्य असफलता"},{"$i":"PasswordIncorrect","$v":"गलत पासवर्ड"},{"$i":"SimPin2","$v":"सिम पिन 2"},{"$i":"SimPuk2","$v":"सिम PUK2"},{"$i":"RequestNotSupported","$v":"अनुरोध समर्थत नेईं ऐ"},{"$i":"OpNotAllowedDuringVoiceCall","$v":"वायसकाल दरान प्रक्रिया दी मंजूरी नेईं"},{"$i":"SmsSendFailRetry","$v":"SMS भेजना असफल मुड़-कोशिश"},{"$i":"SimAbsent","$v":"सिम गैर-हाजर"},{"$i":"SubscriptionNotAvailable","$v":"सदस्यता उपलब्ध नेईं ऐ"},{"$i":"ModeNotSupported","$v":"मोड समर्थत नेईं"},{"$i":"FdnCheckFailure","$v":"FDN जांच असफलता"},{"$i":"IllegalSimOrMe","$v":"अवैध सिम जां ME"},{"$i":"DialModifiedToUssd","$v":"डायल USSD करने लेई संशोधत"},{"$i":"DialModifiedToSs","$v":"डायल SS करने लेई संशोधत"},{"$i":"DialModifiedToDial","$v":"डायल करने लेई डायल संशोधत"},{"$i":"UssdModifiedToDial","$v":"USSD डायल करने लेई संशोधत"},{"$i":"UssdModifiedToSs","$v":"USSD गी SS च संशोधत कीता गेआ"},{"$i":"UssdModifiedToUssd","$v":"USSD गी USSD च संशोधत कीता गेआ"},{"$i":"SsModifiedToDial","$v":"SS गी डायल करने लेई संशोधत कीता गेआ"},{"$i":"SsModifiedToUssd","$v":"SS गी USSD च संशोधत कीता गेआ"},{"$i":"SsModifiedToSs","$v":"SS गी SS च संशोधत कीता गेआ"},{"$i":"SubscriptionNotSupported","$v":"सदस्यता समर्थत नेईं ऐ"},{"$i":"InvalidParameter","$v":"अमान्य पैरामीटर"},{"$i":"RejectedByRemote","$v":"रिमोट आसेआ नां-मंजूर"},{"$i":"conferenceCall","$v":["कांफ्रेंस (",{"t":"idOrVar","v":"n"},")"]},{"$i":"caller-left-call","$v":[{"t":"idOrVar","v":"caller"}," ने काल छोड़ी दित्ती ऐ"]},{"$i":"conferenceAddError","$v":"कालां मर्ज करने च असमर्थ"},{"$i":"conferenceRemoveError","$v":"कालां अन-मर्ज करने च असमर्थ"},{"$i":"longDateFormat","$v":"%A, %b %e"},{"$i":"select-audio-sources","$v":"आडियो स्रोत चुनो"},{"$i":"bluetooth-handsfree-device","$v":"ब्लूटूथ हैंड्सफ्री डिवाइस"},{"$i":"receiver","$v":"हासलकर्ता"},{"$i":"speaker","$v":"स्पीकर"},{"$i":"tcl-cancel","$v":"रद्द करो"},{"$i":"tcl-dialer","$v":"डायलर"},{"$i":"tcl-confirmation","$v":"पुश्टिकरण"},{"$i":"log-item","$v":"विकल्प"},{"$i":"tcl-assign-speed-dial","$v":{"$o":["बटन \"",{"t":"idOrVar","v":"speedDial"},"\" पर स्पीड डायल दे रूप च रावता नेईं जोड़ेआ गेआ हा। <br> <br> हून निर्धारत करो?"]}},{"$i":"tcl-assign","$v":"निर्धारत करना"},{"$i":"select","$v":"चुनो"},{"$i":"deselect","$v":"अन-चुनेआ करो"},{"$i":"view-all","$v":"सब्भै दिक्खो"},{"$i":"search-results","$v":"तपाश परिणाम"},{"$i":"no-recent-numbers","$v":"डायल करने लेई काल लाग च कोई बी हालिया नंबर नेईं।"},{"$i":"wifi-calling","$v":"WiFi कालिंग"},{"$i":"dialer-prompt","$v":"काल च जोड़ने लेई नंबर डायल करो जां रावता चुनो"},{"$i":"hours","$v":"घैंटे"},{"$i":"minutes","$v":"मिनट"},{"$i":"seconds","$v":"सेकंड"},{"$i":"voiceMail","$v":"वॉयसमेल"},{"$i":"weekday-0-long","$v":"ऐतवार"},{"$i":"weekday-1-long","$v":"सोमवार"},{"$i":"weekday-2-long","$v":"मंगलवार"},{"$i":"weekday-3-long","$v":"बुधवार"},{"$i":"weekday-4-long","$v":"बीरवार"},{"$i":"weekday-5-long","$v":"शुक्रवार"},{"$i":"weekday-6-long","$v":"शनिवार"},{"$i":"weekday-0-short","$v":"ऐत"},{"$i":"weekday-1-short","$v":"सोम"},{"$i":"weekday-2-short","$v":"मंगल"},{"$i":"weekday-3-short","$v":"वेब"},{"$i":"weekday-4-short","$v":"वीर"},{"$i":"weekday-5-short","$v":"शुक्र"},{"$i":"weekday-6-short","$v":"शनि"},{"$i":"month-0-long","$v":"जनवरी"},{"$i":"month-1-long","$v":"फरवरी"},{"$i":"month-2-long","$v":"मार्च"},{"$i":"month-3-long","$v":"अप्रैल"},{"$i":"month-4-long","$v":"मई"},{"$i":"month-5-long","$v":"जून"},{"$i":"month-6-long","$v":"जुलाई"},{"$i":"month-7-long","$v":"अगस्त"},{"$i":"month-8-long","$v":"सितंबर"},{"$i":"month-9-long","$v":"अक्टूबर"},{"$i":"month-10-long","$v":"नवंबर"},{"$i":"month-11-long","$v":"दिसंबर"},{"$i":"month-0-genitive","$v":"जनवरी"},{"$i":"month-1-genitive","$v":"फरवरी"},{"$i":"month-2-genitive","$v":"मार्च"},{"$i":"month-3-genitive","$v":"अप्रैल"},{"$i":"month-4-genitive","$v":"मई"},{"$i":"month-5-genitive","$v":"जून"},{"$i":"month-6-genitive","$v":"जुलाई"},{"$i":"month-7-genitive","$v":"अगस्त"},{"$i":"month-8-genitive","$v":"सितंबर"},{"$i":"month-9-genitive","$v":"अक्टूबर"},{"$i":"month-10-genitive","$v":"नवंबर"},{"$i":"month-11-genitive","$v":"दिसंबर"},{"$i":"month-0-short","$v":"जनवरी"},{"$i":"month-1-short","$v":"फरवरी"},{"$i":"month-2-short","$v":"मार्च"},{"$i":"month-3-short","$v":"अप्रैल"},{"$i":"month-4-short","$v":"मई"},{"$i":"month-5-short","$v":"जून"},{"$i":"month-6-short","$v":"जुलाई"},{"$i":"month-7-short","$v":"अगस्त"},{"$i":"month-8-short","$v":"सितम्बर"},{"$i":"month-9-short","$v":"अक्टूबर"},{"$i":"month-10-short","$v":"नवंबर"},{"$i":"month-11-short","$v":"दिसंबर"},{"$i":"minutes-ago-long","$v":{"zero":"हूनै","one":"इक मिनट पैह्‌ले","two":[{"t":"idOrVar","v":"value"}," मिनट पैह्‌ले"],"few":[{"t":"idOrVar","v":"value"}," मिनट पैह्‌ले"],"many":[{"t":"idOrVar","v":"value"}," मिनट पैह्‌ले"],"other":[{"t":"idOrVar","v":"value"}," मिनट पैह्‌ले"]},"$x":[{"t":"idOrVar","v":"plural"},"value"]},{"$i":"hours-ago-long","$v":{"zero":"हूनै","one":"इक घैंटा पैह्‌ले","two":[{"t":"idOrVar","v":"value"}," घैंटे पैह्‌ले"],"few":[{"t":"idOrVar","v":"value"}," घैंटे पैह्‌ले"],"many":[{"t":"idOrVar","v":"value"}," घैंटे पैह्‌ले"],"other":[{"t":"idOrVar","v":"value"}," घैंटे पैह्‌ले"]},"$x":[{"t":"idOrVar","v":"plural"},"value"]},{"$i":"days-ago-long","$v":{"zero":"अज्ज","one":"कल","two":[{"t":"idOrVar","v":"value"}," दिन पैह्‌ले"],"few":[{"t":"idOrVar","v":"value"}," दिन पैह्‌ले"],"many":[{"t":"idOrVar","v":"value"}," दिन पैह्‌ले"],"other":[{"t":"idOrVar","v":"value"}," दिन पैह्‌ले"]},"$x":[{"t":"idOrVar","v":"plural"},"value"]},{"$i":"weeks-ago-long","$v":{"zero":"इस हफ्ते","one":"पिछले हफ्ते","two":[{"t":"idOrVar","v":"value"}," हफ्ते पैह्‌ले"],"few":[{"t":"idOrVar","v":"value"}," हफ्ते पैह्‌ले"],"many":[{"t":"idOrVar","v":"value"}," हफ्ते पैह्‌ले"],"other":[{"t":"idOrVar","v":"value"}," हफ्ते पैह्‌ले"]},"$x":[{"t":"idOrVar","v":"plural"},"value"]},{"$i":"months-ago-long","$v":{"zero":"इस म्हीने","one":"पिछले म्हीने","two":[{"t":"idOrVar","v":"value"}," म्हीने पैह्‌ले"],"few":[{"t":"idOrVar","v":"value"}," म्हीने पैह्‌ले"],"many":[{"t":"idOrVar","v":"value"}," म्हीने पैह्‌ले"],"other":[{"t":"idOrVar","v":"value"}," म्हीने पैह्‌ले"]},"$x":[{"t":"idOrVar","v":"plural"},"value"]},{"$i":"years-ago-long","$v":{"zero":"इस ब'रे","one":"पिछले ब'रे","two":[{"t":"idOrVar","v":"value"}," ब'रे पैह्‌ले"],"few":[{"t":"idOrVar","v":"value"}," ब'रे पैह्‌ले"],"many":[{"t":"idOrVar","v":"value"}," ब'रे पैह्‌ले"],"other":[{"t":"idOrVar","v":"value"}," ब'रे पैह्‌ले"]},"$x":[{"t":"idOrVar","v":"plural"},"value"]},{"$i":"minutes-until-long","$v":{"zero":"हून","one":"इक मिनट च","two":[{"t":"idOrVar","v":"value"}," मिनटें च"],"few":[{"t":"idOrVar","v":"value"}," मिनटें च"],"many":[{"t":"idOrVar","v":"value"}," मिनटें च"],"other":[{"t":"idOrVar","v":"value"}," मिनटें च"]},"$x":[{"t":"idOrVar","v":"plural"},"value"]},{"$i":"hours-until-long","$v":{"zero":"हून","one":"इक घैंटे च","two":[{"t":"idOrVar","v":"value"}," घैंटें च"],"few":[{"t":"idOrVar","v":"value"}," घैंटें च"],"many":[{"t":"idOrVar","v":"value"}," घैंटें च"],"other":[{"t":"idOrVar","v":"value"}," घैंटें च"]},"$x":[{"t":"idOrVar","v":"plural"},"value"]},{"$i":"days-until-long","$v":{"zero":"अज्ज","one":"कल","two":[{"t":"idOrVar","v":"value"}," दिनें च"],"few":[{"t":"idOrVar","v":"value"}," दिनें च"],"many":[{"t":"idOrVar","v":"value"}," दिनें च"],"other":[{"t":"idOrVar","v":"value"}," दिनें च"]},"$x":[{"t":"idOrVar","v":"plural"},"value"]},{"$i":"weeks-until-long","$v":{"zero":"इस हफ्ते","one":"अगले हफ्ते","two":[{"t":"idOrVar","v":"value"},"हफ्तें च"],"few":[{"t":"idOrVar","v":"value"},"हफ्तें च"],"many":[{"t":"idOrVar","v":"value"},"हफ्तें च"],"other":[{"t":"idOrVar","v":"value"},"हफ्तें च"]},"$x":[{"t":"idOrVar","v":"plural"},"value"]},{"$i":"months-until-long","$v":{"zero":"इस म्हीने","one":"अगले म्हीने","two":[{"t":"idOrVar","v":"value"}," म्हीनें च"],"few":[{"t":"idOrVar","v":"value"}," म्हीनें च"],"many":[{"t":"idOrVar","v":"value"}," म्हीनें च"],"other":[{"t":"idOrVar","v":"value"}," म्हीनें च"]},"$x":[{"t":"idOrVar","v":"plural"},"value"]},{"$i":"years-until-long","$v":{"zero":"इस ब'रे","one":"अगले ब'रे","two":[{"t":"idOrVar","v":"value"},"ब'रें च"],"few":[{"t":"idOrVar","v":"value"},"ब'रें च"],"many":[{"t":"idOrVar","v":"value"},"ब'रें च"],"other":[{"t":"idOrVar","v":"value"},"ब'रें च"]},"$x":[{"t":"idOrVar","v":"plural"},"value"]},{"$i":"minutes-ago-short","$v":{"zero":"हूनै","other":[{"t":"idOrVar","v":"value"}," मिनट पैह्‌ले"]},"$x":[{"t":"idOrVar","v":"plural"},"value"]},{"$i":"hours-ago-short","$v":{"zero":"हूनै","other":[{"t":"idOrVar","v":"value"}," घैंटे पैह्‌ले"]},"$x":[{"t":"idOrVar","v":"plural"},"value"]},{"$i":"days-ago-short","$v":{"zero":"अज्ज","other":[{"t":"idOrVar","v":"value"}," दिन पैह्‌ले"]},"$x":[{"t":"idOrVar","v":"plural"},"value"]},{"$i":"minutes-until-short","$v":{"zero":"हून","other":[{"t":"idOrVar","v":"value"},"मिनटें च"]},"$x":[{"t":"idOrVar","v":"plural"},"value"]},{"$i":"hours-until-short","$v":{"zero":"हून","other":[{"t":"idOrVar","v":"value"}," घैंटें च"]},"$x":[{"t":"idOrVar","v":"plural"},"value"]},{"$i":"days-until-short","$v":{"zero":"अज्ज","other":[{"t":"idOrVar","v":"value"},"दिनें च"]},"$x":[{"t":"idOrVar","v":"plural"},"value"]},{"$i":"incorrectDate","$v":"(गलत तरीक)"},{"$i":"dateTimeFormat_%c","$v":"%a %b %e %Y %I:%M:%S %p"},{"$i":"dateTimeFormat_%x","$v":"%m/%d/%Y"},{"$i":"dateTimeFormat_%X","$v":"%I:%M:%S %p"},{"$i":"shortTimeFormat","$v":"%I:%M %p"},{"$i":"shortTimeFormat12","$v":"%I:%M %p"},{"$i":"shortTimeFormat24","$v":"%H:%M"},{"$i":"shortDateTimeFormat","$v":"%x %I:%M %p"},{"$i":"weekStartsOnMonday","$v":"0"},{"$i":"firstDayOfTheWeek","$v":"0"},{"$i":"time_am","$v":"AM"},{"$i":"time_pm","$v":"PM"},{"$i":"label","$v":"लेबल"},{"$i":"mobile","$v":"मोबाइल"},{"$i":"home","$v":"होम"},{"$i":"work","$v":"कारज"},{"$i":"personal","$v":"निजी"},{"$i":"faxHome","$v":"फैक्स होम"},{"$i":"faxOffice","$v":"फैक्स दफ्तर"},{"$i":"faxOther","$v":"फैक्स होर"},{"$i":"another","$v":"इक होर"},{"$i":"other","$v":"होर"},{"$i":"tcl-customTag","$v":"कस्टम टैग"},{"$i":"customTag","$v":"कस्टम टैग","placeholder":"कस्टम टैग"},{"$i":"current","$v":"मौजूदा"},{"$i":"itemWithLabel","$v":[{"t":"idOrVar","v":"label"},", ",{"t":"idOrVar","v":"item"}]},{"$i":"airplaneMode","$v":"एयरप्लेन मोड"},{"$i":"searching","$v":"तपाश होआ करदी ऐ..."},{"$i":"noNetwork","$v":"कोई नेटवर्क नेईं"},{"$i":"roaming","$v":[{"t":"idOrVar","v":"operator"}," (रोमिंग)"]},{"$i":"operator-info","$v":[{"t":"idOrVar","v":"carrier"}," ",{"t":"idOrVar","v":"region"}]},{"$i":"emergencyCallsOnly","$v":"सिर्फ अपातकाली कालां"},{"$i":"emergencyCallsOnly-unknownSIMState","$v":"(अज्ञात सिम स्थिति)"},{"$i":"emergencyCallsOnly-noSIM","$v":"(कोई सिम नेईं)"},{"$i":"emergencyCallsOnly-pinRequired","$v":"(सिम पिन लोड़चदा)"},{"$i":"emergencyCallsOnly-pukRequired","$v":"(SIM PUK लोड़चदा)"},{"$i":"emergencyCallsOnly-networkLocked","$v":"(नेटवर्क लाक ऐ)"},{"$i":"emergencyCallsOnly-serviceProviderLocked","$v":"(सेवा प्रदाता लाक ऐ)"},{"$i":"emergencyCallsOnly-corporateLocked","$v":"(कार्पोरेट लाक ऐ)"},{"$i":"emergencyCallsOnly-network1Locked","$v":"(नेटवर्क 1 लाक ऐ)"},{"$i":"emergencyCallsOnly-network2Locked","$v":"(नेटवर्क 2 लाक ऐ)"},{"$i":"emergencyCallsOnly-hrpdNetworkLocked","$v":"(hrpd नेटवर्क लाक ऐ)"},{"$i":"emergencyCallsOnly-ruimCorporateLocked","$v":"(ruim कार्पोरेट लाक ऐ)"},{"$i":"emergencyCallsOnly-ruimServiceProviderLocked","$v":"(ruim  सेवा प्रदाता लाक ऐ)"},{"$i":"lockscreen-sim-id","$v":["सिम",{"t":"idOrVar","v":"n"}]},{"$i":"charging-no-time","$v":[{"t":"idOrVar","v":"level"},"% चार्ज ऐ"]},{"$i":"charging-minutes","$v":{"zero":[{"t":"idOrVar","v":"level"},"% चार्ज (",{"t":"idOrVar","v":"minutes"}," मिनट पूरी चाल्ली चार्ज होने तगर)"],"one":[{"t":"idOrVar","v":"level"},"% चार्ज(",{"t":"idOrVar","v":"minutes"}," मिनट पूरी चाल्ली चार्ज होने तगर)"],"two":[{"t":"idOrVar","v":"level"},"% चार्ज (",{"t":"idOrVar","v":"minutes"}," मिनट पूरी चाल्ली चार्ज होने तगर)"],"few":[{"t":"idOrVar","v":"level"},"% चार्ज (",{"t":"idOrVar","v":"minutes"}," मिनट पूरी चाल्ली चार्ज होने तगर)"],"many":[{"t":"idOrVar","v":"level"},"% चार्ज (",{"t":"idOrVar","v":"minutes"}," मिनट पूरी चाल्ली चार्ज होने तगर)"],"other":[{"t":"idOrVar","v":"level"},"% चार्ज (",{"t":"idOrVar","v":"minutes"}," मिनट पूरी चाल्ली चार्ज होने तगर)"]},"$x":[{"t":"idOrVar","v":"plural"},"minutes"]},{"$i":"charging-hours","$v":{"zero":[{"t":"idOrVar","v":"level"},"% चार्ज ",{"t":"idOrVar","v":"hours"}," घैंटे ",{"t":"idOrVar","v":"minutes"}," मिनट पूरी चाल्ली चार्ज होने तगर)"],"one":[{"t":"idOrVar","v":"level"},"% चार्ज ",{"t":"idOrVar","v":"hours"}," घैंटे ",{"t":"idOrVar","v":"minutes"}," मिनट पूरी चाल्ली चार्ज होने तगर)"],"two":[{"t":"idOrVar","v":"level"},"% चार्ज ",{"t":"idOrVar","v":"hours"}," घैंटे ",{"t":"idOrVar","v":"minutes"}," मिनट पूरी चाल्ली चार्ज होने तगर)"],"few":[{"t":"idOrVar","v":"level"},"% चार्ज ",{"t":"idOrVar","v":"hours"}," घैंटे ",{"t":"idOrVar","v":"minutes"}," मिनट पूरी चाल्ली चार्ज होने तगर)"],"many":[{"t":"idOrVar","v":"level"},"% चार्ज ",{"t":"idOrVar","v":"hours"}," घैंटे ",{"t":"idOrVar","v":"minutes"}," मिनट पूरी चाल्ली चार्ज होने तगर)"],"other":[{"t":"idOrVar","v":"level"},"% चार्ज ",{"t":"idOrVar","v":"hours"}," घैंटे ",{"t":"idOrVar","v":"minutes"}," मिनट पूरी चाल्ली चार्ज होने तगर)"]},"$x":[{"t":"idOrVar","v":"plural"},"minutes"]},{"$i":"phoneNumberInput","ariaLabel":"फोन नंबर"},{"$i":"keypadDelete","ariaLabel":"हटाना"},{"$i":"voiceMailKey","ariaLabel":"वॉयसमेल"},{"$i":"asterisk","ariaLabel":"तारांकन"},{"$i":"hashSign","ariaLabel":"हैश साइन"},{"$i":"loadingSimContacts","$v":"सिम कार्ड रावते लोड होआ करदे न ..."},{"$i":"noContactsWereFound","$v":"कोई रावते नेईं लब्भे"},{"$i":"noContactsFoundDialogOk","$v":"ठीक ऐ"},{"$i":"emergencyNumber","$v":"अपातकाली नंबर"},{"$i":"callAirplaneModeMessage","$v":"काल करने लेई तुसेंगी सेटिंगें च ब्हाई-ज्हाज मोड नकारा करना होग।"},{"$i":"callAirplaneModeBtnOk","$v":"ठीक ऐ"},{"$i":"callAirplaneModeTitle","$v":"ब्हाई ज्हाज मोड सक्रिय ऐ"},{"$i":"numberIsBusyTitle","$v":"नंबर मसरूफ ऐ"},{"$i":"numberIsBusyMessage","$v":"नंबर इसलै मसरूफ ऐ। मगरा परतियै कोशिश करो।"},{"$i":"fdnIsActiveTitle","$v":"FDN सक्रिय"},{"$i":"fdnIsActiveMessage","$v":["FDN (फिक्स्ड डायलिंग नंबर) सक्रिय ऐ ते एह् नंबर थुआढ़ी FDN सूची च नेईं ऐ: ",{"t":"idOrVar","v":"number"}]},{"$i":"emergencyDialogBodyBadNumber","$v":"काल करने लेई, फोन गी कुसै नेटवर्क कन्नै कनेक्ट होना चाहिदा।"},{"$i":"emergencyDialogBodyDeviceNotAccepted","$v":"नेटवर्क आसेआ अपातकाली कालें दी मंजूरी नेईं ऐ।"},{"$i":"emergencyDialogBtnOk","$v":"ठीक ऐ"},{"$i":"emergencyDialogTitle","$v":"नेटवर्क कनेक्शन नेईं ऐ"},{"$i":"invalidNumberToDialTitle","$v":"अमान्य फोन नंबर"},{"$i":"invalidNumberToDialMessage","$v":"थुआढ़े आसेआ काल कीता गेदा फोन नंबर मान्य नेईं ऐ।"},{"$i":"unableToCallTitle","$v":"हून फोन काल करने च असमर्थ"},{"$i":"unableToCallMessage","$v":"काल नेईं करी सकदे। जेकर तुस पैह्‌ले थमां गै डायल करै करदे ओ, तां किरपा करियै पैह्‌ले हैंग करो৷"},{"$i":"otherConnectionInUseTitle","$v":"बरतून च होर कनेक्शन"},{"$i":"otherConnectionInUseMessage","$v":"थुआढ़े कोल दूये कनेक्शन पर सक्रिय काल ऐ। तुस इक बेल्लै सिर्फ इक्कै कनेक्शन दी बरतून करी सकदे ओ।"},{"$i":"clear","$v":"साफ"},{"$i":"dialer","$v":"डायलर"},{"$i":"tcl-incomming-call","$v":"औने आह्ली कॉल्स"},{"$i":"tcl-in-call","$v":"काल च"},{"$i":"tcl-answer","$v":"परता"},{"$i":"tcl-end-answer","$v":"अंत ते परता"},{"$i":"tcl-decline","$v":"मनाही"},{"$i":"tcl-mute","$v":"म्यूट करो"},{"$i":"tcl-unmute","$v":"अनम्यूट करो"},{"$i":"tcl-speaker","$v":"स्पीकर"},{"$i":"tcl-speaker-off","$v":"स्पीकर बंद"},{"$i":"tcl-microphone-mute-notification","$v":"माइक्रोफोन म्यूट कीता गेआ ऐ"},{"$i":"tcl-microphone-active-notification","$v":"माइक्रोफोन सक्रिय ऐ"},{"$i":"tcl-speaker-off-notification","$v":"बाह्‌री स्पीकर बंद ऐ"},{"$i":"tcl-speaker-on-notification","$v":"बाहरी स्पीकर चालू ऐ"},{"$i":"tcl-hold-and-answer","$v":"होल्ड पर रक्खो ते परता देओ"},{"$i":"tcl-ignore-call","$v":"इनकमिंग काल नजरअंदाज करो"},{"$i":"tcl-add-to-call","$v":"काल जोड़ो"},{"$i":"tcl-switch-to-second-line","$v":"काल स्वैप करो"},{"$i":"tcl-merge-calls","$v":"काल मर्ज करो"},{"$i":"btnOk","$v":"ठीक ऐ"},{"$i":"losing-wifi-msg","$v":"Wifi गुम करना"},{"$i":"hd","$v":"HD"},{"$i":"manage-call","$v":"काल प्रबंधत करो"},{"$i":"end","$v":"काल खत्म"},{"$i":"private","$v":"निजी"},{"$i":"sound","$v":"अवाज़"},{"$i":"bluetooth-device","$v":"ब्लूटूथ डिवाइस"},{"$i":"handset-earpiece","$v":"हैंडसेट"},{"$i":"call-ended","$v":"काल खत्म"},{"$i":"payphone","$v":"पे-फोन"},{"$i":"contact","$v":"कन्टेक्ट"},{"$i":"volume","$v":"वाल्यूम"},{"$i":"softkey-options","$v":"विकल्प"},{"$i":"resume-call","$v":"काल मुड़-शुरू करो"},{"$i":"switch-to-device-toast","$v":"ब्लूटूथ डिवाइस पर स्विच कीता गेआ"},{"$i":"switch-to-handset-toast","$v":"हैंडसेट इयरपीस डिवाइस पर स्विच कीता गेआ"},{"$i":"switch-to-speaker-toast","$v":"स्पीकर पर स्विच कीता गेआ"},{"$i":"emergency-call","$v":"इक आपातकाली काल ऐ।"},{"$i":"link","$v":"लिंक:"},{"$i":"call-left-conference-toast","$v":[{"t":"idOrVar","v":"number"}," ने काल छोड़ी दित्ती ऐ"]}]