[{"$i":"tcl-calllog-entry-removed-succ-notification","$v":"Call Log entry removed."},{"$i":"tcl-calllog-entry-removed-err-notification","$v":"Can not remove Call Log entry."},{"$i":"addNewNumber","$v":"Add new number"},{"$i":"contactDetails","$v":"Contact details"},{"$i":"addToExistingContact","$v":"Add to existing contact"},{"$i":"all","$v":"All","ariaLabel":"All"},{"$i":"bluetoothOption","$v":""},{"$i":"callLog","$v":"Call log"},{"$i":"callLogEdit","title":"Edit call log"},{"$i":"tcl-option-menu-call-log-edit","$v":"Edit Call log."},{"$i":"callLogEditDialog","ariaLabel":"Edit call log dialog."},{"$i":"tcl-call-log-delete-group-notification","$v":[{"t":"idOrVar","v":"n"}," entries were deleted."]},{"$i":"connecting","$v":"Calling"},{"$i":"connectingEllipsis","$v":"Connecting..."},{"$i":"call-forwarding-async","$v":["Asynchronous: ",{"t":"idOrVar","v":"async"}]},{"$i":"call-forwarding-data","$v":["Data: ",{"t":"idOrVar","v":"data"}]},{"$i":"call-forwarding-error","$v":"An error occurred while retrieving call forwarding status."},{"$i":"call-forwarding-fax","$v":["FAX: ",{"t":"idOrVar","v":"fax"}]},{"$i":"call-forwarding-inactive","$v":"Inactive"},{"$i":"call-forwarding-packet","$v":["Packet: ",{"t":"idOrVar","v":"packet"}]},{"$i":"call-forwarding-pad","$v":["PAD: ",{"t":"idOrVar","v":"pad"}]},{"$i":"call-forwarding-sms","$v":["SMS: ",{"t":"idOrVar","v":"sms"}]},{"$i":"call-forwarding-status","$v":"Call forwarding status"},{"$i":"call-forwarding-sync","$v":["Synchronous: ",{"t":"idOrVar","v":"sync"}]},{"$i":"call-forwarding-voice","$v":["Voice: ",{"t":"idOrVar","v":"voice"}]},{"$i":"close","$v":"Close"},{"$i":"confirm-deletion","$v":"Clear selected calls?"},{"$i":"contacts","ariaLabel":"Contacts"},{"$i":"createNewContact","$v":"Create new contact"},{"$i":"delete","$v":"Delete"},{"$i":"calllog-deselectAll","$v":"Deselect All"},{"$i":"dialerAddContact","$v":""},{"$i":"dialerAddContactDialog","ariaLabel":"Add Contact Dialog"},{"$i":"callInformation","$v":"Call Information"},{"$i":"edit-selected","$v":{"one":["selected(",{"t":"idOrVar","v":"n"},")"],"two":["selected(",{"t":"idOrVar","v":"n"},")"],"few":["selected(",{"t":"idOrVar","v":"n"},")"],"many":["selected(",{"t":"idOrVar","v":"n"},")"],"other":["selected(",{"t":"idOrVar","v":"n"},")"]},"$x":[{"t":"idOrVar","v":"plural"},"n"]},{"$i":"tcl-edit-not-selected","$v":"selected(0)"},{"$i":"edit","$v":"Edit"},{"$i":"hideKeypad","ariaLabel":"Hide keypad"},{"$i":"ignore","$v":""},{"$i":"incoming","$v":"Incoming"},{"$i":"keypad","ariaLabel":"Keypad"},{"$i":"makeCall","$v":""},{"$i":"merge","$v":""},{"$i":"info-missed","$v":"Missed"},{"$i":"missed","$v":"Missed","ariaLabel":"Missed"},{"$i":"dialed","$v":"Dialed"},{"$i":"received","$v":"Received"},{"$i":"canceled","$v":"Canceled"},{"$i":"missedCall","$v":"Missed call"},{"$i":"missedCallMultiSims","$v":["(SIM ",{"t":"idOrVar","v":"n"},") Missed call"]},{"$i":"mmi-error","$v":"An error occurred while sending the message."},{"$i":"mmi-session-expired","$v":"Session expired"},{"$i":"mmi-successfully-sent","$v":"Message successfully sent"},{"$i":"mmi-notification-title-with-sim","$v":["(",{"t":"idOrVar","v":"sim"},") ",{"t":"idOrVar","v":"title"}]},{"$i":"mute","$v":""},{"$i":"newCall","$v":""},{"$i":"no-logs-msg-1","$v":"No calls recorded"},{"$i":"no-logs-msg-2","$v":"Start communicating now"},{"$i":"no-logs-msg-3","$v":"No calls recorded"},{"$i":"no-logs-msg-4","$v":"Start communicating now"},{"$i":"onHoldOption","$v":""},{"$i":"outgoing","$v":"Outgoing"},{"$i":"recents","ariaLabel":"Recent calls"},{"$i":"reply","$v":"Reply"},{"$i":"calllog-selectAll","$v":"Select All"},{"$i":"send","$v":"Send"},{"$i":"switch-calls","$v":"Switch calls"},{"$i":"today","$v":"Today"},{"$i":"withheld-number","$v":"Unknown"},{"$i":"from-contact","$v":["From ",{"t":"idOrVar","v":"contact"}]},{"$i":"from-number","$v":["From ",{"t":"idOrVar","v":"number"}]},{"$i":"from-withheld-number","$v":"From unknown number"},{"$i":"yesterday","$v":"Yesterday"},{"$i":"sending","$v":"Sending…"},{"$i":"speakerOption","$v":""},{"$i":"ussd-services","$v":[{"t":"idOrVar","v":"operator"}," services"]},{"$i":"toggleKeypad","$v":""},{"$i":"type-your-response","placeholder":"Type your response…"},{"$i":"clear-all-text","$v":"Clear all text"},{"$i":"hide","$v":"Hide"},{"$i":"call","$v":"Call"},{"$i":"hold","$v":"Hold"},{"$i":"resume","$v":"Resume","ariaLabel":"Resume"},{"$i":"sendSms","$v":"Send Message"},{"$i":"callEnded","$v":"Call Ended"},{"$i":"via-sim","$v":["via SIM",{"t":"idOrVar","v":"n"}]},{"$i":"sim-number","$v":["SIM",{"t":"idOrVar","v":"n"}]},{"$i":"unknown","$v":"Unknown"},{"$i":"cancel","$v":"Cancel"},{"$i":"hangup-a11y-button","$v":""},{"$i":"pickup-a11y-button","$v":""},{"$i":"unlock-a11y-button","ariaLabel":"Slider"},{"$i":"settings","$v":"Settings"},{"$i":"tcl-delete-log","$v":"Are you sure you want to delete selected entries from the Call Log?"},{"$i":"delete-n-log?","$v":{"zero":"Nothing selected","one":"Delete selected log?","two":["Delete ",{"t":"idOrVar","v":"n"}," logs?"],"few":["Delete ",{"t":"idOrVar","v":"n"}," logs?"],"many":["Delete ",{"t":"idOrVar","v":"n"}," logs?"],"other":["Delete ",{"t":"idOrVar","v":"n"}," logs?"]},"$x":[{"t":"idOrVar","v":"plural"},"n"]},{"$i":"composeEmail","ariaLabel":"Email"},{"$i":"emailDetail","ariaLabel":"Email"},{"$i":"phoneDetail","ariaLabel":"Phone"},{"$i":"send-sms-button","ariaLabel":"SMS"},{"$i":"separator","$v":","},{"$i":"callDurationMinutes","$v":[{"t":"idOrVar","v":"m"},":",{"t":"idOrVar","v":"s"}]},{"$i":"callDurationHours","$v":[{"t":"idOrVar","v":"h"},":",{"t":"idOrVar","v":"m"},":",{"t":"idOrVar","v":"s"}]},{"$i":"callDurationTextFormatSeconds","$v":[{"t":"idOrVar","v":"s"}," s"]},{"$i":"callDurationTextFormatMinutes","$v":[{"t":"idOrVar","v":"m"}," m ",{"t":"idOrVar","v":"s"}," s"]},{"$i":"callDurationTextFormatHours","$v":[{"t":"idOrVar","v":"h"}," h ",{"t":"idOrVar","v":"m"}," m ",{"t":"idOrVar","v":"s"}," s"]},{"$i":"suggestionMatches","$v":{"one":[{"t":"idOrVar","v":"n"}," match for \"",{"t":"idOrVar","v":"matchNumber"},"\""],"two":[{"t":"idOrVar","v":"n"}," matches for \"",{"t":"idOrVar","v":"matchNumber"},"\""],"few":[{"t":"idOrVar","v":"n"}," matches for \"",{"t":"idOrVar","v":"matchNumber"},"\""],"many":[{"t":"idOrVar","v":"n"}," matches for \"",{"t":"idOrVar","v":"matchNumber"},"\""],"other":[{"t":"idOrVar","v":"n"}," matches for \"",{"t":"idOrVar","v":"matchNumber"},"\""]},"$x":[{"t":"idOrVar","v":"plural"},"n"]},{"$i":"scCallBarring","$v":"Call barring"},{"$i":"scCallForwarding","$v":"Call forwarding"},{"$i":"scClip","$v":"Incoming Caller ID"},{"$i":"scClir","$v":"Outgoing Caller ID"},{"$i":"scPwd","$v":"Password change"},{"$i":"scCallWaiting","$v":"Call waiting"},{"$i":"scPin","$v":"PIN change"},{"$i":"scPin2","$v":"PIN2 change"},{"$i":"scPuk","$v":"Unblock PIN"},{"$i":"scPuk2","$v":"Unblock PIN2"},{"$i":"scImei","$v":"IMEI"},{"$i":"scMeid","$v":"MEID"},{"$i":"scUssd","$v":"USSD"},{"$i":"serviceClassVoice","$v":"Voice"},{"$i":"serviceClassData","$v":"Data"},{"$i":"serviceClassFax","$v":"FAX"},{"$i":"serviceClassSms","$v":"SMS"},{"$i":"serviceClassDataSync","$v":"Sync"},{"$i":"serviceClassDataAsync","$v":"Async"},{"$i":"serviceClassPacket","$v":"Packet"},{"$i":"serviceClassPad","$v":"PAD"},{"$i":"smServiceEnabled","$v":"Service was enabled."},{"$i":"smServiceDisabled","$v":"Service has been disabled."},{"$i":"smServiceRegistered","$v":"Registration was successful."},{"$i":"smServiceErased","$v":"Deletion was successful."},{"$i":"smServiceInterrogated","$v":"Request was successful."},{"$i":"smServiceNotProvisioned","$v":"Service not provisioned."},{"$i":"smClirPermanent","$v":"You cannot change the caller ID setting."},{"$i":"smClirDefaultOnNextCallOn","$v":"Caller ID defaults to restricted. Next call: Restricted"},{"$i":"smClirDefaultOnNextCallOff","$v":"Caller ID defaults to restricted. Next call: Not restricted"},{"$i":"smClirDefaultOffNextCallOn","$v":"Caller ID defaults to not restricted. Next call: Restricted"},{"$i":"smClirDefaultOffNextCallOff","$v":"Caller ID defaults to not restricted. Next call: Not restricted"},{"$i":"smServiceEnabledFor","$v":"Service was enabled for:"},{"$i":"smPinChanged","$v":"PIN successfully changed"},{"$i":"smPinUnblocked","$v":"PIN successfully unblocked"},{"$i":"smPin2Changed","$v":"PIN2 successfully changed"},{"$i":"smPin2Unblocked","$v":"PIN2 successfully unblocked"},{"$i":"ServiceIsEnabled","$v":"Service is enabled"},{"$i":"ServiceIsDisabled","$v":"Service is disabled"},{"$i":"ServiceIsEnabledFor","$v":"Service is enabled for:"},{"$i":"emMmiError","$v":"Connection problem or invalid MMI code."},{"$i":"emMmiErrorPasswordIncorrect","$v":"Incorrect password."},{"$i":"emMmiErrorNotSupported","$v":"Invalid or Unsupported MMI Code."},{"$i":"emMmiErrorInvalidAction","$v":"Invalid action."},{"$i":"emMmiErrorInvalidScCode","$v":"Invalid service code."},{"$i":"emMmiErrorBadPuk","$v":"The PUK you entered is not correct."},{"$i":"emMmiErrorBadPin","$v":"The old PIN you entered is not correct."},{"$i":"emMmiErrorNeedPuk2","$v":"Enter PUK2 to unlock SIM card."},{"$i":"emMmiErrorMismatchPin","$v":"The PINs you entered do not match."},{"$i":"emMmiErrorInvalidPin","$v":"Enter a PIN that is of 4 to 8 numbers."},{"$i":"emMmiErrorNeedsPuk","$v":"Your SIM card is PUK-locked."},{"$i":"emMmiErrorEnablePin","$v":"Unsuccessful. Enable SIM/RUIM LOCK."},{"$i":"emMmiErrorMmiFdn","$v":"Operation is restricted to fixed dialing numbers only."},{"$i":"emMmiErrorStkCcUssdDial","$v":"USSD request is modified to DIAL request."},{"$i":"emMmiErrorStkCcUssdSs","$v":"USSD request is modified to SS request."},{"$i":"emMmiErrorStkCcUssdUssd","$v":"USSD request is modified to new USSD request."},{"$i":"emMmiErrorStkCcSsDial","$v":"SS request is modified to DIAL request."},{"$i":"emMmiErrorStkCcSsUssd","$v":"SS request is modified to USSD request."},{"$i":"emMmiErrorStkCcSsSs","$v":"SS request is modified to new SS request."},{"$i":"emMmiErrorPinPukAttempts","$v":{"one":["Only ",{"t":"idOrVar","v":"n"}," retry left"],"two":[{"t":"idOrVar","v":"n"}," retries left"],"few":[{"t":"idOrVar","v":"n"}," retries left"],"many":[{"t":"idOrVar","v":"n"}," retries left"],"other":[{"t":"idOrVar","v":"n"}," retries left"]},"$x":[{"t":"idOrVar","v":"plural"},"n"]},{"$i":"emMmiErrorSimBlocked","$v":"Maximum number of retries exceeded. SIM blocked."},{"$i":"RadioNotAvailable","$v":"Radio not available"},{"$i":"GenericFailure","$v":"Generic failure"},{"$i":"PasswordIncorrect","$v":"Password incorrect"},{"$i":"SimPin2","$v":"SIM PIN2"},{"$i":"SimPuk2","$v":"SIM PUK2"},{"$i":"RequestNotSupported","$v":"Request not supported"},{"$i":"OpNotAllowedDuringVoiceCall","$v":"Operation not allowed during voice call"},{"$i":"SmsSendFailRetry","$v":"SMS send fail retry"},{"$i":"SimAbsent","$v":"SIM absent"},{"$i":"SubscriptionNotAvailable","$v":"Subscription not available"},{"$i":"ModeNotSupported","$v":"Mode not supported"},{"$i":"FdnCheckFailure","$v":"Fdn check failure"},{"$i":"IllegalSimOrMe","$v":"Illegal SIM or ME"},{"$i":"DialModifiedToUssd","$v":"Dial modified to USSD"},{"$i":"DialModifiedToSs","$v":"Dial modified to SS"},{"$i":"DialModifiedToDial","$v":"Dial modified to dial"},{"$i":"UssdModifiedToDial","$v":"USSD modified to dial"},{"$i":"UssdModifiedToSs","$v":"USSD modified to SS"},{"$i":"UssdModifiedToUssd","$v":"USSD modified to USSD"},{"$i":"SsModifiedToDial","$v":"SS modified to dial"},{"$i":"SsModifiedToUssd","$v":"SS modified to USSD"},{"$i":"SsModifiedToSs","$v":"SS modified to SS"},{"$i":"SubscriptionNotSupported","$v":"Subscription not supported"},{"$i":"InvalidParameter","$v":"Invalid parameter"},{"$i":"RejectedByRemote","$v":"Rejected by remote"},{"$i":"conferenceCall","$v":["Conference (",{"t":"idOrVar","v":"n"},")"]},{"$i":"caller-left-call","$v":[{"t":"idOrVar","v":"caller"}," has left the call."]},{"$i":"conferenceAddError","$v":"Unable to merge calls"},{"$i":"conferenceRemoveError","$v":"Unable to unmerge calls"},{"$i":"longDateFormat","$v":"%A, %B %e"},{"$i":"select-audio-sources","$v":"Select audio sources"},{"$i":"bluetooth-handsfree-device","$v":"Bluetooth handsfree device"},{"$i":"receiver","$v":"Receiver"},{"$i":"speaker","$v":"Speaker"},{"$i":"tcl-cancel","$v":"Cancel"},{"$i":"tcl-dialer","$v":"Dialer"},{"$i":"tcl-confirmation","$v":"Confirmation"},{"$i":"log-item","$v":"Options"},{"$i":"tcl-assign-speed-dial","$v":{"$o":["Contact was not added as a Speed Dial on button \"",{"t":"idOrVar","v":"speedDial"},"\"<br><br>Assign now?"]}},{"$i":"tcl-assign","$v":"Assign"},{"$i":"select","$v":"Select"},{"$i":"deselect","$v":"Deselect"},{"$i":"view-all","$v":"View all"},{"$i":"search-results","$v":"Search Results"},{"$i":"no-recent-numbers","$v":"There is no recent numbers in the Call Logs to dial."},{"$i":"wifi-calling","$v":"Wi-Fi calling"},{"$i":"dialer-prompt","$v":"Dial number or select contact to add to call."},{"$i":"hours","$v":"hours"},{"$i":"minutes","$v":"minutes"},{"$i":"seconds","$v":"seconds"},{"$i":"voiceMail","$v":"Voicemail"},{"$i":"weekday-0-long","$v":"Sunday"},{"$i":"weekday-1-long","$v":"Monday"},{"$i":"weekday-2-long","$v":"Tuesday"},{"$i":"weekday-3-long","$v":"Wednesday"},{"$i":"weekday-4-long","$v":"Thursday"},{"$i":"weekday-5-long","$v":"Friday"},{"$i":"weekday-6-long","$v":"Saturday"},{"$i":"weekday-0-short","$v":"Sun"},{"$i":"weekday-1-short","$v":"Mon"},{"$i":"weekday-2-short","$v":"Tue"},{"$i":"weekday-3-short","$v":"Wed"},{"$i":"weekday-4-short","$v":"Thu"},{"$i":"weekday-5-short","$v":"Fri"},{"$i":"weekday-6-short","$v":"Sat"},{"$i":"month-0-long","$v":"January"},{"$i":"month-1-long","$v":"February"},{"$i":"month-2-long","$v":"March"},{"$i":"month-3-long","$v":"April"},{"$i":"month-4-long","$v":"May"},{"$i":"month-5-long","$v":"June"},{"$i":"month-6-long","$v":"July"},{"$i":"month-7-long","$v":"August"},{"$i":"month-8-long","$v":"September"},{"$i":"month-9-long","$v":"October"},{"$i":"month-10-long","$v":"November"},{"$i":"month-11-long","$v":"December"},{"$i":"month-0-genitive","$v":"January"},{"$i":"month-1-genitive","$v":"February"},{"$i":"month-2-genitive","$v":"March"},{"$i":"month-3-genitive","$v":"April"},{"$i":"month-4-genitive","$v":"May"},{"$i":"month-5-genitive","$v":"June"},{"$i":"month-6-genitive","$v":"July"},{"$i":"month-7-genitive","$v":"August"},{"$i":"month-8-genitive","$v":"September"},{"$i":"month-9-genitive","$v":"October"},{"$i":"month-10-genitive","$v":"November"},{"$i":"month-11-genitive","$v":"December"},{"$i":"month-0-short","$v":"Jan"},{"$i":"month-1-short","$v":"Feb"},{"$i":"month-2-short","$v":"Mar"},{"$i":"month-3-short","$v":"Apr"},{"$i":"month-4-short","$v":"May"},{"$i":"month-5-short","$v":"Jun"},{"$i":"month-6-short","$v":"Jul"},{"$i":"month-7-short","$v":"Aug"},{"$i":"month-8-short","$v":"Sep"},{"$i":"month-9-short","$v":"Oct"},{"$i":"month-10-short","$v":"Nov"},{"$i":"month-11-short","$v":"Dec"},{"$i":"minutes-ago-long","$v":{"zero":"just now","one":"a minute ago","two":[{"t":"idOrVar","v":"value"}," minutes ago"],"few":[{"t":"idOrVar","v":"value"}," minutes ago"],"many":[{"t":"idOrVar","v":"value"}," minutes ago"],"other":[{"t":"idOrVar","v":"value"}," minutes ago"]},"$x":[{"t":"idOrVar","v":"plural"},"value"]},{"$i":"hours-ago-long","$v":{"zero":"just now","one":"an hour ago","two":[{"t":"idOrVar","v":"value"}," hours ago"],"few":[{"t":"idOrVar","v":"value"}," hours ago"],"many":[{"t":"idOrVar","v":"value"}," hours ago"],"other":[{"t":"idOrVar","v":"value"}," hours ago"]},"$x":[{"t":"idOrVar","v":"plural"},"value"]},{"$i":"days-ago-long","$v":{"zero":"today","one":"yesterday","two":[{"t":"idOrVar","v":"value"}," days ago"],"few":[{"t":"idOrVar","v":"value"}," days ago"],"many":[{"t":"idOrVar","v":"value"}," days ago"],"other":[{"t":"idOrVar","v":"value"}," days ago"]},"$x":[{"t":"idOrVar","v":"plural"},"value"]},{"$i":"weeks-ago-long","$v":{"zero":"this week","one":"last week","two":[{"t":"idOrVar","v":"value"}," weeks ago"],"few":[{"t":"idOrVar","v":"value"}," weeks ago"],"many":[{"t":"idOrVar","v":"value"}," weeks ago"],"other":[{"t":"idOrVar","v":"value"}," weeks ago"]},"$x":[{"t":"idOrVar","v":"plural"},"value"]},{"$i":"months-ago-long","$v":{"zero":"this month","one":"last month","two":[{"t":"idOrVar","v":"value"}," months ago"],"few":[{"t":"idOrVar","v":"value"}," months ago"],"many":[{"t":"idOrVar","v":"value"}," months ago"],"other":[{"t":"idOrVar","v":"value"}," months ago"]},"$x":[{"t":"idOrVar","v":"plural"},"value"]},{"$i":"years-ago-long","$v":{"zero":"this year","one":"last year","two":[{"t":"idOrVar","v":"value"}," years ago"],"few":[{"t":"idOrVar","v":"value"}," years ago"],"many":[{"t":"idOrVar","v":"value"}," years ago"],"other":[{"t":"idOrVar","v":"value"}," years ago"]},"$x":[{"t":"idOrVar","v":"plural"},"value"]},{"$i":"minutes-until-long","$v":{"zero":"now","one":"in a minute","two":["in ",{"t":"idOrVar","v":"value"}," minutes"],"few":["in ",{"t":"idOrVar","v":"value"}," minutes"],"many":["in ",{"t":"idOrVar","v":"value"}," minutes"],"other":["in ",{"t":"idOrVar","v":"value"}," minutes"]},"$x":[{"t":"idOrVar","v":"plural"},"value"]},{"$i":"hours-until-long","$v":{"zero":"now","one":"in an hour","two":["in ",{"t":"idOrVar","v":"value"}," hours"],"few":["in ",{"t":"idOrVar","v":"value"}," hours"],"many":["in ",{"t":"idOrVar","v":"value"}," hours"],"other":["in ",{"t":"idOrVar","v":"value"}," hours"]},"$x":[{"t":"idOrVar","v":"plural"},"value"]},{"$i":"days-until-long","$v":{"zero":"today","one":"tomorrow","two":["in ",{"t":"idOrVar","v":"value"}," days"],"few":["in ",{"t":"idOrVar","v":"value"}," days"],"many":["in ",{"t":"idOrVar","v":"value"}," days"],"other":["in ",{"t":"idOrVar","v":"value"}," days"]},"$x":[{"t":"idOrVar","v":"plural"},"value"]},{"$i":"weeks-until-long","$v":{"zero":"this week","one":"next week","two":["in ",{"t":"idOrVar","v":"value"}," weeks"],"few":["in ",{"t":"idOrVar","v":"value"}," weeks"],"many":["in ",{"t":"idOrVar","v":"value"}," weeks"],"other":["in ",{"t":"idOrVar","v":"value"}," weeks"]},"$x":[{"t":"idOrVar","v":"plural"},"value"]},{"$i":"months-until-long","$v":{"zero":"this month","one":"next month","two":["in ",{"t":"idOrVar","v":"value"}," months"],"few":["in ",{"t":"idOrVar","v":"value"}," months"],"many":["in ",{"t":"idOrVar","v":"value"}," months"],"other":["in ",{"t":"idOrVar","v":"value"}," months"]},"$x":[{"t":"idOrVar","v":"plural"},"value"]},{"$i":"years-until-long","$v":{"zero":"this year","one":"next year","two":["in ",{"t":"idOrVar","v":"value"}," years"],"few":["in ",{"t":"idOrVar","v":"value"}," years"],"many":["in ",{"t":"idOrVar","v":"value"}," years"],"other":["in ",{"t":"idOrVar","v":"value"}," years"]},"$x":[{"t":"idOrVar","v":"plural"},"value"]},{"$i":"minutes-ago-short","$v":{"zero":"just now","other":[{"t":"idOrVar","v":"value"},"m ago"]},"$x":[{"t":"idOrVar","v":"plural"},"value"]},{"$i":"hours-ago-short","$v":{"zero":"just now","other":[{"t":"idOrVar","v":"value"},"h ago"]},"$x":[{"t":"idOrVar","v":"plural"},"value"]},{"$i":"days-ago-short","$v":{"zero":"today","other":[{"t":"idOrVar","v":"value"},"d ago"]},"$x":[{"t":"idOrVar","v":"plural"},"value"]},{"$i":"minutes-until-short","$v":{"zero":"now","other":["in ",{"t":"idOrVar","v":"value"},"m"]},"$x":[{"t":"idOrVar","v":"plural"},"value"]},{"$i":"hours-until-short","$v":{"zero":"now","other":["in ",{"t":"idOrVar","v":"value"},"h"]},"$x":[{"t":"idOrVar","v":"plural"},"value"]},{"$i":"days-until-short","$v":{"zero":"today","other":["in ",{"t":"idOrVar","v":"value"},"d"]},"$x":[{"t":"idOrVar","v":"plural"},"value"]},{"$i":"incorrectDate","$v":"(incorrect date)"},{"$i":"dateTimeFormat_%c","$v":"%a %b %e %Y %I:%M:%S %p"},{"$i":"dateTimeFormat_%x","$v":"%m/%d/%Y"},{"$i":"dateTimeFormat_%X","$v":"%I:%M:%S %p"},{"$i":"shortTimeFormat","$v":"%I:%M %p"},{"$i":"shortTimeFormat12","$v":"%I:%M %p"},{"$i":"shortTimeFormat24","$v":"%H:%M"},{"$i":"shortDateTimeFormat","$v":"%x %I:%M %p"},{"$i":"weekStartsOnMonday","$v":"0"},{"$i":"firstDayOfTheWeek","$v":"0"},{"$i":"time_am","$v":"AM"},{"$i":"time_pm","$v":"PM"},{"$i":"label","$v":"Label"},{"$i":"mobile","$v":"Mobile"},{"$i":"home","$v":"Home"},{"$i":"work","$v":"Work"},{"$i":"personal","$v":"Personal"},{"$i":"faxHome","$v":"Fax home"},{"$i":"faxOffice","$v":"Fax office"},{"$i":"faxOther","$v":"Fax other"},{"$i":"another","$v":"Another"},{"$i":"other","$v":"Other"},{"$i":"tcl-customTag","$v":"Custom tag"},{"$i":"customTag","$v":"Custom tag","placeholder":"Custom tag"},{"$i":"current","$v":"Current"},{"$i":"itemWithLabel","$v":[{"t":"idOrVar","v":"label"},", ",{"t":"idOrVar","v":"item"}]},{"$i":"airplaneMode","$v":"Airplane mode"},{"$i":"searching","$v":"Searching…"},{"$i":"noNetwork","$v":"No network"},{"$i":"roaming","$v":[{"t":"idOrVar","v":"operator"}," (Roaming)"]},{"$i":"operator-info","$v":[{"t":"idOrVar","v":"carrier"}," ",{"t":"idOrVar","v":"region"}]},{"$i":"emergencyCallsOnly","$v":"Emergency calls only"},{"$i":"emergencyCallsOnly-unknownSIMState","$v":"(unknown SIM state)"},{"$i":"emergencyCallsOnly-noSIM","$v":"(no SIM)"},{"$i":"emergencyCallsOnly-pinRequired","$v":"(SIM PIN required)"},{"$i":"emergencyCallsOnly-pukRequired","$v":"(SIM PUK required)"},{"$i":"emergencyCallsOnly-networkLocked","$v":"(network locked)"},{"$i":"emergencyCallsOnly-serviceProviderLocked","$v":"(service provider locked)"},{"$i":"emergencyCallsOnly-corporateLocked","$v":"(corporate locked)"},{"$i":"emergencyCallsOnly-network1Locked","$v":"(network1 locked)"},{"$i":"emergencyCallsOnly-network2Locked","$v":"(network2 locked)"},{"$i":"emergencyCallsOnly-hrpdNetworkLocked","$v":"(hrpd network locked)"},{"$i":"emergencyCallsOnly-ruimCorporateLocked","$v":"(ruim corporate locked)"},{"$i":"emergencyCallsOnly-ruimServiceProviderLocked","$v":"(ruim service provider locked)"},{"$i":"lockscreen-sim-id","$v":["SIM ",{"t":"idOrVar","v":"n"}]},{"$i":"charging-no-time","$v":[{"t":"idOrVar","v":"level"},"% Charged"]},{"$i":"charging-minutes","$v":{"zero":[{"t":"idOrVar","v":"level"},"% Charged (",{"t":"idOrVar","v":"minutes"}," mins until fully charged)"],"one":[{"t":"idOrVar","v":"level"},"% Charged (",{"t":"idOrVar","v":"minutes"}," min until fully charged)"],"two":[{"t":"idOrVar","v":"level"},"% Charged (",{"t":"idOrVar","v":"minutes"}," mins until fully charged)"],"few":[{"t":"idOrVar","v":"level"},"% Charged (",{"t":"idOrVar","v":"minutes"}," mins until fully charged)"],"many":[{"t":"idOrVar","v":"level"},"% Charged (",{"t":"idOrVar","v":"minutes"}," mins until fully charged)"],"other":[{"t":"idOrVar","v":"level"},"% Charged (",{"t":"idOrVar","v":"minutes"}," mins until fully charged)"]},"$x":[{"t":"idOrVar","v":"plural"},"minutes"]},{"$i":"charging-hours","$v":{"zero":[{"t":"idOrVar","v":"level"},"% Charged (",{"t":"idOrVar","v":"hours"},"h ",{"t":"idOrVar","v":"minutes"}," mins until fully charged)"],"one":[{"t":"idOrVar","v":"level"},"% Charged (",{"t":"idOrVar","v":"hours"},"h ",{"t":"idOrVar","v":"minutes"}," min until fully charged)"],"two":[{"t":"idOrVar","v":"level"},"% Charged (",{"t":"idOrVar","v":"hours"},"h ",{"t":"idOrVar","v":"minutes"}," mins until fully charged)"],"few":[{"t":"idOrVar","v":"level"},"% Charged (",{"t":"idOrVar","v":"hours"},"h ",{"t":"idOrVar","v":"minutes"}," mins until fully charged)"],"many":[{"t":"idOrVar","v":"level"},"% Charged (",{"t":"idOrVar","v":"hours"},"h ",{"t":"idOrVar","v":"minutes"}," mins until fully charged)"],"other":[{"t":"idOrVar","v":"level"},"% Charged (",{"t":"idOrVar","v":"hours"},"h ",{"t":"idOrVar","v":"minutes"}," mins until fully charged)"]},"$x":[{"t":"idOrVar","v":"plural"},"minutes"]},{"$i":"phoneNumberInput","ariaLabel":"Phone number"},{"$i":"keypadDelete","ariaLabel":"Delete"},{"$i":"voiceMailKey","ariaLabel":"Voicemail"},{"$i":"asterisk","ariaLabel":"Asterisk"},{"$i":"hashSign","ariaLabel":"Hash sign"},{"$i":"loadingSimContacts","$v":"Loading SIM card contacts…"},{"$i":"noContactsWereFound","$v":"No contacts were found"},{"$i":"noContactsFoundDialogOk","$v":"OK"},{"$i":"emergencyNumber","$v":"Emergency number"},{"$i":"callAirplaneModeMessage","$v":"To make a call you need to disable airplane mode in settings."},{"$i":"callAirplaneModeBtnOk","$v":"OK"},{"$i":"callAirplaneModeTitle","$v":"Airplane mode activated"},{"$i":"numberIsBusyTitle","$v":"Number is busy"},{"$i":"numberIsBusyMessage","$v":"The number is currently busy. Please try again later."},{"$i":"fdnIsActiveTitle","$v":"FDN active"},{"$i":"fdnIsActiveMessage","$v":["FDN (Fixed Dialing Numbers) is activated and the following number is not in your FDN list: ",{"t":"idOrVar","v":"number"}]},{"$i":"emergencyDialogBodyBadNumber","$v":"To make a call, the phone must be connected to a network."},{"$i":"emergencyDialogBodyDeviceNotAccepted","$v":"Emergency calls are not allowed by the network."},{"$i":"emergencyDialogBtnOk","$v":"OK"},{"$i":"emergencyDialogTitle","$v":"No network connection"},{"$i":"invalidNumberToDialTitle","$v":"Invalid phone number"},{"$i":"invalidNumberToDialMessage","$v":"The phone number you are calling is not valid."},{"$i":"unableToCallTitle","$v":"Unable to make a phone call now"},{"$i":"unableToCallMessage","$v":"Cannot make a call. If you are already dialing, please hang up first."},{"$i":"otherConnectionInUseTitle","$v":"Other connection in use"},{"$i":"otherConnectionInUseMessage","$v":"You have an active call on another connection. You can only use one connection at a time."},{"$i":"clear","$v":"Clear"},{"$i":"dialer","$v":"Dialer"},{"$i":"tcl-incomming-call","$v":"Incoming Call"},{"$i":"tcl-in-call","$v":"In call"},{"$i":"tcl-answer","$v":"Answer"},{"$i":"tcl-end-answer","$v":"End and Answer"},{"$i":"tcl-decline","$v":"Decline"},{"$i":"tcl-mute","$v":"Mute"},{"$i":"tcl-unmute","$v":"Unmute"},{"$i":"tcl-speaker","$v":"Speaker"},{"$i":"tcl-speaker-off","$v":"Speaker Off"},{"$i":"tcl-microphone-mute-notification","$v":"Microphone muted."},{"$i":"tcl-microphone-active-notification","$v":"Microphone is active."},{"$i":"tcl-speaker-off-notification","$v":"External speaker turned off."},{"$i":"tcl-speaker-on-notification","$v":"External speaker turned on."},{"$i":"tcl-hold-and-answer","$v":"Put on Hold and Answer"},{"$i":"tcl-ignore-call","$v":"Ignore incoming Call"},{"$i":"tcl-add-to-call","$v":"Add Call"},{"$i":"tcl-switch-to-second-line","$v":"Swap Call"},{"$i":"tcl-merge-calls","$v":"Merge Call"},{"$i":"btnOk","$v":"Ok"},{"$i":"losing-wifi-msg","$v":"losing WiFi"},{"$i":"hd","$v":"HD"},{"$i":"manage-call","$v":"Manage Call"},{"$i":"end","$v":"End Call"},{"$i":"private","$v":"Private"},{"$i":"sound","$v":"Sound"},{"$i":"bluetooth-device","$v":"Bluetooth device"},{"$i":"handset-earpiece","$v":"Handset"},{"$i":"call-ended","$v":"Call ended"},{"$i":"payphone","$v":"Payphone"},{"$i":"contact","$v":"Contact"},{"$i":"volume","$v":"Volume"},{"$i":"softkey-options","$v":"Options"},{"$i":"resume-call","$v":"Resume call"},{"$i":"switch-to-device-toast","$v":"Switched to Bluetooth device."},{"$i":"switch-to-handset-toast","$v":"Switched to handset earpiece device."},{"$i":"switch-to-speaker-toast","$v":"Switched to speaker."},{"$i":"emergency-call","$v":"There is an emergency call."},{"$i":"link","$v":"LINK:"},{"$i":"call-left-conference-toast","$v":[{"t":"idOrVar","v":"number"}," has left the call."]}]