[{"$i":"tcl-calllog-entry-removed-succ-notification","$v":"કૉલ લૉગ નોંધ દૂર કરવામાં આવી"},{"$i":"tcl-calllog-entry-removed-err-notification","$v":"કૉલ લોગ એન્ટ્રીને દૂર કરી શકાતી નથી"},{"$i":"addNewNumber","$v":"નવો નંબર ઉમેરો"},{"$i":"contactDetails","$v":"સંપર્ક વિગતો"},{"$i":"addToExistingContact","$v":"મોજૂદ સંપર્કમાં ઉમેરો"},{"$i":"all","$v":"દરેક","ariaLabel":"દરેક"},{"$i":"bluetoothOption","$v":""},{"$i":"callLog","$v":"કોલ લોગ"},{"$i":"callLogEdit","title":"કૉલ લૉગ સંપાદિત કરો"},{"$i":"tcl-option-menu-call-log-edit","$v":"કૉલ લૉગ સંપાદિત કરો"},{"$i":"callLogEditDialog","ariaLabel":"કૉલ લૉગ ડાયલોગ સંપાદિત કરો"},{"$i":"tcl-call-log-delete-group-notification","$v":[{"t":"idOrVar","v":"n"}," નોંધો દૂર કરવામાં આવી"]},{"$i":"connecting","$v":"કૉલિંગ"},{"$i":"connectingEllipsis","$v":"કનેક્ટ થઈ રહ્યું છે..."},{"$i":"call-forwarding-async","$v":["અસમકાલિક: ",{"t":"idOrVar","v":"async"}]},{"$i":"call-forwarding-data","$v":["ડેટા: ",{"t":"idOrVar","v":"data"}]},{"$i":"call-forwarding-error","$v":"કૉલ ફોરવર્ડિંગ સ્થિતિ પુનર્પ્રાપ્ત કરતી વખતે એક ત્રુટિ આવી"},{"$i":"call-forwarding-fax","$v":["FAX: ",{"t":"idOrVar","v":"fax"}]},{"$i":"call-forwarding-inactive","$v":"નિષ્ક્રિય"},{"$i":"call-forwarding-packet","$v":["પેકેટ: ",{"t":"idOrVar","v":"packet"}]},{"$i":"call-forwarding-pad","$v":["PAD: ",{"t":"idOrVar","v":"pad"}]},{"$i":"call-forwarding-sms","$v":["SMS: ",{"t":"idOrVar","v":"sms"}]},{"$i":"call-forwarding-status","$v":"કૉલ ફોરવર્ડિંગ સ્થિતિ"},{"$i":"call-forwarding-sync","$v":["સમકાલિક: ",{"t":"idOrVar","v":"sync"}]},{"$i":"call-forwarding-voice","$v":["વૉઇસ: ",{"t":"idOrVar","v":"voice"}]},{"$i":"close","$v":"બંધ કરો"},{"$i":"confirm-deletion","$v":"શું પસંદ કરેલ કૉલ સાફ કરવા છે?"},{"$i":"contacts","ariaLabel":"સંપર્કો"},{"$i":"createNewContact","$v":"નવો સંપર્ક બનાવો"},{"$i":"delete","$v":"કાઢો"},{"$i":"calllog-deselectAll","$v":"તમામ પસંદ રદ કરો"},{"$i":"dialerAddContact","$v":""},{"$i":"dialerAddContactDialog","ariaLabel":"સંપર્ક સંવાદ ઉમેરો"},{"$i":"callInformation","$v":"કૉલ માહિતી"},{"$i":"edit-selected","$v":{"one":["પસંદ થયેલ(",{"t":"idOrVar","v":"n"},")"],"two":["પસંદ થયેલ(",{"t":"idOrVar","v":"n"},")"],"few":["પસંદ થયેલ(",{"t":"idOrVar","v":"n"},")"],"many":["પસંદ થયેલ(",{"t":"idOrVar","v":"n"},")"],"other":["પસંદ થયેલ(",{"t":"idOrVar","v":"n"},")"]},"$x":[{"t":"idOrVar","v":"plural"},"n"]},{"$i":"tcl-edit-not-selected","$v":"પસંદ થયેલ(0)"},{"$i":"edit","$v":"સંપાદિત કરો"},{"$i":"hideKeypad","ariaLabel":"કીપેડ છુપાવો"},{"$i":"ignore","$v":""},{"$i":"incoming","$v":"ઇનકમિંગ"},{"$i":"keypad","ariaLabel":"કીપૅડ"},{"$i":"makeCall","$v":""},{"$i":"merge","$v":""},{"$i":"info-missed","$v":"મિસ્ડ"},{"$i":"missed","$v":"મિસ્ડ","ariaLabel":"મિસ્ડ"},{"$i":"dialed","$v":"ડાયલ કરેલ"},{"$i":"received","$v":"મેળવ્યું"},{"$i":"canceled","$v":"રદ્દ થયેલ"},{"$i":"missedCall","$v":"મિસ્ડ કોલ"},{"$i":"missedCallMultiSims","$v":["(સિમ ",{"t":"idOrVar","v":"n"},") મિસ્ડ કોલ"]},{"$i":"mmi-error","$v":"સંદેશ મોકલતી વખતે એક ત્રુટિ આવી"},{"$i":"mmi-session-expired","$v":"સત્રની સમયસીમા સમાપ્ત થઈ"},{"$i":"mmi-successfully-sent","$v":"સંદેશ સફળતાપૂર્વક મોકલવામાં આવ્યો"},{"$i":"mmi-notification-title-with-sim","$v":["(",{"t":"idOrVar","v":"sim"},") ",{"t":"idOrVar","v":"title"}]},{"$i":"mute","$v":""},{"$i":"newCall","$v":""},{"$i":"no-logs-msg-1","$v":"કોઈ કૉલ રેકોર્ડ કરેલા નથી"},{"$i":"no-logs-msg-2","$v":"હવે સંચાર શરૂ કરો"},{"$i":"no-logs-msg-3","$v":"કોઈ કૉલ રેકોર્ડ કરેલા નથી"},{"$i":"no-logs-msg-4","$v":"હવે સંચાર શરૂ કરો"},{"$i":"onHoldOption","$v":""},{"$i":"outgoing","$v":"આઉટગોઇંગ"},{"$i":"recents","ariaLabel":"હાલના કૉલ્સ"},{"$i":"reply","$v":"જવાબ આપો"},{"$i":"calllog-selectAll","$v":"તમામ પસંદ કરો"},{"$i":"send","$v":"મોકલો"},{"$i":"switch-calls","$v":"કૉલ સ્વિચ કરો"},{"$i":"today","$v":"આજે"},{"$i":"withheld-number","$v":"અજ્ઞાત"},{"$i":"from-contact","$v":[{"t":"idOrVar","v":"contact"},"થી"]},{"$i":"from-number","$v":[{"t":"idOrVar","v":"number"},"થી"]},{"$i":"from-withheld-number","$v":"અજ્ઞાન નંબરથી"},{"$i":"yesterday","$v":"ગઈકાલ"},{"$i":"sending","$v":"મોકલી રહ્યા છીએ…"},{"$i":"speakerOption","$v":""},{"$i":"ussd-services","$v":[{"t":"idOrVar","v":"operator"}," સેવાઓ"]},{"$i":"toggleKeypad","$v":""},{"$i":"type-your-response","placeholder":"તમારા પ્રતિભાવ લખો..."},{"$i":"clear-all-text","$v":"તમામ ટેક્સ્ટ સાફ કરો"},{"$i":"hide","$v":"છુપાવો"},{"$i":"call","$v":"કોલ કરો"},{"$i":"hold","$v":"હોલ્ડ"},{"$i":"resume","$v":"ફરીથી શરૂ કરો","ariaLabel":"ફરીથી શરૂ કરો"},{"$i":"sendSms","$v":"સંદેશ મોકલો"},{"$i":"callEnded","$v":"કૉલ સમાપ્ત થયો"},{"$i":"via-sim","$v":["સિમ",{"t":"idOrVar","v":"n"}," મારફતે"]},{"$i":"sim-number","$v":["સિમ",{"t":"idOrVar","v":"n"}]},{"$i":"unknown","$v":"અજ્ઞાત"},{"$i":"cancel","$v":"રદ કરો"},{"$i":"hangup-a11y-button","$v":""},{"$i":"pickup-a11y-button","$v":""},{"$i":"unlock-a11y-button","ariaLabel":"સ્લાઇડર"},{"$i":"settings","$v":"સેટિંગ્સ"},{"$i":"tcl-delete-log","$v":"શું તમે કૉલ લૉગમાંથી પસંદ કરેલી નોંધો કાઢી નાખવા માંગો છો?"},{"$i":"delete-n-log?","$v":{"zero":"કંઇ પણ પસંદ કરેલ નથી","one":"શું પસંદ કરેલ લૉગ દૂર કરવા છે?","two":["શું ",{"t":"idOrVar","v":"n"}," લૉગ્સ દૂર કરવા છે?"],"few":["શું ",{"t":"idOrVar","v":"n"}," લૉગ્સ દૂર કરવા છે?"],"many":["શું ",{"t":"idOrVar","v":"n"}," લૉગ્સ દૂર કરવા છે?"],"other":["શું ",{"t":"idOrVar","v":"n"}," લૉગ્સ દૂર કરવા છે?"]},"$x":[{"t":"idOrVar","v":"plural"},"n"]},{"$i":"composeEmail","ariaLabel":"ઈમેઈલ"},{"$i":"emailDetail","ariaLabel":"ઈમેઈલ"},{"$i":"phoneDetail","ariaLabel":"ફોન"},{"$i":"send-sms-button","ariaLabel":"SMS"},{"$i":"separator","$v":","},{"$i":"callDurationMinutes","$v":[{"t":"idOrVar","v":"m"},":",{"t":"idOrVar","v":"s"}]},{"$i":"callDurationHours","$v":[{"t":"idOrVar","v":"h"},":",{"t":"idOrVar","v":"m"},":",{"t":"idOrVar","v":"s"}]},{"$i":"callDurationTextFormatSeconds","$v":[{"t":"idOrVar","v":"s"}," સેકન્ડ"]},{"$i":"callDurationTextFormatMinutes","$v":[{"t":"idOrVar","v":"m"}," મિનિટ ",{"t":"idOrVar","v":"s"}," સેકન્ડ"]},{"$i":"callDurationTextFormatHours","$v":[{"t":"idOrVar","v":"h"}," કલાક ",{"t":"idOrVar","v":"m"}," મિનિટ ",{"t":"idOrVar","v":"s"}," સેકન્ડ"]},{"$i":"suggestionMatches","$v":{"one":[{"t":"idOrVar","v":"matchNumber"}," માટે ",{"t":"idOrVar","v":"n"}," મેચ"],"two":[{"t":"idOrVar","v":"matchNumber"}," માટે ",{"t":"idOrVar","v":"n"}," મેચ"],"few":[{"t":"idOrVar","v":"matchNumber"}," માટે ",{"t":"idOrVar","v":"n"}," મેચ"],"many":[{"t":"idOrVar","v":"matchNumber"}," માટે ",{"t":"idOrVar","v":"n"}," મેચ"],"other":[{"t":"idOrVar","v":"matchNumber"}," માટે ",{"t":"idOrVar","v":"n"}," મેચ"]},"$x":[{"t":"idOrVar","v":"plural"},"n"]},{"$i":"scCallBarring","$v":"કૉલ બેરિંગ"},{"$i":"scCallForwarding","$v":"કૉલ ફોરવર્ડિંગ"},{"$i":"scClip","$v":"ઇનકમિંગ કૉલર ID"},{"$i":"scClir","$v":"આઉટગોઇંગ કૉલર ID"},{"$i":"scPwd","$v":"પાસવર્ડ બદલો"},{"$i":"scCallWaiting","$v":"કૉલ પ્રતીક્ષામાં છે"},{"$i":"scPin","$v":"પિન બદલો"},{"$i":"scPin2","$v":"પિન2 બદલો"},{"$i":"scPuk","$v":"પિન અનબ્લોક કરો"},{"$i":"scPuk2","$v":"પિન2 અનબ્લોક કરો"},{"$i":"scImei","$v":"IMEI"},{"$i":"scMeid","$v":"MEID"},{"$i":"scUssd","$v":"USSD"},{"$i":"serviceClassVoice","$v":"વૉઇસ"},{"$i":"serviceClassData","$v":"ડેટા"},{"$i":"serviceClassFax","$v":"FAX"},{"$i":"serviceClassSms","$v":"SMS"},{"$i":"serviceClassDataSync","$v":"સિંક"},{"$i":"serviceClassDataAsync","$v":"અસિંક"},{"$i":"serviceClassPacket","$v":"પૅકેટ"},{"$i":"serviceClassPad","$v":"PAD"},{"$i":"smServiceEnabled","$v":"સેવા સક્ષમ કરવામાં આવી હતી"},{"$i":"smServiceDisabled","$v":"સેવા અક્ષમ છે"},{"$i":"smServiceRegistered","$v":"નોંધણી સફળ રહી"},{"$i":"smServiceErased","$v":"ક્રિસ્ટલાઈઝ સફળ રહ્યું"},{"$i":"smServiceInterrogated","$v":"વિનંતી સફળ રહી"},{"$i":"smServiceNotProvisioned","$v":"સેવાની જોગવાઈ કરવામાં આવી નથી"},{"$i":"smClirPermanent","$v":"તમે કૉલર ID સેટિંગ બદલી શકતા નથી"},{"$i":"smClirDefaultOnNextCallOn","$v":"કોલર ID ડિફૉલ્ટ રૂપે પ્રતિબંધિત છે. પછીનો કોલ: પ્રતિબંધિત"},{"$i":"smClirDefaultOnNextCallOff","$v":"કોલર ID ડિફૉલ્ટ રૂપે પ્રતિબંધિત છે. પછીનો કોલ: પ્રતિબંધિત નથી."},{"$i":"smClirDefaultOffNextCallOn","$v":"કોલર ID ડિફૉલ્ટ રૂપે પ્રતિબંધિત નથી. પછીનો કોલ: પ્રતિબંધિત"},{"$i":"smClirDefaultOffNextCallOff","$v":"કોલર ID ડિફૉલ્ટ રૂપે પ્રતિબંધિત નથી. પછીનો કોલ: પ્રતિબંધિત નથી."},{"$i":"smServiceEnabledFor","$v":"સેવા માટે સક્ષમ કરી:"},{"$i":"smPinChanged","$v":"પિન સફળતાપૂર્વક બદલવામાં આવ્યો"},{"$i":"smPinUnblocked","$v":"પિન સફળતાપૂર્વક અનાવરોધિત કરવામાં આવ્યો"},{"$i":"smPin2Changed","$v":"પિન2 સફળતાપૂર્વક બદલવામાં આવ્યો"},{"$i":"smPin2Unblocked","$v":"પિન2 સફળતાપૂર્વક અનાવરોધિત કરવામાં આવ્યો"},{"$i":"ServiceIsEnabled","$v":"સેવા સક્ષમ છે"},{"$i":"ServiceIsDisabled","$v":"સેવા અક્ષમ છે"},{"$i":"ServiceIsEnabledFor","$v":"સેવા સક્ષમ કરેલ છે:"},{"$i":"emMmiError","$v":"કનેક્શન સમસ્યા અથવા અમાન્ય MMI કોડ"},{"$i":"emMmiErrorPasswordIncorrect","$v":"ખોટો પાસવર્ડ"},{"$i":"emMmiErrorNotSupported","$v":"અમાન્ય અથવા અસમર્થિત MMI કોડ"},{"$i":"emMmiErrorInvalidAction","$v":"અમાન્ય કાર્યવાહી"},{"$i":"emMmiErrorInvalidScCode","$v":"અમાન્ય સેવા કોડ"},{"$i":"emMmiErrorBadPuk","$v":"તમે લખેલો PUK સાચો નથી"},{"$i":"emMmiErrorBadPin","$v":"તમે લખેલ જૂનો પિન સાચો નથી."},{"$i":"emMmiErrorNeedPuk2","$v":"સિમ કાર્ડ અનાવરોધિત કરવા માટે PUK2 લખો"},{"$i":"emMmiErrorMismatchPin","$v":"તમારાં દ્વારા લખેલ પિન મેળ ખાતા નથી"},{"$i":"emMmiErrorInvalidPin","$v":"4 થી 8 નંબર હોય એવો કોઈ પિન લખો"},{"$i":"emMmiErrorNeedsPuk","$v":"તમારું સિમ કાર્ડ PUK- લૉક કરેલ છે"},{"$i":"emMmiErrorEnablePin","$v":"અસફળ. SIM/RUIM લૉક સક્ષમ કરો"},{"$i":"emMmiErrorMmiFdn","$v":"ઑપરેશન ફક્ત ફિક્સડ ડાયલિંગ નંબર માટે પ્રતિબંધિત છે"},{"$i":"emMmiErrorStkCcUssdDial","$v":"USSD વિનંતીને ડાયલ વિનંતી પર સંશોધિત કરી."},{"$i":"emMmiErrorStkCcUssdSs","$v":"USSD વિનંતીને SS વિનંતી પર સંશોધિત કરી."},{"$i":"emMmiErrorStkCcUssdUssd","$v":"USSD વિનંતીને નવી USSD વિનંતી પર સંશોધિત કરી."},{"$i":"emMmiErrorStkCcSsDial","$v":"SS વિનંતી ડાયલ વિનંતી પર સંશોધિત કરવામાં આવી"},{"$i":"emMmiErrorStkCcSsUssd","$v":"SS વિનંતીને USSD વિનંતી પર સંશોધિત કરી."},{"$i":"emMmiErrorStkCcSsSs","$v":"SS વિનંતી નવી SS વિનંતી પર સંશોધિત કરવામાં આવી"},{"$i":"emMmiErrorPinPukAttempts","$v":{"one":["માત્ર ",{"t":"idOrVar","v":"n"}," પુનઃપ્રયાસ બાકી"],"two":[{"t":"idOrVar","v":"n"}," પુનઃપ્રયાસો બાકી"],"few":[{"t":"idOrVar","v":"n"}," પુનઃપ્રયાસો બાકી"],"many":[{"t":"idOrVar","v":"n"}," પુનઃપ્રયાસો બાકી"],"other":[{"t":"idOrVar","v":"n"}," પુનઃપ્રયાસો બાકી"]},"$x":[{"t":"idOrVar","v":"plural"},"n"]},{"$i":"emMmiErrorSimBlocked","$v":"પુનઃપ્રયાસોની મહત્તમ સંખ્યા ઓળંગાઈ ગઈ છે. સિમ અવરોધિત કરવામાં આવ્યું"},{"$i":"RadioNotAvailable","$v":"રેડિયો ઉપલબ્ધ નથી"},{"$i":"GenericFailure","$v":"સામાન્ય નિષ્ફળતા"},{"$i":"PasswordIncorrect","$v":"પાસવર્ડ ખોટો છે"},{"$i":"SimPin2","$v":"સિમ પિન2"},{"$i":"SimPuk2","$v":"સિમ PUK2"},{"$i":"RequestNotSupported","$v":"વિનંતી સમર્થિત નથી"},{"$i":"OpNotAllowedDuringVoiceCall","$v":"વૉઇસ કૉલ દરમિયાન ઑપરેશનની મંજૂરી નથી"},{"$i":"SmsSendFailRetry","$v":"SMS મોકલવાનું નિષ્ફળ,પુનઃપ્રયાસ કરો"},{"$i":"SimAbsent","$v":"સિમ નથી"},{"$i":"SubscriptionNotAvailable","$v":"સબ્સ્ક્રિપ્શન ઉપલબ્ધ નથી"},{"$i":"ModeNotSupported","$v":"મોડ સમર્થિત નથી"},{"$i":"FdnCheckFailure","$v":"FDN તપાસમાં નિષ્ફળતા"},{"$i":"IllegalSimOrMe","$v":"ગેરકાયદેસર સિમ અથવા ME"},{"$i":"DialModifiedToUssd","$v":"ડાયલ ને સંશોધિત કરી USSD પર કરવામાં આવ્યું"},{"$i":"DialModifiedToSs","$v":"ડાયલ ને સંશોધિત કરી SS પર કરવામાં આવ્યું"},{"$i":"DialModifiedToDial","$v":"ડાયલ ને સંશોધિત કરી ડાયલ કરવામાં આવ્યું"},{"$i":"UssdModifiedToDial","$v":"USSD ડાયલ પર સંશોધિત કરવામાં આવ્યું"},{"$i":"UssdModifiedToSs","$v":"USSDને SS પર સંશોધિત કરવામાં આવ્યું"},{"$i":"UssdModifiedToUssd","$v":"USSDને USSD પર સંશોધિત કરવામાં આવ્યું"},{"$i":"SsModifiedToDial","$v":"SS ડાયલ પર સંશોધિત કરવામાં આવ્યું"},{"$i":"SsModifiedToUssd","$v":"SSને USSD પર સંશોધિત કરવામાં આવ્યું"},{"$i":"SsModifiedToSs","$v":"SSને SS પર સંશોધિત કરવામાં આવ્યું"},{"$i":"SubscriptionNotSupported","$v":"સબ્સ્ક્રિપ્શન સમર્થિત નથી"},{"$i":"InvalidParameter","$v":"અમાન્ય પેરામીટર"},{"$i":"RejectedByRemote","$v":"રિમોટ દ્વારા અસ્વીકૃત"},{"$i":"conferenceCall","$v":["કોન્ફરન્સ (",{"t":"idOrVar","v":"n"},")"]},{"$i":"caller-left-call","$v":[{"t":"idOrVar","v":"caller"}," એ કૉલ મૂકી દીધો છે."]},{"$i":"conferenceAddError","$v":"કૉલ્સ મર્જ કરવામાં અસમર્થ"},{"$i":"conferenceRemoveError","$v":"કૉલ્સ અનમર્જ કરવામાં અસમર્થ"},{"$i":"longDateFormat","$v":"%A, %b %e"},{"$i":"select-audio-sources","$v":"ઑડિયો સ્રોત પસંદ કરો"},{"$i":"bluetooth-handsfree-device","$v":"બ્લૂટૂથ હેન્ડ્સફ્રી ડિવાઇસ"},{"$i":"receiver","$v":"મેળવનાર"},{"$i":"speaker","$v":"સ્પીકર"},{"$i":"tcl-cancel","$v":"રદ કરો"},{"$i":"tcl-dialer","$v":"ડાયલર"},{"$i":"tcl-confirmation","$v":"ખાતરી"},{"$i":"log-item","$v":"વિકલ્પ"},{"$i":"tcl-assign-speed-dial","$v":{"$o":["\"",{"t":"idOrVar","v":"speedDial"},"' બટન પર સ્પીડ ડાયલ તરીકે સંપર્ક ઉમેરવામાં આવ્યો ન હતો.<br><br>શું હવે અસાઇન કરીએ?"]}},{"$i":"tcl-assign","$v":"અસાઇન કરો"},{"$i":"select","$v":"પસંદ કરો"},{"$i":"deselect","$v":"પસંદ રદ કરો"},{"$i":"view-all","$v":"તમામ જુઓ"},{"$i":"search-results","$v":"શોધો પરિણામ"},{"$i":"no-recent-numbers","$v":"ડાયલ કરવા માટે કોલ લોગ્સમાં હાલમાં કોઈ નંબર નથી."},{"$i":"wifi-calling","$v":"WiFi કોલીંગ"},{"$i":"dialer-prompt","$v":"નંબર ડાયલ કરો અથવા કૉલમાં જોડવા માટે સંપર્ક પસંદ કરો"},{"$i":"hours","$v":"કલાક"},{"$i":"minutes","$v":"મિનિટ"},{"$i":"seconds","$v":"સેકન્ડ"},{"$i":"voiceMail","$v":"વૉઇસમેઇલ"},{"$i":"weekday-0-long","$v":"રવિવાર"},{"$i":"weekday-1-long","$v":"સોમવાર"},{"$i":"weekday-2-long","$v":"મંગળવાર"},{"$i":"weekday-3-long","$v":"બુધવાર"},{"$i":"weekday-4-long","$v":"ગુરૂવાર"},{"$i":"weekday-5-long","$v":"શુક્રવાર"},{"$i":"weekday-6-long","$v":"શનિવાર"},{"$i":"weekday-0-short","$v":"રવિ"},{"$i":"weekday-1-short","$v":"સોમ"},{"$i":"weekday-2-short","$v":"મંગળ"},{"$i":"weekday-3-short","$v":"બુધ"},{"$i":"weekday-4-short","$v":"ગુરુ"},{"$i":"weekday-5-short","$v":"શુક્રવાર"},{"$i":"weekday-6-short","$v":"શનિ"},{"$i":"month-0-long","$v":"જાન્યુઆરી"},{"$i":"month-1-long","$v":"ફેબ્રુઆરી"},{"$i":"month-2-long","$v":"માર્ચ"},{"$i":"month-3-long","$v":"એપ્રિલ"},{"$i":"month-4-long","$v":"મે"},{"$i":"month-5-long","$v":"જૂન"},{"$i":"month-6-long","$v":"જુલાઈ"},{"$i":"month-7-long","$v":"ઓગસ્ટ"},{"$i":"month-8-long","$v":"સપ્ટેમ્બર"},{"$i":"month-9-long","$v":"ઓક્ટોબર"},{"$i":"month-10-long","$v":"નવેમ્બર"},{"$i":"month-11-long","$v":"ડિસેમ્બર"},{"$i":"month-0-genitive","$v":"જાન્યુઆરી"},{"$i":"month-1-genitive","$v":"ફેબ્રુઆરી"},{"$i":"month-2-genitive","$v":"માર્ચ"},{"$i":"month-3-genitive","$v":"એપ્રિલ"},{"$i":"month-4-genitive","$v":"મે"},{"$i":"month-5-genitive","$v":"જૂન"},{"$i":"month-6-genitive","$v":"જુલાઈ"},{"$i":"month-7-genitive","$v":"ઓગસ્ટ"},{"$i":"month-8-genitive","$v":"સપ્ટેમ્બર"},{"$i":"month-9-genitive","$v":"ઓક્ટોબર"},{"$i":"month-10-genitive","$v":"નવેમ્બર"},{"$i":"month-11-genitive","$v":"ડિસેમ્બર"},{"$i":"month-0-short","$v":"જાન્યુઆરી"},{"$i":"month-1-short","$v":"ફેબ્રુઆરી"},{"$i":"month-2-short","$v":"માર્ચ"},{"$i":"month-3-short","$v":"એપ્રિલ"},{"$i":"month-4-short","$v":"મે"},{"$i":"month-5-short","$v":"જૂન"},{"$i":"month-6-short","$v":"જુલાઈ"},{"$i":"month-7-short","$v":"ઓગસ્ટ"},{"$i":"month-8-short","$v":"સપ્ટેમ્બર"},{"$i":"month-9-short","$v":"ઓક્ટોબર"},{"$i":"month-10-short","$v":"નવેમ્બર"},{"$i":"month-11-short","$v":"ડિસેમ્બર"},{"$i":"minutes-ago-long","$v":{"zero":"અત્યારે જ","one":"એક મિનિટ પહેલાં","two":[{"t":"idOrVar","v":"value"}," મિનિટ પહેલા"],"few":[{"t":"idOrVar","v":"value"}," મિનિટ પહેલા"],"many":[{"t":"idOrVar","v":"value"}," મિનિટ પહેલા"],"other":[{"t":"idOrVar","v":"value"}," મિનિટ પહેલા"]},"$x":[{"t":"idOrVar","v":"plural"},"value"]},{"$i":"hours-ago-long","$v":{"zero":"અત્યારે જ","one":"એક કલાક પહેલાં","two":[{"t":"idOrVar","v":"value"}," કલાક પહેલા"],"few":[{"t":"idOrVar","v":"value"}," કલાક પહેલા"],"many":[{"t":"idOrVar","v":"value"}," કલાક પહેલા"],"other":[{"t":"idOrVar","v":"value"}," કલાક પહેલા"]},"$x":[{"t":"idOrVar","v":"plural"},"value"]},{"$i":"days-ago-long","$v":{"zero":"આજે","one":"ગઈકાલ","two":[{"t":"idOrVar","v":"value"}," દિવસ પહેલા"],"few":[{"t":"idOrVar","v":"value"}," દિવસ પહેલા"],"many":[{"t":"idOrVar","v":"value"}," દિવસ પહેલા"],"other":[{"t":"idOrVar","v":"value"}," દિવસ પહેલા"]},"$x":[{"t":"idOrVar","v":"plural"},"value"]},{"$i":"weeks-ago-long","$v":{"zero":"આ અઠવાડિયું","one":"ગયા અઠવાડિયે","two":[{"t":"idOrVar","v":"value"}," અઠવાડિયા પહેલા"],"few":[{"t":"idOrVar","v":"value"}," અઠવાડિયા પહેલા"],"many":[{"t":"idOrVar","v":"value"}," અઠવાડિયા પહેલા"],"other":[{"t":"idOrVar","v":"value"}," અઠવાડિયા પહેલા"]},"$x":[{"t":"idOrVar","v":"plural"},"value"]},{"$i":"months-ago-long","$v":{"zero":"આ મહિનો","one":"ગયા મહિને","two":[{"t":"idOrVar","v":"value"}," મહિના પહેલા"],"few":[{"t":"idOrVar","v":"value"}," મહિના પહેલા"],"many":[{"t":"idOrVar","v":"value"}," મહિના પહેલા"],"other":[{"t":"idOrVar","v":"value"}," મહિના પહેલા"]},"$x":[{"t":"idOrVar","v":"plural"},"value"]},{"$i":"years-ago-long","$v":{"zero":"આ વર્ષ","one":"ગયા વર્ષે","two":[{"t":"idOrVar","v":"value"}," વર્ષ પહેલા"],"few":[{"t":"idOrVar","v":"value"}," વર્ષ પહેલા"],"many":[{"t":"idOrVar","v":"value"}," વર્ષ પહેલા"],"other":[{"t":"idOrVar","v":"value"}," વર્ષ પહેલા"]},"$x":[{"t":"idOrVar","v":"plural"},"value"]},{"$i":"minutes-until-long","$v":{"zero":"હમણાં","one":"એક મિનિટમાં","two":[{"t":"idOrVar","v":"value"}," મિનિટમાં"],"few":[{"t":"idOrVar","v":"value"}," મિનિટમાં"],"many":[{"t":"idOrVar","v":"value"}," મિનિટમાં"],"other":[{"t":"idOrVar","v":"value"}," મિનિટમાં"]},"$x":[{"t":"idOrVar","v":"plural"},"value"]},{"$i":"hours-until-long","$v":{"zero":"હમણાં","one":"એક કલાકમાં","two":[{"t":"idOrVar","v":"value"}," કલાકમાં"],"few":[{"t":"idOrVar","v":"value"}," કલાકમાં"],"many":[{"t":"idOrVar","v":"value"}," કલાકમાં"],"other":[{"t":"idOrVar","v":"value"}," કલાકમાં"]},"$x":[{"t":"idOrVar","v":"plural"},"value"]},{"$i":"days-until-long","$v":{"zero":"આજે","one":"આવતીકાલ","two":[{"t":"idOrVar","v":"value"}," દિવસમાં"],"few":[{"t":"idOrVar","v":"value"}," દિવસમાં"],"many":[{"t":"idOrVar","v":"value"}," દિવસમાં"],"other":[{"t":"idOrVar","v":"value"}," દિવસમાં"]},"$x":[{"t":"idOrVar","v":"plural"},"value"]},{"$i":"weeks-until-long","$v":{"zero":"આ અઠવાડિયું","one":"આગળનું અઠવાડિયું","two":[{"t":"idOrVar","v":"value"}," અઠવાડિયામાં"],"few":[{"t":"idOrVar","v":"value"}," અઠવાડિયામાં"],"many":[{"t":"idOrVar","v":"value"}," અઠવાડિયામાં"],"other":[{"t":"idOrVar","v":"value"}," અઠવાડિયામાં"]},"$x":[{"t":"idOrVar","v":"plural"},"value"]},{"$i":"months-until-long","$v":{"zero":"આ મહિનો","one":"આગળનો મહિનો","two":[{"t":"idOrVar","v":"value"}," મહિનામાં"],"few":[{"t":"idOrVar","v":"value"}," મહિનામાં"],"many":[{"t":"idOrVar","v":"value"}," મહિનામાં"],"other":[{"t":"idOrVar","v":"value"}," મહિનામાં"]},"$x":[{"t":"idOrVar","v":"plural"},"value"]},{"$i":"years-until-long","$v":{"zero":"આ વર્ષ","one":"આગળનું વર્ષ","two":[{"t":"idOrVar","v":"value"}," વર્ષમાં"],"few":[{"t":"idOrVar","v":"value"}," વર્ષમાં"],"many":[{"t":"idOrVar","v":"value"}," વર્ષમાં"],"other":[{"t":"idOrVar","v":"value"}," વર્ષમાં"]},"$x":[{"t":"idOrVar","v":"plural"},"value"]},{"$i":"minutes-ago-short","$v":{"zero":"અત્યારે જ","other":[{"t":"idOrVar","v":"value"},"મિનિટ પહેલા"]},"$x":[{"t":"idOrVar","v":"plural"},"value"]},{"$i":"hours-ago-short","$v":{"zero":"અત્યારે જ","other":[{"t":"idOrVar","v":"value"},"કલાક પહેલા"]},"$x":[{"t":"idOrVar","v":"plural"},"value"]},{"$i":"days-ago-short","$v":{"zero":"આજે","other":[{"t":"idOrVar","v":"value"},"દિવસ પહેલા"]},"$x":[{"t":"idOrVar","v":"plural"},"value"]},{"$i":"minutes-until-short","$v":{"zero":"હમણાં","other":[{"t":"idOrVar","v":"value"},"મિનિટ માં"]},"$x":[{"t":"idOrVar","v":"plural"},"value"]},{"$i":"hours-until-short","$v":{"zero":"હમણાં","other":[{"t":"idOrVar","v":"value"},"કલાક માં"]},"$x":[{"t":"idOrVar","v":"plural"},"value"]},{"$i":"days-until-short","$v":{"zero":"આજે","other":[{"t":"idOrVar","v":"value"},"દિવસ માં"]},"$x":[{"t":"idOrVar","v":"plural"},"value"]},{"$i":"incorrectDate","$v":"(ખોટી તારીખ)"},{"$i":"dateTimeFormat_%c","$v":"%a %b %e %Y %I:%M:%S %p"},{"$i":"dateTimeFormat_%x","$v":"%m/%d/%Y"},{"$i":"dateTimeFormat_%X","$v":"%I:%M:%S %p"},{"$i":"shortTimeFormat","$v":"%I:%M %p"},{"$i":"shortTimeFormat12","$v":"%I:%M %p"},{"$i":"shortTimeFormat24","$v":"%H:%M"},{"$i":"shortDateTimeFormat","$v":"%x %I:%M %p"},{"$i":"weekStartsOnMonday","$v":"0"},{"$i":"firstDayOfTheWeek","$v":"0"},{"$i":"time_am","$v":"AM"},{"$i":"time_pm","$v":"PM"},{"$i":"label","$v":"લેબલ"},{"$i":"mobile","$v":"મોબાઇલ"},{"$i":"home","$v":"ઘર"},{"$i":"work","$v":"વર્ક"},{"$i":"personal","$v":"વ્યક્તિગત"},{"$i":"faxHome","$v":"Fax  હોમ"},{"$i":"faxOffice","$v":"Fax  ઓફિસ"},{"$i":"faxOther","$v":"અન્ય Fax"},{"$i":"another","$v":"અન્ય"},{"$i":"other","$v":"અન્ય"},{"$i":"tcl-customTag","$v":"કસ્ટમ ટૅગ"},{"$i":"customTag","$v":"કસ્ટમ ટૅગ","placeholder":"કસ્ટમ ટૅગ"},{"$i":"current","$v":"વર્તમાન"},{"$i":"itemWithLabel","$v":[{"t":"idOrVar","v":"label"},", ",{"t":"idOrVar","v":"item"}]},{"$i":"airplaneMode","$v":"એરપ્લેન મોડ"},{"$i":"searching","$v":"શોધી રહ્યા છીએ…"},{"$i":"noNetwork","$v":"કોઈ નેટવર્ક નથી"},{"$i":"roaming","$v":[{"t":"idOrVar","v":"operator"}," (રોમિંગ)"]},{"$i":"operator-info","$v":[{"t":"idOrVar","v":"carrier"}," ",{"t":"idOrVar","v":"region"}]},{"$i":"emergencyCallsOnly","$v":"ફક્ત આપાતકાલીન કોલ્સ"},{"$i":"emergencyCallsOnly-unknownSIMState","$v":"(અજ્ઞાત સિમ સ્થિતિ)"},{"$i":"emergencyCallsOnly-noSIM","$v":"(કોઈ સિમ નથી)"},{"$i":"emergencyCallsOnly-pinRequired","$v":"(સિમ પિન આવશ્યક)"},{"$i":"emergencyCallsOnly-pukRequired","$v":"(સિમ PUK જરૂરી છે)"},{"$i":"emergencyCallsOnly-networkLocked","$v":"(નેટવર્ક લૉક છે)"},{"$i":"emergencyCallsOnly-serviceProviderLocked","$v":"(સેવા પ્રદાતા લોક છે)"},{"$i":"emergencyCallsOnly-corporateLocked","$v":"(કોર્પોરેટ લૉક છે)"},{"$i":"emergencyCallsOnly-network1Locked","$v":"(નેટવર્ક1 લૉક છે)"},{"$i":"emergencyCallsOnly-network2Locked","$v":"(નેટવર્ક2 લૉક છે)"},{"$i":"emergencyCallsOnly-hrpdNetworkLocked","$v":"(hrpd નેટવર્ક લૉક છે)"},{"$i":"emergencyCallsOnly-ruimCorporateLocked","$v":"(ruim કોર્પોરેટ લૉક છે)"},{"$i":"emergencyCallsOnly-ruimServiceProviderLocked","$v":"(ruim સેવા પ્રદાતા લોક છે)"},{"$i":"lockscreen-sim-id","$v":["સિમ ",{"t":"idOrVar","v":"n"}]},{"$i":"charging-no-time","$v":[{"t":"idOrVar","v":"level"},"% ચાર્જ કરવામાં આવ્યું છે"]},{"$i":"charging-minutes","$v":{"zero":[{"t":"idOrVar","v":"level"},"% ચાર્જ છે, (",{"t":"idOrVar","v":"minutes"}," મિનિટમાં સંપૂર્ણ ચાર્જ થશે)"],"one":[{"t":"idOrVar","v":"level"},"% ચાર્જ છે, (",{"t":"idOrVar","v":"minutes"}," મિનિટમાં સંપૂર્ણ ચાર્જ થશે)"],"two":[{"t":"idOrVar","v":"level"},"% ચાર્જ છે, (",{"t":"idOrVar","v":"minutes"}," મિનિટમાં સંપૂર્ણ ચાર્જ થશે)"],"few":[{"t":"idOrVar","v":"level"},"% ચાર્જ છે, (",{"t":"idOrVar","v":"minutes"}," મિનિટમાં સંપૂર્ણ ચાર્જ થશે)"],"many":[{"t":"idOrVar","v":"level"},"% ચાર્જ છે, (",{"t":"idOrVar","v":"minutes"}," મિનિટમાં સંપૂર્ણ ચાર્જ થશે)"],"other":[{"t":"idOrVar","v":"level"},"% ચાર્જ છે, (",{"t":"idOrVar","v":"minutes"}," મિનિટમાં સંપૂર્ણ ચાર્જ થશે)"]},"$x":[{"t":"idOrVar","v":"plural"},"minutes"]},{"$i":"charging-hours","$v":{"zero":[{"t":"idOrVar","v":"level"},"% ચાર્જ છે, (",{"t":"idOrVar","v":"hours"},"કલાક ",{"t":"idOrVar","v":"minutes"}," મિનિટ સંપૂર્ણ ચાર્જ થશે)"],"one":[{"t":"idOrVar","v":"level"},"% ચાર્જ કરેલ, (સંપૂર્ણ ચાર્જ થાય ત્યાં સુધી ",{"t":"idOrVar","v":"hours"},"કલાક ",{"t":"idOrVar","v":"minutes"}," મિનિટ)"],"two":[{"t":"idOrVar","v":"level"},"% ચાર્જ છે, (",{"t":"idOrVar","v":"hours"},"કલાક ",{"t":"idOrVar","v":"minutes"}," મિનિટ સંપૂર્ણ ચાર્જ થશે)"],"few":[{"t":"idOrVar","v":"level"},"% ચાર્જ છે, (",{"t":"idOrVar","v":"hours"},"કલાક ",{"t":"idOrVar","v":"minutes"}," મિનિટ સંપૂર્ણ ચાર્જ થશે)"],"many":[{"t":"idOrVar","v":"level"},"% ચાર્જ છે, (",{"t":"idOrVar","v":"hours"},"કલાક ",{"t":"idOrVar","v":"minutes"}," મિનિટ સંપૂર્ણ ચાર્જ થશે)"],"other":[{"t":"idOrVar","v":"level"},"% ચાર્જ છે, (",{"t":"idOrVar","v":"hours"},"કલાક ",{"t":"idOrVar","v":"minutes"}," મિનિટ સંપૂર્ણ ચાર્જ થશે)"]},"$x":[{"t":"idOrVar","v":"plural"},"minutes"]},{"$i":"phoneNumberInput","ariaLabel":"ફોન નંબર"},{"$i":"keypadDelete","ariaLabel":"કાઢો"},{"$i":"voiceMailKey","ariaLabel":"વૉઇસમેઇલ"},{"$i":"asterisk","ariaLabel":"એસ્ટ્રિક ચિહન"},{"$i":"hashSign","ariaLabel":"હૅશ ચિહ્ન"},{"$i":"loadingSimContacts","$v":"સિમ કાર્ડના સંપર્કો લોડ કરી રહ્યાં છે..."},{"$i":"noContactsWereFound","$v":"કોઈ સંપર્ક મળ્યાં નથી"},{"$i":"noContactsFoundDialogOk","$v":"ઑકે"},{"$i":"emergencyNumber","$v":"આપાતકાલીન નંબર"},{"$i":"callAirplaneModeMessage","$v":"કૉલ કરવા માટે તમને સેટિંગ્સમાં એરપ્લેન મોડ અક્ષમ કરવાની જરૂર છે."},{"$i":"callAirplaneModeBtnOk","$v":"ઑકે"},{"$i":"callAirplaneModeTitle","$v":"એરપ્લેન મોડ સક્રિય કરવામાં આવ્યો"},{"$i":"numberIsBusyTitle","$v":"નંબર વ્યસ્ત છે"},{"$i":"numberIsBusyMessage","$v":"નંબર હાલમાં વ્યસ્ત છે. કૃપા કરી ફરી પ્રયત્ન કરવા વિનંતી."},{"$i":"fdnIsActiveTitle","$v":"FDN સક્રિય"},{"$i":"fdnIsActiveMessage","$v":["FDN (ફિક્સ્ડ ડાયલિંગ નંબર) સક્રિય કરેલ છે અને નીચે આપેલ નંબર તમારી FDN લિસ્ટમાં નથી: ",{"t":"idOrVar","v":"number"}]},{"$i":"emergencyDialogBodyBadNumber","$v":"કૉલ કરવા માટે, ફોન નેટવર્ક સાથે કનેક્ટ કરેલો હોવો જોઈએ."},{"$i":"emergencyDialogBodyDeviceNotAccepted","$v":"આપાતકાલીન કૉલ્સ નેટવર્ક દ્વારા સ્વીકાર્ય નથી."},{"$i":"emergencyDialogBtnOk","$v":"ઑકે"},{"$i":"emergencyDialogTitle","$v":"કોઇ નેટવર્ક કનેક્શન નથી"},{"$i":"invalidNumberToDialTitle","$v":"અમાન્ય ફોન નંબર"},{"$i":"invalidNumberToDialMessage","$v":"જે ફોન નંબર પર તમે કૉલ કરી રહ્યાં છો તે માન્ય નથી."},{"$i":"unableToCallTitle","$v":"હાલમાં એક ફોન કૉલ કરવામાં અસમર્થ"},{"$i":"unableToCallMessage","$v":"કૉલ કરી શકાતો નથી. જો તમે પહેલાંથી જ ડાયલ કરતા હો તો, કૃપા કરી પહેલા મૂકી દો."},{"$i":"otherConnectionInUseTitle","$v":"અન્ય કનેક્શન ઉપયોગમાં છે"},{"$i":"otherConnectionInUseMessage","$v":"તમારી પાસે બીજા કનેક્શન પર એક સક્રિય કૉલ છે. તમે એક સમયે ફક્ત એક જ કનેક્શનનો ઉપયોગ કરી શકો છો."},{"$i":"clear","$v":"સાફ કરો"},{"$i":"dialer","$v":"ડાયલર"},{"$i":"tcl-incomming-call","$v":"ઇનકમિંગ કૉલ"},{"$i":"tcl-in-call","$v":"કોલ માં"},{"$i":"tcl-answer","$v":"જવાબ"},{"$i":"tcl-end-answer","$v":"સમાપ્ત કરો અને જવાબ આપો"},{"$i":"tcl-decline","$v":"નકારો"},{"$i":"tcl-mute","$v":"મ્યૂટ કરો"},{"$i":"tcl-unmute","$v":"અનમ્યુટ કરો"},{"$i":"tcl-speaker","$v":"સ્પીકર"},{"$i":"tcl-speaker-off","$v":"સ્પીકર બંધ"},{"$i":"tcl-microphone-mute-notification","$v":"માઇક્રોફોન મ્યૂટ કરવામાં આવ્યો"},{"$i":"tcl-microphone-active-notification","$v":"માઇક્રોફોન સક્રિય છે"},{"$i":"tcl-speaker-off-notification","$v":"બાહ્ય સ્પીકર બંધ કરવામાં આવ્યું"},{"$i":"tcl-speaker-on-notification","$v":"બાહ્ય સ્પીકર ચાલુ કરવામાં આવ્યું"},{"$i":"tcl-hold-and-answer","$v":"હોલ્ડ પર મૂકો અને જવાબ આપો"},{"$i":"tcl-ignore-call","$v":"ઇનકમિંગ કૉલ અવગણના કરો"},{"$i":"tcl-add-to-call","$v":"કોલ ઉમેરો"},{"$i":"tcl-switch-to-second-line","$v":"કોલ સ્વેપ કરો"},{"$i":"tcl-merge-calls","$v":"કૉલ મર્જ કરો"},{"$i":"btnOk","$v":"ઑકે"},{"$i":"losing-wifi-msg","$v":"wifi ગુમાવી રહ્યાં છે"},{"$i":"hd","$v":"HD"},{"$i":"manage-call","$v":"કૉલ મેનેજ કરો"},{"$i":"end","$v":"કોલ પૂર્ણ કરો"},{"$i":"private","$v":"ખાનગી"},{"$i":"sound","$v":"ધ્વનિ"},{"$i":"bluetooth-device","$v":"બ્લૂટૂથ ડિવાઇસ"},{"$i":"handset-earpiece","$v":"હેન્ડસેટ"},{"$i":"call-ended","$v":"કૉલ સમાપ્ત થયો"},{"$i":"payphone","$v":"પેફોન"},{"$i":"contact","$v":"સંપર્ક"},{"$i":"volume","$v":"વૉલ્યૂમ"},{"$i":"softkey-options","$v":"વિકલ્પ"},{"$i":"resume-call","$v":"કોલ ફરીથી શરુ કરો"},{"$i":"switch-to-device-toast","$v":"બ્લૂટૂથ ડિવાઇસ પર સ્વિચ કર્યું"},{"$i":"switch-to-handset-toast","$v":"હેન્ડસેટ ઇયરપીસ ડિવાઇસ પર સ્વિચ કર્યું"},{"$i":"switch-to-speaker-toast","$v":"સ્પીકર પર સ્વિચ કર્યું"},{"$i":"emergency-call","$v":"એક આપાતકાલીન કૉલ છે"},{"$i":"link","$v":"લિંક:"},{"$i":"call-left-conference-toast","$v":[{"t":"idOrVar","v":"number"}," એ કૉલ મૂકી  દીધો છે"]}]