[{"$i":"tcl-calllog-entry-removed-succ-notification","$v":"कॉल लॉग एंट्री हटाई गई"},{"$i":"tcl-calllog-entry-removed-err-notification","$v":"कॉल लॉग एंट्री को हटा नहीं सकते"},{"$i":"addNewNumber","$v":"नया नंबर जोड़ें"},{"$i":"contactDetails","$v":"संपर्क विवरण"},{"$i":"addToExistingContact","$v":"मौजूदा संपर्क में जोड़ें"},{"$i":"all","$v":"सभी","ariaLabel":"सभी"},{"$i":"bluetoothOption","$v":""},{"$i":"callLog","$v":"कॉल लॉग"},{"$i":"callLogEdit","title":"कॉल लॉग संपादित करें"},{"$i":"tcl-option-menu-call-log-edit","$v":"कॉल लॉग संपादित करें"},{"$i":"callLogEditDialog","ariaLabel":"कॉल लॉग डायलॉग संपादित करें"},{"$i":"tcl-call-log-delete-group-notification","$v":[{"t":"idOrVar","v":"n"}," एंट्रियां हटा दी गई थीं"]},{"$i":"connecting","$v":"कॉलिंग"},{"$i":"connectingEllipsis","$v":"कनेक्ट हो रहा हैं.."},{"$i":"call-forwarding-async","$v":["असिंक्रोन्स: ",{"t":"idOrVar","v":"async"}]},{"$i":"call-forwarding-data","$v":["डेटा: ",{"t":"idOrVar","v":"data"}]},{"$i":"call-forwarding-error","$v":"कॉल फॉरवर्ड स्थिति पुनर्प्राप्त करते समय एक त्रुटि हुई"},{"$i":"call-forwarding-fax","$v":["FAX: ",{"t":"idOrVar","v":"fax"}]},{"$i":"call-forwarding-inactive","$v":"निष्क्रिय"},{"$i":"call-forwarding-packet","$v":["पैकेट: ",{"t":"idOrVar","v":"packet"}]},{"$i":"call-forwarding-pad","$v":["PAD: ",{"t":"idOrVar","v":"pad"}]},{"$i":"call-forwarding-sms","$v":["SMS: ",{"t":"idOrVar","v":"sms"}]},{"$i":"call-forwarding-status","$v":"कॉल फॉरवर्डिंग स्थिति"},{"$i":"call-forwarding-sync","$v":["समकालिक: ",{"t":"idOrVar","v":"sync"}]},{"$i":"call-forwarding-voice","$v":["वॉयस: ",{"t":"idOrVar","v":"voice"}]},{"$i":"close","$v":"बंद करें"},{"$i":"confirm-deletion","$v":"चयनित कॉल साफ़ करें?"},{"$i":"contacts","ariaLabel":"संपर्क"},{"$i":"createNewContact","$v":"नया संपर्क बनाएँ"},{"$i":"delete","$v":"हटाएँ"},{"$i":"calllog-deselectAll","$v":"सभी का चयन हटाएं"},{"$i":"dialerAddContact","$v":""},{"$i":"dialerAddContactDialog","ariaLabel":"संपर्क डॉयलॉग जोड़ें"},{"$i":"callInformation","$v":"कॉल जानकारी"},{"$i":"edit-selected","$v":{"one":["चयनित(",{"t":"idOrVar","v":"n"},")"],"two":["चयनित(",{"t":"idOrVar","v":"n"},")"],"few":["चयनित(",{"t":"idOrVar","v":"n"},")"],"many":["चयनित(",{"t":"idOrVar","v":"n"},")"],"other":["चयनित(",{"t":"idOrVar","v":"n"},")"]},"$x":[{"t":"idOrVar","v":"plural"},"n"]},{"$i":"tcl-edit-not-selected","$v":"चयनित(0)"},{"$i":"edit","$v":"संपादित करें"},{"$i":"hideKeypad","ariaLabel":"कीपैड छिपाएँ"},{"$i":"ignore","$v":""},{"$i":"incoming","$v":"इनकमिंग"},{"$i":"keypad","ariaLabel":"कीपैड"},{"$i":"makeCall","$v":""},{"$i":"merge","$v":""},{"$i":"info-missed","$v":"मिस्ड"},{"$i":"missed","$v":"मिस्ड","ariaLabel":"मिस्ड"},{"$i":"dialed","$v":"डायल किया गया"},{"$i":"received","$v":"प्राप्त"},{"$i":"canceled","$v":"रद्द किया गया"},{"$i":"missedCall","$v":"मिस्ड कॉल"},{"$i":"missedCallMultiSims","$v":["(सिम ",{"t":"idOrVar","v":"n"},") छूटी हुई कॉल"]},{"$i":"mmi-error","$v":"संदेश भेजते समय एक त्रुटि हुई"},{"$i":"mmi-session-expired","$v":"सेशन का समय-सीमा समाप्त"},{"$i":"mmi-successfully-sent","$v":"संदेश सफलतापूर्वक भेजा गया"},{"$i":"mmi-notification-title-with-sim","$v":["(",{"t":"idOrVar","v":"sim"},") ",{"t":"idOrVar","v":"title"}]},{"$i":"mute","$v":""},{"$i":"newCall","$v":""},{"$i":"no-logs-msg-1","$v":"कोई कॉल रिकॉर्ड नहीं हुई"},{"$i":"no-logs-msg-2","$v":"अभी संवाद स्थापित करें"},{"$i":"no-logs-msg-3","$v":"कोई कॉल रिकॉर्ड नहीं हुई"},{"$i":"no-logs-msg-4","$v":"अभी संवाद स्थापित करें"},{"$i":"onHoldOption","$v":""},{"$i":"outgoing","$v":"आउटगोइंग"},{"$i":"recents","ariaLabel":"हाल की कॉलें"},{"$i":"reply","$v":"जवाब दें"},{"$i":"calllog-selectAll","$v":"सभी चुनें"},{"$i":"send","$v":"भेजें"},{"$i":"switch-calls","$v":"कॉल स्विच करें"},{"$i":"today","$v":"आज"},{"$i":"withheld-number","$v":"अज्ञात"},{"$i":"from-contact","$v":[{"t":"idOrVar","v":"contact"}," से"]},{"$i":"from-number","$v":[{"t":"idOrVar","v":"number"}," से"]},{"$i":"from-withheld-number","$v":"अज्ञात नंबर से"},{"$i":"yesterday","$v":"बीता कल"},{"$i":"sending","$v":"भेजा जा रहा हैं…"},{"$i":"speakerOption","$v":""},{"$i":"ussd-services","$v":[{"t":"idOrVar","v":"operator"}," सेवाएँ"]},{"$i":"toggleKeypad","$v":""},{"$i":"type-your-response","placeholder":"अपना जवाब लिखें..."},{"$i":"clear-all-text","$v":"सभी टेक्स्ट साफ़ करें"},{"$i":"hide","$v":"छिपाएं"},{"$i":"call","$v":"कॉल करें"},{"$i":"hold","$v":"होल्ड"},{"$i":"resume","$v":"दोबारा शुरू करें","ariaLabel":"दोबारा शुरू करें"},{"$i":"sendSms","$v":"संदेश भेजें"},{"$i":"callEnded","$v":"कॉल समाप्त हुआ"},{"$i":"via-sim","$v":["सिम",{"t":"idOrVar","v":"n"}," के ज़रिए"]},{"$i":"sim-number","$v":["सिम",{"t":"idOrVar","v":"n"}]},{"$i":"unknown","$v":"अज्ञात"},{"$i":"cancel","$v":"रद्द करना"},{"$i":"hangup-a11y-button","$v":""},{"$i":"pickup-a11y-button","$v":""},{"$i":"unlock-a11y-button","ariaLabel":"स्लाइडर"},{"$i":"settings","$v":"सेटिंग्स"},{"$i":"tcl-delete-log","$v":"क्या आप वाकई कॉल लॉग से चयनित एंट्रीयाँ हटाना चाहते हैं?"},{"$i":"delete-n-log?","$v":{"zero":"कुछ भी चयनित नहीं","one":"चयनित लॉग हटाएँ?","two":[{"t":"idOrVar","v":"n"}," लॉग हटाएँ?"],"few":[{"t":"idOrVar","v":"n"}," लॉग हटाएँ?"],"many":[{"t":"idOrVar","v":"n"}," लॉग हटाएँ?"],"other":[{"t":"idOrVar","v":"n"}," लॉग हटाएँ?"]},"$x":[{"t":"idOrVar","v":"plural"},"n"]},{"$i":"composeEmail","ariaLabel":"ईमेल"},{"$i":"emailDetail","ariaLabel":"ईमेल"},{"$i":"phoneDetail","ariaLabel":"फ़ोन"},{"$i":"send-sms-button","ariaLabel":"SMS"},{"$i":"separator","$v":","},{"$i":"callDurationMinutes","$v":[{"t":"idOrVar","v":"m"},":",{"t":"idOrVar","v":"s"}]},{"$i":"callDurationHours","$v":[{"t":"idOrVar","v":"h"},":",{"t":"idOrVar","v":"m"},":",{"t":"idOrVar","v":"s"}]},{"$i":"callDurationTextFormatSeconds","$v":[{"t":"idOrVar","v":"s"}," सेकंड"]},{"$i":"callDurationTextFormatMinutes","$v":[{"t":"idOrVar","v":"m"}," मिनिट ",{"t":"idOrVar","v":"s"}," सेकंड"]},{"$i":"callDurationTextFormatHours","$v":[{"t":"idOrVar","v":"h"}," घंटे ",{"t":"idOrVar","v":"m"}," मिनिट ",{"t":"idOrVar","v":"s"}," सेकंड"]},{"$i":"suggestionMatches","$v":{"one":["\"",{"t":"idOrVar","v":"matchNumber"},"\" के लिए ",{"t":"idOrVar","v":"n"}," मैच"],"two":["\"",{"t":"idOrVar","v":"matchNumber"},"\" के लिए ",{"t":"idOrVar","v":"n"}," मैच"],"few":["\"",{"t":"idOrVar","v":"matchNumber"},"\" के लिए ",{"t":"idOrVar","v":"n"}," मैच"],"many":["\"",{"t":"idOrVar","v":"matchNumber"},"\" के लिए ",{"t":"idOrVar","v":"n"}," मैच"],"other":["\"",{"t":"idOrVar","v":"matchNumber"},"\" के लिए ",{"t":"idOrVar","v":"n"}," मैच"]},"$x":[{"t":"idOrVar","v":"plural"},"n"]},{"$i":"scCallBarring","$v":"कॉल प्रतिबंध"},{"$i":"scCallForwarding","$v":"कॉल फॉरवार्डिंग"},{"$i":"scClip","$v":"इनकमिंग कॉलर ID"},{"$i":"scClir","$v":"आउटगोइंग कॉलर ID"},{"$i":"scPwd","$v":"पासवर्ड बदलें"},{"$i":"scCallWaiting","$v":"कॉल प्रतीक्षा में हैं"},{"$i":"scPin","$v":"पिन बदलें"},{"$i":"scPin2","$v":"पिन2 बदलें"},{"$i":"scPuk","$v":"पिन अनब्लॉक करें"},{"$i":"scPuk2","$v":"पिन2 अनब्लॉक करें"},{"$i":"scImei","$v":"IMEI"},{"$i":"scMeid","$v":"MEID"},{"$i":"scUssd","$v":"USSD"},{"$i":"serviceClassVoice","$v":"ध्‍वनि"},{"$i":"serviceClassData","$v":"डेटा"},{"$i":"serviceClassFax","$v":"FAX"},{"$i":"serviceClassSms","$v":"SMS"},{"$i":"serviceClassDataSync","$v":"सिंक"},{"$i":"serviceClassDataAsync","$v":"असिंक"},{"$i":"serviceClassPacket","$v":"पैकेट"},{"$i":"serviceClassPad","$v":"PAD"},{"$i":"smServiceEnabled","$v":"सेवा सक्षम हुई"},{"$i":"smServiceDisabled","$v":"सेवा अक्षम हुई"},{"$i":"smServiceRegistered","$v":"पंजीकरण सफल रहा"},{"$i":"smServiceErased","$v":"हटाना सफल रहा"},{"$i":"smServiceInterrogated","$v":"अनुरोध सफल रहा"},{"$i":"smServiceNotProvisioned","$v":"सेवा का प्रावधान नहीं हैं"},{"$i":"smClirPermanent","$v":"आप कॉलर ID सेटिंग्स नहीं बदल सकते"},{"$i":"smClirDefaultOnNextCallOn","$v":"कॉलर ID डिफॉल्ट के रूप में प्रतिबंधित हैं। अगला कॉल: प्रतिबंधित"},{"$i":"smClirDefaultOnNextCallOff","$v":"कॉलर ID डिफॉल्ट के रूप में प्रतिबंधित हैं। अगला कॉल: प्रतिबंधित नहीं"},{"$i":"smClirDefaultOffNextCallOn","$v":"कॉलर ID डिफॉल्ट के रूप में प्रतिबंधित नहीं हैं। अगला कॉल: प्रतिबंधित"},{"$i":"smClirDefaultOffNextCallOff","$v":"कॉलर ID डिफॉल्ट के रूप में प्रतिबंधित नहीं हैं। अगला कॉल: प्रतिबंधित नहीं"},{"$i":"smServiceEnabledFor","$v":"सेवा सक्षम हुई:"},{"$i":"smPinChanged","$v":"पिन सफलतापूर्वक बदला गया"},{"$i":"smPinUnblocked","$v":"पिन सफलतापूर्वक अनवरोधित किया गया"},{"$i":"smPin2Changed","$v":"पिन2 सफलतापूर्वक बदला गया"},{"$i":"smPin2Unblocked","$v":"पिन2 सफलतापूर्वक अनवरोधित किया गया"},{"$i":"ServiceIsEnabled","$v":"सेवा सक्षम हैं"},{"$i":"ServiceIsDisabled","$v":"सेवा अक्षम हैं"},{"$i":"ServiceIsEnabledFor","$v":"सेवा सक्षम हुई:"},{"$i":"emMmiError","$v":"कनेक्शन समस्या या अमान्य MMI कोड"},{"$i":"emMmiErrorPasswordIncorrect","$v":"गलत पासवर्ड"},{"$i":"emMmiErrorNotSupported","$v":"अमान्य या असमर्थित MMI कोड"},{"$i":"emMmiErrorInvalidAction","$v":"अमान्य कार्रवाई"},{"$i":"emMmiErrorInvalidScCode","$v":"अमान्य सेवा कोड"},{"$i":"emMmiErrorBadPuk","$v":"आपके द्वारा लिखा गया PUK सही नहीं हैं"},{"$i":"emMmiErrorBadPin","$v":"आपके द्वारा लिखा गया पुराना पिन सही नहीं हैं।"},{"$i":"emMmiErrorNeedPuk2","$v":"सिम कार्ड को अनब्लॉक करने के लिए PUK2 लिखें"},{"$i":"emMmiErrorMismatchPin","$v":"आपके द्वारा लिखे गए पिन मेल नहीं खा रहे"},{"$i":"emMmiErrorInvalidPin","$v":"4 से 8 संख्याओं का पिन लिखें"},{"$i":"emMmiErrorNeedsPuk","$v":"आपके सिम कार्ड में PUK लॉक हैं"},{"$i":"emMmiErrorEnablePin","$v":"असफल। SIM/RUIM लॉक सक्षम करें"},{"$i":"emMmiErrorMmiFdn","$v":"ऑपरेशन केवल फिक्सड डायलिंग नंबरों के लिए ही सीमित हैं"},{"$i":"emMmiErrorStkCcUssdDial","$v":"USSD अनुरोध को डायल अनुरोध में बदल दिया गया हैं ."},{"$i":"emMmiErrorStkCcUssdSs","$v":"USSD अनुरोध को SS अनुरोध में बदल दिया गया हैं ."},{"$i":"emMmiErrorStkCcUssdUssd","$v":"USSD अनुरोध को नए USSD अनुरोध में बदल दिया गया हैं ."},{"$i":"emMmiErrorStkCcSsDial","$v":"SS अनुरोध को बदल के डायल अनुरोध में बदल दिया गया हैं"},{"$i":"emMmiErrorStkCcSsUssd","$v":"SS अनुरोध को बदल के USSD अनुरोध में बदल दिया गया हैं"},{"$i":"emMmiErrorStkCcSsSs","$v":"SS अनुरोध को बदल के नए SS अनुरोध में बदल दिया गया हैं"},{"$i":"emMmiErrorPinPukAttempts","$v":{"one":["केवल ",{"t":"idOrVar","v":"n"}," पुनर्प्रयास शेष हैं"],"two":[{"t":"idOrVar","v":"n"}," पुनर्प्रयास शेष हैं"],"few":[{"t":"idOrVar","v":"n"}," पुनर्प्रयास शेष हैं"],"many":[{"t":"idOrVar","v":"n"}," पुनर्प्रयास शेष हैं"],"other":[{"t":"idOrVar","v":"n"}," पुनर्प्रयास शेष हैं"]},"$x":[{"t":"idOrVar","v":"plural"},"n"]},{"$i":"emMmiErrorSimBlocked","$v":"पुनर्प्रयास की अधिकतम संख्या पार हो गई हैं। सिम ब्लॉक्ड हैं"},{"$i":"RadioNotAvailable","$v":"रेडियो उपलब्ध नहीं हैं"},{"$i":"GenericFailure","$v":"सामान्य विफलता"},{"$i":"PasswordIncorrect","$v":"पासवर्ड गलत हैं"},{"$i":"SimPin2","$v":"सिम पिन 2"},{"$i":"SimPuk2","$v":"सिम PUK2"},{"$i":"RequestNotSupported","$v":"अनुरोध समर्थित नहीं हैं"},{"$i":"OpNotAllowedDuringVoiceCall","$v":"ध्वनि कॉल के दौरान ऑपरेशन की अनुमति नहीं हैं"},{"$i":"SmsSendFailRetry","$v":"SMS भेजना विफल पुनर्प्रयास करें"},{"$i":"SimAbsent","$v":"सिम नही है"},{"$i":"SubscriptionNotAvailable","$v":"सदस्यता उपलब्ध नहीं हैं"},{"$i":"ModeNotSupported","$v":"मोड समर्थित नहीं"},{"$i":"FdnCheckFailure","$v":"Fdn जांच विफल रही"},{"$i":"IllegalSimOrMe","$v":"अवैध सिम या ME"},{"$i":"DialModifiedToUssd","$v":"डायल को बदल के USSD किया गया"},{"$i":"DialModifiedToSs","$v":"डायल को बदल के SS किया गया"},{"$i":"DialModifiedToDial","$v":"डायल को बदल के डायल किया गया"},{"$i":"UssdModifiedToDial","$v":"USSD को बदल के डायल किया गया"},{"$i":"UssdModifiedToSs","$v":"USSD को बदल के SS किया गया"},{"$i":"UssdModifiedToUssd","$v":"USSD को बदल के USSD किया गया"},{"$i":"SsModifiedToDial","$v":"SS को बदल के डायल किया गया"},{"$i":"SsModifiedToUssd","$v":"SS को बदल के USSD किया गया"},{"$i":"SsModifiedToSs","$v":"SS को बदल के SS किया गया"},{"$i":"SubscriptionNotSupported","$v":"सदस्यता समर्थित नहीं हैं"},{"$i":"InvalidParameter","$v":"अमान्य पैरामीटर"},{"$i":"RejectedByRemote","$v":"रिमोट द्वारा अस्वीकृत"},{"$i":"conferenceCall","$v":["कॉन्फ्रेंस (",{"t":"idOrVar","v":"n"},")"]},{"$i":"caller-left-call","$v":[{"t":"idOrVar","v":"caller"}," ने कॉल छोड़ दिया हैं।"]},{"$i":"conferenceAddError","$v":"कॉल मर्ज करने में असमर्थ"},{"$i":"conferenceRemoveError","$v":"कॉल को अनमर्ज करने में असमर्थ"},{"$i":"longDateFormat","$v":"%A, %b %e"},{"$i":"select-audio-sources","$v":"ऑडियो स्रोत चुनें"},{"$i":"bluetooth-handsfree-device","$v":"ब्लूटूथ हैंड्सफ्री डिवाइस"},{"$i":"receiver","$v":"रिसीवर"},{"$i":"speaker","$v":"स्पीकर"},{"$i":"tcl-cancel","$v":"रद्द करना"},{"$i":"tcl-dialer","$v":"डायलर"},{"$i":"tcl-confirmation","$v":"पुष्टिकरण"},{"$i":"log-item","$v":"विकल्प"},{"$i":"tcl-assign-speed-dial","$v":{"$o":["संपर्क को \"",{"t":"idOrVar","v":"speedDial"},"\" बटन पर स्पीड डायल के रूप में नहीं जोड़ा गया था। <br><br>अभी असाइन करें?"]}},{"$i":"tcl-assign","$v":"असाइन करें"},{"$i":"select","$v":"चुनिए"},{"$i":"deselect","$v":"चयन हटाएं"},{"$i":"view-all","$v":"सभी देखें"},{"$i":"search-results","$v":"खोज परिणाम"},{"$i":"no-recent-numbers","$v":"डायल करने के लिए कॉल लॉग्स में हाल ही का कोई नंबर नहीं है"},{"$i":"wifi-calling","$v":"WiFi कॉलिंग"},{"$i":"dialer-prompt","$v":"नंबर डायल करें या कॉल में जोड़ने के लिए संपर्क चुनें"},{"$i":"hours","$v":"घंटे"},{"$i":"minutes","$v":"मिनट"},{"$i":"seconds","$v":"सेकेंड"},{"$i":"voiceMail","$v":"वॉयसमेल"},{"$i":"weekday-0-long","$v":"रविवार"},{"$i":"weekday-1-long","$v":"सोमवार"},{"$i":"weekday-2-long","$v":"मंगलवार"},{"$i":"weekday-3-long","$v":"बुधवार"},{"$i":"weekday-4-long","$v":"गुरुवार"},{"$i":"weekday-5-long","$v":"शुक्रवार"},{"$i":"weekday-6-long","$v":"शनिवार"},{"$i":"weekday-0-short","$v":"रवि"},{"$i":"weekday-1-short","$v":"सोम"},{"$i":"weekday-2-short","$v":"मंगल"},{"$i":"weekday-3-short","$v":"बुध"},{"$i":"weekday-4-short","$v":"गुरु"},{"$i":"weekday-5-short","$v":"शुक्र"},{"$i":"weekday-6-short","$v":"शनि"},{"$i":"month-0-long","$v":"जनवरी"},{"$i":"month-1-long","$v":"फरवरी"},{"$i":"month-2-long","$v":"मार्च"},{"$i":"month-3-long","$v":"अप्रैल"},{"$i":"month-4-long","$v":"मई"},{"$i":"month-5-long","$v":"जून"},{"$i":"month-6-long","$v":"जुलाई"},{"$i":"month-7-long","$v":"अगस्त"},{"$i":"month-8-long","$v":"सितंबर"},{"$i":"month-9-long","$v":"अक्टूबर"},{"$i":"month-10-long","$v":"नवंबर"},{"$i":"month-11-long","$v":"दिसंबर"},{"$i":"month-0-genitive","$v":"जनवरी"},{"$i":"month-1-genitive","$v":"फरवरी"},{"$i":"month-2-genitive","$v":"मार्च"},{"$i":"month-3-genitive","$v":"अप्रैल"},{"$i":"month-4-genitive","$v":"मई"},{"$i":"month-5-genitive","$v":"जून"},{"$i":"month-6-genitive","$v":"जुलाई"},{"$i":"month-7-genitive","$v":"अगस्त"},{"$i":"month-8-genitive","$v":"सितंबर"},{"$i":"month-9-genitive","$v":"अक्टूबर"},{"$i":"month-10-genitive","$v":"नवंबर"},{"$i":"month-11-genitive","$v":"दिसंबर"},{"$i":"month-0-short","$v":"जनवरी"},{"$i":"month-1-short","$v":"फरवरी"},{"$i":"month-2-short","$v":"मार्च"},{"$i":"month-3-short","$v":"अप्रैल"},{"$i":"month-4-short","$v":"मई"},{"$i":"month-5-short","$v":"जून"},{"$i":"month-6-short","$v":"जुलाई"},{"$i":"month-7-short","$v":"अगस्त"},{"$i":"month-8-short","$v":"सितंबर"},{"$i":"month-9-short","$v":"अक्टूबर"},{"$i":"month-10-short","$v":"नवंबर"},{"$i":"month-11-short","$v":"दिसंबर"},{"$i":"minutes-ago-long","$v":{"zero":"अभी","one":"एक मिनट पहले","two":[{"t":"idOrVar","v":"value"}," मिनट पहले"],"few":[{"t":"idOrVar","v":"value"}," मिनट पहले"],"many":[{"t":"idOrVar","v":"value"}," मिनट पहले"],"other":[{"t":"idOrVar","v":"value"}," मिनट पहले"]},"$x":[{"t":"idOrVar","v":"plural"},"value"]},{"$i":"hours-ago-long","$v":{"zero":"अभी","one":"एक घंटे पहले","two":[{"t":"idOrVar","v":"value"}," घंटे पहले"],"few":[{"t":"idOrVar","v":"value"}," घंटे पहले"],"many":[{"t":"idOrVar","v":"value"}," घंटे पहले"],"other":[{"t":"idOrVar","v":"value"}," घंटे पहले"]},"$x":[{"t":"idOrVar","v":"plural"},"value"]},{"$i":"days-ago-long","$v":{"zero":"आज","one":"बीता कल","two":[{"t":"idOrVar","v":"value"}," दिनों पहले"],"few":[{"t":"idOrVar","v":"value"}," दिनों पहले"],"many":[{"t":"idOrVar","v":"value"}," दिनों पहले"],"other":[{"t":"idOrVar","v":"value"}," दिनों पहले"]},"$x":[{"t":"idOrVar","v":"plural"},"value"]},{"$i":"weeks-ago-long","$v":{"zero":"इस सप्ताह","one":"पिछले सप्ताह","two":[{"t":"idOrVar","v":"value"}," सप्ताह पहले"],"few":[{"t":"idOrVar","v":"value"}," सप्ताह पहले"],"many":[{"t":"idOrVar","v":"value"}," सप्ताह पहले"],"other":[{"t":"idOrVar","v":"value"}," सप्ताह पहले"]},"$x":[{"t":"idOrVar","v":"plural"},"value"]},{"$i":"months-ago-long","$v":{"zero":"इस महीने","one":"पिछले महीने","two":[{"t":"idOrVar","v":"value"}," महीनों पहले"],"few":[{"t":"idOrVar","v":"value"}," महीनों पहले"],"many":[{"t":"idOrVar","v":"value"}," महीनों पहले"],"other":[{"t":"idOrVar","v":"value"}," महीनों पहले"]},"$x":[{"t":"idOrVar","v":"plural"},"value"]},{"$i":"years-ago-long","$v":{"zero":"इस वर्ष","one":"पिछले वर्ष","two":[{"t":"idOrVar","v":"value"}," वर्ष पहले"],"few":[{"t":"idOrVar","v":"value"}," वर्ष पहले"],"many":[{"t":"idOrVar","v":"value"}," वर्ष पहले"],"other":[{"t":"idOrVar","v":"value"}," वर्ष पहले"]},"$x":[{"t":"idOrVar","v":"plural"},"value"]},{"$i":"minutes-until-long","$v":{"zero":"अभी","one":"एक मिनट में","two":[{"t":"idOrVar","v":"value"}," मिनट में"],"few":[{"t":"idOrVar","v":"value"}," मिनट में"],"many":[{"t":"idOrVar","v":"value"}," मिनट में"],"other":[{"t":"idOrVar","v":"value"}," मिनट में"]},"$x":[{"t":"idOrVar","v":"plural"},"value"]},{"$i":"hours-until-long","$v":{"zero":"अभी","one":"एक घंटे में","two":[{"t":"idOrVar","v":"value"}," घंटों में"],"few":[{"t":"idOrVar","v":"value"}," घंटों में"],"many":[{"t":"idOrVar","v":"value"}," घंटों में"],"other":[{"t":"idOrVar","v":"value"}," घंटों में"]},"$x":[{"t":"idOrVar","v":"plural"},"value"]},{"$i":"days-until-long","$v":{"zero":"आज","one":"कल","two":[{"t":"idOrVar","v":"value"}," दिनों में"],"few":[{"t":"idOrVar","v":"value"}," दिनों में"],"many":[{"t":"idOrVar","v":"value"}," दिनों में"],"other":[{"t":"idOrVar","v":"value"}," दिनों में"]},"$x":[{"t":"idOrVar","v":"plural"},"value"]},{"$i":"weeks-until-long","$v":{"zero":"इस सप्ताह","one":"अगले सप्ताह","two":[{"t":"idOrVar","v":"value"}," सप्ताह में"],"few":[{"t":"idOrVar","v":"value"}," सप्ताह में"],"many":[{"t":"idOrVar","v":"value"}," सप्ताह में"],"other":[{"t":"idOrVar","v":"value"}," सप्ताह में"]},"$x":[{"t":"idOrVar","v":"plural"},"value"]},{"$i":"months-until-long","$v":{"zero":"इस महीने","one":"अगले महीने","two":[{"t":"idOrVar","v":"value"}," महीनो में"],"few":[{"t":"idOrVar","v":"value"}," महीनो में"],"many":[{"t":"idOrVar","v":"value"}," महीनो में"],"other":[{"t":"idOrVar","v":"value"}," महीनो में"]},"$x":[{"t":"idOrVar","v":"plural"},"value"]},{"$i":"years-until-long","$v":{"zero":"इस वर्ष","one":"अगले वर्ष","two":[{"t":"idOrVar","v":"value"}," वर्षों में"],"few":[{"t":"idOrVar","v":"value"}," वर्षों में"],"many":[{"t":"idOrVar","v":"value"}," वर्षों में"],"other":[{"t":"idOrVar","v":"value"}," वर्षों में"]},"$x":[{"t":"idOrVar","v":"plural"},"value"]},{"$i":"minutes-ago-short","$v":{"zero":"अभी","other":[{"t":"idOrVar","v":"value"}," मिनट पहले"]},"$x":[{"t":"idOrVar","v":"plural"},"value"]},{"$i":"hours-ago-short","$v":{"zero":"अभी","other":[{"t":"idOrVar","v":"value"}," घंटे पहले"]},"$x":[{"t":"idOrVar","v":"plural"},"value"]},{"$i":"days-ago-short","$v":{"zero":"आज","other":[{"t":"idOrVar","v":"value"}," दिनों पहले"]},"$x":[{"t":"idOrVar","v":"plural"},"value"]},{"$i":"minutes-until-short","$v":{"zero":"अभी","other":[{"t":"idOrVar","v":"value"},"मिनिट में"]},"$x":[{"t":"idOrVar","v":"plural"},"value"]},{"$i":"hours-until-short","$v":{"zero":"अभी","other":[{"t":"idOrVar","v":"value"},"घंटे में"]},"$x":[{"t":"idOrVar","v":"plural"},"value"]},{"$i":"days-until-short","$v":{"zero":"आज","other":[{"t":"idOrVar","v":"value"},"दिन में"]},"$x":[{"t":"idOrVar","v":"plural"},"value"]},{"$i":"incorrectDate","$v":"(गलत दिनांक)"},{"$i":"dateTimeFormat_%c","$v":"%a %b %e %Y %I:%M:%S %p"},{"$i":"dateTimeFormat_%x","$v":"%m/%d/%Y"},{"$i":"dateTimeFormat_%X","$v":"%I:%M:%S %p"},{"$i":"shortTimeFormat","$v":"%I:%M %p"},{"$i":"shortTimeFormat12","$v":"%I:%M %p"},{"$i":"shortTimeFormat24","$v":"%H:%M"},{"$i":"shortDateTimeFormat","$v":"%x %I:%M %p"},{"$i":"weekStartsOnMonday","$v":"0"},{"$i":"firstDayOfTheWeek","$v":"0"},{"$i":"time_am","$v":"AM"},{"$i":"time_pm","$v":"PM"},{"$i":"label","$v":"लेबल"},{"$i":"mobile","$v":"मोबाइल"},{"$i":"home","$v":"होम"},{"$i":"work","$v":"वर्क"},{"$i":"personal","$v":"व्यक्तिगत"},{"$i":"faxHome","$v":"Fax होम"},{"$i":"faxOffice","$v":"Fax ऑफिस"},{"$i":"faxOther","$v":"अन्य Fax"},{"$i":"another","$v":"अन्य"},{"$i":"other","$v":"अन्य"},{"$i":"tcl-customTag","$v":"कस्टम टैग"},{"$i":"customTag","$v":"कस्टम टैग","placeholder":"कस्टम टैग"},{"$i":"current","$v":"वर्तमान में"},{"$i":"itemWithLabel","$v":[{"t":"idOrVar","v":"label"},", ",{"t":"idOrVar","v":"item"}]},{"$i":"airplaneMode","$v":"एयरप्लेन मोड"},{"$i":"searching","$v":"खोजा जा रहा हैं …"},{"$i":"noNetwork","$v":"नेटवर्क नहीं हैं"},{"$i":"roaming","$v":[{"t":"idOrVar","v":"operator"}," (रोमिंग)"]},{"$i":"operator-info","$v":[{"t":"idOrVar","v":"carrier"}," ",{"t":"idOrVar","v":"region"}]},{"$i":"emergencyCallsOnly","$v":"केवल आपातकालीन कॉल"},{"$i":"emergencyCallsOnly-unknownSIMState","$v":"(अज्ञात सिम स्थिति)"},{"$i":"emergencyCallsOnly-noSIM","$v":"(कोई सिम नहीं)"},{"$i":"emergencyCallsOnly-pinRequired","$v":"(सिम पिन आवश्यक हैं )"},{"$i":"emergencyCallsOnly-pukRequired","$v":"(सिम PUK आवश्यक हैं )"},{"$i":"emergencyCallsOnly-networkLocked","$v":"(नेटवर्क लॉक हैं)"},{"$i":"emergencyCallsOnly-serviceProviderLocked","$v":"(सेवा प्रदाता लॉक हैं)"},{"$i":"emergencyCallsOnly-corporateLocked","$v":"(कॉरपोरेट लॉक हैं)"},{"$i":"emergencyCallsOnly-network1Locked","$v":"(नेटवर्क1 लॉक हैं)"},{"$i":"emergencyCallsOnly-network2Locked","$v":"(नेटवर्क2 लॉक हैं)"},{"$i":"emergencyCallsOnly-hrpdNetworkLocked","$v":"(hrpd नेटवर्क लॉक हैं)"},{"$i":"emergencyCallsOnly-ruimCorporateLocked","$v":"(ruim कॉरपोरेट लॉक हैं)"},{"$i":"emergencyCallsOnly-ruimServiceProviderLocked","$v":"(ruim सेवा प्रदाता लॉक हैं)"},{"$i":"lockscreen-sim-id","$v":["सिम ",{"t":"idOrVar","v":"n"}]},{"$i":"charging-no-time","$v":[{"t":"idOrVar","v":"level"},"% चार्ज हैं"]},{"$i":"charging-minutes","$v":{"zero":[{"t":"idOrVar","v":"level"},"% चार्ज हैं (",{"t":"idOrVar","v":"minutes"}," मिनट में पूरी तरह से चार्ज हो जाएगा)"],"one":[{"t":"idOrVar","v":"level"},"% चार्ज हैं (",{"t":"idOrVar","v":"minutes"}," मिनट में पूरी तरह से चार्ज हो जाएगा)"],"two":[{"t":"idOrVar","v":"level"},"% चार्ज हैं (",{"t":"idOrVar","v":"minutes"}," मिनट में पूरी तरह से चार्ज हो जाएगा)"],"few":[{"t":"idOrVar","v":"level"},"% चार्ज हैं (",{"t":"idOrVar","v":"minutes"}," मिनट में पूरी तरह से चार्ज हो जाएगा)"],"many":[{"t":"idOrVar","v":"level"},"% चार्ज हैं (",{"t":"idOrVar","v":"minutes"}," मिनट में पूरी तरह से चार्ज हो जाएगा)"],"other":[{"t":"idOrVar","v":"level"},"% चार्ज हैं (",{"t":"idOrVar","v":"minutes"}," मिनट में पूरी तरह से चार्ज हो जाएगा)"]},"$x":[{"t":"idOrVar","v":"plural"},"minutes"]},{"$i":"charging-hours","$v":{"zero":[{"t":"idOrVar","v":"level"},"% चार्ज हैं (",{"t":"idOrVar","v":"hours"},"घंटे ",{"t":"idOrVar","v":"minutes"}," मिनट में पूरी तरह से चार्ज हो जाएगा)"],"one":[{"t":"idOrVar","v":"level"},"% चार्ज हैं (",{"t":"idOrVar","v":"hours"},"घंटे ",{"t":"idOrVar","v":"minutes"}," मिनट में पूरी तरह से चार्ज हो जाएगा)"],"two":[{"t":"idOrVar","v":"level"},"% चार्ज हैं (",{"t":"idOrVar","v":"hours"},"घंटे ",{"t":"idOrVar","v":"minutes"}," मिनट में पूरी तरह से चार्ज हो जाएगा)"],"few":[{"t":"idOrVar","v":"level"},"% चार्ज हैं (",{"t":"idOrVar","v":"hours"},"घंटे ",{"t":"idOrVar","v":"minutes"}," मिनट में पूरी तरह से चार्ज हो जाएगा)"],"many":[{"t":"idOrVar","v":"level"},"% चार्ज हैं (",{"t":"idOrVar","v":"hours"},"घंटे ",{"t":"idOrVar","v":"minutes"}," मिनट में पूरी तरह से चार्ज हो जाएगा)"],"other":[{"t":"idOrVar","v":"level"},"% चार्ज हैं (",{"t":"idOrVar","v":"hours"},"घंटे ",{"t":"idOrVar","v":"minutes"}," मिनट में पूरी तरह से चार्ज हो जाएगा)"]},"$x":[{"t":"idOrVar","v":"plural"},"minutes"]},{"$i":"phoneNumberInput","ariaLabel":"फ़ोन नंबर"},{"$i":"keypadDelete","ariaLabel":"हटाएँ"},{"$i":"voiceMailKey","ariaLabel":"वॉयसमेल"},{"$i":"asterisk","ariaLabel":"एस्ट्रिक चिह्न"},{"$i":"hashSign","ariaLabel":"हैश चिह्न"},{"$i":"loadingSimContacts","$v":"सिम कार्ड संपर्क लोड हो रहे हैं..."},{"$i":"noContactsWereFound","$v":"कोई संपर्क नहीं मिले"},{"$i":"noContactsFoundDialogOk","$v":"ठीक हैं"},{"$i":"emergencyNumber","$v":"आपातकालीन नंबर"},{"$i":"callAirplaneModeMessage","$v":"कॉल करने के लिए आपको सेटिंगस में जाकर एयरप्लेन मोड को अक्षम करना होगा।"},{"$i":"callAirplaneModeBtnOk","$v":"ठीक हैं"},{"$i":"callAirplaneModeTitle","$v":"एयरप्लेन मोड सक्रिय किया गया"},{"$i":"numberIsBusyTitle","$v":"नंबर व्यस्त हैं"},{"$i":"numberIsBusyMessage","$v":"नंबर वर्तमान में व्यस्त हैं। कृपया पुनः प्रयास करें।"},{"$i":"fdnIsActiveTitle","$v":"FDN सक्रिय हैं"},{"$i":"fdnIsActiveMessage","$v":["FDN (फिक्स्ड डायलिंग नंबर) सक्रिय हैं और निम्न नंबर आपकी FDN लिस्ट में नहीं हैं: ",{"t":"idOrVar","v":"number"}]},{"$i":"emergencyDialogBodyBadNumber","$v":"कॉल करने के लिए, फ़ोन को किसी नेटवर्क से कनेक्ट करना चाहिए।"},{"$i":"emergencyDialogBodyDeviceNotAccepted","$v":"नेटवर्क द्वारा आपातकालीन कॉल की अनुमति नहीं हैं।"},{"$i":"emergencyDialogBtnOk","$v":"ठीक हैं"},{"$i":"emergencyDialogTitle","$v":"कोई नेटवर्क कनेक्शन नहीं हैं"},{"$i":"invalidNumberToDialTitle","$v":"अमान्य फ़ोन नंबर"},{"$i":"invalidNumberToDialMessage","$v":"आप जिस फ़ोन नंबर पर कॉल कर रहे हैं, वह मान्य नहीं हैं।"},{"$i":"unableToCallTitle","$v":"अभी फ़ोन कॉल करने में असमर्थ"},{"$i":"unableToCallMessage","$v":"कॉल नहीं की जा सकती। अगर आप पहले से डायल कर रहे हैं, तो कृपया पहले उसे रोक दें।"},{"$i":"otherConnectionInUseTitle","$v":"अन्य कनेक्शन उपयोग में हैं"},{"$i":"otherConnectionInUseMessage","$v":"आपके पास किसी अन्य कनेक्शन पर एक सक्रिय कॉल हैं। आप एक समय में केवल एक कनेक्शन का उपयोग कर सकते हैं।"},{"$i":"clear","$v":"साफ़ करें"},{"$i":"dialer","$v":"डायलर"},{"$i":"tcl-incomming-call","$v":"इनकमिंग कॉल"},{"$i":"tcl-in-call","$v":"कॉल में"},{"$i":"tcl-answer","$v":"उत्तर दें"},{"$i":"tcl-end-answer","$v":"समाप्ति और उत्तर दें"},{"$i":"tcl-decline","$v":"अस्वीकार"},{"$i":"tcl-mute","$v":"म्यूट करें"},{"$i":"tcl-unmute","$v":"अनम्यूट करें"},{"$i":"tcl-speaker","$v":"स्पीकर"},{"$i":"tcl-speaker-off","$v":"स्पीकर ऑफ"},{"$i":"tcl-microphone-mute-notification","$v":"माइक्रोफ़ोन म्यूट किया गया"},{"$i":"tcl-microphone-active-notification","$v":"माइक्रोफ़ोन सक्रिय हैं"},{"$i":"tcl-speaker-off-notification","$v":"बाहरी स्पीकर ऑफ किया गया"},{"$i":"tcl-speaker-on-notification","$v":"बाहरी स्पीकर ऑन किया गया"},{"$i":"tcl-hold-and-answer","$v":"होल्ड पर रखें और उत्तर दें"},{"$i":"tcl-ignore-call","$v":"इनकमिंग कॉल को अनदेखा करें"},{"$i":"tcl-add-to-call","$v":"कॉल जोड़ें"},{"$i":"tcl-switch-to-second-line","$v":"कॉल स्वैप करें"},{"$i":"tcl-merge-calls","$v":"कॉल मर्ज करें"},{"$i":"btnOk","$v":"ठीक हैं"},{"$i":"losing-wifi-msg","$v":"wifi खो रहे हैं"},{"$i":"hd","$v":"HD"},{"$i":"manage-call","$v":"कॉल प्रबंधित करें"},{"$i":"end","$v":"कॉल बंद करें"},{"$i":"private","$v":"निजी"},{"$i":"sound","$v":"ध्वनि"},{"$i":"bluetooth-device","$v":"ब्लूटूथ डिवाइस"},{"$i":"handset-earpiece","$v":"हैंडसेट"},{"$i":"call-ended","$v":"कॉल समाप्त हुआ"},{"$i":"payphone","$v":"पेफ़ोन"},{"$i":"contact","$v":"संपर्क"},{"$i":"volume","$v":"वॉल्यूम"},{"$i":"softkey-options","$v":"विकल्प"},{"$i":"resume-call","$v":"कॉल फिर से शुरू करें"},{"$i":"switch-to-device-toast","$v":"ब्लूटूथ डिवाइस पर स्विच किया गया"},{"$i":"switch-to-handset-toast","$v":"हैंडसेट ईयरपीस डिवाइस पर स्विच किया गया"},{"$i":"switch-to-speaker-toast","$v":"स्पीकर पर स्विच किया गया"},{"$i":"emergency-call","$v":"एक आपातकालीन कॉल है"},{"$i":"link","$v":"लिंक:"},{"$i":"call-left-conference-toast","$v":[{"t":"idOrVar","v":"number"}," ने कॉल छोड़ दिया हैं"]}]