[{"$i":"tcl-calllog-entry-removed-succ-notification","$v":"ಕಾಲ್ ಲಾಗ್ ಎಂಟ್ರಿ ತೆಗೆಯಲಾಗಿದೆ"},{"$i":"tcl-calllog-entry-removed-err-notification","$v":"ಕಾಲ್ ಲಾಗ್ ನಮೂದನ್ನು ತೆಗೆದುಹಾಕಲು ಸಾಧ್ಯವಿಲ್ಲ"},{"$i":"addNewNumber","$v":"ಹೊಸ ಸಂಖ್ಯೆಯನ್ನು ಸೇರಿಸಿ"},{"$i":"contactDetails","$v":"ಸಂಪರ್ಕ ವಿವರಗಳು"},{"$i":"addToExistingContact","$v":"ಅಸ್ತಿತ್ವದಲ್ಲಿರುವ ಸಂಪರ್ಕಕ್ಕೆ ಸೇರಿಸಿ"},{"$i":"all","$v":"ಎಲ್ಲಾ","ariaLabel":"ಎಲ್ಲಾ"},{"$i":"bluetoothOption","$v":""},{"$i":"callLog","$v":"ಕಾಲ್ ಲಾಗ್"},{"$i":"callLogEdit","title":"ಕಾಲ್ ಲಾಗ್ ಅನ್ನು ಸಂಪಾದಿಸಿ"},{"$i":"tcl-option-menu-call-log-edit","$v":"ಕಾಲ್ ಲಾಗ್ ಅನ್ನು ಸಂಪಾದಿಸಿ"},{"$i":"callLogEditDialog","ariaLabel":"ಕಾಲ್ ಲಾಗ್ ಡೈಲಾಗ್ ಸಂಪಾದಿಸಿ"},{"$i":"tcl-call-log-delete-group-notification","$v":[{"t":"idOrVar","v":"n"}," ನಮೂದುಗಳನ್ನು ಅಳಿಸಲಾಗಿದೆ"]},{"$i":"connecting","$v":"ಕಾಲಿಂಗ್"},{"$i":"connectingEllipsis","$v":"ಕನೆಕ್ಟ್ ಆಗುತ್ತಿದೆ"},{"$i":"call-forwarding-async","$v":["ಅಸಿಂಕ್ರೋನಸ್ ",{"t":"idOrVar","v":"async"}]},{"$i":"call-forwarding-data","$v":["ಡೇಟಾ: ",{"t":"idOrVar","v":"data"}]},{"$i":"call-forwarding-error","$v":"ಕಾಲ್ ಫಾರ್ವರ್ಡಿಂಗ್ ಸ್ಥಿತಿಯನ್ನು ಮರಳಿ ಪಡೆಯುವಾಗ ಒಂದು ದೋಷ ಉಂಟಾಗಿದೆ."},{"$i":"call-forwarding-fax","$v":["FAX: ",{"t":"idOrVar","v":"fax"}]},{"$i":"call-forwarding-inactive","$v":"ನಿಷ್ಕ್ರಿಯ"},{"$i":"call-forwarding-packet","$v":["ಪ್ಯಾಕೆಟ್: ",{"t":"idOrVar","v":"packet"}]},{"$i":"call-forwarding-pad","$v":["PAD: ",{"t":"idOrVar","v":"pad"}]},{"$i":"call-forwarding-sms","$v":["SMS: ",{"t":"idOrVar","v":"sms"}]},{"$i":"call-forwarding-status","$v":"ಕಾಲ್ ಫಾರ್ವರ್ಡಿಂಗ್ ಸ್ಥಿತಿ"},{"$i":"call-forwarding-sync","$v":["ಸಿಂಕ್ರೊನಸ್; ",{"t":"idOrVar","v":"sync"}]},{"$i":"call-forwarding-voice","$v":["ವಾಯ್ಸ್‌: ",{"t":"idOrVar","v":"voice"}]},{"$i":"close","$v":"ಮುಚ್ಚಿರಿ"},{"$i":"confirm-deletion","$v":"ಆಯ್ದ ಕರೆಗಳನ್ನು ಕ್ಲಿಯರ್ ಮಾಡುವುದೇ?"},{"$i":"contacts","ariaLabel":"ಸಂಪರ್ಕಗಳು"},{"$i":"createNewContact","$v":"ಹೊಸ ಸಂಪರ್ಕವನ್ನು ರಚಿಸಿ"},{"$i":"delete","$v":"ಅಳಿಸಿ"},{"$i":"calllog-deselectAll","$v":"ಎಲ್ಲ ಆಯ್ಕೆ ತೆಗೆಯಿರಿ"},{"$i":"dialerAddContact","$v":""},{"$i":"dialerAddContactDialog","ariaLabel":"ಸಂಪರ್ಕ ಡೈಲಾಗ್ ಸೇರಿಸಿ"},{"$i":"callInformation","$v":"ಕಾಲ್ ಮಾಹಿತಿ"},{"$i":"edit-selected","$v":{"one":["ಆಯ್ಕೆ ಮಾಡಲಾಗಿದೆ(",{"t":"idOrVar","v":"n"},")"],"two":["ಆಯ್ಕೆ ಮಾಡಲಾಗಿದೆ(",{"t":"idOrVar","v":"n"},")"],"few":["ಆಯ್ಕೆ ಮಾಡಲಾಗಿದೆ(",{"t":"idOrVar","v":"n"},")"],"many":["ಆಯ್ಕೆ ಮಾಡಲಾಗಿದೆ(",{"t":"idOrVar","v":"n"},")"],"other":["ಆಯ್ಕೆ ಮಾಡಲಾಗಿದೆ(",{"t":"idOrVar","v":"n"},")"]},"$x":[{"t":"idOrVar","v":"plural"},"n"]},{"$i":"tcl-edit-not-selected","$v":"ಆಯ್ಕೆ ಮಾಡಲಾಗಿದೆ (0)"},{"$i":"edit","$v":"ಸಂಪಾದಿಸಿ"},{"$i":"hideKeypad","ariaLabel":"ಕೀಪ್ಯಾಡ್ ಅಡಗಿಸಿ"},{"$i":"ignore","$v":""},{"$i":"incoming","$v":"ಒಳಬರುವ"},{"$i":"keypad","ariaLabel":"ಕೀಪ್ಯಾಡ್"},{"$i":"makeCall","$v":""},{"$i":"merge","$v":""},{"$i":"info-missed","$v":"ಮಿಸ್ಡ್"},{"$i":"missed","$v":"ಮಿಸ್ಡ್","ariaLabel":"ಮಿಸ್ಡ್"},{"$i":"dialed","$v":"ಡಯಲ್ ಮಾಡಲಾಗಿದ"},{"$i":"received","$v":"ಸ್ವೀಕರಿಸಿದೆ"},{"$i":"canceled","$v":"ರದ್ದುಗೊಳಿಸಲಾಗಿದೆ"},{"$i":"missedCall","$v":"ಮಿಸ್ಡ್ ಕಾಲ್"},{"$i":"missedCallMultiSims","$v":["(ಸಿಮ್ ",{"t":"idOrVar","v":"n"},") ಮಿಸ್ಡ್ ಕಾಲ್"]},{"$i":"mmi-error","$v":"ಸಂದೇಶ ಕಳಿಸುವಾಗ ದೋಷ ಸಂಭವಿಸಿದೆ."},{"$i":"mmi-session-expired","$v":"ಅವಧಿ ಮೀರಿದೆ"},{"$i":"mmi-successfully-sent","$v":"ಸಂದೇಶವನ್ನು ಯಶಸ್ವಿಯಾಗಿ ಕಳುಹಿಸಲಾಗಿದೆ"},{"$i":"mmi-notification-title-with-sim","$v":["(",{"t":"idOrVar","v":"sim"},") ",{"t":"idOrVar","v":"title"}]},{"$i":"mute","$v":""},{"$i":"newCall","$v":""},{"$i":"no-logs-msg-1","$v":"ಯಾವುದೇ ಕರೆಗಳನ್ನು ರೆಕಾರ್ಡ್ ಮಾಡಲಾಗಿಲ್ಲ"},{"$i":"no-logs-msg-2","$v":"ಸಂವಹನ ನಡೆಸಲು ಈಗಲೇ ಆರಂಭಿಸಿ"},{"$i":"no-logs-msg-3","$v":"ಯಾವುದೇ ಕರೆಗಳನ್ನು ರೆಕಾರ್ಡ್ ಮಾಡಲಾಗಿಲ್ಲ"},{"$i":"no-logs-msg-4","$v":"ಸಂವಹನ ನಡೆಸಲು ಈಗಲೇ ಆರಂಭಿಸಿ"},{"$i":"onHoldOption","$v":""},{"$i":"outgoing","$v":"ಔಟ್‌ಗೋಯಿಂಗ್"},{"$i":"recents","ariaLabel":"ಇತ್ತೀಚಿನ ಕರೆಗಳು"},{"$i":"reply","$v":"ಪ್ರತ್ಯುತ್ತರ ನೀಡು"},{"$i":"calllog-selectAll","$v":"ಎಲ್ಲ ಆಯ್ಕೆ ಮಾಡಿ"},{"$i":"send","$v":"ಕಳುಹಿಸಿ"},{"$i":"switch-calls","$v":"ಕರೆಗಳನ್ನು ಬದಲಿಸಿ"},{"$i":"today","$v":"ಇಂದು"},{"$i":"withheld-number","$v":"ಅಪರಿಚಿತ"},{"$i":"from-contact","$v":["ಇಂದ ",{"t":"idOrVar","v":"contact"}]},{"$i":"from-number","$v":["ಇಂದ ",{"t":"idOrVar","v":"number"}]},{"$i":"from-withheld-number","$v":"ಅಜ್ಞಾತ ಸಂಖ್ಯೆಯಿಂದ"},{"$i":"yesterday","$v":"ನಿನ್ನೆ"},{"$i":"sending","$v":"ಕಳುಹಿಸಲಾಗುತ್ತಿದೆ..."},{"$i":"speakerOption","$v":""},{"$i":"ussd-services","$v":[{"t":"idOrVar","v":"operator"}," ಸೇವೆಗಳು"]},{"$i":"toggleKeypad","$v":""},{"$i":"type-your-response","placeholder":"ನಿಮ್ಮ ಪ್ರತಿಕ್ರಿಯೆಗಳನ್ನು ಟೈಪ್ ಮಾಡಿ..."},{"$i":"clear-all-text","$v":"ಎಲ್ಲಾ ಪಠ್ಯವನ್ನು ಕ್ಲಿಯರ್ ಮಾಡಿ"},{"$i":"hide","$v":"ಮರೆಮಾಡು"},{"$i":"call","$v":"ಕಾಲ್ ಮಾಡಿ"},{"$i":"hold","$v":"ಹೋಲ್ಡ್"},{"$i":"resume","$v":"ಮುಂದುವರಿಸಿ","ariaLabel":"ಮುಂದುವರಿಸಿ"},{"$i":"sendSms","$v":"ಸಂದೇಶ ಕಳುಹಿಸಿ"},{"$i":"callEnded","$v":"ಕಾಲ್ ಮುಕ್ತಾಯಗೊಂಡಿದೆ"},{"$i":"via-sim","$v":["ಸಿಮ್ ",{"t":"idOrVar","v":"n"}," ಮೂಲಕ"]},{"$i":"sim-number","$v":["ಸಿಮ್",{"t":"idOrVar","v":"n"}]},{"$i":"unknown","$v":"ಅಪರಿಚಿತ"},{"$i":"cancel","$v":"ರದ್ದು ಮಾಡಿ"},{"$i":"hangup-a11y-button","$v":""},{"$i":"pickup-a11y-button","$v":""},{"$i":"unlock-a11y-button","ariaLabel":"ಸ್ಲೈಡರ್"},{"$i":"settings","$v":"ಸೆಟ್ಟಿಂಗ್ಸ್"},{"$i":"tcl-delete-log","$v":"ಕರೆ ಪಟ್ಟಿಯಿಂದ ಆಯ್ದ ನಮೂದುಗಳನ್ನು ಅಳಿಸಬೇಕೆನ್ನುವ ಬಗ್ಗೆ ನಿಮಗೆ ಖಾತ್ರಿ ಇದೆಯೇ?"},{"$i":"delete-n-log?","$v":{"zero":"ಯಾವುದನ್ನೂ ಆಯ್ಕೆ ಮಾಡಿಲ್ಲ","one":"ಆಯ್ಕೆಮಾಡಿದ ಲಾಗ್ ಅನ್ನು ಅಳಿಸುವುದೇ?","two":[{"t":"idOrVar","v":"n"}," ಲಾಗ್‌ಗಳನ್ನು ಅಳಿಸುವುದೇ?"],"few":[{"t":"idOrVar","v":"n"}," ಲಾಗ್‌ಗಳನ್ನು ಅಳಿಸುವುದೇ?"],"many":[{"t":"idOrVar","v":"n"}," ಲಾಗ್‌ಗಳನ್ನು ಅಳಿಸುವುದೇ?"],"other":[{"t":"idOrVar","v":"n"}," ಲಾಗ್‌ಗಳನ್ನು ಅಳಿಸುವುದೇ?"]},"$x":[{"t":"idOrVar","v":"plural"},"n"]},{"$i":"composeEmail","ariaLabel":"ಇಮೇಲ್"},{"$i":"emailDetail","ariaLabel":"ಇಮೇಲ್"},{"$i":"phoneDetail","ariaLabel":"ಫೋನ್"},{"$i":"send-sms-button","ariaLabel":"SMS"},{"$i":"separator","$v":","},{"$i":"callDurationMinutes","$v":[{"t":"idOrVar","v":"m"},":",{"t":"idOrVar","v":"s"}]},{"$i":"callDurationHours","$v":[{"t":"idOrVar","v":"h"},":",{"t":"idOrVar","v":"m"},":",{"t":"idOrVar","v":"s"}]},{"$i":"callDurationTextFormatSeconds","$v":[{"t":"idOrVar","v":"s"}," ಸೆಕೆಂಡುಗಳು"]},{"$i":"callDurationTextFormatMinutes","$v":[{"t":"idOrVar","v":"m"}," ನಿಮಿಷಗಳು ",{"t":"idOrVar","v":"s"}," ಸೆಕೆಂಡುಗಳು"]},{"$i":"callDurationTextFormatHours","$v":[{"t":"idOrVar","v":"h"}," ಗಂಟೆಗಳು ",{"t":"idOrVar","v":"m"}," ನಿಮಿಷಗಳು ",{"t":"idOrVar","v":"s"}," ಸೆಕೆಂಡುಗಳು"]},{"$i":"suggestionMatches","$v":{"one":[{"t":"idOrVar","v":"n"}," \"",{"t":"idOrVar","v":"matchNumber"},"\" ಗೆ ಹೊಂದುತ್ತದೆ"],"two":[{"t":"idOrVar","v":"n"}," \"",{"t":"idOrVar","v":"matchNumber"},"\" ಗೆ ಹೊಂದುತ್ತವೆ"],"few":[{"t":"idOrVar","v":"n"}," \"",{"t":"idOrVar","v":"matchNumber"},"\" ಗೆ ಹೊಂದುತ್ತವೆ"],"many":[{"t":"idOrVar","v":"n"}," \"",{"t":"idOrVar","v":"matchNumber"},"\" ಗೆ ಹೊಂದುತ್ತವೆ"],"other":[{"t":"idOrVar","v":"n"}," \"",{"t":"idOrVar","v":"matchNumber"},"\" ಗೆ ಹೊಂದುತ್ತವೆ"]},"$x":[{"t":"idOrVar","v":"plural"},"n"]},{"$i":"scCallBarring","$v":"ಕಾಲ್ ಬಾರಿಂಗ್"},{"$i":"scCallForwarding","$v":"ಕಾಲ್ ಫಾರ್ವರ್ಡಿಂಗ್"},{"$i":"scClip","$v":"ಒಳಬರುವ ಕರೆಮಾಡುವವರ ID"},{"$i":"scClir","$v":"ಔಟ್‌ಗೋಯಿಂಗ್ ಕಾಲರ್ ID"},{"$i":"scPwd","$v":"ಪಾಸ್‌ವರ್ಡ್ ಬದಲಾವಣೆ"},{"$i":"scCallWaiting","$v":"ಕಾಲ್ ನಿರೀಕ್ಷೆಯಲ್ಲಿದೆ"},{"$i":"scPin","$v":"ಪಿನ್ ಬದಲಾವಣೆ"},{"$i":"scPin2","$v":"ಪಿನ್2 ಬದಲಾವಣೆ"},{"$i":"scPuk","$v":"ಪಿನ್ ಅನ್‌ಬ್ಲಾಕ್ ಮಾಡಿ"},{"$i":"scPuk2","$v":"ಪಿನ್‌2 ಅನ್‌ಬ್ಲಾಕ್ ಮಾಡಿ"},{"$i":"scImei","$v":"IMEI"},{"$i":"scMeid","$v":"MEID"},{"$i":"scUssd","$v":"USSD"},{"$i":"serviceClassVoice","$v":"ಧ್ವನಿ"},{"$i":"serviceClassData","$v":"ಡೇಟಾ"},{"$i":"serviceClassFax","$v":"FAX"},{"$i":"serviceClassSms","$v":"SMS"},{"$i":"serviceClassDataSync","$v":"ಸಿಂಕ್ ಮಾಡಿ"},{"$i":"serviceClassDataAsync","$v":"ಅಸಿಂಕ್"},{"$i":"serviceClassPacket","$v":"ಪ್ಯಾಕೆಟ್"},{"$i":"serviceClassPad","$v":"PAD"},{"$i":"smServiceEnabled","$v":"ಸರ್ವೀಸ್ ಸಕ್ರಿಯಗೊಂಡಿತ್ತು"},{"$i":"smServiceDisabled","$v":"ಸೇವೆ ನಿಷ್ಕ್ರಿಯಳಿಸಲಾಗುತ್ತಿದೆ"},{"$i":"smServiceRegistered","$v":"ನೋಂದಣಿ ಯಶಸ್ವಿಯಾಗಿದೆ"},{"$i":"smServiceErased","$v":"ಅಳಿಸುವಿಕೆ ಯಶಸ್ವಿಯಾಗಿದೆ"},{"$i":"smServiceInterrogated","$v":"ಮನವಿ ಯಶಸ್ವಿಯಾಗಿದೆ"},{"$i":"smServiceNotProvisioned","$v":"ಸೇವೆ ಒದಗಿಸಿಲ್ಲ"},{"$i":"smClirPermanent","$v":"ನೀವು ಕಾಲರ್ ID ಸೆಟ್ಟಿಂಗ್‌ ಅನ್ನು ಬದಲಿಸಲಾಗದು"},{"$i":"smClirDefaultOnNextCallOn","$v":"ಕಾಲರ್‌ ID ಡೀಫಾಲ್ಟ್‌ ಆಗಿ ನಿರ್ಬಂಧಿಸಲ್ಪಟ್ಟಿದೆ. ಮುಂದಿನ ಕರೆ: ನಿರ್ಬಂಧಿಸಲ್ಪಟ್ಟಿದೆ"},{"$i":"smClirDefaultOnNextCallOff","$v":"ಕಾಲರ್‌ ID ಡೀಫಾಲ್ಟ್‌ ಆಗಿ ನಿರ್ಬಂಧಿಸಲ್ಪಟ್ಟಿದೆ. ಮುಂದಿನ ಕರೆ: ನಿರ್ಬಂಧಿಸಿಲ್ಲ"},{"$i":"smClirDefaultOffNextCallOn","$v":"ಕಾಲರ್‌ ID ಡೀಫಾಲ್ಟ್‌ ಆಗಿ ನಿರ್ಬಂಧಿಸಲ್ಪಟ್ಟಿಲ್ಲ. ಮುಂದಿನ ಕರೆ: ನಿರ್ಬಂಧಿಸಲ್ಪಟ್ಟಿದೆ"},{"$i":"smClirDefaultOffNextCallOff","$v":"ಕಾಲರ್‌ ID ಡೀಫಾಲ್ಟ್‌ ಆಗಿ ನಿರ್ಬಂಧಿಸಲ್ಪಟ್ಟಿಲ್ಲ. ಮುಂದಿನ ಕರೆ: ನಿರ್ಬಂಧಿಸಿಲ್ಲ"},{"$i":"smServiceEnabledFor","$v":"ಸೇವೆಯನ್ನು ಇವುಗಳಿಗಾಗಿ ಸಕ್ರಿಯಗೊಳಿಸಲಾಗಿದೆ:"},{"$i":"smPinChanged","$v":"ಪಿನ್‌ ಯಶಸ್ವಿಯಾಗಿ ಬದಲಾಗಿದೆ"},{"$i":"smPinUnblocked","$v":"ಪಿನ್ ಯಶಸ್ವಿಯಾಗಿ ಅನ್‌ಬ್ಲಾಕ್ ಆಗಿದೆ"},{"$i":"smPin2Changed","$v":"ಪಿನ್‌2 ಬದಲಾವಣೆ ಯಶಸ್ವಿಯಾಗಿದೆ"},{"$i":"smPin2Unblocked","$v":"ಪಿನ್‌2 ಯಶಸ್ವಿಯಾಗಿ ಅನ್‌ಬ್ಲಾಕ್ ಆಗಿದೆ"},{"$i":"ServiceIsEnabled","$v":"ಸೇವೆ ಸಕ್ರಿಯಗೊಂಡಿದೆ"},{"$i":"ServiceIsDisabled","$v":"ಸೇವೆ ನಿಷ್ಕ್ರಿಯಗೊಂಡಿದೆ"},{"$i":"ServiceIsEnabledFor","$v":"ಸರ್ವೀಸ್ ಇದಕ್ಕಾಗಿ ಸಕ್ರಿಯಗೊಂಡಿದೆ:"},{"$i":"emMmiError","$v":"ಕನೆಕ್ಷನ್ ಸಮಸ್ಯೆ ಅಥವಾ ಅಮಾನ್ಯ MMI ಕೋಡ್"},{"$i":"emMmiErrorPasswordIncorrect","$v":"ತಪ್ಪಾದ ಪಾಸ್‌ವರ್ಡ್‌"},{"$i":"emMmiErrorNotSupported","$v":"ಅಮಾನ್ಯ ಅಥವಾ ಬೆಂಬಲಿಸಿರದ MMI ಕೋಡ್"},{"$i":"emMmiErrorInvalidAction","$v":"ಅಮಾನ್ಯ ಕ್ರಮ"},{"$i":"emMmiErrorInvalidScCode","$v":"ಅಮಾನ್ಯ ಸೇವಾ ಕೋಡ್"},{"$i":"emMmiErrorBadPuk","$v":"ನೀವು ಟೈಪ್ ಮಾಡಿದ PUK ತಪ್ಪಾಗಿದೆ"},{"$i":"emMmiErrorBadPin","$v":"ನೀವು ಟೈಪ್ ಮಾಡಿದ ಪಿನ್ ತಪ್ಪಾಗಿದೆ."},{"$i":"emMmiErrorNeedPuk2","$v":"ಸಿಮ್ ಕಾರ್ಡ್‌ ಅನ್‌ಬ್ಲಾಕ್ ಮಾಡಲು PUK2 ಟೈಪ್ ಮಾಡಿ"},{"$i":"emMmiErrorMismatchPin","$v":"ನೀವು ಟೈಪ್ ಮಾಡಿದ ಪಿನ್‌ಗಳು ಹೊಂದುತ್ತಿಲ್ಲ"},{"$i":"emMmiErrorInvalidPin","$v":"4 ರಿಂದ 8 ಸಂಖ್ಯೆಗಳ ಪಿನ್ ಟೈಪ್ ಮಾಡಿ"},{"$i":"emMmiErrorNeedsPuk","$v":"ನಿಮ್ಮ ಸಿಮ್ ಕಾರ್ಡ್‌ PUK-ಲಾಕ್ ಆಗಿದೆ"},{"$i":"emMmiErrorEnablePin","$v":"ಯಶಸ್ವಿಯಾಗಿಲ್ಲ. SIM/RUIM ಲಾಕ್ ಸಕ್ರಿಯಗೊಳಿಸಿ"},{"$i":"emMmiErrorMmiFdn","$v":"ಫಿಕ್ಸೆಡ್ ಡಯಲಿಂಗ್ ಸಂಖ್ಯೆಗಳಿಗೆ ಮಾತ್ರ ಕಾರ್ಯನಿರ್ವಹಣೆ ಸೀಮಿತವಾಗಿದೆ"},{"$i":"emMmiErrorStkCcUssdDial","$v":"USSD ವಿನಂತಿಯನ್ನು DIAL ವಿನಂತಿಗೆ ಮಾರ್ಪಡಿಸಲಾಗಿದೆ."},{"$i":"emMmiErrorStkCcUssdSs","$v":"USSD ವಿನಂತಿಯನ್ನು SS ವಿನಂತಿಗೆ ಮಾರ್ಪಡಿಸಲಾಗಿದೆ."},{"$i":"emMmiErrorStkCcUssdUssd","$v":"USSD ವಿನಂತಿಯನ್ನು ಹೊಸ USSD ವಿನಂತಿಗೆ ಮಾರ್ಪಡಿಸಲಾಗಿದೆ."},{"$i":"emMmiErrorStkCcSsDial","$v":"SS ಮನವಿಯನ್ನು ಡಯಲ್ ಮನವಿಗೆ ತಿದ್ದುಪಡಿ ಮಾಡಲಾಗಿದೆ"},{"$i":"emMmiErrorStkCcSsUssd","$v":"SS ವಿನಂತಿಯನ್ನು USSD ವಿನಂತಿಗೆ ಮಾರ್ಪಡಿಸಲಾಗಿದೆ."},{"$i":"emMmiErrorStkCcSsSs","$v":"SS ಮನವಿಯನ್ನು ಹೊಸ ಎಸ್‌ಎಸ್‌ ಮನವಿಗೆ ತಿದ್ದುಪಡಿ ಮಾಡಲಾಗಿದೆ"},{"$i":"emMmiErrorPinPukAttempts","$v":{"one":["ಕೇವಲ ",{"t":"idOrVar","v":"n"}," ಮರುಪ್ರಯತ್ನ ಬಾಕಿ ಇದೆ"],"two":[{"t":"idOrVar","v":"n"}," ಮರುಪ್ರಯತ್ನಗಳು ಬಾಕಿ ಇವೆ"],"few":[{"t":"idOrVar","v":"n"}," ಮರುಪ್ರಯತ್ನಗಳು ಬಾಕಿ ಇವೆ"],"many":[{"t":"idOrVar","v":"n"}," ಮರುಪ್ರಯತ್ನಗಳು ಬಾಕಿ ಇವೆ"],"other":[{"t":"idOrVar","v":"n"}," ಮರುಪ್ರಯತ್ನಗಳು ಬಾಕಿ ಇವೆ"]},"$x":[{"t":"idOrVar","v":"plural"},"n"]},{"$i":"emMmiErrorSimBlocked","$v":"ಮರುಪ್ರಯತ್ನಗಳ ಗರಿಷ್ಠ ಸಂಖ್ಯೆ ತಲುಪಿದೆ. ಸಿಮ್ ತಡೆಗಟ್ಟಲಾಗಿದೆ"},{"$i":"RadioNotAvailable","$v":"ರೇಡಿಯೋ ಲಭ್ಯವಿಲ್ಲ"},{"$i":"GenericFailure","$v":"ಸಾಮಾನ್ಯ ವೈಫಲ್ಯ."},{"$i":"PasswordIncorrect","$v":"ಪಾಸ್‌ಕೋಡ್‌ ತಪ್ಪಾಗಿದೆ"},{"$i":"SimPin2","$v":"ಸಿಮ್‌ ಪಿನ್‌2"},{"$i":"SimPuk2","$v":"ಸಿಮ್ PUK2"},{"$i":"RequestNotSupported","$v":"ಮನವಿ ಬೆಂಬಿಸಲಾಗಿಲ್ಲ"},{"$i":"OpNotAllowedDuringVoiceCall","$v":"ಧ್ವನಿ ಕರೆಯಲ್ಲಿ ಕಾರ್ಯನಿರ್ವಹಣೆ ಅನುಮೋದಿಸಲ್ಪಟ್ಟಿಲ್ಲ"},{"$i":"SmsSendFailRetry","$v":"SMS ಕಳುಹಿಸುವಿಕೆ ವಿಫಲವಾಗಿದೆ ಮರುಪ್ರಯತ್ನಿಸಿ"},{"$i":"SimAbsent","$v":"ಸಿಮ್ ಇಲ್ಲ"},{"$i":"SubscriptionNotAvailable","$v":"ಚಂದಾದಾರಿಕೆ ಲಭ್ಯವಿಲ್ಲ"},{"$i":"ModeNotSupported","$v":"ಮೋಡ್ ಬೆಂಬಲಿತವಾಗಿಲ್ಲ"},{"$i":"FdnCheckFailure","$v":"FDN ಪರೀಕ್ಷೆಯ ವೈಫಲ್ಯ"},{"$i":"IllegalSimOrMe","$v":"ಕಾನೂನುಬಾಹಿರ ಸಿಮ್ ಅಥವಾ ME"},{"$i":"DialModifiedToUssd","$v":"ಡಯಲ್ ಅನ್ನು USSD‌ಗೆ ಬದಲಿಸಲಾಗಿದೆ"},{"$i":"DialModifiedToSs","$v":"ಡಯಲ್ ಅನ್ನು SSಗೆ ಬದಲಿಸಲಾಗಿದೆ"},{"$i":"DialModifiedToDial","$v":"ಡಯಲ್ ಅನ್ನು ಡಯಲ್‌ಗೆ ಬದಲಿಸಲಾಗಿದೆ"},{"$i":"UssdModifiedToDial","$v":"USSD ಅನ್ನು DIALಗೆ ತಿದ್ದುಪಡಿ ಮಾಡಲಾಗಿದೆ"},{"$i":"UssdModifiedToSs","$v":"USSD ಅನ್ನು SS‌ಗೆ ತಿದ್ದುಪಡಿ ಮಾಡಲಾಗಿದೆ"},{"$i":"UssdModifiedToUssd","$v":"USSD ಅನ್ನು USSD‌ಗೆ ತಿದ್ದುಪಡಿ ಮಾಡಲಾಗಿದೆ"},{"$i":"SsModifiedToDial","$v":"SS ಅನ್ನು ಡಯಲ್‌ಗೆ ತಿದ್ದುಪಡಿ ಮಾಡಲಾಗಿದೆ"},{"$i":"SsModifiedToUssd","$v":"SS ಅನ್ನು USSD‌ಗೆ ತಿದ್ದುಪಡಿ ಮಾಡಲಾಗಿದೆ"},{"$i":"SsModifiedToSs","$v":"SS ಅನ್ನು SSಗೆ ತಿದ್ದುಪಡಿ ಮಾಡಲಾಗಿದೆ"},{"$i":"SubscriptionNotSupported","$v":"ಚಂದಾದಾರಿಕೆ ಬೆಂಬಲಿಸಲ್ಪಟ್ಟಿಲ್ಲ"},{"$i":"InvalidParameter","$v":"ಅಮಾನ್ಯ ಪ್ಯಾರಾಮೀಟರ್"},{"$i":"RejectedByRemote","$v":"ರಿಮೋಟ್‌ನಿಂದ ತಿರಸ್ಕರಿಸಲಾಗಿದೆ"},{"$i":"conferenceCall","$v":["ಕಾನ್‌ಫರೆನ್ಸ್ (",{"t":"idOrVar","v":"n"},")"]},{"$i":"caller-left-call","$v":[{"t":"idOrVar","v":"caller"}," ಕರೆಯನ್ನು ತೊರೆದಿದ್ದಾರೆ."]},{"$i":"conferenceAddError","$v":"ಕರೆಗಳನ್ನು ಜೋಡಿಸಲು ಅಸಾಧ್ಯ"},{"$i":"conferenceRemoveError","$v":"ಕರೆಗಳ ಜೋಡಿ ಪ್ರತ್ಯೇಕಿಸಲು ಅಸಾಧ್ಯ"},{"$i":"longDateFormat","$v":"%A, %b %e"},{"$i":"select-audio-sources","$v":"ಆಡಿಯೋ ಮೂಲಗಳನ್ನು ಆಯ್ಕೆ ಮಾಡಿ"},{"$i":"bluetooth-handsfree-device","$v":"ಬ್ಲೂಟೂತ್ ಹ್ಯಾಂಡ್ಸ್ ಫ್ರೀ ಡಿವೈಸ್"},{"$i":"receiver","$v":"ಸ್ವೀಕರಿಸುವವರು"},{"$i":"speaker","$v":"ಸ್ಪೀಕರ್"},{"$i":"tcl-cancel","$v":"ರದ್ದು ಮಾಡಿ"},{"$i":"tcl-dialer","$v":"ಡಯಲರ್"},{"$i":"tcl-confirmation","$v":"ದೃಢೀಕರಣ"},{"$i":"log-item","$v":"ಆಯ್ಕೆಗಳು"},{"$i":"tcl-assign-speed-dial","$v":{"$o":["ಸಂಪರ್ಕವನ್ನು ಬಟನ್‌ನಲ್ಲಿ ಸ್ಪೀಡ್ ಡಯಲ್ ಆಗಿ ಸೇರಿಸಲಾಗಿಲ್ಲ \"",{"t":"idOrVar","v":"speedDial"},"\".<br><br>ಇದೀಗ ನಿಯೋಜಿಸುವುದೇ?"]}},{"$i":"tcl-assign","$v":"ನಿಯೋಜಿಸಿ"},{"$i":"select","$v":"ಆಯ್ಕೆ ಮಾಡಿ"},{"$i":"deselect","$v":"ಆಯ್ಕೆ ತೆಗೆದುಹಾಕಿ"},{"$i":"view-all","$v":"ಎಲ್ಲವನ್ನೂ ವೀಕ್ಷಿಸಿ"},{"$i":"search-results","$v":"ಹುಡುಕಾಟ ಫಲಿತಾಂಶಗಳು"},{"$i":"no-recent-numbers","$v":"ಡಯಲ್ ಮಾಡಲು ಕಾಲ್ ಲಾಗ್‌ ನಲ್ಲಿ ಇತ್ತೀಚಿನ ಸಂಖ್ಯೆಗಳಿಲ್ಲ."},{"$i":"wifi-calling","$v":"WiFi ಕಾಲಿಂಗ್"},{"$i":"dialer-prompt","$v":"ಸಂಖ್ಯೆ ಡಯಲ್ ಮಾಡಿ ಅಥವಾ ಕರೆ ಮಾಡಲು ಸಂಪರ್ಕವನ್ನು ಆರಿಸಿ"},{"$i":"hours","$v":"ಗಂಟೆಗಳು"},{"$i":"minutes","$v":"ನಿಮಿಷಗಳು"},{"$i":"seconds","$v":"ಸೆಕೆಂಡುಗಳು"},{"$i":"voiceMail","$v":"ಧ್ವನಿಮೇಲ್"},{"$i":"weekday-0-long","$v":"ಭಾನುವಾರ"},{"$i":"weekday-1-long","$v":"ಸೋಮವಾರ"},{"$i":"weekday-2-long","$v":"ಮಂಗಳವಾರ"},{"$i":"weekday-3-long","$v":"ಬುಧವಾರ"},{"$i":"weekday-4-long","$v":"ಗುರುವಾರ"},{"$i":"weekday-5-long","$v":"ಶುಕ್ರವಾರ"},{"$i":"weekday-6-long","$v":"ಶನಿವಾರ"},{"$i":"weekday-0-short","$v":"ಭಾನು"},{"$i":"weekday-1-short","$v":"ಸೋಮ"},{"$i":"weekday-2-short","$v":"ಮಂಗಳ"},{"$i":"weekday-3-short","$v":"ಬುಧ"},{"$i":"weekday-4-short","$v":"ಗುರು"},{"$i":"weekday-5-short","$v":"ಶುಕ್ರ"},{"$i":"weekday-6-short","$v":"ಶನಿವಾರ"},{"$i":"month-0-long","$v":"ಜನವರಿ"},{"$i":"month-1-long","$v":"ಫೆಬ್ರವರಿ"},{"$i":"month-2-long","$v":"ಮಾರ್ಚ್"},{"$i":"month-3-long","$v":"ಏಪ್ರಿಲ್"},{"$i":"month-4-long","$v":"ಮೇ"},{"$i":"month-5-long","$v":"ಜೂನ್"},{"$i":"month-6-long","$v":"ಜುಲೈ"},{"$i":"month-7-long","$v":"ಆಗಸ್ಟ್"},{"$i":"month-8-long","$v":"ಸಪ್ಟೆಂಬರ್"},{"$i":"month-9-long","$v":"ಅಕ್ಟೋಬರ್"},{"$i":"month-10-long","$v":"ನವೆಂಬರ್"},{"$i":"month-11-long","$v":"ಡಿಸೆಂಬರ್"},{"$i":"month-0-genitive","$v":"ಜನವರಿ"},{"$i":"month-1-genitive","$v":"ಫೆಬ್ರವರಿ"},{"$i":"month-2-genitive","$v":"ಮಾರ್ಚ್"},{"$i":"month-3-genitive","$v":"ಏಪ್ರಿಲ್"},{"$i":"month-4-genitive","$v":"ಮೇ"},{"$i":"month-5-genitive","$v":"ಜೂನ್"},{"$i":"month-6-genitive","$v":"ಜುಲೈ"},{"$i":"month-7-genitive","$v":"ಆಗಸ್ಟ್"},{"$i":"month-8-genitive","$v":"ಸಪ್ಟೆಂಬರ್"},{"$i":"month-9-genitive","$v":"ಅಕ್ಟೋಬರ್"},{"$i":"month-10-genitive","$v":"ನವೆಂಬರ್"},{"$i":"month-11-genitive","$v":"ಡಿಸೆಂಬರ್"},{"$i":"month-0-short","$v":"ಜನವರಿ"},{"$i":"month-1-short","$v":"ಫೆಬ್ರವರಿ"},{"$i":"month-2-short","$v":"ಮಾರ್ಚ್"},{"$i":"month-3-short","$v":"ಏಪ್ರಿಲ್"},{"$i":"month-4-short","$v":"ಮೇ"},{"$i":"month-5-short","$v":"ಜೂನ್"},{"$i":"month-6-short","$v":"ಜುಲೈ"},{"$i":"month-7-short","$v":"ಆಗಸ್ಟ್"},{"$i":"month-8-short","$v":"ಸೆಪ್ಟೆಂಬರ್"},{"$i":"month-9-short","$v":"ಅಕ್ಟೋಬರ್"},{"$i":"month-10-short","$v":"ನವೆಂಬರ್"},{"$i":"month-11-short","$v":"ಡಿಸೆಂಬರ್"},{"$i":"minutes-ago-long","$v":{"zero":"ಈಗಷ್ಟೇ","one":"ಒಂದು ನಿಮಿಷದ ಹಿಂದೆ","two":[{"t":"idOrVar","v":"value"}," ನಿಮಿಷಗಳ ಹಿಂದೆ"],"few":[{"t":"idOrVar","v":"value"}," ನಿಮಿಷಗಳ ಹಿಂದೆ"],"many":[{"t":"idOrVar","v":"value"}," ನಿಮಿಷಗಳ ಹಿಂದೆ"],"other":[{"t":"idOrVar","v":"value"}," ನಿಮಿಷಗಳ ಹಿಂದೆ"]},"$x":[{"t":"idOrVar","v":"plural"},"value"]},{"$i":"hours-ago-long","$v":{"zero":"ಈಗಷ್ಟೇ","one":"ಒಂದು ಗಂಟೆ ಹಿಂದೆ","two":[{"t":"idOrVar","v":"value"}," ಗಂಟೆಗಳ ಹಿಂದೆ"],"few":[{"t":"idOrVar","v":"value"}," ಗಂಟೆಗಳ ಹಿಂದೆ"],"many":[{"t":"idOrVar","v":"value"}," ಗಂಟೆಗಳ ಹಿಂದೆ"],"other":[{"t":"idOrVar","v":"value"}," ಗಂಟೆಗಳ ಹಿಂದೆ"]},"$x":[{"t":"idOrVar","v":"plural"},"value"]},{"$i":"days-ago-long","$v":{"zero":"ಇಂದು","one":"ನಿನ್ನೆ","two":[{"t":"idOrVar","v":"value"}," ದಿನಗಳ ಹಿಂದೆ"],"few":[{"t":"idOrVar","v":"value"}," ದಿನಗಳ ಹಿಂದೆ"],"many":[{"t":"idOrVar","v":"value"}," ದಿನಗಳ ಹಿಂದೆ"],"other":[{"t":"idOrVar","v":"value"}," ದಿನಗಳ ಹಿಂದೆ"]},"$x":[{"t":"idOrVar","v":"plural"},"value"]},{"$i":"weeks-ago-long","$v":{"zero":"ಈ ವಾರ","one":"ಕಳೆದ ವಾರ","two":[{"t":"idOrVar","v":"value"}," ವಾರಗಳ ಹಿಂದೆ"],"few":[{"t":"idOrVar","v":"value"}," ವಾರಗಳ ಹಿಂದೆ"],"many":[{"t":"idOrVar","v":"value"}," ವಾರಗಳ ಹಿಂದೆ"],"other":[{"t":"idOrVar","v":"value"}," ವಾರಗಳ ಹಿಂದೆ"]},"$x":[{"t":"idOrVar","v":"plural"},"value"]},{"$i":"months-ago-long","$v":{"zero":"ಈ ತಿಂಗಳು","one":"ಕಳೆದ ತಿಂಗಳು","two":[{"t":"idOrVar","v":"value"}," ತಿಂಗಳುಗಳ ಹಿಂದೆ"],"few":[{"t":"idOrVar","v":"value"}," ತಿಂಗಳುಗಳ ಹಿಂದೆ"],"many":[{"t":"idOrVar","v":"value"}," ತಿಂಗಳುಗಳ ಹಿಂದೆ"],"other":[{"t":"idOrVar","v":"value"}," ತಿಂಗಳುಗಳ ಹಿಂದೆ"]},"$x":[{"t":"idOrVar","v":"plural"},"value"]},{"$i":"years-ago-long","$v":{"zero":"ಈ ವರ್ಷ","one":"ಕಳೆದ ವರ್ಷ","two":[{"t":"idOrVar","v":"Value"}," ವರ್ಷಗಳ ಹಿಂದೆ"],"few":[{"t":"idOrVar","v":"Value"}," ವರ್ಷಗಳ ಹಿಂದೆ"],"many":[{"t":"idOrVar","v":"Value"}," ವರ್ಷಗಳ ಹಿಂದೆ"],"other":[{"t":"idOrVar","v":"Value"}," ವರ್ಷಗಳ ಹಿಂದೆ"]},"$x":[{"t":"idOrVar","v":"plural"},"value"]},{"$i":"minutes-until-long","$v":{"zero":"ಇದೀಗ","one":"ಒಂದು ನಿಮಿಷದಲ್ಲಿ","two":[{"t":"idOrVar","v":"value"}," ನಿಮಿಷಗಳಲ್ಲಿ"],"few":[{"t":"idOrVar","v":"value"}," ನಿಮಿಷಗಳಲ್ಲಿ"],"many":[{"t":"idOrVar","v":"value"}," ನಿಮಿಷಗಳಲ್ಲಿ"],"other":[{"t":"idOrVar","v":"value"}," ನಿಮಿಷಗಳಲ್ಲಿ"]},"$x":[{"t":"idOrVar","v":"plural"},"value"]},{"$i":"hours-until-long","$v":{"zero":"ಇದೀಗ","one":"ಒಂದು ಗಂಟೆಯಲ್ಲಿ","two":[{"t":"idOrVar","v":"value"}," ಗಂಟೆಗಳಲ್ಲಿ"],"few":[{"t":"idOrVar","v":"value"}," ಗಂಟೆಗಳಲ್ಲಿ"],"many":[{"t":"idOrVar","v":"value"}," ಗಂಟೆಗಳಲ್ಲಿ"],"other":[{"t":"idOrVar","v":"value"}," ಗಂಟೆಗಳಲ್ಲಿ"]},"$x":[{"t":"idOrVar","v":"plural"},"value"]},{"$i":"days-until-long","$v":{"zero":"ಇಂದು","one":"ನಾಳೆ","two":[{"t":"idOrVar","v":"value"}," ದಿನಗಳಲ್ಲಿ"],"few":[{"t":"idOrVar","v":"value"}," ದಿನಗಳಲ್ಲಿ"],"many":[{"t":"idOrVar","v":"value"}," ದಿನಗಳಲ್ಲಿ"],"other":[{"t":"idOrVar","v":"value"}," ದಿನಗಳಲ್ಲಿ"]},"$x":[{"t":"idOrVar","v":"plural"},"value"]},{"$i":"weeks-until-long","$v":{"zero":"ಈ ವಾರ","one":"ಮುಂದಿನ ವಾರ","two":[{"t":"idOrVar","v":"value"}," ವಾರಗಳಲ್ಲಿ"],"few":[{"t":"idOrVar","v":"value"}," ವಾರಗಳಲ್ಲಿ"],"many":[{"t":"idOrVar","v":"value"}," ವಾರಗಳಲ್ಲಿ"],"other":[{"t":"idOrVar","v":"value"}," ವಾರಗಳಲ್ಲಿ"]},"$x":[{"t":"idOrVar","v":"plural"},"value"]},{"$i":"months-until-long","$v":{"zero":"ಈ ತಿಂಗಳು","one":"ಮುಂದಿನ ತಿಂಗಳು","two":[{"t":"idOrVar","v":"value"}," ತಿಂಗಳುಗಳಲ್ಲಿ"],"few":[{"t":"idOrVar","v":"value"}," ತಿಂಗಳುಗಳಲ್ಲಿ"],"many":[{"t":"idOrVar","v":"value"}," ತಿಂಗಳುಗಳಲ್ಲಿ"],"other":[{"t":"idOrVar","v":"value"}," ತಿಂಗಳುಗಳಲ್ಲಿ"]},"$x":[{"t":"idOrVar","v":"plural"},"value"]},{"$i":"years-until-long","$v":{"zero":"ಈ ವರ್ಷ","one":"ಮುಂದಿನ ವರ್ಷ","two":[{"t":"idOrVar","v":"value"}," ವರ್ಷಗಳಲ್ಲಿ"],"few":[{"t":"idOrVar","v":"value"}," ವರ್ಷಗಳಲ್ಲಿ"],"many":[{"t":"idOrVar","v":"value"}," ವರ್ಷಗಳಲ್ಲಿ"],"other":[{"t":"idOrVar","v":"value"}," ವರ್ಷಗಳಲ್ಲಿ"]},"$x":[{"t":"idOrVar","v":"plural"},"value"]},{"$i":"minutes-ago-short","$v":{"zero":"ಈಗಷ್ಟೇ","other":[{"t":"idOrVar","v":"value"},"ನಿಮಿಷಗಳ ಹಿಂದೆ"]},"$x":[{"t":"idOrVar","v":"plural"},"value"]},{"$i":"hours-ago-short","$v":{"zero":"ಈಗಷ್ಟೇ","other":[{"t":"idOrVar","v":"value"},"ಗಂಟೆಗಳ ಹಿಂದೆ"]},"$x":[{"t":"idOrVar","v":"plural"},"value"]},{"$i":"days-ago-short","$v":{"zero":"ಇಂದು","other":[{"t":"idOrVar","v":"value"},"ದಿನದ ಹಿಂದೆ"]},"$x":[{"t":"idOrVar","v":"plural"},"value"]},{"$i":"minutes-until-short","$v":{"zero":"ಇದೀಗ","other":[{"t":"idOrVar","v":"value"},"ನಿಮಿಷಗಳಲ್ಲಿ"]},"$x":[{"t":"idOrVar","v":"plural"},"value"]},{"$i":"hours-until-short","$v":{"zero":"ಇದೀಗ","other":[{"t":"idOrVar","v":"value"},"ಗಂಟೆಗಳಲ್ಲಿ"]},"$x":[{"t":"idOrVar","v":"plural"},"value"]},{"$i":"days-until-short","$v":{"zero":"ಇಂದು","other":[{"t":"idOrVar","v":"value"},"ದಿನದಲ್ಲಿ"]},"$x":[{"t":"idOrVar","v":"plural"},"value"]},{"$i":"incorrectDate","$v":"(ತಪ್ಪಾದ ದಿನಾಂಕ)"},{"$i":"dateTimeFormat_%c","$v":"%a %b %e %Y %I:%M:%S %p"},{"$i":"dateTimeFormat_%x","$v":"%m/%d/%Y"},{"$i":"dateTimeFormat_%X","$v":"%I:%M:%S %p"},{"$i":"shortTimeFormat","$v":"%I:%M %p"},{"$i":"shortTimeFormat12","$v":"%I:%M %p"},{"$i":"shortTimeFormat24","$v":"%H:%M"},{"$i":"shortDateTimeFormat","$v":"%x %I:%M %p"},{"$i":"weekStartsOnMonday","$v":"0"},{"$i":"firstDayOfTheWeek","$v":"0"},{"$i":"time_am","$v":"AM"},{"$i":"time_pm","$v":"PM"},{"$i":"label","$v":"ಲೇಬಲ್"},{"$i":"mobile","$v":"ಮೊಬೈಲ್"},{"$i":"home","$v":"ಹೋಮ್"},{"$i":"work","$v":"ವರ್ಕ್"},{"$i":"personal","$v":"ವೈಯಕ್ತಿಕ"},{"$i":"faxHome","$v":"ಫ್ಯಾಕ್ಸ್ ಹೋಂ"},{"$i":"faxOffice","$v":"ಫ್ಯಾಕ್ಸ್ ಆಫೀಸ್"},{"$i":"faxOther","$v":"ಫ್ಯಾಕ್ಸ್ ಇತರೆ"},{"$i":"another","$v":"ಇನ್ನೊಂದು"},{"$i":"other","$v":"ಇತರೆ"},{"$i":"tcl-customTag","$v":"ಕಸ್ಟಮ್ ಟ್ಯಾಗ್"},{"$i":"customTag","$v":"ಕಸ್ಟಮ್ ಟ್ಯಾಗ್","placeholder":"ಕಸ್ಟಮ್ ಟ್ಯಾಗ್"},{"$i":"current","$v":"ಪ್ರಸ್ತುತದಲ್ಲಿ"},{"$i":"itemWithLabel","$v":[{"t":"idOrVar","v":"label"},", ",{"t":"idOrVar","v":"item"}]},{"$i":"airplaneMode","$v":"ಏರ್‌ಪ್ಲೇನ್ ಮೋಡ್"},{"$i":"searching","$v":"ಹುಡುಕಲಾಗುತ್ತಿದೆ…"},{"$i":"noNetwork","$v":"ಯಾವುದೇ ನೆಟ್‌ವರ್ಕ್‌ ಇಲ್ಲ"},{"$i":"roaming","$v":[{"t":"idOrVar","v":"operator"}," (ರೋಮಿಂಗ್)"]},{"$i":"operator-info","$v":[{"t":"idOrVar","v":"carrier"}," ",{"t":"idOrVar","v":"region"}]},{"$i":"emergencyCallsOnly","$v":"ತುರ್ತು ಕರೆಗಳು ಮಾತ್ರ"},{"$i":"emergencyCallsOnly-unknownSIMState","$v":"(ತಿಳಿದಿರದ ಸಿಮ್ ಸ್ಥಿತಿ)"},{"$i":"emergencyCallsOnly-noSIM","$v":"(ಸಿಮ್ ಇಲ್ಲ)"},{"$i":"emergencyCallsOnly-pinRequired","$v":"(ಸಿಮ್ ಪಿನ್ ಬೇಕಾಗಿದೆ)"},{"$i":"emergencyCallsOnly-pukRequired","$v":"(ಸಿಮ್ PUK ಬೇಕಾಗಿದೆ)"},{"$i":"emergencyCallsOnly-networkLocked","$v":"(ನೆಟ್‌ವರ್ಕ್‌ ಲಾಕ್ ಆಗಿದೆ)"},{"$i":"emergencyCallsOnly-serviceProviderLocked","$v":"(ಸೇವಾ ಪೂರೈಕೆದಾರರು ಲಾಕ್ ಆಗಿದೆ)"},{"$i":"emergencyCallsOnly-corporateLocked","$v":"(ಕಾರ್ಪೊರೇಟ್ ಲಾಕ್ ಆಗಿದೆ)"},{"$i":"emergencyCallsOnly-network1Locked","$v":"(ನೆಟ್‌ವರ್ಕ್‌1 ಲಾಕ್ ಆಗಿದೆ)"},{"$i":"emergencyCallsOnly-network2Locked","$v":"(ನೆಟ್‌ವರ್ಕ್‌2 ಲಾಕ್ ಆಗಿದೆ)"},{"$i":"emergencyCallsOnly-hrpdNetworkLocked","$v":"(hrpd ನೆಟ್‌ವರ್ಕ್‌ ಲಾಕ್ ಆಗಿದೆ)"},{"$i":"emergencyCallsOnly-ruimCorporateLocked","$v":"(ruim ಕಾರ್ಪೊರೇಟ್ ಲಾಕ್ ಆಗಿದೆ)"},{"$i":"emergencyCallsOnly-ruimServiceProviderLocked","$v":"(ruim ಸೇವಾ ಪೂರೈಕೆದಾರರು ಲಾಕ್ ಆಗಿದೆ)"},{"$i":"lockscreen-sim-id","$v":["ಸಿಮ್ ",{"t":"idOrVar","v":"n"}]},{"$i":"charging-no-time","$v":[{"t":"idOrVar","v":"level"},"% ಚಾರ್ಜ್‌ ಆಗಿದೆ"]},{"$i":"charging-minutes","$v":{"zero":[{"t":"idOrVar","v":"level"},"% ಚಾರ್ಜ್‌ ಆಗಿದೆ (ಸಂಪೂರ್ಣ ಚಾರ್ಜ್‌ ಆಗಲು ",{"t":"idOrVar","v":"minutes"}," ನಿಮಿಷಗಳು ಬಾಕಿ ಇದೆ)"],"one":[{"t":"idOrVar","v":"level"},"% ಚಾರ್ಜ್‌ ಆಗಿದೆ (ಸಂಪೂರ್ಣ ಚಾರ್ಜ್‌ ಆಗಲು ",{"t":"idOrVar","v":"minutes"}," ನಿಮಿಷಗಳು ಬಾಕಿ ಇದೆ)"],"two":[{"t":"idOrVar","v":"level"},"% ಚಾರ್ಜ್‌ ಆಗಿದೆ (ಸಂಪೂರ್ಣ ಚಾರ್ಜ್‌ ಆಗಲು ",{"t":"idOrVar","v":"minutes"}," ನಿಮಿಷಗಳು ಬಾಕಿ ಇದೆ)"],"few":[{"t":"idOrVar","v":"level"},"% ಚಾರ್ಜ್‌ ಆಗಿದೆ (ಸಂಪೂರ್ಣ ಚಾರ್ಜ್‌ ಆಗಲು ",{"t":"idOrVar","v":"minutes"}," ನಿಮಿಷಗಳು ಬಾಕಿ ಇದೆ)"],"many":[{"t":"idOrVar","v":"level"},"% ಚಾರ್ಜ್‌ ಆಗಿದೆ (ಸಂಪೂರ್ಣ ಚಾರ್ಜ್‌ ಆಗಲು ",{"t":"idOrVar","v":"minutes"}," ನಿಮಿಷಗಳು ಬಾಕಿ ಇದೆ)"],"other":[{"t":"idOrVar","v":"level"},"% ಚಾರ್ಜ್‌ ಆಗಿದೆ (ಸಂಪೂರ್ಣ ಚಾರ್ಜ್‌ ಆಗಲು ",{"t":"idOrVar","v":"minutes"}," ನಿಮಿಷಗಳು ಬಾಕಿ ಇದೆ)"]},"$x":[{"t":"idOrVar","v":"plural"},"minutes"]},{"$i":"charging-hours","$v":{"zero":[{"t":"idOrVar","v":"level"},"% ಚಾರ್ಜ್‌ ಆಗಿದೆ (ಸಂಪೂರ್ಣ ಚಾರ್ಜ್‌ ಆಗಲು ",{"t":"idOrVar","v":"hours"},"ಗಂಟೆಗಳು ",{"t":"idOrVar","v":"minutes"}," ನಿಮಿಷಗಳು ಬಾಕಿ ಇದೆ)"],"one":[{"t":"idOrVar","v":"level"},"% ಚಾರ್ಜ್‌ ಆಗಿದೆ (ಸಂಪೂರ್ಣ ಚಾರ್ಜ್‌ ಆಗಲು ",{"t":"idOrVar","v":"hours"},"ಗಂಟೆಗಳು ",{"t":"idOrVar","v":"minutes"}," ನಿಮಿಷಗಳು ಬಾಕಿ ಇದೆ)"],"two":[{"t":"idOrVar","v":"level"},"% ಚಾರ್ಜ್‌ ಆಗಿದೆ (ಸಂಪೂರ್ಣ ಚಾರ್ಜ್‌ ಆಗಲು ",{"t":"idOrVar","v":"hours"},"ಗಂಟೆಗಳು ",{"t":"idOrVar","v":"minutes"}," ನಿಮಿಷಗಳು ಬಾಕಿ ಇದೆ)"],"few":[{"t":"idOrVar","v":"level"},"% ಚಾರ್ಜ್‌ ಆಗಿದೆ (ಸಂಪೂರ್ಣ ಚಾರ್ಜ್‌ ಆಗಲು ",{"t":"idOrVar","v":"hours"},"ಗಂಟೆಗಳು ",{"t":"idOrVar","v":"minutes"}," ನಿಮಿಷಗಳು ಬಾಕಿ ಇದೆ)"],"many":[{"t":"idOrVar","v":"level"},"% ಚಾರ್ಜ್‌ ಆಗಿದೆ (ಸಂಪೂರ್ಣ ಚಾರ್ಜ್‌ ಆಗಲು ",{"t":"idOrVar","v":"hours"},"ಗಂಟೆಗಳು ",{"t":"idOrVar","v":"minutes"}," ನಿಮಿಷಗಳು ಬಾಕಿ ಇದೆ)"],"other":[{"t":"idOrVar","v":"level"},"% ಚಾರ್ಜ್‌ ಆಗಿದೆ (ಸಂಪೂರ್ಣ ಚಾರ್ಜ್‌ ಆಗಲು ",{"t":"idOrVar","v":"hours"},"ಗಂಟೆಗಳು ",{"t":"idOrVar","v":"minutes"}," ನಿಮಿಷಗಳು ಬಾಕಿ ಇದೆ)"]},"$x":[{"t":"idOrVar","v":"plural"},"minutes"]},{"$i":"phoneNumberInput","ariaLabel":"ಫೋನ್ ಸಂಖ್ಯೆ"},{"$i":"keypadDelete","ariaLabel":"ಅಳಿಸಿ"},{"$i":"voiceMailKey","ariaLabel":"ಧ್ವನಿಮೇಲ್"},{"$i":"asterisk","ariaLabel":"ಆಸ್ಟ್ರಿಕ್ ಚಿಹ್ನೆ"},{"$i":"hashSign","ariaLabel":"ಹ್ಯಾಷ್ ಚಿನ್ಹೆ"},{"$i":"loadingSimContacts","$v":"ಸಿಮ್ ಕಾರ್ಡ್ ಸಂಪರ್ಕಗಳನ್ನು ಲೋಡ್ ಮಾಡಲಾಗುತ್ತಿದೆ...."},{"$i":"noContactsWereFound","$v":"ಯಾವುದೇ ಸಂಪರ್ಕಗಳು ಕಂಡುಬಂದಿಲ್ಲ"},{"$i":"noContactsFoundDialogOk","$v":"ಸರಿ"},{"$i":"emergencyNumber","$v":"ತುರ್ತು ಸಂಖ್ಯೆ"},{"$i":"callAirplaneModeMessage","$v":"ಕರೆ ಮಾಡಲು ನೀವು ಸೆಟ್ಟಿಂಗ್‌ಗಳಲ್ಲಿ ಏರ್‌ಪ್ಲೇನ್ ಮೋಡ್ ಅನ್ನು ನಿಷ್ಕ್ರಿಯಗೊಳಿಸಬೇಕು."},{"$i":"callAirplaneModeBtnOk","$v":"ಸರಿ"},{"$i":"callAirplaneModeTitle","$v":"ಏರ್‌‌ಪ್ಲೇನ್ ಮೋಡ್ ಸಕ್ರಿಯಗೊಳಿಸಲಾಗಿದೆ"},{"$i":"numberIsBusyTitle","$v":"ಸಂಖ್ಯೆ ಕಾರ್ಯನಿರತವಾಗಿದೆ"},{"$i":"numberIsBusyMessage","$v":"ಸಂಖ್ಯೆಯು ಪ್ರಸ್ತುತ ಕಾರ್ಯನಿರತವಾಗಿದೆ. ದಯವಿಟ್ಟು ಪುನಃ ಪ್ರಯತ್ನಿಸಿ."},{"$i":"fdnIsActiveTitle","$v":"FDN ಸಕ್ರಿಯವಾಗಿದೆ"},{"$i":"fdnIsActiveMessage","$v":["FDN (ಫಿಕ್ಸಡ್ ಡಯಲಿಂಗ್ ಸಂಖ್ಯೆಗಳು) ಸಕ್ರಿಯಗೊಳಿಸಲಾಗಿದೆ ಹಾಗೂ ಈ ಕೆಳಗಿನ ಸಂಖ್ಯೆ ನಿಮ್ಮ FDN ಪಟ್ಟಿಯಲ್ಲಿಲ್ಲ: ",{"t":"idOrVar","v":"number"}]},{"$i":"emergencyDialogBodyBadNumber","$v":"ಕರೆ ಮಾಡಲು, ಫೋನ್‌ ನೆಟ್‌ವರ್ಕ್‌ಗೆ ಸಂಪರ್ಕಗೊಂಡಿರಬೇಕು."},{"$i":"emergencyDialogBodyDeviceNotAccepted","$v":"ತುರ್ತು ಕರೆಗಳನ್ನು ನೆಟ್‌ವರ್ಕ್‌ ಅನುಮತಿಸಿಲ್ಲ."},{"$i":"emergencyDialogBtnOk","$v":"ಸರಿ"},{"$i":"emergencyDialogTitle","$v":"ಯಾವುದೇ ನೆಟ್‌ವರ್ಕ್ ಸಂಪರ್ಕವಿಲ್ಲ"},{"$i":"invalidNumberToDialTitle","$v":"ಅಮಾನ್ಯ ಫೋನ್ ಸಂಖ್ಯೆ"},{"$i":"invalidNumberToDialMessage","$v":"ನೀವು ಕರೆ ಮಾಡುತ್ತಿರುವ ಫೋನ್‌ ನಂಬರ್ ಮಾನ್ಯವಲ್ಲ."},{"$i":"unableToCallTitle","$v":"ಈಗ ಫೋನ್ ಕರೆ ಮಾಡಲು ಅಸಾಧ್ಯ"},{"$i":"unableToCallMessage","$v":"ಒಂದು ಕರೆಯನ್ನು ಮಾಡಲಾಗದು. ನೀವು ಈಗಾಗಲೇ ಡಯಲ್ ಮಾಡುತ್ತಿದ್ದಲ್ಲಿ, ದಯವಿಟ್ಟು ಮೊದಲು ಕರೆಯನ್ನು ಕೊನೆಗೊಳಿಸಿ."},{"$i":"otherConnectionInUseTitle","$v":"ಇತರ ಸಂಪರ್ಕಗಳು ಬಳಕೆಯಲ್ಲಿವೆ"},{"$i":"otherConnectionInUseMessage","$v":"ಇನ್ನೊಂದು ಸಂಪರ್ಕದಲ್ಲಿ ನೀವು ಸಕ್ರಿಯ ಕರೆ ಹೊಂದಿದ್ದೀರಿ. ಒಂದು ಬಾರಿ ನೀವು ಒಂದು ಸಂಪರ್ಕವನ್ನು ಮಾತ್ರ ಬಳಸಬಹುದು."},{"$i":"clear","$v":"ಕ್ಲಿಯರ್ ಮಾಡಿ"},{"$i":"dialer","$v":"ಡಯಲರ್"},{"$i":"tcl-incomming-call","$v":"ಒಳಬರುವ ಕರೆ"},{"$i":"tcl-in-call","$v":"ಕರೆಯಲ್ಲಿ"},{"$i":"tcl-answer","$v":"ಉತ್ತರಿಸಿ"},{"$i":"tcl-end-answer","$v":"ಕೊನೆ ಹಾಗೂ ಉತ್ತರ ನೀಡಿ"},{"$i":"tcl-decline","$v":"ನಿರಾಕರಿಸಿ"},{"$i":"tcl-mute","$v":"ಮ್ಯೂಟ್ ಮಾಡಿ"},{"$i":"tcl-unmute","$v":"ಅನ್‌ಮ್ಯೂಟ್ ಮಾಡಿ"},{"$i":"tcl-speaker","$v":"ಸ್ಪೀಕರ್"},{"$i":"tcl-speaker-off","$v":"ಸ್ಪೀಕರ್ ಆಫ್‌ ಮಾಡಿ"},{"$i":"tcl-microphone-mute-notification","$v":"ಮೈಕ್ರೋಫೋನ್ ಮ್ಯೂಟ್ ಆಗಿದೆ"},{"$i":"tcl-microphone-active-notification","$v":"ಮೈಕ್ರೋಫೋನ್ ಸಕ್ರಿಯವಾಗಿದೆ"},{"$i":"tcl-speaker-off-notification","$v":"ಹೊರಗಿನ ಸ್ಪೀಕರ್ ಟರ್ನ್ ಆಫ್ ಆಗಿದೆ"},{"$i":"tcl-speaker-on-notification","$v":"ಹೊರಗಿನ ಸ್ಪೀಕರ್ ಟರ್ನ್ ಆನ್ ಆಗಿದೆ"},{"$i":"tcl-hold-and-answer","$v":"ಹೋಲ್ಡ್ ಮಾಡಿ ಮತ್ತು ಉತ್ತರಿಸಿ"},{"$i":"tcl-ignore-call","$v":"ಒಳಬರುವ ಕರೆಯನ್ನು ನಿರ್ಲಕ್ಷಿಸಿ"},{"$i":"tcl-add-to-call","$v":"ಕಾಲ್ ಸೇರಿಸಿ"},{"$i":"tcl-switch-to-second-line","$v":"ಕರೆ ಅನ್ನು ಸ್ವಾಪ್ ಮಾಡಿ"},{"$i":"tcl-merge-calls","$v":"ಕಾಲ್ ಮರ್ಜ್ ಮಾಡಿ"},{"$i":"btnOk","$v":"ಸರಿ"},{"$i":"losing-wifi-msg","$v":"WiFi ಕಳೆಯುತ್ತಿದೆ"},{"$i":"hd","$v":"HD"},{"$i":"manage-call","$v":"ಕಾಲ್ ನಿರ್ವಹಿಸಿ"},{"$i":"end","$v":"ಕರೆ ಅನ್ನು ಅಂತ್ಯಗೊಳಿಸಿ"},{"$i":"private","$v":"ಖಾಸಗಿ"},{"$i":"sound","$v":"ಶಬ್ದ"},{"$i":"bluetooth-device","$v":"ಬ್ಲೂಟೂತ್ ಡಿವೈಸ್"},{"$i":"handset-earpiece","$v":"ಹ್ಯಾಂಡ್‌ಸೆಟ್"},{"$i":"call-ended","$v":"ಕಾಲ್ ಮುಕ್ತಾಯಗೊಂಡಿದೆ"},{"$i":"payphone","$v":"ಪೇಫೋನ್"},{"$i":"contact","$v":"ಸಂಪರ್ಕ"},{"$i":"volume","$v":"ವಾಲ್ಯೂಮ್"},{"$i":"softkey-options","$v":"ಆಯ್ಕೆಗಳು"},{"$i":"resume-call","$v":"ಕರೆಯನ್ನು ಪುನರಾರಂಭಿಸಿ"},{"$i":"switch-to-device-toast","$v":"ಬ್ಲ್ಯೂಟೂತ್ ಡಿವೈಸ್ಕ್ಕೆ ಬದಲಿಸಲಾಗಿದೆ"},{"$i":"switch-to-handset-toast","$v":"ಹ್ಯಾಂಡ್‌ಸೆಟ್ ಇಯರ್‌ಪೀಸ್ ಡಿವೈಸ್ಕ್ಕೆ ಬದಲಿಸಲಾಗಿದೆ"},{"$i":"switch-to-speaker-toast","$v":"ಸ್ಪೀಕರ್‌ಗೆ ಬದಲಿಸಲಾಗಿದೆ"},{"$i":"emergency-call","$v":"ಒಂದು ತುರ್ತು ಕರೆ ಇದೆ."},{"$i":"link","$v":"ಲಿಂಕ್ :"},{"$i":"call-left-conference-toast","$v":[{"t":"idOrVar","v":"number"}," ಕರೆಯನ್ನು ತೊರೆದಿದ್ದಾರೆ"]}]