[{"$i":"tcl-calllog-entry-removed-succ-notification","$v":"कॉल लॉग प्रवेशीका काडली"},{"$i":"tcl-calllog-entry-removed-err-notification","$v":"कॉल लॉग प्रवेश काडूंक शकनात"},{"$i":"addNewNumber","$v":"नवो नंबर जोडचो"},{"$i":"contactDetails","$v":"संपर्क तपशील"},{"$i":"addToExistingContact","$v":"अस्तित्वातलो संपर्क जोडचो"},{"$i":"all","$v":"सगले","ariaLabel":"सगले"},{"$i":"bluetoothOption","$v":""},{"$i":"callLog","$v":"कॉल लॉग"},{"$i":"callLogEdit","title":"कॉल लॉग्ज संपादन करचो"},{"$i":"tcl-option-menu-call-log-edit","$v":"कॉल लॉग्ज संपादन करचो"},{"$i":"callLogEditDialog","ariaLabel":"कॉल लॉग संवाद संपादन करचो"},{"$i":"tcl-call-log-delete-group-notification","$v":[{"t":"idOrVar","v":"n"}," प्रवेशीका वगळायली"]},{"$i":"connecting","$v":"कॉल करता"},{"$i":"connectingEllipsis","$v":"कनॅक्ट करता..."},{"$i":"call-forwarding-async","$v":["असायनक्रोनस: ",{"t":"idOrVar","v":"async"}]},{"$i":"call-forwarding-data","$v":["डेटा: ",{"t":"idOrVar","v":"data"}]},{"$i":"call-forwarding-error","$v":"कॉल फॉर्वर्डिंग स्थितीच्या पुनर्प्राप्ती वेळार चूक उप्रासली"},{"$i":"call-forwarding-fax","$v":["FAX: ",{"t":"idOrVar","v":"fax"}]},{"$i":"call-forwarding-inactive","$v":"निश्क्रीय"},{"$i":"call-forwarding-packet","$v":["पॅकेट: ",{"t":"idOrVar","v":"packet"}]},{"$i":"call-forwarding-pad","$v":["PAD: ",{"t":"idOrVar","v":"pad"}]},{"$i":"call-forwarding-sms","$v":["SMS: ",{"t":"idOrVar","v":"sms"}]},{"$i":"call-forwarding-status","$v":"कॉल फॉर्वर्डिंग स्थिती"},{"$i":"call-forwarding-sync","$v":["सिंक्रोनस: ",{"t":"idOrVar","v":"sync"}]},{"$i":"call-forwarding-voice","$v":["वॉयस: ",{"t":"idOrVar","v":"voice"}]},{"$i":"close","$v":"बंद कर"},{"$i":"confirm-deletion","$v":"वेंचीक कॉलां पुसचीं?"},{"$i":"contacts","ariaLabel":"संपर्क"},{"$i":"createNewContact","$v":"नवो संपर्क निर्माण करचो"},{"$i":"delete","$v":"पुसून उडयात"},{"$i":"calllog-deselectAll","$v":"सगळ्याची वेंचणी रद्द करची"},{"$i":"dialerAddContact","$v":""},{"$i":"dialerAddContactDialog","ariaLabel":"संपर्काचो डायलॉग जोडचो"},{"$i":"callInformation","$v":"कॉलाची म्हायती"},{"$i":"edit-selected","$v":{"one":["वेंचला (",{"t":"idOrVar","v":"n"},")"],"two":["वेंचला (",{"t":"idOrVar","v":"n"},")"],"few":["वेंचला (",{"t":"idOrVar","v":"n"},")"],"many":["वेंचला (",{"t":"idOrVar","v":"n"},")"],"other":["वेंचला (",{"t":"idOrVar","v":"n"},")"]},"$x":[{"t":"idOrVar","v":"plural"},"n"]},{"$i":"tcl-edit-not-selected","$v":"वेंचिक (0)"},{"$i":"edit","$v":"संपादन"},{"$i":"hideKeypad","ariaLabel":"किपॅड लिपोवचें"},{"$i":"ignore","$v":""},{"$i":"incoming","$v":"इनकमिंग"},{"$i":"keypad","ariaLabel":"किपॅड"},{"$i":"makeCall","$v":""},{"$i":"merge","$v":""},{"$i":"info-missed","$v":"चुकलो/लें/ली"},{"$i":"missed","$v":"चुकलो/लें/ली","ariaLabel":"चुकलो/लें/ली"},{"$i":"dialed","$v":"डायल केल्लें"},{"$i":"received","$v":"पावलां"},{"$i":"canceled","$v":"रद्द केल्लें"},{"$i":"missedCall","$v":"मिस कॉल"},{"$i":"missedCallMultiSims","$v":["(सिम ",{"t":"idOrVar","v":"n"},") मिस्ड कॉल"]},{"$i":"mmi-error","$v":"संदेश धाडटना एक चूक उप्रासली"},{"$i":"mmi-session-expired","$v":"सत्र सोंपलां"},{"$i":"mmi-successfully-sent","$v":"संदेश येसस्वीरितीन धाडलो"},{"$i":"mmi-notification-title-with-sim","$v":["(",{"t":"idOrVar","v":"sim"},") ",{"t":"idOrVar","v":"title"}]},{"$i":"mute","$v":""},{"$i":"newCall","$v":""},{"$i":"no-logs-msg-1","$v":"कॉलां रिकॉर्ड केल्ले नात"},{"$i":"no-logs-msg-2","$v":"आतां दळणवळण सुरू करचें"},{"$i":"no-logs-msg-3","$v":"कॉलां रिकॉर्ड केल्ले नात"},{"$i":"no-logs-msg-4","$v":"आतां दळणवळण सुरू करचें"},{"$i":"onHoldOption","$v":""},{"$i":"outgoing","$v":"आवटगोईंग"},{"$i":"recents","ariaLabel":"हालींचीं कॉलां"},{"$i":"reply","$v":"जाप दी"},{"$i":"calllog-selectAll","$v":"सगळें वेंच्चें"},{"$i":"send","$v":"धाड"},{"$i":"switch-calls","$v":"कॉलां कडेन वच्चें"},{"$i":"today","$v":"आयज"},{"$i":"withheld-number","$v":"नकळ"},{"$i":"from-contact","$v":[{"t":"idOrVar","v":"contact"}," कडल्यान"]},{"$i":"from-number","$v":[{"t":"idOrVar","v":"number"}," कडल्यान"]},{"$i":"from-withheld-number","$v":"अज्ञात नंबरातल्यान"},{"$i":"yesterday","$v":"काल"},{"$i":"sending","$v":"धाडटा..."},{"$i":"speakerOption","$v":""},{"$i":"ussd-services","$v":[{"t":"idOrVar","v":"operator"}," सेवा"]},{"$i":"toggleKeypad","$v":""},{"$i":"type-your-response","placeholder":"तुमचो प्रतिसाद टंक करचो..."},{"$i":"clear-all-text","$v":"सगळें लिखीत पुसचें"},{"$i":"hide","$v":"लिपय"},{"$i":"call","$v":"कॉल"},{"$i":"hold","$v":"राव"},{"$i":"resume","$v":"परत सुरू","ariaLabel":"परत सुरू"},{"$i":"sendSms","$v":"संदेश धाडचो"},{"$i":"callEnded","$v":"कॉल समाप्त केलो"},{"$i":"via-sim","$v":["SIM ",{"t":"idOrVar","v":"n"}," वरवीं"]},{"$i":"sim-number","$v":["SIM",{"t":"idOrVar","v":"n"}]},{"$i":"unknown","$v":"नकळ"},{"$i":"cancel","$v":"रद्द करचें"},{"$i":"hangup-a11y-button","$v":""},{"$i":"pickup-a11y-button","$v":""},{"$i":"unlock-a11y-button","ariaLabel":"स्लायडर"},{"$i":"settings","$v":"सेटिंग्स"},{"$i":"tcl-delete-log","$v":"तुमकां कॉल लॉग कडल्यान वेंचीक प्रवेशीका वगळावच्यो आसात हाची तुमकां खात्री आसा?"},{"$i":"delete-n-log?","$v":{"zero":"कांयच वेंचूक ना","one":"वेंचीक लॉग वगळावचो?","two":[{"t":"idOrVar","v":"n"}," लॉगां वगळावचीं?"],"few":[{"t":"idOrVar","v":"n"}," लॉगां वगळावचीं?"],"many":[{"t":"idOrVar","v":"n"}," लॉगां वगळावचीं?"],"other":[{"t":"idOrVar","v":"n"}," लॉगां वगळावचीं?"]},"$x":[{"t":"idOrVar","v":"plural"},"n"]},{"$i":"composeEmail","ariaLabel":"ईमेल"},{"$i":"emailDetail","ariaLabel":"ईमेल"},{"$i":"phoneDetail","ariaLabel":"फोन"},{"$i":"send-sms-button","ariaLabel":"SMS"},{"$i":"separator","$v":","},{"$i":"callDurationMinutes","$v":[{"t":"idOrVar","v":"m"},":",{"t":"idOrVar","v":"s"}]},{"$i":"callDurationHours","$v":[{"t":"idOrVar","v":"h"},":",{"t":"idOrVar","v":"m"},":",{"t":"idOrVar","v":"s"}]},{"$i":"callDurationTextFormatSeconds","$v":[{"t":"idOrVar","v":"s"}," s"]},{"$i":"callDurationTextFormatMinutes","$v":[{"t":"idOrVar","v":"m"}," m ",{"t":"idOrVar","v":"s"}," s"]},{"$i":"callDurationTextFormatHours","$v":[{"t":"idOrVar","v":"h"}," h ",{"t":"idOrVar","v":"m"}," m ",{"t":"idOrVar","v":"s"}," s"]},{"$i":"suggestionMatches","$v":{"one":["\"",{"t":"idOrVar","v":"matchNumber"},"\" खातीर ",{"t":"idOrVar","v":"n"}," जुळण"],"two":["\"",{"t":"idOrVar","v":"matchNumber"},"\" खातीर ",{"t":"idOrVar","v":"n"}," जुळण"],"few":["\"",{"t":"idOrVar","v":"matchNumber"},"\" खातीर ",{"t":"idOrVar","v":"n"}," जुळण"],"many":["\"",{"t":"idOrVar","v":"matchNumber"},"\" खातीर ",{"t":"idOrVar","v":"n"}," जुळण"],"other":["\"",{"t":"idOrVar","v":"matchNumber"},"\" खातीर ",{"t":"idOrVar","v":"n"}," जुळण"]},"$x":[{"t":"idOrVar","v":"plural"},"n"]},{"$i":"scCallBarring","$v":"कॉल आडावणीं"},{"$i":"scCallForwarding","$v":"क़ॉल फॉर्वर्ड केलो"},{"$i":"scClip","$v":"इनकमिंग कॉलर ID"},{"$i":"scClir","$v":"आवटगोइंग कॉलर ID"},{"$i":"scPwd","$v":"पासवर्ड बदल"},{"$i":"scCallWaiting","$v":"कॉल रावला"},{"$i":"scPin","$v":"PIN बदल"},{"$i":"scPin2","$v":"PIN 2 बदल"},{"$i":"scPuk","$v":"PIN उगडचो"},{"$i":"scPuk2","$v":"PIN 2 उगडचो"},{"$i":"scImei","$v":"IMEI"},{"$i":"scMeid","$v":"MEID"},{"$i":"scUssd","$v":"USSD"},{"$i":"serviceClassVoice","$v":"आवाज"},{"$i":"serviceClassData","$v":"डेटा"},{"$i":"serviceClassFax","$v":"FAX"},{"$i":"serviceClassSms","$v":"SMS"},{"$i":"serviceClassDataSync","$v":"सिंक"},{"$i":"serviceClassDataAsync","$v":"एसिंक"},{"$i":"serviceClassPacket","$v":"पॅकेट"},{"$i":"serviceClassPad","$v":"PAD"},{"$i":"smServiceEnabled","$v":"सेवा सक्रीय केल्ली"},{"$i":"smServiceDisabled","$v":"सेवा निश्क्रीय जाल्या"},{"$i":"smServiceRegistered","$v":"नोंदणेक येस आयलें"},{"$i":"smServiceErased","$v":"वगळावणेक येस आयलें"},{"$i":"smServiceInterrogated","$v":"विनंती येसस्वी जाली"},{"$i":"smServiceNotProvisioned","$v":"सेवेची पुरवण करूंक ना"},{"$i":"smClirPermanent","$v":"तुमी कॉलर ID मांडावळ बदलूंक शकतात"},{"$i":"smClirDefaultOnNextCallOn","$v":"कॉलर ID सीमीत कडेनवचूक चुकता. उपरांतचो कॉलः सीमीत"},{"$i":"smClirDefaultOnNextCallOff","$v":"कॉलर ID सीमीत कडेनवचूक चुकता. उपरांतचो कॉलः सीमीत ना"},{"$i":"smClirDefaultOffNextCallOn","$v":"कॉलर ID सीमीत ना कडेन वता. उपरांतचो कॉलः सीमीत"},{"$i":"smClirDefaultOffNextCallOff","$v":"कॉलर ID सीमीत ना कडेन वता. उपरांतचो कॉलः सीमीत ना"},{"$i":"smServiceEnabledFor","$v":"सेवा सक्षम आशिल्ली खातीरः"},{"$i":"smPinChanged","$v":"PIN येसस्वीरितीन बदल्ला"},{"$i":"smPinUnblocked","$v":"PIN येसस्वीरितीन उगडला"},{"$i":"smPin2Changed","$v":"PIN 2 येसस्वीरितीन बदल्ला"},{"$i":"smPin2Unblocked","$v":"PIN 2 येसस्वीरितीन उगडला"},{"$i":"ServiceIsEnabled","$v":"सेवा सक्रीय केल्या"},{"$i":"ServiceIsDisabled","$v":"सेवा निश्क्रीय केल्या"},{"$i":"ServiceIsEnabledFor","$v":"सेवा हाचे खातीर सक्रीय केल्या:"},{"$i":"emMmiError","$v":"कनॅक्शनाची समस्या वा अवैध MMI कोड"},{"$i":"emMmiErrorPasswordIncorrect","$v":"पासवर्ड चुकीचो आसा"},{"$i":"emMmiErrorNotSupported","$v":"अवैध वा तेंको नाशिल्लो MMI कोड"},{"$i":"emMmiErrorInvalidAction","$v":"अवैध कृती"},{"$i":"emMmiErrorInvalidScCode","$v":"अवैध सेवा कोड"},{"$i":"emMmiErrorBadPuk","$v":"तुमी टंक केल्लो  PUK चुकीचो आसा"},{"$i":"emMmiErrorBadPin","$v":"तुमी टंक केल्लो पोरणो PIN चुकीचो आसा"},{"$i":"emMmiErrorNeedPuk2","$v":"SIM कार्ड उकतें करूंक  PUK2 टंक करचो"},{"$i":"emMmiErrorMismatchPin","$v":"तुमी टंक केल्ले PIN जुळनात"},{"$i":"emMmiErrorInvalidPin","$v":"4 ते 8 नंबर आशिल्लो PIN टंक करचो"},{"$i":"emMmiErrorNeedsPuk","$v":"तुमचें SIM कार्ड  PUK लॉक केल्लें आसा"},{"$i":"emMmiErrorEnablePin","$v":"अयेसस्वी. SIM/RUIM लॉक सक्षम करचें"},{"$i":"emMmiErrorMmiFdn","$v":"कांय निश्चीत डायलींग नंबरां कडेनूच कृती मर्यादीत आसा"},{"$i":"emMmiErrorStkCcUssdDial","$v":"USSD विनंती बदलून DIAL विनंती केला."},{"$i":"emMmiErrorStkCcUssdSs","$v":"USSD विनंती बदलून SS विनंती केला."},{"$i":"emMmiErrorStkCcUssdUssd","$v":"USSD विनंती बदलून नवी USSD विनंती केल्या."},{"$i":"emMmiErrorStkCcSsDial","$v":"एसएस विनंती डायल विनंतीत बदल्ल्या"},{"$i":"emMmiErrorStkCcSsUssd","$v":"SS विनंती बदलून USSD विनंती केला."},{"$i":"emMmiErrorStkCcSsSs","$v":"एसएस विनंती नव्या एसएस विनंतीत बदल्ल्या"},{"$i":"emMmiErrorPinPukAttempts","$v":{"one":["फकत ",{"t":"idOrVar","v":"n"}," परत यत्न उरला"],"two":[{"t":"idOrVar","v":"n"}," परत यत्न उरल्यात"],"few":[{"t":"idOrVar","v":"n"}," परत यत्न उरल्यात"],"many":[{"t":"idOrVar","v":"n"}," परत यत्न उरल्यात"],"other":[{"t":"idOrVar","v":"n"}," परत यत्न उरल्यात"]},"$x":[{"t":"idOrVar","v":"plural"},"n"]},{"$i":"emMmiErrorSimBlocked","$v":"परत यत्न करपाच्या कमाल संख्ये कडेन पावल्यात. SIM आडायलां"},{"$i":"RadioNotAvailable","$v":"रेडियो उपलब्ध ना"},{"$i":"GenericFailure","$v":"जेनेरीक अपेस"},{"$i":"PasswordIncorrect","$v":"पासवर्ड चुकीचो आसा"},{"$i":"SimPin2","$v":"SIM PIN2"},{"$i":"SimPuk2","$v":"SIM  PUK2"},{"$i":"RequestNotSupported","$v":"विनंतीक तेंको ना"},{"$i":"OpNotAllowedDuringVoiceCall","$v":"वॉयस कॉला वेळार कृतीक मान्यताय ना"},{"$i":"SmsSendFailRetry","$v":"SMS धाडप अपेस परत यत्न"},{"$i":"SimAbsent","$v":"SIM गैरहजर"},{"$i":"SubscriptionNotAvailable","$v":"वर्गणी उपलब्ध ना"},{"$i":"ModeNotSupported","$v":"मोडाक तेंको ना"},{"$i":"FdnCheckFailure","$v":"FDN तपासणी अपेस"},{"$i":"IllegalSimOrMe","$v":"अवैध SIM वा ME"},{"$i":"DialModifiedToUssd","$v":"USSD कडेन डायल बदल्लां"},{"$i":"DialModifiedToSs","$v":"एसएस कडेन डायल बदल्लां"},{"$i":"DialModifiedToDial","$v":"डायल कडेन डायल बदल्लां"},{"$i":"UssdModifiedToDial","$v":"USSD डायलांत बदल्ला"},{"$i":"UssdModifiedToSs","$v":"SS बदल्ला USSD हातूंत"},{"$i":"UssdModifiedToUssd","$v":"USSD बदल्ला USSD हातूंत"},{"$i":"SsModifiedToDial","$v":"एसएस डायलांत बदल्ला"},{"$i":"SsModifiedToUssd","$v":"SS बदल्ला USSD हातूंत"},{"$i":"SsModifiedToSs","$v":"एसएस बदल्ला एस एस हातूंत"},{"$i":"SubscriptionNotSupported","$v":"वर्गणेक तेंको ना"},{"$i":"InvalidParameter","$v":"अवैध परामिटर"},{"$i":"RejectedByRemote","$v":"पयसुल्ल्यान न्हयकारलें"},{"$i":"conferenceCall","$v":["परिशद (",{"t":"idOrVar","v":"n"},")"]},{"$i":"caller-left-call","$v":[{"t":"idOrVar","v":"caller"}," न कॉल दवरलो."]},{"$i":"conferenceAddError","$v":"कॉल विलीन करूंक असमर्थ"},{"$i":"conferenceRemoveError","$v":"विलीन केल्ले कॉल काडूंक असमर्थ"},{"$i":"longDateFormat","$v":"%A, %b %e"},{"$i":"select-audio-sources","$v":"ऑडियो स्त्रोत वेंच्चो"},{"$i":"bluetooth-handsfree-device","$v":"ब्लूथूथ हँड्सफ्री डिव्हायस"},{"$i":"receiver","$v":"मेळोवपी"},{"$i":"speaker","$v":"उलोवपी"},{"$i":"tcl-cancel","$v":"रद्द करचें"},{"$i":"tcl-dialer","$v":"डायलर"},{"$i":"tcl-confirmation","$v":"खात्री"},{"$i":"log-item","$v":"पर्याय"},{"$i":"tcl-assign-speed-dial","$v":{"$o":["बटन \"",{"t":"idOrVar","v":"speedDial"},"\" चेर स्पिड डायल खातीर संपर्क जोडूंक नाशिल्लो.br><br>आतां नेमून दिवचें?"]}},{"$i":"tcl-assign","$v":"नेमणूक"},{"$i":"select","$v":"वेंच्चें"},{"$i":"deselect","$v":"वेंचणी रद्द करची"},{"$i":"view-all","$v":"सगळें पळोवचें"},{"$i":"search-results","$v":"सोद निकाल"},{"$i":"no-recent-numbers","$v":"डायल करूंक कॉल लॉग्सांत हालींचे एक्कूय नंबर नात."},{"$i":"wifi-calling","$v":"WiFi कॉलिंग"},{"$i":"dialer-prompt","$v":"नंबर डायल करचो वा कॉलाक जोडूंक संपर्क वेंच्चो"},{"$i":"hours","$v":"वरां"},{"$i":"minutes","$v":"मिन्टां"},{"$i":"seconds","$v":"सेकंद"},{"$i":"voiceMail","$v":"व्हॉयसमेल"},{"$i":"weekday-0-long","$v":"आयतार"},{"$i":"weekday-1-long","$v":"सोमार"},{"$i":"weekday-2-long","$v":"मंगळार"},{"$i":"weekday-3-long","$v":"बुधवार"},{"$i":"weekday-4-long","$v":"बिरेस्तार"},{"$i":"weekday-5-long","$v":"शुक्रार"},{"$i":"weekday-6-long","$v":"शेनवार"},{"$i":"weekday-0-short","$v":"सुर्य"},{"$i":"weekday-1-short","$v":"सोमार"},{"$i":"weekday-2-short","$v":"मं"},{"$i":"weekday-3-short","$v":"बुध"},{"$i":"weekday-4-short","$v":"बिरे"},{"$i":"weekday-5-short","$v":"शुक्र"},{"$i":"weekday-6-short","$v":"शे"},{"$i":"month-0-long","$v":"जानेवारी"},{"$i":"month-1-long","$v":"फेब्रुवारी"},{"$i":"month-2-long","$v":"मार्च"},{"$i":"month-3-long","$v":"एप्रिल"},{"$i":"month-4-long","$v":"माय"},{"$i":"month-5-long","$v":"जून"},{"$i":"month-6-long","$v":"जुलाय"},{"$i":"month-7-long","$v":"आगोस्त"},{"$i":"month-8-long","$v":"सप्टेंबर"},{"$i":"month-9-long","$v":"ऑक्टोबर"},{"$i":"month-10-long","$v":"नोव्हेंबर"},{"$i":"month-11-long","$v":"डिसेंबर"},{"$i":"month-0-genitive","$v":"जानेवारी"},{"$i":"month-1-genitive","$v":"फेब्रुवारी"},{"$i":"month-2-genitive","$v":"मार्च"},{"$i":"month-3-genitive","$v":"एप्रिल"},{"$i":"month-4-genitive","$v":"माय"},{"$i":"month-5-genitive","$v":"जून"},{"$i":"month-6-genitive","$v":"जुलाय"},{"$i":"month-7-genitive","$v":"आगोस्त"},{"$i":"month-8-genitive","$v":"सप्टेंबर"},{"$i":"month-9-genitive","$v":"ऑक्टोबर"},{"$i":"month-10-genitive","$v":"नोव्हेंबर"},{"$i":"month-11-genitive","$v":"डिसेंबर"},{"$i":"month-0-short","$v":"जान"},{"$i":"month-1-short","$v":"फेब्रु"},{"$i":"month-2-short","$v":"मार"},{"$i":"month-3-short","$v":"एप्री"},{"$i":"month-4-short","$v":"माय"},{"$i":"month-5-short","$v":"जू"},{"$i":"month-6-short","$v":"जुला"},{"$i":"month-7-short","$v":"आगो"},{"$i":"month-8-short","$v":"सप्ट"},{"$i":"month-9-short","$v":"ऑक्टो"},{"$i":"month-10-short","$v":"नो"},{"$i":"month-11-short","$v":"डिसें"},{"$i":"minutes-ago-long","$v":{"zero":"आतांच","one":"एक मिनीट आदीं","two":[{"t":"idOrVar","v":"value"}," मिन्टां आदीं"],"few":[{"t":"idOrVar","v":"value"}," मिन्टां आदीं"],"many":[{"t":"idOrVar","v":"value"}," मिन्टां आदीं"],"other":[{"t":"idOrVar","v":"value"}," मिन्टां आदीं"]},"$x":[{"t":"idOrVar","v":"plural"},"value"]},{"$i":"hours-ago-long","$v":{"zero":"आतांच","one":"एक वरा आदीं","two":[{"t":"idOrVar","v":"value"}," वरां आदीं"],"few":[{"t":"idOrVar","v":"value"}," वरां आदीं"],"many":[{"t":"idOrVar","v":"value"}," वरां आदीं"],"other":[{"t":"idOrVar","v":"value"}," वरां आदीं"]},"$x":[{"t":"idOrVar","v":"plural"},"value"]},{"$i":"days-ago-long","$v":{"zero":"आयज","one":"काल","two":[{"t":"idOrVar","v":"value"}," दीसां आदीं"],"few":[{"t":"idOrVar","v":"value"}," दीसां आदीं"],"many":[{"t":"idOrVar","v":"value"}," दीसां आदीं"],"other":[{"t":"idOrVar","v":"value"}," दीसां आदीं"]},"$x":[{"t":"idOrVar","v":"plural"},"value"]},{"$i":"weeks-ago-long","$v":{"zero":"हो सप्तक","one":"निमाणो सप्तक","two":[{"t":"idOrVar","v":"value"}," सप्तकां आदीं"],"few":[{"t":"idOrVar","v":"value"}," सप्तकां आदीं"],"many":[{"t":"idOrVar","v":"value"}," सप्तकां आदीं"],"other":[{"t":"idOrVar","v":"value"}," सप्तकां आदीं"]},"$x":[{"t":"idOrVar","v":"plural"},"value"]},{"$i":"months-ago-long","$v":{"zero":"हो म्हयनो","one":"निमाणो म्हयनो","two":[{"t":"idOrVar","v":"value"}," म्हयन्यां आदीं"],"few":[{"t":"idOrVar","v":"value"}," म्हयन्यां आदीं"],"many":[{"t":"idOrVar","v":"value"}," म्हयन्यां आदीं"],"other":[{"t":"idOrVar","v":"value"}," म्हयन्यां आदीं"]},"$x":[{"t":"idOrVar","v":"plural"},"value"]},{"$i":"years-ago-long","$v":{"zero":"हें वर्स","one":"निमाणें वर्स","two":[{"t":"idOrVar","v":"value"}," वर्सां आदीं"],"few":[{"t":"idOrVar","v":"value"}," वर्सां आदीं"],"many":[{"t":"idOrVar","v":"value"}," वर्सां आदीं"],"other":[{"t":"idOrVar","v":"value"}," वर्सां आदीं"]},"$x":[{"t":"idOrVar","v":"plural"},"value"]},{"$i":"minutes-until-long","$v":{"zero":"आतां","one":"एका मिन्टान","two":[{"t":"idOrVar","v":"value"}," मिन्टांनी"],"few":[{"t":"idOrVar","v":"value"}," मिन्टांनी"],"many":[{"t":"idOrVar","v":"value"}," मिन्टांनी"],"other":[{"t":"idOrVar","v":"value"}," मिन्टांनी"]},"$x":[{"t":"idOrVar","v":"plural"},"value"]},{"$i":"hours-until-long","$v":{"zero":"आतां","one":"एका वरान","two":[{"t":"idOrVar","v":"value"}," वरांनी"],"few":[{"t":"idOrVar","v":"value"}," वरांनी"],"many":[{"t":"idOrVar","v":"value"}," वरांनी"],"other":[{"t":"idOrVar","v":"value"}," वरांनी"]},"$x":[{"t":"idOrVar","v":"plural"},"value"]},{"$i":"days-until-long","$v":{"zero":"आयज","one":"फाल्यां","two":[{"t":"idOrVar","v":"value"}," दिसांनी"],"few":[{"t":"idOrVar","v":"value"}," दिसांनी"],"many":[{"t":"idOrVar","v":"value"}," दिसांनी"],"other":[{"t":"idOrVar","v":"value"}," दिसांनी"]},"$x":[{"t":"idOrVar","v":"plural"},"value"]},{"$i":"weeks-until-long","$v":{"zero":"हो सप्तक","one":"नवो सप्तक","two":[{"t":"idOrVar","v":"value"}," सप्तकांनी"],"few":[{"t":"idOrVar","v":"value"}," सप्तकांनी"],"many":[{"t":"idOrVar","v":"value"}," सप्तकांनी"],"other":[{"t":"idOrVar","v":"value"}," सप्तकांनी"]},"$x":[{"t":"idOrVar","v":"plural"},"value"]},{"$i":"months-until-long","$v":{"zero":"हो म्हयनो","one":"फुडलो म्हयनो","two":[{"t":"idOrVar","v":"value"}," म्हयन्यांनीं"],"few":[{"t":"idOrVar","v":"value"}," म्हयन्यांनीं"],"many":[{"t":"idOrVar","v":"value"}," म्हयन्यांनीं"],"other":[{"t":"idOrVar","v":"value"}," म्हयन्यांनीं"]},"$x":[{"t":"idOrVar","v":"plural"},"value"]},{"$i":"years-until-long","$v":{"zero":"हें वर्स","one":"नवें वर्स","two":[{"t":"idOrVar","v":"value"}," वर्सांनी"],"few":[{"t":"idOrVar","v":"value"}," वर्सांनी"],"many":[{"t":"idOrVar","v":"value"}," वर्सांनी"],"other":[{"t":"idOrVar","v":"value"}," वर्सांनी"]},"$x":[{"t":"idOrVar","v":"plural"},"value"]},{"$i":"minutes-ago-short","$v":{"zero":"आतांच","other":[{"t":"idOrVar","v":"value"},"म्ह आदीं"]},"$x":[{"t":"idOrVar","v":"plural"},"value"]},{"$i":"hours-ago-short","$v":{"zero":"आतांच","other":[{"t":"idOrVar","v":"value"}," व आदीं"]},"$x":[{"t":"idOrVar","v":"plural"},"value"]},{"$i":"days-ago-short","$v":{"zero":"आयज","other":[{"t":"idOrVar","v":"value"},"दी आदीं"]},"$x":[{"t":"idOrVar","v":"plural"},"value"]},{"$i":"minutes-until-short","$v":{"zero":"आतां","other":[{"t":"idOrVar","v":"value"}," मि"]},"$x":[{"t":"idOrVar","v":"plural"},"value"]},{"$i":"hours-until-short","$v":{"zero":"आतां","other":[{"t":"idOrVar","v":"value"}," वर"]},"$x":[{"t":"idOrVar","v":"plural"},"value"]},{"$i":"days-until-short","$v":{"zero":"आयज","other":[{"t":"idOrVar","v":"value"}," दी"]},"$x":[{"t":"idOrVar","v":"plural"},"value"]},{"$i":"incorrectDate","$v":"(चुकीची तारीख)"},{"$i":"dateTimeFormat_%c","$v":"%a %b %e %Y %I:%M:%S %p"},{"$i":"dateTimeFormat_%x","$v":"%m/%d/%Y"},{"$i":"dateTimeFormat_%X","$v":"%I:%M:%S %p"},{"$i":"shortTimeFormat","$v":"%I:%M %p"},{"$i":"shortTimeFormat12","$v":"%I:%M %p"},{"$i":"shortTimeFormat24","$v":"%H:%M"},{"$i":"shortDateTimeFormat","$v":"%x %I:%M %p"},{"$i":"weekStartsOnMonday","$v":"0"},{"$i":"firstDayOfTheWeek","$v":"0"},{"$i":"time_am","$v":"AM"},{"$i":"time_pm","$v":"PM"},{"$i":"label","$v":"लेबल"},{"$i":"mobile","$v":"मोबायल"},{"$i":"home","$v":"घर"},{"$i":"work","$v":"काम"},{"$i":"personal","$v":"वैयक्तीक"},{"$i":"faxHome","$v":"फॅक्स घर"},{"$i":"faxOffice","$v":"फॅक्स कचेरी"},{"$i":"faxOther","$v":"फॅक्स हेर"},{"$i":"another","$v":"दुसरें"},{"$i":"other","$v":"हेर"},{"$i":"tcl-customTag","$v":"कस्टम टॅग"},{"$i":"customTag","$v":"कस्टम टॅग","placeholder":"कस्टम टॅग"},{"$i":"current","$v":"चालंत"},{"$i":"itemWithLabel","$v":[{"t":"idOrVar","v":"label"},", ",{"t":"idOrVar","v":"item"}]},{"$i":"airplaneMode","$v":"एअरप्लेन मोड"},{"$i":"searching","$v":"सोदता..."},{"$i":"noNetwork","$v":"नॅटवर्क ना"},{"$i":"roaming","$v":[{"t":"idOrVar","v":"operator"}," (रोमींग)"]},{"$i":"operator-info","$v":[{"t":"idOrVar","v":"carrier"}," ",{"t":"idOrVar","v":"region"}]},{"$i":"emergencyCallsOnly","$v":"फकत आपत्कालीन कॉल"},{"$i":"emergencyCallsOnly-unknownSIMState","$v":"(अज्ञात SIM स्थिती)"},{"$i":"emergencyCallsOnly-noSIM","$v":"(SIM ना)"},{"$i":"emergencyCallsOnly-pinRequired","$v":"(SIM PIN गरजेचो)"},{"$i":"emergencyCallsOnly-pukRequired","$v":"(SIM PUK गरजेचो)"},{"$i":"emergencyCallsOnly-networkLocked","$v":"(नॅटवर्क लॉक केला)"},{"$i":"emergencyCallsOnly-serviceProviderLocked","$v":"(सेवा पुरवणकर्तो लॉक केला)"},{"$i":"emergencyCallsOnly-corporateLocked","$v":"(संयुक्त लॉक केला)"},{"$i":"emergencyCallsOnly-network1Locked","$v":"(नॅटवर्क1 लॉक केला)"},{"$i":"emergencyCallsOnly-network2Locked","$v":"(नॅटवर्क2 लॉक केला)"},{"$i":"emergencyCallsOnly-hrpdNetworkLocked","$v":"(एचआरपीडी नॅटवर्क लॉक केलां)"},{"$i":"emergencyCallsOnly-ruimCorporateLocked","$v":"(ruim संयुक्त लॉक केलां)"},{"$i":"emergencyCallsOnly-ruimServiceProviderLocked","$v":"(ruim सेवा पुरवणकर्तो लॉक केला)"},{"$i":"lockscreen-sim-id","$v":["सिम ",{"t":"idOrVar","v":"n"}]},{"$i":"charging-no-time","$v":[{"t":"idOrVar","v":"level"},"% चार्ज्ड"]},{"$i":"charging-minutes","$v":{"zero":[{"t":"idOrVar","v":"level"},"% चार्ज्ड (",{"t":"idOrVar","v":"minutes"}," मिनीटां पूर्ण चार्ज जाता मेरेन)"],"one":[{"t":"idOrVar","v":"level"},"% चार्ज्ड (",{"t":"idOrVar","v":"minutes"}," मिनीट पूर्ण चार्ज जाता मेरेन)"],"two":[{"t":"idOrVar","v":"level"},"% चार्ज्ड (",{"t":"idOrVar","v":"minutes"}," मिनीटां पूर्ण चार्ज जाता मेरेन)"],"few":[{"t":"idOrVar","v":"level"},"% चार्ज्ड (",{"t":"idOrVar","v":"minutes"}," मिनीटां पूर्ण चार्ज जाता मेरेन)"],"many":[{"t":"idOrVar","v":"level"},"% चार्ज्ड (",{"t":"idOrVar","v":"minutes"}," मिनीटां पूर्ण चार्ज जाता मेरेन)"],"other":[{"t":"idOrVar","v":"level"},"% चार्ज्ड (",{"t":"idOrVar","v":"minutes"}," मिनीटां पूर्ण चार्ज जाता मेरेन)"]},"$x":[{"t":"idOrVar","v":"plural"},"minutes"]},{"$i":"charging-hours","$v":{"zero":[{"t":"idOrVar","v":"level"},"% चार्ज्ड (",{"t":"idOrVar","v":"hours"},"वर ",{"t":"idOrVar","v":"minutes"}," मिनीट्स पुराय चार्ज जाता मेरेन)"],"one":[{"t":"idOrVar","v":"level"},"% चार्ज्ड (",{"t":"idOrVar","v":"hours"},"वर ",{"t":"idOrVar","v":"minutes"}," मिनीट पूर्ण चार्ज्ड)"],"two":[{"t":"idOrVar","v":"level"},"% चार्ज्ड (",{"t":"idOrVar","v":"hours"},"वर ",{"t":"idOrVar","v":"minutes"}," मिनीट्स पुराय चार्ज जाता मेरेन)"],"few":[{"t":"idOrVar","v":"level"},"% चार्ज्ड (",{"t":"idOrVar","v":"hours"},"वर ",{"t":"idOrVar","v":"minutes"}," मिनीट्स पुराय चार्ज जाता मेरेन)"],"many":[{"t":"idOrVar","v":"level"},"% चार्ज्ड (",{"t":"idOrVar","v":"hours"},"वर ",{"t":"idOrVar","v":"minutes"}," मिनीट्स पुराय चार्ज जाता मेरेन)"],"other":[{"t":"idOrVar","v":"level"},"% चार्ज्ड (",{"t":"idOrVar","v":"hours"},"वर ",{"t":"idOrVar","v":"minutes"}," मिनीट्स पुराय चार्ज जाता मेरेन)"]},"$x":[{"t":"idOrVar","v":"plural"},"minutes"]},{"$i":"phoneNumberInput","ariaLabel":"फोन नंबर"},{"$i":"keypadDelete","ariaLabel":"पुसून उडयात"},{"$i":"voiceMailKey","ariaLabel":"व्हॉयसमेल"},{"$i":"asterisk","ariaLabel":"फुली"},{"$i":"hashSign","ariaLabel":"हॅश चिन्न"},{"$i":"loadingSimContacts","$v":"SIM कार्ड संपर्क लोड जातात..."},{"$i":"noContactsWereFound","$v":"संपर्क मेळ्ळे ना"},{"$i":"noContactsFoundDialogOk","$v":"बरें आसा"},{"$i":"emergencyNumber","$v":"आपतकाल नंबर"},{"$i":"callAirplaneModeMessage","$v":"कॉल करूंक तुमी मांडावळीत विमान मोड निश्क्रीय करूंक जाय"},{"$i":"callAirplaneModeBtnOk","$v":"बरें आसा"},{"$i":"callAirplaneModeTitle","$v":"विमान मोड क्रियाशील केला"},{"$i":"numberIsBusyTitle","$v":"नंबर व्यस्त आसा"},{"$i":"numberIsBusyMessage","$v":"नंबर सद्या व्यस्त आसा. उपकार करून मागीर परत यत्न करचो."},{"$i":"fdnIsActiveTitle","$v":"FDN क्रियाशील"},{"$i":"fdnIsActiveMessage","$v":["FDN (स्थिर डायलींग नंबर) क्रियाशील केल्लो आसा आनी मुखावयलो नंबर FDN सुचयेंत ना: ",{"t":"idOrVar","v":"number"}]},{"$i":"emergencyDialogBodyBadNumber","$v":"कॉल करूंक, फोन नॅटवर्क कडेन कनॅक्ट करूंक जाय"},{"$i":"emergencyDialogBodyDeviceNotAccepted","$v":"नॅटवर्क ववीं आपात्काळ कॉलांक मान्यताय आसची ना."},{"$i":"emergencyDialogBtnOk","$v":"बरें आसा"},{"$i":"emergencyDialogTitle","$v":"नॅटवर्क जोडणी ना"},{"$i":"invalidNumberToDialTitle","$v":"अवैध फोन नंबर"},{"$i":"invalidNumberToDialMessage","$v":"तुमी कॉल करतात तो फोन नंबर वैध ना"},{"$i":"unableToCallTitle","$v":"आतां फोन कॉल करूंक असमर्थ"},{"$i":"unableToCallMessage","$v":"कॉल करूंक शकना. तुमी आदींच डायल करतात जाल्यार, उपकार करून पयलीं हँग अप करचें."},{"$i":"otherConnectionInUseTitle","$v":"वापरांत हेर कनॅक्शन आसा"},{"$i":"otherConnectionInUseMessage","$v":"वेगळ्या कनॅक्शनाचेर तुमचे कडेन सक्रीय कॉल आसा. तुमी एके वेळार एकूच कनॅक्शन वापरूंक शकतात."},{"$i":"clear","$v":"खोड"},{"$i":"dialer","$v":"डायलर"},{"$i":"tcl-incomming-call","$v":"येवपी कॉल"},{"$i":"tcl-in-call","$v":"कॉलां मदीं"},{"$i":"tcl-answer","$v":"जाप करप"},{"$i":"tcl-end-answer","$v":"शेवट करचो आनी जाप दिवची"},{"$i":"tcl-decline","$v":"न्हयकारप"},{"$i":"tcl-mute","$v":"मोनो"},{"$i":"tcl-unmute","$v":"मौन काड"},{"$i":"tcl-speaker","$v":"उलोवपी"},{"$i":"tcl-speaker-off","$v":"स्पीकर बंद"},{"$i":"tcl-microphone-mute-notification","$v":"मायक्रोफोन मोनो केला"},{"$i":"tcl-microphone-active-notification","$v":"मायक्रोफोन सक्रीय आसा"},{"$i":"tcl-speaker-off-notification","$v":"बाह्य स्पिकर बंद केल्यात"},{"$i":"tcl-speaker-on-notification","$v":"बाह्य स्पिकर चालू केल्यात"},{"$i":"tcl-hold-and-answer","$v":"होल्डार दवरचो आनी जाप दिवची"},{"$i":"tcl-ignore-call","$v":"इनकमिंग कॉला कडेन दुर्लक्ष करचें"},{"$i":"tcl-add-to-call","$v":"कॉल जोडचो"},{"$i":"tcl-switch-to-second-line","$v":"कॉल स्वॅप करचो"},{"$i":"tcl-merge-calls","$v":"कॉल विलीन करचो"},{"$i":"btnOk","$v":"बरें आसा"},{"$i":"losing-wifi-msg","$v":"wifi वगडायलें"},{"$i":"hd","$v":"HD"},{"$i":"manage-call","$v":"कॉल हाताळचो"},{"$i":"end","$v":"समाप्ती कॉल"},{"$i":"private","$v":"खाजगी"},{"$i":"sound","$v":"आवाज"},{"$i":"bluetooth-device","$v":"ब्लूथूथ डिव्हायस"},{"$i":"handset-earpiece","$v":"हँटसॅट"},{"$i":"call-ended","$v":"कॉल समाप्त केलो"},{"$i":"payphone","$v":"पेफोन"},{"$i":"contact","$v":"संपर्क"},{"$i":"volume","$v":"आवाज"},{"$i":"softkey-options","$v":"पर्याय"},{"$i":"resume-call","$v":"कॉल परत सुरू करचो"},{"$i":"switch-to-device-toast","$v":"ब्लूथूथ डिव्हायसा कडेन वच्चें"},{"$i":"switch-to-handset-toast","$v":"हँडसेट इयरपीस डिव्हायसा कडेन वच्चें"},{"$i":"switch-to-speaker-toast","$v":"स्पिकरा कडेन वच्चें"},{"$i":"emergency-call","$v":"आपात्काळ कॉल आसा"},{"$i":"link","$v":"लिंक:"},{"$i":"call-left-conference-toast","$v":[{"t":"idOrVar","v":"number"}," हाणें कॉल केलो"]}]