[{"$i":"tcl-calllog-entry-removed-succ-notification","$v":"کال لاگ انٹری آے معزول کرنِہ"},{"$i":"tcl-calllog-entry-removed-err-notification","$v":"ھیکِہ نِہ کال لاگ انٹری معزول کریتھ"},{"$i":"addNewNumber","$v":"شٲمل کر نو نمبر"},{"$i":"contactDetails","$v":"رٲبطہ تفصیل"},{"$i":"addToExistingContact","$v":"شٲمل کر موجودہ رٲبطن منز"},{"$i":"all","$v":"سٲری","ariaLabel":"سٲری"},{"$i":"bluetoothOption","$v":""},{"$i":"callLog","$v":"کال لاگ"},{"$i":"callLogEdit","title":"ترمیم کریو کال لاگ"},{"$i":"tcl-option-menu-call-log-edit","$v":"ترمیم کریو کال لاگ"},{"$i":"callLogEditDialog","ariaLabel":"ترمیم کریو کال ڈائلوگ"},{"$i":"tcl-call-log-delete-group-notification","$v":["انٹری آے خٲرج کرنِہ ",{"t":"idOrVar","v":"n"}]},{"$i":"connecting","$v":"کال کران"},{"$i":"connectingEllipsis","$v":"جوڑان"},{"$i":"call-forwarding-async","$v":[":اسینکرونس ",{"t":"idOrVar","v":"async"}]},{"$i":"call-forwarding-data","$v":["ڈیٹا: ",{"t":"idOrVar","v":"data"}]},{"$i":"call-forwarding-error","$v":"اکھ سھو آو کال فارویڑنگ حالت حٲصل کرنس منز"},{"$i":"call-forwarding-fax","$v":["FAX: ",{"t":"idOrVar","v":"fax"}]},{"$i":"call-forwarding-inactive","$v":"ان ایکٹیو"},{"$i":"call-forwarding-packet","$v":[":پیکٹ ",{"t":"idOrVar","v":"packet"}]},{"$i":"call-forwarding-pad","$v":["PAD: ",{"t":"idOrVar","v":"pad"}]},{"$i":"call-forwarding-sms","$v":["SMS: ",{"t":"idOrVar","v":"sms"}]},{"$i":"call-forwarding-status","$v":"کال فارویڑنگ حالت"},{"$i":"call-forwarding-sync","$v":[":سینکرونس ",{"t":"idOrVar","v":"sync"}]},{"$i":"call-forwarding-voice","$v":[":وائس ",{"t":"idOrVar","v":"voice"}]},{"$i":"close","$v":"بند"},{"$i":"confirm-deletion","$v":"صاف کریو چُننِہ مِت کالِ؟"},{"$i":"contacts","ariaLabel":"رٲبطہ"},{"$i":"createNewContact","$v":"بناو نو رٲبطہ"},{"$i":"delete","$v":"خٲرج"},{"$i":"calllog-deselectAll","$v":"مَہ چُنیو کاہ"},{"$i":"dialerAddContact","$v":""},{"$i":"dialerAddContactDialog","ariaLabel":"شٲمل کر رٲبطہ ڈائلوگ"},{"$i":"callInformation","$v":"کال معلومات"},{"$i":"edit-selected","$v":{"one":["(",{"t":"idOrVar","v":"n"},")چُنیتھ"],"two":["(",{"t":"idOrVar","v":"n"},")چُنیتھ"],"few":["(",{"t":"idOrVar","v":"n"},")چُنیتھ"],"many":["(",{"t":"idOrVar","v":"n"},")چُنیتھ"],"other":["(",{"t":"idOrVar","v":"n"},")چُنیتھ"]},"$x":[{"t":"idOrVar","v":"plural"},"n"]},{"$i":"tcl-edit-not-selected","$v":"(0)چُنیتھ"},{"$i":"edit","$v":"درست"},{"$i":"hideKeypad","ariaLabel":"چھُپاو کی پیڑ"},{"$i":"ignore","$v":""},{"$i":"incoming","$v":"ینِہ واجن"},{"$i":"keypad","ariaLabel":"کی پیڑ"},{"$i":"makeCall","$v":""},{"$i":"merge","$v":""},{"$i":"info-missed","$v":"میسِڈ"},{"$i":"missed","$v":"میسِڈ","ariaLabel":"میسِڈ"},{"$i":"dialed","$v":"ڈائلڈ"},{"$i":"received","$v":"محصول"},{"$i":"canceled","$v":"رد کُر"},{"$i":"missedCall","$v":"میسِڈ کال"},{"$i":"missedCallMultiSims","$v":["میسڈ کال ﴾سِم ",{"t":"idOrVar","v":"n"},"﴿"]},{"$i":"mmi-error","$v":"اکھ سھو آو مسیج سوزنس دوران"},{"$i":"mmi-session-expired","$v":"مرحلہ سپُد ختم"},{"$i":"mmi-successfully-sent","$v":"مسیج آے کامیٲبی سان سوزنِہ"},{"$i":"mmi-notification-title-with-sim","$v":["(",{"t":"idOrVar","v":"sim"},") ",{"t":"idOrVar","v":"title"}]},{"$i":"mute","$v":""},{"$i":"newCall","$v":""},{"$i":"no-logs-msg-1","$v":"کاہ کال رکاڈ نِہ"},{"$i":"no-logs-msg-2","$v":"شروع کر گفتگو وین"},{"$i":"no-logs-msg-3","$v":"کاہ کال رکاڈ نِہ"},{"$i":"no-logs-msg-4","$v":"شروع کر گفتگو وین"},{"$i":"onHoldOption","$v":""},{"$i":"outgoing","$v":"آوٹ گوئنگ"},{"$i":"recents","ariaLabel":"تازہ کالِ"},{"$i":"reply","$v":"جواب دِیوٗ"},{"$i":"calllog-selectAll","$v":"چُنیو تمام"},{"$i":"send","$v":"سوز"},{"$i":"switch-calls","$v":"سوئچ کریو کالن کُن"},{"$i":"today","$v":"از"},{"$i":"withheld-number","$v":"انجان"},{"$i":"from-contact","$v":[{"t":"idOrVar","v":"contact"}," پیٹھ"]},{"$i":"from-number","$v":[{"t":"idOrVar","v":"number"}," پیٹھ"]},{"$i":"from-withheld-number","$v":"انجان نمبر پیٹھ"},{"$i":"yesterday","$v":"راتھ"},{"$i":"sending","$v":"سوزان۔ ۔ ۔"},{"$i":"speakerOption","$v":""},{"$i":"ussd-services","$v":["سروس ",{"t":"idOrVar","v":"operator"}]},{"$i":"toggleKeypad","$v":""},{"$i":"type-your-response","placeholder":"لکھیو پنُن جواب۔۔۔"},{"$i":"clear-all-text","$v":"صاف کریو تمام ٹیکسٹ"},{"$i":"hide","$v":"چھُپاو"},{"$i":"call","$v":"کال"},{"$i":"hold","$v":"ھولڈ"},{"$i":"resume","$v":"ریزوم","ariaLabel":"ریزوم"},{"$i":"sendSms","$v":"سوزیو مسیج"},{"$i":"callEnded","$v":"کال ختم"},{"$i":"via-sim","$v":[{"t":"idOrVar","v":"n"},"سِم بذریعہ"]},{"$i":"sim-number","$v":["سِم",{"t":"idOrVar","v":"n"}]},{"$i":"unknown","$v":"انجان"},{"$i":"cancel","$v":"رد کر"},{"$i":"hangup-a11y-button","$v":""},{"$i":"pickup-a11y-button","$v":""},{"$i":"unlock-a11y-button","ariaLabel":"سلائڈر"},{"$i":"settings","$v":"سیٹِنگس"},{"$i":"tcl-delete-log","$v":"توہ چھوا یقین توہ چھو یژھان کال لاگ پیٹھ چُننِہ آمِت انٹری خٲرج کرِن؟"},{"$i":"delete-n-log?","$v":{"zero":"کیہ نِہ چُنیتھ","one":"خٲرج کریو چُننِہ آمِت لاگ؟","two":["لاگس؟ ",{"t":"idOrVar","v":"n"}," خٲرج کریو"],"few":["لاگس؟ ",{"t":"idOrVar","v":"n"}," خٲرج کریو"],"many":["لاگس؟ ",{"t":"idOrVar","v":"n"}," خٲرج کریو"],"other":["لاگس؟ ",{"t":"idOrVar","v":"n"}," خٲرج کریو"]},"$x":[{"t":"idOrVar","v":"plural"},"n"]},{"$i":"composeEmail","ariaLabel":"ای میل"},{"$i":"emailDetail","ariaLabel":"ای میل"},{"$i":"phoneDetail","ariaLabel":"فون"},{"$i":"send-sms-button","ariaLabel":"SMS"},{"$i":"separator","$v":","},{"$i":"callDurationMinutes","$v":[{"t":"idOrVar","v":"m"},":",{"t":"idOrVar","v":"s"}]},{"$i":"callDurationHours","$v":[{"t":"idOrVar","v":"h"},":",{"t":"idOrVar","v":"m"},":",{"t":"idOrVar","v":"s"}]},{"$i":"callDurationTextFormatSeconds","$v":[{"t":"idOrVar","v":"s"}," s"]},{"$i":"callDurationTextFormatMinutes","$v":[{"t":"idOrVar","v":"m"}," m ",{"t":"idOrVar","v":"s"}," s"]},{"$i":"callDurationTextFormatHours","$v":[{"t":"idOrVar","v":"h"}," h ",{"t":"idOrVar","v":"m"}," m ",{"t":"idOrVar","v":"s"}," s"]},{"$i":"suggestionMatches","$v":{"one":["\"",{"t":"idOrVar","v":"matchNumber"},"\" رلان یتھ ",{"t":"idOrVar","v":"n"}],"two":["\"",{"t":"idOrVar","v":"matchNumber"},"\" رلان یتھ ",{"t":"idOrVar","v":"n"}],"few":["\"",{"t":"idOrVar","v":"matchNumber"},"\" رلان یتھ ",{"t":"idOrVar","v":"n"}],"many":["\"",{"t":"idOrVar","v":"matchNumber"},"\" رلان یتھ ",{"t":"idOrVar","v":"n"}],"other":["\"",{"t":"idOrVar","v":"matchNumber"},"\" رلان یتھ ",{"t":"idOrVar","v":"n"}]},"$x":[{"t":"idOrVar","v":"plural"},"n"]},{"$i":"scCallBarring","$v":"کال بیرنگ"},{"$i":"scCallForwarding","$v":"کال فارویڑنگ"},{"$i":"scClip","$v":"ینِہ واجن کالر ID"},{"$i":"scClir","$v":"گژھن واجن کالر ID"},{"$i":"scPwd","$v":"بدلاۅ شناختی لفظ"},{"$i":"scCallWaiting","$v":"کال پرارناوُن"},{"$i":"scPin","$v":"بدلاۅ PIN"},{"$i":"scPin2","$v":"آو بدلاونِہ پِن2"},{"$i":"scPuk","$v":"پِن ان لاک"},{"$i":"scPuk2","$v":"پِن2 ان لاک"},{"$i":"scImei","$v":"IMEI"},{"$i":"scMeid","$v":"MEID"},{"$i":"scUssd","$v":"USSD"},{"$i":"serviceClassVoice","$v":"وائس"},{"$i":"serviceClassData","$v":"ڈیٹا"},{"$i":"serviceClassFax","$v":"FAX"},{"$i":"serviceClassSms","$v":"SMS"},{"$i":"serviceClassDataSync","$v":"سینک"},{"$i":"serviceClassDataAsync","$v":"اکھ سینک"},{"$i":"serviceClassPacket","$v":"پیکٹ"},{"$i":"serviceClassPad","$v":"PAD"},{"$i":"smServiceEnabled","$v":"سروس آے کارگر کرنِہ"},{"$i":"smServiceDisabled","$v":"سروس چھِ آمِژ ناکار کرنِہ"},{"$i":"smServiceRegistered","$v":"اندراج سپُد کامیاب"},{"$i":"smServiceErased","$v":"اِخراج کرُن سپُد کامیاب"},{"$i":"smServiceInterrogated","$v":"درخواست روز کامیاب"},{"$i":"smServiceNotProvisioned","$v":"سروس چھِ نِہ پرویجن کریتھ"},{"$i":"smClirPermanent","$v":"سیٹنگس ID توہ ھیکو نِہ تبدیل کریتھ کالر"},{"$i":"smClirDefaultOnNextCallOn","$v":"کالر ID چھِ پابند ڈِفالٹن۔ نیو کال: محدود"},{"$i":"smClirDefaultOnNextCallOff","$v":"کالر ID چھِ پابند ڈِفالٹن۔ نیو کال: غیر محدود"},{"$i":"smClirDefaultOffNextCallOn","$v":"کالر ID چھِ ڈِفالٹ تھٲویتھ غیر محدود۔ نیو کال: محدود"},{"$i":"smClirDefaultOffNextCallOff","$v":"کالر ID چھِ ڈِفالٹ تھٲویتھ غیر محدود۔ نیو کال: غیر محدود"},{"$i":"smServiceEnabledFor","$v":"سروس آے کارگر کرنِہ یتھ خٲطر:"},{"$i":"smPinChanged","$v":"آو کامیٲبی سان بدلاونِہ پِن"},{"$i":"smPinUnblocked","$v":"آو کامیٲبی سان ان لاک کرنِہ پِن"},{"$i":"smPin2Changed","$v":"آو کامیٲبی سان بدلاونِہ پِن2"},{"$i":"smPin2Unblocked","$v":"آو کامیٲبی سان ان لاک کرنِہ پِن2"},{"$i":"ServiceIsEnabled","$v":"سروس چھِ کارگر"},{"$i":"ServiceIsDisabled","$v":"سروس چھِ ناکار کریتھ"},{"$i":"ServiceIsEnabledFor","$v":"سروس چھِ کارگر یتھ خٲطر:"},{"$i":"emMmiError","$v":"کوڈ MMI کنکشن مشکلات یا غلط"},{"$i":"emMmiErrorPasswordIncorrect","$v":"غیر درست شناختی لفظ"},{"$i":"emMmiErrorNotSupported","$v":"کوڈ MMI غیر درست یا بے سہارہ"},{"$i":"emMmiErrorInvalidAction","$v":"غیر درست حرکت"},{"$i":"emMmiErrorInvalidScCode","$v":"غیر درست سروس کوڈ"},{"$i":"emMmiErrorBadPuk","$v":"یوس توہ لکھیو چھِ غیر درست پی یو کے"},{"$i":"emMmiErrorBadPin","$v":"یوس توہ لکھیو چھِ نِہ درست PIN پرون"},{"$i":"emMmiErrorNeedPuk2","$v":"کاڈ ان لاک کرنِہ خٲطر سِم پنُن پی یو کے2 لکھیو"},{"$i":"emMmiErrorMismatchPin","$v":"یِم توہ لکھیو چھِ نِہ رلان پِنs"},{"$i":"emMmiErrorInvalidPin","$v":"نمبرات 8 پیٹھ 4 یوس آسِہ پِن لکھیو اکھ"},{"$i":"emMmiErrorNeedsPuk","$v":"لاک گومُت پی یو کے چھِ سِم تُہند"},{"$i":"emMmiErrorEnablePin","$v":"ناکامیاب LOCK سِم/RUIM کارگر کریو"},{"$i":"emMmiErrorMmiFdn","$v":"آپریشن چھِ پابند صرف فیکسڈ ڈائلنگ نمبرن"},{"$i":"emMmiErrorStkCcUssdDial","$v":"USSD عرضی چھِ ترٲشیتھ ڈائل عرضی خٲطر۔"},{"$i":"emMmiErrorStkCcUssdSs","$v":"USSD عرضی چھِ ترٲشیتھ SS عرضی خٲطر۔"},{"$i":"emMmiErrorStkCcUssdUssd","$v":"USSD عرضی چھِ ترٲشیتھ نیو USSD عرضی خٲطر۔"},{"$i":"emMmiErrorStkCcSsDial","$v":"درخواست آے تراش کرنِہ ڈائل درخواست SS"},{"$i":"emMmiErrorStkCcSsUssd","$v":"SS عرضی چھِ ترٲشیتھ USSD عرضی خٲطر۔"},{"$i":"emMmiErrorStkCcSsSs","$v":"درخواست SS درخواست آے تراش کرنِہ اکھ نیو SS"},{"$i":"emMmiErrorPinPukAttempts","$v":{"one":["نَے کوشش بٲقی ",{"t":"idOrVar","v":"n"}," صرف"],"two":["نَے سر کوشش بٲقی ",{"t":"idOrVar","v":"n"}],"few":["نَے سر کوشش بٲقی ",{"t":"idOrVar","v":"n"}],"many":["نَے سر کوشش بٲقی ",{"t":"idOrVar","v":"n"}],"other":["نَے سر کوشش بٲقی ",{"t":"idOrVar","v":"n"}]},"$x":[{"t":"idOrVar","v":"plural"},"n"]},{"$i":"emMmiErrorSimBlocked","$v":"زیادِ خوت زیادِ نَے سر کوشش گَے تجاوُز بلاکڈ سِم"},{"$i":"RadioNotAvailable","$v":"ریڈیو چھِ نِہ دستیاب"},{"$i":"GenericFailure","$v":"کل ناکٲمی"},{"$i":"PasswordIncorrect","$v":"غلط پاس کوڈ"},{"$i":"SimPin2","$v":"سِم پِن2"},{"$i":"SimPuk2","$v":"سِم پی یو کے2"},{"$i":"RequestNotSupported","$v":"درخواست چھِ بے سہارہ"},{"$i":"OpNotAllowedDuringVoiceCall","$v":"آپریشن چھِ نِہ اجازت تھاوان وائس کالِ دوران"},{"$i":"SmsSendFailRetry","$v":"سوزُن ناکام نَے کریو کوشش SMS"},{"$i":"SimAbsent","$v":"غٲئب سِم"},{"$i":"SubscriptionNotAvailable","$v":"سبسکریپشن چھِ نِہ دستیاب"},{"$i":"ModeNotSupported","$v":"انداز چھِ بے سہارہ"},{"$i":"FdnCheckFailure","$v":"جانچ ناکٲمی ایف ڈی این"},{"$i":"IllegalSimOrMe","$v":"ME یا سِم ناجٲئز"},{"$i":"DialModifiedToUssd","$v":"سیتھ USSD ڈائل کُر تراش"},{"$i":"DialModifiedToSs","$v":"سیتھ SS ڈائل کُر تراش"},{"$i":"DialModifiedToDial","$v":"ڈائل کُر تراش ڈائل خٲطر"},{"$i":"UssdModifiedToDial","$v":"آو تراش کرنِہ ڈائل USSD"},{"$i":"UssdModifiedToSs","$v":"USSD آو تراش کرنِہ SS"},{"$i":"UssdModifiedToUssd","$v":"USSD آو تراش کرنِہ USSD"},{"$i":"SsModifiedToDial","$v":"آو تراش کرنِہ ڈائل SS"},{"$i":"SsModifiedToUssd","$v":"SS آو تراش کرنِہ USSD"},{"$i":"SsModifiedToSs","$v":"SS آو تراش کرنِہ SS"},{"$i":"SubscriptionNotSupported","$v":"سبسکریپشن چھِ بے سہارہ"},{"$i":"InvalidParameter","$v":"غیر درست پیرا میٹر"},{"$i":"RejectedByRemote","$v":"ریموٹ ذریعہ انکار"},{"$i":"conferenceCall","$v":["(",{"t":"idOrVar","v":"n"},") کانفرنس"]},{"$i":"caller-left-call","$v":["ہن ترٲے یلِہ کال ",{"t":"idOrVar","v":"caller"}]},{"$i":"conferenceAddError","$v":"ناکام کال مِلاونس"},{"$i":"conferenceRemoveError","$v":"ناکام کال نَہ مِلاونس"},{"$i":"longDateFormat","$v":"%A, %b %e"},{"$i":"select-audio-sources","$v":"چُنیو اکھ آڈیو ذریعہ"},{"$i":"bluetooth-handsfree-device","$v":"بلوٹوتھ ہینڈس فری ڈِوائس"},{"$i":"receiver","$v":"حصول کنندہ"},{"$i":"speaker","$v":"سپیکر"},{"$i":"tcl-cancel","$v":"رد کر"},{"$i":"tcl-dialer","$v":"ڈائلر"},{"$i":"tcl-confirmation","$v":"تصدیق"},{"$i":"log-item","$v":"انتخابات"},{"$i":"tcl-assign-speed-dial","$v":["۔\"",{"t":"idOrVar","v":"speedDial"},"\" رٲبطہ آو نِہ شٲمل کرنِہ بٹنس پیٹھ از سپیڈ ڈائل"]},{"$i":"tcl-assign","$v":"مقرر کر"},{"$i":"select","$v":"چُنیو"},{"$i":"deselect","$v":"مَہ چُنیو"},{"$i":"view-all","$v":"ھاو تمام"},{"$i":"search-results","$v":"ژھارن نتیجہ"},{"$i":"no-recent-numbers","$v":"یتِہ چھِ نِہ کاہ تازہ نمبرات کال لاگس اندر ڈائل باپت۔"},{"$i":"wifi-calling","$v":"کالنگ وائی فائی"},{"$i":"dialer-prompt","$v":"ڈائل کر نمبر یا چُنیو رٲبطہ کال شٲمل کرنِہ خٲطر"},{"$i":"hours","$v":"گھنٹہ"},{"$i":"minutes","$v":"منٹ"},{"$i":"seconds","$v":"سیکنڈ"},{"$i":"voiceMail","$v":"وائس میل"},{"$i":"weekday-0-long","$v":"آتھوار"},{"$i":"weekday-1-long","$v":"ژیندوار"},{"$i":"weekday-2-long","$v":"بوموار"},{"$i":"weekday-3-long","$v":"بُدھوار"},{"$i":"weekday-4-long","$v":"بریسوار"},{"$i":"weekday-5-long","$v":"جُمع"},{"$i":"weekday-6-long","$v":"بٹوار"},{"$i":"weekday-0-short","$v":"آتھوار"},{"$i":"weekday-1-short","$v":"ژیندوار"},{"$i":"weekday-2-short","$v":"بوموار"},{"$i":"weekday-3-short","$v":"بُدھوار"},{"$i":"weekday-4-short","$v":"بریسوار"},{"$i":"weekday-5-short","$v":"جُمع"},{"$i":"weekday-6-short","$v":"بٹوار"},{"$i":"month-0-long","$v":"جنوری"},{"$i":"month-1-long","$v":"فروری"},{"$i":"month-2-long","$v":"مارچ"},{"$i":"month-3-long","$v":"اپریل"},{"$i":"month-4-long","$v":"مئی"},{"$i":"month-5-long","$v":"جون"},{"$i":"month-6-long","$v":"جولائی"},{"$i":"month-7-long","$v":"اگست"},{"$i":"month-8-long","$v":"ستمبر"},{"$i":"month-9-long","$v":"اکتومبر"},{"$i":"month-10-long","$v":"نومبر"},{"$i":"month-11-long","$v":"دسمبر"},{"$i":"month-0-genitive","$v":"جنوری"},{"$i":"month-1-genitive","$v":"فروری"},{"$i":"month-2-genitive","$v":"مارچ"},{"$i":"month-3-genitive","$v":"اپریل"},{"$i":"month-4-genitive","$v":"مئی"},{"$i":"month-5-genitive","$v":"جون"},{"$i":"month-6-genitive","$v":"جولائی"},{"$i":"month-7-genitive","$v":"اگست"},{"$i":"month-8-genitive","$v":"ستمبر"},{"$i":"month-9-genitive","$v":"اکتومبر"},{"$i":"month-10-genitive","$v":"نومبر"},{"$i":"month-11-genitive","$v":"دسمبر"},{"$i":"month-0-short","$v":"جنوری"},{"$i":"month-1-short","$v":"فروری"},{"$i":"month-2-short","$v":"مارچ"},{"$i":"month-3-short","$v":"اپریل"},{"$i":"month-4-short","$v":"مئی"},{"$i":"month-5-short","$v":"جون"},{"$i":"month-6-short","$v":"جولائی"},{"$i":"month-7-short","$v":"اگست"},{"$i":"month-8-short","$v":"ستمبر"},{"$i":"month-9-short","$v":"اکتومبر"},{"$i":"month-10-short","$v":"نومبر"},{"$i":"month-11-short","$v":"دسمبر"},{"$i":"minutes-ago-long","$v":{"zero":"صرف وین","one":"اکھ منٹ برونٹھ","two":["منٹ برونٹھ ",{"t":"idOrVar","v":"value"}],"few":["منٹ برونٹھ ",{"t":"idOrVar","v":"value"}],"many":["منٹ برونٹھ ",{"t":"idOrVar","v":"value"}],"other":["منٹ برونٹھ ",{"t":"idOrVar","v":"value"}]},"$x":[{"t":"idOrVar","v":"plural"},"value"]},{"$i":"hours-ago-long","$v":{"zero":"صرف وین","one":"اکھ گھنٹہ برونٹھ","two":["گھنٹہ برونٹھ ",{"t":"idOrVar","v":"value"}],"few":["گھنٹہ برونٹھ ",{"t":"idOrVar","v":"value"}],"many":["گھنٹہ برونٹھ ",{"t":"idOrVar","v":"value"}],"other":["گھنٹہ برونٹھ ",{"t":"idOrVar","v":"value"}]},"$x":[{"t":"idOrVar","v":"plural"},"value"]},{"$i":"days-ago-long","$v":{"zero":"از","one":"راتھ","two":["دوہ برونٹھ ",{"t":"idOrVar","v":"value"}],"few":["دوہ برونٹھ ",{"t":"idOrVar","v":"value"}],"many":["دوہ برونٹھ ",{"t":"idOrVar","v":"value"}],"other":["دوہ برونٹھ ",{"t":"idOrVar","v":"value"}]},"$x":[{"t":"idOrVar","v":"plural"},"value"]},{"$i":"weeks-ago-long","$v":{"zero":"یِہ ہفتہ","one":"پیتِم ہفتہ","two":["ہفتہ برونٹھ ",{"t":"idOrVar","v":"value"}],"few":["ہفتہ برونٹھ ",{"t":"idOrVar","v":"value"}],"many":["ہفتہ برونٹھ ",{"t":"idOrVar","v":"value"}],"other":["ہفتہ برونٹھ ",{"t":"idOrVar","v":"value"}]},"$x":[{"t":"idOrVar","v":"plural"},"value"]},{"$i":"months-ago-long","$v":{"zero":"یِہ ریتھ","one":"پیتِم ریتھ","two":["ریتھ برونٹھ ",{"t":"idOrVar","v":"value"}],"few":["ریتھ برونٹھ ",{"t":"idOrVar","v":"value"}],"many":["ریتھ برونٹھ ",{"t":"idOrVar","v":"value"}],"other":["ریتھ برونٹھ ",{"t":"idOrVar","v":"value"}]},"$x":[{"t":"idOrVar","v":"plural"},"value"]},{"$i":"years-ago-long","$v":{"zero":"یِہ وریح","one":"پیتِم وریح","two":["وریح برونٹھ ",{"t":"idOrVar","v":"value"}],"few":["وریح برونٹھ ",{"t":"idOrVar","v":"value"}],"many":["وریح برونٹھ ",{"t":"idOrVar","v":"value"}],"other":["وریح برونٹھ ",{"t":"idOrVar","v":"value"}]},"$x":[{"t":"idOrVar","v":"plural"},"value"]},{"$i":"minutes-until-long","$v":{"zero":"وین","one":"اکِس منٹس منز","two":["منز ",{"t":"idOrVar","v":"value"}," منٹن"],"few":["منز ",{"t":"idOrVar","v":"value"}," منٹن"],"many":["منز ",{"t":"idOrVar","v":"value"}," منٹن"],"other":["منز ",{"t":"idOrVar","v":"value"}," منٹن"]},"$x":[{"t":"idOrVar","v":"plural"},"value"]},{"$i":"hours-until-long","$v":{"zero":"وین","one":"اکِس گھنٹس منز","two":["منز ",{"t":"idOrVar","v":"value"}," گھنٹن"],"few":["منز ",{"t":"idOrVar","v":"value"}," گھنٹن"],"many":["منز ",{"t":"idOrVar","v":"value"}," گھنٹن"],"other":["منز ",{"t":"idOrVar","v":"value"}," گھنٹن"]},"$x":[{"t":"idOrVar","v":"plural"},"value"]},{"$i":"days-until-long","$v":{"zero":"از","one":"پگاہ","two":["منز ",{"t":"idOrVar","v":"value"}," دوہن"],"few":["منز ",{"t":"idOrVar","v":"value"}," دوہن"],"many":["منز ",{"t":"idOrVar","v":"value"}," دوہن"],"other":["منز ",{"t":"idOrVar","v":"value"}," دوہن"]},"$x":[{"t":"idOrVar","v":"plural"},"value"]},{"$i":"weeks-until-long","$v":{"zero":"یِہ ہفتہ","one":"نو ہفتہ","two":["منز ",{"t":"idOrVar","v":"value"}," ہفتن"],"few":["منز ",{"t":"idOrVar","v":"value"}," ہفتن"],"many":["منز ",{"t":"idOrVar","v":"value"}," ہفتن"],"other":["منز ",{"t":"idOrVar","v":"value"}," ہفتن"]},"$x":[{"t":"idOrVar","v":"plural"},"value"]},{"$i":"months-until-long","$v":{"zero":"یِہ ریتھ","one":"نو ریتھ","two":["منز ",{"t":"idOrVar","v":"value"}," ریتھن"],"few":["منز ",{"t":"idOrVar","v":"value"}," ریتھن"],"many":["منز ",{"t":"idOrVar","v":"value"}," ریتھن"],"other":["منز ",{"t":"idOrVar","v":"value"}," ریتھن"]},"$x":[{"t":"idOrVar","v":"plural"},"value"]},{"$i":"years-until-long","$v":{"zero":"یِہ وریح","one":"نو وریح","two":["منز ",{"t":"idOrVar","v":"value"}," وریہن"],"few":["منز ",{"t":"idOrVar","v":"value"}," وریہن"],"many":["منز ",{"t":"idOrVar","v":"value"}," وریہن"],"other":["منز ",{"t":"idOrVar","v":"value"}," وریہن"]},"$x":[{"t":"idOrVar","v":"plural"},"value"]},{"$i":"minutes-ago-short","$v":{"zero":"صرف وین","other":["برونٹھ m",{"t":"idOrVar","v":"value"}]},"$x":[{"t":"idOrVar","v":"plural"},"value"]},{"$i":"hours-ago-short","$v":{"zero":"صرف وین","other":["برونٹھ h",{"t":"idOrVar","v":"value"}]},"$x":[{"t":"idOrVar","v":"plural"},"value"]},{"$i":"days-ago-short","$v":{"zero":"از","other":["برونٹھ d",{"t":"idOrVar","v":"value"}]},"$x":[{"t":"idOrVar","v":"plural"},"value"]},{"$i":"minutes-until-short","$v":{"zero":"وین","other":["منز ",{"t":"idOrVar","v":"value"},"m"]},"$x":[{"t":"idOrVar","v":"plural"},"value"]},{"$i":"hours-until-short","$v":{"zero":"وین","other":["منز ",{"t":"idOrVar","v":"value"},"h"]},"$x":[{"t":"idOrVar","v":"plural"},"value"]},{"$i":"days-until-short","$v":{"zero":"از","other":["منز ",{"t":"idOrVar","v":"value"},"d"]},"$x":[{"t":"idOrVar","v":"plural"},"value"]},{"$i":"incorrectDate","$v":"﴾غیر درست تٲریخ﴿"},{"$i":"dateTimeFormat_%c","$v":"%a %b %e %Y %I:%M:%S %p"},{"$i":"dateTimeFormat_%x","$v":"%m/%d/%Y"},{"$i":"dateTimeFormat_%X","$v":"%I:%M:%S %p"},{"$i":"shortTimeFormat","$v":"%I:%M %p"},{"$i":"shortTimeFormat12","$v":"%I:%M %p"},{"$i":"shortTimeFormat24","$v":"%H:%M"},{"$i":"shortDateTimeFormat","$v":"%x %I:%M %p"},{"$i":"weekStartsOnMonday","$v":"0"},{"$i":"firstDayOfTheWeek","$v":"0"},{"$i":"time_am","$v":"AM"},{"$i":"time_pm","$v":"PM"},{"$i":"label","$v":"لیبل"},{"$i":"mobile","$v":"موبائل"},{"$i":"home","$v":"گھر"},{"$i":"work","$v":"کیم"},{"$i":"personal","$v":"ذٲتی"},{"$i":"faxHome","$v":"فیکس ھوم"},{"$i":"faxOffice","$v":"فیکس دفتر"},{"$i":"faxOther","$v":"فیکس بٲقی"},{"$i":"another","$v":"بدل اکھ"},{"$i":"other","$v":"بدل"},{"$i":"tcl-customTag","$v":"کسٹم ٹیگ"},{"$i":"customTag","$v":"کسٹم ٹیگ","placeholder":"کسٹم ٹیگ"},{"$i":"current","$v":"حالیہ"},{"$i":"itemWithLabel","$v":[{"t":"idOrVar","v":"label"},", ",{"t":"idOrVar","v":"item"}]},{"$i":"airplaneMode","$v":"ایٛر پلین طریقہ"},{"$i":"searching","$v":"ژھاران۔ ۔ ۔"},{"$i":"noNetwork","$v":"کاہ نیٹورک نِہ"},{"$i":"roaming","$v":["﴾رومنگ﴿",{"t":"idOrVar","v":"operator"}]},{"$i":"operator-info","$v":[{"t":"idOrVar","v":"carrier"}," ",{"t":"idOrVar","v":"region"}]},{"$i":"emergencyCallsOnly","$v":"صرف امرجنسی کال"},{"$i":"emergencyCallsOnly-unknownSIMState","$v":"﴾حالت سِم انجان﴿"},{"$i":"emergencyCallsOnly-noSIM","$v":"﴾نِہ سِم کاہ﴿"},{"$i":"emergencyCallsOnly-pinRequired","$v":"﴾چھِ ضورتھ سِم پِن﴿"},{"$i":"emergencyCallsOnly-pukRequired","$v":"﴾سِم پی یوٗ کے چھِ ضورتھ﴿"},{"$i":"emergencyCallsOnly-networkLocked","$v":"﴾نیٹورک چھِ لاک﴿"},{"$i":"emergencyCallsOnly-serviceProviderLocked","$v":"﴾سروس مھیا کرن وول چھِ لاک﴿"},{"$i":"emergencyCallsOnly-corporateLocked","$v":"﴾کارپوریٹ لاک گومُت﴿"},{"$i":"emergencyCallsOnly-network1Locked","$v":"﴾چھِ لاک 1نیٹورک﴿"},{"$i":"emergencyCallsOnly-network2Locked","$v":"﴾چھِ لاک 2نیٹورک﴿"},{"$i":"emergencyCallsOnly-hrpdNetworkLocked","$v":"﴾نیٹورک چھِ لاک hrpd﴿"},{"$i":"emergencyCallsOnly-ruimCorporateLocked","$v":"﴾کارپوریٹ چھِ لاک ruim﴿"},{"$i":"emergencyCallsOnly-ruimServiceProviderLocked","$v":"﴾سروس مھیا کرن وول چھِ لاک ruim﴿"},{"$i":"lockscreen-sim-id","$v":["سِم ",{"t":"idOrVar","v":"n"}]},{"$i":"charging-no-time","$v":["چارج سپُد %",{"t":"idOrVar","v":"level"}]},{"$i":"charging-minutes","$v":{"zero":["(",{"t":"idOrVar","v":"minutes"}," منٹ یتام پور چارج گژھ) چارج سپُد",{"t":"idOrVar","v":"level"},"%"],"one":["(",{"t":"idOrVar","v":"minutes"}," منٹ یتام پور چارج گژھ) چارج سپُد",{"t":"idOrVar","v":"level"},"%"],"two":["(",{"t":"idOrVar","v":"minutes"}," منٹ یتام پور چارج گژھ) چارج سپُد",{"t":"idOrVar","v":"level"},"%"],"few":["(",{"t":"idOrVar","v":"minutes"}," منٹ یتام پور چارج گژھ) چارج سپُد",{"t":"idOrVar","v":"level"},"%"],"many":["(",{"t":"idOrVar","v":"minutes"}," منٹ یتام پور چارج گژھ) چارج سپُد",{"t":"idOrVar","v":"level"},"%"],"other":["(",{"t":"idOrVar","v":"minutes"}," منٹ یتام پور چارج گژھ) چارج سپُد",{"t":"idOrVar","v":"level"},"%"]},"$x":[{"t":"idOrVar","v":"plural"},"minutes"]},{"$i":"charging-hours","$v":{"zero":["(",{"t":"idOrVar","v":"hours"},"h ",{"t":"idOrVar","v":"minutes"}," منٹ یتام پور چارج گژھ) چارج سپُد",{"t":"idOrVar","v":"level"},"%"],"one":["(",{"t":"idOrVar","v":"hours"},"h ",{"t":"idOrVar","v":"minutes"}," منٹ یتام پور چارج گژھ) چارج سپُد",{"t":"idOrVar","v":"level"},"%"],"two":["(",{"t":"idOrVar","v":"hours"},"h ",{"t":"idOrVar","v":"minutes"}," منٹ یتام پور چارج گژھ) چارج سپُد",{"t":"idOrVar","v":"level"},"%"],"few":["(",{"t":"idOrVar","v":"hours"},"h ",{"t":"idOrVar","v":"minutes"}," منٹ یتام پور چارج گژھ) چارج سپُد",{"t":"idOrVar","v":"level"},"%"],"many":["(",{"t":"idOrVar","v":"hours"},"h ",{"t":"idOrVar","v":"minutes"}," منٹ یتام پور چارج گژھ) چارج سپُد",{"t":"idOrVar","v":"level"},"%"],"other":["(",{"t":"idOrVar","v":"hours"},"h ",{"t":"idOrVar","v":"minutes"}," منٹ یتام پور چارج گژھ) چارج سپُد",{"t":"idOrVar","v":"level"},"%"]},"$x":[{"t":"idOrVar","v":"plural"},"minutes"]},{"$i":"phoneNumberInput","ariaLabel":"فون نمبر"},{"$i":"keypadDelete","ariaLabel":"خٲرج"},{"$i":"voiceMailKey","ariaLabel":"وائس میل"},{"$i":"asterisk","ariaLabel":"ایسٹرسک"},{"$i":"hashSign","ariaLabel":"ہیش نشان"},{"$i":"loadingSimContacts","$v":"کاڈ رٲبطہ۔۔۔ سِم لوڈ کران"},{"$i":"noContactsWereFound","$v":"کاہ رٲبطہ لوب نِہ"},{"$i":"noContactsFoundDialogOk","$v":"ٹھیک"},{"$i":"emergencyNumber","$v":"امرجنسی نمبر"},{"$i":"callAirplaneModeMessage","$v":"کال کرنِہ خٲطر چھِ توہ ضورتھ سیٹنگس منز ایرپلین انداز ناکار کرُن"},{"$i":"callAirplaneModeBtnOk","$v":"ٹھیک"},{"$i":"callAirplaneModeTitle","$v":"ایر پلین انداز چالو"},{"$i":"numberIsBusyTitle","$v":"نمبر چھِ آوُر"},{"$i":"numberIsBusyMessage","$v":"نمبر چھِ فی الحال آوُر۔ مہربٲنی کریتھ کریو پتِہ پہن کوشش۔"},{"$i":"fdnIsActiveTitle","$v":"چالو FDN"},{"$i":"fdnIsActiveMessage","$v":[":فہرست منز ایف ڈی این فیکسڈ ڈائلنگ نمبر چھِ چالو تِہ یِہ ذیل نمبر چھِ نِہ تہندیس ایف ڈی این ",{"t":"idOrVar","v":"number"}]},{"$i":"emergencyDialogBodyBadNumber","$v":"کال کرنِہ خٲطر، فون گژھ آسُن جوڑیتھ نیٹورکس سیتھ"},{"$i":"emergencyDialogBodyDeviceNotAccepted","$v":"ھنگٲمی کال چھِ نِہ نیٹورک سیتھ اجازت تھاوان۔"},{"$i":"emergencyDialogBtnOk","$v":"ٹھیک"},{"$i":"emergencyDialogTitle","$v":"کاہ نیٹورک کنکشن چھِ نِہ"},{"$i":"invalidNumberToDialTitle","$v":"غیر درست فون نمبر"},{"$i":"invalidNumberToDialMessage","$v":"فون نمبر یتھ توہ کال چھو کران چھِ نِہ درست"},{"$i":"unableToCallTitle","$v":"ناکام وین اکھ کال کرنس"},{"$i":"unableToCallMessage","$v":"ھیکِہ نِہ اکھ کال کریتھ اگر توہ گوڈاے چھو ڈائل کران، مہربٲنی کریتھ کریو گوڈِ بند"},{"$i":"otherConnectionInUseTitle","$v":"بدل کنکشن چھِ استعمالس منز"},{"$i":"otherConnectionInUseMessage","$v":"توہ چھِ اکھ ایکٹیو کال بدل کنکشنس پیٹھ۔ توہ ھیکو صرف اکھ کنکشن اکِہ وقتہ استعمال کریتھ"},{"$i":"clear","$v":"صاف کر"},{"$i":"dialer","$v":"ڈائلر"},{"$i":"tcl-incomming-call","$v":"ینِہ واجن کال"},{"$i":"tcl-in-call","$v":"کالِ منز"},{"$i":"tcl-answer","$v":"جواب"},{"$i":"tcl-end-answer","$v":"ختم تِہ جواب"},{"$i":"tcl-decline","$v":"انکار"},{"$i":"tcl-mute","$v":"خاموش"},{"$i":"tcl-unmute","$v":"نا خاموش"},{"$i":"tcl-speaker","$v":"سپیکر"},{"$i":"tcl-speaker-off","$v":"سپیکر آف"},{"$i":"tcl-microphone-mute-notification","$v":"مائکروفون چھِ میوٹ"},{"$i":"tcl-microphone-active-notification","$v":"مائکروفون چھِ چالو"},{"$i":"tcl-speaker-off-notification","$v":"خٲرجی سپیکر آو آف کرنِہ"},{"$i":"tcl-speaker-on-notification","$v":"خٲرجی سپیکر آو آن کرنِہ"},{"$i":"tcl-hold-and-answer","$v":"تھٲیو ہولڈس پیٹھ تِہ دِیو جواب"},{"$i":"tcl-ignore-call","$v":"نظر انداز کریو ینِہ واجن کال"},{"$i":"tcl-add-to-call","$v":"شٲمل کر کال"},{"$i":"tcl-switch-to-second-line","$v":"سویپ کریو کال"},{"$i":"tcl-merge-calls","$v":"مِلاو کال"},{"$i":"btnOk","$v":"ٹھیک"},{"$i":"losing-wifi-msg","$v":"راوان وائی فائی"},{"$i":"hd","$v":"HD"},{"$i":"manage-call","$v":"کال انتظام کریو"},{"$i":"end","$v":"ختم کر کال"},{"$i":"private","$v":"نجی"},{"$i":"sound","$v":"آواز"},{"$i":"bluetooth-device","$v":"بلوٹوتھ ڈِوائس"},{"$i":"handset-earpiece","$v":"ہیڈ سیٹ"},{"$i":"call-ended","$v":"کال ختم"},{"$i":"payphone","$v":"پے فون"},{"$i":"contact","$v":"رٲبطہ"},{"$i":"volume","$v":"آواز حد"},{"$i":"softkey-options","$v":"انتخابات"},{"$i":"resume-call","$v":"جٲری تھاو  کال"},{"$i":"switch-to-device-toast","$v":"سوئچ کُر بلوٹوتھ ڈِوائس"},{"$i":"switch-to-handset-toast","$v":"سوئچ کُر ہیڈ سیٹ ایر پیس ڈِوائس"},{"$i":"switch-to-speaker-toast","$v":"سوئچ کُر سپیکر"},{"$i":"emergency-call","$v":"یتِہ چھِ اکھ ھنگٲمی کال۔"},{"$i":"link","$v":"تارکانج:"},{"$i":"call-left-conference-toast","$v":["ترٲوین کال یلِہ ",{"t":"idOrVar","v":"number"}]}]