[{"$i":"tcl-calllog-entry-removed-succ-notification","$v":"कॉल लॉग हटैल गेल्लै"},{"$i":"tcl-calllog-entry-removed-err-notification","$v":"कॉल लॉग के प्रविष्‍टी हटाएल नहि जा सकैत अछि"},{"$i":"addNewNumber","$v":"नया नंबर जोरू"},{"$i":"contactDetails","$v":"संपर्क विवरण"},{"$i":"addToExistingContact","$v":"मौजूदा संपर्क सँ जोड़ू"},{"$i":"all","$v":"सब","ariaLabel":"सब"},{"$i":"bluetoothOption","$v":""},{"$i":"callLog","$v":"कॉल लॉग"},{"$i":"callLogEdit","title":"कॉल लोग सम्पादित करू"},{"$i":"tcl-option-menu-call-log-edit","$v":"कॉल लोग सम्पादित करू"},{"$i":"callLogEditDialog","ariaLabel":"कॉल लोफ डायलॉग सम्पादित करू"},{"$i":"tcl-call-log-delete-group-notification","$v":[{"t":"idOrVar","v":"n"}," एंट्री डिलीट कैइल गेल्लइ"]},{"$i":"connecting","$v":"कॉल भ रहल अछि"},{"$i":"connectingEllipsis","$v":"कनेक्ट क रहल अछि"},{"$i":"call-forwarding-async","$v":"एसिंक्रोनस"},{"$i":"call-forwarding-data","$v":"डेटा"},{"$i":"call-forwarding-error","$v":"कॉल फॉरवर्ड स्टेटस रिट्रीव करबाक काल मे एरर भ गेल."},{"$i":"call-forwarding-fax","$v":["FAX: ",{"t":"idOrVar","v":"fax"}]},{"$i":"call-forwarding-inactive","$v":"असक्रिय"},{"$i":"call-forwarding-packet","$v":["पैकेट: ",{"t":"idOrVar","v":"packet"}]},{"$i":"call-forwarding-pad","$v":["PAD: ",{"t":"idOrVar","v":"pad"}]},{"$i":"call-forwarding-sms","$v":["SMS: ",{"t":"idOrVar","v":"sms"}]},{"$i":"call-forwarding-status","$v":"कॉल फॉरवर्डिंग स्टेटस"},{"$i":"call-forwarding-sync","$v":["सिंक्रोनस ",{"t":"idOrVar","v":"sync"}]},{"$i":"call-forwarding-voice","$v":["वाय्स : ",{"t":"idOrVar","v":"voice"}]},{"$i":"close","$v":"बंद"},{"$i":"confirm-deletion","$v":"चयनित कॉल साफ़ करू?"},{"$i":"contacts","ariaLabel":"संपर्क"},{"$i":"createNewContact","$v":"नवका संपर्क क्रियेट करू"},{"$i":"delete","$v":"मिटाउ"},{"$i":"calllog-deselectAll","$v":"सब क अचयनित करी"},{"$i":"dialerAddContact","$v":""},{"$i":"dialerAddContactDialog","ariaLabel":"कांटेक्ट डायलॉग जोरू"},{"$i":"callInformation","$v":"कॉल जानकारी"},{"$i":"edit-selected","$v":{"one":["चयनित (",{"t":"idOrVar","v":"n"},")"],"two":["चयनित (",{"t":"idOrVar","v":"n"},")"],"few":["चयनित (",{"t":"idOrVar","v":"n"},")"],"many":["चयनित (",{"t":"idOrVar","v":"n"},")"],"other":["चयनित (",{"t":"idOrVar","v":"n"},")"]},"$x":[{"t":"idOrVar","v":"plural"},"n"]},{"$i":"tcl-edit-not-selected","$v":"चयनित (0)"},{"$i":"edit","$v":"संपादन"},{"$i":"hideKeypad","ariaLabel":"हाईड कीपैड"},{"$i":"ignore","$v":""},{"$i":"incoming","$v":"इनकमिंग"},{"$i":"keypad","ariaLabel":"कीपैड"},{"$i":"makeCall","$v":""},{"$i":"merge","$v":""},{"$i":"info-missed","$v":"छूटल"},{"$i":"missed","$v":"छूटल","ariaLabel":"छूटल"},{"$i":"dialed","$v":"डायल किया गया"},{"$i":"received","$v":"प्राप्त भेल"},{"$i":"canceled","$v":"कैंसिल भ गेल्लै"},{"$i":"missedCall","$v":"छूटल कॉल"},{"$i":"missedCallMultiSims","$v":["(सिम ",{"t":"idOrVar","v":"n"},") मिस्ड कॉल"]},{"$i":"mmi-error","$v":"संदेश पठेबाक काल मे एरर भ गेल."},{"$i":"mmi-session-expired","$v":"सेशन एक्सपाइर्ड"},{"$i":"mmi-successfully-sent","$v":"मेसेज सफलता पूर्वक भेजल गेल"},{"$i":"mmi-notification-title-with-sim","$v":["(",{"t":"idOrVar","v":"sim"},") ",{"t":"idOrVar","v":"title"}]},{"$i":"mute","$v":""},{"$i":"newCall","$v":""},{"$i":"no-logs-msg-1","$v":"कोनो कॉल रिकार्डेड नै छै"},{"$i":"no-logs-msg-2","$v":"एखन संचार शुरू करू"},{"$i":"no-logs-msg-3","$v":"कोनो कॉल रिकार्डेड नै छै"},{"$i":"no-logs-msg-4","$v":"एखन संचार शुरू करू"},{"$i":"onHoldOption","$v":""},{"$i":"outgoing","$v":"आउटगोइंग"},{"$i":"recents","ariaLabel":"रीसेंट कॉल्स"},{"$i":"reply","$v":"जवाब"},{"$i":"calllog-selectAll","$v":"सब चयनित करू"},{"$i":"send","$v":"भेजू"},{"$i":"switch-calls","$v":"स्विच कॉल्स"},{"$i":"today","$v":"आई"},{"$i":"withheld-number","$v":"अज्ञात"},{"$i":"from-contact","$v":["से ",{"t":"idOrVar","v":"contact"}]},{"$i":"from-number","$v":["से ",{"t":"idOrVar","v":"number"}]},{"$i":"from-withheld-number","$v":"अनजान नम्बर सा"},{"$i":"yesterday","$v":"काल्हि"},{"$i":"sending","$v":"भेजा रहल छै"},{"$i":"speakerOption","$v":""},{"$i":"ussd-services","$v":[{"t":"idOrVar","v":"operator"}," सर्विसेज"]},{"$i":"toggleKeypad","$v":""},{"$i":"type-your-response","placeholder":"अप्पन जवाब टाइप करू"},{"$i":"clear-all-text","$v":"सब टेक्स्ट साफ़ करू"},{"$i":"hide","$v":"छिपाउ"},{"$i":"call","$v":"कॉल"},{"$i":"hold","$v":"होल्‍ड"},{"$i":"resume","$v":"रेज़्यूमे","ariaLabel":"रेज़्यूमे"},{"$i":"sendSms","$v":"मेसेज भेजू"},{"$i":"callEnded","$v":"कॉल समाप्त"},{"$i":"via-sim","$v":["सिम ",{"t":"idOrVar","v":"n"}," से"]},{"$i":"sim-number","$v":["सिम",{"t":"idOrVar","v":"n"}]},{"$i":"unknown","$v":"अज्ञात"},{"$i":"cancel","$v":"रद्द करू"},{"$i":"hangup-a11y-button","$v":""},{"$i":"pickup-a11y-button","$v":""},{"$i":"unlock-a11y-button","ariaLabel":"स्लाइडर"},{"$i":"settings","$v":"सेटिंग्स"},{"$i":"tcl-delete-log","$v":"आहां कॉल लोग से एंट्री डिलीट करअ चाहै छियै?"},{"$i":"delete-n-log?","$v":{"zero":"किछ चयनित नै","one":"चयनित लॉग डिलीट करू?","two":[{"t":"idOrVar","v":"n"}," लॉग्स डिलीट करू?"],"few":[{"t":"idOrVar","v":"n"}," लॉग्स डिलीट करू?"],"many":[{"t":"idOrVar","v":"n"}," लॉग्स डिलीट करू?"],"other":[{"t":"idOrVar","v":"n"}," लॉग्स डिलीट करू?"]},"$x":[{"t":"idOrVar","v":"plural"},"n"]},{"$i":"composeEmail","ariaLabel":"ईमेल"},{"$i":"emailDetail","ariaLabel":"ईमेल"},{"$i":"phoneDetail","ariaLabel":"फोन"},{"$i":"send-sms-button","ariaLabel":"SMS"},{"$i":"separator","$v":","},{"$i":"callDurationMinutes","$v":[{"t":"idOrVar","v":"m"},":",{"t":"idOrVar","v":"s"}]},{"$i":"callDurationHours","$v":[{"t":"idOrVar","v":"h"},":",{"t":"idOrVar","v":"m"},":",{"t":"idOrVar","v":"s"}]},{"$i":"callDurationTextFormatSeconds","$v":[{"t":"idOrVar","v":"s"}," s"]},{"$i":"callDurationTextFormatMinutes","$v":[{"t":"idOrVar","v":"m"}," m ",{"t":"idOrVar","v":"s"},"s"]},{"$i":"callDurationTextFormatHours","$v":[{"t":"idOrVar","v":"h"}," h ",{"t":"idOrVar","v":"m"}," m ",{"t":"idOrVar","v":"s"}," s"]},{"$i":"suggestionMatches","$v":{"one":[{"t":"idOrVar","v":"n"}," लेल \"",{"t":"idOrVar","v":"matchNumber"},"\""],"two":[{"t":"idOrVar","v":"n"}," लेल \"",{"t":"idOrVar","v":"matchNumber"},"\""],"few":[{"t":"idOrVar","v":"n"}," लेल \"",{"t":"idOrVar","v":"matchNumber"},"\""],"many":[{"t":"idOrVar","v":"n"}," लेल \"",{"t":"idOrVar","v":"matchNumber"},"\""],"other":[{"t":"idOrVar","v":"n"}," लेल \"",{"t":"idOrVar","v":"matchNumber"},"\""]},"$x":[{"t":"idOrVar","v":"plural"},"n"]},{"$i":"scCallBarring","$v":"कॉल बारिंग"},{"$i":"scCallForwarding","$v":"कॉल फोर्वार्डिंग"},{"$i":"scClip","$v":"इनकमिंग कॉलर ID"},{"$i":"scClir","$v":"आउटगोइंग कॉलर ID"},{"$i":"scPwd","$v":"पासवर्ड परिवर्तन"},{"$i":"scCallWaiting","$v":"प्रतीक्षारत कॉल"},{"$i":"scPin","$v":"पिन परिवर्तन"},{"$i":"scPin2","$v":"पिन2 बदलल गेल"},{"$i":"scPuk","$v":"अनब्लॉक पिन"},{"$i":"scPuk2","$v":"अनब्लॉक पिन 2"},{"$i":"scImei","$v":"IMEI"},{"$i":"scMeid","$v":"MEID"},{"$i":"scUssd","$v":"USSD"},{"$i":"serviceClassVoice","$v":"व्‍वाइस"},{"$i":"serviceClassData","$v":"डेटा"},{"$i":"serviceClassFax","$v":"FAX"},{"$i":"serviceClassSms","$v":"SMS"},{"$i":"serviceClassDataSync","$v":"सिंक"},{"$i":"serviceClassDataAsync","$v":"एसिंक"},{"$i":"serviceClassPacket","$v":"पैकेट"},{"$i":"serviceClassPad","$v":"PAD"},{"$i":"smServiceEnabled","$v":"सर्विस सक्रिय कैइल गेल्लई"},{"$i":"smServiceDisabled","$v":"सर्विस निष्क्रिय क देल गेल छै"},{"$i":"smServiceRegistered","$v":"पंजीकरण सफल"},{"$i":"smServiceErased","$v":"हटाएब सफ़ल रहल।"},{"$i":"smServiceInterrogated","$v":"आग्रह सफल"},{"$i":"smServiceNotProvisioned","$v":"सर्विस केर प्रावधान नै छै"},{"$i":"smClirPermanent","$v":"आहां कॉलर ID सेटिंग्स नै बदेइल छियै"},{"$i":"smClirDefaultOnNextCallOn","$v":"कॉलर ID डिफॉल्‍ट रूप सँ प्रतिबंधित. आगू के कॉल: प्रतिबंधित"},{"$i":"smClirDefaultOnNextCallOff","$v":"कॉलर ID डिफॉल्‍ट रूप सँ प्रतिबंधित. आगू के कॉल: प्रतिबंधित नाहिं"},{"$i":"smClirDefaultOffNextCallOn","$v":"कॉलर ID डिफॉल्‍ट रूप सँ प्रतिबंधित नाहिं. आगू के कॉल: प्रतिबंधित"},{"$i":"smClirDefaultOffNextCallOff","$v":"कॉलर ID डिफॉल्‍ट रूप सँ प्रतिबंधित नाहिं. आगू के कॉल: प्रतिबंधित नाहिं"},{"$i":"smServiceEnabledFor","$v":"के लेल सेवा सक्षम छल :"},{"$i":"smPinChanged","$v":"पिन सफलतापूर्वक बदलल गेल"},{"$i":"smPinUnblocked","$v":"पिन सफलतापूर्वक अनब्लॉक"},{"$i":"smPin2Changed","$v":"पिन2 सफलतापूर्वक बदलल गेल"},{"$i":"smPin2Unblocked","$v":"पिन2 सफलतापूर्वक अनब्लॉक"},{"$i":"ServiceIsEnabled","$v":"सर्विस सक्रिय छै"},{"$i":"ServiceIsDisabled","$v":"सर्विस निष्क्रिय छै"},{"$i":"ServiceIsEnabledFor","$v":"लेल सर्विस सक्रिय छै:"},{"$i":"emMmiError","$v":"कनेक्शन प्रॉब्लम या अमान्य MMI कोड"},{"$i":"emMmiErrorPasswordIncorrect","$v":"त्रुटिपूर्ण पासवर्ड"},{"$i":"emMmiErrorNotSupported","$v":"अमान्य अथवा असमर्थित एमएमआइ कोड"},{"$i":"emMmiErrorInvalidAction","$v":"अमान्य एक्शन"},{"$i":"emMmiErrorInvalidScCode","$v":"अमान्य सर्विस कोड"},{"$i":"emMmiErrorBadPuk","$v":"PUK गलत छै"},{"$i":"emMmiErrorBadPin","$v":"पुराण पिन ज आहां देलियाई से गलत छै."},{"$i":"emMmiErrorNeedPuk2","$v":"सिम कार्ड क अनब्लॉक करेई लेल PUK2 टाइप करू"},{"$i":"emMmiErrorMismatchPin","$v":"ज पिन आहां लिखालियेई से नै मिललई"},{"$i":"emMmiErrorInvalidPin","$v":"एकटा एहेन पिन दियौ जे 4 से 8 नंबर क होए"},{"$i":"emMmiErrorNeedsPuk","$v":"आहां क सिम कार्ड PUK- लॉक्ड इछ"},{"$i":"emMmiErrorEnablePin","$v":"विफल सिम/RUIM लॉक सक्रिय करू"},{"$i":"emMmiErrorMmiFdn","$v":"ऑपरेशन रोकल गेल छै. फिक्स्ड डायलइंग नंबर मात्र"},{"$i":"emMmiErrorStkCcUssdDial","$v":"USSD रिक्वेस्ट डायल रिक्वेस्ट में बदलि गेल अछि"},{"$i":"emMmiErrorStkCcUssdSs","$v":"USSD रिक्वेस्ट SS रिक्वेस्ट में बदलि गेल अछि"},{"$i":"emMmiErrorStkCcUssdUssd","$v":"USSD रिक्वेस्ट नवका USSD रिक्वेस्ट में परिवर्तित भ गेल अछि"},{"$i":"emMmiErrorStkCcSsDial","$v":"SS रिक्वेस्ट डायल रिक्वेस्ट में संशोधित कैल गेल"},{"$i":"emMmiErrorStkCcSsUssd","$v":"SS अनुरोध USSD अनुरोध में बदलि गेल अछि."},{"$i":"emMmiErrorStkCcSsSs","$v":"SS रिक्वेस्ट नया SS रिक्वेस्ट में संशोधित कैल गेल"},{"$i":"emMmiErrorPinPukAttempts","$v":{"one":["मात्र ",{"t":"idOrVar","v":"n"}," प्रयास बाकी"],"two":[{"t":"idOrVar","v":"n"}," एंट्री बाकी"],"few":[{"t":"idOrVar","v":"n"}," एंट्री बाकी"],"many":[{"t":"idOrVar","v":"n"}," एंट्री बाकी"],"other":[{"t":"idOrVar","v":"n"}," एंट्री बाकी"]},"$x":[{"t":"idOrVar","v":"plural"},"n"]},{"$i":"emMmiErrorSimBlocked","$v":"रिट्राइ क अधिकतम नंबर भ गेल सिम ब्‍लॉक भ गेल"},{"$i":"RadioNotAvailable","$v":"रेडियो उपलब्ध नैई"},{"$i":"GenericFailure","$v":"जेनेरिक फेलियर"},{"$i":"PasswordIncorrect","$v":"गलत पासवर्ड"},{"$i":"SimPin2","$v":"सिम पिन 2"},{"$i":"SimPuk2","$v":"सिम PUK 2"},{"$i":"RequestNotSupported","$v":"रिक्वेस्ट नॉट सपोर्टेड"},{"$i":"OpNotAllowedDuringVoiceCall","$v":"वौइस् कॉल क दौरान ऑपरेशन क इज़ाज़त नै छै"},{"$i":"SmsSendFailRetry","$v":"SMS भेजननाइ विफल"},{"$i":"SimAbsent","$v":"सिम मौजूद नै"},{"$i":"SubscriptionNotAvailable","$v":"सब्सक्रिप्शन मौजूद नै"},{"$i":"ModeNotSupported","$v":"मोड सपोर्टेड नै छै"},{"$i":"FdnCheckFailure","$v":"FDN जांच विफल"},{"$i":"IllegalSimOrMe","$v":"अवैधानिक सिम अथवा एमई"},{"$i":"DialModifiedToUssd","$v":"डायल मॉडिफाइड टू USSD"},{"$i":"DialModifiedToSs","$v":"डायल मॉडिफाइड टू SS"},{"$i":"DialModifiedToDial","$v":"डायल मॉडिफाइड टू डायल"},{"$i":"UssdModifiedToDial","$v":"USSD डायल में संशोधित कैल गेल"},{"$i":"UssdModifiedToSs","$v":"USSD SS में संसोधित कैल गेल"},{"$i":"UssdModifiedToUssd","$v":"USSD USSD में संसोधित कैल गेल"},{"$i":"SsModifiedToDial","$v":"SS डायल में संशोधित कैल गेल"},{"$i":"SsModifiedToUssd","$v":"SS USSD में संशोधित कैल गेल"},{"$i":"SsModifiedToSs","$v":"SS SS में संशोधित कैल गेल"},{"$i":"SubscriptionNotSupported","$v":"सब्सक्रिप्शन सपोर्टेड नै छै"},{"$i":"InvalidParameter","$v":"अमान्य पैरामीटर"},{"$i":"RejectedByRemote","$v":"रिमोट द्वारा ठुक्रैलगेल"},{"$i":"conferenceCall","$v":["कांफ्रेंस (",{"t":"idOrVar","v":"n"},")"]},{"$i":"caller-left-call","$v":[{"t":"idOrVar","v":"caller"}," कॉल सँ बाहर भ गेलाह"]},{"$i":"conferenceAddError","$v":"कॉल मर्ज नहि भ सकैत अछि"},{"$i":"conferenceRemoveError","$v":"कॉल अनमर्ज नहि भ सकैत अछि"},{"$i":"longDateFormat","$v":"%A, %B %e"},{"$i":"select-audio-sources","$v":"ऑडियो-सर्विस चुनु"},{"$i":"bluetooth-handsfree-device","$v":"ब्लूटूथ हॅंडस्फ्री डिवाइस"},{"$i":"receiver","$v":"रिसीवर"},{"$i":"speaker","$v":"स्‍पीकर"},{"$i":"tcl-cancel","$v":"रद्द करू"},{"$i":"tcl-dialer","$v":"डायलर"},{"$i":"tcl-confirmation","$v":"कन्फर्मेशन"},{"$i":"log-item","$v":"विकल्प"},{"$i":"tcl-assign-speed-dial","$v":{"$o":["संपर्क \"",{"t":"idOrVar","v":"speedDial"},"\" बटन पर स्पीड डायल मे नहि जोड़ल गेल .<br><br>एखन असाइन करू?"]}},{"$i":"tcl-assign","$v":"असाइन"},{"$i":"select","$v":"सलेक्‍ट करू"},{"$i":"deselect","$v":"अचयनित"},{"$i":"view-all","$v":"सब देखू"},{"$i":"search-results","$v":"खोज केर परिणाम"},{"$i":"no-recent-numbers","$v":"डायल करै के लेल कॉल लॉग्स में कोनो नया नंबर नहि अछि ।"},{"$i":"wifi-calling","$v":"वाई फाई कालिंग"},{"$i":"dialer-prompt","$v":"नंबर डायल करू या कांटेक्ट केर चयन करू डायल करइ लेल"},{"$i":"hours","$v":"घंटे"},{"$i":"minutes","$v":"मिनट्स"},{"$i":"seconds","$v":"सेकंड्स"},{"$i":"voiceMail","$v":"वाय्समेल"},{"$i":"weekday-0-long","$v":"रवि"},{"$i":"weekday-1-long","$v":"सोम दिन"},{"$i":"weekday-2-long","$v":"मंगल दिन"},{"$i":"weekday-3-long","$v":"बुध दिन"},{"$i":"weekday-4-long","$v":"वृहस्‍पति दिन"},{"$i":"weekday-5-long","$v":"शुक्र दिन"},{"$i":"weekday-6-long","$v":"शनि दिन"},{"$i":"weekday-0-short","$v":"सुन"},{"$i":"weekday-1-short","$v":"मन"},{"$i":"weekday-2-short","$v":"ट्यू"},{"$i":"weekday-3-short","$v":"वेद"},{"$i":"weekday-4-short","$v":"थू"},{"$i":"weekday-5-short","$v":"फ्राइडे"},{"$i":"weekday-6-short","$v":"सैट"},{"$i":"month-0-long","$v":"जनुअरी"},{"$i":"month-1-long","$v":"फेब्रुअरी"},{"$i":"month-2-long","$v":"मार्च"},{"$i":"month-3-long","$v":"अप्रैल"},{"$i":"month-4-long","$v":"मई"},{"$i":"month-5-long","$v":"जून"},{"$i":"month-6-long","$v":"जुलाई"},{"$i":"month-7-long","$v":"अगस्त"},{"$i":"month-8-long","$v":"सितम्बर"},{"$i":"month-9-long","$v":"अक्टूबर"},{"$i":"month-10-long","$v":"नवम्बर"},{"$i":"month-11-long","$v":"दिसम्बर"},{"$i":"month-0-genitive","$v":"जनुअरी"},{"$i":"month-1-genitive","$v":"फेब्रुअरी"},{"$i":"month-2-genitive","$v":"मार्च"},{"$i":"month-3-genitive","$v":"अप्रैल"},{"$i":"month-4-genitive","$v":"मई"},{"$i":"month-5-genitive","$v":"जून"},{"$i":"month-6-genitive","$v":"जुलाई"},{"$i":"month-7-genitive","$v":"अगस्त"},{"$i":"month-8-genitive","$v":"सितम्बर"},{"$i":"month-9-genitive","$v":"अक्टूबर"},{"$i":"month-10-genitive","$v":"नवम्बर"},{"$i":"month-11-genitive","$v":"दिसम्बर"},{"$i":"month-0-short","$v":"जन"},{"$i":"month-1-short","$v":"फेब्रुअरी"},{"$i":"month-2-short","$v":"मर"},{"$i":"month-3-short","$v":"एप्र"},{"$i":"month-4-short","$v":"मई"},{"$i":"month-5-short","$v":"जून"},{"$i":"month-6-short","$v":"जुल"},{"$i":"month-7-short","$v":"औग"},{"$i":"month-8-short","$v":"सेप"},{"$i":"month-9-short","$v":"ओक्ट"},{"$i":"month-10-short","$v":"नोव"},{"$i":"month-11-short","$v":"दिसम्बर"},{"$i":"minutes-ago-long","$v":{"zero":"एखन तुरंत","one":"एक मिनट पहिने","two":[{"t":"idOrVar","v":"value"}," मिनट पहिने"],"few":[{"t":"idOrVar","v":"value"}," मिनट पहिने"],"many":[{"t":"idOrVar","v":"value"}," मिनट पहिने"],"other":[{"t":"idOrVar","v":"value"}," मिनट पहिने"]},"$x":[{"t":"idOrVar","v":"plural"},"value"]},{"$i":"hours-ago-long","$v":{"zero":"एखन तुरंत","one":"एक घंटा पहिने","two":[{"t":"idOrVar","v":"value"}," घंटा पहिने"],"few":[{"t":"idOrVar","v":"value"}," घंटा पहिने"],"many":[{"t":"idOrVar","v":"value"}," घंटा पहिने"],"other":[{"t":"idOrVar","v":"value"}," घंटा पहिने"]},"$x":[{"t":"idOrVar","v":"plural"},"value"]},{"$i":"days-ago-long","$v":{"zero":"आई","one":"काल्हि","two":[{"t":"idOrVar","v":"value"}," दिन पहिने"],"few":[{"t":"idOrVar","v":"value"}," दिन पहिने"],"many":[{"t":"idOrVar","v":"value"}," दिन पहिने"],"other":[{"t":"idOrVar","v":"value"}," दिन पहिने"]},"$x":[{"t":"idOrVar","v":"plural"},"value"]},{"$i":"weeks-ago-long","$v":{"zero":"इ हफ्ता","one":"पिछला हफ्ता","two":[{"t":"idOrVar","v":"value"}," हफ्ता पहिने"],"few":[{"t":"idOrVar","v":"value"}," हफ्ता पहिने"],"many":[{"t":"idOrVar","v":"value"}," हफ्ता पहिने"],"other":[{"t":"idOrVar","v":"value"}," हफ्ता पहिने"]},"$x":[{"t":"idOrVar","v":"plural"},"value"]},{"$i":"months-ago-long","$v":{"zero":"इ महिना","one":"पिछला महिना","two":[{"t":"idOrVar","v":"value"}," मास बाद"],"few":[{"t":"idOrVar","v":"value"}," मास बाद"],"many":[{"t":"idOrVar","v":"value"}," मास बाद"],"other":[{"t":"idOrVar","v":"value"}," मास बाद"]},"$x":[{"t":"idOrVar","v":"plural"},"value"]},{"$i":"years-ago-long","$v":{"zero":"इ साल","one":"पिछला साल","two":[{"t":"idOrVar","v":"value"}," साल पहिने"],"few":[{"t":"idOrVar","v":"value"}," साल पहिने"],"many":[{"t":"idOrVar","v":"value"}," साल पहिने"],"other":[{"t":"idOrVar","v":"value"}," साल पहिने"]},"$x":[{"t":"idOrVar","v":"plural"},"value"]},{"$i":"minutes-until-long","$v":{"zero":"एखन","one":"एक मिनट में","two":[{"t":"idOrVar","v":"value"}," मिनट में"],"few":[{"t":"idOrVar","v":"value"}," मिनट में"],"many":[{"t":"idOrVar","v":"value"}," मिनट में"],"other":[{"t":"idOrVar","v":"value"}," मिनट में"]},"$x":[{"t":"idOrVar","v":"plural"},"value"]},{"$i":"hours-until-long","$v":{"zero":"एखन","one":"एक घंटा में","two":[{"t":"idOrVar","v":"value"}," घंटा में"],"few":[{"t":"idOrVar","v":"value"}," घंटा में"],"many":[{"t":"idOrVar","v":"value"}," घंटा में"],"other":[{"t":"idOrVar","v":"value"}," घंटा में"]},"$x":[{"t":"idOrVar","v":"plural"},"value"]},{"$i":"days-until-long","$v":{"zero":"आई","one":"काल्हि","two":[{"t":"idOrVar","v":"value"}," दिन में"],"few":[{"t":"idOrVar","v":"value"}," दिन में"],"many":[{"t":"idOrVar","v":"value"}," दिन में"],"other":[{"t":"idOrVar","v":"value"}," दिन में"]},"$x":[{"t":"idOrVar","v":"plural"},"value"]},{"$i":"weeks-until-long","$v":{"zero":"इ हफ्ता","one":"आगु क सप्‍ताह","two":[{"t":"idOrVar","v":"value"}," हफ्ता में"],"few":[{"t":"idOrVar","v":"value"}," हफ्ता में"],"many":[{"t":"idOrVar","v":"value"}," हफ्ता में"],"other":[{"t":"idOrVar","v":"value"}," हफ्ता में"]},"$x":[{"t":"idOrVar","v":"plural"},"value"]},{"$i":"months-until-long","$v":{"zero":"इ महिना","one":"अगला महिना","two":[{"t":"idOrVar","v":"value"}," मास मे"],"few":[{"t":"idOrVar","v":"value"}," मास मे"],"many":[{"t":"idOrVar","v":"value"}," मास मे"],"other":[{"t":"idOrVar","v":"value"}," मास मे"]},"$x":[{"t":"idOrVar","v":"plural"},"value"]},{"$i":"years-until-long","$v":{"zero":"इ साल","one":"अगला साल","two":[{"t":"idOrVar","v":"value"}," साल मे"],"few":[{"t":"idOrVar","v":"value"}," साल मे"],"many":[{"t":"idOrVar","v":"value"}," साल मे"],"other":[{"t":"idOrVar","v":"value"}," साल मे"]},"$x":[{"t":"idOrVar","v":"plural"},"value"]},{"$i":"minutes-ago-short","$v":{"zero":"एखन तुरंत","other":[{"t":"idOrVar","v":"value"}," म पहिने"]},"$x":[{"t":"idOrVar","v":"plural"},"value"]},{"$i":"hours-ago-short","$v":{"zero":"एखन तुरंत","other":[{"t":"idOrVar","v":"value"}," h पहिने"]},"$x":[{"t":"idOrVar","v":"plural"},"value"]},{"$i":"days-ago-short","$v":{"zero":"आई","other":[{"t":"idOrVar","v":"value"},"d पहिने"]},"$x":[{"t":"idOrVar","v":"plural"},"value"]},{"$i":"minutes-until-short","$v":{"zero":"एखन","other":[{"t":"idOrVar","v":"value"}," m"]},"$x":[{"t":"idOrVar","v":"plural"},"value"]},{"$i":"hours-until-short","$v":{"zero":"एखन","other":[{"t":"idOrVar","v":"value"},"h"]},"$x":[{"t":"idOrVar","v":"plural"},"value"]},{"$i":"days-until-short","$v":{"zero":"आई","other":[{"t":"idOrVar","v":"value"}," d"]},"$x":[{"t":"idOrVar","v":"plural"},"value"]},{"$i":"incorrectDate","$v":"( गलत तारीख)"},{"$i":"dateTimeFormat_%c","$v":"%a %b %e %Y %I:%M:%S %p"},{"$i":"dateTimeFormat_%x","$v":"%m/%d/%Y"},{"$i":"dateTimeFormat_%X","$v":"%I:%M:%S %p"},{"$i":"shortTimeFormat","$v":"%I:%M %p"},{"$i":"shortTimeFormat12","$v":"%I:%M %p"},{"$i":"shortTimeFormat24","$v":"%H:%M"},{"$i":"shortDateTimeFormat","$v":"%x %I:%M %p"},{"$i":"weekStartsOnMonday","$v":"0"},{"$i":"firstDayOfTheWeek","$v":"0"},{"$i":"time_am","$v":"AM"},{"$i":"time_pm","$v":"PM"},{"$i":"label","$v":"लेबल"},{"$i":"mobile","$v":"मोबाइल"},{"$i":"home","$v":"होम"},{"$i":"work","$v":"कार्य"},{"$i":"personal","$v":"निजी"},{"$i":"faxHome","$v":"फैक्स होम"},{"$i":"faxOffice","$v":"फैक्स ऑफिस"},{"$i":"faxOther","$v":"fax अदर"},{"$i":"another","$v":"दोसर"},{"$i":"other","$v":"आन"},{"$i":"tcl-customTag","$v":"कस्टम टैग"},{"$i":"customTag","$v":"कस्टम टैग","placeholder":"कस्टम टैग"},{"$i":"current","$v":"करंट"},{"$i":"itemWithLabel","$v":[{"t":"idOrVar","v":"label"},", ",{"t":"idOrVar","v":"item"}]},{"$i":"airplaneMode","$v":"एयरप्‍लेन मोड"},{"$i":"searching","$v":"खोजल जा रहल छै"},{"$i":"noNetwork","$v":"कोनो नेटवर्क नै"},{"$i":"roaming","$v":[{"t":"idOrVar","v":"operator"}," (Roaming)"]},{"$i":"operator-info","$v":[{"t":"idOrVar","v":"carrier"}," ",{"t":"idOrVar","v":"region"}]},{"$i":"emergencyCallsOnly","$v":"केवल आपातकालीन कॉल"},{"$i":"emergencyCallsOnly-unknownSIMState","$v":"( अज्ञात सिम स्टेट)"},{"$i":"emergencyCallsOnly-noSIM","$v":"( कोनो सिम नै)"},{"$i":"emergencyCallsOnly-pinRequired","$v":"( सिम पिन केर ज़रूरत)"},{"$i":"emergencyCallsOnly-pukRequired","$v":"( सिम PUK केर ज़रूरत)"},{"$i":"emergencyCallsOnly-networkLocked","$v":"( नेटवर्क लॉक्ड)"},{"$i":"emergencyCallsOnly-serviceProviderLocked","$v":"( सर्विस प्रोवाइडर लॉक्ड"},{"$i":"emergencyCallsOnly-corporateLocked","$v":"( कॉर्पोरेट लॉक)"},{"$i":"emergencyCallsOnly-network1Locked","$v":"(नेटवर्क 1 लॉक्ड)"},{"$i":"emergencyCallsOnly-network2Locked","$v":"( नेटवर्क 2 लॉक्ड)"},{"$i":"emergencyCallsOnly-hrpdNetworkLocked","$v":"( HRPT नेटवर्क लॉक्ड)"},{"$i":"emergencyCallsOnly-ruimCorporateLocked","$v":"( ruim कॉर्पोरेट लॉक अछि )"},{"$i":"emergencyCallsOnly-ruimServiceProviderLocked","$v":"( ruim सेवा प्रदाता लॉक अछि )"},{"$i":"lockscreen-sim-id","$v":["सीम ",{"t":"idOrVar","v":"n"}]},{"$i":"charging-no-time","$v":[{"t":"idOrVar","v":"level"}," % चार्ज्ड"]},{"$i":"charging-minutes","$v":{"zero":[{"t":"idOrVar","v":"level"}," % चार्ज्ड ",{"t":"idOrVar","v":"minutes"}," min पूरा चार्ज होएवाक लेल"],"one":[{"t":"idOrVar","v":"level"}," % चार्ज्ड ",{"t":"idOrVar","v":"minutes"}," min पूरा चार्ज होएवाक लेल"],"two":[{"t":"idOrVar","v":"level"}," % चार्ज्ड ",{"t":"idOrVar","v":"minutes"}," min पूरा चार्ज होएवाक लेल"],"few":[{"t":"idOrVar","v":"level"}," % चार्ज्ड ",{"t":"idOrVar","v":"minutes"}," min पूरा चार्ज होएवाक लेल"],"many":[{"t":"idOrVar","v":"level"}," % चार्ज्ड ",{"t":"idOrVar","v":"minutes"}," min पूरा चार्ज होएवाक लेल"],"other":[{"t":"idOrVar","v":"level"}," % चार्ज्ड ",{"t":"idOrVar","v":"minutes"}," min पूरा चार्ज होएवाक लेल"]},"$x":[{"t":"idOrVar","v":"plural"},"minutes"]},{"$i":"charging-hours","$v":{"zero":[{"t":"idOrVar","v":"level"}," % चार्ज्ड (",{"t":"idOrVar","v":"hours"},"h ",{"t":"idOrVar","v":"minutes"}," min पूरा चार्ज होएवाक लेल"],"one":[{"t":"idOrVar","v":"level"}," % चार्ज्ड (",{"t":"idOrVar","v":"hours"},"h ",{"t":"idOrVar","v":"minutes"}," min पूरा चार्ज होएवाक लेल"],"two":[{"t":"idOrVar","v":"level"}," % चार्ज्ड (",{"t":"idOrVar","v":"hours"},"h ",{"t":"idOrVar","v":"minutes"}," min पूरा चार्ज होएवाक लेल"],"few":[{"t":"idOrVar","v":"level"}," % चार्ज्ड (",{"t":"idOrVar","v":"hours"},"h ",{"t":"idOrVar","v":"minutes"}," min पूरा चार्ज होएवाक लेल"],"many":[{"t":"idOrVar","v":"level"}," % चार्ज्ड (",{"t":"idOrVar","v":"hours"},"h ",{"t":"idOrVar","v":"minutes"}," min पूरा चार्ज होएवाक लेल"],"other":[{"t":"idOrVar","v":"level"}," % चार्ज्ड (",{"t":"idOrVar","v":"hours"},"h ",{"t":"idOrVar","v":"minutes"}," min पूरा चार्ज होएवाक लेल"]},"$x":[{"t":"idOrVar","v":"plural"},"minutes"]},{"$i":"phoneNumberInput","ariaLabel":"फ़ोन नंबर"},{"$i":"keypadDelete","ariaLabel":"मिटाउ"},{"$i":"voiceMailKey","ariaLabel":"वाय्समेल"},{"$i":"asterisk","ariaLabel":"एस्टरिस्क"},{"$i":"hashSign","ariaLabel":"हॅश साइन"},{"$i":"loadingSimContacts","$v":"सिम कार्ड कांटेक्ट लोड भ रहल छै"},{"$i":"noContactsWereFound","$v":"कोनो कांटेक्ट नै पैल गेल"},{"$i":"noContactsFoundDialogOk","$v":"ओके"},{"$i":"emergencyNumber","$v":"आपातकालीन नंबर"},{"$i":"callAirplaneModeMessage","$v":"कॉल करेई लेल आहां क एयरप्लेन मोड निष्क्रिय करअ परत."},{"$i":"callAirplaneModeBtnOk","$v":"ओके"},{"$i":"callAirplaneModeTitle","$v":"एयरप्लेन मोड सक्रिय"},{"$i":"numberIsBusyTitle","$v":"नंबर व्यस्त छै"},{"$i":"numberIsBusyMessage","$v":"नंबर व्यस्त छै दुबारा स कोसिस करू बाद में."},{"$i":"fdnIsActiveTitle","$v":"FDN सक्रिय"},{"$i":"fdnIsActiveMessage","$v":["एफडीएन (फिक्स्ड डायलइंग नंबर्स ) सक्रिय अछि आ निम्न नंबर अहॉंक एफडीएन सूची मे नहि अछि ",{"t":"idOrVar","v":"number"}]},{"$i":"emergencyDialogBodyBadNumber","$v":"कॉल करेई लेल फ़ोन नेटवर्क सने कनेक्टेड रहबाक चाहि."},{"$i":"emergencyDialogBodyDeviceNotAccepted","$v":"नेटवर्क द्वारा इमरजेंसी कॉल करई क अनुमति नै छै."},{"$i":"emergencyDialogBtnOk","$v":"ओके"},{"$i":"emergencyDialogTitle","$v":"कुनू नेटवर्क कनेक्‍शन नाहिं"},{"$i":"invalidNumberToDialTitle","$v":"अमान्य फ़ोन नंबर"},{"$i":"invalidNumberToDialMessage","$v":"जे फ़ोन नंबर पर आहां कॉल करेई छियेइ से मान्य नै छै."},{"$i":"unableToCallTitle","$v":"एखन फोन कॉल नहि भ सकैत अछि"},{"$i":"unableToCallMessage","$v":"कॉल नहि कएल जा सकैत अछि. अगर अहॉं डायल क रहल छी त पहिने हैंग अप करू."},{"$i":"otherConnectionInUseTitle","$v":"दोसर कनेक्शन प्रयोग में छै"},{"$i":"otherConnectionInUseMessage","$v":"दोसर कनेक्शन पर एकटा सक्रिय कॉल छै एक बेर में एक्के टा कनेक्शन आहां प्रयोग क सकैई छियै."},{"$i":"clear","$v":"क्लियर"},{"$i":"dialer","$v":"डायलर"},{"$i":"tcl-incomming-call","$v":"आवैत कॉल"},{"$i":"tcl-in-call","$v":"कॉल में"},{"$i":"tcl-answer","$v":"उत्‍तर"},{"$i":"tcl-end-answer","$v":"समाप्ति आ उत्‍तर"},{"$i":"tcl-decline","$v":"अस्‍वीकार"},{"$i":"tcl-mute","$v":"म्‍यूट"},{"$i":"tcl-unmute","$v":"अनम्‍यूट"},{"$i":"tcl-speaker","$v":"स्‍पीकर"},{"$i":"tcl-speaker-off","$v":"स्‍पीकर ऑफ"},{"$i":"tcl-microphone-mute-notification","$v":"माइक्रोफोन म्यूट छै"},{"$i":"tcl-microphone-active-notification","$v":"माइक्रोफोन सक्रिय छै"},{"$i":"tcl-speaker-off-notification","$v":"बाहरी स्पीकर बंद"},{"$i":"tcl-speaker-on-notification","$v":"बाहरी स्पीकर खुजल"},{"$i":"tcl-hold-and-answer","$v":"होल्ड पर राखु और जवाब दियौ"},{"$i":"tcl-ignore-call","$v":"इन्कोमिंग कॉल अनठाउ"},{"$i":"tcl-add-to-call","$v":"कॉल जोरू"},{"$i":"tcl-switch-to-second-line","$v":"स्वैप कॉल"},{"$i":"tcl-merge-calls","$v":"मर्ज कॉल"},{"$i":"btnOk","$v":"ओके"},{"$i":"losing-wifi-msg","$v":"वाई फाई हरा रहल छै"},{"$i":"hd","$v":"HD"},{"$i":"manage-call","$v":"कॉल प्रबंधन करू"},{"$i":"end","$v":"कॉल बंद"},{"$i":"private","$v":"निजी"},{"$i":"sound","$v":"साउण्‍ड"},{"$i":"bluetooth-device","$v":"ब्लूटूथ डिवाइस"},{"$i":"handset-earpiece","$v":"हैंडसेट"},{"$i":"call-ended","$v":"कॉल समाप्त"},{"$i":"payphone","$v":"पेयफ़ोन"},{"$i":"contact","$v":"संपर्क"},{"$i":"volume","$v":"वाल्‍यूम"},{"$i":"softkey-options","$v":"विकल्प"},{"$i":"resume-call","$v":"कॉल आरम्भ"},{"$i":"switch-to-device-toast","$v":"ब्लूटूथ डिवाइस में स्विच कैइल गेल"},{"$i":"switch-to-handset-toast","$v":"हैंडसेट इयरपीस डिवाइस में स्विच कैल गेल"},{"$i":"switch-to-speaker-toast","$v":"स्पीकर में ड=स्विच कैइल गेल"},{"$i":"emergency-call","$v":"एक टा आपात कॉल अछि."},{"$i":"link","$v":"लिंक :"},{"$i":"call-left-conference-toast","$v":[{"t":"idOrVar","v":"number"}," कॉल छोडि़ देलथिन्‍ह"]}]