[{"$i":"tcl-calllog-entry-removed-succ-notification","$v":"കോൾ ലോഗ് എൻട്രി നീക്കംചെയ്തു"},{"$i":"tcl-calllog-entry-removed-err-notification","$v":"കോൾ ലോഗ് എൻട്രി നീക്കംചെയ്യാൻ കഴിയില്ല"},{"$i":"addNewNumber","$v":"പുതിയ നമ്പർ ചേർക്കുക"},{"$i":"contactDetails","$v":"കോൺടാക്റ്റ് വിശദാംശങ്ങൾ"},{"$i":"addToExistingContact","$v":"നിലവിലുള്ള കോൺടാക്റ്റിലേക്ക് ചേർക്കുക"},{"$i":"all","$v":"എല്ലാം","ariaLabel":"എല്ലാം"},{"$i":"bluetoothOption","$v":""},{"$i":"callLog","$v":"കോള്‍  ലോഗ്"},{"$i":"callLogEdit","title":"കോൾ ലോഗ് തിരുത്തുക"},{"$i":"tcl-option-menu-call-log-edit","$v":"കോൾ ലോഗ് തിരുത്തുക"},{"$i":"callLogEditDialog","ariaLabel":"കോൾ ലോഗ് ഡയലോഗ് തിരുത്തുക"},{"$i":"tcl-call-log-delete-group-notification","$v":[{"t":"idOrVar","v":"n"}," എൻട്രികൾ ഇല്ലാതാക്കി"]},{"$i":"connecting","$v":"വിളിക്കുന്നു"},{"$i":"connectingEllipsis","$v":"കണക്റ്റുചെയ്യുന്നു..."},{"$i":"call-forwarding-async","$v":["അസിംക്രണസ്: ",{"t":"idOrVar","v":"async"}]},{"$i":"call-forwarding-data","$v":["ഡാറ്റ: ",{"t":"idOrVar","v":"data"}]},{"$i":"call-forwarding-error","$v":"കോൾ കൈമാറൽ നില വീണ്ടെടുക്കുന്നതിനിടെ ഒരു പിശക് സംഭവിച്ചു"},{"$i":"call-forwarding-fax","$v":["FAX: ",{"t":"idOrVar","v":"fax"}]},{"$i":"call-forwarding-inactive","$v":"നിഷ്ക്രിയം"},{"$i":"call-forwarding-packet","$v":["പാക്കറ്റ്: ",{"t":"idOrVar","v":"packet"}]},{"$i":"call-forwarding-pad","$v":["PAD: ",{"t":"idOrVar","v":"pad"}]},{"$i":"call-forwarding-sms","$v":["SMS: ",{"t":"idOrVar","v":"sms"}]},{"$i":"call-forwarding-status","$v":"കോൾ ഫോർവാർഡുചെയ്യൽ നില"},{"$i":"call-forwarding-sync","$v":["സമന്വയിപ്പിക്കുക: ",{"t":"idOrVar","v":"sync"}]},{"$i":"call-forwarding-voice","$v":["ശബ്‌ദം: ",{"t":"idOrVar","v":"voice"}]},{"$i":"close","$v":"അടയ്‌ക്കുക"},{"$i":"confirm-deletion","$v":"തിരഞ്ഞെടുത്ത കോളുകൾ മായ്ക്കണോ?"},{"$i":"contacts","ariaLabel":"കോൺടാക്റ്റ്"},{"$i":"createNewContact","$v":"പുതിയ കോൺടാക്റ്റ് സൃഷ്ടിക്കുക"},{"$i":"delete","$v":"ഇല്ലാതാക്കുക"},{"$i":"calllog-deselectAll","$v":"തിരഞ്ഞെടുത്തത് എല്ലാം മാറ്റുക"},{"$i":"dialerAddContact","$v":""},{"$i":"dialerAddContactDialog","ariaLabel":"കോണ്‍‌ടാക്റ്റ് ഡയലോഗ്  ചേര്‍‌ക്കുക"},{"$i":"callInformation","$v":"കോൾ വിവരങ്ങൾ"},{"$i":"edit-selected","$v":{"one":["തിരഞ്ഞെടുത്ത(",{"t":"idOrVar","v":"n"},")"],"two":["തിരഞ്ഞെടുത്ത(",{"t":"idOrVar","v":"n"},")"],"few":["തിരഞ്ഞെടുത്ത(",{"t":"idOrVar","v":"n"},")"],"many":["തിരഞ്ഞെടുത്ത(",{"t":"idOrVar","v":"n"},")"],"other":["തിരഞ്ഞെടുത്ത(",{"t":"idOrVar","v":"n"},")"]},"$x":[{"t":"idOrVar","v":"plural"},"n"]},{"$i":"tcl-edit-not-selected","$v":"തിരഞ്ഞെടുത്തു(0)"},{"$i":"edit","$v":"തിരുത്തുക"},{"$i":"hideKeypad","ariaLabel":"കീപാഡ് മറയ്ക്കുക"},{"$i":"ignore","$v":""},{"$i":"incoming","$v":"ഇൻകമിംഗ്"},{"$i":"keypad","ariaLabel":"കീപാഡ്"},{"$i":"makeCall","$v":""},{"$i":"merge","$v":""},{"$i":"info-missed","$v":"മിസ്ഡ്"},{"$i":"missed","$v":"മിസ്ഡ്","ariaLabel":"മിസ്ഡ്"},{"$i":"dialed","$v":"ഡയൽ ചെയ്തു"},{"$i":"received","$v":"ലഭിച്ചവ"},{"$i":"canceled","$v":"റദ്ദാക്കി"},{"$i":"missedCall","$v":"മിസ്ഡ് കോൾ"},{"$i":"missedCallMultiSims","$v":["(സിം ",{"t":"idOrVar","v":"n"},") മിസ്ഡ് കോൾ"]},{"$i":"mmi-error","$v":"സന്ദേശം അയയ്ക്കുന്നതിനിടെ ഒരു പിശക് സംഭവിച്ചു"},{"$i":"mmi-session-expired","$v":"സെഷൻ സമയം കഴിഞ്ഞു"},{"$i":"mmi-successfully-sent","$v":"സന്ദേശം വിജയകരമായി അയച്ചു"},{"$i":"mmi-notification-title-with-sim","$v":["(",{"t":"idOrVar","v":"sim"},") ",{"t":"idOrVar","v":"title"}]},{"$i":"mute","$v":""},{"$i":"newCall","$v":""},{"$i":"no-logs-msg-1","$v":"കോളുകളൊന്നും റെക്കോർഡുചെയ്തിട്ടില്ല"},{"$i":"no-logs-msg-2","$v":"ഇപ്പോൾ ആശയവിനിമയം ചെയ്ത് തുടങ്ങുക"},{"$i":"no-logs-msg-3","$v":"കോളുകളൊന്നും റെക്കോർഡുചെയ്തിട്ടില്ല"},{"$i":"no-logs-msg-4","$v":"ഇപ്പോൾ ആശയവിനിമയം ചെയ്ത് തുടങ്ങുക"},{"$i":"onHoldOption","$v":""},{"$i":"outgoing","$v":"ഔട്ട്ഗോയിംഗ്"},{"$i":"recents","ariaLabel":"സമീപകാല കോളുകൾ"},{"$i":"reply","$v":"മറുപടി"},{"$i":"calllog-selectAll","$v":"എല്ലാം തിരഞ്ഞെടുക്കുക"},{"$i":"send","$v":"അയക്കുക"},{"$i":"switch-calls","$v":"കോളുകൾ സ്വിച്ച് ചെയ്യുക"},{"$i":"today","$v":"ഇന്ന്"},{"$i":"withheld-number","$v":"അജ്ഞാതം"},{"$i":"from-contact","$v":[{"t":"idOrVar","v":"contact"}," ല്‍ നിന്ന്"]},{"$i":"from-number","$v":[{"t":"idOrVar","v":"number"}," ല്‍ നിന്ന്"]},{"$i":"from-withheld-number","$v":"അജ്ഞാത നമ്പറിൽ നിന്ന്"},{"$i":"yesterday","$v":"ഇന്നലെ"},{"$i":"sending","$v":"അയയ്‌ക്കുന്നു…"},{"$i":"speakerOption","$v":""},{"$i":"ussd-services","$v":[{"t":"idOrVar","v":"operator"}," സേവനങ്ങൾ"]},{"$i":"toggleKeypad","$v":""},{"$i":"type-your-response","placeholder":"നിങ്ങളുടെ പ്രതികരണം ടൈപ്പുചെയ്യുക..."},{"$i":"clear-all-text","$v":"എല്ലാ ടെക്സ്റ്റും മായ്ക്കുക"},{"$i":"hide","$v":"മറയ്‌ക്കുക"},{"$i":"call","$v":"വിളിക്കുക"},{"$i":"hold","$v":"ഹോള്‍ഡ്‌"},{"$i":"resume","$v":"പുനരാരംഭിക്കുക","ariaLabel":"പുനരാരംഭിക്കുക"},{"$i":"sendSms","$v":"സന്ദേശം അയക്കുക"},{"$i":"callEnded","$v":"കോൾ അവസാനിച്ചു"},{"$i":"via-sim","$v":["സിം വഴി ",{"t":"idOrVar","v":"n"}]},{"$i":"sim-number","$v":["സിം",{"t":"idOrVar","v":"n"}]},{"$i":"unknown","$v":"അജ്ഞാതം"},{"$i":"cancel","$v":"റദ്ദാക്കുക"},{"$i":"hangup-a11y-button","$v":""},{"$i":"pickup-a11y-button","$v":""},{"$i":"unlock-a11y-button","ariaLabel":"സ്ലൈഡർ"},{"$i":"settings","$v":"സെറ്റിംഗ്സ്"},{"$i":"tcl-delete-log","$v":"കോൾ ലോഗിൽ നിന്നും തിരഞ്ഞെടുത്ത എൻട്രികൾ ഇല്ലാതാക്കണമെന്ന് തീർച്ചയാണോ?"},{"$i":"delete-n-log?","$v":{"zero":"ഒന്നും തിരഞ്ഞെടുത്തില്ല","one":"തിരഞ്ഞെടുത്ത ലോഗ് നീക്കംചെയ്യണോ?","two":[{"t":"idOrVar","v":"n"}," ലോഗുകൾ നീക്കംചെയ്യണോ?"],"few":[{"t":"idOrVar","v":"n"}," ലോഗുകൾ നീക്കംചെയ്യണോ?"],"many":[{"t":"idOrVar","v":"n"}," ലോഗുകൾ നീക്കംചെയ്യണോ?"],"other":[{"t":"idOrVar","v":"n"}," ലോഗുകൾ നീക്കംചെയ്യണോ?"]},"$x":[{"t":"idOrVar","v":"plural"},"n"]},{"$i":"composeEmail","ariaLabel":"ഇമെയിൽ"},{"$i":"emailDetail","ariaLabel":"ഇമെയിൽ"},{"$i":"phoneDetail","ariaLabel":"ഫോണ്‍"},{"$i":"send-sms-button","ariaLabel":"SMS"},{"$i":"separator","$v":","},{"$i":"callDurationMinutes","$v":[{"t":"idOrVar","v":"m"},":",{"t":"idOrVar","v":"s"}]},{"$i":"callDurationHours","$v":[{"t":"idOrVar","v":"h"},":",{"t":"idOrVar","v":"m"},":",{"t":"idOrVar","v":"s"}]},{"$i":"callDurationTextFormatSeconds","$v":[{"t":"idOrVar","v":"s"}," സെക്കന്റ്‌"]},{"$i":"callDurationTextFormatMinutes","$v":[{"t":"idOrVar","v":"m"}," മിനിറ്റ്  ",{"t":"idOrVar","v":"s"}," സെക്കന്റ്‌"]},{"$i":"callDurationTextFormatHours","$v":[{"t":"idOrVar","v":"h"}," മണിക്കൂര്‍  ",{"t":"idOrVar","v":"m"}," മിനിറ്റ്  ",{"t":"idOrVar","v":"s"}," സെക്കന്റ്‌"]},{"$i":"suggestionMatches","$v":{"one":["\"",{"t":"idOrVar","v":"matchNumber"},"\" നു വേണ്ടി  ",{"t":"idOrVar","v":"n"}," പൊരുത്തം"],"two":["\"",{"t":"idOrVar","v":"matchNumber"},"\" നു വേണ്ടി ",{"t":"idOrVar","v":"n"}," പൊരുത്തം"],"few":["\"",{"t":"idOrVar","v":"matchNumber"},"\" നു വേണ്ടി ",{"t":"idOrVar","v":"n"}," പൊരുത്തം"],"many":["\"",{"t":"idOrVar","v":"matchNumber"},"\" നു വേണ്ടി ",{"t":"idOrVar","v":"n"}," പൊരുത്തം"],"other":["\"",{"t":"idOrVar","v":"matchNumber"},"\" നു വേണ്ടി ",{"t":"idOrVar","v":"n"}," പൊരുത്തം"]},"$x":[{"t":"idOrVar","v":"plural"},"n"]},{"$i":"scCallBarring","$v":"കോൾ തടയൽ"},{"$i":"scCallForwarding","$v":"കോൾ ഫോർവാർഡുചെയ്യൽ"},{"$i":"scClip","$v":"ഇൻകമിംഗ് കോളർ ID"},{"$i":"scClir","$v":"ഔട്ട്ഗോയിംഗ് കോളർ ID"},{"$i":"scPwd","$v":"പാസ്‌വേഡ് മാറ്റം"},{"$i":"scCallWaiting","$v":"കോള്‍ വെയ്റ്റിംഗ്"},{"$i":"scPin","$v":"പിൻ മാറ്റം"},{"$i":"scPin2","$v":"പിന്‍2 മാറ്റം"},{"$i":"scPuk","$v":"പിന്‍ അൺബ്ലോക്കുചെയ്യുക"},{"$i":"scPuk2","$v":"പിന്‍2 അൺബ്ലോക്കുചെയ്യുക"},{"$i":"scImei","$v":"IMEI"},{"$i":"scMeid","$v":"MEID"},{"$i":"scUssd","$v":"USSD"},{"$i":"serviceClassVoice","$v":"ശബ്‌ദം"},{"$i":"serviceClassData","$v":"ഡാറ്റ"},{"$i":"serviceClassFax","$v":"FAX"},{"$i":"serviceClassSms","$v":"SMS"},{"$i":"serviceClassDataSync","$v":"സമന്വയിപ്പിക്കുക"},{"$i":"serviceClassDataAsync","$v":"അസിംക്"},{"$i":"serviceClassPacket","$v":"പാക്കറ്റ്"},{"$i":"serviceClassPad","$v":"PAD"},{"$i":"smServiceEnabled","$v":"സേവനം പ്രവർത്തനക്ഷമമാക്കി"},{"$i":"smServiceDisabled","$v":"സേവനം പ്രവർത്തനരഹിതമാക്കിയിരിക്കുന്നു"},{"$i":"smServiceRegistered","$v":"രജിസ്ട്രേഷൻ വിജയകരമായിരുന്നു"},{"$i":"smServiceErased","$v":"ഇല്ലാതാക്കൽ വിജയകരമായിരുന്നു"},{"$i":"smServiceInterrogated","$v":"അഭ്യർത്ഥന വിജയകരമായിരുന്നു"},{"$i":"smServiceNotProvisioned","$v":"സേവനം വ്യവസ്ഥ ചെയ്തിട്ടില്ല"},{"$i":"smClirPermanent","$v":"നിങ്ങൾക്ക് കോളർ ID സെറ്റിംഗ്സ്  മാറ്റാൻ കഴിയില്ല"},{"$i":"smClirDefaultOnNextCallOn","$v":"കോളര്‍ ID ഡിഫോള്‍ട്ടായി പരിമിതപ്പെടുത്തിയിരിക്കുന്നു. അടുത്ത കോള്‍ : പരിമിതപെടുത്തി"},{"$i":"smClirDefaultOnNextCallOff","$v":"കോളര്‍ ID ഡിഫോള്‍ട്ടായി പരിമിതപ്പെടുത്തിയിരിക്കുന്നു. അടുത്ത കോള്‍ : പരിമിതപ്പെടുത്തിയിട്ടില്ല"},{"$i":"smClirDefaultOffNextCallOn","$v":"കോളര്‍ ID ഡീഫാള്‍ട്ടായി തടസ്സപ്പെടുത്തിയിട്ടില്ല. അടുത്ത കോള്‍ :പരിമിതപ്പെടുത്തി"},{"$i":"smClirDefaultOffNextCallOff","$v":"കോളര്‍ ID ഡീഫാള്‍ട്ടായി  തടസ്സപ്പെടുത്തിയിട്ടില്ല. അടുത്ത കോള്‍ : പരിമിതപ്പെടുത്തിയിട്ടില്ല"},{"$i":"smServiceEnabledFor","$v":"സേവനം ഇവയ്‌ക്കായി പ്രവർത്തനക്ഷമമാക്കി:"},{"$i":"smPinChanged","$v":"പിന്‍ വിജയകരമായി മാറ്റി"},{"$i":"smPinUnblocked","$v":"പിന്‍ വിജയകരമായി അൺബ്ലോക്കുചെയ്തു"},{"$i":"smPin2Changed","$v":"പിന്‍2 വിജയകരമായി മാറ്റി"},{"$i":"smPin2Unblocked","$v":"പിന്‍2 വിജയകരമായി അൺബ്ലോക്കുചെയ്തു"},{"$i":"ServiceIsEnabled","$v":"സേവനം പ്രവർത്തനക്ഷമമായി"},{"$i":"ServiceIsDisabled","$v":"സേവനം പ്രവർത്തനരഹിതമാക്കി"},{"$i":"ServiceIsEnabledFor","$v":"സേവനം ഇതിന് പ്രവർത്തനക്ഷമമാക്കി:"},{"$i":"emMmiError","$v":"കണക്ഷൻ പ്രശ്നം അല്ലെങ്കിൽ അസാധുവായ MMI കോഡ്"},{"$i":"emMmiErrorPasswordIncorrect","$v":"തെറ്റായ പാസ്‌വേഡ്"},{"$i":"emMmiErrorNotSupported","$v":"അസാധുവായ അല്ലെങ്കിൽ പിന്തുണയില്ലാത്ത MMI കോഡ്"},{"$i":"emMmiErrorInvalidAction","$v":"പ്രവർത്തനം അസാധുവാണ്"},{"$i":"emMmiErrorInvalidScCode","$v":"സർവീസ് കോഡ് അസാധുവാണ്"},{"$i":"emMmiErrorBadPuk","$v":"നിങ്ങൾ ടൈപ്പുചെയ്ത PUK ശരിയല്ല"},{"$i":"emMmiErrorBadPin","$v":"നിങ്ങൾ ടൈപ്പുചെയ്ത പഴയ പിന്‍ തെറ്റാണ്."},{"$i":"emMmiErrorNeedPuk2","$v":"സിം കാർഡ് അൺബ്ലോക്കുചെയ്യുന്നതിന് PUK2 ടൈപ്പുചെയ്യുക"},{"$i":"emMmiErrorMismatchPin","$v":"നിങ്ങൾ ടൈപ്പുചെയ്ത പിന്‍സ് പൊരുത്തപ്പെടുന്നില്ല"},{"$i":"emMmiErrorInvalidPin","$v":"4 മുതൽ 8 വരെ അക്കങ്ങളുള്ള ഒരു പിന്‍ ടൈപ്പുചെയ്യുക"},{"$i":"emMmiErrorNeedsPuk","$v":"നിങ്ങളുടെ സിം കാർഡില്‍  PUK ലോക്ക് ചെയ്തിരിക്കുന്നു"},{"$i":"emMmiErrorEnablePin","$v":"പരാജയപ്പെട്ടു. SIM/RUIM ലോക്ക് പ്രവർത്തനക്ഷമമാക്കുക"},{"$i":"emMmiErrorMmiFdn","$v":"സ്ഥിര ഡയലിംഗ് നമ്പറുകൾക്ക് മാത്രമായി പ്രവർത്തനം പരിമിതപ്പെടുത്തിയിരിക്കുന്നു"},{"$i":"emMmiErrorStkCcUssdDial","$v":"USSD അഭ്യർത്ഥന, ഡയല്‍ അഭ്യർത്ഥനയായി പരിഷ്‌ക്കരിച്ചു."},{"$i":"emMmiErrorStkCcUssdSs","$v":"USSD അഭ്യർത്ഥന SS അഭ്യർത്ഥനയിലേക്ക്  പരിഷ്‌ക്കരിച്ചു."},{"$i":"emMmiErrorStkCcUssdUssd","$v":"USSD അഭ്യർത്ഥന പുതിയ USSD അഭ്യർത്ഥനയായി പരിഷ്‌ക്കരിച്ചു."},{"$i":"emMmiErrorStkCcSsDial","$v":"ഡയൽ അഭ്യർത്ഥനയിലേക്ക് SS അഭ്യർത്ഥന പരിഷ്ക്കരിച്ചു"},{"$i":"emMmiErrorStkCcSsUssd","$v":"SS അഭ്യർത്ഥന USSD അഭ്യർത്ഥനയായി പരിഷ്‌ക്കരിച്ചു."},{"$i":"emMmiErrorStkCcSsSs","$v":"പുതിയ SS അഭ്യർത്ഥനയിലേക്ക് SS അഭ്യർത്ഥന പരിഷ്ക്കരിച്ചു"},{"$i":"emMmiErrorPinPukAttempts","$v":{"one":[{"t":"idOrVar","v":"n"}," പുനഃശ്രമം കൂടി ബാക്കിയുണ്ട്"],"two":[{"t":"idOrVar","v":"n"}," പുനഃശ്രമങ്ങൾ ശേഷിക്കുന്നു"],"few":[{"t":"idOrVar","v":"n"}," പുനഃശ്രമങ്ങൾ ശേഷിക്കുന്നു"],"many":[{"t":"idOrVar","v":"n"}," പുനഃശ്രമങ്ങൾ ശേഷിക്കുന്നു"],"other":[{"t":"idOrVar","v":"n"}," പുനഃശ്രമങ്ങൾ ശേഷിക്കുന്നു"]},"$x":[{"t":"idOrVar","v":"plural"},"n"]},{"$i":"emMmiErrorSimBlocked","$v":"പുനഃശ്രമങ്ങളുടെ പരമാവധി എണ്ണം മറികടന്നു. സിം തടഞ്ഞു."},{"$i":"RadioNotAvailable","$v":"റേഡിയോ ലഭ്യമല്ല"},{"$i":"GenericFailure","$v":"പൊതുവായ പരാജയം"},{"$i":"PasswordIncorrect","$v":"പാസ്‌വേഡ് തെറ്റാണ്"},{"$i":"SimPin2","$v":"സിം പിന്‍2"},{"$i":"SimPuk2","$v":"സിം PUK2"},{"$i":"RequestNotSupported","$v":"അഭ്യർത്ഥനയ്ക്ക് പിന്തുണയില്ല"},{"$i":"OpNotAllowedDuringVoiceCall","$v":"വോയിസ്‌  കോളിൽ പ്രവർത്തനം അനുവദനീയമല്ല"},{"$i":"SmsSendFailRetry","$v":"SMS അയയ്ക്കുന്നത് പരാജയം, വീണ്ടും ശ്രമിക്കുക"},{"$i":"SimAbsent","$v":"സിം ഇല്ല"},{"$i":"SubscriptionNotAvailable","$v":"സബ്സ്ക്രിപ്ഷൻ ലഭ്യമല്ല"},{"$i":"ModeNotSupported","$v":"മോഡ് പിന്തുണയ്ക്കുന്നില്ല"},{"$i":"FdnCheckFailure","$v":"Fdn പരിശോധന പരാജയം"},{"$i":"IllegalSimOrMe","$v":"നിയമവിരുദ്ധ സിം അല്ലെങ്കിൽ ME"},{"$i":"DialModifiedToUssd","$v":"USSD ലേക്ക് ഡയൽ പരിഷ്ക്കരിച്ചു"},{"$i":"DialModifiedToSs","$v":"SS ലേക്ക് ഡയൽ പരിഷ്ക്കരിച്ചു"},{"$i":"DialModifiedToDial","$v":"ഡയലിലേക്ക് ഡയൽ പരിഷ്ക്കരിച്ചു"},{"$i":"UssdModifiedToDial","$v":"ഡയലിലേക്ക്  USSD പരിഷ്ക്കരിച്ചു"},{"$i":"UssdModifiedToSs","$v":"SS ലേക്ക് USSD പരിഷ്ക്കരിച്ചു"},{"$i":"UssdModifiedToUssd","$v":"USSD ലേക്ക് USSD പരിഷ്ക്കരിച്ചു"},{"$i":"SsModifiedToDial","$v":"ഡയലിലേക്ക് SS പരിഷ്ക്കരിച്ചു"},{"$i":"SsModifiedToUssd","$v":"USSD ലേക്ക് SS പരിഷ്ക്കരിച്ചു"},{"$i":"SsModifiedToSs","$v":"SS ലേക്ക് SS പരിഷ്ക്കരിച്ചു"},{"$i":"SubscriptionNotSupported","$v":"സബ്സ്ക്രിപ്ഷന് പിന്തുണയില്ല"},{"$i":"InvalidParameter","$v":"പാരാമീറ്റർ അസാധുവാണ്"},{"$i":"RejectedByRemote","$v":"റിമോട്ട്  മുഖേന നിരസിച്ചു"},{"$i":"conferenceCall","$v":["കോൺഫറൻസ് (",{"t":"idOrVar","v":"n"},")"]},{"$i":"caller-left-call","$v":[{"t":"idOrVar","v":"caller"}," കോൾ ഉപേക്ഷിച്ചു."]},{"$i":"conferenceAddError","$v":"കോളുകൾ ലയിപ്പിക്കാനാവുന്നില്ല"},{"$i":"conferenceRemoveError","$v":"കോളുകൾ ലയിപ്പിച്ചത് മാറ്റാനാവുന്നില്ല"},{"$i":"longDateFormat","$v":"%A, %b %e"},{"$i":"select-audio-sources","$v":"ഓഡിയോ ഉറവിടങ്ങൾ തിരഞ്ഞെടുക്കുക"},{"$i":"bluetooth-handsfree-device","$v":"ബ്ലുടൂത്ത് ഹാൻഡ്സ്ഫ്രീ ഉപകരണം"},{"$i":"receiver","$v":"ലഭിക്കുന്നയാൾ"},{"$i":"speaker","$v":"സ്പീക്കർ"},{"$i":"tcl-cancel","$v":"റദ്ദാക്കുക"},{"$i":"tcl-dialer","$v":"ഡയലർ"},{"$i":"tcl-confirmation","$v":"സ്ഥിരീകരണം"},{"$i":"log-item","$v":"ഓപ്ഷന്‍"},{"$i":"tcl-assign-speed-dial","$v":{"$o":["\"",{"t":"idOrVar","v":"speedDial"},"\" എന്ന ബട്ടണിൽ സ്പീഡ് ഡയൽ ആയി കോൺടാക്റ്റ് ചേർത്തിട്ടില്ല.<br><br>ഇപ്പോൾ നിയോഗിക്കണോ ?"]}},{"$i":"tcl-assign","$v":"നിയോഗിക്കുക"},{"$i":"select","$v":"തിരഞ്ഞെടുക്കുക"},{"$i":"deselect","$v":"തിരഞ്ഞെടുത്തത് മാറ്റുക"},{"$i":"view-all","$v":"എല്ലാം കാണുക"},{"$i":"search-results","$v":"തിരയൽ ഫലങ്ങൾ"},{"$i":"no-recent-numbers","$v":"ഡയൽ ചെയ്യാനായി  കോൾ ലോഗുകളിൽ സമീപകാല നമ്പറുകളൊന്നുമില്ല."},{"$i":"wifi-calling","$v":"Wi-Fi കോളിംഗ്"},{"$i":"dialer-prompt","$v":"നമ്പർ ഡയൽ ചെയ്യുക അല്ലെങ്കിൽ കോൾ ചെയ്യുന്നതിന് ചേർക്കേണ്ട കോൺടാക്റ്റിനെ തിരഞ്ഞെടുക്കുക"},{"$i":"hours","$v":"മണിക്കൂറുകൾ"},{"$i":"minutes","$v":"മിനിറ്റ്"},{"$i":"seconds","$v":"സെക്കന്റ്"},{"$i":"voiceMail","$v":"വോയ്സ്മെയില്‍"},{"$i":"weekday-0-long","$v":"ഞായറാഴ്ച"},{"$i":"weekday-1-long","$v":"തിങ്കളാഴ്ച"},{"$i":"weekday-2-long","$v":"ചൊവ്വാഴ്ച"},{"$i":"weekday-3-long","$v":"ബുധനാഴ്ച"},{"$i":"weekday-4-long","$v":"വ്യാഴാഴ്ച"},{"$i":"weekday-5-long","$v":"വെള്ളിയാഴ്ച"},{"$i":"weekday-6-long","$v":"ശനിയാഴ്ച"},{"$i":"weekday-0-short","$v":"ഞായർ"},{"$i":"weekday-1-short","$v":"തിങ്കൾ"},{"$i":"weekday-2-short","$v":"ചൊവ്വ"},{"$i":"weekday-3-short","$v":"ബുധൻ"},{"$i":"weekday-4-short","$v":"വ്യാഴം"},{"$i":"weekday-5-short","$v":"വെള്ളി"},{"$i":"weekday-6-short","$v":"ശനി"},{"$i":"month-0-long","$v":"ജനുവരി"},{"$i":"month-1-long","$v":"ഫെബ്രുവരി"},{"$i":"month-2-long","$v":"മാർച്ച്"},{"$i":"month-3-long","$v":"ഏപ്രിൽ"},{"$i":"month-4-long","$v":"മെയ്"},{"$i":"month-5-long","$v":"ജൂൺ"},{"$i":"month-6-long","$v":"ജൂലൈ"},{"$i":"month-7-long","$v":"ആഗസ്റ്റ്"},{"$i":"month-8-long","$v":"സെപ്റ്റംബർ"},{"$i":"month-9-long","$v":"ഒക്ടോബർ"},{"$i":"month-10-long","$v":"നവംബർ"},{"$i":"month-11-long","$v":"ഡിസംബർ"},{"$i":"month-0-genitive","$v":"ജനുവരി"},{"$i":"month-1-genitive","$v":"ഫെബ്രുവരി"},{"$i":"month-2-genitive","$v":"മാർച്ച്"},{"$i":"month-3-genitive","$v":"ഏപ്രിൽ"},{"$i":"month-4-genitive","$v":"മെയ്"},{"$i":"month-5-genitive","$v":"ജൂൺ"},{"$i":"month-6-genitive","$v":"ജൂലൈ"},{"$i":"month-7-genitive","$v":"ആഗസ്റ്റ്"},{"$i":"month-8-genitive","$v":"സെപ്റ്റംബർ"},{"$i":"month-9-genitive","$v":"ഒക്ടോബർ"},{"$i":"month-10-genitive","$v":"നവംബർ"},{"$i":"month-11-genitive","$v":"ഡിസംബർ"},{"$i":"month-0-short","$v":"ജനുവരി"},{"$i":"month-1-short","$v":"ഫെബ്രുവരി"},{"$i":"month-2-short","$v":"മാർച്ച്"},{"$i":"month-3-short","$v":"ഏപ്രിൽ"},{"$i":"month-4-short","$v":"മെയ്"},{"$i":"month-5-short","$v":"ജൂൺ"},{"$i":"month-6-short","$v":"ജൂലൈ"},{"$i":"month-7-short","$v":"ആഗസ്റ്റ്"},{"$i":"month-8-short","$v":"സെപ്റ്റംബർ"},{"$i":"month-9-short","$v":"ഒക്ടോബർ"},{"$i":"month-10-short","$v":"നവംബർ"},{"$i":"month-11-short","$v":"ഡിസംബർ"},{"$i":"minutes-ago-long","$v":{"zero":"ഇപ്പോൾ തന്നെ","one":"ഒരു മിനിറ്റ് മുമ്പ്","two":[{"t":"idOrVar","v":"value"}," മിനിറ്റുകൾക്ക് മുമ്പ്"],"few":[{"t":"idOrVar","v":"value"}," മിനിറ്റുകൾക്ക് മുമ്പ്"],"many":[{"t":"idOrVar","v":"value"}," മിനിറ്റുകൾക്ക് മുമ്പ്"],"other":[{"t":"idOrVar","v":"value"}," മിനിറ്റുകൾക്ക് മുമ്പ്"]},"$x":[{"t":"idOrVar","v":"plural"},"value"]},{"$i":"hours-ago-long","$v":{"zero":"ഇപ്പോൾ തന്നെ","one":"ഒരു മണിക്കൂർ മുമ്പ്","two":[{"t":"idOrVar","v":"value"}," മണിക്കൂറുകൾക്ക് മുമ്പ്"],"few":[{"t":"idOrVar","v":"value"}," മണിക്കൂറുകൾക്ക് മുമ്പ്"],"many":[{"t":"idOrVar","v":"value"}," മണിക്കൂറുകൾക്ക് മുമ്പ്"],"other":[{"t":"idOrVar","v":"value"}," മണിക്കൂറുകൾക്ക് മുമ്പ്"]},"$x":[{"t":"idOrVar","v":"plural"},"value"]},{"$i":"days-ago-long","$v":{"zero":"ഇന്ന്","one":"ഇന്നലെ","two":[{"t":"idOrVar","v":"value"}," ദിവസങ്ങൾക്ക് മുമ്പ്"],"few":[{"t":"idOrVar","v":"value"}," ദിവസങ്ങൾക്ക് മുമ്പ്"],"many":[{"t":"idOrVar","v":"value"}," ദിവസങ്ങൾക്ക് മുമ്പ്"],"other":[{"t":"idOrVar","v":"value"}," ദിവസങ്ങൾക്ക് മുമ്പ്"]},"$x":[{"t":"idOrVar","v":"plural"},"value"]},{"$i":"weeks-ago-long","$v":{"zero":"ഈ ആഴ്ച","one":"കഴിഞ്ഞ ആഴ്ച","two":[{"t":"idOrVar","v":"value"}," ആഴ്ചകൾക്ക് മുമ്പ്"],"few":[{"t":"idOrVar","v":"value"}," ആഴ്ചകൾക്ക് മുമ്പ്"],"many":[{"t":"idOrVar","v":"value"}," ആഴ്ചകൾക്ക് മുമ്പ്"],"other":[{"t":"idOrVar","v":"value"}," ആഴ്ചകൾക്ക് മുമ്പ്"]},"$x":[{"t":"idOrVar","v":"plural"},"value"]},{"$i":"months-ago-long","$v":{"zero":"ഈ മാസം","one":"കഴിഞ്ഞ മാസം","two":[{"t":"idOrVar","v":"value"}," മാസങ്ങൾക്ക് മുമ്പ്"],"few":[{"t":"idOrVar","v":"value"}," മാസങ്ങൾക്ക് മുമ്പ്"],"many":[{"t":"idOrVar","v":"value"}," മാസങ്ങൾക്ക് മുമ്പ്"],"other":[{"t":"idOrVar","v":"value"}," മാസങ്ങൾക്ക് മുമ്പ്"]},"$x":[{"t":"idOrVar","v":"plural"},"value"]},{"$i":"years-ago-long","$v":{"zero":"ഈ വർഷം","one":"കഴിഞ്ഞ വർഷം","two":[{"t":"idOrVar","v":"value"}," വർഷങ്ങൾക്ക് മുമ്പ്"],"few":[{"t":"idOrVar","v":"value"}," വർഷങ്ങൾക്ക് മുമ്പ്"],"many":[{"t":"idOrVar","v":"value"}," വർഷങ്ങൾക്ക് മുമ്പ്"],"other":[{"t":"idOrVar","v":"value"}," വർഷങ്ങൾക്ക് മുമ്പ്"]},"$x":[{"t":"idOrVar","v":"plural"},"value"]},{"$i":"minutes-until-long","$v":{"zero":"ഇപ്പോൾ","one":"ഒരു മിനിറ്റിൽ","two":[{"t":"idOrVar","v":"value"}," മിനിറ്റുകളിൽ"],"few":[{"t":"idOrVar","v":"value"}," മിനിറ്റുകളിൽ"],"many":[{"t":"idOrVar","v":"value"}," മിനിറ്റുകളിൽ"],"other":[{"t":"idOrVar","v":"value"}," മിനിറ്റുകളിൽ"]},"$x":[{"t":"idOrVar","v":"plural"},"value"]},{"$i":"hours-until-long","$v":{"zero":"ഇപ്പോൾ","one":"ഒരു മണിക്കൂറിൽ","two":[{"t":"idOrVar","v":"value"}," മണിക്കൂറുകളിൽ"],"few":[{"t":"idOrVar","v":"value"}," മണിക്കൂറുകളിൽ"],"many":[{"t":"idOrVar","v":"value"}," മണിക്കൂറുകളിൽ"],"other":[{"t":"idOrVar","v":"value"}," മണിക്കൂറുകളിൽ"]},"$x":[{"t":"idOrVar","v":"plural"},"value"]},{"$i":"days-until-long","$v":{"zero":"ഇന്ന്","one":"നാളെ","two":[{"t":"idOrVar","v":"value"}," ദിവസങ്ങളിൽ"],"few":[{"t":"idOrVar","v":"value"}," ദിവസങ്ങളിൽ"],"many":[{"t":"idOrVar","v":"value"}," ദിവസങ്ങളിൽ"],"other":[{"t":"idOrVar","v":"value"}," ദിവസങ്ങളിൽ"]},"$x":[{"t":"idOrVar","v":"plural"},"value"]},{"$i":"weeks-until-long","$v":{"zero":"ഈ ആഴ്ച","one":"അടുത്ത ആഴ്ച","two":[{"t":"idOrVar","v":"value"}," ആഴ്ചകളിൽ"],"few":[{"t":"idOrVar","v":"value"}," ആഴ്ചകളിൽ"],"many":[{"t":"idOrVar","v":"value"}," ആഴ്ചകളിൽ"],"other":[{"t":"idOrVar","v":"value"}," ആഴ്ചകളിൽ"]},"$x":[{"t":"idOrVar","v":"plural"},"value"]},{"$i":"months-until-long","$v":{"zero":"ഈ മാസം","one":"അടുത്ത മാസം","two":[{"t":"idOrVar","v":"value"}," മാസങ്ങളിൽ"],"few":[{"t":"idOrVar","v":"value"}," മാസങ്ങളിൽ"],"many":[{"t":"idOrVar","v":"value"}," മാസങ്ങളിൽ"],"other":[{"t":"idOrVar","v":"value"}," മാസങ്ങളിൽ"]},"$x":[{"t":"idOrVar","v":"plural"},"value"]},{"$i":"years-until-long","$v":{"zero":"ഈ വർഷം","one":"അടുത്ത വർഷം","two":[{"t":"idOrVar","v":"value"}," വർഷങ്ങളിൽ"],"few":[{"t":"idOrVar","v":"value"}," വർഷങ്ങളിൽ"],"many":[{"t":"idOrVar","v":"value"}," വർഷങ്ങളിൽ"],"other":[{"t":"idOrVar","v":"value"}," വർഷങ്ങളിൽ"]},"$x":[{"t":"idOrVar","v":"plural"},"value"]},{"$i":"minutes-ago-short","$v":{"zero":"ഇപ്പോൾ തന്നെ","other":[{"t":"idOrVar","v":"value"}," മിനിറ്റ്  മുമ്പ്"]},"$x":[{"t":"idOrVar","v":"plural"},"value"]},{"$i":"hours-ago-short","$v":{"zero":"ഇപ്പോൾ തന്നെ","other":[{"t":"idOrVar","v":"value"}," മണിക്കൂറുകള്‍ക്ക്  മുമ്പ്"]},"$x":[{"t":"idOrVar","v":"plural"},"value"]},{"$i":"days-ago-short","$v":{"zero":"ഇന്ന്","other":[{"t":"idOrVar","v":"value"}," ദിവസങ്ങള്‍ക്ക്  മുമ്പ്"]},"$x":[{"t":"idOrVar","v":"plural"},"value"]},{"$i":"minutes-until-short","$v":{"zero":"ഇപ്പോൾ","other":[{"t":"idOrVar","v":"value"},"മിനിറ്റില്‍"]},"$x":[{"t":"idOrVar","v":"plural"},"value"]},{"$i":"hours-until-short","$v":{"zero":"ഇപ്പോൾ","other":[{"t":"idOrVar","v":"value"},"മണിക്കൂറില്‍"]},"$x":[{"t":"idOrVar","v":"plural"},"value"]},{"$i":"days-until-short","$v":{"zero":"ഇന്ന്","other":[{"t":"idOrVar","v":"value"},"ദിവസത്തില്‍"]},"$x":[{"t":"idOrVar","v":"plural"},"value"]},{"$i":"incorrectDate","$v":"(തെറ്റായ തീയ്യതി)"},{"$i":"dateTimeFormat_%c","$v":"%a %b %e %Y %I:%M:%S %p"},{"$i":"dateTimeFormat_%x","$v":"%m/%d/%Y"},{"$i":"dateTimeFormat_%X","$v":"%I:%M:%S %p"},{"$i":"shortTimeFormat","$v":"%I:%M %p"},{"$i":"shortTimeFormat12","$v":"%I:%M %p"},{"$i":"shortTimeFormat24","$v":"%H:%M"},{"$i":"shortDateTimeFormat","$v":"%x %I:%M %p"},{"$i":"weekStartsOnMonday","$v":"0"},{"$i":"firstDayOfTheWeek","$v":"0"},{"$i":"time_am","$v":"AM"},{"$i":"time_pm","$v":"PM"},{"$i":"label","$v":"ലേബൽ"},{"$i":"mobile","$v":"മൊബൈൽ"},{"$i":"home","$v":"ഹോം"},{"$i":"work","$v":"വര്‍ക്ക്"},{"$i":"personal","$v":"വ്യക്തിഗതം"},{"$i":"faxHome","$v":"Fax ഹോം"},{"$i":"faxOffice","$v":"Fax ഓഫീസ്"},{"$i":"faxOther","$v":"Fax അദര്‍"},{"$i":"another","$v":"മറ്റുള്ളത്"},{"$i":"other","$v":"മറ്റുള്ളവ"},{"$i":"tcl-customTag","$v":"ഇഷ്ടാനുസൃത ടാഗ്"},{"$i":"customTag","$v":"ഇഷ്ടാനുസൃത ടാഗ്","placeholder":"ഇഷ്ടാനുസൃത ടാഗ്"},{"$i":"current","$v":"നിലവിൽ"},{"$i":"itemWithLabel","$v":[{"t":"idOrVar","v":"label"},", ",{"t":"idOrVar","v":"item"}]},{"$i":"airplaneMode","$v":"എയര്‍പ്ലൈന്‍ മോഡ്"},{"$i":"searching","$v":"തിരയുന്നു…"},{"$i":"noNetwork","$v":"നെറ്റ്‌വർക്കില്ല"},{"$i":"roaming","$v":[{"t":"idOrVar","v":"operator"}," (റോമിംഗ്)"]},{"$i":"operator-info","$v":[{"t":"idOrVar","v":"carrier"}," ",{"t":"idOrVar","v":"region"}]},{"$i":"emergencyCallsOnly","$v":"അടിയന്തര കോളുകൾ മാത്രം"},{"$i":"emergencyCallsOnly-unknownSIMState","$v":"(അജ്ഞാത സിം നില )"},{"$i":"emergencyCallsOnly-noSIM","$v":"(സിം ഇല്ല)"},{"$i":"emergencyCallsOnly-pinRequired","$v":"(സിം പിന്‍ ആവശ്യമാണ്)"},{"$i":"emergencyCallsOnly-pukRequired","$v":"(സിം PUK ആവശ്യമാണ്)"},{"$i":"emergencyCallsOnly-networkLocked","$v":"(നെറ്റ്‌വർക്ക് ലോക്കുചെയ്തു)"},{"$i":"emergencyCallsOnly-serviceProviderLocked","$v":"(സേവന ദാതാവ് ലോക്കുചെയ്തു)"},{"$i":"emergencyCallsOnly-corporateLocked","$v":"(കോർപ്പറേറ്റ് ലോക്കുചെയ്തു)"},{"$i":"emergencyCallsOnly-network1Locked","$v":"(നെറ്റ്‌വർക്ക്1 ലോക്കുചെയ്തു)"},{"$i":"emergencyCallsOnly-network2Locked","$v":"(നെറ്റ്‌വർക്ക്2 ലോക്കുചെയ്തു)"},{"$i":"emergencyCallsOnly-hrpdNetworkLocked","$v":"(hrpd നെറ്റ്‌വർക്ക് ലോക്കുചെയ്തു)"},{"$i":"emergencyCallsOnly-ruimCorporateLocked","$v":"(ruim കോർപ്പറേറ്റ് ലോക്കുചെയ്തു)"},{"$i":"emergencyCallsOnly-ruimServiceProviderLocked","$v":"(ruim സേവന ദാതാവ് ലോക്കുചെയ്തു)"},{"$i":"lockscreen-sim-id","$v":["സിം ",{"t":"idOrVar","v":"n"}]},{"$i":"charging-no-time","$v":[{"t":"idOrVar","v":"level"},"% ചാർജ്ജുചെയ്തു"]},{"$i":"charging-minutes","$v":{"zero":[{"t":"idOrVar","v":"level"},"% ചാർജ് ചെയ്തു (പൂർണ്ണമായി ചാർജുചെയ്യുന്നതിന് ",{"t":"idOrVar","v":"minutes"}," mins)"],"one":[{"t":"idOrVar","v":"level"},"% ചാർജ്ജുചെയ്തു (മുഴുവനായി ചാർജ്ജാകുന്നതിന് ",{"t":"idOrVar","v":"minutes"}," മിനിറ്റ് )"],"two":[{"t":"idOrVar","v":"level"},"% ചാർജ് ചെയ്തു (പൂർണ്ണമായി ചാർജുചെയ്യുന്നതിന് ",{"t":"idOrVar","v":"minutes"}," mins)"],"few":[{"t":"idOrVar","v":"level"},"% ചാർജ് ചെയ്തു (പൂർണ്ണമായി ചാർജുചെയ്യുന്നതിന് ",{"t":"idOrVar","v":"minutes"}," mins)"],"many":[{"t":"idOrVar","v":"level"},"% ചാർജ് ചെയ്തു (പൂർണ്ണമായി ചാർജുചെയ്യുന്നതിന് ",{"t":"idOrVar","v":"minutes"}," mins)"],"other":[{"t":"idOrVar","v":"level"},"% ചാർജ് ചെയ്തു (പൂർണ്ണമായി ചാർജുചെയ്യുന്നതിന് ",{"t":"idOrVar","v":"minutes"}," mins)"]},"$x":[{"t":"idOrVar","v":"plural"},"minutes"]},{"$i":"charging-hours","$v":{"zero":[{"t":"idOrVar","v":"level"},"% ചാർജ്ജുചെയ്തു (മുഴുവനായി ചാർജ്ജാകുന്നതിന് ",{"t":"idOrVar","v":"hours"},"മണിക്കൂര്‍  ",{"t":"idOrVar","v":"minutes"}," മിനിറ്റ് )"],"one":[{"t":"idOrVar","v":"level"},"% ചാർജ്ജുചെയ്തു (മുഴുവനായി ചാർജ്ജാകുന്നതിന് ",{"t":"idOrVar","v":"hours"},"മണിക്കൂര്‍  ",{"t":"idOrVar","v":"minutes"}," മിനിറ്റ് )"],"two":[{"t":"idOrVar","v":"level"},"% ചാർജ്ജുചെയ്തു (മുഴുവനായി ചാർജ്ജാകുന്നതിന് ",{"t":"idOrVar","v":"hours"},"മണിക്കൂര്‍  ",{"t":"idOrVar","v":"minutes"}," മിനിറ്റ് )"],"few":[{"t":"idOrVar","v":"level"},"% ചാർജ്ജുചെയ്തു (മുഴുവനായി ചാർജ്ജാകുന്നതിന് ",{"t":"idOrVar","v":"hours"},"മണിക്കൂര്‍  ",{"t":"idOrVar","v":"minutes"}," മിനിറ്റ് )"],"many":[{"t":"idOrVar","v":"level"},"% ചാർജ്ജുചെയ്തു (മുഴുവനായി ചാർജ്ജാകുന്നതിന് ",{"t":"idOrVar","v":"hours"},"മണിക്കൂര്‍  ",{"t":"idOrVar","v":"minutes"}," മിനിറ്റ് )"],"other":[{"t":"idOrVar","v":"level"},"% ചാർജ്ജുചെയ്തു (മുഴുവനായി ചാർജ്ജാകുന്നതിന് ",{"t":"idOrVar","v":"hours"},"മണിക്കൂര്‍  ",{"t":"idOrVar","v":"minutes"}," മിനിറ്റ് )"]},"$x":[{"t":"idOrVar","v":"plural"},"minutes"]},{"$i":"phoneNumberInput","ariaLabel":"ഫോൺ നമ്പർ"},{"$i":"keypadDelete","ariaLabel":"ഇല്ലാതാക്കുക"},{"$i":"voiceMailKey","ariaLabel":"വോയ്സ്മെയില്‍"},{"$i":"asterisk","ariaLabel":"ഏസ്ട്രിക് ചിഹ്നം"},{"$i":"hashSign","ariaLabel":"ഹാഷ് ചിഹ്നം"},{"$i":"loadingSimContacts","$v":"സിം കാർഡ് കോൺടാക്റ്റുകൾ ലോഡുചെയ്യുന്നു..."},{"$i":"noContactsWereFound","$v":"കോൺടാക്റ്റുകളൊന്നും കണ്ടെത്തിയില്ല"},{"$i":"noContactsFoundDialogOk","$v":"ശരി"},{"$i":"emergencyNumber","$v":"അടിയന്തര നമ്പർ"},{"$i":"callAirplaneModeMessage","$v":"കോൾ ചെയ്യുന്നതിന് നിങ്ങൾ സെറ്റിംഗ്സില്‍  എയര്‍പ്ലൈന്‍ മോഡ്  പ്രവർത്തനരഹിതമാക്കേണ്ടതുണ്ട്."},{"$i":"callAirplaneModeBtnOk","$v":"ശരി"},{"$i":"callAirplaneModeTitle","$v":"എയര്‍പ്ലൈന്‍ മോഡ്  സജീവമാക്കി"},{"$i":"numberIsBusyTitle","$v":"നമ്പർ തിരക്കിലാണ്"},{"$i":"numberIsBusyMessage","$v":"നമ്പർ ഇപ്പോൾ തിരക്കിലാണ്. ദയവായി പിന്നീട് വീണ്ടും ശ്രമിക്കുക."},{"$i":"fdnIsActiveTitle","$v":"FDN സജീവമാണ്"},{"$i":"fdnIsActiveMessage","$v":["FDN (സ്ഥിര ഡയലിംഗ് നമ്പറുകൾ) സജീവമാക്കി, നിങ്ങളുടെ FDN ലിസ്റ്റിൽ ഇനിപ്പറയുന്ന നമ്പർ ഇല്ല: ",{"t":"idOrVar","v":"number"}]},{"$i":"emergencyDialogBodyBadNumber","$v":"ഫോൺ വിളിക്കുന്നതിന്, ഫോൺ ഒരു നെറ്റ്‌വർക്കിലേക്ക് കണക്റ്റുചെയ്തിരിക്കണം."},{"$i":"emergencyDialogBodyDeviceNotAccepted","$v":"നെറ്റ്‌വർക്ക് വഴി  അടിയന്തിര കോളുകൾ അനുവദിക്കുന്നില്ല."},{"$i":"emergencyDialogBtnOk","$v":"ശരി"},{"$i":"emergencyDialogTitle","$v":"നെറ്റ്‌വർക്ക് കണക്ഷന്‍ ഇല്ല"},{"$i":"invalidNumberToDialTitle","$v":"ഫോൺ നമ്പർ അസാധുവാണ്"},{"$i":"invalidNumberToDialMessage","$v":"നിങ്ങൾ വിളിക്കുന്ന ഫോൺ നമ്പർ സാധുതയുള്ളതല്ല."},{"$i":"unableToCallTitle","$v":"ഇപ്പോഴൊരു ഫോൺ കോൾ ചെയ്യാനാവുന്നില്ല"},{"$i":"unableToCallMessage","$v":"ഒരു കോൾ ചെയ്യാനാവില്ല. നിങ്ങൾ ഇതിനകം ഡയൽ ചെയ്യുന്നുണ്ടെങ്കിൽ, ആദ്യം ഹാംഗ് അപ്പ് ചെയ്യുക"},{"$i":"otherConnectionInUseTitle","$v":"മറ്റ് കണക്ഷൻ ഉപയോഗത്തിലാണ്"},{"$i":"otherConnectionInUseMessage","$v":"മറ്റൊരു കണക്ഷനിൽ നിങ്ങൾക്ക് സജീവമായ ഒരു കോൾ ഉണ്ട്. നിങ്ങൾക്ക് ഒരു സമയത്ത് ഒരു കണക്ഷൻ മാത്രമേ ഉപയോഗിക്കാൻ കഴിയൂ."},{"$i":"clear","$v":"മായ്‌ക്കുക"},{"$i":"dialer","$v":"ഡയലർ"},{"$i":"tcl-incomming-call","$v":"ഇൻകമിംഗ് കോൾ"},{"$i":"tcl-in-call","$v":"കോളില്‍ ആണ്"},{"$i":"tcl-answer","$v":"ഉത്തരം  നല്‍കുക"},{"$i":"tcl-end-answer","$v":"അവസാനിപ്പിക്കുക ഒപ്പം ഉത്തരം  നൽകുക"},{"$i":"tcl-decline","$v":"നിരസിക്കുക"},{"$i":"tcl-mute","$v":"മ്യൂട്ട്"},{"$i":"tcl-unmute","$v":"ശബ്ദമുള്ളതാക്കുക"},{"$i":"tcl-speaker","$v":"സ്പീക്കർ"},{"$i":"tcl-speaker-off","$v":"സ്പീക്കർ ഓഫ്"},{"$i":"tcl-microphone-mute-notification","$v":"മൈക്രോഫോൺ നിശബ്ദമാക്കി"},{"$i":"tcl-microphone-active-notification","$v":"മൈക്രോഫോൺ സജീവമാണ്"},{"$i":"tcl-speaker-off-notification","$v":"ബാഹ്യ സ്പീക്കർ ഓഫാക്കി"},{"$i":"tcl-speaker-on-notification","$v":"ബാഹ്യ സ്പീക്കർ ഓണാക്കി"},{"$i":"tcl-hold-and-answer","$v":"ഹോൾഡിൽ വച്ച് ഉത്തരം നല്‍കുക"},{"$i":"tcl-ignore-call","$v":"ഇൻകമിംഗ് കോൾ അവഗണിക്കുക"},{"$i":"tcl-add-to-call","$v":"കോൾ ചേർക്കുക"},{"$i":"tcl-switch-to-second-line","$v":"സ്വാപ്പ് കോൾ"},{"$i":"tcl-merge-calls","$v":"കോൾ ലയിപ്പിക്കുക"},{"$i":"btnOk","$v":"ശരി"},{"$i":"losing-wifi-msg","$v":"Wi-Fi നഷ്ടമാകുന്നു"},{"$i":"hd","$v":"HD"},{"$i":"manage-call","$v":"കോൾ മാനേജുചെയ്യുക"},{"$i":"end","$v":"കോൾ അവസാനിപ്പിക്കുക"},{"$i":"private","$v":"സ്വകാര്യം"},{"$i":"sound","$v":"ശബ്‌ദം"},{"$i":"bluetooth-device","$v":"ബ്ലുടൂത്ത് ഉപകരണം"},{"$i":"handset-earpiece","$v":"ഹാൻഡ്സെറ്റ്"},{"$i":"call-ended","$v":"കോൾ അവസാനിച്ചു"},{"$i":"payphone","$v":"പേഫോൺ"},{"$i":"contact","$v":"കോൺടാക്റ്റ്"},{"$i":"volume","$v":"വോളിയം"},{"$i":"softkey-options","$v":"ഓപ്ഷന്‍"},{"$i":"resume-call","$v":"കോൾ പുനരാരംഭിക്കുക"},{"$i":"switch-to-device-toast","$v":"ബ്ലുടൂത്ത് ഉപകരണത്തിലേക്ക് സ്വിച്ച് ചെയ്തു"},{"$i":"switch-to-handset-toast","$v":"ഹാൻഡ്സെറ്റ് ഇയർപീസ് ഉപകരണത്തിലേക്ക് സ്വിച്ച് ചെയ്തു"},{"$i":"switch-to-speaker-toast","$v":"സ്പീക്കറിലേക്ക് സ്വിച്ച് ചെയ്തു"},{"$i":"emergency-call","$v":"ഒരു അടിയന്തര കോൾ ഉണ്ട്."},{"$i":"link","$v":"ലിങ്ക്:"},{"$i":"call-left-conference-toast","$v":[{"t":"idOrVar","v":"number"}," കോൾ ഉപേക്ഷിച്ചു"]}]