[{"$i":"tcl-calllog-entry-removed-succ-notification","$v":"কোল লোগকি মিং পরেং লৌথোক্লে"},{"$i":"tcl-calllog-entry-removed-err-notification","$v":"কোল লোগ মেনশিনবা লৌথোকপা য়াদে"},{"$i":"addNewNumber","$v":"অনৌবা নম্বর হাপচিল্লু"},{"$i":"contactDetails","$v":"পাউ-ফাওনগদবগী অকূপ্পা মরোলশিং"},{"$i":"addToExistingContact","$v":"হৌজিক লৈবা কন্টেক্ততা হাপচিল্লু"},{"$i":"all","$v":"পূম্নমক","ariaLabel":"পূম্নমক"},{"$i":"bluetoothOption","$v":""},{"$i":"callLog","$v":"কোল লোগ"},{"$i":"callLogEdit","title":"কোল লোগ এদিত তৌ"},{"$i":"tcl-option-menu-call-log-edit","$v":"কোল লোগ এদিত তৌ"},{"$i":"callLogEditDialog","ariaLabel":"কোল লোগ দাইলোগ এদিত তৌ"},{"$i":"tcl-call-log-delete-group-notification","$v":["মেনশিনবা ",{"t":"idOrVar","v":"n"}," মুথৎখ্রে"]},{"$i":"connecting","$v":"কোল তৌরি"},{"$i":"connectingEllipsis","$v":"শম্নরি..."},{"$i":"call-forwarding-async","$v":["সিনক্রোনস ওইদবা: ",{"t":"idOrVar","v":"async"}]},{"$i":"call-forwarding-data","$v":["দাতা: ",{"t":"idOrVar","v":"data"}]},{"$i":"call-forwarding-error","$v":"কোল ফোরৱার্দ তৌনবা স্টেটস হন্না ফংনবা তৌরিঙৈদা অরানবা অমা থোক্লে"},{"$i":"call-forwarding-fax","$v":["FAX: ",{"t":"idOrVar","v":"fax"}]},{"$i":"call-forwarding-inactive","$v":"এক্তিব ওইদবা"},{"$i":"call-forwarding-packet","$v":["পেকেত: ",{"t":"idOrVar","v":"packet"}]},{"$i":"call-forwarding-pad","$v":["PAD: ",{"t":"idOrVar","v":"pad"}]},{"$i":"call-forwarding-sms","$v":["SMS: ",{"t":"idOrVar","v":"sms"}]},{"$i":"call-forwarding-status","$v":"কোল ফোরৱার্দ তৌবগী স্টেটস"},{"$i":"call-forwarding-sync","$v":["মতম চপ মান্ননা ওইমিন্নবা: ",{"t":"idOrVar","v":"sync"}]},{"$i":"call-forwarding-voice","$v":["ভোইস: ",{"t":"idOrVar","v":"voice"}]},{"$i":"close","$v":"থিংজিল্লু"},{"$i":"confirm-deletion","$v":"খল্লবা কোলশীং হাংহনগদ্রা?"},{"$i":"contacts","ariaLabel":"পাউ-ফাওনগদবশিং"},{"$i":"createNewContact","$v":"অনৌবা একাওন্ট শেম্মু"},{"$i":"delete","$v":"মুত্থৎলু"},{"$i":"calllog-deselectAll","$v":"লোইনমক খনবা তোকউ"},{"$i":"dialerAddContact","$v":""},{"$i":"dialerAddContactDialog","ariaLabel":"কন্টেক্ত দাইলোগ হাপচিল্লু"},{"$i":"callInformation","$v":"কোলগী পাও"},{"$i":"edit-selected","$v":{"one":["(",{"t":"idOrVar","v":"n"},") খল্লে"],"two":["(",{"t":"idOrVar","v":"n"},") খল্লে"],"few":["(",{"t":"idOrVar","v":"n"},") খল্লে"],"many":["(",{"t":"idOrVar","v":"n"},") খল্লে"],"other":["(",{"t":"idOrVar","v":"n"},") খল্লে"]},"$x":[{"t":"idOrVar","v":"plural"},"n"]},{"$i":"tcl-edit-not-selected","$v":"(0) খল্লে"},{"$i":"edit","$v":"ইদিত তৌ"},{"$i":"hideKeypad","ariaLabel":"কীপেদ লোৎলু"},{"$i":"ignore","$v":""},{"$i":"incoming","$v":"চংলকপা"},{"$i":"keypad","ariaLabel":"কীপেড"},{"$i":"makeCall","$v":""},{"$i":"merge","$v":""},{"$i":"info-missed","$v":"পায়হৌদবা"},{"$i":"missed","$v":"পায়হৌদবা","ariaLabel":"পায়হৌদবা"},{"$i":"dialed","$v":"দাইল তৌরে"},{"$i":"received","$v":"ফংলে"},{"$i":"canceled","$v":"ককথৎলে"},{"$i":"missedCall","$v":"পায়হৌদবা কোল"},{"$i":"missedCallMultiSims","$v":["(সিম ",{"t":"idOrVar","v":"n"},") গী ওকহৌদবা কোল"]},{"$i":"mmi-error","$v":"মেসেজ অদু থারিঙৈদা অরানবা অমা থোক্লে"},{"$i":"mmi-session-expired","$v":"সেসন মতম লোইরে"},{"$i":"mmi-successfully-sent","$v":"মেসেজ মায় পাক্না থাখ্রে"},{"$i":"mmi-notification-title-with-sim","$v":["(",{"t":"idOrVar","v":"sim"},") ",{"t":"idOrVar","v":"title"}]},{"$i":"mute","$v":""},{"$i":"newCall","$v":""},{"$i":"no-logs-msg-1","$v":"কোল অমত্তা রেকোর্দ তৌদে"},{"$i":"no-logs-msg-2","$v":"হৌজিক পাও ফাওনবা হৌ"},{"$i":"no-logs-msg-3","$v":"কোল অমত্তা রেকোর্দ তৌদে"},{"$i":"no-logs-msg-4","$v":"হৌজিক পাও ফাওনবা হৌ"},{"$i":"onHoldOption","$v":""},{"$i":"outgoing","$v":"চৎথোকখিবা"},{"$i":"recents","ariaLabel":"হন্দক্তা তৌবা কোলশীং"},{"$i":"reply","$v":"পাউখুম"},{"$i":"calllog-selectAll","$v":"লোইনমক হায়বদু খল্লু"},{"$i":"send","$v":"থাদোকখো"},{"$i":"switch-calls","$v":"কোলশীং হোংঙু"},{"$i":"today","$v":"ঙসি"},{"$i":"withheld-number","$v":"খঙদবা"},{"$i":"from-contact","$v":[{"t":"idOrVar","v":"contact"}," দগী"]},{"$i":"from-number","$v":[{"t":"idOrVar","v":"number"}," দগী"]},{"$i":"from-withheld-number","$v":"কনাগীনো খঙদবা নম্বরদগী"},{"$i":"yesterday","$v":"ঙরাং"},{"$i":"sending","$v":"থারি…"},{"$i":"speakerOption","$v":""},{"$i":"ussd-services","$v":[{"t":"idOrVar","v":"operator"}," সার্ভিসশীং"]},{"$i":"toggleKeypad","$v":""},{"$i":"type-your-response","placeholder":"নহাক্কি পাওখুম টাইপ তৌ…"},{"$i":"clear-all-text","$v":"টেকস্ট লোইনমক হাংহল্লু"},{"$i":"hide","$v":"লোৎলু"},{"$i":"call","$v":"কোল"},{"$i":"hold","$v":"পায়য়ু"},{"$i":"resume","$v":"হান্নগীদা হঞ্জিনবা","ariaLabel":"হান্নগীদা হঞ্জিনবা"},{"$i":"sendSms","$v":"মেসেজ থাও"},{"$i":"callEnded","$v":"কোল লোইরে"},{"$i":"via-sim","$v":["সিম ",{"t":"idOrVar","v":"n"}," ফাওনা"]},{"$i":"sim-number","$v":["সিম",{"t":"idOrVar","v":"n"}]},{"$i":"unknown","$v":"খঙদবা"},{"$i":"cancel","$v":"ককথৎলু"},{"$i":"hangup-a11y-button","$v":""},{"$i":"pickup-a11y-button","$v":""},{"$i":"unlock-a11y-button","ariaLabel":"নান্থনবা"},{"$i":"settings","$v":"সেটিংশিং"},{"$i":"tcl-delete-log","$v":"নহাক কোল লোগ অদুদগী খল্লবা মীং পরেংশীং অদু মুথৎপা পাম্মি হায়বা নহাক শোয়দ্রব্রা?"},{"$i":"delete-n-log?","$v":{"zero":"করিমত্তা খন্দে","one":"খল্লবা লোগ মুথৎকদ্রা?","two":[{"t":"idOrVar","v":"n"}," লোগশীং মুথৎকদ্রা?"],"few":[{"t":"idOrVar","v":"n"}," লোগশীং মুথৎকদ্রা?"],"many":[{"t":"idOrVar","v":"n"}," লোগশীং মুথৎকদ্রা?"],"other":[{"t":"idOrVar","v":"n"}," লোগশীং মুথৎকদ্রা?"]},"$x":[{"t":"idOrVar","v":"plural"},"n"]},{"$i":"composeEmail","ariaLabel":"ইমেল"},{"$i":"emailDetail","ariaLabel":"ইমেল"},{"$i":"phoneDetail","ariaLabel":"ফোন"},{"$i":"send-sms-button","ariaLabel":"SMS"},{"$i":"separator","$v":","},{"$i":"callDurationMinutes","$v":[{"t":"idOrVar","v":"m"},":",{"t":"idOrVar","v":"s"}]},{"$i":"callDurationHours","$v":[{"t":"idOrVar","v":"h"},":",{"t":"idOrVar","v":"m"},":",{"t":"idOrVar","v":"s"}]},{"$i":"callDurationTextFormatSeconds","$v":[{"t":"idOrVar","v":"s"}," সেকেন্দ"]},{"$i":"callDurationTextFormatMinutes","$v":["মিনট ",{"t":"idOrVar","v":"m"}," সেকেন্দ ",{"t":"idOrVar","v":"s"}]},{"$i":"callDurationTextFormatHours","$v":[{"t":"idOrVar","v":"h"}," পুং ",{"t":"idOrVar","v":"m"}," মিনট ",{"t":"idOrVar","v":"s"}," সেকেন্দ"]},{"$i":"suggestionMatches","$v":{"one":[{"t":"idOrVar","v":"n"}," মেটচ গী \"",{"t":"idOrVar","v":"matchNumber"},"\""],"two":[{"t":"idOrVar","v":"n"}," মেটচ গী \"",{"t":"idOrVar","v":"matchNumber"},"\""],"few":[{"t":"idOrVar","v":"n"}," মেটচ গী \"",{"t":"idOrVar","v":"matchNumber"},"\""],"many":[{"t":"idOrVar","v":"n"}," মেটচ গী \"",{"t":"idOrVar","v":"matchNumber"},"\""],"other":[{"t":"idOrVar","v":"n"}," মেটচ গী \"",{"t":"idOrVar","v":"matchNumber"},"\""]},"$x":[{"t":"idOrVar","v":"plural"},"n"]},{"$i":"scCallBarring","$v":"কোল তৌবা য়াহন্দ্রি"},{"$i":"scCallForwarding","$v":"কোল ফোরৱার্দ তৌরি"},{"$i":"scClip","$v":"লাক্লিবা কোলর ID"},{"$i":"scClir","$v":"চত্থোকখিবা কোলর ID"},{"$i":"scPwd","$v":"পাসৱর্ড হোংলে"},{"$i":"scCallWaiting","$v":"কোল অঙাইবা"},{"$i":"scPin","$v":"PIN হোংলে"},{"$i":"scPin2","$v":"পিন2 হোংবা"},{"$i":"scPuk","$v":"পিন ব্লোক তৌবা তোকউ"},{"$i":"scPuk2","$v":"পিন2 ব্লোক তৌবা তোকউ"},{"$i":"scImei","$v":"IMEI"},{"$i":"scMeid","$v":"MEID"},{"$i":"scUssd","$v":"USSD"},{"$i":"serviceClassVoice","$v":"ভোইস"},{"$i":"serviceClassData","$v":"ডাটা"},{"$i":"serviceClassFax","$v":"FAX"},{"$i":"serviceClassSms","$v":"SMS"},{"$i":"serviceClassDataSync","$v":"সিঙ্ক তৌ"},{"$i":"serviceClassDataAsync","$v":"সিঙ্ক তৌগনু"},{"$i":"serviceClassPacket","$v":"পেকেট"},{"$i":"serviceClassPad","$v":"PAD"},{"$i":"smServiceEnabled","$v":"সার্ভিস য়াহনখিদ্রে"},{"$i":"smServiceDisabled","$v":"সার্ভিস য়াহনখিদ্রে"},{"$i":"smServiceRegistered","$v":"রেজিস্টর তৌবা মায় পাকখি"},{"$i":"smServiceErased","$v":"মুথৎপা মায় পাক্লে"},{"$i":"smServiceInterrogated","$v":"হায়জবা মায় পাকখি"},{"$i":"smServiceNotProvisioned","$v":"সার্ভিস পীনবা য়াওখিদে"},{"$i":"smClirPermanent","$v":"নহাক কোলর ID সেটিং অদু হোংবা য়ারোই"},{"$i":"smClirDefaultOnNextCallOn","$v":"কোলর ID দিফোলটশিং অথিংবদা লৈরে. মথংগী কোল: থিংলে"},{"$i":"smClirDefaultOnNextCallOff","$v":"কোলর ID দিফোলটশিং অথিংবদা লৈরে. মথংগী কোল: থিংদে"},{"$i":"smClirDefaultOffNextCallOn","$v":"কোলর ID দিফোলটশিং অথিংবদা লৈত্রে. মথংগী কোল: থিংলে"},{"$i":"smClirDefaultOffNextCallOff","$v":"কোলর ID দিফোলটশিং অথিংবদা লৈত্রে. মথংগী কোল: থিংদে"},{"$i":"smServiceEnabledFor","$v":"মসিগীদমক সর্ভিস য়াহল্লে:"},{"$i":"smPinChanged","$v":"পিন মায় পাক্না হোংলে"},{"$i":"smPinUnblocked","$v":"পিন মায় পাক্না ব্লোক তৌবদগী লৌথোক্লে"},{"$i":"smPin2Changed","$v":"পিন2 মায় পাক্না হোংলে"},{"$i":"smPin2Unblocked","$v":"পিন2 মায় পাক্না ব্লোক তৌবদগী লৌথোক্লে"},{"$i":"ServiceIsEnabled","$v":"সার্ভিস য়াহল্লে"},{"$i":"ServiceIsDisabled","$v":"সার্ভিস য়াহন্দ্রে"},{"$i":"ServiceIsEnabledFor","$v":"সার্ভর য়াহল্লে গী:"},{"$i":"emMmiError","$v":"শম্নবগী সমস্য নত্ত্রগা চৎনদবা MMI কোদ"},{"$i":"emMmiErrorPasswordIncorrect","$v":"চুমদবা পাসৱার্দ"},{"$i":"emMmiErrorNotSupported","$v":"চৎনদবা নত্ত্রগা সপোর্ট তৌদবা MMI কোদ"},{"$i":"emMmiErrorInvalidAction","$v":"চৎনদবা থবক তৌবা"},{"$i":"emMmiErrorInvalidScCode","$v":"চৎনদবা সার্ভিস কোদ"},{"$i":"emMmiErrorBadPuk","$v":"নহাক্না টাইপ তৌবা  PUK চুমদে"},{"$i":"emMmiErrorBadPin","$v":"নহাক্না টাইপ তৌবা অরিবা পিন অদু চুমদে."},{"$i":"emMmiErrorNeedPuk2","$v":"সিম কার্দ ব্লোক তৌবা তোক্নবা  PUK2 টাইপ তৌ"},{"$i":"emMmiErrorMismatchPin","$v":"নহাক্না টাইপ তৌবা পিনীং চান্নদে"},{"$i":"emMmiErrorInvalidPin","$v":"নম্বরশীং 4 দগী 8 ওইবা পিন অমা টাইপ তৌ"},{"$i":"emMmiErrorNeedsPuk","$v":"নহাক্কি সিম কার্দ  PUK-লোক তৌই"},{"$i":"emMmiErrorEnablePin","$v":"মায় পাক্তবা. সিম/আর:য়ু:আই:এম: লোক য়াহল্লু"},{"$i":"emMmiErrorMmiFdn","$v":"ওপরেসন অসি ফিক্স তৌবা দাইলিং নম্বরশীং খক্তংদা তৌনবা অথিংবা লৈ"},{"$i":"emMmiErrorStkCcUssdDial","$v":"USSD হায়জবসি DIAL হায়জবদা শেমদোক্লে."},{"$i":"emMmiErrorStkCcUssdSs","$v":"USSD হায়জবসি SS হায়জবদা শেমদোক্লে."},{"$i":"emMmiErrorStkCcUssdUssd","$v":"USSD হায়জবসি অনৌবা USSD হায়জবদা শেমদোক্লে."},{"$i":"emMmiErrorStkCcSsDial","$v":"এস:এস: হায়জবা দি:আই:এ:এল: হায়জবদা শেমদোক্লে"},{"$i":"emMmiErrorStkCcSsUssd","$v":"USSD হায়জবসি SS হায়জবদা শেমদোক্লে."},{"$i":"emMmiErrorStkCcSsSs","$v":"এস:এস: হায়জবা অনৌবা এস:এস: হায়জবদা শেমদোক্লে"},{"$i":"emMmiErrorPinPukAttempts","$v":{"one":["হন্না হোৎনবা ",{"t":"idOrVar","v":"n"}," খক্তং ঙাইরে"],"two":["হোৎনগদবা ",{"t":"idOrVar","v":"n"}," লৈরি"],"few":["হোৎনগদবা ",{"t":"idOrVar","v":"n"}," লৈরি"],"many":["হোৎনগদবা ",{"t":"idOrVar","v":"n"}," লৈরি"],"other":["হোৎনগদবা ",{"t":"idOrVar","v":"n"}," লৈরি"]},"$x":[{"t":"idOrVar","v":"plural"},"n"]},{"$i":"emMmiErrorSimBlocked","$v":"খ্বাইদগী য়াম্বা হন্না হোৎনবা মশীং হেল্লে. সিম ব্লোক তৌরে"},{"$i":"RadioNotAvailable","$v":"রেদিও ফংদে"},{"$i":"GenericFailure","$v":"ময়ামগী ওইনা শোয়বা"},{"$i":"PasswordIncorrect","$v":"পাসৱার্দ চুমদে"},{"$i":"SimPin2","$v":"সিম পিন 2"},{"$i":"SimPuk2","$v":"সিম  PUK2"},{"$i":"RequestNotSupported","$v":"হায়জবা সপোর্ট তৌদে"},{"$i":"OpNotAllowedDuringVoiceCall","$v":"ওপরেসন অসি ভোইস কোল মনুংদা তৌবা য়াদে"},{"$i":"SmsSendFailRetry","$v":"SMS থাবা মায় পাক্তে হন্না হোৎনৌ"},{"$i":"SimAbsent","$v":"সিম য়াওদে"},{"$i":"SubscriptionNotAvailable","$v":"সবস্ক্রিপসন ফংদে"},{"$i":"ModeNotSupported","$v":"মোদ সপোর্ট তৌদে"},{"$i":"FdnCheckFailure","$v":"FDN চেক তৌবা মায় পাক্তবা"},{"$i":"IllegalSimOrMe","$v":"আইননা য়াদবা সিম নত্ত্রগা ME"},{"$i":"DialModifiedToUssd","$v":"দাইল শেমদোক্লে USSD তা"},{"$i":"DialModifiedToSs","$v":"দাইল শেমদোক্লে এস:এস: তা"},{"$i":"DialModifiedToDial","$v":"দাইল শেমদোক্লে দাইল দা"},{"$i":"UssdModifiedToDial","$v":"USSD দাইলদা শেমদোক্লে"},{"$i":"UssdModifiedToSs","$v":"USSD শেমদোক্লে এস:এস: তা"},{"$i":"UssdModifiedToUssd","$v":"USSD শেমদোক্লে USSD তা"},{"$i":"SsModifiedToDial","$v":"এস:এস: দাইলদা শেমদোক্লে"},{"$i":"SsModifiedToUssd","$v":"এস:এস: শেমদোক্লে USSD তা"},{"$i":"SsModifiedToSs","$v":"এস:এস: শেমদোক্লে এস:এস: তা"},{"$i":"SubscriptionNotSupported","$v":"সবস্ক্রিপসন সপোর্ট তৌদে"},{"$i":"InvalidParameter","$v":"চৎনদবা পেরামিটর"},{"$i":"RejectedByRemote","$v":"রিমোটনা লৌ য়াদ্রে"},{"$i":"conferenceCall","$v":["কনফরেন্স (",{"t":"idOrVar","v":"n"},")"]},{"$i":"caller-left-call","$v":[{"t":"idOrVar","v":"caller"}," না কোল অদু থমখ্রে."]},{"$i":"conferenceAddError","$v":"কোলশীং পুনশিন্নবা ঙমদ্রে"},{"$i":"conferenceRemoveError","$v":"কোলশীং পুনশিন্নদবা ঙমদ্রে"},{"$i":"longDateFormat","$v":"%A, %b %e"},{"$i":"select-audio-sources","$v":"ওদিও হৌরকফমশীং খল্লু"},{"$i":"bluetooth-handsfree-device","$v":"ব্লুটুথ হেন্দসফ্রী দিভাইস"},{"$i":"receiver","$v":"ওক্লিবা মী"},{"$i":"speaker","$v":"স্পীকর"},{"$i":"tcl-cancel","$v":"ককথৎলু"},{"$i":"tcl-dialer","$v":"দাইল তৌরিমী"},{"$i":"tcl-confirmation","$v":"চুম্মি হায়বা"},{"$i":"log-item","$v":"ওপসনশিং"},{"$i":"tcl-assign-speed-dial","$v":{"$o":["কন্টেক্ত অদু বট্টন্দা স্পীদ দাইল ওইনা হাপচিন্দে \"",{"t":"idOrVar","v":"speedDial"},"\".<br><br>হৌজিক থবক শীন্নৌ?"]}},{"$i":"tcl-assign","$v":"থবক পীবা"},{"$i":"select","$v":"খল্লু"},{"$i":"deselect","$v":"খনবা তোকউ"},{"$i":"view-all","$v":"লোইনমক য়েংঙু"},{"$i":"search-results","$v":"থিবগী ফলশীং"},{"$i":"no-recent-numbers","$v":"কোল লোগশিংদা ডাইল তৌনবা অনৌবা নম্বর অমত্তা য়াওদে৷"},{"$i":"wifi-calling","$v":"ৱাই-ফাই কোল তৌরি"},{"$i":"dialer-prompt","$v":"নম্বর দাইল তৌ নত্ত্রগা কোলদা হাপচিন্নবা কন্টেক্ত খল্লু"},{"$i":"hours","$v":"পুংশীং"},{"$i":"minutes","$v":"মিনটশীং"},{"$i":"seconds","$v":"সেকেণ্ডশিং"},{"$i":"voiceMail","$v":"ভোইসমেল"},{"$i":"weekday-0-long","$v":"নোংমাইজিং"},{"$i":"weekday-1-long","$v":"নিংথৌকাবা"},{"$i":"weekday-2-long","$v":"লৈবাকপোকপা"},{"$i":"weekday-3-long","$v":"য়ুমশকৈশ"},{"$i":"weekday-4-long","$v":"শগোলশেল"},{"$i":"weekday-5-long","$v":"ইরাই"},{"$i":"weekday-6-long","$v":"থাংজ"},{"$i":"weekday-0-short","$v":"নুমিৎ"},{"$i":"weekday-1-short","$v":"নিংথৌকাবা"},{"$i":"weekday-2-short","$v":"লৈবাকপোকপা"},{"$i":"weekday-3-short","$v":"য়ুমশকৈশা"},{"$i":"weekday-4-short","$v":"শগোলশেন"},{"$i":"weekday-5-short","$v":"ইরাই"},{"$i":"weekday-6-short","$v":"থাংজ"},{"$i":"month-0-long","$v":"জানুৱারি"},{"$i":"month-1-long","$v":"ফেব্রুৱারি"},{"$i":"month-2-long","$v":"মার্চ"},{"$i":"month-3-long","$v":"এপ্রিল"},{"$i":"month-4-long","$v":"মে"},{"$i":"month-5-long","$v":"জুন"},{"$i":"month-6-long","$v":"জুলাই"},{"$i":"month-7-long","$v":"ওগস্ট"},{"$i":"month-8-long","$v":"সেপ্টেম্বর"},{"$i":"month-9-long","$v":"ওক্তোবর"},{"$i":"month-10-long","$v":"নোবেম্বর"},{"$i":"month-11-long","$v":"দিসেম্বর"},{"$i":"month-0-genitive","$v":"জানুৱারি"},{"$i":"month-1-genitive","$v":"ফেব্রুৱারি"},{"$i":"month-2-genitive","$v":"মার্চ"},{"$i":"month-3-genitive","$v":"এপ্রিল"},{"$i":"month-4-genitive","$v":"মে"},{"$i":"month-5-genitive","$v":"জুন"},{"$i":"month-6-genitive","$v":"জুলাই"},{"$i":"month-7-genitive","$v":"ওগস্ট"},{"$i":"month-8-genitive","$v":"সেপ্টেম্বর"},{"$i":"month-9-genitive","$v":"ওক্তোবর"},{"$i":"month-10-genitive","$v":"নোবেম্বর"},{"$i":"month-11-genitive","$v":"দিসেম্বর"},{"$i":"month-0-short","$v":"জানুৱারি"},{"$i":"month-1-short","$v":"ফেব্রুৱারি"},{"$i":"month-2-short","$v":"মার্চ"},{"$i":"month-3-short","$v":"এপ্রিল"},{"$i":"month-4-short","$v":"মে"},{"$i":"month-5-short","$v":"জুন"},{"$i":"month-6-short","$v":"জুলাই"},{"$i":"month-7-short","$v":"ওগস্ট"},{"$i":"month-8-short","$v":"সেপ্টেম্বর"},{"$i":"month-9-short","$v":"ওক্তোবর"},{"$i":"month-10-short","$v":"নোবেম্বর"},{"$i":"month-11-short","$v":"দিসেম্বর"},{"$i":"minutes-ago-long","$v":{"zero":"হৌজিক্তা","one":"মিনট অমা মমাংদা","two":["মিনট ",{"t":"idOrVar","v":"value"}," মমাংদা"],"few":["মিনট ",{"t":"idOrVar","v":"value"}," মমাংদা"],"many":["মিনট ",{"t":"idOrVar","v":"value"}," মমাংদা"],"other":["মিনট ",{"t":"idOrVar","v":"value"}," মমাংদা"]},"$x":[{"t":"idOrVar","v":"plural"},"value"]},{"$i":"hours-ago-long","$v":{"zero":"হৌজিক্তা","one":"পুং অমা মমাংদা","two":["পুং ",{"t":"idOrVar","v":"value"}," মমাংদা"],"few":["পুং ",{"t":"idOrVar","v":"value"}," মমাংদা"],"many":["পুং ",{"t":"idOrVar","v":"value"}," মমাংদা"],"other":["পুং ",{"t":"idOrVar","v":"value"}," মমাংদা"]},"$x":[{"t":"idOrVar","v":"plural"},"value"]},{"$i":"days-ago-long","$v":{"zero":"ঙসি","one":"ঙরাং","two":["নুমিৎ ",{"t":"idOrVar","v":"value"}," মমাংদা"],"few":["নুমিৎ ",{"t":"idOrVar","v":"value"}," মমাংদা"],"many":["নুমিৎ ",{"t":"idOrVar","v":"value"}," মমাংদা"],"other":["নুমিৎ ",{"t":"idOrVar","v":"value"}," মমাংদা"]},"$x":[{"t":"idOrVar","v":"plural"},"value"]},{"$i":"weeks-ago-long","$v":{"zero":"চয়োল অসি","one":"ইকোন কোনবা চয়োল","two":["চয়োল ",{"t":"idOrVar","v":"value"}," মমাংদা"],"few":["চয়োল ",{"t":"idOrVar","v":"value"}," মমাংদা"],"many":["চয়োল ",{"t":"idOrVar","v":"value"}," মমাংদা"],"other":["চয়োল ",{"t":"idOrVar","v":"value"}," মমাংদা"]},"$x":[{"t":"idOrVar","v":"plural"},"value"]},{"$i":"months-ago-long","$v":{"zero":"থা অসি","one":"ইকোন কোনবা থা","two":["থা ",{"t":"idOrVar","v":"value"}," মামংদা"],"few":["থা ",{"t":"idOrVar","v":"value"}," মামংদা"],"many":["থা ",{"t":"idOrVar","v":"value"}," মামংদা"],"other":["থা ",{"t":"idOrVar","v":"value"}," মামংদা"]},"$x":[{"t":"idOrVar","v":"plural"},"value"]},{"$i":"years-ago-long","$v":{"zero":"চহী অসি","one":"ইকোন কোনবা চহী","two":["চহী ",{"t":"idOrVar","v":"value"}," মমাংদা"],"few":["চহী ",{"t":"idOrVar","v":"value"}," মমাংদা"],"many":["চহী ",{"t":"idOrVar","v":"value"}," মমাংদা"],"other":["চহী ",{"t":"idOrVar","v":"value"}," মমাংদা"]},"$x":[{"t":"idOrVar","v":"plural"},"value"]},{"$i":"minutes-until-long","$v":{"zero":"হৌজিক্তা","one":"মিনট অমদা","two":["মিনট ",{"t":"idOrVar","v":"value"}," দা"],"few":["মিনট ",{"t":"idOrVar","v":"value"}," দা"],"many":["মিনট ",{"t":"idOrVar","v":"value"}," দা"],"other":["মিনট ",{"t":"idOrVar","v":"value"}," দা"]},"$x":[{"t":"idOrVar","v":"plural"},"value"]},{"$i":"hours-until-long","$v":{"zero":"হৌজিক্তা","one":"পুং অমদা","two":["পুং ",{"t":"idOrVar","v":"value"}," দা"],"few":["পুং ",{"t":"idOrVar","v":"value"}," দা"],"many":["পুং ",{"t":"idOrVar","v":"value"}," দা"],"other":["পুং ",{"t":"idOrVar","v":"value"}," দা"]},"$x":[{"t":"idOrVar","v":"plural"},"value"]},{"$i":"days-until-long","$v":{"zero":"ঙসি","one":"হয়েং","two":["নুমিৎ ",{"t":"idOrVar","v":"value"}," তা"],"few":["নুমিৎ ",{"t":"idOrVar","v":"value"}," তা"],"many":["নুমিৎ ",{"t":"idOrVar","v":"value"}," তা"],"other":["নুমিৎ ",{"t":"idOrVar","v":"value"}," তা"]},"$x":[{"t":"idOrVar","v":"plural"},"value"]},{"$i":"weeks-until-long","$v":{"zero":"চয়োল অসি","one":"মথংগী চয়োল","two":["চয়োল ",{"t":"idOrVar","v":"value"}," দা"],"few":["চয়োল ",{"t":"idOrVar","v":"value"}," দা"],"many":["চয়োল ",{"t":"idOrVar","v":"value"}," দা"],"other":["চয়োল ",{"t":"idOrVar","v":"value"}," দা"]},"$x":[{"t":"idOrVar","v":"plural"},"value"]},{"$i":"months-until-long","$v":{"zero":"থা অসি","one":"মথংগী থা","two":["থা ",{"t":"idOrVar","v":"value"}," দা"],"few":["থা ",{"t":"idOrVar","v":"value"}," দা"],"many":["থা ",{"t":"idOrVar","v":"value"}," দা"],"other":["থা ",{"t":"idOrVar","v":"value"}," দা"]},"$x":[{"t":"idOrVar","v":"plural"},"value"]},{"$i":"years-until-long","$v":{"zero":"চহী অসি","one":"মথংগী চহী","two":["চহী ",{"t":"idOrVar","v":"value"}," দা"],"few":["চহী ",{"t":"idOrVar","v":"value"}," দা"],"many":["চহী ",{"t":"idOrVar","v":"value"}," দা"],"other":["চহী ",{"t":"idOrVar","v":"value"}," দা"]},"$x":[{"t":"idOrVar","v":"plural"},"value"]},{"$i":"minutes-ago-short","$v":{"zero":"হৌজিক্তা","other":["থা ",{"t":"idOrVar","v":"value"}," মমাংদা"]},"$x":[{"t":"idOrVar","v":"plural"},"value"]},{"$i":"hours-ago-short","$v":{"zero":"হৌজিক্তা","other":["পুং ",{"t":"idOrVar","v":"value"}," মমাংদা"]},"$x":[{"t":"idOrVar","v":"plural"},"value"]},{"$i":"days-ago-short","$v":{"zero":"ঙসি","other":["নুমিৎ ",{"t":"idOrVar","v":"value"}," মমাংদা"]},"$x":[{"t":"idOrVar","v":"plural"},"value"]},{"$i":"minutes-until-short","$v":{"zero":"হৌজিক্তা","other":["থা ",{"t":"idOrVar","v":"value"}," দা"]},"$x":[{"t":"idOrVar","v":"plural"},"value"]},{"$i":"hours-until-short","$v":{"zero":"হৌজিক্তা","other":["পুং ",{"t":"idOrVar","v":"value"}," দা"]},"$x":[{"t":"idOrVar","v":"plural"},"value"]},{"$i":"days-until-short","$v":{"zero":"ঙসি","other":["নুমিৎ ",{"t":"idOrVar","v":"value"}," তা"]},"$x":[{"t":"idOrVar","v":"plural"},"value"]},{"$i":"incorrectDate","$v":"(চুমদবা তাং)"},{"$i":"dateTimeFormat_%c","$v":"%a %b %e %Y %I:%M:%S %p"},{"$i":"dateTimeFormat_%x","$v":"%m/%d/%Y"},{"$i":"dateTimeFormat_%X","$v":"%I:%M:%S %p"},{"$i":"shortTimeFormat","$v":"%I:%M %p"},{"$i":"shortTimeFormat12","$v":"%I:%M %p"},{"$i":"shortTimeFormat24","$v":"%H:%M"},{"$i":"shortDateTimeFormat","$v":"%x %I:%M %p"},{"$i":"weekStartsOnMonday","$v":"0"},{"$i":"firstDayOfTheWeek","$v":"0"},{"$i":"time_am","$v":"AM"},{"$i":"time_pm","$v":"PM"},{"$i":"label","$v":"থাক"},{"$i":"mobile","$v":"মোবাইল"},{"$i":"home","$v":"হোম"},{"$i":"work","$v":"থবক"},{"$i":"personal","$v":"মশামক্কী"},{"$i":"faxHome","$v":"য়ুমগী ফেক্স"},{"$i":"faxOffice","$v":"ওফিসকি ফেক্স"},{"$i":"faxOther","$v":"অতোপ্পা ফেক্স"},{"$i":"another","$v":"অতোপ্পা"},{"$i":"other","$v":"অতোপ্পা"},{"$i":"tcl-customTag","$v":"কস্টম টেগ"},{"$i":"customTag","$v":"কস্টম টেগ","placeholder":"কস্টম টেগ"},{"$i":"current","$v":"হৌজিক লৈরিবা"},{"$i":"itemWithLabel","$v":[{"t":"idOrVar","v":"label"},", ",{"t":"idOrVar","v":"item"}]},{"$i":"airplaneMode","$v":"এয়রপ্লেন মোড"},{"$i":"searching","$v":"থিরি…"},{"$i":"noNetwork","$v":"নেটৱার্ক লৈতে"},{"$i":"roaming","$v":[{"t":"idOrVar","v":"operator"}," (Roaming)"]},{"$i":"operator-info","$v":[{"t":"idOrVar","v":"carrier"}," ",{"t":"idOrVar","v":"region"}]},{"$i":"emergencyCallsOnly","$v":"অথু-অকায়গী কোলখক্তা"},{"$i":"emergencyCallsOnly-unknownSIMState","$v":"(করিনো খঙদবা সিমগী ফিভম)"},{"$i":"emergencyCallsOnly-noSIM","$v":"(সিম য়াওদে)"},{"$i":"emergencyCallsOnly-pinRequired","$v":"(সিম গী পিন দরকার ওই)"},{"$i":"emergencyCallsOnly-pukRequired","$v":"(সিম  PUK দরকার ওই)"},{"$i":"emergencyCallsOnly-networkLocked","$v":"(নেটৱার্ক লোক তৌরে)"},{"$i":"emergencyCallsOnly-serviceProviderLocked","$v":"(সার্ভিস পীবদু লোক তৌরে)"},{"$i":"emergencyCallsOnly-corporateLocked","$v":"(কোর্পোরেত লোক তৌরে)"},{"$i":"emergencyCallsOnly-network1Locked","$v":"(নেটৱার্ক1 লোক তৌরে)"},{"$i":"emergencyCallsOnly-network2Locked","$v":"(নেটৱার্ক2 লোক তৌরে)"},{"$i":"emergencyCallsOnly-hrpdNetworkLocked","$v":"(ঐইচ:আর:পি:দি: নেটৱার্ক লোক তৌরে)"},{"$i":"emergencyCallsOnly-ruimCorporateLocked","$v":"(আর:য়ু:আই:এম: কোর্পোরেত লোক তৌরে)"},{"$i":"emergencyCallsOnly-ruimServiceProviderLocked","$v":"(আর:য়ু:আই:এম: সার্ভিস পীবদু লোক তৌরে)"},{"$i":"lockscreen-sim-id","$v":["সিম ",{"t":"idOrVar","v":"n"}]},{"$i":"charging-no-time","$v":[{"t":"idOrVar","v":"level"},"% চার্জ তৌরে"]},{"$i":"charging-minutes","$v":{"zero":[{"t":"idOrVar","v":"level"},"% চার্জ তৌরে (",{"t":"idOrVar","v":"minutes"}," মিনট পিক থন্না চার্জ তৌদ্রিবা ফাওবা)"],"one":[{"t":"idOrVar","v":"level"},"% চার্জ তৌরে (",{"t":"idOrVar","v":"minutes"}," মিনট পিক থন্না চার্জ তৌদ্রিবা ফাওবা)"],"two":[{"t":"idOrVar","v":"level"},"% চার্জ তৌরে (",{"t":"idOrVar","v":"minutes"}," মিনট পিক থন্না চার্জ তৌদ্রিবা ফাওবা)"],"few":[{"t":"idOrVar","v":"level"},"% চার্জ তৌরে (",{"t":"idOrVar","v":"minutes"}," মিনট পিক থন্না চার্জ তৌদ্রিবা ফাওবা)"],"many":[{"t":"idOrVar","v":"level"},"% চার্জ তৌরে (",{"t":"idOrVar","v":"minutes"}," মিনট পিক থন্না চার্জ তৌদ্রিবা ফাওবা)"],"other":[{"t":"idOrVar","v":"level"},"% চার্জ তৌরে (",{"t":"idOrVar","v":"minutes"}," মিনট পিক থন্না চার্জ তৌদ্রিবা ফাওবা)"]},"$x":[{"t":"idOrVar","v":"plural"},"minutes"]},{"$i":"charging-hours","$v":{"zero":[{"t":"idOrVar","v":"level"},"% চার্জ তৌরে পুং (",{"t":"idOrVar","v":"hours"}," মিনট ",{"t":"idOrVar","v":"minutes"}," পিক থন্না চার্জ তৌদ্রিবা ফাওবা)"],"one":[{"t":"idOrVar","v":"level"},"% চার্জ তৌরে পুং (",{"t":"idOrVar","v":"hours"}," মিনট ",{"t":"idOrVar","v":"minutes"}," পিক থন্না চার্জ তৌদ্রিবা ফাওবা)"],"two":[{"t":"idOrVar","v":"level"},"% চার্জ তৌরে পুং (",{"t":"idOrVar","v":"hours"}," মিনট ",{"t":"idOrVar","v":"minutes"}," পিক থন্না চার্জ তৌদ্রিবা ফাওবা)"],"few":[{"t":"idOrVar","v":"level"},"% চার্জ তৌরে পুং (",{"t":"idOrVar","v":"hours"}," মিনট ",{"t":"idOrVar","v":"minutes"}," পিক থন্না চার্জ তৌদ্রিবা ফাওবা)"],"many":[{"t":"idOrVar","v":"level"},"% চার্জ তৌরে পুং (",{"t":"idOrVar","v":"hours"}," মিনট ",{"t":"idOrVar","v":"minutes"}," পিক থন্না চার্জ তৌদ্রিবা ফাওবা)"],"other":[{"t":"idOrVar","v":"level"},"% চার্জ তৌরে পুং (",{"t":"idOrVar","v":"hours"}," মিনট ",{"t":"idOrVar","v":"minutes"}," পিক থন্না চার্জ তৌদ্রিবা ফাওবা)"]},"$x":[{"t":"idOrVar","v":"plural"},"minutes"]},{"$i":"phoneNumberInput","ariaLabel":"ফোন নম্বর"},{"$i":"keypadDelete","ariaLabel":"মুত্থৎলু"},{"$i":"voiceMailKey","ariaLabel":"ভোইসমেল"},{"$i":"asterisk","ariaLabel":"অস্টেরিস্ক"},{"$i":"hashSign","ariaLabel":"হেশ খুদম"},{"$i":"loadingSimContacts","$v":"সিম কার্দ কন্টেক্তশীং লোদ তৌরি…"},{"$i":"noContactsWereFound","$v":"কন্টেক্ত অমত্তা ফংলমদে"},{"$i":"noContactsFoundDialogOk","$v":"ওকে"},{"$i":"emergencyNumber","$v":"অথু-অকায়গী নম্বর"},{"$i":"callAirplaneModeMessage","$v":"কোল অমা তৌনবা নহাক সেটিংশীংদা এয়রপ্লেন মোদ য়াহন্দবা দরকার ওই."},{"$i":"callAirplaneModeBtnOk","$v":"ওকে"},{"$i":"callAirplaneModeTitle","$v":"এয়রপ্লেন মোদ এক্তিবেত তৌরে"},{"$i":"numberIsBusyTitle","$v":"নম্বর বিজি ওই"},{"$i":"numberIsBusyMessage","$v":"নম্বর অদু হৌজিক চিল্লি. কোন্না হন্না হোৎনবিয়ু."},{"$i":"fdnIsActiveTitle","$v":"FDN এক্তিব ওই"},{"$i":"fdnIsActiveMessage","$v":["FDN (Fixed Dialing Numbers) এক্তিবেত তৌরে অমসুং মখাগী নম্বর অসি নহাক্কি FDN লিস্টতা য়াওদে: ",{"t":"idOrVar","v":"number"}]},{"$i":"emergencyDialogBodyBadNumber","$v":"কোল অমা তৌনবা, ফোন অদু নেটৱার্ক অমদা শম্নগদবনি."},{"$i":"emergencyDialogBodyDeviceNotAccepted","$v":"নেটৱার্ক অদুনা ইমর্জেন্সি কোলশীং য়াহন্দে."},{"$i":"emergencyDialogBtnOk","$v":"ওকে"},{"$i":"emergencyDialogTitle","$v":"নেটৱর্ক কন্নেক্সন অমত্তা লৈতে"},{"$i":"invalidNumberToDialTitle","$v":"চৎনদবা ফোন নম্বর"},{"$i":"invalidNumberToDialMessage","$v":"নহাক্না কোল তৌরিবা ফোন নম্বর অদু চৎনদে."},{"$i":"unableToCallTitle","$v":"হৌজিক ফোন কোল অমা তৌবা ঙমদ্রে"},{"$i":"unableToCallMessage","$v":"কোল অমা তৌবা ঙমদে. নহাক হান্ননা দাইল তৌরিবা ওইরবদি, অহানবদা ফোন থম্বিয়ু."},{"$i":"otherConnectionInUseTitle","$v":"অতোপ্পা শম্নবা শীজিন্নবা"},{"$i":"otherConnectionInUseMessage","$v":"নহাক অতোপ্পা শম্নবা অমদা এক্তিব কোল অমা লৈ. নহাক মতম অমত্তদা শম্নবা অমখক্তং শীজিন্নবা য়াই."},{"$i":"clear","$v":"শেংদোকউ"},{"$i":"dialer","$v":"দাইল তৌরিমী"},{"$i":"tcl-incomming-call","$v":"লাক্লিবা কোল"},{"$i":"tcl-in-call","$v":"কোলদা লৈরি"},{"$i":"tcl-answer","$v":"পাউখুম"},{"$i":"tcl-end-answer","$v":"লোইয়ু অমসুং পাওখুম পীয়ু"},{"$i":"tcl-decline","$v":"ককথৎলু"},{"$i":"tcl-mute","$v":"খোন্থোক্তবা"},{"$i":"tcl-unmute","$v":"মখোল থোকহল্লু"},{"$i":"tcl-speaker","$v":"স্পীকর"},{"$i":"tcl-speaker-off","$v":"ষ্পীকর ওফ তৌ"},{"$i":"tcl-microphone-mute-notification","$v":"মাইক্রোফোন মখোল থোকহন্দে"},{"$i":"tcl-microphone-active-notification","$v":"মাইক্রোফোন এক্তিব ওই"},{"$i":"tcl-speaker-off-notification","$v":"মপানগী স্পীকর মুথৎলে"},{"$i":"tcl-speaker-on-notification","$v":"মপানগী স্পীকর থারে"},{"$i":"tcl-hold-and-answer","$v":"পায়দুনা থম্মু অমসুং পাওখুম পীয়ু"},{"$i":"tcl-ignore-call","$v":"চংলকপা কোলশীং খঙজিন্নগনু"},{"$i":"tcl-add-to-call","$v":"কোল হাপচিল্লু"},{"$i":"tcl-switch-to-second-line","$v":"স্বাপ কোল"},{"$i":"tcl-merge-calls","$v":"কোল পুনশিন্নৌ"},{"$i":"btnOk","$v":"ওকে"},{"$i":"losing-wifi-msg","$v":"ৱাইফাই মাংগে তৌরি"},{"$i":"hd","$v":"HD"},{"$i":"manage-call","$v":"কোল মেনেজ তৌ"},{"$i":"end","$v":"অরোইবা কোল"},{"$i":"private","$v":"লনাইগী ওইবা"},{"$i":"sound","$v":"মখোল"},{"$i":"bluetooth-device","$v":"ব্লুটুথ দিভাইস"},{"$i":"handset-earpiece","$v":"হেন্দসেট"},{"$i":"call-ended","$v":"কোল লোইরে"},{"$i":"payphone","$v":"পেফোন"},{"$i":"contact","$v":"পাউ-ফাওনবা"},{"$i":"volume","$v":"ভোল্যুম"},{"$i":"softkey-options","$v":"ওপসনশিং"},{"$i":"resume-call","$v":"কোল হন্না হৌ"},{"$i":"switch-to-device-toast","$v":"ব্লুটুথ দিভাইসতা হোংলে"},{"$i":"switch-to-handset-toast","$v":"হেন্দসেট ইয়রপিস দিভাইসতা হোংলে"},{"$i":"switch-to-speaker-toast","$v":"স্পীকরদা হোংলে"},{"$i":"emergency-call","$v":"ইমর্জেন্সি কোল অমা লৈরে."},{"$i":"link","$v":"লিঙ্ক:"},{"$i":"call-left-conference-toast","$v":[{"t":"idOrVar","v":"number"}," কোল অদু থমখ্রে"]}]