[{"$i":"tcl-calllog-entry-removed-succ-notification","$v":"कॉल लॉग एन्ट्री हटवण्यात आली आहे"},{"$i":"tcl-calllog-entry-removed-err-notification","$v":"कॉल लॉग एन्ट्री हटवू शकत नाही"},{"$i":"addNewNumber","$v":"नवीन नंबर जोडा"},{"$i":"contactDetails","$v":"संपर्क तपशील"},{"$i":"addToExistingContact","$v":"वर्तमान संपर्कामध्ये जोडा"},{"$i":"all","$v":"सर्व","ariaLabel":"सर्व"},{"$i":"bluetoothOption","$v":""},{"$i":"callLog","$v":"कॉल लॉग"},{"$i":"callLogEdit","title":"कॉल लॉग संपादित करा"},{"$i":"tcl-option-menu-call-log-edit","$v":"कॉल लॉग संपादित करा"},{"$i":"callLogEditDialog","ariaLabel":"कॉल लॉग डायलॉग संपादित करा"},{"$i":"tcl-call-log-delete-group-notification","$v":[{"t":"idOrVar","v":"n"}," एन्ट्री हटवल्या आहे"]},{"$i":"connecting","$v":"कॉलिंग"},{"$i":"connectingEllipsis","$v":"कनेक्ट होत आहे..."},{"$i":"call-forwarding-async","$v":["असिंक्रोनस: ",{"t":"idOrVar","v":"async"},"}"]},{"$i":"call-forwarding-data","$v":["डेटा: ",{"t":"idOrVar","v":"data"}]},{"$i":"call-forwarding-error","$v":"कॉल फॉरवर्ड स्थिती पुनर्प्राप्त करताना एक त्रुटी आली आहे"},{"$i":"call-forwarding-fax","$v":["FAX: ",{"t":"idOrVar","v":"fax"}]},{"$i":"call-forwarding-inactive","$v":"निष्क्रिय"},{"$i":"call-forwarding-packet","$v":["पॅकेट: ",{"t":"idOrVar","v":"packet"}]},{"$i":"call-forwarding-pad","$v":["PAD: ",{"t":"idOrVar","v":"pad"}]},{"$i":"call-forwarding-sms","$v":["SMS: ",{"t":"idOrVar","v":"sms"}]},{"$i":"call-forwarding-status","$v":"कॉल फॉरवार्डिंग स्थिती"},{"$i":"call-forwarding-sync","$v":["समकालिक: ",{"t":"idOrVar","v":"sync"}]},{"$i":"call-forwarding-voice","$v":["व्हॉइस: ",{"t":"idOrVar","v":"voice"}]},{"$i":"close","$v":"बंद करा"},{"$i":"confirm-deletion","$v":"निवडक कॉल साफ करायचे आहे का?"},{"$i":"contacts","ariaLabel":"संपर्क"},{"$i":"createNewContact","$v":"नवीन संपर्क तयार करा"},{"$i":"delete","$v":"हटवा"},{"$i":"calllog-deselectAll","$v":"सर्व निवड रद्द करा"},{"$i":"dialerAddContact","$v":""},{"$i":"dialerAddContactDialog","ariaLabel":"संपर्क डायलॉग जोडा"},{"$i":"callInformation","$v":"कॉलची माहिती"},{"$i":"edit-selected","$v":{"one":["निवडलेले(",{"t":"idOrVar","v":"n"},")"],"two":["निवडलेले(",{"t":"idOrVar","v":"n"},")"],"few":["निवडलेले(",{"t":"idOrVar","v":"n"},")"],"many":["निवडलेले(",{"t":"idOrVar","v":"n"},")"],"other":["निवडलेले(",{"t":"idOrVar","v":"n"},")"]},"$x":[{"t":"idOrVar","v":"plural"},"n"]},{"$i":"tcl-edit-not-selected","$v":"निवडलेले(0)"},{"$i":"edit","$v":"संपादित करा"},{"$i":"hideKeypad","ariaLabel":"कीपॅड लपवा"},{"$i":"ignore","$v":""},{"$i":"incoming","$v":"इनकमिंग"},{"$i":"keypad","ariaLabel":"कीपॅड"},{"$i":"makeCall","$v":""},{"$i":"merge","$v":""},{"$i":"info-missed","$v":"मिस्ड"},{"$i":"missed","$v":"मिस्ड","ariaLabel":"मिस्ड"},{"$i":"dialed","$v":"डायल केले आहे"},{"$i":"received","$v":"प्राप्त"},{"$i":"canceled","$v":"रद्द केले आहे"},{"$i":"missedCall","$v":"मिस्ड कॉल"},{"$i":"missedCallMultiSims","$v":["(सिम  ",{"t":"idOrVar","v":"n"},") सुटलेला कॉल"]},{"$i":"mmi-error","$v":"संदेश पाठवताना एक त्रुटी आली आहे"},{"$i":"mmi-session-expired","$v":"सेशनचे समय-सीमा समाप्त"},{"$i":"mmi-successfully-sent","$v":"संदेश यशस्वीपणे पाठवले गेले"},{"$i":"mmi-notification-title-with-sim","$v":["(",{"t":"idOrVar","v":"sim"},") ",{"t":"idOrVar","v":"title"}]},{"$i":"mute","$v":""},{"$i":"newCall","$v":""},{"$i":"no-logs-msg-1","$v":"कोणतेही कॉल रेकॉर्ड नाही"},{"$i":"no-logs-msg-2","$v":"आता संवाद सुरू करा"},{"$i":"no-logs-msg-3","$v":"कोणतेही कॉल रेकॉर्ड नाही"},{"$i":"no-logs-msg-4","$v":"आता संवाद सुरू करा"},{"$i":"onHoldOption","$v":""},{"$i":"outgoing","$v":"आउटगोइंग"},{"$i":"recents","ariaLabel":"अलीकडील कॉल"},{"$i":"reply","$v":"उत्तर द्या"},{"$i":"calllog-selectAll","$v":"सर्व निवडा"},{"$i":"send","$v":"पाठवा"},{"$i":"switch-calls","$v":"कॉल स्विच करा"},{"$i":"today","$v":"आज"},{"$i":"withheld-number","$v":"अज्ञात"},{"$i":"from-contact","$v":[{"t":"idOrVar","v":"contact"},"पासून"]},{"$i":"from-number","$v":[{"t":"idOrVar","v":"number"}," पासून"]},{"$i":"from-withheld-number","$v":"अज्ञात नंबरवरून"},{"$i":"yesterday","$v":"काल"},{"$i":"sending","$v":"पाठवत आहे..."},{"$i":"speakerOption","$v":""},{"$i":"ussd-services","$v":[{"t":"idOrVar","v":"operator"}," सेवा"]},{"$i":"toggleKeypad","$v":""},{"$i":"type-your-response","placeholder":"आपले उत्तर लिहा..."},{"$i":"clear-all-text","$v":"सर्व मजकूर साफ करा"},{"$i":"hide","$v":"लपवा"},{"$i":"call","$v":"कॉल"},{"$i":"hold","$v":"होल्ड"},{"$i":"resume","$v":"पुन्हा सुरु करा","ariaLabel":"पुन्हा सुरु करा"},{"$i":"sendSms","$v":"संदेश पाठवा"},{"$i":"callEnded","$v":"कॉल समाप्त झाला"},{"$i":"via-sim","$v":["सिम",{"t":"idOrVar","v":"n"}," द्वारे"]},{"$i":"sim-number","$v":["सिम",{"t":"idOrVar","v":"n"}]},{"$i":"unknown","$v":"अज्ञात"},{"$i":"cancel","$v":"रद्द करा"},{"$i":"hangup-a11y-button","$v":""},{"$i":"pickup-a11y-button","$v":""},{"$i":"unlock-a11y-button","ariaLabel":"स्लायडर"},{"$i":"settings","$v":"सेटिंग्स"},{"$i":"tcl-delete-log","$v":"आपल्याला निवडलेल्या एन्ट्री काढून टाकायच्या आहेत का?"},{"$i":"delete-n-log?","$v":{"zero":"काही सुद्धा निवडले नाही","one":"निवडक लॉग हटवायचे का?","two":[{"t":"idOrVar","v":"n"}," लॉग हटवायचे आहेत का?"],"few":[{"t":"idOrVar","v":"n"}," लॉग हटवायचे आहेत का?"],"many":[{"t":"idOrVar","v":"n"}," लॉग हटवायचे आहेत का?"],"other":[{"t":"idOrVar","v":"n"}," लॉग हटवायचे आहेत का?"]},"$x":[{"t":"idOrVar","v":"plural"},"n"]},{"$i":"composeEmail","ariaLabel":"ईमेल"},{"$i":"emailDetail","ariaLabel":"ईमेल"},{"$i":"phoneDetail","ariaLabel":"फोन"},{"$i":"send-sms-button","ariaLabel":"SMS"},{"$i":"separator","$v":","},{"$i":"callDurationMinutes","$v":[{"t":"idOrVar","v":"m"},":",{"t":"idOrVar","v":"s"}]},{"$i":"callDurationHours","$v":[{"t":"idOrVar","v":"h"},":",{"t":"idOrVar","v":"m"},":",{"t":"idOrVar","v":"s"}]},{"$i":"callDurationTextFormatSeconds","$v":[{"t":"idOrVar","v":"s"}," સેકન્ડ"]},{"$i":"callDurationTextFormatMinutes","$v":[{"t":"idOrVar","v":"m"}," मिनिट ",{"t":"idOrVar","v":"s"}," सेकंद"]},{"$i":"callDurationTextFormatHours","$v":[{"t":"idOrVar","v":"h"}," तास ",{"t":"idOrVar","v":"m"}," मिनिट ",{"t":"idOrVar","v":"s"}," सेकंद"]},{"$i":"suggestionMatches","$v":{"one":[{"t":"idOrVar","v":"matchNumber"}," साठी ",{"t":"idOrVar","v":"n"}," मॅच"],"two":[{"t":"idOrVar","v":"matchNumber"}," साठी ",{"t":"idOrVar","v":"n"}," मॅच"],"few":[{"t":"idOrVar","v":"matchNumber"}," साठी ",{"t":"idOrVar","v":"n"}," मॅच"],"many":[{"t":"idOrVar","v":"matchNumber"}," साठी ",{"t":"idOrVar","v":"n"}," मॅच"],"other":[{"t":"idOrVar","v":"matchNumber"}," साठी ",{"t":"idOrVar","v":"n"}," मॅच"]},"$x":[{"t":"idOrVar","v":"plural"},"n"]},{"$i":"scCallBarring","$v":"कॉल प्रतिबंध"},{"$i":"scCallForwarding","$v":"कॉल फॉरवार्डिंग"},{"$i":"scClip","$v":"इनकमिंग कॉलर ID"},{"$i":"scClir","$v":"आउटगोइंग कॉलर ID"},{"$i":"scPwd","$v":"पासवर्ड बदला"},{"$i":"scCallWaiting","$v":"कॉल प्रतीक्षेत आहे"},{"$i":"scPin","$v":"पिन बदला"},{"$i":"scPin2","$v":"पिन2 बदला"},{"$i":"scPuk","$v":"पिन अनब्लॉक करा"},{"$i":"scPuk2","$v":"पिन2 अनब्लॉक करा"},{"$i":"scImei","$v":"IMEI"},{"$i":"scMeid","$v":"MEID"},{"$i":"scUssd","$v":"USSD"},{"$i":"serviceClassVoice","$v":"व्हॉइस"},{"$i":"serviceClassData","$v":"डेटा"},{"$i":"serviceClassFax","$v":"FAX"},{"$i":"serviceClassSms","$v":"SMS"},{"$i":"serviceClassDataSync","$v":"सिंक"},{"$i":"serviceClassDataAsync","$v":"असिंक"},{"$i":"serviceClassPacket","$v":"पॅकेट"},{"$i":"serviceClassPad","$v":"PAD"},{"$i":"smServiceEnabled","$v":"सेवा सक्षम केली आहे"},{"$i":"smServiceDisabled","$v":"सेवा अक्षम झाली"},{"$i":"smServiceRegistered","$v":"नोंदणीकरण यशस्वी झाले"},{"$i":"smServiceErased","$v":"हटवण्यात यश"},{"$i":"smServiceInterrogated","$v":"विनंती यशस्वी झाली"},{"$i":"smServiceNotProvisioned","$v":"सेवेची तरतूद नाही आहे"},{"$i":"smClirPermanent","$v":"आपण कॉलर ID सेटिंग्स बदलू शकतात"},{"$i":"smClirDefaultOnNextCallOn","$v":"कॉलर ID डिफॉल्ट रूपात प्रतिबंधित आहे. पुढील कॉल: प्रतिबंधित"},{"$i":"smClirDefaultOnNextCallOff","$v":"कॉलर ID डिफॉल्ट रूपात प्रतिबंधित आहे. पुढील कॉल: प्रतिबंधित नाही"},{"$i":"smClirDefaultOffNextCallOn","$v":"कॉलर ID डिफॉल्ट रूपात प्रतिबंधित नाही आहे. पुढील कॉल: प्रतिबंधित आहे"},{"$i":"smClirDefaultOffNextCallOff","$v":"कॉलर ID डिफॉल्ट रूपात प्रतिबंधित नाही आहे. पुढील कॉल: प्रतिबंधित नाही आहे"},{"$i":"smServiceEnabledFor","$v":"यासाठी सेवा सक्षम झाली:"},{"$i":"smPinChanged","$v":"पिन यशस्वीरित्या बदलला गेला"},{"$i":"smPinUnblocked","$v":"पिन यशस्वीरित्या अनब्‍लॉक केला गेला"},{"$i":"smPin2Changed","$v":"पिन2 मध्ये यशस्वीरित्या बदल"},{"$i":"smPin2Unblocked","$v":"पिन2 यशस्वीरित्या अनब्‍लॉक केले गेले"},{"$i":"ServiceIsEnabled","$v":"सेवा सक्षम आहे"},{"$i":"ServiceIsDisabled","$v":"सेवा अक्षम आहे"},{"$i":"ServiceIsEnabledFor","$v":"यासाठी सेवा सक्षम झाली:"},{"$i":"emMmiError","$v":"कनेक्शन समस्या किंवा अवैध MMI कोड"},{"$i":"emMmiErrorPasswordIncorrect","$v":"चुकीचा पासवर्ड"},{"$i":"emMmiErrorNotSupported","$v":"अवैध किंवा असमर्थित MMI कोड"},{"$i":"emMmiErrorInvalidAction","$v":"अवैध कारवाई"},{"$i":"emMmiErrorInvalidScCode","$v":"अवैध सेवा कोड"},{"$i":"emMmiErrorBadPuk","$v":"आपल्या द्वारे लिहलेला PUK योग्य नाही आहे"},{"$i":"emMmiErrorBadPin","$v":"आपण लिहलेला जुना पिन बरोबर नाही."},{"$i":"emMmiErrorNeedPuk2","$v":"सिम कार्ड अनब्लॉक करण्यासाठी PUK2 लिहा"},{"$i":"emMmiErrorMismatchPin","$v":"आपल्या द्वारे लिहलेला पिन जुळत नाही"},{"$i":"emMmiErrorInvalidPin","$v":"4 ते 8 नंबरचा पिन लिहा"},{"$i":"emMmiErrorNeedsPuk","$v":"आपले सिम कार्ड मध्ये PUK-लॉक आहे"},{"$i":"emMmiErrorEnablePin","$v":"अयशस्वी. SIM/RUIM लॉक सक्षम करा"},{"$i":"emMmiErrorMmiFdn","$v":"ऑपरेशन केवळ फिक्स्ड डायलिंग नंबरवर मर्यादित आहे"},{"$i":"emMmiErrorStkCcUssdDial","$v":"USSD विंनतीला डायल विंनती मध्ये बदल केला आहे"},{"$i":"emMmiErrorStkCcUssdSs","$v":"USSD विंनतीला SS विंनती मध्ये बदल केला आहे"},{"$i":"emMmiErrorStkCcUssdUssd","$v":"USSD विंनतीला नवीन USSD विंनती मध्ये बदल केला आहे"},{"$i":"emMmiErrorStkCcSsDial","$v":"SS विंनतीला बदलून डायल विंनती मध्ये बदल केला आहे"},{"$i":"emMmiErrorStkCcSsUssd","$v":"SS विंनतीला बदलून USSD विंनती मध्ये बदल केला आहे"},{"$i":"emMmiErrorStkCcSsSs","$v":"SS विंनतीला बदलून SS विंनती मध्ये बदल केला आहे"},{"$i":"emMmiErrorPinPukAttempts","$v":{"one":["केवळ ",{"t":"idOrVar","v":"n"}," पुनर्प्रयत्न बाकी आहे"],"two":[{"t":"idOrVar","v":"n"}," पुर्नप्रयत्न बाकी आहे"],"few":[{"t":"idOrVar","v":"n"}," पुर्नप्रयत्न बाकी आहे"],"many":[{"t":"idOrVar","v":"n"}," पुर्नप्रयत्न बाकी आहे"],"other":[{"t":"idOrVar","v":"n"}," पुर्नप्रयत्न बाकी आहे"]},"$x":[{"t":"idOrVar","v":"plural"},"n"]},{"$i":"emMmiErrorSimBlocked","$v":"कमाल प्रयत्नांची संख्या ओलांडली आहे. सिम ब्लॉक केले आहे."},{"$i":"RadioNotAvailable","$v":"रेडिओ उपलब्ध नाही आहे"},{"$i":"GenericFailure","$v":"सामान्य अपयश"},{"$i":"PasswordIncorrect","$v":"पासवर्ड चुकीचा आहे"},{"$i":"SimPin2","$v":"सिम पिन2"},{"$i":"SimPuk2","$v":"सिम  PUK2"},{"$i":"RequestNotSupported","$v":"विनंतीला समर्थन नाही"},{"$i":"OpNotAllowedDuringVoiceCall","$v":"व्हॉइस कॉल दरम्यान ऑपरेशनला अनुमती नाही"},{"$i":"SmsSendFailRetry","$v":"SMS पाठवण्यात अपयश पुन्हा प्रयत्न करा"},{"$i":"SimAbsent","$v":"सिम उपलब्ध नाही"},{"$i":"SubscriptionNotAvailable","$v":"सदस्यता उपलब्ध नाही"},{"$i":"ModeNotSupported","$v":"मोड समर्थित नाही"},{"$i":"FdnCheckFailure","$v":"Fdn अपयशाची तपासणी करा"},{"$i":"IllegalSimOrMe","$v":"अवैध सिम किंवा ME"},{"$i":"DialModifiedToUssd","$v":"डायल मध्ये बदल करून USSD  केले आहे"},{"$i":"DialModifiedToSs","$v":"डायल मध्ये बदल करून SS केले आहे"},{"$i":"DialModifiedToDial","$v":"डायल मध्ये बदल करून डायल केले आहे"},{"$i":"UssdModifiedToDial","$v":"USSD ला बदलून डायल केले आहे"},{"$i":"UssdModifiedToSs","$v":"USSD ला बदलून SS केले आहे"},{"$i":"UssdModifiedToUssd","$v":"USSD ला बदलून USSD केले आहे"},{"$i":"SsModifiedToDial","$v":"SS ला बदलून डायल केले गेले"},{"$i":"SsModifiedToUssd","$v":"SS  ला बदलून USSD केले आहे"},{"$i":"SsModifiedToSs","$v":"SS ला बदलून  SS केले आहे"},{"$i":"SubscriptionNotSupported","$v":"सदस्यता समर्थित नाही"},{"$i":"InvalidParameter","$v":"अवैध परिमापन"},{"$i":"RejectedByRemote","$v":"रिमोट द्वारा अस्वीकृत"},{"$i":"conferenceCall","$v":["काॅन्फरन्स  (",{"t":"idOrVar","v":"n"},")"]},{"$i":"caller-left-call","$v":[{"t":"idOrVar","v":"caller"}," यांनी कॉल सोडून दिला आहे."]},{"$i":"conferenceAddError","$v":"कॉल मर्ज करण्यास असमर्थ"},{"$i":"conferenceRemoveError","$v":"कॉल अनमर्ज करण्यास असमर्थ"},{"$i":"longDateFormat","$v":"%A, %b %e"},{"$i":"select-audio-sources","$v":"ऑडिओ स्रोत निवडा"},{"$i":"bluetooth-handsfree-device","$v":"ब्ल्यूटूथ हँड्सफ्री डिवाइस"},{"$i":"receiver","$v":"रिसिव्हर"},{"$i":"speaker","$v":"स्पीकर"},{"$i":"tcl-cancel","$v":"रद्द करा"},{"$i":"tcl-dialer","$v":"डायलर"},{"$i":"tcl-confirmation","$v":"पुष्टीकरण"},{"$i":"log-item","$v":"पर्याय"},{"$i":"tcl-assign-speed-dial","$v":{"$o":["संपर्कला \"",{"t":"idOrVar","v":"speedDial"},"\" बटनवर स्पीड डायलच्या रूपात नाही जोडले गेले होते. <br><br>आता असाईन करा?"]}},{"$i":"tcl-assign","$v":"नेमून द्या"},{"$i":"select","$v":"निवडा"},{"$i":"deselect","$v":"निवड रद्द करा"},{"$i":"view-all","$v":"सर्व बघा"},{"$i":"search-results","$v":"शोध परिणाम"},{"$i":"no-recent-numbers","$v":"डायल करण्यासाठी कॉल लॉगमध्ये अलीकडील कोणतेही नंबर नाही."},{"$i":"wifi-calling","$v":"WiFi कॉलिंग"},{"$i":"dialer-prompt","$v":"नंबर डायल करा  किंवा कॉल जोडण्‍यासाठी संपर्क निवडा"},{"$i":"hours","$v":"तास"},{"$i":"minutes","$v":"मिनिट"},{"$i":"seconds","$v":"सेकंद"},{"$i":"voiceMail","$v":"व्हॉइसमेल"},{"$i":"weekday-0-long","$v":"रविवार"},{"$i":"weekday-1-long","$v":"सोमवार"},{"$i":"weekday-2-long","$v":"मंगळवार"},{"$i":"weekday-3-long","$v":"बुधवार"},{"$i":"weekday-4-long","$v":"गुरुवार"},{"$i":"weekday-5-long","$v":"शुक्रवार"},{"$i":"weekday-6-long","$v":"शनिवार"},{"$i":"weekday-0-short","$v":"रवि"},{"$i":"weekday-1-short","$v":"सोम"},{"$i":"weekday-2-short","$v":"मंगळ"},{"$i":"weekday-3-short","$v":"बुध"},{"$i":"weekday-4-short","$v":"गुरु"},{"$i":"weekday-5-short","$v":"शुक्र"},{"$i":"weekday-6-short","$v":"शनि"},{"$i":"month-0-long","$v":"जानेवारी"},{"$i":"month-1-long","$v":"फेब्रुवारी"},{"$i":"month-2-long","$v":"मार्च"},{"$i":"month-3-long","$v":"एप्रिल"},{"$i":"month-4-long","$v":"मे"},{"$i":"month-5-long","$v":"जून"},{"$i":"month-6-long","$v":"जुलै"},{"$i":"month-7-long","$v":"ऑगस्ट"},{"$i":"month-8-long","$v":"सप्टेंबर"},{"$i":"month-9-long","$v":"ऑक्टोबर"},{"$i":"month-10-long","$v":"नोव्हेंबर"},{"$i":"month-11-long","$v":"डिसेंबर"},{"$i":"month-0-genitive","$v":"जानेवारी"},{"$i":"month-1-genitive","$v":"फेब्रुवारी"},{"$i":"month-2-genitive","$v":"मार्च"},{"$i":"month-3-genitive","$v":"एप्रिल"},{"$i":"month-4-genitive","$v":"मे"},{"$i":"month-5-genitive","$v":"जून"},{"$i":"month-6-genitive","$v":"जुलै"},{"$i":"month-7-genitive","$v":"ऑगस्ट"},{"$i":"month-8-genitive","$v":"सप्टेंबर"},{"$i":"month-9-genitive","$v":"ऑक्टोबर"},{"$i":"month-10-genitive","$v":"नोव्हेंबर"},{"$i":"month-11-genitive","$v":"डिसेंबर"},{"$i":"month-0-short","$v":"जानेवारी"},{"$i":"month-1-short","$v":"फेब्रुवारी"},{"$i":"month-2-short","$v":"मार्च"},{"$i":"month-3-short","$v":"एप्रिल"},{"$i":"month-4-short","$v":"मे"},{"$i":"month-5-short","$v":"जून"},{"$i":"month-6-short","$v":"जुलै"},{"$i":"month-7-short","$v":"ऑगस्‍ट"},{"$i":"month-8-short","$v":"सप्टेंबर"},{"$i":"month-9-short","$v":"ऑक्टोबर"},{"$i":"month-10-short","$v":"नोव्हेंबर"},{"$i":"month-11-short","$v":"डिसेंबर"},{"$i":"minutes-ago-long","$v":{"zero":"आत्ताच","one":"एक मिनिटापूर्वी","two":[{"t":"idOrVar","v":"value"}," मिनिटा पूर्वी"],"few":[{"t":"idOrVar","v":"value"}," मिनिटा पूर्वी"],"many":[{"t":"idOrVar","v":"value"}," मिनिटा पूर्वी"],"other":[{"t":"idOrVar","v":"value"}," मिनिटा पूर्वी"]},"$x":[{"t":"idOrVar","v":"plural"},"value"]},{"$i":"hours-ago-long","$v":{"zero":"आत्ताच","one":"एका तासापूर्वी","two":[{"t":"idOrVar","v":"value"}," तासा पूर्वी"],"few":[{"t":"idOrVar","v":"value"}," तासा पूर्वी"],"many":[{"t":"idOrVar","v":"value"}," तासा पूर्वी"],"other":[{"t":"idOrVar","v":"value"}," तासा पूर्वी"]},"$x":[{"t":"idOrVar","v":"plural"},"value"]},{"$i":"days-ago-long","$v":{"zero":"आज","one":"काल","two":[{"t":"idOrVar","v":"value"}," दिवसा पूर्वी"],"few":[{"t":"idOrVar","v":"value"}," दिवसा पूर्वी"],"many":[{"t":"idOrVar","v":"value"}," दिवसा पूर्वी"],"other":[{"t":"idOrVar","v":"value"}," दिवसा पूर्वी"]},"$x":[{"t":"idOrVar","v":"plural"},"value"]},{"$i":"weeks-ago-long","$v":{"zero":"हा आठवडा","one":"शेवटचा आठवडा","two":[{"t":"idOrVar","v":"value"}," आठवड्या पूर्वी"],"few":[{"t":"idOrVar","v":"value"}," आठवड्या पूर्वी"],"many":[{"t":"idOrVar","v":"value"}," आठवड्या पूर्वी"],"other":[{"t":"idOrVar","v":"value"}," आठवड्या पूर्वी"]},"$x":[{"t":"idOrVar","v":"plural"},"value"]},{"$i":"months-ago-long","$v":{"zero":"हा महिना","one":"शेवटचा महिना","two":[{"t":"idOrVar","v":"value"}," महिने पूर्वी"],"few":[{"t":"idOrVar","v":"value"}," महिने पूर्वी"],"many":[{"t":"idOrVar","v":"value"}," महिने पूर्वी"],"other":[{"t":"idOrVar","v":"value"}," महिने पूर्वी"]},"$x":[{"t":"idOrVar","v":"plural"},"value"]},{"$i":"years-ago-long","$v":{"zero":"हे वर्ष","one":"शेवटचे वर्ष","two":[{"t":"idOrVar","v":"value"}," वर्षां पूर्वी"],"few":[{"t":"idOrVar","v":"value"}," वर्षां पूर्वी"],"many":[{"t":"idOrVar","v":"value"}," वर्षां पूर्वी"],"other":[{"t":"idOrVar","v":"value"}," वर्षां पूर्वी"]},"$x":[{"t":"idOrVar","v":"plural"},"value"]},{"$i":"minutes-until-long","$v":{"zero":"आत्ता","one":"एका मिनिटा मध्ये","two":[{"t":"idOrVar","v":"value"}," मिनिटा मध्ये"],"few":[{"t":"idOrVar","v":"value"}," मिनिटा मध्ये"],"many":[{"t":"idOrVar","v":"value"}," मिनिटा मध्ये"],"other":[{"t":"idOrVar","v":"value"}," मिनिटा मध्ये"]},"$x":[{"t":"idOrVar","v":"plural"},"value"]},{"$i":"hours-until-long","$v":{"zero":"आत्ता","one":"एका तासा मध्ये","two":[{"t":"idOrVar","v":"value"}," तासा मध्ये"],"few":[{"t":"idOrVar","v":"value"}," तासा मध्ये"],"many":[{"t":"idOrVar","v":"value"}," तासा मध्ये"],"other":[{"t":"idOrVar","v":"value"}," तासा मध्ये"]},"$x":[{"t":"idOrVar","v":"plural"},"value"]},{"$i":"days-until-long","$v":{"zero":"आज","one":"उद्या","two":[{"t":"idOrVar","v":"value"}," दिवसां मध्ये"],"few":[{"t":"idOrVar","v":"value"}," दिवसां मध्ये"],"many":[{"t":"idOrVar","v":"value"}," दिवसां मध्ये"],"other":[{"t":"idOrVar","v":"value"}," दिवसां मध्ये"]},"$x":[{"t":"idOrVar","v":"plural"},"value"]},{"$i":"weeks-until-long","$v":{"zero":"हा आठवडा","one":"पुढील आठवडा","two":[{"t":"idOrVar","v":"value"}," आठवड्यां मध्ये"],"few":[{"t":"idOrVar","v":"value"}," आठवड्यां मध्ये"],"many":[{"t":"idOrVar","v":"value"}," आठवड्यां मध्ये"],"other":[{"t":"idOrVar","v":"value"}," आठवड्यां मध्ये"]},"$x":[{"t":"idOrVar","v":"plural"},"value"]},{"$i":"months-until-long","$v":{"zero":"हा महिना","one":"पुढील महिना","two":[{"t":"idOrVar","v":"value"}," महिन्यां मध्ये"],"few":[{"t":"idOrVar","v":"value"}," महिन्यां मध्ये"],"many":[{"t":"idOrVar","v":"value"}," महिन्यां मध्ये"],"other":[{"t":"idOrVar","v":"value"}," महिन्यां मध्ये"]},"$x":[{"t":"idOrVar","v":"plural"},"value"]},{"$i":"years-until-long","$v":{"zero":"हे वर्ष","one":"पुढील वर्ष","two":[{"t":"idOrVar","v":"value"}," वर्षां मध्ये"],"few":[{"t":"idOrVar","v":"value"}," वर्षां मध्ये"],"many":[{"t":"idOrVar","v":"value"}," वर्षां मध्ये"],"other":[{"t":"idOrVar","v":"value"}," वर्षां मध्ये"]},"$x":[{"t":"idOrVar","v":"plural"},"value"]},{"$i":"minutes-ago-short","$v":{"zero":"आत्ताच","other":[{"t":"idOrVar","v":"value"}," महिन्या पूर्वी"]},"$x":[{"t":"idOrVar","v":"plural"},"value"]},{"$i":"hours-ago-short","$v":{"zero":"आत्ताच","other":[{"t":"idOrVar","v":"value"}," तासा पूर्वी"]},"$x":[{"t":"idOrVar","v":"plural"},"value"]},{"$i":"days-ago-short","$v":{"zero":"आज","other":[{"t":"idOrVar","v":"value"}," दिवसा पूर्वी"]},"$x":[{"t":"idOrVar","v":"plural"},"value"]},{"$i":"minutes-until-short","$v":{"zero":"आत्ता","other":[{"t":"idOrVar","v":"value"},"मिनिटा मध्ये"]},"$x":[{"t":"idOrVar","v":"plural"},"value"]},{"$i":"hours-until-short","$v":{"zero":"आत्ता","other":[{"t":"idOrVar","v":"value"},"तासा मध्ये"]},"$x":[{"t":"idOrVar","v":"plural"},"value"]},{"$i":"days-until-short","$v":{"zero":"आज","other":[{"t":"idOrVar","v":"value"},"दिवसां मध्ये"]},"$x":[{"t":"idOrVar","v":"plural"},"value"]},{"$i":"incorrectDate","$v":"(चुकीची तारीख)"},{"$i":"dateTimeFormat_%c","$v":"%a %b %e %Y %I:%M:%S %p"},{"$i":"dateTimeFormat_%x","$v":"%m/%d/%Y"},{"$i":"dateTimeFormat_%X","$v":"%I:%M:%S %p"},{"$i":"shortTimeFormat","$v":"%I:%M %p"},{"$i":"shortTimeFormat12","$v":"%I:%M %p"},{"$i":"shortTimeFormat24","$v":"%H:%M"},{"$i":"shortDateTimeFormat","$v":"%x %I:%M %p"},{"$i":"weekStartsOnMonday","$v":"0"},{"$i":"firstDayOfTheWeek","$v":"0"},{"$i":"time_am","$v":"AM"},{"$i":"time_pm","$v":"PM"},{"$i":"label","$v":"लेबल"},{"$i":"mobile","$v":"मोबाईल"},{"$i":"home","$v":"होम"},{"$i":"work","$v":"वर्क"},{"$i":"personal","$v":"वैयक्तिक"},{"$i":"faxHome","$v":"Fax (हाेम)"},{"$i":"faxOffice","$v":"Fax ऑफिस"},{"$i":"faxOther","$v":"अन्य Fax"},{"$i":"another","$v":"अन्य"},{"$i":"other","$v":"अन्य"},{"$i":"tcl-customTag","$v":"कस्टम टॅग"},{"$i":"customTag","$v":"कस्टम टॅग","placeholder":"कस्टम टॅग"},{"$i":"current","$v":"वर्तमानात"},{"$i":"itemWithLabel","$v":[{"t":"idOrVar","v":"label"},", ",{"t":"idOrVar","v":"item"}]},{"$i":"airplaneMode","$v":"एयरप्लेन मोड"},{"$i":"searching","$v":"शोधत आहे..."},{"$i":"noNetwork","$v":"नेटवर्क नाही आहे"},{"$i":"roaming","$v":[{"t":"idOrVar","v":"operator"}," (Roaming)"]},{"$i":"operator-info","$v":[{"t":"idOrVar","v":"carrier"}," ",{"t":"idOrVar","v":"region"}]},{"$i":"emergencyCallsOnly","$v":"फक्त आपातकालीन कॉल"},{"$i":"emergencyCallsOnly-unknownSIMState","$v":"(अज्ञात सिम स्थिती)"},{"$i":"emergencyCallsOnly-noSIM","$v":"(कोणतेही सिम नाही)"},{"$i":"emergencyCallsOnly-pinRequired","$v":"(सिम पिन आवश्यक आहे)"},{"$i":"emergencyCallsOnly-pukRequired","$v":"(सिम PUK आवश्यक आहे)"},{"$i":"emergencyCallsOnly-networkLocked","$v":"(नेटवर्क लॉक आहे)"},{"$i":"emergencyCallsOnly-serviceProviderLocked","$v":"(सेवा प्रदाता लॉक आहे)"},{"$i":"emergencyCallsOnly-corporateLocked","$v":"(कॉर्पोरेट लॉक आहे)"},{"$i":"emergencyCallsOnly-network1Locked","$v":"(नेटवर्क1 लॉक आहे)"},{"$i":"emergencyCallsOnly-network2Locked","$v":"(नेटवर्क2 लॉक आहे)"},{"$i":"emergencyCallsOnly-hrpdNetworkLocked","$v":"(hrpd नेटवर्क लॉक आहे)"},{"$i":"emergencyCallsOnly-ruimCorporateLocked","$v":"(ruim कॉर्पोरेट लॉक आहे)"},{"$i":"emergencyCallsOnly-ruimServiceProviderLocked","$v":"(ruim सेवा प्रदाता लॉक आहे)"},{"$i":"lockscreen-sim-id","$v":["सिम ",{"t":"idOrVar","v":"n"}]},{"$i":"charging-no-time","$v":[{"t":"idOrVar","v":"level"},"% चार्ज आहे"]},{"$i":"charging-minutes","$v":{"zero":[{"t":"idOrVar","v":"level"},"% चार्ज आहे ",{"t":"idOrVar","v":"minutes"}," मिनिटात पूर्णपणे चार्ज होईल"],"one":[{"t":"idOrVar","v":"level"},"% चार्ज आहे ",{"t":"idOrVar","v":"minutes"}," मिनिटात पूर्णपणे चार्ज होईल"],"two":[{"t":"idOrVar","v":"level"},"% चार्ज आहे ",{"t":"idOrVar","v":"minutes"}," मिनिटात पूर्णपणे चार्ज होईल"],"few":[{"t":"idOrVar","v":"level"},"% चार्ज आहे ",{"t":"idOrVar","v":"minutes"}," मिनिटात पूर्णपणे चार्ज होईल"],"many":[{"t":"idOrVar","v":"level"},"% चार्ज आहे ",{"t":"idOrVar","v":"minutes"}," मिनिटात पूर्णपणे चार्ज होईल"],"other":[{"t":"idOrVar","v":"level"},"% चार्ज आहे ",{"t":"idOrVar","v":"minutes"}," मिनिटात पूर्णपणे चार्ज होईल"]},"$x":[{"t":"idOrVar","v":"plural"},"minutes"]},{"$i":"charging-hours","$v":{"zero":[{"t":"idOrVar","v":"level"},"% चार्ज आहे ",{"t":"idOrVar","v":"hours"}," तास ",{"t":"idOrVar","v":"minutes"},"मिनिटात पूर्णपणे चार्ज होईल"],"one":[{"t":"idOrVar","v":"level"},"% चार्ज आहे ",{"t":"idOrVar","v":"hours"}," तास ",{"t":"idOrVar","v":"minutes"}," मिनिटात पूर्णपणे चार्ज होईल"],"two":[{"t":"idOrVar","v":"level"},"% चार्ज आहे ",{"t":"idOrVar","v":"hours"}," तास ",{"t":"idOrVar","v":"minutes"},"मिनिटात पूर्णपणे चार्ज होईल"],"few":[{"t":"idOrVar","v":"level"},"% चार्ज आहे ",{"t":"idOrVar","v":"hours"}," तास ",{"t":"idOrVar","v":"minutes"},"मिनिटात पूर्णपणे चार्ज होईल"],"many":[{"t":"idOrVar","v":"level"},"% चार्ज आहे ",{"t":"idOrVar","v":"hours"}," तास ",{"t":"idOrVar","v":"minutes"},"मिनिटात पूर्णपणे चार्ज होईल"],"other":[{"t":"idOrVar","v":"level"},"% चार्ज आहे ",{"t":"idOrVar","v":"hours"}," तास ",{"t":"idOrVar","v":"minutes"},"मिनिटात पूर्णपणे चार्ज होईल"]},"$x":[{"t":"idOrVar","v":"plural"},"minutes"]},{"$i":"phoneNumberInput","ariaLabel":"फोन नंबर"},{"$i":"keypadDelete","ariaLabel":"हटवा"},{"$i":"voiceMailKey","ariaLabel":"व्हॉइसमेल"},{"$i":"asterisk","ariaLabel":"अॅस्ट्रिक चिह्न"},{"$i":"hashSign","ariaLabel":"हॅश चिन्ह"},{"$i":"loadingSimContacts","$v":"सिम कार्ड संपर्क लोड होत आहे .."},{"$i":"noContactsWereFound","$v":"कोणतेही संपर्क सापडले नाही"},{"$i":"noContactsFoundDialogOk","$v":"ठीक आहे"},{"$i":"emergencyNumber","$v":"आपातकालीन नंबर"},{"$i":"callAirplaneModeMessage","$v":"कॉल करण्यासाठी आपण सेटिंग मध्ये एयरप्लेन मोड अक्षम करणे आवश्यक आहे."},{"$i":"callAirplaneModeBtnOk","$v":"ठीक आहे"},{"$i":"callAirplaneModeTitle","$v":"एयरप्लेन मोड सक्रिय केले आहे"},{"$i":"numberIsBusyTitle","$v":"नंबर व्यस्त आहे"},{"$i":"numberIsBusyMessage","$v":"सध्या नंबर व्यस्त आहे. कृपया नंतर पुन्हा प्रयत्न करा."},{"$i":"fdnIsActiveTitle","$v":"FDN सक्रिय"},{"$i":"fdnIsActiveMessage","$v":["FDN (फिक्स्ड डायलिंग नंबर) सक्रिय आहे आणि खालील नंबर आपल्या FDN लिस्ट मध्ये नाही आहे: ",{"t":"idOrVar","v":"number"}]},{"$i":"emergencyDialogBodyBadNumber","$v":"कॉल करण्यासाठी, फोन नेटवर्कशी जोडणे आवश्यक आहे."},{"$i":"emergencyDialogBodyDeviceNotAccepted","$v":"नेटवर्कद्वारे आपातकालीन कॉलला अनुमति नाही."},{"$i":"emergencyDialogBtnOk","$v":"ठीक आहे"},{"$i":"emergencyDialogTitle","$v":"कोणतेही नेटवर्क कनेक्शन नाही"},{"$i":"invalidNumberToDialTitle","$v":"अवैध फोन नंबर"},{"$i":"invalidNumberToDialMessage","$v":"आपण कॉल करत असलेला फोन नंबर वैध नाही."},{"$i":"unableToCallTitle","$v":"आता फोन कॉल करण्यास असमर्थ"},{"$i":"unableToCallMessage","$v":"कॉल करू शकत नाही. आपण आधीपासूनच डायल करत असाल तर,कृपया प्रथम त्याला आधी थांबवा."},{"$i":"otherConnectionInUseTitle","$v":"अन्य कनेक्शन उपयोगात आहेत"},{"$i":"otherConnectionInUseMessage","$v":"इतर कनेक्शनवर आपल्यासाठी एक सक्रीय कॉल आहे. आपण एका वेळी एकच कनेक्शन वापरू शकता."},{"$i":"clear","$v":"साफ करा"},{"$i":"dialer","$v":"डायलर"},{"$i":"tcl-incomming-call","$v":"इनकमिंग कॉल"},{"$i":"tcl-in-call","$v":"कॉल मधील"},{"$i":"tcl-answer","$v":"उत्तर"},{"$i":"tcl-end-answer","$v":"समाप्त करा आणि  उत्तर द्या"},{"$i":"tcl-decline","$v":"अस्वीकार"},{"$i":"tcl-mute","$v":"निःशब्द करा"},{"$i":"tcl-unmute","$v":"अनम्यूट करा"},{"$i":"tcl-speaker","$v":"स्पीकर"},{"$i":"tcl-speaker-off","$v":"स्पीकर ऑफ"},{"$i":"tcl-microphone-mute-notification","$v":"मायक्रोफोन नि: शब्द केले"},{"$i":"tcl-microphone-active-notification","$v":"मायक्रोफोन सक्रिय आहे"},{"$i":"tcl-speaker-off-notification","$v":"बाह्य स्पीकर ऑफ केले आहे"},{"$i":"tcl-speaker-on-notification","$v":"बाह्य स्पीकर ऑन केले आहे"},{"$i":"tcl-hold-and-answer","$v":"होल्ड वर ठेवा किंवा उत्तर द्या"},{"$i":"tcl-ignore-call","$v":"इनकमिंग कॉलला दुर्लक्षित करा"},{"$i":"tcl-add-to-call","$v":"कॉल जोडा"},{"$i":"tcl-switch-to-second-line","$v":"कॉल स्वॅप करा"},{"$i":"tcl-merge-calls","$v":"कॉल मर्ज करा"},{"$i":"btnOk","$v":"ठीक आहे"},{"$i":"losing-wifi-msg","$v":"wifi गमावत आहोत"},{"$i":"hd","$v":"HD"},{"$i":"manage-call","$v":"कॉल व्यवस्थापित करा"},{"$i":"end","$v":"कॉल समाप्त करा"},{"$i":"private","$v":"खाजगी"},{"$i":"sound","$v":"ध्वनी"},{"$i":"bluetooth-device","$v":"ब्ल्यूटूथ डिवाइस"},{"$i":"handset-earpiece","$v":"हँडसेट"},{"$i":"call-ended","$v":"कॉल समाप्त झाला"},{"$i":"payphone","$v":"पेफोन"},{"$i":"contact","$v":"संपर्क"},{"$i":"volume","$v":"व्हॉल्यूम"},{"$i":"softkey-options","$v":"पर्याय"},{"$i":"resume-call","$v":"कॉल पुन्हा सुरु करा"},{"$i":"switch-to-device-toast","$v":"ब्लूटूथ डिवाइस वर स्विच केले"},{"$i":"switch-to-handset-toast","$v":"हॅन्‍डसेट इअरपीस डिवाइस वर स्विच केले"},{"$i":"switch-to-speaker-toast","$v":"स्पीकरवर स्विच केले गेले"},{"$i":"emergency-call","$v":"एक आपातकालीन कॉल आहे."},{"$i":"link","$v":"लिंक:"},{"$i":"call-left-conference-toast","$v":[{"t":"idOrVar","v":"number"}," यांनी कॉल ठेवला आहे"]}]