[{"$i":"tcl-calllog-entry-removed-succ-notification","$v":"कल लग प्रविष्टि हटाइयो"},{"$i":"tcl-calllog-entry-removed-err-notification","$v":"कल लग प्रविष्टि हटाउन सकिएन"},{"$i":"addNewNumber","$v":"नयाँ नम्बर थप्नुहोस्"},{"$i":"contactDetails","$v":"विवरणहरूलाई सम्पर्क गर्नुहोस्"},{"$i":"addToExistingContact","$v":"विद्यमान सम्पर्कमा थप्नुहोस्"},{"$i":"all","$v":"सबै","ariaLabel":"सबै"},{"$i":"bluetoothOption","$v":""},{"$i":"callLog","$v":"कल लग"},{"$i":"callLogEdit","title":"कल लग सम्पादन गर्नुहोस्"},{"$i":"tcl-option-menu-call-log-edit","$v":"कल लग सम्पादन गर्नुहोस्"},{"$i":"callLogEditDialog","ariaLabel":"कल लग संवाद सम्पादन गर्नुहोस्"},{"$i":"tcl-call-log-delete-group-notification","$v":[{"t":"idOrVar","v":"n"}," प्रविष्टिहरू मेटाइए"]},{"$i":"connecting","$v":"कलिङ"},{"$i":"connectingEllipsis","$v":"जडान हुँदै..."},{"$i":"call-forwarding-async","$v":["असिङ्क्रनस: ",{"t":"idOrVar","v":"async"}]},{"$i":"call-forwarding-data","$v":["डेटा: ",{"t":"idOrVar","v":"data"}]},{"$i":"call-forwarding-error","$v":"अवस्था अगाडि पुनः प्राप्ति कल गर्दै गर्दा त्रुटि आयो"},{"$i":"call-forwarding-fax","$v":["FAX: ",{"t":"idOrVar","v":"fax"}]},{"$i":"call-forwarding-inactive","$v":"निष्क्रिय"},{"$i":"call-forwarding-packet","$v":["प्याकेट: ",{"t":"idOrVar","v":"packet"}]},{"$i":"call-forwarding-pad","$v":["PAD: ",{"t":"idOrVar","v":"pad"}]},{"$i":"call-forwarding-sms","$v":["SMS: ",{"t":"idOrVar","v":"sms"}]},{"$i":"call-forwarding-status","$v":"कल स्थिति अगाडि बढाउदै"},{"$i":"call-forwarding-sync","$v":["समक्रमण गर्न सकिने: ",{"t":"idOrVar","v":"sync"}]},{"$i":"call-forwarding-voice","$v":["भ्वाइस: ",{"t":"idOrVar","v":"voice"}]},{"$i":"close","$v":"बन्द गर्नुहोस्"},{"$i":"confirm-deletion","$v":"चयन गरिएका कलहरू खाली गर्ने?"},{"$i":"contacts","ariaLabel":"सम्पर्कहरू"},{"$i":"createNewContact","$v":"नयाँ सम्पर्क सिर्जना गर्नुहोस्"},{"$i":"delete","$v":"मेट्नुहोस्"},{"$i":"calllog-deselectAll","$v":"सबै चयनलाई रद्द गर्नुहोस्"},{"$i":"dialerAddContact","$v":""},{"$i":"dialerAddContactDialog","ariaLabel":"सम्पर्क संवाद थप्नुहोस्"},{"$i":"callInformation","$v":"कल जानकारी"},{"$i":"edit-selected","$v":{"one":["चयन गरिएका(",{"t":"idOrVar","v":"n"},")"],"two":["चयन गरिएका(",{"t":"idOrVar","v":"n"},")"],"few":["चयन गरिएका(",{"t":"idOrVar","v":"n"},")"],"many":["चयन गरिएका(",{"t":"idOrVar","v":"n"},")"],"other":["चयन गरिएका(",{"t":"idOrVar","v":"n"},")"]},"$x":[{"t":"idOrVar","v":"plural"},"n"]},{"$i":"tcl-edit-not-selected","$v":"चयन गरिएको(0)"},{"$i":"edit","$v":"सम्पादन गर्नुहोस्"},{"$i":"hideKeypad","ariaLabel":"कीप्याड लुकाउनुहोस्"},{"$i":"ignore","$v":""},{"$i":"incoming","$v":"आगमन"},{"$i":"keypad","ariaLabel":"कीप्याड"},{"$i":"makeCall","$v":""},{"$i":"merge","$v":""},{"$i":"info-missed","$v":"छुटेको"},{"$i":"missed","$v":"छुटेको","ariaLabel":"छुटेको"},{"$i":"dialed","$v":"डायल गरियो"},{"$i":"received","$v":"प्राप्त गरिएको"},{"$i":"canceled","$v":"रद्द गरियो"},{"$i":"missedCall","$v":"छुटेको कल"},{"$i":"missedCallMultiSims","$v":["(सिम ",{"t":"idOrVar","v":"n"},") कल गर्नुहोस्"]},{"$i":"mmi-error","$v":"सन्देश पठाउँदै गर्दा त्रुटि फेला पर्यो"},{"$i":"mmi-session-expired","$v":"सत्रको समय सकियो"},{"$i":"mmi-successfully-sent","$v":"सन्देश सफलतापूर्वक पठाइएको"},{"$i":"mmi-notification-title-with-sim","$v":["(",{"t":"idOrVar","v":"sim"},") ",{"t":"idOrVar","v":"title"}]},{"$i":"mute","$v":""},{"$i":"newCall","$v":""},{"$i":"no-logs-msg-1","$v":"कुनै कल रेकर्डिङ छैनन्"},{"$i":"no-logs-msg-2","$v":"अहिले सञ्चारण सुरु गर्नुहोस्"},{"$i":"no-logs-msg-3","$v":"कुनै कल रेकर्डिङ छैनन्"},{"$i":"no-logs-msg-4","$v":"अहिले सञ्चारण सुरु गर्नुहोस्"},{"$i":"onHoldOption","$v":""},{"$i":"outgoing","$v":"बहिर्गमन"},{"$i":"recents","ariaLabel":"हालैका कलहरू"},{"$i":"reply","$v":"जवाफ पठाउनुहोस्"},{"$i":"calllog-selectAll","$v":"सबै चयन गर्नुहोस्"},{"$i":"send","$v":"पठाउनुहोस्"},{"$i":"switch-calls","$v":"कलहरू स्विच गर्नुहोस्"},{"$i":"today","$v":"आज"},{"$i":"withheld-number","$v":"अज्ञात"},{"$i":"from-contact","$v":[{"t":"idOrVar","v":"contact"}," बाट"]},{"$i":"from-number","$v":[{"t":"idOrVar","v":"number"}," बाट"]},{"$i":"from-withheld-number","$v":"अज्ञात नम्बरबाट"},{"$i":"yesterday","$v":"हिजो"},{"$i":"sending","$v":"पठाउँदै..."},{"$i":"speakerOption","$v":""},{"$i":"ussd-services","$v":[{"t":"idOrVar","v":"operator"}," सेवाहरू"]},{"$i":"toggleKeypad","$v":""},{"$i":"type-your-response","placeholder":"आफ्नो प्रतिक्रिया टाइप गर्नुहोस्..."},{"$i":"clear-all-text","$v":"सबै पाठ खाली गर्नुहोस्"},{"$i":"hide","$v":"लुकाउनुहोस्"},{"$i":"call","$v":"कल गर्नुहोस्"},{"$i":"hold","$v":"होल्ड गर्नुहोस्"},{"$i":"resume","$v":"पुनः सुरु गर्नुहोस्","ariaLabel":"पुनः सुरु गर्नुहोस्"},{"$i":"sendSms","$v":"सन्देश टाइप गर्नुहोस्"},{"$i":"callEnded","$v":"कल समाप्त भयो"},{"$i":"via-sim","$v":["SIM",{"t":"idOrVar","v":"n"}," मार्फत"]},{"$i":"sim-number","$v":["SIM",{"t":"idOrVar","v":"n"}]},{"$i":"unknown","$v":"अज्ञात"},{"$i":"cancel","$v":"रद्द गर्नुहोस्"},{"$i":"hangup-a11y-button","$v":""},{"$i":"pickup-a11y-button","$v":""},{"$i":"unlock-a11y-button","ariaLabel":"स्लाइडर"},{"$i":"settings","$v":"सेटिङ्हरू"},{"$i":"tcl-delete-log","$v":"तपाईं निश्चित रूपमा कल लगमा चयन गरिएका प्रविष्टिहरू मेटाउन चाहनुहुन्छ?"},{"$i":"delete-n-log?","$v":{"zero":"केहीपनि चयन गरिएन","one":"चयन गरिएका लग मेटाउने?","two":[{"t":"idOrVar","v":"n"}," लगहरू मेटाउने?"],"few":[{"t":"idOrVar","v":"n"}," लगहरू मेटाउने?"],"many":[{"t":"idOrVar","v":"n"}," लगहरू मेटाउने?"],"other":[{"t":"idOrVar","v":"n"}," लगहरू मेटाउने?"]},"$x":[{"t":"idOrVar","v":"plural"},"n"]},{"$i":"composeEmail","ariaLabel":"इमेल"},{"$i":"emailDetail","ariaLabel":"इमेल"},{"$i":"phoneDetail","ariaLabel":"फोन"},{"$i":"send-sms-button","ariaLabel":"SMS"},{"$i":"separator","$v":","},{"$i":"callDurationMinutes","$v":[{"t":"idOrVar","v":"m"},":",{"t":"idOrVar","v":"s"}]},{"$i":"callDurationHours","$v":[{"t":"idOrVar","v":"h"},":",{"t":"idOrVar","v":"m"},":",{"t":"idOrVar","v":"s"}]},{"$i":"callDurationTextFormatSeconds","$v":[{"t":"idOrVar","v":"s"}," सेकेण्ड"]},{"$i":"callDurationTextFormatMinutes","$v":[{"t":"idOrVar","v":"m"}," मिनेट ",{"t":"idOrVar","v":"s"}," सेकेण्ड"]},{"$i":"callDurationTextFormatHours","$v":[{"t":"idOrVar","v":"h"}," घण्टा ",{"t":"idOrVar","v":"m"}," मिनेट ",{"t":"idOrVar","v":"s"}," सेकेण्ड"]},{"$i":"suggestionMatches","$v":{"one":["\"",{"t":"idOrVar","v":"matchNumber"},"\" का लागि ",{"t":"idOrVar","v":"n"}," मेल खाने"],"two":["\"",{"t":"idOrVar","v":"matchNumber"},"\" का लागि ",{"t":"idOrVar","v":"n"}," मेल खाने"],"few":["\"",{"t":"idOrVar","v":"matchNumber"},"\" का लागि ",{"t":"idOrVar","v":"n"}," मेल खाने"],"many":["\"",{"t":"idOrVar","v":"matchNumber"},"\" का लागि ",{"t":"idOrVar","v":"n"}," मेल खाने"],"other":["\"",{"t":"idOrVar","v":"matchNumber"},"\" का लागि ",{"t":"idOrVar","v":"n"}," मेल खाने"]},"$x":[{"t":"idOrVar","v":"plural"},"n"]},{"$i":"scCallBarring","$v":"कल ब्यारिङ"},{"$i":"scCallForwarding","$v":"कल फोरवार्डिङ"},{"$i":"scClip","$v":"आगमन कलर ID"},{"$i":"scClir","$v":"बाहिरिने कलर ID"},{"$i":"scPwd","$v":"पासवर्ड परिवर्तन"},{"$i":"scCallWaiting","$v":"कल प्रतिक्षा"},{"$i":"scPin","$v":"PIN परिवर्तन"},{"$i":"scPin2","$v":"PIN2 परिवर्तन"},{"$i":"scPuk","$v":"PIN अनब्लक गर्नुहोस्"},{"$i":"scPuk2","$v":"PIN2 अनब्लक गर्नुहोस्"},{"$i":"scImei","$v":"IMEI"},{"$i":"scMeid","$v":"MEID"},{"$i":"scUssd","$v":"USSD"},{"$i":"serviceClassVoice","$v":"आवाज"},{"$i":"serviceClassData","$v":"डेटा"},{"$i":"serviceClassFax","$v":"FAX"},{"$i":"serviceClassSms","$v":"SMS"},{"$i":"serviceClassDataSync","$v":"सिंक गर्नुहोस्"},{"$i":"serviceClassDataAsync","$v":"Async"},{"$i":"serviceClassPacket","$v":"प्याकेट"},{"$i":"serviceClassPad","$v":"PAD"},{"$i":"smServiceEnabled","$v":"सेवा सक्षम पारियो"},{"$i":"smServiceDisabled","$v":"सेवा असक्षम पारिएको छ"},{"$i":"smServiceRegistered","$v":"दर्ता सफल भयो"},{"$i":"smServiceErased","$v":"मेटाउने सफल भयो"},{"$i":"smServiceInterrogated","$v":"अनुरोध सफलतापूर्वक भयो"},{"$i":"smServiceNotProvisioned","$v":"सेवाको व्यवस्था छैन"},{"$i":"smClirPermanent","$v":"तपाईंले कलर ID सेटिङ परिवर्तन गर्न सक्नुहुन्न"},{"$i":"smClirDefaultOnNextCallOn","$v":"कलर ID प्रतिबन्धितमा पूर्वनिर्धारितहरूमा छ। अर्को कल: प्रतिबन्धित"},{"$i":"smClirDefaultOnNextCallOff","$v":"कलर ID प्रतिबन्धितमा पूर्वनिर्धारितहरूमा छ। अर्को कल: प्रतिबन्धित छैन"},{"$i":"smClirDefaultOffNextCallOn","$v":"कलर ID पूर्वनिर्धारितदेखि प्रतिबन्धित छैन। अर्को कल: प्रतिबन्धित"},{"$i":"smClirDefaultOffNextCallOff","$v":"कलर ID पूर्वनिर्धारितदेखि प्रतिबन्धित छैन। अर्को कल: प्रतिबन्धित छैन"},{"$i":"smServiceEnabledFor","$v":"निम्न उल्लेखितको लागि सेवा सक्षम पारियो:"},{"$i":"smPinChanged","$v":"PIN सफलतापूर्वक परिवर्तन भयो"},{"$i":"smPinUnblocked","$v":"PIN सफलतापूर्वक अनब्लक भयो"},{"$i":"smPin2Changed","$v":"PIN2 सफलतापूर्वक परिवर्तन भयो"},{"$i":"smPin2Unblocked","$v":"PIN2 सफलतापूर्वक अनब्लक गरियो"},{"$i":"ServiceIsEnabled","$v":"सेवा सक्षम गरिएको"},{"$i":"ServiceIsDisabled","$v":"सेवा असक्षम पारिएको"},{"$i":"ServiceIsEnabledFor","$v":"यसका लागि सेवा सक्षम गरियो:"},{"$i":"emMmiError","$v":"जडान समस्या वा अमान्य MMI कोड"},{"$i":"emMmiErrorPasswordIncorrect","$v":"गलत पासवर्ड"},{"$i":"emMmiErrorNotSupported","$v":"अमान्य वा असमर्थित MMI कोड"},{"$i":"emMmiErrorInvalidAction","$v":"अवैध कार्य"},{"$i":"emMmiErrorInvalidScCode","$v":"अमान्य सेवा कोड"},{"$i":"emMmiErrorBadPuk","$v":"तपाईंले टाइप गर्नुभएको PUK गलत छ"},{"$i":"emMmiErrorBadPin","$v":"तपाईंले टाइप गर्नुभएको पुरानो PIN गलत छ"},{"$i":"emMmiErrorNeedPuk2","$v":"SIM कार्डलाई अन-अवरुद्ध गर्नका लागि PUK2 टाइप गर्नुहोस्"},{"$i":"emMmiErrorMismatchPin","$v":"तपाईंले टाइप गर्नुभएको PIN हरू मेल खाँदैनन्"},{"$i":"emMmiErrorInvalidPin","$v":"4 देखि 8 वटा नम्बरसम्म भएको एउटा PIN टाइप गर्नुहोस्"},{"$i":"emMmiErrorNeedsPuk","$v":"तपाईंको SIM कार्ड PUK-लक भएको छ"},{"$i":"emMmiErrorEnablePin","$v":"असफल। SIM/RUIM लकलाई सक्षम पार्नुहोस्"},{"$i":"emMmiErrorMmiFdn","$v":"अपरेशन निश्चित डायल नम्बरहरूको लागि मात्र प्रतिबन्धित छ"},{"$i":"emMmiErrorStkCcUssdDial","$v":"USSD अनुरोध DIAL अनुरोधमा परिमार्जन गरिएको छ"},{"$i":"emMmiErrorStkCcUssdSs","$v":"USSD अनुरोध SS अनुरोधमा परिमार्जन गरिएको छ"},{"$i":"emMmiErrorStkCcUssdUssd","$v":"USSD अनुरोध नयाँ USSD अनुरोधमा परिमार्जन गरिएको छ"},{"$i":"emMmiErrorStkCcSsDial","$v":"SS अनुरोधलाई DIAL अनुरोधमा परिमार्जन गरिएको छ"},{"$i":"emMmiErrorStkCcSsUssd","$v":"SS अनुरोध USSD अनुरोधमा परिमार्जन गरिएको छ"},{"$i":"emMmiErrorStkCcSsSs","$v":"SS अनुरोधलाई नयाँ SS अनुरोधमा परिमार्जन गरिएको छ"},{"$i":"emMmiErrorPinPukAttempts","$v":{"one":[{"t":"idOrVar","v":"n"}," पुन: प्रयास बायाँ मात्र"],"two":[{"t":"idOrVar","v":"n"}," पुन: प्रयासहरू बाँकी"],"few":[{"t":"idOrVar","v":"n"}," पुन: प्रयासहरू बाँकी"],"many":[{"t":"idOrVar","v":"n"}," पुन: प्रयासहरू बाँकी"],"other":[{"t":"idOrVar","v":"n"}," पुन: प्रयासहरू बाँकी"]},"$x":[{"t":"idOrVar","v":"plural"},"n"]},{"$i":"emMmiErrorSimBlocked","$v":"अधिकतम पुन:प्रयासहरूको नम्बर नाघ्यो। SIM रोकिएको छ"},{"$i":"RadioNotAvailable","$v":"रेडियो उपलब्ध छैन"},{"$i":"GenericFailure","$v":"जेनेरिक असफलता"},{"$i":"PasswordIncorrect","$v":"पासवर्ड गलत छ"},{"$i":"SimPin2","$v":"SIM PIN2"},{"$i":"SimPuk2","$v":"SIM PUK2"},{"$i":"RequestNotSupported","$v":"अनुरोध समर्थित भएन"},{"$i":"OpNotAllowedDuringVoiceCall","$v":"भ्वाइस कल चलिरहेको बेला कार्य गर्न पाइँदैन"},{"$i":"SmsSendFailRetry","$v":"SMS ले असफल प्रयास पठायो"},{"$i":"SimAbsent","$v":"SIM अनुपस्थित"},{"$i":"SubscriptionNotAvailable","$v":"सदस्यता उपलब्ध छैन"},{"$i":"ModeNotSupported","$v":"मोड समर्थित छैन"},{"$i":"FdnCheckFailure","$v":"Fdn जाँच असफलता"},{"$i":"IllegalSimOrMe","$v":"गैरकानूनी SIM वाME"},{"$i":"DialModifiedToUssd","$v":"USSDको लागि डायल संशोधित"},{"$i":"DialModifiedToSs","$v":"एसएसको लागि डायल संशोधित"},{"$i":"DialModifiedToDial","$v":"डायलको लागि डायल संशोधित"},{"$i":"UssdModifiedToDial","$v":"USSD लाई डाइलमा परिमार्जन गरियो"},{"$i":"UssdModifiedToSs","$v":"SS लाई USSD मा परिमार्जन गरियो"},{"$i":"UssdModifiedToUssd","$v":"USSD लाई USSD मा परिमार्जन गरियो"},{"$i":"SsModifiedToDial","$v":"SS लाई डाइलमा परिमार्जन गरियो"},{"$i":"SsModifiedToUssd","$v":"SS लाई USSD मा परिमार्जन गरियो"},{"$i":"SsModifiedToSs","$v":"SS लाई SS मा परिमार्जन गरियो"},{"$i":"SubscriptionNotSupported","$v":"सदस्यता समर्थित छैन"},{"$i":"InvalidParameter","$v":"अमान्य मापदण्ड"},{"$i":"RejectedByRemote","$v":"रिमोटबाट अस्वीकृत"},{"$i":"conferenceCall","$v":["कन्फेरेन्स (",{"t":"idOrVar","v":"n"},")"]},{"$i":"caller-left-call","$v":[{"t":"idOrVar","v":"caller"}," कलबाट बाहिरिनुभएको छ।"]},{"$i":"conferenceAddError","$v":"कलहरू मर्ज गर्न सकेन"},{"$i":"conferenceRemoveError","$v":"कलहरू अनमर्ज गर्न सकेन"},{"$i":"longDateFormat","$v":"%A, %b %e"},{"$i":"select-audio-sources","$v":"अडियो स्रोतहरू चयन गर्नुहोस्"},{"$i":"bluetooth-handsfree-device","$v":"ब्लूटुथ ह्याण्डस्फ्री यन्त्र"},{"$i":"receiver","$v":"प्रापक"},{"$i":"speaker","$v":"स्पिकर"},{"$i":"tcl-cancel","$v":"रद्द गर्नुहोस्"},{"$i":"tcl-dialer","$v":"डायलर"},{"$i":"tcl-confirmation","$v":"पुष्टिकरण"},{"$i":"log-item","$v":"विकल्पहरू"},{"$i":"tcl-assign-speed-dial","$v":{"$o":["बटन \"",{"t":"idOrVar","v":"speedDial"},"\" मा स्पिड डायलको रूपमा सम्पर्कलाई थपिएन। <br><br>अहिले निर्दिष्ट गर्ने?"]}},{"$i":"tcl-assign","$v":"स्वीकृति"},{"$i":"select","$v":"चयन गर्नुहोस्"},{"$i":"deselect","$v":"चयन हटाउनुहोस्"},{"$i":"view-all","$v":"सबै हेर्नुहोस्"},{"$i":"search-results","$v":"खोज परिणामहरू"},{"$i":"no-recent-numbers","$v":"त्यहाँ डायल गर्न फोन लगहरूमा अहिलेको नम्बरहरू छैनन।"},{"$i":"wifi-calling","$v":"WiFi कलिङ"},{"$i":"dialer-prompt","$v":"कल थप्न सम्पर्क चयन वा नम्बर डायल गर्नुहोस्"},{"$i":"hours","$v":"घण्टा"},{"$i":"minutes","$v":"मिनेट"},{"$i":"seconds","$v":"सेकेण्ड"},{"$i":"voiceMail","$v":"भ्वाइस मेल"},{"$i":"weekday-0-long","$v":"आइतबार"},{"$i":"weekday-1-long","$v":"सोमबार"},{"$i":"weekday-2-long","$v":"मङ्गलबार"},{"$i":"weekday-3-long","$v":"बुधबार"},{"$i":"weekday-4-long","$v":"बिहिबार"},{"$i":"weekday-5-long","$v":"शुक्रबार"},{"$i":"weekday-6-long","$v":"शनिबार"},{"$i":"weekday-0-short","$v":"सूर्य"},{"$i":"weekday-1-short","$v":"सोमबार"},{"$i":"weekday-2-short","$v":"मङ्गलबार"},{"$i":"weekday-3-short","$v":"बुधबार"},{"$i":"weekday-4-short","$v":"बिहीबार"},{"$i":"weekday-5-short","$v":"शुक्रबार"},{"$i":"weekday-6-short","$v":"शनिबार"},{"$i":"month-0-long","$v":"जनवरी"},{"$i":"month-1-long","$v":"फेब्रुअरी"},{"$i":"month-2-long","$v":"मार्च"},{"$i":"month-3-long","$v":"अप्रिल"},{"$i":"month-4-long","$v":"मे"},{"$i":"month-5-long","$v":"जुन"},{"$i":"month-6-long","$v":"जुलाइ"},{"$i":"month-7-long","$v":"अगस्ट"},{"$i":"month-8-long","$v":"सेप्टेम्बर"},{"$i":"month-9-long","$v":"अक्टुबर"},{"$i":"month-10-long","$v":"नोभेम्बर"},{"$i":"month-11-long","$v":"डिसेम्बर"},{"$i":"month-0-genitive","$v":"जनवरी"},{"$i":"month-1-genitive","$v":"फेब्रुअरी"},{"$i":"month-2-genitive","$v":"मार्च"},{"$i":"month-3-genitive","$v":"अप्रिल"},{"$i":"month-4-genitive","$v":"मे"},{"$i":"month-5-genitive","$v":"जुन"},{"$i":"month-6-genitive","$v":"जुलाइ"},{"$i":"month-7-genitive","$v":"अगस्ट"},{"$i":"month-8-genitive","$v":"सेप्टेम्बर"},{"$i":"month-9-genitive","$v":"अक्टुबर"},{"$i":"month-10-genitive","$v":"नोभेम्बर"},{"$i":"month-11-genitive","$v":"डिसेम्बर"},{"$i":"month-0-short","$v":"जनवरी"},{"$i":"month-1-short","$v":"फेब्रुअरी"},{"$i":"month-2-short","$v":"मार्च"},{"$i":"month-3-short","$v":"अप्रिल"},{"$i":"month-4-short","$v":"मे"},{"$i":"month-5-short","$v":"जुन"},{"$i":"month-6-short","$v":"जुलाई"},{"$i":"month-7-short","$v":"अगस्ट"},{"$i":"month-8-short","$v":"सेप्टेम्बर"},{"$i":"month-9-short","$v":"अक्टोबर"},{"$i":"month-10-short","$v":"नोभेम्बर"},{"$i":"month-11-short","$v":"डिसेम्बर"},{"$i":"minutes-ago-long","$v":{"zero":"अहिले भर्खर","one":"एक मिनेट अघि","two":[{"t":"idOrVar","v":"value"}," मिनेट पहिला"],"few":[{"t":"idOrVar","v":"value"}," मिनेट पहिला"],"many":[{"t":"idOrVar","v":"value"}," मिनेट पहिला"],"other":[{"t":"idOrVar","v":"value"}," मिनेट पहिला"]},"$x":[{"t":"idOrVar","v":"plural"},"value"]},{"$i":"hours-ago-long","$v":{"zero":"अहिले भर्खर","one":"एक घण्टा अघि","two":[{"t":"idOrVar","v":"value"}," घण्टा पहिला"],"few":[{"t":"idOrVar","v":"value"}," घण्टा पहिला"],"many":[{"t":"idOrVar","v":"value"}," घण्टा पहिला"],"other":[{"t":"idOrVar","v":"value"}," घण्टा पहिला"]},"$x":[{"t":"idOrVar","v":"plural"},"value"]},{"$i":"days-ago-long","$v":{"zero":"आज","one":"हिजो","two":[{"t":"idOrVar","v":"value"}," दिन पहिला"],"few":[{"t":"idOrVar","v":"value"}," दिन पहिला"],"many":[{"t":"idOrVar","v":"value"}," दिन पहिला"],"other":[{"t":"idOrVar","v":"value"}," दिन पहिला"]},"$x":[{"t":"idOrVar","v":"plural"},"value"]},{"$i":"weeks-ago-long","$v":{"zero":"यो हप्ता","one":"गत हप्ता","two":[{"t":"idOrVar","v":"value"}," हप्ता पहिला"],"few":[{"t":"idOrVar","v":"value"}," हप्ता पहिला"],"many":[{"t":"idOrVar","v":"value"}," हप्ता पहिला"],"other":[{"t":"idOrVar","v":"value"}," हप्ता पहिला"]},"$x":[{"t":"idOrVar","v":"plural"},"value"]},{"$i":"months-ago-long","$v":{"zero":"यो महिना","one":"गत महिना","two":[{"t":"idOrVar","v":"value"}," महिना पहिला"],"few":[{"t":"idOrVar","v":"value"}," महिना पहिला"],"many":[{"t":"idOrVar","v":"value"}," महिना पहिला"],"other":[{"t":"idOrVar","v":"value"}," महिना पहिला"]},"$x":[{"t":"idOrVar","v":"plural"},"value"]},{"$i":"years-ago-long","$v":{"zero":"यो वर्ष","one":"गएको वर्ष","two":[{"t":"idOrVar","v":"value"}," वर्ष पहिला"],"few":[{"t":"idOrVar","v":"value"}," वर्ष पहिला"],"many":[{"t":"idOrVar","v":"value"}," वर्ष पहिला"],"other":[{"t":"idOrVar","v":"value"}," वर्ष पहिला"]},"$x":[{"t":"idOrVar","v":"plural"},"value"]},{"$i":"minutes-until-long","$v":{"zero":"अहिले","one":"एक मिनेटमा","two":[{"t":"idOrVar","v":"value"}," मिनेटमा"],"few":[{"t":"idOrVar","v":"value"}," मिनेटमा"],"many":[{"t":"idOrVar","v":"value"}," मिनेटमा"],"other":[{"t":"idOrVar","v":"value"}," मिनेटमा"]},"$x":[{"t":"idOrVar","v":"plural"},"value"]},{"$i":"hours-until-long","$v":{"zero":"अहिले","one":"एक घण्टामा","two":[{"t":"idOrVar","v":"value"}," घण्टामा"],"few":[{"t":"idOrVar","v":"value"}," घण्टामा"],"many":[{"t":"idOrVar","v":"value"}," घण्टामा"],"other":[{"t":"idOrVar","v":"value"}," घण्टामा"]},"$x":[{"t":"idOrVar","v":"plural"},"value"]},{"$i":"days-until-long","$v":{"zero":"आज","one":"भोली","two":[{"t":"idOrVar","v":"value"}," दिनमा"],"few":[{"t":"idOrVar","v":"value"}," दिनमा"],"many":[{"t":"idOrVar","v":"value"}," दिनमा"],"other":[{"t":"idOrVar","v":"value"}," दिनमा"]},"$x":[{"t":"idOrVar","v":"plural"},"value"]},{"$i":"weeks-until-long","$v":{"zero":"यो हप्ता","one":"अर्को हप्ता","two":[{"t":"idOrVar","v":"value"}," हप्तामा"],"few":[{"t":"idOrVar","v":"value"}," हप्तामा"],"many":[{"t":"idOrVar","v":"value"}," हप्तामा"],"other":[{"t":"idOrVar","v":"value"}," हप्तामा"]},"$x":[{"t":"idOrVar","v":"plural"},"value"]},{"$i":"months-until-long","$v":{"zero":"यो महिना","one":"अर्को महिना","two":[{"t":"idOrVar","v":"value"}," महिनामा"],"few":[{"t":"idOrVar","v":"value"}," महिनामा"],"many":[{"t":"idOrVar","v":"value"}," महिनामा"],"other":[{"t":"idOrVar","v":"value"}," महिनामा"]},"$x":[{"t":"idOrVar","v":"plural"},"value"]},{"$i":"years-until-long","$v":{"zero":"यो वर्ष","one":"अर्को वर्ष","two":[{"t":"idOrVar","v":"value"}," वर्षमा"],"few":[{"t":"idOrVar","v":"value"}," वर्षमा"],"many":[{"t":"idOrVar","v":"value"}," वर्षमा"],"other":[{"t":"idOrVar","v":"value"}," वर्षमा"]},"$x":[{"t":"idOrVar","v":"plural"},"value"]},{"$i":"minutes-ago-short","$v":{"zero":"अहिले भर्खर","other":[{"t":"idOrVar","v":"value"}," मिनेट पहिला"]},"$x":[{"t":"idOrVar","v":"plural"},"value"]},{"$i":"hours-ago-short","$v":{"zero":"अहिले भर्खर","other":[{"t":"idOrVar","v":"value"},"घण्टा पहिला"]},"$x":[{"t":"idOrVar","v":"plural"},"value"]},{"$i":"days-ago-short","$v":{"zero":"आज","other":[{"t":"idOrVar","v":"value"},"दिन पहिला"]},"$x":[{"t":"idOrVar","v":"plural"},"value"]},{"$i":"minutes-until-short","$v":{"zero":"अहिले","other":[{"t":"idOrVar","v":"value"}," मिनेटमा"]},"$x":[{"t":"idOrVar","v":"plural"},"value"]},{"$i":"hours-until-short","$v":{"zero":"अहिले","other":[{"t":"idOrVar","v":"value"}," घण्टामा"]},"$x":[{"t":"idOrVar","v":"plural"},"value"]},{"$i":"days-until-short","$v":{"zero":"आज","other":[{"t":"idOrVar","v":"value"}," दिनमा"]},"$x":[{"t":"idOrVar","v":"plural"},"value"]},{"$i":"incorrectDate","$v":"(गलत मिति)"},{"$i":"dateTimeFormat_%c","$v":"%a %b %e %Y %I:%M:%S %p"},{"$i":"dateTimeFormat_%x","$v":"%m/%d/%Y"},{"$i":"dateTimeFormat_%X","$v":"%I:%M:%S %p"},{"$i":"shortTimeFormat","$v":"%I:%M %p"},{"$i":"shortTimeFormat12","$v":"%I:%M %p"},{"$i":"shortTimeFormat24","$v":"%H:%M"},{"$i":"shortDateTimeFormat","$v":"%x %I:%M %p"},{"$i":"weekStartsOnMonday","$v":"0"},{"$i":"firstDayOfTheWeek","$v":"0"},{"$i":"time_am","$v":"AM"},{"$i":"time_pm","$v":"PM"},{"$i":"label","$v":"लेबल"},{"$i":"mobile","$v":"मोबाइल"},{"$i":"home","$v":"गृह"},{"$i":"work","$v":"काम"},{"$i":"personal","$v":"व्यक्तिगत"},{"$i":"faxHome","$v":"फ्याक्स गृह"},{"$i":"faxOffice","$v":"फ्याक्स अफिस"},{"$i":"faxOther","$v":"अन्य फ्याक्स गर्नुहोस्"},{"$i":"another","$v":"अर्को"},{"$i":"other","$v":"अन्य"},{"$i":"tcl-customTag","$v":"कस्टम ट्याग"},{"$i":"customTag","$v":"कस्टम ट्याग","placeholder":"कस्टम ट्याग"},{"$i":"current","$v":"हालको"},{"$i":"itemWithLabel","$v":[{"t":"idOrVar","v":"label"},", ",{"t":"idOrVar","v":"item"}]},{"$i":"airplaneMode","$v":"ऐर्प्लने मोड"},{"$i":"searching","$v":"खोजी गर्दै..."},{"$i":"noNetwork","$v":"नेटवर्क छैन"},{"$i":"roaming","$v":[{"t":"idOrVar","v":"operator"}," (रोमिङ)"]},{"$i":"operator-info","$v":[{"t":"idOrVar","v":"carrier"}," ",{"t":"idOrVar","v":"region"}]},{"$i":"emergencyCallsOnly","$v":"आपतकालीन कलहरू मात्र"},{"$i":"emergencyCallsOnly-unknownSIMState","$v":"(अज्ञात SIM स्थिति)"},{"$i":"emergencyCallsOnly-noSIM","$v":"(SIM छैन)"},{"$i":"emergencyCallsOnly-pinRequired","$v":"(SIM PIN आवश्यक छ)"},{"$i":"emergencyCallsOnly-pukRequired","$v":"(सिम PUK आवश्यक छ)"},{"$i":"emergencyCallsOnly-networkLocked","$v":"(नेटवर्क लक छ)"},{"$i":"emergencyCallsOnly-serviceProviderLocked","$v":"(सेवाप्रदायक लक गरिएको छ)"},{"$i":"emergencyCallsOnly-corporateLocked","$v":"(कर्पोरेट लक गरिएको छ)"},{"$i":"emergencyCallsOnly-network1Locked","$v":"(नेटवर्क1 लक गरिएको छ)"},{"$i":"emergencyCallsOnly-network2Locked","$v":"(नेटवर्क2 लक गरिएको छ)"},{"$i":"emergencyCallsOnly-hrpdNetworkLocked","$v":"(hrpd नेटवर्क लक गरिएको छ)"},{"$i":"emergencyCallsOnly-ruimCorporateLocked","$v":"(ruim संगठित बन्द भयो)"},{"$i":"emergencyCallsOnly-ruimServiceProviderLocked","$v":"(ruim सेवा प्रदायक बन्द भयो)"},{"$i":"lockscreen-sim-id","$v":["सिम ",{"t":"idOrVar","v":"n"}]},{"$i":"charging-no-time","$v":[{"t":"idOrVar","v":"level"},"% चार्ज भयो"]},{"$i":"charging-minutes","$v":{"zero":[{"t":"idOrVar","v":"level"},"% चार्ज भयो (चार्ज पूरा हुन ",{"t":"idOrVar","v":"minutes"}," मिनेट बाँकी)"],"one":[{"t":"idOrVar","v":"level"},"% चार्ज भयो (चार्ज पूरा हुन ",{"t":"idOrVar","v":"minutes"}," मिनेट बाँकी)"],"two":[{"t":"idOrVar","v":"level"},"% चार्ज भयो (चार्ज पूरा हुन ",{"t":"idOrVar","v":"minutes"}," मिनेट बाँकी)"],"few":[{"t":"idOrVar","v":"level"},"% चार्ज भयो (चार्ज पूरा हुन ",{"t":"idOrVar","v":"minutes"}," मिनेट बाँकी)"],"many":[{"t":"idOrVar","v":"level"},"% चार्ज भयो (चार्ज पूरा हुन ",{"t":"idOrVar","v":"minutes"}," मिनेट बाँकी)"],"other":[{"t":"idOrVar","v":"level"},"% चार्ज भयो (चार्ज पूरा हुन ",{"t":"idOrVar","v":"minutes"}," मिनेट बाँकी)"]},"$x":[{"t":"idOrVar","v":"plural"},"minutes"]},{"$i":"charging-hours","$v":{"zero":[{"t":"idOrVar","v":"level"},"% चार्ज भयो (चार्ज पूरा हुन ",{"t":"idOrVar","v":"hours"},"घण्टा ",{"t":"idOrVar","v":"minutes"}," मिनेट बाँकी)"],"one":[{"t":"idOrVar","v":"level"},"% चार्ज भयो (चार्ज पूरा हुन ",{"t":"idOrVar","v":"hours"},"घण्टा ",{"t":"idOrVar","v":"minutes"}," मिनेट बाँकी)"],"two":[{"t":"idOrVar","v":"level"},"% चार्ज भयो (चार्ज पूरा हुन ",{"t":"idOrVar","v":"hours"},"घण्टा ",{"t":"idOrVar","v":"minutes"}," मिनेट बाँकी)"],"few":[{"t":"idOrVar","v":"level"},"% चार्ज भयो (चार्ज पूरा हुन ",{"t":"idOrVar","v":"hours"},"घण्टा ",{"t":"idOrVar","v":"minutes"}," मिनेट बाँकी)"],"many":[{"t":"idOrVar","v":"level"},"% चार्ज भयो (चार्ज पूरा हुन ",{"t":"idOrVar","v":"hours"},"घण्टा ",{"t":"idOrVar","v":"minutes"}," मिनेट बाँकी)"],"other":[{"t":"idOrVar","v":"level"},"% चार्ज भयो (चार्ज पूरा हुन ",{"t":"idOrVar","v":"hours"},"घण्टा ",{"t":"idOrVar","v":"minutes"}," मिनेट बाँकी)"]},"$x":[{"t":"idOrVar","v":"plural"},"minutes"]},{"$i":"phoneNumberInput","ariaLabel":"फोन नम्बर"},{"$i":"keypadDelete","ariaLabel":"मेट्नुहोस्"},{"$i":"voiceMailKey","ariaLabel":"भ्वाइस मेल"},{"$i":"asterisk","ariaLabel":"तारा चिह्न"},{"$i":"hashSign","ariaLabel":"साइन इन छ"},{"$i":"loadingSimContacts","$v":"SIM कार्डको सम्पर्कहरू लोड हुदै..."},{"$i":"noContactsWereFound","$v":"कुनै सम्पर्कहरू फेला परेनन्"},{"$i":"noContactsFoundDialogOk","$v":"ठीक छ"},{"$i":"emergencyNumber","$v":"आपतकालीन नम्बर"},{"$i":"callAirplaneModeMessage","$v":"सम्पर्क राख्न चाहनु हुन्छ भनी तपाईंले सेटिङहरूमा गएर हवाइजहाज मोडलाई असक्षम गर्नुपर्छ"},{"$i":"callAirplaneModeBtnOk","$v":"ठीक छ"},{"$i":"callAirplaneModeTitle","$v":"विमान मोड सक्रिय भयो"},{"$i":"numberIsBusyTitle","$v":"नम्बर ब्यस्त छ"},{"$i":"numberIsBusyMessage","$v":"नम्बर हालैमा व्यस्त छ। कृपया पछि फेरि प्रयास गर्नुहोस्।"},{"$i":"fdnIsActiveTitle","$v":"FDN सक्रिय"},{"$i":"fdnIsActiveMessage","$v":["FDN (फिक्स्ड डायलिङ नम्बर) सक्रिय भयो र तपाईंको FDN नम्बर निम्नलिखित सुचीमा छैन्: ",{"t":"idOrVar","v":"number"}]},{"$i":"emergencyDialogBodyBadNumber","$v":"सम्पर्क राख्न चाहनु हुन्छ भनि फोनलाई नेटवर्कमा जडान गरिएको हुनुपर्छ"},{"$i":"emergencyDialogBodyDeviceNotAccepted","$v":"आपतकालीन कलहरू नेटवर्कद्वारा अनुमति छैन्।"},{"$i":"emergencyDialogBtnOk","$v":"ठीक छ"},{"$i":"emergencyDialogTitle","$v":"नेटवर्क जडान छैन"},{"$i":"invalidNumberToDialTitle","$v":"अवैधानिक फोन नम्बर"},{"$i":"invalidNumberToDialMessage","$v":"तपाईंले सम्पर्क गर्नु भएको फोन उपलब्ध छैन्"},{"$i":"unableToCallTitle","$v":"अहिले फोन कल गर्न सकेन"},{"$i":"unableToCallMessage","$v":"फोन गर्न सक्दैन। डाइलिङ गर्न तयार हुनुहुन्छ भने, कृपया पहिला फोन राख्नुहोस्।"},{"$i":"otherConnectionInUseTitle","$v":"अन्य जडानलाई प्रयोग गर्नुहोस्"},{"$i":"otherConnectionInUseMessage","$v":"तपाईंसँग अर्को जडानमा सक्रिय कल छ। एक पटकमा तपाईंले एउटा मात्र जडान गर्न सक्नुहुन्छ?"},{"$i":"clear","$v":"मेटाउनुहोस्"},{"$i":"dialer","$v":"डायलर"},{"$i":"tcl-incomming-call","$v":"आगमन कल"},{"$i":"tcl-in-call","$v":"कलमा"},{"$i":"tcl-answer","$v":"कल उठाउनुहोस्"},{"$i":"tcl-end-answer","$v":"समाप्त गर्नुोहोस् र उत्तर दिनुहोस्"},{"$i":"tcl-decline","$v":"अस्वीकार गर्नुहोस्"},{"$i":"tcl-mute","$v":"म्यूट गर्नुहोस्"},{"$i":"tcl-unmute","$v":"अनम्यूट गर्नुहोस्"},{"$i":"tcl-speaker","$v":"स्पिकर"},{"$i":"tcl-speaker-off","$v":"स्पिकर अफ"},{"$i":"tcl-microphone-mute-notification","$v":"माइक्रोफोन म्युट भयो"},{"$i":"tcl-microphone-active-notification","$v":"माइक्रोफोन सक्रिय छ"},{"$i":"tcl-speaker-off-notification","$v":"बाह्य स्पिकर बन्द भयो"},{"$i":"tcl-speaker-on-notification","$v":"बाह्य स्पिकर खुला भयो"},{"$i":"tcl-hold-and-answer","$v":"होल्ड र उत्तरमा राख्नुहोस्"},{"$i":"tcl-ignore-call","$v":"आगमन कलहरू अस्विकार गर्नुहोस्"},{"$i":"tcl-add-to-call","$v":"कल थप्नुहोस्"},{"$i":"tcl-switch-to-second-line","$v":"कल स्वाप गर्नुहोस्"},{"$i":"tcl-merge-calls","$v":"कल मर्ज गर्नुहोस्"},{"$i":"btnOk","$v":"ठीक छ"},{"$i":"losing-wifi-msg","$v":"wifi गुमाउने"},{"$i":"hd","$v":"HD"},{"$i":"manage-call","$v":"कल व्यवस्थित गर्नुहोस्"},{"$i":"end","$v":"कल समाप्त गर्नुहोस्"},{"$i":"private","$v":"निजी"},{"$i":"sound","$v":"आवाज"},{"$i":"bluetooth-device","$v":"ब्लुटूथ यन्त्र"},{"$i":"handset-earpiece","$v":"ह्याण्डसेट"},{"$i":"call-ended","$v":"कल समाप्त भयो"},{"$i":"payphone","$v":"पेफोन"},{"$i":"contact","$v":"ठेगाना"},{"$i":"volume","$v":"मात्रा"},{"$i":"softkey-options","$v":"विकल्पहरू"},{"$i":"resume-call","$v":"कल पुन: प्रारम्भ गर्नुहोस्"},{"$i":"switch-to-device-toast","$v":"ब्लुटुथ यन्त्रमा स्विच गरियो"},{"$i":"switch-to-handset-toast","$v":"ह्याण्डसेट हेटफोन यन्त्रमा स्विच गरियो"},{"$i":"switch-to-speaker-toast","$v":"स्पीकरमा स्विच गरियो"},{"$i":"emergency-call","$v":"आपतकालीन कल आएको छ।"},{"$i":"link","$v":"लिंक:"},{"$i":"call-left-conference-toast","$v":[{"t":"idOrVar","v":"number"}," फोनबाट बाहिरिनुभएको छ"]}]