[{"$i":"tcl-calllog-entry-removed-succ-notification","$v":"କଲ୍ ଲଗ୍ ଏଣ୍ଟ୍ରି ଅପସାରଣ ହୋଇଛି"},{"$i":"tcl-calllog-entry-removed-err-notification","$v":"କଲ୍ ଲଗ୍ ଏଣ୍ଟ୍ରି ଅପସାରଣ କରିପାରିବେ ନାହିଁ"},{"$i":"addNewNumber","$v":"ନୂତନ ନମ୍ଵର ଯୋଡ଼ନ୍ତୁ"},{"$i":"contactDetails","$v":"ସମ୍ପର୍କ ବିବରଣୀ"},{"$i":"addToExistingContact","$v":"ବିଦ୍ୟମାନ ସମ୍ପର୍କରେ ଯୋଡ଼ନ୍ତୁ"},{"$i":"all","$v":"ସମସ୍ତ","ariaLabel":"ସମସ୍ତ"},{"$i":"bluetoothOption","$v":""},{"$i":"callLog","$v":"କଲ୍ ଲଗ୍"},{"$i":"callLogEdit","title":"କଲ୍ ଲଗ୍ ସମ୍ପାଦନ କରନ୍ତୁ"},{"$i":"tcl-option-menu-call-log-edit","$v":"କଲ୍ ଲଗ୍ ସମ୍ପାଦନ କରନ୍ତୁ"},{"$i":"callLogEditDialog","ariaLabel":"କଲ୍ ଲଗ୍ ଡାୟଲଗ୍ ସମ୍ପାଦନ କରନ୍ତୁ"},{"$i":"tcl-call-log-delete-group-notification","$v":[{"t":"idOrVar","v":"n"}," ଏଣ୍ଟ୍ରିଗୁଡିକ ବିଲୋପିତ"]},{"$i":"connecting","$v":"କଲିଙ୍ଗ୍"},{"$i":"connectingEllipsis","$v":"ସଂଯୋଗ କରୁଛି..."},{"$i":"call-forwarding-async","$v":["ଅସମକାଳୀନ: ",{"t":"idOrVar","v":"async"}]},{"$i":"call-forwarding-data","$v":["ଡାଟା: ",{"t":"idOrVar","v":"data"}]},{"$i":"call-forwarding-error","$v":"କଲ୍ ଫରୱାର୍ଡିଙ୍ଗ୍ ସ୍ଥିତି ପୁନରୁଦ୍ଧାର କରିବାବେଳେ ଏକ ତ୍ରୁଟି ଘଟିଛି |"},{"$i":"call-forwarding-fax","$v":["FAX: ",{"t":"idOrVar","v":"fax"}]},{"$i":"call-forwarding-inactive","$v":"ନିଷ୍କ୍ରିୟ"},{"$i":"call-forwarding-packet","$v":["ପ୍ୟାକେଟ୍: ",{"t":"idOrVar","v":"packet"}]},{"$i":"call-forwarding-pad","$v":["PAD: ",{"t":"idOrVar","v":"pad"}]},{"$i":"call-forwarding-sms","$v":["SMS: ",{"t":"idOrVar","v":"sms"}]},{"$i":"call-forwarding-status","$v":"କଲ୍ ଫର୍‌ୱାର୍ଡିଙ୍ଗ୍ ସ୍ଥିତି"},{"$i":"call-forwarding-sync","$v":["ଅସମକାଳୀନ: ",{"t":"idOrVar","v":"sync"}]},{"$i":"call-forwarding-voice","$v":["ଭଏସ୍: ",{"t":"idOrVar","v":"voice"}]},{"$i":"close","$v":"ବନ୍ଦ କରନ୍ତୁ"},{"$i":"confirm-deletion","$v":"ଚୟନିତ କଲଗୁଡିକ ଖାଲି କରିବେ?"},{"$i":"contacts","ariaLabel":"ସମ୍ପର୍କଗୁଡିକ"},{"$i":"createNewContact","$v":"ନୂତନ ସମ୍ପର୍କ ସୃଷ୍ଟି କରନ୍ତୁ"},{"$i":"delete","$v":"ବିଲୋପ କରନ୍ତୁ"},{"$i":"calllog-deselectAll","$v":"ସମସ୍ତ ଅଣଚୟନ କରନ୍ତୁ"},{"$i":"dialerAddContact","$v":""},{"$i":"dialerAddContactDialog","ariaLabel":"ସମ୍ପର୍କ ଡାୟଲଗ୍ ଯୋଡ଼ନ୍ତୁ"},{"$i":"callInformation","$v":"କଲ୍ ସୂଚନା"},{"$i":"edit-selected","$v":{"one":["ଚୟନିତ(",{"t":"idOrVar","v":"n"},")"],"two":["ଚୟନିତ(",{"t":"idOrVar","v":"n"},")"],"few":["ଚୟନିତ(",{"t":"idOrVar","v":"n"},")"],"many":["ଚୟନିତ(",{"t":"idOrVar","v":"n"},")"],"other":["ଚୟନିତ(",{"t":"idOrVar","v":"n"},")"]},"$x":[{"t":"idOrVar","v":"plural"},"n"]},{"$i":"tcl-edit-not-selected","$v":"ଚୟନିତ(0)"},{"$i":"edit","$v":"ସମ୍ପାଦନ କରନ୍ତୁ"},{"$i":"hideKeypad","ariaLabel":"କୀପ୍ୟାଡ୍ ଲୁଚାନ୍ତୁ"},{"$i":"ignore","$v":""},{"$i":"incoming","$v":"ଆଗମନ"},{"$i":"keypad","ariaLabel":"କୀପ୍ୟାଡ୍"},{"$i":"makeCall","$v":""},{"$i":"merge","$v":""},{"$i":"info-missed","$v":"ମିସ୍‌ଡ୍"},{"$i":"missed","$v":"ମିସ୍‌ଡ୍","ariaLabel":"ମିସ୍‌ଡ୍"},{"$i":"dialed","$v":"ଡାୟଲ୍ ହୋଇଛି"},{"$i":"received","$v":"ପ୍ରାପ୍ତ ହୋଇଛି"},{"$i":"canceled","$v":"ବାତିଲ ହୋଇଛି"},{"$i":"missedCall","$v":"ମିସ୍‌ଡ୍ କଲ୍"},{"$i":"missedCallMultiSims","$v":["(ସିମ୍‌ ",{"t":"idOrVar","v":"n"},") ମିସ୍‌ଡ଼  କଲ୍"]},{"$i":"mmi-error","$v":"ସନ୍ଦେଶ ପଠାଇବାବେଳେ ଏକ ତ୍ରୁଟି ଘଟିଛି |"},{"$i":"mmi-session-expired","$v":"ସେଶନ ସମୟ ସମାପ୍ତି ହୋଇଛି"},{"$i":"mmi-successfully-sent","$v":"ସନ୍ଦେଶ ସଫଳପୂର୍ବକ ପ୍ରେରିତ ହୋଇଛି"},{"$i":"mmi-notification-title-with-sim","$v":["(",{"t":"idOrVar","v":"sim"},") ",{"t":"idOrVar","v":"title"}]},{"$i":"mute","$v":""},{"$i":"newCall","$v":""},{"$i":"no-logs-msg-1","$v":"କୌଣସି କଲ୍‌ ରେକର୍ଡ୍ ହୋଇନାହିଁ"},{"$i":"no-logs-msg-2","$v":"ବର୍ତ୍ତମାନ ଯୋଗାଯୋଗ ଆରମ୍ଭ କରନ୍ତୁ"},{"$i":"no-logs-msg-3","$v":"କୌଣସି କଲ୍‌ ରେକର୍ଡ୍ ହୋଇନାହିଁ"},{"$i":"no-logs-msg-4","$v":"ବର୍ତ୍ତମାନ ଯୋଗାଯୋଗ ଆରମ୍ଭ କରନ୍ତୁ"},{"$i":"onHoldOption","$v":""},{"$i":"outgoing","$v":"ବହିର୍ଗମନ"},{"$i":"recents","ariaLabel":"ସମ୍ପ୍ରତି କଲଗୁଡିକ"},{"$i":"reply","$v":"ପ୍ରତ୍ୟୁତ୍ତର ଦିଅନ୍ତୁ"},{"$i":"calllog-selectAll","$v":"ସମସ୍ତ ଚୟନ କରନ୍ତୁ"},{"$i":"send","$v":"ପଠାନ୍ତୁ"},{"$i":"switch-calls","$v":"କଲ୍ ସ୍ଵିଚ୍ କରନ୍ତୁ"},{"$i":"today","$v":"ଆଜି"},{"$i":"withheld-number","$v":"ଅଜ୍ଞାତ"},{"$i":"from-contact","$v":[{"t":"idOrVar","v":"contact"}," ଠାରୁ"]},{"$i":"from-number","$v":[{"t":"idOrVar","v":"number"}," ଠାରୁ"]},{"$i":"from-withheld-number","$v":"ଅଜ୍ଞାତ ନମ୍ୱରରୁ"},{"$i":"yesterday","$v":"ଗତକାଲି"},{"$i":"sending","$v":"ପଠାଯାଉଛି..."},{"$i":"speakerOption","$v":""},{"$i":"ussd-services","$v":[{"t":"idOrVar","v":"operator"}," ସେବାଗୁଡିକ"]},{"$i":"toggleKeypad","$v":""},{"$i":"type-your-response","placeholder":"ଆପଣଙ୍କ ପ୍ରତିକ୍ରିୟା ଟାଇପ୍ କରନ୍ତୁ…"},{"$i":"clear-all-text","$v":"ସମସ୍ତ ଟେକ୍ସଟ୍ ଖାଲି କରନ୍ତୁ"},{"$i":"hide","$v":"ଲୁଚାନ୍ତୁ"},{"$i":"call","$v":"କଲ୍ କରନ୍ତୁ"},{"$i":"hold","$v":"ହୋଲ୍ଡ୍"},{"$i":"resume","$v":"ପୁନଃ ଆରମ୍ଭ କରନ୍ତୁ","ariaLabel":"ପୁନଃ ଆରମ୍ଭ କରନ୍ତୁ"},{"$i":"sendSms","$v":"ସନ୍ଦେଶ ପଠାନ୍ତୁ"},{"$i":"callEnded","$v":"କଲ୍ ଶେଷ ହୋଇଛି"},{"$i":"via-sim","$v":["ସିମ୍‌",{"t":"idOrVar","v":"n"}," ମାଧ୍ୟମରେ"]},{"$i":"sim-number","$v":["ସିମ୍‌",{"t":"idOrVar","v":"n"}]},{"$i":"unknown","$v":"ଅଜ୍ଞାତ"},{"$i":"cancel","$v":"ବାତିଲ କରନ୍ତୁ"},{"$i":"hangup-a11y-button","$v":""},{"$i":"pickup-a11y-button","$v":""},{"$i":"unlock-a11y-button","ariaLabel":"ସ୍ଲାଇଡର୍"},{"$i":"settings","$v":"ସେଟିଂସ୍"},{"$i":"tcl-delete-log","$v":"କଲ୍ ଲଗ୍‌ରୁ ଆପଣ ଚୟନିତ ଏଣ୍ଟ୍ରିଗୁଡିକ ବିଲୋପ କରିବାକୁ ଚାହାଁନ୍ତି କି?"},{"$i":"delete-n-log?","$v":{"zero":"କିଛି ବି ଚୟନିତ ହୋଇନାହିଁ","one":"ଚୟନିତ ଲଗ୍ ବିଲୋପ କରିବେ?","two":[{"t":"idOrVar","v":"n"}," ଲଗ୍ ବିଲୋପ କରିବେ?"],"few":[{"t":"idOrVar","v":"n"}," ଲଗ୍ ବିଲୋପ କରିବେ?"],"many":[{"t":"idOrVar","v":"n"}," ଲଗ୍ ବିଲୋପ କରିବେ?"],"other":[{"t":"idOrVar","v":"n"}," ଲଗ୍ ବିଲୋପ କରିବେ?"]},"$x":[{"t":"idOrVar","v":"plural"},"n"]},{"$i":"composeEmail","ariaLabel":"ଇମେଲ୍"},{"$i":"emailDetail","ariaLabel":"ଇମେଲ୍"},{"$i":"phoneDetail","ariaLabel":"ଫୋନ୍"},{"$i":"send-sms-button","ariaLabel":"SMS"},{"$i":"separator","$v":","},{"$i":"callDurationMinutes","$v":[{"t":"idOrVar","v":"M"},":",{"t":"idOrVar","v":"s"}]},{"$i":"callDurationHours","$v":[{"t":"idOrVar","v":"h"},":",{"t":"idOrVar","v":"m"},":",{"t":"idOrVar","v":"s"}]},{"$i":"callDurationTextFormatSeconds","$v":[{"t":"idOrVar","v":"s"}," ସେକେଣ୍ଡ୍"]},{"$i":"callDurationTextFormatMinutes","$v":[{"t":"idOrVar","v":"M"}," ମିନିଟ୍ ",{"t":"idOrVar","v":"s"}," ସେକେଣ୍ଡ୍"]},{"$i":"callDurationTextFormatHours","$v":[{"t":"idOrVar","v":"h"}," ଘଣ୍ଟା ",{"t":"idOrVar","v":"m"}," ମିନିଟ୍ ",{"t":"idOrVar","v":"s"}," ସେକେଣ୍ଡ୍"]},{"$i":"suggestionMatches","$v":{"one":["\"",{"t":"idOrVar","v":"matchNumber"},"\" ପାଇଁ ",{"t":"idOrVar","v":"n"}," ମେଳକ"],"two":["\"",{"t":"idOrVar","v":"matchNumber"},"\" ପାଇଁ ",{"t":"idOrVar","v":"n"}," ମେଳକ"],"few":["\"",{"t":"idOrVar","v":"matchNumber"},"\" ପାଇଁ ",{"t":"idOrVar","v":"n"}," ମେଳକ"],"many":["\"",{"t":"idOrVar","v":"matchNumber"},"\" ପାଇଁ ",{"t":"idOrVar","v":"n"}," ମେଳକ"],"other":["\"",{"t":"idOrVar","v":"matchNumber"},"\" ପାଇଁ ",{"t":"idOrVar","v":"n"}," ମେଳକ"]},"$x":[{"t":"idOrVar","v":"plural"},"n"]},{"$i":"scCallBarring","$v":"କଲ୍ ପ୍ରତିବନ୍ଧିତ ହେଉଛି"},{"$i":"scCallForwarding","$v":"କଲ୍ ଫର୍‌ୱାର୍ଡିଙ୍ଗ୍"},{"$i":"scClip","$v":"ଆଗମନ କଲ୍‌ର ID"},{"$i":"scClir","$v":"ବହିର୍ଗମନ କଲ୍‌ର ID"},{"$i":"scPwd","$v":"ପାସ୍‌ୱାର୍ଡ୍ ବଦଳାନ୍ତୁ"},{"$i":"scCallWaiting","$v":"କଲ୍ ଅପେକ୍ଷାରେ ଅଛି"},{"$i":"scPin","$v":"ପିନ୍ ବଦଳାନ୍ତୁ"},{"$i":"scPin2","$v":"ପିନ୍2 ବଦଳାନ୍ତୁ"},{"$i":"scPuk","$v":"ପିନ୍ ଅନାବରୋଧ କରନ୍ତୁ"},{"$i":"scPuk2","$v":"ପିନ୍2 ଅନାବରୋଧ କରନ୍ତୁ"},{"$i":"scImei","$v":"IMEI"},{"$i":"scMeid","$v":"MEID"},{"$i":"scUssd","$v":"USSD"},{"$i":"serviceClassVoice","$v":"ଭଏସ୍"},{"$i":"serviceClassData","$v":"ଡାଟା"},{"$i":"serviceClassFax","$v":"FAX"},{"$i":"serviceClassSms","$v":"SMS"},{"$i":"serviceClassDataSync","$v":"ସିଙ୍କ୍"},{"$i":"serviceClassDataAsync","$v":"ଏସିଙ୍କ୍"},{"$i":"serviceClassPacket","$v":"ପ୍ୟାକେଟ୍"},{"$i":"serviceClassPad","$v":"PAD"},{"$i":"smServiceEnabled","$v":"ସେବା ସକ୍ଷମ ହୋଇଥିଲା"},{"$i":"smServiceDisabled","$v":"ସେବା ଅକ୍ଷମ କରିଦିଆଯାଇଛି"},{"$i":"smServiceRegistered","$v":"ପଞ୍ଜିକରଣ ସଫଳ ହୋଇଛି"},{"$i":"smServiceErased","$v":"ବିଲୋପନ ସଫଳ ହୋଇଛି"},{"$i":"smServiceInterrogated","$v":"ଅନୁରୋଧ ସଫଳ ହୋଇଛି"},{"$i":"smServiceNotProvisioned","$v":"ସେବା ବ୍ୟବସ୍ଥା ନାହିଁ"},{"$i":"smClirPermanent","$v":"ଆପଣ କଲର୍ ID ସେଟିଂ ବଦଳାଇ ପାରିବେ ନାହିଁ"},{"$i":"smClirDefaultOnNextCallOn","$v":"କଲର୍ ID ଡିଫଲ୍ଟ୍ ଭାବେ ପ୍ରତିବନ୍ଧିତ ହୋଇଛି। ପରବର୍ତ୍ତୀ କଲ୍: ପ୍ରତିବନ୍ଧିତ"},{"$i":"smClirDefaultOnNextCallOff","$v":"କଲର୍ ID ଡିଫଲ୍ଟ୍ ଭାବେ ପ୍ରତିବନ୍ଧିତ ହୋଇଛି। ପରବର୍ତ୍ତୀ କଲ୍: ପ୍ରତିବନ୍ଧିତ ହୋଇନାହିଁ"},{"$i":"smClirDefaultOffNextCallOn","$v":"କଲର୍ ID ଡିଫଲ୍ଟ୍ ଭାବେ ପ୍ରତିବନ୍ଧିତ ହୋଇନାହିଁ । ପରବର୍ତ୍ତୀ କଲ୍: ପ୍ରତିବନ୍ଧିତ"},{"$i":"smClirDefaultOffNextCallOff","$v":"କଲର୍ ID ଡିଫଲ୍ଟ୍ ଭାବେ ପ୍ରତିବନ୍ଧିତ ହୋଇନାହିଁ । ପରବର୍ତ୍ତୀ କଲ୍: ପ୍ରତିବନ୍ଧିତ ହୋଇନାହିଁ"},{"$i":"smServiceEnabledFor","$v":"ପାଇଁ ସେବା ସକ୍ଷମ ହୋଇଥିଲା:"},{"$i":"smPinChanged","$v":"ପିନ୍‌ ସଫଳପୂର୍ବକ ବଦଳିଛି"},{"$i":"smPinUnblocked","$v":"ପିନ୍‌ ସଫଳପୂର୍ବକ ଅନାବରୋଧିତ"},{"$i":"smPin2Changed","$v":"ପିନ୍‌2 ସଫଳପୂର୍ବକ ବଦଳିଛି"},{"$i":"smPin2Unblocked","$v":"ପିନ୍‌2 ସଫଳପୂର୍ବକ ଅନାବରୋଧିତ"},{"$i":"ServiceIsEnabled","$v":"ସେବା ସକ୍ଷମ ହୋଇଛି"},{"$i":"ServiceIsDisabled","$v":"ସେବା ଅକ୍ଷମ ହୋଇଛି"},{"$i":"ServiceIsEnabledFor","$v":"ପାଇଁ ସେବା ସକ୍ଷମ ହୋଇଛି:"},{"$i":"emMmiError","$v":"ସଂଯୋଜନା ସମସ୍ୟା କିମ୍ୱା ଅବୈଧ MMI କୋଡ୍"},{"$i":"emMmiErrorPasswordIncorrect","$v":"ଭୁଲ୍ ପାସ୍‌ୱାର୍ଡ୍"},{"$i":"emMmiErrorNotSupported","$v":"ଅବୈଧ କିମ୍ୱା ଅସମର୍ଥିତ MMI କୋଡ୍"},{"$i":"emMmiErrorInvalidAction","$v":"ଅବୈଧ କ୍ରିୟା"},{"$i":"emMmiErrorInvalidScCode","$v":"ଅବୈଧ ସେବା କୋଡ୍"},{"$i":"emMmiErrorBadPuk","$v":"ଆପଣ ଟାଇପ୍ କରିଥିବା PUK ସଠିକ୍ ନୁହେଁ"},{"$i":"emMmiErrorBadPin","$v":"ଆପଣ ଟାଇପ୍ କରିଥିବା ପୁରାତନ ପିନ୍‌ ସଠିକ୍ ନୁହେଁ।"},{"$i":"emMmiErrorNeedPuk2","$v":"ସିମ୍‌ କାର୍ଡ୍ ଅନାବରୋଧ କରିବାକୁ PUK2 ଟାଇପ୍ କରନ୍ତୁ"},{"$i":"emMmiErrorMismatchPin","$v":"ଆପଣ ଟାଇପ୍ କରିଥିବା ପିନ୍‌ଗୁଡିକ ମେଳ ଖାଉନାହିଁ"},{"$i":"emMmiErrorInvalidPin","$v":"4 ରୁ 8 ଅଙ୍କବିଶିଷ୍ଟ ପିନ୍‌ ଟାଇପ୍ କରନ୍ତୁ"},{"$i":"emMmiErrorNeedsPuk","$v":"ଆପଣଙ୍କ ସିମ୍‌ କାର୍ଡ PUK-ଲକ୍ ହୋଇଛି"},{"$i":"emMmiErrorEnablePin","$v":"ଅସଫଳ। SIM/RUIM ଲକ୍ ସକ୍ଷମ କରନ୍ତୁ"},{"$i":"emMmiErrorMmiFdn","$v":"କେବଳ ଫିକ୍ସ ଡାୟଲିଂ ନମ୍ବର ପାଇଁ ସଞ୍ଚାଳନ ପ୍ରତିବନ୍ଧିତ ଅଟେ"},{"$i":"emMmiErrorStkCcUssdDial","$v":"USSD ଅନୁରୋଧକୁ ବଦଳାଇ DIAL ଅନୁରୋଧ କରାହୋଇଛି"},{"$i":"emMmiErrorStkCcUssdSs","$v":"USSD ଅନୁରୋଧକୁ ବଦଳାଇ SS ଅନୁରୋଧ କରାହୋଇଛି"},{"$i":"emMmiErrorStkCcUssdUssd","$v":"USSD ଅନୁରୋଧକୁ ବଦଳାଇ ନୂତନ USSD ଅନୁରୋଧ କରାହୋଇଛି"},{"$i":"emMmiErrorStkCcSsDial","$v":"SS ଅନୁରୋଧକୁ ବଦଳାଇ ଡାୟଲ୍ ଅନୁରୋଧ କରାହୋଇଛି"},{"$i":"emMmiErrorStkCcSsUssd","$v":"SS ଅନୁରୋଧକୁ ବଦଳାଇ USSD ଅନୁରୋଧ କରାହୋଇଛି"},{"$i":"emMmiErrorStkCcSsSs","$v":"SS ଅନୁରୋଧକୁ ବଦଳାଇ ନୁଆ SS ଅନୁରୋଧ କରାହୋଇଛି"},{"$i":"emMmiErrorPinPukAttempts","$v":{"one":["କେବଳ ",{"t":"idOrVar","v":"n"},"ଟି ପୁନଃଚେଷ୍ଟା ବାକି"],"two":[{"t":"idOrVar","v":"n"}," ଟି ପୁନଃଚେଷ୍ଟା ବାକି ଅଛି"],"few":[{"t":"idOrVar","v":"n"}," ଟି ପୁନଃଚେଷ୍ଟା ବାକି ଅଛି"],"many":[{"t":"idOrVar","v":"n"}," ଟି ପୁନଃଚେଷ୍ଟା ବାକି ଅଛି"],"other":[{"t":"idOrVar","v":"n"}," ଟି ପୁନଃଚେଷ୍ଟା ବାକି ଅଛି"]},"$x":[{"t":"idOrVar","v":"plural"},"n"]},{"$i":"emMmiErrorSimBlocked","$v":"ସର୍ବାଧିକ ନମ୍ଵରର ପୁନଃଚେଷ୍ଟା ଅତିକ୍ରମ ହୋଇଛି। ସିମ୍‌ ଅବରୋଧ ହୋଇଛି |"},{"$i":"RadioNotAvailable","$v":"ରେଡିଓ ଉପଲବ୍ଧ ନାହିଁ"},{"$i":"GenericFailure","$v":"ସାମନ୍ୟ ବିଫଳତା"},{"$i":"PasswordIncorrect","$v":"ପାସ୍‌ୱାର୍ଡ୍ ଭୁଲ୍"},{"$i":"SimPin2","$v":"ସିମ୍‌ ପିନ୍‌2"},{"$i":"SimPuk2","$v":"ସିମ୍‌ PUK2"},{"$i":"RequestNotSupported","$v":"ଅନୁରୋଧ ସମର୍ଥିତ ନୁହେଁ"},{"$i":"OpNotAllowedDuringVoiceCall","$v":"ଭଏସ୍ କଲ୍ ସମୟରେ ସଞ୍ଚାଳନ ଅନୁମୋଦିତ ନୁହେଁ"},{"$i":"SmsSendFailRetry","$v":"SMS‌ ପ୍ରେରଣ ବିଫଳ ପୁନଃଚେଷ୍ଟା କରନ୍ତୁ"},{"$i":"SimAbsent","$v":"ସିମ୍‌ ଅନୁପସ୍ଥିତ"},{"$i":"SubscriptionNotAvailable","$v":"ସଦସ୍ୟତା ଉପଲବ୍ଧ ନାହିଁ"},{"$i":"ModeNotSupported","$v":"ମୋଡ୍ ସମର୍ଥିତ ହୋଇନାହିଁ"},{"$i":"FdnCheckFailure","$v":"FDN‌ ବିଫଳତାର ଯାଞ୍ଚ କରନ୍ତୁ"},{"$i":"IllegalSimOrMe","$v":"ବେଆଇନ ସିମ୍‌ କିମ୍ୱା ME"},{"$i":"DialModifiedToUssd","$v":"ଡାୟଲ୍‌କୁ ବଦଳାଇ USSD କରାଯାଇଛି"},{"$i":"DialModifiedToSs","$v":"ଡାୟଲ୍‌କୁ ବଦଳାଇ SS କରାଯାଇଛି"},{"$i":"DialModifiedToDial","$v":"ଡାୟଲ୍‌କୁ ବଦଳାଇ ଡାୟଲ୍ କରାଯାଇଛି"},{"$i":"UssdModifiedToDial","$v":"USSDକୁ ବଦଳାଇ ଡାୟଲ୍ କରାହୋଇଛି"},{"$i":"UssdModifiedToSs","$v":"USSDକୁ ବଦଳାଇ SS କରାହୋଇଛି"},{"$i":"UssdModifiedToUssd","$v":"USSDକୁ ବଦଳାଇ USSD କରାହୋଇଛି"},{"$i":"SsModifiedToDial","$v":"SSକୁ ବଦଳାଇ ଡାୟଲ୍ କରାହୋଇଛି"},{"$i":"SsModifiedToUssd","$v":"SSକୁ ବଦଳାଇ USSD କରାହୋଇଛି"},{"$i":"SsModifiedToSs","$v":"SSକୁ ବଦଳାଇ SS କରାହୋଇଛି"},{"$i":"SubscriptionNotSupported","$v":"ସଦସ୍ୟତା ସମର୍ଥିତ ନୁହେଁ"},{"$i":"InvalidParameter","$v":"ଅବୈଧ ପାରାମିଟର"},{"$i":"RejectedByRemote","$v":"ରିମୋଟ୍ ଦ୍ୱାରା ଅଗ୍ରାହ୍ୟ ହୋଇଛି"},{"$i":"conferenceCall","$v":["କନଫରେନ୍ସ (",{"t":"idOrVar","v":"n"},")"]},{"$i":"caller-left-call","$v":[{"t":"idOrVar","v":"caller"}," କଲ୍ ପରିତ୍ୟାଗ କରିଛନ୍ତି ।"]},{"$i":"conferenceAddError","$v":"କଲଗୁଡିକୁ ମର୍ଜ୍ କରିବାକୁ ଅସମର୍ଥ"},{"$i":"conferenceRemoveError","$v":"କଲଗୁଡିକ ଅନ୍‌ମର୍ଜ୍ କରିବାକୁ ଅସମର୍ଥ"},{"$i":"longDateFormat","$v":"%A, %b %e"},{"$i":"select-audio-sources","$v":"ଅଡିଓ ସୋର୍ସ୍‌ଗୁଡିକ ଚୟନ କରନ୍ତୁ"},{"$i":"bluetooth-handsfree-device","$v":"ବ୍ଲୁଟୁଥ୍ ହ୍ୟାଣ୍ଡସ୍ ଫ୍ରୀ ଡିଭାଇସ୍"},{"$i":"receiver","$v":"ପ୍ରାପ୍ତକର୍ତ୍ତା"},{"$i":"speaker","$v":"ସ୍ପିକର୍"},{"$i":"tcl-cancel","$v":"ବାତିଲ କରନ୍ତୁ"},{"$i":"tcl-dialer","$v":"ଡାୟଲର୍"},{"$i":"tcl-confirmation","$v":"ନିଶ୍ଚିତକରଣ"},{"$i":"log-item","$v":"ବିକଳ୍ପଗୁଡିକ"},{"$i":"tcl-assign-speed-dial","$v":{"$o":["\"",{"t":"idOrVar","v":"speedDial"},"\" ବଟନ୍‌ରେ ସମ୍ପର୍କ  ସ୍ପିଡ୍ ଡାୟଲ୍ ଭାବରେ ଯୋଡାଯାଇ ନାହିଁ। <br><br>ବର୍ତ୍ତମାନ ନ୍ୟସ୍ତ କରିବେ?"]}},{"$i":"tcl-assign","$v":"ନ୍ୟସ୍ତ କରନ୍ତୁ"},{"$i":"select","$v":"ଚୟନ କରନ୍ତୁ"},{"$i":"deselect","$v":"ଅଣଚୟନ କରନ୍ତୁ"},{"$i":"view-all","$v":"ସମସ୍ତ ଦେଖନ୍ତୁ"},{"$i":"search-results","$v":"ସନ୍ଧାନ ଫଳାଫଳଗୁଡିକ"},{"$i":"no-recent-numbers","$v":"ଡାଏଲ୍ କରିବାକୁ କଲ୍ ଲଗ୍‌ରେ ସମ୍ପ୍ରତି କୌଣସି ନମ୍ବର ନାହିଁ |"},{"$i":"wifi-calling","$v":"Wi-Fi କଲିଙ୍ଗ୍"},{"$i":"dialer-prompt","$v":"କଲ୍‌ରେ ଯୋଡିବାକୁ ନମ୍ଵର ଡାୟଲ୍ କରନ୍ତୁ କିମ୍ୱା ସମ୍ପର୍କ ଚୟନ କରନ୍ତୁ"},{"$i":"hours","$v":"ଘଣ୍ଟା"},{"$i":"minutes","$v":"ମିନିଟ୍"},{"$i":"seconds","$v":"ସେକେଣ୍ଡ"},{"$i":"voiceMail","$v":"ଭଏସ୍‌ମେଲ୍"},{"$i":"weekday-0-long","$v":"ରବିବାର"},{"$i":"weekday-1-long","$v":"ସୋମବାର"},{"$i":"weekday-2-long","$v":"ମଙ୍ଗଳବାର"},{"$i":"weekday-3-long","$v":"ବୁଧବାର"},{"$i":"weekday-4-long","$v":"ଗୁରୁବାର"},{"$i":"weekday-5-long","$v":"ଶୁକ୍ରବାର"},{"$i":"weekday-6-long","$v":"ଶନିବାର"},{"$i":"weekday-0-short","$v":"ରବି"},{"$i":"weekday-1-short","$v":"ସୋମ"},{"$i":"weekday-2-short","$v":"ମଙ୍ଗଳବାର"},{"$i":"weekday-3-short","$v":"ବୁଧ"},{"$i":"weekday-4-short","$v":"ଗୁରୁବାର"},{"$i":"weekday-5-short","$v":"ଶୁକ୍ର"},{"$i":"weekday-6-short","$v":"ଶନି"},{"$i":"month-0-long","$v":"ଜାନୁଆରୀ"},{"$i":"month-1-long","$v":"ଫେବୃଆରୀ"},{"$i":"month-2-long","$v":"ମାର୍ଚ୍ଚ"},{"$i":"month-3-long","$v":"ଏପ୍ରିଲ୍"},{"$i":"month-4-long","$v":"ମେ"},{"$i":"month-5-long","$v":"ଜୁନ୍"},{"$i":"month-6-long","$v":"ଜୁଲାଇ"},{"$i":"month-7-long","$v":"ଅଗଷ୍ଟ"},{"$i":"month-8-long","$v":"ସେପ୍ଟେମ୍ୱର୍"},{"$i":"month-9-long","$v":"ଅକ୍ଟୋବର"},{"$i":"month-10-long","$v":"ନଭେମ୍ୱର୍"},{"$i":"month-11-long","$v":"ଡିସେମ୍ଵର"},{"$i":"month-0-genitive","$v":"ଜାନୁଆରୀ"},{"$i":"month-1-genitive","$v":"ଫେବୃଆରୀ"},{"$i":"month-2-genitive","$v":"ମାର୍ଚ୍ଚ"},{"$i":"month-3-genitive","$v":"ଏପ୍ରିଲ୍"},{"$i":"month-4-genitive","$v":"ମେ"},{"$i":"month-5-genitive","$v":"ଜୁନ୍"},{"$i":"month-6-genitive","$v":"ଜୁଲାଇ"},{"$i":"month-7-genitive","$v":"ଅଗଷ୍ଟ"},{"$i":"month-8-genitive","$v":"ସେପ୍ଟେମ୍ୱର୍"},{"$i":"month-9-genitive","$v":"ଅକ୍ଟୋବର"},{"$i":"month-10-genitive","$v":"ନଭେମ୍ୱର୍"},{"$i":"month-11-genitive","$v":"ଡିସେମ୍ଵର"},{"$i":"month-0-short","$v":"ଜାନୁଆରୀ"},{"$i":"month-1-short","$v":"ଫେବୃଆରୀ"},{"$i":"month-2-short","$v":"ମାର୍ଚ୍ଚ"},{"$i":"month-3-short","$v":"ଏପ୍ରିଲ୍"},{"$i":"month-4-short","$v":"ମେ"},{"$i":"month-5-short","$v":"ଜୁନ୍"},{"$i":"month-6-short","$v":"ଜୁଲାଇ"},{"$i":"month-7-short","$v":"ଅଗଷ୍ଟ"},{"$i":"month-8-short","$v":"ସେପ୍ଟେମ୍ବର୍‌"},{"$i":"month-9-short","$v":"ଅକ୍ଟୋବର"},{"$i":"month-10-short","$v":"ନଭେମ୍ବର"},{"$i":"month-11-short","$v":"ଡିସେମ୍ବର"},{"$i":"minutes-ago-long","$v":{"zero":"ସାଙ୍ଗେସାଙ୍ଗେ","one":"ଏକ ମିନିଟ୍‌ ପୂର୍ବେ","two":[{"t":"idOrVar","v":"value"}," ମିନିଟ୍ ପୂର୍ବେ"],"few":[{"t":"idOrVar","v":"value"}," ମିନିଟ୍ ପୂର୍ବେ"],"many":[{"t":"idOrVar","v":"value"}," ମିନିଟ୍ ପୂର୍ବେ"],"other":[{"t":"idOrVar","v":"value"}," ମିନିଟ୍ ପୂର୍ବେ"]},"$x":[{"t":"idOrVar","v":"plural"},"value"]},{"$i":"hours-ago-long","$v":{"zero":"ସାଙ୍ଗେସାଙ୍ଗେ","one":"ଏକ ଘଣ୍ଟା ପୂର୍ବେ","two":[{"t":"idOrVar","v":"value"}," ଘଣ୍ଟା ପୂର୍ବେ"],"few":[{"t":"idOrVar","v":"value"}," ଘଣ୍ଟା ପୂର୍ବେ"],"many":[{"t":"idOrVar","v":"value"}," ଘଣ୍ଟା ପୂର୍ବେ"],"other":[{"t":"idOrVar","v":"value"}," ଘଣ୍ଟା ପୂର୍ବେ"]},"$x":[{"t":"idOrVar","v":"plural"},"value"]},{"$i":"days-ago-long","$v":{"zero":"ଆଜି","one":"ଗତକାଲି","two":[{"t":"idOrVar","v":"value"}," ଦିନ ପୂର୍ବେ"],"few":[{"t":"idOrVar","v":"value"}," ଦିନ ପୂର୍ବେ"],"many":[{"t":"idOrVar","v":"value"}," ଦିନ ପୂର୍ବେ"],"other":[{"t":"idOrVar","v":"value"}," ଦିନ ପୂର୍ବେ"]},"$x":[{"t":"idOrVar","v":"plural"},"value"]},{"$i":"weeks-ago-long","$v":{"zero":"ଏହି ସପ୍ତାହ","one":"ଗତ ସପ୍ତାହ","two":[{"t":"idOrVar","v":"value"}," ସପ୍ତାହ ପୂର୍ବେ"],"few":[{"t":"idOrVar","v":"value"}," ସପ୍ତାହ ପୂର୍ବେ"],"many":[{"t":"idOrVar","v":"value"}," ସପ୍ତାହ ପୂର୍ବେ"],"other":[{"t":"idOrVar","v":"value"}," ସପ୍ତାହ ପୂର୍ବେ"]},"$x":[{"t":"idOrVar","v":"plural"},"value"]},{"$i":"months-ago-long","$v":{"zero":"ଏହି ମାସ","one":"ଗତ ମାସ","two":[{"t":"idOrVar","v":"value"}," ମାସ ପୂର୍ବେ"],"few":[{"t":"idOrVar","v":"value"}," ମାସ ପୂର୍ବେ"],"many":[{"t":"idOrVar","v":"value"}," ମାସ ପୂର୍ବେ"],"other":[{"t":"idOrVar","v":"value"}," ମାସ ପୂର୍ବେ"]},"$x":[{"t":"idOrVar","v":"plural"},"value"]},{"$i":"years-ago-long","$v":{"zero":"ଏହି ବର୍ଷ","one":"ଗତ ବର୍ଷ","two":[{"t":"idOrVar","v":"value"}," ବର୍ଷ ପୂର୍ବେ"],"few":[{"t":"idOrVar","v":"value"}," ବର୍ଷ ପୂର୍ବେ"],"many":[{"t":"idOrVar","v":"value"}," ବର୍ଷ ପୂର୍ବେ"],"other":[{"t":"idOrVar","v":"value"}," ବର୍ଷ ପୂର୍ବେ"]},"$x":[{"t":"idOrVar","v":"plural"},"value"]},{"$i":"minutes-until-long","$v":{"zero":"ବର୍ତ୍ତମାନ","one":"ଏକ ମିନିଟ୍‌ ରେ","two":[{"t":"idOrVar","v":"value"}," ମିନିଟ୍‌ରେ"],"few":[{"t":"idOrVar","v":"value"}," ମିନିଟ୍‌ରେ"],"many":[{"t":"idOrVar","v":"value"}," ମିନିଟ୍‌ରେ"],"other":[{"t":"idOrVar","v":"value"}," ମିନିଟ୍‌ରେ"]},"$x":[{"t":"idOrVar","v":"plural"},"value"]},{"$i":"hours-until-long","$v":{"zero":"ବର୍ତ୍ତମାନ","one":"ଏକ ଘଣ୍ଟାରେ","two":[{"t":"idOrVar","v":"value"}," ଘଣ୍ଟାରେ"],"few":[{"t":"idOrVar","v":"value"}," ଘଣ୍ଟାରେ"],"many":[{"t":"idOrVar","v":"value"}," ଘଣ୍ଟାରେ"],"other":[{"t":"idOrVar","v":"value"}," ଘଣ୍ଟାରେ"]},"$x":[{"t":"idOrVar","v":"plural"},"value"]},{"$i":"days-until-long","$v":{"zero":"ଆଜି","one":"ଆସନ୍ତାକାଲି","two":[{"t":"idOrVar","v":"value"}," ଦିନରେ"],"few":[{"t":"idOrVar","v":"value"}," ଦିନରେ"],"many":[{"t":"idOrVar","v":"value"}," ଦିନରେ"],"other":[{"t":"idOrVar","v":"value"}," ଦିନରେ"]},"$x":[{"t":"idOrVar","v":"plural"},"value"]},{"$i":"weeks-until-long","$v":{"zero":"ଏହି ସପ୍ତାହ","one":"ପରବର୍ତ୍ତୀ ସପ୍ତାହ","two":[{"t":"idOrVar","v":"value"}," ସପ୍ତାହରେ"],"few":[{"t":"idOrVar","v":"value"}," ସପ୍ତାହରେ"],"many":[{"t":"idOrVar","v":"value"}," ସପ୍ତାହରେ"],"other":[{"t":"idOrVar","v":"value"}," ସପ୍ତାହରେ"]},"$x":[{"t":"idOrVar","v":"plural"},"value"]},{"$i":"months-until-long","$v":{"zero":"ଏହି ମାସ","one":"ପରବର୍ତ୍ତୀ ମାସ","two":[{"t":"idOrVar","v":"value"}," ମାସରେ"],"few":[{"t":"idOrVar","v":"value"}," ମାସରେ"],"many":[{"t":"idOrVar","v":"value"}," ମାସରେ"],"other":[{"t":"idOrVar","v":"value"}," ମାସରେ"]},"$x":[{"t":"idOrVar","v":"plural"},"value"]},{"$i":"years-until-long","$v":{"zero":"ଏହି ବର୍ଷ","one":"ପରବର୍ତ୍ତୀ ବର୍ଷ","two":[{"t":"idOrVar","v":"value"}," ବର୍ଷରେ"],"few":[{"t":"idOrVar","v":"value"}," ବର୍ଷରେ"],"many":[{"t":"idOrVar","v":"value"}," ବର୍ଷରେ"],"other":[{"t":"idOrVar","v":"value"}," ବର୍ଷରେ"]},"$x":[{"t":"idOrVar","v":"plural"},"value"]},{"$i":"minutes-ago-short","$v":{"zero":"ସାଙ୍ଗେସାଙ୍ଗେ","other":[{"t":"idOrVar","v":"value"},"m ପୂର୍ବେ"]},"$x":[{"t":"idOrVar","v":"plural"},"value"]},{"$i":"hours-ago-short","$v":{"zero":"ସାଙ୍ଗେସାଙ୍ଗେ","other":[{"t":"idOrVar","v":"value"},"h ପୂର୍ବେ"]},"$x":[{"t":"idOrVar","v":"plural"},"value"]},{"$i":"days-ago-short","$v":{"zero":"ଆଜି","other":[{"t":"idOrVar","v":"value"},"d ପୂର୍ବେ"]},"$x":[{"t":"idOrVar","v":"plural"},"value"]},{"$i":"minutes-until-short","$v":{"zero":"ବର୍ତ୍ତମାନ","other":[{"t":"idOrVar","v":"value"}," ମାସରେ"]},"$x":[{"t":"idOrVar","v":"plural"},"value"]},{"$i":"hours-until-short","$v":{"zero":"ବର୍ତ୍ତମାନ","other":[{"t":"idOrVar","v":"value"}," ଘଣ୍ଟାରେ"]},"$x":[{"t":"idOrVar","v":"plural"},"value"]},{"$i":"days-until-short","$v":{"zero":"ଆଜି","other":[{"t":"idOrVar","v":"value"}," ଦିନରେ"]},"$x":[{"t":"idOrVar","v":"plural"},"value"]},{"$i":"incorrectDate","$v":"(ଭୁଲ୍ ତାରିଖ)"},{"$i":"dateTimeFormat_%c","$v":"%a %b %e %Y %I:%M:%S %p"},{"$i":"dateTimeFormat_%x","$v":"%m/%d/%Y"},{"$i":"dateTimeFormat_%X","$v":"%I:%M:%S %p"},{"$i":"shortTimeFormat","$v":"%I:%M %p"},{"$i":"shortTimeFormat12","$v":"%I:%M %p"},{"$i":"shortTimeFormat24","$v":"%H:%M"},{"$i":"shortDateTimeFormat","$v":"%x %I:%M %p"},{"$i":"weekStartsOnMonday","$v":"0"},{"$i":"firstDayOfTheWeek","$v":"0"},{"$i":"time_am","$v":"AM"},{"$i":"time_pm","$v":"PM"},{"$i":"label","$v":"ଲେବଲ୍"},{"$i":"mobile","$v":"ମୋବାଇଲ୍"},{"$i":"home","$v":"ହୋମ୍"},{"$i":"work","$v":"ୱର୍କ"},{"$i":"personal","$v":"ବ୍ୟକ୍ତିଗତ"},{"$i":"faxHome","$v":"Fax ହୋମ୍"},{"$i":"faxOffice","$v":"ଫ୍ୟାକ୍ସ ଅଫିସ୍‌"},{"$i":"faxOther","$v":"ଅନ୍ୟ Fax"},{"$i":"another","$v":"ଅନ୍ୟ"},{"$i":"other","$v":"ଅନ୍ୟ"},{"$i":"tcl-customTag","$v":"କଷ୍ଟମ୍ ଟ୍ୟାଗ"},{"$i":"customTag","$v":"କଷ୍ଟମ୍ ଟ୍ୟାଗ","placeholder":"କଷ୍ଟମ୍ ଟ୍ୟାଗ"},{"$i":"current","$v":"ସମ୍ପ୍ରତି"},{"$i":"itemWithLabel","$v":[{"t":"idOrVar","v":"label"},", ",{"t":"idOrVar","v":"item"}]},{"$i":"airplaneMode","$v":"ଏୟାର୍‌ପ୍ଲେନ୍ ମୋଡ୍"},{"$i":"searching","$v":"ସନ୍ଧାନ ହେଉଛି…"},{"$i":"noNetwork","$v":"କୌଣସି ନେଟ୍‌ୱାର୍କ୍ ନାହିଁ"},{"$i":"roaming","$v":[{"t":"idOrVar","v":"operator"}," (ରୋମିଂ)"]},{"$i":"operator-info","$v":[{"t":"idOrVar","v":"carrier"}," ",{"t":"idOrVar","v":"region"}]},{"$i":"emergencyCallsOnly","$v":"କେବଳ ଜରୁରୀକାଳୀନ କଲ୍‌"},{"$i":"emergencyCallsOnly-unknownSIMState","$v":"(ଅଜ୍ଞାତ ସିମ୍‌ ସ୍ଥିତି)"},{"$i":"emergencyCallsOnly-noSIM","$v":"(ସିମ୍‌ ନାହିଁ)"},{"$i":"emergencyCallsOnly-pinRequired","$v":"(ସିମ୍‌ ପିନ୍‌ ଆବଶ୍ୟକ)"},{"$i":"emergencyCallsOnly-pukRequired","$v":"(ସିମ୍ PUK ଆବଶ୍ୟକ)"},{"$i":"emergencyCallsOnly-networkLocked","$v":"(ନେଟ୍‌ୱାର୍କ୍‌ ଲକ୍ ହୋଇଛି)"},{"$i":"emergencyCallsOnly-serviceProviderLocked","$v":"(ସେବା ପ୍ରଦାନକାରୀ ଲକ୍ ହୋଇଛି)"},{"$i":"emergencyCallsOnly-corporateLocked","$v":"(କର୍ପୋରେଟ୍‌ ଲକ୍ ହୋଇଛି)"},{"$i":"emergencyCallsOnly-network1Locked","$v":"(ନେଟ୍‌ୱାର୍କ୍‌1 ଲକ୍‌ ହୋଇଛି)"},{"$i":"emergencyCallsOnly-network2Locked","$v":"(ନେଟ୍‌ୱାର୍କ୍‌2 ଲକ୍‌ ହୋଇଛି)"},{"$i":"emergencyCallsOnly-hrpdNetworkLocked","$v":"(hrpd ନେଟ୍‌ୱାର୍କ୍ ଲକ୍ ହୋଇଛି)"},{"$i":"emergencyCallsOnly-ruimCorporateLocked","$v":"(ruim କର୍ପୋରେଟ୍‌ ଲକ୍ ହୋଇଛି)"},{"$i":"emergencyCallsOnly-ruimServiceProviderLocked","$v":"(ruim ସେବା ପ୍ରଦାନକାରୀ ଲକ୍ ହୋଇଛି)"},{"$i":"lockscreen-sim-id","$v":["ସିମ୍‌ ",{"t":"idOrVar","v":"n"}]},{"$i":"charging-no-time","$v":[{"t":"idOrVar","v":"level"},"% ଚାର୍ଜ୍‌ ହୋଇଛି"]},{"$i":"charging-minutes","$v":{"zero":[{"t":"idOrVar","v":"level"},"% ଚାର୍ଜ୍‌ ହୋଇଛି (ସମ୍ପୂର୍ଣ୍ଣ ଚାର୍ଜ୍‌ ହେବାକୁ ",{"t":"idOrVar","v":"minutes"}," ମିନିଟ୍‌ ସମୟ ଲାଗିବ)"],"one":[{"t":"idOrVar","v":"level"},"% ଚାର୍ଜ୍‌ ହୋଇଛି (ସମ୍ପୂର୍ଣ୍ଣ ଚାର୍ଜ୍‌ ହେବାକୁ ",{"t":"idOrVar","v":"minutes"}," ମିନିଟ୍‌ ସମୟ ଲାଗିବ)"],"two":[{"t":"idOrVar","v":"level"},"% ଚାର୍ଜ୍‌ ହୋଇଛି (ସମ୍ପୂର୍ଣ୍ଣ ଚାର୍ଜ୍‌ ହେବାକୁ ",{"t":"idOrVar","v":"minutes"}," ମିନିଟ୍‌ ସମୟ ଲାଗିବ)"],"few":[{"t":"idOrVar","v":"level"},"% ଚାର୍ଜ୍‌ ହୋଇଛି (ସମ୍ପୂର୍ଣ୍ଣ ଚାର୍ଜ୍‌ ହେବାକୁ ",{"t":"idOrVar","v":"minutes"}," ମିନିଟ୍‌ ସମୟ ଲାଗିବ)"],"many":[{"t":"idOrVar","v":"level"},"% ଚାର୍ଜ୍‌ ହୋଇଛି (ସମ୍ପୂର୍ଣ୍ଣ ଚାର୍ଜ୍‌ ହେବାକୁ ",{"t":"idOrVar","v":"minutes"}," ମିନିଟ୍‌ ସମୟ ଲାଗିବ)"],"other":[{"t":"idOrVar","v":"level"},"% ଚାର୍ଜ୍‌ ହୋଇଛି (ସମ୍ପୂର୍ଣ୍ଣ ଚାର୍ଜ୍‌ ହେବାକୁ ",{"t":"idOrVar","v":"minutes"}," ମିନିଟ୍‌ ସମୟ ଲାଗିବ)"]},"$x":[{"t":"idOrVar","v":"plural"},"minutes"]},{"$i":"charging-hours","$v":{"zero":[{"t":"idOrVar","v":"level"},"% ଚାର୍ଜ୍‌ ହୋଇଛି (ସମ୍ପୂର୍ଣ୍ଣ ଚାର୍ଜ୍‌ ହେବାକୁ ",{"t":"idOrVar","v":"hours"},"ଘଣ୍ଟା ",{"t":"idOrVar","v":"minutes"}," ମିନିଟ୍‌ ସମୟ ଲାଗିବ)"],"one":[{"t":"idOrVar","v":"level"},"% ଚାର୍ଜ୍‌ ହୋଇଛି (ସମ୍ପୂର୍ଣ୍ଣ ଚାର୍ଜ୍‌ ହେବାକୁ ",{"t":"idOrVar","v":"hours"},"ଘଣ୍ଟା ",{"t":"idOrVar","v":"minutes"}," ମିନିଟ୍‌ ସମୟ ଲାଗିବ)"],"two":[{"t":"idOrVar","v":"level"},"% ଚାର୍ଜ୍‌ ହୋଇଛି (ସମ୍ପୂର୍ଣ୍ଣ ଚାର୍ଜ୍‌ ହେବାକୁ ",{"t":"idOrVar","v":"hours"},"ଘଣ୍ଟା ",{"t":"idOrVar","v":"minutes"}," ମିନିଟ୍‌ ସମୟ ଲାଗିବ)"],"few":[{"t":"idOrVar","v":"level"},"% ଚାର୍ଜ୍‌ ହୋଇଛି (ସମ୍ପୂର୍ଣ୍ଣ ଚାର୍ଜ୍‌ ହେବାକୁ ",{"t":"idOrVar","v":"hours"},"ଘଣ୍ଟା ",{"t":"idOrVar","v":"minutes"}," ମିନିଟ୍‌ ସମୟ ଲାଗିବ)"],"many":[{"t":"idOrVar","v":"level"},"% ଚାର୍ଜ୍‌ ହୋଇଛି (ସମ୍ପୂର୍ଣ୍ଣ ଚାର୍ଜ୍‌ ହେବାକୁ ",{"t":"idOrVar","v":"hours"},"ଘଣ୍ଟା ",{"t":"idOrVar","v":"minutes"}," ମିନିଟ୍‌ ସମୟ ଲାଗିବ)"],"other":[{"t":"idOrVar","v":"level"},"% ଚାର୍ଜ୍‌ ହୋଇଛି (ସମ୍ପୂର୍ଣ୍ଣ ଚାର୍ଜ୍‌ ହେବାକୁ ",{"t":"idOrVar","v":"hours"},"ଘଣ୍ଟା ",{"t":"idOrVar","v":"minutes"}," ମିନିଟ୍‌ ସମୟ ଲାଗିବ)"]},"$x":[{"t":"idOrVar","v":"plural"},"minutes"]},{"$i":"phoneNumberInput","ariaLabel":"ଫୋନ୍ ନମ୍ଵର"},{"$i":"keypadDelete","ariaLabel":"ବିଲୋପ କରନ୍ତୁ"},{"$i":"voiceMailKey","ariaLabel":"ଭଏସ୍‌ମେଲ୍"},{"$i":"asterisk","ariaLabel":"ଆଷ୍ଟ୍ରେରିସ୍କ୍ ଚିହ୍ନ"},{"$i":"hashSign","ariaLabel":"ହାଶ୍ ସାଇନ୍"},{"$i":"loadingSimContacts","$v":"ସିମ୍‌ କାର୍ଡ୍ ସମ୍ପର୍କଗୁଡିକ ଲୋଡ୍ ହେଉଛି..."},{"$i":"noContactsWereFound","$v":"କୌଣସି ସମ୍ପର୍କ ମିଳିଲା ନାହିଁ"},{"$i":"noContactsFoundDialogOk","$v":"ଓକେ"},{"$i":"emergencyNumber","$v":"ଜରୁରୀକାଳୀନ ନମ୍ଵର"},{"$i":"callAirplaneModeMessage","$v":"କଲ୍ କରିବାକୁ ଆପଣଙ୍କ ସେଟିଂସରେ ଏୟାର୍‌ପ୍ଲେନ୍ ମୋଡ୍ ଅକ୍ଷମ କରିବା ଆବଶ୍ୟକ।"},{"$i":"callAirplaneModeBtnOk","$v":"ଓକେ"},{"$i":"callAirplaneModeTitle","$v":"ଏୟାର୍‌ପ୍ଲେନ୍ ମୋଡ୍ ସକ୍ରିୟ ହୋଇଛି"},{"$i":"numberIsBusyTitle","$v":"ନମ୍ଵର ବ୍ୟସ୍ତ"},{"$i":"numberIsBusyMessage","$v":"ନମ୍ଵର ବର୍ତ୍ତମାନ ବ୍ୟସ୍ତ ଅଛି। ଦୟାକରି ପରେ ପୁନଃଚେଷ୍ଟା କରନ୍ତୁ।"},{"$i":"fdnIsActiveTitle","$v":"FDN‌ ସକ୍ରିୟ ଅଛି"},{"$i":"fdnIsActiveMessage","$v":["FDN‌ (ଫିକ୍ସଡ୍ ଡାୟଲିଂ ନମ୍ବର) ସକ୍ରିୟ ହୋଇଛି ଏବଂ ନିମ୍ନଲିଖିତ ନମ୍ଵର ଆପଣଙ୍କ FDN‌ ଲିଷ୍ଟ୍‌ରେ ନାହିଁ: ",{"t":"idOrVar","v":"number"}]},{"$i":"emergencyDialogBodyBadNumber","$v":"କଲ୍ କରିବାକୁ, ଫୋନଟି ଏକ ନେଟୱାର୍କ ସହ ସଂଯୋଜିତ ରହିବା ଆବଶ୍ୟକ।"},{"$i":"emergencyDialogBodyDeviceNotAccepted","$v":"ଏହି ନେଟ୍‌ୱାର୍କ୍ ଦ୍ୱାରା ଜରୁରୀକାଳୀନ କଲ୍‌ର ଅନୁମତି ନାହିଁ |"},{"$i":"emergencyDialogBtnOk","$v":"ଓକେ"},{"$i":"emergencyDialogTitle","$v":"କିଛି ନେଟ୍‍ୱାର୍କ ସଂଯୋଗ ନାହିଁ"},{"$i":"invalidNumberToDialTitle","$v":"ଅବୈଧ ଫୋନ୍ ନମ୍ୱର"},{"$i":"invalidNumberToDialMessage","$v":"ଆପଣ କଲ୍ କରୁଥିବା ଫୋନ୍ ନମ୍ଵର ବୈଧ ନୁହେଁ।"},{"$i":"unableToCallTitle","$v":"ବର୍ତ୍ତମାନ ଫୋନ୍ କଲ୍ କରିବାକୁ ଅସମର୍ଥ"},{"$i":"unableToCallMessage","$v":"କଲ୍ କରିପାରିବେ ନାହିଁ | ଯଦି ଆପଣ ପୂର୍ବରୁ ଡାୟଲ୍ କରୁଛନ୍ତି, ଦୟାକରି ପ୍ରଥମେ ହ୍ୟାଙ୍ଗ ଅପ୍‌ କରନ୍ତୁ |"},{"$i":"otherConnectionInUseTitle","$v":"ଅନ୍ୟ ସଂଯୋଜନା ବ୍ୟବହାର ହେଉଛି"},{"$i":"otherConnectionInUseMessage","$v":"ଅନ୍ୟ ସଂଯୋଜନାରେ ଆପଣଙ୍କର ଏକ ସକ୍ରିୟ କଲ୍ ଅଛି। ଆପଣ ଏକ ସମୟରେ ଗୋଟିଏ ସଂଯୋଜନା ବ୍ୟବହାର କରିପାରିବେ |"},{"$i":"clear","$v":"ଖାଲି କରନ୍ତୁ"},{"$i":"dialer","$v":"ଡାୟଲର୍"},{"$i":"tcl-incomming-call","$v":"ଆଗମନ କଲ୍"},{"$i":"tcl-in-call","$v":"କଲ‌୍‌ରେ"},{"$i":"tcl-answer","$v":"ଉତ୍ତର ଦିଅନ୍ତୁ"},{"$i":"tcl-end-answer","$v":"ସମାପ୍ତି କରନ୍ତୁ ଏବଂ ଉତ୍ତର ଦିଅନ୍ତୁ"},{"$i":"tcl-decline","$v":"ଅସ୍ବୀକାର"},{"$i":"tcl-mute","$v":"ମ୍ୟୁଟ୍ କରନ୍ତୁ"},{"$i":"tcl-unmute","$v":"ଅନ୍‌ମ୍ୟୁଟ୍ କରନ୍ତୁ"},{"$i":"tcl-speaker","$v":"ସ୍ପିକର୍"},{"$i":"tcl-speaker-off","$v":"ସ୍ପିକର୍ ଅଫ୍"},{"$i":"tcl-microphone-mute-notification","$v":"ମାଇକ୍ରୋଫୋନ୍‌ ମ୍ୟୁଟ୍ ହୋଇଛି"},{"$i":"tcl-microphone-active-notification","$v":"ମାଇକ୍ରୋଫୋନ୍‌ ସକ୍ରିୟ ଅଛି"},{"$i":"tcl-speaker-off-notification","$v":"ବାହ୍ୟ ସ୍ପିକର୍ ଅଫ୍ ହୋଇଛି"},{"$i":"tcl-speaker-on-notification","$v":"ବାହ୍ୟ ସ୍ପିକର୍ ଅନ୍‌ ହୋଇଛି"},{"$i":"tcl-hold-and-answer","$v":"ଧରି ରଖନ୍ତୁ ଏବଂ ଉତ୍ତର ଦିଅନ୍ତୁ"},{"$i":"tcl-ignore-call","$v":"ଆଗମନ କଲ୍‌କୁ ଉପେକ୍ଷା କରନ୍ତୁ"},{"$i":"tcl-add-to-call","$v":"କଲ୍‌ ଯୋଡ଼ନ୍ତୁ"},{"$i":"tcl-switch-to-second-line","$v":"କଲ୍ ସ୍ବାପ୍ କରନ୍ତୁ"},{"$i":"tcl-merge-calls","$v":"କଲଗୁଡିକ ମର୍ଜ୍ କରନ୍ତୁ"},{"$i":"btnOk","$v":"ଓକେ"},{"$i":"losing-wifi-msg","$v":"wifi ହରାଉଛନ୍ତି"},{"$i":"hd","$v":"HD"},{"$i":"manage-call","$v":"କଲ୍ ପରିଚାଳନା କରନ୍ତୁ"},{"$i":"end","$v":"କଲ୍ ସମାପ୍ତ କରନ୍ତୁ"},{"$i":"private","$v":"ବ୍ୟକ୍ତିଗତ"},{"$i":"sound","$v":"ଧ୍ଵନି"},{"$i":"bluetooth-device","$v":"ବ୍ଲୁଟୁଥ୍ ଡିଭାଇସ୍"},{"$i":"handset-earpiece","$v":"ହ୍ୟାଣ୍ଡ୍‌ସେଟ୍‌"},{"$i":"call-ended","$v":"କଲ୍ ଶେଷ ହୋଇଛି"},{"$i":"payphone","$v":"ପେଫୋନ୍"},{"$i":"contact","$v":"ସମ୍ପର୍କ"},{"$i":"volume","$v":"ଭଲ୍ୟୁମ୍"},{"$i":"softkey-options","$v":"ବିକଳ୍ପଗୁଡିକ"},{"$i":"resume-call","$v":"କଲ୍ ପୁନର୍ବାର ଆରମ୍ଭ କରନ୍ତୁ"},{"$i":"switch-to-device-toast","$v":"ବ୍ଲୁଟୁଥ୍ ଡିଭାଇସକୁ ସ୍ୱିଚ୍‌ ହୋଇଛି"},{"$i":"switch-to-handset-toast","$v":"ହ୍ୟାଣ୍ଡସେଟ୍‌ ଇୟରପୀସ ଡିଭାଇସକୁ ସ୍ୱିଚ୍‌ ହୋଇଛି"},{"$i":"switch-to-speaker-toast","$v":"ସ୍ପିକରକୁ ସ୍ୱିଚ୍‌ ହୋଇଛି"},{"$i":"emergency-call","$v":"ଏକ ଜରୁରୀକାଳୀନ କଲ୍ ଅଛି ।"},{"$i":"link","$v":"ଲିଙ୍କ୍:"},{"$i":"call-left-conference-toast","$v":[{"t":"idOrVar","v":"number"}," କଲ୍ ପରିତ୍ୟାଗ କରି ଦେଇଛି"]}]