[{"$i":"tcl-calllog-entry-removed-succ-notification","$v":"ਕਾਲ ਲੌਗ ਐਂਟਰੀ ਨੂੰ ਹਟਾਇਆ ਗਿਆ"},{"$i":"tcl-calllog-entry-removed-err-notification","$v":"ਕਾਲ ਲੌਗ ਐਂਟਰੀ ਨੂੰ ਹਟਾ ਨਹੀਂ ਸਕਦੇ"},{"$i":"addNewNumber","$v":"ਨਵਾਂ ਨੰਬਰ ਜੋੜੋ"},{"$i":"contactDetails","$v":"ਸੰਪਰਕ ਵੇਰਵੇ"},{"$i":"addToExistingContact","$v":"ਮੌਜੂਦਾ ਸੰਪਰਕ ਵਿੱਚ ਜੋੜੋ"},{"$i":"all","$v":"ਸਾਰੇ","ariaLabel":"ਸਾਰੇ"},{"$i":"bluetoothOption","$v":""},{"$i":"callLog","$v":"ਕਾਲ ਲੌਗ"},{"$i":"callLogEdit","title":"ਕਾਲ ਲੌਗ ਸੰਪਾਦਿਤ ਕਰੋ"},{"$i":"tcl-option-menu-call-log-edit","$v":"ਕਾਲ ਲੌਗ ਸੰਪਾਦਿਤ ਕਰੋ"},{"$i":"callLogEditDialog","ariaLabel":"ਕਾਲ ਲੌਗ ਡਾਇਲੌਗ ਸੰਪਾਦਿਤ ਕਰੋ"},{"$i":"tcl-call-log-delete-group-notification","$v":[{"t":"idOrVar","v":"n"}," ਐਂਟਰੀਆਂ ਮਿਟਾਈਆਂ ਗਈਆਂ"]},{"$i":"connecting","$v":"ਕਾਲਿੰਗ"},{"$i":"connectingEllipsis","$v":"ਕਨੈਕਟ ਕਰ ਰਿਹਾ ਹੈ..."},{"$i":"call-forwarding-async","$v":["ਅਸਿੰਕਰਨਸ: ",{"t":"idOrVar","v":"async"}]},{"$i":"call-forwarding-data","$v":["ਡੇਟਾ: ",{"t":"idOrVar","v":"data"}]},{"$i":"call-forwarding-error","$v":"ਕਾਲ ਫਾਰਵਰਡਿੰਗ ਸਥਿਤੀ ਨੂੰ ਪ੍ਰਾਪਤ ਕਰਦੇ ਵੇਲੇ ਇੱਕ ਤਰੁੱਟੀ ਹੋਈ ਹੈ"},{"$i":"call-forwarding-fax","$v":["FAX: ",{"t":"idOrVar","v":"fax"}]},{"$i":"call-forwarding-inactive","$v":"ਨਿਸ਼ਕਿਰਿਆ"},{"$i":"call-forwarding-packet","$v":["ਪੈਕਟ: ",{"t":"idOrVar","v":"packet"}]},{"$i":"call-forwarding-pad","$v":["PAD: ",{"t":"idOrVar","v":"pad"}]},{"$i":"call-forwarding-sms","$v":["SMS: ",{"t":"idOrVar","v":"sms"}]},{"$i":"call-forwarding-status","$v":"ਕਾਲ ਫਾਰਵਰਡਿੰਗ ਸਥਿਤੀ"},{"$i":"call-forwarding-sync","$v":["ਸਿੰਕ੍ਰਨਸ: ",{"t":"idOrVar","v":"sync"}]},{"$i":"call-forwarding-voice","$v":["ਵੌਇਸ: ",{"t":"idOrVar","v":"voice"}]},{"$i":"close","$v":"ਬੰਦ ਕਰੋ"},{"$i":"confirm-deletion","$v":"ਚੁਣਿੰਦਾ ਕਾਲ ਮਿਟਾਓ?"},{"$i":"contacts","ariaLabel":"ਸੰਪਰਕ"},{"$i":"createNewContact","$v":"ਨਵਾਂ ਸੰਪਰਕ ਬਣਾਓ"},{"$i":"delete","$v":"ਮਿਟਾਓ"},{"$i":"calllog-deselectAll","$v":"ਸਾਰਿਆਂ ਨੂੰ ਅਣਚੁਣਿਆ ਕਰੋ"},{"$i":"dialerAddContact","$v":""},{"$i":"dialerAddContactDialog","ariaLabel":"ਸੰਪਰਕ ਡਾਇਲੌਗ ਜੋੜੋ"},{"$i":"callInformation","$v":"ਕਾਲ ਜਾਣਕਾਰੀ"},{"$i":"edit-selected","$v":{"one":["ਚੁਣਿਆ ਗਿਆ (",{"t":"idOrVar","v":"n"},")"],"two":["ਚੁਣਿਆ ਗਿਆ (",{"t":"idOrVar","v":"n"},")"],"few":["ਚੁਣਿਆ ਗਿਆ (",{"t":"idOrVar","v":"n"},")"],"many":["ਚੁਣਿਆ ਗਿਆ (",{"t":"idOrVar","v":"n"},")"],"other":["ਚੁਣਿਆ ਗਿਆ (",{"t":"idOrVar","v":"n"},")"]},"$x":[{"t":"idOrVar","v":"plural"},"n"]},{"$i":"tcl-edit-not-selected","$v":"ਚੁਣਿਆ ਗਿਆ (0)"},{"$i":"edit","$v":"ਸੰਪਾਦਿਤ ਕਰੋ"},{"$i":"hideKeypad","ariaLabel":"ਕੀਪੈਡ ਲੁਕਾਓ"},{"$i":"ignore","$v":""},{"$i":"incoming","$v":"ਇਨਕਮਿੰਗ"},{"$i":"keypad","ariaLabel":"ਕੀਪੈਡ"},{"$i":"makeCall","$v":""},{"$i":"merge","$v":""},{"$i":"info-missed","$v":"ਮਿਸਡ"},{"$i":"missed","$v":"ਮਿਸਡ","ariaLabel":"ਮਿਸਡ"},{"$i":"dialed","$v":"ਡਾਇਲ ਕੀਤਾ ਗਿਆ"},{"$i":"received","$v":"ਪ੍ਰਾਪਤ ਹੋਇਆ"},{"$i":"canceled","$v":"ਰੱਦ ਕੀਤਾ ਗਿਆ"},{"$i":"missedCall","$v":"ਮਿਸਡ ਕਾਲ"},{"$i":"missedCallMultiSims","$v":["(ਸਿਮ ",{"t":"idOrVar","v":"n"},") ਮਿੱਸਡ ਕਾਲ"]},{"$i":"mmi-error","$v":"ਸੰਦੇਸ਼ ਭੇਜਣ ਵੇਲੇ ਇੱਕ ਤਰੁੱਟੀ ਹੋਈ ਹੈ"},{"$i":"mmi-session-expired","$v":"ਸੈਸ਼ਨ ਦੀ ਸਮਾਂ ਸੀਮਾਂ ਸਮਾਪਤ"},{"$i":"mmi-successfully-sent","$v":"ਸੰਦੇਸ਼ ਸਫ਼ਲਤਾਪੂਰਵਕ ਭੇਜਿਆ ਗਿਆ"},{"$i":"mmi-notification-title-with-sim","$v":["(",{"t":"idOrVar","v":"sim"},") ",{"t":"idOrVar","v":"title"}]},{"$i":"mute","$v":""},{"$i":"newCall","$v":""},{"$i":"no-logs-msg-1","$v":"ਕੋਈ ਕਾਲ ਰਿਕਾਰਡ ਨਹੀਂ ਹੋਈ"},{"$i":"no-logs-msg-2","$v":"ਹੁਣ ਸੰਪਰਕ ਕਰਨਾ ਸ਼ੁਰੂ ਕਰੋ"},{"$i":"no-logs-msg-3","$v":"ਕੋਈ ਕਾਲ ਰਿਕਾਰਡ ਨਹੀਂ ਹੋਈ"},{"$i":"no-logs-msg-4","$v":"ਹੁਣ ਸੰਪਰਕ ਕਰਨਾ ਸ਼ੁਰੂ ਕਰੋ"},{"$i":"onHoldOption","$v":""},{"$i":"outgoing","$v":"ਆਊਟਗੋਇੰਗ"},{"$i":"recents","ariaLabel":"ਹਾਲ ਹੀ ਦੀਆਂ ਕਾਲਾਂ"},{"$i":"reply","$v":"ਜਵਾਬ ਦਿਓ"},{"$i":"calllog-selectAll","$v":"ਸਾਰੇ ਚੁਣੋ"},{"$i":"send","$v":"ਭੇਜੋ"},{"$i":"switch-calls","$v":"ਕਾਲ ਸਵਿਚ ਕਰੋ"},{"$i":"today","$v":"ਅੱਜ"},{"$i":"withheld-number","$v":"ਅਗਿਆਤ"},{"$i":"from-contact","$v":[{"t":"idOrVar","v":"contact"}," ਤੋਂ"]},{"$i":"from-number","$v":[{"t":"idOrVar","v":"number"}," ਤੋਂ"]},{"$i":"from-withheld-number","$v":"ਅਗਿਆਤ ਨੰਬਰ ਤੋਂ"},{"$i":"yesterday","$v":"ਗੁਜ਼ਰਿਆ ਹੋਇਆ ਕੱਲ"},{"$i":"sending","$v":"ਭੇਜਿਆ ਜਾ ਰਿਹਾ ਹੈ..."},{"$i":"speakerOption","$v":""},{"$i":"ussd-services","$v":[{"t":"idOrVar","v":"operator"}," ਸੇਵਾਵਾਂ"]},{"$i":"toggleKeypad","$v":""},{"$i":"type-your-response","placeholder":"ਆਪਣਾ ਜਵਾਬ ਲਿਖੋ ..."},{"$i":"clear-all-text","$v":"ਸਾਰਾ ਟੈਕਸਟ ਮਿਟਾਓ"},{"$i":"hide","$v":"ਲੁਕਾਓ"},{"$i":"call","$v":"ਕਾਲ ਕਰੋ"},{"$i":"hold","$v":"ਹੋਲਡ"},{"$i":"resume","$v":"ਦੁਬਾਰਾ ਸ਼ੁਰੂ ਕਰੋ","ariaLabel":"ਦੁਬਾਰਾ ਸ਼ੁਰੂ ਕਰੋ"},{"$i":"sendSms","$v":"ਸੰਦੇਸ਼ ਭੇਜੋ"},{"$i":"callEnded","$v":"ਕਾਲ ਸਮਾਪਤ ਹੋਈ"},{"$i":"via-sim","$v":["ਸਿਮ ",{"t":"idOrVar","v":"n"}," ਦੁਆਰਾ"]},{"$i":"sim-number","$v":["ਸਿਮ ",{"t":"idOrVar","v":"n"}]},{"$i":"unknown","$v":"ਅਗਿਆਤ"},{"$i":"cancel","$v":"ਰੱਦ ਕਰੋ"},{"$i":"hangup-a11y-button","$v":""},{"$i":"pickup-a11y-button","$v":""},{"$i":"unlock-a11y-button","ariaLabel":"ਸਲਾਇਡਰ"},{"$i":"settings","$v":"ਸੈਟਿੰਗਸ"},{"$i":"tcl-delete-log","$v":"ਕੀ ਤੁਸੀਂ ਕਾਲ ਲੌਗ ਤੋਂ ਚੁਣਿੰਦਾ ਐਂਟਰੀਆਂ ਨੂੰ ਮਿਟਾਉਣਾ ਚਾਹੁੰਦੇ ਹੋ?"},{"$i":"delete-n-log?","$v":{"zero":"ਕੋਈ ਵੀ ਨਹੀਂ ਚੁਣਿਆ","one":"ਚੁਣਿੰਦਾ ਲੌਗ ਨੂੰ ਮਿਟਾਓ?","two":[{"t":"idOrVar","v":"n"}," ਲੌਗ ਮਿਟਾਓ?"],"few":[{"t":"idOrVar","v":"n"}," ਲੌਗ ਮਿਟਾਓ?"],"many":[{"t":"idOrVar","v":"n"}," ਲੌਗ ਮਿਟਾਓ?"],"other":[{"t":"idOrVar","v":"n"}," ਲੌਗ ਮਿਟਾਓ?"]},"$x":[{"t":"idOrVar","v":"plural"},"n"]},{"$i":"composeEmail","ariaLabel":"ਈਮੇਲ"},{"$i":"emailDetail","ariaLabel":"ਈਮੇਲ"},{"$i":"phoneDetail","ariaLabel":"ਫੋਨ"},{"$i":"send-sms-button","ariaLabel":"SMS"},{"$i":"separator","$v":","},{"$i":"callDurationMinutes","$v":[{"t":"idOrVar","v":"m"},":",{"t":"idOrVar","v":"s"}]},{"$i":"callDurationHours","$v":[{"t":"idOrVar","v":"h"},":",{"t":"idOrVar","v":"m"},":",{"t":"idOrVar","v":"s"}]},{"$i":"callDurationTextFormatSeconds","$v":[{"t":"idOrVar","v":"s"}," ਸੈਕੰਡ"]},{"$i":"callDurationTextFormatMinutes","$v":[{"t":"idOrVar","v":"m"}," ਮਿੰਟ ",{"t":"idOrVar","v":"s"}," ਸੈਕਿੰਡ"]},{"$i":"callDurationTextFormatHours","$v":[{"t":"idOrVar","v":"h"},"ਘੰਟੇ ",{"t":"idOrVar","v":"m"}," ਮਿੰਟ ",{"t":"idOrVar","v":"s"}," ਸੈਕੰਡ"]},{"$i":"suggestionMatches","$v":{"one":["\"",{"t":"idOrVar","v":"matchNumber"},"\" ਦੇ ਲਈ ",{"t":"idOrVar","v":"n"}," ਮੈਚ"],"two":["\"",{"t":"idOrVar","v":"matchNumber"},"\" ਦੇ ਲਈ ",{"t":"idOrVar","v":"n"}," ਮੈਚ"],"few":["\"",{"t":"idOrVar","v":"matchNumber"},"\" ਦੇ ਲਈ ",{"t":"idOrVar","v":"n"}," ਮੈਚ"],"many":["\"",{"t":"idOrVar","v":"matchNumber"},"\" ਦੇ ਲਈ ",{"t":"idOrVar","v":"n"}," ਮੈਚ"],"other":["\"",{"t":"idOrVar","v":"matchNumber"},"\" ਦੇ ਲਈ ",{"t":"idOrVar","v":"n"}," ਮੈਚ"]},"$x":[{"t":"idOrVar","v":"plural"},"n"]},{"$i":"scCallBarring","$v":"ਕਾਲ ਬੈਰਿੰਗ"},{"$i":"scCallForwarding","$v":"ਕਾਲ ਫਾਰਵਰਡਿੰਗ"},{"$i":"scClip","$v":"ਇਨਕਮਿੰਗ ਕਾਲਰ ID"},{"$i":"scClir","$v":"ਆਊਟਗੋਇੰਗ ਕਾਲਰ ID"},{"$i":"scPwd","$v":"ਪਾਸਵਰਡ ਬਦਲੋ"},{"$i":"scCallWaiting","$v":"ਕਾਲ ਉਡੀਕ ਵਿੱਚ ਹੈ"},{"$i":"scPin","$v":"ਪਿਨ ਬਦਲੋ"},{"$i":"scPin2","$v":"ਪਿਨ2 ਬਦਲੋ"},{"$i":"scPuk","$v":"ਪਿਨ ਅਨਬਲੌਕ ਕਰੋ"},{"$i":"scPuk2","$v":"ਪਿਨ2 ਅਨਬਲੌਕ ਕਰੋ"},{"$i":"scImei","$v":"IMEI"},{"$i":"scMeid","$v":"MEID"},{"$i":"scUssd","$v":"USSD"},{"$i":"serviceClassVoice","$v":"ਵੌਇਸ"},{"$i":"serviceClassData","$v":"ਡੇਟਾ"},{"$i":"serviceClassFax","$v":"FAX"},{"$i":"serviceClassSms","$v":"SMS"},{"$i":"serviceClassDataSync","$v":"ਸਿੰਕ"},{"$i":"serviceClassDataAsync","$v":"ਅਸਿੰਕ"},{"$i":"serviceClassPacket","$v":"ਪੈਕੇਟ"},{"$i":"serviceClassPad","$v":"PAD"},{"$i":"smServiceEnabled","$v":"ਸੇਵਾ ਕਾਰਜਸ਼ੀਲ ਹੋਈ"},{"$i":"smServiceDisabled","$v":"ਸੇਵਾ ਨੂੰ ਅਕਿਰਿਆਸ਼ੀਲ ਕੀਤਾ ਹੈ"},{"$i":"smServiceRegistered","$v":"ਪੰਜੀਕਰਣ ਸਫਲ ਰਿਹਾ"},{"$i":"smServiceErased","$v":"ਮਿਟਾਉਣਾ ਸਫਲ ਰਿਹਾ"},{"$i":"smServiceInterrogated","$v":"ਬੇਨਤੀ ਸਫ਼ਲ ਰਹੀ"},{"$i":"smServiceNotProvisioned","$v":"ਸੇਵਾ ਦਾ ਪ੍ਰਬੰਧ ਨਹੀਂ ਹੈ"},{"$i":"smClirPermanent","$v":"ਤੁਸੀਂ ਕਾਲਰ ID ਸੈਟਿੰਗਸ ਨਹੀਂ ਬਦਲ ਸਕਦੇ"},{"$i":"smClirDefaultOnNextCallOn","$v":"ਕਾਲਰ ID ਡਿਫੌਲਟ ਦੇ ਤੌਰ ਤੇ ਪ੍ਰਤਿਬੰਧਿਤ ਹੈ। ਅਗਲੀ ਕਾਲ: ਪ੍ਰਤਿਬੰਧਿਤ"},{"$i":"smClirDefaultOnNextCallOff","$v":"ਕਾਲਰ ID ਡਿਫੌਲਟ ਦੇ ਤੌਰ ਤੇ ਪ੍ਰਤਿਬੰਧਿਤ ਹੈ। ਅਗਲੀ ਕਾਲ: ਪ੍ਰਤਿਬੰਧਿਤ ਨਹੀਂ"},{"$i":"smClirDefaultOffNextCallOn","$v":"ਕਾਲਰ ID ਡਿਫੌਲਟ ਦੇ ਤੌਰ ਤੇ ਪ੍ਰਤਿਬੰਧਿਤ ਨਹੀਂ ਹੈ। ਅਗਲੀ ਕਾਲ: ਪ੍ਰਤਿਬੰਧਿਤ"},{"$i":"smClirDefaultOffNextCallOff","$v":"ਕਾਲਰ ID ਡਿਫੌਲਟ ਦੇ ਤੌਰ ਤੇ ਪ੍ਰਤਿਬੰਧਿਤ ਨਹੀਂ ਹੈ। ਅਗਲੀ ਕਾਲ: ਪ੍ਰਤਿਬੰਧਿਤ ਨਹੀਂ"},{"$i":"smServiceEnabledFor","$v":"ਇਸ ਲਈ ਸੇਵਾ ਕਾਰਜਸ਼ੀਲ ਹੈ :"},{"$i":"smPinChanged","$v":"ਪਿਨ ਸਫ਼ਲਤਾਪੂਰਵਕ ਬਦਲਿਆ ਗਿਆ"},{"$i":"smPinUnblocked","$v":"ਪਿਨ ਸਫ਼ਲਤਾਪੂਰਵਕ ਅਨਬਲੌਕ ਕੀਤਾ ਗਿਆ"},{"$i":"smPin2Changed","$v":"ਪਿਨ2 ਸਫ਼ਲਤਾਪੂਰਵਕ ਬਦਲਿਆ ਗਿਆ"},{"$i":"smPin2Unblocked","$v":"ਪਿਨ2 ਸਫ਼ਲਤਾਪੂਰਵਕ ਅਨਬਲੌਕ ਕੀਤਾ ਗਿਆ"},{"$i":"ServiceIsEnabled","$v":"ਸੇਵਾ ਕਾਰਜਸ਼ੀਲ ਹੈ"},{"$i":"ServiceIsDisabled","$v":"ਸੇਵਾ ਅਕਿਰਿਆਸ਼ੀਲ ਹੈ"},{"$i":"ServiceIsEnabledFor","$v":"ਇਸ ਲਈ ਸੇਵਾ ਕਾਰਜਸ਼ੀਲ ਹੈ:"},{"$i":"emMmiError","$v":"ਕਨੈਕਸ਼ਨ ਸਮੱਸਿਆ ਜਾਂ ਅਵੈਧ MMI ਕੋਡ"},{"$i":"emMmiErrorPasswordIncorrect","$v":"ਗਲਤ ਪਾਸਵਰਡ"},{"$i":"emMmiErrorNotSupported","$v":"ਅਵੈਧ ਜਾਂ ਅਸਮਰੱਥਿਤ MMI ਕੋਡ"},{"$i":"emMmiErrorInvalidAction","$v":"ਅਵੈਧ ਕਾਰਵਾਈ"},{"$i":"emMmiErrorInvalidScCode","$v":"ਅਵੈਧ ਸੇਵਾ ਕੋਡ"},{"$i":"emMmiErrorBadPuk","$v":"ਤੁਹਾਡੇ ਦੁਆਰਾ ਲਿਖਿਆ PUK ਸਹੀ ਨਹੀਂ ਹੈ"},{"$i":"emMmiErrorBadPin","$v":"ਤੁਹਾਡੇ ਦੁਆਰਾ ਲਿਖਿਆ ਪੁਰਾਣਾ ਪਿਨ ਸਹੀ ਨਹੀਂ ਹੈ।"},{"$i":"emMmiErrorNeedPuk2","$v":"ਸਿਮ ਕਾਰਡ ਅਨਬਲੌਕ ਕਰਨ ਲਈ PUK2 ਲਿਖੋ"},{"$i":"emMmiErrorMismatchPin","$v":"ਤੁਹਾਡੇ ਦੁਆਰਾ ਲਿਖੇ ਪਿਨ ਮੇਲ ਨਹੀਂ ਹੁੰਦੇ"},{"$i":"emMmiErrorInvalidPin","$v":"4 ਤੋਂ 8 ਨੰਬਰ ਦਾ ਪਿਨ ਲਿਖੋ"},{"$i":"emMmiErrorNeedsPuk","$v":"ਤੁਹਾਡੇ ਸਿਮ ਕਾਰਡ ਵਿੱਚ PUK ਲੌਕ ਹੈ"},{"$i":"emMmiErrorEnablePin","$v":"ਅਸਫਲ। SIM/RUIM ਲੌਕ ਕਾਰਜਸ਼ੀਲ ਕਰੋ"},{"$i":"emMmiErrorMmiFdn","$v":"ਆਪਰੇਸ਼ਨ ਕੇਵਲ ਫਿਕਸਡ ਡਾਇਲਿੰਗ ਨੰਬਰਾਂ ਤੱਕ ਹੀ ਸੀਮਿਤ ਹੈ"},{"$i":"emMmiErrorStkCcUssdDial","$v":"USSD ਬੇਨਤੀ ਡਾਇਲ ਬੇਨਤੀ ਵਿੱਚ ਸੰਸ਼ੋਧਿਤ ਕੀਤੀ ਗਈ ਹੈ"},{"$i":"emMmiErrorStkCcUssdSs","$v":"USSD ਬੇਨਤੀ SS ਬੇਨਤੀ ਵਿੱਚ ਸੰਸ਼ੋਧਿਤ ਕੀਤੀ ਗਈ ਹੈ"},{"$i":"emMmiErrorStkCcUssdUssd","$v":"USSD ਬੇਨਤੀ ਨਵੀਂ USSD ਬੇਨਤੀ ਵਿੱਚ ਸੰਸ਼ੋਧਿਤ ਕੀਤੀ ਗਈ ਹੈ"},{"$i":"emMmiErrorStkCcSsDial","$v":"SS ਬੇਨਤੀ ਨੂੰ ਡਾਇਲ ਬੇਨਤੀ ਵਿੱਚ ਸੰਸ਼ੋਧਿਤ ਕੀਤਾ ਗਿਆ ਹੈ"},{"$i":"emMmiErrorStkCcSsUssd","$v":"SS ਬੇਨਤੀ ਨੂੰ USSD ਬੇਨਤੀ ਵਿੱਚ ਸੰਸ਼ੋਧਿਤ ਕੀਤਾ ਗਿਆ ਹੈ"},{"$i":"emMmiErrorStkCcSsSs","$v":"SS ਬੇਨਤੀ ਨੂੰ ਨਵੀਂ SS ਬੇਨਤੀ ਵਿੱਚ ਸੰਸ਼ੋਧਿਤ ਕੀਤਾ ਗਿਆ ਹੈ"},{"$i":"emMmiErrorPinPukAttempts","$v":{"one":["ਕੇਵਲ ",{"t":"idOrVar","v":"n"}," ਕੋਸ਼ਿਸ਼ ਬਾਕੀ ਹੈ"],"two":[{"t":"idOrVar","v":"n"}," ਪੁਨਰਕੋਸ਼ਿਸ਼ ਬਾਕੀ ਹੈ"],"few":[{"t":"idOrVar","v":"n"}," ਪੁਨਰਕੋਸ਼ਿਸ਼ ਬਾਕੀ ਹੈ"],"many":[{"t":"idOrVar","v":"n"}," ਪੁਨਰਕੋਸ਼ਿਸ਼ ਬਾਕੀ ਹੈ"],"other":[{"t":"idOrVar","v":"n"}," ਪੁਨਰਕੋਸ਼ਿਸ਼ ਬਾਕੀ ਹੈ"]},"$x":[{"t":"idOrVar","v":"plural"},"n"]},{"$i":"emMmiErrorSimBlocked","$v":"ਮੁੜ ਕੋਸ਼ਿਸ਼ਾਂ ਦੀ ਅਧਿਕਤਮ ਸੰਖਿਆ ਵੱਧ ਹੋ ਗਈ ਹੈ। ਸਿਮ ਬਲੌਕ ਹੈ।"},{"$i":"RadioNotAvailable","$v":"ਰੇਡੀਓ ਉਪਲਬਧ ਨਹੀਂ ਹੈ"},{"$i":"GenericFailure","$v":"ਸਧਾਰਣ ਅਸਫਲਤਾ"},{"$i":"PasswordIncorrect","$v":"ਪਾਸਵਰਡ ਗਲਤ ਹੈ"},{"$i":"SimPin2","$v":"ਸਿਮ ਪਿਨ 2"},{"$i":"SimPuk2","$v":"ਸਿਮ PUK2"},{"$i":"RequestNotSupported","$v":"ਬੇਨਤੀ ਸਮਰੱਥਿਤ ਨਹੀਂ ਹੈ"},{"$i":"OpNotAllowedDuringVoiceCall","$v":"ਵੌਇਸ ਕਾਲ ਦੌਰਾਨ ਆਪਰੇਸ਼ਨ ਦੀ ਇਜਾਜ਼ਤ ਨਹੀਂ ਹੈ"},{"$i":"SmsSendFailRetry","$v":"SMS ਭੇਜਣਾ ਅਸਫਲ ਰਿਹਾ ਦੁਬਾਰਾ ਕੋਸ਼ਿਸ਼ ਕਰੋ"},{"$i":"SimAbsent","$v":"ਸਿਮ ਮੌਜੂਦ ਨਹੀਂ ਹੈ"},{"$i":"SubscriptionNotAvailable","$v":"ਸਬਸਕ੍ਰਿਪਸ਼ਨ ਉਪਲਬਧ ਨਹੀਂ ਹੈ"},{"$i":"ModeNotSupported","$v":"ਮੋਡ ਸਮਰੱਥਿਤ ਨਹੀਂ"},{"$i":"FdnCheckFailure","$v":"FDN ਅਸਫਲਤਾ ਦੀ ਜਾਂਚ ਕਰੋ"},{"$i":"IllegalSimOrMe","$v":"ਅਵੈਧ ਸਿਮ ਜਾਂ ME"},{"$i":"DialModifiedToUssd","$v":"ਡਾਇਲ ਨੂੰ USSD ਤੇ ਬਦਲਿਆ ਗਿਆ ਹੈ ਹੈ"},{"$i":"DialModifiedToSs","$v":"ਡਾਇਲ ਨੂੰ SS ਤੇ ਬਦਲਿਆ ਗਿਆ ਹੈ"},{"$i":"DialModifiedToDial","$v":"ਡਾਇਲ ਨੂੰ ਡਾਇਲ ਤੇ ਬਦਲਿਆ ਗਿਆ ਹੈ"},{"$i":"UssdModifiedToDial","$v":"USSD ਨੂੰ ਡਾਇਲ ਵਿੱਚ ਸੰਸ਼ੋਧਿਤ ਕੀਤਾ ਗਿਆ"},{"$i":"UssdModifiedToSs","$v":"SS ਨੂੰ USSD ਵਿੱਚ ਸੰਸ਼ੋਧਿਤ ਕੀਤਾ ਗਿਆ"},{"$i":"UssdModifiedToUssd","$v":"USSD ਨੂੰ USSD ਵਿੱਚ ਸੰਸ਼ੋਧਿਤ ਕੀਤਾ ਗਿਆ"},{"$i":"SsModifiedToDial","$v":"SS ਨੂੰ ਡਾਇਲ ਵਿੱਚ ਸੰਸ਼ੋਧਿਤ ਕੀਤਾ ਗਿਆ"},{"$i":"SsModifiedToUssd","$v":"SS ਨੂੰ USSD ਵਿੱਚ ਸੰਸ਼ੋਧਿਤ ਕੀਤਾ ਗਿਆ"},{"$i":"SsModifiedToSs","$v":"SS ਨੂੰ SS ਵਿੱਚ ਸੰਸ਼ੋਧਿਤ ਕੀਤਾ ਗਿਆ"},{"$i":"SubscriptionNotSupported","$v":"ਸਬਸਕ੍ਰਿਪਸ਼ਨ ਸਮਰੱਥਿਤ ਨਹੀਂ ਹੈ"},{"$i":"InvalidParameter","$v":"ਅਵੈਧ ਪੈਰਾਮੀਟਰ"},{"$i":"RejectedByRemote","$v":"ਰਿਮੋਟ ਦੁਆਰਾ ਅਸਵੀਕਾਰ ਕੀਤਾ"},{"$i":"conferenceCall","$v":["ਕਾਨਫਰੰਸ (",{"t":"idOrVar","v":"n"},")"]},{"$i":"caller-left-call","$v":[{"t":"idOrVar","v":"caller"}," ਕਾਲ ਛੱਡ ਦਿੱਤੀ ਹੈ।"]},{"$i":"conferenceAddError","$v":"ਕਾਲ ਮਰਜ ਕਰਨ ਵਿੱਚ ਅਸਮੱਰਥ"},{"$i":"conferenceRemoveError","$v":"ਕਾਲ ਨੂੰ ਅਨਮਰਜ ਕਰਨ ਵਿੱਚ ਅਸਮੱਰਥ"},{"$i":"longDateFormat","$v":"%A, %b %e"},{"$i":"select-audio-sources","$v":"ਆਡੀਓ ਸਰੋਤ ਚੁਣੋ"},{"$i":"bluetooth-handsfree-device","$v":"ਬਲੂਟੁੱਥ ਹੈਂਡਫਰੀ ਡਿਵਾਇਸ"},{"$i":"receiver","$v":"ਪ੍ਰਾਪਤ ਕਰਤਾ"},{"$i":"speaker","$v":"ਸਪੀਕਰ"},{"$i":"tcl-cancel","$v":"ਰੱਦ ਕਰੋ"},{"$i":"tcl-dialer","$v":"ਡਾਇਲਰ"},{"$i":"tcl-confirmation","$v":"ਪੁਸ਼ਟੀਕਰਨ"},{"$i":"log-item","$v":"ਵਿਕਲਪ"},{"$i":"tcl-assign-speed-dial","$v":{"$o":["ਸੰਪਰਕ ਨੂੰ \"",{"t":"idOrVar","v":"speedDial"},"\" ਬਟਨ ਤੇ ਸਪੀਡ ਡਾਇਲ ਵਜੋਂ ਨਹੀਂ ਜੋੜਿਆ ਗਿਆ ਸੀ।<br><br> ਹੁਣ ਅਸਾਇਨ ਕਰਨਾ ਚਾਹੁੰਦੇ ਹੋ?"]}},{"$i":"tcl-assign","$v":"ਅਸਾਈਨ ਕਰੋ"},{"$i":"select","$v":"ਚੁਣੋ"},{"$i":"deselect","$v":"ਅਣਚੁਣਿਆ ਕਰੋ"},{"$i":"view-all","$v":"ਸਾਰੇ ਦੇਖੋ"},{"$i":"search-results","$v":"ਸਰਚ ਦੇ ਨਤੀਜੇ"},{"$i":"no-recent-numbers","$v":"ਡਾਇਲ ਕਰਨ ਲਈ ਕਾਲ ਲੌਗ ਵਿੱਚ ਹਾਲ ਹੀ ਦੇ ਕੋਈ ਨੰਬਰ ਨਹੀਂ ਹਨ।"},{"$i":"wifi-calling","$v":"WiFi ਕਾਲਿੰਗ"},{"$i":"dialer-prompt","$v":"ਨੰਬਰ ਡਾਇਲ ਕਰੋ ਜਾਂ ਕਾਲ ਵਿੱਚ ਜੋੜਨ ਲਈ ਸੰਪਰਕ ਚੁਣੋ"},{"$i":"hours","$v":"ਘੰਟੇ"},{"$i":"minutes","$v":"ਮਿੰਟ"},{"$i":"seconds","$v":"ਸੈਕਿੰਡ"},{"$i":"voiceMail","$v":"ਵੌਇਸਮੇਲ"},{"$i":"weekday-0-long","$v":"ਐਤਵਾਰ"},{"$i":"weekday-1-long","$v":"ਸੋਮਵਾਰ"},{"$i":"weekday-2-long","$v":"ਮੰਗਲਵਾਰ"},{"$i":"weekday-3-long","$v":"ਬੁੱਧਵਾਰ"},{"$i":"weekday-4-long","$v":"ਵੀਰਵਾਰ"},{"$i":"weekday-5-long","$v":"ਸ਼ੁੱਕਰਵਾਰ"},{"$i":"weekday-6-long","$v":"ਸ਼ਨੀਵਾਰ"},{"$i":"weekday-0-short","$v":"ਐਤ"},{"$i":"weekday-1-short","$v":"ਸੋਮ"},{"$i":"weekday-2-short","$v":"ਮੰਗਲ"},{"$i":"weekday-3-short","$v":"ਬੁੱਧ"},{"$i":"weekday-4-short","$v":"ਵੀਰ"},{"$i":"weekday-5-short","$v":"ਸ਼ੁੱਕਰਵਾਰ"},{"$i":"weekday-6-short","$v":"ਸ਼ਨੀ"},{"$i":"month-0-long","$v":"ਜਨਵਰੀ"},{"$i":"month-1-long","$v":"ਫਰਵਰੀ"},{"$i":"month-2-long","$v":"ਮਾਰਚ"},{"$i":"month-3-long","$v":"ਅਪ੍ਰੈਲ"},{"$i":"month-4-long","$v":"ਮਈ"},{"$i":"month-5-long","$v":"ਜੂਨ"},{"$i":"month-6-long","$v":"ਜੁਲਾਈ"},{"$i":"month-7-long","$v":"ਅਗਸਤ"},{"$i":"month-8-long","$v":"ਸਤੰਬਰ"},{"$i":"month-9-long","$v":"ਅਕਤੂਬਰ"},{"$i":"month-10-long","$v":"ਨਵੰਬਰ"},{"$i":"month-11-long","$v":"ਦਸੰਬਰ"},{"$i":"month-0-genitive","$v":"ਜਨਵਰੀ"},{"$i":"month-1-genitive","$v":"ਫਰਵਰੀ"},{"$i":"month-2-genitive","$v":"ਮਾਰਚ"},{"$i":"month-3-genitive","$v":"ਅਪ੍ਰੈਲ"},{"$i":"month-4-genitive","$v":"ਮਈ"},{"$i":"month-5-genitive","$v":"ਜੂਨ"},{"$i":"month-6-genitive","$v":"ਜੁਲਾਈ"},{"$i":"month-7-genitive","$v":"ਅਗਸਤ"},{"$i":"month-8-genitive","$v":"ਸਤੰਬਰ"},{"$i":"month-9-genitive","$v":"ਅਕਤੂਬਰ"},{"$i":"month-10-genitive","$v":"ਨਵੰਬਰ"},{"$i":"month-11-genitive","$v":"ਦਸੰਬਰ"},{"$i":"month-0-short","$v":"ਜਨਵਰੀ"},{"$i":"month-1-short","$v":"ਫਰਵਰੀ"},{"$i":"month-2-short","$v":"ਮਾਰਚ"},{"$i":"month-3-short","$v":"ਅਪ੍ਰੈਲ"},{"$i":"month-4-short","$v":"ਮਈ"},{"$i":"month-5-short","$v":"ਜੂਨ"},{"$i":"month-6-short","$v":"ਜੁਲਾਈ"},{"$i":"month-7-short","$v":"ਅਗਸਤ"},{"$i":"month-8-short","$v":"ਸਤੰਬਰ"},{"$i":"month-9-short","$v":"ਅਕਤੂਬਰ"},{"$i":"month-10-short","$v":"ਨਵੰਬਰ"},{"$i":"month-11-short","$v":"ਦਸੰਬਰ"},{"$i":"minutes-ago-long","$v":{"zero":"ਸਿਰਫ਼ ਹੁਣ","one":"ਇੱਕ ਮਿੰਟ ਪਹਿਲਾਂ","two":[{"t":"idOrVar","v":"value"}," ਮਿੰਟ ਪਹਿਲਾਂ"],"few":[{"t":"idOrVar","v":"value"}," ਮਿੰਟ ਪਹਿਲਾਂ"],"many":[{"t":"idOrVar","v":"value"}," ਮਿੰਟ ਪਹਿਲਾਂ"],"other":[{"t":"idOrVar","v":"value"}," ਮਿੰਟ ਪਹਿਲਾਂ"]},"$x":[{"t":"idOrVar","v":"plural"},"value"]},{"$i":"hours-ago-long","$v":{"zero":"ਸਿਰਫ਼ ਹੁਣ","one":"ਇੱਕ ਘੰਟਾ ਪਹਿਲਾਂ","two":[{"t":"idOrVar","v":"value"}," ਘੰਟੇ ਪਹਿਲਾਂ"],"few":[{"t":"idOrVar","v":"value"}," ਘੰਟੇ ਪਹਿਲਾਂ"],"many":[{"t":"idOrVar","v":"value"}," ਘੰਟੇ ਪਹਿਲਾਂ"],"other":[{"t":"idOrVar","v":"value"}," ਘੰਟੇ ਪਹਿਲਾਂ"]},"$x":[{"t":"idOrVar","v":"plural"},"value"]},{"$i":"days-ago-long","$v":{"zero":"ਅੱਜ","one":"ਗੁਜ਼ਰਿਆ ਹੋਇਆ ਕੱਲ","two":[{"t":"idOrVar","v":"value"}," ਦਿਨ ਪਹਿਲਾਂ"],"few":[{"t":"idOrVar","v":"value"}," ਦਿਨ ਪਹਿਲਾਂ"],"many":[{"t":"idOrVar","v":"value"}," ਦਿਨ ਪਹਿਲਾਂ"],"other":[{"t":"idOrVar","v":"value"}," ਦਿਨ ਪਹਿਲਾਂ"]},"$x":[{"t":"idOrVar","v":"plural"},"value"]},{"$i":"weeks-ago-long","$v":{"zero":"ਇਹ ਹਫ਼ਤਾ","one":"ਪਿਛਲਾ ਹਫ਼ਤਾ","two":[{"t":"idOrVar","v":"value"}," ਹਫ਼ਤੇ ਪਹਿਲਾਂ"],"few":[{"t":"idOrVar","v":"value"}," ਹਫ਼ਤੇ ਪਹਿਲਾਂ"],"many":[{"t":"idOrVar","v":"value"}," ਹਫ਼ਤੇ ਪਹਿਲਾਂ"],"other":[{"t":"idOrVar","v":"value"}," ਹਫ਼ਤੇ ਪਹਿਲਾਂ"]},"$x":[{"t":"idOrVar","v":"plural"},"value"]},{"$i":"months-ago-long","$v":{"zero":"ਇਹ ਮਹੀਨਾ","one":"ਪਿਛਲਾ ਮਹੀਨਾ","two":[{"t":"idOrVar","v":"value"}," ਮਹੀਨੇ ਮਹੀਨਾ"],"few":[{"t":"idOrVar","v":"value"}," ਮਹੀਨੇ ਮਹੀਨਾ"],"many":[{"t":"idOrVar","v":"value"}," ਮਹੀਨੇ ਮਹੀਨਾ"],"other":[{"t":"idOrVar","v":"value"}," ਮਹੀਨੇ ਮਹੀਨਾ"]},"$x":[{"t":"idOrVar","v":"plural"},"value"]},{"$i":"years-ago-long","$v":{"zero":"ਇਹ ਸਾਲ","one":"ਪਿਛਲਾ ਸਾਲ","two":[{"t":"idOrVar","v":"value"}," ਸਾਲ ਪਹਿਲਾਂ"],"few":[{"t":"idOrVar","v":"value"}," ਸਾਲ ਪਹਿਲਾਂ"],"many":[{"t":"idOrVar","v":"value"}," ਸਾਲ ਪਹਿਲਾਂ"],"other":[{"t":"idOrVar","v":"value"}," ਸਾਲ ਪਹਿਲਾਂ"]},"$x":[{"t":"idOrVar","v":"plural"},"value"]},{"$i":"minutes-until-long","$v":{"zero":"ਹੁਣ","one":"ਇੱਕ ਮਿੰਟ ਵਿੱਚ","two":[{"t":"idOrVar","v":"value"}," ਮਿੰਟਾਂ ਵਿੱਚ"],"few":[{"t":"idOrVar","v":"value"}," ਮਿੰਟਾਂ ਵਿੱਚ"],"many":[{"t":"idOrVar","v":"value"}," ਮਿੰਟਾਂ ਵਿੱਚ"],"other":[{"t":"idOrVar","v":"value"}," ਮਿੰਟਾਂ ਵਿੱਚ"]},"$x":[{"t":"idOrVar","v":"plural"},"value"]},{"$i":"hours-until-long","$v":{"zero":"ਹੁਣ","one":"ਇੱਕ ਘੰਟੇ ਵਿੱਚ","two":[{"t":"idOrVar","v":"value"}," ਘੰਟਿਆਂ ਵਿੱਚ"],"few":[{"t":"idOrVar","v":"value"}," ਘੰਟਿਆਂ ਵਿੱਚ"],"many":[{"t":"idOrVar","v":"value"}," ਘੰਟਿਆਂ ਵਿੱਚ"],"other":[{"t":"idOrVar","v":"value"}," ਘੰਟਿਆਂ ਵਿੱਚ"]},"$x":[{"t":"idOrVar","v":"plural"},"value"]},{"$i":"days-until-long","$v":{"zero":"ਅੱਜ","one":"ਆਉਣ ਵਾਲਾ ਕੱਲ","two":[{"t":"idOrVar","v":"value"}," ਦਿਨਾਂ ਵਿੱਚ"],"few":[{"t":"idOrVar","v":"value"}," ਦਿਨਾਂ ਵਿੱਚ"],"many":[{"t":"idOrVar","v":"value"}," ਦਿਨਾਂ ਵਿੱਚ"],"other":[{"t":"idOrVar","v":"value"}," ਦਿਨਾਂ ਵਿੱਚ"]},"$x":[{"t":"idOrVar","v":"plural"},"value"]},{"$i":"weeks-until-long","$v":{"zero":"ਇਹ ਹਫ਼ਤਾ","one":"ਅਗਲਾ ਹਫ਼ਤਾ","two":[{"t":"idOrVar","v":"value"}," ਹਫ਼ਤਿਆਂ ਵਿੱਚ"],"few":[{"t":"idOrVar","v":"value"}," ਹਫ਼ਤਿਆਂ ਵਿੱਚ"],"many":[{"t":"idOrVar","v":"value"}," ਹਫ਼ਤਿਆਂ ਵਿੱਚ"],"other":[{"t":"idOrVar","v":"value"}," ਹਫ਼ਤਿਆਂ ਵਿੱਚ"]},"$x":[{"t":"idOrVar","v":"plural"},"value"]},{"$i":"months-until-long","$v":{"zero":"ਇਹ ਮਹੀਨਾ","one":"ਅਗਲਾ ਮਹੀਨਾ","two":[{"t":"idOrVar","v":"value"}," ਮਹੀਨਿਆਂ ਵਿੱਚ"],"few":[{"t":"idOrVar","v":"value"}," ਮਹੀਨਿਆਂ ਵਿੱਚ"],"many":[{"t":"idOrVar","v":"value"}," ਮਹੀਨਿਆਂ ਵਿੱਚ"],"other":[{"t":"idOrVar","v":"value"}," ਮਹੀਨਿਆਂ ਵਿੱਚ"]},"$x":[{"t":"idOrVar","v":"plural"},"value"]},{"$i":"years-until-long","$v":{"zero":"ਇਹ ਸਾਲ","one":"ਅਗਲਾ ਸਾਲ","two":[{"t":"idOrVar","v":"value"}," ਸਾਲਾਂ ਵਿੱਚ"],"few":[{"t":"idOrVar","v":"value"}," ਸਾਲਾਂ ਵਿੱਚ"],"many":[{"t":"idOrVar","v":"value"}," ਸਾਲਾਂ ਵਿੱਚ"],"other":[{"t":"idOrVar","v":"value"}," ਸਾਲਾਂ ਵਿੱਚ"]},"$x":[{"t":"idOrVar","v":"plural"},"value"]},{"$i":"minutes-ago-short","$v":{"zero":"ਸਿਰਫ਼ ਹੁਣ","other":[{"t":"idOrVar","v":"value"}," ਮਿੰਟ ਪਹਿਲਾਂ"]},"$x":[{"t":"idOrVar","v":"plural"},"value"]},{"$i":"hours-ago-short","$v":{"zero":"ਸਿਰਫ਼ ਹੁਣ","other":[{"t":"idOrVar","v":"value"}," ਘੰਟਾ ਪਹਿਲਾਂ"]},"$x":[{"t":"idOrVar","v":"plural"},"value"]},{"$i":"days-ago-short","$v":{"zero":"ਅੱਜ","other":[{"t":"idOrVar","v":"value"}," ਦਿਨ ਪਹਿਲਾਂ"]},"$x":[{"t":"idOrVar","v":"plural"},"value"]},{"$i":"minutes-until-short","$v":{"zero":"ਹੁਣ","other":[{"t":"idOrVar","v":"value"}," ਮਿੰਟ ਵਿੱਚ"]},"$x":[{"t":"idOrVar","v":"plural"},"value"]},{"$i":"hours-until-short","$v":{"zero":"ਹੁਣ","other":[{"t":"idOrVar","v":"value"}," ਘੰਟੇ ਵਿੱਚ"]},"$x":[{"t":"idOrVar","v":"plural"},"value"]},{"$i":"days-until-short","$v":{"zero":"ਅੱਜ","other":[{"t":"idOrVar","v":"value"}," ਦਿਨ ਵਿੱਚ"]},"$x":[{"t":"idOrVar","v":"plural"},"value"]},{"$i":"incorrectDate","$v":"(ਗਲਤ ਮਿਤੀ)"},{"$i":"dateTimeFormat_%c","$v":"%a %b %e %Y %I:%M:%S %p"},{"$i":"dateTimeFormat_%x","$v":"%m/%d/%Y"},{"$i":"dateTimeFormat_%X","$v":"%I:%M:%S %p"},{"$i":"shortTimeFormat","$v":"%I:%M %p"},{"$i":"shortTimeFormat12","$v":"%I:%M %p"},{"$i":"shortTimeFormat24","$v":"%H:%M"},{"$i":"shortDateTimeFormat","$v":"%x %I:%M %p"},{"$i":"weekStartsOnMonday","$v":"0"},{"$i":"firstDayOfTheWeek","$v":"0"},{"$i":"time_am","$v":"AM"},{"$i":"time_pm","$v":"PM"},{"$i":"label","$v":"ਲੇਬਲ"},{"$i":"mobile","$v":"ਮੋਬਾਈਲ"},{"$i":"home","$v":"ਹੋਮ"},{"$i":"work","$v":"ਵਰਕ"},{"$i":"personal","$v":"ਨਿੱਜੀ"},{"$i":"faxHome","$v":"Fax ਹੋਮ"},{"$i":"faxOffice","$v":"Fax ਆਫ਼ਿਸ"},{"$i":"faxOther","$v":"ਹੋਰ Fax"},{"$i":"another","$v":"ਹੋਰ"},{"$i":"other","$v":"ਹੋਰ"},{"$i":"tcl-customTag","$v":"ਕਸਟਮ ਟੈਗ"},{"$i":"customTag","$v":"ਕਸਟਮ ਟੈਗ","placeholder":"ਕਸਟਮ ਟੈਗ"},{"$i":"current","$v":"ਵਰਤਮਾਨ"},{"$i":"itemWithLabel","$v":[{"t":"idOrVar","v":"label"},", ",{"t":"idOrVar","v":"item"}]},{"$i":"airplaneMode","$v":"ਏਅਰਪਲੇਨ ਮੋਡ"},{"$i":"searching","$v":"ਖੋਜ ਕਰ ਰਿਹਾ ਹੈ..."},{"$i":"noNetwork","$v":"ਨੈਟਵਰਕ ਨਹੀਂ ਹੈ"},{"$i":"roaming","$v":[{"t":"idOrVar","v":"operator"}," (ਰੋਮਿੰਗ )"]},{"$i":"operator-info","$v":[{"t":"idOrVar","v":"carrier"}," ",{"t":"idOrVar","v":"region"}]},{"$i":"emergencyCallsOnly","$v":"ਕੇਵਲ ਆਪਾਤਕਾਲੀਨ ਕਾਲ"},{"$i":"emergencyCallsOnly-unknownSIMState","$v":"(ਅਗਿਆਤ ਸਿਮ ਸਥਿਤੀ)"},{"$i":"emergencyCallsOnly-noSIM","$v":"(ਕੋਈ ਸਿਮ ਨਹੀਂ)"},{"$i":"emergencyCallsOnly-pinRequired","$v":"(ਸਿਮ ਪਿਨ ਜਰੂਰੀ ਹੈ)"},{"$i":"emergencyCallsOnly-pukRequired","$v":"(ਸਿਮ PUK ਜਰੂਰੀ ਹੈ )"},{"$i":"emergencyCallsOnly-networkLocked","$v":"(ਨੈਟਵਰਕ ਲੌਕ ਹੈ )"},{"$i":"emergencyCallsOnly-serviceProviderLocked","$v":"(ਸੇਵਾ ਪ੍ਰਦਾਤਾ ਲੌਕ ਹੈ )"},{"$i":"emergencyCallsOnly-corporateLocked","$v":"(ਕਾਰਪੋਰੇਟ ਲੌਕ ਹੈ )"},{"$i":"emergencyCallsOnly-network1Locked","$v":"(ਨੈਟਵਰਕ1 ਲੌਕ ਹੈ।)"},{"$i":"emergencyCallsOnly-network2Locked","$v":"(ਨੈਟਵਰਕ2 ਲੌਕ ਹੈ)"},{"$i":"emergencyCallsOnly-hrpdNetworkLocked","$v":"(hrpd ਨੈਟਵਰਕ ਲੌਕ ਹੈ)"},{"$i":"emergencyCallsOnly-ruimCorporateLocked","$v":"(ruim ਕਾਰਪੋਰੇਟ ਲੌਕ ਹੈ)"},{"$i":"emergencyCallsOnly-ruimServiceProviderLocked","$v":"(ruim ਸੇਵਾ ਪ੍ਰਦਾਤਾ ਲੌਕ ਹੈ)"},{"$i":"lockscreen-sim-id","$v":["ਸਿਮ ",{"t":"idOrVar","v":"n"}]},{"$i":"charging-no-time","$v":[{"t":"idOrVar","v":"level"},"% ਚਾਰਜ ਹੈ"]},{"$i":"charging-minutes","$v":{"zero":[{"t":"idOrVar","v":"level"},"% ਚਾਰਜ ਹੈ (",{"t":"idOrVar","v":"minutes"}," ਮਿੰਟ ਪੂਰੀ ਤਰ੍ਹਾਂ ਚਾਰਜ ਹੋਣ ਤੱਕ)"],"one":[{"t":"idOrVar","v":"level"},"% ਚਾਰਜ ਹੈ (",{"t":"idOrVar","v":"minutes"}," ਮਿੰਟ ਪੂਰੀ ਤਰ੍ਹਾਂ ਚਾਰਜ ਹੋਣ ਤੱਕ)"],"two":[{"t":"idOrVar","v":"level"},"% ਚਾਰਜ ਹੈ (",{"t":"idOrVar","v":"minutes"}," ਮਿੰਟ ਪੂਰੀ ਤਰ੍ਹਾਂ ਚਾਰਜ ਹੋਣ ਤੱਕ)"],"few":[{"t":"idOrVar","v":"level"},"% ਚਾਰਜ ਹੈ (",{"t":"idOrVar","v":"minutes"}," ਮਿੰਟ ਪੂਰੀ ਤਰ੍ਹਾਂ ਚਾਰਜ ਹੋਣ ਤੱਕ)"],"many":[{"t":"idOrVar","v":"level"},"% ਚਾਰਜ ਹੈ (",{"t":"idOrVar","v":"minutes"}," ਮਿੰਟ ਪੂਰੀ ਤਰ੍ਹਾਂ ਚਾਰਜ ਹੋਣ ਤੱਕ)"],"other":[{"t":"idOrVar","v":"level"},"% ਚਾਰਜ ਹੈ (",{"t":"idOrVar","v":"minutes"}," ਮਿੰਟ ਪੂਰੀ ਤਰ੍ਹਾਂ ਚਾਰਜ ਹੋਣ ਤੱਕ)"]},"$x":[{"t":"idOrVar","v":"plural"},"minutes"]},{"$i":"charging-hours","$v":{"zero":[{"t":"idOrVar","v":"level"},"% ਚਾਰਜ ਹੈ (",{"t":"idOrVar","v":"hours"},"ਘੰਟੇ ",{"t":"idOrVar","v":"minutes"}," ਮਿੰਟ ਪੂਰੀ ਤਰ੍ਹਾਂ ਚਾਰਜ ਹੋਣ ਤੱਕ)"],"one":[{"t":"idOrVar","v":"level"},"% ਚਾਰਜ ਹੈ (",{"t":"idOrVar","v":"hours"},"ਘੰਟੇ ",{"t":"idOrVar","v":"minutes"}," ਮਿੰਟ ਪੂਰੀ ਤਰ੍ਹਾਂ ਚਾਰਜ ਹੋਣ ਤੱਕ)"],"two":[{"t":"idOrVar","v":"level"},"% ਚਾਰਜ ਹੈ (",{"t":"idOrVar","v":"hours"},"ਘੰਟੇ ",{"t":"idOrVar","v":"minutes"}," ਮਿੰਟ ਪੂਰੀ ਤਰ੍ਹਾਂ ਚਾਰਜ ਹੋਣ ਤੱਕ)"],"few":[{"t":"idOrVar","v":"level"},"% ਚਾਰਜ ਹੈ (",{"t":"idOrVar","v":"hours"},"ਘੰਟੇ ",{"t":"idOrVar","v":"minutes"}," ਮਿੰਟ ਪੂਰੀ ਤਰ੍ਹਾਂ ਚਾਰਜ ਹੋਣ ਤੱਕ)"],"many":[{"t":"idOrVar","v":"level"},"% ਚਾਰਜ ਹੈ (",{"t":"idOrVar","v":"hours"},"ਘੰਟੇ ",{"t":"idOrVar","v":"minutes"}," ਮਿੰਟ ਪੂਰੀ ਤਰ੍ਹਾਂ ਚਾਰਜ ਹੋਣ ਤੱਕ)"],"other":[{"t":"idOrVar","v":"level"},"% ਚਾਰਜ ਹੈ (",{"t":"idOrVar","v":"hours"},"ਘੰਟੇ ",{"t":"idOrVar","v":"minutes"}," ਮਿੰਟ ਪੂਰੀ ਤਰ੍ਹਾਂ ਚਾਰਜ ਹੋਣ ਤੱਕ)"]},"$x":[{"t":"idOrVar","v":"plural"},"minutes"]},{"$i":"phoneNumberInput","ariaLabel":"ਫੋਨ ਨੰਬਰ"},{"$i":"keypadDelete","ariaLabel":"ਮਿਟਾਓ"},{"$i":"voiceMailKey","ariaLabel":"ਵੌਇਸਮੇਲ"},{"$i":"asterisk","ariaLabel":"ਏਸਟਰਿਸਕ"},{"$i":"hashSign","ariaLabel":"ਹੈਸ਼ ਸਾਈਨ"},{"$i":"loadingSimContacts","$v":"ਸਿਮ ਕਾਰਡ ਸੰਪਰਕ ਲੋਡ ਹੋ ਰਹੇ ਹਨ.."},{"$i":"noContactsWereFound","$v":"ਕੋਈ ਸੰਪਰਕ ਨਹੀਂ ਮਿਲੇ"},{"$i":"noContactsFoundDialogOk","$v":"ਠੀਕ ਹੈ"},{"$i":"emergencyNumber","$v":"ਆਪਾਤਕਾਲੀਨ ਨੰਬਰ"},{"$i":"callAirplaneModeMessage","$v":"ਕਾਲ ਕਰਨ ਲਈ ਤੁਹਾਨੂੰ ਸੈਟਿੰਗਸ ਵਿੱਚ ਜਾ ਕੇ ਏਅਰਪਲੇਨ ਮੋਡ ਨੂੰ ਅਕਿਰਿਆਸ਼ੀਲ ਕਰਨਾ ਪਵੇਗਾ ।"},{"$i":"callAirplaneModeBtnOk","$v":"ਠੀਕ ਹੈ"},{"$i":"callAirplaneModeTitle","$v":"ਏਅਰਪਲੇਨ ਮੋਡ ਸਕਿਰਿਆ ਕੀਤਾ ਗਿਆ"},{"$i":"numberIsBusyTitle","$v":"ਨੰਬਰ ਵਿਅਸਤ ਹੈ"},{"$i":"numberIsBusyMessage","$v":"ਇਸ ਸਮੇਂ ਨੰਬਰ ਵਿਅਸਤ ਹੈ। ਕਿਰਪਾ ਕਰਕੇ ਬਾਅਦ ਵਿੱਚ ਕੋਸ਼ਿਸ਼ ਕਰੋ।"},{"$i":"fdnIsActiveTitle","$v":"FDN ਸਕਿਰਿਆ ਹੈ"},{"$i":"fdnIsActiveMessage","$v":["FDN (ਫਿਕਸਡ ਡਾਇਲਿੰਗ ਨੰਬਰ) ਕਾਰਜਸ਼ੀਲ ਹੈ ਅਤੇ ਹੇਠਾਂ ਦਿੱਤਾ ਗਿਆ ਨੰਬਰ ਤੁਹਾਡੀ FDN ਲਿਸਟ ਵਿੱਚ ਨਹੀਂ ਹੈ: ",{"t":"idOrVar","v":"number"}]},{"$i":"emergencyDialogBodyBadNumber","$v":"ਕਾਲ ਕਰਨ ਲਈ, ਫੋਨ ਨੂੰ ਨੈਟਵਰਕ ਨਾਲ ਕਨੈਕਟ ਕਰਨਾ ਪਵੇਗਾ।"},{"$i":"emergencyDialogBodyDeviceNotAccepted","$v":"ਨੈਟਵਰਕ ਦੁਆਰਾ ਆਪਾਤਕਾਲੀਨ ਕਾਲ ਦੀ ਮਨਜ਼ੂਰੀ ਨਹੀਂ ਦਿੱਤੀ ਗਈ ਹੈ"},{"$i":"emergencyDialogBtnOk","$v":"ਠੀਕ ਹੈ"},{"$i":"emergencyDialogTitle","$v":"ਕੋਈ ਨੈਟਵਰਕ ਕਨੈਕਸ਼ਨ ਨਹੀਂ ਹੈ"},{"$i":"invalidNumberToDialTitle","$v":"ਅਵੈਧ ਫੋਨ ਨੰਬਰ"},{"$i":"invalidNumberToDialMessage","$v":"ਜਿਸ ਫੋਨ ਨੰਬਰ 'ਤੇ ਤੁਸੀਂ ਕਾਲ ਕਰ ਰਹੇ ਹੋ ਉਹ ਵੈਧ ਨਹੀਂ ਹੈ।"},{"$i":"unableToCallTitle","$v":"ਹੁਣ ਫੋਨ ਕਾਲ ਕਰਨ ਵਿੱਚ ਅਸਮੱਰਥ"},{"$i":"unableToCallMessage","$v":"ਕਾਲ ਨਹੀਂ ਕਰ ਸਕਦੇ। ਜੇਕਰ ਤੁਸੀਂ ਪਹਿਲਾਂ ਹੀ ਡਾਇਲ ਕਰ ਰਹੇ ਹੋ, ਤਾਂ ਕਿਰਪਾ ਕਰਕੇ ਪਹਿਲਾਂ ਰੁਕ ਜਾਓ।"},{"$i":"otherConnectionInUseTitle","$v":"ਹੋਰ ਕਨੈਕਸ਼ਨ ਵਰਤੋਂ ਵਿੱਚ ਹੈ"},{"$i":"otherConnectionInUseMessage","$v":"ਤੁਹਾਡੀ ਦੂਜੇ ਕਨੈਕਸ਼ਨ ਤੇ ਇੱਕ ਕਾਲ ਐਕਟਿਵ ਹੈ । ਤੁਸੀਂ ਇੱਕ ਸਮੇਂ ‘ਤੇ ਕੇਵਲ ਇੱਕ ਕਨੈਕਸ਼ਨ ਵਰਤ ਸਕਦੇ ਹੋ।"},{"$i":"clear","$v":"ਮਿਟਾਓ"},{"$i":"dialer","$v":"ਡਾਇਲਰ"},{"$i":"tcl-incomming-call","$v":"ਇਨਕਮਿੰਗ ਕਾਲ"},{"$i":"tcl-in-call","$v":"ਕਾਲ ਵਿੱਚ"},{"$i":"tcl-answer","$v":"ਜਵਾਬ ਦਿਓ"},{"$i":"tcl-end-answer","$v":"ਸਮਾਪਤੀ ਅਤੇ ਉੱਤਰ ਦਿਓ"},{"$i":"tcl-decline","$v":"ਅਸਵੀਕਾਰ"},{"$i":"tcl-mute","$v":"ਮਿਊਟ ਕਰੋ"},{"$i":"tcl-unmute","$v":"ਅਨਮਿਊਟ ਕਰੋ"},{"$i":"tcl-speaker","$v":"ਸਪੀਕਰ"},{"$i":"tcl-speaker-off","$v":"ਸਪੀਕਰ ਔਫ"},{"$i":"tcl-microphone-mute-notification","$v":"ਮਾਈਕ੍ਰੋਫੋਨ ਮਿਊਟ ਕੀਤਾ ਗਿਆ"},{"$i":"tcl-microphone-active-notification","$v":"ਮਾਈਕ੍ਰੋਫੋਨ ਐਕਟਿਵ ਹੈ"},{"$i":"tcl-speaker-off-notification","$v":"ਬਾਹਰੀ ਸਪੀਕਰ ਔਫ ਕੀਤਾ ਗਿਆ"},{"$i":"tcl-speaker-on-notification","$v":"ਬਾਹਰੀ ਸਪੀਕਰ ਔਨ ਕੀਤਾ ਗਿਆ"},{"$i":"tcl-hold-and-answer","$v":"ਹੋਲਡ ਤੇ ਰੱਖੋ ਅਤੇ ਉੱਤਰ ਦਿਓ"},{"$i":"tcl-ignore-call","$v":"ਇੰਕਮਿੰਗ ਕਾਲ ਨੂੰ ਅਣਡਿੱਠ ਕਰੋ"},{"$i":"tcl-add-to-call","$v":"ਕਾਲ ਜੋੜੋ"},{"$i":"tcl-switch-to-second-line","$v":"ਕਾਲ ਸਵੈਪ ਕਰੋ"},{"$i":"tcl-merge-calls","$v":"ਕਾਲ ਮਰਜ ਕਰੋ"},{"$i":"btnOk","$v":"ਠੀਕ ਹੈ"},{"$i":"losing-wifi-msg","$v":"Wifi ਜਾ ਰਿਹਾ ਹੈ"},{"$i":"hd","$v":"HD"},{"$i":"manage-call","$v":"ਕਾਲ ਪ੍ਰਬੰਧਿਤ ਕਰੋ"},{"$i":"end","$v":"ਕਾਲ ਸਮਾਪਤ ਕਰੋ"},{"$i":"private","$v":"ਨਿਜੀ"},{"$i":"sound","$v":"ਅਵਾਜ਼"},{"$i":"bluetooth-device","$v":"ਬਲੂਟੁੱਥ ਡਿਵਾਇਸ"},{"$i":"handset-earpiece","$v":"ਹੈਂਡਸੈਟ"},{"$i":"call-ended","$v":"ਕਾਲ ਸਮਾਪਤ ਹੋਈ"},{"$i":"payphone","$v":"ਪੇਫੋਨ"},{"$i":"contact","$v":"ਸੰਪਰਕ"},{"$i":"volume","$v":"ਵੋਲਿਊਮ"},{"$i":"softkey-options","$v":"ਵਿਕਲਪ"},{"$i":"resume-call","$v":"ਕਾਲ ਦੁਬਾਰਾ ਸ਼ੁਰੂ ਕਰੋ"},{"$i":"switch-to-device-toast","$v":"ਬਲੂਟੁੱਥ ਡਿਵਾਈਸ 'ਤੇ ਸਵਿਚ ਕੀਤਾ ਗਿਆ"},{"$i":"switch-to-handset-toast","$v":"ਹੈਂਡਸੈਟ ਈਅਰਪੀਸ ਡਿਵਾਈਸ 'ਤੇ ਸਵਿਚ ਕੀਤਾ ਗਿਆ"},{"$i":"switch-to-speaker-toast","$v":"ਸਪੀਕਰ 'ਤੇ ਸਵਿਚ ਕੀਤਾ ਗਿਆ"},{"$i":"emergency-call","$v":"ਇੱਕ ਐਮਰਜੈਂਸੀ ਕਾਲ ਹੈ।"},{"$i":"link","$v":"ਲਿੰਕ:"},{"$i":"call-left-conference-toast","$v":[{"t":"idOrVar","v":"number"}," ਕਾਲ ਛੱਡ ਦਿੱਤੀ ਹੈ"]}]