[{"$i":"tcl-calllog-entry-removed-succ-notification","$v":"कॉल लॉग प्रवेशितान् स्थानन्तरितम्"},{"$i":"tcl-calllog-entry-removed-err-notification","$v":"आह्वाहनसंरक्षितावलम् अपाकर्तुं न शक्नोति"},{"$i":"addNewNumber","$v":"नूतनसंख्या योजयतु"},{"$i":"contactDetails","$v":"सम्पर्कविवरणम्"},{"$i":"addToExistingContact","$v":"अवस्थितसम्पर्केषु योजयतु"},{"$i":"all","$v":"सर्वम्","ariaLabel":"सर्वम्"},{"$i":"bluetoothOption","$v":""},{"$i":"callLog","$v":"आह्वाहनस्य संरक्षितावलिः"},{"$i":"callLogEdit","title":"कॉललॉग सम्पादनीयम्"},{"$i":"tcl-option-menu-call-log-edit","$v":"कॉललॉग सम्पादनीयम्"},{"$i":"callLogEditDialog","ariaLabel":"कॉललॉगसंवादः सम्पादनीयः"},{"$i":"tcl-call-log-delete-group-notification","$v":[{"t":"idOrVar","v":"n"}," प्रविष्टिः अपसारिता"]},{"$i":"connecting","$v":"आह्वयति"},{"$i":"connectingEllipsis","$v":"संयोज्यमानम्..."},{"$i":"call-forwarding-async","$v":["अतुल्यकालिक: ",{"t":"idOrVar","v":"async"}]},{"$i":"call-forwarding-data","$v":["विषयः : ",{"t":"idOrVar","v":"data"}]},{"$i":"call-forwarding-error","$v":"कॉल फ़ॉरवर्डिंग स्थिति पुनर्प्राप्तकरणसमये कापि त्रुटिः जाता"},{"$i":"call-forwarding-fax","$v":["FAX: ",{"t":"idOrVar","v":"fax"}]},{"$i":"call-forwarding-inactive","$v":"निष्क्रियः"},{"$i":"call-forwarding-packet","$v":["पैकेट: ",{"t":"idOrVar","v":"packet"}]},{"$i":"call-forwarding-pad","$v":["PAD: ",{"t":"idOrVar","v":"pad"}]},{"$i":"call-forwarding-sms","$v":["SMS: ",{"t":"idOrVar","v":"sms"}]},{"$i":"call-forwarding-status","$v":"कॉल अग्रेषणस्थितिः"},{"$i":"call-forwarding-sync","$v":["तुल्यकालिक: ",{"t":"idOrVar","v":"sync"}]},{"$i":"call-forwarding-voice","$v":["स्वरः : ",{"t":"idOrVar","v":"voice"}]},{"$i":"close","$v":"निवर्त्यताम्"},{"$i":"confirm-deletion","$v":"चितानि आह्वाहनानि अपाकरोति?"},{"$i":"contacts","ariaLabel":"संपर्काः"},{"$i":"createNewContact","$v":"नूतनं सम्पर्कं निर्माणं करोतु"},{"$i":"delete","$v":"लुप्यताम्"},{"$i":"calllog-deselectAll","$v":"सकलान् अचिह्नितान् करोतु"},{"$i":"dialerAddContact","$v":""},{"$i":"dialerAddContactDialog","ariaLabel":"सम्पर्कसंवादं योजयतु"},{"$i":"callInformation","$v":"कॉल सूचना"},{"$i":"edit-selected","$v":{"one":["चयनितम् (",{"t":"idOrVar","v":"n"},")"],"two":["चयनितम् (",{"t":"idOrVar","v":"n"},")"],"few":["चयनितम् (",{"t":"idOrVar","v":"n"},")"],"many":["चयनितम् (",{"t":"idOrVar","v":"n"},")"],"other":["चयनितम् (",{"t":"idOrVar","v":"n"},")"]},"$x":[{"t":"idOrVar","v":"plural"},"n"]},{"$i":"tcl-edit-not-selected","$v":"चयनितम् (0)"},{"$i":"edit","$v":"संपाद्यताम्"},{"$i":"hideKeypad","ariaLabel":"कीपैड विलोपयतु"},{"$i":"ignore","$v":""},{"$i":"incoming","$v":"आगमनशीलम्"},{"$i":"keypad","ariaLabel":"किञ्जिकाफलकम्"},{"$i":"makeCall","$v":""},{"$i":"merge","$v":""},{"$i":"info-missed","$v":"अयुज्यः"},{"$i":"missed","$v":"अयुज्यः","ariaLabel":"अयुज्यः"},{"$i":"dialed","$v":"डायलकृतम्"},{"$i":"received","$v":"प्राप्तम्"},{"$i":"canceled","$v":"निरसनम्"},{"$i":"missedCall","$v":"अयुज्यवार्ता"},{"$i":"missedCallMultiSims","$v":["(सिम ",{"t":"idOrVar","v":"n"},") मिस कॉल"]},{"$i":"mmi-error","$v":"सन्देशप्रेषणसमये कापि त्रुटिः जाता"},{"$i":"mmi-session-expired","$v":"सत्रं समाप्तम्"},{"$i":"mmi-successfully-sent","$v":"सन्देशं सफलतापूर्वकं प्रेषितम्"},{"$i":"mmi-notification-title-with-sim","$v":["(",{"t":"idOrVar","v":"sim"},") ",{"t":"idOrVar","v":"title"}]},{"$i":"mute","$v":""},{"$i":"newCall","$v":""},{"$i":"no-logs-msg-1","$v":"कोऽपि कॉलरिकर्डः नास्ति"},{"$i":"no-logs-msg-2","$v":"अधुना संचारं प्रारंभं करोतु"},{"$i":"no-logs-msg-3","$v":"कोऽपि कॉलरिकर्डः नास्ति"},{"$i":"no-logs-msg-4","$v":"अधुना संचारं प्रारंभं करोतु"},{"$i":"onHoldOption","$v":""},{"$i":"outgoing","$v":"निवर्तमानम्"},{"$i":"recents","ariaLabel":"साम्प्रतिकं कॉल"},{"$i":"reply","$v":"प्रत्युत्तरम्"},{"$i":"calllog-selectAll","$v":"सर्वं चिनोतु"},{"$i":"send","$v":"प्रेष्यताम्"},{"$i":"switch-calls","$v":"कॉल स्विच करोतु"},{"$i":"today","$v":"अद्य"},{"$i":"withheld-number","$v":"अज्ञातः"},{"$i":"from-contact","$v":[{"t":"idOrVar","v":"contact"}," तः"]},{"$i":"from-number","$v":[{"t":"idOrVar","v":"number"}," तः"]},{"$i":"from-withheld-number","$v":"अज्ञातक्रमाङ्कात्"},{"$i":"yesterday","$v":"ह्यः"},{"$i":"sending","$v":"प्रेषयति …"},{"$i":"speakerOption","$v":""},{"$i":"ussd-services","$v":[{"t":"idOrVar","v":"operator"}," सेवाः"]},{"$i":"toggleKeypad","$v":""},{"$i":"type-your-response","placeholder":"स्वकीयां प्रतिक्रियां लिखतु..."},{"$i":"clear-all-text","$v":"सकलपाठ्यं परिष्क्रियताम्"},{"$i":"hide","$v":"गुप्यताम्"},{"$i":"call","$v":"वार्ता"},{"$i":"hold","$v":"वार्ताचालनं अवरुध्यताम्"},{"$i":"resume","$v":"पुनरारभतु","ariaLabel":"पुनरारभतु"},{"$i":"sendSms","$v":"सन्देशं प्रेषयतु"},{"$i":"callEnded","$v":"कॉल समाप्तम्"},{"$i":"via-sim","$v":["सिम माध्यमेन ",{"t":"idOrVar","v":"n"}]},{"$i":"sim-number","$v":["सिम",{"t":"idOrVar","v":"n"}]},{"$i":"unknown","$v":"अज्ञातः"},{"$i":"cancel","$v":"निरस्यताम्"},{"$i":"hangup-a11y-button","$v":""},{"$i":"pickup-a11y-button","$v":""},{"$i":"unlock-a11y-button","ariaLabel":"स्लाइडरः"},{"$i":"settings","$v":"व्यवस्थापनम्"},{"$i":"tcl-delete-log","$v":"आह्वाहनस्य संरक्षितावल्याः चितान् निवेशान् अपाकर्तुं दृढमनाः अस्ति खलु?"},{"$i":"delete-n-log?","$v":{"zero":"किमपि चयनितं नास्ति","one":"चितां संरक्षितावलिम् अपाकरोति?","two":[{"t":"idOrVar","v":"n"}," संरक्षितावलिः अपाक्रयते?"],"few":[{"t":"idOrVar","v":"n"}," संरक्षितावलिः अपाक्रयते?"],"many":[{"t":"idOrVar","v":"n"}," संरक्षितावलिः अपाक्रयते?"],"other":[{"t":"idOrVar","v":"n"}," संरक्षितावलिः अपाक्रयते?"]},"$x":[{"t":"idOrVar","v":"plural"},"n"]},{"$i":"composeEmail","ariaLabel":"ई-मेल्"},{"$i":"emailDetail","ariaLabel":"ई-मेल्"},{"$i":"phoneDetail","ariaLabel":"चलभाषः"},{"$i":"send-sms-button","ariaLabel":"SMS"},{"$i":"separator","$v":","},{"$i":"callDurationMinutes","$v":[{"t":"idOrVar","v":"m"},":",{"t":"idOrVar","v":"s"}]},{"$i":"callDurationHours","$v":[{"t":"idOrVar","v":"h"},":",{"t":"idOrVar","v":"m"},":",{"t":"idOrVar","v":"s"}]},{"$i":"callDurationTextFormatSeconds","$v":[{"t":"idOrVar","v":"s"}," पलम्"]},{"$i":"callDurationTextFormatMinutes","$v":[{"t":"idOrVar","v":"m"}," m ",{"t":"idOrVar","v":"s"}," s"]},{"$i":"callDurationTextFormatHours","$v":[{"t":"idOrVar","v":"h"}," घण्टा ",{"t":"idOrVar","v":"m"}," निमेषः ",{"t":"idOrVar","v":"s"}," पलम्"]},{"$i":"suggestionMatches","$v":{"one":["\"",{"t":"idOrVar","v":"matchNumber"},"\"",{"t":"idOrVar","v":"n"}," इत्यस्य कृते मिलनं करोतु"],"two":["\"",{"t":"idOrVar","v":"matchNumber"},"\"",{"t":"idOrVar","v":"n"}," इत्यस्य कृते मिलनं करोतु"],"few":["\"",{"t":"idOrVar","v":"matchNumber"},"\"",{"t":"idOrVar","v":"n"}," इत्यस्य कृते मिलनं करोतु"],"many":["\"",{"t":"idOrVar","v":"matchNumber"},"\"",{"t":"idOrVar","v":"n"}," इत्यस्य कृते मिलनं करोतु"],"other":["\"",{"t":"idOrVar","v":"matchNumber"},"\"",{"t":"idOrVar","v":"n"}," इत्यस्य कृते मिलनं करोतु"]},"$x":[{"t":"idOrVar","v":"plural"},"n"]},{"$i":"scCallBarring","$v":"कॉल प्रतिबंधितम्"},{"$i":"scCallForwarding","$v":"कॉल अग्रेषणम्"},{"$i":"scClip","$v":"आगताह्वानस्य आह्वाहनपरिचयः ID"},{"$i":"scClir","$v":"बहिर्गताह्वानस्य आह्वाहनपरिचयः ID"},{"$i":"scPwd","$v":"कूटसंख्यायाः परिवर्तनम्"},{"$i":"scCallWaiting","$v":"आह्वाहनस्य प्रतीक्षा"},{"$i":"scPin","$v":"PIN परिवर्तनम्"},{"$i":"scPin2","$v":"पिन 2 परिवर्तनम्"},{"$i":"scPuk","$v":"पिन अनवरोधितं करोतु"},{"$i":"scPuk2","$v":"पिन2 अनवरोधितं करोतु"},{"$i":"scImei","$v":"IMEI"},{"$i":"scMeid","$v":"MEID"},{"$i":"scUssd","$v":"USSD"},{"$i":"serviceClassVoice","$v":"ध्वनिः"},{"$i":"serviceClassData","$v":"दत्तांशः"},{"$i":"serviceClassFax","$v":"FAX"},{"$i":"serviceClassSms","$v":"SMS"},{"$i":"serviceClassDataSync","$v":"समायोजिता"},{"$i":"serviceClassDataAsync","$v":"असमायोजिता"},{"$i":"serviceClassPacket","$v":"खण्डः"},{"$i":"serviceClassPad","$v":"PAD"},{"$i":"smServiceEnabled","$v":"सेवा सक्षमा आसीत्"},{"$i":"smServiceDisabled","$v":"सेवा अक्षमा कृता"},{"$i":"smServiceRegistered","$v":"पंजीकरणं सफलम्"},{"$i":"smServiceErased","$v":"अपाकरणं सफलम् आसीत्"},{"$i":"smServiceInterrogated","$v":"अनुरोधं सफलमासीत्"},{"$i":"smServiceNotProvisioned","$v":"सेवा प्रावधाना नास्ति"},{"$i":"smClirPermanent","$v":"भवान् कॉलर ID सेटिंग परिवर्तितुं न शक्यते"},{"$i":"smClirDefaultOnNextCallOn","$v":"पूर्वनियोजितवार्ताकारस्य ID प्रतिबंधितम्। अग्रिमा वार्ता: प्रतिबन्धिता"},{"$i":"smClirDefaultOnNextCallOff","$v":"पूर्वनियोजितवार्ताकारस्य ID प्रतिबंधितम्। अग्रिमा वार्ता: न प्रतिबन्धिता"},{"$i":"smClirDefaultOffNextCallOn","$v":"पूर्वनियोजितवार्ताकारस्य ID न प्रतिबंधितम्। अग्रिमा वार्ता: प्रतिबन्धिता"},{"$i":"smClirDefaultOffNextCallOff","$v":"पूर्वनियोजितवार्ताकारस्य ID न प्रतिबंधितम्। अग्रिमा वार्ता: न प्रतिबन्धिता"},{"$i":"smServiceEnabledFor","$v":"सेवा सक्षमीकृता कृते।"},{"$i":"smPinChanged","$v":"पिन सफलतापूर्वकं परिवर्तीतम्"},{"$i":"smPinUnblocked","$v":"पिन सफलतापूर्वक अनब्लॉककृतम्"},{"$i":"smPin2Changed","$v":"पिन 2 सफलतापूर्वकं परिवर्तितम्"},{"$i":"smPin2Unblocked","$v":"पिन 2 सफलतापूर्वक अनब्लॉककृतम्"},{"$i":"ServiceIsEnabled","$v":"सेवा सक्षमा"},{"$i":"ServiceIsDisabled","$v":"सेवा अक्षमा"},{"$i":"ServiceIsEnabledFor","$v":"सेवा सक्रिया अस्ति कृते :"},{"$i":"emMmiError","$v":"संयोगसमस्या यद्वा अवैध MMI कोड"},{"$i":"emMmiErrorPasswordIncorrect","$v":"त्रुटियुक्तः कूटः"},{"$i":"emMmiErrorNotSupported","$v":"अवैधः यद्वा असमर्थितः MMI कोड"},{"$i":"emMmiErrorInvalidAction","$v":"अवैधकर्म"},{"$i":"emMmiErrorInvalidScCode","$v":"अवैधसेवाकोड"},{"$i":"emMmiErrorBadPuk","$v":"भवता लिखितं PUK सम्यक् नास्ति"},{"$i":"emMmiErrorBadPin","$v":"पुरातनः टङ्कितः PIN मिथ्या अस्ति।"},{"$i":"emMmiErrorNeedPuk2","$v":"सिम कार्डम् अनलॉककर्तुं PUK2 लिख्यताम्"},{"$i":"emMmiErrorMismatchPin","$v":"भवता टाइपकृतं पिन न मिलति"},{"$i":"emMmiErrorInvalidPin","$v":"4 तः 8 संख्यात्मकं पिन लिखतु"},{"$i":"emMmiErrorNeedsPuk","$v":"भवतः सिमकार्ड PUK- लॉक अस्ति"},{"$i":"emMmiErrorEnablePin","$v":"असफलम् । सिम / रियूम लॉक सक्षमं करोतु"},{"$i":"emMmiErrorMmiFdn","$v":"ऑपरेशन फिक्सड डायलिंग संख्यायाः कृते सीमितमस्ति"},{"$i":"emMmiErrorStkCcUssdDial","$v":"DIAL-विनत्यै USSD-विनतिः परिवर्तता"},{"$i":"emMmiErrorStkCcUssdSs","$v":"SS-विनत्यै USSD-विनतिः परिवर्तता"},{"$i":"emMmiErrorStkCcUssdUssd","$v":"नविनायै USSD-विनत्यै USSD-विनतिः परिवर्तता"},{"$i":"emMmiErrorStkCcSsDial","$v":"एसएस अनुरोधं डायल अनुरोधे संशोधितम्"},{"$i":"emMmiErrorStkCcSsUssd","$v":"USSD-विनत्यै SS-विनतिः परिवर्तता"},{"$i":"emMmiErrorStkCcSsSs","$v":"एसएस अनुरोधं नूतनं एसएस अनुरोधे संशोधितम्"},{"$i":"emMmiErrorPinPukAttempts","$v":{"one":["केवलं ",{"t":"idOrVar","v":"n"}," वामतः पुनः प्रयासः करणीयः"],"two":[{"t":"idOrVar","v":"n"}," वामतः पुनः चेष्टां करोति"],"few":[{"t":"idOrVar","v":"n"}," वामतः पुनः चेष्टां करोति"],"many":[{"t":"idOrVar","v":"n"}," वामतः पुनः चेष्टां करोति"],"other":[{"t":"idOrVar","v":"n"}," वामतः पुनः चेष्टां करोति"]},"$x":[{"t":"idOrVar","v":"plural"},"n"]},{"$i":"emMmiErrorSimBlocked","$v":"पुनर्प्रयासस्य अधिकतमसंख्या अतिक्रमणमभवत् । सिम अवरुद्धः"},{"$i":"RadioNotAvailable","$v":"रेडियो उपलब्धः नास्ति"},{"$i":"GenericFailure","$v":"सामान्यविफलता"},{"$i":"PasswordIncorrect","$v":"पासकोडत्रुटिः"},{"$i":"SimPin2","$v":"सिम पिन 2"},{"$i":"SimPuk2","$v":"सिम PUK2"},{"$i":"RequestNotSupported","$v":"अनुरोधः समर्थितः न"},{"$i":"OpNotAllowedDuringVoiceCall","$v":"ध्वनिकॉलसमये ऑपरेशनस्य अनुमतिः नास्ति"},{"$i":"SmsSendFailRetry","$v":"SMS प्रेषयितु पुनः प्रयासं करोतु"},{"$i":"SimAbsent","$v":"सिम अनुपस्थितम्"},{"$i":"SubscriptionNotAvailable","$v":"सदस्यता उपलब्धं नास्ति"},{"$i":"ModeNotSupported","$v":"मोड समर्थितं न"},{"$i":"FdnCheckFailure","$v":"FDN चेक विफलता"},{"$i":"IllegalSimOrMe","$v":"अवैध सिम यद्वा ME"},{"$i":"DialModifiedToUssd","$v":"डायल USSD कर्तुं संशोधितम्"},{"$i":"DialModifiedToSs","$v":"डायल SS कर्तुं संशोधितम्"},{"$i":"DialModifiedToDial","$v":"डायल कर्तुं डायल संशोधितम्"},{"$i":"UssdModifiedToDial","$v":"USSD DIAL कर्तुं संशोधितं कृतम्"},{"$i":"UssdModifiedToSs","$v":"USSD SS कर्तुं संशोधितं कृतम्"},{"$i":"UssdModifiedToUssd","$v":"USSD USSD कर्तुं संशोधितं कृतम्"},{"$i":"SsModifiedToDial","$v":"एसएस डायल कर्तुं संशोधितं कृतम्"},{"$i":"SsModifiedToUssd","$v":"SS USSD कर्तुं संशोधितं कृतम्"},{"$i":"SsModifiedToSs","$v":"एसएस संशोधितं भूत्वा एसएस"},{"$i":"SubscriptionNotSupported","$v":"सदस्यता समर्थितं नास्ति"},{"$i":"InvalidParameter","$v":"अविधमापदण्डः"},{"$i":"RejectedByRemote","$v":"रिमोट द्वारा अस्वीकृतम्"},{"$i":"conferenceCall","$v":["सम्मेलनम् ",{"t":"idOrVar","v":"n"}]},{"$i":"caller-left-call","$v":[{"t":"idOrVar","v":"caller"}," इत्यनेन आह्वाहनं परित्यक्तम्।"]},{"$i":"conferenceAddError","$v":"कॉल मर्ज कर्तुम् असमर्थम्"},{"$i":"conferenceRemoveError","$v":"कॉल मर्जमुक्तकर्तुम् असमर्थम्"},{"$i":"longDateFormat","$v":"%A, %b %e"},{"$i":"select-audio-sources","$v":"ऑडियो स्रोतं चिनोतु"},{"$i":"bluetooth-handsfree-device","$v":"ब्लूटूथ हैंड्सफ्री डिवाइसः"},{"$i":"receiver","$v":"गृहीता"},{"$i":"speaker","$v":"वक्ता"},{"$i":"tcl-cancel","$v":"निरस्यताम्"},{"$i":"tcl-dialer","$v":"अङ्कपट्टिका"},{"$i":"tcl-confirmation","$v":"अनुमोदनम्"},{"$i":"log-item","$v":"विकल्पाः"},{"$i":"tcl-assign-speed-dial","$v":{"$o":["बटने स्पीडडायलरूपेण सम्पर्कं संयुक्तं नाभवत् \"",{"t":"idOrVar","v":"speedDial"},"\".<br><br>अधुना निर्धारयति?"]}},{"$i":"tcl-assign","$v":"नियोजनम्"},{"$i":"select","$v":"चिनोतु"},{"$i":"deselect","$v":"निर्वाचनमुक्तं करोतु"},{"$i":"view-all","$v":"सर्वे पश्यन्तु"},{"$i":"search-results","$v":"अन्वेषणस्य परिणामम्"},{"$i":"no-recent-numbers","$v":"आह्वाहनस्य संरक्षितावल्याम् आह्वाहनाय सद्यः केऽपि क्रमाङ्काः न सन्ति।"},{"$i":"wifi-calling","$v":"वाई-फाई कॉलिंग"},{"$i":"dialer-prompt","$v":"कॉल करणाय योजनाय संख्या डायल करोतु यद्वा सम्पर्कं निर्वाचनं करोतु"},{"$i":"hours","$v":"घटिकाः"},{"$i":"minutes","$v":"मिनिटस"},{"$i":"seconds","$v":"पलानि"},{"$i":"voiceMail","$v":"ध्वनिसन्देशः"},{"$i":"weekday-0-long","$v":"रविवासरः"},{"$i":"weekday-1-long","$v":"सोमवासरः"},{"$i":"weekday-2-long","$v":"मङ्गलवासरः"},{"$i":"weekday-3-long","$v":"बुधवासरः"},{"$i":"weekday-4-long","$v":"गुरुवासरः"},{"$i":"weekday-5-long","$v":"शुक्रवासरः"},{"$i":"weekday-6-long","$v":"शनिवासरः"},{"$i":"weekday-0-short","$v":"रविः"},{"$i":"weekday-1-short","$v":"सोम"},{"$i":"weekday-2-short","$v":"मंगलवारः"},{"$i":"weekday-3-short","$v":"मेल करनम्"},{"$i":"weekday-4-short","$v":"गुरुवारः"},{"$i":"weekday-5-short","$v":"शुक्र"},{"$i":"weekday-6-short","$v":"उपवेशितम्"},{"$i":"month-0-long","$v":"जनवरी"},{"$i":"month-1-long","$v":"फरवरी"},{"$i":"month-2-long","$v":"मार्च"},{"$i":"month-3-long","$v":"अप्रैल"},{"$i":"month-4-long","$v":"मई"},{"$i":"month-5-long","$v":"जून"},{"$i":"month-6-long","$v":"जुलाई"},{"$i":"month-7-long","$v":"अगस्त"},{"$i":"month-8-long","$v":"सितम्बरः"},{"$i":"month-9-long","$v":"अक्टूबरः"},{"$i":"month-10-long","$v":"नवम्बरः"},{"$i":"month-11-long","$v":"दिसम्बरः"},{"$i":"month-0-genitive","$v":"जनवरी"},{"$i":"month-1-genitive","$v":"फरवरी"},{"$i":"month-2-genitive","$v":"मार्च"},{"$i":"month-3-genitive","$v":"अप्रैल"},{"$i":"month-4-genitive","$v":"मई"},{"$i":"month-5-genitive","$v":"जून"},{"$i":"month-6-genitive","$v":"जुलाई"},{"$i":"month-7-genitive","$v":"अगस्त"},{"$i":"month-8-genitive","$v":"सितम्बरः"},{"$i":"month-9-genitive","$v":"अक्टूबरः"},{"$i":"month-10-genitive","$v":"नवम्बरः"},{"$i":"month-11-genitive","$v":"दिसम्बरः"},{"$i":"month-0-short","$v":"जनवरी"},{"$i":"month-1-short","$v":"फेव"},{"$i":"month-2-short","$v":"मार्च"},{"$i":"month-3-short","$v":"अप्रैल"},{"$i":"month-4-short","$v":"मई"},{"$i":"month-5-short","$v":"जनवरी"},{"$i":"month-6-short","$v":"जुलाई"},{"$i":"month-7-short","$v":"अगस्त"},{"$i":"month-8-short","$v":"सितम्बरः"},{"$i":"month-9-short","$v":"अक्टूबरः"},{"$i":"month-10-short","$v":"नवम्बरः"},{"$i":"month-11-short","$v":"डीईसी"},{"$i":"minutes-ago-long","$v":{"zero":"अधुना","one":"एकमिनट पूर्वम्","two":[{"t":"idOrVar","v":"value"}," मिनिटपूर्वम्"],"few":[{"t":"idOrVar","v":"value"}," मिनिटपूर्वम्"],"many":[{"t":"idOrVar","v":"value"}," मिनिटपूर्वम्"],"other":[{"t":"idOrVar","v":"value"}," मिनिटपूर्वम्"]},"$x":[{"t":"idOrVar","v":"plural"},"value"]},{"$i":"hours-ago-long","$v":{"zero":"अधुना","one":"एकघंटा पूर्वम्","two":[{"t":"idOrVar","v":"value"}," घटिकापूर्वम्"],"few":[{"t":"idOrVar","v":"value"}," घटिकापूर्वम्"],"many":[{"t":"idOrVar","v":"value"}," घटिकापूर्वम्"],"other":[{"t":"idOrVar","v":"value"}," घटिकापूर्वम्"]},"$x":[{"t":"idOrVar","v":"plural"},"value"]},{"$i":"days-ago-long","$v":{"zero":"अद्य","one":"ह्यः","two":[{"t":"idOrVar","v":"value"}," दिनपूर्वम्"],"few":[{"t":"idOrVar","v":"value"}," दिनपूर्वम्"],"many":[{"t":"idOrVar","v":"value"}," दिनपूर्वम्"],"other":[{"t":"idOrVar","v":"value"}," दिनपूर्वम्"]},"$x":[{"t":"idOrVar","v":"plural"},"value"]},{"$i":"weeks-ago-long","$v":{"zero":"अस्मिन् सप्ताहे","one":"ह्यः सप्ताहे","two":[{"t":"idOrVar","v":"value"}," सप्ताहपूर्वम्"],"few":[{"t":"idOrVar","v":"value"}," सप्ताहपूर्वम्"],"many":[{"t":"idOrVar","v":"value"}," सप्ताहपूर्वम्"],"other":[{"t":"idOrVar","v":"value"}," सप्ताहपूर्वम्"]},"$x":[{"t":"idOrVar","v":"plural"},"value"]},{"$i":"months-ago-long","$v":{"zero":"अस्मिन् मासे","one":"ह्यः मासे","two":[{"t":"idOrVar","v":"value"}," मासपूर्वम्"],"few":[{"t":"idOrVar","v":"value"}," मासपूर्वम्"],"many":[{"t":"idOrVar","v":"value"}," मासपूर्वम्"],"other":[{"t":"idOrVar","v":"value"}," मासपूर्वम्"]},"$x":[{"t":"idOrVar","v":"plural"},"value"]},{"$i":"years-ago-long","$v":{"zero":"अस्मिन् वर्षे","one":"ह्यः वर्षे","two":[{"t":"idOrVar","v":"value"}," वर्षपूर्वम्"],"few":[{"t":"idOrVar","v":"value"}," वर्षपूर्वम्"],"many":[{"t":"idOrVar","v":"value"}," वर्षपूर्वम्"],"other":[{"t":"idOrVar","v":"value"}," वर्षपूर्वम्"]},"$x":[{"t":"idOrVar","v":"plural"},"value"]},{"$i":"minutes-until-long","$v":{"zero":"अधुना","one":"एकमिनटमध्ये","two":[{"t":"idOrVar","v":"value"}," निमेषात्मके"],"few":[{"t":"idOrVar","v":"value"}," निमेषात्मके"],"many":[{"t":"idOrVar","v":"value"}," निमेषात्मके"],"other":[{"t":"idOrVar","v":"value"}," निमेषात्मके"]},"$x":[{"t":"idOrVar","v":"plural"},"value"]},{"$i":"hours-until-long","$v":{"zero":"अधुना","one":"एकघंटात्मके","two":[{"t":"idOrVar","v":"value"}," घंटात्मके"],"few":[{"t":"idOrVar","v":"value"}," घंटात्मके"],"many":[{"t":"idOrVar","v":"value"}," घंटात्मके"],"other":[{"t":"idOrVar","v":"value"}," घंटात्मके"]},"$x":[{"t":"idOrVar","v":"plural"},"value"]},{"$i":"days-until-long","$v":{"zero":"अद्य","one":"श्वः","two":[{"t":"idOrVar","v":"value"}," दिनात्मके"],"few":[{"t":"idOrVar","v":"value"}," दिनात्मके"],"many":[{"t":"idOrVar","v":"value"}," दिनात्मके"],"other":[{"t":"idOrVar","v":"value"}," दिनात्मके"]},"$x":[{"t":"idOrVar","v":"plural"},"value"]},{"$i":"weeks-until-long","$v":{"zero":"अस्मिन् सप्ताहे","one":"श्वः सप्ताहे","two":[{"t":"idOrVar","v":"value"}," सप्ताहात्मके"],"few":[{"t":"idOrVar","v":"value"}," सप्ताहात्मके"],"many":[{"t":"idOrVar","v":"value"}," सप्ताहात्मके"],"other":[{"t":"idOrVar","v":"value"}," सप्ताहात्मके"]},"$x":[{"t":"idOrVar","v":"plural"},"value"]},{"$i":"months-until-long","$v":{"zero":"अस्मिन् मासे","one":"श्वः मासे","two":[{"t":"idOrVar","v":"value"}," मासात्मके"],"few":[{"t":"idOrVar","v":"value"}," मासात्मके"],"many":[{"t":"idOrVar","v":"value"}," मासात्मके"],"other":[{"t":"idOrVar","v":"value"}," मासात्मके"]},"$x":[{"t":"idOrVar","v":"plural"},"value"]},{"$i":"years-until-long","$v":{"zero":"अस्मिन् वर्षे","one":"श्वः वर्षे","two":[{"t":"idOrVar","v":"value"}," वर्षात्मके"],"few":[{"t":"idOrVar","v":"value"}," वर्षात्मके"],"many":[{"t":"idOrVar","v":"value"}," वर्षात्मके"],"other":[{"t":"idOrVar","v":"value"}," वर्षात्मके"]},"$x":[{"t":"idOrVar","v":"plural"},"value"]},{"$i":"minutes-ago-short","$v":{"zero":"अधुना","other":[{"t":"idOrVar","v":"value"},"m पूर्वम्"]},"$x":[{"t":"idOrVar","v":"plural"},"value"]},{"$i":"hours-ago-short","$v":{"zero":"अधुना","other":[{"t":"idOrVar","v":"value"},"h पूर्वम्"]},"$x":[{"t":"idOrVar","v":"plural"},"value"]},{"$i":"days-ago-short","$v":{"zero":"अद्य","other":[{"t":"idOrVar","v":"value"},"d पूर्वम्"]},"$x":[{"t":"idOrVar","v":"plural"},"value"]},{"$i":"minutes-until-short","$v":{"zero":"अधुना","other":[{"t":"idOrVar","v":"value"}," m"]},"$x":[{"t":"idOrVar","v":"plural"},"value"]},{"$i":"hours-until-short","$v":{"zero":"अधुना","other":[{"t":"idOrVar","v":"value"}," h"]},"$x":[{"t":"idOrVar","v":"plural"},"value"]},{"$i":"days-until-short","$v":{"zero":"अद्य","other":[{"t":"idOrVar","v":"value"}," d"]},"$x":[{"t":"idOrVar","v":"plural"},"value"]},{"$i":"incorrectDate","$v":"(त्रुटिदिनांकः)"},{"$i":"dateTimeFormat_%c","$v":"%a %b %e %Y %I:%M:%S %p"},{"$i":"dateTimeFormat_%x","$v":"%m/%d/%Y"},{"$i":"dateTimeFormat_%X","$v":"%I:%M:%S %p"},{"$i":"shortTimeFormat","$v":"%I:%M %p"},{"$i":"shortTimeFormat12","$v":"%I:%M %p"},{"$i":"shortTimeFormat24","$v":"%H:%M"},{"$i":"shortDateTimeFormat","$v":"%x %I:%M %p"},{"$i":"weekStartsOnMonday","$v":"0"},{"$i":"firstDayOfTheWeek","$v":"0"},{"$i":"time_am","$v":"AM"},{"$i":"time_pm","$v":"PM"},{"$i":"label","$v":"नाम"},{"$i":"mobile","$v":"चलभाषः"},{"$i":"home","$v":"गृहम्"},{"$i":"work","$v":"कार्यालयम्"},{"$i":"personal","$v":"व्यक्तिगतम्"},{"$i":"faxHome","$v":"फैक्स गृहम्"},{"$i":"faxOffice","$v":"फैक्स कार्यालयः"},{"$i":"faxOther","$v":"फैक्स अन्ये"},{"$i":"another","$v":"अन्ये"},{"$i":"other","$v":"अन्यः"},{"$i":"tcl-customTag","$v":"कस्टम टैग"},{"$i":"customTag","$v":"कस्टम टैग","placeholder":"कस्टम टैग"},{"$i":"current","$v":"साम्प्रतम्"},{"$i":"itemWithLabel","$v":[{"t":"idOrVar","v":"label"},", ",{"t":"idOrVar","v":"item"}]},{"$i":"airplaneMode","$v":"वायुयानमाध्यमः"},{"$i":"searching","$v":"अन्वेषयति …"},{"$i":"noNetwork","$v":"किमपि नेटवर्क नास्ति"},{"$i":"roaming","$v":[{"t":"idOrVar","v":"operator"}," (Roaming)"]},{"$i":"operator-info","$v":[{"t":"idOrVar","v":"carrier"}," ",{"t":"idOrVar","v":"region"}]},{"$i":"emergencyCallsOnly","$v":"केवलम् आपत्कालीनसम्पर्कः"},{"$i":"emergencyCallsOnly-unknownSIMState","$v":"(सिमस्थितिः अज्ञातः)"},{"$i":"emergencyCallsOnly-noSIM","$v":"(सिम नास्ति)"},{"$i":"emergencyCallsOnly-pinRequired","$v":"(सिम पिन आवश्यकम्)"},{"$i":"emergencyCallsOnly-pukRequired","$v":"(सिम PUK आवश्यकम्)"},{"$i":"emergencyCallsOnly-networkLocked","$v":"(नेटवर्क लॉक)"},{"$i":"emergencyCallsOnly-serviceProviderLocked","$v":"(सेवा प्रदाता लॉक)"},{"$i":"emergencyCallsOnly-corporateLocked","$v":"(कॉरपोरेट लॉक)"},{"$i":"emergencyCallsOnly-network1Locked","$v":"(नेटवर्क1 लॉक)"},{"$i":"emergencyCallsOnly-network2Locked","$v":"(नेटवर्क2 लॉक)"},{"$i":"emergencyCallsOnly-hrpdNetworkLocked","$v":"(एचआरपीडी नेटवर्क लॉक)"},{"$i":"emergencyCallsOnly-ruimCorporateLocked","$v":"(रुमकॉरपोरेट लॉक)"},{"$i":"emergencyCallsOnly-ruimServiceProviderLocked","$v":"(रुम सेवा प्रदाता लॉक)"},{"$i":"lockscreen-sim-id","$v":["सिम ",{"t":"idOrVar","v":"n"}]},{"$i":"charging-no-time","$v":[{"t":"idOrVar","v":"level"},"% चार्जकृतम्"]},{"$i":"charging-minutes","$v":{"zero":[{"t":"idOrVar","v":"level"},"% चार्ज (पूर्णरूपेण चार्ज पर्यन्तं(",{"t":"idOrVar","v":"minutes"}," मिनट)"],"one":[{"t":"idOrVar","v":"level"},"% चार्ज (पूर्णरूपेण चार्ज पर्यन्तं(",{"t":"idOrVar","v":"minutes"}," मिनट)"],"two":[{"t":"idOrVar","v":"level"},"% चार्ज (पूर्णरूपेण चार्ज पर्यन्तं(",{"t":"idOrVar","v":"minutes"}," मिनट)"],"few":[{"t":"idOrVar","v":"level"},"% चार्ज (पूर्णरूपेण चार्ज पर्यन्तं(",{"t":"idOrVar","v":"minutes"}," मिनट)"],"many":[{"t":"idOrVar","v":"level"},"% चार्ज (पूर्णरूपेण चार्ज पर्यन्तं(",{"t":"idOrVar","v":"minutes"}," मिनट)"],"other":[{"t":"idOrVar","v":"level"},"% चार्ज (पूर्णरूपेण चार्ज पर्यन्तं(",{"t":"idOrVar","v":"minutes"}," मिनट)"]},"$x":[{"t":"idOrVar","v":"plural"},"minutes"]},{"$i":"charging-hours","$v":{"zero":[{"t":"idOrVar","v":"level"},"% चार्ज (",{"t":"idOrVar","v":"hours"}," घटिका ",{"t":"idOrVar","v":"minutes"}," मिनटं पूर्णरूपेण न चार्ज पर्यन्तम् )"],"one":[{"t":"idOrVar","v":"level"},"% चार्ज (",{"t":"idOrVar","v":"hours"},"h ",{"t":"idOrVar","v":"minutes"}," मिनटं पूर्णरूपेण चार्ज न कृतम्)"],"two":[{"t":"idOrVar","v":"level"},"% चार्ज (",{"t":"idOrVar","v":"hours"}," घटिका ",{"t":"idOrVar","v":"minutes"}," मिनटं पूर्णरूपेण न चार्ज पर्यन्तम् )"],"few":[{"t":"idOrVar","v":"level"},"% चार्ज (",{"t":"idOrVar","v":"hours"}," घटिका ",{"t":"idOrVar","v":"minutes"}," मिनटं पूर्णरूपेण न चार्ज पर्यन्तम् )"],"many":[{"t":"idOrVar","v":"level"},"% चार्ज (",{"t":"idOrVar","v":"hours"}," घटिका ",{"t":"idOrVar","v":"minutes"}," मिनटं पूर्णरूपेण न चार्ज पर्यन्तम् )"],"other":[{"t":"idOrVar","v":"level"},"% चार्ज (",{"t":"idOrVar","v":"hours"}," घटिका ",{"t":"idOrVar","v":"minutes"}," मिनटं पूर्णरूपेण न चार्ज पर्यन्तम् )"]},"$x":[{"t":"idOrVar","v":"plural"},"minutes"]},{"$i":"phoneNumberInput","ariaLabel":"फोनसंख्या"},{"$i":"keypadDelete","ariaLabel":"लुप्यताम्"},{"$i":"voiceMailKey","ariaLabel":"ध्वनिसन्देशः"},{"$i":"asterisk","ariaLabel":"तारांकनम्"},{"$i":"hashSign","ariaLabel":"हाशचिह्नम्"},{"$i":"loadingSimContacts","$v":"सिमकार्डसंपर्काः लोडभवन्ति..."},{"$i":"noContactsWereFound","$v":"कोऽपि सम्पर्कः न प्राप्तः"},{"$i":"noContactsFoundDialogOk","$v":"नुदताम्"},{"$i":"emergencyNumber","$v":"आपत्कालीनसंख्या"},{"$i":"callAirplaneModeMessage","$v":"आह्वाहनं कर्तुं भवता/भवत्या अभविन्यासे विमानावस्था निष्क्रिया करणीया।"},{"$i":"callAirplaneModeBtnOk","$v":"नुदताम्"},{"$i":"callAirplaneModeTitle","$v":"वायुयानमोड सक्रियः"},{"$i":"numberIsBusyTitle","$v":"संख्या व्यस्तमस्ति"},{"$i":"numberIsBusyMessage","$v":"क्रमाङ्कः अधुना व्यस्तः अस्ति। कृपया पुनश्चेष्टितव्यमनन्तरम् ।"},{"$i":"fdnIsActiveTitle","$v":"FDN सक्रियः"},{"$i":"fdnIsActiveMessage","$v":["FDN (फिक्स्ड डायलिंग नंबरस) सक्रियः वर्तते निम्नसंख्या च भवतः FDN सूच्यां नास्ति : ",{"t":"idOrVar","v":"number"}]},{"$i":"emergencyDialogBodyBadNumber","$v":"आह्वाहनं कर्तुं दूरभाषः जालेन सह संयोजितः स्यादेव।"},{"$i":"emergencyDialogBodyDeviceNotAccepted","$v":"जालेन आपत्कालाह्वाहानि न अनुमोदितानि।"},{"$i":"emergencyDialogBtnOk","$v":"नुदताम्"},{"$i":"emergencyDialogTitle","$v":"जालसंकेतं न वर्तते"},{"$i":"invalidNumberToDialTitle","$v":"अवैधफोनसंख्या"},{"$i":"invalidNumberToDialMessage","$v":"यं क्रमाङ्कं प्रति भवा्न्/भवती आह्वयति, सः अयोग्यः अस्ति।"},{"$i":"unableToCallTitle","$v":"अधुना फ़ोन कॉल कर्तुम् असमर्थम्"},{"$i":"unableToCallMessage","$v":"कॉल कर्तुं न शक्यते यदि भवान् पूर्वमेव डायलम् अकरोत् तर्हि कृपया पूर्वं तिष्ठतु।"},{"$i":"otherConnectionInUseTitle","$v":"उपयोगे अन्यकनेक्शनम्"},{"$i":"otherConnectionInUseMessage","$v":"अन्यसंयोजने भवतः/भवत्याः अन्याह्वाहनं सक्रियम् अस्ति। एकस्मिन् समये भवान्/भवती एकमेव संयोजनं प्रयोक्तुं शक्नोति।"},{"$i":"clear","$v":"लुप्यताम्"},{"$i":"dialer","$v":"अङ्कपट्टिका"},{"$i":"tcl-incomming-call","$v":"आगतम् आह्वाहनम्"},{"$i":"tcl-in-call","$v":"वार्तामध्ये"},{"$i":"tcl-answer","$v":"उत्तरम्"},{"$i":"tcl-end-answer","$v":"अन्तिमम् उत्तरं च"},{"$i":"tcl-decline","$v":"अस्वीकृतम्"},{"$i":"tcl-mute","$v":"ध्वनिमौनीकरणम्"},{"$i":"tcl-unmute","$v":"असंयोजयतु"},{"$i":"tcl-speaker","$v":"वक्ता"},{"$i":"tcl-speaker-off","$v":"ध्वनिवर्धकः पिहितः"},{"$i":"tcl-microphone-mute-notification","$v":"माइक्रोफ़ोन मौनम्"},{"$i":"tcl-microphone-active-notification","$v":"माइक्रोफ़ोन सक्रियः वर्तते"},{"$i":"tcl-speaker-off-notification","$v":"बाह्यस्पीकारः निष्क्रियः"},{"$i":"tcl-speaker-on-notification","$v":"बाह्यस्पीकारः सक्रियः"},{"$i":"tcl-hold-and-answer","$v":{"$o":"गृह्णातु & उत्तरं ददातु"}},{"$i":"tcl-ignore-call","$v":"आगन्तुं कॉल न ग्रहणीयम्"},{"$i":"tcl-add-to-call","$v":"कॉल योजयतु"},{"$i":"tcl-switch-to-second-line","$v":"आह्वानहनं विच्छेदयतु"},{"$i":"tcl-merge-calls","$v":"कॉल मर्ज करोतु"},{"$i":"btnOk","$v":"नुदताम्"},{"$i":"losing-wifi-msg","$v":"वाई वाई विलोपनम्"},{"$i":"hd","$v":"HD"},{"$i":"manage-call","$v":"कॉल प्रबंधितम्"},{"$i":"end","$v":"आह्वानस्य अन्तः"},{"$i":"private","$v":"व्यक्तिगतः"},{"$i":"sound","$v":"ध्वनिः"},{"$i":"bluetooth-device","$v":"ब्लूटूथडीवाइसः"},{"$i":"handset-earpiece","$v":"हस्तसेट"},{"$i":"call-ended","$v":"कॉल समाप्तम्"},{"$i":"payphone","$v":"पेफोनः"},{"$i":"contact","$v":"संपर्कः"},{"$i":"volume","$v":"ध्वनिः"},{"$i":"softkey-options","$v":"विकल्पाः"},{"$i":"resume-call","$v":"कॉल पुनः प्रारभ्यतु"},{"$i":"switch-to-device-toast","$v":"ब्लूटूथोपकरणे स्विचकृतम्"},{"$i":"switch-to-handset-toast","$v":"हैंडसेट इयरपीस डिवाइसे स्विचकृतम्"},{"$i":"switch-to-speaker-toast","$v":"स्पीकरे स्विचकृतम्"},{"$i":"emergency-call","$v":"एतत् किञ्चन आपत्कालीनम् आह्वाहनम् अस्ति।"},{"$i":"link","$v":"परिसन्धिः :"},{"$i":"call-left-conference-toast","$v":[{"t":"idOrVar","v":"number"}," कॉल त्यक्तम्"]}]