[{"$i":"tcl-calllog-entry-removed-succ-notification","$v":"ᱠᱚᱞ ᱞᱳᱜ ᱟᱫᱮᱨᱟᱜ ᱫᱚ ᱚᱪᱚᱜ ᱟᱠᱟᱱᱟ"},{"$i":"tcl-calllog-entry-removed-err-notification","$v":"ᱠᱚᱞ ᱞᱚᱜ ᱟᱫᱮᱨ ᱵᱟᱢ ᱥᱟᱦᱟ ᱫᱟᱲᱮᱭᱟᱜ ᱟ"},{"$i":"addNewNumber","$v":"ᱱᱟᱣᱟ ᱞᱮᱠᱷᱟ ᱥᱮᱞᱮᱫ"},{"$i":"contactDetails","$v":"ᱡᱚᱜᱟᱡᱳᱜᱵᱤᱵᱚᱨᱚᱱᱠᱚ"},{"$i":"addToExistingContact","$v":"ᱢᱮᱱᱟᱜ ᱡᱚᱜᱟᱡᱳᱜ ᱨᱮ ᱥᱮᱞᱮᱫ"},{"$i":"all","$v":"ᱡᱚᱛᱚ","ariaLabel":"ᱡᱚᱛᱚ"},{"$i":"bluetoothOption","$v":""},{"$i":"callLog","$v":"ᱠᱚᱞ ᱞᱳᱜ"},{"$i":"callLogEdit","title":"ᱠᱚᱞ ᱞᱳᱜ ᱟᱹᱨᱩ"},{"$i":"tcl-option-menu-call-log-edit","$v":"ᱠᱚᱞ ᱞᱳᱜ ᱟᱹᱨᱩ"},{"$i":"callLogEditDialog","ariaLabel":"ᱠᱚᱞ ᱞᱳᱜ ᱰᱟᱭᱞᱳᱜ ᱟᱹᱨᱩ"},{"$i":"tcl-call-log-delete-group-notification","$v":[{"t":"idOrVar","v":"n"}," ᱟᱫᱮᱨ ᱟᱠᱟᱫᱟᱜ ᱚᱪᱚᱜ ᱟᱠᱟᱱᱟ"]},{"$i":"connecting","$v":"ᱠᱚᱞᱚᱜ ᱠᱟᱱᱟ"},{"$i":"connectingEllipsis","$v":"ᱡᱩᱲᱟᱜ ᱠᱟᱱᱟ..."},{"$i":"call-forwarding-async","$v":["ᱮᱥᱤᱸᱜᱠᱨᱳᱱᱟᱭᱤᱡ: ",{"t":"idOrVar","v":"async"}]},{"$i":"call-forwarding-data","$v":["ᱰᱮᱴᱟ: ",{"t":"idOrVar","v":"data"}]},{"$i":"call-forwarding-error","$v":"ᱠᱚᱞ ᱰᱷᱤᱛᱚᱜ ᱚᱵᱚᱥᱛᱟ ᱧᱟᱢ ᱟᱨᱩ ᱟᱠᱛᱮ ᱨᱮ ᱵᱷᱩᱞᱟᱜ ᱧᱟᱢ ᱟᱠᱟᱱᱟ"},{"$i":"call-forwarding-fax","$v":["FAX: ",{"t":"idOrVar","v":"fax"}]},{"$i":"call-forwarding-inactive","$v":"ᱚᱥᱚᱠᱪᱷᱚᱢ"},{"$i":"call-forwarding-packet","$v":["ᱜᱷᱮᱸᱴ: ",{"t":"idOrVar","v":"packet"}]},{"$i":"call-forwarding-pad","$v":["PAD: ",{"t":"idOrVar","v":"pad"}]},{"$i":"call-forwarding-sms","$v":["SMS: ",{"t":"idOrVar","v":"sms"}]},{"$i":"call-forwarding-status","$v":"ᱠᱚᱞ ᱰᱷᱤᱴᱚᱨ ᱚᱵᱚᱥᱛᱟ"},{"$i":"call-forwarding-sync","$v":["ᱥᱤᱸᱜᱠᱨᱳᱱᱚᱣᱟᱥ: ",{"t":"idOrVar","v":"sync"}]},{"$i":"call-forwarding-voice","$v":["ᱟᱲᱟᱝ ",{"t":"idOrVar","v":"voice"}]},{"$i":"close","$v":"ᱵᱟᱪᱷᱟᱣ"},{"$i":"confirm-deletion","$v":"ᱵᱟᱪᱷᱟᱣ ᱟᱠᱟᱱ ᱠᱚᱞ ᱞᱚ ᱥᱟᱯᱷᱹᱟ?"},{"$i":"contacts","ariaLabel":"ᱡᱚᱜᱟᱡᱳᱜᱠᱚ"},{"$i":"createNewContact","$v":"ᱱᱟᱣᱟ ᱠᱷᱟᱛᱟ ᱵᱤᱱᱟᱣ"},{"$i":"delete","$v":"ᱢᱮᱴᱟᱣ"},{"$i":"calllog-deselectAll","$v":"ᱡᱚᱛᱚ ᱚᱵᱟᱪᱷᱟᱣ"},{"$i":"dialerAddContact","$v":""},{"$i":"dialerAddContactDialog","ariaLabel":"ᱡᱚᱜᱟᱡᱳᱜ ᱫᱟᱭᱞᱚᱜ ᱥᱮᱞᱮᱫ"},{"$i":"callInformation","$v":"ᱠᱚᱞ ᱠᱷᱚᱵᱚᱨ"},{"$i":"edit-selected","$v":{"one":["ᱵᱟᱪᱷᱟᱣ ᱟᱠᱟᱱᱟᱜ(",{"t":"idOrVar","v":"n"},")"],"two":["ᱵᱟᱪᱷᱟᱣ ᱟᱠᱟᱱᱟᱜ(",{"t":"idOrVar","v":"n"},")"],"few":["ᱵᱟᱪᱷᱟᱣ ᱟᱠᱟᱱᱟᱜ(",{"t":"idOrVar","v":"n"},")"],"many":["ᱵᱟᱪᱷᱟᱣ ᱟᱠᱟᱱᱟᱜ(",{"t":"idOrVar","v":"n"},")"],"other":["ᱵᱟᱪᱷᱟᱣ ᱟᱠᱟᱱᱟᱜ(",{"t":"idOrVar","v":"n"},")"]},"$x":[{"t":"idOrVar","v":"plural"},"n"]},{"$i":"tcl-edit-not-selected","$v":"ᱵᱟᱪᱷᱟᱣ ᱟᱠᱟᱱᱟᱜ(0)"},{"$i":"edit","$v":"ᱟᱨᱩ"},{"$i":"hideKeypad","ariaLabel":"ᱩᱠᱩ ᱠᱤᱯᱮᱰ"},{"$i":"ignore","$v":""},{"$i":"incoming","$v":"ᱫᱟᱨᱟᱭ ᱠᱟᱱᱟᱜ"},{"$i":"keypad","ariaLabel":"ᱠᱤᱯᱮᱰ"},{"$i":"makeCall","$v":""},{"$i":"merge","$v":""},{"$i":"info-missed","$v":"ᱦᱤᱲᱤᱧ ᱟᱠᱟᱱᱟᱜ"},{"$i":"missed","$v":"ᱦᱤᱲᱤᱧ ᱟᱠᱟᱱᱟᱜ","ariaLabel":"ᱦᱤᱲᱤᱧ ᱟᱠᱟᱱᱟᱜ"},{"$i":"dialed","$v":"ᱰᱟᱭᱤᱞ ᱟᱠᱟᱱᱟ"},{"$i":"received","$v":"ᱦᱟᱛᱟᱣᱮᱱᱟ"},{"$i":"canceled","$v":"ᱥᱮᱥ ᱟᱠᱟᱱᱟ"},{"$i":"missedCall","$v":"ᱦᱟᱲᱤᱧ ᱟᱠᱟᱱ ᱠᱚᱞ"},{"$i":"missedCallMultiSims","$v":["(SIM ",{"t":"idOrVar","v":"n"},") ᱦᱟᱲᱤᱧ ᱟᱠᱟᱱ ᱠᱚᱞ"]},{"$i":"mmi-error","$v":"ᱠᱷᱚᱵᱚᱨ ᱠᱩᱞᱩᱜ ᱚᱠᱛᱮ ᱨᱮ ᱵᱷᱩᱞᱟᱜ ᱧᱟᱢ ᱟᱠᱟᱱᱟ"},{"$i":"mmi-session-expired","$v":"ᱚᱠᱛᱮ ᱫᱚ ᱯᱟᱨᱚᱢ ᱟᱠᱟᱱᱟ"},{"$i":"mmi-successfully-sent","$v":"ᱠᱷᱚᱵᱚᱨ ᱫᱚ ᱱᱟᱯᱟᱭ ᱛᱮ ᱠᱩᱞ ᱱᱟ"},{"$i":"mmi-notification-title-with-sim","$v":["(",{"t":"idOrVar","v":"sim"},") ",{"t":"idOrVar","v":"title"}]},{"$i":"mute","$v":""},{"$i":"newCall","$v":""},{"$i":"no-logs-msg-1","$v":"ᱵᱟᱱᱩᱜ-ᱟ ᱠᱚᱞ ᱨᱮᱠᱟᱨᱰᱟᱜ ᱠᱚ"},{"$i":"no-logs-msg-2","$v":"ᱧᱤᱛ ᱜᱟᱯᱟᱞᱢᱟᱨᱟᱣ ᱮᱦᱚᱵ"},{"$i":"no-logs-msg-3","$v":"ᱵᱟᱱᱩᱜ-ᱟ ᱠᱚᱞ ᱨᱮᱠᱟᱨᱰᱟᱜ ᱠᱚ"},{"$i":"no-logs-msg-4","$v":"ᱧᱤᱛ ᱜᱟᱯᱟᱞᱢᱟᱨᱟᱣ ᱮᱦᱚᱵ"},{"$i":"onHoldOption","$v":""},{"$i":"outgoing","$v":"ᱵᱟᱦᱨᱮ ᱪᱟᱞᱟᱜ-ᱟ"},{"$i":"recents","ariaLabel":"ᱦᱟᱞᱤ ᱠᱚᱞ ᱠᱚ"},{"$i":"reply","$v":"ᱛᱮᱞᱟ"},{"$i":"calllog-selectAll","$v":"ᱡᱚᱛᱚ ᱵᱟᱪᱷᱟᱣ"},{"$i":"send","$v":"ᱠᱩᱞ"},{"$i":"switch-calls","$v":"ᱠᱚᱞ ᱠᱚ ᱞᱟᱜᱤᱫ ᱪᱷᱤᱴᱠᱮᱨ"},{"$i":"today","$v":"ᱛᱤᱦᱤᱧ"},{"$i":"withheld-number","$v":"ᱵᱟᱝ ᱵᱟᱰᱟᱭᱟᱜ"},{"$i":"from-contact","$v":["ᱠᱷᱚᱱ ",{"t":"idOrVar","v":"contact"}]},{"$i":"from-number","$v":["ᱠᱷᱚᱱ ",{"t":"idOrVar","v":"number"}]},{"$i":"from-withheld-number","$v":"ᱵᱟᱝ ᱵᱟᱰᱟᱭ ᱞᱮᱠᱷᱟ ᱠᱷᱚᱱ"},{"$i":"yesterday","$v":"ᱦᱚᱞᱟ"},{"$i":"sending","$v":"ᱠᱩᱞᱩᱜ ᱠᱟᱱᱟ..."},{"$i":"speakerOption","$v":""},{"$i":"ussd-services","$v":[{"t":"idOrVar","v":"operator"}," ᱥᱮᱣᱟ ᱠᱚ"]},{"$i":"toggleKeypad","$v":""},{"$i":"type-your-response","placeholder":"ᱚᱞ ᱢᱮ ᱟᱠᱟᱜ ᱛᱮᱞᱟᱣᱟᱜ…"},{"$i":"clear-all-text","$v":"ᱡᱚᱛᱚ ᱞᱤᱯᱤ ᱥᱟᱯᱷᱹᱟ"},{"$i":"hide","$v":"ᱩᱠᱩ"},{"$i":"call","$v":"ᱠᱚᱞ"},{"$i":"hold","$v":"ᱥᱟᱵ"},{"$i":"resume","$v":"ᱜᱷᱩᱨᱮ ᱛᱮ ᱮᱦᱚᱵ","ariaLabel":"ᱜᱷᱩᱨᱮ ᱛᱮ ᱮᱦᱚᱵ"},{"$i":"sendSms","$v":"ᱠᱷᱚᱵᱚᱨ ᱠᱩᱞ"},{"$i":"callEnded","$v":"ᱠᱚᱞ ᱥᱮᱥ ᱟᱠᱟᱱᱟ"},{"$i":"via-sim","$v":[{"t":"idOrVar","v":"n"}," SIM ᱫᱟᱨᱟᱭ ᱛᱮ"]},{"$i":"sim-number","$v":["SIM",{"t":"idOrVar","v":"n"}]},{"$i":"unknown","$v":"ᱵᱟᱝ ᱵᱟᱰᱟᱭᱟᱜ"},{"$i":"cancel","$v":"ᱢᱩᱪᱮᱫ"},{"$i":"hangup-a11y-button","$v":""},{"$i":"pickup-a11y-button","$v":""},{"$i":"unlock-a11y-button","ariaLabel":"ᱥᱞᱟᱭᱰᱚᱨ"},{"$i":"settings","$v":"ᱥᱮᱴᱤᱸᱜ"},{"$i":"tcl-delete-log","$v":"ᱪᱤᱫ ᱟᱢ ᱥᱟᱨᱤ ᱛᱮ ᱠᱚᱞ ᱞᱳᱜ ᱠᱷᱚᱱ ᱵᱟᱪᱷᱟᱣ ᱟᱠᱟᱫ ᱟᱫᱮᱨᱟᱜ ᱢᱮᱴᱟᱣ ᱥᱟᱱᱟᱭᱮᱜ ᱢᱮᱭᱟ?"},{"$i":"delete-n-log?","$v":{"zero":"ᱵᱟᱝ ᱵᱟᱪᱷᱟ ᱟᱠᱟᱱᱟ","one":"ᱵᱟᱪᱷᱟᱣ ᱟᱠᱟᱱ ᱞᱳᱜ ᱢᱮᱴᱟᱣ?","two":[{"t":"idOrVar","v":"n"}," ᱞᱳᱜ ᱠᱚ ᱢᱮᱴᱟᱣ?"],"few":[{"t":"idOrVar","v":"n"}," ᱞᱳᱜ ᱠᱚ ᱢᱮᱴᱟᱣ?"],"many":[{"t":"idOrVar","v":"n"}," ᱞᱳᱜ ᱠᱚ ᱢᱮᱴᱟᱣ?"],"other":[{"t":"idOrVar","v":"n"}," ᱞᱳᱜ ᱠᱚ ᱢᱮᱴᱟᱣ?"]},"$x":[{"t":"idOrVar","v":"plural"},"n"]},{"$i":"composeEmail","ariaLabel":"ᱤᱢᱮᱞ"},{"$i":"emailDetail","ariaLabel":"ᱤᱢᱮᱞ"},{"$i":"phoneDetail","ariaLabel":"ᱯᱷᱹᱚᱱ"},{"$i":"send-sms-button","ariaLabel":"SMS"},{"$i":"separator","$v":","},{"$i":"callDurationMinutes","$v":[{"t":"idOrVar","v":"m"},":",{"t":"idOrVar","v":"s"}]},{"$i":"callDurationHours","$v":[{"t":"idOrVar","v":"h"},":",{"t":"idOrVar","v":"m"},":",{"t":"idOrVar","v":"s"}]},{"$i":"callDurationTextFormatSeconds","$v":[{"t":"idOrVar","v":"s"}," s"]},{"$i":"callDurationTextFormatMinutes","$v":[{"t":"idOrVar","v":"m"}," m ",{"t":"idOrVar","v":"s"}," s"]},{"$i":"callDurationTextFormatHours","$v":[{"t":"idOrVar","v":"h"}," h ",{"t":"idOrVar","v":"m"}," m ",{"t":"idOrVar","v":"s"}," s"]},{"$i":"suggestionMatches","$v":{"one":[{"t":"idOrVar","v":"n"}," ᱡᱩᱲᱤ ᱞᱟᱜᱤᱫ \"",{"t":"idOrVar","v":"matchNumber"},"\""],"two":[{"t":"idOrVar","v":"n"}," ᱡᱩᱲᱤ ᱞᱟᱜᱤᱫ \"",{"t":"idOrVar","v":"matchNumber"},"\""],"few":[{"t":"idOrVar","v":"n"}," ᱡᱩᱲᱤ ᱞᱟᱜᱤᱫ \"",{"t":"idOrVar","v":"matchNumber"},"\""],"many":[{"t":"idOrVar","v":"n"}," ᱡᱩᱲᱤ ᱞᱟᱜᱤᱫ \"",{"t":"idOrVar","v":"matchNumber"},"\""],"other":[{"t":"idOrVar","v":"n"}," ᱡᱩᱲᱤ ᱞᱟᱜᱤᱫ \"",{"t":"idOrVar","v":"matchNumber"},"\""]},"$x":[{"t":"idOrVar","v":"plural"},"n"]},{"$i":"scCallBarring","$v":"ᱠᱚᱞ ᱵᱟᱨᱚᱱᱟᱜ"},{"$i":"scCallForwarding","$v":"ᱠᱚᱞ ᱰᱷᱤᱴᱚᱜ ᱠᱟᱱᱟ"},{"$i":"scClip","$v":"ᱫᱟᱨᱟᱭ ᱠᱟᱱ ᱠᱚᱞᱚᱨ ID"},{"$i":"scClir","$v":"ᱵᱟᱦᱨᱮ ᱪᱟᱞᱟᱜ ᱠᱟᱱᱟ ᱠᱚᱞᱚᱨ ID"},{"$i":"scPwd","$v":"ᱯᱟᱥᱣᱟᱨᱰ ᱵᱚᱫᱚᱞ"},{"$i":"scCallWaiting","$v":"ᱠᱚᱞ ᱛᱟᱝᱜᱤ"},{"$i":"scPin","$v":"PIN ᱵᱚᱫᱚᱞ"},{"$i":"scPin2","$v":"PIN2 ᱵᱚᱫᱚᱞ"},{"$i":"scPuk","$v":"PIN ᱵᱟᱝ ᱵᱟᱨᱚᱱᱟᱜ"},{"$i":"scPuk2","$v":"PIN2 ᱵᱟᱝ ᱵᱟᱨᱚᱱᱟᱜ"},{"$i":"scImei","$v":"IMEI"},{"$i":"scMeid","$v":"MEID"},{"$i":"scUssd","$v":"USSD"},{"$i":"serviceClassVoice","$v":"ᱟᱲᱟᱝ"},{"$i":"serviceClassData","$v":"ᱰᱮᱴᱟ"},{"$i":"serviceClassFax","$v":"FAX"},{"$i":"serviceClassSms","$v":"SMS"},{"$i":"serviceClassDataSync","$v":"ᱥᱤᱸᱜᱠᱨᱳᱱᱟᱭᱤᱡ"},{"$i":"serviceClassDataAsync","$v":"ᱚᱥᱤᱸᱜᱠᱨᱳᱱᱟᱭᱤᱡ"},{"$i":"serviceClassPacket","$v":"ᱯᱚᱠᱮᱴ"},{"$i":"serviceClassPad","$v":"PAD"},{"$i":"smServiceEnabled","$v":"ᱥᱮᱣᱟ ᱫᱚ ᱥᱚᱠᱪᱷᱚᱢ ᱟᱠᱟᱱᱟ"},{"$i":"smServiceDisabled","$v":"ᱥᱮᱣᱟ ᱫᱚ ᱚᱥᱚᱠᱪᱷᱚᱢ ᱟᱠᱟᱱᱟ"},{"$i":"smServiceRegistered","$v":"ᱚᱞ ᱩᱪᱩ ᱫᱚ ᱱᱟᱯᱟᱭ ᱛᱮ ᱥᱮᱛ ᱟᱠᱟᱱᱟ"},{"$i":"smServiceErased","$v":"ᱢᱮᱴᱟᱣ ᱫᱚ ᱱᱟᱯᱟᱭ ᱛᱮ ᱢᱩᱪᱮᱫᱽ ᱟᱠᱟᱱᱟ"},{"$i":"smServiceInterrogated","$v":"ᱱᱮᱦᱚᱨᱟᱜ ᱫᱚ ᱱᱟᱯᱟᱭ ᱛᱮ ᱥᱮᱛ ᱟᱠᱟᱱᱟ"},{"$i":"smServiceNotProvisioned","$v":"ᱥᱮᱣᱟ ᱫᱚ ᱞᱮᱜᱟ ᱞᱟᱜᱤᱫ ᱵᱟᱱᱩᱜ-ᱟ"},{"$i":"smClirPermanent","$v":"ᱟᱢ ᱫᱚ ᱵᱟᱝ ᱮᱢ ᱵᱚᱫᱚᱞ ᱫᱟᱲᱤᱭᱜ-ᱟ ᱠᱚᱞᱚᱨ ID ᱥᱮᱴᱤᱸᱜ"},{"$i":"smClirDefaultOnNextCallOn","$v":"ᱠᱚᱞᱚᱨ ID ᱟᱥᱚᱞᱟᱜ ᱫᱚ ᱵᱟᱨᱚᱱ ᱜᱮᱭᱟ. ᱫᱟᱨᱟᱭ ᱠᱟᱱᱟ ᱠᱚᱞ: ᱵᱟᱨᱚᱱ"},{"$i":"smClirDefaultOnNextCallOff","$v":"ᱠᱚᱞᱚᱨ ID ᱟᱥᱚᱞᱟᱜ ᱫᱚ ᱵᱟᱨᱚᱱ ᱜᱮᱭᱟ. ᱫᱟᱨᱟᱭ ᱠᱟᱱᱟ ᱠᱚᱞ: ᱵᱟᱝ ᱵᱟᱨᱚᱱᱟᱜ"},{"$i":"smClirDefaultOffNextCallOn","$v":"ᱠᱚᱞᱚᱨ ID ᱟᱥᱚᱞᱟᱜ ᱫᱚ ᱵᱟᱝ ᱵᱟᱨᱚᱱᱟ. ᱫᱟᱨᱟᱭ ᱠᱟᱱᱟ ᱠᱚᱞ: ᱵᱟᱨᱚᱱ"},{"$i":"smClirDefaultOffNextCallOff","$v":"ᱠᱚᱞᱚᱨ ID ᱟᱥᱚᱞᱟᱜ ᱫᱚ ᱵᱟᱝ ᱵᱟᱨᱚᱱᱟ. ᱫᱟᱨᱟᱭ ᱠᱟᱱᱟ ᱠᱚᱞ: ᱵᱟᱝ ᱵᱟᱨᱚᱱᱟᱜ"},{"$i":"smServiceEnabledFor","$v":"ᱥᱮᱣᱟ ᱫᱚ ᱥᱚᱪᱷᱚᱢ ᱜᱮᱭᱟ:"},{"$i":"smPinChanged","$v":"PIN ᱫᱚ ᱱᱟᱯᱟᱭ ᱛᱮ ᱵᱚᱫᱚᱞ ᱟᱠᱟᱱᱟ"},{"$i":"smPinUnblocked","$v":"PIN ᱫᱚ ᱱᱟᱯᱟᱭ ᱛᱮ ᱠᱩᱞᱩᱯ ᱡᱷᱤᱡ ᱟᱠᱟᱱᱟ"},{"$i":"smPin2Changed","$v":"PIN2 ᱱᱟᱯᱟᱣ ᱛᱮ ᱵᱚᱫᱚᱞ ᱟᱠᱟᱱᱟ"},{"$i":"smPin2Unblocked","$v":"PIN2 ᱱᱟᱯᱟᱭ ᱛᱮ ᱠᱩᱞᱩ ᱡᱷᱤᱡ ᱟᱠᱟᱱᱟ"},{"$i":"ServiceIsEnabled","$v":"ᱥᱮᱣᱟ ᱫᱚ ᱥᱚᱠᱪᱷᱚᱢ ᱜᱮᱭᱟ"},{"$i":"ServiceIsDisabled","$v":"ᱥᱮᱣᱟ ᱫᱚ ᱚᱥᱚᱠᱪᱷᱚᱢ ᱜᱮᱭᱟ"},{"$i":"ServiceIsEnabledFor","$v":"ᱥᱮᱣᱟ ᱥᱚᱠᱪᱷᱚᱢ ᱞᱟᱜᱤᱫ:"},{"$i":"emMmiError","$v":"ᱡᱩᱲᱟᱣ ᱨᱮ ᱢᱩᱥᱠᱤᱞ ᱟᱨᱵᱟᱝᱠᱷᱟᱱ ᱵᱟᱝ ᱜᱟᱱᱚᱜ MMI ᱠᱳᱰ"},{"$i":"emMmiErrorPasswordIncorrect","$v":"ᱯᱟᱥᱣᱟᱨᱰ ᱵᱷᱩᱞᱟᱜ ᱜᱮᱭᱟ"},{"$i":"emMmiErrorNotSupported","$v":"ᱵᱟᱝ ᱜᱟᱱᱚ ᱟᱨᱵᱟᱝᱠᱷᱟᱱ ᱵᱟᱭ ᱜᱚᱲᱚᱜ-ᱟ MMI ᱠᱟᱨᱰ"},{"$i":"emMmiErrorInvalidAction","$v":"ᱜᱷᱟᱛ ᱵᱟᱝ ᱜᱟᱱᱚᱜ"},{"$i":"emMmiErrorInvalidScCode","$v":"ᱥᱮᱣᱟ ᱠᱳᱰ ᱵᱟᱝ ᱜᱟᱱᱚᱜ"},{"$i":"emMmiErrorBadPuk","$v":"ᱱᱚᱣᱟ PUK ᱟᱢ ᱚᱞᱟᱜ ᱫᱚ ᱵᱟᱝ ᱥᱩᱦᱤᱭᱟᱜ"},{"$i":"emMmiErrorBadPin","$v":"ᱱᱚᱣᱟ ᱢᱟᱨᱤ PIN ᱟᱢ ᱚᱞᱟᱜ ᱫᱚ ᱵᱷᱩᱞ ᱜᱮᱭᱟ."},{"$i":"emMmiErrorNeedPuk2","$v":"SIM ᱠᱟᱨᱰ ᱡᱷᱤᱡ ᱞᱟᱜᱤᱫ ᱚᱞ ᱢᱮ PUK2"},{"$i":"emMmiErrorMismatchPin","$v":"ᱱᱚᱣᱟ PIN ᱠᱚ ᱟᱢ ᱚᱞ ᱟᱠᱟᱫᱟᱜ ᱫᱚ ᱵᱟᱝ ᱡᱩᱲᱤ ᱞᱮᱱᱟ"},{"$i":"emMmiErrorInvalidPin","$v":"ᱚᱞ ᱢᱮ PIN ᱡᱟᱦᱟ ᱫᱚ 4 ᱠᱷᱚᱱ 8 ᱞᱮᱠᱷᱟ ᱠᱚ"},{"$i":"emMmiErrorNeedsPuk","$v":"ᱟᱢᱟᱜ SIM ᱠᱟᱨᱰ ᱨᱮᱭᱟᱜ PUK ᱠᱩᱞᱩᱯ ᱟᱠᱟᱱᱟ"},{"$i":"emMmiErrorEnablePin","$v":"ᱵᱟᱝᱥᱮᱛᱟᱜ. SIM/RUIM ᱠᱩᱞᱩᱯ ᱥᱚᱠᱪᱷᱚᱢ"},{"$i":"emMmiErrorMmiFdn","$v":"ᱠᱟᱹᱢᱤᱦᱚᱨᱟ ᱫᱚ ᱵᱟᱨᱚᱱ ᱟᱠᱟᱱᱟ ᱮᱠᱮᱱ ᱜᱚᱴᱟ ᱟᱠᱟᱫ ᱞᱮᱠᱷᱟ ᱠᱚ ᱨᱮ"},{"$i":"emMmiErrorStkCcUssdDial","$v":"USSD ᱱᱮᱦᱚᱨ ᱫᱚ ᱟᱹᱨᱩ ᱟᱠᱟᱱᱟ  DIAL ᱱᱮᱦᱚᱨ ᱞᱟᱜᱤᱫ"},{"$i":"emMmiErrorStkCcUssdSs","$v":"USSD ᱱᱮᱦᱚᱨ ᱫᱚ ᱟᱹᱨᱩ ᱟᱠᱟᱱᱟ  SS ᱱᱮᱦᱚᱨ ᱞᱟᱜᱤᱫ"},{"$i":"emMmiErrorStkCcUssdUssd","$v":"USSD ᱱᱮᱦᱚᱨ ᱫᱟᱭ ᱱᱟᱣᱟ USSD ᱱᱮᱦᱚᱨ ᱟᱹᱨᱩ ᱞᱟᱜᱤᱫ."},{"$i":"emMmiErrorStkCcSsDial","$v":"SS ᱰᱟᱭᱤᱞᱟᱜ ᱱᱮᱦᱚᱨ ᱟᱠᱟᱫ ᱟᱹᱨᱩ ᱞᱟᱜᱤᱫ ᱱᱮᱦᱚᱨ"},{"$i":"emMmiErrorStkCcSsUssd","$v":"SS ᱱᱮᱦᱚᱨ ᱫᱚ ᱟᱹᱨᱩ ᱟᱠᱟᱱᱟ  USSD ᱱᱮᱦᱚᱨ ᱞᱟᱜᱤᱫ"},{"$i":"emMmiErrorStkCcSsSs","$v":"SS ᱱᱟᱣᱟ SS ᱱᱮᱦᱚᱨ ᱞᱟᱜᱤᱫ ᱱᱮᱦᱚᱨᱟᱜ ᱟᱹᱨᱩ"},{"$i":"emMmiErrorPinPukAttempts","$v":{"one":["ᱮᱠᱮᱱ ",{"t":"idOrVar","v":"n"}," ᱞᱮᱜᱟ ᱵᱟᱸᱪᱟᱣ ᱟᱠᱟᱱᱟ"],"two":[{"t":"idOrVar","v":"n"}," ᱵᱟᱪᱷᱟᱣ ᱟᱠᱟᱠᱱᱟᱜ"],"few":[{"t":"idOrVar","v":"n"}," ᱵᱟᱪᱷᱟᱣ ᱟᱠᱟᱠᱱᱟᱜ"],"many":[{"t":"idOrVar","v":"n"}," ᱵᱟᱪᱷᱟᱣ ᱟᱠᱟᱠᱱᱟᱜ"],"other":[{"t":"idOrVar","v":"n"}," ᱵᱟᱪᱷᱟᱣ ᱟᱠᱟᱠᱱᱟᱜ"]},"$x":[{"t":"idOrVar","v":"plural"},"n"]},{"$i":"emMmiErrorSimBlocked","$v":"ᱵᱟᱲᱛᱤ ᱠᱷᱚᱱ ᱵᱟᱲᱛᱤ ᱪᱷᱩᱴᱤ ᱫᱚ ᱯᱟᱨᱚᱢ ᱟᱠᱟᱫᱟ. SIM ᱫᱚ ᱵᱟᱨᱚᱱ ᱟᱠᱟᱱᱟ"},{"$i":"RadioNotAvailable","$v":"ᱨᱮᱰᱤᱭᱳ ᱫᱚ ᱵᱟᱝ ᱧᱟᱢᱚᱜ-ᱟ"},{"$i":"GenericFailure","$v":"ᱟᱥᱚᱞᱟᱜ ᱫᱚ ᱰᱤᱜᱷᱮᱣᱱᱟ"},{"$i":"PasswordIncorrect","$v":"ᱯᱟᱥᱣᱟᱨᱰ ᱫᱚ ᱵᱷᱩᱜ ᱜᱮᱭᱟ"},{"$i":"SimPin2","$v":"SIM PIN2"},{"$i":"SimPuk2","$v":"SIM PUK2"},{"$i":"RequestNotSupported","$v":"ᱱᱮᱦᱚᱨᱟᱜ ᱟᱠᱫᱟᱜ ᱫᱚ ᱵᱟᱭ ᱜᱚᱲᱚᱜ-ᱟ"},{"$i":"OpNotAllowedDuringVoiceCall","$v":"ᱠᱟᱹᱢᱤᱦᱚᱨᱟ ᱫᱚ ᱵᱟᱝ ᱢᱟᱱᱟᱜ-ᱟ ᱟᱲᱟᱝ ᱠᱚᱞ ᱚᱠᱛᱮ ᱨᱮ"},{"$i":"SmsSendFailRetry","$v":"SMS send fail retry"},{"$i":"SimAbsent","$v":"SIM ᱵᱟᱱᱩᱜ-ᱟ"},{"$i":"SubscriptionNotAvailable","$v":"ᱵᱟᱝ ᱧᱟᱢᱚᱜ ᱠᱟᱱᱟ ᱢᱮᱢᱵᱚᱨ"},{"$i":"ModeNotSupported","$v":"ᱢᱳᱰ ᱫᱚ ᱵᱟᱭ ᱜᱚᱲᱚᱜ-ᱟ"},{"$i":"FdnCheckFailure","$v":"FDN ᱧᱮᱞ ᱫᱚ ᱰᱤᱜᱷᱮᱣ ᱟᱠᱟᱱᱟ"},{"$i":"IllegalSimOrMe","$v":"ᱚᱠᱟᱱᱩᱱ SIM ᱟᱨᱵᱟᱝᱠᱷᱟᱱ ME"},{"$i":"DialModifiedToUssd","$v":"USSD ᱞᱟᱜᱤᱫ ᱰᱟᱭᱤᱞ ᱟᱹᱨᱩ ᱟᱠᱟᱱᱟ"},{"$i":"DialModifiedToSs","$v":"SS ᱞᱟᱜᱤᱫ ᱰᱟᱭᱤᱞ ᱟᱹᱨᱩ ᱟᱠᱟᱱᱟ"},{"$i":"DialModifiedToDial","$v":"ᱰᱟᱭᱤᱞ ᱞᱟᱜᱤᱫ ᱰᱟᱭᱤᱞ ᱟᱹᱨᱩ ᱟᱠᱟᱱᱟ"},{"$i":"UssdModifiedToDial","$v":"USSD ᱰᱟᱭᱤᱞ ᱟᱹᱨᱩ ᱞᱟᱜᱤᱫ"},{"$i":"UssdModifiedToSs","$v":"USSD ᱟᱹᱨᱩ ᱞᱟᱜᱤᱫ SS"},{"$i":"UssdModifiedToUssd","$v":"USSD ᱟᱹᱨᱩ ᱞᱟᱜᱤᱫ USSD"},{"$i":"SsModifiedToDial","$v":"SS ᱰᱟᱭᱤᱞ ᱟᱹᱨᱩ ᱞᱟᱜᱤᱫ"},{"$i":"SsModifiedToUssd","$v":"USSD ᱟᱹᱨᱩ ᱞᱟᱜᱤᱫ SS"},{"$i":"SsModifiedToSs","$v":"SS ᱟᱹᱨᱩ ᱞᱟᱜᱤᱫ SS"},{"$i":"SubscriptionNotSupported","$v":"ᱵᱟᱭ ᱜᱚᱲᱟᱜ-ᱟ ᱢᱮᱢᱵᱚᱨ ᱫᱚ"},{"$i":"InvalidParameter","$v":"ᱯᱟᱨᱟᱢᱤᱴᱚᱨ ᱵᱟᱝ ᱜᱟᱱᱚᱜ"},{"$i":"RejectedByRemote","$v":"ᱨᱮᱢᱳᱴ ᱫᱟᱨᱟᱭ ᱛᱮ ᱵᱷᱟᱸᱜᱚᱲᱟ ᱟᱠᱟᱱᱟ"},{"$i":"conferenceCall","$v":["ᱵᱟᱭᱥᱤ (",{"t":"idOrVar","v":"n"},")"]},{"$i":"caller-left-call","$v":[{"t":"idOrVar","v":"caller"}," ᱠᱚᱞ ᱵᱟᱸᱪᱟᱣ ᱟᱠᱟᱱᱟ."]},{"$i":"conferenceAddError","$v":"ᱠᱚᱞ ᱠᱚ ᱵᱟᱝ ᱮᱢ ᱢᱮᱥᱟᱣ ᱫᱟᱲᱤᱭᱟᱜ-ᱟ"},{"$i":"conferenceRemoveError","$v":"ᱠᱚᱞ ᱠᱚ ᱵᱮᱜᱟᱨ ᱵᱟᱝ ᱮᱢ ᱫᱟᱲᱤᱭᱟᱜ-ᱟ"},{"$i":"longDateFormat","$v":"%A, %b %e"},{"$i":"select-audio-sources","$v":"ᱚᱰᱤᱭᱳ ᱧᱟᱢᱚᱜ ᱡᱟᱭᱜᱟ ᱵᱟᱪᱷᱟᱣ ᱢᱮ"},{"$i":"bluetooth-handsfree-device","$v":"Bluetooth ᱵᱮᱜᱚᱨ ᱛᱤ ᱛᱮᱭᱟᱜ ᱭᱚᱱᱛᱨᱚ"},{"$i":"receiver","$v":"ᱟᱛᱟᱝᱤᱡ"},{"$i":"speaker","$v":"ᱤᱥᱯᱤᱠᱚᱨ"},{"$i":"tcl-cancel","$v":"ᱢᱩᱪᱮᱫ"},{"$i":"tcl-dialer","$v":"ᱰᱟᱭᱞᱚᱨ"},{"$i":"tcl-confirmation","$v":"ᱜᱚᱴᱟᱜ ᱠᱟᱱᱟ"},{"$i":"log-item","$v":"ᱵᱤᱠᱟᱞᱚᱯ"},{"$i":"tcl-assign-speed-dial","$v":{"$o":["ᱡᱚᱜᱟᱡᱳᱜ ᱫᱚ ᱵᱟᱝ ᱥᱮᱞᱮᱫ ᱟᱠᱟᱱᱟ ᱛᱟᱯᱤᱥ ᱰᱟᱭᱤᱞ ᱵᱚᱴᱚᱱ ᱨᱮ \"",{"t":"idOrVar","v":"speedDial"},"\".<br><br>ᱧᱤᱛ ᱮᱢ ᱟᱠᱟᱱᱟ?"]}},{"$i":"tcl-assign","$v":"ᱮᱢ ᱟᱠᱟᱱᱟ"},{"$i":"select","$v":"ᱵᱟᱪᱷᱟᱣ"},{"$i":"deselect","$v":"ᱚᱵᱟᱪᱷᱟᱣ"},{"$i":"view-all","$v":"ᱡᱚᱛᱚ ᱧᱮᱞ"},{"$i":"search-results","$v":"ᱥᱮᱸᱫᱨᱟ ᱥᱤᱯᱮ ᱠᱚ"},{"$i":"no-recent-numbers","$v":"ᱰᱟᱭᱤᱞ ᱨᱮᱭᱟᱜ ᱠᱚᱞᱚᱜ ᱨᱮ ᱵᱟᱱᱩᱜ-ᱟ ᱦᱟᱞᱤ ᱛᱮᱭᱟᱜ ᱞᱮᱠᱷᱟ ᱠᱚ᱾"},{"$i":"wifi-calling","$v":"WiFi ᱠᱚᱞᱚᱜ ᱠᱟᱱᱟ"},{"$i":"dialer-prompt","$v":"ᱰᱟᱭᱤᱞ ᱞᱮᱠᱷᱟ ᱟᱨᱵᱟᱝᱠᱷᱟᱱ ᱡᱚᱜᱟᱡᱳᱜ ᱥᱮᱞᱮᱫ ᱞᱟᱜᱤᱫ ᱠᱚᱞ"},{"$i":"hours","$v":"ᱜᱷᱚᱱᱴᱟ ᱠᱚ"},{"$i":"minutes","$v":"ᱴᱤᱯᱤᱡ ᱠᱚ"},{"$i":"seconds","$v":"ᱴᱤᱯᱤᱡ"},{"$i":"voiceMail","$v":"ᱟᱲᱟᱝᱢᱮᱞ"},{"$i":"weekday-0-long","$v":"ᱥᱤᱸᱜᱮᱢᱟᱦᱟ"},{"$i":"weekday-1-long","$v":"ᱚᱛᱮᱢᱟᱦᱟ"},{"$i":"weekday-2-long","$v":"ᱵᱟᱞᱮᱢᱟᱦᱟ"},{"$i":"weekday-3-long","$v":"ᱥᱟᱹᱜᱩᱱᱢᱟᱦᱟ"},{"$i":"weekday-4-long","$v":"ᱥᱟᱨᱫᱤᱢᱟᱦᱟ"},{"$i":"weekday-5-long","$v":"ᱡᱟᱨᱩᱢᱢᱟᱦᱟ"},{"$i":"weekday-6-long","$v":"ᱧᱩᱦᱩᱢᱢᱟᱦᱟ"},{"$i":"weekday-0-short","$v":"ᱪᱟᱸᱫᱩ"},{"$i":"weekday-1-short","$v":"ᱢᱳᱱ"},{"$i":"weekday-2-short","$v":"ᱥᱟᱜᱩᱱ"},{"$i":"weekday-3-short","$v":"ᱥᱟᱜᱩᱱ"},{"$i":"weekday-4-short","$v":"ᱛᱷᱩ"},{"$i":"weekday-5-short","$v":"ᱜᱟᱛᱤ"},{"$i":"weekday-6-short","$v":"ᱥᱮᱴ"},{"$i":"month-0-long","$v":"ᱯᱩᱥ"},{"$i":"month-1-long","$v":"ᱢᱟᱜ"},{"$i":"month-2-long","$v":"ᱯᱷᱹᱟᱜᱩᱱ"},{"$i":"month-3-long","$v":"ᱪᱮᱛ"},{"$i":"month-4-long","$v":"ᱵᱮᱭᱥᱮᱠᱷ"},{"$i":"month-5-long","$v":"ᱡᱩᱥᱴᱤ"},{"$i":"month-6-long","$v":"ᱟᱥᱟᱲ"},{"$i":"month-7-long","$v":"ᱥᱚᱨᱟᱵᱚᱱ"},{"$i":"month-8-long","$v":"ᱵᱷᱟᱨᱫᱚᱨ"},{"$i":"month-9-long","$v":"ᱟᱥᱤᱱ"},{"$i":"month-10-long","$v":"ᱠᱟᱨᱛᱤᱠ"},{"$i":"month-11-long","$v":"ᱟᱜᱷᱟᱸᱲ"},{"$i":"month-0-genitive","$v":"ᱯᱩᱥ"},{"$i":"month-1-genitive","$v":"ᱢᱟᱜ"},{"$i":"month-2-genitive","$v":"ᱯᱷᱹᱟᱜᱩᱱ"},{"$i":"month-3-genitive","$v":"ᱪᱮᱛ"},{"$i":"month-4-genitive","$v":"ᱵᱮᱭᱥᱮᱠᱷ"},{"$i":"month-5-genitive","$v":"ᱡᱩᱥᱴᱤ"},{"$i":"month-6-genitive","$v":"ᱟᱥᱟᱲ"},{"$i":"month-7-genitive","$v":"ᱥᱚᱨᱟᱵᱚᱱ"},{"$i":"month-8-genitive","$v":"ᱵᱷᱟᱨᱫᱚᱨ"},{"$i":"month-9-genitive","$v":"ᱟᱥᱤᱱ"},{"$i":"month-10-genitive","$v":"ᱠᱟᱨᱛᱤᱠ"},{"$i":"month-11-genitive","$v":"ᱟᱜᱷᱟᱸᱲ"},{"$i":"month-0-short","$v":"ᱯᱩᱥ"},{"$i":"month-1-short","$v":"ᱢᱟᱜ"},{"$i":"month-2-short","$v":"ᱢᱟᱨ"},{"$i":"month-3-short","$v":"ᱪᱮᱛ"},{"$i":"month-4-short","$v":"ᱵᱮᱭᱥᱮᱠᱷ"},{"$i":"month-5-short","$v":"ᱡᱩᱥᱴᱤ"},{"$i":"month-6-short","$v":"ᱟᱥᱟᱲ"},{"$i":"month-7-short","$v":"ᱥᱚᱨᱟᱵᱚᱱ"},{"$i":"month-8-short","$v":"ᱥᱮᱯ"},{"$i":"month-9-short","$v":"ᱟᱥᱤᱱ"},{"$i":"month-10-short","$v":"ᱠᱟᱨᱛᱤᱠ"},{"$i":"month-11-short","$v":"ᱟᱜᱷᱟᱸᱲ"},{"$i":"minutes-ago-long","$v":{"zero":"ᱧᱤᱛ ᱜᱮ","one":"ᱢᱤᱛ ᱴᱤᱯᱤᱡ ᱞᱟᱦᱟ","two":[{"t":"idOrVar","v":"value"}," ᱪᱟᱞᱟᱣᱮᱱ ᱴᱤᱯᱤᱡ ᱠᱚ"],"few":[{"t":"idOrVar","v":"value"}," ᱪᱟᱞᱟᱣᱮᱱ ᱴᱤᱯᱤᱡ ᱠᱚ"],"many":[{"t":"idOrVar","v":"value"}," ᱪᱟᱞᱟᱣᱮᱱ ᱴᱤᱯᱤᱡ ᱠᱚ"],"other":[{"t":"idOrVar","v":"value"}," ᱪᱟᱞᱟᱣᱮᱱ ᱴᱤᱯᱤᱡ ᱠᱚ"]},"$x":[{"t":"idOrVar","v":"plural"},"value"]},{"$i":"hours-ago-long","$v":{"zero":"ᱧᱤᱛ ᱜᱮ","one":"ᱢᱤᱛ ᱜᱷᱚᱱᱴᱟ ᱞᱟᱦᱟ","two":[{"t":"idOrVar","v":"value"}," ᱪᱟᱞᱟᱣᱮᱱ ᱢᱟᱦᱟ ᱠᱚ"],"few":[{"t":"idOrVar","v":"value"}," ᱪᱟᱞᱟᱣᱮᱱ ᱢᱟᱦᱟ ᱠᱚ"],"many":[{"t":"idOrVar","v":"value"}," ᱪᱟᱞᱟᱣᱮᱱ ᱢᱟᱦᱟ ᱠᱚ"],"other":[{"t":"idOrVar","v":"value"}," ᱪᱟᱞᱟᱣᱮᱱ ᱢᱟᱦᱟ ᱠᱚ"]},"$x":[{"t":"idOrVar","v":"plural"},"value"]},{"$i":"days-ago-long","$v":{"zero":"ᱛᱤᱦᱤᱧ","one":"ᱦᱚᱞᱟ","two":[{"t":"idOrVar","v":"value"}," ᱢᱟᱦᱟ ᱠᱚ ᱞᱟᱦᱟ"],"few":[{"t":"idOrVar","v":"value"}," ᱢᱟᱦᱟ ᱠᱚ ᱞᱟᱦᱟ"],"many":[{"t":"idOrVar","v":"value"}," ᱢᱟᱦᱟ ᱠᱚ ᱞᱟᱦᱟ"],"other":[{"t":"idOrVar","v":"value"}," ᱢᱟᱦᱟ ᱠᱚ ᱞᱟᱦᱟ"]},"$x":[{"t":"idOrVar","v":"plural"},"value"]},{"$i":"weeks-ago-long","$v":{"zero":"ᱱᱚᱣᱟ ᱦᱚᱯᱛᱟ","one":"ᱢᱩᱪᱮᱫ ᱦᱚᱯᱛᱟ","two":[{"t":"idOrVar","v":"value"}," ᱪᱟᱞᱟᱣᱮᱱ ᱦᱚᱯᱛᱟ"],"few":[{"t":"idOrVar","v":"value"}," ᱪᱟᱞᱟᱣᱮᱱ ᱦᱚᱯᱛᱟ"],"many":[{"t":"idOrVar","v":"value"}," ᱪᱟᱞᱟᱣᱮᱱ ᱦᱚᱯᱛᱟ"],"other":[{"t":"idOrVar","v":"value"}," ᱪᱟᱞᱟᱣᱮᱱ ᱦᱚᱯᱛᱟ"]},"$x":[{"t":"idOrVar","v":"plural"},"value"]},{"$i":"months-ago-long","$v":{"zero":"ᱱᱚᱣᱟ ᱪᱟᱸᱫᱩ","one":"ᱢᱩᱪᱮᱫ ᱪᱟᱸᱫᱩ","two":[{"t":"idOrVar","v":"value"}," ᱪᱟᱞᱟᱣᱮᱱ ᱪᱟᱸᱫᱩ ᱠᱚ"],"few":[{"t":"idOrVar","v":"value"}," ᱪᱟᱞᱟᱣᱮᱱ ᱪᱟᱸᱫᱩ ᱠᱚ"],"many":[{"t":"idOrVar","v":"value"}," ᱪᱟᱞᱟᱣᱮᱱ ᱪᱟᱸᱫᱩ ᱠᱚ"],"other":[{"t":"idOrVar","v":"value"}," ᱪᱟᱞᱟᱣᱮᱱ ᱪᱟᱸᱫᱩ ᱠᱚ"]},"$x":[{"t":"idOrVar","v":"plural"},"value"]},{"$i":"years-ago-long","$v":{"zero":"ᱱᱚᱣᱟ ᱥᱮᱨᱢᱟ","one":"ᱢᱩᱪᱮᱫ ᱵᱚᱪᱷᱚᱨ","two":[{"t":"idOrVar","v":"value"}," ᱪᱟᱞᱟᱣᱮᱱ ᱥᱮᱨᱢᱟ"],"few":[{"t":"idOrVar","v":"value"}," ᱪᱟᱞᱟᱣᱮᱱ ᱥᱮᱨᱢᱟ"],"many":[{"t":"idOrVar","v":"value"}," ᱪᱟᱞᱟᱣᱮᱱ ᱥᱮᱨᱢᱟ"],"other":[{"t":"idOrVar","v":"value"}," ᱪᱟᱞᱟᱣᱮᱱ ᱥᱮᱨᱢᱟ"]},"$x":[{"t":"idOrVar","v":"plural"},"value"]},{"$i":"minutes-until-long","$v":{"zero":"ᱧᱤᱛ","one":"ᱴᱤᱯᱤᱡ ᱨᱮ","two":["ᱨᱮ ",{"t":"idOrVar","v":"value"}," ᱴᱤᱯᱤᱡ ᱠᱚ"],"few":["ᱨᱮ ",{"t":"idOrVar","v":"value"}," ᱴᱤᱯᱤᱡ ᱠᱚ"],"many":["ᱨᱮ ",{"t":"idOrVar","v":"value"}," ᱴᱤᱯᱤᱡ ᱠᱚ"],"other":["ᱨᱮ ",{"t":"idOrVar","v":"value"}," ᱴᱤᱯᱤᱡ ᱠᱚ"]},"$x":[{"t":"idOrVar","v":"plural"},"value"]},{"$i":"hours-until-long","$v":{"zero":"ᱧᱤᱛ","one":"ᱜᱷᱚᱱᱴᱟ ᱨᱮ","two":["ᱨᱮ ",{"t":"idOrVar","v":"value"}," ᱜᱷᱚᱱᱴᱟ ᱠᱚ"],"few":["ᱨᱮ ",{"t":"idOrVar","v":"value"}," ᱜᱷᱚᱱᱴᱟ ᱠᱚ"],"many":["ᱨᱮ ",{"t":"idOrVar","v":"value"}," ᱜᱷᱚᱱᱴᱟ ᱠᱚ"],"other":["ᱨᱮ ",{"t":"idOrVar","v":"value"}," ᱜᱷᱚᱱᱴᱟ ᱠᱚ"]},"$x":[{"t":"idOrVar","v":"plural"},"value"]},{"$i":"days-until-long","$v":{"zero":"ᱛᱤᱦᱤᱧ","one":"ᱜᱟᱯᱟ","two":["ᱨᱮ ",{"t":"idOrVar","v":"value"}," ᱢᱟᱦᱟ ᱠᱚ"],"few":["ᱨᱮ ",{"t":"idOrVar","v":"value"}," ᱢᱟᱦᱟ ᱠᱚ"],"many":["ᱨᱮ ",{"t":"idOrVar","v":"value"}," ᱢᱟᱦᱟ ᱠᱚ"],"other":["ᱨᱮ ",{"t":"idOrVar","v":"value"}," ᱢᱟᱦᱟ ᱠᱚ"]},"$x":[{"t":"idOrVar","v":"plural"},"value"]},{"$i":"weeks-until-long","$v":{"zero":"ᱱᱚᱣᱟ ᱦᱚᱯᱛᱟ","one":"ᱫᱟᱨᱟᱭ ᱠᱟᱱ ᱦᱚᱯᱛᱟ","two":["ᱨᱮ ",{"t":"idOrVar","v":"value"}," ᱦᱚᱯᱛᱟ ᱠᱚ"],"few":["ᱨᱮ ",{"t":"idOrVar","v":"value"}," ᱦᱚᱯᱛᱟ ᱠᱚ"],"many":["ᱨᱮ ",{"t":"idOrVar","v":"value"}," ᱦᱚᱯᱛᱟ ᱠᱚ"],"other":["ᱨᱮ ",{"t":"idOrVar","v":"value"}," ᱦᱚᱯᱛᱟ ᱠᱚ"]},"$x":[{"t":"idOrVar","v":"plural"},"value"]},{"$i":"months-until-long","$v":{"zero":"ᱱᱚᱣᱟ ᱪᱟᱸᱫᱩ","one":"ᱫᱟᱨᱟᱭ ᱠᱟᱱ ᱪᱟᱸᱫᱩ","two":["ᱨᱮ ",{"t":"idOrVar","v":"value"}," ᱪᱟᱸᱫᱩ ᱠᱚ"],"few":["ᱨᱮ ",{"t":"idOrVar","v":"value"}," ᱪᱟᱸᱫᱩ ᱠᱚ"],"many":["ᱨᱮ ",{"t":"idOrVar","v":"value"}," ᱪᱟᱸᱫᱩ ᱠᱚ"],"other":["ᱨᱮ ",{"t":"idOrVar","v":"value"}," ᱪᱟᱸᱫᱩ ᱠᱚ"]},"$x":[{"t":"idOrVar","v":"plural"},"value"]},{"$i":"years-until-long","$v":{"zero":"ᱱᱚᱣᱟ ᱥᱮᱨᱢᱟ","one":"ᱫᱟᱨᱟᱭ ᱠᱟᱱ ᱥᱮᱨᱢᱟ","two":["ᱨᱮ ",{"t":"idOrVar","v":"value"}," ᱥᱮᱨᱢᱟ ᱠᱚ"],"few":["ᱨᱮ ",{"t":"idOrVar","v":"value"}," ᱥᱮᱨᱢᱟ ᱠᱚ"],"many":["ᱨᱮ ",{"t":"idOrVar","v":"value"}," ᱥᱮᱨᱢᱟ ᱠᱚ"],"other":["ᱨᱮ ",{"t":"idOrVar","v":"value"}," ᱥᱮᱨᱢᱟ ᱠᱚ"]},"$x":[{"t":"idOrVar","v":"plural"},"value"]},{"$i":"minutes-ago-short","$v":{"zero":"ᱧᱤᱛ ᱜᱮ","other":[{"t":"idOrVar","v":"value"}," ᱪᱟᱞᱟᱣ ᱴ"]},"$x":[{"t":"idOrVar","v":"plural"},"value"]},{"$i":"hours-ago-short","$v":{"zero":"ᱧᱤᱛ ᱜᱮ","other":[{"t":"idOrVar","v":"value"}," ᱪᱟᱞᱟᱣᱮᱱ ᱜ"]},"$x":[{"t":"idOrVar","v":"plural"},"value"]},{"$i":"days-ago-short","$v":{"zero":"ᱛᱤᱦᱤᱧ","other":[{"t":"idOrVar","v":"value"}," ᱪᱟᱞᱟᱣᱮᱱ ᱢ"]},"$x":[{"t":"idOrVar","v":"plural"},"value"]},{"$i":"minutes-until-short","$v":{"zero":"ᱧᱤᱛ","other":["ᱨᱮ ",{"t":"idOrVar","v":"value"},"ᱴ"]},"$x":[{"t":"idOrVar","v":"plural"},"value"]},{"$i":"hours-until-short","$v":{"zero":"ᱧᱤᱛ","other":["ᱨᱮ ",{"t":"idOrVar","v":"value"},"ᱜ"]},"$x":[{"t":"idOrVar","v":"plural"},"value"]},{"$i":"days-until-short","$v":{"zero":"ᱛᱤᱦᱤᱧ","other":["ᱨᱮ ",{"t":"idOrVar","v":"value"},"ᱢ"]},"$x":[{"t":"idOrVar","v":"plural"},"value"]},{"$i":"incorrectDate","$v":"(ᱛᱨᱤᱠᱷ ᱫᱚ ᱵᱷᱩᱞ ᱜᱮᱭᱟ)"},{"$i":"dateTimeFormat_%c","$v":"%a %b %e %Y %I:%M:%S %p"},{"$i":"dateTimeFormat_%x","$v":"%m/%d/%Y"},{"$i":"dateTimeFormat_%X","$v":"%I:%M:%S %p"},{"$i":"shortTimeFormat","$v":"%I:%M %p"},{"$i":"shortTimeFormat12","$v":"%I:%M %p"},{"$i":"shortTimeFormat24","$v":"%H:%M"},{"$i":"shortDateTimeFormat","$v":"%x %I:%M %p"},{"$i":"weekStartsOnMonday","$v":"0"},{"$i":"firstDayOfTheWeek","$v":"0"},{"$i":"time_am","$v":"AM"},{"$i":"time_pm","$v":"PM"},{"$i":"label","$v":"ᱥᱟᱨ"},{"$i":"mobile","$v":"ᱢᱳᱵᱟᱭᱤᱞ"},{"$i":"home","$v":"ᱚᱲᱟᱜ"},{"$i":"work","$v":"ᱠᱟᱹᱢᱤ"},{"$i":"personal","$v":"ᱟᱯᱱᱟᱨ"},{"$i":"faxHome","$v":"ᱚᱲᱟᱜ ᱯᱷᱹᱮᱠᱥ"},{"$i":"faxOffice","$v":"ᱠᱟᱨᱭᱟᱞᱚ ᱯᱷᱹᱮᱠᱥ"},{"$i":"faxOther","$v":"ᱮᱴᱟᱜ ᱯᱷᱹᱮᱠᱥ"},{"$i":"another","$v":"ᱮᱴᱟᱜ"},{"$i":"other","$v":"ᱮᱴᱟᱜ"},{"$i":"tcl-customTag","$v":"ᱠᱷᱩᱥᱤᱭᱟᱜ ᱰᱩᱨᱭᱮ"},{"$i":"customTag","$v":"ᱠᱷᱩᱥᱤᱭᱟᱜ ᱰᱩᱨᱭᱮ","placeholder":"ᱠᱷᱩᱥᱤᱭᱟᱜ ᱰᱩᱨᱭᱮ"},{"$i":"current","$v":"ᱦᱟᱞᱤ"},{"$i":"itemWithLabel","$v":[{"t":"idOrVar","v":"label"},", ",{"t":"idOrVar","v":"item"}]},{"$i":"airplaneMode","$v":"ᱩᱰᱮᱜ ᱠᱟᱰᱤ ᱚᱵᱚᱥᱛᱟ"},{"$i":"searching","$v":"ᱥᱮᱸᱫᱨᱟᱜ ᱠᱟᱱᱟ…"},{"$i":"noNetwork","$v":"ᱱᱮᱴᱣᱟᱨᱠ ᱵᱟᱱᱩᱜ-ᱟ"},{"$i":"roaming","$v":[{"t":"idOrVar","v":"operator"}," (Roaming)"]},{"$i":"operator-info","$v":[{"t":"idOrVar","v":"carrier"}," ",{"t":"idOrVar","v":"region"}]},{"$i":"emergencyCallsOnly","$v":"ᱦᱚᱴᱟᱡ ᱠᱚᱞ ᱮᱠᱮᱱ"},{"$i":"emergencyCallsOnly-unknownSIMState","$v":"(ᱵᱟᱝ ᱵᱟᱰᱟᱭ SIM ᱚᱵᱚᱥᱛᱟ)"},{"$i":"emergencyCallsOnly-noSIM","$v":"(SIM ᱵᱟᱱᱩᱜ-ᱟ)"},{"$i":"emergencyCallsOnly-pinRequired","$v":"(SIM PIN ᱞᱟᱜᱛᱤᱭᱟᱜ-ᱟ)"},{"$i":"emergencyCallsOnly-pukRequired","$v":"(SIM PUK ᱞᱟᱜᱛᱤᱭᱟᱜ-ᱟ)"},{"$i":"emergencyCallsOnly-networkLocked","$v":"(ᱱᱮᱴᱣᱟᱨᱠ ᱫᱚ ᱠᱩᱞᱩᱯ ᱜᱮᱭᱟ)"},{"$i":"emergencyCallsOnly-serviceProviderLocked","$v":"(ᱥᱮᱣᱟ ᱮᱢᱚᱜᱤᱡ ᱫᱚ ᱠᱩᱞᱩᱯ ᱜᱮᱭᱟ)"},{"$i":"emergencyCallsOnly-corporateLocked","$v":"(ᱠᱚᱨᱯᱳᱨᱮᱫ ᱫᱚ ᱠᱩᱞᱩ ᱜᱮᱭᱟ)"},{"$i":"emergencyCallsOnly-network1Locked","$v":"(ᱱᱮᱴᱣᱟᱨᱠ 1 ᱫᱚ ᱠᱩᱞᱩᱯ ᱜᱮᱭᱟ)"},{"$i":"emergencyCallsOnly-network2Locked","$v":"(ᱱᱮᱴᱣᱟᱨᱠ 2 ᱫᱚ ᱠᱩᱞᱩᱯ ᱜᱮᱭᱟ)"},{"$i":"emergencyCallsOnly-hrpdNetworkLocked","$v":"(hrpd ᱱᱮᱴᱣᱟᱨᱠ ᱫᱚ ᱠᱩᱞᱩ ᱜᱮᱭᱟ)"},{"$i":"emergencyCallsOnly-ruimCorporateLocked","$v":"(ruimᱠᱚᱨᱯᱳᱨᱮᱫ ᱫᱚ ᱠᱩᱞᱩ ᱜᱮᱭᱟ)"},{"$i":"emergencyCallsOnly-ruimServiceProviderLocked","$v":"(ruim ᱥᱮᱣᱟ ᱮᱢᱚᱜᱤᱡ ᱫᱚ ᱠᱩᱞᱩᱯ ᱜᱮᱭᱟ)"},{"$i":"lockscreen-sim-id","$v":["SIM ",{"t":"idOrVar","v":"n"}]},{"$i":"charging-no-time","$v":[{"t":"idOrVar","v":"level"},"% ᱪᱟᱨᱚᱡ ᱟᱠᱟᱱᱟ"]},{"$i":"charging-minutes","$v":{"zero":[{"t":"idOrVar","v":"level"},"% ᱪᱟᱨᱚᱡ ᱟᱠᱟᱱᱟ (",{"t":"idOrVar","v":"minutes"}," ᱴᱤᱯᱤᱡ ᱯᱩᱨᱮ ᱪᱟᱨᱚᱜ ᱦᱟᱵᱤᱜ)"],"one":[{"t":"idOrVar","v":"level"},"% ᱪᱟᱨᱚᱡ ᱟᱠᱟᱱᱟ (",{"t":"idOrVar","v":"minutes"}," ᱴᱤᱯᱤᱡ ᱯᱩᱨᱮ ᱪᱟᱨᱚᱜ ᱦᱟᱵᱤᱜ)"],"two":[{"t":"idOrVar","v":"level"},"% ᱪᱟᱨᱚᱡ ᱟᱠᱟᱱᱟ (",{"t":"idOrVar","v":"minutes"}," ᱴᱤᱯᱤᱡ ᱯᱩᱨᱮ ᱪᱟᱨᱚᱜ ᱦᱟᱵᱤᱜ)"],"few":[{"t":"idOrVar","v":"level"},"% ᱪᱟᱨᱚᱡ ᱟᱠᱟᱱᱟ (",{"t":"idOrVar","v":"minutes"}," ᱴᱤᱯᱤᱡ ᱯᱩᱨᱮ ᱪᱟᱨᱚᱜ ᱦᱟᱵᱤᱜ)"],"many":[{"t":"idOrVar","v":"level"},"% ᱪᱟᱨᱚᱡ ᱟᱠᱟᱱᱟ (",{"t":"idOrVar","v":"minutes"}," ᱴᱤᱯᱤᱡ ᱯᱩᱨᱮ ᱪᱟᱨᱚᱜ ᱦᱟᱵᱤᱜ)"],"other":[{"t":"idOrVar","v":"level"},"% ᱪᱟᱨᱚᱡ ᱟᱠᱟᱱᱟ (",{"t":"idOrVar","v":"minutes"}," ᱴᱤᱯᱤᱡ ᱯᱩᱨᱮ ᱪᱟᱨᱚᱜ ᱦᱟᱵᱤᱜ)"]},"$x":[{"t":"idOrVar","v":"plural"},"minutes"]},{"$i":"charging-hours","$v":{"zero":[{"t":"idOrVar","v":"level"},"% ᱪᱟᱨᱚᱡ ᱟᱠᱟᱱᱟ (",{"t":"idOrVar","v":"hours"},"h ",{"t":"idOrVar","v":"minutes"}," ᱴᱤᱯᱤᱡ ᱯᱩᱨᱮ ᱪᱟᱨᱚᱜ ᱦᱟᱵᱤᱜ)"],"one":[{"t":"idOrVar","v":"level"},"% ᱪᱟᱨᱚᱡ ᱟᱠᱟᱱᱟ (",{"t":"idOrVar","v":"hours"},"h ",{"t":"idOrVar","v":"minutes"}," ᱴᱤᱯᱤᱡ ᱯᱩᱨᱮ ᱪᱟᱨᱚᱜ ᱦᱟᱵᱤᱜ)"],"two":[{"t":"idOrVar","v":"level"},"% ᱪᱟᱨᱚᱡ ᱟᱠᱟᱱᱟ (",{"t":"idOrVar","v":"hours"},"h ",{"t":"idOrVar","v":"minutes"}," ᱴᱤᱯᱤᱡ ᱯᱩᱨᱮ ᱪᱟᱨᱚᱜ ᱦᱟᱵᱤᱜ)"],"few":[{"t":"idOrVar","v":"level"},"% ᱪᱟᱨᱚᱡ ᱟᱠᱟᱱᱟ (",{"t":"idOrVar","v":"hours"},"h ",{"t":"idOrVar","v":"minutes"}," ᱴᱤᱯᱤᱡ ᱯᱩᱨᱮ ᱪᱟᱨᱚᱜ ᱦᱟᱵᱤᱜ)"],"many":[{"t":"idOrVar","v":"level"},"% ᱪᱟᱨᱚᱡ ᱟᱠᱟᱱᱟ (",{"t":"idOrVar","v":"hours"},"h ",{"t":"idOrVar","v":"minutes"}," ᱴᱤᱯᱤᱡ ᱯᱩᱨᱮ ᱪᱟᱨᱚᱜ ᱦᱟᱵᱤᱜ)"],"other":[{"t":"idOrVar","v":"level"},"% ᱪᱟᱨᱚᱡ ᱟᱠᱟᱱᱟ (",{"t":"idOrVar","v":"hours"},"h ",{"t":"idOrVar","v":"minutes"}," ᱴᱤᱯᱤᱡ ᱯᱩᱨᱮ ᱪᱟᱨᱚᱜ ᱦᱟᱵᱤᱜ)"]},"$x":[{"t":"idOrVar","v":"plural"},"minutes"]},{"$i":"phoneNumberInput","ariaLabel":"ᱯᱷᱹᱚᱱ ᱞᱮᱠᱷᱟ"},{"$i":"keypadDelete","ariaLabel":"ᱢᱮᱴᱟᱣ"},{"$i":"voiceMailKey","ariaLabel":"ᱟᱲᱟᱝᱢᱮᱞ"},{"$i":"asterisk","ariaLabel":"ᱮᱥᱴᱨᱤᱠ"},{"$i":"hashSign","ariaLabel":"ᱦᱮᱥ ᱥᱟᱭᱤᱱ"},{"$i":"loadingSimContacts","$v":"SIM ᱠᱟᱨᱰ ᱡᱚᱜᱟᱡᱳᱜ ᱠᱚ ᱵᱷᱟᱨᱤᱜ ᱠᱟᱱᱟ…"},{"$i":"noContactsWereFound","$v":"ᱡᱟᱦᱟ ᱨᱮ ᱜᱮ ᱡᱚᱜᱟᱡᱳᱜ ᱠᱚ ᱵᱟᱝ ᱧᱟᱢᱚᱜ ᱠᱟᱱᱟ"},{"$i":"noContactsFoundDialogOk","$v":"ᱴᱤᱠ"},{"$i":"emergencyNumber","$v":"ᱢᱩᱦᱤᱞ ᱞᱮᱠᱷᱟ"},{"$i":"callAirplaneModeMessage","$v":"ᱠᱚᱞ ᱞᱟᱜᱤᱫ ᱟᱢ ᱫᱚ ᱩᱰᱮᱜᱜᱟᱰᱤ ᱚᱵᱚᱥᱛᱟ ᱚᱥᱚᱠᱪᱷᱚᱢ ᱦᱩᱭᱩᱜ ᱛᱟᱢᱟ ᱨᱮᱴᱤᱸᱜ ᱨᱮ."},{"$i":"callAirplaneModeBtnOk","$v":"ᱴᱤᱠ"},{"$i":"callAirplaneModeTitle","$v":"ᱩᱰᱮᱜ ᱜᱟᱰᱤ ᱚᱵᱚᱥᱛᱟ ᱥᱚᱠᱪᱷᱚᱢ ᱟᱠᱟᱬᱟ"},{"$i":"numberIsBusyTitle","$v":"ᱞᱮᱠᱷᱟ ᱫᱚ ᱵᱮᱛᱚᱜ ᱜᱮᱭᱟ"},{"$i":"numberIsBusyMessage","$v":"ᱱᱚᱣᱟ ᱞᱮᱠᱷᱟ ᱫᱚ ᱦᱟᱞᱤ ᱨᱮ ᱵᱮᱥᱛᱚ ᱜᱮᱭᱟ. ᱱᱮᱦᱚᱨ ᱯᱚᱨᱮ ᱛᱮ ᱫᱚᱦᱚᱲᱟ ᱠᱩᱨᱩᱢᱩᱴᱩᱭ ᱢᱮ."},{"$i":"fdnIsActiveTitle","$v":"FDN ᱚᱠᱪᱷᱚᱢ ᱜᱮᱭᱟ"},{"$i":"fdnIsActiveMessage","$v":["FDN (ᱜᱚᱴᱟ ᱟᱠᱟᱫ ᱰᱟᱭᱞ ᱞᱮᱠᱷᱟ ᱠᱚ) ᱫᱚ ᱥᱚᱠᱪᱷᱚᱢ ᱟᱠᱟᱱᱟ ᱟᱨ ᱯᱚᱸᱱᱟ ᱟᱠᱟᱫ ᱞᱮᱠᱷᱟ ᱫᱚ ᱵᱟᱱᱩᱜ-ᱟ ᱟᱢᱟᱜ FDN ᱩᱱᱩᱫᱩᱜ ᱨᱮ: ",{"t":"idOrVar","v":"number"}]},{"$i":"emergencyDialogBodyBadNumber","$v":"ᱠᱚᱞ ᱞᱟᱜᱤᱫ ᱟᱢ ᱫᱚ, ᱱᱮᱴᱣᱟᱨᱠ ᱨᱮ ᱯᱷᱹᱚᱱ ᱡᱩᱲᱟᱣ ᱞᱟᱜᱛᱤᱣᱟᱢᱟ."},{"$i":"emergencyDialogBodyDeviceNotAccepted","$v":"ᱱᱚᱣᱟ ᱱᱮᱴᱣᱟᱨᱠ ᱫᱟᱨᱟᱭ ᱛᱮ ᱫᱚ ᱦᱚᱴᱟᱡ ᱠᱚᱞ ᱨᱩᱣᱮᱲ ᱫᱚ ᱵᱟᱭ ᱢᱟᱱᱟᱣᱟ."},{"$i":"emergencyDialogBtnOk","$v":"ᱴᱤᱠ"},{"$i":"emergencyDialogTitle","$v":"ᱱᱮᱴᱣᱟᱨᱠ ᱡᱩᱲᱟᱣ ᱵᱟᱱᱩᱜ-ᱟ"},{"$i":"invalidNumberToDialTitle","$v":"ᱯᱷᱹᱚᱱ ᱞᱮᱠᱷᱟ ᱵᱟᱝ ᱜᱟᱱᱚᱜ"},{"$i":"invalidNumberToDialMessage","$v":"ᱟᱢ ᱠᱚᱞᱮᱜ ᱠᱟᱱ ᱯᱷᱹᱚᱱ ᱞᱮᱠᱷᱟ ᱫᱚ ᱵᱷᱩᱞ ᱜᱮᱭᱟ."},{"$i":"unableToCallTitle","$v":"ᱧᱤᱛ ᱫᱚ ᱵᱟᱝ ᱮᱢ ᱯᱷᱹᱚᱱ ᱠᱚᱞ ᱫᱟᱲᱤᱭᱟᱜ-ᱟ"},{"$i":"unableToCallMessage","$v":"ᱵᱟᱝ ᱮᱢ ᱠᱚᱞ ᱫᱟᱲᱤᱭᱟᱜ-ᱟᱜ. ᱡᱩᱫᱤ ᱟᱢ ᱞᱟᱦᱟ ᱠᱷᱚᱱ ᱜᱮᱢ ᱰᱟᱭᱤᱞ ᱟᱠᱟᱫᱟ, ᱱᱮᱦᱚᱨ ᱯᱟᱦᱤᱞ ᱟᱠᱟᱭ ᱢᱮ."},{"$i":"otherConnectionInUseTitle","$v":"ᱮᱴᱟᱜ ᱡᱩᱲᱟᱣ ᱨᱮ ᱵᱮᱵᱷᱟᱨᱚᱜ ᱠᱟᱱᱟ"},{"$i":"otherConnectionInUseMessage","$v":"ᱟᱢ ᱴᱮᱱ ᱫᱚ ᱥᱚᱠᱪᱷᱚᱢ ᱠᱚᱞ ᱢᱮᱱᱟᱜ-ᱟ ᱮᱴᱟᱜ ᱡᱩᱲᱟᱣ ᱠᱷᱚᱱ. ᱟᱢ ᱫᱚ ᱢᱤᱛ ᱚᱠᱛᱮ ᱨᱮ ᱮᱠᱮᱱ ᱢᱤᱛ ᱡᱩᱲᱟᱣ ᱜᱮᱢ ᱵᱮᱵᱷᱟᱨ ᱫᱟᱲᱤᱭᱟᱜ-ᱟ"},{"$i":"clear","$v":"ᱥᱟᱯᱷᱹᱟ"},{"$i":"dialer","$v":"ᱰᱟᱭᱞᱚᱨ"},{"$i":"tcl-incomming-call","$v":"ᱵᱷᱤᱛᱤᱨ ᱵᱚᱞᱚᱱ ᱠᱚᱞ"},{"$i":"tcl-in-call","$v":"ᱠᱚᱞ ᱨᱮ"},{"$i":"tcl-answer","$v":"ᱛᱮᱞᱟ"},{"$i":"tcl-end-answer","$v":"ᱥᱮᱥ ᱟᱨ ᱛᱮᱞᱟ"},{"$i":"tcl-decline","$v":"ᱢᱟᱞᱩᱛ"},{"$i":"tcl-mute","$v":"ᱛᱷᱤᱨ"},{"$i":"tcl-unmute","$v":"ᱛᱷᱤᱨ ᱚᱪᱚᱜ"},{"$i":"tcl-speaker","$v":"ᱤᱥᱯᱤᱠᱚᱨ"},{"$i":"tcl-speaker-off","$v":"ᱥᱯᱤᱠᱟᱨ ᱦᱟ.ᱯᱤᱫ"},{"$i":"tcl-microphone-mute-notification","$v":"ᱢᱟᱭᱠᱨᱳᱯᱷᱹᱚᱱ ᱫᱚ ᱛᱷᱤᱨ ᱜᱮᱭᱟ"},{"$i":"tcl-microphone-active-notification","$v":"ᱢᱟᱭᱠᱨᱳᱯᱷᱹᱚᱱ ᱫᱚ ᱥᱚᱠᱪᱷᱚᱢ ᱜᱮᱭᱟ"},{"$i":"tcl-speaker-off-notification","$v":"ᱵᱟᱦᱨᱮ ᱤᱥᱠᱯᱤᱠᱚᱨ ᱫᱚ ᱵᱚᱱᱫᱚ ᱜᱮᱭᱟ"},{"$i":"tcl-speaker-on-notification","$v":"ᱵᱟᱦᱨᱮ ᱤᱥᱠᱯᱤᱠᱚᱨ ᱫᱚ ᱪᱟᱞᱩ ᱜᱮᱭᱟ"},{"$i":"tcl-hold-and-answer","$v":"ᱥᱟᱵ ᱫᱚᱦᱚᱭ ᱢᱮ ᱟᱨ ᱛᱮᱞᱟ"},{"$i":"tcl-ignore-call","$v":"ᱫᱟᱨᱟᱭ ᱠᱟᱱ ᱞᱚ ᱵᱟᱜᱤ"},{"$i":"tcl-add-to-call","$v":"ᱠᱚᱞ ᱥᱮᱞᱮᱫ"},{"$i":"tcl-switch-to-second-line","$v":"ᱥᱣᱤᱯ ᱠᱚᱞ"},{"$i":"tcl-merge-calls","$v":"ᱠᱚᱞ ᱢᱤᱞᱮᱣ"},{"$i":"btnOk","$v":"ᱴᱤᱠ"},{"$i":"losing-wifi-msg","$v":"wifi ᱟᱫᱚᱜ ᱠᱟᱱᱟ"},{"$i":"hd","$v":"HD"},{"$i":"manage-call","$v":"ᱠᱚᱞ ᱥᱟᱢᱲᱟᱣ ᱢᱮ"},{"$i":"end","$v":"ᱠᱚᱞ ᱢᱩᱪᱮᱫ"},{"$i":"private","$v":"ᱯᱨᱟᱭᱣᱮᱴ"},{"$i":"sound","$v":"ᱥᱟᱰᱤ"},{"$i":"bluetooth-device","$v":"Bluetooth ᱭᱚᱱᱛᱨᱚ"},{"$i":"handset-earpiece","$v":"ᱦᱮᱸᱰᱥᱮᱴ"},{"$i":"call-ended","$v":"ᱠᱚᱞ ᱥᱮᱥ ᱟᱠᱟᱱᱟ"},{"$i":"payphone","$v":"ᱯᱮᱭᱯᱷᱹᱚᱱ"},{"$i":"contact","$v":"ᱡᱚᱜᱟᱡᱳᱜ"},{"$i":"volume","$v":"ᱣᱚᱞᱤᱭᱚᱢ"},{"$i":"softkey-options","$v":"ᱵᱤᱠᱟᱞᱚᱯ"},{"$i":"resume-call","$v":"ᱠᱚᱞ ᱪᱟᱞᱩ ᱨᱩᱣᱮᱲ ᱢᱮ"},{"$i":"switch-to-device-toast","$v":"Bluetooth ᱭᱚᱱᱛᱨᱚ ᱨᱮ ᱪᱷᱤᱴᱠᱮᱨ ᱟᱠᱟᱱᱟ"},{"$i":"switch-to-handset-toast","$v":"ᱦᱮᱸᱰᱥᱮᱴ ᱮᱭᱟᱨᱯᱤᱥ ᱭᱚᱛᱨᱚᱱ ᱨᱮ ᱪᱷᱤᱴᱠᱮᱨ ᱟᱠᱟᱱᱟ"},{"$i":"switch-to-speaker-toast","$v":"ᱤᱥᱯᱤᱠᱚᱨ ᱨᱮ ᱪᱷᱤᱴᱠᱮᱨ ᱟᱠᱟᱱᱟ"},{"$i":"emergency-call","$v":"ᱱᱚᱰᱮ ᱢᱤᱫ ᱚᱠᱚᱴ ᱠᱚᱞ ᱢᱮᱱᱟᱜ ᱟ."},{"$i":"link","$v":"ᱠᱷᱚᱸᱡᱟ:"},{"$i":"call-left-conference-toast","$v":[{"t":"idOrVar","v":"number"}," ᱠᱚᱞ ᱫᱚ ᱵᱟᱱᱪᱟᱣ ᱟᱠᱟᱱᱟ"]}]