[{"$i":"tcl-calllog-entry-removed-succ-notification","$v":"कालु लॉग दाख़िला हटाई वई"},{"$i":"tcl-calllog-entry-removed-err-notification","$v":"कालु लॉग अनटरी हटाई नथा सगूं"},{"$i":"addNewNumber","$v":"नओं नम्बरु शामिलु कर्यो"},{"$i":"contactDetails","$v":"राबते जा विचुड"},{"$i":"addToExistingContact","$v":"मौजूदु राबते ॾांहुं शामिलु कर्यो"},{"$i":"all","$v":"सभु","ariaLabel":"सभु"},{"$i":"bluetoothOption","$v":""},{"$i":"callLog","$v":"कालु लॉग"},{"$i":"callLogEdit","title":"कालु लॉग तदवीन कर्यो"},{"$i":"tcl-option-menu-call-log-edit","$v":"कालु लॉग तदवीन कर्यो"},{"$i":"callLogEditDialog","ariaLabel":"कालु लॉग डाइलाग तदवीन कर्यो"},{"$i":"tcl-call-log-delete-group-notification","$v":[{"t":"idOrVar","v":"n"}," दाख़लाऊं ख़तमु कयूं वयूं"]},{"$i":"connecting","$v":"कॉल करे थो"},{"$i":"connectingEllipsis","$v":"गंढजे पई..."},{"$i":"call-forwarding-async","$v":["असाइनकोरोंस ",{"t":"idOrVar","v":"async"}]},{"$i":"call-forwarding-data","$v":["तारिख: ",{"t":"idOrVar","v":"data"}]},{"$i":"call-forwarding-error","$v":"कालु फ़ारवर्डिंग हेसियत खे हासिलु करणु दौरान हिकु नुक़्सु थियो"},{"$i":"call-forwarding-fax","$v":["FAX: ",{"t":"idOrVar","v":"fax"}]},{"$i":"call-forwarding-inactive","$v":"ग़ैरु चुस्तु"},{"$i":"call-forwarding-packet","$v":["पाकेटु ",{"t":"idOrVar","v":"packet"}]},{"$i":"call-forwarding-pad","$v":["PAD: ",{"t":"idOrVar","v":"pad"}]},{"$i":"call-forwarding-sms","$v":["SMS: ",{"t":"idOrVar","v":"sms"}]},{"$i":"call-forwarding-status","$v":"कालु अॻिते मोकिलणु जी हेसियत"},{"$i":"call-forwarding-sync","$v":["सिनक्रोनस ",{"t":"idOrVar","v":"sync"}]},{"$i":"call-forwarding-voice","$v":["वाईस ",{"t":"idOrVar","v":"voice"}]},{"$i":"close","$v":"बंद"},{"$i":"confirm-deletion","$v":"चुंडियल कालों साफ़ु कर्यो?"},{"$i":"contacts","ariaLabel":"राबता"},{"$i":"createNewContact","$v":"नओं अकाऊंट ठाहियो"},{"$i":"delete","$v":"रदि"},{"$i":"calllog-deselectAll","$v":"सभई अण चूंडियो"},{"$i":"dialerAddContact","$v":""},{"$i":"dialerAddContactDialog","ariaLabel":"राबते वारो डाइलाग शामिलु कर्यो"},{"$i":"callInformation","$v":"कालु जे मालूमात"},{"$i":"edit-selected","$v":{"one":["चुंडियल(",{"t":"idOrVar","v":"n"},")"],"two":["चुंडियल(",{"t":"idOrVar","v":"n"},")"],"few":["चुंडियल(",{"t":"idOrVar","v":"n"},")"],"many":["चुंडियल(",{"t":"idOrVar","v":"n"},")"],"other":["चुंडियल(",{"t":"idOrVar","v":"n"},")"]},"$x":[{"t":"idOrVar","v":"plural"},"n"]},{"$i":"tcl-edit-not-selected","$v":"चुंडियल0)"},{"$i":"edit","$v":"फेरबदल"},{"$i":"hideKeypad","ariaLabel":"के बोर्डु लिकायो"},{"$i":"ignore","$v":""},{"$i":"incoming","$v":"ईंदड़"},{"$i":"keypad","ariaLabel":"कीपैड"},{"$i":"makeCall","$v":""},{"$i":"merge","$v":""},{"$i":"info-missed","$v":"मिस कयलु"},{"$i":"missed","$v":"मिस कयलु","ariaLabel":"मिस कयलु"},{"$i":"dialed","$v":"डाइल थियल"},{"$i":"received","$v":"हथु कयो"},{"$i":"canceled","$v":"मंसूख़ थियो"},{"$i":"missedCall","$v":"मिस काल"},{"$i":"missedCallMultiSims","$v":["(सिम ",{"t":"idOrVar","v":"n"},") मिस्ड कालों)"]},{"$i":"mmi-error","$v":"पैग़ामु मोकिलणु दौरान हिकु नुक़्सु थियो"},{"$i":"mmi-session-expired","$v":"सेशन मुदे ख़ारिज थियो"},{"$i":"mmi-successfully-sent","$v":"पैग़ामु कामयाबी सां मोकिलियो व्यो"},{"$i":"mmi-notification-title-with-sim","$v":["(",{"t":"idOrVar","v":"sim"},") ",{"t":"idOrVar","v":"title"}]},{"$i":"mute","$v":""},{"$i":"newCall","$v":""},{"$i":"no-logs-msg-1","$v":"के बि कालों रिकार्ड न थ्यूं"},{"$i":"no-logs-msg-2","$v":"हाणे गुफ़्तगू करणु शुरू कर्यो"},{"$i":"no-logs-msg-3","$v":"के बि कालों रिकार्ड न थ्यूं"},{"$i":"no-logs-msg-4","$v":"हाणे गुफ़्तगू करणु शुरू कर्यो"},{"$i":"onHoldOption","$v":""},{"$i":"outgoing","$v":"वेंदड़"},{"$i":"recents","ariaLabel":"हालिया कालों"},{"$i":"reply","$v":"जवाबु"},{"$i":"calllog-selectAll","$v":"सभई चूंडियो"},{"$i":"send","$v":"मोकलण"},{"$i":"switch-calls","$v":"कालों सोइच कर्यो"},{"$i":"today","$v":"अजु॒"},{"$i":"withheld-number","$v":"अणजातलु"},{"$i":"from-contact","$v":[{"t":"idOrVar","v":"contact"}," खां"]},{"$i":"from-number","$v":[{"t":"idOrVar","v":"number"}," खां"]},{"$i":"from-withheld-number","$v":"ना मालूमु नम्बरु खां"},{"$i":"yesterday","$v":"कुल्हा"},{"$i":"sending","$v":"मोकिले रहियो आहे..."},{"$i":"speakerOption","$v":""},{"$i":"ussd-services","$v":[{"t":"idOrVar","v":"operator"}," ख़िदमतूं"]},{"$i":"toggleKeypad","$v":""},{"$i":"type-your-response","placeholder":"पंहिंजो जवाबु टाईप कर्यो…"},{"$i":"clear-all-text","$v":"सॼो मतनि साफ़ु कर्यो"},{"$i":"hide","$v":"लुकायो"},{"$i":"call","$v":"काल"},{"$i":"hold","$v":"रोकण"},{"$i":"resume","$v":"बि॒हर शुरु कयो","ariaLabel":"बि॒हर शुरु कयो"},{"$i":"sendSms","$v":"पैग़ामु मोकिलियो"},{"$i":"callEnded","$v":"कालु ख़तमु थी"},{"$i":"via-sim","$v":["ज़रिए SIM",{"t":"idOrVar","v":"n"}]},{"$i":"sim-number","$v":["SIM",{"t":"idOrVar","v":"n"}]},{"$i":"unknown","$v":"अणजातलु"},{"$i":"cancel","$v":"मंसूख़ कर्यो"},{"$i":"hangup-a11y-button","$v":""},{"$i":"pickup-a11y-button","$v":""},{"$i":"unlock-a11y-button","ariaLabel":"सलाईडर"},{"$i":"settings","$v":"सेटिंगयूं"},{"$i":"tcl-delete-log","$v":"छा तवहां खे पिक आहे त तवहां कालु लॉग खां चुंडियल दाख़लाऊं हज़फ़ करणु चाहियो था?"},{"$i":"delete-n-log?","$v":{"zero":"कुझु बि चुंडियल नाहे","one":"चुंडियल लॉग हज़फ़ कर्यो?","two":[{"t":"idOrVar","v":"n"}," लॉग हज़फ़ कर्यो?"],"few":[{"t":"idOrVar","v":"n"}," लॉग हज़फ़ कर्यो?"],"many":[{"t":"idOrVar","v":"n"}," लॉग हज़फ़ कर्यो?"],"other":[{"t":"idOrVar","v":"n"}," लॉग हज़फ़ कर्यो?"]},"$x":[{"t":"idOrVar","v":"plural"},"n"]},{"$i":"composeEmail","ariaLabel":"इमेल"},{"$i":"emailDetail","ariaLabel":"इमेल"},{"$i":"phoneDetail","ariaLabel":"फोन"},{"$i":"send-sms-button","ariaLabel":"SMS"},{"$i":"separator","$v":","},{"$i":"callDurationMinutes","$v":[{"t":"idOrVar","v":"m"},":",{"t":"idOrVar","v":"s"}]},{"$i":"callDurationHours","$v":[{"t":"idOrVar","v":"h"},":",{"t":"idOrVar","v":"m"},":",{"t":"idOrVar","v":"s"}]},{"$i":"callDurationTextFormatSeconds","$v":[{"t":"idOrVar","v":"s"}," s"]},{"$i":"callDurationTextFormatMinutes","$v":[{"t":"idOrVar","v":"m"}," m ",{"t":"idOrVar","v":"s"}," s"]},{"$i":"callDurationTextFormatHours","$v":[{"t":"idOrVar","v":"h"}," h ",{"t":"idOrVar","v":"m"}," m ",{"t":"idOrVar","v":"s"}," s"]},{"$i":"suggestionMatches","$v":{"one":["\"",{"t":"idOrVar","v":"matchNumber"},"\" लाइ ",{"t":"idOrVar","v":"n"}," मैचि"],"two":["\"",{"t":"idOrVar","v":"matchNumber"},"\" लाइ ",{"t":"idOrVar","v":"n"}," मैचि"],"few":["\"",{"t":"idOrVar","v":"matchNumber"},"\" लाइ ",{"t":"idOrVar","v":"n"}," मैचि"],"many":["\"",{"t":"idOrVar","v":"matchNumber"},"\" लाइ ",{"t":"idOrVar","v":"n"}," मैचि"],"other":["\"",{"t":"idOrVar","v":"matchNumber"},"\" लाइ ",{"t":"idOrVar","v":"n"}," मैचि"]},"$x":[{"t":"idOrVar","v":"plural"},"n"]},{"$i":"scCallBarring","$v":"कालु बारनग"},{"$i":"scCallForwarding","$v":"कालु अॻिते करणु"},{"$i":"scClip","$v":"इंदड कालर ID"},{"$i":"scClir","$v":"वेंदड काल ID"},{"$i":"scPwd","$v":"गु॒झो लफजु वदिलाउ"},{"$i":"scCallWaiting","$v":"कॉल जो इंतज़ार"},{"$i":"scPin","$v":"PIN मटण"},{"$i":"scPin2","$v":"PIN2 तब्दील"},{"$i":"scPuk","$v":"PIN इन लॉक कर्यो"},{"$i":"scPuk2","$v":"PIN2 इन ब्लाक कर्यो"},{"$i":"scImei","$v":"IMEI"},{"$i":"scMeid","$v":"MEID"},{"$i":"scUssd","$v":"USSD"},{"$i":"serviceClassVoice","$v":"आवाज"},{"$i":"serviceClassData","$v":"डटा"},{"$i":"serviceClassFax","$v":"FAX"},{"$i":"serviceClassSms","$v":"SMS"},{"$i":"serviceClassDataSync","$v":"सिंक"},{"$i":"serviceClassDataAsync","$v":"ओसिंक"},{"$i":"serviceClassPacket","$v":"पेकेट"},{"$i":"serviceClassPad","$v":"PAD"},{"$i":"smServiceEnabled","$v":"ख़िदिमत फ़आल कई वई हुई"},{"$i":"smServiceDisabled","$v":"ख़िदिमत ग़ैरु फ़आल कई वई आहे"},{"$i":"smServiceRegistered","$v":"रजिस्ट्रेशन कामयाबु थी हुई"},{"$i":"smServiceErased","$v":"हज़फ़ करणु कामयाबु हो"},{"$i":"smServiceInterrogated","$v":"दरख़्वास्त कामयाबु हुई"},{"$i":"smServiceNotProvisioned","$v":"ख़िदिमत प्रोवीज़न थियल नाहे"},{"$i":"smClirPermanent","$v":"तवहां कालरु ID सीटनगूं तब्दील नथा करे सगहो"},{"$i":"smClirDefaultOnNextCallOn","$v":"कालर ID मुलअ रोकिंदा. ब॒यो काल: रेकियलु"},{"$i":"smClirDefaultOnNextCallOff","$v":"कालर ID मुलअ रोकिंदा. ब॒यो काल: रोकियल नाहिनि"},{"$i":"smClirDefaultOffNextCallOn","$v":"काल ID मुल थे रोकियल नाहिनि. ब॒यो काल: रेकियलु"},{"$i":"smClirDefaultOffNextCallOff","$v":"काल ID मुल थे रोकियल नाहिनि. ब॒यो काल: रोकियल नाहिनि"},{"$i":"smServiceEnabledFor","$v":"हिन जे लाए ख़िदमत (सर्विस) एनेबल कई वई:"},{"$i":"smPinChanged","$v":"PIN कामयाबी सां तब्दील थियो"},{"$i":"smPinUnblocked","$v":"PIN कामयाबी सां उन ब्लाक थियो"},{"$i":"smPin2Changed","$v":"PIN2 कामयाबी सां तब्दील थियो"},{"$i":"smPin2Unblocked","$v":"PIN2 कामयाबी सां उन ब्लाक थियो"},{"$i":"ServiceIsEnabled","$v":"ख़िदिमत फ़आल आहे"},{"$i":"ServiceIsDisabled","$v":"ख़िदिमत ग़ैरु फ़आल आहे"},{"$i":"ServiceIsEnabledFor","$v":"जे लाइ सुरूरु फ़आल कयो व्यो आहे:"},{"$i":"emMmiError","$v":"कनेकशन मसइलो या ग़लतिMMI कोड"},{"$i":"emMmiErrorPasswordIncorrect","$v":"ग़लति पास वार्ड"},{"$i":"emMmiErrorNotSupported","$v":"ग़लति या ग़ैरु मुआवनत याफ़तहMMI कोड"},{"$i":"emMmiErrorInvalidAction","$v":"ग़लति अमलु"},{"$i":"emMmiErrorInvalidScCode","$v":"ग़लति ख़िदिमत कोड"},{"$i":"emMmiErrorBadPuk","$v":"तव्हांजो टाईप कयल PUK ग़लति आहे"},{"$i":"emMmiErrorBadPin","$v":"तवहां जो टाईप कयल पुराणोPIN सहीह नाहे."},{"$i":"emMmiErrorNeedPuk2","$v":"SIM कार्डु खे इन ब्लाक करणु लाइPUK2 कोड टाईप कर्यो"},{"$i":"emMmiErrorMismatchPin","$v":"तव्हांजा टाईप कयल PIN भेट नथा थियनि"},{"$i":"emMmiErrorInvalidPin","$v":"हिक पिन टाईप कर्यो जेको 4 खां 8 नम्बरु आहे"},{"$i":"emMmiErrorNeedsPuk","$v":"तव्हांजी SIM PUK-लॉक थियल आहे"},{"$i":"emMmiErrorEnablePin","$v":"नाकामु SIM/RUIM लॉक फ़आल कर्यो"},{"$i":"emMmiErrorMmiFdn","$v":"ऑपरेशन सिर्फ़ फ़िक्स्डि डाइलनग नम्बरु ताईं महिदूदु आहे"},{"$i":"emMmiErrorStkCcUssdDial","$v":"USSD आछ फेरबदल कयलु आहे DIAL आछ लाई."},{"$i":"emMmiErrorStkCcUssdSs","$v":"USSD आछ फेरबदल कयलु आहे SS आछ लाई."},{"$i":"emMmiErrorStkCcUssdUssd","$v":"USSD आछ फेरबदल कयलु आहे नऐ USSD आछलाई."},{"$i":"emMmiErrorStkCcSsDial","$v":"SS दरख़्वास्त डाइल दरख़्वास्त ॾांहुं तरमीम थियो"},{"$i":"emMmiErrorStkCcSsUssd","$v":"SS आछ फेरबदल कयलु आहे USSD आछ लाई."},{"$i":"emMmiErrorStkCcSsSs","$v":"SS दरख़्वास्त नईSS दरख़्वास्त ॾांहुं तरमीम थी"},{"$i":"emMmiErrorPinPukAttempts","$v":{"one":["सिर्फ़ ",{"t":"idOrVar","v":"n"}," ॿीहर कोशिश करणु बाक़ी"],"two":[{"t":"idOrVar","v":"n"}," दाख़लाऊं बाक़ी"],"few":[{"t":"idOrVar","v":"n"}," दाख़लाऊं बाक़ी"],"many":[{"t":"idOrVar","v":"n"}," दाख़लाऊं बाक़ी"],"other":[{"t":"idOrVar","v":"n"}," दाख़लाऊं बाक़ी"]},"$x":[{"t":"idOrVar","v":"plural"},"n"]},{"$i":"emMmiErrorSimBlocked","$v":"वधि में वधि ॿीहर कोशिश करणु पोरो थियो SIM ब्लाक थी"},{"$i":"RadioNotAvailable","$v":"रेडियो दस्तयाब नाहे"},{"$i":"GenericFailure","$v":"आमु नाकामी"},{"$i":"PasswordIncorrect","$v":"पास कोड ग़लति"},{"$i":"SimPin2","$v":"SIM PIN2"},{"$i":"SimPuk2","$v":"SIM PUK2"},{"$i":"RequestNotSupported","$v":"दरख़्वास्त जे मुआवनत नाहे"},{"$i":"OpNotAllowedDuringVoiceCall","$v":"वाईस कालु दौरान ऑपरेशन जी इजाज़त नाहे"},{"$i":"SmsSendFailRetry","$v":"SMS मोकिलणु नाकामु थियो ॿीहर कोशिश कर्यो"},{"$i":"SimAbsent","$v":"SIM ग़ैरु हाज़ुरु"},{"$i":"SubscriptionNotAvailable","$v":"सब्सक्रिप्शन मौजूदु उन्ही"},{"$i":"ModeNotSupported","$v":"मूड जे मुआवनत नाहे"},{"$i":"FdnCheckFailure","$v":"Fdn चेकु नाकामी"},{"$i":"IllegalSimOrMe","$v":"ग़ैरु क़ानूनी SIM याME"},{"$i":"DialModifiedToUssd","$v":"डाइलUSSD ॾांहुं तदवीन थियो"},{"$i":"DialModifiedToSs","$v":"डाइलSS ॾांहुं तदवीन थियो"},{"$i":"DialModifiedToDial","$v":"डाइल डाइल ॾांहुं तदवीन थियो"},{"$i":"UssdModifiedToDial","$v":"USSD डाइल ॾांहुं तरमीम थियो"},{"$i":"UssdModifiedToSs","$v":"SS ॾांहुं तरमीम थियो USSD"},{"$i":"UssdModifiedToUssd","$v":"USSD ॾांहुं तरमीम थियो USSD"},{"$i":"SsModifiedToDial","$v":"SS डाइल ॾांहुं तरमीम थियो"},{"$i":"SsModifiedToUssd","$v":"SS ॾांहुं तरमीम थियो USSD"},{"$i":"SsModifiedToSs","$v":"SS ॾांहुं तरमीम थियोSS"},{"$i":"SubscriptionNotSupported","$v":"सब्सक्रिप्शन जे मुआवनत नाहे"},{"$i":"InvalidParameter","$v":"ग़लति पैरामीटर"},{"$i":"RejectedByRemote","$v":"बईद पारां रदि कयो व्यो"},{"$i":"conferenceCall","$v":["कान्फरन्स (",{"t":"idOrVar","v":"n"},")"]},{"$i":"caller-left-call","$v":[{"t":"idOrVar","v":"caller"}," कालु छॾे ॾिनी आहे."]},{"$i":"conferenceAddError","$v":"कालों ज़म करणु जी क़ाबिलु नाहे"},{"$i":"conferenceRemoveError","$v":"कालों ज़म करणु जी क़ाबिलु नाहे"},{"$i":"longDateFormat","$v":"%A, %b %e"},{"$i":"select-audio-sources","$v":"ऑडियो वसीला चूंडियो"},{"$i":"bluetooth-handsfree-device","$v":"ब्लूटूथ हैंड्स फ़्री डिवाइस"},{"$i":"receiver","$v":"वसूलु कंदड़ु"},{"$i":"speaker","$v":"स्पीकर"},{"$i":"tcl-cancel","$v":"मंसूख़ कर्यो"},{"$i":"tcl-dialer","$v":"डाऐलर"},{"$i":"tcl-confirmation","$v":"तसिदीक़"},{"$i":"log-item","$v":"इख़्तियारु"},{"$i":"tcl-assign-speed-dial","$v":{"$o":["बटणु \"",{"t":"idOrVar","v":"speedDial"},"\" ते स्पीड डाइल जे तौर ते राबत़ो इज़ाफ़ो न कयो व्यो.<br><br>हाणे इसाईनि कर्यो?"]}},{"$i":"tcl-assign","$v":"इसाईनि"},{"$i":"select","$v":"चूंडियो"},{"$i":"deselect","$v":"अण चूंडियो"},{"$i":"view-all","$v":"सभई ॾेखारियो"},{"$i":"search-results","$v":"नतीजा तलाश कर्यो"},{"$i":"no-recent-numbers","$v":"डाइल करणु लाइ हिते को बि हालिया नम्बरु नाहे."},{"$i":"wifi-calling","$v":"WiFi कॉलिंग"},{"$i":"dialer-prompt","$v":"नम्बरु डाइल कर्यो या कालु ॾांहुं इज़ाफ़ो करणु लाइ राबत़ो चूंडियो"},{"$i":"hours","$v":"कलाकु"},{"$i":"minutes","$v":"मिंटु"},{"$i":"seconds","$v":"लेकेंडअ"},{"$i":"voiceMail","$v":"वाऐसमेल"},{"$i":"weekday-0-long","$v":"आर्तवारु"},{"$i":"weekday-1-long","$v":"सुमर"},{"$i":"weekday-2-long","$v":"मंगल"},{"$i":"weekday-3-long","$v":"बु॒धर"},{"$i":"weekday-4-long","$v":"विशपत"},{"$i":"weekday-5-long","$v":"जुमो"},{"$i":"weekday-6-long","$v":"छंछरु"},{"$i":"weekday-0-short","$v":"आचरु"},{"$i":"weekday-1-short","$v":"सूमरु"},{"$i":"weekday-2-short","$v":"अङारो"},{"$i":"weekday-3-short","$v":"अर्बा"},{"$i":"weekday-4-short","$v":"ख़मीस"},{"$i":"weekday-5-short","$v":"जमावं"},{"$i":"weekday-6-short","$v":"छंछरु"},{"$i":"month-0-long","$v":"जनॿीहर"},{"$i":"month-1-long","$v":"फ़ीबरॿीहर"},{"$i":"month-2-long","$v":"मार्चु"},{"$i":"month-3-long","$v":"अप्रेलु"},{"$i":"month-4-long","$v":"मुई"},{"$i":"month-5-long","$v":"जूनि"},{"$i":"month-6-long","$v":"जूलाइ"},{"$i":"month-7-long","$v":"आगस्टु"},{"$i":"month-8-long","$v":"सेप्टेम्बरु"},{"$i":"month-9-long","$v":"आक्टोबरु"},{"$i":"month-10-long","$v":"नवम्बरु"},{"$i":"month-11-long","$v":"डिसम्बरु"},{"$i":"month-0-genitive","$v":"जनॿीहर"},{"$i":"month-1-genitive","$v":"फ़ीबरॿीहर"},{"$i":"month-2-genitive","$v":"मार्चु"},{"$i":"month-3-genitive","$v":"अप्रेलु"},{"$i":"month-4-genitive","$v":"मुई"},{"$i":"month-5-genitive","$v":"जूनि"},{"$i":"month-6-genitive","$v":"जूलाइ"},{"$i":"month-7-genitive","$v":"आगस्टु"},{"$i":"month-8-genitive","$v":"सेप्टेम्बरु"},{"$i":"month-9-genitive","$v":"आक्टोबरु"},{"$i":"month-10-genitive","$v":"नवम्बरु"},{"$i":"month-11-genitive","$v":"डिसम्बरु"},{"$i":"month-0-short","$v":"जनॿीहर"},{"$i":"month-1-short","$v":"फ़ीबरॿीहर"},{"$i":"month-2-short","$v":"मार्चु"},{"$i":"month-3-short","$v":"अप्रेलु"},{"$i":"month-4-short","$v":"मुई"},{"$i":"month-5-short","$v":"जनॿीहर"},{"$i":"month-6-short","$v":"जूलाइ"},{"$i":"month-7-short","$v":"आगस्टु"},{"$i":"month-8-short","$v":"सेप्टेम्बरु"},{"$i":"month-9-short","$v":"आक्टोबरु"},{"$i":"month-10-short","$v":"नवम्बरु"},{"$i":"month-11-short","$v":"डिसम्बरु"},{"$i":"minutes-ago-long","$v":{"zero":"बिलकुल हाणे","one":"हिक मिंटु अॻु","two":[{"t":"idOrVar","v":"value"}," मिंटु अॻु"],"few":[{"t":"idOrVar","v":"value"}," मिंटु अॻु"],"many":[{"t":"idOrVar","v":"value"}," मिंटु अॻु"],"other":[{"t":"idOrVar","v":"value"}," मिंटु अॻु"]},"$x":[{"t":"idOrVar","v":"plural"},"value"]},{"$i":"hours-ago-long","$v":{"zero":"बिलकुल हाणे","one":"हिक कलाकु अॻु","two":[{"t":"idOrVar","v":"value"}," कलाकु अॻु"],"few":[{"t":"idOrVar","v":"value"}," कलाकु अॻु"],"many":[{"t":"idOrVar","v":"value"}," कलाकु अॻु"],"other":[{"t":"idOrVar","v":"value"}," कलाकु अॻु"]},"$x":[{"t":"idOrVar","v":"plural"},"value"]},{"$i":"days-ago-long","$v":{"zero":"अजु॒","one":"कुल्हा","two":[{"t":"idOrVar","v":"value"}," ॾींहुं अॻु"],"few":[{"t":"idOrVar","v":"value"}," ॾींहुं अॻु"],"many":[{"t":"idOrVar","v":"value"}," ॾींहुं अॻु"],"other":[{"t":"idOrVar","v":"value"}," ॾींहुं अॻु"]},"$x":[{"t":"idOrVar","v":"plural"},"value"]},{"$i":"weeks-ago-long","$v":{"zero":"हुन हफ़्ते","one":"गुज़िरियल हफ़्ते","two":[{"t":"idOrVar","v":"value"}," हफ़ता अॻु"],"few":[{"t":"idOrVar","v":"value"}," हफ़ता अॻु"],"many":[{"t":"idOrVar","v":"value"}," हफ़ता अॻु"],"other":[{"t":"idOrVar","v":"value"}," हफ़ता अॻु"]},"$x":[{"t":"idOrVar","v":"plural"},"value"]},{"$i":"months-ago-long","$v":{"zero":"हुन महीने","one":"गुज़िरियल महीने","two":[{"t":"idOrVar","v":"value"}," महीना अॻु"],"few":[{"t":"idOrVar","v":"value"}," महीना अॻु"],"many":[{"t":"idOrVar","v":"value"}," महीना अॻु"],"other":[{"t":"idOrVar","v":"value"}," महीना अॻु"]},"$x":[{"t":"idOrVar","v":"plural"},"value"]},{"$i":"years-ago-long","$v":{"zero":"हुन सालु","one":"गुज़िरियल सालु","two":[{"t":"idOrVar","v":"value"}," सालु अॻु"],"few":[{"t":"idOrVar","v":"value"}," सालु अॻु"],"many":[{"t":"idOrVar","v":"value"}," सालु अॻु"],"other":[{"t":"idOrVar","v":"value"}," सालु अॻु"]},"$x":[{"t":"idOrVar","v":"plural"},"value"]},{"$i":"minutes-until-long","$v":{"zero":"हाणि","one":"हिक मिंटु में","two":[{"t":"idOrVar","v":"value"}," मिन्टनि में"],"few":[{"t":"idOrVar","v":"value"}," मिन्टनि में"],"many":[{"t":"idOrVar","v":"value"}," मिन्टनि में"],"other":[{"t":"idOrVar","v":"value"}," मिन्टनि में"]},"$x":[{"t":"idOrVar","v":"plural"},"value"]},{"$i":"hours-until-long","$v":{"zero":"हाणि","one":"हिक कलाकु में","two":[{"t":"idOrVar","v":"value"}," कलाकनि में"],"few":[{"t":"idOrVar","v":"value"}," कलाकनि में"],"many":[{"t":"idOrVar","v":"value"}," कलाकनि में"],"other":[{"t":"idOrVar","v":"value"}," कलाकनि में"]},"$x":[{"t":"idOrVar","v":"plural"},"value"]},{"$i":"days-until-long","$v":{"zero":"अजु॒","one":"सुभाणे","two":[{"t":"idOrVar","v":"value"}," ॾींहुं में"],"few":[{"t":"idOrVar","v":"value"}," ॾींहुं में"],"many":[{"t":"idOrVar","v":"value"}," ॾींहुं में"],"other":[{"t":"idOrVar","v":"value"}," ॾींहुं में"]},"$x":[{"t":"idOrVar","v":"plural"},"value"]},{"$i":"weeks-until-long","$v":{"zero":"हुन हफ़्ते","one":"ईंदड़ सालु","two":[{"t":"idOrVar","v":"value"}," हफ़्तनि में"],"few":[{"t":"idOrVar","v":"value"}," हफ़्तनि में"],"many":[{"t":"idOrVar","v":"value"}," हफ़्तनि में"],"other":[{"t":"idOrVar","v":"value"}," हफ़्तनि में"]},"$x":[{"t":"idOrVar","v":"plural"},"value"]},{"$i":"months-until-long","$v":{"zero":"हुन महीने","one":"ईंदड़ महीने","two":[{"t":"idOrVar","v":"value"}," महीननि में"],"few":[{"t":"idOrVar","v":"value"}," महीननि में"],"many":[{"t":"idOrVar","v":"value"}," महीननि में"],"other":[{"t":"idOrVar","v":"value"}," महीननि में"]},"$x":[{"t":"idOrVar","v":"plural"},"value"]},{"$i":"years-until-long","$v":{"zero":"हुन सालु","one":"ईंदड़ सालु","two":[{"t":"idOrVar","v":"value"}," सालनि में"],"few":[{"t":"idOrVar","v":"value"}," सालनि में"],"many":[{"t":"idOrVar","v":"value"}," सालनि में"],"other":[{"t":"idOrVar","v":"value"}," सालनि में"]},"$x":[{"t":"idOrVar","v":"plural"},"value"]},{"$i":"minutes-ago-short","$v":{"zero":"बिलकुल हाणे","other":[{"t":"idOrVar","v":"value"}," मिंटु अॻु"]},"$x":[{"t":"idOrVar","v":"plural"},"value"]},{"$i":"hours-ago-short","$v":{"zero":"बिलकुल हाणे","other":[{"t":"idOrVar","v":"value"}," कलाकु अॻु"]},"$x":[{"t":"idOrVar","v":"plural"},"value"]},{"$i":"days-ago-short","$v":{"zero":"अजु॒","other":[{"t":"idOrVar","v":"value"}," ॾींहुं अॻु"]},"$x":[{"t":"idOrVar","v":"plural"},"value"]},{"$i":"minutes-until-short","$v":{"zero":"हाणि","other":[{"t":"idOrVar","v":"value"},"m में"]},"$x":[{"t":"idOrVar","v":"plural"},"value"]},{"$i":"hours-until-short","$v":{"zero":"हाणि","other":[{"t":"idOrVar","v":"value"},"h में"]},"$x":[{"t":"idOrVar","v":"plural"},"value"]},{"$i":"days-until-short","$v":{"zero":"अजु॒","other":[{"t":"idOrVar","v":"value"},"d में"]},"$x":[{"t":"idOrVar","v":"plural"},"value"]},{"$i":"incorrectDate","$v":"( ग़लति तारीख़)"},{"$i":"dateTimeFormat_%c","$v":"%a %b %e %Y %I:%M:%S %p"},{"$i":"dateTimeFormat_%x","$v":"%m/%d/%Y"},{"$i":"dateTimeFormat_%X","$v":"%I:%M:%S %p"},{"$i":"shortTimeFormat","$v":"%I:%M %p"},{"$i":"shortTimeFormat12","$v":"%I:%M %p"},{"$i":"shortTimeFormat24","$v":"%H:%M"},{"$i":"shortDateTimeFormat","$v":"%x %I:%M %p"},{"$i":"weekStartsOnMonday","$v":"0"},{"$i":"firstDayOfTheWeek","$v":"0"},{"$i":"time_am","$v":"AM"},{"$i":"time_pm","$v":"PM"},{"$i":"label","$v":"पर्ची"},{"$i":"mobile","$v":"मोबाइल"},{"$i":"home","$v":"घर"},{"$i":"work","$v":"कम"},{"$i":"personal","$v":"जाती"},{"$i":"faxHome","$v":"फैक्स होम"},{"$i":"faxOffice","$v":"फैक्स आफ़ीस"},{"$i":"faxOther","$v":"फैक्स ॿियो"},{"$i":"another","$v":"हिकु ॿियो"},{"$i":"other","$v":"बियो"},{"$i":"tcl-customTag","$v":"रवाजी टैग"},{"$i":"customTag","$v":"रवाजी टैग","placeholder":"रवाजी टैग"},{"$i":"current","$v":"मोजूदह"},{"$i":"itemWithLabel","$v":[{"t":"idOrVar","v":"label"},", ",{"t":"idOrVar","v":"item"}]},{"$i":"airplaneMode","$v":"हवार्इ जहाज मोड"},{"$i":"searching","$v":"ॻोला किरी प्यो..."},{"$i":"noNetwork","$v":"को बि नेट वर्क न"},{"$i":"roaming","$v":[{"t":"idOrVar","v":"operator"}," (रोमिंग"]},{"$i":"operator-info","$v":[{"t":"idOrVar","v":"carrier"}," ",{"t":"idOrVar","v":"region"}]},{"$i":"emergencyCallsOnly","$v":"छड़ो ज़रूरी तकिड़ा कॉल्स"},{"$i":"emergencyCallsOnly-unknownSIMState","$v":"(अणॼातल SIM हालति)"},{"$i":"emergencyCallsOnly-noSIM","$v":"(को बि SIM कोन्हे)"},{"$i":"emergencyCallsOnly-pinRequired","$v":"(SIM PIN घुर्बल आहे)"},{"$i":"emergencyCallsOnly-pukRequired","$v":"SIM PUK घुर्बल)"},{"$i":"emergencyCallsOnly-networkLocked","$v":"( नेट वर्क लॉक थियल)"},{"$i":"emergencyCallsOnly-serviceProviderLocked","$v":"(ख़िदिमत मुहया कंदड़ु लॉक थियल)"},{"$i":"emergencyCallsOnly-corporateLocked","$v":"कारपॿीहरट लॉक थियल)"},{"$i":"emergencyCallsOnly-network1Locked","$v":"(नेट वर्क1 लॉक थियल)"},{"$i":"emergencyCallsOnly-network2Locked","$v":"(नेट वर्क2 लॉक थियल)"},{"$i":"emergencyCallsOnly-hrpdNetworkLocked","$v":"(hrpd नेट वर्क लॉक थी)"},{"$i":"emergencyCallsOnly-ruimCorporateLocked","$v":"(रीवम कारपॿीहरट लॉक थियल)"},{"$i":"emergencyCallsOnly-ruimServiceProviderLocked","$v":"(रीवम ख़िदिमत मुहया कींदड़ लॉक थियल)"},{"$i":"lockscreen-sim-id","$v":["सिम ",{"t":"idOrVar","v":"n"}]},{"$i":"charging-no-time","$v":[{"t":"idOrVar","v":"level"},"% चार्ज थियल"]},{"$i":"charging-minutes","$v":{"zero":[{"t":"idOrVar","v":"level"},"% चार्ज थियल (",{"t":"idOrVar","v":"minutes"}," मुकमिलु चार्ज में बाक़ी मिंटु"],"one":[{"t":"idOrVar","v":"level"},"% चार्ज थियल (",{"t":"idOrVar","v":"minutes"}," मुकमिलु चार्ज में बाक़ी मिंटु"],"two":[{"t":"idOrVar","v":"level"},"% चार्ज थियल (",{"t":"idOrVar","v":"minutes"}," मुकमिलु चार्ज में बाक़ी मिंटु"],"few":[{"t":"idOrVar","v":"level"},"% चार्ज थियल (",{"t":"idOrVar","v":"minutes"}," मुकमिलु चार्ज में बाक़ी मिंटु"],"many":[{"t":"idOrVar","v":"level"},"% चार्ज थियल (",{"t":"idOrVar","v":"minutes"}," मुकमिलु चार्ज में बाक़ी मिंटु"],"other":[{"t":"idOrVar","v":"level"},"% चार्ज थियल (",{"t":"idOrVar","v":"minutes"}," मुकमिलु चार्ज में बाक़ी मिंटु"]},"$x":[{"t":"idOrVar","v":"plural"},"minutes"]},{"$i":"charging-hours","$v":{"zero":[{"t":"idOrVar","v":"level"},"% चार्ज थियल (",{"t":"idOrVar","v":"hours"},"h ",{"t":"idOrVar","v":"minutes"}," मुकमिलु चार्ज में बाक़ी मिंटु"],"one":[{"t":"idOrVar","v":"level"},"% चार्ज थियल (",{"t":"idOrVar","v":"hours"},"h ",{"t":"idOrVar","v":"minutes"}," मुकमिलु चार्ज में बाक़ी मिंटु"],"two":[{"t":"idOrVar","v":"level"},"% चार्ज थियल (",{"t":"idOrVar","v":"hours"},"h ",{"t":"idOrVar","v":"minutes"}," मुकमिलु चार्ज में बाक़ी मिंटु"],"few":[{"t":"idOrVar","v":"level"},"% चार्ज थियल (",{"t":"idOrVar","v":"hours"},"h ",{"t":"idOrVar","v":"minutes"}," मुकमिलु चार्ज में बाक़ी मिंटु"],"many":[{"t":"idOrVar","v":"level"},"% चार्ज थियल (",{"t":"idOrVar","v":"hours"},"h ",{"t":"idOrVar","v":"minutes"}," मुकमिलु चार्ज में बाक़ी मिंटु"],"other":[{"t":"idOrVar","v":"level"},"% चार्ज थियल (",{"t":"idOrVar","v":"hours"},"h ",{"t":"idOrVar","v":"minutes"}," मुकमिलु चार्ज में बाक़ी मिंटु"]},"$x":[{"t":"idOrVar","v":"plural"},"minutes"]},{"$i":"phoneNumberInput","ariaLabel":"फ़ोनु नम्बरु"},{"$i":"keypadDelete","ariaLabel":"रदि"},{"$i":"voiceMailKey","ariaLabel":"वाऐसमेल"},{"$i":"asterisk","ariaLabel":"एसटीरक"},{"$i":"hashSign","ariaLabel":"हैश साइन"},{"$i":"loadingSimContacts","$v":"SIM कार्डु राबता लोड किरी प्यो..."},{"$i":"noContactsWereFound","$v":"के बि राबता न मिलिया हुआ"},{"$i":"noContactsFoundDialogOk","$v":"ठीक"},{"$i":"emergencyNumber","$v":"मुश्किलात में नम्बर"},{"$i":"callAirplaneModeMessage","$v":"हिक कालु करणु जे लाइ तवहां खे सीटनगन में एअर प्लैन मूड ग़ैरु फ़आल करणु जी ज़रूरत पवे थी."},{"$i":"callAirplaneModeBtnOk","$v":"ठीक"},{"$i":"callAirplaneModeTitle","$v":"हवाई जहाज़ मूड फ़आल थियो"},{"$i":"numberIsBusyTitle","$v":"नम्बरु मसरूफ़ु आहिनि"},{"$i":"numberIsBusyMessage","$v":"नम्बरु मोजूदह तौर ते मसरूफ़ु आहे. महर्बानी करे पोई वरी कोशिश कजो"},{"$i":"fdnIsActiveTitle","$v":"FDN फ़आल"},{"$i":"fdnIsActiveMessage","$v":["FDN (फ़िक्स्डि डाइलनग नम्बरु फ़आल थियल आहे ऐं ह॓ठियूं नम्बरु तव्हांजीFDN लिस्ट में नाहे ",{"t":"idOrVar","v":"number"}]},{"$i":"emergencyDialogBodyBadNumber","$v":"हिक कालु करणु जे लाइ फ़ोनु खे नेटवर्क सां ॻंढणु ज़रूरी आहे."},{"$i":"emergencyDialogBodyDeviceNotAccepted","$v":"नेटवर्क जे तर्फ़ां हंगामी कॉलिन जी इजाज़त नाहे."},{"$i":"emergencyDialogBtnOk","$v":"ठीक"},{"$i":"emergencyDialogTitle","$v":"को नेटवर्क गंढ कोन्हे"},{"$i":"invalidNumberToDialTitle","$v":"ग़लति फ़ोनु नम्बरु"},{"$i":"invalidNumberToDialMessage","$v":"फ़ोनु नम्बरु जंहिं ते तवहां कालु करे रहिया आहियो सहीह नाहे."},{"$i":"unableToCallTitle","$v":"हाणि फ़ोनु कालु करणु जी क़ाबिलु नाहे"},{"$i":"unableToCallMessage","$v":"हिक कालु नथा करे सघूं जेकॾहिं तवहां पहिरियां खां ई डाइल करे रहिया आहियो, महिरबानी करे पहिरियां हींग अप कर्यो."},{"$i":"otherConnectionInUseTitle","$v":"ॿियो कनेकशन इस्तेमाल में आहे"},{"$i":"otherConnectionInUseMessage","$v":"तवहां वटि हिक ॿी डिवाइस ते फ़आल कालु आहे. तवहां हिक ई वक्त में हिक कनेकशन इस्तेमाल करे सगहो था."},{"$i":"clear","$v":"हटायो"},{"$i":"dialer","$v":"डाऐलर"},{"$i":"tcl-incomming-call","$v":"र्इंदड़ कॉल"},{"$i":"tcl-in-call","$v":"इन कॉल"},{"$i":"tcl-answer","$v":"ज़वाब ॾियण"},{"$i":"tcl-end-answer","$v":"ख़तमु कर्यो ऐं जवाबु ॾियो"},{"$i":"tcl-decline","$v":"नह क़बूलण"},{"$i":"tcl-mute","$v":"म्यूट करण"},{"$i":"tcl-unmute","$v":"अण-माठि"},{"$i":"tcl-speaker","$v":"स्पीकर"},{"$i":"tcl-speaker-off","$v":"स्पीकर बंद"},{"$i":"tcl-microphone-mute-notification","$v":"माइक्रो फ़ोनु मीवट थियो"},{"$i":"tcl-microphone-active-notification","$v":"माइक्रो फ़ोनु चुस्तु आहे"},{"$i":"tcl-speaker-off-notification","$v":"ॿाहरयान स्पीकर बंदु थिया"},{"$i":"tcl-speaker-on-notification","$v":"ॿाहरयान स्पीकर बंदु खिलिया"},{"$i":"tcl-hold-and-answer","$v":"होल्ड ते रुखो ऐं जवाबु ॾियो"},{"$i":"tcl-ignore-call","$v":"ईंदड़ कालु नज़र अंदाज़ु कर्यो"},{"$i":"tcl-add-to-call","$v":"कालु शामिलु कर्यो"},{"$i":"tcl-switch-to-second-line","$v":"स्वीप कालु"},{"$i":"tcl-merge-calls","$v":"कालु ज़म कर्यो"},{"$i":"btnOk","$v":"ठीक"},{"$i":"losing-wifi-msg","$v":"वाई फ़ाई विञाइणु"},{"$i":"hd","$v":"HD"},{"$i":"manage-call","$v":"कालु मुनज़्ज़म कर्यो"},{"$i":"end","$v":"कालु ख़तमु कर्यो"},{"$i":"private","$v":"निजी"},{"$i":"sound","$v":"आवाज"},{"$i":"bluetooth-device","$v":"बिलो टूथ डिवाइस"},{"$i":"handset-earpiece","$v":"हैंड सीट"},{"$i":"call-ended","$v":"कालु ख़तमु थी"},{"$i":"payphone","$v":"पी फ़ोनु"},{"$i":"contact","$v":"राबतो"},{"$i":"volume","$v":"वालयूंम"},{"$i":"softkey-options","$v":"इख़्तियारु"},{"$i":"resume-call","$v":"कालु जारी कर्यो"},{"$i":"switch-to-device-toast","$v":"ब्लूटूथ डिवाइस ॾांहुं सोइच थियो"},{"$i":"switch-to-handset-toast","$v":"हैंड सीट एअर पियुसि डिवाइस ॾांहुं सोइच थियो"},{"$i":"switch-to-speaker-toast","$v":"स्पीकर ॾांहुं सोइच थियो"},{"$i":"emergency-call","$v":"हिते हिकु हंगामी कालु आहे."},{"$i":"link","$v":"लिंक:"},{"$i":"call-left-conference-toast","$v":[{"t":"idOrVar","v":"number"}," कालु लाइ छॾे व्यो"]}]