[{"$i":"tcl-calllog-entry-removed-succ-notification","$v":"கால் லாஃக் என்ட்ரி அகற்றப்பட்டது"},{"$i":"tcl-calllog-entry-removed-err-notification","$v":"கால் லாகு என்ட்ரி-ஐ நீக்க முடியாது"},{"$i":"addNewNumber","$v":"புதிய எண்ணை சேர்"},{"$i":"contactDetails","$v":"தொடர்பு விவரங்கள்"},{"$i":"addToExistingContact","$v":"ஏற்கனவே உள்ள தொடர்பில் சேர்"},{"$i":"all","$v":"எல்லாம்","ariaLabel":"எல்லாம்"},{"$i":"bluetoothOption","$v":""},{"$i":"callLog","$v":"கால் லாஃக்"},{"$i":"callLogEdit","title":"கால் லாஃக்-ஐ திருத்து"},{"$i":"tcl-option-menu-call-log-edit","$v":"கால் லாஃக்-ஐ திருத்து"},{"$i":"callLogEditDialog","ariaLabel":"கால் லாஃக் செய்தியைத் திருத்து"},{"$i":"tcl-call-log-delete-group-notification","$v":[{"t":"idOrVar","v":"n"}," என்ட்ரி-கள் நீக்கப்பட்டது"]},{"$i":"connecting","$v":"காலிங்"},{"$i":"connectingEllipsis","$v":"கனெக்ட் செய்கிறது..."},{"$i":"call-forwarding-async","$v":["அசின்க்ரோனஸ்: ",{"t":"idOrVar","v":"async"}]},{"$i":"call-forwarding-data","$v":["டேட்டா: ",{"t":"idOrVar","v":"data"}]},{"$i":"call-forwarding-error","$v":"இந்த சிம் கார்டு நிரந்தரமாக பயன்படுத்த முடியாமல் போவதற்கு முன்பாக சரியான கோட்-ஐ உள்ளிட உங்களுக்கு ஒரு முயற்சி மீதமுள்ளது கூடுதல் தகவல்களுக்கு உங்கள் சிம் கார்டு ஆவணத்தைப் பார்க்கவும் அல்லது உங்கள் கேரியரைத் தொடர்பு கொள்ளவும்."},{"$i":"call-forwarding-fax","$v":["FAX: ",{"t":"idOrVar","v":"fax"}]},{"$i":"call-forwarding-inactive","$v":"செயல்படாதது"},{"$i":"call-forwarding-packet","$v":["பாக்கெட்: ",{"t":"idOrVar","v":"packet"}]},{"$i":"call-forwarding-pad","$v":["PAD: ",{"t":"idOrVar","v":"pad"}]},{"$i":"call-forwarding-sms","$v":["SMS: ",{"t":"idOrVar","v":"sms"}]},{"$i":"call-forwarding-status","$v":"கால் பார்வேர்ட்ங் நிலை"},{"$i":"call-forwarding-sync","$v":["ஒத்தியங்கு: ",{"t":"idOrVar","v":"sync"}]},{"$i":"call-forwarding-voice","$v":["வாய்ஸ்: ",{"t":"idOrVar","v":"voice"}]},{"$i":"close","$v":"மூடு"},{"$i":"confirm-deletion","$v":"தேர்ந்தெடுத்த கால்-களை அழிக்கவா?"},{"$i":"contacts","ariaLabel":"தொடர்புகள்"},{"$i":"createNewContact","$v":"புதிய தொடர்பை உருவாக்கு"},{"$i":"delete","$v":"நீக்கு"},{"$i":"calllog-deselectAll","$v":"அனைத்தையும் தேர்வுநீக்கு"},{"$i":"dialerAddContact","$v":""},{"$i":"dialerAddContactDialog","ariaLabel":"தொடர்பு டயலாக்-ஐ சேர்"},{"$i":"callInformation","$v":"கால் தகவல்"},{"$i":"edit-selected","$v":{"one":["(",{"t":"idOrVar","v":"n"},")தேர்ந்தெடுக்கப்பட்டது"],"two":["(",{"t":"idOrVar","v":"n"},")தேர்ந்தெடுக்கப்பட்டது"],"few":["(",{"t":"idOrVar","v":"n"},")தேர்ந்தெடுக்கப்பட்டது"],"many":["(",{"t":"idOrVar","v":"n"},")தேர்ந்தெடுக்கப்பட்டது"],"other":["(",{"t":"idOrVar","v":"n"},")தேர்ந்தெடுக்கப்பட்டது"]},"$x":[{"t":"idOrVar","v":"plural"},"n"]},{"$i":"tcl-edit-not-selected","$v":"(0)தேர்ந்தெடுக்கப்பட்டது"},{"$i":"edit","$v":"திருத்து"},{"$i":"hideKeypad","ariaLabel":"கீபேடு-ஐ மறைக்கவும்"},{"$i":"ignore","$v":""},{"$i":"incoming","$v":"இன்கமிங்"},{"$i":"keypad","ariaLabel":"கீபேட்"},{"$i":"makeCall","$v":""},{"$i":"merge","$v":""},{"$i":"info-missed","$v":"தவறியவை"},{"$i":"missed","$v":"தவறியவை","ariaLabel":"தவறியவை"},{"$i":"dialed","$v":"டயல் செய்யப்பட்டது"},{"$i":"received","$v":"பெறப்பட்டது"},{"$i":"canceled","$v":"ரத்துசெய்யப்பட்டது"},{"$i":"missedCall","$v":"தவறிய கால்"},{"$i":"missedCallMultiSims","$v":["(சிம் ",{"t":"idOrVar","v":"n"},") தவறிய கால்"]},{"$i":"mmi-error","$v":"செய்தியை அனுப்பும் போது பிழை ஏற்பட்டது."},{"$i":"mmi-session-expired","$v":"செஸ்சன் காலாவதியானது"},{"$i":"mmi-successfully-sent","$v":"செய்தி வெற்றிகரமாக அனுப்பப்பட்டது"},{"$i":"mmi-notification-title-with-sim","$v":["(",{"t":"idOrVar","v":"sim"},") ",{"t":"idOrVar","v":"title"}]},{"$i":"mute","$v":""},{"$i":"newCall","$v":""},{"$i":"no-logs-msg-1","$v":"கால்-கள் ரெக்கார்ட் செய்யப்படவில்லை"},{"$i":"no-logs-msg-2","$v":"இப்போது தொடர்பு கொள்ள தொடங்கவும்"},{"$i":"no-logs-msg-3","$v":"கால்-கள் ரெக்கார்ட் செய்யப்படவில்லை"},{"$i":"no-logs-msg-4","$v":"இப்போது தொடர்பு கொள்ள தொடங்கவும்"},{"$i":"onHoldOption","$v":""},{"$i":"outgoing","$v":"அவுட்கோயிங்"},{"$i":"recents","ariaLabel":"சமீபத்திய கால்-கள்"},{"$i":"reply","$v":"பதிலளிக்கவும்"},{"$i":"calllog-selectAll","$v":"அனைத்தையும் தேர்ந்தெடு"},{"$i":"send","$v":"அனுப்பு"},{"$i":"switch-calls","$v":"கால்-களுக்கு மாற்றவும்"},{"$i":"today","$v":"இன்று"},{"$i":"withheld-number","$v":"தெரியாத"},{"$i":"from-contact","$v":[{"t":"idOrVar","v":"contact"}," முதல்"]},{"$i":"from-number","$v":[{"t":"idOrVar","v":"number"}," முதல்"]},{"$i":"from-withheld-number","$v":"தெரியாத எண்ணிலிருந்து"},{"$i":"yesterday","$v":"நேற்று"},{"$i":"sending","$v":"அனுப்புகிறது…"},{"$i":"speakerOption","$v":""},{"$i":"ussd-services","$v":[{"t":"idOrVar","v":"operator"}," சேவைகள்"]},{"$i":"toggleKeypad","$v":""},{"$i":"type-your-response","placeholder":"உங்கள் பதிலை டைப் செய்க…"},{"$i":"clear-all-text","$v":"எல்லா உரையையும் அழி"},{"$i":"hide","$v":"மறைக்கவும்"},{"$i":"call","$v":"கால்"},{"$i":"hold","$v":"ஹோல்ட்"},{"$i":"resume","$v":"மீண்டும் தொடர்","ariaLabel":"மீண்டும் தொடர்"},{"$i":"sendSms","$v":"செய்தியை அனுப்புக"},{"$i":"callEnded","$v":"கால் முடிந்தது"},{"$i":"via-sim","$v":["சிம்",{"t":"idOrVar","v":"n"}," இன் வழியாக"]},{"$i":"sim-number","$v":["சிம்",{"t":"idOrVar","v":"n"}]},{"$i":"unknown","$v":"தெரியாத"},{"$i":"cancel","$v":"ரத்து செய்க"},{"$i":"hangup-a11y-button","$v":""},{"$i":"pickup-a11y-button","$v":""},{"$i":"unlock-a11y-button","ariaLabel":"ஸ்லைடர்"},{"$i":"settings","$v":"செட்டிங்ஸ்"},{"$i":"tcl-delete-log","$v":"கால் லாஃக்-இல் இருந்து தேர்வுசெய்ய என்ட்ரி-களை நீங்கள் நிச்சியமாக நீக்க விரும்புகிறீர்களா?"},{"$i":"delete-n-log?","$v":{"zero":"ஒன்றும் தேர்வுசெய்யப்படவில்லை","one":"தேர்ந்தெடுத்த லாஃக்-ஐ நீக்கவா?","two":[{"t":"idOrVar","v":"n"}," லாஃக் நீக்கவா?"],"few":[{"t":"idOrVar","v":"n"}," லாஃக் நீக்கவா?"],"many":[{"t":"idOrVar","v":"n"}," லாஃக் நீக்கவா?"],"other":[{"t":"idOrVar","v":"n"}," லாஃக் நீக்கவா?"]},"$x":[{"t":"idOrVar","v":"plural"},"n"]},{"$i":"composeEmail","ariaLabel":"இமெயில்"},{"$i":"emailDetail","ariaLabel":"இமெயில்"},{"$i":"phoneDetail","ariaLabel":"ஃபோன்"},{"$i":"send-sms-button","ariaLabel":"SMS"},{"$i":"separator","$v":","},{"$i":"callDurationMinutes","$v":[{"t":"idOrVar","v":"m"},":",{"t":"idOrVar","v":"s"}]},{"$i":"callDurationHours","$v":[{"t":"idOrVar","v":"h"},":",{"t":"idOrVar","v":"m"},":",{"t":"idOrVar","v":"s"}]},{"$i":"callDurationTextFormatSeconds","$v":[{"t":"idOrVar","v":"s"}," நொடி"]},{"$i":"callDurationTextFormatMinutes","$v":[{"t":"idOrVar","v":"m"}," நிமிடம் ",{"t":"idOrVar","v":"s"}," நொடி"]},{"$i":"callDurationTextFormatHours","$v":[{"t":"idOrVar","v":"h"}," மணிநேரம் ",{"t":"idOrVar","v":"m"}," நிமிடம் ",{"t":"idOrVar","v":"s"}," நொடி"]},{"$i":"suggestionMatches","$v":{"one":[{"t":"idOrVar","v":"matchNumber"}," க்கு ",{"t":"idOrVar","v":"n"}," பொருந்தும்"],"two":[{"t":"idOrVar","v":"matchNumber"}," க்கு ",{"t":"idOrVar","v":"n"}," பொருந்துகின்றது"],"few":[{"t":"idOrVar","v":"matchNumber"}," க்கு ",{"t":"idOrVar","v":"n"}," பொருந்துகின்றது"],"many":[{"t":"idOrVar","v":"matchNumber"}," க்கு ",{"t":"idOrVar","v":"n"}," பொருந்துகின்றது"],"other":[{"t":"idOrVar","v":"matchNumber"}," க்கு ",{"t":"idOrVar","v":"n"}," பொருந்துகின்றது"]},"$x":[{"t":"idOrVar","v":"plural"},"n"]},{"$i":"scCallBarring","$v":"கால் தடுப்பு"},{"$i":"scCallForwarding","$v":"கால் பார்வேர்ட்ங்"},{"$i":"scClip","$v":"இன்கமிங் காலர் ID"},{"$i":"scClir","$v":"அவுட்கோயிங் காலர் ID"},{"$i":"scPwd","$v":"பாஸ்வெர்ட்-ஐ மாற்று"},{"$i":"scCallWaiting","$v":"கால் காத்திருப்பு"},{"$i":"scPin","$v":"பின்னை மாற்று"},{"$i":"scPin2","$v":"பின்2-ஐ மாற்று"},{"$i":"scPuk","$v":"பின்னின் தடையை நீக்கவும்"},{"$i":"scPuk2","$v":"பின்2 -இன் தடையை நீக்கவும்"},{"$i":"scImei","$v":"IMEI"},{"$i":"scMeid","$v":"MEID"},{"$i":"scUssd","$v":"USSD"},{"$i":"serviceClassVoice","$v":"வாய்ஸ்"},{"$i":"serviceClassData","$v":"டேட்டா"},{"$i":"serviceClassFax","$v":"FAX"},{"$i":"serviceClassSms","$v":"SMS"},{"$i":"serviceClassDataSync","$v":"சின்க்"},{"$i":"serviceClassDataAsync","$v":"அசின்க்"},{"$i":"serviceClassPacket","$v":"பேக்கெட்"},{"$i":"serviceClassPad","$v":"PAD"},{"$i":"smServiceEnabled","$v":"சேவை செயல்படுத்தப்பட்டது"},{"$i":"smServiceDisabled","$v":"சேவை முடக்கப்பட்டுள்ளது"},{"$i":"smServiceRegistered","$v":"வெற்றிகரமாகப் பதிவுசெய்யப்பட்டது"},{"$i":"smServiceErased","$v":"நீக்குதல் வெற்றி பெற்றது"},{"$i":"smServiceInterrogated","$v":"கோரிக்கை வெற்றியடைந்தது"},{"$i":"smServiceNotProvisioned","$v":"சேவை ஒதுக்கீடு செய்யப்படவில்லை"},{"$i":"smClirPermanent","$v":"காலர் ID அமைப்பை நீங்கள் மாற்ற முடியாது"},{"$i":"smClirDefaultOnNextCallOn","$v":"காலர் ID டீஃபால்ட்ஸ் கட்டுப்படுத்தப்பட்டுள்ளது. அடுத்த கால்: கட்டுப்படுத்தப்பட்டுள்ளது"},{"$i":"smClirDefaultOnNextCallOff","$v":"காலர் ID டீஃபால்ட்ஸ் கட்டுப்படுத்தப்பட்டுள்ளது. அடுத்த கால்: கட்டுப்படுத்தப்படவில்லை"},{"$i":"smClirDefaultOffNextCallOn","$v":"காலர் ID டீஃபால்ட்ஸ் கட்டுப்படுத்தப்படவில்லை. அடுத்த கால்: கட்டுப்படுத்தப்பட்டுள்ளது"},{"$i":"smClirDefaultOffNextCallOff","$v":"காலர் ID டீஃபால்ட்ஸ் கட்டுப்படுத்தப்படவில்லை. அடுத்த கால்: கட்டுப்படுத்தப்படவில்லை"},{"$i":"smServiceEnabledFor","$v":"இதற்காக சேவை செயல்படுத்தப்பட்டது:"},{"$i":"smPinChanged","$v":"பின் வெற்றிகரமாக மாற்றப்பட்டது"},{"$i":"smPinUnblocked","$v":"பின் வெற்றிகரமாக தடைநீக்கப்பட்டது"},{"$i":"smPin2Changed","$v":"பின்2 வெற்றிகரமாக மாற்றப்பட்டது"},{"$i":"smPin2Unblocked","$v":"பின்2 வெற்றிகரமாக தடைநீக்கப்பட்டது"},{"$i":"ServiceIsEnabled","$v":"சேவை செயல்படுத்தப்பட்டுள்ளது"},{"$i":"ServiceIsDisabled","$v":"சேவை முடக்கப்பட்டது"},{"$i":"ServiceIsEnabledFor","$v":"இதற்காக சேவை செயல்படுத்தப்பட்டுள்ளது:"},{"$i":"emMmiError","$v":"கனெக்ஷன் சிக்கல் அல்லது செல்லாத MMI கோட்"},{"$i":"emMmiErrorPasswordIncorrect","$v":"தவறான பாஸ்வெர்ட்"},{"$i":"emMmiErrorNotSupported","$v":"செல்லாத அல்லது ஆதரிக்கப்படாத MMI கோட்"},{"$i":"emMmiErrorInvalidAction","$v":"செல்லாத  செயல்"},{"$i":"emMmiErrorInvalidScCode","$v":"செல்லாத சேவைக் கோட்"},{"$i":"emMmiErrorBadPuk","$v":"நீங்கள் டைப் செய்த PUK சரியானது இல்லை"},{"$i":"emMmiErrorBadPin","$v":"நீங்கள் டைப் செய்த பழைய பின் சரியானது இல்லை."},{"$i":"emMmiErrorNeedPuk2","$v":"சிம் கார்டு தடையை நீக்க PUK2 என்று டைப் செய்யவும்"},{"$i":"emMmiErrorMismatchPin","$v":"நீங்கள் டைப் செய்த பின்கள் பொருந்தவில்லை"},{"$i":"emMmiErrorInvalidPin","$v":"4 முதல் 8 எண்களை கொண்டுள்ள பின்னை டைப் செய்யவும்"},{"$i":"emMmiErrorNeedsPuk","$v":"உங்கள் சிம் கார்டு PUK லாக்  செய்யப்பட்டுள்ளது"},{"$i":"emMmiErrorEnablePin","$v":"வெற்றியடையவில்லை. SIM/RUIM லாக்-ஐ செயல்படுத்தவும்"},{"$i":"emMmiErrorMmiFdn","$v":"ஃபிக்ஸ்ட் டயலிங் எண்களுக்கு மட்டும் ஆபரேஷன் தடுக்கப்பட்டுள்ளது"},{"$i":"emMmiErrorStkCcUssdDial","$v":"USSD கோரிக்கையானது டயல் கோரிக்கைக்கு மாற்றப்பட்டது"},{"$i":"emMmiErrorStkCcUssdSs","$v":"USSD கோரிக்கையானது SS கோரிக்கைக்கு மாற்றப்பட்டது"},{"$i":"emMmiErrorStkCcUssdUssd","$v":"USSD கோரிக்கையானது புதிய USSD கோரிக்கைக்கு மாற்றப்பட்டது"},{"$i":"emMmiErrorStkCcSsDial","$v":"டயல் கோரிக்கைக்கு SS கோரிக்கை திருத்தப்பட்டது"},{"$i":"emMmiErrorStkCcSsUssd","$v":"USSD கோரிக்கைக்கு SS கோரிக்கை திருத்தப்பட்டது"},{"$i":"emMmiErrorStkCcSsSs","$v":"புதிய SS கோரிக்கைக்கு SS கோரிக்கை திருத்தப்பட்டது"},{"$i":"emMmiErrorPinPukAttempts","$v":{"one":[{"t":"idOrVar","v":"n"}," முயற்சிகள் மட்டுமே மீதமுள்ளது"],"two":["மீண்டும் முயற்சித்தல் ",{"t":"idOrVar","v":"n"}," மீதமுள்ளன"],"few":["மீண்டும் முயற்சித்தல் ",{"t":"idOrVar","v":"n"}," மீதமுள்ளன"],"many":["மீண்டும் முயற்சித்தல் ",{"t":"idOrVar","v":"n"}," மீதமுள்ளன"],"other":["மீண்டும் முயற்சித்தல் ",{"t":"idOrVar","v":"n"}," மீதமுள்ளன"]},"$x":[{"t":"idOrVar","v":"plural"},"n"]},{"$i":"emMmiErrorSimBlocked","$v":"உள்ளீடுகளின் அதிகபட்ச எண்ணிக்கையைத் தாண்டியது. சிம் தடுக்கப்பட்டது."},{"$i":"RadioNotAvailable","$v":"ரேடியோ கிடைக்கவில்லை"},{"$i":"GenericFailure","$v":"பொதுவான செயலிழப்பு"},{"$i":"PasswordIncorrect","$v":"பாஸ்வெர்ட் தவறானது"},{"$i":"SimPin2","$v":"சிம் பின்2"},{"$i":"SimPuk2","$v":"சிம் PUK2"},{"$i":"RequestNotSupported","$v":"கோரிக்கை ஆதரிக்கப்படவில்லை"},{"$i":"OpNotAllowedDuringVoiceCall","$v":"வாய்ஸ் கால்-இன் போது ஆபரேஷன் அனுமதிக்கப்படவில்லை"},{"$i":"SmsSendFailRetry","$v":"SMS அனுப்பியது தோல்வியுற்றது மீண்டும் முயலவும்"},{"$i":"SimAbsent","$v":"சிம் இல்லை"},{"$i":"SubscriptionNotAvailable","$v":"சந்தா கிடைக்கவில்லை"},{"$i":"ModeNotSupported","$v":"மோட் ஆதரிக்கப்படவில்லை"},{"$i":"FdnCheckFailure","$v":"FDN சோதனை தோல்வி"},{"$i":"IllegalSimOrMe","$v":"சட்டவிரோத சிம் அல்லது ME"},{"$i":"DialModifiedToUssd","$v":"USSD-க்கு டயல் மாற்றப்பட்டது"},{"$i":"DialModifiedToSs","$v":"SS-க்கு டயல் மாற்றப்பட்டது"},{"$i":"DialModifiedToDial","$v":"டயலுக்கு டயல் மாற்றப்பட்டது"},{"$i":"UssdModifiedToDial","$v":"USSD, டயல் ஆக திருத்தப்பட்டது"},{"$i":"UssdModifiedToSs","$v":"USSD, SS ஆக திருத்தப்பட்டது"},{"$i":"UssdModifiedToUssd","$v":"USSD, USSD ஆக திருத்தப்பட்டது"},{"$i":"SsModifiedToDial","$v":"SS, டயலுக்கு திருத்தப்பட்டது"},{"$i":"SsModifiedToUssd","$v":"SS, USSD-க்கு திருத்தப்பட்டது"},{"$i":"SsModifiedToSs","$v":"SS, SS-க்கு திருத்தப்பட்டது"},{"$i":"SubscriptionNotSupported","$v":"சந்தா ஆதரிக்கப்படவில்லை"},{"$i":"InvalidParameter","$v":"செல்லாத பேராமீட்டர்"},{"$i":"RejectedByRemote","$v":"ரிமோட்டால், நிராகரிக்கப்பட்டது"},{"$i":"conferenceCall","$v":["கான்பரென்ஸ் (",{"t":"idOrVar","v":"n"},")"]},{"$i":"caller-left-call","$v":[{"t":"idOrVar","v":"caller"}," கால்-ஐ விட்டு விலகினார்."]},{"$i":"conferenceAddError","$v":"கால்-களை இணைக்க இயலவில்லை"},{"$i":"conferenceRemoveError","$v":"கால்-களை பிரிக்க இயலவில்லை"},{"$i":"longDateFormat","$v":"%A, %b %e"},{"$i":"select-audio-sources","$v":"ஆடியோ சோர்ஸ்களை தேர்ந்தெடு"},{"$i":"bluetooth-handsfree-device","$v":"ப்ளூடூத் ஹேண்ட்ஸ்ப்ரீ சாதனம்"},{"$i":"receiver","$v":"பெறுநர்"},{"$i":"speaker","$v":"ஸ்பீக்கர்"},{"$i":"tcl-cancel","$v":"ரத்து செய்க"},{"$i":"tcl-dialer","$v":"டயலர்"},{"$i":"tcl-confirmation","$v":"உறுதிப்படுத்துதல்"},{"$i":"log-item","$v":"விருப்பங்கள்"},{"$i":"tcl-assign-speed-dial","$v":{"$o":["\"",{"t":"idOrVar","v":"speedDial"},"\" பட்டனில் தொடர்பு ஸ்பீட் டயலாகச் சேர்க்கப்படவில்லை. <br><br>இப்போதே ஒதுக்கவா?"]}},{"$i":"tcl-assign","$v":"ஒதுக்கு"},{"$i":"select","$v":"தேர்ந்தெடுக்கவும்"},{"$i":"deselect","$v":"தேர்வுநீக்கு"},{"$i":"view-all","$v":"அனைத்தையும் காட்டவும்"},{"$i":"search-results","$v":"முடிவுகளைத் தேடுக"},{"$i":"no-recent-numbers","$v":"டயல் செய்ய கால் லாஃக்களில் சமீபத்திய எண்கள் இல்லை."},{"$i":"wifi-calling","$v":"Wi-Fi காலிங்"},{"$i":"dialer-prompt","$v":"எண்ணை டயல் செய்யவும் அல்லது கால்-இல் சேர்க்க தொடர்பைத் தேர்வுசெய்க"},{"$i":"hours","$v":"மணிநேரங்கள்"},{"$i":"minutes","$v":"நிமிடங்கள்"},{"$i":"seconds","$v":"நொடிகள்"},{"$i":"voiceMail","$v":"வாய்ஸ்மெயில்"},{"$i":"weekday-0-long","$v":"ஞாயிறுக்கிழமை"},{"$i":"weekday-1-long","$v":"திங்கள்"},{"$i":"weekday-2-long","$v":"செவ்வாய்க்கிழமை"},{"$i":"weekday-3-long","$v":"புதன்கிழமை"},{"$i":"weekday-4-long","$v":"வியாழக்கிழமை"},{"$i":"weekday-5-long","$v":"வெள்ளி"},{"$i":"weekday-6-long","$v":"சனிக்கிழமை"},{"$i":"weekday-0-short","$v":"ஞாயிறுக்கிழமை"},{"$i":"weekday-1-short","$v":"திங்கள்"},{"$i":"weekday-2-short","$v":"செவ்வாய்க்கிழமை"},{"$i":"weekday-3-short","$v":"புதன்கிழமை"},{"$i":"weekday-4-short","$v":"வியாழன்"},{"$i":"weekday-5-short","$v":"வெள்ளி"},{"$i":"weekday-6-short","$v":"சனிக்கிழமை"},{"$i":"month-0-long","$v":"ஜனவரி"},{"$i":"month-1-long","$v":"பிப்ரவரி"},{"$i":"month-2-long","$v":"மார்ச்"},{"$i":"month-3-long","$v":"ஏப்ரல்"},{"$i":"month-4-long","$v":"மே"},{"$i":"month-5-long","$v":"ஜூன்"},{"$i":"month-6-long","$v":"ஜூலை"},{"$i":"month-7-long","$v":"ஆகஸ்ட்"},{"$i":"month-8-long","$v":"செப்டம்பர்"},{"$i":"month-9-long","$v":"அக்டோபர்"},{"$i":"month-10-long","$v":"நவம்பர்"},{"$i":"month-11-long","$v":"டிசம்பர்"},{"$i":"month-0-genitive","$v":"ஜனவரி"},{"$i":"month-1-genitive","$v":"பிப்ரவரி"},{"$i":"month-2-genitive","$v":"மார்ச்"},{"$i":"month-3-genitive","$v":"ஏப்ரல்"},{"$i":"month-4-genitive","$v":"மே"},{"$i":"month-5-genitive","$v":"ஜூன்"},{"$i":"month-6-genitive","$v":"ஜூலை"},{"$i":"month-7-genitive","$v":"ஆகஸ்ட்"},{"$i":"month-8-genitive","$v":"செப்டம்பர்"},{"$i":"month-9-genitive","$v":"அக்டோபர்"},{"$i":"month-10-genitive","$v":"நவம்பர்"},{"$i":"month-11-genitive","$v":"டிசம்பர்"},{"$i":"month-0-short","$v":"ஜனவரி"},{"$i":"month-1-short","$v":"பிப்ரவரி"},{"$i":"month-2-short","$v":"மார்ச்"},{"$i":"month-3-short","$v":"ஏப்ரல்"},{"$i":"month-4-short","$v":"மே"},{"$i":"month-5-short","$v":"ஜூன்"},{"$i":"month-6-short","$v":"ஜூலை"},{"$i":"month-7-short","$v":"ஆகஸ்ட்"},{"$i":"month-8-short","$v":"செப்டம்பர்"},{"$i":"month-9-short","$v":"அக்டோபர்"},{"$i":"month-10-short","$v":"நவம்பர்"},{"$i":"month-11-short","$v":"டிசம்பர்"},{"$i":"minutes-ago-long","$v":{"zero":"இப்போது தான்","one":"ஒரு நிமிடம் முன்பாக","two":[{"t":"idOrVar","v":"value"}," நிமிடங்களுக்கு முன்பு"],"few":[{"t":"idOrVar","v":"value"}," நிமிடங்களுக்கு முன்பு"],"many":[{"t":"idOrVar","v":"value"}," நிமிடங்களுக்கு முன்பு"],"other":[{"t":"idOrVar","v":"value"}," நிமிடங்களுக்கு முன்பு"]},"$x":[{"t":"idOrVar","v":"plural"},"value"]},{"$i":"hours-ago-long","$v":{"zero":"இப்போது தான்","one":"ஒரு மணிநேரம் முன்பாக","two":[{"t":"idOrVar","v":"value"}," மணிநேரங்களுக்கு முன்பு"],"few":[{"t":"idOrVar","v":"value"}," மணிநேரங்களுக்கு முன்பு"],"many":[{"t":"idOrVar","v":"value"}," மணிநேரங்களுக்கு முன்பு"],"other":[{"t":"idOrVar","v":"value"}," மணிநேரங்களுக்கு முன்பு"]},"$x":[{"t":"idOrVar","v":"plural"},"value"]},{"$i":"days-ago-long","$v":{"zero":"இன்று","one":"நேற்று","two":[{"t":"idOrVar","v":"value"}," நாட்களுக்கு முன்பு"],"few":[{"t":"idOrVar","v":"value"}," நாட்களுக்கு முன்பு"],"many":[{"t":"idOrVar","v":"value"}," நாட்களுக்கு முன்பு"],"other":[{"t":"idOrVar","v":"value"}," நாட்களுக்கு முன்பு"]},"$x":[{"t":"idOrVar","v":"plural"},"value"]},{"$i":"weeks-ago-long","$v":{"zero":"இந்த வாரம்","one":"கடந்த வாரம்","two":[{"t":"idOrVar","v":"value"}," வாரங்களுக்கு முன்பு"],"few":[{"t":"idOrVar","v":"value"}," வாரங்களுக்கு முன்பு"],"many":[{"t":"idOrVar","v":"value"}," வாரங்களுக்கு முன்பு"],"other":[{"t":"idOrVar","v":"value"}," வாரங்களுக்கு முன்பு"]},"$x":[{"t":"idOrVar","v":"plural"},"value"]},{"$i":"months-ago-long","$v":{"zero":"இந்த மாதம்","one":"கடந்த மாதம்","two":[{"t":"idOrVar","v":"value"}," மாதங்களுக்கு முன்பு"],"few":[{"t":"idOrVar","v":"value"}," மாதங்களுக்கு முன்பு"],"many":[{"t":"idOrVar","v":"value"}," மாதங்களுக்கு முன்பு"],"other":[{"t":"idOrVar","v":"value"}," மாதங்களுக்கு முன்பு"]},"$x":[{"t":"idOrVar","v":"plural"},"value"]},{"$i":"years-ago-long","$v":{"zero":"இந்த வருடம்","one":"கடந்த வருடம்","two":[{"t":"idOrVar","v":"value"}," வருடங்களுக்கு முன்பு"],"few":[{"t":"idOrVar","v":"value"}," வருடங்களுக்கு முன்பு"],"many":[{"t":"idOrVar","v":"value"}," வருடங்களுக்கு முன்பு"],"other":[{"t":"idOrVar","v":"value"}," வருடங்களுக்கு முன்பு"]},"$x":[{"t":"idOrVar","v":"plural"},"value"]},{"$i":"minutes-until-long","$v":{"zero":"இப்போதே","one":"ஒரு நிமிடத்தில்","two":[{"t":"idOrVar","v":"value"}," நிமிடங்களில்"],"few":[{"t":"idOrVar","v":"value"}," நிமிடங்களில்"],"many":[{"t":"idOrVar","v":"value"}," நிமிடங்களில்"],"other":[{"t":"idOrVar","v":"value"}," நிமிடங்களில்"]},"$x":[{"t":"idOrVar","v":"plural"},"value"]},{"$i":"hours-until-long","$v":{"zero":"இப்போதே","one":"ஒரு மணிநேரத்தில்","two":[{"t":"idOrVar","v":"value"}," மணிநேரங்களில்"],"few":[{"t":"idOrVar","v":"value"}," மணிநேரங்களில்"],"many":[{"t":"idOrVar","v":"value"}," மணிநேரங்களில்"],"other":[{"t":"idOrVar","v":"value"}," மணிநேரங்களில்"]},"$x":[{"t":"idOrVar","v":"plural"},"value"]},{"$i":"days-until-long","$v":{"zero":"இன்று","one":"நாளை","two":[{"t":"idOrVar","v":"value"}," நாட்களில்"],"few":[{"t":"idOrVar","v":"value"}," நாட்களில்"],"many":[{"t":"idOrVar","v":"value"}," நாட்களில்"],"other":[{"t":"idOrVar","v":"value"}," நாட்களில்"]},"$x":[{"t":"idOrVar","v":"plural"},"value"]},{"$i":"weeks-until-long","$v":{"zero":"இந்த வாரம்","one":"அடுத்த வாரம்","two":[{"t":"idOrVar","v":"value"}," வாரங்களில்"],"few":[{"t":"idOrVar","v":"value"}," வாரங்களில்"],"many":[{"t":"idOrVar","v":"value"}," வாரங்களில்"],"other":[{"t":"idOrVar","v":"value"}," வாரங்களில்"]},"$x":[{"t":"idOrVar","v":"plural"},"value"]},{"$i":"months-until-long","$v":{"zero":"இந்த மாதம்","one":"அடுத்த மாதம்","two":[{"t":"idOrVar","v":"value"}," மாதங்களில்"],"few":[{"t":"idOrVar","v":"value"}," மாதங்களில்"],"many":[{"t":"idOrVar","v":"value"}," மாதங்களில்"],"other":[{"t":"idOrVar","v":"value"}," மாதங்களில்"]},"$x":[{"t":"idOrVar","v":"plural"},"value"]},{"$i":"years-until-long","$v":{"zero":"இந்த வருடம்","one":"அடுத்த ஆண்டு","two":[{"t":"idOrVar","v":"value"}," வருடங்களில்"],"few":[{"t":"idOrVar","v":"value"}," வருடங்களில்"],"many":[{"t":"idOrVar","v":"value"}," வருடங்களில்"],"other":[{"t":"idOrVar","v":"value"}," வருடங்களில்"]},"$x":[{"t":"idOrVar","v":"plural"},"value"]},{"$i":"minutes-ago-short","$v":{"zero":"இப்போது தான்","other":[{"t":"idOrVar","v":"value"},"நிமிடம் முன்பு"]},"$x":[{"t":"idOrVar","v":"plural"},"value"]},{"$i":"hours-ago-short","$v":{"zero":"இப்போது தான்","other":[{"t":"idOrVar","v":"value"},"மணிநேரம் முன்பு"]},"$x":[{"t":"idOrVar","v":"plural"},"value"]},{"$i":"days-ago-short","$v":{"zero":"இன்று","other":[{"t":"idOrVar","v":"value"},"நாள் முன்பு"]},"$x":[{"t":"idOrVar","v":"plural"},"value"]},{"$i":"minutes-until-short","$v":{"zero":"இப்போதே","other":[{"t":"idOrVar","v":"value"},"நிமிடத்தில்"]},"$x":[{"t":"idOrVar","v":"plural"},"value"]},{"$i":"hours-until-short","$v":{"zero":"இப்போதே","other":[{"t":"idOrVar","v":"value"},"மணிநேரத்தில்"]},"$x":[{"t":"idOrVar","v":"plural"},"value"]},{"$i":"days-until-short","$v":{"zero":"இன்று","other":[{"t":"idOrVar","v":"value"},"நாள் இல்"]},"$x":[{"t":"idOrVar","v":"plural"},"value"]},{"$i":"incorrectDate","$v":"(தவறான தேதி)"},{"$i":"dateTimeFormat_%c","$v":"%a %b %e %Y %I:%M:%S %p"},{"$i":"dateTimeFormat_%x","$v":"%m/%d/%Y"},{"$i":"dateTimeFormat_%X","$v":"%I:%M:%S %p"},{"$i":"shortTimeFormat","$v":"%I:%M %p"},{"$i":"shortTimeFormat12","$v":"%I:%M %p"},{"$i":"shortTimeFormat24","$v":"%H:%M"},{"$i":"shortDateTimeFormat","$v":"%x %I:%M %p"},{"$i":"weekStartsOnMonday","$v":"0"},{"$i":"firstDayOfTheWeek","$v":"0"},{"$i":"time_am","$v":"AM"},{"$i":"time_pm","$v":"PM"},{"$i":"label","$v":"லேபில்"},{"$i":"mobile","$v":"மொபைல்"},{"$i":"home","$v":"ஹோம்"},{"$i":"work","$v":"அலுவலகம்"},{"$i":"personal","$v":"தனிப்பட்டவை"},{"$i":"faxHome","$v":"Fax ஹோம்"},{"$i":"faxOffice","$v":"Fax ஆப்பீஸ்"},{"$i":"faxOther","$v":"மற்றவருக்கு Fax"},{"$i":"another","$v":"வேறொரு"},{"$i":"other","$v":"மற்ற"},{"$i":"tcl-customTag","$v":"கஸ்டம் டேக்"},{"$i":"customTag","$v":"கஸ்டம் டேக்","placeholder":"கஸ்டம் டேக்"},{"$i":"current","$v":"தற்போதைய"},{"$i":"itemWithLabel","$v":[{"t":"idOrVar","v":"label"},", ",{"t":"idOrVar","v":"item"}]},{"$i":"airplaneMode","$v":"ஏரோப்ளைன் மோட்"},{"$i":"searching","$v":"தேடுகிறது..."},{"$i":"noNetwork","$v":"நெட்வொர்க் இல்லை"},{"$i":"roaming","$v":[{"t":"idOrVar","v":"operator"}," (ரோமிங்)"]},{"$i":"operator-info","$v":[{"t":"idOrVar","v":"carrier"}," ",{"t":"idOrVar","v":"region"}]},{"$i":"emergencyCallsOnly","$v":"அவசர கால்-கள் மட்டும்"},{"$i":"emergencyCallsOnly-unknownSIMState","$v":"(தெரியாத சிம் நிலை)"},{"$i":"emergencyCallsOnly-noSIM","$v":"(சிம் இல்லை)"},{"$i":"emergencyCallsOnly-pinRequired","$v":"(சிம் பின் தேவை)"},{"$i":"emergencyCallsOnly-pukRequired","$v":"(சிம் PUK தேவை)"},{"$i":"emergencyCallsOnly-networkLocked","$v":"(நெட்வொர்க் லாக் செய்யப்பட்டது)"},{"$i":"emergencyCallsOnly-serviceProviderLocked","$v":"(சேவை வழங்குநர் லாக் செய்யப்பட்டது)"},{"$i":"emergencyCallsOnly-corporateLocked","$v":"(கார்பரேட் லாக் செய்யப்பட்டது)"},{"$i":"emergencyCallsOnly-network1Locked","$v":"(நெட்வொர்க்1 லாக் செய்யப்பட்டது)"},{"$i":"emergencyCallsOnly-network2Locked","$v":"(நெட்வொர்க்2 லாக் செய்யப்பட்டது)"},{"$i":"emergencyCallsOnly-hrpdNetworkLocked","$v":"(hrpd நெட்வொர்க் லாக் செய்யப்பட்டது)"},{"$i":"emergencyCallsOnly-ruimCorporateLocked","$v":"(ruim கார்பரேட் லாக் செய்யப்பட்டது)"},{"$i":"emergencyCallsOnly-ruimServiceProviderLocked","$v":"(ruim சேவை வழங்குநர் லாக் செய்யப்பட்டது)"},{"$i":"lockscreen-sim-id","$v":["சிம் ",{"t":"idOrVar","v":"n"}]},{"$i":"charging-no-time","$v":[{"t":"idOrVar","v":"level"},"% சார்ஜ் செய்யப்பட்டது"]},{"$i":"charging-minutes","$v":{"zero":[{"t":"idOrVar","v":"level"},"% சார்ஜ் செய்யப்பட்டது (",{"t":"idOrVar","v":"minutes"}," நிமிடங்கள் வரை முழுமையாக சார்ஜ் செய்யப்பட்டது)"],"one":[{"t":"idOrVar","v":"level"},"% சார்ஜ் செய்யப்பட்டது (",{"t":"idOrVar","v":"minutes"}," நிமிடம் வரை முழுமையாக சார்ஜ் செய்யப்பட்டது)"],"two":[{"t":"idOrVar","v":"level"},"% சார்ஜ் செய்யப்பட்டது (",{"t":"idOrVar","v":"minutes"}," நிமிடங்கள் வரை முழுமையாக சார்ஜ் செய்யப்பட்டது)"],"few":[{"t":"idOrVar","v":"level"},"% சார்ஜ் செய்யப்பட்டது (",{"t":"idOrVar","v":"minutes"}," நிமிடங்கள் வரை முழுமையாக சார்ஜ் செய்யப்பட்டது)"],"many":[{"t":"idOrVar","v":"level"},"% சார்ஜ் செய்யப்பட்டது (",{"t":"idOrVar","v":"minutes"}," நிமிடங்கள் வரை முழுமையாக சார்ஜ் செய்யப்பட்டது)"],"other":[{"t":"idOrVar","v":"level"},"% சார்ஜ் செய்யப்பட்டது (",{"t":"idOrVar","v":"minutes"}," நிமிடங்கள் வரை முழுமையாக சார்ஜ் செய்யப்பட்டது)"]},"$x":[{"t":"idOrVar","v":"plural"},"minutes"]},{"$i":"charging-hours","$v":{"zero":[{"t":"idOrVar","v":"level"},"% சார்ஜ் செய்யப்பட்டது (",{"t":"idOrVar","v":"hours"},"மணிநேரம்  ",{"t":"idOrVar","v":"minutes"}," நிமிடங்கள் வரை முழுமையாக சார்ஜ் செய்யப்பட்டது)"],"one":[{"t":"idOrVar","v":"level"},"% சார்ஜ் செய்யப்பட்டது (",{"t":"idOrVar","v":"hours"},"மணிநேரம் ",{"t":"idOrVar","v":"minutes"}," நிமிடம் வரை முழுமையாக சார்ஜ் செய்யப்பட்டது)"],"two":[{"t":"idOrVar","v":"level"},"% சார்ஜ் செய்யப்பட்டது (",{"t":"idOrVar","v":"hours"},"மணிநேரம்  ",{"t":"idOrVar","v":"minutes"}," நிமிடங்கள் வரை முழுமையாக சார்ஜ் செய்யப்பட்டது)"],"few":[{"t":"idOrVar","v":"level"},"% சார்ஜ் செய்யப்பட்டது (",{"t":"idOrVar","v":"hours"},"மணிநேரம்  ",{"t":"idOrVar","v":"minutes"}," நிமிடங்கள் வரை முழுமையாக சார்ஜ் செய்யப்பட்டது)"],"many":[{"t":"idOrVar","v":"level"},"% சார்ஜ் செய்யப்பட்டது (",{"t":"idOrVar","v":"hours"},"மணிநேரம்  ",{"t":"idOrVar","v":"minutes"}," நிமிடங்கள் வரை முழுமையாக சார்ஜ் செய்யப்பட்டது)"],"other":[{"t":"idOrVar","v":"level"},"% சார்ஜ் செய்யப்பட்டது (",{"t":"idOrVar","v":"hours"},"மணிநேரம்  ",{"t":"idOrVar","v":"minutes"}," நிமிடங்கள் வரை முழுமையாக சார்ஜ் செய்யப்பட்டது)"]},"$x":[{"t":"idOrVar","v":"plural"},"minutes"]},{"$i":"phoneNumberInput","ariaLabel":"ஃபோன் எண்"},{"$i":"keypadDelete","ariaLabel":"நீக்கு"},{"$i":"voiceMailKey","ariaLabel":"வாய்ஸ்மெயில்"},{"$i":"asterisk","ariaLabel":"ஆஸ்ட்ரிக்"},{"$i":"hashSign","ariaLabel":"ஹாஷ் சைன்"},{"$i":"loadingSimContacts","$v":"சிம் கார்டு தொடர்புகளை லோட் செய்கிறது…"},{"$i":"noContactsWereFound","$v":"தொடர்புகள் எதுவும் காணப்படவில்லை"},{"$i":"noContactsFoundDialogOk","$v":"சரி"},{"$i":"emergencyNumber","$v":"அவசர எண்"},{"$i":"callAirplaneModeMessage","$v":"கால் செய்ய நீங்கள் செட்டிஙஸ்-இல் ஏரோப்ளைன் மோட்-ஐ முடக்க வேண்டும்."},{"$i":"callAirplaneModeBtnOk","$v":"சரி"},{"$i":"callAirplaneModeTitle","$v":"ஏரோப்ளைன் மோட் செயல்படுத்தப்பட்டது"},{"$i":"numberIsBusyTitle","$v":"எண் பிஸியாக உள்ளது"},{"$i":"numberIsBusyMessage","$v":"எண் தற்போது பிஸியாக உள்ளது. தயவுசெய்து மீண்டும் முயலவும்."},{"$i":"fdnIsActiveTitle","$v":"FDN செயலில் உள்ளது"},{"$i":"fdnIsActiveMessage","$v":["FDN (ஃபிக்ஸ்ட் டயலிங் நம்பர்ஸ்) செயல்படுத்தப்பட்டது, பின்வரும் எண்கள் உங்கள் FDN பட்டியலில் இல்லை: ",{"t":"idOrVar","v":"number"}]},{"$i":"emergencyDialogBodyBadNumber","$v":"கால் செய்ய, ஃபோன் நெட்வொர்க்குடன் கனெக்ட் செய்திருக்க வேண்டும்."},{"$i":"emergencyDialogBodyDeviceNotAccepted","$v":"நெட்வொர்க்கால் அவசர கால்-கள் அனுமதிக்கப்படவில்லை."},{"$i":"emergencyDialogBtnOk","$v":"சரி"},{"$i":"emergencyDialogTitle","$v":"நெட்வொர்க் கனெக்ஷன் இல்லை"},{"$i":"invalidNumberToDialTitle","$v":"செல்லாத ஃபோன் எண்"},{"$i":"invalidNumberToDialMessage","$v":"நீங்கள் கால் செய்யும் ஃபோன் எண் சரியானது அல்ல."},{"$i":"unableToCallTitle","$v":"இப்போது ஒரு ஃபோன் கால் செய்ய இயலவில்லை"},{"$i":"unableToCallMessage","$v":"கால் செய்ய முடியாது. ஏற்கனவே நீங்கள் டயல் செய்தால், முதலில் அதனை நிறுத்தவும்."},{"$i":"otherConnectionInUseTitle","$v":"வேறொரு கனெக்ஷன் பயன்பாட்டில் உள்ளது"},{"$i":"otherConnectionInUseMessage","$v":"உங்களுக்கு மற்றொரு கனெக்ஷனில் செயலில் உள்ள கால் உள்ளது. ஒரே நேரத்தில் ஒரு கனெக்ஷனை மட்டுமே நீங்கள் பயன்படுத்தலாம்."},{"$i":"clear","$v":"அழி"},{"$i":"dialer","$v":"டயலர்"},{"$i":"tcl-incomming-call","$v":"இன்கமிங் கால்"},{"$i":"tcl-in-call","$v":"கால்-இல்"},{"$i":"tcl-answer","$v":"பதிலளிக்கவும்"},{"$i":"tcl-end-answer","$v":"முடித்துப் பதிலளி"},{"$i":"tcl-decline","$v":"நிராகரி"},{"$i":"tcl-mute","$v":"ம்யூட் செய்க"},{"$i":"tcl-unmute","$v":"அன்ம்யூட் செய்க"},{"$i":"tcl-speaker","$v":"ஸ்பீக்கர்"},{"$i":"tcl-speaker-off","$v":"ஸ்பீக்கர் ஆஃப்"},{"$i":"tcl-microphone-mute-notification","$v":"மைக்ரோஃபோன் ஒலிதடுக்கப்பட்டது"},{"$i":"tcl-microphone-active-notification","$v":"மைக்ரோஃபோன் செயலில் உள்ளது"},{"$i":"tcl-speaker-off-notification","$v":"வெளிப்புற ஸ்பீக்கர் ஆஃப் செய்யப்பட்டது"},{"$i":"tcl-speaker-on-notification","$v":"வெளிப்புற ஸ்பீக்கர் ஆன் செய்யப்பட்டது"},{"$i":"tcl-hold-and-answer","$v":"ஹோல்ட்-இல் வைத்து பின்னர் பதிலளி"},{"$i":"tcl-ignore-call","$v":"இன்கமிங் கால்-ஐ புறக்கணி"},{"$i":"tcl-add-to-call","$v":"கால்-ஐ சேர்"},{"$i":"tcl-switch-to-second-line","$v":"கால்-ஐ ஸ்வைப் செய்க"},{"$i":"tcl-merge-calls","$v":"கால்-ஐ இணை"},{"$i":"btnOk","$v":"சரி"},{"$i":"losing-wifi-msg","$v":"WiFi -ஐ இழக்கிறது"},{"$i":"hd","$v":"HD"},{"$i":"manage-call","$v":"கால்-ஐ நிர்வகி"},{"$i":"end","$v":"கால்-ஐ முடி"},{"$i":"private","$v":"தனியார்"},{"$i":"sound","$v":"ஒலி"},{"$i":"bluetooth-device","$v":"ப்ளூடூத் சாதனம்"},{"$i":"handset-earpiece","$v":"ஹேண்ட்செட்"},{"$i":"call-ended","$v":"கால் முடிந்தது"},{"$i":"payphone","$v":"பேஃபோன்"},{"$i":"contact","$v":"தொடர்பு"},{"$i":"volume","$v":"வால்யூம்"},{"$i":"softkey-options","$v":"விருப்பங்கள்"},{"$i":"resume-call","$v":"கால்-ஐ மீண்டும் தொடங்குகிறது"},{"$i":"switch-to-device-toast","$v":"ப்ளூடூத் சாதனத்திற்கு மாற்றப்பட்டது"},{"$i":"switch-to-handset-toast","$v":"ஹேண்ட்செட் இயர்பீஸ் சாதனத்திற்கு மாற்றப்பட்டது"},{"$i":"switch-to-speaker-toast","$v":"ஸ்பீக்கர்க்கு மாற்றப்பட்டது"},{"$i":"emergency-call","$v":"ஒரு அவசர கால் உள்ளது."},{"$i":"link","$v":"லிங்க்:"},{"$i":"call-left-conference-toast","$v":[{"t":"idOrVar","v":"number"}," கால்-ஐ விட்டு விலகியது"]}]