[{"$i":"tcl-calllog-entry-removed-succ-notification","$v":"కాల్ వివరాల ఎంట్రీ తీసివేయబడింది"},{"$i":"tcl-calllog-entry-removed-err-notification","$v":"కాల్ వివరాల ఎంట్రీని తీసివేయలేరు"},{"$i":"addNewNumber","$v":"కొత్త నంబర్‌ను జోడించు"},{"$i":"contactDetails","$v":"పరిచయ వివరాలు"},{"$i":"addToExistingContact","$v":"ప్రస్తుత పరిచయానికి జోడించు"},{"$i":"all","$v":"అన్నీ","ariaLabel":"అన్నీ"},{"$i":"bluetoothOption","$v":""},{"$i":"callLog","$v":"కాల్ వివరాలు"},{"$i":"callLogEdit","title":"కాల్ వివరాలను సవరించు"},{"$i":"tcl-option-menu-call-log-edit","$v":"కాల్ వివరాలను సవరించు"},{"$i":"callLogEditDialog","ariaLabel":"కాల్ వివరాల డైలాగ్‌ను సవరించు"},{"$i":"tcl-call-log-delete-group-notification","$v":[{"t":"idOrVar","v":"n"}," ఎంట్రీలు తొలగించబడ్డాయి"]},{"$i":"connecting","$v":"కాల్లింగ్"},{"$i":"connectingEllipsis","$v":"కనెక్ట్ చేస్తోంది..."},{"$i":"call-forwarding-async","$v":["అసింక్రోనస్:",{"t":"idOrVar","v":"async"}]},{"$i":"call-forwarding-data","$v":["డేటా: ",{"t":"idOrVar","v":"data"}]},{"$i":"call-forwarding-error","$v":"కాల్ ఫార్వార్డింగ్ స్థితిని తిరిగి పొందుతున్నప్పుడు లోపం ఏర్పడింది"},{"$i":"call-forwarding-fax","$v":["FAX: ",{"t":"idOrVar","v":"fax"}]},{"$i":"call-forwarding-inactive","$v":"నిష్క్రియంగా ఉంది"},{"$i":"call-forwarding-packet","$v":["ప్యాకెట్: ",{"t":"idOrVar","v":"packet"}]},{"$i":"call-forwarding-pad","$v":["PAD: ",{"t":"idOrVar","v":"pad"}]},{"$i":"call-forwarding-sms","$v":["SMS: ",{"t":"idOrVar","v":"sms"}]},{"$i":"call-forwarding-status","$v":"కాల్ ఫార్వార్డింగ్ స్థితి"},{"$i":"call-forwarding-sync","$v":["సింక్రోనస్: ",{"t":"idOrVar","v":"sync"}]},{"$i":"call-forwarding-voice","$v":["వాయిస్: ",{"t":"idOrVar","v":"voice"}]},{"$i":"close","$v":"మూసివేయి"},{"$i":"confirm-deletion","$v":"ఎంచుకున్న కాల్‌లను క్లియర్ చేయాలా?"},{"$i":"contacts","ariaLabel":"పరిచయాలు"},{"$i":"createNewContact","$v":"కొత్త పరిచయాన్ని సృష్టించు"},{"$i":"delete","$v":"తొలగించు"},{"$i":"calllog-deselectAll","$v":"అన్నీ ఎంపికలను తీసివేయి"},{"$i":"dialerAddContact","$v":""},{"$i":"dialerAddContactDialog","ariaLabel":"పరిచయ డైలాగ్‌ను జోడించు"},{"$i":"callInformation","$v":"కాల్ సమాచారం"},{"$i":"edit-selected","$v":{"one":["(",{"t":"idOrVar","v":"n"},") ఎంచుకోబడింది"],"two":["(",{"t":"idOrVar","v":"n"},") ఎంచుకోబడింది"],"few":["(",{"t":"idOrVar","v":"n"},") ఎంచుకోబడింది"],"many":["(",{"t":"idOrVar","v":"n"},") ఎంచుకోబడింది"],"other":["(",{"t":"idOrVar","v":"n"},") ఎంచుకోబడింది"]},"$x":[{"t":"idOrVar","v":"plural"},"n"]},{"$i":"tcl-edit-not-selected","$v":"(0) ఎంచుకోబడింది"},{"$i":"edit","$v":"సవరించు"},{"$i":"hideKeypad","ariaLabel":"కీప్యాడ్‌ను దాచు"},{"$i":"ignore","$v":""},{"$i":"incoming","$v":"ఇన్‌కమింగ్"},{"$i":"keypad","ariaLabel":"కీప్యాడ్"},{"$i":"makeCall","$v":""},{"$i":"merge","$v":""},{"$i":"info-missed","$v":"మిస్‌‌డ్"},{"$i":"missed","$v":"మిస్‌‌డ్","ariaLabel":"మిస్‌‌డ్"},{"$i":"dialed","$v":"డయల్ చేయబడింది"},{"$i":"received","$v":"స్వీకరించబడినది"},{"$i":"canceled","$v":"రద్దు చేయబడింది"},{"$i":"missedCall","$v":"మిస్‌‌డ్ కాల్"},{"$i":"missedCallMultiSims","$v":["(సిమ్ ",{"t":"idOrVar","v":"n"},") మిస్‌డ్ కాల్"]},{"$i":"mmi-error","$v":"సందేశాన్ని పంపుతున్నప్పుడు లోపం ఏర్పడింది"},{"$i":"mmi-session-expired","$v":"సెషన్ గడువు ముగిసింది"},{"$i":"mmi-successfully-sent","$v":"సందేశం విజయవంతంగా పంపబడింది"},{"$i":"mmi-notification-title-with-sim","$v":["(",{"t":"idOrVar","v":"sim"},") ",{"t":"idOrVar","v":"title"}]},{"$i":"mute","$v":""},{"$i":"newCall","$v":""},{"$i":"no-logs-msg-1","$v":"కాల్‌లు ఏవీ రికార్డ్ చేయలేదు"},{"$i":"no-logs-msg-2","$v":"ఇప్పుడే కమ్యూనికేట్ చేయడం ప్రారంభించు"},{"$i":"no-logs-msg-3","$v":"కాల్‌లు ఏవీ రికార్డ్ చేయలేదు"},{"$i":"no-logs-msg-4","$v":"ఇప్పుడే కమ్యూనికేట్ చేయడం ప్రారంభించు"},{"$i":"onHoldOption","$v":""},{"$i":"outgoing","$v":"అవుట్‌గోయింగ్"},{"$i":"recents","ariaLabel":"ఇటీవలి కాల్‌లు"},{"$i":"reply","$v":"జవాబు ఇవ్వు"},{"$i":"calllog-selectAll","$v":"అన్నీ ఎంచుకోండి"},{"$i":"send","$v":"పంపు"},{"$i":"switch-calls","$v":"కాల్‌లు మార్చు"},{"$i":"today","$v":"ఈరోజు"},{"$i":"withheld-number","$v":"తెలియని"},{"$i":"from-contact","$v":[{"t":"idOrVar","v":"contact"}," నుండి"]},{"$i":"from-number","$v":[{"t":"idOrVar","v":"number"}," నుండి"]},{"$i":"from-withheld-number","$v":"తెలియని నంబర్ నుండి"},{"$i":"yesterday","$v":"నిన్న"},{"$i":"sending","$v":"పంపుతోంది..."},{"$i":"speakerOption","$v":""},{"$i":"ussd-services","$v":[{"t":"idOrVar","v":"operator"}," సేవలు"]},{"$i":"toggleKeypad","$v":""},{"$i":"type-your-response","placeholder":"మీ ప్రతిస్పందనను టైప్ చేయండి..."},{"$i":"clear-all-text","$v":"మొత్తం టెక్స్ట్‌ను క్లియర్ చేయి"},{"$i":"hide","$v":"దాచు"},{"$i":"call","$v":"కాల్"},{"$i":"hold","$v":"హోల్డ్"},{"$i":"resume","$v":"పునరుద్ధరించు","ariaLabel":"పునరుద్ధరించు"},{"$i":"sendSms","$v":"సందేశం పంపు"},{"$i":"callEnded","$v":"కాల్ ముగిసింది"},{"$i":"via-sim","$v":["సిమ్",{"t":"idOrVar","v":"n"}," ద్వారా"]},{"$i":"sim-number","$v":["సిమ్",{"t":"idOrVar","v":"n"}]},{"$i":"unknown","$v":"తెలియని"},{"$i":"cancel","$v":"రద్దు చేయి"},{"$i":"hangup-a11y-button","$v":""},{"$i":"pickup-a11y-button","$v":""},{"$i":"unlock-a11y-button","ariaLabel":"స్లయిడర్"},{"$i":"settings","$v":"సెట్టింగ్స్"},{"$i":"tcl-delete-log","$v":"మీరు కాల్ వివరాల నుండి ఎంచుకున్న ఎంట్రీలను తొలగించాలనుకుంటున్నారా?"},{"$i":"delete-n-log?","$v":{"zero":"ఏదీ ఎంచుకోలేదు","one":"ఎంచుకున్న లాగ్‌ను తొలగించాలా?","two":[{"t":"idOrVar","v":"n"}," లాగ్‌లను తొలగించాలా?"],"few":[{"t":"idOrVar","v":"n"}," లాగ్‌లను తొలగించాలా?"],"many":[{"t":"idOrVar","v":"n"}," లాగ్‌లను తొలగించాలా?"],"other":[{"t":"idOrVar","v":"n"}," లాగ్‌లను తొలగించాలా?"]},"$x":[{"t":"idOrVar","v":"plural"},"n"]},{"$i":"composeEmail","ariaLabel":"ఈమెయిల్‌"},{"$i":"emailDetail","ariaLabel":"ఈమెయిల్‌"},{"$i":"phoneDetail","ariaLabel":"ఫోన్"},{"$i":"send-sms-button","ariaLabel":"SMS"},{"$i":"separator","$v":","},{"$i":"callDurationMinutes","$v":[{"t":"idOrVar","v":"m"},":",{"t":"idOrVar","v":"s"}]},{"$i":"callDurationHours","$v":[{"t":"idOrVar","v":"h"},":",{"t":"idOrVar","v":"m"},":",{"t":"idOrVar","v":"s"}]},{"$i":"callDurationTextFormatSeconds","$v":[{"t":"idOrVar","v":"s"}," సెకను"]},{"$i":"callDurationTextFormatMinutes","$v":[{"t":"idOrVar","v":"m"}," నిమిషం ",{"t":"idOrVar","v":"s"}," సెకను"]},{"$i":"callDurationTextFormatHours","$v":[{"t":"idOrVar","v":"h"}," గంట ",{"t":"idOrVar","v":"m"}," నిమిషం ",{"t":"idOrVar","v":"s"}," సెకను"]},{"$i":"suggestionMatches","$v":{"one":["\"",{"t":"idOrVar","v":"matchNumber"},"\" కొరకు ",{"t":"idOrVar","v":"n"}," మ్యాచ్"],"two":["\"",{"t":"idOrVar","v":"matchNumber"},"\" కొరకు ",{"t":"idOrVar","v":"n"}," మ్యాచ్‌లు"],"few":["\"",{"t":"idOrVar","v":"matchNumber"},"\" కొరకు ",{"t":"idOrVar","v":"n"}," మ్యాచ్‌లు"],"many":["\"",{"t":"idOrVar","v":"matchNumber"},"\" కొరకు ",{"t":"idOrVar","v":"n"}," మ్యాచ్‌లు"],"other":["\"",{"t":"idOrVar","v":"matchNumber"},"\" కొరకు ",{"t":"idOrVar","v":"n"}," మ్యాచ్‌లు"]},"$x":[{"t":"idOrVar","v":"plural"},"n"]},{"$i":"scCallBarring","$v":"కాల్ నిషేధం"},{"$i":"scCallForwarding","$v":"కాల్ ఫార్వార్డింగ్"},{"$i":"scClip","$v":"ఇన్‌కమింగ్ కాలర్ ID"},{"$i":"scClir","$v":"అవుట్‌గోయింగ్ కాలర్ ID"},{"$i":"scPwd","$v":"పాస్‌వర్డ్ మార్చు"},{"$i":"scCallWaiting","$v":"కాల్ వేచి ఉంది"},{"$i":"scPin","$v":"పిన్‌ మార్పు"},{"$i":"scPin2","$v":"పిన్2 మార్చు"},{"$i":"scPuk","$v":"పిన్‌ను అన్‌బ్లాక్ చేయి"},{"$i":"scPuk2","$v":"పిన్2ను అన్‌బ్లాక్ చేయి"},{"$i":"scImei","$v":"IMEI"},{"$i":"scMeid","$v":"MEID"},{"$i":"scUssd","$v":"USSD"},{"$i":"serviceClassVoice","$v":"వాయిస్"},{"$i":"serviceClassData","$v":"డేటా"},{"$i":"serviceClassFax","$v":"FAX"},{"$i":"serviceClassSms","$v":"SMS"},{"$i":"serviceClassDataSync","$v":"సింక్"},{"$i":"serviceClassDataAsync","$v":"అసింక్"},{"$i":"serviceClassPacket","$v":"ప్యాకెట్"},{"$i":"serviceClassPad","$v":"PAD"},{"$i":"smServiceEnabled","$v":"సర్వీస్ ప్రారంభించబడింది"},{"$i":"smServiceDisabled","$v":"సర్వీస్ నిలిపివేయబడింది"},{"$i":"smServiceRegistered","$v":"రిజిస్ట్రేషన్ విజయవంతమైంది"},{"$i":"smServiceErased","$v":"తొలగించడం విజయవంతమైంది"},{"$i":"smServiceInterrogated","$v":"అభ్యర్థన విజయవంతమైంది"},{"$i":"smServiceNotProvisioned","$v":"సర్వీస్ సదుపాయం లేదు"},{"$i":"smClirPermanent","$v":"మీరు కాలర్ ID సెట్టింగ్స్ ‌ను మార్చలేరు"},{"$i":"smClirDefaultOnNextCallOn","$v":"కాలర్ ID డీఫాల్ట్స్‌కు నియంత్రించబడింది. తదుపరి కాల్: బ్లాక్ చేయబడింది"},{"$i":"smClirDefaultOnNextCallOff","$v":"కాలర్ ID డీఫాల్ట్స్‌కు నియంత్రించబడింది. తదుపరి కాల్: బ్లాక్ చేయలేదు"},{"$i":"smClirDefaultOffNextCallOn","$v":"కాలర్ ID డీఫాల్ట్స్‌కు నియంత్రించబడలేదు. తదుపరి కాల్: బ్లాక్ చేయబడింది"},{"$i":"smClirDefaultOffNextCallOff","$v":"కాలర్ ID డీఫాల్ట్స్‌కు నియంత్రించబడలేదు. తదుపరి కాల్: బ్లాక్ చేయబడలేదు"},{"$i":"smServiceEnabledFor","$v":"వీటి కోసం సేవా ప్రారంభించబడింది:"},{"$i":"smPinChanged","$v":"పిన్ విజయవంతంగా మార్చబడింది"},{"$i":"smPinUnblocked","$v":"పిన్ విజయవంతంగా అన్‌బ్లాక్ చేయబడింది"},{"$i":"smPin2Changed","$v":"పిన్2 విజయవంతంగా మార్చబడింది"},{"$i":"smPin2Unblocked","$v":"పిన్2 విజయవంతంగా అన్‌బ్లాక్ చేయబడింది"},{"$i":"ServiceIsEnabled","$v":"సర్వీస్ ప్రారంభించబడింది"},{"$i":"ServiceIsDisabled","$v":"సర్వీస్ నిలిపివేయబడింది"},{"$i":"ServiceIsEnabledFor","$v":"దీని కోసం సేవా ప్రారంభించబడింది:"},{"$i":"emMmiError","$v":"కనెక్షన్ సమస్య లేదా చెల్లని MMI కోడ్"},{"$i":"emMmiErrorPasswordIncorrect","$v":"పాస్‌వర్డ్ తప్పు"},{"$i":"emMmiErrorNotSupported","$v":"చెల్లని లేదా సపోర్ట్ చేయని MMI కోడ్"},{"$i":"emMmiErrorInvalidAction","$v":"చెల్లని చర్య"},{"$i":"emMmiErrorInvalidScCode","$v":"చెల్లని సేవా కోడ్"},{"$i":"emMmiErrorBadPuk","$v":"మీరు టైప్ చేసిన PUK తప్పు"},{"$i":"emMmiErrorBadPin","$v":"మీరు నమోదు చేసిన పాత పిన్ తప్పు."},{"$i":"emMmiErrorNeedPuk2","$v":"సిమ్ కార్డ్‌ను అన్‌బ్లాక్ చేయడానికి PUK2ను టైప్ చేయండి"},{"$i":"emMmiErrorMismatchPin","$v":"మీరు టైప్ చేసిన పిన్‌లు సరిపోలి లేదు"},{"$i":"emMmiErrorInvalidPin","$v":"4 నుంచి 8 నంబర్లను కలిగి ఉన్న పిన్‌ను టైప్ చేయండి"},{"$i":"emMmiErrorNeedsPuk","$v":"మీ సిమ్ కార్డ్ PUK- లాక్ చేయబడింది"},{"$i":"emMmiErrorEnablePin","$v":"విజయవంతం కాలేదు. SIM/RUIM లాక్‌ను ప్రారంభించు"},{"$i":"emMmiErrorMmiFdn","$v":"ఫిక్స్డ్ డయలింగ్ నంబర్‌లకు మాత్రమే చర్య నియంత్రించబడుతుంది"},{"$i":"emMmiErrorStkCcUssdDial","$v":"USSD అభ్యర్థన డయల్ అభ్యర్థనకు సవరించబడింది"},{"$i":"emMmiErrorStkCcUssdSs","$v":"USSD అభ్యర్థన SS అభ్యర్థనకు సవరించబడింది"},{"$i":"emMmiErrorStkCcUssdUssd","$v":"USSD అభ్యర్థన కొత్త USSD అభ్యర్థనకు సవరించబడింది"},{"$i":"emMmiErrorStkCcSsDial","$v":"SS అభ్యర్థన డయల్ అభ్యర్థనకు సవరించబడింది"},{"$i":"emMmiErrorStkCcSsUssd","$v":"SS అభ్యర్థన USSD అభ్యర్థనకు సవరించబడింది"},{"$i":"emMmiErrorStkCcSsSs","$v":"SS అభ్యర్థన కొత్త SS అభ్యర్థనకు సవరించబడింది"},{"$i":"emMmiErrorPinPukAttempts","$v":{"one":[{"t":"idOrVar","v":"n"}," పునఃప్రయత్నం మాత్రమే మిగిలి ఉంది"],"two":[{"t":"idOrVar","v":"n"}," పునఃప్రయత్నాలు మిగిలి ఉన్నాయి"],"few":[{"t":"idOrVar","v":"n"}," పునఃప్రయత్నాలు మిగిలి ఉన్నాయి"],"many":[{"t":"idOrVar","v":"n"}," పునఃప్రయత్నాలు మిగిలి ఉన్నాయి"],"other":[{"t":"idOrVar","v":"n"}," పునఃప్రయత్నాలు మిగిలి ఉన్నాయి"]},"$x":[{"t":"idOrVar","v":"plural"},"n"]},{"$i":"emMmiErrorSimBlocked","$v":"గరిష్ట పునఃప్రయత్నాల సంఖ్యను చేరుకుంది. సిమ్ బ్లాక్ చేయబడింది"},{"$i":"RadioNotAvailable","$v":"రేడియో అందుబాటులో లేదు"},{"$i":"GenericFailure","$v":"సాధారణ వైఫల్యం"},{"$i":"PasswordIncorrect","$v":"పాస్‌వర్డ్ తప్పు"},{"$i":"SimPin2","$v":"సిమ్ పిన్2"},{"$i":"SimPuk2","$v":"సిమ్ PUK2"},{"$i":"RequestNotSupported","$v":"అభ్యర్థన సపోర్ట్ కావడం లేదు"},{"$i":"OpNotAllowedDuringVoiceCall","$v":"వాయిస్ కాల్ సమయంలో చర్య అనుమతించబడదు"},{"$i":"SmsSendFailRetry","$v":"SMS పంపడం విఫలమైంది మళ్లీ ప్రయత్నించండి"},{"$i":"SimAbsent","$v":"సిమ్ లేదు"},{"$i":"SubscriptionNotAvailable","$v":"సబ్‌స్క్రిప్షన్ అందుబాటులో లేదు"},{"$i":"ModeNotSupported","$v":"మోడ్‌కి సపోర్ట్ లేదు"},{"$i":"FdnCheckFailure","$v":"FDN చెక్  వైఫల్యం"},{"$i":"IllegalSimOrMe","$v":"చట్టవిరుద్ధ సిమ్ లేదా ME"},{"$i":"DialModifiedToUssd","$v":"డయల్ USSD కి సవరించబడింది"},{"$i":"DialModifiedToSs","$v":"డయల్ SS కి సవరించబడింది"},{"$i":"DialModifiedToDial","$v":"డయల్ డయల్‌కి సవరించబడింది"},{"$i":"UssdModifiedToDial","$v":"USSD డయల్‌కు సవరించబడింది"},{"$i":"UssdModifiedToSs","$v":"USSD SSకు సవరించబడింది"},{"$i":"UssdModifiedToUssd","$v":"USSD USSDకు సవరించబడింది"},{"$i":"SsModifiedToDial","$v":"SS డయల్‌కు సవరించబడింది"},{"$i":"SsModifiedToUssd","$v":"SS USSDకు సవరించబడింది"},{"$i":"SsModifiedToSs","$v":"SS SS కు సవరించబడింది"},{"$i":"SubscriptionNotSupported","$v":"సబ్‌స్క్రిప్షన్ సపోర్ట్ చేయడం లేదు"},{"$i":"InvalidParameter","$v":"చెల్లని ప్యారామీటర్"},{"$i":"RejectedByRemote","$v":"రిమోట్ ద్వారా తిరస్కరించబడింది"},{"$i":"conferenceCall","$v":["సమావేశం (",{"t":"idOrVar","v":"n"},")"]},{"$i":"caller-left-call","$v":[{"t":"idOrVar","v":"caller"}," కాల్‌‌ను వదిలిపెట్టారు."]},{"$i":"conferenceAddError","$v":"కాల్‌లను విలీనం చేయలేకపోయింది"},{"$i":"conferenceRemoveError","$v":"కాల్‌లను అన్‌మెర్జ్ చేయడం సాధ్యపడలేదు"},{"$i":"longDateFormat","$v":"%A, %b %e"},{"$i":"select-audio-sources","$v":"ఆడియో సోర్స్‌లను ఎంచుకోండి"},{"$i":"bluetooth-handsfree-device","$v":"బ్లూటూత్ హ్యాండ్స్‌ఫ్రీ పరికరం"},{"$i":"receiver","$v":"రిసీవర్"},{"$i":"speaker","$v":"స్పీకర్"},{"$i":"tcl-cancel","$v":"రద్దు చేయి"},{"$i":"tcl-dialer","$v":"డయలర్"},{"$i":"tcl-confirmation","$v":"నిర్ధారణ"},{"$i":"log-item","$v":"ఎంపికలు"},{"$i":"tcl-assign-speed-dial","$v":{"$o":["పరిచయం \"",{"t":"idOrVar","v":"speedDial"},"\" బటన్‌పై స్పీడ్ డయల్‌గా జోడించబడలేదు.<br><br>ఇప్పుడు కేటాయించాలా?"]}},{"$i":"tcl-assign","$v":"కేటాయించు"},{"$i":"select","$v":"ఎంచుకోండి"},{"$i":"deselect","$v":"ఎంపికను తీసివేయుము"},{"$i":"view-all","$v":"అన్నీ వీక్షించండి"},{"$i":"search-results","$v":"శోధన ఫలితాలు"},{"$i":"no-recent-numbers","$v":"డయల్ చేయడానికి కాల్ లాగ్‌లో ఇటీవలి నంబర్స్ ఏవి  లేవు."},{"$i":"wifi-calling","$v":"WiFi కాలింగ్"},{"$i":"dialer-prompt","$v":"నంబర్ డయల్ చేయండి లేదా కాల్ చేయడానికి జోడించాల్సిన పరిచయాన్ని ఎంచుకోండి"},{"$i":"hours","$v":"గంటలు"},{"$i":"minutes","$v":"నిమిషాలు"},{"$i":"seconds","$v":"సెకనులు"},{"$i":"voiceMail","$v":"వాయిస్‌మెయిల్"},{"$i":"weekday-0-long","$v":"ఆదివారం"},{"$i":"weekday-1-long","$v":"సోమవారం"},{"$i":"weekday-2-long","$v":"మంగళవారం"},{"$i":"weekday-3-long","$v":"బుధవారం"},{"$i":"weekday-4-long","$v":"గురువారం"},{"$i":"weekday-5-long","$v":"శుక్రవారం"},{"$i":"weekday-6-long","$v":"శనివారం"},{"$i":"weekday-0-short","$v":"ఆది"},{"$i":"weekday-1-short","$v":"సోమ"},{"$i":"weekday-2-short","$v":"మంగళ"},{"$i":"weekday-3-short","$v":"బుధ"},{"$i":"weekday-4-short","$v":"గురు"},{"$i":"weekday-5-short","$v":"శుక్ర"},{"$i":"weekday-6-short","$v":"శని"},{"$i":"month-0-long","$v":"జనవరి"},{"$i":"month-1-long","$v":"ఫిబ్రవరి"},{"$i":"month-2-long","$v":"మార్చి"},{"$i":"month-3-long","$v":"ఏప్రిల్"},{"$i":"month-4-long","$v":"మే"},{"$i":"month-5-long","$v":"జూన్"},{"$i":"month-6-long","$v":"జూలై"},{"$i":"month-7-long","$v":"ఆగష్టు"},{"$i":"month-8-long","$v":"సెప్టెంబరు"},{"$i":"month-9-long","$v":"అక్టోబర్"},{"$i":"month-10-long","$v":"నవంబర్"},{"$i":"month-11-long","$v":"డిసెంబర్"},{"$i":"month-0-genitive","$v":"జనవరి"},{"$i":"month-1-genitive","$v":"ఫిబ్రవరి"},{"$i":"month-2-genitive","$v":"మార్చి"},{"$i":"month-3-genitive","$v":"ఏప్రిల్"},{"$i":"month-4-genitive","$v":"మే"},{"$i":"month-5-genitive","$v":"జూన్"},{"$i":"month-6-genitive","$v":"జూలై"},{"$i":"month-7-genitive","$v":"ఆగష్టు"},{"$i":"month-8-genitive","$v":"సెప్టెంబరు"},{"$i":"month-9-genitive","$v":"అక్టోబర్"},{"$i":"month-10-genitive","$v":"నవంబర్"},{"$i":"month-11-genitive","$v":"డిసెంబర్"},{"$i":"month-0-short","$v":"జనవరి"},{"$i":"month-1-short","$v":"ఫిబ్రవరి"},{"$i":"month-2-short","$v":"మార్చి"},{"$i":"month-3-short","$v":"ఏప్రిల్"},{"$i":"month-4-short","$v":"మే"},{"$i":"month-5-short","$v":"జూన్"},{"$i":"month-6-short","$v":"జూలై"},{"$i":"month-7-short","$v":"ఆగష్టు"},{"$i":"month-8-short","$v":"సెప్టెంబరు"},{"$i":"month-9-short","$v":"అక్టోబర్"},{"$i":"month-10-short","$v":"నవంబర్"},{"$i":"month-11-short","$v":"డిసెంబర్"},{"$i":"minutes-ago-long","$v":{"zero":"ఇప్పుడే","one":"నిమిషం క్రితం","two":[{"t":"idOrVar","v":"value"}," నిమిషాల క్రితం"],"few":[{"t":"idOrVar","v":"value"}," నిమిషాల క్రితం"],"many":[{"t":"idOrVar","v":"value"}," నిమిషాల క్రితం"],"other":[{"t":"idOrVar","v":"value"}," నిమిషాల క్రితం"]},"$x":[{"t":"idOrVar","v":"plural"},"value"]},{"$i":"hours-ago-long","$v":{"zero":"ఇప్పుడే","one":"గంట క్రితం","two":[{"t":"idOrVar","v":"value"}," గంటల క్రితం"],"few":[{"t":"idOrVar","v":"value"}," గంటల క్రితం"],"many":[{"t":"idOrVar","v":"value"}," గంటల క్రితం"],"other":[{"t":"idOrVar","v":"value"}," గంటల క్రితం"]},"$x":[{"t":"idOrVar","v":"plural"},"value"]},{"$i":"days-ago-long","$v":{"zero":"ఈరోజు","one":"నిన్న","two":[{"t":"idOrVar","v":"value"}," రోజుల క్రితం"],"few":[{"t":"idOrVar","v":"value"}," రోజుల క్రితం"],"many":[{"t":"idOrVar","v":"value"}," రోజుల క్రితం"],"other":[{"t":"idOrVar","v":"value"}," రోజుల క్రితం"]},"$x":[{"t":"idOrVar","v":"plural"},"value"]},{"$i":"weeks-ago-long","$v":{"zero":"ఈ వారం","one":"గత వారం","two":[{"t":"idOrVar","v":"value"}," వారాల క్రితం"],"few":[{"t":"idOrVar","v":"value"}," వారాల క్రితం"],"many":[{"t":"idOrVar","v":"value"}," వారాల క్రితం"],"other":[{"t":"idOrVar","v":"value"}," వారాల క్రితం"]},"$x":[{"t":"idOrVar","v":"plural"},"value"]},{"$i":"months-ago-long","$v":{"zero":"ఈ నెల","one":"గత నెల","two":[{"t":"idOrVar","v":"value"}," నెలల క్రితం"],"few":[{"t":"idOrVar","v":"value"}," నెలల క్రితం"],"many":[{"t":"idOrVar","v":"value"}," నెలల క్రితం"],"other":[{"t":"idOrVar","v":"value"}," నెలల క్రితం"]},"$x":[{"t":"idOrVar","v":"plural"},"value"]},{"$i":"years-ago-long","$v":{"zero":"ఈ సంవత్సరం","one":"గత సంవత్సరం","two":[{"t":"idOrVar","v":"value"}," సంవత్సరాల క్రితం"],"few":[{"t":"idOrVar","v":"value"}," సంవత్సరాల క్రితం"],"many":[{"t":"idOrVar","v":"value"}," సంవత్సరాల క్రితం"],"other":[{"t":"idOrVar","v":"value"}," సంవత్సరాల క్రితం"]},"$x":[{"t":"idOrVar","v":"plural"},"value"]},{"$i":"minutes-until-long","$v":{"zero":"ఇప్పుడు","one":"నిమిషంలో","two":[{"t":"idOrVar","v":"value"}," నిమిషాల్లో"],"few":[{"t":"idOrVar","v":"value"}," నిమిషాల్లో"],"many":[{"t":"idOrVar","v":"value"}," నిమిషాల్లో"],"other":[{"t":"idOrVar","v":"value"}," నిమిషాల్లో"]},"$x":[{"t":"idOrVar","v":"plural"},"value"]},{"$i":"hours-until-long","$v":{"zero":"ఇప్పుడు","one":"గంటలో","two":[{"t":"idOrVar","v":"value"}," గంటల్లో"],"few":[{"t":"idOrVar","v":"value"}," గంటల్లో"],"many":[{"t":"idOrVar","v":"value"}," గంటల్లో"],"other":[{"t":"idOrVar","v":"value"}," గంటల్లో"]},"$x":[{"t":"idOrVar","v":"plural"},"value"]},{"$i":"days-until-long","$v":{"zero":"ఈరోజు","one":"రేపు","two":[{"t":"idOrVar","v":"value"}," రోజుల్లో"],"few":[{"t":"idOrVar","v":"value"}," రోజుల్లో"],"many":[{"t":"idOrVar","v":"value"}," రోజుల్లో"],"other":[{"t":"idOrVar","v":"value"}," రోజుల్లో"]},"$x":[{"t":"idOrVar","v":"plural"},"value"]},{"$i":"weeks-until-long","$v":{"zero":"ఈ వారం","one":"తదుపరి వారం","two":[{"t":"idOrVar","v":"value"}," వారాల్లో"],"few":[{"t":"idOrVar","v":"value"}," వారాల్లో"],"many":[{"t":"idOrVar","v":"value"}," వారాల్లో"],"other":[{"t":"idOrVar","v":"value"}," వారాల్లో"]},"$x":[{"t":"idOrVar","v":"plural"},"value"]},{"$i":"months-until-long","$v":{"zero":"ఈ నెల","one":"తదుపరి నెల","two":[{"t":"idOrVar","v":"value"}," నెలల్లో"],"few":[{"t":"idOrVar","v":"value"}," నెలల్లో"],"many":[{"t":"idOrVar","v":"value"}," నెలల్లో"],"other":[{"t":"idOrVar","v":"value"}," నెలల్లో"]},"$x":[{"t":"idOrVar","v":"plural"},"value"]},{"$i":"years-until-long","$v":{"zero":"ఈ సంవత్సరం","one":"తదుపరి సంవత్సరం","two":"{value}} సంవత్సరాల్లో","few":"{value}} సంవత్సరాల్లో","many":"{value}} సంవత్సరాల్లో","other":"{value}} సంవత్సరాల్లో"},"$x":[{"t":"idOrVar","v":"plural"},"value"]},{"$i":"minutes-ago-short","$v":{"zero":"ఇప్పుడే","other":[{"t":"idOrVar","v":"value"},"నిమిషం క్రితం"]},"$x":[{"t":"idOrVar","v":"plural"},"value"]},{"$i":"hours-ago-short","$v":{"zero":"ఇప్పుడే","other":[{"t":"idOrVar","v":"value"},"గంట క్రితం"]},"$x":[{"t":"idOrVar","v":"plural"},"value"]},{"$i":"days-ago-short","$v":{"zero":"ఈరోజు","other":[{"t":"idOrVar","v":"value"},"రోజు క్రితం"]},"$x":[{"t":"idOrVar","v":"plural"},"value"]},{"$i":"minutes-until-short","$v":{"zero":"ఇప్పుడు","other":[{"t":"idOrVar","v":"value"},"నిమిషాల్లో"]},"$x":[{"t":"idOrVar","v":"plural"},"value"]},{"$i":"hours-until-short","$v":{"zero":"ఇప్పుడు","other":[{"t":"idOrVar","v":"value"},"గంటలో"]},"$x":[{"t":"idOrVar","v":"plural"},"value"]},{"$i":"days-until-short","$v":{"zero":"ఈరోజు","other":[{"t":"idOrVar","v":"value"},"తేదీలో"]},"$x":[{"t":"idOrVar","v":"plural"},"value"]},{"$i":"incorrectDate","$v":"(తప్పుగా ఉన్న తేదీ)"},{"$i":"dateTimeFormat_%c","$v":"%a %b %e %Y %I:%M:%S %p"},{"$i":"dateTimeFormat_%x","$v":"%m/%d/%Y"},{"$i":"dateTimeFormat_%X","$v":"%I:%M:%S %p"},{"$i":"shortTimeFormat","$v":"%I:%M %p"},{"$i":"shortTimeFormat12","$v":"%I:%M %p"},{"$i":"shortTimeFormat24","$v":"%H:%M"},{"$i":"shortDateTimeFormat","$v":"%x %I:%M %p"},{"$i":"weekStartsOnMonday","$v":"0"},{"$i":"firstDayOfTheWeek","$v":"0"},{"$i":"time_am","$v":"AM"},{"$i":"time_pm","$v":"PM"},{"$i":"label","$v":"లేబుల్"},{"$i":"mobile","$v":"మొబైల్"},{"$i":"home","$v":"హోమ్"},{"$i":"work","$v":"కార్యాలయం"},{"$i":"personal","$v":"వ్యక్తిగతం"},{"$i":"faxHome","$v":"FAX హోమ్"},{"$i":"faxOffice","$v":"FAX ఆఫీసు"},{"$i":"faxOther","$v":"ఇతర FAX"},{"$i":"another","$v":"మరొకటి"},{"$i":"other","$v":"ఇతర"},{"$i":"tcl-customTag","$v":"కస్టమ్ ట్యాగ్"},{"$i":"customTag","$v":"కస్టమ్ ట్యాగ్","placeholder":"కస్టమ్ ట్యాగ్"},{"$i":"current","$v":"ప్రస్తుత"},{"$i":"itemWithLabel","$v":[{"t":"idOrVar","v":"label"},", ",{"t":"idOrVar","v":"item"}]},{"$i":"airplaneMode","$v":"ఎయిర్‌ప్లేన్ మోడ్"},{"$i":"searching","$v":"శోధిస్తోంది..."},{"$i":"noNetwork","$v":"నెట్‌వర్క్ లేదు"},{"$i":"roaming","$v":[{"t":"idOrVar","v":"operator"}," (రోమింగ్)"]},{"$i":"operator-info","$v":[{"t":"idOrVar","v":"carrier"}," ",{"t":"idOrVar","v":"region"}]},{"$i":"emergencyCallsOnly","$v":"అత్యవసర కాల్‌లు మాత్రమే"},{"$i":"emergencyCallsOnly-unknownSIMState","$v":"(సిమ్ స్థితి తెలియదు)"},{"$i":"emergencyCallsOnly-noSIM","$v":"(సిమ్ లేదు)"},{"$i":"emergencyCallsOnly-pinRequired","$v":"(సిమ్ పిన్ అవసరం)"},{"$i":"emergencyCallsOnly-pukRequired","$v":"(సిమ్ PUK అవసరం)"},{"$i":"emergencyCallsOnly-networkLocked","$v":"(నెట్‌వర్క్ లాక్ చేయబడింది)"},{"$i":"emergencyCallsOnly-serviceProviderLocked","$v":"(సేవా ప్రదాత లాక్ చేయబడింది)"},{"$i":"emergencyCallsOnly-corporateLocked","$v":"(కార్పొరేట్ లాక్ చేయబడింది)"},{"$i":"emergencyCallsOnly-network1Locked","$v":"(నెట్‌వర్క్1 లాక్ చేయబడింది)"},{"$i":"emergencyCallsOnly-network2Locked","$v":"(నెట్‌వర్క్2 లాక్ చేయబడింది)"},{"$i":"emergencyCallsOnly-hrpdNetworkLocked","$v":"(hrpd నెట్‌వర్క్ లాక్ చేయబడింది)"},{"$i":"emergencyCallsOnly-ruimCorporateLocked","$v":"(ruim కార్పొరేట్ లాక్ చేయబడింది)"},{"$i":"emergencyCallsOnly-ruimServiceProviderLocked","$v":"(ruim సేవా ప్రదాత లాక్ చేయబడింది)"},{"$i":"lockscreen-sim-id","$v":["సిమ్ ",{"t":"idOrVar","v":"n"}]},{"$i":"charging-no-time","$v":[{"t":"idOrVar","v":"level"},"% ఛార్జ్ అయ్యింది"]},{"$i":"charging-minutes","$v":{"zero":[{"t":"idOrVar","v":"level"},"% ఛార్జ్ అయ్యింది పూర్తిగా ఛార్జ్ అవ్వడానికి (",{"t":"idOrVar","v":"minutes"}," నిముషము పడుతుంది)"],"one":[{"t":"idOrVar","v":"level"},"% ఛార్జ్ అయ్యింది పూర్తిగా ఛార్జ్ అవ్వడానికి (",{"t":"idOrVar","v":"minutes"}," నిముషము పడుతుంది)"],"two":[{"t":"idOrVar","v":"level"},"% ఛార్జ్ అయ్యింది పూర్తిగా ఛార్జ్ అవ్వడానికి (",{"t":"idOrVar","v":"minutes"}," నిముషము పడుతుంది)"],"few":[{"t":"idOrVar","v":"level"},"% ఛార్జ్ అయ్యింది పూర్తిగా ఛార్జ్ అవ్వడానికి (",{"t":"idOrVar","v":"minutes"}," నిముషము పడుతుంది)"],"many":[{"t":"idOrVar","v":"level"},"% ఛార్జ్ అయ్యింది పూర్తిగా ఛార్జ్ అవ్వడానికి (",{"t":"idOrVar","v":"minutes"}," నిముషము పడుతుంది)"],"other":[{"t":"idOrVar","v":"level"},"% ఛార్జ్ అయ్యింది పూర్తిగా ఛార్జ్ అవ్వడానికి (",{"t":"idOrVar","v":"minutes"}," నిముషము పడుతుంది)"]},"$x":[{"t":"idOrVar","v":"plural"},"minutes"]},{"$i":"charging-hours","$v":{"zero":[{"t":"idOrVar","v":"level"},"% ఛార్జ్ అయ్యింది పూర్తిగా ఛార్జ్ అవ్వడానికి (",{"t":"idOrVar","v":"hours"},"గం. ",{"t":"idOrVar","v":"minutes"}," నిమి. పడుతుంది)"],"one":[{"t":"idOrVar","v":"level"},"% ఛార్జ్ అయ్యింది పూర్తిగా ఛార్జ్ అవ్వడానికి (",{"t":"idOrVar","v":"hours"},"గం. ",{"t":"idOrVar","v":"minutes"}," నిమి. పడుతుంది)"],"two":[{"t":"idOrVar","v":"level"},"% ఛార్జ్ అయ్యింది పూర్తిగా ఛార్జ్ అవ్వడానికి (",{"t":"idOrVar","v":"hours"},"గం. ",{"t":"idOrVar","v":"minutes"}," నిమి. పడుతుంది)"],"few":[{"t":"idOrVar","v":"level"},"% ఛార్జ్ అయ్యింది పూర్తిగా ఛార్జ్ అవ్వడానికి (",{"t":"idOrVar","v":"hours"},"గం. ",{"t":"idOrVar","v":"minutes"}," నిమి. పడుతుంది)"],"many":[{"t":"idOrVar","v":"level"},"% ఛార్జ్ అయ్యింది పూర్తిగా ఛార్జ్ అవ్వడానికి (",{"t":"idOrVar","v":"hours"},"గం. ",{"t":"idOrVar","v":"minutes"}," నిమి. పడుతుంది)"],"other":[{"t":"idOrVar","v":"level"},"% ఛార్జ్ అయ్యింది పూర్తిగా ఛార్జ్ అవ్వడానికి (",{"t":"idOrVar","v":"hours"},"గం. ",{"t":"idOrVar","v":"minutes"}," నిమి. పడుతుంది)"]},"$x":[{"t":"idOrVar","v":"plural"},"minutes"]},{"$i":"phoneNumberInput","ariaLabel":"ఫోన్ నంబర్"},{"$i":"keypadDelete","ariaLabel":"తొలగించు"},{"$i":"voiceMailKey","ariaLabel":"వాయిస్‌మెయిల్"},{"$i":"asterisk","ariaLabel":"ఆస్ట్రిక్"},{"$i":"hashSign","ariaLabel":"చిహ్నం ఉంది"},{"$i":"loadingSimContacts","$v":"సిమ్ కార్డ్ పరిచయాలను లోడ్ చేస్తోంది…"},{"$i":"noContactsWereFound","$v":"పరిచయాలు ఏవీ కనబడలేదు"},{"$i":"noContactsFoundDialogOk","$v":"సరే"},{"$i":"emergencyNumber","$v":"అత్యవసర నంబర్"},{"$i":"callAirplaneModeMessage","$v":"ఫోన్ కాల్ చేయడానికి మీరు సెట్టింగ్స్ ‌లలోని ఎయిర్‌ప్లేన్ మోడ్‌ను నిలిపివేయాలి."},{"$i":"callAirplaneModeBtnOk","$v":"సరే"},{"$i":"callAirplaneModeTitle","$v":"ఎయిర్‌ప్లేన్ మోడ్ యాక్టివేట్ అయ్యింది"},{"$i":"numberIsBusyTitle","$v":"నంబర్ బిజీగా ఉంది"},{"$i":"numberIsBusyMessage","$v":"ప్రస్తుతం నంబర్ బిజీగా ఉంది. దయచేసి తర్వాత  మరలా ప్రయత్నించండి."},{"$i":"fdnIsActiveTitle","$v":"FDN సక్రియపరుచు"},{"$i":"fdnIsActiveMessage","$v":["FDN (ఫిక్స్డ్ డయలింగ్ నంబర్‌లు) యాక్టివేట్ అయ్యింది మరియు క్రింది నంబర్ మీ FDN లిస్టులో లేదు: ",{"t":"idOrVar","v":"number"}]},{"$i":"emergencyDialogBodyBadNumber","$v":"ఫోన్ కాల్ చేయడానికి, ఫోన్ తప్పనిసరిగా నెట్‌వర్క్‌కు కనెక్ట్ అయ్యి ఉండాలి."},{"$i":"emergencyDialogBodyDeviceNotAccepted","$v":"నెట్‌వర్క్ ద్వారా అత్యవసర కాల్‌లు అనుమతించబడవు."},{"$i":"emergencyDialogBtnOk","$v":"సరే"},{"$i":"emergencyDialogTitle","$v":"నెట్వర్క్ కనెక్షన్ లేదు"},{"$i":"invalidNumberToDialTitle","$v":"చెల్లని ఫోన్ నంబర్"},{"$i":"invalidNumberToDialMessage","$v":"మీరు కాల్ చేస్తున్న ఫోన్ నంబర్ సరైనది కాదు."},{"$i":"unableToCallTitle","$v":"ఇప్పుడు ఫోన్ కాల్ చేయలేకపోయింది"},{"$i":"unableToCallMessage","$v":"కాల్ చేయలేరు. మీరు ఇప్పటికే డయల్ చేస్తున్నట్లయితే దయచేసి ముందుగా దాన్ని ఆపివేయండి."},{"$i":"otherConnectionInUseTitle","$v":"ఇతర కనెక్షన్ వినియోగంలో ఉంది"},{"$i":"otherConnectionInUseMessage","$v":"మరొక కనెక్షన్‌లో మీకు కాల్ సక్రియంగా ఉంది. మీరు ఒక సమయంలో కేవలం ఒక కనెక్షన్‌ను ఉపయోగించవచ్చు."},{"$i":"clear","$v":"క్లియర్ చేయండి"},{"$i":"dialer","$v":"డయలర్"},{"$i":"tcl-incomming-call","$v":"ఇన్‌కమింగ్ కాల్"},{"$i":"tcl-in-call","$v":"కాల్‌ లో"},{"$i":"tcl-answer","$v":"జవాబు"},{"$i":"tcl-end-answer","$v":"ముగింపు మరియు సమాధానం"},{"$i":"tcl-decline","$v":"తిరస్కరిస్తున్నాను"},{"$i":"tcl-mute","$v":"మ్యూట్"},{"$i":"tcl-unmute","$v":"మ్యూట్ తీసివేయి"},{"$i":"tcl-speaker","$v":"స్పీకర్"},{"$i":"tcl-speaker-off","$v":"స్పీకర్ ఆఫ్‌లో ఉంది"},{"$i":"tcl-microphone-mute-notification","$v":"మైక్రోఫోన్ మ్యూట్ చేయబడింది"},{"$i":"tcl-microphone-active-notification","$v":"మైక్రోఫోన్ సక్రియంగా ఉంది"},{"$i":"tcl-speaker-off-notification","$v":"బాహ్య స్పీకర్ ఆఫ్ చేయబడింది"},{"$i":"tcl-speaker-on-notification","$v":"బాహ్య స్పీకర్ ఆన్ చేయబడింది"},{"$i":"tcl-hold-and-answer","$v":"హోల్డ్‌లో ఉంచు మరియు సమాధానమివ్వు"},{"$i":"tcl-ignore-call","$v":"ఇన్‌కమింగ్ కాల్‌ను విస్మరించు"},{"$i":"tcl-add-to-call","$v":"కాల్‌ను జోడించు"},{"$i":"tcl-switch-to-second-line","$v":"కాల్ స్వాప్ చేయి"},{"$i":"tcl-merge-calls","$v":"కాల్‌ను విలీనం చేయి"},{"$i":"btnOk","$v":"సరే"},{"$i":"losing-wifi-msg","$v":"wifi కోల్పోతోంది"},{"$i":"hd","$v":"HD"},{"$i":"manage-call","$v":"కాల్‌ను నిర్వహించండి"},{"$i":"end","$v":"కాల్ ముగించండి"},{"$i":"private","$v":"ప్రైవేట్"},{"$i":"sound","$v":"సౌండ్"},{"$i":"bluetooth-device","$v":"బ్లూటూత్ పరికరం"},{"$i":"handset-earpiece","$v":"హ్యాండ్‌సెట్"},{"$i":"call-ended","$v":"కాల్ ముగిసింది"},{"$i":"payphone","$v":"పేఫోన్"},{"$i":"contact","$v":"పరిచయం"},{"$i":"volume","$v":"వాల్యూమ్"},{"$i":"softkey-options","$v":"ఎంపికలు"},{"$i":"resume-call","$v":"కాల్‌ని కొనసాగించండి"},{"$i":"switch-to-device-toast","$v":"బ్లూటూత్ పరికరానికి మార్చబడింది"},{"$i":"switch-to-handset-toast","$v":"హ్యాండ్‌సెట్ ఇయర్‌పీస్ పరికరానికి మార్చబడింది"},{"$i":"switch-to-speaker-toast","$v":"స్పీకర్‌కు మార్చబడింది"},{"$i":"emergency-call","$v":"అత్యవసర కాల్ ఉంది."},{"$i":"link","$v":"లింక్:"},{"$i":"call-left-conference-toast","$v":[{"t":"idOrVar","v":"number"}," కాల్‌‌ను వదిలిపెట్టారు"]}]