[{"$i":"tcl-calllog-entry-removed-succ-notification","$v":"कल लगखौ बन्द खालामनाय"},{"$i":"tcl-calllog-entry-removed-err-notification","$v":"कल लक होनायखौ बोखारनो हाया"},{"$i":"addNewNumber","$v":"गोदान नाम्बार दाजाब"},{"$i":"contactDetails","$v":"जगाजग गुदि-खिथाफोर"},{"$i":"addToExistingContact","$v":"थाखानाय कनटेक्ट महरै दाजाब"},{"$i":"all","$v":"गासैबो","ariaLabel":"गासैबो"},{"$i":"bluetoothOption","$v":""},{"$i":"callLog","$v":"कल लग"},{"$i":"callLogEdit","title":"कल लगखौ इडिट खालाम"},{"$i":"tcl-option-menu-call-log-edit","$v":"कल लगखौ इडिट खालाम"},{"$i":"callLogEditDialog","ariaLabel":"कल लग डाइलगखौ इडिट खालाम"},{"$i":"tcl-call-log-delete-group-notification","$v":[{"t":"idOrVar","v":"n"}," सोसननायफोरा दानगारजाबाय"]},{"$i":"connecting","$v":"कल खालामगासिनो"},{"$i":"connectingEllipsis","$v":"फोनांजाबदों..."},{"$i":"call-forwarding-async","$v":["एसिनक्रनास ",{"t":"idOrVar","v":"async"}]},{"$i":"call-forwarding-data","$v":["डेटा: ",{"t":"idOrVar","v":"data"}]},{"$i":"call-forwarding-error","$v":"कल फरवार्ड थासारि नायफिननायाव मोनसे जेंना नुजाबाय"},{"$i":"call-forwarding-fax","$v":["FAX: ",{"t":"idOrVar","v":"fax"}]},{"$i":"call-forwarding-inactive","$v":"इनेकटिभ"},{"$i":"call-forwarding-packet","$v":["थफ्ला: ",{"t":"idOrVar","v":"packet"}]},{"$i":"call-forwarding-pad","$v":["PAD: ",{"t":"idOrVar","v":"pad"}]},{"$i":"call-forwarding-sms","$v":["SMS: ",{"t":"idOrVar","v":"sms"}]},{"$i":"call-forwarding-status","$v":"कल फरवार्डिं थासारि"},{"$i":"call-forwarding-sync","$v":["मोनसे समावनो जानाय ",{"t":"idOrVar","v":"sync"}]},{"$i":"call-forwarding-voice","$v":["भइस: ",{"t":"idOrVar","v":"voice"}]},{"$i":"close","$v":"बन्द’ खालाम"},{"$i":"confirm-deletion","$v":"सायखजानाय कलफोरखौ स्रां खालामनो ना?"},{"$i":"contacts","ariaLabel":"जगाजगफोर"},{"$i":"createNewContact","$v":"गोदान कनटेक्ट खुलि"},{"$i":"delete","$v":"दान"},{"$i":"calllog-deselectAll","$v":"गासैखौबो सायख'नाङा"},{"$i":"dialerAddContact","$v":""},{"$i":"dialerAddContactDialog","ariaLabel":"Contact Dialog दाजाब"},{"$i":"callInformation","$v":"कल इनफरमेसन"},{"$i":"edit-selected","$v":{"one":["सायखजानाय(",{"t":"idOrVar","v":"n"},")"],"two":["सायखजानाय(",{"t":"idOrVar","v":"n"},")"],"few":["सायखजानाय(",{"t":"idOrVar","v":"n"},")"],"many":["सायखजानाय(",{"t":"idOrVar","v":"n"},")"],"other":["सायखजानाय(",{"t":"idOrVar","v":"n"},")"]},"$x":[{"t":"idOrVar","v":"plural"},"n"]},{"$i":"tcl-edit-not-selected","$v":"सायखजानाय(0)"},{"$i":"edit","$v":"इडिट खालाम"},{"$i":"hideKeypad","ariaLabel":"किपेड दोनखोमानाय"},{"$i":"ignore","$v":""},{"$i":"incoming","$v":"इनकामिं"},{"$i":"keypad","ariaLabel":"कीपेड्"},{"$i":"makeCall","$v":""},{"$i":"merge","$v":""},{"$i":"info-missed","$v":"मिस जादोंमोन"},{"$i":"missed","$v":"मिस जादोंमोन","ariaLabel":"मिस जादोंमोन"},{"$i":"dialed","$v":"डाइल खालामबाय"},{"$i":"received","$v":"आजावबाय"},{"$i":"canceled","$v":"केनसेल खालामबाय"},{"$i":"missedCall","$v":"मिस कल"},{"$i":"missedCallMultiSims","$v":["(सिम ",{"t":"idOrVar","v":"n"},") मिस कल"]},{"$i":"mmi-error","$v":"मेसेज दैथायबाय थानायाव जेंना नुजाबाय"},{"$i":"mmi-session-expired","$v":"सेसना जोबबाय"},{"$i":"mmi-successfully-sent","$v":"खौरां दैथाय हरनाया जाफुंबाय"},{"$i":"mmi-notification-title-with-sim","$v":["(",{"t":"idOrVar","v":"sim"},") ",{"t":"idOrVar","v":"title"}]},{"$i":"mute","$v":""},{"$i":"newCall","$v":""},{"$i":"no-logs-msg-1","$v":"कलफोरखौ थिसन्नानै दोनाखै"},{"$i":"no-logs-msg-2","$v":"रायलायनायखौ दानो जागाय"},{"$i":"no-logs-msg-3","$v":"कलफोरखौ थिसन्नानै दोनाखै"},{"$i":"no-logs-msg-4","$v":"रायलायनायखौ दानो जागाय"},{"$i":"onHoldOption","$v":""},{"$i":"outgoing","$v":"ओंखारलांनाय"},{"$i":"recents","ariaLabel":"बावैसोनि कलफोर"},{"$i":"reply","$v":"फिन हरफिन"},{"$i":"calllog-selectAll","$v":"गासैखौबो सायख'"},{"$i":"send","$v":"दैथाइहर"},{"$i":"switch-calls","$v":"स्वित्स कल्स"},{"$i":"today","$v":"दिनै"},{"$i":"withheld-number","$v":"सिनायमोनै"},{"$i":"from-contact","$v":["From ",{"t":"idOrVar","v":"contact"}]},{"$i":"from-number","$v":[{"t":"idOrVar","v":"number"}," निफ्राय"]},{"$i":"from-withheld-number","$v":"मिथिमोनि नामबारनिफ्राय"},{"$i":"yesterday","$v":"मैया"},{"$i":"sending","$v":"दैथायहरबाय थादों …"},{"$i":"speakerOption","$v":""},{"$i":"ussd-services","$v":[{"t":"idOrVar","v":"operator"}," सार्भिसफोर"]},{"$i":"toggleKeypad","$v":""},{"$i":"type-your-response","placeholder":"नोंथांनि फिनहरनायखौ टाइप खालाम…"},{"$i":"clear-all-text","$v":"गासे टेक्सफोरखौ खोमोर"},{"$i":"hide","$v":"दोनखुमानाय"},{"$i":"call","$v":"कल खालाम"},{"$i":"hold","$v":"हल्ड(हम)"},{"$i":"resume","$v":"जागायफिन(रिसुम)","ariaLabel":"जागायफिन(रिसुम)"},{"$i":"sendSms","$v":"मेसेज दैथाय"},{"$i":"callEnded","$v":"कल जोबनाय"},{"$i":"via-sim","$v":["SIM",{"t":"idOrVar","v":"n"}," जानानै"]},{"$i":"sim-number","$v":["SIM",{"t":"idOrVar","v":"n"}]},{"$i":"unknown","$v":"सिनायमोनै"},{"$i":"cancel","$v":"दान"},{"$i":"hangup-a11y-button","$v":""},{"$i":"pickup-a11y-button","$v":""},{"$i":"unlock-a11y-button","ariaLabel":"स्लाइडार"},{"$i":"settings","$v":"चेटिंफोर"},{"$i":"tcl-delete-log","$v":"नोंथाङा थारैनो कल लगनिफ्राय सायखजानाय थिसनथाइफोरखौ दानगारनो लुबैयो नामा?"},{"$i":"delete-n-log?","$v":{"zero":"सायखनाङा","one":"सायखजानाय लगखौ दानगारनो?","two":[{"t":"idOrVar","v":"n"}," लगफोरखौ दानगारनो?"],"few":[{"t":"idOrVar","v":"n"}," लगफोरखौ दानगारनो?"],"many":[{"t":"idOrVar","v":"n"}," लगफोरखौ दानगारनो?"],"other":[{"t":"idOrVar","v":"n"}," लगफोरखौ दानगारनो?"]},"$x":[{"t":"idOrVar","v":"plural"},"n"]},{"$i":"composeEmail","ariaLabel":"इमैल"},{"$i":"emailDetail","ariaLabel":"इमैल"},{"$i":"phoneDetail","ariaLabel":"पन"},{"$i":"send-sms-button","ariaLabel":"SMS"},{"$i":"separator","$v":","},{"$i":"callDurationMinutes","$v":[{"t":"idOrVar","v":"m"},":",{"t":"idOrVar","v":"s"}]},{"$i":"callDurationHours","$v":[{"t":"idOrVar","v":"h"},":",{"t":"idOrVar","v":"m"},":",{"t":"idOrVar","v":"s"}]},{"$i":"callDurationTextFormatSeconds","$v":[{"t":"idOrVar","v":"s"}," सेकेन्ड"]},{"$i":"callDurationTextFormatMinutes","$v":[{"t":"idOrVar","v":"m"}," मिनिट ",{"t":"idOrVar","v":"s"}," सेकेन्ड"]},{"$i":"callDurationTextFormatHours","$v":[{"t":"idOrVar","v":"h"}," घन्ट ",{"t":"idOrVar","v":"m"}," मिनिट ",{"t":"idOrVar","v":"s"}," सेकेन्ड"]},{"$i":"suggestionMatches","$v":{"one":[{"t":"idOrVar","v":"n"}," निथाखाय गोरोबदों \"",{"t":"idOrVar","v":"matchNumber"},"\""],"two":[{"t":"idOrVar","v":"n"}," निथाखाय गोरोबदों \"",{"t":"idOrVar","v":"matchNumber"},"\""],"few":[{"t":"idOrVar","v":"n"}," निथाखाय गोरोबदों \"",{"t":"idOrVar","v":"matchNumber"},"\""],"many":[{"t":"idOrVar","v":"n"}," निथाखाय गोरोबदों \"",{"t":"idOrVar","v":"matchNumber"},"\""],"other":[{"t":"idOrVar","v":"n"}," निथाखाय गोरोबदों \"",{"t":"idOrVar","v":"matchNumber"},"\""]},"$x":[{"t":"idOrVar","v":"plural"},"n"]},{"$i":"scCallBarring","$v":"कल होबथानाय"},{"$i":"scCallForwarding","$v":"कल फरवार्ड"},{"$i":"scClip","$v":"इनकामिं कलार ID"},{"$i":"scClir","$v":"आउटगयिं कलार ID"},{"$i":"scPwd","$v":"फासवार्डखौ सोलाइ"},{"$i":"scCallWaiting","$v":"कल नेदों"},{"$i":"scPin","$v":"PIN खौ सोलाइ"},{"$i":"scPin2","$v":"2थि फांथे इसाराया सोलाय"},{"$i":"scPuk","$v":"PIN मारिथेनायखौ खुलि"},{"$i":"scPuk2","$v":"PIN2 मारिथेनायखौ खुलि"},{"$i":"scImei","$v":"IMEI"},{"$i":"scMeid","$v":"MEID"},{"$i":"scUssd","$v":"USSD"},{"$i":"serviceClassVoice","$v":"भइस"},{"$i":"serviceClassData","$v":"डेता"},{"$i":"serviceClassFax","$v":"FAX"},{"$i":"serviceClassSms","$v":"SMS"},{"$i":"serviceClassDataSync","$v":"सिंक"},{"$i":"serviceClassDataAsync","$v":"Async"},{"$i":"serviceClassPacket","$v":"फेकेट"},{"$i":"serviceClassPad","$v":"PAD"},{"$i":"smServiceEnabled","$v":"सार्भिसखौ गोख्रों खालामनाय जादोंमोन"},{"$i":"smServiceDisabled","$v":"सार्भिसखौ फेलें खालामनाय जाबाय"},{"$i":"smServiceRegistered","$v":"रेजिस्ट्रेसना जाफुंबायमोन"},{"$i":"smServiceErased","$v":"दानगारनाया जाफुंबाय"},{"$i":"smServiceInterrogated","$v":"खावलायनाया जाफुंबायमोन"},{"$i":"smServiceNotProvisioned","$v":"सार्भिसनि लाखिनाय जायाखै"},{"$i":"smClirPermanent","$v":"नोंथाङा कलार ID सेटिंग्सखौ सोलायनो हाया"},{"$i":"smClirDefaultOnNextCallOn","$v":"कलार ID डिफल्टफोरा हेंथा गोनां। नैथि कल: हेंथा गोनां"},{"$i":"smClirDefaultOnNextCallOff","$v":"कलार ID डिफल्टफोरा हेंथा गोनां। नैथि कल: हेंथा गैया"},{"$i":"smClirDefaultOffNextCallOn","$v":"कलार ID डिफल्टफोरा हेंथा गोनां नङा। नैथि कल: हेंथा गोनां"},{"$i":"smClirDefaultOffNextCallOff","$v":"कलार ID डिफल्टफोरा हेंथा गोनां नङा। नैथि कल: हेंथा गैया"},{"$i":"smServiceEnabledFor","$v":"थाखाय सारभिचा हानाय जादोंमोन:"},{"$i":"smPinChanged","$v":"फांथे इसाराया सोलायनाया जाफुंबाय"},{"$i":"smPinUnblocked","$v":"फांथे इसाराया खेवनाया जाफुंबाय"},{"$i":"smPin2Changed","$v":"2थि फांथे इसाराया सोलायबाय"},{"$i":"smPin2Unblocked","$v":"2थि फांथे इसाराया खेवनाया जाफुंबाय"},{"$i":"ServiceIsEnabled","$v":"सार्भिसा गोख्रों"},{"$i":"ServiceIsDisabled","$v":"सार्भिसा फेलें"},{"$i":"ServiceIsEnabledFor","$v":"सिबिथाया हानाय जानानै दङ:"},{"$i":"emMmiError","$v":"फोनांजाबनाय जेंना एबा गोरोन्थि MMI कड"},{"$i":"emMmiErrorPasswordIncorrect","$v":"गोरोन्थि पासवर्ड"},{"$i":"emMmiErrorNotSupported","$v":"खान्थि गैयै एबा MMI कड मदद खालामाखै"},{"$i":"emMmiErrorInvalidAction","$v":"खान्थि गैयै मावथाय"},{"$i":"emMmiErrorInvalidScCode","$v":"खान्थि गैयै खामानिनि कड"},{"$i":"emMmiErrorBadPuk","$v":"नोंथाङा ताइप खालामनाय PUK आ गोरोबा"},{"$i":"emMmiErrorBadPin","$v":"नोंथाङा टाइप खालामनाय गोजाम PIN आ थार नङा।"},{"$i":"emMmiErrorNeedPuk2","$v":"SIM कार्ड गोथेनायखौ खुलिनो थाखाय PUK2 टाइप खालाम"},{"$i":"emMmiErrorMismatchPin","$v":"नोंथाङा ताइप खालामनाय पिनफोरा गोरोबा"},{"$i":"emMmiErrorInvalidPin","$v":"4 निफ्राय 8 अनजिमा थानाय मोनसे PIN टाइप खालाम"},{"$i":"emMmiErrorNeedsPuk","$v":"नोंथांनि SIM कार्ड आ PUK-मारिथेबाय"},{"$i":"emMmiErrorEnablePin","$v":"जाफुंसारै SIM/RUIM मारिनायखौ हानाय खालाम"},{"$i":"emMmiErrorMmiFdn","$v":"थि कल अनजिमानि थाखायल' नायबिजिरनाया गोख्रों जादों"},{"$i":"emMmiErrorStkCcUssdDial","$v":"DIAL खावलाइनायनि थाखाय USSD खावलाइनाया फोसाबबाय।"},{"$i":"emMmiErrorStkCcUssdSs","$v":"SS खावलाइनायनि थाखाय USSD खावलाइनाया फोसाबबाय।"},{"$i":"emMmiErrorStkCcUssdUssd","$v":"गोदान USSD खावलाइनायनि थाखाय USSD खावलाइनाया फोसाबबाय।"},{"$i":"emMmiErrorStkCcSsDial","$v":"DIAL खावलायनायाव SS खावलायनाया फोसाबजाबाय"},{"$i":"emMmiErrorStkCcSsUssd","$v":"USSD खावलाइनायनि थाखाय SS खावलाइनाया फोसाबबाय।"},{"$i":"emMmiErrorStkCcSsSs","$v":"गोदान SS खावलायनायाव SS खावलायनाया फोसाबजाबाय"},{"$i":"emMmiErrorPinPukAttempts","$v":{"one":[{"t":"idOrVar","v":"n"}," नाजानायलखौ नाजा"],"two":[{"t":"idOrVar","v":"n"}," आगसिथिं नाजाफिन"],"few":[{"t":"idOrVar","v":"n"}," आगसिथिं नाजाफिन"],"many":[{"t":"idOrVar","v":"n"}," आगसिथिं नाजाफिन"],"other":[{"t":"idOrVar","v":"n"}," आगसिथिं नाजाफिन"]},"$x":[{"t":"idOrVar","v":"plural"},"n"]},{"$i":"emMmiErrorSimBlocked","$v":"गोबां अनजिमा बारलांना उदां जाबाय सिम ब्लक जाबाय"},{"$i":"RadioNotAvailable","$v":"रेडिअ गैया"},{"$i":"GenericFailure","$v":"सरासनस्रा फेलें जानाय"},{"$i":"PasswordIncorrect","$v":"खेंस्ला इसारा गोरोन्थि"},{"$i":"SimPin2","$v":"SIM PIN2"},{"$i":"SimPuk2","$v":"SIM PUK2"},{"$i":"RequestNotSupported","$v":"खावलायनाया मदद होजानाय नङा"},{"$i":"OpNotAllowedDuringVoiceCall","$v":"बुंथि कल हरनाय समाव नायबिजिराखै"},{"$i":"SmsSendFailRetry","$v":"SMS दैथायहरनाया फेलें नाजाफिन"},{"$i":"SimAbsent","$v":"SIM नुजाथियै"},{"$i":"SubscriptionNotAvailable","$v":"साबसक्रिपसन मोननाय जायाखै"},{"$i":"ModeNotSupported","$v":"खान्थिबादि मद'द खालामाखै"},{"$i":"FdnCheckFailure","$v":"Fdn सेक खालामनायाव फेलें"},{"$i":"IllegalSimOrMe","$v":"आयेन बेरेखा SIM एबा ME"},{"$i":"DialModifiedToUssd","$v":"USSD खालामनो मडिफाइड डाइल खालाम"},{"$i":"DialModifiedToSs","$v":"SS खालामनो मडिफाइड डाइल खालाम"},{"$i":"DialModifiedToDial","$v":"डाइल खालामनो डाइल मडिफाइड खालाम"},{"$i":"UssdModifiedToDial","$v":"डाइल खालामनायाव USSD आ फोसाबजाबाय"},{"$i":"UssdModifiedToSs","$v":"USSD आव SS आ फोसाबजाबाय"},{"$i":"UssdModifiedToUssd","$v":"USSD आव USSD आ फोसाबजाबाय"},{"$i":"SsModifiedToDial","$v":"डाइल खालामनायाव SS आ फोसाबजाबाय"},{"$i":"SsModifiedToUssd","$v":"SSआव USSD आ फोसाबजाबाय"},{"$i":"SsModifiedToSs","$v":"SSआव SS आ फोसाबजाबाय"},{"$i":"SubscriptionNotSupported","$v":"साबसक्रिपसन सापर्ट जायाखै"},{"$i":"InvalidParameter","$v":"खान्थि गैयै सिमा हांखो"},{"$i":"RejectedByRemote","$v":"रिमटजों दानगारजाबाय"},{"$i":"conferenceCall","$v":["कनफारेन्स (",{"t":"idOrVar","v":"n"},")"]},{"$i":"caller-left-call","$v":[{"t":"idOrVar","v":"caller"}," आ कल हरनायखौ नागारबाय।"]},{"$i":"conferenceAddError","$v":"कलफोरखौ सरजाबनो हायाखै"},{"$i":"conferenceRemoveError","$v":"कलफोरखौ सरजाबै खालामनो हायाखै"},{"$i":"longDateFormat","$v":"%A, %b %e"},{"$i":"select-audio-sources","$v":"अडिय फुंखाफोर सायख'"},{"$i":"bluetooth-handsfree-device","$v":"ब्लुटुथ हेन्सफ्रि डिभाइस"},{"$i":"receiver","$v":"आजावग्रा"},{"$i":"speaker","$v":"स्पिकार"},{"$i":"tcl-cancel","$v":"दान"},{"$i":"tcl-dialer","$v":"दाइल खालामग्रा"},{"$i":"tcl-confirmation","$v":"थि मिथिथाइ"},{"$i":"log-item","$v":"राहाफोर"},{"$i":"tcl-assign-speed-dial","$v":{"$o":["जगाजगआ गोख्रै डाइल महरै \"",{"t":"idOrVar","v":"speedDial"},"\" बुटामाव दाजाबजायाखैमोन।<br><br>एसाइन खालामनो नामा?"]}},{"$i":"tcl-assign","$v":"हो"},{"$i":"select","$v":"सायख'"},{"$i":"deselect","$v":"सायख'नाङा"},{"$i":"view-all","$v":"गासैखौबो दिन्थि"},{"$i":"search-results","$v":"फिथायफोरखौ नागिर"},{"$i":"no-recent-numbers","$v":"बुनो थाखाय दाबावैनि अनजिमा कल लगाव गैया।"},{"$i":"wifi-calling","$v":"WiFi कल हरदों"},{"$i":"dialer-prompt","$v":"एड तु कल खालामनो डाइल नाम्बार एबा कनटेक्ट सायख'"},{"$i":"hours","$v":"घन्टाफोर"},{"$i":"minutes","$v":"मिनिटफोर"},{"$i":"seconds","$v":"सेकेन्डफोर"},{"$i":"voiceMail","$v":"भइसमैल खालाम"},{"$i":"weekday-0-long","$v":"रुबिबार"},{"$i":"weekday-1-long","$v":"समबार"},{"$i":"weekday-2-long","$v":"मंगलबार"},{"$i":"weekday-3-long","$v":"बुधबार"},{"$i":"weekday-4-long","$v":"बिस्थिबार"},{"$i":"weekday-5-long","$v":"सक्रुबार"},{"$i":"weekday-6-long","$v":"सनिबार"},{"$i":"weekday-0-short","$v":"सान"},{"$i":"weekday-1-short","$v":"मन"},{"$i":"weekday-2-short","$v":"मंगल"},{"$i":"weekday-3-short","$v":"वेब"},{"$i":"weekday-4-short","$v":"टिएइचइउ"},{"$i":"weekday-5-short","$v":"फ्रि"},{"$i":"weekday-6-short","$v":"सेट"},{"$i":"month-0-long","$v":"जानुवारि"},{"$i":"month-1-long","$v":"फेब्रुवारि"},{"$i":"month-2-long","$v":"मार्च"},{"$i":"month-3-long","$v":"एप्रिल"},{"$i":"month-4-long","$v":"मे"},{"$i":"month-5-long","$v":"जुन"},{"$i":"month-6-long","$v":"जुलाइ"},{"$i":"month-7-long","$v":"आगष्ट"},{"$i":"month-8-long","$v":"सेप्तेम्बार"},{"$i":"month-9-long","$v":"अक्ट'बर"},{"$i":"month-10-long","$v":"नभेमबर"},{"$i":"month-11-long","$v":"दिसेम्बार"},{"$i":"month-0-genitive","$v":"जानुवारि"},{"$i":"month-1-genitive","$v":"फेब्रुवारि"},{"$i":"month-2-genitive","$v":"मार्च"},{"$i":"month-3-genitive","$v":"एप्रिल"},{"$i":"month-4-genitive","$v":"मे"},{"$i":"month-5-genitive","$v":"जुन"},{"$i":"month-6-genitive","$v":"जुलाइ"},{"$i":"month-7-genitive","$v":"आगष्ट"},{"$i":"month-8-genitive","$v":"सेप्तेम्बार"},{"$i":"month-9-genitive","$v":"अक्ट'बर"},{"$i":"month-10-genitive","$v":"नभेमबर"},{"$i":"month-11-genitive","$v":"दिसेम्बार"},{"$i":"month-0-short","$v":"जान"},{"$i":"month-1-short","$v":"फेब"},{"$i":"month-2-short","$v":"गाज्रि"},{"$i":"month-3-short","$v":"एप्रि"},{"$i":"month-4-short","$v":"मे"},{"$i":"month-5-short","$v":"जुन"},{"$i":"month-6-short","$v":"जुल"},{"$i":"month-7-short","$v":"आग"},{"$i":"month-8-short","$v":"सेप"},{"$i":"month-9-short","$v":"अक्ट'बर"},{"$i":"month-10-short","$v":"नभ"},{"$i":"month-11-short","$v":"दिस"},{"$i":"minutes-ago-long","$v":{"zero":"दाबावैसो","one":"से मिनिट सिगङाव","two":[{"t":"idOrVar","v":"value"}," मिनिट सिगां"],"few":[{"t":"idOrVar","v":"value"}," मिनिट सिगां"],"many":[{"t":"idOrVar","v":"value"}," मिनिट सिगां"],"other":[{"t":"idOrVar","v":"value"}," मिनिट सिगां"]},"$x":[{"t":"idOrVar","v":"plural"},"value"]},{"$i":"hours-ago-long","$v":{"zero":"दाबावैसो","one":"घन्टासे सिगाङाव","two":[{"t":"idOrVar","v":"value"}," घन्टा सिगां"],"few":[{"t":"idOrVar","v":"value"}," घन्टा सिगां"],"many":[{"t":"idOrVar","v":"value"}," घन्टा सिगां"],"other":[{"t":"idOrVar","v":"value"}," घन्टा सिगां"]},"$x":[{"t":"idOrVar","v":"plural"},"value"]},{"$i":"days-ago-long","$v":{"zero":"दिनै","one":"मैया","two":[{"t":"idOrVar","v":"value"}," सान सिगां"],"few":[{"t":"idOrVar","v":"value"}," सान सिगां"],"many":[{"t":"idOrVar","v":"value"}," सान सिगां"],"other":[{"t":"idOrVar","v":"value"}," सान सिगां"]},"$x":[{"t":"idOrVar","v":"plural"},"value"]},{"$i":"weeks-ago-long","$v":{"zero":"बे हबथा","one":"थांनाय हबथा","two":[{"t":"idOrVar","v":"value"}," हाबथा सिगां"],"few":[{"t":"idOrVar","v":"value"}," हाबथा सिगां"],"many":[{"t":"idOrVar","v":"value"}," हाबथा सिगां"],"other":[{"t":"idOrVar","v":"value"}," हाबथा सिगां"]},"$x":[{"t":"idOrVar","v":"plural"},"value"]},{"$i":"months-ago-long","$v":{"zero":"बे दान","one":"थांनाय दान","two":[{"t":"idOrVar","v":"value"}," दान सिगां"],"few":[{"t":"idOrVar","v":"value"}," दान सिगां"],"many":[{"t":"idOrVar","v":"value"}," दान सिगां"],"other":[{"t":"idOrVar","v":"value"}," दान सिगां"]},"$x":[{"t":"idOrVar","v":"plural"},"value"]},{"$i":"years-ago-long","$v":{"zero":"बे बोसोर","one":"थांनाय बोसोर","two":[{"t":"idOrVar","v":"value"}," बोसोर सिगां"],"few":[{"t":"idOrVar","v":"value"}," बोसोर सिगां"],"many":[{"t":"idOrVar","v":"value"}," बोसोर सिगां"],"other":[{"t":"idOrVar","v":"value"}," बोसोर सिगां"]},"$x":[{"t":"idOrVar","v":"plural"},"value"]},{"$i":"minutes-until-long","$v":{"zero":"दायो","one":"से मिनिटआव","two":[{"t":"idOrVar","v":"value"}," मिनिटआव"],"few":[{"t":"idOrVar","v":"value"}," मिनिटआव"],"many":[{"t":"idOrVar","v":"value"}," मिनिटआव"],"other":[{"t":"idOrVar","v":"value"}," मिनिटआव"]},"$x":[{"t":"idOrVar","v":"plural"},"value"]},{"$i":"hours-until-long","$v":{"zero":"दायो","one":"से घन्टायाव","two":[{"t":"idOrVar","v":"value"}," घन्टायाव"],"few":[{"t":"idOrVar","v":"value"}," घन्टायाव"],"many":[{"t":"idOrVar","v":"value"}," घन्टायाव"],"other":[{"t":"idOrVar","v":"value"}," घन्टायाव"]},"$x":[{"t":"idOrVar","v":"plural"},"value"]},{"$i":"days-until-long","$v":{"zero":"दिनै","one":"गाबोन","two":[{"t":"idOrVar","v":"value"}," सानफोराव"],"few":[{"t":"idOrVar","v":"value"}," सानफोराव"],"many":[{"t":"idOrVar","v":"value"}," सानफोराव"],"other":[{"t":"idOrVar","v":"value"}," सानफोराव"]},"$x":[{"t":"idOrVar","v":"plural"},"value"]},{"$i":"weeks-until-long","$v":{"zero":"बे हबथा","one":"फैगौ हबथा","two":[{"t":"idOrVar","v":"value"}," हबथाफोराव"],"few":[{"t":"idOrVar","v":"value"}," हबथाफोराव"],"many":[{"t":"idOrVar","v":"value"}," हबथाफोराव"],"other":[{"t":"idOrVar","v":"value"}," हबथाफोराव"]},"$x":[{"t":"idOrVar","v":"plural"},"value"]},{"$i":"months-until-long","$v":{"zero":"बे दान","one":"फैगौ दान","two":[{"t":"idOrVar","v":"value"}," दानफोराव"],"few":[{"t":"idOrVar","v":"value"}," दानफोराव"],"many":[{"t":"idOrVar","v":"value"}," दानफोराव"],"other":[{"t":"idOrVar","v":"value"}," दानफोराव"]},"$x":[{"t":"idOrVar","v":"plural"},"value"]},{"$i":"years-until-long","$v":{"zero":"बे बोसोर","one":"फैगौ बोसोर","two":[{"t":"idOrVar","v":"value"}," बोसोरफोराव"],"few":[{"t":"idOrVar","v":"value"}," बोसोरफोराव"],"many":[{"t":"idOrVar","v":"value"}," बोसोरफोराव"],"other":[{"t":"idOrVar","v":"value"}," बोसोरफोराव"]},"$x":[{"t":"idOrVar","v":"plural"},"value"]},{"$i":"minutes-ago-short","$v":{"zero":"दाबावैसो","other":[{"t":"idOrVar","v":"value"},"मिनिट सिगां"]},"$x":[{"t":"idOrVar","v":"plural"},"value"]},{"$i":"hours-ago-short","$v":{"zero":"दाबावैसो","other":[{"t":"idOrVar","v":"value"},"घन्टा सिगां"]},"$x":[{"t":"idOrVar","v":"plural"},"value"]},{"$i":"days-ago-short","$v":{"zero":"दिनै","other":[{"t":"idOrVar","v":"value"},"सान सिगां"]},"$x":[{"t":"idOrVar","v":"plural"},"value"]},{"$i":"minutes-until-short","$v":{"zero":"दायो","other":[{"t":"idOrVar","v":"value"},"मिनिटआव"]},"$x":[{"t":"idOrVar","v":"plural"},"value"]},{"$i":"hours-until-short","$v":{"zero":"दायो","other":[{"t":"idOrVar","v":"value"},"घन्टायाव"]},"$x":[{"t":"idOrVar","v":"plural"},"value"]},{"$i":"days-until-short","$v":{"zero":"दिनै","other":[{"t":"idOrVar","v":"value"},"सानाव"]},"$x":[{"t":"idOrVar","v":"plural"},"value"]},{"$i":"incorrectDate","$v":"(गोरोनथि अक्त)"},{"$i":"dateTimeFormat_%c","$v":"%a %b %e %Y %I:%M:%S %p"},{"$i":"dateTimeFormat_%x","$v":"%m/%d/%Y"},{"$i":"dateTimeFormat_%X","$v":"%I:%M:%S %p"},{"$i":"shortTimeFormat","$v":"%I:%M %p"},{"$i":"shortTimeFormat12","$v":"%I:%M %p"},{"$i":"shortTimeFormat24","$v":"%H:%M"},{"$i":"shortDateTimeFormat","$v":"%x %I:%M %p"},{"$i":"weekStartsOnMonday","$v":"0"},{"$i":"firstDayOfTheWeek","$v":"0"},{"$i":"time_am","$v":"AM"},{"$i":"time_pm","$v":"PM"},{"$i":"label","$v":"लेबेल"},{"$i":"mobile","$v":"मबाइल"},{"$i":"home","$v":"हम"},{"$i":"work","$v":"वार्क"},{"$i":"personal","$v":"गावारि"},{"$i":"faxHome","$v":"फेक्स हम"},{"$i":"faxOffice","$v":"फेक्स अफिस"},{"$i":"faxOther","$v":"गुबुन फेक्स खालाम"},{"$i":"another","$v":"गुबुन"},{"$i":"other","$v":"गुबुन"},{"$i":"tcl-customTag","$v":"काष्टम टेग"},{"$i":"customTag","$v":"काष्टम टेग","placeholder":"काष्टम टेग"},{"$i":"current","$v":"आथिखाल"},{"$i":"itemWithLabel","$v":[{"t":"idOrVar","v":"label"},", ",{"t":"idOrVar","v":"item"}]},{"$i":"airplaneMode","$v":"एयार’प्लेन मड"},{"$i":"searching","$v":"नागिरगासिनो..."},{"$i":"noNetwork","$v":"जेखन गैया"},{"$i":"roaming","$v":[{"t":"idOrVar","v":"operator"}," (रमिं)"]},{"$i":"operator-info","$v":[{"t":"idOrVar","v":"carrier"}," ",{"t":"idOrVar","v":"region"}]},{"$i":"emergencyCallsOnly","$v":"हरखाब कलफोरल’"},{"$i":"emergencyCallsOnly-unknownSIMState","$v":"(मिथिमोनै SIM state)"},{"$i":"emergencyCallsOnly-noSIM","$v":"(SIM गैया)"},{"$i":"emergencyCallsOnly-pinRequired","$v":"(SIM PIN नांगौ)"},{"$i":"emergencyCallsOnly-pukRequired","$v":"(SIM PUK नि गोनांथि जादों)"},{"$i":"emergencyCallsOnly-networkLocked","$v":"(नेटवर्क लक)"},{"$i":"emergencyCallsOnly-serviceProviderLocked","$v":"(सारभिस प्रभाइडार लक)"},{"$i":"emergencyCallsOnly-corporateLocked","$v":"(करपरेट लक)"},{"$i":"emergencyCallsOnly-network1Locked","$v":"(नेटवर्क1 लक)"},{"$i":"emergencyCallsOnly-network2Locked","$v":"(नेटवर्क2 लक)"},{"$i":"emergencyCallsOnly-hrpdNetworkLocked","$v":"(hrpd नेटवर्कखौ लक खालामनाय जादों)"},{"$i":"emergencyCallsOnly-ruimCorporateLocked","$v":"(ruim करपरेट लक)"},{"$i":"emergencyCallsOnly-ruimServiceProviderLocked","$v":"(ruim सारभिस प्रभाइडार लक)"},{"$i":"lockscreen-sim-id","$v":["सिम ",{"t":"idOrVar","v":"n"}]},{"$i":"charging-no-time","$v":[{"t":"idOrVar","v":"level"},"% चार्ज जाबाय"]},{"$i":"charging-minutes","$v":{"zero":[{"t":"idOrVar","v":"level"},"% चार्ज जाबाय (",{"t":"idOrVar","v":"minutes"}," मिनिट समा नांबावगौ आबुं चार्ज जानो)"],"one":[{"t":"idOrVar","v":"level"},"% चार्ज जाबाय (",{"t":"idOrVar","v":"minutes"}," मिनिट नांबावगौ आबुं चार्ज जाजासिम)"],"two":[{"t":"idOrVar","v":"level"},"% चार्ज जाबाय (",{"t":"idOrVar","v":"minutes"}," मिनिट समा नांबावगौ आबुं चार्ज जानो)"],"few":[{"t":"idOrVar","v":"level"},"% चार्ज जाबाय (",{"t":"idOrVar","v":"minutes"}," मिनिट समा नांबावगौ आबुं चार्ज जानो)"],"many":[{"t":"idOrVar","v":"level"},"% चार्ज जाबाय (",{"t":"idOrVar","v":"minutes"}," मिनिट समा नांबावगौ आबुं चार्ज जानो)"],"other":[{"t":"idOrVar","v":"level"},"% चार्ज जाबाय (",{"t":"idOrVar","v":"minutes"}," मिनिट समा नांबावगौ आबुं चार्ज जानो)"]},"$x":[{"t":"idOrVar","v":"plural"},"minutes"]},{"$i":"charging-hours","$v":{"zero":[{"t":"idOrVar","v":"level"},"% चार्ज जाबाय (",{"t":"idOrVar","v":"hours"},"घन्टा ",{"t":"idOrVar","v":"minutes"}," मिनिट नांबावगौ आबुं चार्ज जानो)"],"one":[{"t":"idOrVar","v":"level"},"%चार्ज जाबाय (",{"t":"idOrVar","v":"hours"},"घन्टा ",{"t":"idOrVar","v":"minutes"}," मिनिट नांबावगौ आबुं चार्ज जानो)"],"two":[{"t":"idOrVar","v":"level"},"% चार्ज जाबाय (",{"t":"idOrVar","v":"hours"},"घन्टा ",{"t":"idOrVar","v":"minutes"}," मिनिट नांबावगौ आबुं चार्ज जानो)"],"few":[{"t":"idOrVar","v":"level"},"% चार्ज जाबाय (",{"t":"idOrVar","v":"hours"},"घन्टा ",{"t":"idOrVar","v":"minutes"}," मिनिट नांबावगौ आबुं चार्ज जानो)"],"many":[{"t":"idOrVar","v":"level"},"% चार्ज जाबाय (",{"t":"idOrVar","v":"hours"},"घन्टा ",{"t":"idOrVar","v":"minutes"}," मिनिट नांबावगौ आबुं चार्ज जानो)"],"other":[{"t":"idOrVar","v":"level"},"% चार्ज जाबाय (",{"t":"idOrVar","v":"hours"},"घन्टा ",{"t":"idOrVar","v":"minutes"}," मिनिट नांबावगौ आबुं चार्ज जानो)"]},"$x":[{"t":"idOrVar","v":"plural"},"minutes"]},{"$i":"phoneNumberInput","ariaLabel":"जानबुं अनजिमा"},{"$i":"keypadDelete","ariaLabel":"दान"},{"$i":"voiceMailKey","ariaLabel":"भइसमैल खालाम"},{"$i":"asterisk","ariaLabel":"एसटेरिक"},{"$i":"hashSign","ariaLabel":"सागान दं"},{"$i":"loadingSimContacts","$v":"सिमनि जगाज'गफोरा बजाय होगासिनो"},{"$i":"noContactsWereFound","$v":"जगाज'गफोर मोनाय जायाखै"},{"$i":"noContactsFoundDialogOk","$v":"जागोन"},{"$i":"emergencyNumber","$v":"हरखाब नाम्बार"},{"$i":"callAirplaneModeMessage","$v":"कल हरनो थाखाय नोंथाङा बिरखं मडखौ सेटिंग्साव हायि खालामना लानांगोन।"},{"$i":"callAirplaneModeBtnOk","$v":"जागोन"},{"$i":"callAirplaneModeTitle","$v":"बिरखं मोद एकटिभेट खालामनाय जाबाय"},{"$i":"numberIsBusyTitle","$v":"अनजिमाया बाहायजागासिनो"},{"$i":"numberIsBusyMessage","$v":"नामबारा दायो मुखुब दङ। अन्नानै इयुनाव नाजाफिन"},{"$i":"fdnIsActiveTitle","$v":"FDN गोख्रों जाबाय"},{"$i":"fdnIsActiveMessage","$v":["FDN (Fixed Dialing Numbers) आ गोख्रों जाबाय आरो गाहायनि नाम्बारफोरा नोंनि FDN फारिलाइयाव गैया : ",{"t":"idOrVar","v":"number"}]},{"$i":"emergencyDialogBodyBadNumber","$v":"कल हरनो थाखाय नोंथाङा फनना मोनसे नेटवार्कजों फोनांजाथारनांगोन।"},{"$i":"emergencyDialogBodyDeviceNotAccepted","$v":"नांथारगौ समनि कलफोरा नेटवार्कजों गनायथि होजायाखै।"},{"$i":"emergencyDialogBtnOk","$v":"जागोन"},{"$i":"emergencyDialogTitle","$v":"जेबो नेटवार्क फोनांजाबनाय गैया"},{"$i":"invalidNumberToDialTitle","$v":"खान्थि गैयै फन अनजिमा"},{"$i":"invalidNumberToDialMessage","$v":"नोंथाङा कल हरनाय फन नामबारा उदायलिया।"},{"$i":"unableToCallTitle","$v":"दायो फन कल हरनो हायाखै"},{"$i":"unableToCallMessage","$v":"कल खालामनो हाया । नों डाइल खालामबाय थादोंब्ला, अननानै गिबियाव हें खालाम৷"},{"$i":"otherConnectionInUseTitle","$v":"गुबुन गुबुन फोनांजाबनानै बाहायदों"},{"$i":"otherConnectionInUseMessage","$v":"नोंथांहा गुबुन मोनसे फोनांजाबनायाव मोनसे सांग्रां कल दंबावो। सम मोनसेयाव नोंथाङा मोनसेल' फोनांजाबनाय बाहायनो हागोन।"},{"$i":"clear","$v":"रोखा"},{"$i":"dialer","$v":"दाइल खालामग्रा"},{"$i":"tcl-incomming-call","$v":"इनखामिं कल"},{"$i":"tcl-in-call","$v":"कल खालामनायाव"},{"$i":"tcl-answer","$v":"फिन"},{"$i":"tcl-end-answer","$v":"जोबथा आरो फिननाय"},{"$i":"tcl-decline","$v":"खम जालांनाय"},{"$i":"tcl-mute","$v":"मिउट खालाम"},{"$i":"tcl-unmute","$v":"आनमुउट"},{"$i":"tcl-speaker","$v":"स्पिकार"},{"$i":"tcl-speaker-off","$v":"स्पिकारा अप"},{"$i":"tcl-microphone-mute-notification","$v":"माइक्रप'ना सिरि"},{"$i":"tcl-microphone-active-notification","$v":"माइक्रप'ना सोलिबाय"},{"$i":"tcl-speaker-off-notification","$v":"बायजोआरि स्पिकारखौ बन्द"},{"$i":"tcl-speaker-on-notification","$v":"बायजोआरि स्पिकारखौ खुला"},{"$i":"tcl-hold-and-answer","$v":"हमना ला आरो फिननाय हर"},{"$i":"tcl-ignore-call","$v":"इनकामि कलखौ नेवसि"},{"$i":"tcl-add-to-call","$v":"Call दाजाब"},{"$i":"tcl-switch-to-second-line","$v":"Swap Call"},{"$i":"tcl-merge-calls","$v":"रुगुं सिमानि कल"},{"$i":"btnOk","$v":"जागोन"},{"$i":"losing-wifi-msg","$v":"वाइफाइ गोमानाय"},{"$i":"hd","$v":"HD"},{"$i":"manage-call","$v":"कल बुथुम"},{"$i":"end","$v":"जोबथा कल"},{"$i":"private","$v":"प्राइभेत"},{"$i":"sound","$v":"साउन्ड"},{"$i":"bluetooth-device","$v":"ब्लुटुथ डिभाइस"},{"$i":"handset-earpiece","$v":"हेन्दसेट"},{"$i":"call-ended","$v":"कल जोबनाय"},{"$i":"payphone","$v":"जानबुङाव हो"},{"$i":"contact","$v":"जगाजग खालाम"},{"$i":"volume","$v":"साउन्ड बिबां"},{"$i":"softkey-options","$v":"राहाफोर"},{"$i":"resume-call","$v":"कलखौ सोलिहोफिन"},{"$i":"switch-to-device-toast","$v":"ब्लुतुत दिभायसआव स्वित्स खालामनाय जाबाय"},{"$i":"switch-to-handset-toast","$v":"हेन्दसेत इयारपिस दिभायसआव स्वित्स खालामनाय जाबाय"},{"$i":"switch-to-speaker-toast","$v":"स्पिकाराव स्वित्स खाललामनाय जाबाय"},{"$i":"emergency-call","$v":"मोनसे इमारजेनसि कल दं।"},{"$i":"link","$v":"लिंक:"},{"$i":"call-left-conference-toast","$v":[{"t":"idOrVar","v":"number"}," आ कल हरनायखौ नागारबाय"]}]