[{"$i":"tcl-calllog-entry-removed-succ-notification","$v":"کال لاگ اندراج نکال دیا گیا"},{"$i":"tcl-calllog-entry-removed-err-notification","$v":"کال لاگ اینٹری ہٹائی نہیں جاسکتی"},{"$i":"addNewNumber","$v":"نیا نمبر شامل کریں"},{"$i":"contactDetails","$v":"رابطہ کی تفصیلات"},{"$i":"addToExistingContact","$v":"موجودہ رابطہ میں شامل کریں"},{"$i":"all","$v":"تمام","ariaLabel":"تمام"},{"$i":"bluetoothOption","$v":""},{"$i":"callLog","$v":"کال لاگ"},{"$i":"callLogEdit","title":"کال لاگ کی تدوین کریں"},{"$i":"tcl-option-menu-call-log-edit","$v":"کال لاگ کی تدوین کریں"},{"$i":"callLogEditDialog","ariaLabel":"کال لاگ ڈائلوگ کی تدوین کریں"},{"$i":"tcl-call-log-delete-group-notification","$v":[{"t":"idOrVar","v":"n"}," اندراج حذف کردیے گئے تھے"]},{"$i":"connecting","$v":"کال کرنا"},{"$i":"connectingEllipsis","$v":"مربوط کیا جا رہا ہے..."},{"$i":"call-forwarding-async","$v":["ناہَم زَمان: ",{"t":"idOrVar","v":"async"}]},{"$i":"call-forwarding-data","$v":["ڈيٹا: ",{"t":"idOrVar","v":"data"}]},{"$i":"call-forwarding-error","$v":"کال فارورڈ کرنے کی صورتحال کو بازیافت کرتے وقت نقص واقع ہوا۔"},{"$i":"call-forwarding-fax","$v":["FAX: ",{"t":"idOrVar","v":"fax"}]},{"$i":"call-forwarding-inactive","$v":"غیر فعال"},{"$i":"call-forwarding-packet","$v":["پیکیٹ: ",{"t":"idOrVar","v":"packet"}]},{"$i":"call-forwarding-pad","$v":["PAD: ",{"t":"idOrVar","v":"pad"}]},{"$i":"call-forwarding-sms","$v":["SMS: ",{"t":"idOrVar","v":"sms"}]},{"$i":"call-forwarding-status","$v":"کال فارورڈ کرنے کی صورتحال"},{"$i":"call-forwarding-sync","$v":["ہم وقتی: ",{"t":"idOrVar","v":"sync"}]},{"$i":"call-forwarding-voice","$v":["وائس: ",{"t":"idOrVar","v":"voice"}]},{"$i":"close","$v":"بند کریں"},{"$i":"confirm-deletion","$v":"منتخبہ کالز صاف کریں؟"},{"$i":"contacts","ariaLabel":"رابطے"},{"$i":"createNewContact","$v":"نیا اکاؤںٹ بنائیں"},{"$i":"delete","$v":"حذف کریں"},{"$i":"calllog-deselectAll","$v":"سبھی کو غیرمنتخب کریں"},{"$i":"dialerAddContact","$v":""},{"$i":"dialerAddContactDialog","ariaLabel":"رابطہ کی ڈائلوگ شامل کریں"},{"$i":"callInformation","$v":"کال کی معلومات"},{"$i":"edit-selected","$v":{"one":["(",{"t":"idOrVar","v":"n"},") منتخب شدہ"],"two":["(",{"t":"idOrVar","v":"n"},") منتخب شدہ"],"few":["(",{"t":"idOrVar","v":"n"},") منتخب شدہ"],"many":["(",{"t":"idOrVar","v":"n"},") منتخب شدہ"],"other":["(",{"t":"idOrVar","v":"n"},") منتخب شدہ"]},"$x":[{"t":"idOrVar","v":"plural"},"n"]},{"$i":"tcl-edit-not-selected","$v":"(0) منتخب شدہ"},{"$i":"edit","$v":"ترمیم کریں"},{"$i":"hideKeypad","ariaLabel":"کی پیڈ چھپائیں"},{"$i":"ignore","$v":""},{"$i":"incoming","$v":"آنے والی"},{"$i":"keypad","ariaLabel":"کی پیڈ"},{"$i":"makeCall","$v":""},{"$i":"merge","$v":""},{"$i":"info-missed","$v":"فوت شدہ"},{"$i":"missed","$v":"فوت شدہ","ariaLabel":"فوت شدہ"},{"$i":"dialed","$v":"ڈائل کردہ"},{"$i":"received","$v":"موصول"},{"$i":"canceled","$v":"منسوخ کر دی گئی"},{"$i":"missedCall","$v":"فوت شدہ کال"},{"$i":"missedCallMultiSims","$v":["(سم ",{"t":"idOrVar","v":"n"},") فوت شدہ کال"]},{"$i":"mmi-error","$v":"پیغام بھیجتے وقت ایک نقص واقع ہوا۔"},{"$i":"mmi-session-expired","$v":"سیشن ختم ہوگیا"},{"$i":"mmi-successfully-sent","$v":"پیغامات کامیابی کے ساتھ بھیجا گیا"},{"$i":"mmi-notification-title-with-sim","$v":["(",{"t":"idOrVar","v":"sim"},") ",{"t":"idOrVar","v":"title"}]},{"$i":"mute","$v":""},{"$i":"newCall","$v":""},{"$i":"no-logs-msg-1","$v":"کوئی کالز ریکارڈ نہیں کیا گيا"},{"$i":"no-logs-msg-2","$v":"ابھی مواصلت شروع کریں"},{"$i":"no-logs-msg-3","$v":"کوئی کالز ریکارڈ نہیں کیا گيا"},{"$i":"no-logs-msg-4","$v":"ابھی مواصلت شروع کریں"},{"$i":"onHoldOption","$v":""},{"$i":"outgoing","$v":"باہر جانے والی"},{"$i":"recents","ariaLabel":"حالیہ کالز"},{"$i":"reply","$v":"جواب دیں"},{"$i":"calllog-selectAll","$v":"تمام منتخب کریں"},{"$i":"send","$v":"بھیجیں"},{"$i":"switch-calls","$v":"کالز سوئچ کریں"},{"$i":"today","$v":"آج"},{"$i":"withheld-number","$v":"نامعلوم"},{"$i":"from-contact","$v":[{"t":"idOrVar","v":"contact"}," سے"]},{"$i":"from-number","$v":[{"t":"idOrVar","v":"number"}," سے"]},{"$i":"from-withheld-number","$v":"نامعلوم نمبر سے"},{"$i":"yesterday","$v":"گزشتہ کل"},{"$i":"sending","$v":"بھیج رہا ہے…"},{"$i":"speakerOption","$v":""},{"$i":"ussd-services","$v":[{"t":"idOrVar","v":"operator"}," سروس"]},{"$i":"toggleKeypad","$v":""},{"$i":"type-your-response","placeholder":"اپنا جواب ٹائپ کریں…"},{"$i":"clear-all-text","$v":"سبھی متن صاف کریں"},{"$i":"hide","$v":"چھپائیں"},{"$i":"call","$v":"کال کریں"},{"$i":"hold","$v":"پکڑیں"},{"$i":"resume","$v":"دوبارہ شروع کریں","ariaLabel":"دوبارہ شروع کریں"},{"$i":"sendSms","$v":"پیغام بھیجیں"},{"$i":"callEnded","$v":"کال ختم ہوا"},{"$i":"via-sim","$v":["بذریعہ سم",{"t":"idOrVar","v":"n"}]},{"$i":"sim-number","$v":["سم",{"t":"idOrVar","v":"n"}]},{"$i":"unknown","$v":"نامعلوم"},{"$i":"cancel","$v":"منسوخ کریں"},{"$i":"hangup-a11y-button","$v":""},{"$i":"pickup-a11y-button","$v":""},{"$i":"unlock-a11y-button","ariaLabel":"سلائیڈر"},{"$i":"settings","$v":"ترتیبات"},{"$i":"tcl-delete-log","$v":"کیا آپ یقیناً کال لاگ سے منتخبہ اندراجات حذف کرنا چاہتے ہیں؟"},{"$i":"delete-n-log?","$v":{"zero":"منتخب کچھ بھی نہیں","one":"منتخبہ لاگ کو حذف کریں؟","two":[{"t":"idOrVar","v":"n"}," لاگز حذف کریں؟"],"few":[{"t":"idOrVar","v":"n"}," لاگز حذف کریں؟"],"many":[{"t":"idOrVar","v":"n"}," لاگز حذف کریں؟"],"other":[{"t":"idOrVar","v":"n"}," لاگز حذف کریں؟"]},"$x":[{"t":"idOrVar","v":"plural"},"n"]},{"$i":"composeEmail","ariaLabel":"ای میل"},{"$i":"emailDetail","ariaLabel":"ای میل"},{"$i":"phoneDetail","ariaLabel":"فون"},{"$i":"send-sms-button","ariaLabel":"SMS"},{"$i":"separator","$v":","},{"$i":"callDurationMinutes","$v":[{"t":"idOrVar","v":"m"},":",{"t":"idOrVar","v":"s"}]},{"$i":"callDurationHours","$v":[{"t":"idOrVar","v":"h"},":",{"t":"idOrVar","v":"m"},":",{"t":"idOrVar","v":"s"}]},{"$i":"callDurationTextFormatSeconds","$v":[{"t":"idOrVar","v":"s"}," سیکنڈ"]},{"$i":"callDurationTextFormatMinutes","$v":[{"t":"idOrVar","v":"m"}," منٹ ",{"t":"idOrVar","v":"s"}," سیکنڈ"]},{"$i":"callDurationTextFormatHours","$v":[{"t":"idOrVar","v":"h"}," گھنٹہ ",{"t":"idOrVar","v":"m"}," منٹ ",{"t":"idOrVar","v":"s"}," سیکنڈ"]},{"$i":"suggestionMatches","$v":{"one":["\"",{"t":"idOrVar","v":"matchNumber"},"\" کیلئے ",{"t":"idOrVar","v":"n"}," میچ"],"two":["\"",{"t":"idOrVar","v":"matchNumber"},"\" کیلئے ",{"t":"idOrVar","v":"n"}," میچ"],"few":["\"",{"t":"idOrVar","v":"matchNumber"},"\" کیلئے ",{"t":"idOrVar","v":"n"}," میچ"],"many":["\"",{"t":"idOrVar","v":"matchNumber"},"\" کیلئے ",{"t":"idOrVar","v":"n"}," میچ"],"other":["\"",{"t":"idOrVar","v":"matchNumber"},"\" کیلئے ",{"t":"idOrVar","v":"n"}," میچ"]},"$x":[{"t":"idOrVar","v":"plural"},"n"]},{"$i":"scCallBarring","$v":"کال بارنگ"},{"$i":"scCallForwarding","$v":"کال فارورڈ کرنا"},{"$i":"scClip","$v":"‏ان کمنگ کالر ID"},{"$i":"scClir","$v":"‏آؤٹ گوئنگ کالر ID"},{"$i":"scPwd","$v":"پاس ورڈ میں تبدیلی"},{"$i":"scCallWaiting","$v":"کال منتظر"},{"$i":"scPin","$v":"‏PIN میں تبدیلی"},{"$i":"scPin2","$v":"PIN2 تبدیل"},{"$i":"scPuk","$v":"ان بلاک PIN"},{"$i":"scPuk2","$v":"ان بلاک PIN2"},{"$i":"scImei","$v":"IMEI"},{"$i":"scMeid","$v":"MEID"},{"$i":"scUssd","$v":"USSD"},{"$i":"serviceClassVoice","$v":"آواز"},{"$i":"serviceClassData","$v":"ڈیٹا"},{"$i":"serviceClassFax","$v":"FAX"},{"$i":"serviceClassSms","$v":"SMS"},{"$i":"serviceClassDataSync","$v":"مطابقت پذیری کریں"},{"$i":"serviceClassDataAsync","$v":"Async"},{"$i":"serviceClassPacket","$v":"پیکٹ"},{"$i":"serviceClassPad","$v":"PAD"},{"$i":"smServiceEnabled","$v":"سروس فعال شدہ تھی"},{"$i":"smServiceDisabled","$v":"سروس غیر فعال کردی گئی ہے"},{"$i":"smServiceRegistered","$v":"رجسٹریشن کامیاب تھا"},{"$i":"smServiceErased","$v":"حذف کرنا کامیاب رہا"},{"$i":"smServiceInterrogated","$v":"درخواست ناکام ہوئی تھی"},{"$i":"smServiceNotProvisioned","$v":"سروس فراہم نہیں کی گئی"},{"$i":"smClirPermanent","$v":"آپ کالر آئی ڈی سیٹنگ تبدیل نہیں کر سکتے ہیں"},{"$i":"smClirDefaultOnNextCallOn","$v":"کالر ID ڈیفالٹس محدود کرنا۔ اگلی کال: محدود"},{"$i":"smClirDefaultOnNextCallOff","$v":"کالر ID ڈیفالٹس محدود کرنا۔ اگلی کال: محدود نہیں"},{"$i":"smClirDefaultOffNextCallOn","$v":"کالر ID ڈیفالٹس محدود نہ کرنا۔ اگلی کال: محدود"},{"$i":"smClirDefaultOffNextCallOff","$v":"کالر ID ڈیفالٹس محدود نہ کرنا۔ اگلی کال: محدود نہیں"},{"$i":"smServiceEnabledFor","$v":"سروس فعال کی گئی برائے:"},{"$i":"smPinChanged","$v":"PIN کامیابی کے ساتھ تبدیل ہوگئی"},{"$i":"smPinUnblocked","$v":"PIN کامیابی کے ساتھ انبلاک ہوگئی"},{"$i":"smPin2Changed","$v":"PIN2 کامیابی کے ساتھ تبدیل ہوگئی"},{"$i":"smPin2Unblocked","$v":"PIN2 کامیابی کے ساتھ ان بلاک ہوگئی"},{"$i":"ServiceIsEnabled","$v":"سروس فعال ہے"},{"$i":"ServiceIsDisabled","$v":"سروس غیر فعال ہے"},{"$i":"ServiceIsEnabledFor","$v":"سروس فعال ہے برائے:"},{"$i":"emMmiError","$v":"کنیکشن کا نقص یا غیر مجاز MMI کوڈ"},{"$i":"emMmiErrorPasswordIncorrect","$v":"غلط پاس ورڈ"},{"$i":"emMmiErrorNotSupported","$v":"غیر مجاز یا غیر تائید یافتہ MMI کوڈ"},{"$i":"emMmiErrorInvalidAction","$v":"غیر مجاز عمل"},{"$i":"emMmiErrorInvalidScCode","$v":"غیر مجاز سروس کوڈ"},{"$i":"emMmiErrorBadPuk","$v":"آپ نے جو PUK ٹائپ کی ہے وہ غلط ہے"},{"$i":"emMmiErrorBadPin","$v":"آپ نے جو پرانی PIN ٹائپ کی ہے وہ غلط ہے۔"},{"$i":"emMmiErrorNeedPuk2","$v":"سم کارڈ کو ان بلاک کرنے کیلئے PUK2 ٹائپ کریں"},{"$i":"emMmiErrorMismatchPin","$v":"آپ نے جو PINs ٹائپ کی ہیں وہ میل نہیں کھاتی"},{"$i":"emMmiErrorInvalidPin","$v":"PIN ٹائپ کریں جو 4 سے 8 اعداد پر مشتمل ہو"},{"$i":"emMmiErrorNeedsPuk","$v":"آپ کا سم کارڈ PUK لاک ہوگیا ہے"},{"$i":"emMmiErrorEnablePin","$v":"ناکامیاب۔ SIM/RUIM LOCK فعال کریں"},{"$i":"emMmiErrorMmiFdn","$v":"آپریشن صرف طئے شدہ ڈائلنگ نمبرز کیلئے محدود ہے"},{"$i":"emMmiErrorStkCcUssdDial","$v":"‏USSD درخواست میں ترمیم کر کے DIAL درخواست بنا دی گئی ہے۔"},{"$i":"emMmiErrorStkCcUssdSs","$v":"‏USSD درخواست میں ترمیم کر کے SS درخواست بنا دی گئی ہے۔"},{"$i":"emMmiErrorStkCcUssdUssd","$v":"‏USSD درخواست میں ترمیم کر کے نئی USSD درخواست بنا دی گئی ہے۔"},{"$i":"emMmiErrorStkCcSsDial","$v":"SS کی درخواست کی ڈائل کی درخواست میں ترمیم کر دی گئی ہے"},{"$i":"emMmiErrorStkCcSsUssd","$v":"‏SS درخواست میں ترمیم کر کے USSD درخواست بنا دی گئی ہے۔"},{"$i":"emMmiErrorStkCcSsSs","$v":"SS کی درخواست کی نئی SS کی درخواست میں ترمیم کر دی گئی ہے"},{"$i":"emMmiErrorPinPukAttempts","$v":{"one":["صرف ",{"t":"idOrVar","v":"n"}," کوشش باقی ہے"],"two":[{"t":"idOrVar","v":"n"}," کوششیں باقی ہے"],"few":[{"t":"idOrVar","v":"n"}," کوششیں باقی ہے"],"many":[{"t":"idOrVar","v":"n"}," کوششیں باقی ہے"],"other":[{"t":"idOrVar","v":"n"}," کوششیں باقی ہے"]},"$x":[{"t":"idOrVar","v":"plural"},"n"]},{"$i":"emMmiErrorSimBlocked","$v":"دوبارہ کوشش کرنے کے زیادہ سے زیادہ مواقع سے تجاوز کر گیا۔ سم بلاک ہوگیا۔"},{"$i":"RadioNotAvailable","$v":"ریڈیو دستیاب نہیں ہے"},{"$i":"GenericFailure","$v":"کلی ناکامی"},{"$i":"PasswordIncorrect","$v":"پاس ورڈ غلط ہے"},{"$i":"SimPin2","$v":"سم پن2"},{"$i":"SimPuk2","$v":"سم PUK2"},{"$i":"RequestNotSupported","$v":"درخواست تعاون یافتہ نہیں ہے"},{"$i":"OpNotAllowedDuringVoiceCall","$v":"وائس کال کے دوران آپریشن کی اجازت نہیں ہے"},{"$i":"SmsSendFailRetry","$v":"SMS بھیجنا ناکام دوبارہ کوشش کریں"},{"$i":"SimAbsent","$v":"سم غیر حاضر"},{"$i":"SubscriptionNotAvailable","$v":"سبسکرپشن دستیاب نہیں ہے"},{"$i":"ModeNotSupported","$v":"موڈ تعاون نہیں کرتا"},{"$i":"FdnCheckFailure","$v":"Fdn کی ناکامی"},{"$i":"IllegalSimOrMe","$v":"غیر قانونی سم یا ME"},{"$i":"DialModifiedToUssd","$v":"ڈائل کی USSD پر ترمیم کی گئی"},{"$i":"DialModifiedToSs","$v":"ڈائل کی SS پر ترمیم کی گئی"},{"$i":"DialModifiedToDial","$v":"ڈائل کی ڈائل پر ترمیم کی گئی"},{"$i":"UssdModifiedToDial","$v":"USSD کی ڈائل میں تریم کردی گئی"},{"$i":"UssdModifiedToSs","$v":"USSD کی SS میں تریم کردی گئی"},{"$i":"UssdModifiedToUssd","$v":"USSD کی USSD میں تریم کردی گئی"},{"$i":"SsModifiedToDial","$v":"SS کی ڈائل میں تریم کردی گئی"},{"$i":"SsModifiedToUssd","$v":"SS کی USSD میں تریم کردی گئی"},{"$i":"SsModifiedToSs","$v":"SS کی SS میں تریم کردی گئی"},{"$i":"SubscriptionNotSupported","$v":"سبسکرپشن تعاون یافتہ نہیں ہے"},{"$i":"InvalidParameter","$v":"غلط پیمانہ"},{"$i":"RejectedByRemote","$v":"ریموٹ کے ذریعے مسترد کیا گیا"},{"$i":"conferenceCall","$v":["کانفرنس (",{"t":"idOrVar","v":"n"},")"]},{"$i":"caller-left-call","$v":[{"t":"idOrVar","v":"caller"}," نے کال چھوڑ دیا۔"]},{"$i":"conferenceAddError","$v":"کالز ضم کرنے سے قاصر"},{"$i":"conferenceRemoveError","$v":"کالز علحدہ کرنے سے قاصر"},{"$i":"longDateFormat","$v":"%A, %B %e"},{"$i":"select-audio-sources","$v":"آڈیو سورس منتخب کریں"},{"$i":"bluetooth-handsfree-device","$v":"بلوٹوتھ ہینڈز فری آلہ"},{"$i":"receiver","$v":"وصول کنندہ"},{"$i":"speaker","$v":"اسپیکر"},{"$i":"tcl-cancel","$v":"منسوخ کریں"},{"$i":"tcl-dialer","$v":"ڈائلر"},{"$i":"tcl-confirmation","$v":"توثیق کاری"},{"$i":"log-item","$v":"اختیارات"},{"$i":"tcl-assign-speed-dial","$v":{"$o":["رابطہ کو بٹن \"",{"t":"idOrVar","v":"speedDial"},"\" پر بطور تیز ڈائل شامل نہیں کیا گیا تھا۔ <br><br>ابھی تفویض کریں؟"]}},{"$i":"tcl-assign","$v":"تفویض کریں"},{"$i":"select","$v":"منتخب کریں"},{"$i":"deselect","$v":"غیر منتخب کریں"},{"$i":"view-all","$v":"سبھی دیکھیں"},{"$i":"search-results","$v":"تلاش کے نتائج"},{"$i":"no-recent-numbers","$v":"ڈائل کرنے کیلئے کال لاگز میں کوئی حالیہ نمبرات موجود نہیں ہے۔"},{"$i":"wifi-calling","$v":"WiFi کالنگ"},{"$i":"dialer-prompt","$v":"نمبر ڈائل کریں یا کال میں شامل کرنے کیلئے رابطہ منتخب کریں"},{"$i":"hours","$v":"گھنٹے"},{"$i":"minutes","$v":"منٹس"},{"$i":"seconds","$v":"سیکنڈز"},{"$i":"voiceMail","$v":"صوتی میل"},{"$i":"weekday-0-long","$v":"اتوار"},{"$i":"weekday-1-long","$v":"پیر"},{"$i":"weekday-2-long","$v":"منگل"},{"$i":"weekday-3-long","$v":"بدھ"},{"$i":"weekday-4-long","$v":"جمعرات"},{"$i":"weekday-5-long","$v":"جمعہ"},{"$i":"weekday-6-long","$v":"سنیچر"},{"$i":"weekday-0-short","$v":"اتوار"},{"$i":"weekday-1-short","$v":"پیر"},{"$i":"weekday-2-short","$v":"منگل"},{"$i":"weekday-3-short","$v":"بدھ"},{"$i":"weekday-4-short","$v":"جمعرات"},{"$i":"weekday-5-short","$v":"جمعہ"},{"$i":"weekday-6-short","$v":"ہفتہ"},{"$i":"month-0-long","$v":"جنوری"},{"$i":"month-1-long","$v":"فروری"},{"$i":"month-2-long","$v":"مارچ"},{"$i":"month-3-long","$v":"اپریل"},{"$i":"month-4-long","$v":"مئی"},{"$i":"month-5-long","$v":"جون"},{"$i":"month-6-long","$v":"جولائی"},{"$i":"month-7-long","$v":"اگست"},{"$i":"month-8-long","$v":"ستمبر"},{"$i":"month-9-long","$v":"اکتوبر"},{"$i":"month-10-long","$v":"نومبر"},{"$i":"month-11-long","$v":"دسمبر"},{"$i":"month-0-genitive","$v":"جنوری"},{"$i":"month-1-genitive","$v":"فروری"},{"$i":"month-2-genitive","$v":"مارچ"},{"$i":"month-3-genitive","$v":"اپریل"},{"$i":"month-4-genitive","$v":"مئی"},{"$i":"month-5-genitive","$v":"جون"},{"$i":"month-6-genitive","$v":"جولائی"},{"$i":"month-7-genitive","$v":"اگست"},{"$i":"month-8-genitive","$v":"ستمبر"},{"$i":"month-9-genitive","$v":"اکتوبر"},{"$i":"month-10-genitive","$v":"نومبر"},{"$i":"month-11-genitive","$v":"دسمبر"},{"$i":"month-0-short","$v":"جنوری"},{"$i":"month-1-short","$v":"فروری"},{"$i":"month-2-short","$v":"مارچ"},{"$i":"month-3-short","$v":"اپریل"},{"$i":"month-4-short","$v":"مئی"},{"$i":"month-5-short","$v":"جون"},{"$i":"month-6-short","$v":"جولائی"},{"$i":"month-7-short","$v":"اگست"},{"$i":"month-8-short","$v":"ستمبر"},{"$i":"month-9-short","$v":"اکتوبر"},{"$i":"month-10-short","$v":"نومبر"},{"$i":"month-11-short","$v":"دسمبر"},{"$i":"minutes-ago-long","$v":{"zero":"ابھی ابھی","one":"ایک منٹ قبل","two":[{"t":"idOrVar","v":"value"}," منٹس قبل"],"few":[{"t":"idOrVar","v":"value"}," منٹس قبل"],"many":[{"t":"idOrVar","v":"value"}," منٹس قبل"],"other":[{"t":"idOrVar","v":"value"}," منٹس قبل"]},"$x":[{"t":"idOrVar","v":"plural"},"value"]},{"$i":"hours-ago-long","$v":{"zero":"ابھی ابھی","one":"ایک گھنٹہ قبل","two":[{"t":"idOrVar","v":"value"}," گھنٹوں قبل"],"few":[{"t":"idOrVar","v":"value"}," گھنٹوں قبل"],"many":[{"t":"idOrVar","v":"value"}," گھنٹوں قبل"],"other":[{"t":"idOrVar","v":"value"}," گھنٹوں قبل"]},"$x":[{"t":"idOrVar","v":"plural"},"value"]},{"$i":"days-ago-long","$v":{"zero":"آج","one":"گزشتہ کل","two":[{"t":"idOrVar","v":"value"}," دن قبل"],"few":[{"t":"idOrVar","v":"value"}," دن قبل"],"many":[{"t":"idOrVar","v":"value"}," دن قبل"],"other":[{"t":"idOrVar","v":"value"}," دن قبل"]},"$x":[{"t":"idOrVar","v":"plural"},"value"]},{"$i":"weeks-ago-long","$v":{"zero":"اس ہفتہ","one":"آخری ہفتہ","two":[{"t":"idOrVar","v":"value"}," ہفتے قبل"],"few":[{"t":"idOrVar","v":"value"}," ہفتے قبل"],"many":[{"t":"idOrVar","v":"value"}," ہفتے قبل"],"other":[{"t":"idOrVar","v":"value"}," ہفتے قبل"]},"$x":[{"t":"idOrVar","v":"plural"},"value"]},{"$i":"months-ago-long","$v":{"zero":"اس ماہ","one":"آخری مہینہ","two":[{"t":"idOrVar","v":"value"}," مہینہ قبل"],"few":[{"t":"idOrVar","v":"value"}," مہینہ قبل"],"many":[{"t":"idOrVar","v":"value"}," مہینہ قبل"],"other":[{"t":"idOrVar","v":"value"}," مہینہ قبل"]},"$x":[{"t":"idOrVar","v":"plural"},"value"]},{"$i":"years-ago-long","$v":{"zero":"اس سال","one":"آخری سال","two":[{"t":"idOrVar","v":"value"}," سال قبل"],"few":[{"t":"idOrVar","v":"value"}," سال قبل"],"many":[{"t":"idOrVar","v":"value"}," سال قبل"],"other":[{"t":"idOrVar","v":"value"}," سال قبل"]},"$x":[{"t":"idOrVar","v":"plural"},"value"]},{"$i":"minutes-until-long","$v":{"zero":"ابھی","one":"ایک منٹ میں","two":[{"t":"idOrVar","v":"value"}," منٹوں میں"],"few":[{"t":"idOrVar","v":"value"}," منٹوں میں"],"many":[{"t":"idOrVar","v":"value"}," منٹوں میں"],"other":[{"t":"idOrVar","v":"value"}," منٹوں میں"]},"$x":[{"t":"idOrVar","v":"plural"},"value"]},{"$i":"hours-until-long","$v":{"zero":"ابھی","one":"ایک گھٹے میں","two":[{"t":"idOrVar","v":"value"}," گھنٹوں میں"],"few":[{"t":"idOrVar","v":"value"}," گھنٹوں میں"],"many":[{"t":"idOrVar","v":"value"}," گھنٹوں میں"],"other":[{"t":"idOrVar","v":"value"}," گھنٹوں میں"]},"$x":[{"t":"idOrVar","v":"plural"},"value"]},{"$i":"days-until-long","$v":{"zero":"آج","one":"tomorrow","two":[{"t":"idOrVar","v":"value"}," دنوں میں"],"few":[{"t":"idOrVar","v":"value"}," دنوں میں"],"many":[{"t":"idOrVar","v":"value"}," دنوں میں"],"other":[{"t":"idOrVar","v":"value"}," دنوں میں"]},"$x":[{"t":"idOrVar","v":"plural"},"value"]},{"$i":"weeks-until-long","$v":{"zero":"اس ہفتہ","one":"اگلے ہفتے","two":[{"t":"idOrVar","v":"value"}," ہفتوں میں"],"few":[{"t":"idOrVar","v":"value"}," ہفتوں میں"],"many":[{"t":"idOrVar","v":"value"}," ہفتوں میں"],"other":[{"t":"idOrVar","v":"value"}," ہفتوں میں"]},"$x":[{"t":"idOrVar","v":"plural"},"value"]},{"$i":"months-until-long","$v":{"zero":"اس ماہ","one":"اگلے ماہ","two":[{"t":"idOrVar","v":"value"}," مہینوں میں"],"few":[{"t":"idOrVar","v":"value"}," مہینوں میں"],"many":[{"t":"idOrVar","v":"value"}," مہینوں میں"],"other":[{"t":"idOrVar","v":"value"}," مہینوں میں"]},"$x":[{"t":"idOrVar","v":"plural"},"value"]},{"$i":"years-until-long","$v":{"zero":"اس سال","one":"اگلے سال","two":[{"t":"idOrVar","v":"value"}," سالوں میں"],"few":[{"t":"idOrVar","v":"value"}," سالوں میں"],"many":[{"t":"idOrVar","v":"value"}," سالوں میں"],"other":[{"t":"idOrVar","v":"value"}," سالوں میں"]},"$x":[{"t":"idOrVar","v":"plural"},"value"]},{"$i":"minutes-ago-short","$v":{"zero":"ابھی ابھی","other":[{"t":"idOrVar","v":"value"}," منٹ قبل"]},"$x":[{"t":"idOrVar","v":"plural"},"value"]},{"$i":"hours-ago-short","$v":{"zero":"ابھی ابھی","other":[{"t":"idOrVar","v":"value"}," گھنٹہ قبل"]},"$x":[{"t":"idOrVar","v":"plural"},"value"]},{"$i":"days-ago-short","$v":{"zero":"آج","other":[{"t":"idOrVar","v":"value"}," دن قبل"]},"$x":[{"t":"idOrVar","v":"plural"},"value"]},{"$i":"minutes-until-short","$v":{"zero":"ابھی","other":[{"t":"idOrVar","v":"value"}," منٹ میں"]},"$x":[{"t":"idOrVar","v":"plural"},"value"]},{"$i":"hours-until-short","$v":{"zero":"ابھی","other":[{"t":"idOrVar","v":"value"}," گھنٹے میں"]},"$x":[{"t":"idOrVar","v":"plural"},"value"]},{"$i":"days-until-short","$v":{"zero":"آج","other":[{"t":"idOrVar","v":"value"}," دن میں"]},"$x":[{"t":"idOrVar","v":"plural"},"value"]},{"$i":"incorrectDate","$v":"(غلط تاریخ)"},{"$i":"dateTimeFormat_%c","$v":"%a %b %e %Y %I:%M:%S %p"},{"$i":"dateTimeFormat_%x","$v":"%m/%d/%Y"},{"$i":"dateTimeFormat_%X","$v":"%I:%M:%S %p"},{"$i":"shortTimeFormat","$v":"%I:%M %p"},{"$i":"shortTimeFormat12","$v":"%I:%M %p"},{"$i":"shortTimeFormat24","$v":"%H:%M"},{"$i":"shortDateTimeFormat","$v":"%x %I:%M %p"},{"$i":"weekStartsOnMonday","$v":"0"},{"$i":"firstDayOfTheWeek","$v":"0"},{"$i":"time_am","$v":"AM"},{"$i":"time_pm","$v":"PM"},{"$i":"label","$v":"لیبل"},{"$i":"mobile","$v":"موبائل"},{"$i":"home","$v":"گھر"},{"$i":"work","$v":"دفتر"},{"$i":"personal","$v":"ذاتی"},{"$i":"faxHome","$v":"فیکس ہوم"},{"$i":"faxOffice","$v":"فیکس آفیس"},{"$i":"faxOther","$v":"فیکس دیگر"},{"$i":"another","$v":"دیگر"},{"$i":"other","$v":"دیگر"},{"$i":"tcl-customTag","$v":"کسٹم ٹيگ"},{"$i":"customTag","$v":"کسٹم ٹيگ","placeholder":"کسٹم ٹيگ"},{"$i":"current","$v":"موجودہ"},{"$i":"itemWithLabel","$v":[{"t":"idOrVar","v":"label"},", ",{"t":"idOrVar","v":"item"}]},{"$i":"airplaneMode","$v":"ایئر پلین موڈ"},{"$i":"searching","$v":"تلاش کر رہا ہے…"},{"$i":"noNetwork","$v":"کوئی نیٹ ورک نہیں"},{"$i":"roaming","$v":[{"t":"idOrVar","v":"operator"}," (رومنگ)"]},{"$i":"operator-info","$v":[{"t":"idOrVar","v":"carrier"}," ",{"t":"idOrVar","v":"region"}]},{"$i":"emergencyCallsOnly","$v":"صرف ہنگامی کالز"},{"$i":"emergencyCallsOnly-unknownSIMState","$v":"(سم کی نامعلوم صورتحال)"},{"$i":"emergencyCallsOnly-noSIM","$v":"(کوئی سم نہیں)"},{"$i":"emergencyCallsOnly-pinRequired","$v":"(سم پن درکار ہے)"},{"$i":"emergencyCallsOnly-pukRequired","$v":"(سم پی یو کے درکار)"},{"$i":"emergencyCallsOnly-networkLocked","$v":"(نیٹ ورک لاک شدہ)"},{"$i":"emergencyCallsOnly-serviceProviderLocked","$v":"(سروس فراہم کنندہ بند کر دیا گیا ہے)"},{"$i":"emergencyCallsOnly-corporateLocked","$v":"(کارپوریٹ لاک شدہ)"},{"$i":"emergencyCallsOnly-network1Locked","$v":"(نیٹ ورک1 لاک شدہ)"},{"$i":"emergencyCallsOnly-network2Locked","$v":"(نیٹ ورک2 لاک شدہ)"},{"$i":"emergencyCallsOnly-hrpdNetworkLocked","$v":"(ایچ آر پی ڈی نیٹ ورک لاک شدہ)"},{"$i":"emergencyCallsOnly-ruimCorporateLocked","$v":"(ruim کارپوریٹ لاک شدہ)"},{"$i":"emergencyCallsOnly-ruimServiceProviderLocked","$v":"(ruim خدمت فراہم کنندہ لاک شدہ)"},{"$i":"lockscreen-sim-id","$v":["سم ",{"t":"idOrVar","v":"n"}]},{"$i":"charging-no-time","$v":[{"t":"idOrVar","v":"level"},"% چارج ہوگیا"]},{"$i":"charging-minutes","$v":{"zero":[{"t":"idOrVar","v":"level"},"% چارج ہوا (مکمل چارج ہونے کیلئے ",{"t":"idOrVar","v":"minutes"}," منٹس)"],"one":[{"t":"idOrVar","v":"level"},"% چارج ہوا (مکمل چارج ہونے کیلئے ",{"t":"idOrVar","v":"minutes"}," منٹ)"],"two":[{"t":"idOrVar","v":"level"},"% چارج ہوا (مکمل چارج ہونے کیلئے ",{"t":"idOrVar","v":"minutes"}," منٹس)"],"few":[{"t":"idOrVar","v":"level"},"% چارج ہوا (مکمل چارج ہونے کیلئے ",{"t":"idOrVar","v":"minutes"}," منٹس)"],"many":[{"t":"idOrVar","v":"level"},"% چارج ہوا (مکمل چارج ہونے کیلئے ",{"t":"idOrVar","v":"minutes"}," منٹس)"],"other":[{"t":"idOrVar","v":"level"},"% چارج ہوا (مکمل چارج ہونے کیلئے ",{"t":"idOrVar","v":"minutes"}," منٹس)"]},"$x":[{"t":"idOrVar","v":"plural"},"minutes"]},{"$i":"charging-hours","$v":{"zero":[{"t":"idOrVar","v":"level"},"% چارج ہوا (مکمل چارج ہونے کیلئے ",{"t":"idOrVar","v":"hours"}," گھنٹے ",{"t":"idOrVar","v":"minutes"}," منٹس)"],"one":[{"t":"idOrVar","v":"level"},"% چارج ہوا (مکمل چارج ہونے کیلئے ",{"t":"idOrVar","v":"hours"}," گھنٹے ",{"t":"idOrVar","v":"minutes"}," منٹ)"],"two":[{"t":"idOrVar","v":"level"},"% چارج ہوا (مکمل چارج ہونے کیلئے ",{"t":"idOrVar","v":"hours"}," گھنٹے ",{"t":"idOrVar","v":"minutes"}," منٹس)"],"few":[{"t":"idOrVar","v":"level"},"% چارج ہوا (مکمل چارج ہونے کیلئے ",{"t":"idOrVar","v":"hours"}," گھنٹے ",{"t":"idOrVar","v":"minutes"}," منٹس)"],"many":[{"t":"idOrVar","v":"level"},"% چارج ہوا (مکمل چارج ہونے کیلئے ",{"t":"idOrVar","v":"hours"}," گھنٹے ",{"t":"idOrVar","v":"minutes"}," منٹس)"],"other":[{"t":"idOrVar","v":"level"},"% چارج ہوا (مکمل چارج ہونے کیلئے ",{"t":"idOrVar","v":"hours"}," گھنٹے ",{"t":"idOrVar","v":"minutes"}," منٹس)"]},"$x":[{"t":"idOrVar","v":"plural"},"minutes"]},{"$i":"phoneNumberInput","ariaLabel":"فون نمبر"},{"$i":"keypadDelete","ariaLabel":"حذف کریں"},{"$i":"voiceMailKey","ariaLabel":"صوتی میل"},{"$i":"asterisk","ariaLabel":"ستارہ کا نشان"},{"$i":"hashSign","ariaLabel":"ہیش سائن"},{"$i":"loadingSimContacts","$v":"سم کارڈ کے روابط لوڈ ہورہے ہیں…"},{"$i":"noContactsWereFound","$v":"کوئی روابط نہیں ملے تھے"},{"$i":"noContactsFoundDialogOk","$v":"ٹھیک ہے"},{"$i":"emergencyNumber","$v":"ہنگامی نمبر"},{"$i":"callAirplaneModeMessage","$v":"کال کرنے کیلئے آپ کو سیٹنگز میں ہوائی جہاز موڈ غیر فعال کرنے کی ضرورت ہوگی۔"},{"$i":"callAirplaneModeBtnOk","$v":"ٹھیک ہے"},{"$i":"callAirplaneModeTitle","$v":"ایئر پلین موڈ فعال شدہ"},{"$i":"numberIsBusyTitle","$v":"نمبر مصروف ہے"},{"$i":"numberIsBusyMessage","$v":"نمبر فی الحال مصروف ہے۔ براہ کرم بعد ازاں دوبارہ کوشش کریں۔"},{"$i":"fdnIsActiveTitle","$v":"FDN فعال"},{"$i":"fdnIsActiveMessage","$v":["FDN (فکسڈ ڈائلنگ نمبرز) فعال شدہ ہے اور مندرجہ ذیل نمبر آپ کی FDN فہرست میں نہیں ہے: ",{"t":"idOrVar","v":"number"}]},{"$i":"emergencyDialogBodyBadNumber","$v":"کال کرنے کیلئے، فون کو نیٹ ورک سے جڑا ہونا ضروری ہے۔"},{"$i":"emergencyDialogBodyDeviceNotAccepted","$v":"ہنگامی کالز نیٹ ورک کے ذریعے اجازت یافتہ نہیں ہے۔"},{"$i":"emergencyDialogBtnOk","$v":"ٹھیک ہے"},{"$i":"emergencyDialogTitle","$v":"کوئی نیٹ ورک کنکشن نہیں"},{"$i":"invalidNumberToDialTitle","$v":"غیر مجاز فون نمبر"},{"$i":"invalidNumberToDialMessage","$v":"آپ جس نمبر پر کال کررہے ہیں وہ غلط ہے۔"},{"$i":"unableToCallTitle","$v":"ابھی فون کال کرنے سے قاصر"},{"$i":"unableToCallMessage","$v":"کال نہیں کیا جاسکتا۔ اگر آپ پہلے سے ڈاؤن لوڈ کررہے ہیں، تو براہ کرم پہلے فون کاٹ دیں۔"},{"$i":"otherConnectionInUseTitle","$v":"دوسرا کنیکشن زیر استعمال ہے"},{"$i":"otherConnectionInUseMessage","$v":"دیگر کنیکشن پر آپ کا کوئی فعال کال ہے۔ آپ ایک وقت میں صرف ایک کنیکشن استعمال کر سکتے ہیں۔"},{"$i":"clear","$v":"صاف کریں"},{"$i":"dialer","$v":"ڈائلر"},{"$i":"tcl-incomming-call","$v":"آنے والی کال"},{"$i":"tcl-in-call","$v":"زیر کال"},{"$i":"tcl-answer","$v":"جواب"},{"$i":"tcl-end-answer","$v":"اختتام اور جواب"},{"$i":"tcl-decline","$v":"مسترد کریں"},{"$i":"tcl-mute","$v":"خاموش"},{"$i":"tcl-unmute","$v":"غیر خاموش"},{"$i":"tcl-speaker","$v":"اسپیکر"},{"$i":"tcl-speaker-off","$v":"اسپیکر آف"},{"$i":"tcl-microphone-mute-notification","$v":"مائکرو فاون خاموش کیا گيا"},{"$i":"tcl-microphone-active-notification","$v":"مائکرو فون فعال ہے"},{"$i":"tcl-speaker-off-notification","$v":"بیرونی اسپیکر آف کیا گیا"},{"$i":"tcl-speaker-on-notification","$v":"بیرونی اسپیکر آن کیا گیا"},{"$i":"tcl-hold-and-answer","$v":"ہولڈ پر ڈالیں اور جواب دیں"},{"$i":"tcl-ignore-call","$v":"آنے والی کال کو نظر انداز کریں"},{"$i":"tcl-add-to-call","$v":"کال شامل کریں"},{"$i":"tcl-switch-to-second-line","$v":"سیوپ کالز"},{"$i":"tcl-merge-calls","$v":"کال ضم کریں"},{"$i":"btnOk","$v":"ٹھیک ہے"},{"$i":"losing-wifi-msg","$v":"wifi کا ناکام ہونا"},{"$i":"hd","$v":"HD"},{"$i":"manage-call","$v":"کال کا نظم کریں"},{"$i":"end","$v":"کال ختم کریں"},{"$i":"private","$v":"نجی"},{"$i":"sound","$v":"آواز"},{"$i":"bluetooth-device","$v":"بلوٹوتھ آلات"},{"$i":"handset-earpiece","$v":"ہینڈ سیٹ"},{"$i":"call-ended","$v":"کال ختم ہوا"},{"$i":"payphone","$v":"پے فون"},{"$i":"contact","$v":"رابطہ"},{"$i":"volume","$v":"والیوم"},{"$i":"softkey-options","$v":"اختیارات"},{"$i":"resume-call","$v":"کال ریزیوم کریں"},{"$i":"switch-to-device-toast","$v":"بلوٹوتھ آلہ پر سوئچ کیا گیا"},{"$i":"switch-to-handset-toast","$v":"ہینڈسیٹ ائير پیس آلہ پر سوئچ کیا گیا"},{"$i":"switch-to-speaker-toast","$v":"اسپیکر پر سوئچ کیا گیا"},{"$i":"emergency-call","$v":"ایک ہنگامی کال ہے۔"},{"$i":"link","$v":"لنک:"},{"$i":"call-left-conference-toast","$v":[{"t":"idOrVar","v":"number"}," نے کال چھوڑ دیا"]}]