[{"$i":"done","$v":"কৰা হল"},{"$i":"number-selected2","$v":{"zero":["(",{"t":"idOrVar","v":"n"},") বাছনি কৰিছে"],"one":["(",{"t":"idOrVar","v":"n"},") বাছনি কৰিছে"],"two":["(",{"t":"idOrVar","v":"n"},") বাছনি কৰিছে"],"few":["(",{"t":"idOrVar","v":"n"},") বাছনি কৰিছে"],"many":["(",{"t":"idOrVar","v":"n"},") বাছনি কৰিছে"],"other":["(",{"t":"idOrVar","v":"n"},") বাছনি কৰিছে"]},"$x":[{"t":"idOrVar","v":"plural"},"n"]},{"$i":"delete-n-items?","$v":{"zero":"একোৱেই বাছনি কৰা নাই","one":"বাছনি কৰা ভিডিঅ’ বিলোপ কৰিব?","two":[{"t":"idOrVar","v":"n"}," ভিডিঅ’ বিলোপ কৰিব?"],"few":[{"t":"idOrVar","v":"n"}," ভিডিঅ’ বিলোপ কৰিব?"],"many":[{"t":"idOrVar","v":"n"}," ভিডিঅ’ বিলোপ কৰিব?"],"other":[{"t":"idOrVar","v":"n"}," ভিডিঅ’ বিলোপ কৰিব?"]},"$x":[{"t":"idOrVar","v":"plural"},"n"]},{"$i":"share-noprovider","$v":"এবাৰত এটা ভিডিঅ’ শ্বেয়াৰ কৰিবলৈ চেষ্টা কৰক ৷"},{"$i":"videos","$v":"ভিডিঅসমূহ"},{"$i":"cancel","$v":"বাতিল কৰক"},{"$i":"delete-video?","$v":"বাছনি কৰা ভিডিঅ’ বিলোপ কৰিব?"},{"$i":"empty-title","$v":"আৰম্ভ কৰিবলৈ ভিডিঅ’সমূহ যোগ কৰক"},{"$i":"empty-text","$v":"কোনো ভিডিঅ’ উপলব্ধ নাই৷"},{"$i":"nocard2-title","$v":"কোনো মেম’ৰী কাৰ্ড পোৱা নাই"},{"$i":"nocard3-text","$v":"মেম’ৰী কাৰ্ড পোৱা নাই ৷ অনুগ্ৰহ কৰি ভিডিঅ’ ল’বলৈ এখন মেম’ৰী কাৰ্ড ভৰাওক ৷"},{"$i":"pluggedin-title","$v":"ভিডিঅ’ প্লাগত থাকোতে চাব পৰা নাযাব"},{"$i":"pluggedin-text","$v":"ডিভাইচ ষ্ট’ৰেজ বৰ্তমান ব্যৱহাৰ হৈ আছে । অনুগ্ৰহ কৰি ভিডিঅ’ ল’বলৈ ফোনটো আনপ্লাগ কৰক"},{"$i":"upgrade-title","$v":"ডাটাবেচ উন্নীতকৰণ"},{"$i":"upgrade-text","$v":"অনুগ্ৰহ কৰি ভিডিঅ’ই ইয়াৰ ডাটাবেচ আপডেট কৰাৰ সময়ত অপেক্ষা কৰক ৷"},{"$i":"confirm-delete","$v":"আপুনি বিলোপ কৰিবলৈ বিচাৰেনে:"},{"$i":"pick-title","$v":"এটা ভিডিঅ’ বাছনি কৰক"},{"$i":"save","$v":"ছেভ কৰক"},{"$i":"saved","$v":"ভিডিঅ’ লাইব্ৰেৰীলৈ চেভ কৰা হ’ল ৷"},{"$i":"error-network","$v":"এটা নেটৱৰ্ক ত্ৰুটিৰ বাবে ভিডিঅ’টো ডাউনলোড কৰিব পৰা নাযাব ৷"},{"$i":"error-unsupported","$v":"ভিডিঅ’ চলাব পৰা নাযাব: ছাৰ্ভাৰ বা নেটৱৰ্ক বিফল হোৱাৰ কাৰণে বা ফৰ্মেটটো অসমৰ্থিত বাবে ৷"},{"$i":"error-unknown","$v":"এটা অজ্ঞাত ভিডিঅ’ ত্ৰুটি হৈছে ৷"},{"$i":"video-hardware-in-use-title","$v":"ভিডিঅ’ চলাব পৰা নাযাব"},{"$i":"video-hardware-in-use-text","$v":"অন্য এটা এপে সম্প্ৰতি ভিডিঅ’ প্লেয়াৰ ব্যৱহাৰ কৰি আছে ৷"},{"$i":"overlay-cancel-button","$v":"বাতিল কৰক"},{"$i":"overlay-camera-button","$v":"কেমেৰালৈ যাওক"},{"$i":"name-label","$v":"নাম"},{"$i":"length-label","$v":"দৈৰ্ঘ্য"},{"$i":"size-label","$v":"আকাৰ"},{"$i":"video-type-label","$v":"ভিডিঅ’ প্ৰকাৰ"},{"$i":"date-taken-label","$v":"তাৰিখ লোৱা হৈছে"},{"$i":"resolution-label","$v":"ৰিজ’লুচন"},{"$i":"close-button","$v":"বন্ধ কৰক"},{"$i":"byteUnit-B","$v":"বাইট্চ"},{"$i":"byteUnit-KB","$v":"KB"},{"$i":"byteUnit-MB","$v":"MB"},{"$i":"byteUnit-GB","$v":"GB"},{"$i":"byteUnit-TB","$v":"TB"},{"$i":"byteUnit-PB","$v":"PB"},{"$i":"byteUnit-EB","$v":"EB"},{"$i":"byteUnit-ZB","$v":"ZB"},{"$i":"byteUnit-YB","$v":"YB"},{"$i":"date-group-header","$v":"%B %Y"},{"$i":"share","$v":"শ্বেয়াৰ কৰক"},{"$i":"more-info","$v":"অধিক তথ্য"},{"$i":"delete","$v":"বিলোপ কৰক"},{"$i":"video-button","ariaLabel":"ভিডিঅ’"},{"$i":"select-button","ariaLabel":"বাছনি কৰক"},{"$i":"delete-button","ariaLabel":"বিলোপ কৰক"},{"$i":"share-button","ariaLabel":"শ্বেয়াৰ কৰক"},{"$i":"info-view","ariaLabel":"তথ্য"},{"$i":"options-view","ariaLabel":"বিকল্পসমূহ"},{"$i":"confirm-dialog","ariaLabel":"নিশ্চিত কৰক"},{"$i":"videos-list","ariaLabel":"ভিডিঅসমূহ"},{"$i":"options-more","ariaLabel":"অধিক"},{"$i":"seek-backward","ariaLabel":"পিছলৈ যাওক"},{"$i":"seek-bar","ariaLabel":["ছিক বাৰ, অৱধি ",{"t":"idOrVar","v":"duration"}]},{"$i":"seek-forward","ariaLabel":"আগলৈ যাওক"},{"$i":"play-button","ariaLabel":"বজাওঁক"},{"$i":"pause-button","ariaLabel":"ৰখক"},{"$i":"fullscreen-button","ariaLabel":"ফুল স্ক্ৰীন"},{"$i":"show-controls-button","ariaLabel":"নিয়ন্ত্ৰণবোৰ দেখুৱাওক"},{"$i":"hide-controls-button","ariaLabel":"নিয়ন্ত্ৰণসমূহ গোপন কৰক"},{"$i":"spinner-overlay","ariaValueText":"লোড হৈ আছে"},{"$i":"confirmation-title","$v":"নিশ্চিতিকৰণ"},{"$i":"n-video-deleted","$v":{"zero":"একোৱেই বাছনি কৰা নাই","one":"ভিডিঅ’ বিলোপ কৰা হৈছে","two":[{"t":"idOrVar","v":"n"}," ভিডিঅ’ বিলোপ কৰা হৈছে"],"few":[{"t":"idOrVar","v":"n"}," ভিডিঅ’ বিলোপ কৰা হৈছে"],"many":[{"t":"idOrVar","v":"n"}," ভিডিঅ’ বিলোপ কৰা হৈছে"],"other":[{"t":"idOrVar","v":"n"}," ভিডিঅ’ বিলোপ কৰা হৈছে"]},"$x":[{"t":"idOrVar","v":"plural"},"n"]},{"$i":"rename-saved","$v":"পৰিৱৰ্তনসমূহ চেভ কৰা হৈছে"},{"$i":"confirm-video","$v":"ভিডিঅ’"},{"$i":"confirm-ok","$v":"ঠিক আছে"},{"$i":"options-header","$v":"বিকল্পসমূহ"},{"$i":"video-invalid-name","$v":"অবৈধ নাম"},{"$i":"name-already-exists","$v":"এই নামটো ইতিমধ্যে মজুত আছে"},{"$i":"override-warning-msg","$v":"আপুনি বিদ্যমান ফাইলটো অ’ভাৰৰাইড কৰিব বিচাৰে নেকি?"},{"$i":"override","$v":"অ’ভাৰৰাইড"},{"$i":"opt-takevideo","$v":"ভিডিঅ’ লওক"},{"$i":"opt-select","$v":"বাছনি কৰক"},{"$i":"opt-delete","$v":"বিলোপ কৰক"},{"$i":"opt-rename","$v":"পুনঃনামাকৰণ কৰক"},{"$i":"opt-selectmultiple","$v":"একাধিক বাছনি কৰক"},{"$i":"opt-fileinfo","$v":"ফাইলৰ তথ্য"},{"$i":"opt-selectall","$v":"সকলোবোৰ বাছনি কৰক"},{"$i":"opt-deselectall","$v":"সকলোবোৰ অ-বাছনি কৰক"},{"$i":"opt-fullscreen","$v":"ফুল স্ক্ৰীন"},{"$i":"opt-play","$v":"বজাওঁক"},{"$i":"opt-pause","$v":"ৰখক"},{"$i":"weekday-0-long","$v":"দেওবাৰ"},{"$i":"weekday-1-long","$v":"সোমবাৰ"},{"$i":"weekday-2-long","$v":"মঙ্গলবাৰ"},{"$i":"weekday-3-long","$v":"বুধবাৰ"},{"$i":"weekday-4-long","$v":"বৃহস্পতিবাৰ"},{"$i":"weekday-5-long","$v":"শুক্ৰবাৰ"},{"$i":"weekday-6-long","$v":"শনিবাৰ"},{"$i":"weekday-0-short","$v":"দেও"},{"$i":"weekday-1-short","$v":"সোম"},{"$i":"weekday-2-short","$v":"মঙ্গল"},{"$i":"weekday-3-short","$v":"বুধ"},{"$i":"weekday-4-short","$v":"বৃহস্পতি"},{"$i":"weekday-5-short","$v":"শুক্ৰ"},{"$i":"weekday-6-short","$v":"শনি"},{"$i":"month-0-long","$v":"জানুৱাৰী"},{"$i":"month-1-long","$v":"ফেব্ৰুৱাৰী"},{"$i":"month-2-long","$v":"মাৰ্চ"},{"$i":"month-3-long","$v":"এপ্ৰিল"},{"$i":"month-4-long","$v":"মে"},{"$i":"month-5-long","$v":"জুন"},{"$i":"month-6-long","$v":"জুলাই"},{"$i":"month-7-long","$v":"আগষ্ট"},{"$i":"month-8-long","$v":"ছেপ্টেম্বৰ"},{"$i":"month-9-long","$v":"অক্টোবৰ"},{"$i":"month-10-long","$v":"নৱেম্বৰ"},{"$i":"month-11-long","$v":"ডিচেম্বৰ"},{"$i":"month-0-genitive","$v":"জানুৱাৰী"},{"$i":"month-1-genitive","$v":"ফেব্ৰুৱাৰী"},{"$i":"month-2-genitive","$v":"মাৰ্চ"},{"$i":"month-3-genitive","$v":"এপ্ৰিল"},{"$i":"month-4-genitive","$v":"মে"},{"$i":"month-5-genitive","$v":"জুন"},{"$i":"month-6-genitive","$v":"জুলাই"},{"$i":"month-7-genitive","$v":"আগষ্ট"},{"$i":"month-8-genitive","$v":"ছেপ্টেম্বৰ"},{"$i":"month-9-genitive","$v":"অক্টোবৰ"},{"$i":"month-10-genitive","$v":"নৱেম্বৰ"},{"$i":"month-11-genitive","$v":"ডিচেম্বৰ"},{"$i":"month-0-short","$v":"জানুৱাৰী"},{"$i":"month-1-short","$v":"ফেব্ৰুৱাৰী"},{"$i":"month-2-short","$v":"মাৰ্চ"},{"$i":"month-3-short","$v":"এপ্ৰিল"},{"$i":"month-4-short","$v":"মে"},{"$i":"month-5-short","$v":"জুন"},{"$i":"month-6-short","$v":"জুলাই"},{"$i":"month-7-short","$v":"আগষ্ট"},{"$i":"month-8-short","$v":"ছেপ্টেম্বৰ"},{"$i":"month-9-short","$v":"অক্টোবৰ"},{"$i":"month-10-short","$v":"নৱেম্বৰ"},{"$i":"month-11-short","$v":"ডিচেম্বৰ"},{"$i":"minutes-ago-long","$v":{"zero":"এইমাত্ৰ","one":"এক মিনিট আগতে","two":[{"t":"idOrVar","v":"value"}," মিনিট আগত"],"few":[{"t":"idOrVar","v":"value"}," মিনিট আগত"],"many":[{"t":"idOrVar","v":"value"}," মিনিট আগত"],"other":[{"t":"idOrVar","v":"value"}," মিনিট আগত"]},"$x":[{"t":"idOrVar","v":"plural"},"value"]},{"$i":"hours-ago-long","$v":{"zero":"এইমাত্ৰ","one":"এঘণ্টা আগতে","two":[{"t":"idOrVar","v":"value"}," ঘণ্টা আগত"],"few":[{"t":"idOrVar","v":"value"}," ঘণ্টা আগত"],"many":[{"t":"idOrVar","v":"value"}," ঘণ্টা আগত"],"other":[{"t":"idOrVar","v":"value"}," ঘণ্টা আগত"]},"$x":[{"t":"idOrVar","v":"plural"},"value"]},{"$i":"days-ago-long","$v":{"zero":"আজি","one":"যোৱাকালি","two":[{"t":"idOrVar","v":"value"}," দিন আগত"],"few":[{"t":"idOrVar","v":"value"}," দিন আগত"],"many":[{"t":"idOrVar","v":"value"}," দিন আগত"],"other":[{"t":"idOrVar","v":"value"}," দিন আগত"]},"$x":[{"t":"idOrVar","v":"plural"},"value"]},{"$i":"weeks-ago-long","$v":{"zero":"এইটো সপ্তাহ","one":"যোৱা সপ্তাহ","two":[{"t":"idOrVar","v":"value"}," সপ্তাহ আগত"],"few":[{"t":"idOrVar","v":"value"}," সপ্তাহ আগত"],"many":[{"t":"idOrVar","v":"value"}," সপ্তাহ আগত"],"other":[{"t":"idOrVar","v":"value"}," সপ্তাহ আগত"]},"$x":[{"t":"idOrVar","v":"plural"},"value"]},{"$i":"months-ago-long","$v":{"zero":"এইটো মাহ","one":"যোৱা মাহ","two":[{"t":"idOrVar","v":"value"}," মাহ আগত"],"few":[{"t":"idOrVar","v":"value"}," মাহ আগত"],"many":[{"t":"idOrVar","v":"value"}," মাহ আগত"],"other":[{"t":"idOrVar","v":"value"}," মাহ আগত"]},"$x":[{"t":"idOrVar","v":"plural"},"value"]},{"$i":"years-ago-long","$v":{"zero":"এইটো বছৰ","one":"যোৱা বছৰ","two":[{"t":"idOrVar","v":"value"}," বছৰ আগত"],"few":[{"t":"idOrVar","v":"value"}," বছৰ আগত"],"many":[{"t":"idOrVar","v":"value"}," বছৰ আগত"],"other":[{"t":"idOrVar","v":"value"}," বছৰ আগত"]},"$x":[{"t":"idOrVar","v":"plural"},"value"]},{"$i":"minutes-until-long","$v":{"zero":"এতিয়া","one":"এক মিনিটত","two":[{"t":"idOrVar","v":"value"}," মিনিটত"],"few":[{"t":"idOrVar","v":"value"}," মিনিটত"],"many":[{"t":"idOrVar","v":"value"}," মিনিটত"],"other":[{"t":"idOrVar","v":"value"}," মিনিটত"]},"$x":[{"t":"idOrVar","v":"plural"},"value"]},{"$i":"hours-until-long","$v":{"zero":"এতিয়া","one":"এক ঘণ্টাত","two":[{"t":"idOrVar","v":"value"}," ঘণ্টাত"],"few":[{"t":"idOrVar","v":"value"}," ঘণ্টাত"],"many":[{"t":"idOrVar","v":"value"}," ঘণ্টাত"],"other":[{"t":"idOrVar","v":"value"}," ঘণ্টাত"]},"$x":[{"t":"idOrVar","v":"plural"},"value"]},{"$i":"days-until-long","$v":{"zero":"আজি","one":"অহাকলি","two":[{"t":"idOrVar","v":"value"}," দিনত"],"few":[{"t":"idOrVar","v":"value"}," দিনত"],"many":[{"t":"idOrVar","v":"value"}," দিনত"],"other":[{"t":"idOrVar","v":"value"}," দিনত"]},"$x":[{"t":"idOrVar","v":"plural"},"value"]},{"$i":"weeks-until-long","$v":{"zero":"এইটো সপ্তাহ","one":"পৰৱৰ্তী সপ্তাহ","two":[{"t":"idOrVar","v":"value"}," সপ্তাহত"],"few":[{"t":"idOrVar","v":"value"}," সপ্তাহত"],"many":[{"t":"idOrVar","v":"value"}," সপ্তাহত"],"other":[{"t":"idOrVar","v":"value"}," সপ্তাহত"]},"$x":[{"t":"idOrVar","v":"plural"},"value"]},{"$i":"months-until-long","$v":{"zero":"এইটো মাহ","one":"পৰৱৰ্তী মাহ","two":[{"t":"idOrVar","v":"value"}," মাহত"],"few":[{"t":"idOrVar","v":"value"}," মাহত"],"many":[{"t":"idOrVar","v":"value"}," মাহত"],"other":[{"t":"idOrVar","v":"value"}," মাহত"]},"$x":[{"t":"idOrVar","v":"plural"},"value"]},{"$i":"years-until-long","$v":{"zero":"এইটো বছৰ","one":"পৰৱৰ্তী বছৰ","two":[{"t":"idOrVar","v":"value"}," বছৰত"],"few":[{"t":"idOrVar","v":"value"}," বছৰত"],"many":[{"t":"idOrVar","v":"value"}," বছৰত"],"other":[{"t":"idOrVar","v":"value"}," বছৰত"]},"$x":[{"t":"idOrVar","v":"plural"},"value"]},{"$i":"minutes-ago-short","$v":{"zero":"এইমাত্ৰ","other":[{"t":"idOrVar","v":"value"}," মিনিট আগত"]},"$x":[{"t":"idOrVar","v":"plural"},"value"]},{"$i":"hours-ago-short","$v":{"zero":"এইমাত্ৰ","other":[{"t":"idOrVar","v":"value"}," ঘণ্টা আগত"]},"$x":[{"t":"idOrVar","v":"plural"},"value"]},{"$i":"days-ago-short","$v":{"zero":"আজি","other":[{"t":"idOrVar","v":"value"}," দিন আগত"]},"$x":[{"t":"idOrVar","v":"plural"},"value"]},{"$i":"minutes-until-short","$v":{"zero":"এতিয়া","other":[{"t":"idOrVar","v":"value"}," মিনিটত"]},"$x":[{"t":"idOrVar","v":"plural"},"value"]},{"$i":"hours-until-short","$v":{"zero":"এতিয়া","other":[{"t":"idOrVar","v":"value"}," ঘণ্টাত"]},"$x":[{"t":"idOrVar","v":"plural"},"value"]},{"$i":"days-until-short","$v":{"zero":"আজি","other":[{"t":"idOrVar","v":"value"}," দিনত"]},"$x":[{"t":"idOrVar","v":"plural"},"value"]},{"$i":"incorrectDate","$v":"(অশুদ্ধ তাৰিখ)"},{"$i":"dateTimeFormat_%c","$v":"%a %b %e %Y %I:%M:%S %p"},{"$i":"dateTimeFormat_%x","$v":"%m/%d/%Y"},{"$i":"dateTimeFormat_%X","$v":"%I:%M:%S %p"},{"$i":"shortTimeFormat","$v":"%I:%M %p"},{"$i":"shortTimeFormat12","$v":"%I:%M %p"},{"$i":"shortTimeFormat24","$v":"%H:%M"},{"$i":"shortDateTimeFormat","$v":"%x %I:%M %p"},{"$i":"weekStartsOnMonday","$v":"0"},{"$i":"firstDayOfTheWeek","$v":"0"},{"$i":"time_am","$v":"AM"},{"$i":"time_pm","$v":"PM"},{"$i":"softkey-options","$v":"বিকল্পসমূহ"}]