[{"$i":"done","$v":"সম্পন্ন"},{"$i":"number-selected2","$v":{"zero":[{"t":"idOrVar","v":"n"},"টি নির্বাচিত"],"one":[{"t":"idOrVar","v":"n"},"টি নির্বাচিত"],"two":[{"t":"idOrVar","v":"n"},"টি নির্বাচিত"],"few":[{"t":"idOrVar","v":"n"},"টি নির্বাচিত"],"many":[{"t":"idOrVar","v":"n"},"টি নির্বাচিত"],"other":[{"t":"idOrVar","v":"n"},"টি নির্বাচিত"]},"$x":[{"t":"idOrVar","v":"plural"},"n"]},{"$i":"delete-n-items?","$v":{"zero":"কিছু নির্বাচন করা হয় নি","one":"নির্বাচিত ভিডিও মুছুন?","two":[{"t":"idOrVar","v":"n"},"টি ভিডিও মুছুন?"],"few":[{"t":"idOrVar","v":"n"},"টি ভিডিও মুছুন?"],"many":[{"t":"idOrVar","v":"n"},"টি ভিডিও মুছুন?"],"other":[{"t":"idOrVar","v":"n"},"টি ভিডিও মুছুন?"]},"$x":[{"t":"idOrVar","v":"plural"},"n"]},{"$i":"share-noprovider","$v":"একবারে একটি ভিডিও শেয়ার করার চেষ্টা করুন।"},{"$i":"videos","$v":"ভিডিও"},{"$i":"cancel","$v":"বাতিল করুন"},{"$i":"delete-video?","$v":"নির্বাচিত ভিডিও মুছুন?"},{"$i":"empty-title","$v":"শুরু করতে ভিডিওগুলি যোগ করুন"},{"$i":"empty-text","$v":"কোনো ভিডিও উপলব্ধ নয়।"},{"$i":"nocard2-title","$v":"কোনো মেমোরি কার্ড খুঁজে পাওয়া যায় নি"},{"$i":"nocard3-text","$v":"মেমোরি কার্ড খুজে পাওয়া যায় নি। ভিডিও করতে অনুগ্রহ করে একটি মেমোরি কার্ড ঢোকান।"},{"$i":"pluggedin-title","$v":"প্লাগইন করে থাকাকালীন ভিডিও দেখা যেতে পারে"},{"$i":"pluggedin-text","$v":"ডিভাইস স্টোরেজ বর্তমানে ব্যবহৃত হচ্ছেI অনুগ্রহ করে ফোন টি কে আনপ্লাগ করুন ভিডিও নেওয়ার জন্য"},{"$i":"upgrade-title","$v":"ডেটাবেস আপগ্রেড"},{"$i":"upgrade-text","$v":"ভিডিও যখন তার ডেটাবেস আপডেট করে তখন অনুগ্রহ করে অপেক্ষা করুন।"},{"$i":"confirm-delete","$v":"আপনি কি মুছে ফেলতে চান:"},{"$i":"pick-title","$v":"একটি ভিডিও নির্বাচন করুন"},{"$i":"save","$v":"সেভ করুন"},{"$i":"saved","$v":"ভিডিও লাইব্রেরিতে সেভ করা হয়েছে।"},{"$i":"error-network","$v":"নেটওয়ার্ক ত্রুটির কারণে ভিডিও ডাউনলোড করা যাবে না।"},{"$i":"error-unsupported","$v":"ভিডিও চালানো যাবে না: কারণ সার্ভার বা নেটওয়ার্ক ব্যর্থ অথবা ফরম্যাট সমর্থিত নয়।"},{"$i":"error-unknown","$v":"একটি অজানা ভিডিও ত্রুটি ঘটেছে।"},{"$i":"video-hardware-in-use-title","$v":"ভিডিও প্লে করে না"},{"$i":"video-hardware-in-use-text","$v":"অন্য একটি অ্যাপ বর্তমানে ভিডিও প্লেয়ারটি ব্যবহার করছে।"},{"$i":"overlay-cancel-button","$v":"বাতিল করুন"},{"$i":"overlay-camera-button","$v":"ক্যামেরাতে যান"},{"$i":"name-label","$v":"নাম"},{"$i":"length-label","$v":"দৈর্ঘ্য"},{"$i":"size-label","$v":"আকার"},{"$i":"video-type-label","$v":"ভিডিও এর প্রকার"},{"$i":"date-taken-label","$v":"তারিখ নেওয়া হয়েছে"},{"$i":"resolution-label","$v":"রিজোলিউশন"},{"$i":"close-button","$v":"বন্ধ করুন"},{"$i":"byteUnit-B","$v":"বাইট"},{"$i":"byteUnit-KB","$v":"KB"},{"$i":"byteUnit-MB","$v":"MB"},{"$i":"byteUnit-GB","$v":"GB"},{"$i":"byteUnit-TB","$v":"TB"},{"$i":"byteUnit-PB","$v":"PB"},{"$i":"byteUnit-EB","$v":"EB"},{"$i":"byteUnit-ZB","$v":"ZB"},{"$i":"byteUnit-YB","$v":"YB"},{"$i":"date-group-header","$v":"%B %Y"},{"$i":"share","$v":"শেয়ার করুন"},{"$i":"more-info","$v":"অধিক তথ্য"},{"$i":"delete","$v":"মুছুন"},{"$i":"video-button","ariaLabel":"ভিডিও"},{"$i":"select-button","ariaLabel":"নির্বাচন করুন"},{"$i":"delete-button","ariaLabel":"মুছুন"},{"$i":"share-button","ariaLabel":"শেয়ার করুন"},{"$i":"info-view","ariaLabel":"তথ্য"},{"$i":"options-view","ariaLabel":"বিকল্পগুলি"},{"$i":"confirm-dialog","ariaLabel":"নিশ্চিত করুন"},{"$i":"videos-list","ariaLabel":"ভিডিও"},{"$i":"options-more","ariaLabel":"অধিক"},{"$i":"seek-backward","ariaLabel":"পিছনের দিকে খুঁজুন"},{"$i":"seek-bar","ariaLabel":["বার খুঁজুন, সময় মেয়াদ ",{"t":"idOrVar","v":"duration"}]},{"$i":"seek-forward","ariaLabel":"সামনের দিকে খুঁজুন"},{"$i":"play-button","ariaLabel":"বাজান"},{"$i":"pause-button","ariaLabel":"বিরাম দিন"},{"$i":"fullscreen-button","ariaLabel":"ফূলস্ক্রীন"},{"$i":"show-controls-button","ariaLabel":"কন্ট্রোলস দেখান"},{"$i":"hide-controls-button","ariaLabel":"কন্ট্রোলস লুকান"},{"$i":"spinner-overlay","ariaValueText":"লোড হচ্ছে"},{"$i":"confirmation-title","$v":"নিশ্চিতকরণ"},{"$i":"n-video-deleted","$v":{"zero":"কিছু নির্বাচন করা হয় নি","one":"ভিডিও মোছা হয়েছে","two":[{"t":"idOrVar","v":"n"},"টি ভিডিও মোছা হয়েছে"],"few":[{"t":"idOrVar","v":"n"},"টি ভিডিও মোছা হয়েছে"],"many":[{"t":"idOrVar","v":"n"},"টি ভিডিও মোছা হয়েছে"],"other":[{"t":"idOrVar","v":"n"},"টি ভিডিও মোছা হয়েছে"]},"$x":[{"t":"idOrVar","v":"plural"},"n"]},{"$i":"rename-saved","$v":"পরিবর্তনগুলি সেভ করা হয়েছে"},{"$i":"confirm-video","$v":"ভিডিও"},{"$i":"confirm-ok","$v":"ঠিক আছে"},{"$i":"options-header","$v":"বিকল্পগুলি"},{"$i":"video-invalid-name","$v":"অবৈধ নাম"},{"$i":"name-already-exists","$v":"এই নামটি ইতিমধ্যেই বিদ্যমান"},{"$i":"override-warning-msg","$v":"আপনি কি বিদ্যমান ফাইল ওভাররাইড করতে চান?"},{"$i":"override","$v":"ওভাররাইড"},{"$i":"opt-takevideo","$v":"ভিডিও করুন"},{"$i":"opt-select","$v":"নির্বাচন করুন"},{"$i":"opt-delete","$v":"মুছুন"},{"$i":"opt-rename","$v":"পুনঃনামকরণ"},{"$i":"opt-selectmultiple","$v":"একাধিক নির্বাচন করুন"},{"$i":"opt-fileinfo","$v":"ফাইলের তথ্য"},{"$i":"opt-selectall","$v":"সব নির্বাচন করুন"},{"$i":"opt-deselectall","$v":"সব অনির্বাচন করুন"},{"$i":"opt-fullscreen","$v":"ফূলস্ক্রীন"},{"$i":"opt-play","$v":"বাজান"},{"$i":"opt-pause","$v":"বিরাম দিন"},{"$i":"weekday-0-long","$v":"রবিবার"},{"$i":"weekday-1-long","$v":"সোমবার"},{"$i":"weekday-2-long","$v":"মঙ্গলবার"},{"$i":"weekday-3-long","$v":"বুধবার"},{"$i":"weekday-4-long","$v":"বৃহস্পতিবার"},{"$i":"weekday-5-long","$v":"শুক্রবার"},{"$i":"weekday-6-long","$v":"শনিবার"},{"$i":"weekday-0-short","$v":"রবি"},{"$i":"weekday-1-short","$v":"সোম"},{"$i":"weekday-2-short","$v":"মঙ্গল"},{"$i":"weekday-3-short","$v":"বুধ"},{"$i":"weekday-4-short","$v":"বৃহস্পতি"},{"$i":"weekday-5-short","$v":"শুক্র"},{"$i":"weekday-6-short","$v":"শনি"},{"$i":"month-0-long","$v":"জানুয়ারি"},{"$i":"month-1-long","$v":"ফেব্রুয়ারি"},{"$i":"month-2-long","$v":"মার্চ"},{"$i":"month-3-long","$v":"এপ্রিল"},{"$i":"month-4-long","$v":"মে"},{"$i":"month-5-long","$v":"জুন"},{"$i":"month-6-long","$v":"জুলাই"},{"$i":"month-7-long","$v":"আগস্ট"},{"$i":"month-8-long","$v":"সেপ্টেম্বর"},{"$i":"month-9-long","$v":"অক্টোবর"},{"$i":"month-10-long","$v":"নভেম্বর"},{"$i":"month-11-long","$v":"ডিসেম্বর"},{"$i":"month-0-genitive","$v":"জানুয়ারি"},{"$i":"month-1-genitive","$v":"ফেব্রুয়ারি"},{"$i":"month-2-genitive","$v":"মার্চ"},{"$i":"month-3-genitive","$v":"এপ্রিল"},{"$i":"month-4-genitive","$v":"মে"},{"$i":"month-5-genitive","$v":"জুন"},{"$i":"month-6-genitive","$v":"জুলাই"},{"$i":"month-7-genitive","$v":"আগস্ট"},{"$i":"month-8-genitive","$v":"সেপ্টেম্বর"},{"$i":"month-9-genitive","$v":"অক্টোবর"},{"$i":"month-10-genitive","$v":"নভেম্বর"},{"$i":"month-11-genitive","$v":"ডিসেম্বর"},{"$i":"month-0-short","$v":"জানুয়ারী"},{"$i":"month-1-short","$v":"ফেব্রুয়ারি"},{"$i":"month-2-short","$v":"মার্চ"},{"$i":"month-3-short","$v":"এপ্রিল"},{"$i":"month-4-short","$v":"মে"},{"$i":"month-5-short","$v":"জুন"},{"$i":"month-6-short","$v":"জুলাই"},{"$i":"month-7-short","$v":"আগস্ট"},{"$i":"month-8-short","$v":"সেপ্টেম্বর"},{"$i":"month-9-short","$v":"অক্টোবর"},{"$i":"month-10-short","$v":"নভেম্বর"},{"$i":"month-11-short","$v":"ডিসেম্বর"},{"$i":"minutes-ago-long","$v":{"zero":"এখনই","one":"এক মিনিট আগে","two":[{"t":"idOrVar","v":"value"}," মিনিট আগে"],"few":[{"t":"idOrVar","v":"value"}," মিনিট আগে"],"many":[{"t":"idOrVar","v":"value"}," মিনিট আগে"],"other":[{"t":"idOrVar","v":"value"}," মিনিট আগে"]},"$x":[{"t":"idOrVar","v":"plural"},"value"]},{"$i":"hours-ago-long","$v":{"zero":"এখনই","one":"এক ঘন্টা আগে","two":[{"t":"idOrVar","v":"value"}," ঘন্টা আগে"],"few":[{"t":"idOrVar","v":"value"}," ঘন্টা আগে"],"many":[{"t":"idOrVar","v":"value"}," ঘন্টা আগে"],"other":[{"t":"idOrVar","v":"value"}," ঘন্টা আগে"]},"$x":[{"t":"idOrVar","v":"plural"},"value"]},{"$i":"days-ago-long","$v":{"zero":"আজ","one":"গতকাল","two":[{"t":"idOrVar","v":"value"}," দিন আগে"],"few":[{"t":"idOrVar","v":"value"}," দিন আগে"],"many":[{"t":"idOrVar","v":"value"}," দিন আগে"],"other":[{"t":"idOrVar","v":"value"}," দিন আগে"]},"$x":[{"t":"idOrVar","v":"plural"},"value"]},{"$i":"weeks-ago-long","$v":{"zero":"এই সপ্তাহ","one":"গত সপ্তাহ","two":[{"t":"idOrVar","v":"value"}," সপ্তাহ আগে"],"few":[{"t":"idOrVar","v":"value"}," সপ্তাহ আগে"],"many":[{"t":"idOrVar","v":"value"}," সপ্তাহ আগে"],"other":[{"t":"idOrVar","v":"value"}," সপ্তাহ আগে"]},"$x":[{"t":"idOrVar","v":"plural"},"value"]},{"$i":"months-ago-long","$v":{"zero":"এই মাস","one":"গত মাস","two":[{"t":"idOrVar","v":"value"}," মাস আগে"],"few":[{"t":"idOrVar","v":"value"}," মাস আগে"],"many":[{"t":"idOrVar","v":"value"}," মাস আগে"],"other":[{"t":"idOrVar","v":"value"}," মাস আগে"]},"$x":[{"t":"idOrVar","v":"plural"},"value"]},{"$i":"years-ago-long","$v":{"zero":"এই বছর","one":"গত বছর","two":[{"t":"idOrVar","v":"value"}," বছর আগে"],"few":[{"t":"idOrVar","v":"value"}," বছর আগে"],"many":[{"t":"idOrVar","v":"value"}," বছর আগে"],"other":[{"t":"idOrVar","v":"value"}," বছর আগে"]},"$x":[{"t":"idOrVar","v":"plural"},"value"]},{"$i":"minutes-until-long","$v":{"zero":"এখন","one":"এক মিনিটে","two":[{"t":"idOrVar","v":"value"}," মিনিটে"],"few":[{"t":"idOrVar","v":"value"}," মিনিটে"],"many":[{"t":"idOrVar","v":"value"}," মিনিটে"],"other":[{"t":"idOrVar","v":"value"}," মিনিটে"]},"$x":[{"t":"idOrVar","v":"plural"},"value"]},{"$i":"hours-until-long","$v":{"zero":"এখন","one":"এক ঘন্টায়","two":[{"t":"idOrVar","v":"value"}," ঘন্টায়"],"few":[{"t":"idOrVar","v":"value"}," ঘন্টায়"],"many":[{"t":"idOrVar","v":"value"}," ঘন্টায়"],"other":[{"t":"idOrVar","v":"value"}," ঘন্টায়"]},"$x":[{"t":"idOrVar","v":"plural"},"value"]},{"$i":"days-until-long","$v":{"zero":"আজ","one":"আগামীকাল","two":[{"t":"idOrVar","v":"value"}," দিনে"],"few":[{"t":"idOrVar","v":"value"}," দিনে"],"many":[{"t":"idOrVar","v":"value"}," দিনে"],"other":[{"t":"idOrVar","v":"value"}," দিনে"]},"$x":[{"t":"idOrVar","v":"plural"},"value"]},{"$i":"weeks-until-long","$v":{"zero":"এই সপ্তাহ","one":"পরের সপ্তাহ","two":[{"t":"idOrVar","v":"value"}," সপ্তাহে"],"few":[{"t":"idOrVar","v":"value"}," সপ্তাহে"],"many":[{"t":"idOrVar","v":"value"}," সপ্তাহে"],"other":[{"t":"idOrVar","v":"value"}," সপ্তাহে"]},"$x":[{"t":"idOrVar","v":"plural"},"value"]},{"$i":"months-until-long","$v":{"zero":"এই মাস","one":"পরের মাস","two":[{"t":"idOrVar","v":"value"}," মাসে"],"few":[{"t":"idOrVar","v":"value"}," মাসে"],"many":[{"t":"idOrVar","v":"value"}," মাসে"],"other":[{"t":"idOrVar","v":"value"}," মাসে"]},"$x":[{"t":"idOrVar","v":"plural"},"value"]},{"$i":"years-until-long","$v":{"zero":"এই বছর","one":"পরের বছর","two":[{"t":"idOrVar","v":"value"}," বছরে"],"few":[{"t":"idOrVar","v":"value"}," বছরে"],"many":[{"t":"idOrVar","v":"value"}," বছরে"],"other":[{"t":"idOrVar","v":"value"}," বছরে"]},"$x":[{"t":"idOrVar","v":"plural"},"value"]},{"$i":"minutes-ago-short","$v":{"zero":"এখনই","other":[{"t":"idOrVar","v":"value"},"মিনিট আগে"]},"$x":[{"t":"idOrVar","v":"plural"},"value"]},{"$i":"hours-ago-short","$v":{"zero":"এখনই","other":[{"t":"idOrVar","v":"value"},"ঘন্টা আগে"]},"$x":[{"t":"idOrVar","v":"plural"},"value"]},{"$i":"days-ago-short","$v":{"zero":"আজ","other":[{"t":"idOrVar","v":"value"},"দিন আগে"]},"$x":[{"t":"idOrVar","v":"plural"},"value"]},{"$i":"minutes-until-short","$v":{"zero":"এখন","other":[{"t":"idOrVar","v":"value"},"মাসে"]},"$x":[{"t":"idOrVar","v":"plural"},"value"]},{"$i":"hours-until-short","$v":{"zero":"এখন","other":[{"t":"idOrVar","v":"value"},"ঘন্টায়"]},"$x":[{"t":"idOrVar","v":"plural"},"value"]},{"$i":"days-until-short","$v":{"zero":"আজ","other":[{"t":"idOrVar","v":"value"},"দিনে"]},"$x":[{"t":"idOrVar","v":"plural"},"value"]},{"$i":"incorrectDate","$v":"(ভুল তারিখ)"},{"$i":"dateTimeFormat_%c","$v":"%a %b %e %Y %I:%M:%S %p"},{"$i":"dateTimeFormat_%x","$v":"%m/%d/%Y"},{"$i":"dateTimeFormat_%X","$v":"%I:%M:%S %p"},{"$i":"shortTimeFormat","$v":"%I:%M %p"},{"$i":"shortTimeFormat12","$v":"%I:%M %p"},{"$i":"shortTimeFormat24","$v":"%H:%M"},{"$i":"shortDateTimeFormat","$v":"%x %I:%M %p"},{"$i":"weekStartsOnMonday","$v":"0"},{"$i":"firstDayOfTheWeek","$v":"0"},{"$i":"time_am","$v":"AM"},{"$i":"time_pm","$v":"PM"},{"$i":"softkey-options","$v":"বিকল্পগুলি"}]