[{"$i":"done","$v":"होई गेआ"},{"$i":"number-selected2","$v":{"zero":[{"t":"idOrVar","v":"n"}," चुनिंदा"],"one":[{"t":"idOrVar","v":"n"}," चुनिंदा"],"two":[{"t":"idOrVar","v":"n"}," चुनिंदा"],"few":[{"t":"idOrVar","v":"n"}," चुनिंदा"],"many":[{"t":"idOrVar","v":"n"}," चुनिंदा"],"other":[{"t":"idOrVar","v":"n"}," चुनिंदा"]},"$x":[{"t":"idOrVar","v":"plural"},"n"]},{"$i":"delete-n-items?","$v":{"zero":"किश बी चुनिंदा नेईं","one":"चुनिंदा वीडियो डिलीट करो?","two":[{"t":"idOrVar","v":"n"}," वीडियो डिलीट करो?"],"few":[{"t":"idOrVar","v":"n"}," वीडियो डिलीट करो?"],"many":[{"t":"idOrVar","v":"n"}," वीडियो डिलीट करो?"],"other":[{"t":"idOrVar","v":"n"}," वीडियो डिलीट करो?"]},"$x":[{"t":"idOrVar","v":"plural"},"n"]},{"$i":"share-noprovider","$v":"इक बार च इक्कै वीडियो सांझा करने दी कोशिश करो৷"},{"$i":"videos","$v":"वीडियो"},{"$i":"cancel","$v":"रद्द करो"},{"$i":"delete-video?","$v":"चुनिंदा वीडियो डिलीट करो?"},{"$i":"empty-title","$v":"शुरू करने लेई वीडियो जोड़ो"},{"$i":"empty-text","$v":"कोई वीडियो उपलब्ध नेईं ऐ৷"},{"$i":"nocard2-title","$v":"कोई मेमोरी कार्ड नेईं मिलेआ"},{"$i":"nocard3-text","$v":"मेमोरी कार्ड नेईं मिलेआ। वीडियो लैने लेई किरपा करियै मेमोरी कार्ड पाओ৷"},{"$i":"pluggedin-title","$v":"प्लग इन करदे बेल्लै वीडियो नेईं दिक्खेआ जाई सकदा"},{"$i":"pluggedin-text","$v":"इसलै डिवाइस स्टोरजदी बरतून कीती जा करदी ऐ। किरपा करियै वीडियो लैने लेई फोन अनप्लग करो"},{"$i":"upgrade-title","$v":"डाटाबेस अपग्रेड"},{"$i":"upgrade-text","$v":"किरपा करियै इंतजार करो जिसलै वीडियो अपना डेटाबेस अपडेट करै৷"},{"$i":"confirm-delete","$v":"क्या तुस पक्का इसे डिलीट करना चांह्​दे ओ:"},{"$i":"pick-title","$v":"वीडियो चुनो"},{"$i":"save","$v":"बचाओ"},{"$i":"saved","$v":"वीडियो लाइब्रेरी च सहेजेआ गेआ৷"},{"$i":"error-network","$v":"नेटवर्क त्रुटि करियै वीडियो डाउनलोड नेईं कीता जाई सकेआ৷"},{"$i":"error-unsupported","$v":"वीडियो प्ले नेईं कीता जाई सकदा: कीजे सर्वर जां नेटवर्क असफल जां प्रारूप समर्थत नेईं ऐ৷"},{"$i":"error-unknown","$v":"अज्ञात वीडियो त्रुटि होई৷"},{"$i":"video-hardware-in-use-title","$v":"वीडियो नेईं प्ले करी सकदे"},{"$i":"video-hardware-in-use-text","$v":"इक होर ऐप इसलै वीडियो प्लेयर दी बरतून करै करदा ऐ৷"},{"$i":"overlay-cancel-button","$v":"रद्द करो"},{"$i":"overlay-camera-button","$v":"कैमरे पर जाओ"},{"$i":"name-label","$v":"नांऽ"},{"$i":"length-label","$v":"लंबाई"},{"$i":"size-label","$v":"साइज"},{"$i":"video-type-label","$v":"वीडियो किस्म"},{"$i":"date-taken-label","$v":"तरीक लैती जाई चुकी ऐ"},{"$i":"resolution-label","$v":"रेजलूशन"},{"$i":"close-button","$v":"बंद करो"},{"$i":"byteUnit-B","$v":"बाइट्स"},{"$i":"byteUnit-KB","$v":"KB"},{"$i":"byteUnit-MB","$v":"MB"},{"$i":"byteUnit-GB","$v":"GB"},{"$i":"byteUnit-TB","$v":"TB"},{"$i":"byteUnit-PB","$v":"PB"},{"$i":"byteUnit-EB","$v":"EB"},{"$i":"byteUnit-ZB","$v":"ZB"},{"$i":"byteUnit-YB","$v":"YB"},{"$i":"date-group-header","$v":"%B %Y"},{"$i":"share","$v":"साझा करो"},{"$i":"more-info","$v":"होर जानकारी"},{"$i":"delete","$v":"हटाना"},{"$i":"video-button","ariaLabel":"वीडियो"},{"$i":"select-button","ariaLabel":"चुनो"},{"$i":"delete-button","ariaLabel":"हटाना"},{"$i":"share-button","ariaLabel":"साझा करो"},{"$i":"info-view","ariaLabel":"जानकारी"},{"$i":"options-view","ariaLabel":"विकल्प"},{"$i":"confirm-dialog","ariaLabel":"तस्दीक करो"},{"$i":"videos-list","ariaLabel":"वीडियो"},{"$i":"options-more","ariaLabel":"होर"},{"$i":"seek-backward","ariaLabel":"पिच्छै दिक्खो"},{"$i":"seek-bar","ariaLabel":["दिक्खना बार, मन्याद ",{"t":"idOrVar","v":"duration"}]},{"$i":"seek-forward","ariaLabel":"अग्गै दिक्खो"},{"$i":"play-button","ariaLabel":"चलाओ"},{"$i":"pause-button","ariaLabel":"विराम"},{"$i":"fullscreen-button","ariaLabel":"पूरी स्क्रीन"},{"$i":"show-controls-button","ariaLabel":"नियंत्रण दस्सो"},{"$i":"hide-controls-button","ariaLabel":"नियंत्रण छपैलो"},{"$i":"spinner-overlay","ariaValueText":"लोड होए करदा ऐ"},{"$i":"confirmation-title","$v":"पुश्टिकरण"},{"$i":"n-video-deleted","$v":{"zero":"किश बी चुनिंदा नेईं","one":"वीडियो डिलीट कीता गेआ","two":[{"t":"idOrVar","v":"n"}," वीडियो डिलीट कीते गे"],"few":[{"t":"idOrVar","v":"n"}," वीडियो डिलीट कीते गे"],"many":[{"t":"idOrVar","v":"n"}," वीडियो डिलीट कीते गे"],"other":[{"t":"idOrVar","v":"n"}," वीडियो डिलीट कीते गे"]},"$x":[{"t":"idOrVar","v":"plural"},"n"]},{"$i":"rename-saved","$v":"बदलाव सहेजेआ गेआ"},{"$i":"confirm-video","$v":"वीडियो"},{"$i":"confirm-ok","$v":"ठीक ऐ"},{"$i":"options-header","$v":"विकल्प"},{"$i":"video-invalid-name","$v":"अमान्य नांऽ"},{"$i":"name-already-exists","$v":"एह् नांऽ पैह्‌ले थमां गै मौजूद ऐ"},{"$i":"override-warning-msg","$v":"क्या तुस मौजूदा फाइल गी ओवरराइड करना चांह्‌दे ओ?"},{"$i":"override","$v":"ओवरराइड"},{"$i":"opt-takevideo","$v":"वीडियो बनाओ"},{"$i":"opt-select","$v":"चुनो"},{"$i":"opt-delete","$v":"हटाना"},{"$i":"opt-rename","$v":"नांऽ परतियै लिक्खो"},{"$i":"opt-selectmultiple","$v":"मल्टीपल चुनो"},{"$i":"opt-fileinfo","$v":"फाइल जानकारी"},{"$i":"opt-selectall","$v":"सब्भै चुनो"},{"$i":"opt-deselectall","$v":"सब्भै अन-चुने करो"},{"$i":"opt-fullscreen","$v":"पूरी स्क्रीन"},{"$i":"opt-play","$v":"चलाओ"},{"$i":"opt-pause","$v":"विराम"},{"$i":"weekday-0-long","$v":"ऐतवार"},{"$i":"weekday-1-long","$v":"सोमवार"},{"$i":"weekday-2-long","$v":"मंगलवार"},{"$i":"weekday-3-long","$v":"बुधवार"},{"$i":"weekday-4-long","$v":"बीरवार"},{"$i":"weekday-5-long","$v":"शुक्रवार"},{"$i":"weekday-6-long","$v":"शनिवार"},{"$i":"weekday-0-short","$v":"ऐत"},{"$i":"weekday-1-short","$v":"सोम"},{"$i":"weekday-2-short","$v":"मंगल"},{"$i":"weekday-3-short","$v":"वेब"},{"$i":"weekday-4-short","$v":"वीर"},{"$i":"weekday-5-short","$v":"शुक्र"},{"$i":"weekday-6-short","$v":"शनि"},{"$i":"month-0-long","$v":"जनवरी"},{"$i":"month-1-long","$v":"फरवरी"},{"$i":"month-2-long","$v":"मार्च"},{"$i":"month-3-long","$v":"अप्रैल"},{"$i":"month-4-long","$v":"मई"},{"$i":"month-5-long","$v":"जून"},{"$i":"month-6-long","$v":"जुलाई"},{"$i":"month-7-long","$v":"अगस्त"},{"$i":"month-8-long","$v":"सितंबर"},{"$i":"month-9-long","$v":"अक्टूबर"},{"$i":"month-10-long","$v":"नवंबर"},{"$i":"month-11-long","$v":"दिसंबर"},{"$i":"month-0-genitive","$v":"जनवरी"},{"$i":"month-1-genitive","$v":"फरवरी"},{"$i":"month-2-genitive","$v":"मार्च"},{"$i":"month-3-genitive","$v":"अप्रैल"},{"$i":"month-4-genitive","$v":"मई"},{"$i":"month-5-genitive","$v":"जून"},{"$i":"month-6-genitive","$v":"जुलाई"},{"$i":"month-7-genitive","$v":"अगस्त"},{"$i":"month-8-genitive","$v":"सितंबर"},{"$i":"month-9-genitive","$v":"अक्टूबर"},{"$i":"month-10-genitive","$v":"नवंबर"},{"$i":"month-11-genitive","$v":"दिसंबर"},{"$i":"month-0-short","$v":"जनवरी"},{"$i":"month-1-short","$v":"फरवरी"},{"$i":"month-2-short","$v":"मार्च"},{"$i":"month-3-short","$v":"अप्रैल"},{"$i":"month-4-short","$v":"मई"},{"$i":"month-5-short","$v":"जून"},{"$i":"month-6-short","$v":"जुलाई"},{"$i":"month-7-short","$v":"अगस्त"},{"$i":"month-8-short","$v":"सितम्बर"},{"$i":"month-9-short","$v":"अक्टूबर"},{"$i":"month-10-short","$v":"नवंबर"},{"$i":"month-11-short","$v":"दिसंबर"},{"$i":"minutes-ago-long","$v":{"zero":"हूनै","one":"इक मिनट पैह्‌ले","two":[{"t":"idOrVar","v":"value"}," मिनट पैह्‌ले"],"few":[{"t":"idOrVar","v":"value"}," मिनट पैह्‌ले"],"many":[{"t":"idOrVar","v":"value"}," मिनट पैह्‌ले"],"other":[{"t":"idOrVar","v":"value"}," मिनट पैह्‌ले"]},"$x":[{"t":"idOrVar","v":"plural"},"value"]},{"$i":"hours-ago-long","$v":{"zero":"हूनै","one":"इक घैंटा पैह्‌ले","two":[{"t":"idOrVar","v":"value"}," घैंटे पैह्‌ले"],"few":[{"t":"idOrVar","v":"value"}," घैंटे पैह्‌ले"],"many":[{"t":"idOrVar","v":"value"}," घैंटे पैह्‌ले"],"other":[{"t":"idOrVar","v":"value"}," घैंटे पैह्‌ले"]},"$x":[{"t":"idOrVar","v":"plural"},"value"]},{"$i":"days-ago-long","$v":{"zero":"अज्ज","one":"कल","two":[{"t":"idOrVar","v":"value"}," दिन पैह्‌ले"],"few":[{"t":"idOrVar","v":"value"}," दिन पैह्‌ले"],"many":[{"t":"idOrVar","v":"value"}," दिन पैह्‌ले"],"other":[{"t":"idOrVar","v":"value"}," दिन पैह्‌ले"]},"$x":[{"t":"idOrVar","v":"plural"},"value"]},{"$i":"weeks-ago-long","$v":{"zero":"इस हफ्ते","one":"पिछले हफ्ते","two":[{"t":"idOrVar","v":"value"}," हफ्ते पैह्‌ले"],"few":[{"t":"idOrVar","v":"value"}," हफ्ते पैह्‌ले"],"many":[{"t":"idOrVar","v":"value"}," हफ्ते पैह्‌ले"],"other":[{"t":"idOrVar","v":"value"}," हफ्ते पैह्‌ले"]},"$x":[{"t":"idOrVar","v":"plural"},"value"]},{"$i":"months-ago-long","$v":{"zero":"इस म्हीने","one":"पिछले म्हीने","two":[{"t":"idOrVar","v":"value"}," म्हीने पैह्‌ले"],"few":[{"t":"idOrVar","v":"value"}," म्हीने पैह्‌ले"],"many":[{"t":"idOrVar","v":"value"}," म्हीने पैह्‌ले"],"other":[{"t":"idOrVar","v":"value"}," म्हीने पैह्‌ले"]},"$x":[{"t":"idOrVar","v":"plural"},"value"]},{"$i":"years-ago-long","$v":{"zero":"इस ब'रे","one":"पिछले ब'रे","two":[{"t":"idOrVar","v":"value"}," ब'रे पैह्‌ले"],"few":[{"t":"idOrVar","v":"value"}," ब'रे पैह्‌ले"],"many":[{"t":"idOrVar","v":"value"}," ब'रे पैह्‌ले"],"other":[{"t":"idOrVar","v":"value"}," ब'रे पैह्‌ले"]},"$x":[{"t":"idOrVar","v":"plural"},"value"]},{"$i":"minutes-until-long","$v":{"zero":"हून","one":"इक मिनट च","two":[{"t":"idOrVar","v":"value"}," मिनटें च"],"few":[{"t":"idOrVar","v":"value"}," मिनटें च"],"many":[{"t":"idOrVar","v":"value"}," मिनटें च"],"other":[{"t":"idOrVar","v":"value"}," मिनटें च"]},"$x":[{"t":"idOrVar","v":"plural"},"value"]},{"$i":"hours-until-long","$v":{"zero":"हून","one":"इक घैंटे च","two":[{"t":"idOrVar","v":"value"}," घैंटें च"],"few":[{"t":"idOrVar","v":"value"}," घैंटें च"],"many":[{"t":"idOrVar","v":"value"}," घैंटें च"],"other":[{"t":"idOrVar","v":"value"}," घैंटें च"]},"$x":[{"t":"idOrVar","v":"plural"},"value"]},{"$i":"days-until-long","$v":{"zero":"अज्ज","one":"कल","two":[{"t":"idOrVar","v":"value"}," दिनें च"],"few":[{"t":"idOrVar","v":"value"}," दिनें च"],"many":[{"t":"idOrVar","v":"value"}," दिनें च"],"other":[{"t":"idOrVar","v":"value"}," दिनें च"]},"$x":[{"t":"idOrVar","v":"plural"},"value"]},{"$i":"weeks-until-long","$v":{"zero":"इस हफ्ते","one":"अगले हफ्ते","two":[{"t":"idOrVar","v":"value"},"हफ्तें च"],"few":[{"t":"idOrVar","v":"value"},"हफ्तें च"],"many":[{"t":"idOrVar","v":"value"},"हफ्तें च"],"other":[{"t":"idOrVar","v":"value"},"हफ्तें च"]},"$x":[{"t":"idOrVar","v":"plural"},"value"]},{"$i":"months-until-long","$v":{"zero":"इस म्हीने","one":"अगले म्हीने","two":[{"t":"idOrVar","v":"value"}," म्हीनें च"],"few":[{"t":"idOrVar","v":"value"}," म्हीनें च"],"many":[{"t":"idOrVar","v":"value"}," म्हीनें च"],"other":[{"t":"idOrVar","v":"value"}," म्हीनें च"]},"$x":[{"t":"idOrVar","v":"plural"},"value"]},{"$i":"years-until-long","$v":{"zero":"इस ब'रे","one":"अगले ब'रे","two":[{"t":"idOrVar","v":"value"},"ब'रें च"],"few":[{"t":"idOrVar","v":"value"},"ब'रें च"],"many":[{"t":"idOrVar","v":"value"},"ब'रें च"],"other":[{"t":"idOrVar","v":"value"},"ब'रें च"]},"$x":[{"t":"idOrVar","v":"plural"},"value"]},{"$i":"minutes-ago-short","$v":{"zero":"हूनै","other":[{"t":"idOrVar","v":"value"}," मिनट पैह्‌ले"]},"$x":[{"t":"idOrVar","v":"plural"},"value"]},{"$i":"hours-ago-short","$v":{"zero":"हूनै","other":[{"t":"idOrVar","v":"value"}," घैंटे पैह्‌ले"]},"$x":[{"t":"idOrVar","v":"plural"},"value"]},{"$i":"days-ago-short","$v":{"zero":"अज्ज","other":[{"t":"idOrVar","v":"value"}," दिन पैह्‌ले"]},"$x":[{"t":"idOrVar","v":"plural"},"value"]},{"$i":"minutes-until-short","$v":{"zero":"हून","other":[{"t":"idOrVar","v":"value"},"मिनटें च"]},"$x":[{"t":"idOrVar","v":"plural"},"value"]},{"$i":"hours-until-short","$v":{"zero":"हून","other":[{"t":"idOrVar","v":"value"}," घैंटें च"]},"$x":[{"t":"idOrVar","v":"plural"},"value"]},{"$i":"days-until-short","$v":{"zero":"अज्ज","other":[{"t":"idOrVar","v":"value"},"दिनें च"]},"$x":[{"t":"idOrVar","v":"plural"},"value"]},{"$i":"incorrectDate","$v":"(गलत तरीक)"},{"$i":"dateTimeFormat_%c","$v":"%a %b %e %Y %I:%M:%S %p"},{"$i":"dateTimeFormat_%x","$v":"%m/%d/%Y"},{"$i":"dateTimeFormat_%X","$v":"%I:%M:%S %p"},{"$i":"shortTimeFormat","$v":"%I:%M %p"},{"$i":"shortTimeFormat12","$v":"%I:%M %p"},{"$i":"shortTimeFormat24","$v":"%H:%M"},{"$i":"shortDateTimeFormat","$v":"%x %I:%M %p"},{"$i":"weekStartsOnMonday","$v":"0"},{"$i":"firstDayOfTheWeek","$v":"0"},{"$i":"time_am","$v":"AM"},{"$i":"time_pm","$v":"PM"},{"$i":"softkey-options","$v":"विकल्प"}]