[{"$i":"done","$v":"થઈ ગયું"},{"$i":"number-selected2","$v":{"zero":[{"t":"idOrVar","v":"n"}," પસંદ કરેલ"],"one":[{"t":"idOrVar","v":"n"}," પસંદ કરેલ"],"two":[{"t":"idOrVar","v":"n"}," પસંદ કરેલ"],"few":[{"t":"idOrVar","v":"n"}," પસંદ કરેલ"],"many":[{"t":"idOrVar","v":"n"}," પસંદ કરેલ"],"other":[{"t":"idOrVar","v":"n"}," પસંદ કરેલ"]},"$x":[{"t":"idOrVar","v":"plural"},"n"]},{"$i":"delete-n-items?","$v":{"zero":"કંઇ પણ પસંદ કરેલ નથી","one":"પસંદ કરેલ વિડિયો દૂર કરો?","two":[{"t":"idOrVar","v":"n"}," વિડિયો દૂર કરો?"],"few":[{"t":"idOrVar","v":"n"}," વિડિયો દૂર કરો?"],"many":[{"t":"idOrVar","v":"n"}," વિડિયો દૂર કરો?"],"other":[{"t":"idOrVar","v":"n"}," વિડિયો દૂર કરો?"]},"$x":[{"t":"idOrVar","v":"plural"},"n"]},{"$i":"share-noprovider","$v":"એક સમયે એક વિડિયો શેઅર કરવાનો પ્રયાસ કરો."},{"$i":"videos","$v":"વિડિયો"},{"$i":"cancel","$v":"રદ કરો"},{"$i":"delete-video?","$v":"પસંદ કરેલ વિડિયો દૂર કરો?"},{"$i":"empty-title","$v":"પ્રારંભ કરવા માટે વિડિયો ઉમેરો"},{"$i":"empty-text","$v":"કોઈ વિડિયો ઉપલબ્ધ નથી."},{"$i":"nocard2-title","$v":"કોઈ મેમરી કાર્ડ મળેલ નથી"},{"$i":"nocard3-text","$v":"મેમરી કાર્ડ મળ્યું નથી. કૃપા કરી વિડિયો લેવા માટે એક મેમરી કાર્ડ સામેલ કરો."},{"$i":"pluggedin-title","$v":"પ્લગ ઇન કરેલ હોય ત્યારે વિડિયો જોઈ શકાતો નથી"},{"$i":"pluggedin-text","$v":"હાલમાં ડિવાઇસ સ્ટોરેજનો ઉપયોગ થઇ રહ્યો છે. કૃપા કરી વિડિઓ લેવા માટે ફોનેને અનપ્લગ કરો"},{"$i":"upgrade-title","$v":"ડેટાબેઝ અપગ્રેડ"},{"$i":"upgrade-text","$v":"વિડિયો તેનું ડેટાબેસ અપડેટ કરે ત્યાં સુધી કૃપા કરી પ્રતીક્ષા કરો."},{"$i":"confirm-delete","$v":"શું તમે ખરેખર દૂર કરવા માંગો છો:"},{"$i":"pick-title","$v":"વિડિયો પસંદ કરો"},{"$i":"save","$v":"સેવ કરો"},{"$i":"saved","$v":"વિડિયો લાઇબ્રેરીમાં સેવ કરવામાં આવ્યું."},{"$i":"error-network","$v":"વિડિયો નેટવર્ક ત્રુટિને કારણે ડાઉનલોડ કરી શકાયો નહીં."},{"$i":"error-unsupported","$v":"વિડિયો ચલાવી શકાતો નથી:સર્વર અથવા નેટવર્ક નિષ્ફળ થયું અથવા ફોર્મેટ સમર્થિત નથી."},{"$i":"error-unknown","$v":"એક અજ્ઞાત વિડિયો ત્રુટિ આવી."},{"$i":"video-hardware-in-use-title","$v":"વિડિયો ચલાવી શકતા નથી"},{"$i":"video-hardware-in-use-text","$v":"અન્ય એપ હાલમાં વિડિઓ પ્લેયરનો ઉપયોગ કરી રહ્યું છે."},{"$i":"overlay-cancel-button","$v":"રદ કરો"},{"$i":"overlay-camera-button","$v":"કેમેરા પર જાઓ"},{"$i":"name-label","$v":"નામ"},{"$i":"length-label","$v":"લંબાઈ"},{"$i":"size-label","$v":"કદ"},{"$i":"video-type-label","$v":"વિડિયો પ્રકાર"},{"$i":"date-taken-label","$v":"તારીખ લીધી"},{"$i":"resolution-label","$v":"રિઝોલ્યુશન"},{"$i":"close-button","$v":"બંધ કરો"},{"$i":"byteUnit-B","$v":"બાઇટ"},{"$i":"byteUnit-KB","$v":"KB"},{"$i":"byteUnit-MB","$v":"MB"},{"$i":"byteUnit-GB","$v":"GB"},{"$i":"byteUnit-TB","$v":"TB"},{"$i":"byteUnit-PB","$v":"PB"},{"$i":"byteUnit-EB","$v":"EB"},{"$i":"byteUnit-ZB","$v":"ZB"},{"$i":"byteUnit-YB","$v":"YB"},{"$i":"date-group-header","$v":"%B %Y"},{"$i":"share","$v":"શેઅર કરો"},{"$i":"more-info","$v":"વધું માહિતી"},{"$i":"delete","$v":"કાઢો"},{"$i":"video-button","ariaLabel":"વિડિયો"},{"$i":"select-button","ariaLabel":"પસંદ કરો"},{"$i":"delete-button","ariaLabel":"કાઢો"},{"$i":"share-button","ariaLabel":"શેઅર કરો"},{"$i":"info-view","ariaLabel":"માહિતી"},{"$i":"options-view","ariaLabel":"વિકલ્પ"},{"$i":"confirm-dialog","ariaLabel":"પુષ્ટિ કરો"},{"$i":"videos-list","ariaLabel":"વિડિયો"},{"$i":"options-more","ariaLabel":"વધુ"},{"$i":"seek-backward","ariaLabel":"પાછળ જુઓ"},{"$i":"seek-bar","ariaLabel":["સિક બાર, સમયગાળો ",{"t":"idOrVar","v":"duration"}]},{"$i":"seek-forward","ariaLabel":"આગળ જાઓ"},{"$i":"play-button","ariaLabel":"વગાડો"},{"$i":"pause-button","ariaLabel":"થોભો"},{"$i":"fullscreen-button","ariaLabel":"ફૂલસ્ક્રીન"},{"$i":"show-controls-button","ariaLabel":"નિયંત્રણ બતાવો"},{"$i":"hide-controls-button","ariaLabel":"કંટ્રોલ છુપાવો"},{"$i":"spinner-overlay","ariaValueText":"લોડ થઇ રહયા છીએ..."},{"$i":"confirmation-title","$v":"ખાતરી"},{"$i":"n-video-deleted","$v":{"zero":"કંઇ પણ પસંદ કરેલ નથી","one":"વિડિયો દૂર કરવામાં આવ્યો","two":[{"t":"idOrVar","v":"n"}," વિડિયો દૂર કરવામાં આવ્યો"],"few":[{"t":"idOrVar","v":"n"}," વિડિયો દૂર કરવામાં આવ્યો"],"many":[{"t":"idOrVar","v":"n"}," વિડિયો દૂર કરવામાં આવ્યો"],"other":[{"t":"idOrVar","v":"n"}," વિડિયો દૂર કરવામાં આવ્યો"]},"$x":[{"t":"idOrVar","v":"plural"},"n"]},{"$i":"rename-saved","$v":"ફેરફારો સાચવ્યાં"},{"$i":"confirm-video","$v":"વિડિયો"},{"$i":"confirm-ok","$v":"ઑકે"},{"$i":"options-header","$v":"વિકલ્પ"},{"$i":"video-invalid-name","$v":"અમાન્ય નામ"},{"$i":"name-already-exists","$v":"આ નામ પહેલાંથી જ મોજૂદ છે"},{"$i":"override-warning-msg","$v":"શું તમે મોજૂદ ફાઈલ ઓવરરાઇડ કરવા માંગો છો?"},{"$i":"override","$v":"ઓવરરાઇડ કરો"},{"$i":"opt-takevideo","$v":"વિડીયો લો"},{"$i":"opt-select","$v":"પસંદ કરો"},{"$i":"opt-delete","$v":"કાઢો"},{"$i":"opt-rename","$v":"નામ બદલો"},{"$i":"opt-selectmultiple","$v":"બહુવિધ પસંદ કરો"},{"$i":"opt-fileinfo","$v":"ફાઇલ માહિતી"},{"$i":"opt-selectall","$v":"તમામ પસંદ કરો"},{"$i":"opt-deselectall","$v":"તમામ પસંદ રદ કરો"},{"$i":"opt-fullscreen","$v":"ફૂલસ્ક્રીન"},{"$i":"opt-play","$v":"વગાડો"},{"$i":"opt-pause","$v":"થોભો"},{"$i":"weekday-0-long","$v":"રવિવાર"},{"$i":"weekday-1-long","$v":"સોમવાર"},{"$i":"weekday-2-long","$v":"મંગળવાર"},{"$i":"weekday-3-long","$v":"બુધવાર"},{"$i":"weekday-4-long","$v":"ગુરૂવાર"},{"$i":"weekday-5-long","$v":"શુક્રવાર"},{"$i":"weekday-6-long","$v":"શનિવાર"},{"$i":"weekday-0-short","$v":"રવિ"},{"$i":"weekday-1-short","$v":"સોમ"},{"$i":"weekday-2-short","$v":"મંગળ"},{"$i":"weekday-3-short","$v":"બુધ"},{"$i":"weekday-4-short","$v":"ગુરુ"},{"$i":"weekday-5-short","$v":"શુક્રવાર"},{"$i":"weekday-6-short","$v":"શનિ"},{"$i":"month-0-long","$v":"જાન્યુઆરી"},{"$i":"month-1-long","$v":"ફેબ્રુઆરી"},{"$i":"month-2-long","$v":"માર્ચ"},{"$i":"month-3-long","$v":"એપ્રિલ"},{"$i":"month-4-long","$v":"મે"},{"$i":"month-5-long","$v":"જૂન"},{"$i":"month-6-long","$v":"જુલાઈ"},{"$i":"month-7-long","$v":"ઓગસ્ટ"},{"$i":"month-8-long","$v":"સપ્ટેમ્બર"},{"$i":"month-9-long","$v":"ઓક્ટોબર"},{"$i":"month-10-long","$v":"નવેમ્બર"},{"$i":"month-11-long","$v":"ડિસેમ્બર"},{"$i":"month-0-genitive","$v":"જાન્યુઆરી"},{"$i":"month-1-genitive","$v":"ફેબ્રુઆરી"},{"$i":"month-2-genitive","$v":"માર્ચ"},{"$i":"month-3-genitive","$v":"એપ્રિલ"},{"$i":"month-4-genitive","$v":"મે"},{"$i":"month-5-genitive","$v":"જૂન"},{"$i":"month-6-genitive","$v":"જુલાઈ"},{"$i":"month-7-genitive","$v":"ઓગસ્ટ"},{"$i":"month-8-genitive","$v":"સપ્ટેમ્બર"},{"$i":"month-9-genitive","$v":"ઓક્ટોબર"},{"$i":"month-10-genitive","$v":"નવેમ્બર"},{"$i":"month-11-genitive","$v":"ડિસેમ્બર"},{"$i":"month-0-short","$v":"જાન્યુઆરી"},{"$i":"month-1-short","$v":"ફેબ્રુઆરી"},{"$i":"month-2-short","$v":"માર્ચ"},{"$i":"month-3-short","$v":"એપ્રિલ"},{"$i":"month-4-short","$v":"મે"},{"$i":"month-5-short","$v":"જૂન"},{"$i":"month-6-short","$v":"જુલાઈ"},{"$i":"month-7-short","$v":"ઓગસ્ટ"},{"$i":"month-8-short","$v":"સપ્ટેમ્બર"},{"$i":"month-9-short","$v":"ઓક્ટોબર"},{"$i":"month-10-short","$v":"નવેમ્બર"},{"$i":"month-11-short","$v":"ડિસેમ્બર"},{"$i":"minutes-ago-long","$v":{"zero":"અત્યારે જ","one":"એક મિનિટ પહેલાં","two":[{"t":"idOrVar","v":"value"}," મિનિટ પહેલા"],"few":[{"t":"idOrVar","v":"value"}," મિનિટ પહેલા"],"many":[{"t":"idOrVar","v":"value"}," મિનિટ પહેલા"],"other":[{"t":"idOrVar","v":"value"}," મિનિટ પહેલા"]},"$x":[{"t":"idOrVar","v":"plural"},"value"]},{"$i":"hours-ago-long","$v":{"zero":"અત્યારે જ","one":"એક કલાક પહેલાં","two":[{"t":"idOrVar","v":"value"}," કલાક પહેલા"],"few":[{"t":"idOrVar","v":"value"}," કલાક પહેલા"],"many":[{"t":"idOrVar","v":"value"}," કલાક પહેલા"],"other":[{"t":"idOrVar","v":"value"}," કલાક પહેલા"]},"$x":[{"t":"idOrVar","v":"plural"},"value"]},{"$i":"days-ago-long","$v":{"zero":"આજે","one":"ગઈકાલ","two":[{"t":"idOrVar","v":"value"}," દિવસ પહેલા"],"few":[{"t":"idOrVar","v":"value"}," દિવસ પહેલા"],"many":[{"t":"idOrVar","v":"value"}," દિવસ પહેલા"],"other":[{"t":"idOrVar","v":"value"}," દિવસ પહેલા"]},"$x":[{"t":"idOrVar","v":"plural"},"value"]},{"$i":"weeks-ago-long","$v":{"zero":"આ અઠવાડિયું","one":"ગયા અઠવાડિયે","two":[{"t":"idOrVar","v":"value"}," અઠવાડિયા પહેલા"],"few":[{"t":"idOrVar","v":"value"}," અઠવાડિયા પહેલા"],"many":[{"t":"idOrVar","v":"value"}," અઠવાડિયા પહેલા"],"other":[{"t":"idOrVar","v":"value"}," અઠવાડિયા પહેલા"]},"$x":[{"t":"idOrVar","v":"plural"},"value"]},{"$i":"months-ago-long","$v":{"zero":"આ મહિનો","one":"ગયા મહિને","two":[{"t":"idOrVar","v":"value"}," મહિના પહેલા"],"few":[{"t":"idOrVar","v":"value"}," મહિના પહેલા"],"many":[{"t":"idOrVar","v":"value"}," મહિના પહેલા"],"other":[{"t":"idOrVar","v":"value"}," મહિના પહેલા"]},"$x":[{"t":"idOrVar","v":"plural"},"value"]},{"$i":"years-ago-long","$v":{"zero":"આ વર્ષ","one":"ગયા વર્ષે","two":[{"t":"idOrVar","v":"value"}," વર્ષ પહેલા"],"few":[{"t":"idOrVar","v":"value"}," વર્ષ પહેલા"],"many":[{"t":"idOrVar","v":"value"}," વર્ષ પહેલા"],"other":[{"t":"idOrVar","v":"value"}," વર્ષ પહેલા"]},"$x":[{"t":"idOrVar","v":"plural"},"value"]},{"$i":"minutes-until-long","$v":{"zero":"હમણાં","one":"એક મિનિટમાં","two":[{"t":"idOrVar","v":"value"}," મિનિટમાં"],"few":[{"t":"idOrVar","v":"value"}," મિનિટમાં"],"many":[{"t":"idOrVar","v":"value"}," મિનિટમાં"],"other":[{"t":"idOrVar","v":"value"}," મિનિટમાં"]},"$x":[{"t":"idOrVar","v":"plural"},"value"]},{"$i":"hours-until-long","$v":{"zero":"હમણાં","one":"એક કલાકમાં","two":[{"t":"idOrVar","v":"value"}," કલાકમાં"],"few":[{"t":"idOrVar","v":"value"}," કલાકમાં"],"many":[{"t":"idOrVar","v":"value"}," કલાકમાં"],"other":[{"t":"idOrVar","v":"value"}," કલાકમાં"]},"$x":[{"t":"idOrVar","v":"plural"},"value"]},{"$i":"days-until-long","$v":{"zero":"આજે","one":"આવતીકાલ","two":[{"t":"idOrVar","v":"value"}," દિવસમાં"],"few":[{"t":"idOrVar","v":"value"}," દિવસમાં"],"many":[{"t":"idOrVar","v":"value"}," દિવસમાં"],"other":[{"t":"idOrVar","v":"value"}," દિવસમાં"]},"$x":[{"t":"idOrVar","v":"plural"},"value"]},{"$i":"weeks-until-long","$v":{"zero":"આ અઠવાડિયું","one":"આગળનું અઠવાડિયું","two":[{"t":"idOrVar","v":"value"}," અઠવાડિયામાં"],"few":[{"t":"idOrVar","v":"value"}," અઠવાડિયામાં"],"many":[{"t":"idOrVar","v":"value"}," અઠવાડિયામાં"],"other":[{"t":"idOrVar","v":"value"}," અઠવાડિયામાં"]},"$x":[{"t":"idOrVar","v":"plural"},"value"]},{"$i":"months-until-long","$v":{"zero":"આ મહિનો","one":"આગળનો મહિનો","two":[{"t":"idOrVar","v":"value"}," મહિનામાં"],"few":[{"t":"idOrVar","v":"value"}," મહિનામાં"],"many":[{"t":"idOrVar","v":"value"}," મહિનામાં"],"other":[{"t":"idOrVar","v":"value"}," મહિનામાં"]},"$x":[{"t":"idOrVar","v":"plural"},"value"]},{"$i":"years-until-long","$v":{"zero":"આ વર્ષ","one":"આગળનું વર્ષ","two":[{"t":"idOrVar","v":"value"}," વર્ષમાં"],"few":[{"t":"idOrVar","v":"value"}," વર્ષમાં"],"many":[{"t":"idOrVar","v":"value"}," વર્ષમાં"],"other":[{"t":"idOrVar","v":"value"}," વર્ષમાં"]},"$x":[{"t":"idOrVar","v":"plural"},"value"]},{"$i":"minutes-ago-short","$v":{"zero":"અત્યારે જ","other":[{"t":"idOrVar","v":"value"},"મિનિટ પહેલા"]},"$x":[{"t":"idOrVar","v":"plural"},"value"]},{"$i":"hours-ago-short","$v":{"zero":"અત્યારે જ","other":[{"t":"idOrVar","v":"value"},"કલાક પહેલા"]},"$x":[{"t":"idOrVar","v":"plural"},"value"]},{"$i":"days-ago-short","$v":{"zero":"આજે","other":[{"t":"idOrVar","v":"value"},"દિવસ પહેલા"]},"$x":[{"t":"idOrVar","v":"plural"},"value"]},{"$i":"minutes-until-short","$v":{"zero":"હમણાં","other":[{"t":"idOrVar","v":"value"},"મિનિટ માં"]},"$x":[{"t":"idOrVar","v":"plural"},"value"]},{"$i":"hours-until-short","$v":{"zero":"હમણાં","other":[{"t":"idOrVar","v":"value"},"કલાક માં"]},"$x":[{"t":"idOrVar","v":"plural"},"value"]},{"$i":"days-until-short","$v":{"zero":"આજે","other":[{"t":"idOrVar","v":"value"},"દિવસ માં"]},"$x":[{"t":"idOrVar","v":"plural"},"value"]},{"$i":"incorrectDate","$v":"(ખોટી તારીખ)"},{"$i":"dateTimeFormat_%c","$v":"%a %b %e %Y %I:%M:%S %p"},{"$i":"dateTimeFormat_%x","$v":"%m/%d/%Y"},{"$i":"dateTimeFormat_%X","$v":"%I:%M:%S %p"},{"$i":"shortTimeFormat","$v":"%I:%M %p"},{"$i":"shortTimeFormat12","$v":"%I:%M %p"},{"$i":"shortTimeFormat24","$v":"%H:%M"},{"$i":"shortDateTimeFormat","$v":"%x %I:%M %p"},{"$i":"weekStartsOnMonday","$v":"0"},{"$i":"firstDayOfTheWeek","$v":"0"},{"$i":"time_am","$v":"AM"},{"$i":"time_pm","$v":"PM"},{"$i":"softkey-options","$v":"વિકલ્પ"}]