[{"$i":"done","$v":"हो गया"},{"$i":"number-selected2","$v":{"zero":[{"t":"idOrVar","v":"n"}," चयनित"],"one":[{"t":"idOrVar","v":"n"}," चयनित"],"two":[{"t":"idOrVar","v":"n"}," चयनित"],"few":[{"t":"idOrVar","v":"n"}," चयनित"],"many":[{"t":"idOrVar","v":"n"}," चयनित"],"other":[{"t":"idOrVar","v":"n"}," चयनित"]},"$x":[{"t":"idOrVar","v":"plural"},"n"]},{"$i":"delete-n-items?","$v":{"zero":"कुछ भी चयनित नहीं","one":"चयनित वीडियो हटाएँ?","two":[{"t":"idOrVar","v":"n"}," वीडियो हटाएँ?"],"few":[{"t":"idOrVar","v":"n"}," वीडियो हटाएँ?"],"many":[{"t":"idOrVar","v":"n"}," वीडियो हटाएँ?"],"other":[{"t":"idOrVar","v":"n"}," वीडियो हटाएँ?"]},"$x":[{"t":"idOrVar","v":"plural"},"n"]},{"$i":"share-noprovider","$v":"एक बार में एक वीडियो साझा करने का प्रयास करें।"},{"$i":"videos","$v":"वीडियो"},{"$i":"cancel","$v":"रद्द करना"},{"$i":"delete-video?","$v":"चयनित वीडियो हटाएँ?"},{"$i":"empty-title","$v":"शुरु करने के लिए वीडियो जोड़ें"},{"$i":"empty-text","$v":"कोई वीडियो नहीं हैं।"},{"$i":"nocard2-title","$v":"कोई मेमोरी कार्ड नहीं मिला"},{"$i":"nocard3-text","$v":"मेमोरी कार्ड नहीं मिला। कृपया वीडियो लेने के लिए मेमोरी कार्ड डालें।"},{"$i":"pluggedin-title","$v":"प्लग इन करते समय वीडियो को नहीं देखा जा सकता"},{"$i":"pluggedin-text","$v":"फिलहाल डिवाइस स्टोरेज का उपयोग हो रहा है। कृपया वीडियो लेने के लिए फ़ोन को अनप्लग करें"},{"$i":"upgrade-title","$v":"डेटाबेस अपग्रेड"},{"$i":"upgrade-text","$v":"कृपया वीडियो का डेटाबेस अपडेट होने तक प्रतीक्षा करें।"},{"$i":"confirm-delete","$v":"क्या आप हटाना चाहते हैं:"},{"$i":"pick-title","$v":"वीडियो चुनें"},{"$i":"save","$v":"सेव करें"},{"$i":"saved","$v":"वीडियो लाइब्रेरी में सेव किया गया।"},{"$i":"error-network","$v":"नेटवर्क त्रुटि के कारण वीडियो को डाउनलोड नहीं किया जा सका।"},{"$i":"error-unsupported","$v":"वीडियो नहीं चलाया जा सकता: सर्वर या नेटवर्क विफल हो जाने के कारण या प्रारूप समर्थित नहीं होने के कारण।"},{"$i":"error-unknown","$v":"कोई अज्ञात वीडियो में त्रुटि हुई।"},{"$i":"video-hardware-in-use-title","$v":"वीडियो नहीं चला सकते"},{"$i":"video-hardware-in-use-text","$v":"अभी अन्य एक ऐप वीडियो प्लेयर का उपयोग कर रहा हैं।"},{"$i":"overlay-cancel-button","$v":"रद्द करना"},{"$i":"overlay-camera-button","$v":"कैमरे पर जाएं"},{"$i":"name-label","$v":"नाम"},{"$i":"length-label","$v":"लंबाई"},{"$i":"size-label","$v":"आकार"},{"$i":"video-type-label","$v":"वीडियो प्रकार"},{"$i":"date-taken-label","$v":"दिनांक को लिया"},{"$i":"resolution-label","$v":"रेज़ॉल्यूशन"},{"$i":"close-button","$v":"बंद करें"},{"$i":"byteUnit-B","$v":"बाइट"},{"$i":"byteUnit-KB","$v":"KB"},{"$i":"byteUnit-MB","$v":"MB"},{"$i":"byteUnit-GB","$v":"GB"},{"$i":"byteUnit-TB","$v":"TB"},{"$i":"byteUnit-PB","$v":"PB"},{"$i":"byteUnit-EB","$v":"EB"},{"$i":"byteUnit-ZB","$v":"ZB"},{"$i":"byteUnit-YB","$v":"YB"},{"$i":"date-group-header","$v":"%B %Y"},{"$i":"share","$v":"साझा करें"},{"$i":"more-info","$v":"अधिक जानकारी"},{"$i":"delete","$v":"हटाएँ"},{"$i":"video-button","ariaLabel":"वीडियो"},{"$i":"select-button","ariaLabel":"चुनिए"},{"$i":"delete-button","ariaLabel":"हटाएँ"},{"$i":"share-button","ariaLabel":"साझा करें"},{"$i":"info-view","ariaLabel":"जानकारी"},{"$i":"options-view","ariaLabel":"विकल्प"},{"$i":"confirm-dialog","ariaLabel":"पुष्टि करें"},{"$i":"videos-list","ariaLabel":"वीडियो"},{"$i":"options-more","ariaLabel":"अधिक"},{"$i":"seek-backward","ariaLabel":"पीछे जाएं"},{"$i":"seek-bar","ariaLabel":["सीक बार, अवधि ",{"t":"idOrVar","v":"duration"}]},{"$i":"seek-forward","ariaLabel":"आगे जाएं"},{"$i":"play-button","ariaLabel":"बजाए"},{"$i":"pause-button","ariaLabel":"रोकें"},{"$i":"fullscreen-button","ariaLabel":"फुलस्क्रिन"},{"$i":"show-controls-button","ariaLabel":"कंट्रोल दिखाएं"},{"$i":"hide-controls-button","ariaLabel":"कंट्रोल छिपाएँ"},{"$i":"spinner-overlay","ariaValueText":"लोड हो रहा हैं..."},{"$i":"confirmation-title","$v":"पुष्टिकरण"},{"$i":"n-video-deleted","$v":{"zero":"कुछ भी चयनित नहीं","one":"वीडियो हटाया गया","two":[{"t":"idOrVar","v":"n"}," वीडियो हटाए गए"],"few":[{"t":"idOrVar","v":"n"}," वीडियो हटाए गए"],"many":[{"t":"idOrVar","v":"n"}," वीडियो हटाए गए"],"other":[{"t":"idOrVar","v":"n"}," वीडियो हटाए गए"]},"$x":[{"t":"idOrVar","v":"plural"},"n"]},{"$i":"rename-saved","$v":"परिवर्तन सेव हुए"},{"$i":"confirm-video","$v":"वीडियो"},{"$i":"confirm-ok","$v":"ठीक हैं"},{"$i":"options-header","$v":"विकल्प"},{"$i":"video-invalid-name","$v":"अमान्य नाम"},{"$i":"name-already-exists","$v":"यह नाम पहले से ही मौजूद हैं"},{"$i":"override-warning-msg","$v":"क्या आप मौजूदा फ़ाइल ओवरराइड करना चाहते हैं?"},{"$i":"override","$v":"ओवरराइड करें"},{"$i":"opt-takevideo","$v":"वीडियो बनाएँ"},{"$i":"opt-select","$v":"चुनिए"},{"$i":"opt-delete","$v":"हटाएँ"},{"$i":"opt-rename","$v":"नाम बदलें"},{"$i":"opt-selectmultiple","$v":"एकाधिक चुनें"},{"$i":"opt-fileinfo","$v":"फ़ाइल की जानकारी"},{"$i":"opt-selectall","$v":"सभी चुनें"},{"$i":"opt-deselectall","$v":"सभी का चयन हटाएं"},{"$i":"opt-fullscreen","$v":"फुलस्क्रिन"},{"$i":"opt-play","$v":"बजाए"},{"$i":"opt-pause","$v":"रोकें"},{"$i":"weekday-0-long","$v":"रविवार"},{"$i":"weekday-1-long","$v":"सोमवार"},{"$i":"weekday-2-long","$v":"मंगलवार"},{"$i":"weekday-3-long","$v":"बुधवार"},{"$i":"weekday-4-long","$v":"गुरुवार"},{"$i":"weekday-5-long","$v":"शुक्रवार"},{"$i":"weekday-6-long","$v":"शनिवार"},{"$i":"weekday-0-short","$v":"रवि"},{"$i":"weekday-1-short","$v":"सोम"},{"$i":"weekday-2-short","$v":"मंगल"},{"$i":"weekday-3-short","$v":"बुध"},{"$i":"weekday-4-short","$v":"गुरु"},{"$i":"weekday-5-short","$v":"शुक्र"},{"$i":"weekday-6-short","$v":"शनि"},{"$i":"month-0-long","$v":"जनवरी"},{"$i":"month-1-long","$v":"फरवरी"},{"$i":"month-2-long","$v":"मार्च"},{"$i":"month-3-long","$v":"अप्रैल"},{"$i":"month-4-long","$v":"मई"},{"$i":"month-5-long","$v":"जून"},{"$i":"month-6-long","$v":"जुलाई"},{"$i":"month-7-long","$v":"अगस्त"},{"$i":"month-8-long","$v":"सितंबर"},{"$i":"month-9-long","$v":"अक्टूबर"},{"$i":"month-10-long","$v":"नवंबर"},{"$i":"month-11-long","$v":"दिसंबर"},{"$i":"month-0-genitive","$v":"जनवरी"},{"$i":"month-1-genitive","$v":"फरवरी"},{"$i":"month-2-genitive","$v":"मार्च"},{"$i":"month-3-genitive","$v":"अप्रैल"},{"$i":"month-4-genitive","$v":"मई"},{"$i":"month-5-genitive","$v":"जून"},{"$i":"month-6-genitive","$v":"जुलाई"},{"$i":"month-7-genitive","$v":"अगस्त"},{"$i":"month-8-genitive","$v":"सितंबर"},{"$i":"month-9-genitive","$v":"अक्टूबर"},{"$i":"month-10-genitive","$v":"नवंबर"},{"$i":"month-11-genitive","$v":"दिसंबर"},{"$i":"month-0-short","$v":"जनवरी"},{"$i":"month-1-short","$v":"फरवरी"},{"$i":"month-2-short","$v":"मार्च"},{"$i":"month-3-short","$v":"अप्रैल"},{"$i":"month-4-short","$v":"मई"},{"$i":"month-5-short","$v":"जून"},{"$i":"month-6-short","$v":"जुलाई"},{"$i":"month-7-short","$v":"अगस्त"},{"$i":"month-8-short","$v":"सितंबर"},{"$i":"month-9-short","$v":"अक्टूबर"},{"$i":"month-10-short","$v":"नवंबर"},{"$i":"month-11-short","$v":"दिसंबर"},{"$i":"minutes-ago-long","$v":{"zero":"अभी","one":"एक मिनट पहले","two":[{"t":"idOrVar","v":"value"}," मिनट पहले"],"few":[{"t":"idOrVar","v":"value"}," मिनट पहले"],"many":[{"t":"idOrVar","v":"value"}," मिनट पहले"],"other":[{"t":"idOrVar","v":"value"}," मिनट पहले"]},"$x":[{"t":"idOrVar","v":"plural"},"value"]},{"$i":"hours-ago-long","$v":{"zero":"अभी","one":"एक घंटे पहले","two":[{"t":"idOrVar","v":"value"}," घंटे पहले"],"few":[{"t":"idOrVar","v":"value"}," घंटे पहले"],"many":[{"t":"idOrVar","v":"value"}," घंटे पहले"],"other":[{"t":"idOrVar","v":"value"}," घंटे पहले"]},"$x":[{"t":"idOrVar","v":"plural"},"value"]},{"$i":"days-ago-long","$v":{"zero":"आज","one":"बीता कल","two":[{"t":"idOrVar","v":"value"}," दिनों पहले"],"few":[{"t":"idOrVar","v":"value"}," दिनों पहले"],"many":[{"t":"idOrVar","v":"value"}," दिनों पहले"],"other":[{"t":"idOrVar","v":"value"}," दिनों पहले"]},"$x":[{"t":"idOrVar","v":"plural"},"value"]},{"$i":"weeks-ago-long","$v":{"zero":"इस सप्ताह","one":"पिछले सप्ताह","two":[{"t":"idOrVar","v":"value"}," सप्ताह पहले"],"few":[{"t":"idOrVar","v":"value"}," सप्ताह पहले"],"many":[{"t":"idOrVar","v":"value"}," सप्ताह पहले"],"other":[{"t":"idOrVar","v":"value"}," सप्ताह पहले"]},"$x":[{"t":"idOrVar","v":"plural"},"value"]},{"$i":"months-ago-long","$v":{"zero":"इस महीने","one":"पिछले महीने","two":[{"t":"idOrVar","v":"value"}," महीनों पहले"],"few":[{"t":"idOrVar","v":"value"}," महीनों पहले"],"many":[{"t":"idOrVar","v":"value"}," महीनों पहले"],"other":[{"t":"idOrVar","v":"value"}," महीनों पहले"]},"$x":[{"t":"idOrVar","v":"plural"},"value"]},{"$i":"years-ago-long","$v":{"zero":"इस वर्ष","one":"पिछले वर्ष","two":[{"t":"idOrVar","v":"value"}," वर्ष पहले"],"few":[{"t":"idOrVar","v":"value"}," वर्ष पहले"],"many":[{"t":"idOrVar","v":"value"}," वर्ष पहले"],"other":[{"t":"idOrVar","v":"value"}," वर्ष पहले"]},"$x":[{"t":"idOrVar","v":"plural"},"value"]},{"$i":"minutes-until-long","$v":{"zero":"अभी","one":"एक मिनट में","two":[{"t":"idOrVar","v":"value"}," मिनट में"],"few":[{"t":"idOrVar","v":"value"}," मिनट में"],"many":[{"t":"idOrVar","v":"value"}," मिनट में"],"other":[{"t":"idOrVar","v":"value"}," मिनट में"]},"$x":[{"t":"idOrVar","v":"plural"},"value"]},{"$i":"hours-until-long","$v":{"zero":"अभी","one":"एक घंटे में","two":[{"t":"idOrVar","v":"value"}," घंटों में"],"few":[{"t":"idOrVar","v":"value"}," घंटों में"],"many":[{"t":"idOrVar","v":"value"}," घंटों में"],"other":[{"t":"idOrVar","v":"value"}," घंटों में"]},"$x":[{"t":"idOrVar","v":"plural"},"value"]},{"$i":"days-until-long","$v":{"zero":"आज","one":"कल","two":[{"t":"idOrVar","v":"value"}," दिनों में"],"few":[{"t":"idOrVar","v":"value"}," दिनों में"],"many":[{"t":"idOrVar","v":"value"}," दिनों में"],"other":[{"t":"idOrVar","v":"value"}," दिनों में"]},"$x":[{"t":"idOrVar","v":"plural"},"value"]},{"$i":"weeks-until-long","$v":{"zero":"इस सप्ताह","one":"अगले सप्ताह","two":[{"t":"idOrVar","v":"value"}," सप्ताह में"],"few":[{"t":"idOrVar","v":"value"}," सप्ताह में"],"many":[{"t":"idOrVar","v":"value"}," सप्ताह में"],"other":[{"t":"idOrVar","v":"value"}," सप्ताह में"]},"$x":[{"t":"idOrVar","v":"plural"},"value"]},{"$i":"months-until-long","$v":{"zero":"इस महीने","one":"अगले महीने","two":[{"t":"idOrVar","v":"value"}," महीनो में"],"few":[{"t":"idOrVar","v":"value"}," महीनो में"],"many":[{"t":"idOrVar","v":"value"}," महीनो में"],"other":[{"t":"idOrVar","v":"value"}," महीनो में"]},"$x":[{"t":"idOrVar","v":"plural"},"value"]},{"$i":"years-until-long","$v":{"zero":"इस वर्ष","one":"अगले वर्ष","two":[{"t":"idOrVar","v":"value"}," वर्षों में"],"few":[{"t":"idOrVar","v":"value"}," वर्षों में"],"many":[{"t":"idOrVar","v":"value"}," वर्षों में"],"other":[{"t":"idOrVar","v":"value"}," वर्षों में"]},"$x":[{"t":"idOrVar","v":"plural"},"value"]},{"$i":"minutes-ago-short","$v":{"zero":"अभी","other":[{"t":"idOrVar","v":"value"}," मिनट पहले"]},"$x":[{"t":"idOrVar","v":"plural"},"value"]},{"$i":"hours-ago-short","$v":{"zero":"अभी","other":[{"t":"idOrVar","v":"value"}," घंटे पहले"]},"$x":[{"t":"idOrVar","v":"plural"},"value"]},{"$i":"days-ago-short","$v":{"zero":"आज","other":[{"t":"idOrVar","v":"value"}," दिनों पहले"]},"$x":[{"t":"idOrVar","v":"plural"},"value"]},{"$i":"minutes-until-short","$v":{"zero":"अभी","other":[{"t":"idOrVar","v":"value"},"मिनिट में"]},"$x":[{"t":"idOrVar","v":"plural"},"value"]},{"$i":"hours-until-short","$v":{"zero":"अभी","other":[{"t":"idOrVar","v":"value"},"घंटे में"]},"$x":[{"t":"idOrVar","v":"plural"},"value"]},{"$i":"days-until-short","$v":{"zero":"आज","other":[{"t":"idOrVar","v":"value"},"दिन में"]},"$x":[{"t":"idOrVar","v":"plural"},"value"]},{"$i":"incorrectDate","$v":"(गलत दिनांक)"},{"$i":"dateTimeFormat_%c","$v":"%a %b %e %Y %I:%M:%S %p"},{"$i":"dateTimeFormat_%x","$v":"%m/%d/%Y"},{"$i":"dateTimeFormat_%X","$v":"%I:%M:%S %p"},{"$i":"shortTimeFormat","$v":"%I:%M %p"},{"$i":"shortTimeFormat12","$v":"%I:%M %p"},{"$i":"shortTimeFormat24","$v":"%H:%M"},{"$i":"shortDateTimeFormat","$v":"%x %I:%M %p"},{"$i":"weekStartsOnMonday","$v":"0"},{"$i":"firstDayOfTheWeek","$v":"0"},{"$i":"time_am","$v":"AM"},{"$i":"time_pm","$v":"PM"},{"$i":"softkey-options","$v":"विकल्प"}]