[{"$i":"done","$v":"ಮುಗಿದಿದೆ"},{"$i":"number-selected2","$v":{"zero":[{"t":"idOrVar","v":"n"}," ಆಯ್ಕೆ ಮಾಡಲಾಗಿದೆ"],"one":[{"t":"idOrVar","v":"n"}," ಆಯ್ಕೆ ಮಾಡಲಾಗಿದೆ"],"two":[{"t":"idOrVar","v":"n"}," ಆಯ್ಕೆ ಮಾಡಲಾಗಿದೆ"],"few":[{"t":"idOrVar","v":"n"}," ಆಯ್ಕೆ ಮಾಡಲಾಗಿದೆ"],"many":[{"t":"idOrVar","v":"n"}," ಆಯ್ಕೆ ಮಾಡಲಾಗಿದೆ"],"other":[{"t":"idOrVar","v":"n"}," ಆಯ್ಕೆ ಮಾಡಲಾಗಿದೆ"]},"$x":[{"t":"idOrVar","v":"plural"},"n"]},{"$i":"delete-n-items?","$v":{"zero":"ಯಾವುದನ್ನೂ ಆಯ್ಕೆ ಮಾಡಿಲ್ಲ","one":"ಆಯ್ಕೆಮಾಡಿದ ವಿಡಿಯೋವನ್ನು ಅಳಿಸಿ?","two":[{"t":"idOrVar","v":"n"}," ವಿಡಿಯೋಗಳನ್ನು ಅಳಿಸಿ?"],"few":[{"t":"idOrVar","v":"n"}," ವಿಡಿಯೋಗಳನ್ನು ಅಳಿಸಿ?"],"many":[{"t":"idOrVar","v":"n"}," ವಿಡಿಯೋಗಳನ್ನು ಅಳಿಸಿ?"],"other":[{"t":"idOrVar","v":"n"}," ವಿಡಿಯೋಗಳನ್ನು ಅಳಿಸಿ?"]},"$x":[{"t":"idOrVar","v":"plural"},"n"]},{"$i":"share-noprovider","$v":"ಒಂದೇ ಬಾರಿಗೆ ವೀಡಿಯೋವನ್ನು ಹಂಚಿಕೊಳ್ಳಲು ಪ್ರಯತ್ನಿಸಿ."},{"$i":"videos","$v":"ವೀಡಿಯೊಗಳು"},{"$i":"cancel","$v":"ರದ್ದು ಮಾಡಿ"},{"$i":"delete-video?","$v":"ಆಯ್ಕೆಮಾಡಿದ ವಿಡಿಯೋವನ್ನು ಅಳಿಸಿ?"},{"$i":"empty-title","$v":"ಪ್ರಾರಂಭಿಸಲು ವಿಡಿಯೋಗಳನ್ನು ಸೇರಿಸಿ"},{"$i":"empty-text","$v":"ಯಾವುದೇ ವೀಡಿಯೋಗಳು ಲಭ್ಯವಿಲ್ಲ."},{"$i":"nocard2-title","$v":"ಯಾವುದೇ ಮೆಮೊರಿ ಕಾರ್ಡ್‌ ಕಂಡುಬಂದಿಲ್ಲ"},{"$i":"nocard3-text","$v":"ಮೆಮೊರಿ ಕಾರ್ಡ್ ಕಂಡಿಲ್ಲ ವಿಡಿಯೋ ತೆಗೆದುಕೊಳ್ಳಲು ದಯವಿಟ್ಟು ಒಂದು ಮೆಮೊರಿ ಕಾರ್ಡ್ ಅನ್ನು ಸೇರಿಸಿ."},{"$i":"pluggedin-title","$v":"ಪ್ಲಗ್ ಇನ್ ಆದಾಗ ವೀಡಿಯೋ ನೋಡಲಾಗದು"},{"$i":"pluggedin-text","$v":"ಡಿವೈಸ್ ಸ್ಟೋರೇಜ್ ಅನ್ನು ಪ್ರಸ್ತುತವಾಗಿ ಬಳಸಲಾಗುತ್ತಿದೆ. ದಯವಿಟ್ಟು ವೀಡಿಯೊಗಳನ್ನು ತೆಗೆದುಕೊಳ್ಳಲು ಫೋನ್ ಅನ್ನು ಅನ್‌ಪ್ಲಗ್ ಮಾಡಿ"},{"$i":"upgrade-title","$v":"ಡೇಟಾಬೇಸ್ ಅಪ್ಗ್ರೇಡ್"},{"$i":"upgrade-text","$v":"ವಿಡಿಯೋ ತನ್ನ ಡೇಟಾಬೇಸ್‌ಅನ್ನು ಅಪ್‌ಡೇಟ್ ಮಾಡುವವರೆಗೆ ದಯವಿಟ್ಟು ನಿರೀಕ್ಷಿಸಿ."},{"$i":"confirm-delete","$v":"ನೀವು ನಿಜವಾಗಲೂ ಅಳಿಸಬಯಸುವಿರಾ:"},{"$i":"pick-title","$v":"ವೀಡಿಯೋ ಆಯ್ಕೆ ಮಾಡಿ"},{"$i":"save","$v":"ಸೇವ್ ಮಾಡಿ"},{"$i":"saved","$v":"ವೀಡಿಯೋ ಲೈಬ್ರರಿಗೆ ಉಳಿಸಲಾಗಿದೆ."},{"$i":"error-network","$v":"ನೆಟ್‌ವರ್ಕ್‌ ದೋಷದಿಂದಾಗಿ ವೀಡಿಯೋ ಡೌನ್‌ಲೋಡ್ ಮಾಡಲಾಗದು."},{"$i":"error-unsupported","$v":"ವೀಡಿಯೋ ಪ್ಲೇ ಮಾಡಲಾಗದು: ಸರ್ವರ್ ಅಥವಾ ನೆಟ್‌ವರ್ಕ್‌ಗಳಲ್ಲೊಂದು ವಿಫಲವಾಗಿದೆ ಅಥವಾ ಫಾರ್ಮ್ಯಾಟ್ ಬೆಂಬಲಿಸುತ್ತಿಲ್ಲ."},{"$i":"error-unknown","$v":"ಒಂದು ತಿಳಿದಿರದ ವಿಡಿಯೋ ದೋಷ ಸಂಭವಿಸಿದೆ."},{"$i":"video-hardware-in-use-title","$v":"ವೀಡಿಯೋ ಪ್ಲೇ ಮಾಡಲಾಗದು"},{"$i":"video-hardware-in-use-text","$v":"ಇನ್ನೊಂದು ಆಪ್ ಪ್ರಸ್ತುತ ವಿಡಿಯೋ ಪ್ಲೇಯರ್ ಅನ್ನು ಬಳಕೆ ಮಾಡುತ್ತಿದೆ."},{"$i":"overlay-cancel-button","$v":"ರದ್ದು ಮಾಡಿ"},{"$i":"overlay-camera-button","$v":"ಕ್ಯಾಮರಾಕ್ಕೆ ಹೋಗಿ"},{"$i":"name-label","$v":"ಹೆಸರು"},{"$i":"length-label","$v":"ಉದ್ದ"},{"$i":"size-label","$v":"ಗಾತ್ರ"},{"$i":"video-type-label","$v":"ವೀಡಿಯೊ ವಿಧ"},{"$i":"date-taken-label","$v":"ತೆಗೆದುಕೊಂಡ ದಿನಾಂಕ"},{"$i":"resolution-label","$v":"ರಿಸೊಲ್ಯುಶನ್"},{"$i":"close-button","$v":"ಮುಚ್ಚಿರಿ"},{"$i":"byteUnit-B","$v":"ಬೈಟ್‌"},{"$i":"byteUnit-KB","$v":"KB"},{"$i":"byteUnit-MB","$v":"MB"},{"$i":"byteUnit-GB","$v":"GB"},{"$i":"byteUnit-TB","$v":"TB"},{"$i":"byteUnit-PB","$v":"PB"},{"$i":"byteUnit-EB","$v":"EB"},{"$i":"byteUnit-ZB","$v":"ZB"},{"$i":"byteUnit-YB","$v":"YB"},{"$i":"date-group-header","$v":"%B %Y"},{"$i":"share","$v":"ಹಂಚು"},{"$i":"more-info","$v":"ಹೆಚ್ಚಿನ ಮಾಹಿತಿ"},{"$i":"delete","$v":"ಅಳಿಸಿ"},{"$i":"video-button","ariaLabel":"ವೀಡಿಯೊ"},{"$i":"select-button","ariaLabel":"ಆಯ್ಕೆ ಮಾಡಿ"},{"$i":"delete-button","ariaLabel":"ಅಳಿಸಿ"},{"$i":"share-button","ariaLabel":"ಹಂಚು"},{"$i":"info-view","ariaLabel":"ಮಾಹಿತಿ"},{"$i":"options-view","ariaLabel":"ಆಯ್ಕೆಗಳು"},{"$i":"confirm-dialog","ariaLabel":"ದೃಢೀಕರಿಸಿ"},{"$i":"videos-list","ariaLabel":"ವೀಡಿಯೊಗಳು"},{"$i":"options-more","ariaLabel":"ಇನ್ನಷ್ಟು"},{"$i":"seek-backward","ariaLabel":"ಹಿಂದೆ ಹೋಗಿ"},{"$i":"seek-bar","ariaLabel":["ಸೀಕ್ ಬಾರ್, ಅವಧಿ ",{"t":"idOrVar","v":"duration"}]},{"$i":"seek-forward","ariaLabel":"ಮುಂದೆ ಹೋಗಿ"},{"$i":"play-button","ariaLabel":"ಪ್ಲೇ ಮಾಡಿ"},{"$i":"pause-button","ariaLabel":"ವಿರಾಮಗೊಳಿಸು"},{"$i":"fullscreen-button","ariaLabel":"ಫುಲ್ ಸ್ಕ್ರೀನ್"},{"$i":"show-controls-button","ariaLabel":"ಕಂಟ್ರೋಲ್‌ಗಳನ್ನು ತೋರಿಸಿ"},{"$i":"hide-controls-button","ariaLabel":"ಕಂಟ್ರೋಲ್‌ಗಳನ್ನು ಗೌಪ್ಯವಾಗಿಸಿ"},{"$i":"spinner-overlay","ariaValueText":"ಲೋಡ್‌ ಆಗುತ್ತಿದೆ"},{"$i":"confirmation-title","$v":"ದೃಢೀಕರಣ"},{"$i":"n-video-deleted","$v":{"zero":"ಯಾವುದನ್ನೂ ಆಯ್ಕೆ ಮಾಡಿಲ್ಲ","one":"ವೀಡಿಯೊ ಈಗಾಗಲೇ ಅಳಿಸಲಾಗಿದೆ","two":[{"t":"idOrVar","v":"n"}," ವೀಡಿಯೋಗಳನ್ನು ಅಳಿಸಲಾಗಿದೆ"],"few":[{"t":"idOrVar","v":"n"}," ವೀಡಿಯೋಗಳನ್ನು ಅಳಿಸಲಾಗಿದೆ"],"many":[{"t":"idOrVar","v":"n"}," ವೀಡಿಯೋಗಳನ್ನು ಅಳಿಸಲಾಗಿದೆ"],"other":[{"t":"idOrVar","v":"n"}," ವೀಡಿಯೋಗಳನ್ನು ಅಳಿಸಲಾಗಿದೆ"]},"$x":[{"t":"idOrVar","v":"plural"},"n"]},{"$i":"rename-saved","$v":"ಉಳಿಸಲಾದ ಬದಲಾವಣೆಗಳು"},{"$i":"confirm-video","$v":"ವೀಡಿಯೊ"},{"$i":"confirm-ok","$v":"ಸರಿ"},{"$i":"options-header","$v":"ಆಯ್ಕೆಗಳು"},{"$i":"video-invalid-name","$v":"ಅಮಾನ್ಯ ಹೆಸರು"},{"$i":"name-already-exists","$v":"ಈ ಹೆಸರು ಈಗಾಗಲೇ ಅಸ್ತಿತ್ವದಲ್ಲಿದೆ"},{"$i":"override-warning-msg","$v":"ಪ್ರಸ್ತುತ ಫೈಲ್ವನ್ನು ಓವರ್‌ರೈಡ್ ಮಾಡಲು ಬಯಸುವಿರಾ?"},{"$i":"override","$v":"ಓವರ್‌ರೈಡ್"},{"$i":"opt-takevideo","$v":"ವೀಡಿಯೋ ತೆಗೆಯಿರಿ"},{"$i":"opt-select","$v":"ಆಯ್ಕೆ ಮಾಡಿ"},{"$i":"opt-delete","$v":"ಅಳಿಸಿ"},{"$i":"opt-rename","$v":"ಮರುಹೆಸರಿಸಿ"},{"$i":"opt-selectmultiple","$v":"ಹಲವು ಆಯ್ಕೆ ಮಾಡಿ"},{"$i":"opt-fileinfo","$v":"ಫೈಲ್ ಮಾಹಿತಿ"},{"$i":"opt-selectall","$v":"ಎಲ್ಲ ಆಯ್ಕೆ ಮಾಡಿ"},{"$i":"opt-deselectall","$v":"ಎಲ್ಲ ಆಯ್ಕೆ ತೆಗೆಯಿರಿ"},{"$i":"opt-fullscreen","$v":"ಫುಲ್ ಸ್ಕ್ರೀನ್"},{"$i":"opt-play","$v":"ಪ್ಲೇ ಮಾಡಿ"},{"$i":"opt-pause","$v":"ವಿರಾಮಗೊಳಿಸು"},{"$i":"weekday-0-long","$v":"ಭಾನುವಾರ"},{"$i":"weekday-1-long","$v":"ಸೋಮವಾರ"},{"$i":"weekday-2-long","$v":"ಮಂಗಳವಾರ"},{"$i":"weekday-3-long","$v":"ಬುಧವಾರ"},{"$i":"weekday-4-long","$v":"ಗುರುವಾರ"},{"$i":"weekday-5-long","$v":"ಶುಕ್ರವಾರ"},{"$i":"weekday-6-long","$v":"ಶನಿವಾರ"},{"$i":"weekday-0-short","$v":"ಭಾನು"},{"$i":"weekday-1-short","$v":"ಸೋಮ"},{"$i":"weekday-2-short","$v":"ಮಂಗಳ"},{"$i":"weekday-3-short","$v":"ಬುಧ"},{"$i":"weekday-4-short","$v":"ಗುರು"},{"$i":"weekday-5-short","$v":"ಶುಕ್ರ"},{"$i":"weekday-6-short","$v":"ಶನಿವಾರ"},{"$i":"month-0-long","$v":"ಜನವರಿ"},{"$i":"month-1-long","$v":"ಫೆಬ್ರವರಿ"},{"$i":"month-2-long","$v":"ಮಾರ್ಚ್"},{"$i":"month-3-long","$v":"ಏಪ್ರಿಲ್"},{"$i":"month-4-long","$v":"ಮೇ"},{"$i":"month-5-long","$v":"ಜೂನ್"},{"$i":"month-6-long","$v":"ಜುಲೈ"},{"$i":"month-7-long","$v":"ಆಗಸ್ಟ್"},{"$i":"month-8-long","$v":"ಸಪ್ಟೆಂಬರ್"},{"$i":"month-9-long","$v":"ಅಕ್ಟೋಬರ್"},{"$i":"month-10-long","$v":"ನವೆಂಬರ್"},{"$i":"month-11-long","$v":"ಡಿಸೆಂಬರ್"},{"$i":"month-0-genitive","$v":"ಜನವರಿ"},{"$i":"month-1-genitive","$v":"ಫೆಬ್ರವರಿ"},{"$i":"month-2-genitive","$v":"ಮಾರ್ಚ್"},{"$i":"month-3-genitive","$v":"ಏಪ್ರಿಲ್"},{"$i":"month-4-genitive","$v":"ಮೇ"},{"$i":"month-5-genitive","$v":"ಜೂನ್"},{"$i":"month-6-genitive","$v":"ಜುಲೈ"},{"$i":"month-7-genitive","$v":"ಆಗಸ್ಟ್"},{"$i":"month-8-genitive","$v":"ಸಪ್ಟೆಂಬರ್"},{"$i":"month-9-genitive","$v":"ಅಕ್ಟೋಬರ್"},{"$i":"month-10-genitive","$v":"ನವೆಂಬರ್"},{"$i":"month-11-genitive","$v":"ಡಿಸೆಂಬರ್"},{"$i":"month-0-short","$v":"ಜನವರಿ"},{"$i":"month-1-short","$v":"ಫೆಬ್ರವರಿ"},{"$i":"month-2-short","$v":"ಮಾರ್ಚ್"},{"$i":"month-3-short","$v":"ಏಪ್ರಿಲ್"},{"$i":"month-4-short","$v":"ಮೇ"},{"$i":"month-5-short","$v":"ಜೂನ್"},{"$i":"month-6-short","$v":"ಜುಲೈ"},{"$i":"month-7-short","$v":"ಆಗಸ್ಟ್"},{"$i":"month-8-short","$v":"ಸೆಪ್ಟೆಂಬರ್"},{"$i":"month-9-short","$v":"ಅಕ್ಟೋಬರ್"},{"$i":"month-10-short","$v":"ನವೆಂಬರ್"},{"$i":"month-11-short","$v":"ಡಿಸೆಂಬರ್"},{"$i":"minutes-ago-long","$v":{"zero":"ಈಗಷ್ಟೇ","one":"ಒಂದು ನಿಮಿಷದ ಹಿಂದೆ","two":[{"t":"idOrVar","v":"value"}," ನಿಮಿಷಗಳ ಹಿಂದೆ"],"few":[{"t":"idOrVar","v":"value"}," ನಿಮಿಷಗಳ ಹಿಂದೆ"],"many":[{"t":"idOrVar","v":"value"}," ನಿಮಿಷಗಳ ಹಿಂದೆ"],"other":[{"t":"idOrVar","v":"value"}," ನಿಮಿಷಗಳ ಹಿಂದೆ"]},"$x":[{"t":"idOrVar","v":"plural"},"value"]},{"$i":"hours-ago-long","$v":{"zero":"ಈಗಷ್ಟೇ","one":"ಒಂದು ಗಂಟೆ ಹಿಂದೆ","two":[{"t":"idOrVar","v":"value"}," ಗಂಟೆಗಳ ಹಿಂದೆ"],"few":[{"t":"idOrVar","v":"value"}," ಗಂಟೆಗಳ ಹಿಂದೆ"],"many":[{"t":"idOrVar","v":"value"}," ಗಂಟೆಗಳ ಹಿಂದೆ"],"other":[{"t":"idOrVar","v":"value"}," ಗಂಟೆಗಳ ಹಿಂದೆ"]},"$x":[{"t":"idOrVar","v":"plural"},"value"]},{"$i":"days-ago-long","$v":{"zero":"ಇಂದು","one":"ನಿನ್ನೆ","two":[{"t":"idOrVar","v":"value"}," ದಿನಗಳ ಹಿಂದೆ"],"few":[{"t":"idOrVar","v":"value"}," ದಿನಗಳ ಹಿಂದೆ"],"many":[{"t":"idOrVar","v":"value"}," ದಿನಗಳ ಹಿಂದೆ"],"other":[{"t":"idOrVar","v":"value"}," ದಿನಗಳ ಹಿಂದೆ"]},"$x":[{"t":"idOrVar","v":"plural"},"value"]},{"$i":"weeks-ago-long","$v":{"zero":"ಈ ವಾರ","one":"ಕಳೆದ ವಾರ","two":[{"t":"idOrVar","v":"value"}," ವಾರಗಳ ಹಿಂದೆ"],"few":[{"t":"idOrVar","v":"value"}," ವಾರಗಳ ಹಿಂದೆ"],"many":[{"t":"idOrVar","v":"value"}," ವಾರಗಳ ಹಿಂದೆ"],"other":[{"t":"idOrVar","v":"value"}," ವಾರಗಳ ಹಿಂದೆ"]},"$x":[{"t":"idOrVar","v":"plural"},"value"]},{"$i":"months-ago-long","$v":{"zero":"ಈ ತಿಂಗಳು","one":"ಕಳೆದ ತಿಂಗಳು","two":[{"t":"idOrVar","v":"value"}," ತಿಂಗಳುಗಳ ಹಿಂದೆ"],"few":[{"t":"idOrVar","v":"value"}," ತಿಂಗಳುಗಳ ಹಿಂದೆ"],"many":[{"t":"idOrVar","v":"value"}," ತಿಂಗಳುಗಳ ಹಿಂದೆ"],"other":[{"t":"idOrVar","v":"value"}," ತಿಂಗಳುಗಳ ಹಿಂದೆ"]},"$x":[{"t":"idOrVar","v":"plural"},"value"]},{"$i":"years-ago-long","$v":{"zero":"ಈ ವರ್ಷ","one":"ಕಳೆದ ವರ್ಷ","two":[{"t":"idOrVar","v":"Value"}," ವರ್ಷಗಳ ಹಿಂದೆ"],"few":[{"t":"idOrVar","v":"Value"}," ವರ್ಷಗಳ ಹಿಂದೆ"],"many":[{"t":"idOrVar","v":"Value"}," ವರ್ಷಗಳ ಹಿಂದೆ"],"other":[{"t":"idOrVar","v":"Value"}," ವರ್ಷಗಳ ಹಿಂದೆ"]},"$x":[{"t":"idOrVar","v":"plural"},"value"]},{"$i":"minutes-until-long","$v":{"zero":"ಇದೀಗ","one":"ಒಂದು ನಿಮಿಷದಲ್ಲಿ","two":[{"t":"idOrVar","v":"value"}," ನಿಮಿಷಗಳಲ್ಲಿ"],"few":[{"t":"idOrVar","v":"value"}," ನಿಮಿಷಗಳಲ್ಲಿ"],"many":[{"t":"idOrVar","v":"value"}," ನಿಮಿಷಗಳಲ್ಲಿ"],"other":[{"t":"idOrVar","v":"value"}," ನಿಮಿಷಗಳಲ್ಲಿ"]},"$x":[{"t":"idOrVar","v":"plural"},"value"]},{"$i":"hours-until-long","$v":{"zero":"ಇದೀಗ","one":"ಒಂದು ಗಂಟೆಯಲ್ಲಿ","two":[{"t":"idOrVar","v":"value"}," ಗಂಟೆಗಳಲ್ಲಿ"],"few":[{"t":"idOrVar","v":"value"}," ಗಂಟೆಗಳಲ್ಲಿ"],"many":[{"t":"idOrVar","v":"value"}," ಗಂಟೆಗಳಲ್ಲಿ"],"other":[{"t":"idOrVar","v":"value"}," ಗಂಟೆಗಳಲ್ಲಿ"]},"$x":[{"t":"idOrVar","v":"plural"},"value"]},{"$i":"days-until-long","$v":{"zero":"ಇಂದು","one":"ನಾಳೆ","two":[{"t":"idOrVar","v":"value"}," ದಿನಗಳಲ್ಲಿ"],"few":[{"t":"idOrVar","v":"value"}," ದಿನಗಳಲ್ಲಿ"],"many":[{"t":"idOrVar","v":"value"}," ದಿನಗಳಲ್ಲಿ"],"other":[{"t":"idOrVar","v":"value"}," ದಿನಗಳಲ್ಲಿ"]},"$x":[{"t":"idOrVar","v":"plural"},"value"]},{"$i":"weeks-until-long","$v":{"zero":"ಈ ವಾರ","one":"ಮುಂದಿನ ವಾರ","two":[{"t":"idOrVar","v":"value"}," ವಾರಗಳಲ್ಲಿ"],"few":[{"t":"idOrVar","v":"value"}," ವಾರಗಳಲ್ಲಿ"],"many":[{"t":"idOrVar","v":"value"}," ವಾರಗಳಲ್ಲಿ"],"other":[{"t":"idOrVar","v":"value"}," ವಾರಗಳಲ್ಲಿ"]},"$x":[{"t":"idOrVar","v":"plural"},"value"]},{"$i":"months-until-long","$v":{"zero":"ಈ ತಿಂಗಳು","one":"ಮುಂದಿನ ತಿಂಗಳು","two":[{"t":"idOrVar","v":"value"}," ತಿಂಗಳುಗಳಲ್ಲಿ"],"few":[{"t":"idOrVar","v":"value"}," ತಿಂಗಳುಗಳಲ್ಲಿ"],"many":[{"t":"idOrVar","v":"value"}," ತಿಂಗಳುಗಳಲ್ಲಿ"],"other":[{"t":"idOrVar","v":"value"}," ತಿಂಗಳುಗಳಲ್ಲಿ"]},"$x":[{"t":"idOrVar","v":"plural"},"value"]},{"$i":"years-until-long","$v":{"zero":"ಈ ವರ್ಷ","one":"ಮುಂದಿನ ವರ್ಷ","two":[{"t":"idOrVar","v":"value"}," ವರ್ಷಗಳಲ್ಲಿ"],"few":[{"t":"idOrVar","v":"value"}," ವರ್ಷಗಳಲ್ಲಿ"],"many":[{"t":"idOrVar","v":"value"}," ವರ್ಷಗಳಲ್ಲಿ"],"other":[{"t":"idOrVar","v":"value"}," ವರ್ಷಗಳಲ್ಲಿ"]},"$x":[{"t":"idOrVar","v":"plural"},"value"]},{"$i":"minutes-ago-short","$v":{"zero":"ಈಗಷ್ಟೇ","other":[{"t":"idOrVar","v":"value"},"ನಿಮಿಷಗಳ ಹಿಂದೆ"]},"$x":[{"t":"idOrVar","v":"plural"},"value"]},{"$i":"hours-ago-short","$v":{"zero":"ಈಗಷ್ಟೇ","other":[{"t":"idOrVar","v":"value"},"ಗಂಟೆಗಳ ಹಿಂದೆ"]},"$x":[{"t":"idOrVar","v":"plural"},"value"]},{"$i":"days-ago-short","$v":{"zero":"ಇಂದು","other":[{"t":"idOrVar","v":"value"},"ದಿನದ ಹಿಂದೆ"]},"$x":[{"t":"idOrVar","v":"plural"},"value"]},{"$i":"minutes-until-short","$v":{"zero":"ಇದೀಗ","other":[{"t":"idOrVar","v":"value"},"ನಿಮಿಷಗಳಲ್ಲಿ"]},"$x":[{"t":"idOrVar","v":"plural"},"value"]},{"$i":"hours-until-short","$v":{"zero":"ಇದೀಗ","other":[{"t":"idOrVar","v":"value"},"ಗಂಟೆಗಳಲ್ಲಿ"]},"$x":[{"t":"idOrVar","v":"plural"},"value"]},{"$i":"days-until-short","$v":{"zero":"ಇಂದು","other":[{"t":"idOrVar","v":"value"},"ದಿನದಲ್ಲಿ"]},"$x":[{"t":"idOrVar","v":"plural"},"value"]},{"$i":"incorrectDate","$v":"(ತಪ್ಪಾದ ದಿನಾಂಕ)"},{"$i":"dateTimeFormat_%c","$v":"%a %b %e %Y %I:%M:%S %p"},{"$i":"dateTimeFormat_%x","$v":"%m/%d/%Y"},{"$i":"dateTimeFormat_%X","$v":"%I:%M:%S %p"},{"$i":"shortTimeFormat","$v":"%I:%M %p"},{"$i":"shortTimeFormat12","$v":"%I:%M %p"},{"$i":"shortTimeFormat24","$v":"%H:%M"},{"$i":"shortDateTimeFormat","$v":"%x %I:%M %p"},{"$i":"weekStartsOnMonday","$v":"0"},{"$i":"firstDayOfTheWeek","$v":"0"},{"$i":"time_am","$v":"AM"},{"$i":"time_pm","$v":"PM"},{"$i":"softkey-options","$v":"ಆಯ್ಕೆಗಳು"}]