[{"$i":"done","$v":"केलें"},{"$i":"number-selected2","$v":{"zero":[{"t":"idOrVar","v":"n"}," वेंचलां"],"one":[{"t":"idOrVar","v":"n"}," वेंचलां"],"two":[{"t":"idOrVar","v":"n"}," वेंचलां"],"few":[{"t":"idOrVar","v":"n"}," वेंचलां"],"many":[{"t":"idOrVar","v":"n"}," वेंचलां"],"other":[{"t":"idOrVar","v":"n"}," वेंचलां"]},"$x":[{"t":"idOrVar","v":"plural"},"n"]},{"$i":"delete-n-items?","$v":{"zero":"कांयच वेंचूक ना","one":"वेंचीक व्हिडियो वगळावचो?","two":[{"t":"idOrVar","v":"n"}," व्हिडियो वगळावचे?"],"few":[{"t":"idOrVar","v":"n"}," व्हिडियो वगळावचे?"],"many":[{"t":"idOrVar","v":"n"}," व्हिडियो वगळावचे?"],"other":[{"t":"idOrVar","v":"n"}," व्हिडियो वगळावचे?"]},"$x":[{"t":"idOrVar","v":"plural"},"n"]},{"$i":"share-noprovider","$v":"एके वेळार एक व्हिडियो वांटपाचो यत्न करचो."},{"$i":"videos","$v":"व्हिडियो"},{"$i":"cancel","$v":"रद्द करचें"},{"$i":"delete-video?","$v":"वेंचीक व्हिडियो वगळावचो?"},{"$i":"empty-title","$v":"सुरू करूंक व्हिडियो जोडचे"},{"$i":"empty-text","$v":"व्हिडियो उपलब्ध ना."},{"$i":"nocard2-title","$v":"खंयचेंच मेमरी कार्ड मेळुंक ना"},{"$i":"nocard3-text","$v":"मेमरी कार्ड मेळुंक ना. उपकार करून व्हिडियो घेवंक एक मेमरी कार्ड रिगोवचें."},{"$i":"pluggedin-title","$v":"प्लग इन केल्लें आसतना व्हिडियो पळोवंक शकनात"},{"$i":"pluggedin-text","$v":"डिव्हायस सांठवणसद्या वापरली वता. उपकार करून व्हिडियो घेवंक फोन अनप्लग करचो"},{"$i":"upgrade-title","$v":"डेटाबेस अपग्रेड"},{"$i":"upgrade-text","$v":"उपकार करून व्हिडियो ताची डेटाबेस अपडेट करता मेरेन वाट पळोवची."},{"$i":"confirm-delete","$v":"तुमकां वगळावचें आसा हाची तुमकां खात्री आसा:"},{"$i":"pick-title","$v":"व्हिडियो वेंच्चो"},{"$i":"save","$v":"सांबाळ"},{"$i":"saved","$v":"व्हिडियो लायब्ररी कडेन सांबाळचें."},{"$i":"error-network","$v":"व्हिडियो डावनलोड करूंक शकले ना कारण नॅटवर्क चूक जाली."},{"$i":"error-unsupported","$v":"व्हिडियो पळोवंक शकनात: कारण एकतर सर्वर वा नॅटवर्क अपेशी जालां वा स्वरुपाक तेंको नासतलो.."},{"$i":"error-unknown","$v":"एक अज्ञात व्हिडियो चूक उप्राशिल्ली."},{"$i":"video-hardware-in-use-title","$v":"व्हिडियो वाजोवंक शकना"},{"$i":"video-hardware-in-use-text","$v":"दुसरें ऍप्लिकेशन सद्या व्हिडियो प्लेयर वापरता."},{"$i":"overlay-cancel-button","$v":"रद्द करचें"},{"$i":"overlay-camera-button","$v":"कॅमे-यात वच्चें"},{"$i":"name-label","$v":"नांव"},{"$i":"length-label","$v":"लांबाय"},{"$i":"size-label","$v":"आकार"},{"$i":"video-type-label","$v":"व्हिडियो प्रकार"},{"$i":"date-taken-label","$v":"घेतिल्ली तारीख"},{"$i":"resolution-label","$v":"रिजोल्युशन"},{"$i":"close-button","$v":"बंद कर"},{"$i":"byteUnit-B","$v":"बायट्स"},{"$i":"byteUnit-KB","$v":"KB"},{"$i":"byteUnit-MB","$v":"MB"},{"$i":"byteUnit-GB","$v":"GB"},{"$i":"byteUnit-TB","$v":"TB"},{"$i":"byteUnit-PB","$v":"PB"},{"$i":"byteUnit-EB","$v":"EB"},{"$i":"byteUnit-ZB","$v":"ZB"},{"$i":"byteUnit-YB","$v":"YB"},{"$i":"date-group-header","$v":"%B %Y"},{"$i":"share","$v":"वांटून घेयात"},{"$i":"more-info","$v":"चड म्हायती"},{"$i":"delete","$v":"पुसून उडयात"},{"$i":"video-button","ariaLabel":"व्हिडिओ"},{"$i":"select-button","ariaLabel":"वेंच्चें"},{"$i":"delete-button","ariaLabel":"पुसून उडयात"},{"$i":"share-button","ariaLabel":"वांटून घेयात"},{"$i":"info-view","ariaLabel":"म्हायती"},{"$i":"options-view","ariaLabel":"पर्याय"},{"$i":"confirm-dialog","ariaLabel":"कायम करात"},{"$i":"videos-list","ariaLabel":"व्हिडियो"},{"$i":"options-more","ariaLabel":"आनीक"},{"$i":"seek-backward","ariaLabel":"फाटल्यान पळोवचें"},{"$i":"seek-bar","ariaLabel":["पटी पळोवची, कालमान ",{"t":"idOrVar","v":"duration"}]},{"$i":"seek-forward","ariaLabel":"मुखार पळोवचें"},{"$i":"play-button","ariaLabel":"चालू कर"},{"$i":"pause-button","ariaLabel":"थांबोवचें"},{"$i":"fullscreen-button","ariaLabel":"पूर्ण स्क्रिन"},{"$i":"show-controls-button","ariaLabel":"नियंत्रणां दाखोवचीं"},{"$i":"hide-controls-button","ariaLabel":"नियंत्रणां लिपोवचीं"},{"$i":"spinner-overlay","ariaValueText":"लोड जाता"},{"$i":"confirmation-title","$v":"खात्री"},{"$i":"n-video-deleted","$v":{"zero":"कांयच वेंचूक ना","one":"व्हिडियो वगळायलो","two":[{"t":"idOrVar","v":"n"}," व्हिडियो वगळायल्यात"],"few":[{"t":"idOrVar","v":"n"}," व्हिडियो वगळायल्यात"],"many":[{"t":"idOrVar","v":"n"}," व्हिडियो वगळायल्यात"],"other":[{"t":"idOrVar","v":"n"}," व्हिडियो वगळायल्यात"]},"$x":[{"t":"idOrVar","v":"plural"},"n"]},{"$i":"rename-saved","$v":"बदल सांबाळ्ळे"},{"$i":"confirm-video","$v":"व्हिडिओ"},{"$i":"confirm-ok","$v":"बरें आसा"},{"$i":"options-header","$v":"पर्याय"},{"$i":"video-invalid-name","$v":"अवैध नांव"},{"$i":"name-already-exists","$v":"हें नांव आदींच आसा"},{"$i":"override-warning-msg","$v":"तुमकां सद्याची फायल ओवररायड करची आसा?"},{"$i":"override","$v":"ओवररायड"},{"$i":"opt-takevideo","$v":"व्हिडियो घेवचो"},{"$i":"opt-select","$v":"वेंच्चें"},{"$i":"opt-delete","$v":"पुसून उडयात"},{"$i":"opt-rename","$v":"पुनर्नामकरण"},{"$i":"opt-selectmultiple","$v":"तरेकवार वेंच्चें"},{"$i":"opt-fileinfo","$v":"फायल म्हायती"},{"$i":"opt-selectall","$v":"सगळें वेंच्चें"},{"$i":"opt-deselectall","$v":"सगळ्याची वेंचणी रद्द करची"},{"$i":"opt-fullscreen","$v":"पूर्ण स्क्रिन"},{"$i":"opt-play","$v":"चालू कर"},{"$i":"opt-pause","$v":"थांबोवचें"},{"$i":"weekday-0-long","$v":"आयतार"},{"$i":"weekday-1-long","$v":"सोमार"},{"$i":"weekday-2-long","$v":"मंगळार"},{"$i":"weekday-3-long","$v":"बुधवार"},{"$i":"weekday-4-long","$v":"बिरेस्तार"},{"$i":"weekday-5-long","$v":"शुक्रार"},{"$i":"weekday-6-long","$v":"शेनवार"},{"$i":"weekday-0-short","$v":"सुर्य"},{"$i":"weekday-1-short","$v":"सोमार"},{"$i":"weekday-2-short","$v":"मं"},{"$i":"weekday-3-short","$v":"बुध"},{"$i":"weekday-4-short","$v":"बिरे"},{"$i":"weekday-5-short","$v":"शुक्र"},{"$i":"weekday-6-short","$v":"शे"},{"$i":"month-0-long","$v":"जानेवारी"},{"$i":"month-1-long","$v":"फेब्रुवारी"},{"$i":"month-2-long","$v":"मार्च"},{"$i":"month-3-long","$v":"एप्रिल"},{"$i":"month-4-long","$v":"माय"},{"$i":"month-5-long","$v":"जून"},{"$i":"month-6-long","$v":"जुलाय"},{"$i":"month-7-long","$v":"आगोस्त"},{"$i":"month-8-long","$v":"सप्टेंबर"},{"$i":"month-9-long","$v":"ऑक्टोबर"},{"$i":"month-10-long","$v":"नोव्हेंबर"},{"$i":"month-11-long","$v":"डिसेंबर"},{"$i":"month-0-genitive","$v":"जानेवारी"},{"$i":"month-1-genitive","$v":"फेब्रुवारी"},{"$i":"month-2-genitive","$v":"मार्च"},{"$i":"month-3-genitive","$v":"एप्रिल"},{"$i":"month-4-genitive","$v":"माय"},{"$i":"month-5-genitive","$v":"जून"},{"$i":"month-6-genitive","$v":"जुलाय"},{"$i":"month-7-genitive","$v":"आगोस्त"},{"$i":"month-8-genitive","$v":"सप्टेंबर"},{"$i":"month-9-genitive","$v":"ऑक्टोबर"},{"$i":"month-10-genitive","$v":"नोव्हेंबर"},{"$i":"month-11-genitive","$v":"डिसेंबर"},{"$i":"month-0-short","$v":"जान"},{"$i":"month-1-short","$v":"फेब्रु"},{"$i":"month-2-short","$v":"मार"},{"$i":"month-3-short","$v":"एप्री"},{"$i":"month-4-short","$v":"माय"},{"$i":"month-5-short","$v":"जू"},{"$i":"month-6-short","$v":"जुला"},{"$i":"month-7-short","$v":"आगो"},{"$i":"month-8-short","$v":"सप्ट"},{"$i":"month-9-short","$v":"ऑक्टो"},{"$i":"month-10-short","$v":"नो"},{"$i":"month-11-short","$v":"डिसें"},{"$i":"minutes-ago-long","$v":{"zero":"आतांच","one":"एक मिनीट आदीं","two":[{"t":"idOrVar","v":"value"}," मिन्टां आदीं"],"few":[{"t":"idOrVar","v":"value"}," मिन्टां आदीं"],"many":[{"t":"idOrVar","v":"value"}," मिन्टां आदीं"],"other":[{"t":"idOrVar","v":"value"}," मिन्टां आदीं"]},"$x":[{"t":"idOrVar","v":"plural"},"value"]},{"$i":"hours-ago-long","$v":{"zero":"आतांच","one":"एक वरा आदीं","two":[{"t":"idOrVar","v":"value"}," वरां आदीं"],"few":[{"t":"idOrVar","v":"value"}," वरां आदीं"],"many":[{"t":"idOrVar","v":"value"}," वरां आदीं"],"other":[{"t":"idOrVar","v":"value"}," वरां आदीं"]},"$x":[{"t":"idOrVar","v":"plural"},"value"]},{"$i":"days-ago-long","$v":{"zero":"आयज","one":"काल","two":[{"t":"idOrVar","v":"value"}," दीसां आदीं"],"few":[{"t":"idOrVar","v":"value"}," दीसां आदीं"],"many":[{"t":"idOrVar","v":"value"}," दीसां आदीं"],"other":[{"t":"idOrVar","v":"value"}," दीसां आदीं"]},"$x":[{"t":"idOrVar","v":"plural"},"value"]},{"$i":"weeks-ago-long","$v":{"zero":"हो सप्तक","one":"निमाणो सप्तक","two":[{"t":"idOrVar","v":"value"}," सप्तकां आदीं"],"few":[{"t":"idOrVar","v":"value"}," सप्तकां आदीं"],"many":[{"t":"idOrVar","v":"value"}," सप्तकां आदीं"],"other":[{"t":"idOrVar","v":"value"}," सप्तकां आदीं"]},"$x":[{"t":"idOrVar","v":"plural"},"value"]},{"$i":"months-ago-long","$v":{"zero":"हो म्हयनो","one":"निमाणो म्हयनो","two":[{"t":"idOrVar","v":"value"}," म्हयन्यां आदीं"],"few":[{"t":"idOrVar","v":"value"}," म्हयन्यां आदीं"],"many":[{"t":"idOrVar","v":"value"}," म्हयन्यां आदीं"],"other":[{"t":"idOrVar","v":"value"}," म्हयन्यां आदीं"]},"$x":[{"t":"idOrVar","v":"plural"},"value"]},{"$i":"years-ago-long","$v":{"zero":"हें वर्स","one":"निमाणें वर्स","two":[{"t":"idOrVar","v":"value"}," वर्सां आदीं"],"few":[{"t":"idOrVar","v":"value"}," वर्सां आदीं"],"many":[{"t":"idOrVar","v":"value"}," वर्सां आदीं"],"other":[{"t":"idOrVar","v":"value"}," वर्सां आदीं"]},"$x":[{"t":"idOrVar","v":"plural"},"value"]},{"$i":"minutes-until-long","$v":{"zero":"आतां","one":"एका मिन्टान","two":[{"t":"idOrVar","v":"value"}," मिन्टांनी"],"few":[{"t":"idOrVar","v":"value"}," मिन्टांनी"],"many":[{"t":"idOrVar","v":"value"}," मिन्टांनी"],"other":[{"t":"idOrVar","v":"value"}," मिन्टांनी"]},"$x":[{"t":"idOrVar","v":"plural"},"value"]},{"$i":"hours-until-long","$v":{"zero":"आतां","one":"एका वरान","two":[{"t":"idOrVar","v":"value"}," वरांनी"],"few":[{"t":"idOrVar","v":"value"}," वरांनी"],"many":[{"t":"idOrVar","v":"value"}," वरांनी"],"other":[{"t":"idOrVar","v":"value"}," वरांनी"]},"$x":[{"t":"idOrVar","v":"plural"},"value"]},{"$i":"days-until-long","$v":{"zero":"आयज","one":"फाल्यां","two":[{"t":"idOrVar","v":"value"}," दिसांनी"],"few":[{"t":"idOrVar","v":"value"}," दिसांनी"],"many":[{"t":"idOrVar","v":"value"}," दिसांनी"],"other":[{"t":"idOrVar","v":"value"}," दिसांनी"]},"$x":[{"t":"idOrVar","v":"plural"},"value"]},{"$i":"weeks-until-long","$v":{"zero":"हो सप्तक","one":"नवो सप्तक","two":[{"t":"idOrVar","v":"value"}," सप्तकांनी"],"few":[{"t":"idOrVar","v":"value"}," सप्तकांनी"],"many":[{"t":"idOrVar","v":"value"}," सप्तकांनी"],"other":[{"t":"idOrVar","v":"value"}," सप्तकांनी"]},"$x":[{"t":"idOrVar","v":"plural"},"value"]},{"$i":"months-until-long","$v":{"zero":"हो म्हयनो","one":"फुडलो म्हयनो","two":[{"t":"idOrVar","v":"value"}," म्हयन्यांनीं"],"few":[{"t":"idOrVar","v":"value"}," म्हयन्यांनीं"],"many":[{"t":"idOrVar","v":"value"}," म्हयन्यांनीं"],"other":[{"t":"idOrVar","v":"value"}," म्हयन्यांनीं"]},"$x":[{"t":"idOrVar","v":"plural"},"value"]},{"$i":"years-until-long","$v":{"zero":"हें वर्स","one":"नवें वर्स","two":[{"t":"idOrVar","v":"value"}," वर्सांनी"],"few":[{"t":"idOrVar","v":"value"}," वर्सांनी"],"many":[{"t":"idOrVar","v":"value"}," वर्सांनी"],"other":[{"t":"idOrVar","v":"value"}," वर्सांनी"]},"$x":[{"t":"idOrVar","v":"plural"},"value"]},{"$i":"minutes-ago-short","$v":{"zero":"आतांच","other":[{"t":"idOrVar","v":"value"},"म्ह आदीं"]},"$x":[{"t":"idOrVar","v":"plural"},"value"]},{"$i":"hours-ago-short","$v":{"zero":"आतांच","other":[{"t":"idOrVar","v":"value"}," व आदीं"]},"$x":[{"t":"idOrVar","v":"plural"},"value"]},{"$i":"days-ago-short","$v":{"zero":"आयज","other":[{"t":"idOrVar","v":"value"},"दी आदीं"]},"$x":[{"t":"idOrVar","v":"plural"},"value"]},{"$i":"minutes-until-short","$v":{"zero":"आतां","other":[{"t":"idOrVar","v":"value"}," मि"]},"$x":[{"t":"idOrVar","v":"plural"},"value"]},{"$i":"hours-until-short","$v":{"zero":"आतां","other":[{"t":"idOrVar","v":"value"}," वर"]},"$x":[{"t":"idOrVar","v":"plural"},"value"]},{"$i":"days-until-short","$v":{"zero":"आयज","other":[{"t":"idOrVar","v":"value"}," दी"]},"$x":[{"t":"idOrVar","v":"plural"},"value"]},{"$i":"incorrectDate","$v":"(चुकीची तारीख)"},{"$i":"dateTimeFormat_%c","$v":"%a %b %e %Y %I:%M:%S %p"},{"$i":"dateTimeFormat_%x","$v":"%m/%d/%Y"},{"$i":"dateTimeFormat_%X","$v":"%I:%M:%S %p"},{"$i":"shortTimeFormat","$v":"%I:%M %p"},{"$i":"shortTimeFormat12","$v":"%I:%M %p"},{"$i":"shortTimeFormat24","$v":"%H:%M"},{"$i":"shortDateTimeFormat","$v":"%x %I:%M %p"},{"$i":"weekStartsOnMonday","$v":"0"},{"$i":"firstDayOfTheWeek","$v":"0"},{"$i":"time_am","$v":"AM"},{"$i":"time_pm","$v":"PM"},{"$i":"softkey-options","$v":"पर्याय"}]