[{"$i":"done","$v":"مکمل"},{"$i":"number-selected2","$v":{"zero":["چُنیتھ ",{"t":"idOrVar","v":"n"}],"one":["چُنیتھ ",{"t":"idOrVar","v":"n"}],"two":["چُنیتھ ",{"t":"idOrVar","v":"n"}],"few":["چُنیتھ ",{"t":"idOrVar","v":"n"}],"many":["چُنیتھ ",{"t":"idOrVar","v":"n"}],"other":["چُنیتھ ",{"t":"idOrVar","v":"n"}]},"$x":[{"t":"idOrVar","v":"plural"},"n"]},{"$i":"delete-n-items?","$v":{"zero":"کیہ نِہ چُنیتھ","one":"خٲرج کریو چُننِہ آمِت ویڈیو","two":["ویڈیو ",{"t":"idOrVar","v":"n"}," خٲرج کریو"],"few":["ویڈیو ",{"t":"idOrVar","v":"n"}," خٲرج کریو"],"many":["ویڈیو ",{"t":"idOrVar","v":"n"}," خٲرج کریو"],"other":["ویڈیو ",{"t":"idOrVar","v":"n"}," خٲرج کریو"]},"$x":[{"t":"idOrVar","v":"plural"},"n"]},{"$i":"share-noprovider","$v":"کوشش کریو وقتس پیٹھ اکھ ویڈیو بانٹُن"},{"$i":"videos","$v":"ویڈیوز"},{"$i":"cancel","$v":"رد کر"},{"$i":"delete-video?","$v":"خٲرج کریو چُننِہ آمِت ویڈیو"},{"$i":"empty-title","$v":"کریو شٲمل ویڈیو شروع کرنِہ خٲطر"},{"$i":"empty-text","$v":"کاہ ویڈیو نِہ دستیاب"},{"$i":"nocard2-title","$v":"کاہ میمری کاڈ لوب نِہ"},{"$i":"nocard3-text","$v":"میمری کاڈ آو نِہ لبنِہ۔ مہربٲنی کریتھ لٲگیو میمری کاڈ ویڈیو تُلنِہ خٲطر"},{"$i":"pluggedin-title","$v":"ویڈیو ھیکو نِہ ویچھیتھ یلِہ پُلغ ان آسِہ"},{"$i":"pluggedin-text","$v":"فی الحال چھہٕ ڈِوائس سٹوریج استعماک سپدان۔ مہربأنی کریتھۍ کریو فون اَن پُلغ ویڈیوٗ تُلنہٕ باپتھ"},{"$i":"upgrade-title","$v":"ڈیٹا بیس اپ گریڈ"},{"$i":"upgrade-text","$v":"مہربٲنی کریتھ پرار یتام ویڈیو کر اپ ڈیٹ پنُن ڈیٹا بیس"},{"$i":"confirm-delete","$v":"توہ چھوا یقین توہ چھو یژھان خٲرج کرُن"},{"$i":"pick-title","$v":"چُنیو اکھ ویڈیو"},{"$i":"save","$v":"محفوظ"},{"$i":"saved","$v":"محفوظ کُر ویڈیو لائبراری منز"},{"$i":"error-network","$v":"ویڈیو ھیکو نِہ ڈاونلوڈ کریتھ تکیاز نیٹورک سھو آو"},{"$i":"error-unsupported","$v":"ویڈیو ھیکو نِہ چلٲویتھ :یاتِہ گو سروَر یا نیٹورک ناکام یا چھِ نِہ فارمیٹ سپورٹ کران"},{"$i":"error-unknown","$v":"اکھ انجان ویڈیو سھو آو"},{"$i":"video-hardware-in-use-title","$v":"ھیکِہ نِہ ویڈیو چلٲویتھ"},{"$i":"video-hardware-in-use-text","$v":"بدل اکھ ایپ چھِ حالیہ طور ویڈیو پلیر استعمال کران"},{"$i":"overlay-cancel-button","$v":"رد کر"},{"$i":"overlay-camera-button","$v":"گژھیو کیمرہ کُن"},{"$i":"name-label","$v":"ناؤ"},{"$i":"length-label","$v":"لمبٲئی"},{"$i":"size-label","$v":"سائز"},{"$i":"video-type-label","$v":"ویڈیو قسم"},{"$i":"date-taken-label","$v":"تٲریخ آو تُلنِہ"},{"$i":"resolution-label","$v":"ریزلوشن"},{"$i":"close-button","$v":"بند"},{"$i":"byteUnit-B","$v":"بائٹز"},{"$i":"byteUnit-KB","$v":"KB"},{"$i":"byteUnit-MB","$v":"MB"},{"$i":"byteUnit-GB","$v":"GB"},{"$i":"byteUnit-TB","$v":"TB"},{"$i":"byteUnit-PB","$v":"PB"},{"$i":"byteUnit-EB","$v":"EB"},{"$i":"byteUnit-ZB","$v":"ZB"},{"$i":"byteUnit-YB","$v":"YB"},{"$i":"date-group-header","$v":"%B %Y"},{"$i":"share","$v":"بانٹ"},{"$i":"more-info","$v":"مزید تفصیل"},{"$i":"delete","$v":"خٲرج"},{"$i":"video-button","ariaLabel":"ویڈیو"},{"$i":"select-button","ariaLabel":"چُنیو"},{"$i":"delete-button","ariaLabel":"خٲرج"},{"$i":"share-button","ariaLabel":"بانٹ"},{"$i":"info-view","ariaLabel":"تفصیلات"},{"$i":"options-view","ariaLabel":"انتخابات"},{"$i":"confirm-dialog","ariaLabel":"تصدیق"},{"$i":"videos-list","ariaLabel":"ویڈیوز"},{"$i":"options-more","ariaLabel":"مزید"},{"$i":"seek-backward","ariaLabel":"سیک پُت منظر"},{"$i":"seek-bar","ariaLabel":[{"t":"idOrVar","v":"duration"}," سیک بار، مُدت"]},{"$i":"seek-forward","ariaLabel":"سیک فارویڑ"},{"$i":"play-button","ariaLabel":"چلاۅ"},{"$i":"pause-button","ariaLabel":"تیھر"},{"$i":"fullscreen-button","ariaLabel":"پور سکرین"},{"$i":"show-controls-button","ariaLabel":"ھاۅ کنٹرول"},{"$i":"hide-controls-button","ariaLabel":"چھُپاۅ کنٹرول"},{"$i":"spinner-overlay","ariaValueText":"لوڈ جران"},{"$i":"confirmation-title","$v":"تصدیق"},{"$i":"n-video-deleted","$v":{"zero":"کیہ نِہ چُنیتھ","one":"ویڈیو خٲرج","two":["ویڈیو خٲرج ",{"t":"idOrVar","v":"n"}],"few":["ویڈیو خٲرج ",{"t":"idOrVar","v":"n"}],"many":["ویڈیو خٲرج ",{"t":"idOrVar","v":"n"}],"other":["ویڈیو خٲرج ",{"t":"idOrVar","v":"n"}]},"$x":[{"t":"idOrVar","v":"plural"},"n"]},{"$i":"rename-saved","$v":"بدلاو کر محفوظ"},{"$i":"confirm-video","$v":"ویڈیو"},{"$i":"confirm-ok","$v":"ٹھیک"},{"$i":"options-header","$v":"انتخابات"},{"$i":"video-invalid-name","$v":"غیر درست ناو"},{"$i":"name-already-exists","$v":"یِہ ناو چھِ گوڈاے موجود"},{"$i":"override-warning-msg","$v":"توہ کروا پسند موجودہ فائل اوَر رائڈ کرُن"},{"$i":"override","$v":"اوَر رائڈ"},{"$i":"opt-takevideo","$v":"تُلیو ویڈیو"},{"$i":"opt-select","$v":"چُنیو"},{"$i":"opt-delete","$v":"خٲرج"},{"$i":"opt-rename","$v":"نَے سر ناۅ"},{"$i":"opt-selectmultiple","$v":"چُنیو بکثرت"},{"$i":"opt-fileinfo","$v":"فائل تفصیل"},{"$i":"opt-selectall","$v":"چُنیو تمام"},{"$i":"opt-deselectall","$v":"مَہ چُنیو کاہ"},{"$i":"opt-fullscreen","$v":"پور سکرین"},{"$i":"opt-play","$v":"چلاۅ"},{"$i":"opt-pause","$v":"تیھر"},{"$i":"weekday-0-long","$v":"آتھوار"},{"$i":"weekday-1-long","$v":"ژیندوار"},{"$i":"weekday-2-long","$v":"بوموار"},{"$i":"weekday-3-long","$v":"بُدھوار"},{"$i":"weekday-4-long","$v":"بریسوار"},{"$i":"weekday-5-long","$v":"جُمع"},{"$i":"weekday-6-long","$v":"بٹوار"},{"$i":"weekday-0-short","$v":"آتھوار"},{"$i":"weekday-1-short","$v":"ژیندوار"},{"$i":"weekday-2-short","$v":"بوموار"},{"$i":"weekday-3-short","$v":"بُدھوار"},{"$i":"weekday-4-short","$v":"بریسوار"},{"$i":"weekday-5-short","$v":"جُمع"},{"$i":"weekday-6-short","$v":"بٹوار"},{"$i":"month-0-long","$v":"جنوری"},{"$i":"month-1-long","$v":"فروری"},{"$i":"month-2-long","$v":"مارچ"},{"$i":"month-3-long","$v":"اپریل"},{"$i":"month-4-long","$v":"مئی"},{"$i":"month-5-long","$v":"جون"},{"$i":"month-6-long","$v":"جولائی"},{"$i":"month-7-long","$v":"اگست"},{"$i":"month-8-long","$v":"ستمبر"},{"$i":"month-9-long","$v":"اکتومبر"},{"$i":"month-10-long","$v":"نومبر"},{"$i":"month-11-long","$v":"دسمبر"},{"$i":"month-0-genitive","$v":"جنوری"},{"$i":"month-1-genitive","$v":"فروری"},{"$i":"month-2-genitive","$v":"مارچ"},{"$i":"month-3-genitive","$v":"اپریل"},{"$i":"month-4-genitive","$v":"مئی"},{"$i":"month-5-genitive","$v":"جون"},{"$i":"month-6-genitive","$v":"جولائی"},{"$i":"month-7-genitive","$v":"اگست"},{"$i":"month-8-genitive","$v":"ستمبر"},{"$i":"month-9-genitive","$v":"اکتومبر"},{"$i":"month-10-genitive","$v":"نومبر"},{"$i":"month-11-genitive","$v":"دسمبر"},{"$i":"month-0-short","$v":"جنوری"},{"$i":"month-1-short","$v":"فروری"},{"$i":"month-2-short","$v":"مارچ"},{"$i":"month-3-short","$v":"اپریل"},{"$i":"month-4-short","$v":"مئی"},{"$i":"month-5-short","$v":"جون"},{"$i":"month-6-short","$v":"جولائی"},{"$i":"month-7-short","$v":"اگست"},{"$i":"month-8-short","$v":"ستمبر"},{"$i":"month-9-short","$v":"اکتومبر"},{"$i":"month-10-short","$v":"نومبر"},{"$i":"month-11-short","$v":"دسمبر"},{"$i":"minutes-ago-long","$v":{"zero":"صرف وین","one":"اکھ منٹ برونٹھ","two":["منٹ برونٹھ ",{"t":"idOrVar","v":"value"}],"few":["منٹ برونٹھ ",{"t":"idOrVar","v":"value"}],"many":["منٹ برونٹھ ",{"t":"idOrVar","v":"value"}],"other":["منٹ برونٹھ ",{"t":"idOrVar","v":"value"}]},"$x":[{"t":"idOrVar","v":"plural"},"value"]},{"$i":"hours-ago-long","$v":{"zero":"صرف وین","one":"اکھ گھنٹہ برونٹھ","two":["گھنٹہ برونٹھ ",{"t":"idOrVar","v":"value"}],"few":["گھنٹہ برونٹھ ",{"t":"idOrVar","v":"value"}],"many":["گھنٹہ برونٹھ ",{"t":"idOrVar","v":"value"}],"other":["گھنٹہ برونٹھ ",{"t":"idOrVar","v":"value"}]},"$x":[{"t":"idOrVar","v":"plural"},"value"]},{"$i":"days-ago-long","$v":{"zero":"از","one":"راتھ","two":["دوہ برونٹھ ",{"t":"idOrVar","v":"value"}],"few":["دوہ برونٹھ ",{"t":"idOrVar","v":"value"}],"many":["دوہ برونٹھ ",{"t":"idOrVar","v":"value"}],"other":["دوہ برونٹھ ",{"t":"idOrVar","v":"value"}]},"$x":[{"t":"idOrVar","v":"plural"},"value"]},{"$i":"weeks-ago-long","$v":{"zero":"یِہ ہفتہ","one":"پیتِم ہفتہ","two":["ہفتہ برونٹھ ",{"t":"idOrVar","v":"value"}],"few":["ہفتہ برونٹھ ",{"t":"idOrVar","v":"value"}],"many":["ہفتہ برونٹھ ",{"t":"idOrVar","v":"value"}],"other":["ہفتہ برونٹھ ",{"t":"idOrVar","v":"value"}]},"$x":[{"t":"idOrVar","v":"plural"},"value"]},{"$i":"months-ago-long","$v":{"zero":"یِہ ریتھ","one":"پیتِم ریتھ","two":["ریتھ برونٹھ ",{"t":"idOrVar","v":"value"}],"few":["ریتھ برونٹھ ",{"t":"idOrVar","v":"value"}],"many":["ریتھ برونٹھ ",{"t":"idOrVar","v":"value"}],"other":["ریتھ برونٹھ ",{"t":"idOrVar","v":"value"}]},"$x":[{"t":"idOrVar","v":"plural"},"value"]},{"$i":"years-ago-long","$v":{"zero":"یِہ وریح","one":"پیتِم وریح","two":["وریح برونٹھ ",{"t":"idOrVar","v":"value"}],"few":["وریح برونٹھ ",{"t":"idOrVar","v":"value"}],"many":["وریح برونٹھ ",{"t":"idOrVar","v":"value"}],"other":["وریح برونٹھ ",{"t":"idOrVar","v":"value"}]},"$x":[{"t":"idOrVar","v":"plural"},"value"]},{"$i":"minutes-until-long","$v":{"zero":"وین","one":"اکِس منٹس منز","two":["منز ",{"t":"idOrVar","v":"value"}," منٹن"],"few":["منز ",{"t":"idOrVar","v":"value"}," منٹن"],"many":["منز ",{"t":"idOrVar","v":"value"}," منٹن"],"other":["منز ",{"t":"idOrVar","v":"value"}," منٹن"]},"$x":[{"t":"idOrVar","v":"plural"},"value"]},{"$i":"hours-until-long","$v":{"zero":"وین","one":"اکِس گھنٹس منز","two":["منز ",{"t":"idOrVar","v":"value"}," گھنٹن"],"few":["منز ",{"t":"idOrVar","v":"value"}," گھنٹن"],"many":["منز ",{"t":"idOrVar","v":"value"}," گھنٹن"],"other":["منز ",{"t":"idOrVar","v":"value"}," گھنٹن"]},"$x":[{"t":"idOrVar","v":"plural"},"value"]},{"$i":"days-until-long","$v":{"zero":"از","one":"پگاہ","two":["منز ",{"t":"idOrVar","v":"value"}," دوہن"],"few":["منز ",{"t":"idOrVar","v":"value"}," دوہن"],"many":["منز ",{"t":"idOrVar","v":"value"}," دوہن"],"other":["منز ",{"t":"idOrVar","v":"value"}," دوہن"]},"$x":[{"t":"idOrVar","v":"plural"},"value"]},{"$i":"weeks-until-long","$v":{"zero":"یِہ ہفتہ","one":"نو ہفتہ","two":["منز ",{"t":"idOrVar","v":"value"}," ہفتن"],"few":["منز ",{"t":"idOrVar","v":"value"}," ہفتن"],"many":["منز ",{"t":"idOrVar","v":"value"}," ہفتن"],"other":["منز ",{"t":"idOrVar","v":"value"}," ہفتن"]},"$x":[{"t":"idOrVar","v":"plural"},"value"]},{"$i":"months-until-long","$v":{"zero":"یِہ ریتھ","one":"نو ریتھ","two":["منز ",{"t":"idOrVar","v":"value"}," ریتھن"],"few":["منز ",{"t":"idOrVar","v":"value"}," ریتھن"],"many":["منز ",{"t":"idOrVar","v":"value"}," ریتھن"],"other":["منز ",{"t":"idOrVar","v":"value"}," ریتھن"]},"$x":[{"t":"idOrVar","v":"plural"},"value"]},{"$i":"years-until-long","$v":{"zero":"یِہ وریح","one":"نو وریح","two":["منز ",{"t":"idOrVar","v":"value"}," وریہن"],"few":["منز ",{"t":"idOrVar","v":"value"}," وریہن"],"many":["منز ",{"t":"idOrVar","v":"value"}," وریہن"],"other":["منز ",{"t":"idOrVar","v":"value"}," وریہن"]},"$x":[{"t":"idOrVar","v":"plural"},"value"]},{"$i":"minutes-ago-short","$v":{"zero":"صرف وین","other":["برونٹھ m",{"t":"idOrVar","v":"value"}]},"$x":[{"t":"idOrVar","v":"plural"},"value"]},{"$i":"hours-ago-short","$v":{"zero":"صرف وین","other":["برونٹھ h",{"t":"idOrVar","v":"value"}]},"$x":[{"t":"idOrVar","v":"plural"},"value"]},{"$i":"days-ago-short","$v":{"zero":"از","other":["برونٹھ d",{"t":"idOrVar","v":"value"}]},"$x":[{"t":"idOrVar","v":"plural"},"value"]},{"$i":"minutes-until-short","$v":{"zero":"وین","other":["منز ",{"t":"idOrVar","v":"value"},"m"]},"$x":[{"t":"idOrVar","v":"plural"},"value"]},{"$i":"hours-until-short","$v":{"zero":"وین","other":["منز ",{"t":"idOrVar","v":"value"},"h"]},"$x":[{"t":"idOrVar","v":"plural"},"value"]},{"$i":"days-until-short","$v":{"zero":"از","other":["منز ",{"t":"idOrVar","v":"value"},"d"]},"$x":[{"t":"idOrVar","v":"plural"},"value"]},{"$i":"incorrectDate","$v":"﴾غیر درست تٲریخ﴿"},{"$i":"dateTimeFormat_%c","$v":"%a %b %e %Y %I:%M:%S %p"},{"$i":"dateTimeFormat_%x","$v":"%m/%d/%Y"},{"$i":"dateTimeFormat_%X","$v":"%I:%M:%S %p"},{"$i":"shortTimeFormat","$v":"%I:%M %p"},{"$i":"shortTimeFormat12","$v":"%I:%M %p"},{"$i":"shortTimeFormat24","$v":"%H:%M"},{"$i":"shortDateTimeFormat","$v":"%x %I:%M %p"},{"$i":"weekStartsOnMonday","$v":"0"},{"$i":"firstDayOfTheWeek","$v":"0"},{"$i":"time_am","$v":"AM"},{"$i":"time_pm","$v":"PM"},{"$i":"softkey-options","$v":"انتخابات"}]