[{"$i":"done","$v":"भ गेल"},{"$i":"number-selected2","$v":{"zero":[{"t":"idOrVar","v":"n"}," चयनित"],"one":[{"t":"idOrVar","v":"n"}," चयनित"],"two":[{"t":"idOrVar","v":"n"}," चयनित"],"few":[{"t":"idOrVar","v":"n"}," चयनित"],"many":[{"t":"idOrVar","v":"n"}," चयनित"],"other":[{"t":"idOrVar","v":"n"}," चयनित"]},"$x":[{"t":"idOrVar","v":"plural"},"n"]},{"$i":"delete-n-items?","$v":{"zero":"किछ चयनित नै","one":"चयनित विडियो डिलीट करू?","two":[{"t":"idOrVar","v":"n"}," वीडियोस डिलीट करू?"],"few":[{"t":"idOrVar","v":"n"}," वीडियोस डिलीट करू?"],"many":[{"t":"idOrVar","v":"n"}," वीडियोस डिलीट करू?"],"other":[{"t":"idOrVar","v":"n"}," वीडियोस डिलीट करू?"]},"$x":[{"t":"idOrVar","v":"plural"},"n"]},{"$i":"share-noprovider","$v":"एक बेर में एकटा विडियो साझा करेई क प्रयास करू."},{"$i":"videos","$v":"वीडियोस"},{"$i":"cancel","$v":"रद्द करू"},{"$i":"delete-video?","$v":"चयनित विडियो डिलीट करू?"},{"$i":"empty-title","$v":"शुरू करअाइ लेल विडियो जोरू"},{"$i":"empty-text","$v":"कोनो विडियो नै पैल गेल्लै."},{"$i":"nocard2-title","$v":"मेमोरी कार्ड नै पेल गेल्लै"},{"$i":"nocard3-text","$v":"मेमोरी कार्ड नहि भेटल. वीडियो लेल मेमोरी कार्ड लगाउ."},{"$i":"pluggedin-title","$v":"प्लगइन क दौरान विडियो नै देखल जा सकै या"},{"$i":"pluggedin-text","$v":"एखन डिवाइसक स्‍टोरेजइस्‍तेमाल मे अछि,वीडियोलेबा क लेल कृपया फोन क अनप्‍लग करू"},{"$i":"upgrade-title","$v":"डेटाबेस अपग्रेड"},{"$i":"upgrade-text","$v":"जखन तक विडियो क डेटाबेस अपडेट नै भ जैई छै, कृपया इंतज़ार करू."},{"$i":"confirm-delete","$v":"आहां डिलीट करअ चाहै छियै:"},{"$i":"pick-title","$v":"विडियो चयनित करू"},{"$i":"save","$v":"सेव"},{"$i":"saved","$v":"विडियो लाइब्रेरी मे सेब भ गेल."},{"$i":"error-network","$v":"नेटवर्क एरर दुआरे विडियो डाउनलोड नै भ सकल."},{"$i":"error-unsupported","$v":"विडियो प्ले नै कैइल जा सकैई या कियाकि या ता सर्वर ख़राब छै या फॉर्मेट सपोर्टेड नै छै."},{"$i":"error-unknown","$v":"अज्ञात विडियो एरर भ गेल्लै."},{"$i":"video-hardware-in-use-title","$v":"विडियो प्ले नै भ सकै या"},{"$i":"video-hardware-in-use-text","$v":"विडियो प्लेयर क दोसर एप्प प्रयोग क रहल छै."},{"$i":"overlay-cancel-button","$v":"रद्द करू"},{"$i":"overlay-camera-button","$v":"कैमरा में जाऊ"},{"$i":"name-label","$v":"नाम"},{"$i":"length-label","$v":"लंबाई"},{"$i":"size-label","$v":"आकार"},{"$i":"video-type-label","$v":"विडियो प्रकार"},{"$i":"date-taken-label","$v":"तारीख लेल गेल्लै"},{"$i":"resolution-label","$v":"रेज़ल्यूशन"},{"$i":"close-button","$v":"बंद"},{"$i":"byteUnit-B","$v":"बाइट्स"},{"$i":"byteUnit-KB","$v":"KB"},{"$i":"byteUnit-MB","$v":"MB"},{"$i":"byteUnit-GB","$v":"GB"},{"$i":"byteUnit-TB","$v":"TB"},{"$i":"byteUnit-PB","$v":"PB"},{"$i":"byteUnit-EB","$v":"EB"},{"$i":"byteUnit-ZB","$v":"ZB"},{"$i":"byteUnit-YB","$v":"YB"},{"$i":"date-group-header","$v":"%B %Y"},{"$i":"share","$v":"साझाकरण"},{"$i":"more-info","$v":"ज्यादा जानकारी"},{"$i":"delete","$v":"मिटाउ"},{"$i":"video-button","ariaLabel":"वीडियो"},{"$i":"select-button","ariaLabel":"सलेक्‍ट करू"},{"$i":"delete-button","ariaLabel":"मिटाउ"},{"$i":"share-button","ariaLabel":"साझाकरण"},{"$i":"info-view","ariaLabel":"जानकारी"},{"$i":"options-view","ariaLabel":"विकल्प"},{"$i":"confirm-dialog","ariaLabel":"पुष्टि"},{"$i":"videos-list","ariaLabel":"वीडियोस"},{"$i":"options-more","ariaLabel":"आर बेसी"},{"$i":"seek-backward","ariaLabel":"सीक बैकवर्ड"},{"$i":"seek-bar","ariaLabel":["सीक बार, दौरान ",{"t":"idOrVar","v":"duration"}]},{"$i":"seek-forward","ariaLabel":"सीक फॉरवर्ड"},{"$i":"play-button","ariaLabel":"प्‍ले"},{"$i":"pause-button","ariaLabel":"पॉज"},{"$i":"fullscreen-button","ariaLabel":"फुल स्क्रीन"},{"$i":"show-controls-button","ariaLabel":"कंट्रोल्स देखाउ"},{"$i":"hide-controls-button","ariaLabel":"हाईड कण्ट्रोल"},{"$i":"spinner-overlay","ariaValueText":"लोड भ रहल अछि"},{"$i":"confirmation-title","$v":"कन्फर्मेशन"},{"$i":"n-video-deleted","$v":{"zero":"किछ चयनित नै","one":"विडियो डिलीट कैइल गेल","two":[{"t":"idOrVar","v":"n"}," विडियो डिलीटेड"],"few":[{"t":"idOrVar","v":"n"}," विडियो डिलीटेड"],"many":[{"t":"idOrVar","v":"n"}," विडियो डिलीटेड"],"other":[{"t":"idOrVar","v":"n"}," विडियो डिलीटेड"]},"$x":[{"t":"idOrVar","v":"plural"},"n"]},{"$i":"rename-saved","$v":"बदलाव सेव भ गेल"},{"$i":"confirm-video","$v":"वीडियो"},{"$i":"confirm-ok","$v":"ओके"},{"$i":"options-header","$v":"विकल्प"},{"$i":"video-invalid-name","$v":"अमान्य name"},{"$i":"name-already-exists","$v":"इ नाम पहिने से छै"},{"$i":"override-warning-msg","$v":"आहन मौजूदा फाइल क ओवरराइड करअ चाह्बई"},{"$i":"override","$v":"ओवरराइड"},{"$i":"opt-takevideo","$v":"विडियो लिय"},{"$i":"opt-select","$v":"सलेक्‍ट करू"},{"$i":"opt-delete","$v":"मिटाउ"},{"$i":"opt-rename","$v":"रीनेम"},{"$i":"opt-selectmultiple","$v":"मल्टीप्ल चयनित करू"},{"$i":"opt-fileinfo","$v":"फाइल इन्फो"},{"$i":"opt-selectall","$v":"सब चयनित करू"},{"$i":"opt-deselectall","$v":"सब क अचयनित करी"},{"$i":"opt-fullscreen","$v":"फुल स्क्रीन"},{"$i":"opt-play","$v":"प्‍ले"},{"$i":"opt-pause","$v":"पॉज"},{"$i":"weekday-0-long","$v":"रवि"},{"$i":"weekday-1-long","$v":"सोम दिन"},{"$i":"weekday-2-long","$v":"मंगल दिन"},{"$i":"weekday-3-long","$v":"बुध दिन"},{"$i":"weekday-4-long","$v":"वृहस्‍पति दिन"},{"$i":"weekday-5-long","$v":"शुक्र दिन"},{"$i":"weekday-6-long","$v":"शनि दिन"},{"$i":"weekday-0-short","$v":"सुन"},{"$i":"weekday-1-short","$v":"मन"},{"$i":"weekday-2-short","$v":"ट्यू"},{"$i":"weekday-3-short","$v":"वेद"},{"$i":"weekday-4-short","$v":"थू"},{"$i":"weekday-5-short","$v":"फ्राइडे"},{"$i":"weekday-6-short","$v":"सैट"},{"$i":"month-0-long","$v":"जनुअरी"},{"$i":"month-1-long","$v":"फेब्रुअरी"},{"$i":"month-2-long","$v":"मार्च"},{"$i":"month-3-long","$v":"अप्रैल"},{"$i":"month-4-long","$v":"मई"},{"$i":"month-5-long","$v":"जून"},{"$i":"month-6-long","$v":"जुलाई"},{"$i":"month-7-long","$v":"अगस्त"},{"$i":"month-8-long","$v":"सितम्बर"},{"$i":"month-9-long","$v":"अक्टूबर"},{"$i":"month-10-long","$v":"नवम्बर"},{"$i":"month-11-long","$v":"दिसम्बर"},{"$i":"month-0-genitive","$v":"जनुअरी"},{"$i":"month-1-genitive","$v":"फेब्रुअरी"},{"$i":"month-2-genitive","$v":"मार्च"},{"$i":"month-3-genitive","$v":"अप्रैल"},{"$i":"month-4-genitive","$v":"मई"},{"$i":"month-5-genitive","$v":"जून"},{"$i":"month-6-genitive","$v":"जुलाई"},{"$i":"month-7-genitive","$v":"अगस्त"},{"$i":"month-8-genitive","$v":"सितम्बर"},{"$i":"month-9-genitive","$v":"अक्टूबर"},{"$i":"month-10-genitive","$v":"नवम्बर"},{"$i":"month-11-genitive","$v":"दिसम्बर"},{"$i":"month-0-short","$v":"जन"},{"$i":"month-1-short","$v":"फेब्रुअरी"},{"$i":"month-2-short","$v":"मर"},{"$i":"month-3-short","$v":"एप्र"},{"$i":"month-4-short","$v":"मई"},{"$i":"month-5-short","$v":"जून"},{"$i":"month-6-short","$v":"जुल"},{"$i":"month-7-short","$v":"औग"},{"$i":"month-8-short","$v":"सेप"},{"$i":"month-9-short","$v":"ओक्ट"},{"$i":"month-10-short","$v":"नोव"},{"$i":"month-11-short","$v":"दिसम्बर"},{"$i":"minutes-ago-long","$v":{"zero":"एखन तुरंत","one":"एक मिनट पहिने","two":[{"t":"idOrVar","v":"value"}," मिनट पहिने"],"few":[{"t":"idOrVar","v":"value"}," मिनट पहिने"],"many":[{"t":"idOrVar","v":"value"}," मिनट पहिने"],"other":[{"t":"idOrVar","v":"value"}," मिनट पहिने"]},"$x":[{"t":"idOrVar","v":"plural"},"value"]},{"$i":"hours-ago-long","$v":{"zero":"एखन तुरंत","one":"एक घंटा पहिने","two":[{"t":"idOrVar","v":"value"}," घंटा पहिने"],"few":[{"t":"idOrVar","v":"value"}," घंटा पहिने"],"many":[{"t":"idOrVar","v":"value"}," घंटा पहिने"],"other":[{"t":"idOrVar","v":"value"}," घंटा पहिने"]},"$x":[{"t":"idOrVar","v":"plural"},"value"]},{"$i":"days-ago-long","$v":{"zero":"आई","one":"काल्हि","two":[{"t":"idOrVar","v":"value"}," दिन पहिने"],"few":[{"t":"idOrVar","v":"value"}," दिन पहिने"],"many":[{"t":"idOrVar","v":"value"}," दिन पहिने"],"other":[{"t":"idOrVar","v":"value"}," दिन पहिने"]},"$x":[{"t":"idOrVar","v":"plural"},"value"]},{"$i":"weeks-ago-long","$v":{"zero":"इ हफ्ता","one":"पिछला हफ्ता","two":[{"t":"idOrVar","v":"value"}," हफ्ता पहिने"],"few":[{"t":"idOrVar","v":"value"}," हफ्ता पहिने"],"many":[{"t":"idOrVar","v":"value"}," हफ्ता पहिने"],"other":[{"t":"idOrVar","v":"value"}," हफ्ता पहिने"]},"$x":[{"t":"idOrVar","v":"plural"},"value"]},{"$i":"months-ago-long","$v":{"zero":"इ महिना","one":"पिछला महिना","two":[{"t":"idOrVar","v":"value"}," मास बाद"],"few":[{"t":"idOrVar","v":"value"}," मास बाद"],"many":[{"t":"idOrVar","v":"value"}," मास बाद"],"other":[{"t":"idOrVar","v":"value"}," मास बाद"]},"$x":[{"t":"idOrVar","v":"plural"},"value"]},{"$i":"years-ago-long","$v":{"zero":"इ साल","one":"पिछला साल","two":[{"t":"idOrVar","v":"value"}," साल पहिने"],"few":[{"t":"idOrVar","v":"value"}," साल पहिने"],"many":[{"t":"idOrVar","v":"value"}," साल पहिने"],"other":[{"t":"idOrVar","v":"value"}," साल पहिने"]},"$x":[{"t":"idOrVar","v":"plural"},"value"]},{"$i":"minutes-until-long","$v":{"zero":"एखन","one":"एक मिनट में","two":[{"t":"idOrVar","v":"value"}," मिनट में"],"few":[{"t":"idOrVar","v":"value"}," मिनट में"],"many":[{"t":"idOrVar","v":"value"}," मिनट में"],"other":[{"t":"idOrVar","v":"value"}," मिनट में"]},"$x":[{"t":"idOrVar","v":"plural"},"value"]},{"$i":"hours-until-long","$v":{"zero":"एखन","one":"एक घंटा में","two":[{"t":"idOrVar","v":"value"}," घंटा में"],"few":[{"t":"idOrVar","v":"value"}," घंटा में"],"many":[{"t":"idOrVar","v":"value"}," घंटा में"],"other":[{"t":"idOrVar","v":"value"}," घंटा में"]},"$x":[{"t":"idOrVar","v":"plural"},"value"]},{"$i":"days-until-long","$v":{"zero":"आई","one":"काल्हि","two":[{"t":"idOrVar","v":"value"}," दिन में"],"few":[{"t":"idOrVar","v":"value"}," दिन में"],"many":[{"t":"idOrVar","v":"value"}," दिन में"],"other":[{"t":"idOrVar","v":"value"}," दिन में"]},"$x":[{"t":"idOrVar","v":"plural"},"value"]},{"$i":"weeks-until-long","$v":{"zero":"इ हफ्ता","one":"आगु क सप्‍ताह","two":[{"t":"idOrVar","v":"value"}," हफ्ता में"],"few":[{"t":"idOrVar","v":"value"}," हफ्ता में"],"many":[{"t":"idOrVar","v":"value"}," हफ्ता में"],"other":[{"t":"idOrVar","v":"value"}," हफ्ता में"]},"$x":[{"t":"idOrVar","v":"plural"},"value"]},{"$i":"months-until-long","$v":{"zero":"इ महिना","one":"अगला महिना","two":[{"t":"idOrVar","v":"value"}," मास मे"],"few":[{"t":"idOrVar","v":"value"}," मास मे"],"many":[{"t":"idOrVar","v":"value"}," मास मे"],"other":[{"t":"idOrVar","v":"value"}," मास मे"]},"$x":[{"t":"idOrVar","v":"plural"},"value"]},{"$i":"years-until-long","$v":{"zero":"इ साल","one":"अगला साल","two":[{"t":"idOrVar","v":"value"}," साल मे"],"few":[{"t":"idOrVar","v":"value"}," साल मे"],"many":[{"t":"idOrVar","v":"value"}," साल मे"],"other":[{"t":"idOrVar","v":"value"}," साल मे"]},"$x":[{"t":"idOrVar","v":"plural"},"value"]},{"$i":"minutes-ago-short","$v":{"zero":"एखन तुरंत","other":[{"t":"idOrVar","v":"value"}," म पहिने"]},"$x":[{"t":"idOrVar","v":"plural"},"value"]},{"$i":"hours-ago-short","$v":{"zero":"एखन तुरंत","other":[{"t":"idOrVar","v":"value"}," h पहिने"]},"$x":[{"t":"idOrVar","v":"plural"},"value"]},{"$i":"days-ago-short","$v":{"zero":"आई","other":[{"t":"idOrVar","v":"value"},"d पहिने"]},"$x":[{"t":"idOrVar","v":"plural"},"value"]},{"$i":"minutes-until-short","$v":{"zero":"एखन","other":[{"t":"idOrVar","v":"value"}," m"]},"$x":[{"t":"idOrVar","v":"plural"},"value"]},{"$i":"hours-until-short","$v":{"zero":"एखन","other":[{"t":"idOrVar","v":"value"},"h"]},"$x":[{"t":"idOrVar","v":"plural"},"value"]},{"$i":"days-until-short","$v":{"zero":"आई","other":[{"t":"idOrVar","v":"value"}," d"]},"$x":[{"t":"idOrVar","v":"plural"},"value"]},{"$i":"incorrectDate","$v":"( गलत तारीख)"},{"$i":"dateTimeFormat_%c","$v":"%a %b %e %Y %I:%M:%S %p"},{"$i":"dateTimeFormat_%x","$v":"%m/%d/%Y"},{"$i":"dateTimeFormat_%X","$v":"%I:%M:%S %p"},{"$i":"shortTimeFormat","$v":"%I:%M %p"},{"$i":"shortTimeFormat12","$v":"%I:%M %p"},{"$i":"shortTimeFormat24","$v":"%H:%M"},{"$i":"shortDateTimeFormat","$v":"%x %I:%M %p"},{"$i":"weekStartsOnMonday","$v":"0"},{"$i":"firstDayOfTheWeek","$v":"0"},{"$i":"time_am","$v":"AM"},{"$i":"time_pm","$v":"PM"},{"$i":"softkey-options","$v":"विकल्प"}]