[{"$i":"done","$v":"പൂർത്തിയാക്കി"},{"$i":"number-selected2","$v":{"zero":[{"t":"idOrVar","v":"n"}," തിരഞ്ഞെടുത്തു"],"one":[{"t":"idOrVar","v":"n"}," തിരഞ്ഞെടുത്തു"],"two":[{"t":"idOrVar","v":"n"}," തിരഞ്ഞെടുത്തു"],"few":[{"t":"idOrVar","v":"n"}," തിരഞ്ഞെടുത്തു"],"many":[{"t":"idOrVar","v":"n"}," തിരഞ്ഞെടുത്തു"],"other":[{"t":"idOrVar","v":"n"}," തിരഞ്ഞെടുത്തു"]},"$x":[{"t":"idOrVar","v":"plural"},"n"]},{"$i":"delete-n-items?","$v":{"zero":"ഒന്നും തിരഞ്ഞെടുത്തില്ല","one":"തിരഞ്ഞെടുത്ത വീഡിയോ ഇല്ലാതാക്കുക?","two":[{"t":"idOrVar","v":"n"}," വീഡിയോകൾ ഇല്ലാതാക്കുക?"],"few":[{"t":"idOrVar","v":"n"}," വീഡിയോകൾ ഇല്ലാതാക്കുക?"],"many":[{"t":"idOrVar","v":"n"}," വീഡിയോകൾ ഇല്ലാതാക്കുക?"],"other":[{"t":"idOrVar","v":"n"}," വീഡിയോകൾ ഇല്ലാതാക്കുക?"]},"$x":[{"t":"idOrVar","v":"plural"},"n"]},{"$i":"share-noprovider","$v":"ഒരു സമയം ഒരു വീഡിയോ പങ്കിടാൻ ശ്രമിക്കുക."},{"$i":"videos","$v":"വീഡിയോ"},{"$i":"cancel","$v":"റദ്ദാക്കുക"},{"$i":"delete-video?","$v":"തിരഞ്ഞെടുത്ത വീഡിയോ ഇല്ലാതാക്കുക?"},{"$i":"empty-title","$v":"ആരംഭിക്കുന്നതിന് വീഡിയോകൾ ചേർക്കുക"},{"$i":"empty-text","$v":"വീഡിയോകളൊന്നും ലഭ്യമല്ല."},{"$i":"nocard2-title","$v":"മെമ്മറി കാർഡ് കണ്ടെത്തിയില്ല"},{"$i":"nocard3-text","$v":"മെമ്മറി കാർഡ് കണ്ടെത്തിയില്ല. വീഡിയോകൾ എടുക്കുന്നതിന് ഒരു മെമ്മറി കാർഡ് ചേർക്കുക."},{"$i":"pluggedin-title","$v":"പ്ലഗിൻ ചെയ്ത സമയത്ത് വീഡിയോ കാണാൻ കഴിയില്ല"},{"$i":"pluggedin-text","$v":"ഡിവൈസ് സ്റ്റോറേജ് നിലവിൽ ഉപയോഗിക്കുന്നു.ദയവായി വീഡിയോസ്  എടുക്കുന്നതിന് ഫോൺ അൺപ്ലഗ്  ചെയ്യുക"},{"$i":"upgrade-title","$v":"ഡാറ്റാബേസ് അപ്ഗ്രേഡ്"},{"$i":"upgrade-text","$v":"വീഡിയോ അതിന്‍റെ ഡാറ്റാബേസ് അപ്ഡേറ്റുചെയ്യുമ്പോള്‍ ദയവായി കാത്തിരിക്കുക."},{"$i":"confirm-delete","$v":"നിങ്ങൾക്ക് ഇല്ലാതാക്കണമെന്ന് തീർച്ചയാണോ:"},{"$i":"pick-title","$v":"ഒരു വീഡിയോ തിരഞ്ഞെടുക്കുക"},{"$i":"save","$v":"സേവ് ചെയ്യുക"},{"$i":"saved","$v":"വീഡിയോ ലൈബ്രറിയിലേക്ക്  സേവ് ചെയ്തു."},{"$i":"error-network","$v":"നെറ്റ്‌വർക്ക് പിശക് കാരണം വീഡിയോ ഡൗൺലോഡ് ചെയ്യാൻ കഴിഞ്ഞില്ല."},{"$i":"error-unsupported","$v":"വീഡിയോ പ്ലേ ചെയ്യാൻ കഴിയില്ല: ഒന്നുകിൽ സെർവറോ അല്ലെങ്കിൽ നെറ്റ്‌വർക്കോ പരാജയപ്പെട്ടിരിക്കുന്നു അല്ലെങ്കിൽ ഫോർമാറ്റ് പിന്തുണയില്ല."},{"$i":"error-unknown","$v":"ഒരു അജ്ഞാത വീഡിയോ പിശക് സംഭവിച്ചു."},{"$i":"video-hardware-in-use-title","$v":"വീഡിയോ പ്ലേ ചെയ്യാന്‍ കഴിയില്ല"},{"$i":"video-hardware-in-use-text","$v":"മറ്റൊരു ആപ്പ് നിലവിൽ വീഡിയോ പ്ലെയർ ഉപയോഗിക്കുന്നു."},{"$i":"overlay-cancel-button","$v":"റദ്ദാക്കുക"},{"$i":"overlay-camera-button","$v":"ക്യാമറയിലേക്ക് പോകുക"},{"$i":"name-label","$v":"പേര്"},{"$i":"length-label","$v":"ദൈർഘ്യം"},{"$i":"size-label","$v":"വലുപ്പം"},{"$i":"video-type-label","$v":"വീഡിയോ തരം"},{"$i":"date-taken-label","$v":"തീയ്യതി എടുത്തു"},{"$i":"resolution-label","$v":"റെസല്യൂഷൻ"},{"$i":"close-button","$v":"അടയ്‌ക്കുക"},{"$i":"byteUnit-B","$v":"ബൈറ്റ്സ്"},{"$i":"byteUnit-KB","$v":"KB"},{"$i":"byteUnit-MB","$v":"MB"},{"$i":"byteUnit-GB","$v":"GB"},{"$i":"byteUnit-TB","$v":"TB"},{"$i":"byteUnit-PB","$v":"PB"},{"$i":"byteUnit-EB","$v":"EB"},{"$i":"byteUnit-ZB","$v":"ZB"},{"$i":"byteUnit-YB","$v":"YB"},{"$i":"date-group-header","$v":"%B %Y"},{"$i":"share","$v":"പങ്കിടുക"},{"$i":"more-info","$v":"കൂടുതൽ വിവരങ്ങൾ"},{"$i":"delete","$v":"ഇല്ലാതാക്കുക"},{"$i":"video-button","ariaLabel":"വീഡിയോ"},{"$i":"select-button","ariaLabel":"തിരഞ്ഞെടുക്കുക"},{"$i":"delete-button","ariaLabel":"ഇല്ലാതാക്കുക"},{"$i":"share-button","ariaLabel":"പങ്കിടുക"},{"$i":"info-view","ariaLabel":"വിവരം"},{"$i":"options-view","ariaLabel":"ഓപ്ഷന്‍"},{"$i":"confirm-dialog","ariaLabel":"സ്ഥിരീകരിക്കുക"},{"$i":"videos-list","ariaLabel":"വീഡിയോ"},{"$i":"options-more","ariaLabel":"കൂടുതൽ"},{"$i":"seek-backward","ariaLabel":"പിന്നോട്ട് പോകുക"},{"$i":"seek-bar","ariaLabel":["തേടൽ ബാർ, ദൈർഘ്യം ",{"t":"idOrVar","v":"duration"}]},{"$i":"seek-forward","ariaLabel":"മുന്നോട്ട് പോകുക"},{"$i":"play-button","ariaLabel":"പ്ലേ ചെയ്യുക"},{"$i":"pause-button","ariaLabel":"പോസ്"},{"$i":"fullscreen-button","ariaLabel":"പൂര്‍ണ്ണ സ്ക്രീന്‍"},{"$i":"show-controls-button","ariaLabel":"നിയന്ത്രണങ്ങള്‍ കാണിക്കുക"},{"$i":"hide-controls-button","ariaLabel":"നിയന്ത്രണങ്ങള്‍ മറയ്ക്കുക"},{"$i":"spinner-overlay","ariaValueText":"ലോഡ് ചെയ്ത് കൊണ്ടിരിക്കുന്നു."},{"$i":"confirmation-title","$v":"സ്ഥിരീകരണം"},{"$i":"n-video-deleted","$v":{"zero":"ഒന്നും തിരഞ്ഞെടുത്തില്ല","one":"വീഡിയോ ഇല്ലാതാക്കി","two":[{"t":"idOrVar","v":"n"}," വീഡിയോകൾ ഇല്ലാതാക്കി"],"few":[{"t":"idOrVar","v":"n"}," വീഡിയോകൾ ഇല്ലാതാക്കി"],"many":[{"t":"idOrVar","v":"n"}," വീഡിയോകൾ ഇല്ലാതാക്കി"],"other":[{"t":"idOrVar","v":"n"}," വീഡിയോകൾ ഇല്ലാതാക്കി"]},"$x":[{"t":"idOrVar","v":"plural"},"n"]},{"$i":"rename-saved","$v":"മാറ്റങ്ങൾ സേവ് ചെയ്തു"},{"$i":"confirm-video","$v":"വീഡിയോ"},{"$i":"confirm-ok","$v":"ശരി"},{"$i":"options-header","$v":"ഓപ്ഷന്‍"},{"$i":"video-invalid-name","$v":"പേര് അസാധുവാണ്"},{"$i":"name-already-exists","$v":"ഈ പേര് ഇതിനകം നിലവിലുണ്ട്"},{"$i":"override-warning-msg","$v":"നിലവിലുള്ള ഫയൽ അസാധുവാക്കാൻ നിങ്ങൾ ആഗ്രഹിക്കുന്നുണ്ടോ?"},{"$i":"override","$v":"ഓവര്‍റൈഡ്‌ ചെയ്യുക"},{"$i":"opt-takevideo","$v":"വീഡിയോ എടുക്കുക"},{"$i":"opt-select","$v":"തിരഞ്ഞെടുക്കുക"},{"$i":"opt-delete","$v":"ഇല്ലാതാക്കുക"},{"$i":"opt-rename","$v":"പുനർനാമകരണം"},{"$i":"opt-selectmultiple","$v":"ഒന്നിലധികം തിരഞ്ഞെടുക്കുക"},{"$i":"opt-fileinfo","$v":"ഫയൽ വിവരം"},{"$i":"opt-selectall","$v":"എല്ലാം തിരഞ്ഞെടുക്കുക"},{"$i":"opt-deselectall","$v":"തിരഞ്ഞെടുത്തത് എല്ലാം മാറ്റുക"},{"$i":"opt-fullscreen","$v":"പൂര്‍ണ്ണ സ്ക്രീന്‍"},{"$i":"opt-play","$v":"പ്ലേ ചെയ്യുക"},{"$i":"opt-pause","$v":"പോസ്"},{"$i":"weekday-0-long","$v":"ഞായറാഴ്ച"},{"$i":"weekday-1-long","$v":"തിങ്കളാഴ്ച"},{"$i":"weekday-2-long","$v":"ചൊവ്വാഴ്ച"},{"$i":"weekday-3-long","$v":"ബുധനാഴ്ച"},{"$i":"weekday-4-long","$v":"വ്യാഴാഴ്ച"},{"$i":"weekday-5-long","$v":"വെള്ളിയാഴ്ച"},{"$i":"weekday-6-long","$v":"ശനിയാഴ്ച"},{"$i":"weekday-0-short","$v":"ഞായർ"},{"$i":"weekday-1-short","$v":"തിങ്കൾ"},{"$i":"weekday-2-short","$v":"ചൊവ്വ"},{"$i":"weekday-3-short","$v":"ബുധൻ"},{"$i":"weekday-4-short","$v":"വ്യാഴം"},{"$i":"weekday-5-short","$v":"വെള്ളി"},{"$i":"weekday-6-short","$v":"ശനി"},{"$i":"month-0-long","$v":"ജനുവരി"},{"$i":"month-1-long","$v":"ഫെബ്രുവരി"},{"$i":"month-2-long","$v":"മാർച്ച്"},{"$i":"month-3-long","$v":"ഏപ്രിൽ"},{"$i":"month-4-long","$v":"മെയ്"},{"$i":"month-5-long","$v":"ജൂൺ"},{"$i":"month-6-long","$v":"ജൂലൈ"},{"$i":"month-7-long","$v":"ആഗസ്റ്റ്"},{"$i":"month-8-long","$v":"സെപ്റ്റംബർ"},{"$i":"month-9-long","$v":"ഒക്ടോബർ"},{"$i":"month-10-long","$v":"നവംബർ"},{"$i":"month-11-long","$v":"ഡിസംബർ"},{"$i":"month-0-genitive","$v":"ജനുവരി"},{"$i":"month-1-genitive","$v":"ഫെബ്രുവരി"},{"$i":"month-2-genitive","$v":"മാർച്ച്"},{"$i":"month-3-genitive","$v":"ഏപ്രിൽ"},{"$i":"month-4-genitive","$v":"മെയ്"},{"$i":"month-5-genitive","$v":"ജൂൺ"},{"$i":"month-6-genitive","$v":"ജൂലൈ"},{"$i":"month-7-genitive","$v":"ആഗസ്റ്റ്"},{"$i":"month-8-genitive","$v":"സെപ്റ്റംബർ"},{"$i":"month-9-genitive","$v":"ഒക്ടോബർ"},{"$i":"month-10-genitive","$v":"നവംബർ"},{"$i":"month-11-genitive","$v":"ഡിസംബർ"},{"$i":"month-0-short","$v":"ജനുവരി"},{"$i":"month-1-short","$v":"ഫെബ്രുവരി"},{"$i":"month-2-short","$v":"മാർച്ച്"},{"$i":"month-3-short","$v":"ഏപ്രിൽ"},{"$i":"month-4-short","$v":"മെയ്"},{"$i":"month-5-short","$v":"ജൂൺ"},{"$i":"month-6-short","$v":"ജൂലൈ"},{"$i":"month-7-short","$v":"ആഗസ്റ്റ്"},{"$i":"month-8-short","$v":"സെപ്റ്റംബർ"},{"$i":"month-9-short","$v":"ഒക്ടോബർ"},{"$i":"month-10-short","$v":"നവംബർ"},{"$i":"month-11-short","$v":"ഡിസംബർ"},{"$i":"minutes-ago-long","$v":{"zero":"ഇപ്പോൾ തന്നെ","one":"ഒരു മിനിറ്റ് മുമ്പ്","two":[{"t":"idOrVar","v":"value"}," മിനിറ്റുകൾക്ക് മുമ്പ്"],"few":[{"t":"idOrVar","v":"value"}," മിനിറ്റുകൾക്ക് മുമ്പ്"],"many":[{"t":"idOrVar","v":"value"}," മിനിറ്റുകൾക്ക് മുമ്പ്"],"other":[{"t":"idOrVar","v":"value"}," മിനിറ്റുകൾക്ക് മുമ്പ്"]},"$x":[{"t":"idOrVar","v":"plural"},"value"]},{"$i":"hours-ago-long","$v":{"zero":"ഇപ്പോൾ തന്നെ","one":"ഒരു മണിക്കൂർ മുമ്പ്","two":[{"t":"idOrVar","v":"value"}," മണിക്കൂറുകൾക്ക് മുമ്പ്"],"few":[{"t":"idOrVar","v":"value"}," മണിക്കൂറുകൾക്ക് മുമ്പ്"],"many":[{"t":"idOrVar","v":"value"}," മണിക്കൂറുകൾക്ക് മുമ്പ്"],"other":[{"t":"idOrVar","v":"value"}," മണിക്കൂറുകൾക്ക് മുമ്പ്"]},"$x":[{"t":"idOrVar","v":"plural"},"value"]},{"$i":"days-ago-long","$v":{"zero":"ഇന്ന്","one":"ഇന്നലെ","two":[{"t":"idOrVar","v":"value"}," ദിവസങ്ങൾക്ക് മുമ്പ്"],"few":[{"t":"idOrVar","v":"value"}," ദിവസങ്ങൾക്ക് മുമ്പ്"],"many":[{"t":"idOrVar","v":"value"}," ദിവസങ്ങൾക്ക് മുമ്പ്"],"other":[{"t":"idOrVar","v":"value"}," ദിവസങ്ങൾക്ക് മുമ്പ്"]},"$x":[{"t":"idOrVar","v":"plural"},"value"]},{"$i":"weeks-ago-long","$v":{"zero":"ഈ ആഴ്ച","one":"കഴിഞ്ഞ ആഴ്ച","two":[{"t":"idOrVar","v":"value"}," ആഴ്ചകൾക്ക് മുമ്പ്"],"few":[{"t":"idOrVar","v":"value"}," ആഴ്ചകൾക്ക് മുമ്പ്"],"many":[{"t":"idOrVar","v":"value"}," ആഴ്ചകൾക്ക് മുമ്പ്"],"other":[{"t":"idOrVar","v":"value"}," ആഴ്ചകൾക്ക് മുമ്പ്"]},"$x":[{"t":"idOrVar","v":"plural"},"value"]},{"$i":"months-ago-long","$v":{"zero":"ഈ മാസം","one":"കഴിഞ്ഞ മാസം","two":[{"t":"idOrVar","v":"value"}," മാസങ്ങൾക്ക് മുമ്പ്"],"few":[{"t":"idOrVar","v":"value"}," മാസങ്ങൾക്ക് മുമ്പ്"],"many":[{"t":"idOrVar","v":"value"}," മാസങ്ങൾക്ക് മുമ്പ്"],"other":[{"t":"idOrVar","v":"value"}," മാസങ്ങൾക്ക് മുമ്പ്"]},"$x":[{"t":"idOrVar","v":"plural"},"value"]},{"$i":"years-ago-long","$v":{"zero":"ഈ വർഷം","one":"കഴിഞ്ഞ വർഷം","two":[{"t":"idOrVar","v":"value"}," വർഷങ്ങൾക്ക് മുമ്പ്"],"few":[{"t":"idOrVar","v":"value"}," വർഷങ്ങൾക്ക് മുമ്പ്"],"many":[{"t":"idOrVar","v":"value"}," വർഷങ്ങൾക്ക് മുമ്പ്"],"other":[{"t":"idOrVar","v":"value"}," വർഷങ്ങൾക്ക് മുമ്പ്"]},"$x":[{"t":"idOrVar","v":"plural"},"value"]},{"$i":"minutes-until-long","$v":{"zero":"ഇപ്പോൾ","one":"ഒരു മിനിറ്റിൽ","two":[{"t":"idOrVar","v":"value"}," മിനിറ്റുകളിൽ"],"few":[{"t":"idOrVar","v":"value"}," മിനിറ്റുകളിൽ"],"many":[{"t":"idOrVar","v":"value"}," മിനിറ്റുകളിൽ"],"other":[{"t":"idOrVar","v":"value"}," മിനിറ്റുകളിൽ"]},"$x":[{"t":"idOrVar","v":"plural"},"value"]},{"$i":"hours-until-long","$v":{"zero":"ഇപ്പോൾ","one":"ഒരു മണിക്കൂറിൽ","two":[{"t":"idOrVar","v":"value"}," മണിക്കൂറുകളിൽ"],"few":[{"t":"idOrVar","v":"value"}," മണിക്കൂറുകളിൽ"],"many":[{"t":"idOrVar","v":"value"}," മണിക്കൂറുകളിൽ"],"other":[{"t":"idOrVar","v":"value"}," മണിക്കൂറുകളിൽ"]},"$x":[{"t":"idOrVar","v":"plural"},"value"]},{"$i":"days-until-long","$v":{"zero":"ഇന്ന്","one":"നാളെ","two":[{"t":"idOrVar","v":"value"}," ദിവസങ്ങളിൽ"],"few":[{"t":"idOrVar","v":"value"}," ദിവസങ്ങളിൽ"],"many":[{"t":"idOrVar","v":"value"}," ദിവസങ്ങളിൽ"],"other":[{"t":"idOrVar","v":"value"}," ദിവസങ്ങളിൽ"]},"$x":[{"t":"idOrVar","v":"plural"},"value"]},{"$i":"weeks-until-long","$v":{"zero":"ഈ ആഴ്ച","one":"അടുത്ത ആഴ്ച","two":[{"t":"idOrVar","v":"value"}," ആഴ്ചകളിൽ"],"few":[{"t":"idOrVar","v":"value"}," ആഴ്ചകളിൽ"],"many":[{"t":"idOrVar","v":"value"}," ആഴ്ചകളിൽ"],"other":[{"t":"idOrVar","v":"value"}," ആഴ്ചകളിൽ"]},"$x":[{"t":"idOrVar","v":"plural"},"value"]},{"$i":"months-until-long","$v":{"zero":"ഈ മാസം","one":"അടുത്ത മാസം","two":[{"t":"idOrVar","v":"value"}," മാസങ്ങളിൽ"],"few":[{"t":"idOrVar","v":"value"}," മാസങ്ങളിൽ"],"many":[{"t":"idOrVar","v":"value"}," മാസങ്ങളിൽ"],"other":[{"t":"idOrVar","v":"value"}," മാസങ്ങളിൽ"]},"$x":[{"t":"idOrVar","v":"plural"},"value"]},{"$i":"years-until-long","$v":{"zero":"ഈ വർഷം","one":"അടുത്ത വർഷം","two":[{"t":"idOrVar","v":"value"}," വർഷങ്ങളിൽ"],"few":[{"t":"idOrVar","v":"value"}," വർഷങ്ങളിൽ"],"many":[{"t":"idOrVar","v":"value"}," വർഷങ്ങളിൽ"],"other":[{"t":"idOrVar","v":"value"}," വർഷങ്ങളിൽ"]},"$x":[{"t":"idOrVar","v":"plural"},"value"]},{"$i":"minutes-ago-short","$v":{"zero":"ഇപ്പോൾ തന്നെ","other":[{"t":"idOrVar","v":"value"}," മിനിറ്റ്  മുമ്പ്"]},"$x":[{"t":"idOrVar","v":"plural"},"value"]},{"$i":"hours-ago-short","$v":{"zero":"ഇപ്പോൾ തന്നെ","other":[{"t":"idOrVar","v":"value"}," മണിക്കൂറുകള്‍ക്ക്  മുമ്പ്"]},"$x":[{"t":"idOrVar","v":"plural"},"value"]},{"$i":"days-ago-short","$v":{"zero":"ഇന്ന്","other":[{"t":"idOrVar","v":"value"}," ദിവസങ്ങള്‍ക്ക്  മുമ്പ്"]},"$x":[{"t":"idOrVar","v":"plural"},"value"]},{"$i":"minutes-until-short","$v":{"zero":"ഇപ്പോൾ","other":[{"t":"idOrVar","v":"value"},"മിനിറ്റില്‍"]},"$x":[{"t":"idOrVar","v":"plural"},"value"]},{"$i":"hours-until-short","$v":{"zero":"ഇപ്പോൾ","other":[{"t":"idOrVar","v":"value"},"മണിക്കൂറില്‍"]},"$x":[{"t":"idOrVar","v":"plural"},"value"]},{"$i":"days-until-short","$v":{"zero":"ഇന്ന്","other":[{"t":"idOrVar","v":"value"},"ദിവസത്തില്‍"]},"$x":[{"t":"idOrVar","v":"plural"},"value"]},{"$i":"incorrectDate","$v":"(തെറ്റായ തീയ്യതി)"},{"$i":"dateTimeFormat_%c","$v":"%a %b %e %Y %I:%M:%S %p"},{"$i":"dateTimeFormat_%x","$v":"%m/%d/%Y"},{"$i":"dateTimeFormat_%X","$v":"%I:%M:%S %p"},{"$i":"shortTimeFormat","$v":"%I:%M %p"},{"$i":"shortTimeFormat12","$v":"%I:%M %p"},{"$i":"shortTimeFormat24","$v":"%H:%M"},{"$i":"shortDateTimeFormat","$v":"%x %I:%M %p"},{"$i":"weekStartsOnMonday","$v":"0"},{"$i":"firstDayOfTheWeek","$v":"0"},{"$i":"time_am","$v":"AM"},{"$i":"time_pm","$v":"PM"},{"$i":"softkey-options","$v":"ഓപ്ഷന്‍"}]