[{"$i":"done","$v":"তৌরে"},{"$i":"number-selected2","$v":{"zero":[{"t":"idOrVar","v":"n"}," খল্লে"],"one":[{"t":"idOrVar","v":"n"}," খল্লে"],"two":[{"t":"idOrVar","v":"n"}," খল্লে"],"few":[{"t":"idOrVar","v":"n"}," খল্লে"],"many":[{"t":"idOrVar","v":"n"}," খল্লে"],"other":[{"t":"idOrVar","v":"n"}," খল্লে"]},"$x":[{"t":"idOrVar","v":"plural"},"n"]},{"$i":"delete-n-items?","$v":{"zero":"করিমত্তা খন্দে","one":"খল্লবা ভিদিও মুথৎলু?","two":[{"t":"idOrVar","v":"n"}," ভিদিওশীং মুথৎলু?"],"few":[{"t":"idOrVar","v":"n"}," ভিদিওশীং মুথৎলু?"],"many":[{"t":"idOrVar","v":"n"}," ভিদিওশীং মুথৎলু?"],"other":[{"t":"idOrVar","v":"n"}," ভিদিওশীং মুথৎলু?"]},"$x":[{"t":"idOrVar","v":"plural"},"n"]},{"$i":"share-noprovider","$v":"মতম অমত্তদা ভিদিও অমা শরুক য়ামিন্নদুনা য়েংঙু."},{"$i":"videos","$v":"ভিডিওশিং"},{"$i":"cancel","$v":"ককথৎলু"},{"$i":"delete-video?","$v":"খল্লবা ভিদিও মুথৎলু?"},{"$i":"empty-title","$v":"স্টার্ট তৌনবা ভিদিওশীং হাপচিল্লু"},{"$i":"empty-text","$v":"ভিদিও অমত্তা ফংদে."},{"$i":"nocard2-title","$v":"মেমোরি কার্দ অমত্তা ফংদে"},{"$i":"nocard3-text","$v":"মেমোরি কার্দ য়াওদে. ভিদিওশীং লৌনবা মেমোরি কার্দ অমা থিংজিনবিয়ু."},{"$i":"pluggedin-title","$v":"প্লগ ইন তৌরিঙৈদা ভিদিও য়েংবা য়াদে"},{"$i":"pluggedin-text","$v":"দিভাইস স্টোরেজহৌজিক শীজিন্নরি. ভিদিওশীং লৌনবা ফোন অদু অনপ্লগ তৌবিয়ু"},{"$i":"upgrade-title","$v":"দাতাবেজ অপগ্রেদ"},{"$i":"upgrade-text","$v":"ভিদিওনা মদুগী দাতাবেজ অপদেত তৌরিঙৈদা ঙাইবিয়ু."},{"$i":"confirm-delete","$v":"নহাক মুথৎপা পাম্মি হায়বা নহাক শোয়দ্রব্রা:"},{"$i":"pick-title","$v":"ভিদিও অমা খল্লু"},{"$i":"save","$v":"সেব তৌ"},{"$i":"saved","$v":"ভিদিও লাইব্রেরিদা সেব তৌ."},{"$i":"error-network","$v":"ভিদিও অদু দাওনলোদ তৌবা ঙমখিদে নেটৱার্ক অরানবা অমনা মরম ওইদুনা."},{"$i":"error-unsupported","$v":"ভিদিও প্লে তৌবা য়াদে: সার্ভর অদু নত্ত্রগা নেটৱার্ক য়াদবনা মরম ওইদুনা নত্ত্রগা ফোরমেট অদু সপোর্ট তৌদবনা মরম ওইদুনা."},{"$i":"error-unknown","$v":"করিনো খঙদবা ভিদিও অরানবা অমা থোক্লে."},{"$i":"video-hardware-in-use-title","$v":"ভিদিও প্লে তৌবা ঙমদে"},{"$i":"video-hardware-in-use-text","$v":"অতোপ্পা এপনা ভিদিও প্লেয়র অদু হৌজিক শীজিন্নরি."},{"$i":"overlay-cancel-button","$v":"ককথৎলু"},{"$i":"overlay-camera-button","$v":"কেমেরাদা চৎলু"},{"$i":"name-label","$v":"মমিং"},{"$i":"length-label","$v":"অশাংবা"},{"$i":"size-label","$v":"মচাউ-মরাক"},{"$i":"video-type-label","$v":"ভিদিও মখল"},{"$i":"date-taken-label","$v":"তাং লৌখ্রে"},{"$i":"resolution-label","$v":"রিজোলুসন"},{"$i":"close-button","$v":"থিংজিল্লু"},{"$i":"byteUnit-B","$v":"বাইটশীং"},{"$i":"byteUnit-KB","$v":"KB"},{"$i":"byteUnit-MB","$v":"MB"},{"$i":"byteUnit-GB","$v":"GB"},{"$i":"byteUnit-TB","$v":"TB"},{"$i":"byteUnit-PB","$v":"PB"},{"$i":"byteUnit-EB","$v":"EB"},{"$i":"byteUnit-ZB","$v":"ZB"},{"$i":"byteUnit-YB","$v":"YB"},{"$i":"date-group-header","$v":"%B %Y"},{"$i":"share","$v":"শীজিন্নমিন্নৌ"},{"$i":"more-info","$v":"পাও হেন্না"},{"$i":"delete","$v":"মুত্থৎলু"},{"$i":"video-button","ariaLabel":"ভিদিও"},{"$i":"select-button","ariaLabel":"খল্লু"},{"$i":"delete-button","ariaLabel":"মুত্থৎলু"},{"$i":"share-button","ariaLabel":"শীজিন্নমিন্নৌ"},{"$i":"info-view","ariaLabel":"পাও"},{"$i":"options-view","ariaLabel":"ওপসনশিং"},{"$i":"confirm-dialog","ariaLabel":"চুম্লব্রা য়েংউ"},{"$i":"videos-list","ariaLabel":"ভিডিওশিং"},{"$i":"options-more","ariaLabel":"অহেনবা"},{"$i":"seek-backward","ariaLabel":"সীক বেকৱার্দ"},{"$i":"seek-bar","ariaLabel":["সীক বার, চংবা মতম ",{"t":"idOrVar","v":"duration"}]},{"$i":"seek-forward","ariaLabel":"সীক ফোরৱার্দ"},{"$i":"play-button","ariaLabel":"প্লে তৌ"},{"$i":"pause-button","ariaLabel":"ঙাইহাক লেপ্পু"},{"$i":"fullscreen-button","ariaLabel":"স্ক্রীন মপুম"},{"$i":"show-controls-button","ariaLabel":"কন্ত্রোলশীং উহল্লু"},{"$i":"hide-controls-button","ariaLabel":"কন্ত্রোলশীং লোৎলু"},{"$i":"spinner-overlay","ariaValueText":"লোড তৌরি"},{"$i":"confirmation-title","$v":"চুম্মি হায়বা"},{"$i":"n-video-deleted","$v":{"zero":"করিমত্তা খন্দে","one":"ভিদিও মুথৎলে","two":[{"t":"idOrVar","v":"n"}," ভিদিওশীং মুথৎলে"],"few":[{"t":"idOrVar","v":"n"}," ভিদিওশীং মুথৎলে"],"many":[{"t":"idOrVar","v":"n"}," ভিদিওশীং মুথৎলে"],"other":[{"t":"idOrVar","v":"n"}," ভিদিওশীং মুথৎলে"]},"$x":[{"t":"idOrVar","v":"plural"},"n"]},{"$i":"rename-saved","$v":"হোংবশীং সেব তৌরে"},{"$i":"confirm-video","$v":"ভিদিও"},{"$i":"confirm-ok","$v":"ওকে"},{"$i":"options-header","$v":"ওপসনশিং"},{"$i":"video-invalid-name","$v":"চৎনদবা মমিং"},{"$i":"name-already-exists","$v":"মমিং অসি হান্নদগী লৈ"},{"$i":"override-warning-msg","$v":"নহাক হৌজিক লৈবা ফাইল অদু মথক থোংবা পাম্ব্রা?"},{"$i":"override","$v":"মথক থোংদুনা ঙম্বা"},{"$i":"opt-takevideo","$v":"ভিদিও নম্মু"},{"$i":"opt-select","$v":"খল্লু"},{"$i":"opt-delete","$v":"মুত্থৎলু"},{"$i":"opt-rename","$v":"হন্না মিংথোল্লু"},{"$i":"opt-selectmultiple","$v":"ময়াম খল্লু"},{"$i":"opt-fileinfo","$v":"ফাইলগী পাও"},{"$i":"opt-selectall","$v":"লোইনমক হায়বদু খল্লু"},{"$i":"opt-deselectall","$v":"লোইনমক খনবা তোকউ"},{"$i":"opt-fullscreen","$v":"স্ক্রীন মপুম"},{"$i":"opt-play","$v":"প্লে তৌ"},{"$i":"opt-pause","$v":"ঙাইহাক লেপ্পু"},{"$i":"weekday-0-long","$v":"নোংমাইজিং"},{"$i":"weekday-1-long","$v":"নিংথৌকাবা"},{"$i":"weekday-2-long","$v":"লৈবাকপোকপা"},{"$i":"weekday-3-long","$v":"য়ুমশকৈশ"},{"$i":"weekday-4-long","$v":"শগোলশেল"},{"$i":"weekday-5-long","$v":"ইরাই"},{"$i":"weekday-6-long","$v":"থাংজ"},{"$i":"weekday-0-short","$v":"নুমিৎ"},{"$i":"weekday-1-short","$v":"নিংথৌকাবা"},{"$i":"weekday-2-short","$v":"লৈবাকপোকপা"},{"$i":"weekday-3-short","$v":"য়ুমশকৈশা"},{"$i":"weekday-4-short","$v":"শগোলশেন"},{"$i":"weekday-5-short","$v":"ইরাই"},{"$i":"weekday-6-short","$v":"থাংজ"},{"$i":"month-0-long","$v":"জানুৱারি"},{"$i":"month-1-long","$v":"ফেব্রুৱারি"},{"$i":"month-2-long","$v":"মার্চ"},{"$i":"month-3-long","$v":"এপ্রিল"},{"$i":"month-4-long","$v":"মে"},{"$i":"month-5-long","$v":"জুন"},{"$i":"month-6-long","$v":"জুলাই"},{"$i":"month-7-long","$v":"ওগস্ট"},{"$i":"month-8-long","$v":"সেপ্টেম্বর"},{"$i":"month-9-long","$v":"ওক্তোবর"},{"$i":"month-10-long","$v":"নোবেম্বর"},{"$i":"month-11-long","$v":"দিসেম্বর"},{"$i":"month-0-genitive","$v":"জানুৱারি"},{"$i":"month-1-genitive","$v":"ফেব্রুৱারি"},{"$i":"month-2-genitive","$v":"মার্চ"},{"$i":"month-3-genitive","$v":"এপ্রিল"},{"$i":"month-4-genitive","$v":"মে"},{"$i":"month-5-genitive","$v":"জুন"},{"$i":"month-6-genitive","$v":"জুলাই"},{"$i":"month-7-genitive","$v":"ওগস্ট"},{"$i":"month-8-genitive","$v":"সেপ্টেম্বর"},{"$i":"month-9-genitive","$v":"ওক্তোবর"},{"$i":"month-10-genitive","$v":"নোবেম্বর"},{"$i":"month-11-genitive","$v":"দিসেম্বর"},{"$i":"month-0-short","$v":"জানুৱারি"},{"$i":"month-1-short","$v":"ফেব্রুৱারি"},{"$i":"month-2-short","$v":"মার্চ"},{"$i":"month-3-short","$v":"এপ্রিল"},{"$i":"month-4-short","$v":"মে"},{"$i":"month-5-short","$v":"জুন"},{"$i":"month-6-short","$v":"জুলাই"},{"$i":"month-7-short","$v":"ওগস্ট"},{"$i":"month-8-short","$v":"সেপ্টেম্বর"},{"$i":"month-9-short","$v":"ওক্তোবর"},{"$i":"month-10-short","$v":"নোবেম্বর"},{"$i":"month-11-short","$v":"দিসেম্বর"},{"$i":"minutes-ago-long","$v":{"zero":"হৌজিক্তা","one":"মিনট অমা মমাংদা","two":["মিনট ",{"t":"idOrVar","v":"value"}," মমাংদা"],"few":["মিনট ",{"t":"idOrVar","v":"value"}," মমাংদা"],"many":["মিনট ",{"t":"idOrVar","v":"value"}," মমাংদা"],"other":["মিনট ",{"t":"idOrVar","v":"value"}," মমাংদা"]},"$x":[{"t":"idOrVar","v":"plural"},"value"]},{"$i":"hours-ago-long","$v":{"zero":"হৌজিক্তা","one":"পুং অমা মমাংদা","two":["পুং ",{"t":"idOrVar","v":"value"}," মমাংদা"],"few":["পুং ",{"t":"idOrVar","v":"value"}," মমাংদা"],"many":["পুং ",{"t":"idOrVar","v":"value"}," মমাংদা"],"other":["পুং ",{"t":"idOrVar","v":"value"}," মমাংদা"]},"$x":[{"t":"idOrVar","v":"plural"},"value"]},{"$i":"days-ago-long","$v":{"zero":"ঙসি","one":"ঙরাং","two":["নুমিৎ ",{"t":"idOrVar","v":"value"}," মমাংদা"],"few":["নুমিৎ ",{"t":"idOrVar","v":"value"}," মমাংদা"],"many":["নুমিৎ ",{"t":"idOrVar","v":"value"}," মমাংদা"],"other":["নুমিৎ ",{"t":"idOrVar","v":"value"}," মমাংদা"]},"$x":[{"t":"idOrVar","v":"plural"},"value"]},{"$i":"weeks-ago-long","$v":{"zero":"চয়োল অসি","one":"ইকোন কোনবা চয়োল","two":["চয়োল ",{"t":"idOrVar","v":"value"}," মমাংদা"],"few":["চয়োল ",{"t":"idOrVar","v":"value"}," মমাংদা"],"many":["চয়োল ",{"t":"idOrVar","v":"value"}," মমাংদা"],"other":["চয়োল ",{"t":"idOrVar","v":"value"}," মমাংদা"]},"$x":[{"t":"idOrVar","v":"plural"},"value"]},{"$i":"months-ago-long","$v":{"zero":"থা অসি","one":"ইকোন কোনবা থা","two":["থা ",{"t":"idOrVar","v":"value"}," মামংদা"],"few":["থা ",{"t":"idOrVar","v":"value"}," মামংদা"],"many":["থা ",{"t":"idOrVar","v":"value"}," মামংদা"],"other":["থা ",{"t":"idOrVar","v":"value"}," মামংদা"]},"$x":[{"t":"idOrVar","v":"plural"},"value"]},{"$i":"years-ago-long","$v":{"zero":"চহী অসি","one":"ইকোন কোনবা চহী","two":["চহী ",{"t":"idOrVar","v":"value"}," মমাংদা"],"few":["চহী ",{"t":"idOrVar","v":"value"}," মমাংদা"],"many":["চহী ",{"t":"idOrVar","v":"value"}," মমাংদা"],"other":["চহী ",{"t":"idOrVar","v":"value"}," মমাংদা"]},"$x":[{"t":"idOrVar","v":"plural"},"value"]},{"$i":"minutes-until-long","$v":{"zero":"হৌজিক্তা","one":"মিনট অমদা","two":["মিনট ",{"t":"idOrVar","v":"value"}," দা"],"few":["মিনট ",{"t":"idOrVar","v":"value"}," দা"],"many":["মিনট ",{"t":"idOrVar","v":"value"}," দা"],"other":["মিনট ",{"t":"idOrVar","v":"value"}," দা"]},"$x":[{"t":"idOrVar","v":"plural"},"value"]},{"$i":"hours-until-long","$v":{"zero":"হৌজিক্তা","one":"পুং অমদা","two":["পুং ",{"t":"idOrVar","v":"value"}," দা"],"few":["পুং ",{"t":"idOrVar","v":"value"}," দা"],"many":["পুং ",{"t":"idOrVar","v":"value"}," দা"],"other":["পুং ",{"t":"idOrVar","v":"value"}," দা"]},"$x":[{"t":"idOrVar","v":"plural"},"value"]},{"$i":"days-until-long","$v":{"zero":"ঙসি","one":"হয়েং","two":["নুমিৎ ",{"t":"idOrVar","v":"value"}," তা"],"few":["নুমিৎ ",{"t":"idOrVar","v":"value"}," তা"],"many":["নুমিৎ ",{"t":"idOrVar","v":"value"}," তা"],"other":["নুমিৎ ",{"t":"idOrVar","v":"value"}," তা"]},"$x":[{"t":"idOrVar","v":"plural"},"value"]},{"$i":"weeks-until-long","$v":{"zero":"চয়োল অসি","one":"মথংগী চয়োল","two":["চয়োল ",{"t":"idOrVar","v":"value"}," দা"],"few":["চয়োল ",{"t":"idOrVar","v":"value"}," দা"],"many":["চয়োল ",{"t":"idOrVar","v":"value"}," দা"],"other":["চয়োল ",{"t":"idOrVar","v":"value"}," দা"]},"$x":[{"t":"idOrVar","v":"plural"},"value"]},{"$i":"months-until-long","$v":{"zero":"থা অসি","one":"মথংগী থা","two":["থা ",{"t":"idOrVar","v":"value"}," দা"],"few":["থা ",{"t":"idOrVar","v":"value"}," দা"],"many":["থা ",{"t":"idOrVar","v":"value"}," দা"],"other":["থা ",{"t":"idOrVar","v":"value"}," দা"]},"$x":[{"t":"idOrVar","v":"plural"},"value"]},{"$i":"years-until-long","$v":{"zero":"চহী অসি","one":"মথংগী চহী","two":["চহী ",{"t":"idOrVar","v":"value"}," দা"],"few":["চহী ",{"t":"idOrVar","v":"value"}," দা"],"many":["চহী ",{"t":"idOrVar","v":"value"}," দা"],"other":["চহী ",{"t":"idOrVar","v":"value"}," দা"]},"$x":[{"t":"idOrVar","v":"plural"},"value"]},{"$i":"minutes-ago-short","$v":{"zero":"হৌজিক্তা","other":["থা ",{"t":"idOrVar","v":"value"}," মমাংদা"]},"$x":[{"t":"idOrVar","v":"plural"},"value"]},{"$i":"hours-ago-short","$v":{"zero":"হৌজিক্তা","other":["পুং ",{"t":"idOrVar","v":"value"}," মমাংদা"]},"$x":[{"t":"idOrVar","v":"plural"},"value"]},{"$i":"days-ago-short","$v":{"zero":"ঙসি","other":["নুমিৎ ",{"t":"idOrVar","v":"value"}," মমাংদা"]},"$x":[{"t":"idOrVar","v":"plural"},"value"]},{"$i":"minutes-until-short","$v":{"zero":"হৌজিক্তা","other":["থা ",{"t":"idOrVar","v":"value"}," দা"]},"$x":[{"t":"idOrVar","v":"plural"},"value"]},{"$i":"hours-until-short","$v":{"zero":"হৌজিক্তা","other":["পুং ",{"t":"idOrVar","v":"value"}," দা"]},"$x":[{"t":"idOrVar","v":"plural"},"value"]},{"$i":"days-until-short","$v":{"zero":"ঙসি","other":["নুমিৎ ",{"t":"idOrVar","v":"value"}," তা"]},"$x":[{"t":"idOrVar","v":"plural"},"value"]},{"$i":"incorrectDate","$v":"(চুমদবা তাং)"},{"$i":"dateTimeFormat_%c","$v":"%a %b %e %Y %I:%M:%S %p"},{"$i":"dateTimeFormat_%x","$v":"%m/%d/%Y"},{"$i":"dateTimeFormat_%X","$v":"%I:%M:%S %p"},{"$i":"shortTimeFormat","$v":"%I:%M %p"},{"$i":"shortTimeFormat12","$v":"%I:%M %p"},{"$i":"shortTimeFormat24","$v":"%H:%M"},{"$i":"shortDateTimeFormat","$v":"%x %I:%M %p"},{"$i":"weekStartsOnMonday","$v":"0"},{"$i":"firstDayOfTheWeek","$v":"0"},{"$i":"time_am","$v":"AM"},{"$i":"time_pm","$v":"PM"},{"$i":"softkey-options","$v":"ওপসনশিং"}]