[{"$i":"done","$v":"पूर्ण झाले"},{"$i":"number-selected2","$v":{"zero":[{"t":"idOrVar","v":"n"}," निवडलेले"],"one":[{"t":"idOrVar","v":"n"}," निवडलेले"],"two":[{"t":"idOrVar","v":"n"}," निवडलेले"],"few":[{"t":"idOrVar","v":"n"}," निवडलेले"],"many":[{"t":"idOrVar","v":"n"}," निवडलेले"],"other":[{"t":"idOrVar","v":"n"}," निवडलेले"]},"$x":[{"t":"idOrVar","v":"plural"},"n"]},{"$i":"delete-n-items?","$v":{"zero":"काही सुद्धा निवडले नाही","one":"निवडक व्हिडिओ हटवा?","two":[{"t":"idOrVar","v":"n"}," व्हिडिओ हटवा?"],"few":[{"t":"idOrVar","v":"n"}," व्हिडिओ हटवा?"],"many":[{"t":"idOrVar","v":"n"}," व्हिडिओ हटवा?"],"other":[{"t":"idOrVar","v":"n"}," व्हिडिओ हटवा?"]},"$x":[{"t":"idOrVar","v":"plural"},"n"]},{"$i":"share-noprovider","$v":"एका वेळी एक व्हिडिओ सामायिक करण्याचा प्रयत्न करा."},{"$i":"videos","$v":"व्हिडिओ"},{"$i":"cancel","$v":"रद्द करा"},{"$i":"delete-video?","$v":"निवडक व्हिडिओ हटवा?"},{"$i":"empty-title","$v":"सुरुवात करण्यासाठी व्हिडिओ जोडा"},{"$i":"empty-text","$v":"कोणतेही व्हिडिओ उपलब्ध नाही."},{"$i":"nocard2-title","$v":"कोणतेही मेमरी कार्ड सापडले नाही"},{"$i":"nocard3-text","$v":"मेमरी कार्ड सापडले नाही. व्हिडिओ घेण्यासाठी मेमरी कार्ड प्रविष्‍ट करा."},{"$i":"pluggedin-title","$v":"प्लग इन करताना व्हिडिओ बघू शकत नाही"},{"$i":"pluggedin-text","$v":"वर्तमानात डिवाइस स्टोरेजचा वापर करण्यात आला आहे. कृपया व्हिडिओ काढण्यासाठी फोन अनप्लग करा"},{"$i":"upgrade-title","$v":"डेटाबेस अपग्रेड"},{"$i":"upgrade-text","$v":"व्हिडिओ डेटाबेस अपडेट होई पर्यंत कृपया प्रतीक्षा करा."},{"$i":"confirm-delete","$v":"आपल्याला हटवायचे आहे का:"},{"$i":"pick-title","$v":"व्हिडिओ निवडा"},{"$i":"save","$v":"जतन करा"},{"$i":"saved","$v":"व्हिडिओ लायब्रेरीमध्ये जतन केले अाहे."},{"$i":"error-network","$v":"नेटवर्क त्रुटीमुळे व्हिडिओ डाउनलोड करणे शक्य झाले नाही."},{"$i":"error-unsupported","$v":"व्हिडिओ चालू शकत नाही: सर्वर किंवा नेटवर्क अयशस्वी झाल्यामुळे किंवा फॉरमॅट समर्थित नसल्यामुळे."},{"$i":"error-unknown","$v":"अज्ञात व्हिडिओ त्रुटी आली आहे."},{"$i":"video-hardware-in-use-title","$v":"व्हिडिओ चालवू शकत नाही"},{"$i":"video-hardware-in-use-text","$v":"आता अन्य अॅप व्हिडिओ प्लेयरचा उपयोग करत आहे."},{"$i":"overlay-cancel-button","$v":"रद्द करा"},{"$i":"overlay-camera-button","$v":"कॅमेऱ्या वर जा"},{"$i":"name-label","$v":"नाव"},{"$i":"length-label","$v":"लांबी"},{"$i":"size-label","$v":"आकार"},{"$i":"video-type-label","$v":"व्हिडिओ प्रकार"},{"$i":"date-taken-label","$v":"तारखेला आणले आहे"},{"$i":"resolution-label","$v":"रिझोल्यूशन"},{"$i":"close-button","$v":"बंद करा"},{"$i":"byteUnit-B","$v":"बाइट"},{"$i":"byteUnit-KB","$v":"KB"},{"$i":"byteUnit-MB","$v":"MB"},{"$i":"byteUnit-GB","$v":"GB"},{"$i":"byteUnit-TB","$v":"TB"},{"$i":"byteUnit-PB","$v":"PB"},{"$i":"byteUnit-EB","$v":"EB"},{"$i":"byteUnit-ZB","$v":"ZB"},{"$i":"byteUnit-YB","$v":"YB"},{"$i":"date-group-header","$v":"%B %Y"},{"$i":"share","$v":"सामायिक करा"},{"$i":"more-info","$v":"अधिक माहिती"},{"$i":"delete","$v":"हटवा"},{"$i":"video-button","ariaLabel":"व्हिडिओ"},{"$i":"select-button","ariaLabel":"निवडा"},{"$i":"delete-button","ariaLabel":"हटवा"},{"$i":"share-button","ariaLabel":"सामायिक करा"},{"$i":"info-view","ariaLabel":"माहिती"},{"$i":"options-view","ariaLabel":"पर्याय"},{"$i":"confirm-dialog","ariaLabel":"पुष्टी करा"},{"$i":"videos-list","ariaLabel":"व्हिडिओ"},{"$i":"options-more","ariaLabel":"अधिक"},{"$i":"seek-backward","ariaLabel":"मागे जा"},{"$i":"seek-bar","ariaLabel":["सीक बार, कालावधी  ",{"t":"idOrVar","v":"duration"}]},{"$i":"seek-forward","ariaLabel":"पुढे जा"},{"$i":"play-button","ariaLabel":"वाजवा"},{"$i":"pause-button","ariaLabel":"थांबवा"},{"$i":"fullscreen-button","ariaLabel":"फुलस्क्रीन"},{"$i":"show-controls-button","ariaLabel":"कंट्रोल दाखवा"},{"$i":"hide-controls-button","ariaLabel":"कंट्रोल लपवा"},{"$i":"spinner-overlay","ariaValueText":"लोड होत आहे ..."},{"$i":"confirmation-title","$v":"पुष्टीकरण"},{"$i":"n-video-deleted","$v":{"zero":"काही सुद्धा निवडले नाही","one":"व्हिडिओ हटवला गेला","two":[{"t":"idOrVar","v":"n"}," व्हिडिओ हटवले गेले"],"few":[{"t":"idOrVar","v":"n"}," व्हिडिओ हटवले गेले"],"many":[{"t":"idOrVar","v":"n"}," व्हिडिओ हटवले गेले"],"other":[{"t":"idOrVar","v":"n"}," व्हिडिओ हटवले गेले"]},"$x":[{"t":"idOrVar","v":"plural"},"n"]},{"$i":"rename-saved","$v":"बदल जतन केले"},{"$i":"confirm-video","$v":"व्हिडिओ"},{"$i":"confirm-ok","$v":"ठीक आहे"},{"$i":"options-header","$v":"पर्याय"},{"$i":"video-invalid-name","$v":"अवैध नाव"},{"$i":"name-already-exists","$v":"हे नाव आधीच अस्तित्वात आहे"},{"$i":"override-warning-msg","$v":"आपल्याला वर्तमान फाईल ओवरराइड करायची आहे का?"},{"$i":"override","$v":"ओवरराइड करा"},{"$i":"opt-takevideo","$v":"व्हिडिओ बनवा"},{"$i":"opt-select","$v":"निवडा"},{"$i":"opt-delete","$v":"हटवा"},{"$i":"opt-rename","$v":"नाव बदला"},{"$i":"opt-selectmultiple","$v":"एका पेक्षा अधिक निवडा"},{"$i":"opt-fileinfo","$v":"फाईलची माहिती"},{"$i":"opt-selectall","$v":"सर्व निवडा"},{"$i":"opt-deselectall","$v":"सर्व निवड रद्द करा"},{"$i":"opt-fullscreen","$v":"फुलस्क्रीन"},{"$i":"opt-play","$v":"वाजवा"},{"$i":"opt-pause","$v":"थांबवा"},{"$i":"weekday-0-long","$v":"रविवार"},{"$i":"weekday-1-long","$v":"सोमवार"},{"$i":"weekday-2-long","$v":"मंगळवार"},{"$i":"weekday-3-long","$v":"बुधवार"},{"$i":"weekday-4-long","$v":"गुरुवार"},{"$i":"weekday-5-long","$v":"शुक्रवार"},{"$i":"weekday-6-long","$v":"शनिवार"},{"$i":"weekday-0-short","$v":"रवि"},{"$i":"weekday-1-short","$v":"सोम"},{"$i":"weekday-2-short","$v":"मंगळ"},{"$i":"weekday-3-short","$v":"बुध"},{"$i":"weekday-4-short","$v":"गुरु"},{"$i":"weekday-5-short","$v":"शुक्र"},{"$i":"weekday-6-short","$v":"शनि"},{"$i":"month-0-long","$v":"जानेवारी"},{"$i":"month-1-long","$v":"फेब्रुवारी"},{"$i":"month-2-long","$v":"मार्च"},{"$i":"month-3-long","$v":"एप्रिल"},{"$i":"month-4-long","$v":"मे"},{"$i":"month-5-long","$v":"जून"},{"$i":"month-6-long","$v":"जुलै"},{"$i":"month-7-long","$v":"ऑगस्ट"},{"$i":"month-8-long","$v":"सप्टेंबर"},{"$i":"month-9-long","$v":"ऑक्टोबर"},{"$i":"month-10-long","$v":"नोव्हेंबर"},{"$i":"month-11-long","$v":"डिसेंबर"},{"$i":"month-0-genitive","$v":"जानेवारी"},{"$i":"month-1-genitive","$v":"फेब्रुवारी"},{"$i":"month-2-genitive","$v":"मार्च"},{"$i":"month-3-genitive","$v":"एप्रिल"},{"$i":"month-4-genitive","$v":"मे"},{"$i":"month-5-genitive","$v":"जून"},{"$i":"month-6-genitive","$v":"जुलै"},{"$i":"month-7-genitive","$v":"ऑगस्ट"},{"$i":"month-8-genitive","$v":"सप्टेंबर"},{"$i":"month-9-genitive","$v":"ऑक्टोबर"},{"$i":"month-10-genitive","$v":"नोव्हेंबर"},{"$i":"month-11-genitive","$v":"डिसेंबर"},{"$i":"month-0-short","$v":"जानेवारी"},{"$i":"month-1-short","$v":"फेब्रुवारी"},{"$i":"month-2-short","$v":"मार्च"},{"$i":"month-3-short","$v":"एप्रिल"},{"$i":"month-4-short","$v":"मे"},{"$i":"month-5-short","$v":"जून"},{"$i":"month-6-short","$v":"जुलै"},{"$i":"month-7-short","$v":"ऑगस्‍ट"},{"$i":"month-8-short","$v":"सप्टेंबर"},{"$i":"month-9-short","$v":"ऑक्टोबर"},{"$i":"month-10-short","$v":"नोव्हेंबर"},{"$i":"month-11-short","$v":"डिसेंबर"},{"$i":"minutes-ago-long","$v":{"zero":"आत्ताच","one":"एक मिनिटापूर्वी","two":[{"t":"idOrVar","v":"value"}," मिनिटा पूर्वी"],"few":[{"t":"idOrVar","v":"value"}," मिनिटा पूर्वी"],"many":[{"t":"idOrVar","v":"value"}," मिनिटा पूर्वी"],"other":[{"t":"idOrVar","v":"value"}," मिनिटा पूर्वी"]},"$x":[{"t":"idOrVar","v":"plural"},"value"]},{"$i":"hours-ago-long","$v":{"zero":"आत्ताच","one":"एका तासापूर्वी","two":[{"t":"idOrVar","v":"value"}," तासा पूर्वी"],"few":[{"t":"idOrVar","v":"value"}," तासा पूर्वी"],"many":[{"t":"idOrVar","v":"value"}," तासा पूर्वी"],"other":[{"t":"idOrVar","v":"value"}," तासा पूर्वी"]},"$x":[{"t":"idOrVar","v":"plural"},"value"]},{"$i":"days-ago-long","$v":{"zero":"आज","one":"काल","two":[{"t":"idOrVar","v":"value"}," दिवसा पूर्वी"],"few":[{"t":"idOrVar","v":"value"}," दिवसा पूर्वी"],"many":[{"t":"idOrVar","v":"value"}," दिवसा पूर्वी"],"other":[{"t":"idOrVar","v":"value"}," दिवसा पूर्वी"]},"$x":[{"t":"idOrVar","v":"plural"},"value"]},{"$i":"weeks-ago-long","$v":{"zero":"हा आठवडा","one":"शेवटचा आठवडा","two":[{"t":"idOrVar","v":"value"}," आठवड्या पूर्वी"],"few":[{"t":"idOrVar","v":"value"}," आठवड्या पूर्वी"],"many":[{"t":"idOrVar","v":"value"}," आठवड्या पूर्वी"],"other":[{"t":"idOrVar","v":"value"}," आठवड्या पूर्वी"]},"$x":[{"t":"idOrVar","v":"plural"},"value"]},{"$i":"months-ago-long","$v":{"zero":"हा महिना","one":"शेवटचा महिना","two":[{"t":"idOrVar","v":"value"}," महिने पूर्वी"],"few":[{"t":"idOrVar","v":"value"}," महिने पूर्वी"],"many":[{"t":"idOrVar","v":"value"}," महिने पूर्वी"],"other":[{"t":"idOrVar","v":"value"}," महिने पूर्वी"]},"$x":[{"t":"idOrVar","v":"plural"},"value"]},{"$i":"years-ago-long","$v":{"zero":"हे वर्ष","one":"शेवटचे वर्ष","two":[{"t":"idOrVar","v":"value"}," वर्षां पूर्वी"],"few":[{"t":"idOrVar","v":"value"}," वर्षां पूर्वी"],"many":[{"t":"idOrVar","v":"value"}," वर्षां पूर्वी"],"other":[{"t":"idOrVar","v":"value"}," वर्षां पूर्वी"]},"$x":[{"t":"idOrVar","v":"plural"},"value"]},{"$i":"minutes-until-long","$v":{"zero":"आत्ता","one":"एका मिनिटा मध्ये","two":[{"t":"idOrVar","v":"value"}," मिनिटा मध्ये"],"few":[{"t":"idOrVar","v":"value"}," मिनिटा मध्ये"],"many":[{"t":"idOrVar","v":"value"}," मिनिटा मध्ये"],"other":[{"t":"idOrVar","v":"value"}," मिनिटा मध्ये"]},"$x":[{"t":"idOrVar","v":"plural"},"value"]},{"$i":"hours-until-long","$v":{"zero":"आत्ता","one":"एका तासा मध्ये","two":[{"t":"idOrVar","v":"value"}," तासा मध्ये"],"few":[{"t":"idOrVar","v":"value"}," तासा मध्ये"],"many":[{"t":"idOrVar","v":"value"}," तासा मध्ये"],"other":[{"t":"idOrVar","v":"value"}," तासा मध्ये"]},"$x":[{"t":"idOrVar","v":"plural"},"value"]},{"$i":"days-until-long","$v":{"zero":"आज","one":"उद्या","two":[{"t":"idOrVar","v":"value"}," दिवसां मध्ये"],"few":[{"t":"idOrVar","v":"value"}," दिवसां मध्ये"],"many":[{"t":"idOrVar","v":"value"}," दिवसां मध्ये"],"other":[{"t":"idOrVar","v":"value"}," दिवसां मध्ये"]},"$x":[{"t":"idOrVar","v":"plural"},"value"]},{"$i":"weeks-until-long","$v":{"zero":"हा आठवडा","one":"पुढील आठवडा","two":[{"t":"idOrVar","v":"value"}," आठवड्यां मध्ये"],"few":[{"t":"idOrVar","v":"value"}," आठवड्यां मध्ये"],"many":[{"t":"idOrVar","v":"value"}," आठवड्यां मध्ये"],"other":[{"t":"idOrVar","v":"value"}," आठवड्यां मध्ये"]},"$x":[{"t":"idOrVar","v":"plural"},"value"]},{"$i":"months-until-long","$v":{"zero":"हा महिना","one":"पुढील महिना","two":[{"t":"idOrVar","v":"value"}," महिन्यां मध्ये"],"few":[{"t":"idOrVar","v":"value"}," महिन्यां मध्ये"],"many":[{"t":"idOrVar","v":"value"}," महिन्यां मध्ये"],"other":[{"t":"idOrVar","v":"value"}," महिन्यां मध्ये"]},"$x":[{"t":"idOrVar","v":"plural"},"value"]},{"$i":"years-until-long","$v":{"zero":"हे वर्ष","one":"पुढील वर्ष","two":[{"t":"idOrVar","v":"value"}," वर्षां मध्ये"],"few":[{"t":"idOrVar","v":"value"}," वर्षां मध्ये"],"many":[{"t":"idOrVar","v":"value"}," वर्षां मध्ये"],"other":[{"t":"idOrVar","v":"value"}," वर्षां मध्ये"]},"$x":[{"t":"idOrVar","v":"plural"},"value"]},{"$i":"minutes-ago-short","$v":{"zero":"आत्ताच","other":[{"t":"idOrVar","v":"value"}," महिन्या पूर्वी"]},"$x":[{"t":"idOrVar","v":"plural"},"value"]},{"$i":"hours-ago-short","$v":{"zero":"आत्ताच","other":[{"t":"idOrVar","v":"value"}," तासा पूर्वी"]},"$x":[{"t":"idOrVar","v":"plural"},"value"]},{"$i":"days-ago-short","$v":{"zero":"आज","other":[{"t":"idOrVar","v":"value"}," दिवसा पूर्वी"]},"$x":[{"t":"idOrVar","v":"plural"},"value"]},{"$i":"minutes-until-short","$v":{"zero":"आत्ता","other":[{"t":"idOrVar","v":"value"},"मिनिटा मध्ये"]},"$x":[{"t":"idOrVar","v":"plural"},"value"]},{"$i":"hours-until-short","$v":{"zero":"आत्ता","other":[{"t":"idOrVar","v":"value"},"तासा मध्ये"]},"$x":[{"t":"idOrVar","v":"plural"},"value"]},{"$i":"days-until-short","$v":{"zero":"आज","other":[{"t":"idOrVar","v":"value"},"दिवसां मध्ये"]},"$x":[{"t":"idOrVar","v":"plural"},"value"]},{"$i":"incorrectDate","$v":"(चुकीची तारीख)"},{"$i":"dateTimeFormat_%c","$v":"%a %b %e %Y %I:%M:%S %p"},{"$i":"dateTimeFormat_%x","$v":"%m/%d/%Y"},{"$i":"dateTimeFormat_%X","$v":"%I:%M:%S %p"},{"$i":"shortTimeFormat","$v":"%I:%M %p"},{"$i":"shortTimeFormat12","$v":"%I:%M %p"},{"$i":"shortTimeFormat24","$v":"%H:%M"},{"$i":"shortDateTimeFormat","$v":"%x %I:%M %p"},{"$i":"weekStartsOnMonday","$v":"0"},{"$i":"firstDayOfTheWeek","$v":"0"},{"$i":"time_am","$v":"AM"},{"$i":"time_pm","$v":"PM"},{"$i":"softkey-options","$v":"पर्याय"}]