[{"$i":"done","$v":"ସମ୍ପୁର୍ଣ୍ଣ"},{"$i":"number-selected2","$v":{"zero":[{"t":"idOrVar","v":"n"}," ଚୟନିତ"],"one":[{"t":"idOrVar","v":"n"}," ଚୟନିତ"],"two":[{"t":"idOrVar","v":"n"}," ଚୟନିତ"],"few":[{"t":"idOrVar","v":"n"}," ଚୟନିତ"],"many":[{"t":"idOrVar","v":"n"}," ଚୟନିତ"],"other":[{"t":"idOrVar","v":"n"}," ଚୟନିତ"]},"$x":[{"t":"idOrVar","v":"plural"},"n"]},{"$i":"delete-n-items?","$v":{"zero":"କିଛି ବି ଚୟନିତ ହୋଇନାହିଁ","one":"ଚୟନିତ ଭିଡିଓ ବିଲୋପ କରିବେ ?","two":[{"t":"idOrVar","v":"n"}," ଟି ଭିଡିଓ ବିଲୋପ କରିବେ ?"],"few":[{"t":"idOrVar","v":"n"}," ଟି ଭିଡିଓ ବିଲୋପ କରିବେ ?"],"many":[{"t":"idOrVar","v":"n"}," ଟି ଭିଡିଓ ବିଲୋପ କରିବେ ?"],"other":[{"t":"idOrVar","v":"n"}," ଟି ଭିଡିଓ ବିଲୋପ କରିବେ ?"]},"$x":[{"t":"idOrVar","v":"plural"},"n"]},{"$i":"share-noprovider","$v":"ଏକ ସମୟରେ ଗୋଟିଏ ଭିଡିଓ ଅଂଶୀଦାର କରିବାକୁ ଚେଷ୍ଟା କରନ୍ତୁ।"},{"$i":"videos","$v":"ଭିଡିଓ‌ଗୁଡିକ"},{"$i":"cancel","$v":"ବାତିଲ କରନ୍ତୁ"},{"$i":"delete-video?","$v":"ଚୟନିତ ଭିଡିଓ ବିଲୋପ କରିବେ ?"},{"$i":"empty-title","$v":"ଆରମ୍ଭ କରିବାକୁ ଭିଡିଓଗୁଡିକ ଯୋଡ଼ନ୍ତୁ"},{"$i":"empty-text","$v":"କୌଣସି ଭିଡିଓ ଉପଲବ୍ଧ ନାହିଁ।"},{"$i":"nocard2-title","$v":"କୌଣସି ମେମୋ‌ରୀ କାର୍ଡ୍ ମିଳିଲା ନାହିଁ"},{"$i":"nocard3-text","$v":"ମେମୋରୀ କାର୍ଡ୍‌ ମିଳିଲା ନାହିଁ। ଦୟାକରି ଭିଡିଓ ନେବାକୁ ଏକ ମେମୋରୀ କାର୍ଡ୍‌ ପ୍ରବେଶ କରନ୍ତୁ।"},{"$i":"pluggedin-title","$v":"ପ୍ଲଗ୍ଇନ୍ ଥିବା ସମୟରେ ଭିଡିଓ ଦେଖିପାରିବେ ନାହିଁ"},{"$i":"pluggedin-text","$v":"ଡିଭାଇସ୍ ଷ୍ଟୋରେଜ୍ ବର୍ତ୍ତମାନ ବ୍ୟବହୃତ ହେଉଛି | ଦୟାକରି ଭିଡିଓ ନେବା ପାଇଁ ଫୋନ୍ ଅନ୍‌ପ୍ଲଗ୍ କରନ୍ତୁ"},{"$i":"upgrade-title","$v":"ଡାଟାବେସ୍ ଅପ୍‌ଗ୍ରେଡ୍"},{"$i":"upgrade-text","$v":"ଭିଡିଓ ଏହାର ଡାଟାବେସ୍ ଅପ୍‌ଡେଟସ୍ କରିବା ସମୟରେ ଦୟାକରି ଅପେକ୍ଷା କରନ୍ତୁ |"},{"$i":"confirm-delete","$v":"ଆପଣ ବିଲୋପ କରିବାକୁ ଚାହାଁନ୍ତି:"},{"$i":"pick-title","$v":"ଏକ ଭିଡିଓ ଚୟନ କରନ୍ତୁ"},{"$i":"save","$v":"ସେଭ୍ କରନ୍ତୁ"},{"$i":"saved","$v":"ଭିଡିଓ ଲାଇବ୍ରେରୀରେ ସେଭ୍ ହୋଇଛି।"},{"$i":"error-network","$v":"ଏକ ନେଟ୍‌ୱାର୍କ୍ ତ୍ରୁଟି କାରଣରୁ ଭିଡିଓ ଡାଉନଲୋଡ୍ ହୋଇପାରିବ ନାହିଁ ।"},{"$i":"error-unsupported","$v":"ଭିଡିଓ ଚାଳନ ହୋଇପାରିବ ନାହିଁ: କାରଣ ହୁଏତ ସର୍ଭର୍ କିମ୍ୱା ନେଟ୍‌ୱାର୍କ୍ ବିଫଳ କିମ୍ୱା ଫର୍ମାଟ୍ ଅସମର୍ଥିତ |"},{"$i":"error-unknown","$v":"ଏକ ଅଜ୍ଞାତ ଭିଡିଓ ତ୍ରୁଟି ଘଟିଛି।"},{"$i":"video-hardware-in-use-title","$v":"ଭିଡିଓ ଚାଳନ କରିପାରିବ ନାହିଁ"},{"$i":"video-hardware-in-use-text","$v":"ବର୍ତ୍ତମାନ ଅନ୍ୟ ଏକ ଆପ୍ ଭିଡିଓ ପ୍ଲେୟାର୍ ବ୍ୟବହାର କରୁଛି।"},{"$i":"overlay-cancel-button","$v":"ବାତିଲ କରନ୍ତୁ"},{"$i":"overlay-camera-button","$v":"କ୍ୟାମେରାକୁ ଯାଆନ୍ତୁ"},{"$i":"name-label","$v":"ନାମ"},{"$i":"length-label","$v":"ଲମ୍ବ"},{"$i":"size-label","$v":"ଆକାର"},{"$i":"video-type-label","$v":"ଭିଡିଓ ପ୍ରକାର"},{"$i":"date-taken-label","$v":"ନିଆଯାଇଥିବା ତାରିଖ"},{"$i":"resolution-label","$v":"ରିଜୋଲ୍ୟୁସନ"},{"$i":"close-button","$v":"ବନ୍ଦ କରନ୍ତୁ"},{"$i":"byteUnit-B","$v":"ବାଇଟ୍‌"},{"$i":"byteUnit-KB","$v":"KB"},{"$i":"byteUnit-MB","$v":"MB"},{"$i":"byteUnit-GB","$v":"GB"},{"$i":"byteUnit-TB","$v":"TB"},{"$i":"byteUnit-PB","$v":"PB"},{"$i":"byteUnit-EB","$v":"EB"},{"$i":"byteUnit-ZB","$v":"ZB"},{"$i":"byteUnit-YB","$v":"YB"},{"$i":"date-group-header","$v":"%B %Y"},{"$i":"share","$v":"ଅଂଶୀଦାର କରନ୍ତୁ"},{"$i":"more-info","$v":"ଅଧିକ ସୂଚନା"},{"$i":"delete","$v":"ବିଲୋପ କରନ୍ତୁ"},{"$i":"video-button","ariaLabel":"ଭିଡିଓ"},{"$i":"select-button","ariaLabel":"ଚୟନ କରନ୍ତୁ"},{"$i":"delete-button","ariaLabel":"ବିଲୋପ କରନ୍ତୁ"},{"$i":"share-button","ariaLabel":"ଅଂଶୀଦାର କରନ୍ତୁ"},{"$i":"info-view","ariaLabel":"ସୂଚନା"},{"$i":"options-view","ariaLabel":"ବିକଳ୍ପଗୁଡିକ"},{"$i":"confirm-dialog","ariaLabel":"ନିଶ୍ଚିତ କରନ୍ତୁ"},{"$i":"videos-list","ariaLabel":"ଭିଡିଓ‌ଗୁଡିକ"},{"$i":"options-more","ariaLabel":"ଅଧିକ"},{"$i":"seek-backward","ariaLabel":"ପଛକୁ ଯାଆନ୍ତୁ"},{"$i":"seek-bar","ariaLabel":["ସିକ୍ ବାର୍ , ଅବଧି ",{"t":"idOrVar","v":"duration"}]},{"$i":"seek-forward","ariaLabel":"ଆଗକୁ ଯାଆନ୍ତୁ"},{"$i":"play-button","ariaLabel":"ବଜାନ୍ତୁ"},{"$i":"pause-button","ariaLabel":"ବିରତ କରନ୍ତୁ"},{"$i":"fullscreen-button","ariaLabel":"ଫୁଲ୍‌ ସ୍କ୍ରିନ୍"},{"$i":"show-controls-button","ariaLabel":"ନିୟନ୍ତ୍ରଣ ଦେଖାନ୍ତୁ"},{"$i":"hide-controls-button","ariaLabel":"ନିୟନ୍ତ୍ରଣ ଲୁଚାନ୍ତୁ"},{"$i":"spinner-overlay","ariaValueText":"ଲୋଡ୍‌ ହେଉଛି..."},{"$i":"confirmation-title","$v":"ନିଶ୍ଚିତକରଣ"},{"$i":"n-video-deleted","$v":{"zero":"କିଛି ବି ଚୟନିତ ହୋଇନାହିଁ","one":"ଭିଡିଓ ବିଲୋପିତ","two":[{"t":"idOrVar","v":"n"}," ଭିଡିଓଗୁଡିକ ବିଲୋପିତ"],"few":[{"t":"idOrVar","v":"n"}," ଭିଡିଓଗୁଡିକ ବିଲୋପିତ"],"many":[{"t":"idOrVar","v":"n"}," ଭିଡିଓଗୁଡିକ ବିଲୋପିତ"],"other":[{"t":"idOrVar","v":"n"}," ଭିଡିଓଗୁଡିକ ବିଲୋପିତ"]},"$x":[{"t":"idOrVar","v":"plural"},"n"]},{"$i":"rename-saved","$v":"ପରିବର୍ତ୍ତନଗୁଡିକ ସେଭ୍ ହୋଇଛି"},{"$i":"confirm-video","$v":"ଭିଡିଓ"},{"$i":"confirm-ok","$v":"ଓକେ"},{"$i":"options-header","$v":"ବିକଳ୍ପଗୁଡିକ"},{"$i":"video-invalid-name","$v":"ଅବୈଧ ନାମ"},{"$i":"name-already-exists","$v":"ଏହି ନାମ ପୂର୍ବରୁ ବିଦ୍ୟମାନ"},{"$i":"override-warning-msg","$v":"ଆପଣ ବିଦ୍ୟମାନ ଫାଇଲ୍ ଅଧିଲିଖନ କରିବାକୁ ଚାହାଁନ୍ତି?"},{"$i":"override","$v":"ଅଧିଲିଖନ କରନ୍ତୁ"},{"$i":"opt-takevideo","$v":"ଭିଡିଓ ନିଅନ୍ତୁ"},{"$i":"opt-select","$v":"ଚୟନ କରନ୍ତୁ"},{"$i":"opt-delete","$v":"ବିଲୋପ କରନ୍ତୁ"},{"$i":"opt-rename","$v":"ନାମ ବଦଳାନ୍ତୁ"},{"$i":"opt-selectmultiple","$v":"ଏକାଧିକ ଚୟନ କରନ୍ତୁ"},{"$i":"opt-fileinfo","$v":"ଫାଇଲ୍ ସୂଚନା"},{"$i":"opt-selectall","$v":"ସମସ୍ତ ଚୟନ କରନ୍ତୁ"},{"$i":"opt-deselectall","$v":"ସମସ୍ତ ଅଣଚୟନ କରନ୍ତୁ"},{"$i":"opt-fullscreen","$v":"ଫୁଲ୍‌ ସ୍କ୍ରିନ୍"},{"$i":"opt-play","$v":"ବଜାନ୍ତୁ"},{"$i":"opt-pause","$v":"ବିରତ କରନ୍ତୁ"},{"$i":"weekday-0-long","$v":"ରବିବାର"},{"$i":"weekday-1-long","$v":"ସୋମବାର"},{"$i":"weekday-2-long","$v":"ମଙ୍ଗଳବାର"},{"$i":"weekday-3-long","$v":"ବୁଧବାର"},{"$i":"weekday-4-long","$v":"ଗୁରୁବାର"},{"$i":"weekday-5-long","$v":"ଶୁକ୍ରବାର"},{"$i":"weekday-6-long","$v":"ଶନିବାର"},{"$i":"weekday-0-short","$v":"ରବି"},{"$i":"weekday-1-short","$v":"ସୋମ"},{"$i":"weekday-2-short","$v":"ମଙ୍ଗଳବାର"},{"$i":"weekday-3-short","$v":"ବୁଧ"},{"$i":"weekday-4-short","$v":"ଗୁରୁବାର"},{"$i":"weekday-5-short","$v":"ଶୁକ୍ର"},{"$i":"weekday-6-short","$v":"ଶନି"},{"$i":"month-0-long","$v":"ଜାନୁଆରୀ"},{"$i":"month-1-long","$v":"ଫେବୃଆରୀ"},{"$i":"month-2-long","$v":"ମାର୍ଚ୍ଚ"},{"$i":"month-3-long","$v":"ଏପ୍ରିଲ୍"},{"$i":"month-4-long","$v":"ମେ"},{"$i":"month-5-long","$v":"ଜୁନ୍"},{"$i":"month-6-long","$v":"ଜୁଲାଇ"},{"$i":"month-7-long","$v":"ଅଗଷ୍ଟ"},{"$i":"month-8-long","$v":"ସେପ୍ଟେମ୍ୱର୍"},{"$i":"month-9-long","$v":"ଅକ୍ଟୋବର"},{"$i":"month-10-long","$v":"ନଭେମ୍ୱର୍"},{"$i":"month-11-long","$v":"ଡିସେମ୍ଵର"},{"$i":"month-0-genitive","$v":"ଜାନୁଆରୀ"},{"$i":"month-1-genitive","$v":"ଫେବୃଆରୀ"},{"$i":"month-2-genitive","$v":"ମାର୍ଚ୍ଚ"},{"$i":"month-3-genitive","$v":"ଏପ୍ରିଲ୍"},{"$i":"month-4-genitive","$v":"ମେ"},{"$i":"month-5-genitive","$v":"ଜୁନ୍"},{"$i":"month-6-genitive","$v":"ଜୁଲାଇ"},{"$i":"month-7-genitive","$v":"ଅଗଷ୍ଟ"},{"$i":"month-8-genitive","$v":"ସେପ୍ଟେମ୍ୱର୍"},{"$i":"month-9-genitive","$v":"ଅକ୍ଟୋବର"},{"$i":"month-10-genitive","$v":"ନଭେମ୍ୱର୍"},{"$i":"month-11-genitive","$v":"ଡିସେମ୍ଵର"},{"$i":"month-0-short","$v":"ଜାନୁଆରୀ"},{"$i":"month-1-short","$v":"ଫେବୃଆରୀ"},{"$i":"month-2-short","$v":"ମାର୍ଚ୍ଚ"},{"$i":"month-3-short","$v":"ଏପ୍ରିଲ୍"},{"$i":"month-4-short","$v":"ମେ"},{"$i":"month-5-short","$v":"ଜୁନ୍"},{"$i":"month-6-short","$v":"ଜୁଲାଇ"},{"$i":"month-7-short","$v":"ଅଗଷ୍ଟ"},{"$i":"month-8-short","$v":"ସେପ୍ଟେମ୍ବର୍‌"},{"$i":"month-9-short","$v":"ଅକ୍ଟୋବର"},{"$i":"month-10-short","$v":"ନଭେମ୍ବର"},{"$i":"month-11-short","$v":"ଡିସେମ୍ବର"},{"$i":"minutes-ago-long","$v":{"zero":"ସାଙ୍ଗେସାଙ୍ଗେ","one":"ଏକ ମିନିଟ୍‌ ପୂର୍ବେ","two":[{"t":"idOrVar","v":"value"}," ମିନିଟ୍ ପୂର୍ବେ"],"few":[{"t":"idOrVar","v":"value"}," ମିନିଟ୍ ପୂର୍ବେ"],"many":[{"t":"idOrVar","v":"value"}," ମିନିଟ୍ ପୂର୍ବେ"],"other":[{"t":"idOrVar","v":"value"}," ମିନିଟ୍ ପୂର୍ବେ"]},"$x":[{"t":"idOrVar","v":"plural"},"value"]},{"$i":"hours-ago-long","$v":{"zero":"ସାଙ୍ଗେସାଙ୍ଗେ","one":"ଏକ ଘଣ୍ଟା ପୂର୍ବେ","two":[{"t":"idOrVar","v":"value"}," ଘଣ୍ଟା ପୂର୍ବେ"],"few":[{"t":"idOrVar","v":"value"}," ଘଣ୍ଟା ପୂର୍ବେ"],"many":[{"t":"idOrVar","v":"value"}," ଘଣ୍ଟା ପୂର୍ବେ"],"other":[{"t":"idOrVar","v":"value"}," ଘଣ୍ଟା ପୂର୍ବେ"]},"$x":[{"t":"idOrVar","v":"plural"},"value"]},{"$i":"days-ago-long","$v":{"zero":"ଆଜି","one":"ଗତକାଲି","two":[{"t":"idOrVar","v":"value"}," ଦିନ ପୂର୍ବେ"],"few":[{"t":"idOrVar","v":"value"}," ଦିନ ପୂର୍ବେ"],"many":[{"t":"idOrVar","v":"value"}," ଦିନ ପୂର୍ବେ"],"other":[{"t":"idOrVar","v":"value"}," ଦିନ ପୂର୍ବେ"]},"$x":[{"t":"idOrVar","v":"plural"},"value"]},{"$i":"weeks-ago-long","$v":{"zero":"ଏହି ସପ୍ତାହ","one":"ଗତ ସପ୍ତାହ","two":[{"t":"idOrVar","v":"value"}," ସପ୍ତାହ ପୂର୍ବେ"],"few":[{"t":"idOrVar","v":"value"}," ସପ୍ତାହ ପୂର୍ବେ"],"many":[{"t":"idOrVar","v":"value"}," ସପ୍ତାହ ପୂର୍ବେ"],"other":[{"t":"idOrVar","v":"value"}," ସପ୍ତାହ ପୂର୍ବେ"]},"$x":[{"t":"idOrVar","v":"plural"},"value"]},{"$i":"months-ago-long","$v":{"zero":"ଏହି ମାସ","one":"ଗତ ମାସ","two":[{"t":"idOrVar","v":"value"}," ମାସ ପୂର୍ବେ"],"few":[{"t":"idOrVar","v":"value"}," ମାସ ପୂର୍ବେ"],"many":[{"t":"idOrVar","v":"value"}," ମାସ ପୂର୍ବେ"],"other":[{"t":"idOrVar","v":"value"}," ମାସ ପୂର୍ବେ"]},"$x":[{"t":"idOrVar","v":"plural"},"value"]},{"$i":"years-ago-long","$v":{"zero":"ଏହି ବର୍ଷ","one":"ଗତ ବର୍ଷ","two":[{"t":"idOrVar","v":"value"}," ବର୍ଷ ପୂର୍ବେ"],"few":[{"t":"idOrVar","v":"value"}," ବର୍ଷ ପୂର୍ବେ"],"many":[{"t":"idOrVar","v":"value"}," ବର୍ଷ ପୂର୍ବେ"],"other":[{"t":"idOrVar","v":"value"}," ବର୍ଷ ପୂର୍ବେ"]},"$x":[{"t":"idOrVar","v":"plural"},"value"]},{"$i":"minutes-until-long","$v":{"zero":"ବର୍ତ୍ତମାନ","one":"ଏକ ମିନିଟ୍‌ ରେ","two":[{"t":"idOrVar","v":"value"}," ମିନିଟ୍‌ରେ"],"few":[{"t":"idOrVar","v":"value"}," ମିନିଟ୍‌ରେ"],"many":[{"t":"idOrVar","v":"value"}," ମିନିଟ୍‌ରେ"],"other":[{"t":"idOrVar","v":"value"}," ମିନିଟ୍‌ରେ"]},"$x":[{"t":"idOrVar","v":"plural"},"value"]},{"$i":"hours-until-long","$v":{"zero":"ବର୍ତ୍ତମାନ","one":"ଏକ ଘଣ୍ଟାରେ","two":[{"t":"idOrVar","v":"value"}," ଘଣ୍ଟାରେ"],"few":[{"t":"idOrVar","v":"value"}," ଘଣ୍ଟାରେ"],"many":[{"t":"idOrVar","v":"value"}," ଘଣ୍ଟାରେ"],"other":[{"t":"idOrVar","v":"value"}," ଘଣ୍ଟାରେ"]},"$x":[{"t":"idOrVar","v":"plural"},"value"]},{"$i":"days-until-long","$v":{"zero":"ଆଜି","one":"ଆସନ୍ତାକାଲି","two":[{"t":"idOrVar","v":"value"}," ଦିନରେ"],"few":[{"t":"idOrVar","v":"value"}," ଦିନରେ"],"many":[{"t":"idOrVar","v":"value"}," ଦିନରେ"],"other":[{"t":"idOrVar","v":"value"}," ଦିନରେ"]},"$x":[{"t":"idOrVar","v":"plural"},"value"]},{"$i":"weeks-until-long","$v":{"zero":"ଏହି ସପ୍ତାହ","one":"ପରବର୍ତ୍ତୀ ସପ୍ତାହ","two":[{"t":"idOrVar","v":"value"}," ସପ୍ତାହରେ"],"few":[{"t":"idOrVar","v":"value"}," ସପ୍ତାହରେ"],"many":[{"t":"idOrVar","v":"value"}," ସପ୍ତାହରେ"],"other":[{"t":"idOrVar","v":"value"}," ସପ୍ତାହରେ"]},"$x":[{"t":"idOrVar","v":"plural"},"value"]},{"$i":"months-until-long","$v":{"zero":"ଏହି ମାସ","one":"ପରବର୍ତ୍ତୀ ମାସ","two":[{"t":"idOrVar","v":"value"}," ମାସରେ"],"few":[{"t":"idOrVar","v":"value"}," ମାସରେ"],"many":[{"t":"idOrVar","v":"value"}," ମାସରେ"],"other":[{"t":"idOrVar","v":"value"}," ମାସରେ"]},"$x":[{"t":"idOrVar","v":"plural"},"value"]},{"$i":"years-until-long","$v":{"zero":"ଏହି ବର୍ଷ","one":"ପରବର୍ତ୍ତୀ ବର୍ଷ","two":[{"t":"idOrVar","v":"value"}," ବର୍ଷରେ"],"few":[{"t":"idOrVar","v":"value"}," ବର୍ଷରେ"],"many":[{"t":"idOrVar","v":"value"}," ବର୍ଷରେ"],"other":[{"t":"idOrVar","v":"value"}," ବର୍ଷରେ"]},"$x":[{"t":"idOrVar","v":"plural"},"value"]},{"$i":"minutes-ago-short","$v":{"zero":"ସାଙ୍ଗେସାଙ୍ଗେ","other":[{"t":"idOrVar","v":"value"},"m ପୂର୍ବେ"]},"$x":[{"t":"idOrVar","v":"plural"},"value"]},{"$i":"hours-ago-short","$v":{"zero":"ସାଙ୍ଗେସାଙ୍ଗେ","other":[{"t":"idOrVar","v":"value"},"h ପୂର୍ବେ"]},"$x":[{"t":"idOrVar","v":"plural"},"value"]},{"$i":"days-ago-short","$v":{"zero":"ଆଜି","other":[{"t":"idOrVar","v":"value"},"d ପୂର୍ବେ"]},"$x":[{"t":"idOrVar","v":"plural"},"value"]},{"$i":"minutes-until-short","$v":{"zero":"ବର୍ତ୍ତମାନ","other":[{"t":"idOrVar","v":"value"}," ମାସରେ"]},"$x":[{"t":"idOrVar","v":"plural"},"value"]},{"$i":"hours-until-short","$v":{"zero":"ବର୍ତ୍ତମାନ","other":[{"t":"idOrVar","v":"value"}," ଘଣ୍ଟାରେ"]},"$x":[{"t":"idOrVar","v":"plural"},"value"]},{"$i":"days-until-short","$v":{"zero":"ଆଜି","other":[{"t":"idOrVar","v":"value"}," ଦିନରେ"]},"$x":[{"t":"idOrVar","v":"plural"},"value"]},{"$i":"incorrectDate","$v":"(ଭୁଲ୍ ତାରିଖ)"},{"$i":"dateTimeFormat_%c","$v":"%a %b %e %Y %I:%M:%S %p"},{"$i":"dateTimeFormat_%x","$v":"%m/%d/%Y"},{"$i":"dateTimeFormat_%X","$v":"%I:%M:%S %p"},{"$i":"shortTimeFormat","$v":"%I:%M %p"},{"$i":"shortTimeFormat12","$v":"%I:%M %p"},{"$i":"shortTimeFormat24","$v":"%H:%M"},{"$i":"shortDateTimeFormat","$v":"%x %I:%M %p"},{"$i":"weekStartsOnMonday","$v":"0"},{"$i":"firstDayOfTheWeek","$v":"0"},{"$i":"time_am","$v":"AM"},{"$i":"time_pm","$v":"PM"},{"$i":"softkey-options","$v":"ବିକଳ୍ପଗୁଡିକ"}]