[{"$i":"done","$v":"ਪੂਰਾ ਹੋਇਆ"},{"$i":"number-selected2","$v":{"zero":[{"t":"idOrVar","v":"n"}," ਚੁਣਿਆ ਗਿਆ"],"one":[{"t":"idOrVar","v":"n"}," ਚੁਣਿਆ ਗਿਆ"],"two":[{"t":"idOrVar","v":"n"}," ਚੁਣਿਆ ਗਿਆ"],"few":[{"t":"idOrVar","v":"n"}," ਚੁਣਿਆ ਗਿਆ"],"many":[{"t":"idOrVar","v":"n"}," ਚੁਣਿਆ ਗਿਆ"],"other":[{"t":"idOrVar","v":"n"}," ਚੁਣਿਆ ਗਿਆ"]},"$x":[{"t":"idOrVar","v":"plural"},"n"]},{"$i":"delete-n-items?","$v":{"zero":"ਕੋਈ ਵੀ ਨਹੀਂ ਚੁਣਿਆ","one":"ਚੁਣਿੰਦਾ ਵੀਡੀਓ ਨੂੰ ਮਿਟਾਓ?","two":[{"t":"idOrVar","v":"n"}," ਵੀਡੀਓ ਨੂੰ ਮਿਟਾਓ?"],"few":[{"t":"idOrVar","v":"n"}," ਵੀਡੀਓ ਨੂੰ ਮਿਟਾਓ?"],"many":[{"t":"idOrVar","v":"n"}," ਵੀਡੀਓ ਨੂੰ ਮਿਟਾਓ?"],"other":[{"t":"idOrVar","v":"n"}," ਵੀਡੀਓ ਨੂੰ ਮਿਟਾਓ?"]},"$x":[{"t":"idOrVar","v":"plural"},"n"]},{"$i":"share-noprovider","$v":"ਇੱਕੋ ਸਮੇਂ ਤੇ ਇੱਕ ਵੀਡਿਓ ਸਾਂਝਾ ਕਰਨ ਦੀ ਕੋਸ਼ਿਸ਼ ਕਰੋ।"},{"$i":"videos","$v":"ਵੀਡੀਓ"},{"$i":"cancel","$v":"ਰੱਦ ਕਰੋ"},{"$i":"delete-video?","$v":"ਚੁਣਿੰਦਾ ਵੀਡੀਓ ਨੂੰ ਮਿਟਾਓ?"},{"$i":"empty-title","$v":"ਸ਼ੁਰੂ ਕਰਨ ਲਈ ਵੀਡੀਓ ਜੋੜੋ"},{"$i":"empty-text","$v":"ਕੋਈ ਵੀ ਵੀਡੀਓ ਉਪਲਬਧ ਨਹੀਂ ਹੈ।"},{"$i":"nocard2-title","$v":"ਕੋਈ ਮੈਮਰੀ ਕਾਰਡ ਨਹੀਂ ਮਿਲਿਆ"},{"$i":"nocard3-text","$v":"ਮੈਮਰੀ ਕਾਰਡ ਨਹੀਂ ਮਿਲਿਆ । ਵੀਡੀਓ ਬਣਾਉਣ ਲਈ ਕਿਰਪਾ ਕਰਕੇ ਮੈਮਰੀ ਕਾਰਡ ਪਾਓ।"},{"$i":"pluggedin-title","$v":"ਪਲੱਗ ਇਨ ਹੋਣ ਦੌਰਾਨ ਵੀਡਿਓ ਨਹੀਂ ਦੇਖੀ ਜਾ ਸਕਦੀ"},{"$i":"pluggedin-text","$v":"ਡਿਵਾਈਸ ਸਟੋਰੇਜ ਵਰਤਮਾਨ ਵਿੱਚ ਵਰਤੀ ਜਾ ਰਹੀ ਹੈ।ਕਿਰਪਾ ਕਰਕੇ ਵੀਡੀਓ ਬਨਾਉਣ ਲਈ ਫੋਨ ਨੂੰ ਅਨਪਲੱਗ ਕਰੋ"},{"$i":"upgrade-title","$v":"ਡੇਟਾਬੇਸ ਅਪਗ੍ਰੇਡ"},{"$i":"upgrade-text","$v":"ਕਿਰਪਾ ਕਰਕੇ ਇੰਤਜਾਰ ਕਰੋ ਜਦੋਂ ਵੀਡੀਓ ਆਪਣੇ ਡੇਟਾਬੇਸ ਨੂੰ ਅਪਡੇਟ ਕਰ ਰਹੀ ਹੈ।"},{"$i":"confirm-delete","$v":"ਕੀ ਤੁਹਾਨੂੰ ਯਕੀਨ ਹੈ ਕਿ ਤੁਸੀਂ ਮਿਟਾਉਣਾ ਚਾਹੁੰਦੇ ਹੋ:"},{"$i":"pick-title","$v":"ਵੀਡੀਓ ਚੁਣੋ"},{"$i":"save","$v":"ਸੇਵ ਕਰੋ"},{"$i":"saved","$v":"ਵੀਡਿਓ ਲਾਇਬ੍ਰੇਰੀ ਵਿੱਚ ਸੇਵ ਹੋਇਆ।"},{"$i":"error-network","$v":"ਵੀਡਿਓ ਨੈਟਵਰਕ ਤਰੁੱਟੀ ਕਾਰਨ ਡਾਊਨਲੋਡ ਨਹੀਂ ਹੋ ਸਕੀ।"},{"$i":"error-unsupported","$v":"ਵੀਡਿਓ ਚਲਾਈ ਨਹੀਂ ਜਾ ਸਕਦੀ: ਜਾਂ ਤਾਂ ਸਰਵਰ ਜਾਂ ਨੈਟਵਰਕ ਫੇਲ੍ਹ ਹੋ ਗਿਆ ਹੈ ਜਾਂ ਫਾਰਮੈਟ ਸਮਰਥਿਤ ਨਹੀਂ ਹੈ।"},{"$i":"error-unknown","$v":"ਇੱਕ ਅਗਿਆਤ ਵੀਡੀਓ ਤਰੁੱਟੀ ਹੋਈ ਹੈ।"},{"$i":"video-hardware-in-use-title","$v":"ਵੀਡੀਓ ਨਹੀਂ ਚਲਾ ਸਕਦੇ"},{"$i":"video-hardware-in-use-text","$v":"ਕੋਈ ਹੋਰ ਐਪ ਵਰਤਮਾਨ ਵਿੱਚ ਵੀਡੀਓ ਪਲੇਅਰ ਦੀ ਵਰਤੋਂ ਕਰ ਰਹੀ ਹੈ।"},{"$i":"overlay-cancel-button","$v":"ਰੱਦ ਕਰੋ"},{"$i":"overlay-camera-button","$v":"ਕੈਮਰੇ ਤੇ ਜਾਓ"},{"$i":"name-label","$v":"ਨਾਮ"},{"$i":"length-label","$v":"ਲੰਬਾਈ"},{"$i":"size-label","$v":"ਆਕਾਰ"},{"$i":"video-type-label","$v":"ਵੀਡਿਓ ਦੀ ਕਿਸਮ"},{"$i":"date-taken-label","$v":"ਮਿਤੀ ਨੂੰ ਲਿਆ"},{"$i":"resolution-label","$v":"ਰੈਜੋਲੂਸ਼ਨ"},{"$i":"close-button","$v":"ਬੰਦ ਕਰੋ"},{"$i":"byteUnit-B","$v":"ਬਾਈਟ"},{"$i":"byteUnit-KB","$v":"KB"},{"$i":"byteUnit-MB","$v":"MB"},{"$i":"byteUnit-GB","$v":"GB"},{"$i":"byteUnit-TB","$v":"TB"},{"$i":"byteUnit-PB","$v":"PB"},{"$i":"byteUnit-EB","$v":"EB"},{"$i":"byteUnit-ZB","$v":"ZB"},{"$i":"byteUnit-YB","$v":"YB"},{"$i":"date-group-header","$v":"%B %Y"},{"$i":"share","$v":"ਸਾਂਝਾ ਕਰੋ"},{"$i":"more-info","$v":"ਹੋਰ ਜਾਣਕਾਰੀ"},{"$i":"delete","$v":"ਮਿਟਾਓ"},{"$i":"video-button","ariaLabel":"ਵੀਡੀਓ"},{"$i":"select-button","ariaLabel":"ਚੁਣੋ"},{"$i":"delete-button","ariaLabel":"ਮਿਟਾਓ"},{"$i":"share-button","ariaLabel":"ਸਾਂਝਾ ਕਰੋ"},{"$i":"info-view","ariaLabel":"ਜਾਣਕਾਰੀ"},{"$i":"options-view","ariaLabel":"ਵਿਕਲਪ"},{"$i":"confirm-dialog","ariaLabel":"ਪੁਸ਼ਟੀ ਕਰੋ"},{"$i":"videos-list","ariaLabel":"ਵੀਡੀਓ"},{"$i":"options-more","ariaLabel":"ਹੋਰ"},{"$i":"seek-backward","ariaLabel":"ਪਿੱਛੇ ਜਾਓ"},{"$i":"seek-bar","ariaLabel":["ਸੀਕ ਬਾਰ , ਅਵਧੀ ",{"t":"idOrVar","v":"duration"}]},{"$i":"seek-forward","ariaLabel":"ਅੱਗੇ ਜਾਓ"},{"$i":"play-button","ariaLabel":"ਚਲਾਓ"},{"$i":"pause-button","ariaLabel":"ਰੋਕੋ"},{"$i":"fullscreen-button","ariaLabel":"ਫੁਲਸਕਰੀਨ"},{"$i":"show-controls-button","ariaLabel":"ਕੰਟਰੋਲ ਦਿਖਾਓ"},{"$i":"hide-controls-button","ariaLabel":"ਕੰਟਰੋਲ ਲੁਕਾਓ"},{"$i":"spinner-overlay","ariaValueText":"ਲੋਡ ਹੋ ਰਿਹਾ ਹੈ"},{"$i":"confirmation-title","$v":"ਪੁਸ਼ਟੀਕਰਨ"},{"$i":"n-video-deleted","$v":{"zero":"ਕੋਈ ਵੀ ਨਹੀਂ ਚੁਣਿਆ","one":"ਵੀਡਿਓ ਮਿਟਾਈ ਗਈ","two":[{"t":"idOrVar","v":"n"}," ਵੀਡਿਓ ਮਿਟਾਏ ਗਏ"],"few":[{"t":"idOrVar","v":"n"}," ਵੀਡਿਓ ਮਿਟਾਏ ਗਏ"],"many":[{"t":"idOrVar","v":"n"}," ਵੀਡਿਓ ਮਿਟਾਏ ਗਏ"],"other":[{"t":"idOrVar","v":"n"}," ਵੀਡਿਓ ਮਿਟਾਏ ਗਏ"]},"$x":[{"t":"idOrVar","v":"plural"},"n"]},{"$i":"rename-saved","$v":"ਬਦਲਾਵ ਸੇਵ ਕੀਤੇ ਗਏ"},{"$i":"confirm-video","$v":"ਵੀਡੀਓ"},{"$i":"confirm-ok","$v":"ਠੀਕ ਹੈ"},{"$i":"options-header","$v":"ਵਿਕਲਪ"},{"$i":"video-invalid-name","$v":"ਅਵੈਧ ਨਾਮ"},{"$i":"name-already-exists","$v":"ਇਹ ਨਾਮ ਪਹਿਲਾਂ ਤੋਂ ਹੀ ਮੌਜੂਦ ਹੈ"},{"$i":"override-warning-msg","$v":"ਕੀ ਤੁਸੀਂ ਮੌਜੂਦਾ ਫਾਇਲ ਓਵਰਰਾਇਡ ਕਰਨਾ ਚਾਹੁੰਦੇ ਹੋ?"},{"$i":"override","$v":"ਓਵਰਰਾਈਡ ਕਰੋ"},{"$i":"opt-takevideo","$v":"ਵੀਡਿਓ ਬਣਾਓ"},{"$i":"opt-select","$v":"ਚੁਣੋ"},{"$i":"opt-delete","$v":"ਮਿਟਾਓ"},{"$i":"opt-rename","$v":"ਨਾਮ ਬਦਲੋ"},{"$i":"opt-selectmultiple","$v":"ਅਨੇਕ ਚੁਣੋ"},{"$i":"opt-fileinfo","$v":"ਫਾਈਲ ਦੀ ਜਾਣਕਾਰੀ"},{"$i":"opt-selectall","$v":"ਸਾਰੇ ਚੁਣੋ"},{"$i":"opt-deselectall","$v":"ਸਾਰਿਆਂ ਨੂੰ ਅਣਚੁਣਿਆ ਕਰੋ"},{"$i":"opt-fullscreen","$v":"ਫੁਲਸਕਰੀਨ"},{"$i":"opt-play","$v":"ਚਲਾਓ"},{"$i":"opt-pause","$v":"ਰੋਕੋ"},{"$i":"weekday-0-long","$v":"ਐਤਵਾਰ"},{"$i":"weekday-1-long","$v":"ਸੋਮਵਾਰ"},{"$i":"weekday-2-long","$v":"ਮੰਗਲਵਾਰ"},{"$i":"weekday-3-long","$v":"ਬੁੱਧਵਾਰ"},{"$i":"weekday-4-long","$v":"ਵੀਰਵਾਰ"},{"$i":"weekday-5-long","$v":"ਸ਼ੁੱਕਰਵਾਰ"},{"$i":"weekday-6-long","$v":"ਸ਼ਨੀਵਾਰ"},{"$i":"weekday-0-short","$v":"ਐਤ"},{"$i":"weekday-1-short","$v":"ਸੋਮ"},{"$i":"weekday-2-short","$v":"ਮੰਗਲ"},{"$i":"weekday-3-short","$v":"ਬੁੱਧ"},{"$i":"weekday-4-short","$v":"ਵੀਰ"},{"$i":"weekday-5-short","$v":"ਸ਼ੁੱਕਰਵਾਰ"},{"$i":"weekday-6-short","$v":"ਸ਼ਨੀ"},{"$i":"month-0-long","$v":"ਜਨਵਰੀ"},{"$i":"month-1-long","$v":"ਫਰਵਰੀ"},{"$i":"month-2-long","$v":"ਮਾਰਚ"},{"$i":"month-3-long","$v":"ਅਪ੍ਰੈਲ"},{"$i":"month-4-long","$v":"ਮਈ"},{"$i":"month-5-long","$v":"ਜੂਨ"},{"$i":"month-6-long","$v":"ਜੁਲਾਈ"},{"$i":"month-7-long","$v":"ਅਗਸਤ"},{"$i":"month-8-long","$v":"ਸਤੰਬਰ"},{"$i":"month-9-long","$v":"ਅਕਤੂਬਰ"},{"$i":"month-10-long","$v":"ਨਵੰਬਰ"},{"$i":"month-11-long","$v":"ਦਸੰਬਰ"},{"$i":"month-0-genitive","$v":"ਜਨਵਰੀ"},{"$i":"month-1-genitive","$v":"ਫਰਵਰੀ"},{"$i":"month-2-genitive","$v":"ਮਾਰਚ"},{"$i":"month-3-genitive","$v":"ਅਪ੍ਰੈਲ"},{"$i":"month-4-genitive","$v":"ਮਈ"},{"$i":"month-5-genitive","$v":"ਜੂਨ"},{"$i":"month-6-genitive","$v":"ਜੁਲਾਈ"},{"$i":"month-7-genitive","$v":"ਅਗਸਤ"},{"$i":"month-8-genitive","$v":"ਸਤੰਬਰ"},{"$i":"month-9-genitive","$v":"ਅਕਤੂਬਰ"},{"$i":"month-10-genitive","$v":"ਨਵੰਬਰ"},{"$i":"month-11-genitive","$v":"ਦਸੰਬਰ"},{"$i":"month-0-short","$v":"ਜਨਵਰੀ"},{"$i":"month-1-short","$v":"ਫਰਵਰੀ"},{"$i":"month-2-short","$v":"ਮਾਰਚ"},{"$i":"month-3-short","$v":"ਅਪ੍ਰੈਲ"},{"$i":"month-4-short","$v":"ਮਈ"},{"$i":"month-5-short","$v":"ਜੂਨ"},{"$i":"month-6-short","$v":"ਜੁਲਾਈ"},{"$i":"month-7-short","$v":"ਅਗਸਤ"},{"$i":"month-8-short","$v":"ਸਤੰਬਰ"},{"$i":"month-9-short","$v":"ਅਕਤੂਬਰ"},{"$i":"month-10-short","$v":"ਨਵੰਬਰ"},{"$i":"month-11-short","$v":"ਦਸੰਬਰ"},{"$i":"minutes-ago-long","$v":{"zero":"ਸਿਰਫ਼ ਹੁਣ","one":"ਇੱਕ ਮਿੰਟ ਪਹਿਲਾਂ","two":[{"t":"idOrVar","v":"value"}," ਮਿੰਟ ਪਹਿਲਾਂ"],"few":[{"t":"idOrVar","v":"value"}," ਮਿੰਟ ਪਹਿਲਾਂ"],"many":[{"t":"idOrVar","v":"value"}," ਮਿੰਟ ਪਹਿਲਾਂ"],"other":[{"t":"idOrVar","v":"value"}," ਮਿੰਟ ਪਹਿਲਾਂ"]},"$x":[{"t":"idOrVar","v":"plural"},"value"]},{"$i":"hours-ago-long","$v":{"zero":"ਸਿਰਫ਼ ਹੁਣ","one":"ਇੱਕ ਘੰਟਾ ਪਹਿਲਾਂ","two":[{"t":"idOrVar","v":"value"}," ਘੰਟੇ ਪਹਿਲਾਂ"],"few":[{"t":"idOrVar","v":"value"}," ਘੰਟੇ ਪਹਿਲਾਂ"],"many":[{"t":"idOrVar","v":"value"}," ਘੰਟੇ ਪਹਿਲਾਂ"],"other":[{"t":"idOrVar","v":"value"}," ਘੰਟੇ ਪਹਿਲਾਂ"]},"$x":[{"t":"idOrVar","v":"plural"},"value"]},{"$i":"days-ago-long","$v":{"zero":"ਅੱਜ","one":"ਗੁਜ਼ਰਿਆ ਹੋਇਆ ਕੱਲ","two":[{"t":"idOrVar","v":"value"}," ਦਿਨ ਪਹਿਲਾਂ"],"few":[{"t":"idOrVar","v":"value"}," ਦਿਨ ਪਹਿਲਾਂ"],"many":[{"t":"idOrVar","v":"value"}," ਦਿਨ ਪਹਿਲਾਂ"],"other":[{"t":"idOrVar","v":"value"}," ਦਿਨ ਪਹਿਲਾਂ"]},"$x":[{"t":"idOrVar","v":"plural"},"value"]},{"$i":"weeks-ago-long","$v":{"zero":"ਇਹ ਹਫ਼ਤਾ","one":"ਪਿਛਲਾ ਹਫ਼ਤਾ","two":[{"t":"idOrVar","v":"value"}," ਹਫ਼ਤੇ ਪਹਿਲਾਂ"],"few":[{"t":"idOrVar","v":"value"}," ਹਫ਼ਤੇ ਪਹਿਲਾਂ"],"many":[{"t":"idOrVar","v":"value"}," ਹਫ਼ਤੇ ਪਹਿਲਾਂ"],"other":[{"t":"idOrVar","v":"value"}," ਹਫ਼ਤੇ ਪਹਿਲਾਂ"]},"$x":[{"t":"idOrVar","v":"plural"},"value"]},{"$i":"months-ago-long","$v":{"zero":"ਇਹ ਮਹੀਨਾ","one":"ਪਿਛਲਾ ਮਹੀਨਾ","two":[{"t":"idOrVar","v":"value"}," ਮਹੀਨੇ ਮਹੀਨਾ"],"few":[{"t":"idOrVar","v":"value"}," ਮਹੀਨੇ ਮਹੀਨਾ"],"many":[{"t":"idOrVar","v":"value"}," ਮਹੀਨੇ ਮਹੀਨਾ"],"other":[{"t":"idOrVar","v":"value"}," ਮਹੀਨੇ ਮਹੀਨਾ"]},"$x":[{"t":"idOrVar","v":"plural"},"value"]},{"$i":"years-ago-long","$v":{"zero":"ਇਹ ਸਾਲ","one":"ਪਿਛਲਾ ਸਾਲ","two":[{"t":"idOrVar","v":"value"}," ਸਾਲ ਪਹਿਲਾਂ"],"few":[{"t":"idOrVar","v":"value"}," ਸਾਲ ਪਹਿਲਾਂ"],"many":[{"t":"idOrVar","v":"value"}," ਸਾਲ ਪਹਿਲਾਂ"],"other":[{"t":"idOrVar","v":"value"}," ਸਾਲ ਪਹਿਲਾਂ"]},"$x":[{"t":"idOrVar","v":"plural"},"value"]},{"$i":"minutes-until-long","$v":{"zero":"ਹੁਣ","one":"ਇੱਕ ਮਿੰਟ ਵਿੱਚ","two":[{"t":"idOrVar","v":"value"}," ਮਿੰਟਾਂ ਵਿੱਚ"],"few":[{"t":"idOrVar","v":"value"}," ਮਿੰਟਾਂ ਵਿੱਚ"],"many":[{"t":"idOrVar","v":"value"}," ਮਿੰਟਾਂ ਵਿੱਚ"],"other":[{"t":"idOrVar","v":"value"}," ਮਿੰਟਾਂ ਵਿੱਚ"]},"$x":[{"t":"idOrVar","v":"plural"},"value"]},{"$i":"hours-until-long","$v":{"zero":"ਹੁਣ","one":"ਇੱਕ ਘੰਟੇ ਵਿੱਚ","two":[{"t":"idOrVar","v":"value"}," ਘੰਟਿਆਂ ਵਿੱਚ"],"few":[{"t":"idOrVar","v":"value"}," ਘੰਟਿਆਂ ਵਿੱਚ"],"many":[{"t":"idOrVar","v":"value"}," ਘੰਟਿਆਂ ਵਿੱਚ"],"other":[{"t":"idOrVar","v":"value"}," ਘੰਟਿਆਂ ਵਿੱਚ"]},"$x":[{"t":"idOrVar","v":"plural"},"value"]},{"$i":"days-until-long","$v":{"zero":"ਅੱਜ","one":"ਆਉਣ ਵਾਲਾ ਕੱਲ","two":[{"t":"idOrVar","v":"value"}," ਦਿਨਾਂ ਵਿੱਚ"],"few":[{"t":"idOrVar","v":"value"}," ਦਿਨਾਂ ਵਿੱਚ"],"many":[{"t":"idOrVar","v":"value"}," ਦਿਨਾਂ ਵਿੱਚ"],"other":[{"t":"idOrVar","v":"value"}," ਦਿਨਾਂ ਵਿੱਚ"]},"$x":[{"t":"idOrVar","v":"plural"},"value"]},{"$i":"weeks-until-long","$v":{"zero":"ਇਹ ਹਫ਼ਤਾ","one":"ਅਗਲਾ ਹਫ਼ਤਾ","two":[{"t":"idOrVar","v":"value"}," ਹਫ਼ਤਿਆਂ ਵਿੱਚ"],"few":[{"t":"idOrVar","v":"value"}," ਹਫ਼ਤਿਆਂ ਵਿੱਚ"],"many":[{"t":"idOrVar","v":"value"}," ਹਫ਼ਤਿਆਂ ਵਿੱਚ"],"other":[{"t":"idOrVar","v":"value"}," ਹਫ਼ਤਿਆਂ ਵਿੱਚ"]},"$x":[{"t":"idOrVar","v":"plural"},"value"]},{"$i":"months-until-long","$v":{"zero":"ਇਹ ਮਹੀਨਾ","one":"ਅਗਲਾ ਮਹੀਨਾ","two":[{"t":"idOrVar","v":"value"}," ਮਹੀਨਿਆਂ ਵਿੱਚ"],"few":[{"t":"idOrVar","v":"value"}," ਮਹੀਨਿਆਂ ਵਿੱਚ"],"many":[{"t":"idOrVar","v":"value"}," ਮਹੀਨਿਆਂ ਵਿੱਚ"],"other":[{"t":"idOrVar","v":"value"}," ਮਹੀਨਿਆਂ ਵਿੱਚ"]},"$x":[{"t":"idOrVar","v":"plural"},"value"]},{"$i":"years-until-long","$v":{"zero":"ਇਹ ਸਾਲ","one":"ਅਗਲਾ ਸਾਲ","two":[{"t":"idOrVar","v":"value"}," ਸਾਲਾਂ ਵਿੱਚ"],"few":[{"t":"idOrVar","v":"value"}," ਸਾਲਾਂ ਵਿੱਚ"],"many":[{"t":"idOrVar","v":"value"}," ਸਾਲਾਂ ਵਿੱਚ"],"other":[{"t":"idOrVar","v":"value"}," ਸਾਲਾਂ ਵਿੱਚ"]},"$x":[{"t":"idOrVar","v":"plural"},"value"]},{"$i":"minutes-ago-short","$v":{"zero":"ਸਿਰਫ਼ ਹੁਣ","other":[{"t":"idOrVar","v":"value"}," ਮਿੰਟ ਪਹਿਲਾਂ"]},"$x":[{"t":"idOrVar","v":"plural"},"value"]},{"$i":"hours-ago-short","$v":{"zero":"ਸਿਰਫ਼ ਹੁਣ","other":[{"t":"idOrVar","v":"value"}," ਘੰਟਾ ਪਹਿਲਾਂ"]},"$x":[{"t":"idOrVar","v":"plural"},"value"]},{"$i":"days-ago-short","$v":{"zero":"ਅੱਜ","other":[{"t":"idOrVar","v":"value"}," ਦਿਨ ਪਹਿਲਾਂ"]},"$x":[{"t":"idOrVar","v":"plural"},"value"]},{"$i":"minutes-until-short","$v":{"zero":"ਹੁਣ","other":[{"t":"idOrVar","v":"value"}," ਮਿੰਟ ਵਿੱਚ"]},"$x":[{"t":"idOrVar","v":"plural"},"value"]},{"$i":"hours-until-short","$v":{"zero":"ਹੁਣ","other":[{"t":"idOrVar","v":"value"}," ਘੰਟੇ ਵਿੱਚ"]},"$x":[{"t":"idOrVar","v":"plural"},"value"]},{"$i":"days-until-short","$v":{"zero":"ਅੱਜ","other":[{"t":"idOrVar","v":"value"}," ਦਿਨ ਵਿੱਚ"]},"$x":[{"t":"idOrVar","v":"plural"},"value"]},{"$i":"incorrectDate","$v":"(ਗਲਤ ਮਿਤੀ)"},{"$i":"dateTimeFormat_%c","$v":"%a %b %e %Y %I:%M:%S %p"},{"$i":"dateTimeFormat_%x","$v":"%m/%d/%Y"},{"$i":"dateTimeFormat_%X","$v":"%I:%M:%S %p"},{"$i":"shortTimeFormat","$v":"%I:%M %p"},{"$i":"shortTimeFormat12","$v":"%I:%M %p"},{"$i":"shortTimeFormat24","$v":"%H:%M"},{"$i":"shortDateTimeFormat","$v":"%x %I:%M %p"},{"$i":"weekStartsOnMonday","$v":"0"},{"$i":"firstDayOfTheWeek","$v":"0"},{"$i":"time_am","$v":"AM"},{"$i":"time_pm","$v":"PM"},{"$i":"softkey-options","$v":"ਵਿਕਲਪ"}]