[{"$i":"done","$v":"कृतम्"},{"$i":"number-selected2","$v":{"zero":[{"t":"idOrVar","v":"n"}," चयनितम्"],"one":[{"t":"idOrVar","v":"n"}," चयनितम्"],"two":[{"t":"idOrVar","v":"n"}," चयनितम्"],"few":[{"t":"idOrVar","v":"n"}," चयनितम्"],"many":[{"t":"idOrVar","v":"n"}," चयनितम्"],"other":[{"t":"idOrVar","v":"n"}," चयनितम्"]},"$x":[{"t":"idOrVar","v":"plural"},"n"]},{"$i":"delete-n-items?","$v":{"zero":"किमपि चयनितं नास्ति","one":"चयनितवीडियो अपमर्जतु?","two":[{"t":"idOrVar","v":"n"}," वीडियो अपमर्जतु?"],"few":[{"t":"idOrVar","v":"n"}," वीडियो अपमर्जतु?"],"many":[{"t":"idOrVar","v":"n"}," वीडियो अपमर्जतु?"],"other":[{"t":"idOrVar","v":"n"}," वीडियो अपमर्जतु?"]},"$x":[{"t":"idOrVar","v":"plural"},"n"]},{"$i":"share-noprovider","$v":"एकबारे एकवीडियो शेयरकर्तुं प्रयासं करोतु।"},{"$i":"videos","$v":"दृश्यचलितानि"},{"$i":"cancel","$v":"निरस्यताम्"},{"$i":"delete-video?","$v":"चयनितवीडियो अपमर्जतु?"},{"$i":"empty-title","$v":"प्रारम्भकरणाय वीडियो योजयतु"},{"$i":"empty-text","$v":"किमपि वीडियो नास्ति।"},{"$i":"nocard2-title","$v":"मेमोरिकार्ड न प्राप्तम्"},{"$i":"nocard3-text","$v":"मेमोरी कार्ड न प्राप्तम् । वीडियो नेतुं कृपया एकमेमोरीकार्ड स्थापयतु।"},{"$i":"pluggedin-title","$v":"प्लग अन्तः करणसमये वीडियो द्रष्टुं न शक्यते"},{"$i":"pluggedin-text","$v":"उपकरणसङ्ग्रहः सद्यः उपयुज्यमानः वर्तते। चित्रग्रहणानि स्वीकर्तुं कृपया दूरभाषं प्रभरणमुक्तं करोतु"},{"$i":"upgrade-title","$v":"डाटाबेस अपग्रेडः"},{"$i":"upgrade-text","$v":"वीडियो स्वडाटाबेसम् अपडेटं करोति कृपया प्रतीक्षां करोतु।"},{"$i":"confirm-delete","$v":"किं भवान् निश्चयेन् इयं डिलिटकर्तुमिच्छति:"},{"$i":"pick-title","$v":"एकवीडियो चिनोतु"},{"$i":"save","$v":"संरक्षितम्"},{"$i":"saved","$v":"वीडियोपुस्तकालये सुरक्षितम्।"},{"$i":"error-network","$v":"नेटवर्कत्रुटिकारणेन वीडियों डाउनलोडकर्तुं न शक्यते।"},{"$i":"error-unsupported","$v":"वीडियो क्रीडितुं न शक्यते : कुतोहि सर्वर यद्वा नेटवर्क विफलम् यद्वा प्रारूपं समर्थितं न।"},{"$i":"error-unknown","$v":"एकाज्ञातवीडिओत्रुटिः जाता।"},{"$i":"video-hardware-in-use-title","$v":"वीडियो प्लेकर्तुं न शक्यते"},{"$i":"video-hardware-in-use-text","$v":"एकान्ये ऐप वर्तमाने वीडियो प्लेयरस्य व्यवहारः क्रियते।"},{"$i":"overlay-cancel-button","$v":"निरस्यताम्"},{"$i":"overlay-camera-button","$v":"कैमरामध्ये गच्छतु"},{"$i":"name-label","$v":"नाम"},{"$i":"length-label","$v":"लम्बा"},{"$i":"size-label","$v":"आकारः"},{"$i":"video-type-label","$v":"वीडियो प्रकारः"},{"$i":"date-taken-label","$v":"ग्रहणतिथिः"},{"$i":"resolution-label","$v":"सिद्धान्तम्"},{"$i":"close-button","$v":"निवर्त्यताम्"},{"$i":"byteUnit-B","$v":"बाइट्स"},{"$i":"byteUnit-KB","$v":"KB"},{"$i":"byteUnit-MB","$v":"MB"},{"$i":"byteUnit-GB","$v":"GB"},{"$i":"byteUnit-TB","$v":"TB"},{"$i":"byteUnit-PB","$v":"PB"},{"$i":"byteUnit-EB","$v":"EB"},{"$i":"byteUnit-ZB","$v":"ZB"},{"$i":"byteUnit-YB","$v":"YB"},{"$i":"date-group-header","$v":"%B %Y"},{"$i":"share","$v":"सभाज्यताम्"},{"$i":"more-info","$v":"अधिकतथ्यम्"},{"$i":"delete","$v":"लुप्यताम्"},{"$i":"video-button","ariaLabel":"दृश्यः"},{"$i":"select-button","ariaLabel":"चिनोतु"},{"$i":"delete-button","ariaLabel":"लुप्यताम्"},{"$i":"share-button","ariaLabel":"सभाज्यताम्"},{"$i":"info-view","ariaLabel":"तथ्यम्"},{"$i":"options-view","ariaLabel":"विकल्पाः"},{"$i":"confirm-dialog","ariaLabel":"पुष्टीक्रियताम्"},{"$i":"videos-list","ariaLabel":"दृश्यचलितानि"},{"$i":"options-more","ariaLabel":"अधिकम्"},{"$i":"seek-backward","ariaLabel":"पृष्ठतः गवेषते"},{"$i":"seek-bar","ariaLabel":["बारस्य अन्वेषणं करोतु, अवधिः ",{"t":"idOrVar","v":"duration"}]},{"$i":"seek-forward","ariaLabel":"अग्रे अन्वेषयतु"},{"$i":"play-button","ariaLabel":"चाल्यताम्"},{"$i":"pause-button","ariaLabel":"विरमति"},{"$i":"fullscreen-button","ariaLabel":"पूर्ण स्क्रीनः"},{"$i":"show-controls-button","ariaLabel":"नियन्त्रणं दर्शयतु"},{"$i":"hide-controls-button","ariaLabel":"नियन्त्रणं विलोपयतु"},{"$i":"spinner-overlay","ariaValueText":"आरोपयति"},{"$i":"confirmation-title","$v":"अनुमोदनम्"},{"$i":"n-video-deleted","$v":{"zero":"किमपि चयनितं नास्ति","one":"वीडियो अपसारितम्","two":[{"t":"idOrVar","v":"n"}," वीडियो अपसारितम्"],"few":[{"t":"idOrVar","v":"n"}," वीडियो अपसारितम्"],"many":[{"t":"idOrVar","v":"n"}," वीडियो अपसारितम्"],"other":[{"t":"idOrVar","v":"n"}," वीडियो अपसारितम्"]},"$x":[{"t":"idOrVar","v":"plural"},"n"]},{"$i":"rename-saved","$v":"परिवर्तनानि सुरक्षितानि"},{"$i":"confirm-video","$v":"दृश्यः"},{"$i":"confirm-ok","$v":"नुदताम्"},{"$i":"options-header","$v":"विकल्पाः"},{"$i":"video-invalid-name","$v":"अवैधनाम"},{"$i":"name-already-exists","$v":"इदं नाम पूर्वमेव विद्यमानमस्ति"},{"$i":"override-warning-msg","$v":"किं भवान् विद्यमानफाइलम् ओवरराइडकर्तुमिच्छति?"},{"$i":"override","$v":"अवहेलना"},{"$i":"opt-takevideo","$v":"वीडियो निर्माणं करोतु"},{"$i":"opt-select","$v":"चिनोतु"},{"$i":"opt-delete","$v":"लुप्यताम्"},{"$i":"opt-rename","$v":"नामपरिवर्तनम्"},{"$i":"opt-selectmultiple","$v":"विभिन्नं चिनोतु"},{"$i":"opt-fileinfo","$v":"फाइलतथ्यम्"},{"$i":"opt-selectall","$v":"सर्वं चिनोतु"},{"$i":"opt-deselectall","$v":"सकलान् अचिह्नितान् करोतु"},{"$i":"opt-fullscreen","$v":"पूर्ण स्क्रीनः"},{"$i":"opt-play","$v":"चाल्यताम्"},{"$i":"opt-pause","$v":"विरमति"},{"$i":"weekday-0-long","$v":"रविवासरः"},{"$i":"weekday-1-long","$v":"सोमवासरः"},{"$i":"weekday-2-long","$v":"मङ्गलवासरः"},{"$i":"weekday-3-long","$v":"बुधवासरः"},{"$i":"weekday-4-long","$v":"गुरुवासरः"},{"$i":"weekday-5-long","$v":"शुक्रवासरः"},{"$i":"weekday-6-long","$v":"शनिवासरः"},{"$i":"weekday-0-short","$v":"रविः"},{"$i":"weekday-1-short","$v":"सोम"},{"$i":"weekday-2-short","$v":"मंगलवारः"},{"$i":"weekday-3-short","$v":"मेल करनम्"},{"$i":"weekday-4-short","$v":"गुरुवारः"},{"$i":"weekday-5-short","$v":"शुक्र"},{"$i":"weekday-6-short","$v":"उपवेशितम्"},{"$i":"month-0-long","$v":"जनवरी"},{"$i":"month-1-long","$v":"फरवरी"},{"$i":"month-2-long","$v":"मार्च"},{"$i":"month-3-long","$v":"अप्रैल"},{"$i":"month-4-long","$v":"मई"},{"$i":"month-5-long","$v":"जून"},{"$i":"month-6-long","$v":"जुलाई"},{"$i":"month-7-long","$v":"अगस्त"},{"$i":"month-8-long","$v":"सितम्बरः"},{"$i":"month-9-long","$v":"अक्टूबरः"},{"$i":"month-10-long","$v":"नवम्बरः"},{"$i":"month-11-long","$v":"दिसम्बरः"},{"$i":"month-0-genitive","$v":"जनवरी"},{"$i":"month-1-genitive","$v":"फरवरी"},{"$i":"month-2-genitive","$v":"मार्च"},{"$i":"month-3-genitive","$v":"अप्रैल"},{"$i":"month-4-genitive","$v":"मई"},{"$i":"month-5-genitive","$v":"जून"},{"$i":"month-6-genitive","$v":"जुलाई"},{"$i":"month-7-genitive","$v":"अगस्त"},{"$i":"month-8-genitive","$v":"सितम्बरः"},{"$i":"month-9-genitive","$v":"अक्टूबरः"},{"$i":"month-10-genitive","$v":"नवम्बरः"},{"$i":"month-11-genitive","$v":"दिसम्बरः"},{"$i":"month-0-short","$v":"जनवरी"},{"$i":"month-1-short","$v":"फेव"},{"$i":"month-2-short","$v":"मार्च"},{"$i":"month-3-short","$v":"अप्रैल"},{"$i":"month-4-short","$v":"मई"},{"$i":"month-5-short","$v":"जनवरी"},{"$i":"month-6-short","$v":"जुलाई"},{"$i":"month-7-short","$v":"अगस्त"},{"$i":"month-8-short","$v":"सितम्बरः"},{"$i":"month-9-short","$v":"अक्टूबरः"},{"$i":"month-10-short","$v":"नवम्बरः"},{"$i":"month-11-short","$v":"डीईसी"},{"$i":"minutes-ago-long","$v":{"zero":"अधुना","one":"एकमिनट पूर्वम्","two":[{"t":"idOrVar","v":"value"}," मिनिटपूर्वम्"],"few":[{"t":"idOrVar","v":"value"}," मिनिटपूर्वम्"],"many":[{"t":"idOrVar","v":"value"}," मिनिटपूर्वम्"],"other":[{"t":"idOrVar","v":"value"}," मिनिटपूर्वम्"]},"$x":[{"t":"idOrVar","v":"plural"},"value"]},{"$i":"hours-ago-long","$v":{"zero":"अधुना","one":"एकघंटा पूर्वम्","two":[{"t":"idOrVar","v":"value"}," घटिकापूर्वम्"],"few":[{"t":"idOrVar","v":"value"}," घटिकापूर्वम्"],"many":[{"t":"idOrVar","v":"value"}," घटिकापूर्वम्"],"other":[{"t":"idOrVar","v":"value"}," घटिकापूर्वम्"]},"$x":[{"t":"idOrVar","v":"plural"},"value"]},{"$i":"days-ago-long","$v":{"zero":"अद्य","one":"ह्यः","two":[{"t":"idOrVar","v":"value"}," दिनपूर्वम्"],"few":[{"t":"idOrVar","v":"value"}," दिनपूर्वम्"],"many":[{"t":"idOrVar","v":"value"}," दिनपूर्वम्"],"other":[{"t":"idOrVar","v":"value"}," दिनपूर्वम्"]},"$x":[{"t":"idOrVar","v":"plural"},"value"]},{"$i":"weeks-ago-long","$v":{"zero":"अस्मिन् सप्ताहे","one":"ह्यः सप्ताहे","two":[{"t":"idOrVar","v":"value"}," सप्ताहपूर्वम्"],"few":[{"t":"idOrVar","v":"value"}," सप्ताहपूर्वम्"],"many":[{"t":"idOrVar","v":"value"}," सप्ताहपूर्वम्"],"other":[{"t":"idOrVar","v":"value"}," सप्ताहपूर्वम्"]},"$x":[{"t":"idOrVar","v":"plural"},"value"]},{"$i":"months-ago-long","$v":{"zero":"अस्मिन् मासे","one":"ह्यः मासे","two":[{"t":"idOrVar","v":"value"}," मासपूर्वम्"],"few":[{"t":"idOrVar","v":"value"}," मासपूर्वम्"],"many":[{"t":"idOrVar","v":"value"}," मासपूर्वम्"],"other":[{"t":"idOrVar","v":"value"}," मासपूर्वम्"]},"$x":[{"t":"idOrVar","v":"plural"},"value"]},{"$i":"years-ago-long","$v":{"zero":"अस्मिन् वर्षे","one":"ह्यः वर्षे","two":[{"t":"idOrVar","v":"value"}," वर्षपूर्वम्"],"few":[{"t":"idOrVar","v":"value"}," वर्षपूर्वम्"],"many":[{"t":"idOrVar","v":"value"}," वर्षपूर्वम्"],"other":[{"t":"idOrVar","v":"value"}," वर्षपूर्वम्"]},"$x":[{"t":"idOrVar","v":"plural"},"value"]},{"$i":"minutes-until-long","$v":{"zero":"अधुना","one":"एकमिनटमध्ये","two":[{"t":"idOrVar","v":"value"}," निमेषात्मके"],"few":[{"t":"idOrVar","v":"value"}," निमेषात्मके"],"many":[{"t":"idOrVar","v":"value"}," निमेषात्मके"],"other":[{"t":"idOrVar","v":"value"}," निमेषात्मके"]},"$x":[{"t":"idOrVar","v":"plural"},"value"]},{"$i":"hours-until-long","$v":{"zero":"अधुना","one":"एकघंटात्मके","two":[{"t":"idOrVar","v":"value"}," घंटात्मके"],"few":[{"t":"idOrVar","v":"value"}," घंटात्मके"],"many":[{"t":"idOrVar","v":"value"}," घंटात्मके"],"other":[{"t":"idOrVar","v":"value"}," घंटात्मके"]},"$x":[{"t":"idOrVar","v":"plural"},"value"]},{"$i":"days-until-long","$v":{"zero":"अद्य","one":"श्वः","two":[{"t":"idOrVar","v":"value"}," दिनात्मके"],"few":[{"t":"idOrVar","v":"value"}," दिनात्मके"],"many":[{"t":"idOrVar","v":"value"}," दिनात्मके"],"other":[{"t":"idOrVar","v":"value"}," दिनात्मके"]},"$x":[{"t":"idOrVar","v":"plural"},"value"]},{"$i":"weeks-until-long","$v":{"zero":"अस्मिन् सप्ताहे","one":"श्वः सप्ताहे","two":[{"t":"idOrVar","v":"value"}," सप्ताहात्मके"],"few":[{"t":"idOrVar","v":"value"}," सप्ताहात्मके"],"many":[{"t":"idOrVar","v":"value"}," सप्ताहात्मके"],"other":[{"t":"idOrVar","v":"value"}," सप्ताहात्मके"]},"$x":[{"t":"idOrVar","v":"plural"},"value"]},{"$i":"months-until-long","$v":{"zero":"अस्मिन् मासे","one":"श्वः मासे","two":[{"t":"idOrVar","v":"value"}," मासात्मके"],"few":[{"t":"idOrVar","v":"value"}," मासात्मके"],"many":[{"t":"idOrVar","v":"value"}," मासात्मके"],"other":[{"t":"idOrVar","v":"value"}," मासात्मके"]},"$x":[{"t":"idOrVar","v":"plural"},"value"]},{"$i":"years-until-long","$v":{"zero":"अस्मिन् वर्षे","one":"श्वः वर्षे","two":[{"t":"idOrVar","v":"value"}," वर्षात्मके"],"few":[{"t":"idOrVar","v":"value"}," वर्षात्मके"],"many":[{"t":"idOrVar","v":"value"}," वर्षात्मके"],"other":[{"t":"idOrVar","v":"value"}," वर्षात्मके"]},"$x":[{"t":"idOrVar","v":"plural"},"value"]},{"$i":"minutes-ago-short","$v":{"zero":"अधुना","other":[{"t":"idOrVar","v":"value"},"m पूर्वम्"]},"$x":[{"t":"idOrVar","v":"plural"},"value"]},{"$i":"hours-ago-short","$v":{"zero":"अधुना","other":[{"t":"idOrVar","v":"value"},"h पूर्वम्"]},"$x":[{"t":"idOrVar","v":"plural"},"value"]},{"$i":"days-ago-short","$v":{"zero":"अद्य","other":[{"t":"idOrVar","v":"value"},"d पूर्वम्"]},"$x":[{"t":"idOrVar","v":"plural"},"value"]},{"$i":"minutes-until-short","$v":{"zero":"अधुना","other":[{"t":"idOrVar","v":"value"}," m"]},"$x":[{"t":"idOrVar","v":"plural"},"value"]},{"$i":"hours-until-short","$v":{"zero":"अधुना","other":[{"t":"idOrVar","v":"value"}," h"]},"$x":[{"t":"idOrVar","v":"plural"},"value"]},{"$i":"days-until-short","$v":{"zero":"अद्य","other":[{"t":"idOrVar","v":"value"}," d"]},"$x":[{"t":"idOrVar","v":"plural"},"value"]},{"$i":"incorrectDate","$v":"(त्रुटिदिनांकः)"},{"$i":"dateTimeFormat_%c","$v":"%a %b %e %Y %I:%M:%S %p"},{"$i":"dateTimeFormat_%x","$v":"%m/%d/%Y"},{"$i":"dateTimeFormat_%X","$v":"%I:%M:%S %p"},{"$i":"shortTimeFormat","$v":"%I:%M %p"},{"$i":"shortTimeFormat12","$v":"%I:%M %p"},{"$i":"shortTimeFormat24","$v":"%H:%M"},{"$i":"shortDateTimeFormat","$v":"%x %I:%M %p"},{"$i":"weekStartsOnMonday","$v":"0"},{"$i":"firstDayOfTheWeek","$v":"0"},{"$i":"time_am","$v":"AM"},{"$i":"time_pm","$v":"PM"},{"$i":"softkey-options","$v":"विकल्पाः"}]