[{"$i":"done","$v":"ᱦᱚᱭᱱᱟ"},{"$i":"number-selected2","$v":{"zero":[{"t":"idOrVar","v":"n"}," ᱵᱟᱪᱷᱟᱣ ᱟᱠᱟᱱᱟᱜ"],"one":[{"t":"idOrVar","v":"n"}," ᱵᱟᱪᱷᱟᱣ ᱟᱠᱟᱱᱟᱜ"],"two":[{"t":"idOrVar","v":"n"}," ᱵᱟᱪᱷᱟᱣ ᱟᱠᱟᱱᱟᱜ"],"few":[{"t":"idOrVar","v":"n"}," ᱵᱟᱪᱷᱟᱣ ᱟᱠᱟᱱᱟᱜ"],"many":[{"t":"idOrVar","v":"n"}," ᱵᱟᱪᱷᱟᱣ ᱟᱠᱟᱱᱟᱜ"],"other":[{"t":"idOrVar","v":"n"}," ᱵᱟᱪᱷᱟᱣ ᱟᱠᱟᱱᱟᱜ"]},"$x":[{"t":"idOrVar","v":"plural"},"n"]},{"$i":"delete-n-items?","$v":{"zero":"ᱵᱟᱝ ᱵᱟᱪᱷᱟ ᱟᱠᱟᱱᱟ","one":"ᱵᱟᱪᱷᱟᱣ ᱟᱠᱟᱱ ᱣᱤᱰᱤᱭᱳ ᱢᱮᱴᱟᱣ?","two":[{"t":"idOrVar","v":"n"}," ᱣᱤᱰᱤᱭᱳ ᱠᱚ ᱢᱮᱴᱟᱣ?"],"few":[{"t":"idOrVar","v":"n"}," ᱣᱤᱰᱤᱭᱳ ᱠᱚ ᱢᱮᱴᱟᱣ?"],"many":[{"t":"idOrVar","v":"n"}," ᱣᱤᱰᱤᱭᱳ ᱠᱚ ᱢᱮᱴᱟᱣ?"],"other":[{"t":"idOrVar","v":"n"}," ᱣᱤᱰᱤᱭᱳ ᱠᱚ ᱢᱮᱴᱟᱣ?"]},"$x":[{"t":"idOrVar","v":"plural"},"n"]},{"$i":"share-noprovider","$v":"ᱢᱤᱛ ᱚᱠᱛᱮ ᱨᱮ ᱢᱤᱛ ᱣᱤᱰᱤᱭᱳ ᱦᱟᱴᱤᱧ ᱞᱟᱜᱤᱫ ᱞᱮᱜᱟᱭ ᱢᱮ."},{"$i":"videos","$v":"ᱵᱤᱰᱤᱭᱚ ᱠᱚ"},{"$i":"cancel","$v":"ᱢᱩᱪᱮᱫ"},{"$i":"delete-video?","$v":"ᱵᱟᱪᱷᱟᱣ ᱟᱠᱟᱱ ᱣᱤᱰᱤᱭᱳ ᱢᱮᱴᱟᱣ?"},{"$i":"empty-title","$v":"ᱮᱦᱚᱵ ᱞᱟᱜᱤᱫ ᱣᱤᱰᱤᱭᱳ ᱠᱚ ᱥᱮᱞᱮᱫ"},{"$i":"empty-text","$v":"ᱣᱤᱰᱤᱭᱳ ᱵᱟᱝ ᱧᱟᱢ ᱞᱮᱱᱟ."},{"$i":"nocard2-title","$v":"ᱢᱮᱢᱚᱨᱤ ᱠᱟᱨᱰ ᱵᱟᱝ ᱧᱟᱢ ᱟᱠᱟᱱᱟ"},{"$i":"nocard3-text","$v":"ᱢᱮᱢᱚᱨᱤ ᱠᱟᱨᱰ ᱫᱚ ᱵᱟᱝ ᱧᱟᱢ ᱞᱮᱱᱟ. ᱣᱤᱰᱤᱭᱳ ᱠᱚ ᱦᱟᱛᱟᱣ ᱞᱟᱜᱤᱫ ᱱᱮᱦᱚᱨ ᱟᱫᱮᱨ ᱢᱮ ᱢᱮᱢᱚᱨᱤ ᱠᱟᱨᱰ."},{"$i":"pluggedin-title","$v":"ᱣᱤᱰᱤᱭᱳ ᱫᱚ ᱵᱟᱝ ᱮᱢ ᱧᱮᱞ ᱫᱟᱲᱤᱭᱟᱜ-ᱟ ᱡᱚᱠᱷᱚᱱ ᱮᱢ ᱯᱚᱞᱚᱜ ᱤᱱ ᱛᱟᱦᱮᱱᱟ"},{"$i":"pluggedin-text","$v":"ᱰᱤᱵᱟᱤᱥ ᱡᱚᱜᱟᱣ ᱫᱚ ᱱᱤᱛᱚᱜ ᱵᱮᱵᱷᱟᱨᱚᱜ ᱠᱟᱱᱟ. ᱵᱤᱰᱤᱭᱚ ᱦᱟᱛᱟᱣ ᱞᱟᱹᱜᱤᱫ ᱯᱷᱚᱱ ᱠᱷᱚᱸᱡᱟ ᱟᱫᱮᱨ ᱚᱪᱚᱜ ᱢᱮ"},{"$i":"upgrade-title","$v":"ᱰᱮᱴᱟᱵᱮᱥ ᱱᱟᱣᱟᱱᱟᱜ"},{"$i":"upgrade-text","$v":"ᱱᱮᱦᱚᱨ ᱛᱟᱝ ᱜᱤ ᱢᱮ ᱡᱚᱠᱷᱚᱱ ᱣᱤᱰᱤᱭᱳ ᱱᱚᱣᱟᱭ ᱱᱚᱣᱟ ᱰᱮᱴᱟᱵᱮᱥ."},{"$i":"confirm-delete","$v":"ᱪᱮᱫ ᱟᱢ ᱜᱚᱴᱟ ᱟᱠᱟᱫᱟ ᱟᱢ ᱢᱮᱴᱟᱣ ᱥᱟᱱᱟᱭᱮᱜ ᱢᱮᱭᱟ:"},{"$i":"pick-title","$v":"ᱣᱤᱰᱤᱭᱳ ᱵᱟᱪᱷᱟᱣ ᱢᱮ"},{"$i":"save","$v":"ᱡᱚᱜᱟᱣᱡᱟᱜᱟ ᱫᱚ ᱵᱟᱝ ᱮᱥᱠᱮᱱ ᱫᱟᱲᱤᱭᱟᱜ-ᱟ."},{"$i":"saved","$v":"ᱣᱤᱰᱤᱭᱳ ᱞᱟᱭᱵᱨᱟᱥᱤ ᱨᱮ ᱡᱚᱜᱟᱣ ᱟᱠᱟᱬᱟ."},{"$i":"error-network","$v":"ᱱᱚᱣᱟ ᱣᱤᱰᱤᱭᱳ ᱫᱚ ᱵᱟᱝ ᱮᱢ ᱰᱟᱩᱱᱞᱳᱰ ᱫᱟᱲᱤᱭᱟᱜ-ᱟ ᱪᱮᱫᱟᱜ ᱥᱮ ᱱᱮᱴᱣᱟᱨ ᱨᱮ ᱵᱷᱩᱞ ᱢᱮᱱᱟᱜ-ᱟ."},{"$i":"error-unsupported","$v":"ᱣᱤᱰᱤᱭᱳ ᱫᱚ ᱵᱟᱝ ᱮᱢ ᱪᱟᱞᱩ ᱫᱟᱲᱤᱭᱟᱜ: ᱡᱟᱦᱟᱞᱮᱠᱟ ᱛᱮᱜᱤ ᱪᱮᱫᱟᱜ ᱥᱮ ᱥᱚᱨᱣᱚᱨ ᱟᱨᱵᱟᱝᱠᱷᱟᱱ ᱱᱮᱴᱣᱟᱨᱠ ᱫᱚ ᱰᱤᱜᱷᱮᱣ ᱟᱠᱟᱱᱟ ᱟᱨᱵᱟᱝᱠᱷᱟ ᱪᱮᱫᱟᱜ ᱥᱮ ᱠᱷᱟᱸᱪᱟ ᱫᱚ ᱵᱟᱭ ᱜᱚᱲᱚᱜ-ᱟᱭ."},{"$i":"error-unknown","$v":"ᱢᱤᱛ ᱵᱟᱝ ᱵᱟᱰᱟᱭ ᱣᱤᱰᱤᱭᱳ ᱨᱮ ᱵᱷᱩᱞᱟᱜ ᱧᱟᱢ ᱱᱟ."},{"$i":"video-hardware-in-use-title","$v":"ᱣᱤᱰᱤᱭᱳ ᱫᱚ ᱵᱟᱝ ᱮᱢ ᱪᱟᱞᱩ ᱫᱟᱲᱤᱭᱟᱜ-ᱟ"},{"$i":"video-hardware-in-use-text","$v":"ᱮᱴᱟᱜ ᱮᱯᱞᱤᱠᱮᱥᱚᱱ ᱫᱚ ᱦᱟᱞᱤ ᱨᱮ ᱣᱤᱰᱤᱭᱳ ᱯᱞᱮᱭᱚᱨ ᱵᱮᱵᱷᱟᱨᱚᱜ ᱠᱟᱱᱟ."},{"$i":"overlay-cancel-button","$v":"ᱢᱩᱪᱮᱫ"},{"$i":"overlay-camera-button","$v":"ᱠᱮᱢᱮᱨᱟ ᱨᱮ ᱪᱟᱞᱟᱜ"},{"$i":"name-label","$v":"ᱧᱩᱛᱩᱢ"},{"$i":"length-label","$v":"ᱡᱷᱮᱞ"},{"$i":"size-label","$v":"ᱥᱟᱭᱤᱡ"},{"$i":"video-type-label","$v":"ᱣᱤᱰᱤᱭᱳ ᱨᱚᱠᱚᱢ"},{"$i":"date-taken-label","$v":"ᱰᱮᱴᱟ ᱦᱟᱛᱟᱣᱜ"},{"$i":"resolution-label","$v":"ᱨᱮᱡᱩᱞᱩᱥᱚᱱ"},{"$i":"close-button","$v":"ᱵᱟᱪᱷᱟᱣ"},{"$i":"byteUnit-B","$v":"ᱵᱟᱭᱤᱴ"},{"$i":"byteUnit-KB","$v":"KB"},{"$i":"byteUnit-MB","$v":"MB"},{"$i":"byteUnit-GB","$v":"GB"},{"$i":"byteUnit-TB","$v":"TB"},{"$i":"byteUnit-PB","$v":"PB"},{"$i":"byteUnit-EB","$v":"EB"},{"$i":"byteUnit-ZB","$v":"ZB"},{"$i":"byteUnit-YB","$v":"YB"},{"$i":"date-group-header","$v":"%B %Y"},{"$i":"share","$v":"ᱦᱟᱴᱤᱧ"},{"$i":"more-info","$v":"ᱵᱟᱲᱛᱤ ᱠᱷᱚᱵᱚᱨ"},{"$i":"delete","$v":"ᱢᱮᱴᱟᱣ"},{"$i":"video-button","ariaLabel":"ᱣᱤᱰᱤᱭᱳ"},{"$i":"select-button","ariaLabel":"ᱵᱟᱪᱷᱟᱣ"},{"$i":"delete-button","ariaLabel":"ᱢᱮᱴᱟᱣ"},{"$i":"share-button","ariaLabel":"ᱦᱟᱴᱤᱧ"},{"$i":"info-view","ariaLabel":"ᱠᱷᱚᱵᱚᱨ"},{"$i":"options-view","ariaLabel":"ᱵᱤᱠᱟᱞᱚᱯ"},{"$i":"confirm-dialog","ariaLabel":"ᱜᱚᱴᱟ"},{"$i":"videos-list","ariaLabel":"ᱵᱤᱰᱤᱭᱚ ᱠᱚ"},{"$i":"options-more","ariaLabel":"ᱵᱟᱲᱛᱤ"},{"$i":"seek-backward","ariaLabel":"ᱛᱟᱭᱚᱢ ᱥᱮᱜ ᱧᱮᱞ ᱢᱮ"},{"$i":"seek-bar","ariaLabel":["ᱵᱟᱨ ᱧᱮᱞ ᱢᱮ, ᱚᱠᱛᱮ ",{"t":"idOrVar","v":"duration"}]},{"$i":"seek-forward","ariaLabel":"ᱞᱟᱦᱟ ᱥᱮᱜ ᱧᱮᱞ ᱢᱮ"},{"$i":"play-button","ariaLabel":"ᱪᱟᱞᱩ"},{"$i":"pause-button","ariaLabel":"ᱛᱷᱤᱨ"},{"$i":"fullscreen-button","ariaLabel":"ᱜᱚᱴᱟ ᱤᱥᱠᱨᱤᱱ"},{"$i":"show-controls-button","ariaLabel":"ᱥᱟᱢᱲᱟᱣ ᱠᱚ ᱥᱚᱫᱚᱨ"},{"$i":"hide-controls-button","ariaLabel":"ᱩᱠᱩ ᱥᱟᱢᱲᱟ"},{"$i":"spinner-overlay","ariaValueText":"ᱞᱟᱫᱮᱜ ᱠᱟᱱᱟ"},{"$i":"confirmation-title","$v":"ᱜᱚᱴᱟᱜ ᱠᱟᱱᱟ"},{"$i":"n-video-deleted","$v":{"zero":"ᱵᱟᱝ ᱵᱟᱪᱷᱟ ᱟᱠᱟᱱᱟ","one":"ᱣᱤᱰᱤᱭᱳ ᱢᱮᱴᱟᱣ ᱟᱠᱟᱱᱟ","two":[{"t":"idOrVar","v":"n"}," ᱣᱤᱰᱤᱭᱳ ᱠᱚ ᱢᱮᱴᱟᱣ ᱟᱠᱟᱱᱟ"],"few":[{"t":"idOrVar","v":"n"}," ᱣᱤᱰᱤᱭᱳ ᱠᱚ ᱢᱮᱴᱟᱣ ᱟᱠᱟᱱᱟ"],"many":[{"t":"idOrVar","v":"n"}," ᱣᱤᱰᱤᱭᱳ ᱠᱚ ᱢᱮᱴᱟᱣ ᱟᱠᱟᱱᱟ"],"other":[{"t":"idOrVar","v":"n"}," ᱣᱤᱰᱤᱭᱳ ᱠᱚ ᱢᱮᱴᱟᱣ ᱟᱠᱟᱱᱟ"]},"$x":[{"t":"idOrVar","v":"plural"},"n"]},{"$i":"rename-saved","$v":"ᱡᱚᱜᱟᱣᱟᱜ ᱵᱚᱫᱚᱞ"},{"$i":"confirm-video","$v":"ᱣᱤᱰᱤᱭᱳ"},{"$i":"confirm-ok","$v":"ᱴᱤᱠ"},{"$i":"options-header","$v":"ᱵᱤᱠᱟᱞᱚᱯ"},{"$i":"video-invalid-name","$v":"ᱧᱩᱛᱩᱢ ᱵᱟᱝ ᱜᱟᱱᱚᱜ"},{"$i":"name-already-exists","$v":"ᱱᱚᱣᱟ ᱧᱩᱛᱩᱢ ᱫᱚ ᱞᱟᱦᱟ ᱠᱷᱚᱱ ᱜᱮ ᱢᱮᱱᱟᱜ-ᱟ"},{"$i":"override-warning-msg","$v":"ᱪᱤᱫ ᱟᱢ ᱯᱟᱦᱤᱞ ᱠᱷᱚᱱ ᱢᱮᱱᱟᱜ ᱨᱮᱫ ᱪᱮᱛᱟᱱ ᱨᱮ ᱫᱚᱦᱚᱭ?"},{"$i":"override","$v":"ᱢᱮᱱᱟᱜ ᱪᱮᱛᱟᱱ ᱨᱮ ᱫᱚᱦᱚ"},{"$i":"opt-takevideo","$v":"ᱣᱤᱰᱤᱭᱳ ᱦᱟᱛᱟᱣ ᱢᱮ"},{"$i":"opt-select","$v":"ᱵᱟᱪᱷᱟᱣ"},{"$i":"opt-delete","$v":"ᱢᱮᱴᱟᱣ"},{"$i":"opt-rename","$v":"ᱧᱩᱛᱩᱢ ᱟᱨᱩ"},{"$i":"opt-selectmultiple","$v":"ᱟᱭᱢᱟ ᱨᱚᱠᱚᱢ ᱵᱟᱪᱷᱟᱣ ᱢᱮ"},{"$i":"opt-fileinfo","$v":"ᱨᱮᱫ ᱠᱷᱚᱵᱚᱨ"},{"$i":"opt-selectall","$v":"ᱡᱚᱛᱚ ᱵᱟᱪᱷᱟᱣ"},{"$i":"opt-deselectall","$v":"ᱡᱚᱛᱚ ᱚᱵᱟᱪᱷᱟᱣ"},{"$i":"opt-fullscreen","$v":"ᱜᱚᱴᱟ ᱤᱥᱠᱨᱤᱱ"},{"$i":"opt-play","$v":"ᱪᱟᱞᱩ"},{"$i":"opt-pause","$v":"ᱛᱷᱤᱨ"},{"$i":"weekday-0-long","$v":"ᱥᱤᱸᱜᱮᱢᱟᱦᱟ"},{"$i":"weekday-1-long","$v":"ᱚᱛᱮᱢᱟᱦᱟ"},{"$i":"weekday-2-long","$v":"ᱵᱟᱞᱮᱢᱟᱦᱟ"},{"$i":"weekday-3-long","$v":"ᱥᱟᱹᱜᱩᱱᱢᱟᱦᱟ"},{"$i":"weekday-4-long","$v":"ᱥᱟᱨᱫᱤᱢᱟᱦᱟ"},{"$i":"weekday-5-long","$v":"ᱡᱟᱨᱩᱢᱢᱟᱦᱟ"},{"$i":"weekday-6-long","$v":"ᱧᱩᱦᱩᱢᱢᱟᱦᱟ"},{"$i":"weekday-0-short","$v":"ᱪᱟᱸᱫᱩ"},{"$i":"weekday-1-short","$v":"ᱢᱳᱱ"},{"$i":"weekday-2-short","$v":"ᱥᱟᱜᱩᱱ"},{"$i":"weekday-3-short","$v":"ᱥᱟᱜᱩᱱ"},{"$i":"weekday-4-short","$v":"ᱛᱷᱩ"},{"$i":"weekday-5-short","$v":"ᱜᱟᱛᱤ"},{"$i":"weekday-6-short","$v":"ᱥᱮᱴ"},{"$i":"month-0-long","$v":"ᱯᱩᱥ"},{"$i":"month-1-long","$v":"ᱢᱟᱜ"},{"$i":"month-2-long","$v":"ᱯᱷᱹᱟᱜᱩᱱ"},{"$i":"month-3-long","$v":"ᱪᱮᱛ"},{"$i":"month-4-long","$v":"ᱵᱮᱭᱥᱮᱠᱷ"},{"$i":"month-5-long","$v":"ᱡᱩᱥᱴᱤ"},{"$i":"month-6-long","$v":"ᱟᱥᱟᱲ"},{"$i":"month-7-long","$v":"ᱥᱚᱨᱟᱵᱚᱱ"},{"$i":"month-8-long","$v":"ᱵᱷᱟᱨᱫᱚᱨ"},{"$i":"month-9-long","$v":"ᱟᱥᱤᱱ"},{"$i":"month-10-long","$v":"ᱠᱟᱨᱛᱤᱠ"},{"$i":"month-11-long","$v":"ᱟᱜᱷᱟᱸᱲ"},{"$i":"month-0-genitive","$v":"ᱯᱩᱥ"},{"$i":"month-1-genitive","$v":"ᱢᱟᱜ"},{"$i":"month-2-genitive","$v":"ᱯᱷᱹᱟᱜᱩᱱ"},{"$i":"month-3-genitive","$v":"ᱪᱮᱛ"},{"$i":"month-4-genitive","$v":"ᱵᱮᱭᱥᱮᱠᱷ"},{"$i":"month-5-genitive","$v":"ᱡᱩᱥᱴᱤ"},{"$i":"month-6-genitive","$v":"ᱟᱥᱟᱲ"},{"$i":"month-7-genitive","$v":"ᱥᱚᱨᱟᱵᱚᱱ"},{"$i":"month-8-genitive","$v":"ᱵᱷᱟᱨᱫᱚᱨ"},{"$i":"month-9-genitive","$v":"ᱟᱥᱤᱱ"},{"$i":"month-10-genitive","$v":"ᱠᱟᱨᱛᱤᱠ"},{"$i":"month-11-genitive","$v":"ᱟᱜᱷᱟᱸᱲ"},{"$i":"month-0-short","$v":"ᱯᱩᱥ"},{"$i":"month-1-short","$v":"ᱢᱟᱜ"},{"$i":"month-2-short","$v":"ᱢᱟᱨ"},{"$i":"month-3-short","$v":"ᱪᱮᱛ"},{"$i":"month-4-short","$v":"ᱵᱮᱭᱥᱮᱠᱷ"},{"$i":"month-5-short","$v":"ᱡᱩᱥᱴᱤ"},{"$i":"month-6-short","$v":"ᱟᱥᱟᱲ"},{"$i":"month-7-short","$v":"ᱥᱚᱨᱟᱵᱚᱱ"},{"$i":"month-8-short","$v":"ᱥᱮᱯ"},{"$i":"month-9-short","$v":"ᱟᱥᱤᱱ"},{"$i":"month-10-short","$v":"ᱠᱟᱨᱛᱤᱠ"},{"$i":"month-11-short","$v":"ᱟᱜᱷᱟᱸᱲ"},{"$i":"minutes-ago-long","$v":{"zero":"ᱧᱤᱛ ᱜᱮ","one":"ᱢᱤᱛ ᱴᱤᱯᱤᱡ ᱞᱟᱦᱟ","two":[{"t":"idOrVar","v":"value"}," ᱪᱟᱞᱟᱣᱮᱱ ᱴᱤᱯᱤᱡ ᱠᱚ"],"few":[{"t":"idOrVar","v":"value"}," ᱪᱟᱞᱟᱣᱮᱱ ᱴᱤᱯᱤᱡ ᱠᱚ"],"many":[{"t":"idOrVar","v":"value"}," ᱪᱟᱞᱟᱣᱮᱱ ᱴᱤᱯᱤᱡ ᱠᱚ"],"other":[{"t":"idOrVar","v":"value"}," ᱪᱟᱞᱟᱣᱮᱱ ᱴᱤᱯᱤᱡ ᱠᱚ"]},"$x":[{"t":"idOrVar","v":"plural"},"value"]},{"$i":"hours-ago-long","$v":{"zero":"ᱧᱤᱛ ᱜᱮ","one":"ᱢᱤᱛ ᱜᱷᱚᱱᱴᱟ ᱞᱟᱦᱟ","two":[{"t":"idOrVar","v":"value"}," ᱪᱟᱞᱟᱣᱮᱱ ᱢᱟᱦᱟ ᱠᱚ"],"few":[{"t":"idOrVar","v":"value"}," ᱪᱟᱞᱟᱣᱮᱱ ᱢᱟᱦᱟ ᱠᱚ"],"many":[{"t":"idOrVar","v":"value"}," ᱪᱟᱞᱟᱣᱮᱱ ᱢᱟᱦᱟ ᱠᱚ"],"other":[{"t":"idOrVar","v":"value"}," ᱪᱟᱞᱟᱣᱮᱱ ᱢᱟᱦᱟ ᱠᱚ"]},"$x":[{"t":"idOrVar","v":"plural"},"value"]},{"$i":"days-ago-long","$v":{"zero":"ᱛᱤᱦᱤᱧ","one":"ᱦᱚᱞᱟ","two":[{"t":"idOrVar","v":"value"}," ᱢᱟᱦᱟ ᱠᱚ ᱞᱟᱦᱟ"],"few":[{"t":"idOrVar","v":"value"}," ᱢᱟᱦᱟ ᱠᱚ ᱞᱟᱦᱟ"],"many":[{"t":"idOrVar","v":"value"}," ᱢᱟᱦᱟ ᱠᱚ ᱞᱟᱦᱟ"],"other":[{"t":"idOrVar","v":"value"}," ᱢᱟᱦᱟ ᱠᱚ ᱞᱟᱦᱟ"]},"$x":[{"t":"idOrVar","v":"plural"},"value"]},{"$i":"weeks-ago-long","$v":{"zero":"ᱱᱚᱣᱟ ᱦᱚᱯᱛᱟ","one":"ᱢᱩᱪᱮᱫ ᱦᱚᱯᱛᱟ","two":[{"t":"idOrVar","v":"value"}," ᱪᱟᱞᱟᱣᱮᱱ ᱦᱚᱯᱛᱟ"],"few":[{"t":"idOrVar","v":"value"}," ᱪᱟᱞᱟᱣᱮᱱ ᱦᱚᱯᱛᱟ"],"many":[{"t":"idOrVar","v":"value"}," ᱪᱟᱞᱟᱣᱮᱱ ᱦᱚᱯᱛᱟ"],"other":[{"t":"idOrVar","v":"value"}," ᱪᱟᱞᱟᱣᱮᱱ ᱦᱚᱯᱛᱟ"]},"$x":[{"t":"idOrVar","v":"plural"},"value"]},{"$i":"months-ago-long","$v":{"zero":"ᱱᱚᱣᱟ ᱪᱟᱸᱫᱩ","one":"ᱢᱩᱪᱮᱫ ᱪᱟᱸᱫᱩ","two":[{"t":"idOrVar","v":"value"}," ᱪᱟᱞᱟᱣᱮᱱ ᱪᱟᱸᱫᱩ ᱠᱚ"],"few":[{"t":"idOrVar","v":"value"}," ᱪᱟᱞᱟᱣᱮᱱ ᱪᱟᱸᱫᱩ ᱠᱚ"],"many":[{"t":"idOrVar","v":"value"}," ᱪᱟᱞᱟᱣᱮᱱ ᱪᱟᱸᱫᱩ ᱠᱚ"],"other":[{"t":"idOrVar","v":"value"}," ᱪᱟᱞᱟᱣᱮᱱ ᱪᱟᱸᱫᱩ ᱠᱚ"]},"$x":[{"t":"idOrVar","v":"plural"},"value"]},{"$i":"years-ago-long","$v":{"zero":"ᱱᱚᱣᱟ ᱥᱮᱨᱢᱟ","one":"ᱢᱩᱪᱮᱫ ᱵᱚᱪᱷᱚᱨ","two":[{"t":"idOrVar","v":"value"}," ᱪᱟᱞᱟᱣᱮᱱ ᱥᱮᱨᱢᱟ"],"few":[{"t":"idOrVar","v":"value"}," ᱪᱟᱞᱟᱣᱮᱱ ᱥᱮᱨᱢᱟ"],"many":[{"t":"idOrVar","v":"value"}," ᱪᱟᱞᱟᱣᱮᱱ ᱥᱮᱨᱢᱟ"],"other":[{"t":"idOrVar","v":"value"}," ᱪᱟᱞᱟᱣᱮᱱ ᱥᱮᱨᱢᱟ"]},"$x":[{"t":"idOrVar","v":"plural"},"value"]},{"$i":"minutes-until-long","$v":{"zero":"ᱧᱤᱛ","one":"ᱴᱤᱯᱤᱡ ᱨᱮ","two":["ᱨᱮ ",{"t":"idOrVar","v":"value"}," ᱴᱤᱯᱤᱡ ᱠᱚ"],"few":["ᱨᱮ ",{"t":"idOrVar","v":"value"}," ᱴᱤᱯᱤᱡ ᱠᱚ"],"many":["ᱨᱮ ",{"t":"idOrVar","v":"value"}," ᱴᱤᱯᱤᱡ ᱠᱚ"],"other":["ᱨᱮ ",{"t":"idOrVar","v":"value"}," ᱴᱤᱯᱤᱡ ᱠᱚ"]},"$x":[{"t":"idOrVar","v":"plural"},"value"]},{"$i":"hours-until-long","$v":{"zero":"ᱧᱤᱛ","one":"ᱜᱷᱚᱱᱴᱟ ᱨᱮ","two":["ᱨᱮ ",{"t":"idOrVar","v":"value"}," ᱜᱷᱚᱱᱴᱟ ᱠᱚ"],"few":["ᱨᱮ ",{"t":"idOrVar","v":"value"}," ᱜᱷᱚᱱᱴᱟ ᱠᱚ"],"many":["ᱨᱮ ",{"t":"idOrVar","v":"value"}," ᱜᱷᱚᱱᱴᱟ ᱠᱚ"],"other":["ᱨᱮ ",{"t":"idOrVar","v":"value"}," ᱜᱷᱚᱱᱴᱟ ᱠᱚ"]},"$x":[{"t":"idOrVar","v":"plural"},"value"]},{"$i":"days-until-long","$v":{"zero":"ᱛᱤᱦᱤᱧ","one":"ᱜᱟᱯᱟ","two":["ᱨᱮ ",{"t":"idOrVar","v":"value"}," ᱢᱟᱦᱟ ᱠᱚ"],"few":["ᱨᱮ ",{"t":"idOrVar","v":"value"}," ᱢᱟᱦᱟ ᱠᱚ"],"many":["ᱨᱮ ",{"t":"idOrVar","v":"value"}," ᱢᱟᱦᱟ ᱠᱚ"],"other":["ᱨᱮ ",{"t":"idOrVar","v":"value"}," ᱢᱟᱦᱟ ᱠᱚ"]},"$x":[{"t":"idOrVar","v":"plural"},"value"]},{"$i":"weeks-until-long","$v":{"zero":"ᱱᱚᱣᱟ ᱦᱚᱯᱛᱟ","one":"ᱫᱟᱨᱟᱭ ᱠᱟᱱ ᱦᱚᱯᱛᱟ","two":["ᱨᱮ ",{"t":"idOrVar","v":"value"}," ᱦᱚᱯᱛᱟ ᱠᱚ"],"few":["ᱨᱮ ",{"t":"idOrVar","v":"value"}," ᱦᱚᱯᱛᱟ ᱠᱚ"],"many":["ᱨᱮ ",{"t":"idOrVar","v":"value"}," ᱦᱚᱯᱛᱟ ᱠᱚ"],"other":["ᱨᱮ ",{"t":"idOrVar","v":"value"}," ᱦᱚᱯᱛᱟ ᱠᱚ"]},"$x":[{"t":"idOrVar","v":"plural"},"value"]},{"$i":"months-until-long","$v":{"zero":"ᱱᱚᱣᱟ ᱪᱟᱸᱫᱩ","one":"ᱫᱟᱨᱟᱭ ᱠᱟᱱ ᱪᱟᱸᱫᱩ","two":["ᱨᱮ ",{"t":"idOrVar","v":"value"}," ᱪᱟᱸᱫᱩ ᱠᱚ"],"few":["ᱨᱮ ",{"t":"idOrVar","v":"value"}," ᱪᱟᱸᱫᱩ ᱠᱚ"],"many":["ᱨᱮ ",{"t":"idOrVar","v":"value"}," ᱪᱟᱸᱫᱩ ᱠᱚ"],"other":["ᱨᱮ ",{"t":"idOrVar","v":"value"}," ᱪᱟᱸᱫᱩ ᱠᱚ"]},"$x":[{"t":"idOrVar","v":"plural"},"value"]},{"$i":"years-until-long","$v":{"zero":"ᱱᱚᱣᱟ ᱥᱮᱨᱢᱟ","one":"ᱫᱟᱨᱟᱭ ᱠᱟᱱ ᱥᱮᱨᱢᱟ","two":["ᱨᱮ ",{"t":"idOrVar","v":"value"}," ᱥᱮᱨᱢᱟ ᱠᱚ"],"few":["ᱨᱮ ",{"t":"idOrVar","v":"value"}," ᱥᱮᱨᱢᱟ ᱠᱚ"],"many":["ᱨᱮ ",{"t":"idOrVar","v":"value"}," ᱥᱮᱨᱢᱟ ᱠᱚ"],"other":["ᱨᱮ ",{"t":"idOrVar","v":"value"}," ᱥᱮᱨᱢᱟ ᱠᱚ"]},"$x":[{"t":"idOrVar","v":"plural"},"value"]},{"$i":"minutes-ago-short","$v":{"zero":"ᱧᱤᱛ ᱜᱮ","other":[{"t":"idOrVar","v":"value"}," ᱪᱟᱞᱟᱣ ᱴ"]},"$x":[{"t":"idOrVar","v":"plural"},"value"]},{"$i":"hours-ago-short","$v":{"zero":"ᱧᱤᱛ ᱜᱮ","other":[{"t":"idOrVar","v":"value"}," ᱪᱟᱞᱟᱣᱮᱱ ᱜ"]},"$x":[{"t":"idOrVar","v":"plural"},"value"]},{"$i":"days-ago-short","$v":{"zero":"ᱛᱤᱦᱤᱧ","other":[{"t":"idOrVar","v":"value"}," ᱪᱟᱞᱟᱣᱮᱱ ᱢ"]},"$x":[{"t":"idOrVar","v":"plural"},"value"]},{"$i":"minutes-until-short","$v":{"zero":"ᱧᱤᱛ","other":["ᱨᱮ ",{"t":"idOrVar","v":"value"},"ᱴ"]},"$x":[{"t":"idOrVar","v":"plural"},"value"]},{"$i":"hours-until-short","$v":{"zero":"ᱧᱤᱛ","other":["ᱨᱮ ",{"t":"idOrVar","v":"value"},"ᱜ"]},"$x":[{"t":"idOrVar","v":"plural"},"value"]},{"$i":"days-until-short","$v":{"zero":"ᱛᱤᱦᱤᱧ","other":["ᱨᱮ ",{"t":"idOrVar","v":"value"},"ᱢ"]},"$x":[{"t":"idOrVar","v":"plural"},"value"]},{"$i":"incorrectDate","$v":"(ᱛᱨᱤᱠᱷ ᱫᱚ ᱵᱷᱩᱞ ᱜᱮᱭᱟ)"},{"$i":"dateTimeFormat_%c","$v":"%a %b %e %Y %I:%M:%S %p"},{"$i":"dateTimeFormat_%x","$v":"%m/%d/%Y"},{"$i":"dateTimeFormat_%X","$v":"%I:%M:%S %p"},{"$i":"shortTimeFormat","$v":"%I:%M %p"},{"$i":"shortTimeFormat12","$v":"%I:%M %p"},{"$i":"shortTimeFormat24","$v":"%H:%M"},{"$i":"shortDateTimeFormat","$v":"%x %I:%M %p"},{"$i":"weekStartsOnMonday","$v":"0"},{"$i":"firstDayOfTheWeek","$v":"0"},{"$i":"time_am","$v":"AM"},{"$i":"time_pm","$v":"PM"},{"$i":"softkey-options","$v":"ᱵᱤᱠᱟᱞᱚᱯ"}]