[{"$i":"done","$v":"पुरो थियो"},{"$i":"number-selected2","$v":{"zero":[{"t":"idOrVar","v":"n"}," चूंड कयल"],"one":[{"t":"idOrVar","v":"n"}," चूंड कयल"],"two":[{"t":"idOrVar","v":"n"}," चूंड कयल"],"few":[{"t":"idOrVar","v":"n"}," चूंड कयल"],"many":[{"t":"idOrVar","v":"n"}," चूंड कयल"],"other":[{"t":"idOrVar","v":"n"}," चूंड कयल"]},"$x":[{"t":"idOrVar","v":"plural"},"n"]},{"$i":"delete-n-items?","$v":{"zero":"कुझु बि चुंडियल नाहे","one":"चुंडियल विडियो हज़फ़ कर्यो?","two":[{"t":"idOrVar","v":"n"}," विडीयोज़ हज़फ़ कर्यो?"],"few":[{"t":"idOrVar","v":"n"}," विडीयोज़ हज़फ़ कर्यो?"],"many":[{"t":"idOrVar","v":"n"}," विडीयोज़ हज़फ़ कर्यो?"],"other":[{"t":"idOrVar","v":"n"}," विडीयोज़ हज़फ़ कर्यो?"]},"$x":[{"t":"idOrVar","v":"plural"},"n"]},{"$i":"share-noprovider","$v":"हिक ई वक्त में हिक विडियो हिसेदारी करणु जी कोशिश कर्यो."},{"$i":"videos","$v":"विडियो"},{"$i":"cancel","$v":"मंसूख़ कर्यो"},{"$i":"delete-video?","$v":"चुंडियल विडियो हज़फ़ कर्यो?"},{"$i":"empty-title","$v":"शुरू करणु लाइ विडीयोज़ शामिलु कर्यो"},{"$i":"empty-text","$v":"के बि विडीयोज़ न मिलिया."},{"$i":"nocard2-title","$v":"को बि मीमॿीहर कार्डु न मिल्यो"},{"$i":"nocard3-text","$v":"मीमॿीहर कार्डु नथो मिली मरबानी किरी वदयो ठाहिण लाइ मीमॿीहर कार्डु दाख़िलु कर्यो."},{"$i":"pluggedin-title","$v":"प्लग इन दौरान विडियो नथी ॾिसी सघिजे"},{"$i":"pluggedin-text","$v":"डिवाइस ज़ख़ीरो हिन वक़्ति इस्तेमाल थी रहियो आहे विडीयोज़ वठणु लाइ महिरबानी करे फ़ोनु उन प्लग कर्यो"},{"$i":"upgrade-title","$v":"अपग्रेड ग़ैरु फ़आल कर्यो"},{"$i":"upgrade-text","$v":"महिरबानी करे इंतिज़ार कर्यो जेसताईं विडियो उन जे डेटा बेसि खे अपडेट करे."},{"$i":"confirm-delete","$v":"छा तवहां खे यक़ीनु आहे त तवहां ख़तमु करणु चाहियो था:"},{"$i":"pick-title","$v":"हिक विडियो चूंडियो"},{"$i":"save","$v":"साघो"},{"$i":"saved","$v":"विडियो लाइब्रेरी ॾांहुं महफूज़ु थियल."},{"$i":"error-network","$v":"हिक नेट वर्क नुक़्सु जे करे विडियो डाओंलो ड न थी सघे."},{"$i":"error-unsupported","$v":"विडियो पली नथी करे सघिजे आया इन करे त सुरूरु या नेट वर्क नाकामु थियो या इन करे त फ़ारमीट जे मुआवनत नाहे."},{"$i":"error-unknown","$v":"हिक नामअलूमु विडियो नुक़्सु थियो."},{"$i":"video-hardware-in-use-title","$v":"विडियो पली नथा करे सघूं"},{"$i":"video-hardware-in-use-text","$v":"ॿी अइप हिन वक़्ति विडियो प्लेयर इस्तेमाल करे रही आहे."},{"$i":"overlay-cancel-button","$v":"मंसूख़ कर्यो"},{"$i":"overlay-camera-button","$v":"कैमेरा ॾांहुं वञो"},{"$i":"name-label","$v":"नालो"},{"$i":"length-label","$v":"डेघि"},{"$i":"size-label","$v":"माप"},{"$i":"video-type-label","$v":"विडियो जो क़िस्मु"},{"$i":"date-taken-label","$v":"वरतल तारीख़"},{"$i":"resolution-label","$v":"रिज़व्ल्यूशन"},{"$i":"close-button","$v":"बंद"},{"$i":"byteUnit-B","$v":"बाइट्स"},{"$i":"byteUnit-KB","$v":"KB"},{"$i":"byteUnit-MB","$v":"MB"},{"$i":"byteUnit-GB","$v":"GB"},{"$i":"byteUnit-TB","$v":"TB"},{"$i":"byteUnit-PB","$v":"PB"},{"$i":"byteUnit-EB","$v":"EB"},{"$i":"byteUnit-ZB","$v":"ZB"},{"$i":"byteUnit-YB","$v":"YB"},{"$i":"date-group-header","$v":"%B %Y"},{"$i":"share","$v":"वर्च"},{"$i":"more-info","$v":"वधीक मालूमात"},{"$i":"delete","$v":"रदि"},{"$i":"video-button","ariaLabel":"विडियो"},{"$i":"select-button","ariaLabel":"चूंडियो"},{"$i":"delete-button","ariaLabel":"रदि"},{"$i":"share-button","ariaLabel":"वर्च"},{"$i":"info-view","ariaLabel":"मालूमात"},{"$i":"options-view","ariaLabel":"इख़्तियारु"},{"$i":"confirm-dialog","ariaLabel":"पक कयो"},{"$i":"videos-list","ariaLabel":"विडियो"},{"$i":"options-more","ariaLabel":"वधीक"},{"$i":"seek-backward","ariaLabel":"पोयां तलाश कर्यो"},{"$i":"seek-bar","ariaLabel":["तलाश बारु, मुदो ",{"t":"idOrVar","v":"duration"}]},{"$i":"seek-forward","ariaLabel":"अॻिते तलाश कर्यो"},{"$i":"play-button","ariaLabel":"प्ले"},{"$i":"pause-button","ariaLabel":"वक़फ़ो"},{"$i":"fullscreen-button","ariaLabel":"मुकमिलु स्क्रीन"},{"$i":"show-controls-button","ariaLabel":"कंट्रोल ॾेखारियो"},{"$i":"hide-controls-button","ariaLabel":"ज़ाबता लिकायो"},{"$i":"spinner-overlay","ariaValueText":"लोड पया थेनि"},{"$i":"confirmation-title","$v":"तसिदीक़"},{"$i":"n-video-deleted","$v":{"zero":"कुझु बि चुंडियल नाहे","one":"विडियो हज़फ़ थी","two":[{"t":"idOrVar","v":"n"}," विडीयोज़ हज़फ़ थ्यूं"],"few":[{"t":"idOrVar","v":"n"}," विडीयोज़ हज़फ़ थ्यूं"],"many":[{"t":"idOrVar","v":"n"}," विडीयोज़ हज़फ़ थ्यूं"],"other":[{"t":"idOrVar","v":"n"}," विडीयोज़ हज़फ़ थ्यूं"]},"$x":[{"t":"idOrVar","v":"plural"},"n"]},{"$i":"rename-saved","$v":"तब्दीलियूं महफूज़ु थ्यूं"},{"$i":"confirm-video","$v":"विडियो"},{"$i":"confirm-ok","$v":"ठीक"},{"$i":"options-header","$v":"इख़्तियारु"},{"$i":"video-invalid-name","$v":"ग़लति नालो"},{"$i":"name-already-exists","$v":"ही नालो अॻु में मौजूदु आहे"},{"$i":"override-warning-msg","$v":"छा तवहां मोजूदह फाईल ओवर राइड करणु चाहियो था?"},{"$i":"override","$v":"ओवर राइड"},{"$i":"opt-takevideo","$v":"विडियो वठो"},{"$i":"opt-select","$v":"चूंडियो"},{"$i":"opt-delete","$v":"रदि"},{"$i":"opt-rename","$v":"बि॒हर नालो"},{"$i":"opt-selectmultiple","$v":"मुख़्तलिफ़ चूंडियो"},{"$i":"opt-fileinfo","$v":"फाईल जे मालूमात"},{"$i":"opt-selectall","$v":"सभई चूंडियो"},{"$i":"opt-deselectall","$v":"सभई अण चूंडियो"},{"$i":"opt-fullscreen","$v":"मुकमिलु स्क्रीन"},{"$i":"opt-play","$v":"प्ले"},{"$i":"opt-pause","$v":"वक़फ़ो"},{"$i":"weekday-0-long","$v":"आर्तवारु"},{"$i":"weekday-1-long","$v":"सुमर"},{"$i":"weekday-2-long","$v":"मंगल"},{"$i":"weekday-3-long","$v":"बु॒धर"},{"$i":"weekday-4-long","$v":"विशपत"},{"$i":"weekday-5-long","$v":"जुमो"},{"$i":"weekday-6-long","$v":"छंछरु"},{"$i":"weekday-0-short","$v":"आचरु"},{"$i":"weekday-1-short","$v":"सूमरु"},{"$i":"weekday-2-short","$v":"अङारो"},{"$i":"weekday-3-short","$v":"अर्बा"},{"$i":"weekday-4-short","$v":"ख़मीस"},{"$i":"weekday-5-short","$v":"जमावं"},{"$i":"weekday-6-short","$v":"छंछरु"},{"$i":"month-0-long","$v":"जनॿीहर"},{"$i":"month-1-long","$v":"फ़ीबरॿीहर"},{"$i":"month-2-long","$v":"मार्चु"},{"$i":"month-3-long","$v":"अप्रेलु"},{"$i":"month-4-long","$v":"मुई"},{"$i":"month-5-long","$v":"जूनि"},{"$i":"month-6-long","$v":"जूलाइ"},{"$i":"month-7-long","$v":"आगस्टु"},{"$i":"month-8-long","$v":"सेप्टेम्बरु"},{"$i":"month-9-long","$v":"आक्टोबरु"},{"$i":"month-10-long","$v":"नवम्बरु"},{"$i":"month-11-long","$v":"डिसम्बरु"},{"$i":"month-0-genitive","$v":"जनॿीहर"},{"$i":"month-1-genitive","$v":"फ़ीबरॿीहर"},{"$i":"month-2-genitive","$v":"मार्चु"},{"$i":"month-3-genitive","$v":"अप्रेलु"},{"$i":"month-4-genitive","$v":"मुई"},{"$i":"month-5-genitive","$v":"जूनि"},{"$i":"month-6-genitive","$v":"जूलाइ"},{"$i":"month-7-genitive","$v":"आगस्टु"},{"$i":"month-8-genitive","$v":"सेप्टेम्बरु"},{"$i":"month-9-genitive","$v":"आक्टोबरु"},{"$i":"month-10-genitive","$v":"नवम्बरु"},{"$i":"month-11-genitive","$v":"डिसम्बरु"},{"$i":"month-0-short","$v":"जनॿीहर"},{"$i":"month-1-short","$v":"फ़ीबरॿीहर"},{"$i":"month-2-short","$v":"मार्चु"},{"$i":"month-3-short","$v":"अप्रेलु"},{"$i":"month-4-short","$v":"मुई"},{"$i":"month-5-short","$v":"जनॿीहर"},{"$i":"month-6-short","$v":"जूलाइ"},{"$i":"month-7-short","$v":"आगस्टु"},{"$i":"month-8-short","$v":"सेप्टेम्बरु"},{"$i":"month-9-short","$v":"आक्टोबरु"},{"$i":"month-10-short","$v":"नवम्बरु"},{"$i":"month-11-short","$v":"डिसम्बरु"},{"$i":"minutes-ago-long","$v":{"zero":"बिलकुल हाणे","one":"हिक मिंटु अॻु","two":[{"t":"idOrVar","v":"value"}," मिंटु अॻु"],"few":[{"t":"idOrVar","v":"value"}," मिंटु अॻु"],"many":[{"t":"idOrVar","v":"value"}," मिंटु अॻु"],"other":[{"t":"idOrVar","v":"value"}," मिंटु अॻु"]},"$x":[{"t":"idOrVar","v":"plural"},"value"]},{"$i":"hours-ago-long","$v":{"zero":"बिलकुल हाणे","one":"हिक कलाकु अॻु","two":[{"t":"idOrVar","v":"value"}," कलाकु अॻु"],"few":[{"t":"idOrVar","v":"value"}," कलाकु अॻु"],"many":[{"t":"idOrVar","v":"value"}," कलाकु अॻु"],"other":[{"t":"idOrVar","v":"value"}," कलाकु अॻु"]},"$x":[{"t":"idOrVar","v":"plural"},"value"]},{"$i":"days-ago-long","$v":{"zero":"अजु॒","one":"कुल्हा","two":[{"t":"idOrVar","v":"value"}," ॾींहुं अॻु"],"few":[{"t":"idOrVar","v":"value"}," ॾींहुं अॻु"],"many":[{"t":"idOrVar","v":"value"}," ॾींहुं अॻु"],"other":[{"t":"idOrVar","v":"value"}," ॾींहुं अॻु"]},"$x":[{"t":"idOrVar","v":"plural"},"value"]},{"$i":"weeks-ago-long","$v":{"zero":"हुन हफ़्ते","one":"गुज़िरियल हफ़्ते","two":[{"t":"idOrVar","v":"value"}," हफ़ता अॻु"],"few":[{"t":"idOrVar","v":"value"}," हफ़ता अॻु"],"many":[{"t":"idOrVar","v":"value"}," हफ़ता अॻु"],"other":[{"t":"idOrVar","v":"value"}," हफ़ता अॻु"]},"$x":[{"t":"idOrVar","v":"plural"},"value"]},{"$i":"months-ago-long","$v":{"zero":"हुन महीने","one":"गुज़िरियल महीने","two":[{"t":"idOrVar","v":"value"}," महीना अॻु"],"few":[{"t":"idOrVar","v":"value"}," महीना अॻु"],"many":[{"t":"idOrVar","v":"value"}," महीना अॻु"],"other":[{"t":"idOrVar","v":"value"}," महीना अॻु"]},"$x":[{"t":"idOrVar","v":"plural"},"value"]},{"$i":"years-ago-long","$v":{"zero":"हुन सालु","one":"गुज़िरियल सालु","two":[{"t":"idOrVar","v":"value"}," सालु अॻु"],"few":[{"t":"idOrVar","v":"value"}," सालु अॻु"],"many":[{"t":"idOrVar","v":"value"}," सालु अॻु"],"other":[{"t":"idOrVar","v":"value"}," सालु अॻु"]},"$x":[{"t":"idOrVar","v":"plural"},"value"]},{"$i":"minutes-until-long","$v":{"zero":"हाणि","one":"हिक मिंटु में","two":[{"t":"idOrVar","v":"value"}," मिन्टनि में"],"few":[{"t":"idOrVar","v":"value"}," मिन्टनि में"],"many":[{"t":"idOrVar","v":"value"}," मिन्टनि में"],"other":[{"t":"idOrVar","v":"value"}," मिन्टनि में"]},"$x":[{"t":"idOrVar","v":"plural"},"value"]},{"$i":"hours-until-long","$v":{"zero":"हाणि","one":"हिक कलाकु में","two":[{"t":"idOrVar","v":"value"}," कलाकनि में"],"few":[{"t":"idOrVar","v":"value"}," कलाकनि में"],"many":[{"t":"idOrVar","v":"value"}," कलाकनि में"],"other":[{"t":"idOrVar","v":"value"}," कलाकनि में"]},"$x":[{"t":"idOrVar","v":"plural"},"value"]},{"$i":"days-until-long","$v":{"zero":"अजु॒","one":"सुभाणे","two":[{"t":"idOrVar","v":"value"}," ॾींहुं में"],"few":[{"t":"idOrVar","v":"value"}," ॾींहुं में"],"many":[{"t":"idOrVar","v":"value"}," ॾींहुं में"],"other":[{"t":"idOrVar","v":"value"}," ॾींहुं में"]},"$x":[{"t":"idOrVar","v":"plural"},"value"]},{"$i":"weeks-until-long","$v":{"zero":"हुन हफ़्ते","one":"ईंदड़ सालु","two":[{"t":"idOrVar","v":"value"}," हफ़्तनि में"],"few":[{"t":"idOrVar","v":"value"}," हफ़्तनि में"],"many":[{"t":"idOrVar","v":"value"}," हफ़्तनि में"],"other":[{"t":"idOrVar","v":"value"}," हफ़्तनि में"]},"$x":[{"t":"idOrVar","v":"plural"},"value"]},{"$i":"months-until-long","$v":{"zero":"हुन महीने","one":"ईंदड़ महीने","two":[{"t":"idOrVar","v":"value"}," महीननि में"],"few":[{"t":"idOrVar","v":"value"}," महीननि में"],"many":[{"t":"idOrVar","v":"value"}," महीननि में"],"other":[{"t":"idOrVar","v":"value"}," महीननि में"]},"$x":[{"t":"idOrVar","v":"plural"},"value"]},{"$i":"years-until-long","$v":{"zero":"हुन सालु","one":"ईंदड़ सालु","two":[{"t":"idOrVar","v":"value"}," सालनि में"],"few":[{"t":"idOrVar","v":"value"}," सालनि में"],"many":[{"t":"idOrVar","v":"value"}," सालनि में"],"other":[{"t":"idOrVar","v":"value"}," सालनि में"]},"$x":[{"t":"idOrVar","v":"plural"},"value"]},{"$i":"minutes-ago-short","$v":{"zero":"बिलकुल हाणे","other":[{"t":"idOrVar","v":"value"}," मिंटु अॻु"]},"$x":[{"t":"idOrVar","v":"plural"},"value"]},{"$i":"hours-ago-short","$v":{"zero":"बिलकुल हाणे","other":[{"t":"idOrVar","v":"value"}," कलाकु अॻु"]},"$x":[{"t":"idOrVar","v":"plural"},"value"]},{"$i":"days-ago-short","$v":{"zero":"अजु॒","other":[{"t":"idOrVar","v":"value"}," ॾींहुं अॻु"]},"$x":[{"t":"idOrVar","v":"plural"},"value"]},{"$i":"minutes-until-short","$v":{"zero":"हाणि","other":[{"t":"idOrVar","v":"value"},"m में"]},"$x":[{"t":"idOrVar","v":"plural"},"value"]},{"$i":"hours-until-short","$v":{"zero":"हाणि","other":[{"t":"idOrVar","v":"value"},"h में"]},"$x":[{"t":"idOrVar","v":"plural"},"value"]},{"$i":"days-until-short","$v":{"zero":"अजु॒","other":[{"t":"idOrVar","v":"value"},"d में"]},"$x":[{"t":"idOrVar","v":"plural"},"value"]},{"$i":"incorrectDate","$v":"( ग़लति तारीख़)"},{"$i":"dateTimeFormat_%c","$v":"%a %b %e %Y %I:%M:%S %p"},{"$i":"dateTimeFormat_%x","$v":"%m/%d/%Y"},{"$i":"dateTimeFormat_%X","$v":"%I:%M:%S %p"},{"$i":"shortTimeFormat","$v":"%I:%M %p"},{"$i":"shortTimeFormat12","$v":"%I:%M %p"},{"$i":"shortTimeFormat24","$v":"%H:%M"},{"$i":"shortDateTimeFormat","$v":"%x %I:%M %p"},{"$i":"weekStartsOnMonday","$v":"0"},{"$i":"firstDayOfTheWeek","$v":"0"},{"$i":"time_am","$v":"AM"},{"$i":"time_pm","$v":"PM"},{"$i":"softkey-options","$v":"इख़्तियारु"}]