[{"$i":"done","$v":"முடிந்தது"},{"$i":"number-selected2","$v":{"zero":[{"t":"idOrVar","v":"n"}," தேர்ந்தெடுக்கப்பட்டது"],"one":[{"t":"idOrVar","v":"n"}," தேர்ந்தெடுக்கப்பட்டது"],"two":[{"t":"idOrVar","v":"n"}," தேர்ந்தெடுக்கப்பட்டது"],"few":[{"t":"idOrVar","v":"n"}," தேர்ந்தெடுக்கப்பட்டது"],"many":[{"t":"idOrVar","v":"n"}," தேர்ந்தெடுக்கப்பட்டது"],"other":[{"t":"idOrVar","v":"n"}," தேர்ந்தெடுக்கப்பட்டது"]},"$x":[{"t":"idOrVar","v":"plural"},"n"]},{"$i":"delete-n-items?","$v":{"zero":"ஒன்றும் தேர்வுசெய்யப்படவில்லை","one":"தேர்ந்தெடுத்த வீடியோவை நீக்கவா?","two":[{"t":"idOrVar","v":"n"}," வீடியோக்களை நீக்கவா?"],"few":[{"t":"idOrVar","v":"n"}," வீடியோக்களை நீக்கவா?"],"many":[{"t":"idOrVar","v":"n"}," வீடியோக்களை நீக்கவா?"],"other":[{"t":"idOrVar","v":"n"}," வீடியோக்களை நீக்கவா?"]},"$x":[{"t":"idOrVar","v":"plural"},"n"]},{"$i":"share-noprovider","$v":"ஒரே நேரத்தில் ஒரு வீடியோவை பகிர முயலவும்."},{"$i":"videos","$v":"வீடியோக்கள்"},{"$i":"cancel","$v":"ரத்து செய்க"},{"$i":"delete-video?","$v":"தேர்ந்தெடுத்த வீடியோவை நீக்கவா?"},{"$i":"empty-title","$v":"துவங்க, வீடியோகளை சேர்"},{"$i":"empty-text","$v":"வீடியோக்கள் கிடைக்கவில்லை."},{"$i":"nocard2-title","$v":"மெமரி கார்டு காணப்படவில்லை"},{"$i":"nocard3-text","$v":"மெமரி கார்டு கிடைக்கவில்லை. வீடியோக்களை எடுக்க, மெமரி கார்டைச் செருகவும்."},{"$i":"pluggedin-title","$v":"பிளக் இன்-இலிருக்கும் போது வீடியோவை பார்க்க முடியாது"},{"$i":"pluggedin-text","$v":"டிவைசை ஸ்டோரேஜ்  தற்போது பயன்படுத்தப்படுகிறது. தயவுசெய்து வீடியோக்களை எடுக்க ஃபோன்-ஐ அன்பிளக் செய்யவும்"},{"$i":"upgrade-title","$v":"டேட்டாபேஸ் அப்கிரேட்"},{"$i":"upgrade-text","$v":"வீடியோ, அதன் டேட்டாபேஸ்-ஐ மேம்படுத்தும் வரை தயவுசெய்து காத்திருக்கவும்."},{"$i":"confirm-delete","$v":"நீங்கள் நிச்சியமாக நீக்க விரும்புகிறீர்களா:"},{"$i":"pick-title","$v":"ஒரு வீடியோவை தேர்ந்தெடு"},{"$i":"save","$v":"சேமி"},{"$i":"saved","$v":"வீடியோ லைப்ரரி-இல் சேமிக்கப்பட்டது."},{"$i":"error-network","$v":"நெட்வொர்க் பிழையால் வீடியோவை டவுன்லோட் செய்ய முடியவில்லை."},{"$i":"error-unsupported","$v":"வீடியோவை இயக்க முடியாது: சர்வர் அல்லது நெட்வொர்க் தோல்வி போன்ற ஏதேனும் ஒன்றால் இருக்கலாம் அல்லது பார்மெட் ஆதரிக்கப்படாததால் இருக்கலாம்."},{"$i":"error-unknown","$v":"தெரியாத வீடியோ பிழை ஏற்பட்டது."},{"$i":"video-hardware-in-use-title","$v":"வீடியோவை பிளே செய்ய முடியாது"},{"$i":"video-hardware-in-use-text","$v":"வேறொரு ஆப் தற்போது வீடியோ பிளேயரைப் பயன்படுத்துகிறது."},{"$i":"overlay-cancel-button","$v":"ரத்து செய்க"},{"$i":"overlay-camera-button","$v":"கேமராவுக்குச் செல்க"},{"$i":"name-label","$v":"பெயர்"},{"$i":"length-label","$v":"நீளம்"},{"$i":"size-label","$v":"அளவு"},{"$i":"video-type-label","$v":"வீடியோ வகை"},{"$i":"date-taken-label","$v":"எடுக்கப்பட்ட தேதி"},{"$i":"resolution-label","$v":"ரெசல்யூசன்"},{"$i":"close-button","$v":"மூடு"},{"$i":"byteUnit-B","$v":"பைட்"},{"$i":"byteUnit-KB","$v":"KB"},{"$i":"byteUnit-MB","$v":"MB"},{"$i":"byteUnit-GB","$v":"GB"},{"$i":"byteUnit-TB","$v":"TB"},{"$i":"byteUnit-PB","$v":"PB"},{"$i":"byteUnit-EB","$v":"EB"},{"$i":"byteUnit-ZB","$v":"ZB"},{"$i":"byteUnit-YB","$v":"YB"},{"$i":"date-group-header","$v":"%B %Y"},{"$i":"share","$v":"பகிர்"},{"$i":"more-info","$v":"மேலும் தகவல்"},{"$i":"delete","$v":"நீக்கு"},{"$i":"video-button","ariaLabel":"வீடியோ"},{"$i":"select-button","ariaLabel":"தேர்ந்தெடுக்கவும்"},{"$i":"delete-button","ariaLabel":"நீக்கு"},{"$i":"share-button","ariaLabel":"பகிர்"},{"$i":"info-view","ariaLabel":"தகவல்"},{"$i":"options-view","ariaLabel":"விருப்பங்கள்"},{"$i":"confirm-dialog","ariaLabel":"உறுதிசெய்க"},{"$i":"videos-list","ariaLabel":"வீடியோக்கள்"},{"$i":"options-more","ariaLabel":"மேலும்"},{"$i":"seek-backward","ariaLabel":"பின்னோக்கி தேடு"},{"$i":"seek-bar","ariaLabel":["சீக் பார், கால அளவு",{"t":"idOrVar","v":"duration"}]},{"$i":"seek-forward","ariaLabel":"முன்னோக்கி தேடு"},{"$i":"play-button","ariaLabel":"இயக்கு"},{"$i":"pause-button","ariaLabel":"இடைநிறுத்து"},{"$i":"fullscreen-button","ariaLabel":"ஃபுல் ஸ்கிரீன்"},{"$i":"show-controls-button","ariaLabel":"கட்டுப்பாடுகளைக் காட்டவும்"},{"$i":"hide-controls-button","ariaLabel":"கட்டுப்பாடுகளை மறைக்கவும்"},{"$i":"spinner-overlay","ariaValueText":"லோட் செய்கிறது"},{"$i":"confirmation-title","$v":"உறுதிப்படுத்துதல்"},{"$i":"n-video-deleted","$v":{"zero":"ஒன்றும் தேர்வுசெய்யப்படவில்லை","one":"வீடியோ நீக்கப்பட்டது","two":[{"t":"idOrVar","v":"n"}," வீடியோக்கள் நீக்கப்பட்டது"],"few":[{"t":"idOrVar","v":"n"}," வீடியோக்கள் நீக்கப்பட்டது"],"many":[{"t":"idOrVar","v":"n"}," வீடியோக்கள் நீக்கப்பட்டது"],"other":[{"t":"idOrVar","v":"n"}," வீடியோக்கள் நீக்கப்பட்டது"]},"$x":[{"t":"idOrVar","v":"plural"},"n"]},{"$i":"rename-saved","$v":"மாற்றங்கள் சேமிக்கப்பட்டது"},{"$i":"confirm-video","$v":"வீடியோ"},{"$i":"confirm-ok","$v":"சரி"},{"$i":"options-header","$v":"விருப்பங்கள்"},{"$i":"video-invalid-name","$v":"செல்லாத  பெயர்"},{"$i":"name-already-exists","$v":"இந்த பெயர் ஏற்கனவே உள்ளது"},{"$i":"override-warning-msg","$v":"ஏற்கனவே இருக்கும் ஃபைலில் நீங்கள் ஓவர்ரைட் செய்ய விரும்புகிறீர்களா?"},{"$i":"override","$v":"ஓவர்ரைடு"},{"$i":"opt-takevideo","$v":"வீடியோ எடுக்கவும்"},{"$i":"opt-select","$v":"தேர்ந்தெடுக்கவும்"},{"$i":"opt-delete","$v":"நீக்கு"},{"$i":"opt-rename","$v":"மறுபெயரிடு"},{"$i":"opt-selectmultiple","$v":"ஒன்றுக்கு மேற்பட்டதை தேர்ந்தெடு"},{"$i":"opt-fileinfo","$v":"ஃபைல் தகவல்"},{"$i":"opt-selectall","$v":"அனைத்தையும் தேர்ந்தெடு"},{"$i":"opt-deselectall","$v":"அனைத்தையும் தேர்வுநீக்கு"},{"$i":"opt-fullscreen","$v":"ஃபுல் ஸ்கிரீன்"},{"$i":"opt-play","$v":"இயக்கு"},{"$i":"opt-pause","$v":"இடைநிறுத்து"},{"$i":"weekday-0-long","$v":"ஞாயிறுக்கிழமை"},{"$i":"weekday-1-long","$v":"திங்கள்"},{"$i":"weekday-2-long","$v":"செவ்வாய்க்கிழமை"},{"$i":"weekday-3-long","$v":"புதன்கிழமை"},{"$i":"weekday-4-long","$v":"வியாழக்கிழமை"},{"$i":"weekday-5-long","$v":"வெள்ளி"},{"$i":"weekday-6-long","$v":"சனிக்கிழமை"},{"$i":"weekday-0-short","$v":"ஞாயிறுக்கிழமை"},{"$i":"weekday-1-short","$v":"திங்கள்"},{"$i":"weekday-2-short","$v":"செவ்வாய்க்கிழமை"},{"$i":"weekday-3-short","$v":"புதன்கிழமை"},{"$i":"weekday-4-short","$v":"வியாழன்"},{"$i":"weekday-5-short","$v":"வெள்ளி"},{"$i":"weekday-6-short","$v":"சனிக்கிழமை"},{"$i":"month-0-long","$v":"ஜனவரி"},{"$i":"month-1-long","$v":"பிப்ரவரி"},{"$i":"month-2-long","$v":"மார்ச்"},{"$i":"month-3-long","$v":"ஏப்ரல்"},{"$i":"month-4-long","$v":"மே"},{"$i":"month-5-long","$v":"ஜூன்"},{"$i":"month-6-long","$v":"ஜூலை"},{"$i":"month-7-long","$v":"ஆகஸ்ட்"},{"$i":"month-8-long","$v":"செப்டம்பர்"},{"$i":"month-9-long","$v":"அக்டோபர்"},{"$i":"month-10-long","$v":"நவம்பர்"},{"$i":"month-11-long","$v":"டிசம்பர்"},{"$i":"month-0-genitive","$v":"ஜனவரி"},{"$i":"month-1-genitive","$v":"பிப்ரவரி"},{"$i":"month-2-genitive","$v":"மார்ச்"},{"$i":"month-3-genitive","$v":"ஏப்ரல்"},{"$i":"month-4-genitive","$v":"மே"},{"$i":"month-5-genitive","$v":"ஜூன்"},{"$i":"month-6-genitive","$v":"ஜூலை"},{"$i":"month-7-genitive","$v":"ஆகஸ்ட்"},{"$i":"month-8-genitive","$v":"செப்டம்பர்"},{"$i":"month-9-genitive","$v":"அக்டோபர்"},{"$i":"month-10-genitive","$v":"நவம்பர்"},{"$i":"month-11-genitive","$v":"டிசம்பர்"},{"$i":"month-0-short","$v":"ஜனவரி"},{"$i":"month-1-short","$v":"பிப்ரவரி"},{"$i":"month-2-short","$v":"மார்ச்"},{"$i":"month-3-short","$v":"ஏப்ரல்"},{"$i":"month-4-short","$v":"மே"},{"$i":"month-5-short","$v":"ஜூன்"},{"$i":"month-6-short","$v":"ஜூலை"},{"$i":"month-7-short","$v":"ஆகஸ்ட்"},{"$i":"month-8-short","$v":"செப்டம்பர்"},{"$i":"month-9-short","$v":"அக்டோபர்"},{"$i":"month-10-short","$v":"நவம்பர்"},{"$i":"month-11-short","$v":"டிசம்பர்"},{"$i":"minutes-ago-long","$v":{"zero":"இப்போது தான்","one":"ஒரு நிமிடம் முன்பாக","two":[{"t":"idOrVar","v":"value"}," நிமிடங்களுக்கு முன்பு"],"few":[{"t":"idOrVar","v":"value"}," நிமிடங்களுக்கு முன்பு"],"many":[{"t":"idOrVar","v":"value"}," நிமிடங்களுக்கு முன்பு"],"other":[{"t":"idOrVar","v":"value"}," நிமிடங்களுக்கு முன்பு"]},"$x":[{"t":"idOrVar","v":"plural"},"value"]},{"$i":"hours-ago-long","$v":{"zero":"இப்போது தான்","one":"ஒரு மணிநேரம் முன்பாக","two":[{"t":"idOrVar","v":"value"}," மணிநேரங்களுக்கு முன்பு"],"few":[{"t":"idOrVar","v":"value"}," மணிநேரங்களுக்கு முன்பு"],"many":[{"t":"idOrVar","v":"value"}," மணிநேரங்களுக்கு முன்பு"],"other":[{"t":"idOrVar","v":"value"}," மணிநேரங்களுக்கு முன்பு"]},"$x":[{"t":"idOrVar","v":"plural"},"value"]},{"$i":"days-ago-long","$v":{"zero":"இன்று","one":"நேற்று","two":[{"t":"idOrVar","v":"value"}," நாட்களுக்கு முன்பு"],"few":[{"t":"idOrVar","v":"value"}," நாட்களுக்கு முன்பு"],"many":[{"t":"idOrVar","v":"value"}," நாட்களுக்கு முன்பு"],"other":[{"t":"idOrVar","v":"value"}," நாட்களுக்கு முன்பு"]},"$x":[{"t":"idOrVar","v":"plural"},"value"]},{"$i":"weeks-ago-long","$v":{"zero":"இந்த வாரம்","one":"கடந்த வாரம்","two":[{"t":"idOrVar","v":"value"}," வாரங்களுக்கு முன்பு"],"few":[{"t":"idOrVar","v":"value"}," வாரங்களுக்கு முன்பு"],"many":[{"t":"idOrVar","v":"value"}," வாரங்களுக்கு முன்பு"],"other":[{"t":"idOrVar","v":"value"}," வாரங்களுக்கு முன்பு"]},"$x":[{"t":"idOrVar","v":"plural"},"value"]},{"$i":"months-ago-long","$v":{"zero":"இந்த மாதம்","one":"கடந்த மாதம்","two":[{"t":"idOrVar","v":"value"}," மாதங்களுக்கு முன்பு"],"few":[{"t":"idOrVar","v":"value"}," மாதங்களுக்கு முன்பு"],"many":[{"t":"idOrVar","v":"value"}," மாதங்களுக்கு முன்பு"],"other":[{"t":"idOrVar","v":"value"}," மாதங்களுக்கு முன்பு"]},"$x":[{"t":"idOrVar","v":"plural"},"value"]},{"$i":"years-ago-long","$v":{"zero":"இந்த வருடம்","one":"கடந்த வருடம்","two":[{"t":"idOrVar","v":"value"}," வருடங்களுக்கு முன்பு"],"few":[{"t":"idOrVar","v":"value"}," வருடங்களுக்கு முன்பு"],"many":[{"t":"idOrVar","v":"value"}," வருடங்களுக்கு முன்பு"],"other":[{"t":"idOrVar","v":"value"}," வருடங்களுக்கு முன்பு"]},"$x":[{"t":"idOrVar","v":"plural"},"value"]},{"$i":"minutes-until-long","$v":{"zero":"இப்போதே","one":"ஒரு நிமிடத்தில்","two":[{"t":"idOrVar","v":"value"}," நிமிடங்களில்"],"few":[{"t":"idOrVar","v":"value"}," நிமிடங்களில்"],"many":[{"t":"idOrVar","v":"value"}," நிமிடங்களில்"],"other":[{"t":"idOrVar","v":"value"}," நிமிடங்களில்"]},"$x":[{"t":"idOrVar","v":"plural"},"value"]},{"$i":"hours-until-long","$v":{"zero":"இப்போதே","one":"ஒரு மணிநேரத்தில்","two":[{"t":"idOrVar","v":"value"}," மணிநேரங்களில்"],"few":[{"t":"idOrVar","v":"value"}," மணிநேரங்களில்"],"many":[{"t":"idOrVar","v":"value"}," மணிநேரங்களில்"],"other":[{"t":"idOrVar","v":"value"}," மணிநேரங்களில்"]},"$x":[{"t":"idOrVar","v":"plural"},"value"]},{"$i":"days-until-long","$v":{"zero":"இன்று","one":"நாளை","two":[{"t":"idOrVar","v":"value"}," நாட்களில்"],"few":[{"t":"idOrVar","v":"value"}," நாட்களில்"],"many":[{"t":"idOrVar","v":"value"}," நாட்களில்"],"other":[{"t":"idOrVar","v":"value"}," நாட்களில்"]},"$x":[{"t":"idOrVar","v":"plural"},"value"]},{"$i":"weeks-until-long","$v":{"zero":"இந்த வாரம்","one":"அடுத்த வாரம்","two":[{"t":"idOrVar","v":"value"}," வாரங்களில்"],"few":[{"t":"idOrVar","v":"value"}," வாரங்களில்"],"many":[{"t":"idOrVar","v":"value"}," வாரங்களில்"],"other":[{"t":"idOrVar","v":"value"}," வாரங்களில்"]},"$x":[{"t":"idOrVar","v":"plural"},"value"]},{"$i":"months-until-long","$v":{"zero":"இந்த மாதம்","one":"அடுத்த மாதம்","two":[{"t":"idOrVar","v":"value"}," மாதங்களில்"],"few":[{"t":"idOrVar","v":"value"}," மாதங்களில்"],"many":[{"t":"idOrVar","v":"value"}," மாதங்களில்"],"other":[{"t":"idOrVar","v":"value"}," மாதங்களில்"]},"$x":[{"t":"idOrVar","v":"plural"},"value"]},{"$i":"years-until-long","$v":{"zero":"இந்த வருடம்","one":"அடுத்த ஆண்டு","two":[{"t":"idOrVar","v":"value"}," வருடங்களில்"],"few":[{"t":"idOrVar","v":"value"}," வருடங்களில்"],"many":[{"t":"idOrVar","v":"value"}," வருடங்களில்"],"other":[{"t":"idOrVar","v":"value"}," வருடங்களில்"]},"$x":[{"t":"idOrVar","v":"plural"},"value"]},{"$i":"minutes-ago-short","$v":{"zero":"இப்போது தான்","other":[{"t":"idOrVar","v":"value"},"நிமிடம் முன்பு"]},"$x":[{"t":"idOrVar","v":"plural"},"value"]},{"$i":"hours-ago-short","$v":{"zero":"இப்போது தான்","other":[{"t":"idOrVar","v":"value"},"மணிநேரம் முன்பு"]},"$x":[{"t":"idOrVar","v":"plural"},"value"]},{"$i":"days-ago-short","$v":{"zero":"இன்று","other":[{"t":"idOrVar","v":"value"},"நாள் முன்பு"]},"$x":[{"t":"idOrVar","v":"plural"},"value"]},{"$i":"minutes-until-short","$v":{"zero":"இப்போதே","other":[{"t":"idOrVar","v":"value"},"நிமிடத்தில்"]},"$x":[{"t":"idOrVar","v":"plural"},"value"]},{"$i":"hours-until-short","$v":{"zero":"இப்போதே","other":[{"t":"idOrVar","v":"value"},"மணிநேரத்தில்"]},"$x":[{"t":"idOrVar","v":"plural"},"value"]},{"$i":"days-until-short","$v":{"zero":"இன்று","other":[{"t":"idOrVar","v":"value"},"நாள் இல்"]},"$x":[{"t":"idOrVar","v":"plural"},"value"]},{"$i":"incorrectDate","$v":"(தவறான தேதி)"},{"$i":"dateTimeFormat_%c","$v":"%a %b %e %Y %I:%M:%S %p"},{"$i":"dateTimeFormat_%x","$v":"%m/%d/%Y"},{"$i":"dateTimeFormat_%X","$v":"%I:%M:%S %p"},{"$i":"shortTimeFormat","$v":"%I:%M %p"},{"$i":"shortTimeFormat12","$v":"%I:%M %p"},{"$i":"shortTimeFormat24","$v":"%H:%M"},{"$i":"shortDateTimeFormat","$v":"%x %I:%M %p"},{"$i":"weekStartsOnMonday","$v":"0"},{"$i":"firstDayOfTheWeek","$v":"0"},{"$i":"time_am","$v":"AM"},{"$i":"time_pm","$v":"PM"},{"$i":"softkey-options","$v":"விருப்பங்கள்"}]