[{"$i":"done","$v":"పూర్తయింది"},{"$i":"number-selected2","$v":{"zero":[{"t":"idOrVar","v":"n"}," ఎంచుకోబడింది"],"one":[{"t":"idOrVar","v":"n"}," ఎంచుకోబడింది"],"two":[{"t":"idOrVar","v":"n"}," ఎంచుకోబడింది"],"few":[{"t":"idOrVar","v":"n"}," ఎంచుకోబడింది"],"many":[{"t":"idOrVar","v":"n"}," ఎంచుకోబడింది"],"other":[{"t":"idOrVar","v":"n"}," ఎంచుకోబడింది"]},"$x":[{"t":"idOrVar","v":"plural"},"n"]},{"$i":"delete-n-items?","$v":{"zero":"ఏదీ ఎంచుకోలేదు","one":"ఎంచుకున్న వీడియోను తొలగించాలా?","two":[{"t":"idOrVar","v":"n"}," వీడియోలను తొలగించాలా?"],"few":[{"t":"idOrVar","v":"n"}," వీడియోలను తొలగించాలా?"],"many":[{"t":"idOrVar","v":"n"}," వీడియోలను తొలగించాలా?"],"other":[{"t":"idOrVar","v":"n"}," వీడియోలను తొలగించాలా?"]},"$x":[{"t":"idOrVar","v":"plural"},"n"]},{"$i":"share-noprovider","$v":"ఒక సమయంలో ఒకే వీడియోను భాగస్వామ్యం చేయడం ప్రయత్నించండి."},{"$i":"videos","$v":"వీడియోలు"},{"$i":"cancel","$v":"రద్దు చేయి"},{"$i":"delete-video?","$v":"ఎంచుకున్న వీడియోను తొలగించాలా?"},{"$i":"empty-title","$v":"ప్రారంభించడానికి వీడియోలను జోడించు"},{"$i":"empty-text","$v":"వీడియోలు ఏవీ అందుబాటులో లేవు."},{"$i":"nocard2-title","$v":"మెమరీ కార్డ్ కనబడలేదు"},{"$i":"nocard3-text","$v":"మెమరీ కార్డ్ కనబడలేదు. దయచేసి వీడియోలను తీయడానికి మెమరీ కార్డ్‌ను పెట్టండి"},{"$i":"pluggedin-title","$v":"ప్లగిన్ అయి ఉన్నప్పుడు వీడియోను చూడలేరు"},{"$i":"pluggedin-text","$v":"డివైస్ స్టోరేజ్ ప్రస్తుతం ఉపయోగించబడుతోంది. వీడియోలు తీయడానికి దయచేసి ఫోన్‌ని అన్‌ప్లగ్ చేయండి"},{"$i":"upgrade-title","$v":"డేటాబేస్ అప్‌గ్రేడ్"},{"$i":"upgrade-text","$v":"వీడియో దాని డేటాబేస్‌ను అప్‌డేట్ చేస్తున్నప్పుడు దయచేసి వేచి ఉండండి"},{"$i":"confirm-delete","$v":"మీరు తొలగించాలనుకుంటున్నారా:"},{"$i":"pick-title","$v":"వీడియోని ఎంచుకోండి"},{"$i":"save","$v":"సేవ్ చేయి"},{"$i":"saved","$v":"వీడియో లైబ్రరీకి సేవ్ చేయబడింది."},{"$i":"error-network","$v":"నెట్‌వర్క్ లోపం కారణందా వీడియో డౌన్‌లోడ్ చేయడం సాధ్యపడలేదు."},{"$i":"error-unsupported","$v":"వీడియోను ప్లే చేయలేరు: సర్వర్ లేదా నెట్‌వర్క్ వైఫల్యం కారణం కావచ్చు లేదా ఫార్మాట్ సపోర్ట్ చేయకపోవచ్చు"},{"$i":"error-unknown","$v":"తెలియని వీడియో లోపం ఏర్పడింది."},{"$i":"video-hardware-in-use-title","$v":"వీడియో ప్లే అవ్వదు"},{"$i":"video-hardware-in-use-text","$v":"మరో యాప్ ప్రస్తుతం వీడియో ప్లేయర్ ఉపయోగిస్తోంది."},{"$i":"overlay-cancel-button","$v":"రద్దు చేయి"},{"$i":"overlay-camera-button","$v":"కెమెరాకు వెళ్లు"},{"$i":"name-label","$v":"పేరు"},{"$i":"length-label","$v":"పొడవు"},{"$i":"size-label","$v":"సైజు"},{"$i":"video-type-label","$v":"వీడియో రకం"},{"$i":"date-taken-label","$v":"తీసుకున్న తేదీ"},{"$i":"resolution-label","$v":"రిజల్యూషన్"},{"$i":"close-button","$v":"మూసివేయి"},{"$i":"byteUnit-B","$v":"బైట్స్"},{"$i":"byteUnit-KB","$v":"KB"},{"$i":"byteUnit-MB","$v":"MB"},{"$i":"byteUnit-GB","$v":"GB"},{"$i":"byteUnit-TB","$v":"TB"},{"$i":"byteUnit-PB","$v":"PB"},{"$i":"byteUnit-EB","$v":"EB"},{"$i":"byteUnit-ZB","$v":"ZB"},{"$i":"byteUnit-YB","$v":"YB"},{"$i":"date-group-header","$v":"%B %Y"},{"$i":"share","$v":"పంచుకోండి"},{"$i":"more-info","$v":"మరింత సమాచారం"},{"$i":"delete","$v":"తొలగించు"},{"$i":"video-button","ariaLabel":"వీడియో"},{"$i":"select-button","ariaLabel":"ఎంచుకోండి"},{"$i":"delete-button","ariaLabel":"తొలగించు"},{"$i":"share-button","ariaLabel":"పంచుకోండి"},{"$i":"info-view","ariaLabel":"సమాచారం"},{"$i":"options-view","ariaLabel":"ఎంపికలు"},{"$i":"confirm-dialog","ariaLabel":"నిర్ధారించండి"},{"$i":"videos-list","ariaLabel":"వీడియోలు"},{"$i":"options-more","ariaLabel":"మరికొన్ని"},{"$i":"seek-backward","ariaLabel":"వెనుకవైపు వెతుకు"},{"$i":"seek-bar","ariaLabel":["బార్‌ను వెతుకు, వ్యవధి ",{"t":"idOrVar","v":"duration"}]},{"$i":"seek-forward","ariaLabel":"ముందువైపు వెతుకు"},{"$i":"play-button","ariaLabel":"ప్లే చేయి"},{"$i":"pause-button","ariaLabel":"పాజ్ చేయి"},{"$i":"fullscreen-button","ariaLabel":"పూర్తి స్క్రీన్"},{"$i":"show-controls-button","ariaLabel":"కంట్రోల్స్ చూపు"},{"$i":"hide-controls-button","ariaLabel":"కంట్రోల్స్ దాచు"},{"$i":"spinner-overlay","ariaValueText":"లోడింగ్"},{"$i":"confirmation-title","$v":"నిర్ధారణ"},{"$i":"n-video-deleted","$v":{"zero":"ఏదీ ఎంచుకోలేదు","one":"వీడియో తొలగించబడింది","two":[{"t":"idOrVar","v":"n"}," వీడియోలు తొలగించబడ్డాయి"],"few":[{"t":"idOrVar","v":"n"}," వీడియోలు తొలగించబడ్డాయి"],"many":[{"t":"idOrVar","v":"n"}," వీడియోలు తొలగించబడ్డాయి"],"other":[{"t":"idOrVar","v":"n"}," వీడియోలు తొలగించబడ్డాయి"]},"$x":[{"t":"idOrVar","v":"plural"},"n"]},{"$i":"rename-saved","$v":"మార్పులు సేవ్ చేయబడ్డాయి"},{"$i":"confirm-video","$v":"వీడియో"},{"$i":"confirm-ok","$v":"సరే"},{"$i":"options-header","$v":"ఎంపికలు"},{"$i":"video-invalid-name","$v":"చెల్లని పేరు"},{"$i":"name-already-exists","$v":"ఈ పేరు ఇప్పటికే ఉనికిలో ఉంది"},{"$i":"override-warning-msg","$v":"మీరు ఇప్పటికే ఉన్న ఫైల్‌ను ఓవర్‌రైడ్ చేయాలనుకుంటున్నారా?"},{"$i":"override","$v":"ఓవర్‌రైడ్ చేయి"},{"$i":"opt-takevideo","$v":"వీడియో తీయు"},{"$i":"opt-select","$v":"ఎంచుకోండి"},{"$i":"opt-delete","$v":"తొలగించు"},{"$i":"opt-rename","$v":"పేరు మార్చు"},{"$i":"opt-selectmultiple","$v":"అనేకవాటిని ఎంచుకోండి"},{"$i":"opt-fileinfo","$v":"ఫైల్ సమాచారం"},{"$i":"opt-selectall","$v":"అన్నీ ఎంచుకోండి"},{"$i":"opt-deselectall","$v":"అన్నీ ఎంపికలను తీసివేయి"},{"$i":"opt-fullscreen","$v":"పూర్తి స్క్రీన్"},{"$i":"opt-play","$v":"ప్లే చేయి"},{"$i":"opt-pause","$v":"పాజ్ చేయి"},{"$i":"weekday-0-long","$v":"ఆదివారం"},{"$i":"weekday-1-long","$v":"సోమవారం"},{"$i":"weekday-2-long","$v":"మంగళవారం"},{"$i":"weekday-3-long","$v":"బుధవారం"},{"$i":"weekday-4-long","$v":"గురువారం"},{"$i":"weekday-5-long","$v":"శుక్రవారం"},{"$i":"weekday-6-long","$v":"శనివారం"},{"$i":"weekday-0-short","$v":"ఆది"},{"$i":"weekday-1-short","$v":"సోమ"},{"$i":"weekday-2-short","$v":"మంగళ"},{"$i":"weekday-3-short","$v":"బుధ"},{"$i":"weekday-4-short","$v":"గురు"},{"$i":"weekday-5-short","$v":"శుక్ర"},{"$i":"weekday-6-short","$v":"శని"},{"$i":"month-0-long","$v":"జనవరి"},{"$i":"month-1-long","$v":"ఫిబ్రవరి"},{"$i":"month-2-long","$v":"మార్చి"},{"$i":"month-3-long","$v":"ఏప్రిల్"},{"$i":"month-4-long","$v":"మే"},{"$i":"month-5-long","$v":"జూన్"},{"$i":"month-6-long","$v":"జూలై"},{"$i":"month-7-long","$v":"ఆగష్టు"},{"$i":"month-8-long","$v":"సెప్టెంబరు"},{"$i":"month-9-long","$v":"అక్టోబర్"},{"$i":"month-10-long","$v":"నవంబర్"},{"$i":"month-11-long","$v":"డిసెంబర్"},{"$i":"month-0-genitive","$v":"జనవరి"},{"$i":"month-1-genitive","$v":"ఫిబ్రవరి"},{"$i":"month-2-genitive","$v":"మార్చి"},{"$i":"month-3-genitive","$v":"ఏప్రిల్"},{"$i":"month-4-genitive","$v":"మే"},{"$i":"month-5-genitive","$v":"జూన్"},{"$i":"month-6-genitive","$v":"జూలై"},{"$i":"month-7-genitive","$v":"ఆగష్టు"},{"$i":"month-8-genitive","$v":"సెప్టెంబరు"},{"$i":"month-9-genitive","$v":"అక్టోబర్"},{"$i":"month-10-genitive","$v":"నవంబర్"},{"$i":"month-11-genitive","$v":"డిసెంబర్"},{"$i":"month-0-short","$v":"జనవరి"},{"$i":"month-1-short","$v":"ఫిబ్రవరి"},{"$i":"month-2-short","$v":"మార్చి"},{"$i":"month-3-short","$v":"ఏప్రిల్"},{"$i":"month-4-short","$v":"మే"},{"$i":"month-5-short","$v":"జూన్"},{"$i":"month-6-short","$v":"జూలై"},{"$i":"month-7-short","$v":"ఆగష్టు"},{"$i":"month-8-short","$v":"సెప్టెంబరు"},{"$i":"month-9-short","$v":"అక్టోబర్"},{"$i":"month-10-short","$v":"నవంబర్"},{"$i":"month-11-short","$v":"డిసెంబర్"},{"$i":"minutes-ago-long","$v":{"zero":"ఇప్పుడే","one":"నిమిషం క్రితం","two":[{"t":"idOrVar","v":"value"}," నిమిషాల క్రితం"],"few":[{"t":"idOrVar","v":"value"}," నిమిషాల క్రితం"],"many":[{"t":"idOrVar","v":"value"}," నిమిషాల క్రితం"],"other":[{"t":"idOrVar","v":"value"}," నిమిషాల క్రితం"]},"$x":[{"t":"idOrVar","v":"plural"},"value"]},{"$i":"hours-ago-long","$v":{"zero":"ఇప్పుడే","one":"గంట క్రితం","two":[{"t":"idOrVar","v":"value"}," గంటల క్రితం"],"few":[{"t":"idOrVar","v":"value"}," గంటల క్రితం"],"many":[{"t":"idOrVar","v":"value"}," గంటల క్రితం"],"other":[{"t":"idOrVar","v":"value"}," గంటల క్రితం"]},"$x":[{"t":"idOrVar","v":"plural"},"value"]},{"$i":"days-ago-long","$v":{"zero":"ఈరోజు","one":"నిన్న","two":[{"t":"idOrVar","v":"value"}," రోజుల క్రితం"],"few":[{"t":"idOrVar","v":"value"}," రోజుల క్రితం"],"many":[{"t":"idOrVar","v":"value"}," రోజుల క్రితం"],"other":[{"t":"idOrVar","v":"value"}," రోజుల క్రితం"]},"$x":[{"t":"idOrVar","v":"plural"},"value"]},{"$i":"weeks-ago-long","$v":{"zero":"ఈ వారం","one":"గత వారం","two":[{"t":"idOrVar","v":"value"}," వారాల క్రితం"],"few":[{"t":"idOrVar","v":"value"}," వారాల క్రితం"],"many":[{"t":"idOrVar","v":"value"}," వారాల క్రితం"],"other":[{"t":"idOrVar","v":"value"}," వారాల క్రితం"]},"$x":[{"t":"idOrVar","v":"plural"},"value"]},{"$i":"months-ago-long","$v":{"zero":"ఈ నెల","one":"గత నెల","two":[{"t":"idOrVar","v":"value"}," నెలల క్రితం"],"few":[{"t":"idOrVar","v":"value"}," నెలల క్రితం"],"many":[{"t":"idOrVar","v":"value"}," నెలల క్రితం"],"other":[{"t":"idOrVar","v":"value"}," నెలల క్రితం"]},"$x":[{"t":"idOrVar","v":"plural"},"value"]},{"$i":"years-ago-long","$v":{"zero":"ఈ సంవత్సరం","one":"గత సంవత్సరం","two":[{"t":"idOrVar","v":"value"}," సంవత్సరాల క్రితం"],"few":[{"t":"idOrVar","v":"value"}," సంవత్సరాల క్రితం"],"many":[{"t":"idOrVar","v":"value"}," సంవత్సరాల క్రితం"],"other":[{"t":"idOrVar","v":"value"}," సంవత్సరాల క్రితం"]},"$x":[{"t":"idOrVar","v":"plural"},"value"]},{"$i":"minutes-until-long","$v":{"zero":"ఇప్పుడు","one":"నిమిషంలో","two":[{"t":"idOrVar","v":"value"}," నిమిషాల్లో"],"few":[{"t":"idOrVar","v":"value"}," నిమిషాల్లో"],"many":[{"t":"idOrVar","v":"value"}," నిమిషాల్లో"],"other":[{"t":"idOrVar","v":"value"}," నిమిషాల్లో"]},"$x":[{"t":"idOrVar","v":"plural"},"value"]},{"$i":"hours-until-long","$v":{"zero":"ఇప్పుడు","one":"గంటలో","two":[{"t":"idOrVar","v":"value"}," గంటల్లో"],"few":[{"t":"idOrVar","v":"value"}," గంటల్లో"],"many":[{"t":"idOrVar","v":"value"}," గంటల్లో"],"other":[{"t":"idOrVar","v":"value"}," గంటల్లో"]},"$x":[{"t":"idOrVar","v":"plural"},"value"]},{"$i":"days-until-long","$v":{"zero":"ఈరోజు","one":"రేపు","two":[{"t":"idOrVar","v":"value"}," రోజుల్లో"],"few":[{"t":"idOrVar","v":"value"}," రోజుల్లో"],"many":[{"t":"idOrVar","v":"value"}," రోజుల్లో"],"other":[{"t":"idOrVar","v":"value"}," రోజుల్లో"]},"$x":[{"t":"idOrVar","v":"plural"},"value"]},{"$i":"weeks-until-long","$v":{"zero":"ఈ వారం","one":"తదుపరి వారం","two":[{"t":"idOrVar","v":"value"}," వారాల్లో"],"few":[{"t":"idOrVar","v":"value"}," వారాల్లో"],"many":[{"t":"idOrVar","v":"value"}," వారాల్లో"],"other":[{"t":"idOrVar","v":"value"}," వారాల్లో"]},"$x":[{"t":"idOrVar","v":"plural"},"value"]},{"$i":"months-until-long","$v":{"zero":"ఈ నెల","one":"తదుపరి నెల","two":[{"t":"idOrVar","v":"value"}," నెలల్లో"],"few":[{"t":"idOrVar","v":"value"}," నెలల్లో"],"many":[{"t":"idOrVar","v":"value"}," నెలల్లో"],"other":[{"t":"idOrVar","v":"value"}," నెలల్లో"]},"$x":[{"t":"idOrVar","v":"plural"},"value"]},{"$i":"years-until-long","$v":{"zero":"ఈ సంవత్సరం","one":"తదుపరి సంవత్సరం","two":"{value}} సంవత్సరాల్లో","few":"{value}} సంవత్సరాల్లో","many":"{value}} సంవత్సరాల్లో","other":"{value}} సంవత్సరాల్లో"},"$x":[{"t":"idOrVar","v":"plural"},"value"]},{"$i":"minutes-ago-short","$v":{"zero":"ఇప్పుడే","other":[{"t":"idOrVar","v":"value"},"నిమిషం క్రితం"]},"$x":[{"t":"idOrVar","v":"plural"},"value"]},{"$i":"hours-ago-short","$v":{"zero":"ఇప్పుడే","other":[{"t":"idOrVar","v":"value"},"గంట క్రితం"]},"$x":[{"t":"idOrVar","v":"plural"},"value"]},{"$i":"days-ago-short","$v":{"zero":"ఈరోజు","other":[{"t":"idOrVar","v":"value"},"రోజు క్రితం"]},"$x":[{"t":"idOrVar","v":"plural"},"value"]},{"$i":"minutes-until-short","$v":{"zero":"ఇప్పుడు","other":[{"t":"idOrVar","v":"value"},"నిమిషాల్లో"]},"$x":[{"t":"idOrVar","v":"plural"},"value"]},{"$i":"hours-until-short","$v":{"zero":"ఇప్పుడు","other":[{"t":"idOrVar","v":"value"},"గంటలో"]},"$x":[{"t":"idOrVar","v":"plural"},"value"]},{"$i":"days-until-short","$v":{"zero":"ఈరోజు","other":[{"t":"idOrVar","v":"value"},"తేదీలో"]},"$x":[{"t":"idOrVar","v":"plural"},"value"]},{"$i":"incorrectDate","$v":"(తప్పుగా ఉన్న తేదీ)"},{"$i":"dateTimeFormat_%c","$v":"%a %b %e %Y %I:%M:%S %p"},{"$i":"dateTimeFormat_%x","$v":"%m/%d/%Y"},{"$i":"dateTimeFormat_%X","$v":"%I:%M:%S %p"},{"$i":"shortTimeFormat","$v":"%I:%M %p"},{"$i":"shortTimeFormat12","$v":"%I:%M %p"},{"$i":"shortTimeFormat24","$v":"%H:%M"},{"$i":"shortDateTimeFormat","$v":"%x %I:%M %p"},{"$i":"weekStartsOnMonday","$v":"0"},{"$i":"firstDayOfTheWeek","$v":"0"},{"$i":"time_am","$v":"AM"},{"$i":"time_pm","$v":"PM"},{"$i":"softkey-options","$v":"ఎంపికలు"}]