[{"$i":"done","$v":"मावफुंबाय"},{"$i":"number-selected2","$v":{"zero":[{"t":"idOrVar","v":"n"}," सायखजाबाय"],"one":[{"t":"idOrVar","v":"n"}," सायखजाबाय"],"two":[{"t":"idOrVar","v":"n"}," सायखजाबाय"],"few":[{"t":"idOrVar","v":"n"}," सायखजाबाय"],"many":[{"t":"idOrVar","v":"n"}," सायखजाबाय"],"other":[{"t":"idOrVar","v":"n"}," सायखजाबाय"]},"$x":[{"t":"idOrVar","v":"plural"},"n"]},{"$i":"delete-n-items?","$v":{"zero":"सायखनाङा","one":"सायख'जानाय भिडियखौ खोमोर?","two":[{"t":"idOrVar","v":"n"}," भिडियफोरखौ खोमोर?"],"few":[{"t":"idOrVar","v":"n"}," भिडियफोरखौ खोमोर?"],"many":[{"t":"idOrVar","v":"n"}," भिडियफोरखौ खोमोर?"],"other":[{"t":"idOrVar","v":"n"}," भिडियफोरखौ खोमोर?"]},"$x":[{"t":"idOrVar","v":"plural"},"n"]},{"$i":"share-noprovider","$v":"खनसेयाव मोनसेल भिडिअ हरलायनो नाजा৷"},{"$i":"videos","$v":"भिडिअ’फोर"},{"$i":"cancel","$v":"दान"},{"$i":"delete-video?","$v":"सायख'जानाय भिडियखौ खोमोर?"},{"$i":"empty-title","$v":"जागायजेननो थाखाय भिडिय दाजाब"},{"$i":"empty-text","$v":"भिदिअ'फोरा थोजासे गैया৷"},{"$i":"nocard2-title","$v":"लाखिथुमग्रा मोनाखै"},{"$i":"nocard3-text","$v":"लाखिथुमग्रा मोनाखै अन्नानै मोनसे लाखिथुमग्रा सो भिदिअ'फोर लानो৷"},{"$i":"pluggedin-title","$v":"प्लग इन खालामोब्ला भिडिअ' नायजाया"},{"$i":"pluggedin-text","$v":"डिभाइस ष्टरेजखौ बाहायबाय थानाय जादों । अननानै फनखौ भिडिय खेबनो आनप्लाग खालामनाङा ।"},{"$i":"upgrade-title","$v":"डेटाबेस आपग्रेड"},{"$i":"upgrade-text","$v":"जेब्ला भडिअनि डेताबेसखौ आफडेट खालामो अब्ला दसेसम अननानै नेथ’৷"},{"$i":"confirm-delete","$v":"मा नों थारैनो खोमोरनो नागिरदों:"},{"$i":"pick-title","$v":"मोनसे भिडिय सायख'"},{"$i":"save","$v":"चेब खालाम"},{"$i":"saved","$v":"भिडिअ' बाख्रियाव सेफ जाबाय৷"},{"$i":"error-network","$v":"मोनसे नेतवर्क गोरोन्थिनि थाखै भिदियखौ दाउनलद खालामनो हाया৷"},{"$i":"error-unsupported","$v":"भिडिअ'आ नायजायाखै: सार्भार नङाब्ला नेटवार्कआ गैया जानो हागौ एबा फरमेटआ गनायथि जायाखै৷"},{"$i":"error-unknown","$v":"मोनसे सिनायि भिडिय जेंना नुजादोंमोन৷"},{"$i":"video-hardware-in-use-title","$v":"भिडिय खुलिनो हाया"},{"$i":"video-hardware-in-use-text","$v":"गुबुन मोनसे एपा भिडिय प्लेयारखौ बाहायबाय थादों৷"},{"$i":"overlay-cancel-button","$v":"दान"},{"$i":"overlay-camera-button","$v":"केमेरायाव थां"},{"$i":"name-label","$v":"मुं"},{"$i":"length-label","$v":"गोलाव"},{"$i":"size-label","$v":"महर"},{"$i":"video-type-label","$v":"भिडिअ'नि रोखोम"},{"$i":"date-taken-label","$v":"लाखानाय सम"},{"$i":"resolution-label","$v":"थिरांथालाखानाय"},{"$i":"close-button","$v":"बन्द’ खालाम"},{"$i":"byteUnit-B","$v":"बाइटस"},{"$i":"byteUnit-KB","$v":"KB"},{"$i":"byteUnit-MB","$v":"MB"},{"$i":"byteUnit-GB","$v":"GB"},{"$i":"byteUnit-TB","$v":"TB"},{"$i":"byteUnit-PB","$v":"PB"},{"$i":"byteUnit-EB","$v":"EB"},{"$i":"byteUnit-ZB","$v":"ZB"},{"$i":"byteUnit-YB","$v":"YB"},{"$i":"date-group-header","$v":"%B %Y"},{"$i":"share","$v":"चेयार खालाम"},{"$i":"more-info","$v":"गोबां मिथिहोनाय"},{"$i":"delete","$v":"दान"},{"$i":"video-button","ariaLabel":"भिडिअ"},{"$i":"select-button","ariaLabel":"सायख'"},{"$i":"delete-button","ariaLabel":"दान"},{"$i":"share-button","ariaLabel":"चेयार खालाम"},{"$i":"info-view","ariaLabel":"इनफ"},{"$i":"options-view","ariaLabel":"राहाफोर"},{"$i":"confirm-dialog","ariaLabel":"कनपार्म खालाम"},{"$i":"videos-list","ariaLabel":"भिडिअ’फोर"},{"$i":"options-more","ariaLabel":"बांसिन"},{"$i":"seek-backward","ariaLabel":"उनथिं नाय"},{"$i":"seek-bar","ariaLabel":["बारखौ नाय, सम ",{"t":"idOrVar","v":"duration"}]},{"$i":"seek-forward","ariaLabel":"सिगांथिं नाय"},{"$i":"play-button","ariaLabel":"प्ले खालाम"},{"$i":"pause-button","ariaLabel":"थाद'"},{"$i":"fullscreen-button","ariaLabel":"फुल स्क्रिन"},{"$i":"show-controls-button","ariaLabel":"कनट्रलखौ दिन्थि"},{"$i":"hide-controls-button","ariaLabel":"कनट्रलफोरखौ दोनखोमानाय"},{"$i":"spinner-overlay","ariaValueText":"लड जागासिनि"},{"$i":"confirmation-title","$v":"थि मिथिथाइ"},{"$i":"n-video-deleted","$v":{"zero":"सायखनाङा","one":"भिडिअ'आ दानगारजाबाय","two":[{"t":"idOrVar","v":"n"}," भिडिअ'आ दानगारजाबाय"],"few":[{"t":"idOrVar","v":"n"}," भिडिअ'आ दानगारजाबाय"],"many":[{"t":"idOrVar","v":"n"}," भिडिअ'आ दानगारजाबाय"],"other":[{"t":"idOrVar","v":"n"}," भिडिअ'आ दानगारजाबाय"]},"$x":[{"t":"idOrVar","v":"plural"},"n"]},{"$i":"rename-saved","$v":"सोलायनायखौ सेभ खालामबाय"},{"$i":"confirm-video","$v":"भिडिअ"},{"$i":"confirm-ok","$v":"जागोन"},{"$i":"options-header","$v":"राहाफोर"},{"$i":"video-invalid-name","$v":"खान्थि गैयै मुं"},{"$i":"name-already-exists","$v":"बे मुङा दखायो"},{"$i":"override-warning-msg","$v":"नोंथाङा थाखानाय फाइलनि सायाव लिरदेरनो लुबैयो नामा?"},{"$i":"override","$v":"नेवसि"},{"$i":"opt-takevideo","$v":"भिदिय बानाय"},{"$i":"opt-select","$v":"सायख'"},{"$i":"opt-delete","$v":"दान"},{"$i":"opt-rename","$v":"मुं लिरफिन"},{"$i":"opt-selectmultiple","$v":"गोबां सायख'"},{"$i":"opt-fileinfo","$v":"फाइल इनफ"},{"$i":"opt-selectall","$v":"गासैखौबो सायख'"},{"$i":"opt-deselectall","$v":"गासैखौबो सायख'नाङा"},{"$i":"opt-fullscreen","$v":"फुल स्क्रिन"},{"$i":"opt-play","$v":"प्ले खालाम"},{"$i":"opt-pause","$v":"थाद'"},{"$i":"weekday-0-long","$v":"रुबिबार"},{"$i":"weekday-1-long","$v":"समबार"},{"$i":"weekday-2-long","$v":"मंगलबार"},{"$i":"weekday-3-long","$v":"बुधबार"},{"$i":"weekday-4-long","$v":"बिस्थिबार"},{"$i":"weekday-5-long","$v":"सक्रुबार"},{"$i":"weekday-6-long","$v":"सनिबार"},{"$i":"weekday-0-short","$v":"सान"},{"$i":"weekday-1-short","$v":"मन"},{"$i":"weekday-2-short","$v":"मंगल"},{"$i":"weekday-3-short","$v":"वेब"},{"$i":"weekday-4-short","$v":"टिएइचइउ"},{"$i":"weekday-5-short","$v":"फ्रि"},{"$i":"weekday-6-short","$v":"सेट"},{"$i":"month-0-long","$v":"जानुवारि"},{"$i":"month-1-long","$v":"फेब्रुवारि"},{"$i":"month-2-long","$v":"मार्च"},{"$i":"month-3-long","$v":"एप्रिल"},{"$i":"month-4-long","$v":"मे"},{"$i":"month-5-long","$v":"जुन"},{"$i":"month-6-long","$v":"जुलाइ"},{"$i":"month-7-long","$v":"आगष्ट"},{"$i":"month-8-long","$v":"सेप्तेम्बार"},{"$i":"month-9-long","$v":"अक्ट'बर"},{"$i":"month-10-long","$v":"नभेमबर"},{"$i":"month-11-long","$v":"दिसेम्बार"},{"$i":"month-0-genitive","$v":"जानुवारि"},{"$i":"month-1-genitive","$v":"फेब्रुवारि"},{"$i":"month-2-genitive","$v":"मार्च"},{"$i":"month-3-genitive","$v":"एप्रिल"},{"$i":"month-4-genitive","$v":"मे"},{"$i":"month-5-genitive","$v":"जुन"},{"$i":"month-6-genitive","$v":"जुलाइ"},{"$i":"month-7-genitive","$v":"आगष्ट"},{"$i":"month-8-genitive","$v":"सेप्तेम्बार"},{"$i":"month-9-genitive","$v":"अक्ट'बर"},{"$i":"month-10-genitive","$v":"नभेमबर"},{"$i":"month-11-genitive","$v":"दिसेम्बार"},{"$i":"month-0-short","$v":"जान"},{"$i":"month-1-short","$v":"फेब"},{"$i":"month-2-short","$v":"गाज्रि"},{"$i":"month-3-short","$v":"एप्रि"},{"$i":"month-4-short","$v":"मे"},{"$i":"month-5-short","$v":"जुन"},{"$i":"month-6-short","$v":"जुल"},{"$i":"month-7-short","$v":"आग"},{"$i":"month-8-short","$v":"सेप"},{"$i":"month-9-short","$v":"अक्ट'बर"},{"$i":"month-10-short","$v":"नभ"},{"$i":"month-11-short","$v":"दिस"},{"$i":"minutes-ago-long","$v":{"zero":"दाबावैसो","one":"से मिनिट सिगङाव","two":[{"t":"idOrVar","v":"value"}," मिनिट सिगां"],"few":[{"t":"idOrVar","v":"value"}," मिनिट सिगां"],"many":[{"t":"idOrVar","v":"value"}," मिनिट सिगां"],"other":[{"t":"idOrVar","v":"value"}," मिनिट सिगां"]},"$x":[{"t":"idOrVar","v":"plural"},"value"]},{"$i":"hours-ago-long","$v":{"zero":"दाबावैसो","one":"घन्टासे सिगाङाव","two":[{"t":"idOrVar","v":"value"}," घन्टा सिगां"],"few":[{"t":"idOrVar","v":"value"}," घन्टा सिगां"],"many":[{"t":"idOrVar","v":"value"}," घन्टा सिगां"],"other":[{"t":"idOrVar","v":"value"}," घन्टा सिगां"]},"$x":[{"t":"idOrVar","v":"plural"},"value"]},{"$i":"days-ago-long","$v":{"zero":"दिनै","one":"मैया","two":[{"t":"idOrVar","v":"value"}," सान सिगां"],"few":[{"t":"idOrVar","v":"value"}," सान सिगां"],"many":[{"t":"idOrVar","v":"value"}," सान सिगां"],"other":[{"t":"idOrVar","v":"value"}," सान सिगां"]},"$x":[{"t":"idOrVar","v":"plural"},"value"]},{"$i":"weeks-ago-long","$v":{"zero":"बे हबथा","one":"थांनाय हबथा","two":[{"t":"idOrVar","v":"value"}," हाबथा सिगां"],"few":[{"t":"idOrVar","v":"value"}," हाबथा सिगां"],"many":[{"t":"idOrVar","v":"value"}," हाबथा सिगां"],"other":[{"t":"idOrVar","v":"value"}," हाबथा सिगां"]},"$x":[{"t":"idOrVar","v":"plural"},"value"]},{"$i":"months-ago-long","$v":{"zero":"बे दान","one":"थांनाय दान","two":[{"t":"idOrVar","v":"value"}," दान सिगां"],"few":[{"t":"idOrVar","v":"value"}," दान सिगां"],"many":[{"t":"idOrVar","v":"value"}," दान सिगां"],"other":[{"t":"idOrVar","v":"value"}," दान सिगां"]},"$x":[{"t":"idOrVar","v":"plural"},"value"]},{"$i":"years-ago-long","$v":{"zero":"बे बोसोर","one":"थांनाय बोसोर","two":[{"t":"idOrVar","v":"value"}," बोसोर सिगां"],"few":[{"t":"idOrVar","v":"value"}," बोसोर सिगां"],"many":[{"t":"idOrVar","v":"value"}," बोसोर सिगां"],"other":[{"t":"idOrVar","v":"value"}," बोसोर सिगां"]},"$x":[{"t":"idOrVar","v":"plural"},"value"]},{"$i":"minutes-until-long","$v":{"zero":"दायो","one":"से मिनिटआव","two":[{"t":"idOrVar","v":"value"}," मिनिटआव"],"few":[{"t":"idOrVar","v":"value"}," मिनिटआव"],"many":[{"t":"idOrVar","v":"value"}," मिनिटआव"],"other":[{"t":"idOrVar","v":"value"}," मिनिटआव"]},"$x":[{"t":"idOrVar","v":"plural"},"value"]},{"$i":"hours-until-long","$v":{"zero":"दायो","one":"से घन्टायाव","two":[{"t":"idOrVar","v":"value"}," घन्टायाव"],"few":[{"t":"idOrVar","v":"value"}," घन्टायाव"],"many":[{"t":"idOrVar","v":"value"}," घन्टायाव"],"other":[{"t":"idOrVar","v":"value"}," घन्टायाव"]},"$x":[{"t":"idOrVar","v":"plural"},"value"]},{"$i":"days-until-long","$v":{"zero":"दिनै","one":"गाबोन","two":[{"t":"idOrVar","v":"value"}," सानफोराव"],"few":[{"t":"idOrVar","v":"value"}," सानफोराव"],"many":[{"t":"idOrVar","v":"value"}," सानफोराव"],"other":[{"t":"idOrVar","v":"value"}," सानफोराव"]},"$x":[{"t":"idOrVar","v":"plural"},"value"]},{"$i":"weeks-until-long","$v":{"zero":"बे हबथा","one":"फैगौ हबथा","two":[{"t":"idOrVar","v":"value"}," हबथाफोराव"],"few":[{"t":"idOrVar","v":"value"}," हबथाफोराव"],"many":[{"t":"idOrVar","v":"value"}," हबथाफोराव"],"other":[{"t":"idOrVar","v":"value"}," हबथाफोराव"]},"$x":[{"t":"idOrVar","v":"plural"},"value"]},{"$i":"months-until-long","$v":{"zero":"बे दान","one":"फैगौ दान","two":[{"t":"idOrVar","v":"value"}," दानफोराव"],"few":[{"t":"idOrVar","v":"value"}," दानफोराव"],"many":[{"t":"idOrVar","v":"value"}," दानफोराव"],"other":[{"t":"idOrVar","v":"value"}," दानफोराव"]},"$x":[{"t":"idOrVar","v":"plural"},"value"]},{"$i":"years-until-long","$v":{"zero":"बे बोसोर","one":"फैगौ बोसोर","two":[{"t":"idOrVar","v":"value"}," बोसोरफोराव"],"few":[{"t":"idOrVar","v":"value"}," बोसोरफोराव"],"many":[{"t":"idOrVar","v":"value"}," बोसोरफोराव"],"other":[{"t":"idOrVar","v":"value"}," बोसोरफोराव"]},"$x":[{"t":"idOrVar","v":"plural"},"value"]},{"$i":"minutes-ago-short","$v":{"zero":"दाबावैसो","other":[{"t":"idOrVar","v":"value"},"मिनिट सिगां"]},"$x":[{"t":"idOrVar","v":"plural"},"value"]},{"$i":"hours-ago-short","$v":{"zero":"दाबावैसो","other":[{"t":"idOrVar","v":"value"},"घन्टा सिगां"]},"$x":[{"t":"idOrVar","v":"plural"},"value"]},{"$i":"days-ago-short","$v":{"zero":"दिनै","other":[{"t":"idOrVar","v":"value"},"सान सिगां"]},"$x":[{"t":"idOrVar","v":"plural"},"value"]},{"$i":"minutes-until-short","$v":{"zero":"दायो","other":[{"t":"idOrVar","v":"value"},"मिनिटआव"]},"$x":[{"t":"idOrVar","v":"plural"},"value"]},{"$i":"hours-until-short","$v":{"zero":"दायो","other":[{"t":"idOrVar","v":"value"},"घन्टायाव"]},"$x":[{"t":"idOrVar","v":"plural"},"value"]},{"$i":"days-until-short","$v":{"zero":"दिनै","other":[{"t":"idOrVar","v":"value"},"सानाव"]},"$x":[{"t":"idOrVar","v":"plural"},"value"]},{"$i":"incorrectDate","$v":"(गोरोनथि अक्त)"},{"$i":"dateTimeFormat_%c","$v":"%a %b %e %Y %I:%M:%S %p"},{"$i":"dateTimeFormat_%x","$v":"%m/%d/%Y"},{"$i":"dateTimeFormat_%X","$v":"%I:%M:%S %p"},{"$i":"shortTimeFormat","$v":"%I:%M %p"},{"$i":"shortTimeFormat12","$v":"%I:%M %p"},{"$i":"shortTimeFormat24","$v":"%H:%M"},{"$i":"shortDateTimeFormat","$v":"%x %I:%M %p"},{"$i":"weekStartsOnMonday","$v":"0"},{"$i":"firstDayOfTheWeek","$v":"0"},{"$i":"time_am","$v":"AM"},{"$i":"time_pm","$v":"PM"},{"$i":"softkey-options","$v":"राहाफोर"}]