[{"$i":"done","$v":"ہو گیا"},{"$i":"number-selected2","$v":{"zero":[{"t":"idOrVar","v":"n"}," منتخب شدہ"],"one":[{"t":"idOrVar","v":"n"}," منتخب شدہ"],"two":[{"t":"idOrVar","v":"n"}," منتخب شدہ"],"few":[{"t":"idOrVar","v":"n"}," منتخب شدہ"],"many":[{"t":"idOrVar","v":"n"}," منتخب شدہ"],"other":[{"t":"idOrVar","v":"n"}," منتخب شدہ"]},"$x":[{"t":"idOrVar","v":"plural"},"n"]},{"$i":"delete-n-items?","$v":{"zero":"منتخب کچھ بھی نہیں","one":"منتخبہ ویڈیو کو حذف کریں؟","two":[{"t":"idOrVar","v":"n"}," ویڈیوز حذف کریں؟"],"few":[{"t":"idOrVar","v":"n"}," ویڈیوز حذف کریں؟"],"many":[{"t":"idOrVar","v":"n"}," ویڈیوز حذف کریں؟"],"other":[{"t":"idOrVar","v":"n"}," ویڈیوز حذف کریں؟"]},"$x":[{"t":"idOrVar","v":"plural"},"n"]},{"$i":"share-noprovider","$v":"ایک وقت میں ایک ویڈیو کا اشتراک کرنے کی کوشش کریں۔"},{"$i":"videos","$v":"ویڈیوز"},{"$i":"cancel","$v":"منسوخ کریں"},{"$i":"delete-video?","$v":"منتخبہ ویڈیو کو حذف کریں؟"},{"$i":"empty-title","$v":"شروع کرنے کیلئے ویڈیو شامل کریں"},{"$i":"empty-text","$v":"کوئی ویڈیو دستیاب نہیں ہے۔"},{"$i":"nocard2-title","$v":"کوئی میموری کارڈ نہیں ملا"},{"$i":"nocard3-text","$v":"میموری کارڈ نہیں ملا ہے۔ براہ کرم ویڈیوز لینے کیلئے میموری کارڈ داخل کریں۔"},{"$i":"pluggedin-title","$v":"پلگ ان ہونے پر ویڈیو نہیں دیکھا جاسکتا ہے"},{"$i":"pluggedin-text","$v":"ڈیوائس اسٹوریج فی الحال زیر استعمال ہے۔ براہ کرم ویڈیوز لینے کیلئے فون کو ان پلگ کریں"},{"$i":"upgrade-title","$v":"ڈیٹا بیس اپگریڈ"},{"$i":"upgrade-text","$v":"براہ کرم ویڈیو کے اپنے ڈیٹا بیس اپ ڈیٹ کرنے تک انتظار کریں۔"},{"$i":"confirm-delete","$v":"کیا آپ یقیناً حذف کرنا چاہتے ہیں:"},{"$i":"pick-title","$v":"ویڈیو منتخب کریں"},{"$i":"save","$v":"محفوظ کریں"},{"$i":"saved","$v":"ویڈیو گیلری پر محفوظ کردیا گیا۔"},{"$i":"error-network","$v":"نیٹ ورک کی خرابی کی وجہ سے ویڈیو ڈاؤن لوڈ نہیں کیا جاسکا۔"},{"$i":"error-unsupported","$v":"ویڈیو پلے نہیں کیا جاسکتا ہے: یاتو سرور کی وجہ سے یا نیٹ ورک کی ناکامی یا فارمیٹ کے تائید یافتہ نہ ہونے کی وجہ سے۔"},{"$i":"error-unknown","$v":"ایک نامعلوم ویڈیو کا نقص واقع ہوا۔"},{"$i":"video-hardware-in-use-title","$v":"ویڈیو پلے نہیں کیا جاسکتا"},{"$i":"video-hardware-in-use-text","$v":"فی الحال کوئی دیگر ایپ ویڈیو پلئیر کا استعمال کر رہا ہے۔"},{"$i":"overlay-cancel-button","$v":"منسوخ کریں"},{"$i":"overlay-camera-button","$v":"کیمرہ پر جائیں"},{"$i":"name-label","$v":"نام"},{"$i":"length-label","$v":"کی طوالت"},{"$i":"size-label","$v":"سائز"},{"$i":"video-type-label","$v":"ویڈیو کی قسم"},{"$i":"date-taken-label","$v":"لیے جانے کی تاریخ"},{"$i":"resolution-label","$v":"ریزولیوشن"},{"$i":"close-button","$v":"بند کریں"},{"$i":"byteUnit-B","$v":"بائٹس"},{"$i":"byteUnit-KB","$v":"KB"},{"$i":"byteUnit-MB","$v":"MB"},{"$i":"byteUnit-GB","$v":"GB"},{"$i":"byteUnit-TB","$v":"TB"},{"$i":"byteUnit-PB","$v":"PB"},{"$i":"byteUnit-EB","$v":"EB"},{"$i":"byteUnit-ZB","$v":"ZB"},{"$i":"byteUnit-YB","$v":"YB"},{"$i":"date-group-header","$v":"%B %Y"},{"$i":"share","$v":"اشتراک کریں"},{"$i":"more-info","$v":"مزید معلومات"},{"$i":"delete","$v":"حذف کریں"},{"$i":"video-button","ariaLabel":"ویڈیو"},{"$i":"select-button","ariaLabel":"منتخب کریں"},{"$i":"delete-button","ariaLabel":"حذف کریں"},{"$i":"share-button","ariaLabel":"اشتراک کریں"},{"$i":"info-view","ariaLabel":"معلومات"},{"$i":"options-view","ariaLabel":"اختیارات"},{"$i":"confirm-dialog","ariaLabel":"توثیق کریں"},{"$i":"videos-list","ariaLabel":"ویڈیوز"},{"$i":"options-more","ariaLabel":"مزید"},{"$i":"seek-backward","ariaLabel":"پیچھے تلاش"},{"$i":"seek-bar","ariaLabel":["تلاش بار، دورانیہ ",{"t":"idOrVar","v":"duration"}]},{"$i":"seek-forward","ariaLabel":"آگے تلاش"},{"$i":"play-button","ariaLabel":"چلائیں"},{"$i":"pause-button","ariaLabel":"موقوف کریں"},{"$i":"fullscreen-button","ariaLabel":"فل اسکرین"},{"$i":"show-controls-button","ariaLabel":"کنٹرولز دکھائیں"},{"$i":"hide-controls-button","ariaLabel":"کنٹرولز چھپائیں"},{"$i":"spinner-overlay","ariaValueText":"لوڈنگ"},{"$i":"confirmation-title","$v":"توثیق کاری"},{"$i":"n-video-deleted","$v":{"zero":"منتخب کچھ بھی نہیں","one":"ویڈیو حذف کردیا گیا","two":[{"t":"idOrVar","v":"n"}," ویڈیوز حذف کیے گئے"],"few":[{"t":"idOrVar","v":"n"}," ویڈیوز حذف کیے گئے"],"many":[{"t":"idOrVar","v":"n"}," ویڈیوز حذف کیے گئے"],"other":[{"t":"idOrVar","v":"n"}," ویڈیوز حذف کیے گئے"]},"$x":[{"t":"idOrVar","v":"plural"},"n"]},{"$i":"rename-saved","$v":"تبدیلیاں محفوظ ہوگئی"},{"$i":"confirm-video","$v":"ویڈیو"},{"$i":"confirm-ok","$v":"ٹھیک ہے"},{"$i":"options-header","$v":"اختیارات"},{"$i":"video-invalid-name","$v":"غیر مجاز نام"},{"$i":"name-already-exists","$v":"یہ نام پہلے سے موجود ہے"},{"$i":"override-warning-msg","$v":"کیا آپ موجودہ فائل پر اوور رائيڈ کرنا چاہیں گے"},{"$i":"override","$v":"اوور رائڈ"},{"$i":"opt-takevideo","$v":"ویڈیو لیں"},{"$i":"opt-select","$v":"منتخب کریں"},{"$i":"opt-delete","$v":"حذف کریں"},{"$i":"opt-rename","$v":"نام تبدیل کریں"},{"$i":"opt-selectmultiple","$v":"متعدد منتخب کریں"},{"$i":"opt-fileinfo","$v":"فائل کی معلومات"},{"$i":"opt-selectall","$v":"تمام منتخب کریں"},{"$i":"opt-deselectall","$v":"سبھی کو غیرمنتخب کریں"},{"$i":"opt-fullscreen","$v":"فل اسکرین"},{"$i":"opt-play","$v":"چلائیں"},{"$i":"opt-pause","$v":"موقوف کریں"},{"$i":"weekday-0-long","$v":"اتوار"},{"$i":"weekday-1-long","$v":"پیر"},{"$i":"weekday-2-long","$v":"منگل"},{"$i":"weekday-3-long","$v":"بدھ"},{"$i":"weekday-4-long","$v":"جمعرات"},{"$i":"weekday-5-long","$v":"جمعہ"},{"$i":"weekday-6-long","$v":"سنیچر"},{"$i":"weekday-0-short","$v":"اتوار"},{"$i":"weekday-1-short","$v":"پیر"},{"$i":"weekday-2-short","$v":"منگل"},{"$i":"weekday-3-short","$v":"بدھ"},{"$i":"weekday-4-short","$v":"جمعرات"},{"$i":"weekday-5-short","$v":"جمعہ"},{"$i":"weekday-6-short","$v":"ہفتہ"},{"$i":"month-0-long","$v":"جنوری"},{"$i":"month-1-long","$v":"فروری"},{"$i":"month-2-long","$v":"مارچ"},{"$i":"month-3-long","$v":"اپریل"},{"$i":"month-4-long","$v":"مئی"},{"$i":"month-5-long","$v":"جون"},{"$i":"month-6-long","$v":"جولائی"},{"$i":"month-7-long","$v":"اگست"},{"$i":"month-8-long","$v":"ستمبر"},{"$i":"month-9-long","$v":"اکتوبر"},{"$i":"month-10-long","$v":"نومبر"},{"$i":"month-11-long","$v":"دسمبر"},{"$i":"month-0-genitive","$v":"جنوری"},{"$i":"month-1-genitive","$v":"فروری"},{"$i":"month-2-genitive","$v":"مارچ"},{"$i":"month-3-genitive","$v":"اپریل"},{"$i":"month-4-genitive","$v":"مئی"},{"$i":"month-5-genitive","$v":"جون"},{"$i":"month-6-genitive","$v":"جولائی"},{"$i":"month-7-genitive","$v":"اگست"},{"$i":"month-8-genitive","$v":"ستمبر"},{"$i":"month-9-genitive","$v":"اکتوبر"},{"$i":"month-10-genitive","$v":"نومبر"},{"$i":"month-11-genitive","$v":"دسمبر"},{"$i":"month-0-short","$v":"جنوری"},{"$i":"month-1-short","$v":"فروری"},{"$i":"month-2-short","$v":"مارچ"},{"$i":"month-3-short","$v":"اپریل"},{"$i":"month-4-short","$v":"مئی"},{"$i":"month-5-short","$v":"جون"},{"$i":"month-6-short","$v":"جولائی"},{"$i":"month-7-short","$v":"اگست"},{"$i":"month-8-short","$v":"ستمبر"},{"$i":"month-9-short","$v":"اکتوبر"},{"$i":"month-10-short","$v":"نومبر"},{"$i":"month-11-short","$v":"دسمبر"},{"$i":"minutes-ago-long","$v":{"zero":"ابھی ابھی","one":"ایک منٹ قبل","two":[{"t":"idOrVar","v":"value"}," منٹس قبل"],"few":[{"t":"idOrVar","v":"value"}," منٹس قبل"],"many":[{"t":"idOrVar","v":"value"}," منٹس قبل"],"other":[{"t":"idOrVar","v":"value"}," منٹس قبل"]},"$x":[{"t":"idOrVar","v":"plural"},"value"]},{"$i":"hours-ago-long","$v":{"zero":"ابھی ابھی","one":"ایک گھنٹہ قبل","two":[{"t":"idOrVar","v":"value"}," گھنٹوں قبل"],"few":[{"t":"idOrVar","v":"value"}," گھنٹوں قبل"],"many":[{"t":"idOrVar","v":"value"}," گھنٹوں قبل"],"other":[{"t":"idOrVar","v":"value"}," گھنٹوں قبل"]},"$x":[{"t":"idOrVar","v":"plural"},"value"]},{"$i":"days-ago-long","$v":{"zero":"آج","one":"گزشتہ کل","two":[{"t":"idOrVar","v":"value"}," دن قبل"],"few":[{"t":"idOrVar","v":"value"}," دن قبل"],"many":[{"t":"idOrVar","v":"value"}," دن قبل"],"other":[{"t":"idOrVar","v":"value"}," دن قبل"]},"$x":[{"t":"idOrVar","v":"plural"},"value"]},{"$i":"weeks-ago-long","$v":{"zero":"اس ہفتہ","one":"آخری ہفتہ","two":[{"t":"idOrVar","v":"value"}," ہفتے قبل"],"few":[{"t":"idOrVar","v":"value"}," ہفتے قبل"],"many":[{"t":"idOrVar","v":"value"}," ہفتے قبل"],"other":[{"t":"idOrVar","v":"value"}," ہفتے قبل"]},"$x":[{"t":"idOrVar","v":"plural"},"value"]},{"$i":"months-ago-long","$v":{"zero":"اس ماہ","one":"آخری مہینہ","two":[{"t":"idOrVar","v":"value"}," مہینہ قبل"],"few":[{"t":"idOrVar","v":"value"}," مہینہ قبل"],"many":[{"t":"idOrVar","v":"value"}," مہینہ قبل"],"other":[{"t":"idOrVar","v":"value"}," مہینہ قبل"]},"$x":[{"t":"idOrVar","v":"plural"},"value"]},{"$i":"years-ago-long","$v":{"zero":"اس سال","one":"آخری سال","two":[{"t":"idOrVar","v":"value"}," سال قبل"],"few":[{"t":"idOrVar","v":"value"}," سال قبل"],"many":[{"t":"idOrVar","v":"value"}," سال قبل"],"other":[{"t":"idOrVar","v":"value"}," سال قبل"]},"$x":[{"t":"idOrVar","v":"plural"},"value"]},{"$i":"minutes-until-long","$v":{"zero":"ابھی","one":"ایک منٹ میں","two":[{"t":"idOrVar","v":"value"}," منٹوں میں"],"few":[{"t":"idOrVar","v":"value"}," منٹوں میں"],"many":[{"t":"idOrVar","v":"value"}," منٹوں میں"],"other":[{"t":"idOrVar","v":"value"}," منٹوں میں"]},"$x":[{"t":"idOrVar","v":"plural"},"value"]},{"$i":"hours-until-long","$v":{"zero":"ابھی","one":"ایک گھٹے میں","two":[{"t":"idOrVar","v":"value"}," گھنٹوں میں"],"few":[{"t":"idOrVar","v":"value"}," گھنٹوں میں"],"many":[{"t":"idOrVar","v":"value"}," گھنٹوں میں"],"other":[{"t":"idOrVar","v":"value"}," گھنٹوں میں"]},"$x":[{"t":"idOrVar","v":"plural"},"value"]},{"$i":"days-until-long","$v":{"zero":"آج","one":"tomorrow","two":[{"t":"idOrVar","v":"value"}," دنوں میں"],"few":[{"t":"idOrVar","v":"value"}," دنوں میں"],"many":[{"t":"idOrVar","v":"value"}," دنوں میں"],"other":[{"t":"idOrVar","v":"value"}," دنوں میں"]},"$x":[{"t":"idOrVar","v":"plural"},"value"]},{"$i":"weeks-until-long","$v":{"zero":"اس ہفتہ","one":"اگلے ہفتے","two":[{"t":"idOrVar","v":"value"}," ہفتوں میں"],"few":[{"t":"idOrVar","v":"value"}," ہفتوں میں"],"many":[{"t":"idOrVar","v":"value"}," ہفتوں میں"],"other":[{"t":"idOrVar","v":"value"}," ہفتوں میں"]},"$x":[{"t":"idOrVar","v":"plural"},"value"]},{"$i":"months-until-long","$v":{"zero":"اس ماہ","one":"اگلے ماہ","two":[{"t":"idOrVar","v":"value"}," مہینوں میں"],"few":[{"t":"idOrVar","v":"value"}," مہینوں میں"],"many":[{"t":"idOrVar","v":"value"}," مہینوں میں"],"other":[{"t":"idOrVar","v":"value"}," مہینوں میں"]},"$x":[{"t":"idOrVar","v":"plural"},"value"]},{"$i":"years-until-long","$v":{"zero":"اس سال","one":"اگلے سال","two":[{"t":"idOrVar","v":"value"}," سالوں میں"],"few":[{"t":"idOrVar","v":"value"}," سالوں میں"],"many":[{"t":"idOrVar","v":"value"}," سالوں میں"],"other":[{"t":"idOrVar","v":"value"}," سالوں میں"]},"$x":[{"t":"idOrVar","v":"plural"},"value"]},{"$i":"minutes-ago-short","$v":{"zero":"ابھی ابھی","other":[{"t":"idOrVar","v":"value"}," منٹ قبل"]},"$x":[{"t":"idOrVar","v":"plural"},"value"]},{"$i":"hours-ago-short","$v":{"zero":"ابھی ابھی","other":[{"t":"idOrVar","v":"value"}," گھنٹہ قبل"]},"$x":[{"t":"idOrVar","v":"plural"},"value"]},{"$i":"days-ago-short","$v":{"zero":"آج","other":[{"t":"idOrVar","v":"value"}," دن قبل"]},"$x":[{"t":"idOrVar","v":"plural"},"value"]},{"$i":"minutes-until-short","$v":{"zero":"ابھی","other":[{"t":"idOrVar","v":"value"}," منٹ میں"]},"$x":[{"t":"idOrVar","v":"plural"},"value"]},{"$i":"hours-until-short","$v":{"zero":"ابھی","other":[{"t":"idOrVar","v":"value"}," گھنٹے میں"]},"$x":[{"t":"idOrVar","v":"plural"},"value"]},{"$i":"days-until-short","$v":{"zero":"آج","other":[{"t":"idOrVar","v":"value"}," دن میں"]},"$x":[{"t":"idOrVar","v":"plural"},"value"]},{"$i":"incorrectDate","$v":"(غلط تاریخ)"},{"$i":"dateTimeFormat_%c","$v":"%a %b %e %Y %I:%M:%S %p"},{"$i":"dateTimeFormat_%x","$v":"%m/%d/%Y"},{"$i":"dateTimeFormat_%X","$v":"%I:%M:%S %p"},{"$i":"shortTimeFormat","$v":"%I:%M %p"},{"$i":"shortTimeFormat12","$v":"%I:%M %p"},{"$i":"shortTimeFormat24","$v":"%H:%M"},{"$i":"shortDateTimeFormat","$v":"%x %I:%M %p"},{"$i":"weekStartsOnMonday","$v":"0"},{"$i":"firstDayOfTheWeek","$v":"0"},{"$i":"time_am","$v":"AM"},{"$i":"time_pm","$v":"PM"},{"$i":"softkey-options","$v":"اختیارات"}]