[{"$i":"back","$v":"পিছলৈ যাওক"},{"$i":"save","$v":"ছেভ কৰক"},{"$i":"hide","$v":"লুকুৱাওক"},{"$i":"cancel","$v":"বাতিল কৰক"},{"$i":"confirm","$v":"নিশ্চিত কৰক"},{"$i":"done","$v":"কৰা হল"},{"$i":"events","$v":"ইভেণ্টসমূহৰ স্মাৰক"},{"$i":"edit","$v":"সম্পাদনা কৰক"},{"$i":"allday-events","$v":"গোটেই-দিনৰ ইভেণ্টসমূহৰ স্মাৰক"},{"$i":"no-events","$v":"কোনো ইভেণ্ট নাই"},{"$i":"default","$v":"ডিফ’ল্ট"},{"$i":"sync","$v":"চিংক"},{"$i":"show-today","$v":"আজি"},{"$i":"show-month-view","$v":"মাহ"},{"$i":"show-week-view","$v":"সপ্তাহ"},{"$i":"show-day-view","$v":"দিন"},{"$i":"settings-show","$v":"ছেটিংছ"},{"$i":"settings-hide","$v":"ছেটিংছ লুকুৱাওক"},{"$i":"add-account","$v":"এটা একাউন্ট যোগ কৰক"},{"$i":"new-event","$v":"ইভেণ্ট যোগ কৰক"},{"$i":"view-event-header","$v":"ইভেণ্টৰ বিৱৰণ"},{"$i":"new-event-header","$v":"ইভেণ্ট যোগ কৰক"},{"$i":"edit-event-header","$v":"ইভেণ্ট সম্পাদনা কৰক"},{"$i":"account-header","$v":"একাউন্ট"},{"$i":"account-list-header","$v":"একাউন্টসমূহ"},{"$i":"advanced-settings-short-icon-button","ariaLabel":"ছেটিংছ"},{"$i":"advanced-settings-header","$v":"কেলেণ্ডাৰ ছেটিংছ"},{"$i":"advanced-settings-personalization","$v":"আপডেট ফ্ৰিকুৱেন্সী"},{"$i":"advanced-settings-reminders","$v":"স্মাৰক"},{"$i":"advanced-settings-add-account","$v":"একাউণ্ট যোগ কৰক"},{"$i":"field-user","$v":"ইউজাৰনেম"},{"$i":"field-password","$v":"পাছৱৰ্ড"},{"$i":"show-password","$v":"পাছৱৰ্ড দেখুৱাওক"},{"$i":"field-full-url","$v":"URL"},{"$i":"modify-account-setting-up","$v":"অনুগ্ৰহ কৰি আপোনাৰ একাউণ্ট ছেট কৰাৰ সময়ত অপেক্ষা কৰক ।"},{"$i":"modify-account-unable-to-sync","$v":"চিংক কৰিবলৈ অক্ষম"},{"$i":"modify-account-sign-in","$v":"চাইন ইন কৰক"},{"$i":"tcl-caldav","$v":"CalDav"},{"$i":"tcl-yahoo","$v":"য়াহু!"},{"$i":"tcl-google","$v":"গুগল"},{"$i":"preset-mozilla","$v":"Mozilla Zimbra"},{"$i":"calendar-local","$v":"ফোন কেলেণ্ডাৰ"},{"$i":"event-title","$v":"শিৰোনামা"},{"$i":"event-location","$v":"স্থান"},{"$i":"event-description","$v":"টোকাসমূহ"},{"$i":"event-is-allday","$v":"গোটেই-দিনৰ ইভেণ্ট"},{"$i":"event-start-date","$v":"আৰম্ভ তাৰিখ"},{"$i":"event-end-date","$v":"সমাপ্তি তাৰিখ"},{"$i":"event-start-time","$v":"আৰম্ভ সময়"},{"$i":"event-end-time","$v":"সমাপ্তি সময়"},{"$i":"event-delete","$v":"ইভেণ্ট বিলোপ কৰক"},{"$i":"remove-account-data","$v":"কেলেণ্ডাৰ একাউণ্ট আঁতৰাওক"},{"$i":"remove-account-dialog","$v":"একাউন্ট আঁতৰাওক"},{"$i":"remove-account-dialog-details","$v":["আপোনাৰ ডিভাইচৰ পৰা \"",{"t":"idOrVar","v":"email"},"\" আঁতৰাব?"]},{"$i":"remove","$v":"আঁতৰাওক"},{"$i":"drawer-sync-icon-button","ariaLabel":"চিংক"},{"$i":"sync-progress-syncing","ariaValueText":"চিংক হৈ আছে"},{"$i":"sync-progress-complete","ariaValueText":"চিংক সম্পূৰ্ণ হ’ল"},{"$i":"sync-frequency","$v":"কেলেণ্ডাৰ চিংক কৰক"},{"$i":"sync-frequency-15min","$v":"প্ৰত্যেক 15 মিনিটত"},{"$i":"sync-frequency-30min","$v":"প্ৰত্যেক 30 মিনিটত"},{"$i":"sync-frequency-manual","$v":"মেন্যুৱেলী"},{"$i":"one-day-duration-title","$v":[{"t":"idOrVar","v":"startDate"}]},{"$i":"one-day-duration-content","$v":[{"t":"idOrVar","v":"startTime"}," ৰ পৰা ",{"t":"idOrVar","v":"endTime"}," লৈ"]},{"$i":"multiple-day-duration-title","$v":[{"t":"idOrVar","v":"startTime"}," ",{"t":"idOrVar","v":"startDate"},"ৰ পৰা"]},{"$i":"multiple-day-duration-content","$v":[{"t":"idOrVar","v":"endTime"}," ",{"t":"idOrVar","v":"endDate"},"লৈ"]},{"$i":"one-all-day-duration-title","$v":"সকলো দিন"},{"$i":"one-all-day-duration-content","$v":[{"t":"idOrVar","v":"startDate"}]},{"$i":"multiple-all-day-duration-title","$v":[{"t":"idOrVar","v":"startDate"},"ৰ পৰা সকলো দিন"]},{"$i":"multiple-all-day-duration-content","$v":[{"t":"idOrVar","v":"endDate"},"লৈ"]},{"$i":"none","$v":"একো নাই"},{"$i":"reminder","$v":"ইভেণ্টৰ স্মাৰক"},{"$i":"remind-me","$v":"মোক মনত পেলাই দিব"},{"$i":"alarm-at-event-standard","$v":"ইভেণ্টৰ সময়ত"},{"$i":"alarm-at-event-allday","$v":"ইভেণ্টৰ দিনত"},{"$i":"alarm-start-notice","$v":[{"t":"idOrVar","v":"title"}," এ ",{"t":"idOrVar","v":"distance"}," আৰম্ভ কৰি আছে"]},{"$i":"alarm-started-notice","$v":[{"t":"idOrVar","v":"title"}," এ ",{"t":"idOrVar","v":"distance"}," আৰম্ভ কৰিছে"]},{"$i":"minutes-before","$v":{"zero":"0 মিনিট আগত","one":"1 মিনিট আগত","two":[{"t":"idOrVar","v":"value"}," মিনিট আগত"],"few":[{"t":"idOrVar","v":"value"}," মিনিট আগত"],"many":[{"t":"idOrVar","v":"value"}," মিনিট আগত"],"other":[{"t":"idOrVar","v":"value"}," মিনিট আগত"]},"$x":[{"t":"idOrVar","v":"plural"},"value"]},{"$i":"hours-before","$v":{"zero":"0 ঘণ্টা আগত","one":"1 ঘণ্টা আগত","two":[{"t":"idOrVar","v":"value"}," ঘণ্টা আগতে"],"few":[{"t":"idOrVar","v":"value"}," ঘণ্টা আগতে"],"many":[{"t":"idOrVar","v":"value"}," ঘণ্টা আগতে"],"other":[{"t":"idOrVar","v":"value"}," ঘণ্টা আগতে"]},"$x":[{"t":"idOrVar","v":"plural"},"value"]},{"$i":"days-before","$v":{"zero":"0 দিন আগত","one":"1 দিন আগত","two":[{"t":"idOrVar","v":"value"}," দিন আগত"],"few":[{"t":"idOrVar","v":"value"}," দিন আগত"],"many":[{"t":"idOrVar","v":"value"}," দিন আগত"],"other":[{"t":"idOrVar","v":"value"}," দিন আগত"]},"$x":[{"t":"idOrVar","v":"plural"},"value"]},{"$i":"weeks-before","$v":{"zero":"0 সপ্তাহ আগত","one":"1 সপ্তাহ আগত","two":[{"t":"idOrVar","v":"value"}," সপ্তাহ আগত"],"few":[{"t":"idOrVar","v":"value"}," সপ্তাহ আগত"],"many":[{"t":"idOrVar","v":"value"}," সপ্তাহ আগত"],"other":[{"t":"idOrVar","v":"value"}," সপ্তাহ আগত"]},"$x":[{"t":"idOrVar","v":"plural"},"value"]},{"$i":"months-before","$v":{"zero":"0 মাহ আগত","one":"1 মাহ আগত","two":[{"t":"idOrVar","v":"value"}," মাহ আগত"],"few":[{"t":"idOrVar","v":"value"}," মাহ আগত"],"many":[{"t":"idOrVar","v":"value"}," মাহ আগত"],"other":[{"t":"idOrVar","v":"value"}," মাহ আগত"]},"$x":[{"t":"idOrVar","v":"plural"},"value"]},{"$i":"years-before","$v":{"zero":"0 বছৰ আগত","one":"1 বছৰ আগত","two":[{"t":"idOrVar","v":"value"}," বছৰ আগত"],"few":[{"t":"idOrVar","v":"value"}," বছৰ আগত"],"many":[{"t":"idOrVar","v":"value"}," বছৰ আগত"],"other":[{"t":"idOrVar","v":"value"}," বছৰ আগত"]},"$x":[{"t":"idOrVar","v":"plural"},"value"]},{"$i":"minutes-after","$v":{"zero":"0 মিনিট পিছত","one":"1 মিনিট পিছত","two":[{"t":"idOrVar","v":"value"}," মিনিট পিছত"],"few":[{"t":"idOrVar","v":"value"}," মিনিট পিছত"],"many":[{"t":"idOrVar","v":"value"}," মিনিট পিছত"],"other":[{"t":"idOrVar","v":"value"}," মিনিট পিছত"]},"$x":[{"t":"idOrVar","v":"plural"},"value"]},{"$i":"hours-after","$v":{"zero":"0 ঘণ্টা পিছত","one":"1 ঘণ্টা পিছত","two":[{"t":"idOrVar","v":"value"}," ঘণ্টা পিছত"],"few":[{"t":"idOrVar","v":"value"}," ঘণ্টা পিছত"],"many":[{"t":"idOrVar","v":"value"}," ঘণ্টা পিছত"],"other":[{"t":"idOrVar","v":"value"}," ঘণ্টা পিছত"]},"$x":[{"t":"idOrVar","v":"plural"},"value"]},{"$i":"days-after","$v":{"zero":"0 দিন পিছত","one":"1 দিন পিছত","two":[{"t":"idOrVar","v":"value"}," দিন পিছত"],"few":[{"t":"idOrVar","v":"value"}," দিন পিছত"],"many":[{"t":"idOrVar","v":"value"}," দিন পিছত"],"other":[{"t":"idOrVar","v":"value"}," দিন পিছত"]},"$x":[{"t":"idOrVar","v":"plural"},"value"]},{"$i":"weeks-after","$v":{"zero":"0 সপ্তাহ পিছত","one":"1 সপ্তাহ পিছত","two":[{"t":"idOrVar","v":"value"}," সপ্তাহ পিছত"],"few":[{"t":"idOrVar","v":"value"}," সপ্তাহ পিছত"],"many":[{"t":"idOrVar","v":"value"}," সপ্তাহ পিছত"],"other":[{"t":"idOrVar","v":"value"}," সপ্তাহ পিছত"]},"$x":[{"t":"idOrVar","v":"plural"},"value"]},{"$i":"months-after","$v":{"zero":"0 মাহ পিছত","one":"1 মাহ পিছত","two":[{"t":"idOrVar","v":"value"}," মাহ পিছত"],"few":[{"t":"idOrVar","v":"value"}," মাহ পিছত"],"many":[{"t":"idOrVar","v":"value"}," মাহ পিছত"],"other":[{"t":"idOrVar","v":"value"}," মাহ পিছত"]},"$x":[{"t":"idOrVar","v":"plural"},"value"]},{"$i":"years-after","$v":{"zero":"0 বছৰ পিছত","one":"1 বছৰ পিছত","two":[{"t":"idOrVar","v":"value"}," বছৰ পিছত"],"few":[{"t":"idOrVar","v":"value"}," বছৰ পিছত"],"many":[{"t":"idOrVar","v":"value"}," বছৰ পিছত"],"other":[{"t":"idOrVar","v":"value"}," বছৰ পিছত"]},"$x":[{"t":"idOrVar","v":"plural"},"value"]},{"$i":"hour-format12","$v":"%I %p"},{"$i":"hour-format24","$v":"%H"},{"$i":"week-hour-format12","$v":"%I %p"},{"$i":"week-hour-format24","$v":"%H"},{"$i":"hour-allday","$v":"সকলো দিন"},{"$i":"tcl-week-day","$v":"%a\\n%e"},{"$i":"current-time12","$v":"%I:%M"},{"$i":"current-time24","$v":"%H:%M"},{"$i":"multi-month-view-header-format","$v":"%B %Y"},{"$i":"day-view-header-format","$v":"%A, %b %e"},{"$i":"months-day-view-header-format","$v":"%A, %b %e"},{"$i":"months-day-view-header-format-small","$v":{"$o":"%a <br/> %b, %e"}},{"$i":"week-view-header-format","$v":["সপ্তাহ ",{"t":"idOrVar","v":"value"},", %B %Y"]},{"$i":"longDateFormat","$v":"%A, %B %d, %Y"},{"$i":"longTimeFormat","$v":"%A %B %d"},{"$i":"longTimeFormat12","$v":"%A %B %d %I %p"},{"$i":"longTimeFormat24","$v":"%A %B %d %H বাজিছে"},{"$i":"weekTimeFormat12","$v":"%I %p"},{"$i":"weekTimeFormat24","$v":"%H বাজিছে"},{"$i":"weekDayFormat","$v":"%A the %d"},{"$i":"alldayLongTimeFormat","$v":"%A %B %d গোটেই দিন"},{"$i":"dayHour12","$v":"%I %p"},{"$i":"dayHour24","$v":"%H বাজিছে"},{"$i":"longDateTime12","$v":"%I %p, %a, %d %b, %Y"},{"$i":"longDateTime24","$v":"%H, %a, %d %b, %Y"},{"$i":"upcoming-events","$v":"অনাগত ইভেণ্টসমূহ"},{"$i":"search-results","$v":"ফলাফল অনুসন্ধান কৰক"},{"$i":"no-event-found","$v":"কোনো ইভেণ্ট পোৱা নাই"},{"$i":"error-start-date-after-end-date","$v":"ইভেণ্টটো ইয়াৰ আৰম্ভ তাৰিখৰ পূৰ্বে সমাপ্ত কৰিব পৰা নাযাব ৷"},{"$i":"error-start-time-after-end-time","$v":"ইভেণ্টটো ইয়াৰ আৰম্ভ সময়ৰ পূৰ্বে সমাপ্ত কৰিব পৰা নাযাব ৷"},{"$i":"error-unauthenticated","$v":"অশুদ্ধ ইউজাৰ নেম বা পাছৱৰ্ড, অনুগ্ৰহ কৰি পুনৰ চেষ্টা কৰক ।"},{"$i":"error-internal-server-error","$v":"ছাৰ্ভাৰ ত্ৰুটি, অনুগ্ৰহ কৰি পুনৰ চেষ্টা কৰক ৷"},{"$i":"error-unkown","$v":"ছাৰ্ভাৰৰ সঁহাৰিৰ কাৰণে অনুৰোধ পৰিচালনা কৰিব পৰা নাযাব ।"},{"$i":"error-default","$v":"কিবা ভুল হৈছে ৷ পিছত পুনৰ চেষ্টা কৰক ৷"},{"$i":"error-offline","$v":"ইণ্টাৰনেটলৈ সংযোগ কৰিবলৈ অক্ষম ৷ আপুনি ইণ্টাৰনেট এক্সেছ কৰিবলৈ Wi-Fi বা ম’বাইল ডাটা ব্যৱহাৰ কৰিব পাৰে ৷"},{"$i":"error-account-exist","$v":"এইটো একাউণ্ট ইতিমধ্যে মজুত আছে ৷"},{"$i":"error-edit-online-event","$v":"ইণ্টাৰনেট সংযোগ নোহোৱাৰ কাৰণে অনলাইন ইভেণ্ট সম্পাদনা কৰাত বিফল হ’ল ।"},{"$i":"error-delete-online-event","$v":"ইণ্টাৰনেট সংযোগ নোহোৱাৰ কাৰণে অনলাইন ইভেণ্ট বিলোপ কৰাত বিফল হ’ল ।"},{"$i":"notification-error-sync-title","$v":"কেলেণ্ডাৰ চিংক কৰাত ত্ৰুটি"},{"$i":"notification-error-sync-description","$v":"অধিক তথ্যৰ বাবে টেপ কৰক"},{"$i":"weekday-0-single-char","$v":"S","ariaLabel":"দেওবাৰ"},{"$i":"weekday-1-single-char","$v":"M","ariaLabel":"সোমবাৰ"},{"$i":"weekday-2-single-char","$v":"T","ariaLabel":"মঙ্গলবাৰ"},{"$i":"weekday-3-single-char","$v":"W","ariaLabel":"বুধবাৰ"},{"$i":"weekday-4-single-char","$v":"T","ariaLabel":"বৃহস্পতিবাৰ"},{"$i":"weekday-5-single-char","$v":"F","ariaLabel":"শুক্ৰবাৰ"},{"$i":"weekday-6-single-char","$v":"S","ariaLabel":"শনিবাৰ"},{"$i":"busy","$v":{"zero":"কোনো ইভেণ্ট নাই","one":[{"t":"idOrVar","v":"n"}," ইভেণ্ট"],"two":[{"t":"idOrVar","v":"n"}," ইভেণ্ট"],"few":[{"t":"idOrVar","v":"n"}," ইভেণ্ট"],"many":[{"t":"idOrVar","v":"n"}," ইভেণ্ট"],"other":[{"t":"idOrVar","v":"n"}," ইভেণ্ট"]},"$x":[{"t":"idOrVar","v":"plural"},"n"]},{"$i":"present","ariaLabel":"আজি"},{"$i":"past-other-month-description","ariaLabel":"অন্য মাহ"},{"$i":"future-other-month-description","ariaLabel":"অন্য মাহ"},{"$i":"icon-calendar-alarm","ariaLabel":"এলাৰ্ম আছে"},{"$i":"calendars","ariaLabel":"কেলেণ্ডাৰসমূহ"},{"$i":"multi-day-new-event-link","ariaLabel":"ইভেণ্ট যোগ কৰক"},{"$i":"title","ariaLabel":"শিৰোনামা"},{"$i":"location","ariaLabel":"স্থান"},{"$i":"duration","ariaLabel":"সময়সীমা"},{"$i":"calendar","ariaLabel":"কেলেণ্ডাৰ"},{"$i":"alarms","ariaLabel":"এলাৰ্মসমূহ"},{"$i":"description","ariaLabel":"বিৱৰণ"},{"$i":"start-date","ariaLabel":"আৰম্ভ তাৰিখ"},{"$i":"start-time","ariaLabel":"আৰম্ভ সময়"},{"$i":"end-date","ariaLabel":"সমাপ্তি তাৰিখ"},{"$i":"end-time","ariaLabel":"সমাপ্তি সময়"},{"$i":"during-progress-loading","ariaValueText":"লোড হৈ আছে"},{"$i":"all-day","ariaLabel":"সকলো দিন"},{"$i":"create-event","ariaLabel":"ইভেণ্ট বনাওক"},{"$i":"create-all-day-event","ariaLabel":"সকলো দিনৰ ইভেণ্ট বনাওক"},{"$i":"event-one-day-duration","ariaLabel":[{"t":"idOrVar","v":"startTime"},"ৰ পৰা ",{"t":"idOrVar","v":"endTime"},"লৈ"]},{"$i":"week-event-one-day-duration","ariaLabel":[{"t":"idOrVar","v":"startDate"}," ত ",{"t":"idOrVar","v":"startTime"},"ৰ পৰা ",{"t":"idOrVar","v":"endTime"},"লৈ"]},{"$i":"event-multiple-day-duration","ariaLabel":[{"t":"idOrVar","v":"startTime"}," ",{"t":"idOrVar","v":"startDate"},"ৰ পৰা ",{"t":"idOrVar","v":"endTime"}," ",{"t":"idOrVar","v":"endDate"}," লৈ"]},{"$i":"tcl-event-added","$v":"ইভেণ্ট যোগ কৰা হৈছে"},{"$i":"tcl-event-updated","$v":"ইভেণ্ট আপডেট কৰা হ’ল"},{"$i":"tcl-event-deleted","$v":"ইভেণ্ট বিলোপ কৰা হৈছে"},{"$i":"tcl-change-save","$v":"পৰিৱৰ্তনসমূহ চেভ কৰা হৈছে"},{"$i":"tcl-event-calendar","$v":"কেলেণ্ডাৰ"},{"$i":"tcl-single-event","$v":"ইভেণ্ট"},{"$i":"tcl-event-count","$v":"ইভেণ্টসমূহ"},{"$i":"tcl-sync-progress-syncing","$v":"চিংক হৈ আছে"},{"$i":"tcl-sync-progress-complete","$v":"চিংক সম্পন্ন হ’ল"},{"$i":"tcl-settings-sounds","$v":"ধ্বনিসমূহ"},{"$i":"tcl-tones","$v":"ট’নবোৰ"},{"$i":"tcl-multi-events","$v":"ইভেণ্টসমূহ"},{"$i":"tcl-confirmation-title","$v":"নিশ্চিতিকৰণ"},{"$i":"tcl-delete-selectedEvent-confirmation","$v":"বাছনি কৰা ইভেণ্ট বিলোপ কৰিব?"},{"$i":"tcl-deleteEvent-confirmation","$v":"ইভেণ্ট বিলোপ কৰিব?"},{"$i":"tcl-event-search-header","$v":"অনুসন্ধান কৰক","placeholder":"অনুসন্ধান কৰক"},{"$i":"tcl-event-search-upcoming-events","$v":"অনাগত ইভেণ্টসমূহ"},{"$i":"tcl-delete","$v":"বিলোপ কৰক"},{"$i":"tcl-cancel","$v":"বাতিল কৰক"},{"$i":"tcl-dialog-delete-sel","$v":"আপুনি বাছনি কৰি থোৱা ইভেণ্ট বিলোপ কৰিবলৈ বিচাৰেনে?"},{"$i":"tcl-delete-title","$v":"ইভেণ্ট বিলোপ কৰক"},{"$i":"tcl-save-changes","$v":"পৰিৱৰ্তনসমূহ চেভ কৰিব?"},{"$i":"tcl-save-message-back","$v":"প্ৰবিষ্ট কৰা সকলো ডাটা নোহোৱা হ’ব ৷ আপুনি পৰিৱৰ্তনসমূহ চেভ কৰিব বিচাৰে নেকি?"},{"$i":"tcl-save-message-close","$v":"এপ্লিকেশ্বন বন্ধ হোৱাৰ লগতে ডাটাও নোহোৱা হ’ব ৷ আপুনি পৰিৱৰ্তনসমূহ চেভ কৰিব বিচাৰে নেকি?"},{"$i":"yes","$v":"হয়"},{"$i":"no","$v":"নহয়"},{"$i":"confirmation","$v":"নিশ্চিতিকৰণ"},{"$i":"ok","$v":"ঠিক আছে"},{"$i":"delete-event","$v":"বাছনি কৰা ইভেণ্ট বিলোপ কৰিব?"},{"$i":"tcl-settings-header","$v":"প্ৰদৰ্শন কৰিবলৈ কেলেণ্ডাৰ"},{"$i":"tcl-syncing","$v":"চিংক হৈ আছে..."},{"$i":"tcl-syncing-header","$v":"একাউণ্ট চিংক"},{"$i":"options","$v":"বিকল্পসমূহ"},{"$i":"select","$v":"বাছনি কৰক"},{"$i":"add-event","$v":"ইভেণ্ট যোগ কৰক"},{"$i":"weekly-view","$v":"সাপ্তাহিক ৰূপে"},{"$i":"day-view","$v":"দিনৰূপে"},{"$i":"month-view","$v":"মাহৰ ৰূপে"},{"$i":"today","$v":"আজি"},{"$i":"go","$v":"তাৰিখলৈ যাওক"},{"$i":"search","$v":"অনুসন্ধান কৰক"},{"$i":"calendar-to-display","$v":"প্ৰদৰ্শন কৰিবলৈ কেলেণ্ডাৰ"},{"$i":"settings","$v":"ছেটিংছ"},{"$i":"delete","$v":"বিলোপ কৰক"},{"$i":"enter","$v":"লিখক"},{"$i":"sync-calendar","$v":"কেলেণ্ডাৰ চিংক কৰক"},{"$i":"present-description","$v":["আজি ",{"t":"idOrVar","v":"weekday"}," ",{"t":"idOrVar","v":"date"}]},{"$i":"day-description","$v":[{"t":"idOrVar","v":"weekday"},", ",{"t":"idOrVar","v":"date"}]},{"$i":"weekday-5","$v":"শুক্ৰবাৰ"},{"$i":"weekday-4","$v":"বৃহস্পতিবাৰ"},{"$i":"weekday-3","$v":"বুধবাৰ"},{"$i":"weekday-2","$v":"মঙ্গলবাৰ"},{"$i":"weekday-1","$v":"সোমবাৰ"},{"$i":"weekday-0","$v":"দেওবাৰ"},{"$i":"weekday-6","$v":"শনিবাৰ"},{"$i":"no-title","$v":"(কোনো শিৰোনামা নাই)"},{"$i":"weekday-0-long","$v":"দেওবাৰ"},{"$i":"weekday-1-long","$v":"সোমবাৰ"},{"$i":"weekday-2-long","$v":"মঙ্গলবাৰ"},{"$i":"weekday-3-long","$v":"বুধবাৰ"},{"$i":"weekday-4-long","$v":"বৃহস্পতিবাৰ"},{"$i":"weekday-5-long","$v":"শুক্ৰবাৰ"},{"$i":"weekday-6-long","$v":"শনিবাৰ"},{"$i":"weekday-0-short","$v":"দেও"},{"$i":"weekday-1-short","$v":"সোম"},{"$i":"weekday-2-short","$v":"মঙ্গল"},{"$i":"weekday-3-short","$v":"বুধ"},{"$i":"weekday-4-short","$v":"বৃহস্পতি"},{"$i":"weekday-5-short","$v":"শুক্ৰ"},{"$i":"weekday-6-short","$v":"শনি"},{"$i":"month-0-long","$v":"জানুৱাৰী"},{"$i":"month-1-long","$v":"ফেব্ৰুৱাৰী"},{"$i":"month-2-long","$v":"মাৰ্চ"},{"$i":"month-3-long","$v":"এপ্ৰিল"},{"$i":"month-4-long","$v":"মে"},{"$i":"month-5-long","$v":"জুন"},{"$i":"month-6-long","$v":"জুলাই"},{"$i":"month-7-long","$v":"আগষ্ট"},{"$i":"month-8-long","$v":"ছেপ্টেম্বৰ"},{"$i":"month-9-long","$v":"অক্টোবৰ"},{"$i":"month-10-long","$v":"নৱেম্বৰ"},{"$i":"month-11-long","$v":"ডিচেম্বৰ"},{"$i":"month-0-genitive","$v":"জানুৱাৰী"},{"$i":"month-1-genitive","$v":"ফেব্ৰুৱাৰী"},{"$i":"month-2-genitive","$v":"মাৰ্চ"},{"$i":"month-3-genitive","$v":"এপ্ৰিল"},{"$i":"month-4-genitive","$v":"মে"},{"$i":"month-5-genitive","$v":"জুন"},{"$i":"month-6-genitive","$v":"জুলাই"},{"$i":"month-7-genitive","$v":"আগষ্ট"},{"$i":"month-8-genitive","$v":"ছেপ্টেম্বৰ"},{"$i":"month-9-genitive","$v":"অক্টোবৰ"},{"$i":"month-10-genitive","$v":"নৱেম্বৰ"},{"$i":"month-11-genitive","$v":"ডিচেম্বৰ"},{"$i":"month-0-short","$v":"জানুৱাৰী"},{"$i":"month-1-short","$v":"ফেব্ৰুৱাৰী"},{"$i":"month-2-short","$v":"মাৰ্চ"},{"$i":"month-3-short","$v":"এপ্ৰিল"},{"$i":"month-4-short","$v":"মে"},{"$i":"month-5-short","$v":"জুন"},{"$i":"month-6-short","$v":"জুলাই"},{"$i":"month-7-short","$v":"আগষ্ট"},{"$i":"month-8-short","$v":"ছেপ্টেম্বৰ"},{"$i":"month-9-short","$v":"অক্টোবৰ"},{"$i":"month-10-short","$v":"নৱেম্বৰ"},{"$i":"month-11-short","$v":"ডিচেম্বৰ"},{"$i":"minutes-ago-long","$v":{"zero":"এইমাত্ৰ","one":"এক মিনিট আগতে","two":[{"t":"idOrVar","v":"value"}," মিনিট আগত"],"few":[{"t":"idOrVar","v":"value"}," মিনিট আগত"],"many":[{"t":"idOrVar","v":"value"}," মিনিট আগত"],"other":[{"t":"idOrVar","v":"value"}," মিনিট আগত"]},"$x":[{"t":"idOrVar","v":"plural"},"value"]},{"$i":"hours-ago-long","$v":{"zero":"এইমাত্ৰ","one":"এঘণ্টা আগতে","two":[{"t":"idOrVar","v":"value"}," ঘণ্টা আগত"],"few":[{"t":"idOrVar","v":"value"}," ঘণ্টা আগত"],"many":[{"t":"idOrVar","v":"value"}," ঘণ্টা আগত"],"other":[{"t":"idOrVar","v":"value"}," ঘণ্টা আগত"]},"$x":[{"t":"idOrVar","v":"plural"},"value"]},{"$i":"days-ago-long","$v":{"zero":"আজি","one":"যোৱাকালি","two":[{"t":"idOrVar","v":"value"}," দিন আগত"],"few":[{"t":"idOrVar","v":"value"}," দিন আগত"],"many":[{"t":"idOrVar","v":"value"}," দিন আগত"],"other":[{"t":"idOrVar","v":"value"}," দিন আগত"]},"$x":[{"t":"idOrVar","v":"plural"},"value"]},{"$i":"weeks-ago-long","$v":{"zero":"এইটো সপ্তাহ","one":"যোৱা সপ্তাহ","two":[{"t":"idOrVar","v":"value"}," সপ্তাহ আগত"],"few":[{"t":"idOrVar","v":"value"}," সপ্তাহ আগত"],"many":[{"t":"idOrVar","v":"value"}," সপ্তাহ আগত"],"other":[{"t":"idOrVar","v":"value"}," সপ্তাহ আগত"]},"$x":[{"t":"idOrVar","v":"plural"},"value"]},{"$i":"months-ago-long","$v":{"zero":"এইটো মাহ","one":"যোৱা মাহ","two":[{"t":"idOrVar","v":"value"}," মাহ আগত"],"few":[{"t":"idOrVar","v":"value"}," মাহ আগত"],"many":[{"t":"idOrVar","v":"value"}," মাহ আগত"],"other":[{"t":"idOrVar","v":"value"}," মাহ আগত"]},"$x":[{"t":"idOrVar","v":"plural"},"value"]},{"$i":"years-ago-long","$v":{"zero":"এইটো বছৰ","one":"যোৱা বছৰ","two":[{"t":"idOrVar","v":"value"}," বছৰ আগত"],"few":[{"t":"idOrVar","v":"value"}," বছৰ আগত"],"many":[{"t":"idOrVar","v":"value"}," বছৰ আগত"],"other":[{"t":"idOrVar","v":"value"}," বছৰ আগত"]},"$x":[{"t":"idOrVar","v":"plural"},"value"]},{"$i":"minutes-until-long","$v":{"zero":"এতিয়া","one":"এক মিনিটত","two":[{"t":"idOrVar","v":"value"}," মিনিটত"],"few":[{"t":"idOrVar","v":"value"}," মিনিটত"],"many":[{"t":"idOrVar","v":"value"}," মিনিটত"],"other":[{"t":"idOrVar","v":"value"}," মিনিটত"]},"$x":[{"t":"idOrVar","v":"plural"},"value"]},{"$i":"hours-until-long","$v":{"zero":"এতিয়া","one":"এক ঘণ্টাত","two":[{"t":"idOrVar","v":"value"}," ঘণ্টাত"],"few":[{"t":"idOrVar","v":"value"}," ঘণ্টাত"],"many":[{"t":"idOrVar","v":"value"}," ঘণ্টাত"],"other":[{"t":"idOrVar","v":"value"}," ঘণ্টাত"]},"$x":[{"t":"idOrVar","v":"plural"},"value"]},{"$i":"days-until-long","$v":{"zero":"আজি","one":"অহাকলি","two":[{"t":"idOrVar","v":"value"}," দিনত"],"few":[{"t":"idOrVar","v":"value"}," দিনত"],"many":[{"t":"idOrVar","v":"value"}," দিনত"],"other":[{"t":"idOrVar","v":"value"}," দিনত"]},"$x":[{"t":"idOrVar","v":"plural"},"value"]},{"$i":"weeks-until-long","$v":{"zero":"এইটো সপ্তাহ","one":"পৰৱৰ্তী সপ্তাহ","two":[{"t":"idOrVar","v":"value"}," সপ্তাহত"],"few":[{"t":"idOrVar","v":"value"}," সপ্তাহত"],"many":[{"t":"idOrVar","v":"value"}," সপ্তাহত"],"other":[{"t":"idOrVar","v":"value"}," সপ্তাহত"]},"$x":[{"t":"idOrVar","v":"plural"},"value"]},{"$i":"months-until-long","$v":{"zero":"এইটো মাহ","one":"পৰৱৰ্তী মাহ","two":[{"t":"idOrVar","v":"value"}," মাহত"],"few":[{"t":"idOrVar","v":"value"}," মাহত"],"many":[{"t":"idOrVar","v":"value"}," মাহত"],"other":[{"t":"idOrVar","v":"value"}," মাহত"]},"$x":[{"t":"idOrVar","v":"plural"},"value"]},{"$i":"years-until-long","$v":{"zero":"এইটো বছৰ","one":"পৰৱৰ্তী বছৰ","two":[{"t":"idOrVar","v":"value"}," বছৰত"],"few":[{"t":"idOrVar","v":"value"}," বছৰত"],"many":[{"t":"idOrVar","v":"value"}," বছৰত"],"other":[{"t":"idOrVar","v":"value"}," বছৰত"]},"$x":[{"t":"idOrVar","v":"plural"},"value"]},{"$i":"minutes-ago-short","$v":{"zero":"এইমাত্ৰ","other":[{"t":"idOrVar","v":"value"}," মিনিট আগত"]},"$x":[{"t":"idOrVar","v":"plural"},"value"]},{"$i":"hours-ago-short","$v":{"zero":"এইমাত্ৰ","other":[{"t":"idOrVar","v":"value"}," ঘণ্টা আগত"]},"$x":[{"t":"idOrVar","v":"plural"},"value"]},{"$i":"days-ago-short","$v":{"zero":"আজি","other":[{"t":"idOrVar","v":"value"}," দিন আগত"]},"$x":[{"t":"idOrVar","v":"plural"},"value"]},{"$i":"minutes-until-short","$v":{"zero":"এতিয়া","other":[{"t":"idOrVar","v":"value"}," মিনিটত"]},"$x":[{"t":"idOrVar","v":"plural"},"value"]},{"$i":"hours-until-short","$v":{"zero":"এতিয়া","other":[{"t":"idOrVar","v":"value"}," ঘণ্টাত"]},"$x":[{"t":"idOrVar","v":"plural"},"value"]},{"$i":"days-until-short","$v":{"zero":"আজি","other":[{"t":"idOrVar","v":"value"}," দিনত"]},"$x":[{"t":"idOrVar","v":"plural"},"value"]},{"$i":"incorrectDate","$v":"(অশুদ্ধ তাৰিখ)"},{"$i":"dateTimeFormat_%c","$v":"%a %b %e %Y %I:%M:%S %p"},{"$i":"dateTimeFormat_%x","$v":"%m/%d/%Y"},{"$i":"dateTimeFormat_%X","$v":"%I:%M:%S %p"},{"$i":"shortTimeFormat","$v":"%I:%M %p"},{"$i":"shortTimeFormat12","$v":"%I:%M %p"},{"$i":"shortTimeFormat24","$v":"%H:%M"},{"$i":"shortDateTimeFormat","$v":"%x %I:%M %p"},{"$i":"weekStartsOnMonday","$v":"0"},{"$i":"firstDayOfTheWeek","$v":"0"},{"$i":"time_am","$v":"AM"},{"$i":"time_pm","$v":"PM"},{"$i":"softkey-options","$v":"বিকল্পসমূহ"}]