[{"$i":"back","$v":"वापस"},{"$i":"save","$v":"बचाओ"},{"$i":"hide","$v":"छपैलो"},{"$i":"cancel","$v":"रद्द करो"},{"$i":"confirm","$v":"तस्दीक करो"},{"$i":"done","$v":"होई गेआ"},{"$i":"events","$v":"इवेंट्स रिमांइडर"},{"$i":"edit","$v":"एडिट"},{"$i":"allday-events","$v":"पूरे दिन दे इवेंट रिमाइंडर"},{"$i":"no-events","$v":"कोई इवेंट नेईं"},{"$i":"default","$v":"डिफाल्ट"},{"$i":"sync","$v":"सिंक करो"},{"$i":"show-today","$v":"अज्ज"},{"$i":"show-month-view","$v":"म्हीना"},{"$i":"show-week-view","$v":"हफ्ता"},{"$i":"show-day-view","$v":"दिन"},{"$i":"settings-show","$v":"सेटिंग्स"},{"$i":"settings-hide","$v":"सेटिंगां छपैलो"},{"$i":"add-account","$v":"इक खाता जोड़ो"},{"$i":"new-event","$v":"इवेंट जोड़ो"},{"$i":"view-event-header","$v":"इवेंट ब्योरा"},{"$i":"new-event-header","$v":"इवेंट जोड़ो"},{"$i":"edit-event-header","$v":"संपादत ईवेंट"},{"$i":"account-header","$v":"खाता"},{"$i":"account-list-header","$v":"स्हाब कताब"},{"$i":"advanced-settings-short-icon-button","ariaLabel":"सेटिंग्स"},{"$i":"advanced-settings-header","$v":"कैलेंडर सेटिंगां"},{"$i":"advanced-settings-personalization","$v":"बारबंराता अपडेट करो"},{"$i":"advanced-settings-reminders","$v":"रिमांइडर"},{"$i":"advanced-settings-add-account","$v":"खाता जोड़ो"},{"$i":"field-user","$v":"बरतूनक नांऽ"},{"$i":"field-password","$v":"पासवर्ड"},{"$i":"show-password","$v":"पासवर्ड दस्सो"},{"$i":"field-full-url","$v":"URL"},{"$i":"modify-account-setting-up","$v":"किरपा करियै इंतजार करो जिसलै थुआढ़ा खाता सेट अप होआ करदा होए"},{"$i":"modify-account-unable-to-sync","$v":"सिंक करने च असमर्थ"},{"$i":"modify-account-sign-in","$v":"साइन इन"},{"$i":"tcl-caldav","$v":"कैलडेव"},{"$i":"tcl-yahoo","$v":"Yahoo!"},{"$i":"tcl-google","$v":"Google"},{"$i":"preset-mozilla","$v":"मोजिला जिंबरा"},{"$i":"calendar-local","$v":"फोन कैलेंडर"},{"$i":"event-title","$v":"शीर्षक"},{"$i":"event-location","$v":"लोकेशन"},{"$i":"event-description","$v":"नोट्स"},{"$i":"event-is-allday","$v":"पूरे दिन दा इवेंट"},{"$i":"event-start-date","$v":"शुरू तरीक"},{"$i":"event-end-date","$v":"अंतम तरीक"},{"$i":"event-start-time","$v":"शुरू समां"},{"$i":"event-end-time","$v":"अंतम समां"},{"$i":"event-delete","$v":"ईवेंट डिलीट करो"},{"$i":"remove-account-data","$v":"कैलेंडर खाता हटाओ"},{"$i":"remove-account-dialog","$v":"खाता हटाओ"},{"$i":"remove-account-dialog-details","$v":["अपने डिवाइस थमां \"",{"t":"idOrVar","v":"email"},"\" हटाओ?"]},{"$i":"remove","$v":"हटाना"},{"$i":"drawer-sync-icon-button","ariaLabel":"सिंक करो"},{"$i":"sync-progress-syncing","ariaValueText":"सिंक करै करदा ऐ"},{"$i":"sync-progress-complete","ariaValueText":"सिंकिंग पूर्ण"},{"$i":"sync-frequency","$v":"कैलेंडर सिंक करो"},{"$i":"sync-frequency-15min","$v":"हर 15 मिंटें च"},{"$i":"sync-frequency-30min","$v":"हर 30 मिंटें च"},{"$i":"sync-frequency-manual","$v":"दस्ती"},{"$i":"one-day-duration-title","$v":[{"t":"idOrVar","v":"startDate"}]},{"$i":"one-day-duration-content","$v":[{"t":"idOrVar","v":"startTime"}," लेइयै ",{"t":"idOrVar","v":"endTime"}]},{"$i":"multiple-day-duration-title","$v":[{"t":"idOrVar","v":"startTime"}," थमां",{"t":"idOrVar","v":"startDate"}]},{"$i":"multiple-day-duration-content","$v":[{"t":"idOrVar","v":"endTime"}," ",{"t":"idOrVar","v":"endDate"},"लेई"]},{"$i":"one-all-day-duration-title","$v":"पूरा दिन"},{"$i":"one-all-day-duration-content","$v":[{"t":"idOrVar","v":"startDate"}]},{"$i":"multiple-all-day-duration-title","$v":[{"t":"idOrVar","v":"startDate"},"थमां पूरे दिन"]},{"$i":"multiple-all-day-duration-content","$v":[{"t":"idOrVar","v":"endDate"}," लेई"]},{"$i":"none","$v":"कोई बी नेईं"},{"$i":"reminder","$v":"ईवेंट रिमांइडर"},{"$i":"remind-me","$v":"मिगी चेता दुआएओ"},{"$i":"alarm-at-event-standard","$v":"इवेंट बेल्लै"},{"$i":"alarm-at-event-allday","$v":"इवेंट दे दिन"},{"$i":"alarm-start-notice","$v":[{"t":"idOrVar","v":"title"}," ",{"t":"idOrVar","v":"distance"}," शुरू"]},{"$i":"alarm-started-notice","$v":[{"t":"idOrVar","v":"title"}," ",{"t":"idOrVar","v":"distance"},"  शुरू होआ"]},{"$i":"minutes-before","$v":{"zero":"0 मिनट पैह्‌ले","one":"1 मिनट पैह्‌ले","two":[{"t":"idOrVar","v":"value"}," मिनट पैह्‌ले"],"few":[{"t":"idOrVar","v":"value"}," मिनट पैह्‌ले"],"many":[{"t":"idOrVar","v":"value"}," मिनट पैह्‌ले"],"other":[{"t":"idOrVar","v":"value"}," मिनट पैह्‌ले"]},"$x":[{"t":"idOrVar","v":"plural"},"value"]},{"$i":"hours-before","$v":{"zero":"0 घैंटे पैह्‌ले","one":"1 घंटा पैह्‌ले","two":[{"t":"idOrVar","v":"value"}," घैंटे पैह्‌ले"],"few":[{"t":"idOrVar","v":"value"}," घैंटे पैह्‌ले"],"many":[{"t":"idOrVar","v":"value"}," घैंटे पैह्‌ले"],"other":[{"t":"idOrVar","v":"value"}," घैंटे पैह्‌ले"]},"$x":[{"t":"idOrVar","v":"plural"},"value"]},{"$i":"days-before","$v":{"zero":"0 दिन पैह्‌ले","one":"1 दिन पैह्‌ले","two":[{"t":"idOrVar","v":"value"}," दिन पैह्‌ले"],"few":[{"t":"idOrVar","v":"value"}," दिन पैह्‌ले"],"many":[{"t":"idOrVar","v":"value"}," दिन पैह्‌ले"],"other":[{"t":"idOrVar","v":"value"}," दिन पैह्‌ले"]},"$x":[{"t":"idOrVar","v":"plural"},"value"]},{"$i":"weeks-before","$v":{"zero":"0 हफ्ते पैह्‌ले","one":"1 हफ्ते पैह्‌ले","two":[{"t":"idOrVar","v":"value"}," हफ्ते पैह्‌ले"],"few":[{"t":"idOrVar","v":"value"}," हफ्ते पैह्‌ले"],"many":[{"t":"idOrVar","v":"value"}," हफ्ते पैह्‌ले"],"other":[{"t":"idOrVar","v":"value"}," हफ्ते पैह्‌ले"]},"$x":[{"t":"idOrVar","v":"plural"},"value"]},{"$i":"months-before","$v":{"zero":"0 म्हीने पैह्‌ले","one":"1 म्हीने पैह्‌ले","two":[{"t":"idOrVar","v":"value"}," म्हीने पैह्‌ले"],"few":[{"t":"idOrVar","v":"value"}," म्हीने पैह्‌ले"],"many":[{"t":"idOrVar","v":"value"}," म्हीने पैह्‌ले"],"other":[{"t":"idOrVar","v":"value"}," म्हीने पैह्‌ले"]},"$x":[{"t":"idOrVar","v":"plural"},"value"]},{"$i":"years-before","$v":{"zero":"0 ब'रें पैह्‌ले","one":"1 ब'रे पैह्‌ले","two":[{"t":"idOrVar","v":"value"}," ब'रे पैह्‌ले"],"few":[{"t":"idOrVar","v":"value"}," ब'रे पैह्‌ले"],"many":[{"t":"idOrVar","v":"value"}," ब'रे पैह्‌ले"],"other":[{"t":"idOrVar","v":"value"}," ब'रे पैह्‌ले"]},"$x":[{"t":"idOrVar","v":"plural"},"value"]},{"$i":"minutes-after","$v":{"zero":"0 मिनट बाद","one":"1 मिनट बाद","two":[{"t":"idOrVar","v":"value"}," मिनट बाद"],"few":[{"t":"idOrVar","v":"value"}," मिनट बाद"],"many":[{"t":"idOrVar","v":"value"}," मिनट बाद"],"other":[{"t":"idOrVar","v":"value"}," मिनट बाद"]},"$x":[{"t":"idOrVar","v":"plural"},"value"]},{"$i":"hours-after","$v":{"zero":"0 घैंटे बाद","one":"1 घैंटे बाद","two":[{"t":"idOrVar","v":"value"}," घैंटे बाद"],"few":[{"t":"idOrVar","v":"value"}," घैंटे बाद"],"many":[{"t":"idOrVar","v":"value"}," घैंटे बाद"],"other":[{"t":"idOrVar","v":"value"}," घैंटे बाद"]},"$x":[{"t":"idOrVar","v":"plural"},"value"]},{"$i":"days-after","$v":{"zero":"0 दिन बाद","one":"1 दिन बाद","two":[{"t":"idOrVar","v":"value"}," दिन बाद"],"few":[{"t":"idOrVar","v":"value"}," दिन बाद"],"many":[{"t":"idOrVar","v":"value"}," दिन बाद"],"other":[{"t":"idOrVar","v":"value"}," दिन बाद"]},"$x":[{"t":"idOrVar","v":"plural"},"value"]},{"$i":"weeks-after","$v":{"zero":"0  हफ्ते बाद","one":"1 हफ्ते बाद","two":[{"t":"idOrVar","v":"value"}," हफ्ते बाद"],"few":[{"t":"idOrVar","v":"value"}," हफ्ते बाद"],"many":[{"t":"idOrVar","v":"value"}," हफ्ते बाद"],"other":[{"t":"idOrVar","v":"value"}," हफ्ते बाद"]},"$x":[{"t":"idOrVar","v":"plural"},"value"]},{"$i":"months-after","$v":{"zero":"0 म्हीने बाद","one":"1 म्हीने बाद","two":[{"t":"idOrVar","v":"value"}," म्हीने बाद"],"few":[{"t":"idOrVar","v":"value"}," म्हीने बाद"],"many":[{"t":"idOrVar","v":"value"}," म्हीने बाद"],"other":[{"t":"idOrVar","v":"value"}," म्हीने बाद"]},"$x":[{"t":"idOrVar","v":"plural"},"value"]},{"$i":"years-after","$v":{"zero":"0 ब'रें बाद","one":"1 ब'रें बाद","two":[{"t":"idOrVar","v":"value"}," ब'रे बाद"],"few":[{"t":"idOrVar","v":"value"}," ब'रे बाद"],"many":[{"t":"idOrVar","v":"value"}," ब'रे बाद"],"other":[{"t":"idOrVar","v":"value"}," ब'रे बाद"]},"$x":[{"t":"idOrVar","v":"plural"},"value"]},{"$i":"hour-format12","$v":"%I %p"},{"$i":"hour-format24","$v":"%H"},{"$i":"week-hour-format12","$v":"%I %p"},{"$i":"week-hour-format24","$v":"%H"},{"$i":"hour-allday","$v":"पूरा दिन"},{"$i":"tcl-week-day","$v":"%a\\n%e"},{"$i":"current-time12","$v":"%I:%M"},{"$i":"current-time24","$v":"%H:%M"},{"$i":"multi-month-view-header-format","$v":"%B %Y"},{"$i":"day-view-header-format","$v":"%A, %b %e"},{"$i":"months-day-view-header-format","$v":"%A, %b %e"},{"$i":"months-day-view-header-format-small","$v":{"$o":"%a <br/> %b, %e"}},{"$i":"week-view-header-format","$v":["हफ्ता ",{"t":"idOrVar","v":"value"},", %B %Y"]},{"$i":"longDateFormat","$v":"%A, %B %d, %Y"},{"$i":"longTimeFormat","$v":"%A %B %d"},{"$i":"longTimeFormat12","$v":"%A %B %d %I %p"},{"$i":"longTimeFormat24","$v":"%A %B %d %H बजे"},{"$i":"weekTimeFormat12","$v":"%I %p"},{"$i":"weekTimeFormat24","$v":"%H बजे"},{"$i":"weekDayFormat","$v":"%A the %d"},{"$i":"alldayLongTimeFormat","$v":"%A %B %d पूरा दिन"},{"$i":"dayHour12","$v":"%I %p"},{"$i":"dayHour24","$v":"%H बजे"},{"$i":"longDateTime12","$v":"%I %p, %a, %d %b, %Y"},{"$i":"longDateTime24","$v":"%H, %a, %d %b, %Y"},{"$i":"upcoming-events","$v":"औने आह्‌ले इवेंट्स"},{"$i":"search-results","$v":"तपाश परिणाम"},{"$i":"no-event-found","$v":"कोई इवेंट नेईं मिलेआ"},{"$i":"error-start-date-after-end-date","$v":"इवेंट अपनी शुरू तरीक थमां पैह्‌ले खत्म नेईं होई सकदा।"},{"$i":"error-start-time-after-end-time","$v":"इवेंट अपने शुरू समें थमां पैह्‌ले खत्म नेईं होई सकदा।"},{"$i":"error-unauthenticated","$v":"गलत बरतूनक नांऽ जां पासवर्ड। किरपा करियै परतियै कोशिश करो।"},{"$i":"error-internal-server-error","$v":"सर्वर त्रुटि, किरपा करियै परतियै कोशिश करो।"},{"$i":"error-unkown","$v":"सर्वर प्रतिक्रिया करियै अनुरोध सम्हाली नेईं सकदे।"},{"$i":"error-default","$v":"किश गल्त ऐ। फ्ही परतियै कोशिश करेओ।"},{"$i":"error-offline","$v":"इंटरनेट कन्नै कनेक्ट करने च असमर्थ। इंटरनेट एक्सेस करने लेई तुस WiFi जां मोबाइल डेटा दी बरतून करी सकदे ओ।"},{"$i":"error-account-exist","$v":"एह् खाता पैह्‌ले थमां गै मौजूद ऐ।"},{"$i":"error-edit-online-event","$v":"कोई इंटरनेट कनेक्शन नेईं होने करियै आनलाइन ईवेंट संपादत करने च असफल।"},{"$i":"error-delete-online-event","$v":"कोई इंटरनेट कनेक्शन नेईं होने करियै आनलाइन ईवेंट डिलीट करने च असफल।"},{"$i":"notification-error-sync-title","$v":"कैलेंडर सिंक त्रुटि"},{"$i":"notification-error-sync-description","$v":"होर जानकारी लेई टैप करो"},{"$i":"weekday-0-single-char","$v":"S","ariaLabel":"ऐतवार"},{"$i":"weekday-1-single-char","$v":"M","ariaLabel":"सोमवार"},{"$i":"weekday-2-single-char","$v":"T","ariaLabel":"मंगलवार"},{"$i":"weekday-3-single-char","$v":"W","ariaLabel":"बुधवार"},{"$i":"weekday-4-single-char","$v":"T","ariaLabel":"बीरवार"},{"$i":"weekday-5-single-char","$v":"F","ariaLabel":"शुक्रवार"},{"$i":"weekday-6-single-char","$v":"S","ariaLabel":"शनिवार"},{"$i":"busy","$v":{"zero":"कोई इवेंट नेईं","one":[{"t":"idOrVar","v":"n"}," ईवेंट"],"two":[{"t":"idOrVar","v":"n"}," इवेंट्स"],"few":[{"t":"idOrVar","v":"n"}," इवेंट्स"],"many":[{"t":"idOrVar","v":"n"}," इवेंट्स"],"other":[{"t":"idOrVar","v":"n"}," इवेंट्स"]},"$x":[{"t":"idOrVar","v":"plural"},"n"]},{"$i":"present","ariaLabel":"अज्ज"},{"$i":"past-other-month-description","ariaLabel":"होर म्हीने"},{"$i":"future-other-month-description","ariaLabel":"होर म्हीने"},{"$i":"icon-calendar-alarm","ariaLabel":"अलार्म ऐ"},{"$i":"calendars","ariaLabel":"कैलेंडर"},{"$i":"multi-day-new-event-link","ariaLabel":"इवेंट जोड़ो"},{"$i":"title","ariaLabel":"शीर्षक"},{"$i":"location","ariaLabel":"लोकेशन"},{"$i":"duration","ariaLabel":"अवधि"},{"$i":"calendar","ariaLabel":"कैलेंडर"},{"$i":"alarms","ariaLabel":"अलार्म"},{"$i":"description","ariaLabel":"ब्योरा"},{"$i":"start-date","ariaLabel":"शुरू तरीक"},{"$i":"start-time","ariaLabel":"शुरू समां"},{"$i":"end-date","ariaLabel":"अंतम तरीक"},{"$i":"end-time","ariaLabel":"अंतम समां"},{"$i":"during-progress-loading","ariaValueText":"लोड होए करदा ऐ"},{"$i":"all-day","ariaLabel":"पूरा दिन"},{"$i":"create-event","ariaLabel":"इवेंट बनाओ"},{"$i":"create-all-day-event","ariaLabel":"पूरे दिन दा ईवेंट बनाओ"},{"$i":"event-one-day-duration","ariaLabel":[{"t":"idOrVar","v":"startTime"}," थमां ",{"t":"idOrVar","v":"endTime"}," तगर"]},{"$i":"week-event-one-day-duration","ariaLabel":[{"t":"idOrVar","v":"startDate"}," थमां ",{"t":"idOrVar","v":"startTime"}," लेइयै ",{"t":"idOrVar","v":"endTime"}," तगर"]},{"$i":"event-multiple-day-duration","ariaLabel":[{"t":"idOrVar","v":"StartTime"}," ",{"t":"idOrVar","v":"startDate"}," थमां ",{"t":"idOrVar","v":"endTime"}," ",{"t":"idOrVar","v":"endDate"}]},{"$i":"tcl-event-added","$v":"इवेंट जोड़ेआ गेआ"},{"$i":"tcl-event-updated","$v":"इवेंट अपडेट कीता गेआ"},{"$i":"tcl-event-deleted","$v":"ईवेंट डिलीट कीता गेआ"},{"$i":"tcl-change-save","$v":"बदलाव सहेजेआ गेआ"},{"$i":"tcl-event-calendar","$v":"कैलेंडर"},{"$i":"tcl-single-event","$v":"इवेंट"},{"$i":"tcl-event-count","$v":"इवेंट्स"},{"$i":"tcl-sync-progress-syncing","$v":"सिंक करै करदा ऐ"},{"$i":"tcl-sync-progress-complete","$v":"सिंक पूरा होआ"},{"$i":"tcl-settings-sounds","$v":"साउंड"},{"$i":"tcl-tones","$v":"टोनां"},{"$i":"tcl-multi-events","$v":"इवेंट्स"},{"$i":"tcl-confirmation-title","$v":"पुश्टिकरण"},{"$i":"tcl-delete-selectedEvent-confirmation","$v":"चुनिंदा इवेंट डिलीट करो?"},{"$i":"tcl-deleteEvent-confirmation","$v":"ईवेंट डिलीट करो?"},{"$i":"tcl-event-search-header","$v":"तपाश","placeholder":"तपाश"},{"$i":"tcl-event-search-upcoming-events","$v":"औने आह्‌ले इवेंट्स"},{"$i":"tcl-delete","$v":"हटाना"},{"$i":"tcl-cancel","$v":"रद्द करो"},{"$i":"tcl-dialog-delete-sel","$v":"क्या तुस जकीनी तौर पर चुनिंदा ईवेंट गी डिलीट करना चांह्​दे ओ?"},{"$i":"tcl-delete-title","$v":"ईवेंट डिलीट करो"},{"$i":"tcl-save-changes","$v":"बदलाव सहेजो?"},{"$i":"tcl-save-message-back","$v":"सबूरा दाखल डेटा नश्ट होई जाह्‌ग। क्या तुस बदलावें गी सहेजना चांह्​दे ओ?"},{"$i":"tcl-save-message-close","$v":"एप्लिकेशन गी डेटा नुकसान कन्नै बंद करी दित्ता जाह्‌ग। क्या तुस बदलावें गी सहेजना चांह्​दे ओ?"},{"$i":"yes","$v":"हां"},{"$i":"no","$v":"नां"},{"$i":"confirmation","$v":"पुश्टिकरण"},{"$i":"ok","$v":"ठीक ऐ"},{"$i":"delete-event","$v":"चुनिंदा इवेंट डिलीट करो?"},{"$i":"tcl-settings-header","$v":"डिस्पले करने लेई कैलेंडर"},{"$i":"tcl-syncing","$v":"सिंक करै करदा ऐ…"},{"$i":"tcl-syncing-header","$v":"खाता सिंक"},{"$i":"options","$v":"विकल्प"},{"$i":"select","$v":"चुनो"},{"$i":"add-event","$v":"इवेंट जोड़ो"},{"$i":"weekly-view","$v":"हफ्तेबार दृश्श"},{"$i":"day-view","$v":"दिन दिक्खो"},{"$i":"month-view","$v":"म्हीना दृश्श"},{"$i":"today","$v":"अज्ज"},{"$i":"go","$v":"तरीक पर जाओ"},{"$i":"search","$v":"तपाश"},{"$i":"calendar-to-display","$v":"डिस्पले करने लेई कैलेंडर"},{"$i":"settings","$v":"सेटिंग्स"},{"$i":"delete","$v":"हटाना"},{"$i":"enter","$v":"Enter"},{"$i":"sync-calendar","$v":"कैलेंडर सिंक करो"},{"$i":"present-description","$v":["अज्ज",{"t":"idOrVar","v":"weekday"},"दी ",{"t":"idOrVar","v":"date"},"में"]},{"$i":"day-description","$v":[{"t":"idOrVar","v":"weekday"}," ",{"t":"idOrVar","v":"date"}," में"]},{"$i":"weekday-5","$v":"शुक्रवार"},{"$i":"weekday-4","$v":"बीरवार"},{"$i":"weekday-3","$v":"बुधवार"},{"$i":"weekday-2","$v":"मंगलवार"},{"$i":"weekday-1","$v":"सोमवार"},{"$i":"weekday-0","$v":"ऐतवार"},{"$i":"weekday-6","$v":"शनिवार"},{"$i":"no-title","$v":"(कोई शीर्शक नेईं)"},{"$i":"weekday-0-long","$v":"ऐतवार"},{"$i":"weekday-1-long","$v":"सोमवार"},{"$i":"weekday-2-long","$v":"मंगलवार"},{"$i":"weekday-3-long","$v":"बुधवार"},{"$i":"weekday-4-long","$v":"बीरवार"},{"$i":"weekday-5-long","$v":"शुक्रवार"},{"$i":"weekday-6-long","$v":"शनिवार"},{"$i":"weekday-0-short","$v":"ऐत"},{"$i":"weekday-1-short","$v":"सोम"},{"$i":"weekday-2-short","$v":"मंगल"},{"$i":"weekday-3-short","$v":"वेब"},{"$i":"weekday-4-short","$v":"वीर"},{"$i":"weekday-5-short","$v":"शुक्र"},{"$i":"weekday-6-short","$v":"शनि"},{"$i":"month-0-long","$v":"जनवरी"},{"$i":"month-1-long","$v":"फरवरी"},{"$i":"month-2-long","$v":"मार्च"},{"$i":"month-3-long","$v":"अप्रैल"},{"$i":"month-4-long","$v":"मई"},{"$i":"month-5-long","$v":"जून"},{"$i":"month-6-long","$v":"जुलाई"},{"$i":"month-7-long","$v":"अगस्त"},{"$i":"month-8-long","$v":"सितंबर"},{"$i":"month-9-long","$v":"अक्टूबर"},{"$i":"month-10-long","$v":"नवंबर"},{"$i":"month-11-long","$v":"दिसंबर"},{"$i":"month-0-genitive","$v":"जनवरी"},{"$i":"month-1-genitive","$v":"फरवरी"},{"$i":"month-2-genitive","$v":"मार्च"},{"$i":"month-3-genitive","$v":"अप्रैल"},{"$i":"month-4-genitive","$v":"मई"},{"$i":"month-5-genitive","$v":"जून"},{"$i":"month-6-genitive","$v":"जुलाई"},{"$i":"month-7-genitive","$v":"अगस्त"},{"$i":"month-8-genitive","$v":"सितंबर"},{"$i":"month-9-genitive","$v":"अक्टूबर"},{"$i":"month-10-genitive","$v":"नवंबर"},{"$i":"month-11-genitive","$v":"दिसंबर"},{"$i":"month-0-short","$v":"जनवरी"},{"$i":"month-1-short","$v":"फरवरी"},{"$i":"month-2-short","$v":"मार्च"},{"$i":"month-3-short","$v":"अप्रैल"},{"$i":"month-4-short","$v":"मई"},{"$i":"month-5-short","$v":"जून"},{"$i":"month-6-short","$v":"जुलाई"},{"$i":"month-7-short","$v":"अगस्त"},{"$i":"month-8-short","$v":"सितम्बर"},{"$i":"month-9-short","$v":"अक्टूबर"},{"$i":"month-10-short","$v":"नवंबर"},{"$i":"month-11-short","$v":"दिसंबर"},{"$i":"minutes-ago-long","$v":{"zero":"हूनै","one":"इक मिनट पैह्‌ले","two":[{"t":"idOrVar","v":"value"}," मिनट पैह्‌ले"],"few":[{"t":"idOrVar","v":"value"}," मिनट पैह्‌ले"],"many":[{"t":"idOrVar","v":"value"}," मिनट पैह्‌ले"],"other":[{"t":"idOrVar","v":"value"}," मिनट पैह्‌ले"]},"$x":[{"t":"idOrVar","v":"plural"},"value"]},{"$i":"hours-ago-long","$v":{"zero":"हूनै","one":"इक घैंटा पैह्‌ले","two":[{"t":"idOrVar","v":"value"}," घैंटे पैह्‌ले"],"few":[{"t":"idOrVar","v":"value"}," घैंटे पैह्‌ले"],"many":[{"t":"idOrVar","v":"value"}," घैंटे पैह्‌ले"],"other":[{"t":"idOrVar","v":"value"}," घैंटे पैह्‌ले"]},"$x":[{"t":"idOrVar","v":"plural"},"value"]},{"$i":"days-ago-long","$v":{"zero":"अज्ज","one":"कल","two":[{"t":"idOrVar","v":"value"}," दिन पैह्‌ले"],"few":[{"t":"idOrVar","v":"value"}," दिन पैह्‌ले"],"many":[{"t":"idOrVar","v":"value"}," दिन पैह्‌ले"],"other":[{"t":"idOrVar","v":"value"}," दिन पैह्‌ले"]},"$x":[{"t":"idOrVar","v":"plural"},"value"]},{"$i":"weeks-ago-long","$v":{"zero":"इस हफ्ते","one":"पिछले हफ्ते","two":[{"t":"idOrVar","v":"value"}," हफ्ते पैह्‌ले"],"few":[{"t":"idOrVar","v":"value"}," हफ्ते पैह्‌ले"],"many":[{"t":"idOrVar","v":"value"}," हफ्ते पैह्‌ले"],"other":[{"t":"idOrVar","v":"value"}," हफ्ते पैह्‌ले"]},"$x":[{"t":"idOrVar","v":"plural"},"value"]},{"$i":"months-ago-long","$v":{"zero":"इस म्हीने","one":"पिछले म्हीने","two":[{"t":"idOrVar","v":"value"}," म्हीने पैह्‌ले"],"few":[{"t":"idOrVar","v":"value"}," म्हीने पैह्‌ले"],"many":[{"t":"idOrVar","v":"value"}," म्हीने पैह्‌ले"],"other":[{"t":"idOrVar","v":"value"}," म्हीने पैह्‌ले"]},"$x":[{"t":"idOrVar","v":"plural"},"value"]},{"$i":"years-ago-long","$v":{"zero":"इस ब'रे","one":"पिछले ब'रे","two":[{"t":"idOrVar","v":"value"}," ब'रे पैह्‌ले"],"few":[{"t":"idOrVar","v":"value"}," ब'रे पैह्‌ले"],"many":[{"t":"idOrVar","v":"value"}," ब'रे पैह्‌ले"],"other":[{"t":"idOrVar","v":"value"}," ब'रे पैह्‌ले"]},"$x":[{"t":"idOrVar","v":"plural"},"value"]},{"$i":"minutes-until-long","$v":{"zero":"हून","one":"इक मिनट च","two":[{"t":"idOrVar","v":"value"}," मिनटें च"],"few":[{"t":"idOrVar","v":"value"}," मिनटें च"],"many":[{"t":"idOrVar","v":"value"}," मिनटें च"],"other":[{"t":"idOrVar","v":"value"}," मिनटें च"]},"$x":[{"t":"idOrVar","v":"plural"},"value"]},{"$i":"hours-until-long","$v":{"zero":"हून","one":"इक घैंटे च","two":[{"t":"idOrVar","v":"value"}," घैंटें च"],"few":[{"t":"idOrVar","v":"value"}," घैंटें च"],"many":[{"t":"idOrVar","v":"value"}," घैंटें च"],"other":[{"t":"idOrVar","v":"value"}," घैंटें च"]},"$x":[{"t":"idOrVar","v":"plural"},"value"]},{"$i":"days-until-long","$v":{"zero":"अज्ज","one":"कल","two":[{"t":"idOrVar","v":"value"}," दिनें च"],"few":[{"t":"idOrVar","v":"value"}," दिनें च"],"many":[{"t":"idOrVar","v":"value"}," दिनें च"],"other":[{"t":"idOrVar","v":"value"}," दिनें च"]},"$x":[{"t":"idOrVar","v":"plural"},"value"]},{"$i":"weeks-until-long","$v":{"zero":"इस हफ्ते","one":"अगले हफ्ते","two":[{"t":"idOrVar","v":"value"},"हफ्तें च"],"few":[{"t":"idOrVar","v":"value"},"हफ्तें च"],"many":[{"t":"idOrVar","v":"value"},"हफ्तें च"],"other":[{"t":"idOrVar","v":"value"},"हफ्तें च"]},"$x":[{"t":"idOrVar","v":"plural"},"value"]},{"$i":"months-until-long","$v":{"zero":"इस म्हीने","one":"अगले म्हीने","two":[{"t":"idOrVar","v":"value"}," म्हीनें च"],"few":[{"t":"idOrVar","v":"value"}," म्हीनें च"],"many":[{"t":"idOrVar","v":"value"}," म्हीनें च"],"other":[{"t":"idOrVar","v":"value"}," म्हीनें च"]},"$x":[{"t":"idOrVar","v":"plural"},"value"]},{"$i":"years-until-long","$v":{"zero":"इस ब'रे","one":"अगले ब'रे","two":[{"t":"idOrVar","v":"value"},"ब'रें च"],"few":[{"t":"idOrVar","v":"value"},"ब'रें च"],"many":[{"t":"idOrVar","v":"value"},"ब'रें च"],"other":[{"t":"idOrVar","v":"value"},"ब'रें च"]},"$x":[{"t":"idOrVar","v":"plural"},"value"]},{"$i":"minutes-ago-short","$v":{"zero":"हूनै","other":[{"t":"idOrVar","v":"value"}," मिनट पैह्‌ले"]},"$x":[{"t":"idOrVar","v":"plural"},"value"]},{"$i":"hours-ago-short","$v":{"zero":"हूनै","other":[{"t":"idOrVar","v":"value"}," घैंटे पैह्‌ले"]},"$x":[{"t":"idOrVar","v":"plural"},"value"]},{"$i":"days-ago-short","$v":{"zero":"अज्ज","other":[{"t":"idOrVar","v":"value"}," दिन पैह्‌ले"]},"$x":[{"t":"idOrVar","v":"plural"},"value"]},{"$i":"minutes-until-short","$v":{"zero":"हून","other":[{"t":"idOrVar","v":"value"},"मिनटें च"]},"$x":[{"t":"idOrVar","v":"plural"},"value"]},{"$i":"hours-until-short","$v":{"zero":"हून","other":[{"t":"idOrVar","v":"value"}," घैंटें च"]},"$x":[{"t":"idOrVar","v":"plural"},"value"]},{"$i":"days-until-short","$v":{"zero":"अज्ज","other":[{"t":"idOrVar","v":"value"},"दिनें च"]},"$x":[{"t":"idOrVar","v":"plural"},"value"]},{"$i":"incorrectDate","$v":"(गलत तरीक)"},{"$i":"dateTimeFormat_%c","$v":"%a %b %e %Y %I:%M:%S %p"},{"$i":"dateTimeFormat_%x","$v":"%m/%d/%Y"},{"$i":"dateTimeFormat_%X","$v":"%I:%M:%S %p"},{"$i":"shortTimeFormat","$v":"%I:%M %p"},{"$i":"shortTimeFormat12","$v":"%I:%M %p"},{"$i":"shortTimeFormat24","$v":"%H:%M"},{"$i":"shortDateTimeFormat","$v":"%x %I:%M %p"},{"$i":"weekStartsOnMonday","$v":"0"},{"$i":"firstDayOfTheWeek","$v":"0"},{"$i":"time_am","$v":"AM"},{"$i":"time_pm","$v":"PM"},{"$i":"softkey-options","$v":"विकल्प"}]