[{"$i":"back","$v":"Back"},{"$i":"save","$v":"Save"},{"$i":"hide","$v":"Hide"},{"$i":"cancel","$v":"Cancel"},{"$i":"confirm","$v":"Confirm"},{"$i":"done","$v":"Done"},{"$i":"events","$v":"Events Reminder"},{"$i":"edit","$v":"Edit"},{"$i":"allday-events","$v":"All-day Events Reminder"},{"$i":"no-events","$v":"No Events"},{"$i":"default","$v":"Default"},{"$i":"sync","$v":"Sync"},{"$i":"show-today","$v":"Today"},{"$i":"show-month-view","$v":"Month"},{"$i":"show-week-view","$v":"Week"},{"$i":"show-day-view","$v":"Day"},{"$i":"settings-show","$v":"Settings"},{"$i":"settings-hide","$v":"Hide settings"},{"$i":"add-account","$v":"Add an account"},{"$i":"new-event","$v":"Add event"},{"$i":"view-event-header","$v":"Event Details"},{"$i":"new-event-header","$v":"Add Event"},{"$i":"edit-event-header","$v":"Edit Event"},{"$i":"account-header","$v":"Account"},{"$i":"account-list-header","$v":"Accounts"},{"$i":"advanced-settings-short-icon-button","ariaLabel":"Settings"},{"$i":"advanced-settings-header","$v":"Calendar Settings"},{"$i":"advanced-settings-personalization","$v":"Update Frequency"},{"$i":"advanced-settings-reminders","$v":"Reminder"},{"$i":"advanced-settings-add-account","$v":"Add Account"},{"$i":"field-user","$v":"Username"},{"$i":"field-password","$v":"Password"},{"$i":"show-password","$v":"Show password"},{"$i":"field-full-url","$v":"URL"},{"$i":"modify-account-setting-up","$v":"Please wait while your account is getting set up."},{"$i":"modify-account-unable-to-sync","$v":"Unable to sync"},{"$i":"modify-account-sign-in","$v":"Sign in"},{"$i":"tcl-caldav","$v":"CalDav"},{"$i":"tcl-yahoo","$v":"Yahoo!"},{"$i":"tcl-google","$v":"Google"},{"$i":"preset-mozilla","$v":"Mozilla Zimbra"},{"$i":"calendar-local","$v":"Phone Calendar"},{"$i":"event-title","$v":"Title"},{"$i":"event-location","$v":"Location"},{"$i":"event-description","$v":"Notes"},{"$i":"event-is-allday","$v":"All-day Event"},{"$i":"event-start-date","$v":"Start Date"},{"$i":"event-end-date","$v":"End Date"},{"$i":"event-start-time","$v":"Start Time"},{"$i":"event-end-time","$v":"End Time"},{"$i":"event-delete","$v":"Delete event"},{"$i":"remove-account-data","$v":"Remove Calendar Account"},{"$i":"remove-account-dialog","$v":"Remove account"},{"$i":"remove-account-dialog-details","$v":["Remove \"",{"t":"idOrVar","v":"email"},"\" from your device?"]},{"$i":"remove","$v":"Remove"},{"$i":"drawer-sync-icon-button","ariaLabel":"Sync"},{"$i":"sync-progress-syncing","ariaValueText":"Syncing"},{"$i":"sync-progress-complete","ariaValueText":"Syncing complete"},{"$i":"sync-frequency","$v":"Sync Calendar"},{"$i":"sync-frequency-15min","$v":"Every 15 minutes"},{"$i":"sync-frequency-30min","$v":"Every 30 minutes"},{"$i":"sync-frequency-manual","$v":"Manually"},{"$i":"one-day-duration-title","$v":[{"t":"idOrVar","v":"startDate"}]},{"$i":"one-day-duration-content","$v":[{"t":"idOrVar","v":"startTime"}," to ",{"t":"idOrVar","v":"endTime"}]},{"$i":"multiple-day-duration-title","$v":["From ",{"t":"idOrVar","v":"startTime"}," ",{"t":"idOrVar","v":"startDate"}]},{"$i":"multiple-day-duration-content","$v":["To ",{"t":"idOrVar","v":"endTime"}," ",{"t":"idOrVar","v":"endDate"}]},{"$i":"one-all-day-duration-title","$v":"All day"},{"$i":"one-all-day-duration-content","$v":[{"t":"idOrVar","v":"startDate"}]},{"$i":"multiple-all-day-duration-title","$v":["All day from ",{"t":"idOrVar","v":"startDate"}]},{"$i":"multiple-all-day-duration-content","$v":["To ",{"t":"idOrVar","v":"endDate"}]},{"$i":"none","$v":"None"},{"$i":"reminder","$v":"Event Reminder"},{"$i":"remind-me","$v":"Remind me"},{"$i":"alarm-at-event-standard","$v":"At time of Event"},{"$i":"alarm-at-event-allday","$v":"On day of Event"},{"$i":"alarm-start-notice","$v":[{"t":"idOrVar","v":"title"}," starting ",{"t":"idOrVar","v":"distance"}]},{"$i":"alarm-started-notice","$v":[{"t":"idOrVar","v":"title"}," started ",{"t":"idOrVar","v":"distance"}]},{"$i":"minutes-before","$v":{"zero":"0 Minutes Before","one":"1 Minute Before","two":[{"t":"idOrVar","v":"value"}," Minutes Before"],"few":[{"t":"idOrVar","v":"value"}," Minutes Before"],"many":[{"t":"idOrVar","v":"value"}," Minutes Before"],"other":[{"t":"idOrVar","v":"value"}," Minutes Before"]},"$x":[{"t":"idOrVar","v":"plural"},"value"]},{"$i":"hours-before","$v":{"zero":"0 Hours Before","one":"1 Hour Before","two":[{"t":"idOrVar","v":"value"}," Hours Before"],"few":[{"t":"idOrVar","v":"value"}," Hours Before"],"many":[{"t":"idOrVar","v":"value"}," Hours Before"],"other":[{"t":"idOrVar","v":"value"}," Hours Before"]},"$x":[{"t":"idOrVar","v":"plural"},"value"]},{"$i":"days-before","$v":{"zero":"0 Days Before","one":"1 Day Before","two":[{"t":"idOrVar","v":"value"}," Days Before"],"few":[{"t":"idOrVar","v":"value"}," Days Before"],"many":[{"t":"idOrVar","v":"value"}," Days Before"],"other":[{"t":"idOrVar","v":"value"}," Days Before"]},"$x":[{"t":"idOrVar","v":"plural"},"value"]},{"$i":"weeks-before","$v":{"zero":"0 Weeks Before","one":"1 Week Before","two":[{"t":"idOrVar","v":"value"}," Weeks Before"],"few":[{"t":"idOrVar","v":"value"}," Weeks Before"],"many":[{"t":"idOrVar","v":"value"}," Weeks Before"],"other":[{"t":"idOrVar","v":"value"}," Weeks Before"]},"$x":[{"t":"idOrVar","v":"plural"},"value"]},{"$i":"months-before","$v":{"zero":"0 Months Before","one":"1 Month Before","two":[{"t":"idOrVar","v":"value"}," Months Before"],"few":[{"t":"idOrVar","v":"value"}," Months Before"],"many":[{"t":"idOrVar","v":"value"}," Months Before"],"other":[{"t":"idOrVar","v":"value"}," Months Before"]},"$x":[{"t":"idOrVar","v":"plural"},"value"]},{"$i":"years-before","$v":{"zero":"0 Years Before","one":"1 Year Before","two":[{"t":"idOrVar","v":"value"}," Years Before"],"few":[{"t":"idOrVar","v":"value"}," Years Before"],"many":[{"t":"idOrVar","v":"value"}," Years Before"],"other":[{"t":"idOrVar","v":"value"}," Years Before"]},"$x":[{"t":"idOrVar","v":"plural"},"value"]},{"$i":"minutes-after","$v":{"zero":"0 Minutes After","one":"1 Minute After","two":[{"t":"idOrVar","v":"value"}," Minutes After"],"few":[{"t":"idOrVar","v":"value"}," Minutes After"],"many":[{"t":"idOrVar","v":"value"}," Minutes After"],"other":[{"t":"idOrVar","v":"value"}," Minutes After"]},"$x":[{"t":"idOrVar","v":"plural"},"value"]},{"$i":"hours-after","$v":{"zero":"0 Hours After","one":"1 Hour After","two":[{"t":"idOrVar","v":"value"}," Hours After"],"few":[{"t":"idOrVar","v":"value"}," Hours After"],"many":[{"t":"idOrVar","v":"value"}," Hours After"],"other":[{"t":"idOrVar","v":"value"}," Hours After"]},"$x":[{"t":"idOrVar","v":"plural"},"value"]},{"$i":"days-after","$v":{"zero":"0 Days After","one":"1 Day After","two":[{"t":"idOrVar","v":"value"}," Days After"],"few":[{"t":"idOrVar","v":"value"}," Days After"],"many":[{"t":"idOrVar","v":"value"}," Days After"],"other":[{"t":"idOrVar","v":"value"}," Days After"]},"$x":[{"t":"idOrVar","v":"plural"},"value"]},{"$i":"weeks-after","$v":{"zero":"0 Weeks After","one":"1 Week After","two":[{"t":"idOrVar","v":"value"}," Weeks After"],"few":[{"t":"idOrVar","v":"value"}," Weeks After"],"many":[{"t":"idOrVar","v":"value"}," Weeks After"],"other":[{"t":"idOrVar","v":"value"}," Weeks After"]},"$x":[{"t":"idOrVar","v":"plural"},"value"]},{"$i":"months-after","$v":{"zero":"0 Months After","one":"1 Month After","two":[{"t":"idOrVar","v":"value"}," Months After"],"few":[{"t":"idOrVar","v":"value"}," Months After"],"many":[{"t":"idOrVar","v":"value"}," Months After"],"other":[{"t":"idOrVar","v":"value"}," Months After"]},"$x":[{"t":"idOrVar","v":"plural"},"value"]},{"$i":"years-after","$v":{"zero":"0 Years After","one":"1 Year After","two":[{"t":"idOrVar","v":"value"}," Years After"],"few":[{"t":"idOrVar","v":"value"}," Years After"],"many":[{"t":"idOrVar","v":"value"}," Years After"],"other":[{"t":"idOrVar","v":"value"}," Years After"]},"$x":[{"t":"idOrVar","v":"plural"},"value"]},{"$i":"hour-format12","$v":"%I %p"},{"$i":"hour-format24","$v":"%H"},{"$i":"week-hour-format12","$v":"%I %p"},{"$i":"week-hour-format24","$v":"%H"},{"$i":"hour-allday","$v":"All Day"},{"$i":"tcl-week-day","$v":"%a\\n%e"},{"$i":"current-time12","$v":"%I:%M"},{"$i":"current-time24","$v":"%H:%M"},{"$i":"multi-month-view-header-format","$v":"%B %Y"},{"$i":"day-view-header-format","$v":"%A, %B %e"},{"$i":"months-day-view-header-format","$v":"%A, %B %e"},{"$i":"months-day-view-header-format-small","$v":{"$o":"%a <br/> %b, %e"}},{"$i":"week-view-header-format","$v":["Week ",{"t":"idOrVar","v":"value"},", %B %Y"]},{"$i":"longDateFormat","$v":"%A, %B %d, %Y"},{"$i":"longTimeFormat","$v":"%A %B %d"},{"$i":"longTimeFormat12","$v":"%A %B %d %I %p"},{"$i":"longTimeFormat24","$v":"%A %B %d %H o clock"},{"$i":"weekTimeFormat12","$v":"%I %p"},{"$i":"weekTimeFormat24","$v":"%H o clock"},{"$i":"weekDayFormat","$v":"%A the %d"},{"$i":"alldayLongTimeFormat","$v":"%A %B %d all day"},{"$i":"dayHour12","$v":"%I %p"},{"$i":"dayHour24","$v":"%H o clock"},{"$i":"longDateTime12","$v":"%I %p, %a, %d %b, %Y"},{"$i":"longDateTime24","$v":"%H, %a, %d %b, %Y"},{"$i":"upcoming-events","$v":"Upcoming Events"},{"$i":"search-results","$v":"Search Results"},{"$i":"no-event-found","$v":"No Events Found"},{"$i":"error-start-date-after-end-date","$v":"The event can not end before its start date."},{"$i":"error-start-time-after-end-time","$v":"The event can not end before its start time."},{"$i":"error-unauthenticated","$v":"Incorrect user name or password, please try again."},{"$i":"error-internal-server-error","$v":"Server error, please try again."},{"$i":"error-unkown","$v":"Cannot handle request due to server response."},{"$i":"error-default","$v":"Something is wrong. Try again later."},{"$i":"error-offline","$v":"Unable to connect to internet. You can use Wi-Fi or mobile data to access the internet."},{"$i":"error-account-exist","$v":"This account already exists."},{"$i":"error-edit-online-event","$v":"Failed to edit online event because there is no internet connection."},{"$i":"error-delete-online-event","$v":"Failed to delete online event because there is no internet connection."},{"$i":"notification-error-sync-title","$v":"Calendar sync error"},{"$i":"notification-error-sync-description","$v":"Tap for more info"},{"$i":"weekday-0-single-char","$v":"S","ariaLabel":"Sunday"},{"$i":"weekday-1-single-char","$v":"M","ariaLabel":"Monday"},{"$i":"weekday-2-single-char","$v":"T","ariaLabel":"Tuesday"},{"$i":"weekday-3-single-char","$v":"W","ariaLabel":"Wednesday"},{"$i":"weekday-4-single-char","$v":"T","ariaLabel":"Thursday"},{"$i":"weekday-5-single-char","$v":"F","ariaLabel":"Friday"},{"$i":"weekday-6-single-char","$v":"S","ariaLabel":"Saturday"},{"$i":"busy","$v":{"zero":"No events","one":[{"t":"idOrVar","v":"n"}," event"],"two":[{"t":"idOrVar","v":"n"}," events"],"few":[{"t":"idOrVar","v":"n"}," events"],"many":[{"t":"idOrVar","v":"n"}," events"],"other":[{"t":"idOrVar","v":"n"}," events"]},"$x":[{"t":"idOrVar","v":"plural"},"n"]},{"$i":"present","ariaLabel":"Today"},{"$i":"past-other-month-description","ariaLabel":"Other month"},{"$i":"future-other-month-description","ariaLabel":"Other month"},{"$i":"icon-calendar-alarm","ariaLabel":"Has alarm"},{"$i":"calendars","ariaLabel":"Calendars"},{"$i":"multi-day-new-event-link","ariaLabel":"Add event"},{"$i":"title","ariaLabel":"Title"},{"$i":"location","ariaLabel":"Location"},{"$i":"duration","ariaLabel":"Duration"},{"$i":"calendar","ariaLabel":"Calendar"},{"$i":"alarms","ariaLabel":"Alarms"},{"$i":"description","ariaLabel":"Description"},{"$i":"start-date","ariaLabel":"Start date"},{"$i":"start-time","ariaLabel":"Start time"},{"$i":"end-date","ariaLabel":"End date"},{"$i":"end-time","ariaLabel":"End time"},{"$i":"during-progress-loading","ariaValueText":"Loading"},{"$i":"all-day","ariaLabel":"All day"},{"$i":"create-event","ariaLabel":"Create event"},{"$i":"create-all-day-event","ariaLabel":"Create all day event"},{"$i":"event-one-day-duration","ariaLabel":["from ",{"t":"idOrVar","v":"startTime"}," to ",{"t":"idOrVar","v":"endTime"}]},{"$i":"week-event-one-day-duration","ariaLabel":[{"t":"idOrVar","v":"startDate"}," from ",{"t":"idOrVar","v":"startTime"}," to ",{"t":"idOrVar","v":"endTime"}]},{"$i":"event-multiple-day-duration","ariaLabel":["From ",{"t":"idOrVar","v":"startTime"}," ",{"t":"idOrVar","v":"startDate"}," to ",{"t":"idOrVar","v":"endTime"}," ",{"t":"idOrVar","v":"endDate"}]},{"$i":"tcl-event-added","$v":"Event added"},{"$i":"tcl-event-updated","$v":"Event updated"},{"$i":"tcl-event-deleted","$v":"Event deleted"},{"$i":"tcl-change-save","$v":"Changes saved"},{"$i":"tcl-event-calendar","$v":"Calendar"},{"$i":"tcl-single-event","$v":"Event"},{"$i":"tcl-event-count","$v":"Events"},{"$i":"tcl-sync-progress-syncing","$v":"Syncing"},{"$i":"tcl-sync-progress-complete","$v":"Sync completed"},{"$i":"tcl-settings-sounds","$v":"Sounds"},{"$i":"tcl-tones","$v":"Tones"},{"$i":"tcl-multi-events","$v":"Events"},{"$i":"tcl-confirmation-title","$v":"Confirmation"},{"$i":"tcl-delete-selectedEvent-confirmation","$v":"Delete Selected event?"},{"$i":"tcl-deleteEvent-confirmation","$v":"Delete event?"},{"$i":"tcl-event-search-header","$v":"Search","placeholder":"Search"},{"$i":"tcl-event-search-upcoming-events","$v":"Upcoming Events"},{"$i":"tcl-delete","$v":"Delete"},{"$i":"tcl-cancel","$v":"Cancel"},{"$i":"tcl-dialog-delete-sel","$v":"Are you sure you want to delete selected event?"},{"$i":"tcl-delete-title","$v":"Delete Event"},{"$i":"tcl-save-changes","$v":"Save Changes?"},{"$i":"tcl-save-message-back","$v":"All entered data will be lost. Do you want to save changes?"},{"$i":"tcl-save-message-close","$v":"Application will be closed with data loss. Do you want to save changes?"},{"$i":"yes","$v":"Yes"},{"$i":"no","$v":"No"},{"$i":"confirmation","$v":"Confirmation"},{"$i":"ok","$v":"Ok"},{"$i":"delete-event","$v":"Delete Selected event?"},{"$i":"tcl-settings-header","$v":"Calendar to Display"},{"$i":"tcl-syncing","$v":"Syncing..."},{"$i":"tcl-syncing-header","$v":"Account Sync"},{"$i":"options","$v":"Options"},{"$i":"select","$v":"Select"},{"$i":"add-event","$v":"Add Event"},{"$i":"weekly-view","$v":"Weekly View"},{"$i":"day-view","$v":"Day View"},{"$i":"month-view","$v":"Month View"},{"$i":"today","$v":"Today"},{"$i":"go","$v":"Go to Date"},{"$i":"search","$v":"Search"},{"$i":"calendar-to-display","$v":"Calendar to Display"},{"$i":"settings","$v":"Settings"},{"$i":"delete","$v":"Delete"},{"$i":"enter","$v":"Enter"},{"$i":"sync-calendar","$v":"Sync calendar"},{"$i":"present-description","$v":["Today ",{"t":"idOrVar","v":"weekday"}," the ",{"t":"idOrVar","v":"date"},"th"]},{"$i":"day-description","$v":[{"t":"idOrVar","v":"weekday"}," the ",{"t":"idOrVar","v":"date"},"th"]},{"$i":"weekday-5","$v":"Friday"},{"$i":"weekday-4","$v":"Thursday"},{"$i":"weekday-3","$v":"Wednesday"},{"$i":"weekday-2","$v":"Tuesday"},{"$i":"weekday-1","$v":"Monday"},{"$i":"weekday-0","$v":"Sunday"},{"$i":"weekday-6","$v":"Saturday"},{"$i":"no-title","$v":"(No Title)"},{"$i":"weekday-0-long","$v":"Sunday"},{"$i":"weekday-1-long","$v":"Monday"},{"$i":"weekday-2-long","$v":"Tuesday"},{"$i":"weekday-3-long","$v":"Wednesday"},{"$i":"weekday-4-long","$v":"Thursday"},{"$i":"weekday-5-long","$v":"Friday"},{"$i":"weekday-6-long","$v":"Saturday"},{"$i":"weekday-0-short","$v":"Sun"},{"$i":"weekday-1-short","$v":"Mon"},{"$i":"weekday-2-short","$v":"Tue"},{"$i":"weekday-3-short","$v":"Wed"},{"$i":"weekday-4-short","$v":"Thu"},{"$i":"weekday-5-short","$v":"Fri"},{"$i":"weekday-6-short","$v":"Sat"},{"$i":"month-0-long","$v":"January"},{"$i":"month-1-long","$v":"February"},{"$i":"month-2-long","$v":"March"},{"$i":"month-3-long","$v":"April"},{"$i":"month-4-long","$v":"May"},{"$i":"month-5-long","$v":"June"},{"$i":"month-6-long","$v":"July"},{"$i":"month-7-long","$v":"August"},{"$i":"month-8-long","$v":"September"},{"$i":"month-9-long","$v":"October"},{"$i":"month-10-long","$v":"November"},{"$i":"month-11-long","$v":"December"},{"$i":"month-0-genitive","$v":"January"},{"$i":"month-1-genitive","$v":"February"},{"$i":"month-2-genitive","$v":"March"},{"$i":"month-3-genitive","$v":"April"},{"$i":"month-4-genitive","$v":"May"},{"$i":"month-5-genitive","$v":"June"},{"$i":"month-6-genitive","$v":"July"},{"$i":"month-7-genitive","$v":"August"},{"$i":"month-8-genitive","$v":"September"},{"$i":"month-9-genitive","$v":"October"},{"$i":"month-10-genitive","$v":"November"},{"$i":"month-11-genitive","$v":"December"},{"$i":"month-0-short","$v":"Jan"},{"$i":"month-1-short","$v":"Feb"},{"$i":"month-2-short","$v":"Mar"},{"$i":"month-3-short","$v":"Apr"},{"$i":"month-4-short","$v":"May"},{"$i":"month-5-short","$v":"Jun"},{"$i":"month-6-short","$v":"Jul"},{"$i":"month-7-short","$v":"Aug"},{"$i":"month-8-short","$v":"Sep"},{"$i":"month-9-short","$v":"Oct"},{"$i":"month-10-short","$v":"Nov"},{"$i":"month-11-short","$v":"Dec"},{"$i":"minutes-ago-long","$v":{"zero":"just now","one":"a minute ago","two":[{"t":"idOrVar","v":"value"}," minutes ago"],"few":[{"t":"idOrVar","v":"value"}," minutes ago"],"many":[{"t":"idOrVar","v":"value"}," minutes ago"],"other":[{"t":"idOrVar","v":"value"}," minutes ago"]},"$x":[{"t":"idOrVar","v":"plural"},"value"]},{"$i":"hours-ago-long","$v":{"zero":"just now","one":"an hour ago","two":[{"t":"idOrVar","v":"value"}," hours ago"],"few":[{"t":"idOrVar","v":"value"}," hours ago"],"many":[{"t":"idOrVar","v":"value"}," hours ago"],"other":[{"t":"idOrVar","v":"value"}," hours ago"]},"$x":[{"t":"idOrVar","v":"plural"},"value"]},{"$i":"days-ago-long","$v":{"zero":"today","one":"yesterday","two":[{"t":"idOrVar","v":"value"}," days ago"],"few":[{"t":"idOrVar","v":"value"}," days ago"],"many":[{"t":"idOrVar","v":"value"}," days ago"],"other":[{"t":"idOrVar","v":"value"}," days ago"]},"$x":[{"t":"idOrVar","v":"plural"},"value"]},{"$i":"weeks-ago-long","$v":{"zero":"this week","one":"last week","two":[{"t":"idOrVar","v":"value"}," weeks ago"],"few":[{"t":"idOrVar","v":"value"}," weeks ago"],"many":[{"t":"idOrVar","v":"value"}," weeks ago"],"other":[{"t":"idOrVar","v":"value"}," weeks ago"]},"$x":[{"t":"idOrVar","v":"plural"},"value"]},{"$i":"months-ago-long","$v":{"zero":"this month","one":"last month","two":[{"t":"idOrVar","v":"value"}," months ago"],"few":[{"t":"idOrVar","v":"value"}," months ago"],"many":[{"t":"idOrVar","v":"value"}," months ago"],"other":[{"t":"idOrVar","v":"value"}," months ago"]},"$x":[{"t":"idOrVar","v":"plural"},"value"]},{"$i":"years-ago-long","$v":{"zero":"this year","one":"last year","two":[{"t":"idOrVar","v":"value"}," years ago"],"few":[{"t":"idOrVar","v":"value"}," years ago"],"many":[{"t":"idOrVar","v":"value"}," years ago"],"other":[{"t":"idOrVar","v":"value"}," years ago"]},"$x":[{"t":"idOrVar","v":"plural"},"value"]},{"$i":"minutes-until-long","$v":{"zero":"now","one":"in a minute","two":["in ",{"t":"idOrVar","v":"value"}," minutes"],"few":["in ",{"t":"idOrVar","v":"value"}," minutes"],"many":["in ",{"t":"idOrVar","v":"value"}," minutes"],"other":["in ",{"t":"idOrVar","v":"value"}," minutes"]},"$x":[{"t":"idOrVar","v":"plural"},"value"]},{"$i":"hours-until-long","$v":{"zero":"now","one":"in an hour","two":["in ",{"t":"idOrVar","v":"value"}," hours"],"few":["in ",{"t":"idOrVar","v":"value"}," hours"],"many":["in ",{"t":"idOrVar","v":"value"}," hours"],"other":["in ",{"t":"idOrVar","v":"value"}," hours"]},"$x":[{"t":"idOrVar","v":"plural"},"value"]},{"$i":"days-until-long","$v":{"zero":"today","one":"tomorrow","two":["in ",{"t":"idOrVar","v":"value"}," days"],"few":["in ",{"t":"idOrVar","v":"value"}," days"],"many":["in ",{"t":"idOrVar","v":"value"}," days"],"other":["in ",{"t":"idOrVar","v":"value"}," days"]},"$x":[{"t":"idOrVar","v":"plural"},"value"]},{"$i":"weeks-until-long","$v":{"zero":"this week","one":"next week","two":["in ",{"t":"idOrVar","v":"value"}," weeks"],"few":["in ",{"t":"idOrVar","v":"value"}," weeks"],"many":["in ",{"t":"idOrVar","v":"value"}," weeks"],"other":["in ",{"t":"idOrVar","v":"value"}," weeks"]},"$x":[{"t":"idOrVar","v":"plural"},"value"]},{"$i":"months-until-long","$v":{"zero":"this month","one":"next month","two":["in ",{"t":"idOrVar","v":"value"}," months"],"few":["in ",{"t":"idOrVar","v":"value"}," months"],"many":["in ",{"t":"idOrVar","v":"value"}," months"],"other":["in ",{"t":"idOrVar","v":"value"}," months"]},"$x":[{"t":"idOrVar","v":"plural"},"value"]},{"$i":"years-until-long","$v":{"zero":"this year","one":"next year","two":["in ",{"t":"idOrVar","v":"value"}," years"],"few":["in ",{"t":"idOrVar","v":"value"}," years"],"many":["in ",{"t":"idOrVar","v":"value"}," years"],"other":["in ",{"t":"idOrVar","v":"value"}," years"]},"$x":[{"t":"idOrVar","v":"plural"},"value"]},{"$i":"minutes-ago-short","$v":{"zero":"just now","other":[{"t":"idOrVar","v":"value"},"m ago"]},"$x":[{"t":"idOrVar","v":"plural"},"value"]},{"$i":"hours-ago-short","$v":{"zero":"just now","other":[{"t":"idOrVar","v":"value"},"h ago"]},"$x":[{"t":"idOrVar","v":"plural"},"value"]},{"$i":"days-ago-short","$v":{"zero":"today","other":[{"t":"idOrVar","v":"value"},"d ago"]},"$x":[{"t":"idOrVar","v":"plural"},"value"]},{"$i":"minutes-until-short","$v":{"zero":"now","other":["in ",{"t":"idOrVar","v":"value"},"m"]},"$x":[{"t":"idOrVar","v":"plural"},"value"]},{"$i":"hours-until-short","$v":{"zero":"now","other":["in ",{"t":"idOrVar","v":"value"},"h"]},"$x":[{"t":"idOrVar","v":"plural"},"value"]},{"$i":"days-until-short","$v":{"zero":"today","other":["in ",{"t":"idOrVar","v":"value"},"d"]},"$x":[{"t":"idOrVar","v":"plural"},"value"]},{"$i":"incorrectDate","$v":"(incorrect date)"},{"$i":"dateTimeFormat_%c","$v":"%a %b %e %Y %I:%M:%S %p"},{"$i":"dateTimeFormat_%x","$v":"%m/%d/%Y"},{"$i":"dateTimeFormat_%X","$v":"%I:%M:%S %p"},{"$i":"shortTimeFormat","$v":"%I:%M %p"},{"$i":"shortTimeFormat12","$v":"%I:%M %p"},{"$i":"shortTimeFormat24","$v":"%H:%M"},{"$i":"shortDateTimeFormat","$v":"%x %I:%M %p"},{"$i":"weekStartsOnMonday","$v":"0"},{"$i":"firstDayOfTheWeek","$v":"0"},{"$i":"time_am","$v":"AM"},{"$i":"time_pm","$v":"PM"},{"$i":"softkey-options","$v":"Options"}]