[{"$i":"back","$v":"પાછળ"},{"$i":"save","$v":"સેવ કરો"},{"$i":"hide","$v":"છુપાવો"},{"$i":"cancel","$v":"રદ કરો"},{"$i":"confirm","$v":"પુષ્ટિ કરો"},{"$i":"done","$v":"થઈ ગયું"},{"$i":"events","$v":"ઇવેન્ટ રિમાઇન્ડર"},{"$i":"edit","$v":"સંપાદિત કરો"},{"$i":"allday-events","$v":"આખા દિવસની ઇવેન્ટ્સનું રિમાઇન્ડર"},{"$i":"no-events","$v":"કોઈ ઇવેન્ટ નથી"},{"$i":"default","$v":"ડિફોલ્ટ"},{"$i":"sync","$v":"સિંક"},{"$i":"show-today","$v":"આજે"},{"$i":"show-month-view","$v":"મહિનો"},{"$i":"show-week-view","$v":"અઠવાડિયું"},{"$i":"show-day-view","$v":"દિવસ"},{"$i":"settings-show","$v":"સેટિંગ્સ"},{"$i":"settings-hide","$v":"સેટિંગ્સ છુપાવો"},{"$i":"add-account","$v":"એક એકાઉન્ટ ઉમેરો"},{"$i":"new-event","$v":"ઇવેન્ટ ઉમેરો"},{"$i":"view-event-header","$v":"ઇવેન્ટ વિગતો"},{"$i":"new-event-header","$v":"ઇવેન્ટ ઉમેરો"},{"$i":"edit-event-header","$v":"ઇવેન્ટ સંપાદિત કરો"},{"$i":"account-header","$v":"એકાઉન્ટ"},{"$i":"account-list-header","$v":"એકાઉન્ટ્સ"},{"$i":"advanced-settings-short-icon-button","ariaLabel":"સેટિંગ્સ"},{"$i":"advanced-settings-header","$v":"કૅલેન્ડર સેટિંગ્સ"},{"$i":"advanced-settings-personalization","$v":"આવૃત્તિ અપડેટ કરો"},{"$i":"advanced-settings-reminders","$v":"રિમાઇન્ડર"},{"$i":"advanced-settings-add-account","$v":"એકાઉન્ટ ઉમેરો"},{"$i":"field-user","$v":"યુઝરનેમ"},{"$i":"field-password","$v":"પાસવર્ડ"},{"$i":"show-password","$v":"પાસવર્ડ બતાવો"},{"$i":"field-full-url","$v":"URL"},{"$i":"modify-account-setting-up","$v":"તમારું એકાઉન્ટ સેટ કરવામાં આવે ત્યાં સુધી કૃપા કરી પ્રતીક્ષા કરો"},{"$i":"modify-account-unable-to-sync","$v":"સિંક કરવામાં અસમર્થ"},{"$i":"modify-account-sign-in","$v":"સાઇન ઇન કરો"},{"$i":"tcl-caldav","$v":"CalDav"},{"$i":"tcl-yahoo","$v":"યાહુ!"},{"$i":"tcl-google","$v":"ગુગલ"},{"$i":"preset-mozilla","$v":"Mozilla Zimbra"},{"$i":"calendar-local","$v":"ફોન કૅલેન્ડર"},{"$i":"event-title","$v":"શીર્ષક"},{"$i":"event-location","$v":"સ્થળ"},{"$i":"event-description","$v":"નોંધ"},{"$i":"event-is-allday","$v":"આખા દિવસની ઇવેન્ટ"},{"$i":"event-start-date","$v":"પ્રારંભ તારીખ"},{"$i":"event-end-date","$v":"સમાપ્તિ તારીખ"},{"$i":"event-start-time","$v":"પ્રારંભ સમય"},{"$i":"event-end-time","$v":"સમાપ્તિ સમય"},{"$i":"event-delete","$v":"ઇવેન્ટ દુર કરો"},{"$i":"remove-account-data","$v":"કૅલેન્ડર એકાઉન્ટ દૂર કરો"},{"$i":"remove-account-dialog","$v":"એકાઉન્ટ દૂર કરો"},{"$i":"remove-account-dialog-details","$v":["તમારા ડિવાઇસમાંથી \"",{"t":"idOrVar","v":"email"},"\" દૂર કરો?"]},{"$i":"remove","$v":"દૂર કરો"},{"$i":"drawer-sync-icon-button","ariaLabel":"સિંક"},{"$i":"sync-progress-syncing","ariaValueText":"સિંક થઈ રહ્યું છે"},{"$i":"sync-progress-complete","ariaValueText":"સિંક પૂર્ણ"},{"$i":"sync-frequency","$v":"કૅલેન્ડર સિંક કરો"},{"$i":"sync-frequency-15min","$v":"દર 15 મિનિટે"},{"$i":"sync-frequency-30min","$v":"દર 30 મિનિટે"},{"$i":"sync-frequency-manual","$v":"મેન્યુઅલી"},{"$i":"one-day-duration-title","$v":[{"t":"idOrVar","v":"startDate"}]},{"$i":"one-day-duration-content","$v":[{"t":"idOrVar","v":"startTime"},"થી ",{"t":"idOrVar","v":"endTime"}," સુધી"]},{"$i":"multiple-day-duration-title","$v":[{"t":"idOrVar","v":"startTime"}," ",{"t":"idOrVar","v":"startDate"},"થી"]},{"$i":"multiple-day-duration-content","$v":[{"t":"idOrVar","v":"endTime"}," ",{"t":"idOrVar","v":"endDate"}," સુધી"]},{"$i":"one-all-day-duration-title","$v":"દરેક દિવસ"},{"$i":"one-all-day-duration-content","$v":[{"t":"idOrVar","v":"startDate"}]},{"$i":"multiple-all-day-duration-title","$v":[{"t":"idOrVar","v":"startDate"},"થી દરેક દિવસ"]},{"$i":"multiple-all-day-duration-content","$v":[{"t":"idOrVar","v":"endDate"}," સુધી"]},{"$i":"none","$v":"કોઈ નહીં"},{"$i":"reminder","$v":"ઇવેન્ટ રિમાઇન્ડર"},{"$i":"remind-me","$v":"મને યાદ અપાવો"},{"$i":"alarm-at-event-standard","$v":"ઇવેન્ટના સમયે"},{"$i":"alarm-at-event-allday","$v":"ઇવેન્ટના દિવસે"},{"$i":"alarm-start-notice","$v":[{"t":"idOrVar","v":"title"}," શરૂ થઈ રહ્યું છે ",{"t":"idOrVar","v":"distance"}]},{"$i":"alarm-started-notice","$v":[{"t":"idOrVar","v":"title"}," શરૂ ",{"t":"idOrVar","v":"distance"}]},{"$i":"minutes-before","$v":{"zero":"0 મિનિટ પહેલા","one":"1 મિનિટ પહેલા","two":[{"t":"idOrVar","v":"value"}," મિનિટ પહેલાં"],"few":[{"t":"idOrVar","v":"value"}," મિનિટ પહેલાં"],"many":[{"t":"idOrVar","v":"value"}," મિનિટ પહેલાં"],"other":[{"t":"idOrVar","v":"value"}," મિનિટ પહેલાં"]},"$x":[{"t":"idOrVar","v":"plural"},"value"]},{"$i":"hours-before","$v":{"zero":"0 કલાક પહેલા","one":"1 કલાક પહેલા","two":[{"t":"idOrVar","v":"value"}," કલાક પહેલાં"],"few":[{"t":"idOrVar","v":"value"}," કલાક પહેલાં"],"many":[{"t":"idOrVar","v":"value"}," કલાક પહેલાં"],"other":[{"t":"idOrVar","v":"value"}," કલાક પહેલાં"]},"$x":[{"t":"idOrVar","v":"plural"},"value"]},{"$i":"days-before","$v":{"zero":"0 દિવસ પહેલા","one":"1 દિવસ પહેલા","two":[{"t":"idOrVar","v":"value"}," દિવસ પહેલા"],"few":[{"t":"idOrVar","v":"value"}," દિવસ પહેલા"],"many":[{"t":"idOrVar","v":"value"}," દિવસ પહેલા"],"other":[{"t":"idOrVar","v":"value"}," દિવસ પહેલા"]},"$x":[{"t":"idOrVar","v":"plural"},"value"]},{"$i":"weeks-before","$v":{"zero":"0 અઠવાડિયા પહેલા","one":"1 અઠવાડિયા પહેલા","two":[{"t":"idOrVar","v":"value"}," અઠવાડિયા પહેલા"],"few":[{"t":"idOrVar","v":"value"}," અઠવાડિયા પહેલા"],"many":[{"t":"idOrVar","v":"value"}," અઠવાડિયા પહેલા"],"other":[{"t":"idOrVar","v":"value"}," અઠવાડિયા પહેલા"]},"$x":[{"t":"idOrVar","v":"plural"},"value"]},{"$i":"months-before","$v":{"zero":"0 મહિના પહેલા","one":"1 મહિના પહેલા","two":[{"t":"idOrVar","v":"value"}," મહિના પહેલાં"],"few":[{"t":"idOrVar","v":"value"}," મહિના પહેલાં"],"many":[{"t":"idOrVar","v":"value"}," મહિના પહેલાં"],"other":[{"t":"idOrVar","v":"value"}," મહિના પહેલાં"]},"$x":[{"t":"idOrVar","v":"plural"},"value"]},{"$i":"years-before","$v":{"zero":"0 વર્ષ પહેલા","one":"1 વર્ષ પહેલા","two":[{"t":"idOrVar","v":"value"}," વર્ષ પહેલા"],"few":[{"t":"idOrVar","v":"value"}," વર્ષ પહેલા"],"many":[{"t":"idOrVar","v":"value"}," વર્ષ પહેલા"],"other":[{"t":"idOrVar","v":"value"}," વર્ષ પહેલા"]},"$x":[{"t":"idOrVar","v":"plural"},"value"]},{"$i":"minutes-after","$v":{"zero":"0 મિનિટ પછી","one":"1 મિનિટ પછી","two":[{"t":"idOrVar","v":"value"}," મિનિટ પછી"],"few":[{"t":"idOrVar","v":"value"}," મિનિટ પછી"],"many":[{"t":"idOrVar","v":"value"}," મિનિટ પછી"],"other":[{"t":"idOrVar","v":"value"}," મિનિટ પછી"]},"$x":[{"t":"idOrVar","v":"plural"},"value"]},{"$i":"hours-after","$v":{"zero":"0 કલાક પછી","one":"1 કલાક પછી","two":[{"t":"idOrVar","v":"value"}," કલાક પછી"],"few":[{"t":"idOrVar","v":"value"}," કલાક પછી"],"many":[{"t":"idOrVar","v":"value"}," કલાક પછી"],"other":[{"t":"idOrVar","v":"value"}," કલાક પછી"]},"$x":[{"t":"idOrVar","v":"plural"},"value"]},{"$i":"days-after","$v":{"zero":"0 દિવસ પછી","one":"1 દિવસ પછી","two":[{"t":"idOrVar","v":"value"}," દિવસ પછી"],"few":[{"t":"idOrVar","v":"value"}," દિવસ પછી"],"many":[{"t":"idOrVar","v":"value"}," દિવસ પછી"],"other":[{"t":"idOrVar","v":"value"}," દિવસ પછી"]},"$x":[{"t":"idOrVar","v":"plural"},"value"]},{"$i":"weeks-after","$v":{"zero":"0 અઠવાડિયા પછી","one":"1 અઠવાડિયા પછી","two":[{"t":"idOrVar","v":"value"}," અઠવાડિયા પછી"],"few":[{"t":"idOrVar","v":"value"}," અઠવાડિયા પછી"],"many":[{"t":"idOrVar","v":"value"}," અઠવાડિયા પછી"],"other":[{"t":"idOrVar","v":"value"}," અઠવાડિયા પછી"]},"$x":[{"t":"idOrVar","v":"plural"},"value"]},{"$i":"months-after","$v":{"zero":"0 મહિના પછી","one":"1 મહિના પછી","two":[{"t":"idOrVar","v":"value"}," મહિના પછી"],"few":[{"t":"idOrVar","v":"value"}," મહિના પછી"],"many":[{"t":"idOrVar","v":"value"}," મહિના પછી"],"other":[{"t":"idOrVar","v":"value"}," મહિના પછી"]},"$x":[{"t":"idOrVar","v":"plural"},"value"]},{"$i":"years-after","$v":{"zero":"0 વર્ષ પછી","one":"1 વર્ષ પછી","two":[{"t":"idOrVar","v":"value"}," વર્ષ પછી"],"few":[{"t":"idOrVar","v":"value"}," વર્ષ પછી"],"many":[{"t":"idOrVar","v":"value"}," વર્ષ પછી"],"other":[{"t":"idOrVar","v":"value"}," વર્ષ પછી"]},"$x":[{"t":"idOrVar","v":"plural"},"value"]},{"$i":"hour-format12","$v":"%I %p"},{"$i":"hour-format24","$v":"%H"},{"$i":"week-hour-format12","$v":"%I %p"},{"$i":"week-hour-format24","$v":"%H"},{"$i":"hour-allday","$v":"દરેક દિવસ"},{"$i":"tcl-week-day","$v":"%a\\n%e"},{"$i":"current-time12","$v":"%I:%M"},{"$i":"current-time24","$v":"%H:%M"},{"$i":"multi-month-view-header-format","$v":"%B %Y"},{"$i":"day-view-header-format","$v":"%A, %b %e"},{"$i":"months-day-view-header-format","$v":"%A, %b %e"},{"$i":"months-day-view-header-format-small","$v":{"$o":"%a <br/> %b, %e"}},{"$i":"week-view-header-format","$v":["અઠવાડિયું ",{"t":"idOrVar","v":"value"}," %B %Y"]},{"$i":"longDateFormat","$v":"%A, %B %d, %Y"},{"$i":"longTimeFormat","$v":"%A %B %d"},{"$i":"longTimeFormat12","$v":"%A %B %d %I %p"},{"$i":"longTimeFormat24","$v":"%A %B %d %H વાગ્યે"},{"$i":"weekTimeFormat12","$v":"%I %p"},{"$i":"weekTimeFormat24","$v":"%H વાગ્યે"},{"$i":"weekDayFormat","$v":"%A the %d"},{"$i":"alldayLongTimeFormat","$v":"%A %B %d આખો દિવસ"},{"$i":"dayHour12","$v":"%I %p"},{"$i":"dayHour24","$v":"%H વાગ્યે"},{"$i":"longDateTime12","$v":"%I %p, %a, %d %b, %Y"},{"$i":"longDateTime24","$v":"%H, %a, %d %b, %Y"},{"$i":"upcoming-events","$v":"આગામી ઇવેન્ટ"},{"$i":"search-results","$v":"શોધો પરિણામ"},{"$i":"no-event-found","$v":"કોઇ ઇવેન્ટ મળી નથી"},{"$i":"error-start-date-after-end-date","$v":"ઇવેન્ટ તેની પ્રારંભ તારીખથી પહેલાં સમાપ્ત થઈ શકતું નથી."},{"$i":"error-start-time-after-end-time","$v":"ઇવેન્ટ તેની પ્રારંભ તારીખથી પહેલાં સમાપ્ત થઈ શકતું નથી."},{"$i":"error-unauthenticated","$v":"ખોટું યુઝરનેમ અથવા પાસવર્ડ,કૃપા કરી ફરીથી પ્રયાસ કરો."},{"$i":"error-internal-server-error","$v":"સર્વર ત્રુટિ, કૃપા કરી ફરીથી પ્રયાસ કરો."},{"$i":"error-unkown","$v":"સર્વર પ્રતિભાવને કારણે વિનંતીને હેન્ડલ કરી શકતાં નથી."},{"$i":"error-default","$v":"કંઈક ખોટું છે. પછી ફરી પ્રયાસ કરો."},{"$i":"error-offline","$v":"ઇન્ટરનેટ સાથે કનેક્ટ કરવામાં અસમર્થ. ઇન્ટરનેટ ઍક્સેસ કરવા માટે તમે WiFi અથવા મોબાઇલ ડેટાનો ઉપયોગ કરી શકો છો."},{"$i":"error-account-exist","$v":"આ એકાઉન્ટ પહેલાંથી જ મોજૂદ છે."},{"$i":"error-edit-online-event","$v":"ઇન્ટરનેટ કનેક્શન ન હોવાથી ઑનલાઇન ઇવેન્ટ સંપાદિત કરવામાં નિષ્ફળ."},{"$i":"error-delete-online-event","$v":"ઇન્ટરનેટ કનેક્શન ન હોવાથી ઑનલાઇન ઇવેન્ટ દૂર કરવામાં નિષ્ફળ."},{"$i":"notification-error-sync-title","$v":"કૅલેન્ડર સિંક કરવામાં ભૂલ"},{"$i":"notification-error-sync-description","$v":"વધુ માહિતી માટે ટૅપ કરો"},{"$i":"weekday-0-single-char","$v":"S","ariaLabel":"રવિવાર"},{"$i":"weekday-1-single-char","$v":"M","ariaLabel":"સોમવાર"},{"$i":"weekday-2-single-char","$v":"T","ariaLabel":"મંગળવાર"},{"$i":"weekday-3-single-char","$v":"W","ariaLabel":"બુધવાર"},{"$i":"weekday-4-single-char","$v":"T","ariaLabel":"ગુરૂવાર"},{"$i":"weekday-5-single-char","$v":"F","ariaLabel":"શુક્રવાર"},{"$i":"weekday-6-single-char","$v":"S","ariaLabel":"શનિવાર"},{"$i":"busy","$v":{"zero":"કોઈ ઇવેન્ટ નથી","one":[{"t":"idOrVar","v":"n"}," ઇવેન્ટ"],"two":[{"t":"idOrVar","v":"n"}," ઇવેન્ટ્સ"],"few":[{"t":"idOrVar","v":"n"}," ઇવેન્ટ્સ"],"many":[{"t":"idOrVar","v":"n"}," ઇવેન્ટ્સ"],"other":[{"t":"idOrVar","v":"n"}," ઇવેન્ટ્સ"]},"$x":[{"t":"idOrVar","v":"plural"},"n"]},{"$i":"present","ariaLabel":"આજે"},{"$i":"past-other-month-description","ariaLabel":"અન્ય મહિનો"},{"$i":"future-other-month-description","ariaLabel":"અન્ય મહિનો"},{"$i":"icon-calendar-alarm","ariaLabel":"એલાર્મ છે"},{"$i":"calendars","ariaLabel":"કૅલેન્ડર"},{"$i":"multi-day-new-event-link","ariaLabel":"ઇવેન્ટ ઉમેરો"},{"$i":"title","ariaLabel":"શીર્ષક"},{"$i":"location","ariaLabel":"સ્થળ"},{"$i":"duration","ariaLabel":"અવધિ"},{"$i":"calendar","ariaLabel":"કૅલેન્ડર"},{"$i":"alarms","ariaLabel":"એલાર્મ"},{"$i":"description","ariaLabel":"વર્ણન"},{"$i":"start-date","ariaLabel":"પ્રારંભ તારીખ"},{"$i":"start-time","ariaLabel":"પ્રારંભ સમય"},{"$i":"end-date","ariaLabel":"સમાપ્તિ તારીખ"},{"$i":"end-time","ariaLabel":"સમાપ્તિ સમય"},{"$i":"during-progress-loading","ariaValueText":"લોડ થઇ રહયા છીએ..."},{"$i":"all-day","ariaLabel":"દરેક દિવસ"},{"$i":"create-event","ariaLabel":"ઈવેન્ટ બનાવો"},{"$i":"create-all-day-event","ariaLabel":"આખા દિવસનો ઇવેન્ટ બનાવો"},{"$i":"event-one-day-duration","ariaLabel":[{"t":"idOrVar","v":"startTime"}," થી ",{"t":"idOrVar","v":"endTime"}," સુધી"]},{"$i":"week-event-one-day-duration","ariaLabel":[{"t":"idOrVar","v":"startDate"}," ",{"t":"idOrVar","v":"startTime"},"થી ",{"t":"idOrVar","v":"endTime"}," સુધી"]},{"$i":"event-multiple-day-duration","ariaLabel":[{"t":"idOrVar","v":"startTime"}," ",{"t":"idOrVar","v":"startDate"}," થી ",{"t":"idOrVar","v":"endTime"}," ",{"t":"idOrVar","v":"endDate"}," સુધી"]},{"$i":"tcl-event-added","$v":"ઇવેન્ટ ઉમેરવામાં આવી"},{"$i":"tcl-event-updated","$v":"ઇવેન્ટ અપડેટ કરવામાંઆવી"},{"$i":"tcl-event-deleted","$v":"ઇવેન્ટ દૂર કરવામાં આવી"},{"$i":"tcl-change-save","$v":"ફેરફારો સાચવ્યાં"},{"$i":"tcl-event-calendar","$v":"કૅલેન્ડર"},{"$i":"tcl-single-event","$v":"ઇવેન્ટ"},{"$i":"tcl-event-count","$v":"ઇવેન્ટ્સ"},{"$i":"tcl-sync-progress-syncing","$v":"સિંક થઈ રહ્યું છે"},{"$i":"tcl-sync-progress-complete","$v":"સિંક પૂર્ણ થયું"},{"$i":"tcl-settings-sounds","$v":"ધ્વનિ"},{"$i":"tcl-tones","$v":"ટોન"},{"$i":"tcl-multi-events","$v":"ઇવેન્ટ્સ"},{"$i":"tcl-confirmation-title","$v":"ખાતરી"},{"$i":"tcl-delete-selectedEvent-confirmation","$v":"પસંદ કરેલ ઇવેન્ટ દૂર કરવા માંગો છો?"},{"$i":"tcl-deleteEvent-confirmation","$v":"ઇવેન્ટ દૂર કરવા માંગો છો?"},{"$i":"tcl-event-search-header","$v":"શોધો","placeholder":"શોધો"},{"$i":"tcl-event-search-upcoming-events","$v":"આગામી ઇવેન્ટ"},{"$i":"tcl-delete","$v":"કાઢો"},{"$i":"tcl-cancel","$v":"રદ કરો"},{"$i":"tcl-dialog-delete-sel","$v":"શું તમે પસંદ કરેલ ઇવેન્ટને દૂર કરવા માંગો છો?"},{"$i":"tcl-delete-title","$v":"ઇવેન્ટ દુર કરો"},{"$i":"tcl-save-changes","$v":"ફેરફારો સેવ કરવા છે?"},{"$i":"tcl-save-message-back","$v":"દાખલ કરેલ તમામ ડેટા ખોવાઈ જશે. શું તમે ફેરફારો સેવ કરવા માંગો છો?"},{"$i":"tcl-save-message-close","$v":"ડેટા નુકશાન સાથે એપ્લિકેશન બંધ કરવામાં આવશે. શું તમે ફેરફારો સાચવવા માંગો છો?"},{"$i":"yes","$v":"હા"},{"$i":"no","$v":"નહીં"},{"$i":"confirmation","$v":"ખાતરી"},{"$i":"ok","$v":"ઑકે"},{"$i":"delete-event","$v":"પસંદ કરેલ ઇવેન્ટ દૂર કરવા માંગો છો?"},{"$i":"tcl-settings-header","$v":"પ્રદર્શિત કરવા માટે કૅલેન્ડર"},{"$i":"tcl-syncing","$v":"સિંક થઈ રહ્યું છે..."},{"$i":"tcl-syncing-header","$v":"એકાઉન્ટ સિંક"},{"$i":"options","$v":"વિકલ્પ"},{"$i":"select","$v":"પસંદ કરો"},{"$i":"add-event","$v":"ઇવેન્ટ ઉમેરો"},{"$i":"weekly-view","$v":"સાપ્તાહિક રૂપે"},{"$i":"day-view","$v":"દિવસ રૂપ થી"},{"$i":"month-view","$v":"મહિના રૂપથી"},{"$i":"today","$v":"આજે"},{"$i":"go","$v":"તારીખ પર જાઓ"},{"$i":"search","$v":"શોધો"},{"$i":"calendar-to-display","$v":"પ્રદર્શિત કરવા માટે કૅલેન્ડર"},{"$i":"settings","$v":"સેટિંગ્સ"},{"$i":"delete","$v":"કાઢો"},{"$i":"enter","$v":"દાખલ કરો"},{"$i":"sync-calendar","$v":"કૅલેન્ડર સિંક કરો"},{"$i":"present-description","$v":["આજે ",{"t":"idOrVar","v":"weekday"}," ",{"t":"idOrVar","v":"date"},"મી"]},{"$i":"day-description","$v":[{"t":"idOrVar","v":"weekday"},"  ",{"t":"idOrVar","v":"date"}]},{"$i":"weekday-5","$v":"શુક્રવાર"},{"$i":"weekday-4","$v":"ગુરૂવાર"},{"$i":"weekday-3","$v":"બુધવાર"},{"$i":"weekday-2","$v":"મંગળવાર"},{"$i":"weekday-1","$v":"સોમવાર"},{"$i":"weekday-0","$v":"રવિવાર"},{"$i":"weekday-6","$v":"શનિવાર"},{"$i":"no-title","$v":"(કોઈ શીર્ષક નથી)"},{"$i":"weekday-0-long","$v":"રવિવાર"},{"$i":"weekday-1-long","$v":"સોમવાર"},{"$i":"weekday-2-long","$v":"મંગળવાર"},{"$i":"weekday-3-long","$v":"બુધવાર"},{"$i":"weekday-4-long","$v":"ગુરૂવાર"},{"$i":"weekday-5-long","$v":"શુક્રવાર"},{"$i":"weekday-6-long","$v":"શનિવાર"},{"$i":"weekday-0-short","$v":"રવિ"},{"$i":"weekday-1-short","$v":"સોમ"},{"$i":"weekday-2-short","$v":"મંગળ"},{"$i":"weekday-3-short","$v":"બુધ"},{"$i":"weekday-4-short","$v":"ગુરુ"},{"$i":"weekday-5-short","$v":"શુક્રવાર"},{"$i":"weekday-6-short","$v":"શનિ"},{"$i":"month-0-long","$v":"જાન્યુઆરી"},{"$i":"month-1-long","$v":"ફેબ્રુઆરી"},{"$i":"month-2-long","$v":"માર્ચ"},{"$i":"month-3-long","$v":"એપ્રિલ"},{"$i":"month-4-long","$v":"મે"},{"$i":"month-5-long","$v":"જૂન"},{"$i":"month-6-long","$v":"જુલાઈ"},{"$i":"month-7-long","$v":"ઓગસ્ટ"},{"$i":"month-8-long","$v":"સપ્ટેમ્બર"},{"$i":"month-9-long","$v":"ઓક્ટોબર"},{"$i":"month-10-long","$v":"નવેમ્બર"},{"$i":"month-11-long","$v":"ડિસેમ્બર"},{"$i":"month-0-genitive","$v":"જાન્યુઆરી"},{"$i":"month-1-genitive","$v":"ફેબ્રુઆરી"},{"$i":"month-2-genitive","$v":"માર્ચ"},{"$i":"month-3-genitive","$v":"એપ્રિલ"},{"$i":"month-4-genitive","$v":"મે"},{"$i":"month-5-genitive","$v":"જૂન"},{"$i":"month-6-genitive","$v":"જુલાઈ"},{"$i":"month-7-genitive","$v":"ઓગસ્ટ"},{"$i":"month-8-genitive","$v":"સપ્ટેમ્બર"},{"$i":"month-9-genitive","$v":"ઓક્ટોબર"},{"$i":"month-10-genitive","$v":"નવેમ્બર"},{"$i":"month-11-genitive","$v":"ડિસેમ્બર"},{"$i":"month-0-short","$v":"જાન્યુઆરી"},{"$i":"month-1-short","$v":"ફેબ્રુઆરી"},{"$i":"month-2-short","$v":"માર્ચ"},{"$i":"month-3-short","$v":"એપ્રિલ"},{"$i":"month-4-short","$v":"મે"},{"$i":"month-5-short","$v":"જૂન"},{"$i":"month-6-short","$v":"જુલાઈ"},{"$i":"month-7-short","$v":"ઓગસ્ટ"},{"$i":"month-8-short","$v":"સપ્ટેમ્બર"},{"$i":"month-9-short","$v":"ઓક્ટોબર"},{"$i":"month-10-short","$v":"નવેમ્બર"},{"$i":"month-11-short","$v":"ડિસેમ્બર"},{"$i":"minutes-ago-long","$v":{"zero":"અત્યારે જ","one":"એક મિનિટ પહેલાં","two":[{"t":"idOrVar","v":"value"}," મિનિટ પહેલા"],"few":[{"t":"idOrVar","v":"value"}," મિનિટ પહેલા"],"many":[{"t":"idOrVar","v":"value"}," મિનિટ પહેલા"],"other":[{"t":"idOrVar","v":"value"}," મિનિટ પહેલા"]},"$x":[{"t":"idOrVar","v":"plural"},"value"]},{"$i":"hours-ago-long","$v":{"zero":"અત્યારે જ","one":"એક કલાક પહેલાં","two":[{"t":"idOrVar","v":"value"}," કલાક પહેલા"],"few":[{"t":"idOrVar","v":"value"}," કલાક પહેલા"],"many":[{"t":"idOrVar","v":"value"}," કલાક પહેલા"],"other":[{"t":"idOrVar","v":"value"}," કલાક પહેલા"]},"$x":[{"t":"idOrVar","v":"plural"},"value"]},{"$i":"days-ago-long","$v":{"zero":"આજે","one":"ગઈકાલ","two":[{"t":"idOrVar","v":"value"}," દિવસ પહેલા"],"few":[{"t":"idOrVar","v":"value"}," દિવસ પહેલા"],"many":[{"t":"idOrVar","v":"value"}," દિવસ પહેલા"],"other":[{"t":"idOrVar","v":"value"}," દિવસ પહેલા"]},"$x":[{"t":"idOrVar","v":"plural"},"value"]},{"$i":"weeks-ago-long","$v":{"zero":"આ અઠવાડિયું","one":"ગયા અઠવાડિયે","two":[{"t":"idOrVar","v":"value"}," અઠવાડિયા પહેલા"],"few":[{"t":"idOrVar","v":"value"}," અઠવાડિયા પહેલા"],"many":[{"t":"idOrVar","v":"value"}," અઠવાડિયા પહેલા"],"other":[{"t":"idOrVar","v":"value"}," અઠવાડિયા પહેલા"]},"$x":[{"t":"idOrVar","v":"plural"},"value"]},{"$i":"months-ago-long","$v":{"zero":"આ મહિનો","one":"ગયા મહિને","two":[{"t":"idOrVar","v":"value"}," મહિના પહેલા"],"few":[{"t":"idOrVar","v":"value"}," મહિના પહેલા"],"many":[{"t":"idOrVar","v":"value"}," મહિના પહેલા"],"other":[{"t":"idOrVar","v":"value"}," મહિના પહેલા"]},"$x":[{"t":"idOrVar","v":"plural"},"value"]},{"$i":"years-ago-long","$v":{"zero":"આ વર્ષ","one":"ગયા વર્ષે","two":[{"t":"idOrVar","v":"value"}," વર્ષ પહેલા"],"few":[{"t":"idOrVar","v":"value"}," વર્ષ પહેલા"],"many":[{"t":"idOrVar","v":"value"}," વર્ષ પહેલા"],"other":[{"t":"idOrVar","v":"value"}," વર્ષ પહેલા"]},"$x":[{"t":"idOrVar","v":"plural"},"value"]},{"$i":"minutes-until-long","$v":{"zero":"હમણાં","one":"એક મિનિટમાં","two":[{"t":"idOrVar","v":"value"}," મિનિટમાં"],"few":[{"t":"idOrVar","v":"value"}," મિનિટમાં"],"many":[{"t":"idOrVar","v":"value"}," મિનિટમાં"],"other":[{"t":"idOrVar","v":"value"}," મિનિટમાં"]},"$x":[{"t":"idOrVar","v":"plural"},"value"]},{"$i":"hours-until-long","$v":{"zero":"હમણાં","one":"એક કલાકમાં","two":[{"t":"idOrVar","v":"value"}," કલાકમાં"],"few":[{"t":"idOrVar","v":"value"}," કલાકમાં"],"many":[{"t":"idOrVar","v":"value"}," કલાકમાં"],"other":[{"t":"idOrVar","v":"value"}," કલાકમાં"]},"$x":[{"t":"idOrVar","v":"plural"},"value"]},{"$i":"days-until-long","$v":{"zero":"આજે","one":"આવતીકાલ","two":[{"t":"idOrVar","v":"value"}," દિવસમાં"],"few":[{"t":"idOrVar","v":"value"}," દિવસમાં"],"many":[{"t":"idOrVar","v":"value"}," દિવસમાં"],"other":[{"t":"idOrVar","v":"value"}," દિવસમાં"]},"$x":[{"t":"idOrVar","v":"plural"},"value"]},{"$i":"weeks-until-long","$v":{"zero":"આ અઠવાડિયું","one":"આગળનું અઠવાડિયું","two":[{"t":"idOrVar","v":"value"}," અઠવાડિયામાં"],"few":[{"t":"idOrVar","v":"value"}," અઠવાડિયામાં"],"many":[{"t":"idOrVar","v":"value"}," અઠવાડિયામાં"],"other":[{"t":"idOrVar","v":"value"}," અઠવાડિયામાં"]},"$x":[{"t":"idOrVar","v":"plural"},"value"]},{"$i":"months-until-long","$v":{"zero":"આ મહિનો","one":"આગળનો મહિનો","two":[{"t":"idOrVar","v":"value"}," મહિનામાં"],"few":[{"t":"idOrVar","v":"value"}," મહિનામાં"],"many":[{"t":"idOrVar","v":"value"}," મહિનામાં"],"other":[{"t":"idOrVar","v":"value"}," મહિનામાં"]},"$x":[{"t":"idOrVar","v":"plural"},"value"]},{"$i":"years-until-long","$v":{"zero":"આ વર્ષ","one":"આગળનું વર્ષ","two":[{"t":"idOrVar","v":"value"}," વર્ષમાં"],"few":[{"t":"idOrVar","v":"value"}," વર્ષમાં"],"many":[{"t":"idOrVar","v":"value"}," વર્ષમાં"],"other":[{"t":"idOrVar","v":"value"}," વર્ષમાં"]},"$x":[{"t":"idOrVar","v":"plural"},"value"]},{"$i":"minutes-ago-short","$v":{"zero":"અત્યારે જ","other":[{"t":"idOrVar","v":"value"},"મિનિટ પહેલા"]},"$x":[{"t":"idOrVar","v":"plural"},"value"]},{"$i":"hours-ago-short","$v":{"zero":"અત્યારે જ","other":[{"t":"idOrVar","v":"value"},"કલાક પહેલા"]},"$x":[{"t":"idOrVar","v":"plural"},"value"]},{"$i":"days-ago-short","$v":{"zero":"આજે","other":[{"t":"idOrVar","v":"value"},"દિવસ પહેલા"]},"$x":[{"t":"idOrVar","v":"plural"},"value"]},{"$i":"minutes-until-short","$v":{"zero":"હમણાં","other":[{"t":"idOrVar","v":"value"},"મિનિટ માં"]},"$x":[{"t":"idOrVar","v":"plural"},"value"]},{"$i":"hours-until-short","$v":{"zero":"હમણાં","other":[{"t":"idOrVar","v":"value"},"કલાક માં"]},"$x":[{"t":"idOrVar","v":"plural"},"value"]},{"$i":"days-until-short","$v":{"zero":"આજે","other":[{"t":"idOrVar","v":"value"},"દિવસ માં"]},"$x":[{"t":"idOrVar","v":"plural"},"value"]},{"$i":"incorrectDate","$v":"(ખોટી તારીખ)"},{"$i":"dateTimeFormat_%c","$v":"%a %b %e %Y %I:%M:%S %p"},{"$i":"dateTimeFormat_%x","$v":"%m/%d/%Y"},{"$i":"dateTimeFormat_%X","$v":"%I:%M:%S %p"},{"$i":"shortTimeFormat","$v":"%I:%M %p"},{"$i":"shortTimeFormat12","$v":"%I:%M %p"},{"$i":"shortTimeFormat24","$v":"%H:%M"},{"$i":"shortDateTimeFormat","$v":"%x %I:%M %p"},{"$i":"weekStartsOnMonday","$v":"0"},{"$i":"firstDayOfTheWeek","$v":"0"},{"$i":"time_am","$v":"AM"},{"$i":"time_pm","$v":"PM"},{"$i":"softkey-options","$v":"વિકલ્પ"}]