[{"$i":"back","$v":"वापस जाएं"},{"$i":"save","$v":"सेव करें"},{"$i":"hide","$v":"छिपाएं"},{"$i":"cancel","$v":"रद्द करना"},{"$i":"confirm","$v":"पुष्टि करें"},{"$i":"done","$v":"हो गया"},{"$i":"events","$v":"ईवेंट रिमाइंडर"},{"$i":"edit","$v":"संपादित करें"},{"$i":"allday-events","$v":"सारे दिन का ईवेंट रिमाइंडर"},{"$i":"no-events","$v":"कोई ईवेंट नहीं"},{"$i":"default","$v":"डिफ़ॉल्ट"},{"$i":"sync","$v":"सिंक"},{"$i":"show-today","$v":"आज"},{"$i":"show-month-view","$v":"महीना"},{"$i":"show-week-view","$v":"सप्ताह"},{"$i":"show-day-view","$v":"दिन"},{"$i":"settings-show","$v":"सेटिंग्स"},{"$i":"settings-hide","$v":"सेटिंग्स छिपाएँ"},{"$i":"add-account","$v":"अकाउंट जोड़े"},{"$i":"new-event","$v":"ईवेंट जोड़ें"},{"$i":"view-event-header","$v":"ईवेंट विवरण"},{"$i":"new-event-header","$v":"ईवेंट जोड़ें"},{"$i":"edit-event-header","$v":"ईवेंट संपादित करें"},{"$i":"account-header","$v":"अकाउंट"},{"$i":"account-list-header","$v":"अकाउंट्स"},{"$i":"advanced-settings-short-icon-button","ariaLabel":"सेटिंग्स"},{"$i":"advanced-settings-header","$v":"कैलेंडर सेटिंग्स"},{"$i":"advanced-settings-personalization","$v":"अपडेट की फ्रीक्वेंसी"},{"$i":"advanced-settings-reminders","$v":"रिमाइंडर"},{"$i":"advanced-settings-add-account","$v":"अकाउंट जोड़ें"},{"$i":"field-user","$v":"यूज़र नेम"},{"$i":"field-password","$v":"पासवर्ड"},{"$i":"show-password","$v":"पासवर्ड दिखाएं"},{"$i":"field-full-url","$v":"URL"},{"$i":"modify-account-setting-up","$v":"कृपया आपका अकाउंट सेट होने तक प्रतीक्षा करें"},{"$i":"modify-account-unable-to-sync","$v":"सिंक करने में असमर्थ"},{"$i":"modify-account-sign-in","$v":"साइन इन"},{"$i":"tcl-caldav","$v":"CalDav"},{"$i":"tcl-yahoo","$v":"याहू!"},{"$i":"tcl-google","$v":"गूगल"},{"$i":"preset-mozilla","$v":"Mozilla Zimbra"},{"$i":"calendar-local","$v":"फ़ोन कैलेंडर"},{"$i":"event-title","$v":"शीर्षक"},{"$i":"event-location","$v":"स्थान"},{"$i":"event-description","$v":"नोट"},{"$i":"event-is-allday","$v":"सारे दिन का ईवेंट"},{"$i":"event-start-date","$v":"आरंभ दिनांक"},{"$i":"event-end-date","$v":"समाप्ति दिनांक"},{"$i":"event-start-time","$v":"आरंभ समय"},{"$i":"event-end-time","$v":"समाप्ति समय"},{"$i":"event-delete","$v":"ईवेंट हटाएँ"},{"$i":"remove-account-data","$v":"कैलेंडर अकाउंट हटाएं"},{"$i":"remove-account-dialog","$v":"अकाउंट हटाएं"},{"$i":"remove-account-dialog-details","$v":["आपके डिवाइस से \"",{"t":"idOrVar","v":"email"},"\" निकालें?"]},{"$i":"remove","$v":"हटाएं"},{"$i":"drawer-sync-icon-button","ariaLabel":"सिंक"},{"$i":"sync-progress-syncing","ariaValueText":"सिंक हो रहा हैं"},{"$i":"sync-progress-complete","ariaValueText":"सिंक पूरा हुआ"},{"$i":"sync-frequency","$v":"कैलेंडर सिंक करें"},{"$i":"sync-frequency-15min","$v":"हर 15 मिनट में"},{"$i":"sync-frequency-30min","$v":"हर 30 मिनट में"},{"$i":"sync-frequency-manual","$v":"मैन्युअल रूप से"},{"$i":"one-day-duration-title","$v":[{"t":"idOrVar","v":"startDate"}]},{"$i":"one-day-duration-content","$v":[{"t":"idOrVar","v":"startTime"}," से ",{"t":"idOrVar","v":"endTime"}," तक"]},{"$i":"multiple-day-duration-title","$v":[{"t":"idOrVar","v":"startTime"}," ",{"t":"idOrVar","v":"startDate"}," से"]},{"$i":"multiple-day-duration-content","$v":[{"t":"idOrVar","v":"endTime"}," ",{"t":"idOrVar","v":"endDate"}," तक"]},{"$i":"one-all-day-duration-title","$v":"सभी दिन"},{"$i":"one-all-day-duration-content","$v":[{"t":"idOrVar","v":"startDate"}]},{"$i":"multiple-all-day-duration-title","$v":[{"t":"idOrVar","v":"startDate"}," से सभी दिन"]},{"$i":"multiple-all-day-duration-content","$v":[{"t":"idOrVar","v":"endDate"}," तक"]},{"$i":"none","$v":"कुछ भी नहीं"},{"$i":"reminder","$v":"ईवेंट रिमाइंडर"},{"$i":"remind-me","$v":"मुझे याद दिलाएँ"},{"$i":"alarm-at-event-standard","$v":"ईवेंट के समय पर"},{"$i":"alarm-at-event-allday","$v":"ईवेंट के दिन"},{"$i":"alarm-start-notice","$v":[{"t":"idOrVar","v":"title"}," शुरू हो रही हैं ",{"t":"idOrVar","v":"distance"}]},{"$i":"alarm-started-notice","$v":[{"t":"idOrVar","v":"title"}," शुरुआत ",{"t":"idOrVar","v":"distance"}]},{"$i":"minutes-before","$v":{"zero":"0 मिनट पहले","one":"1 मिनट पहले","two":[{"t":"idOrVar","v":"value"}," मिनट पहले"],"few":[{"t":"idOrVar","v":"value"}," मिनट पहले"],"many":[{"t":"idOrVar","v":"value"}," मिनट पहले"],"other":[{"t":"idOrVar","v":"value"}," मिनट पहले"]},"$x":[{"t":"idOrVar","v":"plural"},"value"]},{"$i":"hours-before","$v":{"zero":"0 घंटे पहले","one":"1 घंटे पहले","two":[{"t":"idOrVar","v":"value"}," घंटे पहले"],"few":[{"t":"idOrVar","v":"value"}," घंटे पहले"],"many":[{"t":"idOrVar","v":"value"}," घंटे पहले"],"other":[{"t":"idOrVar","v":"value"}," घंटे पहले"]},"$x":[{"t":"idOrVar","v":"plural"},"value"]},{"$i":"days-before","$v":{"zero":"0 दिन पहले","one":"1 दिन पहले","two":[{"t":"idOrVar","v":"value"}," दिनों पहले"],"few":[{"t":"idOrVar","v":"value"}," दिनों पहले"],"many":[{"t":"idOrVar","v":"value"}," दिनों पहले"],"other":[{"t":"idOrVar","v":"value"}," दिनों पहले"]},"$x":[{"t":"idOrVar","v":"plural"},"value"]},{"$i":"weeks-before","$v":{"zero":"0 सप्ताह पहले","one":"1 सप्ताह पहले","two":[{"t":"idOrVar","v":"value"}," सप्ताह पहले"],"few":[{"t":"idOrVar","v":"value"}," सप्ताह पहले"],"many":[{"t":"idOrVar","v":"value"}," सप्ताह पहले"],"other":[{"t":"idOrVar","v":"value"}," सप्ताह पहले"]},"$x":[{"t":"idOrVar","v":"plural"},"value"]},{"$i":"months-before","$v":{"zero":"0 माह पहले","one":"1 माह पहले","two":[{"t":"idOrVar","v":"value"}," महीने पहले"],"few":[{"t":"idOrVar","v":"value"}," महीने पहले"],"many":[{"t":"idOrVar","v":"value"}," महीने पहले"],"other":[{"t":"idOrVar","v":"value"}," महीने पहले"]},"$x":[{"t":"idOrVar","v":"plural"},"value"]},{"$i":"years-before","$v":{"zero":"0 वर्ष पहले","one":"1 वर्ष पहले","two":[{"t":"idOrVar","v":"value"}," वर्ष पहले"],"few":[{"t":"idOrVar","v":"value"}," वर्ष पहले"],"many":[{"t":"idOrVar","v":"value"}," वर्ष पहले"],"other":[{"t":"idOrVar","v":"value"}," वर्ष पहले"]},"$x":[{"t":"idOrVar","v":"plural"},"value"]},{"$i":"minutes-after","$v":{"zero":"0 मिनट बाद","one":"1 मिनट बाद","two":[{"t":"idOrVar","v":"value"}," मिनट बाद"],"few":[{"t":"idOrVar","v":"value"}," मिनट बाद"],"many":[{"t":"idOrVar","v":"value"}," मिनट बाद"],"other":[{"t":"idOrVar","v":"value"}," मिनट बाद"]},"$x":[{"t":"idOrVar","v":"plural"},"value"]},{"$i":"hours-after","$v":{"zero":"0 घंटे बाद","one":"1 घंटे बाद","two":[{"t":"idOrVar","v":"value"}," घंटे बाद"],"few":[{"t":"idOrVar","v":"value"}," घंटे बाद"],"many":[{"t":"idOrVar","v":"value"}," घंटे बाद"],"other":[{"t":"idOrVar","v":"value"}," घंटे बाद"]},"$x":[{"t":"idOrVar","v":"plural"},"value"]},{"$i":"days-after","$v":{"zero":"0 दिन बाद","one":"1 दिन बाद","two":[{"t":"idOrVar","v":"value"}," दिनों बाद"],"few":[{"t":"idOrVar","v":"value"}," दिनों बाद"],"many":[{"t":"idOrVar","v":"value"}," दिनों बाद"],"other":[{"t":"idOrVar","v":"value"}," दिनों बाद"]},"$x":[{"t":"idOrVar","v":"plural"},"value"]},{"$i":"weeks-after","$v":{"zero":"0 सप्ताह बाद","one":"1 सप्ताह बाद","two":[{"t":"idOrVar","v":"value"}," सप्ताह बाद"],"few":[{"t":"idOrVar","v":"value"}," सप्ताह बाद"],"many":[{"t":"idOrVar","v":"value"}," सप्ताह बाद"],"other":[{"t":"idOrVar","v":"value"}," सप्ताह बाद"]},"$x":[{"t":"idOrVar","v":"plural"},"value"]},{"$i":"months-after","$v":{"zero":"0 माह बाद","one":"1 माह बाद","two":[{"t":"idOrVar","v":"value"}," महीने बाद"],"few":[{"t":"idOrVar","v":"value"}," महीने बाद"],"many":[{"t":"idOrVar","v":"value"}," महीने बाद"],"other":[{"t":"idOrVar","v":"value"}," महीने बाद"]},"$x":[{"t":"idOrVar","v":"plural"},"value"]},{"$i":"years-after","$v":{"zero":"0 वर्ष बाद","one":"1 वर्ष बाद","two":[{"t":"idOrVar","v":"value"}," वर्ष बाद"],"few":[{"t":"idOrVar","v":"value"}," वर्ष बाद"],"many":[{"t":"idOrVar","v":"value"}," वर्ष बाद"],"other":[{"t":"idOrVar","v":"value"}," वर्ष बाद"]},"$x":[{"t":"idOrVar","v":"plural"},"value"]},{"$i":"hour-format12","$v":"%I %p"},{"$i":"hour-format24","$v":"%H"},{"$i":"week-hour-format12","$v":"%I %p"},{"$i":"week-hour-format24","$v":"%H"},{"$i":"hour-allday","$v":"सभी दिन"},{"$i":"tcl-week-day","$v":"%a\\n%e"},{"$i":"current-time12","$v":"%I:%M"},{"$i":"current-time24","$v":"%H:%M"},{"$i":"multi-month-view-header-format","$v":"%B %Y"},{"$i":"day-view-header-format","$v":"%A, %b %e"},{"$i":"months-day-view-header-format","$v":"%A, %b %e"},{"$i":"months-day-view-header-format-small","$v":{"$o":"%a <br/> %b, %e"}},{"$i":"week-view-header-format","$v":["सप्ताह ",{"t":"idOrVar","v":"value"},", %B %Y"]},{"$i":"longDateFormat","$v":"%A, %B %d, %Y"},{"$i":"longTimeFormat","$v":"%A %B %d"},{"$i":"longTimeFormat12","$v":"%A %B %d %I %p"},{"$i":"longTimeFormat24","$v":"%A %B %d %H बजे"},{"$i":"weekTimeFormat12","$v":"%I %p"},{"$i":"weekTimeFormat24","$v":"%H बजे"},{"$i":"weekDayFormat","$v":"%A the %d"},{"$i":"alldayLongTimeFormat","$v":"%A %B %d सारा दिन"},{"$i":"dayHour12","$v":"%I %p"},{"$i":"dayHour24","$v":"%H बजे"},{"$i":"longDateTime12","$v":"%I %p, %a, %d %b, %Y"},{"$i":"longDateTime24","$v":"%H, %a, %d %b, %Y"},{"$i":"upcoming-events","$v":"आगामी ईवेंट"},{"$i":"search-results","$v":"खोज परिणाम"},{"$i":"no-event-found","$v":"कोई ईवेंट नहीं मिला"},{"$i":"error-start-date-after-end-date","$v":"ईवेंट अपने प्रारंभ दिनांक से पहले समाप्त नहीं हो सकता।"},{"$i":"error-start-time-after-end-time","$v":"ईवेंट अपने आरंभ समय से पहले समाप्त नहीं हो सकता।"},{"$i":"error-unauthenticated","$v":"यूज़र नेम या पासवर्ड गलत हैं, कृपया पुनः प्रयास करें।"},{"$i":"error-internal-server-error","$v":"सर्वर में त्रुटि, कृपया फिर से प्रयास करें।"},{"$i":"error-unkown","$v":"सर्वर की प्रतिक्रिया के कारण अनुरोध को नियंत्रित नहीं कर सकते।"},{"$i":"error-default","$v":"कोई त्रुटि हैं। बाद में फिर से प्रयास करें।"},{"$i":"error-offline","$v":"इंटरनेट से कनेक्ट करने में असमर्थ। इंटरनेट एक्सेस करने के लिए आप WiFi या मोबाइल डेटा का उपयोग कर सकते हैं।"},{"$i":"error-account-exist","$v":"यह अकाउंट पहले से मौजूद हैं।"},{"$i":"error-edit-online-event","$v":"कोई इंटरनेट कनेक्शन नहीं होने के कारण ऑनलाइन ईवेंट संपादित करने में विफल रहा।"},{"$i":"error-delete-online-event","$v":"कोई इंटरनेट कनेक्शन नहीं होने के कारण ऑनलाइन ईवेंट हटाने में विफल रहा।"},{"$i":"notification-error-sync-title","$v":"कैलेंडर सिंक करने में त्रुटि"},{"$i":"notification-error-sync-description","$v":"अधिक जानकारी के लिए टैप करें"},{"$i":"weekday-0-single-char","$v":"S","ariaLabel":"रविवार"},{"$i":"weekday-1-single-char","$v":"M","ariaLabel":"सोमवार"},{"$i":"weekday-2-single-char","$v":"T","ariaLabel":"मंगलवार"},{"$i":"weekday-3-single-char","$v":"W","ariaLabel":"बुधवार"},{"$i":"weekday-4-single-char","$v":"T","ariaLabel":"गुरुवार"},{"$i":"weekday-5-single-char","$v":"F","ariaLabel":"शुक्रवार"},{"$i":"weekday-6-single-char","$v":"S","ariaLabel":"शनिवार"},{"$i":"busy","$v":{"zero":"कोई ईवेंट नहीं","one":[{"t":"idOrVar","v":"n"}," ईवेंट"],"two":[{"t":"idOrVar","v":"n"}," ईवेंट"],"few":[{"t":"idOrVar","v":"n"}," ईवेंट"],"many":[{"t":"idOrVar","v":"n"}," ईवेंट"],"other":[{"t":"idOrVar","v":"n"}," ईवेंट"]},"$x":[{"t":"idOrVar","v":"plural"},"n"]},{"$i":"present","ariaLabel":"आज"},{"$i":"past-other-month-description","ariaLabel":"अन्य महीने"},{"$i":"future-other-month-description","ariaLabel":"अन्य महीने"},{"$i":"icon-calendar-alarm","ariaLabel":"अलार्म हैं"},{"$i":"calendars","ariaLabel":"कैलेंडर"},{"$i":"multi-day-new-event-link","ariaLabel":"ईवेंट जोड़ें"},{"$i":"title","ariaLabel":"शीर्षक"},{"$i":"location","ariaLabel":"स्थान"},{"$i":"duration","ariaLabel":"अवधि"},{"$i":"calendar","ariaLabel":"कैलेंडर"},{"$i":"alarms","ariaLabel":"अलार्म"},{"$i":"description","ariaLabel":"विवरण"},{"$i":"start-date","ariaLabel":"आरंभ दिनांक"},{"$i":"start-time","ariaLabel":"आरंभ समय"},{"$i":"end-date","ariaLabel":"समाप्ति दिनांक"},{"$i":"end-time","ariaLabel":"समाप्ति समय"},{"$i":"during-progress-loading","ariaValueText":"लोड हो रहा हैं..."},{"$i":"all-day","ariaLabel":"सभी दिन"},{"$i":"create-event","ariaLabel":"ईवेंट बनाएँ"},{"$i":"create-all-day-event","ariaLabel":"सभी दिन का ईवेंट बनाएँ"},{"$i":"event-one-day-duration","ariaLabel":[{"t":"idOrVar","v":"startTime"}," से ",{"t":"idOrVar","v":"endTime"}," तक"]},{"$i":"week-event-one-day-duration","ariaLabel":[{"t":"idOrVar","v":"startDate"}," को ",{"t":"idOrVar","v":"startTime"}," से ",{"t":"idOrVar","v":"endTime"}," तक"]},{"$i":"event-multiple-day-duration","ariaLabel":[{"t":"idOrVar","v":"startTime"}," ",{"t":"idOrVar","v":"startDate"}," से ",{"t":"idOrVar","v":"endTime"}," ",{"t":"idOrVar","v":"endDate"}," तक"]},{"$i":"tcl-event-added","$v":"ईवेंट जोड़ा गया"},{"$i":"tcl-event-updated","$v":"ईवेंट अपडेट किया गया"},{"$i":"tcl-event-deleted","$v":"ईवेंट हटाया गया"},{"$i":"tcl-change-save","$v":"परिवर्तन सेव हुए"},{"$i":"tcl-event-calendar","$v":"कैलेंडर"},{"$i":"tcl-single-event","$v":"ईवेंट"},{"$i":"tcl-event-count","$v":"ईवेंट्स"},{"$i":"tcl-sync-progress-syncing","$v":"सिंक हो रहा हैं"},{"$i":"tcl-sync-progress-complete","$v":"सिंक पूरा हुआ"},{"$i":"tcl-settings-sounds","$v":"ध्वनि"},{"$i":"tcl-tones","$v":"टोन"},{"$i":"tcl-multi-events","$v":"ईवेंट्स"},{"$i":"tcl-confirmation-title","$v":"पुष्टिकरण"},{"$i":"tcl-delete-selectedEvent-confirmation","$v":"चयनित ईवेंट हटाएँ?"},{"$i":"tcl-deleteEvent-confirmation","$v":"ईवेंट हटाएँ?"},{"$i":"tcl-event-search-header","$v":"खोजें","placeholder":"खोजें"},{"$i":"tcl-event-search-upcoming-events","$v":"आगामी ईवेंट"},{"$i":"tcl-delete","$v":"हटाएँ"},{"$i":"tcl-cancel","$v":"रद्द करना"},{"$i":"tcl-dialog-delete-sel","$v":"क्या आप चयनित ईवेंट को हटाना चाहते हैं?"},{"$i":"tcl-delete-title","$v":"ईवेंट हटाएँ"},{"$i":"tcl-save-changes","$v":"परिवर्तन सेव करना हैं?"},{"$i":"tcl-save-message-back","$v":"दर्ज किया हुआ सारा डेटा हट जायेगा. क्या आप परिवर्तनों को सेव करना चाहते हैं ?"},{"$i":"tcl-save-message-close","$v":"एप्लिकेशन बंध होने के साथ डेटा हट जायेगा. क्या आप परिवर्तनों को सेव करना चाहते हैं ?"},{"$i":"yes","$v":"हां"},{"$i":"no","$v":"नहीं"},{"$i":"confirmation","$v":"पुष्टिकरण"},{"$i":"ok","$v":"ठीक हैं"},{"$i":"delete-event","$v":"चयनित ईवेंट हटाएँ?"},{"$i":"tcl-settings-header","$v":"डिस्प्ले करने के लिए कैलेंडर"},{"$i":"tcl-syncing","$v":"सिंक हो रहा हैं..."},{"$i":"tcl-syncing-header","$v":"अकाउंट सिंक"},{"$i":"options","$v":"विकल्प"},{"$i":"select","$v":"चुनिए"},{"$i":"add-event","$v":"ईवेंट जोड़ें"},{"$i":"weekly-view","$v":"साप्ताहिक रूप से"},{"$i":"day-view","$v":"दिनांक रूप से"},{"$i":"month-view","$v":"मासिक रूप से"},{"$i":"today","$v":"आज"},{"$i":"go","$v":"दिनांक पर जाएं"},{"$i":"search","$v":"खोजें"},{"$i":"calendar-to-display","$v":"डिस्प्ले करने के लिए कैलेंडर"},{"$i":"settings","$v":"सेटिंग्स"},{"$i":"delete","$v":"हटाएँ"},{"$i":"enter","$v":"दर्ज करें"},{"$i":"sync-calendar","$v":"कैलेंडर सिंक करें"},{"$i":"present-description","$v":["आज ",{"t":"idOrVar","v":"weekday"}," ",{"t":"idOrVar","v":"date"}]},{"$i":"day-description","$v":[{"t":"idOrVar","v":"weekday"},", ",{"t":"idOrVar","v":"date"}]},{"$i":"weekday-5","$v":"शुक्रवार"},{"$i":"weekday-4","$v":"गुरुवार"},{"$i":"weekday-3","$v":"बुधवार"},{"$i":"weekday-2","$v":"मंगलवार"},{"$i":"weekday-1","$v":"सोमवार"},{"$i":"weekday-0","$v":"रविवार"},{"$i":"weekday-6","$v":"शनिवार"},{"$i":"no-title","$v":"(कोई शीर्षक नहीं)"},{"$i":"weekday-0-long","$v":"रविवार"},{"$i":"weekday-1-long","$v":"सोमवार"},{"$i":"weekday-2-long","$v":"मंगलवार"},{"$i":"weekday-3-long","$v":"बुधवार"},{"$i":"weekday-4-long","$v":"गुरुवार"},{"$i":"weekday-5-long","$v":"शुक्रवार"},{"$i":"weekday-6-long","$v":"शनिवार"},{"$i":"weekday-0-short","$v":"रवि"},{"$i":"weekday-1-short","$v":"सोम"},{"$i":"weekday-2-short","$v":"मंगल"},{"$i":"weekday-3-short","$v":"बुध"},{"$i":"weekday-4-short","$v":"गुरु"},{"$i":"weekday-5-short","$v":"शुक्र"},{"$i":"weekday-6-short","$v":"शनि"},{"$i":"month-0-long","$v":"जनवरी"},{"$i":"month-1-long","$v":"फरवरी"},{"$i":"month-2-long","$v":"मार्च"},{"$i":"month-3-long","$v":"अप्रैल"},{"$i":"month-4-long","$v":"मई"},{"$i":"month-5-long","$v":"जून"},{"$i":"month-6-long","$v":"जुलाई"},{"$i":"month-7-long","$v":"अगस्त"},{"$i":"month-8-long","$v":"सितंबर"},{"$i":"month-9-long","$v":"अक्टूबर"},{"$i":"month-10-long","$v":"नवंबर"},{"$i":"month-11-long","$v":"दिसंबर"},{"$i":"month-0-genitive","$v":"जनवरी"},{"$i":"month-1-genitive","$v":"फरवरी"},{"$i":"month-2-genitive","$v":"मार्च"},{"$i":"month-3-genitive","$v":"अप्रैल"},{"$i":"month-4-genitive","$v":"मई"},{"$i":"month-5-genitive","$v":"जून"},{"$i":"month-6-genitive","$v":"जुलाई"},{"$i":"month-7-genitive","$v":"अगस्त"},{"$i":"month-8-genitive","$v":"सितंबर"},{"$i":"month-9-genitive","$v":"अक्टूबर"},{"$i":"month-10-genitive","$v":"नवंबर"},{"$i":"month-11-genitive","$v":"दिसंबर"},{"$i":"month-0-short","$v":"जनवरी"},{"$i":"month-1-short","$v":"फरवरी"},{"$i":"month-2-short","$v":"मार्च"},{"$i":"month-3-short","$v":"अप्रैल"},{"$i":"month-4-short","$v":"मई"},{"$i":"month-5-short","$v":"जून"},{"$i":"month-6-short","$v":"जुलाई"},{"$i":"month-7-short","$v":"अगस्त"},{"$i":"month-8-short","$v":"सितंबर"},{"$i":"month-9-short","$v":"अक्टूबर"},{"$i":"month-10-short","$v":"नवंबर"},{"$i":"month-11-short","$v":"दिसंबर"},{"$i":"minutes-ago-long","$v":{"zero":"अभी","one":"एक मिनट पहले","two":[{"t":"idOrVar","v":"value"}," मिनट पहले"],"few":[{"t":"idOrVar","v":"value"}," मिनट पहले"],"many":[{"t":"idOrVar","v":"value"}," मिनट पहले"],"other":[{"t":"idOrVar","v":"value"}," मिनट पहले"]},"$x":[{"t":"idOrVar","v":"plural"},"value"]},{"$i":"hours-ago-long","$v":{"zero":"अभी","one":"एक घंटे पहले","two":[{"t":"idOrVar","v":"value"}," घंटे पहले"],"few":[{"t":"idOrVar","v":"value"}," घंटे पहले"],"many":[{"t":"idOrVar","v":"value"}," घंटे पहले"],"other":[{"t":"idOrVar","v":"value"}," घंटे पहले"]},"$x":[{"t":"idOrVar","v":"plural"},"value"]},{"$i":"days-ago-long","$v":{"zero":"आज","one":"बीता कल","two":[{"t":"idOrVar","v":"value"}," दिनों पहले"],"few":[{"t":"idOrVar","v":"value"}," दिनों पहले"],"many":[{"t":"idOrVar","v":"value"}," दिनों पहले"],"other":[{"t":"idOrVar","v":"value"}," दिनों पहले"]},"$x":[{"t":"idOrVar","v":"plural"},"value"]},{"$i":"weeks-ago-long","$v":{"zero":"इस सप्ताह","one":"पिछले सप्ताह","two":[{"t":"idOrVar","v":"value"}," सप्ताह पहले"],"few":[{"t":"idOrVar","v":"value"}," सप्ताह पहले"],"many":[{"t":"idOrVar","v":"value"}," सप्ताह पहले"],"other":[{"t":"idOrVar","v":"value"}," सप्ताह पहले"]},"$x":[{"t":"idOrVar","v":"plural"},"value"]},{"$i":"months-ago-long","$v":{"zero":"इस महीने","one":"पिछले महीने","two":[{"t":"idOrVar","v":"value"}," महीनों पहले"],"few":[{"t":"idOrVar","v":"value"}," महीनों पहले"],"many":[{"t":"idOrVar","v":"value"}," महीनों पहले"],"other":[{"t":"idOrVar","v":"value"}," महीनों पहले"]},"$x":[{"t":"idOrVar","v":"plural"},"value"]},{"$i":"years-ago-long","$v":{"zero":"इस वर्ष","one":"पिछले वर्ष","two":[{"t":"idOrVar","v":"value"}," वर्ष पहले"],"few":[{"t":"idOrVar","v":"value"}," वर्ष पहले"],"many":[{"t":"idOrVar","v":"value"}," वर्ष पहले"],"other":[{"t":"idOrVar","v":"value"}," वर्ष पहले"]},"$x":[{"t":"idOrVar","v":"plural"},"value"]},{"$i":"minutes-until-long","$v":{"zero":"अभी","one":"एक मिनट में","two":[{"t":"idOrVar","v":"value"}," मिनट में"],"few":[{"t":"idOrVar","v":"value"}," मिनट में"],"many":[{"t":"idOrVar","v":"value"}," मिनट में"],"other":[{"t":"idOrVar","v":"value"}," मिनट में"]},"$x":[{"t":"idOrVar","v":"plural"},"value"]},{"$i":"hours-until-long","$v":{"zero":"अभी","one":"एक घंटे में","two":[{"t":"idOrVar","v":"value"}," घंटों में"],"few":[{"t":"idOrVar","v":"value"}," घंटों में"],"many":[{"t":"idOrVar","v":"value"}," घंटों में"],"other":[{"t":"idOrVar","v":"value"}," घंटों में"]},"$x":[{"t":"idOrVar","v":"plural"},"value"]},{"$i":"days-until-long","$v":{"zero":"आज","one":"कल","two":[{"t":"idOrVar","v":"value"}," दिनों में"],"few":[{"t":"idOrVar","v":"value"}," दिनों में"],"many":[{"t":"idOrVar","v":"value"}," दिनों में"],"other":[{"t":"idOrVar","v":"value"}," दिनों में"]},"$x":[{"t":"idOrVar","v":"plural"},"value"]},{"$i":"weeks-until-long","$v":{"zero":"इस सप्ताह","one":"अगले सप्ताह","two":[{"t":"idOrVar","v":"value"}," सप्ताह में"],"few":[{"t":"idOrVar","v":"value"}," सप्ताह में"],"many":[{"t":"idOrVar","v":"value"}," सप्ताह में"],"other":[{"t":"idOrVar","v":"value"}," सप्ताह में"]},"$x":[{"t":"idOrVar","v":"plural"},"value"]},{"$i":"months-until-long","$v":{"zero":"इस महीने","one":"अगले महीने","two":[{"t":"idOrVar","v":"value"}," महीनो में"],"few":[{"t":"idOrVar","v":"value"}," महीनो में"],"many":[{"t":"idOrVar","v":"value"}," महीनो में"],"other":[{"t":"idOrVar","v":"value"}," महीनो में"]},"$x":[{"t":"idOrVar","v":"plural"},"value"]},{"$i":"years-until-long","$v":{"zero":"इस वर्ष","one":"अगले वर्ष","two":[{"t":"idOrVar","v":"value"}," वर्षों में"],"few":[{"t":"idOrVar","v":"value"}," वर्षों में"],"many":[{"t":"idOrVar","v":"value"}," वर्षों में"],"other":[{"t":"idOrVar","v":"value"}," वर्षों में"]},"$x":[{"t":"idOrVar","v":"plural"},"value"]},{"$i":"minutes-ago-short","$v":{"zero":"अभी","other":[{"t":"idOrVar","v":"value"}," मिनट पहले"]},"$x":[{"t":"idOrVar","v":"plural"},"value"]},{"$i":"hours-ago-short","$v":{"zero":"अभी","other":[{"t":"idOrVar","v":"value"}," घंटे पहले"]},"$x":[{"t":"idOrVar","v":"plural"},"value"]},{"$i":"days-ago-short","$v":{"zero":"आज","other":[{"t":"idOrVar","v":"value"}," दिनों पहले"]},"$x":[{"t":"idOrVar","v":"plural"},"value"]},{"$i":"minutes-until-short","$v":{"zero":"अभी","other":[{"t":"idOrVar","v":"value"},"मिनिट में"]},"$x":[{"t":"idOrVar","v":"plural"},"value"]},{"$i":"hours-until-short","$v":{"zero":"अभी","other":[{"t":"idOrVar","v":"value"},"घंटे में"]},"$x":[{"t":"idOrVar","v":"plural"},"value"]},{"$i":"days-until-short","$v":{"zero":"आज","other":[{"t":"idOrVar","v":"value"},"दिन में"]},"$x":[{"t":"idOrVar","v":"plural"},"value"]},{"$i":"incorrectDate","$v":"(गलत दिनांक)"},{"$i":"dateTimeFormat_%c","$v":"%a %b %e %Y %I:%M:%S %p"},{"$i":"dateTimeFormat_%x","$v":"%m/%d/%Y"},{"$i":"dateTimeFormat_%X","$v":"%I:%M:%S %p"},{"$i":"shortTimeFormat","$v":"%I:%M %p"},{"$i":"shortTimeFormat12","$v":"%I:%M %p"},{"$i":"shortTimeFormat24","$v":"%H:%M"},{"$i":"shortDateTimeFormat","$v":"%x %I:%M %p"},{"$i":"weekStartsOnMonday","$v":"0"},{"$i":"firstDayOfTheWeek","$v":"0"},{"$i":"time_am","$v":"AM"},{"$i":"time_pm","$v":"PM"},{"$i":"softkey-options","$v":"विकल्प"}]