[{"$i":"back","$v":"ಹಿಂದೆ"},{"$i":"save","$v":"ಸೇವ್ ಮಾಡಿ"},{"$i":"hide","$v":"ಮರೆಮಾಡು"},{"$i":"cancel","$v":"ರದ್ದು ಮಾಡಿ"},{"$i":"confirm","$v":"ದೃಢೀಕರಿಸಿ"},{"$i":"done","$v":"ಮುಗಿದಿದೆ"},{"$i":"events","$v":"ಈವೆಂಟ್ ರಿಮೈಂಡರ್"},{"$i":"edit","$v":"ಸಂಪಾದಿಸಿ"},{"$i":"allday-events","$v":"ದಿನಪೂರ್ತಿಯ ಈವೆಂಟ್‌ಗಳ ಜ್ಞಾಪನೆ"},{"$i":"no-events","$v":"ಯಾವುದೇ ಈವೆಂಟ್‌ಗಳಿಲ್ಲ"},{"$i":"default","$v":"ಡೀಫಾಲ್ಟ್"},{"$i":"sync","$v":"ಸಿಂಕ್ ಮಾಡಿ"},{"$i":"show-today","$v":"ಇಂದು"},{"$i":"show-month-view","$v":"ತಿಂಗಳು"},{"$i":"show-week-view","$v":"ವಾರ"},{"$i":"show-day-view","$v":"ದಿನ"},{"$i":"settings-show","$v":"ಸೆಟ್ಟಿಂಗ್ಸ್"},{"$i":"settings-hide","$v":"ಸೆಟ್ಟಿಂಗ್‌ಗಳನ್ನು ಅಡಗಿಸಿ"},{"$i":"add-account","$v":"ಅಕೌಂಟ್ ಸೇರಿಸಿ"},{"$i":"new-event","$v":"ಈವೆಂಟ್ ಸೇರಿಸಿ"},{"$i":"view-event-header","$v":"ಈವೆಂಟ್ ವಿವರಗಳು"},{"$i":"new-event-header","$v":"ಈವೆಂಟ್ ಸೇರಿಸಿ"},{"$i":"edit-event-header","$v":"ಈವೆಂಟ್ ಸಂಪಾದಿಸಿ"},{"$i":"account-header","$v":"ಅಕೌಂಟ್"},{"$i":"account-list-header","$v":"ಅಕೌಂಟ್‌ಗಳು"},{"$i":"advanced-settings-short-icon-button","ariaLabel":"ಸೆಟ್ಟಿಂಗ್ಸ್"},{"$i":"advanced-settings-header","$v":"ಕ್ಯಾಲೆಂಡರ್ ಸೆಟ್ಟಿಂಗ್ಸ್"},{"$i":"advanced-settings-personalization","$v":"ಫ್ರೀಕ್ವೆನ್ಸಿ ಅಪ್‌ಡೇಟ್ ಮಾಡಿ"},{"$i":"advanced-settings-reminders","$v":"ರಿಮೈಂಡರ್"},{"$i":"advanced-settings-add-account","$v":"ಅಕೌಂಟ್ ಸೇರಿಸಿ"},{"$i":"field-user","$v":"ಬಳಕೆದಾರಹೆಸರು"},{"$i":"field-password","$v":"ಪಾಸ್‌ವರ್ಡ್"},{"$i":"show-password","$v":"ಪಾಸ್‌ವರ್ಡ್‌ ತೋರಿಸಿ"},{"$i":"field-full-url","$v":"URL"},{"$i":"modify-account-setting-up","$v":"ನಿಮ್ಮ ಅಕೌಂಟ್ ಸೆಟ್ ಅಪ್ ಮಾಡುವವರೆಗೆ ದಯವಿಟ್ಟು ನಿರೀಕ್ಷಿಸಿ"},{"$i":"modify-account-unable-to-sync","$v":"ಸಿಂಕ್ ಮಾಡಲು ಅಸಾಧ್ಯ"},{"$i":"modify-account-sign-in","$v":"ಸೈನ್ ಇನ್ ಮಾಡಿ"},{"$i":"tcl-caldav","$v":"CalDav"},{"$i":"tcl-yahoo","$v":"ಯಾಹೂ!"},{"$i":"tcl-google","$v":"ಗೂಗಲ್"},{"$i":"preset-mozilla","$v":"Mozilla Zimbra"},{"$i":"calendar-local","$v":"ಫೋನ್ ಕ್ಯಾಲೆಂಡರ್"},{"$i":"event-title","$v":"ಶೀರ್ಷಿಕೆ"},{"$i":"event-location","$v":"ಸ್ಥಾನ"},{"$i":"event-description","$v":"ಸೂಚನೆಗಳು"},{"$i":"event-is-allday","$v":"ದಿನಪೂರ್ತಿಯ ಈವೆಂಟ್"},{"$i":"event-start-date","$v":"ಆರಂಭ ದಿನಾಂಕ"},{"$i":"event-end-date","$v":"ಅಂತಿಮ ದಿನಾಂಕ"},{"$i":"event-start-time","$v":"ಆರಂಭದ ಸಮಯ"},{"$i":"event-end-time","$v":"ಅಂತಿಮ ಸಮಯ"},{"$i":"event-delete","$v":"ಈವೆಂಟ್ ಅಳಿಸಿ"},{"$i":"remove-account-data","$v":"ಕ್ಯಾಲೆಂಡರ್ ಅಕೌಂಟ್ ತೆಗೆದುಹಾಕಿ"},{"$i":"remove-account-dialog","$v":"ಅಕೌಂಟ್ ತೆಗೆದುಹಾಕಿ"},{"$i":"remove-account-dialog-details","$v":["ನಿಮ್ಮ ಡಿವೈಸ್ದಿಂದ ತೆಗೆದುಹಾಕಿ \"",{"t":"idOrVar","v":"email"},"\"?"]},{"$i":"remove","$v":"ತೆಗೆದುಹಾಕಿ"},{"$i":"drawer-sync-icon-button","ariaLabel":"ಸಿಂಕ್ ಮಾಡಿ"},{"$i":"sync-progress-syncing","ariaValueText":"ಸಿಂಕ್‌ ಮಾಡಲಾಗುತ್ತಿದೆ"},{"$i":"sync-progress-complete","ariaValueText":"ಸಿಂಕ್ ಪೂರ್ಣಗೊಂಡಿದೆ"},{"$i":"sync-frequency","$v":"ಕ್ಯಾಲೆಂಡರ್ ಸಿಂಕ್ ಮಾಡಿ"},{"$i":"sync-frequency-15min","$v":"ಪ್ರತಿ  15 ನಿಮಿಷಗಳಿಗೊಮ್ಮೆ"},{"$i":"sync-frequency-30min","$v":"ಪ್ರತಿ 30 ನಿಮಿಷಗಳಿಗೊಮ್ಮೆ"},{"$i":"sync-frequency-manual","$v":"ಸ್ವಯಂ"},{"$i":"one-day-duration-title","$v":[{"t":"idOrVar","v":"startDate"}]},{"$i":"one-day-duration-content","$v":[{"t":"idOrVar","v":"startTime"}," ಇಂದ ",{"t":"idOrVar","v":"endTime"}]},{"$i":"multiple-day-duration-title","$v":["ಇಂದ ",{"t":"idOrVar","v":"startTime"}," ",{"t":"idOrVar","v":"startDate"}]},{"$i":"multiple-day-duration-content","$v":[{"t":"idOrVar","v":"endTime"}," ",{"t":"idOrVar","v":"endDate"}," ಗೆ"]},{"$i":"one-all-day-duration-title","$v":"ಎಲ್ಲಾ ದಿನ"},{"$i":"one-all-day-duration-content","$v":[{"t":"idOrVar","v":"startDate"}]},{"$i":"multiple-all-day-duration-title","$v":[{"t":"idOrVar","v":"startDate"}," ನಿಂದ ಒಂದು ದಿನ"]},{"$i":"multiple-all-day-duration-content","$v":[{"t":"idOrVar","v":"endDate"}," ಗೆ"]},{"$i":"none","$v":"ಯಾವುದೂ ಇಲ್ಲ"},{"$i":"reminder","$v":"ಈವೆಂಟ್ ರಿಮೈಂಡರ್"},{"$i":"remind-me","$v":"ನನ್ನನ್ನು ನೆನಪಿಸಿ"},{"$i":"alarm-at-event-standard","$v":"ಈವೆಂಟ್ ಸಮಯದಲ್ಲಿ"},{"$i":"alarm-at-event-allday","$v":"ಈವೆಂಟ್‌ನ ದಿನ"},{"$i":"alarm-start-notice","$v":[{"t":"idOrVar","v":"title"}," ಆರಂಭವಾಗುತ್ತಿದೆ ",{"t":"idOrVar","v":"distance"}]},{"$i":"alarm-started-notice","$v":[{"t":"idOrVar","v":"title"}," ಆರಂಭವಾಗಿದೆ ",{"t":"idOrVar","v":"distance"}]},{"$i":"minutes-before","$v":{"zero":"0 ನಿಮಿಷಗಳ ಮೊದಲು","one":"1 ನಿಮಿಷದ ಮೊದಲು","two":[{"t":"idOrVar","v":"value"}," ನಿಮಿಷಗಳ ಮೊದಲು"],"few":[{"t":"idOrVar","v":"value"}," ನಿಮಿಷಗಳ ಮೊದಲು"],"many":[{"t":"idOrVar","v":"value"}," ನಿಮಿಷಗಳ ಮೊದಲು"],"other":[{"t":"idOrVar","v":"value"}," ನಿಮಿಷಗಳ ಮೊದಲು"]},"$x":[{"t":"idOrVar","v":"plural"},"value"]},{"$i":"hours-before","$v":{"zero":"0 ಗಂಟೆಗಳ ಮೊದಲು","one":"1 ಗಂಟೆಯ ಮೊದಲು","two":[{"t":"idOrVar","v":"value"}," ಗಂಟೆಗಳ ಮೊದಲು"],"few":[{"t":"idOrVar","v":"value"}," ಗಂಟೆಗಳ ಮೊದಲು"],"many":[{"t":"idOrVar","v":"value"}," ಗಂಟೆಗಳ ಮೊದಲು"],"other":[{"t":"idOrVar","v":"value"}," ಗಂಟೆಗಳ ಮೊದಲು"]},"$x":[{"t":"idOrVar","v":"plural"},"value"]},{"$i":"days-before","$v":{"zero":"0 ದಿನಗಳ ಮೊದಲು","one":"1 ದಿನದ ಮೊದಲು","two":[{"t":"idOrVar","v":"value"}," ದಿನಗಳ ಮೊದಲು"],"few":[{"t":"idOrVar","v":"value"}," ದಿನಗಳ ಮೊದಲು"],"many":[{"t":"idOrVar","v":"value"}," ದಿನಗಳ ಮೊದಲು"],"other":[{"t":"idOrVar","v":"value"}," ದಿನಗಳ ಮೊದಲು"]},"$x":[{"t":"idOrVar","v":"plural"},"value"]},{"$i":"weeks-before","$v":{"zero":"0 ವಾರಗಳ ಮೊದಲು","one":"1 ವಾರದ ಮೊದಲು","two":[{"t":"idOrVar","v":"value"}," ವಾರಗಳ ಮೊದಲು"],"few":[{"t":"idOrVar","v":"value"}," ವಾರಗಳ ಮೊದಲು"],"many":[{"t":"idOrVar","v":"value"}," ವಾರಗಳ ಮೊದಲು"],"other":[{"t":"idOrVar","v":"value"}," ವಾರಗಳ ಮೊದಲು"]},"$x":[{"t":"idOrVar","v":"plural"},"value"]},{"$i":"months-before","$v":{"zero":"0 ತಿಂಗಳ ಮೊದಲು","one":"1 ತಿಂಗಳ ಮೊದಲು","two":[{"t":"idOrVar","v":"value"}," ತಿಂಗಳುಗಳ ಮೊದಲು"],"few":[{"t":"idOrVar","v":"value"}," ತಿಂಗಳುಗಳ ಮೊದಲು"],"many":[{"t":"idOrVar","v":"value"}," ತಿಂಗಳುಗಳ ಮೊದಲು"],"other":[{"t":"idOrVar","v":"value"}," ತಿಂಗಳುಗಳ ಮೊದಲು"]},"$x":[{"t":"idOrVar","v":"plural"},"value"]},{"$i":"years-before","$v":{"zero":"0 ವರ್ಷಗಳ ಮೊದಲು","one":"1 ವರ್ಷದ ಮೊದಲು","two":[{"t":"idOrVar","v":"Value"}," ವರ್ಷಗಳ ಮೊದಲು"],"few":[{"t":"idOrVar","v":"Value"}," ವರ್ಷಗಳ ಮೊದಲು"],"many":[{"t":"idOrVar","v":"Value"}," ವರ್ಷಗಳ ಮೊದಲು"],"other":[{"t":"idOrVar","v":"Value"}," ವರ್ಷಗಳ ಮೊದಲು"]},"$x":[{"t":"idOrVar","v":"plural"},"value"]},{"$i":"minutes-after","$v":{"zero":"0 ನಿಮಿಷಗಳ ನಂತರ","one":"1 ನಿಮಿಷದ ನಂತರ","two":[{"t":"idOrVar","v":"value"}," ನಿಮಿಷಗಳ ನಂತರ"],"few":[{"t":"idOrVar","v":"value"}," ನಿಮಿಷಗಳ ನಂತರ"],"many":[{"t":"idOrVar","v":"value"}," ನಿಮಿಷಗಳ ನಂತರ"],"other":[{"t":"idOrVar","v":"value"}," ನಿಮಿಷಗಳ ನಂತರ"]},"$x":[{"t":"idOrVar","v":"plural"},"value"]},{"$i":"hours-after","$v":{"zero":"0 ಗಂಟೆಗಳ ನಂತರ","one":"1 ಗಂಟೆಯ ನಂತರ","two":[{"t":"idOrVar","v":"value"}," ಗಂಟೆಗಳ ನಂತರ"],"few":[{"t":"idOrVar","v":"value"}," ಗಂಟೆಗಳ ನಂತರ"],"many":[{"t":"idOrVar","v":"value"}," ಗಂಟೆಗಳ ನಂತರ"],"other":[{"t":"idOrVar","v":"value"}," ಗಂಟೆಗಳ ನಂತರ"]},"$x":[{"t":"idOrVar","v":"plural"},"value"]},{"$i":"days-after","$v":{"zero":"0 ದಿನಗಳ ನಂತರ","one":"1 ದಿನದ ನಂತರ","two":[{"t":"idOrVar","v":"value"}," ದಿನಗಳ ನಂತರ"],"few":[{"t":"idOrVar","v":"value"}," ದಿನಗಳ ನಂತರ"],"many":[{"t":"idOrVar","v":"value"}," ದಿನಗಳ ನಂತರ"],"other":[{"t":"idOrVar","v":"value"}," ದಿನಗಳ ನಂತರ"]},"$x":[{"t":"idOrVar","v":"plural"},"value"]},{"$i":"weeks-after","$v":{"zero":"0 ವಾರಗಳ ನಂತರ","one":"1 ವಾರದ ನಂತರ","two":[{"t":"idOrVar","v":"value"}," ವಾರಗಳ ನಂತರ"],"few":[{"t":"idOrVar","v":"value"}," ವಾರಗಳ ನಂತರ"],"many":[{"t":"idOrVar","v":"value"}," ವಾರಗಳ ನಂತರ"],"other":[{"t":"idOrVar","v":"value"}," ವಾರಗಳ ನಂತರ"]},"$x":[{"t":"idOrVar","v":"plural"},"value"]},{"$i":"months-after","$v":{"zero":"0 ತಿಂಗಳ ನಂತರ","one":"1 ತಿಂಗಳ ನಂತರ","two":[{"t":"idOrVar","v":"value"}," ತಿಂಗಳುಗಳ ನಂತರ"],"few":[{"t":"idOrVar","v":"value"}," ತಿಂಗಳುಗಳ ನಂತರ"],"many":[{"t":"idOrVar","v":"value"}," ತಿಂಗಳುಗಳ ನಂತರ"],"other":[{"t":"idOrVar","v":"value"}," ತಿಂಗಳುಗಳ ನಂತರ"]},"$x":[{"t":"idOrVar","v":"plural"},"value"]},{"$i":"years-after","$v":{"zero":"0 ವರ್ಷಗಳ ನಂತರ","one":"1 ವರ್ಷದ ನಂತರ","two":[{"t":"idOrVar","v":"Value"}," ವರ್ಷಗಳ ನಂತರ"],"few":[{"t":"idOrVar","v":"Value"}," ವರ್ಷಗಳ ನಂತರ"],"many":[{"t":"idOrVar","v":"Value"}," ವರ್ಷಗಳ ನಂತರ"],"other":[{"t":"idOrVar","v":"Value"}," ವರ್ಷಗಳ ನಂತರ"]},"$x":[{"t":"idOrVar","v":"plural"},"value"]},{"$i":"hour-format12","$v":"%I %p"},{"$i":"hour-format24","$v":"%H"},{"$i":"week-hour-format12","$v":"%I %p"},{"$i":"week-hour-format24","$v":"%H"},{"$i":"hour-allday","$v":"ಎಲ್ಲಾ ದಿನ"},{"$i":"tcl-week-day","$v":"%a\\n%e"},{"$i":"current-time12","$v":"%I:%M"},{"$i":"current-time24","$v":"%H:%M"},{"$i":"multi-month-view-header-format","$v":"%B %Y"},{"$i":"day-view-header-format","$v":"%A, %b %e"},{"$i":"months-day-view-header-format","$v":"%A, %b %e"},{"$i":"months-day-view-header-format-small","$v":{"$o":"%a <br/> %b, %e"}},{"$i":"week-view-header-format","$v":["ವಾರ ",{"t":"idOrVar","v":"value"},", %B %Y"]},{"$i":"longDateFormat","$v":"%A, %B %d, %Y"},{"$i":"longTimeFormat","$v":"%A %B %d"},{"$i":"longTimeFormat12","$v":"%A %B %d %I %p"},{"$i":"longTimeFormat24","$v":"%A %B %d %H ಗಂಟೆ"},{"$i":"weekTimeFormat12","$v":"%I %p"},{"$i":"weekTimeFormat24","$v":"%H ಗಂಟೆ"},{"$i":"weekDayFormat","$v":"%A the %d"},{"$i":"alldayLongTimeFormat","$v":"%A %B %d ಎಲ್ಲಾ ದಿನ"},{"$i":"dayHour12","$v":"%I %p"},{"$i":"dayHour24","$v":"%H ಗಂಟೆ"},{"$i":"longDateTime12","$v":"%I %p, %a, %d %b, %Y"},{"$i":"longDateTime24","$v":"%H, %a, %d %b, %Y"},{"$i":"upcoming-events","$v":"ಮುಂಬರುವ ಈವೆಂಟ್‌ಗಳು"},{"$i":"search-results","$v":"ಹುಡುಕಾಟ ಫಲಿತಾಂಶಗಳು"},{"$i":"no-event-found","$v":"ಯಾವುದೇ ಈವೆಂಟ್‌ಗಳು ಕಂಡುಬಂದಿಲ್ಲ"},{"$i":"error-start-date-after-end-date","$v":"ಈವೆಂಟ್ ಆರಂಭದ ದಿನಾಂಕಕ್ಕೂ ಮುನ್ನ ಮುಕ್ತಾಯವಾಗುವಂತಿಲ್ಲ."},{"$i":"error-start-time-after-end-time","$v":"ಈವೆಂಟ್ ಆರಂಭದ ಸಮಯಕ್ಕೂ ಮುನ್ನ ಮುಕ್ತಾಯವಾಗುವಂತಿಲ್ಲ."},{"$i":"error-unauthenticated","$v":"ತಪ್ಪಾದ ಬಳಕೆದಾರರ ಹೆಸರು ಅಥವಾ ಪಾಸ್‌ವರ್ಡ್‌, ದಯವಿಟ್ಟು ಮತ್ತೆ ಪ್ರಯತ್ನಿಸಿ."},{"$i":"error-internal-server-error","$v":"ಸರ್ವರ್ ದೋಷ, ದಯವಿಟ್ಟು ಪುನಃ ಪ್ರಯತ್ನಿಸಿ."},{"$i":"error-unkown","$v":"ಸರ್ವರ್ ಪ್ರತಿಕ್ರಿಯೆಯಿಂದಾಗಿ ಮನವಿಯನ್ನು ನಿರ್ವಹಿಸಲಾಗುತ್ತಿಲ್ಲ."},{"$i":"error-default","$v":"ಏನೋ ತಪ್ಪಾಗಿದೆ. ನಂತರ ಮತ್ತೆ ಪ್ರಯತ್ನಿಸಿ."},{"$i":"error-offline","$v":"ಇಂಟರ್ನೆಟ್‌ ಸಂಪರ್ಕಿಸಲು ಅಸಾಧ್ಯ. ಇಂಟರ್ನೆಟ್‌ಗೆ ಪ್ರವೇಶ ಪಡೆಯಲು ನೀವು WiFi ಅಥವಾ ಮೊಬೈಲ್ ಡೇಟಾವನ್ನು ಪ್ರವೇಶಿಸಬಹುದು."},{"$i":"error-account-exist","$v":"ಈ ಅಕೌಂಟ್ ಈಗಾಗಲೇ ಅಸ್ತಿತ್ವದಲ್ಲಿದೆ"},{"$i":"error-edit-online-event","$v":"ಇಂಟರ್‌ನೆಟ್ ಕನೆಕ್ಶನ್ ಇಲ್ಲದಿರುವುದರಿಂದ ಆನ್‌ಲೈನ್ ಈವೆಂಟ್ ಅನ್ನು ಸಂಕಲಿಸಲು ವಿಫಲ."},{"$i":"error-delete-online-event","$v":"ಇಂಟರ್‌ನೆಟ್ ಕನೆಕ್ಶನ್ ಇಲ್ಲದಿರುವುದರಿಂದ ಆನ್‌ಲೈನ್ ಈವೆಂಟ್ ಅನ್ನು ಅಳಿಸಲು ವಿಫಲ."},{"$i":"notification-error-sync-title","$v":"ಕ್ಯಾಲೆಂಡರ್ ಸಿಂಕ್ ದೋಷ"},{"$i":"notification-error-sync-description","$v":"ಹೆಚ್ಚಿನ ಮಾಹಿತಿಗೆ ಟ್ಯಾಪ್ ಮಾಡಿ"},{"$i":"weekday-0-single-char","$v":"S","ariaLabel":"ಭಾನುವಾರ"},{"$i":"weekday-1-single-char","$v":"M","ariaLabel":"ಸೋಮವಾರ"},{"$i":"weekday-2-single-char","$v":"T","ariaLabel":"ಮಂಗಳವಾರ"},{"$i":"weekday-3-single-char","$v":"W","ariaLabel":"ಬುಧವಾರ"},{"$i":"weekday-4-single-char","$v":"T","ariaLabel":"ಗುರುವಾರ"},{"$i":"weekday-5-single-char","$v":"F","ariaLabel":"ಶುಕ್ರವಾರ"},{"$i":"weekday-6-single-char","$v":"S","ariaLabel":"ಶನಿವಾರ"},{"$i":"busy","$v":{"zero":"ಯಾವುದೇ ಈವೆಂಟ್‌ಗಳಿಲ್ಲ","one":[{"t":"idOrVar","v":"n"}," ಈವೆಂಟ್"],"two":[{"t":"idOrVar","v":"n"}," ಈವೆಂಟ್‌ಗಳು"],"few":[{"t":"idOrVar","v":"n"}," ಈವೆಂಟ್‌ಗಳು"],"many":[{"t":"idOrVar","v":"n"}," ಈವೆಂಟ್‌ಗಳು"],"other":[{"t":"idOrVar","v":"n"}," ಈವೆಂಟ್‌ಗಳು"]},"$x":[{"t":"idOrVar","v":"plural"},"n"]},{"$i":"present","ariaLabel":"ಇಂದು"},{"$i":"past-other-month-description","ariaLabel":"ಇತರ ತಿಂಗಳು"},{"$i":"future-other-month-description","ariaLabel":"ಇತರ ತಿಂಗಳು"},{"$i":"icon-calendar-alarm","ariaLabel":"ಅಲಾರ್ಮ್ ಇದೆ"},{"$i":"calendars","ariaLabel":"ಕ್ಯಾಲೆಂಡರ್"},{"$i":"multi-day-new-event-link","ariaLabel":"ಈವೆಂಟ್ ಸೇರಿಸಿ"},{"$i":"title","ariaLabel":"ಶೀರ್ಷಿಕೆ"},{"$i":"location","ariaLabel":"ಸ್ಥಾನ"},{"$i":"duration","ariaLabel":"ಅವಧಿ"},{"$i":"calendar","ariaLabel":"ಕ್ಯಾಲೆಂಡರ್"},{"$i":"alarms","ariaLabel":"ಅಲಾರಂಗಳು"},{"$i":"description","ariaLabel":"ವಿವರಣೆ"},{"$i":"start-date","ariaLabel":"ಆರಂಭ ದಿನಾಂಕ"},{"$i":"start-time","ariaLabel":"ಆರಂಭದ ಸಮಯ"},{"$i":"end-date","ariaLabel":"ಅಂತಿಮ ದಿನಾಂಕ"},{"$i":"end-time","ariaLabel":"ಅಂತಿಮ ಸಮಯ"},{"$i":"during-progress-loading","ariaValueText":"ಲೋಡ್‌ ಆಗುತ್ತಿದೆ"},{"$i":"all-day","ariaLabel":"ಎಲ್ಲಾ ದಿನ"},{"$i":"create-event","ariaLabel":"ಈವೆಂಟ್ ರಚಿಸಿ"},{"$i":"create-all-day-event","ariaLabel":"ಇಡೀ ದಿನದ ಈವೆಂಟ್ ಮಾರ್ಪಡಿಸಿ"},{"$i":"event-one-day-duration","ariaLabel":[{"t":"idOrVar","v":"startTime"}," ಇಂದ ",{"t":"idOrVar","v":"endTime"}," ಗೆ"]},{"$i":"week-event-one-day-duration","ariaLabel":[{"t":"idOrVar","v":"startDate"}," ಇಂದ ",{"t":"idOrVar","v":"startTime"}," ಗೆ ",{"t":"idOrVar","v":"endTime"}]},{"$i":"event-multiple-day-duration","ariaLabel":["ಇಂದ ",{"t":"idOrVar","v":"startTime"}," ",{"t":"idOrVar","v":"startDate"}," ವರೆಗೆ ",{"t":"idOrVar","v":"endTime"}," ",{"t":"idOrVar","v":"endDate"}]},{"$i":"tcl-event-added","$v":"ಈವೆಂಟ್ ಸೇರಿಸಿದೆ"},{"$i":"tcl-event-updated","$v":"ಈವೆಂಟ್ ಅಪ್ಡೇಟ್ ಮಾಡಲಾಗಿದೆ"},{"$i":"tcl-event-deleted","$v":"ಈವೆಂಟ್ ಅಳಿಸಲಾಗಿದೆ"},{"$i":"tcl-change-save","$v":"ಉಳಿಸಲಾದ ಬದಲಾವಣೆಗಳು"},{"$i":"tcl-event-calendar","$v":"ಕ್ಯಾಲೆಂಡರ್"},{"$i":"tcl-single-event","$v":"ಈವೆಂಟ್"},{"$i":"tcl-event-count","$v":"ಈವೆಂಟ್‌ಗಳು"},{"$i":"tcl-sync-progress-syncing","$v":"ಸಿಂಕ್‌ ಮಾಡಲಾಗುತ್ತಿದೆ"},{"$i":"tcl-sync-progress-complete","$v":"ಸಿಂಕ್ ಪೂರ್ಣಗೊಂಡಿದೆ"},{"$i":"tcl-settings-sounds","$v":"ಧ್ವನಿಗಳು"},{"$i":"tcl-tones","$v":"ಟೋನ್‌ಗಳು"},{"$i":"tcl-multi-events","$v":"ಈವೆಂಟ್‌ಗಳು"},{"$i":"tcl-confirmation-title","$v":"ದೃಢೀಕರಣ"},{"$i":"tcl-delete-selectedEvent-confirmation","$v":"ಆಯ್ದ ಈವೆಂಟ್ ಅಳಿಸಿ?"},{"$i":"tcl-deleteEvent-confirmation","$v":"ಘಟನೆ ಅಳಿಸಿ?"},{"$i":"tcl-event-search-header","$v":"ಹುಡುಕಿ","placeholder":"ಹುಡುಕಿ"},{"$i":"tcl-event-search-upcoming-events","$v":"ಮುಂಬರುವ ಈವೆಂಟ್‌ಗಳು"},{"$i":"tcl-delete","$v":"ಅಳಿಸಿ"},{"$i":"tcl-cancel","$v":"ರದ್ದು ಮಾಡಿ"},{"$i":"tcl-dialog-delete-sel","$v":"ಆರಿಸಿದ ಈವೆಂಟ್ ನೀವು ಅಳಿಸಬೇಕೆನ್ನುವ ಬಗ್ಗೆ ನಿಮಗೆ ಖಾತ್ರಿ ಇದೆಯೇ?"},{"$i":"tcl-delete-title","$v":"ಈವೆಂಟ್ ಅಳಿಸಿ"},{"$i":"tcl-save-changes","$v":"ಬದಲಾವಣೆಗಳನ್ನು ಉಳಿಸಿ?"},{"$i":"tcl-save-message-back","$v":"ಎಲ್ಲಾ ನಮೂದಿಸಿದ ಡೇಟಾಗಳು ಕಳೆದುಹೋಗುತ್ತವೆ. ನೀವು ಬದಲಾವಣೆಗಳನ್ನು ಉಳಿಸಬಯಸುವಿರಾ?"},{"$i":"tcl-save-message-close","$v":"ಡೇಟಾ ನಷ್ಟದಿಂದ ಅಪ್ಲಿಕೇಷನ್ ಅನ್ನು ಮುಚ್ಚಲಾಗುತ್ತದೆ. ನೀವು ಬದಲಾವಣೆಗಳನ್ನು ಉಳಿಸಬಯಸುವಿರಾ?"},{"$i":"yes","$v":"ಹೌದು"},{"$i":"no","$v":"ಇಲ್ಲ"},{"$i":"confirmation","$v":"ದೃಢೀಕರಣ"},{"$i":"ok","$v":"ಸರಿ"},{"$i":"delete-event","$v":"ಆಯ್ದ ಈವೆಂಟ್ ಅಳಿಸಿ?"},{"$i":"tcl-settings-header","$v":"ಪ್ರದರ್ಶಿಸಬೇಕಾದ ಕ್ಯಾಲೆಂಡರ್"},{"$i":"tcl-syncing","$v":"ಸಿಂಕ್‌ ಮಾಡಲಾಗುತ್ತಿದೆ..."},{"$i":"tcl-syncing-header","$v":"ಅಕೌಂಟ್ ಸಿಂಕ್"},{"$i":"options","$v":"ಆಯ್ಕೆಗಳು"},{"$i":"select","$v":"ಆಯ್ಕೆ ಮಾಡಿ"},{"$i":"add-event","$v":"ಈವೆಂಟ್ ಸೇರಿಸಿ"},{"$i":"weekly-view","$v":"ವಾರದ ನೋಟ"},{"$i":"day-view","$v":"ದಿನಾಂಕದ ರೂಪದಿಂದ"},{"$i":"month-view","$v":"ತಿಂಗಳ ನೋಟ"},{"$i":"today","$v":"ಇಂದು"},{"$i":"go","$v":"ದಿನಾಂಕಕ್ಕೆ ಹೋಗಿ"},{"$i":"search","$v":"ಹುಡುಕಿ"},{"$i":"calendar-to-display","$v":"ಪ್ರದರ್ಶಿಸಬೇಕಾದ ಕ್ಯಾಲೆಂಡರ್"},{"$i":"settings","$v":"ಸೆಟ್ಟಿಂಗ್ಸ್"},{"$i":"delete","$v":"ಅಳಿಸಿ"},{"$i":"enter","$v":"ನಮೂದಿಸಿ"},{"$i":"sync-calendar","$v":"ಕ್ಯಾಲೆಂಡರ್ ಸಿಂಕ್ ಮಾಡಿ"},{"$i":"present-description","$v":["ಇಂದು ",{"t":"idOrVar","v":"weekday"}," ದ ",{"t":"idOrVar","v":"date"},"ನೇ"]},{"$i":"day-description","$v":["ಇಂದು ",{"t":"idOrVar","v":"weekday"}," ದ ",{"t":"idOrVar","v":"date"},"ನೇ"]},{"$i":"weekday-5","$v":"ಶುಕ್ರವಾರ"},{"$i":"weekday-4","$v":"ಗುರುವಾರ"},{"$i":"weekday-3","$v":"ಬುಧವಾರ"},{"$i":"weekday-2","$v":"ಮಂಗಳವಾರ"},{"$i":"weekday-1","$v":"ಸೋಮವಾರ"},{"$i":"weekday-0","$v":"ಭಾನುವಾರ"},{"$i":"weekday-6","$v":"ಶನಿವಾರ"},{"$i":"no-title","$v":"(ಶೀರ್ಷಿಕೆಯಿಲ್ಲ)"},{"$i":"weekday-0-long","$v":"ಭಾನುವಾರ"},{"$i":"weekday-1-long","$v":"ಸೋಮವಾರ"},{"$i":"weekday-2-long","$v":"ಮಂಗಳವಾರ"},{"$i":"weekday-3-long","$v":"ಬುಧವಾರ"},{"$i":"weekday-4-long","$v":"ಗುರುವಾರ"},{"$i":"weekday-5-long","$v":"ಶುಕ್ರವಾರ"},{"$i":"weekday-6-long","$v":"ಶನಿವಾರ"},{"$i":"weekday-0-short","$v":"ಭಾನು"},{"$i":"weekday-1-short","$v":"ಸೋಮ"},{"$i":"weekday-2-short","$v":"ಮಂಗಳ"},{"$i":"weekday-3-short","$v":"ಬುಧ"},{"$i":"weekday-4-short","$v":"ಗುರು"},{"$i":"weekday-5-short","$v":"ಶುಕ್ರ"},{"$i":"weekday-6-short","$v":"ಶನಿವಾರ"},{"$i":"month-0-long","$v":"ಜನವರಿ"},{"$i":"month-1-long","$v":"ಫೆಬ್ರವರಿ"},{"$i":"month-2-long","$v":"ಮಾರ್ಚ್"},{"$i":"month-3-long","$v":"ಏಪ್ರಿಲ್"},{"$i":"month-4-long","$v":"ಮೇ"},{"$i":"month-5-long","$v":"ಜೂನ್"},{"$i":"month-6-long","$v":"ಜುಲೈ"},{"$i":"month-7-long","$v":"ಆಗಸ್ಟ್"},{"$i":"month-8-long","$v":"ಸಪ್ಟೆಂಬರ್"},{"$i":"month-9-long","$v":"ಅಕ್ಟೋಬರ್"},{"$i":"month-10-long","$v":"ನವೆಂಬರ್"},{"$i":"month-11-long","$v":"ಡಿಸೆಂಬರ್"},{"$i":"month-0-genitive","$v":"ಜನವರಿ"},{"$i":"month-1-genitive","$v":"ಫೆಬ್ರವರಿ"},{"$i":"month-2-genitive","$v":"ಮಾರ್ಚ್"},{"$i":"month-3-genitive","$v":"ಏಪ್ರಿಲ್"},{"$i":"month-4-genitive","$v":"ಮೇ"},{"$i":"month-5-genitive","$v":"ಜೂನ್"},{"$i":"month-6-genitive","$v":"ಜುಲೈ"},{"$i":"month-7-genitive","$v":"ಆಗಸ್ಟ್"},{"$i":"month-8-genitive","$v":"ಸಪ್ಟೆಂಬರ್"},{"$i":"month-9-genitive","$v":"ಅಕ್ಟೋಬರ್"},{"$i":"month-10-genitive","$v":"ನವೆಂಬರ್"},{"$i":"month-11-genitive","$v":"ಡಿಸೆಂಬರ್"},{"$i":"month-0-short","$v":"ಜನವರಿ"},{"$i":"month-1-short","$v":"ಫೆಬ್ರವರಿ"},{"$i":"month-2-short","$v":"ಮಾರ್ಚ್"},{"$i":"month-3-short","$v":"ಏಪ್ರಿಲ್"},{"$i":"month-4-short","$v":"ಮೇ"},{"$i":"month-5-short","$v":"ಜೂನ್"},{"$i":"month-6-short","$v":"ಜುಲೈ"},{"$i":"month-7-short","$v":"ಆಗಸ್ಟ್"},{"$i":"month-8-short","$v":"ಸೆಪ್ಟೆಂಬರ್"},{"$i":"month-9-short","$v":"ಅಕ್ಟೋಬರ್"},{"$i":"month-10-short","$v":"ನವೆಂಬರ್"},{"$i":"month-11-short","$v":"ಡಿಸೆಂಬರ್"},{"$i":"minutes-ago-long","$v":{"zero":"ಈಗಷ್ಟೇ","one":"ಒಂದು ನಿಮಿಷದ ಹಿಂದೆ","two":[{"t":"idOrVar","v":"value"}," ನಿಮಿಷಗಳ ಹಿಂದೆ"],"few":[{"t":"idOrVar","v":"value"}," ನಿಮಿಷಗಳ ಹಿಂದೆ"],"many":[{"t":"idOrVar","v":"value"}," ನಿಮಿಷಗಳ ಹಿಂದೆ"],"other":[{"t":"idOrVar","v":"value"}," ನಿಮಿಷಗಳ ಹಿಂದೆ"]},"$x":[{"t":"idOrVar","v":"plural"},"value"]},{"$i":"hours-ago-long","$v":{"zero":"ಈಗಷ್ಟೇ","one":"ಒಂದು ಗಂಟೆ ಹಿಂದೆ","two":[{"t":"idOrVar","v":"value"}," ಗಂಟೆಗಳ ಹಿಂದೆ"],"few":[{"t":"idOrVar","v":"value"}," ಗಂಟೆಗಳ ಹಿಂದೆ"],"many":[{"t":"idOrVar","v":"value"}," ಗಂಟೆಗಳ ಹಿಂದೆ"],"other":[{"t":"idOrVar","v":"value"}," ಗಂಟೆಗಳ ಹಿಂದೆ"]},"$x":[{"t":"idOrVar","v":"plural"},"value"]},{"$i":"days-ago-long","$v":{"zero":"ಇಂದು","one":"ನಿನ್ನೆ","two":[{"t":"idOrVar","v":"value"}," ದಿನಗಳ ಹಿಂದೆ"],"few":[{"t":"idOrVar","v":"value"}," ದಿನಗಳ ಹಿಂದೆ"],"many":[{"t":"idOrVar","v":"value"}," ದಿನಗಳ ಹಿಂದೆ"],"other":[{"t":"idOrVar","v":"value"}," ದಿನಗಳ ಹಿಂದೆ"]},"$x":[{"t":"idOrVar","v":"plural"},"value"]},{"$i":"weeks-ago-long","$v":{"zero":"ಈ ವಾರ","one":"ಕಳೆದ ವಾರ","two":[{"t":"idOrVar","v":"value"}," ವಾರಗಳ ಹಿಂದೆ"],"few":[{"t":"idOrVar","v":"value"}," ವಾರಗಳ ಹಿಂದೆ"],"many":[{"t":"idOrVar","v":"value"}," ವಾರಗಳ ಹಿಂದೆ"],"other":[{"t":"idOrVar","v":"value"}," ವಾರಗಳ ಹಿಂದೆ"]},"$x":[{"t":"idOrVar","v":"plural"},"value"]},{"$i":"months-ago-long","$v":{"zero":"ಈ ತಿಂಗಳು","one":"ಕಳೆದ ತಿಂಗಳು","two":[{"t":"idOrVar","v":"value"}," ತಿಂಗಳುಗಳ ಹಿಂದೆ"],"few":[{"t":"idOrVar","v":"value"}," ತಿಂಗಳುಗಳ ಹಿಂದೆ"],"many":[{"t":"idOrVar","v":"value"}," ತಿಂಗಳುಗಳ ಹಿಂದೆ"],"other":[{"t":"idOrVar","v":"value"}," ತಿಂಗಳುಗಳ ಹಿಂದೆ"]},"$x":[{"t":"idOrVar","v":"plural"},"value"]},{"$i":"years-ago-long","$v":{"zero":"ಈ ವರ್ಷ","one":"ಕಳೆದ ವರ್ಷ","two":[{"t":"idOrVar","v":"Value"}," ವರ್ಷಗಳ ಹಿಂದೆ"],"few":[{"t":"idOrVar","v":"Value"}," ವರ್ಷಗಳ ಹಿಂದೆ"],"many":[{"t":"idOrVar","v":"Value"}," ವರ್ಷಗಳ ಹಿಂದೆ"],"other":[{"t":"idOrVar","v":"Value"}," ವರ್ಷಗಳ ಹಿಂದೆ"]},"$x":[{"t":"idOrVar","v":"plural"},"value"]},{"$i":"minutes-until-long","$v":{"zero":"ಇದೀಗ","one":"ಒಂದು ನಿಮಿಷದಲ್ಲಿ","two":[{"t":"idOrVar","v":"value"}," ನಿಮಿಷಗಳಲ್ಲಿ"],"few":[{"t":"idOrVar","v":"value"}," ನಿಮಿಷಗಳಲ್ಲಿ"],"many":[{"t":"idOrVar","v":"value"}," ನಿಮಿಷಗಳಲ್ಲಿ"],"other":[{"t":"idOrVar","v":"value"}," ನಿಮಿಷಗಳಲ್ಲಿ"]},"$x":[{"t":"idOrVar","v":"plural"},"value"]},{"$i":"hours-until-long","$v":{"zero":"ಇದೀಗ","one":"ಒಂದು ಗಂಟೆಯಲ್ಲಿ","two":[{"t":"idOrVar","v":"value"}," ಗಂಟೆಗಳಲ್ಲಿ"],"few":[{"t":"idOrVar","v":"value"}," ಗಂಟೆಗಳಲ್ಲಿ"],"many":[{"t":"idOrVar","v":"value"}," ಗಂಟೆಗಳಲ್ಲಿ"],"other":[{"t":"idOrVar","v":"value"}," ಗಂಟೆಗಳಲ್ಲಿ"]},"$x":[{"t":"idOrVar","v":"plural"},"value"]},{"$i":"days-until-long","$v":{"zero":"ಇಂದು","one":"ನಾಳೆ","two":[{"t":"idOrVar","v":"value"}," ದಿನಗಳಲ್ಲಿ"],"few":[{"t":"idOrVar","v":"value"}," ದಿನಗಳಲ್ಲಿ"],"many":[{"t":"idOrVar","v":"value"}," ದಿನಗಳಲ್ಲಿ"],"other":[{"t":"idOrVar","v":"value"}," ದಿನಗಳಲ್ಲಿ"]},"$x":[{"t":"idOrVar","v":"plural"},"value"]},{"$i":"weeks-until-long","$v":{"zero":"ಈ ವಾರ","one":"ಮುಂದಿನ ವಾರ","two":[{"t":"idOrVar","v":"value"}," ವಾರಗಳಲ್ಲಿ"],"few":[{"t":"idOrVar","v":"value"}," ವಾರಗಳಲ್ಲಿ"],"many":[{"t":"idOrVar","v":"value"}," ವಾರಗಳಲ್ಲಿ"],"other":[{"t":"idOrVar","v":"value"}," ವಾರಗಳಲ್ಲಿ"]},"$x":[{"t":"idOrVar","v":"plural"},"value"]},{"$i":"months-until-long","$v":{"zero":"ಈ ತಿಂಗಳು","one":"ಮುಂದಿನ ತಿಂಗಳು","two":[{"t":"idOrVar","v":"value"}," ತಿಂಗಳುಗಳಲ್ಲಿ"],"few":[{"t":"idOrVar","v":"value"}," ತಿಂಗಳುಗಳಲ್ಲಿ"],"many":[{"t":"idOrVar","v":"value"}," ತಿಂಗಳುಗಳಲ್ಲಿ"],"other":[{"t":"idOrVar","v":"value"}," ತಿಂಗಳುಗಳಲ್ಲಿ"]},"$x":[{"t":"idOrVar","v":"plural"},"value"]},{"$i":"years-until-long","$v":{"zero":"ಈ ವರ್ಷ","one":"ಮುಂದಿನ ವರ್ಷ","two":[{"t":"idOrVar","v":"value"}," ವರ್ಷಗಳಲ್ಲಿ"],"few":[{"t":"idOrVar","v":"value"}," ವರ್ಷಗಳಲ್ಲಿ"],"many":[{"t":"idOrVar","v":"value"}," ವರ್ಷಗಳಲ್ಲಿ"],"other":[{"t":"idOrVar","v":"value"}," ವರ್ಷಗಳಲ್ಲಿ"]},"$x":[{"t":"idOrVar","v":"plural"},"value"]},{"$i":"minutes-ago-short","$v":{"zero":"ಈಗಷ್ಟೇ","other":[{"t":"idOrVar","v":"value"},"ನಿಮಿಷಗಳ ಹಿಂದೆ"]},"$x":[{"t":"idOrVar","v":"plural"},"value"]},{"$i":"hours-ago-short","$v":{"zero":"ಈಗಷ್ಟೇ","other":[{"t":"idOrVar","v":"value"},"ಗಂಟೆಗಳ ಹಿಂದೆ"]},"$x":[{"t":"idOrVar","v":"plural"},"value"]},{"$i":"days-ago-short","$v":{"zero":"ಇಂದು","other":[{"t":"idOrVar","v":"value"},"ದಿನದ ಹಿಂದೆ"]},"$x":[{"t":"idOrVar","v":"plural"},"value"]},{"$i":"minutes-until-short","$v":{"zero":"ಇದೀಗ","other":[{"t":"idOrVar","v":"value"},"ನಿಮಿಷಗಳಲ್ಲಿ"]},"$x":[{"t":"idOrVar","v":"plural"},"value"]},{"$i":"hours-until-short","$v":{"zero":"ಇದೀಗ","other":[{"t":"idOrVar","v":"value"},"ಗಂಟೆಗಳಲ್ಲಿ"]},"$x":[{"t":"idOrVar","v":"plural"},"value"]},{"$i":"days-until-short","$v":{"zero":"ಇಂದು","other":[{"t":"idOrVar","v":"value"},"ದಿನದಲ್ಲಿ"]},"$x":[{"t":"idOrVar","v":"plural"},"value"]},{"$i":"incorrectDate","$v":"(ತಪ್ಪಾದ ದಿನಾಂಕ)"},{"$i":"dateTimeFormat_%c","$v":"%a %b %e %Y %I:%M:%S %p"},{"$i":"dateTimeFormat_%x","$v":"%m/%d/%Y"},{"$i":"dateTimeFormat_%X","$v":"%I:%M:%S %p"},{"$i":"shortTimeFormat","$v":"%I:%M %p"},{"$i":"shortTimeFormat12","$v":"%I:%M %p"},{"$i":"shortTimeFormat24","$v":"%H:%M"},{"$i":"shortDateTimeFormat","$v":"%x %I:%M %p"},{"$i":"weekStartsOnMonday","$v":"0"},{"$i":"firstDayOfTheWeek","$v":"0"},{"$i":"time_am","$v":"AM"},{"$i":"time_pm","$v":"PM"},{"$i":"softkey-options","$v":"ಆಯ್ಕೆಗಳು"}]