[{"$i":"back","$v":"फाटीं"},{"$i":"save","$v":"सांबाळ"},{"$i":"hide","$v":"लिपय"},{"$i":"cancel","$v":"रद्द करचें"},{"$i":"confirm","$v":"कायम करात"},{"$i":"done","$v":"केलें"},{"$i":"events","$v":"कार्यावळींचो उगडास"},{"$i":"edit","$v":"संपादन"},{"$i":"allday-events","$v":"पूर्ण-दिसाच्या कार्यावळीचो उगडास"},{"$i":"no-events","$v":"नव्यो कार्यावळी"},{"$i":"default","$v":"डिफॉल्ट"},{"$i":"sync","$v":"सिंक"},{"$i":"show-today","$v":"आयज"},{"$i":"show-month-view","$v":"म्हयनो"},{"$i":"show-week-view","$v":"सप्तक"},{"$i":"show-day-view","$v":"दिस"},{"$i":"settings-show","$v":"सेटिंग्स"},{"$i":"settings-hide","$v":"मांडावळी लिपोवच्यो"},{"$i":"add-account","$v":"एक खाते जोडात"},{"$i":"new-event","$v":"कार्यावळ जोडची"},{"$i":"view-event-header","$v":"कार्यावळीचे तपशील"},{"$i":"new-event-header","$v":"कार्यावळ जोडची"},{"$i":"edit-event-header","$v":"कार्यावळ संपादन करची"},{"$i":"account-header","$v":"खातें"},{"$i":"account-list-header","$v":"खातीं"},{"$i":"advanced-settings-short-icon-button","ariaLabel":"सेटिंग्स"},{"$i":"advanced-settings-header","$v":"दिनदर्शिका मांडावळी"},{"$i":"advanced-settings-personalization","$v":"फ्रिक्वेन्सी अपडेट करची"},{"$i":"advanced-settings-reminders","$v":"उघडास"},{"$i":"advanced-settings-add-account","$v":"खातें जोडचें"},{"$i":"field-user","$v":"यूजरनेम"},{"$i":"field-password","$v":"पासवर्ड"},{"$i":"show-password","$v":"पासवर्ड दाखोवचो"},{"$i":"field-full-url","$v":"URL"},{"$i":"modify-account-setting-up","$v":"उपकार करून तुमचें खातें स्थापन जाता मेरेन वाट पळोवची"},{"$i":"modify-account-unable-to-sync","$v":"सिंक्रोनायझ करूंक असमर्थ"},{"$i":"modify-account-sign-in","$v":"सायन इन करचें"},{"$i":"tcl-caldav","$v":"CalDav"},{"$i":"tcl-yahoo","$v":"याहू!"},{"$i":"tcl-google","$v":"गुगल"},{"$i":"preset-mozilla","$v":"मोझिला झिंब्रा"},{"$i":"calendar-local","$v":"फोन दिनदर्शिका"},{"$i":"event-title","$v":"शीर्शक"},{"$i":"event-location","$v":"सुवात"},{"$i":"event-description","$v":"टिप्पणां"},{"$i":"event-is-allday","$v":"पूर्ण-दिसाची कार्यावळ"},{"$i":"event-start-date","$v":"सुरवात तारीख"},{"$i":"event-end-date","$v":"तारखेचो शेवट करचो"},{"$i":"event-start-time","$v":"सुरवात तारीख"},{"$i":"event-end-time","$v":"वेळेचो शेवट करचो"},{"$i":"event-delete","$v":"कार्यावळ वगळावची"},{"$i":"remove-account-data","$v":"दिनदर्शिका खातें काडचें"},{"$i":"remove-account-dialog","$v":"खातें काडात"},{"$i":"remove-account-dialog-details","$v":["तुमच्या डिव्हायसांतल्यान \"",{"t":"idOrVar","v":"email"},"\" काडचो"]},{"$i":"remove","$v":"काडात"},{"$i":"drawer-sync-icon-button","ariaLabel":"सिंक"},{"$i":"sync-progress-syncing","ariaValueText":"सिंक्रोनायज करता"},{"$i":"sync-progress-complete","ariaValueText":"सिंक्रोनायझ पुराय"},{"$i":"sync-frequency","$v":"दिनदर्शिका सिंक्रोनायझ करची"},{"$i":"sync-frequency-15min","$v":"15-2 मिण्टांनी"},{"$i":"sync-frequency-30min","$v":"30-2 मिण्टांनी"},{"$i":"sync-frequency-manual","$v":"स्वता"},{"$i":"one-day-duration-title","$v":[{"t":"idOrVar","v":"startDate"}]},{"$i":"one-day-duration-content","$v":[{"t":"idOrVar","v":"startTime"}," ते ",{"t":"idOrVar","v":"endTime"}]},{"$i":"multiple-day-duration-title","$v":[{"t":"idOrVar","v":"startTime"}," ",{"t":"idOrVar","v":"startDate"}," कडल्यान"]},{"$i":"multiple-day-duration-content","$v":["प्रति ",{"t":"idOrVar","v":"endTime"}," ",{"t":"idOrVar","v":"endDate"}]},{"$i":"one-all-day-duration-title","$v":"पूर्ण दीस"},{"$i":"one-all-day-duration-content","$v":[{"t":"idOrVar","v":"startDate"}]},{"$i":"multiple-all-day-duration-title","$v":[{"t":"idOrVar","v":"startDate"}," सावन पूर्ण दीस"]},{"$i":"multiple-all-day-duration-content","$v":["प्रति ",{"t":"idOrVar","v":"endDate"}]},{"$i":"none","$v":"खंयचेंच ना"},{"$i":"reminder","$v":"कार्यावळीचो उगडास"},{"$i":"remind-me","$v":"म्हाका उगडास करचो"},{"$i":"alarm-at-event-standard","$v":"कार्यावळी वेळार"},{"$i":"alarm-at-event-allday","$v":"कार्यावळीचो एक दीस"},{"$i":"alarm-start-notice","$v":[{"t":"idOrVar","v":"title"}," सुरवात केल्या ",{"t":"idOrVar","v":"distance"}]},{"$i":"alarm-started-notice","$v":[{"t":"idOrVar","v":"title"}," सुरवात केल्या ",{"t":"idOrVar","v":"distance"}]},{"$i":"minutes-before","$v":{"zero":"0 मिन्टां आदीं","one":"1 मिन्टा आदीं","two":[{"t":"idOrVar","v":"value"}," मिन्टां आदीं"],"few":[{"t":"idOrVar","v":"value"}," मिन्टां आदीं"],"many":[{"t":"idOrVar","v":"value"}," मिन्टां आदीं"],"other":[{"t":"idOrVar","v":"value"}," मिन्टां आदीं"]},"$x":[{"t":"idOrVar","v":"plural"},"value"]},{"$i":"hours-before","$v":{"zero":"0 वरां आदीं","one":"1 वरा आदीं","two":[{"t":"idOrVar","v":"value"}," वरां आदीं"],"few":[{"t":"idOrVar","v":"value"}," वरां आदीं"],"many":[{"t":"idOrVar","v":"value"}," वरां आदीं"],"other":[{"t":"idOrVar","v":"value"}," वरां आदीं"]},"$x":[{"t":"idOrVar","v":"plural"},"value"]},{"$i":"days-before","$v":{"zero":"0 दीस आदीं","one":"1 दीसा आदीं","two":[{"t":"idOrVar","v":"value"}," दिसां आदीं"],"few":[{"t":"idOrVar","v":"value"}," दिसां आदीं"],"many":[{"t":"idOrVar","v":"value"}," दिसां आदीं"],"other":[{"t":"idOrVar","v":"value"}," दिसां आदीं"]},"$x":[{"t":"idOrVar","v":"plural"},"value"]},{"$i":"weeks-before","$v":{"zero":"0 सप्तकां आदीं","one":"1 सप्तका आदीं","two":[{"t":"idOrVar","v":"value"}," सप्तकां आदीं"],"few":[{"t":"idOrVar","v":"value"}," सप्तकां आदीं"],"many":[{"t":"idOrVar","v":"value"}," सप्तकां आदीं"],"other":[{"t":"idOrVar","v":"value"}," सप्तकां आदीं"]},"$x":[{"t":"idOrVar","v":"plural"},"value"]},{"$i":"months-before","$v":{"zero":"0 म्हयन्यां आदीं","one":"1 म्हयन्या आदीं","two":[{"t":"idOrVar","v":"value"}," म्हयन्यां आदीं"],"few":[{"t":"idOrVar","v":"value"}," म्हयन्यां आदीं"],"many":[{"t":"idOrVar","v":"value"}," म्हयन्यां आदीं"],"other":[{"t":"idOrVar","v":"value"}," म्हयन्यां आदीं"]},"$x":[{"t":"idOrVar","v":"plural"},"value"]},{"$i":"years-before","$v":{"zero":"0 वर्सां आदीं","one":"1 वर्सा आदीं","two":[{"t":"idOrVar","v":"value"}," वर्सां आदीं"],"few":[{"t":"idOrVar","v":"value"}," वर्सां आदीं"],"many":[{"t":"idOrVar","v":"value"}," वर्सां आदीं"],"other":[{"t":"idOrVar","v":"value"}," वर्सां आदीं"]},"$x":[{"t":"idOrVar","v":"plural"},"value"]},{"$i":"minutes-after","$v":{"zero":"0 मिन्टां उपरांत","one":"1 मिन्टा उपरांत","two":[{"t":"idOrVar","v":"value"}," मिन्टां उपरांत"],"few":[{"t":"idOrVar","v":"value"}," मिन्टां उपरांत"],"many":[{"t":"idOrVar","v":"value"}," मिन्टां उपरांत"],"other":[{"t":"idOrVar","v":"value"}," मिन्टां उपरांत"]},"$x":[{"t":"idOrVar","v":"plural"},"value"]},{"$i":"hours-after","$v":{"zero":"0 वरां उपरांत","one":"1 वरा उपरांत","two":[{"t":"idOrVar","v":"value"}," वरां उपरांत"],"few":[{"t":"idOrVar","v":"value"}," वरां उपरांत"],"many":[{"t":"idOrVar","v":"value"}," वरां उपरांत"],"other":[{"t":"idOrVar","v":"value"}," वरां उपरांत"]},"$x":[{"t":"idOrVar","v":"plural"},"value"]},{"$i":"days-after","$v":{"zero":"0 दीस उपरांत","one":"1 दीसा उपरांत","two":[{"t":"idOrVar","v":"value"}," दिसां उपरांत"],"few":[{"t":"idOrVar","v":"value"}," दिसां उपरांत"],"many":[{"t":"idOrVar","v":"value"}," दिसां उपरांत"],"other":[{"t":"idOrVar","v":"value"}," दिसां उपरांत"]},"$x":[{"t":"idOrVar","v":"plural"},"value"]},{"$i":"weeks-after","$v":{"zero":"0 सप्तकां उपरांत","one":"1 सप्तका उपरांत","two":[{"t":"idOrVar","v":"value"}," सप्तकां उपरांत"],"few":[{"t":"idOrVar","v":"value"}," सप्तकां उपरांत"],"many":[{"t":"idOrVar","v":"value"}," सप्तकां उपरांत"],"other":[{"t":"idOrVar","v":"value"}," सप्तकां उपरांत"]},"$x":[{"t":"idOrVar","v":"plural"},"value"]},{"$i":"months-after","$v":{"zero":"0 म्हयन्यां उपरांत","one":"1 म्हयन्या उपरांत","two":[{"t":"idOrVar","v":"value"}," म्हयन्यां उपरांत"],"few":[{"t":"idOrVar","v":"value"}," म्हयन्यां उपरांत"],"many":[{"t":"idOrVar","v":"value"}," म्हयन्यां उपरांत"],"other":[{"t":"idOrVar","v":"value"}," म्हयन्यां उपरांत"]},"$x":[{"t":"idOrVar","v":"plural"},"value"]},{"$i":"years-after","$v":{"zero":"0 वर्सां उपरांत","one":"1 वर्सा उपरांत","two":[{"t":"idOrVar","v":"value"}," वर्सां उपरांत"],"few":[{"t":"idOrVar","v":"value"}," वर्सां उपरांत"],"many":[{"t":"idOrVar","v":"value"}," वर्सां उपरांत"],"other":[{"t":"idOrVar","v":"value"}," वर्सां उपरांत"]},"$x":[{"t":"idOrVar","v":"plural"},"value"]},{"$i":"hour-format12","$v":"%I %p"},{"$i":"hour-format24","$v":"%H"},{"$i":"week-hour-format12","$v":"%I %p"},{"$i":"week-hour-format24","$v":"%H"},{"$i":"hour-allday","$v":"पूर्ण दीस"},{"$i":"tcl-week-day","$v":"%a\\n%e"},{"$i":"current-time12","$v":"%I:%M"},{"$i":"current-time24","$v":"%H:%M"},{"$i":"multi-month-view-header-format","$v":"%B %Y"},{"$i":"day-view-header-format","$v":"%A, %b %e"},{"$i":"months-day-view-header-format","$v":"%A, %b %e"},{"$i":"months-day-view-header-format-small","$v":{"$o":"%a <br/> %b, %e"}},{"$i":"week-view-header-format","$v":["सप्तक ",{"t":"idOrVar","v":"value"},", %B %Y"]},{"$i":"longDateFormat","$v":"%A, %B %d, %Y"},{"$i":"longTimeFormat","$v":"%A %B %d"},{"$i":"longTimeFormat12","$v":"%A %B %d %I %p"},{"$i":"longTimeFormat24","$v":"%A %B %d %H वेळ"},{"$i":"weekTimeFormat12","$v":"%I %p"},{"$i":"weekTimeFormat24","$v":"%H वेळ"},{"$i":"weekDayFormat","$v":"%A the %d"},{"$i":"alldayLongTimeFormat","$v":"%A %B %d पूर्ण दीस"},{"$i":"dayHour12","$v":"%I %p"},{"$i":"dayHour24","$v":"%H वेळ"},{"$i":"longDateTime12","$v":"%I %p, %a, %d %b, %Y"},{"$i":"longDateTime24","$v":"%H, %a, %d %b, %Y"},{"$i":"upcoming-events","$v":"येतात्यो कार्यावळी"},{"$i":"search-results","$v":"सोद निकाल"},{"$i":"no-event-found","$v":"नव्यो कार्यावळी मेळूंक ना"},{"$i":"error-start-date-after-end-date","$v":"कार्यावळ ताच्या सुरवात तारखे आदीं सोंपोवंक मेळना"},{"$i":"error-start-time-after-end-time","$v":"कार्यावळ ताच्या सुरवात तारखे आदीं सोंपोवंक मेळना"},{"$i":"error-unauthenticated","$v":"उपेगकर्ता नांव वा पासवर्ड चुकीचो आसा, उपकार करून परत यत्न करचो"},{"$i":"error-internal-server-error","$v":"सर्वराची चूक, उपकार करून परत यत्न करचो"},{"$i":"error-unkown","$v":"सर्वर प्रतिसादाक लागून विनंती हाताळूंक शकना"},{"$i":"error-default","$v":"किदेंतरी चुक आसा. उपरांत परत यत्न करात"},{"$i":"error-offline","$v":"माजाळ्याकडेन कनॅक्ट करूंक असमर्थ. तुमी WiFi वा मोबायल डेटा माजाळें ऍक्सॅस करूंक वापरूंक शकतात"},{"$i":"error-account-exist","$v":"हें खातें आदींच आसा"},{"$i":"error-edit-online-event","$v":"माजाळ्याचें कनॅक्शन नाशिल्ल्यान ऑनलायन कार्यावळ संपादनाक अपेस आयलें"},{"$i":"error-delete-online-event","$v":"माजाळ्याचें कनॅक्शन नाशिल्ल्यान ऑनलायन कार्यावळ वगळावंक अपेस आयलें"},{"$i":"notification-error-sync-title","$v":"दिनदर्शिका सिंक्रोनायझेशन चूक"},{"$i":"notification-error-sync-description","$v":"चड म्हायती खातीर टॅप करचें"},{"$i":"weekday-0-single-char","$v":"S","ariaLabel":"आयतार"},{"$i":"weekday-1-single-char","$v":"M","ariaLabel":"सोमार"},{"$i":"weekday-2-single-char","$v":"T","ariaLabel":"मंगळार"},{"$i":"weekday-3-single-char","$v":"W","ariaLabel":"बुधवार"},{"$i":"weekday-4-single-char","$v":"T","ariaLabel":"बिरेस्तार"},{"$i":"weekday-5-single-char","$v":"F","ariaLabel":"शुक्रार"},{"$i":"weekday-6-single-char","$v":"S","ariaLabel":"शेनवार"},{"$i":"busy","$v":{"zero":"नव्यो कार्यावळी","one":[{"t":"idOrVar","v":"n"}," कार्यावळ"],"two":[{"t":"idOrVar","v":"n"}," कार्यावळी"],"few":[{"t":"idOrVar","v":"n"}," कार्यावळी"],"many":[{"t":"idOrVar","v":"n"}," कार्यावळी"],"other":[{"t":"idOrVar","v":"n"}," कार्यावळी"]},"$x":[{"t":"idOrVar","v":"plural"},"n"]},{"$i":"present","ariaLabel":"आयज"},{"$i":"past-other-month-description","ariaLabel":"दुसरो म्हयनो"},{"$i":"future-other-month-description","ariaLabel":"दुसरो म्हयनो"},{"$i":"icon-calendar-alarm","ariaLabel":"अलार्म आसा"},{"$i":"calendars","ariaLabel":"दिनदर्शिको"},{"$i":"multi-day-new-event-link","ariaLabel":"कार्यावळ जोडची"},{"$i":"title","ariaLabel":"शीर्शक"},{"$i":"location","ariaLabel":"सुवात"},{"$i":"duration","ariaLabel":"कालमर्यादा"},{"$i":"calendar","ariaLabel":"कॅलेंडर"},{"$i":"alarms","ariaLabel":"गजर"},{"$i":"description","ariaLabel":"वर्णन"},{"$i":"start-date","ariaLabel":"सुरवात तारीख"},{"$i":"start-time","ariaLabel":"सुरवात तारीख"},{"$i":"end-date","ariaLabel":"तारखेचो शेवट करचो"},{"$i":"end-time","ariaLabel":"वेळेचो शेवट करचो"},{"$i":"during-progress-loading","ariaValueText":"लोड जाता"},{"$i":"all-day","ariaLabel":"पूर्ण दीस"},{"$i":"create-event","ariaLabel":"कार्यावळ निर्माण करची"},{"$i":"create-all-day-event","ariaLabel":"पुराय दिसाची कार्यावळ निर्माण करची"},{"$i":"event-one-day-duration","ariaLabel":[{"t":"idOrVar","v":"startTime"}," ते ",{"t":"idOrVar","v":"endTime"}]},{"$i":"week-event-one-day-duration","ariaLabel":[{"t":"idOrVar","v":"startDate"},"हाचे कडल्यान ",{"t":"idOrVar","v":"startTime"}," ते ",{"t":"idOrVar","v":"endTime"}]},{"$i":"event-multiple-day-duration","ariaLabel":[{"t":"idOrVar","v":"startTime"}," ",{"t":"idOrVar","v":"startDate"}," ते ",{"t":"idOrVar","v":"endTime"}," ",{"t":"idOrVar","v":"endDate"}," मेरेन"]},{"$i":"tcl-event-added","$v":"कार्यावळ जोडली"},{"$i":"tcl-event-updated","$v":"कार्यावळ अपडेट केली"},{"$i":"tcl-event-deleted","$v":"कार्यावळ वगळायली"},{"$i":"tcl-change-save","$v":"बदल सांबाळ्ळे"},{"$i":"tcl-event-calendar","$v":"कॅलेंडर"},{"$i":"tcl-single-event","$v":"कार्यावळ"},{"$i":"tcl-event-count","$v":"कार्यावळी"},{"$i":"tcl-sync-progress-syncing","$v":"सिंक्रोनायज करता"},{"$i":"tcl-sync-progress-complete","$v":"सिंक्रोनायझेशन पुराय जालें"},{"$i":"tcl-settings-sounds","$v":"आवाज"},{"$i":"tcl-tones","$v":"टोन्स"},{"$i":"tcl-multi-events","$v":"कार्यावळी"},{"$i":"tcl-confirmation-title","$v":"खात्री"},{"$i":"tcl-delete-selectedEvent-confirmation","$v":"वेंचीक कार्यावळ वगळावची"},{"$i":"tcl-deleteEvent-confirmation","$v":"कार्यावळ वगळावची"},{"$i":"tcl-event-search-header","$v":"सोदप","placeholder":"सोदप"},{"$i":"tcl-event-search-upcoming-events","$v":"येतात्यो कार्यावळी"},{"$i":"tcl-delete","$v":"पुसून उडयात"},{"$i":"tcl-cancel","$v":"रद्द करचें"},{"$i":"tcl-dialog-delete-sel","$v":"तुमकां वेंचीक कार्यावळी वगळावच्यो आसात हाची तुमकां खात्री आसा"},{"$i":"tcl-delete-title","$v":"कार्यावळ वगळावची"},{"$i":"tcl-save-changes","$v":"बदल सांबाळचे"},{"$i":"tcl-save-message-back","$v":"नोंद केल्लो सगळो डेटा वतलो. तुमकां बदल सांबाळचे आसात"},{"$i":"tcl-save-message-close","$v":"डेटा हानी वरवीं ऍप्लिकेशन धांपतले. तुमकां बदल सांबाळचे आसात"},{"$i":"yes","$v":"हय"},{"$i":"no","$v":"ना"},{"$i":"confirmation","$v":"खात्री"},{"$i":"ok","$v":"बरें आसा"},{"$i":"delete-event","$v":"वेंचीक कार्यावळ वगळावची"},{"$i":"tcl-settings-header","$v":"दाखोवंक दिनदर्शिका"},{"$i":"tcl-syncing","$v":"सिंक्रोनायज करता"},{"$i":"tcl-syncing-header","$v":"खातें सिंक्रो"},{"$i":"options","$v":"पर्याय"},{"$i":"select","$v":"वेंच्चें"},{"$i":"add-event","$v":"कार्यावळ जोडची"},{"$i":"weekly-view","$v":"सप्तकीय दर्शन"},{"$i":"day-view","$v":"दीस देखाव"},{"$i":"month-view","$v":"म्हयन्याचो देखाव"},{"$i":"today","$v":"आयज"},{"$i":"go","$v":"तारखेंत वच्चें"},{"$i":"search","$v":"सोदप"},{"$i":"calendar-to-display","$v":"दाखोवंक दिनदर्शिका"},{"$i":"settings","$v":"सेटिंग्स"},{"$i":"delete","$v":"पुसून उडयात"},{"$i":"enter","$v":"Enter"},{"$i":"sync-calendar","$v":"दिनदर्शिका सिंक्रोनायझ करची"},{"$i":"present-description","$v":["आयज ",{"t":"idOrVar","v":"weekday"}," दी ",{"t":"idOrVar","v":"date"},"th"]},{"$i":"day-description","$v":[{"t":"idOrVar","v":"weekday"}," दी ",{"t":"idOrVar","v":"date"},"वी"]},{"$i":"weekday-5","$v":"शुक्रार"},{"$i":"weekday-4","$v":"बिरेस्तार"},{"$i":"weekday-3","$v":"बुधवार"},{"$i":"weekday-2","$v":"मंगळार"},{"$i":"weekday-1","$v":"सोमार"},{"$i":"weekday-0","$v":"आयतार"},{"$i":"weekday-6","$v":"शेनवार"},{"$i":"no-title","$v":"(शीर्षक ना)"},{"$i":"weekday-0-long","$v":"आयतार"},{"$i":"weekday-1-long","$v":"सोमार"},{"$i":"weekday-2-long","$v":"मंगळार"},{"$i":"weekday-3-long","$v":"बुधवार"},{"$i":"weekday-4-long","$v":"बिरेस्तार"},{"$i":"weekday-5-long","$v":"शुक्रार"},{"$i":"weekday-6-long","$v":"शेनवार"},{"$i":"weekday-0-short","$v":"सुर्य"},{"$i":"weekday-1-short","$v":"सोमार"},{"$i":"weekday-2-short","$v":"मं"},{"$i":"weekday-3-short","$v":"बुध"},{"$i":"weekday-4-short","$v":"बिरे"},{"$i":"weekday-5-short","$v":"शुक्र"},{"$i":"weekday-6-short","$v":"शे"},{"$i":"month-0-long","$v":"जानेवारी"},{"$i":"month-1-long","$v":"फेब्रुवारी"},{"$i":"month-2-long","$v":"मार्च"},{"$i":"month-3-long","$v":"एप्रिल"},{"$i":"month-4-long","$v":"माय"},{"$i":"month-5-long","$v":"जून"},{"$i":"month-6-long","$v":"जुलाय"},{"$i":"month-7-long","$v":"आगोस्त"},{"$i":"month-8-long","$v":"सप्टेंबर"},{"$i":"month-9-long","$v":"ऑक्टोबर"},{"$i":"month-10-long","$v":"नोव्हेंबर"},{"$i":"month-11-long","$v":"डिसेंबर"},{"$i":"month-0-genitive","$v":"जानेवारी"},{"$i":"month-1-genitive","$v":"फेब्रुवारी"},{"$i":"month-2-genitive","$v":"मार्च"},{"$i":"month-3-genitive","$v":"एप्रिल"},{"$i":"month-4-genitive","$v":"माय"},{"$i":"month-5-genitive","$v":"जून"},{"$i":"month-6-genitive","$v":"जुलाय"},{"$i":"month-7-genitive","$v":"आगोस्त"},{"$i":"month-8-genitive","$v":"सप्टेंबर"},{"$i":"month-9-genitive","$v":"ऑक्टोबर"},{"$i":"month-10-genitive","$v":"नोव्हेंबर"},{"$i":"month-11-genitive","$v":"डिसेंबर"},{"$i":"month-0-short","$v":"जान"},{"$i":"month-1-short","$v":"फेब्रु"},{"$i":"month-2-short","$v":"मार"},{"$i":"month-3-short","$v":"एप्री"},{"$i":"month-4-short","$v":"माय"},{"$i":"month-5-short","$v":"जू"},{"$i":"month-6-short","$v":"जुला"},{"$i":"month-7-short","$v":"आगो"},{"$i":"month-8-short","$v":"सप्ट"},{"$i":"month-9-short","$v":"ऑक्टो"},{"$i":"month-10-short","$v":"नो"},{"$i":"month-11-short","$v":"डिसें"},{"$i":"minutes-ago-long","$v":{"zero":"आतांच","one":"एक मिनीट आदीं","two":[{"t":"idOrVar","v":"value"}," मिन्टां आदीं"],"few":[{"t":"idOrVar","v":"value"}," मिन्टां आदीं"],"many":[{"t":"idOrVar","v":"value"}," मिन्टां आदीं"],"other":[{"t":"idOrVar","v":"value"}," मिन्टां आदीं"]},"$x":[{"t":"idOrVar","v":"plural"},"value"]},{"$i":"hours-ago-long","$v":{"zero":"आतांच","one":"एक वरा आदीं","two":[{"t":"idOrVar","v":"value"}," वरां आदीं"],"few":[{"t":"idOrVar","v":"value"}," वरां आदीं"],"many":[{"t":"idOrVar","v":"value"}," वरां आदीं"],"other":[{"t":"idOrVar","v":"value"}," वरां आदीं"]},"$x":[{"t":"idOrVar","v":"plural"},"value"]},{"$i":"days-ago-long","$v":{"zero":"आयज","one":"काल","two":[{"t":"idOrVar","v":"value"}," दीसां आदीं"],"few":[{"t":"idOrVar","v":"value"}," दीसां आदीं"],"many":[{"t":"idOrVar","v":"value"}," दीसां आदीं"],"other":[{"t":"idOrVar","v":"value"}," दीसां आदीं"]},"$x":[{"t":"idOrVar","v":"plural"},"value"]},{"$i":"weeks-ago-long","$v":{"zero":"हो सप्तक","one":"निमाणो सप्तक","two":[{"t":"idOrVar","v":"value"}," सप्तकां आदीं"],"few":[{"t":"idOrVar","v":"value"}," सप्तकां आदीं"],"many":[{"t":"idOrVar","v":"value"}," सप्तकां आदीं"],"other":[{"t":"idOrVar","v":"value"}," सप्तकां आदीं"]},"$x":[{"t":"idOrVar","v":"plural"},"value"]},{"$i":"months-ago-long","$v":{"zero":"हो म्हयनो","one":"निमाणो म्हयनो","two":[{"t":"idOrVar","v":"value"}," म्हयन्यां आदीं"],"few":[{"t":"idOrVar","v":"value"}," म्हयन्यां आदीं"],"many":[{"t":"idOrVar","v":"value"}," म्हयन्यां आदीं"],"other":[{"t":"idOrVar","v":"value"}," म्हयन्यां आदीं"]},"$x":[{"t":"idOrVar","v":"plural"},"value"]},{"$i":"years-ago-long","$v":{"zero":"हें वर्स","one":"निमाणें वर्स","two":[{"t":"idOrVar","v":"value"}," वर्सां आदीं"],"few":[{"t":"idOrVar","v":"value"}," वर्सां आदीं"],"many":[{"t":"idOrVar","v":"value"}," वर्सां आदीं"],"other":[{"t":"idOrVar","v":"value"}," वर्सां आदीं"]},"$x":[{"t":"idOrVar","v":"plural"},"value"]},{"$i":"minutes-until-long","$v":{"zero":"आतां","one":"एका मिन्टान","two":[{"t":"idOrVar","v":"value"}," मिन्टांनी"],"few":[{"t":"idOrVar","v":"value"}," मिन्टांनी"],"many":[{"t":"idOrVar","v":"value"}," मिन्टांनी"],"other":[{"t":"idOrVar","v":"value"}," मिन्टांनी"]},"$x":[{"t":"idOrVar","v":"plural"},"value"]},{"$i":"hours-until-long","$v":{"zero":"आतां","one":"एका वरान","two":[{"t":"idOrVar","v":"value"}," वरांनी"],"few":[{"t":"idOrVar","v":"value"}," वरांनी"],"many":[{"t":"idOrVar","v":"value"}," वरांनी"],"other":[{"t":"idOrVar","v":"value"}," वरांनी"]},"$x":[{"t":"idOrVar","v":"plural"},"value"]},{"$i":"days-until-long","$v":{"zero":"आयज","one":"फाल्यां","two":[{"t":"idOrVar","v":"value"}," दिसांनी"],"few":[{"t":"idOrVar","v":"value"}," दिसांनी"],"many":[{"t":"idOrVar","v":"value"}," दिसांनी"],"other":[{"t":"idOrVar","v":"value"}," दिसांनी"]},"$x":[{"t":"idOrVar","v":"plural"},"value"]},{"$i":"weeks-until-long","$v":{"zero":"हो सप्तक","one":"नवो सप्तक","two":[{"t":"idOrVar","v":"value"}," सप्तकांनी"],"few":[{"t":"idOrVar","v":"value"}," सप्तकांनी"],"many":[{"t":"idOrVar","v":"value"}," सप्तकांनी"],"other":[{"t":"idOrVar","v":"value"}," सप्तकांनी"]},"$x":[{"t":"idOrVar","v":"plural"},"value"]},{"$i":"months-until-long","$v":{"zero":"हो म्हयनो","one":"फुडलो म्हयनो","two":[{"t":"idOrVar","v":"value"}," म्हयन्यांनीं"],"few":[{"t":"idOrVar","v":"value"}," म्हयन्यांनीं"],"many":[{"t":"idOrVar","v":"value"}," म्हयन्यांनीं"],"other":[{"t":"idOrVar","v":"value"}," म्हयन्यांनीं"]},"$x":[{"t":"idOrVar","v":"plural"},"value"]},{"$i":"years-until-long","$v":{"zero":"हें वर्स","one":"नवें वर्स","two":[{"t":"idOrVar","v":"value"}," वर्सांनी"],"few":[{"t":"idOrVar","v":"value"}," वर्सांनी"],"many":[{"t":"idOrVar","v":"value"}," वर्सांनी"],"other":[{"t":"idOrVar","v":"value"}," वर्सांनी"]},"$x":[{"t":"idOrVar","v":"plural"},"value"]},{"$i":"minutes-ago-short","$v":{"zero":"आतांच","other":[{"t":"idOrVar","v":"value"},"म्ह आदीं"]},"$x":[{"t":"idOrVar","v":"plural"},"value"]},{"$i":"hours-ago-short","$v":{"zero":"आतांच","other":[{"t":"idOrVar","v":"value"}," व आदीं"]},"$x":[{"t":"idOrVar","v":"plural"},"value"]},{"$i":"days-ago-short","$v":{"zero":"आयज","other":[{"t":"idOrVar","v":"value"},"दी आदीं"]},"$x":[{"t":"idOrVar","v":"plural"},"value"]},{"$i":"minutes-until-short","$v":{"zero":"आतां","other":[{"t":"idOrVar","v":"value"}," मि"]},"$x":[{"t":"idOrVar","v":"plural"},"value"]},{"$i":"hours-until-short","$v":{"zero":"आतां","other":[{"t":"idOrVar","v":"value"}," वर"]},"$x":[{"t":"idOrVar","v":"plural"},"value"]},{"$i":"days-until-short","$v":{"zero":"आयज","other":[{"t":"idOrVar","v":"value"}," दी"]},"$x":[{"t":"idOrVar","v":"plural"},"value"]},{"$i":"incorrectDate","$v":"(चुकीची तारीख)"},{"$i":"dateTimeFormat_%c","$v":"%a %b %e %Y %I:%M:%S %p"},{"$i":"dateTimeFormat_%x","$v":"%m/%d/%Y"},{"$i":"dateTimeFormat_%X","$v":"%I:%M:%S %p"},{"$i":"shortTimeFormat","$v":"%I:%M %p"},{"$i":"shortTimeFormat12","$v":"%I:%M %p"},{"$i":"shortTimeFormat24","$v":"%H:%M"},{"$i":"shortDateTimeFormat","$v":"%x %I:%M %p"},{"$i":"weekStartsOnMonday","$v":"0"},{"$i":"firstDayOfTheWeek","$v":"0"},{"$i":"time_am","$v":"AM"},{"$i":"time_pm","$v":"PM"},{"$i":"softkey-options","$v":"पर्याय"}]