[{"$i":"back","$v":"پتھ"},{"$i":"save","$v":"محفوظ"},{"$i":"hide","$v":"چھُپاو"},{"$i":"cancel","$v":"رد کر"},{"$i":"confirm","$v":"تصدیق"},{"$i":"done","$v":"مکمل"},{"$i":"events","$v":"واقعہ یاد دہٲنی"},{"$i":"edit","$v":"درست"},{"$i":"allday-events","$v":"تمام۔دوہ واقعہ یاد دہٲنی"},{"$i":"no-events","$v":"کاہ واقعہ نِہ"},{"$i":"default","$v":"ڈِفالٹ"},{"$i":"sync","$v":"سینک"},{"$i":"show-today","$v":"از"},{"$i":"show-month-view","$v":"ریتھ"},{"$i":"show-week-view","$v":"ہفتہ"},{"$i":"show-day-view","$v":"دوہ"},{"$i":"settings-show","$v":"سیٹِنگس"},{"$i":"settings-hide","$v":"چھُپاو سیٹنگس"},{"$i":"add-account","$v":"شٲمل کریو اکھ اکاونٹ"},{"$i":"new-event","$v":"شٲمل کر واقعہ"},{"$i":"view-event-header","$v":"واقعہ تفصیلات"},{"$i":"new-event-header","$v":"شٲمل کر واقعہ"},{"$i":"edit-event-header","$v":"ترمیم کریو واقعہ"},{"$i":"account-header","$v":"خاتہ"},{"$i":"account-list-header","$v":"اکاونٹ"},{"$i":"advanced-settings-short-icon-button","ariaLabel":"سیٹِنگس"},{"$i":"advanced-settings-header","$v":"کلینڈر سیٹنگس"},{"$i":"advanced-settings-personalization","$v":"اپ ڈیٹ فریکوینسی"},{"$i":"advanced-settings-reminders","$v":"یاد دہٲنی"},{"$i":"advanced-settings-add-account","$v":"شٲمل کر خاتہ"},{"$i":"field-user","$v":"یوزر ناۅ"},{"$i":"field-password","$v":"شناختی لفظ"},{"$i":"show-password","$v":"ھاو شناختی لفظ"},{"$i":"field-full-url","$v":"URL"},{"$i":"modify-account-setting-up","$v":"مہربٲنی کریتھ پرار یتام تُہند خاتہ یی سیٹ اپ کرنِہ"},{"$i":"modify-account-unable-to-sync","$v":"ناکام سینک کرنس"},{"$i":"modify-account-sign-in","$v":"سائن اِن"},{"$i":"tcl-caldav","$v":"کال ڈیو"},{"$i":"tcl-yahoo","$v":"!یاہو"},{"$i":"tcl-google","$v":"گوگُل"},{"$i":"preset-mozilla","$v":"موزیلا زیمبرا"},{"$i":"calendar-local","$v":"فون کلینڈر"},{"$i":"event-title","$v":"عنوان"},{"$i":"event-location","$v":"جاے"},{"$i":"event-description","$v":"نوٹ"},{"$i":"event-is-allday","$v":"تمام۔دوہ واقعہ"},{"$i":"event-start-date","$v":"شروع تٲریخ"},{"$i":"event-end-date","$v":"ختم تٲریخ"},{"$i":"event-start-time","$v":"شروع وقت"},{"$i":"event-end-time","$v":"ختم وقت"},{"$i":"event-delete","$v":"خٲرج کریو واقعہ"},{"$i":"remove-account-data","$v":"معزول کر کلینڈر خاتہ"},{"$i":"remove-account-dialog","$v":"معزول کریو خاتہ"},{"$i":"remove-account-dialog-details","$v":["تہندِ ڈِوائس پیٹھ \"",{"t":"idOrVar","v":"email"},"\" معزول کر"]},{"$i":"remove","$v":"معزول"},{"$i":"drawer-sync-icon-button","ariaLabel":"سینک"},{"$i":"sync-progress-syncing","ariaValueText":"سینسنگ"},{"$i":"sync-progress-complete","ariaValueText":"سینسنگ مکمل"},{"$i":"sync-frequency","$v":"سینک کریو کلینڈر"},{"$i":"sync-frequency-15min","$v":"منٹ پتِہ 15 پرتھ"},{"$i":"sync-frequency-30min","$v":"منٹ پتِہ 30 پرتھ"},{"$i":"sync-frequency-manual","$v":"دستی"},{"$i":"one-day-duration-title","$v":[{"t":"idOrVar","v":"startDate"}]},{"$i":"one-day-duration-content","$v":[{"t":"idOrVar","v":"endTime"}," تام ",{"t":"idOrVar","v":"startTime"}]},{"$i":"multiple-day-duration-title","$v":[{"t":"idOrVar","v":"startDate"}," ",{"t":"idOrVar","v":"startDate"}," پیٹھ"]},{"$i":"multiple-day-duration-content","$v":[{"t":"idOrVar","v":"endDate"}," ",{"t":"idOrVar","v":"endTime"}," ٹو"]},{"$i":"one-all-day-duration-title","$v":"تمام دوہ"},{"$i":"one-all-day-duration-content","$v":[{"t":"idOrVar","v":"startDate"}]},{"$i":"multiple-all-day-duration-title","$v":[{"t":"idOrVar","v":"startDate"}," تمام دوہ یِم"]},{"$i":"multiple-all-day-duration-content","$v":[{"t":"idOrVar","v":"endDate"}," ٹو"]},{"$i":"none","$v":"کاہ نِہ"},{"$i":"reminder","$v":"واقعہ یاد دہٲنی"},{"$i":"remind-me","$v":"یاد دہٲنی می"},{"$i":"alarm-at-event-standard","$v":"واقعہ کِس وقتس پیٹھ"},{"$i":"alarm-at-event-allday","$v":"واقعہ اکھ دوہ"},{"$i":"alarm-start-notice","$v":[{"t":"idOrVar","v":"distance"}," شروع کران ",{"t":"idOrVar","v":"title"}]},{"$i":"alarm-started-notice","$v":[{"t":"idOrVar","v":"distance"}," شروع سپُد ",{"t":"idOrVar","v":"title"}]},{"$i":"minutes-before","$v":{"zero":"منٹ برونٹھ 0","one":"منٹ برونٹھ 1","two":["منٹ برونٹھ ",{"t":"idOrVar","v":"value"}],"few":["منٹ برونٹھ ",{"t":"idOrVar","v":"value"}],"many":["منٹ برونٹھ ",{"t":"idOrVar","v":"value"}],"other":["منٹ برونٹھ ",{"t":"idOrVar","v":"value"}]},"$x":[{"t":"idOrVar","v":"plural"},"value"]},{"$i":"hours-before","$v":{"zero":"گھنٹہ برونٹھ 0","one":"گھنٹہ برونٹھ 1","two":["گھنٹہ برونٹھ ",{"t":"idOrVar","v":"value"}],"few":["گھنٹہ برونٹھ ",{"t":"idOrVar","v":"value"}],"many":["گھنٹہ برونٹھ ",{"t":"idOrVar","v":"value"}],"other":["گھنٹہ برونٹھ ",{"t":"idOrVar","v":"value"}]},"$x":[{"t":"idOrVar","v":"plural"},"value"]},{"$i":"days-before","$v":{"zero":"دوہ برونٹھ 0","one":"دوہ برونٹھ 1","two":["دوہ برونٹھ ",{"t":"idOrVar","v":"value"}],"few":["دوہ برونٹھ ",{"t":"idOrVar","v":"value"}],"many":["دوہ برونٹھ ",{"t":"idOrVar","v":"value"}],"other":["دوہ برونٹھ ",{"t":"idOrVar","v":"value"}]},"$x":[{"t":"idOrVar","v":"plural"},"value"]},{"$i":"weeks-before","$v":{"zero":"ہفتہ برونٹھ 0","one":"ہفتہ برونٹھ 1","two":["ہفتہ برونٹھ ",{"t":"idOrVar","v":"value"}],"few":["ہفتہ برونٹھ ",{"t":"idOrVar","v":"value"}],"many":["ہفتہ برونٹھ ",{"t":"idOrVar","v":"value"}],"other":["ہفتہ برونٹھ ",{"t":"idOrVar","v":"value"}]},"$x":[{"t":"idOrVar","v":"plural"},"value"]},{"$i":"months-before","$v":{"zero":"ریتھ برونٹھ 0","one":"ریتھ برونٹھ 1","two":["ریتھ برونٹھ ",{"t":"idOrVar","v":"value"}],"few":["ریتھ برونٹھ ",{"t":"idOrVar","v":"value"}],"many":["ریتھ برونٹھ ",{"t":"idOrVar","v":"value"}],"other":["ریتھ برونٹھ ",{"t":"idOrVar","v":"value"}]},"$x":[{"t":"idOrVar","v":"plural"},"value"]},{"$i":"years-before","$v":{"zero":"وریح برونٹھ 0","one":"وریح برونٹھ 1","two":["وریح برونٹھ ",{"t":"idOrVar","v":"value"}],"few":["وریح برونٹھ ",{"t":"idOrVar","v":"value"}],"many":["وریح برونٹھ ",{"t":"idOrVar","v":"value"}],"other":["وریح برونٹھ ",{"t":"idOrVar","v":"value"}]},"$x":[{"t":"idOrVar","v":"plural"},"value"]},{"$i":"minutes-after","$v":{"zero":"منٹ پتِہ 0","one":"منٹ پتِہ 1","two":["منٹ پتِہ ",{"t":"idOrVar","v":"value"}],"few":["منٹ پتِہ ",{"t":"idOrVar","v":"value"}],"many":["منٹ پتِہ ",{"t":"idOrVar","v":"value"}],"other":["منٹ پتِہ ",{"t":"idOrVar","v":"value"}]},"$x":[{"t":"idOrVar","v":"plural"},"value"]},{"$i":"hours-after","$v":{"zero":"گھنٹہ پتِہ 0","one":"گھنٹہ پتِہ 1","two":["گھنٹہ پتِہ ",{"t":"idOrVar","v":"value"}],"few":["گھنٹہ پتِہ ",{"t":"idOrVar","v":"value"}],"many":["گھنٹہ پتِہ ",{"t":"idOrVar","v":"value"}],"other":["گھنٹہ پتِہ ",{"t":"idOrVar","v":"value"}]},"$x":[{"t":"idOrVar","v":"plural"},"value"]},{"$i":"days-after","$v":{"zero":"دوہ پتِہ 0","one":"دوہ پتِہ 1","two":["دوہ پتِہ ",{"t":"idOrVar","v":"value"}],"few":["دوہ پتِہ ",{"t":"idOrVar","v":"value"}],"many":["دوہ پتِہ ",{"t":"idOrVar","v":"value"}],"other":["دوہ پتِہ ",{"t":"idOrVar","v":"value"}]},"$x":[{"t":"idOrVar","v":"plural"},"value"]},{"$i":"weeks-after","$v":{"zero":"ہفتہ پتِہ 0","one":"ہفتہ پتِہ 1","two":["ہفتہ پتِہ ",{"t":"idOrVar","v":"value"}],"few":["ہفتہ پتِہ ",{"t":"idOrVar","v":"value"}],"many":["ہفتہ پتِہ ",{"t":"idOrVar","v":"value"}],"other":["ہفتہ پتِہ ",{"t":"idOrVar","v":"value"}]},"$x":[{"t":"idOrVar","v":"plural"},"value"]},{"$i":"months-after","$v":{"zero":"ریتھ پتِہ 0","one":"ریتھ پتِہ 1","two":["ریتھ پتھ ",{"t":"idOrVar","v":"value"}],"few":["ریتھ پتھ ",{"t":"idOrVar","v":"value"}],"many":["ریتھ پتھ ",{"t":"idOrVar","v":"value"}],"other":["ریتھ پتھ ",{"t":"idOrVar","v":"value"}]},"$x":[{"t":"idOrVar","v":"plural"},"value"]},{"$i":"years-after","$v":{"zero":"وریح پتِہ 0","one":"وریح پتِہ 1","two":["وریح پتِہ ",{"t":"idOrVar","v":"value"}],"few":["وریح پتِہ ",{"t":"idOrVar","v":"value"}],"many":["وریح پتِہ ",{"t":"idOrVar","v":"value"}],"other":["وریح پتِہ ",{"t":"idOrVar","v":"value"}]},"$x":[{"t":"idOrVar","v":"plural"},"value"]},{"$i":"hour-format12","$v":"%I %p"},{"$i":"hour-format24","$v":"%H"},{"$i":"week-hour-format12","$v":"%I %p"},{"$i":"week-hour-format24","$v":"%H"},{"$i":"hour-allday","$v":"تمام دوہ"},{"$i":"tcl-week-day","$v":"%a\\n%e"},{"$i":"current-time12","$v":"%I:%M"},{"$i":"current-time24","$v":"%H:%M"},{"$i":"multi-month-view-header-format","$v":"%B %Y"},{"$i":"day-view-header-format","$v":"%A, %b %e"},{"$i":"months-day-view-header-format","$v":"%A, %b %e"},{"$i":"months-day-view-header-format-small","$v":{"$o":"%a <br/> %b, %e"}},{"$i":"week-view-header-format","$v":["%B %Y،",{"t":"idOrVar","v":"value"}," ہفتہ"]},{"$i":"longDateFormat","$v":"%A, %B %d, %Y"},{"$i":"longTimeFormat","$v":"%A %B %d"},{"$i":"longTimeFormat12","$v":"%A %B %d %I %p"},{"$i":"longTimeFormat24","$v":"%A %B %d %H o clock"},{"$i":"weekTimeFormat12","$v":"%I %p"},{"$i":"weekTimeFormat24","$v":"%H o clock"},{"$i":"weekDayFormat","$v":"%A the %d"},{"$i":"alldayLongTimeFormat","$v":"%A %B %d all day"},{"$i":"dayHour12","$v":"%I %p"},{"$i":"dayHour24","$v":"%H o clock"},{"$i":"longDateTime12","$v":"%I %p, %a, %d %b, %Y"},{"$i":"longDateTime24","$v":"%H, %a, %d %b, %Y"},{"$i":"upcoming-events","$v":"ینِہ وٲل واقعات"},{"$i":"search-results","$v":"ژھارن نتیجہ"},{"$i":"no-event-found","$v":"کاہ واقعہ لوب نِہ"},{"$i":"error-start-date-after-end-date","$v":"واقعہ ھیکِہ نِہ ختم گژھیتھ امکِس شروع تٲریخ برونٹھ"},{"$i":"error-start-time-after-end-time","$v":"واقعہ ھیکِہ نِہ ختم گژھیتھ امکِس شروع وقتہ برونٹھ"},{"$i":"error-unauthenticated","$v":"غیر درست یوزر ناو یا شناختی لفظ، مہربٲنی کریتھ کریو نَے کوشش"},{"$i":"error-internal-server-error","$v":"سروَر سھو، مہربٲنی کریتھ کریو دُبار کوشش"},{"$i":"error-unkown","$v":"ھیکِہ نِہ درخواست قابو کریتھ سرور جواب سبب"},{"$i":"error-default","$v":"کیاہ تام چھِ غلط۔ نَے کریو کوشش"},{"$i":"error-offline","$v":"ناکام انٹرنیٹ سیتھ جوڑنس یا موبائل ڈیٹا انٹرنیٹ رسٲئی خٲطر وائی فائی توہ ھیکو استعمال کریتھ"},{"$i":"error-account-exist","$v":"خاتہ چھِ گوڈاے موجود"},{"$i":"error-edit-online-event","$v":"ناکام سپُد آن لائن واقعات ترمیم کرنس تِکیاز یتِہ چھِ نِہ انٹرنیٹ کنکشن"},{"$i":"error-delete-online-event","$v":"ناکام سپُد آن لائن واقعات خٲرج کرنس تِکیاز یتِہ چھِ نِہ انٹرنیٹ کنکشن"},{"$i":"notification-error-sync-title","$v":"کلینڈر سینک سھو"},{"$i":"notification-error-sync-description","$v":"ٹیپ کریو مزید معلومات خٲطر"},{"$i":"weekday-0-single-char","$v":"S","ariaLabel":"آتھوار"},{"$i":"weekday-1-single-char","$v":"M","ariaLabel":"ژیندوار"},{"$i":"weekday-2-single-char","$v":"T","ariaLabel":"بوموار"},{"$i":"weekday-3-single-char","$v":"W","ariaLabel":"بُدھوار"},{"$i":"weekday-4-single-char","$v":"T","ariaLabel":"بریسوار"},{"$i":"weekday-5-single-char","$v":"F","ariaLabel":"جُمع"},{"$i":"weekday-6-single-char","$v":"S","ariaLabel":"بٹوار"},{"$i":"busy","$v":{"zero":"کاہ واقعہ نِہ","one":["واقعہ ",{"t":"idOrVar","v":"n"}],"two":["واقعات ",{"t":"idOrVar","v":"n"}],"few":["واقعات ",{"t":"idOrVar","v":"n"}],"many":["واقعات ",{"t":"idOrVar","v":"n"}],"other":["واقعات ",{"t":"idOrVar","v":"n"}]},"$x":[{"t":"idOrVar","v":"plural"},"n"]},{"$i":"present","ariaLabel":"از"},{"$i":"past-other-month-description","ariaLabel":"بدل ریتھ"},{"$i":"future-other-month-description","ariaLabel":"بدل ریتھ"},{"$i":"icon-calendar-alarm","ariaLabel":"چھوس الارم"},{"$i":"calendars","ariaLabel":"کلینڈرس"},{"$i":"multi-day-new-event-link","ariaLabel":"شٲمل کر واقعہ"},{"$i":"title","ariaLabel":"عنوان"},{"$i":"location","ariaLabel":"جاے"},{"$i":"duration","ariaLabel":"مدت"},{"$i":"calendar","ariaLabel":"کیلنڈر"},{"$i":"alarms","ariaLabel":"الارام"},{"$i":"description","ariaLabel":"تذکرہ"},{"$i":"start-date","ariaLabel":"شروع تٲریخ"},{"$i":"start-time","ariaLabel":"شروع وقت"},{"$i":"end-date","ariaLabel":"ختم تٲریخ"},{"$i":"end-time","ariaLabel":"ختم وقت"},{"$i":"during-progress-loading","ariaValueText":"لوڈ جران"},{"$i":"all-day","ariaLabel":"تمام دوہ"},{"$i":"create-event","ariaLabel":"بناو واقعہ"},{"$i":"create-all-day-event","ariaLabel":"بناو تمام دوہن ہیند واقعہ"},{"$i":"event-one-day-duration","ariaLabel":[{"t":"idOrVar","v":"endTime"}," تام ",{"t":"idOrVar","v":"startTime"}," پیٹھ"]},{"$i":"week-event-one-day-duration","ariaLabel":[{"t":"idOrVar","v":"endTime"}," تام ",{"t":"idOrVar","v":"startTime"}," پیٹھ ",{"t":"idOrVar","v":"startDate"}]},{"$i":"event-multiple-day-duration","ariaLabel":[{"t":"idOrVar","v":"endDate"}," ",{"t":"idOrVar","v":"endTime"}," کُن ",{"t":"idOrVar","v":"startDate"}," ",{"t":"idOrVar","v":"startTime"}," پیٹھ"]},{"$i":"tcl-event-added","$v":"واقعہ آو شٲمل کرنِہ"},{"$i":"tcl-event-updated","$v":"واقعہ آو اپ ڈیٹ کرنِہ"},{"$i":"tcl-event-deleted","$v":"واقعہ آو خٲرج کرنِہ"},{"$i":"tcl-change-save","$v":"بدلاو کر محفوظ"},{"$i":"tcl-event-calendar","$v":"کیلنڈر"},{"$i":"tcl-single-event","$v":"واقعہ"},{"$i":"tcl-event-count","$v":"واقعات"},{"$i":"tcl-sync-progress-syncing","$v":"سینسنگ"},{"$i":"tcl-sync-progress-complete","$v":"سینسنگ مکمل"},{"$i":"tcl-settings-sounds","$v":"آواز"},{"$i":"tcl-tones","$v":"ٹون"},{"$i":"tcl-multi-events","$v":"واقعات"},{"$i":"tcl-confirmation-title","$v":"تصدیق"},{"$i":"tcl-delete-selectedEvent-confirmation","$v":"خٲرج کریو چُننِہ آمِت واقعہ"},{"$i":"tcl-deleteEvent-confirmation","$v":"خٲرج کریو واقعہ"},{"$i":"tcl-event-search-header","$v":"ژھار","placeholder":"ژھار"},{"$i":"tcl-event-search-upcoming-events","$v":"ینِہ وٲل واقعات"},{"$i":"tcl-delete","$v":"خٲرج"},{"$i":"tcl-cancel","$v":"رد کر"},{"$i":"tcl-dialog-delete-sel","$v":"توہ چھوا یقین توہ چھو یژھان چُننِہ آمِت واقعہ خٲرج کرِن"},{"$i":"tcl-delete-title","$v":"خٲرج کریو واقعہ"},{"$i":"tcl-save-changes","$v":"محفوظ کر تبدیلی"},{"$i":"tcl-save-message-back","$v":"تمام دٲخل ڈیٹا راے۔ توہ کروا پسند تبدیلی محفوظ کرُن"},{"$i":"tcl-save-message-close","$v":"ایپلکیشن یی بند کرنِہ تِہ ڈیٹا راے۔ توہ کروا پسند تبدیلی محفوظ کرُن"},{"$i":"yes","$v":"آ"},{"$i":"no","$v":"نَہ"},{"$i":"confirmation","$v":"تصدیق"},{"$i":"ok","$v":"ٹھیک"},{"$i":"delete-event","$v":"خٲرج کریو چُننِہ آمِت واقعہ"},{"$i":"tcl-settings-header","$v":"ڈِسپلے خٲطر کلینڈر"},{"$i":"tcl-syncing","$v":"سینسنگ…"},{"$i":"tcl-syncing-header","$v":"خاتہ سینک"},{"$i":"options","$v":"انتخابات"},{"$i":"select","$v":"چُنیو"},{"$i":"add-event","$v":"شٲمل کر واقعہ"},{"$i":"weekly-view","$v":"ہفتہ پٲٹھ ھاوُن"},{"$i":"day-view","$v":"ھاو دوہ"},{"$i":"month-view","$v":"ریتھ ویو"},{"$i":"today","$v":"از"},{"$i":"go","$v":"گژھیو تٲریخ ہس کُن"},{"$i":"search","$v":"ژھار"},{"$i":"calendar-to-display","$v":"ڈِسپلے خٲطر کلینڈر"},{"$i":"settings","$v":"سیٹِنگس"},{"$i":"delete","$v":"خٲرج"},{"$i":"enter","$v":"اینٹر"},{"$i":"sync-calendar","$v":"سینک کریو کلینڈر"},{"$i":"present-description","$v":[{"t":"idOrVar","v":"date"},"th یِہ ",{"t":"idOrVar","v":"weekday"}," از"]},{"$i":"day-description","$v":[{"t":"idOrVar","v":"date"},"th یِہ ",{"t":"idOrVar","v":"weekday"}]},{"$i":"weekday-5","$v":"جُمع"},{"$i":"weekday-4","$v":"بریسوار"},{"$i":"weekday-3","$v":"بُدھوار"},{"$i":"weekday-2","$v":"بوموار"},{"$i":"weekday-1","$v":"ژیندوار"},{"$i":"weekday-0","$v":"آتھوار"},{"$i":"weekday-6","$v":"بٹوار"},{"$i":"no-title","$v":"﴾بغیر عنوان﴿"},{"$i":"weekday-0-long","$v":"آتھوار"},{"$i":"weekday-1-long","$v":"ژیندوار"},{"$i":"weekday-2-long","$v":"بوموار"},{"$i":"weekday-3-long","$v":"بُدھوار"},{"$i":"weekday-4-long","$v":"بریسوار"},{"$i":"weekday-5-long","$v":"جُمع"},{"$i":"weekday-6-long","$v":"بٹوار"},{"$i":"weekday-0-short","$v":"آتھوار"},{"$i":"weekday-1-short","$v":"ژیندوار"},{"$i":"weekday-2-short","$v":"بوموار"},{"$i":"weekday-3-short","$v":"بُدھوار"},{"$i":"weekday-4-short","$v":"بریسوار"},{"$i":"weekday-5-short","$v":"جُمع"},{"$i":"weekday-6-short","$v":"بٹوار"},{"$i":"month-0-long","$v":"جنوری"},{"$i":"month-1-long","$v":"فروری"},{"$i":"month-2-long","$v":"مارچ"},{"$i":"month-3-long","$v":"اپریل"},{"$i":"month-4-long","$v":"مئی"},{"$i":"month-5-long","$v":"جون"},{"$i":"month-6-long","$v":"جولائی"},{"$i":"month-7-long","$v":"اگست"},{"$i":"month-8-long","$v":"ستمبر"},{"$i":"month-9-long","$v":"اکتومبر"},{"$i":"month-10-long","$v":"نومبر"},{"$i":"month-11-long","$v":"دسمبر"},{"$i":"month-0-genitive","$v":"جنوری"},{"$i":"month-1-genitive","$v":"فروری"},{"$i":"month-2-genitive","$v":"مارچ"},{"$i":"month-3-genitive","$v":"اپریل"},{"$i":"month-4-genitive","$v":"مئی"},{"$i":"month-5-genitive","$v":"جون"},{"$i":"month-6-genitive","$v":"جولائی"},{"$i":"month-7-genitive","$v":"اگست"},{"$i":"month-8-genitive","$v":"ستمبر"},{"$i":"month-9-genitive","$v":"اکتومبر"},{"$i":"month-10-genitive","$v":"نومبر"},{"$i":"month-11-genitive","$v":"دسمبر"},{"$i":"month-0-short","$v":"جنوری"},{"$i":"month-1-short","$v":"فروری"},{"$i":"month-2-short","$v":"مارچ"},{"$i":"month-3-short","$v":"اپریل"},{"$i":"month-4-short","$v":"مئی"},{"$i":"month-5-short","$v":"جون"},{"$i":"month-6-short","$v":"جولائی"},{"$i":"month-7-short","$v":"اگست"},{"$i":"month-8-short","$v":"ستمبر"},{"$i":"month-9-short","$v":"اکتومبر"},{"$i":"month-10-short","$v":"نومبر"},{"$i":"month-11-short","$v":"دسمبر"},{"$i":"minutes-ago-long","$v":{"zero":"صرف وین","one":"اکھ منٹ برونٹھ","two":["منٹ برونٹھ ",{"t":"idOrVar","v":"value"}],"few":["منٹ برونٹھ ",{"t":"idOrVar","v":"value"}],"many":["منٹ برونٹھ ",{"t":"idOrVar","v":"value"}],"other":["منٹ برونٹھ ",{"t":"idOrVar","v":"value"}]},"$x":[{"t":"idOrVar","v":"plural"},"value"]},{"$i":"hours-ago-long","$v":{"zero":"صرف وین","one":"اکھ گھنٹہ برونٹھ","two":["گھنٹہ برونٹھ ",{"t":"idOrVar","v":"value"}],"few":["گھنٹہ برونٹھ ",{"t":"idOrVar","v":"value"}],"many":["گھنٹہ برونٹھ ",{"t":"idOrVar","v":"value"}],"other":["گھنٹہ برونٹھ ",{"t":"idOrVar","v":"value"}]},"$x":[{"t":"idOrVar","v":"plural"},"value"]},{"$i":"days-ago-long","$v":{"zero":"از","one":"راتھ","two":["دوہ برونٹھ ",{"t":"idOrVar","v":"value"}],"few":["دوہ برونٹھ ",{"t":"idOrVar","v":"value"}],"many":["دوہ برونٹھ ",{"t":"idOrVar","v":"value"}],"other":["دوہ برونٹھ ",{"t":"idOrVar","v":"value"}]},"$x":[{"t":"idOrVar","v":"plural"},"value"]},{"$i":"weeks-ago-long","$v":{"zero":"یِہ ہفتہ","one":"پیتِم ہفتہ","two":["ہفتہ برونٹھ ",{"t":"idOrVar","v":"value"}],"few":["ہفتہ برونٹھ ",{"t":"idOrVar","v":"value"}],"many":["ہفتہ برونٹھ ",{"t":"idOrVar","v":"value"}],"other":["ہفتہ برونٹھ ",{"t":"idOrVar","v":"value"}]},"$x":[{"t":"idOrVar","v":"plural"},"value"]},{"$i":"months-ago-long","$v":{"zero":"یِہ ریتھ","one":"پیتِم ریتھ","two":["ریتھ برونٹھ ",{"t":"idOrVar","v":"value"}],"few":["ریتھ برونٹھ ",{"t":"idOrVar","v":"value"}],"many":["ریتھ برونٹھ ",{"t":"idOrVar","v":"value"}],"other":["ریتھ برونٹھ ",{"t":"idOrVar","v":"value"}]},"$x":[{"t":"idOrVar","v":"plural"},"value"]},{"$i":"years-ago-long","$v":{"zero":"یِہ وریح","one":"پیتِم وریح","two":["وریح برونٹھ ",{"t":"idOrVar","v":"value"}],"few":["وریح برونٹھ ",{"t":"idOrVar","v":"value"}],"many":["وریح برونٹھ ",{"t":"idOrVar","v":"value"}],"other":["وریح برونٹھ ",{"t":"idOrVar","v":"value"}]},"$x":[{"t":"idOrVar","v":"plural"},"value"]},{"$i":"minutes-until-long","$v":{"zero":"وین","one":"اکِس منٹس منز","two":["منز ",{"t":"idOrVar","v":"value"}," منٹن"],"few":["منز ",{"t":"idOrVar","v":"value"}," منٹن"],"many":["منز ",{"t":"idOrVar","v":"value"}," منٹن"],"other":["منز ",{"t":"idOrVar","v":"value"}," منٹن"]},"$x":[{"t":"idOrVar","v":"plural"},"value"]},{"$i":"hours-until-long","$v":{"zero":"وین","one":"اکِس گھنٹس منز","two":["منز ",{"t":"idOrVar","v":"value"}," گھنٹن"],"few":["منز ",{"t":"idOrVar","v":"value"}," گھنٹن"],"many":["منز ",{"t":"idOrVar","v":"value"}," گھنٹن"],"other":["منز ",{"t":"idOrVar","v":"value"}," گھنٹن"]},"$x":[{"t":"idOrVar","v":"plural"},"value"]},{"$i":"days-until-long","$v":{"zero":"از","one":"پگاہ","two":["منز ",{"t":"idOrVar","v":"value"}," دوہن"],"few":["منز ",{"t":"idOrVar","v":"value"}," دوہن"],"many":["منز ",{"t":"idOrVar","v":"value"}," دوہن"],"other":["منز ",{"t":"idOrVar","v":"value"}," دوہن"]},"$x":[{"t":"idOrVar","v":"plural"},"value"]},{"$i":"weeks-until-long","$v":{"zero":"یِہ ہفتہ","one":"نو ہفتہ","two":["منز ",{"t":"idOrVar","v":"value"}," ہفتن"],"few":["منز ",{"t":"idOrVar","v":"value"}," ہفتن"],"many":["منز ",{"t":"idOrVar","v":"value"}," ہفتن"],"other":["منز ",{"t":"idOrVar","v":"value"}," ہفتن"]},"$x":[{"t":"idOrVar","v":"plural"},"value"]},{"$i":"months-until-long","$v":{"zero":"یِہ ریتھ","one":"نو ریتھ","two":["منز ",{"t":"idOrVar","v":"value"}," ریتھن"],"few":["منز ",{"t":"idOrVar","v":"value"}," ریتھن"],"many":["منز ",{"t":"idOrVar","v":"value"}," ریتھن"],"other":["منز ",{"t":"idOrVar","v":"value"}," ریتھن"]},"$x":[{"t":"idOrVar","v":"plural"},"value"]},{"$i":"years-until-long","$v":{"zero":"یِہ وریح","one":"نو وریح","two":["منز ",{"t":"idOrVar","v":"value"}," وریہن"],"few":["منز ",{"t":"idOrVar","v":"value"}," وریہن"],"many":["منز ",{"t":"idOrVar","v":"value"}," وریہن"],"other":["منز ",{"t":"idOrVar","v":"value"}," وریہن"]},"$x":[{"t":"idOrVar","v":"plural"},"value"]},{"$i":"minutes-ago-short","$v":{"zero":"صرف وین","other":["برونٹھ m",{"t":"idOrVar","v":"value"}]},"$x":[{"t":"idOrVar","v":"plural"},"value"]},{"$i":"hours-ago-short","$v":{"zero":"صرف وین","other":["برونٹھ h",{"t":"idOrVar","v":"value"}]},"$x":[{"t":"idOrVar","v":"plural"},"value"]},{"$i":"days-ago-short","$v":{"zero":"از","other":["برونٹھ d",{"t":"idOrVar","v":"value"}]},"$x":[{"t":"idOrVar","v":"plural"},"value"]},{"$i":"minutes-until-short","$v":{"zero":"وین","other":["منز ",{"t":"idOrVar","v":"value"},"m"]},"$x":[{"t":"idOrVar","v":"plural"},"value"]},{"$i":"hours-until-short","$v":{"zero":"وین","other":["منز ",{"t":"idOrVar","v":"value"},"h"]},"$x":[{"t":"idOrVar","v":"plural"},"value"]},{"$i":"days-until-short","$v":{"zero":"از","other":["منز ",{"t":"idOrVar","v":"value"},"d"]},"$x":[{"t":"idOrVar","v":"plural"},"value"]},{"$i":"incorrectDate","$v":"﴾غیر درست تٲریخ﴿"},{"$i":"dateTimeFormat_%c","$v":"%a %b %e %Y %I:%M:%S %p"},{"$i":"dateTimeFormat_%x","$v":"%m/%d/%Y"},{"$i":"dateTimeFormat_%X","$v":"%I:%M:%S %p"},{"$i":"shortTimeFormat","$v":"%I:%M %p"},{"$i":"shortTimeFormat12","$v":"%I:%M %p"},{"$i":"shortTimeFormat24","$v":"%H:%M"},{"$i":"shortDateTimeFormat","$v":"%x %I:%M %p"},{"$i":"weekStartsOnMonday","$v":"0"},{"$i":"firstDayOfTheWeek","$v":"0"},{"$i":"time_am","$v":"AM"},{"$i":"time_pm","$v":"PM"},{"$i":"softkey-options","$v":"انتخابات"}]