[{"$i":"back","$v":"पीछा"},{"$i":"save","$v":"सेव"},{"$i":"hide","$v":"छिपाउ"},{"$i":"cancel","$v":"रद्द करू"},{"$i":"confirm","$v":"पुष्टि"},{"$i":"done","$v":"भ गेल"},{"$i":"events","$v":"इवेंट्स रिमाइंडर"},{"$i":"edit","$v":"संपादन"},{"$i":"allday-events","$v":"सब दिनका इवेंट रिमाइंडर"},{"$i":"no-events","$v":"कोनो इवेंट्स नै"},{"$i":"default","$v":"चूक"},{"$i":"sync","$v":"सिंक"},{"$i":"show-today","$v":"आई"},{"$i":"show-month-view","$v":"महीना"},{"$i":"show-week-view","$v":"हफ्ता"},{"$i":"show-day-view","$v":"दिन"},{"$i":"settings-show","$v":"सेटिंग्स"},{"$i":"settings-hide","$v":"हाईड सेटिंग्स"},{"$i":"add-account","$v":"एक टा खाता जोड़ू"},{"$i":"new-event","$v":"इवेंट जोरू"},{"$i":"view-event-header","$v":"इवेंट डिटेल्स"},{"$i":"new-event-header","$v":"इवेंट जोरू"},{"$i":"edit-event-header","$v":"इवेंट सम्पादित करू"},{"$i":"account-header","$v":"खाता"},{"$i":"account-list-header","$v":"खाते"},{"$i":"advanced-settings-short-icon-button","ariaLabel":"सेटिंग्स"},{"$i":"advanced-settings-header","$v":"कैलेंडर सेटिंग्स"},{"$i":"advanced-settings-personalization","$v":"अपडेट फ्रीक्वेंसी"},{"$i":"advanced-settings-reminders","$v":"रिमाइंडर"},{"$i":"advanced-settings-add-account","$v":"अकाउंट जोरू"},{"$i":"field-user","$v":"यूजरनेम"},{"$i":"field-password","$v":"पासवर्ड"},{"$i":"show-password","$v":"पासवर्ड देखाउ"},{"$i":"field-full-url","$v":"URL"},{"$i":"modify-account-setting-up","$v":"जखन तक अकाउंट सेट अप नहि भ जायत अछि , कृपया इंतज़ार करू."},{"$i":"modify-account-unable-to-sync","$v":"सिंक नैई भ सकल"},{"$i":"modify-account-sign-in","$v":"साइन इन"},{"$i":"tcl-caldav","$v":"काल्डव"},{"$i":"tcl-yahoo","$v":"Yahoo!"},{"$i":"tcl-google","$v":"गूगल"},{"$i":"preset-mozilla","$v":"मोजिल्ला ज़िम्ब्रा"},{"$i":"calendar-local","$v":"फ़ोन कैलेंडर"},{"$i":"event-title","$v":"टाइटल"},{"$i":"event-location","$v":"लोकेशन"},{"$i":"event-description","$v":"नोट्स"},{"$i":"event-is-allday","$v":"सब दिनका इवेंट"},{"$i":"event-start-date","$v":"शुरुआत तारीख"},{"$i":"event-end-date","$v":"एंड डेट"},{"$i":"event-start-time","$v":"शुरुआत समय"},{"$i":"event-end-time","$v":"एंड टाइम"},{"$i":"event-delete","$v":"इवेंट डिलीट करू"},{"$i":"remove-account-data","$v":"कैलेंडर अकाउंट हटाऊ"},{"$i":"remove-account-dialog","$v":"खाता हटाउ"},{"$i":"remove-account-dialog-details","$v":["अप्पन डिवाइस से \"",{"t":"idOrVar","v":"email"},"\" हटाऊ?"]},{"$i":"remove","$v":"हटाउ"},{"$i":"drawer-sync-icon-button","ariaLabel":"सिंक"},{"$i":"sync-progress-syncing","ariaValueText":"सिंक भ रहल छै"},{"$i":"sync-progress-complete","ariaValueText":"सिंक पूरा भ गेल्लइ"},{"$i":"sync-frequency","$v":"सिंक कैलेंडर"},{"$i":"sync-frequency-15min","$v":"हरेक 15 मिनट"},{"$i":"sync-frequency-30min","$v":"हरेक 30 मिनट"},{"$i":"sync-frequency-manual","$v":"मैन्युअली"},{"$i":"one-day-duration-title","$v":[{"t":"idOrVar","v":"startDate"}]},{"$i":"one-day-duration-content","$v":[{"t":"idOrVar","v":"startTime"}," तक ",{"t":"idOrVar","v":"endTime"}]},{"$i":"multiple-day-duration-title","$v":["से ",{"t":"idOrVar","v":"startTime"}," ",{"t":"idOrVar","v":"startDate"}]},{"$i":"multiple-day-duration-content","$v":["के",{"t":"idOrVar","v":"endTime"}," ",{"t":"idOrVar","v":"endDate"}]},{"$i":"one-all-day-duration-title","$v":"पूरा दिन"},{"$i":"one-all-day-duration-content","$v":[{"t":"idOrVar","v":"startDate"}]},{"$i":"multiple-all-day-duration-title","$v":[{"t":"idOrVar","v":"startDate"}," से सब दिन."]},{"$i":"multiple-all-day-duration-content","$v":["के ",{"t":"idOrVar","v":"enddate"}]},{"$i":"none","$v":"कुनू नाहिं"},{"$i":"reminder","$v":"इवेंट रिमाइंडर"},{"$i":"remind-me","$v":"रिमाइंड मी"},{"$i":"alarm-at-event-standard","$v":"इवेंट केर समय में"},{"$i":"alarm-at-event-allday","$v":"इवेंट क दिन पर"},{"$i":"alarm-start-notice","$v":[{"t":"idOrVar","v":"title"}," शुरू भ रहल छै ",{"t":"idOrVar","v":"distance"}]},{"$i":"alarm-started-notice","$v":[{"t":"idOrVar","v":"title"},"शुरू",{"t":"idOrVar","v":"distance"}]},{"$i":"minutes-before","$v":{"zero":"0 मिनट पहिने","one":"1 महिना पहिने","two":[{"t":"idOrVar","v":"value"}," मिनट पहिने"],"few":[{"t":"idOrVar","v":"value"}," मिनट पहिने"],"many":[{"t":"idOrVar","v":"value"}," मिनट पहिने"],"other":[{"t":"idOrVar","v":"value"}," मिनट पहिने"]},"$x":[{"t":"idOrVar","v":"plural"},"value"]},{"$i":"hours-before","$v":{"zero":"0 घंटा पहिने","one":"1 घंटा पहिने","two":[{"t":"idOrVar","v":"value"}," घंटा पहिने"],"few":[{"t":"idOrVar","v":"value"}," घंटा पहिने"],"many":[{"t":"idOrVar","v":"value"}," घंटा पहिने"],"other":[{"t":"idOrVar","v":"value"}," घंटा पहिने"]},"$x":[{"t":"idOrVar","v":"plural"},"value"]},{"$i":"days-before","$v":{"zero":"0 दिन पहिने","one":"1 दिन पहिने","two":[{"t":"idOrVar","v":"value"}," दिन पहिने"],"few":[{"t":"idOrVar","v":"value"}," दिन पहिने"],"many":[{"t":"idOrVar","v":"value"}," दिन पहिने"],"other":[{"t":"idOrVar","v":"value"}," दिन पहिने"]},"$x":[{"t":"idOrVar","v":"plural"},"value"]},{"$i":"weeks-before","$v":{"zero":"0 सप्‍ताह पहिने","one":"1 हफ्ता पहिने","two":[{"t":"idOrVar","v":"value"}," हफ्ता पहिने"],"few":[{"t":"idOrVar","v":"value"}," हफ्ता पहिने"],"many":[{"t":"idOrVar","v":"value"}," हफ्ता पहिने"],"other":[{"t":"idOrVar","v":"value"}," हफ्ता पहिने"]},"$x":[{"t":"idOrVar","v":"plural"},"value"]},{"$i":"months-before","$v":{"zero":"0 महीने पहिने","one":"1 महीने पहिने","two":[{"t":"idOrVar","v":"value"}," मास बाद"],"few":[{"t":"idOrVar","v":"value"}," मास बाद"],"many":[{"t":"idOrVar","v":"value"}," मास बाद"],"other":[{"t":"idOrVar","v":"value"}," मास बाद"]},"$x":[{"t":"idOrVar","v":"plural"},"value"]},{"$i":"years-before","$v":{"zero":"0 साल पहिने","one":"1 साल पहिने","two":[{"t":"idOrVar","v":"value"}," साल पहिने"],"few":[{"t":"idOrVar","v":"value"}," साल पहिने"],"many":[{"t":"idOrVar","v":"value"}," साल पहिने"],"other":[{"t":"idOrVar","v":"value"}," साल पहिने"]},"$x":[{"t":"idOrVar","v":"plural"},"value"]},{"$i":"minutes-after","$v":{"zero":"0 मिनट बाद","one":"1 मिनट बाद","two":[{"t":"idOrVar","v":"value"}," मिनट बाद"],"few":[{"t":"idOrVar","v":"value"}," मिनट बाद"],"many":[{"t":"idOrVar","v":"value"}," मिनट बाद"],"other":[{"t":"idOrVar","v":"value"}," मिनट बाद"]},"$x":[{"t":"idOrVar","v":"plural"},"value"]},{"$i":"hours-after","$v":{"zero":"0 घंटा बाद","one":"1 घंटा बाद","two":[{"t":"idOrVar","v":"value"}," घंटा बाद"],"few":[{"t":"idOrVar","v":"value"}," घंटा बाद"],"many":[{"t":"idOrVar","v":"value"}," घंटा बाद"],"other":[{"t":"idOrVar","v":"value"}," घंटा बाद"]},"$x":[{"t":"idOrVar","v":"plural"},"value"]},{"$i":"days-after","$v":{"zero":"0 दिन बाद","one":"1 दिन बाद","two":[{"t":"idOrVar","v":"value"}," दिन बाद"],"few":[{"t":"idOrVar","v":"value"}," दिन बाद"],"many":[{"t":"idOrVar","v":"value"}," दिन बाद"],"other":[{"t":"idOrVar","v":"value"}," दिन बाद"]},"$x":[{"t":"idOrVar","v":"plural"},"value"]},{"$i":"weeks-after","$v":{"zero":"0 हफ्ते बाद","one":"1 हफ्ता बाद","two":[{"t":"idOrVar","v":"value"}," हफ्ता बाद"],"few":[{"t":"idOrVar","v":"value"}," हफ्ता बाद"],"many":[{"t":"idOrVar","v":"value"}," हफ्ता बाद"],"other":[{"t":"idOrVar","v":"value"}," हफ्ता बाद"]},"$x":[{"t":"idOrVar","v":"plural"},"value"]},{"$i":"months-after","$v":{"zero":"0 महीने बाद","one":"1 महिना बाद","two":[{"t":"idOrVar","v":"value"}," मास बाद"],"few":[{"t":"idOrVar","v":"value"}," मास बाद"],"many":[{"t":"idOrVar","v":"value"}," मास बाद"],"other":[{"t":"idOrVar","v":"value"}," मास बाद"]},"$x":[{"t":"idOrVar","v":"plural"},"value"]},{"$i":"years-after","$v":{"zero":"0 साल बाद","one":"1 साल बाद","two":[{"t":"idOrVar","v":"value"}," साल बाद"],"few":[{"t":"idOrVar","v":"value"}," साल बाद"],"many":[{"t":"idOrVar","v":"value"}," साल बाद"],"other":[{"t":"idOrVar","v":"value"}," साल बाद"]},"$x":[{"t":"idOrVar","v":"plural"},"value"]},{"$i":"hour-format12","$v":"%I %p"},{"$i":"hour-format24","$v":"%H"},{"$i":"week-hour-format12","$v":"%I %p"},{"$i":"week-hour-format24","$v":"%H"},{"$i":"hour-allday","$v":"पूरा दिन"},{"$i":"tcl-week-day","$v":"%a\\n%e"},{"$i":"current-time12","$v":"%I:%M"},{"$i":"current-time24","$v":"%H:%M"},{"$i":"multi-month-view-header-format","$v":"%B %Y"},{"$i":"day-view-header-format","$v":"%A, %B %e"},{"$i":"months-day-view-header-format","$v":"%A, %B %e"},{"$i":"months-day-view-header-format-small","$v":{"$o":"%a <br/> %b, %e"}},{"$i":"week-view-header-format","$v":["हफ्ता ",{"t":"idOrVar","v":"value"},", %B %Y"]},{"$i":"longDateFormat","$v":"%A, %B %d, %Y"},{"$i":"longTimeFormat","$v":"%A %B %d"},{"$i":"longTimeFormat12","$v":"%A %B %d %I %p"},{"$i":"longTimeFormat24","$v":"%A %B %d %H घड़ी"},{"$i":"weekTimeFormat12","$v":"%I %p"},{"$i":"weekTimeFormat24","$v":"%H घड़ी"},{"$i":"weekDayFormat","$v":"%A the %d"},{"$i":"alldayLongTimeFormat","$v":"%A %B %d पूरा दिन"},{"$i":"dayHour12","$v":"%I %p"},{"$i":"dayHour24","$v":"%H घड़ी"},{"$i":"longDateTime12","$v":"%I %p, %a, %d %b, %Y"},{"$i":"longDateTime24","$v":"%H, %a, %d %b, %Y"},{"$i":"upcoming-events","$v":"आबैई बला इवेंट"},{"$i":"search-results","$v":"खोज केर परिणाम"},{"$i":"no-event-found","$v":"कोनो इवेंट्स नै पैल गेल"},{"$i":"error-start-date-after-end-date","$v":"इवेंट अपना स्टार्ट डेट से पहिने ख़त्म नै भ सकैई या."},{"$i":"error-start-time-after-end-time","$v":"इवेंट अपना स्टार्ट टाइम से पहिने ख़त्म नै भ सकैई या."},{"$i":"error-unauthenticated","$v":"नाम या पासवर्ड गलत,पुनः प्रयास करू."},{"$i":"error-internal-server-error","$v":"सर्वर एरर, कृपया पुनः प्रयास करू."},{"$i":"error-unkown","$v":"सर्वर रेस्पोंसे दुआरे रिक्वेस्ट नै हैंडल कैल जा सकै या."},{"$i":"error-default","$v":"किछ गर्बरी छै. बाद में कोशिश करू."},{"$i":"error-offline","$v":"इन्टरनेट से कनेक्ट नैई भ सकल. इन्टरनेट एक्सेस करेई लेल आहां वाई फाई या मोबाइल डाटा केर प्रयोग क सकैई छि."},{"$i":"error-account-exist","$v":"इ अकाउंट पहिने से छै."},{"$i":"error-edit-online-event","$v":"इन्टरनेट कनेक्शन नै रहै क कारन ऑनलाइन इवेंट सम्पादित नै भ सकल"},{"$i":"error-delete-online-event","$v":"इन्टरनेट कनेक्शन नै रहै क कारन ऑनलाइन इवेंट सम्पादित नै भ सकल."},{"$i":"notification-error-sync-title","$v":"केलिन्डर सिंक एरर"},{"$i":"notification-error-sync-description","$v":"बेसी जानकारी लेल टैप करू"},{"$i":"weekday-0-single-char","$v":"S","ariaLabel":"रवि"},{"$i":"weekday-1-single-char","$v":"M","ariaLabel":"सोम दिन"},{"$i":"weekday-2-single-char","$v":"T","ariaLabel":"मंगल दिन"},{"$i":"weekday-3-single-char","$v":"W","ariaLabel":"बुध दिन"},{"$i":"weekday-4-single-char","$v":"T","ariaLabel":"वृहस्‍पति दिन"},{"$i":"weekday-5-single-char","$v":"F","ariaLabel":"शुक्र दिन"},{"$i":"weekday-6-single-char","$v":"S","ariaLabel":"शनि दिन"},{"$i":"busy","$v":{"zero":"कोनो इवेंट्स नै","one":[{"t":"idOrVar","v":"n"}," इवेंट"],"two":[{"t":"idOrVar","v":"n"}," इवेंट"],"few":[{"t":"idOrVar","v":"n"}," इवेंट"],"many":[{"t":"idOrVar","v":"n"}," इवेंट"],"other":[{"t":"idOrVar","v":"n"}," इवेंट"]},"$x":[{"t":"idOrVar","v":"plural"},"n"]},{"$i":"present","ariaLabel":"आई"},{"$i":"past-other-month-description","ariaLabel":"दोसर महिना"},{"$i":"future-other-month-description","ariaLabel":"दोसर महिना"},{"$i":"icon-calendar-alarm","ariaLabel":"अलार्म छै"},{"$i":"calendars","ariaLabel":"कलेंडर्स"},{"$i":"multi-day-new-event-link","ariaLabel":"इवेंट जोरू"},{"$i":"title","ariaLabel":"टाइटल"},{"$i":"location","ariaLabel":"लोकेशन"},{"$i":"duration","ariaLabel":"अवधि"},{"$i":"calendar","ariaLabel":"कैलंडर"},{"$i":"alarms","ariaLabel":"अलार्म्स"},{"$i":"description","ariaLabel":"वर्णन"},{"$i":"start-date","ariaLabel":"शुरुआत तारीख"},{"$i":"start-time","ariaLabel":"शुरुआत समय"},{"$i":"end-date","ariaLabel":"एंड डेट"},{"$i":"end-time","ariaLabel":"एंड टाइम"},{"$i":"during-progress-loading","ariaValueText":"लोड भ रहल अछि"},{"$i":"all-day","ariaLabel":"पूरा दिन"},{"$i":"create-event","ariaLabel":"इवेंट बनाऊ"},{"$i":"create-all-day-event","ariaLabel":"पूरा दिन कें इवेंट बनाऊ"},{"$i":"event-one-day-duration","ariaLabel":[{"t":"idOrVar","v":"startTime"}," से ",{"t":"idOrVar","v":"endTime"}," तक"]},{"$i":"week-event-one-day-duration","ariaLabel":[{"t":"idOrVar","v":"startDate"},"से",{"t":"idOrVar","v":"startTime"}," तक ",{"t":"idOrVar","v":"endTime"}]},{"$i":"event-multiple-day-duration","ariaLabel":["से ",{"t":"idOrVar","v":"startTime"}," ",{"t":"idOrVar","v":"startDate"}," तक ",{"t":"idOrVar","v":"endtime"}," ",{"t":"idOrVar","v":"emdDate"}]},{"$i":"tcl-event-added","$v":"इवेंट जोरल गेल"},{"$i":"tcl-event-updated","$v":"इवेंट अपडेट कएल गेल"},{"$i":"tcl-event-deleted","$v":"इवेंट मिटाएल गेल"},{"$i":"tcl-change-save","$v":"बदलाव सेव भ गेल"},{"$i":"tcl-event-calendar","$v":"कैलंडर"},{"$i":"tcl-single-event","$v":"इवेंट"},{"$i":"tcl-event-count","$v":"इवेंट्स"},{"$i":"tcl-sync-progress-syncing","$v":"सिंक भ रहल छै"},{"$i":"tcl-sync-progress-complete","$v":"सिंक पूरा भेल।"},{"$i":"tcl-settings-sounds","$v":"साउंड्स"},{"$i":"tcl-tones","$v":"टोन्स"},{"$i":"tcl-multi-events","$v":"इवेंट्स"},{"$i":"tcl-confirmation-title","$v":"कन्फर्मेशन"},{"$i":"tcl-delete-selectedEvent-confirmation","$v":"चयनित इवेंट डिलीट करू?"},{"$i":"tcl-deleteEvent-confirmation","$v":"इवेंट डिलीट करू?"},{"$i":"tcl-event-search-header","$v":"सर्च","placeholder":"सर्च"},{"$i":"tcl-event-search-upcoming-events","$v":"आबैई बला इवेंट"},{"$i":"tcl-delete","$v":"मिटाउ"},{"$i":"tcl-cancel","$v":"रद्द करू"},{"$i":"tcl-dialog-delete-sel","$v":"आहां चयनित इवेंट क डिलीट करा चाहै छियै?"},{"$i":"tcl-delete-title","$v":"इवेंट डिलीट करू"},{"$i":"tcl-save-changes","$v":"बदलाव सेव करू?"},{"$i":"tcl-save-message-back","$v":"सब डाटा हरा जेत्तई. बदलाव सेव करअअ चाहै छियै?"},{"$i":"tcl-save-message-close","$v":"डाटा लॉस सने एप्प बंद भ जेत्तई. बदलाव सेव करअअ चाहै छियै?"},{"$i":"yes","$v":"हँ"},{"$i":"no","$v":"नाहिं"},{"$i":"confirmation","$v":"कन्फर्मेशन"},{"$i":"ok","$v":"ओके"},{"$i":"delete-event","$v":"चयनित इवेंट डिलीट करू?"},{"$i":"tcl-settings-header","$v":"केलिन्डर टू डिस्प्ले"},{"$i":"tcl-syncing","$v":"सिंक भ रहल छै..."},{"$i":"tcl-syncing-header","$v":"अकाउंट सिंक"},{"$i":"options","$v":"विकल्प"},{"$i":"select","$v":"सलेक्‍ट करू"},{"$i":"add-event","$v":"इवेंट जोरू"},{"$i":"weekly-view","$v":"साप्ताहिक व्यू"},{"$i":"day-view","$v":"डे व्यू"},{"$i":"month-view","$v":"मंथ व्यू"},{"$i":"today","$v":"आई"},{"$i":"go","$v":"तारीख में जाऊ"},{"$i":"search","$v":"सर्च"},{"$i":"calendar-to-display","$v":"केलिन्डर टू डिस्प्ले"},{"$i":"settings","$v":"सेटिंग्स"},{"$i":"delete","$v":"मिटाउ"},{"$i":"enter","$v":"एंटर"},{"$i":"sync-calendar","$v":"सिंक कैलेंडर"},{"$i":"present-description","$v":["आइ",{"t":"idOrVar","v":"weekday"}," ",{"t":"idOrVar","v":"date"},"th"]},{"$i":"day-description","$v":[{"t":"idOrVar","v":"weekday"}," the ",{"t":"idOrVar","v":"date"},"th"]},{"$i":"weekday-5","$v":"शुक्र दिन"},{"$i":"weekday-4","$v":"वृहस्‍पति दिन"},{"$i":"weekday-3","$v":"बुध दिन"},{"$i":"weekday-2","$v":"मंगल दिन"},{"$i":"weekday-1","$v":"सोम दिन"},{"$i":"weekday-0","$v":"रवि"},{"$i":"weekday-6","$v":"शनि दिन"},{"$i":"no-title","$v":"कुनू शीर्षक नहि"},{"$i":"weekday-0-long","$v":"रवि"},{"$i":"weekday-1-long","$v":"सोम दिन"},{"$i":"weekday-2-long","$v":"मंगल दिन"},{"$i":"weekday-3-long","$v":"बुध दिन"},{"$i":"weekday-4-long","$v":"वृहस्‍पति दिन"},{"$i":"weekday-5-long","$v":"शुक्र दिन"},{"$i":"weekday-6-long","$v":"शनि दिन"},{"$i":"weekday-0-short","$v":"सुन"},{"$i":"weekday-1-short","$v":"मन"},{"$i":"weekday-2-short","$v":"ट्यू"},{"$i":"weekday-3-short","$v":"वेद"},{"$i":"weekday-4-short","$v":"थू"},{"$i":"weekday-5-short","$v":"फ्राइडे"},{"$i":"weekday-6-short","$v":"सैट"},{"$i":"month-0-long","$v":"जनुअरी"},{"$i":"month-1-long","$v":"फेब्रुअरी"},{"$i":"month-2-long","$v":"मार्च"},{"$i":"month-3-long","$v":"अप्रैल"},{"$i":"month-4-long","$v":"मई"},{"$i":"month-5-long","$v":"जून"},{"$i":"month-6-long","$v":"जुलाई"},{"$i":"month-7-long","$v":"अगस्त"},{"$i":"month-8-long","$v":"सितम्बर"},{"$i":"month-9-long","$v":"अक्टूबर"},{"$i":"month-10-long","$v":"नवम्बर"},{"$i":"month-11-long","$v":"दिसम्बर"},{"$i":"month-0-genitive","$v":"जनुअरी"},{"$i":"month-1-genitive","$v":"फेब्रुअरी"},{"$i":"month-2-genitive","$v":"मार्च"},{"$i":"month-3-genitive","$v":"अप्रैल"},{"$i":"month-4-genitive","$v":"मई"},{"$i":"month-5-genitive","$v":"जून"},{"$i":"month-6-genitive","$v":"जुलाई"},{"$i":"month-7-genitive","$v":"अगस्त"},{"$i":"month-8-genitive","$v":"सितम्बर"},{"$i":"month-9-genitive","$v":"अक्टूबर"},{"$i":"month-10-genitive","$v":"नवम्बर"},{"$i":"month-11-genitive","$v":"दिसम्बर"},{"$i":"month-0-short","$v":"जन"},{"$i":"month-1-short","$v":"फेब्रुअरी"},{"$i":"month-2-short","$v":"मर"},{"$i":"month-3-short","$v":"एप्र"},{"$i":"month-4-short","$v":"मई"},{"$i":"month-5-short","$v":"जून"},{"$i":"month-6-short","$v":"जुल"},{"$i":"month-7-short","$v":"औग"},{"$i":"month-8-short","$v":"सेप"},{"$i":"month-9-short","$v":"ओक्ट"},{"$i":"month-10-short","$v":"नोव"},{"$i":"month-11-short","$v":"दिसम्बर"},{"$i":"minutes-ago-long","$v":{"zero":"एखन तुरंत","one":"एक मिनट पहिने","two":[{"t":"idOrVar","v":"value"}," मिनट पहिने"],"few":[{"t":"idOrVar","v":"value"}," मिनट पहिने"],"many":[{"t":"idOrVar","v":"value"}," मिनट पहिने"],"other":[{"t":"idOrVar","v":"value"}," मिनट पहिने"]},"$x":[{"t":"idOrVar","v":"plural"},"value"]},{"$i":"hours-ago-long","$v":{"zero":"एखन तुरंत","one":"एक घंटा पहिने","two":[{"t":"idOrVar","v":"value"}," घंटा पहिने"],"few":[{"t":"idOrVar","v":"value"}," घंटा पहिने"],"many":[{"t":"idOrVar","v":"value"}," घंटा पहिने"],"other":[{"t":"idOrVar","v":"value"}," घंटा पहिने"]},"$x":[{"t":"idOrVar","v":"plural"},"value"]},{"$i":"days-ago-long","$v":{"zero":"आई","one":"काल्हि","two":[{"t":"idOrVar","v":"value"}," दिन पहिने"],"few":[{"t":"idOrVar","v":"value"}," दिन पहिने"],"many":[{"t":"idOrVar","v":"value"}," दिन पहिने"],"other":[{"t":"idOrVar","v":"value"}," दिन पहिने"]},"$x":[{"t":"idOrVar","v":"plural"},"value"]},{"$i":"weeks-ago-long","$v":{"zero":"इ हफ्ता","one":"पिछला हफ्ता","two":[{"t":"idOrVar","v":"value"}," हफ्ता पहिने"],"few":[{"t":"idOrVar","v":"value"}," हफ्ता पहिने"],"many":[{"t":"idOrVar","v":"value"}," हफ्ता पहिने"],"other":[{"t":"idOrVar","v":"value"}," हफ्ता पहिने"]},"$x":[{"t":"idOrVar","v":"plural"},"value"]},{"$i":"months-ago-long","$v":{"zero":"इ महिना","one":"पिछला महिना","two":[{"t":"idOrVar","v":"value"}," मास बाद"],"few":[{"t":"idOrVar","v":"value"}," मास बाद"],"many":[{"t":"idOrVar","v":"value"}," मास बाद"],"other":[{"t":"idOrVar","v":"value"}," मास बाद"]},"$x":[{"t":"idOrVar","v":"plural"},"value"]},{"$i":"years-ago-long","$v":{"zero":"इ साल","one":"पिछला साल","two":[{"t":"idOrVar","v":"value"}," साल पहिने"],"few":[{"t":"idOrVar","v":"value"}," साल पहिने"],"many":[{"t":"idOrVar","v":"value"}," साल पहिने"],"other":[{"t":"idOrVar","v":"value"}," साल पहिने"]},"$x":[{"t":"idOrVar","v":"plural"},"value"]},{"$i":"minutes-until-long","$v":{"zero":"एखन","one":"एक मिनट में","two":[{"t":"idOrVar","v":"value"}," मिनट में"],"few":[{"t":"idOrVar","v":"value"}," मिनट में"],"many":[{"t":"idOrVar","v":"value"}," मिनट में"],"other":[{"t":"idOrVar","v":"value"}," मिनट में"]},"$x":[{"t":"idOrVar","v":"plural"},"value"]},{"$i":"hours-until-long","$v":{"zero":"एखन","one":"एक घंटा में","two":[{"t":"idOrVar","v":"value"}," घंटा में"],"few":[{"t":"idOrVar","v":"value"}," घंटा में"],"many":[{"t":"idOrVar","v":"value"}," घंटा में"],"other":[{"t":"idOrVar","v":"value"}," घंटा में"]},"$x":[{"t":"idOrVar","v":"plural"},"value"]},{"$i":"days-until-long","$v":{"zero":"आई","one":"काल्हि","two":[{"t":"idOrVar","v":"value"}," दिन में"],"few":[{"t":"idOrVar","v":"value"}," दिन में"],"many":[{"t":"idOrVar","v":"value"}," दिन में"],"other":[{"t":"idOrVar","v":"value"}," दिन में"]},"$x":[{"t":"idOrVar","v":"plural"},"value"]},{"$i":"weeks-until-long","$v":{"zero":"इ हफ्ता","one":"आगु क सप्‍ताह","two":[{"t":"idOrVar","v":"value"}," हफ्ता में"],"few":[{"t":"idOrVar","v":"value"}," हफ्ता में"],"many":[{"t":"idOrVar","v":"value"}," हफ्ता में"],"other":[{"t":"idOrVar","v":"value"}," हफ्ता में"]},"$x":[{"t":"idOrVar","v":"plural"},"value"]},{"$i":"months-until-long","$v":{"zero":"इ महिना","one":"अगला महिना","two":[{"t":"idOrVar","v":"value"}," मास मे"],"few":[{"t":"idOrVar","v":"value"}," मास मे"],"many":[{"t":"idOrVar","v":"value"}," मास मे"],"other":[{"t":"idOrVar","v":"value"}," मास मे"]},"$x":[{"t":"idOrVar","v":"plural"},"value"]},{"$i":"years-until-long","$v":{"zero":"इ साल","one":"अगला साल","two":[{"t":"idOrVar","v":"value"}," साल मे"],"few":[{"t":"idOrVar","v":"value"}," साल मे"],"many":[{"t":"idOrVar","v":"value"}," साल मे"],"other":[{"t":"idOrVar","v":"value"}," साल मे"]},"$x":[{"t":"idOrVar","v":"plural"},"value"]},{"$i":"minutes-ago-short","$v":{"zero":"एखन तुरंत","other":[{"t":"idOrVar","v":"value"}," म पहिने"]},"$x":[{"t":"idOrVar","v":"plural"},"value"]},{"$i":"hours-ago-short","$v":{"zero":"एखन तुरंत","other":[{"t":"idOrVar","v":"value"}," h पहिने"]},"$x":[{"t":"idOrVar","v":"plural"},"value"]},{"$i":"days-ago-short","$v":{"zero":"आई","other":[{"t":"idOrVar","v":"value"},"d पहिने"]},"$x":[{"t":"idOrVar","v":"plural"},"value"]},{"$i":"minutes-until-short","$v":{"zero":"एखन","other":[{"t":"idOrVar","v":"value"}," m"]},"$x":[{"t":"idOrVar","v":"plural"},"value"]},{"$i":"hours-until-short","$v":{"zero":"एखन","other":[{"t":"idOrVar","v":"value"},"h"]},"$x":[{"t":"idOrVar","v":"plural"},"value"]},{"$i":"days-until-short","$v":{"zero":"आई","other":[{"t":"idOrVar","v":"value"}," d"]},"$x":[{"t":"idOrVar","v":"plural"},"value"]},{"$i":"incorrectDate","$v":"( गलत तारीख)"},{"$i":"dateTimeFormat_%c","$v":"%a %b %e %Y %I:%M:%S %p"},{"$i":"dateTimeFormat_%x","$v":"%m/%d/%Y"},{"$i":"dateTimeFormat_%X","$v":"%I:%M:%S %p"},{"$i":"shortTimeFormat","$v":"%I:%M %p"},{"$i":"shortTimeFormat12","$v":"%I:%M %p"},{"$i":"shortTimeFormat24","$v":"%H:%M"},{"$i":"shortDateTimeFormat","$v":"%x %I:%M %p"},{"$i":"weekStartsOnMonday","$v":"0"},{"$i":"firstDayOfTheWeek","$v":"0"},{"$i":"time_am","$v":"AM"},{"$i":"time_pm","$v":"PM"},{"$i":"softkey-options","$v":"विकल्प"}]