[{"$i":"back","$v":"മടങ്ങുക"},{"$i":"save","$v":"സേവ് ചെയ്യുക"},{"$i":"hide","$v":"മറയ്‌ക്കുക"},{"$i":"cancel","$v":"റദ്ദാക്കുക"},{"$i":"confirm","$v":"സ്ഥിരീകരിക്കുക"},{"$i":"done","$v":"പൂർത്തിയാക്കി"},{"$i":"events","$v":"ഇവെൻറ്റ്സ് റിമൈണ്ടെര്‍"},{"$i":"edit","$v":"തിരുത്തുക"},{"$i":"allday-events","$v":"മുഴുവൻ-ദിവസ ഇവെൻറ്റുകളുടെ ഓർമ്മപ്പെടുത്തൽ"},{"$i":"no-events","$v":"ഇവെൻറുകൾ ഒന്നുമില്ല"},{"$i":"default","$v":"ഡിഫോൾട്ട്"},{"$i":"sync","$v":"സമന്വയിപ്പിക്കുക"},{"$i":"show-today","$v":"ഇന്ന്"},{"$i":"show-month-view","$v":"മാസം"},{"$i":"show-week-view","$v":"ആഴ്ച"},{"$i":"show-day-view","$v":"ദിവസം"},{"$i":"settings-show","$v":"സെറ്റിംഗ്സ്"},{"$i":"settings-hide","$v":"സെറ്റിംഗ്സ്  മറയ്ക്കുക"},{"$i":"add-account","$v":"ഒരു അക്കൗണ്ട് ചേർക്കുക"},{"$i":"new-event","$v":"ഇവെൻറ്റ് ചേർക്കുക"},{"$i":"view-event-header","$v":"ഇവെൻറ്റ് വിശദാംശങ്ങൾ"},{"$i":"new-event-header","$v":"ഇവെൻറ്റ് ചേർക്കുക"},{"$i":"edit-event-header","$v":"ഇവെൻറ്റ് തിരുത്തുക"},{"$i":"account-header","$v":"അക്കൗണ്ട്"},{"$i":"account-list-header","$v":"അക്കൗണ്ട്"},{"$i":"advanced-settings-short-icon-button","ariaLabel":"സെറ്റിംഗ്സ്"},{"$i":"advanced-settings-header","$v":"കലണ്ടർ സെറ്റിംഗ്സ്"},{"$i":"advanced-settings-personalization","$v":"ആവൃത്തി അപ്ഡേറ്റുചെയ്യുക"},{"$i":"advanced-settings-reminders","$v":"റിമൈണ്ടെര്‍"},{"$i":"advanced-settings-add-account","$v":"അക്കൗണ്ട് ചേർക്കുക"},{"$i":"field-user","$v":"യൂസര്‍ നെയിം"},{"$i":"field-password","$v":"പാസ്‌വേഡ്"},{"$i":"show-password","$v":"പാസ്‌വേഡ് കാണിക്കുക"},{"$i":"field-full-url","$v":"URL"},{"$i":"modify-account-setting-up","$v":"നിങ്ങളുടെ അക്കൗണ്ട് സെറ്റ് അപ്പ്‌ ചെയ്തുകൊണ്ടിരിക്കുകയാണ് , ദയവായി കാത്തിരിക്കുക"},{"$i":"modify-account-unable-to-sync","$v":"സമന്വയിപ്പിക്കാനാവുന്നില്ല"},{"$i":"modify-account-sign-in","$v":"സൈന്‍ ഇന്‍"},{"$i":"tcl-caldav","$v":"CalDav"},{"$i":"tcl-yahoo","$v":"യാഹൂ!"},{"$i":"tcl-google","$v":"ഗൂഗിള്‍"},{"$i":"preset-mozilla","$v":"Mozilla Zimbra"},{"$i":"calendar-local","$v":"ഫോൺ കലണ്ടർ"},{"$i":"event-title","$v":"തലക്കെട്ട്"},{"$i":"event-location","$v":"സ്ഥാനം"},{"$i":"event-description","$v":"നോട്ട്"},{"$i":"event-is-allday","$v":"മുഴുവൻ -ദിവസവും  നടക്കുന്ന ഇവെൻറ്റ്"},{"$i":"event-start-date","$v":"തുടങ്ങുന്ന തിയ്യതി"},{"$i":"event-end-date","$v":"അവസാനിക്കുന്ന തിയ്യതി"},{"$i":"event-start-time","$v":"ആരംഭ സമയം"},{"$i":"event-end-time","$v":"അവസാനിക്കുന്ന സമയം"},{"$i":"event-delete","$v":"ഇവെൻറ്റ് ഇല്ലാതാക്കുക"},{"$i":"remove-account-data","$v":"കലണ്ടർ അക്കൗണ്ട് നീക്കംചെയ്യുക"},{"$i":"remove-account-dialog","$v":"അക്കൗണ്ട് നീക്കംചെയ്യുക"},{"$i":"remove-account-dialog-details","$v":["നിങ്ങളുടെ ഉപകരണത്തിൽ നിന്ന് \"",{"t":"idOrVar","v":"email"},"\" നീക്കംചെയ്യുക?"]},{"$i":"remove","$v":"നീക്കംചെയ്യുക"},{"$i":"drawer-sync-icon-button","ariaLabel":"സമന്വയിപ്പിക്കുക"},{"$i":"sync-progress-syncing","ariaValueText":"സമന്വയിപ്പിക്കുന്നു"},{"$i":"sync-progress-complete","ariaValueText":"സമന്വയിപ്പിക്കൽ പൂർത്തിയായി"},{"$i":"sync-frequency","$v":"കലണ്ടർ സമന്വയിപ്പിക്കുക"},{"$i":"sync-frequency-15min","$v":"ഓരോ 15 മിനിറ്റിലും"},{"$i":"sync-frequency-30min","$v":"ഓരോ 30 മിനിറ്റിലും"},{"$i":"sync-frequency-manual","$v":"മാനുവല്‍ ആയി"},{"$i":"one-day-duration-title","$v":[{"t":"idOrVar","v":"startDate"}]},{"$i":"one-day-duration-content","$v":[{"t":"idOrVar","v":"startTime"}," മുതൽ ",{"t":"idOrVar","v":"endTime"}," വരെ"]},{"$i":"multiple-day-duration-title","$v":[{"t":"idOrVar","v":"startTime"}," ",{"t":"idOrVar","v":"startDate"}," മുതൽ"]},{"$i":"multiple-day-duration-content","$v":[{"t":"idOrVar","v":"endTime"}," ",{"t":"idOrVar","v":"endDate"}," വരെ"]},{"$i":"one-all-day-duration-title","$v":"എല്ലാ ദിവസവും"},{"$i":"one-all-day-duration-content","$v":[{"t":"idOrVar","v":"startDate"}]},{"$i":"multiple-all-day-duration-title","$v":[{"t":"idOrVar","v":"startDate"}," തുടങ്ങി എല്ലാ ദിവസവും"]},{"$i":"multiple-all-day-duration-content","$v":[{"t":"idOrVar","v":"endDate"}," വരെ"]},{"$i":"none","$v":"ഒന്നുമില്ല"},{"$i":"reminder","$v":"ഇവെൻറ്റ് ഓർമ്മപ്പെടുത്തൽ"},{"$i":"remind-me","$v":"എന്നെ ഓർമ്മിപ്പിക്കുക"},{"$i":"alarm-at-event-standard","$v":"ഇവെൻറ്റിന്‍റെ  സമയത്ത്"},{"$i":"alarm-at-event-allday","$v":"ഇവെൻറ്റിന്‍റെ ദിവസം"},{"$i":"alarm-start-notice","$v":[{"t":"idOrVar","v":"title"}," ആരംഭിക്കുന്ന ",{"t":"idOrVar","v":"distance"}]},{"$i":"alarm-started-notice","$v":[{"t":"idOrVar","v":"title"}," ആരംഭിച്ച ",{"t":"idOrVar","v":"distance"}]},{"$i":"minutes-before","$v":{"zero":"0 മിനിറ്റ് മുമ്പ്","one":"1 മിനിറ്റ് മുമ്പ്","two":[{"t":"idOrVar","v":"value"}," മിനിറ്റുകൾക്ക് മുമ്പ്"],"few":[{"t":"idOrVar","v":"value"}," മിനിറ്റുകൾക്ക് മുമ്പ്"],"many":[{"t":"idOrVar","v":"value"}," മിനിറ്റുകൾക്ക് മുമ്പ്"],"other":[{"t":"idOrVar","v":"value"}," മിനിറ്റുകൾക്ക് മുമ്പ്"]},"$x":[{"t":"idOrVar","v":"plural"},"value"]},{"$i":"hours-before","$v":{"zero":"0 മണിക്കൂർ മുമ്പ്","one":"1 മണിക്കൂർ മുമ്പ്","two":[{"t":"idOrVar","v":"value"}," മണിക്കൂറുകൾക്ക് മുമ്പ്"],"few":[{"t":"idOrVar","v":"value"}," മണിക്കൂറുകൾക്ക് മുമ്പ്"],"many":[{"t":"idOrVar","v":"value"}," മണിക്കൂറുകൾക്ക് മുമ്പ്"],"other":[{"t":"idOrVar","v":"value"}," മണിക്കൂറുകൾക്ക് മുമ്പ്"]},"$x":[{"t":"idOrVar","v":"plural"},"value"]},{"$i":"days-before","$v":{"zero":"0 ദിവസം മുമ്പ്","one":"1 ദിവസം മുമ്പ്","two":[{"t":"idOrVar","v":"value"}," ദിവസങ്ങൾക്ക് മുമ്പ്"],"few":[{"t":"idOrVar","v":"value"}," ദിവസങ്ങൾക്ക് മുമ്പ്"],"many":[{"t":"idOrVar","v":"value"}," ദിവസങ്ങൾക്ക് മുമ്പ്"],"other":[{"t":"idOrVar","v":"value"}," ദിവസങ്ങൾക്ക് മുമ്പ്"]},"$x":[{"t":"idOrVar","v":"plural"},"value"]},{"$i":"weeks-before","$v":{"zero":"0 ആഴ്ച മുമ്പ്","one":"1 ആഴ്ച മുമ്പ്","two":[{"t":"idOrVar","v":"value"}," ആഴ്ചകൾക്ക് മുമ്പ്"],"few":[{"t":"idOrVar","v":"value"}," ആഴ്ചകൾക്ക് മുമ്പ്"],"many":[{"t":"idOrVar","v":"value"}," ആഴ്ചകൾക്ക് മുമ്പ്"],"other":[{"t":"idOrVar","v":"value"}," ആഴ്ചകൾക്ക് മുമ്പ്"]},"$x":[{"t":"idOrVar","v":"plural"},"value"]},{"$i":"months-before","$v":{"zero":"0 മാസം മുമ്പ്","one":"1 മാസം മുമ്പ്","two":[{"t":"idOrVar","v":"value"}," മാസങ്ങൾക്ക് മുമ്പ്"],"few":[{"t":"idOrVar","v":"value"}," മാസങ്ങൾക്ക് മുമ്പ്"],"many":[{"t":"idOrVar","v":"value"}," മാസങ്ങൾക്ക് മുമ്പ്"],"other":[{"t":"idOrVar","v":"value"}," മാസങ്ങൾക്ക് മുമ്പ്"]},"$x":[{"t":"idOrVar","v":"plural"},"value"]},{"$i":"years-before","$v":{"zero":"0 വർഷം മുമ്പ്","one":"1 വർഷം മുമ്പ്","two":[{"t":"idOrVar","v":"value"}," വർഷങ്ങൾക്ക് മുമ്പ്"],"few":[{"t":"idOrVar","v":"value"}," വർഷങ്ങൾക്ക് മുമ്പ്"],"many":[{"t":"idOrVar","v":"value"}," വർഷങ്ങൾക്ക് മുമ്പ്"],"other":[{"t":"idOrVar","v":"value"}," വർഷങ്ങൾക്ക് മുമ്പ്"]},"$x":[{"t":"idOrVar","v":"plural"},"value"]},{"$i":"minutes-after","$v":{"zero":"0 മിനിറ്റിന് ശേഷം","one":"1 മിനിറ്റിന് ശേഷം","two":[{"t":"idOrVar","v":"value"}," മിനിറ്റുകൾക്ക് ശേഷം"],"few":[{"t":"idOrVar","v":"value"}," മിനിറ്റുകൾക്ക് ശേഷം"],"many":[{"t":"idOrVar","v":"value"}," മിനിറ്റുകൾക്ക് ശേഷം"],"other":[{"t":"idOrVar","v":"value"}," മിനിറ്റുകൾക്ക് ശേഷം"]},"$x":[{"t":"idOrVar","v":"plural"},"value"]},{"$i":"hours-after","$v":{"zero":"0 മണിക്കൂറിന് ശേഷം","one":"1 മണിക്കൂറിന് ശേഷം","two":[{"t":"idOrVar","v":"value"}," മണിക്കൂറുകൾക്ക് ശേഷം"],"few":[{"t":"idOrVar","v":"value"}," മണിക്കൂറുകൾക്ക് ശേഷം"],"many":[{"t":"idOrVar","v":"value"}," മണിക്കൂറുകൾക്ക് ശേഷം"],"other":[{"t":"idOrVar","v":"value"}," മണിക്കൂറുകൾക്ക് ശേഷം"]},"$x":[{"t":"idOrVar","v":"plural"},"value"]},{"$i":"days-after","$v":{"zero":"0 ദിവസത്തിന് ശേഷം","one":"1 ദിവസത്തിന് ശേഷം","two":[{"t":"idOrVar","v":"value"}," ദിവസങ്ങൾക്ക് ശേഷം"],"few":[{"t":"idOrVar","v":"value"}," ദിവസങ്ങൾക്ക് ശേഷം"],"many":[{"t":"idOrVar","v":"value"}," ദിവസങ്ങൾക്ക് ശേഷം"],"other":[{"t":"idOrVar","v":"value"}," ദിവസങ്ങൾക്ക് ശേഷം"]},"$x":[{"t":"idOrVar","v":"plural"},"value"]},{"$i":"weeks-after","$v":{"zero":"0 ആഴ്ചയ്ക്ക് ശേഷം","one":"1 ആഴ്ചയ്ക്ക് ശേഷം","two":[{"t":"idOrVar","v":"value"}," ആഴ്ചകൾക്ക് ശേഷം"],"few":[{"t":"idOrVar","v":"value"}," ആഴ്ചകൾക്ക് ശേഷം"],"many":[{"t":"idOrVar","v":"value"}," ആഴ്ചകൾക്ക് ശേഷം"],"other":[{"t":"idOrVar","v":"value"}," ആഴ്ചകൾക്ക് ശേഷം"]},"$x":[{"t":"idOrVar","v":"plural"},"value"]},{"$i":"months-after","$v":{"zero":"0 മാസത്തിന് ശേഷം","one":"1 മാസത്തിന് ശേഷം","two":[{"t":"idOrVar","v":"value"}," മാസങ്ങൾക്ക് ശേഷം"],"few":[{"t":"idOrVar","v":"value"}," മാസങ്ങൾക്ക് ശേഷം"],"many":[{"t":"idOrVar","v":"value"}," മാസങ്ങൾക്ക് ശേഷം"],"other":[{"t":"idOrVar","v":"value"}," മാസങ്ങൾക്ക് ശേഷം"]},"$x":[{"t":"idOrVar","v":"plural"},"value"]},{"$i":"years-after","$v":{"zero":"0 വർഷത്തിന് ശേഷം","one":"1 വർഷത്തിന് ശേഷം","two":[{"t":"idOrVar","v":"value"}," വർഷങ്ങൾക്ക് ശേഷം"],"few":[{"t":"idOrVar","v":"value"}," വർഷങ്ങൾക്ക് ശേഷം"],"many":[{"t":"idOrVar","v":"value"}," വർഷങ്ങൾക്ക് ശേഷം"],"other":[{"t":"idOrVar","v":"value"}," വർഷങ്ങൾക്ക് ശേഷം"]},"$x":[{"t":"idOrVar","v":"plural"},"value"]},{"$i":"hour-format12","$v":"%I %p"},{"$i":"hour-format24","$v":"%H"},{"$i":"week-hour-format12","$v":"%I %p"},{"$i":"week-hour-format24","$v":"%H"},{"$i":"hour-allday","$v":"എല്ലാ ദിവസവും"},{"$i":"tcl-week-day","$v":"%a\\n%e"},{"$i":"current-time12","$v":"%I: M"},{"$i":"current-time24","$v":"%H:%M"},{"$i":"multi-month-view-header-format","$v":"%B %Y"},{"$i":"day-view-header-format","$v":"%A, %b %e"},{"$i":"months-day-view-header-format","$v":"%A, %b %e"},{"$i":"months-day-view-header-format-small","$v":{"$o":"%a <br/> %b, %e"}},{"$i":"week-view-header-format","$v":["ആഴ്ച ",{"t":"idOrVar","v":"value"},", %B %Y"]},{"$i":"longDateFormat","$v":"%A, %B %d, %Y"},{"$i":"longTimeFormat","$v":"%A %B %d"},{"$i":"longTimeFormat12","$v":"%A %B %d %I %p"},{"$i":"longTimeFormat24","$v":"%A %B %d %H മണി"},{"$i":"weekTimeFormat12","$v":"%I %p"},{"$i":"weekTimeFormat24","$v":"%H മണി"},{"$i":"weekDayFormat","$v":"%A the %d"},{"$i":"alldayLongTimeFormat","$v":"%A %B %d ദിവസം മുഴുവനും"},{"$i":"dayHour12","$v":"%I %p"},{"$i":"dayHour24","$v":"%H മണി"},{"$i":"longDateTime12","$v":"%I %p, %a, %d %b, %Y"},{"$i":"longDateTime24","$v":"%H, %a, %d, %b, %Y"},{"$i":"upcoming-events","$v":"വരാനിരിക്കുന്ന ഇവെൻറ്റ്സ്"},{"$i":"search-results","$v":"തിരയൽ ഫലങ്ങൾ"},{"$i":"no-event-found","$v":"ഇവെൻറ്റുകൾ ഒന്നും കണ്ടെത്തിയില്ല"},{"$i":"error-start-date-after-end-date","$v":"ആരംഭ തീയതിക്ക് മുമ്പ് ഇവെൻറ്റ് അവസാനിക്കാൻ കഴിയില്ല."},{"$i":"error-start-time-after-end-time","$v":"ആരംഭ സമയത്തിന് മുമ്പ് ഇവെൻറ്റ് അവസാനിക്കാൻ കഴിയില്ല."},{"$i":"error-unauthenticated","$v":"തെറ്റായ യൂസര്‍നെയിം  അല്ലെങ്കിൽ പാസ്‌വേഡ്,ദയവായി  വീണ്ടും ശ്രമിക്കുക."},{"$i":"error-internal-server-error","$v":"സെർവർ പിശക്,ദയവായി  വീണ്ടും ശ്രമിക്കുക."},{"$i":"error-unkown","$v":"സെർവർ പ്രതികരണം കാരണം അഭ്യർത്ഥന കൈകാര്യം ചെയ്യാൻ കഴിയില്ല."},{"$i":"error-default","$v":"എന്തോ കുഴപ്പം ഉണ്ട്. പിന്നീട് വീണ്ടും ശ്രമിക്കുക."},{"$i":"error-offline","$v":"ഇന്റർനെറ്റിൽ കണക്റ്റുചെയ്യാനാവുന്നില്ല. ഇന്റർനെറ്റ് ആക്സസ്സുചെയ്യുന്നതിന് നിങ്ങൾക്ക് Wi-Fi അല്ലെങ്കിൽ മൊബൈൽ ഡാറ്റ ഉപയോഗിക്കാവുന്നതാണ്."},{"$i":"error-account-exist","$v":"ഈ അക്കൗണ്ട് ഇതിനകം തന്നെ നിലവിലുണ്ട്."},{"$i":"error-edit-online-event","$v":"ഇൻറ്റർനെറ്റ്  കണക്ഷനില്ലാത്തതിനാൽ ഓൺലൈൻ ഇവെൻറ്റ് തിരുത്തുന്നത്  പരാജയപ്പെട്ടു."},{"$i":"error-delete-online-event","$v":"ഇൻറ്റർനെറ്റ്  കണക്ഷനില്ലാത്തതിനാൽ ഓൺലൈൻ ഇവെൻറ്റ് ഇല്ലാതാക്കുന്നത് പരാജയപ്പെട്ടു."},{"$i":"notification-error-sync-title","$v":"കലണ്ടർ സമന്വയ പിശക്"},{"$i":"notification-error-sync-description","$v":"കൂടുതൽ വിവരങ്ങൾക്ക് ടാപ്പുചെയ്യുക"},{"$i":"weekday-0-single-char","$v":"S","ariaLabel":"ഞായറാഴ്ച"},{"$i":"weekday-1-single-char","$v":"M","ariaLabel":"തിങ്കളാഴ്ച"},{"$i":"weekday-2-single-char","$v":"T","ariaLabel":"ചൊവ്വാഴ്ച"},{"$i":"weekday-3-single-char","$v":"W","ariaLabel":"ബുധനാഴ്ച"},{"$i":"weekday-4-single-char","$v":"T","ariaLabel":"വ്യാഴാഴ്ച"},{"$i":"weekday-5-single-char","$v":"F","ariaLabel":"വെള്ളിയാഴ്ച"},{"$i":"weekday-6-single-char","$v":"S","ariaLabel":"ശനിയാഴ്ച"},{"$i":"busy","$v":{"zero":"ഇവെൻറുകൾ ഒന്നുമില്ല","one":[{"t":"idOrVar","v":"n"}," ഇവെൻറ്റ്"],"two":[{"t":"idOrVar","v":"n"}," ഇവെൻറ്റ്"],"few":[{"t":"idOrVar","v":"n"}," ഇവെൻറ്റ്"],"many":[{"t":"idOrVar","v":"n"}," ഇവെൻറ്റ്"],"other":[{"t":"idOrVar","v":"n"}," ഇവെൻറ്റ്"]},"$x":[{"t":"idOrVar","v":"plural"},"n"]},{"$i":"present","ariaLabel":"ഇന്ന്"},{"$i":"past-other-month-description","ariaLabel":"മറ്റ് മാസം"},{"$i":"future-other-month-description","ariaLabel":"മറ്റ് മാസം"},{"$i":"icon-calendar-alarm","ariaLabel":"അലാറം ഉണ്ട്"},{"$i":"calendars","ariaLabel":"കലണ്ടര്‍"},{"$i":"multi-day-new-event-link","ariaLabel":"ഇവെൻറ്റ് ചേർക്കുക"},{"$i":"title","ariaLabel":"തലക്കെട്ട്"},{"$i":"location","ariaLabel":"സ്ഥാനം"},{"$i":"duration","ariaLabel":"ദൈർഘ്യം"},{"$i":"calendar","ariaLabel":"കലണ്ടർ"},{"$i":"alarms","ariaLabel":"അലാറം"},{"$i":"description","ariaLabel":"വിവരണം"},{"$i":"start-date","ariaLabel":"തുടങ്ങുന്ന തിയ്യതി"},{"$i":"start-time","ariaLabel":"ആരംഭ സമയം"},{"$i":"end-date","ariaLabel":"അവസാനിക്കുന്ന തിയ്യതി"},{"$i":"end-time","ariaLabel":"അവസാനിക്കുന്ന സമയം"},{"$i":"during-progress-loading","ariaValueText":"ലോഡ് ചെയ്ത് കൊണ്ടിരിക്കുന്നു."},{"$i":"all-day","ariaLabel":"എല്ലാ ദിവസവും"},{"$i":"create-event","ariaLabel":"ഇവെൻറ്റ് സൃഷ്ടിക്കുക"},{"$i":"create-all-day-event","ariaLabel":"മുഴുവൻ ദിവസത്തേക്കുള്ള ഇവെൻറ്റ് സൃഷ്ടിക്കുക"},{"$i":"event-one-day-duration","ariaLabel":[{"t":"idOrVar","v":"StartTime"}," മുതൽ ",{"t":"idOrVar","v":"endTime"}," വരെ"]},{"$i":"week-event-one-day-duration","ariaLabel":[{"t":"idOrVar","v":"startDate"}," ന് ",{"t":"idOrVar","v":"startTime"}," മുതൽ ",{"t":"idOrVar","v":"endTime"},"വരെ"]},{"$i":"event-multiple-day-duration","ariaLabel":[{"t":"idOrVar","v":"startTime"}," ",{"t":"idOrVar","v":"startDate"}," മുതൽ ",{"t":"idOrVar","v":"endTime"}," ",{"t":"idOrVar","v":"endDate"}," വരെ"]},{"$i":"tcl-event-added","$v":"ഇവെൻറ്റ് ചേർത്തു"},{"$i":"tcl-event-updated","$v":"ഇവെൻറ്റ് അപ്ഡേറ്റുചെയ്തു"},{"$i":"tcl-event-deleted","$v":"ഇവെൻറ്റ് ഇല്ലാതാക്കി"},{"$i":"tcl-change-save","$v":"മാറ്റങ്ങൾ സേവ് ചെയ്തു"},{"$i":"tcl-event-calendar","$v":"കലണ്ടർ"},{"$i":"tcl-single-event","$v":"ഇവെൻറ്റ്"},{"$i":"tcl-event-count","$v":"ഇവെൻറ്റ്സ്"},{"$i":"tcl-sync-progress-syncing","$v":"സമന്വയിപ്പിക്കുന്നു"},{"$i":"tcl-sync-progress-complete","$v":"സമന്വയം പൂർത്തിയായി"},{"$i":"tcl-settings-sounds","$v":"ശബ്ദങ്ങൾ"},{"$i":"tcl-tones","$v":"ടോണുകൾ"},{"$i":"tcl-multi-events","$v":"ഇവെൻറ്റ്സ്"},{"$i":"tcl-confirmation-title","$v":"സ്ഥിരീകരണം"},{"$i":"tcl-delete-selectedEvent-confirmation","$v":"തിരഞ്ഞെടുത്ത ഇവെൻറ്റ് ഇല്ലാതാക്കുക?"},{"$i":"tcl-deleteEvent-confirmation","$v":"ഇവെൻറ്റ് ഇല്ലാതാക്കുക?"},{"$i":"tcl-event-search-header","$v":"തിരയുക","placeholder":"തിരയുക"},{"$i":"tcl-event-search-upcoming-events","$v":"വരാനിരിക്കുന്ന ഇവെൻറ്റ്സ്"},{"$i":"tcl-delete","$v":"ഇല്ലാതാക്കുക"},{"$i":"tcl-cancel","$v":"റദ്ദാക്കുക"},{"$i":"tcl-dialog-delete-sel","$v":"തിരഞ്ഞെടുത്ത ഇവെൻറ്റ് ഇല്ലാതാക്കണമെന്ന് തീർച്ചയാണോ?"},{"$i":"tcl-delete-title","$v":"ഇവെൻറ്റ് ഇല്ലാതാക്കുക"},{"$i":"tcl-save-changes","$v":"മാറ്റങ്ങൾ സേവ് ചെയ്യണോ?"},{"$i":"tcl-save-message-back","$v":"നൽകിയ എല്ലാ ഡാറ്റയും നഷ്ടപ്പെടും. നിങ്ങൾ മാറ്റങ്ങൾ  സേവ് ചെയ്യാന്‍ ആഗ്രഹിക്കുന്നുണ്ടോ?"},{"$i":"tcl-save-message-close","$v":"അപ്ലിക്കേഷൻ അടയ്യ്ക്കുന്നതോടൊപ്പം ഡാറ്റ നഷ്ടവും ഉണ്ടാകും നിങ്ങൾ മാറ്റങ്ങൾ സേവ് ചെയ്യാന്‍ ആഗ്രഹിക്കുന്നുണ്ടോ?"},{"$i":"yes","$v":"ശരി"},{"$i":"no","$v":"ഇല്ല"},{"$i":"confirmation","$v":"സ്ഥിരീകരണം"},{"$i":"ok","$v":"ശരി"},{"$i":"delete-event","$v":"തിരഞ്ഞെടുത്ത ഇവെൻറ്റ് ഇല്ലാതാക്കുക?"},{"$i":"tcl-settings-header","$v":"പ്രദർശിപ്പിക്കാനുള്ള കലണ്ടർ"},{"$i":"tcl-syncing","$v":"സമന്വയിപ്പിക്കുന്നു..."},{"$i":"tcl-syncing-header","$v":"അക്കൗണ്ട് സമന്വയം"},{"$i":"options","$v":"ഓപ്ഷന്‍"},{"$i":"select","$v":"തിരഞ്ഞെടുക്കുക"},{"$i":"add-event","$v":"ഇവെൻറ്റ് ചേർക്കുക"},{"$i":"weekly-view","$v":"ആഴ്ച രൂപത്തില്‍ കാണുക"},{"$i":"day-view","$v":"ദിവസ രൂപത്തില്‍ കാണുക"},{"$i":"month-view","$v":"മാസ രൂപത്തില്‍ കാണുക"},{"$i":"today","$v":"ഇന്ന്"},{"$i":"go","$v":"തീയ്യതിയിലേക്ക് പോകുക"},{"$i":"search","$v":"തിരയുക"},{"$i":"calendar-to-display","$v":"പ്രദർശിപ്പിക്കാനുള്ള കലണ്ടർ"},{"$i":"settings","$v":"സെറ്റിംഗ്സ്"},{"$i":"delete","$v":"ഇല്ലാതാക്കുക"},{"$i":"enter","$v":"നൽകുക"},{"$i":"sync-calendar","$v":"കലണ്ടർ സമന്വയിപ്പിക്കുക"},{"$i":"present-description","$v":["ഇന്ന് ",{"t":"idOrVar","v":"weekday"}," ",{"t":"idOrVar","v":"date"},"ല്‍"]},{"$i":"day-description","$v":[{"t":"idOrVar","v":"weekday"}," ",{"t":"idOrVar","v":"date"}]},{"$i":"weekday-5","$v":"വെള്ളിയാഴ്ച"},{"$i":"weekday-4","$v":"വ്യാഴാഴ്ച"},{"$i":"weekday-3","$v":"ബുധനാഴ്ച"},{"$i":"weekday-2","$v":"ചൊവ്വാഴ്ച"},{"$i":"weekday-1","$v":"തിങ്കളാഴ്ച"},{"$i":"weekday-0","$v":"ഞായറാഴ്ച"},{"$i":"weekday-6","$v":"ശനിയാഴ്ച"},{"$i":"no-title","$v":"(ശീർഷകം ഇല്ല)"},{"$i":"weekday-0-long","$v":"ഞായറാഴ്ച"},{"$i":"weekday-1-long","$v":"തിങ്കളാഴ്ച"},{"$i":"weekday-2-long","$v":"ചൊവ്വാഴ്ച"},{"$i":"weekday-3-long","$v":"ബുധനാഴ്ച"},{"$i":"weekday-4-long","$v":"വ്യാഴാഴ്ച"},{"$i":"weekday-5-long","$v":"വെള്ളിയാഴ്ച"},{"$i":"weekday-6-long","$v":"ശനിയാഴ്ച"},{"$i":"weekday-0-short","$v":"ഞായർ"},{"$i":"weekday-1-short","$v":"തിങ്കൾ"},{"$i":"weekday-2-short","$v":"ചൊവ്വ"},{"$i":"weekday-3-short","$v":"ബുധൻ"},{"$i":"weekday-4-short","$v":"വ്യാഴം"},{"$i":"weekday-5-short","$v":"വെള്ളി"},{"$i":"weekday-6-short","$v":"ശനി"},{"$i":"month-0-long","$v":"ജനുവരി"},{"$i":"month-1-long","$v":"ഫെബ്രുവരി"},{"$i":"month-2-long","$v":"മാർച്ച്"},{"$i":"month-3-long","$v":"ഏപ്രിൽ"},{"$i":"month-4-long","$v":"മെയ്"},{"$i":"month-5-long","$v":"ജൂൺ"},{"$i":"month-6-long","$v":"ജൂലൈ"},{"$i":"month-7-long","$v":"ആഗസ്റ്റ്"},{"$i":"month-8-long","$v":"സെപ്റ്റംബർ"},{"$i":"month-9-long","$v":"ഒക്ടോബർ"},{"$i":"month-10-long","$v":"നവംബർ"},{"$i":"month-11-long","$v":"ഡിസംബർ"},{"$i":"month-0-genitive","$v":"ജനുവരി"},{"$i":"month-1-genitive","$v":"ഫെബ്രുവരി"},{"$i":"month-2-genitive","$v":"മാർച്ച്"},{"$i":"month-3-genitive","$v":"ഏപ്രിൽ"},{"$i":"month-4-genitive","$v":"മെയ്"},{"$i":"month-5-genitive","$v":"ജൂൺ"},{"$i":"month-6-genitive","$v":"ജൂലൈ"},{"$i":"month-7-genitive","$v":"ആഗസ്റ്റ്"},{"$i":"month-8-genitive","$v":"സെപ്റ്റംബർ"},{"$i":"month-9-genitive","$v":"ഒക്ടോബർ"},{"$i":"month-10-genitive","$v":"നവംബർ"},{"$i":"month-11-genitive","$v":"ഡിസംബർ"},{"$i":"month-0-short","$v":"ജനുവരി"},{"$i":"month-1-short","$v":"ഫെബ്രുവരി"},{"$i":"month-2-short","$v":"മാർച്ച്"},{"$i":"month-3-short","$v":"ഏപ്രിൽ"},{"$i":"month-4-short","$v":"മെയ്"},{"$i":"month-5-short","$v":"ജൂൺ"},{"$i":"month-6-short","$v":"ജൂലൈ"},{"$i":"month-7-short","$v":"ആഗസ്റ്റ്"},{"$i":"month-8-short","$v":"സെപ്റ്റംബർ"},{"$i":"month-9-short","$v":"ഒക്ടോബർ"},{"$i":"month-10-short","$v":"നവംബർ"},{"$i":"month-11-short","$v":"ഡിസംബർ"},{"$i":"minutes-ago-long","$v":{"zero":"ഇപ്പോൾ തന്നെ","one":"ഒരു മിനിറ്റ് മുമ്പ്","two":[{"t":"idOrVar","v":"value"}," മിനിറ്റുകൾക്ക് മുമ്പ്"],"few":[{"t":"idOrVar","v":"value"}," മിനിറ്റുകൾക്ക് മുമ്പ്"],"many":[{"t":"idOrVar","v":"value"}," മിനിറ്റുകൾക്ക് മുമ്പ്"],"other":[{"t":"idOrVar","v":"value"}," മിനിറ്റുകൾക്ക് മുമ്പ്"]},"$x":[{"t":"idOrVar","v":"plural"},"value"]},{"$i":"hours-ago-long","$v":{"zero":"ഇപ്പോൾ തന്നെ","one":"ഒരു മണിക്കൂർ മുമ്പ്","two":[{"t":"idOrVar","v":"value"}," മണിക്കൂറുകൾക്ക് മുമ്പ്"],"few":[{"t":"idOrVar","v":"value"}," മണിക്കൂറുകൾക്ക് മുമ്പ്"],"many":[{"t":"idOrVar","v":"value"}," മണിക്കൂറുകൾക്ക് മുമ്പ്"],"other":[{"t":"idOrVar","v":"value"}," മണിക്കൂറുകൾക്ക് മുമ്പ്"]},"$x":[{"t":"idOrVar","v":"plural"},"value"]},{"$i":"days-ago-long","$v":{"zero":"ഇന്ന്","one":"ഇന്നലെ","two":[{"t":"idOrVar","v":"value"}," ദിവസങ്ങൾക്ക് മുമ്പ്"],"few":[{"t":"idOrVar","v":"value"}," ദിവസങ്ങൾക്ക് മുമ്പ്"],"many":[{"t":"idOrVar","v":"value"}," ദിവസങ്ങൾക്ക് മുമ്പ്"],"other":[{"t":"idOrVar","v":"value"}," ദിവസങ്ങൾക്ക് മുമ്പ്"]},"$x":[{"t":"idOrVar","v":"plural"},"value"]},{"$i":"weeks-ago-long","$v":{"zero":"ഈ ആഴ്ച","one":"കഴിഞ്ഞ ആഴ്ച","two":[{"t":"idOrVar","v":"value"}," ആഴ്ചകൾക്ക് മുമ്പ്"],"few":[{"t":"idOrVar","v":"value"}," ആഴ്ചകൾക്ക് മുമ്പ്"],"many":[{"t":"idOrVar","v":"value"}," ആഴ്ചകൾക്ക് മുമ്പ്"],"other":[{"t":"idOrVar","v":"value"}," ആഴ്ചകൾക്ക് മുമ്പ്"]},"$x":[{"t":"idOrVar","v":"plural"},"value"]},{"$i":"months-ago-long","$v":{"zero":"ഈ മാസം","one":"കഴിഞ്ഞ മാസം","two":[{"t":"idOrVar","v":"value"}," മാസങ്ങൾക്ക് മുമ്പ്"],"few":[{"t":"idOrVar","v":"value"}," മാസങ്ങൾക്ക് മുമ്പ്"],"many":[{"t":"idOrVar","v":"value"}," മാസങ്ങൾക്ക് മുമ്പ്"],"other":[{"t":"idOrVar","v":"value"}," മാസങ്ങൾക്ക് മുമ്പ്"]},"$x":[{"t":"idOrVar","v":"plural"},"value"]},{"$i":"years-ago-long","$v":{"zero":"ഈ വർഷം","one":"കഴിഞ്ഞ വർഷം","two":[{"t":"idOrVar","v":"value"}," വർഷങ്ങൾക്ക് മുമ്പ്"],"few":[{"t":"idOrVar","v":"value"}," വർഷങ്ങൾക്ക് മുമ്പ്"],"many":[{"t":"idOrVar","v":"value"}," വർഷങ്ങൾക്ക് മുമ്പ്"],"other":[{"t":"idOrVar","v":"value"}," വർഷങ്ങൾക്ക് മുമ്പ്"]},"$x":[{"t":"idOrVar","v":"plural"},"value"]},{"$i":"minutes-until-long","$v":{"zero":"ഇപ്പോൾ","one":"ഒരു മിനിറ്റിൽ","two":[{"t":"idOrVar","v":"value"}," മിനിറ്റുകളിൽ"],"few":[{"t":"idOrVar","v":"value"}," മിനിറ്റുകളിൽ"],"many":[{"t":"idOrVar","v":"value"}," മിനിറ്റുകളിൽ"],"other":[{"t":"idOrVar","v":"value"}," മിനിറ്റുകളിൽ"]},"$x":[{"t":"idOrVar","v":"plural"},"value"]},{"$i":"hours-until-long","$v":{"zero":"ഇപ്പോൾ","one":"ഒരു മണിക്കൂറിൽ","two":[{"t":"idOrVar","v":"value"}," മണിക്കൂറുകളിൽ"],"few":[{"t":"idOrVar","v":"value"}," മണിക്കൂറുകളിൽ"],"many":[{"t":"idOrVar","v":"value"}," മണിക്കൂറുകളിൽ"],"other":[{"t":"idOrVar","v":"value"}," മണിക്കൂറുകളിൽ"]},"$x":[{"t":"idOrVar","v":"plural"},"value"]},{"$i":"days-until-long","$v":{"zero":"ഇന്ന്","one":"നാളെ","two":[{"t":"idOrVar","v":"value"}," ദിവസങ്ങളിൽ"],"few":[{"t":"idOrVar","v":"value"}," ദിവസങ്ങളിൽ"],"many":[{"t":"idOrVar","v":"value"}," ദിവസങ്ങളിൽ"],"other":[{"t":"idOrVar","v":"value"}," ദിവസങ്ങളിൽ"]},"$x":[{"t":"idOrVar","v":"plural"},"value"]},{"$i":"weeks-until-long","$v":{"zero":"ഈ ആഴ്ച","one":"അടുത്ത ആഴ്ച","two":[{"t":"idOrVar","v":"value"}," ആഴ്ചകളിൽ"],"few":[{"t":"idOrVar","v":"value"}," ആഴ്ചകളിൽ"],"many":[{"t":"idOrVar","v":"value"}," ആഴ്ചകളിൽ"],"other":[{"t":"idOrVar","v":"value"}," ആഴ്ചകളിൽ"]},"$x":[{"t":"idOrVar","v":"plural"},"value"]},{"$i":"months-until-long","$v":{"zero":"ഈ മാസം","one":"അടുത്ത മാസം","two":[{"t":"idOrVar","v":"value"}," മാസങ്ങളിൽ"],"few":[{"t":"idOrVar","v":"value"}," മാസങ്ങളിൽ"],"many":[{"t":"idOrVar","v":"value"}," മാസങ്ങളിൽ"],"other":[{"t":"idOrVar","v":"value"}," മാസങ്ങളിൽ"]},"$x":[{"t":"idOrVar","v":"plural"},"value"]},{"$i":"years-until-long","$v":{"zero":"ഈ വർഷം","one":"അടുത്ത വർഷം","two":[{"t":"idOrVar","v":"value"}," വർഷങ്ങളിൽ"],"few":[{"t":"idOrVar","v":"value"}," വർഷങ്ങളിൽ"],"many":[{"t":"idOrVar","v":"value"}," വർഷങ്ങളിൽ"],"other":[{"t":"idOrVar","v":"value"}," വർഷങ്ങളിൽ"]},"$x":[{"t":"idOrVar","v":"plural"},"value"]},{"$i":"minutes-ago-short","$v":{"zero":"ഇപ്പോൾ തന്നെ","other":[{"t":"idOrVar","v":"value"}," മിനിറ്റ്  മുമ്പ്"]},"$x":[{"t":"idOrVar","v":"plural"},"value"]},{"$i":"hours-ago-short","$v":{"zero":"ഇപ്പോൾ തന്നെ","other":[{"t":"idOrVar","v":"value"}," മണിക്കൂറുകള്‍ക്ക്  മുമ്പ്"]},"$x":[{"t":"idOrVar","v":"plural"},"value"]},{"$i":"days-ago-short","$v":{"zero":"ഇന്ന്","other":[{"t":"idOrVar","v":"value"}," ദിവസങ്ങള്‍ക്ക്  മുമ്പ്"]},"$x":[{"t":"idOrVar","v":"plural"},"value"]},{"$i":"minutes-until-short","$v":{"zero":"ഇപ്പോൾ","other":[{"t":"idOrVar","v":"value"},"മിനിറ്റില്‍"]},"$x":[{"t":"idOrVar","v":"plural"},"value"]},{"$i":"hours-until-short","$v":{"zero":"ഇപ്പോൾ","other":[{"t":"idOrVar","v":"value"},"മണിക്കൂറില്‍"]},"$x":[{"t":"idOrVar","v":"plural"},"value"]},{"$i":"days-until-short","$v":{"zero":"ഇന്ന്","other":[{"t":"idOrVar","v":"value"},"ദിവസത്തില്‍"]},"$x":[{"t":"idOrVar","v":"plural"},"value"]},{"$i":"incorrectDate","$v":"(തെറ്റായ തീയ്യതി)"},{"$i":"dateTimeFormat_%c","$v":"%a %b %e %Y %I:%M:%S %p"},{"$i":"dateTimeFormat_%x","$v":"%m/%d/%Y"},{"$i":"dateTimeFormat_%X","$v":"%I:%M:%S %p"},{"$i":"shortTimeFormat","$v":"%I:%M %p"},{"$i":"shortTimeFormat12","$v":"%I:%M %p"},{"$i":"shortTimeFormat24","$v":"%H:%M"},{"$i":"shortDateTimeFormat","$v":"%x %I:%M %p"},{"$i":"weekStartsOnMonday","$v":"0"},{"$i":"firstDayOfTheWeek","$v":"0"},{"$i":"time_am","$v":"AM"},{"$i":"time_pm","$v":"PM"},{"$i":"softkey-options","$v":"ഓപ്ഷന്‍"}]