[{"$i":"back","$v":"মনিং হল্লু"},{"$i":"save","$v":"সেব তৌ"},{"$i":"hide","$v":"লোৎলু"},{"$i":"cancel","$v":"ককথৎলু"},{"$i":"confirm","$v":"চুম্লব্রা য়েংউ"},{"$i":"done","$v":"তৌরে"},{"$i":"events","$v":"থৌদোকশীং হন্না নিংশিংবা"},{"$i":"edit","$v":"ইদিত তৌ"},{"$i":"allday-events","$v":"নুমিৎ-চুপ্পগী থৌদোকশীং হন্না নিংশিংহনবা"},{"$i":"no-events","$v":"থৌদোকশীং থোক্তে"},{"$i":"default","$v":"দিফাওল্ট"},{"$i":"sync","$v":"সিঙ্ক তৌ"},{"$i":"show-today","$v":"ঙসি"},{"$i":"show-month-view","$v":"থা"},{"$i":"show-week-view","$v":"চয়োল"},{"$i":"show-day-view","$v":"নুংথিল"},{"$i":"settings-show","$v":"সেটিংশিং"},{"$i":"settings-hide","$v":"সেটিংশীং লোৎলু"},{"$i":"add-account","$v":"একাউন্ট অমা হাপচিল্লু"},{"$i":"new-event","$v":"থৌদোক হাপচিল্লু"},{"$i":"view-event-header","$v":"থৌদোক্কি অকুপ্পা ৱারোল"},{"$i":"new-event-header","$v":"থৌদোক হাপচিল্লু"},{"$i":"edit-event-header","$v":"থৌদোক এদিত তৌ"},{"$i":"account-header","$v":"একাউন্ট"},{"$i":"account-list-header","$v":"একাউন্টশিং"},{"$i":"advanced-settings-short-icon-button","ariaLabel":"সেটিংশিং"},{"$i":"advanced-settings-header","$v":"কেলেন্দর সেটিংশীং"},{"$i":"advanced-settings-personalization","$v":"ফ্রীক্বেন্সি অপদেত তৌ"},{"$i":"advanced-settings-reminders","$v":"নিংশিংহনবা"},{"$i":"advanced-settings-add-account","$v":"একাওন্ট হাপচিল্লু"},{"$i":"field-user","$v":"য়ুজরনেম"},{"$i":"field-password","$v":"পাসৱর্ড"},{"$i":"show-password","$v":"পাসৱার্দ উহল্লু"},{"$i":"field-full-url","$v":"URL"},{"$i":"modify-account-setting-up","$v":"নহাক্কি একাওন্ট সেট অপ তৌরিঙৈদা ঙাইবিয়ু"},{"$i":"modify-account-unable-to-sync","$v":"সিঙ্ক তৌবা ঙমদ্রে"},{"$i":"modify-account-sign-in","$v":"কমপ্যুটরদা চংশিনবা"},{"$i":"tcl-caldav","$v":"কেলদেভ"},{"$i":"tcl-yahoo","$v":"য়াহু!"},{"$i":"tcl-google","$v":"গুগল"},{"$i":"preset-mozilla","$v":"মোজিল্লা জিম্ব্রা"},{"$i":"calendar-local","$v":"ফোন কেলেন্দর"},{"$i":"event-title","$v":"মিংথোল"},{"$i":"event-location","$v":"লৈফম"},{"$i":"event-description","$v":"নোটশিং"},{"$i":"event-is-allday","$v":"নুমিৎ-চুপ্পগী থৌদোক"},{"$i":"event-start-date","$v":"হৌবা তাং"},{"$i":"event-end-date","$v":"অরোইবা তাং"},{"$i":"event-start-time","$v":"হৌবা মতম"},{"$i":"event-end-time","$v":"অরোইবা মতম"},{"$i":"event-delete","$v":"থৌদোক মুথৎলু"},{"$i":"remove-account-data","$v":"কেলেন্দর একাওন্ট লৌথোকউ"},{"$i":"remove-account-dialog","$v":"একাউন্ট লৌথোকউ"},{"$i":"remove-account-dialog-details","$v":["নহাক্কি দিভাইসতগী \"",{"t":"idOrVar","v":"email"},"\" লৌথোকউ?"]},{"$i":"remove","$v":"লৌথোকপা"},{"$i":"drawer-sync-icon-button","ariaLabel":"সিঙ্ক তৌ"},{"$i":"sync-progress-syncing","ariaValueText":"সিঙ্ক তৌরি"},{"$i":"sync-progress-complete","ariaValueText":"সিঙ্ক তৌবা মপুং ফারে"},{"$i":"sync-frequency","$v":"সিঙ্ক কেলেন্দর"},{"$i":"sync-frequency-15min","$v":"মিনিত 15 খুদিংগী"},{"$i":"sync-frequency-30min","$v":"মিনিত 30 খুদিংগী"},{"$i":"sync-frequency-manual","$v":"খুৎনা ওইনা"},{"$i":"one-day-duration-title","$v":[{"t":"idOrVar","v":"startDate"}]},{"$i":"one-day-duration-content","$v":[{"t":"idOrVar","v":"startTime"}," দগী ",{"t":"idOrVar","v":"endTime"}," ফাওবা"]},{"$i":"multiple-day-duration-title","$v":[{"t":"idOrVar","v":"startTime"}," দগী ",{"t":"idOrVar","v":"startDate"}]},{"$i":"multiple-day-duration-content","$v":[{"t":"idOrVar","v":"endTime"}," ",{"t":"idOrVar","v":"endDate"}," দা"]},{"$i":"one-all-day-duration-title","$v":"নুমিৎ চুপ্পা"},{"$i":"one-all-day-duration-content","$v":[{"t":"idOrVar","v":"startDate"}]},{"$i":"multiple-all-day-duration-title","$v":[{"t":"idOrVar","v":"startDate"}," দগী নুমিৎ চুপ্পা"]},{"$i":"multiple-all-day-duration-content","$v":[{"t":"idOrVar","v":"endDate"}," দা"]},{"$i":"none","$v":"করিমত্তা নত্তবা"},{"$i":"reminder","$v":"থৌদোক হন্না নিংশিংবা"},{"$i":"remind-me","$v":"ঐবু নিংশিংহল্লু"},{"$i":"alarm-at-event-standard","$v":"থৌদোক থোকপা মতমদা"},{"$i":"alarm-at-event-allday","$v":"থৌদোক্কি নুমিৎতা"},{"$i":"alarm-start-notice","$v":[{"t":"idOrVar","v":"title"}," হৌরি ",{"t":"idOrVar","v":"distance"}]},{"$i":"alarm-started-notice","$v":[{"t":"idOrVar","v":"title"}," হৌরে ",{"t":"idOrVar","v":"distance"}]},{"$i":"minutes-before","$v":{"zero":"মিনট 0 গী মমাংদা","one":"মিনট 1 গী মমাংদা","two":["মিনট ",{"t":"idOrVar","v":"value"}," হান্না"],"few":["মিনট ",{"t":"idOrVar","v":"value"}," হান্না"],"many":["মিনট ",{"t":"idOrVar","v":"value"}," হান্না"],"other":["মিনট ",{"t":"idOrVar","v":"value"}," হান্না"]},"$x":[{"t":"idOrVar","v":"plural"},"value"]},{"$i":"hours-before","$v":{"zero":"পুং 0 গী মমাংদা","one":"পুং 1 গী মমাংদা","two":["পুং ",{"t":"idOrVar","v":"value"}," হান্না"],"few":["পুং ",{"t":"idOrVar","v":"value"}," হান্না"],"many":["পুং ",{"t":"idOrVar","v":"value"}," হান্না"],"other":["পুং ",{"t":"idOrVar","v":"value"}," হান্না"]},"$x":[{"t":"idOrVar","v":"plural"},"value"]},{"$i":"days-before","$v":{"zero":"নুমিৎ 0 গী মমাংদা","one":"নুমিৎ 1 গী মমাংদা","two":["নুমিৎ ",{"t":"idOrVar","v":"value"}," হান্না"],"few":["নুমিৎ ",{"t":"idOrVar","v":"value"}," হান্না"],"many":["নুমিৎ ",{"t":"idOrVar","v":"value"}," হান্না"],"other":["নুমিৎ ",{"t":"idOrVar","v":"value"}," হান্না"]},"$x":[{"t":"idOrVar","v":"plural"},"value"]},{"$i":"weeks-before","$v":{"zero":"চয়োল 0 গী মমাংদা","one":"চয়োল 1 গী মমাংদা","two":["চয়োল ",{"t":"idOrVar","v":"value"}," হান্না"],"few":["চয়োল ",{"t":"idOrVar","v":"value"}," হান্না"],"many":["চয়োল ",{"t":"idOrVar","v":"value"}," হান্না"],"other":["চয়োল ",{"t":"idOrVar","v":"value"}," হান্না"]},"$x":[{"t":"idOrVar","v":"plural"},"value"]},{"$i":"months-before","$v":{"zero":"থা 0 গী মমাংদা","one":"থা 1 গী মমাংদা","two":["থা ",{"t":"idOrVar","v":"value"}," হান্না"],"few":["থা ",{"t":"idOrVar","v":"value"}," হান্না"],"many":["থা ",{"t":"idOrVar","v":"value"}," হান্না"],"other":["থা ",{"t":"idOrVar","v":"value"}," হান্না"]},"$x":[{"t":"idOrVar","v":"plural"},"value"]},{"$i":"years-before","$v":{"zero":"চহী 0 গী মমাংদা","one":"চহী 1 গী মমাংদা","two":["চহা ",{"t":"idOrVar","v":"value"}," হান্না"],"few":["চহা ",{"t":"idOrVar","v":"value"}," হান্না"],"many":["চহা ",{"t":"idOrVar","v":"value"}," হান্না"],"other":["চহা ",{"t":"idOrVar","v":"value"}," হান্না"]},"$x":[{"t":"idOrVar","v":"plural"},"value"]},{"$i":"minutes-after","$v":{"zero":"মিনট 0 গী মতুংদা","one":"মিনট 1 গী মতুংদা","two":["মিনট ",{"t":"idOrVar","v":"value"}," মতুংদা"],"few":["মিনট ",{"t":"idOrVar","v":"value"}," মতুংদা"],"many":["মিনট ",{"t":"idOrVar","v":"value"}," মতুংদা"],"other":["মিনট ",{"t":"idOrVar","v":"value"}," মতুংদা"]},"$x":[{"t":"idOrVar","v":"plural"},"value"]},{"$i":"hours-after","$v":{"zero":"পুং 0 গী মতুংদা","one":"পুং 1 গী মতুংদা","two":["পুং ",{"t":"idOrVar","v":"value"}," মতুংদা"],"few":["পুং ",{"t":"idOrVar","v":"value"}," মতুংদা"],"many":["পুং ",{"t":"idOrVar","v":"value"}," মতুংদা"],"other":["পুং ",{"t":"idOrVar","v":"value"}," মতুংদা"]},"$x":[{"t":"idOrVar","v":"plural"},"value"]},{"$i":"days-after","$v":{"zero":"নুমিৎ 0 গী মতুংদা","one":"নুমিৎ 1 গী মতুংদা","two":["নুমিৎ ",{"t":"idOrVar","v":"value"}," মতুংদা"],"few":["নুমিৎ ",{"t":"idOrVar","v":"value"}," মতুংদা"],"many":["নুমিৎ ",{"t":"idOrVar","v":"value"}," মতুংদা"],"other":["নুমিৎ ",{"t":"idOrVar","v":"value"}," মতুংদা"]},"$x":[{"t":"idOrVar","v":"plural"},"value"]},{"$i":"weeks-after","$v":{"zero":"চয়োল 0 গী মতুংদা","one":"চয়োল 1 গী মতুংদা","two":["চয়োল ",{"t":"idOrVar","v":"value"}," মতুংদা"],"few":["চয়োল ",{"t":"idOrVar","v":"value"}," মতুংদা"],"many":["চয়োল ",{"t":"idOrVar","v":"value"}," মতুংদা"],"other":["চয়োল ",{"t":"idOrVar","v":"value"}," মতুংদা"]},"$x":[{"t":"idOrVar","v":"plural"},"value"]},{"$i":"months-after","$v":{"zero":"থা 0 গী মতুংদা","one":"থা 1 গী মতুংদা","two":["থা ",{"t":"idOrVar","v":"value"}," মতুংদা"],"few":["থা ",{"t":"idOrVar","v":"value"}," মতুংদা"],"many":["থা ",{"t":"idOrVar","v":"value"}," মতুংদা"],"other":["থা ",{"t":"idOrVar","v":"value"}," মতুংদা"]},"$x":[{"t":"idOrVar","v":"plural"},"value"]},{"$i":"years-after","$v":{"zero":"চহী 0 গী মতুংদা","one":"চহী 1 গী মতুংদা","two":["চহী ",{"t":"idOrVar","v":"value"}," মতুংদা"],"few":["চহী ",{"t":"idOrVar","v":"value"}," মতুংদা"],"many":["চহী ",{"t":"idOrVar","v":"value"}," মতুংদা"],"other":["চহী ",{"t":"idOrVar","v":"value"}," মতুংদা"]},"$x":[{"t":"idOrVar","v":"plural"},"value"]},{"$i":"hour-format12","$v":"%I %p"},{"$i":"hour-format24","$v":"%H"},{"$i":"week-hour-format12","$v":"%I %p"},{"$i":"week-hour-format24","$v":"%H"},{"$i":"hour-allday","$v":"নুমিৎ চুপ্পা"},{"$i":"tcl-week-day","$v":"%a\\n%e"},{"$i":"current-time12","$v":"%I:%M"},{"$i":"current-time24","$v":"%H:%M"},{"$i":"multi-month-view-header-format","$v":"%B %Y"},{"$i":"day-view-header-format","$v":"%A, %b %e"},{"$i":"months-day-view-header-format","$v":"%A, %b %e"},{"$i":"months-day-view-header-format-small","$v":{"$o":"%a <br/> %b, %e"}},{"$i":"week-view-header-format","$v":["চয়োল ",{"t":"idOrVar","v":"value"},", %B %Y"]},{"$i":"longDateFormat","$v":"%A, %B %d, %Y"},{"$i":"longTimeFormat","$v":"%A %B %d"},{"$i":"longTimeFormat12","$v":"%A %B %d %I %p"},{"$i":"longTimeFormat24","$v":"%A %B %d %H পুং"},{"$i":"weekTimeFormat12","$v":"%I %p"},{"$i":"weekTimeFormat24","$v":"%H পুং"},{"$i":"weekDayFormat","$v":"%A the %d"},{"$i":"alldayLongTimeFormat","$v":"%A %B %d নুমিৎ চুপ্পা"},{"$i":"dayHour12","$v":"%I %p"},{"$i":"dayHour24","$v":"%H পুং"},{"$i":"longDateTime12","$v":"%I %p, %a, %d %b, %Y"},{"$i":"longDateTime24","$v":"%H, %a, %d %b, %Y"},{"$i":"upcoming-events","$v":"লাক্কদবা থৌদোকশীং"},{"$i":"search-results","$v":"থিবগী ফলশীং"},{"$i":"no-event-found","$v":"থৌদোকশীং ফংদে"},{"$i":"error-start-date-after-end-date","$v":"থৌদোক অদু মদুগী স্টার্ট তৌবা তাং অদুগী মমাংদা লোইবা য়াদে."},{"$i":"error-start-time-after-end-time","$v":"থৌদোক অদু মদুগী স্টার্ট তৌবা মতম অদুগী মমাংদা লোইবা য়াদে."},{"$i":"error-unauthenticated","$v":"চুমদবা য়ুজর মমিং নত্ত্রগা পাসৱার্দ, হন্না হোৎনবিয়ু."},{"$i":"error-internal-server-error","$v":"সার্ভরদা অরানবা, হন্না হোৎনবিয়ু."},{"$i":"error-unkown","$v":"সার্ভর রেসপোন্সনা মরম ওইদুনা হায়জরকপা পায়খৎপা ঙমদে."},{"$i":"error-default","$v":"করিগুম্বা খরা লাল্লি. মতুংদা অমুক হন্না হোৎনৌ."},{"$i":"error-offline","$v":"ইন্টরনেটতা শম্নবা ঙমদ্রে. নহাক ইন্টরনেট অদু এক্সেস তৌনবা ৱাই-ফাই নত্ত্রগা মোবাইল দাতা শীজিন্নবা য়াই."},{"$i":"error-account-exist","$v":"একাওন্ট অসি হান্নদগী লৈ."},{"$i":"error-edit-online-event","$v":"ইন্টরনেট শম্নবা লৈতবা মরম্না ওনলাইন থৌদোক এদিত তৌবা মায় পাক্তে."},{"$i":"error-delete-online-event","$v":"ইন্টরনেট শম্নবা লৈতবা মরম্না ওনলাইন থৌদোক মুথৎপা মায় পাক্তে."},{"$i":"notification-error-sync-title","$v":"কেলেন্দর সিনক্রোনাইজ তৌবদা অরানবা"},{"$i":"notification-error-sync-description","$v":"পাও অহেনবগী তক থাও"},{"$i":"weekday-0-single-char","$v":"S","ariaLabel":"নোংমাইজিং"},{"$i":"weekday-1-single-char","$v":"M","ariaLabel":"নিংথৌকাবা"},{"$i":"weekday-2-single-char","$v":"T","ariaLabel":"লৈবাকপোকপা"},{"$i":"weekday-3-single-char","$v":"W","ariaLabel":"য়ুমশকৈশ"},{"$i":"weekday-4-single-char","$v":"T","ariaLabel":"শগোলশেল"},{"$i":"weekday-5-single-char","$v":"F","ariaLabel":"ইরাই"},{"$i":"weekday-6-single-char","$v":"S","ariaLabel":"থাংজ"},{"$i":"busy","$v":{"zero":"থৌদোকশীং থোক্তে","one":["থৌদোক ",{"t":"idOrVar","v":"n"}],"two":["থৌদোক",{"t":"idOrVar","v":"n"}],"few":["থৌদোক",{"t":"idOrVar","v":"n"}],"many":["থৌদোক",{"t":"idOrVar","v":"n"}],"other":["থৌদোক",{"t":"idOrVar","v":"n"}]},"$x":[{"t":"idOrVar","v":"plural"},"n"]},{"$i":"present","ariaLabel":"ঙসি"},{"$i":"past-other-month-description","ariaLabel":"অতোপ্পা থা"},{"$i":"future-other-month-description","ariaLabel":"অতোপ্পা থা"},{"$i":"icon-calendar-alarm","ariaLabel":"অলার্ম লৈ"},{"$i":"calendars","ariaLabel":"কেলেন্দরশীং"},{"$i":"multi-day-new-event-link","ariaLabel":"থৌদোক হাপচিল্লু"},{"$i":"title","ariaLabel":"মিংথোল"},{"$i":"location","ariaLabel":"লৈফম"},{"$i":"duration","ariaLabel":"অচংবা মতম"},{"$i":"calendar","ariaLabel":"কেলেণ্ডর"},{"$i":"alarms","ariaLabel":"অলার্মশীং"},{"$i":"description","ariaLabel":"শন্দোক্না তাকপা"},{"$i":"start-date","ariaLabel":"হৌবা তাং"},{"$i":"start-time","ariaLabel":"হৌবা মতম"},{"$i":"end-date","ariaLabel":"অরোইবা তাং"},{"$i":"end-time","ariaLabel":"অরোইবা মতম"},{"$i":"during-progress-loading","ariaValueText":"লোড তৌরি"},{"$i":"all-day","ariaLabel":"নুমিৎ চুপ্পা"},{"$i":"create-event","ariaLabel":"থৌদোক শেম্মু"},{"$i":"create-all-day-event","ariaLabel":"নুমিৎ চুপ্পা পাংথোকপা থৌদোক শেম্মু"},{"$i":"event-one-day-duration","ariaLabel":[{"t":"idOrVar","v":"startTime"}," দী ",{"t":"idOrVar","v":"endTime"}," ফাওবা"]},{"$i":"week-event-one-day-duration","ariaLabel":[{"t":"idOrVar","v":"startDate"}," ",{"t":"idOrVar","v":"startTime"}," দগী ",{"t":"idOrVar","v":"endTime"}," দা"]},{"$i":"event-multiple-day-duration","ariaLabel":[{"t":"idOrVar","v":"startTime"}," ",{"t":"idOrVar","v":"startDate"}," দগী ",{"t":"idOrVar","v":"endTime"}," ",{"t":"idOrVar","v":"endDate"}," দা"]},{"$i":"tcl-event-added","$v":"থৌদোক হাপচিল্লে"},{"$i":"tcl-event-updated","$v":"থৌদোক অপদেত তৌরে"},{"$i":"tcl-event-deleted","$v":"থৌদোক মুথৎলে"},{"$i":"tcl-change-save","$v":"হোংবশীং সেব তৌরে"},{"$i":"tcl-event-calendar","$v":"কেলেণ্ডর"},{"$i":"tcl-single-event","$v":"থৌদোক"},{"$i":"tcl-event-count","$v":"থৌদোকশীং"},{"$i":"tcl-sync-progress-syncing","$v":"সিঙ্ক তৌরি"},{"$i":"tcl-sync-progress-complete","$v":"সিঙ্ক তৌবা মপুং ফারে"},{"$i":"tcl-settings-sounds","$v":"মখোলশীং"},{"$i":"tcl-tones","$v":"তোনশীং"},{"$i":"tcl-multi-events","$v":"থৌদোকশীং"},{"$i":"tcl-confirmation-title","$v":"চুম্মি হায়বা"},{"$i":"tcl-delete-selectedEvent-confirmation","$v":"খল্লবা থৌদোক মুথৎলু?"},{"$i":"tcl-deleteEvent-confirmation","$v":"থৌদোক মুথৎলু?"},{"$i":"tcl-event-search-header","$v":"থিয়ু","placeholder":"থিয়ু"},{"$i":"tcl-event-search-upcoming-events","$v":"লাক্কদবা থৌদোকশীং"},{"$i":"tcl-delete","$v":"মুত্থৎলু"},{"$i":"tcl-cancel","$v":"ককথৎলু"},{"$i":"tcl-dialog-delete-sel","$v":"নহাক খল্লবা থৌদোক মুথৎপা পাম্মি হায়বা নহাক শোয়দ্রব্রা?"},{"$i":"tcl-delete-title","$v":"থৌদোক মুথৎলু"},{"$i":"tcl-save-changes","$v":"অহোংবশীং সেব তৌ?"},{"$i":"tcl-save-message-back","$v":"মেনশিল্লবা দাতা লোইনমক মাংলগনি. নহাক অহোংবশীং সেব তৌবা পাম্ব্রা?"},{"$i":"tcl-save-message-close","$v":"এপ্লিকেশন দাতা মাংবগা লোয়ননা খুমজিনগনি. নহাক অহোংবশীং সেব তৌবা পাম্ব্রা?"},{"$i":"yes","$v":"ফংনীংই"},{"$i":"no","$v":"ফংনীংদে"},{"$i":"confirmation","$v":"চুম্মি হায়বা"},{"$i":"ok","$v":"ওকে"},{"$i":"delete-event","$v":"খল্লবা থৌদোক মুথৎলু?"},{"$i":"tcl-settings-header","$v":"উৎনবা কেলেন্দর"},{"$i":"tcl-syncing","$v":"সিঙ্ক তৌরি..."},{"$i":"tcl-syncing-header","$v":"একাওন্ট সিনক্রোনাইজেসন"},{"$i":"options","$v":"ওপসনশিং"},{"$i":"select","$v":"খল্লু"},{"$i":"add-event","$v":"থৌদোক হাপচিল্লু"},{"$i":"weekly-view","$v":"চয়োলগী ওইনা মত"},{"$i":"day-view","$v":"নুংথিলদা য়েংবদা উবা"},{"$i":"month-view","$v":"থাগী ওইনা য়েংবা"},{"$i":"today","$v":"ঙসি"},{"$i":"go","$v":"তাংদা চৎলু"},{"$i":"search","$v":"থিয়ু"},{"$i":"calendar-to-display","$v":"উৎনবা কেলেন্দর"},{"$i":"settings","$v":"সেটিংশিং"},{"$i":"delete","$v":"মুত্থৎলু"},{"$i":"enter","$v":"Enter"},{"$i":"sync-calendar","$v":"সিঙ্ক কেলেন্দর"},{"$i":"present-description","$v":["ঙসি ",{"t":"idOrVar","v":"weekday"}," the ",{"t":"idOrVar","v":"date"},"শুবা"]},{"$i":"day-description","$v":[{"t":"idOrVar","v":"weekday"}," ",{"t":"idOrVar","v":"date"},"শুবা"]},{"$i":"weekday-5","$v":"ইরাই"},{"$i":"weekday-4","$v":"শগোলশেল"},{"$i":"weekday-3","$v":"য়ুমশকৈশ"},{"$i":"weekday-2","$v":"লৈবাকপোকপা"},{"$i":"weekday-1","$v":"নিংথৌকাবা"},{"$i":"weekday-0","$v":"নোংমাইজিং"},{"$i":"weekday-6","$v":"থাংজ"},{"$i":"no-title","$v":"(টাইটল য়াওদে)"},{"$i":"weekday-0-long","$v":"নোংমাইজিং"},{"$i":"weekday-1-long","$v":"নিংথৌকাবা"},{"$i":"weekday-2-long","$v":"লৈবাকপোকপা"},{"$i":"weekday-3-long","$v":"য়ুমশকৈশ"},{"$i":"weekday-4-long","$v":"শগোলশেল"},{"$i":"weekday-5-long","$v":"ইরাই"},{"$i":"weekday-6-long","$v":"থাংজ"},{"$i":"weekday-0-short","$v":"নুমিৎ"},{"$i":"weekday-1-short","$v":"নিংথৌকাবা"},{"$i":"weekday-2-short","$v":"লৈবাকপোকপা"},{"$i":"weekday-3-short","$v":"য়ুমশকৈশা"},{"$i":"weekday-4-short","$v":"শগোলশেন"},{"$i":"weekday-5-short","$v":"ইরাই"},{"$i":"weekday-6-short","$v":"থাংজ"},{"$i":"month-0-long","$v":"জানুৱারি"},{"$i":"month-1-long","$v":"ফেব্রুৱারি"},{"$i":"month-2-long","$v":"মার্চ"},{"$i":"month-3-long","$v":"এপ্রিল"},{"$i":"month-4-long","$v":"মে"},{"$i":"month-5-long","$v":"জুন"},{"$i":"month-6-long","$v":"জুলাই"},{"$i":"month-7-long","$v":"ওগস্ট"},{"$i":"month-8-long","$v":"সেপ্টেম্বর"},{"$i":"month-9-long","$v":"ওক্তোবর"},{"$i":"month-10-long","$v":"নোবেম্বর"},{"$i":"month-11-long","$v":"দিসেম্বর"},{"$i":"month-0-genitive","$v":"জানুৱারি"},{"$i":"month-1-genitive","$v":"ফেব্রুৱারি"},{"$i":"month-2-genitive","$v":"মার্চ"},{"$i":"month-3-genitive","$v":"এপ্রিল"},{"$i":"month-4-genitive","$v":"মে"},{"$i":"month-5-genitive","$v":"জুন"},{"$i":"month-6-genitive","$v":"জুলাই"},{"$i":"month-7-genitive","$v":"ওগস্ট"},{"$i":"month-8-genitive","$v":"সেপ্টেম্বর"},{"$i":"month-9-genitive","$v":"ওক্তোবর"},{"$i":"month-10-genitive","$v":"নোবেম্বর"},{"$i":"month-11-genitive","$v":"দিসেম্বর"},{"$i":"month-0-short","$v":"জানুৱারি"},{"$i":"month-1-short","$v":"ফেব্রুৱারি"},{"$i":"month-2-short","$v":"মার্চ"},{"$i":"month-3-short","$v":"এপ্রিল"},{"$i":"month-4-short","$v":"মে"},{"$i":"month-5-short","$v":"জুন"},{"$i":"month-6-short","$v":"জুলাই"},{"$i":"month-7-short","$v":"ওগস্ট"},{"$i":"month-8-short","$v":"সেপ্টেম্বর"},{"$i":"month-9-short","$v":"ওক্তোবর"},{"$i":"month-10-short","$v":"নোবেম্বর"},{"$i":"month-11-short","$v":"দিসেম্বর"},{"$i":"minutes-ago-long","$v":{"zero":"হৌজিক্তা","one":"মিনট অমা মমাংদা","two":["মিনট ",{"t":"idOrVar","v":"value"}," মমাংদা"],"few":["মিনট ",{"t":"idOrVar","v":"value"}," মমাংদা"],"many":["মিনট ",{"t":"idOrVar","v":"value"}," মমাংদা"],"other":["মিনট ",{"t":"idOrVar","v":"value"}," মমাংদা"]},"$x":[{"t":"idOrVar","v":"plural"},"value"]},{"$i":"hours-ago-long","$v":{"zero":"হৌজিক্তা","one":"পুং অমা মমাংদা","two":["পুং ",{"t":"idOrVar","v":"value"}," মমাংদা"],"few":["পুং ",{"t":"idOrVar","v":"value"}," মমাংদা"],"many":["পুং ",{"t":"idOrVar","v":"value"}," মমাংদা"],"other":["পুং ",{"t":"idOrVar","v":"value"}," মমাংদা"]},"$x":[{"t":"idOrVar","v":"plural"},"value"]},{"$i":"days-ago-long","$v":{"zero":"ঙসি","one":"ঙরাং","two":["নুমিৎ ",{"t":"idOrVar","v":"value"}," মমাংদা"],"few":["নুমিৎ ",{"t":"idOrVar","v":"value"}," মমাংদা"],"many":["নুমিৎ ",{"t":"idOrVar","v":"value"}," মমাংদা"],"other":["নুমিৎ ",{"t":"idOrVar","v":"value"}," মমাংদা"]},"$x":[{"t":"idOrVar","v":"plural"},"value"]},{"$i":"weeks-ago-long","$v":{"zero":"চয়োল অসি","one":"ইকোন কোনবা চয়োল","two":["চয়োল ",{"t":"idOrVar","v":"value"}," মমাংদা"],"few":["চয়োল ",{"t":"idOrVar","v":"value"}," মমাংদা"],"many":["চয়োল ",{"t":"idOrVar","v":"value"}," মমাংদা"],"other":["চয়োল ",{"t":"idOrVar","v":"value"}," মমাংদা"]},"$x":[{"t":"idOrVar","v":"plural"},"value"]},{"$i":"months-ago-long","$v":{"zero":"থা অসি","one":"ইকোন কোনবা থা","two":["থা ",{"t":"idOrVar","v":"value"}," মামংদা"],"few":["থা ",{"t":"idOrVar","v":"value"}," মামংদা"],"many":["থা ",{"t":"idOrVar","v":"value"}," মামংদা"],"other":["থা ",{"t":"idOrVar","v":"value"}," মামংদা"]},"$x":[{"t":"idOrVar","v":"plural"},"value"]},{"$i":"years-ago-long","$v":{"zero":"চহী অসি","one":"ইকোন কোনবা চহী","two":["চহী ",{"t":"idOrVar","v":"value"}," মমাংদা"],"few":["চহী ",{"t":"idOrVar","v":"value"}," মমাংদা"],"many":["চহী ",{"t":"idOrVar","v":"value"}," মমাংদা"],"other":["চহী ",{"t":"idOrVar","v":"value"}," মমাংদা"]},"$x":[{"t":"idOrVar","v":"plural"},"value"]},{"$i":"minutes-until-long","$v":{"zero":"হৌজিক্তা","one":"মিনট অমদা","two":["মিনট ",{"t":"idOrVar","v":"value"}," দা"],"few":["মিনট ",{"t":"idOrVar","v":"value"}," দা"],"many":["মিনট ",{"t":"idOrVar","v":"value"}," দা"],"other":["মিনট ",{"t":"idOrVar","v":"value"}," দা"]},"$x":[{"t":"idOrVar","v":"plural"},"value"]},{"$i":"hours-until-long","$v":{"zero":"হৌজিক্তা","one":"পুং অমদা","two":["পুং ",{"t":"idOrVar","v":"value"}," দা"],"few":["পুং ",{"t":"idOrVar","v":"value"}," দা"],"many":["পুং ",{"t":"idOrVar","v":"value"}," দা"],"other":["পুং ",{"t":"idOrVar","v":"value"}," দা"]},"$x":[{"t":"idOrVar","v":"plural"},"value"]},{"$i":"days-until-long","$v":{"zero":"ঙসি","one":"হয়েং","two":["নুমিৎ ",{"t":"idOrVar","v":"value"}," তা"],"few":["নুমিৎ ",{"t":"idOrVar","v":"value"}," তা"],"many":["নুমিৎ ",{"t":"idOrVar","v":"value"}," তা"],"other":["নুমিৎ ",{"t":"idOrVar","v":"value"}," তা"]},"$x":[{"t":"idOrVar","v":"plural"},"value"]},{"$i":"weeks-until-long","$v":{"zero":"চয়োল অসি","one":"মথংগী চয়োল","two":["চয়োল ",{"t":"idOrVar","v":"value"}," দা"],"few":["চয়োল ",{"t":"idOrVar","v":"value"}," দা"],"many":["চয়োল ",{"t":"idOrVar","v":"value"}," দা"],"other":["চয়োল ",{"t":"idOrVar","v":"value"}," দা"]},"$x":[{"t":"idOrVar","v":"plural"},"value"]},{"$i":"months-until-long","$v":{"zero":"থা অসি","one":"মথংগী থা","two":["থা ",{"t":"idOrVar","v":"value"}," দা"],"few":["থা ",{"t":"idOrVar","v":"value"}," দা"],"many":["থা ",{"t":"idOrVar","v":"value"}," দা"],"other":["থা ",{"t":"idOrVar","v":"value"}," দা"]},"$x":[{"t":"idOrVar","v":"plural"},"value"]},{"$i":"years-until-long","$v":{"zero":"চহী অসি","one":"মথংগী চহী","two":["চহী ",{"t":"idOrVar","v":"value"}," দা"],"few":["চহী ",{"t":"idOrVar","v":"value"}," দা"],"many":["চহী ",{"t":"idOrVar","v":"value"}," দা"],"other":["চহী ",{"t":"idOrVar","v":"value"}," দা"]},"$x":[{"t":"idOrVar","v":"plural"},"value"]},{"$i":"minutes-ago-short","$v":{"zero":"হৌজিক্তা","other":["থা ",{"t":"idOrVar","v":"value"}," মমাংদা"]},"$x":[{"t":"idOrVar","v":"plural"},"value"]},{"$i":"hours-ago-short","$v":{"zero":"হৌজিক্তা","other":["পুং ",{"t":"idOrVar","v":"value"}," মমাংদা"]},"$x":[{"t":"idOrVar","v":"plural"},"value"]},{"$i":"days-ago-short","$v":{"zero":"ঙসি","other":["নুমিৎ ",{"t":"idOrVar","v":"value"}," মমাংদা"]},"$x":[{"t":"idOrVar","v":"plural"},"value"]},{"$i":"minutes-until-short","$v":{"zero":"হৌজিক্তা","other":["থা ",{"t":"idOrVar","v":"value"}," দা"]},"$x":[{"t":"idOrVar","v":"plural"},"value"]},{"$i":"hours-until-short","$v":{"zero":"হৌজিক্তা","other":["পুং ",{"t":"idOrVar","v":"value"}," দা"]},"$x":[{"t":"idOrVar","v":"plural"},"value"]},{"$i":"days-until-short","$v":{"zero":"ঙসি","other":["নুমিৎ ",{"t":"idOrVar","v":"value"}," তা"]},"$x":[{"t":"idOrVar","v":"plural"},"value"]},{"$i":"incorrectDate","$v":"(চুমদবা তাং)"},{"$i":"dateTimeFormat_%c","$v":"%a %b %e %Y %I:%M:%S %p"},{"$i":"dateTimeFormat_%x","$v":"%m/%d/%Y"},{"$i":"dateTimeFormat_%X","$v":"%I:%M:%S %p"},{"$i":"shortTimeFormat","$v":"%I:%M %p"},{"$i":"shortTimeFormat12","$v":"%I:%M %p"},{"$i":"shortTimeFormat24","$v":"%H:%M"},{"$i":"shortDateTimeFormat","$v":"%x %I:%M %p"},{"$i":"weekStartsOnMonday","$v":"0"},{"$i":"firstDayOfTheWeek","$v":"0"},{"$i":"time_am","$v":"AM"},{"$i":"time_pm","$v":"PM"},{"$i":"softkey-options","$v":"ওপসনশিং"}]