[{"$i":"back","$v":"मागे जा"},{"$i":"save","$v":"जतन करा"},{"$i":"hide","$v":"लपवा"},{"$i":"cancel","$v":"रद्द करा"},{"$i":"confirm","$v":"पुष्टी करा"},{"$i":"done","$v":"पूर्ण झाले"},{"$i":"events","$v":"इवेन्ट रिमाइंडर"},{"$i":"edit","$v":"संपादित करा"},{"$i":"allday-events","$v":"संपूर्ण दिवसातील इवेन्ट रिमाइंडर"},{"$i":"no-events","$v":"कोणताही इवेन्ट नाही"},{"$i":"default","$v":"डिफॉल्ट"},{"$i":"sync","$v":"सिंक"},{"$i":"show-today","$v":"आज"},{"$i":"show-month-view","$v":"महिना"},{"$i":"show-week-view","$v":"आठवडा"},{"$i":"show-day-view","$v":"दिवस"},{"$i":"settings-show","$v":"सेटिंग्स"},{"$i":"settings-hide","$v":"सेटिंग्स लपवा"},{"$i":"add-account","$v":"अकाउन्ट जोडा"},{"$i":"new-event","$v":"इवेन्ट जोडा"},{"$i":"view-event-header","$v":"इवेन्ट तपशील"},{"$i":"new-event-header","$v":"इवेन्ट जोडा"},{"$i":"edit-event-header","$v":"इवेन्ट संपादित करा"},{"$i":"account-header","$v":"अकाउन्ट"},{"$i":"account-list-header","$v":"अकाउन्टस"},{"$i":"advanced-settings-short-icon-button","ariaLabel":"सेटिंग्स"},{"$i":"advanced-settings-header","$v":"इवेन्ट"},{"$i":"advanced-settings-personalization","$v":"अपडेची फ्रिक्वेन्सी"},{"$i":"advanced-settings-reminders","$v":"रिमाइंडर"},{"$i":"advanced-settings-add-account","$v":"अकाउन्ट जोडा"},{"$i":"field-user","$v":"यूजर नाव"},{"$i":"field-password","$v":"पासवर्ड"},{"$i":"show-password","$v":"पासवर्ड दाखवा"},{"$i":"field-full-url","$v":"URL"},{"$i":"modify-account-setting-up","$v":"आपले अकाउन्ट सेट होई पर्यंत कृपया प्रतीक्षा करा"},{"$i":"modify-account-unable-to-sync","$v":"सिंक करण्यास असमर्थ"},{"$i":"modify-account-sign-in","$v":"साइन इन"},{"$i":"tcl-caldav","$v":"CalDav"},{"$i":"tcl-yahoo","$v":"याहू!"},{"$i":"tcl-google","$v":"गुगल"},{"$i":"preset-mozilla","$v":"Mozilla Zimbra"},{"$i":"calendar-local","$v":"फोन कॅलेन्डर"},{"$i":"event-title","$v":"शीर्षक"},{"$i":"event-location","$v":"स्थान"},{"$i":"event-description","$v":"नोट"},{"$i":"event-is-allday","$v":"संपूर्ण दिवसातील इवेन्ट"},{"$i":"event-start-date","$v":"सुरुवातीची तारीख"},{"$i":"event-end-date","$v":"समाप्ती तारीख"},{"$i":"event-start-time","$v":"सुरवात वेळ"},{"$i":"event-end-time","$v":"समाप्ती वेळ"},{"$i":"event-delete","$v":"इवेन्ट हटवा"},{"$i":"remove-account-data","$v":"कॅलेन्डर अकाउन्ट हटवा"},{"$i":"remove-account-dialog","$v":"अकाउन्ट हटवा"},{"$i":"remove-account-dialog-details","$v":["तुमच्या डिवाइस मधून \"",{"t":"idOrVar","v":"email"},"\" हटवायचे आहे का?"]},{"$i":"remove","$v":"हटवा"},{"$i":"drawer-sync-icon-button","ariaLabel":"सिंक"},{"$i":"sync-progress-syncing","ariaValueText":"सिंक होत आहे."},{"$i":"sync-progress-complete","ariaValueText":"सिंक पुर्ण झाले"},{"$i":"sync-frequency","$v":"कॅलेन्डर सिंक करा"},{"$i":"sync-frequency-15min","$v":"दर 15 मिनिटांनी"},{"$i":"sync-frequency-30min","$v":"दर 30 मिनिटांनी"},{"$i":"sync-frequency-manual","$v":"मॅन्युअल रूपात"},{"$i":"one-day-duration-title","$v":[{"t":"idOrVar","v":"startDate"}]},{"$i":"one-day-duration-content","$v":[{"t":"idOrVar","v":"startTime"}," पासून ",{"t":"idOrVar","v":"endTime"},"पर्यंत"]},{"$i":"multiple-day-duration-title","$v":[{"t":"idOrVar","v":"startTime"}," ",{"t":"idOrVar","v":"startDate"}," पासून"]},{"$i":"multiple-day-duration-content","$v":[{"t":"idOrVar","v":"endTime"}," ",{"t":"idOrVar","v":"endDate"}," पर्यंत"]},{"$i":"one-all-day-duration-title","$v":"संपूर्ण दिवस"},{"$i":"one-all-day-duration-content","$v":[{"t":"idOrVar","v":"startDate"}]},{"$i":"multiple-all-day-duration-title","$v":[{"t":"idOrVar","v":"startDate"}," पासून संपूर्ण दिवस"]},{"$i":"multiple-all-day-duration-content","$v":[{"t":"idOrVar","v":"endDate"}," पर्यंत"]},{"$i":"none","$v":"काहीही नाही"},{"$i":"reminder","$v":"इवेन्ट रिमाइंडर"},{"$i":"remind-me","$v":"मला रिमाइंड करा"},{"$i":"alarm-at-event-standard","$v":"इवेन्टच्‍या वेळी"},{"$i":"alarm-at-event-allday","$v":"इवेन्टचे दिवस"},{"$i":"alarm-start-notice","$v":[{"t":"idOrVar","v":"title"}," सुरवात होत आहे ",{"t":"idOrVar","v":"distance"}]},{"$i":"alarm-started-notice","$v":[{"t":"idOrVar","v":"title"}," सुरवात",{"t":"idOrVar","v":"distance"}]},{"$i":"minutes-before","$v":{"zero":"0 मिनिटा पूर्वी","one":"1 मिनिटा पूर्वी","two":[{"t":"idOrVar","v":"value"}," मिनिटे पूर्वी"],"few":[{"t":"idOrVar","v":"value"}," मिनिटे पूर्वी"],"many":[{"t":"idOrVar","v":"value"}," मिनिटे पूर्वी"],"other":[{"t":"idOrVar","v":"value"}," मिनिटे पूर्वी"]},"$x":[{"t":"idOrVar","v":"plural"},"value"]},{"$i":"hours-before","$v":{"zero":"0 तासा पूर्वी","one":"1 तासा नंतर","two":[{"t":"idOrVar","v":"value"}," तासा पूर्वी"],"few":[{"t":"idOrVar","v":"value"}," तासा पूर्वी"],"many":[{"t":"idOrVar","v":"value"}," तासा पूर्वी"],"other":[{"t":"idOrVar","v":"value"}," तासा पूर्वी"]},"$x":[{"t":"idOrVar","v":"plural"},"value"]},{"$i":"days-before","$v":{"zero":"0 दिवसा पूर्वी","one":"1 दिवसा पूर्वी","two":[{"t":"idOrVar","v":"value"}," दिवसा पूर्वी"],"few":[{"t":"idOrVar","v":"value"}," दिवसा पूर्वी"],"many":[{"t":"idOrVar","v":"value"}," दिवसा पूर्वी"],"other":[{"t":"idOrVar","v":"value"}," दिवसा पूर्वी"]},"$x":[{"t":"idOrVar","v":"plural"},"value"]},{"$i":"weeks-before","$v":{"zero":"0 आठवड्या पूर्वी","one":"1 आठवड्या पूर्वी","two":[{"t":"idOrVar","v":"value"}," आठवडया पूर्वी"],"few":[{"t":"idOrVar","v":"value"}," आठवडया पूर्वी"],"many":[{"t":"idOrVar","v":"value"}," आठवडया पूर्वी"],"other":[{"t":"idOrVar","v":"value"}," आठवडया पूर्वी"]},"$x":[{"t":"idOrVar","v":"plural"},"value"]},{"$i":"months-before","$v":{"zero":"0 मिनटा पूर्वी","one":"1 महिन्या पूर्वी","two":[{"t":"idOrVar","v":"value"}," महिन्‍या पूर्वी"],"few":[{"t":"idOrVar","v":"value"}," महिन्‍या पूर्वी"],"many":[{"t":"idOrVar","v":"value"}," महिन्‍या पूर्वी"],"other":[{"t":"idOrVar","v":"value"}," महिन्‍या पूर्वी"]},"$x":[{"t":"idOrVar","v":"plural"},"value"]},{"$i":"years-before","$v":{"zero":"0 वर्ष पूर्वी","one":"1 वर्षा पूर्वी","two":[{"t":"idOrVar","v":"value"},"  वर्षां पूर्वी"],"few":[{"t":"idOrVar","v":"value"},"  वर्षां पूर्वी"],"many":[{"t":"idOrVar","v":"value"},"  वर्षां पूर्वी"],"other":[{"t":"idOrVar","v":"value"},"  वर्षां पूर्वी"]},"$x":[{"t":"idOrVar","v":"plural"},"value"]},{"$i":"minutes-after","$v":{"zero":"0 मिनिटा नंतर","one":"1 मिनिटा नंतर","two":[{"t":"idOrVar","v":"value"}," मिनिटा नंतर"],"few":[{"t":"idOrVar","v":"value"}," मिनिटा नंतर"],"many":[{"t":"idOrVar","v":"value"}," मिनिटा नंतर"],"other":[{"t":"idOrVar","v":"value"}," मिनिटा नंतर"]},"$x":[{"t":"idOrVar","v":"plural"},"value"]},{"$i":"hours-after","$v":{"zero":"तासा नंतर","one":"1 तासा नंतर","two":[{"t":"idOrVar","v":"value"}," तासा नंतर"],"few":[{"t":"idOrVar","v":"value"}," तासा नंतर"],"many":[{"t":"idOrVar","v":"value"}," तासा नंतर"],"other":[{"t":"idOrVar","v":"value"}," तासा नंतर"]},"$x":[{"t":"idOrVar","v":"plural"},"value"]},{"$i":"days-after","$v":{"zero":"0 दिवसा नंतर","one":"1 दिवसा नंतर","two":["यानंतरचे ",{"t":"idOrVar","v":"value"}," दिवसा नंतर"],"few":["यानंतरचे ",{"t":"idOrVar","v":"value"}," दिवसा नंतर"],"many":["यानंतरचे ",{"t":"idOrVar","v":"value"}," दिवसा नंतर"],"other":["यानंतरचे ",{"t":"idOrVar","v":"value"}," दिवसा नंतर"]},"$x":[{"t":"idOrVar","v":"plural"},"value"]},{"$i":"weeks-after","$v":{"zero":"0 आठवड्या नंतर","one":"1 आठवड्या नंतर","two":[{"t":"idOrVar","v":"value"}," आठवडया नंतर"],"few":[{"t":"idOrVar","v":"value"}," आठवडया नंतर"],"many":[{"t":"idOrVar","v":"value"}," आठवडया नंतर"],"other":[{"t":"idOrVar","v":"value"}," आठवडया नंतर"]},"$x":[{"t":"idOrVar","v":"plural"},"value"]},{"$i":"months-after","$v":{"zero":"0 मिनटा नंतर","one":"1 महिन्या नंतर","two":[{"t":"idOrVar","v":"value"}," महिन्‍या नंतर"],"few":[{"t":"idOrVar","v":"value"}," महिन्‍या नंतर"],"many":[{"t":"idOrVar","v":"value"}," महिन्‍या नंतर"],"other":[{"t":"idOrVar","v":"value"}," महिन्‍या नंतर"]},"$x":[{"t":"idOrVar","v":"plural"},"value"]},{"$i":"years-after","$v":{"zero":"0 वर्ष नंतर","one":"1 वर्षा नंतर","two":[{"t":"idOrVar","v":"value"},"  वर्षां नंतर"],"few":[{"t":"idOrVar","v":"value"},"  वर्षां नंतर"],"many":[{"t":"idOrVar","v":"value"},"  वर्षां नंतर"],"other":[{"t":"idOrVar","v":"value"},"  वर्षां नंतर"]},"$x":[{"t":"idOrVar","v":"plural"},"value"]},{"$i":"hour-format12","$v":"%I %p"},{"$i":"hour-format24","$v":"%H"},{"$i":"week-hour-format12","$v":"%I %p"},{"$i":"week-hour-format24","$v":"%H"},{"$i":"hour-allday","$v":"संपूर्ण दिवस"},{"$i":"tcl-week-day","$v":"%a\\n%e"},{"$i":"current-time12","$v":"%I:%M"},{"$i":"current-time24","$v":"%H:%M"},{"$i":"multi-month-view-header-format","$v":"%B %Y"},{"$i":"day-view-header-format","$v":"%A, %b %e"},{"$i":"months-day-view-header-format","$v":"%A, %b %e"},{"$i":"months-day-view-header-format-small","$v":{"$o":"%a <br/> %b, %e"}},{"$i":"week-view-header-format","$v":["आठवडा ",{"t":"idOrVar","v":"value"},", %B %Y"]},{"$i":"longDateFormat","$v":"%A, %B %d, %Y"},{"$i":"longTimeFormat","$v":"%A %B %d"},{"$i":"longTimeFormat12","$v":"%A %B %d %I %p"},{"$i":"longTimeFormat24","$v":"%A %B %d %H वाजता"},{"$i":"weekTimeFormat12","$v":"%I %p"},{"$i":"weekTimeFormat24","$v":"%H वाजता"},{"$i":"weekDayFormat","$v":"%A the %d"},{"$i":"alldayLongTimeFormat","$v":"%A %B %d संपूर्ण दिवस"},{"$i":"dayHour12","$v":"%I %p"},{"$i":"dayHour24","$v":"%H वाजता"},{"$i":"longDateTime12","$v":"%I %p, %a, %d %b, %Y"},{"$i":"longDateTime24","$v":"%H, %a, %d %b, %Y"},{"$i":"upcoming-events","$v":"आगामी इवेन्ट"},{"$i":"search-results","$v":"शोध परिणाम"},{"$i":"no-event-found","$v":"कोणतेही इवेन्ट सापडले नाही"},{"$i":"error-start-date-after-end-date","$v":"इवेन्‍ट त्याच्या प्रारंभ तारखेच्या आधी समाप्ती करू शकत नाही."},{"$i":"error-start-time-after-end-time","$v":"इवेन्‍ट त्याच्या प्रारंभ वेळेच्या आधी समाप्त होऊ शकत नाही."},{"$i":"error-unauthenticated","$v":"यूजर नेम किंवा पासवर्ड चुकीचा आहे, कृपया पुन्हा प्रयत्न करा."},{"$i":"error-internal-server-error","$v":"सर्व्हर त्रुटी, कृपया पुन्हा प्रयत्न करा."},{"$i":"error-unkown","$v":"सर्वर प्रतिसादामुळे विनंती हाताळू शकत नाही."},{"$i":"error-default","$v":"काहीतरी चुकले आहे. नंतर पुन्हा प्रयत्न करा."},{"$i":"error-offline","$v":"इंटरनेटशी कनेक्ट करण्यास असमर्थ. इंटरनेट अॅक्सेस करण्यासाठी आपण WiFi  किंवा मोबाईल डेटाचा वापर करू शकता."},{"$i":"error-account-exist","$v":"हे अकाउन्ट आधीपासून अस्तित्वात आहे."},{"$i":"error-edit-online-event","$v":"कोणतेही इंटरनेट कनेक्शन नसल्यामुळे ऑनलाइन इवेन्ट संपादन करण्यात अपयश."},{"$i":"error-delete-online-event","$v":"कोणतेही इंटरनेट कनेक्शन नसल्यामुळे ऑनलाइन इवेन्ट हटवता आले नाही."},{"$i":"notification-error-sync-title","$v":"कॅलेन्डर सिंक करताना त्रुटी"},{"$i":"notification-error-sync-description","$v":"अधिक माहितीसाठी टॅप करा"},{"$i":"weekday-0-single-char","$v":"S","ariaLabel":"रविवार"},{"$i":"weekday-1-single-char","$v":"M","ariaLabel":"सोमवार"},{"$i":"weekday-2-single-char","$v":"T","ariaLabel":"मंगळवार"},{"$i":"weekday-3-single-char","$v":"W","ariaLabel":"बुधवार"},{"$i":"weekday-4-single-char","$v":"T","ariaLabel":"गुरुवार"},{"$i":"weekday-5-single-char","$v":"F","ariaLabel":"शुक्रवार"},{"$i":"weekday-6-single-char","$v":"S","ariaLabel":"शनिवार"},{"$i":"busy","$v":{"zero":"कोणताही इवेन्ट नाही","one":[{"t":"idOrVar","v":"n"}," इवेन्ट"],"two":[{"t":"idOrVar","v":"n"}," इवेन्ट"],"few":[{"t":"idOrVar","v":"n"}," इवेन्ट"],"many":[{"t":"idOrVar","v":"n"}," इवेन्ट"],"other":[{"t":"idOrVar","v":"n"}," इवेन्ट"]},"$x":[{"t":"idOrVar","v":"plural"},"n"]},{"$i":"present","ariaLabel":"आज"},{"$i":"past-other-month-description","ariaLabel":"अन्य महिने"},{"$i":"future-other-month-description","ariaLabel":"अन्य महिने"},{"$i":"icon-calendar-alarm","ariaLabel":"अलार्म आहे"},{"$i":"calendars","ariaLabel":"कॅलेन्डर"},{"$i":"multi-day-new-event-link","ariaLabel":"इवेन्ट जोडा"},{"$i":"title","ariaLabel":"शीर्षक"},{"$i":"location","ariaLabel":"स्थान"},{"$i":"duration","ariaLabel":"कालावधी"},{"$i":"calendar","ariaLabel":"कॅलेन्डर"},{"$i":"alarms","ariaLabel":"अलार्म"},{"$i":"description","ariaLabel":"वर्णन"},{"$i":"start-date","ariaLabel":"सुरुवातीची तारीख"},{"$i":"start-time","ariaLabel":"सुरवात वेळ"},{"$i":"end-date","ariaLabel":"समाप्ती तारीख"},{"$i":"end-time","ariaLabel":"समाप्ती वेळ"},{"$i":"during-progress-loading","ariaValueText":"लोड होत आहे ..."},{"$i":"all-day","ariaLabel":"संपूर्ण दिवस"},{"$i":"create-event","ariaLabel":"इवेन्ट तयार करा"},{"$i":"create-all-day-event","ariaLabel":"संपूर्ण दिवसाचे इवेन्ट तयार करा"},{"$i":"event-one-day-duration","ariaLabel":[{"t":"idOrVar","v":"startTime"}," पासून ",{"t":"idOrVar","v":"endTime"}," पर्यंत"]},{"$i":"week-event-one-day-duration","ariaLabel":[{"t":"idOrVar","v":"startDate"}," ला ",{"t":"idOrVar","v":"startTime"}," पासून ",{"t":"idOrVar","v":"endTime"}," पर्यंत"]},{"$i":"event-multiple-day-duration","ariaLabel":[{"t":"idOrVar","v":"startTime"}," ",{"t":"idOrVar","v":"startDate"}," पासून ",{"t":"idOrVar","v":"endTime"}," ",{"t":"idOrVar","v":"endDate"}," पर्यंत"]},{"$i":"tcl-event-added","$v":"इवेन्ट जोडले गेले"},{"$i":"tcl-event-updated","$v":"इवेन्ट अपडेट केले गेले"},{"$i":"tcl-event-deleted","$v":"इवेन्ट हटवले गेले"},{"$i":"tcl-change-save","$v":"बदल जतन केले"},{"$i":"tcl-event-calendar","$v":"कॅलेन्डर"},{"$i":"tcl-single-event","$v":"इवेन्ट"},{"$i":"tcl-event-count","$v":"इवेन्टस"},{"$i":"tcl-sync-progress-syncing","$v":"सिंक होत आहे."},{"$i":"tcl-sync-progress-complete","$v":"सिंक पूर्ण झाले आहे"},{"$i":"tcl-settings-sounds","$v":"ध्वनी"},{"$i":"tcl-tones","$v":"टोन"},{"$i":"tcl-multi-events","$v":"इवेन्टस"},{"$i":"tcl-confirmation-title","$v":"पुष्टीकरण"},{"$i":"tcl-delete-selectedEvent-confirmation","$v":"निवडलेले इवेन्ट हटवायचे का?"},{"$i":"tcl-deleteEvent-confirmation","$v":"इवेन्ट हटवा?"},{"$i":"tcl-event-search-header","$v":"शोधा","placeholder":"शोधा"},{"$i":"tcl-event-search-upcoming-events","$v":"आगामी इवेन्ट"},{"$i":"tcl-delete","$v":"हटवा"},{"$i":"tcl-cancel","$v":"रद्द करा"},{"$i":"tcl-dialog-delete-sel","$v":"आपण निवडक इवेन्ट हटवण्‍यास तयार आहात का?"},{"$i":"tcl-delete-title","$v":"इवेन्ट हटवा"},{"$i":"tcl-save-changes","$v":"बदल संचयित करायचे का?"},{"$i":"tcl-save-message-back","$v":"प्रविष्ट केलेला सर्व डेटा गमावला जाईल. आपणास बदल जतन करायचे आहे का?"},{"$i":"tcl-save-message-close","$v":"डेटा हानी बरोबर अॅप्लिकेशन ऑफ होईल. आपणास बदल जतन करायचे आहे का?"},{"$i":"yes","$v":"होय"},{"$i":"no","$v":"नाही"},{"$i":"confirmation","$v":"पुष्टीकरण"},{"$i":"ok","$v":"ठीक आहे"},{"$i":"delete-event","$v":"निवडलेले इवेन्ट हटवायचे का?"},{"$i":"tcl-settings-header","$v":"डिस्प्ले करण्याचे कॅलेंडर"},{"$i":"tcl-syncing","$v":"सिंक होत आहे..."},{"$i":"tcl-syncing-header","$v":"अकाउन्ट सिंक"},{"$i":"options","$v":"पर्याय"},{"$i":"select","$v":"निवडा"},{"$i":"add-event","$v":"इवेन्ट जोडा"},{"$i":"weekly-view","$v":"आठवडा रुपात"},{"$i":"day-view","$v":"तारीख रूपात"},{"$i":"month-view","$v":"महिन्या रूपात"},{"$i":"today","$v":"आज"},{"$i":"go","$v":"तारखेवर जा"},{"$i":"search","$v":"शोधा"},{"$i":"calendar-to-display","$v":"डिस्प्ले करण्याचे कॅलेंडर"},{"$i":"settings","$v":"सेटिंग्स"},{"$i":"delete","$v":"हटवा"},{"$i":"enter","$v":"प्रविष्ट करा"},{"$i":"sync-calendar","$v":"कॅलेन्डर सिंक करा"},{"$i":"present-description","$v":["आज ",{"t":"idOrVar","v":"weekday"}," ",{"t":"idOrVar","v":"date"}]},{"$i":"day-description","$v":[{"t":"idOrVar","v":"weekday"},"  ",{"t":"idOrVar","v":"date"}]},{"$i":"weekday-5","$v":"शुक्रवार"},{"$i":"weekday-4","$v":"गुरुवार"},{"$i":"weekday-3","$v":"बुधवार"},{"$i":"weekday-2","$v":"मंगळवार"},{"$i":"weekday-1","$v":"सोमवार"},{"$i":"weekday-0","$v":"रविवार"},{"$i":"weekday-6","$v":"शनिवार"},{"$i":"no-title","$v":"(कोणतेही शीर्षक नाही)"},{"$i":"weekday-0-long","$v":"रविवार"},{"$i":"weekday-1-long","$v":"सोमवार"},{"$i":"weekday-2-long","$v":"मंगळवार"},{"$i":"weekday-3-long","$v":"बुधवार"},{"$i":"weekday-4-long","$v":"गुरुवार"},{"$i":"weekday-5-long","$v":"शुक्रवार"},{"$i":"weekday-6-long","$v":"शनिवार"},{"$i":"weekday-0-short","$v":"रवि"},{"$i":"weekday-1-short","$v":"सोम"},{"$i":"weekday-2-short","$v":"मंगळ"},{"$i":"weekday-3-short","$v":"बुध"},{"$i":"weekday-4-short","$v":"गुरु"},{"$i":"weekday-5-short","$v":"शुक्र"},{"$i":"weekday-6-short","$v":"शनि"},{"$i":"month-0-long","$v":"जानेवारी"},{"$i":"month-1-long","$v":"फेब्रुवारी"},{"$i":"month-2-long","$v":"मार्च"},{"$i":"month-3-long","$v":"एप्रिल"},{"$i":"month-4-long","$v":"मे"},{"$i":"month-5-long","$v":"जून"},{"$i":"month-6-long","$v":"जुलै"},{"$i":"month-7-long","$v":"ऑगस्ट"},{"$i":"month-8-long","$v":"सप्टेंबर"},{"$i":"month-9-long","$v":"ऑक्टोबर"},{"$i":"month-10-long","$v":"नोव्हेंबर"},{"$i":"month-11-long","$v":"डिसेंबर"},{"$i":"month-0-genitive","$v":"जानेवारी"},{"$i":"month-1-genitive","$v":"फेब्रुवारी"},{"$i":"month-2-genitive","$v":"मार्च"},{"$i":"month-3-genitive","$v":"एप्रिल"},{"$i":"month-4-genitive","$v":"मे"},{"$i":"month-5-genitive","$v":"जून"},{"$i":"month-6-genitive","$v":"जुलै"},{"$i":"month-7-genitive","$v":"ऑगस्ट"},{"$i":"month-8-genitive","$v":"सप्टेंबर"},{"$i":"month-9-genitive","$v":"ऑक्टोबर"},{"$i":"month-10-genitive","$v":"नोव्हेंबर"},{"$i":"month-11-genitive","$v":"डिसेंबर"},{"$i":"month-0-short","$v":"जानेवारी"},{"$i":"month-1-short","$v":"फेब्रुवारी"},{"$i":"month-2-short","$v":"मार्च"},{"$i":"month-3-short","$v":"एप्रिल"},{"$i":"month-4-short","$v":"मे"},{"$i":"month-5-short","$v":"जून"},{"$i":"month-6-short","$v":"जुलै"},{"$i":"month-7-short","$v":"ऑगस्‍ट"},{"$i":"month-8-short","$v":"सप्टेंबर"},{"$i":"month-9-short","$v":"ऑक्टोबर"},{"$i":"month-10-short","$v":"नोव्हेंबर"},{"$i":"month-11-short","$v":"डिसेंबर"},{"$i":"minutes-ago-long","$v":{"zero":"आत्ताच","one":"एक मिनिटापूर्वी","two":[{"t":"idOrVar","v":"value"}," मिनिटा पूर्वी"],"few":[{"t":"idOrVar","v":"value"}," मिनिटा पूर्वी"],"many":[{"t":"idOrVar","v":"value"}," मिनिटा पूर्वी"],"other":[{"t":"idOrVar","v":"value"}," मिनिटा पूर्वी"]},"$x":[{"t":"idOrVar","v":"plural"},"value"]},{"$i":"hours-ago-long","$v":{"zero":"आत्ताच","one":"एका तासापूर्वी","two":[{"t":"idOrVar","v":"value"}," तासा पूर्वी"],"few":[{"t":"idOrVar","v":"value"}," तासा पूर्वी"],"many":[{"t":"idOrVar","v":"value"}," तासा पूर्वी"],"other":[{"t":"idOrVar","v":"value"}," तासा पूर्वी"]},"$x":[{"t":"idOrVar","v":"plural"},"value"]},{"$i":"days-ago-long","$v":{"zero":"आज","one":"काल","two":[{"t":"idOrVar","v":"value"}," दिवसा पूर्वी"],"few":[{"t":"idOrVar","v":"value"}," दिवसा पूर्वी"],"many":[{"t":"idOrVar","v":"value"}," दिवसा पूर्वी"],"other":[{"t":"idOrVar","v":"value"}," दिवसा पूर्वी"]},"$x":[{"t":"idOrVar","v":"plural"},"value"]},{"$i":"weeks-ago-long","$v":{"zero":"हा आठवडा","one":"शेवटचा आठवडा","two":[{"t":"idOrVar","v":"value"}," आठवड्या पूर्वी"],"few":[{"t":"idOrVar","v":"value"}," आठवड्या पूर्वी"],"many":[{"t":"idOrVar","v":"value"}," आठवड्या पूर्वी"],"other":[{"t":"idOrVar","v":"value"}," आठवड्या पूर्वी"]},"$x":[{"t":"idOrVar","v":"plural"},"value"]},{"$i":"months-ago-long","$v":{"zero":"हा महिना","one":"शेवटचा महिना","two":[{"t":"idOrVar","v":"value"}," महिने पूर्वी"],"few":[{"t":"idOrVar","v":"value"}," महिने पूर्वी"],"many":[{"t":"idOrVar","v":"value"}," महिने पूर्वी"],"other":[{"t":"idOrVar","v":"value"}," महिने पूर्वी"]},"$x":[{"t":"idOrVar","v":"plural"},"value"]},{"$i":"years-ago-long","$v":{"zero":"हे वर्ष","one":"शेवटचे वर्ष","two":[{"t":"idOrVar","v":"value"}," वर्षां पूर्वी"],"few":[{"t":"idOrVar","v":"value"}," वर्षां पूर्वी"],"many":[{"t":"idOrVar","v":"value"}," वर्षां पूर्वी"],"other":[{"t":"idOrVar","v":"value"}," वर्षां पूर्वी"]},"$x":[{"t":"idOrVar","v":"plural"},"value"]},{"$i":"minutes-until-long","$v":{"zero":"आत्ता","one":"एका मिनिटा मध्ये","two":[{"t":"idOrVar","v":"value"}," मिनिटा मध्ये"],"few":[{"t":"idOrVar","v":"value"}," मिनिटा मध्ये"],"many":[{"t":"idOrVar","v":"value"}," मिनिटा मध्ये"],"other":[{"t":"idOrVar","v":"value"}," मिनिटा मध्ये"]},"$x":[{"t":"idOrVar","v":"plural"},"value"]},{"$i":"hours-until-long","$v":{"zero":"आत्ता","one":"एका तासा मध्ये","two":[{"t":"idOrVar","v":"value"}," तासा मध्ये"],"few":[{"t":"idOrVar","v":"value"}," तासा मध्ये"],"many":[{"t":"idOrVar","v":"value"}," तासा मध्ये"],"other":[{"t":"idOrVar","v":"value"}," तासा मध्ये"]},"$x":[{"t":"idOrVar","v":"plural"},"value"]},{"$i":"days-until-long","$v":{"zero":"आज","one":"उद्या","two":[{"t":"idOrVar","v":"value"}," दिवसां मध्ये"],"few":[{"t":"idOrVar","v":"value"}," दिवसां मध्ये"],"many":[{"t":"idOrVar","v":"value"}," दिवसां मध्ये"],"other":[{"t":"idOrVar","v":"value"}," दिवसां मध्ये"]},"$x":[{"t":"idOrVar","v":"plural"},"value"]},{"$i":"weeks-until-long","$v":{"zero":"हा आठवडा","one":"पुढील आठवडा","two":[{"t":"idOrVar","v":"value"}," आठवड्यां मध्ये"],"few":[{"t":"idOrVar","v":"value"}," आठवड्यां मध्ये"],"many":[{"t":"idOrVar","v":"value"}," आठवड्यां मध्ये"],"other":[{"t":"idOrVar","v":"value"}," आठवड्यां मध्ये"]},"$x":[{"t":"idOrVar","v":"plural"},"value"]},{"$i":"months-until-long","$v":{"zero":"हा महिना","one":"पुढील महिना","two":[{"t":"idOrVar","v":"value"}," महिन्यां मध्ये"],"few":[{"t":"idOrVar","v":"value"}," महिन्यां मध्ये"],"many":[{"t":"idOrVar","v":"value"}," महिन्यां मध्ये"],"other":[{"t":"idOrVar","v":"value"}," महिन्यां मध्ये"]},"$x":[{"t":"idOrVar","v":"plural"},"value"]},{"$i":"years-until-long","$v":{"zero":"हे वर्ष","one":"पुढील वर्ष","two":[{"t":"idOrVar","v":"value"}," वर्षां मध्ये"],"few":[{"t":"idOrVar","v":"value"}," वर्षां मध्ये"],"many":[{"t":"idOrVar","v":"value"}," वर्षां मध्ये"],"other":[{"t":"idOrVar","v":"value"}," वर्षां मध्ये"]},"$x":[{"t":"idOrVar","v":"plural"},"value"]},{"$i":"minutes-ago-short","$v":{"zero":"आत्ताच","other":[{"t":"idOrVar","v":"value"}," महिन्या पूर्वी"]},"$x":[{"t":"idOrVar","v":"plural"},"value"]},{"$i":"hours-ago-short","$v":{"zero":"आत्ताच","other":[{"t":"idOrVar","v":"value"}," तासा पूर्वी"]},"$x":[{"t":"idOrVar","v":"plural"},"value"]},{"$i":"days-ago-short","$v":{"zero":"आज","other":[{"t":"idOrVar","v":"value"}," दिवसा पूर्वी"]},"$x":[{"t":"idOrVar","v":"plural"},"value"]},{"$i":"minutes-until-short","$v":{"zero":"आत्ता","other":[{"t":"idOrVar","v":"value"},"मिनिटा मध्ये"]},"$x":[{"t":"idOrVar","v":"plural"},"value"]},{"$i":"hours-until-short","$v":{"zero":"आत्ता","other":[{"t":"idOrVar","v":"value"},"तासा मध्ये"]},"$x":[{"t":"idOrVar","v":"plural"},"value"]},{"$i":"days-until-short","$v":{"zero":"आज","other":[{"t":"idOrVar","v":"value"},"दिवसां मध्ये"]},"$x":[{"t":"idOrVar","v":"plural"},"value"]},{"$i":"incorrectDate","$v":"(चुकीची तारीख)"},{"$i":"dateTimeFormat_%c","$v":"%a %b %e %Y %I:%M:%S %p"},{"$i":"dateTimeFormat_%x","$v":"%m/%d/%Y"},{"$i":"dateTimeFormat_%X","$v":"%I:%M:%S %p"},{"$i":"shortTimeFormat","$v":"%I:%M %p"},{"$i":"shortTimeFormat12","$v":"%I:%M %p"},{"$i":"shortTimeFormat24","$v":"%H:%M"},{"$i":"shortDateTimeFormat","$v":"%x %I:%M %p"},{"$i":"weekStartsOnMonday","$v":"0"},{"$i":"firstDayOfTheWeek","$v":"0"},{"$i":"time_am","$v":"AM"},{"$i":"time_pm","$v":"PM"},{"$i":"softkey-options","$v":"पर्याय"}]