[{"$i":"back","$v":"ପଛକୁ ଫେରନ୍ତୁ"},{"$i":"save","$v":"ସେଭ୍ କରନ୍ତୁ"},{"$i":"hide","$v":"ଲୁଚାନ୍ତୁ"},{"$i":"cancel","$v":"ବାତିଲ କରନ୍ତୁ"},{"$i":"confirm","$v":"ନିଶ୍ଚିତ କରନ୍ତୁ"},{"$i":"done","$v":"ସମ୍ପୁର୍ଣ୍ଣ"},{"$i":"events","$v":"ଇଭେଣ୍ଟସ୍ ସ୍ମାରକ"},{"$i":"edit","$v":"ସମ୍ପାଦନ କରନ୍ତୁ"},{"$i":"allday-events","$v":"ସାରା-ଦିନ ଇଭେଣ୍ଟସ୍ ସ୍ମାରକ"},{"$i":"no-events","$v":"କୌଣସି ଇଭେଣ୍ଟସ୍ ନାହିଁ"},{"$i":"default","$v":"ଡିଫଲ୍ଟ"},{"$i":"sync","$v":"ସିଙ୍କ୍"},{"$i":"show-today","$v":"ଆଜି"},{"$i":"show-month-view","$v":"ମାସ"},{"$i":"show-week-view","$v":"ସପ୍ତାହ"},{"$i":"show-day-view","$v":"ଦିନ"},{"$i":"settings-show","$v":"ସେଟିଂସ୍"},{"$i":"settings-hide","$v":"ସେଟିଂସ୍ ଲୁଚାନ୍ତୁ"},{"$i":"add-account","$v":"ଏକ ଆକାଉଣ୍ଟ ଯୋଡ଼ନ୍ତୁ"},{"$i":"new-event","$v":"ଇଭେଣ୍ଟ ଯୋଡ଼ନ୍ତୁ"},{"$i":"view-event-header","$v":"ଇଭେଣ୍ଟ ବିବରଣୀ"},{"$i":"new-event-header","$v":"ଇଭେଣ୍ଟ ଯୋଡ଼ନ୍ତୁ"},{"$i":"edit-event-header","$v":"ଇଭେଣ୍ଟ ସମ୍ପାଦନ କରନ୍ତୁ"},{"$i":"account-header","$v":"ଆକାଉଣ୍ଟ"},{"$i":"account-list-header","$v":"ଆକାଉଣ୍ଟ"},{"$i":"advanced-settings-short-icon-button","ariaLabel":"ସେଟିଂସ୍"},{"$i":"advanced-settings-header","$v":"କ୍ୟାଲେଣ୍ଡର୍ ସେଟିଂସ୍"},{"$i":"advanced-settings-personalization","$v":"ଅପ୍‌ଡେଟ୍ ବାରମ୍ଵାରତା"},{"$i":"advanced-settings-reminders","$v":"ସ୍ମାରକ"},{"$i":"advanced-settings-add-account","$v":"ଆକାଉଣ୍ଟ ଯୋଡ଼ନ୍ତୁ"},{"$i":"field-user","$v":"ୟୁଜର୍‌ନେମ୍"},{"$i":"field-password","$v":"ପାସ୍‌ୱାର୍ଡ୍"},{"$i":"show-password","$v":"ପାସ୍‌ୱାର୍ଡଗୁଡିକ ଦେଖାନ୍ତୁ"},{"$i":"field-full-url","$v":"URL"},{"$i":"modify-account-setting-up","$v":"ଦୟାକରି ଆପଣଙ୍କ ଆକାଉଣ୍ଟ ସେଟ୍‌ ହେବା ସମୟରେ ଅପେକ୍ଷା କରନ୍ତୁ"},{"$i":"modify-account-unable-to-sync","$v":"ସିଙ୍କ୍ କରିବାକୁ ଅସମର୍ଥ"},{"$i":"modify-account-sign-in","$v":"ସାଇନ୍ ଇନ୍"},{"$i":"tcl-caldav","$v":"CalDav"},{"$i":"tcl-yahoo","$v":"ୟାହୁ!"},{"$i":"tcl-google","$v":"ଗୁଗଲ୍"},{"$i":"preset-mozilla","$v":"Mozilla Zimbra"},{"$i":"calendar-local","$v":"ଫୋନ୍ କ୍ୟାଲେଣ୍ଡର୍"},{"$i":"event-title","$v":"ଶୀର୍ଷକ"},{"$i":"event-location","$v":"ଅବସ୍ଥାନ"},{"$i":"event-description","$v":"ନୋଟ୍"},{"$i":"event-is-allday","$v":"ସାରା-ଦିନ ଇଭେଣ୍ଟ"},{"$i":"event-start-date","$v":"ଆରମ୍ଭ ତାରିଖ"},{"$i":"event-end-date","$v":"ସମାପ୍ତି ତାରିଖ"},{"$i":"event-start-time","$v":"ଆରମ୍ଭ ସମୟ"},{"$i":"event-end-time","$v":"ସମାପ୍ତି ସମୟ"},{"$i":"event-delete","$v":"ଇଭେଣ୍ଟ୍ ବିଲୋପ କରନ୍ତୁ"},{"$i":"remove-account-data","$v":"କ୍ୟାଲେଣ୍ଡର୍ ଆକାଉଣ୍ଟ ଅପସାରଣ କରନ୍ତୁ"},{"$i":"remove-account-dialog","$v":"ଆକାଉଣ୍ଟ ଅପସାରଣ କରନ୍ତୁ"},{"$i":"remove-account-dialog-details","$v":["ଆପଣଙ୍କ ଡିଭାଇସରୁ \"",{"t":"idOrVar","v":"email"},"\" ଅପସାରଣ କରିବେ ?"]},{"$i":"remove","$v":"ଅପସାରଣ କରନ୍ତୁ"},{"$i":"drawer-sync-icon-button","ariaLabel":"ସିଙ୍କ୍"},{"$i":"sync-progress-syncing","ariaValueText":"ସିଙ୍କ୍‌ ହେଉଛି"},{"$i":"sync-progress-complete","ariaValueText":"ସିଙ୍କ୍ ସମ୍ପୂର୍ଣ୍ଣ"},{"$i":"sync-frequency","$v":"କ୍ୟାଲେଣ୍ଡର ସିଙ୍କ୍ କରନ୍ତୁ"},{"$i":"sync-frequency-15min","$v":"ପ୍ରତ୍ୟେକ 15 ମିନିଟ୍‌‌ରେ"},{"$i":"sync-frequency-30min","$v":"ପ୍ରତ୍ୟେକ 30 ମିନିଟ୍‌‌ରେ"},{"$i":"sync-frequency-manual","$v":"ମାନୁଆଲ୍ ଭାବେ"},{"$i":"one-day-duration-title","$v":[{"t":"idOrVar","v":"startDate"}]},{"$i":"one-day-duration-content","$v":[{"t":"idOrVar","v":"startTime"}," ରୁ ",{"t":"idOrVar","v":"endTime"}," ପର୍ଯ୍ୟନ୍ତ"]},{"$i":"multiple-day-duration-title","$v":[{"t":"idOrVar","v":"startTime"}," ",{"t":"idOrVar","v":"startDate"}," ଠାରୁ"]},{"$i":"multiple-day-duration-content","$v":[{"t":"idOrVar","v":"endTime"}," ",{"t":"idOrVar","v":"endDate"}," ଯାଏଁ"]},{"$i":"one-all-day-duration-title","$v":"ସମସ୍ତ ଦିନ"},{"$i":"one-all-day-duration-content","$v":[{"t":"idOrVar","v":"startDate"}]},{"$i":"multiple-all-day-duration-title","$v":[{"t":"idOrVar","v":"startDate"}," ରୁ ସମସ୍ତ ଦିନ"]},{"$i":"multiple-all-day-duration-content","$v":[{"t":"idOrVar","v":"endDate"}," ଯାଏଁ"]},{"$i":"none","$v":"କିଛି ନୁହେଁ"},{"$i":"reminder","$v":"ଇଭେଣ୍ଟ ସ୍ମାରକ"},{"$i":"remind-me","$v":"ମୋତେ ମନେପକାଇ ଦିଅନ୍ତୁ"},{"$i":"alarm-at-event-standard","$v":"ଇଭେଣ୍ଟ ସମୟରେ"},{"$i":"alarm-at-event-allday","$v":"ଇଭେଣ୍ଟର ଦିନ"},{"$i":"alarm-start-notice","$v":[{"t":"idOrVar","v":"title"}," ଆରମ୍ଭ ହେଉଛି ",{"t":"idOrVar","v":"distance"}]},{"$i":"alarm-started-notice","$v":[{"t":"idOrVar","v":"title"}," ଆରମ୍ଭ ହୋଇଛି ",{"t":"idOrVar","v":"distance"}]},{"$i":"minutes-before","$v":{"zero":"0 ମିନିଟ୍ ପୂର୍ବରୁ","one":"1 ମିନିଟ୍ ପୂର୍ବରୁ","two":[{"t":"idOrVar","v":"value"}," ମିନିଟ୍ ପୂର୍ବରୁ"],"few":[{"t":"idOrVar","v":"value"}," ମିନିଟ୍ ପୂର୍ବରୁ"],"many":[{"t":"idOrVar","v":"value"}," ମିନିଟ୍ ପୂର୍ବରୁ"],"other":[{"t":"idOrVar","v":"value"}," ମିନିଟ୍ ପୂର୍ବରୁ"]},"$x":[{"t":"idOrVar","v":"plural"},"value"]},{"$i":"hours-before","$v":{"zero":"0 ଘଣ୍ଟା ପୂର୍ବରୁ","one":"1 ଘଣ୍ଟା ପୂର୍ବରୁ","two":[{"t":"idOrVar","v":"value"}," ଘଣ୍ଟା ପୂର୍ବରୁ"],"few":[{"t":"idOrVar","v":"value"}," ଘଣ୍ଟା ପୂର୍ବରୁ"],"many":[{"t":"idOrVar","v":"value"}," ଘଣ୍ଟା ପୂର୍ବରୁ"],"other":[{"t":"idOrVar","v":"value"}," ଘଣ୍ଟା ପୂର୍ବରୁ"]},"$x":[{"t":"idOrVar","v":"plural"},"value"]},{"$i":"days-before","$v":{"zero":"0 ଦିନ ପୂର୍ବରୁ","one":"1 ଦିନ ପୂର୍ବରୁ","two":[{"t":"idOrVar","v":"value"}," ଦିନ ପୂର୍ବରୁ"],"few":[{"t":"idOrVar","v":"value"}," ଦିନ ପୂର୍ବରୁ"],"many":[{"t":"idOrVar","v":"value"}," ଦିନ ପୂର୍ବରୁ"],"other":[{"t":"idOrVar","v":"value"}," ଦିନ ପୂର୍ବରୁ"]},"$x":[{"t":"idOrVar","v":"plural"},"value"]},{"$i":"weeks-before","$v":{"zero":"0 ସପ୍ତାହ ପୂର୍ବରୁ","one":"1 ସପ୍ତାହ ପୂର୍ବରୁ","two":[{"t":"idOrVar","v":"value"}," ସପ୍ତାହ ପୂର୍ବରୁ"],"few":[{"t":"idOrVar","v":"value"}," ସପ୍ତାହ ପୂର୍ବରୁ"],"many":[{"t":"idOrVar","v":"value"}," ସପ୍ତାହ ପୂର୍ବରୁ"],"other":[{"t":"idOrVar","v":"value"}," ସପ୍ତାହ ପୂର୍ବରୁ"]},"$x":[{"t":"idOrVar","v":"plural"},"value"]},{"$i":"months-before","$v":{"zero":"0 ମାସ ପୂର୍ବରୁ","one":"1 ମାସ ପୂର୍ବରୁ","two":[{"t":"idOrVar","v":"value"}," ମାସ ପୂର୍ବରୁ"],"few":[{"t":"idOrVar","v":"value"}," ମାସ ପୂର୍ବରୁ"],"many":[{"t":"idOrVar","v":"value"}," ମାସ ପୂର୍ବରୁ"],"other":[{"t":"idOrVar","v":"value"}," ମାସ ପୂର୍ବରୁ"]},"$x":[{"t":"idOrVar","v":"plural"},"value"]},{"$i":"years-before","$v":{"zero":"0 ବର୍ଷ ପୂର୍ବରୁ","one":"1 ବର୍ଷ ପୂର୍ବରୁ","two":[{"t":"idOrVar","v":"value"}," ବର୍ଷ ପୂର୍ବରୁ"],"few":[{"t":"idOrVar","v":"value"}," ବର୍ଷ ପୂର୍ବରୁ"],"many":[{"t":"idOrVar","v":"value"}," ବର୍ଷ ପୂର୍ବରୁ"],"other":[{"t":"idOrVar","v":"value"}," ବର୍ଷ ପୂର୍ବରୁ"]},"$x":[{"t":"idOrVar","v":"plural"},"value"]},{"$i":"minutes-after","$v":{"zero":"0 ମିନିଟ୍ ପରେ","one":"1 ମିନିଟ୍‌ ପରେ","two":[{"t":"idOrVar","v":"value"}," ମିନିଟ୍ ପରେ"],"few":[{"t":"idOrVar","v":"value"}," ମିନିଟ୍ ପରେ"],"many":[{"t":"idOrVar","v":"value"}," ମିନିଟ୍ ପରେ"],"other":[{"t":"idOrVar","v":"value"}," ମିନିଟ୍ ପରେ"]},"$x":[{"t":"idOrVar","v":"plural"},"value"]},{"$i":"hours-after","$v":{"zero":"0 ଘଣ୍ଟା ପରେ","one":"1 ଘଣ୍ଟା ପରେ","two":[{"t":"idOrVar","v":"value"}," ଘଣ୍ଟା ପରେ"],"few":[{"t":"idOrVar","v":"value"}," ଘଣ୍ଟା ପରେ"],"many":[{"t":"idOrVar","v":"value"}," ଘଣ୍ଟା ପରେ"],"other":[{"t":"idOrVar","v":"value"}," ଘଣ୍ଟା ପରେ"]},"$x":[{"t":"idOrVar","v":"plural"},"value"]},{"$i":"days-after","$v":{"zero":"0 ଦିନ ପରେ","one":"1 ଦିନ ପରେ","two":[{"t":"idOrVar","v":"value"}," ଦିନ ପରେ"],"few":[{"t":"idOrVar","v":"value"}," ଦିନ ପରେ"],"many":[{"t":"idOrVar","v":"value"}," ଦିନ ପରେ"],"other":[{"t":"idOrVar","v":"value"}," ଦିନ ପରେ"]},"$x":[{"t":"idOrVar","v":"plural"},"value"]},{"$i":"weeks-after","$v":{"zero":"0 ସପ୍ତାହ ପରେ","one":"1 ସପ୍ତାହ ପରେ","two":[{"t":"idOrVar","v":"value"}," ସପ୍ତାହ ପରେ"],"few":[{"t":"idOrVar","v":"value"}," ସପ୍ତାହ ପରେ"],"many":[{"t":"idOrVar","v":"value"}," ସପ୍ତାହ ପରେ"],"other":[{"t":"idOrVar","v":"value"}," ସପ୍ତାହ ପରେ"]},"$x":[{"t":"idOrVar","v":"plural"},"value"]},{"$i":"months-after","$v":{"zero":"0 ମାସ ପରେ","one":"1 ମାସ ପରେ","two":[{"t":"idOrVar","v":"value"}," ମାସ ପରେ"],"few":[{"t":"idOrVar","v":"value"}," ମାସ ପରେ"],"many":[{"t":"idOrVar","v":"value"}," ମାସ ପରେ"],"other":[{"t":"idOrVar","v":"value"}," ମାସ ପରେ"]},"$x":[{"t":"idOrVar","v":"plural"},"value"]},{"$i":"years-after","$v":{"zero":"0 ବର୍ଷ ପରେ","one":"1 ବର୍ଷ ପରେ","two":[{"t":"idOrVar","v":"value"}," ବର୍ଷ ପରେ"],"few":[{"t":"idOrVar","v":"value"}," ବର୍ଷ ପରେ"],"many":[{"t":"idOrVar","v":"value"}," ବର୍ଷ ପରେ"],"other":[{"t":"idOrVar","v":"value"}," ବର୍ଷ ପରେ"]},"$x":[{"t":"idOrVar","v":"plural"},"value"]},{"$i":"hour-format12","$v":"%I %p"},{"$i":"hour-format24","$v":"%H"},{"$i":"week-hour-format12","$v":"%I %p"},{"$i":"week-hour-format24","$v":"%H"},{"$i":"hour-allday","$v":"ସମସ୍ତ ଦିନ"},{"$i":"tcl-week-day","$v":"%a\\n%e"},{"$i":"current-time12","$v":"%I:%M"},{"$i":"current-time24","$v":"%H:%M"},{"$i":"multi-month-view-header-format","$v":"%B %Y"},{"$i":"day-view-header-format","$v":"%A, %b %e"},{"$i":"months-day-view-header-format","$v":"%A, %b %e"},{"$i":"months-day-view-header-format-small","$v":{"$o":"%a <br/> %b, %e"}},{"$i":"week-view-header-format","$v":["ସପ୍ତାହ ",{"t":"idOrVar","v":"value"},", %B %Y"]},{"$i":"longDateFormat","$v":"%A, %B %d, %Y"},{"$i":"longTimeFormat","$v":"%A %B %d"},{"$i":"longTimeFormat12","$v":"%A %B %d %I %p"},{"$i":"longTimeFormat24","$v":"%A %B %d %H ଟା  ବାଜିଛି"},{"$i":"weekTimeFormat12","$v":"%I %p"},{"$i":"weekTimeFormat24","$v":"%H ଟା ବାଜିଛି"},{"$i":"weekDayFormat","$v":"%A the %d"},{"$i":"alldayLongTimeFormat","$v":"%A %B %d ସାରା ଦିନ"},{"$i":"dayHour12","$v":"%I %p"},{"$i":"dayHour24","$v":"%H ଟା ବାଜିଛି"},{"$i":"longDateTime12","$v":"%I %p, %a, %d %b, %Y"},{"$i":"longDateTime24","$v":"%H, %a, %d %b, %Y"},{"$i":"upcoming-events","$v":"ଆଗାମୀ ଇଭେଣ୍ଟସ୍"},{"$i":"search-results","$v":"ସନ୍ଧାନ ଫଳାଫଳଗୁଡିକ"},{"$i":"no-event-found","$v":"କୌଣସି ଇଭେଣ୍ଟସ୍ ମିଳିଲା ନାହିଁ"},{"$i":"error-start-date-after-end-date","$v":"ଇଭେଣ୍ଟ ଏହାର ଆରମ୍ଭ ତାରିଖ ପୂର୍ବରୁ ଶେଷ ହେବନାହିଁ |"},{"$i":"error-start-time-after-end-time","$v":"ଇଭେଣ୍ଟ ଏହାର ଆରମ୍ଭ ସମୟ ପୂର୍ବରୁ ଶେଷ ହେବନାହିଁ |"},{"$i":"error-unauthenticated","$v":"ଭୁଲ୍ ୟୁଜର୍‌ନେମ୍ କିମ୍ୱା ପାସ୍‌ୱାର୍ଡ୍, ଦୟାକରି ପୁନଃଚେଷ୍ଟା କରନ୍ତୁ |"},{"$i":"error-internal-server-error","$v":"ସର୍ଭର୍ ତ୍ରୁଟି, ଦୟାକରି ପୁନଃଚେଷ୍ଟା କରନ୍ତୁ |"},{"$i":"error-unkown","$v":"ସର୍ଭର୍ ପ୍ରତିକ୍ରିୟା କାରଣରୁ ଅନୁରୋଧକୁ ହ୍ୟାଣ୍ଡେଲ୍‌ କରିପାରୁ ନାହୁଁ |"},{"$i":"error-default","$v":"କିଛି ଭୁଲ୍‌ ହୋଇଛି। ପରେ ପୁନଃଚେଷ୍ଟା କରନ୍ତୁ |"},{"$i":"error-offline","$v":"ଇଣ୍ଟର୍ନେଟକୁ ସଂଯୋଗ କରିବାକୁ ଅସମର୍ଥ। ଆପଣ ଇଣ୍ଟର୍ନେଟ୍ ଆକସେସ୍ କରିବାକୁ Wi-Fi କିମ୍ୱା ମୋବାଇଲ୍ ଡାଟା ବ୍ୟବହାର କରିପାରିବେ |"},{"$i":"error-account-exist","$v":"ଏହି ଆକାଉଣ୍ଟ ପୂର୍ବରୁ ବିଦ୍ୟମାନ ଅଛି |"},{"$i":"error-edit-online-event","$v":"କୌଣସି ଇଣ୍ଟର୍ନେଟ୍ ସଂଯୋଜନା ନ ଥିବା କାରଣରୁ ଅନ୍‌ଲାଇନ୍ ଇଭେଣ୍ଟ ସମ୍ପାଦନ କରିବାକୁ ବିଫଳ ହୋଇଛି |"},{"$i":"error-delete-online-event","$v":"କୌଣସି ଇଣ୍ଟର୍ନେଟ୍ ସଂଯୋଜନା ନ ଥିବା କାରଣରୁ  ଅନ୍‌ଲାଇନ୍ ଇଭେଣ୍ଟ ବିଲୋପ କରିବାକୁ ବିଫଳ ହୋଇଛି |"},{"$i":"notification-error-sync-title","$v":"କ୍ୟାଲେଣ୍ଡର୍ ସିଙ୍କ୍ ତ୍ରୁଟି"},{"$i":"notification-error-sync-description","$v":"ଅଧିକ ସୂଚନା ପାଇଁ ଟ୍ୟାପ୍ କରନ୍ତୁ"},{"$i":"weekday-0-single-char","$v":"S","ariaLabel":"ରବିବାର"},{"$i":"weekday-1-single-char","$v":"M","ariaLabel":"ସୋମବାର"},{"$i":"weekday-2-single-char","$v":"T","ariaLabel":"ମଙ୍ଗଳବାର"},{"$i":"weekday-3-single-char","$v":"W","ariaLabel":"ବୁଧବାର"},{"$i":"weekday-4-single-char","$v":"T","ariaLabel":"ଗୁରୁବାର"},{"$i":"weekday-5-single-char","$v":"F","ariaLabel":"ଶୁକ୍ରବାର"},{"$i":"weekday-6-single-char","$v":"S","ariaLabel":"ଶନିବାର"},{"$i":"busy","$v":{"zero":"କୌଣସି ଇଭେଣ୍ଟସ୍ ନାହିଁ","one":[{"t":"idOrVar","v":"n"}," ଇଭେଣ୍ଟ"],"two":[{"t":"idOrVar","v":"n"}," ଇଭେଣ୍ଟସ୍"],"few":[{"t":"idOrVar","v":"n"}," ଇଭେଣ୍ଟସ୍"],"many":[{"t":"idOrVar","v":"n"}," ଇଭେଣ୍ଟସ୍"],"other":[{"t":"idOrVar","v":"n"}," ଇଭେଣ୍ଟସ୍"]},"$x":[{"t":"idOrVar","v":"plural"},"n"]},{"$i":"present","ariaLabel":"ଆଜି"},{"$i":"past-other-month-description","ariaLabel":"ଅନ୍ୟ ମାସ"},{"$i":"future-other-month-description","ariaLabel":"ଅନ୍ୟ ମାସ"},{"$i":"icon-calendar-alarm","ariaLabel":"ଆଲାରାମ୍ ଅଛି"},{"$i":"calendars","ariaLabel":"କ୍ୟାଲେଣ୍ଡର"},{"$i":"multi-day-new-event-link","ariaLabel":"ଇଭେଣ୍ଟ ଯୋଡ଼ନ୍ତୁ"},{"$i":"title","ariaLabel":"ଶୀର୍ଷକ"},{"$i":"location","ariaLabel":"ଅବସ୍ଥାନ"},{"$i":"duration","ariaLabel":"ଅବଧି"},{"$i":"calendar","ariaLabel":"କ୍ୟାଲେଣ୍ଡର୍"},{"$i":"alarms","ariaLabel":"ଆଲରାମଗୁଡିକ"},{"$i":"description","ariaLabel":"ବର୍ଣ୍ଣନା"},{"$i":"start-date","ariaLabel":"ଆରମ୍ଭ ତାରିଖ"},{"$i":"start-time","ariaLabel":"ଆରମ୍ଭ ସମୟ"},{"$i":"end-date","ariaLabel":"ସମାପ୍ତି ତାରିଖ"},{"$i":"end-time","ariaLabel":"ସମାପ୍ତି ସମୟ"},{"$i":"during-progress-loading","ariaValueText":"ଲୋଡ୍‌ ହେଉଛି..."},{"$i":"all-day","ariaLabel":"ସମସ୍ତ ଦିନ"},{"$i":"create-event","ariaLabel":"ଇଭେଣ୍ଟ ସୃଷ୍ଟି କରନ୍ତୁ"},{"$i":"create-all-day-event","ariaLabel":"ସମସ୍ତ ଦିନର ଇଭେଣ୍ଟ ସୃଷ୍ଟି କରନ୍ତୁ"},{"$i":"event-one-day-duration","ariaLabel":[{"t":"idOrVar","v":"startTime"},"ରୁ ",{"t":"idOrVar","v":"endTime"}," ପର୍ଯ୍ୟନ୍ତ"]},{"$i":"week-event-one-day-duration","ariaLabel":[{"t":"idOrVar","v":"startDate"}," ",{"t":"idOrVar","v":"startTime"}," ରୁ ",{"t":"idOrVar","v":"endTime"}," ପର୍ଯ୍ୟନ୍ତ"]},{"$i":"event-multiple-day-duration","ariaLabel":[{"t":"idOrVar","v":"startTime"}," ",{"t":"idOrVar","v":"startDate"}," ରୁ ",{"t":"idOrVar","v":"endTime"}," ",{"t":"idOrVar","v":"endDate"}," କୁ"]},{"$i":"tcl-event-added","$v":"ଇଭେଣ୍ଟ ଯୋଡାଯାଇଛି"},{"$i":"tcl-event-updated","$v":"ଇଭେଣ୍ଟ ଅପ୍‌ଡେଟ୍‌ ହୋଇଛି"},{"$i":"tcl-event-deleted","$v":"ଇଭେଣ୍ଟ ବିଲୋପିତ ହୋ‌ଇଛି"},{"$i":"tcl-change-save","$v":"ପରିବର୍ତ୍ତନଗୁଡିକ ସେଭ୍ ହୋଇଛି"},{"$i":"tcl-event-calendar","$v":"କ୍ୟାଲେଣ୍ଡର୍"},{"$i":"tcl-single-event","$v":"ଇଭେଣ୍ଟ"},{"$i":"tcl-event-count","$v":"ଇଭେଣ୍ଟସ୍"},{"$i":"tcl-sync-progress-syncing","$v":"ସିଙ୍କ୍‌ ହେଉଛି"},{"$i":"tcl-sync-progress-complete","$v":"ସିଂକ୍ ସମ୍ପୁର୍ଣ୍ଣ ହୋଇଛି"},{"$i":"tcl-settings-sounds","$v":"ଧ୍ଵନିଗୁଡ଼ିକ"},{"$i":"tcl-tones","$v":"ଟୋନ୍‌ଗୁଡିକ"},{"$i":"tcl-multi-events","$v":"ଇଭେଣ୍ଟସ୍"},{"$i":"tcl-confirmation-title","$v":"ନିଶ୍ଚିତକରଣ"},{"$i":"tcl-delete-selectedEvent-confirmation","$v":"ଚୟନିତ ଇଭେଣ୍ଟ ବିଲୋପ କରିବେ ?"},{"$i":"tcl-deleteEvent-confirmation","$v":"ଇଭେଣ୍ଟସ୍‌ ବିଲୋପ କରିବେ ?"},{"$i":"tcl-event-search-header","$v":"ସନ୍ଧାନ କରନ୍ତୁ","placeholder":"ସନ୍ଧାନ କରନ୍ତୁ"},{"$i":"tcl-event-search-upcoming-events","$v":"ଆଗାମୀ ଇଭେଣ୍ଟସ୍"},{"$i":"tcl-delete","$v":"ବିଲୋପ କରନ୍ତୁ"},{"$i":"tcl-cancel","$v":"ବାତିଲ କରନ୍ତୁ"},{"$i":"tcl-dialog-delete-sel","$v":"ଆପଣ ଚୟନିତ ଇଭେଣ୍ଟ ବିଲୋପ କରିବାକୁ ଚାହାଁନ୍ତି କି ?"},{"$i":"tcl-delete-title","$v":"ଇଭେଣ୍ଟ୍ ବିଲୋପ କରନ୍ତୁ"},{"$i":"tcl-save-changes","$v":"ପରିବର୍ତ୍ତନଗୁଡିକ ସେଭ୍ କରିବେ ?"},{"$i":"tcl-save-message-back","$v":"ସମସ୍ତ ପ୍ରବେଶ କରିଥିବା ଡାଟା ବିଲୁପ୍ତ ହୋଇଯିବ। ଆପଣ ପରିବର୍ତ୍ତନଗୁଡିକ ସେଭ୍ କରିବାକୁ ଚାହାଁନ୍ତି ?"},{"$i":"tcl-save-message-close","$v":"ଡାଟା ବିଲୁପ୍ତ ସହ ଆପ୍ଲିକେସନ୍ ବନ୍ଦ ହେବ। ଆପଣ ପରିବର୍ତ୍ତନଗୁଡିକ ସେଭ୍ କରିବାକୁ ଚାହାଁନ୍ତି ?"},{"$i":"yes","$v":"ହଁ"},{"$i":"no","$v":"ନାହିଁ"},{"$i":"confirmation","$v":"ନିଶ୍ଚିତକରଣ"},{"$i":"ok","$v":"ଓକେ"},{"$i":"delete-event","$v":"ଚୟନିତ ଇଭେଣ୍ଟ ବିଲୋପ କରିବେ ?"},{"$i":"tcl-settings-header","$v":"ପ୍ରଦର୍ଶନ କରିବାକୁ କ୍ୟାଲେଣ୍ଡର"},{"$i":"tcl-syncing","$v":"ସିଙ୍କ୍‌ ହେଉଛି..."},{"$i":"tcl-syncing-header","$v":"ଆକାଉଣ୍ଟ ସିଙ୍କ୍ ହୋ‌ଇଛି"},{"$i":"options","$v":"ବିକଳ୍ପଗୁଡିକ"},{"$i":"select","$v":"ଚୟନ କରନ୍ତୁ"},{"$i":"add-event","$v":"ଇଭେଣ୍ଟ ଯୋଡ଼ନ୍ତୁ"},{"$i":"weekly-view","$v":"ସାପ୍ତାହିକ ରୁପରେ"},{"$i":"day-view","$v":"ଦିନ ରୁପରେ"},{"$i":"month-view","$v":"ମାସିକ ରୁପରେ"},{"$i":"today","$v":"ଆଜି"},{"$i":"go","$v":"ତାରିଖକୁ ଯାଆନ୍ତୁ"},{"$i":"search","$v":"ସନ୍ଧାନ କରନ୍ତୁ"},{"$i":"calendar-to-display","$v":"ପ୍ରଦର୍ଶନ କରିବାକୁ କ୍ୟାଲେଣ୍ଡର"},{"$i":"settings","$v":"ସେଟିଂସ୍"},{"$i":"delete","$v":"ବିଲୋପ କରନ୍ତୁ"},{"$i":"enter","$v":"ପ୍ରବେଶ କରନ୍ତୁ"},{"$i":"sync-calendar","$v":"କ୍ୟାଲେଣ୍ଡର ସିଙ୍କ୍ କରନ୍ତୁ"},{"$i":"present-description","$v":["ଆଜି ",{"t":"idOrVar","v":"weekday"}," ",{"t":"idOrVar","v":"date"}]},{"$i":"day-description","$v":[{"t":"idOrVar","v":"weekday"}," ର ",{"t":"idOrVar","v":"date"}]},{"$i":"weekday-5","$v":"ଶୁକ୍ରବାର"},{"$i":"weekday-4","$v":"ଗୁରୁବାର"},{"$i":"weekday-3","$v":"ବୁଧବାର"},{"$i":"weekday-2","$v":"ମଙ୍ଗଳବାର"},{"$i":"weekday-1","$v":"ସୋମବାର"},{"$i":"weekday-0","$v":"ରବିବାର"},{"$i":"weekday-6","$v":"ଶନିବାର"},{"$i":"no-title","$v":"(କୌଣସି ଶୀର୍ଷକ ନାହିଁ)"},{"$i":"weekday-0-long","$v":"ରବିବାର"},{"$i":"weekday-1-long","$v":"ସୋମବାର"},{"$i":"weekday-2-long","$v":"ମଙ୍ଗଳବାର"},{"$i":"weekday-3-long","$v":"ବୁଧବାର"},{"$i":"weekday-4-long","$v":"ଗୁରୁବାର"},{"$i":"weekday-5-long","$v":"ଶୁକ୍ରବାର"},{"$i":"weekday-6-long","$v":"ଶନିବାର"},{"$i":"weekday-0-short","$v":"ରବି"},{"$i":"weekday-1-short","$v":"ସୋମ"},{"$i":"weekday-2-short","$v":"ମଙ୍ଗଳବାର"},{"$i":"weekday-3-short","$v":"ବୁଧ"},{"$i":"weekday-4-short","$v":"ଗୁରୁବାର"},{"$i":"weekday-5-short","$v":"ଶୁକ୍ର"},{"$i":"weekday-6-short","$v":"ଶନି"},{"$i":"month-0-long","$v":"ଜାନୁଆରୀ"},{"$i":"month-1-long","$v":"ଫେବୃଆରୀ"},{"$i":"month-2-long","$v":"ମାର୍ଚ୍ଚ"},{"$i":"month-3-long","$v":"ଏପ୍ରିଲ୍"},{"$i":"month-4-long","$v":"ମେ"},{"$i":"month-5-long","$v":"ଜୁନ୍"},{"$i":"month-6-long","$v":"ଜୁଲାଇ"},{"$i":"month-7-long","$v":"ଅଗଷ୍ଟ"},{"$i":"month-8-long","$v":"ସେପ୍ଟେମ୍ୱର୍"},{"$i":"month-9-long","$v":"ଅକ୍ଟୋବର"},{"$i":"month-10-long","$v":"ନଭେମ୍ୱର୍"},{"$i":"month-11-long","$v":"ଡିସେମ୍ଵର"},{"$i":"month-0-genitive","$v":"ଜାନୁଆରୀ"},{"$i":"month-1-genitive","$v":"ଫେବୃଆରୀ"},{"$i":"month-2-genitive","$v":"ମାର୍ଚ୍ଚ"},{"$i":"month-3-genitive","$v":"ଏପ୍ରିଲ୍"},{"$i":"month-4-genitive","$v":"ମେ"},{"$i":"month-5-genitive","$v":"ଜୁନ୍"},{"$i":"month-6-genitive","$v":"ଜୁଲାଇ"},{"$i":"month-7-genitive","$v":"ଅଗଷ୍ଟ"},{"$i":"month-8-genitive","$v":"ସେପ୍ଟେମ୍ୱର୍"},{"$i":"month-9-genitive","$v":"ଅକ୍ଟୋବର"},{"$i":"month-10-genitive","$v":"ନଭେମ୍ୱର୍"},{"$i":"month-11-genitive","$v":"ଡିସେମ୍ଵର"},{"$i":"month-0-short","$v":"ଜାନୁଆରୀ"},{"$i":"month-1-short","$v":"ଫେବୃଆରୀ"},{"$i":"month-2-short","$v":"ମାର୍ଚ୍ଚ"},{"$i":"month-3-short","$v":"ଏପ୍ରିଲ୍"},{"$i":"month-4-short","$v":"ମେ"},{"$i":"month-5-short","$v":"ଜୁନ୍"},{"$i":"month-6-short","$v":"ଜୁଲାଇ"},{"$i":"month-7-short","$v":"ଅଗଷ୍ଟ"},{"$i":"month-8-short","$v":"ସେପ୍ଟେମ୍ବର୍‌"},{"$i":"month-9-short","$v":"ଅକ୍ଟୋବର"},{"$i":"month-10-short","$v":"ନଭେମ୍ବର"},{"$i":"month-11-short","$v":"ଡିସେମ୍ବର"},{"$i":"minutes-ago-long","$v":{"zero":"ସାଙ୍ଗେସାଙ୍ଗେ","one":"ଏକ ମିନିଟ୍‌ ପୂର୍ବେ","two":[{"t":"idOrVar","v":"value"}," ମିନିଟ୍ ପୂର୍ବେ"],"few":[{"t":"idOrVar","v":"value"}," ମିନିଟ୍ ପୂର୍ବେ"],"many":[{"t":"idOrVar","v":"value"}," ମିନିଟ୍ ପୂର୍ବେ"],"other":[{"t":"idOrVar","v":"value"}," ମିନିଟ୍ ପୂର୍ବେ"]},"$x":[{"t":"idOrVar","v":"plural"},"value"]},{"$i":"hours-ago-long","$v":{"zero":"ସାଙ୍ଗେସାଙ୍ଗେ","one":"ଏକ ଘଣ୍ଟା ପୂର୍ବେ","two":[{"t":"idOrVar","v":"value"}," ଘଣ୍ଟା ପୂର୍ବେ"],"few":[{"t":"idOrVar","v":"value"}," ଘଣ୍ଟା ପୂର୍ବେ"],"many":[{"t":"idOrVar","v":"value"}," ଘଣ୍ଟା ପୂର୍ବେ"],"other":[{"t":"idOrVar","v":"value"}," ଘଣ୍ଟା ପୂର୍ବେ"]},"$x":[{"t":"idOrVar","v":"plural"},"value"]},{"$i":"days-ago-long","$v":{"zero":"ଆଜି","one":"ଗତକାଲି","two":[{"t":"idOrVar","v":"value"}," ଦିନ ପୂର୍ବେ"],"few":[{"t":"idOrVar","v":"value"}," ଦିନ ପୂର୍ବେ"],"many":[{"t":"idOrVar","v":"value"}," ଦିନ ପୂର୍ବେ"],"other":[{"t":"idOrVar","v":"value"}," ଦିନ ପୂର୍ବେ"]},"$x":[{"t":"idOrVar","v":"plural"},"value"]},{"$i":"weeks-ago-long","$v":{"zero":"ଏହି ସପ୍ତାହ","one":"ଗତ ସପ୍ତାହ","two":[{"t":"idOrVar","v":"value"}," ସପ୍ତାହ ପୂର୍ବେ"],"few":[{"t":"idOrVar","v":"value"}," ସପ୍ତାହ ପୂର୍ବେ"],"many":[{"t":"idOrVar","v":"value"}," ସପ୍ତାହ ପୂର୍ବେ"],"other":[{"t":"idOrVar","v":"value"}," ସପ୍ତାହ ପୂର୍ବେ"]},"$x":[{"t":"idOrVar","v":"plural"},"value"]},{"$i":"months-ago-long","$v":{"zero":"ଏହି ମାସ","one":"ଗତ ମାସ","two":[{"t":"idOrVar","v":"value"}," ମାସ ପୂର୍ବେ"],"few":[{"t":"idOrVar","v":"value"}," ମାସ ପୂର୍ବେ"],"many":[{"t":"idOrVar","v":"value"}," ମାସ ପୂର୍ବେ"],"other":[{"t":"idOrVar","v":"value"}," ମାସ ପୂର୍ବେ"]},"$x":[{"t":"idOrVar","v":"plural"},"value"]},{"$i":"years-ago-long","$v":{"zero":"ଏହି ବର୍ଷ","one":"ଗତ ବର୍ଷ","two":[{"t":"idOrVar","v":"value"}," ବର୍ଷ ପୂର୍ବେ"],"few":[{"t":"idOrVar","v":"value"}," ବର୍ଷ ପୂର୍ବେ"],"many":[{"t":"idOrVar","v":"value"}," ବର୍ଷ ପୂର୍ବେ"],"other":[{"t":"idOrVar","v":"value"}," ବର୍ଷ ପୂର୍ବେ"]},"$x":[{"t":"idOrVar","v":"plural"},"value"]},{"$i":"minutes-until-long","$v":{"zero":"ବର୍ତ୍ତମାନ","one":"ଏକ ମିନିଟ୍‌ ରେ","two":[{"t":"idOrVar","v":"value"}," ମିନିଟ୍‌ରେ"],"few":[{"t":"idOrVar","v":"value"}," ମିନିଟ୍‌ରେ"],"many":[{"t":"idOrVar","v":"value"}," ମିନିଟ୍‌ରେ"],"other":[{"t":"idOrVar","v":"value"}," ମିନିଟ୍‌ରେ"]},"$x":[{"t":"idOrVar","v":"plural"},"value"]},{"$i":"hours-until-long","$v":{"zero":"ବର୍ତ୍ତମାନ","one":"ଏକ ଘଣ୍ଟାରେ","two":[{"t":"idOrVar","v":"value"}," ଘଣ୍ଟାରେ"],"few":[{"t":"idOrVar","v":"value"}," ଘଣ୍ଟାରେ"],"many":[{"t":"idOrVar","v":"value"}," ଘଣ୍ଟାରେ"],"other":[{"t":"idOrVar","v":"value"}," ଘଣ୍ଟାରେ"]},"$x":[{"t":"idOrVar","v":"plural"},"value"]},{"$i":"days-until-long","$v":{"zero":"ଆଜି","one":"ଆସନ୍ତାକାଲି","two":[{"t":"idOrVar","v":"value"}," ଦିନରେ"],"few":[{"t":"idOrVar","v":"value"}," ଦିନରେ"],"many":[{"t":"idOrVar","v":"value"}," ଦିନରେ"],"other":[{"t":"idOrVar","v":"value"}," ଦିନରେ"]},"$x":[{"t":"idOrVar","v":"plural"},"value"]},{"$i":"weeks-until-long","$v":{"zero":"ଏହି ସପ୍ତାହ","one":"ପରବର୍ତ୍ତୀ ସପ୍ତାହ","two":[{"t":"idOrVar","v":"value"}," ସପ୍ତାହରେ"],"few":[{"t":"idOrVar","v":"value"}," ସପ୍ତାହରେ"],"many":[{"t":"idOrVar","v":"value"}," ସପ୍ତାହରେ"],"other":[{"t":"idOrVar","v":"value"}," ସପ୍ତାହରେ"]},"$x":[{"t":"idOrVar","v":"plural"},"value"]},{"$i":"months-until-long","$v":{"zero":"ଏହି ମାସ","one":"ପରବର୍ତ୍ତୀ ମାସ","two":[{"t":"idOrVar","v":"value"}," ମାସରେ"],"few":[{"t":"idOrVar","v":"value"}," ମାସରେ"],"many":[{"t":"idOrVar","v":"value"}," ମାସରେ"],"other":[{"t":"idOrVar","v":"value"}," ମାସରେ"]},"$x":[{"t":"idOrVar","v":"plural"},"value"]},{"$i":"years-until-long","$v":{"zero":"ଏହି ବର୍ଷ","one":"ପରବର୍ତ୍ତୀ ବର୍ଷ","two":[{"t":"idOrVar","v":"value"}," ବର୍ଷରେ"],"few":[{"t":"idOrVar","v":"value"}," ବର୍ଷରେ"],"many":[{"t":"idOrVar","v":"value"}," ବର୍ଷରେ"],"other":[{"t":"idOrVar","v":"value"}," ବର୍ଷରେ"]},"$x":[{"t":"idOrVar","v":"plural"},"value"]},{"$i":"minutes-ago-short","$v":{"zero":"ସାଙ୍ଗେସାଙ୍ଗେ","other":[{"t":"idOrVar","v":"value"},"m ପୂର୍ବେ"]},"$x":[{"t":"idOrVar","v":"plural"},"value"]},{"$i":"hours-ago-short","$v":{"zero":"ସାଙ୍ଗେସାଙ୍ଗେ","other":[{"t":"idOrVar","v":"value"},"h ପୂର୍ବେ"]},"$x":[{"t":"idOrVar","v":"plural"},"value"]},{"$i":"days-ago-short","$v":{"zero":"ଆଜି","other":[{"t":"idOrVar","v":"value"},"d ପୂର୍ବେ"]},"$x":[{"t":"idOrVar","v":"plural"},"value"]},{"$i":"minutes-until-short","$v":{"zero":"ବର୍ତ୍ତମାନ","other":[{"t":"idOrVar","v":"value"}," ମାସରେ"]},"$x":[{"t":"idOrVar","v":"plural"},"value"]},{"$i":"hours-until-short","$v":{"zero":"ବର୍ତ୍ତମାନ","other":[{"t":"idOrVar","v":"value"}," ଘଣ୍ଟାରେ"]},"$x":[{"t":"idOrVar","v":"plural"},"value"]},{"$i":"days-until-short","$v":{"zero":"ଆଜି","other":[{"t":"idOrVar","v":"value"}," ଦିନରେ"]},"$x":[{"t":"idOrVar","v":"plural"},"value"]},{"$i":"incorrectDate","$v":"(ଭୁଲ୍ ତାରିଖ)"},{"$i":"dateTimeFormat_%c","$v":"%a %b %e %Y %I:%M:%S %p"},{"$i":"dateTimeFormat_%x","$v":"%m/%d/%Y"},{"$i":"dateTimeFormat_%X","$v":"%I:%M:%S %p"},{"$i":"shortTimeFormat","$v":"%I:%M %p"},{"$i":"shortTimeFormat12","$v":"%I:%M %p"},{"$i":"shortTimeFormat24","$v":"%H:%M"},{"$i":"shortDateTimeFormat","$v":"%x %I:%M %p"},{"$i":"weekStartsOnMonday","$v":"0"},{"$i":"firstDayOfTheWeek","$v":"0"},{"$i":"time_am","$v":"AM"},{"$i":"time_pm","$v":"PM"},{"$i":"softkey-options","$v":"ବିକଳ୍ପଗୁଡିକ"}]