[{"$i":"back","$v":"ਵਾਪਿਸ ਜਾਓ"},{"$i":"save","$v":"ਸੇਵ ਕਰੋ"},{"$i":"hide","$v":"ਲੁਕਾਓ"},{"$i":"cancel","$v":"ਰੱਦ ਕਰੋ"},{"$i":"confirm","$v":"ਪੁਸ਼ਟੀ ਕਰੋ"},{"$i":"done","$v":"ਪੂਰਾ ਹੋਇਆ"},{"$i":"events","$v":"ਈਵੈਂਟ ਰਿਮਾਈਂਡਰ"},{"$i":"edit","$v":"ਸੰਪਾਦਿਤ ਕਰੋ"},{"$i":"allday-events","$v":"ਸਾਰੇ-ਦਿਨ ਦੇ ਈਵੈਂਟ ਰਿਮਾਈਂਡਰ"},{"$i":"no-events","$v":"ਕੋਈ ਈਵੈਂਟ ਨਹੀਂ"},{"$i":"default","$v":"ਡਿਫੌਲਟ"},{"$i":"sync","$v":"ਸਿੰਕ"},{"$i":"show-today","$v":"ਅੱਜ"},{"$i":"show-month-view","$v":"ਮਹੀਨਾ"},{"$i":"show-week-view","$v":"ਹਫ਼ਤਾ"},{"$i":"show-day-view","$v":"ਦਿਨ"},{"$i":"settings-show","$v":"ਸੈਟਿੰਗਸ"},{"$i":"settings-hide","$v":"ਸੈਟਿੰਗਸ ਲੁਕਾਓ"},{"$i":"add-account","$v":"ਅਕਾਊਂਟ ਜੋੜੋ"},{"$i":"new-event","$v":"ਈਵੈਂਟ ਜੋੜੋ"},{"$i":"view-event-header","$v":"ਈਵੈਂਟ ਦੇ ਵੇਰਵੇ"},{"$i":"new-event-header","$v":"ਈਵੈਂਟ ਜੋੜੋ"},{"$i":"edit-event-header","$v":"ਈਵੈਂਟ ਸੰਪਾਦਿਤ ਕਰੋ"},{"$i":"account-header","$v":"ਅਕਾਊਂਟ"},{"$i":"account-list-header","$v":"ਅਕਾਊਂਟਸ"},{"$i":"advanced-settings-short-icon-button","ariaLabel":"ਸੈਟਿੰਗਸ"},{"$i":"advanced-settings-header","$v":"ਕੈਲੰਡਰ ਸੈਟਿੰਗਸ"},{"$i":"advanced-settings-personalization","$v":"ਅਪਡੇਟ ਕੀਤੀ ਫ੍ਰੀਕਵੇਂਸੀ"},{"$i":"advanced-settings-reminders","$v":"ਰੀਮਾਈਂਡਰ"},{"$i":"advanced-settings-add-account","$v":"ਅਕਾਊਂਟ ਜੋੜੋ"},{"$i":"field-user","$v":"ਯੂਜ਼ਰ ਨੇਮ"},{"$i":"field-password","$v":"ਪਾਸਵਰਡ"},{"$i":"show-password","$v":"ਪਾਸਵਰਡ ਦਿਖਾਓ"},{"$i":"field-full-url","$v":"URL"},{"$i":"modify-account-setting-up","$v":"ਕਿਰਪਾ ਕਰਕੇ ਤੁਹਾਡਾ ਅਕਾਊਂਟ ਸੈੱਟ ਹੋਣ ਤੱਕ ਇੰਤਜਾਰ ਕਰੋ।"},{"$i":"modify-account-unable-to-sync","$v":"ਸਿੰਕ ਕਰਨ ਵਿੱਚ ਅਸਮੱਰਥ"},{"$i":"modify-account-sign-in","$v":"ਸਾਈਨ ਇਨ"},{"$i":"tcl-caldav","$v":"CalDav"},{"$i":"tcl-yahoo","$v":"ਯਾਹੂ !"},{"$i":"tcl-google","$v":"ਗੂਗਲ"},{"$i":"preset-mozilla","$v":"Mozilla Zimbra"},{"$i":"calendar-local","$v":"ਫੋਨ ਕੈਲੰਡਰ"},{"$i":"event-title","$v":"ਸਿਰਲੇਖ"},{"$i":"event-location","$v":"ਲੋਕੇਸ਼ਨ"},{"$i":"event-description","$v":"ਨੋਟ"},{"$i":"event-is-allday","$v":"ਸਾਰੇ-ਦਿਨ ਦੇ ਈਵੈਂਟ"},{"$i":"event-start-date","$v":"ਸ਼ੁਰੂ ਕਰਨ ਦੀ ਮਿਤੀ"},{"$i":"event-end-date","$v":"ਸਮਾਪਤੀ ਮਿਤੀ"},{"$i":"event-start-time","$v":"ਸ਼ੁਰੂ ਕਰਨ ਦਾ ਸਮਾਂ"},{"$i":"event-end-time","$v":"ਸਮਾਪਤੀ ਸਮਾਂ"},{"$i":"event-delete","$v":"ਈਵੈਂਟ ਮਿਟਾਓ"},{"$i":"remove-account-data","$v":"ਕੈਲੰਡਰ ਅਕਾਊਂਟ ਹਟਾਓ"},{"$i":"remove-account-dialog","$v":"ਅਕਾਊਂਟ ਹਟਾਓ"},{"$i":"remove-account-dialog-details","$v":["ਆਪਣੇ ਡਿਵਾਈਸ ਤੋਂ \"",{"t":"idOrVar","v":"email"},"\" ਹਟਾਓ?"]},{"$i":"remove","$v":"ਹਟਾਓ"},{"$i":"drawer-sync-icon-button","ariaLabel":"ਸਿੰਕ"},{"$i":"sync-progress-syncing","ariaValueText":"ਸਿੰਕ ਕਰ ਰਿਹਾ ਹੈ"},{"$i":"sync-progress-complete","ariaValueText":"ਸਿੰਕ ਕਰਨਾ ਪੂਰਾ ਹੋਇਆ"},{"$i":"sync-frequency","$v":"ਕੈਲੰਡਰ ਸਿੰਕ ਕਰੋ"},{"$i":"sync-frequency-15min","$v":"ਹਰ 15 ਮਿੰਟ ਵਿੱਚ"},{"$i":"sync-frequency-30min","$v":"ਹਰ 30 ਮਿੰਟ ਵਿੱਚ"},{"$i":"sync-frequency-manual","$v":"ਮੈਨੂਅਲੀ"},{"$i":"one-day-duration-title","$v":[{"t":"idOrVar","v":"startDate"}]},{"$i":"one-day-duration-content","$v":[{"t":"idOrVar","v":"startTime"}," ਤੋਂ ",{"t":"idOrVar","v":"endTime"}," ਤੱਕ"]},{"$i":"multiple-day-duration-title","$v":[{"t":"idOrVar","v":"startTime"}," ",{"t":"idOrVar","v":"startDate"}," ਤੋਂ"]},{"$i":"multiple-day-duration-content","$v":[{"t":"idOrVar","v":"endTime"}," ",{"t":"idOrVar","v":"endDate"}," ਤੱਕ"]},{"$i":"one-all-day-duration-title","$v":"ਸਾਰੇ ਦਿਨ"},{"$i":"one-all-day-duration-content","$v":[{"t":"idOrVar","v":"startDate"}]},{"$i":"multiple-all-day-duration-title","$v":[{"t":"idOrVar","v":"startDate"}," ਤੋਂ ਸਾਰੇ ਦਿਨ"]},{"$i":"multiple-all-day-duration-content","$v":[{"t":"idOrVar","v":"endDate"}," ਤੱਕ"]},{"$i":"none","$v":"ਕੋਈ ਨਹੀਂ"},{"$i":"reminder","$v":"ਈਵੈਂਟ ਰਿਮਾਈਂਡਰ"},{"$i":"remind-me","$v":"ਮੈਨੂੰ ਯਾਦ ਦਵਾਓ"},{"$i":"alarm-at-event-standard","$v":"ਈਵੈਂਟ ਦੇ ਸਮੇਂ ਤੇ"},{"$i":"alarm-at-event-allday","$v":"ਈਵੈਂਟ ਦੇ ਦਿਨ"},{"$i":"alarm-start-notice","$v":[{"t":"idOrVar","v":"title"}," ਸ਼ੁਰੂ ਹੋ ਰਿਹਾ ਹੈ ",{"t":"idOrVar","v":"distance"}]},{"$i":"alarm-started-notice","$v":[{"t":"idOrVar","v":"title"}," ਸ਼ੁਰੂ ਕਰਨਾ ",{"t":"idOrVar","v":"distance"}," ਸ਼"]},{"$i":"minutes-before","$v":{"zero":"0 ਮਿੰਟ ਪਹਿਲਾਂ","one":"1 ਮਿੰਟ ਪਹਿਲਾਂ","two":[{"t":"idOrVar","v":"value"}," ਮਿੰਟ ਪਹਿਲਾਂ"],"few":[{"t":"idOrVar","v":"value"}," ਮਿੰਟ ਪਹਿਲਾਂ"],"many":[{"t":"idOrVar","v":"value"}," ਮਿੰਟ ਪਹਿਲਾਂ"],"other":[{"t":"idOrVar","v":"value"}," ਮਿੰਟ ਪਹਿਲਾਂ"]},"$x":[{"t":"idOrVar","v":"plural"},"value"]},{"$i":"hours-before","$v":{"zero":"0 ਘੰਟੇ ਪਹਿਲਾਂ","one":"1 ਘੰਟੇ ਪਹਿਲਾਂ","two":[{"t":"idOrVar","v":"value"}," ਘੰਟੇ ਪਹਿਲਾਂ"],"few":[{"t":"idOrVar","v":"value"}," ਘੰਟੇ ਪਹਿਲਾਂ"],"many":[{"t":"idOrVar","v":"value"}," ਘੰਟੇ ਪਹਿਲਾਂ"],"other":[{"t":"idOrVar","v":"value"}," ਘੰਟੇ ਪਹਿਲਾਂ"]},"$x":[{"t":"idOrVar","v":"plural"},"value"]},{"$i":"days-before","$v":{"zero":"0 ਦਿਨ ਪਹਿਲਾਂ","one":"1 ਦਿਨ ਪਹਿਲਾਂ","two":[{"t":"idOrVar","v":"value"}," ਦਿਨ ਪਹਿਲਾਂ"],"few":[{"t":"idOrVar","v":"value"}," ਦਿਨ ਪਹਿਲਾਂ"],"many":[{"t":"idOrVar","v":"value"}," ਦਿਨ ਪਹਿਲਾਂ"],"other":[{"t":"idOrVar","v":"value"}," ਦਿਨ ਪਹਿਲਾਂ"]},"$x":[{"t":"idOrVar","v":"plural"},"value"]},{"$i":"weeks-before","$v":{"zero":"0 ਹਫ਼ਤੇ ਪਹਿਲਾਂ","one":"1 ਹਫ਼ਤੇ ਪਹਿਲਾਂ","two":[{"t":"idOrVar","v":"value"}," ਹਫ਼ਤੇ ਪਹਿਲਾਂ"],"few":[{"t":"idOrVar","v":"value"}," ਹਫ਼ਤੇ ਪਹਿਲਾਂ"],"many":[{"t":"idOrVar","v":"value"}," ਹਫ਼ਤੇ ਪਹਿਲਾਂ"],"other":[{"t":"idOrVar","v":"value"}," ਹਫ਼ਤੇ ਪਹਿਲਾਂ"]},"$x":[{"t":"idOrVar","v":"plural"},"value"]},{"$i":"months-before","$v":{"zero":"0 ਮਹੀਨੇ ਪਹਿਲਾਂ","one":"1 ਮਹੀਨੇ ਪਹਿਲਾਂ","two":[{"t":"idOrVar","v":"value"}," ਮਹੀਨੇ ਪਹਿਲਾਂ"],"few":[{"t":"idOrVar","v":"value"}," ਮਹੀਨੇ ਪਹਿਲਾਂ"],"many":[{"t":"idOrVar","v":"value"}," ਮਹੀਨੇ ਪਹਿਲਾਂ"],"other":[{"t":"idOrVar","v":"value"}," ਮਹੀਨੇ ਪਹਿਲਾਂ"]},"$x":[{"t":"idOrVar","v":"plural"},"value"]},{"$i":"years-before","$v":{"zero":"0 ਸਾਲ ਪਹਿਲਾਂ","one":"1 ਸਾਲ ਪਹਿਲਾਂ","two":[{"t":"idOrVar","v":"value"}," ਸਾਲ ਪਹਿਲਾਂ"],"few":[{"t":"idOrVar","v":"value"}," ਸਾਲ ਪਹਿਲਾਂ"],"many":[{"t":"idOrVar","v":"value"}," ਸਾਲ ਪਹਿਲਾਂ"],"other":[{"t":"idOrVar","v":"value"}," ਸਾਲ ਪਹਿਲਾਂ"]},"$x":[{"t":"idOrVar","v":"plural"},"value"]},{"$i":"minutes-after","$v":{"zero":"0 ਮਿੰਟ ਬਾਅਦ","one":"1 ਮਿੰਟ ਬਾਅਦ","two":[{"t":"idOrVar","v":"value"}," ਮਿੰਟ ਬਾਅਦ"],"few":[{"t":"idOrVar","v":"value"}," ਮਿੰਟ ਬਾਅਦ"],"many":[{"t":"idOrVar","v":"value"}," ਮਿੰਟ ਬਾਅਦ"],"other":[{"t":"idOrVar","v":"value"}," ਮਿੰਟ ਬਾਅਦ"]},"$x":[{"t":"idOrVar","v":"plural"},"value"]},{"$i":"hours-after","$v":{"zero":"0 ਘੰਟੇ ਬਾਅਦ","one":"1 ਘੰਟੇ ਬਾਅਦ","two":[{"t":"idOrVar","v":"value"}," ਘੰਟੇ ਬਾਅਦ"],"few":[{"t":"idOrVar","v":"value"}," ਘੰਟੇ ਬਾਅਦ"],"many":[{"t":"idOrVar","v":"value"}," ਘੰਟੇ ਬਾਅਦ"],"other":[{"t":"idOrVar","v":"value"}," ਘੰਟੇ ਬਾਅਦ"]},"$x":[{"t":"idOrVar","v":"plural"},"value"]},{"$i":"days-after","$v":{"zero":"0 ਦਿਨ ਬਾਅਦ","one":"1 ਦਿਨ ਬਾਅਦ","two":[{"t":"idOrVar","v":"value"}," ਦਿਨਾਂ ਬਾਅਦ"],"few":[{"t":"idOrVar","v":"value"}," ਦਿਨਾਂ ਬਾਅਦ"],"many":[{"t":"idOrVar","v":"value"}," ਦਿਨਾਂ ਬਾਅਦ"],"other":[{"t":"idOrVar","v":"value"}," ਦਿਨਾਂ ਬਾਅਦ"]},"$x":[{"t":"idOrVar","v":"plural"},"value"]},{"$i":"weeks-after","$v":{"zero":"0 ਹਫ਼ਤੇ ਬਾਅਦ","one":"1 ਹਫ਼ਤੇ ਬਾਅਦ","two":[{"t":"idOrVar","v":"value"}," ਹਫ਼ਤੇ ਬਾਅਦ"],"few":[{"t":"idOrVar","v":"value"}," ਹਫ਼ਤੇ ਬਾਅਦ"],"many":[{"t":"idOrVar","v":"value"}," ਹਫ਼ਤੇ ਬਾਅਦ"],"other":[{"t":"idOrVar","v":"value"}," ਹਫ਼ਤੇ ਬਾਅਦ"]},"$x":[{"t":"idOrVar","v":"plural"},"value"]},{"$i":"months-after","$v":{"zero":"0 ਮਹੀਨੇ ਬਾਅਦ","one":"1 ਮਹੀਨੇ ਬਾਅਦ","two":[{"t":"idOrVar","v":"value"}," ਮਹੀਨੇ ਬਾਅਦ"],"few":[{"t":"idOrVar","v":"value"}," ਮਹੀਨੇ ਬਾਅਦ"],"many":[{"t":"idOrVar","v":"value"}," ਮਹੀਨੇ ਬਾਅਦ"],"other":[{"t":"idOrVar","v":"value"}," ਮਹੀਨੇ ਬਾਅਦ"]},"$x":[{"t":"idOrVar","v":"plural"},"value"]},{"$i":"years-after","$v":{"zero":"0 ਸਾਲ ਬਾਅਦ","one":"1 ਸਾਲ ਬਾਅਦ","two":[{"t":"idOrVar","v":"value"}," ਸਾਲ ਬਾਅਦ"],"few":[{"t":"idOrVar","v":"value"}," ਸਾਲ ਬਾਅਦ"],"many":[{"t":"idOrVar","v":"value"}," ਸਾਲ ਬਾਅਦ"],"other":[{"t":"idOrVar","v":"value"}," ਸਾਲ ਬਾਅਦ"]},"$x":[{"t":"idOrVar","v":"plural"},"value"]},{"$i":"hour-format12","$v":"%I %p"},{"$i":"hour-format24","$v":"%H"},{"$i":"week-hour-format12","$v":"%I %p"},{"$i":"week-hour-format24","$v":"%H"},{"$i":"hour-allday","$v":"ਸਾਰੇ ਦਿਨ"},{"$i":"tcl-week-day","$v":"%a\\n%e"},{"$i":"current-time12","$v":"%I:%M"},{"$i":"current-time24","$v":"%H:%M"},{"$i":"multi-month-view-header-format","$v":"%B %Y"},{"$i":"day-view-header-format","$v":"%A, %b %e"},{"$i":"months-day-view-header-format","$v":"%A, %b %e"},{"$i":"months-day-view-header-format-small","$v":{"$o":"%a <br/> %b, %e"}},{"$i":"week-view-header-format","$v":["ਹਫ਼ਤਾ ",{"t":"idOrVar","v":"value"},", %B %Y"]},{"$i":"longDateFormat","$v":"%A, %B %d, %Y"},{"$i":"longTimeFormat","$v":"%A %B %d"},{"$i":"longTimeFormat12","$v":"%A %B %d %I %p"},{"$i":"longTimeFormat24","$v":"%A %B %d %H ਵਜੇ"},{"$i":"weekTimeFormat12","$v":"%I %p"},{"$i":"weekTimeFormat24","$v":"%H ਵਜੇ"},{"$i":"weekDayFormat","$v":"%A the %d"},{"$i":"alldayLongTimeFormat","$v":"%A %B %d ਸਾਰਾ ਦਿਨ"},{"$i":"dayHour12","$v":"%I %p"},{"$i":"dayHour24","$v":"%H ਵਜੇ"},{"$i":"longDateTime12","$v":"%I %p, %a, %d %b, %Y"},{"$i":"longDateTime24","$v":"%H, %a, %d %b, %Y"},{"$i":"upcoming-events","$v":"ਆਗਾਮੀ ਈਵੇਂਟ"},{"$i":"search-results","$v":"ਸਰਚ ਦੇ ਨਤੀਜੇ"},{"$i":"no-event-found","$v":"ਕੋਈ ਈਵੈਂਟ ਨਹੀਂ ਮਿਲੇ"},{"$i":"error-start-date-after-end-date","$v":"ਈਵੇਂਟ ਆਪਣੇ ਸ਼ੁਰੂ ਹੋਣ ਦੀ ਤਰੀਕ ਤੋਂ ਪਹਿਲਾਂ ਸਮਾਪਤ ਨਹੀਂ ਹੋ ਸਕਦਾ।"},{"$i":"error-start-time-after-end-time","$v":"ਈਵੇਂਟ ਆਪਣੇ ਸ਼ੁਰੂ ਹੋਣ ਦੇ ਸਮੇਂ ਤੋਂ ਪਹਿਲਾਂ ਸਮਾਪਤ ਨਹੀਂ ਹੋ ਸਕਦਾ।"},{"$i":"error-unauthenticated","$v":"ਗਲਤ ਯੂਜ਼ਰ ਨਾਮ ਜਾਂ ਪਾਸਵਰਡ, ਕਿਰਪਾ ਕਰਕੇ ਦੁਬਾਰਾ ਕੋਸ਼ਿਸ਼ ਕਰੋ।"},{"$i":"error-internal-server-error","$v":"ਸਰਵਰ ਤਰੁੱਟੀ, ਕਿਰਪਾ ਕਰਕੇ ਦੁਬਾਰਾ ਕੋਸ਼ਿਸ਼ ਕਰੋ।"},{"$i":"error-unkown","$v":"ਸਰਵਰ ਪ੍ਰਤੀਕਿਰਿਆ ਦੇ ਕਾਰਣ ਬੇਨਤੀ ਨੂੰ ਹੈਂਡਲ ਨਹੀਂ ਕਰ ਸਕਦੇ।"},{"$i":"error-default","$v":"ਕੁੱਝ ਗਲਤ ਹੈ। ਬਾਅਦ ਵਿੱਚ ਦੁਬਾਰਾ ਕੋਸ਼ਿਸ਼ ਕਰੋ।"},{"$i":"error-offline","$v":"ਇੰਟਰਨੈੱਟ ਨਾਲ ਕਨੈਕਟ ਕਰਨ ਵਿੱਚ ਅਸਮੱਰਥ। ਤੁਸੀਂ ਇੰਟਰਨੈਟ ਵਰਤਣ ਲਈ WiFi ਜਾਂ ਮੋਬਾਇਲ ਵਰਤ ਸਕਦੇ ਹੋ।"},{"$i":"error-account-exist","$v":"ਇਹ ਅਕਾਊਂਟ ਪਹਿਲਾਂ ਤੋਂ ਹੀ ਮੌਜੂਦ ਹੈ।"},{"$i":"error-edit-online-event","$v":"ਇੰਟਰਨੈਟ ਕਨੈਕਸ਼ਨ ਨਾ ਹੋਣ ਕਰਕੇ ਔਨਲਾਈਨ ਈਵੈਂਟ ਨੂੰ ਸੰਪਾਦਿਤ ਕਰਨ ਵਿੱਚ ਅਸਫ਼ਲ ਹੋਇਆ।"},{"$i":"error-delete-online-event","$v":"ਇੰਟਰਨੈਟ ਕਨੈਕਸ਼ਨ ਨਾ ਹੋਣ ਕਰਕੇ ਔਨਲਾਈਨ ਈਵੈਂਟ ਨੂੰ ਮਿਟਾਉਣ ਵਿੱਚ ਅਸਫਲ ਹੋਇਆ ।"},{"$i":"notification-error-sync-title","$v":"ਕੈਲੰਡਰ ਸਿੰਕ ਕਰਨ ਵਿੱਚ ਤਰੁੱਟੀ"},{"$i":"notification-error-sync-description","$v":"ਜ਼ਿਆਦਾ ਜਾਣਕਾਰੀ ਦੇ ਲਈ ਟੈਪ ਕਰੋ"},{"$i":"weekday-0-single-char","$v":"S","ariaLabel":"ਐਤਵਾਰ"},{"$i":"weekday-1-single-char","$v":"M","ariaLabel":"ਸੋਮਵਾਰ"},{"$i":"weekday-2-single-char","$v":"T","ariaLabel":"ਮੰਗਲਵਾਰ"},{"$i":"weekday-3-single-char","$v":"W","ariaLabel":"ਬੁੱਧਵਾਰ"},{"$i":"weekday-4-single-char","$v":"T","ariaLabel":"ਵੀਰਵਾਰ"},{"$i":"weekday-5-single-char","$v":"F","ariaLabel":"ਸ਼ੁੱਕਰਵਾਰ"},{"$i":"weekday-6-single-char","$v":"S","ariaLabel":"ਸ਼ਨੀਵਾਰ"},{"$i":"busy","$v":{"zero":"ਕੋਈ ਈਵੈਂਟ ਨਹੀਂ","one":[{"t":"idOrVar","v":"n"}," ਈਵੈਂਟ"],"two":[{"t":"idOrVar","v":"n"}," ਈਵੈਂਟ"],"few":[{"t":"idOrVar","v":"n"}," ਈਵੈਂਟ"],"many":[{"t":"idOrVar","v":"n"}," ਈਵੈਂਟ"],"other":[{"t":"idOrVar","v":"n"}," ਈਵੈਂਟ"]},"$x":[{"t":"idOrVar","v":"plural"},"n"]},{"$i":"present","ariaLabel":"ਅੱਜ"},{"$i":"past-other-month-description","ariaLabel":"ਹੋਰ ਮਹੀਨਾ"},{"$i":"future-other-month-description","ariaLabel":"ਹੋਰ ਮਹੀਨਾ"},{"$i":"icon-calendar-alarm","ariaLabel":"ਅਲਾਰਮ ਹੈ"},{"$i":"calendars","ariaLabel":"ਕੈਲੰਡਰ"},{"$i":"multi-day-new-event-link","ariaLabel":"ਈਵੈਂਟ ਜੋੜੋ"},{"$i":"title","ariaLabel":"ਸਿਰਲੇਖ"},{"$i":"location","ariaLabel":"ਲੋਕੇਸ਼ਨ"},{"$i":"duration","ariaLabel":"ਮਿਆਦ"},{"$i":"calendar","ariaLabel":"ਕੈਲੰਡਰ"},{"$i":"alarms","ariaLabel":"ਅਲਾਰਮ"},{"$i":"description","ariaLabel":"ਵੇਰਵਾ"},{"$i":"start-date","ariaLabel":"ਸ਼ੁਰੂ ਕਰਨ ਦੀ ਮਿਤੀ"},{"$i":"start-time","ariaLabel":"ਸ਼ੁਰੂ ਕਰਨ ਦਾ ਸਮਾਂ"},{"$i":"end-date","ariaLabel":"ਸਮਾਪਤੀ ਮਿਤੀ"},{"$i":"end-time","ariaLabel":"ਸਮਾਪਤੀ ਸਮਾਂ"},{"$i":"during-progress-loading","ariaValueText":"ਲੋਡ ਹੋ ਰਿਹਾ ਹੈ"},{"$i":"all-day","ariaLabel":"ਸਾਰੇ ਦਿਨ"},{"$i":"create-event","ariaLabel":"ਈਵੈਂਟ ਬਣਾਓ"},{"$i":"create-all-day-event","ariaLabel":"ਸਾਰੇ ਦਿਨ ਦੇ ਈਵੈਂਟ ਬਣਾਓ"},{"$i":"event-one-day-duration","ariaLabel":[{"t":"idOrVar","v":"startTime"}," ਤੋਂ ",{"t":"idOrVar","v":"endTime"}," ਤੱਕ"]},{"$i":"week-event-one-day-duration","ariaLabel":[{"t":"idOrVar","v":"startDate"}," ",{"t":"idOrVar","v":"startTime"}," ਤੋਂ ",{"t":"idOrVar","v":"endTime"}," ਤੱਕ"]},{"$i":"event-multiple-day-duration","ariaLabel":[{"t":"idOrVar","v":"startTime"}," ",{"t":"idOrVar","v":"startDate"}," ਤੋਂ ",{"t":"idOrVar","v":"endTime"}," ",{"t":"idOrVar","v":"endDate"}," ਤੱਕ"]},{"$i":"tcl-event-added","$v":"ਈਵੈਂਟ ਜੋੜਿਆ ਗਿਆ"},{"$i":"tcl-event-updated","$v":"ਈਵੈਂਟ ਅਪਡੇਟ ਕੀਤਾ ਗਿਆ"},{"$i":"tcl-event-deleted","$v":"ਈਵੈਂਟ ਮਿਟਾਇਆ ਗਿਆ"},{"$i":"tcl-change-save","$v":"ਬਦਲਾਵ ਸੇਵ ਕੀਤੇ ਗਏ"},{"$i":"tcl-event-calendar","$v":"ਕੈਲੰਡਰ"},{"$i":"tcl-single-event","$v":"ਈਵੈਂਟ"},{"$i":"tcl-event-count","$v":"ਇਵੈਂਟਸ"},{"$i":"tcl-sync-progress-syncing","$v":"ਸਿੰਕ ਕਰ ਰਿਹਾ ਹੈ"},{"$i":"tcl-sync-progress-complete","$v":"ਸਿੰਕ ਕਰਨਾ ਪੂਰਾ ਹੋਇਆ"},{"$i":"tcl-settings-sounds","$v":"ਆਵਾਜ਼"},{"$i":"tcl-tones","$v":"ਟੋਨ"},{"$i":"tcl-multi-events","$v":"ਇਵੈਂਟਸ"},{"$i":"tcl-confirmation-title","$v":"ਪੁਸ਼ਟੀਕਰਨ"},{"$i":"tcl-delete-selectedEvent-confirmation","$v":"ਚੁਣਿੰਦਾ ਈਵੈਂਟ ਨੂੰ ਮਿਟਾਓ?"},{"$i":"tcl-deleteEvent-confirmation","$v":"ਈਵੈਂਟ ਮਿਟਾਓ?"},{"$i":"tcl-event-search-header","$v":"ਖੋਜੋ","placeholder":"ਖੋਜੋ"},{"$i":"tcl-event-search-upcoming-events","$v":"ਆਗਾਮੀ ਈਵੇਂਟ"},{"$i":"tcl-delete","$v":"ਮਿਟਾਓ"},{"$i":"tcl-cancel","$v":"ਰੱਦ ਕਰੋ"},{"$i":"tcl-dialog-delete-sel","$v":"ਕੀ ਤੁਸੀਂ ਚੁਣਿੰਦਾ ਈਵੈਂਟ ਨੂੰ ਮਿਟਾਉਣਾ ਚਾਹੁੰਦੇ ਹੋ?"},{"$i":"tcl-delete-title","$v":"ਈਵੈਂਟ ਮਿਟਾਓ"},{"$i":"tcl-save-changes","$v":"ਬਦਲਾਵਾਂ ਨੂੰ ਸੇਵ ਕਰੋ?"},{"$i":"tcl-save-message-back","$v":"ਦਾਖਲ ਕੀਤਾ ਗਿਆ ਸਾਰਾ ਡੇਟਾ ਹਟ ਜਾਏਗਾ। ਕੀ ਤੁਸੀ ਬਦਲਾਵਾਂ ਨੂੰ ਸੇਵ ਕਰਨਾ ਚਾਹੁੰਦੇ ਹੋ?"},{"$i":"tcl-save-message-close","$v":"ਐਪਲੀਕੇਸ਼ਨ ਬੰਦ ਹੋਣ ਦੇ ਨਾਲ ਡੇਟਾ ਹਟ ਜਾਵੇਗਾ। ਕੀ ਤੁਸੀ ਬਦਲਾਵਾਂ ਨੂੰ ਸੇਵ ਕਰਨਾ ਚਾਹੁੰਦੇ ਹੋ?"},{"$i":"yes","$v":"ਹਾਂ"},{"$i":"no","$v":"ਨਹੀਂ"},{"$i":"confirmation","$v":"ਪੁਸ਼ਟੀਕਰਨ"},{"$i":"ok","$v":"ਠੀਕ ਹੈ"},{"$i":"delete-event","$v":"ਚੁਣਿੰਦਾ ਈਵੈਂਟ ਨੂੰ ਮਿਟਾਓ?"},{"$i":"tcl-settings-header","$v":"ਡਿਸਪਲੇ ਲਈ ਕੈਲੰਡਰ"},{"$i":"tcl-syncing","$v":"ਸਿੰਕ ਕਰ ਰਿਹਾ ਹੈ ..."},{"$i":"tcl-syncing-header","$v":"ਅਕਾਊਂਟ ਸਿੰਕ"},{"$i":"options","$v":"ਵਿਕਲਪ"},{"$i":"select","$v":"ਚੁਣੋ"},{"$i":"add-event","$v":"ਈਵੈਂਟ ਜੋੜੋ"},{"$i":"weekly-view","$v":"ਹਫ਼ਤਾਵਾਰੀ ਤੌਰ ਤੇ"},{"$i":"day-view","$v":"ਦਿਨ ਦੇ ਤੌਰ ਤੇ"},{"$i":"month-view","$v":"ਮਹੀਨੇ ਦੇ ਅਨੁਸਾਰ"},{"$i":"today","$v":"ਅੱਜ"},{"$i":"go","$v":"ਮਿਤੀ ਤੇ ਜਾਓ"},{"$i":"search","$v":"ਖੋਜੋ"},{"$i":"calendar-to-display","$v":"ਡਿਸਪਲੇ ਲਈ ਕੈਲੰਡਰ"},{"$i":"settings","$v":"ਸੈਟਿੰਗਸ"},{"$i":"delete","$v":"ਮਿਟਾਓ"},{"$i":"enter","$v":"ਦਾਖਲ ਕਰੋ"},{"$i":"sync-calendar","$v":"ਕੈਲੰਡਰ ਸਿੰਕ ਕਰੋ"},{"$i":"present-description","$v":["ਅੱਜ ",{"t":"idOrVar","v":"weekday"}," ",{"t":"idOrVar","v":"date"},"th"]},{"$i":"day-description","$v":[{"t":"idOrVar","v":"weekday"},", ",{"t":"idOrVar","v":"date"}]},{"$i":"weekday-5","$v":"ਸ਼ੁੱਕਰਵਾਰ"},{"$i":"weekday-4","$v":"ਵੀਰਵਾਰ"},{"$i":"weekday-3","$v":"ਬੁੱਧਵਾਰ"},{"$i":"weekday-2","$v":"ਮੰਗਲਵਾਰ"},{"$i":"weekday-1","$v":"ਸੋਮਵਾਰ"},{"$i":"weekday-0","$v":"ਐਤਵਾਰ"},{"$i":"weekday-6","$v":"ਸ਼ਨੀਵਾਰ"},{"$i":"no-title","$v":"(ਕੋਈ ਸਿਰਲੇਖ ਨਹੀਂ)"},{"$i":"weekday-0-long","$v":"ਐਤਵਾਰ"},{"$i":"weekday-1-long","$v":"ਸੋਮਵਾਰ"},{"$i":"weekday-2-long","$v":"ਮੰਗਲਵਾਰ"},{"$i":"weekday-3-long","$v":"ਬੁੱਧਵਾਰ"},{"$i":"weekday-4-long","$v":"ਵੀਰਵਾਰ"},{"$i":"weekday-5-long","$v":"ਸ਼ੁੱਕਰਵਾਰ"},{"$i":"weekday-6-long","$v":"ਸ਼ਨੀਵਾਰ"},{"$i":"weekday-0-short","$v":"ਐਤ"},{"$i":"weekday-1-short","$v":"ਸੋਮ"},{"$i":"weekday-2-short","$v":"ਮੰਗਲ"},{"$i":"weekday-3-short","$v":"ਬੁੱਧ"},{"$i":"weekday-4-short","$v":"ਵੀਰ"},{"$i":"weekday-5-short","$v":"ਸ਼ੁੱਕਰਵਾਰ"},{"$i":"weekday-6-short","$v":"ਸ਼ਨੀ"},{"$i":"month-0-long","$v":"ਜਨਵਰੀ"},{"$i":"month-1-long","$v":"ਫਰਵਰੀ"},{"$i":"month-2-long","$v":"ਮਾਰਚ"},{"$i":"month-3-long","$v":"ਅਪ੍ਰੈਲ"},{"$i":"month-4-long","$v":"ਮਈ"},{"$i":"month-5-long","$v":"ਜੂਨ"},{"$i":"month-6-long","$v":"ਜੁਲਾਈ"},{"$i":"month-7-long","$v":"ਅਗਸਤ"},{"$i":"month-8-long","$v":"ਸਤੰਬਰ"},{"$i":"month-9-long","$v":"ਅਕਤੂਬਰ"},{"$i":"month-10-long","$v":"ਨਵੰਬਰ"},{"$i":"month-11-long","$v":"ਦਸੰਬਰ"},{"$i":"month-0-genitive","$v":"ਜਨਵਰੀ"},{"$i":"month-1-genitive","$v":"ਫਰਵਰੀ"},{"$i":"month-2-genitive","$v":"ਮਾਰਚ"},{"$i":"month-3-genitive","$v":"ਅਪ੍ਰੈਲ"},{"$i":"month-4-genitive","$v":"ਮਈ"},{"$i":"month-5-genitive","$v":"ਜੂਨ"},{"$i":"month-6-genitive","$v":"ਜੁਲਾਈ"},{"$i":"month-7-genitive","$v":"ਅਗਸਤ"},{"$i":"month-8-genitive","$v":"ਸਤੰਬਰ"},{"$i":"month-9-genitive","$v":"ਅਕਤੂਬਰ"},{"$i":"month-10-genitive","$v":"ਨਵੰਬਰ"},{"$i":"month-11-genitive","$v":"ਦਸੰਬਰ"},{"$i":"month-0-short","$v":"ਜਨਵਰੀ"},{"$i":"month-1-short","$v":"ਫਰਵਰੀ"},{"$i":"month-2-short","$v":"ਮਾਰਚ"},{"$i":"month-3-short","$v":"ਅਪ੍ਰੈਲ"},{"$i":"month-4-short","$v":"ਮਈ"},{"$i":"month-5-short","$v":"ਜੂਨ"},{"$i":"month-6-short","$v":"ਜੁਲਾਈ"},{"$i":"month-7-short","$v":"ਅਗਸਤ"},{"$i":"month-8-short","$v":"ਸਤੰਬਰ"},{"$i":"month-9-short","$v":"ਅਕਤੂਬਰ"},{"$i":"month-10-short","$v":"ਨਵੰਬਰ"},{"$i":"month-11-short","$v":"ਦਸੰਬਰ"},{"$i":"minutes-ago-long","$v":{"zero":"ਸਿਰਫ਼ ਹੁਣ","one":"ਇੱਕ ਮਿੰਟ ਪਹਿਲਾਂ","two":[{"t":"idOrVar","v":"value"}," ਮਿੰਟ ਪਹਿਲਾਂ"],"few":[{"t":"idOrVar","v":"value"}," ਮਿੰਟ ਪਹਿਲਾਂ"],"many":[{"t":"idOrVar","v":"value"}," ਮਿੰਟ ਪਹਿਲਾਂ"],"other":[{"t":"idOrVar","v":"value"}," ਮਿੰਟ ਪਹਿਲਾਂ"]},"$x":[{"t":"idOrVar","v":"plural"},"value"]},{"$i":"hours-ago-long","$v":{"zero":"ਸਿਰਫ਼ ਹੁਣ","one":"ਇੱਕ ਘੰਟਾ ਪਹਿਲਾਂ","two":[{"t":"idOrVar","v":"value"}," ਘੰਟੇ ਪਹਿਲਾਂ"],"few":[{"t":"idOrVar","v":"value"}," ਘੰਟੇ ਪਹਿਲਾਂ"],"many":[{"t":"idOrVar","v":"value"}," ਘੰਟੇ ਪਹਿਲਾਂ"],"other":[{"t":"idOrVar","v":"value"}," ਘੰਟੇ ਪਹਿਲਾਂ"]},"$x":[{"t":"idOrVar","v":"plural"},"value"]},{"$i":"days-ago-long","$v":{"zero":"ਅੱਜ","one":"ਗੁਜ਼ਰਿਆ ਹੋਇਆ ਕੱਲ","two":[{"t":"idOrVar","v":"value"}," ਦਿਨ ਪਹਿਲਾਂ"],"few":[{"t":"idOrVar","v":"value"}," ਦਿਨ ਪਹਿਲਾਂ"],"many":[{"t":"idOrVar","v":"value"}," ਦਿਨ ਪਹਿਲਾਂ"],"other":[{"t":"idOrVar","v":"value"}," ਦਿਨ ਪਹਿਲਾਂ"]},"$x":[{"t":"idOrVar","v":"plural"},"value"]},{"$i":"weeks-ago-long","$v":{"zero":"ਇਹ ਹਫ਼ਤਾ","one":"ਪਿਛਲਾ ਹਫ਼ਤਾ","two":[{"t":"idOrVar","v":"value"}," ਹਫ਼ਤੇ ਪਹਿਲਾਂ"],"few":[{"t":"idOrVar","v":"value"}," ਹਫ਼ਤੇ ਪਹਿਲਾਂ"],"many":[{"t":"idOrVar","v":"value"}," ਹਫ਼ਤੇ ਪਹਿਲਾਂ"],"other":[{"t":"idOrVar","v":"value"}," ਹਫ਼ਤੇ ਪਹਿਲਾਂ"]},"$x":[{"t":"idOrVar","v":"plural"},"value"]},{"$i":"months-ago-long","$v":{"zero":"ਇਹ ਮਹੀਨਾ","one":"ਪਿਛਲਾ ਮਹੀਨਾ","two":[{"t":"idOrVar","v":"value"}," ਮਹੀਨੇ ਮਹੀਨਾ"],"few":[{"t":"idOrVar","v":"value"}," ਮਹੀਨੇ ਮਹੀਨਾ"],"many":[{"t":"idOrVar","v":"value"}," ਮਹੀਨੇ ਮਹੀਨਾ"],"other":[{"t":"idOrVar","v":"value"}," ਮਹੀਨੇ ਮਹੀਨਾ"]},"$x":[{"t":"idOrVar","v":"plural"},"value"]},{"$i":"years-ago-long","$v":{"zero":"ਇਹ ਸਾਲ","one":"ਪਿਛਲਾ ਸਾਲ","two":[{"t":"idOrVar","v":"value"}," ਸਾਲ ਪਹਿਲਾਂ"],"few":[{"t":"idOrVar","v":"value"}," ਸਾਲ ਪਹਿਲਾਂ"],"many":[{"t":"idOrVar","v":"value"}," ਸਾਲ ਪਹਿਲਾਂ"],"other":[{"t":"idOrVar","v":"value"}," ਸਾਲ ਪਹਿਲਾਂ"]},"$x":[{"t":"idOrVar","v":"plural"},"value"]},{"$i":"minutes-until-long","$v":{"zero":"ਹੁਣ","one":"ਇੱਕ ਮਿੰਟ ਵਿੱਚ","two":[{"t":"idOrVar","v":"value"}," ਮਿੰਟਾਂ ਵਿੱਚ"],"few":[{"t":"idOrVar","v":"value"}," ਮਿੰਟਾਂ ਵਿੱਚ"],"many":[{"t":"idOrVar","v":"value"}," ਮਿੰਟਾਂ ਵਿੱਚ"],"other":[{"t":"idOrVar","v":"value"}," ਮਿੰਟਾਂ ਵਿੱਚ"]},"$x":[{"t":"idOrVar","v":"plural"},"value"]},{"$i":"hours-until-long","$v":{"zero":"ਹੁਣ","one":"ਇੱਕ ਘੰਟੇ ਵਿੱਚ","two":[{"t":"idOrVar","v":"value"}," ਘੰਟਿਆਂ ਵਿੱਚ"],"few":[{"t":"idOrVar","v":"value"}," ਘੰਟਿਆਂ ਵਿੱਚ"],"many":[{"t":"idOrVar","v":"value"}," ਘੰਟਿਆਂ ਵਿੱਚ"],"other":[{"t":"idOrVar","v":"value"}," ਘੰਟਿਆਂ ਵਿੱਚ"]},"$x":[{"t":"idOrVar","v":"plural"},"value"]},{"$i":"days-until-long","$v":{"zero":"ਅੱਜ","one":"ਆਉਣ ਵਾਲਾ ਕੱਲ","two":[{"t":"idOrVar","v":"value"}," ਦਿਨਾਂ ਵਿੱਚ"],"few":[{"t":"idOrVar","v":"value"}," ਦਿਨਾਂ ਵਿੱਚ"],"many":[{"t":"idOrVar","v":"value"}," ਦਿਨਾਂ ਵਿੱਚ"],"other":[{"t":"idOrVar","v":"value"}," ਦਿਨਾਂ ਵਿੱਚ"]},"$x":[{"t":"idOrVar","v":"plural"},"value"]},{"$i":"weeks-until-long","$v":{"zero":"ਇਹ ਹਫ਼ਤਾ","one":"ਅਗਲਾ ਹਫ਼ਤਾ","two":[{"t":"idOrVar","v":"value"}," ਹਫ਼ਤਿਆਂ ਵਿੱਚ"],"few":[{"t":"idOrVar","v":"value"}," ਹਫ਼ਤਿਆਂ ਵਿੱਚ"],"many":[{"t":"idOrVar","v":"value"}," ਹਫ਼ਤਿਆਂ ਵਿੱਚ"],"other":[{"t":"idOrVar","v":"value"}," ਹਫ਼ਤਿਆਂ ਵਿੱਚ"]},"$x":[{"t":"idOrVar","v":"plural"},"value"]},{"$i":"months-until-long","$v":{"zero":"ਇਹ ਮਹੀਨਾ","one":"ਅਗਲਾ ਮਹੀਨਾ","two":[{"t":"idOrVar","v":"value"}," ਮਹੀਨਿਆਂ ਵਿੱਚ"],"few":[{"t":"idOrVar","v":"value"}," ਮਹੀਨਿਆਂ ਵਿੱਚ"],"many":[{"t":"idOrVar","v":"value"}," ਮਹੀਨਿਆਂ ਵਿੱਚ"],"other":[{"t":"idOrVar","v":"value"}," ਮਹੀਨਿਆਂ ਵਿੱਚ"]},"$x":[{"t":"idOrVar","v":"plural"},"value"]},{"$i":"years-until-long","$v":{"zero":"ਇਹ ਸਾਲ","one":"ਅਗਲਾ ਸਾਲ","two":[{"t":"idOrVar","v":"value"}," ਸਾਲਾਂ ਵਿੱਚ"],"few":[{"t":"idOrVar","v":"value"}," ਸਾਲਾਂ ਵਿੱਚ"],"many":[{"t":"idOrVar","v":"value"}," ਸਾਲਾਂ ਵਿੱਚ"],"other":[{"t":"idOrVar","v":"value"}," ਸਾਲਾਂ ਵਿੱਚ"]},"$x":[{"t":"idOrVar","v":"plural"},"value"]},{"$i":"minutes-ago-short","$v":{"zero":"ਸਿਰਫ਼ ਹੁਣ","other":[{"t":"idOrVar","v":"value"}," ਮਿੰਟ ਪਹਿਲਾਂ"]},"$x":[{"t":"idOrVar","v":"plural"},"value"]},{"$i":"hours-ago-short","$v":{"zero":"ਸਿਰਫ਼ ਹੁਣ","other":[{"t":"idOrVar","v":"value"}," ਘੰਟਾ ਪਹਿਲਾਂ"]},"$x":[{"t":"idOrVar","v":"plural"},"value"]},{"$i":"days-ago-short","$v":{"zero":"ਅੱਜ","other":[{"t":"idOrVar","v":"value"}," ਦਿਨ ਪਹਿਲਾਂ"]},"$x":[{"t":"idOrVar","v":"plural"},"value"]},{"$i":"minutes-until-short","$v":{"zero":"ਹੁਣ","other":[{"t":"idOrVar","v":"value"}," ਮਿੰਟ ਵਿੱਚ"]},"$x":[{"t":"idOrVar","v":"plural"},"value"]},{"$i":"hours-until-short","$v":{"zero":"ਹੁਣ","other":[{"t":"idOrVar","v":"value"}," ਘੰਟੇ ਵਿੱਚ"]},"$x":[{"t":"idOrVar","v":"plural"},"value"]},{"$i":"days-until-short","$v":{"zero":"ਅੱਜ","other":[{"t":"idOrVar","v":"value"}," ਦਿਨ ਵਿੱਚ"]},"$x":[{"t":"idOrVar","v":"plural"},"value"]},{"$i":"incorrectDate","$v":"(ਗਲਤ ਮਿਤੀ)"},{"$i":"dateTimeFormat_%c","$v":"%a %b %e %Y %I:%M:%S %p"},{"$i":"dateTimeFormat_%x","$v":"%m/%d/%Y"},{"$i":"dateTimeFormat_%X","$v":"%I:%M:%S %p"},{"$i":"shortTimeFormat","$v":"%I:%M %p"},{"$i":"shortTimeFormat12","$v":"%I:%M %p"},{"$i":"shortTimeFormat24","$v":"%H:%M"},{"$i":"shortDateTimeFormat","$v":"%x %I:%M %p"},{"$i":"weekStartsOnMonday","$v":"0"},{"$i":"firstDayOfTheWeek","$v":"0"},{"$i":"time_am","$v":"AM"},{"$i":"time_pm","$v":"PM"},{"$i":"softkey-options","$v":"ਵਿਕਲਪ"}]