[{"$i":"back","$v":"पृष्ठे"},{"$i":"save","$v":"संरक्षितम्"},{"$i":"hide","$v":"गुप्यताम्"},{"$i":"cancel","$v":"निरस्यताम्"},{"$i":"confirm","$v":"पुष्टीक्रियताम्"},{"$i":"done","$v":"कृतम्"},{"$i":"events","$v":"घटनानुस्मारकः"},{"$i":"edit","$v":"संपाद्यताम्"},{"$i":"allday-events","$v":"प्रतिदिनघटनास्मारकः"},{"$i":"no-events","$v":"न घटना"},{"$i":"default","$v":"डेफल्ट"},{"$i":"sync","$v":"समायोजिता"},{"$i":"show-today","$v":"अद्य"},{"$i":"show-month-view","$v":"मासः"},{"$i":"show-week-view","$v":"दुर्बलम्"},{"$i":"show-day-view","$v":"दिनम्"},{"$i":"settings-show","$v":"व्यवस्थापनम्"},{"$i":"settings-hide","$v":"व्यवस्थापनं विलोपयतु"},{"$i":"add-account","$v":"एकं प्रवेशकं युज्यताम्"},{"$i":"new-event","$v":"कार्यक्रमं योजयतु"},{"$i":"view-event-header","$v":"वृत्तान्तस्य विवरणम्"},{"$i":"new-event-header","$v":"कार्यक्रमं योजयतु"},{"$i":"edit-event-header","$v":"ईवेंट सम्पादनीयः"},{"$i":"account-header","$v":"प्रवेशकः"},{"$i":"account-list-header","$v":"प्रवेशकाः"},{"$i":"advanced-settings-short-icon-button","ariaLabel":"व्यवस्थापनम्"},{"$i":"advanced-settings-header","$v":"कैलेंडर सेटिंग्स"},{"$i":"advanced-settings-personalization","$v":"आवृत्तिम् अद्यतनं करोतु"},{"$i":"advanced-settings-reminders","$v":"अनुस्मारकः"},{"$i":"advanced-settings-add-account","$v":"अकाउंट योजयतु"},{"$i":"field-user","$v":"उपयोगकर्ता नाम"},{"$i":"field-password","$v":"कूटसंकेतः"},{"$i":"show-password","$v":"कूटः दर्शनम्"},{"$i":"field-full-url","$v":"URL"},{"$i":"modify-account-setting-up","$v":"कृपया स्व अकाउंट व्यवस्थापनसमये प्रतीक्षां करोतु"},{"$i":"modify-account-unable-to-sync","$v":"समन्वयितुम् असमर्थम्"},{"$i":"modify-account-sign-in","$v":"सदस्यता प्राप्यताम्"},{"$i":"tcl-caldav","$v":"कैलडाव"},{"$i":"tcl-yahoo","$v":"याहू!"},{"$i":"tcl-google","$v":"गूंगलम्"},{"$i":"preset-mozilla","$v":"मोज़िला ज़िम्बाब्रा"},{"$i":"calendar-local","$v":"फोनकैलेण्डारः"},{"$i":"event-title","$v":"शीर्षकः"},{"$i":"event-location","$v":"स्थानम्"},{"$i":"event-description","$v":"टिप्पणी"},{"$i":"event-is-allday","$v":"प्रतिदिनस्य -घटना"},{"$i":"event-start-date","$v":"प्रारम्भस्य तिथिः"},{"$i":"event-end-date","$v":"अन्तिमतिथिः"},{"$i":"event-start-time","$v":"समयः प्रारम्भः"},{"$i":"event-end-time","$v":"अन्तिमसमयः"},{"$i":"event-delete","$v":"ईवेंट अपमर्जतु"},{"$i":"remove-account-data","$v":"कैलेण्डराकाउंट निष्कासयतु"},{"$i":"remove-account-dialog","$v":"प्रवेशकं लुप्यताम्"},{"$i":"remove-account-dialog-details","$v":["स्वकीय डिवाइसतः \"",{"t":"idOrVar","v":"email"},"\" निष्कासयतु?"]},{"$i":"remove","$v":"लुप्यताम्"},{"$i":"drawer-sync-icon-button","ariaLabel":"समायोजिता"},{"$i":"sync-progress-syncing","ariaValueText":"सिंक करोति"},{"$i":"sync-progress-complete","ariaValueText":"सिंकिंग पूर्णम्"},{"$i":"sync-frequency","$v":"कैलेंडरं समन्वयितं करोतु"},{"$i":"sync-frequency-15min","$v":"प्रति 15 मिनट"},{"$i":"sync-frequency-30min","$v":"प्रति 30 मिनट"},{"$i":"sync-frequency-manual","$v":"मैन्युअली"},{"$i":"one-day-duration-title","$v":[{"t":"idOrVar","v":"startDate"}]},{"$i":"one-day-duration-content","$v":[{"t":"idOrVar","v":"startTime"}," तः ",{"t":"idOrVar","v":"endTime"}]},{"$i":"multiple-day-duration-title","$v":[{"t":"idOrVar","v":"startTime"}," ",{"t":"idOrVar","v":"startDate"}," तः"]},{"$i":"multiple-day-duration-content","$v":["प्रति",{"t":"idOrVar","v":"endTime"}," ",{"t":"idOrVar","v":"endDate"}]},{"$i":"one-all-day-duration-title","$v":"प्रतिदिनम्"},{"$i":"one-all-day-duration-content","$v":[{"t":"idOrVar","v":"startDate"}]},{"$i":"multiple-all-day-duration-title","$v":[{"t":"idOrVar","v":"startDate"}," तः प्रतिदिन"]},{"$i":"multiple-all-day-duration-content","$v":["प्रति ",{"t":"idOrVar","v":"endDate"}]},{"$i":"none","$v":"न किमपि"},{"$i":"reminder","$v":"घटनानुस्मारकः"},{"$i":"remind-me","$v":"मां स्मरयतु"},{"$i":"alarm-at-event-standard","$v":"घटनाकाले"},{"$i":"alarm-at-event-allday","$v":"घटनायाः दिनम्"},{"$i":"alarm-start-notice","$v":[{"t":"idOrVar","v":"distance"}," तः प्रारब्धः ",{"t":"idOrVar","v":"title"}]},{"$i":"alarm-started-notice","$v":[{"t":"idOrVar","v":"title"}," ",{"t":"idOrVar","v":"distance"}," प्रारब्धम्"]},{"$i":"minutes-before","$v":{"zero":"0 मिनटपूर्वम्","one":"1 मिनटपूर्वम्","two":[{"t":"idOrVar","v":"value"}," मिनिटपूर्वम्"],"few":[{"t":"idOrVar","v":"value"}," मिनिटपूर्वम्"],"many":[{"t":"idOrVar","v":"value"}," मिनिटपूर्वम्"],"other":[{"t":"idOrVar","v":"value"}," मिनिटपूर्वम्"]},"$x":[{"t":"idOrVar","v":"plural"},"value"]},{"$i":"hours-before","$v":{"zero":"0 घटिकापूर्वम्","one":"1 घटिकापूर्वम्","two":[{"t":"idOrVar","v":"value"}," घटिकायाः पूर्वम्"],"few":[{"t":"idOrVar","v":"value"}," घटिकायाः पूर्वम्"],"many":[{"t":"idOrVar","v":"value"}," घटिकायाः पूर्वम्"],"other":[{"t":"idOrVar","v":"value"}," घटिकायाः पूर्वम्"]},"$x":[{"t":"idOrVar","v":"plural"},"value"]},{"$i":"days-before","$v":{"zero":"0 दिनपूर्वम्","one":"1 दिनपूर्वम्","two":[{"t":"idOrVar","v":"value"}," दिनात्पूर्वम्"],"few":[{"t":"idOrVar","v":"value"}," दिनात्पूर्वम्"],"many":[{"t":"idOrVar","v":"value"}," दिनात्पूर्वम्"],"other":[{"t":"idOrVar","v":"value"}," दिनात्पूर्वम्"]},"$x":[{"t":"idOrVar","v":"plural"},"value"]},{"$i":"weeks-before","$v":{"zero":"0 सप्ताहपूर्वम्","one":"1 सप्ताहपूर्वम्","two":[{"t":"idOrVar","v":"value"}," सप्ताहपूर्वम्"],"few":[{"t":"idOrVar","v":"value"}," सप्ताहपूर्वम्"],"many":[{"t":"idOrVar","v":"value"}," सप्ताहपूर्वम्"],"other":[{"t":"idOrVar","v":"value"}," सप्ताहपूर्वम्"]},"$x":[{"t":"idOrVar","v":"plural"},"value"]},{"$i":"months-before","$v":{"zero":"0 मासपूर्वम्","one":"1 मासपूर्वम्","two":[{"t":"idOrVar","v":"value"}," मासात्पूर्वम्"],"few":[{"t":"idOrVar","v":"value"}," मासात्पूर्वम्"],"many":[{"t":"idOrVar","v":"value"}," मासात्पूर्वम्"],"other":[{"t":"idOrVar","v":"value"}," मासात्पूर्वम्"]},"$x":[{"t":"idOrVar","v":"plural"},"value"]},{"$i":"years-before","$v":{"zero":"0 वर्षपूर्वम्","one":"1 वर्षपूर्वम्","two":[{"t":"idOrVar","v":"value"}," वर्षपूर्वम्"],"few":[{"t":"idOrVar","v":"value"}," वर्षपूर्वम्"],"many":[{"t":"idOrVar","v":"value"}," वर्षपूर्वम्"],"other":[{"t":"idOrVar","v":"value"}," वर्षपूर्वम्"]},"$x":[{"t":"idOrVar","v":"plural"},"value"]},{"$i":"minutes-after","$v":{"zero":"0 मिनटनन्तरम्","one":"1 मिनटनन्तरम्","two":[{"t":"idOrVar","v":"value"}," मिनिटानन्तरम्"],"few":[{"t":"idOrVar","v":"value"}," मिनिटानन्तरम्"],"many":[{"t":"idOrVar","v":"value"}," मिनिटानन्तरम्"],"other":[{"t":"idOrVar","v":"value"}," मिनिटानन्तरम्"]},"$x":[{"t":"idOrVar","v":"plural"},"value"]},{"$i":"hours-after","$v":{"zero":"0 घटिकानन्तरम्","one":"1 घटिकानन्तरम्","two":[{"t":"idOrVar","v":"value"}," घटिकानन्तरम्"],"few":[{"t":"idOrVar","v":"value"}," घटिकानन्तरम्"],"many":[{"t":"idOrVar","v":"value"}," घटिकानन्तरम्"],"other":[{"t":"idOrVar","v":"value"}," घटिकानन्तरम्"]},"$x":[{"t":"idOrVar","v":"plural"},"value"]},{"$i":"days-after","$v":{"zero":"0 दिनान्तरम्","one":"1 दिनान्तरम्","two":[{"t":"idOrVar","v":"value"}," दिनन्तरम्"],"few":[{"t":"idOrVar","v":"value"}," दिनन्तरम्"],"many":[{"t":"idOrVar","v":"value"}," दिनन्तरम्"],"other":[{"t":"idOrVar","v":"value"}," दिनन्तरम्"]},"$x":[{"t":"idOrVar","v":"plural"},"value"]},{"$i":"weeks-after","$v":{"zero":"0 सप्ताहनन्तरम्","one":"1 सप्ताहनन्तरम्","two":[{"t":"idOrVar","v":"value"}," सप्ताहनन्तरम्"],"few":[{"t":"idOrVar","v":"value"}," सप्ताहनन्तरम्"],"many":[{"t":"idOrVar","v":"value"}," सप्ताहनन्तरम्"],"other":[{"t":"idOrVar","v":"value"}," सप्ताहनन्तरम्"]},"$x":[{"t":"idOrVar","v":"plural"},"value"]},{"$i":"months-after","$v":{"zero":"0 मासनन्तरम्","one":"1 मासनन्तरम्","two":[{"t":"idOrVar","v":"value"}," मासान्तरम्"],"few":[{"t":"idOrVar","v":"value"}," मासान्तरम्"],"many":[{"t":"idOrVar","v":"value"}," मासान्तरम्"],"other":[{"t":"idOrVar","v":"value"}," मासान्तरम्"]},"$x":[{"t":"idOrVar","v":"plural"},"value"]},{"$i":"years-after","$v":{"zero":"0 वर्षनन्तरम्","one":"1 वर्षनन्तरम्","two":[{"t":"idOrVar","v":"value"}," वर्षनन्तरम्"],"few":[{"t":"idOrVar","v":"value"}," वर्षनन्तरम्"],"many":[{"t":"idOrVar","v":"value"}," वर्षनन्तरम्"],"other":[{"t":"idOrVar","v":"value"}," वर्षनन्तरम्"]},"$x":[{"t":"idOrVar","v":"plural"},"value"]},{"$i":"hour-format12","$v":"%I %p"},{"$i":"hour-format24","$v":"%H"},{"$i":"week-hour-format12","$v":"%I %p"},{"$i":"week-hour-format24","$v":"%H"},{"$i":"hour-allday","$v":"प्रतिदिनम्"},{"$i":"tcl-week-day","$v":"%a\\n%e"},{"$i":"current-time12","$v":"%I:%M"},{"$i":"current-time24","$v":"%H:%M"},{"$i":"multi-month-view-header-format","$v":"%B %Y"},{"$i":"day-view-header-format","$v":"%A, %b %e"},{"$i":"months-day-view-header-format","$v":"%A, %b %e"},{"$i":"months-day-view-header-format-small","$v":{"$o":"%a <br/> %b, %e"}},{"$i":"week-view-header-format","$v":["सप्ताहः ",{"t":"idOrVar","v":"value"},", %B %Y"]},{"$i":"longDateFormat","$v":"%A, %B %d, %Y"},{"$i":"longTimeFormat","$v":"%A %B %d"},{"$i":"longTimeFormat12","$v":"%A %B %d %I %p"},{"$i":"longTimeFormat24","$v":"%A %B %d %H घटिकायाम्"},{"$i":"weekTimeFormat12","$v":"%I %p"},{"$i":"weekTimeFormat24","$v":"%H घटिकायाम्"},{"$i":"weekDayFormat","$v":"%A the %d"},{"$i":"alldayLongTimeFormat","$v":"%A %B %d प्रतिदिने"},{"$i":"dayHour12","$v":"%I %p"},{"$i":"dayHour24","$v":"%H घटिकायाम्"},{"$i":"longDateTime12","$v":"%I %p, %a, %d %b, %Y"},{"$i":"longDateTime24","$v":"%H, %a, %d %b, %Y"},{"$i":"upcoming-events","$v":"आगन्तुं कार्यक्रमम्"},{"$i":"search-results","$v":"अन्वेषणस्य परिणामम्"},{"$i":"no-event-found","$v":"घटना न प्राप्तम्"},{"$i":"error-start-date-after-end-date","$v":"घटना अस्य प्रारंभतिथेः पूर्वं समाप्तभवितुं न शक्यते।"},{"$i":"error-start-time-after-end-time","$v":"घटना अस्य प्रारंभकालात् पूर्वं समाप्तभवितुं न शक्यते।"},{"$i":"error-unauthenticated","$v":"त्रुटियुक्तयूजरनाम यद्वा कूटः, कृपया पुनः चेष्टितव्यः।"},{"$i":"error-internal-server-error","$v":"सर्वर त्रुटिः, कृपया पुनः चेष्टितव्यम्।"},{"$i":"error-unkown","$v":"सर्वरप्रतिक्रिया हेतोः अनुरोधं व्यवस्थिकर्तुं न शक्यते।"},{"$i":"error-default","$v":"कापि त्रुटिः अस्ति । पश्चात् पुनः प्रयतताम्।"},{"$i":"error-offline","$v":"इंटरनेट संयुक्तकर्तुमसमर्थम् । इंटरनेट एक्सेस करणाय भवान् वाई-फाई यद्वा मोबाइल तथ्यस्य उपयोगितुं शक्यते।"},{"$i":"error-account-exist","$v":"अकाउंट पुर्वतः एव विद्यमानोऽस्ति।"},{"$i":"error-edit-online-event","$v":"इंटरनेट कनेक्शन अभावस्य कारणेन ऑनलाइन ईवेंट संपादितुं विफलम्।"},{"$i":"error-delete-online-event","$v":"इंटरनेट कनेक्शन अभावस्य कारणेन ऑनलाइन ईवेंट अपसारितुं विफलम्।"},{"$i":"notification-error-sync-title","$v":"कैलेंडर समन्वयनं त्रुटिः"},{"$i":"notification-error-sync-description","$v":"अधिकसूचनायाः कृते टैप करोतु"},{"$i":"weekday-0-single-char","$v":"S","ariaLabel":"रविवासरः"},{"$i":"weekday-1-single-char","$v":"M","ariaLabel":"सोमवासरः"},{"$i":"weekday-2-single-char","$v":"T","ariaLabel":"मङ्गलवासरः"},{"$i":"weekday-3-single-char","$v":"W","ariaLabel":"बुधवासरः"},{"$i":"weekday-4-single-char","$v":"T","ariaLabel":"गुरुवासरः"},{"$i":"weekday-5-single-char","$v":"F","ariaLabel":"शुक्रवासरः"},{"$i":"weekday-6-single-char","$v":"S","ariaLabel":"शनिवासरः"},{"$i":"busy","$v":{"zero":"न घटना","one":[{"t":"idOrVar","v":"n"}," घटना"],"two":[{"t":"idOrVar","v":"n"}," घटनाः"],"few":[{"t":"idOrVar","v":"n"}," घटनाः"],"many":[{"t":"idOrVar","v":"n"}," घटनाः"],"other":[{"t":"idOrVar","v":"n"}," घटनाः"]},"$x":[{"t":"idOrVar","v":"plural"},"n"]},{"$i":"present","ariaLabel":"अद्य"},{"$i":"past-other-month-description","ariaLabel":"अन्यमासः"},{"$i":"future-other-month-description","ariaLabel":"अन्यमासः"},{"$i":"icon-calendar-alarm","ariaLabel":"अलार्म अस्ति"},{"$i":"calendars","ariaLabel":"कैलेंडरः"},{"$i":"multi-day-new-event-link","ariaLabel":"कार्यक्रमं योजयतु"},{"$i":"title","ariaLabel":"शीर्षकः"},{"$i":"location","ariaLabel":"स्थानम्"},{"$i":"duration","ariaLabel":"कालः"},{"$i":"calendar","ariaLabel":"दैनन्दिनी"},{"$i":"alarms","ariaLabel":"क्वणनघट्यः"},{"$i":"description","ariaLabel":"विवरणम्"},{"$i":"start-date","ariaLabel":"प्रारम्भस्य तिथिः"},{"$i":"start-time","ariaLabel":"समयः प्रारम्भः"},{"$i":"end-date","ariaLabel":"अन्तिमतिथिः"},{"$i":"end-time","ariaLabel":"अन्तिमसमयः"},{"$i":"during-progress-loading","ariaValueText":"आरोपयति"},{"$i":"all-day","ariaLabel":"प्रतिदिनम्"},{"$i":"create-event","ariaLabel":"ईवेंट निर्माणं करोतु"},{"$i":"create-all-day-event","ariaLabel":"प्रतिदिनस्य ईवेंट निर्माणं करोतु"},{"$i":"event-one-day-duration","ariaLabel":[{"t":"idOrVar","v":"startTime"}," ",{"t":"idOrVar","v":"endTime"}," पर्यन्तम्"]},{"$i":"week-event-one-day-duration","ariaLabel":[{"t":"idOrVar","v":"startDate"}," तः ",{"t":"idOrVar","v":"startTime"}," ",{"t":"idOrVar","v":"endTime"}," पर्यन्तम्"]},{"$i":"event-multiple-day-duration","ariaLabel":[{"t":"idOrVar","v":"endTime"}," ",{"t":"idOrVar","v":"startDate"}," प्रति ",{"t":"idOrVar","v":"endTime"}," ",{"t":"idOrVar","v":"startDate"}]},{"$i":"tcl-event-added","$v":"घटनायोजितम्"},{"$i":"tcl-event-updated","$v":"घटनापडेटेड"},{"$i":"tcl-event-deleted","$v":"घटना अपसारितम्"},{"$i":"tcl-change-save","$v":"परिवर्तनानि सुरक्षितानि"},{"$i":"tcl-event-calendar","$v":"दैनन्दिनी"},{"$i":"tcl-single-event","$v":"वृत्तान्तम्"},{"$i":"tcl-event-count","$v":"घटनाः"},{"$i":"tcl-sync-progress-syncing","$v":"सिंक करोति"},{"$i":"tcl-sync-progress-complete","$v":"समाकलनं समाप्तम्"},{"$i":"tcl-settings-sounds","$v":"ध्वनिः"},{"$i":"tcl-tones","$v":"टन"},{"$i":"tcl-multi-events","$v":"घटनाः"},{"$i":"tcl-confirmation-title","$v":"अनुमोदनम्"},{"$i":"tcl-delete-selectedEvent-confirmation","$v":"चयनितं ईवेंट अपमर्जतु?"},{"$i":"tcl-deleteEvent-confirmation","$v":"ईवेंट अपमर्जतु?"},{"$i":"tcl-event-search-header","$v":"अन्विष्यताम्","placeholder":"अन्विष्यताम्"},{"$i":"tcl-event-search-upcoming-events","$v":"आगन्तुं कार्यक्रमम्"},{"$i":"tcl-delete","$v":"लुप्यताम्"},{"$i":"tcl-cancel","$v":"निरस्यताम्"},{"$i":"tcl-dialog-delete-sel","$v":"किं भवान् निश्चयेन चयनितान् ईवेंट डिलिटकर्तुमिच्छति?"},{"$i":"tcl-delete-title","$v":"ईवेंट अपमर्जतु"},{"$i":"tcl-save-changes","$v":"परिवर्तनं सुरक्षितं करोतु?"},{"$i":"tcl-save-message-back","$v":"सर्वं प्रवेशितडाटा विलीनं भविष्यति । किं भवान् परिवर्तनानि रक्षितुमिच्छति?"},{"$i":"tcl-save-message-close","$v":"एप्लिकेशन डेटाहानिसहितं पिधानं भविष्यति । किं भवान् परिवर्तनानि रक्षितुमिच्छति?"},{"$i":"yes","$v":"भवतु"},{"$i":"no","$v":"मा भवतु"},{"$i":"confirmation","$v":"अनुमोदनम्"},{"$i":"ok","$v":"नुदताम्"},{"$i":"delete-event","$v":"चयनितं ईवेंट अपमर्जतु?"},{"$i":"tcl-settings-header","$v":"प्रदर्शितुं कैलेंडरः"},{"$i":"tcl-syncing","$v":"सिंक करोति..."},{"$i":"tcl-syncing-header","$v":"अकाउंट समन्वयनम्"},{"$i":"options","$v":"विकल्पाः"},{"$i":"select","$v":"चिनोतु"},{"$i":"add-event","$v":"कार्यक्रमं योजयतु"},{"$i":"weekly-view","$v":"साप्ताहिदृश्यम्"},{"$i":"day-view","$v":"दिनं पश्यतु"},{"$i":"month-view","$v":"मासः प्रश्यतु"},{"$i":"today","$v":"अद्य"},{"$i":"go","$v":"दिनांके गच्छतु"},{"$i":"search","$v":"अन्विष्यताम्"},{"$i":"calendar-to-display","$v":"प्रदर्शितुं कैलेंडरः"},{"$i":"settings","$v":"व्यवस्थापनम्"},{"$i":"delete","$v":"लुप्यताम्"},{"$i":"enter","$v":"Enter"},{"$i":"sync-calendar","$v":"कैलेंडरं समन्वयितं करोतु"},{"$i":"present-description","$v":["आज ",{"t":"idOrVar","v":"weekday"}," ",{"t":"idOrVar","v":"date"}," वें"]},{"$i":"day-description","$v":[{"t":"idOrVar","v":"weekday"}," ",{"t":"idOrVar","v":"date"}," तम"]},{"$i":"weekday-5","$v":"शुक्रवासरः"},{"$i":"weekday-4","$v":"गुरुवासरः"},{"$i":"weekday-3","$v":"बुधवासरः"},{"$i":"weekday-2","$v":"मङ्गलवासरः"},{"$i":"weekday-1","$v":"सोमवासरः"},{"$i":"weekday-0","$v":"रविवासरः"},{"$i":"weekday-6","$v":"शनिवासरः"},{"$i":"no-title","$v":"(शीर्षको नास्ति)"},{"$i":"weekday-0-long","$v":"रविवासरः"},{"$i":"weekday-1-long","$v":"सोमवासरः"},{"$i":"weekday-2-long","$v":"मङ्गलवासरः"},{"$i":"weekday-3-long","$v":"बुधवासरः"},{"$i":"weekday-4-long","$v":"गुरुवासरः"},{"$i":"weekday-5-long","$v":"शुक्रवासरः"},{"$i":"weekday-6-long","$v":"शनिवासरः"},{"$i":"weekday-0-short","$v":"रविः"},{"$i":"weekday-1-short","$v":"सोम"},{"$i":"weekday-2-short","$v":"मंगलवारः"},{"$i":"weekday-3-short","$v":"मेल करनम्"},{"$i":"weekday-4-short","$v":"गुरुवारः"},{"$i":"weekday-5-short","$v":"शुक्र"},{"$i":"weekday-6-short","$v":"उपवेशितम्"},{"$i":"month-0-long","$v":"जनवरी"},{"$i":"month-1-long","$v":"फरवरी"},{"$i":"month-2-long","$v":"मार्च"},{"$i":"month-3-long","$v":"अप्रैल"},{"$i":"month-4-long","$v":"मई"},{"$i":"month-5-long","$v":"जून"},{"$i":"month-6-long","$v":"जुलाई"},{"$i":"month-7-long","$v":"अगस्त"},{"$i":"month-8-long","$v":"सितम्बरः"},{"$i":"month-9-long","$v":"अक्टूबरः"},{"$i":"month-10-long","$v":"नवम्बरः"},{"$i":"month-11-long","$v":"दिसम्बरः"},{"$i":"month-0-genitive","$v":"जनवरी"},{"$i":"month-1-genitive","$v":"फरवरी"},{"$i":"month-2-genitive","$v":"मार्च"},{"$i":"month-3-genitive","$v":"अप्रैल"},{"$i":"month-4-genitive","$v":"मई"},{"$i":"month-5-genitive","$v":"जून"},{"$i":"month-6-genitive","$v":"जुलाई"},{"$i":"month-7-genitive","$v":"अगस्त"},{"$i":"month-8-genitive","$v":"सितम्बरः"},{"$i":"month-9-genitive","$v":"अक्टूबरः"},{"$i":"month-10-genitive","$v":"नवम्बरः"},{"$i":"month-11-genitive","$v":"दिसम्बरः"},{"$i":"month-0-short","$v":"जनवरी"},{"$i":"month-1-short","$v":"फेव"},{"$i":"month-2-short","$v":"मार्च"},{"$i":"month-3-short","$v":"अप्रैल"},{"$i":"month-4-short","$v":"मई"},{"$i":"month-5-short","$v":"जनवरी"},{"$i":"month-6-short","$v":"जुलाई"},{"$i":"month-7-short","$v":"अगस्त"},{"$i":"month-8-short","$v":"सितम्बरः"},{"$i":"month-9-short","$v":"अक्टूबरः"},{"$i":"month-10-short","$v":"नवम्बरः"},{"$i":"month-11-short","$v":"डीईसी"},{"$i":"minutes-ago-long","$v":{"zero":"अधुना","one":"एकमिनट पूर्वम्","two":[{"t":"idOrVar","v":"value"}," मिनिटपूर्वम्"],"few":[{"t":"idOrVar","v":"value"}," मिनिटपूर्वम्"],"many":[{"t":"idOrVar","v":"value"}," मिनिटपूर्वम्"],"other":[{"t":"idOrVar","v":"value"}," मिनिटपूर्वम्"]},"$x":[{"t":"idOrVar","v":"plural"},"value"]},{"$i":"hours-ago-long","$v":{"zero":"अधुना","one":"एकघंटा पूर्वम्","two":[{"t":"idOrVar","v":"value"}," घटिकापूर्वम्"],"few":[{"t":"idOrVar","v":"value"}," घटिकापूर्वम्"],"many":[{"t":"idOrVar","v":"value"}," घटिकापूर्वम्"],"other":[{"t":"idOrVar","v":"value"}," घटिकापूर्वम्"]},"$x":[{"t":"idOrVar","v":"plural"},"value"]},{"$i":"days-ago-long","$v":{"zero":"अद्य","one":"ह्यः","two":[{"t":"idOrVar","v":"value"}," दिनपूर्वम्"],"few":[{"t":"idOrVar","v":"value"}," दिनपूर्वम्"],"many":[{"t":"idOrVar","v":"value"}," दिनपूर्वम्"],"other":[{"t":"idOrVar","v":"value"}," दिनपूर्वम्"]},"$x":[{"t":"idOrVar","v":"plural"},"value"]},{"$i":"weeks-ago-long","$v":{"zero":"अस्मिन् सप्ताहे","one":"ह्यः सप्ताहे","two":[{"t":"idOrVar","v":"value"}," सप्ताहपूर्वम्"],"few":[{"t":"idOrVar","v":"value"}," सप्ताहपूर्वम्"],"many":[{"t":"idOrVar","v":"value"}," सप्ताहपूर्वम्"],"other":[{"t":"idOrVar","v":"value"}," सप्ताहपूर्वम्"]},"$x":[{"t":"idOrVar","v":"plural"},"value"]},{"$i":"months-ago-long","$v":{"zero":"अस्मिन् मासे","one":"ह्यः मासे","two":[{"t":"idOrVar","v":"value"}," मासपूर्वम्"],"few":[{"t":"idOrVar","v":"value"}," मासपूर्वम्"],"many":[{"t":"idOrVar","v":"value"}," मासपूर्वम्"],"other":[{"t":"idOrVar","v":"value"}," मासपूर्वम्"]},"$x":[{"t":"idOrVar","v":"plural"},"value"]},{"$i":"years-ago-long","$v":{"zero":"अस्मिन् वर्षे","one":"ह्यः वर्षे","two":[{"t":"idOrVar","v":"value"}," वर्षपूर्वम्"],"few":[{"t":"idOrVar","v":"value"}," वर्षपूर्वम्"],"many":[{"t":"idOrVar","v":"value"}," वर्षपूर्वम्"],"other":[{"t":"idOrVar","v":"value"}," वर्षपूर्वम्"]},"$x":[{"t":"idOrVar","v":"plural"},"value"]},{"$i":"minutes-until-long","$v":{"zero":"अधुना","one":"एकमिनटमध्ये","two":[{"t":"idOrVar","v":"value"}," निमेषात्मके"],"few":[{"t":"idOrVar","v":"value"}," निमेषात्मके"],"many":[{"t":"idOrVar","v":"value"}," निमेषात्मके"],"other":[{"t":"idOrVar","v":"value"}," निमेषात्मके"]},"$x":[{"t":"idOrVar","v":"plural"},"value"]},{"$i":"hours-until-long","$v":{"zero":"अधुना","one":"एकघंटात्मके","two":[{"t":"idOrVar","v":"value"}," घंटात्मके"],"few":[{"t":"idOrVar","v":"value"}," घंटात्मके"],"many":[{"t":"idOrVar","v":"value"}," घंटात्मके"],"other":[{"t":"idOrVar","v":"value"}," घंटात्मके"]},"$x":[{"t":"idOrVar","v":"plural"},"value"]},{"$i":"days-until-long","$v":{"zero":"अद्य","one":"श्वः","two":[{"t":"idOrVar","v":"value"}," दिनात्मके"],"few":[{"t":"idOrVar","v":"value"}," दिनात्मके"],"many":[{"t":"idOrVar","v":"value"}," दिनात्मके"],"other":[{"t":"idOrVar","v":"value"}," दिनात्मके"]},"$x":[{"t":"idOrVar","v":"plural"},"value"]},{"$i":"weeks-until-long","$v":{"zero":"अस्मिन् सप्ताहे","one":"श्वः सप्ताहे","two":[{"t":"idOrVar","v":"value"}," सप्ताहात्मके"],"few":[{"t":"idOrVar","v":"value"}," सप्ताहात्मके"],"many":[{"t":"idOrVar","v":"value"}," सप्ताहात्मके"],"other":[{"t":"idOrVar","v":"value"}," सप्ताहात्मके"]},"$x":[{"t":"idOrVar","v":"plural"},"value"]},{"$i":"months-until-long","$v":{"zero":"अस्मिन् मासे","one":"श्वः मासे","two":[{"t":"idOrVar","v":"value"}," मासात्मके"],"few":[{"t":"idOrVar","v":"value"}," मासात्मके"],"many":[{"t":"idOrVar","v":"value"}," मासात्मके"],"other":[{"t":"idOrVar","v":"value"}," मासात्मके"]},"$x":[{"t":"idOrVar","v":"plural"},"value"]},{"$i":"years-until-long","$v":{"zero":"अस्मिन् वर्षे","one":"श्वः वर्षे","two":[{"t":"idOrVar","v":"value"}," वर्षात्मके"],"few":[{"t":"idOrVar","v":"value"}," वर्षात्मके"],"many":[{"t":"idOrVar","v":"value"}," वर्षात्मके"],"other":[{"t":"idOrVar","v":"value"}," वर्षात्मके"]},"$x":[{"t":"idOrVar","v":"plural"},"value"]},{"$i":"minutes-ago-short","$v":{"zero":"अधुना","other":[{"t":"idOrVar","v":"value"},"m पूर्वम्"]},"$x":[{"t":"idOrVar","v":"plural"},"value"]},{"$i":"hours-ago-short","$v":{"zero":"अधुना","other":[{"t":"idOrVar","v":"value"},"h पूर्वम्"]},"$x":[{"t":"idOrVar","v":"plural"},"value"]},{"$i":"days-ago-short","$v":{"zero":"अद्य","other":[{"t":"idOrVar","v":"value"},"d पूर्वम्"]},"$x":[{"t":"idOrVar","v":"plural"},"value"]},{"$i":"minutes-until-short","$v":{"zero":"अधुना","other":[{"t":"idOrVar","v":"value"}," m"]},"$x":[{"t":"idOrVar","v":"plural"},"value"]},{"$i":"hours-until-short","$v":{"zero":"अधुना","other":[{"t":"idOrVar","v":"value"}," h"]},"$x":[{"t":"idOrVar","v":"plural"},"value"]},{"$i":"days-until-short","$v":{"zero":"अद्य","other":[{"t":"idOrVar","v":"value"}," d"]},"$x":[{"t":"idOrVar","v":"plural"},"value"]},{"$i":"incorrectDate","$v":"(त्रुटिदिनांकः)"},{"$i":"dateTimeFormat_%c","$v":"%a %b %e %Y %I:%M:%S %p"},{"$i":"dateTimeFormat_%x","$v":"%m/%d/%Y"},{"$i":"dateTimeFormat_%X","$v":"%I:%M:%S %p"},{"$i":"shortTimeFormat","$v":"%I:%M %p"},{"$i":"shortTimeFormat12","$v":"%I:%M %p"},{"$i":"shortTimeFormat24","$v":"%H:%M"},{"$i":"shortDateTimeFormat","$v":"%x %I:%M %p"},{"$i":"weekStartsOnMonday","$v":"0"},{"$i":"firstDayOfTheWeek","$v":"0"},{"$i":"time_am","$v":"AM"},{"$i":"time_pm","$v":"PM"},{"$i":"softkey-options","$v":"विकल्पाः"}]