[{"$i":"back","$v":"ᱨᱩᱣᱮᱲ"},{"$i":"save","$v":"ᱡᱚᱜᱟᱣᱡᱟᱜᱟ ᱫᱚ ᱵᱟᱝ ᱮᱥᱠᱮᱱ ᱫᱟᱲᱤᱭᱟᱜ-ᱟ."},{"$i":"hide","$v":"ᱩᱠᱩ"},{"$i":"cancel","$v":"ᱢᱩᱪᱮᱫ"},{"$i":"confirm","$v":"ᱜᱚᱴᱟ"},{"$i":"done","$v":"ᱦᱚᱭᱱᱟ"},{"$i":"events","$v":"ᱢᱟᱞᱤ~ᱢᱟᱞᱟ ᱫᱤᱥᱮᱫᱚᱦᱚᱣᱟᱜ"},{"$i":"edit","$v":"ᱟᱨᱩ"},{"$i":"allday-events","$v":"ᱡᱚᱛᱚ ᱢᱟᱦᱟ ᱢᱟᱞᱤ~ᱢᱟᱞᱟ ᱫᱤᱥᱮᱣᱟᱜ"},{"$i":"no-events","$v":"ᱵᱟᱱᱩᱜ-ᱟ ᱢᱟᱞᱤ~ᱢᱟᱞᱟ ᱠᱚ"},{"$i":"default","$v":"ᱟᱥᱚᱞ"},{"$i":"sync","$v":"ᱥᱤᱸᱜᱠᱨᱳᱱᱟᱭᱤᱡ"},{"$i":"show-today","$v":"ᱛᱤᱦᱤᱧ"},{"$i":"show-month-view","$v":"ᱪᱟᱱᱫᱩ"},{"$i":"show-week-view","$v":"ᱦᱚᱯᱛᱟ"},{"$i":"show-day-view","$v":"ᱢᱟᱦᱟ"},{"$i":"settings-show","$v":"ᱥᱮᱴᱤᱸᱜ"},{"$i":"settings-hide","$v":"ᱩᱠᱩ ᱥᱮᱴᱤᱸᱜ"},{"$i":"add-account","$v":"ᱠᱷᱟᱛᱟ ᱨᱮ ᱥᱮᱞᱮᱫ"},{"$i":"new-event","$v":"ᱢᱟᱞᱤ~ᱢᱟᱢᱞᱟ ᱥᱮᱞᱮᱫ"},{"$i":"view-event-header","$v":"ᱢᱟᱞᱤ~ᱢᱟᱢᱞᱟ ᱵᱤᱵᱚᱨᱚᱱ ᱠᱚ"},{"$i":"new-event-header","$v":"ᱢᱟᱞᱤ~ᱢᱟᱢᱞᱟ ᱥᱮᱞᱮᱫ"},{"$i":"edit-event-header","$v":"ᱢᱟᱞᱤ~ᱢᱟᱢᱞᱟ ᱟᱹᱨᱩ"},{"$i":"account-header","$v":"ᱠᱷᱟᱛᱟ"},{"$i":"account-list-header","$v":"ᱠᱷᱟᱛᱟ ᱠᱚ"},{"$i":"advanced-settings-short-icon-button","ariaLabel":"ᱥᱮᱴᱤᱸᱜ"},{"$i":"advanced-settings-header","$v":"ᱯᱟᱸᱡᱤ ᱥᱮᱴᱤᱸᱜ"},{"$i":"advanced-settings-personalization","$v":"ᱯᱷᱹᱤᱨᱠᱣᱮᱸᱥᱤ ᱱᱟᱭᱟᱣ ᱢᱮ"},{"$i":"advanced-settings-reminders","$v":"ᱫᱤᱥᱮᱣᱟᱜ"},{"$i":"advanced-settings-add-account","$v":"ᱠᱷᱟᱛᱟ ᱥᱮᱞᱮᱫ"},{"$i":"field-user","$v":"ᱵᱮᱵᱷᱟᱨᱤᱡ ᱧᱩᱛᱩᱢ"},{"$i":"field-password","$v":"ᱯᱟᱥᱣᱟᱨᱰ"},{"$i":"show-password","$v":"ᱯᱟᱥᱣᱟᱨᱰ ᱥᱚᱫᱚᱨ"},{"$i":"field-full-url","$v":"URL"},{"$i":"modify-account-setting-up","$v":"ᱱᱮᱦᱚᱨ ᱛᱟᱝ ᱜᱤ ᱢᱮ ᱡᱚᱠᱷᱚᱱ ᱟᱢᱟᱜ ᱠᱷᱟᱛᱟ ᱫᱚ ᱵᱮᱭᱥᱮᱣᱜ-ᱟ"},{"$i":"modify-account-unable-to-sync","$v":"ᱵᱟᱝ ᱮᱢ ᱥᱤᱸᱜᱠᱨᱳᱱᱟᱭᱤᱡ ᱫᱟᱲᱤᱭᱟᱜ-ᱟ"},{"$i":"modify-account-sign-in","$v":"ᱥᱟᱭᱤᱱ ᱤᱱ"},{"$i":"tcl-caldav","$v":"CalDav"},{"$i":"tcl-yahoo","$v":"Yahoo!"},{"$i":"tcl-google","$v":"Google"},{"$i":"preset-mozilla","$v":"Mozilla ᱡᱤᱢᱵᱨᱟ"},{"$i":"calendar-local","$v":"ᱯᱷᱹᱚᱱ ᱯᱟᱸᱡᱤ"},{"$i":"event-title","$v":"ᱯᱟᱨᱤᱥ"},{"$i":"event-location","$v":"ᱴᱚᱴᱟ"},{"$i":"event-description","$v":"ᱪᱤᱭᱮ"},{"$i":"event-is-allday","$v":"ᱡᱚᱛᱚ ᱢᱟᱢᱟ ᱢᱟᱞᱤ~ᱢᱟᱞᱟ"},{"$i":"event-start-date","$v":"ᱮᱦᱚᱵ ᱛᱟᱨᱤᱠᱷ"},{"$i":"event-end-date","$v":"ᱥᱮᱥ ᱛᱟᱨᱤᱠᱷ"},{"$i":"event-start-time","$v":"ᱚᱠᱛᱮ ᱮᱦᱚᱵ"},{"$i":"event-end-time","$v":"ᱥᱮᱥ ᱚᱠᱛᱮ"},{"$i":"event-delete","$v":"ᱢᱟᱞᱤ~ᱢᱟᱢᱞᱟ ᱢᱮᱴᱟᱣ"},{"$i":"remove-account-data","$v":"ᱯᱟᱸᱡᱤ ᱠᱷᱟᱛᱟ ᱚᱪᱚᱜ"},{"$i":"remove-account-dialog","$v":"ᱠᱷᱟᱛᱟ ᱚᱪᱚᱜ"},{"$i":"remove-account-dialog-details","$v":["ᱚᱪᱚᱜ \"",{"t":"idOrVar","v":"email"},"\" ᱟᱢᱟᱜ ᱭᱚᱱᱛᱨᱚ ᱠᱷᱚᱱ?"]},{"$i":"remove","$v":"ᱚᱪᱚᱜ"},{"$i":"drawer-sync-icon-button","ariaLabel":"ᱥᱤᱸᱜᱠᱨᱳᱱᱟᱭᱤᱡ"},{"$i":"sync-progress-syncing","ariaValueText":"ᱥᱤᱸᱜᱚᱜ ᱠᱟᱱᱟ"},{"$i":"sync-progress-complete","ariaValueText":"ᱥᱤᱸᱜᱚᱜ ᱫᱚ ᱥᱮᱛ ᱱᱟ"},{"$i":"sync-frequency","$v":"ᱯᱟᱱᱡᱤ ᱥᱤᱸᱜᱠᱨᱳᱱᱟᱭᱤᱡ"},{"$i":"sync-frequency-15min","$v":"ᱡᱚᱛᱚ 15 ᱴᱤᱡᱠᱚ"},{"$i":"sync-frequency-30min","$v":"ᱡᱚᱛᱚ 30 ᱴᱤᱡᱠᱚ"},{"$i":"sync-frequency-manual","$v":"ᱟᱯᱱᱟᱨ ᱛᱮ"},{"$i":"one-day-duration-title","$v":[{"t":"idOrVar","v":"startDate"}]},{"$i":"one-day-duration-content","$v":[{"t":"idOrVar","v":"startTime"}," ᱛᱮ ",{"t":"idOrVar","v":"endTime"}]},{"$i":"multiple-day-duration-title","$v":["ᱠᱷᱚᱱ ",{"t":"idOrVar","v":"startTime"}," ",{"t":"idOrVar","v":"startDate"}]},{"$i":"multiple-day-duration-content","$v":["ᱛᱮ ",{"t":"idOrVar","v":"endTime"}," ",{"t":"idOrVar","v":"endDate"}]},{"$i":"one-all-day-duration-title","$v":"ᱡᱚᱛᱚ ᱢᱟᱦᱟ"},{"$i":"one-all-day-duration-content","$v":[{"t":"idOrVar","v":"startDate"}]},{"$i":"multiple-all-day-duration-title","$v":["ᱡᱚᱛᱚ ᱢᱟᱦᱟ ᱠᱷᱚᱱ ",{"t":"idOrVar","v":"startDate"}]},{"$i":"multiple-all-day-duration-content","$v":["ᱛᱮ ",{"t":"idOrVar","v":"endDate"}]},{"$i":"none","$v":"ᱪᱤᱫᱜᱮᱵᱟᱱᱩ-ᱟ"},{"$i":"reminder","$v":"ᱢᱟᱞᱤ~ᱢᱟᱢᱞᱟ ᱫᱤᱥᱮᱫᱚᱦᱚᱣᱚᱜ"},{"$i":"remind-me","$v":"ᱫᱤᱥᱮᱭ ᱫᱤᱧ ᱠᱟᱱᱟᱢ"},{"$i":"alarm-at-event-standard","$v":"ᱢᱟᱞᱤ~ᱢᱟᱢᱞᱟ ᱢᱤᱛ ᱚᱠᱛᱮ ᱨᱮ"},{"$i":"alarm-at-event-allday","$v":"ᱢᱟᱤᱛ ᱢᱟᱦᱟ ᱨᱮᱭᱟᱜ ᱢᱟᱞᱤ~ᱢᱟᱞᱟ"},{"$i":"alarm-start-notice","$v":[{"t":"idOrVar","v":"title"}," ᱮᱦᱚᱵᱚᱜ ᱠᱟᱱᱟ ",{"t":"idOrVar","v":"distance"}]},{"$i":"alarm-started-notice","$v":[{"t":"idOrVar","v":"title"}," ᱮᱦᱚᱵ ᱟᱠᱟᱱᱟ ",{"t":"idOrVar","v":"distance"}]},{"$i":"minutes-before","$v":{"zero":"0 ᱴᱤᱯᱤᱡ ᱠᱚ ᱞᱟᱦᱟ","one":"1 ᱴᱤᱯᱤᱡ ᱞᱟᱦᱟ","two":[{"t":"idOrVar","v":"value"}," ᱴᱤᱯᱤᱡ ᱞᱟᱦᱟ"],"few":[{"t":"idOrVar","v":"value"}," ᱴᱤᱯᱤᱡ ᱞᱟᱦᱟ"],"many":[{"t":"idOrVar","v":"value"}," ᱴᱤᱯᱤᱡ ᱞᱟᱦᱟ"],"other":[{"t":"idOrVar","v":"value"}," ᱴᱤᱯᱤᱡ ᱞᱟᱦᱟ"]},"$x":[{"t":"idOrVar","v":"plural"},"value"]},{"$i":"hours-before","$v":{"zero":"0 ᱜᱷᱚᱱᱴᱟ ᱞᱟᱦᱟ","one":"1 ᱜᱷᱚᱱᱴᱟ ᱞᱟᱦᱟ","two":[{"t":"idOrVar","v":"value"}," ᱜᱷᱚᱱᱴᱟ ᱞᱟᱦᱟ"],"few":[{"t":"idOrVar","v":"value"}," ᱜᱷᱚᱱᱴᱟ ᱞᱟᱦᱟ"],"many":[{"t":"idOrVar","v":"value"}," ᱜᱷᱚᱱᱴᱟ ᱞᱟᱦᱟ"],"other":[{"t":"idOrVar","v":"value"}," ᱜᱷᱚᱱᱴᱟ ᱞᱟᱦᱟ"]},"$x":[{"t":"idOrVar","v":"plural"},"value"]},{"$i":"days-before","$v":{"zero":"0 ᱢᱟᱦᱟ ᱠᱚ ᱞᱟᱦᱟ","one":"1 ᱢᱟᱦᱟ ᱞᱟᱦᱟ","two":[{"t":"idOrVar","v":"value"}," ᱢᱟᱦᱟ ᱠᱚ ᱞᱟᱦᱟ"],"few":[{"t":"idOrVar","v":"value"}," ᱢᱟᱦᱟ ᱠᱚ ᱞᱟᱦᱟ"],"many":[{"t":"idOrVar","v":"value"}," ᱢᱟᱦᱟ ᱠᱚ ᱞᱟᱦᱟ"],"other":[{"t":"idOrVar","v":"value"}," ᱢᱟᱦᱟ ᱠᱚ ᱞᱟᱦᱟ"]},"$x":[{"t":"idOrVar","v":"plural"},"value"]},{"$i":"weeks-before","$v":{"zero":"0 ᱦᱚᱯᱛᱟ ᱠᱚ ᱞᱟᱦᱟ","one":"1 ᱦᱚᱯᱛᱟ ᱞᱟᱦᱟ","two":[{"t":"idOrVar","v":"value"}," ᱦᱚᱯᱛᱟ ᱠᱚ ᱞᱟᱦᱟ"],"few":[{"t":"idOrVar","v":"value"}," ᱦᱚᱯᱛᱟ ᱠᱚ ᱞᱟᱦᱟ"],"many":[{"t":"idOrVar","v":"value"}," ᱦᱚᱯᱛᱟ ᱠᱚ ᱞᱟᱦᱟ"],"other":[{"t":"idOrVar","v":"value"}," ᱦᱚᱯᱛᱟ ᱠᱚ ᱞᱟᱦᱟ"]},"$x":[{"t":"idOrVar","v":"plural"},"value"]},{"$i":"months-before","$v":{"zero":"0 ᱪᱟᱸᱫᱩ ᱠᱚ ᱞᱟᱦᱟ","one":"1 ᱪᱟᱸᱫᱩ ᱞᱟᱦᱟ","two":[{"t":"idOrVar","v":"value"}," ᱪᱟᱸᱫᱩ ᱠᱚ ᱞᱟᱦᱟ"],"few":[{"t":"idOrVar","v":"value"}," ᱪᱟᱸᱫᱩ ᱠᱚ ᱞᱟᱦᱟ"],"many":[{"t":"idOrVar","v":"value"}," ᱪᱟᱸᱫᱩ ᱠᱚ ᱞᱟᱦᱟ"],"other":[{"t":"idOrVar","v":"value"}," ᱪᱟᱸᱫᱩ ᱠᱚ ᱞᱟᱦᱟ"]},"$x":[{"t":"idOrVar","v":"plural"},"value"]},{"$i":"years-before","$v":{"zero":"0 ᱥᱮᱨᱢᱟ ᱠᱚ ᱞᱟᱦᱟ","one":"1 ᱥᱮᱨᱢᱟ ᱞᱟᱦᱟ","two":[{"t":"idOrVar","v":"value"}," ᱥᱮᱨᱢᱟ ᱞᱟᱦᱟ"],"few":[{"t":"idOrVar","v":"value"}," ᱥᱮᱨᱢᱟ ᱞᱟᱦᱟ"],"many":[{"t":"idOrVar","v":"value"}," ᱥᱮᱨᱢᱟ ᱞᱟᱦᱟ"],"other":[{"t":"idOrVar","v":"value"}," ᱥᱮᱨᱢᱟ ᱞᱟᱦᱟ"]},"$x":[{"t":"idOrVar","v":"plural"},"value"]},{"$i":"minutes-after","$v":{"zero":"0 ᱴᱤᱯᱤᱡ ᱠᱚ ᱯᱚᱨᱮ","one":"1 ᱴᱤᱯᱤᱡ ᱯᱚᱨᱮ","two":[{"t":"idOrVar","v":"value"}," ᱴᱤᱯᱤᱡ ᱯᱚᱨᱮ"],"few":[{"t":"idOrVar","v":"value"}," ᱴᱤᱯᱤᱡ ᱯᱚᱨᱮ"],"many":[{"t":"idOrVar","v":"value"}," ᱴᱤᱯᱤᱡ ᱯᱚᱨᱮ"],"other":[{"t":"idOrVar","v":"value"}," ᱴᱤᱯᱤᱡ ᱯᱚᱨᱮ"]},"$x":[{"t":"idOrVar","v":"plural"},"value"]},{"$i":"hours-after","$v":{"zero":"0 ᱜᱷᱚᱱᱴᱟ ᱯᱚᱨᱮ","one":"1 ᱜᱷᱚᱱᱴᱟ ᱯᱚᱨᱮ","two":[{"t":"idOrVar","v":"value"}," ᱜᱷᱚᱱᱴᱟ ᱯᱚᱨᱮ"],"few":[{"t":"idOrVar","v":"value"}," ᱜᱷᱚᱱᱴᱟ ᱯᱚᱨᱮ"],"many":[{"t":"idOrVar","v":"value"}," ᱜᱷᱚᱱᱴᱟ ᱯᱚᱨᱮ"],"other":[{"t":"idOrVar","v":"value"}," ᱜᱷᱚᱱᱴᱟ ᱯᱚᱨᱮ"]},"$x":[{"t":"idOrVar","v":"plural"},"value"]},{"$i":"days-after","$v":{"zero":"0 ᱢᱟᱦᱟ ᱠᱚ ᱯᱚᱨᱮ","one":"1 ᱢᱟᱦᱟ ᱯᱚᱨᱮ","two":[{"t":"idOrVar","v":"value"}," ᱢᱟᱦᱟ ᱠᱚ ᱯᱚᱨᱮ"],"few":[{"t":"idOrVar","v":"value"}," ᱢᱟᱦᱟ ᱠᱚ ᱯᱚᱨᱮ"],"many":[{"t":"idOrVar","v":"value"}," ᱢᱟᱦᱟ ᱠᱚ ᱯᱚᱨᱮ"],"other":[{"t":"idOrVar","v":"value"}," ᱢᱟᱦᱟ ᱠᱚ ᱯᱚᱨᱮ"]},"$x":[{"t":"idOrVar","v":"plural"},"value"]},{"$i":"weeks-after","$v":{"zero":"0 ᱦᱚᱯᱛᱟ ᱠᱚ ᱯᱚᱨᱮ","one":"1 ᱦᱚᱯᱛᱟ ᱯᱚᱨᱮ","two":[{"t":"idOrVar","v":"value"}," ᱦᱚᱯᱛᱟ ᱠᱚ ᱯᱚᱨᱮ"],"few":[{"t":"idOrVar","v":"value"}," ᱦᱚᱯᱛᱟ ᱠᱚ ᱯᱚᱨᱮ"],"many":[{"t":"idOrVar","v":"value"}," ᱦᱚᱯᱛᱟ ᱠᱚ ᱯᱚᱨᱮ"],"other":[{"t":"idOrVar","v":"value"}," ᱦᱚᱯᱛᱟ ᱠᱚ ᱯᱚᱨᱮ"]},"$x":[{"t":"idOrVar","v":"plural"},"value"]},{"$i":"months-after","$v":{"zero":"0 ᱪᱟᱸᱫᱩ ᱠᱚ ᱯᱚᱨᱮ","one":"1 ᱪᱟᱸᱫᱩ ᱯᱚᱨᱮ","two":[{"t":"idOrVar","v":"value"}," ᱪᱟᱸᱫᱩ ᱠᱚ ᱯᱚᱨᱮ"],"few":[{"t":"idOrVar","v":"value"}," ᱪᱟᱸᱫᱩ ᱠᱚ ᱯᱚᱨᱮ"],"many":[{"t":"idOrVar","v":"value"}," ᱪᱟᱸᱫᱩ ᱠᱚ ᱯᱚᱨᱮ"],"other":[{"t":"idOrVar","v":"value"}," ᱪᱟᱸᱫᱩ ᱠᱚ ᱯᱚᱨᱮ"]},"$x":[{"t":"idOrVar","v":"plural"},"value"]},{"$i":"years-after","$v":{"zero":"0 ᱥᱮᱨᱢᱟ ᱠᱚ ᱯᱚᱨᱮ","one":"1 ᱥᱮᱨᱢᱟ ᱯᱚᱨᱮ","two":[{"t":"idOrVar","v":"value"}," ᱥᱮᱨᱢᱟ ᱯᱚᱨᱮ"],"few":[{"t":"idOrVar","v":"value"}," ᱥᱮᱨᱢᱟ ᱯᱚᱨᱮ"],"many":[{"t":"idOrVar","v":"value"}," ᱥᱮᱨᱢᱟ ᱯᱚᱨᱮ"],"other":[{"t":"idOrVar","v":"value"}," ᱥᱮᱨᱢᱟ ᱯᱚᱨᱮ"]},"$x":[{"t":"idOrVar","v":"plural"},"value"]},{"$i":"hour-format12","$v":"%I %p"},{"$i":"hour-format24","$v":"%H"},{"$i":"week-hour-format12","$v":"%I %p"},{"$i":"week-hour-format24","$v":"%H"},{"$i":"hour-allday","$v":"ᱡᱚᱛᱚ ᱢᱟᱦᱟ"},{"$i":"tcl-week-day","$v":"%a\\n%e"},{"$i":"current-time12","$v":"%I:%M"},{"$i":"current-time24","$v":"%H:%M"},{"$i":"multi-month-view-header-format","$v":"%B %Y"},{"$i":"day-view-header-format","$v":"%A, %b %e"},{"$i":"months-day-view-header-format","$v":"%A, %b %e"},{"$i":"months-day-view-header-format-small","$v":{"$o":"%a <br/> %b, %e"}},{"$i":"week-view-header-format","$v":["ᱦᱚᱯᱛᱟ ",{"t":"idOrVar","v":"value"},", %B %Y"]},{"$i":"longDateFormat","$v":"%A, %B %d, %Y"},{"$i":"longTimeFormat","$v":"%A %B %d"},{"$i":"longTimeFormat12","$v":"%A %B %d %I %p"},{"$i":"longTimeFormat24","$v":"%A %B %d %H ᱵᱟᱡᱮ"},{"$i":"weekTimeFormat12","$v":"%I %p"},{"$i":"weekTimeFormat24","$v":"%H ᱵᱟᱡᱮ"},{"$i":"weekDayFormat","$v":"%A the %d"},{"$i":"alldayLongTimeFormat","$v":"%A %B %d ᱡᱚᱛᱚ ᱢᱟᱦᱟ"},{"$i":"dayHour12","$v":"%I %p"},{"$i":"dayHour24","$v":"%H ᱵᱟᱡᱮ"},{"$i":"longDateTime12","$v":"%I %p, %a, %d %b, %Y"},{"$i":"longDateTime24","$v":"%H, %a, %d %b, %Y"},{"$i":"upcoming-events","$v":"ᱫᱟᱨᱟᱭ ᱠᱟᱱ ᱢᱟᱞᱤ~ᱢᱟᱢᱞᱟ"},{"$i":"search-results","$v":"ᱥᱮᱸᱫᱨᱟ ᱥᱤᱯᱮ ᱠᱚ"},{"$i":"no-event-found","$v":"ᱵᱟᱱᱩᱜ-ᱟ ᱢᱟᱞᱤ~ᱢᱟᱞᱟ ᱧᱟᱢᱟᱜ"},{"$i":"error-start-date-after-end-date","$v":"ᱱᱚᱣᱟ ᱮᱦᱚᱵ ᱛᱟᱨᱤᱠᱷ ᱞᱟᱦᱟ ᱨᱮ ᱫᱚ ᱢᱟᱞᱤ~ᱢᱟᱞᱟ ᱵᱟᱝ ᱢᱩᱪᱮᱫ ᱫᱟᱲᱤᱭᱟᱜ-ᱟ."},{"$i":"error-start-time-after-end-time","$v":"ᱱᱚᱣᱟ ᱮᱦᱚᱵ ᱚᱠᱛᱮ ᱞᱟᱦᱟ ᱨᱮ ᱫᱚ ᱢᱟᱞᱤ~ᱢᱟᱞᱟ ᱵᱟᱝ ᱢᱩᱪᱮᱫ ᱫᱟᱲᱤᱭᱟᱜ-ᱟ."},{"$i":"error-unauthenticated","$v":"ᱯᱟᱥᱣᱟᱨᱰ ᱟᱨᱵᱟᱝᱠᱷᱟᱱ ᱵᱮᱵᱷᱟᱨᱤᱡ ᱧᱩᱛᱩᱢ ᱵᱷᱩᱞᱟᱜ ᱜᱮᱭᱟ, ᱱᱮᱦᱚᱨ ᱫᱚᱦᱚᱲᱟ ᱠᱩᱨᱩᱢᱩᱴᱩᱭ ᱢᱮ."},{"$i":"error-internal-server-error","$v":"ᱥᱚᱨᱵᱚᱨ ᱵᱷᱩᱞ, ᱱᱮᱦᱚᱨ ᱫᱚᱦᱚᱲᱟ ᱠᱩᱨᱩᱢᱩᱴᱩᱭ ᱢᱮ."},{"$i":"error-unkown","$v":"ᱥᱚᱨᱵᱚᱨᱟᱜ ᱛᱮᱞᱟ ᱨᱩᱣᱮᱲ ᱠᱟᱨᱚᱱ ᱛᱮ ᱱᱮᱦᱚᱨᱟᱜ ᱫᱚ ᱵᱟᱝ ᱮᱢ ᱥᱟᱢᱲᱟᱣ ᱫᱟᱲᱤᱭᱟᱜ-ᱟ."},{"$i":"error-default","$v":"ᱛᱷᱚᱲᱟ ᱫᱚ ᱵᱷᱩᱞ ᱜᱮᱭᱟ. ᱯᱚᱨᱮ ᱛᱮ ᱫᱚᱦᱚᱲᱟ ᱠᱩᱨᱩᱢᱩᱴᱩᱭ ᱢᱮ."},{"$i":"error-offline","$v":"ᱤᱱᱴᱚᱨᱱᱮᱴ ᱡᱩᱲᱟᱣ ᱫᱚ ᱵᱟᱝ ᱦᱩᱭᱩᱜ-ᱟ ᱟᱢ ᱫᱚᱢ ᱵᱮᱵᱷᱟᱨ ᱫᱟᱲᱤᱭᱟᱜ-ᱟ WiFi ᱟᱨᱵᱟᱝᱠᱷᱟᱱ ᱢᱳᱵᱟᱭᱤᱞ ᱰᱮᱴᱟ ᱤᱱᱴᱚᱨᱱᱮᱴ ᱜᱷᱟᱛ ᱟᱜᱤᱫ."},{"$i":"error-account-exist","$v":"ᱱᱚᱣᱟ ᱠᱷᱟᱛᱟ ᱫᱚ ᱞᱟᱦᱟ ᱠᱷᱚᱱ ᱜᱮ ᱢᱮᱱᱟᱜ."},{"$i":"error-edit-online-event","$v":"ᱪᱤᱫ ᱤᱱᱴᱚᱨᱱᱮᱛ ᱡᱩᱲᱟᱣ ᱜᱮ ᱵᱟᱱᱩᱜ-ᱟ ᱚᱱᱟ ᱤᱭᱮᱛᱮ ᱚᱱᱞᱟᱭᱤᱱ ᱢᱟᱞᱤ~ᱢᱟᱢᱞᱟ ᱟᱹᱨᱩ ᱫᱚ ᱰᱤᱜᱷᱮᱣ ᱟᱠᱟᱱᱟ."},{"$i":"error-delete-online-event","$v":"ᱪᱤᱫ ᱤᱱᱴᱚᱨᱱᱮᱛ ᱡᱩᱲᱟᱣ ᱜᱮ ᱵᱟᱱᱩᱜ-ᱟ ᱚᱱᱟ ᱤᱭᱮᱛᱮ ᱚᱱᱞᱟᱭᱤᱱ ᱢᱟᱞᱤ~ᱢᱟᱢᱞᱟ ᱚᱪᱚᱜ ᱫᱚ ᱰᱤᱜᱷᱮᱣ ᱟᱠᱟᱱᱟ."},{"$i":"notification-error-sync-title","$v":"ᱯᱟᱸᱡᱤ ᱥᱤᱸᱜᱠᱨᱳᱱᱟᱭᱤᱡ ᱨᱮ ᱵᱷᱩᱞ"},{"$i":"notification-error-sync-description","$v":"ᱩᱛᱟᱭ ᱢᱮ ᱵᱟᱲᱛᱤ ᱠᱷᱚᱵᱚᱨ ᱞᱟᱜᱤᱫ"},{"$i":"weekday-0-single-char","$v":"S","ariaLabel":"ᱥᱤᱸᱜᱮᱢᱟᱦᱟ"},{"$i":"weekday-1-single-char","$v":"M","ariaLabel":"ᱚᱛᱮᱢᱟᱦᱟ"},{"$i":"weekday-2-single-char","$v":"T","ariaLabel":"ᱵᱟᱞᱮᱢᱟᱦᱟ"},{"$i":"weekday-3-single-char","$v":"W","ariaLabel":"ᱥᱟᱹᱜᱩᱱᱢᱟᱦᱟ"},{"$i":"weekday-4-single-char","$v":"T","ariaLabel":"ᱥᱟᱨᱫᱤᱢᱟᱦᱟ"},{"$i":"weekday-5-single-char","$v":"F","ariaLabel":"ᱡᱟᱨᱩᱢᱢᱟᱦᱟ"},{"$i":"weekday-6-single-char","$v":"S","ariaLabel":"ᱧᱩᱦᱩᱢᱢᱟᱦᱟ"},{"$i":"busy","$v":{"zero":"ᱵᱟᱱᱩᱜ-ᱟ ᱢᱟᱞᱤ~ᱢᱟᱞᱟ ᱠᱚ","one":[{"t":"idOrVar","v":"n"}," ᱢᱟᱞᱤ~ᱢᱟᱢᱞᱟ"],"two":[{"t":"idOrVar","v":"n"}," ᱢᱟᱞᱤ~ᱢᱟᱢᱞᱟ"],"few":[{"t":"idOrVar","v":"n"}," ᱢᱟᱞᱤ~ᱢᱟᱢᱞᱟ"],"many":[{"t":"idOrVar","v":"n"}," ᱢᱟᱞᱤ~ᱢᱟᱢᱞᱟ"],"other":[{"t":"idOrVar","v":"n"}," ᱢᱟᱞᱤ~ᱢᱟᱢᱞᱟ"]},"$x":[{"t":"idOrVar","v":"plural"},"n"]},{"$i":"present","ariaLabel":"ᱛᱤᱦᱤᱧ"},{"$i":"past-other-month-description","ariaLabel":"ᱮᱴᱟᱜ ᱪᱟᱸᱫᱩ"},{"$i":"future-other-month-description","ariaLabel":"ᱮᱴᱟᱜ ᱪᱟᱸᱫᱩ"},{"$i":"icon-calendar-alarm","ariaLabel":"ᱟᱞᱟᱨᱢ ᱢᱮᱱᱟᱜ-ᱟ"},{"$i":"calendars","ariaLabel":"ᱯᱟᱸᱡᱤ ᱠᱚ"},{"$i":"multi-day-new-event-link","ariaLabel":"ᱢᱟᱞᱤ~ᱢᱟᱢᱞᱟ ᱥᱮᱞᱮᱫ"},{"$i":"title","ariaLabel":"ᱯᱟᱨᱤᱥ"},{"$i":"location","ariaLabel":"ᱴᱚᱴᱟ"},{"$i":"duration","ariaLabel":"ᱞᱟᱜᱟᱣ ᱚᱠᱛᱚ"},{"$i":"calendar","ariaLabel":"ᱯᱚᱱᱡᱤ"},{"$i":"alarms","ariaLabel":"ᱜᱷᱚᱱᱴᱤ ᱠᱚ"},{"$i":"description","ariaLabel":"ᱵᱤᱵᱨᱚᱱ"},{"$i":"start-date","ariaLabel":"ᱮᱦᱚᱵ ᱛᱟᱨᱤᱠᱷ"},{"$i":"start-time","ariaLabel":"ᱚᱠᱛᱮ ᱮᱦᱚᱵ"},{"$i":"end-date","ariaLabel":"ᱥᱮᱥ ᱛᱟᱨᱤᱠᱷ"},{"$i":"end-time","ariaLabel":"ᱥᱮᱥ ᱚᱠᱛᱮ"},{"$i":"during-progress-loading","ariaValueText":"ᱞᱟᱫᱮᱜ ᱠᱟᱱᱟ"},{"$i":"all-day","ariaLabel":"ᱡᱚᱛᱚ ᱢᱟᱦᱟ"},{"$i":"create-event","ariaLabel":"ᱵᱤᱱᱟᱣ ᱢᱮ ᱢᱟᱞᱤ~ᱢᱟᱞᱟ"},{"$i":"create-all-day-event","ariaLabel":"ᱵᱤᱱᱟᱣ ᱢᱮ ᱡᱚᱛᱚ ᱢᱟᱦᱟ ᱢᱟᱞᱤ~ᱢᱟᱢᱞᱟ"},{"$i":"event-one-day-duration","ariaLabel":["ᱠᱷᱚᱱ ",{"t":"idOrVar","v":"startTime"}," ᱛᱮ ",{"t":"idOrVar","v":"endTime"}]},{"$i":"week-event-one-day-duration","ariaLabel":[{"t":"idOrVar","v":"startDate"}," ᱠᱷᱚᱱ ",{"t":"idOrVar","v":"startTime"}," ᱛᱮ ",{"t":"idOrVar","v":"endTime"}]},{"$i":"event-multiple-day-duration","ariaLabel":["ᱠᱷᱚᱱ ",{"t":"idOrVar","v":"startTime"}," ",{"t":"idOrVar","v":"startDate"}," ᱞᱟᱜᱤᱫ ",{"t":"idOrVar","v":"endTime"}," ",{"t":"idOrVar","v":"endDate"}]},{"$i":"tcl-event-added","$v":"ᱢᱟᱞᱤ~ᱢᱟᱢᱞᱟ ᱥᱮᱞᱮᱫ ᱟᱠᱟᱱᱟ"},{"$i":"tcl-event-updated","$v":"ᱢᱟᱞᱤ~ᱢᱟᱢᱞᱟ ᱱᱟᱣᱟ ᱟᱠᱟᱱᱟ"},{"$i":"tcl-event-deleted","$v":"ᱢᱟᱞᱤ~ᱢᱟᱢᱞᱟ ᱢᱮᱴᱟᱣ ᱟᱠᱟᱱᱟ"},{"$i":"tcl-change-save","$v":"ᱡᱚᱜᱟᱣᱟᱜ ᱵᱚᱫᱚᱞ"},{"$i":"tcl-event-calendar","$v":"ᱯᱚᱱᱡᱤ"},{"$i":"tcl-single-event","$v":"ᱢᱟᱞᱤ~ᱢᱟᱢᱞᱟ"},{"$i":"tcl-event-count","$v":"ᱢᱟᱞᱤ~ᱢᱟᱢᱞᱟ ᱠᱚ"},{"$i":"tcl-sync-progress-syncing","$v":"ᱥᱤᱸᱜᱚᱜ ᱠᱟᱱᱟ"},{"$i":"tcl-sync-progress-complete","$v":"ᱥᱤᱠᱨᱳᱱᱟᱭᱤᱡ ᱫᱚ ᱥᱟᱛᱮ ᱟᱠᱟᱱᱟ"},{"$i":"tcl-settings-sounds","$v":"ᱥᱟᱰᱤ ᱠᱚ"},{"$i":"tcl-tones","$v":"ᱥᱟᱰᱤ ᱠᱚ"},{"$i":"tcl-multi-events","$v":"ᱢᱟᱞᱤ~ᱢᱟᱢᱞᱟ ᱠᱚ"},{"$i":"tcl-confirmation-title","$v":"ᱜᱚᱴᱟᱜ ᱠᱟᱱᱟ"},{"$i":"tcl-delete-selectedEvent-confirmation","$v":"ᱵᱟᱪᱷᱟᱣ ᱟᱠᱟᱱ ᱢᱟᱞᱤ~ᱢᱟᱢᱞᱟ ᱢᱮᱴᱟᱣ?"},{"$i":"tcl-deleteEvent-confirmation","$v":"ᱢᱟᱞᱤ~ᱢᱟᱢᱞᱟ ᱢᱮᱴᱟᱣ?"},{"$i":"tcl-event-search-header","$v":"ᱥᱮᱱᱨᱟ","placeholder":"ᱥᱮᱱᱨᱟ"},{"$i":"tcl-event-search-upcoming-events","$v":"ᱫᱟᱨᱟᱭ ᱠᱟᱱ ᱢᱟᱞᱤ~ᱢᱟᱢᱞᱟ"},{"$i":"tcl-delete","$v":"ᱢᱮᱴᱟᱣ"},{"$i":"tcl-cancel","$v":"ᱢᱩᱪᱮᱫ"},{"$i":"tcl-dialog-delete-sel","$v":"ᱪᱤᱫ ᱟᱢ ᱥᱟᱨᱤ ᱛᱮ ᱵᱟᱪᱷᱟᱣ ᱟᱠᱟᱫ ᱢᱟᱞᱤ~ᱢᱟᱢᱞᱟ ᱢᱮᱴᱟᱣ ᱥᱟᱱᱟᱭᱮᱜ ᱢᱮᱭᱟ?"},{"$i":"tcl-delete-title","$v":"ᱢᱟᱞᱤ~ᱢᱟᱢᱞᱟ ᱢᱮᱴᱟᱣ"},{"$i":"tcl-save-changes","$v":"ᱵᱚᱫᱚᱞᱟᱜ ᱠᱚ ᱡᱚᱜᱟᱣ?"},{"$i":"tcl-save-message-back","$v":"ᱡᱚᱛᱚ ᱟᱫᱮᱨᱟᱜ ᱰᱮᱴᱟ ᱟᱫᱚᱜ-ᱟ. ᱟᱢ ᱠᱷᱚᱡᱚᱜ ᱠᱟᱱᱟ ᱡᱚᱜᱟᱣ ᱵᱚᱫᱚᱞ ᱟᱞᱜᱤᱫ?"},{"$i":"tcl-save-message-close","$v":"ᱮᱯᱞᱤᱠᱮᱥᱚᱱ ᱫᱚ ᱵᱚᱱᱫᱚᱜ-ᱟ ᱰᱮᱴᱟ ᱟᱞ ᱥᱟᱛᱮᱜ. ᱟᱢ ᱠᱷᱚᱡᱚᱜ ᱠᱟᱱᱟ ᱡᱚᱜᱟᱣ ᱵᱚᱫᱚᱞ ᱟᱞᱜᱤᱫ?"},{"$i":"yes","$v":"ᱦᱚᱸ"},{"$i":"no","$v":"ᱵᱟᱝ"},{"$i":"confirmation","$v":"ᱜᱚᱴᱟᱜ ᱠᱟᱱᱟ"},{"$i":"ok","$v":"ᱴᱤᱠ"},{"$i":"delete-event","$v":"ᱵᱟᱪᱷᱟᱣ ᱟᱠᱟᱱ ᱢᱟᱞᱤ~ᱢᱟᱢᱞᱟ ᱢᱮᱴᱟᱣ?"},{"$i":"tcl-settings-header","$v":"ᱯᱟᱸᱡᱤ ᱨᱮ ᱰᱤᱥᱯᱞᱮ"},{"$i":"tcl-syncing","$v":"ᱥᱤᱸᱜᱚᱜ ᱠᱟᱱᱟ…"},{"$i":"tcl-syncing-header","$v":"ᱠᱷᱟᱛᱟ ᱥᱤᱸᱜᱠᱨᱳᱱᱟᱭᱤᱡ"},{"$i":"options","$v":"ᱵᱤᱠᱟᱞᱚᱯ"},{"$i":"select","$v":"ᱵᱟᱪᱷᱟᱣ"},{"$i":"add-event","$v":"ᱢᱟᱞᱤ~ᱢᱟᱢᱞᱟ ᱥᱮᱞᱮᱫ"},{"$i":"weekly-view","$v":"ᱦᱚᱯᱛᱟ ᱛᱤᱭᱟᱜ ᱧᱮᱞ"},{"$i":"day-view","$v":"ᱢᱟᱦᱟ ᱧᱮᱞ"},{"$i":"month-view","$v":"ᱪᱟᱸᱫᱩ ᱧᱮᱞ"},{"$i":"today","$v":"ᱛᱤᱦᱤᱧ"},{"$i":"go","$v":"ᱛᱟᱨᱤᱠᱷ ᱨᱮ ᱪᱟᱞᱟᱜ"},{"$i":"search","$v":"ᱥᱮᱱᱨᱟ"},{"$i":"calendar-to-display","$v":"ᱯᱟᱸᱡᱤ ᱨᱮ ᱰᱤᱥᱯᱞᱮ"},{"$i":"settings","$v":"ᱥᱮᱴᱤᱸᱜ"},{"$i":"delete","$v":"ᱢᱮᱴᱟᱣ"},{"$i":"enter","$v":"ᱟᱫᱮᱨ"},{"$i":"sync-calendar","$v":"ᱯᱟᱱᱡᱤ ᱥᱤᱸᱜᱠᱨᱳᱱᱟᱭᱤᱡ"},{"$i":"present-description","$v":["ᱛᱤᱦᱤᱸᱧ ",{"t":"idOrVar","v":"weekday"}," ᱱᱚᱣᱟ ",{"t":"idOrVar","v":"date"},"ᱫᱟᱦᱟᱣ"]},{"$i":"day-description","$v":[{"t":"idOrVar","v":"weekday"}," ᱱᱚᱣᱟ ",{"t":"idOrVar","v":"date"},"ᱫᱚᱢ"]},{"$i":"weekday-5","$v":"ᱡᱟᱨᱩᱢᱢᱟᱦᱟ"},{"$i":"weekday-4","$v":"ᱥᱟᱨᱫᱤᱢᱟᱦᱟ"},{"$i":"weekday-3","$v":"ᱥᱟᱹᱜᱩᱱᱢᱟᱦᱟ"},{"$i":"weekday-2","$v":"ᱵᱟᱞᱮᱢᱟᱦᱟ"},{"$i":"weekday-1","$v":"ᱚᱛᱮᱢᱟᱦᱟ"},{"$i":"weekday-0","$v":"ᱥᱤᱸᱜᱮᱢᱟᱦᱟ"},{"$i":"weekday-6","$v":"ᱧᱩᱦᱩᱢᱢᱟᱦᱟ"},{"$i":"no-title","$v":"(ᱯᱟᱨᱤᱥ ᱵᱟᱱᱩᱜ-ᱟ)"},{"$i":"weekday-0-long","$v":"ᱥᱤᱸᱜᱮᱢᱟᱦᱟ"},{"$i":"weekday-1-long","$v":"ᱚᱛᱮᱢᱟᱦᱟ"},{"$i":"weekday-2-long","$v":"ᱵᱟᱞᱮᱢᱟᱦᱟ"},{"$i":"weekday-3-long","$v":"ᱥᱟᱹᱜᱩᱱᱢᱟᱦᱟ"},{"$i":"weekday-4-long","$v":"ᱥᱟᱨᱫᱤᱢᱟᱦᱟ"},{"$i":"weekday-5-long","$v":"ᱡᱟᱨᱩᱢᱢᱟᱦᱟ"},{"$i":"weekday-6-long","$v":"ᱧᱩᱦᱩᱢᱢᱟᱦᱟ"},{"$i":"weekday-0-short","$v":"ᱪᱟᱸᱫᱩ"},{"$i":"weekday-1-short","$v":"ᱢᱳᱱ"},{"$i":"weekday-2-short","$v":"ᱥᱟᱜᱩᱱ"},{"$i":"weekday-3-short","$v":"ᱥᱟᱜᱩᱱ"},{"$i":"weekday-4-short","$v":"ᱛᱷᱩ"},{"$i":"weekday-5-short","$v":"ᱜᱟᱛᱤ"},{"$i":"weekday-6-short","$v":"ᱥᱮᱴ"},{"$i":"month-0-long","$v":"ᱯᱩᱥ"},{"$i":"month-1-long","$v":"ᱢᱟᱜ"},{"$i":"month-2-long","$v":"ᱯᱷᱹᱟᱜᱩᱱ"},{"$i":"month-3-long","$v":"ᱪᱮᱛ"},{"$i":"month-4-long","$v":"ᱵᱮᱭᱥᱮᱠᱷ"},{"$i":"month-5-long","$v":"ᱡᱩᱥᱴᱤ"},{"$i":"month-6-long","$v":"ᱟᱥᱟᱲ"},{"$i":"month-7-long","$v":"ᱥᱚᱨᱟᱵᱚᱱ"},{"$i":"month-8-long","$v":"ᱵᱷᱟᱨᱫᱚᱨ"},{"$i":"month-9-long","$v":"ᱟᱥᱤᱱ"},{"$i":"month-10-long","$v":"ᱠᱟᱨᱛᱤᱠ"},{"$i":"month-11-long","$v":"ᱟᱜᱷᱟᱸᱲ"},{"$i":"month-0-genitive","$v":"ᱯᱩᱥ"},{"$i":"month-1-genitive","$v":"ᱢᱟᱜ"},{"$i":"month-2-genitive","$v":"ᱯᱷᱹᱟᱜᱩᱱ"},{"$i":"month-3-genitive","$v":"ᱪᱮᱛ"},{"$i":"month-4-genitive","$v":"ᱵᱮᱭᱥᱮᱠᱷ"},{"$i":"month-5-genitive","$v":"ᱡᱩᱥᱴᱤ"},{"$i":"month-6-genitive","$v":"ᱟᱥᱟᱲ"},{"$i":"month-7-genitive","$v":"ᱥᱚᱨᱟᱵᱚᱱ"},{"$i":"month-8-genitive","$v":"ᱵᱷᱟᱨᱫᱚᱨ"},{"$i":"month-9-genitive","$v":"ᱟᱥᱤᱱ"},{"$i":"month-10-genitive","$v":"ᱠᱟᱨᱛᱤᱠ"},{"$i":"month-11-genitive","$v":"ᱟᱜᱷᱟᱸᱲ"},{"$i":"month-0-short","$v":"ᱯᱩᱥ"},{"$i":"month-1-short","$v":"ᱢᱟᱜ"},{"$i":"month-2-short","$v":"ᱢᱟᱨ"},{"$i":"month-3-short","$v":"ᱪᱮᱛ"},{"$i":"month-4-short","$v":"ᱵᱮᱭᱥᱮᱠᱷ"},{"$i":"month-5-short","$v":"ᱡᱩᱥᱴᱤ"},{"$i":"month-6-short","$v":"ᱟᱥᱟᱲ"},{"$i":"month-7-short","$v":"ᱥᱚᱨᱟᱵᱚᱱ"},{"$i":"month-8-short","$v":"ᱥᱮᱯ"},{"$i":"month-9-short","$v":"ᱟᱥᱤᱱ"},{"$i":"month-10-short","$v":"ᱠᱟᱨᱛᱤᱠ"},{"$i":"month-11-short","$v":"ᱟᱜᱷᱟᱸᱲ"},{"$i":"minutes-ago-long","$v":{"zero":"ᱧᱤᱛ ᱜᱮ","one":"ᱢᱤᱛ ᱴᱤᱯᱤᱡ ᱞᱟᱦᱟ","two":[{"t":"idOrVar","v":"value"}," ᱪᱟᱞᱟᱣᱮᱱ ᱴᱤᱯᱤᱡ ᱠᱚ"],"few":[{"t":"idOrVar","v":"value"}," ᱪᱟᱞᱟᱣᱮᱱ ᱴᱤᱯᱤᱡ ᱠᱚ"],"many":[{"t":"idOrVar","v":"value"}," ᱪᱟᱞᱟᱣᱮᱱ ᱴᱤᱯᱤᱡ ᱠᱚ"],"other":[{"t":"idOrVar","v":"value"}," ᱪᱟᱞᱟᱣᱮᱱ ᱴᱤᱯᱤᱡ ᱠᱚ"]},"$x":[{"t":"idOrVar","v":"plural"},"value"]},{"$i":"hours-ago-long","$v":{"zero":"ᱧᱤᱛ ᱜᱮ","one":"ᱢᱤᱛ ᱜᱷᱚᱱᱴᱟ ᱞᱟᱦᱟ","two":[{"t":"idOrVar","v":"value"}," ᱪᱟᱞᱟᱣᱮᱱ ᱢᱟᱦᱟ ᱠᱚ"],"few":[{"t":"idOrVar","v":"value"}," ᱪᱟᱞᱟᱣᱮᱱ ᱢᱟᱦᱟ ᱠᱚ"],"many":[{"t":"idOrVar","v":"value"}," ᱪᱟᱞᱟᱣᱮᱱ ᱢᱟᱦᱟ ᱠᱚ"],"other":[{"t":"idOrVar","v":"value"}," ᱪᱟᱞᱟᱣᱮᱱ ᱢᱟᱦᱟ ᱠᱚ"]},"$x":[{"t":"idOrVar","v":"plural"},"value"]},{"$i":"days-ago-long","$v":{"zero":"ᱛᱤᱦᱤᱧ","one":"ᱦᱚᱞᱟ","two":[{"t":"idOrVar","v":"value"}," ᱢᱟᱦᱟ ᱠᱚ ᱞᱟᱦᱟ"],"few":[{"t":"idOrVar","v":"value"}," ᱢᱟᱦᱟ ᱠᱚ ᱞᱟᱦᱟ"],"many":[{"t":"idOrVar","v":"value"}," ᱢᱟᱦᱟ ᱠᱚ ᱞᱟᱦᱟ"],"other":[{"t":"idOrVar","v":"value"}," ᱢᱟᱦᱟ ᱠᱚ ᱞᱟᱦᱟ"]},"$x":[{"t":"idOrVar","v":"plural"},"value"]},{"$i":"weeks-ago-long","$v":{"zero":"ᱱᱚᱣᱟ ᱦᱚᱯᱛᱟ","one":"ᱢᱩᱪᱮᱫ ᱦᱚᱯᱛᱟ","two":[{"t":"idOrVar","v":"value"}," ᱪᱟᱞᱟᱣᱮᱱ ᱦᱚᱯᱛᱟ"],"few":[{"t":"idOrVar","v":"value"}," ᱪᱟᱞᱟᱣᱮᱱ ᱦᱚᱯᱛᱟ"],"many":[{"t":"idOrVar","v":"value"}," ᱪᱟᱞᱟᱣᱮᱱ ᱦᱚᱯᱛᱟ"],"other":[{"t":"idOrVar","v":"value"}," ᱪᱟᱞᱟᱣᱮᱱ ᱦᱚᱯᱛᱟ"]},"$x":[{"t":"idOrVar","v":"plural"},"value"]},{"$i":"months-ago-long","$v":{"zero":"ᱱᱚᱣᱟ ᱪᱟᱸᱫᱩ","one":"ᱢᱩᱪᱮᱫ ᱪᱟᱸᱫᱩ","two":[{"t":"idOrVar","v":"value"}," ᱪᱟᱞᱟᱣᱮᱱ ᱪᱟᱸᱫᱩ ᱠᱚ"],"few":[{"t":"idOrVar","v":"value"}," ᱪᱟᱞᱟᱣᱮᱱ ᱪᱟᱸᱫᱩ ᱠᱚ"],"many":[{"t":"idOrVar","v":"value"}," ᱪᱟᱞᱟᱣᱮᱱ ᱪᱟᱸᱫᱩ ᱠᱚ"],"other":[{"t":"idOrVar","v":"value"}," ᱪᱟᱞᱟᱣᱮᱱ ᱪᱟᱸᱫᱩ ᱠᱚ"]},"$x":[{"t":"idOrVar","v":"plural"},"value"]},{"$i":"years-ago-long","$v":{"zero":"ᱱᱚᱣᱟ ᱥᱮᱨᱢᱟ","one":"ᱢᱩᱪᱮᱫ ᱵᱚᱪᱷᱚᱨ","two":[{"t":"idOrVar","v":"value"}," ᱪᱟᱞᱟᱣᱮᱱ ᱥᱮᱨᱢᱟ"],"few":[{"t":"idOrVar","v":"value"}," ᱪᱟᱞᱟᱣᱮᱱ ᱥᱮᱨᱢᱟ"],"many":[{"t":"idOrVar","v":"value"}," ᱪᱟᱞᱟᱣᱮᱱ ᱥᱮᱨᱢᱟ"],"other":[{"t":"idOrVar","v":"value"}," ᱪᱟᱞᱟᱣᱮᱱ ᱥᱮᱨᱢᱟ"]},"$x":[{"t":"idOrVar","v":"plural"},"value"]},{"$i":"minutes-until-long","$v":{"zero":"ᱧᱤᱛ","one":"ᱴᱤᱯᱤᱡ ᱨᱮ","two":["ᱨᱮ ",{"t":"idOrVar","v":"value"}," ᱴᱤᱯᱤᱡ ᱠᱚ"],"few":["ᱨᱮ ",{"t":"idOrVar","v":"value"}," ᱴᱤᱯᱤᱡ ᱠᱚ"],"many":["ᱨᱮ ",{"t":"idOrVar","v":"value"}," ᱴᱤᱯᱤᱡ ᱠᱚ"],"other":["ᱨᱮ ",{"t":"idOrVar","v":"value"}," ᱴᱤᱯᱤᱡ ᱠᱚ"]},"$x":[{"t":"idOrVar","v":"plural"},"value"]},{"$i":"hours-until-long","$v":{"zero":"ᱧᱤᱛ","one":"ᱜᱷᱚᱱᱴᱟ ᱨᱮ","two":["ᱨᱮ ",{"t":"idOrVar","v":"value"}," ᱜᱷᱚᱱᱴᱟ ᱠᱚ"],"few":["ᱨᱮ ",{"t":"idOrVar","v":"value"}," ᱜᱷᱚᱱᱴᱟ ᱠᱚ"],"many":["ᱨᱮ ",{"t":"idOrVar","v":"value"}," ᱜᱷᱚᱱᱴᱟ ᱠᱚ"],"other":["ᱨᱮ ",{"t":"idOrVar","v":"value"}," ᱜᱷᱚᱱᱴᱟ ᱠᱚ"]},"$x":[{"t":"idOrVar","v":"plural"},"value"]},{"$i":"days-until-long","$v":{"zero":"ᱛᱤᱦᱤᱧ","one":"ᱜᱟᱯᱟ","two":["ᱨᱮ ",{"t":"idOrVar","v":"value"}," ᱢᱟᱦᱟ ᱠᱚ"],"few":["ᱨᱮ ",{"t":"idOrVar","v":"value"}," ᱢᱟᱦᱟ ᱠᱚ"],"many":["ᱨᱮ ",{"t":"idOrVar","v":"value"}," ᱢᱟᱦᱟ ᱠᱚ"],"other":["ᱨᱮ ",{"t":"idOrVar","v":"value"}," ᱢᱟᱦᱟ ᱠᱚ"]},"$x":[{"t":"idOrVar","v":"plural"},"value"]},{"$i":"weeks-until-long","$v":{"zero":"ᱱᱚᱣᱟ ᱦᱚᱯᱛᱟ","one":"ᱫᱟᱨᱟᱭ ᱠᱟᱱ ᱦᱚᱯᱛᱟ","two":["ᱨᱮ ",{"t":"idOrVar","v":"value"}," ᱦᱚᱯᱛᱟ ᱠᱚ"],"few":["ᱨᱮ ",{"t":"idOrVar","v":"value"}," ᱦᱚᱯᱛᱟ ᱠᱚ"],"many":["ᱨᱮ ",{"t":"idOrVar","v":"value"}," ᱦᱚᱯᱛᱟ ᱠᱚ"],"other":["ᱨᱮ ",{"t":"idOrVar","v":"value"}," ᱦᱚᱯᱛᱟ ᱠᱚ"]},"$x":[{"t":"idOrVar","v":"plural"},"value"]},{"$i":"months-until-long","$v":{"zero":"ᱱᱚᱣᱟ ᱪᱟᱸᱫᱩ","one":"ᱫᱟᱨᱟᱭ ᱠᱟᱱ ᱪᱟᱸᱫᱩ","two":["ᱨᱮ ",{"t":"idOrVar","v":"value"}," ᱪᱟᱸᱫᱩ ᱠᱚ"],"few":["ᱨᱮ ",{"t":"idOrVar","v":"value"}," ᱪᱟᱸᱫᱩ ᱠᱚ"],"many":["ᱨᱮ ",{"t":"idOrVar","v":"value"}," ᱪᱟᱸᱫᱩ ᱠᱚ"],"other":["ᱨᱮ ",{"t":"idOrVar","v":"value"}," ᱪᱟᱸᱫᱩ ᱠᱚ"]},"$x":[{"t":"idOrVar","v":"plural"},"value"]},{"$i":"years-until-long","$v":{"zero":"ᱱᱚᱣᱟ ᱥᱮᱨᱢᱟ","one":"ᱫᱟᱨᱟᱭ ᱠᱟᱱ ᱥᱮᱨᱢᱟ","two":["ᱨᱮ ",{"t":"idOrVar","v":"value"}," ᱥᱮᱨᱢᱟ ᱠᱚ"],"few":["ᱨᱮ ",{"t":"idOrVar","v":"value"}," ᱥᱮᱨᱢᱟ ᱠᱚ"],"many":["ᱨᱮ ",{"t":"idOrVar","v":"value"}," ᱥᱮᱨᱢᱟ ᱠᱚ"],"other":["ᱨᱮ ",{"t":"idOrVar","v":"value"}," ᱥᱮᱨᱢᱟ ᱠᱚ"]},"$x":[{"t":"idOrVar","v":"plural"},"value"]},{"$i":"minutes-ago-short","$v":{"zero":"ᱧᱤᱛ ᱜᱮ","other":[{"t":"idOrVar","v":"value"}," ᱪᱟᱞᱟᱣ ᱴ"]},"$x":[{"t":"idOrVar","v":"plural"},"value"]},{"$i":"hours-ago-short","$v":{"zero":"ᱧᱤᱛ ᱜᱮ","other":[{"t":"idOrVar","v":"value"}," ᱪᱟᱞᱟᱣᱮᱱ ᱜ"]},"$x":[{"t":"idOrVar","v":"plural"},"value"]},{"$i":"days-ago-short","$v":{"zero":"ᱛᱤᱦᱤᱧ","other":[{"t":"idOrVar","v":"value"}," ᱪᱟᱞᱟᱣᱮᱱ ᱢ"]},"$x":[{"t":"idOrVar","v":"plural"},"value"]},{"$i":"minutes-until-short","$v":{"zero":"ᱧᱤᱛ","other":["ᱨᱮ ",{"t":"idOrVar","v":"value"},"ᱴ"]},"$x":[{"t":"idOrVar","v":"plural"},"value"]},{"$i":"hours-until-short","$v":{"zero":"ᱧᱤᱛ","other":["ᱨᱮ ",{"t":"idOrVar","v":"value"},"ᱜ"]},"$x":[{"t":"idOrVar","v":"plural"},"value"]},{"$i":"days-until-short","$v":{"zero":"ᱛᱤᱦᱤᱧ","other":["ᱨᱮ ",{"t":"idOrVar","v":"value"},"ᱢ"]},"$x":[{"t":"idOrVar","v":"plural"},"value"]},{"$i":"incorrectDate","$v":"(ᱛᱨᱤᱠᱷ ᱫᱚ ᱵᱷᱩᱞ ᱜᱮᱭᱟ)"},{"$i":"dateTimeFormat_%c","$v":"%a %b %e %Y %I:%M:%S %p"},{"$i":"dateTimeFormat_%x","$v":"%m/%d/%Y"},{"$i":"dateTimeFormat_%X","$v":"%I:%M:%S %p"},{"$i":"shortTimeFormat","$v":"%I:%M %p"},{"$i":"shortTimeFormat12","$v":"%I:%M %p"},{"$i":"shortTimeFormat24","$v":"%H:%M"},{"$i":"shortDateTimeFormat","$v":"%x %I:%M %p"},{"$i":"weekStartsOnMonday","$v":"0"},{"$i":"firstDayOfTheWeek","$v":"0"},{"$i":"time_am","$v":"AM"},{"$i":"time_pm","$v":"PM"},{"$i":"softkey-options","$v":"ᱵᱤᱠᱟᱞᱚᱯ"}]