[{"$i":"back","$v":"वापसि"},{"$i":"save","$v":"साघो"},{"$i":"hide","$v":"लुकायो"},{"$i":"cancel","$v":"मंसूख़ कर्यो"},{"$i":"confirm","$v":"पक कयो"},{"$i":"done","$v":"पुरो थियो"},{"$i":"events","$v":"वाक़िअनि जो यादि ॾयारीनदड़"},{"$i":"edit","$v":"फेरबदल"},{"$i":"allday-events","$v":"सॼो-ॾींहुं वाक़िओ यादि ॾयारीनदड़"},{"$i":"no-events","$v":"के बि वाक़िआ न"},{"$i":"default","$v":"मुल"},{"$i":"sync","$v":"सिंक"},{"$i":"show-today","$v":"अजु॒"},{"$i":"show-month-view","$v":"महीनो"},{"$i":"show-week-view","$v":"हफ्तों"},{"$i":"show-day-view","$v":"दीन्ह"},{"$i":"settings-show","$v":"सेटिंगयूं"},{"$i":"settings-hide","$v":"सीटींगूं लिकायो"},{"$i":"add-account","$v":"हिकु खातो गंढो"},{"$i":"new-event","$v":"वाक़िओ शामिलु कर्यो"},{"$i":"view-event-header","$v":"वाक़ई जा तफ़सील"},{"$i":"new-event-header","$v":"वाक़िओ शामिलु कर्यो"},{"$i":"edit-event-header","$v":"वाक़िओ तदवीन कर्यो"},{"$i":"account-header","$v":"खातो"},{"$i":"account-list-header","$v":"खाता"},{"$i":"advanced-settings-short-icon-button","ariaLabel":"सेटिंगयूं"},{"$i":"advanced-settings-header","$v":"कअलनडर जूनि सीटनगूं"},{"$i":"advanced-settings-personalization","$v":"वसिअत अपडेट कर्यो"},{"$i":"advanced-settings-reminders","$v":"यादि ॾयारीनदड़"},{"$i":"advanced-settings-add-account","$v":"अकाऊंट शामिलु कर्यो"},{"$i":"field-user","$v":"यूज़रनेम"},{"$i":"field-password","$v":"पासवर्ड"},{"$i":"show-password","$v":"पास वर्ड ॾिसो"},{"$i":"field-full-url","$v":"URL"},{"$i":"modify-account-setting-up","$v":"महिरबानी करे इंतिज़ारु कर्यो जेसीं तवहां अकाऊंट सीट थिए"},{"$i":"modify-account-unable-to-sync","$v":"नाक़ाबिलु हम वक़्ति"},{"$i":"modify-account-sign-in","$v":"साइन उन कर्यो"},{"$i":"tcl-caldav","$v":"CalDav"},{"$i":"tcl-yahoo","$v":"याहू"},{"$i":"tcl-google","$v":"गूगल"},{"$i":"preset-mozilla","$v":"मोज़ीला ज़मबरा"},{"$i":"calendar-local","$v":"फ़ोनु कअलींडर"},{"$i":"event-title","$v":"उपाधी"},{"$i":"event-location","$v":"जार्इ"},{"$i":"event-description","$v":"नोटअ"},{"$i":"event-is-allday","$v":"सॼो-ॾींहुं वाक़िओ"},{"$i":"event-start-date","$v":"शुरू करणु जी तारीख़"},{"$i":"event-end-date","$v":"आख़िरी तारीख़"},{"$i":"event-start-time","$v":"शुरू करणु जो वक्त"},{"$i":"event-end-time","$v":"आख़िरी वक़्तु"},{"$i":"event-delete","$v":"वाक़िओ हज़फ़ कर्यो"},{"$i":"remove-account-data","$v":"कअलींडर अकाऊंट हटायो"},{"$i":"remove-account-dialog","$v":"अकाउन्ट खे मिटायो"},{"$i":"remove-account-dialog-details","$v":["तव्हांजी डिवाइस खां \"",{"t":"idOrVar","v":"email"},"\" हटायो?"]},{"$i":"remove","$v":"सोरो"},{"$i":"drawer-sync-icon-button","ariaLabel":"सिंक"},{"$i":"sync-progress-syncing","ariaValueText":"हम वक़्तु"},{"$i":"sync-progress-complete","ariaValueText":"हम वक़्तु साज़ी मुकमिलु थी"},{"$i":"sync-frequency","$v":"हम वक़्तु साज़ी कअलींडर"},{"$i":"sync-frequency-15min","$v":"हर 15 मिंट"},{"$i":"sync-frequency-30min","$v":"हर 30 मिंट"},{"$i":"sync-frequency-manual","$v":"हथरादू"},{"$i":"one-day-duration-title","$v":[{"t":"idOrVar","v":"startDate"}]},{"$i":"one-day-duration-content","$v":[{"t":"idOrVar","v":"startTime"},"ॾांहुं ",{"t":"idOrVar","v":"endTime"}]},{"$i":"multiple-day-duration-title","$v":[{"t":"idOrVar","v":"startTime"}," ",{"t":"idOrVar","v":"startDate"}," खां"]},{"$i":"multiple-day-duration-content","$v":[{"t":"idOrVar","v":"endTime"}," ",{"t":"idOrVar","v":"endDate"}," ॾांहुं"]},{"$i":"one-all-day-duration-title","$v":"सॼो ॾींहुं"},{"$i":"one-all-day-duration-content","$v":[{"t":"idOrVar","v":"startDate"}]},{"$i":"multiple-all-day-duration-title","$v":[{"t":"idOrVar","v":"startDate"}," खां सॼो ॾींहुं"]},{"$i":"multiple-all-day-duration-content","$v":[{"t":"idOrVar","v":"endDate"}," ॾांहुं"]},{"$i":"none","$v":"को बि न"},{"$i":"reminder","$v":"वाक़ई जो यादि ॾयारीनदड़"},{"$i":"remind-me","$v":"मूं खे यादि ॾियारियो"},{"$i":"alarm-at-event-standard","$v":"वाक़ई जे वक्ति"},{"$i":"alarm-at-event-allday","$v":"वाक़ई जे ॾींहं ते"},{"$i":"alarm-start-notice","$v":[{"t":"idOrVar","v":"title"},"शुरू थी रहियो आहे ",{"t":"idOrVar","v":"distance"}]},{"$i":"alarm-started-notice","$v":[{"t":"idOrVar","v":"title"}," शुरू थियो ",{"t":"idOrVar","v":"distance"}]},{"$i":"minutes-before","$v":{"zero":"0 मिंटु अॻु","one":"1 मिंटु अॻु","two":[{"t":"idOrVar","v":"value"}," मिंटु अॻु"],"few":[{"t":"idOrVar","v":"value"}," मिंटु अॻु"],"many":[{"t":"idOrVar","v":"value"}," मिंटु अॻु"],"other":[{"t":"idOrVar","v":"value"}," मिंटु अॻु"]},"$x":[{"t":"idOrVar","v":"plural"},"value"]},{"$i":"hours-before","$v":{"zero":"0 कलाकु अॻु","one":"1 कलाकु अॻु","two":[{"t":"idOrVar","v":"value"}," कलाकु अॻु"],"few":[{"t":"idOrVar","v":"value"}," कलाकु अॻु"],"many":[{"t":"idOrVar","v":"value"}," कलाकु अॻु"],"other":[{"t":"idOrVar","v":"value"}," कलाकु अॻु"]},"$x":[{"t":"idOrVar","v":"plural"},"value"]},{"$i":"days-before","$v":{"zero":"0 ॾींहुं अॻु","one":"1 ॾींहुं अॻु","two":[{"t":"idOrVar","v":"value"}," ॾींहुं अॻु"],"few":[{"t":"idOrVar","v":"value"}," ॾींहुं अॻु"],"many":[{"t":"idOrVar","v":"value"}," ॾींहुं अॻु"],"other":[{"t":"idOrVar","v":"value"}," ॾींहुं अॻु"]},"$x":[{"t":"idOrVar","v":"plural"},"value"]},{"$i":"weeks-before","$v":{"zero":"0 हफ़ता अॻु","one":"1 हफ़्तो अॻु","two":[{"t":"idOrVar","v":"value"}," हफ़ता पोइ"],"few":[{"t":"idOrVar","v":"value"}," हफ़ता पोइ"],"many":[{"t":"idOrVar","v":"value"}," हफ़ता पोइ"],"other":[{"t":"idOrVar","v":"value"}," हफ़ता पोइ"]},"$x":[{"t":"idOrVar","v":"plural"},"value"]},{"$i":"months-before","$v":{"zero":"0 महीना अॻु","one":"1 महीनो अॻु","two":[{"t":"idOrVar","v":"value"}," महीना पोइ"],"few":[{"t":"idOrVar","v":"value"}," महीना पोइ"],"many":[{"t":"idOrVar","v":"value"}," महीना पोइ"],"other":[{"t":"idOrVar","v":"value"}," महीना पोइ"]},"$x":[{"t":"idOrVar","v":"plural"},"value"]},{"$i":"years-before","$v":{"zero":"0 सालु अॻु","one":"1 सालु अॻु","two":[{"t":"idOrVar","v":"value"}," सालु अॻु"],"few":[{"t":"idOrVar","v":"value"}," सालु अॻु"],"many":[{"t":"idOrVar","v":"value"}," सालु अॻु"],"other":[{"t":"idOrVar","v":"value"}," सालु अॻु"]},"$x":[{"t":"idOrVar","v":"plural"},"value"]},{"$i":"minutes-after","$v":{"zero":"0 मिंटु पोइ","one":"हिक मिंटु पहिरीं","two":[{"t":"idOrVar","v":"value"}," मिंटु पोइ"],"few":[{"t":"idOrVar","v":"value"}," मिंटु पोइ"],"many":[{"t":"idOrVar","v":"value"}," मिंटु पोइ"],"other":[{"t":"idOrVar","v":"value"}," मिंटु पोइ"]},"$x":[{"t":"idOrVar","v":"plural"},"value"]},{"$i":"hours-after","$v":{"zero":"0 ॾींहुं पोइ","one":"1 कलाकु पोइ","two":[{"t":"idOrVar","v":"value"}," कलाकु पोइ"],"few":[{"t":"idOrVar","v":"value"}," कलाकु पोइ"],"many":[{"t":"idOrVar","v":"value"}," कलाकु पोइ"],"other":[{"t":"idOrVar","v":"value"}," कलाकु पोइ"]},"$x":[{"t":"idOrVar","v":"plural"},"value"]},{"$i":"days-after","$v":{"zero":"0 ॾींहुं पोइ","one":"1 ॾींहुं पोइ","two":[{"t":"idOrVar","v":"value"}," ॾींहुं पोइ"],"few":[{"t":"idOrVar","v":"value"}," ॾींहुं पोइ"],"many":[{"t":"idOrVar","v":"value"}," ॾींहुं पोइ"],"other":[{"t":"idOrVar","v":"value"}," ॾींहुं पोइ"]},"$x":[{"t":"idOrVar","v":"plural"},"value"]},{"$i":"weeks-after","$v":{"zero":"0 हफ़ता पोइ","one":"1 हफ़्तो पोइ","two":[{"t":"idOrVar","v":"value"}," हफ़ता पोइ"],"few":[{"t":"idOrVar","v":"value"}," हफ़ता पोइ"],"many":[{"t":"idOrVar","v":"value"}," हफ़ता पोइ"],"other":[{"t":"idOrVar","v":"value"}," हफ़ता पोइ"]},"$x":[{"t":"idOrVar","v":"plural"},"value"]},{"$i":"months-after","$v":{"zero":"0 महीना पोइ","one":"1 महीनो पोइ","two":[{"t":"idOrVar","v":"value"}," महीना अॻु"],"few":[{"t":"idOrVar","v":"value"}," महीना अॻु"],"many":[{"t":"idOrVar","v":"value"}," महीना अॻु"],"other":[{"t":"idOrVar","v":"value"}," महीना अॻु"]},"$x":[{"t":"idOrVar","v":"plural"},"value"]},{"$i":"years-after","$v":{"zero":"0 सालु पोइ","one":"1 सालु बैदि","two":[{"t":"idOrVar","v":"value"}," सालु पोइ"],"few":[{"t":"idOrVar","v":"value"}," सालु पोइ"],"many":[{"t":"idOrVar","v":"value"}," सालु पोइ"],"other":[{"t":"idOrVar","v":"value"}," सालु पोइ"]},"$x":[{"t":"idOrVar","v":"plural"},"value"]},{"$i":"hour-format12","$v":"%I %p"},{"$i":"hour-format24","$v":"%H"},{"$i":"week-hour-format12","$v":"%I %p"},{"$i":"week-hour-format24","$v":"%H"},{"$i":"hour-allday","$v":"सॼो ॾींहुं"},{"$i":"tcl-week-day","$v":"%a\\n%e"},{"$i":"current-time12","$v":"%I:%M"},{"$i":"current-time24","$v":"%H:%M"},{"$i":"multi-month-view-header-format","$v":"%B %Y"},{"$i":"day-view-header-format","$v":"%A, %b %e"},{"$i":"months-day-view-header-format","$v":"%A, %b %e"},{"$i":"months-day-view-header-format-small","$v":{"$o":"%a <br/> %b, %e"}},{"$i":"week-view-header-format","$v":["हफ़्तो ",{"t":"idOrVar","v":"value"},", %B %Y"]},{"$i":"longDateFormat","$v":"%A, %B %d, %Y"},{"$i":"longTimeFormat","$v":"%A %B %d"},{"$i":"longTimeFormat12","$v":"%A %B %d %I %p"},{"$i":"longTimeFormat24","$v":"%A %B %d %H बजे"},{"$i":"weekTimeFormat12","$v":"%I %p"},{"$i":"weekTimeFormat24","$v":"%H"},{"$i":"weekDayFormat","$v":"%A the %d"},{"$i":"alldayLongTimeFormat","$v":"%A %B %d सॼो ॾींहुं"},{"$i":"dayHour12","$v":"%I %p"},{"$i":"dayHour24","$v":"%H"},{"$i":"longDateTime12","$v":"%I %p, %a, %d %b, %Y"},{"$i":"longDateTime24","$v":"%H, %a, %d %b, %Y"},{"$i":"upcoming-events","$v":"ईंदड़ वाक़िआ"},{"$i":"search-results","$v":"नतीजा तलाश कर्यो"},{"$i":"no-event-found","$v":"के बि वाक़िआ न मिलिया"},{"$i":"error-start-date-after-end-date","$v":"वाक़िओ शुरू थियणु जे तारीख़ खां अॻु ख़तमु नथो थी सघे ."},{"$i":"error-start-time-after-end-time","$v":"वाक़िओ शुरू थियणु जे तारीख़ खां अॻु ख़तमु नथो थी सघे ."},{"$i":"error-unauthenticated","$v":"ग़लति सारिफ़ नालो या पास वर्ड, महिरबानी करे ॿीहर कोशिश कर्यो ."},{"$i":"error-internal-server-error","$v":"सुरूरु नुक़्सु, महिरबानी करे ॿीहर कोशिश कर्यो ."},{"$i":"error-unkown","$v":"सुरूरु जे जवाबु सबबु दरख़्वास्त हैंडिल नथा करे सघूं ."},{"$i":"error-default","$v":"कुझु ग़लति आहे .  वरी कोशिश कयो ."},{"$i":"error-offline","$v":"इन्टरनेट सां कनेक्ट करणु जी क़ाबिलु नाहे .  इन्टरनेट ॾांहुं रसाई करणु लाइ तवहांWiFi या मोबाईल डेटा इस्तेमाल करे सगहो था ."},{"$i":"error-account-exist","$v":"ही अकाऊंट पहिरियां खां ई मौजूदु आहे ."},{"$i":"error-edit-online-event","$v":"आन लाइअन वाक़िओ तदवीन करणु नाकामु थियो छाकाणि त हिते को बि इन्टरनेट नाहे ."},{"$i":"error-delete-online-event","$v":"आन लाइअन वाक़िओ हज़फ़ करणु नाकामु थियो छाकाणि त हिते को बि इन्टरनेट नाहे ."},{"$i":"notification-error-sync-title","$v":"कअलींडर हम वक़्तु साज़ी नुक़्सु"},{"$i":"notification-error-sync-description","$v":"वधीक मालूमात लाइ टीप कर्यो"},{"$i":"weekday-0-single-char","$v":"S","ariaLabel":"आर्तवारु"},{"$i":"weekday-1-single-char","$v":"M","ariaLabel":"सुमर"},{"$i":"weekday-2-single-char","$v":"T","ariaLabel":"मंगल"},{"$i":"weekday-3-single-char","$v":"W","ariaLabel":"बु॒धर"},{"$i":"weekday-4-single-char","$v":"T","ariaLabel":"विशपत"},{"$i":"weekday-5-single-char","$v":"F","ariaLabel":"जुमो"},{"$i":"weekday-6-single-char","$v":"S","ariaLabel":"छंछरु"},{"$i":"busy","$v":{"zero":"के बि वाक़िआ न","one":[{"t":"idOrVar","v":"n"}," वाक़िओ"],"two":[{"t":"idOrVar","v":"n"}," वाक़िआ"],"few":[{"t":"idOrVar","v":"n"}," वाक़िआ"],"many":[{"t":"idOrVar","v":"n"}," वाक़िआ"],"other":[{"t":"idOrVar","v":"n"}," वाक़िआ"]},"$x":[{"t":"idOrVar","v":"plural"},"n"]},{"$i":"present","ariaLabel":"अजु॒"},{"$i":"past-other-month-description","ariaLabel":"ॿियो महीनो"},{"$i":"future-other-month-description","ariaLabel":"ॿियो महीनो"},{"$i":"icon-calendar-alarm","ariaLabel":"अलार्म आहे"},{"$i":"calendars","ariaLabel":"कअलींडरस"},{"$i":"multi-day-new-event-link","ariaLabel":"वाक़िओ शामिलु कर्यो"},{"$i":"title","ariaLabel":"उपाधी"},{"$i":"location","ariaLabel":"जार्इ"},{"$i":"duration","ariaLabel":"अर्सो"},{"$i":"calendar","ariaLabel":"केलेंडर"},{"$i":"alarms","ariaLabel":"चिताउ"},{"$i":"description","ariaLabel":"बयानु"},{"$i":"start-date","ariaLabel":"शुरू करणु जी तारीख़"},{"$i":"start-time","ariaLabel":"शुरू करणु जो वक्त"},{"$i":"end-date","ariaLabel":"आख़िरी तारीख़"},{"$i":"end-time","ariaLabel":"आख़िरी वक़्तु"},{"$i":"during-progress-loading","ariaValueText":"लोड पया थेनि"},{"$i":"all-day","ariaLabel":"सॼो ॾींहुं"},{"$i":"create-event","ariaLabel":"वाक़िओ ठाहियो"},{"$i":"create-all-day-event","ariaLabel":"सॼे ॾींहं जो वाक़िओ ठाहियो"},{"$i":"event-one-day-duration","ariaLabel":[{"t":"idOrVar","v":"startTime"}," खां ",{"t":"idOrVar","v":"endTime"}," ताईं"]},{"$i":"week-event-one-day-duration","ariaLabel":[{"t":"idOrVar","v":"startDate"},"खां ",{"t":"idOrVar","v":"startTime"}," ॾांहुं ",{"t":"idOrVar","v":"endTime"}]},{"$i":"event-multiple-day-duration","ariaLabel":[{"t":"idOrVar","v":"endTime"}," ",{"t":"idOrVar","v":"endDate"}," खां ",{"t":"idOrVar","v":"startTime"}," ",{"t":"idOrVar","v":"startDate"}," ताईं"]},{"$i":"tcl-event-added","$v":"वाक़िओ शामिलु थियो"},{"$i":"tcl-event-updated","$v":"वाक़िओ अपडेट थियो"},{"$i":"tcl-event-deleted","$v":"वाक़िओ हज़फ़ थियो"},{"$i":"tcl-change-save","$v":"तब्दीलियूं महफूज़ु थ्यूं"},{"$i":"tcl-event-calendar","$v":"केलेंडर"},{"$i":"tcl-single-event","$v":"वाक़िओ"},{"$i":"tcl-event-count","$v":"वाक़िआ"},{"$i":"tcl-sync-progress-syncing","$v":"हम वक़्तु"},{"$i":"tcl-sync-progress-complete","$v":"हम वक़्तु साज़ी मुकमिलु थी"},{"$i":"tcl-settings-sounds","$v":"आवाज़ु"},{"$i":"tcl-tones","$v":"टोंज़"},{"$i":"tcl-multi-events","$v":"वाक़िआ"},{"$i":"tcl-confirmation-title","$v":"तसिदीक़"},{"$i":"tcl-delete-selectedEvent-confirmation","$v":"चुंडियल वाक़िओ हज़फ़ कर्यो?"},{"$i":"tcl-deleteEvent-confirmation","$v":"वाक़िओ हज़फ़ कर्यो?"},{"$i":"tcl-event-search-header","$v":"गो॒ल्हि","placeholder":"गो॒ल्हि"},{"$i":"tcl-event-search-upcoming-events","$v":"ईंदड़ वाक़िआ"},{"$i":"tcl-delete","$v":"रदि"},{"$i":"tcl-cancel","$v":"मंसूख़ कर्यो"},{"$i":"tcl-dialog-delete-sel","$v":"छा तवहां मुंतख़बु वाक़िओ ख़तमु करणु चाहियो था?"},{"$i":"tcl-delete-title","$v":"वाक़िओ हज़फ़ कर्यो"},{"$i":"tcl-save-changes","$v":"तब्दीलियूं महफूज़ु कर्यो?"},{"$i":"tcl-save-message-back","$v":"सॼे शामिलु कयल डेटा विञाइ वेंदी . छा तवहां तब्दीलियूं महफूज़ु करणु चाहियो था?"},{"$i":"tcl-save-message-close","$v":"डेटा जे नुक़्सान सां अइपली केशन बंदु कई वेंदी . छा तवहां तब्दीलियूं महफूज़ु करणु चाहियो था?"},{"$i":"yes","$v":"हा"},{"$i":"no","$v":"न"},{"$i":"confirmation","$v":"तसिदीक़"},{"$i":"ok","$v":"ठीक"},{"$i":"delete-event","$v":"चुंडियल वाक़िओ हज़फ़ कर्यो?"},{"$i":"tcl-settings-header","$v":"डिस्प्ले लाइ कईलींडर"},{"$i":"tcl-syncing","$v":"हम वक़्तु..."},{"$i":"tcl-syncing-header","$v":"अकाऊंट हम वक़्तु साज़ी"},{"$i":"options","$v":"इख़्तियारु"},{"$i":"select","$v":"चूंडियो"},{"$i":"add-event","$v":"वाक़िओ शामिलु कर्यो"},{"$i":"weekly-view","$v":"हफ्तेवार नज़ारो"},{"$i":"day-view","$v":"ॾींहुं मन्ज़रु"},{"$i":"month-view","$v":"महीनो मन्ज़रु"},{"$i":"today","$v":"अजु॒"},{"$i":"go","$v":"तारीख़ ॾांहुं वञो"},{"$i":"search","$v":"गो॒ल्हि"},{"$i":"calendar-to-display","$v":"डिस्प्ले लाइ कईलींडर"},{"$i":"settings","$v":"सेटिंगयूं"},{"$i":"delete","$v":"रदि"},{"$i":"enter","$v":"एंटर"},{"$i":"sync-calendar","$v":"हम वक़्तु साज़ी कअलींडर"},{"$i":"present-description","$v":["अॼु ",{"t":"idOrVar","v":"weekday"}," ",{"t":"idOrVar","v":"date"},"th"]},{"$i":"day-description","$v":[{"t":"idOrVar","v":"weekday"}," ",{"t":"idOrVar","v":"date"},"th"]},{"$i":"weekday-5","$v":"जुमो"},{"$i":"weekday-4","$v":"विशपत"},{"$i":"weekday-3","$v":"बु॒धर"},{"$i":"weekday-2","$v":"मंगल"},{"$i":"weekday-1","$v":"सुमर"},{"$i":"weekday-0","$v":"आर्तवारु"},{"$i":"weekday-6","$v":"छंछरु"},{"$i":"no-title","$v":"(को बि उनिवान न)"},{"$i":"weekday-0-long","$v":"आर्तवारु"},{"$i":"weekday-1-long","$v":"सुमर"},{"$i":"weekday-2-long","$v":"मंगल"},{"$i":"weekday-3-long","$v":"बु॒धर"},{"$i":"weekday-4-long","$v":"विशपत"},{"$i":"weekday-5-long","$v":"जुमो"},{"$i":"weekday-6-long","$v":"छंछरु"},{"$i":"weekday-0-short","$v":"आचरु"},{"$i":"weekday-1-short","$v":"सूमरु"},{"$i":"weekday-2-short","$v":"अङारो"},{"$i":"weekday-3-short","$v":"अर्बा"},{"$i":"weekday-4-short","$v":"ख़मीस"},{"$i":"weekday-5-short","$v":"जमावं"},{"$i":"weekday-6-short","$v":"छंछरु"},{"$i":"month-0-long","$v":"जनॿीहर"},{"$i":"month-1-long","$v":"फ़ीबरॿीहर"},{"$i":"month-2-long","$v":"मार्चु"},{"$i":"month-3-long","$v":"अप्रेलु"},{"$i":"month-4-long","$v":"मुई"},{"$i":"month-5-long","$v":"जूनि"},{"$i":"month-6-long","$v":"जूलाइ"},{"$i":"month-7-long","$v":"आगस्टु"},{"$i":"month-8-long","$v":"सेप्टेम्बरु"},{"$i":"month-9-long","$v":"आक्टोबरु"},{"$i":"month-10-long","$v":"नवम्बरु"},{"$i":"month-11-long","$v":"डिसम्बरु"},{"$i":"month-0-genitive","$v":"जनॿीहर"},{"$i":"month-1-genitive","$v":"फ़ीबरॿीहर"},{"$i":"month-2-genitive","$v":"मार्चु"},{"$i":"month-3-genitive","$v":"अप्रेलु"},{"$i":"month-4-genitive","$v":"मुई"},{"$i":"month-5-genitive","$v":"जूनि"},{"$i":"month-6-genitive","$v":"जूलाइ"},{"$i":"month-7-genitive","$v":"आगस्टु"},{"$i":"month-8-genitive","$v":"सेप्टेम्बरु"},{"$i":"month-9-genitive","$v":"आक्टोबरु"},{"$i":"month-10-genitive","$v":"नवम्बरु"},{"$i":"month-11-genitive","$v":"डिसम्बरु"},{"$i":"month-0-short","$v":"जनॿीहर"},{"$i":"month-1-short","$v":"फ़ीबरॿीहर"},{"$i":"month-2-short","$v":"मार्चु"},{"$i":"month-3-short","$v":"अप्रेलु"},{"$i":"month-4-short","$v":"मुई"},{"$i":"month-5-short","$v":"जनॿीहर"},{"$i":"month-6-short","$v":"जूलाइ"},{"$i":"month-7-short","$v":"आगस्टु"},{"$i":"month-8-short","$v":"सेप्टेम्बरु"},{"$i":"month-9-short","$v":"आक्टोबरु"},{"$i":"month-10-short","$v":"नवम्बरु"},{"$i":"month-11-short","$v":"डिसम्बरु"},{"$i":"minutes-ago-long","$v":{"zero":"बिलकुल हाणे","one":"हिक मिंटु अॻु","two":[{"t":"idOrVar","v":"value"}," मिंटु अॻु"],"few":[{"t":"idOrVar","v":"value"}," मिंटु अॻु"],"many":[{"t":"idOrVar","v":"value"}," मिंटु अॻु"],"other":[{"t":"idOrVar","v":"value"}," मिंटु अॻु"]},"$x":[{"t":"idOrVar","v":"plural"},"value"]},{"$i":"hours-ago-long","$v":{"zero":"बिलकुल हाणे","one":"हिक कलाकु अॻु","two":[{"t":"idOrVar","v":"value"}," कलाकु अॻु"],"few":[{"t":"idOrVar","v":"value"}," कलाकु अॻु"],"many":[{"t":"idOrVar","v":"value"}," कलाकु अॻु"],"other":[{"t":"idOrVar","v":"value"}," कलाकु अॻु"]},"$x":[{"t":"idOrVar","v":"plural"},"value"]},{"$i":"days-ago-long","$v":{"zero":"अजु॒","one":"कुल्हा","two":[{"t":"idOrVar","v":"value"}," ॾींहुं अॻु"],"few":[{"t":"idOrVar","v":"value"}," ॾींहुं अॻु"],"many":[{"t":"idOrVar","v":"value"}," ॾींहुं अॻु"],"other":[{"t":"idOrVar","v":"value"}," ॾींहुं अॻु"]},"$x":[{"t":"idOrVar","v":"plural"},"value"]},{"$i":"weeks-ago-long","$v":{"zero":"हुन हफ़्ते","one":"गुज़िरियल हफ़्ते","two":[{"t":"idOrVar","v":"value"}," हफ़ता अॻु"],"few":[{"t":"idOrVar","v":"value"}," हफ़ता अॻु"],"many":[{"t":"idOrVar","v":"value"}," हफ़ता अॻु"],"other":[{"t":"idOrVar","v":"value"}," हफ़ता अॻु"]},"$x":[{"t":"idOrVar","v":"plural"},"value"]},{"$i":"months-ago-long","$v":{"zero":"हुन महीने","one":"गुज़िरियल महीने","two":[{"t":"idOrVar","v":"value"}," महीना अॻु"],"few":[{"t":"idOrVar","v":"value"}," महीना अॻु"],"many":[{"t":"idOrVar","v":"value"}," महीना अॻु"],"other":[{"t":"idOrVar","v":"value"}," महीना अॻु"]},"$x":[{"t":"idOrVar","v":"plural"},"value"]},{"$i":"years-ago-long","$v":{"zero":"हुन सालु","one":"गुज़िरियल सालु","two":[{"t":"idOrVar","v":"value"}," सालु अॻु"],"few":[{"t":"idOrVar","v":"value"}," सालु अॻु"],"many":[{"t":"idOrVar","v":"value"}," सालु अॻु"],"other":[{"t":"idOrVar","v":"value"}," सालु अॻु"]},"$x":[{"t":"idOrVar","v":"plural"},"value"]},{"$i":"minutes-until-long","$v":{"zero":"हाणि","one":"हिक मिंटु में","two":[{"t":"idOrVar","v":"value"}," मिन्टनि में"],"few":[{"t":"idOrVar","v":"value"}," मिन्टनि में"],"many":[{"t":"idOrVar","v":"value"}," मिन्टनि में"],"other":[{"t":"idOrVar","v":"value"}," मिन्टनि में"]},"$x":[{"t":"idOrVar","v":"plural"},"value"]},{"$i":"hours-until-long","$v":{"zero":"हाणि","one":"हिक कलाकु में","two":[{"t":"idOrVar","v":"value"}," कलाकनि में"],"few":[{"t":"idOrVar","v":"value"}," कलाकनि में"],"many":[{"t":"idOrVar","v":"value"}," कलाकनि में"],"other":[{"t":"idOrVar","v":"value"}," कलाकनि में"]},"$x":[{"t":"idOrVar","v":"plural"},"value"]},{"$i":"days-until-long","$v":{"zero":"अजु॒","one":"सुभाणे","two":[{"t":"idOrVar","v":"value"}," ॾींहुं में"],"few":[{"t":"idOrVar","v":"value"}," ॾींहुं में"],"many":[{"t":"idOrVar","v":"value"}," ॾींहुं में"],"other":[{"t":"idOrVar","v":"value"}," ॾींहुं में"]},"$x":[{"t":"idOrVar","v":"plural"},"value"]},{"$i":"weeks-until-long","$v":{"zero":"हुन हफ़्ते","one":"ईंदड़ सालु","two":[{"t":"idOrVar","v":"value"}," हफ़्तनि में"],"few":[{"t":"idOrVar","v":"value"}," हफ़्तनि में"],"many":[{"t":"idOrVar","v":"value"}," हफ़्तनि में"],"other":[{"t":"idOrVar","v":"value"}," हफ़्तनि में"]},"$x":[{"t":"idOrVar","v":"plural"},"value"]},{"$i":"months-until-long","$v":{"zero":"हुन महीने","one":"ईंदड़ महीने","two":[{"t":"idOrVar","v":"value"}," महीननि में"],"few":[{"t":"idOrVar","v":"value"}," महीननि में"],"many":[{"t":"idOrVar","v":"value"}," महीननि में"],"other":[{"t":"idOrVar","v":"value"}," महीननि में"]},"$x":[{"t":"idOrVar","v":"plural"},"value"]},{"$i":"years-until-long","$v":{"zero":"हुन सालु","one":"ईंदड़ सालु","two":[{"t":"idOrVar","v":"value"}," सालनि में"],"few":[{"t":"idOrVar","v":"value"}," सालनि में"],"many":[{"t":"idOrVar","v":"value"}," सालनि में"],"other":[{"t":"idOrVar","v":"value"}," सालनि में"]},"$x":[{"t":"idOrVar","v":"plural"},"value"]},{"$i":"minutes-ago-short","$v":{"zero":"बिलकुल हाणे","other":[{"t":"idOrVar","v":"value"}," मिंटु अॻु"]},"$x":[{"t":"idOrVar","v":"plural"},"value"]},{"$i":"hours-ago-short","$v":{"zero":"बिलकुल हाणे","other":[{"t":"idOrVar","v":"value"}," कलाकु अॻु"]},"$x":[{"t":"idOrVar","v":"plural"},"value"]},{"$i":"days-ago-short","$v":{"zero":"अजु॒","other":[{"t":"idOrVar","v":"value"}," ॾींहुं अॻु"]},"$x":[{"t":"idOrVar","v":"plural"},"value"]},{"$i":"minutes-until-short","$v":{"zero":"हाणि","other":[{"t":"idOrVar","v":"value"},"m में"]},"$x":[{"t":"idOrVar","v":"plural"},"value"]},{"$i":"hours-until-short","$v":{"zero":"हाणि","other":[{"t":"idOrVar","v":"value"},"h में"]},"$x":[{"t":"idOrVar","v":"plural"},"value"]},{"$i":"days-until-short","$v":{"zero":"अजु॒","other":[{"t":"idOrVar","v":"value"},"d में"]},"$x":[{"t":"idOrVar","v":"plural"},"value"]},{"$i":"incorrectDate","$v":"( ग़लति तारीख़)"},{"$i":"dateTimeFormat_%c","$v":"%a %b %e %Y %I:%M:%S %p"},{"$i":"dateTimeFormat_%x","$v":"%m/%d/%Y"},{"$i":"dateTimeFormat_%X","$v":"%I:%M:%S %p"},{"$i":"shortTimeFormat","$v":"%I:%M %p"},{"$i":"shortTimeFormat12","$v":"%I:%M %p"},{"$i":"shortTimeFormat24","$v":"%H:%M"},{"$i":"shortDateTimeFormat","$v":"%x %I:%M %p"},{"$i":"weekStartsOnMonday","$v":"0"},{"$i":"firstDayOfTheWeek","$v":"0"},{"$i":"time_am","$v":"AM"},{"$i":"time_pm","$v":"PM"},{"$i":"softkey-options","$v":"इख़्तियारु"}]