[{"$i":"back","$v":"பின் செல்"},{"$i":"save","$v":"சேமி"},{"$i":"hide","$v":"மறைக்கவும்"},{"$i":"cancel","$v":"ரத்து செய்க"},{"$i":"confirm","$v":"உறுதிசெய்க"},{"$i":"done","$v":"முடிந்தது"},{"$i":"events","$v":"இவெண்ட்ஸ் ரிமைண்டர்"},{"$i":"edit","$v":"திருத்து"},{"$i":"allday-events","$v":"நாள்-முழுவதும் இவெண்ட்கள் ரிமைண்டர்"},{"$i":"no-events","$v":"இவெண்ட்-கள் இல்லை"},{"$i":"default","$v":"டீஃபால்ட்"},{"$i":"sync","$v":"சின்க்"},{"$i":"show-today","$v":"இன்று"},{"$i":"show-month-view","$v":"மாதம்"},{"$i":"show-week-view","$v":"வாரம்"},{"$i":"show-day-view","$v":"நாள்"},{"$i":"settings-show","$v":"செட்டிங்ஸ்"},{"$i":"settings-hide","$v":"செட்டிங்ஸ்-ஐ மறைக்கவும்"},{"$i":"add-account","$v":"ஒரு அக்கவுண்ட்-ஐ சேர்"},{"$i":"new-event","$v":"இவெண்ட்-ஐ சேர்"},{"$i":"view-event-header","$v":"இவெண்ட் விவரங்கள்"},{"$i":"new-event-header","$v":"இவெண்ட்-ஐ சேர்"},{"$i":"edit-event-header","$v":"இவெண்ட்-ஐ திருத்து"},{"$i":"account-header","$v":"அக்கவுண்ட்"},{"$i":"account-list-header","$v":"அக்கவுண்ட்கள்"},{"$i":"advanced-settings-short-icon-button","ariaLabel":"செட்டிங்ஸ்"},{"$i":"advanced-settings-header","$v":"காலண்டர் செட்டிங்ஸ்"},{"$i":"advanced-settings-personalization","$v":"ஃபிரிகுயன்சி-ஐ அப்டேட் செய்க"},{"$i":"advanced-settings-reminders","$v":"ரிமைண்டர்"},{"$i":"advanced-settings-add-account","$v":"அக்கவுண்ட் சேர்"},{"$i":"field-user","$v":"யூசர்நேம்"},{"$i":"field-password","$v":"பாஸ்வெர்ட்"},{"$i":"show-password","$v":"பாஸ்வெர்ட்-ஐ காட்டவும்"},{"$i":"field-full-url","$v":"URL"},{"$i":"modify-account-setting-up","$v":"உங்கள் அக்கவுண்ட் அமைக்கப்படும் வரை தயவுசெய்து காத்திருக்கவும்"},{"$i":"modify-account-unable-to-sync","$v":"சின்க் செய்ய இயலவில்லை"},{"$i":"modify-account-sign-in","$v":"சைன் இன்"},{"$i":"tcl-caldav","$v":"CalDav"},{"$i":"tcl-yahoo","$v":"யாகூ!"},{"$i":"tcl-google","$v":"கூகிள்"},{"$i":"preset-mozilla","$v":"Mozilla Zimbra"},{"$i":"calendar-local","$v":"ஃபோன் காலண்டர்"},{"$i":"event-title","$v":"தலைப்பு"},{"$i":"event-location","$v":"லொக்கேஷன்"},{"$i":"event-description","$v":"நோட்கள்"},{"$i":"event-is-allday","$v":"நாள்-முழுவதும் இவெண்ட்"},{"$i":"event-start-date","$v":"தொடங்க தேதி"},{"$i":"event-end-date","$v":"முடியும் தேதி"},{"$i":"event-start-time","$v":"நேரத்தைத் தொடங்கவும்"},{"$i":"event-end-time","$v":"முடியும் நேரம்"},{"$i":"event-delete","$v":"இவெண்ட்-ஐ நீக்குக"},{"$i":"remove-account-data","$v":"காலண்டர் அக்கவுண்ட்-ஐ அகற்று"},{"$i":"remove-account-dialog","$v":"அக்கவுண்ட்-ஐ அகற்று"},{"$i":"remove-account-dialog-details","$v":["உங்கள் சாதனத்தில் இருந்து \"",{"t":"idOrVar","v":"email"},"\"-ஐ அகற்றவா?"]},{"$i":"remove","$v":"அகற்று"},{"$i":"drawer-sync-icon-button","ariaLabel":"சின்க்"},{"$i":"sync-progress-syncing","ariaValueText":"சின்க் செய்கிறது"},{"$i":"sync-progress-complete","ariaValueText":"சின்க் செய்தல் முடிந்தது"},{"$i":"sync-frequency","$v":"காலண்டரை சின்க் செய்க"},{"$i":"sync-frequency-15min","$v":"ஒவ்வொரு 15 நிமிடமும்"},{"$i":"sync-frequency-30min","$v":"ஒவ்வொரு 30 நிமிடமும்"},{"$i":"sync-frequency-manual","$v":"மேனுவலி"},{"$i":"one-day-duration-title","$v":[{"t":"idOrVar","v":"startDate"}]},{"$i":"one-day-duration-content","$v":[{"t":"idOrVar","v":"startTime"}," முதல் ",{"t":"idOrVar","v":"endTime"}," வரை"]},{"$i":"multiple-day-duration-title","$v":[{"t":"idOrVar","v":"startTime"}," ",{"t":"idOrVar","v":"startDate"}," முதல்"]},{"$i":"multiple-day-duration-content","$v":[{"t":"idOrVar","v":"endTime"}," ",{"t":"idOrVar","v":"endDate"}," வரை"]},{"$i":"one-all-day-duration-title","$v":"எல்லாம் நாள்"},{"$i":"one-all-day-duration-content","$v":[{"t":"idOrVar","v":"startDate"}]},{"$i":"multiple-all-day-duration-title","$v":[{"t":"idOrVar","v":"startDate"}," முதல் எல்லா நாளும்"]},{"$i":"multiple-all-day-duration-content","$v":[{"t":"idOrVar","v":"endDate"}," வரை"]},{"$i":"none","$v":"எதுவுமில்லை"},{"$i":"reminder","$v":"இவெண்ட் ரிமைண்டர்"},{"$i":"remind-me","$v":"எனக்கு நினைவூட்டு"},{"$i":"alarm-at-event-standard","$v":"இவெண்ட்-இன் போது"},{"$i":"alarm-at-event-allday","$v":"இவெண்ட் நடைபெறும் நாளில்"},{"$i":"alarm-start-notice","$v":[{"t":"idOrVar","v":"title"}," தொடங்குகிற ",{"t":"idOrVar","v":"distance"}]},{"$i":"alarm-started-notice","$v":[{"t":"idOrVar","v":"title"}," தொடங்கப்பட்ட ",{"t":"idOrVar","v":"distance"}]},{"$i":"minutes-before","$v":{"zero":"0 நிமிடங்கள் முன்பு","one":"1 நிமிடம் முன்பு","two":[{"t":"idOrVar","v":"value"}," நிமிடங்களுக்கு முன்பு"],"few":[{"t":"idOrVar","v":"value"}," நிமிடங்களுக்கு முன்பு"],"many":[{"t":"idOrVar","v":"value"}," நிமிடங்களுக்கு முன்பு"],"other":[{"t":"idOrVar","v":"value"}," நிமிடங்களுக்கு முன்பு"]},"$x":[{"t":"idOrVar","v":"plural"},"value"]},{"$i":"hours-before","$v":{"zero":"0 மணிநேரம் முன்பு","one":"1 மணிநேரம் முன்பு","two":[{"t":"idOrVar","v":"value"}," மணிநேரங்களுக்கு முன்பு"],"few":[{"t":"idOrVar","v":"value"}," மணிநேரங்களுக்கு முன்பு"],"many":[{"t":"idOrVar","v":"value"}," மணிநேரங்களுக்கு முன்பு"],"other":[{"t":"idOrVar","v":"value"}," மணிநேரங்களுக்கு முன்பு"]},"$x":[{"t":"idOrVar","v":"plural"},"value"]},{"$i":"days-before","$v":{"zero":"0 நாட்கள் முன்பு","one":"1 நாள் முன்பு","two":[{"t":"idOrVar","v":"value"}," நாட்களுக்கு முன்பு"],"few":[{"t":"idOrVar","v":"value"}," நாட்களுக்கு முன்பு"],"many":[{"t":"idOrVar","v":"value"}," நாட்களுக்கு முன்பு"],"other":[{"t":"idOrVar","v":"value"}," நாட்களுக்கு முன்பு"]},"$x":[{"t":"idOrVar","v":"plural"},"value"]},{"$i":"weeks-before","$v":{"zero":"0 வாரங்கள் முன்பு","one":"1 வாரம் முன்பு","two":[{"t":"idOrVar","v":"value"}," வாரங்களுக்கு முன்பு"],"few":[{"t":"idOrVar","v":"value"}," வாரங்களுக்கு முன்பு"],"many":[{"t":"idOrVar","v":"value"}," வாரங்களுக்கு முன்பு"],"other":[{"t":"idOrVar","v":"value"}," வாரங்களுக்கு முன்பு"]},"$x":[{"t":"idOrVar","v":"plural"},"value"]},{"$i":"months-before","$v":{"zero":"0 மாதங்கள் முன்பு","one":"1 மாதம் முன்பு","two":[{"t":"idOrVar","v":"value"}," மாதங்களுக்கு முன்பு"],"few":[{"t":"idOrVar","v":"value"}," மாதங்களுக்கு முன்பு"],"many":[{"t":"idOrVar","v":"value"}," மாதங்களுக்கு முன்பு"],"other":[{"t":"idOrVar","v":"value"}," மாதங்களுக்கு முன்பு"]},"$x":[{"t":"idOrVar","v":"plural"},"value"]},{"$i":"years-before","$v":{"zero":"0 ஆண்டுகள் முன்பு","one":"1 ஆண்டு முன்பு","two":[{"t":"idOrVar","v":"value"}," வருடங்களுக்கு முன்பு"],"few":[{"t":"idOrVar","v":"value"}," வருடங்களுக்கு முன்பு"],"many":[{"t":"idOrVar","v":"value"}," வருடங்களுக்கு முன்பு"],"other":[{"t":"idOrVar","v":"value"}," வருடங்களுக்கு முன்பு"]},"$x":[{"t":"idOrVar","v":"plural"},"value"]},{"$i":"minutes-after","$v":{"zero":"0 நிமிடங்கள் பிறகு","one":"1 நிமிடம் பிறகு","two":[{"t":"idOrVar","v":"value"}," நிமிடங்களுக்குப் பிறகு"],"few":[{"t":"idOrVar","v":"value"}," நிமிடங்களுக்குப் பிறகு"],"many":[{"t":"idOrVar","v":"value"}," நிமிடங்களுக்குப் பிறகு"],"other":[{"t":"idOrVar","v":"value"}," நிமிடங்களுக்குப் பிறகு"]},"$x":[{"t":"idOrVar","v":"plural"},"value"]},{"$i":"hours-after","$v":{"zero":"0 மணிநேரம் பிறகு","one":"1 மணிநேரம் பிறகு","two":[{"t":"idOrVar","v":"value"}," மணிநேரங்களுக்குப் பிறகு"],"few":[{"t":"idOrVar","v":"value"}," மணிநேரங்களுக்குப் பிறகு"],"many":[{"t":"idOrVar","v":"value"}," மணிநேரங்களுக்குப் பிறகு"],"other":[{"t":"idOrVar","v":"value"}," மணிநேரங்களுக்குப் பிறகு"]},"$x":[{"t":"idOrVar","v":"plural"},"value"]},{"$i":"days-after","$v":{"zero":"0 நாட்கள் பிறகு","one":"1 நாள் பிறகு","two":[{"t":"idOrVar","v":"value"}," நாட்களுக்குப் பிறகு"],"few":[{"t":"idOrVar","v":"value"}," நாட்களுக்குப் பிறகு"],"many":[{"t":"idOrVar","v":"value"}," நாட்களுக்குப் பிறகு"],"other":[{"t":"idOrVar","v":"value"}," நாட்களுக்குப் பிறகு"]},"$x":[{"t":"idOrVar","v":"plural"},"value"]},{"$i":"weeks-after","$v":{"zero":"0 வாரங்கள் பிறகு","one":"1 வாரம் பிறகு","two":[{"t":"idOrVar","v":"value"}," வாரங்களுக்குப் பிறகு"],"few":[{"t":"idOrVar","v":"value"}," வாரங்களுக்குப் பிறகு"],"many":[{"t":"idOrVar","v":"value"}," வாரங்களுக்குப் பிறகு"],"other":[{"t":"idOrVar","v":"value"}," வாரங்களுக்குப் பிறகு"]},"$x":[{"t":"idOrVar","v":"plural"},"value"]},{"$i":"months-after","$v":{"zero":"0 மாதங்கள் பிறகு","one":"1 மாதம் பிறகு","two":[{"t":"idOrVar","v":"value"}," மாதங்களுக்குப் பிறகு"],"few":[{"t":"idOrVar","v":"value"}," மாதங்களுக்குப் பிறகு"],"many":[{"t":"idOrVar","v":"value"}," மாதங்களுக்குப் பிறகு"],"other":[{"t":"idOrVar","v":"value"}," மாதங்களுக்குப் பிறகு"]},"$x":[{"t":"idOrVar","v":"plural"},"value"]},{"$i":"years-after","$v":{"zero":"0 ஆண்டுகள் பிறகு","one":"1 ஆண்டு பிறகு","two":[{"t":"idOrVar","v":"value"}," வருடங்களுக்குப் பிறகு"],"few":[{"t":"idOrVar","v":"value"}," வருடங்களுக்குப் பிறகு"],"many":[{"t":"idOrVar","v":"value"}," வருடங்களுக்குப் பிறகு"],"other":[{"t":"idOrVar","v":"value"}," வருடங்களுக்குப் பிறகு"]},"$x":[{"t":"idOrVar","v":"plural"},"value"]},{"$i":"hour-format12","$v":"%I %p"},{"$i":"hour-format24","$v":"%H"},{"$i":"week-hour-format12","$v":"%I %p"},{"$i":"week-hour-format24","$v":"%H"},{"$i":"hour-allday","$v":"எல்லாம் நாள்"},{"$i":"tcl-week-day","$v":"%a\\n%e"},{"$i":"current-time12","$v":"%I:%M"},{"$i":"current-time24","$v":"%H:%M"},{"$i":"multi-month-view-header-format","$v":"%B %Y"},{"$i":"day-view-header-format","$v":"%A, %b %e"},{"$i":"months-day-view-header-format","$v":"%A, %b %e"},{"$i":"months-day-view-header-format-small","$v":{"$o":"%a <br/> %b, %e"}},{"$i":"week-view-header-format","$v":["வாரம் ",{"t":"idOrVar","v":"value"},", %B %Y"]},{"$i":"longDateFormat","$v":"%A, %B %d, %Y"},{"$i":"longTimeFormat","$v":"%A %B %d"},{"$i":"longTimeFormat12","$v":"%A %B %d %I %p"},{"$i":"longTimeFormat24","$v":"%A %B %d %H மணி"},{"$i":"weekTimeFormat12","$v":"%I %p"},{"$i":"weekTimeFormat24","$v":"%H மணி"},{"$i":"weekDayFormat","$v":"%A the %d"},{"$i":"alldayLongTimeFormat","$v":"%A %B %d நாள் முழுவதும்"},{"$i":"dayHour12","$v":"%I %p"},{"$i":"dayHour24","$v":"%H மணி"},{"$i":"longDateTime12","$v":"%I %p, %a, %d %b, %Y"},{"$i":"longDateTime24","$v":"%H, %a, %d %b, %Y"},{"$i":"upcoming-events","$v":"அப்கமிங் இவெண்ட்-கள்"},{"$i":"search-results","$v":"முடிவுகளைத் தேடுக"},{"$i":"no-event-found","$v":"இவெண்ட்-கள் காணப்படவில்லை"},{"$i":"error-start-date-after-end-date","$v":"இவெண்ட் அதன் தொடக்க தேதிக்கு முன்னால் முடியாது."},{"$i":"error-start-time-after-end-time","$v":"இவெண்ட் அதன் தொடக்க நேரத்திற்கு முன்னால் முடியாது."},{"$i":"error-unauthenticated","$v":"தவறான யூசர் நேம் அல்லது பாஸ்வெர்ட், மீண்டும் முயலவும்."},{"$i":"error-internal-server-error","$v":"சர்வர் பிழை, தயவுசெய்து மீண்டும் முயலவும்."},{"$i":"error-unkown","$v":"சர்வர் பதில் காரணமாக கோரிக்கையைக் கையாள முடியாது."},{"$i":"error-default","$v":"ஏதோ தவறாக உள்ளது. மீண்டும் முயலவும்."},{"$i":"error-offline","$v":"இன்டர்நெட்-வுடன் கனெக்ட் செய்ய இயலவில்லை. இன்டர்நெட்-ஐ அக்சஸ் செய்ய நீங்கள் WiFi அல்லது மொபைல் டேட்டாவை பயன்படுத்தலாம்."},{"$i":"error-account-exist","$v":"இந்த அக்கவுண்ட் ஏற்கனவே உள்ளது."},{"$i":"error-edit-online-event","$v":"இன்டர்நெட் கனெக்ஷன் இல்லாததால் ஆன்லைன் இவெண்ட்-ஐ திருத்துவது தோல்வியடைந்தது."},{"$i":"error-delete-online-event","$v":"இன்டர்நெட் கனெக்ஷன் இல்லாததால் ஆன்லைன் இவெண்ட்-ஐ நீக்குவது தோல்வியடைந்தது."},{"$i":"notification-error-sync-title","$v":"காலண்டர் சின்க் பிழை"},{"$i":"notification-error-sync-description","$v":"மேலும் தகவலுக்கு தட்டவும்"},{"$i":"weekday-0-single-char","$v":"S","ariaLabel":"ஞாயிறுக்கிழமை"},{"$i":"weekday-1-single-char","$v":"M","ariaLabel":"திங்கள்"},{"$i":"weekday-2-single-char","$v":"T","ariaLabel":"செவ்வாய்க்கிழமை"},{"$i":"weekday-3-single-char","$v":"W","ariaLabel":"புதன்கிழமை"},{"$i":"weekday-4-single-char","$v":"T","ariaLabel":"வியாழக்கிழமை"},{"$i":"weekday-5-single-char","$v":"F","ariaLabel":"வெள்ளி"},{"$i":"weekday-6-single-char","$v":"S","ariaLabel":"சனிக்கிழமை"},{"$i":"busy","$v":{"zero":"இவெண்ட்-கள் இல்லை","one":[{"t":"idOrVar","v":"n"}," இவெண்ட்"],"two":[{"t":"idOrVar","v":"n"}," இவெண்ட்-கள்"],"few":[{"t":"idOrVar","v":"n"}," இவெண்ட்-கள்"],"many":[{"t":"idOrVar","v":"n"}," இவெண்ட்-கள்"],"other":[{"t":"idOrVar","v":"n"}," இவெண்ட்-கள்"]},"$x":[{"t":"idOrVar","v":"plural"},"n"]},{"$i":"present","ariaLabel":"இன்று"},{"$i":"past-other-month-description","ariaLabel":"வேறொரு மாதம்"},{"$i":"future-other-month-description","ariaLabel":"வேறொரு மாதம்"},{"$i":"icon-calendar-alarm","ariaLabel":"அலாரம் உள்ளது"},{"$i":"calendars","ariaLabel":"காலண்டர்கள்"},{"$i":"multi-day-new-event-link","ariaLabel":"இவெண்ட்-ஐ சேர்"},{"$i":"title","ariaLabel":"தலைப்பு"},{"$i":"location","ariaLabel":"லொக்கேஷன்"},{"$i":"duration","ariaLabel":"கால அளவு"},{"$i":"calendar","ariaLabel":"காலண்டர்"},{"$i":"alarms","ariaLabel":"அலாரங்கள்"},{"$i":"description","ariaLabel":"விளக்கம்"},{"$i":"start-date","ariaLabel":"தொடங்க தேதி"},{"$i":"start-time","ariaLabel":"நேரத்தைத் தொடங்கவும்"},{"$i":"end-date","ariaLabel":"முடியும் தேதி"},{"$i":"end-time","ariaLabel":"முடியும் நேரம்"},{"$i":"during-progress-loading","ariaValueText":"லோட் செய்கிறது"},{"$i":"all-day","ariaLabel":"எல்லாம் நாள்"},{"$i":"create-event","ariaLabel":"இவெண்ட்-ஐ உருவாக்கு"},{"$i":"create-all-day-event","ariaLabel":"அனைத்து நாள் இவெண்ட்-ஐ உருவாக்கு"},{"$i":"event-one-day-duration","ariaLabel":[{"t":"idOrVar","v":"startTime"}," இலிருந்து ",{"t":"idOrVar","v":"endTime"}," வரை"]},{"$i":"week-event-one-day-duration","ariaLabel":[{"t":"idOrVar","v":"startDate"}," ",{"t":"idOrVar","v":"startTime"}," இலிருந்து ",{"t":"idOrVar","v":"endTime"}," வரை"]},{"$i":"event-multiple-day-duration","ariaLabel":[{"t":"idOrVar","v":"startTime"}," ",{"t":"idOrVar","v":"startDate"}," முதல் ",{"t":"idOrVar","v":"endTime"}," ",{"t":"idOrVar","v":"endDate"}," வரை"]},{"$i":"tcl-event-added","$v":"இவெண்ட் சேர்க்கப்பட்டது"},{"$i":"tcl-event-updated","$v":"இவெண்ட் அப்டேட் செய்யப்பட்டது"},{"$i":"tcl-event-deleted","$v":"இவெண்ட் நீக்கப்பட்டது"},{"$i":"tcl-change-save","$v":"மாற்றங்கள் சேமிக்கப்பட்டது"},{"$i":"tcl-event-calendar","$v":"காலண்டர்"},{"$i":"tcl-single-event","$v":"இவெண்ட்"},{"$i":"tcl-event-count","$v":"இவெண்ட்கள்"},{"$i":"tcl-sync-progress-syncing","$v":"சின்க் செய்கிறது"},{"$i":"tcl-sync-progress-complete","$v":"சின்க் முடிந்தது"},{"$i":"tcl-settings-sounds","$v":"ஒலிகள்"},{"$i":"tcl-tones","$v":"டோன்கள்"},{"$i":"tcl-multi-events","$v":"இவெண்ட்கள்"},{"$i":"tcl-confirmation-title","$v":"உறுதிப்படுத்துதல்"},{"$i":"tcl-delete-selectedEvent-confirmation","$v":"தேர்வுசெய்த இவெண்ட் நீக்கவா?"},{"$i":"tcl-deleteEvent-confirmation","$v":"இவெண்ட்-ஐ நீக்கவா?"},{"$i":"tcl-event-search-header","$v":"தேடு","placeholder":"தேடு"},{"$i":"tcl-event-search-upcoming-events","$v":"அப்கமிங் இவெண்ட்-கள்"},{"$i":"tcl-delete","$v":"நீக்கு"},{"$i":"tcl-cancel","$v":"ரத்து செய்க"},{"$i":"tcl-dialog-delete-sel","$v":"தேர்ந்தெடுத்த இவெண்ட்-ஐ நீங்கள் நிச்சியமாக நீக்க விரும்புகிறீர்களா?"},{"$i":"tcl-delete-title","$v":"இவெண்ட்-ஐ நீக்குக"},{"$i":"tcl-save-changes","$v":"மாற்றங்களைச் சேமிக்கவும்?"},{"$i":"tcl-save-message-back","$v":"உள்ளிடப்பட்டுள்ள எல்லா டேட்டாவும் நீக்கப்படும். மாற்றங்களைச் சேமிக்க விரும்புகிறீர்களா?"},{"$i":"tcl-save-message-close","$v":"அப்ளிகேஷன், டேட்டா இழப்புடன் மூடப்படும். மாற்றங்களைச் சேமிக்க விரும்புகிறீர்களா?"},{"$i":"yes","$v":"ஆம்"},{"$i":"no","$v":"அனுமதிக்கப்படவில்லை"},{"$i":"confirmation","$v":"உறுதிப்படுத்துதல்"},{"$i":"ok","$v":"சரி"},{"$i":"delete-event","$v":"தேர்வுசெய்த இவெண்ட் நீக்கவா?"},{"$i":"tcl-settings-header","$v":"டிஸ்பிளே செய்ய வேண்டிய காலண்டர்"},{"$i":"tcl-syncing","$v":"சின்க் ஆகுகிறது..."},{"$i":"tcl-syncing-header","$v":"அக்கவுண்ட் சின்க்"},{"$i":"options","$v":"விருப்பங்கள்"},{"$i":"select","$v":"தேர்ந்தெடுக்கவும்"},{"$i":"add-event","$v":"இவெண்ட்-ஐ சேர்"},{"$i":"weekly-view","$v":"வாராந்திர பார்வை"},{"$i":"day-view","$v":"நாள் படி காண"},{"$i":"month-view","$v":"மாதக் படி காண"},{"$i":"today","$v":"இன்று"},{"$i":"go","$v":"தேதிக்குச் செல்க"},{"$i":"search","$v":"தேடு"},{"$i":"calendar-to-display","$v":"டிஸ்பிளே செய்ய வேண்டிய காலண்டர்"},{"$i":"settings","$v":"செட்டிங்ஸ்"},{"$i":"delete","$v":"நீக்கு"},{"$i":"enter","$v":"உள்ளிடு"},{"$i":"sync-calendar","$v":"காலண்டரை சின்க் செய்க"},{"$i":"present-description","$v":["இன்று ",{"t":"idOrVar","v":"weekday"}," ",{"t":"idOrVar","v":"date"}," வது"]},{"$i":"day-description","$v":[{"t":"idOrVar","v":"weekday"}," ",{"t":"idOrVar","v":"date"}," வது"]},{"$i":"weekday-5","$v":"வெள்ளி"},{"$i":"weekday-4","$v":"வியாழக்கிழமை"},{"$i":"weekday-3","$v":"புதன்கிழமை"},{"$i":"weekday-2","$v":"செவ்வாய்க்கிழமை"},{"$i":"weekday-1","$v":"திங்கள்"},{"$i":"weekday-0","$v":"ஞாயிறுக்கிழமை"},{"$i":"weekday-6","$v":"சனிக்கிழமை"},{"$i":"no-title","$v":"(தலைப்பு இல்லை)"},{"$i":"weekday-0-long","$v":"ஞாயிறுக்கிழமை"},{"$i":"weekday-1-long","$v":"திங்கள்"},{"$i":"weekday-2-long","$v":"செவ்வாய்க்கிழமை"},{"$i":"weekday-3-long","$v":"புதன்கிழமை"},{"$i":"weekday-4-long","$v":"வியாழக்கிழமை"},{"$i":"weekday-5-long","$v":"வெள்ளி"},{"$i":"weekday-6-long","$v":"சனிக்கிழமை"},{"$i":"weekday-0-short","$v":"ஞாயிறுக்கிழமை"},{"$i":"weekday-1-short","$v":"திங்கள்"},{"$i":"weekday-2-short","$v":"செவ்வாய்க்கிழமை"},{"$i":"weekday-3-short","$v":"புதன்கிழமை"},{"$i":"weekday-4-short","$v":"வியாழன்"},{"$i":"weekday-5-short","$v":"வெள்ளி"},{"$i":"weekday-6-short","$v":"சனிக்கிழமை"},{"$i":"month-0-long","$v":"ஜனவரி"},{"$i":"month-1-long","$v":"பிப்ரவரி"},{"$i":"month-2-long","$v":"மார்ச்"},{"$i":"month-3-long","$v":"ஏப்ரல்"},{"$i":"month-4-long","$v":"மே"},{"$i":"month-5-long","$v":"ஜூன்"},{"$i":"month-6-long","$v":"ஜூலை"},{"$i":"month-7-long","$v":"ஆகஸ்ட்"},{"$i":"month-8-long","$v":"செப்டம்பர்"},{"$i":"month-9-long","$v":"அக்டோபர்"},{"$i":"month-10-long","$v":"நவம்பர்"},{"$i":"month-11-long","$v":"டிசம்பர்"},{"$i":"month-0-genitive","$v":"ஜனவரி"},{"$i":"month-1-genitive","$v":"பிப்ரவரி"},{"$i":"month-2-genitive","$v":"மார்ச்"},{"$i":"month-3-genitive","$v":"ஏப்ரல்"},{"$i":"month-4-genitive","$v":"மே"},{"$i":"month-5-genitive","$v":"ஜூன்"},{"$i":"month-6-genitive","$v":"ஜூலை"},{"$i":"month-7-genitive","$v":"ஆகஸ்ட்"},{"$i":"month-8-genitive","$v":"செப்டம்பர்"},{"$i":"month-9-genitive","$v":"அக்டோபர்"},{"$i":"month-10-genitive","$v":"நவம்பர்"},{"$i":"month-11-genitive","$v":"டிசம்பர்"},{"$i":"month-0-short","$v":"ஜனவரி"},{"$i":"month-1-short","$v":"பிப்ரவரி"},{"$i":"month-2-short","$v":"மார்ச்"},{"$i":"month-3-short","$v":"ஏப்ரல்"},{"$i":"month-4-short","$v":"மே"},{"$i":"month-5-short","$v":"ஜூன்"},{"$i":"month-6-short","$v":"ஜூலை"},{"$i":"month-7-short","$v":"ஆகஸ்ட்"},{"$i":"month-8-short","$v":"செப்டம்பர்"},{"$i":"month-9-short","$v":"அக்டோபர்"},{"$i":"month-10-short","$v":"நவம்பர்"},{"$i":"month-11-short","$v":"டிசம்பர்"},{"$i":"minutes-ago-long","$v":{"zero":"இப்போது தான்","one":"ஒரு நிமிடம் முன்பாக","two":[{"t":"idOrVar","v":"value"}," நிமிடங்களுக்கு முன்பு"],"few":[{"t":"idOrVar","v":"value"}," நிமிடங்களுக்கு முன்பு"],"many":[{"t":"idOrVar","v":"value"}," நிமிடங்களுக்கு முன்பு"],"other":[{"t":"idOrVar","v":"value"}," நிமிடங்களுக்கு முன்பு"]},"$x":[{"t":"idOrVar","v":"plural"},"value"]},{"$i":"hours-ago-long","$v":{"zero":"இப்போது தான்","one":"ஒரு மணிநேரம் முன்பாக","two":[{"t":"idOrVar","v":"value"}," மணிநேரங்களுக்கு முன்பு"],"few":[{"t":"idOrVar","v":"value"}," மணிநேரங்களுக்கு முன்பு"],"many":[{"t":"idOrVar","v":"value"}," மணிநேரங்களுக்கு முன்பு"],"other":[{"t":"idOrVar","v":"value"}," மணிநேரங்களுக்கு முன்பு"]},"$x":[{"t":"idOrVar","v":"plural"},"value"]},{"$i":"days-ago-long","$v":{"zero":"இன்று","one":"நேற்று","two":[{"t":"idOrVar","v":"value"}," நாட்களுக்கு முன்பு"],"few":[{"t":"idOrVar","v":"value"}," நாட்களுக்கு முன்பு"],"many":[{"t":"idOrVar","v":"value"}," நாட்களுக்கு முன்பு"],"other":[{"t":"idOrVar","v":"value"}," நாட்களுக்கு முன்பு"]},"$x":[{"t":"idOrVar","v":"plural"},"value"]},{"$i":"weeks-ago-long","$v":{"zero":"இந்த வாரம்","one":"கடந்த வாரம்","two":[{"t":"idOrVar","v":"value"}," வாரங்களுக்கு முன்பு"],"few":[{"t":"idOrVar","v":"value"}," வாரங்களுக்கு முன்பு"],"many":[{"t":"idOrVar","v":"value"}," வாரங்களுக்கு முன்பு"],"other":[{"t":"idOrVar","v":"value"}," வாரங்களுக்கு முன்பு"]},"$x":[{"t":"idOrVar","v":"plural"},"value"]},{"$i":"months-ago-long","$v":{"zero":"இந்த மாதம்","one":"கடந்த மாதம்","two":[{"t":"idOrVar","v":"value"}," மாதங்களுக்கு முன்பு"],"few":[{"t":"idOrVar","v":"value"}," மாதங்களுக்கு முன்பு"],"many":[{"t":"idOrVar","v":"value"}," மாதங்களுக்கு முன்பு"],"other":[{"t":"idOrVar","v":"value"}," மாதங்களுக்கு முன்பு"]},"$x":[{"t":"idOrVar","v":"plural"},"value"]},{"$i":"years-ago-long","$v":{"zero":"இந்த வருடம்","one":"கடந்த வருடம்","two":[{"t":"idOrVar","v":"value"}," வருடங்களுக்கு முன்பு"],"few":[{"t":"idOrVar","v":"value"}," வருடங்களுக்கு முன்பு"],"many":[{"t":"idOrVar","v":"value"}," வருடங்களுக்கு முன்பு"],"other":[{"t":"idOrVar","v":"value"}," வருடங்களுக்கு முன்பு"]},"$x":[{"t":"idOrVar","v":"plural"},"value"]},{"$i":"minutes-until-long","$v":{"zero":"இப்போதே","one":"ஒரு நிமிடத்தில்","two":[{"t":"idOrVar","v":"value"}," நிமிடங்களில்"],"few":[{"t":"idOrVar","v":"value"}," நிமிடங்களில்"],"many":[{"t":"idOrVar","v":"value"}," நிமிடங்களில்"],"other":[{"t":"idOrVar","v":"value"}," நிமிடங்களில்"]},"$x":[{"t":"idOrVar","v":"plural"},"value"]},{"$i":"hours-until-long","$v":{"zero":"இப்போதே","one":"ஒரு மணிநேரத்தில்","two":[{"t":"idOrVar","v":"value"}," மணிநேரங்களில்"],"few":[{"t":"idOrVar","v":"value"}," மணிநேரங்களில்"],"many":[{"t":"idOrVar","v":"value"}," மணிநேரங்களில்"],"other":[{"t":"idOrVar","v":"value"}," மணிநேரங்களில்"]},"$x":[{"t":"idOrVar","v":"plural"},"value"]},{"$i":"days-until-long","$v":{"zero":"இன்று","one":"நாளை","two":[{"t":"idOrVar","v":"value"}," நாட்களில்"],"few":[{"t":"idOrVar","v":"value"}," நாட்களில்"],"many":[{"t":"idOrVar","v":"value"}," நாட்களில்"],"other":[{"t":"idOrVar","v":"value"}," நாட்களில்"]},"$x":[{"t":"idOrVar","v":"plural"},"value"]},{"$i":"weeks-until-long","$v":{"zero":"இந்த வாரம்","one":"அடுத்த வாரம்","two":[{"t":"idOrVar","v":"value"}," வாரங்களில்"],"few":[{"t":"idOrVar","v":"value"}," வாரங்களில்"],"many":[{"t":"idOrVar","v":"value"}," வாரங்களில்"],"other":[{"t":"idOrVar","v":"value"}," வாரங்களில்"]},"$x":[{"t":"idOrVar","v":"plural"},"value"]},{"$i":"months-until-long","$v":{"zero":"இந்த மாதம்","one":"அடுத்த மாதம்","two":[{"t":"idOrVar","v":"value"}," மாதங்களில்"],"few":[{"t":"idOrVar","v":"value"}," மாதங்களில்"],"many":[{"t":"idOrVar","v":"value"}," மாதங்களில்"],"other":[{"t":"idOrVar","v":"value"}," மாதங்களில்"]},"$x":[{"t":"idOrVar","v":"plural"},"value"]},{"$i":"years-until-long","$v":{"zero":"இந்த வருடம்","one":"அடுத்த ஆண்டு","two":[{"t":"idOrVar","v":"value"}," வருடங்களில்"],"few":[{"t":"idOrVar","v":"value"}," வருடங்களில்"],"many":[{"t":"idOrVar","v":"value"}," வருடங்களில்"],"other":[{"t":"idOrVar","v":"value"}," வருடங்களில்"]},"$x":[{"t":"idOrVar","v":"plural"},"value"]},{"$i":"minutes-ago-short","$v":{"zero":"இப்போது தான்","other":[{"t":"idOrVar","v":"value"},"நிமிடம் முன்பு"]},"$x":[{"t":"idOrVar","v":"plural"},"value"]},{"$i":"hours-ago-short","$v":{"zero":"இப்போது தான்","other":[{"t":"idOrVar","v":"value"},"மணிநேரம் முன்பு"]},"$x":[{"t":"idOrVar","v":"plural"},"value"]},{"$i":"days-ago-short","$v":{"zero":"இன்று","other":[{"t":"idOrVar","v":"value"},"நாள் முன்பு"]},"$x":[{"t":"idOrVar","v":"plural"},"value"]},{"$i":"minutes-until-short","$v":{"zero":"இப்போதே","other":[{"t":"idOrVar","v":"value"},"நிமிடத்தில்"]},"$x":[{"t":"idOrVar","v":"plural"},"value"]},{"$i":"hours-until-short","$v":{"zero":"இப்போதே","other":[{"t":"idOrVar","v":"value"},"மணிநேரத்தில்"]},"$x":[{"t":"idOrVar","v":"plural"},"value"]},{"$i":"days-until-short","$v":{"zero":"இன்று","other":[{"t":"idOrVar","v":"value"},"நாள் இல்"]},"$x":[{"t":"idOrVar","v":"plural"},"value"]},{"$i":"incorrectDate","$v":"(தவறான தேதி)"},{"$i":"dateTimeFormat_%c","$v":"%a %b %e %Y %I:%M:%S %p"},{"$i":"dateTimeFormat_%x","$v":"%m/%d/%Y"},{"$i":"dateTimeFormat_%X","$v":"%I:%M:%S %p"},{"$i":"shortTimeFormat","$v":"%I:%M %p"},{"$i":"shortTimeFormat12","$v":"%I:%M %p"},{"$i":"shortTimeFormat24","$v":"%H:%M"},{"$i":"shortDateTimeFormat","$v":"%x %I:%M %p"},{"$i":"weekStartsOnMonday","$v":"0"},{"$i":"firstDayOfTheWeek","$v":"0"},{"$i":"time_am","$v":"AM"},{"$i":"time_pm","$v":"PM"},{"$i":"softkey-options","$v":"விருப்பங்கள்"}]