[{"$i":"back","$v":"వెనక్కి వెళ్లు"},{"$i":"save","$v":"సేవ్ చేయి"},{"$i":"hide","$v":"దాచు"},{"$i":"cancel","$v":"రద్దు చేయి"},{"$i":"confirm","$v":"నిర్ధారించండి"},{"$i":"done","$v":"పూర్తయింది"},{"$i":"events","$v":"ఈవెంట్‌ల రిమైండర్"},{"$i":"edit","$v":"సవరించు"},{"$i":"allday-events","$v":"రోజు వారి ఈవెంట్‌ల రిమైండర్"},{"$i":"no-events","$v":"ఈవెంట్‌లు లేవు"},{"$i":"default","$v":"డీఫాల్ట్"},{"$i":"sync","$v":"సింక్"},{"$i":"show-today","$v":"ఈరోజు"},{"$i":"show-month-view","$v":"నెల"},{"$i":"show-week-view","$v":"వారం"},{"$i":"show-day-view","$v":"రోజు"},{"$i":"settings-show","$v":"సెట్టింగ్స్"},{"$i":"settings-hide","$v":"సెట్టింగ్స్ దాచు"},{"$i":"add-account","$v":"అకౌంట్‌ను జోడించు"},{"$i":"new-event","$v":"ఈవెంట్‌ను జోడించు"},{"$i":"view-event-header","$v":"ఈవెంట్ వివరాలు"},{"$i":"new-event-header","$v":"ఈవెంట్‌ను జోడించు"},{"$i":"edit-event-header","$v":"ఈవెంట్‌ను సవరించు"},{"$i":"account-header","$v":"అకౌంట్"},{"$i":"account-list-header","$v":"అకౌంట్స్"},{"$i":"advanced-settings-short-icon-button","ariaLabel":"సెట్టింగ్స్"},{"$i":"advanced-settings-header","$v":"క్యాలెండర్ సెట్టింగ్స్"},{"$i":"advanced-settings-personalization","$v":"ఫ్రీక్వెన్సీ అప్‌డేట్ చేయి"},{"$i":"advanced-settings-reminders","$v":"రిమైండర్"},{"$i":"advanced-settings-add-account","$v":"అకౌంట్ జోడించు"},{"$i":"field-user","$v":"యూసర్ నేమ్"},{"$i":"field-password","$v":"పాస్‌వర్డ్"},{"$i":"show-password","$v":"పాస్‌వర్డ్‌ను చూపు"},{"$i":"field-full-url","$v":"URL"},{"$i":"modify-account-setting-up","$v":"మీ అకౌంట్ సెటప్ చేస్తున్నప్పుడు దయచేసి వేచి ఉండండి"},{"$i":"modify-account-unable-to-sync","$v":"సింక్ చేయడం సాధ్యం కాలేదు"},{"$i":"modify-account-sign-in","$v":"సైన్ ఇన్ చేయి"},{"$i":"tcl-caldav","$v":"CalDav"},{"$i":"tcl-yahoo","$v":"యాహూ!"},{"$i":"tcl-google","$v":"గూగుల్"},{"$i":"preset-mozilla","$v":"Mozilla Zimbra"},{"$i":"calendar-local","$v":"ఫోన్ క్యాలెండర్"},{"$i":"event-title","$v":"శీర్షిక"},{"$i":"event-location","$v":"స్థానం"},{"$i":"event-description","$v":"గమనికలు"},{"$i":"event-is-allday","$v":"రోజువారి ఈవెంట్"},{"$i":"event-start-date","$v":"ప్రారంభ తేదీ"},{"$i":"event-end-date","$v":"ముగింపు తేదీ"},{"$i":"event-start-time","$v":"ప్రారంభ సమయం"},{"$i":"event-end-time","$v":"ముగింపు సమయం"},{"$i":"event-delete","$v":"ఈవెంట్‌ను తొలగించాలా"},{"$i":"remove-account-data","$v":"క్యాలెండర్ అకౌంట్‌ను తీసివేయండి"},{"$i":"remove-account-dialog","$v":"అకౌంట్‌ను తీసివేయి"},{"$i":"remove-account-dialog-details","$v":["మీ పరికరం నుండి \"",{"t":"idOrVar","v":"email"},"\"ని తీసివేయాలా?"]},{"$i":"remove","$v":"తీసివేయండి"},{"$i":"drawer-sync-icon-button","ariaLabel":"సింక్"},{"$i":"sync-progress-syncing","ariaValueText":"సింక్ చేస్తోంది"},{"$i":"sync-progress-complete","ariaValueText":"సింక్ పూర్తయ్యింది"},{"$i":"sync-frequency","$v":"క్యాలెండర్‌ను సింక్ చేయి"},{"$i":"sync-frequency-15min","$v":"ప్రతి 15 నిమిషాలు"},{"$i":"sync-frequency-30min","$v":"ప్రతి 30 నిమిషాలు"},{"$i":"sync-frequency-manual","$v":"మాన్యువల్‌గా"},{"$i":"one-day-duration-title","$v":[{"t":"idOrVar","v":"startDate"}]},{"$i":"one-day-duration-content","$v":[{"t":"idOrVar","v":"startTime"}," నుంచి ",{"t":"idOrVar","v":"endTime"}]},{"$i":"multiple-day-duration-title","$v":[{"t":"idOrVar","v":"startTime"}," ",{"t":"idOrVar","v":"startDate"}," నుండి"]},{"$i":"multiple-day-duration-content","$v":[{"t":"idOrVar","v":"endTime"}," ",{"t":"idOrVar","v":"endDate"}," వరకు"]},{"$i":"one-all-day-duration-title","$v":"రోజు మొత్తం"},{"$i":"one-all-day-duration-content","$v":[{"t":"idOrVar","v":"startDate"}]},{"$i":"multiple-all-day-duration-title","$v":[{"t":"idOrVar","v":"startDate"}," నుండి రోజు మొత్తం"]},{"$i":"multiple-all-day-duration-content","$v":[{"t":"idOrVar","v":"endDate"}," వరకు"]},{"$i":"none","$v":"ఏదీ లేదు"},{"$i":"reminder","$v":"ఈవెంట్ రిమైండర్"},{"$i":"remind-me","$v":"నాకు గుర్తు చేయి"},{"$i":"alarm-at-event-standard","$v":"ఈవెంట్ జరిగేటప్పుడు"},{"$i":"alarm-at-event-allday","$v":"ఈవెంట్ జరిగే రోజున"},{"$i":"alarm-start-notice","$v":[{"t":"idOrVar","v":"title"}," ప్రారంభించబడుతోంది ",{"t":"idOrVar","v":"distance"}]},{"$i":"alarm-started-notice","$v":[{"t":"idOrVar","v":"title"}," ప్రారంభించబడింది ",{"t":"idOrVar","v":"distance"}]},{"$i":"minutes-before","$v":{"zero":"0 నిమిషాల ముందు","one":"1 నిమిషం ముందు","two":[{"t":"idOrVar","v":"value"}," నిమిషాల క్రితం"],"few":[{"t":"idOrVar","v":"value"}," నిమిషాల క్రితం"],"many":[{"t":"idOrVar","v":"value"}," నిమిషాల క్రితం"],"other":[{"t":"idOrVar","v":"value"}," నిమిషాల క్రితం"]},"$x":[{"t":"idOrVar","v":"plural"},"value"]},{"$i":"hours-before","$v":{"zero":"0 గంటల ముందు","one":"1 గంట ముందు","two":[{"t":"idOrVar","v":"value"}," గంటల క్రితం"],"few":[{"t":"idOrVar","v":"value"}," గంటల క్రితం"],"many":[{"t":"idOrVar","v":"value"}," గంటల క్రితం"],"other":[{"t":"idOrVar","v":"value"}," గంటల క్రితం"]},"$x":[{"t":"idOrVar","v":"plural"},"value"]},{"$i":"days-before","$v":{"zero":"0 రోజుల ముందు","one":"1 రోజు ముందు","two":[{"t":"idOrVar","v":"value"}," రోజుల క్రితం"],"few":[{"t":"idOrVar","v":"value"}," రోజుల క్రితం"],"many":[{"t":"idOrVar","v":"value"}," రోజుల క్రితం"],"other":[{"t":"idOrVar","v":"value"}," రోజుల క్రితం"]},"$x":[{"t":"idOrVar","v":"plural"},"value"]},{"$i":"weeks-before","$v":{"zero":"0 వారాల ముందు","one":"1 వారం ముందు","two":[{"t":"idOrVar","v":"value"}," వారాల క్రితం"],"few":[{"t":"idOrVar","v":"value"}," వారాల క్రితం"],"many":[{"t":"idOrVar","v":"value"}," వారాల క్రితం"],"other":[{"t":"idOrVar","v":"value"}," వారాల క్రితం"]},"$x":[{"t":"idOrVar","v":"plural"},"value"]},{"$i":"months-before","$v":{"zero":"0 నెలల ముందు","one":"1 నెల ముందు","two":[{"t":"idOrVar","v":"value"}," నెలల క్రితం"],"few":[{"t":"idOrVar","v":"value"}," నెలల క్రితం"],"many":[{"t":"idOrVar","v":"value"}," నెలల క్రితం"],"other":[{"t":"idOrVar","v":"value"}," నెలల క్రితం"]},"$x":[{"t":"idOrVar","v":"plural"},"value"]},{"$i":"years-before","$v":{"zero":"0 సంవత్సరాల ముందు","one":"1 సంవత్సరం ముందు","two":[{"t":"idOrVar","v":"value"}," సంవత్సరాల క్రితం"],"few":[{"t":"idOrVar","v":"value"}," సంవత్సరాల క్రితం"],"many":[{"t":"idOrVar","v":"value"}," సంవత్సరాల క్రితం"],"other":[{"t":"idOrVar","v":"value"}," సంవత్సరాల క్రితం"]},"$x":[{"t":"idOrVar","v":"plural"},"value"]},{"$i":"minutes-after","$v":{"zero":"0 నిమిషాల తర్వాత","one":"1 నిమిషం తర్వాత","two":[{"t":"idOrVar","v":"value"}," నిమిషాల తర్వాత"],"few":[{"t":"idOrVar","v":"value"}," నిమిషాల తర్వాత"],"many":[{"t":"idOrVar","v":"value"}," నిమిషాల తర్వాత"],"other":[{"t":"idOrVar","v":"value"}," నిమిషాల తర్వాత"]},"$x":[{"t":"idOrVar","v":"plural"},"value"]},{"$i":"hours-after","$v":{"zero":"0 గంటల తర్వాత","one":"1 గంట తర్వాత","two":[{"t":"idOrVar","v":"value"}," గంటల తర్వాత"],"few":[{"t":"idOrVar","v":"value"}," గంటల తర్వాత"],"many":[{"t":"idOrVar","v":"value"}," గంటల తర్వాత"],"other":[{"t":"idOrVar","v":"value"}," గంటల తర్వాత"]},"$x":[{"t":"idOrVar","v":"plural"},"value"]},{"$i":"days-after","$v":{"zero":"0 రోజుల తర్వాత","one":"1 రోజు తర్వాత","two":[{"t":"idOrVar","v":"value"}," రోజుల తర్వాత"],"few":[{"t":"idOrVar","v":"value"}," రోజుల తర్వాత"],"many":[{"t":"idOrVar","v":"value"}," రోజుల తర్వాత"],"other":[{"t":"idOrVar","v":"value"}," రోజుల తర్వాత"]},"$x":[{"t":"idOrVar","v":"plural"},"value"]},{"$i":"weeks-after","$v":{"zero":"0 వారాల తర్వాత","one":"1 వారం తర్వాత","two":[{"t":"idOrVar","v":"value"}," వారాల తర్వాత"],"few":[{"t":"idOrVar","v":"value"}," వారాల తర్వాత"],"many":[{"t":"idOrVar","v":"value"}," వారాల తర్వాత"],"other":[{"t":"idOrVar","v":"value"}," వారాల తర్వాత"]},"$x":[{"t":"idOrVar","v":"plural"},"value"]},{"$i":"months-after","$v":{"zero":"0 నెలల తర్వాత","one":"1 నెల తర్వాత","two":[{"t":"idOrVar","v":"value"}," నెలల తర్వాత"],"few":[{"t":"idOrVar","v":"value"}," నెలల తర్వాత"],"many":[{"t":"idOrVar","v":"value"}," నెలల తర్వాత"],"other":[{"t":"idOrVar","v":"value"}," నెలల తర్వాత"]},"$x":[{"t":"idOrVar","v":"plural"},"value"]},{"$i":"years-after","$v":{"zero":"0 సంవత్సరాల తర్వాత","one":"1 సంవత్సరం తర్వాత","two":[{"t":"idOrVar","v":"value"}," సంవత్సరాల తర్వాత"],"few":[{"t":"idOrVar","v":"value"}," సంవత్సరాల తర్వాత"],"many":[{"t":"idOrVar","v":"value"}," సంవత్సరాల తర్వాత"],"other":[{"t":"idOrVar","v":"value"}," సంవత్సరాల తర్వాత"]},"$x":[{"t":"idOrVar","v":"plural"},"value"]},{"$i":"hour-format12","$v":"%I %p"},{"$i":"hour-format24","$v":"%H"},{"$i":"week-hour-format12","$v":"%I %p"},{"$i":"week-hour-format24","$v":"%H"},{"$i":"hour-allday","$v":"రోజు మొత్తం"},{"$i":"tcl-week-day","$v":"%a\\n%e"},{"$i":"current-time12","$v":"%I:%M"},{"$i":"current-time24","$v":"%H:%M"},{"$i":"multi-month-view-header-format","$v":"%B %Y"},{"$i":"day-view-header-format","$v":"%A, %b %e"},{"$i":"months-day-view-header-format","$v":"%A, %b %e"},{"$i":"months-day-view-header-format-small","$v":{"$o":"%a <br/> %b, %e"}},{"$i":"week-view-header-format","$v":["వారం ",{"t":"idOrVar","v":"value"},", %B %Y"]},{"$i":"longDateFormat","$v":"%A, %B %d, %Y"},{"$i":"longTimeFormat","$v":"%A %B %d"},{"$i":"longTimeFormat12","$v":"%A %B %d %I %p"},{"$i":"longTimeFormat24","$v":"%A %B %d %H గంటలు"},{"$i":"weekTimeFormat12","$v":"%I %p"},{"$i":"weekTimeFormat24","$v":"%H గంటలు"},{"$i":"weekDayFormat","$v":"%A the %d"},{"$i":"alldayLongTimeFormat","$v":"%A %B %d రోజు మొత్తం"},{"$i":"dayHour12","$v":"%I %p"},{"$i":"dayHour24","$v":"%H గంటలు"},{"$i":"longDateTime12","$v":"%I %p, %a, %d %b, %Y"},{"$i":"longDateTime24","$v":"%H, %a, %d %b, %Y"},{"$i":"upcoming-events","$v":"రాబోయే ఈవెంట్‌లు"},{"$i":"search-results","$v":"శోధన ఫలితాలు"},{"$i":"no-event-found","$v":"ఈవెంట్‌లు ఏవీ కనబడలేదు"},{"$i":"error-start-date-after-end-date","$v":"ప్రారంభ తేదీ కన్నా ముందు ఈవెంట్ ముగించరాదు."},{"$i":"error-start-time-after-end-time","$v":"ప్రారంభ సమయం కన్నా ముందు ఈవెంట్ ముగించరాదు."},{"$i":"error-unauthenticated","$v":"యూసర్‌ నేమ్ లేదా పాస్‌వర్డ్ తప్పు, దయచేసి మళ్లీ ప్రయత్నించండి."},{"$i":"error-internal-server-error","$v":"సర్వర్ లోపం, దయచేసి మళ్లీ ప్రయత్నించండి."},{"$i":"error-unkown","$v":"సర్వర్ ప్రతిస్పందన కారణంగా అభ్యర్థనను నిర్వహించలేరు."},{"$i":"error-default","$v":"ఏదో తప్పు జరిగింది. తర్వాత మళ్లీ ప్రయత్నించండి."},{"$i":"error-offline","$v":"ఇంటర్నెట్‌కు కనెక్ట్ చేయలేకపోయింది. ఇంటర్నెట్‌ను యాక్సెస్ చేసేందుకు మీరు WiFi లేదా మొబైల్ డేటాను ఉపయోగించవచ్చు."},{"$i":"error-account-exist","$v":"ఈ అకౌంట్ ఇప్పటికే ఉనికిలో ఉంది."},{"$i":"error-edit-online-event","$v":"ఇంటర్నెట్ కనెక్షన్ లేనందున ఆన్‌లైన్ ఈవెంట్‌ను సవరించడం విఫలమైంది."},{"$i":"error-delete-online-event","$v":"ఇంటర్నెట్ కనెక్షన్ లేనందున ఆన్‌లైన్ ఈవెంట్‌ను తొలగించడం విఫలమైంది."},{"$i":"notification-error-sync-title","$v":"క్యాలెండర్ సింక్ చేయడంలో లోపం"},{"$i":"notification-error-sync-description","$v":"మరింత సమాచారం కోసం నొక్కండి"},{"$i":"weekday-0-single-char","$v":"S","ariaLabel":"ఆదివారం"},{"$i":"weekday-1-single-char","$v":"M","ariaLabel":"సోమవారం"},{"$i":"weekday-2-single-char","$v":"T","ariaLabel":"మంగళవారం"},{"$i":"weekday-3-single-char","$v":"W","ariaLabel":"బుధవారం"},{"$i":"weekday-4-single-char","$v":"T","ariaLabel":"గురువారం"},{"$i":"weekday-5-single-char","$v":"F","ariaLabel":"శుక్రవారం"},{"$i":"weekday-6-single-char","$v":"S","ariaLabel":"శనివారం"},{"$i":"busy","$v":{"zero":"ఈవెంట్‌లు లేవు","one":[{"t":"idOrVar","v":"n"}," ఈవెంట్"],"two":[{"t":"idOrVar","v":"n"}," ఈవెంట్‌లు"],"few":[{"t":"idOrVar","v":"n"}," ఈవెంట్‌లు"],"many":[{"t":"idOrVar","v":"n"}," ఈవెంట్‌లు"],"other":[{"t":"idOrVar","v":"n"}," ఈవెంట్‌లు"]},"$x":[{"t":"idOrVar","v":"plural"},"n"]},{"$i":"present","ariaLabel":"ఈరోజు"},{"$i":"past-other-month-description","ariaLabel":"ఇతర నెల"},{"$i":"future-other-month-description","ariaLabel":"ఇతర నెల"},{"$i":"icon-calendar-alarm","ariaLabel":"అలారం ఉంది"},{"$i":"calendars","ariaLabel":"క్యాలెండర్‌లు"},{"$i":"multi-day-new-event-link","ariaLabel":"ఈవెంట్‌ను జోడించు"},{"$i":"title","ariaLabel":"శీర్షిక"},{"$i":"location","ariaLabel":"స్థానం"},{"$i":"duration","ariaLabel":"వ్యవధి"},{"$i":"calendar","ariaLabel":"క్యాలెండర్"},{"$i":"alarms","ariaLabel":"అలారం‌లు"},{"$i":"description","ariaLabel":"వివరణ"},{"$i":"start-date","ariaLabel":"ప్రారంభ తేదీ"},{"$i":"start-time","ariaLabel":"ప్రారంభ సమయం"},{"$i":"end-date","ariaLabel":"ముగింపు తేదీ"},{"$i":"end-time","ariaLabel":"ముగింపు సమయం"},{"$i":"during-progress-loading","ariaValueText":"లోడింగ్"},{"$i":"all-day","ariaLabel":"రోజు మొత్తం"},{"$i":"create-event","ariaLabel":"ఈవెంట్‌ను సృష్టించండి"},{"$i":"create-all-day-event","ariaLabel":"మొత్తం రోజు ఈవెంట్‌ను సృష్టించండి"},{"$i":"event-one-day-duration","ariaLabel":[{"t":"idOrVar","v":"startTime"}," నుంచి ",{"t":"idOrVar","v":"endTime"}," వరకు"]},{"$i":"week-event-one-day-duration","ariaLabel":[{"t":"idOrVar","v":"startDate"}," ",{"t":"idOrVar","v":"startTime"}," నుంచి ",{"t":"idOrVar","v":"endTime"}," వరకు"]},{"$i":"event-multiple-day-duration","ariaLabel":[{"t":"idOrVar","v":"startTime"}," ",{"t":"idOrVar","v":"startDate"}," నుండి ",{"t":"idOrVar","v":"endTime"}," ",{"t":"idOrVar","v":"endDate"}," వరకు"]},{"$i":"tcl-event-added","$v":"ఈవెండ్ జోడించబడింది"},{"$i":"tcl-event-updated","$v":"ఈవెంట్ అప్‌డేట్ అయ్యింది"},{"$i":"tcl-event-deleted","$v":"ఈవెంట్ తొలగించబడింది"},{"$i":"tcl-change-save","$v":"మార్పులు సేవ్ చేయబడ్డాయి"},{"$i":"tcl-event-calendar","$v":"క్యాలెండర్"},{"$i":"tcl-single-event","$v":"ఈవెంట్"},{"$i":"tcl-event-count","$v":"ఈవెంట్‌లు"},{"$i":"tcl-sync-progress-syncing","$v":"సింక్ చేస్తోంది"},{"$i":"tcl-sync-progress-complete","$v":"సింక్ చేయడం పూర్తయింది"},{"$i":"tcl-settings-sounds","$v":"సౌండ్‌లు"},{"$i":"tcl-tones","$v":"టోన్‌లు"},{"$i":"tcl-multi-events","$v":"ఈవెంట్‌లు"},{"$i":"tcl-confirmation-title","$v":"నిర్ధారణ"},{"$i":"tcl-delete-selectedEvent-confirmation","$v":"ఎంచుకున్న ఈవెంట్‌ను తొలగించాలా?"},{"$i":"tcl-deleteEvent-confirmation","$v":"ఈవెంట్‌ను తొలగించాలా?"},{"$i":"tcl-event-search-header","$v":"శోధించు","placeholder":"శోధించు"},{"$i":"tcl-event-search-upcoming-events","$v":"రాబోయే ఈవెంట్‌లు"},{"$i":"tcl-delete","$v":"తొలగించు"},{"$i":"tcl-cancel","$v":"రద్దు చేయి"},{"$i":"tcl-dialog-delete-sel","$v":"మీరు ఎంచుకున్న ఈవెంట్‌ను తొలగించాలనుకుంటున్నారా?"},{"$i":"tcl-delete-title","$v":"ఈవెంట్‌ను తొలగించాలా"},{"$i":"tcl-save-changes","$v":"మార్పులను సేవ్ చేయాలా?"},{"$i":"tcl-save-message-back","$v":"నమోదు చేసిన మొత్తం డేటాను కోల్పోతారు. మీరు మార్పులను సేవ్ చేయాలనుకుంటున్నారా?"},{"$i":"tcl-save-message-close","$v":"డేటా నష్టం వలన యాప్ మూసివేయబడుతుంది. మీరు మార్పులను సేవ్ చేయాలనుకుంటున్నారా?"},{"$i":"yes","$v":"సరే"},{"$i":"no","$v":"లేదు"},{"$i":"confirmation","$v":"నిర్ధారణ"},{"$i":"ok","$v":"సరే"},{"$i":"delete-event","$v":"ఎంచుకున్న ఈవెంట్‌ను తొలగించాలా?"},{"$i":"tcl-settings-header","$v":"చూపించాలసిన క్యాలెండర్"},{"$i":"tcl-syncing","$v":"సింక్ చేస్తోంది..."},{"$i":"tcl-syncing-header","$v":"అకౌంట్ సింక్"},{"$i":"options","$v":"ఎంపికలు"},{"$i":"select","$v":"ఎంచుకోండి"},{"$i":"add-event","$v":"ఈవెంట్‌ను జోడించు"},{"$i":"weekly-view","$v":"వారపు వీక్షణ"},{"$i":"day-view","$v":"రోజువారీగా వీక్షించు"},{"$i":"month-view","$v":"నెలవారీగా వీక్షించు"},{"$i":"today","$v":"ఈరోజు"},{"$i":"go","$v":"తేదీకి వెళ్లు"},{"$i":"search","$v":"శోధించు"},{"$i":"calendar-to-display","$v":"చూపించాలసిన క్యాలెండర్"},{"$i":"settings","$v":"సెట్టింగ్స్"},{"$i":"delete","$v":"తొలగించు"},{"$i":"enter","$v":"నమోదు చేయి"},{"$i":"sync-calendar","$v":"క్యాలెండర్‌ను సింక్ చేయి"},{"$i":"present-description","$v":["ఈరోజు ",{"t":"idOrVar","v":"weekday"}," ",{"t":"idOrVar","v":"date"}]},{"$i":"day-description","$v":[{"t":"idOrVar","v":"weekday"}," ",{"t":"idOrVar","v":"date"},"న"]},{"$i":"weekday-5","$v":"శుక్రవారం"},{"$i":"weekday-4","$v":"గురువారం"},{"$i":"weekday-3","$v":"బుధవారం"},{"$i":"weekday-2","$v":"మంగళవారం"},{"$i":"weekday-1","$v":"సోమవారం"},{"$i":"weekday-0","$v":"ఆదివారం"},{"$i":"weekday-6","$v":"శనివారం"},{"$i":"no-title","$v":"(శీర్షిక లేదు)"},{"$i":"weekday-0-long","$v":"ఆదివారం"},{"$i":"weekday-1-long","$v":"సోమవారం"},{"$i":"weekday-2-long","$v":"మంగళవారం"},{"$i":"weekday-3-long","$v":"బుధవారం"},{"$i":"weekday-4-long","$v":"గురువారం"},{"$i":"weekday-5-long","$v":"శుక్రవారం"},{"$i":"weekday-6-long","$v":"శనివారం"},{"$i":"weekday-0-short","$v":"ఆది"},{"$i":"weekday-1-short","$v":"సోమ"},{"$i":"weekday-2-short","$v":"మంగళ"},{"$i":"weekday-3-short","$v":"బుధ"},{"$i":"weekday-4-short","$v":"గురు"},{"$i":"weekday-5-short","$v":"శుక్ర"},{"$i":"weekday-6-short","$v":"శని"},{"$i":"month-0-long","$v":"జనవరి"},{"$i":"month-1-long","$v":"ఫిబ్రవరి"},{"$i":"month-2-long","$v":"మార్చి"},{"$i":"month-3-long","$v":"ఏప్రిల్"},{"$i":"month-4-long","$v":"మే"},{"$i":"month-5-long","$v":"జూన్"},{"$i":"month-6-long","$v":"జూలై"},{"$i":"month-7-long","$v":"ఆగష్టు"},{"$i":"month-8-long","$v":"సెప్టెంబరు"},{"$i":"month-9-long","$v":"అక్టోబర్"},{"$i":"month-10-long","$v":"నవంబర్"},{"$i":"month-11-long","$v":"డిసెంబర్"},{"$i":"month-0-genitive","$v":"జనవరి"},{"$i":"month-1-genitive","$v":"ఫిబ్రవరి"},{"$i":"month-2-genitive","$v":"మార్చి"},{"$i":"month-3-genitive","$v":"ఏప్రిల్"},{"$i":"month-4-genitive","$v":"మే"},{"$i":"month-5-genitive","$v":"జూన్"},{"$i":"month-6-genitive","$v":"జూలై"},{"$i":"month-7-genitive","$v":"ఆగష్టు"},{"$i":"month-8-genitive","$v":"సెప్టెంబరు"},{"$i":"month-9-genitive","$v":"అక్టోబర్"},{"$i":"month-10-genitive","$v":"నవంబర్"},{"$i":"month-11-genitive","$v":"డిసెంబర్"},{"$i":"month-0-short","$v":"జనవరి"},{"$i":"month-1-short","$v":"ఫిబ్రవరి"},{"$i":"month-2-short","$v":"మార్చి"},{"$i":"month-3-short","$v":"ఏప్రిల్"},{"$i":"month-4-short","$v":"మే"},{"$i":"month-5-short","$v":"జూన్"},{"$i":"month-6-short","$v":"జూలై"},{"$i":"month-7-short","$v":"ఆగష్టు"},{"$i":"month-8-short","$v":"సెప్టెంబరు"},{"$i":"month-9-short","$v":"అక్టోబర్"},{"$i":"month-10-short","$v":"నవంబర్"},{"$i":"month-11-short","$v":"డిసెంబర్"},{"$i":"minutes-ago-long","$v":{"zero":"ఇప్పుడే","one":"నిమిషం క్రితం","two":[{"t":"idOrVar","v":"value"}," నిమిషాల క్రితం"],"few":[{"t":"idOrVar","v":"value"}," నిమిషాల క్రితం"],"many":[{"t":"idOrVar","v":"value"}," నిమిషాల క్రితం"],"other":[{"t":"idOrVar","v":"value"}," నిమిషాల క్రితం"]},"$x":[{"t":"idOrVar","v":"plural"},"value"]},{"$i":"hours-ago-long","$v":{"zero":"ఇప్పుడే","one":"గంట క్రితం","two":[{"t":"idOrVar","v":"value"}," గంటల క్రితం"],"few":[{"t":"idOrVar","v":"value"}," గంటల క్రితం"],"many":[{"t":"idOrVar","v":"value"}," గంటల క్రితం"],"other":[{"t":"idOrVar","v":"value"}," గంటల క్రితం"]},"$x":[{"t":"idOrVar","v":"plural"},"value"]},{"$i":"days-ago-long","$v":{"zero":"ఈరోజు","one":"నిన్న","two":[{"t":"idOrVar","v":"value"}," రోజుల క్రితం"],"few":[{"t":"idOrVar","v":"value"}," రోజుల క్రితం"],"many":[{"t":"idOrVar","v":"value"}," రోజుల క్రితం"],"other":[{"t":"idOrVar","v":"value"}," రోజుల క్రితం"]},"$x":[{"t":"idOrVar","v":"plural"},"value"]},{"$i":"weeks-ago-long","$v":{"zero":"ఈ వారం","one":"గత వారం","two":[{"t":"idOrVar","v":"value"}," వారాల క్రితం"],"few":[{"t":"idOrVar","v":"value"}," వారాల క్రితం"],"many":[{"t":"idOrVar","v":"value"}," వారాల క్రితం"],"other":[{"t":"idOrVar","v":"value"}," వారాల క్రితం"]},"$x":[{"t":"idOrVar","v":"plural"},"value"]},{"$i":"months-ago-long","$v":{"zero":"ఈ నెల","one":"గత నెల","two":[{"t":"idOrVar","v":"value"}," నెలల క్రితం"],"few":[{"t":"idOrVar","v":"value"}," నెలల క్రితం"],"many":[{"t":"idOrVar","v":"value"}," నెలల క్రితం"],"other":[{"t":"idOrVar","v":"value"}," నెలల క్రితం"]},"$x":[{"t":"idOrVar","v":"plural"},"value"]},{"$i":"years-ago-long","$v":{"zero":"ఈ సంవత్సరం","one":"గత సంవత్సరం","two":[{"t":"idOrVar","v":"value"}," సంవత్సరాల క్రితం"],"few":[{"t":"idOrVar","v":"value"}," సంవత్సరాల క్రితం"],"many":[{"t":"idOrVar","v":"value"}," సంవత్సరాల క్రితం"],"other":[{"t":"idOrVar","v":"value"}," సంవత్సరాల క్రితం"]},"$x":[{"t":"idOrVar","v":"plural"},"value"]},{"$i":"minutes-until-long","$v":{"zero":"ఇప్పుడు","one":"నిమిషంలో","two":[{"t":"idOrVar","v":"value"}," నిమిషాల్లో"],"few":[{"t":"idOrVar","v":"value"}," నిమిషాల్లో"],"many":[{"t":"idOrVar","v":"value"}," నిమిషాల్లో"],"other":[{"t":"idOrVar","v":"value"}," నిమిషాల్లో"]},"$x":[{"t":"idOrVar","v":"plural"},"value"]},{"$i":"hours-until-long","$v":{"zero":"ఇప్పుడు","one":"గంటలో","two":[{"t":"idOrVar","v":"value"}," గంటల్లో"],"few":[{"t":"idOrVar","v":"value"}," గంటల్లో"],"many":[{"t":"idOrVar","v":"value"}," గంటల్లో"],"other":[{"t":"idOrVar","v":"value"}," గంటల్లో"]},"$x":[{"t":"idOrVar","v":"plural"},"value"]},{"$i":"days-until-long","$v":{"zero":"ఈరోజు","one":"రేపు","two":[{"t":"idOrVar","v":"value"}," రోజుల్లో"],"few":[{"t":"idOrVar","v":"value"}," రోజుల్లో"],"many":[{"t":"idOrVar","v":"value"}," రోజుల్లో"],"other":[{"t":"idOrVar","v":"value"}," రోజుల్లో"]},"$x":[{"t":"idOrVar","v":"plural"},"value"]},{"$i":"weeks-until-long","$v":{"zero":"ఈ వారం","one":"తదుపరి వారం","two":[{"t":"idOrVar","v":"value"}," వారాల్లో"],"few":[{"t":"idOrVar","v":"value"}," వారాల్లో"],"many":[{"t":"idOrVar","v":"value"}," వారాల్లో"],"other":[{"t":"idOrVar","v":"value"}," వారాల్లో"]},"$x":[{"t":"idOrVar","v":"plural"},"value"]},{"$i":"months-until-long","$v":{"zero":"ఈ నెల","one":"తదుపరి నెల","two":[{"t":"idOrVar","v":"value"}," నెలల్లో"],"few":[{"t":"idOrVar","v":"value"}," నెలల్లో"],"many":[{"t":"idOrVar","v":"value"}," నెలల్లో"],"other":[{"t":"idOrVar","v":"value"}," నెలల్లో"]},"$x":[{"t":"idOrVar","v":"plural"},"value"]},{"$i":"years-until-long","$v":{"zero":"ఈ సంవత్సరం","one":"తదుపరి సంవత్సరం","two":"{value}} సంవత్సరాల్లో","few":"{value}} సంవత్సరాల్లో","many":"{value}} సంవత్సరాల్లో","other":"{value}} సంవత్సరాల్లో"},"$x":[{"t":"idOrVar","v":"plural"},"value"]},{"$i":"minutes-ago-short","$v":{"zero":"ఇప్పుడే","other":[{"t":"idOrVar","v":"value"},"నిమిషం క్రితం"]},"$x":[{"t":"idOrVar","v":"plural"},"value"]},{"$i":"hours-ago-short","$v":{"zero":"ఇప్పుడే","other":[{"t":"idOrVar","v":"value"},"గంట క్రితం"]},"$x":[{"t":"idOrVar","v":"plural"},"value"]},{"$i":"days-ago-short","$v":{"zero":"ఈరోజు","other":[{"t":"idOrVar","v":"value"},"రోజు క్రితం"]},"$x":[{"t":"idOrVar","v":"plural"},"value"]},{"$i":"minutes-until-short","$v":{"zero":"ఇప్పుడు","other":[{"t":"idOrVar","v":"value"},"నిమిషాల్లో"]},"$x":[{"t":"idOrVar","v":"plural"},"value"]},{"$i":"hours-until-short","$v":{"zero":"ఇప్పుడు","other":[{"t":"idOrVar","v":"value"},"గంటలో"]},"$x":[{"t":"idOrVar","v":"plural"},"value"]},{"$i":"days-until-short","$v":{"zero":"ఈరోజు","other":[{"t":"idOrVar","v":"value"},"తేదీలో"]},"$x":[{"t":"idOrVar","v":"plural"},"value"]},{"$i":"incorrectDate","$v":"(తప్పుగా ఉన్న తేదీ)"},{"$i":"dateTimeFormat_%c","$v":"%a %b %e %Y %I:%M:%S %p"},{"$i":"dateTimeFormat_%x","$v":"%m/%d/%Y"},{"$i":"dateTimeFormat_%X","$v":"%I:%M:%S %p"},{"$i":"shortTimeFormat","$v":"%I:%M %p"},{"$i":"shortTimeFormat12","$v":"%I:%M %p"},{"$i":"shortTimeFormat24","$v":"%H:%M"},{"$i":"shortDateTimeFormat","$v":"%x %I:%M %p"},{"$i":"weekStartsOnMonday","$v":"0"},{"$i":"firstDayOfTheWeek","$v":"0"},{"$i":"time_am","$v":"AM"},{"$i":"time_pm","$v":"PM"},{"$i":"softkey-options","$v":"ఎంపికలు"}]