[{"$i":"back","$v":"उनफिन"},{"$i":"save","$v":"चेब खालाम"},{"$i":"hide","$v":"दोनखुमानाय"},{"$i":"cancel","$v":"दान"},{"$i":"confirm","$v":"कनपार्म खालाम"},{"$i":"done","$v":"मावफुंबाय"},{"$i":"events","$v":"इभेन्टस गोसोखांहोनाय"},{"$i":"edit","$v":"इडिट खालाम"},{"$i":"allday-events","$v":"सानसेनि गासै जाथाइ गोसोखांहोग्रा"},{"$i":"no-events","$v":"जेबो आयदा गैया"},{"$i":"default","$v":"डिफाउल्ट"},{"$i":"sync","$v":"सिंक"},{"$i":"show-today","$v":"दिनै"},{"$i":"show-month-view","$v":"दान"},{"$i":"show-week-view","$v":"सप्ता"},{"$i":"show-day-view","$v":"सान"},{"$i":"settings-show","$v":"चेटिंफोर"},{"$i":"settings-hide","$v":"सेटिंस दोनखोमनाय"},{"$i":"add-account","$v":"मोनसे एकाउन्ट सरजाब"},{"$i":"new-event","$v":"इभेन्ट दाजाब"},{"$i":"view-event-header","$v":"इभेन्टफोरनि सोमोन्दै गुवारै"},{"$i":"new-event-header","$v":"इभेन्ट दाजाब"},{"$i":"edit-event-header","$v":"इभेन्टखौ इडिट खालाम"},{"$i":"account-header","$v":"एकाउन्ट"},{"$i":"account-list-header","$v":"एकाउन्टफोर"},{"$i":"advanced-settings-short-icon-button","ariaLabel":"चेटिंफोर"},{"$i":"advanced-settings-header","$v":"केलेन्दार सेटिंस"},{"$i":"advanced-settings-personalization","$v":"फोदाननाय थेरबिसान"},{"$i":"advanced-settings-reminders","$v":"गोसोखांहोग्रा"},{"$i":"advanced-settings-add-account","$v":"एकाउन्ट दाजाब"},{"$i":"field-user","$v":"बाहायग्रा मुं"},{"$i":"field-password","$v":"फासवार्ड"},{"$i":"show-password","$v":"पासवर्डखौ दिन्थि"},{"$i":"field-full-url","$v":"URL"},{"$i":"modify-account-setting-up","$v":"जेब्ला नोंथांनि एकाउन्टा सेट जायो अब्ला दसेसम अननानै नेथ’"},{"$i":"modify-account-unable-to-sync","$v":"साइन खालामनो हायाखै"},{"$i":"modify-account-sign-in","$v":"साइन खालाम"},{"$i":"tcl-caldav","$v":"CalDav"},{"$i":"tcl-yahoo","$v":"याहु!"},{"$i":"tcl-google","$v":"गगल"},{"$i":"preset-mozilla","$v":"मजिला जिब्रा"},{"$i":"calendar-local","$v":"जानबुं केलेन्डार"},{"$i":"event-title","$v":"उपाधी"},{"$i":"event-location","$v":"थावनि"},{"$i":"event-description","$v":"सुंद’ फोरमायथिफोर"},{"$i":"event-is-allday","$v":"सानसेनि गासै जाथाइ"},{"$i":"event-start-date","$v":"अक्त जागाय"},{"$i":"event-end-date","$v":"जोबथा सान"},{"$i":"event-start-time","$v":"सम जागाय"},{"$i":"event-end-time","$v":"जोबथा सम"},{"$i":"event-delete","$v":"इभेन्टखौ खोमोर"},{"$i":"remove-account-data","$v":"केलेण्डार एकाउन्टखौ बोखार"},{"$i":"remove-account-dialog","$v":"एकाउन्टखौ बोखार"},{"$i":"remove-account-dialog-details","$v":["नोंथांनि डिभाइसनिफ्राय \"",{"t":"idOrVar","v":"email"},"\" खौ बोखार ?"]},{"$i":"remove","$v":"बोखार"},{"$i":"drawer-sync-icon-button","ariaLabel":"सिंक"},{"$i":"sync-progress-syncing","ariaValueText":"लोगोसे खालामनाय"},{"$i":"sync-progress-complete","ariaValueText":"लोगोसे खालामनाय आबुं"},{"$i":"sync-frequency","$v":"लोगोसे मावनाय केलेन्दार"},{"$i":"sync-frequency-15min","$v":"मोनफ्रोम 15 मिनिट"},{"$i":"sync-frequency-30min","$v":"मोनफ्रोम 30 मिनिट"},{"$i":"sync-frequency-manual","$v":"खान्थियारि"},{"$i":"one-day-duration-title","$v":[{"t":"idOrVar","v":"startDate"}]},{"$i":"one-day-duration-content","$v":[{"t":"idOrVar","v":"startTime"}," सिम ",{"t":"idOrVar","v":"endTime"}]},{"$i":"multiple-day-duration-title","$v":[{"t":"idOrVar","v":"startTime"}," ",{"t":"idOrVar","v":"startDate"}," निफ्राय"]},{"$i":"multiple-day-duration-content","$v":["दिनै ",{"t":"idOrVar","v":"endTime"}," दा ",{"t":"idOrVar","v":"endDate"}," टिएइच"]},{"$i":"one-all-day-duration-title","$v":"सानफ्रोमबो"},{"$i":"one-all-day-duration-content","$v":[{"t":"idOrVar","v":"startDate"}]},{"$i":"multiple-all-day-duration-title","$v":[{"t":"idOrVar","v":"startDate"}," निफ्राय सानफ्रोमबो"]},{"$i":"multiple-all-day-duration-content","$v":["सिम ",{"t":"idOrVar","v":"endDate"}]},{"$i":"none","$v":"मोनसेबो नङा"},{"$i":"reminder","$v":"इभेन्ट गोसोखांहोनाय"},{"$i":"remind-me","$v":"आंखौ गोसोखांफिनहो"},{"$i":"alarm-at-event-standard","$v":"मावथाइनि समाव"},{"$i":"alarm-at-event-allday","$v":"सानसेनि हाबाफारि"},{"$i":"alarm-start-notice","$v":[{"t":"idOrVar","v":"title"}," जागायनाय ",{"t":"idOrVar","v":"distance"}]},{"$i":"alarm-started-notice","$v":[{"t":"idOrVar","v":"title"}," जागायबाय ",{"t":"idOrVar","v":"distance"}]},{"$i":"minutes-before","$v":{"zero":"0 मिनिट सिगां","one":"1 मिनिट सिगां","two":[{"t":"idOrVar","v":"value"}," मिनिट आवगाय"],"few":[{"t":"idOrVar","v":"value"}," मिनिट आवगाय"],"many":[{"t":"idOrVar","v":"value"}," मिनिट आवगाय"],"other":[{"t":"idOrVar","v":"value"}," मिनिट आवगाय"]},"$x":[{"t":"idOrVar","v":"plural"},"value"]},{"$i":"hours-before","$v":{"zero":"0 रिंगा सिगां","one":"1 रिंगा सिगां","two":[{"t":"idOrVar","v":"value"}," घन्टा आवगाय"],"few":[{"t":"idOrVar","v":"value"}," घन्टा आवगाय"],"many":[{"t":"idOrVar","v":"value"}," घन्टा आवगाय"],"other":[{"t":"idOrVar","v":"value"}," घन्टा आवगाय"]},"$x":[{"t":"idOrVar","v":"plural"},"value"]},{"$i":"days-before","$v":{"zero":"0 सान सिगां","one":"1 सान सिगां","two":[{"t":"idOrVar","v":"value"}," सान आवगाय"],"few":[{"t":"idOrVar","v":"value"}," सान आवगाय"],"many":[{"t":"idOrVar","v":"value"}," सान आवगाय"],"other":[{"t":"idOrVar","v":"value"}," सान आवगाय"]},"$x":[{"t":"idOrVar","v":"plural"},"value"]},{"$i":"weeks-before","$v":{"zero":"0 सपता सिगां","one":"1 सपता सिगां","two":[{"t":"idOrVar","v":"value"}," दबथा आवगायाव"],"few":[{"t":"idOrVar","v":"value"}," दबथा आवगायाव"],"many":[{"t":"idOrVar","v":"value"}," दबथा आवगायाव"],"other":[{"t":"idOrVar","v":"value"}," दबथा आवगायाव"]},"$x":[{"t":"idOrVar","v":"plural"},"value"]},{"$i":"months-before","$v":{"zero":"0 दान सिगां","one":"1 दान सिगां","two":[{"t":"idOrVar","v":"value"}," दाननि आवगाय"],"few":[{"t":"idOrVar","v":"value"}," दाननि आवगाय"],"many":[{"t":"idOrVar","v":"value"}," दाननि आवगाय"],"other":[{"t":"idOrVar","v":"value"}," दाननि आवगाय"]},"$x":[{"t":"idOrVar","v":"plural"},"value"]},{"$i":"years-before","$v":{"zero":"0 बोसोर सिगां","one":"1 बोसोर सिगां","two":[{"t":"idOrVar","v":"value"}," बोसोरनि आवगाय"],"few":[{"t":"idOrVar","v":"value"}," बोसोरनि आवगाय"],"many":[{"t":"idOrVar","v":"value"}," बोसोरनि आवगाय"],"other":[{"t":"idOrVar","v":"value"}," बोसोरनि आवगाय"]},"$x":[{"t":"idOrVar","v":"plural"},"value"]},{"$i":"minutes-after","$v":{"zero":"0 मिनिट उनाव","one":"1 मिनिट उनाव","two":[{"t":"idOrVar","v":"value"}," मिनिट उनाव"],"few":[{"t":"idOrVar","v":"value"}," मिनिट उनाव"],"many":[{"t":"idOrVar","v":"value"}," मिनिट उनाव"],"other":[{"t":"idOrVar","v":"value"}," मिनिट उनाव"]},"$x":[{"t":"idOrVar","v":"plural"},"value"]},{"$i":"hours-after","$v":{"zero":"0 रिंगा उनाव","one":"1 रिंगा उनाव","two":[{"t":"idOrVar","v":"value"}," घन्टा उनाव"],"few":[{"t":"idOrVar","v":"value"}," घन्टा उनाव"],"many":[{"t":"idOrVar","v":"value"}," घन्टा उनाव"],"other":[{"t":"idOrVar","v":"value"}," घन्टा उनाव"]},"$x":[{"t":"idOrVar","v":"plural"},"value"]},{"$i":"days-after","$v":{"zero":"0 सान उनाव","one":"1 सान उनाव","two":[{"t":"idOrVar","v":"value"}," सान उनाव"],"few":[{"t":"idOrVar","v":"value"}," सान उनाव"],"many":[{"t":"idOrVar","v":"value"}," सान उनाव"],"other":[{"t":"idOrVar","v":"value"}," सान उनाव"]},"$x":[{"t":"idOrVar","v":"plural"},"value"]},{"$i":"weeks-after","$v":{"zero":"0 सपता उनाव","one":"1 सपता उनाव","two":[{"t":"idOrVar","v":"value"}," हबथानि उनाव"],"few":[{"t":"idOrVar","v":"value"}," हबथानि उनाव"],"many":[{"t":"idOrVar","v":"value"}," हबथानि उनाव"],"other":[{"t":"idOrVar","v":"value"}," हबथानि उनाव"]},"$x":[{"t":"idOrVar","v":"plural"},"value"]},{"$i":"months-after","$v":{"zero":"0 दान उनाव","one":"1 दान उनाव","two":[{"t":"idOrVar","v":"value"}," दाननि उनाव"],"few":[{"t":"idOrVar","v":"value"}," दाननि उनाव"],"many":[{"t":"idOrVar","v":"value"}," दाननि उनाव"],"other":[{"t":"idOrVar","v":"value"}," दाननि उनाव"]},"$x":[{"t":"idOrVar","v":"plural"},"value"]},{"$i":"years-after","$v":{"zero":"0 बोसोर उनाव","one":"1 बोसोर उनाव","two":[{"t":"idOrVar","v":"value"}," बोसोरनि उनाव"],"few":[{"t":"idOrVar","v":"value"}," बोसोरनि उनाव"],"many":[{"t":"idOrVar","v":"value"}," बोसोरनि उनाव"],"other":[{"t":"idOrVar","v":"value"}," बोसोरनि उनाव"]},"$x":[{"t":"idOrVar","v":"plural"},"value"]},{"$i":"hour-format12","$v":"%I %p"},{"$i":"hour-format24","$v":"%H"},{"$i":"week-hour-format12","$v":"%I %p"},{"$i":"week-hour-format24","$v":"%H"},{"$i":"hour-allday","$v":"सानफ्रोमबो"},{"$i":"tcl-week-day","$v":"%a\\n%e"},{"$i":"current-time12","$v":"%I:%M"},{"$i":"current-time24","$v":"%H:%M"},{"$i":"multi-month-view-header-format","$v":"%B %Y"},{"$i":"day-view-header-format","$v":"%A, %b %e"},{"$i":"months-day-view-header-format","$v":"%A, %b %e"},{"$i":"months-day-view-header-format-small","$v":{"$o":"%a <br/> %b, %e"}},{"$i":"week-view-header-format","$v":["हबथा ",{"t":"idOrVar","v":"value"},", %B %Y"]},{"$i":"longDateFormat","$v":"%A, %B %d, %Y"},{"$i":"longTimeFormat","$v":"%A %B %d"},{"$i":"longTimeFormat12","$v":"%A %B %d %I %p"},{"$i":"longTimeFormat24","$v":"%A %B %d %H रिंगा"},{"$i":"weekTimeFormat12","$v":"%I %p"},{"$i":"weekTimeFormat24","$v":"%H रिंगा"},{"$i":"weekDayFormat","$v":"%A the %d"},{"$i":"alldayLongTimeFormat","$v":"%A %B %d सानफ्रोमबो"},{"$i":"dayHour12","$v":"%I %p"},{"$i":"dayHour24","$v":"%H रिंगा"},{"$i":"longDateTime12","$v":"%I %p, %a, %d %b, %Y"},{"$i":"longDateTime24","$v":"%H, %a, %d %b, %Y"},{"$i":"upcoming-events","$v":"फैगासिनो थानाय हाबाफारिफोर"},{"$i":"search-results","$v":"फिथायफोरखौ नागिर"},{"$i":"no-event-found","$v":"जेबो आयदा गैया"},{"$i":"error-start-date-after-end-date","$v":"जाथाया बिनि जागायजेन्नाय अक्तनि सिगां जोबनो हाया।"},{"$i":"error-start-time-after-end-time","$v":"जाथाया बिनि जागायजेन्नाय समनि सिगां जोबनो हाया।"},{"$i":"error-unauthenticated","$v":"गोरोन्थि इउजार मुं एबा पासवर्ड, अननानै नाजाफिनबाव।"},{"$i":"error-internal-server-error","$v":"सारभार एरर, अननानै नाजाफिनबाव।"},{"$i":"error-unkown","$v":"सारभार जेंनानि थाखाय खावलायनायफोरखौ सामलायनो हानाय जायाखै।"},{"$i":"error-default","$v":"माबाफोर गोरोन्थि जादों । उनाव नाजाफिनबाव।"},{"$i":"error-offline","$v":"इन्टारनेटजों फोनांजाबनो हायाखै इन्टारनेट नायनो थाखाय नोंथाङा WiFi एबा मबाइ डेता बाहायनो हागोन।"},{"$i":"error-account-exist","$v":"बे एकाउन्तआ सिगांनिफ्रायनो दंखायो।"},{"$i":"error-edit-online-event","$v":"इन्टारनेट कानेकसन गैयिनि थाखाय अनलाइन इभेन्टखौ इडिट खालामनायाव फेलें।"},{"$i":"error-delete-online-event","$v":"इन्टारनेट कानेकसन गैयिनि थाखाय अनलाइन इभेन्टखौ खोमोरनायाव फेलें।"},{"$i":"notification-error-sync-title","$v":"केलेन्दार सिंक गोरोन्थि"},{"$i":"notification-error-sync-description","$v":"गोबां खौरां मिथिनो थाख तेप खालाम"},{"$i":"weekday-0-single-char","$v":"S","ariaLabel":"रुबिबार"},{"$i":"weekday-1-single-char","$v":"M","ariaLabel":"समबार"},{"$i":"weekday-2-single-char","$v":"T","ariaLabel":"मंगलबार"},{"$i":"weekday-3-single-char","$v":"W","ariaLabel":"बुधबार"},{"$i":"weekday-4-single-char","$v":"T","ariaLabel":"बिस्थिबार"},{"$i":"weekday-5-single-char","$v":"F","ariaLabel":"सक्रुबार"},{"$i":"weekday-6-single-char","$v":"S","ariaLabel":"सनिबार"},{"$i":"busy","$v":{"zero":"जेबो आयदा गैया","one":[{"t":"idOrVar","v":"n"}," हाबाफारि"],"two":[{"t":"idOrVar","v":"n"}," हाबाफारिफोर"],"few":[{"t":"idOrVar","v":"n"}," हाबाफारिफोर"],"many":[{"t":"idOrVar","v":"n"}," हाबाफारिफोर"],"other":[{"t":"idOrVar","v":"n"}," हाबाफारिफोर"]},"$x":[{"t":"idOrVar","v":"plural"},"n"]},{"$i":"present","ariaLabel":"दिनै"},{"$i":"past-other-month-description","ariaLabel":"गुबुन गुबुन दानफोर"},{"$i":"future-other-month-description","ariaLabel":"गुबुन गुबुन दानफोर"},{"$i":"icon-calendar-alarm","ariaLabel":"एलार्म दं"},{"$i":"calendars","ariaLabel":"केलेन्दारफोर"},{"$i":"multi-day-new-event-link","ariaLabel":"इभेन्ट दाजाब"},{"$i":"title","ariaLabel":"उपाधी"},{"$i":"location","ariaLabel":"थावनि"},{"$i":"duration","ariaLabel":"खामानि सोलिनायनि सम"},{"$i":"calendar","ariaLabel":"केलेन्दार"},{"$i":"alarms","ariaLabel":"एलार्मफोर"},{"$i":"description","ariaLabel":"बेखेवनाय"},{"$i":"start-date","ariaLabel":"अक्त जागाय"},{"$i":"start-time","ariaLabel":"सम जागाय"},{"$i":"end-date","ariaLabel":"जोबथा सान"},{"$i":"end-time","ariaLabel":"जोबथा सम"},{"$i":"during-progress-loading","ariaValueText":"लड जागासिनि"},{"$i":"all-day","ariaLabel":"सानफ्रोमबो"},{"$i":"create-event","ariaLabel":"इभेन्ट बानाय"},{"$i":"create-all-day-event","ariaLabel":"गासै साननि इभेन्ट बानाय"},{"$i":"event-one-day-duration","ariaLabel":["निफ्राय ",{"t":"idOrVar","v":"startTime"}," सिम ",{"t":"idOrVar","v":"endTime"}]},{"$i":"week-event-one-day-duration","ariaLabel":[{"t":"idOrVar","v":"startDate"}," निफ्राय ",{"t":"idOrVar","v":"startTime"}," सिम ",{"t":"idOrVar","v":"endTime"}]},{"$i":"event-multiple-day-duration","ariaLabel":[{"t":"idOrVar","v":"startTime"}," ",{"t":"idOrVar","v":"startDate"}," निफ्राय ",{"t":"idOrVar","v":"endTime"}," ",{"t":"idOrVar","v":"endDate"}," सिम"]},{"$i":"tcl-event-added","$v":"इभेन्ट दाजाब"},{"$i":"tcl-event-updated","$v":"इभेन्ट आपडेट"},{"$i":"tcl-event-deleted","$v":"इभेन्ट खोमोर"},{"$i":"tcl-change-save","$v":"सोलायनायखौ सेभ खालामबाय"},{"$i":"tcl-event-calendar","$v":"केलेन्दार"},{"$i":"tcl-single-event","$v":"इभेन्ट"},{"$i":"tcl-event-count","$v":"इभेन्टस"},{"$i":"tcl-sync-progress-syncing","$v":"लोगोसे खालामनाय"},{"$i":"tcl-sync-progress-complete","$v":"साइन जोबबाय"},{"$i":"tcl-settings-sounds","$v":"साउन्द"},{"$i":"tcl-tones","$v":"टनफोर"},{"$i":"tcl-multi-events","$v":"इभेन्टस"},{"$i":"tcl-confirmation-title","$v":"थि मिथिथाइ"},{"$i":"tcl-delete-selectedEvent-confirmation","$v":"सायख'जानाय इभेन्टफोरखौ खोमोर ?"},{"$i":"tcl-deleteEvent-confirmation","$v":"इभेन्टखौ खोमोर ?"},{"$i":"tcl-event-search-header","$v":"नागिर","placeholder":"नागिर"},{"$i":"tcl-event-search-upcoming-events","$v":"फैगासिनो थानाय हाबाफारिफोर"},{"$i":"tcl-delete","$v":"दान"},{"$i":"tcl-cancel","$v":"दान"},{"$i":"tcl-dialog-delete-sel","$v":"मा नों थारैनो सायख'नाय इभेन्टफोरखौ खोमोरनो नागिरदों ?"},{"$i":"tcl-delete-title","$v":"इभेन्टखौ खोमोर"},{"$i":"tcl-save-changes","$v":"सोलायनायफोरखौ सेभ खालाम ?"},{"$i":"tcl-save-message-back","$v":"लाखानाय गासैबो डेताफोरा गोमालांगोन। नों सोलायथाइफोरखौ सेभ खालामगोन ना ?"},{"$i":"tcl-save-message-close","$v":"एप्लिकेसनखौ डेटा खोमानानै बन्द खालामनाय जागोन । नों सोलायथाइफोरखौ सेभ खालामगोन ना ?"},{"$i":"yes","$v":"औ"},{"$i":"no","$v":"ओहो"},{"$i":"confirmation","$v":"थि मिथिथाइ"},{"$i":"ok","$v":"जागोन"},{"$i":"delete-event","$v":"सायख'जानाय इभेन्टफोरखौ खोमोर ?"},{"$i":"tcl-settings-header","$v":"दिन्थिनो थाखाय केलेन्दार"},{"$i":"tcl-syncing","$v":"लोगोसे खालामनाय..."},{"$i":"tcl-syncing-header","$v":"एकाउन्ट सिंक"},{"$i":"options","$v":"राहाफोर"},{"$i":"select","$v":"सायख'"},{"$i":"add-event","$v":"इभेन्ट दाजाब"},{"$i":"weekly-view","$v":"हाबथायारि दिन्थिनाय"},{"$i":"day-view","$v":"सान नायनाय"},{"$i":"month-view","$v":"दानखौ नाय"},{"$i":"today","$v":"दिनै"},{"$i":"go","$v":"अक्तआव थां"},{"$i":"search","$v":"नागिर"},{"$i":"calendar-to-display","$v":"दिन्थिनो थाखाय केलेन्दार"},{"$i":"settings","$v":"चेटिंफोर"},{"$i":"delete","$v":"दान"},{"$i":"enter","$v":"Enter"},{"$i":"sync-calendar","$v":"लोगोसे मावनाय केलेन्दार"},{"$i":"present-description","$v":["दिनै ",{"t":"idOrVar","v":"weekday"}," दा ",{"t":"idOrVar","v":"date"}," टिएइच"]},{"$i":"day-description","$v":[{"t":"idOrVar","v":"weekday"}," आ ",{"t":"idOrVar","v":"date"}," थि"]},{"$i":"weekday-5","$v":"सक्रुबार"},{"$i":"weekday-4","$v":"बिस्थिबार"},{"$i":"weekday-3","$v":"बुधबार"},{"$i":"weekday-2","$v":"मंगलबार"},{"$i":"weekday-1","$v":"समबार"},{"$i":"weekday-0","$v":"रुबिबार"},{"$i":"weekday-6","$v":"सनिबार"},{"$i":"no-title","$v":"(मुं गैया)"},{"$i":"weekday-0-long","$v":"रुबिबार"},{"$i":"weekday-1-long","$v":"समबार"},{"$i":"weekday-2-long","$v":"मंगलबार"},{"$i":"weekday-3-long","$v":"बुधबार"},{"$i":"weekday-4-long","$v":"बिस्थिबार"},{"$i":"weekday-5-long","$v":"सक्रुबार"},{"$i":"weekday-6-long","$v":"सनिबार"},{"$i":"weekday-0-short","$v":"सान"},{"$i":"weekday-1-short","$v":"मन"},{"$i":"weekday-2-short","$v":"मंगल"},{"$i":"weekday-3-short","$v":"वेब"},{"$i":"weekday-4-short","$v":"टिएइचइउ"},{"$i":"weekday-5-short","$v":"फ्रि"},{"$i":"weekday-6-short","$v":"सेट"},{"$i":"month-0-long","$v":"जानुवारि"},{"$i":"month-1-long","$v":"फेब्रुवारि"},{"$i":"month-2-long","$v":"मार्च"},{"$i":"month-3-long","$v":"एप्रिल"},{"$i":"month-4-long","$v":"मे"},{"$i":"month-5-long","$v":"जुन"},{"$i":"month-6-long","$v":"जुलाइ"},{"$i":"month-7-long","$v":"आगष्ट"},{"$i":"month-8-long","$v":"सेप्तेम्बार"},{"$i":"month-9-long","$v":"अक्ट'बर"},{"$i":"month-10-long","$v":"नभेमबर"},{"$i":"month-11-long","$v":"दिसेम्बार"},{"$i":"month-0-genitive","$v":"जानुवारि"},{"$i":"month-1-genitive","$v":"फेब्रुवारि"},{"$i":"month-2-genitive","$v":"मार्च"},{"$i":"month-3-genitive","$v":"एप्रिल"},{"$i":"month-4-genitive","$v":"मे"},{"$i":"month-5-genitive","$v":"जुन"},{"$i":"month-6-genitive","$v":"जुलाइ"},{"$i":"month-7-genitive","$v":"आगष्ट"},{"$i":"month-8-genitive","$v":"सेप्तेम्बार"},{"$i":"month-9-genitive","$v":"अक्ट'बर"},{"$i":"month-10-genitive","$v":"नभेमबर"},{"$i":"month-11-genitive","$v":"दिसेम्बार"},{"$i":"month-0-short","$v":"जान"},{"$i":"month-1-short","$v":"फेब"},{"$i":"month-2-short","$v":"गाज्रि"},{"$i":"month-3-short","$v":"एप्रि"},{"$i":"month-4-short","$v":"मे"},{"$i":"month-5-short","$v":"जुन"},{"$i":"month-6-short","$v":"जुल"},{"$i":"month-7-short","$v":"आग"},{"$i":"month-8-short","$v":"सेप"},{"$i":"month-9-short","$v":"अक्ट'बर"},{"$i":"month-10-short","$v":"नभ"},{"$i":"month-11-short","$v":"दिस"},{"$i":"minutes-ago-long","$v":{"zero":"दाबावैसो","one":"से मिनिट सिगङाव","two":[{"t":"idOrVar","v":"value"}," मिनिट सिगां"],"few":[{"t":"idOrVar","v":"value"}," मिनिट सिगां"],"many":[{"t":"idOrVar","v":"value"}," मिनिट सिगां"],"other":[{"t":"idOrVar","v":"value"}," मिनिट सिगां"]},"$x":[{"t":"idOrVar","v":"plural"},"value"]},{"$i":"hours-ago-long","$v":{"zero":"दाबावैसो","one":"घन्टासे सिगाङाव","two":[{"t":"idOrVar","v":"value"}," घन्टा सिगां"],"few":[{"t":"idOrVar","v":"value"}," घन्टा सिगां"],"many":[{"t":"idOrVar","v":"value"}," घन्टा सिगां"],"other":[{"t":"idOrVar","v":"value"}," घन्टा सिगां"]},"$x":[{"t":"idOrVar","v":"plural"},"value"]},{"$i":"days-ago-long","$v":{"zero":"दिनै","one":"मैया","two":[{"t":"idOrVar","v":"value"}," सान सिगां"],"few":[{"t":"idOrVar","v":"value"}," सान सिगां"],"many":[{"t":"idOrVar","v":"value"}," सान सिगां"],"other":[{"t":"idOrVar","v":"value"}," सान सिगां"]},"$x":[{"t":"idOrVar","v":"plural"},"value"]},{"$i":"weeks-ago-long","$v":{"zero":"बे हबथा","one":"थांनाय हबथा","two":[{"t":"idOrVar","v":"value"}," हाबथा सिगां"],"few":[{"t":"idOrVar","v":"value"}," हाबथा सिगां"],"many":[{"t":"idOrVar","v":"value"}," हाबथा सिगां"],"other":[{"t":"idOrVar","v":"value"}," हाबथा सिगां"]},"$x":[{"t":"idOrVar","v":"plural"},"value"]},{"$i":"months-ago-long","$v":{"zero":"बे दान","one":"थांनाय दान","two":[{"t":"idOrVar","v":"value"}," दान सिगां"],"few":[{"t":"idOrVar","v":"value"}," दान सिगां"],"many":[{"t":"idOrVar","v":"value"}," दान सिगां"],"other":[{"t":"idOrVar","v":"value"}," दान सिगां"]},"$x":[{"t":"idOrVar","v":"plural"},"value"]},{"$i":"years-ago-long","$v":{"zero":"बे बोसोर","one":"थांनाय बोसोर","two":[{"t":"idOrVar","v":"value"}," बोसोर सिगां"],"few":[{"t":"idOrVar","v":"value"}," बोसोर सिगां"],"many":[{"t":"idOrVar","v":"value"}," बोसोर सिगां"],"other":[{"t":"idOrVar","v":"value"}," बोसोर सिगां"]},"$x":[{"t":"idOrVar","v":"plural"},"value"]},{"$i":"minutes-until-long","$v":{"zero":"दायो","one":"से मिनिटआव","two":[{"t":"idOrVar","v":"value"}," मिनिटआव"],"few":[{"t":"idOrVar","v":"value"}," मिनिटआव"],"many":[{"t":"idOrVar","v":"value"}," मिनिटआव"],"other":[{"t":"idOrVar","v":"value"}," मिनिटआव"]},"$x":[{"t":"idOrVar","v":"plural"},"value"]},{"$i":"hours-until-long","$v":{"zero":"दायो","one":"से घन्टायाव","two":[{"t":"idOrVar","v":"value"}," घन्टायाव"],"few":[{"t":"idOrVar","v":"value"}," घन्टायाव"],"many":[{"t":"idOrVar","v":"value"}," घन्टायाव"],"other":[{"t":"idOrVar","v":"value"}," घन्टायाव"]},"$x":[{"t":"idOrVar","v":"plural"},"value"]},{"$i":"days-until-long","$v":{"zero":"दिनै","one":"गाबोन","two":[{"t":"idOrVar","v":"value"}," सानफोराव"],"few":[{"t":"idOrVar","v":"value"}," सानफोराव"],"many":[{"t":"idOrVar","v":"value"}," सानफोराव"],"other":[{"t":"idOrVar","v":"value"}," सानफोराव"]},"$x":[{"t":"idOrVar","v":"plural"},"value"]},{"$i":"weeks-until-long","$v":{"zero":"बे हबथा","one":"फैगौ हबथा","two":[{"t":"idOrVar","v":"value"}," हबथाफोराव"],"few":[{"t":"idOrVar","v":"value"}," हबथाफोराव"],"many":[{"t":"idOrVar","v":"value"}," हबथाफोराव"],"other":[{"t":"idOrVar","v":"value"}," हबथाफोराव"]},"$x":[{"t":"idOrVar","v":"plural"},"value"]},{"$i":"months-until-long","$v":{"zero":"बे दान","one":"फैगौ दान","two":[{"t":"idOrVar","v":"value"}," दानफोराव"],"few":[{"t":"idOrVar","v":"value"}," दानफोराव"],"many":[{"t":"idOrVar","v":"value"}," दानफोराव"],"other":[{"t":"idOrVar","v":"value"}," दानफोराव"]},"$x":[{"t":"idOrVar","v":"plural"},"value"]},{"$i":"years-until-long","$v":{"zero":"बे बोसोर","one":"फैगौ बोसोर","two":[{"t":"idOrVar","v":"value"}," बोसोरफोराव"],"few":[{"t":"idOrVar","v":"value"}," बोसोरफोराव"],"many":[{"t":"idOrVar","v":"value"}," बोसोरफोराव"],"other":[{"t":"idOrVar","v":"value"}," बोसोरफोराव"]},"$x":[{"t":"idOrVar","v":"plural"},"value"]},{"$i":"minutes-ago-short","$v":{"zero":"दाबावैसो","other":[{"t":"idOrVar","v":"value"},"मिनिट सिगां"]},"$x":[{"t":"idOrVar","v":"plural"},"value"]},{"$i":"hours-ago-short","$v":{"zero":"दाबावैसो","other":[{"t":"idOrVar","v":"value"},"घन्टा सिगां"]},"$x":[{"t":"idOrVar","v":"plural"},"value"]},{"$i":"days-ago-short","$v":{"zero":"दिनै","other":[{"t":"idOrVar","v":"value"},"सान सिगां"]},"$x":[{"t":"idOrVar","v":"plural"},"value"]},{"$i":"minutes-until-short","$v":{"zero":"दायो","other":[{"t":"idOrVar","v":"value"},"मिनिटआव"]},"$x":[{"t":"idOrVar","v":"plural"},"value"]},{"$i":"hours-until-short","$v":{"zero":"दायो","other":[{"t":"idOrVar","v":"value"},"घन्टायाव"]},"$x":[{"t":"idOrVar","v":"plural"},"value"]},{"$i":"days-until-short","$v":{"zero":"दिनै","other":[{"t":"idOrVar","v":"value"},"सानाव"]},"$x":[{"t":"idOrVar","v":"plural"},"value"]},{"$i":"incorrectDate","$v":"(गोरोनथि अक्त)"},{"$i":"dateTimeFormat_%c","$v":"%a %b %e %Y %I:%M:%S %p"},{"$i":"dateTimeFormat_%x","$v":"%m/%d/%Y"},{"$i":"dateTimeFormat_%X","$v":"%I:%M:%S %p"},{"$i":"shortTimeFormat","$v":"%I:%M %p"},{"$i":"shortTimeFormat12","$v":"%I:%M %p"},{"$i":"shortTimeFormat24","$v":"%H:%M"},{"$i":"shortDateTimeFormat","$v":"%x %I:%M %p"},{"$i":"weekStartsOnMonday","$v":"0"},{"$i":"firstDayOfTheWeek","$v":"0"},{"$i":"time_am","$v":"AM"},{"$i":"time_pm","$v":"PM"},{"$i":"softkey-options","$v":"राहाफोर"}]