[{"$i":"back","$v":"واپس جائیں"},{"$i":"save","$v":"محفوظ کریں"},{"$i":"hide","$v":"چھپائیں"},{"$i":"cancel","$v":"منسوخ کریں"},{"$i":"confirm","$v":"توثیق کریں"},{"$i":"done","$v":"ہو گیا"},{"$i":"events","$v":"تقریب کی یاددہانی"},{"$i":"edit","$v":"ترمیم کریں"},{"$i":"allday-events","$v":"تمام دن کے تقریب کی یاددہانی"},{"$i":"no-events","$v":"کوئی تقریب نہیں"},{"$i":"default","$v":"ٖڈیفالٹ"},{"$i":"sync","$v":"مطابقت پذیری کریں"},{"$i":"show-today","$v":"آج"},{"$i":"show-month-view","$v":"مہینہ"},{"$i":"show-week-view","$v":"ہفتہ"},{"$i":"show-day-view","$v":"دن"},{"$i":"settings-show","$v":"ترتیبات"},{"$i":"settings-hide","$v":"سیٹنگز چھپائیں"},{"$i":"add-account","$v":"ایک اکاؤنٹ شامل کریں"},{"$i":"new-event","$v":"تقریب شامل کریں"},{"$i":"view-event-header","$v":"تقریب کی تفصیلات"},{"$i":"new-event-header","$v":"تقریب شامل کریں"},{"$i":"edit-event-header","$v":"تقریب کی تدوین کریں"},{"$i":"account-header","$v":"اکاؤنٹ"},{"$i":"account-list-header","$v":"اکاؤنٹس"},{"$i":"advanced-settings-short-icon-button","ariaLabel":"ترتیبات"},{"$i":"advanced-settings-header","$v":"کیلنڈر سیٹنگز"},{"$i":"advanced-settings-personalization","$v":"فریکوئینسی اپ ڈیٹ کریں"},{"$i":"advanced-settings-reminders","$v":"یاددہانی"},{"$i":"advanced-settings-add-account","$v":"اکاؤںٹ شامل کریں"},{"$i":"field-user","$v":"صارف نام"},{"$i":"field-password","$v":"پاس ورڈ"},{"$i":"show-password","$v":"پاس ورڈ دکھائیں"},{"$i":"field-full-url","$v":"URL"},{"$i":"modify-account-setting-up","$v":"براہ کرم اپنے اکاؤںٹ سیٹ اپ ہونے تک انتظار کریں۔"},{"$i":"modify-account-unable-to-sync","$v":"سنک کرنے سے قاصر"},{"$i":"modify-account-sign-in","$v":"سائن ان کریں"},{"$i":"tcl-caldav","$v":"CalDav"},{"$i":"tcl-yahoo","$v":"یاہو!"},{"$i":"tcl-google","$v":"گوگل"},{"$i":"preset-mozilla","$v":"موزیلا زمبرا"},{"$i":"calendar-local","$v":"فون کیلنڈر"},{"$i":"event-title","$v":"عنوان"},{"$i":"event-location","$v":"مقام"},{"$i":"event-description","$v":"نوٹس"},{"$i":"event-is-allday","$v":"تمام دن کی تقریب"},{"$i":"event-start-date","$v":"تاریخ آغاز"},{"$i":"event-end-date","$v":"تاریخ اختتام"},{"$i":"event-start-time","$v":"وقت آغاز"},{"$i":"event-end-time","$v":"وقت اختتام"},{"$i":"event-delete","$v":"تقریب حذف کریں"},{"$i":"remove-account-data","$v":"کیلنڈر اکاؤںٹ نکالیں"},{"$i":"remove-account-dialog","$v":"اکاؤنٹ ہٹائیں"},{"$i":"remove-account-dialog-details","$v":["آپ کے آلہ سے \"",{"t":"idOrVar","v":"email"},"\" کو نکالیں؟"]},{"$i":"remove","$v":"ہٹائیں"},{"$i":"drawer-sync-icon-button","ariaLabel":"مطابقت پذیری کریں"},{"$i":"sync-progress-syncing","ariaValueText":"سنک کرنا"},{"$i":"sync-progress-complete","ariaValueText":"سنک کرنا مکمل"},{"$i":"sync-frequency","$v":"کیلنڈر سنک کریں"},{"$i":"sync-frequency-15min","$v":"ہر 15 منٹس"},{"$i":"sync-frequency-30min","$v":"ہر 30 منٹس"},{"$i":"sync-frequency-manual","$v":"دستی طور پر"},{"$i":"one-day-duration-title","$v":[{"t":"idOrVar","v":"startDate"}]},{"$i":"one-day-duration-content","$v":[{"t":"idOrVar","v":"startTime"}," سے ",{"t":"idOrVar","v":"endTime"}]},{"$i":"multiple-day-duration-title","$v":[{"t":"idOrVar","v":"startTime"}," ",{"t":"idOrVar","v":"startDate"}," سے"]},{"$i":"multiple-day-duration-content","$v":[{"t":"idOrVar","v":"endTime"}," ",{"t":"idOrVar","v":"endDate"}," تک"]},{"$i":"one-all-day-duration-title","$v":"تمام دن"},{"$i":"one-all-day-duration-content","$v":[{"t":"idOrVar","v":"startDate"}]},{"$i":"multiple-all-day-duration-title","$v":[{"t":"idOrVar","v":"startDate"}," سے تمام دن"]},{"$i":"multiple-all-day-duration-content","$v":[{"t":"idOrVar","v":"endDate"}," تک"]},{"$i":"none","$v":"کوئی نہیں"},{"$i":"reminder","$v":"تقریب کی یاددہانی"},{"$i":"remind-me","$v":"مجھے یاد دہانی کرائیں"},{"$i":"alarm-at-event-standard","$v":"تقریب کے موقع پر"},{"$i":"alarm-at-event-allday","$v":"تقریب کے دن"},{"$i":"alarm-start-notice","$v":[{"t":"idOrVar","v":"title"}," شروعاتی ",{"t":"idOrVar","v":"distance"}]},{"$i":"alarm-started-notice","$v":[{"t":"idOrVar","v":"title"}," شروع ہو گیا ",{"t":"idOrVar","v":"distance"}]},{"$i":"minutes-before","$v":{"zero":"0 منٹس قبل","one":"1 منٹ قبل","two":[{"t":"idOrVar","v":"value"}," منٹس قبل"],"few":[{"t":"idOrVar","v":"value"}," منٹس قبل"],"many":[{"t":"idOrVar","v":"value"}," منٹس قبل"],"other":[{"t":"idOrVar","v":"value"}," منٹس قبل"]},"$x":[{"t":"idOrVar","v":"plural"},"value"]},{"$i":"hours-before","$v":{"zero":"0 گھنٹے قبل","one":"1 گھنٹہ قبل","two":[{"t":"idOrVar","v":"value"}," گھنٹے قبل"],"few":[{"t":"idOrVar","v":"value"}," گھنٹے قبل"],"many":[{"t":"idOrVar","v":"value"}," گھنٹے قبل"],"other":[{"t":"idOrVar","v":"value"}," گھنٹے قبل"]},"$x":[{"t":"idOrVar","v":"plural"},"value"]},{"$i":"days-before","$v":{"zero":"0 دن قبل","one":"1 دن قبل","two":[{"t":"idOrVar","v":"value"}," دن قبل"],"few":[{"t":"idOrVar","v":"value"}," دن قبل"],"many":[{"t":"idOrVar","v":"value"}," دن قبل"],"other":[{"t":"idOrVar","v":"value"}," دن قبل"]},"$x":[{"t":"idOrVar","v":"plural"},"value"]},{"$i":"weeks-before","$v":{"zero":"0 ہفتے قبل","one":"1 ہفتہ قبل","two":[{"t":"idOrVar","v":"value"}," ہفتے قبل"],"few":[{"t":"idOrVar","v":"value"}," ہفتے قبل"],"many":[{"t":"idOrVar","v":"value"}," ہفتے قبل"],"other":[{"t":"idOrVar","v":"value"}," ہفتے قبل"]},"$x":[{"t":"idOrVar","v":"plural"},"value"]},{"$i":"months-before","$v":{"zero":"0 مہینے قبل","one":"1 مہینہ قبل","two":[{"t":"idOrVar","v":"value"}," مہینے قبل"],"few":[{"t":"idOrVar","v":"value"}," مہینے قبل"],"many":[{"t":"idOrVar","v":"value"}," مہینے قبل"],"other":[{"t":"idOrVar","v":"value"}," مہینے قبل"]},"$x":[{"t":"idOrVar","v":"plural"},"value"]},{"$i":"years-before","$v":{"zero":"0 سال قبل","one":"1 سال قبل","two":[{"t":"idOrVar","v":"value"}," سال قبل"],"few":[{"t":"idOrVar","v":"value"}," سال قبل"],"many":[{"t":"idOrVar","v":"value"}," سال قبل"],"other":[{"t":"idOrVar","v":"value"}," سال قبل"]},"$x":[{"t":"idOrVar","v":"plural"},"value"]},{"$i":"minutes-after","$v":{"zero":"0 منٹس بعد","one":"1 منٹ بعد","two":[{"t":"idOrVar","v":"value"}," منٹس بعد"],"few":[{"t":"idOrVar","v":"value"}," منٹس بعد"],"many":[{"t":"idOrVar","v":"value"}," منٹس بعد"],"other":[{"t":"idOrVar","v":"value"}," منٹس بعد"]},"$x":[{"t":"idOrVar","v":"plural"},"value"]},{"$i":"hours-after","$v":{"zero":"0 گھنٹے بعد","one":"1 گھنٹہ بعد","two":[{"t":"idOrVar","v":"value"}," گھنٹے بعد"],"few":[{"t":"idOrVar","v":"value"}," گھنٹے بعد"],"many":[{"t":"idOrVar","v":"value"}," گھنٹے بعد"],"other":[{"t":"idOrVar","v":"value"}," گھنٹے بعد"]},"$x":[{"t":"idOrVar","v":"plural"},"value"]},{"$i":"days-after","$v":{"zero":"0 دن بعد","one":"1 دن بعد","two":[{"t":"idOrVar","v":"value"}," دن بعد"],"few":[{"t":"idOrVar","v":"value"}," دن بعد"],"many":[{"t":"idOrVar","v":"value"}," دن بعد"],"other":[{"t":"idOrVar","v":"value"}," دن بعد"]},"$x":[{"t":"idOrVar","v":"plural"},"value"]},{"$i":"weeks-after","$v":{"zero":"0 ہفتے بعد","one":"1 ہفتہ بعد","two":[{"t":"idOrVar","v":"value"}," ہفتے بعد"],"few":[{"t":"idOrVar","v":"value"}," ہفتے بعد"],"many":[{"t":"idOrVar","v":"value"}," ہفتے بعد"],"other":[{"t":"idOrVar","v":"value"}," ہفتے بعد"]},"$x":[{"t":"idOrVar","v":"plural"},"value"]},{"$i":"months-after","$v":{"zero":"0 مہینے بعد","one":"1 مہینہ بعد","two":[{"t":"idOrVar","v":"value"}," مہینے بعد"],"few":[{"t":"idOrVar","v":"value"}," مہینے بعد"],"many":[{"t":"idOrVar","v":"value"}," مہینے بعد"],"other":[{"t":"idOrVar","v":"value"}," مہینے بعد"]},"$x":[{"t":"idOrVar","v":"plural"},"value"]},{"$i":"years-after","$v":{"zero":"0 سال بعد","one":"1 سال بعد","two":[{"t":"idOrVar","v":"value"}," سال بعد"],"few":[{"t":"idOrVar","v":"value"}," سال بعد"],"many":[{"t":"idOrVar","v":"value"}," سال بعد"],"other":[{"t":"idOrVar","v":"value"}," سال بعد"]},"$x":[{"t":"idOrVar","v":"plural"},"value"]},{"$i":"hour-format12","$v":"%I %p"},{"$i":"hour-format24","$v":"%H"},{"$i":"week-hour-format12","$v":"%I %p"},{"$i":"week-hour-format24","$v":"%H"},{"$i":"hour-allday","$v":"تمام دن"},{"$i":"tcl-week-day","$v":"%a\\n%e"},{"$i":"current-time12","$v":"%I:%M"},{"$i":"current-time24","$v":"%H:%M"},{"$i":"multi-month-view-header-format","$v":"%B %Y"},{"$i":"day-view-header-format","$v":"%A, %B %e"},{"$i":"months-day-view-header-format","$v":"%A, %B %e"},{"$i":"months-day-view-header-format-small","$v":{"$o":"%a <br/> %b, %e"}},{"$i":"week-view-header-format","$v":["ہفتہ ",{"t":"idOrVar","v":"value"},", %B %Y"]},{"$i":"longDateFormat","$v":"%A, %B %d, %Y"},{"$i":"longTimeFormat","$v":"%A %B %d"},{"$i":"longTimeFormat12","$v":"%A %B %d %I %p"},{"$i":"longTimeFormat24","$v":"%A %B %d %H بجے"},{"$i":"weekTimeFormat12","$v":"%I %p"},{"$i":"weekTimeFormat24","$v":"%H بجے"},{"$i":"weekDayFormat","$v":"%A the %d"},{"$i":"alldayLongTimeFormat","$v":"%A %B %d تمام دن"},{"$i":"dayHour12","$v":"%I %p"},{"$i":"dayHour24","$v":"%H بجے"},{"$i":"longDateTime12","$v":"%I %p, %a, %d %b, %Y"},{"$i":"longDateTime24","$v":"%H, %a, %d %b, %Y"},{"$i":"upcoming-events","$v":"آنے والی تقریبات"},{"$i":"search-results","$v":"تلاش کے نتائج"},{"$i":"no-event-found","$v":"کوئي تقریب نہیں ملی"},{"$i":"error-start-date-after-end-date","$v":"تقریب اس کے آغاز کی تاریخ سے قبل ختم نہیں ہوسکتا۔"},{"$i":"error-start-time-after-end-time","$v":"تقریب اس کے آغاز کے وقت سے قبل ختم نہیں ہوسکتا۔"},{"$i":"error-unauthenticated","$v":"غلط صارف نام یا پاس ورڈ، براہ کرم دوبارہ کوشش کریں۔"},{"$i":"error-internal-server-error","$v":"سرور کی خرابی، براہ مہربانی دوبارہ کوشش کریں۔"},{"$i":"error-unkown","$v":"سرور کے جواب کی وجہ سے درخواست کا نظم نہیں کیا جاسکتا۔"},{"$i":"error-default","$v":"کچھ غلط ہے۔ بعد میں دوبارہ کوشش کریں۔"},{"$i":"error-offline","$v":"انٹرنیٹ سے جوڑنے سے قاصر۔ آپ انٹرنیٹ تک رسائی کیلئے WiFi یا موبائل ڈیٹا کا استعمال کر سکتے ہیں۔"},{"$i":"error-account-exist","$v":"یہ اکاؤںٹ پہلے سے موجود ہے۔"},{"$i":"error-edit-online-event","$v":"انٹرنیٹ کنیکشن نہ ہونے کی وجہ سے آن لائن تقریب میں تدوین کرنے میں ناکام ہوگیا"},{"$i":"error-delete-online-event","$v":"انٹرنیٹ کنیکشن نہ ہونے کی وجہ سے آن لائن تقریب حذف کرنے میں ناکام ہوگیا"},{"$i":"notification-error-sync-title","$v":"کیلنڈر سنک کا نقص"},{"$i":"notification-error-sync-description","$v":"مزید معلومات کے لیے تھپکی دیں"},{"$i":"weekday-0-single-char","$v":"S","ariaLabel":"اتوار"},{"$i":"weekday-1-single-char","$v":"M","ariaLabel":"پیر"},{"$i":"weekday-2-single-char","$v":"T","ariaLabel":"منگل"},{"$i":"weekday-3-single-char","$v":"W","ariaLabel":"بدھ"},{"$i":"weekday-4-single-char","$v":"T","ariaLabel":"جمعرات"},{"$i":"weekday-5-single-char","$v":"F","ariaLabel":"جمعہ"},{"$i":"weekday-6-single-char","$v":"S","ariaLabel":"سنیچر"},{"$i":"busy","$v":{"zero":"کوئی تقریب نہیں","one":[{"t":"idOrVar","v":"n"}," تقریب"],"two":[{"t":"idOrVar","v":"n"}," تقریبات"],"few":[{"t":"idOrVar","v":"n"}," تقریبات"],"many":[{"t":"idOrVar","v":"n"}," تقریبات"],"other":[{"t":"idOrVar","v":"n"}," تقریبات"]},"$x":[{"t":"idOrVar","v":"plural"},"n"]},{"$i":"present","ariaLabel":"آج"},{"$i":"past-other-month-description","ariaLabel":"دیگر ماہ"},{"$i":"future-other-month-description","ariaLabel":"دیگر ماہ"},{"$i":"icon-calendar-alarm","ariaLabel":"ہیش الارم"},{"$i":"calendars","ariaLabel":"کیلنڈرز"},{"$i":"multi-day-new-event-link","ariaLabel":"تقریب شامل کریں"},{"$i":"title","ariaLabel":"عنوان"},{"$i":"location","ariaLabel":"مقام"},{"$i":"duration","ariaLabel":"مدت"},{"$i":"calendar","ariaLabel":"کیلنڈر"},{"$i":"alarms","ariaLabel":"الارمز"},{"$i":"description","ariaLabel":"تفصیل"},{"$i":"start-date","ariaLabel":"تاریخ آغاز"},{"$i":"start-time","ariaLabel":"وقت آغاز"},{"$i":"end-date","ariaLabel":"تاریخ اختتام"},{"$i":"end-time","ariaLabel":"وقت اختتام"},{"$i":"during-progress-loading","ariaValueText":"لوڈنگ"},{"$i":"all-day","ariaLabel":"تمام دن"},{"$i":"create-event","ariaLabel":"تقریب بنائیں"},{"$i":"create-all-day-event","ariaLabel":"تمام دن کی تقریب بنائیں"},{"$i":"event-one-day-duration","ariaLabel":[{"t":"idOrVar","v":"startTime"}," سے ",{"t":"idOrVar","v":"endTime"}," تک"]},{"$i":"week-event-one-day-duration","ariaLabel":[{"t":"idOrVar","v":"startDate"}," ",{"t":"idOrVar","v":"startTime"}," سے ",{"t":"idOrVar","v":"endTime"}," تک"]},{"$i":"event-multiple-day-duration","ariaLabel":[{"t":"idOrVar","v":"startTime"}," ",{"t":"idOrVar","v":"startDate"}," سے ",{"t":"idOrVar","v":"endTime"}," ",{"t":"idOrVar","v":"endDate"}]},{"$i":"tcl-event-added","$v":"تقریب شامل کی گئی"},{"$i":"tcl-event-updated","$v":"تقریب اپ ڈیٹ کی گئی"},{"$i":"tcl-event-deleted","$v":"تقریب حذف کردی گئی"},{"$i":"tcl-change-save","$v":"تبدیلیاں محفوظ ہوگئی"},{"$i":"tcl-event-calendar","$v":"کیلنڈر"},{"$i":"tcl-single-event","$v":"ایونٹ"},{"$i":"tcl-event-count","$v":"ایونٹس"},{"$i":"tcl-sync-progress-syncing","$v":"سنک کرنا"},{"$i":"tcl-sync-progress-complete","$v":"سنک کرنا مکمل ہوگیا"},{"$i":"tcl-settings-sounds","$v":"ساؤںڈز"},{"$i":"tcl-tones","$v":"ٹونز"},{"$i":"tcl-multi-events","$v":"ایونٹس"},{"$i":"tcl-confirmation-title","$v":"توثیق کاری"},{"$i":"tcl-delete-selectedEvent-confirmation","$v":"منتخبہ تقریب کو حذف کریں؟"},{"$i":"tcl-deleteEvent-confirmation","$v":"تقریب حذف کریں؟"},{"$i":"tcl-event-search-header","$v":"تلاش","placeholder":"تلاش"},{"$i":"tcl-event-search-upcoming-events","$v":"آنے والی تقریبات"},{"$i":"tcl-delete","$v":"حذف کریں"},{"$i":"tcl-cancel","$v":"منسوخ کریں"},{"$i":"tcl-dialog-delete-sel","$v":"کیا آپ یقیناً منتخبہ تقریب حذف کرنا چاہتے ہیں؟"},{"$i":"tcl-delete-title","$v":"تقریب حذف کریں"},{"$i":"tcl-save-changes","$v":"تبدیلیاں محفوظ کریں؟"},{"$i":"tcl-save-message-back","$v":"تمام درج شدہ ڈیٹا ضائع ہو جائے گا۔ کیا آپ تبدیلیاں محفوظ کرنا چاہتے ہیں؟"},{"$i":"tcl-save-message-close","$v":"ایپلیکیشن ڈیٹا ضائع کرتے ہوئے بند جائے گا۔ کیا آپ تبدیلیاں محفوظ کرنا چاہتے ہیں۔"},{"$i":"yes","$v":"ہاں"},{"$i":"no","$v":"نہیں"},{"$i":"confirmation","$v":"توثیق کاری"},{"$i":"ok","$v":"ٹھیک ہے"},{"$i":"delete-event","$v":"منتخبہ تقریب کو حذف کریں؟"},{"$i":"tcl-settings-header","$v":"کیلنڈر برائے ڈسپلے"},{"$i":"tcl-syncing","$v":"سنک کرنا…"},{"$i":"tcl-syncing-header","$v":"اکاؤنٹ سنک"},{"$i":"options","$v":"اختیارات"},{"$i":"select","$v":"منتخب کریں"},{"$i":"add-event","$v":"تقریب شامل کریں"},{"$i":"weekly-view","$v":"ہفتہ وار منظر"},{"$i":"day-view","$v":"دن کا منظر"},{"$i":"month-view","$v":"ماہ کا منظر"},{"$i":"today","$v":"آج"},{"$i":"go","$v":"تاریخ پر جائيں"},{"$i":"search","$v":"تلاش"},{"$i":"calendar-to-display","$v":"کیلنڈر برائے ڈسپلے"},{"$i":"settings","$v":"ترتیبات"},{"$i":"delete","$v":"حذف کریں"},{"$i":"enter","$v":"Enter"},{"$i":"sync-calendar","$v":"کیلنڈر سنک کریں"},{"$i":"present-description","$v":["آج بروز ",{"t":"idOrVar","v":"weekday"}," بتاریخ ",{"t":"idOrVar","v":"date"}]},{"$i":"day-description","$v":["بروز ",{"t":"idOrVar","v":"weekday"}," بتاریخ ",{"t":"idOrVar","v":"date"}]},{"$i":"weekday-5","$v":"جمعہ"},{"$i":"weekday-4","$v":"جمعرات"},{"$i":"weekday-3","$v":"بدھ"},{"$i":"weekday-2","$v":"منگل"},{"$i":"weekday-1","$v":"پیر"},{"$i":"weekday-0","$v":"اتوار"},{"$i":"weekday-6","$v":"سنیچر"},{"$i":"no-title","$v":"(بلا ​​عنوان)"},{"$i":"weekday-0-long","$v":"اتوار"},{"$i":"weekday-1-long","$v":"پیر"},{"$i":"weekday-2-long","$v":"منگل"},{"$i":"weekday-3-long","$v":"بدھ"},{"$i":"weekday-4-long","$v":"جمعرات"},{"$i":"weekday-5-long","$v":"جمعہ"},{"$i":"weekday-6-long","$v":"سنیچر"},{"$i":"weekday-0-short","$v":"اتوار"},{"$i":"weekday-1-short","$v":"پیر"},{"$i":"weekday-2-short","$v":"منگل"},{"$i":"weekday-3-short","$v":"بدھ"},{"$i":"weekday-4-short","$v":"جمعرات"},{"$i":"weekday-5-short","$v":"جمعہ"},{"$i":"weekday-6-short","$v":"ہفتہ"},{"$i":"month-0-long","$v":"جنوری"},{"$i":"month-1-long","$v":"فروری"},{"$i":"month-2-long","$v":"مارچ"},{"$i":"month-3-long","$v":"اپریل"},{"$i":"month-4-long","$v":"مئی"},{"$i":"month-5-long","$v":"جون"},{"$i":"month-6-long","$v":"جولائی"},{"$i":"month-7-long","$v":"اگست"},{"$i":"month-8-long","$v":"ستمبر"},{"$i":"month-9-long","$v":"اکتوبر"},{"$i":"month-10-long","$v":"نومبر"},{"$i":"month-11-long","$v":"دسمبر"},{"$i":"month-0-genitive","$v":"جنوری"},{"$i":"month-1-genitive","$v":"فروری"},{"$i":"month-2-genitive","$v":"مارچ"},{"$i":"month-3-genitive","$v":"اپریل"},{"$i":"month-4-genitive","$v":"مئی"},{"$i":"month-5-genitive","$v":"جون"},{"$i":"month-6-genitive","$v":"جولائی"},{"$i":"month-7-genitive","$v":"اگست"},{"$i":"month-8-genitive","$v":"ستمبر"},{"$i":"month-9-genitive","$v":"اکتوبر"},{"$i":"month-10-genitive","$v":"نومبر"},{"$i":"month-11-genitive","$v":"دسمبر"},{"$i":"month-0-short","$v":"جنوری"},{"$i":"month-1-short","$v":"فروری"},{"$i":"month-2-short","$v":"مارچ"},{"$i":"month-3-short","$v":"اپریل"},{"$i":"month-4-short","$v":"مئی"},{"$i":"month-5-short","$v":"جون"},{"$i":"month-6-short","$v":"جولائی"},{"$i":"month-7-short","$v":"اگست"},{"$i":"month-8-short","$v":"ستمبر"},{"$i":"month-9-short","$v":"اکتوبر"},{"$i":"month-10-short","$v":"نومبر"},{"$i":"month-11-short","$v":"دسمبر"},{"$i":"minutes-ago-long","$v":{"zero":"ابھی ابھی","one":"ایک منٹ قبل","two":[{"t":"idOrVar","v":"value"}," منٹس قبل"],"few":[{"t":"idOrVar","v":"value"}," منٹس قبل"],"many":[{"t":"idOrVar","v":"value"}," منٹس قبل"],"other":[{"t":"idOrVar","v":"value"}," منٹس قبل"]},"$x":[{"t":"idOrVar","v":"plural"},"value"]},{"$i":"hours-ago-long","$v":{"zero":"ابھی ابھی","one":"ایک گھنٹہ قبل","two":[{"t":"idOrVar","v":"value"}," گھنٹوں قبل"],"few":[{"t":"idOrVar","v":"value"}," گھنٹوں قبل"],"many":[{"t":"idOrVar","v":"value"}," گھنٹوں قبل"],"other":[{"t":"idOrVar","v":"value"}," گھنٹوں قبل"]},"$x":[{"t":"idOrVar","v":"plural"},"value"]},{"$i":"days-ago-long","$v":{"zero":"آج","one":"گزشتہ کل","two":[{"t":"idOrVar","v":"value"}," دن قبل"],"few":[{"t":"idOrVar","v":"value"}," دن قبل"],"many":[{"t":"idOrVar","v":"value"}," دن قبل"],"other":[{"t":"idOrVar","v":"value"}," دن قبل"]},"$x":[{"t":"idOrVar","v":"plural"},"value"]},{"$i":"weeks-ago-long","$v":{"zero":"اس ہفتہ","one":"آخری ہفتہ","two":[{"t":"idOrVar","v":"value"}," ہفتے قبل"],"few":[{"t":"idOrVar","v":"value"}," ہفتے قبل"],"many":[{"t":"idOrVar","v":"value"}," ہفتے قبل"],"other":[{"t":"idOrVar","v":"value"}," ہفتے قبل"]},"$x":[{"t":"idOrVar","v":"plural"},"value"]},{"$i":"months-ago-long","$v":{"zero":"اس ماہ","one":"آخری مہینہ","two":[{"t":"idOrVar","v":"value"}," مہینہ قبل"],"few":[{"t":"idOrVar","v":"value"}," مہینہ قبل"],"many":[{"t":"idOrVar","v":"value"}," مہینہ قبل"],"other":[{"t":"idOrVar","v":"value"}," مہینہ قبل"]},"$x":[{"t":"idOrVar","v":"plural"},"value"]},{"$i":"years-ago-long","$v":{"zero":"اس سال","one":"آخری سال","two":[{"t":"idOrVar","v":"value"}," سال قبل"],"few":[{"t":"idOrVar","v":"value"}," سال قبل"],"many":[{"t":"idOrVar","v":"value"}," سال قبل"],"other":[{"t":"idOrVar","v":"value"}," سال قبل"]},"$x":[{"t":"idOrVar","v":"plural"},"value"]},{"$i":"minutes-until-long","$v":{"zero":"ابھی","one":"ایک منٹ میں","two":[{"t":"idOrVar","v":"value"}," منٹوں میں"],"few":[{"t":"idOrVar","v":"value"}," منٹوں میں"],"many":[{"t":"idOrVar","v":"value"}," منٹوں میں"],"other":[{"t":"idOrVar","v":"value"}," منٹوں میں"]},"$x":[{"t":"idOrVar","v":"plural"},"value"]},{"$i":"hours-until-long","$v":{"zero":"ابھی","one":"ایک گھٹے میں","two":[{"t":"idOrVar","v":"value"}," گھنٹوں میں"],"few":[{"t":"idOrVar","v":"value"}," گھنٹوں میں"],"many":[{"t":"idOrVar","v":"value"}," گھنٹوں میں"],"other":[{"t":"idOrVar","v":"value"}," گھنٹوں میں"]},"$x":[{"t":"idOrVar","v":"plural"},"value"]},{"$i":"days-until-long","$v":{"zero":"آج","one":"tomorrow","two":[{"t":"idOrVar","v":"value"}," دنوں میں"],"few":[{"t":"idOrVar","v":"value"}," دنوں میں"],"many":[{"t":"idOrVar","v":"value"}," دنوں میں"],"other":[{"t":"idOrVar","v":"value"}," دنوں میں"]},"$x":[{"t":"idOrVar","v":"plural"},"value"]},{"$i":"weeks-until-long","$v":{"zero":"اس ہفتہ","one":"اگلے ہفتے","two":[{"t":"idOrVar","v":"value"}," ہفتوں میں"],"few":[{"t":"idOrVar","v":"value"}," ہفتوں میں"],"many":[{"t":"idOrVar","v":"value"}," ہفتوں میں"],"other":[{"t":"idOrVar","v":"value"}," ہفتوں میں"]},"$x":[{"t":"idOrVar","v":"plural"},"value"]},{"$i":"months-until-long","$v":{"zero":"اس ماہ","one":"اگلے ماہ","two":[{"t":"idOrVar","v":"value"}," مہینوں میں"],"few":[{"t":"idOrVar","v":"value"}," مہینوں میں"],"many":[{"t":"idOrVar","v":"value"}," مہینوں میں"],"other":[{"t":"idOrVar","v":"value"}," مہینوں میں"]},"$x":[{"t":"idOrVar","v":"plural"},"value"]},{"$i":"years-until-long","$v":{"zero":"اس سال","one":"اگلے سال","two":[{"t":"idOrVar","v":"value"}," سالوں میں"],"few":[{"t":"idOrVar","v":"value"}," سالوں میں"],"many":[{"t":"idOrVar","v":"value"}," سالوں میں"],"other":[{"t":"idOrVar","v":"value"}," سالوں میں"]},"$x":[{"t":"idOrVar","v":"plural"},"value"]},{"$i":"minutes-ago-short","$v":{"zero":"ابھی ابھی","other":[{"t":"idOrVar","v":"value"}," منٹ قبل"]},"$x":[{"t":"idOrVar","v":"plural"},"value"]},{"$i":"hours-ago-short","$v":{"zero":"ابھی ابھی","other":[{"t":"idOrVar","v":"value"}," گھنٹہ قبل"]},"$x":[{"t":"idOrVar","v":"plural"},"value"]},{"$i":"days-ago-short","$v":{"zero":"آج","other":[{"t":"idOrVar","v":"value"}," دن قبل"]},"$x":[{"t":"idOrVar","v":"plural"},"value"]},{"$i":"minutes-until-short","$v":{"zero":"ابھی","other":[{"t":"idOrVar","v":"value"}," منٹ میں"]},"$x":[{"t":"idOrVar","v":"plural"},"value"]},{"$i":"hours-until-short","$v":{"zero":"ابھی","other":[{"t":"idOrVar","v":"value"}," گھنٹے میں"]},"$x":[{"t":"idOrVar","v":"plural"},"value"]},{"$i":"days-until-short","$v":{"zero":"آج","other":[{"t":"idOrVar","v":"value"}," دن میں"]},"$x":[{"t":"idOrVar","v":"plural"},"value"]},{"$i":"incorrectDate","$v":"(غلط تاریخ)"},{"$i":"dateTimeFormat_%c","$v":"%a %b %e %Y %I:%M:%S %p"},{"$i":"dateTimeFormat_%x","$v":"%m/%d/%Y"},{"$i":"dateTimeFormat_%X","$v":"%I:%M:%S %p"},{"$i":"shortTimeFormat","$v":"%I:%M %p"},{"$i":"shortTimeFormat12","$v":"%I:%M %p"},{"$i":"shortTimeFormat24","$v":"%H:%M"},{"$i":"shortDateTimeFormat","$v":"%x %I:%M %p"},{"$i":"weekStartsOnMonday","$v":"0"},{"$i":"firstDayOfTheWeek","$v":"0"},{"$i":"time_am","$v":"AM"},{"$i":"time_pm","$v":"PM"},{"$i":"softkey-options","$v":"اختیارات"}]