[{"$i":"nospace2-title","$v":"মেম’ৰী কাৰ্ডত পৰ্য্যাপ্ত স্থান নাই"},{"$i":"nospace2-text","$v":"ইণ্টাৰ্নেল ষ্টোৰেজ পূৰ্ণ হৈছে ৷ অনুগ্ৰহ কৰি কিছু ফটো বিলোপ কৰক বা এখন মেম’ৰী কাৰ্ড ভৰাওক ।"},{"$i":"confirmation","$v":"নিশ্চিতিকৰণ"},{"$i":"error-saving-title","$v":"চিত্ৰ চেভ হোৱা নাই"},{"$i":"error-saving-text","$v":"এটা ত্ৰুটিয়ে কেমেৰাটোক চিত্ৰখন চেভ কৰাত প্ৰতিবন্ধকতা আৰোপ কৰিছে।"},{"$i":"error-recording-title","$v":"ভিডিঅ’ ৰেকৰ্ড হোৱা নাই"},{"$i":"error-recording-text","$v":"এটা ত্ৰুটিয়ে কেমেৰাটোক ভিডিঅ’ ৰেকৰ্ড কৰাত প্ৰতিবন্ধকতা আৰোপ কৰিছে।"},{"$i":"error-video-file-path-title","$v":"ভিডিঅ’ ৰেকৰ্ড হোৱা নাই"},{"$i":"error-video-file-path-text","$v":"ভিডিঅ’ ফাইল পথ সৃষ্টি কৰাত ত্ৰুটি ।"},{"$i":"nocard2-title","$v":"কোনো মেম’ৰী কাৰ্ড পোৱা নাই"},{"$i":"nocard3-text","$v":"মেম’ৰী কাৰ্ড পোৱা নাই ৷ অনুগ্ৰহ কৰি চিত্ৰসমূহ ল’বলৈ এখন মেম’ৰী কাৰ্ড ভৰাওক ৷"},{"$i":"pluggedin2-title","$v":"ফোন প্লাগত  থকা অৱস্থাত কেমেৰা ব্যৱহাৰ কৰিব পৰা নাযাব"},{"$i":"pluggedin2-text","$v":"ষ্টোৰেজ বৰ্তমান ব্যৱহাৰ হৈ আছে ৷ অনুগ্ৰহ কৰি চিত্ৰ ল’বলৈ ফোনটো আনপ্লাগ কৰক ৷"},{"$i":"storage-size-limit-reached","$v":"আপোনাৰ মিডিয়া ষ্টোৰেজৰ স্থান কমিছে ৷"},{"$i":"activity-size-limit-reached","$v":"আপুনি এইটো এটাচ্মেণ্টৰ বাবে সৰ্বাধিক ফাইলৰ আকাৰত উপনীত হৈছে ৷"},{"$i":"camera","$v":"কেমেৰা"},{"$i":"retake-button","$v":"পুনঃগ্ৰহণ কৰক"},{"$i":"select-button","$v":"বাছনি কৰক"},{"$i":"close-button","$v":"বন্ধ কৰক"},{"$i":"delete-photo?","$v":"ফটো বিলোপ কৰিব?"},{"$i":"delete-video?","$v":"ভিডিঅ’ বিলোপ কৰিব?"},{"$i":"cancel","$v":"বাতিল কৰক"},{"$i":"delete","$v":"বিলোপ কৰক"},{"$i":"mp","$v":"MP"},{"$i":"camera-resolution","$v":"কেমেৰা ৰিজ’লুচন"},{"$i":"camera-resolution-header","$v":[{"t":"idOrVar","v":"camera-resolution"}]},{"$i":"video-resolution","$v":"ভিডিঅ’ ৰিজ’লুচন"},{"$i":"video-resolution-header","$v":[{"t":"idOrVar","v":"video-resolution"}]},{"$i":"scene-mode","$v":"দৃশ্য মোড"},{"$i":"scene-mode-header","$v":[{"t":"idOrVar","v":"scene-mode"}]},{"$i":"self-timer","$v":"চেল্ফ-টাইমাৰ"},{"$i":"self-timer-header","$v":[{"t":"idOrVar","v":"self-timer"}]},{"$i":"self-timer-off","$v":"অফ"},{"$i":"self-timer-3-seconds","$v":"3 ছেকেণ্ড"},{"$i":"self-timer-5-seconds","$v":"5 ছেকেণ্ড"},{"$i":"self-timer-10-seconds","$v":"10 ছেকেণ্ড"},{"$i":"battery-shutdown-title","$v":"কম বেটাৰী"},{"$i":"battery-shutdown-text","$v":"কেমেৰা ব্যৱহাৰ কৰিবলৈ বেটাৰী স্তৰ যথেষ্ট কম হৈছে ৷"},{"$i":"battery-critical-text","$v":"সাংঘাটিকভাৱে কম বেটাৰী"},{"$i":"battery-verylow-text","$v":"10% বেটাৰী বাকী আছে"},{"$i":"battery-low-text","$v":"15% বেটাৰী বাকী আছে"},{"$i":"camera-unavailable-title","$v":"কেমেৰা অনুপলব্ধ"},{"$i":"camera-unavailable-text","$v":"কেমেৰা অন্য এপৰ দ্বাৰা ব্যৱহাৰ কৰা হৈছে।"},{"$i":"hdr","$v":"HDR"},{"$i":"hdr-header","$v":[{"t":"idOrVar","v":"hdr"}]},{"$i":"hdr-on","$v":"অন"},{"$i":"hdr-off","$v":"অফ"},{"$i":"hdr-deactivated","$v":"(HDR নিষ্ক্ৰিয় হৈছে)"},{"$i":"grid","$v":"গ্ৰিড লাইনবোৰ"},{"$i":"grid-header","$v":[{"t":"idOrVar","v":"grid"}]},{"$i":"grid-on","$v":"অন"},{"$i":"grid-off","$v":"অফ"},{"$i":"flash","$v":"ফ্লাশ্ব"},{"$i":"flash-on","$v":"অন"},{"$i":"flash-off","$v":"অফ"},{"$i":"flash-auto","$v":"স্বতঃ"},{"$i":"flash-deactivated","$v":"(ফ্লাশ্ব নিষ্ক্ৰিয় হৈছে)"},{"$i":"Photo-Mode","$v":"ফটো মোড"},{"$i":"Video-Mode","$v":"ভিডিঅ’ মোড"},{"$i":"options","$v":"বিকল্পসমূহ"},{"$i":"open-gallery","$v":"গেলাৰী খোলক"},{"$i":"preview","$v":"প্ৰিভিউ কৰক"},{"$i":"tcl-flash","$v":"ফ্লাশ্ব"},{"$i":"tcl-hdr","$v":"HDR"},{"$i":"tcl-grid","$v":"গ্ৰিড"},{"$i":"tcl-timer","$v":"চেল্ফ টাইমাৰ"},{"$i":"tcl-timer-option","$v":{"zero":[{"t":"idOrVar","v":"n"}," ছেকেণ্ড"],"one":[{"t":"idOrVar","v":"n"}," ছেকেণ্ড"],"two":[{"t":"idOrVar","v":"n"}," ছেকেণ্ড"],"few":[{"t":"idOrVar","v":"n"}," ছেকেণ্ড"],"many":[{"t":"idOrVar","v":"n"}," ছেকেণ্ড"],"other":[{"t":"idOrVar","v":"n"}," ছেকেণ্ড"]},"$x":[{"t":"idOrVar","v":"plural"},"n"]},{"$i":"tcl-gallery","$v":"গেলাৰী"},{"$i":"tcl-gallery-option","$v":"গেলাৰী এপ্লিকেশ্বনলৈ যাওক"},{"$i":"tcl-videos","$v":"ভিডিঅ’"},{"$i":"tcl-videos-option","$v":"ভিডিঅ’ এপ্লিকেশ্বনলৈ যাওক"},{"$i":"tcl-on","$v":"অন"},{"$i":"tcl-off","$v":"অফ"},{"$i":"tcl-auto","$v":"স্বতঃ"},{"$i":"tcl-options","$v":"বিকল্পসমূহ"},{"$i":"tcl-camera-mode","$v":"ফটোলৈ চুইট্চ কৰক"},{"$i":"tcl-video-mode","$v":"ভিডিঅ’লৈ চুইট্চ কৰিলে"},{"$i":"tcl-turn-on","$v":"অন কৰা হৈছে ৷"},{"$i":"tcl-turn-off","$v":"অফ কৰা হৈছে ৷"},{"$i":"tcl-activity-cancel","$v":"বাতিল কৰক"},{"$i":"tcl-activity-retake","$v":"পুনঃগ্ৰহণ কৰক"},{"$i":"activity-done","$v":"কৰা হল"},{"$i":"tcl-activity-save","$v":"ছেভ কৰক"},{"$i":"tcl-video-saved","$v":"ভিডিঅ’ চেভ কৰা হ’ল"},{"$i":"turn-on","$v":"অন কৰা হৈছে ৷"},{"$i":"turn-off","$v":"অফ কৰা হৈছে ৷"},{"$i":"switch-modes","$v":"মোডবোৰ"},{"$i":"photo-mode","$v":"ফটো মোড"},{"$i":"video-mode","$v":"ভিডিঅ’ মোড"},{"$i":"switch-resolution","$v":"ৰিজ’লুচন"},{"$i":"low-resolution","$v":"কম"},{"$i":"medium-resolution","$v":"মধ্যম"},{"$i":"high-resolution","$v":"উচ্চ"},{"$i":"set-resolution-to","$v":"ইয়ালৈ ৰিজ’লুচন ছেট কৰক"},{"$i":"pause","$v":"ৰখক"},{"$i":"close-menu-button","ariaLabel":"মেন্যু বন্ধ কৰক"},{"$i":"back-button","ariaLabel":"পিছলৈ যাওক"},{"$i":"setting-option","ariaLabel":[{"t":"idOrVar","v":"value"}]},{"$i":"setting-option-hdr","ariaLabel":["HDR ",{"t":"idOrVar","v":"value"}]},{"$i":"setting-option-self-timer","ariaLabel":["চেল্ফ-টাইমাৰ ",{"t":"idOrVar","v":"value"}]},{"$i":"setting-option-grid","ariaLabel":["গ্ৰিড লাইনবোৰ ",{"t":"idOrVar","v":"value"}]},{"$i":"setting-option-scene-mode","ariaLabel":["দৃশ্য মোড ",{"t":"idOrVar","v":"value"}]},{"$i":"setting-option-camera-resolution","ariaLabel":["কেমেৰা ৰিজ’লুচন ",{"t":"idOrVar","v":"value"}]},{"$i":"setting-option-video-resolution","ariaLabel":["ভিডিঅ’ ৰিজ’লুচন ",{"t":"idOrVar","v":"value"}]},{"$i":"flash-on-button","ariaLabel":"ফ্লাশ্ব অন"},{"$i":"flash-off-button","ariaLabel":"ফ্লাশ্ব অফ"},{"$i":"flash-auto-button","ariaLabel":"ফ্লাশ্ব স্বতঃ"},{"$i":"switch-camera","$v":"কেমেৰা বাচনি"},{"$i":"toggle-camera-rear-button","$v":"পিছফালৰ কেমেৰা"},{"$i":"toggle-camera-front-button","$v":"সম্মুখৰ কেমেৰা"},{"$i":"menu-button","ariaLabel":"মেন্যু"},{"$i":"preview-button","ariaLabel":"প্ৰিভিউ কৰক"},{"$i":"controls-button-close","ariaLabel":"বন্ধ কৰক"},{"$i":"share-button","ariaLabel":"শ্বেয়াৰ কৰক"},{"$i":"more-button","ariaLabel":"অধিক"},{"$i":"media-frame","ariaLabel":[{"t":"idOrVar","v":"total"},"ৰ ",{"t":"idOrVar","v":"current"}," ফ্ৰেম"],"ariaMozHint":"পিছৰটোলৈ যাবলৈ 2 টা আঙুলিৰে বাঁওফালে ছোৱাইপ কৰক, বা আগৰটোলৈ যাবলৈ সোঁফালে ছোৱাইপ কৰক"},{"$i":"tcl-zoom","$v":"জুম কৰক"},{"$i":"tcl-zoom-in","$v":"জুম ইন কৰক"},{"$i":"tcl-zoom-out","$v":"জুম আউট কৰক"},{"$i":"tcl-share","$v":"শ্বেয়াৰ কৰক"},{"$i":"set-as-wallpaper","$v":"ৱালপেপাৰ হিচাপে ছেট কৰক"},{"$i":"set","$v":"ছেট কৰক"},{"$i":"wallpaper-set","$v":"ৱালপেপাৰ ছেট হৈছে ৷"},{"$i":"tcl-photo-deleted","$v":"ফটো বিলোপ কৰা হ’ল"},{"$i":"tcl-ok","$v":"ঠিক আছে"},{"$i":"ftu-info","$v":"ফটো আৰু ভিডিঅ’ মোডৰ মাজত চুইট্চ কৰিবলৈ বাঁও আৰু সোঁ কী টিপক ৷"},{"$i":"tcl-full-screen","$v":"ফুল স্ক্ৰীন"},{"$i":"tcl-video-deleted","$v":"ভিডিঅ’ বিলোপ কৰা হৈছে"},{"$i":"tcl-preview","$v":"প্ৰিভিউ কৰক"},{"$i":"welcome","$v":"কেমেৰালৈ স্বাগতম"},{"$i":"ok","$v":"ঠিক আছে"},{"$i":"tcl-option","$v":"বিকল্পসমূহ"},{"$i":"tcl-camera","$v":"কেমেৰা"},{"$i":"tcl-alert-message","$v":"মেম’ৰী কাৰ্ড পূৰ্ণ হৈছে ৷ অনুগ্ৰহ কৰি কিছু ফটো বিলোপ কৰক বা বেলেগ এখন মেম’ৰী কাৰ্ড ভৰাওক ৷"},{"$i":"tcl-error-message","$v":"চিত্ৰ চেভ নাই । এটা ত্ৰুটিয়ে কেমেৰাক চিত্ৰ চেভ কৰাত বাধা দিছে"},{"$i":"tcl-error-file-message","$v":"ভিডিঅ’ ৰেকৰ্ড হোৱা নাই । ভিডিঅ’ ফাইল পথ সৃষ্টি কৰোতে ত্ৰুটি ৷"},{"$i":"weekday-0-long","$v":"দেওবাৰ"},{"$i":"weekday-1-long","$v":"সোমবাৰ"},{"$i":"weekday-2-long","$v":"মঙ্গলবাৰ"},{"$i":"weekday-3-long","$v":"বুধবাৰ"},{"$i":"weekday-4-long","$v":"বৃহস্পতিবাৰ"},{"$i":"weekday-5-long","$v":"শুক্ৰবাৰ"},{"$i":"weekday-6-long","$v":"শনিবাৰ"},{"$i":"weekday-0-short","$v":"দেও"},{"$i":"weekday-1-short","$v":"সোম"},{"$i":"weekday-2-short","$v":"মঙ্গল"},{"$i":"weekday-3-short","$v":"বুধ"},{"$i":"weekday-4-short","$v":"বৃহস্পতি"},{"$i":"weekday-5-short","$v":"শুক্ৰ"},{"$i":"weekday-6-short","$v":"শনি"},{"$i":"month-0-long","$v":"জানুৱাৰী"},{"$i":"month-1-long","$v":"ফেব্ৰুৱাৰী"},{"$i":"month-2-long","$v":"মাৰ্চ"},{"$i":"month-3-long","$v":"এপ্ৰিল"},{"$i":"month-4-long","$v":"মে"},{"$i":"month-5-long","$v":"জুন"},{"$i":"month-6-long","$v":"জুলাই"},{"$i":"month-7-long","$v":"আগষ্ট"},{"$i":"month-8-long","$v":"ছেপ্টেম্বৰ"},{"$i":"month-9-long","$v":"অক্টোবৰ"},{"$i":"month-10-long","$v":"নৱেম্বৰ"},{"$i":"month-11-long","$v":"ডিচেম্বৰ"},{"$i":"month-0-genitive","$v":"জানুৱাৰী"},{"$i":"month-1-genitive","$v":"ফেব্ৰুৱাৰী"},{"$i":"month-2-genitive","$v":"মাৰ্চ"},{"$i":"month-3-genitive","$v":"এপ্ৰিল"},{"$i":"month-4-genitive","$v":"মে"},{"$i":"month-5-genitive","$v":"জুন"},{"$i":"month-6-genitive","$v":"জুলাই"},{"$i":"month-7-genitive","$v":"আগষ্ট"},{"$i":"month-8-genitive","$v":"ছেপ্টেম্বৰ"},{"$i":"month-9-genitive","$v":"অক্টোবৰ"},{"$i":"month-10-genitive","$v":"নৱেম্বৰ"},{"$i":"month-11-genitive","$v":"ডিচেম্বৰ"},{"$i":"month-0-short","$v":"জানুৱাৰী"},{"$i":"month-1-short","$v":"ফেব্ৰুৱাৰী"},{"$i":"month-2-short","$v":"মাৰ্চ"},{"$i":"month-3-short","$v":"এপ্ৰিল"},{"$i":"month-4-short","$v":"মে"},{"$i":"month-5-short","$v":"জুন"},{"$i":"month-6-short","$v":"জুলাই"},{"$i":"month-7-short","$v":"আগষ্ট"},{"$i":"month-8-short","$v":"ছেপ্টেম্বৰ"},{"$i":"month-9-short","$v":"অক্টোবৰ"},{"$i":"month-10-short","$v":"নৱেম্বৰ"},{"$i":"month-11-short","$v":"ডিচেম্বৰ"},{"$i":"minutes-ago-long","$v":{"zero":"এইমাত্ৰ","one":"এক মিনিট আগতে","two":[{"t":"idOrVar","v":"value"}," মিনিট আগত"],"few":[{"t":"idOrVar","v":"value"}," মিনিট আগত"],"many":[{"t":"idOrVar","v":"value"}," মিনিট আগত"],"other":[{"t":"idOrVar","v":"value"}," মিনিট আগত"]},"$x":[{"t":"idOrVar","v":"plural"},"value"]},{"$i":"hours-ago-long","$v":{"zero":"এইমাত্ৰ","one":"এঘণ্টা আগতে","two":[{"t":"idOrVar","v":"value"}," ঘণ্টা আগত"],"few":[{"t":"idOrVar","v":"value"}," ঘণ্টা আগত"],"many":[{"t":"idOrVar","v":"value"}," ঘণ্টা আগত"],"other":[{"t":"idOrVar","v":"value"}," ঘণ্টা আগত"]},"$x":[{"t":"idOrVar","v":"plural"},"value"]},{"$i":"days-ago-long","$v":{"zero":"আজি","one":"যোৱাকালি","two":[{"t":"idOrVar","v":"value"}," দিন আগত"],"few":[{"t":"idOrVar","v":"value"}," দিন আগত"],"many":[{"t":"idOrVar","v":"value"}," দিন আগত"],"other":[{"t":"idOrVar","v":"value"}," দিন আগত"]},"$x":[{"t":"idOrVar","v":"plural"},"value"]},{"$i":"weeks-ago-long","$v":{"zero":"এইটো সপ্তাহ","one":"যোৱা সপ্তাহ","two":[{"t":"idOrVar","v":"value"}," সপ্তাহ আগত"],"few":[{"t":"idOrVar","v":"value"}," সপ্তাহ আগত"],"many":[{"t":"idOrVar","v":"value"}," সপ্তাহ আগত"],"other":[{"t":"idOrVar","v":"value"}," সপ্তাহ আগত"]},"$x":[{"t":"idOrVar","v":"plural"},"value"]},{"$i":"months-ago-long","$v":{"zero":"এইটো মাহ","one":"যোৱা মাহ","two":[{"t":"idOrVar","v":"value"}," মাহ আগত"],"few":[{"t":"idOrVar","v":"value"}," মাহ আগত"],"many":[{"t":"idOrVar","v":"value"}," মাহ আগত"],"other":[{"t":"idOrVar","v":"value"}," মাহ আগত"]},"$x":[{"t":"idOrVar","v":"plural"},"value"]},{"$i":"years-ago-long","$v":{"zero":"এইটো বছৰ","one":"যোৱা বছৰ","two":[{"t":"idOrVar","v":"value"}," বছৰ আগত"],"few":[{"t":"idOrVar","v":"value"}," বছৰ আগত"],"many":[{"t":"idOrVar","v":"value"}," বছৰ আগত"],"other":[{"t":"idOrVar","v":"value"}," বছৰ আগত"]},"$x":[{"t":"idOrVar","v":"plural"},"value"]},{"$i":"minutes-until-long","$v":{"zero":"এতিয়া","one":"এক মিনিটত","two":[{"t":"idOrVar","v":"value"}," মিনিটত"],"few":[{"t":"idOrVar","v":"value"}," মিনিটত"],"many":[{"t":"idOrVar","v":"value"}," মিনিটত"],"other":[{"t":"idOrVar","v":"value"}," মিনিটত"]},"$x":[{"t":"idOrVar","v":"plural"},"value"]},{"$i":"hours-until-long","$v":{"zero":"এতিয়া","one":"এক ঘণ্টাত","two":[{"t":"idOrVar","v":"value"}," ঘণ্টাত"],"few":[{"t":"idOrVar","v":"value"}," ঘণ্টাত"],"many":[{"t":"idOrVar","v":"value"}," ঘণ্টাত"],"other":[{"t":"idOrVar","v":"value"}," ঘণ্টাত"]},"$x":[{"t":"idOrVar","v":"plural"},"value"]},{"$i":"days-until-long","$v":{"zero":"আজি","one":"অহাকলি","two":[{"t":"idOrVar","v":"value"}," দিনত"],"few":[{"t":"idOrVar","v":"value"}," দিনত"],"many":[{"t":"idOrVar","v":"value"}," দিনত"],"other":[{"t":"idOrVar","v":"value"}," দিনত"]},"$x":[{"t":"idOrVar","v":"plural"},"value"]},{"$i":"weeks-until-long","$v":{"zero":"এইটো সপ্তাহ","one":"পৰৱৰ্তী সপ্তাহ","two":[{"t":"idOrVar","v":"value"}," সপ্তাহত"],"few":[{"t":"idOrVar","v":"value"}," সপ্তাহত"],"many":[{"t":"idOrVar","v":"value"}," সপ্তাহত"],"other":[{"t":"idOrVar","v":"value"}," সপ্তাহত"]},"$x":[{"t":"idOrVar","v":"plural"},"value"]},{"$i":"months-until-long","$v":{"zero":"এইটো মাহ","one":"পৰৱৰ্তী মাহ","two":[{"t":"idOrVar","v":"value"}," মাহত"],"few":[{"t":"idOrVar","v":"value"}," মাহত"],"many":[{"t":"idOrVar","v":"value"}," মাহত"],"other":[{"t":"idOrVar","v":"value"}," মাহত"]},"$x":[{"t":"idOrVar","v":"plural"},"value"]},{"$i":"years-until-long","$v":{"zero":"এইটো বছৰ","one":"পৰৱৰ্তী বছৰ","two":[{"t":"idOrVar","v":"value"}," বছৰত"],"few":[{"t":"idOrVar","v":"value"}," বছৰত"],"many":[{"t":"idOrVar","v":"value"}," বছৰত"],"other":[{"t":"idOrVar","v":"value"}," বছৰত"]},"$x":[{"t":"idOrVar","v":"plural"},"value"]},{"$i":"minutes-ago-short","$v":{"zero":"এইমাত্ৰ","other":[{"t":"idOrVar","v":"value"}," মিনিট আগত"]},"$x":[{"t":"idOrVar","v":"plural"},"value"]},{"$i":"hours-ago-short","$v":{"zero":"এইমাত্ৰ","other":[{"t":"idOrVar","v":"value"}," ঘণ্টা আগত"]},"$x":[{"t":"idOrVar","v":"plural"},"value"]},{"$i":"days-ago-short","$v":{"zero":"আজি","other":[{"t":"idOrVar","v":"value"}," দিন আগত"]},"$x":[{"t":"idOrVar","v":"plural"},"value"]},{"$i":"minutes-until-short","$v":{"zero":"এতিয়া","other":[{"t":"idOrVar","v":"value"}," মিনিটত"]},"$x":[{"t":"idOrVar","v":"plural"},"value"]},{"$i":"hours-until-short","$v":{"zero":"এতিয়া","other":[{"t":"idOrVar","v":"value"}," ঘণ্টাত"]},"$x":[{"t":"idOrVar","v":"plural"},"value"]},{"$i":"days-until-short","$v":{"zero":"আজি","other":[{"t":"idOrVar","v":"value"}," দিনত"]},"$x":[{"t":"idOrVar","v":"plural"},"value"]},{"$i":"incorrectDate","$v":"(অশুদ্ধ তাৰিখ)"},{"$i":"dateTimeFormat_%c","$v":"%a %b %e %Y %I:%M:%S %p"},{"$i":"dateTimeFormat_%x","$v":"%m/%d/%Y"},{"$i":"dateTimeFormat_%X","$v":"%I:%M:%S %p"},{"$i":"shortTimeFormat","$v":"%I:%M %p"},{"$i":"shortTimeFormat12","$v":"%I:%M %p"},{"$i":"shortTimeFormat24","$v":"%H:%M"},{"$i":"shortDateTimeFormat","$v":"%x %I:%M %p"},{"$i":"weekStartsOnMonday","$v":"0"},{"$i":"firstDayOfTheWeek","$v":"0"},{"$i":"time_am","$v":"AM"},{"$i":"time_pm","$v":"PM"},{"$i":"imageDescription","$v":[{"t":"idOrVar","v":"orientation"},"চিত্ৰ, %I:%M %p, %B %e, %Y"]},{"$i":"imageDescriptionNoTimestamp","$v":[{"t":"idOrVar","v":"orientation"}," চিত্ৰ"]},{"$i":"videoDescription","$v":[{"t":"idOrVar","v":"orientation"}," ভিডিঅ’, %I:%M %p, %B %e, %Y"]},{"$i":"videoDescriptionNoTimestamp","$v":[{"t":"idOrVar","v":"orientation"}," ভিডিঅ’"]},{"$i":"orientationPortrait","$v":"প’ৰ্ট্ৰেইট"},{"$i":"orientationLandscape","$v":"লেণ্ডস্কেপ"},{"$i":"playbackPlay","ariaLabel":"বজাওঁক"},{"$i":"playbackPause","ariaLabel":"ৰখক"},{"$i":"playbackNext","ariaLabel":"পৰৱৰ্তী"},{"$i":"playbackPrevious","ariaLabel":"আগৰ"},{"$i":"playbackFullscreen","ariaLabel":"ফুলস্ক্ৰীন"},{"$i":"playbackSeekBar","ariaLabel":["ছিক বাৰ, অৱধি ",{"t":"idOrVar","v":"duration"}]}]