[{"$i":"nospace2-title","$v":"মেমোরি কার্ডে পর্যাপ্ত স্থান নেই"},{"$i":"nospace2-text","$v":"ইন্টারনাল মেমোরি পূর্ণ হয়ে গেছে। অনুগ্রহ করে কিছু ফটো মুছুন বা একটি মেমোরি কার্ড ঢোকান ।"},{"$i":"confirmation","$v":"নিশ্চিতকরণ"},{"$i":"error-saving-title","$v":"ছবি সেভ করা হয় নি"},{"$i":"error-saving-text","$v":"একটি ত্রুটি ছবিটি সেভ করা থেকে ক্যামেরাটিকে বাধা দিচ্ছে ।"},{"$i":"error-recording-title","$v":"ভিডিও রেকর্ড করা হয়নি"},{"$i":"error-recording-text","$v":"একটি ত্রুটি ভিডিওটি রেকর্ড করা থেকে ক্যামেরাটিকে বাধা দিচ্ছে ।"},{"$i":"error-video-file-path-title","$v":"ভিডিও রেকর্ড করা হয়নি"},{"$i":"error-video-file-path-text","$v":"ভিডিও ফাইল পাথ তৈরিতে ত্রুটি ।"},{"$i":"nocard2-title","$v":"কোনো মেমোরি কার্ড খুঁজে পাওয়া যায় নি"},{"$i":"nocard3-text","$v":"মেমোরি কার্ড খুজে পাওয়া যায় নি। ছবি তুলতে অনুগ্রহ করে একটি মেমোরি কার্ড ঢোকান ।"},{"$i":"pluggedin2-title","$v":"ফোন প্লাগে লাগানো থাকার সময় ক্যামেরা ব্যবহার করা যাবে না"},{"$i":"pluggedin2-text","$v":"বর্তমানে স্টোরেজ ব্যবহার হচ্ছে। ছবিগুলি তুলতে অনুগ্রহ করে ফোনটি প্লাগ থেকে খুলুন।"},{"$i":"storage-size-limit-reached","$v":"আপনার মিডিয়া স্টোরেজের জায়গা শেষ হয়ে গেছে ।"},{"$i":"activity-size-limit-reached","$v":"আপনি এই সংযুক্তির সর্বোচ্চ ফাইল আকারে পৌঁছে গেছেন ।"},{"$i":"camera","$v":"ক্যামেরা"},{"$i":"retake-button","$v":"পুনঃগ্রহণ করুন"},{"$i":"select-button","$v":"নির্বাচন করুন"},{"$i":"close-button","$v":"বন্ধ করুন"},{"$i":"delete-photo?","$v":"ফটো মুছুন ?"},{"$i":"delete-video?","$v":"ভিডিও মুছুন ?"},{"$i":"cancel","$v":"বাতিল করুন"},{"$i":"delete","$v":"মুছুন"},{"$i":"mp","$v":"MP"},{"$i":"camera-resolution","$v":"ক্যামেরার রিজোলিউশন"},{"$i":"camera-resolution-header","$v":[{"t":"idOrVar","v":"camera-resolution"}]},{"$i":"video-resolution","$v":"ভিডিও রেজোলিউশন"},{"$i":"video-resolution-header","$v":[{"t":"idOrVar","v":"video-resolution"}]},{"$i":"scene-mode","$v":"সিন মোড"},{"$i":"scene-mode-header","$v":[{"t":"idOrVar","v":"scene-mode"}]},{"$i":"self-timer","$v":"সেল্ফ-টাইমার"},{"$i":"self-timer-header","$v":[{"t":"idOrVar","v":"self-timer"}]},{"$i":"self-timer-off","$v":"অফ"},{"$i":"self-timer-3-seconds","$v":"3 সেকেন্ড"},{"$i":"self-timer-5-seconds","$v":"5 সেকেন্ড"},{"$i":"self-timer-10-seconds","$v":"10 সেকেন্ড"},{"$i":"battery-shutdown-title","$v":"ব্যাটারি কম"},{"$i":"battery-shutdown-text","$v":"ক্যামেরা ব্যবহারের পক্ষে ব্যাটারির স্তর খুবই কম ।"},{"$i":"battery-critical-text","$v":"অত্যন্ত কম ব্যাটারি"},{"$i":"battery-verylow-text","$v":"10% ব্যাটারি অবশিষ্ট আছে"},{"$i":"battery-low-text","$v":"15% ব্যাটারি অবশিষ্ট আছে"},{"$i":"camera-unavailable-title","$v":"ক্যামেরা উপলব্ধ নয়"},{"$i":"camera-unavailable-text","$v":"ক্যামেরাটি অন্য একটি অ্যাপ দ্বারা ব্যবহৃত হচ্ছে ।"},{"$i":"hdr","$v":"HDR"},{"$i":"hdr-header","$v":[{"t":"idOrVar","v":"hdr"}]},{"$i":"hdr-on","$v":"অন"},{"$i":"hdr-off","$v":"অফ"},{"$i":"hdr-deactivated","$v":"(HDR নিষ্ক্রিয় করা হয়েছে)"},{"$i":"grid","$v":"গ্রিড লাইন্স"},{"$i":"grid-header","$v":[{"t":"idOrVar","v":"grid"}]},{"$i":"grid-on","$v":"অন"},{"$i":"grid-off","$v":"অফ"},{"$i":"flash","$v":"ফ্ল্যাশ"},{"$i":"flash-on","$v":"অন"},{"$i":"flash-off","$v":"অফ"},{"$i":"flash-auto","$v":"স্বতঃ"},{"$i":"flash-deactivated","$v":"(ফ্ল্যাশ নিষ্ক্রিয় করা হয়েছে)"},{"$i":"Photo-Mode","$v":"ফটো মোড"},{"$i":"Video-Mode","$v":"ভিডিও মোড"},{"$i":"options","$v":"বিকল্পগুলি"},{"$i":"open-gallery","$v":"গ্যালারি খুলুন"},{"$i":"preview","$v":"প্রিভিউ"},{"$i":"tcl-flash","$v":"ফ্ল্যাশ"},{"$i":"tcl-hdr","$v":"HDR"},{"$i":"tcl-grid","$v":"গ্রিড"},{"$i":"tcl-timer","$v":"সেল্ফ টাইমার"},{"$i":"tcl-timer-option","$v":{"zero":[{"t":"idOrVar","v":"n"}," সেকেন্ড"],"one":[{"t":"idOrVar","v":"n"}," সেকেন্ড"],"two":[{"t":"idOrVar","v":"n"}," সেকেন্ড"],"few":[{"t":"idOrVar","v":"n"}," সেকেন্ড"],"many":[{"t":"idOrVar","v":"n"}," সেকেন্ড"],"other":[{"t":"idOrVar","v":"n"}," সেকেন্ড"]},"$x":[{"t":"idOrVar","v":"plural"},"n"]},{"$i":"tcl-gallery","$v":"গ্যালারি"},{"$i":"tcl-gallery-option","$v":"গ্যালারি অ্যাপ্লিকেশনে যান"},{"$i":"tcl-videos","$v":"ভিডিও"},{"$i":"tcl-videos-option","$v":"ভিডিও অ্যাপ্লিকেশনে যান"},{"$i":"tcl-on","$v":"অন"},{"$i":"tcl-off","$v":"অফ"},{"$i":"tcl-auto","$v":"স্বতঃ"},{"$i":"tcl-options","$v":"বিকল্পগুলি"},{"$i":"tcl-camera-mode","$v":"ফটোতে সুইচ করেছে"},{"$i":"tcl-video-mode","$v":"ভিডিওতে সুইচ করেছে"},{"$i":"tcl-turn-on","$v":"অন করা হয়েছে ।"},{"$i":"tcl-turn-off","$v":"অফ করা হয়েছে ।"},{"$i":"tcl-activity-cancel","$v":"বাতিল করুন"},{"$i":"tcl-activity-retake","$v":"পুনঃগ্রহণ করুন"},{"$i":"activity-done","$v":"সম্পন্ন"},{"$i":"tcl-activity-save","$v":"সেভ করুন"},{"$i":"tcl-video-saved","$v":"ভিডিও সেভ করা হয়েছে"},{"$i":"turn-on","$v":"অন করা হয়েছে ।"},{"$i":"turn-off","$v":"অফ করা হয়েছে ।"},{"$i":"switch-modes","$v":"মোড"},{"$i":"photo-mode","$v":"ফটো মোড"},{"$i":"video-mode","$v":"ভিডিও মোড"},{"$i":"switch-resolution","$v":"রিজোলিউশন"},{"$i":"low-resolution","$v":"নিম্ন"},{"$i":"medium-resolution","$v":"মাঝারি"},{"$i":"high-resolution","$v":"উচ্চ"},{"$i":"set-resolution-to","$v":"রিজোলিউশন সেট করা হয়েছে"},{"$i":"pause","$v":"বিরাম দিন"},{"$i":"close-menu-button","ariaLabel":"মেনু বন্ধ করুন"},{"$i":"back-button","ariaLabel":"ফিরে যান"},{"$i":"setting-option","ariaLabel":[{"t":"idOrVar","v":"value"}]},{"$i":"setting-option-hdr","ariaLabel":["HDR ",{"t":"idOrVar","v":"value"}]},{"$i":"setting-option-self-timer","ariaLabel":["সেল্ফ-টাইমার ",{"t":"idOrVar","v":"value"}]},{"$i":"setting-option-grid","ariaLabel":["গ্রিড লাইন্স ",{"t":"idOrVar","v":"value"}]},{"$i":"setting-option-scene-mode","ariaLabel":["সিন মোড ",{"t":"idOrVar","v":"value"}]},{"$i":"setting-option-camera-resolution","ariaLabel":["ক্যামেরার রিজোলিউশন ",{"t":"idOrVar","v":"value"}]},{"$i":"setting-option-video-resolution","ariaLabel":["ভিডিও রেজোলিউশন ",{"t":"idOrVar","v":"value"}]},{"$i":"flash-on-button","ariaLabel":"ফ্ল্যাশ অন"},{"$i":"flash-off-button","ariaLabel":"ফ্ল্যাশ অফ"},{"$i":"flash-auto-button","ariaLabel":"ফ্ল্যাশ স্বয়ং"},{"$i":"switch-camera","$v":"ক্যামেরা নির্বাচন"},{"$i":"toggle-camera-rear-button","$v":"পিছনের ক্যামেরা"},{"$i":"toggle-camera-front-button","$v":"সামনের ক্যামেরা"},{"$i":"menu-button","ariaLabel":"মেন্যু"},{"$i":"preview-button","ariaLabel":"প্রিভিউ"},{"$i":"controls-button-close","ariaLabel":"বন্ধ করুন"},{"$i":"share-button","ariaLabel":"শেয়ার করুন"},{"$i":"more-button","ariaLabel":"অধিক"},{"$i":"media-frame","ariaLabel":[{"t":"idOrVar","v":"total"},"-এর ",{"t":"idOrVar","v":"current"},"ফ্রেম"],"ariaMozHint":"পরেরটাতে যেতে 2টি আঙুল দিয়ে বাদিকে সোয়াইপ করুন, বা আগেরটাতে যেতে ডানদিকে সোয়াইপ করুন I"},{"$i":"tcl-zoom","$v":"জুম করুন"},{"$i":"tcl-zoom-in","$v":"জুম ইন"},{"$i":"tcl-zoom-out","$v":"জুম আউট"},{"$i":"tcl-share","$v":"শেয়ার করুন"},{"$i":"set-as-wallpaper","$v":"ওয়ালপেপার হিসাবে সেট করুন"},{"$i":"set","$v":"সেট করুন"},{"$i":"wallpaper-set","$v":"ওয়ালপেপার সেট করা হয়েছে ।"},{"$i":"tcl-photo-deleted","$v":"ফটো মোছা হয়েছে"},{"$i":"tcl-ok","$v":"ঠিক আছে"},{"$i":"ftu-info","$v":"ফটো এবং ভিডিও মো্ডের মধ্যে সুইচ করতে বাদিকের এবং ডানদিকের কী টিপুন ।"},{"$i":"tcl-full-screen","$v":"ফূলস্ক্রীন"},{"$i":"tcl-video-deleted","$v":"ভিডিও মোছা হয়েছে"},{"$i":"tcl-preview","$v":"প্রিভিউ"},{"$i":"welcome","$v":"ক্যামেরাতে স্বাগতম"},{"$i":"ok","$v":"ঠিক আছে"},{"$i":"tcl-option","$v":"বিকল্পগুলি"},{"$i":"tcl-camera","$v":"ক্যামেরা"},{"$i":"tcl-alert-message","$v":"মেমোরি কার্ড পূর্ণ। অনুগ্রহ করে কিছু ফটো মুছুন বা অন্য একটি মেমোরি কার্ড ঢোকান ।"},{"$i":"tcl-error-message","$v":"ছবিটি সেভ করা হয়নি I একটি ত্রুটি ক্যামেরাকে ছবিটি সেভ করা থেকে প্রতিরোধ করেছে I"},{"$i":"tcl-error-file-message","$v":"ভিডিও রেকর্ড করা হয়নি I ভিডিও ফাইলের পাথ তৈরি করার সময় ত্রুটি I"},{"$i":"weekday-0-long","$v":"রবিবার"},{"$i":"weekday-1-long","$v":"সোমবার"},{"$i":"weekday-2-long","$v":"মঙ্গলবার"},{"$i":"weekday-3-long","$v":"বুধবার"},{"$i":"weekday-4-long","$v":"বৃহস্পতিবার"},{"$i":"weekday-5-long","$v":"শুক্রবার"},{"$i":"weekday-6-long","$v":"শনিবার"},{"$i":"weekday-0-short","$v":"রবি"},{"$i":"weekday-1-short","$v":"সোম"},{"$i":"weekday-2-short","$v":"মঙ্গল"},{"$i":"weekday-3-short","$v":"বুধ"},{"$i":"weekday-4-short","$v":"বৃহস্পতি"},{"$i":"weekday-5-short","$v":"শুক্র"},{"$i":"weekday-6-short","$v":"শনি"},{"$i":"month-0-long","$v":"জানুয়ারি"},{"$i":"month-1-long","$v":"ফেব্রুয়ারি"},{"$i":"month-2-long","$v":"মার্চ"},{"$i":"month-3-long","$v":"এপ্রিল"},{"$i":"month-4-long","$v":"মে"},{"$i":"month-5-long","$v":"জুন"},{"$i":"month-6-long","$v":"জুলাই"},{"$i":"month-7-long","$v":"আগস্ট"},{"$i":"month-8-long","$v":"সেপ্টেম্বর"},{"$i":"month-9-long","$v":"অক্টোবর"},{"$i":"month-10-long","$v":"নভেম্বর"},{"$i":"month-11-long","$v":"ডিসেম্বর"},{"$i":"month-0-genitive","$v":"জানুয়ারি"},{"$i":"month-1-genitive","$v":"ফেব্রুয়ারি"},{"$i":"month-2-genitive","$v":"মার্চ"},{"$i":"month-3-genitive","$v":"এপ্রিল"},{"$i":"month-4-genitive","$v":"মে"},{"$i":"month-5-genitive","$v":"জুন"},{"$i":"month-6-genitive","$v":"জুলাই"},{"$i":"month-7-genitive","$v":"আগস্ট"},{"$i":"month-8-genitive","$v":"সেপ্টেম্বর"},{"$i":"month-9-genitive","$v":"অক্টোবর"},{"$i":"month-10-genitive","$v":"নভেম্বর"},{"$i":"month-11-genitive","$v":"ডিসেম্বর"},{"$i":"month-0-short","$v":"জানুয়ারী"},{"$i":"month-1-short","$v":"ফেব্রুয়ারি"},{"$i":"month-2-short","$v":"মার্চ"},{"$i":"month-3-short","$v":"এপ্রিল"},{"$i":"month-4-short","$v":"মে"},{"$i":"month-5-short","$v":"জুন"},{"$i":"month-6-short","$v":"জুলাই"},{"$i":"month-7-short","$v":"আগস্ট"},{"$i":"month-8-short","$v":"সেপ্টেম্বর"},{"$i":"month-9-short","$v":"অক্টোবর"},{"$i":"month-10-short","$v":"নভেম্বর"},{"$i":"month-11-short","$v":"ডিসেম্বর"},{"$i":"minutes-ago-long","$v":{"zero":"এখনই","one":"এক মিনিট আগে","two":[{"t":"idOrVar","v":"value"}," মিনিট আগে"],"few":[{"t":"idOrVar","v":"value"}," মিনিট আগে"],"many":[{"t":"idOrVar","v":"value"}," মিনিট আগে"],"other":[{"t":"idOrVar","v":"value"}," মিনিট আগে"]},"$x":[{"t":"idOrVar","v":"plural"},"value"]},{"$i":"hours-ago-long","$v":{"zero":"এখনই","one":"এক ঘন্টা আগে","two":[{"t":"idOrVar","v":"value"}," ঘন্টা আগে"],"few":[{"t":"idOrVar","v":"value"}," ঘন্টা আগে"],"many":[{"t":"idOrVar","v":"value"}," ঘন্টা আগে"],"other":[{"t":"idOrVar","v":"value"}," ঘন্টা আগে"]},"$x":[{"t":"idOrVar","v":"plural"},"value"]},{"$i":"days-ago-long","$v":{"zero":"আজ","one":"গতকাল","two":[{"t":"idOrVar","v":"value"}," দিন আগে"],"few":[{"t":"idOrVar","v":"value"}," দিন আগে"],"many":[{"t":"idOrVar","v":"value"}," দিন আগে"],"other":[{"t":"idOrVar","v":"value"}," দিন আগে"]},"$x":[{"t":"idOrVar","v":"plural"},"value"]},{"$i":"weeks-ago-long","$v":{"zero":"এই সপ্তাহ","one":"গত সপ্তাহ","two":[{"t":"idOrVar","v":"value"}," সপ্তাহ আগে"],"few":[{"t":"idOrVar","v":"value"}," সপ্তাহ আগে"],"many":[{"t":"idOrVar","v":"value"}," সপ্তাহ আগে"],"other":[{"t":"idOrVar","v":"value"}," সপ্তাহ আগে"]},"$x":[{"t":"idOrVar","v":"plural"},"value"]},{"$i":"months-ago-long","$v":{"zero":"এই মাস","one":"গত মাস","two":[{"t":"idOrVar","v":"value"}," মাস আগে"],"few":[{"t":"idOrVar","v":"value"}," মাস আগে"],"many":[{"t":"idOrVar","v":"value"}," মাস আগে"],"other":[{"t":"idOrVar","v":"value"}," মাস আগে"]},"$x":[{"t":"idOrVar","v":"plural"},"value"]},{"$i":"years-ago-long","$v":{"zero":"এই বছর","one":"গত বছর","two":[{"t":"idOrVar","v":"value"}," বছর আগে"],"few":[{"t":"idOrVar","v":"value"}," বছর আগে"],"many":[{"t":"idOrVar","v":"value"}," বছর আগে"],"other":[{"t":"idOrVar","v":"value"}," বছর আগে"]},"$x":[{"t":"idOrVar","v":"plural"},"value"]},{"$i":"minutes-until-long","$v":{"zero":"এখন","one":"এক মিনিটে","two":[{"t":"idOrVar","v":"value"}," মিনিটে"],"few":[{"t":"idOrVar","v":"value"}," মিনিটে"],"many":[{"t":"idOrVar","v":"value"}," মিনিটে"],"other":[{"t":"idOrVar","v":"value"}," মিনিটে"]},"$x":[{"t":"idOrVar","v":"plural"},"value"]},{"$i":"hours-until-long","$v":{"zero":"এখন","one":"এক ঘন্টায়","two":[{"t":"idOrVar","v":"value"}," ঘন্টায়"],"few":[{"t":"idOrVar","v":"value"}," ঘন্টায়"],"many":[{"t":"idOrVar","v":"value"}," ঘন্টায়"],"other":[{"t":"idOrVar","v":"value"}," ঘন্টায়"]},"$x":[{"t":"idOrVar","v":"plural"},"value"]},{"$i":"days-until-long","$v":{"zero":"আজ","one":"আগামীকাল","two":[{"t":"idOrVar","v":"value"}," দিনে"],"few":[{"t":"idOrVar","v":"value"}," দিনে"],"many":[{"t":"idOrVar","v":"value"}," দিনে"],"other":[{"t":"idOrVar","v":"value"}," দিনে"]},"$x":[{"t":"idOrVar","v":"plural"},"value"]},{"$i":"weeks-until-long","$v":{"zero":"এই সপ্তাহ","one":"পরের সপ্তাহ","two":[{"t":"idOrVar","v":"value"}," সপ্তাহে"],"few":[{"t":"idOrVar","v":"value"}," সপ্তাহে"],"many":[{"t":"idOrVar","v":"value"}," সপ্তাহে"],"other":[{"t":"idOrVar","v":"value"}," সপ্তাহে"]},"$x":[{"t":"idOrVar","v":"plural"},"value"]},{"$i":"months-until-long","$v":{"zero":"এই মাস","one":"পরের মাস","two":[{"t":"idOrVar","v":"value"}," মাসে"],"few":[{"t":"idOrVar","v":"value"}," মাসে"],"many":[{"t":"idOrVar","v":"value"}," মাসে"],"other":[{"t":"idOrVar","v":"value"}," মাসে"]},"$x":[{"t":"idOrVar","v":"plural"},"value"]},{"$i":"years-until-long","$v":{"zero":"এই বছর","one":"পরের বছর","two":[{"t":"idOrVar","v":"value"}," বছরে"],"few":[{"t":"idOrVar","v":"value"}," বছরে"],"many":[{"t":"idOrVar","v":"value"}," বছরে"],"other":[{"t":"idOrVar","v":"value"}," বছরে"]},"$x":[{"t":"idOrVar","v":"plural"},"value"]},{"$i":"minutes-ago-short","$v":{"zero":"এখনই","other":[{"t":"idOrVar","v":"value"},"মিনিট আগে"]},"$x":[{"t":"idOrVar","v":"plural"},"value"]},{"$i":"hours-ago-short","$v":{"zero":"এখনই","other":[{"t":"idOrVar","v":"value"},"ঘন্টা আগে"]},"$x":[{"t":"idOrVar","v":"plural"},"value"]},{"$i":"days-ago-short","$v":{"zero":"আজ","other":[{"t":"idOrVar","v":"value"},"দিন আগে"]},"$x":[{"t":"idOrVar","v":"plural"},"value"]},{"$i":"minutes-until-short","$v":{"zero":"এখন","other":[{"t":"idOrVar","v":"value"},"মাসে"]},"$x":[{"t":"idOrVar","v":"plural"},"value"]},{"$i":"hours-until-short","$v":{"zero":"এখন","other":[{"t":"idOrVar","v":"value"},"ঘন্টায়"]},"$x":[{"t":"idOrVar","v":"plural"},"value"]},{"$i":"days-until-short","$v":{"zero":"আজ","other":[{"t":"idOrVar","v":"value"},"দিনে"]},"$x":[{"t":"idOrVar","v":"plural"},"value"]},{"$i":"incorrectDate","$v":"(ভুল তারিখ)"},{"$i":"dateTimeFormat_%c","$v":"%a %b %e %Y %I:%M:%S %p"},{"$i":"dateTimeFormat_%x","$v":"%m/%d/%Y"},{"$i":"dateTimeFormat_%X","$v":"%I:%M:%S %p"},{"$i":"shortTimeFormat","$v":"%I:%M %p"},{"$i":"shortTimeFormat12","$v":"%I:%M %p"},{"$i":"shortTimeFormat24","$v":"%H:%M"},{"$i":"shortDateTimeFormat","$v":"%x %I:%M %p"},{"$i":"weekStartsOnMonday","$v":"0"},{"$i":"firstDayOfTheWeek","$v":"0"},{"$i":"time_am","$v":"AM"},{"$i":"time_pm","$v":"PM"},{"$i":"imageDescription","$v":[{"t":"idOrVar","v":"orientation"}," ছবি, %I:%M %p, %B %e, %Y"]},{"$i":"imageDescriptionNoTimestamp","$v":[{"t":"idOrVar","v":"orientation"}," ছবি"]},{"$i":"videoDescription","$v":[{"t":"idOrVar","v":"orientation"}," ভিডিও, %I:%M %p, %B %e, %Y"]},{"$i":"videoDescriptionNoTimestamp","$v":[{"t":"idOrVar","v":"orientation"}," ভিডিও"]},{"$i":"orientationPortrait","$v":"পোর্ট্রেট"},{"$i":"orientationLandscape","$v":"ল্যান্ডস্কেপ"},{"$i":"playbackPlay","ariaLabel":"বাজান"},{"$i":"playbackPause","ariaLabel":"বিরাম দিন"},{"$i":"playbackNext","ariaLabel":"পরবর্তী"},{"$i":"playbackPrevious","ariaLabel":"পূর্ববর্তী"},{"$i":"playbackFullscreen","ariaLabel":"ফূলস্ক্রীন"},{"$i":"playbackSeekBar","ariaLabel":["বার খুঁজুন, সময় মেয়াদ ",{"t":"idOrVar","v":"duration"}]}]