[{"$i":"nospace2-title","$v":"मेमोरी कार्ड पर पूरी स्पेस नेईं ऐ"},{"$i":"nospace2-text","$v":"अंदरूनी स्टोरज भरोची दी ऐ। किरपा करियै किश फोटो डिलीट करो जां मेमोरी कार्ड पाओ।"},{"$i":"confirmation","$v":"पुश्टिकरण"},{"$i":"error-saving-title","$v":"तस्वीर नेईं सहेजी गेई"},{"$i":"error-saving-text","$v":"त्रुटि ने कैमरे गी तस्वीर सहेजने थमां रोकेआ।"},{"$i":"error-recording-title","$v":"वीडियो रिकार्ड नेईं ऐ"},{"$i":"error-recording-text","$v":"त्रुटि कन्नै वीडियो रिकार्ड करने थमां कैमरा रोकेआ गेआ।"},{"$i":"error-video-file-path-title","$v":"वीडियो रिकार्ड नेईं ऐ"},{"$i":"error-video-file-path-text","$v":"वीडियो फाइल पथ बनाने च त्रुटि।"},{"$i":"nocard2-title","$v":"कोई मेमोरी कार्ड नेईं मिलेआ"},{"$i":"nocard3-text","$v":"मेमोरी कार्ड नेईं मिलेआ। तस्वीरां लैने लेई किरपा करियै मेमोरी कार्ड पाओ।"},{"$i":"pluggedin2-title","$v":"फोन प्लग इन होने पर कैमरे दी बरतून नेईं कीती जाई सकदी"},{"$i":"pluggedin2-text","$v":"स्टोरज इसलै  बरतून च ऐ। किरपा करियै तस्वीरां लैने लेई फोन अनप्लग करो।"},{"$i":"storage-size-limit-reached","$v":"थुआढ़ी मीडिया स्टोरज खत्म होंदी जा करदी ऐ।"},{"$i":"activity-size-limit-reached","$v":"तुस इस अटैचमेंट लेई बद्धो-बद्ध फाइल साइज तगर पुज्जी गे ओ।"},{"$i":"camera","$v":"कैमरा"},{"$i":"retake-button","$v":"रीटेक"},{"$i":"select-button","$v":"चुनो"},{"$i":"close-button","$v":"बंद करो"},{"$i":"delete-photo?","$v":"फोटो डिलीट करो?"},{"$i":"delete-video?","$v":"वीडियो डिलीट करो?"},{"$i":"cancel","$v":"रद्द करो"},{"$i":"delete","$v":"हटाना"},{"$i":"mp","$v":"MP"},{"$i":"camera-resolution","$v":"कैमरा रेजलूशन"},{"$i":"camera-resolution-header","$v":[{"t":"idOrVar","v":"camera-resolution"}]},{"$i":"video-resolution","$v":"वीडियो रेजूलेयशन"},{"$i":"video-resolution-header","$v":[{"t":"idOrVar","v":"video-resolution"}]},{"$i":"scene-mode","$v":"दृश्श मोड"},{"$i":"scene-mode-header","$v":[{"t":"idOrVar","v":"scene-mode"}]},{"$i":"self-timer","$v":"आपूं टाइमर"},{"$i":"self-timer-header","$v":[{"t":"idOrVar","v":"self-timer"}]},{"$i":"self-timer-off","$v":"बंद"},{"$i":"self-timer-3-seconds","$v":"3 सेकंड"},{"$i":"self-timer-5-seconds","$v":"5 सेकंड"},{"$i":"self-timer-10-seconds","$v":"10 सेकंड"},{"$i":"battery-shutdown-title","$v":"घट्ट बैटरी"},{"$i":"battery-shutdown-text","$v":"कैमरे दी बरतून करने लेई बैटरी स्तर बड़ा घट्ट ऐ।"},{"$i":"battery-critical-text","$v":"बड़ी घट्ट बैटरी"},{"$i":"battery-verylow-text","$v":"10% बैटरी बाकी"},{"$i":"battery-low-text","$v":"15% बैटरी बाकी"},{"$i":"camera-unavailable-title","$v":"कैमरा अन-उपलब्ध ऐ"},{"$i":"camera-unavailable-text","$v":"कैमरा कुसै होर ऐप आसेआ बरतेआ जंदा ऐ।"},{"$i":"hdr","$v":"HDR"},{"$i":"hdr-header","$v":[{"t":"idOrVar","v":"hdr"}]},{"$i":"hdr-on","$v":"चालू"},{"$i":"hdr-off","$v":"बंद"},{"$i":"hdr-deactivated","$v":"(HDR निश्क्रिय ऐ)"},{"$i":"grid","$v":"ग्रिड रेखां"},{"$i":"grid-header","$v":[{"t":"idOrVar","v":"grid"}]},{"$i":"grid-on","$v":"चालू"},{"$i":"grid-off","$v":"बंद"},{"$i":"flash","$v":"फ्लैश"},{"$i":"flash-on","$v":"चालू"},{"$i":"flash-off","$v":"बंद"},{"$i":"flash-auto","$v":"आटो"},{"$i":"flash-deactivated","$v":"(फ्लैश निश्क्रिय ऐ)"},{"$i":"Photo-Mode","$v":"फोटो मोड"},{"$i":"Video-Mode","$v":"वीडियो मोड"},{"$i":"options","$v":"विकल्प"},{"$i":"open-gallery","$v":"गैलरी खोलो"},{"$i":"preview","$v":"प्रव्यू"},{"$i":"tcl-flash","$v":"फ्लैश"},{"$i":"tcl-hdr","$v":"HDR"},{"$i":"tcl-grid","$v":"ग्रिड"},{"$i":"tcl-timer","$v":"आपूं टाइमर"},{"$i":"tcl-timer-option","$v":{"zero":[{"t":"idOrVar","v":"n"}," सेकंड"],"one":[{"t":"idOrVar","v":"n"}," सेकंड"],"two":[{"t":"idOrVar","v":"n"}," सेकंड"],"few":[{"t":"idOrVar","v":"n"}," सेकंड"],"many":[{"t":"idOrVar","v":"n"}," सेकंड"],"other":[{"t":"idOrVar","v":"n"}," सेकंड"]},"$x":[{"t":"idOrVar","v":"plural"},"n"]},{"$i":"tcl-gallery","$v":"गेलरी"},{"$i":"tcl-gallery-option","$v":"गैलरी ऐप्लिकेशन पर जाओ"},{"$i":"tcl-videos","$v":"वीडियो"},{"$i":"tcl-videos-option","$v":"वीडियो एप्लिकेशन पर जाओ"},{"$i":"tcl-on","$v":"चालू"},{"$i":"tcl-off","$v":"बंद"},{"$i":"tcl-auto","$v":"आटो"},{"$i":"tcl-options","$v":"विकल्प"},{"$i":"tcl-camera-mode","$v":"फोटो पर स्विच कीता गेआ"},{"$i":"tcl-video-mode","$v":"वीडियो पर स्विच कीता गेआ"},{"$i":"tcl-turn-on","$v":"चालू ऐ।"},{"$i":"tcl-turn-off","$v":"बंद ऐ।"},{"$i":"tcl-activity-cancel","$v":"रद्द करो"},{"$i":"tcl-activity-retake","$v":"रीटेक"},{"$i":"activity-done","$v":"होई गेआ"},{"$i":"tcl-activity-save","$v":"बचाओ"},{"$i":"tcl-video-saved","$v":"वीडियो सहेजेआ गेआ"},{"$i":"turn-on","$v":"चालू ऐ।"},{"$i":"turn-off","$v":"बंद ऐ।"},{"$i":"switch-modes","$v":"मोड"},{"$i":"photo-mode","$v":"फोटो मोड"},{"$i":"video-mode","$v":"वीडियो मोड"},{"$i":"switch-resolution","$v":"रेजलूशन"},{"$i":"low-resolution","$v":"घट्ट"},{"$i":"medium-resolution","$v":"मझाटला"},{"$i":"high-resolution","$v":"उच्च"},{"$i":"set-resolution-to","$v":"रेजलूशन पर सेट कीता गेआ ऐ"},{"$i":"pause","$v":"विराम"},{"$i":"close-menu-button","ariaLabel":"मेनू बंद करो"},{"$i":"back-button","ariaLabel":"वापस"},{"$i":"setting-option","ariaLabel":[{"t":"idOrVar","v":"value"}]},{"$i":"setting-option-hdr","ariaLabel":["HDR ",{"t":"idOrVar","v":"value"}]},{"$i":"setting-option-self-timer","ariaLabel":["आपूं-टाइमर ",{"t":"idOrVar","v":"value"}]},{"$i":"setting-option-grid","ariaLabel":["ग्रिड रेखा ",{"t":"idOrVar","v":"value"}]},{"$i":"setting-option-scene-mode","ariaLabel":["दृश्श मोड ",{"t":"idOrVar","v":"value"}]},{"$i":"setting-option-camera-resolution","ariaLabel":["कैमरा रेजलूशन ",{"t":"idOrVar","v":"value"}]},{"$i":"setting-option-video-resolution","ariaLabel":["वीडियो रेजूलेशन ",{"t":"idOrVar","v":"value"}]},{"$i":"flash-on-button","ariaLabel":"फ्लैश चालू"},{"$i":"flash-off-button","ariaLabel":"फ्लैश बंद"},{"$i":"flash-auto-button","ariaLabel":"फ्लैश आटो"},{"$i":"switch-camera","$v":"कैमरा चुनांऽ"},{"$i":"toggle-camera-rear-button","$v":"पिछला कैमरा"},{"$i":"toggle-camera-front-button","$v":"फ्रंट कैमरा"},{"$i":"menu-button","ariaLabel":"मेनू"},{"$i":"preview-button","ariaLabel":"प्रव्यू"},{"$i":"controls-button-close","ariaLabel":"बंद करो"},{"$i":"share-button","ariaLabel":"साझा करो"},{"$i":"more-button","ariaLabel":"होर"},{"$i":"media-frame","ariaLabel":[{"t":"idOrVar","v":"total"}," दे  ",{"t":"idOrVar","v":"current"},"फ्रेम"],"ariaMozHint":"अगले पर जाने लेई 2 उंगलियें कन्नै खब्बै स्वाइप करो, जां पिछले पर जाने लेई सज्जै स्वाइप करो"},{"$i":"tcl-zoom","$v":"जूम"},{"$i":"tcl-zoom-in","$v":"जूम इन"},{"$i":"tcl-zoom-out","$v":"जूम आउट"},{"$i":"tcl-share","$v":"साझा करो"},{"$i":"set-as-wallpaper","$v":"वालपेपर दे रूप च सेट करो"},{"$i":"set","$v":"सेट करो"},{"$i":"wallpaper-set","$v":"वालपेपर सेट।"},{"$i":"tcl-photo-deleted","$v":"फोटो डिलीट कीता गेआ"},{"$i":"tcl-ok","$v":"ठीक ऐ"},{"$i":"ftu-info","$v":"फोटो ते वीडियो मोड मझाटै स्विच करने लेई खब्बी ते सज्जी कुंजी दबाओ।"},{"$i":"tcl-full-screen","$v":"पूरी स्क्रीन"},{"$i":"tcl-video-deleted","$v":"वीडियो डिलीट कीता गेआ"},{"$i":"tcl-preview","$v":"प्रव्यू"},{"$i":"welcome","$v":"कैमरे च सुआगत ऐ"},{"$i":"ok","$v":"ठीक ऐ"},{"$i":"tcl-option","$v":"विकल्प"},{"$i":"tcl-camera","$v":"कैमरा"},{"$i":"tcl-alert-message","$v":"मेमोरी कार्ड भरोचे दा ऐ किरपा करियै किश फोटो डिलीट करो जां बक्खरा मेमोरी कार्ड पाओ।"},{"$i":"tcl-error-message","$v":"तस्वीर सहेजी नेईं गेई। त्रुटि ने कैमरे गी तस्वीर सहेजने थमां रोकेआ।"},{"$i":"tcl-error-file-message","$v":"वीडियो रिकार्ड नेईं होआ वीडियो फाइल बत्त बनाने च त्रुटि।"},{"$i":"weekday-0-long","$v":"ऐतवार"},{"$i":"weekday-1-long","$v":"सोमवार"},{"$i":"weekday-2-long","$v":"मंगलवार"},{"$i":"weekday-3-long","$v":"बुधवार"},{"$i":"weekday-4-long","$v":"बीरवार"},{"$i":"weekday-5-long","$v":"शुक्रवार"},{"$i":"weekday-6-long","$v":"शनिवार"},{"$i":"weekday-0-short","$v":"ऐत"},{"$i":"weekday-1-short","$v":"सोम"},{"$i":"weekday-2-short","$v":"मंगल"},{"$i":"weekday-3-short","$v":"वेब"},{"$i":"weekday-4-short","$v":"वीर"},{"$i":"weekday-5-short","$v":"शुक्र"},{"$i":"weekday-6-short","$v":"शनि"},{"$i":"month-0-long","$v":"जनवरी"},{"$i":"month-1-long","$v":"फरवरी"},{"$i":"month-2-long","$v":"मार्च"},{"$i":"month-3-long","$v":"अप्रैल"},{"$i":"month-4-long","$v":"मई"},{"$i":"month-5-long","$v":"जून"},{"$i":"month-6-long","$v":"जुलाई"},{"$i":"month-7-long","$v":"अगस्त"},{"$i":"month-8-long","$v":"सितंबर"},{"$i":"month-9-long","$v":"अक्टूबर"},{"$i":"month-10-long","$v":"नवंबर"},{"$i":"month-11-long","$v":"दिसंबर"},{"$i":"month-0-genitive","$v":"जनवरी"},{"$i":"month-1-genitive","$v":"फरवरी"},{"$i":"month-2-genitive","$v":"मार्च"},{"$i":"month-3-genitive","$v":"अप्रैल"},{"$i":"month-4-genitive","$v":"मई"},{"$i":"month-5-genitive","$v":"जून"},{"$i":"month-6-genitive","$v":"जुलाई"},{"$i":"month-7-genitive","$v":"अगस्त"},{"$i":"month-8-genitive","$v":"सितंबर"},{"$i":"month-9-genitive","$v":"अक्टूबर"},{"$i":"month-10-genitive","$v":"नवंबर"},{"$i":"month-11-genitive","$v":"दिसंबर"},{"$i":"month-0-short","$v":"जनवरी"},{"$i":"month-1-short","$v":"फरवरी"},{"$i":"month-2-short","$v":"मार्च"},{"$i":"month-3-short","$v":"अप्रैल"},{"$i":"month-4-short","$v":"मई"},{"$i":"month-5-short","$v":"जून"},{"$i":"month-6-short","$v":"जुलाई"},{"$i":"month-7-short","$v":"अगस्त"},{"$i":"month-8-short","$v":"सितम्बर"},{"$i":"month-9-short","$v":"अक्टूबर"},{"$i":"month-10-short","$v":"नवंबर"},{"$i":"month-11-short","$v":"दिसंबर"},{"$i":"minutes-ago-long","$v":{"zero":"हूनै","one":"इक मिनट पैह्‌ले","two":[{"t":"idOrVar","v":"value"}," मिनट पैह्‌ले"],"few":[{"t":"idOrVar","v":"value"}," मिनट पैह्‌ले"],"many":[{"t":"idOrVar","v":"value"}," मिनट पैह्‌ले"],"other":[{"t":"idOrVar","v":"value"}," मिनट पैह्‌ले"]},"$x":[{"t":"idOrVar","v":"plural"},"value"]},{"$i":"hours-ago-long","$v":{"zero":"हूनै","one":"इक घैंटा पैह्‌ले","two":[{"t":"idOrVar","v":"value"}," घैंटे पैह्‌ले"],"few":[{"t":"idOrVar","v":"value"}," घैंटे पैह्‌ले"],"many":[{"t":"idOrVar","v":"value"}," घैंटे पैह्‌ले"],"other":[{"t":"idOrVar","v":"value"}," घैंटे पैह्‌ले"]},"$x":[{"t":"idOrVar","v":"plural"},"value"]},{"$i":"days-ago-long","$v":{"zero":"अज्ज","one":"कल","two":[{"t":"idOrVar","v":"value"}," दिन पैह्‌ले"],"few":[{"t":"idOrVar","v":"value"}," दिन पैह्‌ले"],"many":[{"t":"idOrVar","v":"value"}," दिन पैह्‌ले"],"other":[{"t":"idOrVar","v":"value"}," दिन पैह्‌ले"]},"$x":[{"t":"idOrVar","v":"plural"},"value"]},{"$i":"weeks-ago-long","$v":{"zero":"इस हफ्ते","one":"पिछले हफ्ते","two":[{"t":"idOrVar","v":"value"}," हफ्ते पैह्‌ले"],"few":[{"t":"idOrVar","v":"value"}," हफ्ते पैह्‌ले"],"many":[{"t":"idOrVar","v":"value"}," हफ्ते पैह्‌ले"],"other":[{"t":"idOrVar","v":"value"}," हफ्ते पैह्‌ले"]},"$x":[{"t":"idOrVar","v":"plural"},"value"]},{"$i":"months-ago-long","$v":{"zero":"इस म्हीने","one":"पिछले म्हीने","two":[{"t":"idOrVar","v":"value"}," म्हीने पैह्‌ले"],"few":[{"t":"idOrVar","v":"value"}," म्हीने पैह्‌ले"],"many":[{"t":"idOrVar","v":"value"}," म्हीने पैह्‌ले"],"other":[{"t":"idOrVar","v":"value"}," म्हीने पैह्‌ले"]},"$x":[{"t":"idOrVar","v":"plural"},"value"]},{"$i":"years-ago-long","$v":{"zero":"इस ब'रे","one":"पिछले ब'रे","two":[{"t":"idOrVar","v":"value"}," ब'रे पैह्‌ले"],"few":[{"t":"idOrVar","v":"value"}," ब'रे पैह्‌ले"],"many":[{"t":"idOrVar","v":"value"}," ब'रे पैह्‌ले"],"other":[{"t":"idOrVar","v":"value"}," ब'रे पैह्‌ले"]},"$x":[{"t":"idOrVar","v":"plural"},"value"]},{"$i":"minutes-until-long","$v":{"zero":"हून","one":"इक मिनट च","two":[{"t":"idOrVar","v":"value"}," मिनटें च"],"few":[{"t":"idOrVar","v":"value"}," मिनटें च"],"many":[{"t":"idOrVar","v":"value"}," मिनटें च"],"other":[{"t":"idOrVar","v":"value"}," मिनटें च"]},"$x":[{"t":"idOrVar","v":"plural"},"value"]},{"$i":"hours-until-long","$v":{"zero":"हून","one":"इक घैंटे च","two":[{"t":"idOrVar","v":"value"}," घैंटें च"],"few":[{"t":"idOrVar","v":"value"}," घैंटें च"],"many":[{"t":"idOrVar","v":"value"}," घैंटें च"],"other":[{"t":"idOrVar","v":"value"}," घैंटें च"]},"$x":[{"t":"idOrVar","v":"plural"},"value"]},{"$i":"days-until-long","$v":{"zero":"अज्ज","one":"कल","two":[{"t":"idOrVar","v":"value"}," दिनें च"],"few":[{"t":"idOrVar","v":"value"}," दिनें च"],"many":[{"t":"idOrVar","v":"value"}," दिनें च"],"other":[{"t":"idOrVar","v":"value"}," दिनें च"]},"$x":[{"t":"idOrVar","v":"plural"},"value"]},{"$i":"weeks-until-long","$v":{"zero":"इस हफ्ते","one":"अगले हफ्ते","two":[{"t":"idOrVar","v":"value"},"हफ्तें च"],"few":[{"t":"idOrVar","v":"value"},"हफ्तें च"],"many":[{"t":"idOrVar","v":"value"},"हफ्तें च"],"other":[{"t":"idOrVar","v":"value"},"हफ्तें च"]},"$x":[{"t":"idOrVar","v":"plural"},"value"]},{"$i":"months-until-long","$v":{"zero":"इस म्हीने","one":"अगले म्हीने","two":[{"t":"idOrVar","v":"value"}," म्हीनें च"],"few":[{"t":"idOrVar","v":"value"}," म्हीनें च"],"many":[{"t":"idOrVar","v":"value"}," म्हीनें च"],"other":[{"t":"idOrVar","v":"value"}," म्हीनें च"]},"$x":[{"t":"idOrVar","v":"plural"},"value"]},{"$i":"years-until-long","$v":{"zero":"इस ब'रे","one":"अगले ब'रे","two":[{"t":"idOrVar","v":"value"},"ब'रें च"],"few":[{"t":"idOrVar","v":"value"},"ब'रें च"],"many":[{"t":"idOrVar","v":"value"},"ब'रें च"],"other":[{"t":"idOrVar","v":"value"},"ब'रें च"]},"$x":[{"t":"idOrVar","v":"plural"},"value"]},{"$i":"minutes-ago-short","$v":{"zero":"हूनै","other":[{"t":"idOrVar","v":"value"}," मिनट पैह्‌ले"]},"$x":[{"t":"idOrVar","v":"plural"},"value"]},{"$i":"hours-ago-short","$v":{"zero":"हूनै","other":[{"t":"idOrVar","v":"value"}," घैंटे पैह्‌ले"]},"$x":[{"t":"idOrVar","v":"plural"},"value"]},{"$i":"days-ago-short","$v":{"zero":"अज्ज","other":[{"t":"idOrVar","v":"value"}," दिन पैह्‌ले"]},"$x":[{"t":"idOrVar","v":"plural"},"value"]},{"$i":"minutes-until-short","$v":{"zero":"हून","other":[{"t":"idOrVar","v":"value"},"मिनटें च"]},"$x":[{"t":"idOrVar","v":"plural"},"value"]},{"$i":"hours-until-short","$v":{"zero":"हून","other":[{"t":"idOrVar","v":"value"}," घैंटें च"]},"$x":[{"t":"idOrVar","v":"plural"},"value"]},{"$i":"days-until-short","$v":{"zero":"अज्ज","other":[{"t":"idOrVar","v":"value"},"दिनें च"]},"$x":[{"t":"idOrVar","v":"plural"},"value"]},{"$i":"incorrectDate","$v":"(गलत तरीक)"},{"$i":"dateTimeFormat_%c","$v":"%a %b %e %Y %I:%M:%S %p"},{"$i":"dateTimeFormat_%x","$v":"%m/%d/%Y"},{"$i":"dateTimeFormat_%X","$v":"%I:%M:%S %p"},{"$i":"shortTimeFormat","$v":"%I:%M %p"},{"$i":"shortTimeFormat12","$v":"%I:%M %p"},{"$i":"shortTimeFormat24","$v":"%H:%M"},{"$i":"shortDateTimeFormat","$v":"%x %I:%M %p"},{"$i":"weekStartsOnMonday","$v":"0"},{"$i":"firstDayOfTheWeek","$v":"0"},{"$i":"time_am","$v":"AM"},{"$i":"time_pm","$v":"PM"},{"$i":"imageDescription","$v":[{"t":"idOrVar","v":"orientation"}," इमेज, %I:%M %p, %B %e, %Y"]},{"$i":"imageDescriptionNoTimestamp","$v":[{"t":"idOrVar","v":"orientation"}," इमेज"]},{"$i":"videoDescription","$v":[{"t":"idOrVar","v":"orientation"}," वीडियो, %I:%M %p, %B %e, %Y"]},{"$i":"videoDescriptionNoTimestamp","$v":[{"t":"idOrVar","v":"orientation"}," वीडियो"]},{"$i":"orientationPortrait","$v":"पोर्ट्रेट"},{"$i":"orientationLandscape","$v":"लैंडस्केप"},{"$i":"playbackPlay","ariaLabel":"चलाओ"},{"$i":"playbackPause","ariaLabel":"विराम"},{"$i":"playbackNext","ariaLabel":"अगला"},{"$i":"playbackPrevious","ariaLabel":"पिछला"},{"$i":"playbackFullscreen","ariaLabel":"पूर्णस्क्रीन"},{"$i":"playbackSeekBar","ariaLabel":["दिक्खना बार, मन्याद ",{"t":"idOrVar","v":"duration"}]}]