[{"$i":"nospace2-title","$v":"Not enough space on memory card"},{"$i":"nospace2-text","$v":"Internal storage is full. Please delete some photos or insert a memory card."},{"$i":"confirmation","$v":"Confirmation"},{"$i":"error-saving-title","$v":"Picture not saved"},{"$i":"error-saving-text","$v":"An error prevented Camera from saving the picture."},{"$i":"error-recording-title","$v":"Video not recorded"},{"$i":"error-recording-text","$v":"An error prevented Camera from recording the video."},{"$i":"error-video-file-path-title","$v":"Video not recorded"},{"$i":"error-video-file-path-text","$v":"Error creating video file path."},{"$i":"nocard2-title","$v":"No memory card found"},{"$i":"nocard3-text","$v":"Memory card is not found. Please insert a memory card to take pictures."},{"$i":"pluggedin2-title","$v":"Camera cannot be used while phone is plugged in"},{"$i":"pluggedin2-text","$v":"Storage is currently in use. Please unplug the phone to take pictures."},{"$i":"storage-size-limit-reached","$v":"You have run out of media storage space."},{"$i":"activity-size-limit-reached","$v":"You have reached the maximum file size for this attachment."},{"$i":"camera","$v":"Camera"},{"$i":"retake-button","$v":"Retake"},{"$i":"select-button","$v":"Select"},{"$i":"close-button","$v":"Close"},{"$i":"delete-photo?","$v":"Delete photo?"},{"$i":"delete-video?","$v":"Delete video?"},{"$i":"cancel","$v":"Cancel"},{"$i":"delete","$v":"Delete"},{"$i":"mp","$v":"MP"},{"$i":"camera-resolution","$v":"Camera Resolution"},{"$i":"camera-resolution-header","$v":[{"t":"idOrVar","v":"camera-resolution"}]},{"$i":"video-resolution","$v":"Video Resolution"},{"$i":"video-resolution-header","$v":[{"t":"idOrVar","v":"video-resolution"}]},{"$i":"scene-mode","$v":"Scene Mode"},{"$i":"scene-mode-header","$v":[{"t":"idOrVar","v":"scene-mode"}]},{"$i":"self-timer","$v":"Self-Timer"},{"$i":"self-timer-header","$v":[{"t":"idOrVar","v":"self-timer"}]},{"$i":"self-timer-off","$v":"Off"},{"$i":"self-timer-3-seconds","$v":"3 seconds"},{"$i":"self-timer-5-seconds","$v":"5 seconds"},{"$i":"self-timer-10-seconds","$v":"10 seconds"},{"$i":"battery-shutdown-title","$v":"Low Battery"},{"$i":"battery-shutdown-text","$v":"The battery level is too low to use camera."},{"$i":"battery-critical-text","$v":"Critically low battery."},{"$i":"battery-verylow-text","$v":"10% battery remaining."},{"$i":"battery-low-text","$v":"15% battery remaining."},{"$i":"camera-unavailable-title","$v":"Camera Unavailable"},{"$i":"camera-unavailable-text","$v":"Camera is used by another app."},{"$i":"hdr","$v":"HDR"},{"$i":"hdr-header","$v":[{"t":"idOrVar","v":"hdr"}]},{"$i":"hdr-on","$v":"On"},{"$i":"hdr-off","$v":"Off"},{"$i":"hdr-deactivated","$v":"(HDR deactivated)"},{"$i":"grid","$v":"Grid Lines"},{"$i":"grid-header","$v":[{"t":"idOrVar","v":"grid"}]},{"$i":"grid-on","$v":"On"},{"$i":"grid-off","$v":"Off"},{"$i":"flash","$v":"Flash"},{"$i":"flash-on","$v":"On"},{"$i":"flash-off","$v":"Off"},{"$i":"flash-auto","$v":"Auto"},{"$i":"flash-deactivated","$v":"(Flash deactivated)"},{"$i":"Photo-Mode","$v":"Photo Mode"},{"$i":"Video-Mode","$v":"Video Mode"},{"$i":"options","$v":"Options"},{"$i":"open-gallery","$v":"Open Gallery"},{"$i":"preview","$v":"Preview"},{"$i":"tcl-flash","$v":"Flash"},{"$i":"tcl-hdr","$v":"HDR"},{"$i":"tcl-grid","$v":"Grid"},{"$i":"tcl-timer","$v":"Self Timer"},{"$i":"tcl-timer-option","$v":{"zero":[{"t":"idOrVar","v":"n"}," second"],"one":[{"t":"idOrVar","v":"n"}," second"],"two":[{"t":"idOrVar","v":"n"}," seconds"],"few":[{"t":"idOrVar","v":"n"}," seconds"],"many":[{"t":"idOrVar","v":"n"}," seconds"],"other":[{"t":"idOrVar","v":"n"}," seconds"]},"$x":[{"t":"idOrVar","v":"plural"},"n"]},{"$i":"tcl-gallery","$v":"Gallery"},{"$i":"tcl-gallery-option","$v":"Go to Gallery Application"},{"$i":"tcl-videos","$v":"Video"},{"$i":"tcl-videos-option","$v":"Go to Video Application"},{"$i":"tcl-on","$v":"On"},{"$i":"tcl-off","$v":"Off"},{"$i":"tcl-auto","$v":"Auto"},{"$i":"tcl-options","$v":"Options"},{"$i":"tcl-camera-mode","$v":"Switched to Photo"},{"$i":"tcl-video-mode","$v":"Switched to Video"},{"$i":"tcl-turn-on","$v":"turned on."},{"$i":"tcl-turn-off","$v":"turned off."},{"$i":"tcl-activity-cancel","$v":"Cancel"},{"$i":"tcl-activity-retake","$v":"Retake"},{"$i":"activity-done","$v":"Done"},{"$i":"tcl-activity-save","$v":"Save"},{"$i":"tcl-video-saved","$v":"Video Saved"},{"$i":"turn-on","$v":"turned on."},{"$i":"turn-off","$v":"turned off."},{"$i":"switch-modes","$v":"Modes"},{"$i":"photo-mode","$v":"Photo mode"},{"$i":"video-mode","$v":"Video mode"},{"$i":"switch-resolution","$v":"Resolution"},{"$i":"low-resolution","$v":"Low"},{"$i":"medium-resolution","$v":"Medium"},{"$i":"high-resolution","$v":"High"},{"$i":"set-resolution-to","$v":"Resolution set to"},{"$i":"pause","$v":"Pause"},{"$i":"close-menu-button","ariaLabel":"Close menu"},{"$i":"back-button","ariaLabel":"Back"},{"$i":"setting-option","ariaLabel":[{"t":"idOrVar","v":"value"}]},{"$i":"setting-option-hdr","ariaLabel":["HDR ",{"t":"idOrVar","v":"value"}]},{"$i":"setting-option-self-timer","ariaLabel":["Self-Timer ",{"t":"idOrVar","v":"value"}]},{"$i":"setting-option-grid","ariaLabel":["Grid Lines ",{"t":"idOrVar","v":"value"}]},{"$i":"setting-option-scene-mode","ariaLabel":["Scene Mode ",{"t":"idOrVar","v":"value"}]},{"$i":"setting-option-camera-resolution","ariaLabel":["Camera Resolution ",{"t":"idOrVar","v":"value"}]},{"$i":"setting-option-video-resolution","ariaLabel":["Video Resolution ",{"t":"idOrVar","v":"value"}]},{"$i":"flash-on-button","ariaLabel":"Flash On"},{"$i":"flash-off-button","ariaLabel":"Flash Off"},{"$i":"flash-auto-button","ariaLabel":"Flash Auto"},{"$i":"switch-camera","$v":"Camera Selection"},{"$i":"toggle-camera-rear-button","$v":"Rear camera"},{"$i":"toggle-camera-front-button","$v":"Front camera"},{"$i":"menu-button","ariaLabel":"Menu"},{"$i":"preview-button","ariaLabel":"Preview"},{"$i":"controls-button-close","ariaLabel":"Close"},{"$i":"share-button","ariaLabel":"Share"},{"$i":"more-button","ariaLabel":"More"},{"$i":"media-frame","ariaLabel":["Frame ",{"t":"idOrVar","v":"current"}," of ",{"t":"idOrVar","v":"total"}],"ariaMozHint":"Swipe left with 2 fingers to jump to next, or swipe right to jump to previous."},{"$i":"tcl-zoom","$v":"Zoom"},{"$i":"tcl-zoom-in","$v":"Zoom In"},{"$i":"tcl-zoom-out","$v":"Zoom Out"},{"$i":"tcl-share","$v":"Share"},{"$i":"set-as-wallpaper","$v":"Set as wallpaper."},{"$i":"set","$v":"Set"},{"$i":"wallpaper-set","$v":"Wallpaper set."},{"$i":"tcl-photo-deleted","$v":"Photo deleted."},{"$i":"tcl-ok","$v":"OK"},{"$i":"ftu-info","$v":"Press LEFT and RIGHT key to switch between Photo and Video modes."},{"$i":"tcl-full-screen","$v":"Full Screen"},{"$i":"tcl-video-deleted","$v":"Video deleted"},{"$i":"tcl-preview","$v":"Preview"},{"$i":"welcome","$v":"Welcome to Camera"},{"$i":"ok","$v":"Ok"},{"$i":"tcl-option","$v":"Options"},{"$i":"tcl-camera","$v":"Camera"},{"$i":"tcl-alert-message","$v":"Memory card is full. Please delete some photos or insert a different memory card."},{"$i":"tcl-error-message","$v":"Picture not saved. An error prevented Camera from saving the picture."},{"$i":"tcl-error-file-message","$v":"Video not recorded. Error creating video file path."},{"$i":"weekday-0-long","$v":"Sunday"},{"$i":"weekday-1-long","$v":"Monday"},{"$i":"weekday-2-long","$v":"Tuesday"},{"$i":"weekday-3-long","$v":"Wednesday"},{"$i":"weekday-4-long","$v":"Thursday"},{"$i":"weekday-5-long","$v":"Friday"},{"$i":"weekday-6-long","$v":"Saturday"},{"$i":"weekday-0-short","$v":"Sun"},{"$i":"weekday-1-short","$v":"Mon"},{"$i":"weekday-2-short","$v":"Tue"},{"$i":"weekday-3-short","$v":"Wed"},{"$i":"weekday-4-short","$v":"Thu"},{"$i":"weekday-5-short","$v":"Fri"},{"$i":"weekday-6-short","$v":"Sat"},{"$i":"month-0-long","$v":"January"},{"$i":"month-1-long","$v":"February"},{"$i":"month-2-long","$v":"March"},{"$i":"month-3-long","$v":"April"},{"$i":"month-4-long","$v":"May"},{"$i":"month-5-long","$v":"June"},{"$i":"month-6-long","$v":"July"},{"$i":"month-7-long","$v":"August"},{"$i":"month-8-long","$v":"September"},{"$i":"month-9-long","$v":"October"},{"$i":"month-10-long","$v":"November"},{"$i":"month-11-long","$v":"December"},{"$i":"month-0-genitive","$v":"January"},{"$i":"month-1-genitive","$v":"February"},{"$i":"month-2-genitive","$v":"March"},{"$i":"month-3-genitive","$v":"April"},{"$i":"month-4-genitive","$v":"May"},{"$i":"month-5-genitive","$v":"June"},{"$i":"month-6-genitive","$v":"July"},{"$i":"month-7-genitive","$v":"August"},{"$i":"month-8-genitive","$v":"September"},{"$i":"month-9-genitive","$v":"October"},{"$i":"month-10-genitive","$v":"November"},{"$i":"month-11-genitive","$v":"December"},{"$i":"month-0-short","$v":"Jan"},{"$i":"month-1-short","$v":"Feb"},{"$i":"month-2-short","$v":"Mar"},{"$i":"month-3-short","$v":"Apr"},{"$i":"month-4-short","$v":"May"},{"$i":"month-5-short","$v":"Jun"},{"$i":"month-6-short","$v":"Jul"},{"$i":"month-7-short","$v":"Aug"},{"$i":"month-8-short","$v":"Sep"},{"$i":"month-9-short","$v":"Oct"},{"$i":"month-10-short","$v":"Nov"},{"$i":"month-11-short","$v":"Dec"},{"$i":"minutes-ago-long","$v":{"zero":"just now","one":"a minute ago","two":[{"t":"idOrVar","v":"value"}," minutes ago"],"few":[{"t":"idOrVar","v":"value"}," minutes ago"],"many":[{"t":"idOrVar","v":"value"}," minutes ago"],"other":[{"t":"idOrVar","v":"value"}," minutes ago"]},"$x":[{"t":"idOrVar","v":"plural"},"value"]},{"$i":"hours-ago-long","$v":{"zero":"just now","one":"an hour ago","two":[{"t":"idOrVar","v":"value"}," hours ago"],"few":[{"t":"idOrVar","v":"value"}," hours ago"],"many":[{"t":"idOrVar","v":"value"}," hours ago"],"other":[{"t":"idOrVar","v":"value"}," hours ago"]},"$x":[{"t":"idOrVar","v":"plural"},"value"]},{"$i":"days-ago-long","$v":{"zero":"today","one":"yesterday","two":[{"t":"idOrVar","v":"value"}," days ago"],"few":[{"t":"idOrVar","v":"value"}," days ago"],"many":[{"t":"idOrVar","v":"value"}," days ago"],"other":[{"t":"idOrVar","v":"value"}," days ago"]},"$x":[{"t":"idOrVar","v":"plural"},"value"]},{"$i":"weeks-ago-long","$v":{"zero":"this week","one":"last week","two":[{"t":"idOrVar","v":"value"}," weeks ago"],"few":[{"t":"idOrVar","v":"value"}," weeks ago"],"many":[{"t":"idOrVar","v":"value"}," weeks ago"],"other":[{"t":"idOrVar","v":"value"}," weeks ago"]},"$x":[{"t":"idOrVar","v":"plural"},"value"]},{"$i":"months-ago-long","$v":{"zero":"this month","one":"last month","two":[{"t":"idOrVar","v":"value"}," months ago"],"few":[{"t":"idOrVar","v":"value"}," months ago"],"many":[{"t":"idOrVar","v":"value"}," months ago"],"other":[{"t":"idOrVar","v":"value"}," months ago"]},"$x":[{"t":"idOrVar","v":"plural"},"value"]},{"$i":"years-ago-long","$v":{"zero":"this year","one":"last year","two":[{"t":"idOrVar","v":"value"}," years ago"],"few":[{"t":"idOrVar","v":"value"}," years ago"],"many":[{"t":"idOrVar","v":"value"}," years ago"],"other":[{"t":"idOrVar","v":"value"}," years ago"]},"$x":[{"t":"idOrVar","v":"plural"},"value"]},{"$i":"minutes-until-long","$v":{"zero":"now","one":"in a minute","two":["in ",{"t":"idOrVar","v":"value"}," minutes"],"few":["in ",{"t":"idOrVar","v":"value"}," minutes"],"many":["in ",{"t":"idOrVar","v":"value"}," minutes"],"other":["in ",{"t":"idOrVar","v":"value"}," minutes"]},"$x":[{"t":"idOrVar","v":"plural"},"value"]},{"$i":"hours-until-long","$v":{"zero":"now","one":"in an hour","two":["in ",{"t":"idOrVar","v":"value"}," hours"],"few":["in ",{"t":"idOrVar","v":"value"}," hours"],"many":["in ",{"t":"idOrVar","v":"value"}," hours"],"other":["in ",{"t":"idOrVar","v":"value"}," hours"]},"$x":[{"t":"idOrVar","v":"plural"},"value"]},{"$i":"days-until-long","$v":{"zero":"today","one":"tomorrow","two":["in ",{"t":"idOrVar","v":"value"}," days"],"few":["in ",{"t":"idOrVar","v":"value"}," days"],"many":["in ",{"t":"idOrVar","v":"value"}," days"],"other":["in ",{"t":"idOrVar","v":"value"}," days"]},"$x":[{"t":"idOrVar","v":"plural"},"value"]},{"$i":"weeks-until-long","$v":{"zero":"this week","one":"next week","two":["in ",{"t":"idOrVar","v":"value"}," weeks"],"few":["in ",{"t":"idOrVar","v":"value"}," weeks"],"many":["in ",{"t":"idOrVar","v":"value"}," weeks"],"other":["in ",{"t":"idOrVar","v":"value"}," weeks"]},"$x":[{"t":"idOrVar","v":"plural"},"value"]},{"$i":"months-until-long","$v":{"zero":"this month","one":"next month","two":["in ",{"t":"idOrVar","v":"value"}," months"],"few":["in ",{"t":"idOrVar","v":"value"}," months"],"many":["in ",{"t":"idOrVar","v":"value"}," months"],"other":["in ",{"t":"idOrVar","v":"value"}," months"]},"$x":[{"t":"idOrVar","v":"plural"},"value"]},{"$i":"years-until-long","$v":{"zero":"this year","one":"next year","two":["in ",{"t":"idOrVar","v":"value"}," years"],"few":["in ",{"t":"idOrVar","v":"value"}," years"],"many":["in ",{"t":"idOrVar","v":"value"}," years"],"other":["in ",{"t":"idOrVar","v":"value"}," years"]},"$x":[{"t":"idOrVar","v":"plural"},"value"]},{"$i":"minutes-ago-short","$v":{"zero":"just now","other":[{"t":"idOrVar","v":"value"},"m ago"]},"$x":[{"t":"idOrVar","v":"plural"},"value"]},{"$i":"hours-ago-short","$v":{"zero":"just now","other":[{"t":"idOrVar","v":"value"},"h ago"]},"$x":[{"t":"idOrVar","v":"plural"},"value"]},{"$i":"days-ago-short","$v":{"zero":"today","other":[{"t":"idOrVar","v":"value"},"d ago"]},"$x":[{"t":"idOrVar","v":"plural"},"value"]},{"$i":"minutes-until-short","$v":{"zero":"now","other":["in ",{"t":"idOrVar","v":"value"},"m"]},"$x":[{"t":"idOrVar","v":"plural"},"value"]},{"$i":"hours-until-short","$v":{"zero":"now","other":["in ",{"t":"idOrVar","v":"value"},"h"]},"$x":[{"t":"idOrVar","v":"plural"},"value"]},{"$i":"days-until-short","$v":{"zero":"today","other":["in ",{"t":"idOrVar","v":"value"},"d"]},"$x":[{"t":"idOrVar","v":"plural"},"value"]},{"$i":"incorrectDate","$v":"(incorrect date)"},{"$i":"dateTimeFormat_%c","$v":"%a %b %e %Y %I:%M:%S %p"},{"$i":"dateTimeFormat_%x","$v":"%m/%d/%Y"},{"$i":"dateTimeFormat_%X","$v":"%I:%M:%S %p"},{"$i":"shortTimeFormat","$v":"%I:%M %p"},{"$i":"shortTimeFormat12","$v":"%I:%M %p"},{"$i":"shortTimeFormat24","$v":"%H:%M"},{"$i":"shortDateTimeFormat","$v":"%x %I:%M %p"},{"$i":"weekStartsOnMonday","$v":"0"},{"$i":"firstDayOfTheWeek","$v":"0"},{"$i":"time_am","$v":"AM"},{"$i":"time_pm","$v":"PM"},{"$i":"imageDescription","$v":[{"t":"idOrVar","v":"orientation"}," image, %I:%M %p, %B %e, %Y"]},{"$i":"imageDescriptionNoTimestamp","$v":[{"t":"idOrVar","v":"orientation"}," image"]},{"$i":"videoDescription","$v":[{"t":"idOrVar","v":"orientation"}," video, %I:%M %p, %B %e, %Y"]},{"$i":"videoDescriptionNoTimestamp","$v":[{"t":"idOrVar","v":"orientation"}," video"]},{"$i":"orientationPortrait","$v":"portrait"},{"$i":"orientationLandscape","$v":"landscape"},{"$i":"playbackPlay","ariaLabel":"Play"},{"$i":"playbackPause","ariaLabel":"Pause"},{"$i":"playbackNext","ariaLabel":"Next"},{"$i":"playbackPrevious","ariaLabel":"Previous"},{"$i":"playbackFullscreen","ariaLabel":"Fullscreen"},{"$i":"playbackSeekBar","ariaLabel":["Seek bar, duration ",{"t":"idOrVar","v":"duration"}]}]