[{"$i":"nospace2-title","$v":"મેમરી કાર્ડ પર પૂરતી જગ્યા નથી"},{"$i":"nospace2-text","$v":"ઇન્ટરનલ મેમરી ભરેલ છે. કૃપા કરી કેટલાક ફોટા દૂર કરો અથવા એક મેમરી કાર્ડ દાખલ કરો."},{"$i":"confirmation","$v":"ખાતરી"},{"$i":"error-saving-title","$v":"ચિત્ર સેવ કરવામાં આવ્યું નથી"},{"$i":"error-saving-text","$v":"એક ત્રુટિએ  કેમેરાને ચિત્ર સેવ કરવાથી અટકાવ્યું."},{"$i":"error-recording-title","$v":"વિડિયો  રેકોર્ડ કરવામાં આવ્યો નથી"},{"$i":"error-recording-text","$v":"એક ત્રુટિએ કેમેરાને વિડિયો રેકોર્ડિંગ કરવાથી અટકાવ્યું."},{"$i":"error-video-file-path-title","$v":"વિડિયો  રેકોર્ડ કરવામાં આવ્યો નથી"},{"$i":"error-video-file-path-text","$v":"વિડિઓ ફાઇલ પાથ બનાવવામાં ત્રુટિ."},{"$i":"nocard2-title","$v":"કોઈ મેમરી કાર્ડ મળેલ નથી"},{"$i":"nocard3-text","$v":"મેમરી કાર્ડ મળેલ નથી. કૃપા કરી ચિત્રો લેવા માટે એક મેમરી કાર્ડ દાખલ કરો."},{"$i":"pluggedin2-title","$v":"ફોન પ્લગ ઇન હોય ત્યારે કૅમેરાનો ઉપયોગ કરી શકાતો નથી"},{"$i":"pluggedin2-text","$v":"સ્ટોરેજ હાલમાં ઉપયોગમાં છે. ચિત્રો લેવા માટે કૃપા કરી ફોનને અનપ્લગ કરો."},{"$i":"storage-size-limit-reached","$v":"તમારી પાસેની મીડિયા સ્ટોરેજ જગ્યા સમાપ્ત થઈ ગઈ છે."},{"$i":"activity-size-limit-reached","$v":"તમે આ જોડાણ માટેના મહત્તમ ફાઇલ કદ સુધી પહોંચી ગયા છો."},{"$i":"camera","$v":"કૅમેરા"},{"$i":"retake-button","$v":"ફરીથી લેવાયો"},{"$i":"select-button","$v":"પસંદ કરો"},{"$i":"close-button","$v":"બંધ કરો"},{"$i":"delete-photo?","$v":"ફોટો દૂર કરવા માંગો છો?"},{"$i":"delete-video?","$v":"વિડિયો દૂર કરવા માંગો છો?"},{"$i":"cancel","$v":"રદ કરો"},{"$i":"delete","$v":"કાઢો"},{"$i":"mp","$v":"MP"},{"$i":"camera-resolution","$v":"કૅમેરા રિઝોલ્યુશન"},{"$i":"camera-resolution-header","$v":[{"t":"idOrVar","v":"camera-resolution"}]},{"$i":"video-resolution","$v":"વિડિયો રીઝોલ્યુશન"},{"$i":"video-resolution-header","$v":[{"t":"idOrVar","v":"video-resolution"}]},{"$i":"scene-mode","$v":"સીન મોડ"},{"$i":"scene-mode-header","$v":[{"t":"idOrVar","v":"scene-mode"}]},{"$i":"self-timer","$v":"સેલ્ફ-ટાઈમર"},{"$i":"self-timer-header","$v":[{"t":"idOrVar","v":"self-timer"}]},{"$i":"self-timer-off","$v":"બંધ"},{"$i":"self-timer-3-seconds","$v":"3 સેકન્ડ્સ"},{"$i":"self-timer-5-seconds","$v":"5 સેકન્ડ્સ"},{"$i":"self-timer-10-seconds","$v":"10 સેકન્ડ્સ"},{"$i":"battery-shutdown-title","$v":"બેટરી ઓછી છે"},{"$i":"battery-shutdown-text","$v":"કૅમેરાનો ઉપયોગ કરવા માટે બેટરીનો સ્તર ખૂબ ઓછો છે."},{"$i":"battery-critical-text","$v":"ખુબજ ઓછી બેટરી"},{"$i":"battery-verylow-text","$v":"10% બેટરી બાકી"},{"$i":"battery-low-text","$v":"15% બેટરી બાકી"},{"$i":"camera-unavailable-title","$v":"કૅમેરા અનુપલબ્ધ"},{"$i":"camera-unavailable-text","$v":"કૅમેરાનો ઉપયોગ બીજી એપ દ્વારા કરવામાં આવેલ છે."},{"$i":"hdr","$v":"HDR"},{"$i":"hdr-header","$v":[{"t":"idOrVar","v":"hdr"}]},{"$i":"hdr-on","$v":"ચાલુ"},{"$i":"hdr-off","$v":"બંધ"},{"$i":"hdr-deactivated","$v":"(HDR નિષ્ક્રિય કરવામાં આવ્યું)"},{"$i":"grid","$v":"ગ્રિડ લાઇન્સ"},{"$i":"grid-header","$v":[{"t":"idOrVar","v":"grid"}]},{"$i":"grid-on","$v":"ચાલુ"},{"$i":"grid-off","$v":"બંધ"},{"$i":"flash","$v":"ફ્લેશ"},{"$i":"flash-on","$v":"ચાલુ"},{"$i":"flash-off","$v":"બંધ"},{"$i":"flash-auto","$v":"સ્વતઃ"},{"$i":"flash-deactivated","$v":"(ફ્લેશ નિષ્ક્રિય કરવામાં આવ્યું)"},{"$i":"Photo-Mode","$v":"ફોટો મોડ"},{"$i":"Video-Mode","$v":"વિડિયો મોડ"},{"$i":"options","$v":"વિકલ્પ"},{"$i":"open-gallery","$v":"ગૅલેરી ખોલો"},{"$i":"preview","$v":"પ્રિવ્યુ"},{"$i":"tcl-flash","$v":"ફ્લેશ"},{"$i":"tcl-hdr","$v":"HDR"},{"$i":"tcl-grid","$v":"ગ્રિડ"},{"$i":"tcl-timer","$v":"સેલ્ફ ટાઈમર"},{"$i":"tcl-timer-option","$v":{"zero":[{"t":"idOrVar","v":"n"}," સેકન્ડ"],"one":[{"t":"idOrVar","v":"n"}," સેકન્ડ"],"two":[{"t":"idOrVar","v":"n"}," સેકન્ડ"],"few":[{"t":"idOrVar","v":"n"}," સેકન્ડ"],"many":[{"t":"idOrVar","v":"n"}," સેકન્ડ"],"other":[{"t":"idOrVar","v":"n"}," સેકન્ડ"]},"$x":[{"t":"idOrVar","v":"plural"},"n"]},{"$i":"tcl-gallery","$v":"ગેલેરી"},{"$i":"tcl-gallery-option","$v":"ગેલેરી એપ્લિકેશન પર જાઓ"},{"$i":"tcl-videos","$v":"વિડિયો"},{"$i":"tcl-videos-option","$v":"વિડિયો એપ્લિકેશન પર જાઓ"},{"$i":"tcl-on","$v":"ચાલુ"},{"$i":"tcl-off","$v":"બંધ"},{"$i":"tcl-auto","$v":"સ્વતઃ"},{"$i":"tcl-options","$v":"વિકલ્પ"},{"$i":"tcl-camera-mode","$v":"ફોટો પર સ્વિચ કરવામાં આવ્યું"},{"$i":"tcl-video-mode","$v":"વિડિયો પર સ્વિચ કરવામાં આવ્યું"},{"$i":"tcl-turn-on","$v":"ચાલુ."},{"$i":"tcl-turn-off","$v":"બંધ કર્યું."},{"$i":"tcl-activity-cancel","$v":"રદ કરો"},{"$i":"tcl-activity-retake","$v":"ફરીથી લેવાયો"},{"$i":"activity-done","$v":"થઈ ગયું"},{"$i":"tcl-activity-save","$v":"સેવ કરો"},{"$i":"tcl-video-saved","$v":"વિડિયો સચવાયો"},{"$i":"turn-on","$v":"ચાલુ."},{"$i":"turn-off","$v":"બંધ કર્યું."},{"$i":"switch-modes","$v":"મોડ"},{"$i":"photo-mode","$v":"ફોટો મોડ"},{"$i":"video-mode","$v":"વિડિયો મોડ"},{"$i":"switch-resolution","$v":"રિઝોલ્યુશન"},{"$i":"low-resolution","$v":"ઓછી છે"},{"$i":"medium-resolution","$v":"માધ્યમ"},{"$i":"high-resolution","$v":"ઉચ્ચ"},{"$i":"set-resolution-to","$v":"રિઝોલ્યુશન આના પર સેટ કરેલ છે"},{"$i":"pause","$v":"થોભો"},{"$i":"close-menu-button","ariaLabel":"મેનૂ બંધ કરો"},{"$i":"back-button","ariaLabel":"પાછળ"},{"$i":"setting-option","ariaLabel":[{"t":"idOrVar","v":"value"}]},{"$i":"setting-option-hdr","ariaLabel":["HDR ",{"t":"idOrVar","v":"value"}]},{"$i":"setting-option-self-timer","ariaLabel":["સેલ્ફ ટાઈમર ",{"t":"idOrVar","v":"value"}]},{"$i":"setting-option-grid","ariaLabel":["ગ્રિડ લાઇન્સ ",{"t":"idOrVar","v":"value"}]},{"$i":"setting-option-scene-mode","ariaLabel":["સીન મોડ ",{"t":"idOrVar","v":"value"}]},{"$i":"setting-option-camera-resolution","ariaLabel":["કૅમેરા રિઝોલ્યુશન ",{"t":"idOrVar","v":"value"}]},{"$i":"setting-option-video-resolution","ariaLabel":["વિડિઓ રિઝોલ્યુશન ",{"t":"idOrVar","v":"value"}]},{"$i":"flash-on-button","ariaLabel":"ફ્લૅશ ચાલુ"},{"$i":"flash-off-button","ariaLabel":"ફ્લૅશ બંધ"},{"$i":"flash-auto-button","ariaLabel":"સ્વતઃ ફ્લૅશ"},{"$i":"switch-camera","$v":"કેમેરા ની પસંદગી"},{"$i":"toggle-camera-rear-button","$v":"પાછળનો કૅમેરા"},{"$i":"toggle-camera-front-button","$v":"આગળનો કેમેરો"},{"$i":"menu-button","ariaLabel":"મેન્યુ"},{"$i":"preview-button","ariaLabel":"પ્રિવ્યુ"},{"$i":"controls-button-close","ariaLabel":"બંધ કરો"},{"$i":"share-button","ariaLabel":"શેઅર કરો"},{"$i":"more-button","ariaLabel":"વધુ"},{"$i":"media-frame","ariaLabel":[{"t":"idOrVar","v":"total"},"ની ",{"t":"idOrVar","v":"current"}," ફ્રેમ"],"ariaMozHint":"આગલા પર જવા માટે 2 આંગળીઓ સાથે ડાબે સ્વાઇપ કરો અથવા અગાઉ પર જવા માટે જમણે સ્વાઇપ કરો"},{"$i":"tcl-zoom","$v":"ઝુમ કરો"},{"$i":"tcl-zoom-in","$v":"ઝૂમ ઈન કરો"},{"$i":"tcl-zoom-out","$v":"ઝૂમ આઉટ કરો"},{"$i":"tcl-share","$v":"શેઅર કરો"},{"$i":"set-as-wallpaper","$v":"વોલપેપર તરીકે સેટ કરો"},{"$i":"set","$v":"સેટ કરો"},{"$i":"wallpaper-set","$v":"વૉલપેપર સેટ."},{"$i":"tcl-photo-deleted","$v":"ફોટો દૂર કરવામાં આવ્યો"},{"$i":"tcl-ok","$v":"ઑકે"},{"$i":"ftu-info","$v":"ફોટો અને વિડિયો મોડ્સમાં સ્વિચ કરવા માટે ડાબી અને જમણી કી દબાવો."},{"$i":"tcl-full-screen","$v":"ફૂલસ્ક્રીન"},{"$i":"tcl-video-deleted","$v":"વિડિયો દૂર કરવામાં આવ્યો"},{"$i":"tcl-preview","$v":"પ્રિવ્યુ"},{"$i":"welcome","$v":"કેમેરામાં આપનું સ્વાગત છે"},{"$i":"ok","$v":"ઑકે"},{"$i":"tcl-option","$v":"વિકલ્પ"},{"$i":"tcl-camera","$v":"કૅમેરા"},{"$i":"tcl-alert-message","$v":"મેમરી કાર્ડ ભરેલું છે. કૃપા કરી કેટલાક ફોટા દૂર કરો અથવા એક અલગ મેમરી કાર્ડ દાખલ કરો."},{"$i":"tcl-error-message","$v":"ચિત્ર સેવ કરેલ નથી. કોઈ  ભૂલ ચિત્ર ને સેવ કરવામાં કેમેરા ને અટકાવે છે."},{"$i":"tcl-error-file-message","$v":"વિડિયો રેકોર્ડ કરવામાં આવ્યો નથી વિડિયો ફાઇલ પથ બનાવવામાં ત્રુટિ."},{"$i":"weekday-0-long","$v":"રવિવાર"},{"$i":"weekday-1-long","$v":"સોમવાર"},{"$i":"weekday-2-long","$v":"મંગળવાર"},{"$i":"weekday-3-long","$v":"બુધવાર"},{"$i":"weekday-4-long","$v":"ગુરૂવાર"},{"$i":"weekday-5-long","$v":"શુક્રવાર"},{"$i":"weekday-6-long","$v":"શનિવાર"},{"$i":"weekday-0-short","$v":"રવિ"},{"$i":"weekday-1-short","$v":"સોમ"},{"$i":"weekday-2-short","$v":"મંગળ"},{"$i":"weekday-3-short","$v":"બુધ"},{"$i":"weekday-4-short","$v":"ગુરુ"},{"$i":"weekday-5-short","$v":"શુક્રવાર"},{"$i":"weekday-6-short","$v":"શનિ"},{"$i":"month-0-long","$v":"જાન્યુઆરી"},{"$i":"month-1-long","$v":"ફેબ્રુઆરી"},{"$i":"month-2-long","$v":"માર્ચ"},{"$i":"month-3-long","$v":"એપ્રિલ"},{"$i":"month-4-long","$v":"મે"},{"$i":"month-5-long","$v":"જૂન"},{"$i":"month-6-long","$v":"જુલાઈ"},{"$i":"month-7-long","$v":"ઓગસ્ટ"},{"$i":"month-8-long","$v":"સપ્ટેમ્બર"},{"$i":"month-9-long","$v":"ઓક્ટોબર"},{"$i":"month-10-long","$v":"નવેમ્બર"},{"$i":"month-11-long","$v":"ડિસેમ્બર"},{"$i":"month-0-genitive","$v":"જાન્યુઆરી"},{"$i":"month-1-genitive","$v":"ફેબ્રુઆરી"},{"$i":"month-2-genitive","$v":"માર્ચ"},{"$i":"month-3-genitive","$v":"એપ્રિલ"},{"$i":"month-4-genitive","$v":"મે"},{"$i":"month-5-genitive","$v":"જૂન"},{"$i":"month-6-genitive","$v":"જુલાઈ"},{"$i":"month-7-genitive","$v":"ઓગસ્ટ"},{"$i":"month-8-genitive","$v":"સપ્ટેમ્બર"},{"$i":"month-9-genitive","$v":"ઓક્ટોબર"},{"$i":"month-10-genitive","$v":"નવેમ્બર"},{"$i":"month-11-genitive","$v":"ડિસેમ્બર"},{"$i":"month-0-short","$v":"જાન્યુઆરી"},{"$i":"month-1-short","$v":"ફેબ્રુઆરી"},{"$i":"month-2-short","$v":"માર્ચ"},{"$i":"month-3-short","$v":"એપ્રિલ"},{"$i":"month-4-short","$v":"મે"},{"$i":"month-5-short","$v":"જૂન"},{"$i":"month-6-short","$v":"જુલાઈ"},{"$i":"month-7-short","$v":"ઓગસ્ટ"},{"$i":"month-8-short","$v":"સપ્ટેમ્બર"},{"$i":"month-9-short","$v":"ઓક્ટોબર"},{"$i":"month-10-short","$v":"નવેમ્બર"},{"$i":"month-11-short","$v":"ડિસેમ્બર"},{"$i":"minutes-ago-long","$v":{"zero":"અત્યારે જ","one":"એક મિનિટ પહેલાં","two":[{"t":"idOrVar","v":"value"}," મિનિટ પહેલા"],"few":[{"t":"idOrVar","v":"value"}," મિનિટ પહેલા"],"many":[{"t":"idOrVar","v":"value"}," મિનિટ પહેલા"],"other":[{"t":"idOrVar","v":"value"}," મિનિટ પહેલા"]},"$x":[{"t":"idOrVar","v":"plural"},"value"]},{"$i":"hours-ago-long","$v":{"zero":"અત્યારે જ","one":"એક કલાક પહેલાં","two":[{"t":"idOrVar","v":"value"}," કલાક પહેલા"],"few":[{"t":"idOrVar","v":"value"}," કલાક પહેલા"],"many":[{"t":"idOrVar","v":"value"}," કલાક પહેલા"],"other":[{"t":"idOrVar","v":"value"}," કલાક પહેલા"]},"$x":[{"t":"idOrVar","v":"plural"},"value"]},{"$i":"days-ago-long","$v":{"zero":"આજે","one":"ગઈકાલ","two":[{"t":"idOrVar","v":"value"}," દિવસ પહેલા"],"few":[{"t":"idOrVar","v":"value"}," દિવસ પહેલા"],"many":[{"t":"idOrVar","v":"value"}," દિવસ પહેલા"],"other":[{"t":"idOrVar","v":"value"}," દિવસ પહેલા"]},"$x":[{"t":"idOrVar","v":"plural"},"value"]},{"$i":"weeks-ago-long","$v":{"zero":"આ અઠવાડિયું","one":"ગયા અઠવાડિયે","two":[{"t":"idOrVar","v":"value"}," અઠવાડિયા પહેલા"],"few":[{"t":"idOrVar","v":"value"}," અઠવાડિયા પહેલા"],"many":[{"t":"idOrVar","v":"value"}," અઠવાડિયા પહેલા"],"other":[{"t":"idOrVar","v":"value"}," અઠવાડિયા પહેલા"]},"$x":[{"t":"idOrVar","v":"plural"},"value"]},{"$i":"months-ago-long","$v":{"zero":"આ મહિનો","one":"ગયા મહિને","two":[{"t":"idOrVar","v":"value"}," મહિના પહેલા"],"few":[{"t":"idOrVar","v":"value"}," મહિના પહેલા"],"many":[{"t":"idOrVar","v":"value"}," મહિના પહેલા"],"other":[{"t":"idOrVar","v":"value"}," મહિના પહેલા"]},"$x":[{"t":"idOrVar","v":"plural"},"value"]},{"$i":"years-ago-long","$v":{"zero":"આ વર્ષ","one":"ગયા વર્ષે","two":[{"t":"idOrVar","v":"value"}," વર્ષ પહેલા"],"few":[{"t":"idOrVar","v":"value"}," વર્ષ પહેલા"],"many":[{"t":"idOrVar","v":"value"}," વર્ષ પહેલા"],"other":[{"t":"idOrVar","v":"value"}," વર્ષ પહેલા"]},"$x":[{"t":"idOrVar","v":"plural"},"value"]},{"$i":"minutes-until-long","$v":{"zero":"હમણાં","one":"એક મિનિટમાં","two":[{"t":"idOrVar","v":"value"}," મિનિટમાં"],"few":[{"t":"idOrVar","v":"value"}," મિનિટમાં"],"many":[{"t":"idOrVar","v":"value"}," મિનિટમાં"],"other":[{"t":"idOrVar","v":"value"}," મિનિટમાં"]},"$x":[{"t":"idOrVar","v":"plural"},"value"]},{"$i":"hours-until-long","$v":{"zero":"હમણાં","one":"એક કલાકમાં","two":[{"t":"idOrVar","v":"value"}," કલાકમાં"],"few":[{"t":"idOrVar","v":"value"}," કલાકમાં"],"many":[{"t":"idOrVar","v":"value"}," કલાકમાં"],"other":[{"t":"idOrVar","v":"value"}," કલાકમાં"]},"$x":[{"t":"idOrVar","v":"plural"},"value"]},{"$i":"days-until-long","$v":{"zero":"આજે","one":"આવતીકાલ","two":[{"t":"idOrVar","v":"value"}," દિવસમાં"],"few":[{"t":"idOrVar","v":"value"}," દિવસમાં"],"many":[{"t":"idOrVar","v":"value"}," દિવસમાં"],"other":[{"t":"idOrVar","v":"value"}," દિવસમાં"]},"$x":[{"t":"idOrVar","v":"plural"},"value"]},{"$i":"weeks-until-long","$v":{"zero":"આ અઠવાડિયું","one":"આગળનું અઠવાડિયું","two":[{"t":"idOrVar","v":"value"}," અઠવાડિયામાં"],"few":[{"t":"idOrVar","v":"value"}," અઠવાડિયામાં"],"many":[{"t":"idOrVar","v":"value"}," અઠવાડિયામાં"],"other":[{"t":"idOrVar","v":"value"}," અઠવાડિયામાં"]},"$x":[{"t":"idOrVar","v":"plural"},"value"]},{"$i":"months-until-long","$v":{"zero":"આ મહિનો","one":"આગળનો મહિનો","two":[{"t":"idOrVar","v":"value"}," મહિનામાં"],"few":[{"t":"idOrVar","v":"value"}," મહિનામાં"],"many":[{"t":"idOrVar","v":"value"}," મહિનામાં"],"other":[{"t":"idOrVar","v":"value"}," મહિનામાં"]},"$x":[{"t":"idOrVar","v":"plural"},"value"]},{"$i":"years-until-long","$v":{"zero":"આ વર્ષ","one":"આગળનું વર્ષ","two":[{"t":"idOrVar","v":"value"}," વર્ષમાં"],"few":[{"t":"idOrVar","v":"value"}," વર્ષમાં"],"many":[{"t":"idOrVar","v":"value"}," વર્ષમાં"],"other":[{"t":"idOrVar","v":"value"}," વર્ષમાં"]},"$x":[{"t":"idOrVar","v":"plural"},"value"]},{"$i":"minutes-ago-short","$v":{"zero":"અત્યારે જ","other":[{"t":"idOrVar","v":"value"},"મિનિટ પહેલા"]},"$x":[{"t":"idOrVar","v":"plural"},"value"]},{"$i":"hours-ago-short","$v":{"zero":"અત્યારે જ","other":[{"t":"idOrVar","v":"value"},"કલાક પહેલા"]},"$x":[{"t":"idOrVar","v":"plural"},"value"]},{"$i":"days-ago-short","$v":{"zero":"આજે","other":[{"t":"idOrVar","v":"value"},"દિવસ પહેલા"]},"$x":[{"t":"idOrVar","v":"plural"},"value"]},{"$i":"minutes-until-short","$v":{"zero":"હમણાં","other":[{"t":"idOrVar","v":"value"},"મિનિટ માં"]},"$x":[{"t":"idOrVar","v":"plural"},"value"]},{"$i":"hours-until-short","$v":{"zero":"હમણાં","other":[{"t":"idOrVar","v":"value"},"કલાક માં"]},"$x":[{"t":"idOrVar","v":"plural"},"value"]},{"$i":"days-until-short","$v":{"zero":"આજે","other":[{"t":"idOrVar","v":"value"},"દિવસ માં"]},"$x":[{"t":"idOrVar","v":"plural"},"value"]},{"$i":"incorrectDate","$v":"(ખોટી તારીખ)"},{"$i":"dateTimeFormat_%c","$v":"%a %b %e %Y %I:%M:%S %p"},{"$i":"dateTimeFormat_%x","$v":"%m/%d/%Y"},{"$i":"dateTimeFormat_%X","$v":"%I:%M:%S %p"},{"$i":"shortTimeFormat","$v":"%I:%M %p"},{"$i":"shortTimeFormat12","$v":"%I:%M %p"},{"$i":"shortTimeFormat24","$v":"%H:%M"},{"$i":"shortDateTimeFormat","$v":"%x %I:%M %p"},{"$i":"weekStartsOnMonday","$v":"0"},{"$i":"firstDayOfTheWeek","$v":"0"},{"$i":"time_am","$v":"AM"},{"$i":"time_pm","$v":"PM"},{"$i":"imageDescription","$v":[{"t":"idOrVar","v":"orientation"}," ઇમેજ, %I:%M %p, %B %e, %Y"]},{"$i":"imageDescriptionNoTimestamp","$v":[{"t":"idOrVar","v":"orientation"}," ઇમેજ"]},{"$i":"videoDescription","$v":[{"t":"idOrVar","v":"orientation"}," વિડિયો, %I:%M %p, %B %e, %Y"]},{"$i":"videoDescriptionNoTimestamp","$v":[{"t":"idOrVar","v":"orientation"}," વિડિયો"]},{"$i":"orientationPortrait","$v":"પોર્ટરેટ"},{"$i":"orientationLandscape","$v":"લેન્ડસ્કેપ"},{"$i":"playbackPlay","ariaLabel":"વગાડો"},{"$i":"playbackPause","ariaLabel":"થોભો"},{"$i":"playbackNext","ariaLabel":"આગલું"},{"$i":"playbackPrevious","ariaLabel":"અગાઉનું"},{"$i":"playbackFullscreen","ariaLabel":"ફૂલસ્ક્રીન"},{"$i":"playbackSeekBar","ariaLabel":["સિક બાર, સમયગાળો ",{"t":"idOrVar","v":"duration"}]}]