[{"$i":"nospace2-title","$v":"मेमोरी कार्ड में पर्याप्त स्थान नहीं हैं"},{"$i":"nospace2-text","$v":"इंटर्नल मेमरी पूरा भरा हुआ हैं। कृपया कुछ फ़ोटो हटाएँ या एक मेमोरी कार्ड डालें।"},{"$i":"confirmation","$v":"पुष्टिकरण"},{"$i":"error-saving-title","$v":"तस्वीर सेव नहीं हुई"},{"$i":"error-saving-text","$v":"एक त्रुटि के कारण कैमरा तस्वीर सेव नहीं कर पाया"},{"$i":"error-recording-title","$v":"वीडियो रिकॉर्ड नहीं हुआ"},{"$i":"error-recording-text","$v":"एक त्रुटि के कारण कैमरा विडयो रिकॉर्ड नहीं कर पाया"},{"$i":"error-video-file-path-title","$v":"वीडियो रिकॉर्ड नहीं हुआ"},{"$i":"error-video-file-path-text","$v":"वीडियो फ़ाइल पथ बनाने में त्रुटि।"},{"$i":"nocard2-title","$v":"कोई मेमोरी कार्ड नहीं मिला"},{"$i":"nocard3-text","$v":"मेमोरी कार्ड नहीं मिला। कृपया तस्वीरें लेने के लिए मेमोरी कार्ड डालें।"},{"$i":"pluggedin2-title","$v":"फ़ोन प्लग इन होने पर कैमरे का उपयोग नहीं किया जा सकता"},{"$i":"pluggedin2-text","$v":"स्टोरेज उपयोग में हैं। कृपया तस्वीरें लेने के लिए फ़ोन को अनप्लग करें।"},{"$i":"storage-size-limit-reached","$v":"आपके मीडिया स्टोरेज में स्थान नहीं हैं।"},{"$i":"activity-size-limit-reached","$v":"आप इस अटैचमेंट के अधिकतम फ़ाइल आकार तक पहुँच चुके हैं।"},{"$i":"camera","$v":"कैमरा"},{"$i":"retake-button","$v":"पुनः लें"},{"$i":"select-button","$v":"चुनिए"},{"$i":"close-button","$v":"बंद करें"},{"$i":"delete-photo?","$v":"फ़ोटो हटाएँ?"},{"$i":"delete-video?","$v":"वीडियो हटाएँ?"},{"$i":"cancel","$v":"रद्द करना"},{"$i":"delete","$v":"हटाएँ"},{"$i":"mp","$v":"MP"},{"$i":"camera-resolution","$v":"कैमरा रेज़ल्यूशन"},{"$i":"camera-resolution-header","$v":[{"t":"idOrVar","v":"camera-resolution"}]},{"$i":"video-resolution","$v":"वीडियो रेज़ल्यूशन"},{"$i":"video-resolution-header","$v":[{"t":"idOrVar","v":"video-resolution"}]},{"$i":"scene-mode","$v":"सीन मोड"},{"$i":"scene-mode-header","$v":[{"t":"idOrVar","v":"scene-mode"}]},{"$i":"self-timer","$v":"सेल्फ-टाइमर"},{"$i":"self-timer-header","$v":[{"t":"idOrVar","v":"self-timer"}]},{"$i":"self-timer-off","$v":"ऑफ"},{"$i":"self-timer-3-seconds","$v":"3 सेकंड"},{"$i":"self-timer-5-seconds","$v":"5 सेकंड"},{"$i":"self-timer-10-seconds","$v":"10 सेकंड"},{"$i":"battery-shutdown-title","$v":"बैट्री कम हैं"},{"$i":"battery-shutdown-text","$v":"कैमरे का उपयोग करने के लिए बैट्री का स्तर बहुत कम हैं।"},{"$i":"battery-critical-text","$v":"गंभीर रूप से बैट्री कम हैं"},{"$i":"battery-verylow-text","$v":"10% बैट्री शेष हैं"},{"$i":"battery-low-text","$v":"15% बैट्री शेष हैं"},{"$i":"camera-unavailable-title","$v":"कैमरा अनुपलब्ध"},{"$i":"camera-unavailable-text","$v":"कैमरा किसी और ऐप के द्वारा उपयोग किया जा रहा हैं।"},{"$i":"hdr","$v":"HDR"},{"$i":"hdr-header","$v":[{"t":"idOrVar","v":"hdr"}]},{"$i":"hdr-on","$v":"ऑन"},{"$i":"hdr-off","$v":"ऑफ"},{"$i":"hdr-deactivated","$v":"(HDR निष्क्रिय कर दिया है )"},{"$i":"grid","$v":"ग्रिड लाइन्स"},{"$i":"grid-header","$v":[{"t":"idOrVar","v":"grid"}]},{"$i":"grid-on","$v":"ऑन"},{"$i":"grid-off","$v":"ऑफ"},{"$i":"flash","$v":"फ्लैश"},{"$i":"flash-on","$v":"ऑन"},{"$i":"flash-off","$v":"ऑफ"},{"$i":"flash-auto","$v":"स्वतः"},{"$i":"flash-deactivated","$v":"(फ्लैश निष्क्रिय कर दिया है)"},{"$i":"Photo-Mode","$v":"फ़ोटो मोड"},{"$i":"Video-Mode","$v":"वीडियो मोड"},{"$i":"options","$v":"विकल्प"},{"$i":"open-gallery","$v":"गैलरी खोलें"},{"$i":"preview","$v":"प्रीव्यू"},{"$i":"tcl-flash","$v":"फ्लैश"},{"$i":"tcl-hdr","$v":"HDR"},{"$i":"tcl-grid","$v":"ग्रिड"},{"$i":"tcl-timer","$v":"सेल्फ टाइमर"},{"$i":"tcl-timer-option","$v":{"zero":[{"t":"idOrVar","v":"n"}," सेकंड"],"one":[{"t":"idOrVar","v":"n"}," सेकंड"],"two":[{"t":"idOrVar","v":"n"}," सेंकड"],"few":[{"t":"idOrVar","v":"n"}," सेंकड"],"many":[{"t":"idOrVar","v":"n"}," सेंकड"],"other":[{"t":"idOrVar","v":"n"}," सेंकड"]},"$x":[{"t":"idOrVar","v":"plural"},"n"]},{"$i":"tcl-gallery","$v":"गैलरी"},{"$i":"tcl-gallery-option","$v":"गैलरी ऐप्लिकेशन पर जाएं"},{"$i":"tcl-videos","$v":"वीडियो"},{"$i":"tcl-videos-option","$v":"वीडियो ऐप्लिकेशन पर जाएं"},{"$i":"tcl-on","$v":"ऑन"},{"$i":"tcl-off","$v":"ऑफ"},{"$i":"tcl-auto","$v":"स्वतः"},{"$i":"tcl-options","$v":"विकल्प"},{"$i":"tcl-camera-mode","$v":"फ़ोटो पर स्विच किया गया"},{"$i":"tcl-video-mode","$v":"वीडियो पर स्विच किया गया"},{"$i":"tcl-turn-on","$v":"ऑन हुआ।"},{"$i":"tcl-turn-off","$v":"ऑफ हुआ।"},{"$i":"tcl-activity-cancel","$v":"रद्द करना"},{"$i":"tcl-activity-retake","$v":"पुनः लें"},{"$i":"activity-done","$v":"हो गया"},{"$i":"tcl-activity-save","$v":"सेव करें"},{"$i":"tcl-video-saved","$v":"वीडियो सेव गया"},{"$i":"turn-on","$v":"ऑन हुआ।"},{"$i":"turn-off","$v":"ऑफ हुआ।"},{"$i":"switch-modes","$v":"मोड"},{"$i":"photo-mode","$v":"फ़ोटो मोड"},{"$i":"video-mode","$v":"वीडियो मोड"},{"$i":"switch-resolution","$v":"रेज़ॉल्यूशन"},{"$i":"low-resolution","$v":"कम हैं"},{"$i":"medium-resolution","$v":"माध्यम"},{"$i":"high-resolution","$v":"उच्च"},{"$i":"set-resolution-to","$v":"रेज़ल्यूशन इस पर सेट करें"},{"$i":"pause","$v":"रोकें"},{"$i":"close-menu-button","ariaLabel":"मेन्यू बंद करें"},{"$i":"back-button","ariaLabel":"वापस जाएं"},{"$i":"setting-option","ariaLabel":[{"t":"idOrVar","v":"value"}]},{"$i":"setting-option-hdr","ariaLabel":["HDR ",{"t":"idOrVar","v":"value"}]},{"$i":"setting-option-self-timer","ariaLabel":["सेल्फ-टाइमर ",{"t":"idOrVar","v":"value"}]},{"$i":"setting-option-grid","ariaLabel":["ग्रिड लाइन्स ",{"t":"idOrVar","v":"value"}]},{"$i":"setting-option-scene-mode","ariaLabel":["सीन मोड ",{"t":"idOrVar","v":"value"}]},{"$i":"setting-option-camera-resolution","ariaLabel":["कैमरा रेज़ल्यूशन ",{"t":"idOrVar","v":"value"}]},{"$i":"setting-option-video-resolution","ariaLabel":["वीडियो रेज़ल्यूशन ",{"t":"idOrVar","v":"value"}]},{"$i":"flash-on-button","ariaLabel":"फ्लैश ऑन हैं"},{"$i":"flash-off-button","ariaLabel":"फ्लैश ऑफ हैं"},{"$i":"flash-auto-button","ariaLabel":"फ्लैश स्वतः"},{"$i":"switch-camera","$v":"कैमरा का चयन"},{"$i":"toggle-camera-rear-button","$v":"पीछे का कैमरा"},{"$i":"toggle-camera-front-button","$v":"आगे का कैमरा"},{"$i":"menu-button","ariaLabel":"मेन्यू"},{"$i":"preview-button","ariaLabel":"प्रीव्यू"},{"$i":"controls-button-close","ariaLabel":"बंद करें"},{"$i":"share-button","ariaLabel":"साझा करें"},{"$i":"more-button","ariaLabel":"अधिक"},{"$i":"media-frame","ariaLabel":[{"t":"idOrVar","v":"total"}," में से ",{"t":"idOrVar","v":"current"}," फ़्रेम"],"ariaMozHint":"अगले पर जाने के लिए 2 उंगलियों से बाईं ओर स्वाइप करें या पिछले पर जाने के लिए दाईं ओर स्वाइप करें"},{"$i":"tcl-zoom","$v":"ज़ूम करें"},{"$i":"tcl-zoom-in","$v":"ज़ूम इन करें"},{"$i":"tcl-zoom-out","$v":"ज़ूम आउट करें"},{"$i":"tcl-share","$v":"साझा करें"},{"$i":"set-as-wallpaper","$v":"वॉलपेपर के रूप में सेट करें"},{"$i":"set","$v":"सेट करें"},{"$i":"wallpaper-set","$v":"वॉलपेपर सेट।"},{"$i":"tcl-photo-deleted","$v":"फ़ोटो हटाया गया"},{"$i":"tcl-ok","$v":"ठीक हैं"},{"$i":"ftu-info","$v":"फ़ोटो और वीडियो मोड के बीच स्विच करने के लिए बायाँ और दायाँ की दबाएँ।"},{"$i":"tcl-full-screen","$v":"फुलस्क्रिन"},{"$i":"tcl-video-deleted","$v":"वीडियो हटाया गया"},{"$i":"tcl-preview","$v":"प्रीव्यू"},{"$i":"welcome","$v":"कैमरा में आपका स्वागत हैं"},{"$i":"ok","$v":"ठीक हैं"},{"$i":"tcl-option","$v":"विकल्प"},{"$i":"tcl-camera","$v":"कैमरा"},{"$i":"tcl-alert-message","$v":"मेमोरी कार्ड पूरा भरा हुआ हैं। कृपया कुछ फ़ोटो हटाएँ या कोई और मेमोरी कार्ड डालें।"},{"$i":"tcl-error-message","$v":"तस्वीर सेव नहीं हुई।एक त्रुटि के कारण कैमरा तस्वीर सेव नहीं कर पाया।"},{"$i":"tcl-error-file-message","$v":"वीडियो रिकॉर्ड नहीं हुआ. वीडियो फ़ाइल पाथ बनाने में त्रुटि हुई"},{"$i":"weekday-0-long","$v":"रविवार"},{"$i":"weekday-1-long","$v":"सोमवार"},{"$i":"weekday-2-long","$v":"मंगलवार"},{"$i":"weekday-3-long","$v":"बुधवार"},{"$i":"weekday-4-long","$v":"गुरुवार"},{"$i":"weekday-5-long","$v":"शुक्रवार"},{"$i":"weekday-6-long","$v":"शनिवार"},{"$i":"weekday-0-short","$v":"रवि"},{"$i":"weekday-1-short","$v":"सोम"},{"$i":"weekday-2-short","$v":"मंगल"},{"$i":"weekday-3-short","$v":"बुध"},{"$i":"weekday-4-short","$v":"गुरु"},{"$i":"weekday-5-short","$v":"शुक्र"},{"$i":"weekday-6-short","$v":"शनि"},{"$i":"month-0-long","$v":"जनवरी"},{"$i":"month-1-long","$v":"फरवरी"},{"$i":"month-2-long","$v":"मार्च"},{"$i":"month-3-long","$v":"अप्रैल"},{"$i":"month-4-long","$v":"मई"},{"$i":"month-5-long","$v":"जून"},{"$i":"month-6-long","$v":"जुलाई"},{"$i":"month-7-long","$v":"अगस्त"},{"$i":"month-8-long","$v":"सितंबर"},{"$i":"month-9-long","$v":"अक्टूबर"},{"$i":"month-10-long","$v":"नवंबर"},{"$i":"month-11-long","$v":"दिसंबर"},{"$i":"month-0-genitive","$v":"जनवरी"},{"$i":"month-1-genitive","$v":"फरवरी"},{"$i":"month-2-genitive","$v":"मार्च"},{"$i":"month-3-genitive","$v":"अप्रैल"},{"$i":"month-4-genitive","$v":"मई"},{"$i":"month-5-genitive","$v":"जून"},{"$i":"month-6-genitive","$v":"जुलाई"},{"$i":"month-7-genitive","$v":"अगस्त"},{"$i":"month-8-genitive","$v":"सितंबर"},{"$i":"month-9-genitive","$v":"अक्टूबर"},{"$i":"month-10-genitive","$v":"नवंबर"},{"$i":"month-11-genitive","$v":"दिसंबर"},{"$i":"month-0-short","$v":"जनवरी"},{"$i":"month-1-short","$v":"फरवरी"},{"$i":"month-2-short","$v":"मार्च"},{"$i":"month-3-short","$v":"अप्रैल"},{"$i":"month-4-short","$v":"मई"},{"$i":"month-5-short","$v":"जून"},{"$i":"month-6-short","$v":"जुलाई"},{"$i":"month-7-short","$v":"अगस्त"},{"$i":"month-8-short","$v":"सितंबर"},{"$i":"month-9-short","$v":"अक्टूबर"},{"$i":"month-10-short","$v":"नवंबर"},{"$i":"month-11-short","$v":"दिसंबर"},{"$i":"minutes-ago-long","$v":{"zero":"अभी","one":"एक मिनट पहले","two":[{"t":"idOrVar","v":"value"}," मिनट पहले"],"few":[{"t":"idOrVar","v":"value"}," मिनट पहले"],"many":[{"t":"idOrVar","v":"value"}," मिनट पहले"],"other":[{"t":"idOrVar","v":"value"}," मिनट पहले"]},"$x":[{"t":"idOrVar","v":"plural"},"value"]},{"$i":"hours-ago-long","$v":{"zero":"अभी","one":"एक घंटे पहले","two":[{"t":"idOrVar","v":"value"}," घंटे पहले"],"few":[{"t":"idOrVar","v":"value"}," घंटे पहले"],"many":[{"t":"idOrVar","v":"value"}," घंटे पहले"],"other":[{"t":"idOrVar","v":"value"}," घंटे पहले"]},"$x":[{"t":"idOrVar","v":"plural"},"value"]},{"$i":"days-ago-long","$v":{"zero":"आज","one":"बीता कल","two":[{"t":"idOrVar","v":"value"}," दिनों पहले"],"few":[{"t":"idOrVar","v":"value"}," दिनों पहले"],"many":[{"t":"idOrVar","v":"value"}," दिनों पहले"],"other":[{"t":"idOrVar","v":"value"}," दिनों पहले"]},"$x":[{"t":"idOrVar","v":"plural"},"value"]},{"$i":"weeks-ago-long","$v":{"zero":"इस सप्ताह","one":"पिछले सप्ताह","two":[{"t":"idOrVar","v":"value"}," सप्ताह पहले"],"few":[{"t":"idOrVar","v":"value"}," सप्ताह पहले"],"many":[{"t":"idOrVar","v":"value"}," सप्ताह पहले"],"other":[{"t":"idOrVar","v":"value"}," सप्ताह पहले"]},"$x":[{"t":"idOrVar","v":"plural"},"value"]},{"$i":"months-ago-long","$v":{"zero":"इस महीने","one":"पिछले महीने","two":[{"t":"idOrVar","v":"value"}," महीनों पहले"],"few":[{"t":"idOrVar","v":"value"}," महीनों पहले"],"many":[{"t":"idOrVar","v":"value"}," महीनों पहले"],"other":[{"t":"idOrVar","v":"value"}," महीनों पहले"]},"$x":[{"t":"idOrVar","v":"plural"},"value"]},{"$i":"years-ago-long","$v":{"zero":"इस वर्ष","one":"पिछले वर्ष","two":[{"t":"idOrVar","v":"value"}," वर्ष पहले"],"few":[{"t":"idOrVar","v":"value"}," वर्ष पहले"],"many":[{"t":"idOrVar","v":"value"}," वर्ष पहले"],"other":[{"t":"idOrVar","v":"value"}," वर्ष पहले"]},"$x":[{"t":"idOrVar","v":"plural"},"value"]},{"$i":"minutes-until-long","$v":{"zero":"अभी","one":"एक मिनट में","two":[{"t":"idOrVar","v":"value"}," मिनट में"],"few":[{"t":"idOrVar","v":"value"}," मिनट में"],"many":[{"t":"idOrVar","v":"value"}," मिनट में"],"other":[{"t":"idOrVar","v":"value"}," मिनट में"]},"$x":[{"t":"idOrVar","v":"plural"},"value"]},{"$i":"hours-until-long","$v":{"zero":"अभी","one":"एक घंटे में","two":[{"t":"idOrVar","v":"value"}," घंटों में"],"few":[{"t":"idOrVar","v":"value"}," घंटों में"],"many":[{"t":"idOrVar","v":"value"}," घंटों में"],"other":[{"t":"idOrVar","v":"value"}," घंटों में"]},"$x":[{"t":"idOrVar","v":"plural"},"value"]},{"$i":"days-until-long","$v":{"zero":"आज","one":"कल","two":[{"t":"idOrVar","v":"value"}," दिनों में"],"few":[{"t":"idOrVar","v":"value"}," दिनों में"],"many":[{"t":"idOrVar","v":"value"}," दिनों में"],"other":[{"t":"idOrVar","v":"value"}," दिनों में"]},"$x":[{"t":"idOrVar","v":"plural"},"value"]},{"$i":"weeks-until-long","$v":{"zero":"इस सप्ताह","one":"अगले सप्ताह","two":[{"t":"idOrVar","v":"value"}," सप्ताह में"],"few":[{"t":"idOrVar","v":"value"}," सप्ताह में"],"many":[{"t":"idOrVar","v":"value"}," सप्ताह में"],"other":[{"t":"idOrVar","v":"value"}," सप्ताह में"]},"$x":[{"t":"idOrVar","v":"plural"},"value"]},{"$i":"months-until-long","$v":{"zero":"इस महीने","one":"अगले महीने","two":[{"t":"idOrVar","v":"value"}," महीनो में"],"few":[{"t":"idOrVar","v":"value"}," महीनो में"],"many":[{"t":"idOrVar","v":"value"}," महीनो में"],"other":[{"t":"idOrVar","v":"value"}," महीनो में"]},"$x":[{"t":"idOrVar","v":"plural"},"value"]},{"$i":"years-until-long","$v":{"zero":"इस वर्ष","one":"अगले वर्ष","two":[{"t":"idOrVar","v":"value"}," वर्षों में"],"few":[{"t":"idOrVar","v":"value"}," वर्षों में"],"many":[{"t":"idOrVar","v":"value"}," वर्षों में"],"other":[{"t":"idOrVar","v":"value"}," वर्षों में"]},"$x":[{"t":"idOrVar","v":"plural"},"value"]},{"$i":"minutes-ago-short","$v":{"zero":"अभी","other":[{"t":"idOrVar","v":"value"}," मिनट पहले"]},"$x":[{"t":"idOrVar","v":"plural"},"value"]},{"$i":"hours-ago-short","$v":{"zero":"अभी","other":[{"t":"idOrVar","v":"value"}," घंटे पहले"]},"$x":[{"t":"idOrVar","v":"plural"},"value"]},{"$i":"days-ago-short","$v":{"zero":"आज","other":[{"t":"idOrVar","v":"value"}," दिनों पहले"]},"$x":[{"t":"idOrVar","v":"plural"},"value"]},{"$i":"minutes-until-short","$v":{"zero":"अभी","other":[{"t":"idOrVar","v":"value"},"मिनिट में"]},"$x":[{"t":"idOrVar","v":"plural"},"value"]},{"$i":"hours-until-short","$v":{"zero":"अभी","other":[{"t":"idOrVar","v":"value"},"घंटे में"]},"$x":[{"t":"idOrVar","v":"plural"},"value"]},{"$i":"days-until-short","$v":{"zero":"आज","other":[{"t":"idOrVar","v":"value"},"दिन में"]},"$x":[{"t":"idOrVar","v":"plural"},"value"]},{"$i":"incorrectDate","$v":"(गलत दिनांक)"},{"$i":"dateTimeFormat_%c","$v":"%a %b %e %Y %I:%M:%S %p"},{"$i":"dateTimeFormat_%x","$v":"%m/%d/%Y"},{"$i":"dateTimeFormat_%X","$v":"%I:%M:%S %p"},{"$i":"shortTimeFormat","$v":"%I:%M %p"},{"$i":"shortTimeFormat12","$v":"%I:%M %p"},{"$i":"shortTimeFormat24","$v":"%H:%M"},{"$i":"shortDateTimeFormat","$v":"%x %I:%M %p"},{"$i":"weekStartsOnMonday","$v":"0"},{"$i":"firstDayOfTheWeek","$v":"0"},{"$i":"time_am","$v":"AM"},{"$i":"time_pm","$v":"PM"},{"$i":"imageDescription","$v":[{"t":"idOrVar","v":"orientation"}," छवि, %I:%M %p, %B %e, %Y"]},{"$i":"imageDescriptionNoTimestamp","$v":[{"t":"idOrVar","v":"orientation"}," छवि"]},{"$i":"videoDescription","$v":[{"t":"idOrVar","v":"orientation"}," वीडियो, %I:%M %p, %B %e, %Y"]},{"$i":"videoDescriptionNoTimestamp","$v":[{"t":"idOrVar","v":"orientation"}," वीडियो"]},{"$i":"orientationPortrait","$v":"पोर्ट्रेट"},{"$i":"orientationLandscape","$v":"लैंडस्केप"},{"$i":"playbackPlay","ariaLabel":"बजाए"},{"$i":"playbackPause","ariaLabel":"रोकें"},{"$i":"playbackNext","ariaLabel":"अगला"},{"$i":"playbackPrevious","ariaLabel":"पिछला"},{"$i":"playbackFullscreen","ariaLabel":"फुलस्क्रिन"},{"$i":"playbackSeekBar","ariaLabel":["सीक बार, अवधि ",{"t":"idOrVar","v":"duration"}]}]