[{"$i":"nospace2-title","$v":"ಮೆಮೊರಿ ಕಾರ್ಡ್ನಲ್ಲಿ ಸಾಕಷ್ಟು ಸ್ಥಳವಿಲ್ಲ"},{"$i":"nospace2-text","$v":"ಇಂಟರ್ನಲ್ ಮೆಮೋರಿ ಭರ್ತಿಯಾಗಿದೆ ದಯವಿಟ್ಟು ಕೆಲವು ಫೊಟೋಗಳನ್ನು ಬಿಡುಗಡೆ ಮಾಡಿ ಅಥವಾ ಒಂದು ಮೆಮೊರಿ ಕಾರ್ಡ್ ಸೇರಿಸಿ."},{"$i":"confirmation","$v":"ದೃಢೀಕರಣ"},{"$i":"error-saving-title","$v":"ಚಿತ್ರ ಉಳಿಸಲ್ಪಟ್ಟಿಲ್ಲ"},{"$i":"error-saving-text","$v":"ಚಿತ್ರವನ್ನು ಉಳಿಸುವಲ್ಲಿ ಕ್ಯಾಮೆರಾ ದೋಷವನ್ನು ತಡೆಗಟ್ಟಿದೆ."},{"$i":"error-recording-title","$v":"ವೀಡಿಯೊ ರೆಕಾರ್ಡ್‌ ಆಗಿಲ್ಲ"},{"$i":"error-recording-text","$v":"ಒಂದು ದೋಷವು ವೀಡಿಯೊ ರಿಕಾರ್ಡ್ ಮಾಡುವುದರಿಂದ ಕ್ಯಾಮರಾವನ್ನು ತಡೆದಿದೆ."},{"$i":"error-video-file-path-title","$v":"ವೀಡಿಯೊ ರೆಕಾರ್ಡ್‌ ಆಗಿಲ್ಲ"},{"$i":"error-video-file-path-text","$v":"ವೀಡಿಯೊ ಫೈಲ್‌ ಪಥವನ್ನು ಸೃಷ್ಟಿಸುವಲ್ಲಿ ದೋಷ."},{"$i":"nocard2-title","$v":"ಯಾವುದೇ ಮೆಮೊರಿ ಕಾರ್ಡ್‌ ಕಂಡುಬಂದಿಲ್ಲ"},{"$i":"nocard3-text","$v":"ಮೆಮೊರಿ ಕಾರ್ಡ್ ಕಂಡಿಲ್ಲ ಚಿತ್ರ ತೆಗೆದುಕೊಳ್ಳಲು ದಯವಿಟ್ಟು ಒಂದು ಮೆಮೊರಿ ಕಾರ್ಡ್ ಅನ್ನು ಸೇರಿಸಿ."},{"$i":"pluggedin2-title","$v":"ಫೋನ್ ಪ್ಲಗಿನ್ ಆದಾಗ ಕ್ಯಾಮರಾ ಬಳಸಲಾಗದು"},{"$i":"pluggedin2-text","$v":"ಸ್ಟೋರೇಜ್ ಪ್ರಸ್ತುತ ಬಳಕೆಯಲ್ಲಿದೆ. ಚಿತ್ರಗಳನ್ನು ತೆಗೆಯಲು ದಯವಿಟ್ಟು ಫೋನ್ ಅನ್‌ಪ್ಲಗ್ ಮಾಡಿ."},{"$i":"storage-size-limit-reached","$v":"ನಿಮ್ಮ ಮೀಡಿಯಾ ಸಂಗ್ರಹ ಸ್ಥಳ ಖಾಲಿಯಾಗುತ್ತಿದೆ."},{"$i":"activity-size-limit-reached","$v":"ಈ ಅಟ್ಯಾಚ್‌ಮೆಂಟ್‌ಗೆ ನೀವು ಫೈಲ್ ಗರಿಷ್ಠ ಗಾತ್ರವನ್ನು ತಲುಪಿದ್ದೀರಿ."},{"$i":"camera","$v":"ಕ್ಯಾಮರಾ"},{"$i":"retake-button","$v":"ರಿಟೇಕ್ ಮಾಡಿ"},{"$i":"select-button","$v":"ಆಯ್ಕೆ ಮಾಡಿ"},{"$i":"close-button","$v":"ಮುಚ್ಚಿರಿ"},{"$i":"delete-photo?","$v":"ಫೋಟೋ ಅಳಿಸಿ?"},{"$i":"delete-video?","$v":"ವೀಡಿಯೊ ಅಳಿಸಿ?"},{"$i":"cancel","$v":"ರದ್ದು ಮಾಡಿ"},{"$i":"delete","$v":"ಅಳಿಸಿ"},{"$i":"mp","$v":"MP"},{"$i":"camera-resolution","$v":"ಕ್ಯಾಮರಾ ರಿಸಾಲ್ಯೂಷನ್"},{"$i":"camera-resolution-header","$v":[{"t":"idOrVar","v":"camera-resolution"}]},{"$i":"video-resolution","$v":"ವೀಡಿಯೊ ರೆಸೊಲ್ಯೂಶನ್"},{"$i":"video-resolution-header","$v":[{"t":"idOrVar","v":"video-resolution"}]},{"$i":"scene-mode","$v":"ಸೀನ್‌ ಮೋಡ್"},{"$i":"scene-mode-header","$v":[{"t":"idOrVar","v":"scene-mode"}]},{"$i":"self-timer","$v":"ಸೆಲ್ಫ್‌-ಟೈಮರ್"},{"$i":"self-timer-header","$v":[{"t":"idOrVar","v":"self-timer"}]},{"$i":"self-timer-off","$v":"ಆಫ್"},{"$i":"self-timer-3-seconds","$v":"3 ಸೆಕೆಂಡುಗಳು"},{"$i":"self-timer-5-seconds","$v":"5 ಸೆಕೆಂಡುಗಳು"},{"$i":"self-timer-10-seconds","$v":"10 ಸೆಕೆಂಡುಗಳು"},{"$i":"battery-shutdown-title","$v":"ಬ್ಯಾಟರಿ ಕಡಿಮೆ ಇದೆ"},{"$i":"battery-shutdown-text","$v":"ಕ್ಯಾಮರಾ ಬಳಸಲು ಬ್ಯಾಟರಿ ಮಟ್ಟವು ತುಂಬಾ ಕಡಿಮೆ ಇದೆ."},{"$i":"battery-critical-text","$v":"ಬ್ಯಾಟರಿ ತುಂಬಾ ಕಡಿಮೆಯಿದೆ"},{"$i":"battery-verylow-text","$v":"10% ಬ್ಯಾಟರಿ ಬಾಕಿ ಉಳಿದಿದೆ"},{"$i":"battery-low-text","$v":"15% ಬ್ಯಾಟರಿ ಬಾಕಿ ಉಳಿದಿದೆ"},{"$i":"camera-unavailable-title","$v":"ಕ್ಯಾಮರಾ ಲಭ್ಯವಿಲ್ಲ"},{"$i":"camera-unavailable-text","$v":"ಕ್ಯಾಮರಾವನ್ನು ಇನ್ನೊಂದು ಆಪ್‌ನಿಂದ ಬಳಸಲಾಗುತ್ತಿದೆ."},{"$i":"hdr","$v":"HDR"},{"$i":"hdr-header","$v":[{"t":"idOrVar","v":"hdr"}]},{"$i":"hdr-on","$v":"ರಂದು"},{"$i":"hdr-off","$v":"ಆಫ್"},{"$i":"hdr-deactivated","$v":"(HDR ನಿಷ್ಕ್ರಿಯಗೊಳಿಸಲಾಗಿದೆ)"},{"$i":"grid","$v":"ಗ್ರಿಡ್ ಲೈನ್ಸ್"},{"$i":"grid-header","$v":[{"t":"idOrVar","v":"grid"}]},{"$i":"grid-on","$v":"ರಂದು"},{"$i":"grid-off","$v":"ಆಫ್"},{"$i":"flash","$v":"ಫ್ಲ್ಯಾಶ್"},{"$i":"flash-on","$v":"ರಂದು"},{"$i":"flash-off","$v":"ಆಫ್"},{"$i":"flash-auto","$v":"ಸ್ವಯಂ"},{"$i":"flash-deactivated","$v":"(ಫ್ಲ್ಯಾಶ್ ನಿಷ್ಕ್ರಿಯಗೊಳಿಸಲಾಗಿದೆ)"},{"$i":"Photo-Mode","$v":"ಫೋಟೋ ಮೋಡ್"},{"$i":"Video-Mode","$v":"ವೀಡಿಯೊ ಮೋಡ್"},{"$i":"options","$v":"ಆಯ್ಕೆಗಳು"},{"$i":"open-gallery","$v":"ಗ್ಯಾಲರಿ ತೆರೆಯಿರಿ"},{"$i":"preview","$v":"ಪ್ರಿವ್ಯೂ"},{"$i":"tcl-flash","$v":"ಫ್ಲ್ಯಾಶ್"},{"$i":"tcl-hdr","$v":"HDR"},{"$i":"tcl-grid","$v":"ಗ್ರಿಡ್"},{"$i":"tcl-timer","$v":"ಸೆಲ್ಫ್‌ ಟೈಮರ್"},{"$i":"tcl-timer-option","$v":{"zero":[{"t":"idOrVar","v":"n"}," ಸೆಕೆಂಡ್"],"one":[{"t":"idOrVar","v":"n"}," ಸೆಕೆಂಡ್"],"two":[{"t":"idOrVar","v":"n"}," ಸೆಕೆಂಡ್‌ಗಳು"],"few":[{"t":"idOrVar","v":"n"}," ಸೆಕೆಂಡ್‌ಗಳು"],"many":[{"t":"idOrVar","v":"n"}," ಸೆಕೆಂಡ್‌ಗಳು"],"other":[{"t":"idOrVar","v":"n"}," ಸೆಕೆಂಡ್‌ಗಳು"]},"$x":[{"t":"idOrVar","v":"plural"},"n"]},{"$i":"tcl-gallery","$v":"ಗ್ಯಾಲರಿ"},{"$i":"tcl-gallery-option","$v":"ಗ್ಯಾಲರಿ ಅಪ್ಲಿಕೇಷನ್‌ಗೆ ಹೋಗಿ"},{"$i":"tcl-videos","$v":"ವೀಡಿಯೊ"},{"$i":"tcl-videos-option","$v":"ವೀಡಿಯೊ ಅಪ್ಲಿಕೇಷನ್‌ಗೆ ಹೋಗಿ"},{"$i":"tcl-on","$v":"ರಂದು"},{"$i":"tcl-off","$v":"ಆಫ್"},{"$i":"tcl-auto","$v":"ಸ್ವಯಂ"},{"$i":"tcl-options","$v":"ಆಯ್ಕೆಗಳು"},{"$i":"tcl-camera-mode","$v":"ಫೋಟೋಗೆ ಬದಲಿಸಲಾಗಿದೆ"},{"$i":"tcl-video-mode","$v":"ವೀಡಿಯೋಗೆ ಬದಲಿಸಲಾಗಿದೆ"},{"$i":"tcl-turn-on","$v":"ಆನ್ ಮಾಡಲಾಗಿದೆ."},{"$i":"tcl-turn-off","$v":"ಆಫ್‌ ಮಾಡಲಾಗಿದೆ."},{"$i":"tcl-activity-cancel","$v":"ರದ್ದು ಮಾಡಿ"},{"$i":"tcl-activity-retake","$v":"ರಿಟೇಕ್ ಮಾಡಿ"},{"$i":"activity-done","$v":"ಮುಗಿದಿದೆ"},{"$i":"tcl-activity-save","$v":"ಸೇವ್ ಮಾಡಿ"},{"$i":"tcl-video-saved","$v":"ವೀಡಿಯೊ ಉಳಿಸಲಾಗಿದೆ"},{"$i":"turn-on","$v":"ಆನ್ ಮಾಡಲಾಗಿದೆ."},{"$i":"turn-off","$v":"ಆಫ್‌ ಮಾಡಲಾಗಿದೆ."},{"$i":"switch-modes","$v":"ಮೋಡ್‌ಗಳು"},{"$i":"photo-mode","$v":"ಫೋಟೋ ಮೋಡ್"},{"$i":"video-mode","$v":"ವೀಡಿಯೊ ಮೋಡ್"},{"$i":"switch-resolution","$v":"ರಿಸೊಲ್ಯುಶನ್"},{"$i":"low-resolution","$v":"ಕಡಿಮೆ ಇದೆ"},{"$i":"medium-resolution","$v":"ಮಧ್ಯಮ"},{"$i":"high-resolution","$v":"ಅಧಿಕ"},{"$i":"set-resolution-to","$v":"ರಿಸೊಲ್ಯುಶನ್ ಅನ್ನು ಇದಕ್ಕೆ ಹೊಂದಿಸಲಾಗಿದೆ"},{"$i":"pause","$v":"ವಿರಾಮಗೊಳಿಸು"},{"$i":"close-menu-button","ariaLabel":"ಮೆನು ಮುಚ್ಚಿರಿ"},{"$i":"back-button","ariaLabel":"ಹಿಂದೆ"},{"$i":"setting-option","ariaLabel":[{"t":"idOrVar","v":"value"}]},{"$i":"setting-option-hdr","ariaLabel":["HDR ",{"t":"idOrVar","v":"value"}]},{"$i":"setting-option-self-timer","ariaLabel":["ಸೆಲ್ಫ್‌-ಟೈಮರ್ ",{"t":"idOrVar","v":"value"}]},{"$i":"setting-option-grid","ariaLabel":["ಗ್ರಿಡ್ ಲೈನ್ಸ್ ",{"t":"idOrVar","v":"value"}]},{"$i":"setting-option-scene-mode","ariaLabel":["ಸೀನ್ ಮೋಡ್ ",{"t":"idOrVar","v":"value"}]},{"$i":"setting-option-camera-resolution","ariaLabel":["ಕ್ಯಾಮರಾ ರಿಸಾಲ್ಯೂಷನ್ ",{"t":"idOrVar","v":"value"}]},{"$i":"setting-option-video-resolution","ariaLabel":["ವೀಡಿಯೊ ರೆಸೊಲ್ಯುಶನ್ ",{"t":"idOrVar","v":"value"}]},{"$i":"flash-on-button","ariaLabel":"ಫ್ಲ್ಯಾಶ್ ಆನ್ ಆಗಿದೆ"},{"$i":"flash-off-button","ariaLabel":"ಫ್ಲ್ಯಾಶ್ ಆಫ್ ಆಗಿದೆ"},{"$i":"flash-auto-button","ariaLabel":"ಫ್ಲ್ಯಾಶ್ ಆಟೋ"},{"$i":"switch-camera","$v":"ಕ್ಯಾಮೆರಾ ಆಯ್ಕೆ ಮಾಡಿ"},{"$i":"toggle-camera-rear-button","$v":"ಹಿಂದಿನ ಕ್ಯಾಮರಾ"},{"$i":"toggle-camera-front-button","$v":"ಮುಂಭಾಗದ ಕ್ಯಾಮರಾ"},{"$i":"menu-button","ariaLabel":"ಮೆನು"},{"$i":"preview-button","ariaLabel":"ಪ್ರಿವ್ಯೂ"},{"$i":"controls-button-close","ariaLabel":"ಮುಚ್ಚಿರಿ"},{"$i":"share-button","ariaLabel":"ಹಂಚು"},{"$i":"more-button","ariaLabel":"ಇನ್ನಷ್ಟು"},{"$i":"media-frame","ariaLabel":["ಫ್ರೇಮ್ ",{"t":"idOrVar","v":"current"}," ಒಟ್ಟೂ ",{"t":"idOrVar","v":"total"}],"ariaMozHint":"ಮುಂದಿನದಕ್ಕೆ ಜಿಗಿಯಲು 2 ಬೆರಳುಗಳನ್ನು ಎಡಕ್ಕೆ ಸ್ವೈಪ್ ಮಾಡಿ ಅಥವಾ ಹಿಂದಿನದಕ್ಕೆ ಜಿಗಿಯಲು ಬಲಕ್ಕೆ ಸ್ವೈಪ್ ಮಾಡಿ"},{"$i":"tcl-zoom","$v":"ಝೂಮ್"},{"$i":"tcl-zoom-in","$v":"ಝೂಮ್ ಇನ್"},{"$i":"tcl-zoom-out","$v":"ಝೂಮ್ ಔಟ್"},{"$i":"tcl-share","$v":"ಹಂಚು"},{"$i":"set-as-wallpaper","$v":"ವಾಲ್‌ಪೇಪರ್ ಆಗಿ ಹೊಂದಿಸಿ"},{"$i":"set","$v":"ಹೊಂದಿಸಿ"},{"$i":"wallpaper-set","$v":"ವಾಲ್‌ಪೇಪರ್ ಹೊಂದಿಸಿ."},{"$i":"tcl-photo-deleted","$v":"ಫೋಟೋ ಅಳಿಸಲಾಗಿದೆ"},{"$i":"tcl-ok","$v":"ಸರಿ"},{"$i":"ftu-info","$v":"ಫೋಟೋ ಮತ್ತು ವೀಡಿಯೊ ಮೋಡ್‌ಗಳನ್ನು ಬದಲಿಸಲು ಎಡ ಮತ್ತು ಬಲ ಕೀಗಳನ್ನು ಒತ್ತಿ."},{"$i":"tcl-full-screen","$v":"ಫುಲ್ ಸ್ಕ್ರೀನ್"},{"$i":"tcl-video-deleted","$v":"ವೀಡಿಯೊ ಈಗಾಗಲೇ ಅಳಿಸಲಾಗಿದೆ"},{"$i":"tcl-preview","$v":"ಪ್ರಿವ್ಯೂ"},{"$i":"welcome","$v":"ಕ್ಯಾಮರಾಗೆ ಸ್ವಾಗತ"},{"$i":"ok","$v":"ಸರಿ"},{"$i":"tcl-option","$v":"ಆಯ್ಕೆಗಳು"},{"$i":"tcl-camera","$v":"ಕ್ಯಾಮರಾ"},{"$i":"tcl-alert-message","$v":"ಮೆಮೊರಿ ಕಾರ್ಡ್ ಭರ್ತಿಯಾಗಿದೆ. ದಯವಿಟ್ಟು ಕೆಲವು ಫೊಟೋಗಳನ್ನು ಬಿಡುಗಡೆ ಮಾಡಿ ಅಥವಾ ಬೇರೆ ಮೆಮೊರಿ ಕಾರ್ಡ್ ಸೇರಿಸಿ."},{"$i":"tcl-error-message","$v":"ಚಿತ್ರವನ್ನು ಉಳಿಸಲಾಗಿಲ್ಲ.ಕ್ಯಾಮರಾ ಚಿತ್ರಗಳನ್ನು ಉಳಿಸುವುದರಿಂದ ದೋಷವೊಂದು ತಡೆಗಟ್ಟಿದೆ"},{"$i":"tcl-error-file-message","$v":"ವೀಡಿಯೋ ರೆಕಾರ್ಡ್‌ ಆಗಿಲ್ಲ ವೀಡಿಯೋ ಫೈಲ್ ಪಾಥ್‌ ರಚಿಸುವಲ್ಲಿ ದೋಷ."},{"$i":"weekday-0-long","$v":"ಭಾನುವಾರ"},{"$i":"weekday-1-long","$v":"ಸೋಮವಾರ"},{"$i":"weekday-2-long","$v":"ಮಂಗಳವಾರ"},{"$i":"weekday-3-long","$v":"ಬುಧವಾರ"},{"$i":"weekday-4-long","$v":"ಗುರುವಾರ"},{"$i":"weekday-5-long","$v":"ಶುಕ್ರವಾರ"},{"$i":"weekday-6-long","$v":"ಶನಿವಾರ"},{"$i":"weekday-0-short","$v":"ಭಾನು"},{"$i":"weekday-1-short","$v":"ಸೋಮ"},{"$i":"weekday-2-short","$v":"ಮಂಗಳ"},{"$i":"weekday-3-short","$v":"ಬುಧ"},{"$i":"weekday-4-short","$v":"ಗುರು"},{"$i":"weekday-5-short","$v":"ಶುಕ್ರ"},{"$i":"weekday-6-short","$v":"ಶನಿವಾರ"},{"$i":"month-0-long","$v":"ಜನವರಿ"},{"$i":"month-1-long","$v":"ಫೆಬ್ರವರಿ"},{"$i":"month-2-long","$v":"ಮಾರ್ಚ್"},{"$i":"month-3-long","$v":"ಏಪ್ರಿಲ್"},{"$i":"month-4-long","$v":"ಮೇ"},{"$i":"month-5-long","$v":"ಜೂನ್"},{"$i":"month-6-long","$v":"ಜುಲೈ"},{"$i":"month-7-long","$v":"ಆಗಸ್ಟ್"},{"$i":"month-8-long","$v":"ಸಪ್ಟೆಂಬರ್"},{"$i":"month-9-long","$v":"ಅಕ್ಟೋಬರ್"},{"$i":"month-10-long","$v":"ನವೆಂಬರ್"},{"$i":"month-11-long","$v":"ಡಿಸೆಂಬರ್"},{"$i":"month-0-genitive","$v":"ಜನವರಿ"},{"$i":"month-1-genitive","$v":"ಫೆಬ್ರವರಿ"},{"$i":"month-2-genitive","$v":"ಮಾರ್ಚ್"},{"$i":"month-3-genitive","$v":"ಏಪ್ರಿಲ್"},{"$i":"month-4-genitive","$v":"ಮೇ"},{"$i":"month-5-genitive","$v":"ಜೂನ್"},{"$i":"month-6-genitive","$v":"ಜುಲೈ"},{"$i":"month-7-genitive","$v":"ಆಗಸ್ಟ್"},{"$i":"month-8-genitive","$v":"ಸಪ್ಟೆಂಬರ್"},{"$i":"month-9-genitive","$v":"ಅಕ್ಟೋಬರ್"},{"$i":"month-10-genitive","$v":"ನವೆಂಬರ್"},{"$i":"month-11-genitive","$v":"ಡಿಸೆಂಬರ್"},{"$i":"month-0-short","$v":"ಜನವರಿ"},{"$i":"month-1-short","$v":"ಫೆಬ್ರವರಿ"},{"$i":"month-2-short","$v":"ಮಾರ್ಚ್"},{"$i":"month-3-short","$v":"ಏಪ್ರಿಲ್"},{"$i":"month-4-short","$v":"ಮೇ"},{"$i":"month-5-short","$v":"ಜೂನ್"},{"$i":"month-6-short","$v":"ಜುಲೈ"},{"$i":"month-7-short","$v":"ಆಗಸ್ಟ್"},{"$i":"month-8-short","$v":"ಸೆಪ್ಟೆಂಬರ್"},{"$i":"month-9-short","$v":"ಅಕ್ಟೋಬರ್"},{"$i":"month-10-short","$v":"ನವೆಂಬರ್"},{"$i":"month-11-short","$v":"ಡಿಸೆಂಬರ್"},{"$i":"minutes-ago-long","$v":{"zero":"ಈಗಷ್ಟೇ","one":"ಒಂದು ನಿಮಿಷದ ಹಿಂದೆ","two":[{"t":"idOrVar","v":"value"}," ನಿಮಿಷಗಳ ಹಿಂದೆ"],"few":[{"t":"idOrVar","v":"value"}," ನಿಮಿಷಗಳ ಹಿಂದೆ"],"many":[{"t":"idOrVar","v":"value"}," ನಿಮಿಷಗಳ ಹಿಂದೆ"],"other":[{"t":"idOrVar","v":"value"}," ನಿಮಿಷಗಳ ಹಿಂದೆ"]},"$x":[{"t":"idOrVar","v":"plural"},"value"]},{"$i":"hours-ago-long","$v":{"zero":"ಈಗಷ್ಟೇ","one":"ಒಂದು ಗಂಟೆ ಹಿಂದೆ","two":[{"t":"idOrVar","v":"value"}," ಗಂಟೆಗಳ ಹಿಂದೆ"],"few":[{"t":"idOrVar","v":"value"}," ಗಂಟೆಗಳ ಹಿಂದೆ"],"many":[{"t":"idOrVar","v":"value"}," ಗಂಟೆಗಳ ಹಿಂದೆ"],"other":[{"t":"idOrVar","v":"value"}," ಗಂಟೆಗಳ ಹಿಂದೆ"]},"$x":[{"t":"idOrVar","v":"plural"},"value"]},{"$i":"days-ago-long","$v":{"zero":"ಇಂದು","one":"ನಿನ್ನೆ","two":[{"t":"idOrVar","v":"value"}," ದಿನಗಳ ಹಿಂದೆ"],"few":[{"t":"idOrVar","v":"value"}," ದಿನಗಳ ಹಿಂದೆ"],"many":[{"t":"idOrVar","v":"value"}," ದಿನಗಳ ಹಿಂದೆ"],"other":[{"t":"idOrVar","v":"value"}," ದಿನಗಳ ಹಿಂದೆ"]},"$x":[{"t":"idOrVar","v":"plural"},"value"]},{"$i":"weeks-ago-long","$v":{"zero":"ಈ ವಾರ","one":"ಕಳೆದ ವಾರ","two":[{"t":"idOrVar","v":"value"}," ವಾರಗಳ ಹಿಂದೆ"],"few":[{"t":"idOrVar","v":"value"}," ವಾರಗಳ ಹಿಂದೆ"],"many":[{"t":"idOrVar","v":"value"}," ವಾರಗಳ ಹಿಂದೆ"],"other":[{"t":"idOrVar","v":"value"}," ವಾರಗಳ ಹಿಂದೆ"]},"$x":[{"t":"idOrVar","v":"plural"},"value"]},{"$i":"months-ago-long","$v":{"zero":"ಈ ತಿಂಗಳು","one":"ಕಳೆದ ತಿಂಗಳು","two":[{"t":"idOrVar","v":"value"}," ತಿಂಗಳುಗಳ ಹಿಂದೆ"],"few":[{"t":"idOrVar","v":"value"}," ತಿಂಗಳುಗಳ ಹಿಂದೆ"],"many":[{"t":"idOrVar","v":"value"}," ತಿಂಗಳುಗಳ ಹಿಂದೆ"],"other":[{"t":"idOrVar","v":"value"}," ತಿಂಗಳುಗಳ ಹಿಂದೆ"]},"$x":[{"t":"idOrVar","v":"plural"},"value"]},{"$i":"years-ago-long","$v":{"zero":"ಈ ವರ್ಷ","one":"ಕಳೆದ ವರ್ಷ","two":[{"t":"idOrVar","v":"Value"}," ವರ್ಷಗಳ ಹಿಂದೆ"],"few":[{"t":"idOrVar","v":"Value"}," ವರ್ಷಗಳ ಹಿಂದೆ"],"many":[{"t":"idOrVar","v":"Value"}," ವರ್ಷಗಳ ಹಿಂದೆ"],"other":[{"t":"idOrVar","v":"Value"}," ವರ್ಷಗಳ ಹಿಂದೆ"]},"$x":[{"t":"idOrVar","v":"plural"},"value"]},{"$i":"minutes-until-long","$v":{"zero":"ಇದೀಗ","one":"ಒಂದು ನಿಮಿಷದಲ್ಲಿ","two":[{"t":"idOrVar","v":"value"}," ನಿಮಿಷಗಳಲ್ಲಿ"],"few":[{"t":"idOrVar","v":"value"}," ನಿಮಿಷಗಳಲ್ಲಿ"],"many":[{"t":"idOrVar","v":"value"}," ನಿಮಿಷಗಳಲ್ಲಿ"],"other":[{"t":"idOrVar","v":"value"}," ನಿಮಿಷಗಳಲ್ಲಿ"]},"$x":[{"t":"idOrVar","v":"plural"},"value"]},{"$i":"hours-until-long","$v":{"zero":"ಇದೀಗ","one":"ಒಂದು ಗಂಟೆಯಲ್ಲಿ","two":[{"t":"idOrVar","v":"value"}," ಗಂಟೆಗಳಲ್ಲಿ"],"few":[{"t":"idOrVar","v":"value"}," ಗಂಟೆಗಳಲ್ಲಿ"],"many":[{"t":"idOrVar","v":"value"}," ಗಂಟೆಗಳಲ್ಲಿ"],"other":[{"t":"idOrVar","v":"value"}," ಗಂಟೆಗಳಲ್ಲಿ"]},"$x":[{"t":"idOrVar","v":"plural"},"value"]},{"$i":"days-until-long","$v":{"zero":"ಇಂದು","one":"ನಾಳೆ","two":[{"t":"idOrVar","v":"value"}," ದಿನಗಳಲ್ಲಿ"],"few":[{"t":"idOrVar","v":"value"}," ದಿನಗಳಲ್ಲಿ"],"many":[{"t":"idOrVar","v":"value"}," ದಿನಗಳಲ್ಲಿ"],"other":[{"t":"idOrVar","v":"value"}," ದಿನಗಳಲ್ಲಿ"]},"$x":[{"t":"idOrVar","v":"plural"},"value"]},{"$i":"weeks-until-long","$v":{"zero":"ಈ ವಾರ","one":"ಮುಂದಿನ ವಾರ","two":[{"t":"idOrVar","v":"value"}," ವಾರಗಳಲ್ಲಿ"],"few":[{"t":"idOrVar","v":"value"}," ವಾರಗಳಲ್ಲಿ"],"many":[{"t":"idOrVar","v":"value"}," ವಾರಗಳಲ್ಲಿ"],"other":[{"t":"idOrVar","v":"value"}," ವಾರಗಳಲ್ಲಿ"]},"$x":[{"t":"idOrVar","v":"plural"},"value"]},{"$i":"months-until-long","$v":{"zero":"ಈ ತಿಂಗಳು","one":"ಮುಂದಿನ ತಿಂಗಳು","two":[{"t":"idOrVar","v":"value"}," ತಿಂಗಳುಗಳಲ್ಲಿ"],"few":[{"t":"idOrVar","v":"value"}," ತಿಂಗಳುಗಳಲ್ಲಿ"],"many":[{"t":"idOrVar","v":"value"}," ತಿಂಗಳುಗಳಲ್ಲಿ"],"other":[{"t":"idOrVar","v":"value"}," ತಿಂಗಳುಗಳಲ್ಲಿ"]},"$x":[{"t":"idOrVar","v":"plural"},"value"]},{"$i":"years-until-long","$v":{"zero":"ಈ ವರ್ಷ","one":"ಮುಂದಿನ ವರ್ಷ","two":[{"t":"idOrVar","v":"value"}," ವರ್ಷಗಳಲ್ಲಿ"],"few":[{"t":"idOrVar","v":"value"}," ವರ್ಷಗಳಲ್ಲಿ"],"many":[{"t":"idOrVar","v":"value"}," ವರ್ಷಗಳಲ್ಲಿ"],"other":[{"t":"idOrVar","v":"value"}," ವರ್ಷಗಳಲ್ಲಿ"]},"$x":[{"t":"idOrVar","v":"plural"},"value"]},{"$i":"minutes-ago-short","$v":{"zero":"ಈಗಷ್ಟೇ","other":[{"t":"idOrVar","v":"value"},"ನಿಮಿಷಗಳ ಹಿಂದೆ"]},"$x":[{"t":"idOrVar","v":"plural"},"value"]},{"$i":"hours-ago-short","$v":{"zero":"ಈಗಷ್ಟೇ","other":[{"t":"idOrVar","v":"value"},"ಗಂಟೆಗಳ ಹಿಂದೆ"]},"$x":[{"t":"idOrVar","v":"plural"},"value"]},{"$i":"days-ago-short","$v":{"zero":"ಇಂದು","other":[{"t":"idOrVar","v":"value"},"ದಿನದ ಹಿಂದೆ"]},"$x":[{"t":"idOrVar","v":"plural"},"value"]},{"$i":"minutes-until-short","$v":{"zero":"ಇದೀಗ","other":[{"t":"idOrVar","v":"value"},"ನಿಮಿಷಗಳಲ್ಲಿ"]},"$x":[{"t":"idOrVar","v":"plural"},"value"]},{"$i":"hours-until-short","$v":{"zero":"ಇದೀಗ","other":[{"t":"idOrVar","v":"value"},"ಗಂಟೆಗಳಲ್ಲಿ"]},"$x":[{"t":"idOrVar","v":"plural"},"value"]},{"$i":"days-until-short","$v":{"zero":"ಇಂದು","other":[{"t":"idOrVar","v":"value"},"ದಿನದಲ್ಲಿ"]},"$x":[{"t":"idOrVar","v":"plural"},"value"]},{"$i":"incorrectDate","$v":"(ತಪ್ಪಾದ ದಿನಾಂಕ)"},{"$i":"dateTimeFormat_%c","$v":"%a %b %e %Y %I:%M:%S %p"},{"$i":"dateTimeFormat_%x","$v":"%m/%d/%Y"},{"$i":"dateTimeFormat_%X","$v":"%I:%M:%S %p"},{"$i":"shortTimeFormat","$v":"%I:%M %p"},{"$i":"shortTimeFormat12","$v":"%I:%M %p"},{"$i":"shortTimeFormat24","$v":"%H:%M"},{"$i":"shortDateTimeFormat","$v":"%x %I:%M %p"},{"$i":"weekStartsOnMonday","$v":"0"},{"$i":"firstDayOfTheWeek","$v":"0"},{"$i":"time_am","$v":"AM"},{"$i":"time_pm","$v":"PM"},{"$i":"imageDescription","$v":[{"t":"idOrVar","v":"orientation"}," ಚಿತ್ರ, %I:%M %p, %B %e, %Y"]},{"$i":"imageDescriptionNoTimestamp","$v":[{"t":"idOrVar","v":"orientation"}," ಚಿತ್ರ"]},{"$i":"videoDescription","$v":[{"t":"idOrVar","v":"orientation"}," ವೀಡಿಯೋ, %I:%M %p, %B %e, %Y"]},{"$i":"videoDescriptionNoTimestamp","$v":[{"t":"idOrVar","v":"orientation"}," ವೀಡಿಯೋ"]},{"$i":"orientationPortrait","$v":"ಪೋರ್ಟ್ರೇಟ್"},{"$i":"orientationLandscape","$v":"ಲ್ಯಾಂಡ್‌ಸ್ಕೇಪ್"},{"$i":"playbackPlay","ariaLabel":"ಪ್ಲೇ ಮಾಡಿ"},{"$i":"playbackPause","ariaLabel":"ವಿರಾಮಗೊಳಿಸು"},{"$i":"playbackNext","ariaLabel":"ಮುಂದಿನದು"},{"$i":"playbackPrevious","ariaLabel":"ಹಿಂದಿನದು"},{"$i":"playbackFullscreen","ariaLabel":"ಫುಲ್‌ಸ್ಕ್ರೀನ್"},{"$i":"playbackSeekBar","ariaLabel":["ಸೀಕ್ ಬಾರ್, ಅವಧಿ ",{"t":"idOrVar","v":"duration"}]}]