[{"$i":"nospace2-title","$v":"मेमरी कार्डाचेर फावोशी सुवात ना"},{"$i":"nospace2-text","$v":"अंतर्गत सांठवण पुराय भरल्या. उपकार करून कांय फोटो वगळावचे वा मेमरी कार्ड रिगोवचें"},{"$i":"confirmation","$v":"खात्री"},{"$i":"error-saving-title","$v":"चित्र सांबाळूंक ना"},{"$i":"error-saving-text","$v":"चित्र सांबाळपा पसून कॅमे-याक एका चुकीन प्रतिबंद केलो"},{"$i":"error-recording-title","$v":"व्हिडियो रिकॉर्ड जावंक ना"},{"$i":"error-recording-text","$v":"व्हिडियो रिकॉर्डिंग करपा पसून कॅमे-याक एका चुकीन प्रतिबंद केलो"},{"$i":"error-video-file-path-title","$v":"व्हिडियो रिकॉर्ड जावंक ना"},{"$i":"error-video-file-path-text","$v":"व्हिडियो फायल पाथ निर्माण करतना चूक"},{"$i":"nocard2-title","$v":"खंयचेंच मेमरी कार्ड मेळुंक ना"},{"$i":"nocard3-text","$v":"मेमरी कार्ड मेळुंक ना. उपकार करून फोटो घेवंक एक मेमरी कार्ड रिगोवचें"},{"$i":"pluggedin2-title","$v":"फोन प्लग इन केल्लें आसतना कॅमेरा वापरूंक शकनात"},{"$i":"pluggedin2-text","$v":"सांठवण सद्या वापरांत आसा. उपकार करून चित्रां घेवंक फोन अनप्लग करचो"},{"$i":"storage-size-limit-reached","$v":"तुमची मिडिया सांठवण सुवात सोंपल्या"},{"$i":"activity-size-limit-reached","$v":"ह्या जोडणे खातीर तुमी फायल आकाराच्या कमाल मर्यादे कडेन पावल्यात"},{"$i":"camera","$v":"कॅमेरो"},{"$i":"retake-button","$v":"परत करचें"},{"$i":"select-button","$v":"वेंच्चें"},{"$i":"close-button","$v":"बंद कर"},{"$i":"delete-photo?","$v":"फोटो वगळावचो"},{"$i":"delete-video?","$v":"व्हिडियो वगळावचो"},{"$i":"cancel","$v":"रद्द करचें"},{"$i":"delete","$v":"पुसून उडयात"},{"$i":"mp","$v":"MP"},{"$i":"camera-resolution","$v":"कॅमेरा रिझोल्युशन"},{"$i":"camera-resolution-header","$v":[{"t":"idOrVar","v":"camera-resolution"}]},{"$i":"video-resolution","$v":"व्हिडियो रेजोल्युशन"},{"$i":"video-resolution-header","$v":[{"t":"idOrVar","v":"video-resolution"}]},{"$i":"scene-mode","$v":"सीन मोड"},{"$i":"scene-mode-header","$v":[{"t":"idOrVar","v":"scene-mode"}]},{"$i":"self-timer","$v":"स्व वेळ"},{"$i":"self-timer-header","$v":[{"t":"idOrVar","v":"self-timer"}]},{"$i":"self-timer-off","$v":"कुशीक"},{"$i":"self-timer-3-seconds","$v":"3 सेकंद"},{"$i":"self-timer-5-seconds","$v":"5 सेकंद"},{"$i":"self-timer-10-seconds","$v":"10 सेकंद"},{"$i":"battery-shutdown-title","$v":"बॅटरी उणी आसा"},{"$i":"battery-shutdown-text","$v":"कॅमेरा वापरूंक बॅटरी स्तर खुबूच उणो आसा"},{"$i":"battery-critical-text","$v":"सामकीच उणी बॅटरी"},{"$i":"battery-verylow-text","$v":"10% बॅटरी उरल्या"},{"$i":"battery-low-text","$v":"15% बॅटरी उरल्या"},{"$i":"camera-unavailable-title","$v":"कॅमेरा अनुपलब्ध"},{"$i":"camera-unavailable-text","$v":"कॅमेरा वेगळ्या ऍप्लिकेशनां वरवीं वापरलें वता"},{"$i":"hdr","$v":"HDR"},{"$i":"hdr-header","$v":[{"t":"idOrVar","v":"hdr"}]},{"$i":"hdr-on","$v":"चालू"},{"$i":"hdr-off","$v":"कुशीक"},{"$i":"hdr-deactivated","$v":"(HDR निश्क्रीय केला)"},{"$i":"grid","$v":"ग्रीड लायन्स"},{"$i":"grid-header","$v":[{"t":"idOrVar","v":"grid"}]},{"$i":"grid-on","$v":"चालू"},{"$i":"grid-off","$v":"कुशीक"},{"$i":"flash","$v":"फ्लॅश"},{"$i":"flash-on","$v":"चालू"},{"$i":"flash-off","$v":"कुशीक"},{"$i":"flash-auto","$v":"आपसूक"},{"$i":"flash-deactivated","$v":"फ्लॅश निश्क्रिय केला)"},{"$i":"Photo-Mode","$v":"फोटो मोड"},{"$i":"Video-Mode","$v":"व्हिडियो मोड"},{"$i":"options","$v":"पर्याय"},{"$i":"open-gallery","$v":"गॅलरी उगडची"},{"$i":"preview","$v":"पूर्वावलोकन"},{"$i":"tcl-flash","$v":"फ्लॅश"},{"$i":"tcl-hdr","$v":"HDR"},{"$i":"tcl-grid","$v":"ग्रीड"},{"$i":"tcl-timer","$v":"स्व वेळ"},{"$i":"tcl-timer-option","$v":{"zero":[{"t":"idOrVar","v":"n"}," सेकंद"],"one":[{"t":"idOrVar","v":"n"}," सेकंद"],"two":[{"t":"idOrVar","v":"n"}," सेकंद"],"few":[{"t":"idOrVar","v":"n"}," सेकंद"],"many":[{"t":"idOrVar","v":"n"}," सेकंद"],"other":[{"t":"idOrVar","v":"n"}," सेकंद"]},"$x":[{"t":"idOrVar","v":"plural"},"n"]},{"$i":"tcl-gallery","$v":"गॅलरी"},{"$i":"tcl-gallery-option","$v":"गॅलरी ऍप्लिकेशनांत वच्चें"},{"$i":"tcl-videos","$v":"व्हिडिओ"},{"$i":"tcl-videos-option","$v":"व्हिडियो ऍप्लिकेशनात वच्चें"},{"$i":"tcl-on","$v":"चालू"},{"$i":"tcl-off","$v":"कुशीक"},{"$i":"tcl-auto","$v":"आपसूक"},{"$i":"tcl-options","$v":"पर्याय"},{"$i":"tcl-camera-mode","$v":"फोटो कडेन वच्चें"},{"$i":"tcl-video-mode","$v":"व्हिडियो कडेन वच्चें"},{"$i":"tcl-turn-on","$v":"चालू आसा"},{"$i":"tcl-turn-off","$v":"बंद करचें"},{"$i":"tcl-activity-cancel","$v":"रद्द करचें"},{"$i":"tcl-activity-retake","$v":"परत करचें"},{"$i":"activity-done","$v":"केलें"},{"$i":"tcl-activity-save","$v":"सांबाळ"},{"$i":"tcl-video-saved","$v":"व्हिडियो सांबाळ्ळो"},{"$i":"turn-on","$v":"चालू आसा"},{"$i":"turn-off","$v":"बंद करचें"},{"$i":"switch-modes","$v":"मोड्स"},{"$i":"photo-mode","$v":"फोटो मोड"},{"$i":"video-mode","$v":"व्हिडियो मोड"},{"$i":"switch-resolution","$v":"रिजोल्युशन"},{"$i":"low-resolution","$v":"उणी"},{"$i":"medium-resolution","$v":"मध्यम"},{"$i":"high-resolution","$v":"उच्च"},{"$i":"set-resolution-to","$v":"रिजोल्युशन हातूंत मांडलां"},{"$i":"pause","$v":"थांबोवचें"},{"$i":"close-menu-button","ariaLabel":"मेनू धांपचो"},{"$i":"back-button","ariaLabel":"फाटीं"},{"$i":"setting-option","ariaLabel":[{"t":"idOrVar","v":"value"}]},{"$i":"setting-option-hdr","ariaLabel":["HDR ",{"t":"idOrVar","v":"value"}]},{"$i":"setting-option-self-timer","ariaLabel":["स्व वेळ ",{"t":"idOrVar","v":"value"}]},{"$i":"setting-option-grid","ariaLabel":["ग्रीड लायन्स ",{"t":"idOrVar","v":"value"}]},{"$i":"setting-option-scene-mode","ariaLabel":["सीन मोड ",{"t":"idOrVar","v":"value"}]},{"$i":"setting-option-camera-resolution","ariaLabel":["कॅमेरा रिझोल्युशन ",{"t":"idOrVar","v":"value"}]},{"$i":"setting-option-video-resolution","ariaLabel":["व्हिडियो रिझोल्युशन ",{"t":"idOrVar","v":"value"}]},{"$i":"flash-on-button","ariaLabel":"फ्लॅश ऑन"},{"$i":"flash-off-button","ariaLabel":"फ्लॅश ऑफ"},{"$i":"flash-auto-button","ariaLabel":"फ्लॅश ऑटो"},{"$i":"switch-camera","$v":"कॅमेरा वेंचणी"},{"$i":"toggle-camera-rear-button","$v":"फाटलो कॅमेरा"},{"$i":"toggle-camera-front-button","$v":"फुडलो कॅमेरा"},{"$i":"menu-button","ariaLabel":"मेन्यु"},{"$i":"preview-button","ariaLabel":"पूर्वावलोकन"},{"$i":"controls-button-close","ariaLabel":"बंद कर"},{"$i":"share-button","ariaLabel":"वांटून घेयात"},{"$i":"more-button","ariaLabel":"आनीक"},{"$i":"media-frame","ariaLabel":[{"t":"idOrVar","v":"total"}," ची ",{"t":"idOrVar","v":"current"}," फ्रेम"],"ariaMozHint":"फुडल्यांत वचूंक 2 बोटांनी दाव्यान स्वायप करचें वा आदल्यांत वचूंक उजव्यान स्वायप करचें"},{"$i":"tcl-zoom","$v":"झूम"},{"$i":"tcl-zoom-in","$v":"झूम इन"},{"$i":"tcl-zoom-out","$v":"झूम आवट"},{"$i":"tcl-share","$v":"वांटून घेयात"},{"$i":"set-as-wallpaper","$v":"वॉलपेपर थारय"},{"$i":"set","$v":"थारय"},{"$i":"wallpaper-set","$v":"वॉलपेपर मांडला"},{"$i":"tcl-photo-deleted","$v":"फोटो वगळायले"},{"$i":"tcl-ok","$v":"बरें आसा"},{"$i":"ftu-info","$v":"फोटो आनी व्हिडियो मोडां मजगतीं वचूंक दावी आनी उजवी की दामची"},{"$i":"tcl-full-screen","$v":"पूर्ण स्क्रिन"},{"$i":"tcl-video-deleted","$v":"व्हिडियो वगळायलो"},{"$i":"tcl-preview","$v":"पूर्वावलोकन"},{"$i":"welcome","$v":"कॅमे-यात येवकार"},{"$i":"ok","$v":"बरें आसा"},{"$i":"tcl-option","$v":"पर्याय"},{"$i":"tcl-camera","$v":"कॅमेरो"},{"$i":"tcl-alert-message","$v":"मेमरी कार्ड उपाट भरलां. उपकार करून कांय फोटो वगळावचे वा वेगळें मेमरी कार्ड रिगोवचें"},{"$i":"tcl-error-message","$v":"चित्र सांबाळ्ळें ना. कॅमे-याक चित्र सांबाळपा पसून एका चूकीन आडायलें."},{"$i":"tcl-error-file-message","$v":"व्हिडियो रिकॉर्ड जावंक ना व्हिडियो फायल पाथाची समस्या"},{"$i":"weekday-0-long","$v":"आयतार"},{"$i":"weekday-1-long","$v":"सोमार"},{"$i":"weekday-2-long","$v":"मंगळार"},{"$i":"weekday-3-long","$v":"बुधवार"},{"$i":"weekday-4-long","$v":"बिरेस्तार"},{"$i":"weekday-5-long","$v":"शुक्रार"},{"$i":"weekday-6-long","$v":"शेनवार"},{"$i":"weekday-0-short","$v":"सुर्य"},{"$i":"weekday-1-short","$v":"सोमार"},{"$i":"weekday-2-short","$v":"मं"},{"$i":"weekday-3-short","$v":"बुध"},{"$i":"weekday-4-short","$v":"बिरे"},{"$i":"weekday-5-short","$v":"शुक्र"},{"$i":"weekday-6-short","$v":"शे"},{"$i":"month-0-long","$v":"जानेवारी"},{"$i":"month-1-long","$v":"फेब्रुवारी"},{"$i":"month-2-long","$v":"मार्च"},{"$i":"month-3-long","$v":"एप्रिल"},{"$i":"month-4-long","$v":"माय"},{"$i":"month-5-long","$v":"जून"},{"$i":"month-6-long","$v":"जुलाय"},{"$i":"month-7-long","$v":"आगोस्त"},{"$i":"month-8-long","$v":"सप्टेंबर"},{"$i":"month-9-long","$v":"ऑक्टोबर"},{"$i":"month-10-long","$v":"नोव्हेंबर"},{"$i":"month-11-long","$v":"डिसेंबर"},{"$i":"month-0-genitive","$v":"जानेवारी"},{"$i":"month-1-genitive","$v":"फेब्रुवारी"},{"$i":"month-2-genitive","$v":"मार्च"},{"$i":"month-3-genitive","$v":"एप्रिल"},{"$i":"month-4-genitive","$v":"माय"},{"$i":"month-5-genitive","$v":"जून"},{"$i":"month-6-genitive","$v":"जुलाय"},{"$i":"month-7-genitive","$v":"आगोस्त"},{"$i":"month-8-genitive","$v":"सप्टेंबर"},{"$i":"month-9-genitive","$v":"ऑक्टोबर"},{"$i":"month-10-genitive","$v":"नोव्हेंबर"},{"$i":"month-11-genitive","$v":"डिसेंबर"},{"$i":"month-0-short","$v":"जान"},{"$i":"month-1-short","$v":"फेब्रु"},{"$i":"month-2-short","$v":"मार"},{"$i":"month-3-short","$v":"एप्री"},{"$i":"month-4-short","$v":"माय"},{"$i":"month-5-short","$v":"जू"},{"$i":"month-6-short","$v":"जुला"},{"$i":"month-7-short","$v":"आगो"},{"$i":"month-8-short","$v":"सप्ट"},{"$i":"month-9-short","$v":"ऑक्टो"},{"$i":"month-10-short","$v":"नो"},{"$i":"month-11-short","$v":"डिसें"},{"$i":"minutes-ago-long","$v":{"zero":"आतांच","one":"एक मिनीट आदीं","two":[{"t":"idOrVar","v":"value"}," मिन्टां आदीं"],"few":[{"t":"idOrVar","v":"value"}," मिन्टां आदीं"],"many":[{"t":"idOrVar","v":"value"}," मिन्टां आदीं"],"other":[{"t":"idOrVar","v":"value"}," मिन्टां आदीं"]},"$x":[{"t":"idOrVar","v":"plural"},"value"]},{"$i":"hours-ago-long","$v":{"zero":"आतांच","one":"एक वरा आदीं","two":[{"t":"idOrVar","v":"value"}," वरां आदीं"],"few":[{"t":"idOrVar","v":"value"}," वरां आदीं"],"many":[{"t":"idOrVar","v":"value"}," वरां आदीं"],"other":[{"t":"idOrVar","v":"value"}," वरां आदीं"]},"$x":[{"t":"idOrVar","v":"plural"},"value"]},{"$i":"days-ago-long","$v":{"zero":"आयज","one":"काल","two":[{"t":"idOrVar","v":"value"}," दीसां आदीं"],"few":[{"t":"idOrVar","v":"value"}," दीसां आदीं"],"many":[{"t":"idOrVar","v":"value"}," दीसां आदीं"],"other":[{"t":"idOrVar","v":"value"}," दीसां आदीं"]},"$x":[{"t":"idOrVar","v":"plural"},"value"]},{"$i":"weeks-ago-long","$v":{"zero":"हो सप्तक","one":"निमाणो सप्तक","two":[{"t":"idOrVar","v":"value"}," सप्तकां आदीं"],"few":[{"t":"idOrVar","v":"value"}," सप्तकां आदीं"],"many":[{"t":"idOrVar","v":"value"}," सप्तकां आदीं"],"other":[{"t":"idOrVar","v":"value"}," सप्तकां आदीं"]},"$x":[{"t":"idOrVar","v":"plural"},"value"]},{"$i":"months-ago-long","$v":{"zero":"हो म्हयनो","one":"निमाणो म्हयनो","two":[{"t":"idOrVar","v":"value"}," म्हयन्यां आदीं"],"few":[{"t":"idOrVar","v":"value"}," म्हयन्यां आदीं"],"many":[{"t":"idOrVar","v":"value"}," म्हयन्यां आदीं"],"other":[{"t":"idOrVar","v":"value"}," म्हयन्यां आदीं"]},"$x":[{"t":"idOrVar","v":"plural"},"value"]},{"$i":"years-ago-long","$v":{"zero":"हें वर्स","one":"निमाणें वर्स","two":[{"t":"idOrVar","v":"value"}," वर्सां आदीं"],"few":[{"t":"idOrVar","v":"value"}," वर्सां आदीं"],"many":[{"t":"idOrVar","v":"value"}," वर्सां आदीं"],"other":[{"t":"idOrVar","v":"value"}," वर्सां आदीं"]},"$x":[{"t":"idOrVar","v":"plural"},"value"]},{"$i":"minutes-until-long","$v":{"zero":"आतां","one":"एका मिन्टान","two":[{"t":"idOrVar","v":"value"}," मिन्टांनी"],"few":[{"t":"idOrVar","v":"value"}," मिन्टांनी"],"many":[{"t":"idOrVar","v":"value"}," मिन्टांनी"],"other":[{"t":"idOrVar","v":"value"}," मिन्टांनी"]},"$x":[{"t":"idOrVar","v":"plural"},"value"]},{"$i":"hours-until-long","$v":{"zero":"आतां","one":"एका वरान","two":[{"t":"idOrVar","v":"value"}," वरांनी"],"few":[{"t":"idOrVar","v":"value"}," वरांनी"],"many":[{"t":"idOrVar","v":"value"}," वरांनी"],"other":[{"t":"idOrVar","v":"value"}," वरांनी"]},"$x":[{"t":"idOrVar","v":"plural"},"value"]},{"$i":"days-until-long","$v":{"zero":"आयज","one":"फाल्यां","two":[{"t":"idOrVar","v":"value"}," दिसांनी"],"few":[{"t":"idOrVar","v":"value"}," दिसांनी"],"many":[{"t":"idOrVar","v":"value"}," दिसांनी"],"other":[{"t":"idOrVar","v":"value"}," दिसांनी"]},"$x":[{"t":"idOrVar","v":"plural"},"value"]},{"$i":"weeks-until-long","$v":{"zero":"हो सप्तक","one":"नवो सप्तक","two":[{"t":"idOrVar","v":"value"}," सप्तकांनी"],"few":[{"t":"idOrVar","v":"value"}," सप्तकांनी"],"many":[{"t":"idOrVar","v":"value"}," सप्तकांनी"],"other":[{"t":"idOrVar","v":"value"}," सप्तकांनी"]},"$x":[{"t":"idOrVar","v":"plural"},"value"]},{"$i":"months-until-long","$v":{"zero":"हो म्हयनो","one":"फुडलो म्हयनो","two":[{"t":"idOrVar","v":"value"}," म्हयन्यांनीं"],"few":[{"t":"idOrVar","v":"value"}," म्हयन्यांनीं"],"many":[{"t":"idOrVar","v":"value"}," म्हयन्यांनीं"],"other":[{"t":"idOrVar","v":"value"}," म्हयन्यांनीं"]},"$x":[{"t":"idOrVar","v":"plural"},"value"]},{"$i":"years-until-long","$v":{"zero":"हें वर्स","one":"नवें वर्स","two":[{"t":"idOrVar","v":"value"}," वर्सांनी"],"few":[{"t":"idOrVar","v":"value"}," वर्सांनी"],"many":[{"t":"idOrVar","v":"value"}," वर्सांनी"],"other":[{"t":"idOrVar","v":"value"}," वर्सांनी"]},"$x":[{"t":"idOrVar","v":"plural"},"value"]},{"$i":"minutes-ago-short","$v":{"zero":"आतांच","other":[{"t":"idOrVar","v":"value"},"म्ह आदीं"]},"$x":[{"t":"idOrVar","v":"plural"},"value"]},{"$i":"hours-ago-short","$v":{"zero":"आतांच","other":[{"t":"idOrVar","v":"value"}," व आदीं"]},"$x":[{"t":"idOrVar","v":"plural"},"value"]},{"$i":"days-ago-short","$v":{"zero":"आयज","other":[{"t":"idOrVar","v":"value"},"दी आदीं"]},"$x":[{"t":"idOrVar","v":"plural"},"value"]},{"$i":"minutes-until-short","$v":{"zero":"आतां","other":[{"t":"idOrVar","v":"value"}," मि"]},"$x":[{"t":"idOrVar","v":"plural"},"value"]},{"$i":"hours-until-short","$v":{"zero":"आतां","other":[{"t":"idOrVar","v":"value"}," वर"]},"$x":[{"t":"idOrVar","v":"plural"},"value"]},{"$i":"days-until-short","$v":{"zero":"आयज","other":[{"t":"idOrVar","v":"value"}," दी"]},"$x":[{"t":"idOrVar","v":"plural"},"value"]},{"$i":"incorrectDate","$v":"(चुकीची तारीख)"},{"$i":"dateTimeFormat_%c","$v":"%a %b %e %Y %I:%M:%S %p"},{"$i":"dateTimeFormat_%x","$v":"%m/%d/%Y"},{"$i":"dateTimeFormat_%X","$v":"%I:%M:%S %p"},{"$i":"shortTimeFormat","$v":"%I:%M %p"},{"$i":"shortTimeFormat12","$v":"%I:%M %p"},{"$i":"shortTimeFormat24","$v":"%H:%M"},{"$i":"shortDateTimeFormat","$v":"%x %I:%M %p"},{"$i":"weekStartsOnMonday","$v":"0"},{"$i":"firstDayOfTheWeek","$v":"0"},{"$i":"time_am","$v":"AM"},{"$i":"time_pm","$v":"PM"},{"$i":"imageDescription","$v":[{"t":"idOrVar","v":"orientation"}," प्रतिमा, %I:%M %p, %B %e, %Y"]},{"$i":"imageDescriptionNoTimestamp","$v":[{"t":"idOrVar","v":"orientation"}," प्रतिमा"]},{"$i":"videoDescription","$v":[{"t":"idOrVar","v":"orientation"}," व्हिडियो, %I:%M %p, %B %e, %Y"]},{"$i":"videoDescriptionNoTimestamp","$v":[{"t":"idOrVar","v":"orientation"}," व्हिडियो"]},{"$i":"orientationPortrait","$v":"तसबीर"},{"$i":"orientationLandscape","$v":"परिदृश्य"},{"$i":"playbackPlay","ariaLabel":"चालू कर"},{"$i":"playbackPause","ariaLabel":"थांबोवचें"},{"$i":"playbackNext","ariaLabel":"उपरांत"},{"$i":"playbackPrevious","ariaLabel":"आदले"},{"$i":"playbackFullscreen","ariaLabel":"पूर्णस्क्रीन"},{"$i":"playbackSeekBar","ariaLabel":["पटी पळोवची, कालमान ",{"t":"idOrVar","v":"duration"}]}]