[{"$i":"nospace2-title","$v":"چھِ نِہ کٲفی جاے میمری کاڈس پیٹھ"},{"$i":"nospace2-text","$v":"اندرونی سٹوریج چھِ بھریتھ مہربٲنی کریتھ کریو کیہ فوٹو خٲرج یا لٲگیو میمری کاڈ"},{"$i":"confirmation","$v":"تصدیق"},{"$i":"error-saving-title","$v":"تصویر آے نِہ محفوظ کرنِہ"},{"$i":"error-saving-text","$v":"اکھ سھو آو یِم کیمرہ پابند کُر تصویر تُلنِہ نکھ"},{"$i":"error-recording-title","$v":"ویڈیو کر نِہ رکاڈ"},{"$i":"error-recording-text","$v":"اکھ سھو آو یِم کیمرہ پابند کُر ویڈیو رکاڈ کرنِہ نکھ"},{"$i":"error-video-file-path-title","$v":"ویڈیو کر نِہ رکاڈ"},{"$i":"error-video-file-path-text","$v":"ویڈیو فائل وتھ بناونس منز آو سھو"},{"$i":"nocard2-title","$v":"کاہ میمری کاڈ لوب نِہ"},{"$i":"nocard3-text","$v":"میمری کاڈ آو نِہ لبنِہ۔ مہربٲنی کریتھ لٲگیو میمری کاڈ تصویر تُلنِہ خٲطر"},{"$i":"pluggedin2-title","$v":"کیمرہ ھیکو نِہ استعمال کریتھ یلِہ فون آسِہ پُلغ ان"},{"$i":"pluggedin2-text","$v":"سٹوریج چھِ فی الحال استعمالس منز۔ مہربٲنی کریتھ کریو فون ان پُلغ تِہ تُلیو تصویر"},{"$i":"storage-size-limit-reached","$v":"توہ وٲتیو میڈیا سٹوریج جاے نیبر"},{"$i":"activity-size-limit-reached","$v":"توہ پو یتھ اٹیچمنٹ باپت زیادِ خوت زیادِ فائل سائز"},{"$i":"camera","$v":"کیمرہ"},{"$i":"retake-button","$v":"نَے تُلیو"},{"$i":"select-button","$v":"چُنیو"},{"$i":"close-button","$v":"بند"},{"$i":"delete-photo?","$v":"خٲرج کریو فوٹو"},{"$i":"delete-video?","$v":"خٲرج کریو ویڈیو"},{"$i":"cancel","$v":"رد کر"},{"$i":"delete","$v":"خٲرج"},{"$i":"mp","$v":"MP"},{"$i":"camera-resolution","$v":"کیمرہ ریزلوشن"},{"$i":"camera-resolution-header","$v":[{"t":"idOrVar","v":"camera-resolution"}]},{"$i":"video-resolution","$v":"ویڈیو تحلیل"},{"$i":"video-resolution-header","$v":[{"t":"idOrVar","v":"video-resolution"}]},{"$i":"scene-mode","$v":"صورت طریقہ"},{"$i":"scene-mode-header","$v":[{"t":"idOrVar","v":"scene-mode"}]},{"$i":"self-timer","$v":"سیلف۔ٹائمر"},{"$i":"self-timer-header","$v":[{"t":"idOrVar","v":"self-timer"}]},{"$i":"self-timer-off","$v":"بند"},{"$i":"self-timer-3-seconds","$v":"سیکنڈ 3"},{"$i":"self-timer-5-seconds","$v":"سیکنڈ 5"},{"$i":"self-timer-10-seconds","$v":"سیکنڈ 10"},{"$i":"battery-shutdown-title","$v":"کم بیٹری"},{"$i":"battery-shutdown-text","$v":"بیٹری سطح چھِ واریاہ کم کیمرہ استعمال کرنِہ خٲطر"},{"$i":"battery-critical-text","$v":"تنقیدی کم بیٹری"},{"$i":"battery-verylow-text","$v":"بیٹری بٲقی 10%"},{"$i":"battery-low-text","$v":"بیٹری بٲقی 15%"},{"$i":"camera-unavailable-title","$v":"کیمرہ چھِ نِہ دستیاب"},{"$i":"camera-unavailable-text","$v":"کیمرہ چھِ استعمال کران بدل ایپ"},{"$i":"hdr","$v":"HDR"},{"$i":"hdr-header","$v":[{"t":"idOrVar","v":"hdr"}]},{"$i":"hdr-on","$v":"یلِہ"},{"$i":"hdr-off","$v":"بند"},{"$i":"hdr-deactivated","$v":"﴾چھِ ڈی ایکٹویٹ کریتھ HDR﴿"},{"$i":"grid","$v":"گریڈ لائن"},{"$i":"grid-header","$v":[{"t":"idOrVar","v":"grid"}]},{"$i":"grid-on","$v":"یلِہ"},{"$i":"grid-off","$v":"بند"},{"$i":"flash","$v":"فلیش"},{"$i":"flash-on","$v":"یلِہ"},{"$i":"flash-off","$v":"بند"},{"$i":"flash-auto","$v":"آٹو"},{"$i":"flash-deactivated","$v":"﴾فلیش چھِ ڈی ایکٹویٹ کریتھ﴿"},{"$i":"Photo-Mode","$v":"فوٹو انداز"},{"$i":"Video-Mode","$v":"ویڈیو انداز"},{"$i":"options","$v":"انتخابات"},{"$i":"open-gallery","$v":"کھولیو گیلری"},{"$i":"preview","$v":"گوڈاے منظر"},{"$i":"tcl-flash","$v":"فلیش"},{"$i":"tcl-hdr","$v":"HDR"},{"$i":"tcl-grid","$v":"گریڈ"},{"$i":"tcl-timer","$v":"سیلف ٹائمر"},{"$i":"tcl-timer-option","$v":{"zero":["سیکنڈ ",{"t":"idOrVar","v":"n"}],"one":["سیکنڈ ",{"t":"idOrVar","v":"n"}],"two":["سیکنڈ ",{"t":"idOrVar","v":"n"}],"few":["سیکنڈ ",{"t":"idOrVar","v":"n"}],"many":["سیکنڈ ",{"t":"idOrVar","v":"n"}],"other":["سیکنڈ ",{"t":"idOrVar","v":"n"}]},"$x":[{"t":"idOrVar","v":"plural"},"n"]},{"$i":"tcl-gallery","$v":"گیلری"},{"$i":"tcl-gallery-option","$v":"گژھیو گیلری ایپلکیشن کُن"},{"$i":"tcl-videos","$v":"ویڈیو"},{"$i":"tcl-videos-option","$v":"گژھیو ویڈیو ایپلکیشن پیٹھ"},{"$i":"tcl-on","$v":"یلِہ"},{"$i":"tcl-off","$v":"بند"},{"$i":"tcl-auto","$v":"آٹو"},{"$i":"tcl-options","$v":"انتخابات"},{"$i":"tcl-camera-mode","$v":"سوئچ کُر فوٹو"},{"$i":"tcl-video-mode","$v":"سوئچ کُر ویڈیو"},{"$i":"tcl-turn-on","$v":"کُر آن"},{"$i":"tcl-turn-off","$v":"کریو آف"},{"$i":"tcl-activity-cancel","$v":"رد کر"},{"$i":"tcl-activity-retake","$v":"نَے تُلیو"},{"$i":"activity-done","$v":"مکمل"},{"$i":"tcl-activity-save","$v":"محفوظ"},{"$i":"tcl-video-saved","$v":"ویڈیو محفوظ"},{"$i":"turn-on","$v":"کُر آن"},{"$i":"turn-off","$v":"کریو آف"},{"$i":"switch-modes","$v":"انداز"},{"$i":"photo-mode","$v":"فوٹو انداز"},{"$i":"video-mode","$v":"ویڈیو انداز"},{"$i":"switch-resolution","$v":"ریزلوشن"},{"$i":"low-resolution","$v":"کم"},{"$i":"medium-resolution","$v":"درمیٲنی"},{"$i":"high-resolution","$v":"زیادِ"},{"$i":"set-resolution-to","$v":"ریزلوشن آے تھاونِہ"},{"$i":"pause","$v":"تیھر"},{"$i":"close-menu-button","ariaLabel":"بند کریو مینو"},{"$i":"back-button","ariaLabel":"پتھ"},{"$i":"setting-option","ariaLabel":[{"t":"idOrVar","v":"value"}]},{"$i":"setting-option-hdr","ariaLabel":["HDR ",{"t":"idOrVar","v":"value"}]},{"$i":"setting-option-self-timer","ariaLabel":[{"t":"idOrVar","v":"value"}," سیلف۔ٹائمر"]},{"$i":"setting-option-grid","ariaLabel":[{"t":"idOrVar","v":"value"}," گریڈ لائن"]},{"$i":"setting-option-scene-mode","ariaLabel":[{"t":"idOrVar","v":"value"}," نظارہ انداز"]},{"$i":"setting-option-camera-resolution","ariaLabel":[{"t":"idOrVar","v":"value"}," کیمرہ ریزلوشن"]},{"$i":"setting-option-video-resolution","ariaLabel":[{"t":"idOrVar","v":"value"}," ویڈیو ریزلوشن"]},{"$i":"flash-on-button","ariaLabel":"فلیش آن"},{"$i":"flash-off-button","ariaLabel":"فلیش آف"},{"$i":"flash-auto-button","ariaLabel":"فلیش آٹو"},{"$i":"switch-camera","$v":"کیمرہ چُناؤ"},{"$i":"toggle-camera-rear-button","$v":"پیتِم کیمرہ"},{"$i":"toggle-camera-front-button","$v":"برونٹھِم کیمرہ"},{"$i":"menu-button","ariaLabel":"مینو"},{"$i":"preview-button","ariaLabel":"گوڈاے منظر"},{"$i":"controls-button-close","ariaLabel":"بند"},{"$i":"share-button","ariaLabel":"بانٹ"},{"$i":"more-button","ariaLabel":"مزید"},{"$i":"media-frame","ariaLabel":[{"t":"idOrVar","v":"total"}," یوند ",{"t":"idOrVar","v":"current"}," فریم"],"ariaMozHint":"اُنگجہ سیتھ دویمِس پیٹھ وُٹھ تُلنِہ خٲطر، یا کریو سوائپ دیچھُن پیتِمس 2 سوائپ کریو خووُرخٲطر"},{"$i":"tcl-zoom","$v":"زوم"},{"$i":"tcl-zoom-in","$v":"زوم ان"},{"$i":"tcl-zoom-out","$v":"زوم آوٹ"},{"$i":"tcl-share","$v":"بانٹ"},{"$i":"set-as-wallpaper","$v":"تھاو ازوالپیپر"},{"$i":"set","$v":"تھاو"},{"$i":"wallpaper-set","$v":"والپیپر تھو"},{"$i":"tcl-photo-deleted","$v":"فوٹو خٲرج کرمِت"},{"$i":"tcl-ok","$v":"ٹھیک"},{"$i":"ftu-info","$v":"پریس کریو خووُر تِہ دیچھُن کی فوٹو تِہ ویڈیو اندازس درمیان سوئچ کرنِہ خٲطر"},{"$i":"tcl-full-screen","$v":"پور سکرین"},{"$i":"tcl-video-deleted","$v":"ویڈیو خٲرج"},{"$i":"tcl-preview","$v":"گوڈاے منظر"},{"$i":"welcome","$v":"خوش آمدید کیمرہ ہس منز"},{"$i":"ok","$v":"ٹھیک"},{"$i":"tcl-option","$v":"انتخابات"},{"$i":"tcl-camera","$v":"کیمرہ"},{"$i":"tcl-alert-message","$v":"میمری کاڈ چھِ بھریتھ۔ مہربٲنی کریتھ کریو کیہ فوٹو خٲرج یا لٲگیو بدل میمری کاڈ"},{"$i":"tcl-error-message","$v":"تصویر آے نِہ محفوظ کرنِہ۔ اکھ سھو آو یِم کیمرہ پابند کُر تصویر محفوظ کرنِہ نکھ۔"},{"$i":"tcl-error-file-message","$v":"ویڈیو کر نِہ رکاڈ سھو آو ویڈیو فائل وتھ بناونس منز"},{"$i":"weekday-0-long","$v":"آتھوار"},{"$i":"weekday-1-long","$v":"ژیندوار"},{"$i":"weekday-2-long","$v":"بوموار"},{"$i":"weekday-3-long","$v":"بُدھوار"},{"$i":"weekday-4-long","$v":"بریسوار"},{"$i":"weekday-5-long","$v":"جُمع"},{"$i":"weekday-6-long","$v":"بٹوار"},{"$i":"weekday-0-short","$v":"آتھوار"},{"$i":"weekday-1-short","$v":"ژیندوار"},{"$i":"weekday-2-short","$v":"بوموار"},{"$i":"weekday-3-short","$v":"بُدھوار"},{"$i":"weekday-4-short","$v":"بریسوار"},{"$i":"weekday-5-short","$v":"جُمع"},{"$i":"weekday-6-short","$v":"بٹوار"},{"$i":"month-0-long","$v":"جنوری"},{"$i":"month-1-long","$v":"فروری"},{"$i":"month-2-long","$v":"مارچ"},{"$i":"month-3-long","$v":"اپریل"},{"$i":"month-4-long","$v":"مئی"},{"$i":"month-5-long","$v":"جون"},{"$i":"month-6-long","$v":"جولائی"},{"$i":"month-7-long","$v":"اگست"},{"$i":"month-8-long","$v":"ستمبر"},{"$i":"month-9-long","$v":"اکتومبر"},{"$i":"month-10-long","$v":"نومبر"},{"$i":"month-11-long","$v":"دسمبر"},{"$i":"month-0-genitive","$v":"جنوری"},{"$i":"month-1-genitive","$v":"فروری"},{"$i":"month-2-genitive","$v":"مارچ"},{"$i":"month-3-genitive","$v":"اپریل"},{"$i":"month-4-genitive","$v":"مئی"},{"$i":"month-5-genitive","$v":"جون"},{"$i":"month-6-genitive","$v":"جولائی"},{"$i":"month-7-genitive","$v":"اگست"},{"$i":"month-8-genitive","$v":"ستمبر"},{"$i":"month-9-genitive","$v":"اکتومبر"},{"$i":"month-10-genitive","$v":"نومبر"},{"$i":"month-11-genitive","$v":"دسمبر"},{"$i":"month-0-short","$v":"جنوری"},{"$i":"month-1-short","$v":"فروری"},{"$i":"month-2-short","$v":"مارچ"},{"$i":"month-3-short","$v":"اپریل"},{"$i":"month-4-short","$v":"مئی"},{"$i":"month-5-short","$v":"جون"},{"$i":"month-6-short","$v":"جولائی"},{"$i":"month-7-short","$v":"اگست"},{"$i":"month-8-short","$v":"ستمبر"},{"$i":"month-9-short","$v":"اکتومبر"},{"$i":"month-10-short","$v":"نومبر"},{"$i":"month-11-short","$v":"دسمبر"},{"$i":"minutes-ago-long","$v":{"zero":"صرف وین","one":"اکھ منٹ برونٹھ","two":["منٹ برونٹھ ",{"t":"idOrVar","v":"value"}],"few":["منٹ برونٹھ ",{"t":"idOrVar","v":"value"}],"many":["منٹ برونٹھ ",{"t":"idOrVar","v":"value"}],"other":["منٹ برونٹھ ",{"t":"idOrVar","v":"value"}]},"$x":[{"t":"idOrVar","v":"plural"},"value"]},{"$i":"hours-ago-long","$v":{"zero":"صرف وین","one":"اکھ گھنٹہ برونٹھ","two":["گھنٹہ برونٹھ ",{"t":"idOrVar","v":"value"}],"few":["گھنٹہ برونٹھ ",{"t":"idOrVar","v":"value"}],"many":["گھنٹہ برونٹھ ",{"t":"idOrVar","v":"value"}],"other":["گھنٹہ برونٹھ ",{"t":"idOrVar","v":"value"}]},"$x":[{"t":"idOrVar","v":"plural"},"value"]},{"$i":"days-ago-long","$v":{"zero":"از","one":"راتھ","two":["دوہ برونٹھ ",{"t":"idOrVar","v":"value"}],"few":["دوہ برونٹھ ",{"t":"idOrVar","v":"value"}],"many":["دوہ برونٹھ ",{"t":"idOrVar","v":"value"}],"other":["دوہ برونٹھ ",{"t":"idOrVar","v":"value"}]},"$x":[{"t":"idOrVar","v":"plural"},"value"]},{"$i":"weeks-ago-long","$v":{"zero":"یِہ ہفتہ","one":"پیتِم ہفتہ","two":["ہفتہ برونٹھ ",{"t":"idOrVar","v":"value"}],"few":["ہفتہ برونٹھ ",{"t":"idOrVar","v":"value"}],"many":["ہفتہ برونٹھ ",{"t":"idOrVar","v":"value"}],"other":["ہفتہ برونٹھ ",{"t":"idOrVar","v":"value"}]},"$x":[{"t":"idOrVar","v":"plural"},"value"]},{"$i":"months-ago-long","$v":{"zero":"یِہ ریتھ","one":"پیتِم ریتھ","two":["ریتھ برونٹھ ",{"t":"idOrVar","v":"value"}],"few":["ریتھ برونٹھ ",{"t":"idOrVar","v":"value"}],"many":["ریتھ برونٹھ ",{"t":"idOrVar","v":"value"}],"other":["ریتھ برونٹھ ",{"t":"idOrVar","v":"value"}]},"$x":[{"t":"idOrVar","v":"plural"},"value"]},{"$i":"years-ago-long","$v":{"zero":"یِہ وریح","one":"پیتِم وریح","two":["وریح برونٹھ ",{"t":"idOrVar","v":"value"}],"few":["وریح برونٹھ ",{"t":"idOrVar","v":"value"}],"many":["وریح برونٹھ ",{"t":"idOrVar","v":"value"}],"other":["وریح برونٹھ ",{"t":"idOrVar","v":"value"}]},"$x":[{"t":"idOrVar","v":"plural"},"value"]},{"$i":"minutes-until-long","$v":{"zero":"وین","one":"اکِس منٹس منز","two":["منز ",{"t":"idOrVar","v":"value"}," منٹن"],"few":["منز ",{"t":"idOrVar","v":"value"}," منٹن"],"many":["منز ",{"t":"idOrVar","v":"value"}," منٹن"],"other":["منز ",{"t":"idOrVar","v":"value"}," منٹن"]},"$x":[{"t":"idOrVar","v":"plural"},"value"]},{"$i":"hours-until-long","$v":{"zero":"وین","one":"اکِس گھنٹس منز","two":["منز ",{"t":"idOrVar","v":"value"}," گھنٹن"],"few":["منز ",{"t":"idOrVar","v":"value"}," گھنٹن"],"many":["منز ",{"t":"idOrVar","v":"value"}," گھنٹن"],"other":["منز ",{"t":"idOrVar","v":"value"}," گھنٹن"]},"$x":[{"t":"idOrVar","v":"plural"},"value"]},{"$i":"days-until-long","$v":{"zero":"از","one":"پگاہ","two":["منز ",{"t":"idOrVar","v":"value"}," دوہن"],"few":["منز ",{"t":"idOrVar","v":"value"}," دوہن"],"many":["منز ",{"t":"idOrVar","v":"value"}," دوہن"],"other":["منز ",{"t":"idOrVar","v":"value"}," دوہن"]},"$x":[{"t":"idOrVar","v":"plural"},"value"]},{"$i":"weeks-until-long","$v":{"zero":"یِہ ہفتہ","one":"نو ہفتہ","two":["منز ",{"t":"idOrVar","v":"value"}," ہفتن"],"few":["منز ",{"t":"idOrVar","v":"value"}," ہفتن"],"many":["منز ",{"t":"idOrVar","v":"value"}," ہفتن"],"other":["منز ",{"t":"idOrVar","v":"value"}," ہفتن"]},"$x":[{"t":"idOrVar","v":"plural"},"value"]},{"$i":"months-until-long","$v":{"zero":"یِہ ریتھ","one":"نو ریتھ","two":["منز ",{"t":"idOrVar","v":"value"}," ریتھن"],"few":["منز ",{"t":"idOrVar","v":"value"}," ریتھن"],"many":["منز ",{"t":"idOrVar","v":"value"}," ریتھن"],"other":["منز ",{"t":"idOrVar","v":"value"}," ریتھن"]},"$x":[{"t":"idOrVar","v":"plural"},"value"]},{"$i":"years-until-long","$v":{"zero":"یِہ وریح","one":"نو وریح","two":["منز ",{"t":"idOrVar","v":"value"}," وریہن"],"few":["منز ",{"t":"idOrVar","v":"value"}," وریہن"],"many":["منز ",{"t":"idOrVar","v":"value"}," وریہن"],"other":["منز ",{"t":"idOrVar","v":"value"}," وریہن"]},"$x":[{"t":"idOrVar","v":"plural"},"value"]},{"$i":"minutes-ago-short","$v":{"zero":"صرف وین","other":["برونٹھ m",{"t":"idOrVar","v":"value"}]},"$x":[{"t":"idOrVar","v":"plural"},"value"]},{"$i":"hours-ago-short","$v":{"zero":"صرف وین","other":["برونٹھ h",{"t":"idOrVar","v":"value"}]},"$x":[{"t":"idOrVar","v":"plural"},"value"]},{"$i":"days-ago-short","$v":{"zero":"از","other":["برونٹھ d",{"t":"idOrVar","v":"value"}]},"$x":[{"t":"idOrVar","v":"plural"},"value"]},{"$i":"minutes-until-short","$v":{"zero":"وین","other":["منز ",{"t":"idOrVar","v":"value"},"m"]},"$x":[{"t":"idOrVar","v":"plural"},"value"]},{"$i":"hours-until-short","$v":{"zero":"وین","other":["منز ",{"t":"idOrVar","v":"value"},"h"]},"$x":[{"t":"idOrVar","v":"plural"},"value"]},{"$i":"days-until-short","$v":{"zero":"از","other":["منز ",{"t":"idOrVar","v":"value"},"d"]},"$x":[{"t":"idOrVar","v":"plural"},"value"]},{"$i":"incorrectDate","$v":"﴾غیر درست تٲریخ﴿"},{"$i":"dateTimeFormat_%c","$v":"%a %b %e %Y %I:%M:%S %p"},{"$i":"dateTimeFormat_%x","$v":"%m/%d/%Y"},{"$i":"dateTimeFormat_%X","$v":"%I:%M:%S %p"},{"$i":"shortTimeFormat","$v":"%I:%M %p"},{"$i":"shortTimeFormat12","$v":"%I:%M %p"},{"$i":"shortTimeFormat24","$v":"%H:%M"},{"$i":"shortDateTimeFormat","$v":"%x %I:%M %p"},{"$i":"weekStartsOnMonday","$v":"0"},{"$i":"firstDayOfTheWeek","$v":"0"},{"$i":"time_am","$v":"AM"},{"$i":"time_pm","$v":"PM"},{"$i":"imageDescription","$v":["%I:%M %p, %B %e, %Y،شکل ",{"t":"idOrVar","v":"orientation"}]},{"$i":"imageDescriptionNoTimestamp","$v":["شکل ",{"t":"idOrVar","v":"orientation"}]},{"$i":"videoDescription","$v":["%I:%M %p, %B %e, %Y،ویڈیو",{"t":"idOrVar","v":"orientation"}]},{"$i":"videoDescriptionNoTimestamp","$v":["ویڈیو ",{"t":"idOrVar","v":"orientation"}]},{"$i":"orientationPortrait","$v":"پوٹریٹ"},{"$i":"orientationLandscape","$v":"لینڈسکیپ"},{"$i":"playbackPlay","ariaLabel":"چلاۅ"},{"$i":"playbackPause","ariaLabel":"تیھر"},{"$i":"playbackNext","ariaLabel":"برونٹھ"},{"$i":"playbackPrevious","ariaLabel":"پتِم"},{"$i":"playbackFullscreen","ariaLabel":"پور سکرین"},{"$i":"playbackSeekBar","ariaLabel":[{"t":"idOrVar","v":"duration"}," سیک بار، مُدت"]}]