[{"$i":"nospace2-title","$v":"मेमोरी कार्ड पर प्रयाप्त जगह नै"},{"$i":"nospace2-text","$v":"इंटरनल स्टोरेज भरि गेल अछि. कृपया किछ फोटो हटा दियौक अथवा मेमोरी कार्ड लगाऊ."},{"$i":"confirmation","$v":"कन्फर्मेशन"},{"$i":"error-saving-title","$v":"पिक्चर नै सेव भेल"},{"$i":"error-saving-text","$v":"एक टा एरर के कारण कैमरा क फोटो सेव नहि भ सकल"},{"$i":"error-recording-title","$v":"विडियो रिकॉर्ड नै कैइल गेल"},{"$i":"error-recording-text","$v":"एक टा एरर के कारण कैमरा रिकॉर्ड नहि भ सकल."},{"$i":"error-video-file-path-title","$v":"विडियो रिकॉर्ड नै कैइल गेल"},{"$i":"error-video-file-path-text","$v":"विडियो फाइल पाथ बनबई में एरर."},{"$i":"nocard2-title","$v":"मेमोरी कार्ड नै पेल गेल्लै"},{"$i":"nocard3-text","$v":"मेमोरी कार्ड पेल नै गेल्लै. फोटो खिचेई लेल मेमोरी कार्ड लगाऊ"},{"$i":"pluggedin2-title","$v":"प्लग इन क क कैमरा प्रयोग नै कैल जा सकैया"},{"$i":"pluggedin2-text","$v":"स्टोरेज प्रयोग में छै. फोटो लैई लेल फ़ोन अनप्लग करू."},{"$i":"storage-size-limit-reached","$v":"मीडिया स्टोरेज ख़त्म."},{"$i":"activity-size-limit-reached","$v":"अटैचमेंट कें लेल अधिकतम साइज़ भ गेल."},{"$i":"camera","$v":"कैमरा"},{"$i":"retake-button","$v":"रिटेक"},{"$i":"select-button","$v":"सलेक्‍ट करू"},{"$i":"close-button","$v":"बंद"},{"$i":"delete-photo?","$v":"डिलीट फोटो?"},{"$i":"delete-video?","$v":"विडियो डिलीट करू?"},{"$i":"cancel","$v":"रद्द करू"},{"$i":"delete","$v":"मिटाउ"},{"$i":"mp","$v":"MP"},{"$i":"camera-resolution","$v":"कैमरा रेसोलुयुशन"},{"$i":"camera-resolution-header","$v":[{"t":"idOrVar","v":"camera-resolution"}]},{"$i":"video-resolution","$v":"वीडियो केर रेजल्‍यूशन"},{"$i":"video-resolution-header","$v":[{"t":"idOrVar","v":"video-resolution"}]},{"$i":"scene-mode","$v":"सीन मोड"},{"$i":"scene-mode-header","$v":[{"t":"idOrVar","v":"scene-mode"}]},{"$i":"self-timer","$v":"सेल्फ टाइमर"},{"$i":"self-timer-header","$v":[{"t":"idOrVar","v":"self-timer"}]},{"$i":"self-timer-off","$v":"ऑफ"},{"$i":"self-timer-3-seconds","$v":"3 सेकंड"},{"$i":"self-timer-5-seconds","$v":"5 सेकंड"},{"$i":"self-timer-10-seconds","$v":"10 सेकंड"},{"$i":"battery-shutdown-title","$v":"लो बैटरी"},{"$i":"battery-shutdown-text","$v":"कैमरा केर प्रयोग करेई लेल बैटरी बहुत कम छै."},{"$i":"battery-critical-text","$v":"बैटरी बहुत कम"},{"$i":"battery-verylow-text","$v":"10% बैटरी शेष अछि"},{"$i":"battery-low-text","$v":"15%बैटरी शेष अछि"},{"$i":"camera-unavailable-title","$v":"कैमरा अनुपस्थित"},{"$i":"camera-unavailable-text","$v":"कैमरा दोसर एप्प द्वारा प्रयोग भ रहल छै."},{"$i":"hdr","$v":"HDR"},{"$i":"hdr-header","$v":[{"t":"idOrVar","v":"hdr"}]},{"$i":"hdr-on","$v":"ऑन"},{"$i":"hdr-off","$v":"ऑफ"},{"$i":"hdr-deactivated","$v":"(HDR निष्क्रिय)"},{"$i":"grid","$v":"ग्रिड लाइन्स"},{"$i":"grid-header","$v":[{"t":"idOrVar","v":"grid"}]},{"$i":"grid-on","$v":"ऑन"},{"$i":"grid-off","$v":"ऑफ"},{"$i":"flash","$v":"फ्लैश"},{"$i":"flash-on","$v":"ऑन"},{"$i":"flash-off","$v":"ऑफ"},{"$i":"flash-auto","$v":"स्वत:"},{"$i":"flash-deactivated","$v":"( फ़्लैश निष्क्रिय)"},{"$i":"Photo-Mode","$v":"फोटो मोड"},{"$i":"Video-Mode","$v":"विडियो मोड"},{"$i":"options","$v":"विकल्प"},{"$i":"open-gallery","$v":"गैलरी खोलू"},{"$i":"preview","$v":"प्रीव्यू"},{"$i":"tcl-flash","$v":"फ्लैश"},{"$i":"tcl-hdr","$v":"HDR"},{"$i":"tcl-grid","$v":"ग्रिड"},{"$i":"tcl-timer","$v":"सेल्फ टाइमर"},{"$i":"tcl-timer-option","$v":{"zero":[{"t":"idOrVar","v":"n"}," सेकंड"],"one":[{"t":"idOrVar","v":"n"}," सेकंड"],"two":[{"t":"idOrVar","v":"n"}," सेकंड"],"few":[{"t":"idOrVar","v":"n"}," सेकंड"],"many":[{"t":"idOrVar","v":"n"}," सेकंड"],"other":[{"t":"idOrVar","v":"n"}," सेकंड"]},"$x":[{"t":"idOrVar","v":"plural"},"n"]},{"$i":"tcl-gallery","$v":"गैलरी"},{"$i":"tcl-gallery-option","$v":"गैलरी एप्लीकेशन में जाऊ"},{"$i":"tcl-videos","$v":"वीडियो"},{"$i":"tcl-videos-option","$v":"विडियो एप्लीकेशन में जाऊ"},{"$i":"tcl-on","$v":"ऑन"},{"$i":"tcl-off","$v":"ऑफ"},{"$i":"tcl-auto","$v":"स्वत:"},{"$i":"tcl-options","$v":"विकल्प"},{"$i":"tcl-camera-mode","$v":"फोटो में स्विच कैल गेल"},{"$i":"tcl-video-mode","$v":"विडियो में स्विच कैइल गेल"},{"$i":"tcl-turn-on","$v":"ऑन कैइल गेल."},{"$i":"tcl-turn-off","$v":"टर्न ऑफ कैइल गेल."},{"$i":"tcl-activity-cancel","$v":"रद्द करू"},{"$i":"tcl-activity-retake","$v":"रिटेक"},{"$i":"activity-done","$v":"भ गेल"},{"$i":"tcl-activity-save","$v":"सेव"},{"$i":"tcl-video-saved","$v":"विडियो सेव कैइल गेल"},{"$i":"turn-on","$v":"ऑन कैइल गेल."},{"$i":"turn-off","$v":"टर्न ऑफ कैइल गेल."},{"$i":"switch-modes","$v":"मोड्स"},{"$i":"photo-mode","$v":"फोटो मोड"},{"$i":"video-mode","$v":"विडियो मोड"},{"$i":"switch-resolution","$v":"रेज़ल्यूशन"},{"$i":"low-resolution","$v":"निम्‍न"},{"$i":"medium-resolution","$v":"मध्यम"},{"$i":"high-resolution","$v":"उच्‍च"},{"$i":"set-resolution-to","$v":"रेज़ल्यूशन सेट"},{"$i":"pause","$v":"पॉज"},{"$i":"close-menu-button","ariaLabel":"मेनू बंद करू"},{"$i":"back-button","ariaLabel":"पीछा"},{"$i":"setting-option","ariaLabel":[{"t":"idOrVar","v":"value"}]},{"$i":"setting-option-hdr","ariaLabel":["HDR ",{"t":"idOrVar","v":"value"}]},{"$i":"setting-option-self-timer","ariaLabel":["सेल्फ टाइमर ",{"t":"idOrVar","v":"value"}]},{"$i":"setting-option-grid","ariaLabel":["ग्रिड लाइन्स ",{"t":"idOrVar","v":"value"}]},{"$i":"setting-option-scene-mode","ariaLabel":["सिन मोड",{"t":"idOrVar","v":"value"}]},{"$i":"setting-option-camera-resolution","ariaLabel":"कैमरा रेसोलुयुशन"},{"$i":"setting-option-video-resolution","ariaLabel":["वीडियो रेजल्‍यूशन {{value}"]},{"$i":"flash-on-button","ariaLabel":"फ़्लैश चालू"},{"$i":"flash-off-button","ariaLabel":"फ़्लैश ऑफ"},{"$i":"flash-auto-button","ariaLabel":"फ़्लैश ऑटो"},{"$i":"switch-camera","$v":"कैमरा क चयन"},{"$i":"toggle-camera-rear-button","$v":"पछुल्का कैमरा"},{"$i":"toggle-camera-front-button","$v":"आगू के कैमरा"},{"$i":"menu-button","ariaLabel":"मेनू"},{"$i":"preview-button","ariaLabel":"प्रीव्यू"},{"$i":"controls-button-close","ariaLabel":"बंद"},{"$i":"share-button","ariaLabel":"साझाकरण"},{"$i":"more-button","ariaLabel":"आर बेसी"},{"$i":"media-frame","ariaLabel":["फ्रेम ",{"t":"idOrVar","v":"current"}," ",{"t":"idOrVar","v":"total"}],"ariaMozHint":"अगला पर जैई लेल दू अंगुली से बायाँ स्वाइप करू, या पिछला पर जैई लेल दायाँ स्वाइप करू"},{"$i":"tcl-zoom","$v":"ज़ूम"},{"$i":"tcl-zoom-in","$v":"ज़ूम इन"},{"$i":"tcl-zoom-out","$v":"ज़ूम आउट"},{"$i":"tcl-share","$v":"साझाकरण"},{"$i":"set-as-wallpaper","$v":"वालपेपर के रूप में सेट करू"},{"$i":"set","$v":"सेट"},{"$i":"wallpaper-set","$v":"वॉलपेपर सेट भ गेल."},{"$i":"tcl-photo-deleted","$v":"फोटो डिलीट भ गेल्लइ"},{"$i":"tcl-ok","$v":"ओके"},{"$i":"ftu-info","$v":"फोटो विडियो मोड में स्विच करबाक लेल वाम आ दहिन की दबाऊ."},{"$i":"tcl-full-screen","$v":"फुल स्क्रीन"},{"$i":"tcl-video-deleted","$v":"विडियो डिलीट कैइल गेल"},{"$i":"tcl-preview","$v":"प्रीव्यू"},{"$i":"welcome","$v":"कैमरा में स्वागत"},{"$i":"ok","$v":"ओके"},{"$i":"tcl-option","$v":"विकल्प"},{"$i":"tcl-camera","$v":"कैमरा"},{"$i":"tcl-alert-message","$v":"मेमोरी कार्ड भरि गेल. कृपया किछ फोटो डिलीट क दियोक अथवा भिन्‍न मेमोरी कार्ड लगाऊ."},{"$i":"tcl-error-message","$v":"तस्वीर सेव नहि भेल. एकटा एरर कैमरा केर तस्वीर सेव करए सँ रोकि देलथि."},{"$i":"tcl-error-file-message","$v":"विडियो रिकॉर्ड नहि कएल गेल कारण की विडियो फाइल पथ मे एरर अछि."},{"$i":"weekday-0-long","$v":"रवि"},{"$i":"weekday-1-long","$v":"सोम दिन"},{"$i":"weekday-2-long","$v":"मंगल दिन"},{"$i":"weekday-3-long","$v":"बुध दिन"},{"$i":"weekday-4-long","$v":"वृहस्‍पति दिन"},{"$i":"weekday-5-long","$v":"शुक्र दिन"},{"$i":"weekday-6-long","$v":"शनि दिन"},{"$i":"weekday-0-short","$v":"सुन"},{"$i":"weekday-1-short","$v":"मन"},{"$i":"weekday-2-short","$v":"ट्यू"},{"$i":"weekday-3-short","$v":"वेद"},{"$i":"weekday-4-short","$v":"थू"},{"$i":"weekday-5-short","$v":"फ्राइडे"},{"$i":"weekday-6-short","$v":"सैट"},{"$i":"month-0-long","$v":"जनुअरी"},{"$i":"month-1-long","$v":"फेब्रुअरी"},{"$i":"month-2-long","$v":"मार्च"},{"$i":"month-3-long","$v":"अप्रैल"},{"$i":"month-4-long","$v":"मई"},{"$i":"month-5-long","$v":"जून"},{"$i":"month-6-long","$v":"जुलाई"},{"$i":"month-7-long","$v":"अगस्त"},{"$i":"month-8-long","$v":"सितम्बर"},{"$i":"month-9-long","$v":"अक्टूबर"},{"$i":"month-10-long","$v":"नवम्बर"},{"$i":"month-11-long","$v":"दिसम्बर"},{"$i":"month-0-genitive","$v":"जनुअरी"},{"$i":"month-1-genitive","$v":"फेब्रुअरी"},{"$i":"month-2-genitive","$v":"मार्च"},{"$i":"month-3-genitive","$v":"अप्रैल"},{"$i":"month-4-genitive","$v":"मई"},{"$i":"month-5-genitive","$v":"जून"},{"$i":"month-6-genitive","$v":"जुलाई"},{"$i":"month-7-genitive","$v":"अगस्त"},{"$i":"month-8-genitive","$v":"सितम्बर"},{"$i":"month-9-genitive","$v":"अक्टूबर"},{"$i":"month-10-genitive","$v":"नवम्बर"},{"$i":"month-11-genitive","$v":"दिसम्बर"},{"$i":"month-0-short","$v":"जन"},{"$i":"month-1-short","$v":"फेब्रुअरी"},{"$i":"month-2-short","$v":"मर"},{"$i":"month-3-short","$v":"एप्र"},{"$i":"month-4-short","$v":"मई"},{"$i":"month-5-short","$v":"जून"},{"$i":"month-6-short","$v":"जुल"},{"$i":"month-7-short","$v":"औग"},{"$i":"month-8-short","$v":"सेप"},{"$i":"month-9-short","$v":"ओक्ट"},{"$i":"month-10-short","$v":"नोव"},{"$i":"month-11-short","$v":"दिसम्बर"},{"$i":"minutes-ago-long","$v":{"zero":"एखन तुरंत","one":"एक मिनट पहिने","two":[{"t":"idOrVar","v":"value"}," मिनट पहिने"],"few":[{"t":"idOrVar","v":"value"}," मिनट पहिने"],"many":[{"t":"idOrVar","v":"value"}," मिनट पहिने"],"other":[{"t":"idOrVar","v":"value"}," मिनट पहिने"]},"$x":[{"t":"idOrVar","v":"plural"},"value"]},{"$i":"hours-ago-long","$v":{"zero":"एखन तुरंत","one":"एक घंटा पहिने","two":[{"t":"idOrVar","v":"value"}," घंटा पहिने"],"few":[{"t":"idOrVar","v":"value"}," घंटा पहिने"],"many":[{"t":"idOrVar","v":"value"}," घंटा पहिने"],"other":[{"t":"idOrVar","v":"value"}," घंटा पहिने"]},"$x":[{"t":"idOrVar","v":"plural"},"value"]},{"$i":"days-ago-long","$v":{"zero":"आई","one":"काल्हि","two":[{"t":"idOrVar","v":"value"}," दिन पहिने"],"few":[{"t":"idOrVar","v":"value"}," दिन पहिने"],"many":[{"t":"idOrVar","v":"value"}," दिन पहिने"],"other":[{"t":"idOrVar","v":"value"}," दिन पहिने"]},"$x":[{"t":"idOrVar","v":"plural"},"value"]},{"$i":"weeks-ago-long","$v":{"zero":"इ हफ्ता","one":"पिछला हफ्ता","two":[{"t":"idOrVar","v":"value"}," हफ्ता पहिने"],"few":[{"t":"idOrVar","v":"value"}," हफ्ता पहिने"],"many":[{"t":"idOrVar","v":"value"}," हफ्ता पहिने"],"other":[{"t":"idOrVar","v":"value"}," हफ्ता पहिने"]},"$x":[{"t":"idOrVar","v":"plural"},"value"]},{"$i":"months-ago-long","$v":{"zero":"इ महिना","one":"पिछला महिना","two":[{"t":"idOrVar","v":"value"}," मास बाद"],"few":[{"t":"idOrVar","v":"value"}," मास बाद"],"many":[{"t":"idOrVar","v":"value"}," मास बाद"],"other":[{"t":"idOrVar","v":"value"}," मास बाद"]},"$x":[{"t":"idOrVar","v":"plural"},"value"]},{"$i":"years-ago-long","$v":{"zero":"इ साल","one":"पिछला साल","two":[{"t":"idOrVar","v":"value"}," साल पहिने"],"few":[{"t":"idOrVar","v":"value"}," साल पहिने"],"many":[{"t":"idOrVar","v":"value"}," साल पहिने"],"other":[{"t":"idOrVar","v":"value"}," साल पहिने"]},"$x":[{"t":"idOrVar","v":"plural"},"value"]},{"$i":"minutes-until-long","$v":{"zero":"एखन","one":"एक मिनट में","two":[{"t":"idOrVar","v":"value"}," मिनट में"],"few":[{"t":"idOrVar","v":"value"}," मिनट में"],"many":[{"t":"idOrVar","v":"value"}," मिनट में"],"other":[{"t":"idOrVar","v":"value"}," मिनट में"]},"$x":[{"t":"idOrVar","v":"plural"},"value"]},{"$i":"hours-until-long","$v":{"zero":"एखन","one":"एक घंटा में","two":[{"t":"idOrVar","v":"value"}," घंटा में"],"few":[{"t":"idOrVar","v":"value"}," घंटा में"],"many":[{"t":"idOrVar","v":"value"}," घंटा में"],"other":[{"t":"idOrVar","v":"value"}," घंटा में"]},"$x":[{"t":"idOrVar","v":"plural"},"value"]},{"$i":"days-until-long","$v":{"zero":"आई","one":"काल्हि","two":[{"t":"idOrVar","v":"value"}," दिन में"],"few":[{"t":"idOrVar","v":"value"}," दिन में"],"many":[{"t":"idOrVar","v":"value"}," दिन में"],"other":[{"t":"idOrVar","v":"value"}," दिन में"]},"$x":[{"t":"idOrVar","v":"plural"},"value"]},{"$i":"weeks-until-long","$v":{"zero":"इ हफ्ता","one":"आगु क सप्‍ताह","two":[{"t":"idOrVar","v":"value"}," हफ्ता में"],"few":[{"t":"idOrVar","v":"value"}," हफ्ता में"],"many":[{"t":"idOrVar","v":"value"}," हफ्ता में"],"other":[{"t":"idOrVar","v":"value"}," हफ्ता में"]},"$x":[{"t":"idOrVar","v":"plural"},"value"]},{"$i":"months-until-long","$v":{"zero":"इ महिना","one":"अगला महिना","two":[{"t":"idOrVar","v":"value"}," मास मे"],"few":[{"t":"idOrVar","v":"value"}," मास मे"],"many":[{"t":"idOrVar","v":"value"}," मास मे"],"other":[{"t":"idOrVar","v":"value"}," मास मे"]},"$x":[{"t":"idOrVar","v":"plural"},"value"]},{"$i":"years-until-long","$v":{"zero":"इ साल","one":"अगला साल","two":[{"t":"idOrVar","v":"value"}," साल मे"],"few":[{"t":"idOrVar","v":"value"}," साल मे"],"many":[{"t":"idOrVar","v":"value"}," साल मे"],"other":[{"t":"idOrVar","v":"value"}," साल मे"]},"$x":[{"t":"idOrVar","v":"plural"},"value"]},{"$i":"minutes-ago-short","$v":{"zero":"एखन तुरंत","other":[{"t":"idOrVar","v":"value"}," म पहिने"]},"$x":[{"t":"idOrVar","v":"plural"},"value"]},{"$i":"hours-ago-short","$v":{"zero":"एखन तुरंत","other":[{"t":"idOrVar","v":"value"}," h पहिने"]},"$x":[{"t":"idOrVar","v":"plural"},"value"]},{"$i":"days-ago-short","$v":{"zero":"आई","other":[{"t":"idOrVar","v":"value"},"d पहिने"]},"$x":[{"t":"idOrVar","v":"plural"},"value"]},{"$i":"minutes-until-short","$v":{"zero":"एखन","other":[{"t":"idOrVar","v":"value"}," m"]},"$x":[{"t":"idOrVar","v":"plural"},"value"]},{"$i":"hours-until-short","$v":{"zero":"एखन","other":[{"t":"idOrVar","v":"value"},"h"]},"$x":[{"t":"idOrVar","v":"plural"},"value"]},{"$i":"days-until-short","$v":{"zero":"आई","other":[{"t":"idOrVar","v":"value"}," d"]},"$x":[{"t":"idOrVar","v":"plural"},"value"]},{"$i":"incorrectDate","$v":"( गलत तारीख)"},{"$i":"dateTimeFormat_%c","$v":"%a %b %e %Y %I:%M:%S %p"},{"$i":"dateTimeFormat_%x","$v":"%m/%d/%Y"},{"$i":"dateTimeFormat_%X","$v":"%I:%M:%S %p"},{"$i":"shortTimeFormat","$v":"%I:%M %p"},{"$i":"shortTimeFormat12","$v":"%I:%M %p"},{"$i":"shortTimeFormat24","$v":"%H:%M"},{"$i":"shortDateTimeFormat","$v":"%x %I:%M %p"},{"$i":"weekStartsOnMonday","$v":"0"},{"$i":"firstDayOfTheWeek","$v":"0"},{"$i":"time_am","$v":"AM"},{"$i":"time_pm","$v":"PM"},{"$i":"imageDescription","$v":[{"t":"idOrVar","v":"orientation"},"इमेज, %I:%M %p, %B %e, %Y"]},{"$i":"imageDescriptionNoTimestamp","$v":[{"t":"idOrVar","v":"orientation"}," इमेज"]},{"$i":"videoDescription","$v":[{"t":"idOrVar","v":"orientation"}," विडियो, %I:%M %p, %B %e, %Y"]},{"$i":"videoDescriptionNoTimestamp","$v":[{"t":"idOrVar","v":"orientation"}," विडियो"]},{"$i":"orientationPortrait","$v":"पोरट्रेट"},{"$i":"orientationLandscape","$v":"लैंड्सकेप"},{"$i":"playbackPlay","ariaLabel":"प्‍ले"},{"$i":"playbackPause","ariaLabel":"पॉज"},{"$i":"playbackNext","ariaLabel":"आगू"},{"$i":"playbackPrevious","ariaLabel":"पहिलुक"},{"$i":"playbackFullscreen","ariaLabel":"पूर्णसक्रीन"},{"$i":"playbackSeekBar","ariaLabel":["सीक बार, दौरान ",{"t":"idOrVar","v":"duration"}]}]