[{"$i":"nospace2-title","$v":"മെമ്മറി കാർഡിൽ മതിയായ ഇടമില്ല"},{"$i":"nospace2-text","$v":"ഇന്റേര്‍ണല്‍ മെമ്മറി നിറഞ്ഞു. കുറച്ച് ഫോട്ടോകൾ ഇല്ലാതാക്കുക അല്ലെങ്കിൽ ഒരു മെമ്മറി കാർഡ് ചേർക്കുക."},{"$i":"confirmation","$v":"സ്ഥിരീകരണം"},{"$i":"error-saving-title","$v":"ചിത്രം സേവ് ചെയ്തിട്ടില്ല"},{"$i":"error-saving-text","$v":"ഒരു പിശക് കാരണം ചിത്രം സേവ് ചെയ്യുന്നതില്‍  നിന്ന് ക്യാമറയെ  തടഞ്ഞു."},{"$i":"error-recording-title","$v":"വീഡിയോ റെക്കോർഡുചെയ്തിട്ടില്ല"},{"$i":"error-recording-text","$v":"ഒരു പിശക് കാരണം  വീഡിയോ റെക്കോർഡുചെയ്യുന്നതിൽ നിന്ന് ക്യാമറയെ  തടഞ്ഞു."},{"$i":"error-video-file-path-title","$v":"വീഡിയോ റെക്കോർഡുചെയ്തിട്ടില്ല"},{"$i":"error-video-file-path-text","$v":"വീഡിയോ ഫയൽ പാത്ത് സൃഷ്ടിക്കുന്നതിൽ പിശക്."},{"$i":"nocard2-title","$v":"മെമ്മറി കാർഡ് കണ്ടെത്തിയില്ല"},{"$i":"nocard3-text","$v":"മെമ്മറി കാർഡ് കണ്ടെത്തിയില്ല. ചിത്രങ്ങൾ എടുക്കുന്നതിന് ഒരു മെമ്മറി കാർഡ് ചേർക്കുക."},{"$i":"pluggedin2-title","$v":"ഫോൺ പ്ലഗിൻ ചെയ്തിരിക്കുമ്പോൾ ക്യാമറ ഉപയോഗിക്കാൻ കഴിയില്ല"},{"$i":"pluggedin2-text","$v":"സ്റ്റോറേജ് നിലവിൽ ഉപയോഗത്തിലാണ്. ചിത്രങ്ങൾ എടുക്കുന്നതിന് ഫോൺ അൺപ്ലഗ് ചെയ്യുക."},{"$i":"storage-size-limit-reached","$v":"നിങ്ങൾക്ക് മീഡിയ സ്റ്റോറേജ് ​​ഇടം തീർന്നുപോയി."},{"$i":"activity-size-limit-reached","$v":"ഈ അറ്റാച്ച്മെന്റിന് അനുവദിച്ചിട്ടുള്ള പരമാവധി ഫയൽ വലുപ്പത്തിൽ നിങ്ങൾ എത്തി."},{"$i":"camera","$v":"ക്യാമറ"},{"$i":"retake-button","$v":"വീണ്ടെടുക്കുക"},{"$i":"select-button","$v":"തിരഞ്ഞെടുക്കുക"},{"$i":"close-button","$v":"അടയ്‌ക്കുക"},{"$i":"delete-photo?","$v":"ഫോട്ടോ ഇല്ലാതാക്കുക?"},{"$i":"delete-video?","$v":"വീഡിയോ ഇല്ലാതാക്കുക?"},{"$i":"cancel","$v":"റദ്ദാക്കുക"},{"$i":"delete","$v":"ഇല്ലാതാക്കുക"},{"$i":"mp","$v":"MP"},{"$i":"camera-resolution","$v":"ക്യാമറ റെസല്യൂഷൻ"},{"$i":"camera-resolution-header","$v":[{"t":"idOrVar","v":"camera-resolution"}]},{"$i":"video-resolution","$v":"വീഡിയോ റെസൊല്യൂഷന്‍"},{"$i":"video-resolution-header","$v":[{"t":"idOrVar","v":"video-resolution"}]},{"$i":"scene-mode","$v":"സീന്‍ മോഡ്"},{"$i":"scene-mode-header","$v":[{"t":"idOrVar","v":"scene-mode"}]},{"$i":"self-timer","$v":"സെൽഫ്-ടൈമർ"},{"$i":"self-timer-header","$v":[{"t":"idOrVar","v":"self-timer"}]},{"$i":"self-timer-off","$v":"ഓഫ്"},{"$i":"self-timer-3-seconds","$v":"3 സെക്കന്റ്"},{"$i":"self-timer-5-seconds","$v":"5 സെക്കന്റ്"},{"$i":"self-timer-10-seconds","$v":"10 സെക്കന്റ്‌"},{"$i":"battery-shutdown-title","$v":"കുറഞ്ഞ ബാറ്ററി"},{"$i":"battery-shutdown-text","$v":"ക്യാമറ ഉപയോഗിക്കാൻ കഴിയാത്തത്ര കുറവാണ് ബാറ്ററി."},{"$i":"battery-critical-text","$v":"വളരെ കുറഞ്ഞ ബാറ്ററി"},{"$i":"battery-verylow-text","$v":"10% ബാറ്ററി ബാക്കിയുണ്ട്"},{"$i":"battery-low-text","$v":"15% ബാറ്ററി ബാക്കിയുണ്ട്"},{"$i":"camera-unavailable-title","$v":"ക്യാമറ ലഭ്യമല്ല"},{"$i":"camera-unavailable-text","$v":"മറ്റൊരു ആപ്പ് ക്യാമറ ഉപയോഗിക്കുന്നു."},{"$i":"hdr","$v":"HDR"},{"$i":"hdr-header","$v":[{"t":"idOrVar","v":"hdr"}]},{"$i":"hdr-on","$v":"ഓൺ"},{"$i":"hdr-off","$v":"ഓഫ്"},{"$i":"hdr-deactivated","$v":"(HDR നിഷ്ക്രിയമാക്കി)"},{"$i":"grid","$v":"ഗ്രിഡ് ലൈന്‍സ്"},{"$i":"grid-header","$v":[{"t":"idOrVar","v":"grid"}]},{"$i":"grid-on","$v":"ഓൺ"},{"$i":"grid-off","$v":"ഓഫ്"},{"$i":"flash","$v":"ഫ്ലാഷ്"},{"$i":"flash-on","$v":"ഓൺ"},{"$i":"flash-off","$v":"ഓഫ്"},{"$i":"flash-auto","$v":"ഓട്ടോ"},{"$i":"flash-deactivated","$v":"(ഫ്ലാഷ് നിഷ്ക്രിയമാക്കി)"},{"$i":"Photo-Mode","$v":"ഫോട്ടോ മോഡ്"},{"$i":"Video-Mode","$v":"വീഡിയോ മോഡ്"},{"$i":"options","$v":"ഓപ്ഷന്‍"},{"$i":"open-gallery","$v":"ഗാലറി തുറക്കുക"},{"$i":"preview","$v":"പ്രിവ്യൂ"},{"$i":"tcl-flash","$v":"ഫ്ലാഷ്"},{"$i":"tcl-hdr","$v":"HDR"},{"$i":"tcl-grid","$v":"ഗ്രിഡ്"},{"$i":"tcl-timer","$v":"സെൽഫ് ടൈമർ"},{"$i":"tcl-timer-option","$v":{"zero":[{"t":"idOrVar","v":"n"}," സെക്കന്റ്"],"one":[{"t":"idOrVar","v":"n"}," സെക്കന്റ്"],"two":[{"t":"idOrVar","v":"n"}," സെക്കന്റ്"],"few":[{"t":"idOrVar","v":"n"}," സെക്കന്റ്"],"many":[{"t":"idOrVar","v":"n"}," സെക്കന്റ്"],"other":[{"t":"idOrVar","v":"n"}," സെക്കന്റ്"]},"$x":[{"t":"idOrVar","v":"plural"},"n"]},{"$i":"tcl-gallery","$v":"ഗാലറി"},{"$i":"tcl-gallery-option","$v":"ഗാലറി ആപ്ലിക്കേഷനിലേക്ക് പോകുക"},{"$i":"tcl-videos","$v":"വീഡിയോ"},{"$i":"tcl-videos-option","$v":"വീഡിയോ ആപ്ലിക്കേഷനിലേക്ക് പോകുക"},{"$i":"tcl-on","$v":"ഓൺ"},{"$i":"tcl-off","$v":"ഓഫ്"},{"$i":"tcl-auto","$v":"ഓട്ടോ"},{"$i":"tcl-options","$v":"ഓപ്ഷന്‍"},{"$i":"tcl-camera-mode","$v":"ഫോട്ടോയിലേക്ക് സ്വിച്ച് ചെയ്തു"},{"$i":"tcl-video-mode","$v":"വീഡിയോയിലേക്ക് മാറി"},{"$i":"tcl-turn-on","$v":"ഓണാക്കി."},{"$i":"tcl-turn-off","$v":"ഓഫാക്കി."},{"$i":"tcl-activity-cancel","$v":"റദ്ദാക്കുക"},{"$i":"tcl-activity-retake","$v":"വീണ്ടെടുക്കുക"},{"$i":"activity-done","$v":"പൂർത്തിയാക്കി"},{"$i":"tcl-activity-save","$v":"സേവ് ചെയ്യുക"},{"$i":"tcl-video-saved","$v":"വീഡിയോ സേവ് ചെയ്തു"},{"$i":"turn-on","$v":"ഓണാക്കി."},{"$i":"turn-off","$v":"ഓഫാക്കി."},{"$i":"switch-modes","$v":"മോഡ്"},{"$i":"photo-mode","$v":"ഫോട്ടോ മോഡ്"},{"$i":"video-mode","$v":"വീഡിയോ മോഡ്"},{"$i":"switch-resolution","$v":"റെസല്യൂഷൻ"},{"$i":"low-resolution","$v":"കുറഞ്ഞവ"},{"$i":"medium-resolution","$v":"ഇടത്തരം"},{"$i":"high-resolution","$v":"ഉയർന്നത്"},{"$i":"set-resolution-to","$v":"റെസല്യൂഷൻ ഇതിലേക്ക് സെറ്റ് ചെയ്തു"},{"$i":"pause","$v":"പോസ്"},{"$i":"close-menu-button","ariaLabel":"മെന്യു  അടയ്ക്കുക"},{"$i":"back-button","ariaLabel":"മടങ്ങുക"},{"$i":"setting-option","ariaLabel":[{"t":"idOrVar","v":"value"}]},{"$i":"setting-option-hdr","ariaLabel":["HDR ",{"t":"idOrVar","v":"value"}]},{"$i":"setting-option-self-timer","ariaLabel":["സെൽഫ്-ടൈമർ ",{"t":"idOrVar","v":"value"}]},{"$i":"setting-option-grid","ariaLabel":["ഗ്രിഡ് ലൈന്‍സ്  ",{"t":"idOrVar","v":"value"}]},{"$i":"setting-option-scene-mode","ariaLabel":["സീൻ മോഡ് ",{"t":"idOrVar","v":"value"}]},{"$i":"setting-option-camera-resolution","ariaLabel":["ക്യാമറ റെസല്യൂഷൻ ",{"t":"idOrVar","v":"value"}]},{"$i":"setting-option-video-resolution","ariaLabel":["വീഡിയോ റെസൊല്യൂഷന്‍ ",{"t":"idOrVar","v":"value"}]},{"$i":"flash-on-button","ariaLabel":"ഫ്ലാഷ് ഓൺ"},{"$i":"flash-off-button","ariaLabel":"ഫ്ലാഷ് ഓഫ് ആണ്"},{"$i":"flash-auto-button","ariaLabel":"ഓട്ടോ ഫ്ലാഷ്"},{"$i":"switch-camera","$v":"ക്യാമറ തിരഞ്ഞെടുപ്പ്"},{"$i":"toggle-camera-rear-button","$v":"പിൻവശ ക്യാമറ"},{"$i":"toggle-camera-front-button","$v":"മുന്നിലെ ക്യാമറ"},{"$i":"menu-button","ariaLabel":"മെന്യു"},{"$i":"preview-button","ariaLabel":"പ്രിവ്യൂ"},{"$i":"controls-button-close","ariaLabel":"അടയ്‌ക്കുക"},{"$i":"share-button","ariaLabel":"പങ്കിടുക"},{"$i":"more-button","ariaLabel":"കൂടുതൽ"},{"$i":"media-frame","ariaLabel":[{"t":"idOrVar","v":"total"}," ല്‍ ",{"t":"idOrVar","v":"current"}," ഫ്രെയിം"],"ariaMozHint":"അടുത്തതിലേക്ക് പോകാൻ 2 വിരലുകൾ ഉപയോഗിച്ച് ഇടത്തോട്ട് സ്വൈപ്പുചെയ്യുക, അല്ലെങ്കിൽ മുമ്പത്തേതിലേക്ക് പോകാൻ വലത്തോട്ട് സ്വൈപ്പുചെയ്യുക."},{"$i":"tcl-zoom","$v":"സൂം"},{"$i":"tcl-zoom-in","$v":"സൂം ഇൻ"},{"$i":"tcl-zoom-out","$v":"സൂം ഔട്ട്"},{"$i":"tcl-share","$v":"പങ്കിടുക"},{"$i":"set-as-wallpaper","$v":"വാൾപേപ്പറായി സെറ്റ് ചെയ്യുക"},{"$i":"set","$v":"സെറ്റ് ചെയ്യുക"},{"$i":"wallpaper-set","$v":"വാൾപേപ്പർ സെറ്റ് ചെയ്തു."},{"$i":"tcl-photo-deleted","$v":"ഫോട്ടോ ഇല്ലാതാക്കി"},{"$i":"tcl-ok","$v":"ശരി"},{"$i":"ftu-info","$v":"ഫോട്ടോ മോഡിനും വീഡിയോ മോഡിനും ഇടയിൽ മാറാൻ ഇടത്, വലത് കീകൾ അമർത്തുക."},{"$i":"tcl-full-screen","$v":"പൂര്‍ണ്ണ സ്ക്രീന്‍"},{"$i":"tcl-video-deleted","$v":"വീഡിയോ ഇല്ലാതാക്കി"},{"$i":"tcl-preview","$v":"പ്രിവ്യൂ"},{"$i":"welcome","$v":"ക്യാമറയിലേക്ക് സ്വാഗതം"},{"$i":"ok","$v":"ശരി"},{"$i":"tcl-option","$v":"ഓപ്ഷന്‍"},{"$i":"tcl-camera","$v":"ക്യാമറ"},{"$i":"tcl-alert-message","$v":"മെമ്മറി കാർഡ് നിറഞ്ഞിരിക്കുന്നു. കുറച്ച് ഫോട്ടോകൾ ഇല്ലാതാക്കുകയോ മറ്റൊരു മെമ്മറി കാർഡ് ചേർക്കുകയോ ചെയ്യുക."},{"$i":"tcl-error-message","$v":"ചിത്രം സേവ് ചെയ്തിട്ടില്ല , ചിത്രം സേവ് ചെയ്യുന്നതില്‍  നിന്ന് ക്യാമറയെ ഒരു പിശക് തടഞ്ഞു."},{"$i":"tcl-error-file-message","$v":"വീഡിയോ റെക്കോർഡുചെയ്തില്ല, വീഡിയോ ഫയൽ പാത്ത് സൃഷ്ടിക്കുന്നതിൽ പിശക്."},{"$i":"weekday-0-long","$v":"ഞായറാഴ്ച"},{"$i":"weekday-1-long","$v":"തിങ്കളാഴ്ച"},{"$i":"weekday-2-long","$v":"ചൊവ്വാഴ്ച"},{"$i":"weekday-3-long","$v":"ബുധനാഴ്ച"},{"$i":"weekday-4-long","$v":"വ്യാഴാഴ്ച"},{"$i":"weekday-5-long","$v":"വെള്ളിയാഴ്ച"},{"$i":"weekday-6-long","$v":"ശനിയാഴ്ച"},{"$i":"weekday-0-short","$v":"ഞായർ"},{"$i":"weekday-1-short","$v":"തിങ്കൾ"},{"$i":"weekday-2-short","$v":"ചൊവ്വ"},{"$i":"weekday-3-short","$v":"ബുധൻ"},{"$i":"weekday-4-short","$v":"വ്യാഴം"},{"$i":"weekday-5-short","$v":"വെള്ളി"},{"$i":"weekday-6-short","$v":"ശനി"},{"$i":"month-0-long","$v":"ജനുവരി"},{"$i":"month-1-long","$v":"ഫെബ്രുവരി"},{"$i":"month-2-long","$v":"മാർച്ച്"},{"$i":"month-3-long","$v":"ഏപ്രിൽ"},{"$i":"month-4-long","$v":"മെയ്"},{"$i":"month-5-long","$v":"ജൂൺ"},{"$i":"month-6-long","$v":"ജൂലൈ"},{"$i":"month-7-long","$v":"ആഗസ്റ്റ്"},{"$i":"month-8-long","$v":"സെപ്റ്റംബർ"},{"$i":"month-9-long","$v":"ഒക്ടോബർ"},{"$i":"month-10-long","$v":"നവംബർ"},{"$i":"month-11-long","$v":"ഡിസംബർ"},{"$i":"month-0-genitive","$v":"ജനുവരി"},{"$i":"month-1-genitive","$v":"ഫെബ്രുവരി"},{"$i":"month-2-genitive","$v":"മാർച്ച്"},{"$i":"month-3-genitive","$v":"ഏപ്രിൽ"},{"$i":"month-4-genitive","$v":"മെയ്"},{"$i":"month-5-genitive","$v":"ജൂൺ"},{"$i":"month-6-genitive","$v":"ജൂലൈ"},{"$i":"month-7-genitive","$v":"ആഗസ്റ്റ്"},{"$i":"month-8-genitive","$v":"സെപ്റ്റംബർ"},{"$i":"month-9-genitive","$v":"ഒക്ടോബർ"},{"$i":"month-10-genitive","$v":"നവംബർ"},{"$i":"month-11-genitive","$v":"ഡിസംബർ"},{"$i":"month-0-short","$v":"ജനുവരി"},{"$i":"month-1-short","$v":"ഫെബ്രുവരി"},{"$i":"month-2-short","$v":"മാർച്ച്"},{"$i":"month-3-short","$v":"ഏപ്രിൽ"},{"$i":"month-4-short","$v":"മെയ്"},{"$i":"month-5-short","$v":"ജൂൺ"},{"$i":"month-6-short","$v":"ജൂലൈ"},{"$i":"month-7-short","$v":"ആഗസ്റ്റ്"},{"$i":"month-8-short","$v":"സെപ്റ്റംബർ"},{"$i":"month-9-short","$v":"ഒക്ടോബർ"},{"$i":"month-10-short","$v":"നവംബർ"},{"$i":"month-11-short","$v":"ഡിസംബർ"},{"$i":"minutes-ago-long","$v":{"zero":"ഇപ്പോൾ തന്നെ","one":"ഒരു മിനിറ്റ് മുമ്പ്","two":[{"t":"idOrVar","v":"value"}," മിനിറ്റുകൾക്ക് മുമ്പ്"],"few":[{"t":"idOrVar","v":"value"}," മിനിറ്റുകൾക്ക് മുമ്പ്"],"many":[{"t":"idOrVar","v":"value"}," മിനിറ്റുകൾക്ക് മുമ്പ്"],"other":[{"t":"idOrVar","v":"value"}," മിനിറ്റുകൾക്ക് മുമ്പ്"]},"$x":[{"t":"idOrVar","v":"plural"},"value"]},{"$i":"hours-ago-long","$v":{"zero":"ഇപ്പോൾ തന്നെ","one":"ഒരു മണിക്കൂർ മുമ്പ്","two":[{"t":"idOrVar","v":"value"}," മണിക്കൂറുകൾക്ക് മുമ്പ്"],"few":[{"t":"idOrVar","v":"value"}," മണിക്കൂറുകൾക്ക് മുമ്പ്"],"many":[{"t":"idOrVar","v":"value"}," മണിക്കൂറുകൾക്ക് മുമ്പ്"],"other":[{"t":"idOrVar","v":"value"}," മണിക്കൂറുകൾക്ക് മുമ്പ്"]},"$x":[{"t":"idOrVar","v":"plural"},"value"]},{"$i":"days-ago-long","$v":{"zero":"ഇന്ന്","one":"ഇന്നലെ","two":[{"t":"idOrVar","v":"value"}," ദിവസങ്ങൾക്ക് മുമ്പ്"],"few":[{"t":"idOrVar","v":"value"}," ദിവസങ്ങൾക്ക് മുമ്പ്"],"many":[{"t":"idOrVar","v":"value"}," ദിവസങ്ങൾക്ക് മുമ്പ്"],"other":[{"t":"idOrVar","v":"value"}," ദിവസങ്ങൾക്ക് മുമ്പ്"]},"$x":[{"t":"idOrVar","v":"plural"},"value"]},{"$i":"weeks-ago-long","$v":{"zero":"ഈ ആഴ്ച","one":"കഴിഞ്ഞ ആഴ്ച","two":[{"t":"idOrVar","v":"value"}," ആഴ്ചകൾക്ക് മുമ്പ്"],"few":[{"t":"idOrVar","v":"value"}," ആഴ്ചകൾക്ക് മുമ്പ്"],"many":[{"t":"idOrVar","v":"value"}," ആഴ്ചകൾക്ക് മുമ്പ്"],"other":[{"t":"idOrVar","v":"value"}," ആഴ്ചകൾക്ക് മുമ്പ്"]},"$x":[{"t":"idOrVar","v":"plural"},"value"]},{"$i":"months-ago-long","$v":{"zero":"ഈ മാസം","one":"കഴിഞ്ഞ മാസം","two":[{"t":"idOrVar","v":"value"}," മാസങ്ങൾക്ക് മുമ്പ്"],"few":[{"t":"idOrVar","v":"value"}," മാസങ്ങൾക്ക് മുമ്പ്"],"many":[{"t":"idOrVar","v":"value"}," മാസങ്ങൾക്ക് മുമ്പ്"],"other":[{"t":"idOrVar","v":"value"}," മാസങ്ങൾക്ക് മുമ്പ്"]},"$x":[{"t":"idOrVar","v":"plural"},"value"]},{"$i":"years-ago-long","$v":{"zero":"ഈ വർഷം","one":"കഴിഞ്ഞ വർഷം","two":[{"t":"idOrVar","v":"value"}," വർഷങ്ങൾക്ക് മുമ്പ്"],"few":[{"t":"idOrVar","v":"value"}," വർഷങ്ങൾക്ക് മുമ്പ്"],"many":[{"t":"idOrVar","v":"value"}," വർഷങ്ങൾക്ക് മുമ്പ്"],"other":[{"t":"idOrVar","v":"value"}," വർഷങ്ങൾക്ക് മുമ്പ്"]},"$x":[{"t":"idOrVar","v":"plural"},"value"]},{"$i":"minutes-until-long","$v":{"zero":"ഇപ്പോൾ","one":"ഒരു മിനിറ്റിൽ","two":[{"t":"idOrVar","v":"value"}," മിനിറ്റുകളിൽ"],"few":[{"t":"idOrVar","v":"value"}," മിനിറ്റുകളിൽ"],"many":[{"t":"idOrVar","v":"value"}," മിനിറ്റുകളിൽ"],"other":[{"t":"idOrVar","v":"value"}," മിനിറ്റുകളിൽ"]},"$x":[{"t":"idOrVar","v":"plural"},"value"]},{"$i":"hours-until-long","$v":{"zero":"ഇപ്പോൾ","one":"ഒരു മണിക്കൂറിൽ","two":[{"t":"idOrVar","v":"value"}," മണിക്കൂറുകളിൽ"],"few":[{"t":"idOrVar","v":"value"}," മണിക്കൂറുകളിൽ"],"many":[{"t":"idOrVar","v":"value"}," മണിക്കൂറുകളിൽ"],"other":[{"t":"idOrVar","v":"value"}," മണിക്കൂറുകളിൽ"]},"$x":[{"t":"idOrVar","v":"plural"},"value"]},{"$i":"days-until-long","$v":{"zero":"ഇന്ന്","one":"നാളെ","two":[{"t":"idOrVar","v":"value"}," ദിവസങ്ങളിൽ"],"few":[{"t":"idOrVar","v":"value"}," ദിവസങ്ങളിൽ"],"many":[{"t":"idOrVar","v":"value"}," ദിവസങ്ങളിൽ"],"other":[{"t":"idOrVar","v":"value"}," ദിവസങ്ങളിൽ"]},"$x":[{"t":"idOrVar","v":"plural"},"value"]},{"$i":"weeks-until-long","$v":{"zero":"ഈ ആഴ്ച","one":"അടുത്ത ആഴ്ച","two":[{"t":"idOrVar","v":"value"}," ആഴ്ചകളിൽ"],"few":[{"t":"idOrVar","v":"value"}," ആഴ്ചകളിൽ"],"many":[{"t":"idOrVar","v":"value"}," ആഴ്ചകളിൽ"],"other":[{"t":"idOrVar","v":"value"}," ആഴ്ചകളിൽ"]},"$x":[{"t":"idOrVar","v":"plural"},"value"]},{"$i":"months-until-long","$v":{"zero":"ഈ മാസം","one":"അടുത്ത മാസം","two":[{"t":"idOrVar","v":"value"}," മാസങ്ങളിൽ"],"few":[{"t":"idOrVar","v":"value"}," മാസങ്ങളിൽ"],"many":[{"t":"idOrVar","v":"value"}," മാസങ്ങളിൽ"],"other":[{"t":"idOrVar","v":"value"}," മാസങ്ങളിൽ"]},"$x":[{"t":"idOrVar","v":"plural"},"value"]},{"$i":"years-until-long","$v":{"zero":"ഈ വർഷം","one":"അടുത്ത വർഷം","two":[{"t":"idOrVar","v":"value"}," വർഷങ്ങളിൽ"],"few":[{"t":"idOrVar","v":"value"}," വർഷങ്ങളിൽ"],"many":[{"t":"idOrVar","v":"value"}," വർഷങ്ങളിൽ"],"other":[{"t":"idOrVar","v":"value"}," വർഷങ്ങളിൽ"]},"$x":[{"t":"idOrVar","v":"plural"},"value"]},{"$i":"minutes-ago-short","$v":{"zero":"ഇപ്പോൾ തന്നെ","other":[{"t":"idOrVar","v":"value"}," മിനിറ്റ്  മുമ്പ്"]},"$x":[{"t":"idOrVar","v":"plural"},"value"]},{"$i":"hours-ago-short","$v":{"zero":"ഇപ്പോൾ തന്നെ","other":[{"t":"idOrVar","v":"value"}," മണിക്കൂറുകള്‍ക്ക്  മുമ്പ്"]},"$x":[{"t":"idOrVar","v":"plural"},"value"]},{"$i":"days-ago-short","$v":{"zero":"ഇന്ന്","other":[{"t":"idOrVar","v":"value"}," ദിവസങ്ങള്‍ക്ക്  മുമ്പ്"]},"$x":[{"t":"idOrVar","v":"plural"},"value"]},{"$i":"minutes-until-short","$v":{"zero":"ഇപ്പോൾ","other":[{"t":"idOrVar","v":"value"},"മിനിറ്റില്‍"]},"$x":[{"t":"idOrVar","v":"plural"},"value"]},{"$i":"hours-until-short","$v":{"zero":"ഇപ്പോൾ","other":[{"t":"idOrVar","v":"value"},"മണിക്കൂറില്‍"]},"$x":[{"t":"idOrVar","v":"plural"},"value"]},{"$i":"days-until-short","$v":{"zero":"ഇന്ന്","other":[{"t":"idOrVar","v":"value"},"ദിവസത്തില്‍"]},"$x":[{"t":"idOrVar","v":"plural"},"value"]},{"$i":"incorrectDate","$v":"(തെറ്റായ തീയ്യതി)"},{"$i":"dateTimeFormat_%c","$v":"%a %b %e %Y %I:%M:%S %p"},{"$i":"dateTimeFormat_%x","$v":"%m/%d/%Y"},{"$i":"dateTimeFormat_%X","$v":"%I:%M:%S %p"},{"$i":"shortTimeFormat","$v":"%I:%M %p"},{"$i":"shortTimeFormat12","$v":"%I:%M %p"},{"$i":"shortTimeFormat24","$v":"%H:%M"},{"$i":"shortDateTimeFormat","$v":"%x %I:%M %p"},{"$i":"weekStartsOnMonday","$v":"0"},{"$i":"firstDayOfTheWeek","$v":"0"},{"$i":"time_am","$v":"AM"},{"$i":"time_pm","$v":"PM"},{"$i":"imageDescription","$v":[{"t":"idOrVar","v":"orientation"}," ചിത്രം, %I:%M %p, %B %e, %Y"]},{"$i":"imageDescriptionNoTimestamp","$v":[{"t":"idOrVar","v":"orientation"}," ചിത്രം"]},{"$i":"videoDescription","$v":[{"t":"idOrVar","v":"orientation"}," വീഡിയോ, %I:%M %p, %B %e, %Y"]},{"$i":"videoDescriptionNoTimestamp","$v":[{"t":"idOrVar","v":"orientation"}," വീഡിയോ"]},{"$i":"orientationPortrait","$v":"പോർട്രെയിറ്റ്"},{"$i":"orientationLandscape","$v":"തിരശ്ചീനദിശ"},{"$i":"playbackPlay","ariaLabel":"പ്ലേ ചെയ്യുക"},{"$i":"playbackPause","ariaLabel":"പോസ്"},{"$i":"playbackNext","ariaLabel":"അടുത്തത്"},{"$i":"playbackPrevious","ariaLabel":"മുന്‍പുള്ള"},{"$i":"playbackFullscreen","ariaLabel":"പൂര്‍ണ്ണസ്ക്രീന്‍"},{"$i":"playbackSeekBar","ariaLabel":["തേടൽ ബാർ, ദൈർഘ്യം ",{"t":"idOrVar","v":"duration"}]}]