[{"$i":"nospace2-title","$v":"মেমোরি কার্দতা ওক্নবা স্পেস য়াওদে"},{"$i":"nospace2-text","$v":"মনুংগী স্টোরেজ পিক থল্লি.  ফোটোশীং খরা মুথৎপিয়ু নত্ত্রগা মেমোরি কার্দ অমা থিংজিনবিয়ু."},{"$i":"confirmation","$v":"চুম্মি হায়বা"},{"$i":"error-saving-title","$v":"পিকচর সেব তৌদে"},{"$i":"error-saving-text","$v":"অরানবা অমনা কেমেরা অদু পিকচর সেব তৌবদগী থিংলে."},{"$i":"error-recording-title","$v":"ভিদিও রেকোর্দ তৌদে"},{"$i":"error-recording-text","$v":"অরানবা অমনা কেমেরা অদু ভিদিও রেকোর্দ তৌবদগী থিংলে."},{"$i":"error-video-file-path-title","$v":"ভিদিও রেকোর্দ তৌদে"},{"$i":"error-video-file-path-text","$v":"ভিদিও ফাইল পাথ শেম্বদা অরানবা"},{"$i":"nocard2-title","$v":"মেমোরি কার্দ অমত্তা ফংদে"},{"$i":"nocard3-text","$v":"মেমোরি কার্দ য়াওদে.  পিকচরশীং লৌনবা মেমোরি কার্দ অমা থিংজিনবিয়ু."},{"$i":"pluggedin2-title","$v":"ফোন প্লগ ইন তৌরিঙৈদা কেমেরা শীজিন্নবা য়াদে"},{"$i":"pluggedin2-text","$v":"স্টোরেজ হৌজিক শীজিন্নরি. পিকচরশীং লৌনবা ফোন অদু অনপ্লগ তৌবিয়ু."},{"$i":"storage-size-limit-reached","$v":"নহাক্কি মেদিয়া স্টোরেজ স্পেস লোইখ্রে."},{"$i":"activity-size-limit-reached","$v":"নহাক এটেচমেন্ট অসিগী খ্বাইদগী য়াম্বা ফাইলগী চাওবা-পিকপা য়ৌহনখ্রে."},{"$i":"camera","$v":"কেমেরা"},{"$i":"retake-button","$v":"হন্না লৌবা"},{"$i":"select-button","$v":"খল্লু"},{"$i":"close-button","$v":"থিংজিল্লু"},{"$i":"delete-photo?","$v":"ফোটো মুথৎলু?"},{"$i":"delete-video?","$v":"ভিদিও মুথৎলু?"},{"$i":"cancel","$v":"ককথৎলু"},{"$i":"delete","$v":"মুত্থৎলু"},{"$i":"mp","$v":"MP"},{"$i":"camera-resolution","$v":"কেমেরা রিজোলুসন"},{"$i":"camera-resolution-header","$v":[{"t":"idOrVar","v":"camera-resolution"}]},{"$i":"video-resolution","$v":"ভিডিও রিজোলুসন"},{"$i":"video-resolution-header","$v":[{"t":"idOrVar","v":"video-resolution"}]},{"$i":"scene-mode","$v":"থৌদোক মফম মোড"},{"$i":"scene-mode-header","$v":[{"t":"idOrVar","v":"scene-mode"}]},{"$i":"self-timer","$v":"মশা মথন্তা-মতম থাবা"},{"$i":"self-timer-header","$v":[{"t":"idOrVar","v":"self-timer"}]},{"$i":"self-timer-off","$v":"মুত্থৎপা"},{"$i":"self-timer-3-seconds","$v":"সেকেণ্ড 3"},{"$i":"self-timer-5-seconds","$v":"সেকেণ্ড 5"},{"$i":"self-timer-10-seconds","$v":"সেকেণ্ড 10"},{"$i":"battery-shutdown-title","$v":"বেট্টরি য়ামদবা"},{"$i":"battery-shutdown-text","$v":"বেট্টরিগী মৈগী থাক অদু কেমেরা শীজিন্ননবা নেম্মনখ্রে."},{"$i":"battery-critical-text","$v":"য়াম্না খুদোংথিনিংঙাই ওইনা নেম্বা বেট্টরি"},{"$i":"battery-verylow-text","$v":"10% বেট্টরি লেম্লি"},{"$i":"battery-low-text","$v":"15% বেট্টরি লেম্লি"},{"$i":"camera-unavailable-title","$v":"কেমেরা ফংদে"},{"$i":"camera-unavailable-text","$v":"কেমেরা অতোপ্পা এপনা শীজিন্নৈ."},{"$i":"hdr","$v":"HDR"},{"$i":"hdr-header","$v":[{"t":"idOrVar","v":"hdr"}]},{"$i":"hdr-on","$v":"ওন তৌ"},{"$i":"hdr-off","$v":"মুত্থৎপা"},{"$i":"hdr-deactivated","$v":"(HDR দিএক্তিবেত তৌরে)"},{"$i":"grid","$v":"গ্রিদ লাইনশীং"},{"$i":"grid-header","$v":[{"t":"idOrVar","v":"grid"}]},{"$i":"grid-on","$v":"ওন তৌ"},{"$i":"grid-off","$v":"মুত্থৎপা"},{"$i":"flash","$v":"ফ্লাস"},{"$i":"flash-on","$v":"ওন তৌ"},{"$i":"flash-off","$v":"মুত্থৎপা"},{"$i":"flash-auto","$v":"মশা-মথন্ত তৌজবা"},{"$i":"flash-deactivated","$v":"(ফ্লাশ দিএক্তিবেত তৌরে)"},{"$i":"Photo-Mode","$v":"ফোটো মোদ"},{"$i":"Video-Mode","$v":"ভিদিও মোদ"},{"$i":"options","$v":"ওপসনশিং"},{"$i":"open-gallery","$v":"ওপন গেল্লরি"},{"$i":"preview","$v":"মাংজৌনবা শক্তম"},{"$i":"tcl-flash","$v":"ফ্লাস"},{"$i":"tcl-hdr","$v":"HDR"},{"$i":"tcl-grid","$v":"গ্রিদ"},{"$i":"tcl-timer","$v":"মশা মথন্তা মতম থাবা"},{"$i":"tcl-timer-option","$v":{"zero":["সেকেন্দ ",{"t":"idOrVar","v":"n"}],"one":["সেকেন্দ ",{"t":"idOrVar","v":"n"}],"two":["সেকেন্দ ",{"t":"idOrVar","v":"n"}],"few":["সেকেন্দ ",{"t":"idOrVar","v":"n"}],"many":["সেকেন্দ ",{"t":"idOrVar","v":"n"}],"other":["সেকেন্দ ",{"t":"idOrVar","v":"n"}]},"$x":[{"t":"idOrVar","v":"plural"},"n"]},{"$i":"tcl-gallery","$v":"গেল্লেরী"},{"$i":"tcl-gallery-option","$v":"গেল্লরি এপ্লিকেশনদা চৎলু"},{"$i":"tcl-videos","$v":"ভিদিও"},{"$i":"tcl-videos-option","$v":"ভিদিও এপ্লিকেশনদা চৎলু"},{"$i":"tcl-on","$v":"ওন তৌ"},{"$i":"tcl-off","$v":"মুত্থৎপা"},{"$i":"tcl-auto","$v":"মশা-মথন্ত তৌজবা"},{"$i":"tcl-options","$v":"ওপসনশিং"},{"$i":"tcl-camera-mode","$v":"ফোটোদা হোংলে"},{"$i":"tcl-video-mode","$v":"ভিদিওদা হোংলে"},{"$i":"tcl-turn-on","$v":"থাবা."},{"$i":"tcl-turn-off","$v":"মুথৎলু."},{"$i":"tcl-activity-cancel","$v":"ককথৎলু"},{"$i":"tcl-activity-retake","$v":"হন্না লৌবা"},{"$i":"activity-done","$v":"তৌরে"},{"$i":"tcl-activity-save","$v":"সেব তৌ"},{"$i":"tcl-video-saved","$v":"ভিদিও সেব তৌরে"},{"$i":"turn-on","$v":"থাবা."},{"$i":"turn-off","$v":"মুথৎলু."},{"$i":"switch-modes","$v":"মোদশীং"},{"$i":"photo-mode","$v":"ফোটো মোদ"},{"$i":"video-mode","$v":"ভিদিও মোদ"},{"$i":"switch-resolution","$v":"রিজোলুসন"},{"$i":"low-resolution","$v":"অনেম্বা"},{"$i":"medium-resolution","$v":"ময়ায় ওইবা"},{"$i":"high-resolution","$v":"অৱাংবা"},{"$i":"set-resolution-to","$v":"রিজোলুসন শেম্লে দা"},{"$i":"pause","$v":"ঙাইহাক লেপ্পু"},{"$i":"close-menu-button","ariaLabel":"মেনু খুমজিল্লু"},{"$i":"back-button","ariaLabel":"মনিং হল্লু"},{"$i":"setting-option","ariaLabel":[{"t":"idOrVar","v":"value"}]},{"$i":"setting-option-hdr","ariaLabel":["HDR ",{"t":"idOrVar","v":"value"}]},{"$i":"setting-option-self-timer","ariaLabel":["মশা মথন্তা-মতম থাবা ",{"t":"idOrVar","v":"value"}]},{"$i":"setting-option-grid","ariaLabel":["গ্রিদ লাইনশীং ",{"t":"idOrVar","v":"value"}]},{"$i":"setting-option-scene-mode","ariaLabel":["সীন মোদ ",{"t":"idOrVar","v":"value"}]},{"$i":"setting-option-camera-resolution","ariaLabel":["কেমেরা রিজোলুসন ",{"t":"idOrVar","v":"value"}]},{"$i":"setting-option-video-resolution","ariaLabel":["ভিদিও রিজোলুসন ",{"t":"idOrVar","v":"value"}]},{"$i":"flash-on-button","ariaLabel":"ফ্লাশ থাই"},{"$i":"flash-off-button","ariaLabel":"ফ্লাশ থাদে"},{"$i":"flash-auto-button","ariaLabel":"ফ্লাশ ওটো"},{"$i":"switch-camera","$v":"কেমেরা খনবা"},{"$i":"toggle-camera-rear-button","$v":"মনিংগী কেমেরা"},{"$i":"toggle-camera-front-button","$v":"মমাংগী কেমেরা"},{"$i":"menu-button","ariaLabel":"মেনু"},{"$i":"preview-button","ariaLabel":"মাংজৌনবা শক্তম"},{"$i":"controls-button-close","ariaLabel":"থিংজিল্লু"},{"$i":"share-button","ariaLabel":"শীজিন্নমিন্নৌ"},{"$i":"more-button","ariaLabel":"অহেনবা"},{"$i":"media-frame","ariaLabel":["ফ্রেম তৌ ",{"t":"idOrVar","v":"current"}," গী ",{"t":"idOrVar","v":"total"}],"ariaMozHint":"মথংদা চোংনবা খুৎশা 2 না চিংঙু, নত্ত্রগা মমাংগীদা চোংনবা য়েৎলোমদা চিংঙু"},{"$i":"tcl-zoom","$v":"জূম"},{"$i":"tcl-zoom-in","$v":"জূম ইন"},{"$i":"tcl-zoom-out","$v":"জূম আওট"},{"$i":"tcl-share","$v":"শীজিন্নমিন্নৌ"},{"$i":"set-as-wallpaper","$v":"ৱালপেপর ওইনা পানখৎলু"},{"$i":"set","$v":"হাপ্পু"},{"$i":"wallpaper-set","$v":"ৱালপেপর শেম্লে."},{"$i":"tcl-photo-deleted","$v":"ফোটো মুথৎলে"},{"$i":"tcl-ok","$v":"ওকে"},{"$i":"ftu-info","$v":"ফোটো অমসুং ভিদিও মোদশীংগী মরক্তা ওন্থোক-ওনশিন তৌনবা লেফ্ট অমসুং রাইট নম্মু."},{"$i":"tcl-full-screen","$v":"স্ক্রীন মপুম"},{"$i":"tcl-video-deleted","$v":"ভিদিও মুথৎলে"},{"$i":"tcl-preview","$v":"মাংজৌনবা শক্তম"},{"$i":"welcome","$v":"কেমেরাদা তরাম্না ওকচরি"},{"$i":"ok","$v":"ওকে"},{"$i":"tcl-option","$v":"ওপসনশিং"},{"$i":"tcl-camera","$v":"কেমেরা"},{"$i":"tcl-alert-message","$v":"মেমোরি কার্দ পিক. থল্লি ফোটোশীং খরা মুথৎপীয়ু নত্ত্রগা তোঙানবা মেমোরি কার্দ অমা থিংজিনবিয়ু."},{"$i":"tcl-error-message","$v":"পিকচর সেব তৌদে. অরানবা অমনা কেমেরাবু পিকচর অদু সেব তৌবদগী থিংঙি."},{"$i":"tcl-error-file-message","$v":"ভিদিও রেকোর্দ তৌদে ভিদিও ফাইল লম্বী শেম্বদা অরানবা."},{"$i":"weekday-0-long","$v":"নোংমাইজিং"},{"$i":"weekday-1-long","$v":"নিংথৌকাবা"},{"$i":"weekday-2-long","$v":"লৈবাকপোকপা"},{"$i":"weekday-3-long","$v":"য়ুমশকৈশ"},{"$i":"weekday-4-long","$v":"শগোলশেল"},{"$i":"weekday-5-long","$v":"ইরাই"},{"$i":"weekday-6-long","$v":"থাংজ"},{"$i":"weekday-0-short","$v":"নুমিৎ"},{"$i":"weekday-1-short","$v":"নিংথৌকাবা"},{"$i":"weekday-2-short","$v":"লৈবাকপোকপা"},{"$i":"weekday-3-short","$v":"য়ুমশকৈশা"},{"$i":"weekday-4-short","$v":"শগোলশেন"},{"$i":"weekday-5-short","$v":"ইরাই"},{"$i":"weekday-6-short","$v":"থাংজ"},{"$i":"month-0-long","$v":"জানুৱারি"},{"$i":"month-1-long","$v":"ফেব্রুৱারি"},{"$i":"month-2-long","$v":"মার্চ"},{"$i":"month-3-long","$v":"এপ্রিল"},{"$i":"month-4-long","$v":"মে"},{"$i":"month-5-long","$v":"জুন"},{"$i":"month-6-long","$v":"জুলাই"},{"$i":"month-7-long","$v":"ওগস্ট"},{"$i":"month-8-long","$v":"সেপ্টেম্বর"},{"$i":"month-9-long","$v":"ওক্তোবর"},{"$i":"month-10-long","$v":"নোবেম্বর"},{"$i":"month-11-long","$v":"দিসেম্বর"},{"$i":"month-0-genitive","$v":"জানুৱারি"},{"$i":"month-1-genitive","$v":"ফেব্রুৱারি"},{"$i":"month-2-genitive","$v":"মার্চ"},{"$i":"month-3-genitive","$v":"এপ্রিল"},{"$i":"month-4-genitive","$v":"মে"},{"$i":"month-5-genitive","$v":"জুন"},{"$i":"month-6-genitive","$v":"জুলাই"},{"$i":"month-7-genitive","$v":"ওগস্ট"},{"$i":"month-8-genitive","$v":"সেপ্টেম্বর"},{"$i":"month-9-genitive","$v":"ওক্তোবর"},{"$i":"month-10-genitive","$v":"নোবেম্বর"},{"$i":"month-11-genitive","$v":"দিসেম্বর"},{"$i":"month-0-short","$v":"জানুৱারি"},{"$i":"month-1-short","$v":"ফেব্রুৱারি"},{"$i":"month-2-short","$v":"মার্চ"},{"$i":"month-3-short","$v":"এপ্রিল"},{"$i":"month-4-short","$v":"মে"},{"$i":"month-5-short","$v":"জুন"},{"$i":"month-6-short","$v":"জুলাই"},{"$i":"month-7-short","$v":"ওগস্ট"},{"$i":"month-8-short","$v":"সেপ্টেম্বর"},{"$i":"month-9-short","$v":"ওক্তোবর"},{"$i":"month-10-short","$v":"নোবেম্বর"},{"$i":"month-11-short","$v":"দিসেম্বর"},{"$i":"minutes-ago-long","$v":{"zero":"হৌজিক্তা","one":"মিনট অমা মমাংদা","two":["মিনট ",{"t":"idOrVar","v":"value"}," মমাংদা"],"few":["মিনট ",{"t":"idOrVar","v":"value"}," মমাংদা"],"many":["মিনট ",{"t":"idOrVar","v":"value"}," মমাংদা"],"other":["মিনট ",{"t":"idOrVar","v":"value"}," মমাংদা"]},"$x":[{"t":"idOrVar","v":"plural"},"value"]},{"$i":"hours-ago-long","$v":{"zero":"হৌজিক্তা","one":"পুং অমা মমাংদা","two":["পুং ",{"t":"idOrVar","v":"value"}," মমাংদা"],"few":["পুং ",{"t":"idOrVar","v":"value"}," মমাংদা"],"many":["পুং ",{"t":"idOrVar","v":"value"}," মমাংদা"],"other":["পুং ",{"t":"idOrVar","v":"value"}," মমাংদা"]},"$x":[{"t":"idOrVar","v":"plural"},"value"]},{"$i":"days-ago-long","$v":{"zero":"ঙসি","one":"ঙরাং","two":["নুমিৎ ",{"t":"idOrVar","v":"value"}," মমাংদা"],"few":["নুমিৎ ",{"t":"idOrVar","v":"value"}," মমাংদা"],"many":["নুমিৎ ",{"t":"idOrVar","v":"value"}," মমাংদা"],"other":["নুমিৎ ",{"t":"idOrVar","v":"value"}," মমাংদা"]},"$x":[{"t":"idOrVar","v":"plural"},"value"]},{"$i":"weeks-ago-long","$v":{"zero":"চয়োল অসি","one":"ইকোন কোনবা চয়োল","two":["চয়োল ",{"t":"idOrVar","v":"value"}," মমাংদা"],"few":["চয়োল ",{"t":"idOrVar","v":"value"}," মমাংদা"],"many":["চয়োল ",{"t":"idOrVar","v":"value"}," মমাংদা"],"other":["চয়োল ",{"t":"idOrVar","v":"value"}," মমাংদা"]},"$x":[{"t":"idOrVar","v":"plural"},"value"]},{"$i":"months-ago-long","$v":{"zero":"থা অসি","one":"ইকোন কোনবা থা","two":["থা ",{"t":"idOrVar","v":"value"}," মামংদা"],"few":["থা ",{"t":"idOrVar","v":"value"}," মামংদা"],"many":["থা ",{"t":"idOrVar","v":"value"}," মামংদা"],"other":["থা ",{"t":"idOrVar","v":"value"}," মামংদা"]},"$x":[{"t":"idOrVar","v":"plural"},"value"]},{"$i":"years-ago-long","$v":{"zero":"চহী অসি","one":"ইকোন কোনবা চহী","two":["চহী ",{"t":"idOrVar","v":"value"}," মমাংদা"],"few":["চহী ",{"t":"idOrVar","v":"value"}," মমাংদা"],"many":["চহী ",{"t":"idOrVar","v":"value"}," মমাংদা"],"other":["চহী ",{"t":"idOrVar","v":"value"}," মমাংদা"]},"$x":[{"t":"idOrVar","v":"plural"},"value"]},{"$i":"minutes-until-long","$v":{"zero":"হৌজিক্তা","one":"মিনট অমদা","two":["মিনট ",{"t":"idOrVar","v":"value"}," দা"],"few":["মিনট ",{"t":"idOrVar","v":"value"}," দা"],"many":["মিনট ",{"t":"idOrVar","v":"value"}," দা"],"other":["মিনট ",{"t":"idOrVar","v":"value"}," দা"]},"$x":[{"t":"idOrVar","v":"plural"},"value"]},{"$i":"hours-until-long","$v":{"zero":"হৌজিক্তা","one":"পুং অমদা","two":["পুং ",{"t":"idOrVar","v":"value"}," দা"],"few":["পুং ",{"t":"idOrVar","v":"value"}," দা"],"many":["পুং ",{"t":"idOrVar","v":"value"}," দা"],"other":["পুং ",{"t":"idOrVar","v":"value"}," দা"]},"$x":[{"t":"idOrVar","v":"plural"},"value"]},{"$i":"days-until-long","$v":{"zero":"ঙসি","one":"হয়েং","two":["নুমিৎ ",{"t":"idOrVar","v":"value"}," তা"],"few":["নুমিৎ ",{"t":"idOrVar","v":"value"}," তা"],"many":["নুমিৎ ",{"t":"idOrVar","v":"value"}," তা"],"other":["নুমিৎ ",{"t":"idOrVar","v":"value"}," তা"]},"$x":[{"t":"idOrVar","v":"plural"},"value"]},{"$i":"weeks-until-long","$v":{"zero":"চয়োল অসি","one":"মথংগী চয়োল","two":["চয়োল ",{"t":"idOrVar","v":"value"}," দা"],"few":["চয়োল ",{"t":"idOrVar","v":"value"}," দা"],"many":["চয়োল ",{"t":"idOrVar","v":"value"}," দা"],"other":["চয়োল ",{"t":"idOrVar","v":"value"}," দা"]},"$x":[{"t":"idOrVar","v":"plural"},"value"]},{"$i":"months-until-long","$v":{"zero":"থা অসি","one":"মথংগী থা","two":["থা ",{"t":"idOrVar","v":"value"}," দা"],"few":["থা ",{"t":"idOrVar","v":"value"}," দা"],"many":["থা ",{"t":"idOrVar","v":"value"}," দা"],"other":["থা ",{"t":"idOrVar","v":"value"}," দা"]},"$x":[{"t":"idOrVar","v":"plural"},"value"]},{"$i":"years-until-long","$v":{"zero":"চহী অসি","one":"মথংগী চহী","two":["চহী ",{"t":"idOrVar","v":"value"}," দা"],"few":["চহী ",{"t":"idOrVar","v":"value"}," দা"],"many":["চহী ",{"t":"idOrVar","v":"value"}," দা"],"other":["চহী ",{"t":"idOrVar","v":"value"}," দা"]},"$x":[{"t":"idOrVar","v":"plural"},"value"]},{"$i":"minutes-ago-short","$v":{"zero":"হৌজিক্তা","other":["থা ",{"t":"idOrVar","v":"value"}," মমাংদা"]},"$x":[{"t":"idOrVar","v":"plural"},"value"]},{"$i":"hours-ago-short","$v":{"zero":"হৌজিক্তা","other":["পুং ",{"t":"idOrVar","v":"value"}," মমাংদা"]},"$x":[{"t":"idOrVar","v":"plural"},"value"]},{"$i":"days-ago-short","$v":{"zero":"ঙসি","other":["নুমিৎ ",{"t":"idOrVar","v":"value"}," মমাংদা"]},"$x":[{"t":"idOrVar","v":"plural"},"value"]},{"$i":"minutes-until-short","$v":{"zero":"হৌজিক্তা","other":["থা ",{"t":"idOrVar","v":"value"}," দা"]},"$x":[{"t":"idOrVar","v":"plural"},"value"]},{"$i":"hours-until-short","$v":{"zero":"হৌজিক্তা","other":["পুং ",{"t":"idOrVar","v":"value"}," দা"]},"$x":[{"t":"idOrVar","v":"plural"},"value"]},{"$i":"days-until-short","$v":{"zero":"ঙসি","other":["নুমিৎ ",{"t":"idOrVar","v":"value"}," তা"]},"$x":[{"t":"idOrVar","v":"plural"},"value"]},{"$i":"incorrectDate","$v":"(চুমদবা তাং)"},{"$i":"dateTimeFormat_%c","$v":"%a %b %e %Y %I:%M:%S %p"},{"$i":"dateTimeFormat_%x","$v":"%m/%d/%Y"},{"$i":"dateTimeFormat_%X","$v":"%I:%M:%S %p"},{"$i":"shortTimeFormat","$v":"%I:%M %p"},{"$i":"shortTimeFormat12","$v":"%I:%M %p"},{"$i":"shortTimeFormat24","$v":"%H:%M"},{"$i":"shortDateTimeFormat","$v":"%x %I:%M %p"},{"$i":"weekStartsOnMonday","$v":"0"},{"$i":"firstDayOfTheWeek","$v":"0"},{"$i":"time_am","$v":"AM"},{"$i":"time_pm","$v":"PM"},{"$i":"imageDescription","$v":[{"t":"idOrVar","v":"orientation"}," লাই, %I:%M %p, %B %e, %Y"]},{"$i":"imageDescriptionNoTimestamp","$v":[{"t":"idOrVar","v":"orientation"}," লাই"]},{"$i":"videoDescription","$v":[{"t":"idOrVar","v":"orientation"}," ভিদিও, %I:%M %p, %B %e, %Y"]},{"$i":"videoDescriptionNoTimestamp","$v":[{"t":"idOrVar","v":"orientation"}," ভিদিও"]},{"$i":"orientationPortrait","$v":"অয়েকপা লাই"},{"$i":"orientationLandscape","$v":"লমদা"},{"$i":"playbackPlay","ariaLabel":"প্লে তৌ"},{"$i":"playbackPause","ariaLabel":"ঙাইহাক লেপ্পু"},{"$i":"playbackNext","ariaLabel":"মথং"},{"$i":"playbackPrevious","ariaLabel":"মমাংগী"},{"$i":"playbackFullscreen","ariaLabel":"অথনবা স্ক্রীন"},{"$i":"playbackSeekBar","ariaLabel":["সীক বার, চংবা মতম ",{"t":"idOrVar","v":"duration"}]}]