[{"$i":"nospace2-title","$v":"मेमरी कार्ड वर पुरेशी जागा नाही"},{"$i":"nospace2-text","$v":"इंटर्नल मेमरी पूर्ण भरली आहे. कृपया काही फोटो हटवा किंवा मेमरी कार्ड प्रविष्ट करा."},{"$i":"confirmation","$v":"पुष्टीकरण"},{"$i":"error-saving-title","$v":"प्रतिमा जतन झाली नाही"},{"$i":"error-saving-text","$v":"त्रुटी आल्याने कॅमेऱ्याला प्रतिमा जतन करण्यापासून रोखले केले आहे."},{"$i":"error-recording-title","$v":"व्हिडिओ रेकॉर्ड नाही झाले"},{"$i":"error-recording-text","$v":"त्रुटी आल्याने कॅमेऱ्याला व्हिडिओ रेकॉर्ड करण्यापासून रोखले केले आहे."},{"$i":"error-video-file-path-title","$v":"व्हिडिओ रेकॉर्ड नाही झाले"},{"$i":"error-video-file-path-text","$v":"व्हिडिओ फाइल पथ तयार करताना त्रुटी आली आहे"},{"$i":"nocard2-title","$v":"कोणतेही मेमरी कार्ड सापडले नाही"},{"$i":"nocard3-text","$v":"मेमरी कार्ड सापडले नाही. कृपया प्रतिमा घेण्यासाठी मेमरी कार्ड प्रविष्‍ट करा."},{"$i":"pluggedin2-title","$v":"फोन प्लग-इन असताना कॅमेरा वापरु शकत नाही"},{"$i":"pluggedin2-text","$v":"स्टोरेज उपयोगात आहे. कृपया प्रतिमा घेण्यासाठी फोन अनप्लग करा."},{"$i":"storage-size-limit-reached","$v":"मीडिया स्टोरेज स्थानाच्या बाहेर आहे."},{"$i":"activity-size-limit-reached","$v":"या अटॅचमेन्ट साठी आपण कमाल फाईल लांबी पर्यंत पोहोचला आहात."},{"$i":"camera","$v":"कॅमेरा"},{"$i":"retake-button","$v":"पुन्हा घ्या"},{"$i":"select-button","$v":"निवडा"},{"$i":"close-button","$v":"बंद करा"},{"$i":"delete-photo?","$v":"फोटो हटवा?"},{"$i":"delete-video?","$v":"व्हिडिओ हटवा?"},{"$i":"cancel","$v":"रद्द करा"},{"$i":"delete","$v":"हटवा"},{"$i":"mp","$v":"MP"},{"$i":"camera-resolution","$v":"कॅमेरा रिझोल्यूशन"},{"$i":"camera-resolution-header","$v":[{"t":"idOrVar","v":"camera-resolution"}]},{"$i":"video-resolution","$v":"व्हिडिओ रिझोल्यूशन"},{"$i":"video-resolution-header","$v":[{"t":"idOrVar","v":"video-resolution"}]},{"$i":"scene-mode","$v":"सीन मोड"},{"$i":"scene-mode-header","$v":[{"t":"idOrVar","v":"scene-mode"}]},{"$i":"self-timer","$v":"सेल्फ टायमर"},{"$i":"self-timer-header","$v":[{"t":"idOrVar","v":"self-timer"}]},{"$i":"self-timer-off","$v":"आॅफ"},{"$i":"self-timer-3-seconds","$v":"3 सेकंद"},{"$i":"self-timer-5-seconds","$v":"5 सेकंद"},{"$i":"self-timer-10-seconds","$v":"10 सेकंद"},{"$i":"battery-shutdown-title","$v":"बॅटरी कमी आहे"},{"$i":"battery-shutdown-text","$v":"कॅमेरा वापरण्यासाठी बॅटरीचा स्‍तर खूप कमी आहे."},{"$i":"battery-critical-text","$v":"बॅटरी खूपच आहे"},{"$i":"battery-verylow-text","$v":"10% बॅटरी बाकी आहे"},{"$i":"battery-low-text","$v":"15% बॅटरी बाकी आहे"},{"$i":"camera-unavailable-title","$v":"कॅमेरा उपलब्ध नाही"},{"$i":"camera-unavailable-text","$v":"कॅमेरा अन्य अॅप द्वारे वापरला गेला आहे."},{"$i":"hdr","$v":"HDR"},{"$i":"hdr-header","$v":[{"t":"idOrVar","v":"hdr"}]},{"$i":"hdr-on","$v":"ऑन"},{"$i":"hdr-off","$v":"आॅफ"},{"$i":"hdr-deactivated","$v":"(HDR निष्क्रिय केला आहे)"},{"$i":"grid","$v":"ग्रिड लाईन्स"},{"$i":"grid-header","$v":[{"t":"idOrVar","v":"grid"}]},{"$i":"grid-on","$v":"ऑन"},{"$i":"grid-off","$v":"आॅफ"},{"$i":"flash","$v":"फ्लॅश"},{"$i":"flash-on","$v":"ऑन"},{"$i":"flash-off","$v":"आॅफ"},{"$i":"flash-auto","$v":"स्वतः"},{"$i":"flash-deactivated","$v":"(फ्लॅश निष्क्रिय केला आहे)"},{"$i":"Photo-Mode","$v":"फोटो मोड"},{"$i":"Video-Mode","$v":"व्हिडिओ मोड"},{"$i":"options","$v":"पर्याय"},{"$i":"open-gallery","$v":"गॅलरी उघडा"},{"$i":"preview","$v":"प्रीव्यू"},{"$i":"tcl-flash","$v":"फ्लॅश"},{"$i":"tcl-hdr","$v":"HDR"},{"$i":"tcl-grid","$v":"ग्रिड"},{"$i":"tcl-timer","$v":"सेल्फ टायमर"},{"$i":"tcl-timer-option","$v":{"zero":[{"t":"idOrVar","v":"n"}," सेकंद"],"one":[{"t":"idOrVar","v":"n"}," सेकंद"],"two":[{"t":"idOrVar","v":"n"}," सेकंद"],"few":[{"t":"idOrVar","v":"n"}," सेकंद"],"many":[{"t":"idOrVar","v":"n"}," सेकंद"],"other":[{"t":"idOrVar","v":"n"}," सेकंद"]},"$x":[{"t":"idOrVar","v":"plural"},"n"]},{"$i":"tcl-gallery","$v":"गॅलरी"},{"$i":"tcl-gallery-option","$v":"गॅलरी अॅप्‍लि‍केशन वर जा"},{"$i":"tcl-videos","$v":"व्हिडिओ"},{"$i":"tcl-videos-option","$v":"व्हिडिओ अॅप्‍लि‍केशन वर जा"},{"$i":"tcl-on","$v":"ऑन"},{"$i":"tcl-off","$v":"आॅफ"},{"$i":"tcl-auto","$v":"स्वतः"},{"$i":"tcl-options","$v":"पर्याय"},{"$i":"tcl-camera-mode","$v":"फोटोवर स्विच केले गेले"},{"$i":"tcl-video-mode","$v":"व्हिडिओ वर स्विच केले गेले"},{"$i":"tcl-turn-on","$v":"ऑन झाले."},{"$i":"tcl-turn-off","$v":"आॅफ झाले."},{"$i":"tcl-activity-cancel","$v":"रद्द करा"},{"$i":"tcl-activity-retake","$v":"पुन्हा घ्या"},{"$i":"activity-done","$v":"पूर्ण झाले"},{"$i":"tcl-activity-save","$v":"जतन करा"},{"$i":"tcl-video-saved","$v":"व्हिडिओ जतन केला"},{"$i":"turn-on","$v":"ऑन झाले."},{"$i":"turn-off","$v":"आॅफ झाले."},{"$i":"switch-modes","$v":"मोड"},{"$i":"photo-mode","$v":"फोटो मोड"},{"$i":"video-mode","$v":"व्हिडिओ मोड"},{"$i":"switch-resolution","$v":"रिझोल्यूशन"},{"$i":"low-resolution","$v":"कमी आहे"},{"$i":"medium-resolution","$v":"माध्यम"},{"$i":"high-resolution","$v":"उच्च"},{"$i":"set-resolution-to","$v":"रिझोल्यूशन या वर सेट करा"},{"$i":"pause","$v":"थांबवा"},{"$i":"close-menu-button","ariaLabel":"मेन्यू बंद करा"},{"$i":"back-button","ariaLabel":"मागे जा"},{"$i":"setting-option","ariaLabel":[{"t":"idOrVar","v":"value"}]},{"$i":"setting-option-hdr","ariaLabel":["HDR ",{"t":"idOrVar","v":"value"}]},{"$i":"setting-option-self-timer","ariaLabel":["स्वयं-टायमर ",{"t":"idOrVar","v":"value"}]},{"$i":"setting-option-grid","ariaLabel":["ग्रिड लाईन्स ",{"t":"idOrVar","v":"value"}]},{"$i":"setting-option-scene-mode","ariaLabel":["सीन मोड ",{"t":"idOrVar","v":"value"}]},{"$i":"setting-option-camera-resolution","ariaLabel":["कॅमेरा रिझोल्यूशन ",{"t":"idOrVar","v":"value"}]},{"$i":"setting-option-video-resolution","ariaLabel":["व्हिडिओ रिझोल्यूशन ",{"t":"idOrVar","v":"value"}]},{"$i":"flash-on-button","ariaLabel":"फ्लॅश ऑन आहे"},{"$i":"flash-off-button","ariaLabel":"फ्लॅश ऑफ आहे"},{"$i":"flash-auto-button","ariaLabel":"फ्लॅश स्वतः"},{"$i":"switch-camera","$v":"कॅमेराची निवड"},{"$i":"toggle-camera-rear-button","$v":"मागचा कॅमेरा"},{"$i":"toggle-camera-front-button","$v":"पुढील कॅमेरा"},{"$i":"menu-button","ariaLabel":"मेन्यू"},{"$i":"preview-button","ariaLabel":"प्रीव्यू"},{"$i":"controls-button-close","ariaLabel":"बंद करा"},{"$i":"share-button","ariaLabel":"सामायिक करा"},{"$i":"more-button","ariaLabel":"अधिक"},{"$i":"media-frame","ariaLabel":[{"t":"idOrVar","v":"total"}," मधील ",{"t":"idOrVar","v":"current"}," फ्रेम"],"ariaMozHint":"पुढे वर जाण्यासाठी दोन बोटांनी डावीकडे स्वाइप करा किंवा मागे जाण्यासाठी उजवीकडे स्वाइप करा"},{"$i":"tcl-zoom","$v":"झूम करा"},{"$i":"tcl-zoom-in","$v":"झूम इन करा"},{"$i":"tcl-zoom-out","$v":"झूम आउट करा"},{"$i":"tcl-share","$v":"सामायिक करा"},{"$i":"set-as-wallpaper","$v":"वॉलपेपर म्हणून सेट करा"},{"$i":"set","$v":"सेट करा"},{"$i":"wallpaper-set","$v":"वॉलपेपर सेट."},{"$i":"tcl-photo-deleted","$v":"फोटो हटवले गेले"},{"$i":"tcl-ok","$v":"ठीक आहे"},{"$i":"ftu-info","$v":"प्रतिमा आणि व्हिडिओ मोडमध्ये बदल करण्यासाठी डावी आणि उजवी की दाबा."},{"$i":"tcl-full-screen","$v":"फुलस्क्रीन"},{"$i":"tcl-video-deleted","$v":"व्हिडिओ हटवला गेला"},{"$i":"tcl-preview","$v":"प्रीव्यू"},{"$i":"welcome","$v":"कॅमेऱ्या मध्ये आपले स्वागत आहे"},{"$i":"ok","$v":"ठीक आहे"},{"$i":"tcl-option","$v":"पर्याय"},{"$i":"tcl-camera","$v":"कॅमेरा"},{"$i":"tcl-alert-message","$v":"मेमरी कार्ड पूर्ण भरले आहे. कृपया काही फोटो हटवा किंवा वेगळे मेमरी कार्ड घाला."},{"$i":"tcl-error-message","$v":"फोटो जतन झाला नाही. एका त्रुटी मुळे कॅमेरा फोटो जतन करू शकला नाही."},{"$i":"tcl-error-file-message","$v":"व्हिडिओ रेकॉर्ड केला नाही. व्हिडिओ फाईल पाथ तयार करतांना त्रुटी आली आहे."},{"$i":"weekday-0-long","$v":"रविवार"},{"$i":"weekday-1-long","$v":"सोमवार"},{"$i":"weekday-2-long","$v":"मंगळवार"},{"$i":"weekday-3-long","$v":"बुधवार"},{"$i":"weekday-4-long","$v":"गुरुवार"},{"$i":"weekday-5-long","$v":"शुक्रवार"},{"$i":"weekday-6-long","$v":"शनिवार"},{"$i":"weekday-0-short","$v":"रवि"},{"$i":"weekday-1-short","$v":"सोम"},{"$i":"weekday-2-short","$v":"मंगळ"},{"$i":"weekday-3-short","$v":"बुध"},{"$i":"weekday-4-short","$v":"गुरु"},{"$i":"weekday-5-short","$v":"शुक्र"},{"$i":"weekday-6-short","$v":"शनि"},{"$i":"month-0-long","$v":"जानेवारी"},{"$i":"month-1-long","$v":"फेब्रुवारी"},{"$i":"month-2-long","$v":"मार्च"},{"$i":"month-3-long","$v":"एप्रिल"},{"$i":"month-4-long","$v":"मे"},{"$i":"month-5-long","$v":"जून"},{"$i":"month-6-long","$v":"जुलै"},{"$i":"month-7-long","$v":"ऑगस्ट"},{"$i":"month-8-long","$v":"सप्टेंबर"},{"$i":"month-9-long","$v":"ऑक्टोबर"},{"$i":"month-10-long","$v":"नोव्हेंबर"},{"$i":"month-11-long","$v":"डिसेंबर"},{"$i":"month-0-genitive","$v":"जानेवारी"},{"$i":"month-1-genitive","$v":"फेब्रुवारी"},{"$i":"month-2-genitive","$v":"मार्च"},{"$i":"month-3-genitive","$v":"एप्रिल"},{"$i":"month-4-genitive","$v":"मे"},{"$i":"month-5-genitive","$v":"जून"},{"$i":"month-6-genitive","$v":"जुलै"},{"$i":"month-7-genitive","$v":"ऑगस्ट"},{"$i":"month-8-genitive","$v":"सप्टेंबर"},{"$i":"month-9-genitive","$v":"ऑक्टोबर"},{"$i":"month-10-genitive","$v":"नोव्हेंबर"},{"$i":"month-11-genitive","$v":"डिसेंबर"},{"$i":"month-0-short","$v":"जानेवारी"},{"$i":"month-1-short","$v":"फेब्रुवारी"},{"$i":"month-2-short","$v":"मार्च"},{"$i":"month-3-short","$v":"एप्रिल"},{"$i":"month-4-short","$v":"मे"},{"$i":"month-5-short","$v":"जून"},{"$i":"month-6-short","$v":"जुलै"},{"$i":"month-7-short","$v":"ऑगस्‍ट"},{"$i":"month-8-short","$v":"सप्टेंबर"},{"$i":"month-9-short","$v":"ऑक्टोबर"},{"$i":"month-10-short","$v":"नोव्हेंबर"},{"$i":"month-11-short","$v":"डिसेंबर"},{"$i":"minutes-ago-long","$v":{"zero":"आत्ताच","one":"एक मिनिटापूर्वी","two":[{"t":"idOrVar","v":"value"}," मिनिटा पूर्वी"],"few":[{"t":"idOrVar","v":"value"}," मिनिटा पूर्वी"],"many":[{"t":"idOrVar","v":"value"}," मिनिटा पूर्वी"],"other":[{"t":"idOrVar","v":"value"}," मिनिटा पूर्वी"]},"$x":[{"t":"idOrVar","v":"plural"},"value"]},{"$i":"hours-ago-long","$v":{"zero":"आत्ताच","one":"एका तासापूर्वी","two":[{"t":"idOrVar","v":"value"}," तासा पूर्वी"],"few":[{"t":"idOrVar","v":"value"}," तासा पूर्वी"],"many":[{"t":"idOrVar","v":"value"}," तासा पूर्वी"],"other":[{"t":"idOrVar","v":"value"}," तासा पूर्वी"]},"$x":[{"t":"idOrVar","v":"plural"},"value"]},{"$i":"days-ago-long","$v":{"zero":"आज","one":"काल","two":[{"t":"idOrVar","v":"value"}," दिवसा पूर्वी"],"few":[{"t":"idOrVar","v":"value"}," दिवसा पूर्वी"],"many":[{"t":"idOrVar","v":"value"}," दिवसा पूर्वी"],"other":[{"t":"idOrVar","v":"value"}," दिवसा पूर्वी"]},"$x":[{"t":"idOrVar","v":"plural"},"value"]},{"$i":"weeks-ago-long","$v":{"zero":"हा आठवडा","one":"शेवटचा आठवडा","two":[{"t":"idOrVar","v":"value"}," आठवड्या पूर्वी"],"few":[{"t":"idOrVar","v":"value"}," आठवड्या पूर्वी"],"many":[{"t":"idOrVar","v":"value"}," आठवड्या पूर्वी"],"other":[{"t":"idOrVar","v":"value"}," आठवड्या पूर्वी"]},"$x":[{"t":"idOrVar","v":"plural"},"value"]},{"$i":"months-ago-long","$v":{"zero":"हा महिना","one":"शेवटचा महिना","two":[{"t":"idOrVar","v":"value"}," महिने पूर्वी"],"few":[{"t":"idOrVar","v":"value"}," महिने पूर्वी"],"many":[{"t":"idOrVar","v":"value"}," महिने पूर्वी"],"other":[{"t":"idOrVar","v":"value"}," महिने पूर्वी"]},"$x":[{"t":"idOrVar","v":"plural"},"value"]},{"$i":"years-ago-long","$v":{"zero":"हे वर्ष","one":"शेवटचे वर्ष","two":[{"t":"idOrVar","v":"value"}," वर्षां पूर्वी"],"few":[{"t":"idOrVar","v":"value"}," वर्षां पूर्वी"],"many":[{"t":"idOrVar","v":"value"}," वर्षां पूर्वी"],"other":[{"t":"idOrVar","v":"value"}," वर्षां पूर्वी"]},"$x":[{"t":"idOrVar","v":"plural"},"value"]},{"$i":"minutes-until-long","$v":{"zero":"आत्ता","one":"एका मिनिटा मध्ये","two":[{"t":"idOrVar","v":"value"}," मिनिटा मध्ये"],"few":[{"t":"idOrVar","v":"value"}," मिनिटा मध्ये"],"many":[{"t":"idOrVar","v":"value"}," मिनिटा मध्ये"],"other":[{"t":"idOrVar","v":"value"}," मिनिटा मध्ये"]},"$x":[{"t":"idOrVar","v":"plural"},"value"]},{"$i":"hours-until-long","$v":{"zero":"आत्ता","one":"एका तासा मध्ये","two":[{"t":"idOrVar","v":"value"}," तासा मध्ये"],"few":[{"t":"idOrVar","v":"value"}," तासा मध्ये"],"many":[{"t":"idOrVar","v":"value"}," तासा मध्ये"],"other":[{"t":"idOrVar","v":"value"}," तासा मध्ये"]},"$x":[{"t":"idOrVar","v":"plural"},"value"]},{"$i":"days-until-long","$v":{"zero":"आज","one":"उद्या","two":[{"t":"idOrVar","v":"value"}," दिवसां मध्ये"],"few":[{"t":"idOrVar","v":"value"}," दिवसां मध्ये"],"many":[{"t":"idOrVar","v":"value"}," दिवसां मध्ये"],"other":[{"t":"idOrVar","v":"value"}," दिवसां मध्ये"]},"$x":[{"t":"idOrVar","v":"plural"},"value"]},{"$i":"weeks-until-long","$v":{"zero":"हा आठवडा","one":"पुढील आठवडा","two":[{"t":"idOrVar","v":"value"}," आठवड्यां मध्ये"],"few":[{"t":"idOrVar","v":"value"}," आठवड्यां मध्ये"],"many":[{"t":"idOrVar","v":"value"}," आठवड्यां मध्ये"],"other":[{"t":"idOrVar","v":"value"}," आठवड्यां मध्ये"]},"$x":[{"t":"idOrVar","v":"plural"},"value"]},{"$i":"months-until-long","$v":{"zero":"हा महिना","one":"पुढील महिना","two":[{"t":"idOrVar","v":"value"}," महिन्यां मध्ये"],"few":[{"t":"idOrVar","v":"value"}," महिन्यां मध्ये"],"many":[{"t":"idOrVar","v":"value"}," महिन्यां मध्ये"],"other":[{"t":"idOrVar","v":"value"}," महिन्यां मध्ये"]},"$x":[{"t":"idOrVar","v":"plural"},"value"]},{"$i":"years-until-long","$v":{"zero":"हे वर्ष","one":"पुढील वर्ष","two":[{"t":"idOrVar","v":"value"}," वर्षां मध्ये"],"few":[{"t":"idOrVar","v":"value"}," वर्षां मध्ये"],"many":[{"t":"idOrVar","v":"value"}," वर्षां मध्ये"],"other":[{"t":"idOrVar","v":"value"}," वर्षां मध्ये"]},"$x":[{"t":"idOrVar","v":"plural"},"value"]},{"$i":"minutes-ago-short","$v":{"zero":"आत्ताच","other":[{"t":"idOrVar","v":"value"}," महिन्या पूर्वी"]},"$x":[{"t":"idOrVar","v":"plural"},"value"]},{"$i":"hours-ago-short","$v":{"zero":"आत्ताच","other":[{"t":"idOrVar","v":"value"}," तासा पूर्वी"]},"$x":[{"t":"idOrVar","v":"plural"},"value"]},{"$i":"days-ago-short","$v":{"zero":"आज","other":[{"t":"idOrVar","v":"value"}," दिवसा पूर्वी"]},"$x":[{"t":"idOrVar","v":"plural"},"value"]},{"$i":"minutes-until-short","$v":{"zero":"आत्ता","other":[{"t":"idOrVar","v":"value"},"मिनिटा मध्ये"]},"$x":[{"t":"idOrVar","v":"plural"},"value"]},{"$i":"hours-until-short","$v":{"zero":"आत्ता","other":[{"t":"idOrVar","v":"value"},"तासा मध्ये"]},"$x":[{"t":"idOrVar","v":"plural"},"value"]},{"$i":"days-until-short","$v":{"zero":"आज","other":[{"t":"idOrVar","v":"value"},"दिवसां मध्ये"]},"$x":[{"t":"idOrVar","v":"plural"},"value"]},{"$i":"incorrectDate","$v":"(चुकीची तारीख)"},{"$i":"dateTimeFormat_%c","$v":"%a %b %e %Y %I:%M:%S %p"},{"$i":"dateTimeFormat_%x","$v":"%m/%d/%Y"},{"$i":"dateTimeFormat_%X","$v":"%I:%M:%S %p"},{"$i":"shortTimeFormat","$v":"%I:%M %p"},{"$i":"shortTimeFormat12","$v":"%I:%M %p"},{"$i":"shortTimeFormat24","$v":"%H:%M"},{"$i":"shortDateTimeFormat","$v":"%x %I:%M %p"},{"$i":"weekStartsOnMonday","$v":"0"},{"$i":"firstDayOfTheWeek","$v":"0"},{"$i":"time_am","$v":"AM"},{"$i":"time_pm","$v":"PM"},{"$i":"imageDescription","$v":[{"t":"idOrVar","v":"orientation"}," प्रतिमा, %I:%M %p, %B %e, %Y"]},{"$i":"imageDescriptionNoTimestamp","$v":[{"t":"idOrVar","v":"orientation"}," प्रतिमा"]},{"$i":"videoDescription","$v":[{"t":"idOrVar","v":"orientation"}," व्हिडिओ, %I:%M %p, %B %e, %Y"]},{"$i":"videoDescriptionNoTimestamp","$v":[{"t":"idOrVar","v":"orientation"}," व्हिडिओ"]},{"$i":"orientationPortrait","$v":"पोर्ट्रेट"},{"$i":"orientationLandscape","$v":"लँडस्केप"},{"$i":"playbackPlay","ariaLabel":"वाजवा"},{"$i":"playbackPause","ariaLabel":"थांबवा"},{"$i":"playbackNext","ariaLabel":"पुढील"},{"$i":"playbackPrevious","ariaLabel":"मागील"},{"$i":"playbackFullscreen","ariaLabel":"फुलस्क्रीन"},{"$i":"playbackSeekBar","ariaLabel":["सीक बार, कालावधी  ",{"t":"idOrVar","v":"duration"}]}]