[{"$i":"nospace2-title","$v":"मेमोरी कार्डमा पर्याप्त खाली ठाउँ छैन"},{"$i":"nospace2-text","$v":"आन्तरिक भण्डारण पूर्ण छ। कृपया केही फोटोहरू मेटाउनुहोस् वा मेमोरी कार्ड घुसाउनुहोस्।"},{"$i":"confirmation","$v":"पुष्टिकरण"},{"$i":"error-saving-title","$v":"तस्विर वचत गरिएको छैन"},{"$i":"error-saving-text","$v":"तस्विर बचत गरे देखि क्यामेराको त्रुटिको रोकियो"},{"$i":"error-recording-title","$v":"भिडियो रेकर्ड भएन"},{"$i":"error-recording-text","$v":"भिडियो रेकर्डिङ गरे देखि क्यामेराको त्रुटिको रोकियो।"},{"$i":"error-video-file-path-title","$v":"भिडियो रेकर्ड भएन"},{"$i":"error-video-file-path-text","$v":"भिडियो फाइल मार्ग सिर्जना गर्दा त्रुटि आयो।"},{"$i":"nocard2-title","$v":"कुनै मेमोरी कार्ड भेट्टाइएन"},{"$i":"nocard3-text","$v":"मेमोरी कार्ड फेला परेको छैन कृपया तस्वीरहरू लिन मेमोरी कार्डमा घुसाउनुहोस्।"},{"$i":"pluggedin2-title","$v":"फोन प्लगइन भएको बेला क्यामेराको प्रयोग नगर्नुहोला"},{"$i":"pluggedin2-text","$v":"भण्डार अहिले प्रयोगमा छ। कृपया फोनबाट तस्वीरहरू लिन अनप्लग गर्नुहोस्।"},{"$i":"storage-size-limit-reached","$v":"तपाईंको मिडिया भण्डारण खाली ठाउँ सकिएको छ।"},{"$i":"activity-size-limit-reached","$v":"तपाईं यो संलग्नको अधिकतम फाइल आकार सीमामा पुग्नुभएको छ।"},{"$i":"camera","$v":"क्यामेरा"},{"$i":"retake-button","$v":"पुनः लिनुहोस्"},{"$i":"select-button","$v":"चयन गर्नुहोस्"},{"$i":"close-button","$v":"बन्द गर्नुहोस्"},{"$i":"delete-photo?","$v":"फोटो मेटाउनुहोस् ?"},{"$i":"delete-video?","$v":"भिडियो मेटाउनुहोस् ?"},{"$i":"cancel","$v":"रद्द गर्नुहोस्"},{"$i":"delete","$v":"मेट्नुहोस्"},{"$i":"mp","$v":"MP"},{"$i":"camera-resolution","$v":"क्यामेरा पूर्नसमाधान गर्नुहोस्"},{"$i":"camera-resolution-header","$v":[{"t":"idOrVar","v":"camera-resolution"}]},{"$i":"video-resolution","$v":"भिडियो रिज्योल्यूसन"},{"$i":"video-resolution-header","$v":[{"t":"idOrVar","v":"video-resolution"}]},{"$i":"scene-mode","$v":"दृश्य मोड"},{"$i":"scene-mode-header","$v":[{"t":"idOrVar","v":"scene-mode"}]},{"$i":"self-timer","$v":"स्वयम्-टाइमर"},{"$i":"self-timer-header","$v":[{"t":"idOrVar","v":"self-timer"}]},{"$i":"self-timer-off","$v":"निष्क्रिय"},{"$i":"self-timer-3-seconds","$v":"3 सेकेण्ड"},{"$i":"self-timer-5-seconds","$v":"५ सेकेन्ड"},{"$i":"self-timer-10-seconds","$v":"10 सेकेण्ड"},{"$i":"battery-shutdown-title","$v":"कम ब्याट्री छ"},{"$i":"battery-shutdown-text","$v":"ब्याट्रीको स्तर क्यामेरा प्रयोग गर्न अति कम छ।"},{"$i":"battery-critical-text","$v":"नाजुक रूपमा ब्याट्री तल्लो स्थिमा"},{"$i":"battery-verylow-text","$v":"10% ब्याट्री बाँकी रहेको छ"},{"$i":"battery-low-text","$v":"15% ब्याट्री बाँकी रहेको छ"},{"$i":"camera-unavailable-title","$v":"क्यामेरा उपलब्ध छैन्"},{"$i":"camera-unavailable-text","$v":"क्यामेरालाई अर्को एप्लिकेसन मार्फत प्रयोग गरिएको छ।"},{"$i":"hdr","$v":"HDR"},{"$i":"hdr-header","$v":[{"t":"idOrVar","v":"hdr"}]},{"$i":"hdr-on","$v":"खुला"},{"$i":"hdr-off","$v":"निष्क्रिय"},{"$i":"hdr-deactivated","$v":"(HDR निष्क्रिय गरियो)"},{"$i":"grid","$v":"ग्रिड लाइन्स"},{"$i":"grid-header","$v":[{"t":"idOrVar","v":"grid"}]},{"$i":"grid-on","$v":"खुला"},{"$i":"grid-off","$v":"निष्क्रिय"},{"$i":"flash","$v":"फ्ल्यास"},{"$i":"flash-on","$v":"खुला"},{"$i":"flash-off","$v":"निष्क्रिय"},{"$i":"flash-auto","$v":"स्वत:"},{"$i":"flash-deactivated","$v":"(फ्ल्यास निष्क्रिय गरियो)"},{"$i":"Photo-Mode","$v":"फोटो मोड"},{"$i":"Video-Mode","$v":"भिडियो मोड"},{"$i":"options","$v":"विकल्पहरू"},{"$i":"open-gallery","$v":"ग्यालरी खोल्नुहोस्"},{"$i":"preview","$v":"पूर्वावलोकन"},{"$i":"tcl-flash","$v":"फ्ल्यास"},{"$i":"tcl-hdr","$v":"HDR"},{"$i":"tcl-grid","$v":"ग्रिड"},{"$i":"tcl-timer","$v":"स्वयम् टाइमर"},{"$i":"tcl-timer-option","$v":{"zero":[{"t":"idOrVar","v":"n"}," सेकेण्ड"],"one":[{"t":"idOrVar","v":"n"}," सेकेण्ड"],"two":[{"t":"idOrVar","v":"n"}," सेकेण्ड"],"few":[{"t":"idOrVar","v":"n"}," सेकेण्ड"],"many":[{"t":"idOrVar","v":"n"}," सेकेण्ड"],"other":[{"t":"idOrVar","v":"n"}," सेकेण्ड"]},"$x":[{"t":"idOrVar","v":"plural"},"n"]},{"$i":"tcl-gallery","$v":"ग्यालरी"},{"$i":"tcl-gallery-option","$v":"ग्यालरी एप्लिकेसनमा जानुहोस्"},{"$i":"tcl-videos","$v":"भिडियो"},{"$i":"tcl-videos-option","$v":"भिडियो एप्लिकेसनमा जानुहोस्"},{"$i":"tcl-on","$v":"खुला"},{"$i":"tcl-off","$v":"निष्क्रिय"},{"$i":"tcl-auto","$v":"स्वत:"},{"$i":"tcl-options","$v":"विकल्पहरू"},{"$i":"tcl-camera-mode","$v":"फोटामा स्विच गरियो"},{"$i":"tcl-video-mode","$v":"भिडियोमा स्विच गरियो"},{"$i":"tcl-turn-on","$v":"चालु गरियो।"},{"$i":"tcl-turn-off","$v":"अफ गरिएको छ।"},{"$i":"tcl-activity-cancel","$v":"रद्द गर्नुहोस्"},{"$i":"tcl-activity-retake","$v":"पुनः लिनुहोस्"},{"$i":"activity-done","$v":"भयो"},{"$i":"tcl-activity-save","$v":"सुरक्षित गर्नुहोस्"},{"$i":"tcl-video-saved","$v":"भिडियो बचत गरियो"},{"$i":"turn-on","$v":"चालु गरियो।"},{"$i":"turn-off","$v":"अफ गरिएको छ।"},{"$i":"switch-modes","$v":"मोडहरू"},{"$i":"photo-mode","$v":"फोटो मोड"},{"$i":"video-mode","$v":"भिडियो मोड"},{"$i":"switch-resolution","$v":"रिजोल्यूसन"},{"$i":"low-resolution","$v":"निम्न"},{"$i":"medium-resolution","$v":"माध्यम"},{"$i":"high-resolution","$v":"उच्च"},{"$i":"set-resolution-to","$v":"पुन: समाधान सेट भयो"},{"$i":"pause","$v":"पज गर्नुहोस्"},{"$i":"close-menu-button","ariaLabel":"मेनु बन्द गर्नुहोस्"},{"$i":"back-button","ariaLabel":"पछाडि"},{"$i":"setting-option","ariaLabel":[{"t":"idOrVar","v":"value"}]},{"$i":"setting-option-hdr","ariaLabel":["HDR ",{"t":"idOrVar","v":"value"}]},{"$i":"setting-option-self-timer","ariaLabel":["स्वयम्-टाइमर ",{"t":"idOrVar","v":"value"}]},{"$i":"setting-option-grid","ariaLabel":["ग्रिड लाइन ",{"t":"idOrVar","v":"value"}]},{"$i":"setting-option-scene-mode","ariaLabel":["दृश्य मोड ",{"t":"idOrVar","v":"value"}]},{"$i":"setting-option-camera-resolution","ariaLabel":["क्यामेराको ",{"t":"idOrVar","v":"value"}," पूर्नसमाधान गर्नुहोस्"]},{"$i":"setting-option-video-resolution","ariaLabel":["भिडियो रिजोल्यूसन ",{"t":"idOrVar","v":"value"}]},{"$i":"flash-on-button","ariaLabel":"फ्ल्यास खुला"},{"$i":"flash-off-button","ariaLabel":"फ्ल्यास बन्द"},{"$i":"flash-auto-button","ariaLabel":"स्वचालित फ्ल्यास"},{"$i":"switch-camera","$v":"क्यामेरा चयन"},{"$i":"toggle-camera-rear-button","$v":"पछाडीको क्यामेरा"},{"$i":"toggle-camera-front-button","$v":"अगाडिको क्यामेरा"},{"$i":"menu-button","ariaLabel":"मेनु"},{"$i":"preview-button","ariaLabel":"पूर्वावलोकन"},{"$i":"controls-button-close","ariaLabel":"बन्द गर्नुहोस्"},{"$i":"share-button","ariaLabel":"साझेदारी"},{"$i":"more-button","ariaLabel":"बढी"},{"$i":"media-frame","ariaLabel":["फ्रेम ",{"t":"idOrVar","v":"current"}," को ",{"t":"idOrVar","v":"total"}],"ariaMozHint":"अर्कोमा कुद्नलाई 2 वटा औंलासँग बायाँ तर्फ स्वाइप गर्नुहोस् वा अघिल्लोमा कुद्नलाई दायाँ तिर स्वाइप गर्नुहोस्"},{"$i":"tcl-zoom","$v":"जुम"},{"$i":"tcl-zoom-in","$v":"जुम इन"},{"$i":"tcl-zoom-out","$v":"जुम आउट"},{"$i":"tcl-share","$v":"साझेदारी"},{"$i":"set-as-wallpaper","$v":"भित्तेकागजको रुपमा सेट गर्नुहोस्"},{"$i":"set","$v":"सेट गर्नुहोस्"},{"$i":"wallpaper-set","$v":"वालपेपर सेट गर्नुहोस्।"},{"$i":"tcl-photo-deleted","$v":"फोटो मेाटइयो"},{"$i":"tcl-ok","$v":"ठीक छ"},{"$i":"ftu-info","$v":"फोटो र भिडियो मोडहरूको बीचमा स्विच कुञ्जीलाई बायाँ र दायाँ थिच्नुहोस्।"},{"$i":"tcl-full-screen","$v":"पूर्ण स्क्रिन"},{"$i":"tcl-video-deleted","$v":"भिडियोलाई मेटाइयो"},{"$i":"tcl-preview","$v":"पूर्वावलोकन"},{"$i":"welcome","$v":"क्यामेरामा स्वागत छ"},{"$i":"ok","$v":"ठीक छ"},{"$i":"tcl-option","$v":"विकल्पहरू"},{"$i":"tcl-camera","$v":"क्यामेरा"},{"$i":"tcl-alert-message","$v":"मेमोरी कार्ड भरिएको छ। कृपया केही फोटोहरू मेटाउनुहोस् वा भिन्न मेमोरी कार्ड घुसाउनुहोस्।"},{"$i":"tcl-error-message","$v":"तस्विर वचत गरिएको छैन। त्रुटिले क्यामेरालाई तस्वीर बचत गर्नबाट रोकथाम गर्‍यो।"},{"$i":"tcl-error-file-message","$v":"भिडियो रेकर्ड भएन भिडियो फाइलको बाटो सिर्जना गर्न त्रुटि भयो।"},{"$i":"weekday-0-long","$v":"आइतबार"},{"$i":"weekday-1-long","$v":"सोमबार"},{"$i":"weekday-2-long","$v":"मङ्गलबार"},{"$i":"weekday-3-long","$v":"बुधबार"},{"$i":"weekday-4-long","$v":"बिहिबार"},{"$i":"weekday-5-long","$v":"शुक्रबार"},{"$i":"weekday-6-long","$v":"शनिबार"},{"$i":"weekday-0-short","$v":"सूर्य"},{"$i":"weekday-1-short","$v":"सोमबार"},{"$i":"weekday-2-short","$v":"मङ्गलबार"},{"$i":"weekday-3-short","$v":"बुधबार"},{"$i":"weekday-4-short","$v":"बिहीबार"},{"$i":"weekday-5-short","$v":"शुक्रबार"},{"$i":"weekday-6-short","$v":"शनिबार"},{"$i":"month-0-long","$v":"जनवरी"},{"$i":"month-1-long","$v":"फेब्रुअरी"},{"$i":"month-2-long","$v":"मार्च"},{"$i":"month-3-long","$v":"अप्रिल"},{"$i":"month-4-long","$v":"मे"},{"$i":"month-5-long","$v":"जुन"},{"$i":"month-6-long","$v":"जुलाइ"},{"$i":"month-7-long","$v":"अगस्ट"},{"$i":"month-8-long","$v":"सेप्टेम्बर"},{"$i":"month-9-long","$v":"अक्टुबर"},{"$i":"month-10-long","$v":"नोभेम्बर"},{"$i":"month-11-long","$v":"डिसेम्बर"},{"$i":"month-0-genitive","$v":"जनवरी"},{"$i":"month-1-genitive","$v":"फेब्रुअरी"},{"$i":"month-2-genitive","$v":"मार्च"},{"$i":"month-3-genitive","$v":"अप्रिल"},{"$i":"month-4-genitive","$v":"मे"},{"$i":"month-5-genitive","$v":"जुन"},{"$i":"month-6-genitive","$v":"जुलाइ"},{"$i":"month-7-genitive","$v":"अगस्ट"},{"$i":"month-8-genitive","$v":"सेप्टेम्बर"},{"$i":"month-9-genitive","$v":"अक्टुबर"},{"$i":"month-10-genitive","$v":"नोभेम्बर"},{"$i":"month-11-genitive","$v":"डिसेम्बर"},{"$i":"month-0-short","$v":"जनवरी"},{"$i":"month-1-short","$v":"फेब्रुअरी"},{"$i":"month-2-short","$v":"मार्च"},{"$i":"month-3-short","$v":"अप्रिल"},{"$i":"month-4-short","$v":"मे"},{"$i":"month-5-short","$v":"जुन"},{"$i":"month-6-short","$v":"जुलाई"},{"$i":"month-7-short","$v":"अगस्ट"},{"$i":"month-8-short","$v":"सेप्टेम्बर"},{"$i":"month-9-short","$v":"अक्टोबर"},{"$i":"month-10-short","$v":"नोभेम्बर"},{"$i":"month-11-short","$v":"डिसेम्बर"},{"$i":"minutes-ago-long","$v":{"zero":"अहिले भर्खर","one":"एक मिनेट अघि","two":[{"t":"idOrVar","v":"value"}," मिनेट पहिला"],"few":[{"t":"idOrVar","v":"value"}," मिनेट पहिला"],"many":[{"t":"idOrVar","v":"value"}," मिनेट पहिला"],"other":[{"t":"idOrVar","v":"value"}," मिनेट पहिला"]},"$x":[{"t":"idOrVar","v":"plural"},"value"]},{"$i":"hours-ago-long","$v":{"zero":"अहिले भर्खर","one":"एक घण्टा अघि","two":[{"t":"idOrVar","v":"value"}," घण्टा पहिला"],"few":[{"t":"idOrVar","v":"value"}," घण्टा पहिला"],"many":[{"t":"idOrVar","v":"value"}," घण्टा पहिला"],"other":[{"t":"idOrVar","v":"value"}," घण्टा पहिला"]},"$x":[{"t":"idOrVar","v":"plural"},"value"]},{"$i":"days-ago-long","$v":{"zero":"आज","one":"हिजो","two":[{"t":"idOrVar","v":"value"}," दिन पहिला"],"few":[{"t":"idOrVar","v":"value"}," दिन पहिला"],"many":[{"t":"idOrVar","v":"value"}," दिन पहिला"],"other":[{"t":"idOrVar","v":"value"}," दिन पहिला"]},"$x":[{"t":"idOrVar","v":"plural"},"value"]},{"$i":"weeks-ago-long","$v":{"zero":"यो हप्ता","one":"गत हप्ता","two":[{"t":"idOrVar","v":"value"}," हप्ता पहिला"],"few":[{"t":"idOrVar","v":"value"}," हप्ता पहिला"],"many":[{"t":"idOrVar","v":"value"}," हप्ता पहिला"],"other":[{"t":"idOrVar","v":"value"}," हप्ता पहिला"]},"$x":[{"t":"idOrVar","v":"plural"},"value"]},{"$i":"months-ago-long","$v":{"zero":"यो महिना","one":"गत महिना","two":[{"t":"idOrVar","v":"value"}," महिना पहिला"],"few":[{"t":"idOrVar","v":"value"}," महिना पहिला"],"many":[{"t":"idOrVar","v":"value"}," महिना पहिला"],"other":[{"t":"idOrVar","v":"value"}," महिना पहिला"]},"$x":[{"t":"idOrVar","v":"plural"},"value"]},{"$i":"years-ago-long","$v":{"zero":"यो वर्ष","one":"गएको वर्ष","two":[{"t":"idOrVar","v":"value"}," वर्ष पहिला"],"few":[{"t":"idOrVar","v":"value"}," वर्ष पहिला"],"many":[{"t":"idOrVar","v":"value"}," वर्ष पहिला"],"other":[{"t":"idOrVar","v":"value"}," वर्ष पहिला"]},"$x":[{"t":"idOrVar","v":"plural"},"value"]},{"$i":"minutes-until-long","$v":{"zero":"अहिले","one":"एक मिनेटमा","two":[{"t":"idOrVar","v":"value"}," मिनेटमा"],"few":[{"t":"idOrVar","v":"value"}," मिनेटमा"],"many":[{"t":"idOrVar","v":"value"}," मिनेटमा"],"other":[{"t":"idOrVar","v":"value"}," मिनेटमा"]},"$x":[{"t":"idOrVar","v":"plural"},"value"]},{"$i":"hours-until-long","$v":{"zero":"अहिले","one":"एक घण्टामा","two":[{"t":"idOrVar","v":"value"}," घण्टामा"],"few":[{"t":"idOrVar","v":"value"}," घण्टामा"],"many":[{"t":"idOrVar","v":"value"}," घण्टामा"],"other":[{"t":"idOrVar","v":"value"}," घण्टामा"]},"$x":[{"t":"idOrVar","v":"plural"},"value"]},{"$i":"days-until-long","$v":{"zero":"आज","one":"भोली","two":[{"t":"idOrVar","v":"value"}," दिनमा"],"few":[{"t":"idOrVar","v":"value"}," दिनमा"],"many":[{"t":"idOrVar","v":"value"}," दिनमा"],"other":[{"t":"idOrVar","v":"value"}," दिनमा"]},"$x":[{"t":"idOrVar","v":"plural"},"value"]},{"$i":"weeks-until-long","$v":{"zero":"यो हप्ता","one":"अर्को हप्ता","two":[{"t":"idOrVar","v":"value"}," हप्तामा"],"few":[{"t":"idOrVar","v":"value"}," हप्तामा"],"many":[{"t":"idOrVar","v":"value"}," हप्तामा"],"other":[{"t":"idOrVar","v":"value"}," हप्तामा"]},"$x":[{"t":"idOrVar","v":"plural"},"value"]},{"$i":"months-until-long","$v":{"zero":"यो महिना","one":"अर्को महिना","two":[{"t":"idOrVar","v":"value"}," महिनामा"],"few":[{"t":"idOrVar","v":"value"}," महिनामा"],"many":[{"t":"idOrVar","v":"value"}," महिनामा"],"other":[{"t":"idOrVar","v":"value"}," महिनामा"]},"$x":[{"t":"idOrVar","v":"plural"},"value"]},{"$i":"years-until-long","$v":{"zero":"यो वर्ष","one":"अर्को वर्ष","two":[{"t":"idOrVar","v":"value"}," वर्षमा"],"few":[{"t":"idOrVar","v":"value"}," वर्षमा"],"many":[{"t":"idOrVar","v":"value"}," वर्षमा"],"other":[{"t":"idOrVar","v":"value"}," वर्षमा"]},"$x":[{"t":"idOrVar","v":"plural"},"value"]},{"$i":"minutes-ago-short","$v":{"zero":"अहिले भर्खर","other":[{"t":"idOrVar","v":"value"}," मिनेट पहिला"]},"$x":[{"t":"idOrVar","v":"plural"},"value"]},{"$i":"hours-ago-short","$v":{"zero":"अहिले भर्खर","other":[{"t":"idOrVar","v":"value"},"घण्टा पहिला"]},"$x":[{"t":"idOrVar","v":"plural"},"value"]},{"$i":"days-ago-short","$v":{"zero":"आज","other":[{"t":"idOrVar","v":"value"},"दिन पहिला"]},"$x":[{"t":"idOrVar","v":"plural"},"value"]},{"$i":"minutes-until-short","$v":{"zero":"अहिले","other":[{"t":"idOrVar","v":"value"}," मिनेटमा"]},"$x":[{"t":"idOrVar","v":"plural"},"value"]},{"$i":"hours-until-short","$v":{"zero":"अहिले","other":[{"t":"idOrVar","v":"value"}," घण्टामा"]},"$x":[{"t":"idOrVar","v":"plural"},"value"]},{"$i":"days-until-short","$v":{"zero":"आज","other":[{"t":"idOrVar","v":"value"}," दिनमा"]},"$x":[{"t":"idOrVar","v":"plural"},"value"]},{"$i":"incorrectDate","$v":"(गलत मिति)"},{"$i":"dateTimeFormat_%c","$v":"%a %b %e %Y %I:%M:%S %p"},{"$i":"dateTimeFormat_%x","$v":"%m/%d/%Y"},{"$i":"dateTimeFormat_%X","$v":"%I:%M:%S %p"},{"$i":"shortTimeFormat","$v":"%I:%M %p"},{"$i":"shortTimeFormat12","$v":"%I:%M %p"},{"$i":"shortTimeFormat24","$v":"%H:%M"},{"$i":"shortDateTimeFormat","$v":"%x %I:%M %p"},{"$i":"weekStartsOnMonday","$v":"0"},{"$i":"firstDayOfTheWeek","$v":"0"},{"$i":"time_am","$v":"AM"},{"$i":"time_pm","$v":"PM"},{"$i":"imageDescription","$v":[{"t":"idOrVar","v":"orientation"}," छवि, %I:%M %p, %B %e, %Y"]},{"$i":"imageDescriptionNoTimestamp","$v":[{"t":"idOrVar","v":"orientation"}," छवि"]},{"$i":"videoDescription","$v":[{"t":"idOrVar","v":"orientation"}," भिडियो, %I:%M %p, %B %e, %Y"]},{"$i":"videoDescriptionNoTimestamp","$v":[{"t":"idOrVar","v":"orientation"}," भिडियो"]},{"$i":"orientationPortrait","$v":"पोट्रेट"},{"$i":"orientationLandscape","$v":"परिदृश्य"},{"$i":"playbackPlay","ariaLabel":"चलाउनुहोस्"},{"$i":"playbackPause","ariaLabel":"पज गर्नुहोस्"},{"$i":"playbackNext","ariaLabel":"अर्को"},{"$i":"playbackPrevious","ariaLabel":"अघिल्लो"},{"$i":"playbackFullscreen","ariaLabel":"पूर्ण स्क्रिन"},{"$i":"playbackSeekBar","ariaLabel":["खोज्ने पट्टी, अवधि ",{"t":"idOrVar","v":"duration"}]}]