[{"$i":"nospace2-title","$v":"ମେମୋରୀ କାର୍ଡରେ ପର୍ଯ୍ୟାପ୍ତ ସ୍ଥାନ ନାହିଁ"},{"$i":"nospace2-text","$v":"ଇଣ୍ଟରନାଲ୍ ମେମୋରୀ ପୂର୍ଣ୍ଣ ଅଟେ। ଦୟାକରି କିଛି ଫଟୋ ବିଲୋପ କରନ୍ତୁ କିମ୍ୱା ଏକ ମେମୋରୀ କାର୍ଡ୍‌ ପ୍ରବେଶ କରନ୍ତୁ |"},{"$i":"confirmation","$v":"ନିଶ୍ଚିତକରଣ"},{"$i":"error-saving-title","$v":"ଫଟୋ ସେଭ୍ ହୋଇନାହିଁ"},{"$i":"error-saving-text","$v":"ଏକ ତ୍ରୁଟି କାରଣରୁ କ୍ୟାମେରା ଫଟୋ ସେଭ୍ କରିପାରି ନାହିଁ |"},{"$i":"error-recording-title","$v":"ଭିଡିଓ ରେକର୍ଡ୍ ହୋଇନାହିଁ"},{"$i":"error-recording-text","$v":"ଏକ ତ୍ରୁଟି କାରଣରୁ କ୍ୟାମେରା ଭିଡିଓ ରେକର୍ଡିଂ କରିପାରି ନାହିଁ |"},{"$i":"error-video-file-path-title","$v":"ଭିଡିଓ ରେକର୍ଡ୍ ହୋଇନାହିଁ"},{"$i":"error-video-file-path-text","$v":"ଭିଡିଓ ଫାଇଲ୍ ପଥ ସୃଷ୍ଟି କରିବାରେ ତ୍ରୁଟି |"},{"$i":"nocard2-title","$v":"କୌଣସି ମେମୋ‌ରୀ କାର୍ଡ୍ ମିଳିଲା ନାହିଁ"},{"$i":"nocard3-text","$v":"ମେମୋରୀ କାର୍ଡ୍‌ ମିଳିଲା ନାହିଁ। ଦୟାକରି ଫଟୋ ନେବାକୁ ଏକ ମେମୋରୀ କାର୍ଡ୍‌ ପ୍ରବେଶ କରନ୍ତୁ |"},{"$i":"pluggedin2-title","$v":"ଫୋନ୍ ପ୍ଲଗ୍ଇନ୍ ଥିବା ସମୟରେ କ୍ୟାମେରା ବ୍ୟବହାର ହୋଇପାରିବ ନାହିଁ"},{"$i":"pluggedin2-text","$v":"ଷ୍ଟୋରେଜ୍ ବର୍ତ୍ତମାନ ବ୍ୟବହାରରେ ଅଛି। ଫଟୋଗୁଡିକ ନେବାକୁ ଦୟାକରି ଫୋନ୍ ଅନପ୍ଲଗ୍ କରନ୍ତୁ |"},{"$i":"storage-size-limit-reached","$v":"ଆପଣଙ୍କ ପାଖରେ ମିଡିଆ ଷ୍ଟୋରେଜ୍ ସ୍ଥାନ ବାକି ନାହିଁ |"},{"$i":"activity-size-limit-reached","$v":"ଆପଣ ଏହି ଆଟାଚ୍‌ମେଣ୍ଟ ପାଇଁ ସର୍ବାଧିକ ଫାଇଲ୍ ଆକାରରେ ପହଞ୍ଚିଛନ୍ତି |"},{"$i":"camera","$v":"କ୍ୟାମେରା"},{"$i":"retake-button","$v":"ପୁନଃପ୍ରାପ୍ତ କରନ୍ତୁ"},{"$i":"select-button","$v":"ଚୟନ କରନ୍ତୁ"},{"$i":"close-button","$v":"ବନ୍ଦ କରନ୍ତୁ"},{"$i":"delete-photo?","$v":"ଫଟୋ ବିଲୋପ କରିବେ ?"},{"$i":"delete-video?","$v":"ଭିଡିଓ ବିଲୋପ କରିବେ ?"},{"$i":"cancel","$v":"ବାତିଲ କରନ୍ତୁ"},{"$i":"delete","$v":"ବିଲୋପ କରନ୍ତୁ"},{"$i":"mp","$v":"MP"},{"$i":"camera-resolution","$v":"କ୍ୟାମେରା ରିଜୋଲ୍ୟୁସନ୍"},{"$i":"camera-resolution-header","$v":[{"t":"idOrVar","v":"camera-resolution"}]},{"$i":"video-resolution","$v":"ଭିଡିଓ ରିଜୋଲ୍ୟୁସନ୍"},{"$i":"video-resolution-header","$v":[{"t":"idOrVar","v":"video-resolution"}]},{"$i":"scene-mode","$v":"ସିନ୍ ମୋଡ୍‌"},{"$i":"scene-mode-header","$v":[{"t":"idOrVar","v":"scene-mode"}]},{"$i":"self-timer","$v":"ସେଲ୍ଫ-ଟାଇମର୍"},{"$i":"self-timer-header","$v":[{"t":"idOrVar","v":"self-timer"}]},{"$i":"self-timer-off","$v":"ଅଫ୍"},{"$i":"self-timer-3-seconds","$v":"3 ସେକେଣ୍ଡ"},{"$i":"self-timer-5-seconds","$v":"5 ସେକେଣ୍ଡ"},{"$i":"self-timer-10-seconds","$v":"10 ସେକେଣ୍ଡ"},{"$i":"battery-shutdown-title","$v":"ବ୍ୟାଟେରୀ କମ୍ ଅଛି"},{"$i":"battery-shutdown-text","$v":"କ୍ୟାମେରା ବ୍ୟବହାର କରିବାକୁ ବ୍ୟାଟେରୀ ସ୍ତର ବହୁତ କମ |"},{"$i":"battery-critical-text","$v":"ଗମ୍ଭୀର ଭାବେ ବ୍ୟାଟେରୀ କମ୍ ଅଛି"},{"$i":"battery-verylow-text","$v":"10% ବ୍ୟାଟେରୀ ବାକି ରହିଛି"},{"$i":"battery-low-text","$v":"15% ବ୍ୟାଟେରୀ ବାକି ରହିଛି"},{"$i":"camera-unavailable-title","$v":"କ୍ୟାମେରା ଅନୁପଲବ୍ଧ"},{"$i":"camera-unavailable-text","$v":"ଅନ୍ୟ ଆପ୍ ଦ୍ୱାରା କ୍ୟାମେରା ବ୍ୟବହୃତ ହେଉଛି |"},{"$i":"hdr","$v":"HDR"},{"$i":"hdr-header","$v":[{"t":"idOrVar","v":"hdr"}]},{"$i":"hdr-on","$v":"ଅନ୍"},{"$i":"hdr-off","$v":"ଅଫ୍"},{"$i":"hdr-deactivated","$v":"(HDR ନିଷ୍କ୍ରିୟ ହୋଇଛି)"},{"$i":"grid","$v":"ଗ୍ରୀଡ୍ ଲାଇନ୍‌ଗୁଡିକ"},{"$i":"grid-header","$v":[{"t":"idOrVar","v":"grid"}]},{"$i":"grid-on","$v":"ଅନ୍"},{"$i":"grid-off","$v":"ଅଫ୍"},{"$i":"flash","$v":"ଫ୍ଲାସ୍"},{"$i":"flash-on","$v":"ଅନ୍"},{"$i":"flash-off","$v":"ଅଫ୍"},{"$i":"flash-auto","$v":"ସ୍ଵତଃ"},{"$i":"flash-deactivated","$v":"(ଫ୍ଲାସ୍ ନିଷ୍କ୍ରିୟ ହୋଇଛି)"},{"$i":"Photo-Mode","$v":"ଫଟୋ ମୋଡ୍"},{"$i":"Video-Mode","$v":"ଭିଡିଓ ମୋଡ୍"},{"$i":"options","$v":"ବିକଳ୍ପଗୁଡିକ"},{"$i":"open-gallery","$v":"ଗ୍ୟାଲେରୀ ଖୋଲନ୍ତୁ"},{"$i":"preview","$v":"ପୂର୍ବାବଲୋକନ"},{"$i":"tcl-flash","$v":"ଫ୍ଲାସ୍"},{"$i":"tcl-hdr","$v":"HDR"},{"$i":"tcl-grid","$v":"ଗ୍ରୀଡ୍"},{"$i":"tcl-timer","$v":"ସେଲ୍ଫ ଟାଇମର୍"},{"$i":"tcl-timer-option","$v":{"zero":[{"t":"idOrVar","v":"n"}," ଦ୍ଵିତୀୟ"],"one":[{"t":"idOrVar","v":"n"}," ଦ୍ଵିତୀୟ"],"two":[{"t":"idOrVar","v":"n"}," ସେକେଣ୍ଡ"],"few":[{"t":"idOrVar","v":"n"}," ସେକେଣ୍ଡ"],"many":[{"t":"idOrVar","v":"n"}," ସେକେଣ୍ଡ"],"other":[{"t":"idOrVar","v":"n"}," ସେକେଣ୍ଡ"]},"$x":[{"t":"idOrVar","v":"plural"},"n"]},{"$i":"tcl-gallery","$v":"ଗ୍ୟାଲେରୀ"},{"$i":"tcl-gallery-option","$v":"ଗ୍ୟାଲେରୀ ଆପ୍ଲିକେସନକୁ ଯାଆନ୍ତୁ"},{"$i":"tcl-videos","$v":"ଭିଡିଓ"},{"$i":"tcl-videos-option","$v":"ଭିଡିଓ ଆପ୍ଲିକେସନକୁ ଯାଆନ୍ତୁ"},{"$i":"tcl-on","$v":"ଅନ୍"},{"$i":"tcl-off","$v":"ଅଫ୍"},{"$i":"tcl-auto","$v":"ସ୍ଵତଃ"},{"$i":"tcl-options","$v":"ବିକଳ୍ପଗୁଡିକ"},{"$i":"tcl-camera-mode","$v":"ଫଟୋକୁ ସ୍ୱିଚ୍‌ ହୋଇଛି"},{"$i":"tcl-video-mode","$v":"ଭିଡିଓକୁ ସ୍ୱିଚ୍‌ ହୋଇଛି"},{"$i":"tcl-turn-on","$v":"ଅନ୍ ହୋଇଛି |"},{"$i":"tcl-turn-off","$v":"ଅଫ୍‌ ହୋଇଛି |"},{"$i":"tcl-activity-cancel","$v":"ବାତିଲ କରନ୍ତୁ"},{"$i":"tcl-activity-retake","$v":"ପୁନଃପ୍ରାପ୍ତ କରନ୍ତୁ"},{"$i":"activity-done","$v":"ସମ୍ପୁର୍ଣ୍ଣ"},{"$i":"tcl-activity-save","$v":"ସେଭ୍ କରନ୍ତୁ"},{"$i":"tcl-video-saved","$v":"ଭିଡିଓ ସେଭ୍ ହୋଇଛି"},{"$i":"turn-on","$v":"ଅନ୍ ହୋଇଛି |"},{"$i":"turn-off","$v":"ଅଫ୍‌ ହୋଇଛି |"},{"$i":"switch-modes","$v":"ମୋଡ୍‌ଗୁଡ଼ିକ"},{"$i":"photo-mode","$v":"ଫଟୋ ମୋଡ୍"},{"$i":"video-mode","$v":"ଭିଡିଓ ମୋଡ୍"},{"$i":"switch-resolution","$v":"ରିଜୋଲ୍ୟୁସନ"},{"$i":"low-resolution","$v":"କମ୍ ଅଛି"},{"$i":"medium-resolution","$v":"ମାଧ୍ୟମ"},{"$i":"high-resolution","$v":"ଉଚ୍ଚ"},{"$i":"set-resolution-to","$v":"କୁ ରିଜୋଲ୍ୟୁସନ୍ ସେଟ୍ କରନ୍ତୁ"},{"$i":"pause","$v":"ବିରତ କରନ୍ତୁ"},{"$i":"close-menu-button","ariaLabel":"ମେନ୍ୟୁ ବନ୍ଦ କରନ୍ତୁ"},{"$i":"back-button","ariaLabel":"ପଛକୁ ଫେରନ୍ତୁ"},{"$i":"setting-option","ariaLabel":[{"t":"idOrVar","v":"value"}]},{"$i":"setting-option-hdr","ariaLabel":["HDR ",{"t":"idOrVar","v":"value"}]},{"$i":"setting-option-self-timer","ariaLabel":["ସେଲ୍ଫ-ଟାଇମର୍ ",{"t":"idOrVar","v":"value"}]},{"$i":"setting-option-grid","ariaLabel":["ଗ୍ରୀଡ୍ ଲାଇନ୍‌ଗୁଡିକ ",{"t":"idOrVar","v":"value"}]},{"$i":"setting-option-scene-mode","ariaLabel":["ସିନ୍ ମୋଡ୍ ",{"t":"idOrVar","v":"value"}]},{"$i":"setting-option-camera-resolution","ariaLabel":["କ୍ୟାମେରା ରିଜୋଲ୍ୟୁସନ୍ ",{"t":"idOrVar","v":"value"}]},{"$i":"setting-option-video-resolution","ariaLabel":["ଭିଡିଓ ରିଜୋଲ୍ୟୁସନ୍ ",{"t":"idOrVar","v":"value"}]},{"$i":"flash-on-button","ariaLabel":"ଫ୍ଲାସ୍ ଅନ୍‌ ଅଛି"},{"$i":"flash-off-button","ariaLabel":"ଫ୍ଲାସ୍ ଅଫ୍‌ ଅଛି"},{"$i":"flash-auto-button","ariaLabel":"ସ୍ଵତଃ ଫ୍ଲାସ୍"},{"$i":"switch-camera","$v":"କ୍ୟାମେରା ଚୟନ"},{"$i":"toggle-camera-rear-button","$v":"ପଛ କ୍ୟାମେରା"},{"$i":"toggle-camera-front-button","$v":"ସମ୍ମୁଖ କ୍ୟାମେରା"},{"$i":"menu-button","ariaLabel":"ମେନ୍ୟୁ"},{"$i":"preview-button","ariaLabel":"ପୂର୍ବାବଲୋକନ"},{"$i":"controls-button-close","ariaLabel":"ବନ୍ଦ କରନ୍ତୁ"},{"$i":"share-button","ariaLabel":"ଅଂଶୀଦାର କରନ୍ତୁ"},{"$i":"more-button","ariaLabel":"ଅଧିକ"},{"$i":"media-frame","ariaLabel":[{"t":"idOrVar","v":"total"}," ରୁ ",{"t":"idOrVar","v":"current"}," ଫ୍ରେମ୍"],"ariaMozHint":"ପରବର୍ତ୍ତୀକୁ ଯିବାକୁ 2 ଆଙ୍ଗୁଠି ସହ ବାମକୁ ସ୍ଵାଇପ୍ କରନ୍ତୁ, କିମ୍ୱା ପୂର୍ବବର୍ତ୍ତୀକୁ ଯିବାକୁ ଡାହାଣକୁ ସ୍ଵାଇପ୍ କରନ୍ତୁ |"},{"$i":"tcl-zoom","$v":"ଜୁମ୍ କରନ୍ତୁ"},{"$i":"tcl-zoom-in","$v":"ଜୁମ୍ ଇନ୍"},{"$i":"tcl-zoom-out","$v":"ଜୁମ୍ ଆଉଟ୍ କରନ୍ତୁ"},{"$i":"tcl-share","$v":"ଅଂଶୀଦାର କରନ୍ତୁ"},{"$i":"set-as-wallpaper","$v":"ୱାଲପେପର୍‌ ଭାବେ ସେଟ୍ କରନ୍ତୁ"},{"$i":"set","$v":"ସେଟ୍ କରନ୍ତୁ"},{"$i":"wallpaper-set","$v":"ୱାଲପେପର୍ ସେଟ୍ |"},{"$i":"tcl-photo-deleted","$v":"ଫଟୋ ବିଲୋପ ହୋ‌ଇଛି"},{"$i":"tcl-ok","$v":"ଓକେ"},{"$i":"ftu-info","$v":"ଫଟୋ ଏବଂ ଭିଡିଓ ମୋଡଗୁଡିକ ମଧ୍ୟରେ ସ୍ଵିଚ୍ କରିବାକୁ ବାମ ଏବଂ ଡାହାଣ କୀ ଦବାନ୍ତୁ |"},{"$i":"tcl-full-screen","$v":"ଫୁଲ୍‌ ସ୍କ୍ରିନ୍"},{"$i":"tcl-video-deleted","$v":"ଭିଡିଓ ବିଲୋପିତ"},{"$i":"tcl-preview","$v":"ପୂର୍ବାବଲୋକନ"},{"$i":"welcome","$v":"କ୍ୟାମେରାକୁ ସ୍ଵାଗତ"},{"$i":"ok","$v":"ଓକେ"},{"$i":"tcl-option","$v":"ବିକଳ୍ପଗୁଡିକ"},{"$i":"tcl-camera","$v":"କ୍ୟାମେରା"},{"$i":"tcl-alert-message","$v":"ମେମୋରୀ କାର୍ଡ୍‌ ପୂର୍ଣ୍ଣ ହୋଇଛି। ଦୟାକରି କିଛି ଫଟୋ ବିଲୋପ କରନ୍ତୁ କିମ୍ୱା ଏକ ଭିନ୍ନ ମେମୋରୀ କାର୍ଡ୍‌ ପ୍ରବେଶ କରନ୍ତୁ |"},{"$i":"tcl-error-message","$v":"ପିକ୍‌ଚର୍ ସେଭ୍ ହୋଇନାହିଁ | ପିକ୍‌ଚର୍ ସେଭ୍ କରିବାକୁ ଏକ ତ୍ରୁଟି, କ୍ୟାମେରାକୁ ବାଧା ଦେଉଛି |"},{"$i":"tcl-error-file-message","$v":"ଭିଡିଓ ରେକର୍ଡ ହୋଇପାରି ନାହିଁ | ଭିଡିଓ ଫାଇଲ୍ ପଥ ସୃଷ୍ଟି କରିବା ସମୟରେ ତ୍ରୁଟି |"},{"$i":"weekday-0-long","$v":"ରବିବାର"},{"$i":"weekday-1-long","$v":"ସୋମବାର"},{"$i":"weekday-2-long","$v":"ମଙ୍ଗଳବାର"},{"$i":"weekday-3-long","$v":"ବୁଧବାର"},{"$i":"weekday-4-long","$v":"ଗୁରୁବାର"},{"$i":"weekday-5-long","$v":"ଶୁକ୍ରବାର"},{"$i":"weekday-6-long","$v":"ଶନିବାର"},{"$i":"weekday-0-short","$v":"ରବି"},{"$i":"weekday-1-short","$v":"ସୋମ"},{"$i":"weekday-2-short","$v":"ମଙ୍ଗଳବାର"},{"$i":"weekday-3-short","$v":"ବୁଧ"},{"$i":"weekday-4-short","$v":"ଗୁରୁବାର"},{"$i":"weekday-5-short","$v":"ଶୁକ୍ର"},{"$i":"weekday-6-short","$v":"ଶନି"},{"$i":"month-0-long","$v":"ଜାନୁଆରୀ"},{"$i":"month-1-long","$v":"ଫେବୃଆରୀ"},{"$i":"month-2-long","$v":"ମାର୍ଚ୍ଚ"},{"$i":"month-3-long","$v":"ଏପ୍ରିଲ୍"},{"$i":"month-4-long","$v":"ମେ"},{"$i":"month-5-long","$v":"ଜୁନ୍"},{"$i":"month-6-long","$v":"ଜୁଲାଇ"},{"$i":"month-7-long","$v":"ଅଗଷ୍ଟ"},{"$i":"month-8-long","$v":"ସେପ୍ଟେମ୍ୱର୍"},{"$i":"month-9-long","$v":"ଅକ୍ଟୋବର"},{"$i":"month-10-long","$v":"ନଭେମ୍ୱର୍"},{"$i":"month-11-long","$v":"ଡିସେମ୍ଵର"},{"$i":"month-0-genitive","$v":"ଜାନୁଆରୀ"},{"$i":"month-1-genitive","$v":"ଫେବୃଆରୀ"},{"$i":"month-2-genitive","$v":"ମାର୍ଚ୍ଚ"},{"$i":"month-3-genitive","$v":"ଏପ୍ରିଲ୍"},{"$i":"month-4-genitive","$v":"ମେ"},{"$i":"month-5-genitive","$v":"ଜୁନ୍"},{"$i":"month-6-genitive","$v":"ଜୁଲାଇ"},{"$i":"month-7-genitive","$v":"ଅଗଷ୍ଟ"},{"$i":"month-8-genitive","$v":"ସେପ୍ଟେମ୍ୱର୍"},{"$i":"month-9-genitive","$v":"ଅକ୍ଟୋବର"},{"$i":"month-10-genitive","$v":"ନଭେମ୍ୱର୍"},{"$i":"month-11-genitive","$v":"ଡିସେମ୍ଵର"},{"$i":"month-0-short","$v":"ଜାନୁଆରୀ"},{"$i":"month-1-short","$v":"ଫେବୃଆରୀ"},{"$i":"month-2-short","$v":"ମାର୍ଚ୍ଚ"},{"$i":"month-3-short","$v":"ଏପ୍ରିଲ୍"},{"$i":"month-4-short","$v":"ମେ"},{"$i":"month-5-short","$v":"ଜୁନ୍"},{"$i":"month-6-short","$v":"ଜୁଲାଇ"},{"$i":"month-7-short","$v":"ଅଗଷ୍ଟ"},{"$i":"month-8-short","$v":"ସେପ୍ଟେମ୍ବର୍‌"},{"$i":"month-9-short","$v":"ଅକ୍ଟୋବର"},{"$i":"month-10-short","$v":"ନଭେମ୍ବର"},{"$i":"month-11-short","$v":"ଡିସେମ୍ବର"},{"$i":"minutes-ago-long","$v":{"zero":"ସାଙ୍ଗେସାଙ୍ଗେ","one":"ଏକ ମିନିଟ୍‌ ପୂର୍ବେ","two":[{"t":"idOrVar","v":"value"}," ମିନିଟ୍ ପୂର୍ବେ"],"few":[{"t":"idOrVar","v":"value"}," ମିନିଟ୍ ପୂର୍ବେ"],"many":[{"t":"idOrVar","v":"value"}," ମିନିଟ୍ ପୂର୍ବେ"],"other":[{"t":"idOrVar","v":"value"}," ମିନିଟ୍ ପୂର୍ବେ"]},"$x":[{"t":"idOrVar","v":"plural"},"value"]},{"$i":"hours-ago-long","$v":{"zero":"ସାଙ୍ଗେସାଙ୍ଗେ","one":"ଏକ ଘଣ୍ଟା ପୂର୍ବେ","two":[{"t":"idOrVar","v":"value"}," ଘଣ୍ଟା ପୂର୍ବେ"],"few":[{"t":"idOrVar","v":"value"}," ଘଣ୍ଟା ପୂର୍ବେ"],"many":[{"t":"idOrVar","v":"value"}," ଘଣ୍ଟା ପୂର୍ବେ"],"other":[{"t":"idOrVar","v":"value"}," ଘଣ୍ଟା ପୂର୍ବେ"]},"$x":[{"t":"idOrVar","v":"plural"},"value"]},{"$i":"days-ago-long","$v":{"zero":"ଆଜି","one":"ଗତକାଲି","two":[{"t":"idOrVar","v":"value"}," ଦିନ ପୂର୍ବେ"],"few":[{"t":"idOrVar","v":"value"}," ଦିନ ପୂର୍ବେ"],"many":[{"t":"idOrVar","v":"value"}," ଦିନ ପୂର୍ବେ"],"other":[{"t":"idOrVar","v":"value"}," ଦିନ ପୂର୍ବେ"]},"$x":[{"t":"idOrVar","v":"plural"},"value"]},{"$i":"weeks-ago-long","$v":{"zero":"ଏହି ସପ୍ତାହ","one":"ଗତ ସପ୍ତାହ","two":[{"t":"idOrVar","v":"value"}," ସପ୍ତାହ ପୂର୍ବେ"],"few":[{"t":"idOrVar","v":"value"}," ସପ୍ତାହ ପୂର୍ବେ"],"many":[{"t":"idOrVar","v":"value"}," ସପ୍ତାହ ପୂର୍ବେ"],"other":[{"t":"idOrVar","v":"value"}," ସପ୍ତାହ ପୂର୍ବେ"]},"$x":[{"t":"idOrVar","v":"plural"},"value"]},{"$i":"months-ago-long","$v":{"zero":"ଏହି ମାସ","one":"ଗତ ମାସ","two":[{"t":"idOrVar","v":"value"}," ମାସ ପୂର୍ବେ"],"few":[{"t":"idOrVar","v":"value"}," ମାସ ପୂର୍ବେ"],"many":[{"t":"idOrVar","v":"value"}," ମାସ ପୂର୍ବେ"],"other":[{"t":"idOrVar","v":"value"}," ମାସ ପୂର୍ବେ"]},"$x":[{"t":"idOrVar","v":"plural"},"value"]},{"$i":"years-ago-long","$v":{"zero":"ଏହି ବର୍ଷ","one":"ଗତ ବର୍ଷ","two":[{"t":"idOrVar","v":"value"}," ବର୍ଷ ପୂର୍ବେ"],"few":[{"t":"idOrVar","v":"value"}," ବର୍ଷ ପୂର୍ବେ"],"many":[{"t":"idOrVar","v":"value"}," ବର୍ଷ ପୂର୍ବେ"],"other":[{"t":"idOrVar","v":"value"}," ବର୍ଷ ପୂର୍ବେ"]},"$x":[{"t":"idOrVar","v":"plural"},"value"]},{"$i":"minutes-until-long","$v":{"zero":"ବର୍ତ୍ତମାନ","one":"ଏକ ମିନିଟ୍‌ ରେ","two":[{"t":"idOrVar","v":"value"}," ମିନିଟ୍‌ରେ"],"few":[{"t":"idOrVar","v":"value"}," ମିନିଟ୍‌ରେ"],"many":[{"t":"idOrVar","v":"value"}," ମିନିଟ୍‌ରେ"],"other":[{"t":"idOrVar","v":"value"}," ମିନିଟ୍‌ରେ"]},"$x":[{"t":"idOrVar","v":"plural"},"value"]},{"$i":"hours-until-long","$v":{"zero":"ବର୍ତ୍ତମାନ","one":"ଏକ ଘଣ୍ଟାରେ","two":[{"t":"idOrVar","v":"value"}," ଘଣ୍ଟାରେ"],"few":[{"t":"idOrVar","v":"value"}," ଘଣ୍ଟାରେ"],"many":[{"t":"idOrVar","v":"value"}," ଘଣ୍ଟାରେ"],"other":[{"t":"idOrVar","v":"value"}," ଘଣ୍ଟାରେ"]},"$x":[{"t":"idOrVar","v":"plural"},"value"]},{"$i":"days-until-long","$v":{"zero":"ଆଜି","one":"ଆସନ୍ତାକାଲି","two":[{"t":"idOrVar","v":"value"}," ଦିନରେ"],"few":[{"t":"idOrVar","v":"value"}," ଦିନରେ"],"many":[{"t":"idOrVar","v":"value"}," ଦିନରେ"],"other":[{"t":"idOrVar","v":"value"}," ଦିନରେ"]},"$x":[{"t":"idOrVar","v":"plural"},"value"]},{"$i":"weeks-until-long","$v":{"zero":"ଏହି ସପ୍ତାହ","one":"ପରବର୍ତ୍ତୀ ସପ୍ତାହ","two":[{"t":"idOrVar","v":"value"}," ସପ୍ତାହରେ"],"few":[{"t":"idOrVar","v":"value"}," ସପ୍ତାହରେ"],"many":[{"t":"idOrVar","v":"value"}," ସପ୍ତାହରେ"],"other":[{"t":"idOrVar","v":"value"}," ସପ୍ତାହରେ"]},"$x":[{"t":"idOrVar","v":"plural"},"value"]},{"$i":"months-until-long","$v":{"zero":"ଏହି ମାସ","one":"ପରବର୍ତ୍ତୀ ମାସ","two":[{"t":"idOrVar","v":"value"}," ମାସରେ"],"few":[{"t":"idOrVar","v":"value"}," ମାସରେ"],"many":[{"t":"idOrVar","v":"value"}," ମାସରେ"],"other":[{"t":"idOrVar","v":"value"}," ମାସରେ"]},"$x":[{"t":"idOrVar","v":"plural"},"value"]},{"$i":"years-until-long","$v":{"zero":"ଏହି ବର୍ଷ","one":"ପରବର୍ତ୍ତୀ ବର୍ଷ","two":[{"t":"idOrVar","v":"value"}," ବର୍ଷରେ"],"few":[{"t":"idOrVar","v":"value"}," ବର୍ଷରେ"],"many":[{"t":"idOrVar","v":"value"}," ବର୍ଷରେ"],"other":[{"t":"idOrVar","v":"value"}," ବର୍ଷରେ"]},"$x":[{"t":"idOrVar","v":"plural"},"value"]},{"$i":"minutes-ago-short","$v":{"zero":"ସାଙ୍ଗେସାଙ୍ଗେ","other":[{"t":"idOrVar","v":"value"},"m ପୂର୍ବେ"]},"$x":[{"t":"idOrVar","v":"plural"},"value"]},{"$i":"hours-ago-short","$v":{"zero":"ସାଙ୍ଗେସାଙ୍ଗେ","other":[{"t":"idOrVar","v":"value"},"h ପୂର୍ବେ"]},"$x":[{"t":"idOrVar","v":"plural"},"value"]},{"$i":"days-ago-short","$v":{"zero":"ଆଜି","other":[{"t":"idOrVar","v":"value"},"d ପୂର୍ବେ"]},"$x":[{"t":"idOrVar","v":"plural"},"value"]},{"$i":"minutes-until-short","$v":{"zero":"ବର୍ତ୍ତମାନ","other":[{"t":"idOrVar","v":"value"}," ମାସରେ"]},"$x":[{"t":"idOrVar","v":"plural"},"value"]},{"$i":"hours-until-short","$v":{"zero":"ବର୍ତ୍ତମାନ","other":[{"t":"idOrVar","v":"value"}," ଘଣ୍ଟାରେ"]},"$x":[{"t":"idOrVar","v":"plural"},"value"]},{"$i":"days-until-short","$v":{"zero":"ଆଜି","other":[{"t":"idOrVar","v":"value"}," ଦିନରେ"]},"$x":[{"t":"idOrVar","v":"plural"},"value"]},{"$i":"incorrectDate","$v":"(ଭୁଲ୍ ତାରିଖ)"},{"$i":"dateTimeFormat_%c","$v":"%a %b %e %Y %I:%M:%S %p"},{"$i":"dateTimeFormat_%x","$v":"%m/%d/%Y"},{"$i":"dateTimeFormat_%X","$v":"%I:%M:%S %p"},{"$i":"shortTimeFormat","$v":"%I:%M %p"},{"$i":"shortTimeFormat12","$v":"%I:%M %p"},{"$i":"shortTimeFormat24","$v":"%H:%M"},{"$i":"shortDateTimeFormat","$v":"%x %I:%M %p"},{"$i":"weekStartsOnMonday","$v":"0"},{"$i":"firstDayOfTheWeek","$v":"0"},{"$i":"time_am","$v":"AM"},{"$i":"time_pm","$v":"PM"},{"$i":"imageDescription","$v":[{"t":"idOrVar","v":"orientation"}," ଫଟୋ, %I:%M %p, %B %e, %Y"]},{"$i":"imageDescriptionNoTimestamp","$v":[{"t":"idOrVar","v":"orientation"}," ଫଟୋ"]},{"$i":"videoDescription","$v":[{"t":"idOrVar","v":"orientation"}," ଭିଡିଓ, %I:%M %p, %B %e, %Y"]},{"$i":"videoDescriptionNoTimestamp","$v":[{"t":"idOrVar","v":"orientation"}," ଭିଡିଓ"]},{"$i":"orientationPortrait","$v":"ପୋର୍ଟ୍ରେଟ୍"},{"$i":"orientationLandscape","$v":"ଲ୍ୟାଣ୍ଡସ୍କେପ୍"},{"$i":"playbackPlay","ariaLabel":"ବଜାନ୍ତୁ"},{"$i":"playbackPause","ariaLabel":"ବିରତ କରନ୍ତୁ"},{"$i":"playbackNext","ariaLabel":"ପରବର୍ତ୍ତୀ"},{"$i":"playbackPrevious","ariaLabel":"ପୂର୍ବବର୍ତ୍ତୀ"},{"$i":"playbackFullscreen","ariaLabel":"ଫୁଲ୍‌ସ୍କ୍ରିନ୍"},{"$i":"playbackSeekBar","ariaLabel":["ସିକ୍ ବାର୍ , ଅବଧି ",{"t":"idOrVar","v":"duration"}]}]