[{"$i":"nospace2-title","$v":"ਮੈਮਰੀ ਕਾਰਡ ਵਿੱਚ ਕਾਫੀ ਸਪੇਸ ਨਹੀਂ ਹੈ"},{"$i":"nospace2-text","$v":"ਇੰਟਰਨਲ ਮੈਮਰੀ ਭਰ ਗਈ ਹੈ। ਕਿਰਪਾ ਕਰਕੇ ਕੁੱਝ ਫੋਟੋਆਂ ਨੂੰ ਮਿਟਾਓ ਜਾਂ ਇੱਕ ਮੈਮਰੀ ਕਾਰਡ ਪਾਓ ।"},{"$i":"confirmation","$v":"ਪੁਸ਼ਟੀਕਰਨ"},{"$i":"error-saving-title","$v":"ਤਸਵੀਰ ਸੇਵ ਨਹੀਂ ਹੋਈ"},{"$i":"error-saving-text","$v":"ਇੱਕ ਤਰੁੱਟੀ ਨੇ ਕੈਮਰੇ ਨੂੰ ਤਸਵੀਰ ਨੂੰ ਸੇਵ ਕਰਨ ਤੋਂ ਰੋਕਿਆ ਹੈ।"},{"$i":"error-recording-title","$v":"ਵੀਡਿਓ ਰਿਕਾਰਡ ਨਹੀਂ ਹੋਈ"},{"$i":"error-recording-text","$v":"ਤਰੁੱਟੀ ਦੇ ਕਾਰਨ ਕੈਮਰੇ ਨੂੰ ਵੀਡੀਓ ਰਿਕਾਰਡ ਕਰਨ ਤੋਂ ਰੋਕਿਆ ਹੈ।"},{"$i":"error-video-file-path-title","$v":"ਵੀਡਿਓ ਰਿਕਾਰਡ ਨਹੀਂ ਹੋਈ"},{"$i":"error-video-file-path-text","$v":"ਵੀਡਿਓ ਫਾਇਲ ਪਾਥ ਬਣਾਉਣ ਸਮੇਂ ਤਰੁੱਟੀ ਆਈ।"},{"$i":"nocard2-title","$v":"ਕੋਈ ਮੈਮਰੀ ਕਾਰਡ ਨਹੀਂ ਮਿਲਿਆ"},{"$i":"nocard3-text","$v":"ਮੈਮਰੀ ਕਾਰਡ ਨਹੀਂ ਮਿਲਿਆ ਹੈ। ਤਸਵੀਰਾਂ ਖਿੱਚਣ ਲਈ ਕਿਰਪਾ ਕਰਕੇ ਇੱਕ ਮੈਮਰੀ ਕਾਰਡ ਪਾਓ।"},{"$i":"pluggedin2-title","$v":"ਫੋਨ ਦੇ ਪਲੱਗ ਇਨ ਹੋਣ ਵੇਲੇ ਕੈਮਰੇ ਦੀ ਵਰਤੋਂ ਨਹੀਂ ਕੀਤੀ ਜਾ ਸਕਦੀ"},{"$i":"pluggedin2-text","$v":"ਸਟੋਰੇਜ਼ ਇਸ ਸਮੇਂ ਵਰਤੋਂ ਵਿੱਚ ਹੈ। ਤਸਵੀਰਾਂ ਖਿੱਚਣ ਲਈ ਕਿਰਪਾ ਕਰਕੇ ਫੋਨ ਨੂੰ ਅਨਪਲੱਗ ਕਰੋ।"},{"$i":"storage-size-limit-reached","$v":"ਤੁਹਾਡੀ ਮੀਡੀਆ ਸਟੋਰੇਜ ਸਪੇਸ ਖ਼ਤਮ ਹੋ ਗਈ ਹੈ।"},{"$i":"activity-size-limit-reached","$v":"ਤੁਸੀਂ ਇਸ ਅਟੈਚਮੈਂਟ ਲਈ ਅਧਿਕਤਮ ਫਾਇਲ ਸਾਇਜ਼ ਤੇ ਪਹੁੰਚ ਗਏ ਹੋ।"},{"$i":"camera","$v":"ਕੈਮਰਾ"},{"$i":"retake-button","$v":"ਦੁਬਾਰਾ ਲਓ"},{"$i":"select-button","$v":"ਚੁਣੋ"},{"$i":"close-button","$v":"ਬੰਦ ਕਰੋ"},{"$i":"delete-photo?","$v":"ਫੋਟੋ ਮਿਟਾਓ?"},{"$i":"delete-video?","$v":"ਵੀਡੀਓ ਨੂੰ ਮਿਟਾਓ?"},{"$i":"cancel","$v":"ਰੱਦ ਕਰੋ"},{"$i":"delete","$v":"ਮਿਟਾਓ"},{"$i":"mp","$v":"MP"},{"$i":"camera-resolution","$v":"ਕੈਮਰਾ ਰੈਜੋਲੂਸ਼ਨ"},{"$i":"camera-resolution-header","$v":[{"t":"idOrVar","v":"camera-resolution"}]},{"$i":"video-resolution","$v":"ਵੀਡੀਓ ਰੇਜ਼ੋਲੂਸ਼ਨ"},{"$i":"video-resolution-header","$v":[{"t":"idOrVar","v":"video-resolution"}]},{"$i":"scene-mode","$v":"ਸੀਨ ਮੋਡ"},{"$i":"scene-mode-header","$v":[{"t":"idOrVar","v":"scene-mode"}]},{"$i":"self-timer","$v":"ਸੈਲਫ-ਟਾਈਮਰ"},{"$i":"self-timer-header","$v":[{"t":"idOrVar","v":"self-timer"}]},{"$i":"self-timer-off","$v":"ਔਫ"},{"$i":"self-timer-3-seconds","$v":"3 ਸੈਕਿੰਡ"},{"$i":"self-timer-5-seconds","$v":"5 ਸੈਕਿੰਡ"},{"$i":"self-timer-10-seconds","$v":"10 ਸੈਕਿੰਡ"},{"$i":"battery-shutdown-title","$v":"ਬੈਟਰੀ ਘੱਟ ਹੈ"},{"$i":"battery-shutdown-text","$v":"ਬੈਟਰੀ ਲੈਵਲ ਕੈਮਰਾ ਵਰਤਨ ਲਈ ਕਾਫੀ ਨਹੀਂ ਹੈ।"},{"$i":"battery-critical-text","$v":"ਗੰਭੀਰ ਰੂਪ ਵਿੱਚ ਬੈਟਰੀ ਘੱਟ ਹੈ"},{"$i":"battery-verylow-text","$v":"10% ਬੈਟਰੀ ਬਾਕੀ ਹੈ"},{"$i":"battery-low-text","$v":"15% ਬੈਟਰੀ ਬਾਕੀ ਹੈ"},{"$i":"camera-unavailable-title","$v":"ਕੈਮਰਾ ਅਣਉਪਲਬਧ"},{"$i":"camera-unavailable-text","$v":"ਕੈਮਰੇ ਦੀ ਵਰਤੋਂ ਕਿਸੇ ਹੋਰ ਐਪ ਦੁਆਰਾ ਕੀਤੀ ਜਾਂਦੀ ਹੈ।"},{"$i":"hdr","$v":"HDR"},{"$i":"hdr-header","$v":[{"t":"idOrVar","v":"hdr"}]},{"$i":"hdr-on","$v":"ਔਨ"},{"$i":"hdr-off","$v":"ਔਫ"},{"$i":"hdr-deactivated","$v":"(HDR ਅਕਿਰਿਆਸ਼ੀਲ ਕੀਤਾ ਗਿਆ ।)"},{"$i":"grid","$v":"ਗਰਿਡ ਲਾਈਨਸ"},{"$i":"grid-header","$v":[{"t":"idOrVar","v":"grid"}]},{"$i":"grid-on","$v":"ਔਨ"},{"$i":"grid-off","$v":"ਔਫ"},{"$i":"flash","$v":"ਫਲੈਸ਼"},{"$i":"flash-on","$v":"ਔਨ"},{"$i":"flash-off","$v":"ਔਫ"},{"$i":"flash-auto","$v":"ਸਵੈ"},{"$i":"flash-deactivated","$v":"(ਫਲੈਸ਼ ਨੂੰ ਅਕਿਰਿਆਸ਼ੀਲ ਕੀਤਾ ਗਿਆ)"},{"$i":"Photo-Mode","$v":"ਫੋਟੋ ਮੋਡ"},{"$i":"Video-Mode","$v":"ਵੀਡਿਓ ਮੋਡ"},{"$i":"options","$v":"ਵਿਕਲਪ"},{"$i":"open-gallery","$v":"ਗੈਲਰੀ ਖੋਲ੍ਹੋ"},{"$i":"preview","$v":"ਪ੍ਰੀਵਿਊ"},{"$i":"tcl-flash","$v":"ਫਲੈਸ਼"},{"$i":"tcl-hdr","$v":"HDR"},{"$i":"tcl-grid","$v":"ਗਰਿਡ"},{"$i":"tcl-timer","$v":"ਸੈਲਫ ਟਾਈਮਰ"},{"$i":"tcl-timer-option","$v":{"zero":[{"t":"idOrVar","v":"n"}," ਸੈਕਿੰਡ"],"one":[{"t":"idOrVar","v":"n"}," ਸੈਕਿੰਡ"],"two":[{"t":"idOrVar","v":"n"}," ਸੈਕਿੰਡ"],"few":[{"t":"idOrVar","v":"n"}," ਸੈਕਿੰਡ"],"many":[{"t":"idOrVar","v":"n"}," ਸੈਕਿੰਡ"],"other":[{"t":"idOrVar","v":"n"}," ਸੈਕਿੰਡ"]},"$x":[{"t":"idOrVar","v":"plural"},"n"]},{"$i":"tcl-gallery","$v":"ਗੈਲਰੀ"},{"$i":"tcl-gallery-option","$v":"ਗੈਲਰੀ ਐਪਲੀਕੇਸ਼ਨ ਤੇ ਜਾਓ"},{"$i":"tcl-videos","$v":"ਵੀਡੀਓ"},{"$i":"tcl-videos-option","$v":"ਵੀਡੀਓ ਐਪਲੀਕੇਸ਼ਨ ਤੇ ਜਾਓ"},{"$i":"tcl-on","$v":"ਔਨ"},{"$i":"tcl-off","$v":"ਔਫ"},{"$i":"tcl-auto","$v":"ਸਵੈ"},{"$i":"tcl-options","$v":"ਵਿਕਲਪ"},{"$i":"tcl-camera-mode","$v":"ਫੋਟੋ 'ਤੇ ਸਵਿਚ ਕੀਤਾ ਗਿਆ"},{"$i":"tcl-video-mode","$v":"ਵੀਡੀਓ 'ਤੇ ਸਵਿਚ ਕੀਤਾ ਗਿਆ"},{"$i":"tcl-turn-on","$v":"ਔਨ ਹੋਇਆ।"},{"$i":"tcl-turn-off","$v":"ਔਫ ਹੋਇਆ।"},{"$i":"tcl-activity-cancel","$v":"ਰੱਦ ਕਰੋ"},{"$i":"tcl-activity-retake","$v":"ਦੁਬਾਰਾ ਲਓ"},{"$i":"activity-done","$v":"ਪੂਰਾ ਹੋਇਆ"},{"$i":"tcl-activity-save","$v":"ਸੇਵ ਕਰੋ"},{"$i":"tcl-video-saved","$v":"ਵੀਡਿਓ ਸੇਵ ਹੋਈ"},{"$i":"turn-on","$v":"ਔਨ ਹੋਇਆ।"},{"$i":"turn-off","$v":"ਔਫ ਹੋਇਆ।"},{"$i":"switch-modes","$v":"ਮੋਡ"},{"$i":"photo-mode","$v":"ਫੋਟੋ ਮੋਡ"},{"$i":"video-mode","$v":"ਵੀਡਿਓ ਮੋਡ"},{"$i":"switch-resolution","$v":"ਰੈਜੋਲੂਸ਼ਨ"},{"$i":"low-resolution","$v":"ਘੱਟ ਹੈ"},{"$i":"medium-resolution","$v":"ਮੱਧਮ"},{"$i":"high-resolution","$v":"ਉੱਚ"},{"$i":"set-resolution-to","$v":"ਇਸਤੇ ਰੈਜੋਲੂਸ਼ਨ ਸੈੱਟ ਕਰੋ"},{"$i":"pause","$v":"ਰੋਕੋ"},{"$i":"close-menu-button","ariaLabel":"ਮੇਨਿਊ ਬੰਦ ਕਰੋ"},{"$i":"back-button","ariaLabel":"ਵਾਪਿਸ ਜਾਓ"},{"$i":"setting-option","ariaLabel":[{"t":"idOrVar","v":"value"}]},{"$i":"setting-option-hdr","ariaLabel":["HDR ",{"t":"idOrVar","v":"value"}]},{"$i":"setting-option-self-timer","ariaLabel":["ਸੈਲਫ-ਟਾਈਮਰ ",{"t":"idOrVar","v":"value"}]},{"$i":"setting-option-grid","ariaLabel":["ਗਰਿਡ ਲਾਈਨਸ ",{"t":"idOrVar","v":"value"}]},{"$i":"setting-option-scene-mode","ariaLabel":["ਸੀਨ ਮੋਡ ",{"t":"idOrVar","v":"value"}]},{"$i":"setting-option-camera-resolution","ariaLabel":["ਕੈਮਰਾ ਰੈਜੋਲੂਸ਼ਨ ",{"t":"idOrVar","v":"value"}]},{"$i":"setting-option-video-resolution","ariaLabel":["ਵੀਡਿਓ ਰੇਜ਼ੋਲੂਸ਼ਨ ",{"t":"idOrVar","v":"value"}]},{"$i":"flash-on-button","ariaLabel":"ਫਲੈਸ਼ ਔਨ ਹੈ"},{"$i":"flash-off-button","ariaLabel":"ਫਲੈਸ਼ ਔਫ ਹੈ"},{"$i":"flash-auto-button","ariaLabel":"ਫਲੈਸ਼ ਆਟੋ"},{"$i":"switch-camera","$v":"ਕੈਮਰੇ ਦੀ ਚੋਣ"},{"$i":"toggle-camera-rear-button","$v":"ਪਿਛਲਾ ਕੈਮਰਾ"},{"$i":"toggle-camera-front-button","$v":"ਅਗਲਾ ਕੈਮਰਾ"},{"$i":"menu-button","ariaLabel":"ਮੇਨਿਊ"},{"$i":"preview-button","ariaLabel":"ਪ੍ਰੀਵਿਊ"},{"$i":"controls-button-close","ariaLabel":"ਬੰਦ ਕਰੋ"},{"$i":"share-button","ariaLabel":"ਸਾਂਝਾ ਕਰੋ"},{"$i":"more-button","ariaLabel":"ਹੋਰ"},{"$i":"media-frame","ariaLabel":[{"t":"idOrVar","v":"total"}," ਵਿੱਚੋਂ ",{"t":"idOrVar","v":"current"}," ਫਰੇਮ"],"ariaMozHint":"ਅਗਲੇ ਤੇ ਜਾਣ ਲਈ 2 ਉਂਗਲੀਆਂ ਨਾਲ ਖੱਬੇ ਪਾਸੇ ਸਵਾਇਪ ਕਰੋ, ਜਾਂ ਪਿੱਛੇ ਜਾਣ ਲਈ ਸੱਜੇ ਪਾਸੇ ਸਵਾਇਪ ਕਰੋ"},{"$i":"tcl-zoom","$v":"ਜ਼ੂਮ ਕਰੋ"},{"$i":"tcl-zoom-in","$v":"ਜੂਮ ਇਨ ਕਰੋ"},{"$i":"tcl-zoom-out","$v":"ਜੂਮ ਆਊਟ ਕਰੋ"},{"$i":"tcl-share","$v":"ਸਾਂਝਾ ਕਰੋ"},{"$i":"set-as-wallpaper","$v":"ਵਾਲਪੇਪਰ ਦੇ ਤੌਰ ਤੇ ਸੈੱਟ ਕਰੋ"},{"$i":"set","$v":"ਸੈਟ ਕਰੋ"},{"$i":"wallpaper-set","$v":"ਵਾਲਪੇਪਰ ਸੈਟ ਕਰੋ।"},{"$i":"tcl-photo-deleted","$v":"ਫੋਟੋ ਮਿਟਾਈ ਗਈ"},{"$i":"tcl-ok","$v":"ਠੀਕ ਹੈ"},{"$i":"ftu-info","$v":"ਫੋਟੋ ਅਤੇ ਵੀਡੀਓ ਮੋਡ ਵਿਚਕਾਰ ਜਾਣ ਲਈ ਖੱਬੀ ਅਤੇ ਸੱਜੀ ਕੀ ਨੂੰ ਦਬਾਓ।"},{"$i":"tcl-full-screen","$v":"ਫੁਲਸਕਰੀਨ"},{"$i":"tcl-video-deleted","$v":"ਵੀਡਿਓ ਮਿਟਾਈ ਗਈ"},{"$i":"tcl-preview","$v":"ਪ੍ਰੀਵਿਊ"},{"$i":"welcome","$v":"ਕੈਮਰੇ ਵਿੱਚ ਤੁਹਾਡਾ ਸੁਆਗਤ ਹੈ"},{"$i":"ok","$v":"ਠੀਕ ਹੈ"},{"$i":"tcl-option","$v":"ਵਿਕਲਪ"},{"$i":"tcl-camera","$v":"ਕੈਮਰਾ"},{"$i":"tcl-alert-message","$v":"ਮੈਮਰੀ ਕਾਰਡ ਭਰ ਗਿਆ ਹੈ। ਕਿਰਪਾ ਕਰਕੇ ਕੁੱਝ ਫੋਟੋਆਂ ਨੂੰ ਮਿਟਾਓ ਜਾਂ ਇੱਕ ਵੱਖਰਾ ਮੈਮਰੀ ਕਾਰਡ ਪਾਓ ।"},{"$i":"tcl-error-message","$v":"ਤਸਵੀਰ ਸੇਵ ਨਹੀਂ ਹੋਈ। ਇੱਕ ਤਰੁੱਟੀ ਨੇ ਕੈਮਰੇ ਨੂੰ ਤਸਵੀਰ ਨੂੰ ਸੇਵ ਕਰਨ ਤੋਂ ਰੋਕਿਆ ਹੈ।"},{"$i":"tcl-error-file-message","$v":"ਵੀਡਿਓ ਰਿਕਾਰਡ ਨਹੀਂ ਹੋਈ। ਵੀਡਿਓ ਫਾਇਲ ਪਾਥ ਬਣਾਉਣ ਸਮੇਂ ਤਰੁੱਟੀ ਆਈ।"},{"$i":"weekday-0-long","$v":"ਐਤਵਾਰ"},{"$i":"weekday-1-long","$v":"ਸੋਮਵਾਰ"},{"$i":"weekday-2-long","$v":"ਮੰਗਲਵਾਰ"},{"$i":"weekday-3-long","$v":"ਬੁੱਧਵਾਰ"},{"$i":"weekday-4-long","$v":"ਵੀਰਵਾਰ"},{"$i":"weekday-5-long","$v":"ਸ਼ੁੱਕਰਵਾਰ"},{"$i":"weekday-6-long","$v":"ਸ਼ਨੀਵਾਰ"},{"$i":"weekday-0-short","$v":"ਐਤ"},{"$i":"weekday-1-short","$v":"ਸੋਮ"},{"$i":"weekday-2-short","$v":"ਮੰਗਲ"},{"$i":"weekday-3-short","$v":"ਬੁੱਧ"},{"$i":"weekday-4-short","$v":"ਵੀਰ"},{"$i":"weekday-5-short","$v":"ਸ਼ੁੱਕਰਵਾਰ"},{"$i":"weekday-6-short","$v":"ਸ਼ਨੀ"},{"$i":"month-0-long","$v":"ਜਨਵਰੀ"},{"$i":"month-1-long","$v":"ਫਰਵਰੀ"},{"$i":"month-2-long","$v":"ਮਾਰਚ"},{"$i":"month-3-long","$v":"ਅਪ੍ਰੈਲ"},{"$i":"month-4-long","$v":"ਮਈ"},{"$i":"month-5-long","$v":"ਜੂਨ"},{"$i":"month-6-long","$v":"ਜੁਲਾਈ"},{"$i":"month-7-long","$v":"ਅਗਸਤ"},{"$i":"month-8-long","$v":"ਸਤੰਬਰ"},{"$i":"month-9-long","$v":"ਅਕਤੂਬਰ"},{"$i":"month-10-long","$v":"ਨਵੰਬਰ"},{"$i":"month-11-long","$v":"ਦਸੰਬਰ"},{"$i":"month-0-genitive","$v":"ਜਨਵਰੀ"},{"$i":"month-1-genitive","$v":"ਫਰਵਰੀ"},{"$i":"month-2-genitive","$v":"ਮਾਰਚ"},{"$i":"month-3-genitive","$v":"ਅਪ੍ਰੈਲ"},{"$i":"month-4-genitive","$v":"ਮਈ"},{"$i":"month-5-genitive","$v":"ਜੂਨ"},{"$i":"month-6-genitive","$v":"ਜੁਲਾਈ"},{"$i":"month-7-genitive","$v":"ਅਗਸਤ"},{"$i":"month-8-genitive","$v":"ਸਤੰਬਰ"},{"$i":"month-9-genitive","$v":"ਅਕਤੂਬਰ"},{"$i":"month-10-genitive","$v":"ਨਵੰਬਰ"},{"$i":"month-11-genitive","$v":"ਦਸੰਬਰ"},{"$i":"month-0-short","$v":"ਜਨਵਰੀ"},{"$i":"month-1-short","$v":"ਫਰਵਰੀ"},{"$i":"month-2-short","$v":"ਮਾਰਚ"},{"$i":"month-3-short","$v":"ਅਪ੍ਰੈਲ"},{"$i":"month-4-short","$v":"ਮਈ"},{"$i":"month-5-short","$v":"ਜੂਨ"},{"$i":"month-6-short","$v":"ਜੁਲਾਈ"},{"$i":"month-7-short","$v":"ਅਗਸਤ"},{"$i":"month-8-short","$v":"ਸਤੰਬਰ"},{"$i":"month-9-short","$v":"ਅਕਤੂਬਰ"},{"$i":"month-10-short","$v":"ਨਵੰਬਰ"},{"$i":"month-11-short","$v":"ਦਸੰਬਰ"},{"$i":"minutes-ago-long","$v":{"zero":"ਸਿਰਫ਼ ਹੁਣ","one":"ਇੱਕ ਮਿੰਟ ਪਹਿਲਾਂ","two":[{"t":"idOrVar","v":"value"}," ਮਿੰਟ ਪਹਿਲਾਂ"],"few":[{"t":"idOrVar","v":"value"}," ਮਿੰਟ ਪਹਿਲਾਂ"],"many":[{"t":"idOrVar","v":"value"}," ਮਿੰਟ ਪਹਿਲਾਂ"],"other":[{"t":"idOrVar","v":"value"}," ਮਿੰਟ ਪਹਿਲਾਂ"]},"$x":[{"t":"idOrVar","v":"plural"},"value"]},{"$i":"hours-ago-long","$v":{"zero":"ਸਿਰਫ਼ ਹੁਣ","one":"ਇੱਕ ਘੰਟਾ ਪਹਿਲਾਂ","two":[{"t":"idOrVar","v":"value"}," ਘੰਟੇ ਪਹਿਲਾਂ"],"few":[{"t":"idOrVar","v":"value"}," ਘੰਟੇ ਪਹਿਲਾਂ"],"many":[{"t":"idOrVar","v":"value"}," ਘੰਟੇ ਪਹਿਲਾਂ"],"other":[{"t":"idOrVar","v":"value"}," ਘੰਟੇ ਪਹਿਲਾਂ"]},"$x":[{"t":"idOrVar","v":"plural"},"value"]},{"$i":"days-ago-long","$v":{"zero":"ਅੱਜ","one":"ਗੁਜ਼ਰਿਆ ਹੋਇਆ ਕੱਲ","two":[{"t":"idOrVar","v":"value"}," ਦਿਨ ਪਹਿਲਾਂ"],"few":[{"t":"idOrVar","v":"value"}," ਦਿਨ ਪਹਿਲਾਂ"],"many":[{"t":"idOrVar","v":"value"}," ਦਿਨ ਪਹਿਲਾਂ"],"other":[{"t":"idOrVar","v":"value"}," ਦਿਨ ਪਹਿਲਾਂ"]},"$x":[{"t":"idOrVar","v":"plural"},"value"]},{"$i":"weeks-ago-long","$v":{"zero":"ਇਹ ਹਫ਼ਤਾ","one":"ਪਿਛਲਾ ਹਫ਼ਤਾ","two":[{"t":"idOrVar","v":"value"}," ਹਫ਼ਤੇ ਪਹਿਲਾਂ"],"few":[{"t":"idOrVar","v":"value"}," ਹਫ਼ਤੇ ਪਹਿਲਾਂ"],"many":[{"t":"idOrVar","v":"value"}," ਹਫ਼ਤੇ ਪਹਿਲਾਂ"],"other":[{"t":"idOrVar","v":"value"}," ਹਫ਼ਤੇ ਪਹਿਲਾਂ"]},"$x":[{"t":"idOrVar","v":"plural"},"value"]},{"$i":"months-ago-long","$v":{"zero":"ਇਹ ਮਹੀਨਾ","one":"ਪਿਛਲਾ ਮਹੀਨਾ","two":[{"t":"idOrVar","v":"value"}," ਮਹੀਨੇ ਮਹੀਨਾ"],"few":[{"t":"idOrVar","v":"value"}," ਮਹੀਨੇ ਮਹੀਨਾ"],"many":[{"t":"idOrVar","v":"value"}," ਮਹੀਨੇ ਮਹੀਨਾ"],"other":[{"t":"idOrVar","v":"value"}," ਮਹੀਨੇ ਮਹੀਨਾ"]},"$x":[{"t":"idOrVar","v":"plural"},"value"]},{"$i":"years-ago-long","$v":{"zero":"ਇਹ ਸਾਲ","one":"ਪਿਛਲਾ ਸਾਲ","two":[{"t":"idOrVar","v":"value"}," ਸਾਲ ਪਹਿਲਾਂ"],"few":[{"t":"idOrVar","v":"value"}," ਸਾਲ ਪਹਿਲਾਂ"],"many":[{"t":"idOrVar","v":"value"}," ਸਾਲ ਪਹਿਲਾਂ"],"other":[{"t":"idOrVar","v":"value"}," ਸਾਲ ਪਹਿਲਾਂ"]},"$x":[{"t":"idOrVar","v":"plural"},"value"]},{"$i":"minutes-until-long","$v":{"zero":"ਹੁਣ","one":"ਇੱਕ ਮਿੰਟ ਵਿੱਚ","two":[{"t":"idOrVar","v":"value"}," ਮਿੰਟਾਂ ਵਿੱਚ"],"few":[{"t":"idOrVar","v":"value"}," ਮਿੰਟਾਂ ਵਿੱਚ"],"many":[{"t":"idOrVar","v":"value"}," ਮਿੰਟਾਂ ਵਿੱਚ"],"other":[{"t":"idOrVar","v":"value"}," ਮਿੰਟਾਂ ਵਿੱਚ"]},"$x":[{"t":"idOrVar","v":"plural"},"value"]},{"$i":"hours-until-long","$v":{"zero":"ਹੁਣ","one":"ਇੱਕ ਘੰਟੇ ਵਿੱਚ","two":[{"t":"idOrVar","v":"value"}," ਘੰਟਿਆਂ ਵਿੱਚ"],"few":[{"t":"idOrVar","v":"value"}," ਘੰਟਿਆਂ ਵਿੱਚ"],"many":[{"t":"idOrVar","v":"value"}," ਘੰਟਿਆਂ ਵਿੱਚ"],"other":[{"t":"idOrVar","v":"value"}," ਘੰਟਿਆਂ ਵਿੱਚ"]},"$x":[{"t":"idOrVar","v":"plural"},"value"]},{"$i":"days-until-long","$v":{"zero":"ਅੱਜ","one":"ਆਉਣ ਵਾਲਾ ਕੱਲ","two":[{"t":"idOrVar","v":"value"}," ਦਿਨਾਂ ਵਿੱਚ"],"few":[{"t":"idOrVar","v":"value"}," ਦਿਨਾਂ ਵਿੱਚ"],"many":[{"t":"idOrVar","v":"value"}," ਦਿਨਾਂ ਵਿੱਚ"],"other":[{"t":"idOrVar","v":"value"}," ਦਿਨਾਂ ਵਿੱਚ"]},"$x":[{"t":"idOrVar","v":"plural"},"value"]},{"$i":"weeks-until-long","$v":{"zero":"ਇਹ ਹਫ਼ਤਾ","one":"ਅਗਲਾ ਹਫ਼ਤਾ","two":[{"t":"idOrVar","v":"value"}," ਹਫ਼ਤਿਆਂ ਵਿੱਚ"],"few":[{"t":"idOrVar","v":"value"}," ਹਫ਼ਤਿਆਂ ਵਿੱਚ"],"many":[{"t":"idOrVar","v":"value"}," ਹਫ਼ਤਿਆਂ ਵਿੱਚ"],"other":[{"t":"idOrVar","v":"value"}," ਹਫ਼ਤਿਆਂ ਵਿੱਚ"]},"$x":[{"t":"idOrVar","v":"plural"},"value"]},{"$i":"months-until-long","$v":{"zero":"ਇਹ ਮਹੀਨਾ","one":"ਅਗਲਾ ਮਹੀਨਾ","two":[{"t":"idOrVar","v":"value"}," ਮਹੀਨਿਆਂ ਵਿੱਚ"],"few":[{"t":"idOrVar","v":"value"}," ਮਹੀਨਿਆਂ ਵਿੱਚ"],"many":[{"t":"idOrVar","v":"value"}," ਮਹੀਨਿਆਂ ਵਿੱਚ"],"other":[{"t":"idOrVar","v":"value"}," ਮਹੀਨਿਆਂ ਵਿੱਚ"]},"$x":[{"t":"idOrVar","v":"plural"},"value"]},{"$i":"years-until-long","$v":{"zero":"ਇਹ ਸਾਲ","one":"ਅਗਲਾ ਸਾਲ","two":[{"t":"idOrVar","v":"value"}," ਸਾਲਾਂ ਵਿੱਚ"],"few":[{"t":"idOrVar","v":"value"}," ਸਾਲਾਂ ਵਿੱਚ"],"many":[{"t":"idOrVar","v":"value"}," ਸਾਲਾਂ ਵਿੱਚ"],"other":[{"t":"idOrVar","v":"value"}," ਸਾਲਾਂ ਵਿੱਚ"]},"$x":[{"t":"idOrVar","v":"plural"},"value"]},{"$i":"minutes-ago-short","$v":{"zero":"ਸਿਰਫ਼ ਹੁਣ","other":[{"t":"idOrVar","v":"value"}," ਮਿੰਟ ਪਹਿਲਾਂ"]},"$x":[{"t":"idOrVar","v":"plural"},"value"]},{"$i":"hours-ago-short","$v":{"zero":"ਸਿਰਫ਼ ਹੁਣ","other":[{"t":"idOrVar","v":"value"}," ਘੰਟਾ ਪਹਿਲਾਂ"]},"$x":[{"t":"idOrVar","v":"plural"},"value"]},{"$i":"days-ago-short","$v":{"zero":"ਅੱਜ","other":[{"t":"idOrVar","v":"value"}," ਦਿਨ ਪਹਿਲਾਂ"]},"$x":[{"t":"idOrVar","v":"plural"},"value"]},{"$i":"minutes-until-short","$v":{"zero":"ਹੁਣ","other":[{"t":"idOrVar","v":"value"}," ਮਿੰਟ ਵਿੱਚ"]},"$x":[{"t":"idOrVar","v":"plural"},"value"]},{"$i":"hours-until-short","$v":{"zero":"ਹੁਣ","other":[{"t":"idOrVar","v":"value"}," ਘੰਟੇ ਵਿੱਚ"]},"$x":[{"t":"idOrVar","v":"plural"},"value"]},{"$i":"days-until-short","$v":{"zero":"ਅੱਜ","other":[{"t":"idOrVar","v":"value"}," ਦਿਨ ਵਿੱਚ"]},"$x":[{"t":"idOrVar","v":"plural"},"value"]},{"$i":"incorrectDate","$v":"(ਗਲਤ ਮਿਤੀ)"},{"$i":"dateTimeFormat_%c","$v":"%a %b %e %Y %I:%M:%S %p"},{"$i":"dateTimeFormat_%x","$v":"%m/%d/%Y"},{"$i":"dateTimeFormat_%X","$v":"%I:%M:%S %p"},{"$i":"shortTimeFormat","$v":"%I:%M %p"},{"$i":"shortTimeFormat12","$v":"%I:%M %p"},{"$i":"shortTimeFormat24","$v":"%H:%M"},{"$i":"shortDateTimeFormat","$v":"%x %I:%M %p"},{"$i":"weekStartsOnMonday","$v":"0"},{"$i":"firstDayOfTheWeek","$v":"0"},{"$i":"time_am","$v":"AM"},{"$i":"time_pm","$v":"PM"},{"$i":"imageDescription","$v":[{"t":"idOrVar","v":"orientation"}," ਤਸਵੀਰ, %I:%M %p, %B %e, %Y"]},{"$i":"imageDescriptionNoTimestamp","$v":[{"t":"idOrVar","v":"orientation"}," ਤਸਵੀਰ"]},{"$i":"videoDescription","$v":[{"t":"idOrVar","v":"orientation"}," ਵੀਡਿਓ, %I:%M %p, %B %e, %Y"]},{"$i":"videoDescriptionNoTimestamp","$v":[{"t":"idOrVar","v":"orientation"}," ਵੀਡਿਓ"]},{"$i":"orientationPortrait","$v":"ਪੋਰਟਰੇਟ"},{"$i":"orientationLandscape","$v":"ਲੈਂਡਸਕੇਪ"},{"$i":"playbackPlay","ariaLabel":"ਚਲਾਓ"},{"$i":"playbackPause","ariaLabel":"ਰੋਕੋ"},{"$i":"playbackNext","ariaLabel":"ਅਗਲਾ"},{"$i":"playbackPrevious","ariaLabel":"ਪਿਛਲਾ"},{"$i":"playbackFullscreen","ariaLabel":"ਫੁਲਸਕਰੀਨ"},{"$i":"playbackSeekBar","ariaLabel":["ਸੀਕ ਬਾਰ , ਅਵਧੀ ",{"t":"idOrVar","v":"duration"}]}]