[{"$i":"nospace2-title","$v":"मेमोरीकार्डमध्ये पर्याप्तस्थानं नास्ति"},{"$i":"nospace2-text","$v":"आन्तरिकसंग्रहणं पूर्णम् । कृपया कानिचित् चित्राणि अपसातयतु यद्वा मेमोरीकार्ड स्थापयतु।"},{"$i":"confirmation","$v":"अनुमोदनम्"},{"$i":"error-saving-title","$v":"चित्रं न सुरक्षितम्"},{"$i":"error-saving-text","$v":"एका त्रुटिः चित्रस्य रक्षितुं कैमेरां निषेधकृता।"},{"$i":"error-recording-title","$v":"वीडियो रिकॉर्ड नास्ति"},{"$i":"error-recording-text","$v":"एकत्रुटिकारणेन वीडियोरिकॉर्डकर्तुं करणात् कैमरा निषेधकृतः।"},{"$i":"error-video-file-path-title","$v":"वीडियो रिकॉर्ड नास्ति"},{"$i":"error-video-file-path-text","$v":"वीडियो फ़ाइल मार्गस्य निर्माणे त्रुटिः।"},{"$i":"nocard2-title","$v":"मेमोरिकार्ड न प्राप्तम्"},{"$i":"nocard3-text","$v":"मेमोरी कार्ड न प्राप्तम् । चित्राणि नेतुं कृपया एकमेमोरीकार्ड स्थापयतु।"},{"$i":"pluggedin2-title","$v":"फ़ोन प्लग प्रवेशे सति कैमरायाः उपयोगं कर्तुं न शक्यते"},{"$i":"pluggedin2-text","$v":"भण्डारः वर्तमाने उपयोगे अस्ति । कृपया चित्राणि ग्रहितुं दूरभाषम् अनप्लग करोतु।"},{"$i":"storage-size-limit-reached","$v":"भवता मीडियाभंडाराणस्थानात् बहिर्निर्गतम्।"},{"$i":"activity-size-limit-reached","$v":"भवान् एतदनुलग्नकार्थम् अधिकतमं फ़ाइलाकारपर्यन्तं गतवान्।"},{"$i":"camera","$v":"चित्रग्राही"},{"$i":"retake-button","$v":"पुनर्ग्रहणम्"},{"$i":"select-button","$v":"चिनोतु"},{"$i":"close-button","$v":"निवर्त्यताम्"},{"$i":"delete-photo?","$v":"चित्रं अपमर्जतु?"},{"$i":"delete-video?","$v":"वीडियो अपमर्जतु?"},{"$i":"cancel","$v":"निरस्यताम्"},{"$i":"delete","$v":"लुप्यताम्"},{"$i":"mp","$v":"MP"},{"$i":"camera-resolution","$v":"कैमरा सिद्धान्तम्"},{"$i":"camera-resolution-header","$v":[{"t":"idOrVar","v":"camera-resolution"}]},{"$i":"video-resolution","$v":"दृश्यचलितस्य आनन्तर्यम्"},{"$i":"video-resolution-header","$v":[{"t":"idOrVar","v":"video-resolution"}]},{"$i":"scene-mode","$v":"दृश्यावस्था"},{"$i":"scene-mode-header","$v":[{"t":"idOrVar","v":"scene-mode"}]},{"$i":"self-timer","$v":"आत्मघटिका"},{"$i":"self-timer-header","$v":[{"t":"idOrVar","v":"self-timer"}]},{"$i":"self-timer-off","$v":"निष्क्रमणम्"},{"$i":"self-timer-3-seconds","$v":"3 पलम्"},{"$i":"self-timer-5-seconds","$v":"5 पलम्"},{"$i":"self-timer-10-seconds","$v":"10 पलम्"},{"$i":"battery-shutdown-title","$v":"न्यूनविद्युत्कोषः"},{"$i":"battery-shutdown-text","$v":"कैमरायाः उपयोगकर्तुं विद्युत्कोषस्य स्तरं न्यूनमस्ति।"},{"$i":"battery-critical-text","$v":"क्रिटिकली न्यून विद्युत्कोषः"},{"$i":"battery-verylow-text","$v":"10% शेष बैटरी"},{"$i":"battery-low-text","$v":"15% शेष बैटरी"},{"$i":"camera-unavailable-title","$v":"कैमरा अनुपलब्धः वर्तते"},{"$i":"camera-unavailable-text","$v":"अन्यऎपद्वारा कैमरा व्यवहृतः।"},{"$i":"hdr","$v":"HDR"},{"$i":"hdr-header","$v":[{"t":"idOrVar","v":"hdr"}]},{"$i":"hdr-on","$v":"सक्रियम्"},{"$i":"hdr-off","$v":"निष्क्रमणम्"},{"$i":"hdr-deactivated","$v":"(HDR निष्क्रियः)"},{"$i":"grid","$v":"ग्रिड लाइन्स"},{"$i":"grid-header","$v":[{"t":"idOrVar","v":"grid"}]},{"$i":"grid-on","$v":"सक्रियम्"},{"$i":"grid-off","$v":"निष्क्रमणम्"},{"$i":"flash","$v":"तडित्"},{"$i":"flash-on","$v":"सक्रियम्"},{"$i":"flash-off","$v":"निष्क्रमणम्"},{"$i":"flash-auto","$v":"स्वतः"},{"$i":"flash-deactivated","$v":"(फ्लैश निष्क्रियः)"},{"$i":"Photo-Mode","$v":"चित्रं मोड"},{"$i":"Video-Mode","$v":"वीडियोमोड"},{"$i":"options","$v":"विकल्पाः"},{"$i":"open-gallery","$v":"ओपन गैलरी"},{"$i":"preview","$v":"प्राग्दृश्यम्"},{"$i":"tcl-flash","$v":"तडित्"},{"$i":"tcl-hdr","$v":"HDR"},{"$i":"tcl-grid","$v":"ग्रिडम्"},{"$i":"tcl-timer","$v":"आत्मघटिका"},{"$i":"tcl-timer-option","$v":{"zero":[{"t":"idOrVar","v":"n"}," निमेषः"],"one":[{"t":"idOrVar","v":"n"}," निमेषः"],"two":[{"t":"idOrVar","v":"n"}," निमेषाः"],"few":[{"t":"idOrVar","v":"n"}," निमेषाः"],"many":[{"t":"idOrVar","v":"n"}," निमेषाः"],"other":[{"t":"idOrVar","v":"n"}," निमेषाः"]},"$x":[{"t":"idOrVar","v":"plural"},"n"]},{"$i":"tcl-gallery","$v":"विथिका"},{"$i":"tcl-gallery-option","$v":"गैलरीएप्लिकेशने गच्छतु"},{"$i":"tcl-videos","$v":"दृश्यः"},{"$i":"tcl-videos-option","$v":"वीडियो एप्लिकेशनमध्ये गच्छतु"},{"$i":"tcl-on","$v":"सक्रियम्"},{"$i":"tcl-off","$v":"निष्क्रमणम्"},{"$i":"tcl-auto","$v":"स्वतः"},{"$i":"tcl-options","$v":"विकल्पाः"},{"$i":"tcl-camera-mode","$v":"चित्रे स्विचकृतम्"},{"$i":"tcl-video-mode","$v":"वीडियोमध्ये स्विचकृतम्"},{"$i":"tcl-turn-on","$v":"कामोत्तेजितम्।"},{"$i":"tcl-turn-off","$v":"कामोत्तेजितम्।"},{"$i":"tcl-activity-cancel","$v":"निरस्यताम्"},{"$i":"tcl-activity-retake","$v":"पुनर्ग्रहणम्"},{"$i":"activity-done","$v":"कृतम्"},{"$i":"tcl-activity-save","$v":"संरक्षितम्"},{"$i":"tcl-video-saved","$v":"वीडियो सुरक्षितम्"},{"$i":"turn-on","$v":"कामोत्तेजितम्।"},{"$i":"turn-off","$v":"कामोत्तेजितम्।"},{"$i":"switch-modes","$v":"मोडस"},{"$i":"photo-mode","$v":"चित्रं मोड"},{"$i":"video-mode","$v":"वीडियोमोड"},{"$i":"switch-resolution","$v":"सिद्धान्तम्"},{"$i":"low-resolution","$v":"निम्नम्"},{"$i":"medium-resolution","$v":"मध्यमम्"},{"$i":"high-resolution","$v":"उच्चम्"},{"$i":"set-resolution-to","$v":"सिद्धान्तं व्यवस्थापनं प्रति"},{"$i":"pause","$v":"विरमति"},{"$i":"close-menu-button","ariaLabel":"मेनु पिधायतु"},{"$i":"back-button","ariaLabel":"पृष्ठे"},{"$i":"setting-option","ariaLabel":[{"t":"idOrVar","v":"value"}]},{"$i":"setting-option-hdr","ariaLabel":["HDR ",{"t":"idOrVar","v":"value"}]},{"$i":"setting-option-self-timer","ariaLabel":["आत्मघटिका",{"t":"idOrVar","v":"value"}]},{"$i":"setting-option-grid","ariaLabel":["ग्रिड लाइन ",{"t":"idOrVar","v":"value"}]},{"$i":"setting-option-scene-mode","ariaLabel":["दृश्यमोड ",{"t":"idOrVar","v":"value"}]},{"$i":"setting-option-camera-resolution","ariaLabel":["कैमरा रिज़ॉल्यूशन ",{"t":"idOrVar","v":"value"}]},{"$i":"setting-option-video-resolution","ariaLabel":["वीडियो संकल्पम् ",{"t":"idOrVar","v":"value"}]},{"$i":"flash-on-button","ariaLabel":"फ्लैश उद्‍घाटनम्"},{"$i":"flash-off-button","ariaLabel":"फ्लैश पिधानम्"},{"$i":"flash-auto-button","ariaLabel":"फ्लैश ऑटो"},{"$i":"switch-camera","$v":"चित्रग्राहकस्य चयनम्"},{"$i":"toggle-camera-rear-button","$v":"विगतकैमरा"},{"$i":"toggle-camera-front-button","$v":"सम्मुखचित्रग्राहकः"},{"$i":"menu-button","ariaLabel":"विकल्पसूचिः"},{"$i":"preview-button","ariaLabel":"प्राग्दृश्यम्"},{"$i":"controls-button-close","ariaLabel":"निवर्त्यताम्"},{"$i":"share-button","ariaLabel":"सभाज्यताम्"},{"$i":"more-button","ariaLabel":"अधिकम्"},{"$i":"media-frame","ariaLabel":[{"t":"idOrVar","v":"total"}," अस्य फ़्रेम ",{"t":"idOrVar","v":"current"}],"ariaMozHint":"अग्रेगन्तुं कूर्दतुं 2 अंगुलिभिः सह वामतः स्वाइप करोतु, यद्वा पृष्ठभागे कूर्दतुं दक्षिणतः स्वाइप करोतु"},{"$i":"tcl-zoom","$v":"ज़ूम"},{"$i":"tcl-zoom-in","$v":"ज़ूममध्ये प्रवेशः"},{"$i":"tcl-zoom-out","$v":"ज़ूमतः बहिर्गमनम्"},{"$i":"tcl-share","$v":"सभाज्यताम्"},{"$i":"set-as-wallpaper","$v":"पटलचित्ररूपेण व्यवस्थाप्यताम्"},{"$i":"set","$v":"स्थापयतु"},{"$i":"wallpaper-set","$v":"वॉलपेपरं व्यवस्थितम्।"},{"$i":"tcl-photo-deleted","$v":"चित्रं अपमर्जितम्"},{"$i":"tcl-ok","$v":"नुदताम्"},{"$i":"ftu-info","$v":"चित्रं वीडियो च मोडमध्ये स्विचकर्तुं वामतः दक्षिणतः च कुंजी नोदयतु।"},{"$i":"tcl-full-screen","$v":"पूर्ण स्क्रीनः"},{"$i":"tcl-video-deleted","$v":"वीडियो अपसारितम्"},{"$i":"tcl-preview","$v":"प्राग्दृश्यम्"},{"$i":"welcome","$v":"कैमरामध्ये भवतः स्वागतम्"},{"$i":"ok","$v":"नुदताम्"},{"$i":"tcl-option","$v":"विकल्पाः"},{"$i":"tcl-camera","$v":"चित्रग्राही"},{"$i":"tcl-alert-message","$v":"मेमोरीकार्ड पूर्णः । कृपया कानिचित् चित्राणि अपसारयतु यद्वा भिन्नं मेमोरीकार्ड स्थापयतु।"},{"$i":"tcl-error-message","$v":"चित्रं न रक्षितम्। चित्रस्य रक्षणं चित्रग्राहकस्य दोषः अवरोधयति।"},{"$i":"tcl-error-file-message","$v":"वीडियो रिकॉर्ड नाभवत् वीडियो फ़ाइल मार्गनिर्माणे त्रुटिः अस्ति।"},{"$i":"weekday-0-long","$v":"रविवासरः"},{"$i":"weekday-1-long","$v":"सोमवासरः"},{"$i":"weekday-2-long","$v":"मङ्गलवासरः"},{"$i":"weekday-3-long","$v":"बुधवासरः"},{"$i":"weekday-4-long","$v":"गुरुवासरः"},{"$i":"weekday-5-long","$v":"शुक्रवासरः"},{"$i":"weekday-6-long","$v":"शनिवासरः"},{"$i":"weekday-0-short","$v":"रविः"},{"$i":"weekday-1-short","$v":"सोम"},{"$i":"weekday-2-short","$v":"मंगलवारः"},{"$i":"weekday-3-short","$v":"मेल करनम्"},{"$i":"weekday-4-short","$v":"गुरुवारः"},{"$i":"weekday-5-short","$v":"शुक्र"},{"$i":"weekday-6-short","$v":"उपवेशितम्"},{"$i":"month-0-long","$v":"जनवरी"},{"$i":"month-1-long","$v":"फरवरी"},{"$i":"month-2-long","$v":"मार्च"},{"$i":"month-3-long","$v":"अप्रैल"},{"$i":"month-4-long","$v":"मई"},{"$i":"month-5-long","$v":"जून"},{"$i":"month-6-long","$v":"जुलाई"},{"$i":"month-7-long","$v":"अगस्त"},{"$i":"month-8-long","$v":"सितम्बरः"},{"$i":"month-9-long","$v":"अक्टूबरः"},{"$i":"month-10-long","$v":"नवम्बरः"},{"$i":"month-11-long","$v":"दिसम्बरः"},{"$i":"month-0-genitive","$v":"जनवरी"},{"$i":"month-1-genitive","$v":"फरवरी"},{"$i":"month-2-genitive","$v":"मार्च"},{"$i":"month-3-genitive","$v":"अप्रैल"},{"$i":"month-4-genitive","$v":"मई"},{"$i":"month-5-genitive","$v":"जून"},{"$i":"month-6-genitive","$v":"जुलाई"},{"$i":"month-7-genitive","$v":"अगस्त"},{"$i":"month-8-genitive","$v":"सितम्बरः"},{"$i":"month-9-genitive","$v":"अक्टूबरः"},{"$i":"month-10-genitive","$v":"नवम्बरः"},{"$i":"month-11-genitive","$v":"दिसम्बरः"},{"$i":"month-0-short","$v":"जनवरी"},{"$i":"month-1-short","$v":"फेव"},{"$i":"month-2-short","$v":"मार्च"},{"$i":"month-3-short","$v":"अप्रैल"},{"$i":"month-4-short","$v":"मई"},{"$i":"month-5-short","$v":"जनवरी"},{"$i":"month-6-short","$v":"जुलाई"},{"$i":"month-7-short","$v":"अगस्त"},{"$i":"month-8-short","$v":"सितम्बरः"},{"$i":"month-9-short","$v":"अक्टूबरः"},{"$i":"month-10-short","$v":"नवम्बरः"},{"$i":"month-11-short","$v":"डीईसी"},{"$i":"minutes-ago-long","$v":{"zero":"अधुना","one":"एकमिनट पूर्वम्","two":[{"t":"idOrVar","v":"value"}," मिनिटपूर्वम्"],"few":[{"t":"idOrVar","v":"value"}," मिनिटपूर्वम्"],"many":[{"t":"idOrVar","v":"value"}," मिनिटपूर्वम्"],"other":[{"t":"idOrVar","v":"value"}," मिनिटपूर्वम्"]},"$x":[{"t":"idOrVar","v":"plural"},"value"]},{"$i":"hours-ago-long","$v":{"zero":"अधुना","one":"एकघंटा पूर्वम्","two":[{"t":"idOrVar","v":"value"}," घटिकापूर्वम्"],"few":[{"t":"idOrVar","v":"value"}," घटिकापूर्वम्"],"many":[{"t":"idOrVar","v":"value"}," घटिकापूर्वम्"],"other":[{"t":"idOrVar","v":"value"}," घटिकापूर्वम्"]},"$x":[{"t":"idOrVar","v":"plural"},"value"]},{"$i":"days-ago-long","$v":{"zero":"अद्य","one":"ह्यः","two":[{"t":"idOrVar","v":"value"}," दिनपूर्वम्"],"few":[{"t":"idOrVar","v":"value"}," दिनपूर्वम्"],"many":[{"t":"idOrVar","v":"value"}," दिनपूर्वम्"],"other":[{"t":"idOrVar","v":"value"}," दिनपूर्वम्"]},"$x":[{"t":"idOrVar","v":"plural"},"value"]},{"$i":"weeks-ago-long","$v":{"zero":"अस्मिन् सप्ताहे","one":"ह्यः सप्ताहे","two":[{"t":"idOrVar","v":"value"}," सप्ताहपूर्वम्"],"few":[{"t":"idOrVar","v":"value"}," सप्ताहपूर्वम्"],"many":[{"t":"idOrVar","v":"value"}," सप्ताहपूर्वम्"],"other":[{"t":"idOrVar","v":"value"}," सप्ताहपूर्वम्"]},"$x":[{"t":"idOrVar","v":"plural"},"value"]},{"$i":"months-ago-long","$v":{"zero":"अस्मिन् मासे","one":"ह्यः मासे","two":[{"t":"idOrVar","v":"value"}," मासपूर्वम्"],"few":[{"t":"idOrVar","v":"value"}," मासपूर्वम्"],"many":[{"t":"idOrVar","v":"value"}," मासपूर्वम्"],"other":[{"t":"idOrVar","v":"value"}," मासपूर्वम्"]},"$x":[{"t":"idOrVar","v":"plural"},"value"]},{"$i":"years-ago-long","$v":{"zero":"अस्मिन् वर्षे","one":"ह्यः वर्षे","two":[{"t":"idOrVar","v":"value"}," वर्षपूर्वम्"],"few":[{"t":"idOrVar","v":"value"}," वर्षपूर्वम्"],"many":[{"t":"idOrVar","v":"value"}," वर्षपूर्वम्"],"other":[{"t":"idOrVar","v":"value"}," वर्षपूर्वम्"]},"$x":[{"t":"idOrVar","v":"plural"},"value"]},{"$i":"minutes-until-long","$v":{"zero":"अधुना","one":"एकमिनटमध्ये","two":[{"t":"idOrVar","v":"value"}," निमेषात्मके"],"few":[{"t":"idOrVar","v":"value"}," निमेषात्मके"],"many":[{"t":"idOrVar","v":"value"}," निमेषात्मके"],"other":[{"t":"idOrVar","v":"value"}," निमेषात्मके"]},"$x":[{"t":"idOrVar","v":"plural"},"value"]},{"$i":"hours-until-long","$v":{"zero":"अधुना","one":"एकघंटात्मके","two":[{"t":"idOrVar","v":"value"}," घंटात्मके"],"few":[{"t":"idOrVar","v":"value"}," घंटात्मके"],"many":[{"t":"idOrVar","v":"value"}," घंटात्मके"],"other":[{"t":"idOrVar","v":"value"}," घंटात्मके"]},"$x":[{"t":"idOrVar","v":"plural"},"value"]},{"$i":"days-until-long","$v":{"zero":"अद्य","one":"श्वः","two":[{"t":"idOrVar","v":"value"}," दिनात्मके"],"few":[{"t":"idOrVar","v":"value"}," दिनात्मके"],"many":[{"t":"idOrVar","v":"value"}," दिनात्मके"],"other":[{"t":"idOrVar","v":"value"}," दिनात्मके"]},"$x":[{"t":"idOrVar","v":"plural"},"value"]},{"$i":"weeks-until-long","$v":{"zero":"अस्मिन् सप्ताहे","one":"श्वः सप्ताहे","two":[{"t":"idOrVar","v":"value"}," सप्ताहात्मके"],"few":[{"t":"idOrVar","v":"value"}," सप्ताहात्मके"],"many":[{"t":"idOrVar","v":"value"}," सप्ताहात्मके"],"other":[{"t":"idOrVar","v":"value"}," सप्ताहात्मके"]},"$x":[{"t":"idOrVar","v":"plural"},"value"]},{"$i":"months-until-long","$v":{"zero":"अस्मिन् मासे","one":"श्वः मासे","two":[{"t":"idOrVar","v":"value"}," मासात्मके"],"few":[{"t":"idOrVar","v":"value"}," मासात्मके"],"many":[{"t":"idOrVar","v":"value"}," मासात्मके"],"other":[{"t":"idOrVar","v":"value"}," मासात्मके"]},"$x":[{"t":"idOrVar","v":"plural"},"value"]},{"$i":"years-until-long","$v":{"zero":"अस्मिन् वर्षे","one":"श्वः वर्षे","two":[{"t":"idOrVar","v":"value"}," वर्षात्मके"],"few":[{"t":"idOrVar","v":"value"}," वर्षात्मके"],"many":[{"t":"idOrVar","v":"value"}," वर्षात्मके"],"other":[{"t":"idOrVar","v":"value"}," वर्षात्मके"]},"$x":[{"t":"idOrVar","v":"plural"},"value"]},{"$i":"minutes-ago-short","$v":{"zero":"अधुना","other":[{"t":"idOrVar","v":"value"},"m पूर्वम्"]},"$x":[{"t":"idOrVar","v":"plural"},"value"]},{"$i":"hours-ago-short","$v":{"zero":"अधुना","other":[{"t":"idOrVar","v":"value"},"h पूर्वम्"]},"$x":[{"t":"idOrVar","v":"plural"},"value"]},{"$i":"days-ago-short","$v":{"zero":"अद्य","other":[{"t":"idOrVar","v":"value"},"d पूर्वम्"]},"$x":[{"t":"idOrVar","v":"plural"},"value"]},{"$i":"minutes-until-short","$v":{"zero":"अधुना","other":[{"t":"idOrVar","v":"value"}," m"]},"$x":[{"t":"idOrVar","v":"plural"},"value"]},{"$i":"hours-until-short","$v":{"zero":"अधुना","other":[{"t":"idOrVar","v":"value"}," h"]},"$x":[{"t":"idOrVar","v":"plural"},"value"]},{"$i":"days-until-short","$v":{"zero":"अद्य","other":[{"t":"idOrVar","v":"value"}," d"]},"$x":[{"t":"idOrVar","v":"plural"},"value"]},{"$i":"incorrectDate","$v":"(त्रुटिदिनांकः)"},{"$i":"dateTimeFormat_%c","$v":"%a %b %e %Y %I:%M:%S %p"},{"$i":"dateTimeFormat_%x","$v":"%m/%d/%Y"},{"$i":"dateTimeFormat_%X","$v":"%I:%M:%S %p"},{"$i":"shortTimeFormat","$v":"%I:%M %p"},{"$i":"shortTimeFormat12","$v":"%I:%M %p"},{"$i":"shortTimeFormat24","$v":"%H:%M"},{"$i":"shortDateTimeFormat","$v":"%x %I:%M %p"},{"$i":"weekStartsOnMonday","$v":"0"},{"$i":"firstDayOfTheWeek","$v":"0"},{"$i":"time_am","$v":"AM"},{"$i":"time_pm","$v":"PM"},{"$i":"imageDescription","$v":[{"t":"idOrVar","v":"orientation"}," चित्रम्, %I:%M %p, %B %e, %Y"]},{"$i":"imageDescriptionNoTimestamp","$v":[{"t":"idOrVar","v":"orientation"}," चित्रम्"]},{"$i":"videoDescription","$v":[{"t":"idOrVar","v":"orientation"}," वीडियो, %I:%M %p, %B %e, %Y"]},{"$i":"videoDescriptionNoTimestamp","$v":[{"t":"idOrVar","v":"orientation"},"वीडियो"]},{"$i":"orientationPortrait","$v":"छायाचित्रम्"},{"$i":"orientationLandscape","$v":"परिदृश्यम्"},{"$i":"playbackPlay","ariaLabel":"चाल्यताम्"},{"$i":"playbackPause","ariaLabel":"विरमति"},{"$i":"playbackNext","ariaLabel":"अग्रिमम्"},{"$i":"playbackPrevious","ariaLabel":"पूर्वतनम्"},{"$i":"playbackFullscreen","ariaLabel":"सम्पूर्णपटलम्"},{"$i":"playbackSeekBar","ariaLabel":["बारस्य अन्वेषणं करोतु, अवधिः ",{"t":"idOrVar","v":"duration"}]}]