[{"$i":"nospace2-title","$v":"ᱢᱮᱢᱚᱨᱤ ᱠᱟᱨᱰ ᱨᱮ ᱞᱟᱜᱛᱤᱭᱟᱜ ᱡᱟᱭᱜᱟ ᱵᱟᱱᱩᱜ-ᱟ"},{"$i":"nospace2-text","$v":"ᱵᱷᱤᱛᱨᱤ ᱵᱟᱭᱡᱟᱭᱜᱟ ᱫᱚ ᱯᱮᱨᱮᱡ ᱜᱮᱭᱟ. ᱱᱮᱦᱚᱨ ᱢᱮᱴᱟᱣ ᱢᱮ ᱛᱷᱚᱲᱟ ᱪᱤᱛᱟᱹᱨ ᱠᱚ ᱟᱨᱵᱟᱝᱠᱷᱟᱱ ᱟᱫᱮᱨ ᱢᱮ ᱢᱮᱢᱚᱨᱤ ᱠᱟᱨᱰ."},{"$i":"confirmation","$v":"ᱜᱚᱴᱟᱜ ᱠᱟᱱᱟ"},{"$i":"error-saving-title","$v":"ᱪᱤᱛᱟᱹᱨ ᱫᱚ ᱵᱟᱝ ᱡᱚᱜᱟᱣ ᱟᱠᱟᱱᱟ"},{"$i":"error-saving-text","$v":"ᱪᱤᱛᱟᱹᱨ ᱡᱚᱜᱟᱣ ᱟᱠᱟᱱ ᱠᱮᱢᱮᱨᱟ ᱠᱷᱚᱱ ᱵᱷᱩᱞ ᱵᱟᱱᱪᱟᱣ ᱞᱟᱜᱤᱫ."},{"$i":"error-recording-title","$v":"ᱣᱮᱰᱤᱭᱳ ᱫᱚ ᱵᱟᱝ ᱨᱮᱠᱟᱨᱰ ᱟᱠᱟᱱᱟ"},{"$i":"error-recording-text","$v":"ᱵᱮᱰᱤᱭᱳ ᱨᱮᱠᱟᱨᱰᱚᱜ ᱠᱮᱢᱮᱨᱟ ᱠᱷᱚᱱ ᱵᱷᱩᱞ ᱵᱟᱱᱪᱟᱣ ᱞᱟᱜᱤᱫ."},{"$i":"error-video-file-path-title","$v":"ᱣᱮᱰᱤᱭᱳ ᱫᱚ ᱵᱟᱝ ᱨᱮᱠᱟᱨᱰ ᱟᱠᱟᱱᱟ"},{"$i":"error-video-file-path-text","$v":"ᱣᱤᱰᱤᱭᱳ ᱨᱮᱫ ᱰᱟᱦᱟᱨ ᱵᱮᱱᱟᱣ ᱨᱮ ᱵᱷᱩᱞ."},{"$i":"nocard2-title","$v":"ᱢᱮᱢᱚᱨᱤ ᱠᱟᱨᱰ ᱵᱟᱝ ᱧᱟᱢ ᱟᱠᱟᱱᱟ"},{"$i":"nocard3-text","$v":"ᱢᱮᱢᱚᱨᱤ ᱠᱟᱨᱰ ᱫᱚ ᱵᱟᱝ ᱧᱟᱢ ᱞᱮᱱᱟ. ᱪᱤᱛᱟᱹᱨ ᱠᱚ ᱦᱟᱛᱟᱣ ᱞᱟᱜᱤᱫ ᱱᱮᱦᱚᱨ ᱟᱫᱮᱨ ᱢᱮ ᱢᱮᱢᱚᱨᱤ ᱠᱟᱨᱰ."},{"$i":"pluggedin2-title","$v":"ᱠᱮᱢᱮᱨᱟ ᱫᱚ ᱵᱟᱝ ᱵᱮᱵᱷᱟᱨᱚᱜ ᱠᱟᱱᱟ ᱡᱚᱠᱷᱚᱱ ᱯᱷᱹᱚᱱ ᱫᱚ ᱯᱚᱞᱚᱜᱤᱱ ᱟᱠᱟᱱᱟ"},{"$i":"pluggedin2-text","$v":"ᱵᱟᱭᱡᱟᱭᱜᱟ ᱫᱚ ᱦᱟᱞᱤ ᱨᱮ ᱵᱮᱵᱷᱟᱨᱚᱜ ᱠᱟᱱᱟ. ᱱᱮᱦᱚᱨ ᱚᱱᱯᱚᱞᱚᱜ ᱢᱮ ᱯᱷᱹᱚᱱ ᱪᱤᱛᱟᱹᱨ ᱠᱚ ᱦᱟᱛᱟᱣ ᱞᱟᱜᱤᱫ."},{"$i":"storage-size-limit-reached","$v":"ᱟᱢ ᱫᱚ ᱢᱮᱰᱤᱭ ᱵᱟᱭᱡᱟᱜᱟ ᱠᱷᱚᱱ ᱮᱢ ᱵᱟᱦᱨᱮ ᱟᱠᱟᱱᱟ."},{"$i":"activity-size-limit-reached","$v":"ᱟᱢ ᱫᱚ ᱱᱚᱣᱟ ᱞᱟᱲᱜᱟ ᱞᱟᱜᱤᱫ ᱵᱟᱲᱛᱤ ᱠᱷᱚᱱ ᱵᱟᱲᱛᱤ ᱨᱮᱫ ᱨᱮᱭᱜ ᱥᱤᱢᱮᱢ ᱛᱟᱵ ᱟᱠᱟᱫᱟ."},{"$i":"camera","$v":"ᱠᱮᱢᱮᱨᱟ"},{"$i":"retake-button","$v":"ᱫᱚᱦᱚᱲᱟ ᱦᱟᱛᱟᱣ"},{"$i":"select-button","$v":"ᱵᱟᱪᱷᱟᱣ"},{"$i":"close-button","$v":"ᱵᱟᱪᱷᱟᱣ"},{"$i":"delete-photo?","$v":"ᱪᱤᱛᱟᱹᱨ ᱢᱮᱴᱟᱣ?"},{"$i":"delete-video?","$v":"ᱣᱤᱰᱤᱭᱳ ᱢᱮᱴᱟᱣ?"},{"$i":"cancel","$v":"ᱢᱩᱪᱮᱫ"},{"$i":"delete","$v":"ᱢᱮᱴᱟᱣ"},{"$i":"mp","$v":"MP"},{"$i":"camera-resolution","$v":"ᱠᱮᱢᱮᱨᱟ ᱨᱮ ᱨᱮᱡᱩᱞᱩᱥᱚᱱ"},{"$i":"camera-resolution-header","$v":[{"t":"idOrVar","v":"camera-resolution"}]},{"$i":"video-resolution","$v":"ᱣᱤᱰᱤᱭᱳ ᱨᱮᱡᱩᱞᱩᱥᱚᱱ"},{"$i":"video-resolution-header","$v":[{"t":"idOrVar","v":"video-resolution"}]},{"$i":"scene-mode","$v":"ᱧᱮᱞ ᱡᱚᱝ ᱚᱵᱚᱥᱛᱟ"},{"$i":"scene-mode-header","$v":[{"t":"idOrVar","v":"scene-mode"}]},{"$i":"self-timer","$v":"ᱟᱯᱱᱟᱨ-ᱴᱟᱭᱢᱚᱨ"},{"$i":"self-timer-header","$v":[{"t":"idOrVar","v":"self-timer"}]},{"$i":"self-timer-off","$v":"ᱵᱚᱱᱫᱚ"},{"$i":"self-timer-3-seconds","$v":"3 ᱴᱤᱯᱤᱡᱠᱚ"},{"$i":"self-timer-5-seconds","$v":"5 ᱴᱤᱯᱤᱡᱠᱚ"},{"$i":"self-timer-10-seconds","$v":"10 ᱴᱤᱯᱤᱡᱠᱚ"},{"$i":"battery-shutdown-title","$v":"ᱵᱮᱴᱨᱤ ᱠᱚᱢ ᱟᱠᱟᱱᱟ"},{"$i":"battery-shutdown-text","$v":"ᱠᱮᱢᱮᱨᱟ ᱵᱮᱵᱷᱟᱨ ᱞᱟᱜᱤᱫ ᱵᱮᱴᱨᱤ ᱞᱮᱣᱚᱞ ᱫᱚ ᱟᱰᱤ ᱜᱮ ᱠᱚᱢ ᱟᱠᱟᱱᱟ."},{"$i":"battery-critical-text","$v":"ᱠᱨᱤᱴᱤᱠᱚᱞ ᱠᱚᱢ ᱵᱮᱴᱨᱤ"},{"$i":"battery-verylow-text","$v":"10% ᱵᱮᱴᱨᱤ ᱵᱟᱱᱪᱟᱣ ᱟᱠᱟᱱᱟ"},{"$i":"battery-low-text","$v":"15% ᱵᱮᱴᱨᱤ ᱵᱟᱱᱪᱟᱣ ᱟᱠᱟᱱᱟ"},{"$i":"camera-unavailable-title","$v":"ᱠᱮᱢᱮᱨᱟ ᱫᱚ ᱵᱟᱝ ᱧᱟᱢᱚᱜ-ᱟ"},{"$i":"camera-unavailable-text","$v":"ᱠᱮᱢᱮᱨᱟ ᱫᱚ ᱮᱴᱟᱜ ᱮᱯᱞᱤᱠᱮᱥᱚᱱ ᱫᱟᱨᱟᱭ ᱛᱮ ᱵᱮᱵᱷᱨᱚᱜ ᱠᱟᱱᱟ."},{"$i":"hdr","$v":"HDR"},{"$i":"hdr-header","$v":[{"t":"idOrVar","v":"hdr"}]},{"$i":"hdr-on","$v":"ᱨᱮ"},{"$i":"hdr-off","$v":"ᱵᱚᱱᱫᱚ"},{"$i":"hdr-deactivated","$v":"(HDR ᱫᱚ ᱠᱟᱹᱢᱤ ᱨᱮ ᱵᱟᱱᱩᱜ-ᱟ)"},{"$i":"grid","$v":"ᱜᱨᱤᱰ ᱞᱟᱭᱤᱱ"},{"$i":"grid-header","$v":[{"t":"idOrVar","v":"grid"}]},{"$i":"grid-on","$v":"ᱨᱮ"},{"$i":"grid-off","$v":"ᱵᱚᱱᱫᱚ"},{"$i":"flash","$v":"ᱯᱷᱮᱞᱮᱥ"},{"$i":"flash-on","$v":"ᱨᱮ"},{"$i":"flash-off","$v":"ᱵᱚᱱᱫᱚ"},{"$i":"flash-auto","$v":"ᱟᱡ~ᱟᱡ ᱛᱮ"},{"$i":"flash-deactivated","$v":"(ᱯᱷᱹᱮᱞᱮᱥ ᱫᱚ ᱠᱟᱹᱢᱤ ᱨᱮ ᱵᱟᱱᱩᱜ-ᱟ)"},{"$i":"Photo-Mode","$v":"ᱪᱤᱛᱟᱹᱨ ᱚᱵᱚᱥᱛᱟ"},{"$i":"Video-Mode","$v":"ᱣᱤᱰᱤᱭᱳ ᱚᱵᱚᱥᱛᱟ"},{"$i":"options","$v":"ᱵᱤᱠᱟᱞᱚᱯ"},{"$i":"open-gallery","$v":"ᱜᱮᱞᱮᱨᱤ ᱡᱷᱤᱡ ᱢᱮ"},{"$i":"preview","$v":"ᱯᱟᱦᱤᱞ ᱧᱮᱞ"},{"$i":"tcl-flash","$v":"ᱯᱷᱮᱞᱮᱥ"},{"$i":"tcl-hdr","$v":"HDR"},{"$i":"tcl-grid","$v":"ᱜᱨᱤᱰ"},{"$i":"tcl-timer","$v":"ᱟᱯᱱᱟᱨ ᱴᱟᱭᱢᱚᱨ"},{"$i":"tcl-timer-option","$v":{"zero":[{"t":"idOrVar","v":"n"}," ᱫᱩᱥᱟᱨ"],"one":[{"t":"idOrVar","v":"n"}," ᱫᱩᱥᱟᱨ"],"two":[{"t":"idOrVar","v":"n"}," ᱫᱩᱥᱟᱨ ᱠᱚ"],"few":[{"t":"idOrVar","v":"n"}," ᱫᱩᱥᱟᱨ ᱠᱚ"],"many":[{"t":"idOrVar","v":"n"}," ᱫᱩᱥᱟᱨ ᱠᱚ"],"other":[{"t":"idOrVar","v":"n"}," ᱫᱩᱥᱟᱨ ᱠᱚ"]},"$x":[{"t":"idOrVar","v":"plural"},"n"]},{"$i":"tcl-gallery","$v":"ᱜᱮᱞᱮᱨᱤ"},{"$i":"tcl-gallery-option","$v":"ᱜᱮᱞᱮᱨᱤ ᱮᱯᱞᱤᱠᱮᱥᱚᱱ ᱨᱮ ᱪᱟᱞᱟᱜ"},{"$i":"tcl-videos","$v":"ᱣᱤᱰᱤᱭᱳ"},{"$i":"tcl-videos-option","$v":"ᱣᱤᱰᱤᱭᱳ ᱮᱯᱞᱤᱠᱮᱥᱚᱱ ᱨᱮ ᱪᱟᱞᱟᱜ"},{"$i":"tcl-on","$v":"ᱨᱮ"},{"$i":"tcl-off","$v":"ᱵᱚᱱᱫᱚ"},{"$i":"tcl-auto","$v":"ᱟᱡ~ᱟᱡ ᱛᱮ"},{"$i":"tcl-options","$v":"ᱵᱤᱠᱟᱞᱚᱯ"},{"$i":"tcl-camera-mode","$v":"ᱪᱤᱛᱟᱹᱨ ᱨᱮ ᱪᱷᱤᱴᱠᱮᱨ ᱟᱠᱟᱱᱟ"},{"$i":"tcl-video-mode","$v":"ᱣᱤᱰᱤᱭᱳ ᱨᱮ ᱪᱷᱤᱴᱠᱮᱨ ᱟᱠᱟᱱᱟ"},{"$i":"tcl-turn-on","$v":"ᱪᱟᱞᱩ ᱟᱠᱟᱱᱟ."},{"$i":"tcl-turn-off","$v":"ᱵᱚᱱᱫᱚᱭ ᱢᱮ."},{"$i":"tcl-activity-cancel","$v":"ᱢᱩᱪᱮᱫ"},{"$i":"tcl-activity-retake","$v":"ᱫᱚᱦᱚᱲᱟ ᱦᱟᱛᱟᱣ"},{"$i":"activity-done","$v":"ᱦᱚᱭᱱᱟ"},{"$i":"tcl-activity-save","$v":"ᱡᱚᱜᱟᱣᱡᱟᱜᱟ ᱫᱚ ᱵᱟᱝ ᱮᱥᱠᱮᱱ ᱫᱟᱲᱤᱭᱟᱜ-ᱟ."},{"$i":"tcl-video-saved","$v":"ᱣᱤᱰᱤᱭᱳ ᱡᱚᱜᱟᱣ ᱟᱠᱟᱱᱟ"},{"$i":"turn-on","$v":"ᱪᱟᱞᱩ ᱟᱠᱟᱱᱟ."},{"$i":"turn-off","$v":"ᱵᱚᱱᱫᱚᱭ ᱢᱮ."},{"$i":"switch-modes","$v":"ᱢᱳᱰ ᱠᱚ"},{"$i":"photo-mode","$v":"ᱪᱤᱛᱟᱹᱨ ᱚᱵᱚᱥᱛᱟ"},{"$i":"video-mode","$v":"ᱣᱤᱰᱤᱭᱳ ᱚᱵᱚᱥᱛᱟ"},{"$i":"switch-resolution","$v":"ᱨᱮᱡᱩᱞᱩᱥᱚᱱ"},{"$i":"low-resolution","$v":"ᱞᱟᱛᱟᱨ"},{"$i":"medium-resolution","$v":"ᱢᱟᱸᱡᱷᱟᱨᱤ"},{"$i":"high-resolution","$v":"ᱩᱥᱩᱞ"},{"$i":"set-resolution-to","$v":"ᱨᱮᱡᱩᱞᱩᱥᱚᱱ ᱵᱮᱭᱥᱮᱣ ᱞᱟᱜᱤᱫ"},{"$i":"pause","$v":"ᱛᱷᱤᱨ"},{"$i":"close-menu-button","ariaLabel":"ᱢᱮᱱᱩ ᱵᱚᱱᱫᱚ"},{"$i":"back-button","ariaLabel":"ᱨᱩᱣᱮᱲ"},{"$i":"setting-option","ariaLabel":[{"t":"idOrVar","v":"value"}]},{"$i":"setting-option-hdr","ariaLabel":["HDR ",{"t":"idOrVar","v":"value"}]},{"$i":"setting-option-self-timer","ariaLabel":["ᱟᱯᱱᱟᱨ-ᱴᱟᱭᱢᱚᱨ ",{"t":"idOrVar","v":"value"}]},{"$i":"setting-option-grid","ariaLabel":["ᱜᱨᱤᱰ ᱞᱟᱭᱤᱱ ",{"t":"idOrVar","v":"value"}]},{"$i":"setting-option-scene-mode","ariaLabel":["ᱧᱮᱞ ᱡᱚᱝ ᱚᱵᱚᱥᱛᱟ",{"t":"idOrVar","v":"value"}]},{"$i":"setting-option-camera-resolution","ariaLabel":["ᱠᱮᱢᱮᱨᱟ ᱨᱮᱡᱩᱞᱩᱥᱚᱱ ",{"t":"idOrVar","v":"value"}]},{"$i":"setting-option-video-resolution","ariaLabel":["ᱣᱤᱰᱤᱭᱳ ᱨᱮᱡᱩᱞᱩᱥᱚᱱ ",{"t":"idOrVar","v":"value"}]},{"$i":"flash-on-button","ariaLabel":"ᱯᱷᱹᱮᱞᱮᱥ ᱪᱟᱞᱩ"},{"$i":"flash-off-button","ariaLabel":"ᱯᱷᱹᱮᱞᱮᱥ ᱵᱚᱱᱫᱚ"},{"$i":"flash-auto-button","ariaLabel":"ᱯᱷᱹᱮᱞᱮᱥ ᱟᱡ~ᱟᱡ"},{"$i":"switch-camera","$v":"ᱠᱮᱢᱨᱟ ᱵᱟᱪᱷᱟᱣ"},{"$i":"toggle-camera-rear-button","$v":"ᱥᱟᱢᱟᱝ ᱥᱮᱭᱟᱜ ᱠᱮᱢᱮᱨᱟ"},{"$i":"toggle-camera-front-button","$v":"ᱥᱟᱢᱟᱝ ᱠᱮᱢᱮᱨᱟ"},{"$i":"menu-button","ariaLabel":"ᱢᱮᱱᱩ"},{"$i":"preview-button","ariaLabel":"ᱯᱟᱦᱤᱞ ᱧᱮᱞ"},{"$i":"controls-button-close","ariaLabel":"ᱵᱟᱪᱷᱟᱣ"},{"$i":"share-button","ariaLabel":"ᱦᱟᱴᱤᱧ"},{"$i":"more-button","ariaLabel":"ᱵᱟᱲᱛᱤ"},{"$i":"media-frame","ariaLabel":["ᱯᱷᱹᱮᱨᱮᱢ ",{"t":"idOrVar","v":"current"}," ᱨᱮᱭᱟᱜ ",{"t":"idOrVar","v":"total"}],"ariaMozHint":"ᱞᱮᱸᱡᱮᱫ ᱢᱮ ᱮᱛᱚᱢ ᱥᱮᱜ ᱵᱟᱨᱤᱭᱟ ᱠᱟᱴᱤᱯ ᱠᱚ ᱫᱟᱨᱟᱭᱟᱜ ᱨᱮ ᱫᱚᱱ ᱞᱟᱜᱤᱫ, ᱟᱨᱵᱟᱝᱠᱷᱟᱱ ᱞᱮᱸᱡᱮᱫ ᱢᱮ ᱠᱚᱧᱮᱸ ᱥᱮᱜ ᱫᱚᱱ ᱞᱟᱜᱤᱫ ᱯᱟᱨᱚᱢᱟᱜ"},{"$i":"tcl-zoom","$v":"ᱡᱩᱢ"},{"$i":"tcl-zoom-in","$v":"ᱡᱩᱢ ᱟᱫᱮᱨ"},{"$i":"tcl-zoom-out","$v":"ᱡᱩᱢ ᱩᱰᱩᱜ"},{"$i":"tcl-share","$v":"ᱦᱟᱴᱤᱧ"},{"$i":"set-as-wallpaper","$v":"ᱣᱟᱞᱯᱮᱯᱚᱨ ᱵᱮᱭᱥᱮᱣ ᱢᱮ"},{"$i":"set","$v":"ᱵᱮᱭᱥᱮᱣ"},{"$i":"wallpaper-set","$v":"ᱣᱟᱞᱯᱮᱯᱚᱨ ᱵᱮᱭᱥᱮᱣ."},{"$i":"tcl-photo-deleted","$v":"ᱪᱤᱛᱟᱹᱨ ᱢᱮᱴᱟᱣ ᱟᱠᱟᱱᱟ"},{"$i":"tcl-ok","$v":"ᱴᱤᱠ"},{"$i":"ftu-info","$v":"ᱩᱛᱟᱭ ᱢᱮ ᱮᱛᱚᱢ ᱟᱨ ᱠᱚᱧᱮᱸ ᱠᱟᱴᱤ ᱪᱤᱛᱟᱹᱨ ᱟᱨ ᱣᱤᱰᱤᱭᱳ ᱚᱵᱚᱥᱛᱟ ᱛᱟᱞᱟ ᱨᱮ ᱪᱷᱤᱴᱠᱮᱨ ᱞᱟᱜᱤᱫ."},{"$i":"tcl-full-screen","$v":"ᱜᱚᱴᱟ ᱤᱥᱠᱨᱤᱱ"},{"$i":"tcl-video-deleted","$v":"ᱣᱤᱰᱤᱭᱳ ᱢᱮᱴᱟᱣ ᱟᱠᱟᱱᱟ"},{"$i":"tcl-preview","$v":"ᱯᱟᱦᱤᱞ ᱧᱮᱞ"},{"$i":"welcome","$v":"ᱠᱮᱢᱮᱨᱟ ᱞᱟᱜᱤᱫ ᱟᱛᱟᱝ"},{"$i":"ok","$v":"ᱴᱤᱠ"},{"$i":"tcl-option","$v":"ᱵᱤᱠᱟᱞᱚᱯ"},{"$i":"tcl-camera","$v":"ᱠᱮᱢᱮᱨᱟ"},{"$i":"tcl-alert-message","$v":"ᱢᱮᱢᱚᱨᱤ ᱠᱟᱨᱰ ᱫᱚ ᱯᱮᱨᱮᱡ ᱜᱮᱭᱟ. ᱱᱮᱦᱚᱨ ᱢᱮᱴᱟᱣ ᱢᱮ ᱛᱷᱚᱲᱟ ᱪᱤᱛᱟᱹᱨ ᱠᱚ ᱟᱨᱵᱟᱝᱠᱷᱟᱱ ᱮᱴᱟᱜ ᱢᱮᱢᱚᱨᱤ ᱠᱟᱨᱰ."},{"$i":"tcl-error-message","$v":"ᱪᱤᱛᱟᱹᱨ ᱫᱚ ᱵᱟᱝ ᱡᱩᱜᱟᱣ ᱫᱟᱲᱤᱭᱟᱜ-ᱟ, ᱢᱤᱛ ᱵᱷᱩᱞ ᱠᱮᱢᱮᱨᱟ ᱠᱷᱚᱱ ᱪᱤᱛᱟᱹᱨ ᱡᱚᱜᱟᱣᱮ ᱵᱟᱨᱚᱱᱫᱟ᱾"},{"$i":"tcl-error-file-message","$v":"ᱣᱤᱰᱤᱭᱳ ᱫᱚ ᱵᱟᱝ ᱨᱮᱠᱟᱨᱰ ᱟᱠᱟᱱᱟ ᱣᱤᱰᱤᱭᱳ ᱨᱮᱫ ᱰᱟᱦᱟᱨ ᱵᱮᱱᱟᱣ ᱨᱮ ᱵᱷᱩᱞ."},{"$i":"weekday-0-long","$v":"ᱥᱤᱸᱜᱮᱢᱟᱦᱟ"},{"$i":"weekday-1-long","$v":"ᱚᱛᱮᱢᱟᱦᱟ"},{"$i":"weekday-2-long","$v":"ᱵᱟᱞᱮᱢᱟᱦᱟ"},{"$i":"weekday-3-long","$v":"ᱥᱟᱹᱜᱩᱱᱢᱟᱦᱟ"},{"$i":"weekday-4-long","$v":"ᱥᱟᱨᱫᱤᱢᱟᱦᱟ"},{"$i":"weekday-5-long","$v":"ᱡᱟᱨᱩᱢᱢᱟᱦᱟ"},{"$i":"weekday-6-long","$v":"ᱧᱩᱦᱩᱢᱢᱟᱦᱟ"},{"$i":"weekday-0-short","$v":"ᱪᱟᱸᱫᱩ"},{"$i":"weekday-1-short","$v":"ᱢᱳᱱ"},{"$i":"weekday-2-short","$v":"ᱥᱟᱜᱩᱱ"},{"$i":"weekday-3-short","$v":"ᱥᱟᱜᱩᱱ"},{"$i":"weekday-4-short","$v":"ᱛᱷᱩ"},{"$i":"weekday-5-short","$v":"ᱜᱟᱛᱤ"},{"$i":"weekday-6-short","$v":"ᱥᱮᱴ"},{"$i":"month-0-long","$v":"ᱯᱩᱥ"},{"$i":"month-1-long","$v":"ᱢᱟᱜ"},{"$i":"month-2-long","$v":"ᱯᱷᱹᱟᱜᱩᱱ"},{"$i":"month-3-long","$v":"ᱪᱮᱛ"},{"$i":"month-4-long","$v":"ᱵᱮᱭᱥᱮᱠᱷ"},{"$i":"month-5-long","$v":"ᱡᱩᱥᱴᱤ"},{"$i":"month-6-long","$v":"ᱟᱥᱟᱲ"},{"$i":"month-7-long","$v":"ᱥᱚᱨᱟᱵᱚᱱ"},{"$i":"month-8-long","$v":"ᱵᱷᱟᱨᱫᱚᱨ"},{"$i":"month-9-long","$v":"ᱟᱥᱤᱱ"},{"$i":"month-10-long","$v":"ᱠᱟᱨᱛᱤᱠ"},{"$i":"month-11-long","$v":"ᱟᱜᱷᱟᱸᱲ"},{"$i":"month-0-genitive","$v":"ᱯᱩᱥ"},{"$i":"month-1-genitive","$v":"ᱢᱟᱜ"},{"$i":"month-2-genitive","$v":"ᱯᱷᱹᱟᱜᱩᱱ"},{"$i":"month-3-genitive","$v":"ᱪᱮᱛ"},{"$i":"month-4-genitive","$v":"ᱵᱮᱭᱥᱮᱠᱷ"},{"$i":"month-5-genitive","$v":"ᱡᱩᱥᱴᱤ"},{"$i":"month-6-genitive","$v":"ᱟᱥᱟᱲ"},{"$i":"month-7-genitive","$v":"ᱥᱚᱨᱟᱵᱚᱱ"},{"$i":"month-8-genitive","$v":"ᱵᱷᱟᱨᱫᱚᱨ"},{"$i":"month-9-genitive","$v":"ᱟᱥᱤᱱ"},{"$i":"month-10-genitive","$v":"ᱠᱟᱨᱛᱤᱠ"},{"$i":"month-11-genitive","$v":"ᱟᱜᱷᱟᱸᱲ"},{"$i":"month-0-short","$v":"ᱯᱩᱥ"},{"$i":"month-1-short","$v":"ᱢᱟᱜ"},{"$i":"month-2-short","$v":"ᱢᱟᱨ"},{"$i":"month-3-short","$v":"ᱪᱮᱛ"},{"$i":"month-4-short","$v":"ᱵᱮᱭᱥᱮᱠᱷ"},{"$i":"month-5-short","$v":"ᱡᱩᱥᱴᱤ"},{"$i":"month-6-short","$v":"ᱟᱥᱟᱲ"},{"$i":"month-7-short","$v":"ᱥᱚᱨᱟᱵᱚᱱ"},{"$i":"month-8-short","$v":"ᱥᱮᱯ"},{"$i":"month-9-short","$v":"ᱟᱥᱤᱱ"},{"$i":"month-10-short","$v":"ᱠᱟᱨᱛᱤᱠ"},{"$i":"month-11-short","$v":"ᱟᱜᱷᱟᱸᱲ"},{"$i":"minutes-ago-long","$v":{"zero":"ᱧᱤᱛ ᱜᱮ","one":"ᱢᱤᱛ ᱴᱤᱯᱤᱡ ᱞᱟᱦᱟ","two":[{"t":"idOrVar","v":"value"}," ᱪᱟᱞᱟᱣᱮᱱ ᱴᱤᱯᱤᱡ ᱠᱚ"],"few":[{"t":"idOrVar","v":"value"}," ᱪᱟᱞᱟᱣᱮᱱ ᱴᱤᱯᱤᱡ ᱠᱚ"],"many":[{"t":"idOrVar","v":"value"}," ᱪᱟᱞᱟᱣᱮᱱ ᱴᱤᱯᱤᱡ ᱠᱚ"],"other":[{"t":"idOrVar","v":"value"}," ᱪᱟᱞᱟᱣᱮᱱ ᱴᱤᱯᱤᱡ ᱠᱚ"]},"$x":[{"t":"idOrVar","v":"plural"},"value"]},{"$i":"hours-ago-long","$v":{"zero":"ᱧᱤᱛ ᱜᱮ","one":"ᱢᱤᱛ ᱜᱷᱚᱱᱴᱟ ᱞᱟᱦᱟ","two":[{"t":"idOrVar","v":"value"}," ᱪᱟᱞᱟᱣᱮᱱ ᱢᱟᱦᱟ ᱠᱚ"],"few":[{"t":"idOrVar","v":"value"}," ᱪᱟᱞᱟᱣᱮᱱ ᱢᱟᱦᱟ ᱠᱚ"],"many":[{"t":"idOrVar","v":"value"}," ᱪᱟᱞᱟᱣᱮᱱ ᱢᱟᱦᱟ ᱠᱚ"],"other":[{"t":"idOrVar","v":"value"}," ᱪᱟᱞᱟᱣᱮᱱ ᱢᱟᱦᱟ ᱠᱚ"]},"$x":[{"t":"idOrVar","v":"plural"},"value"]},{"$i":"days-ago-long","$v":{"zero":"ᱛᱤᱦᱤᱧ","one":"ᱦᱚᱞᱟ","two":[{"t":"idOrVar","v":"value"}," ᱢᱟᱦᱟ ᱠᱚ ᱞᱟᱦᱟ"],"few":[{"t":"idOrVar","v":"value"}," ᱢᱟᱦᱟ ᱠᱚ ᱞᱟᱦᱟ"],"many":[{"t":"idOrVar","v":"value"}," ᱢᱟᱦᱟ ᱠᱚ ᱞᱟᱦᱟ"],"other":[{"t":"idOrVar","v":"value"}," ᱢᱟᱦᱟ ᱠᱚ ᱞᱟᱦᱟ"]},"$x":[{"t":"idOrVar","v":"plural"},"value"]},{"$i":"weeks-ago-long","$v":{"zero":"ᱱᱚᱣᱟ ᱦᱚᱯᱛᱟ","one":"ᱢᱩᱪᱮᱫ ᱦᱚᱯᱛᱟ","two":[{"t":"idOrVar","v":"value"}," ᱪᱟᱞᱟᱣᱮᱱ ᱦᱚᱯᱛᱟ"],"few":[{"t":"idOrVar","v":"value"}," ᱪᱟᱞᱟᱣᱮᱱ ᱦᱚᱯᱛᱟ"],"many":[{"t":"idOrVar","v":"value"}," ᱪᱟᱞᱟᱣᱮᱱ ᱦᱚᱯᱛᱟ"],"other":[{"t":"idOrVar","v":"value"}," ᱪᱟᱞᱟᱣᱮᱱ ᱦᱚᱯᱛᱟ"]},"$x":[{"t":"idOrVar","v":"plural"},"value"]},{"$i":"months-ago-long","$v":{"zero":"ᱱᱚᱣᱟ ᱪᱟᱸᱫᱩ","one":"ᱢᱩᱪᱮᱫ ᱪᱟᱸᱫᱩ","two":[{"t":"idOrVar","v":"value"}," ᱪᱟᱞᱟᱣᱮᱱ ᱪᱟᱸᱫᱩ ᱠᱚ"],"few":[{"t":"idOrVar","v":"value"}," ᱪᱟᱞᱟᱣᱮᱱ ᱪᱟᱸᱫᱩ ᱠᱚ"],"many":[{"t":"idOrVar","v":"value"}," ᱪᱟᱞᱟᱣᱮᱱ ᱪᱟᱸᱫᱩ ᱠᱚ"],"other":[{"t":"idOrVar","v":"value"}," ᱪᱟᱞᱟᱣᱮᱱ ᱪᱟᱸᱫᱩ ᱠᱚ"]},"$x":[{"t":"idOrVar","v":"plural"},"value"]},{"$i":"years-ago-long","$v":{"zero":"ᱱᱚᱣᱟ ᱥᱮᱨᱢᱟ","one":"ᱢᱩᱪᱮᱫ ᱵᱚᱪᱷᱚᱨ","two":[{"t":"idOrVar","v":"value"}," ᱪᱟᱞᱟᱣᱮᱱ ᱥᱮᱨᱢᱟ"],"few":[{"t":"idOrVar","v":"value"}," ᱪᱟᱞᱟᱣᱮᱱ ᱥᱮᱨᱢᱟ"],"many":[{"t":"idOrVar","v":"value"}," ᱪᱟᱞᱟᱣᱮᱱ ᱥᱮᱨᱢᱟ"],"other":[{"t":"idOrVar","v":"value"}," ᱪᱟᱞᱟᱣᱮᱱ ᱥᱮᱨᱢᱟ"]},"$x":[{"t":"idOrVar","v":"plural"},"value"]},{"$i":"minutes-until-long","$v":{"zero":"ᱧᱤᱛ","one":"ᱴᱤᱯᱤᱡ ᱨᱮ","two":["ᱨᱮ ",{"t":"idOrVar","v":"value"}," ᱴᱤᱯᱤᱡ ᱠᱚ"],"few":["ᱨᱮ ",{"t":"idOrVar","v":"value"}," ᱴᱤᱯᱤᱡ ᱠᱚ"],"many":["ᱨᱮ ",{"t":"idOrVar","v":"value"}," ᱴᱤᱯᱤᱡ ᱠᱚ"],"other":["ᱨᱮ ",{"t":"idOrVar","v":"value"}," ᱴᱤᱯᱤᱡ ᱠᱚ"]},"$x":[{"t":"idOrVar","v":"plural"},"value"]},{"$i":"hours-until-long","$v":{"zero":"ᱧᱤᱛ","one":"ᱜᱷᱚᱱᱴᱟ ᱨᱮ","two":["ᱨᱮ ",{"t":"idOrVar","v":"value"}," ᱜᱷᱚᱱᱴᱟ ᱠᱚ"],"few":["ᱨᱮ ",{"t":"idOrVar","v":"value"}," ᱜᱷᱚᱱᱴᱟ ᱠᱚ"],"many":["ᱨᱮ ",{"t":"idOrVar","v":"value"}," ᱜᱷᱚᱱᱴᱟ ᱠᱚ"],"other":["ᱨᱮ ",{"t":"idOrVar","v":"value"}," ᱜᱷᱚᱱᱴᱟ ᱠᱚ"]},"$x":[{"t":"idOrVar","v":"plural"},"value"]},{"$i":"days-until-long","$v":{"zero":"ᱛᱤᱦᱤᱧ","one":"ᱜᱟᱯᱟ","two":["ᱨᱮ ",{"t":"idOrVar","v":"value"}," ᱢᱟᱦᱟ ᱠᱚ"],"few":["ᱨᱮ ",{"t":"idOrVar","v":"value"}," ᱢᱟᱦᱟ ᱠᱚ"],"many":["ᱨᱮ ",{"t":"idOrVar","v":"value"}," ᱢᱟᱦᱟ ᱠᱚ"],"other":["ᱨᱮ ",{"t":"idOrVar","v":"value"}," ᱢᱟᱦᱟ ᱠᱚ"]},"$x":[{"t":"idOrVar","v":"plural"},"value"]},{"$i":"weeks-until-long","$v":{"zero":"ᱱᱚᱣᱟ ᱦᱚᱯᱛᱟ","one":"ᱫᱟᱨᱟᱭ ᱠᱟᱱ ᱦᱚᱯᱛᱟ","two":["ᱨᱮ ",{"t":"idOrVar","v":"value"}," ᱦᱚᱯᱛᱟ ᱠᱚ"],"few":["ᱨᱮ ",{"t":"idOrVar","v":"value"}," ᱦᱚᱯᱛᱟ ᱠᱚ"],"many":["ᱨᱮ ",{"t":"idOrVar","v":"value"}," ᱦᱚᱯᱛᱟ ᱠᱚ"],"other":["ᱨᱮ ",{"t":"idOrVar","v":"value"}," ᱦᱚᱯᱛᱟ ᱠᱚ"]},"$x":[{"t":"idOrVar","v":"plural"},"value"]},{"$i":"months-until-long","$v":{"zero":"ᱱᱚᱣᱟ ᱪᱟᱸᱫᱩ","one":"ᱫᱟᱨᱟᱭ ᱠᱟᱱ ᱪᱟᱸᱫᱩ","two":["ᱨᱮ ",{"t":"idOrVar","v":"value"}," ᱪᱟᱸᱫᱩ ᱠᱚ"],"few":["ᱨᱮ ",{"t":"idOrVar","v":"value"}," ᱪᱟᱸᱫᱩ ᱠᱚ"],"many":["ᱨᱮ ",{"t":"idOrVar","v":"value"}," ᱪᱟᱸᱫᱩ ᱠᱚ"],"other":["ᱨᱮ ",{"t":"idOrVar","v":"value"}," ᱪᱟᱸᱫᱩ ᱠᱚ"]},"$x":[{"t":"idOrVar","v":"plural"},"value"]},{"$i":"years-until-long","$v":{"zero":"ᱱᱚᱣᱟ ᱥᱮᱨᱢᱟ","one":"ᱫᱟᱨᱟᱭ ᱠᱟᱱ ᱥᱮᱨᱢᱟ","two":["ᱨᱮ ",{"t":"idOrVar","v":"value"}," ᱥᱮᱨᱢᱟ ᱠᱚ"],"few":["ᱨᱮ ",{"t":"idOrVar","v":"value"}," ᱥᱮᱨᱢᱟ ᱠᱚ"],"many":["ᱨᱮ ",{"t":"idOrVar","v":"value"}," ᱥᱮᱨᱢᱟ ᱠᱚ"],"other":["ᱨᱮ ",{"t":"idOrVar","v":"value"}," ᱥᱮᱨᱢᱟ ᱠᱚ"]},"$x":[{"t":"idOrVar","v":"plural"},"value"]},{"$i":"minutes-ago-short","$v":{"zero":"ᱧᱤᱛ ᱜᱮ","other":[{"t":"idOrVar","v":"value"}," ᱪᱟᱞᱟᱣ ᱴ"]},"$x":[{"t":"idOrVar","v":"plural"},"value"]},{"$i":"hours-ago-short","$v":{"zero":"ᱧᱤᱛ ᱜᱮ","other":[{"t":"idOrVar","v":"value"}," ᱪᱟᱞᱟᱣᱮᱱ ᱜ"]},"$x":[{"t":"idOrVar","v":"plural"},"value"]},{"$i":"days-ago-short","$v":{"zero":"ᱛᱤᱦᱤᱧ","other":[{"t":"idOrVar","v":"value"}," ᱪᱟᱞᱟᱣᱮᱱ ᱢ"]},"$x":[{"t":"idOrVar","v":"plural"},"value"]},{"$i":"minutes-until-short","$v":{"zero":"ᱧᱤᱛ","other":["ᱨᱮ ",{"t":"idOrVar","v":"value"},"ᱴ"]},"$x":[{"t":"idOrVar","v":"plural"},"value"]},{"$i":"hours-until-short","$v":{"zero":"ᱧᱤᱛ","other":["ᱨᱮ ",{"t":"idOrVar","v":"value"},"ᱜ"]},"$x":[{"t":"idOrVar","v":"plural"},"value"]},{"$i":"days-until-short","$v":{"zero":"ᱛᱤᱦᱤᱧ","other":["ᱨᱮ ",{"t":"idOrVar","v":"value"},"ᱢ"]},"$x":[{"t":"idOrVar","v":"plural"},"value"]},{"$i":"incorrectDate","$v":"(ᱛᱨᱤᱠᱷ ᱫᱚ ᱵᱷᱩᱞ ᱜᱮᱭᱟ)"},{"$i":"dateTimeFormat_%c","$v":"%a %b %e %Y %I:%M:%S %p"},{"$i":"dateTimeFormat_%x","$v":"%m/%d/%Y"},{"$i":"dateTimeFormat_%X","$v":"%I:%M:%S %p"},{"$i":"shortTimeFormat","$v":"%I:%M %p"},{"$i":"shortTimeFormat12","$v":"%I:%M %p"},{"$i":"shortTimeFormat24","$v":"%H:%M"},{"$i":"shortDateTimeFormat","$v":"%x %I:%M %p"},{"$i":"weekStartsOnMonday","$v":"0"},{"$i":"firstDayOfTheWeek","$v":"0"},{"$i":"time_am","$v":"AM"},{"$i":"time_pm","$v":"PM"},{"$i":"imageDescription","$v":[{"t":"idOrVar","v":"orientation"}," ᱪᱤᱛᱟᱹᱨ, %I:%M %p, %B %e, %Y"]},{"$i":"imageDescriptionNoTimestamp","$v":[{"t":"idOrVar","v":"orientation"}," ᱪᱤᱛᱟᱹᱨ"]},{"$i":"videoDescription","$v":[{"t":"idOrVar","v":"orientation"}," ᱣᱤᱰᱤᱭᱳ, %I:%M %p, %B %e, %Y"]},{"$i":"videoDescriptionNoTimestamp","$v":[{"t":"idOrVar","v":"orientation"}," ᱣᱤᱰᱤᱭᱳ"]},{"$i":"orientationPortrait","$v":"ᱯᱚᱨᱴᱨᱮᱴ"},{"$i":"orientationLandscape","$v":"ᱜᱟᱸᱰᱤ ᱛᱮ"},{"$i":"playbackPlay","ariaLabel":"ᱪᱟᱞᱩ"},{"$i":"playbackPause","ariaLabel":"ᱛᱷᱤᱨ"},{"$i":"playbackNext","ariaLabel":"ᱫᱟᱨᱟᱭᱟᱜ"},{"$i":"playbackPrevious","ariaLabel":"ᱛᱟᱭᱚᱢᱟᱜ"},{"$i":"playbackFullscreen","ariaLabel":"ᱤᱥᱠᱤᱨᱤᱱ ᱯᱨᱮᱡ"},{"$i":"playbackSeekBar","ariaLabel":["ᱵᱟᱨ ᱧᱮᱞ ᱢᱮ, ᱚᱠᱛᱮ ",{"t":"idOrVar","v":"duration"}]}]