[{"$i":"nospace2-title","$v":"मीमॿीहर कार्डु ते काफ़ी जॻह नाहे"},{"$i":"nospace2-text","$v":"अंदिरूनी ज़ख़ीरो भरियल आहे  . महिरबानी करे कुझु फ़ोटो हज़फ़ कर्यो या हिक मीमॿीहर कार्डु दाख़िलु कर्यो ."},{"$i":"confirmation","$v":"तसिदीक़"},{"$i":"error-saving-title","$v":"तस्वीर महफूज़ु न थी"},{"$i":"error-saving-text","$v":"हिक नुक़्सु कैमेरा खे तस्वीर महफूज़ु करणु खां रोकियो ."},{"$i":"error-recording-title","$v":"विडियो रिकार्ड न थी"},{"$i":"error-recording-text","$v":"हिक नुक़्सु कैमेरा खे विडियो रिकार्ड करणु खां रोकियो ."},{"$i":"error-video-file-path-title","$v":"विडियो रिकार्ड न थी"},{"$i":"error-video-file-path-text","$v":"विडियो फाईल पाथ ठाहिण में नुक़्सु ."},{"$i":"nocard2-title","$v":"को बि मीमॿीहर कार्डु न मिल्यो"},{"$i":"nocard3-text","$v":"मीमॿीहर कार्डु नथो मिली .  महिरबानी करे तस्वीरूं कढणु लाइ मीमॿीहर कार्डु दाख़िलु कर्यो ."},{"$i":"pluggedin2-title","$v":"फ़ोनु प्लग उन हुजण दौरान कैमेरा इस्तेमाल नथ करे सघिजे"},{"$i":"pluggedin2-text","$v":"हुन वक़्ति ज़ख़ीरो इस्तेमाल में आहे .  तस्वीरूं वठणु लाइ महिरबानी करे फ़ोनु उन प्लग कर्यो ."},{"$i":"storage-size-limit-reached","$v":"तवहां वटि मीडिया असटोरीज जॻह ख़तमु थी वई आहे ."},{"$i":"activity-size-limit-reached","$v":"तवहां हिन मुंसलिक लाइ वधि में वधि फाईल साईज़ ताईं पहुचे व्या आहियो ."},{"$i":"camera","$v":"केमेरा"},{"$i":"retake-button","$v":"ॿीहर टेक कर्यो"},{"$i":"select-button","$v":"चूंडियो"},{"$i":"close-button","$v":"बंद"},{"$i":"delete-photo?","$v":"फ़ोटो हज़फ़ कर्यो?"},{"$i":"delete-video?","$v":"विडियो हज़फ़ कर्यो?"},{"$i":"cancel","$v":"मंसूख़ कर्यो"},{"$i":"delete","$v":"रदि"},{"$i":"mp","$v":"MP"},{"$i":"camera-resolution","$v":"कैमेरा रैज़ोलीयूशन"},{"$i":"camera-resolution-header","$v":[{"t":"idOrVar","v":"camera-resolution"}]},{"$i":"video-resolution","$v":"विडियो रिजोलयूंशन"},{"$i":"video-resolution-header","$v":[{"t":"idOrVar","v":"video-resolution"}]},{"$i":"scene-mode","$v":"सिन तरिको"},{"$i":"scene-mode-header","$v":[{"t":"idOrVar","v":"scene-mode"}]},{"$i":"self-timer","$v":"सेल्फ-टाइमर"},{"$i":"self-timer-header","$v":[{"t":"idOrVar","v":"self-timer"}]},{"$i":"self-timer-off","$v":"बंद"},{"$i":"self-timer-3-seconds","$v":"3 सेकंड"},{"$i":"self-timer-5-seconds","$v":"5 सेकंड"},{"$i":"self-timer-10-seconds","$v":"10 सेकंड"},{"$i":"battery-shutdown-title","$v":"घटि बैटिरी"},{"$i":"battery-shutdown-text","$v":"कैमेरा इस्तेमाल करणु लाइ बैटिरी लेवल तमामु घटि आहे ."},{"$i":"battery-critical-text","$v":"शदीद घटि पीटरी"},{"$i":"battery-verylow-text","$v":"10% बैटिरी बची थी"},{"$i":"battery-low-text","$v":"15% बैटिरी बची थी"},{"$i":"camera-unavailable-title","$v":"कैमेरा मौजूदु नाहे"},{"$i":"camera-unavailable-text","$v":"कैमेरा ॿी अइप पारां इस्तइमाल में आहे ."},{"$i":"hdr","$v":"HDR"},{"$i":"hdr-header","$v":[{"t":"idOrVar","v":"hdr"}]},{"$i":"hdr-on","$v":"मथे"},{"$i":"hdr-off","$v":"बंद"},{"$i":"hdr-deactivated","$v":"(HDR ग़ैरु फ़आल थी)"},{"$i":"grid","$v":"ग्रिड लाईनूं"},{"$i":"grid-header","$v":[{"t":"idOrVar","v":"grid"}]},{"$i":"grid-on","$v":"मथे"},{"$i":"grid-off","$v":"बंद"},{"$i":"flash","$v":"फलेश"},{"$i":"flash-on","$v":"मथे"},{"$i":"flash-off","$v":"बंद"},{"$i":"flash-auto","$v":"पहिंजेपाण"},{"$i":"flash-deactivated","$v":"(फ्लैश ग़ैरु फ़आल थियो)"},{"$i":"Photo-Mode","$v":"फ़ोटो मूड"},{"$i":"Video-Mode","$v":"विडियो मूड"},{"$i":"options","$v":"इख़्तियारु"},{"$i":"open-gallery","$v":"गैलिरी खोलियो"},{"$i":"preview","$v":"नमुनाईतो नजारो"},{"$i":"tcl-flash","$v":"फलेश"},{"$i":"tcl-hdr","$v":"HDR"},{"$i":"tcl-grid","$v":"ग्रिड"},{"$i":"tcl-timer","$v":"सेल्फ टाइमर"},{"$i":"tcl-timer-option","$v":{"zero":[{"t":"idOrVar","v":"n"}," सेकंडु"],"one":[{"t":"idOrVar","v":"n"}," सेकंडु"],"two":[{"t":"idOrVar","v":"n"}," सेकंडु"],"few":[{"t":"idOrVar","v":"n"}," सेकंडु"],"many":[{"t":"idOrVar","v":"n"}," सेकंडु"],"other":[{"t":"idOrVar","v":"n"}," सेकंडु"]},"$x":[{"t":"idOrVar","v":"plural"},"n"]},{"$i":"tcl-gallery","$v":"गेलिरी"},{"$i":"tcl-gallery-option","$v":"गैलिरी एपली किशन ॾांहुं वञो"},{"$i":"tcl-videos","$v":"विडियो"},{"$i":"tcl-videos-option","$v":"विडियो एपली केशन ॾांहुं वञो"},{"$i":"tcl-on","$v":"मथे"},{"$i":"tcl-off","$v":"बंद"},{"$i":"tcl-auto","$v":"पहिंजेपाण"},{"$i":"tcl-options","$v":"इख़्तियारु"},{"$i":"tcl-camera-mode","$v":"फ़ोटो ॾांहुं सोइच थियो"},{"$i":"tcl-video-mode","$v":"विडियो ॾांहुं सोइच थियो"},{"$i":"tcl-turn-on","$v":"खुलियलु ."},{"$i":"tcl-turn-off","$v":"बंदु थियल ."},{"$i":"tcl-activity-cancel","$v":"मंसूख़ कर्यो"},{"$i":"tcl-activity-retake","$v":"ॿीहर टेक कर्यो"},{"$i":"activity-done","$v":"पुरो थियो"},{"$i":"tcl-activity-save","$v":"साघो"},{"$i":"tcl-video-saved","$v":"विडियो महफूज़ु थी"},{"$i":"turn-on","$v":"खुलियलु ."},{"$i":"turn-off","$v":"बंदु थियल ."},{"$i":"switch-modes","$v":"मूड"},{"$i":"photo-mode","$v":"फ़ोटो मूड"},{"$i":"video-mode","$v":"विडियो मूड"},{"$i":"switch-resolution","$v":"रिज़व्ल्यूशन"},{"$i":"low-resolution","$v":"घटि"},{"$i":"medium-resolution","$v":"विचोलो"},{"$i":"high-resolution","$v":"वधीक"},{"$i":"set-resolution-to","$v":"ॾांहुं रिज़व्ल्यूशन सीट आहे"},{"$i":"pause","$v":"वक़फ़ो"},{"$i":"close-menu-button","ariaLabel":"मेन्यू बंदु कर्यो"},{"$i":"back-button","ariaLabel":"वापसि"},{"$i":"setting-option","ariaLabel":[{"t":"idOrVar","v":"value"}]},{"$i":"setting-option-hdr","ariaLabel":["HDR ",{"t":"idOrVar","v":"value"}]},{"$i":"setting-option-self-timer","ariaLabel":["सेल्फ-टाइमर ",{"t":"idOrVar","v":"value"}]},{"$i":"setting-option-grid","ariaLabel":["ग्रिड लाईनूं ",{"t":"idOrVar","v":"value"}]},{"$i":"setting-option-scene-mode","ariaLabel":["सैन मूड ",{"t":"idOrVar","v":"value"}]},{"$i":"setting-option-camera-resolution","ariaLabel":["कैमेरा रैज़ोलीयूशन ",{"t":"idOrVar","v":"value"}]},{"$i":"setting-option-video-resolution","ariaLabel":["विडियो रैज़ोलीयूशन ",{"t":"idOrVar","v":"value"}]},{"$i":"flash-on-button","ariaLabel":"फ्लैश आन"},{"$i":"flash-off-button","ariaLabel":"फ्लैश ऑफ़"},{"$i":"flash-auto-button","ariaLabel":"फ्लैश ख़ुदकार"},{"$i":"switch-camera","$v":"कैमेरा जी चूंड"},{"$i":"toggle-camera-rear-button","$v":"पोएं कैमेरा"},{"$i":"toggle-camera-front-button","$v":"अग॒या केमेरा"},{"$i":"menu-button","ariaLabel":"मेनु"},{"$i":"preview-button","ariaLabel":"नमुनाईतो नजारो"},{"$i":"controls-button-close","ariaLabel":"बंद"},{"$i":"share-button","ariaLabel":"वर्च"},{"$i":"more-button","ariaLabel":"वधीक"},{"$i":"media-frame","ariaLabel":[{"t":"idOrVar","v":"total"}," जा ",{"t":"idOrVar","v":"current"}," फ्रे़म"],"ariaMozHint":"अॻियनि ॾांहुं टिपु ॾियणु लाइ 2 आङरीन सां खाॿे तरफ़ स्वाइप कर्यो, या पोएं ॾांहुं टिपु ॾियणु लाइ साॼी तरफ़ स्वाइप कर्यो"},{"$i":"tcl-zoom","$v":"ज़ूम"},{"$i":"tcl-zoom-in","$v":"ज़ूम उन"},{"$i":"tcl-zoom-out","$v":"ज़ूम आऊट"},{"$i":"tcl-share","$v":"वर्च"},{"$i":"set-as-wallpaper","$v":"वालपेपर जियं सेट कयो"},{"$i":"set","$v":"तरतीब"},{"$i":"wallpaper-set","$v":"वाल पेपर सीट ."},{"$i":"tcl-photo-deleted","$v":"फ़ोटो हज़फ़ थियो"},{"$i":"tcl-ok","$v":"ठीक"},{"$i":"ftu-info","$v":"फ़ोटो ऐं विडियो मूड विचां सोइच करणु लाइ खाॿे ऐं साॼी के दॿायो ."},{"$i":"tcl-full-screen","$v":"मुकमिलु स्क्रीन"},{"$i":"tcl-video-deleted","$v":"विडियो हज़फ़ थी"},{"$i":"tcl-preview","$v":"नमुनाईतो नजारो"},{"$i":"welcome","$v":"कैमेरा ॾांहुं भलीकार"},{"$i":"ok","$v":"ठीक"},{"$i":"tcl-option","$v":"इख़्तियारु"},{"$i":"tcl-camera","$v":"केमेरा"},{"$i":"tcl-alert-message","$v":"मीमॿीहर कार्डु भरियल आहे .  महिरबानी करे कुझु फ़ोटो हज़फ़ कर्यो या हिक मुख़्तलिफ़ मीमॿीहर कार्डु दाख़िलु कर्यो ."},{"$i":"tcl-error-message","$v":"तस्वीर महफ़ोत न थी हिक नुक़्सु तस्वीर महफूज़ु करणु खां कैमेरा खे रोकियो."},{"$i":"tcl-error-file-message","$v":"विडियो रिकार्ड न थी विडियो फाईल पाथ ठाहिण में नुक़्सु ."},{"$i":"weekday-0-long","$v":"आर्तवारु"},{"$i":"weekday-1-long","$v":"सुमर"},{"$i":"weekday-2-long","$v":"मंगल"},{"$i":"weekday-3-long","$v":"बु॒धर"},{"$i":"weekday-4-long","$v":"विशपत"},{"$i":"weekday-5-long","$v":"जुमो"},{"$i":"weekday-6-long","$v":"छंछरु"},{"$i":"weekday-0-short","$v":"आचरु"},{"$i":"weekday-1-short","$v":"सूमरु"},{"$i":"weekday-2-short","$v":"अङारो"},{"$i":"weekday-3-short","$v":"अर्बा"},{"$i":"weekday-4-short","$v":"ख़मीस"},{"$i":"weekday-5-short","$v":"जमावं"},{"$i":"weekday-6-short","$v":"छंछरु"},{"$i":"month-0-long","$v":"जनॿीहर"},{"$i":"month-1-long","$v":"फ़ीबरॿीहर"},{"$i":"month-2-long","$v":"मार्चु"},{"$i":"month-3-long","$v":"अप्रेलु"},{"$i":"month-4-long","$v":"मुई"},{"$i":"month-5-long","$v":"जूनि"},{"$i":"month-6-long","$v":"जूलाइ"},{"$i":"month-7-long","$v":"आगस्टु"},{"$i":"month-8-long","$v":"सेप्टेम्बरु"},{"$i":"month-9-long","$v":"आक्टोबरु"},{"$i":"month-10-long","$v":"नवम्बरु"},{"$i":"month-11-long","$v":"डिसम्बरु"},{"$i":"month-0-genitive","$v":"जनॿीहर"},{"$i":"month-1-genitive","$v":"फ़ीबरॿीहर"},{"$i":"month-2-genitive","$v":"मार्चु"},{"$i":"month-3-genitive","$v":"अप्रेलु"},{"$i":"month-4-genitive","$v":"मुई"},{"$i":"month-5-genitive","$v":"जूनि"},{"$i":"month-6-genitive","$v":"जूलाइ"},{"$i":"month-7-genitive","$v":"आगस्टु"},{"$i":"month-8-genitive","$v":"सेप्टेम्बरु"},{"$i":"month-9-genitive","$v":"आक्टोबरु"},{"$i":"month-10-genitive","$v":"नवम्बरु"},{"$i":"month-11-genitive","$v":"डिसम्बरु"},{"$i":"month-0-short","$v":"जनॿीहर"},{"$i":"month-1-short","$v":"फ़ीबरॿीहर"},{"$i":"month-2-short","$v":"मार्चु"},{"$i":"month-3-short","$v":"अप्रेलु"},{"$i":"month-4-short","$v":"मुई"},{"$i":"month-5-short","$v":"जनॿीहर"},{"$i":"month-6-short","$v":"जूलाइ"},{"$i":"month-7-short","$v":"आगस्टु"},{"$i":"month-8-short","$v":"सेप्टेम्बरु"},{"$i":"month-9-short","$v":"आक्टोबरु"},{"$i":"month-10-short","$v":"नवम्बरु"},{"$i":"month-11-short","$v":"डिसम्बरु"},{"$i":"minutes-ago-long","$v":{"zero":"बिलकुल हाणे","one":"हिक मिंटु अॻु","two":[{"t":"idOrVar","v":"value"}," मिंटु अॻु"],"few":[{"t":"idOrVar","v":"value"}," मिंटु अॻु"],"many":[{"t":"idOrVar","v":"value"}," मिंटु अॻु"],"other":[{"t":"idOrVar","v":"value"}," मिंटु अॻु"]},"$x":[{"t":"idOrVar","v":"plural"},"value"]},{"$i":"hours-ago-long","$v":{"zero":"बिलकुल हाणे","one":"हिक कलाकु अॻु","two":[{"t":"idOrVar","v":"value"}," कलाकु अॻु"],"few":[{"t":"idOrVar","v":"value"}," कलाकु अॻु"],"many":[{"t":"idOrVar","v":"value"}," कलाकु अॻु"],"other":[{"t":"idOrVar","v":"value"}," कलाकु अॻु"]},"$x":[{"t":"idOrVar","v":"plural"},"value"]},{"$i":"days-ago-long","$v":{"zero":"अजु॒","one":"कुल्हा","two":[{"t":"idOrVar","v":"value"}," ॾींहुं अॻु"],"few":[{"t":"idOrVar","v":"value"}," ॾींहुं अॻु"],"many":[{"t":"idOrVar","v":"value"}," ॾींहुं अॻु"],"other":[{"t":"idOrVar","v":"value"}," ॾींहुं अॻु"]},"$x":[{"t":"idOrVar","v":"plural"},"value"]},{"$i":"weeks-ago-long","$v":{"zero":"हुन हफ़्ते","one":"गुज़िरियल हफ़्ते","two":[{"t":"idOrVar","v":"value"}," हफ़ता अॻु"],"few":[{"t":"idOrVar","v":"value"}," हफ़ता अॻु"],"many":[{"t":"idOrVar","v":"value"}," हफ़ता अॻु"],"other":[{"t":"idOrVar","v":"value"}," हफ़ता अॻु"]},"$x":[{"t":"idOrVar","v":"plural"},"value"]},{"$i":"months-ago-long","$v":{"zero":"हुन महीने","one":"गुज़िरियल महीने","two":[{"t":"idOrVar","v":"value"}," महीना अॻु"],"few":[{"t":"idOrVar","v":"value"}," महीना अॻु"],"many":[{"t":"idOrVar","v":"value"}," महीना अॻु"],"other":[{"t":"idOrVar","v":"value"}," महीना अॻु"]},"$x":[{"t":"idOrVar","v":"plural"},"value"]},{"$i":"years-ago-long","$v":{"zero":"हुन सालु","one":"गुज़िरियल सालु","two":[{"t":"idOrVar","v":"value"}," सालु अॻु"],"few":[{"t":"idOrVar","v":"value"}," सालु अॻु"],"many":[{"t":"idOrVar","v":"value"}," सालु अॻु"],"other":[{"t":"idOrVar","v":"value"}," सालु अॻु"]},"$x":[{"t":"idOrVar","v":"plural"},"value"]},{"$i":"minutes-until-long","$v":{"zero":"हाणि","one":"हिक मिंटु में","two":[{"t":"idOrVar","v":"value"}," मिन्टनि में"],"few":[{"t":"idOrVar","v":"value"}," मिन्टनि में"],"many":[{"t":"idOrVar","v":"value"}," मिन्टनि में"],"other":[{"t":"idOrVar","v":"value"}," मिन्टनि में"]},"$x":[{"t":"idOrVar","v":"plural"},"value"]},{"$i":"hours-until-long","$v":{"zero":"हाणि","one":"हिक कलाकु में","two":[{"t":"idOrVar","v":"value"}," कलाकनि में"],"few":[{"t":"idOrVar","v":"value"}," कलाकनि में"],"many":[{"t":"idOrVar","v":"value"}," कलाकनि में"],"other":[{"t":"idOrVar","v":"value"}," कलाकनि में"]},"$x":[{"t":"idOrVar","v":"plural"},"value"]},{"$i":"days-until-long","$v":{"zero":"अजु॒","one":"सुभाणे","two":[{"t":"idOrVar","v":"value"}," ॾींहुं में"],"few":[{"t":"idOrVar","v":"value"}," ॾींहुं में"],"many":[{"t":"idOrVar","v":"value"}," ॾींहुं में"],"other":[{"t":"idOrVar","v":"value"}," ॾींहुं में"]},"$x":[{"t":"idOrVar","v":"plural"},"value"]},{"$i":"weeks-until-long","$v":{"zero":"हुन हफ़्ते","one":"ईंदड़ सालु","two":[{"t":"idOrVar","v":"value"}," हफ़्तनि में"],"few":[{"t":"idOrVar","v":"value"}," हफ़्तनि में"],"many":[{"t":"idOrVar","v":"value"}," हफ़्तनि में"],"other":[{"t":"idOrVar","v":"value"}," हफ़्तनि में"]},"$x":[{"t":"idOrVar","v":"plural"},"value"]},{"$i":"months-until-long","$v":{"zero":"हुन महीने","one":"ईंदड़ महीने","two":[{"t":"idOrVar","v":"value"}," महीननि में"],"few":[{"t":"idOrVar","v":"value"}," महीननि में"],"many":[{"t":"idOrVar","v":"value"}," महीननि में"],"other":[{"t":"idOrVar","v":"value"}," महीननि में"]},"$x":[{"t":"idOrVar","v":"plural"},"value"]},{"$i":"years-until-long","$v":{"zero":"हुन सालु","one":"ईंदड़ सालु","two":[{"t":"idOrVar","v":"value"}," सालनि में"],"few":[{"t":"idOrVar","v":"value"}," सालनि में"],"many":[{"t":"idOrVar","v":"value"}," सालनि में"],"other":[{"t":"idOrVar","v":"value"}," सालनि में"]},"$x":[{"t":"idOrVar","v":"plural"},"value"]},{"$i":"minutes-ago-short","$v":{"zero":"बिलकुल हाणे","other":[{"t":"idOrVar","v":"value"}," मिंटु अॻु"]},"$x":[{"t":"idOrVar","v":"plural"},"value"]},{"$i":"hours-ago-short","$v":{"zero":"बिलकुल हाणे","other":[{"t":"idOrVar","v":"value"}," कलाकु अॻु"]},"$x":[{"t":"idOrVar","v":"plural"},"value"]},{"$i":"days-ago-short","$v":{"zero":"अजु॒","other":[{"t":"idOrVar","v":"value"}," ॾींहुं अॻु"]},"$x":[{"t":"idOrVar","v":"plural"},"value"]},{"$i":"minutes-until-short","$v":{"zero":"हाणि","other":[{"t":"idOrVar","v":"value"},"m में"]},"$x":[{"t":"idOrVar","v":"plural"},"value"]},{"$i":"hours-until-short","$v":{"zero":"हाणि","other":[{"t":"idOrVar","v":"value"},"h में"]},"$x":[{"t":"idOrVar","v":"plural"},"value"]},{"$i":"days-until-short","$v":{"zero":"अजु॒","other":[{"t":"idOrVar","v":"value"},"d में"]},"$x":[{"t":"idOrVar","v":"plural"},"value"]},{"$i":"incorrectDate","$v":"( ग़लति तारीख़)"},{"$i":"dateTimeFormat_%c","$v":"%a %b %e %Y %I:%M:%S %p"},{"$i":"dateTimeFormat_%x","$v":"%m/%d/%Y"},{"$i":"dateTimeFormat_%X","$v":"%I:%M:%S %p"},{"$i":"shortTimeFormat","$v":"%I:%M %p"},{"$i":"shortTimeFormat12","$v":"%I:%M %p"},{"$i":"shortTimeFormat24","$v":"%H:%M"},{"$i":"shortDateTimeFormat","$v":"%x %I:%M %p"},{"$i":"weekStartsOnMonday","$v":"0"},{"$i":"firstDayOfTheWeek","$v":"0"},{"$i":"time_am","$v":"AM"},{"$i":"time_pm","$v":"PM"},{"$i":"imageDescription","$v":[{"t":"idOrVar","v":"orientation"}," तस्वीर %I:%M %p, %B %e, %Y"]},{"$i":"imageDescriptionNoTimestamp","$v":[{"t":"idOrVar","v":"orientation"}," तस्वीर"]},{"$i":"videoDescription","$v":[{"t":"idOrVar","v":"orientation"}," विडियो, %I:%M %p, %B %e, %Y"]},{"$i":"videoDescriptionNoTimestamp","$v":[{"t":"idOrVar","v":"orientation"}," विडियो"]},{"$i":"orientationPortrait","$v":"तस्वीर"},{"$i":"orientationLandscape","$v":"लेंडस्केप"},{"$i":"playbackPlay","ariaLabel":"प्ले"},{"$i":"playbackPause","ariaLabel":"वक़फ़ो"},{"$i":"playbackNext","ariaLabel":"ॿियो"},{"$i":"playbackPrevious","ariaLabel":"अगो॒णा"},{"$i":"playbackFullscreen","ariaLabel":"पुरी स्क्रिन"},{"$i":"playbackSeekBar","ariaLabel":["तलाश बारु, मुदो ",{"t":"idOrVar","v":"duration"}]}]