[{"$i":"nospace2-title","$v":"மெமரி கார்டில் போதுமான இடம் இல்லை"},{"$i":"nospace2-text","$v":"இன்டர்னல் ஸ்டோரேஜ் நிறைந்துள்ளது. சில போட்டோக்களை நீக்கவும் அல்லது மெமரி கார்டைச் செருகவும்."},{"$i":"confirmation","$v":"உறுதிப்படுத்துதல்"},{"$i":"error-saving-title","$v":"படம் சேமிக்கப்படவில்லை"},{"$i":"error-saving-text","$v":"படத்தைச் சேமிக்கும் போது கேமராவைத் தடுக்கும் பிழை ஏற்பட்டது."},{"$i":"error-recording-title","$v":"வீடியோ ரெக்கார்ட் செய்யப்படவில்லை"},{"$i":"error-recording-text","$v":"வீடியோவைப் ரெக்கார்ட் செய்யும் போது கேமராவைத் தடுக்கும் பிழை ஏற்பட்டது."},{"$i":"error-video-file-path-title","$v":"வீடியோ ரெக்கார்ட் செய்யப்படவில்லை"},{"$i":"error-video-file-path-text","$v":"வீடியோ ஃபைல் பாதையை உருவாக்குவதில் பிழை."},{"$i":"nocard2-title","$v":"மெமரி கார்டு காணப்படவில்லை"},{"$i":"nocard3-text","$v":"மெமரி கார்டு கிடைக்கவில்லை. படங்களை எடுக்க, மெமரி கார்டைச் செருகவும்."},{"$i":"pluggedin2-title","$v":"ஃபோன் பிளக்டு இன் செய்யப்பட்டுள்ள போது கேமராவைப் பயன்படுத்த முடியாது"},{"$i":"pluggedin2-text","$v":"ஸ்டோரேஜ் தற்போது பயனில் உள்ளது. படங்களை எடுக்க தயவுசெய்து ஃபோன்-ஐ அன்பிளக் செய்யவும்."},{"$i":"storage-size-limit-reached","$v":"நீங்களிடம் மீடியா ஸ்டோரேஜ் இடம் இல்லை."},{"$i":"activity-size-limit-reached","$v":"இந்த அட்டாச்மெண்ட்-க்கான அதிகபட்ச ஃபைல் அளவை நீங்கள் அடைந்துவிட்டீர்கள்."},{"$i":"camera","$v":"கேமரா"},{"$i":"retake-button","$v":"மீண்டும் எடுக்கவும்"},{"$i":"select-button","$v":"தேர்ந்தெடுக்கவும்"},{"$i":"close-button","$v":"மூடு"},{"$i":"delete-photo?","$v":"போட்டோவை நீக்கவா?"},{"$i":"delete-video?","$v":"வீடியோவை நீக்கவா?"},{"$i":"cancel","$v":"ரத்து செய்க"},{"$i":"delete","$v":"நீக்கு"},{"$i":"mp","$v":"MP"},{"$i":"camera-resolution","$v":"கேமரா ரெசல்யூசன்"},{"$i":"camera-resolution-header","$v":[{"t":"idOrVar","v":"camera-resolution"}]},{"$i":"video-resolution","$v":"வீடியோ ரெசல்யூசன்"},{"$i":"video-resolution-header","$v":[{"t":"idOrVar","v":"video-resolution"}]},{"$i":"scene-mode","$v":"சீன் மோட்"},{"$i":"scene-mode-header","$v":[{"t":"idOrVar","v":"scene-mode"}]},{"$i":"self-timer","$v":"சுய- டைமர்"},{"$i":"self-timer-header","$v":[{"t":"idOrVar","v":"self-timer"}]},{"$i":"self-timer-off","$v":"ஆஃப்"},{"$i":"self-timer-3-seconds","$v":"3 நொடிகள்"},{"$i":"self-timer-5-seconds","$v":"5 நொடிகள்"},{"$i":"self-timer-10-seconds","$v":"10 நொடிகள்"},{"$i":"battery-shutdown-title","$v":"குறைந்த பேட்டரி"},{"$i":"battery-shutdown-text","$v":"கேமராவை பயன்படுத்த பேட்டரி நிலை மிகவும் குறைவாக உள்ளது."},{"$i":"battery-critical-text","$v":"மிகமிகக் குறைவான பேட்டரி ஆற்றல்"},{"$i":"battery-verylow-text","$v":"10% பேட்டரி மீதம்"},{"$i":"battery-low-text","$v":"15% பேட்டரி மீதம்"},{"$i":"camera-unavailable-title","$v":"கேமரா கிடைக்கவில்லை"},{"$i":"camera-unavailable-text","$v":"கேமரா வேறொரு ஆப்-ஆல் பயன்படுத்தப்படுகிறது."},{"$i":"hdr","$v":"HDR"},{"$i":"hdr-header","$v":[{"t":"idOrVar","v":"hdr"}]},{"$i":"hdr-on","$v":"ஆன்"},{"$i":"hdr-off","$v":"ஆஃப்"},{"$i":"hdr-deactivated","$v":"(HDR செயலிழக்கப்பட்டது)"},{"$i":"grid","$v":"கிரிட் லைன்ஸ்"},{"$i":"grid-header","$v":[{"t":"idOrVar","v":"grid"}]},{"$i":"grid-on","$v":"ஆன்"},{"$i":"grid-off","$v":"ஆஃப்"},{"$i":"flash","$v":"ஃபிளாஷ்"},{"$i":"flash-on","$v":"ஆன்"},{"$i":"flash-off","$v":"ஆஃப்"},{"$i":"flash-auto","$v":"சுய"},{"$i":"flash-deactivated","$v":"(ஃபிளாஷ் செயலிழக்கப்பட்டது)"},{"$i":"Photo-Mode","$v":"போட்டோ மோட்"},{"$i":"Video-Mode","$v":"வீடியோ மோட்"},{"$i":"options","$v":"விருப்பங்கள்"},{"$i":"open-gallery","$v":"கேலரியைத் திற"},{"$i":"preview","$v":"ப்ரிவ்யூ"},{"$i":"tcl-flash","$v":"ஃபிளாஷ்"},{"$i":"tcl-hdr","$v":"HDR"},{"$i":"tcl-grid","$v":"கிரிட்"},{"$i":"tcl-timer","$v":"சுய டைமர்"},{"$i":"tcl-timer-option","$v":{"zero":[{"t":"idOrVar","v":"n"}," நொடி"],"one":[{"t":"idOrVar","v":"n"}," நொடி"],"two":[{"t":"idOrVar","v":"n"}," நொடிகள்"],"few":[{"t":"idOrVar","v":"n"}," நொடிகள்"],"many":[{"t":"idOrVar","v":"n"}," நொடிகள்"],"other":[{"t":"idOrVar","v":"n"}," நொடிகள்"]},"$x":[{"t":"idOrVar","v":"plural"},"n"]},{"$i":"tcl-gallery","$v":"கேலரி"},{"$i":"tcl-gallery-option","$v":"கேலரி பயன்பாட்டிற்குச் செல்க"},{"$i":"tcl-videos","$v":"வீடியோ"},{"$i":"tcl-videos-option","$v":"வீடியோ அப்ளிகேஷன்-க்கு செல்க"},{"$i":"tcl-on","$v":"ஆன்"},{"$i":"tcl-off","$v":"ஆஃப்"},{"$i":"tcl-auto","$v":"சுய"},{"$i":"tcl-options","$v":"விருப்பங்கள்"},{"$i":"tcl-camera-mode","$v":"போட்டோ-க்கு மாற்றப்பட்டது"},{"$i":"tcl-video-mode","$v":"வீடியோவிற்கு மாற்றப்பட்டது"},{"$i":"tcl-turn-on","$v":"ஆன் செய்யப்பட்டது."},{"$i":"tcl-turn-off","$v":"ஆஃப் செய்யப்பட்டது."},{"$i":"tcl-activity-cancel","$v":"ரத்து செய்க"},{"$i":"tcl-activity-retake","$v":"மீண்டும் எடுக்கவும்"},{"$i":"activity-done","$v":"முடிந்தது"},{"$i":"tcl-activity-save","$v":"சேமி"},{"$i":"tcl-video-saved","$v":"வீடியோ சேமிக்கப்பட்டது"},{"$i":"turn-on","$v":"ஆன் செய்யப்பட்டது."},{"$i":"turn-off","$v":"ஆஃப் செய்யப்பட்டது."},{"$i":"switch-modes","$v":"மோட்-கள்"},{"$i":"photo-mode","$v":"போட்டோ மோட்"},{"$i":"video-mode","$v":"வீடியோ மோட்"},{"$i":"switch-resolution","$v":"ரெசல்யூசன்"},{"$i":"low-resolution","$v":"குறைந்த"},{"$i":"medium-resolution","$v":"மீடியம்"},{"$i":"high-resolution","$v":"உயர்தரம்"},{"$i":"set-resolution-to","$v":"ரெசல்யூசன் இதற்கு அமைக்கப்பட்டது"},{"$i":"pause","$v":"இடைநிறுத்து"},{"$i":"close-menu-button","ariaLabel":"மெனுவை மூடு"},{"$i":"back-button","ariaLabel":"பின் செல்"},{"$i":"setting-option","ariaLabel":[{"t":"idOrVar","v":"value"}]},{"$i":"setting-option-hdr","ariaLabel":["HDR ",{"t":"idOrVar","v":"value"}]},{"$i":"setting-option-self-timer","ariaLabel":["சுய- டைமர் ",{"t":"idOrVar","v":"value"}]},{"$i":"setting-option-grid","ariaLabel":["கிரிட் லைன்ஸ் ",{"t":"idOrVar","v":"value"}]},{"$i":"setting-option-scene-mode","ariaLabel":["சீன் மோட் ",{"t":"idOrVar","v":"value"}]},{"$i":"setting-option-camera-resolution","ariaLabel":["கேமரா ரெசல்யூசன் ",{"t":"idOrVar","v":"value"}]},{"$i":"setting-option-video-resolution","ariaLabel":["வீடியோ ரெசல்யூசன் ",{"t":"idOrVar","v":"value"}]},{"$i":"flash-on-button","ariaLabel":"ஃபிளாஷ் ஆன்"},{"$i":"flash-off-button","ariaLabel":"ஃபிளாஷ் ஆஃப்"},{"$i":"flash-auto-button","ariaLabel":"ஃபிளாஷ் ஆட்டோ"},{"$i":"switch-camera","$v":"கேமராவை தேர்வுசெய்தல்"},{"$i":"toggle-camera-rear-button","$v":"பின்புற கேமரா"},{"$i":"toggle-camera-front-button","$v":"ஃப்ரன்ட் கேமரா"},{"$i":"menu-button","ariaLabel":"மெனு"},{"$i":"preview-button","ariaLabel":"ப்ரிவ்யூ"},{"$i":"controls-button-close","ariaLabel":"மூடு"},{"$i":"share-button","ariaLabel":"பகிர்"},{"$i":"more-button","ariaLabel":"மேலும்"},{"$i":"media-frame","ariaLabel":[{"t":"idOrVar","v":"total"}," இருந்து ",{"t":"idOrVar","v":"current"}," ஃபிரேம்"],"ariaMozHint":"அடுத்ததிற்கு தாவ, 2 விரல்கள் கொண்டு இடப்பக்கம் தேய்க்கவும் அல்லது முந்தையதிற்கு தாவ வலப்பக்கம் தேய்க்கவும்"},{"$i":"tcl-zoom","$v":"ஜூம் செய்க"},{"$i":"tcl-zoom-in","$v":"ஜூம் இன் செய்க"},{"$i":"tcl-zoom-out","$v":"ஜூம் அவுட் செய்க"},{"$i":"tcl-share","$v":"பகிர்"},{"$i":"set-as-wallpaper","$v":"வால்பேப்பராக அமை"},{"$i":"set","$v":"அமை"},{"$i":"wallpaper-set","$v":"வால்பேப்பர் செட்."},{"$i":"tcl-photo-deleted","$v":"போட்டோ நீக்கப்பட்டது"},{"$i":"tcl-ok","$v":"சரி"},{"$i":"ftu-info","$v":"போட்டோ மற்றும் வீடியோ மோட்-கள் இடையே மாற, இடது மற்றும் வலது விசையை அழுத்தவும்."},{"$i":"tcl-full-screen","$v":"ஃபுல் ஸ்கிரீன்"},{"$i":"tcl-video-deleted","$v":"வீடியோ நீக்கப்பட்டது"},{"$i":"tcl-preview","$v":"ப்ரிவ்யூ"},{"$i":"welcome","$v":"கேமராவிற்கு வரவேற்கிறோம்"},{"$i":"ok","$v":"சரி"},{"$i":"tcl-option","$v":"விருப்பங்கள்"},{"$i":"tcl-camera","$v":"கேமரா"},{"$i":"tcl-alert-message","$v":"மெமரி கார்டு நிறைந்துள்ளது. சில போட்டோக்களை நீக்கவும் அல்லது வேறொரு மெமரி கார்டைச் செருகவும்."},{"$i":"tcl-error-message","$v":"படம் சேமிக்கப்படவில்லை. படத்தை சேமிப்பதில் இருந்து ஒரு பிழை கேமராவை தடுக்கிறது."},{"$i":"tcl-error-file-message","$v":"வீடியோ ரெக்கார்ட் செய்யப்படவில்லை. வீடியோ ரெக்கார்ட் பாதை உருவாக்குவதில் பிழை ஏற்பட்டது."},{"$i":"weekday-0-long","$v":"ஞாயிறுக்கிழமை"},{"$i":"weekday-1-long","$v":"திங்கள்"},{"$i":"weekday-2-long","$v":"செவ்வாய்க்கிழமை"},{"$i":"weekday-3-long","$v":"புதன்கிழமை"},{"$i":"weekday-4-long","$v":"வியாழக்கிழமை"},{"$i":"weekday-5-long","$v":"வெள்ளி"},{"$i":"weekday-6-long","$v":"சனிக்கிழமை"},{"$i":"weekday-0-short","$v":"ஞாயிறுக்கிழமை"},{"$i":"weekday-1-short","$v":"திங்கள்"},{"$i":"weekday-2-short","$v":"செவ்வாய்க்கிழமை"},{"$i":"weekday-3-short","$v":"புதன்கிழமை"},{"$i":"weekday-4-short","$v":"வியாழன்"},{"$i":"weekday-5-short","$v":"வெள்ளி"},{"$i":"weekday-6-short","$v":"சனிக்கிழமை"},{"$i":"month-0-long","$v":"ஜனவரி"},{"$i":"month-1-long","$v":"பிப்ரவரி"},{"$i":"month-2-long","$v":"மார்ச்"},{"$i":"month-3-long","$v":"ஏப்ரல்"},{"$i":"month-4-long","$v":"மே"},{"$i":"month-5-long","$v":"ஜூன்"},{"$i":"month-6-long","$v":"ஜூலை"},{"$i":"month-7-long","$v":"ஆகஸ்ட்"},{"$i":"month-8-long","$v":"செப்டம்பர்"},{"$i":"month-9-long","$v":"அக்டோபர்"},{"$i":"month-10-long","$v":"நவம்பர்"},{"$i":"month-11-long","$v":"டிசம்பர்"},{"$i":"month-0-genitive","$v":"ஜனவரி"},{"$i":"month-1-genitive","$v":"பிப்ரவரி"},{"$i":"month-2-genitive","$v":"மார்ச்"},{"$i":"month-3-genitive","$v":"ஏப்ரல்"},{"$i":"month-4-genitive","$v":"மே"},{"$i":"month-5-genitive","$v":"ஜூன்"},{"$i":"month-6-genitive","$v":"ஜூலை"},{"$i":"month-7-genitive","$v":"ஆகஸ்ட்"},{"$i":"month-8-genitive","$v":"செப்டம்பர்"},{"$i":"month-9-genitive","$v":"அக்டோபர்"},{"$i":"month-10-genitive","$v":"நவம்பர்"},{"$i":"month-11-genitive","$v":"டிசம்பர்"},{"$i":"month-0-short","$v":"ஜனவரி"},{"$i":"month-1-short","$v":"பிப்ரவரி"},{"$i":"month-2-short","$v":"மார்ச்"},{"$i":"month-3-short","$v":"ஏப்ரல்"},{"$i":"month-4-short","$v":"மே"},{"$i":"month-5-short","$v":"ஜூன்"},{"$i":"month-6-short","$v":"ஜூலை"},{"$i":"month-7-short","$v":"ஆகஸ்ட்"},{"$i":"month-8-short","$v":"செப்டம்பர்"},{"$i":"month-9-short","$v":"அக்டோபர்"},{"$i":"month-10-short","$v":"நவம்பர்"},{"$i":"month-11-short","$v":"டிசம்பர்"},{"$i":"minutes-ago-long","$v":{"zero":"இப்போது தான்","one":"ஒரு நிமிடம் முன்பாக","two":[{"t":"idOrVar","v":"value"}," நிமிடங்களுக்கு முன்பு"],"few":[{"t":"idOrVar","v":"value"}," நிமிடங்களுக்கு முன்பு"],"many":[{"t":"idOrVar","v":"value"}," நிமிடங்களுக்கு முன்பு"],"other":[{"t":"idOrVar","v":"value"}," நிமிடங்களுக்கு முன்பு"]},"$x":[{"t":"idOrVar","v":"plural"},"value"]},{"$i":"hours-ago-long","$v":{"zero":"இப்போது தான்","one":"ஒரு மணிநேரம் முன்பாக","two":[{"t":"idOrVar","v":"value"}," மணிநேரங்களுக்கு முன்பு"],"few":[{"t":"idOrVar","v":"value"}," மணிநேரங்களுக்கு முன்பு"],"many":[{"t":"idOrVar","v":"value"}," மணிநேரங்களுக்கு முன்பு"],"other":[{"t":"idOrVar","v":"value"}," மணிநேரங்களுக்கு முன்பு"]},"$x":[{"t":"idOrVar","v":"plural"},"value"]},{"$i":"days-ago-long","$v":{"zero":"இன்று","one":"நேற்று","two":[{"t":"idOrVar","v":"value"}," நாட்களுக்கு முன்பு"],"few":[{"t":"idOrVar","v":"value"}," நாட்களுக்கு முன்பு"],"many":[{"t":"idOrVar","v":"value"}," நாட்களுக்கு முன்பு"],"other":[{"t":"idOrVar","v":"value"}," நாட்களுக்கு முன்பு"]},"$x":[{"t":"idOrVar","v":"plural"},"value"]},{"$i":"weeks-ago-long","$v":{"zero":"இந்த வாரம்","one":"கடந்த வாரம்","two":[{"t":"idOrVar","v":"value"}," வாரங்களுக்கு முன்பு"],"few":[{"t":"idOrVar","v":"value"}," வாரங்களுக்கு முன்பு"],"many":[{"t":"idOrVar","v":"value"}," வாரங்களுக்கு முன்பு"],"other":[{"t":"idOrVar","v":"value"}," வாரங்களுக்கு முன்பு"]},"$x":[{"t":"idOrVar","v":"plural"},"value"]},{"$i":"months-ago-long","$v":{"zero":"இந்த மாதம்","one":"கடந்த மாதம்","two":[{"t":"idOrVar","v":"value"}," மாதங்களுக்கு முன்பு"],"few":[{"t":"idOrVar","v":"value"}," மாதங்களுக்கு முன்பு"],"many":[{"t":"idOrVar","v":"value"}," மாதங்களுக்கு முன்பு"],"other":[{"t":"idOrVar","v":"value"}," மாதங்களுக்கு முன்பு"]},"$x":[{"t":"idOrVar","v":"plural"},"value"]},{"$i":"years-ago-long","$v":{"zero":"இந்த வருடம்","one":"கடந்த வருடம்","two":[{"t":"idOrVar","v":"value"}," வருடங்களுக்கு முன்பு"],"few":[{"t":"idOrVar","v":"value"}," வருடங்களுக்கு முன்பு"],"many":[{"t":"idOrVar","v":"value"}," வருடங்களுக்கு முன்பு"],"other":[{"t":"idOrVar","v":"value"}," வருடங்களுக்கு முன்பு"]},"$x":[{"t":"idOrVar","v":"plural"},"value"]},{"$i":"minutes-until-long","$v":{"zero":"இப்போதே","one":"ஒரு நிமிடத்தில்","two":[{"t":"idOrVar","v":"value"}," நிமிடங்களில்"],"few":[{"t":"idOrVar","v":"value"}," நிமிடங்களில்"],"many":[{"t":"idOrVar","v":"value"}," நிமிடங்களில்"],"other":[{"t":"idOrVar","v":"value"}," நிமிடங்களில்"]},"$x":[{"t":"idOrVar","v":"plural"},"value"]},{"$i":"hours-until-long","$v":{"zero":"இப்போதே","one":"ஒரு மணிநேரத்தில்","two":[{"t":"idOrVar","v":"value"}," மணிநேரங்களில்"],"few":[{"t":"idOrVar","v":"value"}," மணிநேரங்களில்"],"many":[{"t":"idOrVar","v":"value"}," மணிநேரங்களில்"],"other":[{"t":"idOrVar","v":"value"}," மணிநேரங்களில்"]},"$x":[{"t":"idOrVar","v":"plural"},"value"]},{"$i":"days-until-long","$v":{"zero":"இன்று","one":"நாளை","two":[{"t":"idOrVar","v":"value"}," நாட்களில்"],"few":[{"t":"idOrVar","v":"value"}," நாட்களில்"],"many":[{"t":"idOrVar","v":"value"}," நாட்களில்"],"other":[{"t":"idOrVar","v":"value"}," நாட்களில்"]},"$x":[{"t":"idOrVar","v":"plural"},"value"]},{"$i":"weeks-until-long","$v":{"zero":"இந்த வாரம்","one":"அடுத்த வாரம்","two":[{"t":"idOrVar","v":"value"}," வாரங்களில்"],"few":[{"t":"idOrVar","v":"value"}," வாரங்களில்"],"many":[{"t":"idOrVar","v":"value"}," வாரங்களில்"],"other":[{"t":"idOrVar","v":"value"}," வாரங்களில்"]},"$x":[{"t":"idOrVar","v":"plural"},"value"]},{"$i":"months-until-long","$v":{"zero":"இந்த மாதம்","one":"அடுத்த மாதம்","two":[{"t":"idOrVar","v":"value"}," மாதங்களில்"],"few":[{"t":"idOrVar","v":"value"}," மாதங்களில்"],"many":[{"t":"idOrVar","v":"value"}," மாதங்களில்"],"other":[{"t":"idOrVar","v":"value"}," மாதங்களில்"]},"$x":[{"t":"idOrVar","v":"plural"},"value"]},{"$i":"years-until-long","$v":{"zero":"இந்த வருடம்","one":"அடுத்த ஆண்டு","two":[{"t":"idOrVar","v":"value"}," வருடங்களில்"],"few":[{"t":"idOrVar","v":"value"}," வருடங்களில்"],"many":[{"t":"idOrVar","v":"value"}," வருடங்களில்"],"other":[{"t":"idOrVar","v":"value"}," வருடங்களில்"]},"$x":[{"t":"idOrVar","v":"plural"},"value"]},{"$i":"minutes-ago-short","$v":{"zero":"இப்போது தான்","other":[{"t":"idOrVar","v":"value"},"நிமிடம் முன்பு"]},"$x":[{"t":"idOrVar","v":"plural"},"value"]},{"$i":"hours-ago-short","$v":{"zero":"இப்போது தான்","other":[{"t":"idOrVar","v":"value"},"மணிநேரம் முன்பு"]},"$x":[{"t":"idOrVar","v":"plural"},"value"]},{"$i":"days-ago-short","$v":{"zero":"இன்று","other":[{"t":"idOrVar","v":"value"},"நாள் முன்பு"]},"$x":[{"t":"idOrVar","v":"plural"},"value"]},{"$i":"minutes-until-short","$v":{"zero":"இப்போதே","other":[{"t":"idOrVar","v":"value"},"நிமிடத்தில்"]},"$x":[{"t":"idOrVar","v":"plural"},"value"]},{"$i":"hours-until-short","$v":{"zero":"இப்போதே","other":[{"t":"idOrVar","v":"value"},"மணிநேரத்தில்"]},"$x":[{"t":"idOrVar","v":"plural"},"value"]},{"$i":"days-until-short","$v":{"zero":"இன்று","other":[{"t":"idOrVar","v":"value"},"நாள் இல்"]},"$x":[{"t":"idOrVar","v":"plural"},"value"]},{"$i":"incorrectDate","$v":"(தவறான தேதி)"},{"$i":"dateTimeFormat_%c","$v":"%a %b %e %Y %I:%M:%S %p"},{"$i":"dateTimeFormat_%x","$v":"%m/%d/%Y"},{"$i":"dateTimeFormat_%X","$v":"%I:%M:%S %p"},{"$i":"shortTimeFormat","$v":"%I:%M %p"},{"$i":"shortTimeFormat12","$v":"%I:%M %p"},{"$i":"shortTimeFormat24","$v":"%H:%M"},{"$i":"shortDateTimeFormat","$v":"%x %I:%M %p"},{"$i":"weekStartsOnMonday","$v":"0"},{"$i":"firstDayOfTheWeek","$v":"0"},{"$i":"time_am","$v":"AM"},{"$i":"time_pm","$v":"PM"},{"$i":"imageDescription","$v":[{"t":"idOrVar","v":"orientation"}," படம், %I:%M %p, %B %e, %Y"]},{"$i":"imageDescriptionNoTimestamp","$v":[{"t":"idOrVar","v":"orientation"}," படம்"]},{"$i":"videoDescription","$v":[{"t":"idOrVar","v":"orientation"}," வீடியோ, %I:%M %p, %B %e, %Y"]},{"$i":"videoDescriptionNoTimestamp","$v":[{"t":"idOrVar","v":"orientation"}," வீடியோ"]},{"$i":"orientationPortrait","$v":"போர்ட்ரேட்"},{"$i":"orientationLandscape","$v":"லேண்ட்ஸ்கேப்"},{"$i":"playbackPlay","ariaLabel":"இயக்கு"},{"$i":"playbackPause","ariaLabel":"இடைநிறுத்து"},{"$i":"playbackNext","ariaLabel":"அடுத்த"},{"$i":"playbackPrevious","ariaLabel":"முந்தையது"},{"$i":"playbackFullscreen","ariaLabel":"ஃபுல்ஸ்கிரீன்"},{"$i":"playbackSeekBar","ariaLabel":["சீக் பார், கால அளவு",{"t":"idOrVar","v":"duration"}]}]