[{"$i":"nospace2-title","$v":"మెమరీ కార్డ్‌లో తగినంత స్థలం లేదు"},{"$i":"nospace2-text","$v":"ఇంటర్నల్ స్టోరేజ్ నిండింది. దయచేసి కొన్ని ఫోటోలను తొలగించండి లేదా మెమరీ కార్డ్‌ను పెట్టండి."},{"$i":"confirmation","$v":"నిర్ధారణ"},{"$i":"error-saving-title","$v":"ఫోటో సేవ్ కాలేదు"},{"$i":"error-saving-text","$v":"ఫోటోని సేవ్ చేయనికుండా కెమెరాను ఒక లోపం అడ్డగిస్తుంది."},{"$i":"error-recording-title","$v":"వీడియో రికార్డ్ కాలేదు"},{"$i":"error-recording-text","$v":"వీడియోని రికార్డ్ చేయనికుండా కెమెరాను ఒక లోపం అడ్డగిస్తుంది."},{"$i":"error-video-file-path-title","$v":"వీడియో రికార్డ్ కాలేదు"},{"$i":"error-video-file-path-text","$v":"వీడియో ఫైల్ పాత్‌ని సృష్టించడంలో లోపం."},{"$i":"nocard2-title","$v":"మెమరీ కార్డ్ కనబడలేదు"},{"$i":"nocard3-text","$v":"మెమరీ కార్డ్ కనబడలేదు. దయచేసి ఫోటోలను తీయడానికి మెమరీ కార్డ్‌ను పెట్టండి."},{"$i":"pluggedin2-title","$v":"ఫోన్‌ను ప్లగిన్ చేసినప్పుడు కెమెరాను ఉపయోగించలేరు"},{"$i":"pluggedin2-text","$v":"ప్రస్తుతం స్టోరేజ్ ఉపయోగంలో ఉంది. దయచేసి ఫోటోలు తీయడానికి ఫోన్‌ను అన్‌ప్లగ్ చేయండి."},{"$i":"storage-size-limit-reached","$v":"మీ మీడియా స్టోరేజ్ స్థలం అయిపోయింది."},{"$i":"activity-size-limit-reached","$v":"మీరు ఈ అటాచ్మెంట్ గరిష్ట ఫైల్ సైజుని చేరుకున్నారు."},{"$i":"camera","$v":"కెమెరా"},{"$i":"retake-button","$v":"మళ్లీ తీయి"},{"$i":"select-button","$v":"ఎంచుకోండి"},{"$i":"close-button","$v":"మూసివేయి"},{"$i":"delete-photo?","$v":"ఫోటోను తొలగించాలా?"},{"$i":"delete-video?","$v":"వీడియోను తొలగించాలా?"},{"$i":"cancel","$v":"రద్దు చేయి"},{"$i":"delete","$v":"తొలగించు"},{"$i":"mp","$v":"MP"},{"$i":"camera-resolution","$v":"కెమెరా రిజల్యూషన్"},{"$i":"camera-resolution-header","$v":[{"t":"idOrVar","v":"camera-resolution"}]},{"$i":"video-resolution","$v":"వీడియో రిజల్యూషన్"},{"$i":"video-resolution-header","$v":[{"t":"idOrVar","v":"video-resolution"}]},{"$i":"scene-mode","$v":"సీన్ మోడ్"},{"$i":"scene-mode-header","$v":[{"t":"idOrVar","v":"scene-mode"}]},{"$i":"self-timer","$v":"స్వయంచాలక-టైమర్"},{"$i":"self-timer-header","$v":[{"t":"idOrVar","v":"self-timer"}]},{"$i":"self-timer-off","$v":"ఆఫ్"},{"$i":"self-timer-3-seconds","$v":"3 సెకనులు"},{"$i":"self-timer-5-seconds","$v":"5 సెకనులు"},{"$i":"self-timer-10-seconds","$v":"10 సెకనులు"},{"$i":"battery-shutdown-title","$v":"తక్కువ బ్యాటరీ"},{"$i":"battery-shutdown-text","$v":"కెమెరాను ఉపయోగించడానికి బ్యాటరీ స్థాయి చాలా తక్కువగా ఉంది."},{"$i":"battery-critical-text","$v":"తీవ్రంగా తక్కువ బ్యాటరీ ఉంది"},{"$i":"battery-verylow-text","$v":"10% బ్యాటరీ ఉంది"},{"$i":"battery-low-text","$v":"15% బ్యాటరీ ఉంది"},{"$i":"camera-unavailable-title","$v":"కెమెరా అందుబాటులో లేదు"},{"$i":"camera-unavailable-text","$v":"కెమెరాను మరో యాప్ ఉపయోగిస్తోంది."},{"$i":"hdr","$v":"HDR"},{"$i":"hdr-header","$v":[{"t":"idOrVar","v":"hdr"}]},{"$i":"hdr-on","$v":"ఆన్"},{"$i":"hdr-off","$v":"ఆఫ్"},{"$i":"hdr-deactivated","$v":"(HDR డియాక్టివేట్ చేయబడింది)"},{"$i":"grid","$v":"గ్రిడ్ లైన్‌లు"},{"$i":"grid-header","$v":[{"t":"idOrVar","v":"grid"}]},{"$i":"grid-on","$v":"ఆన్"},{"$i":"grid-off","$v":"ఆఫ్"},{"$i":"flash","$v":"ఫ్లాష్"},{"$i":"flash-on","$v":"ఆన్"},{"$i":"flash-off","$v":"ఆఫ్"},{"$i":"flash-auto","$v":"స్వయం"},{"$i":"flash-deactivated","$v":"(ఫ్లాష్ డియాక్టివేట్ చేయబడింది)"},{"$i":"Photo-Mode","$v":"ఫోటో మోడ్"},{"$i":"Video-Mode","$v":"వీడియో మోడ్"},{"$i":"options","$v":"ఎంపికలు"},{"$i":"open-gallery","$v":"గ్యాలరీని తెరువు"},{"$i":"preview","$v":"ప్రివ్యూ"},{"$i":"tcl-flash","$v":"ఫ్లాష్"},{"$i":"tcl-hdr","$v":"HDR"},{"$i":"tcl-grid","$v":"గ్రిడ్"},{"$i":"tcl-timer","$v":"స్వయంచాలక టైమర్"},{"$i":"tcl-timer-option","$v":{"zero":[{"t":"idOrVar","v":"n"}," సెకన్"],"one":[{"t":"idOrVar","v":"n"}," సెకన్"],"two":[{"t":"idOrVar","v":"n"}," సెకన్లు"],"few":[{"t":"idOrVar","v":"n"}," సెకన్లు"],"many":[{"t":"idOrVar","v":"n"}," సెకన్లు"],"other":[{"t":"idOrVar","v":"n"}," సెకన్లు"]},"$x":[{"t":"idOrVar","v":"plural"},"n"]},{"$i":"tcl-gallery","$v":"గ్యాలరీ"},{"$i":"tcl-gallery-option","$v":"గ్యాలరీ యాప్‌కు వెళ్లు"},{"$i":"tcl-videos","$v":"వీడియో"},{"$i":"tcl-videos-option","$v":"వీడియో యాప్‌కు వెళ్లు"},{"$i":"tcl-on","$v":"ఆన్"},{"$i":"tcl-off","$v":"ఆఫ్"},{"$i":"tcl-auto","$v":"స్వయం"},{"$i":"tcl-options","$v":"ఎంపికలు"},{"$i":"tcl-camera-mode","$v":"ఫోటోకు మార్చబడింది"},{"$i":"tcl-video-mode","$v":"వీడియోకు మార్చబడింది"},{"$i":"tcl-turn-on","$v":"ఆన్ చేయబడింది."},{"$i":"tcl-turn-off","$v":"ఆఫ్ చేయబడింది."},{"$i":"tcl-activity-cancel","$v":"రద్దు చేయి"},{"$i":"tcl-activity-retake","$v":"మళ్లీ తీయి"},{"$i":"activity-done","$v":"పూర్తయింది"},{"$i":"tcl-activity-save","$v":"సేవ్ చేయి"},{"$i":"tcl-video-saved","$v":"వీడియో సేవ్ చేయబడింది"},{"$i":"turn-on","$v":"ఆన్ చేయబడింది."},{"$i":"turn-off","$v":"ఆఫ్ చేయబడింది."},{"$i":"switch-modes","$v":"మోడ్‌లు"},{"$i":"photo-mode","$v":"ఫోటో మోడ్"},{"$i":"video-mode","$v":"వీడియో మోడ్"},{"$i":"switch-resolution","$v":"రిజల్యూషన్"},{"$i":"low-resolution","$v":"తక్కువ"},{"$i":"medium-resolution","$v":"మధ్యస్థం"},{"$i":"high-resolution","$v":"అధికం"},{"$i":"set-resolution-to","$v":"రిజల్యూషన్ దీనికి సెట్ చేయబడింది"},{"$i":"pause","$v":"పాజ్ చేయి"},{"$i":"close-menu-button","ariaLabel":"మెనుని మూసివేయి"},{"$i":"back-button","ariaLabel":"వెనక్కి వెళ్లు"},{"$i":"setting-option","ariaLabel":[{"t":"idOrVar","v":"value"}]},{"$i":"setting-option-hdr","ariaLabel":["HDR ",{"t":"idOrVar","v":"value"}]},{"$i":"setting-option-self-timer","ariaLabel":["స్వయంచాలక-టైమర్ ",{"t":"idOrVar","v":"value"}]},{"$i":"setting-option-grid","ariaLabel":["గ్రిడ్ లైన్‌లు ",{"t":"idOrVar","v":"value"}]},{"$i":"setting-option-scene-mode","ariaLabel":["సీన్ మోడ్ ",{"t":"idOrVar","v":"value"}]},{"$i":"setting-option-camera-resolution","ariaLabel":["కెమెరా రిజల్యూషన్ ",{"t":"idOrVar","v":"value"}]},{"$i":"setting-option-video-resolution","ariaLabel":["వీడియో రిజల్యూషన్ ",{"t":"idOrVar","v":"value"}]},{"$i":"flash-on-button","ariaLabel":"ఫ్లాష్ ఆన్"},{"$i":"flash-off-button","ariaLabel":"ఫ్లాష్ ఆఫ్"},{"$i":"flash-auto-button","ariaLabel":"ఫ్లాష్ స్వయం"},{"$i":"switch-camera","$v":"కెమెరాను ఎంచుకోండి"},{"$i":"toggle-camera-rear-button","$v":"వెనుక కెమెరా"},{"$i":"toggle-camera-front-button","$v":"ముందు కెమెరా"},{"$i":"menu-button","ariaLabel":"మెను"},{"$i":"preview-button","ariaLabel":"ప్రివ్యూ"},{"$i":"controls-button-close","ariaLabel":"మూసివేయి"},{"$i":"share-button","ariaLabel":"పంచుకోండి"},{"$i":"more-button","ariaLabel":"మరికొన్ని"},{"$i":"media-frame","ariaLabel":["ఫ్రేమ్ ",{"t":"idOrVar","v":"current"}," యొక్క ",{"t":"idOrVar","v":"total"}],"ariaMozHint":"తదుపరి దానికి వెళ్ళడానికి 2 వెళ్ళతో ఎడమవైపుకు స్వైప్ చేయండి లేదా మునుపటి దానికి వెళ్ళడానికి కుడివైపుకు స్వైప్ చేయండి"},{"$i":"tcl-zoom","$v":"జూమ్"},{"$i":"tcl-zoom-in","$v":"జూమ్ చేయి"},{"$i":"tcl-zoom-out","$v":"జూమ్ తీసేయి"},{"$i":"tcl-share","$v":"పంచుకోండి"},{"$i":"set-as-wallpaper","$v":"వాల్‌పేపర్ వలె సెట్ చేయి"},{"$i":"set","$v":"సెట్ చేయి"},{"$i":"wallpaper-set","$v":"వాల్‌పేపర్ సెట్ చేయి."},{"$i":"tcl-photo-deleted","$v":"ఫోటో తొలగించబడింది"},{"$i":"tcl-ok","$v":"సరే"},{"$i":"ftu-info","$v":"ఫోటో మరియు వీడియో మోడ్‌ల మధ్య మారడానికి ఎడమ మరియు కుడి కీని నొక్కండి."},{"$i":"tcl-full-screen","$v":"పూర్తి స్క్రీన్"},{"$i":"tcl-video-deleted","$v":"వీడియో తొలగించబడింది"},{"$i":"tcl-preview","$v":"ప్రివ్యూ"},{"$i":"welcome","$v":"కెమెరాకు స్వాగతం"},{"$i":"ok","$v":"సరే"},{"$i":"tcl-option","$v":"ఎంపికలు"},{"$i":"tcl-camera","$v":"కెమెరా"},{"$i":"tcl-alert-message","$v":"మెమరీ కార్డ్ నిండింది. దయచేసి కొన్ని ఫోటోలను తొలగించండి లేదా వేరే మెమరీ కార్డ్‌ను పెట్టండి."},{"$i":"tcl-error-message","$v":"ఫోటో సేవ్ కాలేదు. ఫోటోని సేవ్ చేయనికుండా కెమెరాను ఒక లోపం అడ్డగిస్తుంది."},{"$i":"tcl-error-file-message","$v":"వీడియో రికార్డ్ కాలేదు వీడియో ఫైల్ పాత్ సృష్టించడంలో లోపం."},{"$i":"weekday-0-long","$v":"ఆదివారం"},{"$i":"weekday-1-long","$v":"సోమవారం"},{"$i":"weekday-2-long","$v":"మంగళవారం"},{"$i":"weekday-3-long","$v":"బుధవారం"},{"$i":"weekday-4-long","$v":"గురువారం"},{"$i":"weekday-5-long","$v":"శుక్రవారం"},{"$i":"weekday-6-long","$v":"శనివారం"},{"$i":"weekday-0-short","$v":"ఆది"},{"$i":"weekday-1-short","$v":"సోమ"},{"$i":"weekday-2-short","$v":"మంగళ"},{"$i":"weekday-3-short","$v":"బుధ"},{"$i":"weekday-4-short","$v":"గురు"},{"$i":"weekday-5-short","$v":"శుక్ర"},{"$i":"weekday-6-short","$v":"శని"},{"$i":"month-0-long","$v":"జనవరి"},{"$i":"month-1-long","$v":"ఫిబ్రవరి"},{"$i":"month-2-long","$v":"మార్చి"},{"$i":"month-3-long","$v":"ఏప్రిల్"},{"$i":"month-4-long","$v":"మే"},{"$i":"month-5-long","$v":"జూన్"},{"$i":"month-6-long","$v":"జూలై"},{"$i":"month-7-long","$v":"ఆగష్టు"},{"$i":"month-8-long","$v":"సెప్టెంబరు"},{"$i":"month-9-long","$v":"అక్టోబర్"},{"$i":"month-10-long","$v":"నవంబర్"},{"$i":"month-11-long","$v":"డిసెంబర్"},{"$i":"month-0-genitive","$v":"జనవరి"},{"$i":"month-1-genitive","$v":"ఫిబ్రవరి"},{"$i":"month-2-genitive","$v":"మార్చి"},{"$i":"month-3-genitive","$v":"ఏప్రిల్"},{"$i":"month-4-genitive","$v":"మే"},{"$i":"month-5-genitive","$v":"జూన్"},{"$i":"month-6-genitive","$v":"జూలై"},{"$i":"month-7-genitive","$v":"ఆగష్టు"},{"$i":"month-8-genitive","$v":"సెప్టెంబరు"},{"$i":"month-9-genitive","$v":"అక్టోబర్"},{"$i":"month-10-genitive","$v":"నవంబర్"},{"$i":"month-11-genitive","$v":"డిసెంబర్"},{"$i":"month-0-short","$v":"జనవరి"},{"$i":"month-1-short","$v":"ఫిబ్రవరి"},{"$i":"month-2-short","$v":"మార్చి"},{"$i":"month-3-short","$v":"ఏప్రిల్"},{"$i":"month-4-short","$v":"మే"},{"$i":"month-5-short","$v":"జూన్"},{"$i":"month-6-short","$v":"జూలై"},{"$i":"month-7-short","$v":"ఆగష్టు"},{"$i":"month-8-short","$v":"సెప్టెంబరు"},{"$i":"month-9-short","$v":"అక్టోబర్"},{"$i":"month-10-short","$v":"నవంబర్"},{"$i":"month-11-short","$v":"డిసెంబర్"},{"$i":"minutes-ago-long","$v":{"zero":"ఇప్పుడే","one":"నిమిషం క్రితం","two":[{"t":"idOrVar","v":"value"}," నిమిషాల క్రితం"],"few":[{"t":"idOrVar","v":"value"}," నిమిషాల క్రితం"],"many":[{"t":"idOrVar","v":"value"}," నిమిషాల క్రితం"],"other":[{"t":"idOrVar","v":"value"}," నిమిషాల క్రితం"]},"$x":[{"t":"idOrVar","v":"plural"},"value"]},{"$i":"hours-ago-long","$v":{"zero":"ఇప్పుడే","one":"గంట క్రితం","two":[{"t":"idOrVar","v":"value"}," గంటల క్రితం"],"few":[{"t":"idOrVar","v":"value"}," గంటల క్రితం"],"many":[{"t":"idOrVar","v":"value"}," గంటల క్రితం"],"other":[{"t":"idOrVar","v":"value"}," గంటల క్రితం"]},"$x":[{"t":"idOrVar","v":"plural"},"value"]},{"$i":"days-ago-long","$v":{"zero":"ఈరోజు","one":"నిన్న","two":[{"t":"idOrVar","v":"value"}," రోజుల క్రితం"],"few":[{"t":"idOrVar","v":"value"}," రోజుల క్రితం"],"many":[{"t":"idOrVar","v":"value"}," రోజుల క్రితం"],"other":[{"t":"idOrVar","v":"value"}," రోజుల క్రితం"]},"$x":[{"t":"idOrVar","v":"plural"},"value"]},{"$i":"weeks-ago-long","$v":{"zero":"ఈ వారం","one":"గత వారం","two":[{"t":"idOrVar","v":"value"}," వారాల క్రితం"],"few":[{"t":"idOrVar","v":"value"}," వారాల క్రితం"],"many":[{"t":"idOrVar","v":"value"}," వారాల క్రితం"],"other":[{"t":"idOrVar","v":"value"}," వారాల క్రితం"]},"$x":[{"t":"idOrVar","v":"plural"},"value"]},{"$i":"months-ago-long","$v":{"zero":"ఈ నెల","one":"గత నెల","two":[{"t":"idOrVar","v":"value"}," నెలల క్రితం"],"few":[{"t":"idOrVar","v":"value"}," నెలల క్రితం"],"many":[{"t":"idOrVar","v":"value"}," నెలల క్రితం"],"other":[{"t":"idOrVar","v":"value"}," నెలల క్రితం"]},"$x":[{"t":"idOrVar","v":"plural"},"value"]},{"$i":"years-ago-long","$v":{"zero":"ఈ సంవత్సరం","one":"గత సంవత్సరం","two":[{"t":"idOrVar","v":"value"}," సంవత్సరాల క్రితం"],"few":[{"t":"idOrVar","v":"value"}," సంవత్సరాల క్రితం"],"many":[{"t":"idOrVar","v":"value"}," సంవత్సరాల క్రితం"],"other":[{"t":"idOrVar","v":"value"}," సంవత్సరాల క్రితం"]},"$x":[{"t":"idOrVar","v":"plural"},"value"]},{"$i":"minutes-until-long","$v":{"zero":"ఇప్పుడు","one":"నిమిషంలో","two":[{"t":"idOrVar","v":"value"}," నిమిషాల్లో"],"few":[{"t":"idOrVar","v":"value"}," నిమిషాల్లో"],"many":[{"t":"idOrVar","v":"value"}," నిమిషాల్లో"],"other":[{"t":"idOrVar","v":"value"}," నిమిషాల్లో"]},"$x":[{"t":"idOrVar","v":"plural"},"value"]},{"$i":"hours-until-long","$v":{"zero":"ఇప్పుడు","one":"గంటలో","two":[{"t":"idOrVar","v":"value"}," గంటల్లో"],"few":[{"t":"idOrVar","v":"value"}," గంటల్లో"],"many":[{"t":"idOrVar","v":"value"}," గంటల్లో"],"other":[{"t":"idOrVar","v":"value"}," గంటల్లో"]},"$x":[{"t":"idOrVar","v":"plural"},"value"]},{"$i":"days-until-long","$v":{"zero":"ఈరోజు","one":"రేపు","two":[{"t":"idOrVar","v":"value"}," రోజుల్లో"],"few":[{"t":"idOrVar","v":"value"}," రోజుల్లో"],"many":[{"t":"idOrVar","v":"value"}," రోజుల్లో"],"other":[{"t":"idOrVar","v":"value"}," రోజుల్లో"]},"$x":[{"t":"idOrVar","v":"plural"},"value"]},{"$i":"weeks-until-long","$v":{"zero":"ఈ వారం","one":"తదుపరి వారం","two":[{"t":"idOrVar","v":"value"}," వారాల్లో"],"few":[{"t":"idOrVar","v":"value"}," వారాల్లో"],"many":[{"t":"idOrVar","v":"value"}," వారాల్లో"],"other":[{"t":"idOrVar","v":"value"}," వారాల్లో"]},"$x":[{"t":"idOrVar","v":"plural"},"value"]},{"$i":"months-until-long","$v":{"zero":"ఈ నెల","one":"తదుపరి నెల","two":[{"t":"idOrVar","v":"value"}," నెలల్లో"],"few":[{"t":"idOrVar","v":"value"}," నెలల్లో"],"many":[{"t":"idOrVar","v":"value"}," నెలల్లో"],"other":[{"t":"idOrVar","v":"value"}," నెలల్లో"]},"$x":[{"t":"idOrVar","v":"plural"},"value"]},{"$i":"years-until-long","$v":{"zero":"ఈ సంవత్సరం","one":"తదుపరి సంవత్సరం","two":"{value}} సంవత్సరాల్లో","few":"{value}} సంవత్సరాల్లో","many":"{value}} సంవత్సరాల్లో","other":"{value}} సంవత్సరాల్లో"},"$x":[{"t":"idOrVar","v":"plural"},"value"]},{"$i":"minutes-ago-short","$v":{"zero":"ఇప్పుడే","other":[{"t":"idOrVar","v":"value"},"నిమిషం క్రితం"]},"$x":[{"t":"idOrVar","v":"plural"},"value"]},{"$i":"hours-ago-short","$v":{"zero":"ఇప్పుడే","other":[{"t":"idOrVar","v":"value"},"గంట క్రితం"]},"$x":[{"t":"idOrVar","v":"plural"},"value"]},{"$i":"days-ago-short","$v":{"zero":"ఈరోజు","other":[{"t":"idOrVar","v":"value"},"రోజు క్రితం"]},"$x":[{"t":"idOrVar","v":"plural"},"value"]},{"$i":"minutes-until-short","$v":{"zero":"ఇప్పుడు","other":[{"t":"idOrVar","v":"value"},"నిమిషాల్లో"]},"$x":[{"t":"idOrVar","v":"plural"},"value"]},{"$i":"hours-until-short","$v":{"zero":"ఇప్పుడు","other":[{"t":"idOrVar","v":"value"},"గంటలో"]},"$x":[{"t":"idOrVar","v":"plural"},"value"]},{"$i":"days-until-short","$v":{"zero":"ఈరోజు","other":[{"t":"idOrVar","v":"value"},"తేదీలో"]},"$x":[{"t":"idOrVar","v":"plural"},"value"]},{"$i":"incorrectDate","$v":"(తప్పుగా ఉన్న తేదీ)"},{"$i":"dateTimeFormat_%c","$v":"%a %b %e %Y %I:%M:%S %p"},{"$i":"dateTimeFormat_%x","$v":"%m/%d/%Y"},{"$i":"dateTimeFormat_%X","$v":"%I:%M:%S %p"},{"$i":"shortTimeFormat","$v":"%I:%M %p"},{"$i":"shortTimeFormat12","$v":"%I:%M %p"},{"$i":"shortTimeFormat24","$v":"%H:%M"},{"$i":"shortDateTimeFormat","$v":"%x %I:%M %p"},{"$i":"weekStartsOnMonday","$v":"0"},{"$i":"firstDayOfTheWeek","$v":"0"},{"$i":"time_am","$v":"AM"},{"$i":"time_pm","$v":"PM"},{"$i":"imageDescription","$v":[{"t":"idOrVar","v":"orientation"}," చిత్రం, %I:%M %p, %B %e, %Y"]},{"$i":"imageDescriptionNoTimestamp","$v":[{"t":"idOrVar","v":"orientation"}," చిత్రం"]},{"$i":"videoDescription","$v":[{"t":"idOrVar","v":"orientation"}," వీడియో, %I:%M %p, %B %e, %Y"]},{"$i":"videoDescriptionNoTimestamp","$v":[{"t":"idOrVar","v":"orientation"}," వీడియో"]},{"$i":"orientationPortrait","$v":"పోర్ట్‌రైట్"},{"$i":"orientationLandscape","$v":"ల్యాండ్‌స్కేప్"},{"$i":"playbackPlay","ariaLabel":"ప్లే చేయి"},{"$i":"playbackPause","ariaLabel":"పాజ్ చేయి"},{"$i":"playbackNext","ariaLabel":"తదుపరి"},{"$i":"playbackPrevious","ariaLabel":"మునుపటి"},{"$i":"playbackFullscreen","ariaLabel":"పూర్తి స్క్రీన్"},{"$i":"playbackSeekBar","ariaLabel":["బార్‌ను వెతుకు, వ్యవధి ",{"t":"idOrVar","v":"duration"}]}]