[{"$i":"nospace2-title","$v":"लाखिथुमग्रायाव थोजासे जायगा गैया"},{"$i":"nospace2-text","$v":"इसिङारि जायगाया आबुं जाबाय अन्नानै माखासे सावगारिफोर दान एबा मोनसे लाखिथुमग्रा सो।"},{"$i":"confirmation","$v":"थि मिथिथाइ"},{"$i":"error-saving-title","$v":"सावगारिखौ लाखियाखै"},{"$i":"error-saving-text","$v":"मोनसे जेंनानि थाखाय फटखौ सेभ खालामनायाव केमेराखौ होबथानाय जादों।"},{"$i":"error-recording-title","$v":"भिडिअ'आ रेकर्ड जायाखै"},{"$i":"error-recording-text","$v":"मोनसे जेंनानि थाखाय भिडियखौ रेकर्ड खालामनायाव केमेराखौ होबथानाय जादों।"},{"$i":"error-video-file-path-title","$v":"भिडिअ'आ रेकर्ड जायाखै"},{"$i":"error-video-file-path-text","$v":"भिडिय फाइल पाथ बानायनायाव एरर।"},{"$i":"nocard2-title","$v":"लाखिथुमग्रा मोनाखै"},{"$i":"nocard3-text","$v":"लाखिथुमग्रा मोनाखै अन्नानै मोनसे लाखिथुमग्रा सो सावगारिफोर लानो।"},{"$i":"pluggedin2-title","$v":"फना प्लाग इन जाना थायोब्ला केमेरा बाहायनो हाया"},{"$i":"pluggedin2-text","$v":"स्टरेजा दा बाहायजाबाय थादों । फटफोरखौ लानो नों फनखौ आपलाङ खालाम।"},{"$i":"storage-size-limit-reached","$v":"नोंथाङा मेडिया दोनथुमग्रा खालि जायगाय गैयाब्लानो सलायगासिनो दङ।"},{"$i":"activity-size-limit-reached","$v":"बे सरजाबदेरनायनि थाखाय नोंथांनि फाइलनि महरा सिमा बारबाय।"},{"$i":"camera","$v":"केमेरा"},{"$i":"retake-button","$v":"लाफिन"},{"$i":"select-button","$v":"सायख'"},{"$i":"close-button","$v":"बन्द’ खालाम"},{"$i":"delete-photo?","$v":"फट खोमोर ?"},{"$i":"delete-video?","$v":"भिडियखौ खोमोर ?"},{"$i":"cancel","$v":"दान"},{"$i":"delete","$v":"दान"},{"$i":"mp","$v":"MP"},{"$i":"camera-resolution","$v":"केमेरा रिजलिउसन"},{"$i":"camera-resolution-header","$v":[{"t":"idOrVar","v":"camera-resolution"}]},{"$i":"video-resolution","$v":"भिडिअ थिरांथा लाखिनाय"},{"$i":"video-resolution-header","$v":[{"t":"idOrVar","v":"video-resolution"}]},{"$i":"scene-mode","$v":"चिन(नुथाइ) मड"},{"$i":"scene-mode-header","$v":[{"t":"idOrVar","v":"scene-mode"}]},{"$i":"self-timer","$v":"सेल्फ-टाइमार"},{"$i":"self-timer-header","$v":[{"t":"idOrVar","v":"self-timer"}]},{"$i":"self-timer-off","$v":"अफ खालाम"},{"$i":"self-timer-3-seconds","$v":"3 सेकेण्ड"},{"$i":"self-timer-5-seconds","$v":"5 सेकेण्ड"},{"$i":"self-timer-10-seconds","$v":"10 सेकेण्ड"},{"$i":"battery-shutdown-title","$v":"बेटारिनि गोहो गैला"},{"$i":"battery-shutdown-text","$v":"केमेराखौ बाहायनो थाखै बेतारिया जोबोद खम।"},{"$i":"battery-critical-text","$v":"बेटारि जोबथारनोसै"},{"$i":"battery-verylow-text","$v":"10% बेटारि दंबावो"},{"$i":"battery-low-text","$v":"15% बेटारि दंबावो"},{"$i":"camera-unavailable-title","$v":"केमेरा गैया"},{"$i":"camera-unavailable-text","$v":"गुबुन मोनसे एपा केमेराखौ बाहायबाय थादों।"},{"$i":"hdr","$v":"HDR"},{"$i":"hdr-header","$v":[{"t":"idOrVar","v":"hdr"}]},{"$i":"hdr-on","$v":"अन"},{"$i":"hdr-off","$v":"अफ खालाम"},{"$i":"hdr-deactivated","$v":"(HDR डिएक्टिभेट खालामनाय जादों )"},{"$i":"grid","$v":"ग्रिड लाइनस"},{"$i":"grid-header","$v":[{"t":"idOrVar","v":"grid"}]},{"$i":"grid-on","$v":"अन"},{"$i":"grid-off","$v":"अफ खालाम"},{"$i":"flash","$v":"प्लेस"},{"$i":"flash-on","$v":"अन"},{"$i":"flash-off","$v":"अफ खालाम"},{"$i":"flash-auto","$v":"अट’"},{"$i":"flash-deactivated","$v":"( फ्लासखौ डिएक्टिभेट खालामनाय जादों )"},{"$i":"Photo-Mode","$v":"सावगारिनि महर"},{"$i":"Video-Mode","$v":"भिडिअ' मड"},{"$i":"options","$v":"राहाफोर"},{"$i":"open-gallery","$v":"बारान्दाखौ बेखेव"},{"$i":"preview","$v":"प्रेभिउ"},{"$i":"tcl-flash","$v":"प्लेस"},{"$i":"tcl-hdr","$v":"HDR"},{"$i":"tcl-grid","$v":"ग्रिड"},{"$i":"tcl-timer","$v":"सेल्फ टाइमार"},{"$i":"tcl-timer-option","$v":{"zero":[{"t":"idOrVar","v":"n"}," सेखेन्ड"],"one":[{"t":"idOrVar","v":"n"}," सेखेन्ड"],"two":[{"t":"idOrVar","v":"n"}," सेकेन्डफोर"],"few":[{"t":"idOrVar","v":"n"}," सेकेन्डफोर"],"many":[{"t":"idOrVar","v":"n"}," सेकेन्डफोर"],"other":[{"t":"idOrVar","v":"n"}," सेकेन्डफोर"]},"$x":[{"t":"idOrVar","v":"plural"},"n"]},{"$i":"tcl-gallery","$v":"गेलारी"},{"$i":"tcl-gallery-option","$v":"गेलारि एप्लिक्सनाव थां"},{"$i":"tcl-videos","$v":"भिडिअ"},{"$i":"tcl-videos-option","$v":"भिडिय एप्लिकेसनाव थां"},{"$i":"tcl-on","$v":"अन"},{"$i":"tcl-off","$v":"अफ खालाम"},{"$i":"tcl-auto","$v":"अट’"},{"$i":"tcl-options","$v":"राहाफोर"},{"$i":"tcl-camera-mode","$v":"फतआव सोलायबाय"},{"$i":"tcl-video-mode","$v":"भिदियआव स्वित्स खालामनाय जाबाय"},{"$i":"tcl-turn-on","$v":"खुलिना दोन।"},{"$i":"tcl-turn-off","$v":"बन्द' खालाम।"},{"$i":"tcl-activity-cancel","$v":"दान"},{"$i":"tcl-activity-retake","$v":"लाफिन"},{"$i":"activity-done","$v":"मावफुंबाय"},{"$i":"tcl-activity-save","$v":"चेब खालाम"},{"$i":"tcl-video-saved","$v":"भिडिअ'आ सेफ जाबाय"},{"$i":"turn-on","$v":"खुलिना दोन।"},{"$i":"turn-off","$v":"बन्द' खालाम।"},{"$i":"switch-modes","$v":"खान्थिफोर"},{"$i":"photo-mode","$v":"सावगारिनि महर"},{"$i":"video-mode","$v":"भिडिअ' मड"},{"$i":"switch-resolution","$v":"थिरांथालाखानाय"},{"$i":"low-resolution","$v":"गाहाय"},{"$i":"medium-resolution","$v":"गेजेरनि"},{"$i":"high-resolution","$v":"गोजौ"},{"$i":"set-resolution-to","$v":"आव थिरांथालाखानाय सेट खालाम"},{"$i":"pause","$v":"थाद'"},{"$i":"close-menu-button","ariaLabel":"मेनु बन्द खालाम"},{"$i":"back-button","ariaLabel":"उनफिन"},{"$i":"setting-option","ariaLabel":[{"t":"idOrVar","v":"value"}]},{"$i":"setting-option-hdr","ariaLabel":["HDR ",{"t":"idOrVar","v":"value"}]},{"$i":"setting-option-self-timer","ariaLabel":["सेल्फ-टाइमार ",{"t":"idOrVar","v":"value"}]},{"$i":"setting-option-grid","ariaLabel":["ग्रिड लाइन ",{"t":"idOrVar","v":"value"}]},{"$i":"setting-option-scene-mode","ariaLabel":["नुथाय मड ",{"t":"idOrVar","v":"value"}]},{"$i":"setting-option-camera-resolution","ariaLabel":["केमेरा रिजलिउसन ",{"t":"idOrVar","v":"value"}]},{"$i":"setting-option-video-resolution","ariaLabel":["भिडिअ' रेजुलेसन ",{"t":"idOrVar","v":"value"}]},{"$i":"flash-on-button","ariaLabel":"फ्लास खुला"},{"$i":"flash-off-button","ariaLabel":"फ्लास बन्द"},{"$i":"flash-auto-button","ariaLabel":"फ्लास अट"},{"$i":"switch-camera","$v":"केमेरा सायख'नाय"},{"$i":"toggle-camera-rear-button","$v":"केमेराखौ जोथोन ला"},{"$i":"toggle-camera-front-button","$v":"मोखां केमेरा"},{"$i":"menu-button","ariaLabel":"मेनु"},{"$i":"preview-button","ariaLabel":"प्रेभिउ"},{"$i":"controls-button-close","ariaLabel":"बन्द’ खालाम"},{"$i":"share-button","ariaLabel":"चेयार खालाम"},{"$i":"more-button","ariaLabel":"बांसिन"},{"$i":"media-frame","ariaLabel":[{"t":"idOrVar","v":"total"}," नि ",{"t":"idOrVar","v":"current"}," फ्रेम"],"ariaMozHint":"मोन्नै आसिफोरजों उन्नियाव बारलांनो थाखै आगसि फारसे स्वाइप खालाम, एबा सिगांनियाव बारलांनो थाखै आगदा फारसे स्वाइप खालाम"},{"$i":"tcl-zoom","$v":"जुम"},{"$i":"tcl-zoom-in","$v":"जुम खालामनाय"},{"$i":"tcl-zoom-out","$v":"जुम बोखारनाय"},{"$i":"tcl-share","$v":"चेयार खालाम"},{"$i":"set-as-wallpaper","$v":"अवालपेपार महरै थि खालाम"},{"$i":"set","$v":"सेट"},{"$i":"wallpaper-set","$v":"वालपेपारा सेट जाबाय।"},{"$i":"tcl-photo-deleted","$v":"सावगारि दान्नाय"},{"$i":"tcl-ok","$v":"जागोन"},{"$i":"ftu-info","$v":"फट’ आरो भिडिअ’ मडफोरनि गेजेराव सुइट्स खालामनायनि थाखाय आखसि आरो आगदा किखौ थु।"},{"$i":"tcl-full-screen","$v":"फुल स्क्रिन"},{"$i":"tcl-video-deleted","$v":"भिडिअ'आ दानगारजाबाय"},{"$i":"tcl-preview","$v":"प्रेभिउ"},{"$i":"welcome","$v":"केमेरायाव बरायबाय"},{"$i":"ok","$v":"जागोन"},{"$i":"tcl-option","$v":"राहाफोर"},{"$i":"tcl-camera","$v":"केमेरा"},{"$i":"tcl-alert-message","$v":"लाखिथुमग्रा आबुं जाबाय अन्नानै माखासे सावगारिफोर दान एबा गुबुन मोनसे लाखिथुमग्रा सो।"},{"$i":"tcl-error-message","$v":"सावगारिया सेफ जायाखै। सावगारिखौ सेफ खालामनायखौ मोनसे गोरोन्थिया केमेराखौ होबथादों।"},{"$i":"tcl-error-file-message","$v":"भिडिअ'आ रेकर्ड जायाखै भिडिअ'नि फाइलाव जेंना नुजादों।"},{"$i":"weekday-0-long","$v":"रुबिबार"},{"$i":"weekday-1-long","$v":"समबार"},{"$i":"weekday-2-long","$v":"मंगलबार"},{"$i":"weekday-3-long","$v":"बुधबार"},{"$i":"weekday-4-long","$v":"बिस्थिबार"},{"$i":"weekday-5-long","$v":"सक्रुबार"},{"$i":"weekday-6-long","$v":"सनिबार"},{"$i":"weekday-0-short","$v":"सान"},{"$i":"weekday-1-short","$v":"मन"},{"$i":"weekday-2-short","$v":"मंगल"},{"$i":"weekday-3-short","$v":"वेब"},{"$i":"weekday-4-short","$v":"टिएइचइउ"},{"$i":"weekday-5-short","$v":"फ्रि"},{"$i":"weekday-6-short","$v":"सेट"},{"$i":"month-0-long","$v":"जानुवारि"},{"$i":"month-1-long","$v":"फेब्रुवारि"},{"$i":"month-2-long","$v":"मार्च"},{"$i":"month-3-long","$v":"एप्रिल"},{"$i":"month-4-long","$v":"मे"},{"$i":"month-5-long","$v":"जुन"},{"$i":"month-6-long","$v":"जुलाइ"},{"$i":"month-7-long","$v":"आगष्ट"},{"$i":"month-8-long","$v":"सेप्तेम्बार"},{"$i":"month-9-long","$v":"अक्ट'बर"},{"$i":"month-10-long","$v":"नभेमबर"},{"$i":"month-11-long","$v":"दिसेम्बार"},{"$i":"month-0-genitive","$v":"जानुवारि"},{"$i":"month-1-genitive","$v":"फेब्रुवारि"},{"$i":"month-2-genitive","$v":"मार्च"},{"$i":"month-3-genitive","$v":"एप्रिल"},{"$i":"month-4-genitive","$v":"मे"},{"$i":"month-5-genitive","$v":"जुन"},{"$i":"month-6-genitive","$v":"जुलाइ"},{"$i":"month-7-genitive","$v":"आगष्ट"},{"$i":"month-8-genitive","$v":"सेप्तेम्बार"},{"$i":"month-9-genitive","$v":"अक्ट'बर"},{"$i":"month-10-genitive","$v":"नभेमबर"},{"$i":"month-11-genitive","$v":"दिसेम्बार"},{"$i":"month-0-short","$v":"जान"},{"$i":"month-1-short","$v":"फेब"},{"$i":"month-2-short","$v":"गाज्रि"},{"$i":"month-3-short","$v":"एप्रि"},{"$i":"month-4-short","$v":"मे"},{"$i":"month-5-short","$v":"जुन"},{"$i":"month-6-short","$v":"जुल"},{"$i":"month-7-short","$v":"आग"},{"$i":"month-8-short","$v":"सेप"},{"$i":"month-9-short","$v":"अक्ट'बर"},{"$i":"month-10-short","$v":"नभ"},{"$i":"month-11-short","$v":"दिस"},{"$i":"minutes-ago-long","$v":{"zero":"दाबावैसो","one":"से मिनिट सिगङाव","two":[{"t":"idOrVar","v":"value"}," मिनिट सिगां"],"few":[{"t":"idOrVar","v":"value"}," मिनिट सिगां"],"many":[{"t":"idOrVar","v":"value"}," मिनिट सिगां"],"other":[{"t":"idOrVar","v":"value"}," मिनिट सिगां"]},"$x":[{"t":"idOrVar","v":"plural"},"value"]},{"$i":"hours-ago-long","$v":{"zero":"दाबावैसो","one":"घन्टासे सिगाङाव","two":[{"t":"idOrVar","v":"value"}," घन्टा सिगां"],"few":[{"t":"idOrVar","v":"value"}," घन्टा सिगां"],"many":[{"t":"idOrVar","v":"value"}," घन्टा सिगां"],"other":[{"t":"idOrVar","v":"value"}," घन्टा सिगां"]},"$x":[{"t":"idOrVar","v":"plural"},"value"]},{"$i":"days-ago-long","$v":{"zero":"दिनै","one":"मैया","two":[{"t":"idOrVar","v":"value"}," सान सिगां"],"few":[{"t":"idOrVar","v":"value"}," सान सिगां"],"many":[{"t":"idOrVar","v":"value"}," सान सिगां"],"other":[{"t":"idOrVar","v":"value"}," सान सिगां"]},"$x":[{"t":"idOrVar","v":"plural"},"value"]},{"$i":"weeks-ago-long","$v":{"zero":"बे हबथा","one":"थांनाय हबथा","two":[{"t":"idOrVar","v":"value"}," हाबथा सिगां"],"few":[{"t":"idOrVar","v":"value"}," हाबथा सिगां"],"many":[{"t":"idOrVar","v":"value"}," हाबथा सिगां"],"other":[{"t":"idOrVar","v":"value"}," हाबथा सिगां"]},"$x":[{"t":"idOrVar","v":"plural"},"value"]},{"$i":"months-ago-long","$v":{"zero":"बे दान","one":"थांनाय दान","two":[{"t":"idOrVar","v":"value"}," दान सिगां"],"few":[{"t":"idOrVar","v":"value"}," दान सिगां"],"many":[{"t":"idOrVar","v":"value"}," दान सिगां"],"other":[{"t":"idOrVar","v":"value"}," दान सिगां"]},"$x":[{"t":"idOrVar","v":"plural"},"value"]},{"$i":"years-ago-long","$v":{"zero":"बे बोसोर","one":"थांनाय बोसोर","two":[{"t":"idOrVar","v":"value"}," बोसोर सिगां"],"few":[{"t":"idOrVar","v":"value"}," बोसोर सिगां"],"many":[{"t":"idOrVar","v":"value"}," बोसोर सिगां"],"other":[{"t":"idOrVar","v":"value"}," बोसोर सिगां"]},"$x":[{"t":"idOrVar","v":"plural"},"value"]},{"$i":"minutes-until-long","$v":{"zero":"दायो","one":"से मिनिटआव","two":[{"t":"idOrVar","v":"value"}," मिनिटआव"],"few":[{"t":"idOrVar","v":"value"}," मिनिटआव"],"many":[{"t":"idOrVar","v":"value"}," मिनिटआव"],"other":[{"t":"idOrVar","v":"value"}," मिनिटआव"]},"$x":[{"t":"idOrVar","v":"plural"},"value"]},{"$i":"hours-until-long","$v":{"zero":"दायो","one":"से घन्टायाव","two":[{"t":"idOrVar","v":"value"}," घन्टायाव"],"few":[{"t":"idOrVar","v":"value"}," घन्टायाव"],"many":[{"t":"idOrVar","v":"value"}," घन्टायाव"],"other":[{"t":"idOrVar","v":"value"}," घन्टायाव"]},"$x":[{"t":"idOrVar","v":"plural"},"value"]},{"$i":"days-until-long","$v":{"zero":"दिनै","one":"गाबोन","two":[{"t":"idOrVar","v":"value"}," सानफोराव"],"few":[{"t":"idOrVar","v":"value"}," सानफोराव"],"many":[{"t":"idOrVar","v":"value"}," सानफोराव"],"other":[{"t":"idOrVar","v":"value"}," सानफोराव"]},"$x":[{"t":"idOrVar","v":"plural"},"value"]},{"$i":"weeks-until-long","$v":{"zero":"बे हबथा","one":"फैगौ हबथा","two":[{"t":"idOrVar","v":"value"}," हबथाफोराव"],"few":[{"t":"idOrVar","v":"value"}," हबथाफोराव"],"many":[{"t":"idOrVar","v":"value"}," हबथाफोराव"],"other":[{"t":"idOrVar","v":"value"}," हबथाफोराव"]},"$x":[{"t":"idOrVar","v":"plural"},"value"]},{"$i":"months-until-long","$v":{"zero":"बे दान","one":"फैगौ दान","two":[{"t":"idOrVar","v":"value"}," दानफोराव"],"few":[{"t":"idOrVar","v":"value"}," दानफोराव"],"many":[{"t":"idOrVar","v":"value"}," दानफोराव"],"other":[{"t":"idOrVar","v":"value"}," दानफोराव"]},"$x":[{"t":"idOrVar","v":"plural"},"value"]},{"$i":"years-until-long","$v":{"zero":"बे बोसोर","one":"फैगौ बोसोर","two":[{"t":"idOrVar","v":"value"}," बोसोरफोराव"],"few":[{"t":"idOrVar","v":"value"}," बोसोरफोराव"],"many":[{"t":"idOrVar","v":"value"}," बोसोरफोराव"],"other":[{"t":"idOrVar","v":"value"}," बोसोरफोराव"]},"$x":[{"t":"idOrVar","v":"plural"},"value"]},{"$i":"minutes-ago-short","$v":{"zero":"दाबावैसो","other":[{"t":"idOrVar","v":"value"},"मिनिट सिगां"]},"$x":[{"t":"idOrVar","v":"plural"},"value"]},{"$i":"hours-ago-short","$v":{"zero":"दाबावैसो","other":[{"t":"idOrVar","v":"value"},"घन्टा सिगां"]},"$x":[{"t":"idOrVar","v":"plural"},"value"]},{"$i":"days-ago-short","$v":{"zero":"दिनै","other":[{"t":"idOrVar","v":"value"},"सान सिगां"]},"$x":[{"t":"idOrVar","v":"plural"},"value"]},{"$i":"minutes-until-short","$v":{"zero":"दायो","other":[{"t":"idOrVar","v":"value"},"मिनिटआव"]},"$x":[{"t":"idOrVar","v":"plural"},"value"]},{"$i":"hours-until-short","$v":{"zero":"दायो","other":[{"t":"idOrVar","v":"value"},"घन्टायाव"]},"$x":[{"t":"idOrVar","v":"plural"},"value"]},{"$i":"days-until-short","$v":{"zero":"दिनै","other":[{"t":"idOrVar","v":"value"},"सानाव"]},"$x":[{"t":"idOrVar","v":"plural"},"value"]},{"$i":"incorrectDate","$v":"(गोरोनथि अक्त)"},{"$i":"dateTimeFormat_%c","$v":"%a %b %e %Y %I:%M:%S %p"},{"$i":"dateTimeFormat_%x","$v":"%m/%d/%Y"},{"$i":"dateTimeFormat_%X","$v":"%I:%M:%S %p"},{"$i":"shortTimeFormat","$v":"%I:%M %p"},{"$i":"shortTimeFormat12","$v":"%I:%M %p"},{"$i":"shortTimeFormat24","$v":"%H:%M"},{"$i":"shortDateTimeFormat","$v":"%x %I:%M %p"},{"$i":"weekStartsOnMonday","$v":"0"},{"$i":"firstDayOfTheWeek","$v":"0"},{"$i":"time_am","$v":"AM"},{"$i":"time_pm","$v":"PM"},{"$i":"imageDescription","$v":[{"t":"idOrVar","v":"orientation"}," इमेज, %I:%M %p, %B %e, %Y"]},{"$i":"imageDescriptionNoTimestamp","$v":[{"t":"idOrVar","v":"orientation"}," इमेज"]},{"$i":"videoDescription","$v":[{"t":"idOrVar","v":"orientation"}," भिडिअ', %I:%M %p, %B %e, %Y"]},{"$i":"videoDescriptionNoTimestamp","$v":[{"t":"idOrVar","v":"orientation"}," भिडिअ'"]},{"$i":"orientationPortrait","$v":"फरट्रैट"},{"$i":"orientationLandscape","$v":"लेन्डस्केप"},{"$i":"playbackPlay","ariaLabel":"प्ले खालाम"},{"$i":"playbackPause","ariaLabel":"थाद'"},{"$i":"playbackNext","ariaLabel":"नेक्स खालाम"},{"$i":"playbackPrevious","ariaLabel":"सिगांनि"},{"$i":"playbackFullscreen","ariaLabel":"आबुं स्क्रिन"},{"$i":"playbackSeekBar","ariaLabel":["बारखौ नाय, सम ",{"t":"idOrVar","v":"duration"}]}]