[{"$i":"nospace2-title","$v":"میموری کارڈ میں کافی جگہ نہیں ہے"},{"$i":"nospace2-text","$v":"اندرُونی اسٹوریج بھرا ہوا ہے۔ براہ کرم کچھ تصاویر حذف کریں یا میموری کارڈ داخل کریں۔"},{"$i":"confirmation","$v":"توثیق کاری"},{"$i":"error-saving-title","$v":"تصویر محفوظ نہیں ہوئی"},{"$i":"error-saving-text","$v":"ایک نقص کی وجہ سے تصویر محفوظ کرنے میں ناکامی ہوئی۔"},{"$i":"error-recording-title","$v":"ویڈیو ریکارڈ نہیں کیا گيا"},{"$i":"error-recording-text","$v":"ایک نقص کی وجہ سے کمیرہ کو ویڈیو ریکارڈ کرنے میں ناکامی ہوئی۔"},{"$i":"error-video-file-path-title","$v":"ویڈیو ریکارڈ نہیں کیا گيا"},{"$i":"error-video-file-path-text","$v":"ویڈیو فائل پاتھ بنانے میں نقص۔"},{"$i":"nocard2-title","$v":"کوئی میموری کارڈ نہیں ملا"},{"$i":"nocard3-text","$v":"میموری کارڈ نہیں ملا ہے۔ براہ کرم تصاویر لینے کیلئے میموری کارڈ داخل کریں۔"},{"$i":"pluggedin2-title","$v":"فون کے پلگ ان ہونے پر کیمرہ استعمال نہیں کیا جاسکتا"},{"$i":"pluggedin2-text","$v":"اسٹوریج فی الحال زیر استعمال ہے۔ براہ کرم تصویریں لینے کیلئے فون ان پلگ کریں۔"},{"$i":"storage-size-limit-reached","$v":"آپ کی میڈیا اسٹوریج کی جگہ ختم ہورہی ہے۔"},{"$i":"activity-size-limit-reached","$v":"آپ اس منسلکہ کے زیادہ سے زیادہ سائز تک پہنچ گئے ہیں۔"},{"$i":"camera","$v":"کیمرا"},{"$i":"retake-button","$v":"دوبارہ لیں"},{"$i":"select-button","$v":"منتخب کریں"},{"$i":"close-button","$v":"بند کریں"},{"$i":"delete-photo?","$v":"تصویر حذف کریں"},{"$i":"delete-video?","$v":"ویڈیو کو حذف کریں؟"},{"$i":"cancel","$v":"منسوخ کریں"},{"$i":"delete","$v":"حذف کریں"},{"$i":"mp","$v":"MP"},{"$i":"camera-resolution","$v":"کمیرہ ریزولیوشن"},{"$i":"camera-resolution-header","$v":[{"t":"idOrVar","v":"camera-resolution"}]},{"$i":"video-resolution","$v":"ویڈیو کی قرارداد"},{"$i":"video-resolution-header","$v":[{"t":"idOrVar","v":"video-resolution"}]},{"$i":"scene-mode","$v":"منظر موڈ"},{"$i":"scene-mode-header","$v":[{"t":"idOrVar","v":"scene-mode"}]},{"$i":"self-timer","$v":"سیلف-ٹائمر"},{"$i":"self-timer-header","$v":[{"t":"idOrVar","v":"self-timer"}]},{"$i":"self-timer-off","$v":"آف"},{"$i":"self-timer-3-seconds","$v":"3 سیکنڈز"},{"$i":"self-timer-5-seconds","$v":"5 سیکنڈز"},{"$i":"self-timer-10-seconds","$v":"10 سیکنڈز"},{"$i":"battery-shutdown-title","$v":"کم بیٹری"},{"$i":"battery-shutdown-text","$v":"کیمرہ استعمال کرنے کیلئے بیٹری بہت کم ہے۔"},{"$i":"battery-critical-text","$v":"شدید کم بیٹری"},{"$i":"battery-verylow-text","$v":"10% بیٹری باقی"},{"$i":"battery-low-text","$v":"15% بیٹری باقی"},{"$i":"camera-unavailable-title","$v":"کیمرہ دستیاب نہیں ہے"},{"$i":"camera-unavailable-text","$v":"کیمرہ کسی دوسرے ایپ کے ذریعے استعمال کیا جاتا ہے۔"},{"$i":"hdr","$v":"HDR"},{"$i":"hdr-header","$v":[{"t":"idOrVar","v":"hdr"}]},{"$i":"hdr-on","$v":"آن"},{"$i":"hdr-off","$v":"آف"},{"$i":"hdr-deactivated","$v":"(HDR غیر فعال کر دیا گیا ہے)"},{"$i":"grid","$v":"گرڈ لائنز"},{"$i":"grid-header","$v":[{"t":"idOrVar","v":"grid"}]},{"$i":"grid-on","$v":"آن"},{"$i":"grid-off","$v":"آف"},{"$i":"flash","$v":"فلیش"},{"$i":"flash-on","$v":"آن"},{"$i":"flash-off","$v":"آف"},{"$i":"flash-auto","$v":"خودکار"},{"$i":"flash-deactivated","$v":"(فلیش غیر فعال کردیا گیا ہے)"},{"$i":"Photo-Mode","$v":"تصویر موڈ"},{"$i":"Video-Mode","$v":"ویڈیو موڈ"},{"$i":"options","$v":"اختیارات"},{"$i":"open-gallery","$v":"گيلری کھولیں"},{"$i":"preview","$v":"پیش منظر"},{"$i":"tcl-flash","$v":"فلیش"},{"$i":"tcl-hdr","$v":"HDR"},{"$i":"tcl-grid","$v":"گرڈ"},{"$i":"tcl-timer","$v":"سیلف ٹائمر"},{"$i":"tcl-timer-option","$v":{"zero":[{"t":"idOrVar","v":"n"}," سیکنڈ"],"one":[{"t":"idOrVar","v":"n"}," سیکنڈ"],"two":[{"t":"idOrVar","v":"n"}," سیکنڈز"],"few":[{"t":"idOrVar","v":"n"}," سیکنڈز"],"many":[{"t":"idOrVar","v":"n"}," سیکنڈز"],"other":[{"t":"idOrVar","v":"n"}," سیکنڈز"]},"$x":[{"t":"idOrVar","v":"plural"},"n"]},{"$i":"tcl-gallery","$v":"گیلری"},{"$i":"tcl-gallery-option","$v":"گیلری ایپلیکیش پر جائیں"},{"$i":"tcl-videos","$v":"ویڈیو"},{"$i":"tcl-videos-option","$v":"ویڈیو ایپلیکیش پر جائیں"},{"$i":"tcl-on","$v":"آن"},{"$i":"tcl-off","$v":"آف"},{"$i":"tcl-auto","$v":"خودکار"},{"$i":"tcl-options","$v":"اختیارات"},{"$i":"tcl-camera-mode","$v":"تصویر پر سوئچ کیا گیا"},{"$i":"tcl-video-mode","$v":"ویڈیو پر سوئچ کیا گیا"},{"$i":"tcl-turn-on","$v":"آن کیا گيا۔"},{"$i":"tcl-turn-off","$v":"آف کیا گيا۔"},{"$i":"tcl-activity-cancel","$v":"منسوخ کریں"},{"$i":"tcl-activity-retake","$v":"دوبارہ لیں"},{"$i":"activity-done","$v":"ہو گیا"},{"$i":"tcl-activity-save","$v":"محفوظ کریں"},{"$i":"tcl-video-saved","$v":"ویڈیو محفوظ ہوگیا"},{"$i":"turn-on","$v":"آن کیا گيا۔"},{"$i":"turn-off","$v":"آف کیا گيا۔"},{"$i":"switch-modes","$v":"موڈز"},{"$i":"photo-mode","$v":"تصویر موڈ"},{"$i":"video-mode","$v":"ویڈیو موڈ"},{"$i":"switch-resolution","$v":"ریزولیوشن"},{"$i":"low-resolution","$v":"کم"},{"$i":"medium-resolution","$v":"متوسط"},{"$i":"high-resolution","$v":"اعلی"},{"$i":"set-resolution-to","$v":"ریزولیوشن سیٹ در"},{"$i":"pause","$v":"موقوف کریں"},{"$i":"close-menu-button","ariaLabel":"مینو بند کریں"},{"$i":"back-button","ariaLabel":"واپس جائیں"},{"$i":"setting-option","ariaLabel":[{"t":"idOrVar","v":"value"}]},{"$i":"setting-option-hdr","ariaLabel":["HDR ",{"t":"idOrVar","v":"value"}]},{"$i":"setting-option-self-timer","ariaLabel":["سیلف-ٹائمر ",{"t":"idOrVar","v":"value"}]},{"$i":"setting-option-grid","ariaLabel":["گرڈ لائنس ",{"t":"idOrVar","v":"value"}]},{"$i":"setting-option-scene-mode","ariaLabel":["منظر موڈ ",{"t":"idOrVar","v":"value"}]},{"$i":"setting-option-camera-resolution","ariaLabel":["کمیرہ ریزولیوشن ",{"t":"idOrVar","v":"value"}]},{"$i":"setting-option-video-resolution","ariaLabel":["ویڈیو ریزولیوشن ",{"t":"idOrVar","v":"value"}]},{"$i":"flash-on-button","ariaLabel":"فلیش آن"},{"$i":"flash-off-button","ariaLabel":"فلیش آف"},{"$i":"flash-auto-button","ariaLabel":"خودکار فلیش"},{"$i":"switch-camera","$v":"کیمرہ سیکشن"},{"$i":"toggle-camera-rear-button","$v":"پچھلا کیمرہ"},{"$i":"toggle-camera-front-button","$v":"سامنے کا کیمرہ"},{"$i":"menu-button","ariaLabel":"مینو"},{"$i":"preview-button","ariaLabel":"پیش منظر"},{"$i":"controls-button-close","ariaLabel":"بند کریں"},{"$i":"share-button","ariaLabel":"اشتراک کریں"},{"$i":"more-button","ariaLabel":"مزید"},{"$i":"media-frame","ariaLabel":[{"t":"idOrVar","v":"total"}," میں سے ",{"t":"idOrVar","v":"current"}," فریم"],"ariaMozHint":"اگلے پر جانے کیلئے 2 انگلیوں سے بائیں سوائپ کریں، یا پچھلے پر جانے کیلئے دائیں سوائپ کریں۔"},{"$i":"tcl-zoom","$v":"زوم کریں"},{"$i":"tcl-zoom-in","$v":"زوم ان"},{"$i":"tcl-zoom-out","$v":"زوم آؤٹ"},{"$i":"tcl-share","$v":"اشتراک کریں"},{"$i":"set-as-wallpaper","$v":"وال پیپر کے طور پر سیٹ کریں"},{"$i":"set","$v":"سیٹ کریں"},{"$i":"wallpaper-set","$v":"وال پیپر سیٹ ہوگیا۔"},{"$i":"tcl-photo-deleted","$v":"تصویر حذف کی گئی"},{"$i":"tcl-ok","$v":"ٹھیک ہے"},{"$i":"ftu-info","$v":"تصویر اور ویڈیو موڈز کے درمیان تبدیل کرنے کیلئے بائيں یا دائيں کلید کو دبائيں۔"},{"$i":"tcl-full-screen","$v":"فل اسکرین"},{"$i":"tcl-video-deleted","$v":"ویڈیو حذف کردیا گیا"},{"$i":"tcl-preview","$v":"پیش منظر"},{"$i":"welcome","$v":"کیمرہ میں خوش آمدید"},{"$i":"ok","$v":"ٹھیک ہے"},{"$i":"tcl-option","$v":"اختیارات"},{"$i":"tcl-camera","$v":"کیمرا"},{"$i":"tcl-alert-message","$v":"میموری کارڈ بھرا ہوا ہے۔ براہ کرم کچھ تصاویر حذف کریں یا کوئي دوسرا میموری کارڈ داخل کریں۔"},{"$i":"tcl-error-message","$v":"تصویر محفوظ نہیں ہوئی۔ ایک نقص کی وجہ سے تصویر محفوظ کرنے میں ناکامی ہوئی۔"},{"$i":"tcl-error-file-message","$v":"ویڈیو ریکارڈ نہیں کیا گیا ویڈیو فائل پاتھ بنانے میں خرابی۔"},{"$i":"weekday-0-long","$v":"اتوار"},{"$i":"weekday-1-long","$v":"پیر"},{"$i":"weekday-2-long","$v":"منگل"},{"$i":"weekday-3-long","$v":"بدھ"},{"$i":"weekday-4-long","$v":"جمعرات"},{"$i":"weekday-5-long","$v":"جمعہ"},{"$i":"weekday-6-long","$v":"سنیچر"},{"$i":"weekday-0-short","$v":"اتوار"},{"$i":"weekday-1-short","$v":"پیر"},{"$i":"weekday-2-short","$v":"منگل"},{"$i":"weekday-3-short","$v":"بدھ"},{"$i":"weekday-4-short","$v":"جمعرات"},{"$i":"weekday-5-short","$v":"جمعہ"},{"$i":"weekday-6-short","$v":"ہفتہ"},{"$i":"month-0-long","$v":"جنوری"},{"$i":"month-1-long","$v":"فروری"},{"$i":"month-2-long","$v":"مارچ"},{"$i":"month-3-long","$v":"اپریل"},{"$i":"month-4-long","$v":"مئی"},{"$i":"month-5-long","$v":"جون"},{"$i":"month-6-long","$v":"جولائی"},{"$i":"month-7-long","$v":"اگست"},{"$i":"month-8-long","$v":"ستمبر"},{"$i":"month-9-long","$v":"اکتوبر"},{"$i":"month-10-long","$v":"نومبر"},{"$i":"month-11-long","$v":"دسمبر"},{"$i":"month-0-genitive","$v":"جنوری"},{"$i":"month-1-genitive","$v":"فروری"},{"$i":"month-2-genitive","$v":"مارچ"},{"$i":"month-3-genitive","$v":"اپریل"},{"$i":"month-4-genitive","$v":"مئی"},{"$i":"month-5-genitive","$v":"جون"},{"$i":"month-6-genitive","$v":"جولائی"},{"$i":"month-7-genitive","$v":"اگست"},{"$i":"month-8-genitive","$v":"ستمبر"},{"$i":"month-9-genitive","$v":"اکتوبر"},{"$i":"month-10-genitive","$v":"نومبر"},{"$i":"month-11-genitive","$v":"دسمبر"},{"$i":"month-0-short","$v":"جنوری"},{"$i":"month-1-short","$v":"فروری"},{"$i":"month-2-short","$v":"مارچ"},{"$i":"month-3-short","$v":"اپریل"},{"$i":"month-4-short","$v":"مئی"},{"$i":"month-5-short","$v":"جون"},{"$i":"month-6-short","$v":"جولائی"},{"$i":"month-7-short","$v":"اگست"},{"$i":"month-8-short","$v":"ستمبر"},{"$i":"month-9-short","$v":"اکتوبر"},{"$i":"month-10-short","$v":"نومبر"},{"$i":"month-11-short","$v":"دسمبر"},{"$i":"minutes-ago-long","$v":{"zero":"ابھی ابھی","one":"ایک منٹ قبل","two":[{"t":"idOrVar","v":"value"}," منٹس قبل"],"few":[{"t":"idOrVar","v":"value"}," منٹس قبل"],"many":[{"t":"idOrVar","v":"value"}," منٹس قبل"],"other":[{"t":"idOrVar","v":"value"}," منٹس قبل"]},"$x":[{"t":"idOrVar","v":"plural"},"value"]},{"$i":"hours-ago-long","$v":{"zero":"ابھی ابھی","one":"ایک گھنٹہ قبل","two":[{"t":"idOrVar","v":"value"}," گھنٹوں قبل"],"few":[{"t":"idOrVar","v":"value"}," گھنٹوں قبل"],"many":[{"t":"idOrVar","v":"value"}," گھنٹوں قبل"],"other":[{"t":"idOrVar","v":"value"}," گھنٹوں قبل"]},"$x":[{"t":"idOrVar","v":"plural"},"value"]},{"$i":"days-ago-long","$v":{"zero":"آج","one":"گزشتہ کل","two":[{"t":"idOrVar","v":"value"}," دن قبل"],"few":[{"t":"idOrVar","v":"value"}," دن قبل"],"many":[{"t":"idOrVar","v":"value"}," دن قبل"],"other":[{"t":"idOrVar","v":"value"}," دن قبل"]},"$x":[{"t":"idOrVar","v":"plural"},"value"]},{"$i":"weeks-ago-long","$v":{"zero":"اس ہفتہ","one":"آخری ہفتہ","two":[{"t":"idOrVar","v":"value"}," ہفتے قبل"],"few":[{"t":"idOrVar","v":"value"}," ہفتے قبل"],"many":[{"t":"idOrVar","v":"value"}," ہفتے قبل"],"other":[{"t":"idOrVar","v":"value"}," ہفتے قبل"]},"$x":[{"t":"idOrVar","v":"plural"},"value"]},{"$i":"months-ago-long","$v":{"zero":"اس ماہ","one":"آخری مہینہ","two":[{"t":"idOrVar","v":"value"}," مہینہ قبل"],"few":[{"t":"idOrVar","v":"value"}," مہینہ قبل"],"many":[{"t":"idOrVar","v":"value"}," مہینہ قبل"],"other":[{"t":"idOrVar","v":"value"}," مہینہ قبل"]},"$x":[{"t":"idOrVar","v":"plural"},"value"]},{"$i":"years-ago-long","$v":{"zero":"اس سال","one":"آخری سال","two":[{"t":"idOrVar","v":"value"}," سال قبل"],"few":[{"t":"idOrVar","v":"value"}," سال قبل"],"many":[{"t":"idOrVar","v":"value"}," سال قبل"],"other":[{"t":"idOrVar","v":"value"}," سال قبل"]},"$x":[{"t":"idOrVar","v":"plural"},"value"]},{"$i":"minutes-until-long","$v":{"zero":"ابھی","one":"ایک منٹ میں","two":[{"t":"idOrVar","v":"value"}," منٹوں میں"],"few":[{"t":"idOrVar","v":"value"}," منٹوں میں"],"many":[{"t":"idOrVar","v":"value"}," منٹوں میں"],"other":[{"t":"idOrVar","v":"value"}," منٹوں میں"]},"$x":[{"t":"idOrVar","v":"plural"},"value"]},{"$i":"hours-until-long","$v":{"zero":"ابھی","one":"ایک گھٹے میں","two":[{"t":"idOrVar","v":"value"}," گھنٹوں میں"],"few":[{"t":"idOrVar","v":"value"}," گھنٹوں میں"],"many":[{"t":"idOrVar","v":"value"}," گھنٹوں میں"],"other":[{"t":"idOrVar","v":"value"}," گھنٹوں میں"]},"$x":[{"t":"idOrVar","v":"plural"},"value"]},{"$i":"days-until-long","$v":{"zero":"آج","one":"tomorrow","two":[{"t":"idOrVar","v":"value"}," دنوں میں"],"few":[{"t":"idOrVar","v":"value"}," دنوں میں"],"many":[{"t":"idOrVar","v":"value"}," دنوں میں"],"other":[{"t":"idOrVar","v":"value"}," دنوں میں"]},"$x":[{"t":"idOrVar","v":"plural"},"value"]},{"$i":"weeks-until-long","$v":{"zero":"اس ہفتہ","one":"اگلے ہفتے","two":[{"t":"idOrVar","v":"value"}," ہفتوں میں"],"few":[{"t":"idOrVar","v":"value"}," ہفتوں میں"],"many":[{"t":"idOrVar","v":"value"}," ہفتوں میں"],"other":[{"t":"idOrVar","v":"value"}," ہفتوں میں"]},"$x":[{"t":"idOrVar","v":"plural"},"value"]},{"$i":"months-until-long","$v":{"zero":"اس ماہ","one":"اگلے ماہ","two":[{"t":"idOrVar","v":"value"}," مہینوں میں"],"few":[{"t":"idOrVar","v":"value"}," مہینوں میں"],"many":[{"t":"idOrVar","v":"value"}," مہینوں میں"],"other":[{"t":"idOrVar","v":"value"}," مہینوں میں"]},"$x":[{"t":"idOrVar","v":"plural"},"value"]},{"$i":"years-until-long","$v":{"zero":"اس سال","one":"اگلے سال","two":[{"t":"idOrVar","v":"value"}," سالوں میں"],"few":[{"t":"idOrVar","v":"value"}," سالوں میں"],"many":[{"t":"idOrVar","v":"value"}," سالوں میں"],"other":[{"t":"idOrVar","v":"value"}," سالوں میں"]},"$x":[{"t":"idOrVar","v":"plural"},"value"]},{"$i":"minutes-ago-short","$v":{"zero":"ابھی ابھی","other":[{"t":"idOrVar","v":"value"}," منٹ قبل"]},"$x":[{"t":"idOrVar","v":"plural"},"value"]},{"$i":"hours-ago-short","$v":{"zero":"ابھی ابھی","other":[{"t":"idOrVar","v":"value"}," گھنٹہ قبل"]},"$x":[{"t":"idOrVar","v":"plural"},"value"]},{"$i":"days-ago-short","$v":{"zero":"آج","other":[{"t":"idOrVar","v":"value"}," دن قبل"]},"$x":[{"t":"idOrVar","v":"plural"},"value"]},{"$i":"minutes-until-short","$v":{"zero":"ابھی","other":[{"t":"idOrVar","v":"value"}," منٹ میں"]},"$x":[{"t":"idOrVar","v":"plural"},"value"]},{"$i":"hours-until-short","$v":{"zero":"ابھی","other":[{"t":"idOrVar","v":"value"}," گھنٹے میں"]},"$x":[{"t":"idOrVar","v":"plural"},"value"]},{"$i":"days-until-short","$v":{"zero":"آج","other":[{"t":"idOrVar","v":"value"}," دن میں"]},"$x":[{"t":"idOrVar","v":"plural"},"value"]},{"$i":"incorrectDate","$v":"(غلط تاریخ)"},{"$i":"dateTimeFormat_%c","$v":"%a %b %e %Y %I:%M:%S %p"},{"$i":"dateTimeFormat_%x","$v":"%m/%d/%Y"},{"$i":"dateTimeFormat_%X","$v":"%I:%M:%S %p"},{"$i":"shortTimeFormat","$v":"%I:%M %p"},{"$i":"shortTimeFormat12","$v":"%I:%M %p"},{"$i":"shortTimeFormat24","$v":"%H:%M"},{"$i":"shortDateTimeFormat","$v":"%x %I:%M %p"},{"$i":"weekStartsOnMonday","$v":"0"},{"$i":"firstDayOfTheWeek","$v":"0"},{"$i":"time_am","$v":"AM"},{"$i":"time_pm","$v":"PM"},{"$i":"imageDescription","$v":[{"t":"idOrVar","v":"orientation"}," تصویر، %I:%M %p, %B %e, %Y"]},{"$i":"imageDescriptionNoTimestamp","$v":[{"t":"idOrVar","v":"orientation"}," تصویر"]},{"$i":"videoDescription","$v":[{"t":"idOrVar","v":"orientation"}," ویڈیو، %I:%M %p, %B %e, %Y"]},{"$i":"videoDescriptionNoTimestamp","$v":[{"t":"idOrVar","v":"orientation"}," ویڈیو"]},{"$i":"orientationPortrait","$v":"پورٹریٹ"},{"$i":"orientationLandscape","$v":"لینڈ سکیپ"},{"$i":"playbackPlay","ariaLabel":"چلائیں"},{"$i":"playbackPause","ariaLabel":"موقوف کریں"},{"$i":"playbackNext","ariaLabel":"اگلا"},{"$i":"playbackPrevious","ariaLabel":"گزشتہ"},{"$i":"playbackFullscreen","ariaLabel":"مکمل اسکرین"},{"$i":"playbackSeekBar","ariaLabel":["تلاش بار، دورانیہ ",{"t":"idOrVar","v":"duration"}]}]