[{"$i":"brandShortName","$v":"KaiOS"},{"$i":"browserBrandShortName","$v":"Web Browser"},{"$i":"browserBrandFullName","$v":"Mozilla Web Browser"},{"$i":"ringtoneBrandName","$v":"Default"},{"$i":"ringtoneSectionBrandName","$v":"System"},{"$i":"ringtone-none","$v":"একো নাই"},{"$i":"ringer_azalea","$v":"অজেলিয়া"},{"$i":"ringer_bloom","$v":"ব্লুম"},{"$i":"ringer_blove","$v":"ব্ল’ৱ"},{"$i":"ringer_city_lights","$v":"চিটি লাইট"},{"$i":"ringer_dots","$v":"ডটছ"},{"$i":"ringer_flow","$v":"প্ৰবাহ"},{"$i":"ringer_fountain","$v":"ফাউন্টেইন"},{"$i":"ringer_fresh","$v":"ফ্ৰেচ"},{"$i":"ringer_firefox2","$v":[{"t":"idOrVar","v":"ringtoneBrandName"}]},{"$i":"ringer_illuminate","$v":"আলোকিত কৰক"},{"$i":"ringer_incoming","$v":"ইনকামিং"},{"$i":"ringer_silvery","$v":"ৰূপালী"},{"$i":"ringer_now_or_never","$v":"এতিয়া বা কেতিয়াও নহয়"},{"$i":"ringer_primary","$v":"প্ৰাথমিক"},{"$i":"ringer_pure_guitar","$v":"পিয়’ৰ গিটাৰ"},{"$i":"ringer_rounded","$v":"ৰাউণ্ডেড"},{"$i":"ringer_spring","$v":"স্প্ৰিং"},{"$i":"ringer_stargazer","$v":"ষ্টাৰ্গেজাৰ"},{"$i":"ringer_vaca","$v":"ৱাকা"},{"$i":"notifier_bells","$v":"বেল্স"},{"$i":"notifier_bloom","$v":"ব্লুম"},{"$i":"notifier_chime","$v":"চাইম"},{"$i":"notifier_clicka","$v":"ক্লিকা"},{"$i":"notifier_digi","$v":"ডিজি"},{"$i":"notifier_dropplet","$v":"ড্ৰপলেট"},{"$i":"notifier_firefox2","$v":[{"t":"idOrVar","v":"ringtoneBrandName"}]},{"$i":"notifier_hello","$v":"নমস্কাৰ"},{"$i":"notifier_ping","$v":"পিং"},{"$i":"notifier_plickle","$v":"প্লিকল"},{"$i":"notifier_pocko","$v":"পোকো"},{"$i":"notifier_quado","$v":"কুৱাড’"},{"$i":"notifier_red","$v":"ৰঙা"},{"$i":"notifier_sato","$v":"সাটো"},{"$i":"notifier_trickleup","$v":"ট্ৰিকল আপ"},{"$i":"notifier_trink","$v":"ট্ৰিংক"},{"$i":"notifier_verse","$v":"ভাৰ্ছ"},{"$i":"manage-title-2","$v":"ট’নসমূহ নিয়ন্ত্ৰণ কৰক"},{"$i":"actions-share-ringtone","$v":"ৰিংট’ন শ্বেয়াৰ কৰক"},{"$i":"actions-delete-ringtone","$v":"ৰিংট’ন বিলোপ কৰক"},{"$i":"actions-share-alerttone","$v":"এলাৰ্ট শ্বেয়াৰ কৰক"},{"$i":"actions-delete-alerttone","$v":"এলাৰ্ট বিলোপ কৰক"},{"$i":"actions-cancel","$v":"বাতিল কৰক"},{"$i":"delete-title-ringtone","$v":"ৰিংট’ন বিলোপ কৰক"},{"$i":"delete-title-alerttone","$v":"এলাৰ্ট বিলোপ কৰক"},{"$i":"delete-desc","$v":["আপুনি \"",{"t":"idOrVar","v":"tone"},"\" বিলোপ কৰিবলৈ বিচাৰেনে?"]},{"$i":"delete-desc-default-ringtone","$v":["\"",{"t":"idOrVar","v":"tone"},"\" বৰ্তমানৰ ডিফ’ল্ট ৰিংট’ন ৷ \n\n আপুনি ইয়াক বিলোপ কৰিব বিচাৰেনে ?"]},{"$i":"delete-desc-default-alerttone","$v":["\"",{"t":"idOrVar","v":"tone"},"\" বৰ্তমানৰ ডিফ’ল্ট এলাৰ্ট । \n\n আপুনি ইয়াক বিলোপ কৰিব বিচাৰেনে ?"]},{"$i":"delete-cancel","$v":"বাতিল কৰক"},{"$i":"delete-confirm","$v":"বিলোপ কৰক"},{"$i":"deleted-ringtone","$v":"ৰিংট’ন বিলোপ কৰা হৈছে ৷"},{"$i":"deleted-alerttone","$v":"এলাৰ্ট বিলোপ কৰা হৈছে।"},{"$i":"created-tone","$v":"ৰিংট’ন বনোৱা হৈছে ৷"},{"$i":"set-default-tone","$v":"ৰিংট’ন ডিফ’ল্ট ৰূপে ছেট কৰা হৈছে ৷"},{"$i":"sd-card-subtitle","$v":"SD কাৰ্ড"},{"$i":"confirmation","$v":"নিশ্চিতিকৰণ"},{"$i":"pick-title","$v":"ধ্বনি বাছনি কৰক"},{"$i":"pick-set","$v":"ছেট কৰক"},{"$i":"system-ringtones","$v":"ছিষ্টেম ৰিংট’নবোৰ"},{"$i":"my-ringtones","$v":"মোৰ ৰিংট’ন"},{"$i":"notice-alerts","$v":"এলাৰ্টসমূহ"},{"$i":"section-title-builtin-ringtone","$v":[{"t":"idOrVar","v":"ringtoneSectionBrandName"}," ৰিংট’নবোৰ"]},{"$i":"section-title-builtin-alerttone","$v":[{"t":"idOrVar","v":"ringtoneSectionBrandName"}," এলাৰ্টসমূহ"]},{"$i":"section-header-title-ringtone","$v":"ৰিংট’নসমূহ"},{"$i":"section-header-title-alerttone","$v":"এলাৰ্টসমূহ"},{"$i":"section-title-custom-ringtone","$v":"মোৰ ৰিংট’ন"},{"$i":"section-title-custom-alerttone","$v":"মোৰ এলাৰ্টসমূহ"},{"$i":"create-title","$v":"ৰিংট’ন ৰূপে চেভ কৰক"},{"$i":"create-save","$v":"ছেভ কৰক"},{"$i":"create-cancel","$v":"বাতিল কৰক"},{"$i":"create-select","$v":"বাছনি কৰক"},{"$i":"create-deselect","$v":"অ-বাছনি কৰক"},{"$i":"play-error-title","$v":"বেয়া ফাইল"},{"$i":"play-error-desc","$v":"ফাইলটো বেয়া হৈছে ৷ ইয়াক এটা ৰিংট’ন বনাবলৈ ব্যৱহাৰ কৰিব পৰা নাযাব ৷"},{"$i":"save-error-title","$v":"ৰিংট’ন বনোৱা হোৱা নাই"},{"$i":"save-error-desc","$v":"ৰিংট’ন সৃষ্টি কৰি থাকোতে এটা সমস্যা হৈছিল ৷ অনুগ্ৰহ কৰি পুনৰ চেষ্টা কৰক ৷"},{"$i":"default-label","$v":"ডিফ’ল্ট ৰিংট’ন ৰূপে চেভ কৰক"},{"$i":"ok","$v":"ঠিক আছে"},{"$i":"ringtone-untitled","$v":"অশিৰোনামাযুক্ত"},{"$i":"options","$v":"বিকল্পসমূহ"},{"$i":"play","$v":"বজাওঁক"},{"$i":"stop","$v":"ৰখক"},{"$i":"share","$v":"শ্বেয়াৰ কৰক"},{"$i":"delete","$v":"বিলোপ কৰক"},{"$i":"cancel","$v":"বাতিল কৰক"},{"$i":"select","$v":"বাছনি কৰক"},{"$i":"add","$v":"যোগ কৰক"},{"$i":"no-ringtones","$v":"কোনো ৰিংট’ন নাই"},{"$i":"no-ringtones-warning","$v":"আপোনাৰ ৰিংট’নবোৰ যোগ কৰিবলৈ \"যোগ\" বাছনি কৰক ৷"}]