[{"$i":"brandShortName","$v":"KaiOS"},{"$i":"browserBrandShortName","$v":"Web Browser"},{"$i":"browserBrandFullName","$v":"Mozilla Web Browser"},{"$i":"ringtoneBrandName","$v":"Default"},{"$i":"ringtoneSectionBrandName","$v":"System"},{"$i":"ringtone-none","$v":"কোনো কিছুই নয়"},{"$i":"ringer_azalea","$v":"আজালিয়া"},{"$i":"ringer_bloom","$v":"ব্লুম"},{"$i":"ringer_blove","$v":"ব্লোভ"},{"$i":"ringer_city_lights","$v":"শহরের আলোগুলি"},{"$i":"ringer_dots","$v":"ডট"},{"$i":"ringer_flow","$v":"ফ্লো"},{"$i":"ringer_fountain","$v":"ফাউন্টেন"},{"$i":"ringer_fresh","$v":"ফ্রেশ"},{"$i":"ringer_firefox2","$v":[{"t":"idOrVar","v":"ringtoneBrandName"}]},{"$i":"ringer_illuminate","$v":"ইল্যুমিনেট"},{"$i":"ringer_incoming","$v":"ইনকামিং"},{"$i":"ringer_silvery","$v":"সিলভারী"},{"$i":"ringer_now_or_never","$v":"এখন বা কখনও না"},{"$i":"ringer_primary","$v":"প্রাইমারী"},{"$i":"ringer_pure_guitar","$v":"পিওর গীটার"},{"$i":"ringer_rounded","$v":"রাউন্ডেড"},{"$i":"ringer_spring","$v":"স্প্রিং"},{"$i":"ringer_stargazer","$v":"ষ্টাৰ্গেজার"},{"$i":"ringer_vaca","$v":"ভাকা"},{"$i":"notifier_bells","$v":"বেল্স"},{"$i":"notifier_bloom","$v":"ব্লুম"},{"$i":"notifier_chime","$v":"চাইম"},{"$i":"notifier_clicka","$v":"ক্লিকা"},{"$i":"notifier_digi","$v":"ডিজি"},{"$i":"notifier_dropplet","$v":"ড্রপলেট"},{"$i":"notifier_firefox2","$v":[{"t":"idOrVar","v":"ringtoneBrandName"}]},{"$i":"notifier_hello","$v":"হ্যালো"},{"$i":"notifier_ping","$v":"পিং করুন"},{"$i":"notifier_plickle","$v":"প্লিকেল"},{"$i":"notifier_pocko","$v":"পোকো"},{"$i":"notifier_quado","$v":"কোয়াডো"},{"$i":"notifier_red","$v":"লাল"},{"$i":"notifier_sato","$v":"স্যাটো"},{"$i":"notifier_trickleup","$v":"ট্রিকেল আপ"},{"$i":"notifier_trink","$v":"ট্রিঙ্ক"},{"$i":"notifier_verse","$v":"ভার্স"},{"$i":"manage-title-2","$v":"টোনগুলি পরিচালনা করুন"},{"$i":"actions-share-ringtone","$v":"রিংটোন শেয়ার করুন"},{"$i":"actions-delete-ringtone","$v":"রিংটোন মুছুন"},{"$i":"actions-share-alerttone","$v":"অ্যালার্ট শেয়ার করুন"},{"$i":"actions-delete-alerttone","$v":"সতর্কতা মুছুন"},{"$i":"actions-cancel","$v":"বাতিল করুন"},{"$i":"delete-title-ringtone","$v":"রিংটোন মুছুন"},{"$i":"delete-title-alerttone","$v":"সতর্কতা মুছুন"},{"$i":"delete-desc","$v":["আপনি কি \"",{"t":"idOrVar","v":"tone"},"\" টিকে মুছে ফেলতে চান ?"]},{"$i":"delete-desc-default-ringtone","$v":["\"",{"t":"idOrVar","v":"tone"},"\" হল বর্তমান ডিফল্ট রিংটোন।\n\nআপনি কি এটি মুছে ফেলতে চান?"]},{"$i":"delete-desc-default-alerttone","$v":["\"",{"t":"idOrVar","v":"tone"},"\" হল বর্তমান ডিফল্ট অ্যালার্ট।\n\nআপনি কি এটি মুছে ফেলতে চান?"]},{"$i":"delete-cancel","$v":"বাতিল করুন"},{"$i":"delete-confirm","$v":"মুছুন"},{"$i":"deleted-ringtone","$v":"রিংটোন মোছে হয়েছে ।"},{"$i":"deleted-alerttone","$v":"অ্যালার্ট মোছা হয়েছে ।"},{"$i":"created-tone","$v":"রিংটোন তৈরি করা হয়েছে ।"},{"$i":"set-default-tone","$v":"রিংটোন ডিফল্ট হিসেবে সেট করা হয়েছে ।"},{"$i":"sd-card-subtitle","$v":"SD কার্ড"},{"$i":"confirmation","$v":"নিশ্চিতকরণ"},{"$i":"pick-title","$v":"ধ্বনি নির্বাচন করুন"},{"$i":"pick-set","$v":"সেট করুন"},{"$i":"system-ringtones","$v":"সিস্টেম রিংটোনগুলি"},{"$i":"my-ringtones","$v":"আমার রিংটোন"},{"$i":"notice-alerts","$v":"অ্যালার্ট"},{"$i":"section-title-builtin-ringtone","$v":[{"t":"idOrVar","v":"ringtoneSectionBrandName"}," রিংটোন"]},{"$i":"section-title-builtin-alerttone","$v":[{"t":"idOrVar","v":"ringtoneSectionBrandName"}," অ্যালার্ট"]},{"$i":"section-header-title-ringtone","$v":"রিংটোন্স"},{"$i":"section-header-title-alerttone","$v":"অ্যালার্ট"},{"$i":"section-title-custom-ringtone","$v":"আমার রিংটোন"},{"$i":"section-title-custom-alerttone","$v":"আমার অ্যালার্ট"},{"$i":"create-title","$v":"রিংটোন হিসেবে সেভ করুন"},{"$i":"create-save","$v":"সেভ করুন"},{"$i":"create-cancel","$v":"বাতিল করুন"},{"$i":"create-select","$v":"নির্বাচন করুন"},{"$i":"create-deselect","$v":"অনির্বাচন করুন"},{"$i":"play-error-title","$v":"খারাপ হয়ে যাওয়া ফাইল"},{"$i":"play-error-desc","$v":"ফাইলটি নষ্ট হয়ে গেছে। একটি রিংটোন তৈরি করতে এটি ব্যবহার করা যাবে না ।"},{"$i":"save-error-title","$v":"রিংটোন তৈরি করা হয় নি"},{"$i":"save-error-desc","$v":"রিংটোন তৈরি করার সময় একটি সমস্যা হয়েছে। অনুগ্রহ করে আবার চেষ্টা করুন ।"},{"$i":"default-label","$v":"ডিফল্ট রিংটোন হিসেবে সেভ করুন"},{"$i":"ok","$v":"ঠিক আছে"},{"$i":"ringtone-untitled","$v":"শিরোনামহীন"},{"$i":"options","$v":"বিকল্পগুলি"},{"$i":"play","$v":"বাজান"},{"$i":"stop","$v":"বন্ধ"},{"$i":"share","$v":"শেয়ার করুন"},{"$i":"delete","$v":"মুছুন"},{"$i":"cancel","$v":"বাতিল করুন"},{"$i":"select","$v":"নির্বাচন করুন"},{"$i":"add","$v":"যোগ করুন"},{"$i":"no-ringtones","$v":"কোনো রিংটোন নেই"},{"$i":"no-ringtones-warning","$v":"আপনার রিংটোনগুলি যোগ করতে \"যোগ করুন\" নির্বাচন করুন ।"}]