[{"$i":"brandShortName","$v":"KaiOS"},{"$i":"browserBrandShortName","$v":"Web Browser"},{"$i":"browserBrandFullName","$v":"Mozilla Web Browser"},{"$i":"ringtoneBrandName","$v":"Default"},{"$i":"ringtoneSectionBrandName","$v":"System"},{"$i":"ringtone-none","$v":"कोई बी नेईं"},{"$i":"ringer_azalea","$v":"ऐजलिया"},{"$i":"ringer_bloom","$v":"ब्लूम"},{"$i":"ringer_blove","$v":"बलव"},{"$i":"ringer_city_lights","$v":"सिटी लाइट"},{"$i":"ringer_dots","$v":"डाट्स"},{"$i":"ringer_flow","$v":"फ्लो"},{"$i":"ringer_fountain","$v":"फव्वारा"},{"$i":"ringer_fresh","$v":"ताजा"},{"$i":"ringer_firefox2","$v":[{"t":"idOrVar","v":"ringtoneBrandName"}]},{"$i":"ringer_illuminate","$v":"चमकाना"},{"$i":"ringer_incoming","$v":"इनकमिंग"},{"$i":"ringer_silvery","$v":"चमकीला"},{"$i":"ringer_now_or_never","$v":"हून जां कदें बी नेईं"},{"$i":"ringer_primary","$v":"मुक्ख"},{"$i":"ringer_pure_guitar","$v":"शुद्ध गिटार"},{"$i":"ringer_rounded","$v":"गोल कीते दा"},{"$i":"ringer_spring","$v":"बसंत"},{"$i":"ringer_stargazer","$v":"जोतश"},{"$i":"ringer_vaca","$v":"Vaca"},{"$i":"notifier_bells","$v":"बैल्स"},{"$i":"notifier_bloom","$v":"ब्लूम"},{"$i":"notifier_chime","$v":"चाइम"},{"$i":"notifier_clicka","$v":"क्लिका"},{"$i":"notifier_digi","$v":"डिजी"},{"$i":"notifier_dropplet","$v":"ड्राप-पल्ट"},{"$i":"notifier_firefox2","$v":[{"t":"idOrVar","v":"ringtoneBrandName"}]},{"$i":"notifier_hello","$v":"नमस्ते"},{"$i":"notifier_ping","$v":"पिंग"},{"$i":"notifier_plickle","$v":"प्लीकल"},{"$i":"notifier_pocko","$v":"पोको"},{"$i":"notifier_quado","$v":"कूआडो"},{"$i":"notifier_red","$v":"लाल"},{"$i":"notifier_sato","$v":"सातो"},{"$i":"notifier_trickleup","$v":"ट्रीकल अप"},{"$i":"notifier_trink","$v":"ट्रिंक"},{"$i":"notifier_verse","$v":"कविता"},{"$i":"manage-title-2","$v":"टोनां प्रबंधत करो"},{"$i":"actions-share-ringtone","$v":"रिंगटोन सांझा करो"},{"$i":"actions-delete-ringtone","$v":"रिंगटोन डिलीट करो"},{"$i":"actions-share-alerttone","$v":"अलर्ट सांझा करो"},{"$i":"actions-delete-alerttone","$v":"अलर्ट डिलीट करो"},{"$i":"actions-cancel","$v":"रद्द करो"},{"$i":"delete-title-ringtone","$v":"रिंगटोन डिलीट करो"},{"$i":"delete-title-alerttone","$v":"अलर्ट डिलीट करो"},{"$i":"delete-desc","$v":["क्या तुस जकीनी तौर पर \"",{"t":"idOrVar","v":"tone"},"\"गी डिलीट करना चांह्​दे ओ?"]},{"$i":"delete-desc-default-ringtone","$v":["\"",{"t":"idOrVar","v":"tone"},"\" मौजूदा डिफाल्ट रिंगटोन ऐ। \n \n क्या तुस जकीनी तौर पर इसी डिलीट करना चांह्​दे ओ"]},{"$i":"delete-desc-default-alerttone","$v":["\"",{"t":"idOrVar","v":"tone"},"\" मौजूदा डिफाल्ट अलर्ट ऐ। \n \n क्या तुस जकीनी तौर पर इसी डिलीट करना चांह्​दे ओ"]},{"$i":"delete-cancel","$v":"रद्द करो"},{"$i":"delete-confirm","$v":"हटाना"},{"$i":"deleted-ringtone","$v":"रिंगटोन डिलीट कीती गेई।"},{"$i":"deleted-alerttone","$v":"अलर्ट डिलीट कीता गेआ।"},{"$i":"created-tone","$v":"रिंगटोन बनाई गेई।"},{"$i":"set-default-tone","$v":"रिंगटोन डिफाल्ट दे रूप च सेट ऐ।"},{"$i":"sd-card-subtitle","$v":"SD कार्ड"},{"$i":"confirmation","$v":"पुश्टिकरण"},{"$i":"pick-title","$v":"साउंड चुनो"},{"$i":"pick-set","$v":"सेट करो"},{"$i":"system-ringtones","$v":"सिस्टम रिंगटोनां"},{"$i":"my-ringtones","$v":"मेरियां रिंगटोनां"},{"$i":"notice-alerts","$v":"अलर्ट"},{"$i":"section-title-builtin-ringtone","$v":[{"t":"idOrVar","v":"ringtoneSectionBrandName"}," रिंगटोनां"]},{"$i":"section-title-builtin-alerttone","$v":[{"t":"idOrVar","v":"ringtoneSectionBrandName"}," अलर्ट"]},{"$i":"section-header-title-ringtone","$v":"रिंगटोनां"},{"$i":"section-header-title-alerttone","$v":"अलर्ट"},{"$i":"section-title-custom-ringtone","$v":"मेरियां रिंगटोनां"},{"$i":"section-title-custom-alerttone","$v":"मेरे अलर्ट"},{"$i":"create-title","$v":"रिंगटोन दे रूप च सहेजो"},{"$i":"create-save","$v":"बचाओ"},{"$i":"create-cancel","$v":"रद्द करो"},{"$i":"create-select","$v":"चुनो"},{"$i":"create-deselect","$v":"अन-चुनेआ करो"},{"$i":"play-error-title","$v":"खराब फाइल"},{"$i":"play-error-desc","$v":"फाइल खराब ऐ इसदी बरतून रिंगटोन बनाने लेई नेईं कीती जाई सकदी।"},{"$i":"save-error-title","$v":"रिंगटोन नेईं बनाई गेई"},{"$i":"save-error-desc","$v":"रिंगटोन बनाने च समस्या ही। किरपा करियै मुड़-कोशिश करो।"},{"$i":"default-label","$v":"डिफाल्ट रिंगटोन दे रूप च सहेजो"},{"$i":"ok","$v":"ठीक ऐ"},{"$i":"ringtone-untitled","$v":"बिजन शीर्षक दे"},{"$i":"options","$v":"विकल्प"},{"$i":"play","$v":"चलाओ"},{"$i":"stop","$v":"रूको"},{"$i":"share","$v":"साझा करो"},{"$i":"delete","$v":"हटाना"},{"$i":"cancel","$v":"रद्द करो"},{"$i":"select","$v":"चुनो"},{"$i":"add","$v":"जोड़ो"},{"$i":"no-ringtones","$v":"कोई रिंगटोन नेईं"},{"$i":"no-ringtones-warning","$v":"अपनियां रिंगटोनां जोड़ने लेई \"जोड़ो\" चुनो।"}]