[{"$i":"brandShortName","$v":"KaiOS"},{"$i":"browserBrandShortName","$v":"Web Browser"},{"$i":"browserBrandFullName","$v":"Mozilla Web Browser"},{"$i":"ringtoneBrandName","$v":"Default"},{"$i":"ringtoneSectionBrandName","$v":"System"},{"$i":"ringtone-none","$v":"None"},{"$i":"ringer_azalea","$v":"Azalea"},{"$i":"ringer_bloom","$v":"Bloom"},{"$i":"ringer_blove","$v":"Blove"},{"$i":"ringer_city_lights","$v":"City Lights"},{"$i":"ringer_dots","$v":"Dots"},{"$i":"ringer_flow","$v":"Flow"},{"$i":"ringer_fountain","$v":"Fountain"},{"$i":"ringer_fresh","$v":"Fresh"},{"$i":"ringer_firefox2","$v":[{"t":"idOrVar","v":"ringtoneBrandName"}]},{"$i":"ringer_illuminate","$v":"Illuminate"},{"$i":"ringer_incoming","$v":"Incoming"},{"$i":"ringer_silvery","$v":"Silvery"},{"$i":"ringer_now_or_never","$v":"Now or Never"},{"$i":"ringer_primary","$v":"Primary"},{"$i":"ringer_pure_guitar","$v":"Pure Guitar"},{"$i":"ringer_rounded","$v":"Rounded"},{"$i":"ringer_spring","$v":"Spring"},{"$i":"ringer_stargazer","$v":"Stargazer"},{"$i":"ringer_vaca","$v":"Vaca"},{"$i":"notifier_bells","$v":"Bells"},{"$i":"notifier_bloom","$v":"Bloom"},{"$i":"notifier_chime","$v":"Chime"},{"$i":"notifier_clicka","$v":"Clicka"},{"$i":"notifier_digi","$v":"Digi"},{"$i":"notifier_dropplet","$v":"Dropplet"},{"$i":"notifier_firefox2","$v":[{"t":"idOrVar","v":"ringtoneBrandName"}]},{"$i":"notifier_hello","$v":"Hello"},{"$i":"notifier_ping","$v":"Ping"},{"$i":"notifier_plickle","$v":"Plickle"},{"$i":"notifier_pocko","$v":"Pocko"},{"$i":"notifier_quado","$v":"Quado"},{"$i":"notifier_red","$v":"Red"},{"$i":"notifier_sato","$v":"Sato"},{"$i":"notifier_trickleup","$v":"Trickle Up"},{"$i":"notifier_trink","$v":"Trink"},{"$i":"notifier_verse","$v":"Verse"},{"$i":"manage-title-2","$v":"Manage Tones"},{"$i":"actions-share-ringtone","$v":"Share ringtone"},{"$i":"actions-delete-ringtone","$v":"Delete ringtone"},{"$i":"actions-share-alerttone","$v":"Share alert"},{"$i":"actions-delete-alerttone","$v":"Delete alert"},{"$i":"actions-cancel","$v":"Cancel"},{"$i":"delete-title-ringtone","$v":"Delete Ringtone"},{"$i":"delete-title-alerttone","$v":"Delete Alert"},{"$i":"delete-desc","$v":["Are you sure you want to delete \"",{"t":"idOrVar","v":"tone"},"\"?"]},{"$i":"delete-desc-default-ringtone","$v":["\"",{"t":"idOrVar","v":"tone"},"\" is the current default ringtone.\n\nAre you sure you want to delete it?"]},{"$i":"delete-desc-default-alerttone","$v":["\"",{"t":"idOrVar","v":"tone"},"\" is the current default alert.\n\nAre you sure you want to delete it?"]},{"$i":"delete-cancel","$v":"Cancel"},{"$i":"delete-confirm","$v":"Delete"},{"$i":"deleted-ringtone","$v":"Ringtone deleted."},{"$i":"deleted-alerttone","$v":"Alert deleted."},{"$i":"created-tone","$v":"Ringtone created."},{"$i":"set-default-tone","$v":"Ringtone set as default."},{"$i":"sd-card-subtitle","$v":"SD Card"},{"$i":"confirmation","$v":"Confirmation"},{"$i":"pick-title","$v":"Select Sound"},{"$i":"pick-set","$v":"Set"},{"$i":"system-ringtones","$v":"System Ringtones"},{"$i":"my-ringtones","$v":"My Ringtones"},{"$i":"notice-alerts","$v":"Alerts"},{"$i":"section-title-builtin-ringtone","$v":[{"t":"idOrVar","v":"ringtoneSectionBrandName"}," Ringtones"]},{"$i":"section-title-builtin-alerttone","$v":[{"t":"idOrVar","v":"ringtoneSectionBrandName"}," Alerts"]},{"$i":"section-header-title-ringtone","$v":"Ringtones"},{"$i":"section-header-title-alerttone","$v":"Alerts"},{"$i":"section-title-custom-ringtone","$v":"My Ringtones"},{"$i":"section-title-custom-alerttone","$v":"My Alerts"},{"$i":"create-title","$v":"Save As Ringtone"},{"$i":"create-save","$v":"Save"},{"$i":"create-cancel","$v":"Cancel"},{"$i":"create-select","$v":"Select"},{"$i":"create-deselect","$v":"Deselect"},{"$i":"play-error-title","$v":"Corrupted File"},{"$i":"play-error-desc","$v":"The file is corrupted. It cannot be used to create a ringtone."},{"$i":"save-error-title","$v":"Ringtone Not Created"},{"$i":"save-error-desc","$v":"There was an issue creating the ringtone. Please try again."},{"$i":"default-label","$v":"Save as default ringtone"},{"$i":"ok","$v":"OK"},{"$i":"ringtone-untitled","$v":"Untitled"},{"$i":"options","$v":"Options"},{"$i":"play","$v":"Play"},{"$i":"stop","$v":"Stop"},{"$i":"share","$v":"Share"},{"$i":"delete","$v":"Delete"},{"$i":"cancel","$v":"Cancel"},{"$i":"select","$v":"Select"},{"$i":"add","$v":"Add"},{"$i":"no-ringtones","$v":"No Ringtones"},{"$i":"no-ringtones-warning","$v":"Select \"Add\" to add your ringtones."}]