[{"$i":"brandShortName","$v":"KaiOS"},{"$i":"browserBrandShortName","$v":"Web Browser"},{"$i":"browserBrandFullName","$v":"Mozilla Web Browser"},{"$i":"ringtoneBrandName","$v":"Default"},{"$i":"ringtoneSectionBrandName","$v":"System"},{"$i":"ringtone-none","$v":"કોઈ નહીં"},{"$i":"ringer_azalea","$v":"અઝેલિયા"},{"$i":"ringer_bloom","$v":"બ્લૂમ"},{"$i":"ringer_blove","$v":"બ્લવ"},{"$i":"ringer_city_lights","$v":"સીટી લાઈટ"},{"$i":"ringer_dots","$v":"ડોટ"},{"$i":"ringer_flow","$v":"પ્રવાહ"},{"$i":"ringer_fountain","$v":"ફાઉન્ટેન"},{"$i":"ringer_fresh","$v":"ફ્રેશ"},{"$i":"ringer_firefox2","$v":[{"t":"idOrVar","v":"ringtoneBrandName"}]},{"$i":"ringer_illuminate","$v":"ઈલ્યુમિનેટ"},{"$i":"ringer_incoming","$v":"ઇનકમિંગ"},{"$i":"ringer_silvery","$v":"સીલ્વરી"},{"$i":"ringer_now_or_never","$v":"હવે અથવા ક્યારેય નહીં"},{"$i":"ringer_primary","$v":"પ્રાયમરી"},{"$i":"ringer_pure_guitar","$v":"પ્યોર ગિટાર"},{"$i":"ringer_rounded","$v":"રાઉન્ડેડ"},{"$i":"ringer_spring","$v":"સ્પ્રિંગ"},{"$i":"ringer_stargazer","$v":"સ્ટારગેઝર"},{"$i":"ringer_vaca","$v":"વાકા"},{"$i":"notifier_bells","$v":"બેલ્સ"},{"$i":"notifier_bloom","$v":"બ્લૂમ"},{"$i":"notifier_chime","$v":"ચાઇમ"},{"$i":"notifier_clicka","$v":"કલીકા"},{"$i":"notifier_digi","$v":"ડિજી"},{"$i":"notifier_dropplet","$v":"ડ્રોપલેટ"},{"$i":"notifier_firefox2","$v":[{"t":"idOrVar","v":"ringtoneBrandName"}]},{"$i":"notifier_hello","$v":"હેલો"},{"$i":"notifier_ping","$v":"પિંગ"},{"$i":"notifier_plickle","$v":"પ્લિકલ"},{"$i":"notifier_pocko","$v":"પોકો"},{"$i":"notifier_quado","$v":"ક્વોડો"},{"$i":"notifier_red","$v":"રેડ"},{"$i":"notifier_sato","$v":"સાટો"},{"$i":"notifier_trickleup","$v":"ટ્રીકલ અપ"},{"$i":"notifier_trink","$v":"ટ્રિંક"},{"$i":"notifier_verse","$v":"વર્સ"},{"$i":"manage-title-2","$v":"ટોન મેનેજ કરો"},{"$i":"actions-share-ringtone","$v":"રિંગટોન શેર કરો"},{"$i":"actions-delete-ringtone","$v":"રિંગટોન દુર કરો"},{"$i":"actions-share-alerttone","$v":"એલર્ટ શેઅર કરો"},{"$i":"actions-delete-alerttone","$v":"એલર્ટ દુર કરો"},{"$i":"actions-cancel","$v":"રદ કરો"},{"$i":"delete-title-ringtone","$v":"રિંગટોન દુર કરો"},{"$i":"delete-title-alerttone","$v":"એલર્ટ દુર કરો"},{"$i":"delete-desc","$v":["શું તમે \"",{"t":"idOrVar","v":"tone"},"\"ને દૂર કરવા માંગો છો?"]},{"$i":"delete-desc-default-ringtone","$v":[{"t":"idOrVar","v":"tone"}," તમારી ડિફોલ્ટ રીંગટોન છે.\n\n શું તમે કાઢી નાખવા માંગો છો"]},{"$i":"delete-desc-default-alerttone","$v":[{"t":"idOrVar","v":"tone"}," એ વર્તમાન ડિફૉલ્ટ એલર્ટ છે.\n\n શું તમે તેને કાઢી નાખવા માંગો છો"]},{"$i":"delete-cancel","$v":"રદ કરો"},{"$i":"delete-confirm","$v":"કાઢો"},{"$i":"deleted-ringtone","$v":"રિંગટોન દૂર કરવામાં આવી છે."},{"$i":"deleted-alerttone","$v":"એલર્ટ દૂર કરવામાં આવી છે."},{"$i":"created-tone","$v":"રિંગટોન બનાવવામાં આવી છે."},{"$i":"set-default-tone","$v":"રિંગટોન ડિફોલ્ટ તરીકે સેટ કરવામાં આવી છે."},{"$i":"sd-card-subtitle","$v":"SD કાર્ડ"},{"$i":"confirmation","$v":"ખાતરી"},{"$i":"pick-title","$v":"ધ્વનિ પસંદ કરો"},{"$i":"pick-set","$v":"સેટ કરો"},{"$i":"system-ringtones","$v":"સિસ્ટમ રીંગટોન"},{"$i":"my-ringtones","$v":"મારા રિંગટોન"},{"$i":"notice-alerts","$v":"એલર્ટ"},{"$i":"section-title-builtin-ringtone","$v":[{"t":"idOrVar","v":"ringtoneSectionBrandName"}," રિંગટોન"]},{"$i":"section-title-builtin-alerttone","$v":[{"t":"idOrVar","v":"ringtoneSectionBrandName"}," એલર્ટ"]},{"$i":"section-header-title-ringtone","$v":"રિંગટોન"},{"$i":"section-header-title-alerttone","$v":"એલર્ટ"},{"$i":"section-title-custom-ringtone","$v":"મારા રિંગટોન"},{"$i":"section-title-custom-alerttone","$v":"મારા એલર્ટ"},{"$i":"create-title","$v":"રિંગટોન તરીકે સાચવો"},{"$i":"create-save","$v":"સેવ કરો"},{"$i":"create-cancel","$v":"રદ કરો"},{"$i":"create-select","$v":"પસંદ કરો"},{"$i":"create-deselect","$v":"પસંદ રદ કરો"},{"$i":"play-error-title","$v":"દૂષિત ફાઇલ"},{"$i":"play-error-desc","$v":"ફાઇલ દૂષિત છે. તેનો ઉપયોગ રિંગટોન બનાવવા માટે કરી શકાતો નથી."},{"$i":"save-error-title","$v":"રિંગટોન બનાવવામાં આવી નથી"},{"$i":"save-error-desc","$v":"રિંગટોન બનાવવામાં એક સમસ્યા થઈ હતી. કૃપા કરી ફરીથી પ્રયાસ કરો."},{"$i":"default-label","$v":"ડિફોલ્ટ રિંગટોન તરીકે સેવ કરો"},{"$i":"ok","$v":"ઑકે"},{"$i":"ringtone-untitled","$v":"અનટાઇટલ"},{"$i":"options","$v":"વિકલ્પ"},{"$i":"play","$v":"વગાડો"},{"$i":"stop","$v":"રોકો"},{"$i":"share","$v":"શેઅર કરો"},{"$i":"delete","$v":"કાઢો"},{"$i":"cancel","$v":"રદ કરો"},{"$i":"select","$v":"પસંદ કરો"},{"$i":"add","$v":"ઉમેરો"},{"$i":"no-ringtones","$v":"કોઈ રિંગટોન નથી"},{"$i":"no-ringtones-warning","$v":"તમારી રિંગટોન ઉમેરવા માટે \"ઉમેરો\" પસંદ કરો."}]