[{"$i":"brandShortName","$v":"KaiOS"},{"$i":"browserBrandShortName","$v":"Web Browser"},{"$i":"browserBrandFullName","$v":"Mozilla Web Browser"},{"$i":"ringtoneBrandName","$v":"Default"},{"$i":"ringtoneSectionBrandName","$v":"System"},{"$i":"ringtone-none","$v":"कुछ भी नहीं"},{"$i":"ringer_azalea","$v":"अज़ेलिया"},{"$i":"ringer_bloom","$v":"ब्लूम"},{"$i":"ringer_blove","$v":"ब्लव"},{"$i":"ringer_city_lights","$v":"सिटी लाइट"},{"$i":"ringer_dots","$v":"डॉट"},{"$i":"ringer_flow","$v":"फ्लो"},{"$i":"ringer_fountain","$v":"फाउंटेन"},{"$i":"ringer_fresh","$v":"फ्रेश"},{"$i":"ringer_firefox2","$v":[{"t":"idOrVar","v":"ringtoneBrandName"}]},{"$i":"ringer_illuminate","$v":"इल्युमिनेट"},{"$i":"ringer_incoming","$v":"इनकमिंग"},{"$i":"ringer_silvery","$v":"सिल्वरी"},{"$i":"ringer_now_or_never","$v":"नाव और नेवर"},{"$i":"ringer_primary","$v":"प्राईमरी"},{"$i":"ringer_pure_guitar","$v":"प्योर गिटार"},{"$i":"ringer_rounded","$v":"राउंडेड"},{"$i":"ringer_spring","$v":"स्प्रिंग"},{"$i":"ringer_stargazer","$v":"स्टारगेज़र"},{"$i":"ringer_vaca","$v":"वाका"},{"$i":"notifier_bells","$v":"बेल्स"},{"$i":"notifier_bloom","$v":"ब्लूम"},{"$i":"notifier_chime","$v":"चाइम"},{"$i":"notifier_clicka","$v":"क्लिका"},{"$i":"notifier_digi","$v":"डीजी"},{"$i":"notifier_dropplet","$v":"ड्रॉपलेट"},{"$i":"notifier_firefox2","$v":[{"t":"idOrVar","v":"ringtoneBrandName"}]},{"$i":"notifier_hello","$v":"हेलो"},{"$i":"notifier_ping","$v":"पिंग"},{"$i":"notifier_plickle","$v":"प्लिकल"},{"$i":"notifier_pocko","$v":"पॉको"},{"$i":"notifier_quado","$v":"क्वाडो"},{"$i":"notifier_red","$v":"रेड"},{"$i":"notifier_sato","$v":"साटो"},{"$i":"notifier_trickleup","$v":"ट्रीकल अप"},{"$i":"notifier_trink","$v":"ट्रिंक"},{"$i":"notifier_verse","$v":"वर्स"},{"$i":"manage-title-2","$v":"टोन प्रबंधित करें"},{"$i":"actions-share-ringtone","$v":"रिंगटोन साझा करें"},{"$i":"actions-delete-ringtone","$v":"रिंगटोन हटाएँ"},{"$i":"actions-share-alerttone","$v":"अलर्ट साझा करें"},{"$i":"actions-delete-alerttone","$v":"अलर्ट हटाएँ"},{"$i":"actions-cancel","$v":"रद्द करना"},{"$i":"delete-title-ringtone","$v":"रिंगटोन हटाएँ"},{"$i":"delete-title-alerttone","$v":"अलर्ट हटाएँ"},{"$i":"delete-desc","$v":["क्या आप \"",{"t":"idOrVar","v":"tone"},"\" को हटाना चाहते हैं?"]},{"$i":"delete-desc-default-ringtone","$v":["\"",{"t":"idOrVar","v":"tone"},"\" वर्तमान में डिफ़ॉल्ट रिंगटोन हैं।\n\n क्या आप इसे हटाना चाहते हैं?"]},{"$i":"delete-desc-default-alerttone","$v":["\"",{"t":"idOrVar","v":"tone"},"\" वर्तमान में डिफ़ॉल्ट अलर्ट हैं।\n\nक्या आप इसे हटाना चाहते हैं?"]},{"$i":"delete-cancel","$v":"रद्द करना"},{"$i":"delete-confirm","$v":"हटाएँ"},{"$i":"deleted-ringtone","$v":"रिंगटोन हटाया गया।"},{"$i":"deleted-alerttone","$v":"अलर्ट हटाई गई।"},{"$i":"created-tone","$v":"रिंगटोन बनाया गया।"},{"$i":"set-default-tone","$v":"रिंगटोन डिफ़ॉल्ट के रूप में सेट हैं।"},{"$i":"sd-card-subtitle","$v":"SD कार्ड"},{"$i":"confirmation","$v":"पुष्टिकरण"},{"$i":"pick-title","$v":"ध्वनि चुनें"},{"$i":"pick-set","$v":"सेट करें"},{"$i":"system-ringtones","$v":"सिस्टम रिंगटोन"},{"$i":"my-ringtones","$v":"मेरी रिंगटोन"},{"$i":"notice-alerts","$v":"अलर्ट"},{"$i":"section-title-builtin-ringtone","$v":[{"t":"idOrVar","v":"ringtoneSectionBrandName"}," रिंगटोन"]},{"$i":"section-title-builtin-alerttone","$v":[{"t":"idOrVar","v":"ringtoneSectionBrandName"}," अलर्ट"]},{"$i":"section-header-title-ringtone","$v":"रिंगटोन"},{"$i":"section-header-title-alerttone","$v":"अलर्ट"},{"$i":"section-title-custom-ringtone","$v":"मेरी रिंगटोन"},{"$i":"section-title-custom-alerttone","$v":"मेरे अलर्ट"},{"$i":"create-title","$v":"रिंगटोन के रूप में सेव करें"},{"$i":"create-save","$v":"सेव करें"},{"$i":"create-cancel","$v":"रद्द करना"},{"$i":"create-select","$v":"चुनिए"},{"$i":"create-deselect","$v":"चयन हटाएं"},{"$i":"play-error-title","$v":"खराब फ़ाइल"},{"$i":"play-error-desc","$v":"फ़ाइल खराब हैं। इसका उपयोग रिंगटोन बनाने के लिए नहीं किया जा सकता।"},{"$i":"save-error-title","$v":"रिंगटोन नहीं बनाया गया"},{"$i":"save-error-desc","$v":"रिंगटोन बनाने में एक समस्या थी। कृपया पुनः प्रयास करें।"},{"$i":"default-label","$v":"डिफ़ॉल्ट रिंगटोन के रूप में सेव करें"},{"$i":"ok","$v":"ठीक हैं"},{"$i":"ringtone-untitled","$v":"अन्टाइटल"},{"$i":"options","$v":"विकल्प"},{"$i":"play","$v":"बजाए"},{"$i":"stop","$v":"रोकें"},{"$i":"share","$v":"साझा करें"},{"$i":"delete","$v":"हटाएँ"},{"$i":"cancel","$v":"रद्द करना"},{"$i":"select","$v":"चुनिए"},{"$i":"add","$v":"जोड़ें"},{"$i":"no-ringtones","$v":"कोई रिंगटोन नहीं"},{"$i":"no-ringtones-warning","$v":"अपना रिंगटोन जोड़ने के लिए \"जोड़ें\" चुनें।"}]