[{"$i":"brandShortName","$v":"KaiOS"},{"$i":"browserBrandShortName","$v":"Web Browser"},{"$i":"browserBrandFullName","$v":"Mozilla Web Browser"},{"$i":"ringtoneBrandName","$v":"Default"},{"$i":"ringtoneSectionBrandName","$v":"System"},{"$i":"ringtone-none","$v":"ಯಾವುದೂ ಇಲ್ಲ"},{"$i":"ringer_azalea","$v":"ಅಜಾಲಿಯಾ"},{"$i":"ringer_bloom","$v":"ಬ್ಲೂಮ್"},{"$i":"ringer_blove","$v":"ಬ್ಲೋವ್"},{"$i":"ringer_city_lights","$v":"ಸಿಟಿ ಲೈಟ್ಸ್"},{"$i":"ringer_dots","$v":"ಡಾಟ್"},{"$i":"ringer_flow","$v":"ಫ್ಲೋ"},{"$i":"ringer_fountain","$v":"ಫೌಂಟೆನ್"},{"$i":"ringer_fresh","$v":"ಫ್ರೆಶ್"},{"$i":"ringer_firefox2","$v":[{"t":"idOrVar","v":"ringtoneBrandName"}]},{"$i":"ringer_illuminate","$v":"ಇಲ್ಯುಮಿನೇಟ್"},{"$i":"ringer_incoming","$v":"ಒಳಬರುವ"},{"$i":"ringer_silvery","$v":"ಸಿಲ್ವರಿ"},{"$i":"ringer_now_or_never","$v":"ಈಗಲ್ಲದಿದ್ದರೆ ಎಂದೂ ಇಲ್ಲ"},{"$i":"ringer_primary","$v":"ಪ್ರೈಮರಿ"},{"$i":"ringer_pure_guitar","$v":"ಪ್ಯೂರ್ ಗಿಟಾರ್"},{"$i":"ringer_rounded","$v":"ರೌಂಡೆಡ್"},{"$i":"ringer_spring","$v":"ಸ್ಪ್ರಿಂಗ್"},{"$i":"ringer_stargazer","$v":"ಸ್ಟಾರ್‌ಗೇಝರ್"},{"$i":"ringer_vaca","$v":"ವಾಕಾ"},{"$i":"notifier_bells","$v":"ಬೆಲ್ಸ್"},{"$i":"notifier_bloom","$v":"ಬ್ಲೂಮ್"},{"$i":"notifier_chime","$v":"ಚೈಮ್"},{"$i":"notifier_clicka","$v":"ಕ್ಲಿಕಾ"},{"$i":"notifier_digi","$v":"ಡಿಜಿ"},{"$i":"notifier_dropplet","$v":"ಡ್ರಾಪ್‌ಲೆಟ್"},{"$i":"notifier_firefox2","$v":[{"t":"idOrVar","v":"ringtoneBrandName"}]},{"$i":"notifier_hello","$v":"ಹಲೋ"},{"$i":"notifier_ping","$v":"ಪಿಂಗ್"},{"$i":"notifier_plickle","$v":"ಪ್ಲಿಕಲ್"},{"$i":"notifier_pocko","$v":"ಪೊಕೋ"},{"$i":"notifier_quado","$v":"ಕ್ವಾಡೋ"},{"$i":"notifier_red","$v":"ಕೆಂಪು"},{"$i":"notifier_sato","$v":"ಸ್ಯಾಟೋ"},{"$i":"notifier_trickleup","$v":"ಟ್ರಿಕಲ್ ಅಪ್"},{"$i":"notifier_trink","$v":"ಟ್ರಿಂಕ್"},{"$i":"notifier_verse","$v":"ವರ್ಸ್"},{"$i":"manage-title-2","$v":"ಟೋನ್‌ಗಳನ್ನು ನಿರ್ವಹಿಸಿ"},{"$i":"actions-share-ringtone","$v":"ರಿಂಗ್‌ಟೋನ್ ಹಂಚಿಕೊಳ್ಳಿ"},{"$i":"actions-delete-ringtone","$v":"ರಿಂಗ್‌ಟೋನ್ ಅಳಿಸಿ"},{"$i":"actions-share-alerttone","$v":"ಅಲರ್ಟ್‌ ಹಂಚಿಕೊಳ್ಳಿ"},{"$i":"actions-delete-alerttone","$v":"ಅಲರ್ಟ್ ಅಳಿಸಿ"},{"$i":"actions-cancel","$v":"ರದ್ದು ಮಾಡಿ"},{"$i":"delete-title-ringtone","$v":"ರಿಂಗ್‌ಟೋನ್ ಅಳಿಸಿ"},{"$i":"delete-title-alerttone","$v":"ಅಲರ್ಟ್ ಅಳಿಸಿ"},{"$i":"delete-desc","$v":["ನೀವು ನಿಜವಾಗಲೂ \"",{"t":"idOrVar","v":"tone"},"\" ಅನ್ನು ಅಳಿಸಬಯಸುವಿರಾ?"]},{"$i":"delete-desc-default-ringtone","$v":["\"",{"t":"idOrVar","v":"tone"},"\" ಪ್ರಸ್ತುತ ಡಿಫಾಲ್ಟ್ ರಿಂಗ್‌ಟೋನ್ ಆಗಿದೆ.\n\nಅದನ್ನು ಅಳಿಸಲು ನೀವು ಖಚಿತವಾಗಿ ಬಯಸುವಿರಾ?"]},{"$i":"delete-desc-default-alerttone","$v":["\"",{"t":"idOrVar","v":"tone"},"\" ಪ್ರಸ್ತುತ ಡಿಫಾಲ್ಟ್ ಆಲರ್ಟ್ ಆಗಿದೆ..\n\nಅದನ್ನು ಅಳಿಸಲು ನೀವು ಖಚಿತವಾಗಿ ಬಯಸುವಿರಾ?"]},{"$i":"delete-cancel","$v":"ರದ್ದು ಮಾಡಿ"},{"$i":"delete-confirm","$v":"ಅಳಿಸಿ"},{"$i":"deleted-ringtone","$v":"ರಿಂಗ್‌ಟೋನ್ ಅಳಿಸಲಾಗಿದೆ."},{"$i":"deleted-alerttone","$v":"ಎಚ್ಚರಿಕೆಯನ್ನು ಅಳಿಸಲಾಗಿದೆ."},{"$i":"created-tone","$v":"ರಿಂಗ್‌ಟೋನ್ ರಚಿಸಲಾಗಿದೆ."},{"$i":"set-default-tone","$v":"ರಿಂಗ್‌ಟೋನ್ ಡೀಫಾಲ್ಟ್‌ ಎಂದು ಸೆಟ್ ಮಾಡಲಾಗಿದೆ."},{"$i":"sd-card-subtitle","$v":"SD ಕಾರ್ಡ್‌"},{"$i":"confirmation","$v":"ದೃಢೀಕರಣ"},{"$i":"pick-title","$v":"ಧ್ವನಿ ಆಯ್ಕೆ ಮಾಡಿ"},{"$i":"pick-set","$v":"ಹೊಂದಿಸಿ"},{"$i":"system-ringtones","$v":"ಸಿಸ್ಟಂ ರಿಂಗ್‌ಟೋನ್‌ಗಳು"},{"$i":"my-ringtones","$v":"ನನ್ನ ರಿಂಗ್‌ಟೋನ್‌"},{"$i":"notice-alerts","$v":"ಎಚ್ಚರಿಕೆಗಳು"},{"$i":"section-title-builtin-ringtone","$v":[{"t":"idOrVar","v":"ringtoneSectionBrandName"}," ರಿಂಗ್‌ಟೋನ್‌ಗಳು"]},{"$i":"section-title-builtin-alerttone","$v":[{"t":"idOrVar","v":"ringtoneSectionBrandName"}," ಅಲರ್ಟ್‌ಗಳು"]},{"$i":"section-header-title-ringtone","$v":"ರಿಂಗ್‌ಟೋನ್‌ಗಳು"},{"$i":"section-header-title-alerttone","$v":"ಎಚ್ಚರಿಕೆಗಳು"},{"$i":"section-title-custom-ringtone","$v":"ನನ್ನ ರಿಂಗ್‌ಟೋನ್‌"},{"$i":"section-title-custom-alerttone","$v":"ನನ್ನ ಅಲರ್ಟ್"},{"$i":"create-title","$v":"ರಿಂಗ್‌ಟೋನ್ ಆಗಿ ಸೇವ್ ಮಾಡಿ"},{"$i":"create-save","$v":"ಸೇವ್ ಮಾಡಿ"},{"$i":"create-cancel","$v":"ರದ್ದು ಮಾಡಿ"},{"$i":"create-select","$v":"ಆಯ್ಕೆ ಮಾಡಿ"},{"$i":"create-deselect","$v":"ಆಯ್ಕೆ ತೆಗೆದುಹಾಕಿ"},{"$i":"play-error-title","$v":"ದೋಷಪೂರಿತ ಫೈಲ್"},{"$i":"play-error-desc","$v":"ಫೈಲ್ ಹಾಳಾಗಿದೆ. ಇದನ್ನು ರಿಂಗ್‌ಟೋನ್ ರಚಿಸಲು ಬಳಸಲಾಗದು."},{"$i":"save-error-title","$v":"ರಿಂಗ್‌ಟೋನ್ ರಚಿಸಲ್ಪಟ್ಟಿಲ್ಲ"},{"$i":"save-error-desc","$v":"ರಿಂಗ್‌ಟೋನ್ ರಚಿಸುವಲ್ಲಿ ಸಮಸ್ಯೆಯಿತ್ತು. ದಯವಿಟ್ಟು ಪುನಃ ಪ್ರಯತ್ನಿಸಿ"},{"$i":"default-label","$v":"ಡೀಫಾಲ್ಟ್‌ ರಿಂಗ್‌ಟೋನ್ ಎಂಬುದಾಗಿ ಸೇವ್ ಮಾಡಿ"},{"$i":"ok","$v":"ಸರಿ"},{"$i":"ringtone-untitled","$v":"ಶೀರ್ಷಿಕೆರಹಿತ"},{"$i":"options","$v":"ಆಯ್ಕೆಗಳು"},{"$i":"play","$v":"ಪ್ಲೇ ಮಾಡಿ"},{"$i":"stop","$v":"ನಿಲ್ಲಿಸಿ"},{"$i":"share","$v":"ಹಂಚು"},{"$i":"delete","$v":"ಅಳಿಸಿ"},{"$i":"cancel","$v":"ರದ್ದು ಮಾಡಿ"},{"$i":"select","$v":"ಆಯ್ಕೆ ಮಾಡಿ"},{"$i":"add","$v":"ಸೇರಿಸಿ"},{"$i":"no-ringtones","$v":"ಯಾವುದೇ ರಿಂಗ್‌ಟೋನ್‌ಗಳಿಲ್ಲ"},{"$i":"no-ringtones-warning","$v":"ನಿಮ್ಮ ರಿಂಗ್‌ಟೋನ್‌ಗಳನ್ನು ಸೇರಿಸಲು “ಸೇರಿಸಿ” ಆಯ್ಕೆ ಮಾಡಿ."}]