[{"$i":"brandShortName","$v":"KaiOS"},{"$i":"browserBrandShortName","$v":"Web Browser"},{"$i":"browserBrandFullName","$v":"Mozilla Web Browser"},{"$i":"ringtoneBrandName","$v":"Default"},{"$i":"ringtoneSectionBrandName","$v":"System"},{"$i":"ringtone-none","$v":"खंयचेंच ना"},{"$i":"ringer_azalea","$v":"अझालिया"},{"$i":"ringer_bloom","$v":"ब्लूम"},{"$i":"ringer_blove","$v":"ब्लोव्ह"},{"$i":"ringer_city_lights","$v":"शारातल्यो लायटी"},{"$i":"ringer_dots","$v":"टिंबां"},{"$i":"ringer_flow","$v":"फ्लो"},{"$i":"ringer_fountain","$v":"झरो"},{"$i":"ringer_fresh","$v":"ताजें"},{"$i":"ringer_firefox2","$v":[{"t":"idOrVar","v":"ringtoneBrandName"}]},{"$i":"ringer_illuminate","$v":"उजळावचें"},{"$i":"ringer_incoming","$v":"इनकमिंग"},{"$i":"ringer_silvery","$v":"रुप्याचें"},{"$i":"ringer_now_or_never","$v":"आतां वा केन्नाच ना"},{"$i":"ringer_primary","$v":"प्राथमीक"},{"$i":"ringer_pure_guitar","$v":"निव्वळ गिटार"},{"$i":"ringer_rounded","$v":"भोंवतणीं"},{"$i":"ringer_spring","$v":"स्प्रिंग"},{"$i":"ringer_stargazer","$v":"स्टागेझर"},{"$i":"ringer_vaca","$v":"वाका"},{"$i":"notifier_bells","$v":"बेल्स"},{"$i":"notifier_bloom","$v":"ब्लूम"},{"$i":"notifier_chime","$v":"चिमे"},{"$i":"notifier_clicka","$v":"क्लिका"},{"$i":"notifier_digi","$v":"डीजी"},{"$i":"notifier_dropplet","$v":"ड्रॉप्लेट"},{"$i":"notifier_firefox2","$v":[{"t":"idOrVar","v":"ringtoneBrandName"}]},{"$i":"notifier_hello","$v":"हॅलो"},{"$i":"notifier_ping","$v":"पींग"},{"$i":"notifier_plickle","$v":"प्लिकल"},{"$i":"notifier_pocko","$v":"पोको"},{"$i":"notifier_quado","$v":"क्वाडो"},{"$i":"notifier_red","$v":"तांबडो"},{"$i":"notifier_sato","$v":"साटो"},{"$i":"notifier_trickleup","$v":"मजा करची"},{"$i":"notifier_trink","$v":"ट्रिंक"},{"$i":"notifier_verse","$v":"वर्से"},{"$i":"manage-title-2","$v":"टोन्स हाताळचो"},{"$i":"actions-share-ringtone","$v":"रिंगटोन वांटचो"},{"$i":"actions-delete-ringtone","$v":"रिंगटोन वगळावचो"},{"$i":"actions-share-alerttone","$v":"आलेट वांटचो"},{"$i":"actions-delete-alerttone","$v":"आलेट वगळावचो"},{"$i":"actions-cancel","$v":"रद्द करचें"},{"$i":"delete-title-ringtone","$v":"रिंगटोन वगळावचो"},{"$i":"delete-title-alerttone","$v":"आलेट वगळावचो"},{"$i":"delete-desc","$v":["तुमकां \"",{"t":"idOrVar","v":"tone"},"\" वगळावचें आसा हाची तुमकां खात्री आसा"]},{"$i":"delete-desc-default-ringtone","$v":["\"",{"t":"idOrVar","v":"tone"},"\" हो चालंत डिफॉल्ट रिंगटोन आसा. \n\nतुमकां तो वगळावचो आसा हाची तुमकां खात्री आसा"]},{"$i":"delete-desc-default-alerttone","$v":["\"",{"t":"idOrVar","v":"tone"},"\" हो चालंत डिफॉल्ट आलेट आसा. \n\nतुमकां तो वगळावचो आसा हाची तुमकां खात्री आसा"]},{"$i":"delete-cancel","$v":"रद्द करचें"},{"$i":"delete-confirm","$v":"पुसून उडयात"},{"$i":"deleted-ringtone","$v":"रिंगटोन वगळायलो"},{"$i":"deleted-alerttone","$v":"आलेट वगळायलो"},{"$i":"created-tone","$v":"रिंगटोन निर्माण केलो"},{"$i":"set-default-tone","$v":"रिंगटोन डिफॉल्टांत मांडलो"},{"$i":"sd-card-subtitle","$v":"SD कार्ड"},{"$i":"confirmation","$v":"खात्री"},{"$i":"pick-title","$v":"आवाज वेंच्चो"},{"$i":"pick-set","$v":"थारय"},{"$i":"system-ringtones","$v":"प्रणालीचे रिंगटोन"},{"$i":"my-ringtones","$v":"म्हजे रिंगटोन"},{"$i":"notice-alerts","$v":"आलेट"},{"$i":"section-title-builtin-ringtone","$v":[{"t":"idOrVar","v":"ringtoneSectionBrandName"}," रिंगटोन्स"]},{"$i":"section-title-builtin-alerttone","$v":[{"t":"idOrVar","v":"ringtoneSectionBrandName"}," आलेट"]},{"$i":"section-header-title-ringtone","$v":"रिंगटोन"},{"$i":"section-header-title-alerttone","$v":"आलेट"},{"$i":"section-title-custom-ringtone","$v":"म्हजे रिंगटोन"},{"$i":"section-title-custom-alerttone","$v":"म्हजे आलेट"},{"$i":"create-title","$v":"रिंगटोन म्हूण सांबाळचें"},{"$i":"create-save","$v":"सांबाळ"},{"$i":"create-cancel","$v":"रद्द करचें"},{"$i":"create-select","$v":"वेंच्चें"},{"$i":"create-deselect","$v":"वेंचणी रद्द करची"},{"$i":"play-error-title","$v":"भ्रश्ट जाल्ल्यो फायली"},{"$i":"play-error-desc","$v":"फायल भ्रश्ट जाल्या. रिंगटोन निर्माण करूंक ताचो वापर करूंक शकना"},{"$i":"save-error-title","$v":"रिंगटोन निर्माण करूंक ना"},{"$i":"save-error-desc","$v":"रिंगटोन निर्माण करतना समस्या आयली. उपकार करून परत यत्न करचो"},{"$i":"default-label","$v":"डिफॉल्ट रिंगटोन म्हूण सांबाळचो"},{"$i":"ok","$v":"बरें आसा"},{"$i":"ringtone-untitled","$v":"शीर्षक नाशिल्लें"},{"$i":"options","$v":"पर्याय"},{"$i":"play","$v":"चालू कर"},{"$i":"stop","$v":"बंद कर"},{"$i":"share","$v":"वांटून घेयात"},{"$i":"delete","$v":"पुसून उडयात"},{"$i":"cancel","$v":"रद्द करचें"},{"$i":"select","$v":"वेंच्चें"},{"$i":"add","$v":"जोड"},{"$i":"no-ringtones","$v":"रिंगटोन नात"},{"$i":"no-ringtones-warning","$v":"तुमचे रिंगटोन जोडूंक \"जोडचें\" वेंच्चें"}]