[{"$i":"brandShortName","$v":"KaiOS"},{"$i":"browserBrandShortName","$v":"Web Browser"},{"$i":"browserBrandFullName","$v":"Mozilla Web Browser"},{"$i":"ringtoneBrandName","$v":"Default"},{"$i":"ringtoneSectionBrandName","$v":"System"},{"$i":"ringtone-none","$v":"کاہ نِہ"},{"$i":"ringer_azalea","$v":"ازالے"},{"$i":"ringer_bloom","$v":"بلوم"},{"$i":"ringer_blove","$v":"بلو"},{"$i":"ringer_city_lights","$v":"سٹی لائٹ"},{"$i":"ringer_dots","$v":"ڈاٹس"},{"$i":"ringer_flow","$v":"بہاو"},{"$i":"ringer_fountain","$v":"فاوںوار"},{"$i":"ringer_fresh","$v":"تازہ"},{"$i":"ringer_firefox2","$v":[{"t":"idOrVar","v":"ringtoneBrandName"}]},{"$i":"ringer_illuminate","$v":"روشن"},{"$i":"ringer_incoming","$v":"ینِہ واجن"},{"$i":"ringer_silvery","$v":"چاندی"},{"$i":"ringer_now_or_never","$v":"وین یا زاہ نِہ"},{"$i":"ringer_primary","$v":"ابتدٲئی"},{"$i":"ringer_pure_guitar","$v":"صاف گِٹار"},{"$i":"ringer_rounded","$v":"گولٲئی"},{"$i":"ringer_spring","$v":"بہار"},{"$i":"ringer_stargazer","$v":"سٹار گیزر"},{"$i":"ringer_vaca","$v":"واکا"},{"$i":"notifier_bells","$v":"بیلز"},{"$i":"notifier_bloom","$v":"بلوم"},{"$i":"notifier_chime","$v":"چیمی"},{"$i":"notifier_clicka","$v":"کلیکا"},{"$i":"notifier_digi","$v":"ڈجی"},{"$i":"notifier_dropplet","$v":"ڈراپ لیٹ"},{"$i":"notifier_firefox2","$v":[{"t":"idOrVar","v":"ringtoneBrandName"}]},{"$i":"notifier_hello","$v":"آداب"},{"$i":"notifier_ping","$v":"پینگ"},{"$i":"notifier_plickle","$v":"پلیکل"},{"$i":"notifier_pocko","$v":"پوکو"},{"$i":"notifier_quado","$v":"قواڈو"},{"$i":"notifier_red","$v":"وزُل"},{"$i":"notifier_sato","$v":"ساٹو"},{"$i":"notifier_trickleup","$v":"ٹریکل اپ"},{"$i":"notifier_trink","$v":"ٹرینک"},{"$i":"notifier_verse","$v":"ویرس"},{"$i":"manage-title-2","$v":"ٹون کریو کریو انتظام"},{"$i":"actions-share-ringtone","$v":"بٲنٹیو رینگ ٹون"},{"$i":"actions-delete-ringtone","$v":"خٲرج کریو رینگ ٹون"},{"$i":"actions-share-alerttone","$v":"بانٹن چوکسی"},{"$i":"actions-delete-alerttone","$v":"خٲرج چوکسی"},{"$i":"actions-cancel","$v":"رد کر"},{"$i":"delete-title-ringtone","$v":"خٲرج کریو رینگ ٹون"},{"$i":"delete-title-alerttone","$v":"خٲرج چوکسی"},{"$i":"delete-desc","$v":[{"t":"idOrVar","v":"tone"}," توہ چھوا یقین توہ چھو یژھان خٲرج کرُن"]},{"$i":"delete-desc-default-ringtone","$v":["توہ چھوا یقین یِہ خٲرج کرنس u000A\n\\ چھِ حالیہ ڈِفالٹ رینگ ٹون۔ \"",{"t":"idOrVar","v":"tone"},"\""]},{"$i":"delete-desc-default-alerttone","$v":["توہ چھوا یقین یِہ خٲرج کرنسu000A\n\\ چھِ حالیہ ڈِفالٹ چوکسی۔ \"",{"t":"idOrVar","v":"tone"},"\""]},{"$i":"delete-cancel","$v":"رد کر"},{"$i":"delete-confirm","$v":"خٲرج"},{"$i":"deleted-ringtone","$v":"رینگ ٹون آو خٲرج کرنِہ"},{"$i":"deleted-alerttone","$v":"چوکسی کر خٲرج"},{"$i":"created-tone","$v":"رینگ ٹون آو بناونِہ"},{"$i":"set-default-tone","$v":"رینگ ٹون آو تھاونِہ از ڈِفالٹ"},{"$i":"sd-card-subtitle","$v":"کاڈ SD"},{"$i":"confirmation","$v":"تصدیق"},{"$i":"pick-title","$v":"چُنیو آواز"},{"$i":"pick-set","$v":"تھاو"},{"$i":"system-ringtones","$v":"سیسٹم رینگ ٹون"},{"$i":"my-ringtones","$v":"مین رینگ ٹون"},{"$i":"notice-alerts","$v":"مین الیرٹس"},{"$i":"section-title-builtin-ringtone","$v":["رینگ ٹون ",{"t":"idOrVar","v":"ringtoneSectionBrandName"}]},{"$i":"section-title-builtin-alerttone","$v":["چوکسی ",{"t":"idOrVar","v":"ringtoneSectionBrandName"}]},{"$i":"section-header-title-ringtone","$v":"رینگ ٹون"},{"$i":"section-header-title-alerttone","$v":"مین الیرٹس"},{"$i":"section-title-custom-ringtone","$v":"مین رینگ ٹون"},{"$i":"section-title-custom-alerttone","$v":"مین الیرٹس"},{"$i":"create-title","$v":"محفوظ از رینگ ٹون"},{"$i":"create-save","$v":"محفوظ"},{"$i":"create-cancel","$v":"رد کر"},{"$i":"create-select","$v":"چُنیو"},{"$i":"create-deselect","$v":"مَہ چُنیو"},{"$i":"play-error-title","$v":"خراب فائل"},{"$i":"play-error-desc","$v":"یِہ فائل چھِ خراب۔ یِہ ھیکو نِہ استعمال کریتھ اکھ رینگ ٹون بناونِہ خٲطر"},{"$i":"save-error-title","$v":"رینگ ٹون آو نِہ بناونِہ"},{"$i":"save-error-desc","$v":"یتِہ آو اکھ مسلہ رینگ ٹون بناونس منز۔ مہربٲنی کریتھ کریو دُبارِ کوشش"},{"$i":"default-label","$v":"محفوظ از رینگ ٹون"},{"$i":"ok","$v":"ٹھیک"},{"$i":"ringtone-untitled","$v":"بغیر عنوان"},{"$i":"options","$v":"انتخابات"},{"$i":"play","$v":"چلاۅ"},{"$i":"stop","$v":"رُک"},{"$i":"share","$v":"بانٹ"},{"$i":"delete","$v":"خٲرج"},{"$i":"cancel","$v":"رد کر"},{"$i":"select","$v":"چُنیو"},{"$i":"add","$v":"شٲمل"},{"$i":"no-ringtones","$v":"کاہ رینگ ٹون نِہ"},{"$i":"no-ringtones-warning","$v":"چُنیو \"شٲمل کر\" تِہند رینگ ٹون شٲمل کرنِہ خٲطر"}]