[{"$i":"brandShortName","$v":"KaiOS"},{"$i":"browserBrandShortName","$v":"Web Browser"},{"$i":"browserBrandFullName","$v":"Mozilla Web Browser"},{"$i":"ringtoneBrandName","$v":"Default"},{"$i":"ringtoneSectionBrandName","$v":"System"},{"$i":"ringtone-none","$v":"कुनू नाहिं"},{"$i":"ringer_azalea","$v":"एज़ेल्या"},{"$i":"ringer_bloom","$v":"ब्लूम"},{"$i":"ringer_blove","$v":"ब्लोवे"},{"$i":"ringer_city_lights","$v":"सिटी लाइट्स"},{"$i":"ringer_dots","$v":"डॉट्स"},{"$i":"ringer_flow","$v":"फ्लो"},{"$i":"ringer_fountain","$v":"फाउंटेन"},{"$i":"ringer_fresh","$v":"फ्रेश"},{"$i":"ringer_firefox2","$v":[{"t":"idOrVar","v":"ringtoneBrandName"}]},{"$i":"ringer_illuminate","$v":"इल्ल्यूमिनेट"},{"$i":"ringer_incoming","$v":"इनकमिंग"},{"$i":"ringer_silvery","$v":"सिल्वेरी"},{"$i":"ringer_now_or_never","$v":"एखन या कखनो नै"},{"$i":"ringer_primary","$v":"प्राथमिक"},{"$i":"ringer_pure_guitar","$v":"प्योर गिटार"},{"$i":"ringer_rounded","$v":"राउंडेड"},{"$i":"ringer_spring","$v":"स्प्रिंग"},{"$i":"ringer_stargazer","$v":"स्टारगेज़र"},{"$i":"ringer_vaca","$v":"वाका"},{"$i":"notifier_bells","$v":"बेल्स"},{"$i":"notifier_bloom","$v":"ब्लूम"},{"$i":"notifier_chime","$v":"चाइम"},{"$i":"notifier_clicka","$v":"क्लिक्क"},{"$i":"notifier_digi","$v":"डीजी"},{"$i":"notifier_dropplet","$v":"ड्रॉपलेट"},{"$i":"notifier_firefox2","$v":[{"t":"idOrVar","v":"ringtoneBrandName"}]},{"$i":"notifier_hello","$v":"हेलो"},{"$i":"notifier_ping","$v":"पिंग"},{"$i":"notifier_plickle","$v":"पिकल"},{"$i":"notifier_pocko","$v":"पोकको"},{"$i":"notifier_quado","$v":"क्वॅडो"},{"$i":"notifier_red","$v":"लाल"},{"$i":"notifier_sato","$v":"सातो"},{"$i":"notifier_trickleup","$v":"ट्रिकल अप"},{"$i":"notifier_trink","$v":"ट्रिंक"},{"$i":"notifier_verse","$v":"वर्स"},{"$i":"manage-title-2","$v":"टोन्स प्रबंधन करू"},{"$i":"actions-share-ringtone","$v":"रिंगटोन साझा करू"},{"$i":"actions-delete-ringtone","$v":"रिंगटोन डिलीट करू"},{"$i":"actions-share-alerttone","$v":"अलर्ट साझा करू"},{"$i":"actions-delete-alerttone","$v":"डिलीट अलर्ट"},{"$i":"actions-cancel","$v":"रद्द करू"},{"$i":"delete-title-ringtone","$v":"रिंगटोन डिलीट करू"},{"$i":"delete-title-alerttone","$v":"डिलीट अलर्ट"},{"$i":"delete-desc","$v":["आहां \"",{"t":"idOrVar","v":"tone"},"\" क डिलीट करअ चाहै छियै?"]},{"$i":"delete-desc-default-ringtone","$v":["\"",{"t":"idOrVar","v":"tone"},"\" एखुनका करअंट रिंगटोन छै. \n\nआहां डिलीट करअअ चाहै छियै"]},{"$i":"delete-desc-default-alerttone","$v":["\"",{"t":"idOrVar","v":"tone"},"\" एखुनका करअंट डिफ़ॉल्ट अलर्ट .\n\n आहां डिलीट करअअ चाहै छियै"]},{"$i":"delete-cancel","$v":"रद्द करू"},{"$i":"delete-confirm","$v":"मिटाउ"},{"$i":"deleted-ringtone","$v":"रिंगटोन डिलीट भ गेल्लई."},{"$i":"deleted-alerttone","$v":"अलर्ट मिटा गेल"},{"$i":"created-tone","$v":"रिंगटोन क्रिएटेड."},{"$i":"set-default-tone","$v":"रिंगटोन डिफॉल्ट कें रूप मे सेट कएल गेल."},{"$i":"sd-card-subtitle","$v":"SD कार्ड"},{"$i":"confirmation","$v":"कन्फर्मेशन"},{"$i":"pick-title","$v":"साउंड चयनित करू"},{"$i":"pick-set","$v":"सेट"},{"$i":"system-ringtones","$v":"सिस्टम रिंगटोन्स"},{"$i":"my-ringtones","$v":"हम्मर रिंगटोन्स"},{"$i":"notice-alerts","$v":"अलर्ट्स"},{"$i":"section-title-builtin-ringtone","$v":[{"t":"idOrVar","v":"ringtoneSectionBrandName"}," रिंगटोन"]},{"$i":"section-title-builtin-alerttone","$v":[{"t":"idOrVar","v":"ringtoneSectionBrandName"}," अलर्ट"]},{"$i":"section-header-title-ringtone","$v":"रिंगटोन्‍स"},{"$i":"section-header-title-alerttone","$v":"अलर्ट्स"},{"$i":"section-title-custom-ringtone","$v":"हम्मर रिंगटोन्स"},{"$i":"section-title-custom-alerttone","$v":"माइ अलर्टस"},{"$i":"create-title","$v":"रिंगटोन क रूप में सेव करू"},{"$i":"create-save","$v":"सेव"},{"$i":"create-cancel","$v":"रद्द करू"},{"$i":"create-select","$v":"सलेक्‍ट करू"},{"$i":"create-deselect","$v":"अचयनित"},{"$i":"play-error-title","$v":"करप्टेड फाइल"},{"$i":"play-error-desc","$v":"फाइल करप्ट अछि, इ रिंगटोन बनैबा में प्रयोग नहि भ सकैत अछि."},{"$i":"save-error-title","$v":"रिंगटोन क्रिएट नै भेल्लेइ"},{"$i":"save-error-desc","$v":"रिंगटोन बन्बेइ में एरर. कृपया पुनः प्रयास करू."},{"$i":"default-label","$v":"डिफ़ॉल्ट रिंगटोन क रूप में सेव करू"},{"$i":"ok","$v":"ओके"},{"$i":"ringtone-untitled","$v":"बिना शीर्षक"},{"$i":"options","$v":"विकल्प"},{"$i":"play","$v":"प्‍ले"},{"$i":"stop","$v":"रूकू"},{"$i":"share","$v":"साझाकरण"},{"$i":"delete","$v":"मिटाउ"},{"$i":"cancel","$v":"रद्द करू"},{"$i":"select","$v":"सलेक्‍ट करू"},{"$i":"add","$v":"जोड़ू"},{"$i":"no-ringtones","$v":"कुनू रिंगटोन्‍स नहि"},{"$i":"no-ringtones-warning","$v":"रिंगटोन में जोड़बाक लेल एड सलेक्ट करू."}]