[{"$i":"brandShortName","$v":"KaiOS"},{"$i":"browserBrandShortName","$v":"Web Browser"},{"$i":"browserBrandFullName","$v":"Mozilla Web Browser"},{"$i":"ringtoneBrandName","$v":"Default"},{"$i":"ringtoneSectionBrandName","$v":"System"},{"$i":"ringtone-none","$v":"ഒന്നുമില്ല"},{"$i":"ringer_azalea","$v":"അസാലിയ"},{"$i":"ringer_bloom","$v":"ബ്ലൂം"},{"$i":"ringer_blove","$v":"ബ്ലോവ്"},{"$i":"ringer_city_lights","$v":"സിറ്റി ലൈറ്റുകൾ"},{"$i":"ringer_dots","$v":"ഡോട്ട്"},{"$i":"ringer_flow","$v":"ഫ്ലോ"},{"$i":"ringer_fountain","$v":"ഫൌണ്ടെയ്ന്‍"},{"$i":"ringer_fresh","$v":"ഫ്രെഷ്"},{"$i":"ringer_firefox2","$v":[{"t":"idOrVar","v":"ringtoneBrandName"}]},{"$i":"ringer_illuminate","$v":"ഇല്ലുമിനേറ്റ്"},{"$i":"ringer_incoming","$v":"ഇൻകമിംഗ്"},{"$i":"ringer_silvery","$v":"സില്‍വറി"},{"$i":"ringer_now_or_never","$v":"ഇപ്പോൾ അല്ലെങ്കിൽ ഒരിക്കലുമില്ല"},{"$i":"ringer_primary","$v":"പ്രൈമറി"},{"$i":"ringer_pure_guitar","$v":"പ്യൂർ ഗിത്താർ"},{"$i":"ringer_rounded","$v":"വൃത്താകാരം"},{"$i":"ringer_spring","$v":"സ്പ്രിംഗ്"},{"$i":"ringer_stargazer","$v":"സ്റ്റാർഗെസർ"},{"$i":"ringer_vaca","$v":"വാക"},{"$i":"notifier_bells","$v":"ബെല്‍സ്"},{"$i":"notifier_bloom","$v":"ബ്ലൂം"},{"$i":"notifier_chime","$v":"ചൈം"},{"$i":"notifier_clicka","$v":"ക്ലിക്ക"},{"$i":"notifier_digi","$v":"ഡിജി"},{"$i":"notifier_dropplet","$v":"ഡ്രോപ്പ്‌ലെറ്റ്"},{"$i":"notifier_firefox2","$v":[{"t":"idOrVar","v":"ringtoneBrandName"}]},{"$i":"notifier_hello","$v":"ഹലോ"},{"$i":"notifier_ping","$v":"പിംഗ്"},{"$i":"notifier_plickle","$v":"പ്ലിക്കിൾ"},{"$i":"notifier_pocko","$v":"പോകോ"},{"$i":"notifier_quado","$v":"ക്വോഡോ"},{"$i":"notifier_red","$v":"ചുവപ്പ്"},{"$i":"notifier_sato","$v":"സാറ്റോ"},{"$i":"notifier_trickleup","$v":"ട്രിക്കിൾ അപ്പ്"},{"$i":"notifier_trink","$v":"ട്രിങ്കുചെയ്യുക"},{"$i":"notifier_verse","$v":"വാചകം"},{"$i":"manage-title-2","$v":"ടോണുകൾ മാനേജുചെയ്യുക"},{"$i":"actions-share-ringtone","$v":"റിംഗ്ടോൺ പങ്കിടുക"},{"$i":"actions-delete-ringtone","$v":"റിംഗ്ടോൺ ഇല്ലാതാക്കുക"},{"$i":"actions-share-alerttone","$v":"അലേർട്ട് പങ്കിടുക"},{"$i":"actions-delete-alerttone","$v":"അലേർട്ട് ഇല്ലാതാക്കുക"},{"$i":"actions-cancel","$v":"റദ്ദാക്കുക"},{"$i":"delete-title-ringtone","$v":"റിംഗ്ടോൺ ഇല്ലാതാക്കുക"},{"$i":"delete-title-alerttone","$v":"അലേർട്ട് ഇല്ലാതാക്കുക"},{"$i":"delete-desc","$v":[{"t":"idOrVar","v":"tone"}," ഇല്ലാതാക്കണമെന്ന് തീർച്ചയാണോ?"]},{"$i":"delete-desc-default-ringtone","$v":["നിലവിലെ ഡീഫോള്‍ട്ട്  റിംഗ്ടോൺ \"",{"t":"idOrVar","v":"tone"},"\" ആണ്. \n\n നിങ്ങള്‍ക്ക് നീക്കം ചെയ്യണോ ?"]},{"$i":"delete-desc-default-alerttone","$v":["നിലവിലെ ഡീഫോള്‍ട്ട്  അലേർട്ട് \"",{"t":"idOrVar","v":"tone"},"\" ആണ്. \n\n നിങ്ങള്‍ക്ക് നീക്കം ചെയ്യണോ?"]},{"$i":"delete-cancel","$v":"റദ്ദാക്കുക"},{"$i":"delete-confirm","$v":"ഇല്ലാതാക്കുക"},{"$i":"deleted-ringtone","$v":"റിംഗ്ടോൺ ഇല്ലാതാക്കി."},{"$i":"deleted-alerttone","$v":"അലേർട്ട് ഇല്ലാതാക്കി."},{"$i":"created-tone","$v":"റിംഗ്ടോൺ സൃഷ്ടിച്ചു."},{"$i":"set-default-tone","$v":"റിംഗ്ടോൺ ഡിഫോൾട്ടായി സെറ്റ് ചെയ്തു."},{"$i":"sd-card-subtitle","$v":"SD കാർഡ്"},{"$i":"confirmation","$v":"സ്ഥിരീകരണം"},{"$i":"pick-title","$v":"ശബ്ദം തിരഞ്ഞെടുക്കുക"},{"$i":"pick-set","$v":"സെറ്റ് ചെയ്യുക"},{"$i":"system-ringtones","$v":"സിസ്റ്റം റിംഗ്ടോണ്‍"},{"$i":"my-ringtones","$v":"എന്‍റെ റിംഗ്ടോണുകൾ"},{"$i":"notice-alerts","$v":"അലേർട്ട്"},{"$i":"section-title-builtin-ringtone","$v":[{"t":"idOrVar","v":"ringtoneSectionBrandName"}," റിംഗ്ടോണ്‍"]},{"$i":"section-title-builtin-alerttone","$v":[{"t":"idOrVar","v":"ringtoneSectionBrandName"}," അലേർട്ട്"]},{"$i":"section-header-title-ringtone","$v":"റിംഗ്ടോണ്‍"},{"$i":"section-header-title-alerttone","$v":"അലേർട്ട്"},{"$i":"section-title-custom-ringtone","$v":"എന്‍റെ റിംഗ്ടോണുകൾ"},{"$i":"section-title-custom-alerttone","$v":"എന്‍റെ അലേർട്ട്"},{"$i":"create-title","$v":"റിംഗ്ടോൺ ആയി സേവ് ചെയ്യുക"},{"$i":"create-save","$v":"സേവ് ചെയ്യുക"},{"$i":"create-cancel","$v":"റദ്ദാക്കുക"},{"$i":"create-select","$v":"തിരഞ്ഞെടുക്കുക"},{"$i":"create-deselect","$v":"തിരഞ്ഞെടുത്തത് മാറ്റുക"},{"$i":"play-error-title","$v":"കേടായ ഫയൽ"},{"$i":"play-error-desc","$v":"ഫയൽ കേടായിരിക്കുന്നു. ഒരു റിംഗ്ടോൺ സൃഷ്ടിക്കാൻ അത് ഉപയോഗിക്കാൻ കഴിയില്ല."},{"$i":"save-error-title","$v":"റിംഗ്ടോൺ സൃഷ്ടിച്ചില്ല"},{"$i":"save-error-desc","$v":"റിംഗ്ടോൺ സൃഷ്ടിക്കുന്നതിൽ ഒരു പ്രശ്നമുണ്ടായി.ദയവായി  വീണ്ടും ശ്രമിക്കുക."},{"$i":"default-label","$v":"ഡിഫോൾട്ട് റിംഗ്ടോണായി സേവ് ചെയ്യുക"},{"$i":"ok","$v":"ശരി"},{"$i":"ringtone-untitled","$v":"പേരില്ലാത്തത്"},{"$i":"options","$v":"ഓപ്ഷന്‍"},{"$i":"play","$v":"പ്ലേ ചെയ്യുക"},{"$i":"stop","$v":"നിര്‍ത്തുക"},{"$i":"share","$v":"പങ്കിടുക"},{"$i":"delete","$v":"ഇല്ലാതാക്കുക"},{"$i":"cancel","$v":"റദ്ദാക്കുക"},{"$i":"select","$v":"തിരഞ്ഞെടുക്കുക"},{"$i":"add","$v":"ചേര്‍ക്കുക"},{"$i":"no-ringtones","$v":"റിംഗ്ടോണുകൾ ഇല്ല"},{"$i":"no-ringtones-warning","$v":"നിങ്ങളുടെ റിംഗ്ടോണുകൾ ചേർക്കാൻ \"ചേർക്കുക\" തിരഞ്ഞെടുക്കുക."}]