[{"$i":"brandShortName","$v":"KaiOS"},{"$i":"browserBrandShortName","$v":"Web Browser"},{"$i":"browserBrandFullName","$v":"Mozilla Web Browser"},{"$i":"ringtoneBrandName","$v":"Default"},{"$i":"ringtoneSectionBrandName","$v":"System"},{"$i":"ringtone-none","$v":"করিমত্তা নত্তবা"},{"$i":"ringer_azalea","$v":"অজালি"},{"$i":"ringer_bloom","$v":"শাৎপা"},{"$i":"ringer_blove","$v":"ব্লোভ"},{"$i":"ringer_city_lights","$v":"সহরগী মঙালশীং"},{"$i":"ringer_dots","$v":"বিন্দুশীং"},{"$i":"ringer_flow","$v":"ঈচেল"},{"$i":"ringer_fountain","$v":"হৌরকফম মরু"},{"$i":"ringer_fresh","$v":"তগৎ তেকপা"},{"$i":"ringer_firefox2","$v":[{"t":"idOrVar","v":"ringtoneBrandName"}]},{"$i":"ringer_illuminate","$v":"ঙালহল্লু"},{"$i":"ringer_incoming","$v":"চংলকপা"},{"$i":"ringer_silvery","$v":"লুপা মচুদৌনা তৌবা"},{"$i":"ringer_now_or_never","$v":"হৌজিক নত্ত্রগা শুকওই ওইদবা"},{"$i":"ringer_primary","$v":"প্রাইমারি"},{"$i":"ringer_pure_guitar","$v":"অশেংবা গিতার"},{"$i":"ringer_rounded","$v":"মপুঙ ওইনা লৌরে"},{"$i":"ringer_spring","$v":"স্প্রীং"},{"$i":"ringer_stargazer","$v":"থৱানমিচাক য়েংবা মী"},{"$i":"ringer_vaca","$v":"ভকা"},{"$i":"notifier_bells","$v":"কাংসিশীং"},{"$i":"notifier_bloom","$v":"শাৎপা"},{"$i":"notifier_chime","$v":"শরীক"},{"$i":"notifier_clicka","$v":"ক্লিকা"},{"$i":"notifier_digi","$v":"দিজি"},{"$i":"notifier_dropplet","$v":"দ্রোপ্পলেত"},{"$i":"notifier_firefox2","$v":[{"t":"idOrVar","v":"ringtoneBrandName"}]},{"$i":"notifier_hello","$v":"হেল্লো"},{"$i":"notifier_ping","$v":"পিঙ"},{"$i":"notifier_plickle","$v":"প্লিকল"},{"$i":"notifier_pocko","$v":"পোক্কো"},{"$i":"notifier_quado","$v":"ক্বাদো"},{"$i":"notifier_red","$v":"অঙাংবা"},{"$i":"notifier_sato","$v":"সতো"},{"$i":"notifier_trickleup","$v":"মথক্তা ইফূৎ কাবা"},{"$i":"notifier_trink","$v":"ঙা ফানবা লাং"},{"$i":"notifier_verse","$v":"শৈরেং"},{"$i":"manage-title-2","$v":"টোনশীং মেনেজ তৌ"},{"$i":"actions-share-ringtone","$v":"রিংতোন শরুক য়ামিন্নৌ"},{"$i":"actions-delete-ringtone","$v":"রিংতোন মুথৎলু"},{"$i":"actions-share-alerttone","$v":"এলর্ট শরুক য়ামিন্নৌ"},{"$i":"actions-delete-alerttone","$v":"এলর্ট মুথৎলু"},{"$i":"actions-cancel","$v":"ককথৎলু"},{"$i":"delete-title-ringtone","$v":"রিংতোন মুথৎলু"},{"$i":"delete-title-alerttone","$v":"এলর্ট মুথৎলু"},{"$i":"delete-desc","$v":["নহাক \"",{"t":"idOrVar","v":"tone"},"\" মুথৎপা পাম্মি হায়বা নহাক শোয়দ্রব্রা?"]},{"$i":"delete-desc-default-ringtone","$v":["\"",{"t":"idOrVar","v":"tone"},"\" অসি হৌজিক লৈবা দিফাওল্ট রিংতোন নি.\n\nনহাক মদু মুত্থৎপা পাম্মি হায়বা শোয়দ্রব্রা"]},{"$i":"delete-desc-default-alerttone","$v":["\"",{"t":"idOrVar","v":"tone"},"\" অসি হৌজিক লৈবা দিফাওল্ট এলর্টনি.\n\nনহাক মদু মুত্থৎপা পাম্মি হায়বা শোয়দ্রব্রা"]},{"$i":"delete-cancel","$v":"ককথৎলু"},{"$i":"delete-confirm","$v":"মুত্থৎলু"},{"$i":"deleted-ringtone","$v":"রিংতোন মুথৎলে."},{"$i":"deleted-alerttone","$v":"এলর্ট মুথৎলে."},{"$i":"created-tone","$v":"রিংতোন শেম্লে."},{"$i":"set-default-tone","$v":"রিংতোন দিফাওল্ট ওইনা শেম্লে."},{"$i":"sd-card-subtitle","$v":"SD কার্দ"},{"$i":"confirmation","$v":"চুম্মি হায়বা"},{"$i":"pick-title","$v":"মখোল খল্লু"},{"$i":"pick-set","$v":"হাপ্পু"},{"$i":"system-ringtones","$v":"সিস্টেম রিংতোনশীং"},{"$i":"my-ringtones","$v":"ঐগী রিংতোনশীং"},{"$i":"notice-alerts","$v":"এলর্টশীং"},{"$i":"section-title-builtin-ringtone","$v":[{"t":"idOrVar","v":"ringtoneSectionBrandName"}," রিংতোনশীং"]},{"$i":"section-title-builtin-alerttone","$v":[{"t":"idOrVar","v":"ringtoneSectionBrandName"}," এলর্টশীং"]},{"$i":"section-header-title-ringtone","$v":"রিঙটোনশিং"},{"$i":"section-header-title-alerttone","$v":"এলর্টশীং"},{"$i":"section-title-custom-ringtone","$v":"ঐগী রিংতোনশীং"},{"$i":"section-title-custom-alerttone","$v":"ঐগী এলর্টশীং"},{"$i":"create-title","$v":"রিংতোন ওইনা সেব তৌ"},{"$i":"create-save","$v":"সেব তৌ"},{"$i":"create-cancel","$v":"ককথৎলু"},{"$i":"create-select","$v":"খল্লু"},{"$i":"create-deselect","$v":"খনবা তোকউ"},{"$i":"play-error-title","$v":"করপ্ট তৌরবা ফাইল"},{"$i":"play-error-desc","$v":"ফাইল অদু করপ্ট তৌরে. মদু রিংতোন শেম্নবা শীজিন্নবা য়াদে."},{"$i":"save-error-title","$v":"রিংতোন শেমদে"},{"$i":"save-error-desc","$v":"রিংতোন অদু শেম্বদা য়েংশিনগদবা ৱাফম অমা লৈরে. হন্না হোৎনবিয়ু."},{"$i":"default-label","$v":"দিফাওল্ট রিংতোন ওইনা সেব তৌ"},{"$i":"ok","$v":"ওকে"},{"$i":"ringtone-untitled","$v":"মমিং থোন্দবা"},{"$i":"options","$v":"ওপসনশিং"},{"$i":"play","$v":"প্লে তৌ"},{"$i":"stop","$v":"লেপ্পু"},{"$i":"share","$v":"শীজিন্নমিন্নৌ"},{"$i":"delete","$v":"মুত্থৎলু"},{"$i":"cancel","$v":"ককথৎলু"},{"$i":"select","$v":"খল্লু"},{"$i":"add","$v":"তিনশিল্লু"},{"$i":"no-ringtones","$v":"রিংতোনশীং লৈতে"},{"$i":"no-ringtones-warning","$v":"নহাক্কি রিংতোনশীং হাপচিন্নবা \"এদ\" খল্লু."}]