[{"$i":"brandShortName","$v":"KaiOS"},{"$i":"browserBrandShortName","$v":"Web Browser"},{"$i":"browserBrandFullName","$v":"Mozilla Web Browser"},{"$i":"ringtoneBrandName","$v":"Default"},{"$i":"ringtoneSectionBrandName","$v":"System"},{"$i":"ringtone-none","$v":"काहीही नाही"},{"$i":"ringer_azalea","$v":"अझालिया"},{"$i":"ringer_bloom","$v":"ब्लूम"},{"$i":"ringer_blove","$v":"ब्लव"},{"$i":"ringer_city_lights","$v":"सिटी लाइट"},{"$i":"ringer_dots","$v":"डॉट"},{"$i":"ringer_flow","$v":"फ्लो"},{"$i":"ringer_fountain","$v":"फाउंटेन"},{"$i":"ringer_fresh","$v":"फ्रेश"},{"$i":"ringer_firefox2","$v":[{"t":"idOrVar","v":"ringtoneBrandName"}]},{"$i":"ringer_illuminate","$v":"प्रकाशित"},{"$i":"ringer_incoming","$v":"इनकमिंग"},{"$i":"ringer_silvery","$v":"सिल्वरी"},{"$i":"ringer_now_or_never","$v":"आता किंवा कधीही नाही"},{"$i":"ringer_primary","$v":"प्राथमिक"},{"$i":"ringer_pure_guitar","$v":"प्युअर गिटार"},{"$i":"ringer_rounded","$v":"राउन्डेड"},{"$i":"ringer_spring","$v":"स्प्रिंग"},{"$i":"ringer_stargazer","$v":"स्टर्गझर"},{"$i":"ringer_vaca","$v":"वाका"},{"$i":"notifier_bells","$v":"बेल्स"},{"$i":"notifier_bloom","$v":"ब्लूम"},{"$i":"notifier_chime","$v":"चीमे"},{"$i":"notifier_clicka","$v":"कलिका"},{"$i":"notifier_digi","$v":"डिजि"},{"$i":"notifier_dropplet","$v":"ड्रॉपलेट"},{"$i":"notifier_firefox2","$v":[{"t":"idOrVar","v":"ringtoneBrandName"}]},{"$i":"notifier_hello","$v":"हॅलो"},{"$i":"notifier_ping","$v":"पिंग"},{"$i":"notifier_plickle","$v":"प्लीकल"},{"$i":"notifier_pocko","$v":"पॉको"},{"$i":"notifier_quado","$v":"क्वाडो"},{"$i":"notifier_red","$v":"रेड"},{"$i":"notifier_sato","$v":"साटो"},{"$i":"notifier_trickleup","$v":"ट्रीकल अप"},{"$i":"notifier_trink","$v":"ट्रिंक"},{"$i":"notifier_verse","$v":"विरूद्ध"},{"$i":"manage-title-2","$v":"टोन्स व्यवस्थापित करा"},{"$i":"actions-share-ringtone","$v":"रिंगटोन सामायिक करा"},{"$i":"actions-delete-ringtone","$v":"रिंगटोन हटवा"},{"$i":"actions-share-alerttone","$v":"अलर्ट सामायिक करा"},{"$i":"actions-delete-alerttone","$v":"अलर्ट हटवा"},{"$i":"actions-cancel","$v":"रद्द करा"},{"$i":"delete-title-ringtone","$v":"रिंगटोन हटवा"},{"$i":"delete-title-alerttone","$v":"अलर्ट हटवा"},{"$i":"delete-desc","$v":["आपण \"",{"t":"idOrVar","v":"tऑनe"},"\" हटवण्‍यास तयार आहात का?"]},{"$i":"delete-desc-default-ringtone","$v":["\"",{"t":"idOrVar","v":"tone"},"\" वर्तमानात डिफॉल्ट रिंगटोन आहे.\n\n आपल्याला हटवायचे आहे का?"]},{"$i":"delete-desc-default-alerttone","$v":["\"",{"t":"idOrVar","v":"tone"},"\" वर्तमानात डिफॉल्ट अलर्ट आहे.\n\nआपल्याला हटवायचे आहे का?"]},{"$i":"delete-cancel","$v":"रद्द करा"},{"$i":"delete-confirm","$v":"हटवा"},{"$i":"deleted-ringtone","$v":"रिंगटोन हटविला."},{"$i":"deleted-alerttone","$v":"अलार्म हटवला आहे."},{"$i":"created-tone","$v":"रिंगटोन तयार केली."},{"$i":"set-default-tone","$v":"रिंगटोन डि‍फॉल्ट म्हणून सेट केले."},{"$i":"sd-card-subtitle","$v":"SD कार्ड"},{"$i":"confirmation","$v":"पुष्टीकरण"},{"$i":"pick-title","$v":"ध्वनी निवडा"},{"$i":"pick-set","$v":"सेट करा"},{"$i":"system-ringtones","$v":"सिस्टम रिंगटोन"},{"$i":"my-ringtones","$v":"माझे रिंगटोन"},{"$i":"notice-alerts","$v":"अलर्ट"},{"$i":"section-title-builtin-ringtone","$v":[{"t":"idOrVar","v":"ringtoneSectionBrandName"},"रिंगटोन"]},{"$i":"section-title-builtin-alerttone","$v":[{"t":"idOrVar","v":"ringtoneSectionBrandName"}," अलर्ट"]},{"$i":"section-header-title-ringtone","$v":"रिंगटोन"},{"$i":"section-header-title-alerttone","$v":"अलर्ट"},{"$i":"section-title-custom-ringtone","$v":"माझे रिंगटोन"},{"$i":"section-title-custom-alerttone","$v":"माझे अलर्ट"},{"$i":"create-title","$v":"रिंगटोन म्हणून जतन करा"},{"$i":"create-save","$v":"जतन करा"},{"$i":"create-cancel","$v":"रद्द करा"},{"$i":"create-select","$v":"निवडा"},{"$i":"create-deselect","$v":"निवड रद्द करा"},{"$i":"play-error-title","$v":"खराब फाईल"},{"$i":"play-error-desc","$v":"फाइल खराब आहे. हे रिंगटोन तयार करण्यासाठी वापरले जाऊ शकत नाही."},{"$i":"save-error-title","$v":"रिंगटोन तयार केले नाही"},{"$i":"save-error-desc","$v":"रिंगटोन तयार करताना समस्या आली अाहे. कृपया पुन्हा प्रयत्न करा."},{"$i":"default-label","$v":"डिफॉल्ट रिंगटोन म्हणून जतन करा"},{"$i":"ok","$v":"ठीक आहे"},{"$i":"ringtone-untitled","$v":"अन्टाइटल"},{"$i":"options","$v":"पर्याय"},{"$i":"play","$v":"वाजवा"},{"$i":"stop","$v":"थांबवा"},{"$i":"share","$v":"सामायिक करा"},{"$i":"delete","$v":"हटवा"},{"$i":"cancel","$v":"रद्द करा"},{"$i":"select","$v":"निवडा"},{"$i":"add","$v":"जोडा"},{"$i":"no-ringtones","$v":"कोणतीही रिंगटोन नाही"},{"$i":"no-ringtones-warning","$v":"आपले रिंगटोन जोडण्यासाठी \"जोडा\" निवडा."}]