[{"$i":"brandShortName","$v":"KaiOS"},{"$i":"browserBrandShortName","$v":"Web Browser"},{"$i":"browserBrandFullName","$v":"Mozilla Web Browser"},{"$i":"ringtoneBrandName","$v":"Default"},{"$i":"ringtoneSectionBrandName","$v":"System"},{"$i":"ringtone-none","$v":"कुनै पनि होइन"},{"$i":"ringer_azalea","$v":"अजालिया"},{"$i":"ringer_bloom","$v":"ब्लूम"},{"$i":"ringer_blove","$v":"ब्लोभ"},{"$i":"ringer_city_lights","$v":"सिटी लाइटहरू"},{"$i":"ringer_dots","$v":"डट्स"},{"$i":"ringer_flow","$v":"बहाव"},{"$i":"ringer_fountain","$v":"फाउन्टेन"},{"$i":"ringer_fresh","$v":"ताजा"},{"$i":"ringer_firefox2","$v":[{"t":"idOrVar","v":"ringtoneBrandName"}]},{"$i":"ringer_illuminate","$v":"उज्यालो पार्नुहोस्"},{"$i":"ringer_incoming","$v":"आगमन"},{"$i":"ringer_silvery","$v":"सुमधुर"},{"$i":"ringer_now_or_never","$v":"अहिले वा कहिले पनि"},{"$i":"ringer_primary","$v":"प्राथमिक"},{"$i":"ringer_pure_guitar","$v":"शुद्ध गितार"},{"$i":"ringer_rounded","$v":"गोलाकार"},{"$i":"ringer_spring","$v":"स्प्रिङ्ग"},{"$i":"ringer_stargazer","$v":"स्टारगेजर"},{"$i":"ringer_vaca","$v":"भाका"},{"$i":"notifier_bells","$v":"घण्टीहरू"},{"$i":"notifier_bloom","$v":"ब्लूम"},{"$i":"notifier_chime","$v":"चाइम"},{"$i":"notifier_clicka","$v":"Clicka"},{"$i":"notifier_digi","$v":"डिजिटल"},{"$i":"notifier_dropplet","$v":"ड्रपलेट"},{"$i":"notifier_firefox2","$v":[{"t":"idOrVar","v":"ringtoneBrandName"}]},{"$i":"notifier_hello","$v":"नमस्कार"},{"$i":"notifier_ping","$v":"पिङ्ग"},{"$i":"notifier_plickle","$v":"प्लिकल"},{"$i":"notifier_pocko","$v":"पोक्को"},{"$i":"notifier_quado","$v":"क्यूडो"},{"$i":"notifier_red","$v":"रातो"},{"$i":"notifier_sato","$v":"साटो"},{"$i":"notifier_trickleup","$v":"ट्रिकल अप"},{"$i":"notifier_trink","$v":"ट्रिङ्क"},{"$i":"notifier_verse","$v":"अनुवाक्य"},{"$i":"manage-title-2","$v":"आवाजहरू व्यवस्थित गर्नुहोस्"},{"$i":"actions-share-ringtone","$v":"रिङटोन साझा गर्नुहोस्"},{"$i":"actions-delete-ringtone","$v":"रिङटोन हटाउनुहोस्"},{"$i":"actions-share-alerttone","$v":"चेतावनी साझा गर्नुहोस्"},{"$i":"actions-delete-alerttone","$v":"सावधानी हटाउनुहोस्"},{"$i":"actions-cancel","$v":"रद्द गर्नुहोस्"},{"$i":"delete-title-ringtone","$v":"रिङटोन हटाउनुहोस्"},{"$i":"delete-title-alerttone","$v":"सावधानी हटाउनुहोस्"},{"$i":"delete-desc","$v":["तपाईंले निश्चित रूपमा \"",{"t":"idOrVar","v":"tone"},"\" लाई मेटाउन चाहनुहुन्छ ?"]},{"$i":"delete-desc-default-ringtone","$v":["\"",{"t":"idOrVar","v":"tone"},"\" हालको पूर्वनिर्धारित रिङटोन हो।\n\nतपाईं यसलाई मेटाउनको लागि निश्चित हुनुहुन्छ"]},{"$i":"delete-desc-default-alerttone","$v":["\"",{"t":"idOrVar","v":"tone"},"\" हालको पूर्वनिर्धारित सावधानी हो।\n\nतपाईं यसलाई मेटाउनको लागि निश्चित हुनुहुन्छ"]},{"$i":"delete-cancel","$v":"रद्द गर्नुहोस्"},{"$i":"delete-confirm","$v":"मेट्नुहोस्"},{"$i":"deleted-ringtone","$v":"रिङ्गटोन मेटाइयो।"},{"$i":"deleted-alerttone","$v":"सावधानी मेटाइयो।"},{"$i":"created-tone","$v":"रिङ्गटोन सिर्जना गरियो।"},{"$i":"set-default-tone","$v":"रिङ्गटोन पूर्वनिर्धारितमा सेट गर्नुहोस्।"},{"$i":"sd-card-subtitle","$v":"SD कार्ड"},{"$i":"confirmation","$v":"पुष्टिकरण"},{"$i":"pick-title","$v":"साउण्डलाई चयन गर्नुहोस्"},{"$i":"pick-set","$v":"सेट गर्नुहोस्"},{"$i":"system-ringtones","$v":"प्रणाली रिङटोनहरू"},{"$i":"my-ringtones","$v":"मेरो रिङटोनहरू"},{"$i":"notice-alerts","$v":"सतर्कताहरू"},{"$i":"section-title-builtin-ringtone","$v":[{"t":"idOrVar","v":"ringtoneSectionBrandName"}," रिङटोनहरू"]},{"$i":"section-title-builtin-alerttone","$v":[{"t":"idOrVar","v":"ringtoneSectionBrandName"}," सावधानीहरू"]},{"$i":"section-header-title-ringtone","$v":"रिङटोनहरू"},{"$i":"section-header-title-alerttone","$v":"सतर्कताहरू"},{"$i":"section-title-custom-ringtone","$v":"मेरो रिङटोनहरू"},{"$i":"section-title-custom-alerttone","$v":"मेरो सतर्कताहरु"},{"$i":"create-title","$v":"रिङ्टोनको रूपमा बचत गर्नुहोस्"},{"$i":"create-save","$v":"सुरक्षित गर्नुहोस्"},{"$i":"create-cancel","$v":"रद्द गर्नुहोस्"},{"$i":"create-select","$v":"चयन गर्नुहोस्"},{"$i":"create-deselect","$v":"चयन हटाउनुहोस्"},{"$i":"play-error-title","$v":"बिग्रेको फाइल"},{"$i":"play-error-desc","$v":"फाइल अनुपयोगी छ। रिंगटोन सिर्जनाको लागि यसलाई प्रयोग गर्न सकिन्न।"},{"$i":"save-error-title","$v":"रिङ्गटोन सिर्जना गरिएको छैन्"},{"$i":"save-error-desc","$v":"रिङटोन सिर्जना गर्दा समस्या भयो कृपया फेरी प्रयास गर्नुहोस्।"},{"$i":"default-label","$v":"पूर्वनिर्धारित रिङ्टोनको रूपमा बचत गर्नुहोस्"},{"$i":"ok","$v":"ठीक छ"},{"$i":"ringtone-untitled","$v":"शीर्षकविहिन"},{"$i":"options","$v":"विकल्पहरू"},{"$i":"play","$v":"चलाउनुहोस्"},{"$i":"stop","$v":"रोक्नुहोस्"},{"$i":"share","$v":"साझेदारी"},{"$i":"delete","$v":"मेट्नुहोस्"},{"$i":"cancel","$v":"रद्द गर्नुहोस्"},{"$i":"select","$v":"चयन गर्नुहोस्"},{"$i":"add","$v":"थप्नुहोस्"},{"$i":"no-ringtones","$v":"कुनै रिङटोनहरू छैन"},{"$i":"no-ringtones-warning","$v":"तपाईंको रिङ्गटोनहरू थप्न “थप्नुहोस्” चयन गर्नुहोस्।"}]