[{"$i":"brandShortName","$v":"KaiOS"},{"$i":"browserBrandShortName","$v":"Web Browser"},{"$i":"browserBrandFullName","$v":"Mozilla Web Browser"},{"$i":"ringtoneBrandName","$v":"Default"},{"$i":"ringtoneSectionBrandName","$v":"System"},{"$i":"ringtone-none","$v":"କିଛି ନୁହେଁ"},{"$i":"ringer_azalea","$v":"ଆଜେଲିୟା"},{"$i":"ringer_bloom","$v":"ବ୍ଲୁମ୍"},{"$i":"ringer_blove","$v":"ବ୍ଲଭ୍"},{"$i":"ringer_city_lights","$v":"ସିଟି ଲାଇଟ୍"},{"$i":"ringer_dots","$v":"ଡଟ୍"},{"$i":"ringer_flow","$v":"ଫ୍ଲୋ"},{"$i":"ringer_fountain","$v":"ଫାଉଣ୍ଟେନ୍"},{"$i":"ringer_fresh","$v":"ଫ୍ରେଶ୍"},{"$i":"ringer_firefox2","$v":[{"t":"idOrVar","v":"ringtoneBrandName"}]},{"$i":"ringer_illuminate","$v":"ଇଲ୍ୟୁମିନେଟ୍"},{"$i":"ringer_incoming","$v":"ଆଗମନ"},{"$i":"ringer_silvery","$v":"ସିଲଭରି"},{"$i":"ringer_now_or_never","$v":"ବର୍ତ୍ତମାନ କିମ୍ୱା କଦାପି ନୁହେଁ"},{"$i":"ringer_primary","$v":"ପ୍ରାଥମିକ"},{"$i":"ringer_pure_guitar","$v":"ପ୍ୟୋର୍ ଗିଟାର୍‌"},{"$i":"ringer_rounded","$v":"ରାଉଣ୍ଡେଡ୍"},{"$i":"ringer_spring","$v":"ସ୍ପ୍ରିଙ୍ଗ୍"},{"$i":"ringer_stargazer","$v":"ଷ୍ଟାରଗେଜର୍"},{"$i":"ringer_vaca","$v":"ଭାକା"},{"$i":"notifier_bells","$v":"ବେଲ୍ସ୍"},{"$i":"notifier_bloom","$v":"ବ୍ଲୁମ୍"},{"$i":"notifier_chime","$v":"ଚାଇମ୍"},{"$i":"notifier_clicka","$v":"କ୍ଲିକା"},{"$i":"notifier_digi","$v":"ଡିଜି"},{"$i":"notifier_dropplet","$v":"ଡ୍ରପ୍‌ଲେଟ୍"},{"$i":"notifier_firefox2","$v":[{"t":"idOrVar","v":"ringtoneBrandName"}]},{"$i":"notifier_hello","$v":"ହେଲୋ"},{"$i":"notifier_ping","$v":"ପିଙ୍ଗ୍"},{"$i":"notifier_plickle","$v":"ପ୍ଲିକଲ୍‌"},{"$i":"notifier_pocko","$v":"ପୋକୋ"},{"$i":"notifier_quado","$v":"କ୍ୱାଡୋ"},{"$i":"notifier_red","$v":"ରେଡ୍"},{"$i":"notifier_sato","$v":"ସାଟୋ"},{"$i":"notifier_trickleup","$v":"ଟ୍ରିକଲ ଅପ୍‌"},{"$i":"notifier_trink","$v":"ଟ୍ରିନ୍କ"},{"$i":"notifier_verse","$v":"ଭର୍ସ"},{"$i":"manage-title-2","$v":"ଟୋନ୍‌ଗୁଡିକ ପରିଚାଳନା କରନ୍ତୁ"},{"$i":"actions-share-ringtone","$v":"ରିଂଟୋନ୍ ଅଂଶୀଦାର କରନ୍ତୁ"},{"$i":"actions-delete-ringtone","$v":"ରିଂଟୋନ୍ ବିଲୋପ କରନ୍ତୁ"},{"$i":"actions-share-alerttone","$v":"ଆଲର୍ଟ୍ ଅଂଶୀଦାର କରନ୍ତୁ"},{"$i":"actions-delete-alerttone","$v":"ଆଲର୍ଟ୍ ବିଲୋପ କରନ୍ତୁ"},{"$i":"actions-cancel","$v":"ବାତିଲ କରନ୍ତୁ"},{"$i":"delete-title-ringtone","$v":"ରିଂଟୋନ୍ ବିଲୋପ କରନ୍ତୁ"},{"$i":"delete-title-alerttone","$v":"ଆଲର୍ଟ୍ ବିଲୋପ କରନ୍ତୁ"},{"$i":"delete-desc","$v":["ଆପଣ \"",{"t":"idOrVar","v":"tone"},"\" ବିଲୋପ କରିବାକୁ ଚାହାଁନ୍ତି କି ?"]},{"$i":"delete-desc-default-ringtone","$v":["\"",{"t":"idOrVar","v":"tone"},"\" ହେଉଛି ବର୍ତ୍ତମାନର ଡିଫଲ୍ଟ ରିଂଟୋନ୍‌।\n\n ଆପଣ ଏହାକୁ ବିଲୋପ କରିବାକୁ ଚାହାଁନ୍ତି ?"]},{"$i":"delete-desc-default-alerttone","$v":["\"",{"t":"idOrVar","v":"tone"},"\" ହେଉଛି ବର୍ତ୍ତମାନର ଡିଫଲ୍ଟ ଆଲର୍ଟ।\n\n ଆପଣ ଏହାକୁ ବିଲୋପ କରିବାକୁ ଚାହାଁନ୍ତି ?"]},{"$i":"delete-cancel","$v":"ବାତିଲ କରନ୍ତୁ"},{"$i":"delete-confirm","$v":"ବିଲୋପ କରନ୍ତୁ"},{"$i":"deleted-ringtone","$v":"ରିଂଟୋନ୍ ବିଲୋପିତ |"},{"$i":"deleted-alerttone","$v":"ଆଲର୍ଟ୍ ବିଲୋପିତ |"},{"$i":"created-tone","$v":"ରିଂଟୋନ୍ ସୃଷ୍ଟି ହୋଇଛି |"},{"$i":"set-default-tone","$v":"ରିଂଟୋନ୍ ଡିଫଲ୍ଟ ଭାବେ ସେଟ୍ ହୋଇଛି |"},{"$i":"sd-card-subtitle","$v":"SD କାର୍ଡ୍"},{"$i":"confirmation","$v":"ନିଶ୍ଚିତକରଣ"},{"$i":"pick-title","$v":"ଧ୍ଵନି ଚୟନ କରନ୍ତୁ"},{"$i":"pick-set","$v":"ସେଟ୍ କରନ୍ତୁ"},{"$i":"system-ringtones","$v":"ସିଷ୍ଟମ୍ ରିଂଟୋନଗୁଡିକ"},{"$i":"my-ringtones","$v":"ମୋ ରିଂଟୋନଗୁଡିକ"},{"$i":"notice-alerts","$v":"ଆଲର୍ଟ୍"},{"$i":"section-title-builtin-ringtone","$v":[{"t":"idOrVar","v":"ringtoneSectionBrandName"}," ରିଂଟୋନଗୁଡିକ"]},{"$i":"section-title-builtin-alerttone","$v":[{"t":"idOrVar","v":"ringtoneSectionBrandName"}," ଆଲର୍ଟ୍"]},{"$i":"section-header-title-ringtone","$v":"ରିଂଟୋନ୍‌ଗୁଡିକ"},{"$i":"section-header-title-alerttone","$v":"ଆଲର୍ଟ୍"},{"$i":"section-title-custom-ringtone","$v":"ମୋ ରିଂଟୋନଗୁଡିକ"},{"$i":"section-title-custom-alerttone","$v":"ମୋ ଆଲର୍ଟ୍"},{"$i":"create-title","$v":"ରିଂଟୋନ୍ ଭାବେ ସେଭ୍ କରନ୍ତୁ"},{"$i":"create-save","$v":"ସେଭ୍ କରନ୍ତୁ"},{"$i":"create-cancel","$v":"ବାତିଲ କରନ୍ତୁ"},{"$i":"create-select","$v":"ଚୟନ କରନ୍ତୁ"},{"$i":"create-deselect","$v":"ଅଣଚୟନ କରନ୍ତୁ"},{"$i":"play-error-title","$v":"ଦୂଷିତ ଫାଇଲ୍"},{"$i":"play-error-desc","$v":"ଫାଇଲ୍ ତ୍ରୁଟି ଯୁକ୍ତ ଅଟେ। ଏକ ରିଂଟୋନ୍ ସୃଷ୍ଟି କରିବାକୁ ଏହା ବ୍ୟବହାର ହୋଇପାରିବ ନାହିଁ |"},{"$i":"save-error-title","$v":"ରିଂଟୋନ୍ ସୃଷ୍ଟି ହୋଇନାହିଁ"},{"$i":"save-error-desc","$v":"ରିଂଟୋନ୍ ସୃଷ୍ଟି କରିବା ସମୟରେ ଏକ ସମସ୍ୟା ହୋଇଥିଲା। ଦୟାକରି ପୁନର୍ବାର ଚେଷ୍ଟା କରନ୍ତୁ |"},{"$i":"default-label","$v":"ଡିଫଲ୍ଟ ରିଂଟୋନ୍ ଭାବେ ସେଭ୍ କରନ୍ତୁ"},{"$i":"ok","$v":"ଓକେ"},{"$i":"ringtone-untitled","$v":"ଅନ୍ ଟାଇଟଲ୍‌ଡ୍"},{"$i":"options","$v":"ବିକଳ୍ପଗୁଡିକ"},{"$i":"play","$v":"ବଜାନ୍ତୁ"},{"$i":"stop","$v":"ବନ୍ଦ କରନ୍ତୁ"},{"$i":"share","$v":"ଅଂଶୀଦାର କରନ୍ତୁ"},{"$i":"delete","$v":"ବିଲୋପ କରନ୍ତୁ"},{"$i":"cancel","$v":"ବାତିଲ କରନ୍ତୁ"},{"$i":"select","$v":"ଚୟନ କରନ୍ତୁ"},{"$i":"add","$v":"ଯୋଡ଼ନ୍ତୁ"},{"$i":"no-ringtones","$v":"କୌଣସି ରିଂଟୋନ ନାହିଁ"},{"$i":"no-ringtones-warning","$v":"ଆପଣଙ୍କ ରିଂଟୋନଗୁଡିକ ଯୋଡିବାକୁ \"ଯୋଡ଼ନ୍ତୁ\" ଚୟନ କରନ୍ତୁ |"}]