[{"$i":"brandShortName","$v":"KaiOS"},{"$i":"browserBrandShortName","$v":"Web Browser"},{"$i":"browserBrandFullName","$v":"Mozilla Web Browser"},{"$i":"ringtoneBrandName","$v":"Default"},{"$i":"ringtoneSectionBrandName","$v":"System"},{"$i":"ringtone-none","$v":"ਕੋਈ ਨਹੀਂ"},{"$i":"ringer_azalea","$v":"ਅਜ਼ੇਲੀਆ"},{"$i":"ringer_bloom","$v":"ਬਲੂਮ"},{"$i":"ringer_blove","$v":"ਬਲਵ"},{"$i":"ringer_city_lights","$v":"ਸਿਟੀ ਲਾਈਟ"},{"$i":"ringer_dots","$v":"ਡੌਟ"},{"$i":"ringer_flow","$v":"ਫਲੋ"},{"$i":"ringer_fountain","$v":"ਫਾਉਨਟੇਨ"},{"$i":"ringer_fresh","$v":"ਫਰੈਸ਼"},{"$i":"ringer_firefox2","$v":[{"t":"idOrVar","v":"ringtoneBrandName"}]},{"$i":"ringer_illuminate","$v":"ਇਲੂਮਿਨੇਟ"},{"$i":"ringer_incoming","$v":"ਇਨਕਮਿੰਗ"},{"$i":"ringer_silvery","$v":"ਸਿਲਵਰੀ"},{"$i":"ringer_now_or_never","$v":"ਨਾਉ ਔਰ ਨੇਵਰ"},{"$i":"ringer_primary","$v":"ਪ੍ਰਾਇਮਰੀ"},{"$i":"ringer_pure_guitar","$v":"ਪਿਓਰ ਗਿਟਾਰ"},{"$i":"ringer_rounded","$v":"ਰਾਉਂਡਡ"},{"$i":"ringer_spring","$v":"ਸਪਰਿੰਗ"},{"$i":"ringer_stargazer","$v":"ਸਟਾਰਗੇਜ਼ਰ"},{"$i":"ringer_vaca","$v":"ਵਾਕਾ"},{"$i":"notifier_bells","$v":"ਬੈਲਸ"},{"$i":"notifier_bloom","$v":"ਬਲੂਮ"},{"$i":"notifier_chime","$v":"ਚਾਇਮ"},{"$i":"notifier_clicka","$v":"ਕਲਿਕਾ"},{"$i":"notifier_digi","$v":"ਡਿਜੀ"},{"$i":"notifier_dropplet","$v":"ਡਰੌਪਲੈਟ"},{"$i":"notifier_firefox2","$v":[{"t":"idOrVar","v":"ringtoneBrandName"}]},{"$i":"notifier_hello","$v":"ਹੈਲੋ"},{"$i":"notifier_ping","$v":"ਪਿੰਗ"},{"$i":"notifier_plickle","$v":"ਪਲਿਕਲ"},{"$i":"notifier_pocko","$v":"ਪੋਕੋ"},{"$i":"notifier_quado","$v":"ਕੁਆਡੋ"},{"$i":"notifier_red","$v":"ਰੇਡ"},{"$i":"notifier_sato","$v":"ਸਾਟੋ"},{"$i":"notifier_trickleup","$v":"ਟ੍ਰਿਕਲ ਅਪ"},{"$i":"notifier_trink","$v":"ਟ੍ਰਿੰਕ"},{"$i":"notifier_verse","$v":"ਵਰਸ"},{"$i":"manage-title-2","$v":"ਟੋਨ ਪ੍ਰਬੰਧਿਤ ਕਰੋ"},{"$i":"actions-share-ringtone","$v":"ਰਿੰਗਟੋਨ ਸਾਂਝੀ ਕਰੋ"},{"$i":"actions-delete-ringtone","$v":"ਰਿੰਗਟੋਨ ਮਿਟਾਓ"},{"$i":"actions-share-alerttone","$v":"ਅਲਰਟ ਸਾਂਝਾ ਕਰੋ"},{"$i":"actions-delete-alerttone","$v":"ਅਲਰਟ ਮਿਟਾਓ"},{"$i":"actions-cancel","$v":"ਰੱਦ ਕਰੋ"},{"$i":"delete-title-ringtone","$v":"ਰਿੰਗਟੋਨ ਮਿਟਾਓ"},{"$i":"delete-title-alerttone","$v":"ਅਲਰਟ ਮਿਟਾਓ"},{"$i":"delete-desc","$v":["ਕੀ ਤੁਸੀਂ \"",{"t":"idOrVar","v":"tone"},"\" ਨੂੰ ਮਿਟਾਉਣਾ ਚਾਹੁੰਦੇ ਹੋ?"]},{"$i":"delete-desc-default-ringtone","$v":["\"",{"t":"idOrVar","v":"tone"},"\" ਵਰਤਮਾਨ ਡਿਫੌਲਟ ਰਿੰਗਟੋਨ ਹੈ।\n\n ਕੀ ਤੁਸੀਂ ਇਸ ਨੂੰ ਮਿਟਾਉਣਾ ਚਾਹੁੰਦੇ ਹੋ?"]},{"$i":"delete-desc-default-alerttone","$v":["\"",{"t":"idOrVar","v":"tone"},"\" ਵਰਤਮਾਨ ਡਿਫੌਲਟ ਅਲਰਟ ਹੈ।\n\n ਕੀ ਤੁਸੀਂ ਇਸ ਨੂੰ ਮਿਟਾਉਣਾ ਚਾਹੁੰਦੇ ਹੋ?"]},{"$i":"delete-cancel","$v":"ਰੱਦ ਕਰੋ"},{"$i":"delete-confirm","$v":"ਮਿਟਾਓ"},{"$i":"deleted-ringtone","$v":"ਰਿੰਗਟੋਨ ਨੂੰ ਮਿਟਾਇਆ ਗਿਆ।"},{"$i":"deleted-alerttone","$v":"ਅਲਰਟ ਮਿਟਾਇਆ ਗਿਆ।"},{"$i":"created-tone","$v":"ਰਿੰਗਟੋਨ ਬਣਾਈ ਗਈ।"},{"$i":"set-default-tone","$v":"ਰਿੰਗਟੋਨ ਨੂੰ ਡਿਫਾਲਟ ਵਜੋਂ ਸੈੱਟ ਕੀਤਾ ਗਿਆ।"},{"$i":"sd-card-subtitle","$v":"SD ਕਾਰਡ"},{"$i":"confirmation","$v":"ਪੁਸ਼ਟੀਕਰਨ"},{"$i":"pick-title","$v":"ਆਵਾਜ਼ ਚੁਣੋ"},{"$i":"pick-set","$v":"ਸੈਟ ਕਰੋ"},{"$i":"system-ringtones","$v":"ਸਿਸਟਮ ਰਿੰਗਟੋਨ"},{"$i":"my-ringtones","$v":"ਮੇਰੀ ਰਿੰਗਟੋਨ"},{"$i":"notice-alerts","$v":"ਅਲਰਟ"},{"$i":"section-title-builtin-ringtone","$v":[{"t":"idOrVar","v":"ringtoneSectionBrandName"}," ਰਿੰਗਟੋਨ"]},{"$i":"section-title-builtin-alerttone","$v":[{"t":"idOrVar","v":"ringtoneSectionBrandName"}," ਅਲਰਟ"]},{"$i":"section-header-title-ringtone","$v":"ਰਿੰਗਟੋਨ"},{"$i":"section-header-title-alerttone","$v":"ਅਲਰਟ"},{"$i":"section-title-custom-ringtone","$v":"ਮੇਰੀ ਰਿੰਗਟੋਨ"},{"$i":"section-title-custom-alerttone","$v":"ਮੇਰੇ ਅਲਰਟ"},{"$i":"create-title","$v":"ਰਿੰਗਟੋਨ ਵਜੋਂ ਸੇਵ ਕਰੋ"},{"$i":"create-save","$v":"ਸੇਵ ਕਰੋ"},{"$i":"create-cancel","$v":"ਰੱਦ ਕਰੋ"},{"$i":"create-select","$v":"ਚੁਣੋ"},{"$i":"create-deselect","$v":"ਅਣਚੁਣਿਆ ਕਰੋ"},{"$i":"play-error-title","$v":"ਖਰਾਬ ਫਾਇਲ"},{"$i":"play-error-desc","$v":"ਫਾਇਲ ਖ਼ਰਾਬ ਹੈ। ਇਸ ਨੂੰ ਰਿੰਗਟੋਨ ਬਣਾਉਣ ਲਈ ਵਰਤਿਆ ਨਹੀਂ ਜਾ ਸਕਦਾ"},{"$i":"save-error-title","$v":"ਰਿੰਗਟੋਨ ਨਹੀਂ ਬਣਾਈ ਗਈ"},{"$i":"save-error-desc","$v":"ਰਿੰਗਟੋਨ ਬਣਾਉਣ ਵਿੱਚ ਸਮੱਸਿਆ ਆਈ। ਕਿਰਪਾ ਕਰਕੇ ਦੁਬਾਰਾ ਕੋਸ਼ਿਸ਼ ਕਰੋ।"},{"$i":"default-label","$v":"ਡਿਫੌਲਟ ਰਿੰਗਟੋਨ ਵਜੋਂ ਸੇਵ ਕਰੋ"},{"$i":"ok","$v":"ਠੀਕ ਹੈ"},{"$i":"ringtone-untitled","$v":"ਬਿਨਾਂ ਸਿਰਲੇਖ"},{"$i":"options","$v":"ਵਿਕਲਪ"},{"$i":"play","$v":"ਚਲਾਓ"},{"$i":"stop","$v":"ਰੋਕੋ"},{"$i":"share","$v":"ਸਾਂਝਾ ਕਰੋ"},{"$i":"delete","$v":"ਮਿਟਾਓ"},{"$i":"cancel","$v":"ਰੱਦ ਕਰੋ"},{"$i":"select","$v":"ਚੁਣੋ"},{"$i":"add","$v":"ਜੋੜੋ"},{"$i":"no-ringtones","$v":"ਕੋਈ ਰਿੰਗਟੋਨ ਨਹੀਂ"},{"$i":"no-ringtones-warning","$v":"ਆਪਣੀਆਂ ਰਿੰਗਟੋਨ ਜੋੜਨ ਲਈ \"ਜੋੜੋ\" ਚੁਣੋ ।"}]