[{"$i":"brandShortName","$v":"KaiOS"},{"$i":"browserBrandShortName","$v":"Web Browser"},{"$i":"browserBrandFullName","$v":"Mozilla Web Browser"},{"$i":"ringtoneBrandName","$v":"Default"},{"$i":"ringtoneSectionBrandName","$v":"System"},{"$i":"ringtone-none","$v":"न किमपि"},{"$i":"ringer_azalea","$v":"अजेलिया"},{"$i":"ringer_bloom","$v":"प्रस्फुटनम्"},{"$i":"ringer_blove","$v":"ब्लोवः"},{"$i":"ringer_city_lights","$v":"नगस्य प्रकाशम्"},{"$i":"ringer_dots","$v":"विन्दवः"},{"$i":"ringer_flow","$v":"प्रवहति"},{"$i":"ringer_fountain","$v":"फव्वारा"},{"$i":"ringer_fresh","$v":"स्वच्छम्"},{"$i":"ringer_firefox2","$v":[{"t":"idOrVar","v":"ringtoneBrandName"}]},{"$i":"ringer_illuminate","$v":"स्पष्टकरणम्"},{"$i":"ringer_incoming","$v":"आगमनशीलम्"},{"$i":"ringer_silvery","$v":"स्वच्छम्"},{"$i":"ringer_now_or_never","$v":{"$o":"अधुना & कदापि न"}},{"$i":"ringer_primary","$v":"प्राथमिकम्"},{"$i":"ringer_pure_guitar","$v":"शुद्ध गिटारः"},{"$i":"ringer_rounded","$v":"गोलकम्"},{"$i":"ringer_spring","$v":"वसंतः"},{"$i":"ringer_stargazer","$v":"ज्योतिषकारः"},{"$i":"ringer_vaca","$v":"रिक्तम्"},{"$i":"notifier_bells","$v":"घण्टा"},{"$i":"notifier_bloom","$v":"प्रस्फुटनम्"},{"$i":"notifier_chime","$v":"चैम"},{"$i":"notifier_clicka","$v":"क्लिक करोतु"},{"$i":"notifier_digi","$v":"डिजी"},{"$i":"notifier_dropplet","$v":"विन्दवः"},{"$i":"notifier_firefox2","$v":[{"t":"idOrVar","v":"ringtoneBrandName"}]},{"$i":"notifier_hello","$v":"हैलो"},{"$i":"notifier_ping","$v":"पिंगः"},{"$i":"notifier_plickle","$v":"Plickle"},{"$i":"notifier_pocko","$v":"Pocko"},{"$i":"notifier_quado","$v":"क्वडो"},{"$i":"notifier_red","$v":"रक्तिमः"},{"$i":"notifier_sato","$v":"सातो"},{"$i":"notifier_trickleup","$v":"ट्रीकल अप"},{"$i":"notifier_trink","$v":"तुच्छवस्तु"},{"$i":"notifier_verse","$v":"कविता"},{"$i":"manage-title-2","$v":"टनप्रबन्धितम्"},{"$i":"actions-share-ringtone","$v":"रिंगटोन शेयरं करोतु"},{"$i":"actions-delete-ringtone","$v":"रिंगटन अपमर्जतु"},{"$i":"actions-share-alerttone","$v":"अलार्ट शेयरं करोतु"},{"$i":"actions-delete-alerttone","$v":"अलार्ट अपमर्जतु"},{"$i":"actions-cancel","$v":"निरस्यताम्"},{"$i":"delete-title-ringtone","$v":"रिंगटन अपमर्जतु"},{"$i":"delete-title-alerttone","$v":"अलार्ट अपमर्जतु"},{"$i":"delete-desc","$v":["किं भवान् निश्चयेन \"",{"t":"idOrVar","v":"tone"},"\" डिलिटकर्तुमिच्छति?"]},{"$i":"delete-desc-default-ringtone","$v":["\"",{"t":"idOrVar","v":"tone"},"\" वर्तमान डिफॉल्ट रिङ्गटोन वर्तते । \n\n निश्चयेन भवान् इमं डिलिटकर्तुं इच्छति"]},{"$i":"delete-desc-default-alerttone","$v":["\"",{"t":"idOrVar","v":"tone"},"\" वर्तमान डिफॉल्ट अलर्ट वर्तते । \n\n निश्चयेन भवान् इमं डिलिटकर्तुं इच्छति"]},{"$i":"delete-cancel","$v":"निरस्यताम्"},{"$i":"delete-confirm","$v":"लुप्यताम्"},{"$i":"deleted-ringtone","$v":"रिंगटोनम् अपसारितम्।"},{"$i":"deleted-alerttone","$v":"अलार्ट निष्क्रियः।"},{"$i":"created-tone","$v":"रिंगटोन निर्मितम्।"},{"$i":"set-default-tone","$v":"रिंगटोन डिफ़ॉल्टरूपेण व्यवस्थापनम्।"},{"$i":"sd-card-subtitle","$v":"SD कार्ड"},{"$i":"confirmation","$v":"अनुमोदनम्"},{"$i":"pick-title","$v":"ध्वनिं चिनोतु"},{"$i":"pick-set","$v":"स्थापयतु"},{"$i":"system-ringtones","$v":"सिस्टम रिंगटोन्स"},{"$i":"my-ringtones","$v":"मम रिंगटन"},{"$i":"notice-alerts","$v":"पूर्वसूचनाः"},{"$i":"section-title-builtin-ringtone","$v":[{"t":"idOrVar","v":"ringtoneSectionBrandName"}," रिंगटोन"]},{"$i":"section-title-builtin-alerttone","$v":[{"t":"idOrVar","v":"ringtoneSectionBrandName"}," सतर्कवार्ता"]},{"$i":"section-header-title-ringtone","$v":"रवाः"},{"$i":"section-header-title-alerttone","$v":"पूर्वसूचनाः"},{"$i":"section-title-custom-ringtone","$v":"मम रिंगटन"},{"$i":"section-title-custom-alerttone","$v":"मम अलर्ट"},{"$i":"create-title","$v":"रिंगटोनरूपेण सुरक्षितं करोतु"},{"$i":"create-save","$v":"संरक्षितम्"},{"$i":"create-cancel","$v":"निरस्यताम्"},{"$i":"create-select","$v":"चिनोतु"},{"$i":"create-deselect","$v":"निर्वाचनमुक्तं करोतु"},{"$i":"play-error-title","$v":"दूषितफाइल"},{"$i":"play-error-desc","$v":"फ़ाइल दूषितमस्ति । अस्य उपयोगं रिंगटोननिर्माणे न कर्तुं शक्यते।"},{"$i":"save-error-title","$v":"रिंगटोन न निर्मितम्"},{"$i":"save-error-desc","$v":"रिंगटोनस्य निर्माणे एका समस्या आसीत् । कृपया पुनः प्रयासः करणीयः।"},{"$i":"default-label","$v":"डिफ़ॉल्ट रिंगटोनरूपेण सुरक्षितं करोतु"},{"$i":"ok","$v":"नुदताम्"},{"$i":"ringtone-untitled","$v":"हीनशिरोनाम"},{"$i":"options","$v":"विकल्पाः"},{"$i":"play","$v":"चाल्यताम्"},{"$i":"stop","$v":"विरम्यताम्"},{"$i":"share","$v":"सभाज्यताम्"},{"$i":"delete","$v":"लुप्यताम्"},{"$i":"cancel","$v":"निरस्यताम्"},{"$i":"select","$v":"चिनोतु"},{"$i":"add","$v":"युज्यताम्"},{"$i":"no-ringtones","$v":"रिंगटन नास्ति"},{"$i":"no-ringtones-warning","$v":"स्वरिंगटोन योजितुं \"योजनम्\" चिनोतु।"}]