[{"$i":"brandShortName","$v":"KaiOS"},{"$i":"browserBrandShortName","$v":"Web Browser"},{"$i":"browserBrandFullName","$v":"Mozilla Web Browser"},{"$i":"ringtoneBrandName","$v":"Default"},{"$i":"ringtoneSectionBrandName","$v":"System"},{"$i":"ringtone-none","$v":"ᱪᱤᱫᱜᱮᱵᱟᱱᱩ-ᱟ"},{"$i":"ringer_azalea","$v":"ᱮᱡᱮᱞᱤᱭᱟ"},{"$i":"ringer_bloom","$v":"ᱪᱷᱟᱦᱠᱟᱣ"},{"$i":"ringer_blove","$v":"ᱫᱩᱞᱤᱲᱤᱭᱮ"},{"$i":"ringer_city_lights","$v":"ᱥᱚᱦᱚᱨ ᱢᱟᱨᱥᱟᱞ"},{"$i":"ringer_dots","$v":"ᱴᱩᱰᱮᱜ ᱠᱚ"},{"$i":"ringer_flow","$v":"ᱟᱛᱩ"},{"$i":"ringer_fountain","$v":"ᱯᱷᱹᱚᱱᱴᱮᱱ"},{"$i":"ringer_fresh","$v":"ᱪᱮᱴᱟᱱ ᱩᱛᱚᱨ ᱥᱚᱸᱛᱚᱨ"},{"$i":"ringer_firefox2","$v":[{"t":"idOrVar","v":"ringtoneBrandName"}]},{"$i":"ringer_illuminate","$v":"ᱴᱮᱠᱮᱭ ᱢᱮ"},{"$i":"ringer_incoming","$v":"ᱫᱟᱨᱟᱭ ᱠᱟᱱᱟᱜ"},{"$i":"ringer_silvery","$v":"ᱥᱟᱯᱷᱹᱟ"},{"$i":"ringer_now_or_never","$v":"ᱧᱤᱛ ᱟᱨᱵᱟᱝᱠᱷᱟᱱ ᱛᱤᱥ ᱜᱮ ᱵᱟᱝ"},{"$i":"ringer_primary","$v":"ᱟᱥᱚᱞᱟᱜ"},{"$i":"ringer_pure_guitar","$v":"ᱥᱩᱦᱤ ᱜᱤᱴᱚᱨ"},{"$i":"ringer_rounded","$v":"ᱜᱩᱱᱮᱸᱲ"},{"$i":"ringer_spring","$v":"ᱮᱥᱯᱨᱤᱸᱜ"},{"$i":"ringer_stargazer","$v":"ᱡᱳᱛᱤᱥᱤ"},{"$i":"ringer_vaca","$v":"ᱣᱤᱠᱟ"},{"$i":"notifier_bells","$v":"ᱵᱮᱞ"},{"$i":"notifier_bloom","$v":"ᱪᱷᱟᱦᱠᱟᱣ"},{"$i":"notifier_chime","$v":"ᱪᱤᱢ"},{"$i":"notifier_clicka","$v":"ᱠᱤᱞᱤᱠᱟ"},{"$i":"notifier_digi","$v":"ᱰᱤᱜᱤ"},{"$i":"notifier_dropplet","$v":"ᱰᱨᱚᱯᱮᱰ"},{"$i":"notifier_firefox2","$v":[{"t":"idOrVar","v":"ringtoneBrandName"}]},{"$i":"notifier_hello","$v":"ᱡᱚᱦᱟᱨ"},{"$i":"notifier_ping","$v":"ᱯᱤᱸᱜ"},{"$i":"notifier_plickle","$v":"ᱯᱞᱤᱥᱠᱞᱮ"},{"$i":"notifier_pocko","$v":"ᱯᱳᱠᱳ"},{"$i":"notifier_quado","$v":"ᱠᱭᱩᱰᱳ"},{"$i":"notifier_red","$v":"ᱟᱨᱟᱜ"},{"$i":"notifier_sato","$v":"ᱥᱮᱴᱳ"},{"$i":"notifier_trickleup","$v":"ᱴᱤᱨᱠᱚᱞ ᱚᱯ"},{"$i":"notifier_trink","$v":"ᱴᱨᱤᱸᱠ"},{"$i":"notifier_verse","$v":"ᱣᱮᱨᱥᱮ"},{"$i":"manage-title-2","$v":"ᱥᱟᱰᱤ ᱠᱚ ᱥᱟᱢᱲᱟᱣ"},{"$i":"actions-share-ringtone","$v":"ᱨᱤᱸᱜᱴᱚᱱ ᱦᱟᱴᱤᱧ"},{"$i":"actions-delete-ringtone","$v":"ᱨᱤᱸᱜᱴᱚᱱ ᱢᱮᱴᱟᱣ"},{"$i":"actions-share-alerttone","$v":"ᱥᱚᱸᱛᱚᱨ ᱦᱟᱴᱤᱧ"},{"$i":"actions-delete-alerttone","$v":"ᱥᱚᱝᱛᱚᱨ ᱢᱮᱴᱟᱣ"},{"$i":"actions-cancel","$v":"ᱢᱩᱪᱮᱫ"},{"$i":"delete-title-ringtone","$v":"ᱨᱤᱸᱜᱴᱚᱱ ᱢᱮᱴᱟᱣ"},{"$i":"delete-title-alerttone","$v":"ᱥᱚᱝᱛᱚᱨ ᱢᱮᱴᱟᱣ"},{"$i":"delete-desc","$v":["ᱪᱮᱫ ᱮᱢ ᱜᱚᱴᱟ ᱟᱠᱟᱫᱟ ᱟᱢ ᱢᱮᱴᱟᱣ ᱥᱟᱱᱟᱭᱮᱜ ᱢᱮᱴᱟᱣ ᱞᱟᱜᱤᱫ \"",{"t":"idOrVar","v":"tone"},"\"?"]},{"$i":"delete-desc-default-ringtone","$v":["\"",{"t":"idOrVar","v":"tone"},"\" ᱱᱚᱣᱟ ᱫᱚ ᱦᱟᱞᱤᱭᱟᱜ ᱟᱥᱚᱞ ᱨᱤᱸᱜᱴᱚᱱ ᱠᱟᱱᱟ.\n\nᱪᱤᱫ ᱟᱢ ᱜᱚᱴᱟ ᱟᱠᱫᱟ ᱱᱚᱣᱟ ᱟᱢ ᱢᱮᱴᱟᱜ ᱞᱟᱜᱤᱫ"]},{"$i":"delete-desc-default-alerttone","$v":["\"",{"t":"idOrVar","v":"tone"},"\" ᱱᱚᱣᱟ ᱫᱚ ᱦᱟᱞᱤᱭᱟᱜ ᱟᱥᱚᱞ ᱥᱚᱸᱛᱚᱨᱟᱜ ᱠᱟᱱᱟ.\n\nᱪᱤᱫ ᱟᱢ ᱜᱚᱴᱟ ᱟᱠᱫᱟ ᱱᱚᱣᱟ ᱟᱢ ᱢᱮᱴᱟᱜ ᱞᱟᱜᱤᱫ"]},{"$i":"delete-cancel","$v":"ᱢᱩᱪᱮᱫ"},{"$i":"delete-confirm","$v":"ᱢᱮᱴᱟᱣ"},{"$i":"deleted-ringtone","$v":"ᱨᱤᱸᱜᱴᱚᱱ ᱢᱮᱴᱟᱣ ᱟᱠᱟᱱᱟ."},{"$i":"deleted-alerttone","$v":"ᱦᱚᱝᱛᱚᱨ ᱢᱮᱴᱟᱣ ᱟᱠᱟᱱᱟ."},{"$i":"created-tone","$v":"ᱨᱤᱸᱜᱴᱚᱱ ᱫᱚ ᱵᱤᱱᱟᱣ ᱟᱠᱟᱱᱟ."},{"$i":"set-default-tone","$v":"ᱟᱥᱚᱞ ᱞᱮᱠᱟ ᱵᱮᱭᱥᱮᱣ ᱟᱠᱟᱱᱟ ᱨᱤᱸᱜᱴᱚᱱ."},{"$i":"sd-card-subtitle","$v":"SD ᱠᱟᱨᱰ"},{"$i":"confirmation","$v":"ᱜᱚᱴᱟᱜ ᱠᱟᱱᱟ"},{"$i":"pick-title","$v":"ᱥᱟᱰᱤ ᱵᱟᱪᱷᱟᱣ ᱢᱮ"},{"$i":"pick-set","$v":"ᱵᱮᱭᱥᱮᱣ"},{"$i":"system-ringtones","$v":"ᱥᱤᱥᱴᱚᱢ ᱨᱤᱸᱜᱴᱚᱱ ᱠᱚ"},{"$i":"my-ringtones","$v":"ᱤᱧᱮᱜ ᱨᱤᱸᱜᱴᱚᱱ ᱠᱚ"},{"$i":"notice-alerts","$v":"ᱥᱚᱱᱛᱚᱨᱚᱜᱽ"},{"$i":"section-title-builtin-ringtone","$v":[{"t":"idOrVar","v":"ringtoneSectionBrandName"}," ᱨᱤᱸᱜᱴᱚᱱ ᱠᱚ"]},{"$i":"section-title-builtin-alerttone","$v":[{"t":"idOrVar","v":"ringtoneSectionBrandName"}," ᱥᱚᱸᱛᱚᱨ ᱠᱚ"]},{"$i":"section-header-title-ringtone","$v":"ᱨᱤᱸᱜᱴᱚᱱ"},{"$i":"section-header-title-alerttone","$v":"ᱥᱚᱱᱛᱚᱨᱚᱜᱽ"},{"$i":"section-title-custom-ringtone","$v":"ᱤᱧᱮᱜ ᱨᱤᱸᱜᱴᱚᱱ ᱠᱚ"},{"$i":"section-title-custom-alerttone","$v":"ᱤᱧᱮᱜ ᱥᱚᱝᱛᱚᱨᱟᱜ ᱠᱚ"},{"$i":"create-title","$v":"ᱨᱤᱸᱜᱴᱚᱱ ᱞᱮᱠᱟ ᱡᱚᱜᱟᱣ"},{"$i":"create-save","$v":"ᱡᱚᱜᱟᱣᱡᱟᱜᱟ ᱫᱚ ᱵᱟᱝ ᱮᱥᱠᱮᱱ ᱫᱟᱲᱤᱭᱟᱜ-ᱟ."},{"$i":"create-cancel","$v":"ᱢᱩᱪᱮᱫ"},{"$i":"create-select","$v":"ᱵᱟᱪᱷᱟᱣ"},{"$i":"create-deselect","$v":"ᱚᱵᱟᱪᱷᱟᱣ"},{"$i":"play-error-title","$v":"ᱵᱟᱲᱤᱜ ᱟᱠᱟᱱ ᱨᱮᱫ"},{"$i":"play-error-desc","$v":"ᱨᱮᱫ ᱫᱚ ᱵᱟᱲᱤᱜ ᱟᱠᱟᱱᱟ. ᱨᱤᱸᱜᱴᱚᱱ ᱵᱤᱱᱟᱣ ᱞᱟᱠᱤᱫ ᱱᱚᱣᱟ ᱫᱚ ᱵᱟᱝ ᱮᱢ ᱵᱮᱵᱷᱟᱨ ᱫᱟᱲᱤᱭᱟᱜ-ᱟ."},{"$i":"save-error-title","$v":"ᱨᱤᱸᱜᱴᱚᱱ ᱫᱚ ᱵᱟᱝ ᱵᱮᱱᱟᱣ ᱟᱠᱟᱱᱟ"},{"$i":"save-error-desc","$v":"ᱨᱤᱸᱜᱴᱚᱱ ᱵᱮᱱᱟᱣ ᱨᱮ ᱢᱩᱥᱠᱤᱞ ᱢᱮᱱᱟᱜ-ᱟ. ᱱᱮᱦᱚᱨ ᱫᱚᱦᱚᱲᱟ ᱞᱮᱜᱟᱭ ᱢᱮ."},{"$i":"default-label","$v":"ᱟᱥᱚᱞ ᱨᱤᱸᱜᱴᱚᱱ ᱞᱮᱠᱟ ᱡᱚᱜᱟᱣ"},{"$i":"ok","$v":"ᱴᱤᱠ"},{"$i":"ringtone-untitled","$v":"ᱵᱟᱝ ᱧᱩᱢ"},{"$i":"options","$v":"ᱵᱤᱠᱟᱞᱚᱯ"},{"$i":"play","$v":"ᱪᱟᱞᱩ"},{"$i":"stop","$v":"ᱛᱤᱸᱜᱩ"},{"$i":"share","$v":"ᱦᱟᱴᱤᱧ"},{"$i":"delete","$v":"ᱢᱮᱴᱟᱣ"},{"$i":"cancel","$v":"ᱢᱩᱪᱮᱫ"},{"$i":"select","$v":"ᱵᱟᱪᱷᱟᱣ"},{"$i":"add","$v":"ᱥᱮᱞᱮᱫ ᱢᱮ ᱠᱷᱟᱛᱟ ᱡᱟᱦᱟᱸ ᱨᱮ ᱚᱱᱞᱟᱩᱤᱱ ᱡᱚᱜᱟᱡᱳᱜ ᱮᱢ ᱡᱚᱜᱟᱣ ᱫᱟᱲᱤᱭᱟᱜ-ᱟ"},{"$i":"no-ringtones","$v":"ᱵᱟᱱᱩᱜ-ᱟ ᱨᱤᱸᱜᱴᱚᱱ ᱠᱚ"},{"$i":"no-ringtones-warning","$v":"ᱵᱟᱪᱦᱟᱣ ᱢᱮ \"ᱥᱮᱞᱮᱫ\" ᱟᱢᱟᱜ ᱨᱤᱸᱜᱴᱚᱱ ᱥᱮᱞᱮᱫ ᱞᱟᱜᱤᱫ."}]