[{"$i":"brandShortName","$v":"KaiOS"},{"$i":"browserBrandShortName","$v":"Web Browser"},{"$i":"browserBrandFullName","$v":"Mozilla Web Browser"},{"$i":"ringtoneBrandName","$v":"Default"},{"$i":"ringtoneSectionBrandName","$v":"System"},{"$i":"ringtone-none","$v":"को बि न"},{"$i":"ringer_azalea","$v":"अज़ालया"},{"$i":"ringer_bloom","$v":"झूमण"},{"$i":"ringer_blove","$v":"बलिवो"},{"$i":"ringer_city_lights","$v":"शहर जो रोशनियूं"},{"$i":"ringer_dots","$v":"डॉट्स"},{"$i":"ringer_flow","$v":"फ़लू"},{"$i":"ringer_fountain","$v":"चश्मो"},{"$i":"ringer_fresh","$v":"ताज़ो"},{"$i":"ringer_firefox2","$v":[{"t":"idOrVar","v":"ringtoneBrandName"}]},{"$i":"ringer_illuminate","$v":"अलीवमनीट"},{"$i":"ringer_incoming","$v":"ईंदड़"},{"$i":"ringer_silvery","$v":"चांदी जहिॾो"},{"$i":"ringer_now_or_never","$v":"हानी या कॾहिं बि न"},{"$i":"ringer_primary","$v":"पहिरीं"},{"$i":"ringer_pure_guitar","$v":"साफ़ु गिटार"},{"$i":"ringer_rounded","$v":"गोलु"},{"$i":"ringer_spring","$v":"बहारु"},{"$i":"ringer_stargazer","$v":"असटारगीज़र"},{"$i":"ringer_vaca","$v":"वाका"},{"$i":"notifier_bells","$v":"गहनडयूं"},{"$i":"notifier_bloom","$v":"झूमण"},{"$i":"notifier_chime","$v":"चाइम"},{"$i":"notifier_clicka","$v":"कलिका"},{"$i":"notifier_digi","$v":"डिजी"},{"$i":"notifier_dropplet","$v":"डरापलीट"},{"$i":"notifier_firefox2","$v":[{"t":"idOrVar","v":"ringtoneBrandName"}]},{"$i":"notifier_hello","$v":"हैलो"},{"$i":"notifier_ping","$v":"पिंग"},{"$i":"notifier_plickle","$v":"पल्लीकल"},{"$i":"notifier_pocko","$v":"पोको"},{"$i":"notifier_quado","$v":"कवाडो"},{"$i":"notifier_red","$v":"गा॒ड्हो"},{"$i":"notifier_sato","$v":"साटो"},{"$i":"notifier_trickleup","$v":"ट्रिकिल अप"},{"$i":"notifier_trink","$v":"ट्रंक"},{"$i":"notifier_verse","$v":"बैत"},{"$i":"manage-title-2","$v":"टोनों मुनज़्ज़म कर्यो"},{"$i":"actions-share-ringtone","$v":"रंगु टूं हिसेदारी कर्यो"},{"$i":"actions-delete-ringtone","$v":"रंगु टूं हज़फ़ कर्यो"},{"$i":"actions-share-alerttone","$v":"इतिलाउ हिसेदारी कर्यो"},{"$i":"actions-delete-alerttone","$v":"अलर्ट हज़फ़ कर्यो"},{"$i":"actions-cancel","$v":"मंसूख़ कर्यो"},{"$i":"delete-title-ringtone","$v":"रंगु टूं हज़फ़ कर्यो"},{"$i":"delete-title-alerttone","$v":"अलर्ट हज़फ़ कर्यो"},{"$i":"delete-desc","$v":["छा तव्हांखे पिक आहे त तवहां \"",{"t":"idOrVar","v":"tone"},"\" हज़फ़ करणु चाहियो था?"]},{"$i":"delete-desc-default-ringtone","$v":["\"",{"t":"idOrVar","v":"tone"},"\" हालिया मोजूदह रंगु टूं आहे.\n\nछा तव्हांखे पिक आहे तवहां उन खे हज़फ़ करणु चाहियो था"]},{"$i":"delete-desc-default-alerttone","$v":["\"",{"t":"idOrVar","v":"tone"},"\" हालिया मोजूदह तनबीहा आहे.\n\nछा तव्हांखे पिक आहे तवहां उन खे हज़फ़ करणु चाहियो था"]},{"$i":"delete-cancel","$v":"मंसूख़ कर्यो"},{"$i":"delete-confirm","$v":"रदि"},{"$i":"deleted-ringtone","$v":"रंगु टूं हज़फ़ थी ."},{"$i":"deleted-alerttone","$v":"अलर्ट हज़फ़ थियो ."},{"$i":"created-tone","$v":"रंगु टूं ठहे ."},{"$i":"set-default-tone","$v":"रंगु टूं डिफॉल्ट सीट थी ."},{"$i":"sd-card-subtitle","$v":"SD कार्डु"},{"$i":"confirmation","$v":"तसिदीक़"},{"$i":"pick-title","$v":"आवाज़ु चूंडियो"},{"$i":"pick-set","$v":"तरतीब"},{"$i":"system-ringtones","$v":"सिस्टम रंगु टोनों"},{"$i":"my-ringtones","$v":"मुंहिंजियूं रंगु टोनों"},{"$i":"notice-alerts","$v":"तनबीहूं"},{"$i":"section-title-builtin-ringtone","$v":[{"t":"idOrVar","v":"ringtoneSectionBrandName"}," रंगु टूं"]},{"$i":"section-title-builtin-alerttone","$v":[{"t":"idOrVar","v":"ringtoneSectionBrandName"}," इतिलाउ"]},{"$i":"section-header-title-ringtone","$v":"रिंगटोनअ"},{"$i":"section-header-title-alerttone","$v":"तनबीहूं"},{"$i":"section-title-custom-ringtone","$v":"मुंहिंजियूं रंगु टोनों"},{"$i":"section-title-custom-alerttone","$v":"मुहिंजा इतिलाउ"},{"$i":"create-title","$v":"रंगु टूं तौर महफूज़ु कर्यो"},{"$i":"create-save","$v":"साघो"},{"$i":"create-cancel","$v":"मंसूख़ कर्यो"},{"$i":"create-select","$v":"चूंडियो"},{"$i":"create-deselect","$v":"अण चूंडियो"},{"$i":"play-error-title","$v":"ख़राबु थियल फाईल"},{"$i":"play-error-desc","$v":"फाईल ख़राबु आहे .  इहो हिकु रंगु टूं ठाहिण लाइ नथी इस्तेमाल करे सघिजे ."},{"$i":"save-error-title","$v":"रंगु टूं ठाहियो न व्यो"},{"$i":"save-error-desc","$v":"रंगु टूं ठाहिण में हिक मसइलो हो .  महिरबानी करे ॿीहर कोशिश कर्यो ."},{"$i":"default-label","$v":"डिफॉल्ट रंगु टूं तौर महफूज़ु कर्यो"},{"$i":"ok","$v":"ठीक"},{"$i":"ringtone-untitled","$v":"अणनालेरो"},{"$i":"options","$v":"इख़्तियारु"},{"$i":"play","$v":"प्ले"},{"$i":"stop","$v":"रोक्यो"},{"$i":"share","$v":"वर्च"},{"$i":"delete","$v":"रदि"},{"$i":"cancel","$v":"मंसूख़ कर्यो"},{"$i":"select","$v":"चूंडियो"},{"$i":"add","$v":"गंढो"},{"$i":"no-ringtones","$v":"के बि रंगु टोनों न"},{"$i":"no-ringtones-warning","$v":"पंहिंजे रंगु टोंन \"ॾांहुं\" इज़ाफ़ो कर्यो खे चूंडियो ."}]