[{"$i":"brandShortName","$v":"KaiOS"},{"$i":"browserBrandShortName","$v":"Web Browser"},{"$i":"browserBrandFullName","$v":"Mozilla Web Browser"},{"$i":"ringtoneBrandName","$v":"Default"},{"$i":"ringtoneSectionBrandName","$v":"System"},{"$i":"ringtone-none","$v":"ఏదీ లేదు"},{"$i":"ringer_azalea","$v":"అజలియా"},{"$i":"ringer_bloom","$v":"బ్లూమ్"},{"$i":"ringer_blove","$v":"బ్లొవ్"},{"$i":"ringer_city_lights","$v":"సిటీ లైట్స్"},{"$i":"ringer_dots","$v":"డాట్స్"},{"$i":"ringer_flow","$v":"ఫ్లో"},{"$i":"ringer_fountain","$v":"ఫౌంటైన్"},{"$i":"ringer_fresh","$v":"ఫ్రెష్"},{"$i":"ringer_firefox2","$v":[{"t":"idOrVar","v":"ringtoneBrandName"}]},{"$i":"ringer_illuminate","$v":"ఇల్లుమినేట్"},{"$i":"ringer_incoming","$v":"ఇన్‌కమింగ్"},{"$i":"ringer_silvery","$v":"సిల్వరీ"},{"$i":"ringer_now_or_never","$v":"ఇప్పుడు లేదా ఎప్పటికీ వద్దు"},{"$i":"ringer_primary","$v":"ప్రైమరీ"},{"$i":"ringer_pure_guitar","$v":"ప్యూర్ గిటార్"},{"$i":"ringer_rounded","$v":"రౌండెడ్"},{"$i":"ringer_spring","$v":"స్ప్రింగ్"},{"$i":"ringer_stargazer","$v":"స్టార్‌గేజర్"},{"$i":"ringer_vaca","$v":"వాకా"},{"$i":"notifier_bells","$v":"బెల్స్"},{"$i":"notifier_bloom","$v":"బ్లూమ్"},{"$i":"notifier_chime","$v":"చైమ్"},{"$i":"notifier_clicka","$v":"క్లికా"},{"$i":"notifier_digi","$v":"డిజి"},{"$i":"notifier_dropplet","$v":"డ్రాప్‌లెట్"},{"$i":"notifier_firefox2","$v":[{"t":"idOrVar","v":"ringtoneBrandName"}]},{"$i":"notifier_hello","$v":"హలో"},{"$i":"notifier_ping","$v":"పింగ్ చేయి"},{"$i":"notifier_plickle","$v":"ప్లికిల్"},{"$i":"notifier_pocko","$v":"పొక్కో"},{"$i":"notifier_quado","$v":"క్వాడో"},{"$i":"notifier_red","$v":"ఎరుపు రంగు"},{"$i":"notifier_sato","$v":"శాటో"},{"$i":"notifier_trickleup","$v":"ట్రికల్ అప్"},{"$i":"notifier_trink","$v":"ట్రింక్"},{"$i":"notifier_verse","$v":"వర్స్"},{"$i":"manage-title-2","$v":"టోన్‌లను నిర్వహించండి"},{"$i":"actions-share-ringtone","$v":"రింగ్‌టోన్‌ను పంచుకోండి"},{"$i":"actions-delete-ringtone","$v":"రింగ్‌టోన్‌ను తొలగించాలా"},{"$i":"actions-share-alerttone","$v":"అలర్ట్‌ను పంచుకోండి"},{"$i":"actions-delete-alerttone","$v":"అలర్ట్ తొలగించాలా"},{"$i":"actions-cancel","$v":"రద్దు చేయి"},{"$i":"delete-title-ringtone","$v":"రింగ్‌టోన్‌ను తొలగించాలా"},{"$i":"delete-title-alerttone","$v":"అలర్ట్ తొలగించాలా"},{"$i":"delete-desc","$v":["మీరు \"",{"t":"idOrVar","v":"tone"},"\"ని తొలగించాలనుకుంటున్నారా?"]},{"$i":"delete-desc-default-ringtone","$v":["\"",{"t":"idOrVar","v":"tone"},"\" ప్రస్తుత డీఫాల్ట్ రింగ్‌టోన్.\n\n మీరు దీన్ని తొలగించాలనుకుంటున్నారా?"]},{"$i":"delete-desc-default-alerttone","$v":["\"",{"t":"idOrVar","v":"tone"},"\" ప్రస్తుత డీఫాల్ట్ అలర్ట్.\n\nమీరు దీన్ని తొలగించాలనుకుంటున్నారా?"]},{"$i":"delete-cancel","$v":"రద్దు చేయి"},{"$i":"delete-confirm","$v":"తొలగించు"},{"$i":"deleted-ringtone","$v":"రింగ్‌టోన్ తొలగించబడింది."},{"$i":"deleted-alerttone","$v":"అలర్ట్ తొలగించబడింది."},{"$i":"created-tone","$v":"రింగ్‌టోన్ సృష్టించబడింది."},{"$i":"set-default-tone","$v":"రింగ్‌టోన్ డిఫాల్ట్‌గా సెట్ చేయి."},{"$i":"sd-card-subtitle","$v":"SD కార్డ్"},{"$i":"confirmation","$v":"నిర్ధారణ"},{"$i":"pick-title","$v":"సౌండ్‌ని ఎంచుకోండి"},{"$i":"pick-set","$v":"సెట్ చేయి"},{"$i":"system-ringtones","$v":"సిస్టమ్ రింగ్‌టోన్‌లు"},{"$i":"my-ringtones","$v":"నా రింగ్‌టోన్‌లు"},{"$i":"notice-alerts","$v":"అలర్ట్స్"},{"$i":"section-title-builtin-ringtone","$v":[{"t":"idOrVar","v":"ringtoneSectionBrandName"}," రింగ్‌టోన్‌లు"]},{"$i":"section-title-builtin-alerttone","$v":[{"t":"idOrVar","v":"ringtoneSectionBrandName"}," అలర్ట్స్"]},{"$i":"section-header-title-ringtone","$v":"రింగ్‌టోన్‌లు"},{"$i":"section-header-title-alerttone","$v":"అలర్ట్స్"},{"$i":"section-title-custom-ringtone","$v":"నా రింగ్‌టోన్‌లు"},{"$i":"section-title-custom-alerttone","$v":"నా అలర్ట్స్"},{"$i":"create-title","$v":"రింగ్‌టోన్ వలె సేవ్ చేయి"},{"$i":"create-save","$v":"సేవ్ చేయి"},{"$i":"create-cancel","$v":"రద్దు చేయి"},{"$i":"create-select","$v":"ఎంచుకోండి"},{"$i":"create-deselect","$v":"ఎంపికను తీసివేయుము"},{"$i":"play-error-title","$v":"ఫైల్ పాడైంది"},{"$i":"play-error-desc","$v":"ఫైల్ పాడైంది. దీన్ని రింగ్‌టోన్‌ను సృష్టించడానికి ఉపయోగించలేరు."},{"$i":"save-error-title","$v":"రింగ్‌టోన్ సృష్టించబడలేదు"},{"$i":"save-error-desc","$v":"రింగ్‌టోన్ సృష్టించడంలో ఒక సమస్య ఉంది. దయచేసి మరలా ప్రయత్నించండి."},{"$i":"default-label","$v":"డిఫాల్ట్ రింగ్‌టోన్ వలె సేవ్ చేయి"},{"$i":"ok","$v":"సరే"},{"$i":"ringtone-untitled","$v":"అన్‌టైటిల్డ్"},{"$i":"options","$v":"ఎంపికలు"},{"$i":"play","$v":"ప్లే చేయి"},{"$i":"stop","$v":"ఆపివేయండి"},{"$i":"share","$v":"పంచుకోండి"},{"$i":"delete","$v":"తొలగించు"},{"$i":"cancel","$v":"రద్దు చేయి"},{"$i":"select","$v":"ఎంచుకోండి"},{"$i":"add","$v":"జోడించు"},{"$i":"no-ringtones","$v":"రింగ్‌టోన్‌లు లేవు"},{"$i":"no-ringtones-warning","$v":"మీ రింగ్‌టోన్‌ను చేర్చడానికి “జోడించు” ఎంచుకోండి."}]