[{"$i":"brandShortName","$v":"KaiOS"},{"$i":"browserBrandShortName","$v":"Web Browser"},{"$i":"browserBrandFullName","$v":"Mozilla Web Browser"},{"$i":"ringtoneBrandName","$v":"Default"},{"$i":"ringtoneSectionBrandName","$v":"System"},{"$i":"ringtone-none","$v":"मोनसेबो नङा"},{"$i":"ringer_azalea","$v":"एजेलिया"},{"$i":"ringer_bloom","$v":"बिबार बारनाय"},{"$i":"ringer_blove","$v":"बिलाभ"},{"$i":"ringer_city_lights","$v":"सिटि लाइट"},{"$i":"ringer_dots","$v":"डटस"},{"$i":"ringer_flow","$v":"बोहै"},{"$i":"ringer_fountain","$v":"निजोरा"},{"$i":"ringer_fresh","$v":"राफोद"},{"$i":"ringer_firefox2","$v":[{"t":"idOrVar","v":"ringtoneBrandName"}]},{"$i":"ringer_illuminate","$v":"रोखा खालामनाय"},{"$i":"ringer_incoming","$v":"इनकामिं"},{"$i":"ringer_silvery","$v":"सिलभारि"},{"$i":"ringer_now_or_never","$v":"दा बा जेब्लायबो"},{"$i":"ringer_primary","$v":"गुदि"},{"$i":"ringer_pure_guitar","$v":"थार गिटार"},{"$i":"ringer_rounded","$v":"बेंखन जाबाय"},{"$i":"ringer_spring","$v":"स्प्रिं"},{"$i":"ringer_stargazer","$v":"जतिसि"},{"$i":"ringer_vaca","$v":"वेका"},{"$i":"notifier_bells","$v":"बेलस"},{"$i":"notifier_bloom","$v":"बिबार बारनाय"},{"$i":"notifier_chime","$v":"घान्टि"},{"$i":"notifier_clicka","$v":"क्लिका"},{"$i":"notifier_digi","$v":"डिजि"},{"$i":"notifier_dropplet","$v":"ड्रपप्लेट"},{"$i":"notifier_firefox2","$v":[{"t":"idOrVar","v":"ringtoneBrandName"}]},{"$i":"notifier_hello","$v":"हेल"},{"$i":"notifier_ping","$v":"पिं"},{"$i":"notifier_plickle","$v":"फ्लिकोल"},{"$i":"notifier_pocko","$v":"फक्क’"},{"$i":"notifier_quado","$v":"Quado"},{"$i":"notifier_red","$v":"गोजा"},{"$i":"notifier_sato","$v":"साट’"},{"$i":"notifier_trickleup","$v":"ट्रिकल आप"},{"$i":"notifier_trink","$v":"ट्रिंक"},{"$i":"notifier_verse","$v":"खन्थाइ सारि"},{"$i":"manage-title-2","$v":"रिंसार बुथुम"},{"$i":"actions-share-ringtone","$v":"रिंटन सेयार खालाम"},{"$i":"actions-delete-ringtone","$v":"रिंटनखौ खोमोर"},{"$i":"actions-share-alerttone","$v":"सेयार एलार्ट"},{"$i":"actions-delete-alerttone","$v":"एलार्टखौ खोमोर"},{"$i":"actions-cancel","$v":"दान"},{"$i":"delete-title-ringtone","$v":"रिंटनखौ खोमोर"},{"$i":"delete-title-alerttone","$v":"एलार्टखौ खोमोर"},{"$i":"delete-desc","$v":["मा नों थारैनो \"",{"t":"idOrVar","v":"tone"},"\" खौ खोमोरनो नागिरदों ?"]},{"$i":"delete-desc-default-ringtone","$v":["\"",{"t":"idOrVar","v":"tone"},"\" आनो थाखानाय डिफल्ट रिंटन । \n\n नों बेखौ खोमोरथारगोन ना"]},{"$i":"delete-desc-default-alerttone","$v":["\"",{"t":"idOrVar","v":"tone"},"\" आनो थाखानाय डिफल्ट एलार्ट । \n\n नों बेखौ खोमोरथारगोन ना"]},{"$i":"delete-cancel","$v":"दान"},{"$i":"delete-confirm","$v":"दान"},{"$i":"deleted-ringtone","$v":"रिंटना दानजाबाय।"},{"$i":"deleted-alerttone","$v":"एलार्ट खोमोर।"},{"$i":"created-tone","$v":"रिंटना सोरजिजाबाय।"},{"$i":"set-default-tone","$v":"रिंटना डिफल्ट बादियै सेट जाबाय।"},{"$i":"sd-card-subtitle","$v":"SD कार्ड"},{"$i":"confirmation","$v":"थि मिथिथाइ"},{"$i":"pick-title","$v":"साउण्डखौ सायख'"},{"$i":"pick-set","$v":"सेट"},{"$i":"system-ringtones","$v":"सिसतेम रिंतनफोर"},{"$i":"my-ringtones","$v":"एन सि के 1 कट"},{"$i":"notice-alerts","$v":"एलार्टस"},{"$i":"section-title-builtin-ringtone","$v":[{"t":"idOrVar","v":"ringtoneSectionBrandName"}," रिंटनफोर"]},{"$i":"section-title-builtin-alerttone","$v":[{"t":"idOrVar","v":"ringtoneSectionBrandName"}," सांग्रांथिफोर"]},{"$i":"section-header-title-ringtone","$v":"रिंटनफोर"},{"$i":"section-header-title-alerttone","$v":"एलार्टस"},{"$i":"section-title-custom-ringtone","$v":"एन सि के 1 कट"},{"$i":"section-title-custom-alerttone","$v":"आंनि एलारट"},{"$i":"create-title","$v":"रिंटन बादियै सेभ खालाम"},{"$i":"create-save","$v":"चेब खालाम"},{"$i":"create-cancel","$v":"दान"},{"$i":"create-select","$v":"सायख'"},{"$i":"create-deselect","$v":"सायख'नाङा"},{"$i":"play-error-title","$v":"गाज्रि फाइल"},{"$i":"play-error-desc","$v":"फाइला दाय गोनां मोनसे रिंतन बानायनो थाखै बेखौ बाहायनो हाया।"},{"$i":"save-error-title","$v":"रिंटना सोरजिजानाय नङा"},{"$i":"save-error-desc","$v":"रिंतन बानायनायाव मोनसे जेंना दंमोन। अन्नानै नाजाफिन।"},{"$i":"default-label","$v":"डिफल्ट रिंटन बादियै सेभ खालाम"},{"$i":"ok","$v":"जागोन"},{"$i":"ringtone-untitled","$v":"बिमुं गैयै"},{"$i":"options","$v":"राहाफोर"},{"$i":"play","$v":"प्ले खालाम"},{"$i":"stop","$v":"थाबथाहो"},{"$i":"share","$v":"चेयार खालाम"},{"$i":"delete","$v":"दान"},{"$i":"cancel","$v":"दान"},{"$i":"select","$v":"सायख'"},{"$i":"add","$v":"सरजाब"},{"$i":"no-ringtones","$v":"रिंसारथिफोर गैया"},{"$i":"no-ringtones-warning","$v":"रिंटन दाजाबनो थाखाय \"Add\" सायख' ।"}]