{
    "en-US": {
     "title":"LYF Privacy Notice",
     "content1":"Please note that if LYF Privacy setting is on, there may be a change to the additional information. To review related policy, please refer LYF License & Terms. "
    },
    "hi-IN": {
     "title":"एलआईएफ गोपनीयता सूचना",
     "content1":"कृपया ध्यान दें कि यदि एलआईएफ गोपनीयता सेटिंग चालू है, तो अतिरिक्त जानकारी में बदलाव हो सकता है। संबंधित नीति की समीक्षा करने के लिए, कृपया एलआईएफ लाइसेंस और शर्तें देखें"
    }    
}